Date,Open,High,Low,Close,Volume,Change
2022-01-03,41750,43800,40200,40550,178589,-0.019347037484885088
2022-01-04,40600,45050,40600,44600,383258,0.09987669543773126
2022-01-05,43850,53100,43350,50300,812408,0.12780269058295968
2022-01-06,49300,52200,49150,51500,454305,0.02385685884691857
2022-01-07,52200,53400,48000,52000,281325,0.009708737864077666
2022-01-10,51700,54200,51000,52200,218695,0.0038461538461538325
2022-01-11,52100,62000,51000,56000,568290,0.07279693486590033
2022-01-12,55000,61300,53900,57900,397324,0.03392857142857153
2022-01-13,58500,73500,57800,70400,1211095,0.21588946459412783
2022-01-14,71000,71300,65100,69600,510768,-0.011363636363636354
2022-01-17,67400,68200,60600,63000,392020,-0.09482758620689657
2022-01-18,61200,71800,61200,65700,740883,0.04285714285714293
2022-01-19,63700,68000,61600,66200,201768,0.007610350076103556
2022-01-20,67100,72100,65800,71300,418226,0.07703927492447127
2022-01-21,70000,71300,63500,64600,327879,-0.09396914446002802
2022-01-24,62400,65100,60700,63400,155590,-0.018575851393188847
2022-01-25,65200,65700,60500,61400,159191,-0.03154574132492116
2022-01-26,61000,63900,58500,61700,176396,0.004885993485342022
2022-01-27,62400,66600,58500,59800,209650,-0.030794165316045397
2022-01-28,59000,60100,55700,58100,175886,-0.02842809364548493
2022-02-03,59400,60400,56600,56700,111235,-0.02409638554216864
2022-02-04,56100,58800,55700,58200,112624,0.02645502645502651
2022-02-07,58200,58900,56700,57100,68557,-0.018900343642611728
2022-02-08,57700,58200,53900,54100,97316,-0.0525394045534151
2022-02-09,54600,56100,54100,55500,57204,0.025878003696857776
2022-02-10,55500,57700,55100,56700,82612,0.021621621621621623
2022-02-11,55200,55600,51900,52500,175233,-0.07407407407407407
2022-02-14,50900,52500,50900,51700,65638,-0.015238095238095273
2022-02-15,51900,51900,49250,49600,67788,-0.04061895551257255
2022-02-16,50300,54200,50300,53400,144281,0.0766129032258065
2022-02-17,53200,53900,49000,52400,67783,-0.01872659176029967
2022-02-18,50900,52400,50700,51200,45363,-0.022900763358778664
2022-02-21,50600,51000,49550,50800,27283,-0.0078125
2022-02-22,49400,51400,49350,49950,43425,-0.0167322834645669
2022-02-23,50200,51100,49500,50100,44199,0.0030030030030030463
2022-02-24,49350,50100,47200,47200,76191,-0.05788423153692612
2022-02-25,48900,49400,47700,48700,42390,0.03177966101694918
2022-02-28,48400,51900,48400,50400,64994,0.03490759753593431
2022-03-02,49850,51300,49850,51000,29988,0.011904761904761862
2022-03-03,51800,52800,50900,52000,45441,0.019607843137254832
2022-03-04,52000,54000,51400,53100,71780,0.02115384615384608
2022-03-07,52300,54100,52300,53700,69629,0.011299435028248483
2022-03-08,53100,53200,50800,51500,53905,-0.040968342644320255
2022-03-10,51900,52800,51100,51300,29625,-0.003883495145631022
2022-03-11,51300,51300,48400,48900,101419,-0.04678362573099415
2022-03-14,48600,50000,45250,45900,101845,-0.06134969325153372
2022-03-15,45650,46700,45250,46600,43157,0.015250544662309462
2022-03-16,47100,54500,47050,49700,170889,0.0665236051502145
2022-03-17,50800,54600,50800,53400,159508,0.07444668008048283
2022-03-18,53000,56000,51600,55100,129083,0.03183520599250933
2022-03-21,55800,56000,54000,54400,48842,-0.012704174228675091
2022-03-22,55000,55300,54200,54900,26467,0.009191176470588314
2022-03-23,55300,57800,54400,54700,60852,-0.0036429872495445936
2022-03-24,53900,54600,53400,54500,24962,-0.003656307129798919
2022-03-25,55200,56000,54200,54600,28693,0.0018348623853210455
2022-03-28,54600,54600,52900,53200,51137,-0.02564102564102566
2022-03-29,54000,55400,53500,53800,29915,0.011278195488721776
2022-03-30,54900,54900,52200,52600,45919,-0.022304832713754608
2022-03-31,52700,53200,52000,52400,34109,-0.0038022813688213253
2022-04-01,52300,52700,50300,51600,58245,-0.01526717557251911
2022-04-04,51500,52200,50300,51900,39674,0.005813953488372103
2022-04-05,51900,51900,50300,51000,58932,-0.017341040462427793
2022-04-06,50900,52100,50300,51200,41695,0.0039215686274509665
2022-04-07,50500,50500,49450,49750,57780,-0.0283203125
2022-04-08,49750,50500,49250,50000,57420,0.005025125628140614
2022-04-11,50000,50000,48550,48850,36381,-0.02300000000000002
2022-04-12,48400,49800,46200,49000,33199,0.003070624360286489
2022-04-13,49000,51200,49000,50200,38460,0.02448979591836742
2022-04-14,50600,50600,49100,49100,37340,-0.021912350597609542
2022-04-15,48800,49500,48100,49300,18197,0.004073319755600879
2022-04-18,48800,49300,48350,49000,23987,-0.006085192697768749
2022-04-19,48500,49800,48450,49350,34241,0.0071428571428571175
2022-04-20,49900,51700,49400,51100,67125,0.03546099290780136
2022-04-21,51100,51100,50100,50400,33726,-0.013698630136986356
2022-04-22,49800,50200,49050,49250,38464,-0.022817460317460347
2022-04-25,48150,48600,47050,47200,55026,-0.04162436548223347
2022-04-26,47750,48200,47300,47950,27108,0.01588983050847448
2022-04-27,47000,48550,46850,47900,32187,-0.0010427528675703845
2022-04-28,48450,48450,47050,47100,26037,-0.01670146137787054
2022-04-29,47000,47850,47000,47500,17938,0.00849256900212314
2022-05-02,47000,47300,46800,46900,21097,-0.012631578947368438
2022-05-03,47300,49300,46950,48700,43442,0.03837953091684443
2022-05-04,48700,49250,48350,48450,23138,-0.005133470225872738
2022-05-06,48400,48450,47250,47600,19203,-0.01754385964912286
2022-05-09,47600,47600,46200,46300,30961,-0.027310924369747913
2022-05-10,45800,46750,44500,46400,23549,0.002159827213822796
2022-05-11,46700,47050,45300,45500,20593,-0.0193965517241379
2022-05-12,45000,45000,43150,43300,40029,-0.0483516483516484
2022-05-13,43000,46200,43000,46200,28156,0.06697459584295617
2022-05-16,47000,49800,46200,48700,87183,0.05411255411255422
2022-05-17,49100,53800,48500,52300,154482,0.07392197125256672
2022-05-18,53200,55700,52100,52300,99674,0.0
2022-05-19,51400,57400,50600,56600,214997,0.08221797323135749
2022-05-20,56600,61500,56600,58600,231510,0.035335689045936425
2022-05-23,59400,60200,56700,58700,89402,0.0017064846416381396
2022-05-24,58200,58400,55100,55100,121253,-0.061328790459965976
2022-05-25,54800,55900,54000,55000,68107,-0.001814882032667886
2022-05-26,55000,56700,54500,55300,59875,0.005454545454545379
2022-05-27,57400,57400,54400,54400,63265,-0.016274864376130238
2022-05-30,55100,55300,53800,54400,31995,0.0
2022-05-31,54500,55400,53700,54400,38991,0.0
2022-06-02,53800,54100,53000,53200,27309,-0.022058823529411797
2022-06-03,53700,54800,53200,53600,33513,0.007518796992481258
2022-06-07,53600,53600,51100,51800,60885,-0.03358208955223885
2022-06-08,51800,52300,50700,50900,23618,-0.01737451737451734
2022-06-09,50900,51300,50000,50500,20299,-0.007858546168958758
2022-06-10,50100,50300,49100,49400,37359,-0.0217821782178218
2022-06-13,48500,48500,47250,47350,45372,-0.041497975708502
2022-06-14,45800,49000,45800,48950,63046,0.0337909186906018
2022-06-15,48900,48900,47150,47750,42578,-0.024514811031664974
2022-06-16,48100,49650,47950,48050,51761,0.006282722513089034
2022-06-17,46900,48550,46650,48550,28339,0.010405827263267442
2022-06-20,48900,49050,45600,46650,51078,-0.03913491246138001
2022-06-21,46700,47250,46050,47100,24321,0.009646302250803762
2022-06-22,47000,47600,44100,44100,47539,-0.06369426751592355
2022-06-23,44000,45050,41500,42050,45303,-0.046485260770975034
2022-06-24,42100,43900,41850,43850,35955,0.04280618311533879
2022-06-27,44350,45650,44250,45300,22158,0.033067274800456126
2022-06-28,45350,46400,45150,46100,29042,0.017660044150110465
2022-06-29,45350,46500,45100,45900,18711,-0.004338394793926281
2022-06-30,46200,46200,42550,43100,51276,-0.061002178649237515
2022-07-01,43100,43900,41150,41600,39564,-0.03480278422273786
2022-07-04,41700,41900,39900,41000,24814,-0.014423076923076872
2022-07-05,41250,42500,41050,41700,19441,0.017073170731707332
2022-07-06,42000,42000,39950,40300,25211,-0.033573141486810565
2022-07-07,40600,41350,40450,40750,13896,0.011166253101736912
2022-07-08,41450,42350,41000,41350,23876,0.014723926380368013
2022-07-11,41500,41500,40450,40600,21335,-0.01813784764207982
2022-07-12,40150,40350,38950,39100,29592,-0.036945812807881784
2022-07-13,38950,39800,38500,39750,21186,0.01662404092071612
2022-07-14,39650,41200,39600,40400,22461,0.01635220125786163
2022-07-15,40600,40600,39650,40050,13080,-0.008663366336633671
2022-07-18,40450,40800,39900,40600,14552,0.013732833957553092
2022-07-19,40600,41500,40150,40850,13803,0.006157635467980205
2022-07-20,41700,42000,40850,40850,19677,0.0
2022-07-21,40950,41850,40850,41300,15937,0.01101591187270512
2022-07-22,41550,46450,41550,45450,177701,0.1004842615012107
2022-07-25,45700,48200,45300,47100,95904,0.03630363036303641
2022-07-26,47550,47550,45450,45750,53089,-0.0286624203821656
2022-07-27,45750,46000,44100,44500,54441,-0.02732240437158473
2022-07-28,45400,46000,44200,45500,65472,0.022471910112359605
2022-07-29,47200,47550,46000,46000,86791,0.01098901098901095
2022-08-01,46800,49850,46650,48800,123154,0.0608695652173914
2022-08-02,49450,49450,47800,48950,50557,0.0030737704918033515
2022-08-03,48700,49200,48000,49000,46678,0.0010214504596526286
2022-08-04,49000,49050,48300,48400,36190,-0.01224489795918371
2022-08-05,48200,48700,47500,47600,39685,-0.016528925619834656
2022-08-08,47500,48350,47200,47750,26764,0.0031512605042016695
2022-08-09,47750,47750,45800,46050,58816,-0.03560209424083771
2022-08-10,46050,48100,45900,46850,48372,0.017372421281216077
2022-08-11,48400,48900,47550,47900,61420,0.022411953041622246
2022-08-12,47900,56200,47600,54000,419141,0.12734864300626314
2022-08-16,55000,55600,53200,53300,153829,-0.012962962962962954
2022-08-17,54000,57400,53200,54400,256930,0.02063789868667909
2022-08-18,53900,55800,53400,54200,90216,-0.003676470588235281
2022-08-19,55100,57700,54600,55900,226423,0.03136531365313644
2022-08-22,55400,55600,53300,54200,126936,-0.030411449016100156
2022-08-23,53600,55500,52200,55400,106893,0.022140221402213944
2022-08-24,55500,62600,55000,62400,442840,0.12635379061371843
2022-08-25,62700,63700,61800,62000,148926,-0.0064102564102563875
2022-08-26,62500,67200,61000,61900,242271,-0.001612903225806428
2022-08-29,60000,60900,57500,60500,165659,-0.022617124394184174
2022-08-30,60000,65000,60000,63500,223293,0.04958677685950419
2022-08-31,63700,66000,62300,63100,112551,-0.006299212598425252
2022-09-01,63100,64300,59900,59900,136177,-0.05071315372424723
2022-09-02,60200,61800,58200,59900,116748,0.0
2022-09-05,59900,60500,57700,59400,90878,-0.008347245409014992
2022-09-06,59400,61200,58700,61200,81178,0.030303030303030276
2022-09-07,61800,64000,61300,64000,191508,0.045751633986928164
2022-09-08,64800,65600,63100,63600,148500,-0.006249999999999978
2022-09-13,64700,65000,62100,62800,109114,-0.012578616352201255
2022-09-14,60500,64600,59900,63500,152286,0.011146496815286566
2022-09-15,63500,66900,62700,65800,240623,0.03622047244094495
2022-09-16,65400,67800,62200,62200,159351,-0.054711246200607855
2022-09-19,62200,62500,57400,57700,136213,-0.072347266881029
2022-09-20,58200,59400,57200,57700,60480,0.0
2022-09-21,57700,58400,55800,56700,71742,-0.017331022530329254
2022-09-22,56200,58400,55100,58000,94615,0.022927689594356204
2022-09-23,57500,58700,53800,55000,84789,-0.051724137931034475
2022-09-26,53800,54500,50700,51300,115342,-0.06727272727272726
2022-09-27,50700,52100,49600,51600,61961,0.005847953216374213
2022-09-28,51800,51800,47000,48700,78938,-0.05620155038759689
2022-09-29,50000,50500,47550,47550,55740,-0.02361396303901442
2022-09-30,46200,49200,46200,48200,70550,0.013669821240799074
2022-10-04,49400,56000,48650,54500,105306,0.13070539419087135
2022-10-05,57200,61000,53900,56100,171392,0.029357798165137616
2022-10-06,56300,60500,56300,58000,122797,0.033868092691622165
2022-10-07,58000,58400,56100,57200,71084,-0.01379310344827589
2022-10-11,55300,55400,52700,53500,68388,-0.06468531468531469
2022-10-12,53900,54600,52700,53800,31015,0.005607476635514086
2022-10-13,53400,53800,51200,51400,43936,-0.044609665427509326
2022-10-14,53100,54000,52100,53200,41097,0.035019455252918386
2022-10-17,51800,54400,51300,54300,52582,0.020676691729323293
2022-10-18,55500,56300,53300,56200,62448,0.03499079189686927
2022-10-19,56500,59100,55000,56700,100116,0.008896797153024938
2022-10-20,57000,58000,55000,55400,42243,-0.022927689594356315
2022-10-21,56900,59300,56700,58200,127538,0.05054151624548742
2022-10-24,58800,59300,57600,57600,63322,-0.010309278350515427
2022-10-25,58500,59800,55700,56400,96447,-0.02083333333333337
2022-10-26,57200,59400,55900,56100,82935,-0.005319148936170248
2022-10-27,57200,58300,56600,57800,69887,0.030303030303030276
2022-10-28,58200,60400,57200,59200,126618,0.02422145328719716
2022-10-31,61200,61800,59700,60500,78611,0.02195945945945943
2022-11-01,60500,63000,60100,61100,97544,0.009917355371900749
2022-11-02,61100,62000,58300,59600,88890,-0.02454991816693941
2022-11-03,58000,61800,57700,61700,73045,0.03523489932885915
2022-11-04,61800,62700,60200,61700,70165,0.0
2022-11-07,61700,62300,59700,59900,70678,-0.02917341977309562
2022-11-08,60500,60700,58200,60300,61223,0.006677796327211993
2022-11-09,60300,61400,59600,60900,69151,0.00995024875621886
2022-11-10,60000,61500,59500,60000,68880,-0.014778325123152691
2022-11-11,61500,62000,59900,60000,84534,0.0
2022-11-14,59900,60800,58100,58500,97514,-0.025000000000000022
2022-11-15,59100,59100,56200,56400,123363,-0.03589743589743588
2022-11-16,56900,57000,55200,56000,58463,-0.007092198581560294
2022-11-17,55800,57100,55000,56700,44873,0.012499999999999956
2022-11-18,57100,58600,56400,56600,88316,-0.0017636684303351524
2022-11-21,56700,57700,55300,56300,63358,-0.005300353356890497
2022-11-22,56600,60400,56400,58300,148422,0.035523978685612745
2022-11-23,58300,58800,57700,58300,39580,0.0
2022-11-24,63000,75700,61200,75700,2123274,0.29845626072041176
2022-11-25,77500,84300,76600,79800,2432926,0.05416116248348746
2022-11-28,79500,81400,78900,79900,512565,0.0012531328320801727
2022-11-29,81000,89900,77400,85100,1747881,0.06508135168961204
2022-11-30,85300,86600,83900,86300,278287,0.014101057579318343
2022-12-01,85300,85300,82000,84000,302102,-0.02665121668597914
2022-12-02,83300,86000,80500,82600,298972,-0.01666666666666672
2022-12-05,82300,82400,76600,76900,308747,-0.06900726392251821
2022-12-06,76400,77600,74200,74900,203167,-0.026007802340702213
2022-12-07,74600,75600,73700,74500,139140,-0.005340453938584733
2022-12-08,75400,75900,71300,75000,343131,0.006711409395973256
2022-12-09,75100,75200,71600,71800,206059,-0.04266666666666663
2022-12-12,71600,73300,69500,72700,134562,0.012534818941504211
2022-12-13,72700,74300,69800,69800,140007,-0.0398899587345255
2022-12-14,70300,71900,69600,71600,76809,0.025787965616045794
2022-12-15,70500,72000,67800,68300,148469,-0.0460893854748603
2022-12-16,67300,69000,67100,68900,75583,0.008784773060029227
2022-12-19,68600,72000,68000,69700,148034,0.011611030478954953
2022-12-20,69900,71500,68000,68500,115590,-0.017216642754662836
2022-12-21,70000,72000,69300,70100,177681,0.023357664233576658
2022-12-22,70500,72200,68900,68900,133037,-0.01711840228245365
2022-12-23,68100,68800,66100,66100,120521,-0.04063860667634256
2022-12-26,66000,66700,65200,66100,70378,0.0
2022-12-27,66500,67600,65500,66900,70828,0.012102874432677657
2022-12-28,66300,68400,65100,65200,82492,-0.025411061285500747
2022-12-29,65300,65600,62900,63600,76918,-0.024539877300613466
2023-01-02,63700,66500,63600,63900,79800,0.004716981132075526
2023-01-03,64200,65300,61500,64200,86484,0.0046948356807512415
2023-01-04,63300,64300,61800,64000,53324,-0.0031152647975077885
2023-01-05,64900,67000,61800,62100,179336,-0.029687499999999978
2023-01-06,61500,62700,61400,61900,60776,-0.0032206119162641045
2023-01-09,62700,64500,62500,64500,55173,0.042003231017770704
2023-01-10,65000,66500,63500,63600,71720,-0.013953488372092981
2023-01-11,64300,65000,63700,64700,53248,0.01729559748427678
2023-01-12,65700,68000,64800,66900,118690,0.03400309119010814
2023-01-13,67500,67600,65900,66500,54632,-0.005979073243647215
2023-01-16,66600,66600,64600,64700,67112,-0.02706766917293235
2023-01-17,64800,65500,63300,63300,58109,-0.021638330757341562
2023-01-18,63800,64200,62100,62400,47630,-0.014218009478673022
2023-01-19,62600,62900,61600,61700,49344,-0.011217948717948678
2023-01-20,62000,64300,61400,64300,55080,0.04213938411669371
2023-01-25,65000,66900,64400,65800,86989,0.023328149300155587
2023-01-26,66200,69100,65500,69000,155841,0.04863221884498481
2023-01-27,70800,71000,67800,67800,139395,-0.017391304347826098
2023-01-30,68600,68800,66700,67200,98954,-0.008849557522123908
2023-01-31,67200,68400,66400,66700,75103,-0.007440476190476164
2023-02-01,67100,71100,67100,70700,181708,0.05997001499250376
2023-02-02,71300,71500,68800,70500,147124,-0.0028288543140028155
2023-02-03,70500,70900,69200,69600,73330,-0.012765957446808529
2023-02-06,69900,71100,69300,69900,88466,0.004310344827586299
2023-02-07,70000,73700,69900,71700,238377,0.025751072961373467
2023-02-08,73500,75400,66500,68200,2001362,-0.04881450488145045
2023-02-09,69600,71300,68000,68900,806001,0.01026392961876832
2023-02-10,67400,67600,63500,64100,654958,-0.06966618287373005
2023-02-13,63900,68100,63100,67400,556133,0.05148205928237126
2023-02-14,67900,68000,65300,66300,232487,-0.016320474777448024
2023-02-15,66800,68000,64400,64500,364434,-0.02714932126696834
2023-02-16,65100,67500,64300,66900,280540,0.037209302325581506
2023-02-17,65500,68000,65300,66000,239970,-0.013452914798206317
2023-02-20,66400,71900,63000,67800,1177260,0.027272727272727337
2023-02-21,65000,66100,61800,62000,815835,-0.08554572271386429
2023-02-22,60100,62000,58200,58800,537112,-0.05161290322580647
2023-02-23,58700,59900,58300,59000,211266,0.00340136054421758
2023-02-24,59000,59400,57000,57300,249611,-0.028813559322033888
2023-02-27,57200,60400,56600,59700,242345,0.041884816753926746
2023-02-28,60500,60600,58400,60300,140857,0.01005025125628145
2023-03-02,61000,62500,59100,60500,325409,0.0033167495854062867
2023-03-03,61000,64000,60600,63900,475278,0.056198347107438096
2023-03-06,64700,66000,64000,65700,383567,0.028169014084507005
2023-03-07,65700,69600,64600,66500,498109,0.0121765601217656
2023-03-08,66100,70600,65100,69500,915736,0.04511278195488733
2023-03-09,70300,74500,66500,73000,952410,0.050359712230215736
2023-03-10,70600,72500,68900,70100,569817,-0.03972602739726028
2023-03-13,78100,81400,72800,73500,2248436,0.04850213980028539
2023-03-14,71500,71800,65000,65400,905592,-0.11020408163265305
2023-03-15,67300,69400,66100,67700,425026,0.03516819571865448
2023-03-16,66100,69100,65700,67800,299999,0.001477104874446189
2023-03-17,68500,68700,64300,65000,366518,-0.041297935103244865
2023-03-20,64200,72900,63900,70300,701884,0.08153846153846156
2023-03-21,70800,85500,70300,82900,4058610,0.17923186344238973
2023-03-22,85600,96200,83500,89100,3794503,0.07478890229191792
2023-03-23,88300,94300,81400,85200,1789164,-0.043771043771043794
2023-03-24,88000,88400,79500,83600,1090618,-0.018779342723004744
2023-03-27,83000,88000,82900,84600,918649,0.011961722488038173
2023-03-28,85700,86500,80200,82500,480043,-0.024822695035460973
2023-03-29,81900,85900,81500,83200,458210,0.00848484848484854
2023-03-30,83000,84000,77200,77300,710245,-0.07091346153846156
2023-03-31,76700,79100,76200,77400,321229,0.001293661060802087
2023-04-03,79300,88600,78400,85600,1466049,0.10594315245478025
2023-04-04,83900,84700,79300,79800,506265,-0.06775700934579443
2023-04-05,79800,81800,78700,80500,318271,0.00877192982456143
2023-04-06,80500,80700,77500,78300,293838,-0.027329192546583836
2023-04-07,79000,83000,79000,82400,593278,0.0523627075351214
2023-04-10,83700,87300,81000,82700,826669,0.00364077669902918
2023-04-11,83200,83200,78500,80400,342729,-0.027811366384522418
2023-04-12,80000,80000,74000,74000,508938,-0.07960199004975121
2023-04-13,72400,76100,70200,75500,271104,0.020270270270270174
2023-04-14,76800,77000,75000,75700,358223,0.0026490066225166586
2023-04-17,76200,78800,74100,76300,197306,0.00792602377807139
2023-04-18,77900,79800,76300,78300,377981,0.026212319790301475
2023-04-19,79000,82600,77500,77500,436219,-0.010217113665389577
2023-04-20,76000,79000,72500,72500,369409,-0.06451612903225812
2023-04-21,71600,72700,69400,70000,193895,-0.03448275862068961
2023-04-24,69500,71300,67200,68300,213079,-0.024285714285714244
2023-04-25,67700,68400,63500,64800,271384,-0.051244509516837455
2023-04-26,63900,65200,62300,62500,182814,-0.035493827160493874
2023-04-27,61800,64200,61600,64100,146736,0.025600000000000067
2023-04-28,64900,65400,61900,62000,158700,-0.032761310452418146
2023-05-02,62000,64500,62000,64000,103404,0.032258064516129004
2023-05-03,63300,65100,62300,63300,95821,-0.010937500000000044
2023-05-04,63400,67500,62300,66000,191489,0.042654028436019065
2023-05-08,67000,67000,65100,65600,83812,-0.0060606060606061
2023-05-09,64600,66500,62700,63300,102838,-0.03506097560975607
2023-05-10,63000,64700,60900,61000,110411,-0.0363349131121643
2023-05-11,61200,62700,60000,60700,92600,-0.004918032786885296
2023-05-12,60300,61400,60200,60800,54171,0.0016474464579900872
2023-05-15,60300,60500,58000,59200,102978,-0.02631578947368418
2023-05-16,59600,60900,58400,59400,70200,0.0033783783783782884
2023-05-17,59300,61000,58500,60200,84280,0.013468013468013407
2023-05-18,61500,62800,61000,61900,84232,0.028239202657807327
2023-05-19,62600,62600,60400,61000,62134,-0.014539579967689842
2023-05-22,61400,62000,59500,61900,65314,0.014754098360655776
2023-05-23,62500,64000,62200,62900,108617,0.016155088852988664
2023-05-24,63400,64500,62300,63100,71957,0.0031796502384737746
2023-05-25,62900,63100,60700,61800,59254,-0.020602218700475405
2023-05-26,61800,62000,60500,60600,47327,-0.01941747572815533
2023-05-30,60900,61500,60100,61400,96997,0.013201320132013139
2023-05-31,56700,57400,55700,55700,395812,-0.09283387622149841
2023-06-01,55100,55600,53000,53200,246846,-0.044883303411131115
2023-06-02,53200,66900,53100,62200,2214779,0.16917293233082709
2023-06-05,63600,64900,61600,62600,493854,0.006430868167202508
2023-06-07,63200,64000,62600,63800,244211,0.019169329073482455
2023-06-08,63000,63500,61400,61800,192787,-0.031347962382445194
2023-06-09,62800,63000,61100,62700,135182,0.014563106796116498
2023-06-12,62500,63900,61600,63100,146788,0.006379585326953707
2023-06-13,64000,64400,62300,63800,189393,0.011093502377178988
2023-06-14,63500,64100,60400,61200,221187,-0.040752351097178674
2023-06-15,61300,62300,58600,60000,144000,-0.019607843137254943
2023-06-16,60800,60800,59500,59900,77798,-0.0016666666666667052
2023-06-19,59600,60100,58500,59900,79989,0.0
2023-06-20,59900,59900,58500,58800,67749,-0.018363939899833093
2023-06-21,58600,59400,57400,57800,64958,-0.017006802721088454
2023-06-22,57100,58400,57100,57800,49745,0.0
2023-06-23,58100,58300,56100,56500,61638,-0.02249134948096887
2023-06-26,56300,56700,55400,55900,65782,-0.010619469026548645
2023-06-27,55300,55700,53900,54900,96331,-0.017889087656529523
2023-06-28,55600,56600,53800,53800,73033,-0.02003642987249543
2023-06-29,53800,54800,53200,53500,63150,-0.005576208178438624
2023-06-30,53600,55700,53100,55400,57666,0.03551401869158877
2023-07-03,56100,57200,54500,56500,83104,0.019855595667870096
2023-07-04,57000,57000,55200,55700,58198,-0.01415929203539823
2023-07-05,55400,57000,55100,56400,71864,0.012567324955116588
2023-07-06,57600,57600,55100,55500,68078,-0.015957446808510634
2023-07-07,54600,55500,53900,54300,54478,-0.021621621621621623
2023-07-10,53800,54300,50000,52100,131612,-0.04051565377532229
2023-07-11,52100,56400,52000,55000,102691,0.05566218809980805
2023-07-12,55600,55700,54000,54500,61721,-0.009090909090909038
2023-07-13,54600,54800,52600,52600,99712,-0.034862385321100864
2023-07-14,53200,53500,51800,53100,64664,0.009505703422053147
2023-07-17,53000,53300,51900,53100,66695,0.0
2023-07-18,53200,54100,51900,53500,175149,0.007532956685499137
2023-07-19,53600,54000,52100,52300,112519,-0.02242990654205612
2023-07-20,52300,56400,51600,54300,251740,0.03824091778202687
2023-07-21,54000,57100,53300,55500,216251,0.022099447513812098
2023-07-24,55400,57200,53500,55000,241690,-0.009009009009009028
2023-07-25,55300,57400,52800,53000,195753,-0.036363636363636376
2023-07-26,53500,54300,48600,49200,315293,-0.07169811320754715
2023-07-27,48500,49700,44950,45900,247905,-0.06707317073170727
2023-07-28,45600,46700,45000,46300,121364,0.008714596949890963
2023-07-31,46300,49200,46300,48450,119120,0.04643628509719222
2023-08-01,49200,49550,47500,48200,70887,-0.00515995872033026
2023-08-02,48400,51900,48100,48250,168924,0.0010373443983402453
2023-08-03,49150,49250,47250,48000,80450,-0.005181347150259086
2023-08-04,48100,48950,47850,48100,43728,0.002083333333333437
2023-08-07,48100,48350,45700,46100,71748,-0.04158004158004158
2023-08-08,46100,47000,45250,45350,61963,-0.01626898047722347
2023-08-09,45150,47250,44600,46950,57823,0.03528114663726578
2023-08-10,46800,46950,46000,46200,30296,-0.015974440894568676
2023-08-11,46200,46200,45050,45450,52810,-0.016233766233766267
2023-08-14,45450,45900,43800,44350,68450,-0.024202420242024236
2023-08-16,43500,43600,41850,41950,106069,-0.054114994363021474
2023-08-17,41050,42550,40450,42050,105692,0.0023837902264600697
2023-08-18,41100,42550,41050,41350,65566,-0.01664684898929847
2023-08-21,41350,43150,41250,42750,63502,0.033857315598548876
2023-08-22,42950,43350,41550,41850,47397,-0.021052631578947323
2023-08-23,42300,42300,40700,40800,50081,-0.02508960573476704
2023-08-24,41300,42800,41300,42600,61778,0.044117647058823595
2023-08-25,42100,43100,41600,42550,42471,-0.0011737089201877549
2023-08-28,43000,43350,42150,43300,35551,0.01762632197414815
2023-08-29,43650,44100,43200,43300,32645,0.0
2023-08-30,44100,44700,43400,43750,52139,0.010392609699769073
2023-08-31,44100,45200,43400,43450,42206,-0.006857142857142895
2023-09-01,43650,44100,43100,43500,37467,0.0011507479861909697
2023-09-04,42900,44300,42850,43700,28892,0.0045977011494253706
2023-09-05,43700,44250,43050,43900,27450,0.004576659038901587
2023-09-06,44300,44650,43000,43250,37726,-0.014806378132118492
2023-09-07,42600,43100,41700,41750,42196,-0.034682080924855474
2023-09-08,41350,42100,41150,41650,27028,-0.0023952095808382756
2023-09-11,41650,41650,40650,40900,37223,-0.01800720288115243
2023-09-12,41300,41500,39450,39550,74794,-0.0330073349633252
2023-09-13,39200,39550,38300,38400,56669,-0.029077117572692823
2023-09-14,38250,39100,38250,38800,34314,0.01041666666666674
2023-09-15,38800,39700,38650,38900,37397,0.002577319587628857
2023-09-18,38950,39550,38700,38700,33847,-0.005141388174807249
2023-09-19,38700,39100,37300,37350,54454,-0.03488372093023251
2023-09-20,37450,38000,36850,37850,32148,0.01338688085676032
2023-09-21,37700,37700,35850,36000,64242,-0.04887714663143994
2023-09-22,35500,36300,35050,36000,48835,0.0
2023-09-25,35250,35800,34450,34650,53985,-0.03749999999999998
2023-09-26,34350,35400,33900,34000,47997,-0.018759018759018753
2023-09-27,33300,34800,33300,34800,27544,0.0235294117647058
2023-10-04,34300,34300,32200,32500,58457,-0.06609195402298851
2023-10-05,32550,33400,31950,32100,50262,-0.012307692307692353
2023-10-06,31150,32850,31150,32100,30546,0.0
2023-10-10,32000,32950,31000,31450,59102,-0.02024922118380057
2023-10-11,31500,32550,31500,32500,37777,0.03338632750397452
2023-10-12,32600,33300,32300,33000,35856,0.01538461538461533
2023-10-13,33300,33350,31750,32000,28491,-0.030303030303030276
2023-10-16,31800,31850,30800,31300,42652,-0.021874999999999978
2023-10-17,31350,32700,31350,32300,34676,0.03194888178913735
2023-10-18,32000,33050,31600,31600,33758,-0.021671826625387025
2023-10-19,31450,31450,30050,30100,40107,-0.04746835443037978
2023-10-20,29200,30450,28100,28800,78261,-0.04318936877076407
2023-10-23,28300,29750,28300,28500,44299,-0.01041666666666663
2023-10-24,28500,29550,27500,29450,46347,0.03333333333333344
2023-10-25,29450,29650,27950,28450,29592,-0.03395585738539897
2023-10-26,27350,27600,25950,26250,57823,-0.0773286467486819
2023-10-27,26150,27250,26000,26700,57544,0.017142857142857126
2023-10-30,26450,27550,26450,26900,28902,0.0074906367041198685
2023-10-31,27500,27500,25400,25700,42758,-0.044609665427509326
2023-11-01,25900,26550,25600,25750,20416,0.0019455252918287869
2023-11-02,26150,27000,26150,26900,31239,0.044660194174757306
2023-11-03,27350,27800,26700,27700,30581,0.029739776951672958
2023-11-06,28800,31000,28550,30800,144432,0.11191335740072206
2023-11-07,30450,30750,28700,29450,69912,-0.043831168831168776
2023-11-08,30300,38250,30150,30850,2567156,0.04753820033955858
2023-11-09,30050,30050,28500,29150,276184,-0.05510534846029169
2023-11-10,28250,28650,27450,27450,110743,-0.05831903945111494
2023-11-13,27200,27600,26700,26700,57272,-0.02732240437158473
2023-11-14,26700,27700,26700,27350,74860,0.02434456928838946
2023-11-15,28150,28650,27650,27950,112582,0.021937842778793515
2023-11-16,27850,28450,27350,28050,39916,0.003577817531305927
2023-11-17,28050,28100,26950,27200,67854,-0.030303030303030276
2023-11-20,27500,29650,27350,29200,121886,0.07352941176470584
2023-11-21,29500,29800,28850,29650,77723,0.015410958904109595
2023-11-22,29100,29950,29100,29350,37755,-0.010118043844856706
2023-11-23,29500,30300,29400,29650,48738,0.010221465076660996
2023-11-24,29900,30000,29250,29650,38069,0.0
2023-11-27,29600,29650,28800,28950,36926,-0.02360876897133224
2023-11-28,28950,29450,28800,28800,38249,-0.005181347150259086
2023-11-29,29250,29450,28800,29400,37583,0.02083333333333326
2023-11-30,29400,30550,29150,29950,66384,0.018707482993197244
2023-12-01,30100,30100,28900,28900,51465,-0.035058430717863076
2023-12-04,29200,30950,28900,30150,115475,0.04325259515570945
2023-12-05,29950,31050,29000,29200,107479,-0.031509121061359835
2023-12-06,29050,29850,28850,29650,39918,0.015410958904109595
2023-12-07,29650,30250,29400,29700,52530,0.001686340640809414
2023-12-08,30000,30500,29850,30150,52942,0.015151515151515138
2023-12-11,30350,30700,30000,30000,59220,-0.00497512437810943
2023-12-12,30050,30500,29600,30450,42568,0.014999999999999902
2023-12-13,30200,30450,29000,29050,77175,-0.04597701149425293
2023-12-14,29200,30300,29200,29800,44369,0.025817555938037806
2023-12-15,30200,37150,30000,32550,1025600,0.09228187919463093
2023-12-18,32300,33400,32050,32550,128094,0.0
2023-12-19,32700,34150,31950,32850,173419,0.009216589861751112
2023-12-20,32850,33950,32700,33200,102059,0.010654490106544845
2023-12-21,32550,33450,31750,32950,65563,-0.0075301204819276935
2023-12-22,33400,33850,32550,32700,78231,-0.007587253414264028
2023-12-26,32450,32500,31100,31150,64086,-0.04740061162079512
2023-12-27,31150,32950,31150,32700,65429,0.049759229534510396
2023-12-28,32650,32950,32000,32200,40938,-0.015290519877675823
2024-01-02,32400,32400,31350,32150,50866,-0.0015527950310558758
2024-01-03,31800,32000,31500,31800,32779,-0.010886469673405896
2024-01-04,31550,31800,31050,31150,35713,-0.020440251572327095
2024-01-05,31000,32300,31000,31550,38398,0.01284109149277679
2024-01-08,31550,31800,31200,31500,25929,-0.0015847860538826808
2024-01-09,31600,32500,31600,31750,37186,0.007936507936507908
2024-01-10,31900,31900,30900,31000,37965,-0.023622047244094446
2024-01-11,31000,31450,31000,31000,32303,0.0
2024-01-12,31000,31000,30000,30200,41236,-0.02580645161290318
2024-01-15,30000,30600,29550,30000,41039,-0.0066225165562914245
2024-01-16,29750,30600,29700,30250,26353,0.008333333333333304
2024-01-17,30200,30450,29300,29350,49695,-0.02975206611570247
2024-01-18,29250,29800,29000,29200,24460,-0.005110732538330498
2024-01-19,29200,30000,29100,29250,24653,0.001712328767123239
2024-01-22,29250,29700,28100,28550,42514,-0.023931623931623958
2024-01-23,28000,28800,27850,28050,25364,-0.017513134851138368
2024-01-24,27900,28200,27300,27500,29014,-0.019607843137254943
2024-01-25,27400,27400,26300,26800,49560,-0.025454545454545507
2024-01-26,26400,27600,26350,27500,28809,0.026119402985074647
2024-01-29,27900,28200,27300,27550,28912,0.0018181818181817189
2024-01-30,28000,28800,27450,27950,36439,0.014519056261343088
2024-01-31,27500,27950,27000,27050,22305,-0.03220035778175312
2024-02-01,26850,27500,26650,27500,22415,0.01663585951940849
2024-02-02,27500,28200,27450,28000,23096,0.018181818181818077
2024-02-05,28100,28250,27700,28000,14862,0.0
2024-02-06,28200,28200,27450,27750,17326,-0.008928571428571397
2024-02-07,27800,28650,27800,28400,32369,0.023423423423423406
2024-02-08,28450,28950,28350,28650,22551,0.008802816901408494
2024-02-13,28700,29000,28700,28750,17981,0.003490401396160525
2024-02-14,28350,29100,27950,29000,27082,0.008695652173912993
2024-02-15,29050,29250,28750,29100,32458,0.0034482758620688614
2024-02-16,29600,29650,28800,29150,36749,0.0017182130584192379
2024-02-19,29150,29200,28600,28600,24184,-0.018867924528301883
2024-02-20,28600,29150,27950,29100,35635,0.0174825174825175
2024-02-21,29050,31200,28650,30400,158567,0.04467353951890041
2024-02-22,30800,32150,30400,30550,109281,0.004934210526315708
2024-02-23,30600,30650,29600,29700,38202,-0.02782324058919805
2024-02-26,29700,30050,29000,29150,24273,-0.01851851851851849
2024-02-27,29200,31200,29200,30200,101256,0.036020583190394584
2024-02-28,30500,31650,30200,31200,89713,0.0331125827814569
2024-02-29,31200,31200,30400,30700,38079,-0.01602564102564108
2024-03-04,30700,31350,30050,30050,45784,-0.021172638436482094
2024-03-05,29700,30450,29200,29650,49973,-0.01331114808652245
2024-03-06,29300,29900,29200,29400,36511,-0.00843170320404718
2024-03-07,29700,30650,28650,30400,65731,0.03401360544217691
2024-03-08,30200,33200,30200,30850,244986,0.014802631578947345
2024-03-11,31600,31600,30400,30950,58727,0.0032414910858995505
2024-03-12,31050,32600,31000,32350,132001,0.04523424878836835
2024-03-13,32350,32500,31350,31750,63508,-0.018547140649149974
2024-03-14,32000,32000,30700,30850,49911,-0.028346456692913358
2024-03-15,30550,30700,30150,30250,32405,-0.01944894651539708
2024-03-18,30200,31600,30000,31600,47225,0.044628099173553704
2024-03-19,31750,31850,30650,31600,47020,0.0
2024-03-20,31600,31600,30500,30700,38894,-0.02848101265822789
2024-03-21,30850,31250,30650,30700,34575,0.0
2024-03-22,30600,30700,30250,30700,22834,0.0
2024-03-25,30800,31900,30550,31100,46847,0.013029315960912058
2024-03-26,31150,31250,30550,30600,29259,-0.01607717041800638
2024-03-27,30600,31100,30100,30150,35606,-0.014705882352941124
2024-03-28,30150,30500,29800,30000,31615,-0.00497512437810943
2024-03-29,30100,30500,29550,29800,30693,-0.00666666666666671
2024-04-01,29850,30700,29750,30150,17129,0.011744966442952975
2024-04-02,30150,30300,29250,29250,37641,-0.02985074626865669
2024-04-03,29100,29150,28000,28350,46573,-0.03076923076923077
2024-04-04,28350,28700,27850,27950,28603,-0.014109347442680775
2024-04-05,27950,28300,27900,28050,18542,0.003577817531305927
2024-04-08,28050,28050,27100,27100,28475,-0.033868092691622054
2024-04-09,27100,27700,27000,27000,19031,-0.0036900369003689537
2024-04-11,26500,27150,26400,26600,16280,-0.014814814814814836
2024-04-12,26650,27200,26500,26550,14006,-0.001879699248120259
2024-04-15,26100,26450,25700,25700,21330,-0.032015065913371
2024-04-16,25350,25650,23900,23950,60276,-0.06809338521400776
2024-04-17,23950,24350,23600,23600,25886,-0.014613778705636737
2024-04-18,23250,24400,23200,24100,18211,0.021186440677966045
2024-04-19,23900,24300,23100,23400,19331,-0.02904564315352698
2024-04-22,23400,24850,23400,24600,21146,0.05128205128205132
2024-04-23,24600,24950,23500,24100,9903,-0.020325203252032575
2024-04-24,24350,24950,24100,24750,13362,0.026970954356846377
2024-04-25,25000,25100,24400,24600,12755,-0.0060606060606061
2024-04-26,24600,24950,24400,24550,10434,-0.002032520325203291
2024-04-29,24250,25300,24250,25300,15859,0.03054989816700604
2024-04-30,25200,25500,25000,25300,15285,0.0
2024-05-02,25250,25400,24850,24900,10488,-0.015810276679841917
2024-05-03,25150,25600,24750,25200,13001,0.012048192771084265
2024-05-07,25300,25650,24750,25100,12101,-0.003968253968253954
2024-05-08,24650,25250,24650,25000,8996,-0.003984063745019917
2024-05-09,25000,25050,24550,24600,12755,-0.016000000000000014
2024-05-10,24800,24950,24500,24550,9155,-0.002032520325203291
2024-05-13,24450,24550,24000,24050,17654,-0.020366598778004064
2024-05-14,24100,24700,24050,24500,13350,0.018711018711018657
2024-05-16,24550,25200,24550,24950,15879,0.01836734693877551
2024-05-17,24750,26400,24700,25550,45760,0.024048096192384794
2024-05-20,25300,25500,24850,24850,15962,-0.0273972602739726
2024-05-21,24700,24850,24050,24150,16351,-0.028169014084507005
2024-05-22,24300,24750,24200,24200,13432,0.0020703933747412417
2024-05-23,23950,24600,23950,24350,13341,0.006198347107438051
2024-05-24,24350,24350,23700,23800,13535,-0.022587268993839782
2024-05-27,23850,24550,23200,24300,29107,0.021008403361344463
2024-05-28,24350,24350,23750,23800,20074,-0.020576131687242816
2024-05-29,23600,23800,23250,23450,21510,-0.014705882352941124
2024-05-30,23350,23500,23000,23150,17214,-0.01279317697228144
2024-05-31,23500,23550,23150,23450,9883,0.012958963282937441
2024-06-03,23900,24350,23300,24050,24259,0.02558635394456288
2024-06-04,24850,29800,24850,26400,765533,0.09771309771309777
2024-06-05,26400,26900,25200,26050,98030,-0.013257575757575801
2024-06-07,26150,26600,25000,25800,72240,-0.009596928982725572
2024-06-10,26200,26900,25550,25800,55099,0.0
2024-06-11,26250,28500,25700,27000,229468,0.04651162790697683
2024-06-12,26900,28100,26900,26900,84521,-0.0037037037037036535
2024-06-13,27000,27250,26350,26500,55097,-0.014869888475836479
2024-06-14,27250,27250,25100,25100,83362,-0.05283018867924527
2024-06-17,24950,25600,24200,24200,48170,-0.03585657370517925
2024-06-18,24150,25000,23800,23800,50631,-0.016528925619834656
2024-06-19,23800,24400,23800,23900,20142,0.004201680672268893
2024-06-20,24400,25050,24250,24600,24350,0.029288702928870203
2024-06-21,24050,24600,23850,23850,28304,-0.030487804878048808
2024-06-24,23850,24050,23250,23300,27685,-0.023060796645702264
2024-06-25,23300,24000,23300,23350,18500,0.0021459227467810482
2024-06-26,23350,23700,23350,23450,7740,0.004282655246252709
2024-06-27,23450,23900,23400,23450,14027,0.0
2024-06-28,23450,23800,23000,23300,25772,-0.006396588486140775
2024-07-01,24750,25200,23700,23850,61868,0.023605150214592197
2024-07-02,24000,24550,23500,23550,22971,-0.012578616352201255
2024-07-03,23750,24650,23350,23400,31167,-0.006369426751592355
2024-07-04,23500,23850,23100,23300,24422,-0.004273504273504258
2024-07-05,22950,23350,22900,23350,20392,0.0021459227467810482
2024-07-08,23350,28200,23100,24950,593056,0.0685224839400429
2024-07-09,24800,25000,24400,24600,59807,-0.014028056112224463
2024-07-10,24400,24600,23700,24300,47227,-0.012195121951219523
2024-07-11,24100,24450,23350,23350,77619,-0.039094650205761305
2024-07-12,23350,23850,23300,23750,37121,0.017130620985010614
2024-07-15,23800,23800,23400,23450,19842,-0.012631578947368438
2024-07-16,23300,23550,23000,23050,32909,-0.017057569296375252
2024-07-17,22950,23350,22100,22100,48965,-0.041214750542299394
2024-07-18,22100,22200,21200,21600,31150,-0.022624434389140302
2024-07-19,21400,22100,21350,22100,22875,0.02314814814814814
2024-07-22,21900,24050,21500,22250,101117,0.006787330316742057
2024-07-23,22250,22600,21500,21500,39182,-0.0337078651685393
2024-07-24,21200,21850,21200,21350,12944,-0.006976744186046546
2024-07-25,20900,21450,20700,20700,36353,-0.030444964871194413
2024-07-26,20600,20900,20200,20400,19079,-0.01449275362318836
2024-07-29,20400,20700,20300,20550,14174,0.007352941176470562
2024-07-30,20600,20700,19980,19980,22040,-0.027737226277372296
2024-07-31,19850,20350,19800,19820,18765,-0.00800800800800805
2024-08-01,19940,20600,19870,20250,18727,0.021695257315842653
2024-08-02,20000,20100,19550,19550,31414,-0.03456790123456788
2024-08-05,19490,19490,15400,16010,90510,-0.18107416879795402
2024-08-06,15210,17290,15210,16880,84051,0.05434103685196745
2024-08-07,16670,17550,16670,17250,33217,0.021919431279620927
2024-08-08,17010,17240,16500,16900,20969,-0.020289855072463725
2024-08-09,16920,17830,16920,17790,33876,0.05266272189349119
2024-08-12,17620,18040,17620,17850,14310,0.003372681281618828
2024-08-13,18120,18120,17300,17790,16605,-0.003361344537815114
2024-08-14,17860,18400,17860,18160,17528,0.020798201236649883
2024-08-16,18450,18560,17950,18000,17534,-0.008810572687224627
2024-08-19,18100,18430,17620,17650,17056,-0.019444444444444486
2024-08-20,17660,18460,17660,18310,24612,0.037393767705382386
2024-08-21,18280,18460,18100,18350,12318,0.0021845985800108547
2024-08-22,18180,18430,17800,18000,16715,-0.019073569482288777
2024-08-23,17710,18070,17600,17780,17967,-0.012222222222222245
2024-08-26,17790,18080,17530,17630,12912,-0.00843644544431943
2024-08-27,17550,18080,17490,17770,8596,0.00794100964265465
2024-08-28,18050,18180,17590,17680,10140,-0.005064715813168252
2024-08-29,17680,17800,17360,17690,7915,0.0005656108597285048
2024-08-30,17700,18200,17620,17850,7523,0.009044657998869443
2024-09-02,17970,18780,17850,18270,22581,0.0235294117647058
2024-09-03,18220,18570,18000,18000,9832,-0.014778325123152691
2024-09-04,17500,17870,17000,17010,26852,-0.05500000000000005
2024-09-05,17010,17270,16410,16480,18744,-0.031158142269253397
2024-09-06,16190,16650,15750,15750,17639,-0.04429611650485432
2024-09-09,15310,15880,15310,15790,14334,0.0025396825396826195
2024-09-10,15800,16100,15410,15420,10261,-0.023432552248258354
2024-09-11,16860,20000,16600,17670,845207,0.14591439688715946
2024-09-12,18600,19100,17670,17670,414586,0.0
2024-09-13,18000,18400,17680,17700,98064,0.001697792869269854
2024-09-19,17640,17800,16800,17130,60986,-0.03220338983050852
2024-09-20,17140,17450,17000,17010,39534,-0.007005253940455369
2024-09-23,16800,17380,16680,17000,26655,-0.0005878894767783471
2024-09-24,17000,17930,17000,17780,39878,0.045882352941176485
2024-09-25,17770,18020,17630,17710,30781,-0.003937007874015741
2024-09-26,18000,18180,17670,18180,25541,0.026538678712591857
2024-09-27,18180,18230,17690,18170,21760,-0.0005500550055005382
2024-09-30,18210,18580,17710,17710,31103,-0.025316455696202556
2024-10-02,17360,17900,17270,17620,20026,-0.005081874647092088
2024-10-04,17620,17770,17200,17200,24223,-0.023836549375709448
2024-10-07,17300,18640,17260,18300,48096,0.06395348837209291
2024-10-08,18300,19010,18000,18500,19542,0.010928961748633892
2024-10-10,18500,18670,18050,18170,16674,-0.017837837837837878
2024-10-11,18170,18560,17700,17830,18404,-0.01871216290588884
2024-10-14,17790,17830,17480,17660,15771,-0.009534492428491359
2024-10-15,17660,17980,17150,17440,17017,-0.01245753114382786
2024-10-16,17440,17610,17250,17270,8248,-0.009747706422018387
2024-10-17,17490,17850,17100,17160,14509,-0.006369426751592355
2024-10-18,17110,17250,16880,17000,17279,-0.009324009324009341
2024-10-21,16870,17090,16750,16890,7628,-0.006470588235294117
2024-10-22,16750,17080,16300,16310,20687,-0.03433984606275908
2024-10-23,16310,16780,15970,16560,14772,0.015328019619865074
2024-10-24,16700,16700,16120,16250,10374,-0.018719806763284996
2024-10-25,16250,16510,16040,16090,9940,-0.009846153846153838
2024-10-28,15980,16650,15900,16630,9434,0.033561218147917904
2024-10-29,16410,16630,16230,16330,8154,-0.018039687312086605
2024-10-30,16330,16650,16200,16300,6611,-0.001837109614207022
2024-10-31,16200,16450,15940,16300,9594,0.0
2024-11-01,15810,16250,15700,15700,11587,-0.036809815950920255
2024-11-04,15880,16340,15690,16230,6664,0.033757961783439594
2024-11-05,16280,16820,16200,16600,11378,0.022797288971041274
2024-11-06,16650,17090,15910,15960,19402,-0.03855421686746985
2024-11-07,15960,16240,15520,15520,21703,-0.027568922305764465
2024-11-08,15520,16170,15490,15700,20062,0.011597938144329856
2024-11-11,15700,15700,14600,14600,41353,-0.07006369426751591
2024-11-12,14450,14660,13750,13750,33638,-0.05821917808219179
2024-11-13,13550,13980,13470,13470,23861,-0.02036363636363636
2024-11-14,13420,13800,13010,13030,23843,-0.03266518188567191
2024-11-15,12900,14170,11900,12710,61036,-0.024558710667689998
2024-11-18,12650,13250,12580,13100,28779,0.0306845003933911
2024-11-19,12970,13600,12960,13480,16286,0.02900763358778624
2024-11-20,13350,13500,13100,13250,9219,-0.017062314540059353
2024-11-21,13250,13280,13010,13040,11537,-0.01584905660377356
2024-11-22,12950,13400,12850,13020,9346,-0.0015337423312883347
2024-11-25,13020,13800,13020,13700,17726,0.05222734254992312
2024-11-26,13660,13960,13460,13760,11600,0.004379562043795637
2024-11-27,13760,13820,12650,13210,11148,-0.039970930232558155
2024-11-28,13210,13620,13170,13410,9648,0.01514004542013625
2024-11-29,13280,13280,12670,12670,17606,-0.05518269947800147
2024-12-02,12740,13130,12430,12430,10938,-0.018942383583267608
2024-12-03,12300,12650,11920,12570,13392,0.011263073209975882
2024-12-04,12160,12490,12010,12240,16417,-0.026252983293556076
2024-12-05,12250,12460,11500,11840,35087,-0.0326797385620915
2024-12-06,11650,11790,10910,11390,30260,-0.0380067567567568
2024-12-09,10960,11010,10310,10350,33815,-0.09130816505706763
2024-12-10,10300,11190,10300,11000,27017,0.06280193236714982
2024-12-11,10950,12470,10950,12400,42947,0.1272727272727272
2024-12-12,12280,12680,12100,12680,15561,0.022580645161290214
2024-12-13,12400,12870,12320,12710,10923,0.0023659305993690705
2024-12-16,12900,13390,12790,13330,17352,0.04878048780487809
2024-12-17,13360,13690,13020,13440,17236,0.008252063015753874
2024-12-18,13440,14240,13220,13860,22879,0.03125
2024-12-19,13400,13790,13350,13500,8434,-0.025974025974025983
2024-12-20,13370,13590,13200,13540,10227,0.002962962962963056
2024-12-23,13410,15390,13410,15000,66305,0.10782865583456425
2024-12-24,15000,15930,14910,15330,42741,0.02200000000000002
2024-12-26,15800,15870,14500,15310,31896,-0.001304631441617743
2024-12-27,15280,16280,15200,16260,42293,0.062050947093402975
2024-12-30,16110,17270,15680,17020,43138,0.04674046740467408
2025-01-02,17040,18380,17040,18350,87888,0.0781433607520563
2025-01-03,18340,18350,17420,18040,48538,-0.016893732970027275
2025-01-06,18230,18280,17800,18210,25524,0.00942350332594244
2025-01-07,18210,18570,17500,18010,16571,-0.010982976386600729
2025-01-08,17810,18190,17770,18000,16554,-0.0005552470849528035
2025-01-09,18010,18010,17420,17890,21327,-0.006111111111111067
2025-01-10,17890,18140,17410,17940,14060,0.0027948574622693734
2025-01-13,17960,18800,17500,18530,27837,0.032887402452619785
2025-01-14,18350,19070,18350,19030,28739,0.02698327037236914
2025-01-15,19030,19350,18370,18530,23463,-0.026274303730951076
2025-01-16,18530,18830,18330,18720,15598,0.010253642741500313
2025-01-17,18750,18750,17940,18350,18694,-0.019764957264957306
2025-01-20,18200,18350,17660,17790,13830,-0.030517711171662132
2025-01-21,17810,18040,16540,16990,19876,-0.04496908375491848
2025-01-22,16990,17220,16540,17170,23588,0.01059446733372571
2025-01-23,17000,17160,16710,16840,16312,-0.01921956901572508
2025-01-24,16840,16840,16050,16250,31551,-0.03503562945368166
2025-01-31,16170,16650,16010,16560,17826,0.01907692307692299
2025-02-03,16500,16500,15480,15550,14059,-0.06099033816425126
2025-02-04,16480,16480,15700,16050,9006,0.03215434083601276
2025-02-05,16020,16680,16020,16650,12739,0.03738317757009346
2025-02-06,16650,17820,16650,17740,33865,0.06546546546546539
2025-02-07,17740,17770,17110,17170,17040,-0.03213077790304397
2025-02-10,17170,17390,16000,17360,24645,0.01106581246359939
2025-02-11,17350,17880,17180,17880,14843,0.02995391705069128
2025-02-12,17380,17850,16900,17000,22402,-0.04921700223713643
2025-02-13,16850,17510,16850,17000,8556,0.0
2025-02-14,17010,17570,16430,16800,31514,-0.0117647058823529
2025-02-17,16670,17350,16610,16980,21885,0.010714285714285676
2025-02-18,17570,17570,16600,16600,22688,-0.0223792697290931
2025-02-19,16660,17440,16660,17060,24935,0.027710843373494054
2025-02-20,17060,17240,16460,16570,24408,-0.028722157092614276
2025-02-21,16440,16980,16000,16000,47302,-0.034399517199758645
2025-02-24,16000,16200,15160,15300,45221,-0.043749999999999956
2025-02-25,15580,15580,14030,14420,95257,-0.05751633986928106
2025-02-26,14260,14660,13850,13950,64100,-0.032593619972260734
2025-02-27,14080,14250,13780,13850,24914,-0.007168458781361964
2025-02-28,13940,13940,13120,13230,31825,-0.04476534296028878
2025-03-04,13020,13310,12900,13060,19256,-0.012849584278155746
2025-03-05,13000,13270,13000,13210,7340,0.011485451761102494
2025-03-06,13100,13560,12450,12860,16874,-0.026495079485238437
2025-03-07,12760,12990,12650,12660,17135,-0.015552099533437058
2025-03-10,12660,13000,12500,12550,18945,-0.008688783570300118
2025-03-11,12300,12450,11960,12270,24273,-0.0223107569721116
2025-03-12,12270,12650,12270,12400,9625,0.010594947025264867
2025-03-13,12840,12840,12050,12170,18244,-0.0185483870967742
2025-03-14,12290,12350,11960,12260,13243,0.007395234182415722
2025-03-17,12310,12310,11960,12060,9631,-0.01631321370309946
2025-03-18,12060,12500,12060,12150,17978,0.00746268656716409
2025-03-19,12010,12300,11970,12250,7307,0.008230452674897082
2025-03-20,12200,12350,12090,12130,8358,-0.009795918367346945
2025-03-21,12250,12340,11760,11800,22434,-0.027205276174773307
2025-03-24,11720,12050,11470,12050,15002,0.021186440677966045
2025-03-25,11860,12050,11700,11750,12437,-0.024896265560165998
2025-03-26,11710,12130,11710,11950,7555,0.017021276595744705
2025-03-27,11730,11850,11470,11530,18648,-0.035146443514644354
2025-03-28,11530,11900,11430,11450,32619,-0.006938421509106729
2025-03-31,11020,11300,10790,10940,29882,-0.044541484716157154
2025-04-01,10800,11100,10770,10840,19662,-0.009140767824497242
2025-04-02,10840,11050,10440,10460,26279,-0.035055350553505504
2025-04-03,10400,10610,10200,10270,15440,-0.018164435946462665
2025-04-04,10100,10630,10080,10550,16062,0.027263875365141077
2025-04-07,10140,10180,9710,9770,47134,-0.07393364928909951
2025-04-08,9800,10500,9760,9780,12710,0.0010235414534287557
2025-04-09,9710,10320,9390,9390,19318,-0.039877300613496924
2025-04-10,9780,10170,9620,10140,27383,0.07987220447284349
2025-04-11,10140,10400,9900,10400,13349,0.02564102564102555
2025-04-14,10320,10820,10320,10790,14573,0.03750000000000009
2025-04-15,10680,11030,10650,10870,9456,0.007414272474513428
2025-04-16,11200,11200,10510,10780,11481,-0.008279668813247487
2025-04-17,10700,10950,10610,10920,4833,0.01298701298701288
2025-04-18,10520,10960,10520,10820,11590,-0.009157509157509125
2025-04-21,10360,10950,10360,10690,8819,-0.01201478743068396
2025-04-22,10690,10750,10460,10730,8455,0.00374181478016844
2025-04-23,10790,11360,10790,11360,19348,0.05871388630009311
2025-04-24,11440,11790,11200,11200,17158,-0.014084507042253502
2025-04-25,11200,14500,11200,12980,1493321,0.15892857142857153
2025-04-28,13050,13290,12510,12510,181763,-0.036209553158705665
2025-04-29,12720,12870,12160,12160,93343,-0.027977617905675434
2025-04-30,12330,12580,11920,11930,86382,-0.01891447368421051
2025-05-02,11930,15500,11600,15500,3766856,0.29924559932942163
2025-05-07,16470,20150,16040,17800,4791055,0.1483870967741936
2025-05-08,17710,18580,17180,17810,824631,0.0005617977528089568
2025-05-09,17250,17670,17250,17500,130851,-0.017405951712521017
2025-05-12,17660,18350,17560,18280,183782,0.044571428571428484
2025-05-13,18010,18690,17920,18000,198637,-0.015317286652078765
2025-05-14,18580,21550,18150,18820,3050393,0.04555555555555557
2025-05-15,18700,18700,17010,17040,349391,-0.0945802337938364
2025-05-16,17040,17200,16080,16680,206949,-0.021126760563380254
2025-05-19,16390,16600,15930,16110,129394,-0.03417266187050361
2025-05-20,16110,16250,15470,15680,160616,-0.02669149596523901
2025-05-21,15730,16220,15430,15430,114019,-0.015943877551020447
2025-05-22,15430,15800,14950,15070,101340,-0.02333117303953336
2025-05-23,15130,15420,14310,14480,97361,-0.03915063039150635
2025-05-26,14200,14950,14150,14490,75825,0.0006906077348065587
2025-05-27,14400,14550,13940,13940,55094,-0.03795721187025536
2025-05-28,14070,18120,14010,18120,4545344,0.29985652797704443
2025-05-29,18290,19860,17280,17580,2829878,-0.0298013245033113
2025-05-30,17640,22600,17340,21950,9939042,0.24857792946530144
2025-06-02,22050,25350,21950,22350,3430801,0.018223234624145768
2025-06-04,22450,22700,21300,21550,504890,-0.03579418344519014
2025-06-05,21200,21500,20500,20700,391945,-0.03944315545243615
2025-06-09,20400,20550,19700,19980,276523,-0.034782608695652195
2025-06-10,19880,20250,19300,19600,321530,-0.019019019019019034
2025-06-11,19620,20050,19350,19750,218949,0.007653061224489832
2025-06-12,19550,20650,19300,19690,438305,-0.0030379746835442756
2025-06-13,19680,19680,18460,18500,190483,-0.06043676993397662
2025-06-16,18480,18900,18120,18850,97796,0.018918918918918948
2025-06-17,18910,19040,18300,18460,98270,-0.020689655172413834
2025-06-18,18460,19360,18350,19280,140092,0.044420368364030294
2025-06-19,19430,19430,18600,18730,87634,-0.028526970954356856
2025-06-20,19130,20950,19010,19110,664537,0.020288307528029792
2025-06-23,19110,20450,18000,20250,331899,0.05965463108320246
2025-06-24,20400,20800,19840,20600,278769,0.01728395061728394
2025-06-25,19110,19180,18010,18660,370804,-0.09417475728155345
2025-06-26,18700,23000,18670,20150,2656664,0.079849946409432
2025-06-27,19950,19950,18670,18790,246946,-0.06749379652605458
2025-06-30,18790,19600,18750,18830,132789,0.002128791910590788
2025-07-01,18740,19140,18740,18850,47799,0.0010621348911312722
2025-07-02,20050,22200,19500,19560,660729,0.037665782493368605
2025-07-03,20200,20600,19850,20200,107294,0.0327198364008181
2025-07-04,20700,20700,19900,20250,80523,0.0024752475247524774
2025-07-07,19970,20200,19510,19560,52331,-0.034074074074074034
2025-07-08,20200,21100,19610,19660,207111,0.005112474437627856
2025-07-09,20500,20500,19600,19650,45837,-0.0005086469989826758
2025-07-10,19050,19270,18570,18950,91310,-0.03562340966921118
2025-07-11,19290,19290,18650,18750,58122,-0.01055408970976257
2025-07-14,18750,18850,18530,18600,22709,-0.008000000000000007
2025-07-15,18610,19180,18210,18540,59272,-0.003225806451612856
2025-07-16,18570,18730,18260,18330,22693,-0.01132686084142398
2025-07-17,18450,18670,18030,18040,29140,-0.015821058374249852
2025-07-18,18640,19500,18330,18550,97203,0.028270509977827096
2025-07-21,18990,19080,18800,18850,36869,0.016172506738544534
2025-07-22,18970,18970,18240,18270,31011,-0.03076923076923077
2025-07-23,18410,18560,18060,18330,25282,0.003284072249589487
2025-07-24,18400,18610,18170,18350,20161,0.0010911074740862503
2025-07-25,18210,18350,18080,18090,18009,-0.01416893732970026
2025-07-28,18110,18170,17840,17840,23230,-0.013819789939192972
2025-07-29,17860,18080,17670,17850,13447,0.0005605381165918466
2025-07-30,17720,18040,17700,17830,21926,-0.0011204481792717047
2025-07-31,18030,18030,17330,17370,39198,-0.025799214806505932
2025-08-01,17100,17100,16150,16610,32234,-0.04375359815774327
2025-08-04,16330,16940,16330,16850,13836,0.014449127031908482
2025-08-05,16800,17660,16800,17280,26446,0.025519287833827953
2025-08-06,17280,17640,16850,17530,12739,0.01446759259259256
2025-08-07,17600,17600,17220,17440,11440,-0.00513405590416427
2025-08-08,17320,17490,17280,17380,11747,-0.0034403669724770714
2025-08-11,17430,18160,17430,18060,24494,0.03912543153049475
2025-08-12,17950,18340,17750,17840,22138,-0.01218161683277963
2025-08-13,18400,18400,17770,17950,11924,0.006165919282511201
2025-08-14,17850,18250,17850,18180,17241,0.012813370473537589
2025-08-18,18220,18230,17600,17610,10599,-0.031353135313531344
2025-08-19,17810,17840,17000,17380,10818,-0.01306076093128905
2025-08-20,16950,17250,16730,16890,18419,-0.02819332566168009
2025-08-21,16730,17090,16650,16680,12129,-0.01243339253996445
2025-08-22,16520,16840,16480,16560,12382,-0.007194244604316502
2025-08-25,16700,17000,16700,16880,8844,0.019323671497584627
2025-08-26,17050,17050,16560,16600,11169,-0.016587677725118488
2025-08-27,16710,16710,16300,16540,8678,-0.0036144578313253017
2025-08-28,16200,16600,16180,16250,11485,-0.017533252720677184
2025-08-29,16150,16910,16050,16110,14408,-0.00861538461538458
2025-09-01,16000,16100,15430,15510,19880,-0.03724394785847296
2025-09-02,15810,15810,15500,15560,14578,0.003223726627981982
2025-09-03,15430,15680,15400,15550,11419,-0.0006426735218508783
2025-09-04,15830,16000,15720,15870,6596,0.02057877813504816
2025-09-05,15770,15940,15680,15760,6748,-0.006931316950220534
2025-09-08,15760,15960,15670,15890,8678,0.008248730964466988
2025-09-09,15740,16000,15680,15780,10649,-0.006922592825676532
2025-09-10,15700,15990,15690,15790,14870,0.0006337135614702394
2025-09-11,15970,16090,15660,15700,9603,-0.005699810006333128
2025-09-12,15780,16030,15710,15830,13079,0.008280254777070173
2025-09-15,16030,16300,15940,15970,18940,0.008843967150979237
2025-09-16,15760,16060,15510,15690,15800,-0.017532874139010612
2025-09-17,15780,15930,15660,15700,7554,0.0006373486297004405
2025-09-18,15700,15850,15610,15740,11418,0.002547770700636942
2025-09-19,15740,16000,15710,15780,8364,0.0025412960609911828
2025-09-22,15780,15890,15540,15700,12798,-0.005069708491761693
2025-09-23,15640,15640,15440,15440,11332,-0.016560509554140124
2025-09-24,15490,15570,15120,15120,16453,-0.020725388601036232
2025-09-25,15220,15440,15090,15200,13007,0.005291005291005346
2025-09-26,15160,15160,14600,14610,13791,-0.03881578947368425
2025-09-29,14610,15180,14610,14870,9919,0.017796030116358663
2025-09-30,14760,14920,14610,14700,4943,-0.01143241425689312
2025-10-01,14610,15000,14610,14810,8167,0.007482993197278853
2025-10-02,14760,15150,14760,14990,6623,0.012153950033761074
2025-10-10,14910,14950,14530,14810,15974,-0.012008005336891281
2025-10-13,14610,15750,14500,15660,28965,0.05739365293720455
2025-10-14,15660,16380,15580,16070,41303,0.02618135376756059
2025-10-15,16100,16270,15860,16130,13205,0.0037336652146857663
2025-10-16,16130,16900,16130,16770,41555,0.03967761934283942
2025-10-17,16860,17430,16660,17110,57498,0.02027429934406677
2025-10-20,16820,16990,16130,16630,24620,-0.02805376972530682
2025-10-21,16630,17130,16480,16730,22703,0.006013229104028905
2025-10-22,17200,17620,16900,17290,30927,0.03347280334728042
2025-10-23,17260,17260,16660,16720,16184,-0.03296703296703296
2025-10-24,16980,18000,16800,17940,97982,0.07296650717703357
2025-10-27,18870,18870,17510,17900,55625,-0.0022296544035674826
2025-10-28,18060,18630,17560,18580,46135,0.03798882681564253
2025-10-29,18430,18430,17950,18020,30872,-0.030139935414424057
2025-10-30,18050,18050,17110,17110,29179,-0.05049944506104331
2025-10-31,16900,17340,16750,16860,14132,-0.014611338398597296
2025-11-03,16710,17160,16600,16680,20537,-0.010676156583629859
2025-11-04,17100,17390,16870,17040,20717,0.021582733812949728
2025-11-05,17000,17000,15790,16160,22101,-0.05164319248826288
2025-11-06,16410,16690,16110,16140,9199,-0.0012376237623762387
2025-11-07,15960,16050,15050,15350,12606,-0.04894671623296154
2025-11-10,15350,15880,15300,15840,8098,0.0319218241042345
2025-11-11,15850,16640,15660,15720,17123,-0.007575757575757569
2025-11-12,15800,16390,15800,16210,8525,0.031170483460559728
2025-11-13,16500,16640,16190,16590,9954,0.02344231955582976
2025-11-14,16370,16680,16110,16160,12809,-0.02591922845087402
2025-11-17,16310,16360,15410,15870,5831,-0.017945544554455406
2025-11-18,15870,16190,15200,15240,9297,-0.03969754253308133
2025-11-19,15210,15610,14520,14720,12235,-0.034120734908136496
2025-11-20,14720,15080,14720,14800,9898,0.005434782608695565
2025-11-21,14520,14670,14010,14020,18839,-0.05270270270270272
2025-11-24,14040,14120,13650,13800,19218,-0.015691868758915817
2025-11-25,13920,14230,13450,13480,11028,-0.023188405797101463
2025-11-26,13690,14240,12890,14130,11950,0.048219584569732854
2025-11-27,14190,14360,14110,14170,5191,0.002830856334041121
2025-11-28,14200,14790,14140,14750,9702,0.04093154551870137
2025-12-01,14650,15200,14650,14860,10005,0.007457627118644172
2025-12-02,14720,14990,14680,14850,4812,-0.0006729475100941684
2025-12-03,14850,15000,14810,14950,2714,0.006734006734006703
2025-12-04,15130,15130,14800,14810,6414,-0.00936454849498325
2025-12-05,15000,15100,14670,14670,4670,-0.009453072248480798
2025-12-08,14550,15140,14030,15100,24546,0.029311520109066125
2025-12-09,15020,15400,14510,15190,15424,0.00596026490066226
2025-12-10,15260,15340,14750,14900,8704,-0.019091507570770272
2025-12-11,14990,14990,14540,14540,10953,-0.024161073825503365
2025-12-12,14400,14720,14400,14580,5591,0.0027510316368637433
2025-12-15,14600,14800,14430,14510,5705,-0.004801097393689946
2025-12-16,14540,14660,13900,13970,11684,-0.03721571330117157
2025-12-17,13950,14010,13810,13820,7547,-0.010737294201861092
2025-12-18,13950,13950,13300,13350,9313,-0.03400868306801741
2025-12-19,13390,13740,13050,13410,12051,0.004494382022471877
2025-12-22,13440,13810,13440,13730,4861,0.02386278896346017
2025-12-23,13930,13930,13430,13440,7537,-0.02112163146394752
2025-12-24,13620,13830,12700,13300,6775,-0.01041666666666663
2025-12-26,13170,13410,13060,13060,5000,-0.018045112781954864
2025-12-29,12850,13250,12850,12990,4257,-0.0053598774885145195
2025-12-30,13020,13410,12750,12750,9418,-0.018475750577367167
2026-01-02,12780,12840,12300,12410,24500,-0.026666666666666616
2026-01-05,12200,12880,12200,12700,17913,0.023368251410153196
2026-01-06,12710,13060,12710,12830,16892,0.010236220472440882
2026-01-07,12830,13090,12180,12330,28482,-0.03897116134060796
2026-01-08,12540,12540,11940,12000,24790,-0.02676399026763987
2026-01-09,11910,12170,11730,11920,26010,-0.00666666666666671
2026-01-12,11920,12440,11920,12230,30251,0.026006711409396033
2026-01-13,12010,12600,12000,12590,18345,0.029435813573180702
2026-01-14,12590,12700,12190,12200,17815,-0.030976965845909477
2026-01-15,12200,12310,11870,12290,22682,0.007377049180327777
2026-01-16,12250,12430,11800,11940,20274,-0.028478437754271724
2026-01-19,11950,12780,11950,12580,34992,0.05360134003350092
2026-01-20,12580,12850,12110,12800,23609,0.01748807631160565
2026-01-21,12800,12800,12060,12330,26892,-0.03671875000000002
2026-01-22,12330,13320,12330,13220,69632,0.0721816707218168
2026-01-23,13510,13540,12810,13150,33082,-0.005295007564296572
2026-01-26,13240,13630,13240,13620,51286,0.03574144486692021
2026-01-27,13500,14000,13390,13750,42268,0.009544787077826689
2026-01-28,13760,14130,13760,14060,51493,0.022545454545454646
2026-01-29,14150,14480,13760,14390,73606,0.023470839260312903
2026-01-30,14390,14400,13700,13710,50232,-0.047255038220986756
2026-02-02,13710,14050,13060,13250,32032,-0.03355215171407733
2026-02-03,13350,13500,12980,13240,40991,-0.0007547169811320531
2026-02-04,13240,13510,13100,13500,23027,0.01963746223564944
2026-02-05,13490,13490,12900,13040,24650,-0.034074074074074034
2026-02-06,13000,13000,12180,12490,30433,-0.04217791411042948
2026-02-09,12650,13400,12650,13220,41464,0.05844675740592464
2026-02-10,13220,13410,13100,13400,18493,0.013615733736762392
2026-02-11,13400,13450,13120,13200,15936,-0.014925373134328401
2026-02-12,13140,13500,13100,13450,20233,0.018939393939394034
2026-02-13,13480,13480,12880,12900,23096,-0.040892193308550207
2026-02-19,13440,13790,13150,13790,49400,0.06899224806201554
2026-02-20,13850,14200,13820,14020,47957,0.016678752719361922
2026-02-23,14020,14300,13600,13610,45672,-0.02924393723252494
