Date,Open,High,Low,Close,Volume,Dividends,Stock Splits
2022-01-03 00:00:00-05:00,45.54257419264117,46.09991398732402,45.21613279018169,45.27982711791992,5231900,0.0,0.0
2022-01-04 00:00:00-05:00,45.582387028043875,46.73687604057252,45.46295597813279,46.505977630615234,9068000,0.0,0.0
2022-01-05 00:00:00-05:00,46.808527961566135,47.44548639112945,46.43033171098418,46.45819854736328,6706300,0.0,0.0
2022-01-06 00:00:00-05:00,46.56967426410207,46.864267002031205,45.574425654773364,46.37062454223633,5820800,0.0,0.0
2022-01-07 00:00:00-05:00,46.681147428403456,47.38578219505449,46.521907023653625,47.05535888671875,4633100,0.0,0.0
2022-01-10 00:00:00-05:00,46.84833893191879,47.214589662066004,46.1675893017786,46.49801254272461,5544300,0.0,0.0
2022-01-11 00:00:00-05:00,47.01554617570409,47.349951305441024,46.50597934682675,47.11905288696289,5720400,0.0,0.0
2022-01-12 00:00:00-05:00,47.38578229431709,47.88340666191642,46.88815792671776,47.1827507019043,3742400,0.0,0.0
2022-01-13 00:00:00-05:00,47.21458867520913,47.95266652480476,47.14054337671981,47.72415542602539,4482600,0.0,0.0
2022-01-14 00:00:00-05:00,47.54102770562499,48.432772512559325,47.20662568096756,48.361114501953125,6795300,0.0,0.0
2022-01-18 00:00:00-05:00,48.377036979578904,48.68675825924008,47.4295615161119,47.93116760253906,4796900,0.0,0.0
2022-01-19 00:00:00-05:00,48.37704423030554,48.50443593387566,47.28625257865777,47.6445426940918,4351100,0.0,0.0
2022-01-20 00:00:00-05:00,47.692319044306856,47.811747066266086,45.99641440461535,46.028263092041016,5765700,0.0,0.0
2022-01-21 00:00:00-05:00,45.92475444789067,45.996412472960074,45.01708815518346,45.160404205322266,6189500,0.0,0.0
2022-01-24 00:00:00-05:00,44.348274760087754,45.24001658561532,43.472454238130055,45.08077621459961,8872700,0.0,0.0
2022-01-25 00:00:00-05:00,44.49955598109807,45.749588009602206,43.503511595770554,45.52665328979492,5644100,0.0,0.0
2022-01-26 00:00:00-05:00,45.72569558054328,46.378578328626624,45.10466151218528,45.558494567871094,6126000,0.0,0.0
2022-01-27 00:00:00-05:00,46.76872729977569,48.799033999212504,46.76872729977569,47.915252685546875,11664200,0.0,0.0
2022-01-28 00:00:00-05:00,48.33722751549824,48.647744555732615,47.03146199386789,47.803775787353516,6971900,0.0,0.0
2022-01-31 00:00:00-05:00,47.373831872693216,47.81174063549348,46.40246829766682,47.55695724487305,8056100,0.0,0.0
2022-02-01 00:00:00-05:00,47.612689490956086,49.356366874859624,47.533070822751384,49.213050842285156,6659400,0.0,0.0
2022-02-02 00:00:00-05:00,49.133425817008245,49.75446292862163,48.66366841692275,49.0936164855957,5463400,0.0,0.0
2022-02-03 00:00:00-05:00,48.96622705931023,49.718634695533666,48.69153749656733,48.735328674316406,5363800,0.0,0.0
2022-02-04 00:00:00-05:00,48.72737017973833,49.14139394580383,48.20187906074318,48.24964904785156,4995100,0.0,0.0
2022-02-07 00:00:00-05:00,48.512394774496485,48.647747117209605,47.5569555745976,47.70027160644531,6214400,0.0,0.0
2022-02-08 00:00:00-05:00,48.07448156610394,48.70347627278318,48.07448156610394,48.6397819519043,5595500,0.0,0.0
2022-02-09 00:00:00-05:00,48.9582658017969,49.547451215982335,48.767176752414585,49.35636520385742,5515900,0.0,0.0
2022-02-10 00:00:00-05:00,49.27675000849423,49.730583143795066,48.337235052580056,48.528324127197266,6537200,0.0,0.0
2022-02-11 00:00:00-05:00,48.408883584546786,49.29266468651317,48.050593538174304,48.6397819519043,6042100,0.0,0.0
2022-02-14 00:00:00-05:00,48.64775225268982,48.86272632315503,47.871459529280294,48.43278121948242,4472000,0.0,0.0
2022-02-15 00:00:00-05:00,48.42480974489082,49.37228520336189,48.33722739278914,49.25285720825195,4076800,0.0,0.0
2022-02-16 00:00:00-05:00,49.0856623440731,50.0888716001007,49.06177431225165,49.42802810668945,5613600,0.0,0.0
2022-02-17 00:00:00-05:00,48.854751831550864,49.447919001856604,48.26954531170761,48.70347213745117,3927800,0.0,0.0
2022-02-18 00:00:00-05:00,48.36907564263231,48.82290870197766,47.92320323465386,48.24168395996094,5078900,0.0,0.0
2022-02-22 00:00:00-05:00,48.50443037901085,48.599976423689576,47.724155904345885,48.01078796386719,5664000,0.0,0.0
2022-02-23 00:00:00-05:00,48.4646201587344,48.71940353203331,47.67240320229739,47.748043060302734,5155100,0.0,0.0
2022-02-24 00:00:00-05:00,46.88814851603294,46.95184588018517,45.79735697161478,46.7527961730957,8108500,0.0,0.0
2022-02-25 00:00:00-05:00,47.07511486927365,48.465129991510516,46.99453561895616,48.06625747680664,5445200,0.7,0.0
2022-02-28 00:00:00-05:00,46.99453928660629,47.68753195946562,46.74473867288442,47.51025390625,6438200,0.0,0.0
2022-03-01 00:00:00-05:00,47.63917910961668,47.78825410482921,45.34263664981016,46.03562927246094,7668100,0.0,0.0
2022-03-02 00:00:00-05:00,46.37406838484434,48.179072596773,46.341835453189894,47.70364761352539,6499800,0.0,0.0
2022-03-03 00:00:00-05:00,47.77616714842766,48.299938422099146,47.33297512488983,48.08237075805664,4514800,0.0,0.0
2022-03-04 00:00:00-05:00,47.05900597682579,47.44176206327456,46.5996974435266,47.40550231933594,5869500,0.0,0.0
2022-03-07 00:00:00-05:00,47.34103204668116,47.63112226679142,46.450618110671314,46.72056198120117,6987800,0.0,0.0
2022-03-08 00:00:00-05:00,46.82531760469197,47.71976142804748,46.4304718986165,46.607749938964844,6583400,0.0,0.0
2022-03-09 00:00:00-05:00,47.74394169611522,49.07352104885891,47.49414106333679,48.1871337890625,7484700,0.0,0.0
2022-03-10 00:00:00-05:00,47.73588114104544,49.186329270683615,47.727821371080445,48.85594940185547,5421000,0.0,0.0
2022-03-11 00:00:00-05:00,49.2024454438709,50.3547466298795,49.04934055446317,49.081573486328125,6140000,0.0,0.0
2022-03-14 00:00:00-04:00,49.452240951124296,49.98407200945876,48.162954468465436,48.57391357421875,5836200,0.0,0.0
2022-03-15 00:00:00-04:00,48.243533701651266,48.561826974346495,46.430472857066775,47.43772888183594,8354400,0.0,0.0
2022-03-16 00:00:00-04:00,47.67141866044971,48.469166879017415,47.31686560436507,48.058204650878906,6154800,0.0,0.0
2022-03-17 00:00:00-04:00,47.84869197820871,50.669008901605594,47.65529746523055,50.636775970458984,9420600,0.0,0.0
2022-03-18 00:00:00-04:00,50.14523744898554,51.11220392237787,49.80277098884079,50.274166107177734,9510800,0.0,0.0
2022-03-21 00:00:00-04:00,50.8623986248354,51.345883354019655,50.38697366511665,51.039676666259766,4836500,0.0,0.0
2022-03-22 00:00:00-04:00,51.5715055856953,51.99858113267843,50.95909530938172,51.208892822265625,5136700,0.0,0.0
2022-03-23 00:00:00-04:00,51.08802479751985,51.44257779769616,50.78181811733498,51.007442474365234,2936100,0.0,0.0
2022-03-24 00:00:00-04:00,51.378106128980896,51.732659089061904,51.096075714587016,51.644020080566406,3611400,0.0,0.0
2022-03-25 00:00:00-04:00,51.64403286216505,52.15975365186855,51.44258471195573,52.13557434082031,3962900,0.0,0.0
2022-03-28 00:00:00-04:00,51.81325350701752,52.014704716379484,50.79793769044839,51.66014862060547,3879300,0.0,0.0
2022-03-29 00:00:00-04:00,51.53122248146335,51.829369425159825,50.62066211006953,51.72461700439453,4225600,0.0,0.0
2022-03-30 00:00:00-04:00,51.95830299566528,52.32897251434465,51.59568709961987,51.78102493286133,3145900,0.0,0.0
2022-03-31 00:00:00-04:00,51.69237872282315,52.204066487983766,51.337822646453255,51.345882415771484,4302100,0.0,0.0
2022-04-01 00:00:00-04:00,51.80519557616214,52.3209101986106,51.12025959567773,51.716556549072266,3317100,0.0,0.0
2022-04-04 00:00:00-04:00,51.98246935545847,51.98246935545847,51.023559676418486,51.579566955566406,3650000,0.0,0.0
2022-04-05 00:00:00-04:00,51.57150826781085,52.08722285866473,51.09608330301091,51.16054916381836,3432500,0.0,0.0
2022-04-06 00:00:00-04:00,50.93491740616942,50.99938326151087,49.387773764788655,49.69397735595703,4977000,0.0,0.0
2022-04-07 00:00:00-04:00,49.798737078539226,49.798737078539226,48.37246218350317,49.35554504394531,4644800,0.0,0.0
2022-04-08 00:00:00-04:00,49.774568003116414,50.185527141023286,49.41195519090348,49.70204544067383,3913900,0.0,0.0
2022-04-11 00:00:00-04:00,49.43612811262851,50.45950067814839,49.274969595899194,49.919612884521484,2760400,0.0,0.0
2022-04-12 00:00:00-04:00,50.370854706336644,51.37005397139483,50.19357974759017,50.9752082824707,4137300,0.0,0.0
2022-04-13 00:00:00-04:00,51.16055240797966,51.75684936265486,50.94298472481039,51.700443267822266,3465600,0.0,0.0
2022-04-14 00:00:00-04:00,51.96635470089607,53.18312178431611,51.88577544290474,52.772159576416016,7000200,0.0,0.0
2022-04-18 00:00:00-04:00,52.77215477084461,53.56990595138241,52.61905603894364,53.08641815185547,4958900,0.0,0.0
2022-04-19 00:00:00-04:00,53.207288633389,54.270950696949704,53.11059599439422,54.029212951660156,5292500,0.0,0.0
2022-04-20 00:00:00-04:00,54.0453315548023,54.93171566862598,54.02115839272215,54.4240608215332,5021500,0.0,0.0
2022-04-21 00:00:00-04:00,55.60053151117655,57.905133743898816,55.51189249085625,56.01149368286133,10282500,0.0,0.0
2022-04-22 00:00:00-04:00,56.46274909773717,57.3974857326936,54.988124655247375,55.197635650634766,7439400,0.0,0.0
2022-04-25 00:00:00-04:00,54.31930725596612,55.06869985583561,52.804390221039306,54.85113525390625,7252100,0.0,0.0
2022-04-26 00:00:00-04:00,54.98812132872848,55.58442134508055,54.270955502929624,54.28707504272461,6612800,0.0,0.0
2022-04-27 00:00:00-04:00,54.89142973011204,55.06064801437432,54.03002413092242,54.35153579711914,5412300,0.0,0.0
2022-04-28 00:00:00-04:00,54.8269660972912,54.8269660972912,53.27176239541285,54.64162826538086,5532300,0.0,0.0
2022-04-29 00:00:00-04:00,54.89142355908459,55.37087223669199,53.43291273389249,53.58601760864258,6499800,0.0,0.0
2022-05-02 00:00:00-04:00,54.1097990432032,54.238724627435296,53.030017304718044,54.03727340698242,7250100,0.0,0.0
2022-05-03 00:00:00-04:00,54.08562559742046,55.06064876157464,54.03727312425847,54.91560363769531,4599500,0.0,0.0
2022-05-04 00:00:00-04:00,55.455496580990165,57.03487355003557,55.14123314136298,56.89788818359375,5589800,0.0,0.0
2022-05-05 00:00:00-04:00,56.61585340782989,56.696432667432944,54.41600334862623,55.1734619140625,6530600,0.0,0.0
2022-05-06 00:00:00-04:00,54.85113539782604,55.09287930976233,53.70689399664081,54.73832321166992,5807800,0.0,0.0
2022-05-09 00:00:00-04:00,53.859995111648416,54.64162682720473,53.56185124128804,53.69077682495117,7266900,0.0,0.0
2022-05-10 00:00:00-04:00,54.33542007941719,54.673856633457625,52.602938460682104,53.03001403808594,7885500,0.0,0.0
2022-05-11 00:00:00-04:00,53.505446360004605,55.19763541318385,53.03807804453693,53.81970977783203,5683300,0.0,0.0
2022-05-12 00:00:00-04:00,53.610190342422065,54.3031829361615,52.91317093804319,54.02115249633789,6035700,0.0,0.0
2022-05-13 00:00:00-04:00,54.391831590030925,55.052591372323604,54.198440132429155,54.44017791748047,3924400,0.0,0.0
2022-05-16 00:00:00-04:00,54.238727699856746,55.2749953448708,53.73107280876795,54.778621673583984,4028300,0.0,0.0
2022-05-17 00:00:00-04:00,56.09207757073337,56.640830491238795,55.51995684997206,56.38216781616211,4502600,0.0,0.0
2022-05-18 00:00:00-04:00,55.93091371914147,56.71253920539998,55.19360159467558,55.528011322021484,4623900,0.0,0.0
2022-05-19 00:00:00-04:00,55.04453435116051,56.05985031293876,54.63357825170589,55.40715026855469,4988400,0.0,0.0
2022-05-20 00:00:00-04:00,55.503832624458866,56.1887716253378,53.884169396641774,54.883365631103516,5232200,0.0,0.0
2022-05-23 00:00:00-04:00,54.633569851750366,54.89948077292407,53.85999180603592,54.383766174316406,6582300,0.0,0.0
2022-05-24 00:00:00-04:00,54.15008246296786,54.30318734894335,52.756043540927806,54.04533004760742,4664400,0.0,0.0
2022-05-25 00:00:00-04:00,53.75523907124085,54.5368707341684,53.50544154309807,54.23066711425781,6264900,0.0,0.0
2022-05-26 00:00:00-04:00,54.12590285805528,55.028406379192496,53.91639805227524,54.66579055786133,5732800,0.0,0.0
2022-05-27 00:00:00-04:00,55.03218858238257,56.23721637131987,54.8123556635648,56.22907257080078,4784300,0.7,0.0
2022-05-31 00:00:00-04:00,55.887108073771145,55.976671244714666,55.05254555101544,55.349735260009766,7876000,0.0,0.0
2022-06-01 00:00:00-04:00,55.89525757872044,56.82182464359096,55.36195350488521,55.45558547973633,5958100,0.0,0.0
2022-06-02 00:00:00-04:00,55.71612297216316,56.15579500607263,54.633227381899076,55.44743347167969,4598700,0.0,0.0
2022-06-03 00:00:00-04:00,55.0321901767368,55.496293641274995,54.29126581742646,54.576236724853516,4966800,0.0,0.0
2022-06-06 00:00:00-04:00,54.58437760635126,55.04847483416893,54.28311911352593,54.608802795410156,3117300,0.0,0.0
2022-06-07 00:00:00-04:00,54.3563992881865,54.92634105573649,54.07956599259124,54.853065490722656,4873800,0.0,0.0
2022-06-08 00:00:00-04:00,54.600661732093855,55.211316336775134,54.42967918821108,54.74721908569336,3200900,0.0,0.0
2022-06-09 00:00:00-04:00,54.470386495522604,54.5640184528143,53.58289866255584,53.62361145019531,3113400,0.0,0.0
2022-06-10 00:00:00-04:00,52.93154113895268,52.98853531837968,50.36679064093814,50.37493133544922,6448900,0.0,0.0
2022-06-13 00:00:00-04:00,49.251328764894275,49.32460743874121,47.19952900312994,47.77761459350586,8509300,0.0,0.0
2022-06-14 00:00:00-04:00,47.4519289399584,48.144005965569775,46.7842802085825,47.679908752441406,7128900,0.0,0.0
2022-06-15 00:00:00-04:00,48.05444063582373,48.575532002111224,46.21840515427524,46.743568420410156,6387900,0.0,0.0
2022-06-16 00:00:00-04:00,45.32685399323616,45.57111831821933,44.496366469713074,45.1233024597168,7641800,0.0,0.0
2022-06-17 00:00:00-04:00,44.911610330609456,45.56297461811921,43.942706147060555,44.59407043457031,12735800,0.0,0.0
2022-06-21 00:00:00-04:00,45.87238113050308,46.15735208109758,44.708065922159115,44.74063491821289,6391700,0.0,0.0
2022-06-22 00:00:00-04:00,42.58297819091449,42.98194054449092,41.988608113669834,42.61554718017578,10383100,0.0,0.0
2022-06-23 00:00:00-04:00,42.54226839106518,42.86795207088864,41.052269748905005,41.5733642578125,9662000,0.0,0.0
2022-06-24 00:00:00-04:00,41.93975377417849,43.80428644102796,41.67920807730298,43.266910552978516,9109000,0.0,0.0
2022-06-27 00:00:00-04:00,43.071509435724295,43.397190053767375,42.31429741749761,42.51784896850586,7507300,0.0,0.0
2022-06-28 00:00:00-04:00,42.990088282390545,44.08926855542726,42.619626063183,42.7702522277832,5169400,0.0,0.0
2022-06-29 00:00:00-04:00,42.91680356272883,43.16106477596207,41.75248857016891,42.32243347167969,4392800,0.0,0.0
2022-06-30 00:00:00-04:00,41.6547820351896,42.452703603762565,41.40237703766105,42.021175384521484,5848000,0.0,0.0
2022-07-01 00:00:00-04:00,41.451239103337805,42.37129301419738,40.6288921764998,42.08631896972656,5255100,0.0,0.0
2022-07-05 00:00:00-04:00,41.33724122840026,41.37795090941212,40.18513893066202,41.30467224121094,5891000,0.0,0.0
2022-07-06 00:00:00-04:00,41.215117319612396,41.72806809957567,40.738807434050166,41.67107391357422,5657000,0.0,0.0
2022-07-07 00:00:00-04:00,42.452707803911174,42.99822753487738,42.12702721024399,42.56669616699219,5507600,0.0,0.0
2022-07-08 00:00:00-04:00,42.68882771242477,43.0552210926988,41.77284581471463,41.83391189575195,4226900,0.0,0.0
2022-07-11 00:00:00-04:00,41.312824678674325,41.8094878603808,41.12555451615605,41.532657623291016,3919100,0.0,0.0
2022-07-12 00:00:00-04:00,41.43495068294102,41.9845392157386,40.91385924129739,41.05227279663086,6068200,0.0,0.0
2022-07-13 00:00:00-04:00,40.710305565940736,40.88128810388973,39.920524644057544,40.44161605834961,6071500,0.0,0.0
2022-07-14 00:00:00-04:00,39.684401542546254,39.95308790566465,39.30172373118889,39.814674377441406,4969400,0.0,0.0
2022-07-15 00:00:00-04:00,40.49046755861533,40.90571439436737,40.034511040482606,40.343910217285156,4809900,0.0,0.0
2022-07-18 00:00:00-04:00,41.0522704557084,41.565221173179495,40.873147224076284,41.09298324584961,4839000,0.0,0.0
2022-07-19 00:00:00-04:00,41.646641381445754,42.998223322327014,41.58964720548899,42.705108642578125,6999400,0.0,0.0
2022-07-20 00:00:00-04:00,42.705110174142995,42.88423340245273,42.18401877187875,42.786529541015625,5977700,0.0,0.0
2022-07-21 00:00:00-04:00,41.174404251322954,41.882762723456956,40.66959731418895,41.850196838378906,10059700,0.0,0.0
2022-07-22 00:00:00-04:00,41.93161714211725,42.18402216927005,41.06855749638992,41.402381896972656,5074800,0.0,0.0
2022-07-25 00:00:00-04:00,41.66292619748492,42.314293586498756,41.54893783619247,41.99675369262695,5933200,0.0,0.0
2022-07-26 00:00:00-04:00,41.66292826807369,42.17587902533255,41.48380502254763,41.768775939941406,4130900,0.0,0.0
2022-07-27 00:00:00-04:00,41.88276645631882,42.728727903861106,41.69549940014237,42.53413391113281,4342000,0.0,0.0
2022-07-28 00:00:00-04:00,42.70511327474524,43.07964735907197,42.14330904230516,42.58298110961914,6137900,0.0,0.0
2022-07-29 00:00:00-04:00,42.95751257771031,43.800215769097406,42.72139516863672,43.32390594482422,9754300,0.0,0.0
2022-08-01 00:00:00-04:00,42.81095999355162,42.82724138298694,41.87462169757523,42.713253021240234,5913400,0.0,0.0
2022-08-02 00:00:00-04:00,42.58297895415838,42.88423434535053,41.96418367685154,41.97232437133789,5797800,0.0,0.0
2022-08-03 00:00:00-04:00,42.338724806533214,42.338724806533214,41.79809066631871,41.92348098754883,5139300,0.0,0.0
2022-08-04 00:00:00-04:00,41.776910721191086,42.094450562286134,41.41051740225472,41.51636505126953,6963700,0.0,0.0
2022-08-05 00:00:00-04:00,41.33725149632349,42.15145774260297,41.304682501044226,41.92348098754883,5954500,0.0,0.0
2022-08-08 00:00:00-04:00,42.241017535101356,42.957516738015116,42.17587954977278,42.460853576660156,4511400,0.0,0.0
2022-08-09 00:00:00-04:00,42.46085615784028,43.0307980343614,42.42828716319614,42.92495346069336,4339000,0.0,0.0
2022-08-10 00:00:00-04:00,43.84499749123096,44.500433653923416,43.81243160756814,43.999698638916016,5998300,0.0,0.0
2022-08-11 00:00:00-04:00,44.585923692319746,45.36756389171261,44.585923692319746,44.99302673339844,5066200,0.0,0.0
2022-08-12 00:00:00-04:00,45.050025097236436,45.54668821026811,45.033740602488706,45.53854751586914,4389100,0.0,0.0
2022-08-15 00:00:00-04:00,45.17216251168787,45.18844700945037,44.66735550485201,45.05817413330078,5991700,0.0,0.0
2022-08-16 00:00:00-04:00,45.074449800434884,45.94157817124184,45.05816530586272,45.68510437011719,3925900,0.0,0.0
2022-08-17 00:00:00-04:00,45.204718194476364,45.52225804245398,44.78947138869837,45.15586471557617,4198000,0.0,0.0
2022-08-18 00:00:00-04:00,45.367559043592514,45.778730834859076,45.12329476028838,45.611820220947266,3561500,0.0,0.0
2022-08-19 00:00:00-04:00,45.33499972016554,45.53040746131494,44.90347144467309,45.180301666259766,3517800,0.0,0.0
2022-08-22 00:00:00-04:00,44.36608706865422,44.53544206864865,43.88570539616516,44.30094909667969,6342700,0.0,0.0
2022-08-23 00:00:00-04:00,44.504514611899396,45.4001402668802,44.39866692709061,45.28615188598633,3894500,0.0,0.0
2022-08-24 00:00:00-04:00,45.188438759939295,45.302427117516906,44.032267583423774,44.162540435791016,6957200,0.0,0.0
2022-08-25 00:00:00-04:00,44.6429149003037,45.4245518873776,44.583476348691455,45.400123596191406,5736200,0.0,0.0
2022-08-26 00:00:00-04:00,45.5792570025193,45.89679688385138,44.1788215197729,44.3416633605957,5777700,0.0,0.0
2022-08-29 00:00:00-04:00,43.152918660000886,43.9752653659605,42.77838463970044,43.61701583862305,9304900,0.0,0.0
2022-08-30 00:00:00-04:00,43.58403303374411,43.69127899987872,42.28880149010529,42.38780212402344,7452200,0.7,0.0
2022-08-31 00:00:00-04:00,42.272296943865875,42.60228955647429,41.72780614334282,42.07429885864258,6069600,0.0,0.0
2022-09-01 00:00:00-04:00,41.62880168171085,41.6535534069978,40.53982018126002,41.21630859375,6378300,0.0,0.0
2022-09-02 00:00:00-04:00,41.68654995202254,41.87629639251336,40.345947432558575,40.68006896972656,5124900,0.0,0.0
2022-09-06 00:00:00-04:00,41.16681559094269,41.31531336935742,39.879835893705945,40.086082458496094,8104700,0.0,0.0
2022-09-07 00:00:00-04:00,39.879843401577496,40.62645509961337,39.62409648014398,40.39958572387695,6517500,0.0,0.0
2022-09-08 00:00:00-04:00,40.00358094516304,40.84506407286566,39.55808765609282,40.75431823730469,5964100,0.0,0.0
2022-09-09 00:00:00-04:00,41.43906023933532,41.83917908647115,41.26581387678359,41.6700553894043,6265600,0.0,0.0
2022-09-12 00:00:00-04:00,42.31354369749335,42.726036804748134,41.90929906767169,42.01654815673828,5042800,0.0,0.0
2022-09-13 00:00:00-04:00,40.21807316664426,40.935810206591825,39.23221500950461,39.49208450317383,9104300,0.0,0.0
2022-09-14 00:00:00-04:00,39.27759707323786,39.492092120118386,38.26286433219854,38.83210372924805,11484300,0.0,0.0
2022-09-15 00:00:00-04:00,38.856846179708754,39.40133690965251,38.51860198606298,38.70009994506836,6535500,0.0,0.0
2022-09-16 00:00:00-04:00,37.95761227223357,38.609352101405925,37.46262182938538,38.29585647583008,10059000,0.0,0.0
2022-09-19 00:00:00-04:00,37.65236598064066,38.675350153266,37.51211985095689,38.559852600097656,4900300,0.0,0.0
2022-09-20 00:00:00-04:00,37.90811921808087,38.18036304698406,37.42962567742222,38.023616790771484,4996000,0.0,0.0
2022-09-21 00:00:00-04:00,38.29585472060477,38.43610399946291,37.09962734736994,37.10787582397461,5819100,0.0,0.0
2022-09-22 00:00:00-04:00,37.355376769381465,37.5781234367749,36.9181350595385,36.934635162353516,4652900,0.0,0.0
2022-09-23 00:00:00-04:00,36.29939724309492,36.464395132705405,35.50741114945219,36.21689987182617,6729600,0.0,0.0
2022-09-26 00:00:00-04:00,35.90339546705448,36.51388341899,35.60639996737894,35.796146392822266,5497600,0.0,0.0
2022-09-27 00:00:00-04:00,36.249890443934234,36.439636881549134,35.70127704375148,36.12614440917969,5444700,0.0,0.0
2022-09-28 00:00:00-04:00,36.36539580931176,37.54512326443953,36.225146508796186,37.16563034057617,8315400,0.0,0.0
2022-09-29 00:00:00-04:00,36.71188812052647,36.868634375061156,35.87865339284003,36.431392669677734,4904800,0.0,0.0
2022-09-30 00:00:00-04:00,36.439644583972935,36.992387060010834,36.134400523903906,36.24164962768555,5869800,0.0,0.0
2022-10-03 00:00:00-04:00,37.07487795428982,37.73486941876113,36.670636486727304,37.35537338256836,6868700,0.0,0.0
2022-10-04 00:00:00-04:00,37.78437267807937,38.5516102044297,37.64000070206142,38.46086120605469,6959800,0.0,0.0
2022-10-05 00:00:00-04:00,37.88336631872067,38.31235953764213,37.54512208898469,37.99886703491211,5564500,0.0,0.0
2022-10-06 00:00:00-04:00,37.701873023937395,38.03186564242912,37.38425154884375,37.553375244140625,5430600,0.0,0.0
2022-10-07 00:00:00-04:00,37.165628772014706,37.48737289593163,36.464391740250775,36.637638092041016,5265100,0.0,0.0
2022-10-10 00:00:00-04:00,37.10787653682908,37.48736940938097,36.76138386547451,37.0253791809082,4686100,0.0,0.0
2022-10-11 00:00:00-04:00,36.530388190130914,36.95113291749992,35.820899549526416,36.25814437866211,5222700,0.0,0.0
2022-10-12 00:00:00-04:00,36.24988890433805,36.489135633936996,35.91989634526887,36.142642974853516,4982100,0.0,0.0
2022-10-13 00:00:00-04:00,35.474400240179726,38.36185142251994,35.400151369608096,37.883358001708984,8304900,0.0,0.0
2022-10-14 00:00:00-04:00,38.18862056532871,38.27936957132541,36.9057664832626,37.223384857177734,5888400,0.0,0.0
2022-10-17 00:00:00-04:00,37.87511711706351,38.007114785971964,37.12025397280296,37.33887481689453,6195300,0.0,0.0
2022-10-18 00:00:00-04:00,38.18035883945735,38.72484958433295,37.43374736464713,38.26285934448242,8009100,0.0,0.0
2022-10-19 00:00:00-04:00,38.147363611636315,38.44435600273399,37.19862821437813,37.23162841796875,8371500,0.0,0.0
2022-10-20 00:00:00-04:00,37.44612422509677,39.29409475261835,37.04188273746788,37.06663131713867,9259900,0.0,0.0
2022-10-21 00:00:00-04:00,37.14087958277875,38.70835149484052,37.08313079979647,38.6671028137207,7483600,0.0,0.0
2022-10-24 00:00:00-04:00,38.68360097446894,39.03009680204836,38.22161073379302,38.807350158691406,5645700,0.0,0.0
2022-10-25 00:00:00-04:00,38.53510967959392,39.549842460474736,38.390737705152695,39.47559356689453,5202500,0.0,0.0
2022-10-26 00:00:00-04:00,39.599339633717534,40.053081437606,39.50859064352529,39.59109115600586,6020700,0.0,0.0
2022-10-27 00:00:00-04:00,39.69833215055006,39.99945347617174,39.162093048132114,39.28583908081055,4524400,0.0,0.0
2022-10-28 00:00:00-04:00,38.93935396430605,39.409595903237,38.6176098110452,39.17034912109375,6943200,0.0,0.0
2022-10-31 00:00:00-04:00,39.17034056600815,39.452485038329726,38.46497781166806,38.559852600097656,6434000,0.0,0.0
2022-11-01 00:00:00-04:00,39.12085150707993,39.24460071936031,38.5681121589268,38.716609954833984,4892300,0.0,0.0
2022-11-02 00:00:00-04:00,38.65886116165599,40.11083576410338,38.5887380766646,38.716609954833984,7310300,0.0,0.0
2022-11-03 00:00:00-04:00,38.17211301583303,38.74960400286004,37.92461777769937,38.35361099243164,5122300,0.0,0.0
2022-11-04 00:00:00-04:00,39.82208939788696,41.15031785506653,39.70659181849274,40.44907760620117,10593100,0.0,0.0
2022-11-07 00:00:00-05:00,40.41607332389127,40.86156345808389,39.855082483869865,40.836814880371094,5849000,0.0,0.0
2022-11-08 00:00:00-05:00,41.15855857356525,41.53805144776205,40.795565800038624,40.96056365966797,4739700,0.0,0.0
2022-11-09 00:00:00-05:00,40.71306785551635,40.746068058930774,39.2445934213732,39.33534240722656,5089900,0.0,0.0
2022-11-10 00:00:00-05:00,40.79556702874185,41.265808897251404,40.52332008009289,41.21630859375,6592000,0.0,0.0
2022-11-11 00:00:00-05:00,42.074297439572874,44.087262693931756,41.99180007597141,43.83976745605469,9009800,0.0,0.0
2022-11-14 00:00:00-05:00,43.28703311903028,43.63765167481838,42.783790961442946,42.85803985595703,5484400,0.0,0.0
2022-11-15 00:00:00-05:00,43.2375301710203,43.47677694398812,42.189797233229086,42.56929016113281,4445700,0.0,0.0
2022-11-16 00:00:00-05:00,42.19804924924793,42.25579803676517,41.42668594873489,41.6700553894043,4294900,0.0,0.0
2022-11-17 00:00:00-05:00,40.960562970516214,41.37305603911327,40.58106695563193,41.3565559387207,3620400,0.0,0.0
2022-11-18 00:00:00-05:00,41.65355224772332,41.67830082524898,40.721317013696876,41.30705642700195,3751300,0.0,0.0
2022-11-21 00:00:00-05:00,40.78731732562716,41.80204999215411,40.07783182446,41.389556884765625,5719800,0.0,0.0
2022-11-22 00:00:00-05:00,42.06605001962441,42.717786761435704,41.96704940432645,42.54454040527344,4495500,0.0,0.0
2022-11-23 00:00:00-05:00,42.31354679284817,42.68479124594959,42.18979759279007,42.52804183959961,3354800,0.0,0.0
2022-11-25 00:00:00-05:00,42.4867965311115,42.750791908276824,42.4207961132836,42.53629684448242,1648100,0.0,0.0
2022-11-28 00:00:00-05:00,41.950545766470874,42.20216680177092,41.199808472628646,41.414306640625,5657800,0.0,0.0
2022-11-29 00:00:00-05:00,42.04180245306492,42.52287844283332,41.732241816206326,42.37646484375,4905000,0.7,0.0
2022-11-30 00:00:00-05:00,42.26769358464051,42.644187927246094,41.31223446666917,42.644187927246094,7194200,0.0,0.0
2022-12-01 00:00:00-05:00,42.87844577639734,43.09597404823765,42.50195146785028,42.727848052978516,4757300,0.0,0.0
2022-12-02 00:00:00-05:00,42.22586464102835,43.25494712414295,42.1923977655831,43.12944793701172,4858300,0.0,0.0
2022-12-05 00:00:00-05:00,43.05414860789016,43.45574153425689,42.66092399608474,42.87845230102539,5109900,0.0,0.0
2022-12-06 00:00:00-05:00,43.04578296922022,43.39299461308642,42.30952768391308,42.71112060546875,4373400,0.0,0.0
2022-12-07 00:00:00-05:00,42.518690430740754,42.95291402943802,42.04598279896012,42.41829299926758,4248500,0.0,0.0
2022-12-08 00:00:00-05:00,42.81989037454375,43.02905357364114,42.09200333532644,42.30116653442383,3815800,0.0,0.0
2022-12-09 00:00:00-05:00,42.25932595896245,43.0039495338346,41.93303192058147,41.99996566772461,3807000,0.0,0.0
2022-12-12 00:00:00-05:00,42.1003655913784,42.778055459261644,41.698772659454704,42.761322021484375,5208100,0.0,0.0
2022-12-13 00:00:00-05:00,43.9242698269366,44.2003667692343,42.916101720856624,43.1378173828125,4884100,0.0,0.0
2022-12-14 00:00:00-05:00,43.087612736335196,43.54609868281553,42.644187840159,42.970481872558594,4064300,0.0,0.0
2022-12-15 00:00:00-05:00,42.21749850389166,42.30283808320566,41.297181722717156,41.43941116333008,6189600,0.0,0.0
2022-12-16 00:00:00-05:00,41.18005292876445,41.80754254539579,40.89559084156181,41.66530990600586,8969100,0.0,0.0
2022-12-19 00:00:00-05:00,41.673672383166384,42.09617970123733,40.79518448969398,41.27207946777344,4674700,0.0,0.0
2022-12-20 00:00:00-05:00,41.288804726194286,41.83681435202551,41.288804726194286,41.54816818237305,4003400,0.0,0.0
2022-12-21 00:00:00-05:00,41.96650080331281,42.61072378831263,41.89120192996018,42.393192291259766,3840500,0.0,0.0
2022-12-22 00:00:00-05:00,41.966496022967384,42.04179488774282,41.11729410951895,41.97486114501953,3340600,0.0,0.0
2022-12-23 00:00:00-05:00,41.999967681611516,42.5948265470377,41.79080449912498,42.55215835571289,2634200,0.0,0.0
2022-12-27 00:00:00-05:00,42.59399673622196,42.85336027033623,42.46013240703529,42.8282585144043,3094500,0.0,0.0
2022-12-28 00:00:00-05:00,42.811519459293535,42.96211720882381,41.75315424678907,41.82427215576172,3340300,0.0,0.0
2022-12-29 00:00:00-05:00,41.89120469641434,42.50363323297016,41.832639256781015,42.37646484375,2743400,0.0,0.0
2022-12-30 00:00:00-05:00,42.050158370885285,42.27689114942222,41.815896663637204,42.1589241027832,2700300,0.0,0.0
2023-01-03 00:00:00-05:00,42.33462195849271,42.794783459961785,42.09199512049035,42.70275115966797,3962500,0.0,0.0
2023-01-04 00:00:00-05:00,43.22148064401815,43.92845323427497,43.00395233478825,43.782039642333984,4527800,0.0,0.0
2023-01-05 00:00:00-05:00,43.52267541800535,44.325861273203664,43.10434905280911,44.267295837402344,4803000,0.0,0.0
2023-01-06 00:00:00-05:00,44.8780493262663,46.212511374600766,44.61032072350493,46.032630920410156,6100700,0.0,0.0
2023-01-09 00:00:00-05:00,46.04935776037218,47.01150629134855,45.86529317550008,46.250152587890625,6510900,0.0,0.0
2023-01-10 00:00:00-05:00,46.35892415407681,47.3378094341557,46.266891850048054,47.24577713012695,6611700,0.0,0.0
2023-01-11 00:00:00-05:00,47.948564765104365,48.433821644960354,47.70593472938807,48.174461364746094,8926300,0.0,0.0
2023-01-12 00:00:00-05:00,48.492387967836116,49.193503951852975,48.107528505768364,48.960914611816406,7305900,0.0,0.0
2023-01-13 00:00:00-05:00,48.525855885314655,49.17426299489566,48.35015958688072,49.09477996826172,4041200,0.0,0.0
2023-01-17 00:00:00-05:00,48.78522630183147,48.92745574699648,47.906738301639415,48.02387237548828,5948400,0.0,0.0
2023-01-18 00:00:00-05:00,48.5425863651848,48.81868007568091,47.496770569291236,47.555335998535156,5641500,0.0,0.0
2023-01-19 00:00:00-05:00,47.329439406068936,47.68083517312705,46.72704848629875,47.35453796386719,4997500,0.0,0.0
2023-01-20 00:00:00-05:00,47.463308420016,48.15354755229363,47.12028093249782,48.05733108520508,6712600,0.0,0.0
2023-01-23 00:00:00-05:00,48.04895993665825,48.8605139945445,47.86907949676315,48.55931854248047,5213700,0.0,0.0
2023-01-24 00:00:00-05:00,48.28322270429364,48.91071217930151,47.83142951630962,48.69318389892578,5262500,0.0,0.0
2023-01-25 00:00:00-05:00,47.990401517115615,48.504941163217744,47.563706833854575,48.4338264465332,5491500,0.0,0.0
2023-01-26 00:00:00-05:00,47.404739115261286,49.0027455522644,46.710319074005234,48.626251220703125,8002500,0.0,0.0
2023-01-27 00:00:00-05:00,48.559315209843696,49.63859777514291,48.36688550458183,49.33740234375,6773300,0.0,0.0
2023-01-30 00:00:00-05:00,49.05294813265975,49.55912262737148,48.35852486765865,48.48402404785156,4824700,0.0,0.0
2023-01-31 00:00:00-05:00,48.58442754585399,49.739009296489364,48.375264347123235,49.65534210205078,5739100,0.0,0.0
2023-02-01 00:00:00-05:00,49.59677269506437,50.797370508724846,49.19517976860931,50.38322830200195,5645100,0.0,0.0
2023-02-02 00:00:00-05:00,50.257726988795966,50.55055415457318,49.81095411902679,50.15732955932617,4726200,0.0,0.0
2023-02-03 00:00:00-05:00,49.86450296531257,50.40247198941506,49.70554009069019,50.19916534423828,3960900,0.0,0.0
2023-02-06 00:00:00-05:00,50.1991609697495,50.45015613628291,49.613503453453745,50.27445983886719,4658600,0.0,0.0
2023-02-07 00:00:00-05:00,50.25772465878329,50.93123030042302,49.93143063445132,50.625850677490234,4777500,0.0,0.0
2023-02-08 00:00:00-05:00,50.36649332307066,50.62585361820694,49.831036104184015,50.040199279785156,3410400,0.0,0.0
2023-02-09 00:00:00-05:00,50.63422992134893,50.7931928109186,49.24120218608141,49.42945098876953,3874700,0.0,0.0
2023-02-10 00:00:00-05:00,49.36250618086818,50.06529453212326,49.11987614722113,50.048561096191406,3826300,0.0,0.0
2023-02-13 00:00:00-05:00,50.04856209581246,50.54637145210406,49.881230924728364,50.466888427734375,3520600,0.0,0.0
2023-02-14 00:00:00-05:00,50.23262841902352,50.23262841902352,49.370873975556194,49.99836349487305,3749100,0.0,0.0
2023-02-15 00:00:00-05:00,49.62187233654433,49.99836349487305,49.37924228976339,49.99836349487305,2357500,0.0,0.0
2023-02-16 00:00:00-05:00,49.337410013666705,49.6846184534547,48.76848593071964,49.09477996826172,4302100,0.0,0.0
2023-02-17 00:00:00-05:00,48.743379392587634,48.948361578872046,48.308322846310844,48.63461685180664,4317200,0.0,0.0
2023-02-21 00:00:00-05:00,48.27485777676217,48.42545550669696,47.43820514004732,47.555335998535156,6615600,0.0,0.0
2023-02-22 00:00:00-05:00,47.50514105559704,48.053150764798005,47.438210496721915,47.69757080078125,3735400,0.0,0.0
2023-02-23 00:00:00-05:00,48.03222820788756,48.29159167673007,47.12864501116885,47.84816360473633,4154000,0.0,0.0
2023-02-24 00:00:00-05:00,47.15374511485911,48.421273402563365,46.90274995151969,48.35015869140625,4831800,0.0,0.0
2023-02-27 00:00:00-05:00,48.59576727484718,48.81596277310239,48.10455721077869,48.265472412109375,5443100,0.7,0.0
2023-02-28 00:00:00-05:00,48.3755705907298,48.70586546742925,48.16384277431117,48.44332504272461,5835300,0.0,0.0
2023-03-01 00:00:00-05:00,48.51954209386041,49.67557404098585,48.4687262601973,49.137786865234375,4535100,0.0,0.0
2023-03-02 00:00:00-05:00,48.917584679255484,49.66794927262954,48.57035125063562,49.49348449707031,3992400,0.0,0.0
2023-03-03 00:00:00-05:00,49.59512107157607,49.75603303663901,48.947231289302714,49.39186096191406,3463600,0.0,0.0
2023-03-06 00:00:00-05:00,49.129321788011204,49.3325819161309,48.0791536130715,48.367103576660156,4841200,0.0,0.0
2023-03-07 00:00:00-05:00,48.17231030663129,48.44332163412123,47.03744916125093,47.25764465332031,5499200,0.0,0.0
2023-03-08 00:00:00-05:00,47.60487188825472,48.163833081886914,47.50324346142417,47.647216796875,4232700,0.0,0.0
2023-03-09 00:00:00-05:00,47.706506097153714,47.99445278345485,46.54200327891622,46.66480255126953,4566100,0.0,0.0
2023-03-10 00:00:00-05:00,46.715625749796274,46.732564362963366,45.15307341526562,45.6315803527832,5399000,0.0,0.0
2023-03-13 00:00:00-04:00,44.843943773375294,45.08954876983901,44.03090988581556,44.378143310546875,8481300,0.0,0.0
2023-03-14 00:00:00-04:00,45.11496101000099,45.513010316636276,43.69638536475234,44.28498840332031,8450400,0.0,0.0
2023-03-15 00:00:00-04:00,43.21787568963507,43.21787568963507,42.066075989027446,42.7520751953125,8006200,0.0,0.0
2023-03-16 00:00:00-04:00,42.00679424885871,43.17553261004571,41.66803170711411,43.116249084472656,6851400,0.0,0.0
2023-03-17 00:00:00-04:00,42.938387520349764,43.056954541156024,42.09147653663757,42.36248779296875,11632000,0.0,0.0
2023-03-20 00:00:00-04:00,42.912984817037184,43.53970046614274,42.86894701546822,43.412662506103516,5403200,0.0,0.0
2023-03-21 00:00:00-04:00,44.395083836998026,44.53906042188733,43.67944606530692,44.0901985168457,4277400,0.0,0.0
2023-03-22 00:00:00-04:00,44.098672770394174,44.59665769296259,43.47619242486125,43.514305114746094,4524000,0.0,0.0
2023-03-23 00:00:00-04:00,43.598985309083865,44.83547480405704,43.32373854111891,43.74296188354492,4781100,0.0,0.0
2023-03-24 00:00:00-04:00,43.06543024148676,43.98009582480304,42.726667723403025,43.853057861328125,4338400,0.0,0.0
2023-03-27 00:00:00-04:00,44.25110307106605,44.63221369581039,43.958917720310495,44.03937530517578,4328000,0.0,0.0
2023-03-28 00:00:00-04:00,44.183354348258604,44.85241495035329,44.14100943574711,44.8100700378418,3083600,0.0,0.0
2023-03-29 00:00:00-04:00,45.52994153595147,45.60616366789883,45.021796143442195,45.39443588256836,3710400,0.0,0.0
2023-03-30 00:00:00-04:00,45.94492785135905,45.98727276084052,45.37749895674642,45.73320007324219,3643800,0.0,0.0
2023-03-31 00:00:00-04:00,45.877175978952685,46.486953047880014,45.69932541075211,46.427669525146484,4410800,0.0,0.0
2023-04-03 00:00:00-04:00,46.766439314606,47.52018979497406,46.59282096112056,46.85960006713867,6588800,0.0,0.0
2023-04-04 00:00:00-04:00,46.65633362222219,46.81724557159495,45.72896491413796,45.95339584350586,5014500,0.0,0.0
2023-04-05 00:00:00-04:00,45.43678258418159,46.30909999826983,45.26739971514352,46.27522277832031,3959800,0.0,0.0
2023-04-06 00:00:00-04:00,46.05503355320117,46.63093344757282,45.911056964253284,46.29216766357422,5022100,0.0,0.0
2023-04-10 00:00:00-04:00,46.58011783388358,47.266117095947266,46.55471153071046,47.266117095947266,4046400,0.0,0.0
2023-04-11 00:00:00-04:00,47.47783647200004,48.05373626684785,47.42702064396898,47.58793258666992,4411100,0.0,0.0
2023-04-12 00:00:00-04:00,48.65504994686351,48.90065497457869,48.1003209041675,48.18077850341797,4679700,0.0,0.0
2023-04-13 00:00:00-04:00,47.952111671061864,48.40944449854909,47.4947820742845,48.20618438720703,5147600,0.0,0.0
2023-04-14 00:00:00-04:00,48.31627960406981,48.644035092057386,47.638751342233306,47.85047912597656,3394800,0.0,0.0
2023-04-17 00:00:00-04:00,48.00292563909182,48.2273565834674,47.774259234244134,48.189247131347656,2874400,0.0,0.0
2023-04-18 00:00:00-04:00,48.28240515132275,48.47719756655841,47.753085661618805,48.087615966796875,3354600,0.0,0.0
2023-04-19 00:00:00-04:00,47.76579336545909,47.92501243975856,47.29152192649967,47.79966735839844,3828000,0.0,0.0
2023-04-20 00:00:00-04:00,47.25764056562782,47.56676455062204,46.889236290502026,47.172950744628906,3334700,0.0,0.0
2023-04-21 00:00:00-04:00,46.88500438757649,46.98663282662802,46.33027858731252,46.47001647949219,4179500,0.0,0.0
2023-04-24 00:00:00-04:00,46.698680232797415,46.91887894070582,46.39379170228402,46.91040802001953,5036400,0.0,0.0
2023-04-25 00:00:00-04:00,46.12278236671949,46.58011518205915,44.46283721923828,44.46283721923828,8369800,0.0,0.0
2023-04-26 00:00:00-04:00,44.26804264419819,45.013325300963096,44.21722681622238,44.53058624267578,5952500,0.0,0.0
2023-04-27 00:00:00-04:00,44.5813979411217,45.32668058286072,44.340028416844376,45.30974197387695,3910700,0.0,0.0
2023-04-28 00:00:00-04:00,45.08955873572446,46.50389904664273,45.030271972862614,46.07197570800781,6014400,0.0,0.0
2023-05-01 00:00:00-04:00,46.12278021856875,46.25828587264977,45.58499306257178,45.82636260986328,4013200,0.0,0.0
2023-05-02 00:00:00-04:00,45.30974473588789,45.64003955443224,44.530588059394496,45.546878814697266,4206000,0.0,0.0
2023-05-03 00:00:00-04:00,45.521471005565715,45.87717211198497,44.8100655620178,44.886287689208984,3343000,0.0,0.0
2023-05-04 00:00:00-04:00,44.80160281455971,45.23352609581415,44.26804786536676,45.19118118286133,3899900,0.0,0.0
2023-05-05 00:00:00-04:00,45.95339493436873,46.22440945903356,45.58922613306765,46.0804328918457,4145300,0.0,0.0
2023-05-08 00:00:00-04:00,46.08890794181784,46.50389586923529,45.741674464064445,45.86024475097656,2725300,0.0,0.0
2023-05-09 00:00:00-04:00,45.64004158051469,45.682386492080525,45.284340446510114,45.45372009277344,3285300,0.0,0.0
2023-05-10 00:00:00-04:00,45.970337239533166,46.22017771446613,44.75925400887843,45.26740264892578,3888200,0.0,0.0
2023-05-11 00:00:00-04:00,44.88628893292481,44.89475662253205,43.988561991210894,44.327327728271484,5499600,0.0,0.0
2023-05-12 00:00:00-04:00,44.5051787040586,44.66609388449173,44.0859586043119,44.30192184448242,3260200,0.0,0.0
2023-05-15 00:00:00-04:00,44.56445189545585,44.59832910777013,43.82764029651864,44.25956344604492,3774800,0.0,0.0
2023-05-16 00:00:00-04:00,44.0478414001147,44.12406352230493,43.17552407004479,43.24327850341797,4611000,0.0,0.0
2023-05-17 00:00:00-04:00,43.46348191846677,43.903876124000746,43.26784628690671,43.5989875793457,4777300,0.0,0.0
2023-05-18 00:00:00-04:00,43.38725672210687,44.04361413892884,43.06542958870239,43.92927932739258,4451900,0.0,0.0
2023-05-19 00:00:00-04:00,44.25111252211258,44.32733466334079,43.709089842583076,43.997039794921875,3747400,0.0,0.0
2023-05-22 00:00:00-04:00,44.05632468042435,44.21723665876857,43.6498076582573,43.84459686279297,3478200,0.0,0.0
2023-05-23 00:00:00-04:00,43.84459264528854,44.31039315312923,43.57358132324633,44.0055046081543,3611400,0.0,0.0
2023-05-24 00:00:00-04:00,44.132542516864504,44.132542516864504,43.35338254405421,43.46348190307617,3162400,0.0,0.0
2023-05-25 00:00:00-04:00,43.19246757450455,43.294096005375295,42.31591468530917,42.658912658691406,4688200,0.0,0.0
2023-05-26 00:00:00-04:00,42.963801601489266,43.01461743277556,42.557284643327705,42.633506774902344,3511000,0.0,0.0
2023-05-30 00:00:00-04:00,42.53903971937946,42.7236934697533,41.99796403097365,42.513275146484375,5222800,0.7,0.0
2023-05-31 00:00:00-04:00,42.19549832949189,42.40162145669738,41.51700287688208,41.8948974609375,8465200,0.0,0.0
2023-06-01 00:00:00-04:00,42.083839416503906,42.380145048556315,41.66299958078117,42.083839416503906,4573900,0.0,0.0
2023-06-02 00:00:00-04:00,43.03717373377869,44.38557422879228,42.951286369475554,44.32545471191406,7786600,0.0,0.0
2023-06-05 00:00:00-04:00,44.39415716721978,44.973886174072675,44.205211535993584,44.23097610473633,5567400,0.0,0.0
2023-06-06 00:00:00-04:00,43.89602605939022,45.41619794926084,43.86167111496801,45.16712951660156,7378400,0.0,0.0
2023-06-07 00:00:00-04:00,45.36466444498017,46.33517030589823,45.2787803622516,46.26646041870117,6453700,0.0,0.0
2023-06-08 00:00:00-04:00,46.472588157442615,46.67012417448536,44.87511927253331,45.3303108215332,5092000,0.0,0.0
2023-06-09 00:00:00-04:00,45.02112478787022,45.24442866099549,44.34692453370584,44.43710708618164,5478000,0.0,0.0
2023-06-12 00:00:00-04:00,44.48863220214844,44.926649534103035,44.110737658491736,44.48863220214844,3888400,0.0,0.0
2023-06-13 00:00:00-04:00,44.78922857730863,45.99162197441537,44.6432217224443,45.63949203491211,4273600,0.0,0.0
2023-06-14 00:00:00-04:00,46.00022344461808,46.257879000707774,45.09413217262593,45.356082916259766,3319800,0.0,0.0
2023-06-15 00:00:00-04:00,45.29595328449941,46.15480713059235,45.15853680017524,45.93150329589844,3283600,0.0,0.0
2023-06-16 00:00:00-04:00,45.77691245382163,45.785502827576366,45.17571406542828,45.656673431396484,9535900,0.0,0.0
2023-06-20 00:00:00-04:00,44.93523291201192,45.03829445606556,44.00767246299432,44.59169006347656,5083700,0.0,0.0
2023-06-21 00:00:00-04:00,44.38557108910909,45.08124394754915,44.024850737087974,44.557342529296875,3591400,0.0,0.0
2023-06-22 00:00:00-04:00,43.30340823975222,44.222384845731455,43.114462626306604,44.136497497558594,4734000,0.0,0.0
2023-06-23 00:00:00-04:00,43.5696542044345,44.2309720436765,43.16599185776627,44.11073303222656,3703100,0.0,0.0
2023-06-26 00:00:00-04:00,44.1708539465445,44.85364118745221,44.0592020282373,44.61745834350586,3073900,0.0,0.0
2023-06-27 00:00:00-04:00,44.6002859304644,45.192893977104085,44.334040026240174,45.14995193481445,3176300,0.0,0.0
2023-06-28 00:00:00-04:00,45.149948933851725,45.4934918018703,44.548750552953024,45.484901428222656,3364600,0.0,0.0
2023-06-29 00:00:00-04:00,45.476315337531325,45.837032408295016,45.2530114854958,45.72538375854492,2559400,0.0,0.0
2023-06-30 00:00:00-04:00,46.01738995170503,46.02597704847868,45.51066605910773,45.7425537109375,4158100,0.0,0.0
2023-07-03 00:00:00-04:00,45.73397545159264,46.369528852477856,45.716797978458665,46.18916702270508,2228500,0.0,0.0
2023-07-05 00:00:00-04:00,45.673850206321205,45.89715077652535,45.10700676905327,45.381839752197266,5878100,0.0,0.0
2023-07-06 00:00:00-04:00,44.909474429652434,45.41190321078664,44.454279602230635,45.32172393798828,5287100,0.0,0.0
2023-07-07 00:00:00-04:00,45.02111977313057,46.32657809160743,44.93523569381362,45.605140686035156,5400200,0.0,0.0
2023-07-10 00:00:00-04:00,45.32172126845435,46.09468782245444,45.240129098518395,45.75114822387695,3663100,0.0,0.0
2023-07-11 00:00:00-04:00,45.948691891561474,46.29223482368791,45.83703994718015,45.879981994628906,3470800,0.0,0.0
2023-07-12 00:00:00-04:00,46.68729723982675,46.944952747463,45.66525903021949,46.47258377075195,5983900,0.0,0.0
2023-07-13 00:00:00-04:00,46.54129039430583,46.76459423693553,46.206337906628825,46.558467864990234,3291900,0.0,0.0
2023-07-14 00:00:00-04:00,46.386693242086324,46.42963855397561,45.304538873583,45.45054244995117,3885600,0.0,0.0
2023-07-17 00:00:00-04:00,45.1241871353196,45.24872135071398,44.80640881620245,45.02971267700195,4318300,0.0,0.0
2023-07-18 00:00:00-04:00,45.029710022535106,45.8241492209608,44.98676798299516,45.502079010009766,4815500,0.0,0.0
2023-07-19 00:00:00-04:00,45.38184345748986,45.55361490504638,45.11559754996386,45.36466598510742,3731800,0.0,0.0
2023-07-20 00:00:00-04:00,45.794093418667295,45.81127089121958,45.17571751185659,45.56220245361328,3751900,0.0,0.0
2023-07-21 00:00:00-04:00,45.60514449686005,45.67385438706919,45.17571751185659,45.56220245361328,4095300,0.0,0.0
2023-07-24 00:00:00-04:00,45.66526288391468,45.82844723099389,44.879414010746395,45.132774353027344,6687900,0.0,0.0
2023-07-25 00:00:00-04:00,45.46772143270407,47.361495735947365,45.390424455505006,45.93150329589844,9077400,0.0,0.0
2023-07-26 00:00:00-04:00,45.73397555453941,46.34376110896228,45.6910335097418,46.120460510253906,7582000,0.0,0.0
2023-07-27 00:00:00-04:00,46.46399502171767,47.26272941670206,46.206339505073466,47.18543243408203,8079600,0.0,0.0
2023-07-28 00:00:00-04:00,47.63203430175781,47.98416425339924,47.37008361228788,47.63203430175781,4560900,0.0,0.0
2023-07-31 00:00:00-04:00,47.69215643137315,48.516658672472666,47.62344982243765,48.499481201171875,6387600,0.0,0.0
2023-08-01 00:00:00-04:00,48.31053419645705,48.45653779386447,47.70074868445937,47.9068717956543,5563300,0.0,0.0
2023-08-02 00:00:00-04:00,47.288497010871,47.65780445073318,46.953541237116184,46.97930908203125,4498900,0.0,0.0
2023-08-03 00:00:00-04:00,46.68729540918723,47.86392425622582,46.68729540918723,47.15107727050781,4630200,0.0,0.0
2023-08-04 00:00:00-04:00,47.202608867000606,47.62344871340039,46.76029963917554,46.816123962402344,3626600,0.0,0.0
2023-08-07 00:00:00-04:00,47.125322033662236,47.941234057668694,47.09955745989694,47.68357849121094,3263400,0.0,0.0
2023-08-08 00:00:00-04:00,46.99648691949745,47.340026517122034,46.601411631641085,47.24555206298828,3607400,0.0,0.0
2023-08-09 00:00:00-04:00,47.59768361225868,48.12588022503074,47.116727504387164,47.700748443603516,4619700,0.0,0.0
2023-08-10 00:00:00-04:00,48.009937186385955,48.29335728664511,47.769455852168804,48.078643798828125,5147000,0.0,0.0
2023-08-11 00:00:00-04:00,47.83816854802381,48.09152890590649,47.469719447425256,47.62345504760742,4547000,0.0,0.0
2023-08-14 00:00:00-04:00,47.5289728485265,47.70074427615974,47.08236844718706,47.56332778930664,3637200,0.0,0.0
2023-08-15 00:00:00-04:00,46.97931384297519,47.38297298985208,45.88169855012091,45.97445297241211,5280400,0.0,0.0
2023-08-16 00:00:00-04:00,45.682434539818075,46.171980966191704,45.59655046638205,45.79408645629883,3549100,0.0,0.0
2023-08-17 00:00:00-04:00,46.18057654983547,46.944956028969955,46.1204570363935,46.25787353515625,3614900,0.0,0.0
2023-08-18 00:00:00-04:00,46.17197892228487,46.48975718771927,45.89714596793481,46.39528274536133,2921100,0.0,0.0
2023-08-21 00:00:00-04:00,46.59282258382546,46.721651975209404,46.223515156543506,46.524112701416016,3112700,0.0,0.0
2023-08-22 00:00:00-04:00,46.63576026939682,46.79035421412135,45.97015054608525,46.19774627685547,2745900,0.0,0.0
2023-08-23 00:00:00-04:00,46.0775179105119,46.335173452462435,45.356080427289626,45.8628044128418,3391300,0.0,0.0
2023-08-24 00:00:00-04:00,45.519261727130164,46.28364125834513,45.519261727130164,45.9830436706543,3198500,0.0,0.0
2023-08-25 00:00:00-04:00,46.360931396484375,46.7044742541543,46.07321613703962,46.360931396484375,3282700,0.0,0.0
2023-08-28 00:00:00-04:00,46.515534208142384,47.13391015913716,46.50694710938662,46.893428802490234,3429700,0.0,0.0
2023-08-29 00:00:00-04:00,47.056603640352314,47.48173538247459,46.79894813834692,47.44308853149414,3789500,0.0,0.0
2023-08-30 00:00:00-04:00,47.46048371234168,47.75624198393129,47.26910973710224,47.62575912475586,3482600,0.7,0.0
2023-08-31 00:00:00-04:00,47.53007579587385,47.756245660078946,47.42569149148846,47.460487365722656,4116300,0.0,0.0
2023-09-01 00:00:00-04:00,47.86932347041558,48.330360471594105,47.634456315471866,48.09549331665039,4335600,0.0,0.0
2023-09-05 00:00:00-04:00,47.99981342343293,48.1911874264825,46.96031066744543,47.138633728027344,4913900,0.0,0.0
2023-09-06 00:00:00-04:00,46.93856128858437,47.782343025435374,46.90376541280719,47.7475471496582,4645100,0.0,0.0
2023-09-07 00:00:00-04:00,47.62575835619684,47.791033765943894,46.55581021050222,47.06033706665039,4275500,0.0,0.0
2023-09-08 00:00:00-04:00,47.24302040785608,47.65186033571684,46.62540522452048,46.721092224121094,3988400,0.0,0.0
2023-09-11 00:00:00-04:00,47.09513778614445,47.747545502025616,46.642801371602104,46.68629455566406,3322400,0.0,0.0
2023-09-12 00:00:00-04:00,46.68628943965359,47.16472436685871,46.499269100513075,46.65149688720703,2527600,0.0,0.0
2023-09-13 00:00:00-04:00,46.677592296400405,46.808075153066895,45.74247400580229,45.946895599365234,3079000,0.0,0.0
2023-09-14 00:00:00-04:00,46.45142751159475,47.17603512427275,46.35574052223201,47.008148193359375,4604300,0.0,0.0
2023-09-15 00:00:00-04:00,47.008154992354164,47.069046118334306,46.63845792224116,46.83417892456055,7464100,0.0,0.0
2023-09-18 00:00:00-04:00,46.81677710293239,46.929862035366526,46.316597193880085,46.43403244018555,4593700,0.0,0.0
2023-09-19 00:00:00-04:00,46.48622966395478,46.73849481194121,45.53719412083608,46.01649856567383,3986200,0.0,0.0
2023-09-20 00:00:00-04:00,46.06867790326772,46.52971489746531,45.60764422738703,45.63373947143555,2309200,0.0,0.0
2023-09-21 00:00:00-04:00,45.27709387440814,45.520661673047485,44.34632581795734,44.36372375488281,4359000,0.0,0.0
2023-09-22 00:00:00-04:00,44.45071308765866,44.58119596414898,43.55909115936612,43.71131896972656,4465100,0.0,0.0
2023-09-25 00:00:00-04:00,44.18975147210777,44.67253347842658,43.87659521738018,44.4420166015625,4331600,0.0,0.0
2023-09-26 00:00:00-04:00,43.95487776293371,44.594237801804745,43.79395266356955,43.91138458251953,3451800,0.0,0.0
2023-09-27 00:00:00-04:00,44.23324088710041,44.67687998290685,44.02447228062916,44.36372375488281,3048800,0.0,0.0
2023-09-28 00:00:00-04:00,44.32892880390179,44.5203027957489,43.94618413852482,44.302833557128906,3965200,0.0,0.0
2023-09-29 00:00:00-04:00,44.65948278995484,45.03353014429061,44.52899991999875,44.85085678100586,4234800,0.0,0.0
2023-10-02 00:00:00-04:00,44.61599369927453,44.93784727149219,44.13756199607153,44.624691009521484,4691000,0.0,0.0
2023-10-03 00:00:00-04:00,44.3202276583362,45.27709089811717,44.26803385099076,44.38111877441406,5179200,0.0,0.0
2023-10-04 00:00:00-04:00,44.7812651647366,44.7812651647366,43.672174040094816,44.45941162109375,4727300,0.0,0.0
2023-10-05 00:00:00-04:00,44.18104457819472,44.49420076499167,43.2676745789148,43.3720588684082,5161800,0.0,0.0
2023-10-06 00:00:00-04:00,43.29377949550778,44.289789077278705,43.085007551555094,43.7374153137207,4215600,0.0,0.0
2023-10-09 00:00:00-04:00,43.73741114998941,44.27673723789192,43.44165285989735,44.198448181152344,3333600,0.0,0.0
2023-10-10 00:00:00-04:00,44.476810399242794,45.07267399988953,44.415919276816375,44.63338851928711,2906500,0.0,0.0
2023-10-11 00:00:00-04:00,44.45070924531402,44.80735864946554,43.93748173023578,44.268035888671875,3049700,0.0,0.0
2023-10-12 00:00:00-04:00,44.63338977840859,44.63338977840859,43.276380472515356,43.71131896972656,3012500,0.0,0.0
2023-10-13 00:00:00-04:00,43.98097924984416,44.11145879976144,43.154595493766024,43.25897979736328,3659600,0.0,0.0
2023-10-16 00:00:00-04:00,43.780911851485726,43.95488460020425,43.31117746598374,43.65912628173828,2786400,0.0,0.0
2023-10-17 00:00:00-04:00,43.276377658040545,44.38981907662713,43.25897972108549,44.12885665893555,3309300,0.0,0.0
2023-10-18 00:00:00-04:00,43.83310197945679,44.21584998737465,43.432959351467616,43.56344223022461,3495300,0.0,0.0
2023-10-19 00:00:00-04:00,43.31986310883231,43.746104192355915,42.95886344766553,43.01540756225586,3754300,0.0,0.0
2023-10-20 00:00:00-04:00,43.04151036202771,43.119799418940275,42.55437808364763,42.615272521972656,3920000,0.0,0.0
2023-10-23 00:00:00-04:00,42.423897626113636,42.536982554414635,41.862826616638046,41.96286392211914,5592100,0.0,0.0
2023-10-24 00:00:00-04:00,42.128143039414915,43.25028515685992,41.754095666933246,42.83274459838867,5506600,0.0,0.0
2023-10-25 00:00:00-04:00,42.563082841703576,42.65006921635132,41.110386493200394,41.35395431518555,4920200,0.0,0.0
2023-10-26 00:00:00-04:00,41.23217298393595,41.997662389215996,41.23217298393595,41.7714958190918,6216100,0.0,0.0
2023-10-27 00:00:00-04:00,41.77148816975833,42.22817154070213,41.614910065915616,41.84977722167969,4714900,0.0,0.0
2023-10-30 00:00:00-04:00,42.32821465287287,42.667466151666424,41.74974565194674,42.04985427856445,3698600,0.0,0.0
2023-10-31 00:00:00-04:00,42.09334746486563,42.44564658771779,41.84978296692511,42.04985427856445,4660500,0.0,0.0
2023-11-01 00:00:00-04:00,41.96286614346346,42.12379125785048,41.40614209991239,41.936767578125,4702900,0.0,0.0
2023-11-02 00:00:00-04:00,42.25862311121924,42.70225888817899,42.19772867289421,42.615272521972656,3741600,0.0,0.0
2023-11-03 00:00:00-04:00,43.00671468854583,43.559088403312224,43.00671468854583,43.25897979736328,3744000,0.0,0.0
2023-11-06 00:00:00-05:00,43.25898263784168,43.31987376213142,42.74575507717286,42.91973114013672,3641100,0.0,0.0
2023-11-07 00:00:00-05:00,42.37170797814664,42.510888165757336,41.96286804359376,42.21512985229492,5172700,0.0,0.0
2023-11-08 00:00:00-05:00,42.22382854109259,42.2934169725428,41.56272019157061,42.01505661010742,4133300,0.0,0.0
2023-11-09 00:00:00-05:00,42.406500773351766,42.43259601965848,41.962864994551644,42.0672492980957,3340800,0.0,0.0
2023-11-10 00:00:00-05:00,42.223824646503445,43.21548376100171,42.19772608358925,43.041507720947266,3825200,0.0,0.0
2023-11-13 00:00:00-05:00,42.73705759822117,43.07630909458422,42.541333283791985,42.83274459838867,3161000,0.0,0.0
2023-11-14 00:00:00-05:00,43.493848772545476,44.789966926026956,43.4329576497293,44.40721893310547,4848900,0.0,0.0
2023-11-15 00:00:00-05:00,44.528998336804364,45.14661347187818,44.250637987891,44.82475662231445,5032500,0.0,0.0
2023-11-16 00:00:00-05:00,44.7725623374772,44.92914043526449,44.25063423874726,44.746463775634766,5034100,0.0,0.0
2023-11-17 00:00:00-05:00,45.129211458726,45.129211458726,44.58118811954243,44.972633361816406,3306100,0.0,0.0
2023-11-20 00:00:00-05:00,44.94654152900888,45.13791552461914,44.67688179154058,44.95524215698242,3761300,0.0,0.0
2023-11-21 00:00:00-05:00,44.96393383490917,45.103114000197785,44.759515559576585,44.99872970581055,2840700,0.0,0.0
2023-11-22 00:00:00-05:00,45.01613700388342,45.0422322533284,44.450715598246745,44.7116813659668,3139600,0.0,0.0
2023-11-24 00:00:00-05:00,44.850853347938006,45.18140417477521,44.755166359736776,44.946537017822266,1679700,0.0,0.0
2023-11-27 00:00:00-05:00,44.711676935374506,44.88564967219171,44.38112276245077,44.468109130859375,3896200,0.0,0.0
2023-11-28 00:00:00-05:00,44.5377018070321,45.20750747633162,44.01142663507905,44.96393966674805,6376900,0.0,0.0
2023-11-29 00:00:00-05:00,44.96394488257272,45.82812695653938,44.94630810181357,45.263763427734375,3551700,0.7,0.0
2023-11-30 00:00:00-05:00,45.41367384316265,45.74876597068573,45.17558233391247,45.63412857055664,4649800,0.0,0.0
2023-12-01 00:00:00-05:00,45.678208382996225,46.401299454151605,45.47539048390351,46.119117736816406,4274000,0.0,0.0
2023-12-04 00:00:00-05:00,46.092667593210834,46.53357697899184,45.82812263451656,45.94275665283203,6354700,0.0,0.0
2023-12-05 00:00:00-05:00,45.62529989028314,45.72670715450846,44.94629910440292,45.09620666503906,4691000,0.0,0.0
2023-12-06 00:00:00-05:00,45.36075880204312,45.61648706667759,44.769941808444706,44.87575912475586,3603700,0.0,0.0
2023-12-07 00:00:00-05:00,45.06976223952521,45.20644308567867,44.633262847968815,45.034488677978516,2822900,0.0,0.0
2023-12-08 00:00:00-05:00,45.008034733863525,45.660578796522266,44.88458063356982,44.90221405029297,3664100,0.0,0.0
2023-12-11 00:00:00-05:00,44.85812374977107,45.43130734516407,44.761123138501,45.219669342041016,3582700,0.0,0.0
2023-12-12 00:00:00-05:00,45.21966937034595,45.29197916161959,44.611215577278195,44.81403350830078,4350500,0.0,0.0
2023-12-13 00:00:00-05:00,44.575936825676635,46.211710191737595,44.49657300418091,46.14557647705078,4774200,0.0,0.0
2023-12-14 00:00:00-05:00,46.63057943443362,48.01503469167227,46.51594204769265,47.8210334777832,7892900,0.0,0.0
2023-12-15 00:00:00-05:00,47.2302122395617,47.953303326751936,46.84220984671811,47.82984924316406,9909800,0.0,0.0
2023-12-18 00:00:00-05:00,48.27957821331815,48.350125330388714,47.6182141282042,47.83866882324219,3219100,0.0,0.0
2023-12-19 00:00:00-05:00,48.032669564926906,48.51766921652688,47.97094252002537,48.42948532104492,3796900,0.0,0.0
2023-12-20 00:00:00-05:00,48.30603024908797,48.80866666956478,48.12084911814843,48.129669189453125,4953500,0.0,0.0
2023-12-21 00:00:00-05:00,48.50884960139121,48.676397322447315,48.0414867244909,48.47357940673828,2653900,0.0,0.0
2023-12-22 00:00:00-05:00,48.57939673276115,49.08203316833425,48.36775874542273,48.60585021972656,2341900,0.0,0.0
2023-12-26 00:00:00-05:00,48.68521592855799,49.2892630273273,48.60585210071875,49.12612533569336,2266200,0.0,0.0
2023-12-27 00:00:00-05:00,49.10848855574332,49.25663683454924,48.9144907040366,49.12612533569336,2535300,0.0,0.0
2023-12-28 00:00:00-05:00,49.020309477289366,49.117310087962565,48.64112710676972,48.70285415649414,2172600,0.0,0.0
2023-12-29 00:00:00-05:00,48.58821535095823,48.72930622677434,48.21785306339288,48.358943939208984,2271400,0.0,0.0
2024-01-02 00:00:00-05:00,48.27076525789621,49.09967376467952,48.13408104891491,48.791038513183594,3533500,0.0,0.0
2024-01-03 00:00:00-05:00,48.367757298846385,48.57057857242094,47.57412243877452,48.17375946044922,4120000,0.0,0.0
2024-01-04 00:00:00-05:00,48.147308384717114,48.49122056558577,47.65789864856894,47.785762786865234,4579500,0.0,0.0
2024-01-05 00:00:00-05:00,47.644670902041696,48.526489743027824,47.60058063276677,48.34130859375,3796400,0.0,0.0
2024-01-08 00:00:00-05:00,48.21785067480568,48.62348650219887,47.962122423847156,48.570579528808594,3966100,0.0,0.0
2024-01-09 00:00:00-05:00,48.13849121594944,48.13849121594944,47.42421673556683,47.5653076171875,4287000,0.0,0.0
2024-01-10 00:00:00-05:00,47.30958656904992,47.556494791074556,46.77608316037603,47.071495056152344,4062200,0.0,0.0
2024-01-11 00:00:00-05:00,46.94803665781421,47.32721566535135,46.507127236535936,47.30076217651367,4497400,0.0,0.0
2024-01-12 00:00:00-05:00,47.63585526647456,47.75930936877324,46.74962636944186,47.06267166137695,3673500,0.0,0.0
2024-01-16 00:00:00-05:00,47.06266881322669,47.080305593040876,46.09266947054941,46.82457733154297,5962800,0.0,0.0
2024-01-17 00:00:00-05:00,46.14557743618144,46.40130232065261,45.88984918783865,46.2690315246582,3469000,0.0,0.0
2024-01-18 00:00:00-05:00,46.3660335766008,46.49830437673138,45.942757597342094,46.3836669921875,4230400,0.0,0.0
2024-01-19 00:00:00-05:00,46.46303460027934,46.73375565493969,45.96039811834667,46.56885528564453,4171500,0.0,0.0
2024-01-22 00:00:00-05:00,46.48948904023611,47.283123956044605,46.33957809235346,47.23021697998047,5615500,0.0,0.0
2024-01-23 00:00:00-05:00,47.618216520405944,48.019445700190076,47.39335177828657,47.53885269165039,4668100,0.0,0.0
2024-01-24 00:00:00-05:00,47.37131222790786,47.7328578411583,46.762855036040236,46.815765380859375,6016900,0.0,0.0
2024-01-25 00:00:00-05:00,48.288393023205074,48.614668381025766,47.415394348933056,48.447120666503906,7240800,0.0,0.0
2024-01-26 00:00:00-05:00,48.50003193027135,48.760166850511695,47.403049847371385,47.67112350463867,5240800,0.0,0.0
2024-01-29 00:00:00-05:00,47.76812362071759,47.812217252589804,47.09794280104482,47.6799430847168,3742400,0.0,0.0
2024-01-30 00:00:00-05:00,47.26548807582744,48.08998989519794,47.17730753812736,48.03267288208008,4640900,0.0,0.0
2024-01-31 00:00:00-05:00,48.0591220801374,48.11203241635701,47.24785044133289,47.26548385620117,5471900,0.0,0.0
2024-02-01 00:00:00-05:00,47.538849823301064,47.62703035487697,46.445393066852866,47.21257781982422,5039900,0.0,0.0
2024-02-02 00:00:00-05:00,46.815755875238835,47.40304746438439,46.28666598996409,47.106754302978516,5720200,0.0,0.0
2024-02-05 00:00:00-05:00,46.33076423976749,47.211701775345226,46.17203657404869,46.87749099731445,5482000,0.0,0.0
2024-02-06 00:00:00-05:00,46.93039702139606,47.75048876417754,46.78048607807072,47.65348815917969,5212500,0.0,0.0
2024-02-07 00:00:00-05:00,47.838669301856804,47.96212339409373,47.35366964069527,47.69757843017578,3455800,0.0,0.0
2024-02-08 00:00:00-05:00,47.768122660926096,47.7945795122922,47.177305681073896,47.51239776611328,3554400,0.0,0.0
2024-02-09 00:00:00-05:00,47.4330334576464,47.7240319087418,47.225805504055586,47.609397888183594,3897400,0.0,0.0
2024-02-12 00:00:00-05:00,47.61820471813781,48.74693145724012,47.48593058170568,48.314842224121094,5262800,0.0,0.0
2024-02-13 00:00:00-05:00,47.61821365145144,47.856305123373296,46.383666026050335,46.89512252807617,5105400,0.0,0.0
2024-02-14 00:00:00-05:00,47.168488499881036,47.52121399712934,46.9392137309915,47.24785232543945,3766500,0.0,0.0
2024-02-15 00:00:00-05:00,47.538846580158875,48.835121161896,47.477119539492485,48.64993667602539,4500400,0.0,0.0
2024-02-16 00:00:00-05:00,48.61467028401862,49.34217145030395,48.46475934220308,48.92330551147461,5060900,0.0,0.0
2024-02-20 00:00:00-05:00,48.3148517740562,48.89685203442814,48.01238588721631,48.24430465698242,4493800,0.0,0.0
2024-02-21 00:00:00-05:00,48.35894483944032,49.23194696246584,48.28839771828307,49.161399841308594,4065900,0.0,0.0
2024-02-22 00:00:00-05:00,49.161396503448486,49.544988879984885,49.08203267947101,49.38185119628906,5088600,0.0,0.0
2024-02-23 00:00:00-05:00,49.40830231816142,50.10493992152367,49.38184883272562,49.72575759887695,4414200,0.0,0.0
2024-02-26 00:00:00-05:00,49.50530767530613,49.805126206594146,49.2495794119398,49.443580627441406,3741600,0.0,0.0
2024-02-27 00:00:00-05:00,49.70812224131301,49.87566995751897,49.33864131349759,49.61994171142578,3913000,0.0,0.0
2024-02-28 00:00:00-05:00,49.530653176859595,49.72709476649161,49.1199042394568,49.20026779174805,4432800,0.7,0.0
2024-02-29 00:00:00-05:00,49.280633488711125,50.039623383658345,49.08419189053005,49.89675521850586,6733400,0.0,0.0
2024-03-01 00:00:00-05:00,49.88782572219568,50.20927995617551,49.655666223346834,49.79853439331055,4651400,0.0,0.0
2024-03-04 00:00:00-05:00,49.584225638692494,51.039697321196265,49.539579978568746,50.91468811035156,7042200,0.0,0.0
2024-03-05 00:00:00-05:00,50.55752068200515,51.557601273535084,50.55752068200515,50.87897491455078,6093400,0.0,0.0
2024-03-06 00:00:00-05:00,51.745114336550266,51.879051327285886,50.31732510095944,50.77182388305664,4840100,0.0,0.0
2024-03-07 00:00:00-05:00,51.22721291095434,51.481696929340046,50.503944335671626,50.84325408935547,4568700,0.0,0.0
2024-03-08 00:00:00-05:00,50.98612003314864,51.51294699292616,50.51286990879181,50.548587799072266,4723600,0.0,0.0
2024-03-11 00:00:00-04:00,50.62002106478849,51.60670480900419,50.495011852851015,51.28078842163086,4438400,0.0,0.0
2024-03-12 00:00:00-04:00,51.46830661167163,51.66475162211561,51.039702103085915,51.504024505615234,4048300,0.0,0.0
2024-03-13 00:00:00-04:00,51.66474366590982,52.45052018043281,51.432580797274575,51.76296615600586,7650600,0.0,0.0
2024-03-14 00:00:00-04:00,51.486159029265856,51.70939072873479,50.82985728782791,51.18256378173828,6871500,0.0,0.0
2024-03-15 00:00:00-04:00,51.20935366743816,51.61117143261878,50.84325379388373,50.93254852294922,20629600,0.0,0.0
2024-03-18 00:00:00-04:00,51.25400445822521,51.2629322283091,50.503049897457146,50.6646728515625,7409100,0.0,0.0
2024-03-19 00:00:00-04:00,50.63787616294637,50.941471400119326,50.37446440155492,50.68252182006836,6782700,0.0,0.0
2024-03-20 00:00:00-04:00,50.51286595681137,52.423728656124055,50.34321110062074,51.94154739379883,7789700,0.0,0.0
2024-03-21 00:00:00-04:00,52.236224847066396,52.34337512377307,51.39240917972884,51.727256774902344,5870700,0.0,0.0
2024-03-22 00:00:00-04:00,51.780833074309406,51.97727467850754,51.41473317700207,51.504024505615234,3376000,0.0,0.0
2024-03-25 00:00:00-04:00,51.5843845681109,51.65581694491145,51.14684891256714,51.24507141113281,3422400,0.0,0.0
2024-03-26 00:00:00-04:00,51.49508622268774,51.51294516719501,50.95040374332022,50.95933151245117,3621600,0.0,0.0
2024-03-27 00:00:00-04:00,51.39686862359076,51.9326233493206,51.280787184059285,51.914764404296875,5126900,0.0,0.0
2024-03-28 00:00:00-04:00,51.96834745217677,52.18264800559012,51.61117532149335,51.727256774902344,4064500,0.0,0.0
2024-04-01 00:00:00-04:00,51.664739171769696,52.09334357706886,51.26292147735016,52.021907806396484,3827200,0.0,0.0
2024-04-02 00:00:00-04:00,52.08442615102552,53.017533098562275,51.79958226046257,52.94163513183594,6330200,0.0,0.0
2024-04-03 00:00:00-04:00,53.02199878422325,53.82563092786934,53.02199878422325,53.56668472290039,4943200,0.0,0.0
2024-04-04 00:00:00-04:00,53.941708737222804,54.19172715532841,53.25862026900892,53.450599670410156,5382100,0.0,0.0
2024-04-05 00:00:00-04:00,53.56668219694822,53.56668219694822,52.76304668495208,53.29880142211914,3862400,0.0,0.0
2024-04-08 00:00:00-04:00,53.530965809904465,53.7452663482931,52.81662500486629,53.14700698852539,3775900,0.0,0.0
2024-04-09 00:00:00-04:00,53.53096184034107,53.79883919658536,53.11396587339191,53.45952606201172,3574800,0.0,0.0
2024-04-10 00:00:00-04:00,52.87019457732844,53.25415337068225,52.120135935223956,52.54874038696289,4251900,0.0,0.0
2024-04-11 00:00:00-04:00,52.646963893222924,52.68268178311717,52.048704565598904,52.20050048828125,3432000,0.0,0.0
2024-04-12 00:00:00-04:00,51.896902044957876,52.343365422441586,51.396865242173085,51.512943267822266,3788300,0.0,0.0
2024-04-15 00:00:00-04:00,51.9951270315554,52.388013596372375,50.82092951859713,51.18256378173828,3885300,0.0,0.0
2024-04-16 00:00:00-04:00,50.87897415689429,51.00398337741252,50.575378875816114,50.77182388305664,3098000,0.0,0.0
2024-04-17 00:00:00-04:00,51.048626091097454,51.21828437163614,50.60216266861979,50.73610305786133,2815400,0.0,0.0
2024-04-18 00:00:00-04:00,51.16470530041079,51.16470530041079,50.03961902364584,50.441436767578125,3856200,0.0,0.0
2024-04-19 00:00:00-04:00,50.44143148036983,50.825386832942236,50.28516658070951,50.59322738647461,3862100,0.0,0.0
2024-04-22 00:00:00-04:00,50.557515928076704,51.173637617937125,50.25392067102468,50.887901306152344,3211600,0.0,0.0
2024-04-23 00:00:00-04:00,50.5843092958246,50.987911947281745,50.40572323793529,50.6646728515625,3099300,0.0,0.0
2024-04-24 00:00:00-04:00,50.37000684843547,51.09327887166315,50.34322013113862,50.87897491455078,4954700,0.0,0.0
2024-04-25 00:00:00-04:00,51.5308109452325,51.700469237427356,49.164556687277724,50.396793365478516,7082800,0.0,0.0
2024-04-26 00:00:00-04:00,51.47723500787458,51.97727187109351,51.0307715764316,51.15578079223633,5573600,0.0,0.0
2024-04-29 00:00:00-04:00,51.102199908662406,51.637958027727606,51.04862307488227,51.611167907714844,4249500,0.0,0.0
2024-04-30 00:00:00-04:00,51.137919046287124,51.74510955230388,50.78967813382805,50.80753707885742,5566000,0.0,0.0
2024-05-01 00:00:00-04:00,50.93254088931752,51.74510406767773,50.38785504551379,51.102195739746094,5102800,0.0,0.0
2024-05-02 00:00:00-04:00,51.40579720930352,51.575452080354815,50.35214327989007,50.745033264160156,4453100,0.0,0.0
2024-05-03 00:00:00-04:00,51.06648550717901,51.28078945069055,50.67359891802774,50.93254852294922,2544400,0.0,0.0
2024-05-06 00:00:00-04:00,51.128984604085126,51.22720709234863,50.64680674407969,51.20042037963867,3862600,0.0,0.0
2024-05-07 00:00:00-04:00,51.441518518655165,52.798767796003105,51.22721456697043,52.11121368408203,6215200,0.0,0.0
2024-05-08 00:00:00-04:00,51.73617947851302,52.97735063764707,51.73617947851302,52.361228942871094,4950700,0.0,0.0
2024-05-09 00:00:00-04:00,52.45944991296138,53.20950856711566,52.45944991296138,53.08449935913086,4208200,0.0,0.0
2024-05-10 00:00:00-04:00,53.29879693607058,53.691686889420204,52.93269710169632,53.04877853393555,3053500,0.0,0.0
2024-05-13 00:00:00-04:00,53.12914816191488,53.50417580805989,52.88805750100209,53.0041389465332,2257700,0.0,0.0
2024-05-14 00:00:00-04:00,53.182724673174256,53.52203442534214,53.14254119347939,53.26308822631836,3516800,0.0,0.0
2024-05-15 00:00:00-04:00,53.61132733936513,53.74526431924007,52.655895910026054,52.73625946044922,3541000,0.0,0.0
2024-05-16 00:00:00-04:00,52.7184016288402,53.048783607005326,52.24514808579762,52.4148063659668,4871300,0.0,0.0
2024-05-17 00:00:00-04:00,52.73625885024553,52.87019582857071,52.414804652272345,52.85233688354492,2668700,0.0,0.0
2024-05-20 00:00:00-04:00,52.771975295212734,53.08450173541016,52.504097922361794,52.89698791503906,1915100,0.0,0.0
2024-05-21 00:00:00-04:00,52.84340845553361,52.94163094882848,52.50856090452588,52.602317810058594,2252900,0.0,0.0
2024-05-22 00:00:00-04:00,52.25407729106088,52.37908649936857,51.15577772432771,51.43258285522461,4851900,0.0,0.0
2024-05-23 00:00:00-04:00,51.33436510508736,51.361151820066866,50.73610235599575,50.82539367675781,3423500,0.0,0.0
2024-05-24 00:00:00-04:00,51.1557776139813,51.62902773190972,51.14684643840976,51.5754508972168,2675800,0.0,0.0
2024-05-28 00:00:00-04:00,51.70046838028713,52.11567952108397,51.57545575423083,51.825477600097656,2493700,0.0,0.0
2024-05-29 00:00:00-04:00,51.34329494677092,51.44151744732057,50.8700447963906,50.89683151245117,2969500,0.0,0.0
2024-05-30 00:00:00-04:00,50.896830484396766,51.38793957097954,50.87897153863522,51.24507141113281,3174100,0.0,0.0
2024-05-31 00:00:00-04:00,51.19083877576098,52.20326476321904,51.1555832987845,52.094791412353516,5920100,0.7,0.0
2024-06-03 00:00:00-04:00,52.022469282269235,52.05862821236256,50.11512882366335,50.68461990356445,4696600,0.0,0.0
2024-06-04 00:00:00-04:00,50.23265149201767,50.368245776957856,49.80779261762394,49.85299301147461,4600600,0.0,0.0
2024-06-05 00:00:00-04:00,49.852986087173825,50.56710600352793,49.744509294966136,50.34111785888672,3945300,0.0,0.0
2024-06-06 00:00:00-04:00,50.27784625447951,50.621349232655284,50.106096489544505,50.33208465576172,3463500,0.0,0.0
2024-06-07 00:00:00-04:00,50.05185010042336,50.86992947641924,49.96145622768485,50.37727355957031,4143500,0.0,0.0
2024-06-10 00:00:00-04:00,50.15128557613706,50.7840530320734,50.05185024685068,50.66653823852539,4131500,0.0,0.0
2024-06-11 00:00:00-04:00,50.539984998676076,50.76597312752873,50.178402613189746,50.756935119628906,3276300,0.0,0.0
2024-06-12 00:00:00-04:00,51.416826942088086,51.72417097650469,50.66202386971563,50.84733581542969,3990800,0.0,0.0
2024-06-13 00:00:00-04:00,50.648461963489375,50.90157103078478,50.17840620800412,50.67558288574219,2831400,0.0,0.0
2024-06-14 00:00:00-04:00,50.187449943417874,50.72982013682209,49.346773729827426,49.7354736328125,3446000,0.0,0.0
2024-06-17 00:00:00-04:00,49.717391918463974,50.06089486451706,49.328692033055184,49.92530059814453,3243800,0.0,0.0
2024-06-18 00:00:00-04:00,50.0608964285747,50.47671380092724,49.80778735332509,50.11513137817383,6081900,0.0,0.0
2024-06-20 00:00:00-04:00,49.626994827838026,49.71738870069903,48.87219185139727,49.003265380859375,8512500,0.0,0.0
2024-06-21 00:00:00-04:00,48.90383328510424,48.99423061224726,48.33434564147771,48.80440139770508,10457200,0.0,0.0
2024-06-24 00:00:00-04:00,49.00326570989145,49.52755983126024,48.9128718364235,49.37388610839844,6987500,0.0,0.0
2024-06-25 00:00:00-04:00,49.06654893125548,49.08462839812318,47.96372903877194,48.05412292480469,7021000,0.0,0.0
2024-06-26 00:00:00-04:00,47.593105389121085,48.13095483697669,47.23152297268741,48.09027862548828,4799100,0.0,0.0
2024-06-27 00:00:00-04:00,48.18971848343307,48.298191839217615,47.73774214464069,47.87333297729492,3952900,0.0,0.0
2024-06-28 00:00:00-04:00,47.88237079559049,48.33434710002821,47.864291329616314,47.95468521118164,13623000,0.0,0.0
2024-07-01 00:00:00-04:00,47.90949281198124,48.36146915926408,47.32192218119119,47.57503128051758,3715600,0.0,0.0
2024-07-02 00:00:00-04:00,47.48462712964482,47.83716807821884,47.204404041447724,47.6473388671875,3847100,0.0,0.0
2024-07-03 00:00:00-04:00,47.65637786684436,48.09931266974754,47.59310146642962,47.80101013183594,1905600,0.0,0.0
2024-07-05 00:00:00-04:00,47.52982539396819,47.69253367593934,46.91965468127917,47.21343994140625,3223800,0.0,0.0
2024-07-08 00:00:00-04:00,47.45750604192425,47.86428535480176,47.285756309067125,47.72869110107422,3885500,0.0,0.0
2024-07-09 00:00:00-04:00,47.60214051360445,47.674458371831676,46.5851939083447,46.62587356567383,4380600,0.0,0.0
2024-07-10 00:00:00-04:00,46.86993811962243,47.13208518549332,46.0835003703151,46.743385314941406,5481100,0.0,0.0
2024-07-11 00:00:00-04:00,47.014573432230485,47.70157934254727,46.869941153475196,47.376155853271484,3798900,0.0,0.0
2024-07-12 00:00:00-04:00,47.75581821345302,48.23491199502043,47.39423578882876,47.82813262939453,3084300,0.0,0.0
2024-07-15 00:00:00-04:00,47.91852720980749,48.397624446663286,47.624745364862186,48.15355682373047,2396200,0.0,0.0
2024-07-16 00:00:00-04:00,48.207791112074794,49.52756100653396,48.06315539380553,49.446205139160156,3730000,0.0,0.0
2024-07-17 00:00:00-04:00,49.42813148520335,50.25072826388595,49.37389308447605,50.088016510009766,4386300,0.0,0.0
2024-07-18 00:00:00-04:00,49.78970604296588,50.59422322735041,49.500438066529306,49.50947952270508,3287800,0.0,0.0
2024-07-19 00:00:00-04:00,49.563717642277936,49.563717642277936,48.37049715991633,48.72304153442383,3456500,0.0,0.0
2024-07-22 00:00:00-04:00,48.885755603980165,49.34676988764825,48.57841159876634,49.19309616088867,3341700,0.0,0.0
2024-07-23 00:00:00-04:00,48.93999301965605,49.03490762848583,48.451857789983904,48.87671661376953,2477700,0.0,0.0
2024-07-24 00:00:00-04:00,48.912872882138295,49.0936640812446,48.16259061275401,48.19874954223633,3761900,0.0,0.0
2024-07-25 00:00:00-04:00,45.90270992437406,48.126435844189444,45.6315248458518,47.77389144897461,6188200,0.0,0.0
2024-07-26 00:00:00-04:00,47.79197028972784,48.09027628601962,47.330956007092276,47.78293228149414,4087400,0.0,0.0
2024-07-29 00:00:00-04:00,47.90948508659781,47.97276148914965,47.49366774174137,47.78293228149414,3314600,0.0,0.0
2024-07-30 00:00:00-04:00,47.819090866694005,48.822475292064304,47.819090866694005,48.53321075439453,4401400,0.0,0.0
2024-07-31 00:00:00-04:00,48.94903576090009,49.636038234966016,48.84055896370105,49.23830032348633,5059300,0.0,0.0
2024-08-01 00:00:00-04:00,49.428128871832435,49.73547289642576,47.76485593549895,48.162593841552734,4273100,0.0,0.0
2024-08-02 00:00:00-04:00,47.502707364088515,47.70157803504055,46.59875478456902,47.01457214355469,4981200,0.0,0.0
2024-08-05 00:00:00-04:00,45.812319829497746,46.39989042172177,45.55921419509017,46.11062240600586,5124500,0.0,0.0
2024-08-06 00:00:00-04:00,46.56259514458021,48.135474126241334,46.535477671065394,47.439430236816406,5549600,0.0,0.0
2024-08-07 00:00:00-04:00,47.837166983832965,48.49705537560701,47.141126559308276,47.159202575683594,4293100,0.0,0.0
2024-08-08 00:00:00-04:00,47.4484710645692,47.810050017093445,47.30383879389843,47.61117935180664,3362600,0.0,0.0
2024-08-09 00:00:00-04:00,47.52078646452021,47.81457174026889,47.0597721697602,47.602142333984375,2592700,0.0,0.0
2024-08-12 00:00:00-04:00,47.70157998770771,47.86429173454627,47.109492127343024,47.20440673828125,2555300,0.0,0.0
2024-08-13 00:00:00-04:00,47.204403640217016,47.7829327250934,47.195362183594064,47.692535400390625,2379600,0.0,0.0
2024-08-14 00:00:00-04:00,47.76485326015285,47.927564996312505,47.394232849634825,47.692535400390625,2310100,0.0,0.0
2024-08-15 00:00:00-04:00,48.41569976827376,48.885755507574125,48.10835576366603,48.6959228515625,3501500,0.0,0.0
2024-08-16 00:00:00-04:00,48.57841208694483,48.7953587702728,48.273778446654234,48.73208236694336,6049300,0.0,0.0
2024-08-19 00:00:00-04:00,48.8134409023419,48.939993715915385,48.42474100447733,48.4970588684082,2096000,0.0,0.0
2024-08-20 00:00:00-04:00,48.38858293406053,48.40666240036515,47.49367176596833,47.6563835144043,4391500,0.0,0.0
2024-08-21 00:00:00-04:00,47.909485268028405,48.017958608770144,47.7377355244952,47.864288330078125,2809500,0.0,0.0
2024-08-22 00:00:00-04:00,48.00891864671145,48.07129159096829,47.45298633246198,47.51174545288086,2916000,0.0,0.0
2024-08-23 00:00:00-04:00,47.91852456863381,48.822477145239894,47.8190926817837,48.388580322265625,4901500,0.0,0.0
2024-08-26 00:00:00-04:00,48.90383350351867,49.319654313622806,48.75016321914738,48.84055709838867,2823300,0.0,0.0
2024-08-27 00:00:00-04:00,48.71400312732208,48.921911803267164,48.46541824117933,48.60552978515625,3650100,0.0,0.0
2024-08-28 00:00:00-04:00,48.22587019277012,48.62361154667199,48.1219175740407,48.37050247192383,2630800,0.0,0.0
2024-08-29 00:00:00-04:00,48.73208277245087,49.03942678331075,47.97276247787384,48.686885833740234,3065900,0.0,0.0
2024-08-30 00:00:00-04:00,48.71436181599537,49.0880317956919,48.36175892037691,49.07154846191406,5339100,0.7,0.0
2024-09-03 00:00:00-04:00,48.28390962460841,48.598046734166104,47.45505790900395,47.56038284301758,3891400,0.0,0.0
2024-09-04 00:00:00-04:00,47.55122138384608,48.09157633110396,47.0456707942941,47.23983383178711,3776000,0.0,0.0
2024-09-05 00:00:00-04:00,47.27646288298813,47.377207553270935,46.73610796450808,46.992549896240234,4508900,0.0,0.0
2024-09-06 00:00:00-04:00,46.9376029415019,47.35889570990057,46.13164897616941,46.415565490722656,4144200,0.0,0.0
2024-09-09 00:00:00-04:00,46.461357176504755,47.427585176552014,46.461357176504755,46.983394622802734,4022400,0.0,0.0
2024-09-10 00:00:00-04:00,46.98339539969748,47.03834799789986,46.24613130228152,46.543785095214844,3196500,0.0,0.0
2024-09-11 00:00:00-04:00,46.598736862900616,46.68116401187905,45.572976010344185,46.46135711669922,3717200,0.0,0.0
2024-09-12 00:00:00-04:00,46.41556404752237,46.626210425172076,45.35317164640839,46.03090286254883,5680600,0.0,0.0
2024-09-13 00:00:00-04:00,46.15912442637408,46.70863639828085,45.820255333110055,45.93016052246094,4411800,0.0,0.0
2024-09-16 00:00:00-04:00,46.07669923288207,46.745273441381734,46.047390482404694,46.397247314453125,3189400,0.0,0.0
2024-09-17 00:00:00-04:00,46.56210240755683,47.49627561030277,46.44304019220463,47.175724029541016,4029600,0.0,0.0
2024-09-18 00:00:00-04:00,47.303945058749136,47.890092107561784,46.999880316406774,47.29478454589844,3428100,0.0,0.0
2024-09-19 00:00:00-04:00,48.12821843625237,48.73268308487869,47.86261943317246,48.43960952758789,4746700,0.0,0.0
2024-09-20 00:00:00-04:00,48.210640373601095,48.3571771363833,46.98339367515813,47.35889434814453,8466000,0.0,0.0
2024-09-23 00:00:00-04:00,47.505431720136976,47.84430082705749,47.26731078770423,47.661128997802734,5029600,0.0,0.0
2024-09-24 00:00:00-04:00,48.25643189545815,49.16313050655102,48.20148279362414,48.952484130859375,4675800,0.0,0.0
2024-09-25 00:00:00-04:00,49.14481158826535,49.20892120107106,48.11905428966204,48.3938102722168,3863200,0.0,0.0
2024-09-26 00:00:00-04:00,48.96163964442528,50.152251228282815,48.938745350602396,50.11561965942383,5672100,0.0,0.0
2024-09-27 00:00:00-04:00,50.3720614434958,50.98568306046204,50.042352845962625,50.44533157348633,5513500,0.0,0.0
2024-09-30 00:00:00-04:00,50.50027649290366,50.69260532762463,49.4287271334196,50.0331916809082,5537800,0.0,0.0
2024-10-01 00:00:00-04:00,49.978242068342155,50.227354215842595,49.60274139514187,49.950767517089844,5461300,0.0,0.0
2024-10-02 00:00:00-04:00,50.0789909362793,50.44533462093892,49.81522264483341,50.0789909362793,6312700,0.0,0.0
2024-10-03 00:00:00-04:00,49.877499913249416,50.13394188152764,49.364622964117345,49.91413497924805,4066300,0.0,0.0
2024-10-04 00:00:00-04:00,50.463649507671576,50.94447516514213,50.2896381760799,50.68345642089844,3443800,0.0,0.0
2024-10-07 00:00:00-04:00,50.390376235377296,50.49569767437037,49.6622692064729,50.02403259277344,3096500,0.0,0.0
2024-10-08 00:00:00-04:00,49.22723648728962,49.410408298542805,48.64566974230084,48.73267364501953,4219200,0.0,0.0
2024-10-09 00:00:00-04:00,48.61361930119794,49.1997663548547,48.41671019782462,48.92500686645508,3186200,0.0,0.0
2024-10-10 00:00:00-04:00,48.92500536299171,49.50199537970322,48.81510366723635,49.108177185058594,2494200,0.0,0.0
2024-10-11 00:00:00-04:00,49.22724041473946,49.61189810471939,49.18144833170071,49.25471496582031,4288600,0.0,0.0
2024-10-14 00:00:00-04:00,49.08986121214142,49.30051108511946,48.84258326226847,49.034912109375,2736000,0.0,0.0
2024-10-15 00:00:00-04:00,48.815104341490795,49.05322876158039,48.13737313230772,48.14653015136719,4210700,0.0,0.0
2024-10-16 00:00:00-04:00,48.1740024848021,48.8334196255132,47.95419910037294,48.48539352416992,4492900,0.0,0.0
2024-10-17 00:00:00-04:00,48.54035062729777,48.74183999317255,48.29764943315522,48.61362075805664,3894000,0.0,0.0
2024-10-18 00:00:00-04:00,48.97996366183555,48.97996366183555,48.37549902421842,48.64109802246094,2395700,0.0,0.0
2024-10-21 00:00:00-04:00,48.67773247162506,48.71436404486969,47.725241693019235,47.81682586669922,3542700,0.0,0.0
2024-10-22 00:00:00-04:00,47.84430354872979,47.899252655033614,47.248995943215164,47.68860626220703,4413700,0.0,0.0
2024-10-23 00:00:00-04:00,47.37721307080977,47.615337499885,46.819455909447306,47.15740966796875,4522300,0.0,0.0
2024-10-24 00:00:00-04:00,47.64281218245772,47.77103141675194,46.452200514953006,46.69948196411133,5804600,0.0,0.0
2024-10-25 00:00:00-04:00,46.36061381279232,46.46135849717176,45.508867745945295,45.518028259277344,5889700,0.0,0.0
2024-10-28 00:00:00-04:00,45.646246535540946,45.93016304975193,45.30738091734287,45.89352798461914,6457100,0.0,0.0
2024-10-29 00:00:00-04:00,45.646244534020724,45.77446376265117,45.16999918931339,45.31653594970703,4900600,0.0,0.0
2024-10-30 00:00:00-04:00,45.243268940047365,45.921000141088854,45.005144522818355,45.188316345214844,4775700,0.0,0.0
2024-10-31 00:00:00-04:00,45.11504750495558,45.463073628059576,45.0280435944636,45.224952697753906,4835200,0.0,0.0
2024-11-01 00:00:00-04:00,45.334855356218085,45.53634472023359,44.74870829040435,44.84945297241211,4980400,0.0,0.0
2024-11-04 00:00:00-05:00,44.23582747042966,44.583853597826085,43.45094059894947,43.915279388427734,14634400,0.0,0.0
2024-11-05 00:00:00-05:00,43.77790009969997,43.86948776245117,43.1917530329407,43.86948776245117,7193500,0.0,0.0
2024-11-06 00:00:00-05:00,45.518027270180774,45.518027270180774,43.93817415110178,44.281620025634766,8862800,0.0,0.0
2024-11-07 00:00:00-05:00,44.455630786968236,44.803653392641635,43.97938546510213,44.78533935546875,20309400,0.0,0.0
2024-11-08 00:00:00-05:00,44.50142419679251,44.50142419679251,42.47738413867774,42.578128814697266,12571500,0.0,0.0
2024-11-11 00:00:00-05:00,42.49569870426884,43.02689310387358,42.28504885435948,42.37663650512695,6734700,0.0,0.0
2024-11-12 00:00:00-05:00,42.459070375913896,42.459070375913896,41.131078925779434,41.25014114379883,7101300,0.0,0.0
2024-11-13 00:00:00-05:00,41.12192236499858,41.3224928908518,40.93875052608904,41.204349517822266,6000300,0.0,0.0
2024-11-14 00:00:00-05:00,41.213501906621445,41.33531017010126,40.63651190168943,40.8380012512207,5542400,0.0,0.0
2024-11-15 00:00:00-05:00,40.8196842769215,41.057808692109354,40.29764685847906,40.33428192138672,9814100,0.0,0.0
2024-11-18 00:00:00-05:00,40.444181472272504,40.801364582406535,40.33427978308781,40.4991340637207,5075800,0.0,0.0
2024-11-19 00:00:00-05:00,40.050367007313554,40.29764845114558,39.702340883359746,39.97710037231445,6289700,0.0,0.0
2024-11-20 00:00:00-05:00,39.88550966919314,40.325119926792944,39.68402381802975,40.23353576660156,4808100,0.0,0.0
2024-11-21 00:00:00-05:00,40.12363416724176,41.34172027038478,39.94961937128435,41.03948974609375,6158200,0.0,0.0
2024-11-22 00:00:00-05:00,40.99369274624235,41.708062448622016,40.90210858902756,41.63479232788086,5494100,0.0,0.0
2024-11-25 00:00:00-05:00,41.96450759668461,42.45082884256299,41.64395950144441,42.01029968261719,9463700,0.0,0.0
2024-11-26 00:00:00-05:00,41.65311263916364,41.680587189420166,40.38465415911681,40.79220962524414,9225300,0.0,0.0
2024-11-27 00:00:00-05:00,40.88379669189453,41.286775424070804,40.8105300547702,40.88379669189453,5700600,0.0,0.0
2024-11-29 00:00:00-05:00,40.902409684826694,41.17223990554806,40.61676347053065,41.1350212097168,4339600,0.7,0.0
2024-12-02 00:00:00-05:00,41.20014328289497,41.451364101616214,40.72561743600114,41.293190002441406,7611000,0.0,0.0
2024-12-03 00:00:00-05:00,41.31180333860937,41.39554361960888,40.74423071732045,40.81866455078125,9478500,0.0,0.0
2024-12-04 00:00:00-05:00,40.52091886811463,40.5860497981825,39.28342764745554,39.869606018066406,10962600,0.0,0.0
2024-12-05 00:00:00-05:00,39.8137857902589,40.027787947551026,38.911252020895276,39.255516052246094,9742500,0.0,0.0
2024-12-06 00:00:00-05:00,39.36717375777239,39.58117592391605,38.82751334364227,39.06943130493164,8620000,0.0,0.0
2024-12-09 00:00:00-05:00,40.80470921651091,40.97684300560204,39.46951791851442,39.757957458496094,12855800,0.0,0.0
2024-12-10 00:00:00-05:00,39.45091509309528,39.60443599831227,38.8693862948443,39.2462158203125,7585200,0.0,0.0
2024-12-11 00:00:00-05:00,39.255516612881244,39.28808208186101,38.39020152356762,38.61351013183594,7135900,0.0,0.0
2024-12-12 00:00:00-05:00,38.49255376667472,38.83682137567505,38.362291881915745,38.4088134765625,5738700,0.0,0.0
2024-12-13 00:00:00-05:00,38.380897819703556,38.380897819703556,37.62258560116013,38.01802444458008,7580000,0.0,0.0
2024-12-16 00:00:00-05:00,37.54349164931542,37.85984340575071,37.25505568419793,37.320186614990234,8419800,0.0,0.0
2024-12-17 00:00:00-05:00,37.496974790874376,38.09804284895211,37.45045319863826,37.74819564819336,9702700,0.0,0.0
2024-12-18 00:00:00-05:00,38.0087159470147,38.483245373022754,37.32018792605939,37.35740661621094,11720500,0.0,0.0
2024-12-19 00:00:00-05:00,37.27367067911939,37.75750305932987,36.37113685936426,36.38043975830078,9553500,0.0,0.0
2024-12-20 00:00:00-05:00,36.27809682237692,37.48302287868291,36.147831380364856,37.162017822265625,17715600,0.0,0.0
2024-12-23 00:00:00-05:00,37.20853930918661,37.459756620645095,36.92288955913903,37.1899299621582,6718700,0.0,0.0
2024-12-24 00:00:00-05:00,37.134101763251905,37.38532262301272,36.68748808457824,37.30158233642578,3784100,0.0,0.0
2024-12-26 00:00:00-05:00,37.20853660609914,37.557453851451505,37.07827118636365,37.42253875732422,5274200,0.0,0.0
2024-12-27 00:00:00-05:00,37.3294907051358,37.86449783891056,37.124795008692914,37.245750427246094,4855000,0.0,0.0
2024-12-30 00:00:00-05:00,37.12480050251839,37.14340630091865,36.5013997750049,36.69679260253906,7954900,0.0,0.0
2024-12-31 00:00:00-05:00,36.78983524760328,37.473713617244464,36.68748562094,37.33879852294922,6867200,0.0,0.0
2025-01-02 00:00:00-05:00,37.524891269897566,37.77610858242699,36.752619337091446,36.79914093017578,7130500,0.0,0.0
2025-01-03 00:00:00-05:00,36.892184093587204,37.04570498096368,36.47348269762934,36.65957260131836,6839900,0.0,0.0
2025-01-06 00:00:00-05:00,37.03175108356155,37.348102874022985,36.799139577321384,36.9852294921875,6899400,0.0,0.0
2025-01-07 00:00:00-05:00,36.75261692976398,37.16666511502313,36.431611924579094,36.66887664794922,7248700,0.0,0.0
2025-01-08 00:00:00-05:00,36.33391061742522,36.38973864755766,35.66399200268252,36.21295166015625,6196900,0.0,0.0
2025-01-10 00:00:00-05:00,36.02686950912421,36.1338688092595,35.775648668406504,35.82217025756836,7833500,0.0,0.0
2025-01-13 00:00:00-05:00,35.86869100949204,36.92939883485041,35.86869100949204,36.910789489746094,8230600,0.0,0.0
2025-01-14 00:00:00-05:00,37.143399719314075,37.320186717122304,36.90148533990484,37.292274475097656,4516000,0.0,0.0
2025-01-15 00:00:00-05:00,37.664453059226354,37.93428324681358,37.348101282247825,37.59001922607422,5446400,0.0,0.0
2025-01-16 00:00:00-05:00,37.52489032937515,38.19480906161285,37.31088461768496,38.02732849121094,5812300,0.0,0.0
2025-01-17 00:00:00-05:00,38.25063584975826,38.50185669713976,38.13433009908367,38.18550491333008,6194800,0.0,0.0
2025-01-21 00:00:00-05:00,38.44602837233391,38.85542333388229,38.28785425629356,38.68794631958008,5583600,0.0,0.0
2025-01-22 00:00:00-05:00,38.52046481295197,38.580942523598154,37.97150154532524,37.980804443359375,5607300,0.0,0.0
2025-01-23 00:00:00-05:00,38.10176563051871,38.6414224821351,38.055244038902295,38.58559799194336,5442400,0.0,0.0
2025-01-24 00:00:00-05:00,38.818208124762826,39.00429448463882,38.43672540802535,38.492549896240234,5111600,0.0,0.0
2025-01-27 00:00:00-05:00,38.83681833139474,39.050820489491066,38.40416079129111,39.004295349121094,6182700,0.0,0.0
2025-01-28 00:00:00-05:00,39.08803339018932,39.24062789125995,38.40880826231945,38.53907012939453,6009600,0.0,0.0
2025-01-29 00:00:00-05:00,38.362293361341465,38.59025166846079,37.99476671552933,38.1948127746582,6765200,0.0,0.0
2025-01-30 00:00:00-05:00,36.5851381856057,36.734009410750154,34.88242376985169,35.86869430541992,18933200,0.0,0.0
2025-01-31 00:00:00-05:00,36.124566779503866,36.54791786523353,35.73843083637638,36.33391571044922,12725800,0.0,0.0
2025-02-03 00:00:00-05:00,35.543036667935944,35.63607984493692,34.11014902615488,34.78007125854492,14986900,0.0,0.0
2025-02-04 00:00:00-05:00,34.966164055831065,36.21295834805959,34.928945362202455,35.86869430541992,10017100,0.0,0.0
2025-02-05 00:00:00-05:00,35.56164948102901,35.77565164849558,35.0964264519182,35.310428619384766,6757400,0.0,0.0
2025-02-06 00:00:00-05:00,35.56164638312539,36.18504348412989,35.53373059023897,36.07339096069336,7610300,0.0,0.0
2025-02-07 00:00:00-05:00,36.194348865285086,36.31065460900468,35.66864463207597,35.8966064453125,5966200,0.0,0.0
2025-02-10 00:00:00-05:00,36.19435128633739,36.2873944677889,35.49651677734145,35.88730239868164,5911100,0.0,0.0
2025-02-11 00:00:00-05:00,35.96173983935733,36.129220405726834,35.76169380449208,35.94313049316406,5446500,0.0,0.0
2025-02-12 00:00:00-05:00,35.71052159433638,35.878002172921015,35.40626603809398,35.5988655090332,5607400,0.0,0.0
2025-02-13 00:00:00-05:00,35.701213942477224,35.97569737288271,35.40347149044516,35.673301696777344,6619000,0.0,0.0
2025-02-14 00:00:00-05:00,36.12921762307007,36.761917598061416,35.92451838007989,35.980342864990234,5387700,0.0,0.0
2025-02-18 00:00:00-05:00,36.02686760603171,37.23644660719353,35.99895181451343,36.957313537597656,7612300,0.0,0.0
2025-02-19 00:00:00-05:00,36.28738903366617,36.650262356103745,36.091996252256614,36.21295166015625,6219800,0.0,0.0
2025-02-20 00:00:00-05:00,36.28739383718749,36.8549664625401,36.222262901429296,36.83635711669922,5747100,0.0,0.0
2025-02-21 00:00:00-05:00,37.06896597470218,37.30157745708627,36.43160923519676,36.76191711425781,5962900,0.0,0.0
2025-02-24 00:00:00-05:00,36.668876839457646,36.69678908375174,36.18969771576997,36.33391571044922,7411700,0.0,0.0
2025-02-25 00:00:00-05:00,36.46417748732485,36.81774796139175,36.273437902865865,36.50139617919922,6180000,0.0,0.0
2025-02-26 00:00:00-05:00,36.789837186110155,36.8177494314455,35.85939114831902,36.1478271484375,6294900,0.0,0.0
2025-02-27 00:00:00-05:00,36.05478438275062,36.0920030765429,35.50582107210943,35.757041931152344,7949600,0.0,0.0
2025-02-28 00:00:00-05:00,35.82337751514431,36.306710833357755,35.65278971050671,36.11716842651367,10056900,0.7,0.0
2025-03-03 00:00:00-05:00,36.64788186946228,36.666836471173305,34.126977685426596,34.17436599731445,10954300,0.0,0.0
2025-03-04 00:00:00-05:00,34.013255523875664,34.316521937158406,33.62469520590586,33.75737380981445,8840500,0.0,0.0
2025-03-05 00:00:00-05:00,34.3639069999448,36.041351399723766,34.307046806365726,35.80442428588867,10393200,0.0,0.0
2025-03-06 00:00:00-05:00,35.37321998581928,35.71913155890874,34.80459272471978,35.48220443725586,9128500,0.0,0.0
2025-03-07 00:00:00-05:00,35.24527393783553,35.652788837241545,34.83775903842951,35.49168014526367,8667000,0.0,0.0
2025-03-10 00:00:00-04:00,35.406384773920756,36.357881881389616,35.21778956735928,35.44429397583008,6310800,0.0,0.0
2025-03-11 00:00:00-04:00,35.638576836423006,35.728610298590176,34.27861387072839,34.75246810913086,6997100,0.0,0.0
2025-03-12 00:00:00-04:00,34.875670236855306,34.875670236855306,33.861622484575896,33.880577087402344,6923900,0.0,0.0
2025-03-13 00:00:00-04:00,33.81423700913812,35.254754253902924,33.757373201963716,34.33547592163086,7958400,0.0,0.0
2025-03-14 00:00:00-04:00,34.856714398178646,35.23579921082538,34.742990400472905,35.036781311035156,5991200,0.0,0.0
2025-03-17 00:00:00-04:00,35.07469156616668,35.80916713267043,35.07469156616668,35.548545837402344,5097100,0.0,0.0
2025-03-18 00:00:00-04:00,35.794951395544054,35.82338149440143,35.36848183657786,35.64331817626953,4866000,0.0,0.0
2025-03-19 00:00:00-04:00,35.539068337857664,35.747565362310475,35.10312330056632,35.245277404785156,5525100,0.0,0.0
2025-03-20 00:00:00-04:00,34.83776032718382,35.06521194128388,34.59135772586112,34.69560623168945,5406300,0.0,0.0
2025-03-21 00:00:00-04:00,34.35443245802357,34.45394141476512,33.941230779157955,34.27861404418945,13257700,0.0,0.0
2025-03-24 00:00:00-04:00,34.61978578456641,34.93063690807992,34.08907140826637,34.392337799072266,6797400,0.0,0.0
2025-03-25 00:00:00-04:00,34.392342837985254,34.42077293653225,33.383030956913814,33.47306442260742,7218000,0.0,0.0
2025-03-26 00:00:00-04:00,33.425676252764106,33.90900595403349,33.29299765301254,33.71946716308594,5801600,0.0,0.0
2025-03-27 00:00:00-04:00,33.169791907408076,33.54887668958091,32.8001862331608,33.39724349975586,6911900,0.0,0.0
2025-03-28 00:00:00-04:00,33.226655685472366,33.37828887518867,32.34054708653057,32.56325912475586,6913700,0.0,0.0
2025-03-31 00:00:00-04:00,32.33581280952751,33.3688152128043,32.155749497110826,33.09397888183594,8477200,0.0,0.0
2025-04-01 00:00:00-04:00,32.676986861391164,32.947083624529924,32.31117351166058,32.80018997192383,6446000,0.0,0.0
2025-04-02 00:00:00-04:00,32.525354404379804,33.33090515787063,32.50639980115143,33.065547943115234,5146700,0.0,0.0
2025-04-03 00:00:00-04:00,31.72928061333579,31.8809138309595,29.739092372511383,29.814908981323242,18080900,0.0,0.0
2025-04-04 00:00:00-04:00,28.630272403994937,28.848246728870564,26.578484478241766,26.725379943847656,18677500,0.0,0.0
2025-04-07 00:00:00-04:00,25.796624704826172,27.758382817121337,24.951268535307683,26.0809383392334,19652900,0.0,0.0
2025-04-08 00:00:00-04:00,27.4835442218531,27.4835442218531,23.99597694172443,24.46035385131836,17050500,0.0,0.0
2025-04-09 00:00:00-04:00,24.024410808120173,28.563933577796035,23.749574475792045,28.29857635498047,19876900,0.0,0.0
2025-04-10 00:00:00-04:00,27.29400280789206,27.312957410837267,25.227999892345895,25.862964630126953,15213200,0.0,0.0
2025-04-11 00:00:00-04:00,25.59760747525025,27.01917026264401,25.085844004135428,26.9433536529541,11189100,0.0,0.0
2025-04-14 00:00:00-04:00,27.62570136018372,27.910014983909907,26.782241405777956,27.36981964111328,10448500,0.0,0.0
2025-04-15 00:00:00-04:00,26.60217507488968,27.256094391182106,26.237307116074714,26.251523971557617,12375800,0.0,0.0
2025-04-16 00:00:00-04:00,26.251524577990953,26.706424196524544,25.80136270632087,26.033550262451172,8672400,0.0,0.0
2025-04-17 00:00:00-04:00,26.279954255293635,26.924396275077527,26.279954255293635,26.67799186706543,8474900,0.0,0.0
2025-04-21 00:00:00-04:00,26.696947535907263,26.858058047289155,26.261000701975487,26.64956283569336,7745100,0.0,0.0
2025-04-22 00:00:00-04:00,27.047600279979164,27.815243625424422,27.009691073976715,27.483545303344727,8488300,0.0,0.0
2025-04-23 00:00:00-04:00,28.488115763473992,29.14203510613277,27.23240314021502,27.483545303344727,10727000,0.0,0.0
2025-04-24 00:00:00-04:00,27.02864391351741,28.600892519963445,26.58321981010211,28.20380210876465,13069300,0.0,0.0
2025-04-25 00:00:00-04:00,27.80576661601265,28.507070665930986,27.597271403640317,28.45020866394043,12991600,0.0,0.0
2025-04-28 00:00:00-04:00,28.668180986810572,29.32210033197949,28.156417549475655,28.383869171142578,9347200,0.0,0.0
2025-04-29 00:00:00-04:00,28.241711542116242,29.108865655494817,28.21328144502871,29.047264099121094,9498800,0.0,0.0
2025-04-30 00:00:00-04:00,28.635009661711056,29.037785011636256,28.203802408836534,28.990400314331055,11306100,0.0,0.0
2025-05-01 00:00:00-04:00,29.07569625372912,29.232067211885905,28.687135924235946,28.93354034423828,7009600,0.0,0.0
2025-05-02 00:00:00-04:00,29.246282603568055,29.435823204193877,28.630270680605605,28.82929039001465,8619400,0.0,0.0
2025-05-05 00:00:00-04:00,28.34122256149061,28.43125421576744,27.40772913630423,27.436161041259766,9061700,0.0,0.0
2025-05-06 00:00:00-04:00,27.379296437742827,27.748903961009614,27.132892024768438,27.294002532958984,7691300,0.0,0.0
2025-05-07 00:00:00-04:00,27.483545917221473,27.587794428446283,26.796456907768842,26.96230697631836,8814500,0.0,0.0
2025-05-08 00:00:00-04:00,27.2371404978637,28.18484894305427,27.160376706699477,27.710994720458984,7787000,0.0,0.0
2025-05-09 00:00:00-04:00,27.910014041487916,28.203803149235362,27.67782468033226,27.938444137573242,8162800,0.0,0.0
2025-05-12 00:00:00-04:00,29.99497104425546,30.69627505610289,29.32209893566508,29.36000633239746,11832500,0.0,0.0
2025-05-13 00:00:00-04:00,29.312622970413,29.587457483981165,28.999879250774498,29.16098976135254,8502800,0.0,0.0
2025-05-14 00:00:00-04:00,29.075694872948144,29.160988776114202,28.47863755078574,28.592363357543945,6434900,0.0,0.0
2025-05-15 00:00:00-04:00,28.241711792818226,28.39239781611738,27.857891017845827,28.336483001708984,6481000,0.0,0.0
2025-05-16 00:00:00-04:00,28.327004968922857,28.71082754159904,27.985831156376662,28.611318588256836,5872600,0.0,0.0
2025-05-19 00:00:00-04:00,28.09955653941841,28.639750092815774,27.867368970205405,28.535503387451172,5937100,0.0,0.0
2025-05-20 00:00:00-04:00,28.563933388503933,28.702298741658108,28.158314630880653,28.232236862182617,5576400,0.0,0.0
2025-05-21 00:00:00-04:00,27.96687496083095,28.118508159462614,27.189754365941095,27.24661636352539,8938600,0.0,0.0
2025-05-22 00:00:00-04:00,27.047597961643973,27.33664749839035,26.83910096172231,27.170799255371094,6885100,0.0,0.0
2025-05-23 00:00:00-04:00,26.67799318582043,26.981259608330983,26.450543368937513,26.83910369873047,7095200,0.0,0.0
2025-05-27 00:00:00-04:00,27.341386990783935,27.52145208823404,27.189753795334457,27.407726287841797,8763100,0.0,0.0
2025-05-28 00:00:00-04:00,27.48354639238536,27.568840301660224,26.78224232204465,26.85805892944336,7731600,0.0,0.0
2025-05-29 00:00:00-04:00,27.33191343451549,27.568840560814955,26.725380569624217,27.284528732299805,10227600,0.0,0.0
2025-05-30 00:00:00-04:00,27.15339799436978,27.235961606143654,26.643452595416083,26.944562911987305,13965300,0.7,0.0
2025-06-02 00:00:00-04:00,26.86685454983252,26.934847016562447,26.083966685503757,26.420045852661133,12390500,0.0,0.0
2025-06-03 00:00:00-04:00,26.420047681466606,27.250530329992632,25.730405786920574,26.99312973022461,10557600,0.0,0.0
2025-06-04 00:00:00-04:00,27.051409798620003,27.517645494933475,26.895997899848847,27.469079971313477,8844700,0.0,0.0
2025-06-05 00:00:00-04:00,27.692481669326217,27.784756896353496,27.1485400761679,27.371944427490234,8634700,0.0,0.0
2025-06-06 00:00:00-04:00,27.537072645083587,28.017877631437624,27.49336293244631,27.73133659362793,6728400,0.0,0.0
2025-06-09 00:00:00-04:00,27.97416678788079,28.940636238163922,27.95474169067085,28.54724884033203,11394400,0.0,0.0
2025-06-10 00:00:00-04:00,28.82893281368644,29.999379629179266,28.702659497653215,29.819684982299805,10985100,0.0,0.0
2025-06-11 00:00:00-04:00,30.169363343192135,30.285923194530515,29.406873129794196,29.800260543823242,7842300,0.0,0.0
2025-06-12 00:00:00-04:00,29.343734046214543,29.576853729663807,29.091191119013537,29.275741577148438,6817200,0.0,0.0
2025-06-13 00:00:00-04:00,29.062052377433872,30.13051055323446,28.935780906525196,29.042625427246094,10271600,0.0,0.0
2025-06-16 00:00:00-04:00,29.470008416509604,29.69341278076172,29.023197835349478,29.69341278076172,10658500,0.0,0.0
2025-06-17 00:00:00-04:00,29.576854375834504,29.732266266425437,28.581244520125523,28.595815658569336,8850700,0.0,0.0
2025-06-18 00:00:00-04:00,28.498683138035663,28.57638908435158,27.663342825647675,27.682769775390625,12211600,0.0,0.0
2025-06-20 00:00:00-04:00,27.69733900899109,27.78961609376766,26.73087141930561,26.9639892578125,22583000,0.0,0.0
2025-06-23 00:00:00-04:00,26.420047450162023,26.832859938929353,25.84696540642129,26.099510192871094,17264100,0.0,0.0
2025-06-24 00:00:00-04:00,26.46861358482529,27.06889263081355,26.264636167574878,26.740585327148438,19116200,0.0,0.0
2025-06-25 00:00:00-04:00,26.740585277852738,26.760010375181785,26.05094337463379,26.05094337463379,15726100,0.0,0.0
2025-06-26 00:00:00-04:00,26.322913515071868,26.76000874720692,26.225780623712144,26.371479034423828,13857800,0.0,0.0
2025-06-27 00:00:00-04:00,26.614310197819172,26.963987863829836,25.97323571190349,26.225780487060547,18629400,0.0,0.0
2025-06-30 00:00:00-04:00,26.128648352171883,26.14807530143583,25.623558787244306,25.720691680908203,11746900,0.0,0.0
2025-07-01 00:00:00-04:00,25.672125591342628,27.631288732178085,25.613846597498476,27.031980514526367,21426600,0.0,0.0
2025-07-02 00:00:00-04:00,27.342805140850047,27.906173706054688,26.808576999807254,27.906173706054688,14120500,0.0,0.0
2025-07-03 00:00:00-04:00,27.847894438219235,27.95474080644589,27.55649761007216,27.6439151763916,5950000,0.0,0.0
2025-07-07 00:00:00-04:00,27.20681963513017,27.663341821584332,26.308342695016478,26.6920166015625,13061900,0.0,0.0
2025-07-08 00:00:00-04:00,26.915419995169245,28.756081665935152,26.876567951138558,28.226709365844727,18326600,0.0,0.0
2025-07-09 00:00:00-04:00,28.522964636061307,29.46029361411667,28.36269693941738,28.984344482421875,15427600,0.0,0.0
2025-07-10 00:00:00-04:00,28.848359903837856,30.04017525749938,28.73665587270209,29.363161087036133,12068000,0.0,0.0
2025-07-11 00:00:00-04:00,28.770653928794268,28.964917861857252,28.28499131715305,28.702659606933594,12318800,0.0,0.0
2025-07-14 00:00:00-04:00,28.411262816032476,28.55696122917327,27.265098754721446,27.439937591552734,13284400,0.0,0.0
2025-07-15 00:00:00-04:00,27.847894646721464,28.017875822303964,27.13882766764038,27.187393188476562,9162900,0.0,0.0
2025-07-16 00:00:00-04:00,27.158252895734588,27.47879200436481,26.813432879224703,27.333091735839844,8757000,0.0,0.0
2025-07-17 00:00:00-04:00,27.20681993417099,27.682769074894335,27.177679510293945,27.6439151763916,7623200,0.0,0.0
2025-07-18 00:00:00-04:00,27.823611592316126,27.915886821992224,27.294239269109354,27.52735710144043,9013200,0.0,0.0
2025-07-21 00:00:00-04:00,27.77018971542505,28.085871170350455,27.51764492201591,27.575923919677734,7026100,0.0,0.0
2025-07-22 00:00:00-04:00,27.658487443388946,28.892070981354877,27.658487443388946,28.809507369995117,9296400,0.0,0.0
2025-07-23 00:00:00-04:00,29.343735574563688,29.99452358083715,29.15432744296982,29.499149322509766,20963300,0.0,0.0
2025-07-24 00:00:00-04:00,26.410334162487136,26.80857736822593,23.671197243930227,24.351123809814453,66003500,0.0,0.0
2025-07-25 00:00:00-04:00,23.933453453992836,24.914492174173194,23.719762566959286,24.778507232666016,36918200,0.0,0.0
2025-07-28 00:00:00-04:00,24.603669799072506,25.38072929877375,24.205426573893618,24.9727725982666,17843700,0.0,0.0
2025-07-29 00:00:00-04:00,24.865926337529647,24.865926337529647,24.263703877847824,24.457969665527344,13123800,0.0,0.0
2025-07-30 00:00:00-04:00,24.31227197549696,24.33169707271901,23.098115397962957,23.234100341796875,16559800,0.0,0.0
2025-07-31 00:00:00-04:00,22.957272220050523,22.97864075279192,22.28220147613598,22.62216567993164,21303600,0.0,0.0
2025-08-01 00:00:00-04:00,22.335625162827384,22.418186920630216,21.165178298950195,21.165178298950195,25059000,0.0,0.0
2025-08-04 00:00:00-04:00,21.24288274649021,21.262307842295616,20.70379696895493,20.970911026000977,18562100,0.0,0.0
2025-08-05 00:00:00-04:00,21.320590058972133,22.010230099798257,21.155464691743134,21.738258361816406,22028700,0.0,0.0
2025-08-06 00:00:00-04:00,21.97137900444818,22.126790903551562,20.640662534137512,20.689228057861328,19480800,0.0,0.0
2025-08-07 00:00:00-04:00,21.126324221544053,21.50999814054974,20.698940592111697,20.990339279174805,12719600,0.0,0.0
2025-08-08 00:00:00-04:00,21.009763964334454,21.1554642313378,20.55324177200409,20.611520767211914,11325700,0.0,0.0
2025-08-11 00:00:00-04:00,20.669801965470242,20.980625748722204,19.816978144895536,20.27155876159668,20712400,0.0,0.0
2025-08-12 00:00:00-04:00,20.290982737221103,21.36915429686745,20.218134459166162,21.08746910095215,15785300,0.0,0.0
2025-08-13 00:00:00-04:00,21.184603770910027,22.33076789410212,21.08747087268671,22.262775421142578,16243300,0.0,0.0
2025-08-14 00:00:00-04:00,22.170498747568857,22.787288628037068,21.825676888627772,22.699871063232422,11822600,0.0,0.0
2025-08-15 00:00:00-04:00,22.903849735910086,23.170963813969,22.680445368999425,22.69015884399414,10779700,0.0,0.0
2025-08-18 00:00:00-04:00,22.631877858658115,22.962128595879385,22.554171911821108,22.573598861694336,12231500,0.0,0.0
2025-08-19 00:00:00-04:00,22.855283737182617,23.544923773528737,22.631877522272855,22.855283737182617,8879800,0.0,0.0
2025-08-20 00:00:00-04:00,22.89413502631739,23.768327349484487,22.855282981089605,23.389511108398438,12660700,0.0,0.0
2025-08-21 00:00:00-04:00,23.15639291323428,23.263239278070394,22.74358044434969,23.01069450378418,9431100,0.0,0.0
2025-08-22 00:00:00-04:00,23.29237798182965,24.516247963003575,23.22438551387373,24.389976501464844,20539200,0.0,0.0
2025-08-25 00:00:00-04:00,24.283131208211213,24.283131208211213,23.807182058848976,24.205425262451172,10012300,0.0,0.0
2025-08-26 00:00:00-04:00,24.098578713128354,24.27827521664543,23.90917058753737,24.03058624267578,8049300,0.0,0.0
2025-08-27 00:00:00-04:00,23.797468407128736,24.360836972864732,23.71004898721661,24.03058624267578,10348200,0.0,0.0
2025-08-28 00:00:00-04:00,24.3414105047224,24.3414105047224,23.593491462299195,23.865461349487305,11714200,0.0,0.0
2025-08-29 00:00:00-04:00,23.934437509033593,24.525653048065823,23.885168294495333,24.269458770751953,8791800,0.35,0.0
2025-09-02 00:00:00-04:00,23.875315547615077,24.382778143798898,23.717657812711884,24.05268096923828,12152500,0.0,0.0
2025-09-03 00:00:00-04:00,23.895021640794848,24.161069755487112,23.4417561530332,23.5797061920166,11528200,0.0,0.0
2025-09-04 00:00:00-04:00,23.412195578237746,23.633902349508904,22.86039352040718,23.559999465942383,11630400,0.0,0.0
2025-09-05 00:00:00-04:00,23.5501457114494,24.55521515870811,23.426975491327354,24.1413631439209,18476700,0.0,0.0
2025-09-08 00:00:00-04:00,23.983705754984598,23.98961843683941,22.78156506602218,23.62897491455078,15488100,0.0,0.0
2025-09-09 00:00:00-04:00,23.495950740374628,24.00341333018042,23.353074712021403,23.786632537841797,10959400,0.0,0.0
2025-09-10 00:00:00-04:00,23.589561049261683,24.10194773584895,23.36785427748294,23.481170654296875,11492700,0.0,0.0
2025-09-11 00:00:00-04:00,23.31365879528599,24.771993730510058,23.31365879528599,24.653751373291016,25711700,0.0,0.0
2025-09-12 00:00:00-04:00,24.63404463317513,25.116871682453947,24.505948428031136,24.673460006713867,14732800,0.0,0.0
2025-09-15 00:00:00-04:00,24.845897679805137,25.008481397817004,23.693024310578522,23.816194534301758,13192300,0.0,0.0
2025-09-16 00:00:00-04:00,24.0428256478923,24.515798823526772,23.830972727246547,24.121654510498047,11070800,0.0,0.0
2025-09-17 00:00:00-04:00,24.239899682804648,25.3927730177011,23.83097365009481,24.18077850341797,14775200,0.0,0.0
2025-09-18 00:00:00-04:00,24.446824547664864,24.62418996378263,23.540291660396136,23.75707244873047,15350400,0.0,0.0
2025-09-19 00:00:00-04:00,23.7964853646735,23.7964853646735,23.008196733734806,23.146146774291992,19106700,0.0,0.0
2025-09-22 00:00:00-04:00,23.008196941126997,23.047610433315025,22.604198779200797,22.83083152770996,12901800,0.0,0.0
2025-09-23 00:00:00-04:00,23.195415918148665,23.35011730308066,22.505661958594146,22.52536964416504,11016900,0.0,0.0
2025-09-24 00:00:00-04:00,22.633758440520214,23.03775660266124,22.57463726249255,22.79141616821289,11913600,0.0,0.0
2025-09-25 00:00:00-04:00,22.683028789623044,22.687954771609917,21.840544912733268,21.875032424926758,16437600,0.0,0.0
2025-09-26 00:00:00-04:00,22.101664650201286,22.860393658959577,22.01790792302304,22.623905181884766,12623800,0.0,0.0
2025-09-29 00:00:00-04:00,22.899806719784266,22.90966056276202,22.387418161511295,22.554929733276367,11803800,0.0,0.0
2025-09-30 00:00:00-04:00,22.44654120704508,22.61996358095882,21.986376325321494,22.594345092773438,14368700,0.0,0.0
2025-10-01 00:00:00-04:00,22.564783471444343,22.880098927554393,22.481028625665026,22.712587356567383,12531500,0.0,0.0
2025-10-02 00:00:00-04:00,22.79141583870508,23.61715019594287,22.614052307186334,23.343219757080078,17945200,0.0,0.0
2025-10-03 00:00:00-04:00,23.362926894077905,23.683170224245156,23.05746526861719,23.471317291259766,8354600,0.0,0.0
2025-10-06 00:00:00-04:00,23.481171417209143,23.540292598461544,22.95892899109896,23.077173233032227,9417100,0.0,0.0
2025-10-07 00:00:00-04:00,23.19541614463863,23.32351234324354,21.924298604329426,22.170639038085938,19270000,0.0,0.0
2025-10-08 00:00:00-04:00,22.180493773080812,22.61405348017025,22.111518749563306,22.269176483154297,10240600,0.0,0.0
2025-10-09 00:00:00-04:00,22.180494124304936,22.27903067921672,21.4907401193509,21.75678825378418,15428400,0.0,0.0
2025-10-10 00:00:00-04:00,21.894736796027495,22.022834872424593,20.347719192504883,20.347719192504883,18840800,0.0,0.0
2025-10-13 00:00:00-04:00,20.692597109823655,21.402056905566237,20.692597109823655,21.106449127197266,12276700,0.0,0.0
2025-10-14 00:00:00-04:00,20.7073775290558,21.76664221088945,20.584207304629956,21.599130630493164,9683300,0.0,0.0
2025-10-15 00:00:00-04:00,21.865178581524553,22.234689251679203,21.579422761145963,21.875032424926758,10597900,0.0,0.0
2025-10-16 00:00:00-04:00,21.98342016511385,22.14107789510994,21.24932671221237,21.579421997070312,10929900,0.0,0.0
2025-10-17 00:00:00-04:00,21.579422477305798,21.722300385615778,21.357715702243485,21.569568634033203,9111200,0.0,0.0
2025-10-20 00:00:00-04:00,21.668104392765617,21.76171308128001,21.12615618864504,21.313373565673828,10342700,0.0,0.0
2025-10-21 00:00:00-04:00,21.372496558954783,21.746933191316202,21.24932634207653,21.431617736816406,10565100,0.0,0.0
2025-10-22 00:00:00-04:00,21.431618257808484,21.687812540674614,21.24932685863719,21.38235092163086,12026100,0.0,0.0
2025-10-23 00:00:00-04:00,23.116585550843297,24.360113090884333,23.008197037301876,24.151216506958008,33606400,0.0,0.0
2025-10-24 00:00:00-04:00,24.377850004161495,24.535507737265217,23.845755624793533,24.44682502746582,14496700,0.0,0.0
2025-10-27 00:00:00-04:00,24.634043690367555,25.668672773591638,24.584776354758173,25.353357315063477,17744700,0.0,0.0
2025-10-28 00:00:00-04:00,25.1464319932895,25.166139679103267,24.427118375942218,25.008480072021484,11767500,0.0,0.0
2025-10-29 00:00:00-04:00,24.939505410631874,25.27452855658221,24.372923531030857,24.49609375,12570700,0.0,0.0
2025-10-30 00:00:00-04:00,24.013266428299463,24.1364366457869,23.431902851404484,23.451608657836914,11446600,0.0,0.0
2025-10-31 00:00:00-04:00,23.569852400011158,23.73736396746345,23.254536950554684,23.500877380371094,13052700,0.0,0.0
2025-11-03 00:00:00-05:00,23.24468445418022,23.34322100769976,22.584491988856268,22.88995361328125,13200100,0.0,0.0
2025-11-04 00:00:00-05:00,22.505663569096413,22.633759775617083,22.229761589645427,22.259323120117188,12009900,0.0,0.0
2025-11-05 00:00:00-05:00,22.377564411370614,22.88009912875068,22.28888358305967,22.436687469482422,12998600,0.0,0.0
2025-11-06 00:00:00-05:00,22.49580850804649,22.604198901147956,21.894737243652344,21.894737243652344,15504300,0.0,0.0
2025-11-07 00:00:00-05:00,21.87503189058424,22.150931981392738,21.559714547701304,21.963714599609375,13745900,0.0,0.0
2025-11-10 00:00:00-05:00,22.36771240381573,22.416979739383684,21.382350657029637,21.7764949798584,14784800,0.0,0.0
2025-11-11 00:00:00-05:00,21.90459055601474,22.16078482841254,21.742006849729172,21.98341941833496,9556900,0.0,0.0
2025-11-12 00:00:00-05:00,22.091810384628538,22.35785850667939,21.766641084153623,21.855323791503906,8406100,0.0,0.0
2025-11-13 00:00:00-05:00,21.825763062874803,22.820978686742475,21.746934195609466,22.771711349487305,18599300,0.0,0.0
2025-11-14 00:00:00-05:00,22.51551622842309,22.840685528796822,22.207098273159495,22.594345092773438,12069100,0.0,0.0
2025-11-17 00:00:00-05:00,22.485954547323658,22.485954547323658,21.298593728904002,21.3527889251709,13080800,0.0,0.0
2025-11-18 00:00:00-05:00,21.254253208005416,21.682885054333397,20.93893774038812,21.530155181884766,12329300,0.0,0.0
2025-11-19 00:00:00-05:00,21.5597142146216,21.66317862650476,20.85025443280949,20.998058319091797,13044100,0.0,0.0
2025-11-20 00:00:00-05:00,21.131082639000848,21.436544258310438,20.623621934101767,20.643329620361328,12657200,0.0,0.0
2025-11-21 00:00:00-05:00,20.968499505636874,22.121372871696526,20.929084132028052,21.875032424926758,19595100,0.0,0.0
2025-11-24 00:00:00-05:00,21.87503173031229,22.23961452747474,21.62869129136476,22.2002010345459,15713700,0.0,0.0
2025-11-25 00:00:00-05:00,22.426833824660342,23.008197411898887,22.29873574371441,22.860393524169922,14209700,0.0,0.0
2025-11-26 00:00:00-05:00,22.88009932718697,23.747218726063405,22.86039352040718,23.559999465942383,10506200,0.0,0.0
2025-11-28 00:00:00-05:00,23.729999542236328,24.020000457763672,23.59000015258789,23.850000381469727,7253900,0.35,0.0
2025-12-01 00:00:00-05:00,23.600000381469727,24.28499984741211,23.565000534057617,23.84000015258789,11456100,0.0,0.0
2025-12-02 00:00:00-05:00,23.8700008392334,24.09000015258789,23.405000686645508,23.860000610351562,10733800,0.0,0.0
2025-12-03 00:00:00-05:00,23.979999542236328,24.46500015258789,23.735000610351562,23.760000228881836,10524700,0.0,0.0
2025-12-04 00:00:00-05:00,23.850000381469727,23.93000030517578,22.75,22.8700008392334,10415800,0.0,0.0
2025-12-05 00:00:00-05:00,23.170000076293945,23.684999465942383,22.934999465942383,22.959999084472656,9023600,0.0,0.0
2025-12-08 00:00:00-05:00,22.899999618530273,23.25,22.760000228881836,22.860000610351562,11723700,0.0,0.0
2025-12-09 00:00:00-05:00,22.885000228881836,23.844999313354492,22.850000381469727,23.110000610351562,11305700,0.0,0.0
2025-12-10 00:00:00-05:00,23.190000534057617,24.700000762939453,23.174999237060547,24.59000015258789,11997200,0.0,0.0
2025-12-11 00:00:00-05:00,24.540000915527344,25.049999237060547,24.424999237060547,24.579999923706055,11607200,0.0,0.0
2025-12-12 00:00:00-05:00,24.700000762939453,24.885000228881836,23.93000030517578,23.969999313354492,9613300,0.0,0.0
2025-12-15 00:00:00-05:00,24.020000457763672,24.239999771118164,23.110000610351562,23.450000762939453,17458900,0.0,0.0
2025-12-16 00:00:00-05:00,23.209999084472656,23.25,22.520000457763672,22.84000015258789,17492000,0.0,0.0
2025-12-17 00:00:00-05:00,22.979999542236328,23.375999450683594,22.90999984741211,23.06999969482422,14084900,0.0,0.0
2025-12-18 00:00:00-05:00,22.809999465942383,23.2450008392334,22.75,23.040000915527344,11153200,0.0,0.0
2025-12-19 00:00:00-05:00,23.030000686645508,23.55500030517578,22.913999557495117,23.260000228881836,15644300,0.0,0.0
2025-12-22 00:00:00-05:00,23.329999923706055,23.739999771118164,23.270000457763672,23.420000076293945,10433100,0.0,0.0
2025-12-23 00:00:00-05:00,23.260000228881836,23.399999618530273,22.770000457763672,22.899999618530273,7884500,0.0,0.0
2025-12-24 00:00:00-05:00,22.950000762939453,23.079999923706055,22.867000579833984,23.059999465942383,3448700,0.0,0.0
2025-12-26 00:00:00-05:00,23.049999237060547,23.309999465942383,22.8700008392334,23.290000915527344,8930500,0.0,0.0
2025-12-29 00:00:00-05:00,23.190000534057617,23.360000610351562,22.979999542236328,23.350000381469727,10431000,0.0,0.0
2025-12-30 00:00:00-05:00,23.299999237060547,23.6200008392334,23.239999771118164,23.510000228881836,7490500,0.0,0.0
2025-12-31 00:00:00-05:00,23.459999084472656,23.719999313354492,23.295000076293945,23.3799991607666,8939800,0.0,0.0
2026-01-02 00:00:00-05:00,23.549999237060547,24.420000076293945,23.30500030517578,24.270000457763672,10052700,0.0,0.0
2026-01-05 00:00:00-05:00,24.25,25.145000457763672,24.18000030517578,24.899999618530273,13203100,0.0,0.0
2026-01-06 00:00:00-05:00,24.770000457763672,25.670000076293945,24.684999465942383,25.520000457763672,11674600,0.0,0.0
2026-01-07 00:00:00-05:00,25.530000686645508,25.610000610351562,24.549999237060547,24.799999237060547,8259900,0.0,0.0
2026-01-08 00:00:00-05:00,24.5,26.389999389648438,24.350000381469727,25.920000076293945,10493800,0.0,0.0
2026-01-09 00:00:00-05:00,26.31999969482422,26.489999771118164,25.739999771118164,26.329999923706055,8765100,0.0,0.0
2026-01-12 00:00:00-05:00,26.350000381469727,26.614999771118164,26.06999969482422,26.5,7686400,0.0,0.0
2026-01-13 00:00:00-05:00,26.639999389648438,27.06999969482422,26.46500015258789,26.549999237060547,10247800,0.0,0.0
2026-01-14 00:00:00-05:00,26.899999618530273,28.524999618530273,26.834999084472656,28.260000228881836,21174700,0.0,0.0
2026-01-15 00:00:00-05:00,28.290000915527344,28.360000610351562,27.209999084472656,27.940000534057617,9559300,0.0,0.0
2026-01-16 00:00:00-05:00,27.344999313354492,27.854999542236328,27.219999313354492,27.56999969482422,14028400,0.0,0.0
2026-01-20 00:00:00-05:00,26.549999237060547,27.165000915527344,26.30500030517578,26.579999923706055,11465600,0.0,0.0
2026-01-21 00:00:00-05:00,26.8700008392334,28.545000076293945,26.75,28.40999984741211,12572300,0.0,0.0
2026-01-22 00:00:00-05:00,28.610000610351562,29.09000015258789,28.270000457763672,28.329999923706055,11409000,0.0,0.0
2026-01-23 00:00:00-05:00,28.489999771118164,28.610000610351562,28.125,28.25,8892300,0.0,0.0
2026-01-26 00:00:00-05:00,28.3700008392334,28.559999465942383,27.969999313354492,28.18000030517578,8707100,0.0,0.0
2026-01-27 00:00:00-05:00,28.209999084472656,28.385000228881836,27.639999389648438,27.809999465942383,12804900,0.0,0.0
2026-01-28 00:00:00-05:00,28.100000381469727,28.149999618530273,27.200000762939453,27.780000686645508,17825500,0.0,0.0
2026-01-29 00:00:00-05:00,26.600000381469727,27.559999465942383,25.81999969482422,27.15999984741211,23608400,0.0,0.0
2026-01-30 00:00:00-05:00,27.290000915527344,28.0,26.920000076293945,27.549999237060547,18949400,0.0,0.0
2026-02-02 00:00:00-05:00,27.5,29.024999618530273,27.100000381469727,28.8799991607666,17168900,0.0,0.0
2026-02-03 00:00:00-05:00,28.899999618530273,31.145000457763672,28.809999465942383,30.489999771118164,21848200,0.0,0.0
2026-02-04 00:00:00-05:00,31.010000228881836,32.849998474121094,30.950000762939453,32.400001525878906,26129300,0.0,0.0
2026-02-05 00:00:00-05:00,31.899999618530273,32.22999954223633,30.15999984741211,30.600000381469727,15877500,0.0,0.0
2026-02-06 00:00:00-05:00,31.0,31.854999542236328,30.809999465942383,31.780000686645508,8977200,0.0,0.0
2026-02-09 00:00:00-05:00,31.5,32.540000915527344,31.020000457763672,32.08000183105469,10275400,0.0,0.0
2026-02-10 00:00:00-05:00,32.400001525878906,33.9900016784668,32.400001525878906,33.599998474121094,13531200,0.0,0.0
2026-02-11 00:00:00-05:00,33.70000076293945,34.77000045776367,33.5099983215332,34.0,12754800,0.0,0.0
2026-02-12 00:00:00-05:00,34.209999084472656,34.43000030517578,32.073001861572266,32.650001525878906,15685900,0.0,0.0
2026-02-13 00:00:00-05:00,32.619998931884766,33.150001525878906,32.32099914550781,32.4900016784668,10184100,0.0,0.0
2026-02-17 00:00:00-05:00,32.29999923706055,32.689998626708984,30.93000030517578,31.420000076293945,9911400,0.0,0.0
2026-02-18 00:00:00-05:00,31.649999618530273,32.47999954223633,31.440000534057617,31.579999923706055,10918600,0.0,0.0
2026-02-19 00:00:00-05:00,31.489999771118164,31.729999542236328,30.889999389648438,31.389999389648438,8869400,0.0,0.0
2026-02-20 00:00:00-05:00,30.969999313354492,31.06999969482422,29.489999771118164,30.520000457763672,17887200,0.0,0.0
2026-02-23 00:00:00-05:00,30.09000015258789,30.889999389648438,30.09000015258789,30.299999237060547,9413909,0.0,0.0
