Date,Open,High,Low,Close,Volume,Dividends,Stock Splits
2022-01-03 00:00:00-05:00,4.860000133514404,5.550000190734863,4.860000133514404,5.489999771118164,266800,0.0,0.0
2022-01-04 00:00:00-05:00,5.460000038146973,5.544000148773193,5.105999946594238,5.21999979019165,100467,0.0,0.0
2022-01-05 00:00:00-05:00,5.159999847412109,5.307000160217285,4.889999866485596,4.920000076293945,139000,0.0,0.0
2022-01-06 00:00:00-05:00,5.159999847412109,5.21999979019165,4.679999828338623,4.920000076293945,396867,0.0,0.0
2022-01-07 00:00:00-05:00,4.800000190734863,5.010000228881836,4.769999980926514,4.829999923706055,152833,0.0,0.0
2022-01-10 00:00:00-05:00,4.829999923706055,4.860000133514404,4.619999885559082,4.829999923706055,171633,0.0,0.0
2022-01-11 00:00:00-05:00,4.829999923706055,5.039999961853027,4.800000190734863,4.889999866485596,115067,0.0,0.0
2022-01-12 00:00:00-05:00,4.889999866485596,4.920000076293945,4.769999980926514,4.769999980926514,70967,0.0,0.0
2022-01-13 00:00:00-05:00,4.800000190734863,4.829999923706055,4.53000020980835,4.590000152587891,104467,0.0,0.0
2022-01-14 00:00:00-05:00,4.559999942779541,5.190000057220459,4.46999979019165,4.619999885559082,769967,0.0,0.0
2022-01-18 00:00:00-05:00,4.590000152587891,5.070000171661377,4.349999904632568,4.380000114440918,563333,0.0,0.0
2022-01-19 00:00:00-05:00,4.380000114440918,4.46999979019165,4.289999961853027,4.320000171661377,69667,0.0,0.0
2022-01-20 00:00:00-05:00,4.440000057220459,4.53000020980835,4.199999809265137,4.230000019073486,87833,0.0,0.0
2022-01-21 00:00:00-05:00,4.230000019073486,4.289999961853027,4.050000190734863,4.110000133514404,122733,0.0,0.0
2022-01-24 00:00:00-05:00,3.9600000381469727,4.110000133514404,3.7049999237060547,4.050000190734863,195933,0.0,0.0
2022-01-25 00:00:00-05:00,3.9600000381469727,4.110000133514404,3.930000066757202,4.050000190734863,106033,0.0,0.0
2022-01-26 00:00:00-05:00,4.050000190734863,4.289999961853027,3.9000000953674316,3.9000000953674316,87200,0.0,0.0
2022-01-27 00:00:00-05:00,3.9600000381469727,4.079999923706055,3.7950000762939453,3.8399999141693115,94000,0.0,0.0
2022-01-28 00:00:00-05:00,3.7799999713897705,3.990000009536743,3.7200000286102295,3.9600000381469727,103667,0.0,0.0
2022-01-31 00:00:00-05:00,3.930000066757202,4.289999961853027,3.930000066757202,4.199999809265137,133767,0.0,0.0
2022-02-01 00:00:00-05:00,4.289999961853027,4.440000057220459,4.199999809265137,4.349999904632568,69067,0.0,0.0
2022-02-02 00:00:00-05:00,4.380000114440918,4.380000114440918,4.139999866485596,4.199999809265137,53267,0.0,0.0
2022-02-03 00:00:00-05:00,4.170000076293945,4.199999809265137,3.9600000381469727,4.019999980926514,77833,0.0,0.0
2022-02-04 00:00:00-05:00,3.990000009536743,4.170000076293945,3.9600000381469727,4.079999923706055,77533,0.0,0.0
2022-02-07 00:00:00-05:00,4.170000076293945,4.232999801635742,4.079999923706055,4.199999809265137,532267,0.0,0.0
2022-02-08 00:00:00-05:00,4.619999885559082,5.039999961853027,4.260000228881836,4.53000020980835,2894633,0.0,0.0
2022-02-09 00:00:00-05:00,4.440000057220459,4.710000038146973,4.349999904632568,4.53000020980835,413133,0.0,0.0
2022-02-10 00:00:00-05:00,4.440000057220459,4.619999885559082,4.289999961853027,4.320000171661377,225000,0.0,0.0
2022-02-11 00:00:00-05:00,4.440000057220459,4.440000057220459,3.990000009536743,4.019999980926514,257133,0.0,0.0
2022-02-14 00:00:00-05:00,3.990000009536743,4.125,3.9600000381469727,3.9600000381469727,113733,0.0,0.0
2022-02-15 00:00:00-05:00,4.170000076293945,4.170000076293945,3.930000066757202,4.110000133514404,94667,0.0,0.0
2022-02-16 00:00:00-05:00,4.110000133514404,4.260000228881836,3.990000009536743,4.230000019073486,138800,0.0,0.0
2022-02-17 00:00:00-05:00,4.139999866485596,4.590000152587891,4.050000190734863,4.139999866485596,169867,0.0,0.0
2022-02-18 00:00:00-05:00,4.170000076293945,4.170000076293945,3.8399999141693115,3.9000000953674316,106700,0.0,0.0
2022-02-22 00:00:00-05:00,3.9000000953674316,3.9600000381469727,3.6600000858306885,3.7200000286102295,91433,0.0,0.0
2022-02-23 00:00:00-05:00,3.690000057220459,3.75,3.5399999618530273,3.569999933242798,141000,0.0,0.0
2022-02-24 00:00:00-05:00,3.4800000190734863,3.809999942779541,3.4200000762939453,3.7799999713897705,173800,0.0,0.0
2022-02-25 00:00:00-05:00,3.7799999713897705,3.9600000381469727,3.734999895095825,3.9000000953674316,90833,0.0,0.0
2022-02-28 00:00:00-05:00,3.7799999713897705,3.990000009536743,3.75,3.930000066757202,56867,0.0,0.0
2022-03-01 00:00:00-05:00,3.9600000381469727,3.9719998836517334,3.8429999351501465,3.869999885559082,38333,0.0,0.0
2022-03-02 00:00:00-05:00,3.9000000953674316,4.011000156402588,3.7799999713897705,3.809999942779541,50300,0.0,0.0
2022-03-03 00:00:00-05:00,3.8399999141693115,3.8459999561309814,3.630000114440918,3.7200000286102295,68900,0.0,0.0
2022-03-04 00:00:00-05:00,3.690000057220459,3.7799999713897705,3.5490000247955322,3.690000057220459,83133,0.0,0.0
2022-03-07 00:00:00-05:00,3.7200000286102295,3.7799999713897705,3.5999999046325684,3.690000057220459,72733,0.0,0.0
2022-03-08 00:00:00-05:00,3.6600000858306885,3.869999885559082,3.569999933242798,3.7200000286102295,103833,0.0,0.0
2022-03-09 00:00:00-05:00,3.809999942779541,3.9600000381469727,3.7799999713897705,3.9000000953674316,67500,0.0,0.0
2022-03-10 00:00:00-05:00,3.869999885559082,3.9000000953674316,3.7799999713897705,3.9000000953674316,71933,0.0,0.0
2022-03-11 00:00:00-05:00,3.9000000953674316,3.9149999618530273,3.690000057220459,3.75,59133,0.0,0.0
2022-03-14 00:00:00-04:00,3.8399999141693115,3.8399999141693115,3.4800000190734863,3.4800000190734863,61700,0.0,0.0
2022-03-15 00:00:00-04:00,3.509999990463257,3.690000057220459,3.509999990463257,3.6600000858306885,44433,0.0,0.0
2022-03-16 00:00:00-04:00,3.734999895095825,4.170000076293945,3.5999999046325684,3.7200000286102295,318333,0.0,0.0
2022-03-17 00:00:00-04:00,3.7200000286102295,4.019999980926514,3.687000036239624,4.019999980926514,77433,0.0,0.0
2022-03-18 00:00:00-04:00,3.9600000381469727,4.440000057220459,3.9000000953674316,4.320000171661377,146133,0.0,0.0
2022-03-21 00:00:00-04:00,4.409999847412109,4.5,4.230000019073486,4.440000057220459,112333,0.0,0.0
2022-03-22 00:00:00-04:00,4.5,4.508999824523926,4.302000045776367,4.46999979019165,57067,0.0,0.0
2022-03-23 00:00:00-04:00,4.53000020980835,4.53000020980835,4.289999961853027,4.304999828338623,46533,0.0,0.0
2022-03-24 00:00:00-04:00,4.409999847412109,4.559999942779541,4.289999961853027,4.53000020980835,71100,0.0,0.0
2022-03-25 00:00:00-04:00,4.559999942779541,4.559999942779541,4.349999904632568,4.409999847412109,37633,0.0,0.0
2022-03-28 00:00:00-04:00,4.619999885559082,4.619999885559082,4.199999809265137,4.320000171661377,73567,0.0,0.0
2022-03-29 00:00:00-04:00,4.349999904632568,4.559999942779541,4.289999961853027,4.440000057220459,73667,0.0,0.0
2022-03-30 00:00:00-04:00,4.53000020980835,4.559999942779541,4.48199987411499,4.53000020980835,47600,0.0,0.0
2022-03-31 00:00:00-04:00,4.46999979019165,4.53000020980835,4.289999961853027,4.289999961853027,46867,0.0,0.0
2022-04-01 00:00:00-04:00,4.380000114440918,4.409999847412109,4.260000228881836,4.289999961853027,40867,0.0,0.0
2022-04-04 00:00:00-04:00,4.289999961853027,4.590000152587891,4.289999961853027,4.5,67767,0.0,0.0
2022-04-05 00:00:00-04:00,4.590000152587891,4.590000152587891,4.425000190734863,4.53000020980835,59067,0.0,0.0
2022-04-06 00:00:00-04:00,4.53000020980835,4.53000020980835,4.289999961853027,4.320000171661377,51633,0.0,0.0
2022-04-07 00:00:00-04:00,4.289999961853027,4.380000114440918,4.199999809265137,4.199999809265137,47467,0.0,0.0
2022-04-08 00:00:00-04:00,4.199999809265137,4.230000019073486,4.110000133514404,4.170000076293945,38200,0.0,0.0
2022-04-11 00:00:00-04:00,4.110000133514404,4.199999809265137,3.8399999141693115,3.8399999141693115,78367,0.0,0.0
2022-04-12 00:00:00-04:00,3.930000066757202,3.9600000381469727,3.8399999141693115,3.869999885559082,32567,0.0,0.0
2022-04-13 00:00:00-04:00,3.930000066757202,4.038000106811523,3.930000066757202,3.990000009536743,48400,0.0,0.0
2022-04-14 00:00:00-04:00,3.990000009536743,4.739999771118164,3.990000009536743,4.199999809265137,263200,0.0,0.0
2022-04-18 00:00:00-04:00,4.199999809265137,4.320000171661377,3.927000045776367,4.019999980926514,69567,0.0,0.0
2022-04-19 00:00:00-04:00,4.019999980926514,4.199999809265137,3.990000009536743,4.019999980926514,24233,0.0,0.0
2022-04-20 00:00:00-04:00,3.990000009536743,4.170000076293945,3.8399999141693115,3.9000000953674316,110733,0.0,0.0
2022-04-21 00:00:00-04:00,4.079999923706055,4.079999923706055,3.809999942779541,3.869999885559082,39733,0.0,0.0
2022-04-22 00:00:00-04:00,3.9000000953674316,3.9600000381469727,3.8399999141693115,3.9600000381469727,34900,0.0,0.0
2022-04-25 00:00:00-04:00,3.8399999141693115,3.8940000534057617,3.6600000858306885,3.6600000858306885,65700,0.0,0.0
2022-04-26 00:00:00-04:00,3.6600000858306885,3.809999942779541,3.6600000858306885,3.6600000858306885,76167,0.0,0.0
2022-04-27 00:00:00-04:00,3.9000000953674316,4.440000057220459,3.7799999713897705,4.079999923706055,372800,0.0,0.0
2022-04-28 00:00:00-04:00,4.110000133514404,4.425000190734863,3.944999933242798,4.320000171661377,151033,0.0,0.0
2022-04-29 00:00:00-04:00,4.230000019073486,4.619999885559082,4.139999866485596,4.440000057220459,224600,0.0,0.0
2022-05-02 00:00:00-04:00,4.440000057220459,5.039999961853027,4.349999904632568,4.949999809265137,244267,0.0,0.0
2022-05-03 00:00:00-04:00,4.889999866485596,5.130000114440918,4.679999828338623,4.920000076293945,139300,0.0,0.0
2022-05-04 00:00:00-04:00,4.980000019073486,5.25,4.739999771118164,5.21999979019165,131500,0.0,0.0
2022-05-05 00:00:00-04:00,5.099999904632568,5.639999866485596,5.099999904632568,5.28000020980835,331000,0.0,0.0
2022-05-06 00:00:00-04:00,5.25,5.25,4.679999828338623,5.054999828338623,151433,0.0,0.0
2022-05-09 00:00:00-04:00,4.980000019073486,5.070000171661377,4.860000133514404,4.920000076293945,119600,0.0,0.0
2022-05-10 00:00:00-04:00,4.980000019073486,4.994999885559082,4.574999809265137,4.650000095367432,137533,0.0,0.0
2022-05-11 00:00:00-04:00,4.5,4.829999923706055,4.5,4.710000038146973,118133,0.0,0.0
2022-05-12 00:00:00-04:00,4.679999828338623,4.679999828338623,4.199999809265137,4.260000228881836,126667,0.0,0.0
2022-05-13 00:00:00-04:00,4.320000171661377,4.409999847412109,4.289999961853027,4.409999847412109,74967,0.0,0.0
2022-05-16 00:00:00-04:00,4.409999847412109,4.679999828338623,4.409999847412109,4.440000057220459,55500,0.0,0.0
2022-05-17 00:00:00-04:00,4.53000020980835,4.710000038146973,4.46999979019165,4.710000038146973,56567,0.0,0.0
2022-05-18 00:00:00-04:00,4.710000038146973,5.28000020980835,4.409999847412109,5.25,320700,0.0,0.0
2022-05-19 00:00:00-04:00,5.21999979019165,5.579999923706055,5.130000114440918,5.550000190734863,166467,0.0,0.0
2022-05-20 00:00:00-04:00,5.610000133514404,6.03000020980835,5.400000095367432,6.0,202067,0.0,0.0
2022-05-23 00:00:00-04:00,6.300000190734863,6.300000190734863,5.639999866485596,6.03000020980835,371067,0.0,0.0
2022-05-24 00:00:00-04:00,6.0,6.03000020980835,5.820000171661377,6.03000020980835,68467,0.0,0.0
2022-05-25 00:00:00-04:00,6.03000020980835,6.03000020980835,5.340000152587891,5.340000152587891,98433,0.0,0.0
2022-05-26 00:00:00-04:00,5.639999866485596,6.449999809265137,5.59499979019165,6.360000133514404,234167,0.0,0.0
2022-05-27 00:00:00-04:00,6.179999828338623,6.539999961853027,6.059999942779541,6.525000095367432,115533,0.0,0.0
2022-05-31 00:00:00-04:00,6.570000171661377,7.199999809265137,6.480000019073486,7.050000190734863,180000,0.0,0.0
2022-06-01 00:00:00-04:00,7.019999980926514,7.170000076293945,6.630000114440918,6.869999885559082,152633,0.0,0.0
2022-06-02 00:00:00-04:00,6.869999885559082,7.139999866485596,6.840000152587891,7.050000190734863,74567,0.0,0.0
2022-06-03 00:00:00-04:00,7.170000076293945,7.829999923706055,7.034999847412109,7.710000038146973,246033,0.0,0.0
2022-06-06 00:00:00-04:00,7.800000190734863,8.100000381469727,7.230000019073486,7.440000057220459,145600,0.0,0.0
2022-06-07 00:00:00-04:00,7.409999847412109,7.619999885559082,7.050000190734863,7.230000019073486,112633,0.0,0.0
2022-06-08 00:00:00-04:00,7.139999866485596,7.889999866485596,7.079999923706055,7.380000114440918,131567,0.0,0.0
2022-06-09 00:00:00-04:00,7.349999904632568,7.380000114440918,7.079999923706055,7.110000133514404,47033,0.0,0.0
2022-06-10 00:00:00-04:00,6.885000228881836,7.050000190734863,6.599999904632568,6.659999847412109,91633,0.0,0.0
2022-06-13 00:00:00-04:00,6.329999923706055,6.449999809265137,6.0,6.179999828338623,128767,0.0,0.0
2022-06-14 00:00:00-04:00,6.210000038146973,6.360000133514404,6.0,6.0,59033,0.0,0.0
2022-06-15 00:00:00-04:00,6.090000152587891,6.599999904632568,6.090000152587891,6.420000076293945,101233,0.0,0.0
2022-06-16 00:00:00-04:00,6.449999809265137,6.455999851226807,6.059999942779541,6.150000095367432,83967,0.0,0.0
2022-06-17 00:00:00-04:00,6.150000095367432,6.570000171661377,6.119999885559082,6.360000133514404,63000,0.0,0.0
2022-06-21 00:00:00-04:00,6.360000133514404,6.900000095367432,6.360000133514404,6.480000019073486,72100,0.0,0.0
2022-06-22 00:00:00-04:00,6.420000076293945,6.78000020980835,6.389999866485596,6.570000171661377,76767,0.0,0.0
2022-06-23 00:00:00-04:00,6.71999979019165,6.960000038146973,6.539999961853027,6.809999942779541,55533,0.0,0.0
2022-06-24 00:00:00-04:00,6.929999828338623,7.050000190734863,6.75,6.989999771118164,45367,0.0,0.0
2022-06-27 00:00:00-04:00,6.989999771118164,6.989999771118164,6.449999809265137,6.510000228881836,43200,0.0,0.0
2022-06-28 00:00:00-04:00,6.554999828338623,6.75,6.309000015258789,6.420000076293945,32600,0.0,0.0
2022-06-29 00:00:00-04:00,6.420000076293945,6.480000019073486,6.150000095367432,6.269999980926514,30400,0.0,0.0
2022-06-30 00:00:00-04:00,6.119999885559082,6.300000190734863,5.849999904632568,6.090000152587891,65967,0.0,0.0
2022-07-01 00:00:00-04:00,5.96999979019165,6.210000038146973,5.909999847412109,6.059999942779541,30867,0.0,0.0
2022-07-05 00:00:00-04:00,6.059999942779541,6.75,6.059999942779541,6.659999847412109,48267,0.0,0.0
2022-07-06 00:00:00-04:00,6.599999904632568,6.708000183105469,6.360000133514404,6.360000133514404,48200,0.0,0.0
2022-07-07 00:00:00-04:00,6.360000133514404,6.539999961853027,6.179999828338623,6.389999866485596,59800,0.0,0.0
2022-07-08 00:00:00-04:00,6.389999866485596,6.434999942779541,6.119999885559082,6.360000133514404,38000,0.0,0.0
2022-07-11 00:00:00-04:00,6.210000038146973,6.300000190734863,6.119999885559082,6.119999885559082,24600,0.0,0.0
2022-07-12 00:00:00-04:00,6.119999885559082,6.300000190734863,6.03000020980835,6.239999771118164,37867,0.0,0.0
2022-07-13 00:00:00-04:00,6.239999771118164,6.840000152587891,6.239999771118164,6.75,113500,0.0,0.0
2022-07-14 00:00:00-04:00,6.630000114440918,6.840000152587891,6.449999809265137,6.539999961853027,29800,0.0,0.0
2022-07-15 00:00:00-04:00,6.510000228881836,6.539999961853027,6.191999912261963,6.329999923706055,33000,0.0,0.0
2022-07-18 00:00:00-04:00,6.449999809265137,7.199999809265137,6.090000152587891,6.150000095367432,213367,0.0,0.0
2022-07-19 00:00:00-04:00,6.300000190734863,6.510000228881836,6.119999885559082,6.480000019073486,32267,0.0,0.0
2022-07-20 00:00:00-04:00,6.449999809265137,6.659999847412109,6.360000133514404,6.539999961853027,44567,0.0,0.0
2022-07-21 00:00:00-04:00,6.449999809265137,6.599999904632568,6.360000133514404,6.480000019073486,15400,0.0,0.0
2022-07-22 00:00:00-04:00,6.389999866485596,6.389999866485596,5.730000019073486,5.760000228881836,92133,0.0,0.0
2022-07-25 00:00:00-04:00,5.760000228881836,5.789999961853027,5.565000057220459,5.610000133514404,26667,0.0,0.0
2022-07-26 00:00:00-04:00,5.730000019073486,5.849999904632568,5.699999809265137,5.699999809265137,24833,0.0,0.0
2022-07-27 00:00:00-04:00,5.789999961853027,5.789999961853027,5.340000152587891,5.550000190734863,57667,0.0,0.0
2022-07-28 00:00:00-04:00,5.550000190734863,5.820000171661377,5.489999771118164,5.519999980926514,35700,0.0,0.0
2022-07-29 00:00:00-04:00,5.400000095367432,5.579999923706055,5.340000152587891,5.400000095367432,49267,0.0,0.0
2022-08-01 00:00:00-04:00,5.400000095367432,5.519999980926514,5.309999942779541,5.460000038146973,44467,0.0,0.0
2022-08-02 00:00:00-04:00,5.369999885559082,5.670000076293945,5.369999885559082,5.400000095367432,52400,0.0,0.0
2022-08-03 00:00:00-04:00,5.699999809265137,6.179999828338623,5.579999923706055,6.0,453333,0.0,0.0
2022-08-04 00:00:00-04:00,5.909999847412109,6.135000228881836,5.730000019073486,6.119999885559082,72400,0.0,0.0
2022-08-05 00:00:00-04:00,6.0,6.239999771118164,5.948999881744385,6.210000038146973,41500,0.0,0.0
2022-08-08 00:00:00-04:00,6.179999828338623,6.449999809265137,6.0,6.059999942779541,64367,0.0,0.0
2022-08-09 00:00:00-04:00,6.0,6.090000152587891,5.789999961853027,5.880000114440918,40500,0.0,0.0
2022-08-10 00:00:00-04:00,6.0,6.210000038146973,5.909999847412109,6.150000095367432,22300,0.0,0.0
2022-08-11 00:00:00-04:00,6.269999980926514,6.329999923706055,5.940000057220459,6.090000152587891,49467,0.0,0.0
2022-08-12 00:00:00-04:00,6.03000020980835,6.179999828338623,5.954999923706055,6.119999885559082,37333,0.0,0.0
2022-08-15 00:00:00-04:00,6.150000095367432,6.269999980926514,6.02400016784668,6.03000020980835,21133,0.0,0.0
2022-08-16 00:00:00-04:00,6.03000020980835,6.210000038146973,5.579999923706055,5.760000228881836,336600,0.0,0.0
2022-08-17 00:00:00-04:00,5.789999961853027,5.831999778747559,5.519999980926514,5.730000019073486,211067,0.0,0.0
2022-08-18 00:00:00-04:00,5.639999866485596,5.730000019073486,5.400000095367432,5.519999980926514,48100,0.0,0.0
2022-08-19 00:00:00-04:00,5.0,5.5,4.230000019073486,4.349999904632568,361600,0.0,0.3333333333333333
2022-08-22 00:00:00-04:00,4.269999980926514,4.379000186920166,4.159999847412109,4.179999828338623,83100,0.0,0.0
2022-08-23 00:00:00-04:00,4.170000076293945,4.269999980926514,4.050000190734863,4.110000133514404,133500,0.0,0.0
2022-08-24 00:00:00-04:00,4.070000171661377,4.520999908447266,4.050000190734863,4.480000019073486,99800,0.0,0.0
2022-08-25 00:00:00-04:00,4.480000019073486,4.514999866485596,4.329999923706055,4.360000133514404,41300,0.0,0.0
2022-08-26 00:00:00-04:00,4.329999923706055,4.46999979019165,4.199999809265137,4.46999979019165,53400,0.0,0.0
2022-08-29 00:00:00-04:00,4.400000095367432,4.480000019073486,4.360000133514404,4.360000133514404,52700,0.0,0.0
2022-08-30 00:00:00-04:00,4.340000152587891,4.349999904632568,4.139999866485596,4.139999866485596,36600,0.0,0.0
2022-08-31 00:00:00-04:00,4.150000095367432,4.199999809265137,3.994999885559082,4.139999866485596,19100,0.0,0.0
2022-09-01 00:00:00-04:00,4.139999866485596,4.139999866485596,3.859999895095825,3.9600000381469727,49000,0.0,0.0
2022-09-02 00:00:00-04:00,3.9000000953674316,3.9200000762939453,3.390000104904175,3.5199999809265137,93000,0.0,0.0
2022-09-06 00:00:00-04:00,3.4600000381469727,3.507999897003174,3.069999933242798,3.119999885559082,96800,0.0,0.0
2022-09-07 00:00:00-04:00,3.119999885559082,3.2100000381469727,2.7799999713897705,2.809999942779541,130300,0.0,0.0
2022-09-08 00:00:00-04:00,2.9700000286102295,2.9700000286102295,2.759999990463257,2.869999885559082,114500,0.0,0.0
2022-09-09 00:00:00-04:00,2.869999885559082,2.930000066757202,2.75,2.819999933242798,92700,0.0,0.0
2022-09-12 00:00:00-04:00,2.7899999618530273,3.25,2.7899999618530273,3.2200000286102295,228400,0.0,0.0
2022-09-13 00:00:00-04:00,3.059999942779541,3.2100000381469727,2.8399999141693115,2.859999895095825,80700,0.0,0.0
2022-09-14 00:00:00-04:00,2.859999895095825,2.8889999389648438,2.799999952316284,2.799999952316284,28400,0.0,0.0
2022-09-15 00:00:00-04:00,2.8299999237060547,2.880000114440918,2.630000114440918,2.700000047683716,78900,0.0,0.0
2022-09-16 00:00:00-04:00,2.630000114440918,3.240000009536743,2.490000009536743,3.240000009536743,475700,0.0,0.0
2022-09-19 00:00:00-04:00,2.9000000953674316,2.9800000190734863,2.750999927520752,2.940000057220459,69800,0.0,0.0
2022-09-20 00:00:00-04:00,2.9700000286102295,2.9700000286102295,2.7799999713897705,2.8399999141693115,56900,0.0,0.0
2022-09-21 00:00:00-04:00,2.75,2.8299999237060547,2.549999952316284,2.630000114440918,72000,0.0,0.0
2022-09-22 00:00:00-04:00,2.559999942779541,2.640000104904175,2.4100000858306885,2.569999933242798,104500,0.0,0.0
2022-09-23 00:00:00-04:00,2.5999999046325684,2.5999999046325684,2.2799999713897705,2.430000066757202,128100,0.0,0.0
2022-09-26 00:00:00-04:00,2.390000104904175,2.5399999618530273,2.365000009536743,2.5,42500,0.0,0.0
2022-09-27 00:00:00-04:00,2.48799991607666,2.5999999046325684,2.4590001106262207,2.549999952316284,27600,0.0,0.0
2022-09-28 00:00:00-04:00,2.569999933242798,2.569999933242798,2.4200000762939453,2.4700000286102295,36700,0.0,0.0
2022-09-29 00:00:00-04:00,2.4700000286102295,2.5160000324249268,2.25,2.3399999141693115,42700,0.0,0.0
2022-09-30 00:00:00-04:00,2.2799999713897705,2.450000047683716,2.2699999809265137,2.2799999713897705,48400,0.0,0.0
2022-10-03 00:00:00-04:00,2.3299999237060547,2.3399999141693115,2.109999895095825,2.319999933242798,48600,0.0,0.0
2022-10-04 00:00:00-04:00,2.309999942779541,2.575000047683716,2.309999942779541,2.5199999809265137,31000,0.0,0.0
2022-10-05 00:00:00-04:00,2.4800000190734863,2.509999990463257,2.369999885559082,2.4700000286102295,24900,0.0,0.0
2022-10-06 00:00:00-04:00,2.430000066757202,2.5199999809265137,2.200000047683716,2.25,33000,0.0,0.0
2022-10-07 00:00:00-04:00,2.259999990463257,2.2699999809265137,2.200000047683716,2.2200000286102295,19300,0.0,0.0
2022-10-10 00:00:00-04:00,2.1600000858306885,2.200000047683716,2.1500000953674316,2.190000057220459,23500,0.0,0.0
2022-10-11 00:00:00-04:00,2.0899999141693115,2.1700000762939453,2.0199999809265137,2.0399999618530273,34100,0.0,0.0
2022-10-12 00:00:00-04:00,2.009999990463257,2.075000047683716,2.0,2.049999952316284,26700,0.0,0.0
2022-10-13 00:00:00-04:00,2.049999952316284,2.0789999961853027,1.9299999475479126,2.0199999809265137,32800,0.0,0.0
2022-10-14 00:00:00-04:00,2.0899999141693115,2.0899999141693115,1.9199999570846558,1.9600000381469727,35200,0.0,0.0
2022-10-17 00:00:00-04:00,1.9800000190734863,2.065000057220459,1.9500000476837158,2.0399999618530273,35600,0.0,0.0
2022-10-18 00:00:00-04:00,2.0399999618530273,2.069999933242798,1.9700000286102295,2.0399999618530273,23800,0.0,0.0
2022-10-19 00:00:00-04:00,2.0,2.0,1.850000023841858,1.850000023841858,48400,0.0,0.0
2022-10-20 00:00:00-04:00,1.840000033378601,1.840000033378601,1.7200000286102295,1.7599999904632568,56400,0.0,0.0
2022-10-21 00:00:00-04:00,1.7699999809265137,2.0399999618530273,1.6799999475479126,1.9500000476837158,118600,0.0,0.0
2022-10-24 00:00:00-04:00,1.940000057220459,1.940000057220459,1.7599999904632568,1.809999942779541,42500,0.0,0.0
2022-10-25 00:00:00-04:00,1.809999942779541,1.899999976158142,1.7400000095367432,1.8799999952316284,25500,0.0,0.0
2022-10-26 00:00:00-04:00,1.8799999952316284,1.9500000476837158,1.8480000495910645,1.899999976158142,45500,0.0,0.0
2022-10-27 00:00:00-04:00,1.8899999856948853,1.8949999809265137,1.809999942779541,1.809999942779541,14200,0.0,0.0
2022-10-28 00:00:00-04:00,1.7799999713897705,1.899999976158142,1.7799999713897705,1.8700000047683716,33500,0.0,0.0
2022-10-31 00:00:00-04:00,1.840000033378601,1.8700000047683716,1.7799999713897705,1.809999942779541,22600,0.0,0.0
2022-11-01 00:00:00-04:00,1.809999942779541,1.8799999952316284,1.809999942779541,1.8600000143051147,20200,0.0,0.0
2022-11-02 00:00:00-04:00,1.8799999952316284,1.9500000476837158,1.8200000524520874,1.8700000047683716,15700,0.0,0.0
2022-11-03 00:00:00-04:00,1.8200000524520874,1.8899999856948853,1.809000015258789,1.8700000047683716,17700,0.0,0.0
2022-11-04 00:00:00-04:00,1.8040000200271606,1.8700000047683716,1.7999999523162842,1.840000033378601,13800,0.0,0.0
2022-11-07 00:00:00-05:00,1.812999963760376,1.8229999542236328,1.7599999904632568,1.7699999809265137,12900,0.0,0.0
2022-11-08 00:00:00-05:00,1.753999948501587,1.7879999876022339,1.684999942779541,1.7000000476837158,29700,0.0,0.0
2022-11-09 00:00:00-05:00,1.7400000095367432,1.75,1.5700000524520874,1.649999976158142,44900,0.0,0.0
2022-11-10 00:00:00-05:00,1.649999976158142,1.7400000095367432,1.6399999856948853,1.7100000381469727,47700,0.0,0.0
2022-11-11 00:00:00-05:00,1.659999966621399,1.7000000476837158,1.5800000429153442,1.690000057220459,56600,0.0,0.0
2022-11-14 00:00:00-05:00,1.6399999856948853,1.7000000476837158,1.5800000429153442,1.600000023841858,52900,0.0,0.0
2022-11-15 00:00:00-05:00,1.600000023841858,1.6519999504089355,1.5829999446868896,1.590000033378601,38100,0.0,0.0
2022-11-16 00:00:00-05:00,1.6299999952316284,1.6299999952316284,1.5,1.5499999523162842,46200,0.0,0.0
2022-11-17 00:00:00-05:00,1.5499999523162842,1.5609999895095825,1.5,1.5099999904632568,44200,0.0,0.0
2022-11-18 00:00:00-05:00,1.5,1.5299999713897705,1.3509999513626099,1.3899999856948853,57200,0.0,0.0
2022-11-21 00:00:00-05:00,1.5099999904632568,1.5099999904632568,1.3650000095367432,1.3799999952316284,64900,0.0,0.0
2022-11-22 00:00:00-05:00,1.3700000047683716,1.4800000190734863,1.2949999570846558,1.4199999570846558,53900,0.0,0.0
2022-11-23 00:00:00-05:00,1.399999976158142,1.4600000381469727,1.309999942779541,1.409999966621399,50000,0.0,0.0
2022-11-25 00:00:00-05:00,1.399999976158142,1.475000023841858,1.3799999952316284,1.440000057220459,12200,0.0,0.0
2022-11-28 00:00:00-05:00,1.399999976158142,1.4600000381469727,1.3799999952316284,1.409999966621399,39800,0.0,0.0
2022-11-29 00:00:00-05:00,1.3960000276565552,1.4199999570846558,1.3200000524520874,1.3600000143051147,34000,0.0,0.0
2022-11-30 00:00:00-05:00,1.3600000143051147,1.399999976158142,1.350000023841858,1.399999976158142,43100,0.0,0.0
2022-12-01 00:00:00-05:00,1.440000057220459,1.440000057220459,1.350000023841858,1.399999976158142,28300,0.0,0.0
2022-12-02 00:00:00-05:00,1.3600000143051147,1.440000057220459,1.3600000143051147,1.3799999952316284,44600,0.0,0.0
2022-12-05 00:00:00-05:00,1.4500000476837158,1.8300000429153442,1.4500000476837158,1.8300000429153442,441500,0.0,0.0
2022-12-06 00:00:00-05:00,1.8899999856948853,1.8899999856948853,1.600000023841858,1.7400000095367432,146600,0.0,0.0
2022-12-07 00:00:00-05:00,1.7100000381469727,1.7300000190734863,1.6299999952316284,1.7200000286102295,162700,0.0,0.0
2022-12-08 00:00:00-05:00,1.7300000190734863,1.7330000400543213,1.6200000047683716,1.690000057220459,100200,0.0,0.0
2022-12-09 00:00:00-05:00,1.649999976158142,1.7300000190734863,1.4800000190734863,1.6100000143051147,140900,0.0,0.0
2022-12-12 00:00:00-05:00,1.5700000524520874,1.649999976158142,1.5700000524520874,1.600000023841858,101000,0.0,0.0
2022-12-13 00:00:00-05:00,1.590000033378601,1.6380000114440918,1.4500000476837158,1.590000033378601,133300,0.0,0.0
2022-12-14 00:00:00-05:00,1.559999942779541,1.6100000143051147,1.4800000190734863,1.4800000190734863,88900,0.0,0.0
2022-12-15 00:00:00-05:00,1.4600000381469727,1.5299999713897705,1.3200000524520874,1.3300000429153442,100900,0.0,0.0
2022-12-16 00:00:00-05:00,1.3200000524520874,1.4299999475479126,1.0299999713897705,1.0299999713897705,390700,0.0,0.0
2022-12-19 00:00:00-05:00,1.100000023841858,1.1200000047683716,0.8230000138282776,0.9200000166893005,312400,0.0,0.0
2022-12-20 00:00:00-05:00,0.9200000166893005,0.9700000286102295,0.8999999761581421,0.9300000071525574,163300,0.0,0.0
2022-12-21 00:00:00-05:00,0.984000027179718,0.9900000095367432,0.8500000238418579,0.8600000143051147,119000,0.0,0.0
2022-12-22 00:00:00-05:00,0.9200000166893005,0.9259999990463257,0.8600000143051147,0.8999999761581421,94000,0.0,0.0
2022-12-23 00:00:00-05:00,0.984000027179718,0.984000027179718,0.8420000076293945,0.9300000071525574,132700,0.0,0.0
2022-12-27 00:00:00-05:00,1.0199999809265137,1.0199999809265137,0.8579999804496765,0.9070000052452087,120000,0.0,0.0
2022-12-28 00:00:00-05:00,0.8799999952316284,0.9399999976158142,0.8230000138282776,0.8640000224113464,101000,0.0,0.0
2022-12-29 00:00:00-05:00,0.847000002861023,0.9079999923706055,0.8240000009536743,0.8700000047683716,119500,0.0,0.0
2022-12-30 00:00:00-05:00,0.8700000047683716,0.8899999856948853,0.8199999928474426,0.8500000238418579,130100,0.0,0.0
2023-01-03 00:00:00-05:00,0.8999999761581421,0.9319999814033508,0.8679999709129333,0.8949999809265137,75200,0.0,0.0
2023-01-04 00:00:00-05:00,0.9300000071525574,0.9819999933242798,0.8999999761581421,0.9210000038146973,34800,0.0,0.0
2023-01-05 00:00:00-05:00,0.9210000038146973,0.9990000128746033,0.8999999761581421,0.9700000286102295,40000,0.0,0.0
2023-01-06 00:00:00-05:00,1.0,1.0,0.9399999976158142,0.9539999961853027,45900,0.0,0.0
2023-01-09 00:00:00-05:00,0.9430000185966492,1.0199999809265137,0.9399999976158142,1.0099999904632568,47600,0.0,0.0
2023-01-10 00:00:00-05:00,1.0199999809265137,1.0700000524520874,1.0099999904632568,1.059999942779541,134000,0.0,0.0
2023-01-11 00:00:00-05:00,1.059999942779541,1.1399999856948853,1.0099999904632568,1.0700000524520874,258600,0.0,0.0
2023-01-12 00:00:00-05:00,1.0700000524520874,1.1299999952316284,1.0199999809265137,1.100000023841858,204300,0.0,0.0
2023-01-13 00:00:00-05:00,1.1299999952316284,1.2400000095367432,1.100000023841858,1.1799999475479126,121700,0.0,0.0
2023-01-17 00:00:00-05:00,1.2999999523162842,1.309999942779541,1.1200000047683716,1.159999966621399,85900,0.0,0.0
2023-01-18 00:00:00-05:00,1.159999966621399,1.309999942779541,1.149999976158142,1.2899999618530273,165500,0.0,0.0
2023-01-19 00:00:00-05:00,1.2599999904632568,1.3799999952316284,1.25,1.2699999809265137,76300,0.0,0.0
2023-01-20 00:00:00-05:00,1.25,1.2599999904632568,1.2100000381469727,1.2100000381469727,26000,0.0,0.0
2023-01-23 00:00:00-05:00,1.309999942779541,1.309999942779541,1.159999966621399,1.159999966621399,67500,0.0,0.0
2023-01-24 00:00:00-05:00,1.190000057220459,1.2000000476837158,1.159999966621399,1.1799999475479126,37600,0.0,0.0
2023-01-25 00:00:00-05:00,1.1799999475479126,1.2100000381469727,1.149999976158142,1.1799999475479126,51900,0.0,0.0
2023-01-26 00:00:00-05:00,1.2100000381469727,1.2100000381469727,1.1699999570846558,1.1799999475479126,29900,0.0,0.0
2023-01-27 00:00:00-05:00,1.2200000286102295,1.25,1.159999966621399,1.2300000190734863,112400,0.0,0.0
2023-01-30 00:00:00-05:00,1.2100000381469727,1.2450000047683716,1.1799999475479126,1.2000000476837158,40900,0.0,0.0
2023-01-31 00:00:00-05:00,1.2300000190734863,1.25,1.1799999475479126,1.2000000476837158,130900,0.0,0.0
2023-02-01 00:00:00-05:00,1.2400000095367432,1.2799999713897705,1.2400000095367432,1.25,38000,0.0,0.0
2023-02-02 00:00:00-05:00,1.2999999523162842,1.4700000286102295,1.284999966621399,1.4299999475479126,149600,0.0,0.0
2023-02-03 00:00:00-05:00,1.4900000095367432,1.5,1.440000057220459,1.4700000286102295,112200,0.0,0.0
2023-02-06 00:00:00-05:00,1.4800000190734863,1.4900000095367432,1.3200000524520874,1.3300000429153442,82600,0.0,0.0
2023-02-07 00:00:00-05:00,1.350000023841858,1.350000023841858,1.2599999904632568,1.2699999809265137,91200,0.0,0.0
2023-02-08 00:00:00-05:00,1.309999942779541,1.309999942779541,1.2599999904632568,1.2899999618530273,44800,0.0,0.0
2023-02-09 00:00:00-05:00,1.3300000429153442,1.340000033378601,1.25,1.2599999904632568,27500,0.0,0.0
2023-02-10 00:00:00-05:00,1.2599999904632568,1.2799999713897705,1.1799999475479126,1.1799999475479126,52800,0.0,0.0
2023-02-13 00:00:00-05:00,1.1799999475479126,1.2100000381469727,1.1200000047683716,1.1200000047683716,28200,0.0,0.0
2023-02-14 00:00:00-05:00,1.1299999952316284,1.190000057220459,1.1200000047683716,1.190000057220459,27700,0.0,0.0
2023-02-15 00:00:00-05:00,1.1799999475479126,1.2400000095367432,1.1649999618530273,1.2200000286102295,30300,0.0,0.0
2023-02-16 00:00:00-05:00,1.2100000381469727,1.2200000286102295,1.159999966621399,1.1699999570846558,26000,0.0,0.0
2023-02-17 00:00:00-05:00,1.159999966621399,1.1859999895095825,1.1299999952316284,1.1449999809265137,12500,0.0,0.0
2023-02-21 00:00:00-05:00,1.1399999856948853,1.1699999570846558,1.100000023841858,1.1100000143051147,27000,0.0,0.0
2023-02-22 00:00:00-05:00,1.1100000143051147,1.1109999418258667,1.0499999523162842,1.0700000524520874,18000,0.0,0.0
2023-02-23 00:00:00-05:00,1.0800000429153442,1.1089999675750732,1.0700000524520874,1.100000023841858,17300,0.0,0.0
2023-02-24 00:00:00-05:00,1.0800000429153442,1.090000033378601,1.0499999523162842,1.0499999523162842,24100,0.0,0.0
2023-02-27 00:00:00-05:00,1.0499999523162842,1.065000057220459,1.0099999904632568,1.0299999713897705,24400,0.0,0.0
2023-02-28 00:00:00-05:00,1.0399999618530273,1.100000023841858,1.0,1.100000023841858,28400,0.0,0.0
2023-03-01 00:00:00-05:00,1.100000023841858,1.1200000047683716,1.0449999570846558,1.1100000143051147,27800,0.0,0.0
2023-03-02 00:00:00-05:00,1.100000023841858,1.149999976158142,1.0700000524520874,1.0800000429153442,19600,0.0,0.0
2023-03-03 00:00:00-05:00,1.0800000429153442,1.1369999647140503,1.0700000524520874,1.1200000047683716,18700,0.0,0.0
2023-03-06 00:00:00-05:00,1.100000023841858,1.1299999952316284,1.0800000429153442,1.090000033378601,16800,0.0,0.0
2023-03-07 00:00:00-05:00,1.090000033378601,1.1390000581741333,1.0800000429153442,1.1100000143051147,29800,0.0,0.0
2023-03-08 00:00:00-05:00,1.1100000143051147,1.1299999952316284,1.0800000429153442,1.090000033378601,19000,0.0,0.0
2023-03-09 00:00:00-05:00,1.090000033378601,1.1100000143051147,1.0099999904632568,1.0099999904632568,24100,0.0,0.0
2023-03-10 00:00:00-05:00,1.0199999809265137,1.1100000143051147,1.0199999809265137,1.0700000524520874,28800,0.0,0.0
2023-03-13 00:00:00-04:00,1.059999942779541,1.0800000429153442,1.0199999809265137,1.0399999618530273,26900,0.0,0.0
2023-03-14 00:00:00-04:00,1.0399999618530273,1.1299999952316284,1.0399999618530273,1.0499999523162842,33100,0.0,0.0
2023-03-15 00:00:00-04:00,1.090000033378601,1.100000023841858,1.0219999551773071,1.0299999713897705,23900,0.0,0.0
2023-03-16 00:00:00-04:00,1.0199999809265137,1.0499999523162842,1.0,1.0499999523162842,18900,0.0,0.0
2023-03-17 00:00:00-04:00,1.0199999809265137,1.0499999523162842,1.0,1.0299999713897705,26400,0.0,0.0
2023-03-20 00:00:00-04:00,1.0099999904632568,1.0199999809265137,0.9539999961853027,0.9559999704360962,61200,0.0,0.0
2023-03-21 00:00:00-04:00,1.0399999618530273,1.0399999618530273,0.9100000262260437,0.9300000071525574,50800,0.0,0.0
2023-03-22 00:00:00-04:00,0.9599999785423279,1.0099999904632568,0.9399999976158142,0.9599999785423279,36500,0.0,0.0
2023-03-23 00:00:00-04:00,0.9200000166893005,1.2999999523162842,0.9200000166893005,1.0099999904632568,240900,0.0,0.0
2023-03-24 00:00:00-04:00,1.0,1.0299999713897705,0.949999988079071,0.9850000143051147,23000,0.0,0.0
2023-03-27 00:00:00-04:00,0.9599999785423279,1.0,0.949999988079071,0.9599999785423279,11600,0.0,0.0
2023-03-28 00:00:00-04:00,0.9599999785423279,1.0299999713897705,0.949999988079071,0.9959999918937683,40100,0.0,0.0
2023-03-29 00:00:00-04:00,0.9900000095367432,1.0570000410079956,0.9610000252723694,0.9700000286102295,16300,0.0,0.0
2023-03-30 00:00:00-04:00,0.9599999785423279,1.0299999713897705,0.9509999752044678,0.9789999723434448,15500,0.0,0.0
2023-03-31 00:00:00-04:00,0.9739999771118164,1.0199999809265137,0.9739999771118164,1.0,20300,0.0,0.0
2023-04-03 00:00:00-04:00,0.9649999737739563,1.0299999713897705,0.9200000166893005,0.9200000166893005,119800,0.0,0.0
2023-04-04 00:00:00-04:00,0.9200000166893005,0.9300000071525574,0.8999999761581421,0.9179999828338623,42100,0.0,0.0
2023-04-05 00:00:00-04:00,0.8899999856948853,0.9190000295639038,0.8600000143051147,0.8970000147819519,51900,0.0,0.0
2023-04-06 00:00:00-04:00,0.9419999718666077,0.9419999718666077,0.7540000081062317,0.875,40800,0.0,0.0
2023-04-10 00:00:00-04:00,0.8679999709129333,0.8949999809265137,0.8650000095367432,0.8700000047683716,58200,0.0,0.0
2023-04-11 00:00:00-04:00,0.8700000047683716,0.949999988079071,0.8650000095367432,0.9049999713897705,39000,0.0,0.0
2023-04-12 00:00:00-04:00,0.8899999856948853,0.9589999914169312,0.8809999823570251,0.9330000281333923,16200,0.0,0.0
2023-04-13 00:00:00-04:00,0.9300000071525574,1.0,0.9300000071525574,1.0,24800,0.0,0.0
2023-04-14 00:00:00-04:00,1.0,1.0299999713897705,1.0,1.0099999904632568,31300,0.0,0.0
2023-04-17 00:00:00-04:00,1.0,1.0700000524520874,1.0,1.0700000524520874,42700,0.0,0.0
2023-04-18 00:00:00-04:00,1.0700000524520874,1.090000033378601,1.0399999618530273,1.0399999618530273,17900,0.0,0.0
2023-04-19 00:00:00-04:00,1.0499999523162842,1.0499999523162842,1.0,1.0049999952316284,21800,0.0,0.0
2023-04-20 00:00:00-04:00,1.0,1.0399999618530273,0.9800000190734863,0.9800000190734863,8800,0.0,0.0
2023-04-21 00:00:00-04:00,0.949999988079071,1.0,0.949999988079071,0.9900000095367432,12800,0.0,0.0
2023-04-24 00:00:00-04:00,1.090000033378601,1.090000033378601,0.9900000095367432,0.9900000095367432,13000,0.0,0.0
2023-04-25 00:00:00-04:00,1.0099999904632568,1.0199999809265137,0.9599999785423279,0.9900000095367432,34700,0.0,0.0
2023-04-26 00:00:00-04:00,1.0399999618530273,1.0800000429153442,1.0199999809265137,1.0800000429153442,60500,0.0,0.0
2023-04-27 00:00:00-04:00,1.090000033378601,1.2000000476837158,1.059000015258789,1.159999966621399,62700,0.0,0.0
2023-04-28 00:00:00-04:00,1.1699999570846558,1.1799999475479126,1.0709999799728394,1.1100000143051147,21100,0.0,0.0
2023-05-01 00:00:00-04:00,1.100000023841858,1.149999976158142,1.0779999494552612,1.090000033378601,38500,0.0,0.0
2023-05-02 00:00:00-04:00,1.309999942779541,1.649999976158142,1.2200000286102295,1.3700000047683716,1125600,0.0,0.0
2023-05-03 00:00:00-04:00,1.3600000143051147,1.4600000381469727,1.2799999713897705,1.4500000476837158,181200,0.0,0.0
2023-05-04 00:00:00-04:00,1.4500000476837158,1.5499999523162842,1.440000057220459,1.4600000381469727,101100,0.0,0.0
2023-05-05 00:00:00-04:00,1.4900000095367432,1.5199999809265137,1.2999999523162842,1.3300000429153442,117700,0.0,0.0
2023-05-08 00:00:00-04:00,1.350000023841858,1.3569999933242798,1.309999942779541,1.340000033378601,32100,0.0,0.0
2023-05-09 00:00:00-04:00,1.3200000524520874,1.399999976158142,1.281999945640564,1.399999976158142,30700,0.0,0.0
2023-05-10 00:00:00-04:00,1.3899999856948853,1.5499999523162842,1.3899999856948853,1.5299999713897705,86100,0.0,0.0
2023-05-11 00:00:00-04:00,1.5099999904632568,1.5099999904632568,1.409999966621399,1.4299999475479126,44700,0.0,0.0
2023-05-12 00:00:00-04:00,1.4199999570846558,1.4199999570846558,1.3200000524520874,1.3799999952316284,45800,0.0,0.0
2023-05-15 00:00:00-04:00,1.350000023841858,1.409999966621399,1.2999999523162842,1.2999999523162842,46600,0.0,0.0
2023-05-16 00:00:00-04:00,1.2999999523162842,1.3600000143051147,1.159999966621399,1.1699999570846558,70200,0.0,0.0
2023-05-17 00:00:00-04:00,1.2200000286102295,1.2699999809265137,1.1749999523162842,1.2599999904632568,17600,0.0,0.0
2023-05-18 00:00:00-04:00,1.2200000286102295,1.2899999618530273,1.2200000286102295,1.2899999618530273,48900,0.0,0.0
2023-05-19 00:00:00-04:00,1.2999999523162842,1.409999966621399,1.2860000133514404,1.399999976158142,35700,0.0,0.0
2023-05-22 00:00:00-04:00,1.399999976158142,1.4199999570846558,1.2699999809265137,1.3700000047683716,38100,0.0,0.0
2023-05-23 00:00:00-04:00,1.340000033378601,1.3799999952316284,1.2999999523162842,1.3650000095367432,23500,0.0,0.0
2023-05-24 00:00:00-04:00,1.3600000143051147,1.3700000047683716,1.2400000095367432,1.3200000524520874,30800,0.0,0.0
2023-05-25 00:00:00-04:00,1.309999942779541,1.350000023841858,1.25,1.2899999618530273,27300,0.0,0.0
2023-05-26 00:00:00-04:00,1.2799999713897705,1.340000033378601,1.2799999713897705,1.2999999523162842,40000,0.0,0.0
2023-05-30 00:00:00-04:00,1.350000023841858,1.3600000143051147,1.2999999523162842,1.3600000143051147,55800,0.0,0.0
2023-05-31 00:00:00-04:00,1.350000023841858,1.3700000047683716,1.309999942779541,1.309999942779541,10100,0.0,0.0
2023-06-01 00:00:00-04:00,1.3200000524520874,1.3539999723434448,1.2999999523162842,1.3200000524520874,13600,0.0,0.0
2023-06-02 00:00:00-04:00,1.3200000524520874,1.3600000143051147,1.309999942779541,1.350000023841858,21800,0.0,0.0
2023-06-05 00:00:00-04:00,1.3300000429153442,1.4500000476837158,1.3300000429153442,1.4500000476837158,81600,0.0,0.0
2023-06-06 00:00:00-04:00,1.4299999475479126,1.465999960899353,1.399999976158142,1.4199999570846558,29100,0.0,0.0
2023-06-07 00:00:00-04:00,1.409999966621399,1.4780000448226929,1.409999966621399,1.4500000476837158,14500,0.0,0.0
2023-06-08 00:00:00-04:00,1.4800000190734863,1.4900000095367432,1.4299999475479126,1.4299999475479126,53700,0.0,0.0
2023-06-09 00:00:00-04:00,1.399999976158142,1.4299999475479126,1.2400000095367432,1.274999976158142,117900,0.0,0.0
2023-06-12 00:00:00-04:00,1.309999942779541,1.3899999856948853,1.2999999523162842,1.350000023841858,27300,0.0,0.0
2023-06-13 00:00:00-04:00,1.4199999570846558,1.5700000524520874,1.399999976158142,1.5700000524520874,98300,0.0,0.0
2023-06-14 00:00:00-04:00,1.559999942779541,1.590000033378601,1.4800000190734863,1.5199999809265137,63500,0.0,0.0
2023-06-15 00:00:00-04:00,1.524999976158142,1.5399999618530273,1.4500000476837158,1.4800000190734863,56600,0.0,0.0
2023-06-16 00:00:00-04:00,1.5099999904632568,1.5299999713897705,1.309999942779541,1.309999942779541,179400,0.0,0.0
2023-06-20 00:00:00-04:00,1.3300000429153442,1.350000023841858,1.2000000476837158,1.2899999618530273,160000,0.0,0.0
2023-06-21 00:00:00-04:00,1.25,1.2699999809265137,1.2100000381469727,1.2699999809265137,31000,0.0,0.0
2023-06-22 00:00:00-04:00,1.25,1.2699999809265137,1.218999981880188,1.2699999809265137,22500,0.0,0.0
2023-06-23 00:00:00-04:00,1.2400000095367432,1.2599999904632568,1.2200000286102295,1.2599999904632568,37700,0.0,0.0
2023-06-26 00:00:00-04:00,1.25,1.2799999713897705,1.2300000190734863,1.2400000095367432,33300,0.0,0.0
2023-06-27 00:00:00-04:00,1.2300000190734863,1.2699999809265137,1.2100000381469727,1.2599999904632568,19500,0.0,0.0
2023-06-28 00:00:00-04:00,1.2300000190734863,1.2599999904632568,1.1699999570846558,1.1699999570846558,43100,0.0,0.0
2023-06-29 00:00:00-04:00,1.159999966621399,1.218999981880188,1.159999966621399,1.1799999475479126,50600,0.0,0.0
2023-06-30 00:00:00-04:00,1.2000000476837158,1.2200000286102295,1.149999976158142,1.2100000381469727,41400,0.0,0.0
2023-07-03 00:00:00-04:00,1.2200000286102295,1.2400000095367432,1.2000000476837158,1.2400000095367432,14300,0.0,0.0
2023-07-05 00:00:00-04:00,1.2200000286102295,1.24399995803833,1.2100000381469727,1.2200000286102295,20600,0.0,0.0
2023-07-06 00:00:00-04:00,1.2100000381469727,1.2100000381469727,1.149999976158142,1.1699999570846558,21600,0.0,0.0
2023-07-07 00:00:00-04:00,1.1799999475479126,1.2400000095367432,1.1729999780654907,1.2300000190734863,18700,0.0,0.0
2023-07-10 00:00:00-04:00,1.2100000381469727,1.3300000429153442,1.2100000381469727,1.2999999523162842,39800,0.0,0.0
2023-07-11 00:00:00-04:00,1.2999999523162842,1.309999942779541,1.2300000190734863,1.25,29600,0.0,0.0
2023-07-12 00:00:00-04:00,1.2599999904632568,1.2999999523162842,1.2400000095367432,1.2899999618530273,13900,0.0,0.0
2023-07-13 00:00:00-04:00,1.2799999713897705,1.2999999523162842,1.2300000190734863,1.2699999809265137,36300,0.0,0.0
2023-07-14 00:00:00-04:00,1.2999999523162842,1.2999999523162842,1.2400000095367432,1.2400000095367432,41300,0.0,0.0
2023-07-17 00:00:00-04:00,1.2400000095367432,1.2790000438690186,1.2100000381469727,1.2400000095367432,47800,0.0,0.0
2023-07-18 00:00:00-04:00,1.2200000286102295,1.25,1.2100000381469727,1.25,19400,0.0,0.0
2023-07-19 00:00:00-04:00,1.2200000286102295,1.2480000257492065,1.2200000286102295,1.2200000286102295,17100,0.0,0.0
2023-07-20 00:00:00-04:00,1.2200000286102295,1.25,1.2100000381469727,1.2100000381469727,17800,0.0,0.0
2023-07-21 00:00:00-04:00,1.2300000190734863,1.2999999523162842,1.2200000286102295,1.2799999713897705,41200,0.0,0.0
2023-07-24 00:00:00-04:00,1.2699999809265137,1.2799999713897705,1.253000020980835,1.2599999904632568,7000,0.0,0.0
2023-07-25 00:00:00-04:00,1.2699999809265137,1.2999999523162842,1.2599999904632568,1.2699999809265137,15300,0.0,0.0
2023-07-26 00:00:00-04:00,1.2599999904632568,1.3200000524520874,1.2599999904632568,1.2899999618530273,15600,0.0,0.0
2023-07-27 00:00:00-04:00,1.2799999713897705,1.309999942779541,1.2400000095367432,1.25,27000,0.0,0.0
2023-07-28 00:00:00-04:00,1.25,1.2799999713897705,1.25,1.25,22100,0.0,0.0
2023-07-31 00:00:00-04:00,1.25,1.2999999523162842,1.25,1.2599999904632568,24600,0.0,0.0
2023-08-01 00:00:00-04:00,1.2599999904632568,1.3200000524520874,1.25,1.25,32200,0.0,0.0
2023-08-02 00:00:00-04:00,1.25,1.2799999713897705,1.2280000448226929,1.2599999904632568,26000,0.0,0.0
2023-08-03 00:00:00-04:00,1.25,1.3200000524520874,1.25,1.2999999523162842,20600,0.0,0.0
2023-08-04 00:00:00-04:00,1.309999942779541,1.3200000524520874,1.25,1.2899999618530273,35600,0.0,0.0
2023-08-07 00:00:00-04:00,1.2599999904632568,1.2599999904632568,1.25,1.25,13200,0.0,0.0
2023-08-08 00:00:00-04:00,1.25,1.253000020980835,1.2200000286102295,1.2200000286102295,26100,0.0,0.0
2023-08-09 00:00:00-04:00,1.25,1.2599999904632568,1.2300000190734863,1.2300000190734863,29300,0.0,0.0
2023-08-10 00:00:00-04:00,1.2400000095367432,1.2400000095367432,1.159999966621399,1.190000057220459,16500,0.0,0.0
2023-08-11 00:00:00-04:00,1.190000057220459,1.25,1.1690000295639038,1.2200000286102295,30900,0.0,0.0
2023-08-14 00:00:00-04:00,1.2400000095367432,1.2699999809265137,1.2000000476837158,1.2200000286102295,21000,0.0,0.0
2023-08-15 00:00:00-04:00,1.2000000476837158,1.2000000476837158,1.0700000524520874,1.090000033378601,89800,0.0,0.0
2023-08-16 00:00:00-04:00,1.090000033378601,1.1399999856948853,1.090000033378601,1.1299999952316284,23800,0.0,0.0
2023-08-17 00:00:00-04:00,1.1200000047683716,1.1399999856948853,1.0499999523162842,1.100000023841858,41000,0.0,0.0
2023-08-18 00:00:00-04:00,1.090000033378601,1.090000033378601,1.0,1.0199999809265137,80900,0.0,0.0
2023-08-21 00:00:00-04:00,1.0,1.0199999809265137,0.9599999785423279,0.9610000252723694,35400,0.0,0.0
2023-08-22 00:00:00-04:00,0.9580000042915344,1.0199999809265137,0.9580000042915344,1.0,11700,0.0,0.0
2023-08-23 00:00:00-04:00,1.0199999809265137,1.0199999809265137,0.9900000095367432,0.9900000095367432,24600,0.0,0.0
2023-08-24 00:00:00-04:00,1.0099999904632568,1.0499999523162842,0.949999988079071,0.9649999737739563,24000,0.0,0.0
2023-08-25 00:00:00-04:00,0.949999988079071,1.0,0.9300000071525574,0.9490000009536743,27300,0.0,0.0
2023-08-28 00:00:00-04:00,0.9100000262260437,0.9639999866485596,0.8999999761581421,0.9589999914169312,26700,0.0,0.0
2023-08-29 00:00:00-04:00,0.9300000071525574,0.9589999914169312,0.8500000238418579,0.8999999761581421,69700,0.0,0.0
2023-08-30 00:00:00-04:00,0.9200000166893005,0.9729999899864197,0.9200000166893005,0.9200000166893005,63800,0.0,0.0
2023-08-31 00:00:00-04:00,0.9399999976158142,0.9800000190734863,0.8799999952316284,0.925000011920929,54900,0.0,0.0
2023-09-01 00:00:00-04:00,0.9399999976158142,0.968999981880188,0.9300000071525574,0.9300000071525574,35800,0.0,0.0
2023-09-05 00:00:00-04:00,1.0199999809265137,1.0199999809265137,0.9300000071525574,0.9700000286102295,26900,0.0,0.0
2023-09-06 00:00:00-04:00,0.9399999976158142,0.9660000205039978,0.9300000071525574,0.949999988079071,54200,0.0,0.0
2023-09-07 00:00:00-04:00,0.9399999976158142,0.9449999928474426,0.9279999732971191,0.9300000071525574,50700,0.0,0.0
2023-09-08 00:00:00-04:00,0.9399999976158142,1.0099999904632568,0.9399999976158142,0.9599999785423279,112500,0.0,0.0
2023-09-11 00:00:00-04:00,1.0,1.0,0.949999988079071,0.949999988079071,20700,0.0,0.0
2023-09-12 00:00:00-04:00,0.9629999995231628,1.0,0.949999988079071,0.9599999785423279,32600,0.0,0.0
2023-09-13 00:00:00-04:00,0.9599999785423279,0.9829999804496765,0.9200000166893005,0.9300000071525574,36500,0.0,0.0
2023-09-14 00:00:00-04:00,0.9399999976158142,0.9660000205039978,0.9399999976158142,0.9599999785423279,59300,0.0,0.0
2023-09-15 00:00:00-04:00,0.9900000095367432,1.0499999523162842,0.8799999952316284,0.8799999952316284,183400,0.0,0.0
2023-09-18 00:00:00-04:00,1.0499999523162842,1.0499999523162842,0.9259999990463257,0.9300000071525574,98300,0.0,0.0
2023-09-19 00:00:00-04:00,1.0,1.0,0.9380000233650208,0.949999988079071,31500,0.0,0.0
2023-09-20 00:00:00-04:00,0.949999988079071,0.9900000095367432,0.890999972820282,0.890999972820282,68600,0.0,0.0
2023-09-21 00:00:00-04:00,0.9359999895095825,0.9589999914169312,0.8999999761581421,0.9399999976158142,28800,0.0,0.0
2023-09-22 00:00:00-04:00,0.9300000071525574,0.9700000286102295,0.9300000071525574,0.949999988079071,32100,0.0,0.0
2023-09-25 00:00:00-04:00,0.9700000286102295,0.9700000286102295,0.9300000071525574,0.9399999976158142,57000,0.0,0.0
2023-09-26 00:00:00-04:00,0.9449999928474426,1.0199999809265137,0.9449999928474426,0.949999988079071,38800,0.0,0.0
2023-09-27 00:00:00-04:00,1.0010000467300415,1.0299999713897705,0.9300000071525574,1.0,46900,0.0,0.0
2023-09-28 00:00:00-04:00,1.0,1.0299999713897705,1.0,1.0099999904632568,55500,0.0,0.0
2023-09-29 00:00:00-04:00,1.0499999523162842,1.0499999523162842,1.0099999904632568,1.0199999809265137,29500,0.0,0.0
2023-10-02 00:00:00-04:00,1.0,1.0499999523162842,1.0,1.0199999809265137,36900,0.0,0.0
2023-10-03 00:00:00-04:00,1.0,1.059999942779541,1.0,1.0,31100,0.0,0.0
2023-10-04 00:00:00-04:00,1.0199999809265137,1.0800000429153442,1.0,1.0299999713897705,18400,0.0,0.0
2023-10-05 00:00:00-04:00,1.0099999904632568,1.059999942779541,1.0,1.0,32000,0.0,0.0
2023-10-06 00:00:00-04:00,1.0010000467300415,1.0499999523162842,0.972000002861023,1.0299999713897705,124000,0.0,0.0
2023-10-09 00:00:00-04:00,1.0,1.034999966621399,1.0,1.0,11200,0.0,0.0
2023-10-10 00:00:00-04:00,1.0,1.0199999809265137,0.949999988079071,0.972000002861023,27900,0.0,0.0
2023-10-11 00:00:00-04:00,0.9869999885559082,1.0499999523162842,0.9869999885559082,1.0199999809265137,18700,0.0,0.0
2023-10-12 00:00:00-04:00,1.0299999713897705,1.0299999713897705,1.0,1.0199999809265137,8800,0.0,0.0
2023-10-13 00:00:00-04:00,1.0199999809265137,1.0199999809265137,1.0,1.0,20300,0.0,0.0
2023-10-16 00:00:00-04:00,1.0499999523162842,1.0800000429153442,1.0,1.0199999809265137,40600,0.0,0.0
2023-10-17 00:00:00-04:00,1.0199999809265137,1.100000023841858,1.0199999809265137,1.0299999713897705,61300,0.0,0.0
2023-10-18 00:00:00-04:00,1.0299999713897705,1.059999942779541,1.0199999809265137,1.0199999809265137,12800,0.0,0.0
2023-10-19 00:00:00-04:00,1.059999942779541,1.059999942779541,1.0299999713897705,1.0299999713897705,13100,0.0,0.0
2023-10-20 00:00:00-04:00,1.0099999904632568,1.0399999618530273,1.0,1.0,12700,0.0,0.0
2023-10-23 00:00:00-04:00,1.0,1.0299999713897705,1.0,1.0,134300,0.0,0.0
2023-10-24 00:00:00-04:00,1.0,1.0299999713897705,1.0,1.0160000324249268,9000,0.0,0.0
2023-10-25 00:00:00-04:00,1.0399999618530273,1.100000023841858,1.0399999618530273,1.0800000429153442,44000,0.0,0.0
2023-10-26 00:00:00-04:00,1.100000023841858,1.1399999856948853,1.0700000524520874,1.1299999952316284,36900,0.0,0.0
2023-10-27 00:00:00-04:00,1.1200000047683716,1.1480000019073486,1.0700000524520874,1.0700000524520874,27900,0.0,0.0
2023-10-30 00:00:00-04:00,1.0800000429153442,1.1449999809265137,1.0729999542236328,1.0800000429153442,18400,0.0,0.0
2023-10-31 00:00:00-04:00,1.090000033378601,1.100000023841858,1.0399999618530273,1.0399999618530273,10800,0.0,0.0
2023-11-01 00:00:00-04:00,1.0399999618530273,1.0800000429153442,1.0099999904632568,1.0499999523162842,7700,0.0,0.0
2023-11-02 00:00:00-04:00,1.0399999618530273,1.0720000267028809,1.0199999809265137,1.0399999618530273,14500,0.0,0.0
2023-11-03 00:00:00-04:00,1.0700000524520874,1.149999976158142,1.0700000524520874,1.0700000524520874,21000,0.0,0.0
2023-11-06 00:00:00-05:00,1.0700000524520874,1.1770000457763672,1.059999942779541,1.1200000047683716,52100,0.0,0.0
2023-11-07 00:00:00-05:00,1.1200000047683716,1.1200000047683716,1.0099999904632568,1.0199999809265137,28100,0.0,0.0
2023-11-08 00:00:00-05:00,1.0199999809265137,1.090000033378601,1.0,1.0399999618530273,39600,0.0,0.0
2023-11-09 00:00:00-05:00,1.0199999809265137,1.0800000429153442,0.9800000190734863,0.9929999709129333,39800,0.0,0.0
2023-11-10 00:00:00-05:00,0.9950000047683716,0.9950000047683716,0.9520000219345093,0.9520000219345093,30000,0.0,0.0
2023-11-13 00:00:00-05:00,0.9599999785423279,1.0199999809265137,0.9399999976158142,1.0199999809265137,28000,0.0,0.0
2023-11-14 00:00:00-05:00,0.9599999785423279,1.0269999504089355,0.949999988079071,0.9559999704360962,34800,0.0,0.0
2023-11-15 00:00:00-05:00,0.9240000247955322,0.9980000257492065,0.9240000247955322,0.949999988079071,25000,0.0,0.0
2023-11-16 00:00:00-05:00,0.949999988079071,0.9700000286102295,0.949999988079071,0.949999988079071,13300,0.0,0.0
2023-11-17 00:00:00-05:00,0.949999988079071,0.9789999723434448,0.949999988079071,0.9789999723434448,24400,0.0,0.0
2023-11-20 00:00:00-05:00,0.9850000143051147,0.9850000143051147,0.9509999752044678,0.9509999752044678,15400,0.0,0.0
2023-11-21 00:00:00-05:00,0.9599999785423279,0.9850000143051147,0.949999988079071,0.949999988079071,8400,0.0,0.0
2023-11-22 00:00:00-05:00,0.9599999785423279,0.9700000286102295,0.949999988079071,0.9549999833106995,16000,0.0,0.0
2023-11-24 00:00:00-05:00,0.949999988079071,0.9589999914169312,0.9330000281333923,0.949999988079071,22300,0.0,0.0
2023-11-27 00:00:00-05:00,0.9490000009536743,0.9700000286102295,0.9399999976158142,0.949999988079071,11400,0.0,0.0
2023-11-28 00:00:00-05:00,0.9549999833106995,0.9760000109672546,0.949999988079071,0.9599999785423279,8900,0.0,0.0
2023-11-29 00:00:00-05:00,0.9399999976158142,0.968999981880188,0.9399999976158142,0.949999988079071,17100,0.0,0.0
2023-11-30 00:00:00-05:00,0.9399999976158142,0.9620000123977661,0.9399999976158142,0.949999988079071,7500,0.0,0.0
2023-12-01 00:00:00-05:00,0.9539999961853027,0.9599999785423279,0.9350000023841858,0.9559999704360962,20800,0.0,0.0
2023-12-04 00:00:00-05:00,0.9319999814033508,0.9900000095367432,0.9300000071525574,0.949999988079071,10700,0.0,0.0
2023-12-05 00:00:00-05:00,0.949999988079071,1.0,0.9419999718666077,0.9449999928474426,26900,0.0,0.0
2023-12-06 00:00:00-05:00,0.9399999976158142,0.9750000238418579,0.9399999976158142,0.9629999995231628,10000,0.0,0.0
2023-12-07 00:00:00-05:00,0.9800000190734863,0.9900000095367432,0.9399999976158142,0.9589999914169312,23700,0.0,0.0
2023-12-08 00:00:00-05:00,0.9430000185966492,0.9549999833106995,0.9330000281333923,0.9359999895095825,10600,0.0,0.0
2023-12-11 00:00:00-05:00,0.9330000281333923,0.949999988079071,0.8600000143051147,0.8799999952316284,102700,0.0,0.0
2023-12-12 00:00:00-05:00,0.9100000262260437,0.9490000009536743,0.875,0.875,35200,0.0,0.0
2023-12-13 00:00:00-05:00,0.9079999923706055,0.9110000133514404,0.8610000014305115,0.8700000047683716,26600,0.0,0.0
2023-12-14 00:00:00-05:00,0.8799999952316284,0.8999999761581421,0.8700000047683716,0.8799999952316284,61100,0.0,0.0
2023-12-15 00:00:00-05:00,0.8799999952316284,0.9039999842643738,0.8799999952316284,0.8899999856948853,49900,0.0,0.0
2023-12-18 00:00:00-05:00,0.8999999761581421,0.9210000038146973,0.8600000143051147,0.8600000143051147,61500,0.0,0.0
2023-12-19 00:00:00-05:00,0.8600000143051147,0.8999999761581421,0.8600000143051147,0.8889999985694885,56900,0.0,0.0
2023-12-20 00:00:00-05:00,0.8999999761581421,0.8999999761581421,0.8679999709129333,0.8769999742507935,68500,0.0,0.0
2023-12-21 00:00:00-05:00,0.8799999952316284,0.9380000233650208,0.8399999737739563,0.9300000071525574,218200,0.0,0.0
2023-12-22 00:00:00-05:00,0.9890000224113464,1.2300000190734863,0.9599999785423279,1.1399999856948853,313100,0.0,0.0
2023-12-26 00:00:00-05:00,1.100000023841858,1.1660000085830688,1.0700000524520874,1.1299999952316284,95800,0.0,0.0
2023-12-27 00:00:00-05:00,1.090000033378601,1.1299999952316284,1.0199999809265137,1.0399999618530273,149500,0.0,0.0
2023-12-28 00:00:00-05:00,1.059999942779541,1.100000023841858,1.0099999904632568,1.0700000524520874,103700,0.0,0.0
2023-12-29 00:00:00-05:00,1.0399999618530273,1.0800000429153442,1.0199999809265137,1.0199999809265137,85400,0.0,0.0
2024-01-02 00:00:00-05:00,1.0099999904632568,1.0700000524520874,1.0099999904632568,1.0399999618530273,30300,0.0,0.0
2024-01-03 00:00:00-05:00,1.0099999904632568,1.0499999523162842,1.0,1.0299999713897705,55000,0.0,0.0
2024-01-04 00:00:00-05:00,1.0700000524520874,1.100000023841858,1.0399999618530273,1.0700000524520874,51100,0.0,0.0
2024-01-05 00:00:00-05:00,1.0499999523162842,1.0839999914169312,1.0499999523162842,1.0499999523162842,19400,0.0,0.0
2024-01-08 00:00:00-05:00,1.0800000429153442,1.100000023841858,1.0449999570846558,1.100000023841858,38400,0.0,0.0
2024-01-09 00:00:00-05:00,1.0800000429153442,1.0800000429153442,1.0420000553131104,1.0700000524520874,72700,0.0,0.0
2024-01-10 00:00:00-05:00,1.0399999618530273,1.0800000429153442,1.0399999618530273,1.059999942779541,25500,0.0,0.0
2024-01-11 00:00:00-05:00,1.059999942779541,1.0700000524520874,1.0399999618530273,1.0399999618530273,24700,0.0,0.0
2024-01-12 00:00:00-05:00,1.059999942779541,1.059999942779541,1.0099999904632568,1.0099999904632568,13100,0.0,0.0
2024-01-16 00:00:00-05:00,1.0199999809265137,1.0399999618530273,1.0099999904632568,1.0099999904632568,36700,0.0,0.0
2024-01-17 00:00:00-05:00,1.0299999713897705,1.0579999685287476,1.0099999904632568,1.0399999618530273,18600,0.0,0.0
2024-01-18 00:00:00-05:00,1.0499999523162842,1.0759999752044678,1.0099999904632568,1.0099999904632568,31800,0.0,0.0
2024-01-19 00:00:00-05:00,1.0099999904632568,1.0399999618530273,1.0099999904632568,1.0199999809265137,22100,0.0,0.0
2024-01-22 00:00:00-05:00,1.0099999904632568,1.0399999618530273,1.0099999904632568,1.0099999904632568,48900,0.0,0.0
2024-01-23 00:00:00-05:00,1.0199999809265137,1.059999942779541,1.0099999904632568,1.0199999809265137,35500,0.0,0.0
2024-01-24 00:00:00-05:00,1.100000023841858,1.100000023841858,1.0199999809265137,1.024999976158142,66500,0.0,0.0
2024-01-25 00:00:00-05:00,1.0399999618530273,1.0499999523162842,1.0269999504089355,1.0299999713897705,12500,0.0,0.0
2024-01-26 00:00:00-05:00,1.0199999809265137,1.059999942779541,1.0199999809265137,1.0299999713897705,10800,0.0,0.0
2024-01-29 00:00:00-05:00,1.0499999523162842,1.059000015258789,1.0099999904632568,1.0299999713897705,27900,0.0,0.0
2024-01-30 00:00:00-05:00,1.0299999713897705,1.0499999523162842,1.0199999809265137,1.0299999713897705,5000,0.0,0.0
2024-01-31 00:00:00-05:00,1.0099999904632568,1.0700000524520874,1.0099999904632568,1.0099999904632568,33300,0.0,0.0
2024-02-01 00:00:00-05:00,1.0299999713897705,1.059999942779541,1.0199999809265137,1.0399999618530273,7000,0.0,0.0
2024-02-02 00:00:00-05:00,1.024999976158142,1.0499999523162842,1.0099999904632568,1.0299999713897705,15800,0.0,0.0
2024-02-05 00:00:00-05:00,1.0299999713897705,1.0299999713897705,1.0099999904632568,1.0199999809265137,27400,0.0,0.0
2024-02-06 00:00:00-05:00,1.0199999809265137,1.0399999618530273,1.0110000371932983,1.0299999713897705,12500,0.0,0.0
2024-02-07 00:00:00-05:00,1.0099999904632568,1.034000039100647,1.0099999904632568,1.0099999904632568,12600,0.0,0.0
2024-02-08 00:00:00-05:00,1.0399999618530273,1.0399999618530273,1.0099999904632568,1.0099999904632568,14600,0.0,0.0
2024-02-09 00:00:00-05:00,1.0199999809265137,1.090000033378601,1.0099999904632568,1.0199999809265137,35100,0.0,0.0
2024-02-12 00:00:00-05:00,1.0299999713897705,1.100000023841858,1.0299999713897705,1.0499999523162842,43500,0.0,0.0
2024-02-13 00:00:00-05:00,1.100000023841858,1.100000023841858,1.059999942779541,1.0750000476837158,341100,0.0,0.0
2024-02-14 00:00:00-05:00,1.1200000047683716,1.1200000047683716,1.0399999618530273,1.090000033378601,58000,0.0,0.0
2024-02-15 00:00:00-05:00,1.100000023841858,1.1200000047683716,1.0099999904632568,1.0499999523162842,27300,0.0,0.0
2024-02-16 00:00:00-05:00,1.0700000524520874,1.100000023841858,1.059999942779541,1.0750000476837158,39600,0.0,0.0
2024-02-20 00:00:00-05:00,1.0700000524520874,1.090000033378601,1.059999942779541,1.0700000524520874,21800,0.0,0.0
2024-02-21 00:00:00-05:00,1.0700000524520874,1.149999976158142,1.0700000524520874,1.100000023841858,23800,0.0,0.0
2024-02-22 00:00:00-05:00,1.100000023841858,1.100000023841858,1.059999942779541,1.090000033378601,20200,0.0,0.0
2024-02-23 00:00:00-05:00,1.0700000524520874,1.090000033378601,1.0199999809265137,1.0700000524520874,31800,0.0,0.0
2024-02-26 00:00:00-05:00,1.0499999523162842,1.0579999685287476,1.0199999809265137,1.024999976158142,24100,0.0,0.0
2024-02-27 00:00:00-05:00,1.059999942779541,1.059999942779541,1.0099999904632568,1.0099999904632568,32700,0.0,0.0
2024-02-28 00:00:00-05:00,6.050000190734863,7.800000190734863,3.509999990463257,3.740000009536743,148811400,0.0,0.0
2024-02-29 00:00:00-05:00,3.5999999046325684,4.800000190734863,3.4000000953674316,4.21999979019165,26543700,0.0,0.0
2024-03-01 00:00:00-05:00,3.309999942779541,3.4700000286102295,3.0,3.0899999141693115,4766100,0.0,0.0
2024-03-04 00:00:00-05:00,3.0,3.009999990463257,2.369999885559082,2.4700000286102295,2730800,0.0,0.0
2024-03-05 00:00:00-05:00,2.440000057220459,2.490000009536743,2.140000104904175,2.1500000953674316,1319500,0.0,0.0
2024-03-06 00:00:00-05:00,2.25,2.3499999046325684,2.0999999046325684,2.2100000381469727,1313800,0.0,0.0
2024-03-07 00:00:00-05:00,2.190000057220459,2.197999954223633,1.9800000190734863,2.0899999141693115,863400,0.0,0.0
2024-03-08 00:00:00-05:00,2.059999942779541,2.1500000953674316,2.0199999809265137,2.049999952316284,393200,0.0,0.0
2024-03-11 00:00:00-04:00,2.0299999713897705,2.0899999141693115,1.899999976158142,1.9299999475479126,586100,0.0,0.0
2024-03-12 00:00:00-04:00,1.899999976158142,2.049999952316284,1.8799999952316284,1.9600000381469727,556900,0.0,0.0
2024-03-13 00:00:00-04:00,1.9199999570846558,2.0429999828338623,1.8799999952316284,1.9299999475479126,240400,0.0,0.0
2024-03-14 00:00:00-04:00,1.9500000476837158,1.9630000591278076,1.809999942779541,1.8300000429153442,196800,0.0,0.0
2024-03-15 00:00:00-04:00,1.7999999523162842,1.9900000095367432,1.7300000190734863,1.9700000286102295,580800,0.0,0.0
2024-03-18 00:00:00-04:00,1.9199999570846558,2.059999942779541,1.840000033378601,2.0199999809265137,397500,0.0,0.0
2024-03-19 00:00:00-04:00,1.9500000476837158,2.0299999713897705,1.899999976158142,2.0299999713897705,279200,0.0,0.0
2024-03-20 00:00:00-04:00,2.0,2.069999933242798,1.9299999475479126,2.0,424000,0.0,0.0
2024-03-21 00:00:00-04:00,2.0,2.0299999713897705,1.940000057220459,2.0299999713897705,246300,0.0,0.0
2024-03-22 00:00:00-04:00,2.009999990463257,2.0199999809265137,1.940000057220459,2.0,150800,0.0,0.0
2024-03-25 00:00:00-04:00,1.9800000190734863,2.0,1.8700000047683716,1.9199999570846558,181600,0.0,0.0
2024-03-26 00:00:00-04:00,1.840000033378601,1.9500000476837158,1.840000033378601,1.8799999952316284,204300,0.0,0.0
2024-03-27 00:00:00-04:00,1.899999976158142,1.909999966621399,1.8209999799728394,1.850000023841858,165900,0.0,0.0
2024-03-28 00:00:00-04:00,1.8200000524520874,1.9199999570846558,1.7999999523162842,1.850000023841858,153000,0.0,0.0
2024-04-01 00:00:00-04:00,1.899999976158142,1.9800000190734863,1.840000033378601,1.9800000190734863,226100,0.0,0.0
2024-04-02 00:00:00-04:00,1.9299999475479126,1.9700000286102295,1.809999942779541,1.8799999952316284,170000,0.0,0.0
2024-04-03 00:00:00-04:00,1.909999966621399,2.059999942779541,1.8600000143051147,2.0350000858306885,329000,0.0,0.0
2024-04-04 00:00:00-04:00,1.940000057220459,2.049999952316284,1.909999966621399,2.0,150400,0.0,0.0
2024-04-05 00:00:00-04:00,2.009999990463257,2.049999952316284,1.9700000286102295,2.0,161400,0.0,0.0
2024-04-08 00:00:00-04:00,2.0299999713897705,2.2200000286102295,1.9600000381469727,2.180000066757202,590200,0.0,0.0
2024-04-09 00:00:00-04:00,2.1500000953674316,2.1500000953674316,2.0199999809265137,2.049999952316284,240400,0.0,0.0
2024-04-10 00:00:00-04:00,1.9900000095367432,2.069999933242798,1.9700000286102295,2.059999942779541,268500,0.0,0.0
2024-04-11 00:00:00-04:00,2.059999942779541,2.0799999237060547,2.0299999713897705,2.049999952316284,137200,0.0,0.0
2024-04-12 00:00:00-04:00,2.0299999713897705,2.0799999237060547,2.0199999809265137,2.069999933242798,231000,0.0,0.0
2024-04-15 00:00:00-04:00,2.009999990463257,2.069999933242798,2.0,2.0199999809265137,183600,0.0,0.0
2024-04-16 00:00:00-04:00,2.0,2.006999969482422,1.8830000162124634,1.9199999570846558,226500,0.0,0.0
2024-04-17 00:00:00-04:00,1.8899999856948853,1.9199999570846558,1.840000033378601,1.840000033378601,114300,0.0,0.0
2024-04-18 00:00:00-04:00,1.850000023841858,1.8899999856948853,1.7999999523162842,1.8049999475479126,88400,0.0,0.0
2024-04-19 00:00:00-04:00,1.809999942779541,1.8300000429153442,1.6799999475479126,1.7000000476837158,190200,0.0,0.0
2024-04-22 00:00:00-04:00,1.6799999475479126,1.7000000476837158,1.6100000143051147,1.6699999570846558,138000,0.0,0.0
2024-04-23 00:00:00-04:00,1.649999976158142,1.8200000524520874,1.6100000143051147,1.7999999523162842,93200,0.0,0.0
2024-04-24 00:00:00-04:00,1.7899999618530273,1.7999999523162842,1.7200000286102295,1.7300000190734863,53900,0.0,0.0
2024-04-25 00:00:00-04:00,1.7100000381469727,1.715000033378601,1.6360000371932983,1.6950000524520874,92400,0.0,0.0
2024-04-26 00:00:00-04:00,1.7000000476837158,1.7000000476837158,1.6200000047683716,1.6299999952316284,117500,0.0,0.0
2024-04-29 00:00:00-04:00,1.6299999952316284,1.6799999475479126,1.6299999952316284,1.6299999952316284,62900,0.0,0.0
2024-04-30 00:00:00-04:00,1.6100000143051147,1.659999966621399,1.6100000143051147,1.6200000047683716,39400,0.0,0.0
2024-05-01 00:00:00-04:00,1.6299999952316284,1.715000033378601,1.6200000047683716,1.659999966621399,54300,0.0,0.0
2024-05-02 00:00:00-04:00,1.6399999856948853,1.7400000095367432,1.63100004196167,1.7200000286102295,51900,0.0,0.0
2024-05-03 00:00:00-04:00,1.7699999809265137,1.7949999570846558,1.7300000190734863,1.7799999713897705,74300,0.0,0.0
2024-05-06 00:00:00-04:00,1.7999999523162842,1.8200000524520874,1.781999945640564,1.7899999618530273,99700,0.0,0.0
2024-05-07 00:00:00-04:00,1.7999999523162842,1.7999999523162842,1.7200000286102295,1.7300000190734863,71600,0.0,0.0
2024-05-08 00:00:00-04:00,1.7200000286102295,1.7400000095367432,1.6799999475479126,1.7000000476837158,38900,0.0,0.0
2024-05-09 00:00:00-04:00,1.7000000476837158,1.7200000286102295,1.6749999523162842,1.7200000286102295,48300,0.0,0.0
2024-05-10 00:00:00-04:00,1.809999942779541,1.8200000524520874,1.7599999904632568,1.809999942779541,97000,0.0,0.0
2024-05-13 00:00:00-04:00,1.840000033378601,1.878999948501587,1.7999999523162842,1.850000023841858,82800,0.0,0.0
2024-05-14 00:00:00-04:00,1.7699999809265137,1.8700000047683716,1.7400000095367432,1.8300000429153442,301300,0.0,0.0
2024-05-15 00:00:00-04:00,1.7999999523162842,1.9600000381469727,1.7999999523162842,1.909999966621399,212200,0.0,0.0
2024-05-16 00:00:00-04:00,1.909999966621399,2.0,1.8799999952316284,1.9700000286102295,179900,0.0,0.0
2024-05-17 00:00:00-04:00,1.9900000095367432,2.0,1.934999942779541,1.9950000047683716,164700,0.0,0.0
2024-05-20 00:00:00-04:00,2.009999990463257,2.009999990463257,1.7799999713897705,1.840000033378601,214000,0.0,0.0
2024-05-21 00:00:00-04:00,1.8300000429153442,1.8700000047683716,1.7699999809265137,1.784999966621399,88500,0.0,0.0
2024-05-22 00:00:00-04:00,1.7999999523162842,1.840000033378601,1.7400000095367432,1.7599999904632568,158800,0.0,0.0
2024-05-23 00:00:00-04:00,1.7599999904632568,1.7699999809265137,1.621000051498413,1.6299999952316284,122900,0.0,0.0
2024-05-24 00:00:00-04:00,1.649999976158142,1.7100000381469727,1.6399999856948853,1.6699999570846558,128200,0.0,0.0
2024-05-28 00:00:00-04:00,1.6399999856948853,1.659999966621399,1.5499999523162842,1.659999966621399,579500,0.0,0.0
2024-05-29 00:00:00-04:00,1.659999966621399,1.659999966621399,1.6100000143051147,1.6399999856948853,63100,0.0,0.0
2024-05-30 00:00:00-04:00,1.659999966621399,1.6699999570846558,1.6200000047683716,1.6399999856948853,37200,0.0,0.0
2024-05-31 00:00:00-04:00,1.649999976158142,1.659999966621399,1.6100000143051147,1.6299999952316284,54200,0.0,0.0
2024-06-03 00:00:00-04:00,1.6299999952316284,1.6699999570846558,1.6200000047683716,1.6699999570846558,78500,0.0,0.0
2024-06-04 00:00:00-04:00,1.6299999952316284,1.659000039100647,1.6299999952316284,1.6399999856948853,39700,0.0,0.0
2024-06-05 00:00:00-04:00,1.649999976158142,1.649999976158142,1.6100000143051147,1.649999976158142,58700,0.0,0.0
2024-06-06 00:00:00-04:00,1.6299999952316284,1.6449999809265137,1.6100000143051147,1.6100000143051147,116000,0.0,0.0
2024-06-07 00:00:00-04:00,1.6200000047683716,1.6399999856948853,1.6100000143051147,1.6150000095367432,84700,0.0,0.0
2024-06-10 00:00:00-04:00,1.600000023841858,1.6649999618530273,1.5499999523162842,1.6399999856948853,117600,0.0,0.0
2024-06-11 00:00:00-04:00,1.600000023841858,1.6399999856948853,1.5880000591278076,1.6299999952316284,74300,0.0,0.0
2024-06-12 00:00:00-04:00,1.6200000047683716,1.649999976158142,1.6100000143051147,1.6299999952316284,80400,0.0,0.0
2024-06-13 00:00:00-04:00,1.7799999713897705,2.0899999141693115,1.5700000524520874,1.6200000047683716,14741000,0.0,0.0
2024-06-14 00:00:00-04:00,1.5800000429153442,1.6950000524520874,1.5399999618530273,1.600000023841858,739300,0.0,0.0
2024-06-17 00:00:00-04:00,1.600000023841858,1.600000023841858,1.3899999856948853,1.4299999475479126,561800,0.0,0.0
2024-06-18 00:00:00-04:00,1.399999976158142,1.4500000476837158,1.3300000429153442,1.3300000429153442,380400,0.0,0.0
2024-06-20 00:00:00-04:00,1.309999942779541,1.3300000429153442,1.2300000190734863,1.25,415900,0.0,0.0
2024-06-21 00:00:00-04:00,1.2699999809265137,1.274999976158142,1.2100000381469727,1.25,151700,0.0,0.0
2024-06-24 00:00:00-04:00,1.2599999904632568,1.2599999904632568,1.2200000286102295,1.2300000190734863,122900,0.0,0.0
2024-06-25 00:00:00-04:00,1.2300000190734863,1.2899999618530273,1.2300000190734863,1.2799999713897705,98400,0.0,0.0
2024-06-26 00:00:00-04:00,1.2799999713897705,1.2999999523162842,1.25,1.2799999713897705,116600,0.0,0.0
2024-06-27 00:00:00-04:00,1.2300000190734863,1.2999999523162842,1.2300000190734863,1.2699999809265137,88700,0.0,0.0
2024-06-28 00:00:00-04:00,1.2699999809265137,1.2799999713897705,1.2599999904632568,1.2599999904632568,81400,0.0,0.0
2024-07-01 00:00:00-04:00,1.2699999809265137,1.2799999713897705,1.2000000476837158,1.25,96500,0.0,0.0
2024-07-02 00:00:00-04:00,1.2300000190734863,1.2400000095367432,1.2000000476837158,1.2100000381469727,65300,0.0,0.0
2024-07-03 00:00:00-04:00,1.2100000381469727,1.2350000143051147,1.2000000476837158,1.2100000381469727,48700,0.0,0.0
2024-07-05 00:00:00-04:00,1.2100000381469727,1.2350000143051147,1.2100000381469727,1.2300000190734863,44800,0.0,0.0
2024-07-08 00:00:00-04:00,1.2300000190734863,1.2799999713897705,1.2300000190734863,1.2599999904632568,73100,0.0,0.0
2024-07-09 00:00:00-04:00,1.2799999713897705,1.2999999523162842,1.25,1.25,91700,0.0,0.0
2024-07-10 00:00:00-04:00,1.2599999904632568,1.2699999809265137,1.25,1.25,46400,0.0,0.0
2024-07-11 00:00:00-04:00,1.309999942779541,1.3899999856948853,1.2799999713897705,1.3200000524520874,658500,0.0,0.0
2024-07-12 00:00:00-04:00,1.3200000524520874,1.340000033378601,1.3200000524520874,1.340000033378601,152700,0.0,0.0
2024-07-15 00:00:00-04:00,1.350000023841858,1.350000023841858,1.309999942779541,1.3300000429153442,87500,0.0,0.0
2024-07-16 00:00:00-04:00,1.3200000524520874,1.350000023841858,1.3200000524520874,1.350000023841858,83400,0.0,0.0
2024-07-17 00:00:00-04:00,1.309999942779541,1.350000023841858,1.309999942779541,1.3300000429153442,53600,0.0,0.0
2024-07-18 00:00:00-04:00,1.3700000047683716,1.3700000047683716,1.2999999523162842,1.2999999523162842,119400,0.0,0.0
2024-07-19 00:00:00-04:00,1.2999999523162842,1.309999942779541,1.2599999904632568,1.2599999904632568,40900,0.0,0.0
2024-07-22 00:00:00-04:00,1.2599999904632568,1.2999999523162842,1.2599999904632568,1.2999999523162842,71800,0.0,0.0
2024-07-23 00:00:00-04:00,1.2899999618530273,1.2999999523162842,1.2799999713897705,1.2799999713897705,34600,0.0,0.0
2024-07-24 00:00:00-04:00,1.2799999713897705,1.2799999713897705,1.2200000286102295,1.2300000190734863,103000,0.0,0.0
2024-07-25 00:00:00-04:00,1.2400000095367432,1.2599999904632568,1.2300000190734863,1.25,66800,0.0,0.0
2024-07-26 00:00:00-04:00,1.25,1.2699999809265137,1.2300000190734863,1.25,67900,0.0,0.0
2024-07-29 00:00:00-04:00,1.2699999809265137,1.2699999809265137,1.2300000190734863,1.2400000095367432,61800,0.0,0.0
2024-07-30 00:00:00-04:00,1.25,1.2799999713897705,1.2200000286102295,1.2200000286102295,58000,0.0,0.0
2024-07-31 00:00:00-04:00,1.2400000095367432,1.2450000047683716,1.2200000286102295,1.2300000190734863,51400,0.0,0.0
2024-08-01 00:00:00-04:00,1.2300000190734863,1.25,1.2000000476837158,1.2100000381469727,68100,0.0,0.0
2024-08-02 00:00:00-04:00,1.2200000286102295,1.2239999771118164,1.1799999475479126,1.2000000476837158,138400,0.0,0.0
2024-08-05 00:00:00-04:00,1.149999976158142,1.1799999475479126,1.149999976158142,1.159999966621399,80200,0.0,0.0
2024-08-06 00:00:00-04:00,1.159999966621399,1.2000000476837158,1.159999966621399,1.1699999570846558,57500,0.0,0.0
2024-08-07 00:00:00-04:00,1.1790000200271606,1.190000057220459,1.149999976158142,1.159999966621399,43800,0.0,0.0
2024-08-08 00:00:00-04:00,1.190000057220459,1.190000057220459,1.149999976158142,1.159999966621399,97300,0.0,0.0
2024-08-09 00:00:00-04:00,1.159999966621399,1.190000057220459,1.159999966621399,1.1799999475479126,52800,0.0,0.0
2024-08-12 00:00:00-04:00,1.159999966621399,1.1950000524520874,1.1549999713897705,1.159999966621399,38700,0.0,0.0
2024-08-13 00:00:00-04:00,1.159999966621399,1.1699999570846558,1.149999976158142,1.159999966621399,39100,0.0,0.0
2024-08-14 00:00:00-04:00,1.149999976158142,1.2999999523162842,1.149999976158142,1.2599999904632568,124700,0.0,0.0
2024-08-15 00:00:00-04:00,1.25,1.3300000429153442,1.25,1.2699999809265137,89400,0.0,0.0
2024-08-16 00:00:00-04:00,1.2899999618530273,1.2899999618530273,1.2400000095367432,1.2799999713897705,31200,0.0,0.0
2024-08-19 00:00:00-04:00,1.2799999713897705,1.3700000047683716,1.2699999809265137,1.3600000143051147,121100,0.0,0.0
2024-08-20 00:00:00-04:00,1.350000023841858,1.4049999713897705,1.2599999904632568,1.3799999952316284,100000,0.0,0.0
2024-08-21 00:00:00-04:00,1.3799999952316284,1.399999976158142,1.2899999618530273,1.3899999856948853,85000,0.0,0.0
2024-08-22 00:00:00-04:00,1.3899999856948853,1.3899999856948853,1.3300000429153442,1.350000023841858,47700,0.0,0.0
2024-08-23 00:00:00-04:00,1.340000033378601,1.3600000143051147,1.3300000429153442,1.3600000143051147,47300,0.0,0.0
2024-08-26 00:00:00-04:00,1.350000023841858,1.3700000047683716,1.3200000524520874,1.350000023841858,44700,0.0,0.0
2024-08-27 00:00:00-04:00,1.350000023841858,1.3799999952316284,1.3289999961853027,1.350000023841858,46400,0.0,0.0
2024-08-28 00:00:00-04:00,1.3600000143051147,1.3600000143051147,1.315000057220459,1.3200000524520874,53300,0.0,0.0
2024-08-29 00:00:00-04:00,1.3200000524520874,1.3200000524520874,1.2699999809265137,1.309999942779541,36100,0.0,0.0
2024-08-30 00:00:00-04:00,1.2999999523162842,1.3200000524520874,1.277999997138977,1.309999942779541,28300,0.0,0.0
2024-09-03 00:00:00-04:00,1.309999942779541,1.309999942779541,1.2200000286102295,1.2300000190734863,58100,0.0,0.0
2024-09-04 00:00:00-04:00,1.2799999713897705,1.3200000524520874,1.2100000381469727,1.2100000381469727,610900,0.0,0.0
2024-09-05 00:00:00-04:00,1.2300000190734863,1.2599999904632568,1.2050000429153442,1.2200000286102295,72000,0.0,0.0
2024-09-06 00:00:00-04:00,1.2300000190734863,1.2300000190734863,1.159999966621399,1.1699999570846558,110900,0.0,0.0
2024-09-09 00:00:00-04:00,1.1699999570846558,1.190000057220459,1.149999976158142,1.190000057220459,202700,0.0,0.0
2024-09-10 00:00:00-04:00,1.190000057220459,1.2899999618530273,1.1799999475479126,1.2899999618530273,70700,0.0,0.0
2024-09-11 00:00:00-04:00,1.2799999713897705,1.2799999713897705,1.2300000190734863,1.25,32300,0.0,0.0
2024-09-12 00:00:00-04:00,1.2400000095367432,1.2929999828338623,1.2300000190734863,1.2400000095367432,35200,0.0,0.0
2024-09-13 00:00:00-04:00,1.2400000095367432,1.2999999523162842,1.2400000095367432,1.2899999618530273,29100,0.0,0.0
2024-09-16 00:00:00-04:00,1.2799999713897705,1.2799999713897705,1.2599999904632568,1.2599999904632568,21800,0.0,0.0
2024-09-17 00:00:00-04:00,1.2400000095367432,1.2599999904632568,1.2200000286102295,1.2400000095367432,31000,0.0,0.0
2024-09-18 00:00:00-04:00,1.2400000095367432,1.2599999904632568,1.2059999704360962,1.2200000286102295,81500,0.0,0.0
2024-09-19 00:00:00-04:00,1.2300000190734863,1.25,1.2200000286102295,1.2300000190734863,26900,0.0,0.0
2024-09-20 00:00:00-04:00,1.2200000286102295,1.2400000095367432,1.2100000381469727,1.2300000190734863,53600,0.0,0.0
2024-09-23 00:00:00-04:00,1.2300000190734863,1.2400000095367432,1.2000000476837158,1.2100000381469727,47900,0.0,0.0
2024-09-24 00:00:00-04:00,1.2100000381469727,1.2200000286102295,1.2000000476837158,1.2000000476837158,25100,0.0,0.0
2024-09-25 00:00:00-04:00,1.2000000476837158,1.215000033378601,1.159999966621399,1.1799999475479126,67100,0.0,0.0
2024-09-26 00:00:00-04:00,1.1799999475479126,1.2100000381469727,1.100000023841858,1.125,366700,0.0,0.0
2024-09-27 00:00:00-04:00,1.159999966621399,1.159999966621399,1.1200000047683716,1.1349999904632568,97900,0.0,0.0
2024-09-30 00:00:00-04:00,1.1299999952316284,1.1699999570846558,1.1299999952316284,1.1699999570846558,52300,0.0,0.0
2024-10-01 00:00:00-04:00,1.1699999570846558,1.1699999570846558,1.1100000143051147,1.1150000095367432,113400,0.0,0.0
2024-10-02 00:00:00-04:00,1.1100000143051147,1.149999976158142,1.1100000143051147,1.149999976158142,43300,0.0,0.0
2024-10-03 00:00:00-04:00,1.149999976158142,1.149999976158142,1.1100000143051147,1.1200000047683716,109300,0.0,0.0
2024-10-04 00:00:00-04:00,1.1299999952316284,1.190000057220459,1.1200000047683716,1.1799999475479126,90300,0.0,0.0
2024-10-07 00:00:00-04:00,1.159999966621399,1.1710000038146973,1.1399999856948853,1.149999976158142,23900,0.0,0.0
2024-10-08 00:00:00-04:00,1.149999976158142,1.159999966621399,1.1200000047683716,1.1299999952316284,59200,0.0,0.0
2024-10-09 00:00:00-04:00,1.1399999856948853,1.149999976158142,1.1200000047683716,1.1200000047683716,35400,0.0,0.0
2024-10-10 00:00:00-04:00,1.1299999952316284,1.1299999952316284,1.100000023841858,1.1100000143051147,50300,0.0,0.0
2024-10-11 00:00:00-04:00,1.1200000047683716,1.1399999856948853,1.1100000143051147,1.1299999952316284,34200,0.0,0.0
2024-10-14 00:00:00-04:00,1.1299999952316284,1.149999976158142,1.1299999952316284,1.1399999856948853,20900,0.0,0.0
2024-10-15 00:00:00-04:00,1.1200000047683716,1.1799999475479126,1.1200000047683716,1.159999966621399,43100,0.0,0.0
2024-10-16 00:00:00-04:00,1.159999966621399,1.2400000095367432,1.159999966621399,1.2400000095367432,115400,0.0,0.0
2024-10-17 00:00:00-04:00,1.2300000190734863,1.2699999809265137,1.2100000381469727,1.2599999904632568,66900,0.0,0.0
2024-10-18 00:00:00-04:00,1.25,1.3009999990463257,1.2300000190734863,1.2999999523162842,104500,0.0,0.0
2024-10-21 00:00:00-04:00,1.2999999523162842,1.3300000429153442,1.2599999904632568,1.2899999618530273,46800,0.0,0.0
2024-10-22 00:00:00-04:00,1.2899999618530273,1.2899999618530273,1.25,1.2899999618530273,60300,0.0,0.0
2024-10-23 00:00:00-04:00,1.2799999713897705,1.2899999618530273,1.2699999809265137,1.2799999713897705,37800,0.0,0.0
2024-10-24 00:00:00-04:00,1.2699999809265137,1.2799999713897705,1.25,1.25,38500,0.0,0.0
2024-10-25 00:00:00-04:00,1.2599999904632568,1.2699999809265137,1.2300000190734863,1.2599999904632568,31600,0.0,0.0
2024-10-28 00:00:00-04:00,1.2599999904632568,1.309999942779541,1.2599999904632568,1.2799999713897705,65000,0.0,0.0
2024-10-29 00:00:00-04:00,1.2799999713897705,1.309999942779541,1.2599999904632568,1.2999999523162842,33200,0.0,0.0
2024-10-30 00:00:00-04:00,1.2999999523162842,1.350000023841858,1.2999999523162842,1.340000033378601,105000,0.0,0.0
2024-10-31 00:00:00-04:00,1.340000033378601,1.340000033378601,1.2699999809265137,1.309999942779541,55500,0.0,0.0
2024-11-01 00:00:00-04:00,1.309999942779541,1.3109999895095825,1.2799999713897705,1.2899999618530273,32200,0.0,0.0
2024-11-04 00:00:00-05:00,1.2799999713897705,1.2910000085830688,1.25,1.2599999904632568,38800,0.0,0.0
2024-11-05 00:00:00-05:00,1.2400000095367432,1.2799999713897705,1.2200000286102295,1.2599999904632568,36700,0.0,0.0
2024-11-06 00:00:00-05:00,1.2899999618530273,1.2979999780654907,1.2599999904632568,1.2599999904632568,40400,0.0,0.0
2024-11-07 00:00:00-05:00,1.2599999904632568,1.2899999618530273,1.2400000095367432,1.2599999904632568,64800,0.0,0.0
2024-11-08 00:00:00-05:00,1.25,1.2899999618530273,1.2300000190734863,1.2599999904632568,46200,0.0,0.0
2024-11-11 00:00:00-05:00,1.2599999904632568,1.2899999618530273,1.2200000286102295,1.2599999904632568,46000,0.0,0.0
2024-11-12 00:00:00-05:00,1.25,1.25,1.2100000381469727,1.25,60000,0.0,0.0
2024-11-13 00:00:00-05:00,1.2799999713897705,1.399999976158142,1.25,1.3899999856948853,863100,0.0,0.0
2024-11-14 00:00:00-05:00,1.409999966621399,1.4700000286102295,1.3899999856948853,1.440000057220459,331200,0.0,0.0
2024-11-15 00:00:00-05:00,1.4299999475479126,1.4299999475479126,1.2699999809265137,1.309999942779541,198100,0.0,0.0
2024-11-18 00:00:00-05:00,1.309999942779541,1.340000033378601,1.225000023841858,1.3200000524520874,262300,0.0,0.0
2024-11-19 00:00:00-05:00,1.3200000524520874,1.3300000429153442,1.2599999904632568,1.2899999618530273,149500,0.0,0.0
2024-11-20 00:00:00-05:00,1.2899999618530273,1.340000033378601,1.2799999713897705,1.2899999618530273,128400,0.0,0.0
2024-11-21 00:00:00-05:00,1.2999999523162842,1.3300000429153442,1.2899999618530273,1.3300000429153442,117900,0.0,0.0
2024-11-22 00:00:00-05:00,1.3200000524520874,1.3700000047683716,1.2999999523162842,1.340000033378601,100600,0.0,0.0
2024-11-25 00:00:00-05:00,1.3700000047683716,1.3799999952316284,1.350000023841858,1.3700000047683716,117300,0.0,0.0
2024-11-26 00:00:00-05:00,1.3700000047683716,1.4500000476837158,1.3650000095367432,1.440000057220459,240500,0.0,0.0
2024-11-27 00:00:00-05:00,1.440000057220459,1.5,1.440000057220459,1.4500000476837158,267300,0.0,0.0
2024-11-29 00:00:00-05:00,1.4700000286102295,1.4700000286102295,1.409999966621399,1.440000057220459,102600,0.0,0.0
2024-12-02 00:00:00-05:00,1.4500000476837158,1.4600000381469727,1.4199999570846558,1.4500000476837158,71100,0.0,0.0
2024-12-03 00:00:00-05:00,1.440000057220459,1.4450000524520874,1.399999976158142,1.409999966621399,52800,0.0,0.0
2024-12-04 00:00:00-05:00,1.409999966621399,1.409999966621399,1.3200000524520874,1.3300000429153442,106600,0.0,0.0
2024-12-05 00:00:00-05:00,1.3200000524520874,1.3300000429153442,1.2799999713897705,1.2899999618530273,161000,0.0,0.0
2024-12-06 00:00:00-05:00,1.2999999523162842,1.3300000429153442,1.2799999713897705,1.3300000429153442,137700,0.0,0.0
2024-12-09 00:00:00-05:00,1.3300000429153442,1.340000033378601,1.309999942779541,1.3300000429153442,116000,0.0,0.0
2024-12-10 00:00:00-05:00,1.3300000429153442,1.3300000429153442,1.2699999809265137,1.2799999713897705,107500,0.0,0.0
2024-12-11 00:00:00-05:00,1.2999999523162842,1.2999999523162842,1.2599999904632568,1.2899999618530273,122300,0.0,0.0
2024-12-12 00:00:00-05:00,1.2799999713897705,1.3200000524520874,1.2710000276565552,1.2999999523162842,66100,0.0,0.0
2024-12-13 00:00:00-05:00,1.3300000429153442,1.3300000429153442,1.2999999523162842,1.309999942779541,141500,0.0,0.0
2024-12-16 00:00:00-05:00,1.309999942779541,1.3200000524520874,1.2999999523162842,1.3200000524520874,121600,0.0,0.0
2024-12-17 00:00:00-05:00,1.2999999523162842,1.3200000524520874,1.281000018119812,1.2999999523162842,78500,0.0,0.0
2024-12-18 00:00:00-05:00,1.2699999809265137,1.2899999618530273,1.2000000476837158,1.2100000381469727,187300,0.0,0.0
2024-12-19 00:00:00-05:00,1.2300000190734863,1.2569999694824219,1.159999966621399,1.1799999475479126,337200,0.0,0.0
2024-12-20 00:00:00-05:00,1.190000057220459,1.2200000286102295,1.1399999856948853,1.1799999475479126,252400,0.0,0.0
2024-12-23 00:00:00-05:00,1.1699999570846558,1.2000000476837158,1.159999966621399,1.1799999475479126,104000,0.0,0.0
2024-12-24 00:00:00-05:00,1.1699999570846558,1.1799999475479126,1.1399999856948853,1.159999966621399,57100,0.0,0.0
2024-12-26 00:00:00-05:00,1.159999966621399,1.2000000476837158,1.1399999856948853,1.190000057220459,194900,0.0,0.0
2024-12-27 00:00:00-05:00,1.2000000476837158,1.2400000095367432,1.1699999570846558,1.1799999475479126,116900,0.0,0.0
2024-12-30 00:00:00-05:00,1.1799999475479126,1.1799999475479126,1.1399999856948853,1.1799999475479126,196900,0.0,0.0
2024-12-31 00:00:00-05:00,1.1699999570846558,1.190000057220459,1.149999976158142,1.159999966621399,115900,0.0,0.0
2025-01-02 00:00:00-05:00,1.159999966621399,1.2000000476837158,1.159999966621399,1.2000000476837158,104600,0.0,0.0
2025-01-03 00:00:00-05:00,1.190000057220459,1.2799999713897705,1.184999942779541,1.2799999713897705,124600,0.0,0.0
2025-01-06 00:00:00-05:00,1.2699999809265137,1.3300000429153442,1.2410000562667847,1.2799999713897705,298800,0.0,0.0
2025-01-07 00:00:00-05:00,1.2799999713897705,1.3179999589920044,1.2400000095367432,1.2599999904632568,100700,0.0,0.0
2025-01-08 00:00:00-05:00,1.2699999809265137,1.2699999809265137,1.2000000476837158,1.2200000286102295,95900,0.0,0.0
2025-01-10 00:00:00-05:00,1.2200000286102295,1.2200000286102295,1.1820000410079956,1.2100000381469727,59700,0.0,0.0
2025-01-13 00:00:00-05:00,1.2100000381469727,1.2100000381469727,1.1759999990463257,1.2000000476837158,71700,0.0,0.0
2025-01-14 00:00:00-05:00,1.2000000476837158,1.2000000476837158,1.1699999570846558,1.190000057220459,71300,0.0,0.0
2025-01-15 00:00:00-05:00,1.190000057220459,1.2300000190734863,1.1799999475479126,1.2000000476837158,79900,0.0,0.0
2025-01-16 00:00:00-05:00,1.2000000476837158,1.2100000381469727,1.1799999475479126,1.2100000381469727,54800,0.0,0.0
2025-01-17 00:00:00-05:00,1.2000000476837158,1.2100000381469727,1.1799999475479126,1.2000000476837158,66700,0.0,0.0
2025-01-21 00:00:00-05:00,1.2000000476837158,1.2300000190734863,1.1950000524520874,1.2000000476837158,59700,0.0,0.0
2025-01-22 00:00:00-05:00,1.2000000476837158,1.2300000190734863,1.190000057220459,1.2200000286102295,74600,0.0,0.0
2025-01-23 00:00:00-05:00,1.2100000381469727,1.2200000286102295,1.2000000476837158,1.2000000476837158,44100,0.0,0.0
2025-01-24 00:00:00-05:00,1.2000000476837158,1.2300000190734863,1.190000057220459,1.2300000190734863,135100,0.0,0.0
2025-01-27 00:00:00-05:00,1.2300000190734863,1.2300000190734863,1.1799999475479126,1.1799999475479126,71600,0.0,0.0
2025-01-28 00:00:00-05:00,1.190000057220459,1.1950000524520874,1.1699999570846558,1.1799999475479126,60700,0.0,0.0
2025-01-29 00:00:00-05:00,1.1799999475479126,1.187999963760376,1.1549999713897705,1.1699999570846558,48300,0.0,0.0
2025-01-30 00:00:00-05:00,1.2000000476837158,1.2000000476837158,1.149999976158142,1.1699999570846558,119700,0.0,0.0
2025-01-31 00:00:00-05:00,1.1699999570846558,1.2000000476837158,1.159999966621399,1.190000057220459,146000,0.0,0.0
2025-02-03 00:00:00-05:00,1.159999966621399,1.1799999475479126,1.159999966621399,1.1699999570846558,121400,0.0,0.0
2025-02-04 00:00:00-05:00,1.1699999570846558,1.190000057220459,1.1200000047683716,1.1699999570846558,260500,0.0,0.0
2025-02-05 00:00:00-05:00,1.1699999570846558,1.1699999570846558,1.149999976158142,1.1699999570846558,58500,0.0,0.0
2025-02-06 00:00:00-05:00,1.1699999570846558,1.1799999475479126,1.159999966621399,1.159999966621399,41400,0.0,0.0
2025-02-07 00:00:00-05:00,1.159999966621399,1.1799999475479126,1.159999966621399,1.1699999570846558,52700,0.0,0.0
2025-02-10 00:00:00-05:00,1.1799999475479126,1.1799999475479126,1.1449999809265137,1.1699999570846558,86600,0.0,0.0
2025-02-11 00:00:00-05:00,1.159999966621399,1.159999966621399,1.1299999952316284,1.1399999856948853,77800,0.0,0.0
2025-02-12 00:00:00-05:00,1.149999976158142,1.149999976158142,1.1200000047683716,1.1299999952316284,65400,0.0,0.0
2025-02-13 00:00:00-05:00,1.1299999952316284,1.1549999713897705,1.1299999952316284,1.149999976158142,43400,0.0,0.0
2025-02-14 00:00:00-05:00,1.149999976158142,1.1699999570846558,1.1399999856948853,1.1699999570846558,75100,0.0,0.0
2025-02-18 00:00:00-05:00,1.159999966621399,1.1799999475479126,1.159999966621399,1.159999966621399,55800,0.0,0.0
2025-02-19 00:00:00-05:00,1.159999966621399,1.190000057220459,1.159999966621399,1.190000057220459,58300,0.0,0.0
2025-02-20 00:00:00-05:00,1.190000057220459,1.190000057220459,1.1699999570846558,1.1799999475479126,37900,0.0,0.0
2025-02-21 00:00:00-05:00,1.190000057220459,1.190000057220459,1.1449999809265137,1.149999976158142,48100,0.0,0.0
2025-02-24 00:00:00-05:00,1.149999976158142,1.1699999570846558,1.1299999952316284,1.1399999856948853,57500,0.0,0.0
2025-02-25 00:00:00-05:00,1.149999976158142,1.1690000295639038,1.1200000047683716,1.1299999952316284,107800,0.0,0.0
2025-02-26 00:00:00-05:00,1.1399999856948853,1.1399999856948853,1.1200000047683716,1.1299999952316284,53000,0.0,0.0
2025-02-27 00:00:00-05:00,1.1299999952316284,1.1299999952316284,1.100000023841858,1.1100000143051147,83300,0.0,0.0
2025-02-28 00:00:00-05:00,1.1200000047683716,1.128999948501587,1.100000023841858,1.1100000143051147,143100,0.0,0.0
2025-03-03 00:00:00-05:00,1.1100000143051147,1.1299999952316284,1.0800000429153442,1.0800000429153442,49700,0.0,0.0
2025-03-04 00:00:00-05:00,1.0800000429153442,1.1050000190734863,1.0800000429153442,1.100000023841858,72400,0.0,0.0
2025-03-05 00:00:00-05:00,1.100000023841858,1.100000023841858,1.0850000381469727,1.100000023841858,33700,0.0,0.0
2025-03-06 00:00:00-05:00,1.1100000143051147,1.1100000143051147,1.0800000429153442,1.090000033378601,80000,0.0,0.0
2025-03-07 00:00:00-05:00,1.0800000429153442,1.100000023841858,1.0800000429153442,1.0800000429153442,65900,0.0,0.0
2025-03-10 00:00:00-04:00,1.0800000429153442,1.090000033378601,1.0399999618530273,1.0399999618530273,68700,0.0,0.0
2025-03-11 00:00:00-04:00,1.0399999618530273,1.059999942779541,1.0299999713897705,1.0499999523162842,57800,0.0,0.0
2025-03-12 00:00:00-04:00,1.0700000524520874,1.0700000524520874,1.034999966621399,1.0399999618530273,154600,0.0,0.0
2025-03-13 00:00:00-04:00,1.100000023841858,1.100000023841858,1.0299999713897705,1.059999942779541,189000,0.0,0.0
2025-03-14 00:00:00-04:00,1.0700000524520874,1.100000023841858,1.0399999618530273,1.090000033378601,113600,0.0,0.0
2025-03-17 00:00:00-04:00,1.090000033378601,1.100000023841858,1.0850000381469727,1.100000023841858,61300,0.0,0.0
2025-03-18 00:00:00-04:00,1.090000033378601,1.100000023841858,1.0800000429153442,1.090000033378601,58400,0.0,0.0
2025-03-19 00:00:00-04:00,1.100000023841858,1.128999948501587,1.090000033378601,1.100000023841858,38900,0.0,0.0
2025-03-20 00:00:00-04:00,1.090000033378601,1.100000023841858,1.090000033378601,1.100000023841858,37600,0.0,0.0
2025-03-21 00:00:00-04:00,1.0800000429153442,1.100000023841858,1.0700000524520874,1.090000033378601,33100,0.0,0.0
2025-03-24 00:00:00-04:00,1.1100000143051147,1.1100000143051147,1.090000033378601,1.090000033378601,39700,0.0,0.0
2025-03-25 00:00:00-04:00,1.090000033378601,1.1260000467300415,1.090000033378601,1.100000023841858,59400,0.0,0.0
2025-03-26 00:00:00-04:00,1.100000023841858,1.128999948501587,1.059999942779541,1.1200000047683716,322200,0.0,0.0
2025-03-27 00:00:00-04:00,1.1200000047683716,1.159999966621399,1.1200000047683716,1.149999976158142,356900,0.0,0.0
2025-03-28 00:00:00-04:00,1.149999976158142,1.149999976158142,1.0399999618530273,1.1100000143051147,186800,0.0,0.0
2025-03-31 00:00:00-04:00,1.0800000429153442,1.0800000429153442,1.0399999618530273,1.0499999523162842,91200,0.0,0.0
2025-04-01 00:00:00-04:00,1.0499999523162842,1.0549999475479126,1.0,1.0199999809265137,189300,0.0,0.0
2025-04-02 00:00:00-04:00,1.0199999809265137,1.024999976158142,1.0099999904632568,1.0099999904632568,90000,0.0,0.0
2025-04-03 00:00:00-04:00,1.0099999904632568,1.0199999809265137,0.9900000095367432,0.9900000095367432,150100,0.0,0.0
2025-04-04 00:00:00-04:00,0.9900000095367432,1.0,0.9049999713897705,0.9599999785423279,265400,0.0,0.0
2025-04-07 00:00:00-04:00,0.9900000095367432,1.0199999809265137,0.9399999976158142,1.0199999809265137,163000,0.0,0.0
2025-04-08 00:00:00-04:00,1.0,1.0399999618530273,0.9850000143051147,1.0199999809265137,132900,0.0,0.0
2025-04-09 00:00:00-04:00,1.0199999809265137,1.0700000524520874,1.0199999809265137,1.0499999523162842,152100,0.0,0.0
2025-04-10 00:00:00-04:00,1.0399999618530273,1.0499999523162842,1.0099999904632568,1.0099999904632568,41100,0.0,0.0
2025-04-11 00:00:00-04:00,1.0099999904632568,1.024999976158142,1.0099999904632568,1.0199999809265137,54200,0.0,0.0
2025-04-14 00:00:00-04:00,1.0199999809265137,1.059999942779541,1.0149999856948853,1.0399999618530273,59600,0.0,0.0
2025-04-15 00:00:00-04:00,1.0399999618530273,1.0499999523162842,1.0299999713897705,1.0299999713897705,58000,0.0,0.0
2025-04-16 00:00:00-04:00,1.0299999713897705,1.0499999523162842,1.0199999809265137,1.0499999523162842,65100,0.0,0.0
2025-04-17 00:00:00-04:00,1.0499999523162842,1.0800000429153442,1.0399999618530273,1.059999942779541,65500,0.0,0.0
2025-04-21 00:00:00-04:00,1.059999942779541,1.0609999895095825,1.0099999904632568,1.0199999809265137,106600,0.0,0.0
2025-04-22 00:00:00-04:00,1.0199999809265137,1.0299999713897705,1.0099999904632568,1.0199999809265137,29200,0.0,0.0
2025-04-23 00:00:00-04:00,1.0299999713897705,1.0499999523162842,1.0240000486373901,1.0299999713897705,37700,0.0,0.0
2025-04-24 00:00:00-04:00,1.0199999809265137,1.0399999618530273,1.0099999904632568,1.0299999713897705,44200,0.0,0.0
2025-04-25 00:00:00-04:00,1.0099999904632568,1.0499999523162842,1.0099999904632568,1.0499999523162842,44000,0.0,0.0
2025-04-28 00:00:00-04:00,1.0399999618530273,1.059999942779541,1.0399999618530273,1.0499999523162842,25200,0.0,0.0
2025-04-29 00:00:00-04:00,1.0399999618530273,1.0670000314712524,1.0299999713897705,1.0299999713897705,44900,0.0,0.0
2025-04-30 00:00:00-04:00,1.0199999809265137,1.0399999618530273,1.0199999809265137,1.0299999713897705,21600,0.0,0.0
2025-05-01 00:00:00-04:00,1.0499999523162842,1.0549999475479126,1.0399999618530273,1.0399999618530273,21800,0.0,0.0
2025-05-02 00:00:00-04:00,1.0499999523162842,1.059999942779541,1.0399999618530273,1.0399999618530273,28900,0.0,0.0
2025-05-05 00:00:00-04:00,1.059999942779541,1.059999942779541,1.0199999809265137,1.0299999713897705,24200,0.0,0.0
2025-05-06 00:00:00-04:00,1.0299999713897705,1.0399999618530273,1.0299999713897705,1.0299999713897705,18700,0.0,0.0
2025-05-07 00:00:00-04:00,1.0299999713897705,1.0399999618530273,1.0199999809265137,1.0199999809265137,16200,0.0,0.0
2025-05-08 00:00:00-04:00,1.0199999809265137,1.0399999618530273,1.0199999809265137,1.0199999809265137,35800,0.0,0.0
2025-05-09 00:00:00-04:00,1.0399999618530273,1.0399999618530273,1.0299999713897705,1.0399999618530273,17200,0.0,0.0
2025-05-12 00:00:00-04:00,1.0499999523162842,1.0499999523162842,1.0199999809265137,1.0299999713897705,52700,0.0,0.0
2025-05-13 00:00:00-04:00,1.0299999713897705,1.0499999523162842,1.024999976158142,1.0499999523162842,81100,0.0,0.0
2025-05-14 00:00:00-04:00,1.0399999618530273,1.0499999523162842,1.0099999904632568,1.0099999904632568,83000,0.0,0.0
2025-05-15 00:00:00-04:00,1.0099999904632568,1.0299999713897705,1.0,1.0299999713897705,74400,0.0,0.0
2025-05-16 00:00:00-04:00,1.0199999809265137,1.0399999618530273,1.0099999904632568,1.0299999713897705,39800,0.0,0.0
2025-05-19 00:00:00-04:00,1.0399999618530273,1.0700000524520874,1.0199999809265137,1.0700000524520874,86400,0.0,0.0
2025-05-20 00:00:00-04:00,1.059999942779541,1.2000000476837158,1.059999942779541,1.149999976158142,249300,0.0,0.0
2025-05-21 00:00:00-04:00,1.149999976158142,1.1699999570846558,1.1299999952316284,1.1299999952316284,61600,0.0,0.0
2025-05-22 00:00:00-04:00,1.1399999856948853,1.149999976158142,1.1200000047683716,1.1399999856948853,31700,0.0,0.0
2025-05-23 00:00:00-04:00,1.1200000047683716,1.1299999952316284,1.1200000047683716,1.1299999952316284,22700,0.0,0.0
2025-05-27 00:00:00-04:00,1.1299999952316284,1.159000039100647,1.1299999952316284,1.1399999856948853,54800,0.0,0.0
2025-05-28 00:00:00-04:00,1.149999976158142,1.1549999713897705,1.1399999856948853,1.1399999856948853,27200,0.0,0.0
2025-05-29 00:00:00-04:00,1.1799999475479126,1.2599999904632568,1.1299999952316284,1.2000000476837158,181400,0.0,0.0
2025-05-30 00:00:00-04:00,1.1799999475479126,1.2799999713897705,1.1799999475479126,1.2599999904632568,140900,0.0,0.0
2025-06-02 00:00:00-04:00,1.2699999809265137,1.277999997138977,1.2300000190734863,1.2300000190734863,92200,0.0,0.0
2025-06-03 00:00:00-04:00,1.25,1.2599999904632568,1.1100000143051147,1.1399999856948853,186100,0.0,0.0
2025-06-04 00:00:00-04:00,1.1299999952316284,1.1399999856948853,1.1100000143051147,1.1200000047683716,108300,0.0,0.0
2025-06-05 00:00:00-04:00,1.1399999856948853,1.1799999475479126,1.1200000047683716,1.1399999856948853,147300,0.0,0.0
2025-06-06 00:00:00-04:00,1.149999976158142,1.1799999475479126,1.1299999952316284,1.149999976158142,55400,0.0,0.0
2025-06-09 00:00:00-04:00,1.149999976158142,1.149999976158142,1.1399999856948853,1.149999976158142,44600,0.0,0.0
2025-06-10 00:00:00-04:00,1.1399999856948853,1.190000057220459,1.1399999856948853,1.1699999570846558,161200,0.0,0.0
2025-06-11 00:00:00-04:00,1.159999966621399,1.25,1.159999966621399,1.190000057220459,248000,0.0,0.0
2025-06-12 00:00:00-04:00,1.190000057220459,1.2400000095367432,1.1699999570846558,1.190000057220459,41600,0.0,0.0
2025-06-13 00:00:00-04:00,1.1799999475479126,1.1799999475479126,1.1399999856948853,1.149999976158142,44000,0.0,0.0
2025-06-16 00:00:00-04:00,1.1399999856948853,1.1679999828338623,1.1399999856948853,1.1399999856948853,39000,0.0,0.0
2025-06-17 00:00:00-04:00,1.1299999952316284,1.159999966621399,1.1299999952316284,1.149999976158142,64600,0.0,0.0
2025-06-18 00:00:00-04:00,1.149999976158142,1.159999966621399,1.1399999856948853,1.149999976158142,33500,0.0,0.0
2025-06-20 00:00:00-04:00,1.149999976158142,1.350000023841858,1.1299999952316284,1.2599999904632568,1003500,0.0,0.0
2025-06-23 00:00:00-04:00,1.25,1.2999999523162842,1.1699999570846558,1.2599999904632568,311400,0.0,0.0
2025-06-24 00:00:00-04:00,1.2599999904632568,1.309999942779541,1.2230000495910645,1.2699999809265137,164800,0.0,0.0
2025-06-25 00:00:00-04:00,1.2899999618530273,1.3300000429153442,1.2799999713897705,1.2999999523162842,118000,0.0,0.0
2025-06-26 00:00:00-04:00,1.309999942779541,1.315000057220459,1.2799999713897705,1.309999942779541,71700,0.0,0.0
2025-06-27 00:00:00-04:00,1.2999999523162842,1.3300000429153442,1.281000018119812,1.3200000524520874,126200,0.0,0.0
2025-06-30 00:00:00-04:00,1.309999942779541,1.3300000429153442,1.2799999713897705,1.2899999618530273,69500,0.0,0.0
2025-07-01 00:00:00-04:00,1.2899999618530273,1.3289999961853027,1.2599999904632568,1.2599999904632568,76500,0.0,0.0
2025-07-02 00:00:00-04:00,1.25,1.2790000438690186,1.2400000095367432,1.2699999809265137,65800,0.0,0.0
2025-07-03 00:00:00-04:00,1.2699999809265137,1.2949999570846558,1.2599999904632568,1.2599999904632568,44400,0.0,0.0
2025-07-07 00:00:00-04:00,1.2599999904632568,1.2899999618530273,1.2599999904632568,1.2699999809265137,48500,0.0,0.0
2025-07-08 00:00:00-04:00,1.2699999809265137,1.2899999618530273,1.2699999809265137,1.2699999809265137,69800,0.0,0.0
2025-07-09 00:00:00-04:00,1.2699999809265137,1.2799999713897705,1.2599999904632568,1.2599999904632568,73300,0.0,0.0
2025-07-10 00:00:00-04:00,1.2699999809265137,1.2799999713897705,1.2690000534057617,1.2699999809265137,60500,0.0,0.0
2025-07-11 00:00:00-04:00,1.2699999809265137,1.5,1.2599999904632568,1.399999976158142,305100,0.0,0.0
2025-07-14 00:00:00-04:00,1.409999966621399,1.5,1.3799999952316284,1.4900000095367432,182200,0.0,0.0
2025-07-15 00:00:00-04:00,1.5,1.5399999618530273,1.4700000286102295,1.5199999809265137,179200,0.0,0.0
2025-07-16 00:00:00-04:00,1.5099999904632568,1.7999999523162842,1.4900000095367432,1.6200000047683716,341200,0.0,0.0
2025-07-17 00:00:00-04:00,1.659999966621399,1.6790000200271606,1.590000033378601,1.590000033378601,161800,0.0,0.0
2025-07-18 00:00:00-04:00,1.600000023841858,1.600000023841858,1.5199999809265137,1.5499999523162842,145000,0.0,0.0
2025-07-21 00:00:00-04:00,1.5700000524520874,1.6200000047683716,1.5499999523162842,1.5499999523162842,64800,0.0,0.0
2025-07-22 00:00:00-04:00,1.5399999618530273,1.5800000429153442,1.5299999713897705,1.559999942779541,84300,0.0,0.0
2025-07-23 00:00:00-04:00,1.5700000524520874,1.5859999656677246,1.559999942779541,1.5700000524520874,75900,0.0,0.0
2025-07-24 00:00:00-04:00,1.5700000524520874,1.6260000467300415,1.5700000524520874,1.600000023841858,75400,0.0,0.0
2025-07-25 00:00:00-04:00,1.600000023841858,1.6299999952316284,1.5800000429153442,1.6100000143051147,79000,0.0,0.0
2025-07-28 00:00:00-04:00,1.6299999952316284,1.6399999856948853,1.600000023841858,1.600000023841858,94200,0.0,0.0
2025-07-29 00:00:00-04:00,1.600000023841858,1.6200000047683716,1.4789999723434448,1.5,105300,0.0,0.0
2025-07-30 00:00:00-04:00,1.5099999904632568,1.5299999713897705,1.4199999570846558,1.4299999475479126,89400,0.0,0.0
2025-07-31 00:00:00-04:00,1.4500000476837158,1.4500000476837158,1.3300000429153442,1.340000033378601,128400,0.0,0.0
2025-08-01 00:00:00-04:00,1.2999999523162842,1.350000023841858,1.2899999618530273,1.3300000429153442,64400,0.0,0.0
2025-08-04 00:00:00-04:00,1.3300000429153442,1.409999966621399,1.2999999523162842,1.399999976158142,83000,0.0,0.0
2025-08-05 00:00:00-04:00,1.3600000143051147,1.5499999523162842,1.3300000429153442,1.5,1429900,0.0,0.0
2025-08-06 00:00:00-04:00,1.4500000476837158,1.4800000190734863,1.3799999952316284,1.3899999856948853,135200,0.0,0.0
2025-08-07 00:00:00-04:00,1.4199999570846558,1.4450000524520874,1.350000023841858,1.3600000143051147,133000,0.0,0.0
2025-08-08 00:00:00-04:00,1.3700000047683716,1.3899999856948853,1.3700000047683716,1.3799999952316284,35500,0.0,0.0
2025-08-11 00:00:00-04:00,1.3799999952316284,1.3799999952316284,1.2599999904632568,1.2599999904632568,142400,0.0,0.0
2025-08-12 00:00:00-04:00,1.25,1.2799999713897705,1.2000000476837158,1.2699999809265137,100400,0.0,0.0
2025-08-13 00:00:00-04:00,1.2599999904632568,1.2799999713897705,1.25,1.2599999904632568,65600,0.0,0.0
2025-08-14 00:00:00-04:00,1.2400000095367432,1.2799999713897705,1.225000023841858,1.2699999809265137,62000,0.0,0.0
2025-08-15 00:00:00-04:00,1.25,1.2699999809265137,1.2300000190734863,1.25,96900,0.0,0.0
2025-08-18 00:00:00-04:00,1.25,1.2599999904632568,1.2139999866485596,1.2400000095367432,46100,0.0,0.0
2025-08-19 00:00:00-04:00,1.2599999904632568,1.2599999904632568,1.2100000381469727,1.2100000381469727,20500,0.0,0.0
2025-08-20 00:00:00-04:00,1.2400000095367432,1.2400000095367432,1.2100000381469727,1.2200000286102295,31700,0.0,0.0
2025-08-21 00:00:00-04:00,1.2000000476837158,1.2400000095367432,1.1799999475479126,1.2100000381469727,55000,0.0,0.0
2025-08-22 00:00:00-04:00,1.2100000381469727,1.2519999742507935,1.2000000476837158,1.2400000095367432,32500,0.0,0.0
2025-08-25 00:00:00-04:00,1.2400000095367432,1.24399995803833,1.2050000429153442,1.2300000190734863,51600,0.0,0.0
2025-08-26 00:00:00-04:00,1.2200000286102295,1.2599999904632568,1.2000000476837158,1.2000000476837158,71800,0.0,0.0
2025-08-27 00:00:00-04:00,1.2000000476837158,1.246999979019165,1.2000000476837158,1.2200000286102295,21600,0.0,0.0
2025-08-28 00:00:00-04:00,1.2280000448226929,1.246000051498413,1.1799999475479126,1.1799999475479126,34100,0.0,0.0
2025-08-29 00:00:00-04:00,1.190000057220459,1.2200000286102295,1.1399999856948853,1.149999976158142,63100,0.0,0.0
2025-09-02 00:00:00-04:00,1.1399999856948853,1.1699999570846558,1.1399999856948853,1.159999966621399,53700,0.0,0.0
2025-09-03 00:00:00-04:00,1.1399999856948853,1.1799999475479126,1.1399999856948853,1.159999966621399,15400,0.0,0.0
2025-09-04 00:00:00-04:00,1.190000057220459,1.3799999952316284,1.1699999570846558,1.3700000047683716,160100,0.0,0.0
2025-09-05 00:00:00-04:00,1.399999976158142,1.399999976158142,1.281000018119812,1.2899999618530273,79700,0.0,0.0
2025-09-08 00:00:00-04:00,1.3300000429153442,1.3300000429153442,1.2799999713897705,1.2799999713897705,53200,0.0,0.0
2025-09-09 00:00:00-04:00,1.2799999713897705,1.309999942779541,1.2569999694824219,1.2799999713897705,52800,0.0,0.0
2025-09-10 00:00:00-04:00,1.2799999713897705,1.3049999475479126,1.2200000286102295,1.2200000286102295,89700,0.0,0.0
2025-09-11 00:00:00-04:00,1.2100000381469727,1.25,1.2000000476837158,1.2000000476837158,48400,0.0,0.0
2025-09-12 00:00:00-04:00,1.2000000476837158,1.2200000286102295,1.190000057220459,1.2100000381469727,44400,0.0,0.0
2025-09-15 00:00:00-04:00,1.2200000286102295,1.3259999752044678,1.2050000429153442,1.2699999809265137,46000,0.0,0.0
2025-09-16 00:00:00-04:00,1.2599999904632568,1.2899999618530273,1.190000057220459,1.2100000381469727,22800,0.0,0.0
2025-09-17 00:00:00-04:00,1.190000057220459,1.5499999523162842,1.190000057220459,1.4500000476837158,1363800,0.0,0.0
2025-09-18 00:00:00-04:00,1.5399999618530273,1.5399999618530273,1.409999966621399,1.4700000286102295,492100,0.0,0.0
2025-09-19 00:00:00-04:00,1.4700000286102295,1.5,1.409999966621399,1.409999966621399,172100,0.0,0.0
2025-09-22 00:00:00-04:00,1.5299999713897705,1.5800000429153442,1.4199999570846558,1.5499999523162842,625500,0.0,0.0
2025-09-23 00:00:00-04:00,1.5800000429153442,1.5800000429153442,1.4800000190734863,1.5,227100,0.0,0.0
2025-09-24 00:00:00-04:00,1.5199999809265137,1.5399999618530273,1.4600000381469727,1.4700000286102295,115800,0.0,0.0
2025-09-25 00:00:00-04:00,1.4500000476837158,1.4900000095367432,1.399999976158142,1.4299999475479126,113200,0.0,0.0
2025-09-26 00:00:00-04:00,1.4500000476837158,1.4709999561309814,1.409999966621399,1.4299999475479126,61600,0.0,0.0
2025-09-29 00:00:00-04:00,1.4500000476837158,1.4600000381469727,1.3899999856948853,1.399999976158142,87600,0.0,0.0
2025-09-30 00:00:00-04:00,1.4199999570846558,1.440000057220459,1.3990000486373901,1.409999966621399,38700,0.0,0.0
2025-10-01 00:00:00-04:00,1.399999976158142,1.4600000381469727,1.399999976158142,1.440000057220459,97400,0.0,0.0
2025-10-02 00:00:00-04:00,1.4299999475479126,1.5399999618530273,1.4299999475479126,1.5299999713897705,113300,0.0,0.0
2025-10-03 00:00:00-04:00,1.5299999713897705,1.5299999713897705,1.399999976158142,1.399999976158142,271100,0.0,0.0
2025-10-06 00:00:00-04:00,1.409999966621399,1.475000023841858,1.409999966621399,1.409999966621399,154300,0.0,0.0
2025-10-07 00:00:00-04:00,1.4299999475479126,1.440000057220459,1.3600000143051147,1.3700000047683716,104400,0.0,0.0
2025-10-08 00:00:00-04:00,1.3799999952316284,1.4179999828338623,1.3700000047683716,1.3799999952316284,65300,0.0,0.0
2025-10-09 00:00:00-04:00,1.4299999475479126,1.4500000476837158,1.3799999952316284,1.409999966621399,59400,0.0,0.0
2025-10-10 00:00:00-04:00,1.399999976158142,1.440000057220459,1.350000023841858,1.3700000047683716,86700,0.0,0.0
2025-10-13 00:00:00-04:00,1.3799999952316284,1.3860000371932983,1.350000023841858,1.3550000190734863,102100,0.0,0.0
2025-10-14 00:00:00-04:00,1.350000023841858,1.350000023841858,1.309999942779541,1.3200000524520874,61900,0.0,0.0
2025-10-15 00:00:00-04:00,1.3200000524520874,1.350000023841858,1.309999942779541,1.3200000524520874,65300,0.0,0.0
2025-10-16 00:00:00-04:00,1.4149999618530273,1.5,1.350000023841858,1.4800000190734863,530300,0.0,0.0
2025-10-17 00:00:00-04:00,1.5,1.7300000190734863,1.4800000190734863,1.690000057220459,1140200,0.0,0.0
2025-10-20 00:00:00-04:00,1.7599999904632568,1.8799999952316284,1.7000000476837158,1.8700000047683716,925900,0.0,0.0
2025-10-21 00:00:00-04:00,1.8899999856948853,1.9199999570846558,1.649999976158142,1.6799999475479126,590700,0.0,0.0
2025-10-22 00:00:00-04:00,1.659999966621399,1.7799999713897705,1.6260000467300415,1.6699999570846558,242700,0.0,0.0
2025-10-23 00:00:00-04:00,1.6799999475479126,1.7699999809265137,1.5700000524520874,1.6299999952316284,222400,0.0,0.0
2025-10-24 00:00:00-04:00,1.659999966621399,1.6799999475479126,1.5950000286102295,1.6200000047683716,184600,0.0,0.0
2025-10-27 00:00:00-04:00,1.5700000524520874,1.6399999856948853,1.5099999904632568,1.6200000047683716,1220500,0.0,0.0
2025-10-28 00:00:00-04:00,1.6299999952316284,1.7100000381469727,1.5800000429153442,1.6699999570846558,1255600,0.0,0.0
2025-10-29 00:00:00-04:00,1.7400000095367432,1.809999942779541,1.649999976158142,1.7699999809265137,1363800,0.0,0.0
2025-10-30 00:00:00-04:00,1.7799999713897705,1.7999999523162842,1.590000033378601,1.690000057220459,724500,0.0,0.0
2025-10-31 00:00:00-04:00,1.7000000476837158,1.7200000286102295,1.600000023841858,1.6100000143051147,581700,0.0,0.0
2025-11-03 00:00:00-05:00,1.6399999856948853,1.6519999504089355,1.5499999523162842,1.600000023841858,280200,0.0,0.0
2025-11-04 00:00:00-05:00,1.5800000429153442,1.5959999561309814,1.5,1.5049999952316284,402500,0.0,0.0
2025-11-05 00:00:00-05:00,1.5099999904632568,1.5809999704360962,1.4500000476837158,1.4700000286102295,267900,0.0,0.0
2025-11-06 00:00:00-05:00,1.4500000476837158,1.4800000190734863,1.399999976158142,1.4700000286102295,266000,0.0,0.0
2025-11-07 00:00:00-05:00,1.440000057220459,1.524999976158142,1.399999976158142,1.5199999809265137,336500,0.0,0.0
2025-11-10 00:00:00-05:00,1.5199999809265137,1.5700000524520874,1.4869999885559082,1.5099999904632568,206500,0.0,0.0
2025-11-11 00:00:00-05:00,1.5099999904632568,1.5199999809265137,1.4199999570846558,1.4299999475479126,164900,0.0,0.0
2025-11-12 00:00:00-05:00,1.440000057220459,1.5399999618530273,1.440000057220459,1.5299999713897705,142000,0.0,0.0
2025-11-13 00:00:00-05:00,1.4700000286102295,1.5199999809265137,1.350000023841858,1.3550000190734863,322400,0.0,0.0
2025-11-14 00:00:00-05:00,1.3600000143051147,1.4500000476837158,1.3600000143051147,1.4199999570846558,140300,0.0,0.0
2025-11-17 00:00:00-05:00,1.4500000476837158,1.4900000095367432,1.3799999952316284,1.4700000286102295,301300,0.0,0.0
2025-11-18 00:00:00-05:00,1.4800000190734863,1.5,1.3600000143051147,1.409999966621399,262100,0.0,0.0
2025-11-19 00:00:00-05:00,1.4299999475479126,1.434999942779541,1.350000023841858,1.3700000047683716,169600,0.0,0.0
2025-11-20 00:00:00-05:00,1.3700000047683716,1.4700000286102295,1.340000033378601,1.350000023841858,256500,0.0,0.0
2025-11-21 00:00:00-05:00,1.340000033378601,1.3600000143051147,1.2799999713897705,1.3200000524520874,164400,0.0,0.0
2025-11-24 00:00:00-05:00,1.2999999523162842,1.350000023841858,1.2899999618530273,1.3200000524520874,144800,0.0,0.0
2025-11-25 00:00:00-05:00,1.309999942779541,1.3200000524520874,1.25,1.3200000524520874,166700,0.0,0.0
2025-11-26 00:00:00-05:00,1.309999942779541,1.399999976158142,1.2999999523162842,1.3600000143051147,348900,0.0,0.0
2025-11-28 00:00:00-05:00,1.375,1.3899999856948853,1.3600000143051147,1.3600000143051147,51100,0.0,0.0
2025-12-01 00:00:00-05:00,1.3600000143051147,1.399999976158142,1.3300000429153442,1.3300000429153442,80200,0.0,0.0
2025-12-02 00:00:00-05:00,1.350000023841858,1.3600000143051147,1.3300000429153442,1.340000033378601,37400,0.0,0.0
2025-12-03 00:00:00-05:00,1.3600000143051147,1.399999976158142,1.340999960899353,1.399999976158142,91500,0.0,0.0
2025-12-04 00:00:00-05:00,1.399999976158142,1.4299999475479126,1.3799999952316284,1.409999966621399,104400,0.0,0.0
2025-12-05 00:00:00-05:00,1.4299999475479126,1.4700000286102295,1.3930000066757202,1.399999976158142,93200,0.0,0.0
2025-12-08 00:00:00-05:00,1.4199999570846558,1.4800000190734863,1.409999966621399,1.4500000476837158,160800,0.0,0.0
2025-12-09 00:00:00-05:00,1.4500000476837158,1.534999966621399,1.440000057220459,1.5199999809265137,221600,0.0,0.0
2025-12-10 00:00:00-05:00,1.4800000190734863,1.5499999523162842,1.4800000190734863,1.4800000190734863,217000,0.0,0.0
2025-12-11 00:00:00-05:00,1.4800000190734863,1.4950000047683716,1.3899999856948853,1.3899999856948853,274400,0.0,0.0
2025-12-12 00:00:00-05:00,1.399999976158142,1.440000057220459,1.340000033378601,1.350000023841858,192000,0.0,0.0
2025-12-15 00:00:00-05:00,1.350000023841858,1.399999976158142,1.340000033378601,1.350000023841858,94900,0.0,0.0
2025-12-16 00:00:00-05:00,1.399999976158142,1.472000002861023,1.378999948501587,1.409999966621399,298100,0.0,0.0
2025-12-17 00:00:00-05:00,1.4500000476837158,1.4900000095367432,1.350000023841858,1.350000023841858,276400,0.0,0.0
2025-12-18 00:00:00-05:00,1.3899999856948853,1.4500000476837158,1.375,1.3799999952316284,195100,0.0,0.0
2025-12-19 00:00:00-05:00,1.3600000143051147,1.4600000381469727,1.3600000143051147,1.3899999856948853,494200,0.0,0.0
2025-12-22 00:00:00-05:00,1.409999966621399,1.4550000429153442,1.3799999952316284,1.440000057220459,320200,0.0,0.0
2025-12-23 00:00:00-05:00,1.4199999570846558,1.4199999570846558,1.3600000143051147,1.3700000047683716,220600,0.0,0.0
2025-12-24 00:00:00-05:00,1.3600000143051147,1.409999966621399,1.2999999523162842,1.3300000429153442,129800,0.0,0.0
2025-12-26 00:00:00-05:00,1.350000023841858,1.350000023841858,1.25,1.2699999809265137,304600,0.0,0.0
2025-12-29 00:00:00-05:00,1.25,1.2599999904632568,1.2200000286102295,1.25,243000,0.0,0.0
2025-12-30 00:00:00-05:00,1.2300000190734863,1.2510000467300415,1.2100000381469727,1.2300000190734863,251500,0.0,0.0
2025-12-31 00:00:00-05:00,1.2400000095367432,1.2599999904632568,1.1799999475479126,1.2300000190734863,338000,0.0,0.0
2026-01-02 00:00:00-05:00,1.2300000190734863,1.284999966621399,1.215000033378601,1.2699999809265137,96000,0.0,0.0
2026-01-05 00:00:00-05:00,1.2599999904632568,1.3300000429153442,1.25,1.2599999904632568,56500,0.0,0.0
2026-01-06 00:00:00-05:00,1.2400000095367432,1.284999966621399,1.2400000095367432,1.2599999904632568,89400,0.0,0.0
2026-01-07 00:00:00-05:00,1.2599999904632568,1.3200000524520874,1.2599999904632568,1.2899999618530273,127700,0.0,0.0
2026-01-08 00:00:00-05:00,1.2799999713897705,1.3300000429153442,1.2719999551773071,1.309999942779541,117600,0.0,0.0
2026-01-09 00:00:00-05:00,1.2999999523162842,1.3300000429153442,1.2890000343322754,1.3300000429153442,78800,0.0,0.0
2026-01-12 00:00:00-05:00,1.3300000429153442,1.3450000286102295,1.2699999809265137,1.2799999713897705,130300,0.0,0.0
2026-01-13 00:00:00-05:00,1.2699999809265137,1.350000023841858,1.25,1.2799999713897705,86200,0.0,0.0
2026-01-14 00:00:00-05:00,1.2799999713897705,1.3300000429153442,1.2599999904632568,1.2699999809265137,72900,0.0,0.0
2026-01-15 00:00:00-05:00,1.2699999809265137,1.2999999523162842,1.25,1.2599999904632568,155800,0.0,0.0
2026-01-16 00:00:00-05:00,1.2599999904632568,1.2799999713897705,1.2309999465942383,1.2699999809265137,75600,0.0,0.0
2026-01-20 00:00:00-05:00,1.309999942779541,1.4390000104904175,1.309999942779541,1.3600000143051147,798100,0.0,0.0
2026-01-21 00:00:00-05:00,1.409999966621399,1.5499999523162842,1.3949999809265137,1.5099999904632568,1696200,0.0,0.0
2026-01-22 00:00:00-05:00,1.5399999618530273,1.5700000524520874,1.440000057220459,1.4700000286102295,582700,0.0,0.0
2026-01-23 00:00:00-05:00,1.4800000190734863,1.496000051498413,1.434999942779541,1.4800000190734863,191200,0.0,0.0
2026-01-26 00:00:00-05:00,1.4700000286102295,1.4700000286102295,1.2999999523162842,1.3799999952316284,949400,0.0,0.0
2026-01-27 00:00:00-05:00,1.4299999475479126,1.4299999475479126,1.3600000143051147,1.3799999952316284,226700,0.0,0.0
2026-01-28 00:00:00-05:00,1.3799999952316284,1.5099999904632568,1.3700000047683716,1.4900000095367432,1412700,0.0,0.0
2026-01-29 00:00:00-05:00,1.5299999713897705,1.5449999570846558,1.3799999952316284,1.5099999904632568,1285900,0.0,0.0
2026-01-30 00:00:00-05:00,1.4900000095367432,1.5099999904632568,1.3899999856948853,1.3899999856948853,608000,0.0,0.0
2026-02-02 00:00:00-05:00,1.4199999570846558,1.4900000095367432,1.399999976158142,1.4700000286102295,436000,0.0,0.0
2026-02-03 00:00:00-05:00,1.4900000095367432,1.4900000095367432,1.3799999952316284,1.399999976158142,412300,0.0,0.0
2026-02-04 00:00:00-05:00,1.3899999856948853,1.399999976158142,1.2699999809265137,1.3200000524520874,490600,0.0,0.0
2026-02-05 00:00:00-05:00,1.2799999713897705,1.2999999523162842,1.2300000190734863,1.2300000190734863,343000,0.0,0.0
2026-02-06 00:00:00-05:00,1.2400000095367432,1.2899999618530273,1.2300000190734863,1.2599999904632568,221900,0.0,0.0
2026-02-09 00:00:00-05:00,1.2799999713897705,1.3049999475479126,1.2599999904632568,1.2899999618530273,145900,0.0,0.0
2026-02-10 00:00:00-05:00,1.2899999618530273,1.309999942779541,1.2599999904632568,1.2599999904632568,186200,0.0,0.0
2026-02-11 00:00:00-05:00,1.2599999904632568,1.2690000534057617,1.1799999475479126,1.25,531600,0.0,0.0
2026-02-12 00:00:00-05:00,1.2400000095367432,1.25,1.159999966621399,1.1699999570846558,307400,0.0,0.0
2026-02-13 00:00:00-05:00,1.1799999475479126,1.2200000286102295,1.1699999570846558,1.1799999475479126,118700,0.0,0.0
2026-02-17 00:00:00-05:00,1.2000000476837158,1.2899999618530273,1.2000000476837158,1.2599999904632568,357700,0.0,0.0
2026-02-18 00:00:00-05:00,1.2699999809265137,1.340000033378601,1.2599999904632568,1.2999999523162842,320300,0.0,0.0
2026-02-19 00:00:00-05:00,1.2999999523162842,1.319000005722046,1.2610000371932983,1.2999999523162842,245800,0.0,0.0
2026-02-20 00:00:00-05:00,1.3200000524520874,1.3300000429153442,1.2740000486373901,1.2999999523162842,402600,0.0,0.0
2026-02-23 00:00:00-05:00,1.2899999618530273,1.309999942779541,1.2201000452041626,1.25,281127,0.0,0.0
