Date,Open,High,Low,Close,Volume,Dividends,Stock Splits
2022-01-03 00:00:00-05:00,28.719999313354492,29.094999313354492,28.479999542236328,28.790000915527344,22100,0.0,0.0
2022-01-04 00:00:00-05:00,28.809999465942383,28.90999984741211,28.290000915527344,28.329999923706055,35200,0.0,0.0
2022-01-05 00:00:00-05:00,28.459999084472656,28.59000015258789,27.790000915527344,27.8799991607666,35900,0.0,0.0
2022-01-06 00:00:00-05:00,27.899999618530273,28.68000030517578,27.649999618530273,28.360000610351562,39400,0.0,0.0
2022-01-07 00:00:00-05:00,28.3799991607666,28.475000381469727,28.030000686645508,28.049999237060547,15400,0.0,0.0
2022-01-10 00:00:00-05:00,27.899999618530273,28.139999389648438,27.63599967956543,27.959999084472656,53000,0.0,0.0
2022-01-11 00:00:00-05:00,27.93000030517578,28.299999237060547,27.600000381469727,27.889999389648438,53600,0.0,0.0
2022-01-12 00:00:00-05:00,27.950000762939453,28.27199935913086,27.43000030517578,27.43000030517578,37900,0.0,0.0
2022-01-13 00:00:00-05:00,27.579999923706055,27.850000381469727,27.06999969482422,27.079999923706055,60200,0.0,0.0
2022-01-14 00:00:00-05:00,27.0,27.440000534057617,26.700000762939453,27.18000030517578,64600,0.0,0.0
2022-01-18 00:00:00-05:00,27.040000915527344,27.190000534057617,26.459999084472656,26.459999084472656,37600,0.0,0.0
2022-01-19 00:00:00-05:00,26.520000457763672,26.98699951171875,26.115999221801758,26.25,54200,0.0,0.0
2022-01-20 00:00:00-05:00,26.450000762939453,27.110000610351562,26.06999969482422,26.110000610351562,47100,0.0,0.0
2022-01-21 00:00:00-05:00,26.020000457763672,26.670000076293945,25.850000381469727,26.170000076293945,73600,0.0,0.0
2022-01-24 00:00:00-05:00,26.299999237060547,27.649999618530273,26.15999984741211,27.399999618530273,156200,0.0,0.0
2022-01-25 00:00:00-05:00,27.299999237060547,27.3700008392334,26.260000228881836,26.860000610351562,87300,0.0,0.0
2022-01-26 00:00:00-05:00,26.8700008392334,27.6299991607666,26.360000610351562,26.6200008392334,100600,0.0,0.0
2022-01-27 00:00:00-05:00,26.75,27.21299934387207,26.500999450683594,26.530000686645508,36900,0.0,0.0
2022-01-28 00:00:00-05:00,26.579999923706055,27.2549991607666,26.40999984741211,27.190000534057617,66200,0.0,0.0
2022-01-31 00:00:00-05:00,26.959999084472656,28.31999969482422,26.959999084472656,28.049999237060547,56800,0.0,0.0
2022-02-01 00:00:00-05:00,28.139999389648438,28.139999389648438,26.709999084472656,27.020000457763672,102000,0.0,0.0
2022-02-02 00:00:00-05:00,27.020000457763672,27.780000686645508,26.639999389648438,26.809999465942383,75600,0.0,0.0
2022-02-03 00:00:00-05:00,26.5,26.80500030517578,26.110000610351562,26.270000457763672,30000,0.0,0.0
2022-02-04 00:00:00-05:00,26.260000228881836,26.510000228881836,25.790000915527344,26.209999084472656,99100,0.0,0.0
2022-02-07 00:00:00-05:00,26.25,26.559999465942383,26.09000015258789,26.25,43600,0.0,0.0
2022-02-08 00:00:00-05:00,26.209999084472656,26.729999542236328,26.209999084472656,26.489999771118164,62200,0.0,0.0
2022-02-09 00:00:00-05:00,26.649999618530273,26.729999542236328,26.15999984741211,26.40999984741211,82800,0.0,0.0
2022-02-10 00:00:00-05:00,26.200000762939453,26.860000610351562,26.200000762939453,26.530000686645508,60600,0.0,0.0
2022-02-11 00:00:00-05:00,26.850000381469727,27.010000228881836,26.299999237060547,26.459999084472656,60800,0.0,0.0
2022-02-14 00:00:00-05:00,26.6200008392334,26.950000762939453,26.299999237060547,26.309999465942383,37900,0.0,0.0
2022-02-15 00:00:00-05:00,26.420000076293945,26.940000534057617,26.389999389648438,26.59000015258789,37300,0.0,0.0
2022-02-16 00:00:00-05:00,26.65999984741211,26.950000762939453,26.559999465942383,26.809999465942383,32000,0.0,0.0
2022-02-17 00:00:00-05:00,26.700000762939453,26.899999618530273,26.3799991607666,26.579999923706055,86800,0.0,0.0
2022-02-18 00:00:00-05:00,26.479999542236328,26.719999313354492,26.3799991607666,26.6200008392334,45400,0.0,0.0
2022-02-22 00:00:00-05:00,26.520000457763672,26.75,26.360000610351562,26.399999618530273,41200,0.0,0.0
2022-02-23 00:00:00-05:00,26.6299991607666,26.6299991607666,26.049999237060547,26.049999237060547,50700,0.0,0.0
2022-02-24 00:00:00-05:00,26.364999771118164,26.364999771118164,25.5,26.18000030517578,81300,0.0,0.0
2022-02-25 00:00:00-05:00,26.299999237060547,26.540000915527344,25.67300033569336,26.0,35900,0.0,0.0
2022-02-28 00:00:00-05:00,25.610000610351562,26.329999923706055,25.600000381469727,25.6299991607666,74000,0.0,0.0
2022-03-01 00:00:00-05:00,25.610000610351562,25.850000381469727,25.399999618530273,25.6299991607666,59500,0.0,0.0
2022-03-02 00:00:00-05:00,25.719999313354492,26.030000686645508,25.610000610351562,25.850000381469727,29300,0.0,0.0
2022-03-03 00:00:00-05:00,25.950000762939453,26.059999465942383,25.5,25.8700008392334,44300,0.0,0.0
2022-03-04 00:00:00-05:00,25.709999084472656,25.709999084472656,25.344999313354492,25.540000915527344,74400,0.0,0.0
2022-03-07 00:00:00-05:00,25.520000457763672,26.104999542236328,25.214000701904297,25.3700008392334,83200,0.0,0.0
2022-03-08 00:00:00-05:00,25.277000427246094,26.30500030517578,25.277000427246094,25.579999923706055,54500,0.0,0.0
2022-03-09 00:00:00-05:00,26.049999237060547,26.790000915527344,26.040000915527344,26.610000610351562,53400,0.0,0.0
2022-03-10 00:00:00-05:00,26.350000381469727,26.600000381469727,25.850000381469727,26.510000228881836,104700,0.0,0.0
2022-03-11 00:00:00-05:00,26.649999618530273,27.25,26.6200008392334,27.010000228881836,75900,0.0,0.0
2022-03-14 00:00:00-04:00,27.06999969482422,27.549999237060547,26.459999084472656,26.479999542236328,69100,0.0,0.0
2022-03-15 00:00:00-04:00,26.56999969482422,27.0,26.405000686645508,26.729999542236328,55200,0.0,0.0
2022-03-16 00:00:00-04:00,27.1299991607666,27.450000762939453,26.889999389648438,27.34000015258789,73700,0.0,0.0
2022-03-17 00:00:00-04:00,27.280000686645508,27.854999542236328,27.1200008392334,27.739999771118164,72200,0.0,0.0
2022-03-18 00:00:00-04:00,27.790000915527344,27.790000915527344,27.510000228881836,27.6299991607666,52500,0.0,0.0
2022-03-21 00:00:00-04:00,27.6299991607666,27.790000915527344,27.3799991607666,27.65999984741211,46000,0.0,0.0
2022-03-22 00:00:00-04:00,27.709999084472656,28.0,27.56999969482422,27.8700008392334,61500,0.0,0.0
2022-03-23 00:00:00-04:00,27.860000610351562,28.1299991607666,27.75,27.809999465942383,71500,0.0,0.0
2022-03-24 00:00:00-04:00,27.969999313354492,28.756999969482422,27.700000762939453,28.3799991607666,79300,0.0,0.0
2022-03-25 00:00:00-04:00,28.290000915527344,29.389999389648438,28.260000228881836,29.0,51600,0.0,0.0
2022-03-28 00:00:00-04:00,29.18000030517578,29.18000030517578,28.510000228881836,28.790000915527344,37200,0.0,0.0
2022-03-29 00:00:00-04:00,29.079999923706055,29.260000228881836,28.889999389648438,29.100000381469727,47300,0.0,0.0
2022-03-30 00:00:00-04:00,29.110000610351562,29.1200008392334,28.670000076293945,28.75,91200,0.0,0.0
2022-03-31 00:00:00-04:00,28.75,29.200000762939453,28.68000030517578,28.780000686645508,37900,0.0,0.0
2022-04-01 00:00:00-04:00,29.0,29.274999618530273,28.41900062561035,28.850000381469727,35500,0.0,0.0
2022-04-04 00:00:00-04:00,29.010000228881836,29.219999313354492,28.6299991607666,29.170000076293945,45200,0.0,0.0
2022-04-05 00:00:00-04:00,29.260000228881836,29.610000610351562,29.190000534057617,29.34000015258789,61400,0.0,0.0
2022-04-06 00:00:00-04:00,29.06999969482422,29.565000534057617,28.56999969482422,28.639999389648438,43500,0.0,0.0
2022-04-07 00:00:00-04:00,28.700000762939453,28.790000915527344,28.1299991607666,28.170000076293945,72600,0.0,0.0
2022-04-08 00:00:00-04:00,28.260000228881836,28.350000381469727,27.3700008392334,27.440000534057617,54100,0.0,0.0
2022-04-11 00:00:00-04:00,27.350000381469727,27.857999801635742,27.15999984741211,27.290000915527344,96300,0.0,0.0
2022-04-12 00:00:00-04:00,27.549999237060547,27.770000457763672,26.760000228881836,26.799999237060547,336000,0.0,0.0
2022-04-13 00:00:00-04:00,26.90999984741211,27.6299991607666,26.90999984741211,27.43000030517578,75300,0.0,0.0
2022-04-14 00:00:00-04:00,27.43000030517578,27.881999969482422,27.43000030517578,27.739999771118164,69100,0.0,0.0
2022-04-18 00:00:00-04:00,27.579999923706055,27.739999771118164,27.399999618530273,27.469999313354492,49300,0.0,0.0
2022-04-19 00:00:00-04:00,27.5,27.93000030517578,27.5,27.610000610351562,58900,0.0,0.0
2022-04-20 00:00:00-04:00,27.799999237060547,28.299999237060547,27.5049991607666,28.030000686645508,115400,0.0,0.0
2022-04-21 00:00:00-04:00,28.299999237060547,28.299999237060547,27.6200008392334,27.68000030517578,97700,0.0,0.0
2022-04-22 00:00:00-04:00,27.950000762939453,27.950000762939453,27.350000381469727,27.440000534057617,102300,0.0,0.0
2022-04-25 00:00:00-04:00,27.790000915527344,27.790000915527344,26.55500030517578,27.299999237060547,160800,0.0,0.0
2022-04-26 00:00:00-04:00,27.1299991607666,27.420000076293945,26.670000076293945,26.700000762939453,164600,0.0,0.0
2022-04-27 00:00:00-04:00,26.700000762939453,26.75,26.18000030517578,26.3700008392334,111600,0.0,0.0
2022-04-28 00:00:00-04:00,26.56999969482422,26.8799991607666,25.94099998474121,26.56999969482422,75100,0.0,0.0
2022-04-29 00:00:00-04:00,26.530000686645508,26.579999923706055,26.132999420166016,26.270000457763672,47100,0.0,0.0
2022-05-02 00:00:00-04:00,26.15999984741211,27.0,26.010000228881836,26.010000228881836,71900,0.0,0.0
2022-05-03 00:00:00-04:00,26.190000534057617,26.440000534057617,25.799999237060547,26.170000076293945,63400,0.0,0.0
2022-05-04 00:00:00-04:00,26.25,26.65999984741211,26.049999237060547,26.469999313354492,48000,0.0,0.0
2022-05-05 00:00:00-04:00,26.3799991607666,26.3799991607666,25.950000762939453,26.280000686645508,50600,0.0,0.0
2022-05-06 00:00:00-04:00,26.079999923706055,26.530000686645508,25.479999542236328,26.0,62400,0.0,0.0
2022-05-09 00:00:00-04:00,25.540000915527344,26.135000228881836,24.969999313354492,25.209999084472656,114300,0.0,0.0
2022-05-10 00:00:00-04:00,24.979999542236328,25.829999923706055,24.5,25.829999923706055,93600,0.0,0.0
2022-05-11 00:00:00-04:00,25.760000228881836,26.0,25.389999389648438,25.40999984741211,83900,0.0,0.0
2022-05-12 00:00:00-04:00,25.549999237060547,25.889999389648438,25.25,25.68000030517578,47400,0.0,0.0
2022-05-13 00:00:00-04:00,25.829999923706055,26.190000534057617,25.68000030517578,26.110000610351562,83500,0.0,0.0
2022-05-16 00:00:00-04:00,26.0,26.149999618530273,25.8799991607666,25.93000030517578,27900,0.0,0.0
2022-05-17 00:00:00-04:00,26.100000381469727,26.540000915527344,26.100000381469727,26.540000915527344,42300,0.0,0.0
2022-05-18 00:00:00-04:00,26.31999969482422,26.53499984741211,26.06999969482422,26.1299991607666,20800,0.0,0.0
2022-05-19 00:00:00-04:00,25.950000762939453,26.350000381469727,25.950000762939453,26.1299991607666,124800,0.0,0.0
2022-05-20 00:00:00-04:00,26.40999984741211,26.450000762939453,25.969999313354492,26.200000762939453,117900,0.0,0.0
2022-05-23 00:00:00-04:00,26.350000381469727,26.364999771118164,25.899999618530273,25.979999542236328,35200,0.0,0.0
2022-05-24 00:00:00-04:00,25.920000076293945,25.920000076293945,25.41200065612793,25.520000457763672,114300,0.0,0.0
2022-05-25 00:00:00-04:00,25.610000610351562,25.878999710083008,25.610000610351562,25.760000228881836,53900,0.0,0.0
2022-05-26 00:00:00-04:00,26.010000228881836,26.09000015258789,25.530000686645508,25.56999969482422,72600,0.0,0.0
2022-05-27 00:00:00-04:00,25.709999084472656,26.19499969482422,25.704999923706055,25.850000381469727,41100,0.0,0.0
2022-05-31 00:00:00-04:00,25.690000534057617,25.8799991607666,25.350000381469727,25.3799991607666,60300,0.0,0.0
2022-06-01 00:00:00-04:00,25.450000762939453,25.75,25.31999969482422,25.469999313354492,53400,0.0,0.0
2022-06-02 00:00:00-04:00,25.520000457763672,26.0,25.450000762939453,26.0,50700,0.0,0.0
2022-06-03 00:00:00-04:00,25.90999984741211,26.469999313354492,25.77400016784668,26.450000762939453,38700,0.0,0.0
2022-06-06 00:00:00-04:00,26.5,27.0,26.270000457763672,26.56999969482422,37400,0.0,0.0
2022-06-07 00:00:00-04:00,26.520000457763672,26.700000762939453,26.25,26.690000534057617,41000,0.0,0.0
2022-06-08 00:00:00-04:00,26.34000015258789,26.850000381469727,26.25,26.559999465942383,31000,0.0,0.0
2022-06-09 00:00:00-04:00,26.40999984741211,26.65999984741211,26.229999542236328,26.309999465942383,45400,0.0,0.0
2022-06-10 00:00:00-04:00,26.139999389648438,26.329999923706055,25.739999771118164,26.280000686645508,35800,0.0,0.0
2022-06-13 00:00:00-04:00,25.8799991607666,25.96500015258789,25.040000915527344,25.360000610351562,72200,0.0,0.0
2022-06-14 00:00:00-04:00,25.329999923706055,25.989999771118164,24.63800048828125,25.139999389648438,142000,0.0,0.0
2022-06-15 00:00:00-04:00,25.34000015258789,26.110000610351562,25.34000015258789,25.709999084472656,74500,0.0,0.0
2022-06-16 00:00:00-04:00,25.34000015258789,25.34000015258789,24.75,25.1200008392334,70000,0.0,0.0
2022-06-17 00:00:00-04:00,25.280000686645508,25.65999984741211,25.049999237060547,25.299999237060547,101600,0.0,0.0
2022-06-21 00:00:00-04:00,25.399999618530273,25.5,24.899999618530273,24.899999618530273,43900,0.0,0.0
2022-06-22 00:00:00-04:00,24.799999237060547,25.264999389648438,24.75,24.959999084472656,45600,0.0,0.0
2022-06-23 00:00:00-04:00,24.899999618530273,25.09000015258789,24.75,25.020000457763672,45700,0.0,0.0
2022-06-24 00:00:00-04:00,25.049999237060547,25.5,25.020000457763672,25.260000228881836,135500,0.0,0.0
2022-06-27 00:00:00-04:00,25.309999465942383,25.389999389648438,24.8700008392334,24.8700008392334,43700,0.0,0.0
2022-06-28 00:00:00-04:00,25.110000610351562,25.500999450683594,24.93000030517578,24.93000030517578,31700,0.0,0.0
2022-06-29 00:00:00-04:00,25.040000915527344,25.19499969482422,24.739999771118164,24.809999465942383,76800,0.0,0.0
2022-06-30 00:00:00-04:00,24.690000534057617,25.43000030517578,24.600000381469727,25.149999618530273,40400,0.0,0.0
2022-07-01 00:00:00-04:00,25.049999237060547,25.8700008392334,25.049999237060547,25.809999465942383,24700,0.0,0.0
2022-07-05 00:00:00-04:00,25.549999237060547,25.889999389648438,25.149999618530273,25.8700008392334,21900,0.0,0.0
2022-07-06 00:00:00-04:00,26.1200008392334,26.347000122070312,25.719999313354492,26.09000015258789,58000,0.0,0.0
2022-07-07 00:00:00-04:00,26.329999923706055,26.719999313354492,26.190000534057617,26.190000534057617,50300,0.0,0.0
2022-07-08 00:00:00-04:00,26.290000915527344,26.46500015258789,26.100000381469727,26.270000457763672,15400,0.0,0.0
2022-07-11 00:00:00-04:00,26.110000610351562,26.309999465942383,25.889999389648438,25.93000030517578,21500,0.0,0.0
2022-07-12 00:00:00-04:00,25.959999084472656,26.34000015258789,25.959999084472656,26.100000381469727,17900,0.0,0.0
2022-07-13 00:00:00-04:00,25.860000610351562,26.40999984741211,25.860000610351562,26.350000381469727,80000,0.0,0.0
2022-07-14 00:00:00-04:00,26.059999465942383,26.40999984741211,25.940000534057617,26.260000228881836,30200,0.0,0.0
2022-07-15 00:00:00-04:00,26.600000381469727,27.270000457763672,26.459999084472656,27.270000457763672,42000,0.0,0.0
2022-07-18 00:00:00-04:00,27.43000030517578,28.18000030517578,27.280000686645508,27.639999389648438,90800,0.0,0.0
2022-07-19 00:00:00-04:00,28.0,28.559999465942383,28.0,28.299999237060547,57200,0.0,0.0
2022-07-20 00:00:00-04:00,28.489999771118164,28.790000915527344,28.260000228881836,28.690000534057617,51100,0.0,0.0
2022-07-21 00:00:00-04:00,28.559999465942383,28.895000457763672,28.5,28.889999389648438,31900,0.0,0.0
2022-07-22 00:00:00-04:00,28.899999618530273,28.899999618530273,28.319000244140625,28.6200008392334,23500,0.0,0.0
2022-07-25 00:00:00-04:00,28.6299991607666,28.889999389648438,28.6299991607666,28.780000686645508,38300,0.0,0.0
2022-07-26 00:00:00-04:00,28.809999465942383,29.229999542236328,28.559999465942383,28.559999465942383,51500,0.0,0.0
2022-07-27 00:00:00-04:00,28.760000228881836,28.899999618530273,28.670000076293945,28.809999465942383,29500,0.0,0.0
2022-07-28 00:00:00-04:00,29.06999969482422,29.06999969482422,28.6200008392334,28.700000762939453,25500,0.0,0.0
2022-07-29 00:00:00-04:00,28.860000610351562,28.950000762939453,28.459999084472656,28.860000610351562,31100,0.0,0.0
2022-08-01 00:00:00-04:00,28.71500015258789,29.239999771118164,28.459999084472656,29.200000762939453,25400,0.0,0.0
2022-08-02 00:00:00-04:00,29.040000915527344,29.20199966430664,28.799999237060547,28.860000610351562,13000,0.0,0.0
2022-08-03 00:00:00-04:00,29.079999923706055,29.329999923706055,28.959999084472656,29.06999969482422,31000,0.0,0.0
2022-08-04 00:00:00-04:00,29.030000686645508,29.25,29.0,29.09000015258789,25000,0.0,0.0
2022-08-05 00:00:00-04:00,29.100000381469727,29.25,28.1200008392334,28.670000076293945,47000,0.0,0.0
2022-08-08 00:00:00-04:00,28.739999771118164,29.139999389648438,28.719999313354492,28.729999542236328,33500,0.0,0.0
2022-08-09 00:00:00-04:00,28.760000228881836,28.760000228881836,27.860000610351562,27.90999984741211,34700,0.0,0.0
2022-08-10 00:00:00-04:00,28.229999542236328,28.548999786376953,28.100000381469727,28.170000076293945,53300,0.0,0.0
2022-08-11 00:00:00-04:00,28.25,28.500999450683594,27.93000030517578,28.139999389648438,61700,0.0,0.0
2022-08-12 00:00:00-04:00,28.299999237060547,28.799999237060547,28.100000381469727,28.700000762939453,66400,0.0,0.0
2022-08-15 00:00:00-04:00,28.5,28.6200008392334,28.25,28.440000534057617,28400,0.0,0.0
2022-08-16 00:00:00-04:00,28.350000381469727,28.610000610351562,28.25,28.530000686645508,70300,0.0,0.0
2022-08-17 00:00:00-04:00,28.799999237060547,28.80500030517578,28.219999313354492,28.6299991607666,56300,0.0,0.0
2022-08-18 00:00:00-04:00,28.559999465942383,28.90999984741211,28.540000915527344,28.809999465942383,52900,0.0,0.0
2022-08-19 00:00:00-04:00,28.600000381469727,28.920000076293945,28.524999618530273,28.860000610351562,41300,0.0,0.0
2022-08-22 00:00:00-04:00,28.600000381469727,29.209999084472656,28.2450008392334,29.09000015258789,111600,0.0,0.0
2022-08-23 00:00:00-04:00,28.75,29.18000030517578,28.645000457763672,28.729999542236328,56900,0.0,0.0
2022-08-24 00:00:00-04:00,28.780000686645508,29.190000534057617,28.68000030517578,29.15999984741211,63200,0.0,0.0
2022-08-25 00:00:00-04:00,29.15999984741211,29.55500030517578,28.959999084472656,29.110000610351562,60200,0.0,0.0
2022-08-26 00:00:00-04:00,29.110000610351562,29.25,28.3700008392334,28.3700008392334,49100,0.0,0.0
2022-08-29 00:00:00-04:00,28.3799991607666,28.700000762939453,28.176000595092773,28.229999542236328,31200,0.0,0.0
2022-08-30 00:00:00-04:00,28.190000534057617,28.489999771118164,28.010000228881836,28.1299991607666,36400,0.0,0.0
2022-08-31 00:00:00-04:00,28.209999084472656,28.215999603271484,28.0,28.100000381469727,36600,0.0,0.0
2022-09-01 00:00:00-04:00,28.0,28.219999313354492,27.799999237060547,28.219999313354492,39200,0.0,0.0
2022-09-02 00:00:00-04:00,28.440000534057617,28.56999969482422,28.1200008392334,28.139999389648438,49600,0.0,0.0
2022-09-06 00:00:00-04:00,28.170000076293945,28.420000076293945,28.149999618530273,28.360000610351562,48400,0.0,0.0
2022-09-07 00:00:00-04:00,28.360000610351562,28.489999771118164,28.139999389648438,28.34000015258789,34000,0.0,0.0
2022-09-08 00:00:00-04:00,28.299999237060547,28.780000686645508,28.149999618530273,28.68000030517578,36600,0.0,0.0
2022-09-09 00:00:00-04:00,28.860000610351562,29.999000549316406,28.860000610351562,29.790000915527344,83800,0.0,0.0
2022-09-12 00:00:00-04:00,29.81999969482422,29.979999542236328,29.549999237060547,29.940000534057617,36400,0.0,0.0
2022-09-13 00:00:00-04:00,29.59000015258789,29.809999465942383,29.280000686645508,29.440000534057617,34800,0.0,0.0
2022-09-14 00:00:00-04:00,29.3700008392334,29.729999542236328,29.309999465942383,29.709999084472656,48900,0.0,0.0
2022-09-15 00:00:00-04:00,29.549999237060547,29.8799991607666,29.209999084472656,29.469999313354492,38900,0.0,0.0
2022-09-16 00:00:00-04:00,29.229999542236328,29.594999313354492,28.760000228881836,29.559999465942383,110200,0.0,0.0
2022-09-19 00:00:00-04:00,29.31999969482422,29.600000381469727,29.270000457763672,29.579999923706055,39100,0.0,0.0
2022-09-20 00:00:00-04:00,29.440000534057617,29.440000534057617,29.079999923706055,29.360000610351562,44400,0.0,0.0
2022-09-21 00:00:00-04:00,29.34000015258789,29.34000015258789,28.59000015258789,28.760000228881836,39600,0.0,0.0
2022-09-22 00:00:00-04:00,28.709999084472656,28.709999084472656,27.709999084472656,27.90999984741211,63400,0.0,0.0
2022-09-23 00:00:00-04:00,27.600000381469727,27.719999313354492,27.354999542236328,27.610000610351562,65300,0.0,0.0
2022-09-26 00:00:00-04:00,27.559999465942383,27.950000762939453,27.329999923706055,27.649999618530273,150400,0.0,0.0
2022-09-27 00:00:00-04:00,27.700000762939453,28.239999771118164,27.670000076293945,28.010000228881836,155300,0.0,0.0
2022-09-28 00:00:00-04:00,28.049999237060547,28.860000610351562,27.780000686645508,28.770000457763672,68800,0.0,0.0
2022-09-29 00:00:00-04:00,28.5,28.5,28.059999465942383,28.459999084472656,44500,0.0,0.0
2022-09-30 00:00:00-04:00,28.649999618530273,29.058000564575195,28.1200008392334,28.149999618530273,50400,0.0,0.0
2022-10-03 00:00:00-04:00,28.209999084472656,28.687999725341797,28.209999084472656,28.510000228881836,42800,0.0,0.0
2022-10-04 00:00:00-04:00,28.850000381469727,29.415000915527344,28.739999771118164,28.950000762939453,45600,0.0,0.0
2022-10-05 00:00:00-04:00,28.850000381469727,28.850000381469727,28.0,28.700000762939453,58500,0.0,0.0
2022-10-06 00:00:00-04:00,28.739999771118164,28.979999542236328,28.68000030517578,28.940000534057617,35600,0.0,0.0
2022-10-07 00:00:00-04:00,28.899999618530273,29.0,28.56999969482422,28.799999237060547,47700,0.0,0.0
2022-10-10 00:00:00-04:00,28.8799991607666,28.899999618530273,28.524999618530273,28.6299991607666,49100,0.0,0.0
2022-10-11 00:00:00-04:00,28.559999465942383,28.981000900268555,28.360000610351562,28.8799991607666,52000,0.0,0.0
2022-10-12 00:00:00-04:00,28.93000030517578,29.149999618530273,28.729000091552734,28.860000610351562,80900,0.0,0.0
2022-10-13 00:00:00-04:00,28.639999389648438,29.700000762939453,28.440000534057617,29.579999923706055,136100,0.0,0.0
2022-10-14 00:00:00-04:00,29.809999465942383,30.959999084472656,29.809999465942383,30.139999389648438,97100,0.0,0.0
2022-10-17 00:00:00-04:00,30.209999084472656,30.68400001525879,29.65999984741211,29.8700008392334,111800,0.0,0.0
2022-10-18 00:00:00-04:00,30.149999618530273,30.350000381469727,29.43000030517578,29.579999923706055,47300,0.0,0.0
2022-10-19 00:00:00-04:00,29.3700008392334,29.770000457763672,29.200000762939453,29.770000457763672,30400,0.0,0.0
2022-10-20 00:00:00-04:00,29.709999084472656,30.31999969482422,29.709999084472656,30.09000015258789,42400,0.0,0.0
2022-10-21 00:00:00-04:00,30.200000762939453,31.079999923706055,30.135000228881836,30.770000457763672,43700,0.0,0.0
2022-10-24 00:00:00-04:00,30.920000076293945,31.0,30.459999084472656,30.899999618530273,34800,0.0,0.0
2022-10-25 00:00:00-04:00,30.84000015258789,31.6200008392334,30.84000015258789,31.280000686645508,46000,0.0,0.0
2022-10-26 00:00:00-04:00,31.219999313354492,32.196998596191406,30.90999984741211,31.81999969482422,71900,0.0,0.0
2022-10-27 00:00:00-04:00,31.799999237060547,32.279998779296875,31.59000015258789,31.790000915527344,39900,0.0,0.0
2022-10-28 00:00:00-04:00,32.040000915527344,32.65999984741211,31.959999084472656,32.34000015258789,35000,0.0,0.0
2022-10-31 00:00:00-04:00,32.279998779296875,32.279998779296875,31.5,31.889999389648438,73600,0.0,0.0
2022-11-01 00:00:00-04:00,31.950000762939453,32.14500045776367,31.5,32.040000915527344,38000,0.0,0.0
2022-11-02 00:00:00-04:00,31.440000534057617,32.06100082397461,30.989999771118164,31.329999923706055,46900,0.0,0.0
2022-11-03 00:00:00-04:00,31.079999923706055,31.350000381469727,30.790000915527344,31.1299991607666,30600,0.0,0.0
2022-11-04 00:00:00-04:00,31.979999542236328,31.979999542236328,30.600000381469727,30.790000915527344,31600,0.0,0.0
2022-11-07 00:00:00-05:00,30.920000076293945,31.940000534057617,30.920000076293945,31.360000610351562,64300,0.0,0.0
2022-11-08 00:00:00-05:00,31.420000076293945,31.63599967956543,31.110000610351562,31.25,25300,0.0,0.0
2022-11-09 00:00:00-05:00,31.079999923706055,31.5,30.881000518798828,31.079999923706055,25800,0.0,0.0
2022-11-10 00:00:00-05:00,31.780000686645508,32.29999923706055,31.739999771118164,32.06999969482422,41400,0.0,0.0
2022-11-11 00:00:00-05:00,32.099998474121094,32.15999984741211,30.420000076293945,30.56999969482422,55400,0.0,0.0
2022-11-14 00:00:00-05:00,30.719999313354492,31.6200008392334,30.649999618530273,31.049999237060547,33700,0.0,0.0
2022-11-15 00:00:00-05:00,31.299999237060547,32.125,31.0,31.350000381469727,38600,0.0,0.0
2022-11-16 00:00:00-05:00,31.25,31.530000686645508,30.90999984741211,31.450000762939453,32200,0.0,0.0
2022-11-17 00:00:00-05:00,31.520000457763672,34.53900146484375,31.520000457763672,33.47999954223633,184300,0.0,0.0
2022-11-18 00:00:00-05:00,34.099998474121094,34.33000183105469,33.29999923706055,33.7599983215332,60700,0.0,0.0
2022-11-21 00:00:00-05:00,34.369998931884766,34.369998931884766,33.43000030517578,33.470001220703125,110800,0.0,0.0
2022-11-22 00:00:00-05:00,33.470001220703125,34.06999969482422,33.220001220703125,33.34000015258789,60800,0.0,0.0
2022-11-23 00:00:00-05:00,33.2599983215332,33.47700119018555,33.119998931884766,33.349998474121094,41200,0.0,0.0
2022-11-25 00:00:00-05:00,33.73099899291992,34.0,33.4900016784668,33.4900016784668,10300,0.0,0.0
2022-11-28 00:00:00-05:00,33.40999984741211,33.4900016784668,32.779998779296875,32.93000030517578,65000,0.0,0.0
2022-11-29 00:00:00-05:00,33.099998474121094,33.16999816894531,31.969999313354492,32.599998474121094,44800,0.0,0.0
2022-11-30 00:00:00-05:00,32.68000030517578,33.150001525878906,31.979999542236328,33.119998931884766,68500,0.0,0.0
2022-12-01 00:00:00-05:00,33.279998779296875,33.290000915527344,32.72999954223633,32.869998931884766,46200,0.0,0.0
2022-12-02 00:00:00-05:00,32.68000030517578,33.7400016784668,32.68000030517578,33.599998474121094,43100,0.0,0.0
2022-12-05 00:00:00-05:00,33.400001525878906,33.47999954223633,32.97999954223633,33.040000915527344,35100,0.0,0.0
2022-12-06 00:00:00-05:00,32.869998931884766,33.65999984741211,32.849998474121094,33.61000061035156,42700,0.0,0.0
2022-12-07 00:00:00-05:00,33.47999954223633,33.52000045776367,32.65999984741211,33.040000915527344,51000,0.0,0.0
2022-12-08 00:00:00-05:00,33.4900016784668,33.4900016784668,32.86000061035156,33.25,35200,0.0,0.0
2022-12-09 00:00:00-05:00,33.20500183105469,33.380001068115234,32.880001068115234,32.880001068115234,25300,0.0,0.0
2022-12-12 00:00:00-05:00,32.810001373291016,32.9900016784668,32.65999984741211,32.709999084472656,18900,0.0,0.0
2022-12-13 00:00:00-05:00,33.27000045776367,33.709999084472656,32.790000915527344,32.90999984741211,37700,0.0,0.0
2022-12-14 00:00:00-05:00,32.75,33.279998779296875,32.75,33.04999923706055,44200,0.0,0.0
2022-12-15 00:00:00-05:00,33.07400131225586,33.2599983215332,32.75,33.15999984741211,72700,0.0,0.0
2022-12-16 00:00:00-05:00,32.83000183105469,33.720001220703125,32.439998626708984,32.900001525878906,144700,0.0,0.0
2022-12-19 00:00:00-05:00,32.72999954223633,32.72999954223633,31.790000915527344,31.889999389648438,44300,0.0,0.0
2022-12-20 00:00:00-05:00,31.950000762939453,32.13999938964844,31.760000228881836,31.989999771118164,40800,0.0,0.0
2022-12-21 00:00:00-05:00,32.279998779296875,32.83000183105469,32.20000076293945,32.4900016784668,49300,0.0,0.0
2022-12-22 00:00:00-05:00,32.24300003051758,32.68000030517578,32.18000030517578,32.650001525878906,23900,0.0,0.0
2022-12-23 00:00:00-05:00,32.58000183105469,32.869998931884766,32.58000183105469,32.790000915527344,18700,0.0,0.0
2022-12-27 00:00:00-05:00,32.849998474121094,32.90999984741211,32.630001068115234,32.7400016784668,19600,0.0,0.0
2022-12-28 00:00:00-05:00,32.779998779296875,32.970001220703125,32.43000030517578,32.43000030517578,40600,0.0,0.0
2022-12-29 00:00:00-05:00,32.5099983215332,33.09000015258789,32.5099983215332,32.779998779296875,14400,0.0,0.0
2022-12-30 00:00:00-05:00,32.560001373291016,32.81999969482422,32.45000076293945,32.66999816894531,29500,0.0,0.0
2023-01-03 00:00:00-05:00,32.88999938964844,33.13999938964844,32.68000030517578,32.84000015258789,34300,0.0,0.0
2023-01-04 00:00:00-05:00,33.0,33.36000061035156,32.790000915527344,32.86000061035156,47800,0.0,0.0
2023-01-05 00:00:00-05:00,32.86000061035156,33.84000015258789,32.65999984741211,33.369998931884766,38000,0.0,0.0
2023-01-06 00:00:00-05:00,33.45000076293945,34.90999984741211,33.45000076293945,34.56999969482422,105900,0.0,0.0
2023-01-09 00:00:00-05:00,34.869998931884766,35.040000915527344,34.06999969482422,34.11000061035156,49900,0.0,0.0
2023-01-10 00:00:00-05:00,34.119998931884766,34.65999984741211,34.0,34.52000045776367,17900,0.0,0.0
2023-01-11 00:00:00-05:00,34.95000076293945,35.720001220703125,34.790000915527344,35.5099983215332,84400,0.0,0.0
2023-01-12 00:00:00-05:00,35.77000045776367,35.939998626708984,35.369998931884766,35.38999938964844,36600,0.0,0.0
2023-01-13 00:00:00-05:00,35.560001373291016,35.84000015258789,35.42499923706055,35.72999954223633,33700,0.0,0.0
2023-01-17 00:00:00-05:00,35.56999969482422,35.882999420166016,35.2599983215332,35.34000015258789,37000,0.0,0.0
2023-01-18 00:00:00-05:00,35.43000030517578,35.43000030517578,34.880001068115234,35.06999969482422,34100,0.0,0.0
2023-01-19 00:00:00-05:00,34.86000061035156,35.31999969482422,34.86000061035156,35.13999938964844,35800,0.0,0.0
2023-01-20 00:00:00-05:00,35.369998931884766,35.369998931884766,34.91999816894531,35.08000183105469,23100,0.0,0.0
2023-01-23 00:00:00-05:00,35.2400016784668,35.86000061035156,34.97999954223633,35.220001220703125,25300,0.0,0.0
2023-01-24 00:00:00-05:00,35.472999572753906,35.56800079345703,35.25,35.34000015258789,21000,0.0,0.0
2023-01-25 00:00:00-05:00,35.09000015258789,35.5,35.0,35.45000076293945,17500,0.0,0.0
2023-01-26 00:00:00-05:00,35.5,35.75899887084961,35.40999984741211,35.66999816894531,39400,0.0,0.0
2023-01-27 00:00:00-05:00,35.540000915527344,35.803001403808594,34.939998626708984,35.040000915527344,33600,0.0,0.0
2023-01-30 00:00:00-05:00,35.2400016784668,35.31999969482422,34.81999969482422,34.81999969482422,29400,0.0,0.0
2023-01-31 00:00:00-05:00,34.90999984741211,35.41999816894531,34.73500061035156,35.130001068115234,43600,0.0,0.0
2023-02-01 00:00:00-05:00,35.22999954223633,35.5099983215332,34.77000045776367,35.25,49000,0.0,0.0
2023-02-02 00:00:00-05:00,35.630001068115234,35.709999084472656,34.86000061035156,35.47999954223633,110100,0.0,0.0
2023-02-03 00:00:00-05:00,35.529998779296875,35.79999923706055,35.125,35.380001068115234,52600,0.0,0.0
2023-02-06 00:00:00-05:00,35.529998779296875,35.529998779296875,34.52000045776367,34.810001373291016,80200,0.0,0.0
2023-02-07 00:00:00-05:00,34.650001525878906,35.040000915527344,34.34000015258789,34.959999084472656,50200,0.0,0.0
2023-02-08 00:00:00-05:00,34.97999954223633,35.0,34.4900016784668,34.5,46000,0.0,0.0
2023-02-09 00:00:00-05:00,34.59000015258789,34.709999084472656,33.95000076293945,34.209999084472656,45000,0.0,0.0
2023-02-10 00:00:00-05:00,34.040000915527344,34.40999984741211,34.0,34.060001373291016,36700,0.0,0.0
2023-02-13 00:00:00-05:00,34.279998779296875,34.470001220703125,34.029998779296875,34.11000061035156,19600,0.0,0.0
2023-02-14 00:00:00-05:00,34.06999969482422,34.207000732421875,33.70000076293945,33.75,39700,0.0,0.0
2023-02-15 00:00:00-05:00,33.58000183105469,33.959999084472656,33.40999984741211,33.939998626708984,36900,0.0,0.0
2023-02-16 00:00:00-05:00,33.939998626708984,34.43000030517578,33.709999084472656,33.97999954223633,46200,0.0,0.0
2023-02-17 00:00:00-05:00,34.13999938964844,34.529998779296875,33.83000183105469,34.400001525878906,49600,0.0,0.0
2023-02-21 00:00:00-05:00,34.209999084472656,34.560001373291016,34.09600067138672,34.34000015258789,33100,0.0,0.0
2023-02-22 00:00:00-05:00,34.380001068115234,34.40999984741211,33.880001068115234,33.91999816894531,31100,0.0,0.0
2023-02-23 00:00:00-05:00,34.099998474121094,34.310001373291016,33.91999816894531,34.290000915527344,32000,0.0,0.0
2023-02-24 00:00:00-05:00,34.0,34.16999816894531,33.65999984741211,33.75,41600,0.0,0.0
2023-02-27 00:00:00-05:00,34.0,34.02000045776367,33.56999969482422,33.77000045776367,112200,0.0,0.0
2023-02-28 00:00:00-05:00,33.77000045776367,34.3849983215332,33.77000045776367,34.25,121000,0.0,0.0
2023-03-01 00:00:00-05:00,34.52000045776367,34.52000045776367,33.61000061035156,34.16999816894531,76700,0.0,0.0
2023-03-02 00:00:00-05:00,34.279998779296875,34.50299835205078,33.90800094604492,34.40999984741211,29400,0.0,0.0
2023-03-03 00:00:00-05:00,34.67499923706055,34.97999954223633,34.29999923706055,34.849998474121094,42200,0.0,0.0
2023-03-06 00:00:00-05:00,35.0,35.11000061035156,34.619998931884766,34.81999969482422,32100,0.0,0.0
2023-03-07 00:00:00-05:00,34.86000061035156,35.060001373291016,33.959999084472656,34.0,34200,0.0,0.0
2023-03-08 00:00:00-05:00,34.209999084472656,34.349998474121094,33.220001220703125,33.33000183105469,2094000,0.0,0.0
2023-03-09 00:00:00-05:00,33.45000076293945,33.68000030517578,33.06999969482422,33.09000015258789,60200,0.0,0.0
2023-03-10 00:00:00-05:00,33.0099983215332,33.22999954223633,32.5,32.7599983215332,89600,0.0,0.0
2023-03-13 00:00:00-04:00,32.7599983215332,33.071998596191406,31.989999771118164,32.040000915527344,130700,0.0,0.0
2023-03-14 00:00:00-04:00,32.33000183105469,32.709999084472656,31.920000076293945,32.13999938964844,141200,0.0,0.0
2023-03-15 00:00:00-04:00,31.899999618530273,32.83000183105469,31.530000686645508,32.81999969482422,90900,0.0,0.0
2023-03-16 00:00:00-04:00,32.5,33.630001068115234,32.2599983215332,33.36000061035156,120500,0.0,0.0
2023-03-17 00:00:00-04:00,33.15999984741211,33.33000183105469,32.369998931884766,32.650001525878906,135800,0.0,0.0
2023-03-20 00:00:00-04:00,32.7599983215332,33.22999954223633,32.599998474121094,33.09000015258789,116100,0.0,0.0
2023-03-21 00:00:00-04:00,33.34000015258789,34.18000030517578,33.34000015258789,33.970001220703125,95900,0.0,0.0
2023-03-22 00:00:00-04:00,33.83000183105469,34.52000045776367,33.65999984741211,33.849998474121094,137200,0.0,0.0
2023-03-23 00:00:00-04:00,34.08000183105469,34.119998931884766,32.5,33.06999969482422,74500,0.0,0.0
2023-03-24 00:00:00-04:00,32.83000183105469,33.42499923706055,32.529998779296875,33.41999816894531,29100,0.0,0.0
2023-03-27 00:00:00-04:00,33.459999084472656,33.939998626708984,33.220001220703125,33.880001068115234,27300,0.0,0.0
2023-03-28 00:00:00-04:00,33.21200180053711,33.900001525878906,33.21200180053711,33.56999969482422,24300,0.0,0.0
2023-03-29 00:00:00-04:00,33.66999816894531,33.90999984741211,33.20000076293945,33.90999984741211,40100,0.0,0.0
2023-03-30 00:00:00-04:00,33.95000076293945,34.470001220703125,33.95000076293945,34.20000076293945,45600,0.0,0.0
2023-03-31 00:00:00-04:00,34.34000015258789,34.959999084472656,34.20000076293945,34.58000183105469,85200,0.0,0.0
2023-04-03 00:00:00-04:00,34.41999816894531,34.84000015258789,34.26499938964844,34.59000015258789,34900,0.0,0.0
2023-04-04 00:00:00-04:00,34.54999923706055,35.290000915527344,34.54999923706055,35.290000915527344,67200,0.0,0.0
2023-04-05 00:00:00-04:00,35.310001373291016,35.970001220703125,35.099998474121094,35.849998474121094,44300,0.0,0.0
2023-04-06 00:00:00-04:00,36.0,36.130001068115234,35.22999954223633,35.88999938964844,47500,0.0,0.0
2023-04-10 00:00:00-04:00,35.849998474121094,36.41999816894531,35.68000030517578,36.349998474121094,35300,0.0,0.0
2023-04-11 00:00:00-04:00,36.29999923706055,36.689998626708984,36.11000061035156,36.540000915527344,48500,0.0,0.0
2023-04-12 00:00:00-04:00,36.709999084472656,36.709999084472656,36.27000045776367,36.400001525878906,58900,0.0,0.0
2023-04-13 00:00:00-04:00,36.5099983215332,36.650001525878906,36.15999984741211,36.45000076293945,50900,0.0,0.0
2023-04-14 00:00:00-04:00,36.599998474121094,36.93000030517578,36.15999984741211,36.41999816894531,40700,0.0,0.0
2023-04-17 00:00:00-04:00,36.4900016784668,36.4900016784668,35.61000061035156,35.88999938964844,32400,0.0,0.0
2023-04-18 00:00:00-04:00,35.93000030517578,37.02000045776367,35.93000030517578,36.95000076293945,37800,0.0,0.0
2023-04-19 00:00:00-04:00,36.93000030517578,37.040000915527344,36.61000061035156,36.75,29400,0.0,0.0
2023-04-20 00:00:00-04:00,36.720001220703125,36.83000183105469,36.340999603271484,36.779998779296875,18400,0.0,0.0
2023-04-21 00:00:00-04:00,36.75,36.85100173950195,36.34000015258789,36.38999938964844,24300,0.0,0.0
2023-04-24 00:00:00-04:00,36.630001068115234,39.08000183105469,36.59600067138672,38.7400016784668,68700,0.0,0.0
2023-04-25 00:00:00-04:00,38.70000076293945,38.84000015258789,37.685001373291016,38.7599983215332,63200,0.0,0.0
2023-04-26 00:00:00-04:00,38.560001373291016,39.18000030517578,38.38199996948242,38.869998931884766,44700,0.0,0.0
2023-04-27 00:00:00-04:00,38.939998626708984,40.7599983215332,38.92499923706055,40.540000915527344,57600,0.0,0.0
2023-04-28 00:00:00-04:00,40.52000045776367,40.95000076293945,39.0099983215332,39.16999816894531,61200,0.0,0.0
2023-05-01 00:00:00-04:00,39.0099983215332,40.099998474121094,39.0099983215332,39.900001525878906,65800,0.0,0.0
2023-05-02 00:00:00-04:00,39.88999938964844,39.88999938964844,38.83000183105469,39.20000076293945,44700,0.0,0.0
2023-05-03 00:00:00-04:00,39.470001220703125,40.16999816894531,39.279998779296875,39.689998626708984,36900,0.0,0.0
2023-05-04 00:00:00-04:00,39.40999984741211,40.0,39.0,40.0,54600,0.0,0.0
2023-05-05 00:00:00-04:00,40.380001068115234,40.40999984741211,38.439998626708984,39.43000030517578,65500,0.0,0.0
2023-05-08 00:00:00-04:00,39.099998474121094,39.13999938964844,37.959999084472656,39.09000015258789,62700,0.0,0.0
2023-05-09 00:00:00-04:00,38.93000030517578,38.93000030517578,38.1870002746582,38.630001068115234,23900,0.0,0.0
2023-05-10 00:00:00-04:00,38.810001373291016,39.38999938964844,38.47999954223633,39.369998931884766,31300,0.0,0.0
2023-05-11 00:00:00-04:00,39.040000915527344,39.11000061035156,38.79999923706055,39.0,19200,0.0,0.0
2023-05-12 00:00:00-04:00,39.099998474121094,39.099998474121094,38.650001525878906,38.959999084472656,29500,0.0,0.0
2023-05-15 00:00:00-04:00,39.0,39.650001525878906,39.0,39.279998779296875,40800,0.0,0.0
2023-05-16 00:00:00-04:00,39.36000061035156,39.36000061035156,38.58000183105469,38.63999938964844,19700,0.0,0.0
2023-05-17 00:00:00-04:00,38.88999938964844,39.099998474121094,38.52000045776367,38.970001220703125,26600,0.0,0.0
2023-05-18 00:00:00-04:00,38.7599983215332,39.08000183105469,38.709999084472656,38.880001068115234,28800,0.0,0.0
2023-05-19 00:00:00-04:00,39.18000030517578,39.18000030517578,38.279998779296875,38.33000183105469,33300,0.0,0.0
2023-05-22 00:00:00-04:00,38.209999084472656,38.70600128173828,38.09000015258789,38.470001220703125,20300,0.0,0.0
2023-05-23 00:00:00-04:00,38.599998474121094,38.7599983215332,38.29999923706055,38.36000061035156,25100,0.0,0.0
2023-05-24 00:00:00-04:00,38.369998931884766,38.369998931884766,37.63999938964844,38.119998931884766,29300,0.0,0.0
2023-05-25 00:00:00-04:00,38.150001525878906,38.31999969482422,37.779998779296875,37.970001220703125,37400,0.0,0.0
2023-05-26 00:00:00-04:00,37.75,38.13800048828125,37.15999984741211,37.7400016784668,39900,0.0,0.0
2023-05-30 00:00:00-04:00,37.66999816894531,37.90999984741211,37.4900016784668,37.61000061035156,22600,0.0,0.0
2023-05-31 00:00:00-04:00,37.540000915527344,37.86000061035156,37.20000076293945,37.369998931884766,133700,0.0,0.0
2023-06-01 00:00:00-04:00,37.439998626708984,37.66999816894531,37.18000030517578,37.29999923706055,42000,0.0,0.0
2023-06-02 00:00:00-04:00,37.40999984741211,37.91999816894531,37.290000915527344,37.77000045776367,60900,0.0,0.0
2023-06-05 00:00:00-04:00,37.599998474121094,37.62200164794922,37.43000030517578,37.43000030517578,29300,0.0,0.0
2023-06-06 00:00:00-04:00,37.349998474121094,39.130001068115234,37.073001861572266,37.90999984741211,56900,0.0,0.0
2023-06-07 00:00:00-04:00,38.16999816894531,39.880001068115234,38.0099983215332,39.7400016784668,56300,0.0,0.0
2023-06-08 00:00:00-04:00,39.84000015258789,40.099998474121094,39.25,39.630001068115234,48100,0.0,0.0
2023-06-09 00:00:00-04:00,39.599998474121094,39.599998474121094,38.98899841308594,39.40999984741211,22200,0.0,0.0
2023-06-12 00:00:00-04:00,39.31999969482422,40.33000183105469,39.154998779296875,40.2400016784668,60300,0.0,0.0
2023-06-13 00:00:00-04:00,40.25,41.459999084472656,40.25,41.27000045776367,53300,0.0,0.0
2023-06-14 00:00:00-04:00,41.29999923706055,41.650001525878906,40.53799819946289,40.619998931884766,44700,0.0,0.0
2023-06-15 00:00:00-04:00,40.65999984741211,41.52000045776367,40.29999923706055,41.380001068115234,34300,0.0,0.0
2023-06-16 00:00:00-04:00,41.75,41.75,40.654998779296875,41.33000183105469,184600,0.0,0.0
2023-06-20 00:00:00-04:00,41.45000076293945,41.45000076293945,40.529998779296875,40.61000061035156,22500,0.0,0.0
2023-06-21 00:00:00-04:00,40.77000045776367,40.90999984741211,40.34000015258789,40.84000015258789,30200,0.0,0.0
2023-06-22 00:00:00-04:00,40.66999816894531,41.08000183105469,40.310001373291016,40.54999923706055,24700,0.0,0.0
2023-06-23 00:00:00-04:00,40.439998626708984,40.834999084472656,39.88999938964844,40.15999984741211,93100,0.0,0.0
2023-06-26 00:00:00-04:00,40.11000061035156,40.779998779296875,39.970001220703125,40.529998779296875,39800,0.0,0.0
2023-06-27 00:00:00-04:00,40.34000015258789,41.439998626708984,40.26499938964844,40.88999938964844,33300,0.0,0.0
2023-06-28 00:00:00-04:00,41.06999969482422,41.38999938964844,40.88999938964844,41.150001525878906,46900,0.0,0.0
2023-06-29 00:00:00-04:00,41.25,41.470001220703125,40.90299987792969,41.29999923706055,32600,0.0,0.0
2023-06-30 00:00:00-04:00,41.310001373291016,41.45000076293945,40.91999816894531,40.91999816894531,37800,0.0,0.0
2023-07-03 00:00:00-04:00,41.20000076293945,41.22999954223633,40.65999984741211,40.65999984741211,15100,0.0,0.0
2023-07-05 00:00:00-04:00,40.5099983215332,41.220001220703125,40.5,41.09000015258789,35000,0.0,0.0
2023-07-06 00:00:00-04:00,41.04999923706055,41.04999923706055,39.75,39.959999084472656,39400,0.0,0.0
2023-07-07 00:00:00-04:00,39.959999084472656,40.44900131225586,39.83000183105469,40.36000061035156,36300,0.0,0.0
2023-07-10 00:00:00-04:00,40.40999984741211,41.25,40.40999984741211,41.09000015258789,28700,0.0,0.0
2023-07-11 00:00:00-04:00,41.20000076293945,41.290000915527344,40.83000183105469,41.22999954223633,19200,0.0,0.0
2023-07-12 00:00:00-04:00,41.33000183105469,42.15999984741211,41.33000183105469,42.0099983215332,32400,0.0,0.0
2023-07-13 00:00:00-04:00,42.29999923706055,43.060001373291016,41.939998626708984,42.790000915527344,43500,0.0,0.0
2023-07-14 00:00:00-04:00,42.9900016784668,44.58000183105469,42.06999969482422,42.36000061035156,24800,0.0,0.0
2023-07-17 00:00:00-04:00,43.0099983215332,43.27000045776367,42.70000076293945,42.9900016784668,67600,0.0,0.0
2023-07-18 00:00:00-04:00,43.400001525878906,43.7599983215332,42.380001068115234,43.369998931884766,67100,0.0,0.0
2023-07-19 00:00:00-04:00,52.5,54.939998626708984,44.41999816894531,44.474998474121094,317800,0.0,0.0
2023-07-20 00:00:00-04:00,46.43000030517578,46.43000030517578,42.7599983215332,44.16999816894531,242200,0.0,0.0
2023-07-21 00:00:00-04:00,45.25,45.25,42.790000915527344,43.43000030517578,249100,0.0,0.0
2023-07-24 00:00:00-04:00,44.439998626708984,44.459999084472656,42.5,42.900001525878906,163500,0.0,0.0
2023-07-25 00:00:00-04:00,42.54999923706055,44.41999816894531,41.75,44.31999969482422,205500,0.0,0.0
2023-07-26 00:00:00-04:00,44.40999984741211,44.47999954223633,43.040000915527344,43.790000915527344,191700,0.0,0.0
2023-07-27 00:00:00-04:00,44.36000061035156,44.36000061035156,43.220001220703125,43.65999984741211,177300,0.0,0.0
2023-07-28 00:00:00-04:00,44.08000183105469,45.77000045776367,43.88999938964844,45.70000076293945,224600,0.0,0.0
2023-07-31 00:00:00-04:00,46.119998931884766,47.36000061035156,45.9900016784668,47.34000015258789,216600,0.0,0.0
2023-08-01 00:00:00-04:00,47.7599983215332,47.7599983215332,45.619998931884766,46.02000045776367,218000,0.0,0.0
2023-08-02 00:00:00-04:00,46.119998931884766,47.09000015258789,46.0,46.689998626708984,102200,0.0,0.0
2023-08-03 00:00:00-04:00,46.689998626708984,47.209999084472656,46.25,46.540000915527344,169200,0.0,0.0
2023-08-04 00:00:00-04:00,47.88999938964844,47.88999938964844,44.93000030517578,46.20000076293945,222600,0.0,0.0
2023-08-07 00:00:00-04:00,46.66999816894531,46.66999816894531,44.58000183105469,44.97999954223633,138100,0.0,0.0
2023-08-08 00:00:00-04:00,44.81999969482422,46.150001525878906,44.5989990234375,45.79999923706055,136000,0.0,0.0
2023-08-09 00:00:00-04:00,45.93000030517578,46.220001220703125,45.099998474121094,46.20000076293945,126900,0.0,0.0
2023-08-10 00:00:00-04:00,46.40999984741211,46.560001373291016,45.20000076293945,45.91999816894531,118500,0.0,0.0
2023-08-11 00:00:00-04:00,45.86000061035156,46.27000045776367,45.5099983215332,46.13999938964844,78900,0.0,0.0
2023-08-14 00:00:00-04:00,46.13999938964844,46.13999938964844,45.650001525878906,45.9900016784668,40500,0.0,0.0
2023-08-15 00:00:00-04:00,45.900001525878906,46.04999923706055,45.31999969482422,45.59000015258789,64200,0.0,0.0
2023-08-16 00:00:00-04:00,45.630001068115234,46.61000061035156,44.29999923706055,44.650001525878906,156700,0.0,0.0
2023-08-17 00:00:00-04:00,44.88999938964844,44.88999938964844,42.060001373291016,42.279998779296875,131100,0.0,0.0
2023-08-18 00:00:00-04:00,41.95000076293945,42.654998779296875,41.584999084472656,42.369998931884766,67200,0.0,0.0
2023-08-21 00:00:00-04:00,42.61000061035156,42.61000061035156,42.084999084472656,42.20000076293945,44600,0.0,0.0
2023-08-22 00:00:00-04:00,42.33000183105469,42.53300094604492,41.61000061035156,41.709999084472656,49200,0.0,0.0
2023-08-23 00:00:00-04:00,41.90999984741211,42.209999084472656,41.43000030517578,41.470001220703125,58700,0.0,0.0
2023-08-24 00:00:00-04:00,41.279998779296875,41.65999984741211,40.7599983215332,40.79999923706055,38400,0.0,0.0
2023-08-25 00:00:00-04:00,40.849998474121094,40.970001220703125,40.540000915527344,40.619998931884766,39500,0.0,0.0
2023-08-28 00:00:00-04:00,40.70000076293945,41.22999954223633,40.70000076293945,41.220001220703125,27800,0.0,0.0
2023-08-29 00:00:00-04:00,41.29999923706055,41.7599983215332,41.09000015258789,41.70000076293945,35100,0.0,0.0
2023-08-30 00:00:00-04:00,41.7400016784668,42.54999923706055,41.7400016784668,42.0099983215332,28500,0.0,0.0
2023-08-31 00:00:00-04:00,42.099998474121094,42.584999084472656,41.81999969482422,41.84000015258789,61600,0.0,0.0
2023-09-01 00:00:00-04:00,42.130001068115234,42.130001068115234,41.310001373291016,41.52000045776367,28500,0.0,0.0
2023-09-05 00:00:00-04:00,41.2400016784668,41.2400016784668,40.56999969482422,40.779998779296875,33500,0.0,0.0
2023-09-06 00:00:00-04:00,40.93000030517578,41.310001373291016,40.61000061035156,40.65999984741211,45200,0.0,0.0
2023-09-07 00:00:00-04:00,40.689998626708984,41.15999984741211,40.349998474121094,40.75,39600,0.0,0.0
2023-09-08 00:00:00-04:00,40.959999084472656,41.119998931884766,40.279998779296875,40.33000183105469,70900,0.0,0.0
2023-09-11 00:00:00-04:00,40.529998779296875,41.380001068115234,40.400001525878906,40.849998474121094,97600,0.0,0.0
2023-09-12 00:00:00-04:00,40.79999923706055,41.040000915527344,40.13999938964844,40.290000915527344,49800,0.0,0.0
2023-09-13 00:00:00-04:00,40.27000045776367,40.27000045776367,39.619998931884766,39.93000030517578,42400,0.0,0.0
2023-09-14 00:00:00-04:00,40.04999923706055,40.2400016784668,39.720001220703125,39.849998474121094,58300,0.0,0.0
2023-09-15 00:00:00-04:00,39.95000076293945,40.150001525878906,39.099998474121094,39.2599983215332,161100,0.0,0.0
2023-09-18 00:00:00-04:00,39.310001373291016,39.81999969482422,39.22999954223633,39.7400016784668,52500,0.0,0.0
2023-09-19 00:00:00-04:00,39.79999923706055,41.060001373291016,39.78499984741211,40.90999984741211,54000,0.0,0.0
2023-09-20 00:00:00-04:00,41.0,41.40999984741211,40.58000183105469,40.630001068115234,43400,0.0,0.0
2023-09-21 00:00:00-04:00,40.45000076293945,41.06999969482422,39.7599983215332,40.77000045776367,34200,0.0,0.0
2023-09-22 00:00:00-04:00,40.970001220703125,41.130001068115234,40.0099983215332,40.47999954223633,20600,0.0,0.0
2023-09-25 00:00:00-04:00,40.209999084472656,41.040000915527344,40.209999084472656,40.70000076293945,27500,0.0,0.0
2023-09-26 00:00:00-04:00,40.47999954223633,41.029998779296875,39.029998779296875,39.09000015258789,49100,0.0,0.0
2023-09-27 00:00:00-04:00,39.380001068115234,39.441001892089844,38.43000030517578,38.4900016784668,77000,0.0,0.0
2023-09-28 00:00:00-04:00,38.4900016784668,39.25,38.4900016784668,38.5099983215332,57600,0.0,0.0
2023-09-29 00:00:00-04:00,38.75,39.255001068115234,38.75,39.06999969482422,43000,0.0,0.0
2023-10-02 00:00:00-04:00,39.04999923706055,39.5099983215332,39.0,39.439998626708984,40600,0.0,0.0
2023-10-03 00:00:00-04:00,39.400001525878906,40.56999969482422,39.349998474121094,40.52000045776367,47200,0.0,0.0
2023-10-04 00:00:00-04:00,40.54999923706055,40.66999816894531,39.79999923706055,40.0,41400,0.0,0.0
2023-10-05 00:00:00-04:00,40.099998474121094,40.65999984741211,39.6609992980957,40.55500030517578,47700,0.0,0.0
2023-10-06 00:00:00-04:00,40.34000015258789,41.02000045776367,40.0099983215332,40.810001373291016,29200,0.0,0.0
2023-10-09 00:00:00-04:00,40.61000061035156,40.79999923706055,40.0,40.70000076293945,18300,0.0,0.0
2023-10-10 00:00:00-04:00,40.529998779296875,41.15999984741211,39.869998931884766,39.93000030517578,39100,0.0,0.0
2023-10-11 00:00:00-04:00,39.939998626708984,40.34000015258789,39.689998626708984,40.20000076293945,35400,0.0,0.0
2023-10-12 00:00:00-04:00,40.29999923706055,40.470001220703125,39.43000030517578,39.63999938964844,28600,0.0,0.0
2023-10-13 00:00:00-04:00,39.4900016784668,40.189998626708984,39.4900016784668,39.83000183105469,39200,0.0,0.0
2023-10-16 00:00:00-04:00,39.880001068115234,40.47999954223633,39.48899841308594,40.27000045776367,27500,0.0,0.0
2023-10-17 00:00:00-04:00,40.0099983215332,40.84000015258789,40.0099983215332,40.31999969482422,42500,0.0,0.0
2023-10-18 00:00:00-04:00,40.279998779296875,40.310001373291016,38.83000183105469,38.880001068115234,38400,0.0,0.0
2023-10-19 00:00:00-04:00,38.880001068115234,39.349998474121094,38.29999923706055,38.43000030517578,51500,0.0,0.0
2023-10-20 00:00:00-04:00,38.4900016784668,38.70500183105469,38.18000030517578,38.18000030517578,49700,0.0,0.0
2023-10-23 00:00:00-04:00,38.310001373291016,38.61000061035156,37.314998626708984,37.33000183105469,36200,0.0,0.0
2023-10-24 00:00:00-04:00,37.41999816894531,38.65999984741211,37.41999816894531,38.650001525878906,33100,0.0,0.0
2023-10-25 00:00:00-04:00,38.599998474121094,38.599998474121094,37.900001525878906,38.25,40900,0.0,0.0
2023-10-26 00:00:00-04:00,38.16999816894531,38.79499816894531,37.7869987487793,37.9900016784668,23200,0.0,0.0
2023-10-27 00:00:00-04:00,37.7400016784668,38.130001068115234,37.481998443603516,37.689998626708984,28100,0.0,0.0
2023-10-30 00:00:00-04:00,37.86000061035156,38.59000015258789,37.79999923706055,38.369998931884766,29700,0.0,0.0
2023-10-31 00:00:00-04:00,38.20000076293945,38.79999923706055,37.470001220703125,37.90999984741211,44200,0.0,0.0
2023-11-01 00:00:00-04:00,37.77000045776367,38.709999084472656,37.38999938964844,38.540000915527344,45500,0.0,0.0
2023-11-02 00:00:00-04:00,38.72999954223633,40.41999816894531,38.72999954223633,39.650001525878906,42800,0.0,0.0
2023-11-03 00:00:00-04:00,37.439998626708984,40.310001373291016,37.439998626708984,39.31999969482422,29600,0.0,0.0
2023-11-06 00:00:00-05:00,39.040000915527344,39.54999923706055,39.040000915527344,39.40999984741211,21100,0.0,0.0
2023-11-07 00:00:00-05:00,37.56999969482422,38.7599983215332,37.52000045776367,38.470001220703125,35100,0.0,0.0
2023-11-08 00:00:00-05:00,38.47999954223633,38.47999954223633,37.099998474121094,37.40999984741211,68100,0.0,0.0
2023-11-09 00:00:00-05:00,37.7599983215332,37.79999923706055,37.0,37.20000076293945,32400,0.0,0.0
2023-11-10 00:00:00-05:00,37.189998626708984,37.279998779296875,36.779998779296875,36.9900016784668,58300,0.0,0.0
2023-11-13 00:00:00-05:00,36.9900016784668,37.459999084472656,36.939998626708984,37.0,25400,0.0,0.0
2023-11-14 00:00:00-05:00,37.95000076293945,38.650001525878906,37.869998931884766,38.63999938964844,36800,0.0,0.0
2023-11-15 00:00:00-05:00,39.52000045776367,40.099998474121094,38.650001525878906,39.2400016784668,110300,0.0,0.0
2023-11-16 00:00:00-05:00,39.779998779296875,40.0,39.1349983215332,39.86000061035156,84700,0.0,0.0
2023-11-17 00:00:00-05:00,40.33000183105469,40.33000183105469,39.779998779296875,40.2400016784668,44000,0.0,0.0
2023-11-20 00:00:00-05:00,40.540000915527344,40.72999954223633,40.2599983215332,40.369998931884766,33300,0.0,0.0
2023-11-21 00:00:00-05:00,40.43000030517578,40.43000030517578,39.689998626708984,39.790000915527344,34300,0.0,0.0
2023-11-22 00:00:00-05:00,40.0099983215332,40.209999084472656,39.81999969482422,39.970001220703125,16900,0.0,0.0
2023-11-24 00:00:00-05:00,39.849998474121094,40.459999084472656,39.849998474121094,40.290000915527344,7400,0.0,0.0
2023-11-27 00:00:00-05:00,40.099998474121094,40.310001373291016,39.93199920654297,40.06999969482422,24300,0.0,0.0
2023-11-28 00:00:00-05:00,40.13999938964844,40.2599983215332,39.59000015258789,40.04999923706055,25100,0.0,0.0
2023-11-29 00:00:00-05:00,40.33000183105469,40.790000915527344,40.095001220703125,40.70000076293945,71300,0.0,0.0
2023-11-30 00:00:00-05:00,41.0,41.0,40.290000915527344,40.349998474121094,33400,0.0,0.0
2023-12-01 00:00:00-05:00,40.25,40.790000915527344,40.0099983215332,40.68000030517578,44900,0.0,0.0
2023-12-04 00:00:00-05:00,40.77000045776367,40.84000015258789,40.209999084472656,40.31999969482422,38400,0.0,0.0
2023-12-05 00:00:00-05:00,40.369998931884766,40.560001373291016,40.0,40.400001525878906,32600,0.0,0.0
2023-12-06 00:00:00-05:00,40.5099983215332,40.78499984741211,40.08000183105469,40.15999984741211,32500,0.0,0.0
2023-12-07 00:00:00-05:00,40.33000183105469,41.0,40.099998474121094,41.0,31000,0.0,0.0
2023-12-08 00:00:00-05:00,40.9900016784668,41.78499984741211,40.86000061035156,41.720001220703125,30800,0.0,0.0
2023-12-11 00:00:00-05:00,41.880001068115234,42.41999816894531,41.709999084472656,42.13999938964844,30600,0.0,0.0
2023-12-12 00:00:00-05:00,42.29999923706055,42.70000076293945,42.07600021362305,42.380001068115234,25500,0.0,0.0
2023-12-13 00:00:00-05:00,42.43000030517578,43.41999816894531,41.689998626708984,41.689998626708984,126200,0.0,0.0
2023-12-14 00:00:00-05:00,42.54999923706055,43.18000030517578,41.5099983215332,41.869998931884766,164000,0.0,0.0
2023-12-15 00:00:00-05:00,42.0,42.0,40.91999816894531,41.0099983215332,206300,0.0,0.0
2023-12-18 00:00:00-05:00,41.27000045776367,42.08000183105469,41.0099983215332,41.279998779296875,174300,0.0,0.0
2023-12-19 00:00:00-05:00,41.59000015258789,42.119998931884766,41.27000045776367,41.63999938964844,187000,0.0,0.0
2023-12-20 00:00:00-05:00,41.630001068115234,42.959999084472656,41.31999969482422,41.380001068115234,46700,0.0,0.0
2023-12-21 00:00:00-05:00,41.66999816894531,42.38999938964844,41.66999816894531,42.33000183105469,47400,0.0,0.0
2023-12-22 00:00:00-05:00,42.279998779296875,43.16999816894531,42.279998779296875,42.540000915527344,36100,0.0,0.0
2023-12-26 00:00:00-05:00,42.56999969482422,43.09000015258789,42.44300079345703,43.04999923706055,26100,0.0,0.0
2023-12-27 00:00:00-05:00,42.970001220703125,43.54499816894531,42.85499954223633,43.47999954223633,30000,0.0,0.0
2023-12-28 00:00:00-05:00,43.369998931884766,43.525001525878906,43.145999908447266,43.290000915527344,20100,0.0,0.0
2023-12-29 00:00:00-05:00,43.189998626708984,43.189998626708984,42.59000015258789,42.779998779296875,40500,0.0,0.0
2024-01-02 00:00:00-05:00,42.869998931884766,43.0,42.099998474121094,42.279998779296875,38500,0.0,0.0
2024-01-03 00:00:00-05:00,42.2400016784668,42.349998474121094,41.650001525878906,41.72999954223633,41400,0.0,0.0
2024-01-04 00:00:00-05:00,41.849998474121094,41.959999084472656,41.630001068115234,41.75,22300,0.0,0.0
2024-01-05 00:00:00-05:00,41.56999969482422,42.209999084472656,41.56999969482422,42.0099983215332,34000,0.0,0.0
2024-01-08 00:00:00-05:00,42.29999923706055,43.220001220703125,42.189998626708984,43.150001525878906,59200,0.0,0.0
2024-01-09 00:00:00-05:00,42.900001525878906,42.95500183105469,42.439998626708984,42.619998931884766,23400,0.0,0.0
2024-01-10 00:00:00-05:00,42.459999084472656,42.779998779296875,42.29999923706055,42.540000915527344,22700,0.0,0.0
2024-01-11 00:00:00-05:00,42.2599983215332,42.560001373291016,41.86199951171875,42.13999938964844,21700,0.0,0.0
2024-01-12 00:00:00-05:00,42.54999923706055,42.619998931884766,42.04100036621094,42.33000183105469,29100,0.0,0.0
2024-01-16 00:00:00-05:00,42.2400016784668,42.2400016784668,41.709999084472656,42.09000015258789,28300,0.0,0.0
2024-01-17 00:00:00-05:00,41.81999969482422,42.20000076293945,41.5,42.11000061035156,20500,0.0,0.0
2024-01-18 00:00:00-05:00,42.130001068115234,42.349998474121094,41.564998626708984,41.7400016784668,30400,0.0,0.0
2024-01-19 00:00:00-05:00,42.029998779296875,42.56999969482422,41.810001373291016,42.560001373291016,40800,0.0,0.0
2024-01-22 00:00:00-05:00,43.0,43.4900016784668,42.54499816894531,43.130001068115234,41800,0.0,0.0
2024-01-23 00:00:00-05:00,43.4900016784668,43.939998626708984,43.4900016784668,43.869998931884766,25000,0.0,0.0
2024-01-24 00:00:00-05:00,43.880001068115234,44.189998626708984,43.099998474121094,43.709999084472656,43400,0.0,0.0
2024-01-25 00:00:00-05:00,43.66999816894531,44.25,43.66999816894531,43.93000030517578,32100,0.0,0.0
2024-01-26 00:00:00-05:00,43.84000015258789,44.0099983215332,43.13999938964844,43.310001373291016,21100,0.0,0.0
2024-01-29 00:00:00-05:00,43.279998779296875,44.119998931884766,43.0,43.9900016784668,35400,0.0,0.0
2024-01-30 00:00:00-05:00,44.060001373291016,44.380001068115234,43.55799865722656,44.06999969482422,21100,0.0,0.0
2024-01-31 00:00:00-05:00,44.04999923706055,44.319000244140625,43.060001373291016,43.06999969482422,25600,0.0,0.0
2024-02-01 00:00:00-05:00,43.22999954223633,43.619998931884766,43.0,43.619998931884766,23600,0.0,0.0
2024-02-02 00:00:00-05:00,43.22999954223633,43.48500061035156,42.82500076293945,42.9900016784668,27600,0.0,0.0
2024-02-05 00:00:00-05:00,42.66999816894531,42.900001525878906,42.36800003051758,42.66999816894531,31900,0.0,0.0
2024-02-06 00:00:00-05:00,42.54999923706055,43.2400016784668,42.54999923706055,43.2400016784668,13800,0.0,0.0
2024-02-07 00:00:00-05:00,43.470001220703125,43.529998779296875,42.79999923706055,42.95000076293945,35200,0.0,0.0
2024-02-08 00:00:00-05:00,42.849998474121094,43.75,42.75,43.529998779296875,20000,0.0,0.0
2024-02-09 00:00:00-05:00,43.68000030517578,43.933998107910156,43.349998474121094,43.59000015258789,25600,0.0,0.0
2024-02-12 00:00:00-05:00,43.439998626708984,44.06999969482422,43.439998626708984,43.619998931884766,47900,0.0,0.0
2024-02-13 00:00:00-05:00,43.36000061035156,43.36000061035156,41.98500061035156,42.220001220703125,43500,0.0,0.0
2024-02-14 00:00:00-05:00,42.7599983215332,43.25,42.45000076293945,43.18000030517578,24300,0.0,0.0
2024-02-15 00:00:00-05:00,43.45000076293945,44.14799880981445,43.349998474121094,43.869998931884766,56300,0.0,0.0
2024-02-16 00:00:00-05:00,43.70000076293945,43.70500183105469,42.810001373291016,43.0099983215332,37800,0.0,0.0
2024-02-20 00:00:00-05:00,42.77000045776367,43.165000915527344,42.637001037597656,42.849998474121094,26400,0.0,0.0
2024-02-21 00:00:00-05:00,42.79999923706055,42.79999923706055,42.08000183105469,42.540000915527344,27500,0.0,0.0
2024-02-22 00:00:00-05:00,42.540000915527344,42.540000915527344,41.84000015258789,41.84000015258789,43700,0.0,0.0
2024-02-23 00:00:00-05:00,41.810001373291016,42.29999923706055,41.810001373291016,41.97999954223633,27400,0.0,0.0
2024-02-26 00:00:00-05:00,41.81999969482422,42.52000045776367,41.81999969482422,42.310001373291016,29100,0.0,0.0
2024-02-27 00:00:00-05:00,42.38999938964844,42.47999954223633,42.099998474121094,42.220001220703125,17500,0.0,0.0
2024-02-28 00:00:00-05:00,41.95000076293945,42.75,41.54999923706055,41.54999923706055,18400,0.0,0.0
2024-02-29 00:00:00-05:00,42.040000915527344,42.279998779296875,41.79999923706055,41.95000076293945,27400,0.0,0.0
2024-03-01 00:00:00-05:00,41.93000030517578,41.970001220703125,41.6150016784668,41.810001373291016,18900,0.0,0.0
2024-03-04 00:00:00-05:00,41.95000076293945,42.16999816894531,41.400001525878906,41.65999984741211,22700,0.0,0.0
2024-03-05 00:00:00-05:00,41.47999954223633,41.757999420166016,41.349998474121094,41.349998474121094,23800,0.0,0.0
2024-03-06 00:00:00-05:00,41.7599983215332,41.7599983215332,40.439998626708984,41.02000045776367,43200,0.0,0.0
2024-03-07 00:00:00-05:00,41.34000015258789,41.83300018310547,41.202999114990234,41.709999084472656,19000,0.0,0.0
2024-03-08 00:00:00-05:00,41.88999938964844,42.19499969482422,41.16999816894531,41.279998779296875,25300,0.0,0.0
2024-03-11 00:00:00-04:00,41.040000915527344,41.630001068115234,41.0,41.38999938964844,21000,0.0,0.0
2024-03-12 00:00:00-04:00,41.25,41.630001068115234,41.0099983215332,41.27000045776367,26800,0.0,0.0
2024-03-13 00:00:00-04:00,41.18000030517578,41.3650016784668,40.779998779296875,41.08000183105469,26900,0.0,0.0
2024-03-14 00:00:00-04:00,41.099998474121094,41.099998474121094,40.310001373291016,40.77000045776367,37800,0.0,0.0
2024-03-15 00:00:00-04:00,40.560001373291016,41.130001068115234,40.560001373291016,40.959999084472656,64300,0.0,0.0
2024-03-18 00:00:00-04:00,41.130001068115234,41.290000915527344,40.56999969482422,40.619998931884766,18400,0.0,0.0
2024-03-19 00:00:00-04:00,40.61000061035156,41.06999969482422,40.46500015258789,40.83000183105469,22000,0.0,0.0
2024-03-20 00:00:00-04:00,40.68000030517578,41.119998931884766,40.2599983215332,40.779998779296875,23300,0.0,0.0
2024-03-21 00:00:00-04:00,40.75,41.32500076293945,40.7400016784668,41.119998931884766,31100,0.0,0.0
2024-03-22 00:00:00-04:00,41.11000061035156,41.11000061035156,40.38999938964844,40.689998626708984,36900,0.0,0.0
2024-03-25 00:00:00-04:00,40.650001525878906,41.0,40.470001220703125,40.470001220703125,35200,0.0,0.0
2024-03-26 00:00:00-04:00,40.630001068115234,40.88999938964844,40.47999954223633,40.650001525878906,31100,0.0,0.0
2024-03-27 00:00:00-04:00,40.810001373291016,41.400001525878906,40.810001373291016,41.400001525878906,22800,0.0,0.0
2024-03-28 00:00:00-04:00,41.400001525878906,42.025001525878906,41.400001525878906,41.900001525878906,27000,0.0,0.0
2024-04-01 00:00:00-04:00,42.099998474121094,42.119998931884766,41.650001525878906,41.71500015258789,24100,0.0,0.0
2024-04-02 00:00:00-04:00,41.90999984741211,42.13999938964844,41.25,42.13999938964844,39900,0.0,0.0
2024-04-03 00:00:00-04:00,42.189998626708984,42.72999954223633,42.189998626708984,42.439998626708984,31200,0.0,0.0
2024-04-04 00:00:00-04:00,42.79999923706055,43.31999969482422,42.459999084472656,42.4900016784668,41500,0.0,0.0
2024-04-05 00:00:00-04:00,42.599998474121094,42.68000030517578,42.165000915527344,42.619998931884766,15300,0.0,0.0
2024-04-08 00:00:00-04:00,42.79999923706055,42.79999923706055,41.709999084472656,41.709999084472656,16200,0.0,0.0
2024-04-09 00:00:00-04:00,41.95000076293945,42.61000061035156,41.65999984741211,42.560001373291016,18500,0.0,0.0
2024-04-10 00:00:00-04:00,41.790000915527344,42.13999938964844,41.630001068115234,42.0099983215332,23500,0.0,0.0
2024-04-11 00:00:00-04:00,42.5099983215332,42.5099983215332,41.95500183105469,42.2400016784668,18300,0.0,0.0
2024-04-12 00:00:00-04:00,41.779998779296875,42.029998779296875,41.20199966430664,41.369998931884766,14000,0.0,0.0
2024-04-15 00:00:00-04:00,41.310001373291016,41.7859992980957,40.54999923706055,40.81999969482422,23700,0.0,0.0
2024-04-16 00:00:00-04:00,40.779998779296875,40.95000076293945,40.400001525878906,40.540000915527344,13800,0.0,0.0
2024-04-17 00:00:00-04:00,40.959999084472656,40.959999084472656,40.18000030517578,40.459999084472656,17800,0.0,0.0
2024-04-18 00:00:00-04:00,40.7599983215332,40.939998626708984,40.11000061035156,40.130001068115234,26800,0.0,0.0
2024-04-19 00:00:00-04:00,40.02000045776367,40.349998474121094,39.66999816894531,40.290000915527344,48000,0.0,0.0
2024-04-22 00:00:00-04:00,40.310001373291016,40.7599983215332,40.13999938964844,40.529998779296875,18800,0.0,0.0
2024-04-23 00:00:00-04:00,41.09000015258789,41.32500076293945,40.95000076293945,41.189998626708984,15000,0.0,0.0
2024-04-24 00:00:00-04:00,41.040000915527344,41.21500015258789,40.720001220703125,40.9900016784668,17400,0.0,0.0
2024-04-25 00:00:00-04:00,40.91999816894531,41.255001068115234,40.70000076293945,41.25,19600,0.0,0.0
2024-04-26 00:00:00-04:00,41.25,41.404998779296875,41.0099983215332,41.15999984741211,15600,0.0,0.0
2024-04-29 00:00:00-04:00,41.40999984741211,41.41699981689453,41.0,41.130001068115234,13700,0.0,0.0
2024-04-30 00:00:00-04:00,41.130001068115234,41.130001068115234,40.34000015258789,40.34000015258789,22600,0.0,0.0
2024-05-01 00:00:00-04:00,40.4900016784668,41.38999938964844,40.4900016784668,40.90999984741211,20700,0.0,0.0
2024-05-02 00:00:00-04:00,41.13999938964844,41.597999572753906,40.77399826049805,41.34000015258789,15600,0.0,0.0
2024-05-03 00:00:00-04:00,41.939998626708984,42.0,41.25,41.77000045776367,35800,0.0,0.0
2024-05-06 00:00:00-04:00,41.77000045776367,41.880001068115234,41.43000030517578,41.459999084472656,16700,0.0,0.0
2024-05-07 00:00:00-04:00,41.31999969482422,41.86000061035156,41.31999969482422,41.75,36300,0.0,0.0
2024-05-08 00:00:00-04:00,41.58000183105469,42.84000015258789,41.58000183105469,42.290000915527344,31000,0.0,0.0
2024-05-09 00:00:00-04:00,42.400001525878906,42.459999084472656,42.0,42.459999084472656,28300,0.0,0.0
2024-05-10 00:00:00-04:00,42.2599983215332,42.31999969482422,41.435001373291016,41.619998931884766,39300,0.0,0.0
2024-05-13 00:00:00-04:00,41.720001220703125,42.0,40.790000915527344,40.81999969482422,16700,0.0,0.0
2024-05-14 00:00:00-04:00,40.900001525878906,41.36000061035156,40.43000030517578,40.68000030517578,27000,0.0,0.0
2024-05-15 00:00:00-04:00,41.08000183105469,41.5,40.77000045776367,41.4900016784668,27500,0.0,0.0
2024-05-16 00:00:00-04:00,41.45000076293945,41.88999938964844,41.369998931884766,41.7400016784668,16600,0.0,0.0
2024-05-17 00:00:00-04:00,41.63999938964844,42.119998931884766,41.47999954223633,42.02000045776367,22000,0.0,0.0
2024-05-20 00:00:00-04:00,42.0,42.349998474121094,41.529998779296875,41.529998779296875,46700,0.0,0.0
2024-05-21 00:00:00-04:00,41.34000015258789,42.209999084472656,41.31999969482422,42.0099983215332,28000,0.0,0.0
2024-05-22 00:00:00-04:00,42.060001373291016,42.20000076293945,41.25,41.36000061035156,36200,0.0,0.0
2024-05-23 00:00:00-04:00,41.29999923706055,41.40999984741211,40.22999954223633,40.22999954223633,46800,0.0,0.0
2024-05-24 00:00:00-04:00,40.459999084472656,41.20000076293945,40.29999923706055,41.20000076293945,29000,0.0,0.0
2024-05-28 00:00:00-04:00,41.13999938964844,41.65999984741211,41.13999938964844,41.45000076293945,33100,0.0,0.0
2024-05-29 00:00:00-04:00,40.9900016784668,41.54999923706055,40.880001068115234,40.880001068115234,26900,0.0,0.0
2024-05-30 00:00:00-04:00,40.880001068115234,41.41999816894531,40.79999923706055,41.130001068115234,47300,0.0,0.0
2024-05-31 00:00:00-04:00,41.400001525878906,42.029998779296875,41.119998931884766,42.029998779296875,51900,0.0,0.0
2024-06-03 00:00:00-04:00,42.02000045776367,42.43000030517578,41.810001373291016,42.27000045776367,26200,0.0,0.0
2024-06-04 00:00:00-04:00,41.95000076293945,42.41999816894531,41.880001068115234,42.29999923706055,20400,0.0,0.0
2024-06-05 00:00:00-04:00,42.47999954223633,42.560001373291016,42.06999969482422,42.52000045776367,19100,0.0,0.0
2024-06-06 00:00:00-04:00,42.29999923706055,42.59000015258789,42.13999938964844,42.34000015258789,19500,0.0,0.0
2024-06-07 00:00:00-04:00,41.970001220703125,42.119998931884766,41.4900016784668,41.81999969482422,37600,0.0,0.0
2024-06-10 00:00:00-04:00,41.619998931884766,42.34000015258789,41.619998931884766,42.20000076293945,33600,0.0,0.0
2024-06-11 00:00:00-04:00,42.0,42.43000030517578,41.97800064086914,42.06999969482422,28800,0.0,0.0
2024-06-12 00:00:00-04:00,42.470001220703125,42.650001525878906,42.11000061035156,42.16999816894531,22200,0.0,0.0
2024-06-13 00:00:00-04:00,42.04999923706055,42.05500030517578,41.21500015258789,41.7400016784668,18500,0.0,0.0
2024-06-14 00:00:00-04:00,41.349998474121094,41.75,41.349998474121094,41.5099983215332,23800,0.0,0.0
2024-06-17 00:00:00-04:00,41.45000076293945,41.54999923706055,41.15999984741211,41.15999984741211,20100,0.0,0.0
2024-06-18 00:00:00-04:00,41.099998474121094,41.220001220703125,40.68000030517578,40.689998626708984,23900,0.0,0.0
2024-06-20 00:00:00-04:00,40.630001068115234,40.880001068115234,40.209999084472656,40.279998779296875,28400,0.0,0.0
2024-06-21 00:00:00-04:00,40.45000076293945,40.81999969482422,40.15999984741211,40.18000030517578,98000,0.0,0.0
2024-06-24 00:00:00-04:00,40.40999984741211,41.040000915527344,39.880001068115234,39.97999954223633,43300,0.0,0.0
2024-06-25 00:00:00-04:00,39.88999938964844,40.61000061035156,39.880001068115234,40.599998474121094,29000,0.0,0.0
2024-06-26 00:00:00-04:00,40.650001525878906,40.72999954223633,40.35499954223633,40.54999923706055,26400,0.0,0.0
2024-06-27 00:00:00-04:00,40.63999938964844,41.20000076293945,40.63999938964844,40.90999984741211,35400,0.0,0.0
2024-06-28 00:00:00-04:00,41.2400016784668,41.709999084472656,40.630001068115234,41.33000183105469,120700,0.0,0.0
2024-07-01 00:00:00-04:00,41.47999954223633,41.47999954223633,40.810001373291016,41.0099983215332,26700,0.0,0.0
2024-07-02 00:00:00-04:00,41.04999923706055,42.15999984741211,41.04999923706055,42.13999938964844,17600,0.0,0.0
2024-07-03 00:00:00-04:00,42.150001525878906,42.59000015258789,41.79499816894531,41.83000183105469,10900,0.0,0.0
2024-07-05 00:00:00-04:00,41.599998474121094,41.9900016784668,41.47999954223633,41.84000015258789,20500,0.0,0.0
2024-07-08 00:00:00-04:00,42.130001068115234,42.79999923706055,41.685001373291016,42.599998474121094,39200,0.0,0.0
2024-07-09 00:00:00-04:00,42.5099983215332,43.099998474121094,42.5,42.54999923706055,24400,0.0,0.0
2024-07-10 00:00:00-04:00,42.7400016784668,42.91600036621094,42.349998474121094,42.68000030517578,38700,0.0,0.0
2024-07-11 00:00:00-04:00,43.279998779296875,44.02000045776367,43.22999954223633,43.880001068115234,45200,0.0,0.0
2024-07-12 00:00:00-04:00,44.099998474121094,44.4900016784668,43.939998626708984,43.939998626708984,38900,0.0,0.0
2024-07-15 00:00:00-04:00,44.130001068115234,45.11000061035156,44.0,44.88999938964844,47400,0.0,0.0
2024-07-16 00:00:00-04:00,45.29999923706055,46.220001220703125,45.119998931884766,46.15999984741211,37200,0.0,0.0
2024-07-17 00:00:00-04:00,45.869998931884766,46.5,45.400001525878906,46.0099983215332,51900,0.0,0.0
2024-07-18 00:00:00-04:00,45.84000015258789,46.4900016784668,45.28499984741211,45.5,29700,0.0,0.0
2024-07-19 00:00:00-04:00,45.61000061035156,45.67499923706055,44.79999923706055,44.81999969482422,25300,0.0,0.0
2024-07-22 00:00:00-04:00,44.84000015258789,45.3849983215332,44.220001220703125,45.150001525878906,31600,0.0,0.0
2024-07-23 00:00:00-04:00,44.90999984741211,45.900001525878906,44.90999984741211,45.70000076293945,24700,0.0,0.0
2024-07-24 00:00:00-04:00,45.439998626708984,45.939998626708984,45.04999923706055,45.04999923706055,14900,0.0,0.0
2024-07-25 00:00:00-04:00,45.0,46.20000076293945,45.0,45.20000076293945,26200,0.0,0.0
2024-07-26 00:00:00-04:00,45.720001220703125,46.0,45.20000076293945,45.43000030517578,19800,0.0,0.0
2024-07-29 00:00:00-04:00,45.290000915527344,45.959999084472656,44.97999954223633,45.630001068115234,25000,0.0,0.0
2024-07-30 00:00:00-04:00,45.58000183105469,46.15999984741211,45.58000183105469,46.02000045776367,24600,0.0,0.0
2024-07-31 00:00:00-04:00,45.9900016784668,46.400001525878906,45.4900016784668,45.91999816894531,41800,0.0,0.0
2024-08-01 00:00:00-04:00,45.77000045776367,46.321998596191406,44.36000061035156,44.720001220703125,32200,0.0,0.0
2024-08-02 00:00:00-04:00,43.70000076293945,44.599998474121094,43.70000076293945,44.27000045776367,25000,0.0,0.0
2024-08-05 00:00:00-04:00,42.959999084472656,43.029998779296875,42.369998931884766,42.95000076293945,45300,0.0,0.0
2024-08-06 00:00:00-04:00,42.93000030517578,43.88999938964844,42.737998962402344,43.5,22700,0.0,0.0
2024-08-07 00:00:00-04:00,43.810001373291016,44.40999984741211,43.58000183105469,43.91999816894531,31800,0.0,0.0
2024-08-08 00:00:00-04:00,44.66999816894531,45.06999969482422,43.525001525878906,45.06999969482422,61900,0.0,0.0
2024-08-09 00:00:00-04:00,45.02000045776367,45.02000045776367,44.11800003051758,44.529998779296875,20500,0.0,0.0
2024-08-12 00:00:00-04:00,44.45000076293945,44.525001525878906,43.95000076293945,44.349998474121094,23400,0.0,0.0
2024-08-13 00:00:00-04:00,44.68000030517578,44.83000183105469,44.029998779296875,44.22999954223633,23500,0.0,0.0
2024-08-14 00:00:00-04:00,44.16999816894531,44.5,43.959999084472656,44.439998626708984,17900,0.0,0.0
2024-08-15 00:00:00-04:00,44.54999923706055,45.15999984741211,44.54999923706055,45.029998779296875,19300,0.0,0.0
2024-08-16 00:00:00-04:00,44.970001220703125,45.369998931884766,44.8120002746582,44.81999969482422,13700,0.0,0.0
2024-08-19 00:00:00-04:00,45.0,45.880001068115234,44.91999816894531,45.86000061035156,15700,0.0,0.0
2024-08-20 00:00:00-04:00,45.65999984741211,45.83000183105469,45.36000061035156,45.7599983215332,19600,0.0,0.0
2024-08-21 00:00:00-04:00,45.9900016784668,46.29999923706055,45.814998626708984,46.11000061035156,21200,0.0,0.0
2024-08-22 00:00:00-04:00,46.04999923706055,46.369998931884766,45.939998626708984,45.939998626708984,26700,0.0,0.0
2024-08-23 00:00:00-04:00,46.029998779296875,46.650001525878906,46.029998779296875,46.2400016784668,60200,0.0,0.0
2024-08-26 00:00:00-04:00,46.22999954223633,46.5,45.5,45.52000045776367,21400,0.0,0.0
2024-08-27 00:00:00-04:00,45.5,45.91999816894531,45.349998474121094,45.689998626708984,17600,0.0,0.0
2024-08-28 00:00:00-04:00,46.0,46.54999923706055,46.0,46.189998626708984,28800,0.0,0.0
2024-08-29 00:00:00-04:00,46.5,46.619998931884766,45.880001068115234,45.91999816894531,22900,0.0,0.0
2024-08-30 00:00:00-04:00,45.720001220703125,45.970001220703125,45.25,45.599998474121094,53100,0.0,0.0
2024-09-03 00:00:00-04:00,45.20000076293945,45.50899887084961,44.915000915527344,45.11000061035156,41100,0.0,0.0
2024-09-04 00:00:00-04:00,44.97999954223633,45.099998474121094,44.755001068115234,44.81999969482422,13400,0.0,0.0
2024-09-05 00:00:00-04:00,44.84000015258789,44.84000015258789,44.099998474121094,44.25,16500,0.0,0.0
2024-09-06 00:00:00-04:00,44.31999969482422,44.400001525878906,43.52000045776367,43.68000030517578,12600,0.0,0.0
2024-09-09 00:00:00-04:00,43.61000061035156,44.05500030517578,43.61000061035156,43.650001525878906,17700,0.0,0.0
2024-09-10 00:00:00-04:00,43.5,43.900001525878906,43.439998626708984,43.83000183105469,21400,0.0,0.0
2024-09-11 00:00:00-04:00,43.619998931884766,43.650001525878906,43.185001373291016,43.279998779296875,14700,0.0,0.0
2024-09-12 00:00:00-04:00,43.52000045776367,43.52000045776367,42.88999938964844,43.04999923706055,18000,0.0,0.0
2024-09-13 00:00:00-04:00,43.15999984741211,43.720001220703125,42.70000076293945,43.63999938964844,17900,0.0,0.0
2024-09-16 00:00:00-04:00,43.88999938964844,43.88999938964844,43.54999923706055,43.599998474121094,33700,0.0,0.0
2024-09-17 00:00:00-04:00,43.880001068115234,44.13999938964844,43.56999969482422,43.7400016784668,29800,0.0,0.0
2024-09-18 00:00:00-04:00,43.374000549316406,44.599998474121094,43.374000549316406,43.939998626708984,45400,0.0,0.0
2024-09-19 00:00:00-04:00,44.34000015258789,44.77000045776367,44.130001068115234,44.20000076293945,56400,0.0,0.0
2024-09-20 00:00:00-04:00,44.0,44.150001525878906,43.290000915527344,43.52000045776367,122300,0.0,0.0
2024-09-23 00:00:00-04:00,43.79999923706055,43.86000061035156,43.130001068115234,43.20000076293945,30200,0.0,0.0
2024-09-24 00:00:00-04:00,43.29999923706055,43.29999923706055,42.590999603271484,42.709999084472656,25200,0.0,0.0
2024-09-25 00:00:00-04:00,42.540000915527344,42.63999938964844,42.2400016784668,42.459999084472656,128200,0.0,0.0
2024-09-26 00:00:00-04:00,42.77000045776367,42.79999923706055,42.310001373291016,42.5,51100,0.0,0.0
2024-09-27 00:00:00-04:00,42.52000045776367,43.20000076293945,42.47999954223633,42.650001525878906,71800,0.0,0.0
2024-09-30 00:00:00-04:00,42.599998474121094,42.68000030517578,41.90999984741211,42.150001525878906,65800,0.0,0.0
2024-10-01 00:00:00-04:00,41.95000076293945,41.95000076293945,41.400001525878906,41.779998779296875,37300,0.0,0.0
2024-10-02 00:00:00-04:00,41.810001373291016,42.220001220703125,41.6349983215332,42.189998626708984,40100,0.0,0.0
2024-10-03 00:00:00-04:00,42.0,42.52000045776367,41.86000061035156,42.16999816894531,36200,0.0,0.0
2024-10-04 00:00:00-04:00,42.59000015258789,42.59000015258789,42.040000915527344,42.040000915527344,28300,0.0,0.0
2024-10-07 00:00:00-04:00,41.79999923706055,41.79999923706055,41.439998626708984,41.63999938964844,39700,0.0,0.0
2024-10-08 00:00:00-04:00,41.75,42.08000183105469,41.65999984741211,41.959999084472656,35400,0.0,0.0
2024-10-09 00:00:00-04:00,41.88999938964844,42.279998779296875,41.88999938964844,41.93000030517578,22300,0.0,0.0
2024-10-10 00:00:00-04:00,41.66999816894531,42.31999969482422,41.529998779296875,41.56999969482422,78200,0.0,0.0
2024-10-11 00:00:00-04:00,41.5,42.04899978637695,41.5,41.689998626708984,50000,0.0,0.0
2024-10-14 00:00:00-04:00,41.75,42.21500015258789,41.650001525878906,42.15999984741211,36700,0.0,0.0
2024-10-15 00:00:00-04:00,42.33000183105469,43.13999938964844,42.224998474121094,43.13999938964844,67200,0.0,0.0
2024-10-16 00:00:00-04:00,43.29999923706055,43.41999816894531,42.97999954223633,43.380001068115234,49700,0.0,0.0
2024-10-17 00:00:00-04:00,43.439998626708984,43.970001220703125,43.388999938964844,43.970001220703125,38200,0.0,0.0
2024-10-18 00:00:00-04:00,43.970001220703125,43.970001220703125,42.540000915527344,42.88999938964844,57600,0.0,0.0
2024-10-21 00:00:00-04:00,42.779998779296875,43.310001373291016,42.66999816894531,42.849998474121094,29200,0.0,0.0
2024-10-22 00:00:00-04:00,42.709999084472656,43.119998931884766,42.30400085449219,43.11000061035156,22900,0.0,0.0
2024-10-23 00:00:00-04:00,43.09000015258789,43.849998474121094,42.849998474121094,43.560001373291016,49500,0.0,0.0
2024-10-24 00:00:00-04:00,43.5099983215332,43.52000045776367,42.92499923706055,43.029998779296875,16200,0.0,0.0
2024-10-25 00:00:00-04:00,43.040000915527344,43.21500015258789,42.619998931884766,42.66999816894531,20100,0.0,0.0
2024-10-28 00:00:00-04:00,43.060001373291016,43.209999084472656,42.72999954223633,42.77000045776367,26400,0.0,0.0
2024-10-29 00:00:00-04:00,42.529998779296875,42.720001220703125,42.150001525878906,42.36000061035156,27600,0.0,0.0
2024-10-30 00:00:00-04:00,42.220001220703125,42.900001525878906,42.220001220703125,42.72999954223633,21000,0.0,0.0
2024-10-31 00:00:00-04:00,42.58000183105469,42.68000030517578,42.060001373291016,42.060001373291016,28900,0.0,0.0
2024-11-01 00:00:00-04:00,42.15999984741211,42.8650016784668,42.15999984741211,42.66999816894531,31400,0.0,0.0
2024-11-04 00:00:00-05:00,42.529998779296875,43.11000061035156,42.516998291015625,42.959999084472656,23900,0.0,0.0
2024-11-05 00:00:00-05:00,42.90999984741211,43.43000030517578,42.900001525878906,43.150001525878906,26900,0.0,0.0
2024-11-06 00:00:00-05:00,44.22999954223633,46.040000915527344,42.44599914550781,44.209999084472656,82900,0.0,0.0
2024-11-07 00:00:00-05:00,43.939998626708984,44.04999923706055,43.02000045776367,43.02000045776367,37800,0.0,0.0
2024-11-08 00:00:00-05:00,43.06999969482422,43.40999984741211,42.810001373291016,42.88999938964844,45900,0.0,0.0
2024-11-11 00:00:00-05:00,42.97999954223633,44.560001373291016,42.97999954223633,43.279998779296875,54300,0.0,0.0
2024-11-12 00:00:00-05:00,43.099998474121094,43.2599983215332,42.4900016784668,42.66999816894531,52300,0.0,0.0
2024-11-13 00:00:00-05:00,42.93000030517578,42.93000030517578,42.22999954223633,42.290000915527344,36800,0.0,0.0
2024-11-14 00:00:00-05:00,42.31999969482422,42.97999954223633,42.314998626708984,42.97999954223633,35900,0.0,0.0
2024-11-15 00:00:00-05:00,43.099998474121094,43.099998474121094,41.939998626708984,42.130001068115234,40500,0.0,0.0
2024-11-18 00:00:00-05:00,42.130001068115234,42.29100036621094,41.69499969482422,41.970001220703125,43200,0.0,0.0
2024-11-19 00:00:00-05:00,41.689998626708984,42.279998779296875,41.689998626708984,42.22999954223633,35100,0.0,0.0
2024-11-20 00:00:00-05:00,42.0099983215332,42.189998626708984,41.13999938964844,41.2400016784668,64800,0.0,0.0
2024-11-21 00:00:00-05:00,41.47999954223633,41.86000061035156,41.209999084472656,41.369998931884766,65600,0.0,0.0
2024-11-22 00:00:00-05:00,41.5,42.220001220703125,41.5,41.970001220703125,34300,0.0,0.0
2024-11-25 00:00:00-05:00,42.189998626708984,42.51499938964844,41.939998626708984,42.06999969482422,53100,0.0,0.0
2024-11-26 00:00:00-05:00,42.029998779296875,42.40999984741211,41.69499969482422,41.790000915527344,29000,0.0,0.0
2024-11-27 00:00:00-05:00,41.810001373291016,42.150001525878906,41.76499938964844,41.95000076293945,18700,0.0,0.0
2024-11-29 00:00:00-05:00,42.209999084472656,42.209999084472656,42.0,42.09000015258789,12900,0.0,0.0
2024-12-02 00:00:00-05:00,42.04999923706055,42.540000915527344,41.81999969482422,42.345001220703125,27600,0.0,0.0
2024-12-03 00:00:00-05:00,42.310001373291016,42.310001373291016,41.619998931884766,42.1150016784668,21100,0.0,0.0
2024-12-04 00:00:00-05:00,42.02000045776367,42.22999954223633,41.5620002746582,41.59000015258789,55800,0.0,0.0
2024-12-05 00:00:00-05:00,41.529998779296875,42.400001525878906,41.33000183105469,42.20000076293945,66100,0.0,0.0
2024-12-06 00:00:00-05:00,42.18000030517578,42.7400016784668,42.18000030517578,42.45000076293945,27400,0.0,0.0
2024-12-09 00:00:00-05:00,42.47999954223633,42.529998779296875,41.439998626708984,41.779998779296875,43700,0.0,0.0
2024-12-10 00:00:00-05:00,41.720001220703125,42.029998779296875,41.400001525878906,41.41999816894531,24800,0.0,0.0
2024-12-11 00:00:00-05:00,41.720001220703125,42.13999938964844,41.189998626708984,41.869998931884766,36800,0.0,0.0
2024-12-12 00:00:00-05:00,41.790000915527344,41.959999084472656,41.41999816894531,41.95000076293945,33300,0.0,0.0
2024-12-13 00:00:00-05:00,41.79999923706055,41.810001373291016,40.95000076293945,41.119998931884766,40500,0.0,0.0
2024-12-16 00:00:00-05:00,41.02000045776367,41.834999084472656,40.915000915527344,41.52000045776367,38400,0.0,0.0
2024-12-17 00:00:00-05:00,41.369998931884766,41.59000015258789,41.2859992980957,41.41999816894531,29900,0.0,0.0
2024-12-18 00:00:00-05:00,41.41999816894531,41.6619987487793,40.0,40.27000045776367,74300,0.0,0.0
2024-12-19 00:00:00-05:00,40.86000061035156,40.86000061035156,39.97999954223633,40.06999969482422,49100,0.0,0.0
2024-12-20 00:00:00-05:00,39.58000183105469,41.47999954223633,39.58000183105469,40.52000045776367,200100,0.0,0.0
2024-12-23 00:00:00-05:00,40.91999816894531,40.91999816894531,40.11000061035156,40.470001220703125,43900,0.0,0.0
2024-12-24 00:00:00-05:00,40.77000045776367,40.77000045776367,40.415000915527344,40.61000061035156,17200,0.0,0.0
2024-12-26 00:00:00-05:00,40.619998931884766,40.709999084472656,40.400001525878906,40.56999969482422,21000,0.0,0.0
2024-12-27 00:00:00-05:00,40.630001068115234,40.75,39.91999816894531,40.27000045776367,41400,0.0,0.0
2024-12-30 00:00:00-05:00,40.290000915527344,40.43000030517578,39.959999084472656,40.29999923706055,49800,0.0,0.0
2024-12-31 00:00:00-05:00,40.54999923706055,41.060001373291016,40.5,40.79999923706055,23700,0.0,0.0
2025-01-02 00:00:00-05:00,41.09000015258789,41.369998931884766,40.22999954223633,40.40999984741211,33400,0.0,0.0
2025-01-03 00:00:00-05:00,40.369998931884766,40.78200149536133,40.11000061035156,40.400001525878906,26800,0.0,0.0
2025-01-06 00:00:00-05:00,40.400001525878906,40.54999923706055,40.029998779296875,40.11000061035156,28900,0.0,0.0
2025-01-07 00:00:00-05:00,40.0,40.22999954223633,39.689998626708984,39.91999816894531,54900,0.0,0.0
2025-01-08 00:00:00-05:00,39.900001525878906,39.9900016784668,39.58000183105469,39.7599983215332,45100,0.0,0.0
2025-01-10 00:00:00-05:00,39.5,39.560001373291016,38.900001525878906,39.16999816894531,83800,0.0,0.0
2025-01-13 00:00:00-05:00,38.959999084472656,39.63999938964844,38.900001525878906,39.5,48500,0.0,0.0
2025-01-14 00:00:00-05:00,39.720001220703125,39.89500045776367,39.349998474121094,39.36000061035156,37500,0.0,0.0
2025-01-15 00:00:00-05:00,39.91999816894531,40.0,39.31999969482422,39.849998474121094,30300,0.0,0.0
2025-01-16 00:00:00-05:00,39.95000076293945,40.689998626708984,39.91999816894531,39.95000076293945,34400,0.0,0.0
2025-01-17 00:00:00-05:00,40.20000076293945,40.380001068115234,39.90299987792969,40.279998779296875,22000,0.0,0.0
2025-01-21 00:00:00-05:00,40.45000076293945,40.869998931884766,40.45000076293945,40.619998931884766,32300,0.0,0.0
2025-01-22 00:00:00-05:00,40.540000915527344,40.83000183105469,40.310001373291016,40.70000076293945,49500,0.0,0.0
2025-01-23 00:00:00-05:00,40.52000045776367,41.5,40.459999084472656,41.209999084472656,65700,0.0,0.0
2025-01-24 00:00:00-05:00,41.36000061035156,41.5099983215332,41.08000183105469,41.15999984741211,89400,0.0,0.0
2025-01-27 00:00:00-05:00,41.439998626708984,42.20000076293945,41.349998474121094,41.939998626708984,96900,0.0,0.0
2025-01-28 00:00:00-05:00,41.849998474121094,42.308998107910156,41.72200012207031,42.04999923706055,74100,0.0,0.0
2025-01-29 00:00:00-05:00,41.790000915527344,42.15999984741211,41.43000030517578,41.790000915527344,97300,0.0,0.0
2025-01-30 00:00:00-05:00,42.290000915527344,43.29999923706055,42.150001525878906,42.93000030517578,179000,0.0,0.0
2025-01-31 00:00:00-05:00,42.88999938964844,43.21799850463867,42.380001068115234,42.689998626708984,85100,0.0,0.0
2025-02-03 00:00:00-05:00,42.33000183105469,43.93000030517578,41.689998626708984,43.90999984741211,77500,0.0,0.0
2025-02-04 00:00:00-05:00,43.79999923706055,44.54999923706055,43.79999923706055,44.529998779296875,60600,0.0,0.0
2025-02-05 00:00:00-05:00,44.650001525878906,44.66999816894531,43.599998474121094,44.13999938964844,44100,0.0,0.0
2025-02-06 00:00:00-05:00,44.09000015258789,44.220001220703125,43.58000183105469,43.810001373291016,45100,0.0,0.0
2025-02-07 00:00:00-05:00,43.619998931884766,43.68000030517578,43.08000183105469,43.59000015258789,46300,0.0,0.0
2025-02-10 00:00:00-05:00,43.83000183105469,44.41999816894531,43.529998779296875,43.81999969482422,48600,0.0,0.0
2025-02-11 00:00:00-05:00,43.81999969482422,43.84000015258789,43.54999923706055,43.560001373291016,31500,0.0,0.0
2025-02-12 00:00:00-05:00,43.20000076293945,43.66999816894531,43.150001525878906,43.34000015258789,25300,0.0,0.0
2025-02-13 00:00:00-05:00,43.61000061035156,44.025001525878906,43.349998474121094,43.90999984741211,25500,0.0,0.0
2025-02-14 00:00:00-05:00,43.97999954223633,44.112998962402344,43.47999954223633,43.810001373291016,34900,0.0,0.0
2025-02-18 00:00:00-05:00,43.720001220703125,43.959999084472656,43.459999084472656,43.93000030517578,20700,0.0,0.0
2025-02-19 00:00:00-05:00,43.65999984741211,44.2400016784668,43.29999923706055,44.119998931884766,75700,0.0,0.0
2025-02-20 00:00:00-05:00,44.150001525878906,44.439998626708984,44.064998626708984,44.11000061035156,52900,0.0,0.0
2025-02-21 00:00:00-05:00,44.459999084472656,44.459999084472656,43.369998931884766,43.380001068115234,33400,0.0,0.0
2025-02-24 00:00:00-05:00,43.560001373291016,43.72600173950195,43.11000061035156,43.380001068115234,35100,0.0,0.0
2025-02-25 00:00:00-05:00,43.56999969482422,43.56999969482422,42.790000915527344,42.81999969482422,41900,0.0,0.0
2025-02-26 00:00:00-05:00,43.0,44.119998931884766,42.89500045776367,43.150001525878906,37000,0.0,0.0
2025-02-27 00:00:00-05:00,42.91999816894531,43.42499923706055,42.44499969482422,43.22999954223633,31200,0.0,0.0
2025-02-28 00:00:00-05:00,43.34000015258789,44.22999954223633,43.138999938964844,44.130001068115234,45300,0.0,0.0
2025-03-03 00:00:00-05:00,44.540000915527344,45.0,43.65999984741211,43.90999984741211,44600,0.0,0.0
2025-03-04 00:00:00-05:00,43.77000045776367,43.96500015258789,43.43000030517578,43.52000045776367,47700,0.0,0.0
2025-03-05 00:00:00-05:00,43.40999984741211,43.97999954223633,43.35599899291992,43.880001068115234,40200,0.0,0.0
2025-03-06 00:00:00-05:00,43.560001373291016,43.85499954223633,43.25,43.650001525878906,23100,0.0,0.0
2025-03-07 00:00:00-05:00,43.09000015258789,44.0099983215332,43.09000015258789,43.56999969482422,29000,0.0,0.0
2025-03-10 00:00:00-04:00,43.380001068115234,43.689998626708984,42.525001525878906,42.869998931884766,37600,0.0,0.0
2025-03-11 00:00:00-04:00,42.869998931884766,42.9900016784668,42.349998474121094,42.5099983215332,41500,0.0,0.0
2025-03-12 00:00:00-04:00,42.720001220703125,42.720001220703125,41.790000915527344,42.130001068115234,42100,0.0,0.0
2025-03-13 00:00:00-04:00,41.994998931884766,42.540000915527344,41.67100143432617,42.06999969482422,32500,0.0,0.0
2025-03-14 00:00:00-04:00,42.119998931884766,42.31999969482422,41.79999923706055,42.04499816894531,23300,0.0,0.0
2025-03-17 00:00:00-04:00,42.099998474121094,42.59000015258789,42.040000915527344,42.40999984741211,24700,0.0,0.0
2025-03-18 00:00:00-04:00,42.43000030517578,42.97999954223633,42.24399948120117,42.849998474121094,27300,0.0,0.0
2025-03-19 00:00:00-04:00,42.70000076293945,43.48500061035156,42.70000076293945,43.45000076293945,21400,0.0,0.0
2025-03-20 00:00:00-04:00,43.400001525878906,43.54999923706055,43.095001220703125,43.2400016784668,22400,0.0,0.0
2025-03-21 00:00:00-04:00,43.130001068115234,43.59000015258789,42.560001373291016,42.709999084472656,145300,0.0,0.0
2025-03-24 00:00:00-04:00,42.81999969482422,43.45000076293945,42.75,43.349998474121094,37000,0.0,0.0
2025-03-25 00:00:00-04:00,43.900001525878906,43.9370002746582,42.81999969482422,43.310001373291016,26100,0.0,0.0
2025-03-26 00:00:00-04:00,43.20000076293945,44.95000076293945,43.20000076293945,44.09000015258789,187400,0.0,0.0
2025-03-27 00:00:00-04:00,44.56999969482422,45.13999938964844,44.400001525878906,44.95000076293945,139900,0.0,0.0
2025-03-28 00:00:00-04:00,45.08000183105469,45.08000183105469,43.75,44.060001373291016,59200,0.0,0.0
2025-03-31 00:00:00-04:00,43.83000183105469,44.25,43.66999816894531,43.869998931884766,60500,0.0,0.0
2025-04-01 00:00:00-04:00,43.810001373291016,44.005001068115234,43.30799865722656,43.689998626708984,41400,0.0,0.0
2025-04-02 00:00:00-04:00,43.40999984741211,44.5099983215332,43.40999984741211,44.40999984741211,44800,0.0,0.0
2025-04-03 00:00:00-04:00,43.54999923706055,43.900001525878906,42.89899826049805,43.31999969482422,45800,0.0,0.0
2025-04-04 00:00:00-04:00,42.72999954223633,42.72999954223633,40.0,41.279998779296875,105300,0.0,0.0
2025-04-07 00:00:00-04:00,40.11000061035156,41.83000183105469,38.66999816894531,40.119998931884766,89100,0.0,0.0
2025-04-08 00:00:00-04:00,41.130001068115234,41.939998626708984,39.630001068115234,39.849998474121094,106200,0.0,0.0
2025-04-09 00:00:00-04:00,39.5099983215332,42.61000061035156,39.5099983215332,42.5099983215332,141100,0.0,0.0
2025-04-10 00:00:00-04:00,41.849998474121094,42.5,41.20000076293945,42.27000045776367,119500,0.0,0.0
2025-04-11 00:00:00-04:00,42.880001068115234,43.11000061035156,41.93000030517578,42.130001068115234,137300,0.0,0.0
2025-04-14 00:00:00-04:00,42.16999816894531,42.68000030517578,41.8650016784668,42.06999969482422,58000,0.0,0.0
2025-04-15 00:00:00-04:00,42.0099983215332,42.72999954223633,42.0,42.099998474121094,57200,0.0,0.0
2025-04-16 00:00:00-04:00,41.97999954223633,42.25,41.64500045776367,41.959999084472656,84700,0.0,0.0
2025-04-17 00:00:00-04:00,42.0,42.7599983215332,41.900001525878906,42.560001373291016,57200,0.0,0.0
2025-04-21 00:00:00-04:00,42.529998779296875,42.880001068115234,41.77000045776367,42.560001373291016,60600,0.0,0.0
2025-04-22 00:00:00-04:00,43.099998474121094,43.369998931884766,42.4900016784668,42.779998779296875,40800,0.0,0.0
2025-04-23 00:00:00-04:00,43.4900016784668,43.56999969482422,42.540000915527344,42.880001068115234,34100,0.0,0.0
2025-04-24 00:00:00-04:00,43.279998779296875,43.689998626708984,42.7599983215332,43.29999923706055,50400,0.0,0.0
2025-04-25 00:00:00-04:00,43.31999969482422,43.5099983215332,42.849998474121094,43.290000915527344,28000,0.0,0.0
2025-04-28 00:00:00-04:00,43.279998779296875,43.625,43.0,43.5,26500,0.0,0.0
2025-04-29 00:00:00-04:00,43.279998779296875,44.130001068115234,43.279998779296875,44.029998779296875,39900,0.0,0.0
2025-04-30 00:00:00-04:00,43.869998931884766,43.869998931884766,43.16299819946289,43.45000076293945,34800,0.0,0.0
2025-05-01 00:00:00-04:00,43.61000061035156,43.61000061035156,43.0,43.29999923706055,37100,0.0,0.0
2025-05-02 00:00:00-04:00,43.38999938964844,43.869998931884766,43.38999938964844,43.61000061035156,33500,0.0,0.0
2025-05-05 00:00:00-04:00,43.470001220703125,43.709999084472656,42.880001068115234,43.43000030517578,33800,0.0,0.0
2025-05-06 00:00:00-04:00,43.18000030517578,43.790000915527344,43.18000030517578,43.7400016784668,23900,0.0,0.0
2025-05-07 00:00:00-04:00,43.77000045776367,44.02000045776367,43.38999938964844,43.7400016784668,54700,0.0,0.0
2025-05-08 00:00:00-04:00,43.720001220703125,44.09000015258789,43.209999084472656,43.810001373291016,34600,0.0,0.0
2025-05-09 00:00:00-04:00,43.77000045776367,43.9900016784668,43.2599983215332,43.4900016784668,47500,0.0,0.0
2025-05-12 00:00:00-04:00,44.84000015258789,44.84000015258789,43.400001525878906,44.150001525878906,63800,0.0,0.0
2025-05-13 00:00:00-04:00,44.689998626708984,44.75,43.970001220703125,44.33000183105469,47400,0.0,0.0
2025-05-14 00:00:00-04:00,44.15999984741211,44.68000030517578,43.99399948120117,44.31999969482422,54600,0.0,0.0
2025-05-15 00:00:00-04:00,44.09000015258789,44.900001525878906,44.09000015258789,44.83000183105469,41800,0.0,0.0
2025-05-16 00:00:00-04:00,44.65999984741211,45.459999084472656,44.244998931884766,44.65999984741211,88800,0.0,0.0
2025-05-19 00:00:00-04:00,44.279998779296875,44.560001373291016,44.09000015258789,44.560001373291016,41800,0.0,0.0
2025-05-20 00:00:00-04:00,44.31999969482422,44.619998931884766,44.150001525878906,44.540000915527344,37900,0.0,0.0
2025-05-21 00:00:00-04:00,44.18000030517578,44.459999084472656,43.7599983215332,43.79999923706055,45300,0.0,0.0
2025-05-22 00:00:00-04:00,43.630001068115234,44.09000015258789,43.400001525878906,43.88999938964844,57000,0.0,0.0
2025-05-23 00:00:00-04:00,43.45000076293945,43.869998931884766,43.45000076293945,43.5099983215332,48400,0.0,0.0
2025-05-27 00:00:00-04:00,43.869998931884766,44.06999969482422,43.577999114990234,43.970001220703125,51300,0.0,0.0
2025-05-28 00:00:00-04:00,43.810001373291016,43.810001373291016,43.20000076293945,43.36000061035156,78300,0.0,0.0
2025-05-29 00:00:00-04:00,43.36000061035156,43.650001525878906,43.209999084472656,43.540000915527344,40100,0.0,0.0
2025-05-30 00:00:00-04:00,43.31999969482422,43.65999984741211,42.5,43.45000076293945,60800,0.0,0.0
2025-06-02 00:00:00-04:00,43.22999954223633,43.75,43.02899932861328,43.68000030517578,47900,0.0,0.0
2025-06-03 00:00:00-04:00,43.4900016784668,43.619998931884766,43.13999938964844,43.5,32400,0.0,0.0
2025-06-04 00:00:00-04:00,43.43000030517578,43.654998779296875,43.20399856567383,43.27000045776367,32600,0.0,0.0
2025-06-05 00:00:00-04:00,43.16999816894531,43.66999816894531,42.810001373291016,43.189998626708984,67500,0.0,0.0
2025-06-06 00:00:00-04:00,43.349998474121094,43.70000076293945,43.27799987792969,43.70000076293945,38400,0.0,0.0
2025-06-09 00:00:00-04:00,43.79999923706055,44.18000030517578,43.290000915527344,44.130001068115234,38600,0.0,0.0
2025-06-10 00:00:00-04:00,44.27000045776367,45.26499938964844,44.27000045776367,45.18000030517578,59100,0.0,0.0
2025-06-11 00:00:00-04:00,45.25,45.994998931884766,44.939998626708984,45.935001373291016,71200,0.0,0.0
2025-06-12 00:00:00-04:00,45.79999923706055,45.79999923706055,45.31999969482422,45.470001220703125,36300,0.0,0.0
2025-06-13 00:00:00-04:00,45.09000015258789,45.38999938964844,44.70000076293945,45.2400016784668,51700,0.0,0.0
2025-06-16 00:00:00-04:00,45.63999938964844,45.81999969482422,45.1349983215332,45.560001373291016,45200,0.0,0.0
2025-06-17 00:00:00-04:00,45.25,45.724998474121094,45.060001373291016,45.4900016784668,50600,0.0,0.0
2025-06-18 00:00:00-04:00,45.279998779296875,46.935001373291016,45.279998779296875,46.31999969482422,81500,0.0,0.0
2025-06-20 00:00:00-04:00,47.029998779296875,49.470001220703125,46.5,49.06999969482422,207800,0.0,0.0
2025-06-23 00:00:00-04:00,49.0,49.380001068115234,48.099998474121094,49.22999954223633,146300,0.0,0.0
2025-06-24 00:00:00-04:00,49.13999938964844,49.53499984741211,48.599998474121094,49.41999816894531,57000,0.0,0.0
2025-06-25 00:00:00-04:00,49.4900016784668,49.4900016784668,48.44499969482422,48.66999816894531,36100,0.0,0.0
2025-06-26 00:00:00-04:00,48.529998779296875,49.3650016784668,48.529998779296875,49.36000061035156,37000,0.0,0.0
2025-06-27 00:00:00-04:00,49.38999938964844,49.939998626708984,49.2599983215332,49.810001373291016,464500,0.0,0.0
2025-06-30 00:00:00-04:00,49.900001525878906,50.0,48.939998626708984,49.209999084472656,67600,0.0,0.0
2025-07-01 00:00:00-04:00,48.91999816894531,49.255001068115234,48.10499954223633,48.81999969482422,55500,0.0,0.0
2025-07-02 00:00:00-04:00,48.439998626708984,49.20000076293945,48.439998626708984,49.040000915527344,46800,0.0,0.0
2025-07-03 00:00:00-04:00,49.02000045776367,49.70500183105469,48.74800109863281,49.54999923706055,19900,0.0,0.0
2025-07-07 00:00:00-04:00,49.650001525878906,49.650001525878906,48.744998931884766,49.02000045776367,29100,0.0,0.0
2025-07-08 00:00:00-04:00,49.209999084472656,49.209999084472656,48.349998474121094,48.5,37600,0.0,0.0
2025-07-09 00:00:00-04:00,48.369998931884766,48.68000030517578,48.03499984741211,48.47999954223633,27300,0.0,0.0
2025-07-10 00:00:00-04:00,48.16999816894531,49.029998779296875,48.16999816894531,48.869998931884766,35700,0.0,0.0
2025-07-11 00:00:00-04:00,48.900001525878906,49.60499954223633,48.0,49.310001373291016,39200,0.0,0.0
2025-07-14 00:00:00-04:00,49.060001373291016,50.349998474121094,48.959999084472656,50.040000915527344,71100,0.0,0.0
2025-07-15 00:00:00-04:00,50.5,50.5,48.93000030517578,48.9900016784668,81900,0.0,0.0
2025-07-16 00:00:00-04:00,49.2599983215332,49.77000045776367,48.79999923706055,49.400001525878906,35300,0.0,0.0
2025-07-17 00:00:00-04:00,49.54999923706055,49.972999572753906,49.44200134277344,49.720001220703125,37700,0.0,0.0
2025-07-18 00:00:00-04:00,50.04999923706055,50.189998626708984,49.56999969482422,49.720001220703125,41800,0.0,0.0
2025-07-21 00:00:00-04:00,49.7400016784668,50.040000915527344,49.25,49.63999938964844,37100,0.0,0.0
2025-07-22 00:00:00-04:00,49.650001525878906,50.44499969482422,49.63999938964844,49.959999084472656,41400,0.0,0.0
2025-07-23 00:00:00-04:00,50.0,50.3489990234375,49.4900016784668,50.279998779296875,29600,0.0,0.0
2025-07-24 00:00:00-04:00,50.16999816894531,50.26499938964844,49.7400016784668,49.810001373291016,21500,0.0,0.0
2025-07-25 00:00:00-04:00,49.68000030517578,49.68000030517578,49.029998779296875,49.33000183105469,50200,0.0,0.0
2025-07-28 00:00:00-04:00,49.279998779296875,49.279998779296875,48.5,48.68000030517578,31800,0.0,0.0
2025-07-29 00:00:00-04:00,48.97999954223633,49.09000015258789,47.83000183105469,47.83000183105469,35700,0.0,0.0
2025-07-30 00:00:00-04:00,48.09000015258789,48.54800033569336,47.88999938964844,47.939998626708984,36300,0.0,0.0
2025-07-31 00:00:00-04:00,47.560001373291016,48.0359992980957,47.099998474121094,47.099998474121094,26900,0.0,0.0
2025-08-01 00:00:00-04:00,46.959999084472656,46.9900016784668,46.22999954223633,46.650001525878906,41400,0.0,0.0
2025-08-04 00:00:00-04:00,46.790000915527344,47.6349983215332,46.790000915527344,47.220001220703125,30600,0.0,0.0
2025-08-05 00:00:00-04:00,47.13999938964844,47.540000915527344,46.970001220703125,47.349998474121094,34500,0.0,0.0
2025-08-06 00:00:00-04:00,47.400001525878906,47.5099983215332,46.97999954223633,47.349998474121094,28200,0.0,0.0
2025-08-07 00:00:00-04:00,47.900001525878906,47.900001525878906,46.5,47.34000015258789,23900,0.0,0.0
2025-08-08 00:00:00-04:00,47.290000915527344,47.849998474121094,46.66999816894531,46.709999084472656,24100,0.0,0.0
2025-08-11 00:00:00-04:00,46.70000076293945,47.94499969482422,46.70000076293945,47.060001373291016,34300,0.0,0.0
2025-08-12 00:00:00-04:00,47.029998779296875,47.55500030517578,47.0,47.02000045776367,43400,0.0,0.0
2025-08-13 00:00:00-04:00,47.380001068115234,47.63999938964844,46.91999816894531,47.310001373291016,62500,0.0,0.0
2025-08-14 00:00:00-04:00,47.060001373291016,47.79999923706055,46.369998931884766,46.380001068115234,42400,0.0,0.0
2025-08-15 00:00:00-04:00,46.47999954223633,46.630001068115234,46.20000076293945,46.47999954223633,43400,0.0,0.0
2025-08-18 00:00:00-04:00,46.54999923706055,46.7400016784668,46.150001525878906,46.279998779296875,26600,0.0,0.0
2025-08-19 00:00:00-04:00,46.52000045776367,46.709999084472656,46.137001037597656,46.54999923706055,25800,0.0,0.0
2025-08-20 00:00:00-04:00,46.720001220703125,47.0099983215332,45.90999984741211,46.09000015258789,34400,0.0,0.0
2025-08-21 00:00:00-04:00,46.0,46.64400100708008,46.0,46.564998626708984,26200,0.0,0.0
2025-08-22 00:00:00-04:00,46.68000030517578,47.775001525878906,46.68000030517578,47.630001068115234,39700,0.0,0.0
2025-08-25 00:00:00-04:00,47.70000076293945,48.150001525878906,47.220001220703125,47.29499816894531,32100,0.0,0.0
2025-08-26 00:00:00-04:00,47.459999084472656,47.540000915527344,47.220001220703125,47.31999969482422,20700,0.0,0.0
2025-08-27 00:00:00-04:00,47.06999969482422,47.78499984741211,47.040000915527344,47.290000915527344,16200,0.0,0.0
2025-08-28 00:00:00-04:00,47.540000915527344,47.72999954223633,46.86199951171875,47.43000030517578,19900,0.0,0.0
2025-08-29 00:00:00-04:00,47.630001068115234,48.04499816894531,47.16999816894531,47.505001068115234,23500,0.0,0.0
2025-09-02 00:00:00-04:00,47.2400016784668,47.24800109863281,46.41999816894531,46.529998779296875,34000,0.0,0.0
2025-09-03 00:00:00-04:00,46.310001373291016,46.5,45.98500061035156,46.099998474121094,71600,0.0,0.0
2025-09-04 00:00:00-04:00,46.20000076293945,46.474998474121094,45.849998474121094,46.290000915527344,50500,0.0,0.0
2025-09-05 00:00:00-04:00,46.459999084472656,46.6349983215332,45.36000061035156,45.58000183105469,19000,0.0,0.0
2025-09-08 00:00:00-04:00,45.68000030517578,46.65999984741211,45.0,46.54999923706055,47500,0.0,0.0
2025-09-09 00:00:00-04:00,46.470001220703125,46.5,45.40999984741211,45.560001373291016,36000,0.0,0.0
2025-09-10 00:00:00-04:00,45.54999923706055,45.630001068115234,45.0,45.33000183105469,22700,0.0,0.0
2025-09-11 00:00:00-04:00,45.66999816894531,46.220001220703125,45.09199905395508,46.119998931884766,56200,0.0,0.0
2025-09-12 00:00:00-04:00,46.18000030517578,46.20000076293945,45.5,45.619998931884766,34000,0.0,0.0
2025-09-15 00:00:00-04:00,45.65999984741211,46.14500045776367,45.06999969482422,45.2599983215332,24600,0.0,0.0
2025-09-16 00:00:00-04:00,45.16999816894531,45.3650016784668,44.97999954223633,45.25,30700,0.0,0.0
2025-09-17 00:00:00-04:00,45.099998474121094,45.709999084472656,45.099998474121094,45.34000015258789,24100,0.0,0.0
2025-09-18 00:00:00-04:00,45.59000015258789,45.93000030517578,45.189998626708984,45.439998626708984,29200,0.0,0.0
2025-09-19 00:00:00-04:00,45.29999923706055,45.900001525878906,45.099998474121094,45.61000061035156,323700,0.0,0.0
2025-09-22 00:00:00-04:00,45.75,45.939998626708984,45.20000076293945,45.790000915527344,66100,0.0,0.0
2025-09-23 00:00:00-04:00,45.790000915527344,46.02000045776367,45.33000183105469,45.650001525878906,66700,0.0,0.0
2025-09-24 00:00:00-04:00,45.47999954223633,45.880001068115234,45.2130012512207,45.40999984741211,76800,0.0,0.0
2025-09-25 00:00:00-04:00,45.40999984741211,45.779998779296875,45.16999816894531,45.5099983215332,72100,0.0,0.0
2025-09-26 00:00:00-04:00,45.47999954223633,45.599998474121094,45.15999984741211,45.29999923706055,48500,0.0,0.0
2025-09-29 00:00:00-04:00,45.349998474121094,45.7400016784668,44.97999954223633,45.65999984741211,60700,0.0,0.0
2025-09-30 00:00:00-04:00,45.38999938964844,46.029998779296875,45.356998443603516,45.470001220703125,30000,0.0,0.0
2025-10-01 00:00:00-04:00,45.2599983215332,45.516998291015625,44.7400016784668,45.13999938964844,62300,0.0,0.0
2025-10-02 00:00:00-04:00,45.0099983215332,45.220001220703125,44.54999923706055,45.20000076293945,46700,0.0,0.0
2025-10-03 00:00:00-04:00,45.20000076293945,45.43000030517578,44.790000915527344,44.86000061035156,36900,0.0,0.0
2025-10-06 00:00:00-04:00,44.779998779296875,44.84000015258789,44.2599983215332,44.459999084472656,40000,0.0,0.0
2025-10-07 00:00:00-04:00,44.59600067138672,44.59600067138672,43.869998931884766,43.900001525878906,42000,0.0,0.0
2025-10-08 00:00:00-04:00,44.15999984741211,44.15999984741211,43.43000030517578,43.529998779296875,45700,0.0,0.0
2025-10-09 00:00:00-04:00,43.5099983215332,43.79999923706055,43.20000076293945,43.470001220703125,60000,0.0,0.0
2025-10-10 00:00:00-04:00,43.40999984741211,43.810001373291016,42.959999084472656,43.09000015258789,73700,0.0,0.0
2025-10-13 00:00:00-04:00,43.470001220703125,43.5,42.79999923706055,43.369998931884766,36100,0.0,0.0
2025-10-14 00:00:00-04:00,42.9900016784668,43.77799987792969,42.959999084472656,43.43000030517578,46800,0.0,0.0
2025-10-15 00:00:00-04:00,43.75,44.11000061035156,43.38999938964844,43.5099983215332,39300,0.0,0.0
2025-10-16 00:00:00-04:00,43.5,43.599998474121094,42.87799835205078,43.0,57700,0.0,0.0
2025-10-17 00:00:00-04:00,42.9900016784668,43.3650016784668,42.84000015258789,42.900001525878906,56000,0.0,0.0
2025-10-20 00:00:00-04:00,42.97999954223633,43.2400016784668,42.65999984741211,42.720001220703125,52800,0.0,0.0
2025-10-21 00:00:00-04:00,42.810001373291016,43.474998474121094,42.68000030517578,43.20000076293945,62400,0.0,0.0
2025-10-22 00:00:00-04:00,43.220001220703125,43.48500061035156,43.0099983215332,43.130001068115234,39200,0.0,0.0
2025-10-23 00:00:00-04:00,43.060001373291016,43.400001525878906,42.900001525878906,42.91999816894531,30100,0.0,0.0
2025-10-24 00:00:00-04:00,43.02000045776367,43.215999603271484,42.540000915527344,42.63999938964844,37900,0.0,0.0
2025-10-27 00:00:00-04:00,42.65999984741211,42.900001525878906,41.96500015258789,42.65999984741211,65800,0.0,0.0
2025-10-28 00:00:00-04:00,42.540000915527344,42.900001525878906,42.029998779296875,42.439998626708984,78400,0.0,0.0
2025-10-29 00:00:00-04:00,42.34000015258789,43.349998474121094,42.0,42.71500015258789,73200,0.0,0.0
2025-10-30 00:00:00-04:00,42.689998626708984,43.1150016784668,42.430999755859375,42.650001525878906,30100,0.0,0.0
2025-10-31 00:00:00-04:00,42.45000076293945,43.244998931884766,42.2400016784668,43.13999938964844,64300,0.0,0.0
2025-11-03 00:00:00-05:00,42.869998931884766,44.0,42.65999984741211,43.29999923706055,93400,0.0,0.0
2025-11-04 00:00:00-05:00,43.20000076293945,43.5,42.68000030517578,42.93000030517578,115200,0.0,0.0
2025-11-05 00:00:00-05:00,45.119998931884766,45.119998931884766,42.31999969482422,42.7400016784668,63000,0.0,0.0
2025-11-06 00:00:00-05:00,42.7400016784668,43.060001373291016,41.744998931884766,41.91999816894531,118400,0.0,0.0
2025-11-07 00:00:00-05:00,41.849998474121094,42.45000076293945,41.75,42.130001068115234,82000,0.0,0.0
2025-11-10 00:00:00-05:00,42.20000076293945,42.61600112915039,41.869998931884766,42.56999969482422,38100,0.0,0.0
2025-11-11 00:00:00-05:00,42.75,43.1150016784668,42.70000076293945,42.810001373291016,35300,0.0,0.0
2025-11-12 00:00:00-05:00,42.625,42.75,42.20000076293945,42.36000061035156,50800,0.0,0.0
2025-11-13 00:00:00-05:00,42.20000076293945,42.529998779296875,41.95000076293945,42.279998779296875,46800,0.0,0.0
2025-11-14 00:00:00-05:00,42.040000915527344,42.58000183105469,41.880001068115234,42.58000183105469,77300,0.0,0.0
2025-11-17 00:00:00-05:00,42.36000061035156,42.53499984741211,41.90999984741211,42.029998779296875,112500,0.0,0.0
2025-11-18 00:00:00-05:00,42.04999923706055,42.5,41.90999984741211,42.130001068115234,41700,0.0,0.0
2025-11-19 00:00:00-05:00,42.130001068115234,42.4900016784668,41.97999954223633,42.130001068115234,40800,0.0,0.0
2025-11-20 00:00:00-05:00,42.68000030517578,42.720001220703125,42.27000045776367,42.47999954223633,48500,0.0,0.0
2025-11-21 00:00:00-05:00,42.65999984741211,43.06999969482422,42.40999984741211,42.91999816894531,49000,0.0,0.0
2025-11-24 00:00:00-05:00,43.0,43.0,42.060001373291016,42.209999084472656,111600,0.0,0.0
2025-11-25 00:00:00-05:00,42.43000030517578,42.98500061035156,42.43000030517578,42.959999084472656,53900,0.0,0.0
2025-11-26 00:00:00-05:00,42.75,43.31999969482422,42.75,43.290000915527344,47000,0.0,0.0
2025-11-28 00:00:00-05:00,43.15999984741211,43.56999969482422,43.15999984741211,43.56999969482422,18700,0.0,0.0
2025-12-01 00:00:00-05:00,43.310001373291016,43.584999084472656,43.02000045776367,43.13999938964844,59400,0.0,0.0
2025-12-02 00:00:00-05:00,42.97999954223633,43.150001525878906,42.43000030517578,42.470001220703125,61100,0.0,0.0
2025-12-03 00:00:00-05:00,42.5099983215332,42.84000015258789,42.13999938964844,42.52000045776367,50900,0.0,0.0
2025-12-04 00:00:00-05:00,42.459999084472656,42.60300064086914,42.051998138427734,42.52000045776367,37600,0.0,0.0
2025-12-05 00:00:00-05:00,42.369998931884766,42.619998931884766,42.279998779296875,42.59000015258789,31700,0.0,0.0
2025-12-08 00:00:00-05:00,42.63999938964844,42.7400016784668,42.130001068115234,42.20000076293945,35900,0.0,0.0
2025-12-09 00:00:00-05:00,42.060001373291016,42.849998474121094,42.060001373291016,42.630001068115234,50800,0.0,0.0
2025-12-10 00:00:00-05:00,42.43000030517578,42.810001373291016,42.33000183105469,42.65999984741211,71400,0.0,0.0
2025-12-11 00:00:00-05:00,42.52000045776367,43.630001068115234,42.52000045776367,43.54999923706055,65900,0.0,0.0
2025-12-12 00:00:00-05:00,43.7400016784668,43.904998779296875,43.20000076293945,43.619998931884766,57000,0.0,0.0
2025-12-15 00:00:00-05:00,43.59000015258789,43.880001068115234,43.43000030517578,43.880001068115234,48100,0.0,0.0
2025-12-16 00:00:00-05:00,43.90999984741211,44.24599838256836,43.560001373291016,43.709999084472656,52600,0.0,0.0
2025-12-17 00:00:00-05:00,43.630001068115234,44.029998779296875,43.54999923706055,43.630001068115234,42700,0.0,0.0
2025-12-18 00:00:00-05:00,43.83000183105469,43.83000183105469,43.27000045776367,43.459999084472656,50900,0.0,0.0
2025-12-19 00:00:00-05:00,43.5,43.9900016784668,42.56999969482422,42.779998779296875,141100,0.0,0.0
2025-12-22 00:00:00-05:00,42.82500076293945,42.974998474121094,42.34000015258789,42.400001525878906,44200,0.0,0.0
2025-12-23 00:00:00-05:00,42.2599983215332,42.709999084472656,42.25,42.59000015258789,36800,0.0,0.0
2025-12-24 00:00:00-05:00,42.599998474121094,42.834999084472656,42.41999816894531,42.650001525878906,16800,0.0,0.0
2025-12-26 00:00:00-05:00,42.70000076293945,42.86000061035156,42.4900016784668,42.72999954223633,17900,0.0,0.0
2025-12-29 00:00:00-05:00,42.75,42.97999954223633,42.599998474121094,42.66999816894531,34200,0.0,0.0
2025-12-30 00:00:00-05:00,42.724998474121094,43.150001525878906,42.54999923706055,42.61000061035156,36300,0.0,0.0
2025-12-31 00:00:00-05:00,42.52000045776367,43.349998474121094,42.349998474121094,42.4900016784668,55700,0.0,0.0
2026-01-02 00:00:00-05:00,42.439998626708984,43.11000061035156,42.29999923706055,42.95000076293945,69300,0.0,0.0
2026-01-05 00:00:00-05:00,42.84000015258789,44.04999923706055,42.44499969482422,42.65999984741211,82900,0.0,0.0
2026-01-06 00:00:00-05:00,42.459999084472656,42.91400146484375,42.34600067138672,42.650001525878906,54900,0.0,0.0
2026-01-07 00:00:00-05:00,42.641998291015625,42.86000061035156,42.220001220703125,42.54999923706055,44300,0.0,0.0
2026-01-08 00:00:00-05:00,42.849998474121094,43.334999084472656,42.395999908447266,43.29999923706055,39700,0.0,0.0
2026-01-09 00:00:00-05:00,43.189998626708984,43.375,42.7400016784668,43.02000045776367,45700,0.0,0.0
2026-01-12 00:00:00-05:00,43.0,43.47999954223633,42.83399963378906,43.04999923706055,44200,0.0,0.0
2026-01-13 00:00:00-05:00,43.0,43.220001220703125,42.63399887084961,43.0,30000,0.0,0.0
2026-01-14 00:00:00-05:00,43.099998474121094,43.61000061035156,42.82500076293945,43.34000015258789,33000,0.0,0.0
2026-01-15 00:00:00-05:00,43.25,43.58000183105469,42.95500183105469,43.189998626708984,66300,0.0,0.0
2026-01-16 00:00:00-05:00,43.189998626708984,43.65999984741211,42.86000061035156,43.27000045776367,50100,0.0,0.0
2026-01-20 00:00:00-05:00,43.11000061035156,43.310001373291016,42.459999084472656,42.470001220703125,40800,0.0,0.0
2026-01-21 00:00:00-05:00,42.630001068115234,42.81999969482422,41.5,42.52000045776367,66500,0.0,0.0
2026-01-22 00:00:00-05:00,42.47999954223633,42.882999420166016,42.30500030517578,42.75,34200,0.0,0.0
2026-01-23 00:00:00-05:00,42.56999969482422,43.189998626708984,42.290000915527344,42.709999084472656,39300,0.0,0.0
2026-01-26 00:00:00-05:00,43.029998779296875,43.52000045776367,42.58000183105469,42.83000183105469,102000,0.0,0.0
2026-01-27 00:00:00-05:00,43.0,43.25,42.5,43.209999084472656,43400,0.0,0.0
2026-01-28 00:00:00-05:00,43.119998931884766,43.68000030517578,42.7599983215332,43.54999923706055,68200,0.0,0.0
2026-01-29 00:00:00-05:00,43.43000030517578,44.02000045776367,43.16999816894531,43.9900016784668,82100,0.0,0.0
2026-01-30 00:00:00-05:00,43.91999816894531,44.18000030517578,43.58599853515625,44.02000045776367,79100,0.0,0.0
2026-02-02 00:00:00-05:00,44.20000076293945,44.40999984741211,43.834999084472656,44.279998779296875,88900,0.0,0.0
2026-02-03 00:00:00-05:00,44.130001068115234,44.130001068115234,42.84000015258789,43.790000915527344,168300,0.0,0.0
2026-02-04 00:00:00-05:00,44.06999969482422,44.33000183105469,43.650001525878906,44.060001373291016,84600,0.0,0.0
2026-02-05 00:00:00-05:00,44.04999923706055,44.7400016784668,43.459999084472656,43.75,181500,0.0,0.0
2026-02-06 00:00:00-05:00,43.93000030517578,44.54999923706055,43.2599983215332,43.41999816894531,98200,0.0,0.0
2026-02-09 00:00:00-05:00,43.779998779296875,44.0,43.040000915527344,44.0,52200,0.0,0.0
2026-02-10 00:00:00-05:00,43.90999984741211,45.75,43.90999984741211,45.56999969482422,72300,0.0,0.0
2026-02-11 00:00:00-05:00,45.81999969482422,45.95000076293945,45.09000015258789,45.52000045776367,78500,0.0,0.0
2026-02-12 00:00:00-05:00,45.79999923706055,46.13999938964844,45.18000030517578,45.77000045776367,55000,0.0,0.0
2026-02-13 00:00:00-05:00,45.66999816894531,47.650001525878906,45.58000183105469,47.650001525878906,77200,0.0,0.0
2026-02-17 00:00:00-05:00,47.4900016784668,48.14500045776367,47.275001525878906,47.86000061035156,55800,0.0,0.0
2026-02-18 00:00:00-05:00,47.95000076293945,48.59000015258789,47.0,47.939998626708984,85100,0.0,0.0
2026-02-19 00:00:00-05:00,47.7400016784668,48.04999923706055,46.650001525878906,47.189998626708984,49900,0.0,0.0
2026-02-20 00:00:00-05:00,47.22999954223633,47.93000030517578,46.7599983215332,47.779998779296875,68000,0.0,0.0
2026-02-23 00:00:00-05:00,47.41999816894531,47.90299987792969,46.38999938964844,46.84000015258789,91100,0.0,0.0
2026-02-24 00:00:00-05:00,46.849998474121094,50.0,46.689998626708984,47.44499969482422,45200,0.0,0.0
2026-02-25 00:00:00-05:00,47.59000015258789,49.005001068115234,46.119998931884766,48.75,82300,0.0,0.0
2026-02-26 00:00:00-05:00,48.86000061035156,49.380001068115234,48.09000015258789,48.7599983215332,71900,0.0,0.0
2026-02-27 00:00:00-05:00,48.75,49.08000183105469,48.2599983215332,48.40999984741211,73500,0.0,0.0
2026-03-02 00:00:00-05:00,48.20000076293945,48.744998931884766,47.529998779296875,48.40999984741211,61400,0.0,0.0
2026-03-03 00:00:00-05:00,47.81999969482422,48.45000076293945,47.560001373291016,48.349998474121094,41000,0.0,0.0
2026-03-04 00:00:00-05:00,48.5,48.939998626708984,48.290000915527344,48.720001220703125,46700,0.0,0.0
2026-03-05 00:00:00-05:00,48.349998474121094,49.31999969482422,48.349998474121094,48.709999084472656,35400,0.0,0.0
2026-03-06 00:00:00-05:00,48.540000915527344,48.94499969482422,47.70000076293945,48.459999084472656,47800,0.0,0.0
2026-03-09 00:00:00-04:00,48.13999938964844,48.875,47.47999954223633,48.84000015258789,47000,0.0,0.0
2026-03-10 00:00:00-04:00,48.400001525878906,49.0099983215332,47.65999984741211,47.7400016784668,49500,0.0,0.0
2026-03-11 00:00:00-04:00,47.61000061035156,48.27000045776367,47.29999923706055,47.459999084472656,43800,0.0,0.0
2026-03-12 00:00:00-04:00,47.08000183105469,48.099998474121094,47.025001525878906,47.31999969482422,48900,0.0,0.0
2026-03-13 00:00:00-04:00,47.650001525878906,48.0,47.099998474121094,47.61000061035156,80200,0.0,0.0
2026-03-16 00:00:00-04:00,47.86000061035156,48.68000030517578,47.650001525878906,48.209999084472656,46800,0.0,0.0
2026-03-17 00:00:00-04:00,48.209999084472656,48.52000045776367,47.86000061035156,48.06999969482422,55600,0.0,0.0
2026-03-18 00:00:00-04:00,47.7599983215332,48.54999923706055,47.04999923706055,47.10499954223633,63700,0.0,0.0
2026-03-19 00:00:00-04:00,46.939998626708984,47.290000915527344,46.60499954223633,46.869998931884766,57100,0.0,0.0
2026-03-20 00:00:00-04:00,46.84000015258789,47.13999938964844,45.83000183105469,46.029998779296875,111600,0.0,0.0
2026-03-23 00:00:00-04:00,46.5,47.04499816894531,46.15999984741211,46.47999954223633,47900,0.0,0.0
2026-03-24 00:00:00-04:00,46.43000030517578,47.22999954223633,46.08000183105469,47.150001525878906,82600,0.0,0.0
2026-03-25 00:00:00-04:00,47.54999923706055,47.810001373291016,46.81999969482422,47.38999938964844,45400,0.0,0.0
2026-03-26 00:00:00-04:00,47.220001220703125,47.36000061035156,46.61000061035156,46.68000030517578,28800,0.0,0.0
2026-03-27 00:00:00-04:00,46.619998931884766,46.619998931884766,45.9010009765625,46.189998626708984,57200,0.0,0.0
2026-03-30 00:00:00-04:00,46.459999084472656,47.15999984741211,46.43000030517578,46.709999084472656,78200,0.0,0.0
2026-03-31 00:00:00-04:00,47.150001525878906,47.78499984741211,46.66999816894531,47.150001525878906,87100,0.0,0.0
2026-04-01 00:00:00-04:00,47.04999923706055,47.40999984741211,46.970001220703125,46.970001220703125,25900,0.0,0.0
2026-04-02 00:00:00-04:00,48.20000076293945,48.76499938964844,46.82500076293945,48.650001525878906,70900,0.0,0.0
2026-04-06 00:00:00-04:00,48.77000045776367,49.119998931884766,48.54999923706055,48.75,31800,0.0,0.0
2026-04-07 00:00:00-04:00,47.5099983215332,48.69499969482422,47.5099983215332,48.58000183105469,36400,0.0,0.0
2026-04-08 00:00:00-04:00,49.2400016784668,49.29999923706055,48.790000915527344,48.97999954223633,56800,0.0,0.0
2026-04-09 00:00:00-04:00,48.880001068115234,49.150001525878906,48.709999084472656,49.08000183105469,27000,0.0,0.0
2026-04-10 00:00:00-04:00,49.12900161743164,49.95000076293945,49.02000045776367,49.099998474121094,114400,0.0,0.0
2026-04-13 00:00:00-04:00,48.9900016784668,49.33000183105469,48.84000015258789,49.279998779296875,42500,0.0,0.0
2026-04-14 00:00:00-04:00,49.459999084472656,49.84000015258789,48.959999084472656,49.779998779296875,44600,0.0,0.0
2026-04-15 00:00:00-04:00,49.5,50.45000076293945,49.5,50.0099983215332,124300,0.0,0.0
2026-04-16 00:00:00-04:00,49.79999923706055,50.4900016784668,49.79999923706055,50.29999923706055,44600,0.0,0.0
2026-04-17 00:00:00-04:00,50.33000183105469,52.93000030517578,50.310001373291016,52.81999969482422,147800,0.0,0.0
2026-04-20 00:00:00-04:00,52.7400016784668,54.349998474121094,52.59000015258789,54.130001068115234,126400,0.0,0.0
2026-04-21 00:00:00-04:00,54.08000183105469,54.310001373291016,53.27000045776367,53.630001068115234,184500,0.0,0.0
2026-04-22 00:00:00-04:00,53.560001373291016,54.029998779296875,53.25,53.84000015258789,89000,0.0,0.0
2026-04-23 00:00:00-04:00,53.720001220703125,54.58000183105469,52.9900016784668,53.11000061035156,121100,0.0,0.0
2026-04-24 00:00:00-04:00,53.2400016784668,54.099998474121094,52.77000045776367,53.65999984741211,132100,0.0,0.0
2026-04-27 00:00:00-04:00,53.880001068115234,54.369998931884766,53.34000015258789,53.529998779296875,51200,0.0,0.0
2026-04-28 00:00:00-04:00,53.66999816894531,53.66999816894531,52.92300033569336,53.459999084472656,50400,0.0,0.0
2026-04-29 00:00:00-04:00,53.16999816894531,53.16999816894531,52.099998474121094,52.279998779296875,83200,0.0,0.0
2026-04-30 00:00:00-04:00,52.189998626708984,53.10100173950195,51.849998474121094,52.91999816894531,92200,0.0,0.0
2026-05-01 00:00:00-04:00,52.91999816894531,54.369998931884766,52.65999984741211,54.13999938964844,53600,0.0,0.0
2026-05-04 00:00:00-04:00,54.040000915527344,54.27000045776367,53.11000061035156,53.13999938964844,26100,0.0,0.0
2026-05-05 00:00:00-04:00,53.310001373291016,53.43000030517578,52.689998626708984,53.27000045776367,50100,0.0,0.0
2026-05-06 00:00:00-04:00,53.560001373291016,55.869998931884766,53.560001373291016,55.2400016784668,85700,0.0,0.0
2026-05-07 00:00:00-04:00,55.51900100708008,56.060001373291016,55.22999954223633,55.34000015258789,22100,0.0,0.0
2026-05-08 00:00:00-04:00,55.060001373291016,55.564998626708984,54.64500045776367,54.869998931884766,31800,0.0,0.0
2026-05-11 00:00:00-04:00,54.900001525878906,56.0,52.709999084472656,54.34000015258789,49600,0.0,0.0
2026-05-12 00:00:00-04:00,54.13999938964844,55.119998931884766,53.56999969482422,54.220001220703125,46000,0.0,0.0
2026-05-13 00:00:00-04:00,53.93000030517578,54.58000183105469,53.16999816894531,54.400001525878906,35000,0.0,0.0
2026-05-14 00:00:00-04:00,54.84000015258789,55.20000076293945,54.40999984741211,54.47999954223633,38200,0.0,0.0
2026-05-15 00:00:00-04:00,54.040000915527344,54.349998474121094,53.439998626708984,53.95000076293945,30600,0.0,0.0
2026-05-18 00:00:00-04:00,53.779998779296875,54.9900016784668,53.779998779296875,54.54999923706055,50600,0.0,0.0
2026-05-19 00:00:00-04:00,54.720001220703125,54.75,53.81999969482422,53.93000030517578,39200,0.0,0.0
2026-05-20 00:00:00-04:00,53.75,54.189998626708984,53.380001068115234,53.70000076293945,35500,0.0,0.0
2026-05-21 00:00:00-04:00,53.439998626708984,53.79999923706055,53.06999969482422,53.4900016784668,62000,0.0,0.0
2026-05-22 00:00:00-04:00,53.5,53.849998474121094,52.83000183105469,53.099998474121094,43500,0.0,0.0
2026-05-26 00:00:00-04:00,53.47999954223633,53.869998931884766,53.255001068115234,53.4900016784668,51200,0.0,0.0
2026-05-27 00:00:00-04:00,53.470001220703125,54.68000030517578,53.470001220703125,53.91999816894531,58000,0.0,0.0
2026-05-28 00:00:00-04:00,54.0,54.4900016784668,53.82400131225586,53.880001068115234,37300,0.0,0.0
2026-05-29 00:00:00-04:00,53.5,54.27000045776367,53.5,53.599998474121094,62300,0.0,0.0
2026-06-01 00:00:00-04:00,53.560001373291016,53.685001373291016,52.880001068115234,53.2400016784668,37600,0.0,0.0
2026-06-02 00:00:00-04:00,53.29999923706055,53.540000915527344,52.994998931884766,53.36000061035156,36100,0.0,0.0
2026-06-03 00:00:00-04:00,53.40999984741211,53.40999984741211,52.18000030517578,52.459999084472656,51300,0.0,0.0
2026-06-04 00:00:00-04:00,52.56999969482422,53.5,52.56999969482422,53.40999984741211,47400,0.0,0.0
2026-06-05 00:00:00-04:00,53.18000030517578,54.22999954223633,53.11800003051758,53.900001525878906,54400,0.0,0.0
2026-06-08 00:00:00-04:00,54.119998931884766,54.36000061035156,53.29999923706055,53.61000061035156,27100,0.0,0.0
2026-06-09 00:00:00-04:00,54.07500076293945,54.3390007019043,53.689998626708984,53.689998626708984,47400,0.0,0.0
2026-06-10 00:00:00-04:00,53.90999984741211,55.119998931884766,52.0,54.7599983215332,36800,0.0,0.0
2026-06-11 00:00:00-04:00,54.7599983215332,55.77000045776367,54.7599983215332,55.56999969482422,49900,0.0,0.0
2026-06-12 00:00:00-04:00,55.880001068115234,55.880001068115234,54.5,54.790000915527344,50700,0.0,0.0
2026-06-15 00:00:00-04:00,55.0,55.18000030517578,54.34000015258789,55.0099983215332,41316,0.0,0.0
