Date,Open,High,Low,Close,Volume,Dividends,Stock Splits
2022-01-03 00:00:00-05:00,81.61000061035156,85.62000274658203,77.98999786376953,79.29000091552734,86100,0.0,0.0
2022-01-04 00:00:00-05:00,79.63999938964844,82.0,74.25,76.36000061035156,79000,0.0,0.0
2022-01-05 00:00:00-05:00,77.11000061035156,77.66200256347656,71.13999938964844,71.77999877929688,107500,0.0,0.0
2022-01-06 00:00:00-05:00,72.75,74.53600311279297,68.51699829101562,70.0,168400,0.0,0.0
2022-01-07 00:00:00-05:00,70.0,70.0,51.16999816894531,55.68000030517578,457400,0.0,0.0
2022-01-10 00:00:00-05:00,55.7599983215332,56.72999954223633,54.029998779296875,55.349998474121094,135800,0.0,0.0
2022-01-11 00:00:00-05:00,56.09000015258789,60.209999084472656,53.0,58.630001068115234,144800,0.0,0.0
2022-01-12 00:00:00-05:00,59.16999816894531,59.90999984741211,55.86000061035156,56.36000061035156,83200,0.0,0.0
2022-01-13 00:00:00-05:00,57.09000015258789,59.16999816894531,54.02000045776367,54.630001068115234,77100,0.0,0.0
2022-01-14 00:00:00-05:00,53.709999084472656,55.310001373291016,52.61000061035156,54.970001220703125,74900,0.0,0.0
2022-01-18 00:00:00-05:00,53.7599983215332,54.040000915527344,50.400001525878906,50.849998474121094,75900,0.0,0.0
2022-01-19 00:00:00-05:00,51.18000030517578,51.4900016784668,49.25,49.84000015258789,66200,0.0,0.0
2022-01-20 00:00:00-05:00,50.529998779296875,51.619998931884766,46.40999984741211,46.95000076293945,135600,0.0,0.0
2022-01-21 00:00:00-05:00,46.189998626708984,48.0099983215332,44.54999923706055,45.84000015258789,195200,0.0,0.0
2022-01-24 00:00:00-05:00,44.060001373291016,45.845001220703125,40.619998931884766,45.15999984741211,196600,0.0,0.0
2022-01-25 00:00:00-05:00,43.63999938964844,45.189998626708984,42.58000183105469,43.779998779296875,85900,0.0,0.0
2022-01-26 00:00:00-05:00,45.279998779296875,47.189998626708984,41.099998474121094,42.5099983215332,98800,0.0,0.0
2022-01-27 00:00:00-05:00,43.029998779296875,43.029998779296875,39.040000915527344,40.130001068115234,165200,0.0,0.0
2022-01-28 00:00:00-05:00,40.369998931884766,43.09000015258789,37.599998474121094,42.86000061035156,207400,0.0,0.0
2022-01-31 00:00:00-05:00,42.72999954223633,46.20000076293945,42.59000015258789,46.150001525878906,161400,0.0,0.0
2022-02-01 00:00:00-05:00,46.529998779296875,48.90999984741211,44.529998779296875,45.869998931884766,100400,0.0,0.0
2022-02-02 00:00:00-05:00,46.689998626708984,47.04999923706055,42.90999984741211,43.95000076293945,61200,0.0,0.0
2022-02-03 00:00:00-05:00,42.540000915527344,44.439998626708984,40.9900016784668,43.220001220703125,66100,0.0,0.0
2022-02-04 00:00:00-05:00,42.97999954223633,46.099998474121094,42.970001220703125,45.43000030517578,55100,0.0,0.0
2022-02-07 00:00:00-05:00,45.96500015258789,48.7400016784668,45.84000015258789,46.720001220703125,69200,0.0,0.0
2022-02-08 00:00:00-05:00,46.290000915527344,48.59000015258789,46.02000045776367,48.2599983215332,39600,0.0,0.0
2022-02-09 00:00:00-05:00,49.5099983215332,51.630001068115234,48.834999084472656,51.25,128200,0.0,0.0
2022-02-10 00:00:00-05:00,49.81999969482422,54.650001525878906,49.81999969482422,51.18000030517578,99300,0.0,0.0
2022-02-11 00:00:00-05:00,50.91999816894531,52.4900016784668,48.08000183105469,49.060001373291016,131800,0.0,0.0
2022-02-14 00:00:00-05:00,49.06999969482422,51.31999969482422,48.56999969482422,49.060001373291016,39200,0.0,0.0
2022-02-15 00:00:00-05:00,50.20000076293945,52.220001220703125,49.97999954223633,51.20000076293945,90500,0.0,0.0
2022-02-16 00:00:00-05:00,50.470001220703125,53.40999984741211,50.029998779296875,52.689998626708984,71200,0.0,0.0
2022-02-17 00:00:00-05:00,52.11000061035156,53.89699935913086,51.619998931884766,52.650001525878906,64800,0.0,0.0
2022-02-18 00:00:00-05:00,52.150001525878906,53.790000915527344,50.720001220703125,51.310001373291016,56600,0.0,0.0
2022-02-22 00:00:00-05:00,51.220001220703125,51.63999938964844,47.93000030517578,49.779998779296875,61400,0.0,0.0
2022-02-23 00:00:00-05:00,50.279998779296875,50.279998779296875,46.599998474121094,46.76499938964844,33200,0.0,0.0
2022-02-24 00:00:00-05:00,43.88999938964844,51.56999969482422,43.529998779296875,51.40999984741211,80900,0.0,0.0
2022-02-25 00:00:00-05:00,51.84000015258789,52.11000061035156,48.5,51.68000030517578,60800,0.0,0.0
2022-02-28 00:00:00-05:00,50.959999084472656,54.63999938964844,50.029998779296875,52.70000076293945,48000,0.0,0.0
2022-03-01 00:00:00-05:00,52.619998931884766,53.32600021362305,50.04999923706055,51.310001373291016,47600,0.0,0.0
2022-03-02 00:00:00-05:00,51.630001068115234,53.650001525878906,51.630001068115234,52.459999084472656,40900,0.0,0.0
2022-03-03 00:00:00-05:00,52.400001525878906,52.7599983215332,49.0099983215332,49.18000030517578,67200,0.0,0.0
2022-03-04 00:00:00-05:00,48.689998626708984,50.439998626708984,46.91999816894531,48.79999923706055,70400,0.0,0.0
2022-03-07 00:00:00-05:00,48.5,49.13999938964844,44.08300018310547,44.27000045776367,87000,0.0,0.0
2022-03-08 00:00:00-05:00,44.060001373291016,47.77000045776367,43.33000183105469,45.209999084472656,83600,0.0,0.0
2022-03-09 00:00:00-05:00,47.650001525878906,49.40999984741211,46.25,48.54999923706055,57900,0.0,0.0
2022-03-10 00:00:00-05:00,47.2400016784668,50.959999084472656,46.93000030517578,50.400001525878906,69300,0.0,0.0
2022-03-11 00:00:00-05:00,50.97999954223633,51.95000076293945,48.4900016784668,49.529998779296875,32200,0.0,0.0
2022-03-14 00:00:00-04:00,49.91999816894531,50.529998779296875,46.540000915527344,46.9900016784668,40600,0.0,0.0
2022-03-15 00:00:00-04:00,46.970001220703125,50.459999084472656,46.39899826049805,48.97999954223633,53400,0.0,0.0
2022-03-16 00:00:00-04:00,50.13999938964844,52.540000915527344,50.0,52.2400016784668,55200,0.0,0.0
2022-03-17 00:00:00-04:00,51.38999938964844,53.439998626708984,51.11000061035156,52.529998779296875,47300,0.0,0.0
2022-03-18 00:00:00-04:00,52.41999816894531,55.0,52.209999084472656,54.7400016784668,95400,0.0,0.0
2022-03-21 00:00:00-04:00,54.720001220703125,54.720001220703125,50.77000045776367,52.15999984741211,39200,0.0,0.0
2022-03-22 00:00:00-04:00,52.38999938964844,54.755001068115234,52.38999938964844,53.88999938964844,28200,0.0,0.0
2022-03-23 00:00:00-04:00,53.529998779296875,54.33000183105469,51.189998626708984,51.36000061035156,33400,0.0,0.0
2022-03-24 00:00:00-04:00,51.849998474121094,54.369998931884766,50.040000915527344,54.22999954223633,39200,0.0,0.0
2022-03-25 00:00:00-04:00,54.279998779296875,54.279998779296875,51.23500061035156,51.790000915527344,29400,0.0,0.0
2022-03-28 00:00:00-04:00,52.13999938964844,54.33000183105469,51.709999084472656,54.25,35400,0.0,0.0
2022-03-29 00:00:00-04:00,54.75,58.970001220703125,54.75,57.22999954223633,59200,0.0,0.0
2022-03-30 00:00:00-04:00,57.189998626708984,57.650001525878906,55.0099983215332,55.11000061035156,41800,0.0,0.0
2022-03-31 00:00:00-04:00,54.95000076293945,57.4900016784668,54.95000076293945,55.150001525878906,32900,0.0,0.0
2022-04-01 00:00:00-04:00,55.369998931884766,56.02000045776367,54.0,55.95000076293945,54500,0.0,0.0
2022-04-04 00:00:00-04:00,55.95000076293945,57.83000183105469,54.7599983215332,57.380001068115234,36100,0.0,0.0
2022-04-05 00:00:00-04:00,57.08000183105469,58.70000076293945,56.0,56.66999816894531,59800,0.0,0.0
2022-04-06 00:00:00-04:00,55.25,55.68199920654297,52.79999923706055,54.689998626708984,82300,0.0,0.0
2022-04-07 00:00:00-04:00,55.34000015258789,58.970001220703125,55.119998931884766,58.689998626708984,82400,0.0,0.0
2022-04-08 00:00:00-04:00,58.70000076293945,58.70000076293945,49.875,51.650001525878906,247800,0.0,0.0
2022-04-11 00:00:00-04:00,50.540000915527344,52.02000045776367,50.06999969482422,50.720001220703125,49900,0.0,0.0
2022-04-12 00:00:00-04:00,52.040000915527344,53.630001068115234,50.95000076293945,51.29999923706055,46400,0.0,0.0
2022-04-13 00:00:00-04:00,51.439998626708984,54.88999938964844,51.34000015258789,53.81999969482422,37300,0.0,0.0
2022-04-14 00:00:00-04:00,54.20000076293945,55.720001220703125,53.60300064086914,55.59000015258789,66500,0.0,0.0
2022-04-18 00:00:00-04:00,54.93000030517578,56.707000732421875,54.62099838256836,55.880001068115234,35300,0.0,0.0
2022-04-19 00:00:00-04:00,55.83000183105469,56.880001068115234,54.0099983215332,56.22999954223633,56800,0.0,0.0
2022-04-20 00:00:00-04:00,56.599998474121094,57.970001220703125,56.029998779296875,57.5,47700,0.0,0.0
2022-04-21 00:00:00-04:00,58.29999923706055,58.95000076293945,54.5,55.369998931884766,51000,0.0,0.0
2022-04-22 00:00:00-04:00,55.36399841308594,55.88999938964844,53.345001220703125,54.029998779296875,61100,0.0,0.0
2022-04-25 00:00:00-04:00,53.130001068115234,54.75199890136719,52.11000061035156,53.08000183105469,83000,0.0,0.0
2022-04-26 00:00:00-04:00,52.369998931884766,52.369998931884766,47.83000183105469,47.97999954223633,69600,0.0,0.0
2022-04-27 00:00:00-04:00,48.0,50.939998626708984,48.0,49.34000015258789,41600,0.0,0.0
2022-04-28 00:00:00-04:00,49.380001068115234,52.685001373291016,48.970001220703125,52.38999938964844,30600,0.0,0.0
2022-04-29 00:00:00-04:00,51.38999938964844,52.805999755859375,50.0,50.18000030517578,44800,0.0,0.0
2022-05-02 00:00:00-04:00,50.0,50.9900016784668,46.790000915527344,48.38999938964844,99600,0.0,0.0
2022-05-03 00:00:00-04:00,48.41999816894531,48.41999816894531,43.45000076293945,44.09000015258789,86400,0.0,0.0
2022-05-04 00:00:00-04:00,44.88999938964844,44.93000030517578,41.61000061035156,44.18000030517578,76500,0.0,0.0
2022-05-05 00:00:00-04:00,43.02000045776367,44.290000915527344,41.0,41.849998474121094,60600,0.0,0.0
2022-05-06 00:00:00-04:00,41.849998474121094,42.400001525878906,40.31999969482422,41.61000061035156,55300,0.0,0.0
2022-05-09 00:00:00-04:00,40.52000045776367,40.52000045776367,37.279998779296875,38.040000915527344,126800,0.0,0.0
2022-05-10 00:00:00-04:00,39.56999969482422,40.0099983215332,36.529998779296875,37.83000183105469,91900,0.0,0.0
2022-05-11 00:00:00-04:00,37.63999938964844,39.595001220703125,35.2400016784668,35.83000183105469,53700,0.0,0.0
2022-05-12 00:00:00-04:00,35.2400016784668,36.7400016784668,34.290000915527344,35.52000045776367,114900,0.0,0.0
2022-05-13 00:00:00-04:00,36.54999923706055,38.14500045776367,36.099998474121094,36.9900016784668,55100,0.0,0.0
2022-05-16 00:00:00-04:00,36.93000030517578,36.93000030517578,33.529998779296875,34.029998779296875,60300,0.0,0.0
2022-05-17 00:00:00-04:00,35.45000076293945,35.790000915527344,33.630001068115234,35.61000061035156,68600,0.0,0.0
2022-05-18 00:00:00-04:00,34.59000015258789,34.59000015258789,32.02000045776367,32.93000030517578,68000,0.0,0.0
2022-05-19 00:00:00-04:00,32.25,34.25,32.25,33.849998474121094,48600,0.0,0.0
2022-05-20 00:00:00-04:00,34.38999938964844,35.54999923706055,30.950000762939453,32.099998474121094,76100,0.0,0.0
2022-05-23 00:00:00-04:00,32.849998474121094,34.060001373291016,31.959999084472656,34.0,62200,0.0,0.0
2022-05-24 00:00:00-04:00,33.119998931884766,33.439998626708984,31.309999465942383,32.36000061035156,71600,0.0,0.0
2022-05-25 00:00:00-04:00,31.8700008392334,34.42100143432617,31.358999252319336,33.84000015258789,78400,0.0,0.0
2022-05-26 00:00:00-04:00,34.15999984741211,36.202999114990234,34.15999984741211,35.59000015258789,89900,0.0,0.0
2022-05-27 00:00:00-04:00,36.27000045776367,38.33000183105469,35.81999969482422,37.91999816894531,59400,0.0,0.0
2022-05-31 00:00:00-04:00,37.86000061035156,38.21500015258789,36.935001373291016,37.689998626708984,41800,0.0,0.0
2022-06-01 00:00:00-04:00,37.970001220703125,37.970001220703125,35.89500045776367,36.38999938964844,36500,0.0,0.0
2022-06-02 00:00:00-04:00,35.959999084472656,40.220001220703125,35.599998474121094,40.13999938964844,50300,0.0,0.0
2022-06-03 00:00:00-04:00,39.16999816894531,39.279998779296875,37.0,38.540000915527344,61100,0.0,0.0
2022-06-06 00:00:00-04:00,39.16999816894531,41.619998931884766,38.619998931884766,41.40999984741211,69200,0.0,0.0
2022-06-07 00:00:00-04:00,40.349998474121094,43.97999954223633,39.959999084472656,43.09000015258789,94400,0.0,0.0
2022-06-08 00:00:00-04:00,42.959999084472656,44.9900016784668,42.720001220703125,43.869998931884766,58500,0.0,0.0
2022-06-09 00:00:00-04:00,43.25,44.33000183105469,42.099998474121094,44.0,47600,0.0,0.0
2022-06-10 00:00:00-04:00,42.459999084472656,42.85499954223633,40.409000396728516,40.93000030517578,31900,0.0,0.0
2022-06-13 00:00:00-04:00,39.5,40.38999938964844,38.16699981689453,39.31999969482422,130300,0.0,0.0
2022-06-14 00:00:00-04:00,39.65999984741211,40.08000183105469,38.8650016784668,39.650001525878906,72400,0.0,0.0
2022-06-15 00:00:00-04:00,40.25,42.40999984741211,40.25,41.61000061035156,83900,0.0,0.0
2022-06-16 00:00:00-04:00,39.93000030517578,39.93000030517578,38.040000915527344,38.9900016784668,73000,0.0,0.0
2022-06-17 00:00:00-04:00,39.689998626708984,41.875,39.06999969482422,40.91999816894531,47600,0.0,0.0
2022-06-21 00:00:00-04:00,41.619998931884766,42.27000045776367,40.029998779296875,41.95000076293945,72300,0.0,0.0
2022-06-22 00:00:00-04:00,40.869998931884766,43.619998931884766,40.869998931884766,43.5099983215332,61100,0.0,0.0
2022-06-23 00:00:00-04:00,43.529998779296875,46.560001373291016,41.720001220703125,46.189998626708984,68500,0.0,0.0
2022-06-24 00:00:00-04:00,46.5,49.755001068115234,46.27000045776367,49.689998626708984,94300,0.0,0.0
2022-06-27 00:00:00-04:00,49.91999816894531,50.41999816894531,47.779998779296875,50.06999969482422,47600,0.0,0.0
2022-06-28 00:00:00-04:00,50.5,51.150001525878906,47.97999954223633,48.40999984741211,84600,0.0,0.0
2022-06-29 00:00:00-04:00,48.04999923706055,48.04999923706055,45.0099983215332,47.58000183105469,50800,0.0,0.0
2022-06-30 00:00:00-04:00,46.439998626708984,49.95000076293945,45.560001373291016,49.529998779296875,77700,0.0,0.0
2022-07-01 00:00:00-04:00,49.34000015258789,50.68000030517578,48.15999984741211,50.36000061035156,65000,0.0,0.0
2022-07-05 00:00:00-04:00,49.130001068115234,53.08000183105469,49.04999923706055,53.0,68300,0.0,0.0
2022-07-06 00:00:00-04:00,52.939998626708984,53.91999816894531,49.77000045776367,50.40999984741211,120500,0.0,0.0
2022-07-07 00:00:00-04:00,50.47999954223633,54.90999984741211,49.439998626708984,54.099998474121094,168500,0.0,0.0
2022-07-08 00:00:00-04:00,58.040000915527344,73.6500015258789,58.040000915527344,72.29000091552734,668600,0.0,0.0
2022-07-11 00:00:00-04:00,68.76000213623047,76.9800033569336,68.76000213623047,72.45999908447266,357900,0.0,0.0
2022-07-12 00:00:00-04:00,72.45999908447266,74.98699951171875,71.0199966430664,73.41999816894531,169700,0.0,0.0
2022-07-13 00:00:00-04:00,71.48999786376953,77.7300033569336,70.87999725341797,77.13999938964844,158200,0.0,0.0
2022-07-14 00:00:00-04:00,77.0,77.94999694824219,74.4000015258789,77.33999633789062,69100,0.0,0.0
2022-07-15 00:00:00-04:00,77.9000015258789,78.5,76.47000122070312,77.19000244140625,70100,0.0,0.0
2022-07-18 00:00:00-04:00,78.12999725341797,78.48999786376953,76.91999816894531,77.44999694824219,77100,0.0,0.0
2022-07-19 00:00:00-04:00,79.0,79.97000122070312,76.76000213623047,77.5999984741211,105300,0.0,0.0
2022-07-20 00:00:00-04:00,77.22000122070312,79.43399810791016,76.63500213623047,78.19000244140625,93700,0.0,0.0
2022-07-21 00:00:00-04:00,78.0999984741211,78.41000366210938,74.05000305175781,76.79000091552734,90100,0.0,0.0
2022-07-22 00:00:00-04:00,76.95999908447266,77.43499755859375,74.26000213623047,74.62999725341797,69700,0.0,0.0
2022-07-25 00:00:00-04:00,74.23999786376953,74.23999786376953,71.08999633789062,72.22000122070312,115900,0.0,0.0
2022-07-26 00:00:00-04:00,71.16000366210938,72.91000366210938,69.4000015258789,72.19999694824219,54700,0.0,0.0
2022-07-27 00:00:00-04:00,72.87999725341797,75.6500015258789,72.08999633789062,74.0,131000,0.0,0.0
2022-07-28 00:00:00-04:00,73.58000183105469,80.0,72.98500061035156,79.4800033569336,105400,0.0,0.0
2022-07-29 00:00:00-04:00,79.80999755859375,84.73999786376953,78.44999694824219,84.44000244140625,123500,0.0,0.0
2022-08-01 00:00:00-04:00,84.0,87.5999984741211,82.73500061035156,87.51000213623047,109700,0.0,0.0
2022-08-02 00:00:00-04:00,84.54000091552734,89.80999755859375,83.36000061035156,85.94999694824219,204200,0.0,0.0
2022-08-03 00:00:00-04:00,87.44000244140625,87.44000244140625,83.88999938964844,86.16000366210938,77800,0.0,0.0
2022-08-04 00:00:00-04:00,86.02999877929688,87.83499908447266,83.52999877929688,84.52999877929688,114700,0.0,0.0
2022-08-05 00:00:00-04:00,83.3499984741211,85.47000122070312,81.8499984741211,84.87999725341797,78000,0.0,0.0
2022-08-08 00:00:00-04:00,85.66999816894531,90.71299743652344,85.66999816894531,87.30000305175781,70500,0.0,0.0
2022-08-09 00:00:00-04:00,86.81999969482422,89.94000244140625,85.87000274658203,89.80000305175781,89100,0.0,0.0
2022-08-10 00:00:00-04:00,91.5,94.11699676513672,90.6500015258789,92.8499984741211,140700,0.0,0.0
2022-08-11 00:00:00-04:00,93.81999969482422,94.04000091552734,91.1500015258789,92.76000213623047,118100,0.0,0.0
2022-08-12 00:00:00-04:00,92.0,93.7699966430664,91.46600341796875,93.20999908447266,67000,0.0,0.0
2022-08-15 00:00:00-04:00,92.88999938964844,96.60299682617188,92.88999938964844,95.69000244140625,72300,0.0,0.0
2022-08-16 00:00:00-04:00,95.22000122070312,96.33999633789062,90.41000366210938,91.91000366210938,141500,0.0,0.0
2022-08-17 00:00:00-04:00,90.58000183105469,93.25,90.11000061035156,91.63999938964844,144000,0.0,0.0
2022-08-18 00:00:00-04:00,91.45999908447266,92.5,90.29000091552734,91.11000061035156,121600,0.0,0.0
2022-08-19 00:00:00-04:00,90.06999969482422,90.44000244140625,83.7300033569336,84.05999755859375,85900,0.0,0.0
2022-08-22 00:00:00-04:00,83.27999877929688,84.0199966430664,79.33000183105469,83.37000274658203,130000,0.0,0.0
2022-08-23 00:00:00-04:00,83.30999755859375,85.91000366210938,82.27999877929688,83.11000061035156,59600,0.0,0.0
2022-08-24 00:00:00-04:00,83.18000030517578,85.30000305175781,82.80999755859375,83.2300033569336,64200,0.0,0.0
2022-08-25 00:00:00-04:00,83.73999786376953,85.2239990234375,83.30000305175781,84.9800033569336,59400,0.0,0.0
2022-08-26 00:00:00-04:00,84.33999633789062,86.23999786376953,82.54000091552734,84.25,86800,0.0,0.0
2022-08-29 00:00:00-04:00,83.0,84.87999725341797,82.83999633789062,83.0199966430664,129200,0.0,0.0
2022-08-30 00:00:00-04:00,83.30999755859375,83.62999725341797,73.72000122070312,74.26000213623047,153300,0.0,0.0
2022-08-31 00:00:00-04:00,75.33000183105469,77.29000091552734,74.5,74.76000213623047,63800,0.0,0.0
2022-09-01 00:00:00-04:00,73.5,75.88999938964844,71.76000213623047,75.88999938964844,66500,0.0,0.0
2022-09-02 00:00:00-04:00,77.0,77.0,74.1500015258789,76.0199966430664,58400,0.0,0.0
2022-09-06 00:00:00-04:00,76.48999786376953,76.48999786376953,71.80999755859375,72.12000274658203,76600,0.0,0.0
2022-09-07 00:00:00-04:00,72.08999633789062,75.11799621582031,72.0,74.2699966430664,141200,0.0,0.0
2022-09-08 00:00:00-04:00,72.98999786376953,75.1500015258789,72.0199966430664,73.0,90100,0.0,0.0
2022-09-09 00:00:00-04:00,74.2300033569336,76.76499938964844,73.0250015258789,75.38999938964844,44900,0.0,0.0
2022-09-12 00:00:00-04:00,76.11000061035156,76.62999725341797,74.50499725341797,75.2300033569336,44100,0.0,0.0
2022-09-13 00:00:00-04:00,72.5,74.41999816894531,72.0,72.6500015258789,90900,0.0,0.0
2022-09-14 00:00:00-04:00,72.95999908447266,73.88999938964844,71.41100311279297,72.94000244140625,70300,0.0,0.0
2022-09-15 00:00:00-04:00,72.4800033569336,74.43000030517578,71.4800033569336,71.83999633789062,47200,0.0,0.0
2022-09-16 00:00:00-04:00,70.63999938964844,71.16999816894531,69.0,71.13999938964844,137300,0.0,0.0
2022-09-19 00:00:00-04:00,70.66000366210938,71.70999908447266,69.4020004272461,70.66999816894531,110500,0.0,0.0
2022-09-20 00:00:00-04:00,70.6500015258789,70.6500015258789,68.30000305175781,70.26000213623047,84700,0.0,0.0
2022-09-21 00:00:00-04:00,70.26000213623047,74.33000183105469,69.08000183105469,70.86000061035156,99200,0.0,0.0
2022-09-22 00:00:00-04:00,71.41999816894531,71.44000244140625,65.9000015258789,66.18000030517578,87200,0.0,0.0
2022-09-23 00:00:00-04:00,66.06999969482422,66.7699966430664,64.44999694824219,64.91999816894531,89900,0.0,0.0
2022-09-26 00:00:00-04:00,64.81999969482422,69.12999725341797,64.81999969482422,67.83000183105469,72900,0.0,0.0
2022-09-27 00:00:00-04:00,68.7699966430664,72.24500274658203,67.44499969482422,71.47000122070312,107400,0.0,0.0
2022-09-28 00:00:00-04:00,71.51000213623047,75.55000305175781,71.22000122070312,74.41999816894531,95400,0.0,0.0
2022-09-29 00:00:00-04:00,73.72000122070312,74.5999984741211,71.52999877929688,73.19999694824219,55500,0.0,0.0
2022-09-30 00:00:00-04:00,72.9800033569336,74.80000305175781,71.4000015258789,73.58000183105469,126600,0.0,0.0
2022-10-03 00:00:00-04:00,74.06999969482422,74.66999816894531,69.25,71.3499984741211,82400,0.0,0.0
2022-10-04 00:00:00-04:00,72.87999725341797,78.06999969482422,72.08999633789062,75.93000030517578,106800,0.0,0.0
2022-10-05 00:00:00-04:00,74.58999633789062,75.19999694824219,72.0,73.79000091552734,48700,0.0,0.0
2022-10-06 00:00:00-04:00,74.12999725341797,75.95999908447266,72.22000122070312,74.55000305175781,42500,0.0,0.0
2022-10-07 00:00:00-04:00,73.29000091552734,74.67500305175781,71.5,73.68000030517578,66100,0.0,0.0
2022-10-10 00:00:00-04:00,73.19999694824219,74.37999725341797,71.52999877929688,72.48999786376953,57900,0.0,0.0
2022-10-11 00:00:00-04:00,72.01000213623047,73.58000183105469,69.80999755859375,72.33999633789062,39300,0.0,0.0
2022-10-12 00:00:00-04:00,72.0,72.0,69.45999908447266,69.62000274658203,42800,0.0,0.0
2022-10-13 00:00:00-04:00,69.18000030517578,76.16999816894531,67.5,73.80999755859375,82200,0.0,0.0
2022-10-14 00:00:00-04:00,74.79000091552734,75.19999694824219,68.45999908447266,68.86000061035156,45100,0.0,0.0
2022-10-17 00:00:00-04:00,70.81999969482422,73.16999816894531,70.69000244140625,72.05999755859375,47400,0.0,0.0
2022-10-18 00:00:00-04:00,73.62000274658203,76.20999908447266,73.08999633789062,73.4800033569336,48000,0.0,0.0
2022-10-19 00:00:00-04:00,73.41999816894531,73.81999969482422,70.56999969482422,71.62999725341797,49300,0.0,0.0
2022-10-20 00:00:00-04:00,71.29000091552734,74.87000274658203,71.29000091552734,72.16999816894531,50600,0.0,0.0
2022-10-21 00:00:00-04:00,72.37000274658203,76.15899658203125,72.37000274658203,75.41000366210938,55200,0.0,0.0
2022-10-24 00:00:00-04:00,75.55000305175781,75.87999725341797,71.69999694824219,74.11000061035156,77700,0.0,0.0
2022-10-25 00:00:00-04:00,73.69999694824219,79.37000274658203,73.69999694824219,78.93000030517578,78100,0.0,0.0
2022-10-26 00:00:00-04:00,79.87999725341797,82.5199966430664,77.66500091552734,77.80999755859375,74600,0.0,0.0
2022-10-27 00:00:00-04:00,78.27999877929688,80.13999938964844,76.6780014038086,78.51000213623047,52200,0.0,0.0
2022-10-28 00:00:00-04:00,78.41999816894531,80.44999694824219,77.0999984741211,79.69000244140625,38800,0.0,0.0
2022-10-31 00:00:00-04:00,79.22000122070312,81.29499816894531,79.0199966430664,79.02999877929688,53800,0.0,0.0
2022-11-01 00:00:00-04:00,80.06999969482422,81.48999786376953,76.27999877929688,77.18000030517578,62600,0.0,0.0
2022-11-02 00:00:00-04:00,77.19000244140625,79.4000015258789,73.69499969482422,73.79000091552734,61000,0.0,0.0
2022-11-03 00:00:00-04:00,73.48999786376953,81.44000244140625,72.9000015258789,75.0199966430664,85900,0.0,0.0
2022-11-04 00:00:00-04:00,76.55999755859375,78.51000213623047,68.33999633789062,72.2300033569336,106600,0.0,0.0
2022-11-07 00:00:00-05:00,72.19999694824219,72.19999694824219,65.66999816894531,66.2300033569336,139100,0.0,0.0
2022-11-08 00:00:00-05:00,66.26000213623047,68.29000091552734,63.0,65.0,148500,0.0,0.0
2022-11-09 00:00:00-05:00,64.81999969482422,65.83000183105469,63.34000015258789,63.88999938964844,90800,0.0,0.0
2022-11-10 00:00:00-05:00,66.76000213623047,72.0,64.50399780273438,71.58999633789062,189100,0.0,0.0
2022-11-11 00:00:00-05:00,64.5,72.5,63.65999984741211,65.81999969482422,301400,0.0,0.0
2022-11-14 00:00:00-05:00,65.11000061035156,66.41999816894531,58.880001068115234,65.5199966430664,200500,0.0,0.0
2022-11-15 00:00:00-05:00,66.0999984741211,68.86000061035156,63.7599983215332,64.58999633789062,91300,0.0,0.0
2022-11-16 00:00:00-05:00,63.90999984741211,69.68000030517578,62.57099914550781,68.30999755859375,89400,0.0,0.0
2022-11-17 00:00:00-05:00,67.08999633789062,67.41999816894531,61.959999084472656,63.540000915527344,110900,0.0,0.0
2022-11-18 00:00:00-05:00,65.29000091552734,65.29000091552734,61.79999923706055,63.380001068115234,110500,0.0,0.0
2022-11-21 00:00:00-05:00,63.2400016784668,65.54000091552734,61.72999954223633,64.58999633789062,68200,0.0,0.0
2022-11-22 00:00:00-05:00,63.90999984741211,64.8499984741211,63.04999923706055,63.459999084472656,60900,0.0,0.0
2022-11-23 00:00:00-05:00,63.689998626708984,66.22000122070312,63.04999923706055,65.16999816894531,48400,0.0,0.0
2022-11-25 00:00:00-05:00,65.33999633789062,66.37000274658203,64.56999969482422,65.44999694824219,25600,0.0,0.0
2022-11-28 00:00:00-05:00,64.88999938964844,66.19999694824219,64.70999908447266,65.0199966430664,44900,0.0,0.0
2022-11-29 00:00:00-05:00,65.0199966430664,65.25,63.04999923706055,63.810001373291016,71200,0.0,0.0
2022-11-30 00:00:00-05:00,64.43000030517578,67.16000366210938,63.380001068115234,65.69999694824219,140300,0.0,0.0
2022-12-01 00:00:00-05:00,66.37000274658203,70.08999633789062,65.25,69.25,140000,0.0,0.0
2022-12-02 00:00:00-05:00,67.58999633789062,69.86000061035156,66.51000213623047,69.27999877929688,78900,0.0,0.0
2022-12-05 00:00:00-05:00,69.06999969482422,69.06999969482422,63.04999923706055,63.939998626708984,108200,0.0,0.0
2022-12-06 00:00:00-05:00,64.43000030517578,65.0,63.08000183105469,63.63999938964844,76700,0.0,0.0
2022-12-07 00:00:00-05:00,63.540000915527344,64.73999786376953,62.66999816894531,63.29999923706055,85100,0.0,0.0
2022-12-08 00:00:00-05:00,64.02999877929688,65.02999877929688,63.150001525878906,64.27999877929688,90900,0.0,0.0
2022-12-09 00:00:00-05:00,63.34000015258789,63.94499969482422,61.939998626708984,62.529998779296875,59900,0.0,0.0
2022-12-12 00:00:00-05:00,62.650001525878906,63.55500030517578,61.599998474121094,62.7599983215332,47400,0.0,0.0
2022-12-13 00:00:00-05:00,65.43000030517578,66.4800033569336,61.80099868774414,63.470001220703125,78500,0.0,0.0
2022-12-14 00:00:00-05:00,63.84000015258789,64.11000061035156,60.779998779296875,62.4900016784668,85700,0.0,0.0
2022-12-15 00:00:00-05:00,61.4900016784668,63.13999938964844,60.5,61.31999969482422,73900,0.0,0.0
2022-12-16 00:00:00-05:00,60.33000183105469,61.029998779296875,57.15999984741211,57.33000183105469,117400,0.0,0.0
2022-12-19 00:00:00-05:00,57.34000015258789,57.689998626708984,51.369998931884766,53.40999984741211,252000,0.0,0.0
2022-12-20 00:00:00-05:00,52.650001525878906,55.27000045776367,52.650001525878906,52.84000015258789,98300,0.0,0.0
2022-12-21 00:00:00-05:00,53.40999984741211,53.689998626708984,51.0,53.09000015258789,202700,0.0,0.0
2022-12-22 00:00:00-05:00,52.7400016784668,54.880001068115234,52.0,53.459999084472656,86500,0.0,0.0
2022-12-23 00:00:00-05:00,53.2400016784668,53.869998931884766,50.81999969482422,51.06999969482422,102200,0.0,0.0
2022-12-27 00:00:00-05:00,50.9900016784668,51.0,48.63999938964844,49.220001220703125,123600,0.0,0.0
2022-12-28 00:00:00-05:00,49.130001068115234,49.2400016784668,46.5099983215332,46.95000076293945,103700,0.0,0.0
2022-12-29 00:00:00-05:00,47.02000045776367,48.18000030517578,46.76499938964844,47.279998779296875,110000,0.0,0.0
2022-12-30 00:00:00-05:00,47.11000061035156,48.060001373291016,46.61000061035156,47.68000030517578,179300,0.0,0.0
2023-01-03 00:00:00-05:00,48.63999938964844,49.9900016784668,46.2400016784668,47.29999923706055,162600,0.0,0.0
2023-01-04 00:00:00-05:00,47.68000030517578,51.42499923706055,47.349998474121094,50.20000076293945,192100,0.0,0.0
2023-01-05 00:00:00-05:00,49.65999984741211,50.665000915527344,47.939998626708984,48.38999938964844,242400,0.0,0.0
2023-01-06 00:00:00-05:00,40.5,42.555999755859375,37.970001220703125,39.880001068115234,992400,0.0,0.0
2023-01-09 00:00:00-05:00,40.91999816894531,44.470001220703125,40.72999954223633,43.02000045776367,380000,0.0,0.0
2023-01-10 00:00:00-05:00,43.0,53.0,43.0,51.220001220703125,535600,0.0,0.0
2023-01-11 00:00:00-05:00,52.16999816894531,55.31999969482422,51.04999923706055,55.08000183105469,268200,0.0,0.0
2023-01-12 00:00:00-05:00,55.16999816894531,55.18000030517578,52.79999923706055,54.33000183105469,171300,0.0,0.0
2023-01-13 00:00:00-05:00,54.2400016784668,58.38999938964844,54.2400016784668,57.459999084472656,160600,0.0,0.0
2023-01-17 00:00:00-05:00,57.380001068115234,59.459999084472656,56.65999984741211,57.470001220703125,122800,0.0,0.0
2023-01-18 00:00:00-05:00,57.869998931884766,58.40999984741211,53.45500183105469,54.95000076293945,141500,0.0,0.0
2023-01-19 00:00:00-05:00,54.279998779296875,55.35499954223633,52.18000030517578,53.20000076293945,139400,0.0,0.0
2023-01-20 00:00:00-05:00,54.150001525878906,57.90999984741211,53.61000061035156,57.189998626708984,91100,0.0,0.0
2023-01-23 00:00:00-05:00,57.22999954223633,58.33000183105469,56.040000915527344,58.08000183105469,88900,0.0,0.0
2023-01-24 00:00:00-05:00,58.79999923706055,58.79999923706055,55.5099983215332,56.52000045776367,167300,0.0,0.0
2023-01-25 00:00:00-05:00,55.88999938964844,58.22999954223633,53.7599983215332,57.470001220703125,148100,0.0,0.0
2023-01-26 00:00:00-05:00,57.869998931884766,59.0,56.72999954223633,57.599998474121094,95900,0.0,0.0
2023-01-27 00:00:00-05:00,57.66999816894531,62.34000015258789,57.18000030517578,61.540000915527344,127700,0.0,0.0
2023-01-30 00:00:00-05:00,60.040000915527344,62.45000076293945,59.5099983215332,60.43000030517578,169000,0.0,0.0
2023-01-31 00:00:00-05:00,61.29999923706055,63.86000061035156,60.685001373291016,62.13999938964844,83500,0.0,0.0
2023-02-01 00:00:00-05:00,62.060001373291016,62.599998474121094,59.5,61.88999938964844,148100,0.0,0.0
2023-02-02 00:00:00-05:00,62.029998779296875,64.3499984741211,61.56999969482422,62.18000030517578,132400,0.0,0.0
2023-02-03 00:00:00-05:00,61.18000030517578,63.459999084472656,60.47999954223633,61.779998779296875,150700,0.0,0.0
2023-02-06 00:00:00-05:00,61.58000183105469,63.029998779296875,61.09000015258789,62.36000061035156,97200,0.0,0.0
2023-02-07 00:00:00-05:00,61.619998931884766,62.709999084472656,59.790000915527344,61.13999938964844,129300,0.0,0.0
2023-02-08 00:00:00-05:00,60.869998931884766,61.150001525878906,58.599998474121094,58.900001525878906,72000,0.0,0.0
2023-02-09 00:00:00-05:00,59.439998626708984,59.70000076293945,56.119998931884766,56.529998779296875,99800,0.0,0.0
2023-02-10 00:00:00-05:00,56.58000183105469,57.13999938964844,55.310001373291016,55.77000045776367,111200,0.0,0.0
2023-02-13 00:00:00-05:00,55.97999954223633,57.87200164794922,55.15999984741211,56.7400016784668,89600,0.0,0.0
2023-02-14 00:00:00-05:00,56.15999984741211,58.810001373291016,55.56999969482422,58.15999984741211,117500,0.0,0.0
2023-02-15 00:00:00-05:00,59.45000076293945,64.09500122070312,58.970001220703125,62.36000061035156,279700,0.0,0.0
2023-02-16 00:00:00-05:00,61.349998474121094,62.91999816894531,58.540000915527344,60.25,140500,0.0,0.0
2023-02-17 00:00:00-05:00,60.119998931884766,62.27000045776367,58.5629997253418,61.619998931884766,251700,0.0,0.0
2023-02-21 00:00:00-05:00,60.209999084472656,61.619998931884766,58.44300079345703,59.06999969482422,96500,0.0,0.0
2023-02-22 00:00:00-05:00,59.18000030517578,61.54999923706055,58.11000061035156,61.400001525878906,117700,0.0,0.0
2023-02-23 00:00:00-05:00,61.599998474121094,63.33000183105469,60.29999923706055,61.849998474121094,136900,0.0,0.0
2023-02-24 00:00:00-05:00,60.689998626708984,62.7400016784668,59.95000076293945,61.529998779296875,122100,0.0,0.0
2023-02-27 00:00:00-05:00,61.86000061035156,64.16000366210938,60.59000015258789,60.779998779296875,105900,0.0,0.0
2023-02-28 00:00:00-05:00,60.959999084472656,64.51000213623047,60.959999084472656,62.619998931884766,152400,0.0,0.0
2023-03-01 00:00:00-05:00,62.5,64.87000274658203,62.0,63.540000915527344,122300,0.0,0.0
2023-03-02 00:00:00-05:00,62.65999984741211,65.16999816894531,62.65999984741211,63.63999938964844,88800,0.0,0.0
2023-03-03 00:00:00-05:00,64.12000274658203,68.33999633789062,63.66999816894531,68.0199966430664,179700,0.0,0.0
2023-03-06 00:00:00-05:00,68.19999694824219,69.9800033569336,68.01000213623047,69.08000183105469,126500,0.0,0.0
2023-03-07 00:00:00-05:00,68.88999938964844,72.36499786376953,66.61000061035156,66.80000305175781,267600,0.0,0.0
2023-03-08 00:00:00-05:00,66.48999786376953,67.93000030517578,65.7300033569336,67.19000244140625,120000,0.0,0.0
2023-03-09 00:00:00-05:00,67.19000244140625,68.68000030517578,66.58999633789062,67.12999725341797,95100,0.0,0.0
2023-03-10 00:00:00-05:00,66.9000015258789,68.41999816894531,65.54000091552734,66.69000244140625,155000,0.0,0.0
2023-03-13 00:00:00-04:00,65.0199966430664,67.12999725341797,63.470001220703125,64.0,145300,0.0,0.0
2023-03-14 00:00:00-04:00,65.56999969482422,67.69999694824219,62.88999938964844,64.13999938964844,95000,0.0,0.0
2023-03-15 00:00:00-04:00,62.54999923706055,65.31999969482422,62.5,64.80000305175781,152600,0.0,0.0
2023-03-16 00:00:00-04:00,64.12000274658203,66.08999633789062,63.584999084472656,65.62999725341797,113300,0.0,0.0
2023-03-17 00:00:00-04:00,65.01000213623047,65.61499786376953,61.849998474121094,62.720001220703125,197600,0.0,0.0
2023-03-20 00:00:00-04:00,63.130001068115234,63.20500183105469,61.45000076293945,61.66999816894531,150900,0.0,0.0
2023-03-21 00:00:00-04:00,62.970001220703125,64.62999725341797,62.52000045776367,64.23999786376953,196900,0.0,0.0
2023-03-22 00:00:00-04:00,63.95000076293945,66.63500213623047,61.79999923706055,64.48999786376953,130600,0.0,0.0
2023-03-23 00:00:00-04:00,65.5,70.0,65.5,66.97000122070312,247800,0.0,0.0
2023-03-24 00:00:00-04:00,66.62999725341797,68.06999969482422,64.94999694824219,67.38999938964844,219600,0.0,0.0
2023-03-27 00:00:00-04:00,67.83000183105469,68.0,59.90999984741211,60.95000076293945,311400,0.0,0.0
2023-03-28 00:00:00-04:00,60.59000015258789,61.84000015258789,58.89500045776367,61.5,187300,0.0,0.0
2023-03-29 00:00:00-04:00,62.060001373291016,65.33999633789062,61.31999969482422,64.68000030517578,114700,0.0,0.0
2023-03-30 00:00:00-04:00,65.37999725341797,66.9800033569336,64.0,65.58999633789062,135600,0.0,0.0
2023-03-31 00:00:00-04:00,66.05000305175781,66.99500274658203,64.8499984741211,65.83999633789062,130400,0.0,0.0
2023-04-03 00:00:00-04:00,65.83999633789062,67.2699966430664,64.87000274658203,66.44000244140625,142300,0.0,0.0
2023-04-04 00:00:00-04:00,67.27999877929688,68.25,65.91000366210938,67.30000305175781,223100,0.0,0.0
2023-04-05 00:00:00-04:00,72.05000305175781,72.97899627685547,55.22999954223633,56.529998779296875,526600,0.0,0.0
2023-04-06 00:00:00-04:00,56.400001525878906,57.345001220703125,53.900001525878906,55.5,443700,0.0,0.0
2023-04-10 00:00:00-04:00,55.209999084472656,57.70000076293945,54.0,57.029998779296875,243000,0.0,0.0
2023-04-11 00:00:00-04:00,59.41999816894531,73.73999786376953,58.099998474121094,72.97000122070312,1816500,0.0,0.0
2023-04-12 00:00:00-04:00,72.8499984741211,73.5250015258789,65.44499969482422,66.16500091552734,384000,0.0,0.0
2023-04-13 00:00:00-04:00,66.97000122070312,66.97000122070312,62.880001068115234,63.560001373291016,208900,0.0,0.0
2023-04-14 00:00:00-04:00,64.7300033569336,65.13999938964844,60.369998931884766,64.83000183105469,362200,0.0,0.0
2023-04-17 00:00:00-04:00,65.2699966430664,68.4800033569336,65.2699966430664,65.69999694824219,165600,0.0,0.0
2023-04-18 00:00:00-04:00,66.38999938964844,67.79499816894531,64.04000091552734,64.93000030517578,134100,0.0,0.0
2023-04-19 00:00:00-04:00,64.55000305175781,66.6500015258789,61.97999954223633,66.19999694824219,141300,0.0,0.0
2023-04-20 00:00:00-04:00,65.44999694824219,67.83999633789062,65.43000030517578,66.63999938964844,98400,0.0,0.0
2023-04-21 00:00:00-04:00,66.5,67.78500366210938,65.0,67.36000061035156,88900,0.0,0.0
2023-04-24 00:00:00-04:00,67.2699966430664,67.2699966430664,65.66999816894531,66.5199966430664,64900,0.0,0.0
2023-04-25 00:00:00-04:00,66.16000366210938,67.375,65.75,66.88999938964844,154100,0.0,0.0
2023-04-26 00:00:00-04:00,66.19999694824219,67.55000305175781,65.2300033569336,65.87999725341797,148500,0.0,0.0
2023-04-27 00:00:00-04:00,66.4000015258789,66.88999938964844,64.5199966430664,65.87000274658203,81200,0.0,0.0
2023-04-28 00:00:00-04:00,65.93000030517578,69.72000122070312,64.33999633789062,68.91999816894531,129800,0.0,0.0
2023-05-01 00:00:00-04:00,68.91000366210938,70.52999877929688,67.04000091552734,68.43000030517578,113900,0.0,0.0
2023-05-02 00:00:00-04:00,68.83000183105469,68.83000183105469,65.83999633789062,65.8499984741211,92400,0.0,0.0
2023-05-03 00:00:00-04:00,65.55000305175781,66.58000183105469,63.16999816894531,66.0,127700,0.0,0.0
2023-05-04 00:00:00-04:00,66.29000091552734,67.7699966430664,65.69000244140625,65.91000366210938,132600,0.0,0.0
2023-05-05 00:00:00-04:00,66.38999938964844,67.71499633789062,65.25,65.44000244140625,91600,0.0,0.0
2023-05-08 00:00:00-04:00,65.56999969482422,66.94999694824219,63.130001068115234,64.11000061035156,88600,0.0,0.0
2023-05-09 00:00:00-04:00,63.63999938964844,67.41000366210938,63.09000015258789,66.30000305175781,76700,0.0,0.0
2023-05-10 00:00:00-04:00,66.81999969482422,67.2300033569336,64.94000244140625,65.72000122070312,84200,0.0,0.0
2023-05-11 00:00:00-04:00,65.4000015258789,66.91000366210938,63.7599983215332,66.26000213623047,86100,0.0,0.0
2023-05-12 00:00:00-04:00,66.22000122070312,67.13500213623047,61.279998779296875,64.8499984741211,172100,0.0,0.0
2023-05-15 00:00:00-04:00,65.11000061035156,66.62000274658203,64.77999877929688,66.20999908447266,80500,0.0,0.0
2023-05-16 00:00:00-04:00,65.4800033569336,66.81999969482422,63.68000030517578,65.0,129000,0.0,0.0
2023-05-17 00:00:00-04:00,65.18000030517578,68.80000305175781,64.9000015258789,68.0,116200,0.0,0.0
2023-05-18 00:00:00-04:00,68.70999908447266,68.98999786376953,66.22000122070312,68.80999755859375,116400,0.0,0.0
2023-05-19 00:00:00-04:00,69.37999725341797,69.87999725341797,67.73999786376953,69.4800033569336,65800,0.0,0.0
2023-05-22 00:00:00-04:00,69.83000183105469,71.9000015258789,66.37999725341797,71.08000183105469,119600,0.0,0.0
2023-05-23 00:00:00-04:00,71.19000244140625,72.83999633789062,69.94000244140625,71.38999938964844,83700,0.0,0.0
2023-05-24 00:00:00-04:00,70.58000183105469,73.80000305175781,70.05000305175781,73.45999908447266,109400,0.0,0.0
2023-05-25 00:00:00-04:00,73.9000015258789,75.36000061035156,72.86000061035156,75.05999755859375,103500,0.0,0.0
2023-05-26 00:00:00-04:00,74.94999694824219,81.66000366210938,74.55000305175781,80.02999877929688,135300,0.0,0.0
2023-05-30 00:00:00-04:00,80.43000030517578,83.30000305175781,80.04499816894531,83.22000122070312,101400,0.0,0.0
2023-05-31 00:00:00-04:00,83.19000244140625,83.37000274658203,80.58000183105469,81.48999786376953,92800,0.0,0.0
2023-06-01 00:00:00-04:00,81.12999725341797,84.98999786376953,81.12999725341797,84.47000122070312,121500,0.0,0.0
2023-06-02 00:00:00-04:00,84.12000274658203,85.9000015258789,81.95999908447266,82.29000091552734,100800,0.0,0.0
2023-06-05 00:00:00-04:00,82.25,86.13999938964844,81.0199966430664,85.4000015258789,148400,0.0,0.0
2023-06-06 00:00:00-04:00,84.68000030517578,87.04000091552734,83.41999816894531,83.75,102600,0.0,0.0
2023-06-07 00:00:00-04:00,83.75,88.48500061035156,83.75,85.66999816894531,110800,0.0,0.0
2023-06-08 00:00:00-04:00,85.43000030517578,86.33999633789062,84.13999938964844,84.76000213623047,124000,0.0,0.0
2023-06-09 00:00:00-04:00,85.37000274658203,85.37000274658203,83.21700286865234,84.2699966430664,85200,0.0,0.0
2023-06-12 00:00:00-04:00,84.23999786376953,85.2249984741211,84.08000183105469,84.11000061035156,70900,0.0,0.0
2023-06-13 00:00:00-04:00,84.37000274658203,85.4000015258789,82.58999633789062,82.81999969482422,100000,0.0,0.0
2023-06-14 00:00:00-04:00,82.5999984741211,85.27999877929688,81.45999908447266,84.0,136500,0.0,0.0
2023-06-15 00:00:00-04:00,83.87999725341797,85.20999908447266,83.87999725341797,84.69000244140625,94900,0.0,0.0
2023-06-16 00:00:00-04:00,85.51000213623047,85.51000213623047,83.78500366210938,84.45999908447266,164500,0.0,0.0
2023-06-20 00:00:00-04:00,84.26000213623047,88.5,83.5999984741211,88.08999633789062,107500,0.0,0.0
2023-06-21 00:00:00-04:00,88.01000213623047,90.63500213623047,86.66000366210938,88.95999908447266,140600,0.0,0.0
2023-06-22 00:00:00-04:00,88.08000183105469,88.51599884033203,85.47000122070312,86.56999969482422,95500,0.0,0.0
2023-06-23 00:00:00-04:00,84.98999786376953,87.5999984741211,83.0199966430664,86.43000030517578,281500,0.0,0.0
2023-06-26 00:00:00-04:00,85.76000213623047,87.98999786376953,85.57499694824219,85.76000213623047,69800,0.0,0.0
2023-06-27 00:00:00-04:00,85.88999938964844,89.63700103759766,85.88999938964844,89.3499984741211,69300,0.0,0.0
2023-06-28 00:00:00-04:00,88.93000030517578,92.87999725341797,88.93000030517578,90.66000366210938,83900,0.0,0.0
2023-06-29 00:00:00-04:00,90.66000366210938,93.93499755859375,90.66000366210938,91.6500015258789,108400,0.0,0.0
2023-06-30 00:00:00-04:00,92.19000244140625,94.08999633789062,91.91999816894531,92.94999694824219,165200,0.0,0.0
2023-07-03 00:00:00-04:00,92.87000274658203,92.94999694824219,90.02999877929688,91.3499984741211,58500,0.0,0.0
2023-07-05 00:00:00-04:00,91.25,91.25,86.31999969482422,87.56999969482422,126900,0.0,0.0
2023-07-06 00:00:00-04:00,87.22000122070312,87.22000122070312,85.08000183105469,85.25,193400,0.0,0.0
2023-07-07 00:00:00-04:00,85.69999694824219,101.98500061035156,85.19999694824219,100.06999969482422,442200,0.0,0.0
2023-07-10 00:00:00-04:00,99.69000244140625,108.93000030517578,99.69000244140625,107.4000015258789,370500,0.0,0.0
2023-07-11 00:00:00-04:00,107.41000366210938,108.30999755859375,101.08999633789062,104.61000061035156,195800,0.0,0.0
2023-07-12 00:00:00-04:00,106.06999969482422,106.06999969482422,102.11000061035156,103.11000061035156,145600,0.0,0.0
2023-07-13 00:00:00-04:00,103.16000366210938,108.91999816894531,103.16000366210938,108.91999816894531,145500,0.0,0.0
2023-07-14 00:00:00-04:00,108.98999786376953,110.0,101.6500015258789,103.06999969482422,185500,0.0,0.0
2023-07-17 00:00:00-04:00,103.44999694824219,105.36000061035156,102.6500015258789,103.37000274658203,105900,0.0,0.0
2023-07-18 00:00:00-04:00,103.06999969482422,104.48500061035156,102.24500274658203,103.19999694824219,122000,0.0,0.0
2023-07-19 00:00:00-04:00,103.19999694824219,104.58999633789062,99.12000274658203,99.44000244140625,124000,0.0,0.0
2023-07-20 00:00:00-04:00,98.7699966430664,100.12000274658203,94.45500183105469,95.33000183105469,147000,0.0,0.0
2023-07-21 00:00:00-04:00,95.69999694824219,95.69999694824219,92.48999786376953,94.98999786376953,116900,0.0,0.0
2023-07-24 00:00:00-04:00,94.98999786376953,96.83999633789062,92.83000183105469,96.06999969482422,147400,0.0,0.0
2023-07-25 00:00:00-04:00,96.08000183105469,99.33000183105469,95.22000122070312,95.56999969482422,112000,0.0,0.0
2023-07-26 00:00:00-04:00,95.68000030517578,99.7699966430664,95.68000030517578,98.4800033569336,68600,0.0,0.0
2023-07-27 00:00:00-04:00,98.62000274658203,100.41000366210938,94.63999938964844,94.63999938964844,97200,0.0,0.0
2023-07-28 00:00:00-04:00,95.55000305175781,97.9000015258789,95.20999908447266,95.6500015258789,68300,0.0,0.0
2023-07-31 00:00:00-04:00,96.4000015258789,99.6989974975586,96.2699966430664,99.51000213623047,107700,0.0,0.0
2023-08-01 00:00:00-04:00,98.68000030517578,101.18000030517578,96.91000366210938,97.55999755859375,117300,0.0,0.0
2023-08-02 00:00:00-04:00,97.30000305175781,98.06999969482422,95.16999816894531,95.70999908447266,70600,0.0,0.0
2023-08-03 00:00:00-04:00,94.80999755859375,95.48999786376953,92.5999984741211,93.75,84700,0.0,0.0
2023-08-04 00:00:00-04:00,94.70999908447266,94.70999908447266,92.26000213623047,92.52999877929688,48500,0.0,0.0
2023-08-07 00:00:00-04:00,92.66000366210938,94.61000061035156,91.88500213623047,94.54000091552734,61600,0.0,0.0
2023-08-08 00:00:00-04:00,93.37999725341797,96.63500213623047,92.94000244140625,95.37000274658203,55700,0.0,0.0
2023-08-09 00:00:00-04:00,95.31999969482422,95.58999633789062,92.18000030517578,92.7300033569336,59800,0.0,0.0
2023-08-10 00:00:00-04:00,93.52999877929688,95.06999969482422,93.02999877929688,94.83000183105469,47300,0.0,0.0
2023-08-11 00:00:00-04:00,94.06999969482422,95.0,92.91999816894531,93.6500015258789,68400,0.0,0.0
2023-08-14 00:00:00-04:00,93.02999877929688,93.4800033569336,91.73999786376953,93.4800033569336,53100,0.0,0.0
2023-08-15 00:00:00-04:00,92.76000213623047,92.9800033569336,88.70999908447266,90.22000122070312,137000,0.0,0.0
2023-08-16 00:00:00-04:00,90.0,91.18499755859375,87.19999694824219,87.95999908447266,120700,0.0,0.0
2023-08-17 00:00:00-04:00,87.76000213623047,88.19999694824219,82.6500015258789,83.86000061035156,145500,0.0,0.0
2023-08-18 00:00:00-04:00,83.13999938964844,87.50499725341797,83.01000213623047,86.80000305175781,99600,0.0,0.0
2023-08-21 00:00:00-04:00,86.97000122070312,90.5199966430664,86.97000122070312,88.51000213623047,61000,0.0,0.0
2023-08-22 00:00:00-04:00,89.63999938964844,90.19000244140625,86.81999969482422,88.76000213623047,45900,0.0,0.0
2023-08-23 00:00:00-04:00,89.0,92.04000091552734,87.80000305175781,91.94000244140625,59200,0.0,0.0
2023-08-24 00:00:00-04:00,91.5999984741211,92.9800033569336,90.0199966430664,91.30999755859375,81400,0.0,0.0
2023-08-25 00:00:00-04:00,91.30999755859375,91.30999755859375,86.66100311279297,86.76000213623047,124800,0.0,0.0
2023-08-28 00:00:00-04:00,86.83999633789062,90.0,86.4800033569336,86.91000366210938,72100,0.0,0.0
2023-08-29 00:00:00-04:00,86.91000366210938,87.80000305175781,85.23999786376953,86.30000305175781,75300,0.0,0.0
2023-08-30 00:00:00-04:00,85.80000305175781,89.3499984741211,85.56999969482422,88.81999969482422,105400,0.0,0.0
2023-08-31 00:00:00-04:00,88.62000274658203,89.75,87.13999938964844,87.37000274658203,61600,0.0,0.0
2023-09-01 00:00:00-04:00,88.22000122070312,89.01000213623047,86.29000091552734,86.66000366210938,55100,0.0,0.0
2023-09-05 00:00:00-04:00,86.23999786376953,86.48999786376953,83.12000274658203,83.47000122070312,90500,0.0,0.0
2023-09-06 00:00:00-04:00,83.44999694824219,83.5199966430664,81.43000030517578,82.44999694824219,60300,0.0,0.0
2023-09-07 00:00:00-04:00,81.37000274658203,81.79000091552734,80.11000061035156,80.9800033569336,94900,0.0,0.0
2023-09-08 00:00:00-04:00,81.62999725341797,84.61000061035156,81.58999633789062,81.70999908447266,91600,0.0,0.0
2023-09-11 00:00:00-04:00,82.6500015258789,83.19999694824219,78.05000305175781,78.9000015258789,120300,0.0,0.0
2023-09-12 00:00:00-04:00,78.87999725341797,80.7699966430664,78.31999969482422,78.43000030517578,87800,0.0,0.0
2023-09-13 00:00:00-04:00,78.33000183105469,79.38999938964844,77.45999908447266,77.54000091552734,87100,0.0,0.0
2023-09-14 00:00:00-04:00,78.19999694824219,79.97000122070312,77.56900024414062,79.77999877929688,116100,0.0,0.0
2023-09-15 00:00:00-04:00,79.8499984741211,80.05000305175781,75.70999908447266,76.75,161000,0.0,0.0
2023-09-18 00:00:00-04:00,75.62999725341797,76.01000213623047,73.6050033569336,73.80000305175781,128500,0.0,0.0
2023-09-19 00:00:00-04:00,73.55000305175781,76.44999694824219,73.5199966430664,75.70999908447266,124200,0.0,0.0
2023-09-20 00:00:00-04:00,76.0,76.63999938964844,68.56999969482422,70.30999755859375,167100,0.0,0.0
2023-09-21 00:00:00-04:00,69.94000244140625,70.45500183105469,68.58999633789062,69.48999786376953,114500,0.0,0.0
2023-09-22 00:00:00-04:00,70.08000183105469,70.08000183105469,68.12000274658203,68.69000244140625,72600,0.0,0.0
2023-09-25 00:00:00-04:00,67.80999755859375,69.71099853515625,67.11000061035156,69.02999877929688,133500,0.0,0.0
2023-09-26 00:00:00-04:00,68.69999694824219,69.55999755859375,66.44000244140625,66.72000122070312,128100,0.0,0.0
2023-09-27 00:00:00-04:00,67.1500015258789,68.33000183105469,65.2249984741211,65.69000244140625,175100,0.0,0.0
2023-09-28 00:00:00-04:00,65.66999816894531,67.41999816894531,64.16000366210938,66.38999938964844,187300,0.0,0.0
2023-09-29 00:00:00-04:00,67.37999725341797,68.55000305175781,65.45999908447266,66.12000274658203,117800,0.0,0.0
2023-10-02 00:00:00-04:00,66.12999725341797,67.95999908447266,65.02999877929688,65.61000061035156,125600,0.0,0.0
2023-10-03 00:00:00-04:00,65.5,66.20999908447266,63.83000183105469,64.02999877929688,127600,0.0,0.0
2023-10-04 00:00:00-04:00,64.0,66.9990005493164,63.29999923706055,66.51000213623047,117400,0.0,0.0
2023-10-05 00:00:00-04:00,66.5,67.81800079345703,65.87999725341797,67.19999694824219,88800,0.0,0.0
2023-10-06 00:00:00-04:00,67.0,73.45500183105469,66.73500061035156,69.3499984741211,210300,0.0,0.0
2023-10-09 00:00:00-04:00,68.29000091552734,70.0199966430664,67.25,69.75,84800,0.0,0.0
2023-10-10 00:00:00-04:00,70.0,72.72000122070312,70.0,71.4000015258789,109500,0.0,0.0
2023-10-11 00:00:00-04:00,71.6500015258789,71.68000030517578,70.0,71.0199966430664,71700,0.0,0.0
2023-10-12 00:00:00-04:00,71.08999633789062,71.08999633789062,64.33000183105469,64.70999908447266,109100,0.0,0.0
2023-10-13 00:00:00-04:00,63.88999938964844,64.21499633789062,60.25,61.38999938964844,218300,0.0,0.0
2023-10-16 00:00:00-04:00,62.5,64.18000030517578,62.5,63.52000045776367,90600,0.0,0.0
2023-10-17 00:00:00-04:00,62.810001373291016,66.08999633789062,61.7400016784668,64.4000015258789,94300,0.0,0.0
2023-10-18 00:00:00-04:00,63.900001525878906,63.900001525878906,62.68000030517578,63.7400016784668,83700,0.0,0.0
2023-10-19 00:00:00-04:00,64.13999938964844,65.76000213623047,63.5099983215332,64.69000244140625,46000,0.0,0.0
2023-10-20 00:00:00-04:00,64.66999816894531,66.37999725341797,63.76599884033203,64.9800033569336,84000,0.0,0.0
2023-10-23 00:00:00-04:00,63.97999954223633,67.08999633789062,63.29999923706055,66.66000366210938,76600,0.0,0.0
2023-10-24 00:00:00-04:00,67.5999984741211,68.41000366210938,64.80500030517578,65.9000015258789,124100,0.0,0.0
2023-10-25 00:00:00-04:00,65.41999816894531,66.7300033569336,63.959999084472656,64.70999908447266,77400,0.0,0.0
2023-10-26 00:00:00-04:00,65.19000244140625,66.36199951171875,64.5199966430664,64.7699966430664,65000,0.0,0.0
2023-10-27 00:00:00-04:00,64.7699966430664,65.1050033569336,61.86000061035156,61.86000061035156,117100,0.0,0.0
2023-10-30 00:00:00-04:00,62.86000061035156,62.904998779296875,56.810001373291016,57.25,220100,0.0,0.0
2023-10-31 00:00:00-04:00,57.25,59.029998779296875,56.5,57.13999938964844,133600,0.0,0.0
2023-11-01 00:00:00-04:00,56.75,57.470001220703125,55.0,56.689998626708984,94100,0.0,0.0
2023-11-02 00:00:00-04:00,57.70000076293945,60.779998779296875,57.5,59.70000076293945,151900,0.0,0.0
2023-11-03 00:00:00-04:00,61.0,66.71499633789062,60.76499938964844,66.18000030517578,253800,0.0,0.0
2023-11-06 00:00:00-05:00,66.18000030517578,69.3550033569336,62.720001220703125,63.459999084472656,151400,0.0,0.0
2023-11-07 00:00:00-05:00,63.689998626708984,65.2300033569336,62.56999969482422,63.0099983215332,77300,0.0,0.0
2023-11-08 00:00:00-05:00,63.849998474121094,64.56999969482422,61.34000015258789,63.0,145900,0.0,0.0
2023-11-09 00:00:00-05:00,55.0,57.849998474121094,53.7400016784668,56.36000061035156,485900,0.0,0.0
2023-11-10 00:00:00-05:00,56.36000061035156,56.7400016784668,51.790000915527344,52.2599983215332,272500,0.0,0.0
2023-11-13 00:00:00-05:00,51.20000076293945,53.20000076293945,51.02000045776367,52.709999084472656,151400,0.0,0.0
2023-11-14 00:00:00-05:00,55.119998931884766,57.70000076293945,53.790000915527344,57.29999923706055,163200,0.0,0.0
2023-11-15 00:00:00-05:00,58.0,60.939998626708984,57.61000061035156,58.81999969482422,113800,0.0,0.0
2023-11-16 00:00:00-05:00,59.11000061035156,61.459999084472656,58.029998779296875,61.369998931884766,120000,0.0,0.0
2023-11-17 00:00:00-05:00,61.959999084472656,65.38999938964844,61.95000076293945,64.44999694824219,229300,0.0,0.0
2023-11-20 00:00:00-05:00,64.56999969482422,65.44000244140625,60.9900016784668,62.06999969482422,121300,0.0,0.0
2023-11-21 00:00:00-05:00,61.75,62.90999984741211,61.400001525878906,61.970001220703125,84600,0.0,0.0
2023-11-22 00:00:00-05:00,61.900001525878906,63.560001373291016,61.43000030517578,62.45000076293945,122300,0.0,0.0
2023-11-24 00:00:00-05:00,62.7400016784668,63.18000030517578,61.380001068115234,62.84000015258789,50100,0.0,0.0
2023-11-27 00:00:00-05:00,63.040000915527344,63.040000915527344,61.20000076293945,62.11000061035156,85100,0.0,0.0
2023-11-28 00:00:00-05:00,61.959999084472656,63.36000061035156,61.70000076293945,62.41999816894531,69800,0.0,0.0
2023-11-29 00:00:00-05:00,62.7599983215332,63.91999816894531,61.34000015258789,62.189998626708984,71700,0.0,0.0
2023-11-30 00:00:00-05:00,62.189998626708984,62.709999084472656,60.91999816894531,62.47999954223633,105700,0.0,0.0
2023-12-01 00:00:00-05:00,62.13999938964844,64.30999755859375,62.099998474121094,64.16000366210938,68800,0.0,0.0
2023-12-04 00:00:00-05:00,63.79999923706055,65.99500274658203,62.87699890136719,63.029998779296875,82100,0.0,0.0
2023-12-05 00:00:00-05:00,62.95000076293945,63.36000061035156,61.130001068115234,61.130001068115234,60700,0.0,0.0
2023-12-06 00:00:00-05:00,61.77000045776367,63.1150016784668,60.380001068115234,60.790000915527344,71600,0.0,0.0
2023-12-07 00:00:00-05:00,61.04999923706055,61.83000183105469,59.959999084472656,61.15999984741211,50600,0.0,0.0
2023-12-08 00:00:00-05:00,61.15999984741211,61.926998138427734,59.7599983215332,60.63999938964844,60900,0.0,0.0
2023-12-11 00:00:00-05:00,60.619998931884766,60.70000076293945,59.439998626708984,60.560001373291016,81300,0.0,0.0
2023-12-12 00:00:00-05:00,60.560001373291016,64.16999816894531,60.130001068115234,63.93000030517578,71600,0.0,0.0
2023-12-13 00:00:00-05:00,63.59000015258789,65.31999969482422,60.959999084472656,65.26000213623047,88700,0.0,0.0
2023-12-14 00:00:00-05:00,66.26000213623047,70.2699966430664,66.26000213623047,70.0,152600,0.0,0.0
2023-12-15 00:00:00-05:00,70.44000244140625,70.83000183105469,68.22000122070312,68.98999786376953,168300,0.0,0.0
2023-12-18 00:00:00-05:00,69.54000091552734,69.62000274658203,68.11000061035156,69.29000091552734,143400,0.0,0.0
2023-12-19 00:00:00-05:00,69.98999786376953,71.83999633789062,68.91999816894531,70.41999816894531,118800,0.0,0.0
2023-12-20 00:00:00-05:00,70.44999694824219,72.23999786376953,68.88999938964844,70.51000213623047,137700,0.0,0.0
2023-12-21 00:00:00-05:00,72.2699966430664,74.19000244140625,71.19999694824219,73.5999984741211,72800,0.0,0.0
2023-12-22 00:00:00-05:00,74.44000244140625,77.01000213623047,73.5,77.0,169200,0.0,0.0
2023-12-26 00:00:00-05:00,77.08999633789062,77.89700317382812,75.16000366210938,77.13999938964844,103900,0.0,0.0
2023-12-27 00:00:00-05:00,78.23999786376953,79.64199829101562,77.97000122070312,79.0,124600,0.0,0.0
2023-12-28 00:00:00-05:00,78.87999725341797,80.54000091552734,77.22799682617188,78.12999725341797,138900,0.0,0.0
2023-12-29 00:00:00-05:00,78.12999725341797,78.12999725341797,75.0,76.0,57800,0.0,0.0
2024-01-02 00:00:00-05:00,75.26000213623047,76.86000061035156,73.06999969482422,73.22000122070312,192100,0.0,0.0
2024-01-03 00:00:00-05:00,71.76000213623047,74.9800033569336,70.01000213623047,73.69999694824219,187400,0.0,0.0
2024-01-04 00:00:00-05:00,73.91999816894531,75.18000030517578,73.28900146484375,74.58999633789062,185100,0.0,0.0
2024-01-05 00:00:00-05:00,74.5199966430664,92.51499938964844,74.5199966430664,87.7699966430664,576900,0.0,0.0
2024-01-08 00:00:00-05:00,87.44999694824219,90.22000122070312,86.65599822998047,90.20999908447266,255500,0.0,0.0
2024-01-09 00:00:00-05:00,89.47000122070312,97.91000366210938,89.4000015258789,96.16999816894531,205000,0.0,0.0
2024-01-10 00:00:00-05:00,95.1500015258789,96.16000366210938,90.93000030517578,93.0,138600,0.0,0.0
2024-01-11 00:00:00-05:00,92.83999633789062,93.0,88.16200256347656,88.77999877929688,105200,0.0,0.0
2024-01-12 00:00:00-05:00,91.16999816894531,94.31999969482422,88.06999969482422,88.55000305175781,160000,0.0,0.0
2024-01-16 00:00:00-05:00,87.26000213623047,90.17500305175781,87.19999694824219,89.33999633789062,85700,0.0,0.0
2024-01-17 00:00:00-05:00,87.01000213623047,90.4000015258789,86.88200378417969,90.38999938964844,89900,0.0,0.0
2024-01-18 00:00:00-05:00,90.7300033569336,91.44000244140625,87.72000122070312,88.08000183105469,92200,0.0,0.0
2024-01-19 00:00:00-05:00,88.05999755859375,92.31999969482422,87.08699798583984,91.41999816894531,117200,0.0,0.0
2024-01-22 00:00:00-05:00,91.0,93.21499633789062,89.5,90.01000213623047,88900,0.0,0.0
2024-01-23 00:00:00-05:00,91.54000091552734,91.54000091552734,90.0,90.62999725341797,73000,0.0,0.0
2024-01-24 00:00:00-05:00,92.31999969482422,93.93000030517578,90.0199966430664,90.75,73900,0.0,0.0
2024-01-25 00:00:00-05:00,91.72000122070312,92.8740005493164,90.43000030517578,91.18000030517578,78000,0.0,0.0
2024-01-26 00:00:00-05:00,91.5,92.69000244140625,91.05000305175781,91.2699966430664,103300,0.0,0.0
2024-01-29 00:00:00-05:00,91.88999938964844,95.79000091552734,91.25,95.7300033569336,135800,0.0,0.0
2024-01-30 00:00:00-05:00,95.75,98.58000183105469,90.5459976196289,97.16999816894531,121700,0.0,0.0
2024-01-31 00:00:00-05:00,97.18000030517578,101.6500015258789,96.95999908447266,98.12999725341797,190700,0.0,0.0
2024-02-01 00:00:00-05:00,99.44999694824219,101.83000183105469,96.5999984741211,101.73999786376953,101300,0.0,0.0
2024-02-02 00:00:00-05:00,100.0,100.45999908447266,97.48999786376953,97.80000305175781,112100,0.0,0.0
2024-02-05 00:00:00-05:00,96.83000183105469,99.44999694824219,95.16000366210938,98.88999938964844,106600,0.0,0.0
2024-02-06 00:00:00-05:00,98.58999633789062,99.26499938964844,95.18499755859375,95.30999755859375,86400,0.0,0.0
2024-02-07 00:00:00-05:00,95.93000030517578,99.16999816894531,95.26100158691406,99.1500015258789,66300,0.0,0.0
2024-02-08 00:00:00-05:00,99.72000122070312,103.16000366210938,98.93000030517578,102.62000274658203,73000,0.0,0.0
2024-02-09 00:00:00-05:00,101.91999816894531,104.1500015258789,100.55000305175781,103.66000366210938,110800,0.0,0.0
2024-02-12 00:00:00-05:00,103.0999984741211,108.22000122070312,103.0999984741211,107.33999633789062,90400,0.0,0.0
2024-02-13 00:00:00-05:00,102.5199966430664,104.69999694824219,100.83000183105469,101.0,100600,0.0,0.0
2024-02-14 00:00:00-05:00,102.6500015258789,102.6500015258789,98.30000305175781,99.48999786376953,72600,0.0,0.0
2024-02-15 00:00:00-05:00,99.81999969482422,104.86000061035156,99.81999969482422,103.48999786376953,75800,0.0,0.0
2024-02-16 00:00:00-05:00,102.8499984741211,104.4800033569336,101.50299835205078,103.06999969482422,55300,0.0,0.0
2024-02-20 00:00:00-05:00,102.44000244140625,102.48600006103516,98.19000244140625,98.69000244140625,53300,0.0,0.0
2024-02-21 00:00:00-05:00,98.62999725341797,100.0199966430664,97.0,98.27999877929688,83000,0.0,0.0
2024-02-22 00:00:00-05:00,99.33000183105469,100.98999786376953,98.66400146484375,99.69000244140625,66300,0.0,0.0
2024-02-23 00:00:00-05:00,99.61000061035156,100.76499938964844,97.65699768066406,99.23999786376953,40000,0.0,0.0
2024-02-26 00:00:00-05:00,98.33000183105469,99.70999908447266,94.6500015258789,94.87999725341797,70100,0.0,0.0
2024-02-27 00:00:00-05:00,95.31999969482422,97.91999816894531,94.82499694824219,97.68000030517578,55300,0.0,0.0
2024-02-28 00:00:00-05:00,96.5,97.4800033569336,92.55000305175781,92.97000122070312,59300,0.0,0.0
2024-02-29 00:00:00-05:00,94.83000183105469,96.0,93.66000366210938,95.02999877929688,59300,0.0,0.0
2024-03-01 00:00:00-05:00,95.48999786376953,96.93499755859375,94.56999969482422,95.25,53400,0.0,0.0
2024-03-04 00:00:00-05:00,94.91999816894531,96.62000274658203,92.38500213623047,94.9000015258789,140700,0.0,0.0
2024-03-05 00:00:00-05:00,93.94999694824219,95.91500091552734,92.33000183105469,93.51000213623047,69000,0.0,0.0
2024-03-06 00:00:00-05:00,93.51000213623047,94.5999984741211,91.12999725341797,91.83000183105469,68300,0.0,0.0
2024-03-07 00:00:00-05:00,92.94999694824219,93.94000244140625,92.47000122070312,92.55000305175781,28900,0.0,0.0
2024-03-08 00:00:00-05:00,94.04000091552734,97.05000305175781,94.04000091552734,95.87999725341797,59800,0.0,0.0
2024-03-11 00:00:00-04:00,95.63999938964844,95.63999938964844,92.25,92.56999969482422,59400,0.0,0.0
2024-03-12 00:00:00-04:00,92.20999908447266,97.55000305175781,90.91999816894531,97.01000213623047,63900,0.0,0.0
2024-03-13 00:00:00-04:00,96.61000061035156,101.9000015258789,96.37999725341797,100.95999908447266,71500,0.0,0.0
2024-03-14 00:00:00-04:00,100.95999908447266,102.0,97.08999633789062,98.68000030517578,55800,0.0,0.0
2024-03-15 00:00:00-04:00,98.29000091552734,102.55500030517578,98.1500015258789,100.18000030517578,74100,0.0,0.0
2024-03-18 00:00:00-04:00,101.79000091552734,102.11199951171875,98.0199966430664,100.87999725341797,56300,0.0,0.0
2024-03-19 00:00:00-04:00,99.7699966430664,110.70999908447266,99.7699966430664,110.08999633789062,225300,0.0,0.0
2024-03-20 00:00:00-04:00,110.19999694824219,111.81999969482422,107.25,108.33000183105469,93500,0.0,0.0
2024-03-21 00:00:00-04:00,108.93000030517578,111.36000061035156,105.87999725341797,107.08000183105469,122800,0.0,0.0
2024-03-22 00:00:00-04:00,108.06999969482422,117.54900360107422,107.0999984741211,115.62000274658203,142800,0.0,0.0
2024-03-25 00:00:00-04:00,116.38999938964844,119.0,114.56999969482422,115.79000091552734,107300,0.0,0.0
2024-03-26 00:00:00-04:00,116.87999725341797,118.95999908447266,112.01000213623047,112.0999984741211,102900,0.0,0.0
2024-03-27 00:00:00-04:00,113.73999786376953,122.41000366210938,113.73999786376953,119.9800033569336,149000,0.0,0.0
2024-03-28 00:00:00-04:00,120.43000030517578,122.80999755859375,114.19000244140625,115.16000366210938,171800,0.0,0.0
2024-04-01 00:00:00-04:00,117.4000015258789,117.4000015258789,109.18499755859375,111.37000274658203,210600,0.0,0.0
2024-04-02 00:00:00-04:00,112.3499984741211,112.3499984741211,106.41999816894531,107.5,161700,0.0,0.0
2024-04-03 00:00:00-04:00,107.23999786376953,107.29000091552734,101.1449966430664,104.16000366210938,176800,0.0,0.0
2024-04-04 00:00:00-04:00,105.0,105.12000274658203,101.56800079345703,103.8499984741211,304300,0.0,0.0
2024-04-05 00:00:00-04:00,111.01000213623047,116.47000122070312,109.0,110.05000305175781,610700,0.0,0.0
2024-04-08 00:00:00-04:00,109.94999694824219,116.30999755859375,109.02999877929688,114.51000213623047,212500,0.0,0.0
2024-04-09 00:00:00-04:00,114.25,119.37000274658203,114.08999633789062,115.69999694824219,241200,0.0,0.0
2024-04-10 00:00:00-04:00,109.9800033569336,116.13999938964844,109.9800033569336,113.80000305175781,223700,0.0,0.0
2024-04-11 00:00:00-04:00,113.91000366210938,115.0,111.0999984741211,113.05999755859375,127600,0.0,0.0
2024-04-12 00:00:00-04:00,112.06999969482422,113.0,109.43000030517578,110.66000366210938,85000,0.0,0.0
2024-04-15 00:00:00-04:00,110.66000366210938,111.81999969482422,109.33000183105469,110.05000305175781,133700,0.0,0.0
2024-04-16 00:00:00-04:00,108.66000366210938,111.55500030517578,107.48300170898438,110.18000030517578,127900,0.0,0.0
2024-04-17 00:00:00-04:00,110.79000091552734,113.0,109.7750015258789,110.0,113700,0.0,0.0
2024-04-18 00:00:00-04:00,109.9000015258789,111.9000015258789,108.27999877929688,109.04000091552734,108100,0.0,0.0
2024-04-19 00:00:00-04:00,108.30999755859375,109.58999633789062,107.08000183105469,107.9800033569336,112600,0.0,0.0
2024-04-22 00:00:00-04:00,108.22000122070312,110.37999725341797,106.54000091552734,109.87999725341797,97500,0.0,0.0
2024-04-23 00:00:00-04:00,109.93000030517578,112.70999908447266,109.93000030517578,111.76000213623047,52800,0.0,0.0
2024-04-24 00:00:00-04:00,110.05999755859375,112.3499984741211,108.41999816894531,109.0,84100,0.0,0.0
2024-04-25 00:00:00-04:00,107.25,110.86000061035156,105.52999877929688,109.30999755859375,89700,0.0,0.0
2024-04-26 00:00:00-04:00,110.48999786376953,114.00499725341797,110.48999786376953,113.95999908447266,66500,0.0,0.0
2024-04-29 00:00:00-04:00,113.95999908447266,115.19000244140625,110.79000091552734,110.80000305175781,78600,0.0,0.0
2024-04-30 00:00:00-04:00,110.05000305175781,111.88999938964844,109.11499786376953,110.08000183105469,78500,0.0,0.0
2024-05-01 00:00:00-04:00,109.87999725341797,109.87999725341797,102.13999938964844,102.5,117900,0.0,0.0
2024-05-02 00:00:00-04:00,103.7699966430664,107.19000244140625,102.8949966430664,106.20999908447266,105700,0.0,0.0
2024-05-03 00:00:00-04:00,108.5,109.4800033569336,105.33000183105469,105.91999816894531,87500,0.0,0.0
2024-05-06 00:00:00-04:00,105.44000244140625,107.93000030517578,105.44000244140625,106.30000305175781,75800,0.0,0.0
2024-05-07 00:00:00-04:00,106.30000305175781,107.76000213623047,104.48999786376953,106.83000183105469,59800,0.0,0.0
2024-05-08 00:00:00-04:00,106.0,107.08000183105469,102.38600158691406,104.5199966430664,70300,0.0,0.0
2024-05-09 00:00:00-04:00,105.4000015258789,108.22000122070312,104.44000244140625,106.1500015258789,65100,0.0,0.0
2024-05-10 00:00:00-04:00,107.52999877929688,112.9729995727539,107.52999877929688,111.9000015258789,186200,0.0,0.0
2024-05-13 00:00:00-04:00,112.02999877929688,121.98999786376953,106.26000213623047,106.29000091552734,186000,0.0,0.0
2024-05-14 00:00:00-04:00,106.98999786376953,109.79000091552734,104.5199966430664,104.87000274658203,204800,0.0,0.0
2024-05-15 00:00:00-04:00,106.13999938964844,107.5999984741211,102.51000213623047,106.69000244140625,99500,0.0,0.0
2024-05-16 00:00:00-04:00,106.58999633789062,117.76000213623047,105.76000213623047,116.08000183105469,220100,0.0,0.0
2024-05-17 00:00:00-04:00,116.08999633789062,116.08999633789062,110.08000183105469,111.45999908447266,98200,0.0,0.0
2024-05-20 00:00:00-04:00,111.69000244140625,112.61399841308594,103.2300033569336,103.8499984741211,133700,0.0,0.0
2024-05-21 00:00:00-04:00,102.41000366210938,103.0199966430664,97.90499877929688,99.37000274658203,175900,0.0,0.0
2024-05-22 00:00:00-04:00,100.36000061035156,100.5,96.55999755859375,97.0,135500,0.0,0.0
2024-05-23 00:00:00-04:00,97.55999755859375,97.55999755859375,94.38999938964844,95.23999786376953,111500,0.0,0.0
2024-05-24 00:00:00-04:00,96.37000274658203,98.08999633789062,94.83000183105469,96.08999633789062,73900,0.0,0.0
2024-05-28 00:00:00-04:00,97.01000213623047,97.95999908447266,96.11000061035156,97.01000213623047,102600,0.0,0.0
2024-05-29 00:00:00-04:00,96.08999633789062,99.91999816894531,95.16000366210938,98.62999725341797,80800,0.0,0.0
2024-05-30 00:00:00-04:00,98.33000183105469,100.5999984741211,97.5009994506836,99.51000213623047,90500,0.0,0.0
2024-05-31 00:00:00-04:00,100.08000183105469,101.04499816894531,96.93000030517578,99.91000366210938,96600,0.0,0.0
2024-06-03 00:00:00-04:00,100.01000213623047,100.01000213623047,95.58999633789062,97.02999877929688,144200,0.0,0.0
2024-06-04 00:00:00-04:00,96.5,97.7300033569336,96.11399841308594,97.30000305175781,66300,0.0,0.0
2024-06-05 00:00:00-04:00,98.20999908447266,103.62000274658203,96.51000213623047,100.62000274658203,98000,0.0,0.0
2024-06-06 00:00:00-04:00,100.02999877929688,100.05000305175781,93.91999816894531,94.19000244140625,108200,0.0,0.0
2024-06-07 00:00:00-04:00,92.6500015258789,94.66000366210938,87.83000183105469,87.83999633789062,439000,0.0,0.0
2024-06-10 00:00:00-04:00,87.3499984741211,91.05999755859375,87.3499984741211,89.4000015258789,268600,0.0,0.0
2024-06-11 00:00:00-04:00,88.97000122070312,89.0,83.1500015258789,83.26000213623047,210500,0.0,0.0
2024-06-12 00:00:00-04:00,85.0,86.77999877929688,83.95999908447266,85.41999816894531,111100,0.0,0.0
2024-06-13 00:00:00-04:00,85.87999725341797,85.87999725341797,81.12999725341797,82.70999908447266,176300,0.0,0.0
2024-06-14 00:00:00-04:00,82.47000122070312,82.94999694824219,80.41999816894531,82.69999694824219,161400,0.0,0.0
2024-06-17 00:00:00-04:00,82.83000183105469,84.23999786376953,80.22000122070312,83.45999908447266,129600,0.0,0.0
2024-06-18 00:00:00-04:00,83.66000366210938,89.25,83.66000366210938,86.77999877929688,164100,0.0,0.0
2024-06-20 00:00:00-04:00,87.30999755859375,90.91999816894531,86.9000015258789,88.23999786376953,158700,0.0,0.0
2024-06-21 00:00:00-04:00,88.0199966430664,90.0199966430664,85.13999938964844,88.02999877929688,201200,0.0,0.0
2024-06-24 00:00:00-04:00,87.5999984741211,87.5999984741211,85.0199966430664,86.20999908447266,119300,0.0,0.0
2024-06-25 00:00:00-04:00,86.0,86.87999725341797,82.97000122070312,83.38999938964844,154800,0.0,0.0
2024-06-26 00:00:00-04:00,83.41000366210938,83.87999725341797,81.69999694824219,83.81999969482422,116900,0.0,0.0
2024-06-27 00:00:00-04:00,83.94999694824219,84.11000061035156,80.96900177001953,82.38999938964844,132500,0.0,0.0
2024-06-28 00:00:00-04:00,68.5199966430664,68.94999694824219,60.189998626708984,63.09000015258789,1426100,0.0,0.0
2024-07-01 00:00:00-04:00,63.45000076293945,63.79999923706055,60.231998443603516,60.400001525878906,332100,0.0,0.0
2024-07-02 00:00:00-04:00,60.65999984741211,62.689998626708984,60.25,61.18000030517578,253500,0.0,0.0
2024-07-03 00:00:00-04:00,61.61000061035156,61.98500061035156,60.04999923706055,60.61000061035156,156900,0.0,0.0
2024-07-05 00:00:00-04:00,61.0,61.08000183105469,58.099998474121094,59.130001068115234,177200,0.0,0.0
2024-07-08 00:00:00-04:00,60.040000915527344,62.279998779296875,58.959999084472656,61.959999084472656,293400,0.0,0.0
2024-07-09 00:00:00-04:00,62.0,62.41999816894531,57.5,58.470001220703125,397100,0.0,0.0
2024-07-10 00:00:00-04:00,56.029998779296875,56.7599983215332,49.0099983215332,49.06999969482422,1007100,0.0,0.0
2024-07-11 00:00:00-04:00,50.22999954223633,56.63999938964844,50.119998931884766,55.029998779296875,539100,0.0,0.0
2024-07-12 00:00:00-04:00,56.43000030517578,58.16999816894531,54.650001525878906,54.779998779296875,246500,0.0,0.0
2024-07-15 00:00:00-04:00,54.209999084472656,55.17499923706055,53.064998626708984,53.119998931884766,169200,0.0,0.0
2024-07-16 00:00:00-04:00,53.90999984741211,58.599998474121094,53.5,57.599998474121094,280800,0.0,0.0
2024-07-17 00:00:00-04:00,57.310001373291016,57.52000045776367,52.52000045776367,53.16999816894531,285600,0.0,0.0
2024-07-18 00:00:00-04:00,53.16999816894531,54.79999923706055,50.5099983215332,52.150001525878906,331400,0.0,0.0
2024-07-19 00:00:00-04:00,51.779998779296875,53.349998474121094,51.70000076293945,52.529998779296875,165800,0.0,0.0
2024-07-22 00:00:00-04:00,52.529998779296875,53.380001068115234,51.494998931884766,52.619998931884766,144700,0.0,0.0
2024-07-23 00:00:00-04:00,52.52000045776367,55.38999938964844,52.02000045776367,53.95000076293945,159000,0.0,0.0
2024-07-24 00:00:00-04:00,53.459999084472656,53.939998626708984,51.75,52.209999084472656,275300,0.0,0.0
2024-07-25 00:00:00-04:00,52.06999969482422,54.20000076293945,51.58000183105469,52.83000183105469,168600,0.0,0.0
2024-07-26 00:00:00-04:00,54.099998474121094,55.20000076293945,53.55500030517578,54.61000061035156,181500,0.0,0.0
2024-07-29 00:00:00-04:00,55.11000061035156,57.33000183105469,54.20000076293945,55.79999923706055,210000,0.0,0.0
2024-07-30 00:00:00-04:00,56.470001220703125,57.45000076293945,55.54999923706055,55.56999969482422,164300,0.0,0.0
2024-07-31 00:00:00-04:00,56.5,59.59000015258789,56.03099822998047,57.4900016784668,150200,0.0,0.0
2024-08-01 00:00:00-04:00,57.70000076293945,60.09000015258789,54.74399948120117,55.54999923706055,272700,0.0,0.0
2024-08-02 00:00:00-04:00,53.29999923706055,54.654998779296875,52.0,53.8849983215332,239900,0.0,0.0
2024-08-05 00:00:00-04:00,49.5,52.34000015258789,48.65999984741211,48.790000915527344,236300,0.0,0.0
2024-08-06 00:00:00-04:00,50.04999923706055,54.47999954223633,49.0099983215332,53.47999954223633,216000,0.0,0.0
2024-08-07 00:00:00-04:00,54.72999954223633,57.880001068115234,53.0,53.790000915527344,269800,0.0,0.0
2024-08-08 00:00:00-04:00,54.880001068115234,58.75,53.459999084472656,57.97999954223633,276200,0.0,0.0
2024-08-09 00:00:00-04:00,57.869998931884766,58.27000045776367,56.619998931884766,57.65999984741211,112000,0.0,0.0
2024-08-12 00:00:00-04:00,57.9900016784668,60.540000915527344,57.150001525878906,58.66999816894531,173900,0.0,0.0
2024-08-13 00:00:00-04:00,58.68000030517578,60.75,57.75899887084961,60.27000045776367,138500,0.0,0.0
2024-08-14 00:00:00-04:00,60.70000076293945,61.18000030517578,58.29999923706055,58.689998626708984,128600,0.0,0.0
2024-08-15 00:00:00-04:00,59.849998474121094,65.29000091552734,59.25,65.2699966430664,229200,0.0,0.0
2024-08-16 00:00:00-04:00,64.93000030517578,65.2249984741211,62.810001373291016,62.970001220703125,357000,0.0,0.0
2024-08-19 00:00:00-04:00,63.29999923706055,63.29999923706055,59.0,61.619998931884766,271800,0.0,0.0
2024-08-20 00:00:00-04:00,62.09000015258789,62.19900131225586,59.099998474121094,61.43000030517578,164500,0.0,0.0
2024-08-21 00:00:00-04:00,61.79999923706055,64.93000030517578,61.79999923706055,64.91999816894531,101500,0.0,0.0
2024-08-22 00:00:00-04:00,64.94000244140625,65.24500274658203,63.029998779296875,63.61000061035156,78500,0.0,0.0
2024-08-23 00:00:00-04:00,64.43000030517578,68.41000366210938,64.30000305175781,67.37000274658203,191300,0.0,0.0
2024-08-26 00:00:00-04:00,67.43000030517578,68.4000015258789,66.33999633789062,67.12999725341797,88200,0.0,0.0
2024-08-27 00:00:00-04:00,66.16999816894531,67.50399780273438,65.30000305175781,66.47000122070312,136900,0.0,0.0
2024-08-28 00:00:00-04:00,65.94999694824219,66.5250015258789,63.959999084472656,65.8499984741211,112700,0.0,0.0
2024-08-29 00:00:00-04:00,66.12999725341797,67.66000366210938,65.7300033569336,66.58999633789062,98900,0.0,0.0
2024-08-30 00:00:00-04:00,67.31999969482422,68.01000213623047,64.59500122070312,65.98999786376953,96000,0.0,0.0
2024-09-03 00:00:00-04:00,65.5,66.08999633789062,60.5099983215332,61.4900016784668,138200,0.0,0.0
2024-09-04 00:00:00-04:00,61.720001220703125,63.63999938964844,60.65999984741211,63.15999984741211,101100,0.0,0.0
2024-09-05 00:00:00-04:00,63.709999084472656,64.28500366210938,62.349998474121094,62.9900016784668,75600,0.0,0.0
2024-09-06 00:00:00-04:00,63.029998779296875,64.16000366210938,62.290000915527344,62.29999923706055,105700,0.0,0.0
2024-09-09 00:00:00-04:00,62.900001525878906,63.689998626708984,60.474998474121094,61.119998931884766,122700,0.0,0.0
2024-09-10 00:00:00-04:00,62.77000045776367,64.06999969482422,60.0099983215332,62.400001525878906,198800,0.0,0.0
2024-09-11 00:00:00-04:00,62.380001068115234,71.87999725341797,61.31999969482422,70.31999969482422,599800,0.0,0.0
2024-09-12 00:00:00-04:00,70.98999786376953,77.61000061035156,70.26499938964844,76.94999694824219,387900,0.0,0.0
2024-09-13 00:00:00-04:00,77.87999725341797,80.54499816894531,75.91999816894531,77.77999877929688,281700,0.0,0.0
2024-09-16 00:00:00-04:00,77.38999938964844,79.41500091552734,76.7300033569336,77.33000183105469,107800,0.0,0.0
2024-09-17 00:00:00-04:00,78.45999908447266,82.5199966430664,77.18000030517578,81.8499984741211,239100,0.0,0.0
2024-09-18 00:00:00-04:00,82.47000122070312,84.0,79.2300033569336,81.66999816894531,161700,0.0,0.0
2024-09-19 00:00:00-04:00,84.5,86.18000030517578,82.63999938964844,85.80999755859375,139800,0.0,0.0
2024-09-20 00:00:00-04:00,85.5,85.66500091552734,82.81999969482422,83.97000122070312,226500,0.0,0.0
2024-09-23 00:00:00-04:00,84.0999984741211,85.35399627685547,82.52999877929688,84.19999694824219,72200,0.0,0.0
2024-09-24 00:00:00-04:00,84.5,85.5,83.55000305175781,83.66999816894531,66800,0.0,0.0
2024-09-25 00:00:00-04:00,83.68000030517578,84.43499755859375,81.19999694824219,81.23999786376953,108300,0.0,0.0
2024-09-26 00:00:00-04:00,82.52999877929688,84.3759994506836,80.62999725341797,82.45999908447266,97600,0.0,0.0
2024-09-27 00:00:00-04:00,83.9800033569336,84.36499786376953,82.22000122070312,82.37999725341797,73000,0.0,0.0
2024-09-30 00:00:00-04:00,81.20999908447266,82.66999816894531,78.73500061035156,80.55999755859375,178900,0.0,0.0
2024-10-01 00:00:00-04:00,79.97000122070312,80.33300018310547,76.4800033569336,77.20999908447266,106800,0.0,0.0
2024-10-02 00:00:00-04:00,76.76000213623047,78.77899932861328,76.05999755859375,76.72000122070312,128600,0.0,0.0
2024-10-03 00:00:00-04:00,76.0,78.30000305175781,74.62999725341797,78.29000091552734,128800,0.0,0.0
2024-10-04 00:00:00-04:00,79.94999694824219,84.61499786376953,78.77999877929688,83.51000213623047,132700,0.0,0.0
2024-10-07 00:00:00-04:00,82.97000122070312,83.55999755859375,80.33999633789062,81.38999938964844,73000,0.0,0.0
2024-10-08 00:00:00-04:00,81.37999725341797,83.87999725341797,81.18199920654297,82.31999969482422,61900,0.0,0.0
2024-10-09 00:00:00-04:00,82.30000305175781,83.77200317382812,80.75,83.31999969482422,61900,0.0,0.0
2024-10-10 00:00:00-04:00,81.94999694824219,82.19000244140625,80.31999969482422,81.7300033569336,55800,0.0,0.0
2024-10-11 00:00:00-04:00,81.37999725341797,83.6500015258789,81.37999725341797,82.33999633789062,51900,0.0,0.0
2024-10-14 00:00:00-04:00,82.13999938964844,84.06999969482422,81.08200073242188,83.98999786376953,72700,0.0,0.0
2024-10-15 00:00:00-04:00,83.95999908447266,84.6500015258789,82.27999877929688,84.01000213623047,64200,0.0,0.0
2024-10-16 00:00:00-04:00,84.98999786376953,85.37999725341797,80.38500213623047,83.79000091552734,83500,0.0,0.0
2024-10-17 00:00:00-04:00,84.48999786376953,88.62999725341797,83.44000244140625,87.9800033569336,178900,0.0,0.0
2024-10-18 00:00:00-04:00,88.5999984741211,90.6500015258789,86.49800109863281,90.51000213623047,152100,0.0,0.0
2024-10-21 00:00:00-04:00,90.80000305175781,93.44999694824219,89.2300033569336,89.6500015258789,193600,0.0,0.0
2024-10-22 00:00:00-04:00,88.98999786376953,95.91000366210938,88.0199966430664,95.16000366210938,202900,0.0,0.0
2024-10-23 00:00:00-04:00,95.0,96.0,92.5199966430664,93.20999908447266,103200,0.0,0.0
2024-10-24 00:00:00-04:00,93.87999725341797,95.5,92.55999755859375,94.5,98300,0.0,0.0
2024-10-25 00:00:00-04:00,95.4800033569336,95.9800033569336,93.91999816894531,94.31999969482422,62000,0.0,0.0
2024-10-28 00:00:00-04:00,95.80999755859375,99.36000061035156,94.5,98.55999755859375,91000,0.0,0.0
2024-10-29 00:00:00-04:00,98.38999938964844,104.41000366210938,97.15499877929688,102.8499984741211,334100,0.0,0.0
2024-10-30 00:00:00-04:00,101.7699966430664,102.80000305175781,97.69000244140625,98.6500015258789,328700,0.0,0.0
2024-10-31 00:00:00-04:00,98.91999816894531,100.62100219726562,96.72000122070312,99.81999969482422,102700,0.0,0.0
2024-11-01 00:00:00-04:00,99.70999908447266,103.74500274658203,99.58999633789062,99.80999755859375,174600,0.0,0.0
2024-11-04 00:00:00-05:00,99.0199966430664,99.70500183105469,92.69999694824219,92.91000366210938,242000,0.0,0.0
2024-11-05 00:00:00-05:00,93.33000183105469,101.29000091552734,93.33000183105469,100.0,137200,0.0,0.0
2024-11-06 00:00:00-05:00,103.87000274658203,106.0,100.84600067138672,103.4800033569336,287200,0.0,0.0
2024-11-07 00:00:00-05:00,94.0,105.30999755859375,89.0,95.08999633789062,405800,0.0,0.0
2024-11-08 00:00:00-05:00,95.08999633789062,98.83999633789062,90.2300033569336,90.97000122070312,237700,0.0,0.0
2024-11-11 00:00:00-05:00,91.01000213623047,93.95999908447266,89.5,92.33000183105469,125700,0.0,0.0
2024-11-12 00:00:00-05:00,88.86000061035156,92.91999816894531,88.41000366210938,91.02999877929688,569700,0.0,0.0
2024-11-13 00:00:00-05:00,92.1500015258789,94.4800033569336,90.3550033569336,92.58000183105469,211700,0.0,0.0
2024-11-14 00:00:00-05:00,92.0,95.44000244140625,91.01000213623047,93.44000244140625,142800,0.0,0.0
2024-11-15 00:00:00-05:00,93.5,93.5,88.83000183105469,89.22000122070312,100600,0.0,0.0
2024-11-18 00:00:00-05:00,89.27999877929688,90.51000213623047,82.83999633789062,84.47000122070312,190700,0.0,0.0
2024-11-19 00:00:00-05:00,82.72000122070312,86.73999786376953,82.72000122070312,85.95999908447266,288300,0.0,0.0
2024-11-20 00:00:00-05:00,85.95999908447266,89.31900024414062,85.2699966430664,89.12999725341797,85600,0.0,0.0
2024-11-21 00:00:00-05:00,90.29000091552734,95.91000366210938,89.93000030517578,95.54000091552734,177000,0.0,0.0
2024-11-22 00:00:00-05:00,96.9000015258789,104.51000213623047,96.9000015258789,103.69000244140625,187900,0.0,0.0
2024-11-25 00:00:00-05:00,104.41000366210938,108.0,103.98999786376953,106.27999877929688,151600,0.0,0.0
2024-11-26 00:00:00-05:00,106.70999908447266,106.98999786376953,104.2300033569336,105.37999725341797,94100,0.0,0.0
2024-11-27 00:00:00-05:00,105.70999908447266,107.6050033569336,104.22000122070312,105.69999694824219,77800,0.0,0.0
2024-11-29 00:00:00-05:00,106.52999877929688,108.81999969482422,106.25,106.91999816894531,70600,0.0,0.0
2024-12-02 00:00:00-05:00,106.98999786376953,106.98999786376953,100.97000122070312,104.0,130100,0.0,0.0
2024-12-03 00:00:00-05:00,103.41000366210938,104.57499694824219,100.44000244140625,102.33999633789062,90400,0.0,0.0
2024-12-04 00:00:00-05:00,102.52999877929688,105.9749984741211,102.52999877929688,103.68000030517578,93000,0.0,0.0
2024-12-05 00:00:00-05:00,104.0,108.36000061035156,103.94000244140625,103.97000122070312,134800,0.0,0.0
2024-12-06 00:00:00-05:00,105.93000030517578,110.66000366210938,105.93000030517578,106.76000213623047,125700,0.0,0.0
2024-12-09 00:00:00-05:00,108.45999908447266,108.45999908447266,99.29000091552734,101.83000183105469,136600,0.0,0.0
2024-12-10 00:00:00-05:00,101.80000305175781,105.21499633789062,100.38999938964844,100.38999938964844,81100,0.0,0.0
2024-12-11 00:00:00-05:00,102.58000183105469,104.63999938964844,101.57499694824219,103.16999816894531,76100,0.0,0.0
2024-12-12 00:00:00-05:00,102.75,103.88099670410156,100.01000213623047,100.20999908447266,95300,0.0,0.0
2024-12-13 00:00:00-05:00,99.75,101.17500305175781,95.20999908447266,96.93000030517578,85800,0.0,0.0
2024-12-16 00:00:00-05:00,97.16999816894531,101.31999969482422,96.0,98.12000274658203,134600,0.0,0.0
2024-12-17 00:00:00-05:00,97.73999786376953,99.95999908447266,96.62999725341797,98.05000305175781,97100,0.0,0.0
2024-12-18 00:00:00-05:00,98.83999633789062,99.31999969482422,91.55000305175781,91.69999694824219,100100,0.0,0.0
2024-12-19 00:00:00-05:00,93.5999984741211,94.69999694824219,92.11000061035156,93.72000122070312,107100,0.0,0.0
2024-12-20 00:00:00-05:00,92.05000305175781,96.79100036621094,92.01499938964844,93.62000274658203,144000,0.0,0.0
2024-12-23 00:00:00-05:00,93.19000244140625,93.53500366210938,87.55999755859375,89.26000213623047,99100,0.0,0.0
2024-12-24 00:00:00-05:00,89.58999633789062,92.875,89.44400024414062,90.63999938964844,75600,0.0,0.0
2024-12-26 00:00:00-05:00,89.55999755859375,92.5199966430664,88.98999786376953,90.38999938964844,49100,0.0,0.0
2024-12-27 00:00:00-05:00,89.01000213623047,91.25,87.44000244140625,90.18000030517578,79800,0.0,0.0
2024-12-30 00:00:00-05:00,88.7699966430664,90.25,87.0,89.91000366210938,85600,0.0,0.0
2024-12-31 00:00:00-05:00,90.30000305175781,92.56999969482422,89.08999633789062,90.58000183105469,91100,0.0,0.0
2025-01-02 00:00:00-05:00,91.94000244140625,95.9000015258789,91.94000244140625,95.77999877929688,135900,0.0,0.0
2025-01-03 00:00:00-05:00,94.66000366210938,100.37999725341797,93.58000183105469,100.20999908447266,161600,0.0,0.0
2025-01-06 00:00:00-05:00,100.1500015258789,105.80000305175781,98.80000305175781,103.01000213623047,236100,0.0,0.0
2025-01-07 00:00:00-05:00,103.69000244140625,106.5999984741211,101.68499755859375,102.18000030517578,227000,0.0,0.0
2025-01-08 00:00:00-05:00,102.0,102.0,88.84500122070312,90.08999633789062,390200,0.0,0.0
2025-01-10 00:00:00-05:00,88.1500015258789,89.59600067138672,82.35900115966797,87.56999969482422,243400,0.0,0.0
2025-01-13 00:00:00-05:00,85.27999877929688,86.62300109863281,80.98999786376953,84.3499984741211,131400,0.0,0.0
2025-01-14 00:00:00-05:00,84.4800033569336,87.6500015258789,81.01000213623047,83.81999969482422,132200,0.0,0.0
2025-01-15 00:00:00-05:00,87.3499984741211,87.72000122070312,81.30000305175781,81.75,188100,0.0,0.0
2025-01-16 00:00:00-05:00,82.56999969482422,84.0199966430664,81.0,81.0199966430664,158900,0.0,0.0
2025-01-17 00:00:00-05:00,82.56999969482422,82.56999969482422,73.33999633789062,73.5199966430664,262500,0.0,0.0
2025-01-21 00:00:00-05:00,75.22000122070312,79.13999938964844,74.88999938964844,78.73999786376953,169600,0.0,0.0
2025-01-22 00:00:00-05:00,78.70999908447266,79.9800033569336,77.49500274658203,78.3499984741211,122700,0.0,0.0
2025-01-23 00:00:00-05:00,77.2699966430664,81.5199966430664,77.2699966430664,81.2300033569336,165700,0.0,0.0
2025-01-24 00:00:00-05:00,81.2300033569336,81.8499984741211,76.38999938964844,76.43000030517578,175200,0.0,0.0
2025-01-27 00:00:00-05:00,75.0,77.91000366210938,73.48999786376953,75.33000183105469,122700,0.0,0.0
2025-01-28 00:00:00-05:00,75.51000213623047,78.62000274658203,74.62999725341797,78.38999938964844,100200,0.0,0.0
2025-01-29 00:00:00-05:00,77.81999969482422,82.0,77.19999694824219,80.8499984741211,133900,0.0,0.0
2025-01-30 00:00:00-05:00,82.08999633789062,83.19999694824219,79.9000015258789,81.20999908447266,159100,0.0,0.0
2025-01-31 00:00:00-05:00,81.44000244140625,84.9000015258789,78.63999938964844,80.0,180700,0.0,0.0
2025-02-03 00:00:00-05:00,77.25,81.69999694824219,77.25,78.0199966430664,199800,0.0,0.0
2025-02-04 00:00:00-05:00,78.01000213623047,79.47000122070312,76.88999938964844,77.2699966430664,122100,0.0,0.0
2025-02-05 00:00:00-05:00,77.2699966430664,78.83999633789062,75.2300033569336,75.66000366210938,115800,0.0,0.0
2025-02-06 00:00:00-05:00,74.80999755859375,77.48999786376953,69.5999984741211,72.0999984741211,431900,0.0,0.0
2025-02-07 00:00:00-05:00,72.26000213623047,75.44000244140625,70.43000030517578,73.19999694824219,184100,0.0,0.0
2025-02-10 00:00:00-05:00,73.88999938964844,76.95999908447266,73.62999725341797,75.9000015258789,227100,0.0,0.0
2025-02-11 00:00:00-05:00,74.93000030517578,75.31300354003906,71.3550033569336,72.98999786376953,227200,0.0,0.0
2025-02-12 00:00:00-05:00,71.51000213623047,75.37000274658203,71.51000213623047,74.37000274658203,194300,0.0,0.0
2025-02-13 00:00:00-05:00,75.6500015258789,76.41500091552734,74.19000244140625,76.08000183105469,116100,0.0,0.0
2025-02-14 00:00:00-05:00,76.44000244140625,77.66999816894531,74.04499816894531,77.44000244140625,309600,0.0,0.0
2025-02-18 00:00:00-05:00,78.0,83.80000305175781,77.44000244140625,83.80000305175781,188900,0.0,0.0
2025-02-19 00:00:00-05:00,83.63999938964844,83.63999938964844,76.61499786376953,77.9800033569336,212800,0.0,0.0
2025-02-20 00:00:00-05:00,78.0,78.0,73.12000274658203,74.04000091552734,152600,0.0,0.0
2025-02-21 00:00:00-05:00,76.3499984741211,77.0999984741211,68.70500183105469,69.8499984741211,258800,0.0,0.0
2025-02-24 00:00:00-05:00,70.06999969482422,70.06999969482422,64.58999633789062,64.70999908447266,361000,0.0,0.0
2025-02-25 00:00:00-05:00,63.029998779296875,68.69999694824219,62.38999938964844,66.80000305175781,526400,0.0,0.0
2025-02-26 00:00:00-05:00,67.80999755859375,68.44999694824219,65.44000244140625,65.63999938964844,207100,0.0,0.0
2025-02-27 00:00:00-05:00,65.54000091552734,67.5199966430664,62.65999984741211,62.68000030517578,262200,0.0,0.0
2025-02-28 00:00:00-05:00,62.52000045776367,65.0,61.2400016784668,62.20000076293945,342300,0.0,0.0
2025-03-03 00:00:00-05:00,62.58000183105469,63.814998626708984,60.5099983215332,60.619998931884766,236200,0.0,0.0
2025-03-04 00:00:00-05:00,59.38999938964844,62.22999954223633,57.189998626708984,60.720001220703125,321100,0.0,0.0
2025-03-05 00:00:00-05:00,60.630001068115234,61.48500061035156,57.90800094604492,60.2599983215332,285300,0.0,0.0
2025-03-06 00:00:00-05:00,58.880001068115234,60.47999954223633,56.130001068115234,56.220001220703125,363800,0.0,0.0
2025-03-07 00:00:00-05:00,56.029998779296875,58.529998779296875,54.2400016784668,58.31999969482422,252500,0.0,0.0
2025-03-10 00:00:00-04:00,57.06999969482422,59.7599983215332,55.5989990234375,57.81999969482422,265500,0.0,0.0
2025-03-11 00:00:00-04:00,57.75,58.29999923706055,53.5,53.869998931884766,282000,0.0,0.0
2025-03-12 00:00:00-04:00,55.13999938964844,57.202999114990234,53.790000915527344,54.349998474121094,380800,0.0,0.0
2025-03-13 00:00:00-04:00,54.720001220703125,54.869998931884766,49.599998474121094,49.959999084472656,494100,0.0,0.0
2025-03-14 00:00:00-04:00,51.5099983215332,51.84000015258789,49.61199951171875,50.54999923706055,298600,0.0,0.0
2025-03-17 00:00:00-04:00,50.54999923706055,52.779998779296875,50.33000183105469,52.349998474121094,278500,0.0,0.0
2025-03-18 00:00:00-04:00,52.0,53.18000030517578,51.40999984741211,51.97999954223633,352900,0.0,0.0
2025-03-19 00:00:00-04:00,51.900001525878906,53.93000030517578,51.349998474121094,53.369998931884766,216500,0.0,0.0
2025-03-20 00:00:00-04:00,52.86000061035156,55.724998474121094,52.375,53.66999816894531,210400,0.0,0.0
2025-03-21 00:00:00-04:00,52.70000076293945,55.15999984741211,52.33000183105469,55.130001068115234,282100,0.0,0.0
2025-03-24 00:00:00-04:00,57.099998474121094,62.0099983215332,57.099998474121094,61.77000045776367,312100,0.0,0.0
2025-03-25 00:00:00-04:00,62.029998779296875,62.95000076293945,58.029998779296875,58.58000183105469,342300,0.0,0.0
2025-03-26 00:00:00-04:00,58.0,58.470001220703125,53.880001068115234,54.40999984741211,299300,0.0,0.0
2025-03-27 00:00:00-04:00,53.959999084472656,55.125,53.0,54.36000061035156,335800,0.0,0.0
2025-03-28 00:00:00-04:00,54.20000076293945,54.26499938964844,51.31999969482422,51.599998474121094,231700,0.0,0.0
2025-03-31 00:00:00-04:00,50.099998474121094,52.77000045776367,47.459999084472656,51.20000076293945,259300,0.0,0.0
2025-04-01 00:00:00-04:00,51.0,52.77000045776367,50.6150016784668,52.7400016784668,268400,0.0,0.0
2025-04-02 00:00:00-04:00,51.84000015258789,53.970001220703125,51.17900085449219,53.650001525878906,229800,0.0,0.0
2025-04-03 00:00:00-04:00,50.0,50.57500076293945,45.2400016784668,47.41999816894531,587000,0.0,0.0
2025-04-04 00:00:00-04:00,44.709999084472656,45.055999755859375,40.029998779296875,43.61000061035156,635300,0.0,0.0
2025-04-07 00:00:00-04:00,40.90999984741211,48.22700119018555,40.2400016784668,43.34000015258789,611900,0.0,0.0
2025-04-08 00:00:00-04:00,46.790000915527344,47.36000061035156,40.63999938964844,41.459999084472656,716300,0.0,0.0
2025-04-09 00:00:00-04:00,40.5,57.84000015258789,40.5,54.56999969482422,904600,0.0,0.0
2025-04-10 00:00:00-04:00,51.0099983215332,52.10499954223633,49.0099983215332,50.90999984741211,425200,0.0,0.0
2025-04-11 00:00:00-04:00,50.52000045776367,50.58000183105469,45.70500183105469,49.2599983215332,308700,0.0,0.0
2025-04-14 00:00:00-04:00,50.810001373291016,52.38999938964844,49.4900016784668,51.91999816894531,403200,0.0,0.0
2025-04-15 00:00:00-04:00,51.91999816894531,54.494998931884766,51.810001373291016,53.9900016784668,301200,0.0,0.0
2025-04-16 00:00:00-04:00,53.0,57.20500183105469,53.0,55.33000183105469,422000,0.0,0.0
2025-04-17 00:00:00-04:00,55.33000183105469,58.93000030517578,55.33000183105469,58.5,411300,0.0,0.0
2025-04-21 00:00:00-04:00,57.90999984741211,59.0,56.0,58.41999816894531,311800,0.0,0.0
2025-04-22 00:00:00-04:00,59.02000045776367,60.529998779296875,57.83000183105469,58.900001525878906,299700,0.0,0.0
2025-04-23 00:00:00-04:00,62.18000030517578,63.400001525878906,59.18000030517578,61.290000915527344,327100,0.0,0.0
2025-04-24 00:00:00-04:00,61.29999923706055,61.5,59.05500030517578,61.060001373291016,243500,0.0,0.0
2025-04-25 00:00:00-04:00,60.65999984741211,62.93000030517578,59.880001068115234,62.83000183105469,191600,0.0,0.0
2025-04-28 00:00:00-04:00,62.75,63.5,58.31999969482422,60.65999984741211,252900,0.0,0.0
2025-04-29 00:00:00-04:00,60.65999984741211,61.0,59.310001373291016,59.66999816894531,148700,0.0,0.0
2025-04-30 00:00:00-04:00,58.150001525878906,59.54499816894531,56.66999816894531,58.880001068115234,272000,0.0,0.0
2025-05-01 00:00:00-04:00,59.11000061035156,61.28099822998047,58.849998474121094,59.84000015258789,229100,0.0,0.0
2025-05-02 00:00:00-04:00,60.93000030517578,62.904998779296875,60.72999954223633,61.5099983215332,229300,0.0,0.0
2025-05-05 00:00:00-04:00,60.97999954223633,62.709999084472656,60.529998779296875,60.900001525878906,192400,0.0,0.0
2025-05-06 00:00:00-04:00,60.279998779296875,61.630001068115234,59.06700134277344,61.09000015258789,146700,0.0,0.0
2025-05-07 00:00:00-04:00,61.279998779296875,62.37699890136719,59.880001068115234,60.459999084472656,292500,0.0,0.0
2025-05-08 00:00:00-04:00,61.54999923706055,61.73500061035156,60.17499923706055,60.540000915527344,141000,0.0,0.0
2025-05-09 00:00:00-04:00,60.630001068115234,62.08000183105469,59.48500061035156,61.22999954223633,313700,0.0,0.0
2025-05-12 00:00:00-04:00,65.0,68.7300033569336,64.23999786376953,66.81999969482422,336200,0.0,0.0
2025-05-13 00:00:00-04:00,67.11000061035156,68.38999938964844,66.79000091552734,67.11000061035156,226600,0.0,0.0
2025-05-14 00:00:00-04:00,67.11000061035156,70.41999816894531,66.37000274658203,69.97000122070312,255800,0.0,0.0
2025-05-15 00:00:00-04:00,69.68000030517578,69.7300033569336,64.4530029296875,67.08999633789062,337200,0.0,0.0
2025-05-16 00:00:00-04:00,67.13999938964844,67.98999786376953,65.94999694824219,67.63999938964844,239100,0.0,0.0
2025-05-19 00:00:00-04:00,65.01000213623047,66.99500274658203,64.72000122070312,66.33000183105469,247100,0.0,0.0
2025-05-20 00:00:00-04:00,65.80999755859375,66.33999633789062,64.7300033569336,65.48999786376953,231200,0.0,0.0
2025-05-21 00:00:00-04:00,64.58999633789062,65.81999969482422,62.86000061035156,63.47999954223633,205200,0.0,0.0
2025-05-22 00:00:00-04:00,63.41999816894531,65.36000061035156,63.22999954223633,63.349998474121094,173100,0.0,0.0
2025-05-23 00:00:00-04:00,62.0,63.72999954223633,61.689998626708984,62.97999954223633,176900,0.0,0.0
2025-05-27 00:00:00-04:00,64.7300033569336,67.62000274658203,64.11000061035156,66.08000183105469,171100,0.0,0.0
2025-05-28 00:00:00-04:00,66.05999755859375,66.66000366210938,64.7509994506836,66.05999755859375,135000,0.0,0.0
2025-05-29 00:00:00-04:00,66.83000183105469,67.62000274658203,65.16999816894531,65.83999633789062,156300,0.0,0.0
2025-05-30 00:00:00-04:00,65.01000213623047,66.81999969482422,64.6449966430664,66.05999755859375,174000,0.0,0.0
2025-06-02 00:00:00-04:00,66.0,66.93000030517578,63.2400016784668,66.72000122070312,235800,0.0,0.0
2025-06-03 00:00:00-04:00,66.81999969482422,73.22000122070312,66.0,72.5999984741211,339600,0.0,0.0
2025-06-04 00:00:00-04:00,72.16000366210938,78.19999694824219,71.33999633789062,77.0999984741211,514200,0.0,0.0
2025-06-05 00:00:00-04:00,77.16999816894531,78.98999786376953,75.3499984741211,75.4000015258789,585300,0.0,0.0
2025-06-06 00:00:00-04:00,76.30999755859375,79.5,74.62000274658203,78.79000091552734,336700,0.0,0.0
2025-06-09 00:00:00-04:00,79.97000122070312,84.56999969482422,79.5,81.26000213623047,373900,0.0,0.0
2025-06-10 00:00:00-04:00,81.54000091552734,81.9000015258789,77.95999908447266,78.27999877929688,366200,0.0,0.0
2025-06-11 00:00:00-04:00,79.04000091552734,83.11000061035156,78.80999755859375,81.69999694824219,360100,0.0,0.0
2025-06-12 00:00:00-04:00,80.20999908447266,83.0,80.04000091552734,80.76000213623047,239900,0.0,0.0
2025-06-13 00:00:00-04:00,78.27999877929688,80.44000244140625,75.72000122070312,78.20999908447266,333100,0.0,0.0
2025-06-16 00:00:00-04:00,80.16000366210938,83.69000244140625,78.80000305175781,79.12999725341797,309900,0.0,0.0
2025-06-17 00:00:00-04:00,78.94999694824219,79.79000091552734,76.06999969482422,76.9000015258789,224600,0.0,0.0
2025-06-18 00:00:00-04:00,76.91999816894531,79.01000213623047,75.8280029296875,76.9800033569336,173700,0.0,0.0
2025-06-20 00:00:00-04:00,78.0999984741211,79.51899719238281,76.9800033569336,79.31999969482422,172100,0.0,0.0
2025-06-23 00:00:00-04:00,79.0,80.19999694824219,76.16000366210938,80.01000213623047,179400,0.0,0.0
2025-06-24 00:00:00-04:00,80.9000015258789,83.4800033569336,80.2750015258789,83.31999969482422,218600,0.0,0.0
2025-06-25 00:00:00-04:00,83.88999938964844,83.9000015258789,80.49500274658203,81.16999816894531,139600,0.0,0.0
2025-06-26 00:00:00-04:00,81.22000122070312,82.63999938964844,80.13999938964844,81.95999908447266,155200,0.0,0.0
2025-06-27 00:00:00-04:00,82.5,82.5,79.1500015258789,81.72000122070312,295000,0.0,0.0
2025-06-30 00:00:00-04:00,82.25,86.3499984741211,82.16500091552734,86.08000183105469,290700,0.0,0.0
2025-07-01 00:00:00-04:00,85.72000122070312,88.91999816894531,85.41000366210938,88.54000091552734,241700,0.0,0.0
2025-07-02 00:00:00-04:00,88.61000061035156,91.13999938964844,87.75,89.25,393100,0.0,0.0
2025-07-03 00:00:00-04:00,89.19000244140625,90.80000305175781,86.91000366210938,90.76000213623047,176500,0.0,0.0
2025-07-07 00:00:00-04:00,89.86000061035156,90.05000305175781,83.36000061035156,85.87999725341797,399600,0.0,0.0
2025-07-08 00:00:00-04:00,86.69000244140625,87.13200378417969,83.25,86.77999877929688,610500,0.0,0.0
2025-07-09 00:00:00-04:00,92.48999786376953,93.0,72.4800033569336,76.4800033569336,1528400,0.0,0.0
2025-07-10 00:00:00-04:00,76.01000213623047,76.7750015258789,73.23999786376953,74.37999725341797,620200,0.0,0.0
2025-07-11 00:00:00-04:00,74.18000030517578,75.0,72.80999755859375,73.58000183105469,316200,0.0,0.0
2025-07-14 00:00:00-04:00,73.98999786376953,76.27999877929688,71.98500061035156,75.88999938964844,286200,0.0,0.0
2025-07-15 00:00:00-04:00,76.5999984741211,76.8499984741211,72.12999725341797,72.56999969482422,396100,0.0,0.0
2025-07-16 00:00:00-04:00,72.87999725341797,73.88500213623047,71.31500244140625,73.81999969482422,279400,0.0,0.0
2025-07-17 00:00:00-04:00,74.05000305175781,76.94999694824219,73.55999755859375,76.44999694824219,275200,0.0,0.0
2025-07-18 00:00:00-04:00,77.54000091552734,79.70999908447266,76.80000305175781,79.62000274658203,230600,0.0,0.0
2025-07-21 00:00:00-04:00,80.0,83.01000213623047,79.25199890136719,81.62000274658203,172500,0.0,0.0
2025-07-22 00:00:00-04:00,82.23999786376953,87.26000213623047,80.05999755859375,87.13999938964844,229600,0.0,0.0
2025-07-23 00:00:00-04:00,88.38999938964844,95.9800033569336,87.19499969482422,95.83000183105469,578100,0.0,0.0
2025-07-24 00:00:00-04:00,94.94999694824219,94.94999694824219,87.31999969482422,88.37000274658203,430300,0.0,0.0
2025-07-25 00:00:00-04:00,89.19999694824219,90.56999969482422,85.27999877929688,90.36000061035156,215400,0.0,0.0
2025-07-28 00:00:00-04:00,91.0999984741211,91.29000091552734,88.7229995727539,90.18000030517578,185300,0.0,0.0
2025-07-29 00:00:00-04:00,90.72000122070312,90.72000122070312,85.54000091552734,86.86000061035156,175400,0.0,0.0
2025-07-30 00:00:00-04:00,87.93000030517578,90.5999984741211,85.45500183105469,89.80999755859375,268600,0.0,0.0
2025-07-31 00:00:00-04:00,88.27999877929688,88.5999984741211,86.59500122070312,87.73999786376953,217800,0.0,0.0
2025-08-01 00:00:00-04:00,85.94999694824219,86.91000366210938,81.33000183105469,85.9000015258789,271100,0.0,0.0
2025-08-04 00:00:00-04:00,86.91000366210938,88.19000244140625,84.75,88.19000244140625,253200,0.0,0.0
2025-08-05 00:00:00-04:00,88.66000366210938,88.75,84.38500213623047,86.11000061035156,244300,0.0,0.0
2025-08-06 00:00:00-04:00,86.12999725341797,86.12999725341797,82.83499908447266,84.41999816894531,259200,0.0,0.0
2025-08-07 00:00:00-04:00,85.31999969482422,86.45700073242188,80.56999969482422,83.12999725341797,297200,0.0,0.0
2025-08-08 00:00:00-04:00,82.93000030517578,82.93000030517578,76.0,77.61000061035156,303900,0.0,0.0
2025-08-11 00:00:00-04:00,77.5999984741211,80.51000213623047,76.81999969482422,78.05000305175781,311800,0.0,0.0
2025-08-12 00:00:00-04:00,78.75,79.40499877929688,77.38999938964844,78.9000015258789,164300,0.0,0.0
2025-08-13 00:00:00-04:00,79.11000061035156,79.63999938964844,76.21499633789062,79.08999633789062,371700,0.0,0.0
2025-08-14 00:00:00-04:00,78.97000122070312,79.30999755859375,76.25,78.02999877929688,161900,0.0,0.0
2025-08-15 00:00:00-04:00,78.58000183105469,79.1050033569336,76.8489990234375,77.2300033569336,239200,0.0,0.0
2025-08-18 00:00:00-04:00,76.80000305175781,77.86000061035156,75.9000015258789,76.33000183105469,173400,0.0,0.0
2025-08-19 00:00:00-04:00,76.80999755859375,79.18000030517578,76.48799896240234,79.11000061035156,174300,0.0,0.0
2025-08-20 00:00:00-04:00,78.9000015258789,79.59500122070312,75.94999694824219,78.62999725341797,311900,0.0,0.0
2025-08-21 00:00:00-04:00,77.62000274658203,79.26000213623047,76.86000061035156,79.12999725341797,146100,0.0,0.0
2025-08-22 00:00:00-04:00,79.87999725341797,81.41999816894531,78.95999908447266,80.17500305175781,162300,0.0,0.0
2025-08-25 00:00:00-04:00,80.12999725341797,81.45999908447266,78.12999725341797,78.6500015258789,104300,0.0,0.0
2025-08-26 00:00:00-04:00,78.86000061035156,81.22000122070312,78.0,79.76000213623047,180900,0.0,0.0
2025-08-27 00:00:00-04:00,79.56999969482422,81.83999633789062,78.94000244140625,81.02999877929688,166800,0.0,0.0
2025-08-28 00:00:00-04:00,81.31999969482422,83.6050033569336,80.96499633789062,83.05999755859375,197300,0.0,0.0
2025-08-29 00:00:00-04:00,82.87000274658203,85.0,81.33000183105469,84.80500030517578,186900,0.0,0.0
2025-09-02 00:00:00-04:00,82.8499984741211,87.0,82.8499984741211,85.05000305175781,305100,0.0,0.0
2025-09-03 00:00:00-04:00,85.08000183105469,86.47000122070312,83.87999725341797,84.62000274658203,272700,0.0,0.0
2025-09-04 00:00:00-04:00,83.80000305175781,87.98999786376953,79.5999984741211,83.08999633789062,325800,0.0,0.0
2025-09-05 00:00:00-04:00,83.25,85.0,79.83499908447266,81.45999908447266,340000,0.0,0.0
2025-09-08 00:00:00-04:00,81.45999908447266,82.49400329589844,80.18000030517578,80.19000244140625,145700,0.0,0.0
2025-09-09 00:00:00-04:00,80.0,81.51499938964844,78.54000091552734,79.80000305175781,228800,0.0,0.0
2025-09-10 00:00:00-04:00,79.51000213623047,80.4800033569336,78.06999969482422,79.5,158200,0.0,0.0
2025-09-11 00:00:00-04:00,79.44000244140625,83.20500183105469,79.19999694824219,83.0199966430664,202600,0.0,0.0
2025-09-12 00:00:00-04:00,82.95999908447266,83.0999984741211,79.37000274658203,79.66999816894531,352100,0.0,0.0
2025-09-15 00:00:00-04:00,79.51000213623047,82.08000183105469,78.52999877929688,80.23999786376953,203600,0.0,0.0
2025-09-16 00:00:00-04:00,80.87000274658203,82.20999908447266,76.01000213623047,76.27999877929688,257800,0.0,0.0
2025-09-17 00:00:00-04:00,76.69000244140625,78.72000122070312,75.5,76.18000030517578,201800,0.0,0.0
2025-09-18 00:00:00-04:00,76.2699966430664,77.91999816894531,75.02999877929688,77.71499633789062,162300,0.0,0.0
2025-09-19 00:00:00-04:00,78.33999633789062,78.33999633789062,73.19499969482422,73.41000366210938,207900,0.0,0.0
2025-09-22 00:00:00-04:00,73.05999755859375,73.6449966430664,70.63999938964844,70.79000091552734,270800,0.0,0.0
2025-09-23 00:00:00-04:00,70.9000015258789,71.55500030517578,64.97000122070312,65.11499786376953,527300,0.0,0.0
2025-09-24 00:00:00-04:00,64.6500015258789,65.74400329589844,62.45000076293945,63.540000915527344,452900,0.0,0.0
2025-09-25 00:00:00-04:00,63.0,63.63999938964844,61.275001525878906,62.25,282200,0.0,0.0
2025-09-26 00:00:00-04:00,62.16999816894531,62.85499954223633,60.571998596191406,61.9900016784668,269100,0.0,0.0
2025-09-29 00:00:00-04:00,62.45000076293945,62.79999923706055,61.20000076293945,61.5,288200,0.0,0.0
2025-09-30 00:00:00-04:00,61.0099983215332,62.18000030517578,58.09000015258789,59.40999984741211,432900,0.0,0.0
2025-10-01 00:00:00-04:00,59.31999969482422,60.00199890136719,57.83000183105469,58.290000915527344,335300,0.0,0.0
2025-10-02 00:00:00-04:00,58.29999923706055,60.29999923706055,58.06999969482422,59.599998474121094,222000,0.0,0.0
2025-10-03 00:00:00-04:00,60.08000183105469,62.42300033569336,59.150001525878906,60.0099983215332,228200,0.0,0.0
2025-10-06 00:00:00-04:00,60.040000915527344,60.529998779296875,58.51499938964844,58.939998626708984,174600,0.0,0.0
2025-10-07 00:00:00-04:00,59.470001220703125,59.80500030517578,57.83399963378906,58.95000076293945,168000,0.0,0.0
2025-10-08 00:00:00-04:00,59.04999923706055,60.21500015258789,57.880001068115234,57.91999816894531,259600,0.0,0.0
2025-10-09 00:00:00-04:00,57.689998626708984,60.189998626708984,57.5,59.0,169600,0.0,0.0
2025-10-10 00:00:00-04:00,59.560001373291016,59.560001373291016,55.599998474121094,55.66999816894531,273500,0.0,0.0
2025-10-13 00:00:00-04:00,56.4900016784668,58.525001525878906,56.0,57.68000030517578,187400,0.0,0.0
2025-10-14 00:00:00-04:00,56.599998474121094,63.93000030517578,55.29999923706055,63.34000015258789,312000,0.0,0.0
2025-10-15 00:00:00-04:00,64.04000091552734,65.5,63.0,63.58000183105469,255200,0.0,0.0
2025-10-16 00:00:00-04:00,64.0,64.70600128173828,62.27000045776367,63.130001068115234,219800,0.0,0.0
2025-10-17 00:00:00-04:00,62.72999954223633,64.45999908447266,60.709999084472656,60.720001220703125,224000,0.0,0.0
2025-10-20 00:00:00-04:00,61.93000030517578,63.43000030517578,61.849998474121094,63.06999969482422,135300,0.0,0.0
2025-10-21 00:00:00-04:00,63.06999969482422,67.69999694824219,63.06999969482422,66.73999786376953,231100,0.0,0.0
2025-10-22 00:00:00-04:00,66.2300033569336,67.0,64.41999816894531,66.44000244140625,234100,0.0,0.0
2025-10-23 00:00:00-04:00,66.66000366210938,66.77999877929688,64.2300033569336,64.75,176100,0.0,0.0
2025-10-24 00:00:00-04:00,65.4800033569336,66.48999786376953,62.900001525878906,64.4800033569336,142500,0.0,0.0
2025-10-27 00:00:00-04:00,64.05000305175781,65.38999938964844,60.779998779296875,63.779998779296875,369800,0.0,0.0
2025-10-28 00:00:00-04:00,63.790000915527344,65.0,60.75,60.810001373291016,193400,0.0,0.0
2025-10-29 00:00:00-04:00,60.2599983215332,61.65999984741211,56.93000030517578,57.5099983215332,332600,0.0,0.0
2025-10-30 00:00:00-04:00,55.400001525878906,56.5099983215332,53.79999923706055,54.79999923706055,351900,0.0,0.0
2025-10-31 00:00:00-04:00,55.0,57.040000915527344,54.915000915527344,56.93000030517578,293500,0.0,0.0
2025-11-03 00:00:00-05:00,56.93000030517578,56.93000030517578,53.72999954223633,54.040000915527344,645400,0.0,0.0
2025-11-04 00:00:00-05:00,54.040000915527344,58.2599983215332,53.505001068115234,57.34000015258789,328000,0.0,0.0
2025-11-05 00:00:00-05:00,57.34000015258789,59.099998474121094,56.35499954223633,58.83000183105469,457500,0.0,0.0
2025-11-06 00:00:00-05:00,58.31999969482422,58.31999969482422,52.77000045776367,54.72999954223633,760700,0.0,0.0
2025-11-07 00:00:00-05:00,55.43000030517578,55.7599983215332,45.34000015258789,48.540000915527344,1080500,0.0,0.0
2025-11-10 00:00:00-05:00,49.91999816894531,50.45000076293945,46.58000183105469,48.11000061035156,439500,0.0,0.0
2025-11-11 00:00:00-05:00,48.11000061035156,50.68899917602539,45.369998931884766,45.849998474121094,403700,0.0,0.0
2025-11-12 00:00:00-05:00,47.948001861572266,48.099998474121094,45.78499984741211,47.61000061035156,460900,0.0,0.0
2025-11-13 00:00:00-05:00,47.81999969482422,48.7599983215332,46.3849983215332,47.65999984741211,328400,0.0,0.0
2025-11-14 00:00:00-05:00,46.91999816894531,46.970001220703125,45.0,45.4900016784668,515600,0.0,0.0
2025-11-17 00:00:00-05:00,45.61000061035156,46.59000015258789,44.38999938964844,44.63999938964844,501400,0.0,0.0
2025-11-18 00:00:00-05:00,44.47999954223633,46.630001068115234,44.189998626708984,46.09000015258789,270100,0.0,0.0
2025-11-19 00:00:00-05:00,46.04999923706055,46.619998931884766,44.810001373291016,44.90999984741211,271400,0.0,0.0
2025-11-20 00:00:00-05:00,45.099998474121094,46.150001525878906,42.619998931884766,42.67499923706055,453000,0.0,0.0
2025-11-21 00:00:00-05:00,42.7400016784668,46.119998931884766,42.66999816894531,45.45000076293945,276600,0.0,0.0
2025-11-24 00:00:00-05:00,45.459999084472656,46.060001373291016,44.13999938964844,44.4900016784668,232100,0.0,0.0
2025-11-25 00:00:00-05:00,44.68000030517578,47.44499969482422,44.630001068115234,47.27000045776367,250800,0.0,0.0
2025-11-26 00:00:00-05:00,47.43000030517578,50.650001525878906,47.43000030517578,49.43000030517578,594400,0.0,0.0
2025-11-28 00:00:00-05:00,49.529998779296875,49.779998779296875,48.16999816894531,49.130001068115234,193700,0.0,0.0
2025-12-01 00:00:00-05:00,48.41999816894531,49.68000030517578,47.810001373291016,49.04999923706055,286300,0.0,0.0
2025-12-02 00:00:00-05:00,49.619998931884766,51.2599983215332,49.0,50.130001068115234,364000,0.0,0.0
2025-12-03 00:00:00-05:00,50.08000183105469,52.95500183105469,50.08000183105469,51.599998474121094,549000,0.0,0.0
2025-12-04 00:00:00-05:00,51.349998474121094,55.2599983215332,50.96500015258789,54.939998626708984,371900,0.0,0.0
2025-12-05 00:00:00-05:00,54.97999954223633,55.04999923706055,53.099998474121094,53.939998626708984,195700,0.0,0.0
2025-12-08 00:00:00-05:00,54.22999954223633,54.90999984741211,52.689998626708984,53.61000061035156,282400,0.0,0.0
2025-12-09 00:00:00-05:00,53.5,55.08000183105469,53.099998474121094,54.709999084472656,246000,0.0,0.0
2025-12-10 00:00:00-05:00,54.709999084472656,55.5,53.62799835205078,53.95000076293945,253700,0.0,0.0
2025-12-11 00:00:00-05:00,53.77000045776367,55.404998779296875,52.70000076293945,52.81999969482422,213000,0.0,0.0
2025-12-12 00:00:00-05:00,53.0,54.27000045776367,51.56999969482422,51.630001068115234,265100,0.0,0.0
2025-12-15 00:00:00-05:00,51.790000915527344,53.744998931884766,51.31999969482422,52.060001373291016,434400,0.0,0.0
2025-12-16 00:00:00-05:00,52.0,52.79999923706055,51.560001373291016,51.970001220703125,356600,0.0,0.0
2025-12-17 00:00:00-05:00,51.939998626708984,54.2400016784668,51.310001373291016,52.34000015258789,468000,0.0,0.0
2025-12-18 00:00:00-05:00,53.119998931884766,55.5,52.34000015258789,55.290000915527344,308400,0.0,0.0
2025-12-19 00:00:00-05:00,55.36000061035156,56.0,54.29999923706055,55.400001525878906,336200,0.0,0.0
2025-12-22 00:00:00-05:00,55.400001525878906,56.0,53.900001525878906,54.209999084472656,222200,0.0,0.0
2025-12-23 00:00:00-05:00,54.150001525878906,54.5099983215332,53.0,53.81999969482422,271500,0.0,0.0
2025-12-24 00:00:00-05:00,54.130001068115234,56.41999816894531,53.42499923706055,55.459999084472656,236700,0.0,0.0
2025-12-26 00:00:00-05:00,55.439998626708984,56.619998931884766,54.61000061035156,56.439998626708984,252700,0.0,0.0
2025-12-29 00:00:00-05:00,56.20000076293945,56.21099853515625,54.0099983215332,55.27000045776367,304700,0.0,0.0
2025-12-30 00:00:00-05:00,54.880001068115234,55.150001525878906,50.7400016784668,51.439998626708984,358400,0.0,0.0
2025-12-31 00:00:00-05:00,51.4900016784668,52.45000076293945,50.72999954223633,52.33000183105469,271700,0.0,0.0
2026-01-02 00:00:00-05:00,52.540000915527344,54.97999954223633,52.279998779296875,54.22999954223633,303700,0.0,0.0
2026-01-05 00:00:00-05:00,54.439998626708984,59.599998474121094,54.2599983215332,57.04999923706055,426600,0.0,0.0
2026-01-06 00:00:00-05:00,57.4900016784668,60.33000183105469,56.779998779296875,58.83000183105469,431300,0.0,0.0
2026-01-07 00:00:00-05:00,58.7599983215332,59.494998931884766,55.34000015258789,55.63999938964844,622600,0.0,0.0
2026-01-08 00:00:00-05:00,53.70000076293945,66.0,53.5,64.93000030517578,1034700,0.0,0.0
2026-01-09 00:00:00-05:00,64.66000366210938,69.54000091552734,63.755001068115234,69.18000030517578,532200,0.0,0.0
2026-01-12 00:00:00-05:00,68.31999969482422,70.83000183105469,66.62000274658203,70.13999938964844,475900,0.0,0.0
2026-01-13 00:00:00-05:00,69.71499633789062,72.69000244140625,69.04499816894531,72.05000305175781,383300,0.0,0.0
2026-01-14 00:00:00-05:00,71.44000244140625,73.98999786376953,69.91000366210938,73.70999908447266,276600,0.0,0.0
2026-01-15 00:00:00-05:00,73.69999694824219,75.1449966430664,72.0,73.83999633789062,247800,0.0,0.0
2026-01-16 00:00:00-05:00,74.8550033569336,76.0,71.29000091552734,75.38999938964844,372600,0.0,0.0
2026-01-20 00:00:00-05:00,73.30999755859375,77.0,72.70999908447266,73.73999786376953,372700,0.0,0.0
2026-01-21 00:00:00-05:00,73.30000305175781,75.91999816894531,70.4800033569336,73.58000183105469,255200,0.0,0.0
2026-01-22 00:00:00-05:00,73.69999694824219,75.05000305175781,71.08000183105469,71.83000183105469,224600,0.0,0.0
2026-01-23 00:00:00-05:00,71.0199966430664,72.54499816894531,68.44000244140625,69.87999725341797,234800,0.0,0.0
2026-01-26 00:00:00-05:00,69.1500015258789,69.87999725341797,66.77999877929688,68.6500015258789,315900,0.0,0.0
2026-01-27 00:00:00-05:00,68.27999877929688,69.4000015258789,66.2699966430664,68.69999694824219,279000,0.0,0.0
2026-01-28 00:00:00-05:00,69.0,70.13999938964844,67.52999877929688,68.05000305175781,228700,0.0,0.0
2026-01-29 00:00:00-05:00,68.87999725341797,70.59500122070312,67.66999816894531,68.81999969482422,207500,0.0,0.0
2026-01-30 00:00:00-05:00,68.62000274658203,70.0,65.68000030517578,66.80999755859375,232500,0.0,0.0
2026-02-02 00:00:00-05:00,66.7300033569336,69.9000015258789,65.87000274658203,69.29000091552734,306200,0.0,0.0
2026-02-03 00:00:00-05:00,69.3499984741211,72.4000015258789,68.97000122070312,71.80000305175781,249300,0.0,0.0
2026-02-04 00:00:00-05:00,72.2699966430664,77.04000091552734,72.12999725341797,76.79000091552734,399300,0.0,0.0
2026-02-05 00:00:00-05:00,76.3499984741211,77.5,73.00199890136719,74.5999984741211,348100,0.0,0.0
2026-02-06 00:00:00-05:00,74.88999938964844,80.83999633789062,74.88999938964844,79.29000091552734,364000,0.0,0.0
2026-02-09 00:00:00-05:00,79.2699966430664,79.2699966430664,74.01000213623047,76.80000305175781,226000,0.0,0.0
2026-02-10 00:00:00-05:00,75.94999694824219,76.20999908447266,73.2300033569336,74.45999908447266,259400,0.0,0.0
2026-02-11 00:00:00-05:00,74.9000015258789,75.4800033569336,72.2300033569336,73.06999969482422,354800,0.0,0.0
2026-02-12 00:00:00-05:00,73.22000122070312,74.44000244140625,70.2249984741211,70.81999969482422,273500,0.0,0.0
2026-02-13 00:00:00-05:00,71.87999725341797,72.27999877929688,66.05999755859375,67.9800033569336,284400,0.0,0.0
2026-02-17 00:00:00-05:00,68.45999908447266,69.87999725341797,66.4000015258789,69.87999725341797,158100,0.0,0.0
2026-02-18 00:00:00-05:00,69.0,73.08999633789062,69.0,69.76000213623047,273800,0.0,0.0
2026-02-19 00:00:00-05:00,69.22000122070312,71.36000061035156,68.0,69.93000030517578,141000,0.0,0.0
2026-02-20 00:00:00-05:00,69.0999984741211,73.05999755859375,68.70999908447266,71.97000122070312,220000,0.0,0.0
2026-02-23 00:00:00-05:00,71.62999725341797,71.94000244140625,69.0,71.13999938964844,195500,0.0,0.0
2026-02-24 00:00:00-05:00,70.69999694824219,70.88999938964844,67.5999984741211,68.1500015258789,184900,0.0,0.0
2026-02-25 00:00:00-05:00,69.08000183105469,71.83000183105469,67.63700103759766,69.69000244140625,134500,0.0,0.0
2026-02-26 00:00:00-05:00,70.06999969482422,72.08000183105469,68.81500244140625,70.97000122070312,146700,0.0,0.0
2026-02-27 00:00:00-05:00,68.9800033569336,70.44999694824219,68.0999984741211,70.43000030517578,112200,0.0,0.0
2026-03-02 00:00:00-05:00,68.63999938964844,71.76000213623047,67.36000061035156,71.19000244140625,189400,0.0,0.0
2026-03-03 00:00:00-05:00,68.63999938964844,70.0250015258789,65.0,69.30000305175781,178900,0.0,0.0
2026-03-04 00:00:00-05:00,69.41000366210938,69.45999908447266,67.0,67.2699966430664,163500,0.0,0.0
2026-03-05 00:00:00-05:00,67.06999969482422,68.0,62.290000915527344,64.0,173500,0.0,0.0
2026-03-06 00:00:00-05:00,63.470001220703125,63.470001220703125,56.599998474121094,57.66999816894531,373400,0.0,0.0
2026-03-09 00:00:00-04:00,55.18000030517578,60.459999084472656,54.12900161743164,60.459999084472656,289700,0.0,0.0
2026-03-10 00:00:00-04:00,60.349998474121094,62.060001373291016,58.17300033569336,59.25,176300,0.0,0.0
2026-03-11 00:00:00-04:00,58.540000915527344,59.709999084472656,57.56999969482422,59.0,125700,0.0,0.0
2026-03-12 00:00:00-04:00,57.65999984741211,58.45000076293945,56.34299850463867,56.79999923706055,582000,0.0,0.0
2026-03-13 00:00:00-04:00,58.369998931884766,58.88999938964844,56.0099983215332,57.59000015258789,181200,0.0,0.0
2026-03-16 00:00:00-04:00,58.45000076293945,58.9900016784668,56.834999084472656,57.88999938964844,318500,0.0,0.0
2026-03-17 00:00:00-04:00,58.63999938964844,60.209999084472656,58.255001068115234,58.869998931884766,194200,0.0,0.0
2026-03-18 00:00:00-04:00,58.59000015258789,59.13999938964844,57.18000030517578,57.68000030517578,186600,0.0,0.0
2026-03-19 00:00:00-04:00,56.959999084472656,59.64500045776367,56.5099983215332,59.02000045776367,210800,0.0,0.0
2026-03-20 00:00:00-04:00,58.5,58.970001220703125,55.474998474121094,55.91999816894531,237000,0.0,0.0
2026-03-23 00:00:00-04:00,56.939998626708984,61.439998626708984,56.939998626708984,60.189998626708984,299900,0.0,0.0
2026-03-24 00:00:00-04:00,59.619998931884766,65.51000213623047,59.619998931884766,64.18000030517578,436700,0.0,0.0
2026-03-25 00:00:00-04:00,64.9000015258789,67.05000305175781,63.0,66.91000366210938,287600,0.0,0.0
2026-03-26 00:00:00-04:00,66.13999938964844,68.33999633789062,65.47000122070312,67.0,245600,0.0,0.0
2026-03-27 00:00:00-04:00,65.9000015258789,67.06999969482422,62.2400016784668,66.05999755859375,442800,0.0,0.0
2026-03-30 00:00:00-04:00,66.16000366210938,67.83000183105469,64.31999969482422,65.0999984741211,318200,0.0,0.0
2026-03-31 00:00:00-04:00,66.08000183105469,70.51499938964844,65.81999969482422,69.79000091552734,165400,0.0,0.0
2026-04-01 00:00:00-04:00,70.80000305175781,71.45999908447266,68.44000244140625,69.37999725341797,141400,0.0,0.0
2026-04-02 00:00:00-04:00,67.11000061035156,70.0,66.4800033569336,68.12999725341797,240900,0.0,0.0
2026-04-06 00:00:00-04:00,68.12999725341797,74.80999755859375,68.12999725341797,72.5999984741211,566700,0.0,0.0
2026-04-07 00:00:00-04:00,71.94000244140625,74.44999694824219,69.33999633789062,72.98999786376953,418400,0.0,0.0
2026-04-08 00:00:00-04:00,70.11000061035156,73.9000015258789,59.380001068115234,60.0099983215332,1414700,0.0,0.0
2026-04-09 00:00:00-04:00,57.939998626708984,62.0,57.939998626708984,58.15999984741211,517800,0.0,0.0
2026-04-10 00:00:00-04:00,57.91999816894531,58.97999954223633,53.58000183105469,55.2599983215332,510900,0.0,0.0
2026-04-13 00:00:00-04:00,54.0099983215332,57.06999969482422,54.0099983215332,55.65999984741211,522900,0.0,0.0
2026-04-14 00:00:00-04:00,56.380001068115234,61.13999938964844,55.27000045776367,60.77000045776367,690200,0.0,0.0
2026-04-15 00:00:00-04:00,61.25,63.5099983215332,59.400001525878906,60.0,445600,0.0,0.0
2026-04-16 00:00:00-04:00,60.5,62.68000030517578,55.689998626708984,56.779998779296875,529000,0.0,0.0
2026-04-17 00:00:00-04:00,57.9900016784668,61.08000183105469,57.9900016784668,59.58000183105469,449200,0.0,0.0
2026-04-20 00:00:00-04:00,59.38999938964844,61.6349983215332,58.9640007019043,61.040000915527344,351200,0.0,0.0
2026-04-21 00:00:00-04:00,61.2400016784668,64.21499633789062,59.75,59.959999084472656,303100,0.0,0.0
2026-04-22 00:00:00-04:00,59.959999084472656,64.19999694824219,58.56999969482422,59.790000915527344,212300,0.0,0.0
2026-04-23 00:00:00-04:00,59.790000915527344,60.48500061035156,56.970001220703125,57.130001068115234,350400,0.0,0.0
2026-04-24 00:00:00-04:00,57.22999954223633,57.95000076293945,56.29999923706055,56.619998931884766,390400,0.0,0.0
2026-04-27 00:00:00-04:00,56.09000015258789,57.92499923706055,55.34000015258789,55.439998626708984,221500,0.0,0.0
2026-04-28 00:00:00-04:00,55.45000076293945,55.69499969482422,53.244998931884766,53.560001373291016,304000,0.0,0.0
2026-04-29 00:00:00-04:00,53.0099983215332,54.9900016784668,53.0,54.02000045776367,172300,0.0,0.0
2026-04-30 00:00:00-04:00,54.61000061035156,56.27000045776367,54.435001373291016,55.06999969482422,180600,0.0,0.0
2026-05-01 00:00:00-04:00,55.900001525878906,57.02000045776367,54.16999816894531,56.11000061035156,226900,0.0,0.0
2026-05-04 00:00:00-04:00,56.099998474121094,58.310001373291016,54.0,54.029998779296875,191500,0.0,0.0
2026-05-05 00:00:00-04:00,54.75,56.83000183105469,53.60900115966797,55.52000045776367,182900,0.0,0.0
2026-05-06 00:00:00-04:00,56.189998626708984,56.9900016784668,54.41999816894531,55.619998931884766,146700,0.0,0.0
2026-05-07 00:00:00-04:00,55.529998779296875,56.310001373291016,53.63999938964844,56.29999923706055,201300,0.0,0.0
2026-05-08 00:00:00-04:00,56.310001373291016,57.92900085449219,55.22999954223633,57.29999923706055,144100,0.0,0.0
2026-05-11 00:00:00-04:00,57.47999954223633,58.65999984741211,55.25,55.91999816894531,279700,0.0,0.0
2026-05-12 00:00:00-04:00,55.689998626708984,56.150001525878906,52.33000183105469,52.72999954223633,282000,0.0,0.0
2026-05-13 00:00:00-04:00,52.36000061035156,52.52000045776367,48.560001373291016,49.9900016784668,548900,0.0,0.0
2026-05-14 00:00:00-04:00,50.34000015258789,51.5,48.11000061035156,48.16999816894531,308500,0.0,0.0
2026-05-15 00:00:00-04:00,47.849998474121094,50.93000030517578,47.81999969482422,50.459999084472656,249000,0.0,0.0
2026-05-18 00:00:00-04:00,52.97999954223633,54.290000915527344,50.619998931884766,51.06999969482422,334100,0.0,0.0
2026-05-19 00:00:00-04:00,51.33000183105469,56.439998626708984,49.5099983215332,53.220001220703125,513900,0.0,0.0
2026-05-20 00:00:00-04:00,53.849998474121094,55.314998626708984,52.47800064086914,55.25,262000,0.0,0.0
2026-05-21 00:00:00-04:00,55.38999938964844,55.60499954223633,53.099998474121094,54.33000183105469,253200,0.0,0.0
2026-05-22 00:00:00-04:00,54.34000015258789,55.290000915527344,53.290000915527344,54.279998779296875,182200,0.0,0.0
2026-05-26 00:00:00-04:00,54.7400016784668,56.400001525878906,53.755001068115234,56.400001525878906,222400,0.0,0.0
2026-05-27 00:00:00-04:00,56.0,58.83000183105469,55.599998474121094,56.61000061035156,246300,0.0,0.0
2026-05-28 00:00:00-04:00,56.61000061035156,57.709999084472656,55.540000915527344,57.27000045776367,163800,0.0,0.0
2026-05-29 00:00:00-04:00,57.27000045776367,58.150001525878906,56.189998626708984,56.189998626708984,177300,0.0,0.0
2026-06-01 00:00:00-04:00,56.290000915527344,57.04999923706055,51.560001373291016,52.0,819600,0.0,0.0
2026-06-02 00:00:00-04:00,51.0,51.08000183105469,45.61000061035156,46.61000061035156,637400,0.0,0.0
2026-06-03 00:00:00-04:00,46.61000061035156,46.61000061035156,43.0,44.150001525878906,825600,0.0,0.0
2026-06-04 00:00:00-04:00,44.65999984741211,46.83000183105469,44.40999984741211,45.77000045776367,499100,0.0,0.0
2026-06-05 00:00:00-04:00,46.0,47.630001068115234,44.81999969482422,45.58000183105469,385200,0.0,0.0
2026-06-08 00:00:00-04:00,45.880001068115234,46.81999969482422,44.66999816894531,44.7599983215332,483200,0.0,0.0
2026-06-09 00:00:00-04:00,44.47999954223633,45.71500015258789,43.22999954223633,44.36000061035156,471400,0.0,0.0
2026-06-10 00:00:00-04:00,44.290000915527344,46.20000076293945,44.290000915527344,44.400001525878906,452800,0.0,0.0
2026-06-11 00:00:00-04:00,44.209999084472656,47.4900016784668,43.959999084472656,46.41999816894531,646000,0.0,0.0
2026-06-12 00:00:00-04:00,46.880001068115234,49.2599983215332,46.83000183105469,48.97999954223633,560800,0.0,0.0
2026-06-15 00:00:00-04:00,49.0,51.88999938964844,49.0,50.310001373291016,537849,0.0,0.0
