Date,Open,High,Low,Close,Volume,Dividends,Stock Splits
2022-01-03 00:00:00-05:00,15.401224187002255,15.416908074142462,15.15812991912025,15.377699851989746,26700,0.0,0.0
2022-01-04 00:00:00-05:00,15.503164256328764,15.52668858572483,15.16596824180901,15.299278259277344,16700,0.0,0.0
2022-01-05 00:00:00-05:00,15.314964612767765,15.769786834716797,15.283596840917225,15.769786834716797,19800,0.0,0.0
2022-01-06 00:00:00-05:00,15.66784448910037,15.96583236584359,15.66784448910037,15.738420486450195,25900,0.0,0.0
2022-01-07 00:00:00-05:00,15.620790460122562,15.722732711254555,15.620790460122562,15.707050323486328,7100,0.0,0.0
2022-01-10 00:00:00-05:00,15.56590135626813,15.68352751347968,15.487483419561185,15.62863540649414,16500,0.0,0.0
2022-01-11 00:00:00-05:00,15.683526508133754,15.691368450871538,15.605108576453556,15.652158737182617,8200,0.0,0.0
2022-01-12 00:00:00-05:00,15.628635406494139,15.746261563705689,15.487483419561185,15.62863540649414,8900,0.0,0.0
2022-01-13 00:00:00-05:00,15.68352739233175,15.801153548634694,15.581585122388594,15.620793342590332,10900,0.0,0.0
2022-01-14 00:00:00-05:00,15.683526750708383,15.86388694937409,15.495324609183603,15.667842864990234,10200,0.0,0.0
2022-01-18 00:00:00-05:00,15.53453602784068,15.542377972315167,15.10323955162972,15.252233505249023,19300,0.0,0.0
2022-01-19 00:00:00-05:00,15.220862790792872,15.589425135799246,15.220862790792872,15.565900802612305,11700,0.0,0.0
2022-01-20 00:00:00-05:00,15.31496519838096,15.495325406325117,15.142445438001555,15.338489532470703,7100,0.0,0.0
2022-01-21 00:00:00-05:00,15.267913263749582,15.291439093113242,14.946401074268147,15.205179214477539,11900,0.0,0.0
2022-01-24 00:00:00-05:00,15.213019417645326,15.314963170863889,15.087551333451357,15.189495086669922,8900,0.0,0.0
2022-01-25 00:00:00-05:00,15.252228663396798,15.260069109684345,15.01697489093792,15.071866989135742,13700,0.0,0.0
2022-01-26 00:00:00-05:00,15.205179177967905,15.518850919272667,15.079711079725083,15.291439056396484,24500,0.0,0.0
2022-01-27 00:00:00-05:00,15.291439496104356,15.432591484610807,15.14244556427002,15.14244556427002,6500,0.0,0.0
2022-01-28 00:00:00-05:00,15.43259032293596,15.652158736797945,15.299280287792195,15.307122230529785,4800,0.0,0.0
2022-01-31 00:00:00-05:00,15.605112089837013,15.785472326319981,15.45611813566944,15.722738265991211,10000,0.0,0.0
2022-02-01 00:00:00-05:00,15.840360519396567,15.96582859713576,15.620790635504244,15.832518577575684,33500,0.0,0.0
2022-02-02 00:00:00-05:00,15.78547053213274,15.832522193804877,15.550218206563281,15.730578422546387,5900,0.0,0.0
2022-02-03 00:00:00-05:00,15.612950469768599,15.90309636735758,15.307122182451335,15.330646514892578,6800,0.0,0.0
2022-02-04 00:00:00-05:00,15.346330723874837,15.926621035589788,15.346330723874837,15.785469055175781,3500,0.0,0.0
2022-02-07 00:00:00-05:00,15.730577312656163,15.730577312656163,15.377698849199751,15.401223182678223,7400,0.0,0.0
2022-02-08 00:00:00-05:00,15.448276728884041,15.699212954638043,15.448276728884041,15.605111122131348,6800,0.0,0.0
2022-02-09 00:00:00-05:00,15.487482939042671,15.550216987322278,15.330647070494807,15.393381118774414,8400,0.0,0.0
2022-02-10 00:00:00-05:00,15.409060336489746,15.628630186797047,15.401218395868353,15.573738098144531,11100,0.0,0.0
2022-02-11 00:00:00-05:00,15.722734902142157,15.957988699816433,15.299280459444718,15.840362548828125,2190800,0.0,0.0
2022-02-14 00:00:00-05:00,15.761943307560163,15.793309580560472,15.432589214720487,15.526689529418945,179100,0.0,0.0
2022-02-15 00:00:00-05:00,15.69136921810916,15.816837316653247,15.118920831539553,15.205179214477539,42100,0.0,0.0
2022-02-16 00:00:00-05:00,15.299280914310202,15.46395723145032,15.095394881876459,15.401223182678223,13400,0.0,0.0
2022-02-17 00:00:00-05:00,15.25223379706039,15.52669438042864,14.985613662618656,15.181657791137695,40500,0.0,0.0
2022-02-18 00:00:00-05:00,15.18165304907522,15.49532325758968,15.087551238672114,15.095393180847168,34200,0.0,0.0
2022-02-22 00:00:00-05:00,15.158127249120334,15.291437274934847,15.001291396739424,15.009133338928223,30300,0.0,0.0
2022-02-23 00:00:00-05:00,15.20517898393769,15.432590843911917,14.679780768363736,14.84445858001709,23300,0.0,0.0
2022-02-24 00:00:00-05:00,14.530786115653585,14.585678212575353,14.272008018952784,14.303374290466309,32300,0.0,0.0
2022-02-25 00:00:00-05:00,14.421001555812918,14.711147442453914,14.33474318062039,14.42884349822998,58800,0.0,0.0
2022-02-28 00:00:00-05:00,14.349564060664708,14.7063202633959,14.349564060664708,14.420915603637695,49100,0.2,0.0
2022-03-01 00:00:00-05:00,14.468484114400976,14.880737175367273,14.436771642572545,14.69046688079834,29300,0.0,0.0
2022-03-02 00:00:00-05:00,14.785602844588976,15.396054383007966,14.753891881521703,15.197855949401855,16300,0.0,0.0
2022-03-03 00:00:00-05:00,15.261276460184847,15.285060812023417,14.31785167379415,14.579473495483398,48400,0.0,0.0
2022-03-04 00:00:00-05:00,14.627043347647435,14.936232385156986,14.44469966016864,14.801457405090332,36900,0.0,0.0
2022-03-07 00:00:00-05:00,14.841093844130212,14.856950077115458,14.000733153648978,14.008661270141602,51700,0.0,0.0
2022-03-08 00:00:00-05:00,14.159292974007741,14.365419473909048,13.969022707668147,14.024518013000488,98900,0.0,0.0
2022-03-09 00:00:00-05:00,14.135515125917445,14.531912074498567,14.080019795057584,14.278218269348145,38000,0.0,0.0
2022-03-10 00:00:00-05:00,14.278213228817139,14.468483515510256,14.024519513226315,14.341636657714844,38800,0.0,0.0
2022-03-11 00:00:00-05:00,14.49227091907664,14.595333445680293,13.945242784598733,14.476414680480957,35600,0.0,0.0
2022-03-14 00:00:00-04:00,14.452624358889182,14.531904007019676,14.246497878603302,14.39712905883789,19100,0.0,0.0
2022-03-15 00:00:00-04:00,14.476412697127016,14.571547091398854,14.064159622925228,14.143439292907715,17100,0.0,0.0
2022-03-16 00:00:00-04:00,14.254431159904929,14.563621748439667,14.03244987926201,14.381278038024902,31900,0.0,0.0
2022-03-17 00:00:00-04:00,14.32578547978026,14.32578547978026,14.072091674629839,14.278218269348145,32000,0.0,0.0
2022-03-18 00:00:00-04:00,14.159295448492605,14.65875479590307,13.905601715704183,14.642898559570312,123600,0.0,0.0
2022-03-21 00:00:00-04:00,14.508123972697692,14.856953620910645,14.27028646972257,14.856953620910645,38100,0.0,0.0
2022-03-22 00:00:00-04:00,14.785601077941186,15.00758384142482,14.666682334413256,14.999655723571777,36500,0.0,0.0
2022-03-23 00:00:00-04:00,14.991729403636231,14.991729403636231,14.603260655052264,14.722179412841797,29200,0.0,0.0
2022-03-24 00:00:00-04:00,14.801455837037274,14.801455837037274,14.500194949345056,14.539834022521973,19600,0.0,0.0
2022-03-25 00:00:00-04:00,14.65875479590307,14.761818819932069,14.516051693176102,14.642898559570312,14400,0.0,0.0
2022-03-28 00:00:00-04:00,14.73010844947531,14.769747533830374,14.468486561183116,14.476414680480957,16600,0.0,0.0
2022-03-29 00:00:00-04:00,14.59532872454976,14.849022411482169,14.365419387817383,14.365419387817383,31900,0.0,0.0
2022-03-30 00:00:00-04:00,14.29407001142968,14.468484069543655,13.984879460596614,14.214790344238281,37600,0.0,0.0
2022-03-31 00:00:00-04:00,14.222718776534416,14.325781287667501,13.905601612893486,13.921456336975098,29500,0.0,0.0
2022-04-01 00:00:00-04:00,14.06415657345636,14.309922136193272,13.905598780004706,14.008661270141602,24500,0.0,0.0
2022-04-04 00:00:00-04:00,14.24650150456344,14.24650150456344,13.889745265376378,13.905601501464844,19000,0.0,0.0
2022-04-05 00:00:00-04:00,13.873889470624748,13.921456668269386,13.72325824726046,13.80253791809082,23800,0.0,0.0
2022-04-06 00:00:00-04:00,13.723256651392521,13.82632066512693,13.572626957678803,13.596409797668457,20700,0.0,0.0
2022-04-07 00:00:00-04:00,13.60433913788935,13.913528182616954,13.311006329335957,13.445779800415039,47500,0.0,0.0
2022-04-08 00:00:00-04:00,13.517132757386339,13.64397963570936,13.469565556048723,13.604340553283691,16600,0.0,0.0
2022-04-11 00:00:00-04:00,13.548843062314756,13.794608660673672,13.477491515672842,13.66776180267334,30400,0.0,0.0
2022-04-12 00:00:00-04:00,13.651906349042758,13.79460945049719,13.604339152602584,13.620195388793945,18300,0.0,0.0
2022-04-13 00:00:00-04:00,13.675690235984959,13.992807388305666,13.540915257231926,13.992807388305664,40300,0.0,0.0
2022-04-14 00:00:00-04:00,13.85803339804429,13.921456833032416,13.636052131652832,13.636052131652832,27800,0.0,0.0
2022-04-18 00:00:00-04:00,13.58055619654785,13.778754632944331,13.58055619654785,13.604340553283691,23300,0.0,0.0
2022-04-19 00:00:00-04:00,13.596412714433853,13.858034595380794,13.485422071648514,13.628125190734863,23700,0.0,0.0
2022-04-20 00:00:00-04:00,13.786682919713298,13.786682919713298,13.509206315087116,13.651907920837402,27600,0.0,0.0
2022-04-21 00:00:00-04:00,13.612266032417407,13.834248782501406,13.509203530816771,13.596409797668457,11400,0.0,0.0
2022-04-22 00:00:00-04:00,13.517130628674483,13.636050881491762,13.477491552491275,13.52505874633789,16300,0.0,0.0
2022-04-25 00:00:00-04:00,13.477493952573262,13.667764273977028,13.35857519071267,13.628125190734863,29100,0.0,0.0
2022-04-26 00:00:00-04:00,13.501276786638613,13.501276786638613,13.089023714038825,13.27929401397705,27600,0.0,0.0
2022-04-27 00:00:00-04:00,13.200013160705566,13.295149058211155,13.11280689280372,13.200013160705566,18600,0.0,0.0
2022-04-28 00:00:00-04:00,13.207938780221285,13.239651244103452,13.025596649299343,13.112804412841797,21200,0.0,0.0
2022-04-29 00:00:00-04:00,13.033528421745414,13.033528421745414,12.652987065135179,12.748122215270996,17300,0.0,0.0
2022-05-02 00:00:00-04:00,12.748122448194307,12.938392751942407,12.462716992572158,12.914609909057617,34500,0.0,0.0
2022-05-03 00:00:00-04:00,12.86703961656349,13.207941102569865,12.732264645633848,13.152445793151855,15200,0.0,0.0
2022-05-04 00:00:00-04:00,13.176232448095627,13.303079323830142,12.89875434037611,13.192087173461914,17000,0.0,0.0
2022-05-05 00:00:00-04:00,13.231726042200059,13.231726042200059,12.803616758307907,12.882896423339844,17700,0.0,0.0
2022-05-06 00:00:00-04:00,12.906680138356428,12.914608255681024,12.684697389669065,12.76397705078125,26600,0.0,0.0
2022-05-09 00:00:00-04:00,12.724336700435043,12.970103805659813,12.684697625209779,12.843256950378418,17500,0.0,0.0
2022-05-10 00:00:00-04:00,13.065239206974805,13.065239206974805,12.67677049345244,12.700554847717285,18900,0.0,0.0
2022-05-11 00:00:00-04:00,12.660914518352083,12.946319953769443,12.621274685527384,12.771905899047852,8800,0.0,0.0
2022-05-12 00:00:00-04:00,12.700555081441763,12.88289726442611,12.335869959406098,12.383437156677246,24000,0.0,0.0
2022-05-13 00:00:00-04:00,12.621274627187143,12.827401152069237,12.407219984563369,12.518211364746094,80800,0.0,0.0
2022-05-16 00:00:00-04:00,12.803619059318258,12.82740341674241,12.399294811979376,12.62127685546875,21900,0.0,0.0
2022-05-17 00:00:00-04:00,12.811546098684355,12.922536733041065,12.692627345854453,12.732266426086426,17900,0.0,0.0
2022-05-18 00:00:00-04:00,12.684698551775684,12.795689180220872,12.4468603027165,12.668842315673828,22000,0.0,0.0
2022-05-19 00:00:00-04:00,12.59749043037405,12.668841218452007,12.407219393965509,12.478570938110352,12000,0.0,0.0
2022-05-20 00:00:00-04:00,12.502356062858864,12.502356062858864,12.23280610434967,12.343796730041504,21800,0.0,0.0
2022-05-23 00:00:00-04:00,12.494427084808779,12.621273937476175,12.391363827999797,12.454787254333496,11700,0.0,0.0
2022-05-24 00:00:00-04:00,12.438931329561303,12.645057848313725,12.304157112295226,12.470643043518066,14100,0.0,0.0
2022-05-25 00:00:00-04:00,12.478573574686177,12.660916532257351,12.478573574686177,12.486501693725586,8700,0.0,0.0
2022-05-26 00:00:00-04:00,12.60541997210337,12.748123085077232,12.47064497786517,12.637131690979004,10400,0.0,0.0
2022-05-27 00:00:00-04:00,12.708482468955106,12.874968405898372,12.462716110295519,12.771905899047852,22000,0.0,0.0
2022-05-31 00:00:00-04:00,12.964567346150657,12.980622905764012,12.651491589402436,12.707684516906738,12600,0.2,0.0
2022-06-01 00:00:00-04:00,12.89231798336287,12.89231798336287,12.619380378615245,12.820070266723633,14400,0.0,0.0
2022-06-02 00:00:00-04:00,12.755852162216668,13.00470801101578,12.755852162216668,12.812045097351074,8900,0.0,0.0
2022-06-03 00:00:00-04:00,12.844154357910156,12.908375068454006,12.844154357910156,12.844154357910156,6900,0.0,0.0
2022-06-06 00:00:00-04:00,12.98865260131746,13.012734413146973,12.844155605769725,13.012734413146973,51500,0.0,0.0
2022-06-07 00:00:00-04:00,12.87626547875334,12.916402848664802,12.812044002638231,12.844154357910156,14600,0.0,0.0
2022-06-08 00:00:00-04:00,12.763879694022924,12.908376693725586,12.763879694022924,12.908376693725586,16100,0.0,0.0
2022-06-09 00:00:00-04:00,12.892319255461803,12.948512184693994,12.683602333068848,12.683602333068848,20700,0.0,0.0
2022-06-10 00:00:00-04:00,12.67557363748097,12.828097619625195,12.531076669239248,12.763876914978027,14500,0.0,0.0
2022-06-13 00:00:00-04:00,12.587271045566238,12.667546547961916,12.450801849365234,12.450801849365234,15300,0.0,0.0
2022-06-14 00:00:00-04:00,12.563188164809063,12.563188164809063,12.282222747802734,12.282222747802734,20500,0.0,0.0
2022-06-15 00:00:00-04:00,12.322359085083008,12.450800487322356,11.896895983201235,12.322359085083008,45900,0.0,0.0
2022-06-16 00:00:00-04:00,12.201946258544922,12.201946258544922,12.041394485189972,12.201946258544922,17400,0.0,0.0
2022-06-17 00:00:00-04:00,12.089560604006545,12.330387885317572,11.840704776928225,11.872815132141113,90000,0.0,0.0
2022-06-21 00:00:00-04:00,12.041394867928211,12.338415849468555,11.888870869785812,12.330388069152832,34000,0.0,0.0
2022-06-22 00:00:00-04:00,12.234054583986262,12.242082362715275,12.081530615990609,12.161806106567383,20500,0.0,0.0
2022-06-23 00:00:00-04:00,12.129698656400944,12.185892355364045,11.904926157262441,11.937036514282227,24600,0.0,0.0
2022-06-24 00:00:00-04:00,12.049422094599288,12.153780937194824,11.98520138616684,12.153780937194824,10800,0.0,0.0
2022-06-27 00:00:00-04:00,12.402635462163623,12.402635462163623,12.242083697927987,12.362497329711914,10400,0.0,0.0
2022-06-28 00:00:00-04:00,12.434746178683204,12.58727093334627,12.185891128232637,12.410663604736328,8900,0.0,0.0
2022-06-29 00:00:00-04:00,12.314333600783236,12.442775026957193,12.04139518737793,12.04139518737793,47700,0.0,0.0
2022-06-30 00:00:00-04:00,12.049423817420033,12.049423817420033,11.945064959903318,12.00125789642334,10200,0.0,0.0
2022-07-01 00:00:00-04:00,12.03336513449748,12.185889873455116,11.95308964108343,11.993227005004883,10400,0.0,0.0
2022-07-05 00:00:00-04:00,12.209974243217617,12.209974243217617,11.993228771377826,12.025339126586914,15100,0.0,0.0
2022-07-06 00:00:00-04:00,12.065475899508531,12.129696602674645,11.896896362304688,11.896896362304688,19500,0.0,0.0
2022-07-07 00:00:00-04:00,12.033368215516095,12.145754853756564,11.912954561778788,12.073506355285645,5100,0.0,0.0
2022-07-08 00:00:00-04:00,12.057449874546153,12.161807951570456,11.977173606219976,12.153780937194824,13000,0.0,0.0
2022-07-11 00:00:00-04:00,12.041393531000388,12.193917512208406,12.025337972151553,12.049421310424805,8200,0.0,0.0
2022-07-12 00:00:00-04:00,11.969145995787432,12.234056613215913,11.969145995787432,12.201946258544922,9400,0.0,0.0
2022-07-13 00:00:00-04:00,12.065475058532584,12.362495981365994,12.065475058532584,12.161806106567383,6000,0.0,0.0
2022-07-14 00:00:00-04:00,12.033367512949644,12.458830697866379,11.824649810791016,11.824649810791016,12100,0.0,0.0
2022-07-15 00:00:00-04:00,11.993229134394362,12.113643544251644,11.832677353489265,11.920981407165527,6500,0.0,0.0
2022-07-18 00:00:00-04:00,11.961116790771484,12.041393050671086,11.880841296443036,11.961116790771484,11900,0.0,0.0
2022-07-19 00:00:00-04:00,11.96111891323356,12.113643680993603,11.96111891323356,12.04139518737793,8100,0.0,0.0
2022-07-20 00:00:00-04:00,12.041393531000388,12.258138982032563,12.041393531000388,12.049421310424805,9400,0.0,0.0
2022-07-21 00:00:00-04:00,12.450800369163863,12.450800369163863,12.041392829232873,12.057448387145996,10200,0.0,0.0
2022-07-22 00:00:00-04:00,12.033366203308105,12.041393983033885,11.880842216374342,12.033366203308105,7000,0.0,0.0
2022-07-25 00:00:00-04:00,12.209974069347835,12.402636197858863,12.129697799682617,12.129697799682617,9100,0.0,0.0
2022-07-26 00:00:00-04:00,12.121670971574654,12.474884879276432,12.121670971574654,12.282222747802734,7400,0.0,0.0
2022-07-27 00:00:00-04:00,12.282222189591362,12.555160579560027,12.282222189591362,12.410663604736328,7900,0.0,0.0
2022-07-28 00:00:00-04:00,12.458830084439253,12.49094043968487,12.282222747802734,12.282222747802734,6700,0.0,0.0
2022-07-29 00:00:00-04:00,12.298275903167275,12.627407191951445,12.298275903167275,12.44277286529541,7400,0.0,0.0
2022-08-01 00:00:00-04:00,12.563187879749393,12.57121565977146,12.482912376242437,12.498967170715332,6300,0.0,0.0
2022-08-02 00:00:00-04:00,12.338413877577354,12.41869013676252,12.322359085083008,12.322359085083008,7000,0.0,0.0
2022-08-03 00:00:00-04:00,12.394606799664283,12.434744929256865,12.322359085083008,12.322359085083008,6900,0.0,0.0
2022-08-04 00:00:00-04:00,12.442772570988781,12.498965492455644,12.322358949110892,12.354469299316406,7800,0.0,0.0
2022-08-05 00:00:00-04:00,12.442774696859152,12.442774696859152,12.322361054408377,12.330388069152832,42800,0.0,0.0
2022-08-08 00:00:00-04:00,12.33038739488315,12.490939930132953,12.258139672706209,12.266166687011719,6000,0.0,0.0
2022-08-09 00:00:00-04:00,12.274194778851511,12.378553623187795,12.09758744493078,12.129697799682617,5000,0.0,0.0
2022-08-10 00:00:00-04:00,12.209973293463449,12.506994247436523,12.041393750335898,12.506994247436523,8700,0.0,0.0
2022-08-11 00:00:00-04:00,12.410661314782017,12.81204104583503,12.410661314782017,12.731764793395996,16300,0.0,0.0
2022-08-12 00:00:00-04:00,12.635436388129701,12.763877806394255,12.47488461529901,12.755850791931152,13200,0.0,0.0
2022-08-15 00:00:00-04:00,12.314331205091232,13.133146286010742,12.314331205091232,13.133146286010742,10300,0.0,0.0
2022-08-16 00:00:00-04:00,13.012732554330096,13.133147720847493,13.004706305628552,13.044843673706055,5400,0.0,0.0
2022-08-17 00:00:00-04:00,13.044843751066997,13.044843751066997,13.004706382751465,13.004706382751465,13300,0.0,0.0
2022-08-18 00:00:00-04:00,12.924432913949842,13.09301173475419,12.924432913949842,13.076957702636719,5100,0.0,0.0
2022-08-19 00:00:00-04:00,13.08498140413532,13.422140511207324,13.08498140413532,13.24553394317627,38200,0.0,0.0
2022-08-22 00:00:00-04:00,13.32581229716311,13.36594967263052,13.05287385678508,13.293701171875,11400,0.0,0.0
2022-08-23 00:00:00-04:00,13.3579224039773,13.438198689135804,12.932460695579971,13.076957702636719,12600,0.0,0.0
2022-08-24 00:00:00-04:00,13.398058943314936,13.398058943314936,12.844154357910156,12.844154357910156,7600,0.0,0.0
2022-08-25 00:00:00-04:00,13.133146507723376,13.165256092990889,13.004705104368718,13.03681468963623,6400,0.0,0.0
2022-08-26 00:00:00-04:00,13.229478763355857,13.229478763355857,12.924430767779723,12.964568138122559,6000,0.0,0.0
2022-08-29 00:00:00-04:00,12.980622966096584,13.349891652065427,12.980622966096584,13.044843673706055,4900,0.0,0.0
2022-08-30 00:00:00-04:00,13.109064381315525,13.406086110973353,13.044843673706055,13.044843673706055,6600,0.0,0.0
2022-08-31 00:00:00-04:00,13.28054589461859,13.475608804365745,12.93105759998828,12.971695899963379,7800,0.2,0.0
2022-09-01 00:00:00-04:00,12.971695407254328,13.109864381743774,12.508420820423805,12.833525657653809,12700,0.0,0.0
2022-09-02 00:00:00-04:00,12.890420074874978,13.248035430908203,12.88229303448031,13.248035430908203,2700,0.0,0.0
2022-09-06 00:00:00-04:00,12.996077084096347,12.996077084096347,12.605951309204102,12.605951309204102,11500,0.0,0.0
2022-09-07 00:00:00-04:00,12.378379019223432,12.687229024822795,12.378379019223432,12.5571870803833,9100,0.0,0.0
2022-09-08 00:00:00-04:00,12.45965500265209,12.679101354317838,12.45965500265209,12.516548156738281,5600,0.0,0.0
2022-09-09 00:00:00-04:00,12.55718686736248,13.1992695384735,12.394634439570662,12.45152759552002,6700,0.0,0.0
2022-09-12 00:00:00-04:00,12.589697077296238,12.614080522264524,12.394634168216545,12.41901683807373,8500,0.0,0.0
2022-09-13 00:00:00-04:00,12.29710097389633,12.638461404046044,12.29710097389633,12.37024974822998,9600,0.0,0.0
2022-09-14 00:00:00-04:00,12.386505305659094,12.6140794554498,12.215825080871582,12.215825080871582,10700,0.0,0.0
2022-09-15 00:00:00-04:00,12.451527048889703,12.809143149443235,12.19144317584065,12.386506080627441,10400,0.0,0.0
2022-09-16 00:00:00-04:00,12.191442290249142,12.711610773673076,12.118293512489885,12.134549140930176,24300,0.0,0.0
2022-09-19 00:00:00-04:00,12.264591068008402,12.443399105296477,12.134549140930176,12.134549140930176,14700,0.0,0.0
2022-09-20 00:00:00-04:00,12.191442895171122,12.581568695763288,12.11016629915889,12.126421928405762,17500,0.0,0.0
2022-09-21 00:00:00-04:00,12.30522926103462,12.711610667309213,12.167059520892376,12.459653854370117,5700,0.0,0.0
2022-09-22 00:00:00-04:00,12.435272250586555,12.524675888573498,12.158932746667352,12.31335735321045,9600,0.0,0.0
2022-09-23 00:00:00-04:00,12.207697516100543,12.386504772380835,12.191441888196334,12.199569702148438,17000,0.0,0.0
2022-09-26 00:00:00-04:00,12.297102410367506,12.589696766770182,12.297102410367506,12.508420944213867,23600,0.0,0.0
2022-09-27 00:00:00-04:00,12.605954164265617,13.23990985471359,12.280848503112793,12.280848503112793,42400,0.0,0.0
2022-09-28 00:00:00-04:00,12.288975435367883,12.809143990741486,12.288975435367883,12.484038352966309,7900,0.0,0.0
2022-09-29 00:00:00-04:00,12.622206086412497,12.866035081810299,12.516546829236416,12.63033390045166,20800,0.0,0.0
2022-09-30 00:00:00-04:00,12.630334198177453,13.069226090194777,12.630334198177453,12.89041805267334,24900,0.0,0.0
2022-10-03 00:00:00-04:00,12.987950679039878,13.451225280761719,12.987950679039878,13.451225280761719,22300,0.0,0.0
2022-10-04 00:00:00-04:00,13.540628929310587,13.906372831151998,13.540628929310587,13.67879867553711,21200,0.0,0.0
2022-10-05 00:00:00-04:00,13.491863048354809,13.768202529663268,13.491863048354809,13.613777160644531,7200,0.0,0.0
2022-10-06 00:00:00-04:00,13.670672447384648,13.670672447384648,13.166760291064389,13.491865158081055,18200,0.0,0.0
2022-10-07 00:00:00-04:00,13.41058687401284,13.41058687401284,12.931056673894007,13.020461082458496,33900,0.0,0.0
2022-10-10 00:00:00-04:00,13.085482487840366,13.296801019595405,12.833525657653809,12.833525657653809,15100,0.0,0.0
2022-10-11 00:00:00-04:00,12.95543943762268,13.166758738939468,12.95543943762268,13.052970886230469,9900,0.0,0.0
2022-10-12 00:00:00-04:00,13.012331379504245,13.19926643371582,13.012331379504245,13.19926643371582,1800,0.0,0.0
2022-10-13 00:00:00-04:00,13.069225867171117,13.532500418863988,13.069225867171117,13.483735084533691,5800,0.0,0.0
2022-10-14 00:00:00-04:00,13.589394165239813,13.686926388413994,13.499991306737419,13.654415130615234,5400,0.0,0.0
2022-10-17 00:00:00-04:00,13.77633044319009,13.816967964172363,13.670670408280891,13.816967964172363,9900,0.0,0.0
2022-10-18 00:00:00-04:00,13.816967413492723,14.028285924666898,13.776329894130072,13.930753707885742,12400,0.0,0.0
2022-10-19 00:00:00-04:00,14.003903041046108,14.003903041046108,13.816967964172363,13.816967964172363,7000,0.0,0.0
2022-10-20 00:00:00-04:00,13.963269233703613,13.963269233703613,13.81697163890316,13.963269233703613,8700,0.0,0.0
2022-10-21 00:00:00-04:00,14.223349607404062,14.678496360778809,13.979521377080253,14.678496360778809,5100,0.0,0.0
2022-10-24 00:00:00-04:00,14.613475157112536,14.613475157112536,13.816967964172363,13.816967964172363,9200,0.0,0.0
2022-10-25 00:00:00-04:00,14.003901643309073,14.133943557739258,13.857604102019637,14.133943557739258,6200,0.0,0.0
2022-10-26 00:00:00-04:00,14.036413441515702,14.142071919755624,13.841350562303715,14.020157814025879,12300,0.0,0.0
2022-10-27 00:00:00-04:00,14.020159882558904,14.426541328430176,14.020159882558904,14.426541328430176,6100,0.0,0.0
2022-10-28 00:00:00-04:00,14.239606987877522,14.629732824476893,14.182713830484564,14.369648933410645,6100,0.0,0.0
2022-10-31 00:00:00-04:00,14.369648741349335,14.46717942408447,14.231478982289351,14.312755584716797,14400,0.0,0.0
2022-11-01 00:00:00-04:00,14.467176041899501,14.532196998596191,14.361517568600588,14.532196998596191,7200,0.0,0.0
2022-11-02 00:00:00-04:00,14.459051279599558,14.62973072731161,14.26398683904,14.418412208557129,33500,0.0,0.0
2022-11-03 00:00:00-04:00,14.329009856542624,14.532200590215915,14.304627960644083,14.369648933410645,5300,0.0,0.0
2022-11-04 00:00:00-04:00,14.304625961383655,14.515944480895996,14.304625961383655,14.515944480895996,7700,0.0,0.0
2022-11-07 00:00:00-05:00,14.580964266804374,14.580964266804374,14.288369178771973,14.288369178771973,6800,0.0,0.0
2022-11-08 00:00:00-05:00,14.39402851212307,14.418411954318577,14.263986587524414,14.263986587524414,9800,0.0,0.0
2022-11-09 00:00:00-05:00,14.312754882051227,14.320882696917172,14.223350468748,14.296499252319336,12000,0.0,0.0
2022-11-10 00:00:00-05:00,14.34526557195343,14.475307518254043,14.020160706201901,14.125819206237793,27800,0.0,0.0
2022-11-11 00:00:00-05:00,14.158328208364923,14.223349171138388,13.857605286648873,14.109562873840332,19800,0.0,0.0
2022-11-14 00:00:00-05:00,14.04454110576775,14.296497128290284,13.841350414973656,14.068922996520996,7600,0.0,0.0
2022-11-15 00:00:00-05:00,14.142073489081003,14.272115422986225,13.84947991290532,14.012031555175781,10800,0.0,0.0
2022-11-16 00:00:00-05:00,14.012031795711819,14.182712805781232,14.012031795711819,14.166457176208496,2500,0.0,0.0
2022-11-17 00:00:00-05:00,14.133943514734103,14.33713419919076,14.077050371121741,14.20709228515625,9600,0.0,0.0
2022-11-18 00:00:00-05:00,14.22334901886156,14.337135314941406,14.028286132629528,14.337135314941406,18100,0.0,0.0
2022-11-21 00:00:00-05:00,14.361518658820206,14.418411806470978,14.125816704013287,14.304625511169434,11400,0.0,0.0
2022-11-22 00:00:00-05:00,14.377775529985763,14.613475954950966,14.377775529985763,14.56471061706543,52500,0.0,0.0
2022-11-23 00:00:00-05:00,14.621604236421724,14.678497390808152,14.304627204713233,14.426541328430176,5800,0.0,0.0
2022-11-25 00:00:00-05:00,14.491561134847082,14.694751841477142,14.450923613609897,14.548454284667969,7400,0.0,0.0
2022-11-28 00:00:00-05:00,14.540325164794922,14.629729563755557,14.434666688932113,14.540325164794922,15700,0.0,0.0
2022-11-29 00:00:00-05:00,14.564708930921114,14.995473758003447,14.450922638953765,14.971090316772461,52900,0.0,0.0
2022-11-30 00:00:00-05:00,14.987531744024524,15.00397483251356,14.781997842209272,14.995753288269043,10600,0.21,0.0
2022-12-01 00:00:00-05:00,15.069747843981684,15.193067889663803,14.666901525100386,15.06152629852295,17100,0.0,0.0
2022-12-02 00:00:00-05:00,15.086191742758091,15.415045738220215,14.979313214170688,15.415045738220215,9700,0.0,0.0
2022-12-05 00:00:00-05:00,15.349276180750683,15.349276180750683,14.839551270477427,14.905322074890137,13500,0.0,0.0
2022-12-06 00:00:00-05:00,15.003979026144208,15.045085190756792,14.749117355726925,14.831331253051758,4000,0.0,0.0
2022-12-07 00:00:00-05:00,14.839551290810567,14.987535992966851,14.699788135229594,14.872437477111816,9000,0.0,0.0
2022-12-08 00:00:00-05:00,14.880656892965288,15.258838572680807,14.880656892965288,15.250617027282715,6600,0.0,0.0
2022-12-09 00:00:00-05:00,15.151962993534786,15.349275396693997,14.65045965544288,15.127298355102539,7500,0.0,0.0
2022-12-12 00:00:00-05:00,15.127297706102162,15.193068504333496,15.102634636827615,15.193068504333496,8500,0.0,0.0
2022-12-13 00:00:00-05:00,15.193072008650438,15.193072008650438,14.058525085449219,14.058525085449219,62000,0.0,0.0
2022-12-14 00:00:00-05:00,14.181845164564587,14.444928418170674,13.992754272047698,14.058525085449219,12200,0.0,0.0
2022-12-15 00:00:00-05:00,14.198283344887116,14.255832590679006,14.099626374887206,14.247611045837402,15200,0.0,0.0
2022-12-16 00:00:00-05:00,14.099626455434972,14.436701955369676,14.099626455434972,14.25583267211914,13600,0.0,0.0
2022-12-19 00:00:00-05:00,14.255833426768147,14.255833426768147,13.98452870348084,14.000971794128418,23200,0.0,0.0
2022-12-20 00:00:00-05:00,14.107848894237355,14.239390484590661,13.992750394703075,14.050299644470215,26500,0.0,0.0
2022-12-21 00:00:00-05:00,14.17361885846522,14.535358994779,14.042077275823729,14.2969388961792,12000,0.0,0.0
2022-12-22 00:00:00-05:00,14.395596990005096,14.518917037337511,14.313383102416992,14.313383102416992,4800,0.0,0.0
2022-12-23 00:00:00-05:00,14.510692678742346,14.765554269568756,14.38737265531661,14.518914222717285,7300,0.0,0.0
2022-12-27 00:00:00-05:00,14.601132654162159,14.888880510749242,14.41204178798481,14.831331253051758,8400,0.0,0.0
2022-12-28 00:00:00-05:00,15.061525712027262,15.061525712027262,14.568243980407715,14.568243980407715,6000,0.0,0.0
2022-12-29 00:00:00-05:00,14.781999749965001,14.897099816143761,14.609352002846006,14.798442840576172,6000,0.0,0.0
2022-12-30 00:00:00-05:00,14.781999749965001,14.962870610489011,14.675122797191255,14.798442840576172,11700,0.0,0.0
2023-01-03 00:00:00-05:00,14.847771478096194,14.962871551513672,14.798443771259862,14.962871551513672,9300,0.0,0.0
2023-01-04 00:00:00-05:00,14.732670934327158,14.96286948121171,14.617572444934538,14.781998634338379,10200,0.0,0.0
2023-01-05 00:00:00-05:00,14.757336988489087,14.938206284668258,14.749115443012833,14.864213943481445,19600,0.0,0.0
2023-01-06 00:00:00-05:00,14.954650005691027,14.962871551513672,14.806665317082505,14.962871551513672,10200,0.0,0.0
2023-01-09 00:00:00-05:00,15.069747876089375,15.069747876089375,14.864213943481445,14.864213943481445,8200,0.0,0.0
2023-01-10 00:00:00-05:00,14.954648742732877,15.151961121514198,14.897099494934082,14.897099494934082,3000,0.0,0.0
2023-01-11 00:00:00-05:00,15.135520716443642,15.193069974452225,14.395598772719609,15.077971458435059,10600,0.0,0.0
2023-01-12 00:00:00-05:00,15.168405924937218,15.258839795363748,15.012199686055652,15.110855102539062,7200,0.0,0.0
2023-01-13 00:00:00-05:00,15.102634476631684,15.316388392541553,14.855992809805711,15.17662525177002,2700,0.0,0.0
2023-01-17 00:00:00-05:00,15.415047049129566,15.415047049129566,15.201291541876342,15.2835054397583,5300,0.0,0.0
2023-01-18 00:00:00-05:00,15.332830359050279,15.332830359050279,14.518916211246685,14.527137756347656,17400,0.0,0.0
2023-01-19 00:00:00-05:00,14.568246440436315,14.658681884132537,14.19828625532385,14.28872013092041,23200,0.0,0.0
2023-01-20 00:00:00-05:00,14.247612176830454,14.814886271137345,14.247612176830454,14.666901588439941,11500,0.0,0.0
2023-01-23 00:00:00-05:00,14.436706091842685,14.905323308066254,14.30516447213431,14.3544921875,18600,0.0,0.0
2023-01-24 00:00:00-05:00,14.469588816315747,14.634015017532183,14.469588816315747,14.59290885925293,10100,0.0,0.0
2023-01-25 00:00:00-05:00,14.535358873110003,14.86421282696104,14.535358873110003,14.847769737243652,9700,0.0,0.0
2023-01-26 00:00:00-05:00,14.92176199099841,14.938205080625576,14.798441954993333,14.839548110961914,6500,0.0,0.0
2023-01-27 00:00:00-05:00,14.987534620882073,15.012199258350003,14.880657661386767,14.962871551513672,5700,0.0,0.0
2023-01-30 00:00:00-05:00,14.9299836949744,15.045082187392913,14.888877538567604,15.020419120788574,6600,0.0,0.0
2023-01-31 00:00:00-05:00,15.077966286679402,15.077966286679402,14.905317003772835,15.003973960876465,15400,0.0,0.0
2023-02-01 00:00:00-05:00,15.003977893510182,15.447931964690868,14.89710093272569,15.217733383178711,24500,0.0,0.0
2023-02-02 00:00:00-05:00,15.349273908933254,15.538364747620355,15.275281568907964,15.40682315826416,10500,0.0,0.0
2023-02-03 00:00:00-05:00,15.27528077103902,15.538363936009869,15.27528077103902,15.45615005493164,13800,0.0,0.0
2023-02-06 00:00:00-05:00,15.497255159809827,15.702789043711551,15.456147442170028,15.480812072753906,15200,0.0,0.0
2023-02-07 00:00:00-05:00,15.464373562797334,15.661685961571036,15.464373562797334,15.628801345825195,6800,0.0,0.0
2023-02-08 00:00:00-05:00,15.62057764929023,15.62057764929023,15.480814523388396,15.604134559631348,6100,0.0,0.0
2023-02-09 00:00:00-05:00,15.604135542298453,15.604135542298453,15.25883847821358,15.40682315826416,13200,0.0,0.0
2023-02-10 00:00:00-05:00,15.308168998788084,15.530144468868212,15.308168998788084,15.47259521484375,5300,0.0,0.0
2023-02-13 00:00:00-05:00,15.456150388116447,15.456150388116447,15.299945735609834,15.32460880279541,8800,0.0,0.0
2023-02-14 00:00:00-05:00,15.357498013109913,15.357498013109913,15.094414790563226,15.102636337280273,11500,0.0,0.0
2023-02-15 00:00:00-05:00,15.193066908566879,15.36571621585253,14.97931144474145,15.258837699890137,6300,0.0,0.0
2023-02-16 00:00:00-05:00,15.160182910798168,15.390379905700684,15.11085363923384,15.390379905700684,6200,0.0,0.0
2023-02-17 00:00:00-05:00,15.34927516077711,15.47259521484375,15.316388976706238,15.47259521484375,13100,0.0,0.0
2023-02-21 00:00:00-05:00,15.472594829875659,15.472594829875659,15.373939416316782,15.398602485656738,8600,0.0,0.0
2023-02-22 00:00:00-05:00,15.349272331198998,15.456149273527858,15.275279998779295,15.275279998779297,5400,0.0,0.0
2023-02-23 00:00:00-05:00,15.332830017363973,15.472593144767156,15.291723860874537,15.45615005493164,6300,0.0,0.0
2023-02-24 00:00:00-05:00,15.456149273527858,15.456149273527858,15.275279998779295,15.275279998779297,13100,0.0,0.0
2023-02-27 00:00:00-05:00,15.464371797900169,15.464371797900169,15.00397625330494,15.242396354675293,11000,0.0,0.0
2023-02-28 00:00:00-05:00,15.50017729033719,15.50017729033719,15.167555766393921,15.192502975463867,12700,0.21,0.0
2023-03-01 00:00:00-05:00,15.11765917042379,15.134290638996294,14.926402040032412,14.959663391113281,27000,0.0,0.0
2023-03-02 00:00:00-05:00,14.851563531592673,14.901456356332469,14.793354971718859,14.801669120788574,15100,0.0,0.0
2023-03-03 00:00:00-05:00,14.793354971718859,14.959664916206282,14.735144825780745,14.801669120788574,15100,0.0,0.0
2023-03-06 00:00:00-05:00,14.735149005088257,15.03450921056271,14.735149005088257,14.934721946716309,39900,0.0,0.0
2023-03-07 00:00:00-05:00,14.967982167803436,14.967982167803436,14.577152093293996,14.668622016906738,13300,0.0,0.0
2023-03-08 00:00:00-05:00,14.75178020724847,14.760095944587272,14.552207269311396,14.743464469909668,18300,0.0,0.0
2023-03-09 00:00:00-05:00,14.60209695929204,14.63535990147627,14.252843996679545,14.552204132080078,23500,0.0,0.0
2023-03-10 00:00:00-05:00,14.394211073385131,14.510629807163168,14.26116245140853,14.427474021911621,32500,0.0,0.0
2023-03-13 00:00:00-04:00,14.227899510498622,14.336000909087547,12.972251892089844,12.972251892089844,66100,0.0,0.0
2023-03-14 00:00:00-04:00,13.396344713932724,14.094850683981717,12.963935954175827,13.088668823242188,40400,0.0,0.0
2023-03-15 00:00:00-04:00,13.196771625343233,13.41297522221853,12.697839332901463,13.105300903320312,41300,0.0,0.0
2023-03-16 00:00:00-04:00,12.980568928348173,13.87864875793457,12.980568928348173,13.87864875793457,29800,0.0,0.0
2023-03-17 00:00:00-04:00,13.687388531178717,13.803807258605957,13.11361697497889,13.803807258605957,26700,0.0,0.0
2023-03-20 00:00:00-04:00,13.978432503452385,14.128112586524264,13.62917950497285,13.704019546508789,18400,0.0,0.0
2023-03-21 00:00:00-04:00,13.895276639122894,14.327685412849933,13.629179420233804,13.753913879394531,9900,0.0,0.0
2023-03-22 00:00:00-04:00,13.762227666100946,13.91190774428787,13.45455335966293,13.595917701721191,16900,0.0,0.0
2023-03-23 00:00:00-04:00,13.737280540821887,13.737280540821887,13.512760448105618,13.728964805603027,16600,0.0,0.0
2023-03-24 00:00:00-04:00,13.704020083386588,14.178005974307027,13.546025843789511,14.111481666564941,52100,0.0,0.0
2023-03-27 00:00:00-04:00,14.094850111687332,14.094850111687332,13.828751326135185,13.970115661621094,24700,0.0,0.0
2023-03-28 00:00:00-04:00,14.011696449667905,14.227900853315443,13.587603379366731,14.036642074584961,16500,0.0,0.0
2023-03-29 00:00:00-04:00,13.720652607274005,14.169692908459496,13.521079668768696,13.537711143493652,21300,0.0,0.0
2023-03-30 00:00:00-04:00,13.67907372548579,13.837067956607566,13.429606395286713,13.454553604125977,20900,0.0,0.0
2023-03-31 00:00:00-04:00,13.546024568033259,13.762227358284738,13.512761624262597,13.587601661682129,13200,0.0,0.0
2023-04-03 00:00:00-04:00,13.554339408874512,13.895276669581564,13.554339408874512,13.554339408874512,20600,0.0,0.0
2023-04-04 00:00:00-04:00,13.562656181440863,13.60423486645041,13.33813762664795,13.33813762664795,19400,0.0,0.0
2023-04-05 00:00:00-04:00,13.288242589490382,13.579287026825392,13.13024755892974,13.504446983337402,16200,0.0,0.0
2023-04-06 00:00:00-04:00,13.388029842829232,13.595918500059298,13.304874062724288,13.504446983337402,48700,0.0,0.0
2023-04-10 00:00:00-04:00,13.396344693478548,13.82043771650823,13.396344693478548,13.654126167297363,16100,0.0,0.0
2023-04-11 00:00:00-04:00,13.645809788941806,14.34431572504662,13.645809788941806,14.227898597717285,33900,0.0,0.0
2023-04-12 00:00:00-04:00,14.15305742818147,14.344314575195312,13.862013047124071,14.344314575195312,11500,0.0,0.0
2023-04-13 00:00:00-04:00,14.335998840186328,14.452415958183575,14.103163018127553,14.344314575195312,18800,0.0,0.0
2023-04-14 00:00:00-04:00,14.444102967089195,14.452417116700373,14.227898597717285,14.227898597717285,12200,0.0,0.0
2023-04-17 00:00:00-04:00,14.202950383638846,14.369261913229451,14.136426089015462,14.26115894317627,11100,0.0,0.0
2023-04-18 00:00:00-04:00,14.219583034631563,14.427471670851135,13.903591419381737,13.936854362487793,12800,0.0,0.0
2023-04-19 00:00:00-04:00,14.094849999036787,14.452417116700373,14.020009964020957,14.227898597717285,11500,0.0,0.0
2023-04-20 00:00:00-04:00,14.053273369920115,14.435789336453679,13.812123344421147,13.961803436279297,14200,0.0,0.0
2023-04-21 00:00:00-04:00,13.878649124018143,14.036643383440627,13.620866011363935,13.687390327453613,11300,0.0,0.0
2023-04-24 00:00:00-04:00,13.30487370974692,13.928539664891307,13.18014083593095,13.346450805664062,23600,0.0,0.0
2023-04-25 00:00:00-04:00,13.163509884626812,13.263296346239203,12.614683949242504,12.789310455322266,24000,0.0,0.0
2023-04-26 00:00:00-04:00,12.797626198601971,13.080354110132388,12.639630372860545,12.697839736938477,19000,0.0,0.0
2023-04-27 00:00:00-04:00,12.722785841367054,13.088669525139691,12.722785841367054,12.872465133666992,13500,0.0,0.0
2023-04-28 00:00:00-04:00,12.872465243281551,13.13856326314169,12.622999489646586,12.722785949707031,22600,0.0,0.0
2023-05-01 00:00:00-04:00,12.83088794104478,13.038776594435488,12.72278574611774,12.747732162475586,16100,0.0,0.0
2023-05-02 00:00:00-04:00,12.82257344170993,12.955622065831419,12.340271782753357,12.514898300170898,31300,0.0,0.0
2023-05-03 00:00:00-04:00,12.498265773788338,12.639630123278318,12.481635093688965,12.481635093688965,13600,0.0,0.0
2023-05-04 00:00:00-04:00,12.448373563978517,12.514897873772695,12.140698432922363,12.140698432922363,21300,0.0,0.0
2023-05-05 00:00:00-04:00,12.32363976437347,12.872465711170817,12.32363976437347,12.556475639343262,20800,0.0,0.0
2023-05-08 00:00:00-04:00,12.473320426034105,12.598053313081504,12.232169596185406,12.248800277709961,17300,0.0,0.0
2023-05-09 00:00:00-04:00,12.024281344152655,12.115752078326796,11.849654820342108,12.107437133789062,20300,0.0,0.0
2023-05-10 00:00:00-04:00,12.198906297127952,12.581421452741218,12.198906297127952,12.448372840881348,19500,0.0,0.0
2023-05-11 00:00:00-04:00,12.481636144140527,12.681209080322759,12.481636144140527,12.514898300170898,9400,0.0,0.0
2023-05-12 00:00:00-04:00,12.731100256287903,12.731100256287903,12.531526565551758,12.531526565551758,17600,0.0,0.0
2023-05-15 00:00:00-04:00,13.072038392381101,13.163509111898174,12.681207512567687,12.764363288879395,16300,0.0,0.0
2023-05-16 00:00:00-04:00,12.880782016504993,12.880782016504993,12.481636144140527,12.514898300170898,10600,0.0,0.0
2023-05-17 00:00:00-04:00,12.897412094279758,13.05540712005548,12.656261290917485,13.013829231262207,15200,0.0,0.0
2023-05-18 00:00:00-04:00,12.889094947752362,12.889094947752362,12.282060534094311,12.431739807128906,23300,0.0,0.0
2023-05-19 00:00:00-04:00,12.390165268394846,12.506583217106984,12.040912215290826,12.173961639404297,13800,0.0,0.0
2023-05-22 00:00:00-04:00,12.140698129657935,12.298693163214443,12.065858084750845,12.1323823928833,17700,0.0,0.0
2023-05-23 00:00:00-04:00,12.290376811168942,12.631314071538133,12.115750312805176,12.115750312805176,64200,0.0,0.0
2023-05-24 00:00:00-04:00,12.015963106626305,12.589736191071102,11.857968090827319,11.999332427978516,25500,0.0,0.0
2023-05-25 00:00:00-04:00,11.999334282922899,12.124067167676206,11.93280997198349,11.94112491607666,12800,0.0,0.0
2023-05-26 00:00:00-04:00,12.015963248117885,12.140696908090067,11.857968230458457,11.916176795959473,25800,0.0,0.0
2023-05-30 00:00:00-04:00,12.032595230033575,12.09911953429236,11.833021524224959,11.99101734161377,14000,0.0,0.0
2023-05-31 00:00:00-04:00,11.940386430573648,11.982578770861403,11.425642132368493,11.46783447265625,26800,0.21,0.0
2023-06-01 00:00:00-04:00,11.585970064190763,11.594408691745233,11.248433009530043,11.307501792907715,45500,0.0,0.0
2023-06-02 00:00:00-04:00,11.39188823951037,11.965702126872996,11.383449610636934,11.746302604675293,43000,0.0,0.0
2023-06-05 00:00:00-04:00,11.830688041538716,12.01633306013131,11.61972713470459,11.61972713470459,36400,0.0,0.0
2023-06-06 00:00:00-04:00,11.70411174335612,12.235733358250346,11.70411174335612,12.10071849822998,24800,0.0,0.0
2023-06-07 00:00:00-04:00,12.21041637766723,12.63233815210872,11.881317103892178,12.404500007629395,45900,0.0,0.0
2023-06-08 00:00:00-04:00,12.514199297128913,12.85173638214681,12.210415920612805,12.81798267364502,40200,0.0,0.0
2023-06-09 00:00:00-04:00,12.868614316845385,13.03738286824707,12.666092055163364,12.910806655883789,45600,0.0,0.0
2023-06-12 00:00:00-04:00,12.910806977477032,13.071136904114283,12.775792132992622,12.978314399719238,21400,0.0,0.0
2023-06-13 00:00:00-04:00,13.079575406137662,13.079575406137662,12.826422172810416,12.834860801696777,16700,0.0,0.0
2023-06-14 00:00:00-04:00,12.952998298744252,12.995189830763078,12.716721534729004,12.716721534729004,22600,0.0,0.0
2023-06-15 00:00:00-04:00,12.86861374859038,13.012067212135147,12.632337787061548,12.75891399383545,42900,0.0,0.0
2023-06-16 00:00:00-04:00,12.742037967447288,12.919245145701257,12.623899580360668,12.666091918945312,47700,0.0,0.0
2023-06-20 00:00:00-04:00,12.843300798149201,12.910808226924457,12.581708908081055,12.581708908081055,37500,0.0,0.0
2023-06-21 00:00:00-04:00,12.607022637231855,12.851737241419528,12.54795384459233,12.632338523864746,45800,0.0,0.0
2023-06-22 00:00:00-04:00,12.640777102029938,12.851738008043137,12.50576225094181,12.80954647064209,38500,0.0,0.0
2023-06-23 00:00:00-04:00,12.699847020669868,12.843300504727923,12.547954907019689,12.674531936645508,1109600,0.0,0.0
2023-06-26 00:00:00-04:00,12.615462217514583,12.860176840157603,12.531078336630234,12.733600616455078,45100,0.0,0.0
2023-06-27 00:00:00-04:00,12.514200198334565,12.607022702211093,12.286362850727832,12.311677932739258,33400,0.0,0.0
2023-06-28 00:00:00-04:00,12.37918484389383,12.623899439246967,12.151346700934745,12.421377182006836,15500,0.0,0.0
2023-06-29 00:00:00-04:00,12.446692788640176,12.522638839500665,12.404500448745242,12.514200210571289,16400,0.0,0.0
2023-06-30 00:00:00-04:00,12.539515406566515,12.539515406566515,12.244170634121792,12.455131530761719,17700,0.0,0.0
2023-07-03 00:00:00-04:00,12.379186943554348,12.556394149883937,12.379186943554348,12.446694374084473,10900,0.0,0.0
2023-07-05 00:00:00-04:00,12.455132048880518,12.472008502842737,12.311678568817717,12.34543228149414,20700,0.0,0.0
2023-07-06 00:00:00-04:00,11.839126063272222,12.28636377262663,11.839126063272222,12.151348114013672,34700,0.0,0.0
2023-07-07 00:00:00-04:00,12.083840916374827,12.39606297304071,12.083840916374827,12.235733032226562,54600,0.0,0.0
2023-07-10 00:00:00-04:00,12.277923533084403,12.497323044214882,12.117592811584473,12.117592811584473,13400,0.0,0.0
2023-07-11 00:00:00-04:00,12.505761325476099,12.505761325476099,12.185100675495695,12.227293014526367,12900,0.0,0.0
2023-07-12 00:00:00-04:00,12.353870674932788,12.522639235091985,12.19353993921757,12.26104736328125,19900,0.0,0.0
2023-07-13 00:00:00-04:00,12.303240460437996,12.353871433972582,12.201979318120847,12.235733032226562,13800,0.0,0.0
2023-07-14 00:00:00-04:00,12.29480043507467,12.412938823410165,12.109155430942803,12.227293014526367,20900,0.0,0.0
2023-07-17 00:00:00-04:00,12.227293341395429,12.438254237436421,12.117593578883879,12.396061897277832,23100,0.0,0.0
2023-07-18 00:00:00-04:00,12.396061626174227,12.649214856837311,12.396061626174227,12.5901460647583,30000,0.0,0.0
2023-07-19 00:00:00-04:00,12.590147242783955,13.07957649230957,12.472008842820111,13.07957649230957,29100,0.0,0.0
2023-07-20 00:00:00-04:00,13.054260793037102,13.872789315114607,12.978314739836348,13.754650115966797,58400,0.0,0.0
2023-07-21 00:00:00-04:00,13.822159320115778,13.898105383097526,12.936124064667593,13.746214866638184,31800,0.0,0.0
2023-07-24 00:00:00-04:00,13.712457614158517,14.741946160230883,13.712457614158517,14.134379386901855,35800,0.0,0.0
2023-07-25 00:00:00-04:00,14.218765427020228,14.336903019677273,13.974050002797505,13.982488632202148,22300,0.0,0.0
2023-07-26 00:00:00-04:00,13.957174698064339,14.56474154466234,13.957174698064339,14.2103271484375,22100,0.0,0.0
2023-07-27 00:00:00-04:00,14.3200256284087,14.72507178856504,14.218765295497594,14.581618309020996,33700,0.0,0.0
2023-07-28 00:00:00-04:00,14.564742832451428,14.952910171945222,14.505674029441865,14.6406888961792,34700,0.0,0.0
2023-07-31 00:00:00-04:00,14.775698581381938,14.851644618476993,14.353776868411021,14.79257583618164,30000,0.0,0.0
2023-08-01 00:00:00-04:00,14.733508979249248,14.876962460456893,14.404410479215704,14.750386238098145,30600,0.0,0.0
2023-08-02 00:00:00-04:00,14.657563842080018,14.758824171389247,14.328463748065234,14.590056419372559,21200,0.0,0.0
2023-08-03 00:00:00-04:00,14.826331533079468,14.826331533079468,14.463478533956224,14.674439430236816,25000,0.0,0.0
2023-08-04 00:00:00-04:00,14.66599938240072,14.66599938240072,14.37065544378371,14.46347713470459,22600,0.0,0.0
2023-08-07 00:00:00-04:00,14.37909534017356,14.556301718973103,14.311586308816903,14.530985832214355,22700,0.0,0.0
2023-08-08 00:00:00-04:00,14.438165512215143,14.556303109365802,14.227204597586653,14.53942584991455,11500,0.0,0.0
2023-08-09 00:00:00-04:00,14.53098807006495,14.53098807006495,14.227205429695298,14.395973205566406,16000,0.0,0.0
2023-08-10 00:00:00-04:00,14.39597017951687,14.539423644080507,14.303148485625439,14.42972469329834,13500,0.0,0.0
2023-08-11 00:00:00-04:00,14.311587897741267,14.328465157454207,13.999366640572264,14.058435440063477,12900,0.0,0.0
2023-08-14 00:00:00-04:00,13.99092717340973,14.185010819981109,13.594321250915527,13.594321250915527,10600,0.0,0.0
2023-08-15 00:00:00-04:00,13.56900508746575,13.56900508746575,13.11332957351175,13.248344421386719,25800,0.0,0.0
2023-08-16 00:00:00-04:00,13.358045062250131,13.408676035898687,13.163961406893392,13.265222549438477,12300,0.0,0.0
2023-08-17 00:00:00-04:00,13.324290318628192,13.687142516859293,13.307413865217239,13.585882186889648,14800,0.0,0.0
2023-08-18 00:00:00-04:00,13.433990082431256,13.805281714495777,13.433990082431256,13.585882186889648,14700,0.0,0.0
2023-08-21 00:00:00-04:00,13.51837483999535,13.771527275851348,13.34116765204497,13.366482734680176,8900,0.0,0.0
2023-08-22 00:00:00-04:00,13.442430292380012,13.442430292380012,12.995192555489888,13.054262161254883,10800,0.0,0.0
2023-08-23 00:00:00-04:00,13.265221084864848,13.442428265941833,13.256782456063101,13.374920845031738,17200,0.0,0.0
2023-08-24 00:00:00-04:00,13.282097816467285,13.425551290099875,13.07957554948667,13.282097816467285,9400,0.0,0.0
2023-08-25 00:00:00-04:00,13.366482418794169,13.493058633730831,13.256782656964818,13.400236129760742,8400,0.0,0.0
2023-08-28 00:00:00-04:00,13.408675795987667,13.509936936720965,13.290537396089482,13.484621047973633,10800,0.0,0.0
2023-08-29 00:00:00-04:00,13.358045378321183,13.467745153195356,13.26522286331321,13.332730293273926,7600,0.0,0.0
2023-08-30 00:00:00-04:00,13.256782282051272,13.265220910742253,13.045821393288364,13.071136474609375,16500,0.0,0.0
2023-08-31 00:00:00-04:00,13.165237429194965,13.165237429194965,12.75462532043457,12.75462532043457,18200,0.21,0.0
2023-09-01 00:00:00-04:00,12.900050368993348,13.131019833345086,12.831615153439971,12.848724365234375,19400,0.0,0.0
2023-09-05 00:00:00-04:00,12.8316137710318,12.86583137512207,12.540763728358487,12.86583137512207,23600,0.0,0.0
2023-09-06 00:00:00-04:00,12.86583159049462,12.89149459003891,12.57498154295251,12.583536148071289,10400,0.0,0.0
2023-09-07 00:00:00-04:00,12.626307665316565,13.02836429410233,12.626307665316565,12.934266090393066,46200,0.0,0.0
2023-09-08 00:00:00-04:00,12.84872192031901,13.002700718108237,12.84872192031901,12.959928512573242,13000,0.0,0.0
2023-09-11 00:00:00-04:00,13.062583923339844,13.071137712970176,12.900049683182361,13.062583923339844,10800,0.0,0.0
2023-09-12 00:00:00-04:00,12.985593904972923,13.113909721374512,12.94282169423504,13.113909721374512,13100,0.0,0.0
2023-09-13 00:00:00-04:00,13.113908621841263,13.122463226433993,12.85727619474332,12.891493797302246,14600,0.0,0.0
2023-09-14 00:00:00-04:00,12.951374184110314,13.096799187378641,12.951374184110314,13.079689979553223,16500,0.0,0.0
2023-09-15 00:00:00-04:00,13.156680862067986,13.592955907650056,12.94282064158407,13.438976287841797,105400,0.0,0.0
2023-09-18 00:00:00-04:00,13.336322942306829,13.336322942306829,12.959928512573242,12.959928512573242,12900,0.0,0.0
2023-09-19 00:00:00-04:00,13.011255900615192,13.011255900615192,12.840167886683801,12.934266090393066,20400,0.0,0.0
2023-09-20 00:00:00-04:00,13.05402825141548,13.062582856159,12.68618840556423,12.70329761505127,24600,0.0,0.0
2023-09-21 00:00:00-04:00,12.703298633781824,12.814505241117661,12.472329182056445,12.651971817016602,7200,0.0,0.0
2023-09-22 00:00:00-04:00,12.60064326617268,12.703296885576108,12.446664468691466,12.506545066833496,12400,0.0,0.0
2023-09-25 00:00:00-04:00,12.438110325912088,12.788840955148556,12.438110325912088,12.574980735778809,23600,0.0,0.0
2023-09-26 00:00:00-04:00,12.429557470863273,12.660526931882437,12.198588825656218,12.267024040222168,21800,0.0,0.0
2023-09-27 00:00:00-04:00,12.344012113811447,12.344012113811447,11.976172275711887,12.121597290039062,19000,0.0,0.0
2023-09-28 00:00:00-04:00,12.198587099484271,12.198587099484271,11.890627861703432,12.121597290039062,22200,0.0,0.0
2023-09-29 00:00:00-04:00,11.967618774905182,12.215696619435173,11.89062895835931,12.20714282989502,19100,0.0,0.0
2023-10-02 00:00:00-04:00,12.20714253198326,12.20714253198326,11.770867459411866,11.89918327331543,21300,0.0,0.0
2023-10-03 00:00:00-04:00,11.83930336792516,11.950510793919532,11.557007908021022,11.779422760009766,21400,0.0,0.0
2023-10-04 00:00:00-04:00,11.693877742771868,11.864965768014825,11.599779532841255,11.710986137390137,21100,0.0,0.0
2023-10-05 00:00:00-04:00,11.805084082701567,11.864964682103164,11.60833225982035,11.813638687133789,25800,0.0,0.0
2023-10-06 00:00:00-04:00,11.710985760543267,11.873519991152941,11.557006950685505,11.685322761535645,57000,0.0,0.0
2023-10-09 00:00:00-04:00,11.557005931238884,12.078824549361594,11.557005931238884,11.873518943786621,43200,0.0,0.0
2023-10-10 00:00:00-04:00,11.916292750829648,11.941955751023452,11.651105696120103,11.796530723571777,30900,0.0,0.0
2023-10-11 00:00:00-04:00,11.96761680039078,11.993280612213226,11.719538996790675,11.933399200439453,18400,0.0,0.0
2023-10-12 00:00:00-04:00,11.86496377969379,11.86496377969379,11.565559989645473,11.762310981750488,21200,0.0,0.0
2023-10-13 00:00:00-04:00,11.762312020250883,11.762312020250883,11.548451801700867,11.574114799499512,23100,0.0,0.0
2023-10-16 00:00:00-04:00,11.599779695732492,11.88207514530055,11.58267048506191,11.796530723571777,27000,0.0,0.0
2023-10-17 00:00:00-04:00,11.847857809343285,12.130153265334354,11.651105961215277,12.010391235351562,26000,0.0,0.0
2023-10-18 00:00:00-04:00,12.08738125100414,12.08738125100414,11.385919902329583,11.548453330993652,40300,0.0,0.0
2023-10-19 00:00:00-04:00,11.71098585892964,11.719540463941392,10.932534750724933,11.274711608886719,20900,0.0,0.0
2023-10-20 00:00:00-04:00,11.394472698972299,11.522789325396815,10.983861452362715,11.368809700012207,27000,0.0,0.0
2023-10-23 00:00:00-04:00,11.120731585218076,11.317482598597556,11.112176980511489,11.154949188232422,13700,0.0,0.0
2023-10-24 00:00:00-04:00,11.120731331133326,11.505679560202466,11.120731331133326,11.488571166992188,24100,0.0,0.0
2023-10-25 00:00:00-04:00,11.38591975745496,11.813640245753144,11.368810546333231,11.557007789611816,13800,0.0,0.0
2023-10-26 00:00:00-04:00,11.43724538578543,12.130152913163315,11.43724538578543,12.070271492004395,17300,0.0,0.0
2023-10-27 00:00:00-04:00,11.967618530748654,12.318349184913712,11.967618530748654,12.078825950622559,15700,0.0,0.0
2023-10-30 00:00:00-04:00,12.1215989700986,12.172924972967886,11.89062950975049,12.087381362915039,9600,0.0,0.0
2023-10-31 00:00:00-04:00,12.001835591935022,12.078825403422366,11.676767952217359,11.967617988586426,43200,0.0,0.0
2023-11-01 00:00:00-04:00,11.87351854887442,12.10448714351128,11.702430549918983,11.984725952148438,26000,0.0,0.0
2023-11-02 00:00:00-04:00,11.976171937838114,12.361120158391945,11.505679305689222,12.181477546691895,22100,0.0,0.0
2023-11-03 00:00:00-04:00,12.104489191642077,12.848723540696712,12.104489191642077,12.74606990814209,16900,0.0,0.0
2023-11-06 00:00:00-05:00,12.669079273066314,13.062582094388203,12.617752463410433,12.874384880065918,21500,0.0,0.0
2023-11-07 00:00:00-05:00,12.805951454402148,13.216562725368657,12.771733848488273,12.968484878540039,54900,0.0,0.0
2023-11-08 00:00:00-05:00,13.019811001434302,13.019811001434302,12.669080355556025,12.86583137512207,37300,0.0,0.0
2023-11-09 00:00:00-05:00,12.823059886925103,12.917158915322299,12.515101432800293,12.515101432800293,16200,0.0,0.0
2023-11-10 00:00:00-05:00,12.472328014517013,12.472328014517013,12.292685396373269,12.386783599853516,18600,0.0,0.0
2023-11-13 00:00:00-05:00,12.23280397571203,12.403891977760127,12.13870496272662,12.155814170837402,18100,0.0,0.0
2023-11-14 00:00:00-05:00,12.267021202840333,13.036917596535048,12.21569439588179,12.994145393371582,89200,0.0,0.0
2023-11-15 00:00:00-05:00,12.874385803473196,13.208007234823349,12.515100557548397,13.011256217956543,15200,0.0,0.0
2023-11-16 00:00:00-05:00,13.00270144286684,13.165235669796932,12.77173282540304,12.925711631774902,11900,0.0,0.0
2023-11-17 00:00:00-05:00,12.994146691316052,13.0369188987519,12.69474287088912,12.934266090393066,35200,0.0,0.0
2023-11-20 00:00:00-05:00,12.78028836965967,12.857278191325857,12.421003894904338,12.617754936218262,19000,0.0,0.0
2023-11-21 00:00:00-05:00,12.626307547384824,12.728960354784865,12.378229725548398,12.574980735778809,12800,0.0,0.0
2023-11-22 00:00:00-05:00,12.703297845740472,12.788841447293093,12.609198823476957,12.737515449523926,6900,0.0,0.0
2023-11-24 00:00:00-05:00,12.746069300775025,12.82305911361629,12.660525698805197,12.686188697814941,11800,0.0,0.0
2023-11-27 00:00:00-05:00,12.805951070781523,12.823059465319917,12.446665811542696,12.62630844116211,22200,0.0,0.0
2023-11-28 00:00:00-05:00,12.728961236026075,12.814504840209064,12.515101001850526,12.532209396362305,17600,0.0,0.0
2023-11-29 00:00:00-05:00,12.771734237670898,12.797397238935295,12.41244895672096,12.771734237670898,26100,0.0,0.0
2023-11-30 00:00:00-05:00,12.589404115353455,12.997474687487918,12.52862794665735,12.641498565673828,11000,0.22,0.0
2023-12-01 00:00:00-05:00,12.502581203152431,12.997475618603106,12.450487577113364,12.945381164550781,31700,0.0,0.0
2023-12-04 00:00:00-05:00,12.980110579668745,13.006157392798821,12.832510591909548,12.867239952087402,19900,0.0,0.0
2023-12-05 00:00:00-05:00,12.737004937775676,12.81514620443899,12.684910483995715,12.745687484741211,18700,0.0,0.0
2023-12-06 00:00:00-05:00,12.858557805798217,13.006156960639839,12.450487216257548,12.702275276184082,22200,0.0,0.0
2023-12-07 00:00:00-05:00,12.780416560764005,13.006156980761942,12.77173401399129,12.980110168457031,23800,0.0,0.0
2023-12-08 00:00:00-05:00,12.893284920905767,13.440272023332454,12.624131814303432,13.145072937011719,31600,0.0,0.0
2023-12-11 00:00:00-05:00,13.092979946884936,13.110345039308884,12.893286352088627,12.92801570892334,16500,0.0,0.0
2023-12-12 00:00:00-05:00,13.014838629039804,13.023521175213109,12.815145035132861,12.954062461853027,14600,0.0,0.0
2023-12-13 00:00:00-05:00,13.014838485436176,13.796250244134898,13.014838485436176,13.544462203979492,39700,0.0,0.0
2023-12-14 00:00:00-05:00,13.666015579935083,13.79625129699707,13.379498161617233,13.79625129699707,32800,0.0,0.0
2023-12-15 00:00:00-05:00,13.900439340909598,14.838132858276367,13.53578065882105,14.838132858276367,125100,0.0,0.0
2023-12-18 00:00:00-05:00,14.768673496479444,14.768673496479444,14.01330852508545,14.01330852508545,34800,0.0,0.0
2023-12-19 00:00:00-05:00,13.935165969123858,14.377965855204172,13.935165969123858,14.282461166381836,29200,0.0,0.0
2023-12-20 00:00:00-05:00,14.360603473668187,14.490838354180953,14.039355889445433,14.126179695129395,31300,0.0,0.0
2023-12-21 00:00:00-05:00,14.291144491228764,14.395333399366127,14.23905086517334,14.23905086517334,11000,0.0,0.0
2023-12-22 00:00:00-05:00,14.369285595605959,14.490839596394146,14.343239610886451,14.473474502563477,18800,0.0,0.0
2023-12-26 00:00:00-05:00,14.213004772276797,14.456109462707865,13.891757159315954,14.395333290100098,18100,0.0,0.0
2023-12-27 00:00:00-05:00,14.490839233728172,14.490839233728172,14.325874158518431,14.456109046936035,22000,0.0,0.0
2023-12-28 00:00:00-05:00,14.464790899472993,14.473473445754355,14.030673521563177,14.169590950012207,24200,0.0,0.0
2023-12-29 00:00:00-05:00,14.100133095552044,14.100133095552044,13.674698237982435,13.692063331604004,30900,0.0,0.0
2024-01-02 00:00:00-05:00,13.770204014020702,14.299826958709218,13.770204014020702,13.935168266296387,26700,0.0,0.0
2024-01-03 00:00:00-05:00,13.987262149076237,14.14354466676836,13.639967757317427,13.77020263671875,28100,0.0,0.0
2024-01-04 00:00:00-05:00,13.874392009878648,13.874392009878648,13.292675442933204,13.457639694213867,18800,0.0,0.0
2024-01-05 00:00:00-05:00,13.501050783659533,13.848344359028065,13.475003972510192,13.631285667419434,50100,0.0,0.0
2024-01-08 00:00:00-05:00,13.683381376837335,13.718110737569885,13.440275023696207,13.674698829650879,25200,0.0,0.0
2024-01-09 00:00:00-05:00,13.51841532354985,13.778885924383976,13.396862983703613,13.396862983703613,13300,0.0,0.0
2024-01-10 00:00:00-05:00,13.457637302265608,13.544461099937077,13.084296131496627,13.188484191894531,19800,0.0,0.0
2024-01-11 00:00:00-05:00,13.049567180347802,13.214532235406836,12.893285498939346,13.127708435058594,26900,0.0,0.0
2024-01-12 00:00:00-05:00,13.275310617422699,13.570510594325011,12.823828932994013,12.841193199157715,23400,0.0,0.0
2024-01-16 00:00:00-05:00,12.884604505702786,13.179804468838206,12.589404542567365,12.806463241577148,19400,0.0,0.0
2024-01-17 00:00:00-05:00,12.849874978244038,13.01483922299943,12.76305116857496,12.936697959899902,20000,0.0,0.0
2024-01-18 00:00:00-05:00,13.153757017333604,13.153757017333604,12.728322159899417,12.901968955993652,16000,0.0,0.0
2024-01-19 00:00:00-05:00,12.928014454906322,13.188484191894531,12.82382639450842,13.188484191894531,25600,0.0,0.0
2024-01-22 00:00:00-05:00,13.353450962230605,13.448956489562988,13.014839101303268,13.448956489562988,20300,0.0,0.0
2024-01-23 00:00:00-05:00,13.605238570349828,13.605238570349828,12.858556984992738,12.875921249389648,18500,0.0,0.0
2024-01-24 00:00:00-05:00,13.058249975741743,13.388179264157023,12.832508752929217,13.19716739654541,19900,0.0,0.0
2024-01-25 00:00:00-05:00,13.41422759770447,13.475004597221528,12.928016569647417,13.310039520263672,22100,0.0,0.0
2024-01-26 00:00:00-05:00,13.501051441832924,13.74415695644224,13.327404645683414,13.692063331604004,20600,0.0,0.0
2024-01-29 00:00:00-05:00,13.49236947880167,13.900440088419096,13.49236947880167,13.674698829650879,11700,0.0,0.0
2024-01-30 00:00:00-05:00,13.648650454199108,13.752838524473828,13.466321124215055,13.587873458862305,8200,0.0,0.0
2024-01-31 00:00:00-05:00,13.422909360842787,13.674697406961553,12.823827743530273,12.823827743530273,16100,0.0,0.0
2024-02-01 00:00:00-05:00,12.832509052342775,12.884603500366211,12.103191748093646,12.884603500366211,25000,0.0,0.0
2024-02-02 00:00:00-05:00,12.493897689452691,13.370814111259415,12.493897689452691,12.563356399536133,16300,0.0,0.0
2024-02-05 00:00:00-05:00,12.476533299220128,12.754368155170742,12.207380989521265,12.493898391723633,38100,0.0,0.0
2024-02-06 00:00:00-05:00,12.389711794292575,12.572040319185225,11.955594366232091,12.276841163635254,22500,0.0,0.0
2024-02-07 00:00:00-05:00,12.163968931888995,12.163968931888995,11.547522232062704,11.860086441040039,47000,0.0,0.0
2024-02-08 00:00:00-05:00,11.877450707595685,12.485214819028299,11.877450707595685,12.163968086242676,28300,0.0,0.0
2024-02-09 00:00:00-05:00,12.56335859991411,12.56335859991411,12.276841163635254,12.276841163635254,15900,0.0,0.0
2024-02-12 00:00:00-05:00,12.207381327051026,12.667545526945903,12.207381327051026,12.407074928283691,20500,0.0,0.0
2024-02-13 00:00:00-05:00,12.276839913800211,12.328933536176677,11.825357437133789,11.825357437133789,34100,0.0,0.0
2024-02-14 00:00:00-05:00,12.025051407993917,12.407074326974046,11.946910149381054,12.372344970703125,21500,0.0,0.0
2024-02-15 00:00:00-05:00,12.519945934305335,12.78041654099115,12.354980857931917,12.702275276184082,38100,0.0,0.0
2024-02-16 00:00:00-05:00,12.589404763954766,12.658863482618285,12.502580951618748,12.598087310791016,12800,0.0,0.0
2024-02-20 00:00:00-05:00,12.5546747658819,12.684909649746759,12.198698643838965,12.233428001403809,27100,0.0,0.0
2024-02-21 00:00:00-05:00,12.320251090300559,12.354980448172634,12.111874943068102,12.129240036010742,24300,0.0,0.0
2024-02-22 00:00:00-05:00,12.025051252915485,12.242109933812781,12.025051252915485,12.14660358428955,23300,0.0,0.0
2024-02-23 00:00:00-05:00,12.051098218193816,12.545991752057727,12.051098218193816,12.372344970703125,13600,0.0,0.0
2024-02-26 00:00:00-05:00,12.25079364051927,12.433122995192377,12.155288103505086,12.172653198242188,11800,0.0,0.0
2024-02-27 00:00:00-05:00,12.38971035856133,12.459169072761005,12.20738102678389,12.363662719726562,20000,0.0,0.0
2024-02-28 00:00:00-05:00,12.32893357746551,12.450486743439667,12.137921696081321,12.15528678894043,18200,0.0,0.0
2024-02-29 00:00:00-05:00,12.366990844696694,12.57869376019154,12.269959710837101,12.419916152954102,12300,0.22,0.0
2024-03-01 00:00:00-05:00,12.419917597672088,12.543411400025514,12.217035823697929,12.2346773147583,11800,0.0,0.0
2024-03-04 00:00:00-05:00,12.217034260021832,12.63161892105339,12.217034260021832,12.613977432250977,27700,0.0,0.0
2024-03-05 00:00:00-05:00,12.446377988181165,12.913889614013407,12.446377988181165,12.763933181762695,24100,0.0,0.0
2024-03-06 00:00:00-05:00,12.852141928904445,12.852141928904445,12.446377625445571,12.6404390335083,13700,0.0,0.0
2024-03-07 00:00:00-05:00,12.658081362074244,12.966814540885489,12.631617869225328,12.6404390335083,23400,0.0,0.0
2024-03-08 00:00:00-05:00,12.719827077594546,12.966813774288209,12.534586844766181,12.843320846557617,14200,0.0,0.0
2024-03-11 00:00:00-04:00,12.755111421894302,12.993276964731828,12.746290257765965,12.860962867736816,16600,0.0,0.0
2024-03-12 00:00:00-04:00,12.79921747547042,13.010920384922493,12.772753980864476,12.922710418701172,15500,0.0,0.0
2024-03-13 00:00:00-04:00,12.843322375000433,13.125592919099592,12.843322375000433,12.97563648223877,34100,0.0,0.0
2024-03-14 00:00:00-04:00,12.896248299159875,13.072667397672692,12.596335411071777,12.596335411071777,36900,0.0,0.0
2024-03-15 00:00:00-04:00,12.613977226054262,13.928300507804144,12.613977226054262,13.831270217895508,410900,0.0,0.0
2024-03-18 00:00:00-04:00,13.663671225796993,13.663671225796993,13.416684502029396,13.513714790344238,59300,0.0,0.0
2024-03-19 00:00:00-04:00,13.566639751418768,13.663670031250737,13.346115699883155,13.478429794311523,50300,0.0,0.0
2024-03-20 00:00:00-04:00,13.416684573146291,14.069435624322649,13.40786340837112,13.998867988586426,26000,0.0,0.0
2024-03-21 00:00:00-04:00,13.99886767323867,13.99886767323867,13.681313319579104,13.734238624572754,34100,0.0,0.0
2024-03-22 00:00:00-04:00,13.346115838583692,13.813626597152734,13.160875599719356,13.310832023620605,29300,0.0,0.0
2024-03-25 00:00:00-04:00,13.26672796114482,13.593103482409267,12.940352439880371,12.940352439880371,16100,0.0,0.0
2024-03-26 00:00:00-04:00,12.940352439880371,13.566640829666897,12.790396005619334,12.940352439880371,20200,0.0,0.0
2024-03-27 00:00:00-04:00,12.9668145131324,13.575461387634277,12.88742571722063,13.575461387634277,16300,0.0,0.0
2024-03-28 00:00:00-04:00,13.80480669372618,14.095898404061588,13.531357313099623,14.060614585876465,21900,0.0,0.0
2024-04-01 00:00:00-04:00,13.972404286056637,13.972404286056637,13.196159510027655,13.284369468688965,16800,0.0,0.0
2024-04-02 00:00:00-04:00,13.09913061703031,13.363758838600537,13.0109206490185,13.072667121887207,15900,0.0,0.0
2024-04-03 00:00:00-04:00,13.002097604113882,13.20498016471503,13.002097604113882,13.099128723144531,10300,0.0,0.0
2024-04-04 00:00:00-04:00,13.222623601777142,13.354938554185212,13.099130655675399,13.187339782714844,14000,0.0,0.0
2024-04-05 00:00:00-04:00,13.152056149003197,13.399042885920045,13.046204690324547,13.107951164245605,11600,0.0,0.0
2024-04-08 00:00:00-04:00,13.284369645826997,13.407862580120511,13.037382094774927,13.204980850219727,11300,0.0,0.0
2024-04-09 00:00:00-04:00,13.231444582613085,13.45196865898997,13.231444582613085,13.266728401184082,5400,0.0,0.0
2024-04-10 00:00:00-04:00,13.010920604480122,13.010920604480122,12.411094843011353,12.613977432250977,29300,0.0,0.0
2024-04-11 00:00:00-04:00,12.781573697596041,12.781573697596041,12.658080768356893,12.737468719482422,11200,0.0,0.0
2024-04-12 00:00:00-04:00,12.746291461692252,12.746291461692252,12.3493482919822,12.384632110595703,17300,0.0,0.0
2024-04-15 00:00:00-04:00,12.59633365206445,12.68454360961914,12.419914578187566,12.68454360961914,9100,0.0,0.0
2024-04-16 00:00:00-04:00,12.65808199654814,12.91388988494873,12.419915596365225,12.91388988494873,17600,0.0,0.0
2024-04-17 00:00:00-04:00,12.896248148237584,12.949174297788353,12.587514939761354,12.790396690368652,30600,0.0,0.0
2024-04-18 00:00:00-04:00,12.569872073343427,13.363758394114194,12.569872073343427,13.028562545776367,48800,0.0,0.0
2024-04-19 00:00:00-04:00,12.993277114856161,13.266727317366483,12.993277114856161,13.204980850219727,26000,0.0,0.0
2024-04-22 00:00:00-04:00,13.072666165754425,13.593103088247705,12.975635881024296,13.328474044799805,27600,0.0,0.0
2024-04-23 00:00:00-04:00,13.152054692973715,13.778343051745441,13.152054692973715,13.434325218200684,21700,0.0,0.0
2024-04-24 00:00:00-04:00,13.346117061039202,13.548998805352058,13.160876805207534,13.460789680480957,18300,0.0,0.0
2024-04-25 00:00:00-04:00,13.19616080364984,13.654850446449553,13.116772001318665,13.381401062011719,13900,0.0,0.0
2024-04-26 00:00:00-04:00,13.487252643365856,13.875374652418191,13.372580021292242,13.443147659301758,16800,0.0,0.0
2024-04-29 00:00:00-04:00,13.372579533862114,13.628387422630569,13.275549245443932,13.540178298950195,15600,0.0,0.0
2024-04-30 00:00:00-04:00,13.06384557947111,13.231443493580825,12.349347260675437,12.437557220458984,52500,0.0,0.0
2024-05-01 00:00:00-04:00,12.587514902196453,12.869785455671224,12.525767587699393,12.675724029541016,27400,0.0,0.0
2024-05-02 00:00:00-04:00,12.78157466961025,13.213801637282277,12.737469688142534,12.763933181762695,22100,0.0,0.0
2024-05-03 00:00:00-04:00,13.002098683374301,13.002098683374301,12.61397669873244,12.905068397521973,18300,0.0,0.0
2024-05-06 00:00:00-04:00,12.781573986720106,12.878605109011446,12.6580810546875,12.6580810546875,9500,0.0,0.0
2024-05-07 00:00:00-04:00,12.640438510524815,12.966814004398595,12.61397586000329,12.878604888916016,26200,0.0,0.0
2024-05-08 00:00:00-04:00,12.887426516591493,13.028562629873651,12.799217392176795,12.97563648223877,14500,0.0,0.0
2024-05-09 00:00:00-04:00,12.90506794742022,13.09912935358897,12.90506794742022,13.09030818939209,13700,0.0,0.0
2024-05-10 00:00:00-04:00,13.187339476132552,13.187339476132552,12.790396310601773,12.922710418701172,20600,0.0,0.0
2024-05-13 00:00:00-04:00,12.931531499415131,13.04620411826356,12.869785028201585,12.97563648223877,10200,0.0,0.0
2024-05-14 00:00:00-04:00,13.152055207077263,13.152055207077263,12.966814957348038,13.134413719177246,11400,0.0,0.0
2024-05-15 00:00:00-04:00,13.231444043937268,13.231444043937268,12.878605872591963,12.966814994812012,10800,0.0,0.0
2024-05-16 00:00:00-04:00,13.055024551274181,13.090308367308738,13.010919570922852,13.010919570922852,17500,0.0,0.0
2024-05-17 00:00:00-04:00,13.081488509884098,13.143234983805156,13.02856320116108,13.107951164245605,12300,0.0,0.0
2024-05-20 00:00:00-04:00,13.0197417086709,13.196160802033798,12.755112648010254,12.755112648010254,13200,0.0,0.0
2024-05-21 00:00:00-04:00,12.666901686115194,12.93153072599733,12.666901686115194,12.896246910095215,7200,0.0,0.0
2024-05-22 00:00:00-04:00,12.843322152336638,12.975636257281053,12.772753676302711,12.940352439880371,13500,0.0,0.0
2024-05-23 00:00:00-04:00,12.949174233552277,12.949174233552277,12.57869371223253,12.587514877319336,26200,0.0,0.0
2024-05-24 00:00:00-04:00,12.622797369917315,12.746290303224416,12.58751355451064,12.719827651977539,11500,0.0,0.0
2024-05-28 00:00:00-04:00,12.913890056440197,12.913890056440197,12.111181721678273,12.208212852478027,28000,0.0,0.0
2024-05-29 00:00:00-04:00,12.058255792201923,12.402273632186258,12.058255792201923,12.217033386230469,21700,0.0,0.0
2024-05-30 00:00:00-04:00,12.411094987833664,12.675724052818525,12.358169679576257,12.419916152954102,16500,0.0,0.0
2024-05-31 00:00:00-04:00,12.561050154676924,12.578692483126643,12.32288460923338,12.437557220458984,26100,0.0,0.0
2024-06-03 00:00:00-04:00,12.51820485746997,12.634695053100586,12.303145574616247,12.634695053100586,19800,0.22,0.0
2024-06-04 00:00:00-04:00,12.536125365370042,12.536125365370042,12.29418485877764,12.410675048828125,10200,0.0,0.0
2024-06-05 00:00:00-04:00,12.482361272647532,12.616772571156874,12.106008611341945,12.285223960876465,44600,0.0,0.0
2024-06-06 00:00:00-04:00,12.294185199611604,12.347949378315457,12.097047883709648,12.276263236999512,11100,0.0,0.0
2024-06-07 00:00:00-04:00,12.27626297975819,12.303145068546819,12.132890700130574,12.285223960876465,13500,0.0,0.0
2024-06-10 00:00:00-04:00,12.150814626485712,12.356912098123487,12.132892661352166,12.312108039855957,11400,0.0,0.0
2024-06-11 00:00:00-04:00,12.41067539916468,12.428596507219618,12.159773049865837,12.3389892578125,20500,0.0,0.0
2024-06-12 00:00:00-04:00,12.571968259122503,12.795987655031288,12.312105794050959,12.446517944335938,56400,0.0,0.0
2024-06-13 00:00:00-04:00,12.71534185595351,12.71534185595351,12.330029036090004,12.46444034576416,16000,0.0,0.0
2024-06-14 00:00:00-04:00,12.383792097622731,12.545086338290503,12.383792097622731,12.500282287597656,17000,0.0,0.0
2024-06-17 00:00:00-04:00,12.580929326105204,12.813909704539752,12.554047237690813,12.778066635131836,23500,0.0,0.0
2024-06-18 00:00:00-04:00,12.67949719454935,12.769105292816633,12.330027491352501,12.392752647399902,25700,0.0,0.0
2024-06-20 00:00:00-04:00,12.437555996585266,12.500281149102685,12.06120337234853,12.294183731079102,8600,0.0,0.0
2024-06-21 00:00:00-04:00,12.303144240186182,12.3927523362033,11.469792707317996,11.487713813781738,168800,0.0,0.0
2024-06-24 00:00:00-04:00,11.640047064271155,11.86406644974781,11.469792707317996,11.487713813781738,60900,0.0,0.0
2024-06-25 00:00:00-04:00,11.451872582884835,11.684852986240717,11.12928492370719,11.308500289916992,53700,0.0,0.0
2024-06-26 00:00:00-04:00,11.326422878690252,11.86406900698114,11.326422878690252,11.77446174621582,25900,0.0,0.0
2024-06-27 00:00:00-04:00,11.756539581375096,12.02536306823172,11.756539581375096,11.962637901306152,19800,0.0,0.0
2024-06-28 00:00:00-04:00,12.088087653197004,12.491322436785739,11.926794252501269,12.46444034576416,211000,0.0,0.0
2024-07-01 00:00:00-04:00,12.473400743575134,12.473400743575134,12.07016597886737,12.150813102722168,17200,0.0,0.0
2024-07-02 00:00:00-04:00,12.204576664130158,12.204576664130158,11.729655781063652,11.864067077636719,26200,0.0,0.0
2024-07-03 00:00:00-04:00,11.855106792158177,11.917832808196284,11.65797032622765,11.873028755187988,18100,0.0,0.0
2024-07-05 00:00:00-04:00,11.810303259286854,11.971596649156691,11.66693097737313,11.702774047851562,34900,0.0,0.0
2024-07-08 00:00:00-04:00,11.855106270925466,11.944714373002265,11.684851902458986,11.828224182128906,15800,0.0,0.0
2024-07-09 00:00:00-04:00,11.846147518354643,11.998480796813965,11.783421497799084,11.998480796813965,13500,0.0,0.0
2024-07-10 00:00:00-04:00,11.962635908839525,12.177694320678711,11.899909897795139,12.177694320678711,11000,0.0,0.0
2024-07-11 00:00:00-04:00,12.276263828440264,12.733263642271222,12.168734611285847,12.563009262084961,39800,0.0,0.0
2024-07-12 00:00:00-04:00,12.742223648599316,12.939360104341938,12.410675040778152,12.500282287597656,35700,0.0,0.0
2024-07-15 00:00:00-04:00,12.661576874504686,13.03792954331031,12.536125700047407,12.73326301574707,63400,0.0,0.0
2024-07-16 00:00:00-04:00,12.813910764920957,13.629341302354483,12.813910764920957,13.593498229980469,40400,0.0,0.0
2024-07-17 00:00:00-04:00,13.441164188615724,13.70998764330128,13.297791907334418,13.55765438079834,37000,0.0,0.0
2024-07-18 00:00:00-04:00,13.351555304649636,13.656221811836723,12.97520266101455,13.217144012451172,29400,0.0,0.0
2024-07-19 00:00:00-04:00,13.252988124714774,13.485968513807512,13.244027143311309,13.306753158569336,15500,0.0,0.0
2024-07-22 00:00:00-04:00,13.387398462906747,13.441163492887407,12.975202748275553,13.39635944366455,17800,0.0,0.0
2024-07-23 00:00:00-04:00,13.288830999489061,14.00569326442007,13.288830999489061,13.889203071594238,33800,0.0,0.0
2024-07-24 00:00:00-04:00,13.889202551653758,13.889202551653758,13.38739872861715,13.450124740600586,28700,0.0,0.0
2024-07-25 00:00:00-04:00,13.459087227409656,14.07738045352302,13.459087227409656,13.916086196899414,31400,0.0,0.0
2024-07-26 00:00:00-04:00,14.095299816097498,14.095299816097498,13.68310495281331,13.942967414855957,20200,0.0,0.0
2024-07-29 00:00:00-04:00,13.942966941454483,13.942966941454483,13.181300688276577,13.226104736328125,13500,0.0,0.0
2024-07-30 00:00:00-04:00,13.17234081395806,13.5845365524292,13.046890494357852,13.5845365524292,18800,0.0,0.0
2024-07-31 00:00:00-04:00,13.638301755920097,13.90712521559763,13.575575740770066,13.701026916503906,19100,0.0,0.0
2024-08-01 00:00:00-04:00,13.7547913467183,13.7547913467183,12.67053742876242,13.082733154296875,35900,0.0,0.0
2024-08-02 00:00:00-04:00,12.661577315607522,12.939360908957607,12.428596921170117,12.536126136779785,27000,0.0,0.0
2024-08-05 00:00:00-04:00,12.034323610408439,12.30314623286742,11.881990335246337,11.94471549987793,44900,0.0,0.0
2024-08-06 00:00:00-04:00,11.989519284107631,12.159773664787293,11.864068103114127,12.106009483337402,22100,0.0,0.0
2024-08-07 00:00:00-04:00,12.27626245077922,12.30314453840951,12.052243059872422,12.088086128234863,16700,0.0,0.0
2024-08-08 00:00:00-04:00,12.213537811431959,12.580929491329574,12.186655722664527,12.527164459228516,35500,0.0,0.0
2024-08-09 00:00:00-04:00,12.589891788911657,12.616773880490035,12.392754456682233,12.455479621887207,11600,0.0,0.0
2024-08-12 00:00:00-04:00,12.554046175950552,12.554046175950552,12.204575637854694,12.294183731079102,15600,0.0,0.0
2024-08-13 00:00:00-04:00,12.464438181985457,12.527163335002383,12.294183828982613,12.47339916229248,8800,0.0,0.0
2024-08-14 00:00:00-04:00,12.571968518955753,12.571968518955753,12.365871080651882,12.437557220458984,11600,0.0,0.0
2024-08-15 00:00:00-04:00,12.742224773965797,12.966244192648764,12.563009409932675,12.7691068649292,22600,0.0,0.0
2024-08-16 00:00:00-04:00,12.769105226514657,13.091692840382791,12.769105226514657,13.064810752868652,9700,0.0,0.0
2024-08-19 00:00:00-04:00,13.011047780887306,13.270910263061523,13.011047780887306,13.270910263061523,10600,0.0,0.0
2024-08-20 00:00:00-04:00,13.226105431949524,13.226105431949524,13.037929103888876,13.082733154296875,10900,0.0,0.0
2024-08-21 00:00:00-04:00,13.002086460271533,13.190262794494629,12.840792215347106,13.190262794494629,7100,0.0,0.0
2024-08-22 00:00:00-04:00,13.190262788103084,13.217144877388726,13.10961566567995,13.12753677368164,5500,0.0,0.0
2024-08-23 00:00:00-04:00,13.154419698687214,14.11322247597479,13.154419698687214,13.889203071594238,38800,0.0,0.0
2024-08-26 00:00:00-04:00,13.996732023929315,14.068418163638166,13.754791516053489,13.898163795471191,14200,0.0,0.0
2024-08-27 00:00:00-04:00,13.709989030746522,13.862322308665528,13.548694770699035,13.66518497467041,19600,0.0,0.0
2024-08-28 00:00:00-04:00,13.683105802615504,13.934007299412839,13.647261877078236,13.853360176086426,13600,0.0,0.0
2024-08-29 00:00:00-04:00,13.925045530359437,14.059456825256348,13.790634235462527,14.059456825256348,21400,0.0,0.0
2024-08-30 00:00:00-04:00,13.95192847085491,14.337242126464844,13.745831025478765,14.337242126464844,25100,0.0,0.0
2024-09-03 00:00:00-04:00,14.31907207661194,14.400843564752554,13.655815124511719,13.655815124511719,19600,0.22,0.0
2024-09-04 00:00:00-04:00,13.655814227078897,13.91929963461603,13.601300482887954,13.873871803283691,7200,0.0,0.0
2024-09-05 00:00:00-04:00,14.010156700535745,14.028327659344988,13.773928170653328,13.94655704498291,14500,0.0,0.0
2024-09-06 00:00:00-04:00,13.792101164574317,14.037414761407092,13.564958528090449,13.783015251159668,33000,0.0,0.0
2024-09-09 00:00:00-04:00,13.819356047575955,14.09192734538713,13.755756395796112,14.064669609069824,17900,0.0,0.0
2024-09-10 00:00:00-04:00,13.85569882951876,14.082841433281363,13.819356047575955,14.064669609069824,18100,0.0,0.0
2024-09-11 00:00:00-04:00,13.873871087090528,14.082841873168945,13.810270566843808,14.082841873168945,15400,0.0,0.0
2024-09-12 00:00:00-04:00,14.01924178150152,14.082841433281363,13.919298481298602,14.064669609069824,14200,0.0,0.0
2024-09-13 00:00:00-04:00,14.082842631224953,14.337242126464844,13.828443135985063,14.337242126464844,23000,0.0,0.0
2024-09-16 00:00:00-04:00,14.52804183959961,14.52804183959961,14.010156940694062,14.52804183959961,19600,0.0,0.0
2024-09-17 00:00:00-04:00,14.537127095105093,14.718841876978145,14.319070396633789,14.36449909210205,25100,0.0,0.0
2024-09-18 00:00:00-04:00,14.091927271535598,14.637069864301024,14.091927271535598,14.10101318359375,19100,0.0,0.0
2024-09-19 00:00:00-04:00,14.446270481567653,14.528041964514847,14.237299684240687,14.337242126464844,20000,0.0,0.0
2024-09-20 00:00:00-04:00,14.05558437122271,14.05558437122271,13.864784552012257,14.01015567779541,108100,0.0,0.0
2024-09-23 00:00:00-04:00,14.037412870755244,14.146441217605192,13.937470436096191,13.937470436096191,9500,0.0,0.0
2024-09-24 00:00:00-04:00,13.901129084509684,13.901129084509684,13.764842987060547,13.764842987060547,10500,0.0,0.0
2024-09-25 00:00:00-04:00,13.801185773084244,13.83752855910794,13.655814628989456,13.764842987060547,7600,0.0,0.0
2024-09-26 00:00:00-04:00,13.901128382885323,13.901128382885323,13.437757234610404,13.446843147277832,22200,0.0,0.0
2024-09-27 00:00:00-04:00,13.619471822741744,13.692157394681205,13.483186591975349,13.673986434936523,15600,0.0,0.0
2024-09-30 00:00:00-04:00,13.673985832742567,13.792100098562601,13.664899920030182,13.692156791687012,8400,0.0,0.0
2024-10-01 00:00:00-04:00,13.519529212351943,13.519529212351943,13.29238658620318,13.337815284729004,10000,0.0,0.0
2024-10-02 00:00:00-04:00,13.501356184446694,13.537698966736015,13.156099319458008,13.156099319458008,5900,0.0,0.0
2024-10-03 00:00:00-04:00,13.201529208102937,13.210615121117215,13.047072152781618,13.056158065795898,9500,0.0,0.0
2024-10-04 00:00:00-04:00,13.283300673201946,13.337815284729004,13.128843618102358,13.337815284729004,7400,0.0,0.0
2024-10-07 00:00:00-04:00,13.292384948632481,13.346898686963302,13.092499219632224,13.110671043395996,6700,0.0,0.0
2024-10-08 00:00:00-04:00,13.165186109262008,13.265129417080223,13.165186109262008,13.19244384765625,5300,0.0,0.0
2024-10-09 00:00:00-04:00,13.119757020125933,13.410500155623453,13.101586061552512,13.328728675842285,16500,0.0,0.0
2024-10-10 00:00:00-04:00,13.137929976623603,13.137929976623603,12.928958302910525,13.010729789733887,19100,0.0,0.0
2024-10-11 00:00:00-04:00,13.183357727583617,13.3832426071167,13.183357727583617,13.3832426071167,6800,0.0,0.0
2024-10-14 00:00:00-04:00,13.174272443600067,13.555872128526222,13.174272443600067,13.519529342651367,10400,0.0,0.0
2024-10-15 00:00:00-04:00,13.783013687787314,13.783013687787314,13.492271423339844,13.492271423339844,12900,0.0,0.0
2024-10-16 00:00:00-04:00,13.664900323481886,13.99198539246191,13.646729364000949,13.928385734558105,20900,0.0,0.0
2024-10-17 00:00:00-04:00,13.828442644317384,14.08284213051215,13.81935673176178,14.073756217956543,9800,0.0,0.0
2024-10-18 00:00:00-04:00,13.946557632357585,13.946557632357585,13.365072195806423,13.864786148071289,14000,0.0,0.0
2024-10-21 00:00:00-04:00,13.546786342536357,13.855700458611103,13.546786342536357,13.70124340057373,14400,0.0,0.0
2024-10-22 00:00:00-04:00,13.892041902950169,13.910213727542995,13.67398520671798,13.901127815246582,11500,0.0,0.0
2024-10-23 00:00:00-04:00,13.628556511716202,13.901127815246582,13.628556511716202,13.901127815246582,18500,0.0,0.0
2024-10-24 00:00:00-04:00,13.98290071821979,13.98290071821979,13.628557900864381,13.637643814086914,16800,0.0,0.0
2024-10-25 00:00:00-04:00,13.746671803641313,13.755757716619508,13.537700137544586,13.555871963500977,12800,0.0,0.0
2024-10-28 00:00:00-04:00,13.69215715863069,13.810271427616135,13.683072112155157,13.77392864227295,12900,0.0,0.0
2024-10-29 00:00:00-04:00,13.701242375850699,14.046499252319336,13.701242375850699,14.046499252319336,14600,0.0,0.0
2024-10-30 00:00:00-04:00,13.973813504689414,14.409926901024752,13.973813504689414,14.300898551940918,20200,0.0,0.0
2024-10-31 00:00:00-04:00,14.419013237555632,14.591641245396373,14.219127491781892,14.255470275878906,16800,0.0,0.0
2024-11-01 00:00:00-04:00,14.409926561553231,14.59164047241211,14.409926561553231,14.59164047241211,8000,0.0,0.0
2024-11-04 00:00:00-05:00,14.66432831256915,14.673414226142242,14.51895716132134,14.646158218383789,15100,0.0,0.0
2024-11-05 00:00:00-05:00,14.49169831540589,14.955068580344065,14.49169831540589,14.927812576293945,21300,0.0,0.0
2024-11-06 00:00:00-05:00,15.21855453427681,15.69101156856489,15.136783057843854,15.591068267822266,90400,0.0,0.0
2024-11-07 00:00:00-05:00,15.591070296429608,15.591070296429608,15.13678502734259,15.336669921875,26400,0.0,0.0
2024-11-08 00:00:00-05:00,15.336668926701053,15.345754839448515,15.136784045138882,15.182211875915527,26100,0.0,0.0
2024-11-11 00:00:00-05:00,15.254899041508356,15.627412796020508,15.254899041508356,15.627412796020508,29200,0.0,0.0
2024-11-12 00:00:00-05:00,15.663755270614466,15.663755270614466,15.373012986801038,15.418440818786621,26300,0.0,0.0
2024-11-13 00:00:00-05:00,15.409354020468298,15.536555062048993,15.354840278625488,15.354840278625488,19600,0.0,0.0
2024-11-14 00:00:00-05:00,15.354839905295918,15.436611382552286,15.154955034758446,15.27306842803955,24400,0.0,0.0
2024-11-15 00:00:00-05:00,15.363927916150706,15.418441664114305,15.15495710482291,15.300328254699707,17800,0.0,0.0
2024-11-18 00:00:00-05:00,15.22764198725431,15.463870528301348,15.182212421883309,15.291241645812988,18400,0.0,0.0
2024-11-19 00:00:00-05:00,15.273067896797745,15.482040405273438,15.045925297421977,15.482040405273438,14000,0.0,0.0
2024-11-20 00:00:00-05:00,15.391185502314137,15.445699249731227,15.336670021936262,15.40027141571045,15300,0.0,0.0
2024-11-21 00:00:00-05:00,15.49112383398759,15.67283859787172,15.345752716064453,15.345752716064453,28000,0.0,0.0
2024-11-22 00:00:00-05:00,15.418440202604767,15.718268387425132,15.336668721930064,15.691012382507324,87400,0.0,0.0
2024-11-25 00:00:00-05:00,15.69101459531196,16.281585135610975,15.69101459531196,16.018098831176758,43700,0.0,0.0
2024-11-26 00:00:00-05:00,15.899983174026838,16.12712579079865,15.636496906750429,15.691012382507324,21600,0.0,0.0
2024-11-27 00:00:00-05:00,15.827299197677625,15.927242513655596,15.618328385142604,15.790955543518066,9200,0.0,0.0
2024-11-29 00:00:00-05:00,16.027182641820755,16.108954123296222,15.845469586400231,15.93632698059082,14700,0.0,0.0
2024-12-02 00:00:00-05:00,15.835113364919488,16.276768087397727,15.779907182724543,15.963930130004883,24900,0.22,0.0
2024-12-03 00:00:00-05:00,15.899521999890876,15.963929502415077,15.697096414845877,15.74310302734375,21500,0.0,0.0
2024-12-04 00:00:00-05:00,15.77990814152579,15.77990814152579,15.18183615898463,15.513076782226562,20200,0.0,0.0
2024-12-05 00:00:00-05:00,15.338251875764875,15.853513592597912,15.145027635094598,15.798307418823242,24200,0.0,0.0
2024-12-06 00:00:00-05:00,15.77990710967375,15.862717260069259,15.559080626943361,15.724700927734375,12700,0.0,0.0
2024-12-09 00:00:00-05:00,15.853515959047185,15.963930078050627,15.632689476013184,15.632689476013184,13500,0.0,0.0
2024-12-10 00:00:00-05:00,15.807511195223103,16.00993503381552,15.513075882734903,15.7799072265625,17600,0.0,0.0
2024-12-11 00:00:00-05:00,15.945526914019563,16.092744564589708,15.457867349647938,15.467068672180176,25400,0.0,0.0
2024-12-12 00:00:00-05:00,15.393461332734534,15.715500632556079,15.135831296855693,15.513076782226562,10500,0.0,0.0
2024-12-13 00:00:00-05:00,15.63269083570785,15.65109348297119,15.329054175754887,15.651093482971191,14200,0.0,0.0
2024-12-16 00:00:00-05:00,15.816710503471093,16.046738281424535,15.411861122880685,15.54067611694336,17500,0.0,0.0
2024-12-17 00:00:00-05:00,15.467069650301559,15.485472296529798,15.264645806709742,15.3750581741333,16800,0.0,0.0
2024-12-18 00:00:00-05:00,15.39346047078398,15.494673267767865,14.270925400947652,14.454947471618652,25600,0.0,0.0
2024-12-19 00:00:00-05:00,14.418143057484453,14.638969542289653,14.381338643350253,14.454947471618652,14900,0.0,0.0
2024-12-20 00:00:00-05:00,14.24332175965694,14.712578708770083,13.985690854795132,14.02249526977539,86700,0.0,0.0
2024-12-23 00:00:00-05:00,14.040898163711814,14.261724657489081,13.829272115727068,14.105305671691895,20700,0.0,0.0
2024-12-24 00:00:00-05:00,14.086903259270967,14.261724006155612,14.022494876745933,14.215718269348145,10400,0.0,0.0
2024-12-26 00:00:00-05:00,14.114506099527542,14.206516694020886,13.994891536948412,14.13290786743164,11300,0.0,0.0
2024-12-27 00:00:00-05:00,13.939685268406999,14.059299837766249,13.691255683958158,13.746461868286133,25300,0.0,0.0
2024-12-30 00:00:00-05:00,13.663652967852157,13.967289622472293,13.663652967852157,13.856876373291016,9800,0.0,0.0
2024-12-31 00:00:00-05:00,13.958088137892776,14.123708448496291,13.820071797380843,13.921283721923828,21600,0.0,0.0
2025-01-02 00:00:00-05:00,13.866076437645381,14.004093653438275,13.57164111459891,13.746461868286133,22400,0.0,0.0
2025-01-03 00:00:00-05:00,13.663651836437687,13.801668167114258,13.498031537636658,13.801668167114258,11600,0.0,0.0
2025-01-06 00:00:00-05:00,13.783264363145987,13.921281559707955,13.415220260620117,13.415220260620117,13400,0.0,0.0
2025-01-07 00:00:00-05:00,13.415221582365284,13.553237915039062,13.249601281167594,13.553237915039062,22600,0.0,0.0
2025-01-08 00:00:00-05:00,13.37841738095464,13.553238130283589,13.295607229040654,13.516433715820312,16400,0.0,0.0
2025-01-10 00:00:00-05:00,13.341612815856934,13.608445037074615,13.01957353482443,13.341612815856934,40400,0.0,0.0
2025-01-13 00:00:00-05:00,13.185194564956705,13.37841796875,13.15759147226809,13.37841796875,11800,0.0,0.0
2025-01-14 00:00:00-05:00,13.49803217095307,13.728059984531022,13.424423340807044,13.691255569458008,15900,0.0,0.0
2025-01-15 00:00:00-05:00,13.783267231619725,13.958088874816895,13.755664137557318,13.958088874816895,16400,0.0,0.0
2025-01-16 00:00:00-05:00,13.994892362292656,14.004093685530565,13.76486454626384,13.866076469421387,15100,0.0,0.0
2025-01-17 00:00:00-05:00,13.884479115897202,13.902880884886537,13.68205439209563,13.866076469421387,17900,0.0,0.0
2025-01-21 00:00:00-05:00,13.90288021840201,14.169712437104417,13.764863886395622,14.068500518798828,18400,0.0,0.0
2025-01-22 00:00:00-05:00,13.994893268913328,13.994893268913328,13.801669855832216,13.83847427368164,15700,0.0,0.0
2025-01-23 00:00:00-05:00,13.829272459146573,13.939685708777077,13.718859209516069,13.884479522705078,16800,0.0,0.0
2025-01-24 00:00:00-05:00,13.764863931047481,13.820070990520986,13.636048043933597,13.645249366760254,16400,0.0,0.0
2025-01-27 00:00:00-05:00,13.571640844844458,13.75566291809082,13.571640844844458,13.75566291809082,25100,0.0,0.0
2025-01-28 00:00:00-05:00,13.718858838461651,14.031696809363325,13.691255746172233,13.98569107055664,23900,0.0,0.0
2025-01-29 00:00:00-05:00,13.820070526494138,14.16971200730305,13.700455966223126,14.142108917236328,18000,0.0,0.0
2025-01-30 00:00:00-05:00,14.26172473069438,14.26172473069438,13.755663355075669,13.893680572509766,20000,0.0,0.0
2025-01-31 00:00:00-05:00,14.040897252941795,14.758584627394482,13.718857978957658,14.224919319152832,32400,0.0,0.0
2025-02-03 00:00:00-05:00,13.912080851109229,14.436543939701965,13.902879528768839,14.151309967041016,26700,0.0,0.0
2025-02-04 00:00:00-05:00,14.096103566647452,14.565360498014169,14.096103566647452,14.491751670837402,10500,0.0,0.0
2025-02-05 00:00:00-05:00,14.491750505752396,14.602163737640716,14.427343006522467,14.528554916381836,19100,0.0,0.0
2025-02-06 00:00:00-05:00,14.648169837847846,14.648169837847846,14.408940724010614,14.427343368530273,6400,0.0,0.0
2025-02-07 00:00:00-05:00,14.178913563294957,14.436544455628217,14.077701646392782,14.316930770874023,13300,0.0,0.0
2025-02-10 00:00:00-05:00,14.372137692567422,14.583763737433316,14.335333277480286,14.35373592376709,13000,0.0,0.0
2025-02-11 00:00:00-05:00,14.335333234437286,14.546959278667755,14.316931465692205,14.473349571228027,12200,0.0,0.0
2025-02-12 00:00:00-05:00,14.23412091506571,14.694176528167503,14.215718269348145,14.215718269348145,12200,0.0,0.0
2025-02-13 00:00:00-05:00,14.37213675644125,14.37213675644125,14.040897042232245,14.261723518371582,6800,0.0,0.0
2025-02-14 00:00:00-05:00,14.362935589898926,14.40894132563258,14.086902930469858,14.19731616973877,9500,0.0,0.0
2025-02-18 00:00:00-05:00,14.307730396397634,14.427344966565276,14.05009948699082,14.105305671691895,19300,0.0,0.0
2025-02-19 00:00:00-05:00,13.94888687133789,14.123708506017254,13.801669206862531,13.94888687133789,17400,0.0,0.0
2025-02-20 00:00:00-05:00,13.847675682958602,14.031697773341179,13.571642108641468,13.626849174499512,23100,0.0,0.0
2025-02-21 00:00:00-05:00,13.764863993461777,13.80166840744885,13.433624267578125,13.433624267578125,48300,0.0,0.0
2025-02-24 00:00:00-05:00,13.599244180503511,13.663652565410418,13.129988104675922,13.175992965698242,42700,0.0,0.0
2025-02-25 00:00:00-05:00,13.295607786328109,13.516434282363745,13.065579966919366,13.470429420471191,55500,0.0,0.0
2025-02-26 00:00:00-05:00,13.525635775780398,13.783266691060893,13.470429589820686,13.764864921569824,18800,0.0,0.0
2025-02-27 00:00:00-05:00,13.672853930942628,13.755664090332088,13.580843325221643,13.718859672546387,27600,0.0,0.0
2025-02-28 00:00:00-05:00,13.810869507836653,14.353735263515732,13.810869507836653,14.252522468566895,17900,0.0,0.0
2025-03-03 00:00:00-05:00,14.364528449060742,14.392529229315167,14.056517195875802,14.159187316894531,21500,0.22,0.0
2025-03-04 00:00:00-05:00,14.17785251743153,14.252522739426059,13.627166417452827,14.000513076782227,20100,0.0,0.0
2025-03-05 00:00:00-05:00,13.897842909304465,14.177852457554636,13.757837245050736,13.851174354553223,18700,0.0,0.0
2025-03-06 00:00:00-05:00,13.757837850194354,14.205854749332378,13.757837850194354,14.10318374633789,35900,0.0,0.0
2025-03-07 00:00:00-05:00,14.000513526681875,14.121851417395225,13.804506301703181,14.047182083129883,15200,0.0,0.0
2025-03-10 00:00:00-04:00,13.93517877509079,14.000514223291626,13.515162636289064,13.571165084838867,24800,0.0,0.0
2025-03-11 00:00:00-04:00,13.636501054179575,13.655168834452502,13.403159141540527,13.403159141540527,23600,0.0,0.0
2025-03-12 00:00:00-04:00,13.53382963588585,13.627166748046875,13.393824857772982,13.627166748046875,14100,0.0,0.0
2025-03-13 00:00:00-04:00,13.412492190885413,13.673834867422253,13.412492190885413,13.552497863769531,8100,0.0,0.0
2025-03-14 00:00:00-04:00,13.711168744440801,14.047181627873652,13.711168744440801,13.879175186157227,20700,0.0,0.0
2025-03-17 00:00:00-04:00,14.037848826455454,14.065849605534693,13.692502917382441,13.785840034484863,22200,0.0,0.0
2025-03-18 00:00:00-04:00,13.767171806303825,13.767171806303825,13.524496021849957,13.739171028137207,25700,0.0,0.0
2025-03-19 00:00:00-04:00,13.767172346832576,14.084517478942871,13.552498222245449,14.084517478942871,17300,0.0,0.0
2025-03-20 00:00:00-04:00,14.08451743247811,14.08451743247811,13.879176308237916,13.935178756713867,5700,0.0,0.0
2025-03-21 00:00:00-04:00,13.757836968671967,13.916509517561462,13.701835416198396,13.86050796508789,42100,0.0,0.0
2025-03-24 00:00:00-04:00,14.000514130295771,14.224522142749612,13.944511682117954,14.17785358428955,25800,0.0,0.0
2025-03-25 00:00:00-04:00,14.000514044176468,14.000514044176468,13.636500358581543,13.636500358581543,20600,0.0,0.0
2025-03-26 00:00:00-04:00,13.739170910352424,13.869841800762208,13.739170910352424,13.832507133483887,12300,0.0,0.0
2025-03-27 00:00:00-04:00,13.61783252843743,14.000513076782227,13.61783252843743,14.000513076782227,14800,0.0,0.0
2025-03-28 00:00:00-04:00,14.196521208862796,14.28052443514882,13.879176082950579,13.972513198852539,29800,0.0,0.0
2025-03-31 00:00:00-04:00,13.944511081097023,14.196520751842288,13.720503078298128,13.804506301879883,39300,0.0,0.0
2025-04-01 00:00:00-04:00,13.823174304357355,13.991179864112798,13.748504078753202,13.888509750366211,22700,0.0,0.0
2025-04-02 00:00:00-04:00,13.944511976013112,14.12185232387324,13.90717730648394,14.019182205200195,22000,0.0,0.0
2025-04-03 00:00:00-04:00,13.561830876295842,13.561830876295842,13.0204777435964,13.067146301269531,41800,0.0,0.0
2025-04-04 00:00:00-04:00,12.712466071951082,13.263153075272717,12.451123404149326,13.141815185546875,48800,0.0,0.0
2025-04-07 00:00:00-04:00,12.86180501060026,13.54316380726112,12.805803454239948,13.253819465637207,31000,0.0,0.0
2025-04-08 00:00:00-04:00,13.403158780518305,13.757838584991593,12.768469400523395,12.992477416992188,18100,0.0,0.0
2025-04-09 00:00:00-04:00,12.815137197217542,14.513866897665492,12.815137197217542,13.4404935836792,53300,0.0,0.0
2025-04-10 00:00:00-04:00,13.160482618058092,13.869841269157842,12.656464184054474,12.759134292602539,22800,0.0,0.0
2025-04-11 00:00:00-04:00,12.647130240671082,13.076479341133561,12.4604569122371,12.731133460998535,15900,0.0,0.0
2025-04-14 00:00:00-04:00,12.871139305194271,12.908473973985929,12.572461954861,12.78713607788086,23100,0.0,0.0
2025-04-15 00:00:00-04:00,12.78713660557978,13.244486539683676,12.78713660557978,13.132482528686523,22500,0.0,0.0
2025-04-16 00:00:00-04:00,13.244486029392064,13.309822367552984,12.97380945737888,13.179150581359863,12100,0.0,0.0
2025-04-17 00:00:00-04:00,13.132481520304786,13.281820190167306,13.067146074772104,13.225818634033203,14200,0.0,0.0
2025-04-21 00:00:00-04:00,13.085814984236404,13.095147984312705,12.936475411341657,13.039146423339844,18700,0.0,0.0
2025-04-22 00:00:00-04:00,13.197817686158455,13.571164356011147,13.123148352187917,13.533829689025879,14500,0.0,0.0
2025-04-23 00:00:00-04:00,13.701835733865035,13.776505065646699,13.17914952126474,13.515161514282227,17200,0.0,0.0
2025-04-24 00:00:00-04:00,13.64583442903437,13.869842443078165,13.263153849177371,13.449827194213867,18700,0.0,0.0
2025-04-25 00:00:00-04:00,13.356491096224216,13.552498332944614,13.067146741016495,13.235153198242188,17200,0.0,0.0
2025-04-28 00:00:00-04:00,13.197817522097251,13.748503630752262,13.132481188088716,13.720502853393555,27500,0.0,0.0
2025-04-29 00:00:00-04:00,13.692502522210953,14.02851453185053,13.627167076202097,13.888509750366211,23500,0.0,0.0
2025-04-30 00:00:00-04:00,13.692503179223372,14.05651687472937,13.4124927126902,14.019182205200195,43600,0.0,0.0
2025-05-01 00:00:00-04:00,13.86984209735706,13.925844544536446,13.543163974218183,13.552497863769531,21900,0.0,0.0
2025-05-02 00:00:00-04:00,13.991179971135537,13.991179971135537,13.533830065317757,13.944511413574219,14100,0.0,0.0
2025-05-05 00:00:00-04:00,13.944512442732233,14.009848784191629,13.71117052783282,13.823175430297852,19700,0.0,0.0
2025-05-06 00:00:00-04:00,13.673834413998717,13.851174749078933,13.53382963588585,13.627166748046875,14200,0.0,0.0
2025-05-07 00:00:00-04:00,13.664501801343095,13.785839694532621,13.561830797036505,13.673834800720215,11600,0.0,0.0
2025-05-08 00:00:00-04:00,13.869841637433936,13.907176304272612,13.496494969047173,13.627166748046875,23100,0.0,0.0
2025-05-09 00:00:00-04:00,13.59916474287297,13.795171961444483,13.552497078079135,13.757837295532227,11300,0.0,0.0
2025-05-12 00:00:00-04:00,14.093850693993467,14.168520028547103,13.944511134757512,13.953845024108887,19100,0.0,0.0
2025-05-13 00:00:00-04:00,14.131185905532329,14.42052936553955,13.62716743281869,14.42052936553955,33000,0.0,0.0
2025-05-14 00:00:00-04:00,14.299190971792457,14.299190971792457,14.09385074607549,14.22452163696289,14300,0.0,0.0
2025-05-15 00:00:00-04:00,14.215188068147238,14.840544429043947,14.215188068147238,14.607202529907227,15400,0.0,0.0
2025-05-16 00:00:00-04:00,14.61653580630457,14.635203584714128,14.448529361133222,14.476531028747559,19300,0.0,0.0
2025-05-19 00:00:00-04:00,14.289857021582499,14.383193238843834,14.233854579122797,14.345858573913574,13900,0.0,0.0
2025-05-20 00:00:00-04:00,14.289859788150466,14.364529132467236,14.028516192912972,14.168521881103516,6200,0.0,0.0
2025-05-21 00:00:00-04:00,14.009848784191629,14.401863272432943,13.599166515496554,13.823175430297852,13800,0.0,0.0
2025-05-22 00:00:00-04:00,13.664502439733681,13.925845127205317,13.412492752075195,13.412492752075195,14700,0.0,0.0
2025-05-23 00:00:00-04:00,13.151148419716094,13.53382895818204,13.151148419716094,13.49649429321289,13500,0.0,0.0
2025-05-27 00:00:00-04:00,13.515161857402177,13.869841637433936,13.515161857402177,13.627166748046875,7900,0.0,0.0
2025-05-28 00:00:00-04:00,13.58983230822786,13.869841869131188,13.347156524658203,13.347156524658203,15600,0.0,0.0
2025-05-29 00:00:00-04:00,13.384492024069084,13.683169382333013,13.20715167500332,13.4404935836792,15800,0.0,0.0
2025-05-30 00:00:00-04:00,13.309821413173061,13.571164076691021,13.095146414829673,13.543163299560547,21900,0.0,0.0
2025-06-02 00:00:00-04:00,13.533686577321934,13.533686577321934,13.0692955794733,13.476822853088379,19100,0.22,0.0
2025-06-03 00:00:00-04:00,13.467345264438586,13.7042795576878,13.448390087139002,13.476822853088379,11600,0.0,0.0
2025-06-04 00:00:00-04:00,13.457867273669748,13.457867273669748,13.201978714599461,13.2304105758667,12900,0.0,0.0
2025-06-05 00:00:00-04:00,13.32518471023429,13.37257084460972,13.183023595610262,13.268320083618164,11700,0.0,0.0
2025-06-06 00:00:00-04:00,13.495776407886211,13.628459930419922,13.230410266651342,13.628459930419922,8300,0.0,0.0
2025-06-09 00:00:00-04:00,13.656891736410472,13.770620082199203,13.287274838555238,13.609504699707031,13400,0.0,0.0
2025-06-10 00:00:00-04:00,13.61898218863261,14.130760192871094,13.61898218863261,14.130760192871094,17400,0.0,0.0
2025-06-11 00:00:00-04:00,13.979121450133178,14.111804962158203,13.903302558642444,14.111804962158203,12800,0.0,0.0
2025-06-12 00:00:00-04:00,13.988600471424704,13.988600471424704,13.723233420173289,13.827485084533691,7600,0.0,0.0
2025-06-13 00:00:00-04:00,13.72323270969701,14.272921056640838,13.391525268554688,13.391525268554688,14900,0.0,0.0
2025-06-16 00:00:00-04:00,13.694801707142068,13.713756884079158,13.211455541237239,13.315707206726074,29900,0.0,0.0
2025-06-17 00:00:00-04:00,13.164070050120845,13.401004350422161,13.031386516572363,13.135637283325195,10900,0.0,0.0
2025-06-18 00:00:00-04:00,13.173545415705538,13.562118388498094,13.173545415705538,13.495776176452637,11900,0.0,0.0
2025-06-20 00:00:00-04:00,13.590550066863758,13.590550066863758,13.334660617751645,13.382047653198242,24900,0.0,0.0
2025-06-23 00:00:00-04:00,13.533686198415884,13.884348834147216,13.533686198415884,13.836962699890137,13100,0.0,0.0
2025-06-24 00:00:00-04:00,13.884348123070083,14.08337294978766,13.72323274411621,14.007554054260254,12000,0.0,0.0
2025-06-25 00:00:00-04:00,13.903303505801356,13.903303505801356,13.514731434481853,13.524209022521973,14700,0.0,0.0
2025-06-26 00:00:00-04:00,13.713755855177515,13.884347915649414,13.609504197510367,13.884347915649414,16900,0.0,0.0
2025-06-27 00:00:00-04:00,13.836961872080485,14.064418556703925,13.836961872080485,13.931735038757324,137300,0.0,0.0
2025-06-30 00:00:00-04:00,14.083372553605589,14.083372553605589,13.742187533330195,13.77061939239502,25200,0.0,0.0
2025-07-01 00:00:00-04:00,13.732710502321742,14.159192020910561,13.694801054087904,14.102328300476074,15700,0.0,0.0
2025-07-02 00:00:00-04:00,14.14023826906766,14.462469042829582,14.14023826906766,14.424559593200684,33800,0.0,0.0
2025-07-03 00:00:00-04:00,14.462469469685573,14.718358036274976,14.282398900759139,14.699403762817383,11700,0.0,0.0
2025-07-07 00:00:00-04:00,14.727835703545766,14.727835703545766,14.140238761901855,14.140238761901855,32000,0.0,0.0
2025-07-08 00:00:00-04:00,14.244488657011365,14.29187569376618,14.0738965900596,14.206579208374023,47400,0.0,0.0
2025-07-09 00:00:00-04:00,14.310831163820515,14.434036196547018,14.197101911740933,14.396126747131348,14400,0.0,0.0
2025-07-10 00:00:00-04:00,14.35821581757928,14.680446556311168,14.216055622883436,14.62358283996582,26600,0.0,0.0
2025-07-11 00:00:00-04:00,14.462468327272449,14.595150942492591,14.452990739376002,14.576196670532227,12900,0.0,0.0
2025-07-14 00:00:00-04:00,14.48142167963865,14.652014635611645,14.329783898254863,14.585673332214355,33500,0.0,0.0
2025-07-15 00:00:00-04:00,14.557241894639612,14.557241894639612,14.244488716125488,14.244488716125488,14600,0.0,0.0
2025-07-16 00:00:00-04:00,14.40560361700975,14.652015477838885,14.026509141759172,14.528809547424316,24000,0.0,0.0
2025-07-17 00:00:00-04:00,14.452990712130397,14.737312021660124,14.452990712130397,14.566719055175781,21700,0.0,0.0
2025-07-18 00:00:00-04:00,14.727834097738047,14.727834097738047,14.187624254640248,14.367693901062012,29100,0.0,0.0
2025-07-21 00:00:00-04:00,14.452990970203825,14.737312284810407,14.415081521845115,14.708880424499512,21900,0.0,0.0
2025-07-22 00:00:00-04:00,14.652015859056231,14.794176065015803,14.652015859056231,14.746789932250977,19500,0.0,0.0
2025-07-23 00:00:00-04:00,14.832084655761719,14.832084655761719,14.652015011704503,14.832084655761719,13000,0.0,0.0
2025-07-24 00:00:00-04:00,14.69940298616303,14.83208560485359,14.69940298616303,14.813131332397461,15100,0.0,0.0
2025-07-25 00:00:00-04:00,14.813131181527824,14.813131181527824,14.500378006610346,14.708880424499512,9200,0.0,0.0
2025-07-28 00:00:00-04:00,14.765744241188694,15.012156109039749,14.708880520196942,14.79417610168457,18300,0.0,0.0
2025-07-29 00:00:00-04:00,14.80365348325757,14.917381827486917,14.67096996307373,14.67096996307373,27000,0.0,0.0
2025-07-30 00:00:00-04:00,14.661494449078829,14.765745213651295,14.102329367449233,14.17814826965332,21000,0.0,0.0
2025-07-31 00:00:00-04:00,14.045462539379342,14.216055494540214,13.827483455635976,13.988598823547363,22400,0.0,0.0
2025-08-01 00:00:00-04:00,13.893825771809059,13.893825771809059,13.3725701849012,13.457866668701172,34200,0.0,0.0
2025-08-04 00:00:00-04:00,13.457867272754445,13.827485084533691,13.457867272754445,13.827485084533691,19900,0.0,0.0
2025-08-05 00:00:00-04:00,13.780097308504214,13.979122134367149,13.685323237585663,13.969644546508789,26300,0.0,0.0
2025-08-06 00:00:00-04:00,13.979122737358356,14.026509774861676,13.694801416170995,13.742188453674316,16800,0.0,0.0
2025-08-07 00:00:00-04:00,13.979121458152077,13.979121458152077,13.467343488379809,13.57159423828125,29400,0.0,0.0
2025-08-08 00:00:00-04:00,13.609504902585298,13.836962501386042,13.609504902585298,13.732710838317871,6300,0.0,0.0
2025-08-11 00:00:00-04:00,13.836961596348646,13.988599383075892,13.581072153372043,13.751665115356445,33900,0.0,0.0
2025-08-12 00:00:00-04:00,13.84643864538915,14.784699057220498,13.77061975002556,14.566719055175781,31300,0.0,0.0
2025-08-13 00:00:00-04:00,14.585673706604343,14.869994102080739,14.585673706604343,14.832084655761719,15800,0.0,0.0
2025-08-14 00:00:00-04:00,14.519331926832809,14.60462840952991,14.471945795407771,14.500377655029297,10100,0.0,0.0
2025-08-15 00:00:00-04:00,14.547765265799015,14.547765265799015,14.253966358645428,14.263443946838379,14800,0.0,0.0
2025-08-18 00:00:00-04:00,14.434036196547018,14.434036196547018,14.272921714404843,14.396126747131348,7500,0.0,0.0
2025-08-19 00:00:00-04:00,14.405603551890925,14.50985520998797,14.23501149071557,14.471945762634277,12700,0.0,0.0
2025-08-20 00:00:00-04:00,14.339263163204938,14.509856139136856,14.263444263642437,14.462469100952148,16700,0.0,0.0
2025-08-21 00:00:00-04:00,14.45299047121982,14.661492881910522,14.358216401678817,14.415081024169922,6800,0.0,0.0
2025-08-22 00:00:00-04:00,14.557241688856138,15.315431557864096,14.471946108148309,15.268045425415039,44700,0.0,0.0
2025-08-25 00:00:00-04:00,15.125884198104448,15.258567717887239,15.078497162193983,15.19222640991211,13300,0.0,0.0
2025-08-26 00:00:00-04:00,15.021634221503865,15.20170478653935,15.021634221503865,15.11640739440918,11600,0.0,0.0
2025-08-27 00:00:00-04:00,15.211178795224921,15.23013396989727,15.1164056333606,15.182747840881348,13200,0.0,0.0
2025-08-28 00:00:00-04:00,15.106929049444219,15.239612569466232,15.012155881284954,15.201704025268555,13900,0.0,0.0
2025-08-29 00:00:00-04:00,15.258567928590821,15.410205722532226,15.06901978233152,15.334386825561523,34100,0.0,0.0
2025-09-02 00:00:00-04:00,15.276737734338505,15.276737734338505,14.80594539642334,14.80594539642334,33100,0.22,0.0
2025-09-03 00:00:00-04:00,14.825161434196756,15.055753480899668,14.748297418629118,14.978889465332031,17900,0.0,0.0
2025-09-04 00:00:00-04:00,15.017322618647711,15.372818946838379,15.017322618647711,15.372818946838379,10500,0.0,0.0
2025-09-05 00:00:00-04:00,15.353601680828858,15.77635469289354,15.24791388595837,15.430465698242188,17500,0.0,0.0
2025-09-08 00:00:00-04:00,15.430466504765832,15.430466504765832,15.05575462936315,15.372818946838379,19700,0.0,0.0
2025-09-09 00:00:00-04:00,15.209482043459321,15.324778070839258,15.123009793851523,15.151834487915039,10500,0.0,0.0
2025-09-10 00:00:00-04:00,15.1518342852499,15.440073891698674,15.1518342852499,15.401642799377441,13100,0.0,0.0
2025-09-11 00:00:00-04:00,15.401642451440253,15.699490282386362,15.247913504171391,15.613018035888672,22300,0.0,0.0
2025-09-12 00:00:00-04:00,15.459290484547623,15.459290484547623,15.132617950439453,15.132617950439453,9300,0.0,0.0
2025-09-15 00:00:00-04:00,15.18065776473546,15.324777565131681,15.18065776473546,15.305562019348145,10800,0.0,0.0
2025-09-16 00:00:00-04:00,15.440074587859975,15.440074587859975,15.113402041778247,15.32477855682373,21800,0.0,0.0
2025-09-17 00:00:00-04:00,15.372818537743541,15.728315772765281,15.22869873046875,15.22869873046875,22100,0.0,0.0
2025-09-18 00:00:00-04:00,15.161441549649703,15.824393925080097,15.161441549649703,15.709098815917969,19400,0.0,0.0
2025-09-19 00:00:00-04:00,15.59380188814552,15.661057673980812,14.959673289437465,15.392034530639648,65500,0.0,0.0
2025-09-22 00:00:00-04:00,14.80594548948385,15.420857635510187,14.80594548948385,15.151834487915039,13200,0.0,0.0
2025-09-23 00:00:00-04:00,15.286345681668385,15.286345681668385,14.940457608127929,15.036537170410156,19400,0.0,0.0
2025-09-24 00:00:00-04:00,15.132617987846462,15.267130477603324,14.969281720388619,15.142226219177246,11500,0.0,0.0
2025-09-25 00:00:00-04:00,15.055754513643322,15.276738344485745,14.98849872448109,15.00771427154541,8800,0.0,0.0
2025-09-26 00:00:00-04:00,15.074969366691551,15.11340137534228,15.007713580625618,15.094185829162598,9900,0.0,0.0
2025-09-29 00:00:00-04:00,15.07496951532772,15.07496951532772,14.412017130493235,14.498489379882812,44900,0.0,0.0
2025-09-30 00:00:00-04:00,14.421626017061438,14.584962291931424,14.277505289433643,14.402409553527832,17700,0.0,0.0
2025-10-01 00:00:00-04:00,14.325545310974121,14.681041634238795,14.267897753845471,14.325545310974121,15400,0.0,0.0
2025-10-02 00:00:00-04:00,14.392800837614683,14.392800837614683,14.046912752267536,14.239072799682617,29200,0.0,0.0
2025-10-03 00:00:00-04:00,14.31593730020944,14.412017785294635,14.31593730020944,14.402409553527832,12500,0.0,0.0
2025-10-06 00:00:00-04:00,14.488881052387214,14.488881052387214,13.979656707051184,14.152600288391113,37300,0.0,0.0
2025-10-07 00:00:00-04:00,14.17181617941267,14.306328662844853,13.95083236694336,13.95083236694336,54200,0.0,0.0
2025-10-08 00:00:00-04:00,14.018089084151809,14.267897605895996,13.989265305886368,14.267897605895996,13000,0.0,0.0
2025-10-09 00:00:00-04:00,14.229464946277556,14.412016755343716,13.931616196832259,14.373584747314453,32700,0.0,0.0
2025-10-10 00:00:00-04:00,14.392799476123923,14.392799476123923,13.787495613098145,13.787495613098145,27600,0.0,0.0
2025-10-13 00:00:00-04:00,14.027697783592378,14.104561805725098,13.74906547428842,14.104561805725098,23100,0.0,0.0
2025-10-14 00:00:00-04:00,13.950832585478423,14.373584671572614,13.950832585478423,14.34476089477539,12400,0.0,0.0
2025-10-15 00:00:00-04:00,14.412016527021958,14.575352787631513,14.267896728268271,14.296720504760742,14400,0.0,0.0
2025-10-16 00:00:00-04:00,14.181424410775005,14.181424410775005,13.854751891208085,13.960439682006836,29800,0.0,0.0
2025-10-17 00:00:00-04:00,13.998871916710009,14.402408457286327,13.998871916710009,14.037303924560547,30400,0.0,0.0
2025-10-20 00:00:00-04:00,14.075736530394733,14.383193522552164,14.075736530394733,14.22946548461914,17100,0.0,0.0
2025-10-21 00:00:00-04:00,14.219857949733642,14.267898193013803,14.094953683721792,14.142993927001953,31600,0.0,0.0
2025-10-22 00:00:00-04:00,14.075735625049466,14.344760590420071,14.075735625049466,14.248680114746094,26600,0.0,0.0
2025-10-23 00:00:00-04:00,14.39280048139275,14.642608994995285,14.267897140882843,14.440840721130371,25400,0.0,0.0
2025-10-24 00:00:00-04:00,14.440841395236516,14.98849868774414,14.440841395236516,14.98849868774414,22300,0.0,0.0
2025-10-27 00:00:00-04:00,14.988497743069116,15.03653706573012,14.652216986694027,14.671433448791504,26000,0.0,0.0
2025-10-28 00:00:00-04:00,14.748297878515094,14.921241460789387,14.60417715761325,14.815553665161133,19200,0.0,0.0
2025-10-29 00:00:00-04:00,14.844377840952891,15.084578132606794,14.43123396238633,14.623394012451172,30400,0.0,0.0
2025-10-30 00:00:00-04:00,14.623393657172196,15.07496953478058,14.623393657172196,14.834769248962402,18600,0.0,0.0
2025-10-31 00:00:00-04:00,14.767513237605254,14.777121468801816,14.575353195130797,14.757905006408691,13500,0.0,0.0
2025-11-03 00:00:00-05:00,14.757905636377965,15.06536263375284,14.450449555294485,14.969282150268555,15700,0.0,0.0
2025-11-04 00:00:00-05:00,14.671433524327297,15.026929828338789,14.613785054029409,14.700257301330566,14200,0.0,0.0
2025-11-05 00:00:00-05:00,14.748297530089012,15.017321586608887,14.565744804517728,15.017321586608887,39500,0.0,0.0
2025-11-06 00:00:00-05:00,14.719473332822277,14.959673620453405,14.700257786283304,14.863594055175781,20200,0.0,0.0
2025-11-07 00:00:00-05:00,14.892417105617499,15.23830517304438,14.892417105617499,14.940457344055176,12000,0.0,0.0
2025-11-10 00:00:00-05:00,14.978889351547052,15.142225612460358,14.940457344055176,14.940457344055176,13900,0.0,0.0
2025-11-11 00:00:00-05:00,15.036537676839243,15.036537676839243,14.88280963897705,14.88280963897705,7900,0.0,0.0
2025-11-12 00:00:00-05:00,14.892417870416285,14.988498352225845,14.83476939807227,14.88280963897705,24800,0.0,0.0
2025-11-13 00:00:00-05:00,14.892417143646753,15.0077131664168,14.796336666526045,14.959672927856445,29700,0.0,0.0
2025-11-14 00:00:00-05:00,14.940458199627782,15.22869873046875,14.844377717250328,15.22869873046875,31200,0.0,0.0
2025-11-17 00:00:00-05:00,15.219089712196395,15.219089712196395,14.584961126903435,14.652216911315918,22300,0.0,0.0
2025-11-18 00:00:00-05:00,14.700257074197246,14.815553096720238,14.584961051674254,14.633000373840332,12200,0.0,0.0
2025-11-19 00:00:00-05:00,14.796336711140194,14.83476871884609,14.575352895904125,14.652216911315918,16000,0.0,0.0
2025-11-20 00:00:00-05:00,14.82516255581703,15.103794862402903,14.671434513051226,14.709866523742676,12600,0.0,0.0
2025-11-21 00:00:00-05:00,14.748297556270675,15.372817917659033,14.748297556270675,15.343994140625,32100,0.0,0.0
2025-11-24 00:00:00-05:00,15.363209927864089,15.363209927864089,14.834769120385946,15.10379409790039,38200,0.0,0.0
2025-11-25 00:00:00-05:00,15.228697966096728,15.372817766137732,15.180657727319279,15.295953750610352,25700,0.0,0.0
2025-11-26 00:00:00-05:00,15.132617375957931,15.343993875231298,15.132617375957931,15.257521629333496,20800,0.0,0.0
2025-11-28 00:00:00-05:00,15.276738092536833,15.33438656536185,15.123010053391974,15.24791431427002,15000,0.0,0.0
2025-12-01 00:00:00-05:00,15.17971223150803,15.530462630645541,15.17971223150803,15.491490364074707,14200,0.22,0.0
2025-12-02 00:00:00-05:00,15.588921387618711,15.657122621354464,15.247913360595703,15.247913360595703,13600,0.0,0.0
2025-12-03 00:00:00-05:00,15.364830912464928,15.67660903930664,15.150482985675195,15.67660903930664,31100,0.0,0.0
2025-12-04 00:00:00-05:00,15.686352115984352,15.764296646591283,15.618150883996313,15.647378921508789,23200,0.0,0.0
2025-12-05 00:00:00-05:00,15.647379703707447,15.696096199237195,15.559692799270334,15.618151664733887,9400,0.0,0.0
2025-12-08 00:00:00-05:00,15.569435219294235,15.832498720968339,15.569435219294235,15.764297485351562,22900,0.0,0.0
2025-12-09 00:00:00-05:00,15.84224045765947,16.17350516227926,15.79352396677767,16.085817337036133,27200,0.0,0.0
2025-12-10 00:00:00-05:00,15.949416577119173,16.660660694610538,15.949416577119173,16.514514923095703,72500,0.0,0.0
2025-12-11 00:00:00-05:00,16.52425519253588,16.894493103027344,16.51451375235721,16.894493103027344,28700,0.0,0.0
2025-12-12 00:00:00-05:00,16.86526415874587,17.050383124433257,16.709375090275735,16.845779418945312,34400,0.0,0.0
2025-12-15 00:00:00-05:00,17.050382115940092,17.381646831431606,16.65091616931989,17.254985809326172,49800,0.0,0.0
2025-12-16 00:00:00-05:00,17.293960476458945,17.293960476458945,17.00166893005371,17.00166893005371,26900,0.0,0.0
2025-12-17 00:00:00-05:00,16.9432077372974,17.099096796974592,16.631429617943017,16.894493103027344,29000,0.0,0.0
2025-12-18 00:00:00-05:00,16.904237406578137,17.138071009996317,16.836036171207535,17.040639877319336,16400,0.0,0.0
2025-12-19 00:00:00-05:00,17.01141070680363,17.06987050391401,16.387854404381173,16.40734100341797,53700,0.0,0.0
2025-12-22 00:00:00-05:00,16.465797424316406,16.70937431478956,16.41708278955945,16.465797424316406,15900,0.0,0.0
2025-12-23 00:00:00-05:00,16.358624337585326,16.465796902321905,16.115047454833984,16.115047454833984,19900,0.0,0.0
2025-12-24 00:00:00-05:00,16.192993506360104,16.348882577318925,16.10530567165273,16.154020309448242,6900,0.0,0.0
2025-12-26 00:00:00-05:00,16.076076288389736,16.13453422728382,15.900700613363112,16.046846389770508,14100,0.0,0.0
2025-12-29 00:00:00-05:00,16.16376293094745,16.43656972285905,16.105304996375047,16.329395294189453,20600,0.0,0.0
2025-12-30 00:00:00-05:00,16.319651544647872,16.319651544647872,16.134532588879672,16.173505783081055,20000,0.0,0.0
2025-12-31 00:00:00-05:00,16.22222087496216,16.22222087496216,15.871471408979357,15.968900680541992,19900,0.0,0.0
2026-01-02 00:00:00-05:00,15.9299292861189,16.563228840712597,15.676609092612578,15.774040222167969,17700,0.0,0.0
2026-01-05 00:00:00-05:00,15.735065972233121,16.16376179853336,15.735065972233121,15.939671516418457,19800,0.0,0.0
2026-01-06 00:00:00-05:00,15.803268995043805,15.871472089744975,15.540206419687255,15.793525695800781,44400,0.0,0.0
2026-01-07 00:00:00-05:00,15.686352338063472,15.813011505213833,15.48174771003057,15.67660903930664,34500,0.0,0.0
2026-01-08 00:00:00-05:00,15.579178499006337,16.309909208293753,15.55969282992819,16.22222137451172,39000,0.0,0.0
2026-01-09 00:00:00-05:00,16.222220473607813,16.222220473607813,15.842241120550751,15.910442352294922,16000,0.0,0.0
2026-01-12 00:00:00-05:00,15.890955924987793,15.988387053525575,15.725323563976826,15.890955924987793,25700,0.0,0.0
2026-01-13 00:00:00-05:00,15.988388454080221,16.04684639298602,15.842242677643538,15.949417114257812,10800,0.0,0.0
2026-01-14 00:00:00-05:00,15.910441193389689,16.222219291992882,15.910441193389689,16.192991256713867,17100,0.0,0.0
2026-01-15 00:00:00-05:00,16.134531925219818,16.368365505777312,16.134531925219818,16.348880767822266,17600,0.0,0.0
2026-01-16 00:00:00-05:00,16.31965216430351,16.38785339840134,16.163763098267253,16.261194229125977,20400,0.0,0.0
2026-01-20 00:00:00-05:00,16.03710034906822,16.33913700814111,15.959155824417419,16.192991256713867,42500,0.0,0.0
2026-01-21 00:00:00-05:00,16.23196463528569,17.06012647552359,16.16376339991509,17.040639877319336,54200,0.0,0.0
2026-01-22 00:00:00-05:00,16.952951318239904,17.186784911651134,16.923723280528634,17.11858367919922,22600,0.0,0.0
2026-01-23 00:00:00-05:00,17.011408449915987,17.03089504636751,16.563227881595637,16.641172409057617,25100,0.0,0.0
2026-01-26 00:00:00-05:00,16.592458392278942,16.660659624047177,16.261193673681078,16.368366241455078,22400,0.0,0.0
2026-01-27 00:00:00-05:00,16.348882939172665,16.631431189660116,16.348882939172665,16.572973251342773,12600,0.0,0.0
2026-01-28 00:00:00-05:00,16.6996325555924,16.6996325555924,16.02736161392233,16.40734100341797,19800,0.0,0.0
2026-01-29 00:00:00-05:00,16.572970522842894,16.816547393798828,16.514512594149807,16.816547393798828,12700,0.0,0.0
2026-01-30 00:00:00-05:00,16.592459896780852,16.787320311166802,16.339139685569194,16.6704044342041,29000,0.0,0.0
2026-02-02 00:00:00-05:00,16.64117374020177,17.293959906791912,16.64117374020177,17.108840942382812,47600,0.0,0.0
2026-02-03 00:00:00-05:00,17.069870772241458,17.216016550625994,16.75809261612928,17.186786651611328,28500,0.0,0.0
2026-02-04 00:00:00-05:00,17.216014193414935,17.43036118180764,17.167299560071548,17.391389846801758,38000,0.0,0.0
2026-02-05 00:00:00-05:00,17.235500839692488,17.342673405025206,17.089355080897587,17.128326416015625,28700,0.0,0.0
2026-02-06 00:00:00-05:00,17.342675288687385,17.401135085230234,16.991925801152046,17.03089714050293,24000,0.0,0.0
2026-02-09 00:00:00-05:00,17.050383176421462,17.22575884357117,16.943208744642355,17.040639877319336,12100,0.0,0.0
2026-02-10 00:00:00-05:00,16.943208744642355,17.22575884357117,16.943208744642355,17.040639877319336,28500,0.0,0.0
2026-02-11 00:00:00-05:00,17.196529468125995,17.196529468125995,16.787320185139876,16.836036682128906,13500,0.0,0.0
2026-02-12 00:00:00-05:00,17.021153056039026,17.021153056039026,16.64117368775746,16.91398048400879,18900,0.0,0.0
2026-02-13 00:00:00-05:00,16.88475132077359,17.108841631890087,16.77757688574207,16.836036682128906,27300,0.0,0.0
2026-02-17 00:00:00-05:00,16.9432087942561,17.206272295750974,16.9432087942561,17.138071060180664,28000,0.0,0.0
2026-02-18 00:00:00-05:00,17.167300682311257,17.167300682311257,16.709374922234225,16.91398048400879,30300,0.0,0.0
2026-02-19 00:00:00-05:00,16.78732018337854,16.9334659576416,16.66066100790904,16.9334659576416,20300,0.0,0.0
2026-02-20 00:00:00-05:00,16.806806056061635,17.050382955424848,16.787319458109952,17.011409759521484,14300,0.0,0.0
2026-02-23 00:00:00-05:00,17.050382445700517,17.050382445700517,16.42682619664219,16.660659790039062,35900,0.0,0.0
2026-02-24 00:00:00-05:00,16.572972184422166,16.78731918334961,16.563228885605795,16.78731918334961,15300,0.0,0.0
2026-02-25 00:00:00-05:00,16.952951264103763,17.040639093645986,16.670403036513203,17.02115249633789,10200,0.0,0.0
2026-02-26 00:00:00-05:00,17.138070839398228,17.186785476079653,16.952951874989132,17.108840942382812,20700,0.0,0.0
2026-02-27 00:00:00-05:00,16.89449195475831,17.05038100384018,16.514512629914254,16.553483963012695,32500,0.0,0.0
2026-03-02 00:00:00-05:00,16.46464815188734,17.16548057995253,16.316585148480083,17.08651351928711,34100,0.22,0.0
2026-03-03 00:00:00-05:00,16.928579727396997,17.09638496991701,16.810130075455383,17.017417907714844,26700,0.0,0.0
2026-03-04 00:00:00-05:00,17.175351320129636,17.412252496915603,17.135868732026907,17.283931732177734,15200,0.0,0.0
2026-03-05 00:00:00-05:00,17.106256559523473,17.274061806668616,16.632454173251304,16.691679000854492,34900,0.0,0.0
2026-03-06 00:00:00-05:00,16.681806894658234,16.681806894658234,16.336325302437793,16.61271095275879,33800,0.0,0.0
2026-03-09 00:00:00-04:00,16.514003025205472,17.283933333117748,16.13890993123182,16.494260787963867,21200,0.0,0.0
2026-03-10 00:00:00-04:00,16.356067282823542,16.948321162713718,16.356067282823542,16.553485870361328,21100,0.0,0.0
2026-03-11 00:00:00-04:00,16.53374441505189,16.543615533166772,16.237618402498477,16.44490623474121,17300,0.0,0.0
2026-03-12 00:00:00-04:00,16.158651020786348,16.395552202689316,15.94149019199953,16.227746963500977,22900,0.0,0.0
2026-03-13 00:00:00-04:00,16.28697143245534,16.484390021089528,15.823040196705142,16.01058578491211,36400,0.0,0.0
2026-03-16 00:00:00-04:00,16.2474877800684,16.454777496848354,15.902008056640625,15.902008056640625,20900,0.0,0.0
2026-03-17 00:00:00-04:00,15.911879230725678,15.951361820946108,15.428204792143156,15.48742961883545,43000,0.0,0.0
2026-03-18 00:00:00-04:00,15.536784383223928,15.655234978843636,15.102465532618334,15.151820182800293,44400,0.0,0.0
2026-03-19 00:00:00-04:00,15.08272322190195,15.339366648497963,14.796467381886904,14.993885040283203,39300,0.0,0.0
2026-03-20 00:00:00-04:00,15.033368076993908,15.211044434381467,14.63853277320113,14.954401016235352,90000,0.0,0.0
2026-03-23 00:00:00-04:00,15.260399744898073,15.70458971628031,15.230787331169033,15.67497730255127,39900,0.0,0.0
2026-03-24 00:00:00-04:00,15.665105628735144,15.911878872265936,15.5960096853635,15.763814926147461,40800,0.0,0.0
2026-03-25 00:00:00-04:00,15.96123227072746,15.96123227072746,15.586138265725785,15.625621795654297,33800,0.0,0.0
2026-03-26 00:00:00-04:00,15.566397302114252,15.694718071086589,15.428204473748067,15.556526184082031,19800,0.0,0.0
2026-03-27 00:00:00-04:00,15.526912586838515,15.526912586838515,15.201173227769289,15.290011405944824,16500,0.0,0.0
2026-03-30 00:00:00-04:00,15.319624639989112,15.615750643113786,15.171560697065168,15.54665470123291,39100,0.0,0.0
2026-03-31 00:00:00-04:00,15.605881363346695,15.645364895456042,15.211045100891557,15.388721466064453,67800,0.0,0.0
2026-04-01 00:00:00-04:00,15.507172055817279,15.734202130009349,15.339366809083286,15.67497730255127,25900,0.0,0.0
2026-04-02 00:00:00-04:00,15.54665508915052,15.931619279362804,15.2702703733691,15.921748161315918,38700,0.0,0.0
2026-04-06 00:00:00-04:00,15.813169472534687,16.099424362182617,15.773685000735943,16.099424362182617,19700,0.0,0.0
2026-04-07 00:00:00-04:00,16.05994144397999,16.247487033010806,15.803298030717444,16.168519973754883,24600,0.0,0.0
2026-04-08 00:00:00-04:00,16.612711541737188,16.70154972239273,16.4152929441197,16.602840423583984,31400,0.0,0.0
2026-04-09 00:00:00-04:00,16.504131521878186,17.08651432786678,16.464648931038674,16.977935791015625,22100,0.0,0.0
2026-04-10 00:00:00-04:00,16.898968267539193,16.898968267539193,16.55348666414294,16.731163024902344,20600,0.0,0.0
2026-04-13 00:00:00-04:00,16.671936379668367,16.98780462990006,16.671936379668367,16.889097213745117,19900,0.0,0.0
2026-04-14 00:00:00-04:00,16.85948365321494,16.90883736068923,16.612711350396967,16.701549530029297,16300,0.0,0.0
2026-04-15 00:00:00-04:00,16.642323859268476,16.69167756423614,16.50413009645732,16.65219497680664,10000,0.0,0.0
2026-04-16 00:00:00-04:00,16.514002372773184,16.622582790588865,16.27710118340348,16.3461971282959,29700,0.0,0.0
2026-04-17 00:00:00-04:00,16.642324442695003,17.175351629380035,16.533744028691864,16.928579330444336,34700,0.0,0.0
2026-04-20 00:00:00-04:00,16.928578856355845,17.056901502533712,16.632452859015366,16.681806564331055,15800,0.0,0.0
2026-04-21 00:00:00-04:00,16.642325231159077,17.244448388837203,16.38568180218016,16.53374481201172,18400,0.0,0.0
2026-04-22 00:00:00-04:00,16.533743680761177,16.66206444510918,16.13890838731749,16.42516326904297,13200,0.0,0.0
2026-04-23 00:00:00-04:00,16.316585694048076,16.415293111137846,15.7440730730386,15.852652549743652,9800,0.0,0.0
2026-04-24 00:00:00-04:00,15.832911846868875,16.217876036656353,15.832911846868875,16.129037857055664,17300,0.0,0.0
2026-04-27 00:00:00-04:00,16.079684658101858,16.375810677653316,16.079684658101858,16.247488021850586,15500,0.0,0.0
2026-04-28 00:00:00-04:00,16.336326204260686,16.523873687429045,16.040200184709228,16.247488021850586,29700,0.0,0.0
2026-04-29 00:00:00-04:00,16.079683608840313,16.23761772665839,15.931618726003073,16.01058578491211,14900,0.0,0.0
2026-04-30 00:00:00-04:00,15.921748193923746,16.21787608776704,15.852652250177288,16.000715255737305,24100,0.0,0.0
2026-05-01 00:00:00-04:00,15.990846415345374,16.346197260921436,15.763815401002814,16.089553833007812,25500,0.0,0.0
2026-05-04 00:00:00-04:00,15.931619048631681,16.099424287551983,15.596009512152696,15.655234336853027,33300,0.0,0.0
2026-05-05 00:00:00-04:00,15.64536491885001,15.83291240267109,15.5861391499166,15.753944396972656,20300,0.0,0.0
2026-05-06 00:00:00-04:00,15.862523443653549,15.980974978298628,15.615751138972634,15.872394561767578,18000,0.0,0.0
2026-05-07 00:00:00-04:00,15.852651946784556,16.069812774658203,15.724331179814588,16.069812774658203,20600,0.0,0.0
2026-05-08 00:00:00-04:00,15.971103151187803,16.28697138592148,15.971103151187803,16.13890838623047,12800,0.0,0.0
2026-05-11 00:00:00-04:00,16.14878008695239,16.14878008695239,15.526912829985374,15.556526184082031,27200,0.0,0.0
2026-05-12 00:00:00-04:00,15.50717129997782,15.704588950818462,15.299882531254744,15.57626724243164,19400,0.0,0.0
2026-05-13 00:00:00-04:00,15.428204727589748,15.88226580956463,15.428204727589748,15.615751266479492,20700,0.0,0.0
2026-05-14 00:00:00-04:00,15.605881182934285,15.892137022758199,15.556526533027752,15.852652549743652,15400,0.0,0.0
2026-05-15 00:00:00-04:00,15.74407291457956,15.74407291457956,15.457817077636719,15.457817077636719,18200,0.0,0.0
2026-05-18 00:00:00-04:00,15.507171852531355,15.872394754940615,15.497300734297191,15.773685455322266,12300,0.0,0.0
2026-05-19 00:00:00-04:00,15.704589130507404,16.168520379950724,15.704589130507404,15.97110366821289,17900,0.0,0.0
2026-05-20 00:00:00-04:00,16.000715344700218,16.43503512845121,15.980974991179519,16.15865135192871,24200,0.0,0.0
2026-05-21 00:00:00-04:00,16.079684289676102,16.375810302442574,15.892136810804923,16.15865135192871,17300,0.0,0.0
2026-05-22 00:00:00-04:00,16.296843693573063,16.296843693573063,15.990846554171672,16.11916732788086,18200,0.0,0.0
2026-05-26 00:00:00-04:00,16.119165968962754,16.592968315716078,16.119165968962754,16.52387237548828,24400,0.0,0.0
2026-05-27 00:00:00-04:00,16.523873947607434,16.760775143523418,16.484391356316443,16.59296989440918,18200,0.0,0.0
2026-05-28 00:00:00-04:00,16.553486970073237,16.780517042917943,16.385681724335125,16.662065505981445,22300,0.0,0.0
2026-05-29 00:00:00-04:00,16.73116341969689,16.938451256991918,16.484391108979967,16.82000160217285,17500,0.0,0.0
2026-06-01 00:00:00-04:00,16.850000381469727,16.899999618530273,16.489999771118164,16.649999618530273,25300,0.22,0.0
2026-06-02 00:00:00-04:00,16.520000457763672,16.81999969482422,16.520000457763672,16.559999465942383,18400,0.0,0.0
2026-06-03 00:00:00-04:00,16.59000015258789,16.59000015258789,15.949999809265137,16.0,34800,0.0,0.0
2026-06-04 00:00:00-04:00,16.290000915527344,16.579999923706055,16.06999969482422,16.520000457763672,14000,0.0,0.0
2026-06-05 00:00:00-04:00,16.540000915527344,17.0,16.25,16.81999969482422,13400,0.0,0.0
2026-06-08 00:00:00-04:00,16.81999969482422,17.049999237060547,16.56999969482422,16.760000228881836,19900,0.0,0.0
2026-06-09 00:00:00-04:00,16.889999389648438,17.200000762939453,16.360000610351562,17.06999969482422,29400,0.0,0.0
2026-06-10 00:00:00-04:00,17.190000534057617,17.489999771118164,16.770000457763672,17.3700008392334,24000,0.0,0.0
2026-06-11 00:00:00-04:00,17.440000534057617,17.440000534057617,17.09000015258789,17.09000015258789,12600,0.0,0.0
2026-06-12 00:00:00-04:00,17.1299991607666,17.450000762939453,16.989999771118164,17.450000762939453,29000,0.0,0.0
2026-06-15 00:00:00-04:00,17.40999984741211,17.5,17.100000381469727,17.100000381469727,40689,0.0,0.0
