Date,Open,High,Low,Close,Volume,Dividends,Stock Splits
2022-01-03 00:00:00-05:00,86.66648312752493,87.936791500055,84.4606724972926,85.85900115966797,172600,0.0,0.0
2022-01-04 00:00:00-05:00,86.65663851203887,90.42817355947241,86.6517175440503,88.8132095336914,328100,0.0,0.0
2022-01-05 00:00:00-05:00,88.58672475094586,91.31444383210129,85.97717652782742,86.51878356933594,305000,0.0,0.0
2022-01-06 00:00:00-05:00,87.52320016935555,89.9801154659387,85.89839424515573,89.640380859375,229300,0.0,0.0
2022-01-07 00:00:00-05:00,89.64038217923368,90.78267782896673,88.21252012999554,88.70488739013672,210200,0.0,0.0
2022-01-10 00:00:00-05:00,88.32084148287657,89.01015264154874,82.05792933606483,83.0820541381836,340100,0.0,0.0
2022-01-11 00:00:00-05:00,83.21992909468078,83.21992909468078,80.95503634770998,81.55572509765625,406000,0.0,0.0
2022-01-12 00:00:00-05:00,80.96487449717547,84.46067758121649,80.91563476535912,83.24945831298828,379100,0.0,0.0
2022-01-13 00:00:00-05:00,83.28784043551444,84.49020161533504,82.5207331162636,83.10172271728516,254700,0.0,0.0
2022-01-14 00:00:00-05:00,81.70343130528205,82.60938533796264,78.35533214871383,79.59609985351562,224500,0.0,0.0
2022-01-18 00:00:00-05:00,77.843277080312,78.6212108423608,74.21945326813746,74.4262466430664,312800,0.0,0.0
2022-01-19 00:00:00-05:00,74.97766941066477,75.65713848551405,71.66502477005227,71.79698181152344,486600,0.0,0.0
2022-01-20 00:00:00-05:00,72.06288004321208,72.39768620897279,67.21798749903354,67.29676055908203,397800,0.0,0.0
2022-01-21 00:00:00-05:00,66.02645885969264,67.26721906375741,63.397211731051314,63.78125762939453,499400,0.0,0.0
2022-01-24 00:00:00-05:00,61.48683136211977,63.84035037577443,59.11362096077975,63.73202896118164,668700,0.0,0.0
2022-01-25 00:00:00-05:00,62.57987373195927,63.02300498706735,58.099332722452715,60.5907096862793,821300,0.0,0.0
2022-01-26 00:00:00-05:00,58.74137515111898,62.15643247904478,56.64192150107275,57.12443923950195,783100,0.0,0.0
2022-01-27 00:00:00-05:00,57.11460509123626,60.580871230307686,52.70299466599924,53.17566680908203,972100,0.0,0.0
2022-01-28 00:00:00-05:00,53.13627117348967,54.15055023339461,51.45237612900097,54.06192398071289,406300,0.0,0.0
2022-01-31 00:00:00-05:00,53.79603457487117,58.38489615292065,53.61878210459115,57.96146011352539,545300,0.0,0.0
2022-02-01 00:00:00-05:00,59.093913221236164,59.093913221236164,55.72612317515777,57.86299514770508,242600,0.0,0.0
2022-02-02 00:00:00-05:00,58.365204809971,59.01512932441752,56.70100512691668,58.50306701660156,347200,0.0,0.0
2022-02-03 00:00:00-05:00,57.54788278618283,58.97574856144619,56.73055510513338,57.646358489990234,320900,0.0,0.0
2022-02-04 00:00:00-05:00,57.6168169029243,60.06880758676946,56.661626943235255,59.2219352722168,226400,0.0,0.0
2022-02-07 00:00:00-05:00,59.28101736223234,61.82163040648277,58.99544345707347,60.41345977783203,373600,0.0,0.0
2022-02-08 00:00:00-05:00,60.787659008997466,62.363236431118764,60.518827667932754,61.94964599609375,360000,0.0,0.0
2022-02-09 00:00:00-05:00,62.570034104646425,63.68278143964435,62.45186325418844,63.14118194580078,274900,0.0,0.0
2022-02-10 00:00:00-05:00,62.20567446195673,63.663084778445764,60.37407150921779,60.70888137817383,255200,0.0,0.0
2022-02-11 00:00:00-05:00,60.659648001949584,62.08751387956673,58.63109719213635,59.38934326171875,171400,0.0,0.0
2022-02-14 00:00:00-05:00,60.46270108104622,63.68277965844522,60.28544856678116,62.323848724365234,314900,0.0,0.0
2022-02-15 00:00:00-05:00,63.288878746245544,65.5734623318415,63.288878746245544,65.3962173461914,368500,0.0,0.0
2022-02-16 00:00:00-05:00,64.80538940429688,66.2135603519203,63.72710368573769,64.80538940429688,325800,0.0,0.0
2022-02-17 00:00:00-05:00,64.70690819510581,64.88908168783188,62.48140970248601,62.85560989379883,293500,0.0,0.0
2022-02-18 00:00:00-05:00,62.31399413604315,64.17514162585962,62.048115386574544,62.688194274902344,277700,0.0,0.0
2022-02-22 00:00:00-05:00,62.17613328190485,62.274608981907555,58.95605114286168,59.54689407348633,332800,0.0,0.0
2022-02-23 00:00:00-05:00,60.46270010171605,61.156935974289404,58.050099813487265,58.256893157958984,301500,0.0,0.0
2022-02-24 00:00:00-05:00,55.92307104573785,60.974756135408164,55.2268630592751,60.67933654785156,413100,0.0,0.0
2022-02-25 00:00:00-05:00,61.723147505536765,63.64337642521915,60.908772553103766,62.69803237915039,373800,0.0,0.0
2022-02-28 00:00:00-05:00,61.34832203849395,63.66846447073328,61.07246761170073,63.003456115722656,366700,0.03,0.0
2022-03-01 00:00:00-05:00,62.875383760313184,62.914792612186766,58.35332135928085,59.48630142211914,428500,0.0,0.0
2022-03-02 00:00:00-05:00,60.44194231123588,63.06257461590839,60.10697458312424,62.441898345947266,277100,0.0,0.0
2022-03-03 00:00:00-05:00,62.56011135085874,63.07241131766673,59.82126043451128,60.83601379394531,317300,0.0,0.0
2022-03-04 00:00:00-05:00,59.36807371401656,59.51585502655622,56.235145215583785,58.01835250854492,268100,0.0,0.0
2022-03-07 00:00:00-05:00,57.634131968200464,58.077472196525996,54.18593603847907,54.7277946472168,345700,0.0,0.0
2022-03-08 00:00:00-05:00,55.2696466900101,57.33856625699983,52.90517201689523,53.0825080871582,533100,0.0,0.0
2022-03-09 00:00:00-05:00,55.24009133022633,57.41737957582008,55.05290492842239,56.74744415283203,421800,0.0,0.0
2022-03-10 00:00:00-05:00,56.00854733517156,56.895227711897725,55.63417451676271,56.520851135253906,234100,0.0,0.0
2022-03-11 00:00:00-05:00,57.121816700974215,57.90012452861539,56.10706330432467,56.20558166503906,487500,0.0,0.0
2022-03-14 00:00:00-04:00,57.1021058339709,58.126713206019296,55.50608526943322,55.69327163696289,420900,0.0,0.0
2022-03-15 00:00:00-04:00,56.14647399056989,56.56025562900218,54.53074501100681,54.64897155761719,346700,0.0,0.0
2022-03-16 00:00:00-04:00,56.15633025863449,57.624278089194156,54.88542293501529,56.845970153808594,628400,0.0,0.0
2022-03-17 00:00:00-04:00,56.59965760012195,57.762192192881656,55.96913112775755,57.06269836425781,371200,0.0,0.0
2022-03-18 00:00:00-04:00,56.373070691689406,58.39272727056606,55.45190855626655,56.95433807373047,1959100,0.0,0.0
2022-03-21 00:00:00-04:00,57.111966715855964,58.09716536193533,51.36825680526066,52.540645599365234,711200,0.0,0.0
2022-03-22 00:00:00-04:00,53.31895230652133,54.6095639495831,52.57020295214927,53.791847229003906,627900,0.0,0.0
2022-03-23 00:00:00-04:00,53.01354035265196,53.20072674192763,51.61455632478596,52.24508285522461,700300,0.0,0.0
2022-03-24 00:00:00-04:00,52.74753239533376,54.126808139845934,51.83129742360997,53.97903060913086,504300,0.0,0.0
2022-03-25 00:00:00-04:00,54.067703080997155,54.27459389596737,52.77709149374724,53.52584457397461,268600,0.0,0.0
2022-03-28 00:00:00-04:00,53.437177461191645,53.437177461191645,51.12195833405715,51.73278045654297,310900,0.0,0.0
2022-03-29 00:00:00-04:00,53.515992932532455,55.72283966793684,52.95442997577373,54.23518753051758,660500,0.0,0.0
2022-03-30 00:00:00-04:00,54.00859691675155,54.41252826695367,50.45695575940769,50.76729202270508,285400,0.0,0.0
2022-03-31 00:00:00-04:00,50.76728340901544,51.78204053767911,49.76238037110932,50.136756896972656,398300,0.0,0.0
2022-04-01 00:00:00-04:00,50.95447470285467,52.048045791125865,49.86090361458347,51.21062469482422,530000,0.0,0.0
2022-04-04 00:00:00-04:00,51.131811705691426,52.37316035755993,50.43231780427508,51.74263381958008,604800,0.0,0.0
2022-04-05 00:00:00-04:00,51.31900464613223,52.08745849257986,50.028392890220736,50.47173309326172,480500,0.0,0.0
2022-04-06 00:00:00-04:00,49.99882830702109,50.78205937999632,48.392953557366816,48.52103042602539,498300,0.0,0.0
2022-04-07 00:00:00-04:00,48.2845865159691,48.84122618538586,45.96937107989264,46.225521087646484,619200,0.0,0.0
2022-04-08 00:00:00-04:00,46.18611075535141,47.20086409610671,45.67380703973905,46.393001556396484,489200,0.0,0.0
2022-04-11 00:00:00-04:00,46.36344965034888,47.69346631963195,45.75262378368096,45.76247787475586,299500,0.0,0.0
2022-04-12 00:00:00-04:00,46.20581904561952,47.53583574450347,45.86099725678077,46.54078674316406,375200,0.0,0.0
2022-04-13 00:00:00-04:00,46.41271531657607,47.74273217171121,45.73292575033068,47.40776443481445,251500,0.0,0.0
2022-04-14 00:00:00-04:00,47.496428370110884,48.03828690283746,45.00387686462777,46.274784088134766,273400,0.0,0.0
2022-04-18 00:00:00-04:00,45.99892003194005,47.16145464903031,45.68365678915975,46.84619140625,320300,0.0,0.0
2022-04-19 00:00:00-04:00,47.12205931144507,50.264842057349355,47.12205931144507,49.38801574707031,433600,0.0,0.0
2022-04-20 00:00:00-04:00,50.097355569897836,51.102258758637376,48.96043685942068,49.49638748168945,436300,0.0,0.0
2022-04-21 00:00:00-04:00,50.35350123604483,50.84610053789112,48.29443600399798,48.658958435058594,424000,0.0,0.0
2022-04-22 00:00:00-04:00,48.34370237257717,48.65896567198838,46.70827259754338,46.78709030151367,256900,0.0,0.0
2022-04-25 00:00:00-04:00,46.17626229834324,47.782137241443905,45.801889495988824,47.506282806396484,234600,0.0,0.0
2022-04-26 00:00:00-04:00,46.590045463858864,46.93486349105051,44.974320265187245,45.21076583862305,259900,0.0,0.0
2022-04-27 00:00:00-04:00,44.934907829996526,45.979215919407544,44.49156771740019,45.752620697021484,332900,0.0,0.0
2022-04-28 00:00:00-04:00,47.15160671692344,48.51118186951193,42.64924930867457,44.885650634765625,500300,0.0,0.0
2022-04-29 00:00:00-04:00,43.88074880970551,44.8462430365255,41.486715787542884,41.703460693359375,513300,0.0,0.0
2022-05-02 00:00:00-04:00,42.19606410949831,42.78718185400557,41.122197325663315,42.688663482666016,447300,0.0,0.0
2022-05-03 00:00:00-04:00,42.58028400191214,44.38319545629935,41.67389935037588,44.21571350097656,452400,0.0,0.0
2022-05-04 00:00:00-04:00,44.20586786723279,44.78713529330384,42.915259880602285,44.74772644042969,361400,0.0,0.0
2022-05-05 00:00:00-04:00,44.146754943006854,44.688613474433396,42.42265722413664,43.2108154296875,277600,0.0,0.0
2022-05-06 00:00:00-04:00,43.654150214305936,43.654150214305936,41.11233608667346,43.23051452636719,323400,0.0,0.0
2022-05-09 00:00:00-04:00,42.22561396966347,42.91229603315059,40.96456092331385,41.61479187011719,440600,0.0,0.0
2022-05-10 00:00:00-04:00,42.03842039477558,43.08273221248449,39.752760055615965,40.9152946472168,339700,0.0,0.0
2022-05-11 00:00:00-04:00,40.73797119249955,41.04338419082574,37.82178348070217,38.137046813964844,393200,0.0,0.0
2022-05-12 00:00:00-04:00,37.516371807796055,38.797129485902076,36.294723651946605,36.93510437011719,846400,0.0,0.0
2022-05-13 00:00:00-04:00,37.97940244760993,39.17149176278291,37.56562087040309,38.550819396972656,467200,0.0,0.0
2022-05-16 00:00:00-04:00,38.16659654528406,38.30944703925841,36.67894451071899,36.96465301513672,327000,0.0,0.0
2022-05-17 00:00:00-04:00,37.92030038753085,38.84638583139335,37.4326243151875,38.45230484008789,525200,0.0,0.0
2022-05-18 00:00:00-04:00,38.373482773462484,39.25030884735469,36.974498932891215,37.27006149291992,520200,0.0,0.0
2022-05-19 00:00:00-04:00,36.78731687470098,37.8217746811845,36.33412640835345,36.718353271484375,405900,0.0,0.0
2022-05-20 00:00:00-04:00,37.18139691092824,37.8217737475946,35.614930982667886,36.28486633300781,369900,0.0,0.0
2022-05-23 00:00:00-04:00,37.19124186086493,37.80206385369153,36.37352533520359,36.55086135864258,380400,0.0,0.0
2022-05-24 00:00:00-04:00,36.12723166070664,36.72820342137628,35.27010991196912,36.17649459838867,521500,0.0,0.0
2022-05-25 00:00:00-04:00,36.03857741845477,38.13212507238632,36.03857741845477,37.92030715942383,363500,0.0,0.0
2022-05-26 00:00:00-04:00,38.28482524565006,39.54587848317812,36.757767886161844,39.01387023925781,299800,0.0,0.0
2022-05-27 00:00:00-04:00,39.27021592248507,39.70403064209643,38.762450767936194,39.4279670715332,236100,0.03,0.0
2022-05-31 00:00:00-04:00,39.03358851915019,39.78290555990885,38.46173823558149,39.595577239990234,394000,0.0,0.0
2022-06-01 00:00:00-04:00,39.792760166865335,39.792760166865335,38.353280669004214,39.27021026611328,272500,0.0,0.0
2022-06-02 00:00:00-04:00,39.14203679073493,40.25615624997247,38.984285662433614,40.07868576049805,286200,0.0,0.0
2022-06-03 00:00:00-04:00,39.585719992561074,39.77304831510236,38.816679815578226,39.39838790893555,257900,0.0,0.0
2022-06-06 00:00:00-04:00,39.98009359893473,39.98009359893473,38.66878789780491,38.74766159057617,130700,0.0,0.0
2022-06-07 00:00:00-04:00,38.0180565755476,39.64486425446739,37.894813398610495,39.43781661987305,181500,0.0,0.0
2022-06-08 00:00:00-04:00,38.9251323623492,39.35402005813151,38.51202241409442,38.99414825439453,142600,0.0,0.0
2022-06-09 00:00:00-04:00,38.60962967395731,38.60962967395731,36.539145411505274,36.618019104003906,245400,0.0,0.0
2022-06-10 00:00:00-04:00,35.602494133578745,36.24138567151939,35.00106675101328,35.83911895751953,547700,0.0,0.0
2022-06-13 00:00:00-04:00,34.57710787964684,34.85317141207243,33.12678140835582,33.423553466796875,502200,0.0,0.0
2022-06-14 00:00:00-04:00,34.15315160885468,34.3306221002123,32.910861930434955,33.916526794433594,374200,0.0,0.0
2022-06-15 00:00:00-04:00,34.310911841036315,34.83346565358604,33.06862183305437,33.955970764160156,331200,0.0,0.0
2022-06-16 00:00:00-04:00,32.79255086195233,33.601029760027124,31.60448830229881,32.38831329345703,382400,0.0,0.0
2022-06-17 00:00:00-04:00,32.81227477647401,34.621488164445836,32.70382013750688,33.68976593017578,583300,0.0,0.0
2022-06-21 00:00:00-04:00,34.232035235407,34.577114719197674,33.462995046969596,33.50243377685547,203300,0.0,0.0
2022-06-22 00:00:00-04:00,32.87142395370218,34.015120612250435,32.87142395370218,33.27566146850586,226900,0.0,0.0
2022-06-23 00:00:00-04:00,33.33482295335401,34.26161048736735,32.70381459370051,34.03484344482422,197700,0.0,0.0
2022-06-24 00:00:00-04:00,34.40949856292868,36.381389511839586,34.40949856292868,36.19405746459961,662000,0.0,0.0
2022-06-27 00:00:00-04:00,36.54899761684635,36.93351574148023,35.26726928103895,36.14476013183594,306000,0.0,0.0
2022-06-28 00:00:00-04:00,36.184202577566666,36.982816069070665,33.817931743954944,33.88694763183594,206000,0.0,0.0
2022-06-29 00:00:00-04:00,34.20245245210981,34.20245245210981,32.71367620997871,33.53200912475586,212500,0.0,0.0
2022-06-30 00:00:00-04:00,33.295383868371395,34.167944082729875,32.21084143527011,33.4136962890625,171500,0.0,0.0
2022-07-01 00:00:00-04:00,32.53620309887715,34.301046533264234,32.363663380115014,33.82779312133789,617300,0.0,0.0
2022-07-05 00:00:00-04:00,32.970018351645976,34.51302556852794,32.467187768189305,34.508094787597656,348900,0.0,0.0
2022-07-06 00:00:00-04:00,34.51795318207904,35.2869932938242,32.77283281112989,32.93058395385742,239100,0.0,0.0
2022-07-07 00:00:00-04:00,32.841848583741765,33.67990082128625,32.55592346323029,33.24608612060547,431200,0.0,0.0
2022-07-08 00:00:00-04:00,33.177068190865484,33.4629895327113,31.155878750291183,32.526344299316406,546200,0.0,0.0
2022-07-11 00:00:00-04:00,32.30943902023511,32.516486701629546,31.4023689577265,31.520681381225586,279800,0.0,0.0
2022-07-12 00:00:00-04:00,31.431940579099457,32.240417439600215,31.17559641322023,31.39250373840332,615100,0.0,0.0
2022-07-13 00:00:00-04:00,30.948830154591008,31.224895585067518,30.35726433013575,30.909393310546875,279600,0.0,0.0
2022-07-14 00:00:00-04:00,31.04742999394672,31.04742999394672,29.814997863920848,30.672771453857422,340800,0.0,0.0
2022-07-15 00:00:00-04:00,31.993935561435705,32.07280925389198,31.224897314296033,31.72772979736328,248700,0.0,0.0
2022-07-18 00:00:00-04:00,32.35873107009538,33.00945495087837,31.274190641943136,31.372785568237305,174800,0.0,0.0
2022-07-19 00:00:00-04:00,31.80660173160638,33.08833395319592,31.471381975300574,32.634796142578125,989700,0.0,0.0
2022-07-20 00:00:00-04:00,32.506626779693704,35.03064504214615,32.506626779693704,34.94190979003906,605800,0.0,0.0
2022-07-21 00:00:00-04:00,34.113712601015095,34.79401739922881,33.877087788571394,34.360198974609375,237000,0.0,0.0
2022-07-22 00:00:00-04:00,34.340494851663415,34.577119743191254,33.768644468482265,34.547542572021484,313400,0.0,0.0
2022-07-25 00:00:00-04:00,34.8137468235033,35.41517058960716,34.3602089065693,35.198265075683594,310100,0.0,0.0
2022-07-26 00:00:00-04:00,34.6264091779296,35.27713313775053,34.340487806085854,35.22783660888672,325200,0.0,0.0
2022-07-27 00:00:00-04:00,35.494041965432366,36.68703525105479,35.158820307537695,35.98701477050781,328000,0.0,0.0
2022-07-28 00:00:00-04:00,36.006733732756786,36.95324060529295,34.26160957090849,36.746192932128906,607600,0.0,0.0
2022-07-29 00:00:00-04:00,36.78562855245775,37.870167115521326,36.78562855245775,37.11098861694336,300900,0.0,0.0
2022-08-01 00:00:00-04:00,36.6771787172831,37.249025235168226,36.164486530957454,37.03211975097656,237700,0.0,0.0
2022-08-02 00:00:00-04:00,36.76590928761233,37.781431968122966,36.27293652836116,37.29832077026367,299900,0.0,0.0
2022-08-03 00:00:00-04:00,37.54481475148646,38.865978403131706,37.22930866148907,38.55047607421875,278100,0.0,0.0
2022-08-04 00:00:00-04:00,38.37299935824186,38.53568127816785,37.51029699395314,37.89974594116211,246100,0.0,0.0
2022-08-05 00:00:00-04:00,37.58425242320509,38.32962795118925,37.33283895499356,37.69270706176758,200000,0.0,0.0
2022-08-08 00:00:00-04:00,37.899747918032645,38.708223017849846,37.60396498706508,38.61948776245117,213900,0.0,0.0
2022-08-09 00:00:00-04:00,38.28427235242328,38.570193739651046,37.120856155436066,37.889892578125,188500,0.0,0.0
2022-08-10 00:00:00-04:00,38.82653956068779,40.34489295675044,38.49131789951363,40.118125915527344,200700,0.0,0.0
2022-08-11 00:00:00-04:00,40.758990048874274,41.330836524196535,40.37447187802099,40.778709411621094,240800,0.0,0.0
2022-08-12 00:00:00-04:00,41.19281355597389,42.25270602352077,40.832945451859985,42.01115036010742,164100,0.0,0.0
2022-08-15 00:00:00-04:00,42.19846677988605,43.11046561802435,41.92240324256858,42.582984924316406,305600,0.0,0.0
2022-08-16 00:00:00-04:00,42.2083342913302,42.63229121831028,41.43929413297249,42.29706954956055,191500,0.0,0.0
2022-08-17 00:00:00-04:00,41.67591844278509,41.75479213025117,39.9012172223352,39.920936584472656,259500,0.0,0.0
2022-08-18 00:00:00-04:00,40.305446452281416,40.47305535434564,39.42795570363227,40.433616638183594,136900,0.0,0.0
2022-08-19 00:00:00-04:00,39.74347120996169,39.74347120996169,38.323707041701844,38.70822525024414,211700,0.0,0.0
2022-08-22 00:00:00-04:00,38.08708325908053,38.36314685019244,37.332835404018084,37.751861572265625,215600,0.0,0.0
2022-08-23 00:00:00-04:00,38.225115382694305,38.68851106696715,37.23916967902228,37.30818557739258,127800,0.0,0.0
2022-08-24 00:00:00-04:00,37.30817808872638,37.64635592286022,36.8546440587329,37.18000411987305,97100,0.0,0.0
2022-08-25 00:00:00-04:00,37.3279022835974,38.106800236670715,37.02225778324248,37.9786262512207,187300,0.0,0.0
2022-08-26 00:00:00-04:00,38.25468862561176,38.73090203659521,36.302516783949564,36.43069076538086,192000,0.0,0.0
2022-08-29 00:00:00-04:00,36.174339389841265,36.91379852197192,35.582773588570205,35.85883712768555,258600,0.0,0.0
2022-08-30 00:00:00-04:00,36.47998257661166,36.8447813492744,35.90517618412926,36.69689178466797,226100,0.0,0.0
2022-08-31 00:00:00-04:00,37.07155381304254,37.07155381304254,35.65179347402308,35.73067092895508,214800,0.0,0.0
2022-09-01 00:00:00-04:00,35.21797569628632,35.48418144193438,33.433412924830925,33.709476470947266,232200,0.0,0.0
2022-09-02 00:00:00-04:00,34.281831457480145,34.69135534863234,33.0877867410656,33.393699645996094,196100,0.03,0.0
2022-09-06 00:00:00-04:00,33.729216221138735,33.729216221138735,32.63879000254374,33.3443603515625,221100,0.0,0.0
2022-09-07 00:00:00-04:00,33.31475323188233,34.21275150986945,33.107523728743836,33.87723922729492,157300,0.0,0.0
2022-09-08 00:00:00-04:00,33.51212126373531,34.528539778530735,33.265418362033394,34.193023681640625,202000,0.0,0.0
2022-09-09 00:00:00-04:00,34.745628095230416,35.44626327780615,34.656814919665415,35.14035415649414,195500,0.0,0.0
2022-09-12 00:00:00-04:00,35.1403546582068,36.03835288423548,34.666685636559606,35.90019989013672,276200,0.0,0.0
2022-09-13 00:00:00-04:00,34.804839607504064,34.804839607504064,33.699611859307524,34.04499435424805,294200,0.0,0.0
2022-09-14 00:00:00-04:00,34.05487054741552,34.05487054741552,32.88056596453496,33.84764099121094,322300,0.0,0.0
2022-09-15 00:00:00-04:00,33.679870546028546,35.07620566725667,33.63053073416512,35.021934509277344,279200,0.0,0.0
2022-09-16 00:00:00-04:00,34.41998787756976,34.6370838585312,33.58119580242332,34.52853775024414,1084000,0.0,0.0
2022-09-19 00:00:00-04:00,34.11407597140957,35.08115086672124,34.11407597140957,34.498931884765625,178700,0.0,0.0
2022-09-20 00:00:00-04:00,34.05486264107067,34.41998560034383,33.452910798188704,34.38051223754883,212000,0.0,0.0
2022-09-21 00:00:00-04:00,34.69628707556147,35.93473637955564,34.523595841391746,34.96272659301758,281200,0.0,0.0
2022-09-22 00:00:00-04:00,34.87391486585922,34.95779293101985,33.818026973876215,33.867366790771484,295000,0.0,0.0
2022-09-23 00:00:00-04:00,33.20621213606789,33.4331783543257,31.32140023197124,31.88388442993164,318600,0.0,0.0
2022-09-26 00:00:00-04:00,31.60756860741065,33.6206648095369,31.60756860741065,32.68319320678711,361000,0.0,0.0
2022-09-27 00:00:00-04:00,33.30488728534759,33.94631624993132,32.42662567479146,32.94963455200195,234000,0.0,0.0
2022-09-28 00:00:00-04:00,32.68319268384161,33.09765543147688,31.385537041276315,32.7325325012207,400600,0.0,0.0
2022-09-29 00:00:00-04:00,32.14045085363255,32.14045085363255,30.329652620793564,30.561552047729492,364700,0.0,0.0
2022-09-30 00:00:00-04:00,30.502337369969837,31.350995696880815,30.14708469690139,30.196426391601562,231000,0.0,0.0
2022-10-03 00:00:00-04:00,30.837861764641083,31.8937498503114,30.058279715777978,31.439817428588867,238800,0.0,0.0
2022-10-04 00:00:00-04:00,32.00229495731743,33.97591781616211,32.00229495731743,33.97591781616211,396900,0.0,0.0
2022-10-05 00:00:00-04:00,33.1469944961791,34.12393942140318,33.1469944961791,34.05485916137695,214200,0.0,0.0
2022-10-06 00:00:00-04:00,33.93644190653696,34.63707706534866,33.93644190653696,34.222618103027344,213500,0.0,0.0
2022-10-07 00:00:00-04:00,33.60092967648432,33.71934599841847,32.86082107671864,33.3443603515625,261600,0.0,0.0
2022-10-10 00:00:00-04:00,33.46277800882511,34.41011615087572,32.5746461479107,32.78187942504883,175300,0.0,0.0
2022-10-11 00:00:00-04:00,32.712802532846474,33.295021464899605,31.943087007719907,33.10752487182617,135400,0.0,0.0
2022-10-12 00:00:00-04:00,33.15686655122917,33.15686655122917,32.239131509215234,32.42662811279297,172500,0.0,0.0
2022-10-13 00:00:00-04:00,31.804932902749037,34.1732819124052,31.074692648242667,33.87723922729492,163700,0.0,0.0
2022-10-14 00:00:00-04:00,34.518665983104825,34.79497199982034,32.633856159680086,32.71280288696289,212300,0.0,0.0
2022-10-17 00:00:00-04:00,33.76868365482809,34.17327613442774,32.63384916199704,32.80160903930664,168400,0.0,0.0
2022-10-18 00:00:00-04:00,33.66014254943672,34.044998451367604,32.36741806465463,32.42662811279297,376500,0.0,0.0
2022-10-19 00:00:00-04:00,32.07137434866623,32.25886718198673,30.09775131182523,31.03522300720215,292100,0.0,0.0
2022-10-20 00:00:00-04:00,31.13389994182719,31.27205482226575,28.578058181131752,28.91357421875,329200,0.0,0.0
2022-10-21 00:00:00-04:00,28.972785535582684,29.056663607583776,27.90702921686691,28.755685806274414,725700,0.0,0.0
2022-10-24 00:00:00-04:00,29.031995022816286,30.055319217557614,28.35109454631891,28.666873931884766,332200,0.0,0.0
2022-10-25 00:00:00-04:00,28.6668729874364,29.98920053257369,28.6668729874364,29.377378463745117,378600,0.0,0.0
2022-10-26 00:00:00-04:00,29.515527719473447,30.097746574272545,28.883969049397127,29.11093521118164,470300,0.0,0.0
2022-10-27 00:00:00-04:00,31.13389865123867,32.51444983587513,29.4760570944391,29.545133590698242,644100,0.0,0.0
2022-10-28 00:00:00-04:00,29.35764460658646,32.5943853955826,29.199754903815613,32.466102600097656,498300,0.0,0.0
2022-10-31 00:00:00-04:00,32.29833642609144,32.66345558730277,31.62730437801364,32.04176712036133,353800,0.0,0.0
2022-11-01 00:00:00-04:00,32.23912794659742,32.55491107071862,31.42994474892338,31.489152908325195,269900,0.0,0.0
2022-11-02 00:00:00-04:00,31.48915405818763,31.725990468830155,30.068145005300085,30.176694869995117,252600,0.0,0.0
2022-11-03 00:00:00-04:00,29.76223373413086,30.01880494175879,29.022125132886504,29.76223373413086,198300,0.0,0.0
2022-11-04 00:00:00-04:00,30.314851919412458,30.808257723400125,29.5254033859097,30.660236358642578,220600,0.0,0.0
2022-11-07 00:00:00-05:00,30.897066153664838,31.133900677190407,30.255639083842233,30.966142654418945,195400,0.0,0.0
2022-11-08 00:00:00-05:00,31.005620676499102,31.484224906795617,30.5112286049106,30.995752334594727,227900,0.0,0.0
2022-11-09 00:00:00-05:00,30.758917050508707,31.11910305165719,29.821445295819867,30.018808364868164,229400,0.0,0.0
2022-11-10 00:00:00-05:00,31.528633705094293,33.34436733398213,31.321402275024344,33.04832458496094,296100,0.0,0.0
2022-11-11 00:00:00-05:00,33.09765681344884,35.44626534536189,32.87069063251877,34.9429931640625,332100,0.0,0.0
2022-11-14 00:00:00-05:00,34.62721932480616,34.90352536924133,32.70293594469156,32.76214599609375,281300,0.0,0.0
2022-11-15 00:00:00-05:00,33.512115239729816,34.87391606636096,33.512115239729816,33.97591781616211,316900,0.0,0.0
2022-11-16 00:00:00-05:00,33.72920929095717,33.812101075718395,32.25885885186505,32.969364166259766,250200,0.0,0.0
2022-11-17 00:00:00-05:00,32.3082128167067,32.44636583573802,31.360872720251816,31.785200119018555,189600,0.0,0.0
2022-11-18 00:00:00-05:00,32.99896784615379,32.99896784615379,31.558224280888023,31.913476943969727,148300,0.0,0.0
2022-11-21 00:00:00-05:00,31.656915136345727,31.99736254846571,31.39540880557187,31.706254959106445,115700,0.0,0.0
2022-11-22 00:00:00-05:00,31.95295653245719,32.10097599469478,31.331264250775636,31.390472412109375,208100,0.0,0.0
2022-11-23 00:00:00-05:00,31.34113736850783,33.008849538188,31.22765425773997,32.989112854003906,156400,0.0,0.0
2022-11-25 00:00:00-05:00,32.75226897435622,32.77101938473345,31.420075091594114,32.387149810791016,74400,0.0,0.0
2022-11-28 00:00:00-05:00,32.080961813485246,32.080961813485246,30.668529983738438,30.866073608398438,193100,0.03,0.0
2022-11-29 00:00:00-05:00,30.8759516971547,31.92292841084033,30.806811992088054,31.834033966064453,240000,0.0,0.0
2022-11-30 00:00:00-05:00,31.893302140012835,32.989665838922406,30.94509523946285,32.940277099609375,262100,0.0,0.0
2022-12-01 00:00:00-05:00,33.04892405350949,33.8934194423413,32.58963669103974,33.631675720214844,166400,0.0,0.0
2022-12-02 00:00:00-05:00,32.84149859956784,34.00700170843761,32.50567560603196,33.789703369140625,142900,0.0,0.0
2022-12-05 00:00:00-05:00,33.44400697133918,33.7600752475239,32.495802142784996,32.762481689453125,327600,0.0,0.0
2022-12-06 00:00:00-05:00,32.643968643002495,33.039056012726306,32.37728523361378,32.47605895996094,286400,0.0,0.0
2022-12-07 00:00:00-05:00,32.25875305378301,32.97484450663998,32.036518814711954,32.52543640136719,181300,0.0,0.0
2022-12-08 00:00:00-05:00,32.62420497861049,33.15757165157095,31.43894884522452,31.93280792236328,129700,0.0,0.0
2022-12-09 00:00:00-05:00,32.15998092182558,32.17973566116767,31.37968567305372,31.419193267822266,185300,0.0,0.0
2022-12-12 00:00:00-05:00,31.350055702144036,32.46617217627346,30.747549298528217,32.189613342285156,178700,0.0,0.0
2022-12-13 00:00:00-05:00,31.616736345156465,33.40450076891205,30.12528925621899,30.164798736572266,490900,0.0,0.0
2022-12-14 00:00:00-05:00,29.8783584536501,30.653714051238186,29.661061979469526,30.52037239074707,333100,0.0,0.0
2022-12-15 00:00:00-05:00,29.967256110800946,30.12529026969922,28.268387960686603,28.762245178222656,353500,0.0,0.0
2022-12-16 00:00:00-05:00,28.021457448378204,28.357278600287362,27.16214511931693,28.09059715270996,647400,0.0,0.0
2022-12-19 00:00:00-05:00,28.189370881237465,28.97954167572884,27.81403834091723,28.762245178222656,241600,0.0,0.0
2022-12-20 00:00:00-05:00,29.127697016666932,29.996886731327685,28.959785495692632,29.631431579589844,281400,0.0,0.0
2022-12-21 00:00:00-05:00,30.066025713232214,30.737671780962934,30.036393604156224,30.6290225982666,224700,0.0,0.0
2022-12-22 00:00:00-05:00,30.2833243033889,30.2833243033889,29.231407906889913,30.056150436401367,189400,0.0,0.0
2022-12-23 00:00:00-05:00,29.819097690128718,31.162387967236974,29.582046464756672,31.04386329650879,147400,0.0,0.0
2022-12-27 00:00:00-05:00,31.014226478395308,31.014226478395308,29.789461057954924,29.907987594604492,121900,0.0,0.0
2022-12-28 00:00:00-05:00,29.78946629034508,30.322832973078587,29.06843522716746,29.542537689208984,223900,0.0,0.0
2022-12-29 00:00:00-05:00,29.80921707833458,31.09324488043375,29.7302000118041,31.073490142822266,172400,0.0,0.0
2022-12-30 00:00:00-05:00,30.767303228522522,31.04386393913942,29.621554673548633,29.828975677490234,237600,0.0,0.0
2023-01-03 00:00:00-05:00,30.431478586470753,30.8166884639127,29.433886867213385,29.977130889892578,370600,0.0,0.0
2023-01-04 00:00:00-05:00,30.569760509962236,31.261159438723578,30.461111326391826,30.895706176757812,241100,0.0,0.0
2023-01-05 00:00:00-05:00,30.826560705908413,30.826560705908413,29.216587314241444,29.315359115600586,244300,0.0,0.0
2023-01-06 00:00:00-05:00,29.759834761885752,31.620689505069798,29.69069505364229,30.964847564697266,457800,0.0,0.0
2023-01-09 00:00:00-05:00,31.43894750794376,31.537719319170172,30.52037286619463,30.71791648864746,248700,0.0,0.0
2023-01-10 00:00:00-05:00,30.89570577117092,31.853788019437395,30.767301849743227,31.5377197265625,353900,0.0,0.0
2023-01-11 00:00:00-05:00,31.932808904448482,32.095778919672355,31.113004129926235,31.369810104370117,236700,0.0,0.0
2023-01-12 00:00:00-05:00,31.4587038667154,31.740200434743606,30.48086684144987,31.409317016601562,239000,0.0,0.0
2023-01-13 00:00:00-05:00,30.98460067574137,32.150102052106085,30.56976056418252,31.73526382446289,287800,0.0,0.0
2023-01-17 00:00:00-05:00,31.804404281849443,31.804404281849443,31.211775267893323,31.409317016601562,150300,0.0,0.0
2023-01-18 00:00:00-05:00,31.280916342008187,31.429073130996983,30.174675341988,30.322834014892578,219000,0.0,0.0
2023-01-19 00:00:00-05:00,30.036389797178817,30.16479370298453,29.265972014090753,29.670936584472656,242700,0.0,0.0
2023-01-20 00:00:00-05:00,30.066025700787414,30.954968249627214,29.53265904113415,30.461111068725586,327000,0.0,0.0
2023-01-23 00:00:00-05:00,30.559882791067103,31.43401022474073,30.322831571007146,30.91545867919922,212000,0.0,0.0
2023-01-24 00:00:00-05:00,30.13516774408502,30.994478250569504,30.13516774408502,30.322834014892578,303300,0.0,0.0
2023-01-25 00:00:00-05:00,29.927743492792025,30.159856963562312,29.424010841540618,30.066024780273438,303600,0.0,0.0
2023-01-26 00:00:00-05:00,29.16720792490808,31.07349520073674,28.821507496098363,30.10553550720215,540000,0.0,0.0
2023-01-27 00:00:00-05:00,29.97713078259474,33.18720052368368,29.80921926839173,32.683467864990234,810500,0.0,0.0
2023-01-30 00:00:00-05:00,32.31801671336079,32.78223992411431,31.84885010773111,32.278507232666016,272300,0.0,0.0
2023-01-31 00:00:00-05:00,32.38714881122747,33.81933512335031,31.898227580123542,33.80945587158203,275000,0.0,0.0
2023-02-01 00:00:00-05:00,33.58229294633772,34.826811556503074,33.3353643217323,34.2835693359375,297400,0.0,0.0
2023-02-02 00:00:00-05:00,34.77741982594937,36.87137686846922,34.77741982594937,36.59481430053711,338600,0.0,0.0
2023-02-03 00:00:00-05:00,36.03181988319276,37.30597232893552,35.979469634849785,36.3380126953125,232500,0.0,0.0
2023-02-06 00:00:00-05:00,35.81452202976121,35.890579473854245,35.192264678529405,35.57747268676758,247200,0.0,0.0
2023-02-07 00:00:00-05:00,35.31079331266603,36.066394300979084,34.81693606353783,36.01206970214844,265000,0.0,0.0
2023-02-08 00:00:00-05:00,35.46881942247813,35.66636303081007,34.79717341484808,35.14287567138672,173800,0.0,0.0
2023-02-09 00:00:00-05:00,35.182387656938914,35.31079159044246,33.977378589964,34.21442794799805,149100,0.0,0.0
2023-02-10 00:00:00-05:00,33.91810607910156,34.1749101155304,33.28596958835609,33.91810607910156,232200,0.0,0.0
2023-02-13 00:00:00-05:00,33.65142918007204,34.718162536621094,33.65142918007204,34.718162536621094,119600,0.0,0.0
2023-02-14 00:00:00-05:00,34.57000185705561,35.0342288019849,34.0761446876691,34.83668518066406,104100,0.0,0.0
2023-02-15 00:00:00-05:00,34.490978102087375,36.32812711942487,34.253928803751954,36.25898742675781,178900,0.0,0.0
2023-02-16 00:00:00-05:00,35.597220012676395,36.01205816043088,35.053977966308594,35.053977966308594,194200,0.0,0.0
2023-02-17 00:00:00-05:00,34.994720329435786,34.994720329435786,34.20948544828185,34.60951232910156,134200,0.0,0.0
2023-02-21 00:00:00-05:00,34.03663231458341,34.33294583744378,33.42425053162785,33.937862396240234,234900,0.0,0.0
2023-02-22 00:00:00-05:00,34.03663773007645,34.570004416786425,33.92798854191352,34.2934455871582,261400,0.0,0.0
2023-02-23 00:00:00-05:00,34.530494389914466,34.797177729051725,33.99712771163994,34.718162536621094,184100,0.0,0.0
2023-02-24 00:00:00-05:00,34.26380523417207,34.54036778030868,33.740317898712924,34.500858306884766,219300,0.0,0.0
2023-02-27 00:00:00-05:00,34.86663370346723,35.26205682501487,33.986812827016095,34.45143508911133,185600,0.03,0.0
2023-02-28 00:00:00-05:00,34.40199838549247,34.822136988588234,33.79897423398285,34.16474533081055,500700,0.0,0.0
2023-03-01 00:00:00-05:00,33.868177451088044,34.13508999818142,33.05953564757468,33.61115264892578,172000,0.0,0.0
2023-03-02 00:00:00-05:00,33.14653054003303,33.62104053302957,32.45453915716528,33.60127258300781,212400,0.0,0.0
2023-03-03 00:00:00-05:00,33.79898952956302,34.135101318359375,33.49747731736022,34.135101318359375,218700,0.0,0.0
2023-03-06 00:00:00-05:00,34.09555154100274,34.258661627453684,33.215726993346316,33.45298385620117,246800,0.0,0.0
2023-03-07 00:00:00-05:00,33.284920967712765,33.43320695540018,32.40510032747633,32.602813720703125,283000,0.0,0.0
2023-03-08 00:00:00-05:00,32.62258704341694,32.998242131937566,32.3952179498851,32.899383544921875,169600,0.0,0.0
2023-03-09 00:00:00-05:00,32.5039639261798,32.5039639261798,29.444359158503207,30.161067962646484,417100,0.0,0.0
2023-03-10 00:00:00-05:00,29.20216542847825,29.607476295055974,27.254694211202906,28.223485946655273,912800,0.0,0.0
2023-03-13 00:00:00-04:00,26.206815225030937,29.014335353108653,17.107089458745516,28.796850204467773,2040500,0.0,0.0
2023-03-14 00:00:00-04:00,30.6553466123532,30.803630722763607,23.20157880142385,23.62666130065918,1089800,0.0,0.0
2023-03-15 00:00:00-04:00,21.995537536149882,25.979449058568807,21.91645253278963,25.633451461791992,1199400,0.0,0.0
2023-03-16 00:00:00-04:00,25.574134655975485,28.332225417881883,24.219802038860944,27.877487182617188,672100,0.0,0.0
2023-03-17 00:00:00-04:00,27.18549419308869,27.27446505219979,25.43573647795056,25.584020614624023,879100,0.0,0.0
2023-03-20 00:00:00-04:00,26.196931951114905,27.23492284024689,25.267681761502864,25.682878494262695,429700,0.0,0.0
2023-03-21 00:00:00-04:00,26.770294050222642,27.976340595702094,26.460874009282993,27.808284759521484,269900,0.0,0.0
2023-03-22 00:00:00-04:00,27.837946375365817,28.169116108908,25.184642082002274,25.27756690979004,332000,0.0,0.0
2023-03-23 00:00:00-04:00,25.504936660907745,25.949790974687893,23.903464902369564,24.20003318786621,299900,0.0,0.0
2023-03-24 00:00:00-04:00,23.77494813528738,24.763511498676213,23.122496466293555,24.279115676879883,537900,0.0,0.0
2023-03-27 00:00:00-04:00,25.435733495463612,25.49504865160603,24.279114348174723,24.457056045532227,303700,0.0,0.0
2023-03-28 00:00:00-04:00,24.447171041900738,24.625112745486742,23.86391851816214,24.091289520263672,318500,0.0,0.0
2023-03-29 00:00:00-04:00,24.38785776921705,24.38785776921705,23.616777682189344,24.091289520263672,244700,0.0,0.0
2023-03-30 00:00:00-04:00,24.4570555752306,24.951337220369943,23.62172027373765,23.755176544189453,226100,0.0,0.0
2023-03-31 00:00:00-04:00,23.972661089361353,24.20003020592794,23.37952270591965,24.091289520263672,372800,0.0,0.0
2023-04-03 00:00:00-04:00,24.031971343108427,24.343369285265602,23.6068888569492,23.72551727294922,347900,0.0,0.0
2023-04-04 00:00:00-04:00,23.982548578342605,24.03197599468109,22.875356728330924,23.87380599975586,419400,0.0,0.0
2023-04-05 00:00:00-04:00,23.48826651734609,23.952890634715448,23.191696367198272,23.923234939575195,310200,0.0,0.0
2023-04-06 00:00:00-04:00,23.40918442014808,24.832716414761215,23.40918442014808,24.031978607177734,319900,0.0,0.0
2023-04-10 00:00:00-04:00,23.913348409952686,24.753627650213982,23.478379999899488,24.012205123901367,600600,0.0,0.0
2023-04-11 00:00:00-04:00,24.14071842093096,24.906854682553263,24.071519284279724,24.39774513244629,235500,0.0,0.0
2023-04-12 00:00:00-04:00,24.60534514705756,24.86731575922811,23.75518181108699,24.061635971069336,219300,0.0,0.0
2023-04-13 00:00:00-04:00,24.318659644185114,24.43728619446637,23.784834511314394,24.209917068481445,343000,0.0,0.0
2023-04-14 00:00:00-04:00,24.52625725494128,24.872254819634417,22.52936063387939,22.924785614013672,271000,0.0,0.0
2023-04-17 00:00:00-04:00,22.75672619787021,23.70574600156802,22.53429909214893,23.66620445251465,264200,0.0,0.0
2023-04-18 00:00:00-04:00,23.656320074863803,23.855021509378805,22.68752849322106,23.21146583557129,307300,0.0,0.0
2023-04-19 00:00:00-04:00,23.102727002529008,24.941453605755964,22.966304773496603,24.733856201171875,237200,0.0,0.0
2023-04-20 00:00:00-04:00,24.298889874696414,24.625115742462107,23.59701072016893,23.705751419067383,363500,0.0,0.0
2023-04-21 00:00:00-04:00,23.597010944055473,23.626666641520433,23.142270765729116,23.428955078125,257700,0.0,0.0
2023-04-24 00:00:00-04:00,23.231236958043134,23.824375300036305,23.231236958043134,23.547576904296875,223100,0.0,0.0
2023-04-25 00:00:00-04:00,22.86546943360098,23.14226785012405,21.96587693681969,22.04496192932129,366400,0.0,0.0
2023-04-26 00:00:00-04:00,22.08944816034153,22.756729576577087,21.7681661915185,22.193248748779297,227000,0.0,0.0
2023-04-27 00:00:00-04:00,21.64953682858185,23.082954429747826,21.204684455676333,22.825927734375,322500,0.0,0.0
2023-04-28 00:00:00-04:00,23.231238865872342,23.60590409119297,22.680609860965916,23.290552139282227,394600,0.0,0.0
2023-05-01 00:00:00-04:00,23.270779586275495,23.597005380216988,22.242672911105497,22.371185302734375,231900,0.0,0.0
2023-05-02 00:00:00-04:00,22.074622249998168,22.074622249998168,20.83891791024114,21.689083099365234,430700,0.0,0.0
2023-05-03 00:00:00-04:00,21.74839242158556,22.855584138137974,21.39250903313392,21.451824188232422,275500,0.0,0.0
2023-05-04 00:00:00-04:00,20.65108740202696,20.97731322616427,19.72183922753579,20.572002410888672,330000,0.0,0.0
2023-05-05 00:00:00-04:00,21.748397054523945,22.035081375299587,20.878462001978495,21.35297203063965,296100,0.0,0.0
2023-05-08 00:00:00-04:00,21.76816557852514,21.76816557852514,20.441512602825522,20.502803802490234,188300,0.0,0.0
2023-05-09 00:00:00-04:00,20.5522283863759,20.5522283863759,19.73171917801864,20.36440086364746,146600,0.0,0.0
2023-05-10 00:00:00-04:00,20.759833895603837,20.759833895603837,20.00852539502251,20.56212043762207,247000,0.0,0.0
2023-05-11 00:00:00-04:00,19.919550679621278,20.423718203102908,19.652638128566018,19.820693969726562,245200,0.0,0.0
2023-05-12 00:00:00-04:00,19.850351882445906,20.314975975575518,19.306642797176465,20.285320281982422,249600,0.0,0.0
2023-05-15 00:00:00-04:00,20.245776665159188,21.471594975317483,19.791038435736642,21.32331085205078,290700,0.0,0.0
2023-05-16 00:00:00-04:00,21.580335758811604,22.28221664961059,21.244224101617963,21.817590713500977,401300,0.0,0.0
2023-05-17 00:00:00-04:00,22.272331831726333,23.616776637800086,22.059790571346007,23.21146583557129,435200,0.0,0.0
2023-05-18 00:00:00-04:00,23.162038013662677,23.166980000440496,22.242673859132946,22.75672721862793,294100,0.0,0.0
2023-05-19 00:00:00-04:00,23.07307098885488,23.251012710885067,21.74839581989141,22.262449264526367,259500,0.0,0.0
2023-05-22 00:00:00-04:00,22.28222265676263,22.905016845031923,21.995538330765385,22.539247512817383,260000,0.0,0.0
2023-05-23 00:00:00-04:00,22.489815998479465,23.4388359003915,22.28221860201181,22.578786849975586,255700,0.0,0.0
2023-05-24 00:00:00-04:00,22.390959808310406,22.727071502775363,21.965877260279136,22.50958824157715,190200,0.0,0.0
2023-05-25 00:00:00-04:00,22.222903827849425,22.420617253597023,21.392510456565464,21.768165588378906,186000,0.0,0.0
2023-05-26 00:00:00-04:00,21.857135489451604,22.756727954906108,21.55067950433664,22.65787124633789,203900,0.0,0.0
2023-05-30 00:00:00-04:00,22.806157363161045,22.806157363161045,21.827479822273183,22.14381980895996,159200,0.0,0.0
2023-05-31 00:00:00-04:00,22.01530540267994,22.07461867342838,21.303538611559116,21.39250946044922,305600,0.0,0.0
2023-06-01 00:00:00-04:00,21.738506503430546,22.717183933482772,21.412280693413138,22.479928970336914,262600,0.0,0.0
2023-06-02 00:00:00-04:00,23.05329705977674,24.526256227533935,22.638100376644612,24.31865882873535,316600,0.0,0.0
2023-06-05 00:00:00-04:00,24.061632267077403,24.1258894132505,22.48981637815683,22.529359817504883,272000,0.0,0.0
2023-06-06 00:00:00-04:00,22.56895160008403,25.093111877895925,22.564003099156054,24.974327087402344,293400,0.03,0.0
2023-06-07 00:00:00-04:00,25.281189256672967,25.766223575596324,24.8456475035094,25.370275497436523,320800,0.0,0.0
2023-06-08 00:00:00-04:00,25.122809140344543,25.251492833421597,24.281424186008582,25.07331657409668,349600,0.0,0.0
2023-06-09 00:00:00-04:00,25.10300988832268,25.201995007575967,24.37050905533164,24.786252975463867,218700,0.0,0.0
2023-06-12 00:00:00-04:00,24.71696397726754,25.033722819521255,23.78649089621219,24.073551177978516,335500,0.0,0.0
2023-06-13 00:00:00-04:00,24.22202739717695,25.30098180256192,23.91516937642218,25.08321189880371,348800,0.0,0.0
2023-06-14 00:00:00-04:00,25.370274650448042,25.60784424462079,24.32101680960299,24.3408145904541,357800,0.0,0.0
2023-06-15 00:00:00-04:00,24.083449907478254,25.390073278948584,24.083449907478254,25.370275497436523,257400,0.0,0.0
2023-06-16 00:00:00-04:00,25.637539946112042,25.647438836892135,24.746660544127526,25.142606735229492,556300,0.0,0.0
2023-06-20 00:00:00-04:00,25.073313402495376,25.370272538460036,24.746657597726195,25.251489639282227,218700,0.0,0.0
2023-06-21 00:00:00-04:00,25.26139096448131,25.449464220982765,24.73676109313965,24.73676109313965,180100,0.0,0.0
2023-06-22 00:00:00-04:00,24.578383155337672,24.776357194725104,24.05375327257523,24.222030639648438,317200,0.0,0.0
2023-06-23 00:00:00-04:00,23.786490078870198,24.895139380591925,23.736995626459212,24.80605125427246,1430000,0.0,0.0
2023-06-26 00:00:00-04:00,24.825847235209487,25.498956635031814,24.632823604852828,24.657569885253906,248800,0.0,0.0
2023-06-27 00:00:00-04:00,24.746664249084667,25.381169460535293,24.6080835334564,25.06342124938965,175400,0.0,0.0
2023-06-28 00:00:00-04:00,24.79615249231771,25.11291132532896,24.52888999999431,24.96442985534668,226800,0.0,0.0
2023-06-29 00:00:00-04:00,26.11267362128997,26.706593812055935,25.983991825833797,26.221559524536133,242300,0.0,0.0
2023-06-30 00:00:00-04:00,26.637304771810072,26.756089570979828,25.974094205828067,26.043384552001953,249400,0.0,0.0
2023-07-03 00:00:00-04:00,25.776123763225044,26.716495776116552,25.45936490715606,26.419536590576172,111400,0.0,0.0
2023-07-05 00:00:00-04:00,26.18196535389421,26.686795524017903,25.85530953839171,26.20176124572754,223500,0.0,0.0
2023-07-06 00:00:00-04:00,25.409870405901636,25.84541214784563,24.994126444959708,25.726627349853516,297800,0.0,0.0
2023-07-07 00:00:00-04:00,25.89490582790952,26.805583025014244,25.706830676328,26.538318634033203,164100,0.0,0.0
2023-07-10 00:00:00-04:00,26.478925782490847,27.270818134796475,26.478925782490847,26.864973068237305,224600,0.0,0.0
2023-07-11 00:00:00-04:00,27.04314547809449,27.310409817040966,26.612554190694077,27.092639923095703,129100,0.0,0.0
2023-07-12 00:00:00-04:00,27.72615876350692,28.44876079992039,27.707350304575684,28.211193084716797,169700,0.0,0.0
2023-07-13 00:00:00-04:00,28.349773158163725,28.493304239624422,27.94392808425579,28.339874267578125,223600,0.0,0.0
2023-07-14 00:00:00-04:00,28.85460445833601,28.938744081995228,27.437116594522045,27.696460723876953,201600,0.0,0.0
2023-07-17 00:00:00-04:00,27.736056714662514,28.953591921840683,27.716258933727836,28.785314559936523,195500,0.0,0.0
2023-07-18 00:00:00-04:00,28.785312088615196,30.45818667356723,28.706122859695466,29.983051300048828,303300,0.0,0.0
2023-07-19 00:00:00-04:00,30.171129282060722,30.943225801428028,29.88406899010419,30.864036560058594,184500,0.0,0.0
2023-07-20 00:00:00-04:00,30.6561600121593,30.765045914230296,30.02264615579036,30.26021385192871,286600,0.0,0.0
2023-07-21 00:00:00-04:00,30.527480390418607,30.712585681903246,29.64154949584617,29.9632568359375,222000,0.0,0.0
2023-07-24 00:00:00-04:00,29.70589071179193,31.022412940348264,29.70589071179193,30.933324813842773,184900,0.0,0.0
2023-07-25 00:00:00-04:00,31.07190505677042,31.43320605882353,30.636365209046833,30.68585777282715,189000,0.0,0.0
2023-07-26 00:00:00-04:00,32.60619466721701,35.41741511927623,32.48741176812727,35.39761734008789,463500,0.0,0.0
2023-07-27 00:00:00-04:00,36.45678022185891,36.733941597143115,35.29863460534605,35.95194625854492,470200,0.0,0.0
2023-07-28 00:00:00-04:00,36.80323979291842,37.65452565695911,36.08063764173166,37.11009979248047,239300,0.0,0.0
2023-07-31 00:00:00-04:00,36.93191760667141,37.98117359853213,36.73394356683557,37.48624038696289,224300,0.0,0.0
2023-08-01 00:00:00-04:00,37.030906677246094,37.515942937631245,36.72404669406029,37.030906677246094,244000,0.0,0.0
2023-08-02 00:00:00-04:00,36.42707882799958,37.209074105736576,35.97174123945914,37.06059265136719,196200,0.0,0.0
2023-08-03 00:00:00-04:00,36.65474089026097,37.189269496570965,36.21920116069701,36.714134216308594,119900,0.0,0.0
2023-08-04 00:00:00-04:00,36.5953668498333,37.30806818425894,36.486480927285186,36.80323791503906,107800,0.0,0.0
2023-08-07 00:00:00-04:00,36.654743861748926,37.887129988876005,36.654743861748926,37.74359893798828,144900,0.0,0.0
2023-08-08 00:00:00-04:00,36.70424651149841,37.723807655915415,36.031137083327806,37.545631408691406,131500,0.0,0.0
2023-08-09 00:00:00-04:00,37.21897804393962,37.6050291420427,36.60526188517521,37.337764739990234,120300,0.0,0.0
2023-08-10 00:00:00-04:00,37.68420947326228,37.85248870661694,36.54586172587094,37.06059265136719,140000,0.0,0.0
2023-08-11 00:00:00-04:00,36.842825381675716,37.159582299782436,36.2884988869688,36.555763244628906,125200,0.0,0.0
2023-08-14 00:00:00-04:00,36.21921026490709,36.689395275509916,36.0608317983423,36.09052658081055,96000,0.0,0.0
2023-08-15 00:00:00-04:00,35.43721923173457,35.43721923173457,34.23948169708493,34.2691764831543,186200,0.0,0.0
2023-08-16 00:00:00-04:00,34.29887412017801,34.67502065371458,33.972216378061624,34.00191116333008,90000,0.0,0.0
2023-08-17 00:00:00-04:00,34.17019394624459,34.17019394624459,33.3090111003202,33.52677917480469,121000,0.0,0.0
2023-08-18 00:00:00-04:00,33.140723438606436,34.27907119978393,33.08628048974767,33.873226165771484,112000,0.0,0.0
2023-08-21 00:00:00-04:00,33.94251690000955,34.1998804808492,33.120926044791595,33.27930450439453,111200,0.0,0.0
2023-08-22 00:00:00-04:00,33.24960991704219,33.27930469837823,32.01227701416929,32.140960693359375,161700,0.0,0.0
2023-08-23 00:00:00-04:00,32.22015159826726,33.77424159403211,32.180556034747454,33.66535568237305,166200,0.0,0.0
2023-08-24 00:00:00-04:00,33.65545280088209,34.29886737955029,32.90315610561414,32.97244644165039,118100,0.0,0.0
2023-08-25 00:00:00-04:00,33.11102306979764,33.43767693178212,32.10135915595894,32.58639144897461,162200,0.0,0.0
2023-08-28 00:00:00-04:00,32.85366140419616,33.62575969216826,32.85366140419616,32.962547302246094,131800,0.0,0.0
2023-08-29 00:00:00-04:00,32.96254385312586,33.189223304570895,32.29933530864052,32.36862564086914,177100,0.0,0.0
2023-08-30 00:00:00-04:00,32.2696394458376,32.40822389789161,31.64602451575541,31.94298553466797,155800,0.0,0.0
2023-08-31 00:00:00-04:00,31.992474104707217,32.41811685712826,31.655919458049638,32.012271881103516,251800,0.0,0.0
2023-09-01 00:00:00-04:00,32.47794282213733,32.596839786357236,31.417802791560103,32.02218246459961,212400,0.03,0.0
2023-09-05 00:00:00-04:00,31.744772287925016,32.55721619693089,31.517882289406554,32.230255126953125,160800,0.0,0.0
2023-09-06 00:00:00-04:00,32.31942401825663,32.31942401825663,30.22886776463069,30.24868392944336,158000,0.0,0.0
2023-09-07 00:00:00-04:00,30.129787838681896,30.892693150898847,29.54522422436225,30.615272521972656,189200,0.0,0.0
2023-09-08 00:00:00-04:00,30.56573099734597,30.94222863052544,30.030705956236293,30.72425651550293,238900,0.0,0.0
2023-09-11 00:00:00-04:00,30.971954197158936,31.14038780361889,30.16941849097836,30.7143497467041,180700,0.0,0.0
2023-09-12 00:00:00-04:00,30.67471670386062,31.046261248566918,30.48646882851286,30.73416519165039,162800,0.0,0.0
2023-09-13 00:00:00-04:00,30.872876657048668,30.872876657048668,30.209050282949566,30.545917510986328,149100,0.0,0.0
2023-09-14 00:00:00-04:00,31.071032025774603,31.88347578480306,30.71434866238718,31.843843460083008,208500,0.0,0.0
2023-09-15 00:00:00-04:00,31.37818234919917,33.07242683323514,31.37818234919917,32.57703399658203,774600,0.0,0.0
2023-09-18 00:00:00-04:00,32.35905314772796,32.42840782793997,30.833244513743786,30.932321548461914,159000,0.0,0.0
2023-09-19 00:00:00-04:00,30.97195559256779,31.28405356061111,30.139695604301217,30.258590698242188,126400,0.0,0.0
2023-09-20 00:00:00-04:00,30.516189374151104,30.788656869273748,29.95144200202993,29.97125816345215,102800,0.0,0.0
2023-09-21 00:00:00-04:00,29.723564536808894,29.8424596264564,29.257896039383958,29.6343936920166,89800,0.0,0.0
2023-09-22 00:00:00-04:00,29.604670087425614,29.68393285231373,28.98542914618302,29.198448181152344,112800,0.0,0.0
2023-09-25 00:00:00-04:00,29.039922667395157,29.62448626743249,29.039922667395157,29.485776901245117,83800,0.0,0.0
2023-09-26 00:00:00-04:00,29.079553772978972,29.67402542987791,28.544528714837938,28.60397720336914,109200,0.0,0.0
2023-09-27 00:00:00-04:00,28.356277585583747,28.74268326786169,27.895562246049387,28.326553344726562,133600,0.0,0.0
2023-09-28 00:00:00-04:00,28.177938148853247,28.861578734686436,28.177938148853247,28.395910263061523,116500,0.0,0.0
2023-09-29 00:00:00-04:00,28.603980028421592,29.03001623299926,28.544531534018997,28.683242797851562,145500,0.0,0.0
2023-10-02 00:00:00-04:00,28.742686039663848,28.930935803700375,27.732084430339263,27.989688873291016,116200,0.0,0.0
2023-10-03 00:00:00-04:00,27.63300736994709,27.63300736994709,26.44505612873406,26.84037971496582,122600,0.0,0.0
2023-10-04 00:00:00-04:00,26.90973133931068,27.256506607606717,26.336066123482162,27.10788917541504,94400,0.0,0.0
2023-10-05 00:00:00-04:00,28.306743737679554,28.985431331309144,28.059047342509416,28.85167694091797,281100,0.0,0.0
2023-10-06 00:00:00-04:00,28.524717906879502,28.980478369010246,28.029325114246845,28.534624099731445,272700,0.0,0.0
2023-10-09 00:00:00-04:00,28.237388538699545,28.841768336711507,28.1531726729561,28.683242797851562,155000,0.0,0.0
2023-10-10 00:00:00-04:00,28.752592878274204,29.11918241948949,28.698099378689268,28.8615779876709,127900,0.0,0.0
2023-10-11 00:00:00-04:00,29.109279528894213,29.525409548370984,28.584164380588575,28.85167694091797,164900,0.0,0.0
2023-10-12 00:00:00-04:00,28.87149009044017,28.87149009044017,27.969875398361832,28.386005401611328,117500,0.0,0.0
2023-10-13 00:00:00-04:00,28.693145292195233,28.693145292195233,27.900517700057947,27.920333862304688,109100,0.0,0.0
2023-10-16 00:00:00-04:00,27.92033655631634,28.494992088507253,27.92033655631634,28.316650390625,116600,0.0,0.0
2023-10-17 00:00:00-04:00,27.920336058251262,29.18854030541574,27.920336058251262,29.01020050048828,167600,0.0,0.0
2023-10-18 00:00:00-04:00,28.544527149009635,28.544527149009635,28.01941209086929,28.227476119995117,137900,0.0,0.0
2023-10-19 00:00:00-04:00,28.148215882059187,28.376096093337424,27.107891863772718,27.216876983642578,91500,0.0,0.0
2023-10-20 00:00:00-04:00,27.306045804276508,27.306045804276508,26.721482251907652,26.800745010375977,161300,0.0,0.0
2023-10-23 00:00:00-04:00,26.5629561443531,27.94014914055704,26.483693387647158,27.236690521240234,146500,0.0,0.0
2023-10-24 00:00:00-04:00,27.246598014819174,27.464570118619395,26.43415430365009,26.780929565429688,111100,0.0,0.0
2023-10-25 00:00:00-04:00,26.453975655653466,26.90973611387612,25.869412014177616,26.741302490234375,169000,0.0,0.0
2023-10-26 00:00:00-04:00,28.336463116278473,29.119182607836823,27.652820653944655,28.673330307006836,218500,0.0,0.0
2023-10-27 00:00:00-04:00,28.494990678857757,28.494990678857757,27.533929441981357,27.91042709350586,180700,0.0,0.0
2023-10-30 00:00:00-04:00,28.43554614025394,28.901214670062387,27.732087414614085,28.74268913269043,112800,0.0,0.0
2023-10-31 00:00:00-04:00,28.67333643028346,28.748636349211328,28.192804798878083,28.584165573120117,128600,0.0,0.0
2023-11-01 00:00:00-04:00,28.43554692681274,28.594072468569696,27.813333325018622,28.564348220825195,115500,0.0,0.0
2023-11-02 00:00:00-04:00,28.77240990530807,30.377481249828147,28.77240990530807,30.27840232849121,176200,0.0,0.0
2023-11-03 00:00:00-04:00,31.20974396286405,32.08163628105209,31.20974396286405,31.53670310974121,163900,0.0,0.0
2023-11-06 00:00:00-05:00,31.536701161591687,31.536701161591687,30.724257385586274,30.962045669555664,128800,0.0,0.0
2023-11-07 00:00:00-05:00,30.932323589446344,31.090849123183187,30.22886676971078,30.615272521972656,152900,0.0,0.0
2023-11-08 00:00:00-05:00,30.674719659450716,30.674719659450716,29.867230798455445,30.20905113220215,78700,0.0,0.0
2023-11-09 00:00:00-05:00,30.37748360748444,30.37748360748444,29.188540238711433,29.456052780151367,127600,0.0,0.0
2023-11-10 00:00:00-05:00,29.713656846267007,29.797874596245205,29.178633660244873,29.545223236083984,90100,0.0,0.0
2023-11-13 00:00:00-05:00,29.148905746599976,29.78300778053491,28.990380238116245,29.674022674560547,136700,0.0,0.0
2023-11-14 00:00:00-05:00,31.09084540717387,33.151678989213345,31.09084540717387,32.9436149597168,228400,0.0,0.0
2023-11-15 00:00:00-05:00,32.22034502922416,33.56781391878937,32.22034502922416,33.1219596862793,231500,0.0,0.0
2023-11-16 00:00:00-05:00,32.824717409095236,32.824717409095236,31.804205999844744,32.61664962768555,131700,0.0,0.0
2023-11-17 00:00:00-05:00,33.02288292518408,35.00445394894655,32.70582808419904,33.637168884277344,313600,0.0,0.0
2023-11-20 00:00:00-05:00,33.597538788870594,33.597538788870594,32.864355798366546,33.41919708251953,130100,0.0,0.0
2023-11-21 00:00:00-05:00,33.04269184256634,33.171495003869914,32.17080340486346,32.24015808105469,96500,0.0,0.0
2023-11-22 00:00:00-05:00,32.80490633333634,32.80490633333634,31.933014092907605,32.19062042236328,130200,0.0,0.0
2023-11-24 00:00:00-05:00,32.11136229016845,32.51758424947572,32.051913791411074,32.42841339111328,54000,0.0,0.0
2023-11-27 00:00:00-05:00,32.091234048254506,32.130902735464666,31.52596849605961,31.853225708007812,90400,0.03,0.0
2023-11-28 00:00:00-05:00,31.843310064279056,32.13090236874899,31.139206006391795,32.03173065185547,72800,0.0,0.0
2023-11-29 00:00:00-05:00,32.418489622196326,33.529190109875,32.418489622196326,32.874671936035156,162400,0.0,0.0
2023-11-30 00:00:00-05:00,32.993673294610176,33.940739483824636,32.7259153514097,33.32093048095703,172400,0.0,0.0
2023-12-01 00:00:00-05:00,32.98375707873393,35.55224595961084,32.98375707873393,35.4233283996582,291700,0.0,0.0
2023-12-04 00:00:00-05:00,35.04648307284726,36.04809283307318,35.04648307284726,35.60183334350586,149200,0.0,0.0
2023-12-05 00:00:00-05:00,35.552238629466,35.552238629466,35.056391486611446,35.46298599243164,192100,0.0,0.0
2023-12-06 00:00:00-05:00,35.86958333373222,37.218288274193505,35.73074672804012,35.78033447265625,205800,0.0,0.0
2023-12-07 00:00:00-05:00,35.939005588303736,36.37534974867214,35.344977846855635,36.34560012817383,119300,0.0,0.0
2023-12-08 00:00:00-05:00,36.454679698966494,36.930696277596006,36.345596507002874,36.69268798828125,90400,0.0,0.0
2023-12-11 00:00:00-05:00,36.53402172633029,36.69269267848426,36.186930200685325,36.246429443359375,95000,0.0,0.0
2023-12-12 00:00:00-05:00,36.65302276611328,36.940615039444346,35.958835955078015,36.65302276611328,119800,0.0,0.0
2023-12-13 00:00:00-05:00,37.039786085613294,39.39010464898722,36.32576865615794,39.32068634033203,203100,0.0,0.0
2023-12-14 00:00:00-05:00,40.42145866717574,43.95189179502869,40.42145866717574,43.614715576171875,609000,0.0,0.0
2023-12-15 00:00:00-05:00,45.45927370555326,45.73694694078249,43.37671687530583,44.070899963378906,690000,0.0,0.0
2023-12-18 00:00:00-05:00,44.041150331824596,44.44774490462224,41.68091648379692,44.2890739440918,347100,0.0,0.0
2023-12-19 00:00:00-05:00,44.546908658322785,45.151842820800965,44.17006752679027,45.122093200683594,212300,0.0,0.0
2023-12-20 00:00:00-05:00,45.05268056863385,45.328371513259675,42.39493905725707,42.57344436645508,430100,0.0,0.0
2023-12-21 00:00:00-05:00,43.1287919524571,43.34696215221602,42.68252870724614,43.25770950317383,141400,0.0,0.0
2023-12-22 00:00:00-05:00,43.43621722926836,44.28907508267504,43.22796229753348,43.5353889465332,93800,0.0,0.0
2023-12-26 00:00:00-05:00,43.61472539915628,45.082432863853356,43.61472539915628,44.9832649230957,168600,0.0,0.0
2023-12-27 00:00:00-05:00,45.45927595419027,46.22288117185638,45.10226532951371,45.87578582763672,275700,0.0,0.0
2023-12-28 00:00:00-05:00,45.61794808976833,46.17329838492026,45.48902674244452,46.12371063232422,181000,0.0,0.0
2023-12-29 00:00:00-05:00,46.24270888227409,46.82780870366944,45.062590177435105,45.122093200683594,226800,0.0,0.0
2024-01-02 00:00:00-05:00,44.497330594069254,45.59315254877505,44.021317694039645,44.4874153137207,186100,0.0,0.0
2024-01-03 00:00:00-05:00,43.97173580460539,43.97173580460539,42.12718336542344,42.28585433959961,164100,0.0,0.0
2024-01-04 00:00:00-05:00,41.94867355625489,43.133748095312704,41.94867355625489,42.642860412597656,144900,0.0,0.0
2024-01-05 00:00:00-05:00,42.66269552125991,43.31721370430515,41.725544572422734,41.84950637817383,189300,0.0,0.0
2024-01-08 00:00:00-05:00,41.611497691089035,42.03792660187066,41.0105318606579,42.028011322021484,161300,0.0,0.0
2024-01-09 00:00:00-05:00,41.1057347195188,41.685875050879055,40.66938675089446,41.20490264892578,163200,0.0,0.0
2024-01-10 00:00:00-05:00,41.135484997325065,41.83958714317251,40.6198034335594,41.720584869384766,108300,0.0,0.0
2024-01-11 00:00:00-05:00,41.42307332681291,41.42307332681291,39.79669520306767,41.15531539916992,165200,0.0,0.0
2024-01-12 00:00:00-05:00,41.73050417715374,41.973468257608474,40.371880059966514,40.75864028930664,104400,0.0,0.0
2024-01-16 00:00:00-05:00,39.786780641566025,40.86277200482674,38.88433883506662,39.70744705200195,159000,0.0,0.0
2024-01-17 00:00:00-05:00,38.596746733414406,39.5289419509542,38.48766352007696,39.181846618652344,145000,0.0,0.0
2024-01-18 00:00:00-05:00,39.55869136992487,39.79669970464537,38.88433883506662,39.70744705200195,107600,0.0,0.0
2024-01-19 00:00:00-05:00,40.03470348899793,40.55038505182971,39.37027002995436,40.50080108642578,96800,0.0,0.0
2024-01-22 00:00:00-05:00,41.05615440948659,42.494108428959336,41.05615440948659,42.295772552490234,131100,0.0,0.0
2024-01-23 00:00:00-05:00,42.692442657513304,42.692442657513304,41.545054550381735,41.790000915527344,139100,0.0,0.0
2024-01-24 00:00:00-05:00,42.50402522937751,43.33704872844049,42.0180932786682,42.14701461791992,133500,0.0,0.0
2024-01-25 00:00:00-05:00,42.14701081547154,42.61310838093647,39.568606961142336,39.96528244018555,243500,0.0,0.0
2024-01-26 00:00:00-05:00,40.361969347808206,40.70906093059556,39.171935119228735,39.4000244140625,226600,0.0,0.0
2024-01-29 00:00:00-05:00,39.380190225058804,39.538861203964295,38.83475897150961,39.52894592285156,267400,0.0,0.0
2024-01-30 00:00:00-05:00,39.24134255827033,39.82644233779248,38.76532975538996,39.35042953491211,194200,0.0,0.0
2024-01-31 00:00:00-05:00,38.18023868237395,38.469813298068566,35.89934206314668,36.067928314208984,321500,0.0,0.0
2024-02-01 00:00:00-05:00,36.19684586281062,36.603440418442176,34.709304252010185,35.849754333496094,287000,0.0,0.0
2024-02-02 00:00:00-05:00,34.87789712591138,36.58361304161751,34.79856352539801,36.20676803588867,197100,0.0,0.0
2024-02-05 00:00:00-05:00,35.582000221313855,35.81008950557053,34.937397274012646,35.41341018676758,142600,0.0,0.0
2024-02-06 00:00:00-05:00,35.45307568434653,36.514188416173965,35.15556811352824,36.36543273925781,283200,0.0,0.0
2024-02-07 00:00:00-05:00,36.45468918677678,36.995164671734265,34.93739776941719,36.58361053466797,249400,0.0,0.0
2024-02-08 00:00:00-05:00,36.593531007701635,37.38688590409592,36.196851667997215,37.30754852294922,174200,0.0,0.0
2024-02-09 00:00:00-05:00,37.317464168051735,38.428160921241044,36.692695589314035,38.34882354736328,174200,0.0,0.0
2024-02-12 00:00:00-05:00,38.22982532032082,40.19833966782608,38.22982532032082,39.608280181884766,173700,0.0,0.0
2024-02-13 00:00:00-05:00,37.62488978664149,38.32899579076396,37.21829517331009,38.22982406616211,381400,0.0,0.0
2024-02-14 00:00:00-05:00,38.96367957303429,39.19672839634412,38.13065600408345,38.884342193603516,217400,0.0,0.0
2024-02-15 00:00:00-05:00,39.22151794601194,40.6098918026731,38.66418534719067,40.15371322631836,197500,0.0,0.0
2024-02-16 00:00:00-05:00,39.38018836012558,39.66778067796427,38.983512823154555,39.201683044433594,152900,0.0,0.0
2024-02-20 00:00:00-05:00,38.38849248900812,39.47935868898004,38.38849248900812,39.26118469238281,170100,0.0,0.0
2024-02-21 00:00:00-05:00,39.19176047488576,39.32068179735631,38.55707670735946,39.023170471191406,218900,0.0,0.0
2024-02-22 00:00:00-05:00,38.884338199645164,39.3256419241111,38.40832532099699,38.97359085083008,134500,0.0,0.0
2024-02-23 00:00:00-05:00,38.82483378670682,39.63802281904073,38.50749190984546,39.03308868408203,164700,0.0,0.0
2024-02-26 00:00:00-05:00,38.73536161317204,39.27128606586484,37.742910605622455,38.705589294433594,261800,0.03,0.0
2024-02-27 00:00:00-05:00,39.09264232556397,39.48466090523034,38.715509904407725,39.251434326171875,131700,0.0,0.0
2024-02-28 00:00:00-05:00,38.84452718292357,39.29609415457146,38.517020358278685,38.71550750732422,120300,0.0,0.0
2024-02-29 00:00:00-05:00,39.63848737930169,40.25380965998624,39.057904514402296,39.42015075683594,149400,0.0,0.0
2024-03-01 00:00:00-05:00,39.142263537336675,39.142263537336675,37.981097759910774,38.08034133911133,155200,0.0,0.0
2024-03-04 00:00:00-05:00,38.29868321636896,38.75520975553397,37.107741291064585,37.35585403442383,145200,0.0,0.0
2024-03-05 00:00:00-05:00,37.05811825377687,40.144641283149134,37.05811825377687,39.916378021240234,198200,0.0,0.0
2024-03-06 00:00:00-05:00,40.10494111290708,41.68293821089851,39.459846507188026,40.40267562866211,195600,0.0,0.0
2024-03-07 00:00:00-05:00,41.17679095581559,41.3752781140806,39.90645118470025,40.34313201904297,137600,0.0,0.0
2024-03-08 00:00:00-05:00,41.09739183042578,41.12716414609206,39.74765799369094,40.07516860961914,95200,0.0,0.0
2024-03-11 00:00:00-04:00,39.69804261682129,40.05532560611674,39.52932775293197,39.61864471435547,94200,0.0,0.0
2024-03-12 00:00:00-04:00,39.340755279660236,39.340755279660236,38.33838148016211,38.82468032836914,117600,0.0,0.0
2024-03-13 00:00:00-04:00,38.53687246483146,39.53924626527487,38.32845488664624,38.44755172729492,127800,0.0,0.0
2024-03-14 00:00:00-04:00,38.09026799747276,38.383039206466435,37.177211167355445,37.70321273803711,156500,0.0,0.0
2024-03-15 00:00:00-04:00,37.79253145259956,38.80086039910029,37.79253145259956,38.010868072509766,356700,0.0,0.0
2024-03-18 00:00:00-04:00,38.01086887151494,38.541829953795705,37.51563532517778,38.378074645996094,137600,0.0,0.0
2024-03-19 00:00:00-04:00,38.179587904811,39.14127081203427,38.179587904811,38.278831481933594,145400,0.0,0.0
2024-03-20 00:00:00-04:00,38.070416752620524,40.412601459162936,38.070416752620524,39.84690475463867,146000,0.0,0.0
2024-03-21 00:00:00-04:00,40.273655162420944,40.99814378997572,40.15455834092476,40.60116195678711,139300,0.0,0.0
2024-03-22 00:00:00-04:00,40.6011634754912,40.6011634754912,39.474733444475376,39.638484954833984,100800,0.0,0.0
2024-03-25 00:00:00-04:00,39.86674761253812,40.28357892550513,39.59680162559443,39.787353515625,89000,0.0,0.0
2024-03-26 00:00:00-04:00,40.154569059184944,40.442380775775874,39.1819674727504,39.2911376953125,115500,0.0,0.0
2024-03-27 00:00:00-04:00,39.52931516989322,40.99814182484817,39.51938854229467,40.90882110595703,102500,0.0,0.0
2024-03-28 00:00:00-04:00,40.839357047375906,41.345505352949075,40.839357047375906,41.19663619995117,171800,0.0,0.0
2024-04-01 00:00:00-04:00,41.19663623263701,41.19663623263701,39.78735773631136,40.25381088256836,120800,0.0,0.0
2024-04-02 00:00:00-04:00,39.73773333144849,39.936224260570626,38.86933882920127,39.76750564575195,163600,0.0,0.0
2024-04-03 00:00:00-04:00,39.162110368898034,40.06822001094402,38.64603546288437,38.725433349609375,129100,0.0,0.0
2024-04-04 00:00:00-04:00,39.44000987702879,40.49696897572919,39.26136836937512,39.301063537597656,159200,0.0,0.0
2024-04-05 00:00:00-04:00,39.17204237238181,40.035473686537465,39.142266267824624,40.025550842285156,99500,0.0,0.0
2024-04-08 00:00:00-04:00,40.22403655903056,40.99318757430721,40.22403655903056,40.750038146972656,74100,0.0,0.0
2024-04-09 00:00:00-04:00,41.05768810874056,41.33557690426067,40.75995362901837,41.26610565185547,75600,0.0,0.0
2024-04-10 00:00:00-04:00,39.975924818106435,39.975924818106435,37.45510217118073,37.723060607910156,212500,0.0,0.0
2024-04-11 00:00:00-04:00,37.68335945691894,38.179584874952006,37.157357939392234,37.89177322387695,116700,0.0,0.0
2024-04-12 00:00:00-04:00,37.41539825506841,37.881847585802774,37.41539825506841,37.64366149902344,91100,0.0,0.0
2024-04-15 00:00:00-04:00,37.812379553472596,37.86200512952564,36.7107621828334,37.22683334350586,96500,0.0,0.0
2024-04-16 00:00:00-04:00,36.740535548332325,37.087891875217814,36.4328743831623,36.601593017578125,81500,0.0,0.0
2024-04-17 00:00:00-04:00,37.06803545679563,37.1474333371516,36.30385168081568,36.40309524536133,123000,0.0,0.0
2024-04-18 00:00:00-04:00,36.51227066393706,36.919175394253756,36.27408077467613,36.4328727722168,109000,0.0,0.0
2024-04-19 00:00:00-04:00,36.224462464890195,37.69328952970648,36.224462464890195,37.613895416259766,135400,0.0,0.0
2024-04-22 00:00:00-04:00,37.61389257411386,38.22921110395759,37.05117155200794,38.12004089355469,118700,0.0,0.0
2024-04-23 00:00:00-04:00,38.139894452305754,39.415193910081875,38.139894452305754,38.963626861572266,104000,0.0,0.0
2024-04-24 00:00:00-04:00,38.34829767852254,39.65833241020628,38.34829767852254,39.56901168823242,149200,0.0,0.0
2024-04-25 00:00:00-04:00,35.76793313786817,36.81992872163493,32.30427765741931,34.021217346191406,778100,0.0,0.0
2024-04-26 00:00:00-04:00,33.912047807633115,34.7457067733766,32.52261872199397,32.92952346801758,356600,0.0,0.0
2024-04-29 00:00:00-04:00,33.05853813823527,33.70362889893676,32.61193451258075,33.22725296020508,241400,0.0,0.0
2024-04-30 00:00:00-04:00,32.99899518961005,33.75821958597286,32.05616599844118,32.07601547241211,141800,0.0,0.0
2024-05-01 00:00:00-04:00,32.44321886105313,34.279255314739146,32.27450402370943,33.2371826171875,239900,0.0,0.0
2024-05-02 00:00:00-04:00,33.62423493988812,34.60675913445497,33.4406301747279,34.54721450805664,144400,0.0,0.0
2024-05-03 00:00:00-04:00,35.38087824887541,35.73319788547213,34.81518150437928,35.053367614746094,141200,0.0,0.0
2024-05-06 00:00:00-04:00,35.29156234669638,35.38088309679774,34.98390114392492,35.18239212036133,86100,0.0,0.0
2024-05-07 00:00:00-04:00,35.24192991725694,35.365986280193624,34.9154149935059,34.98389434814453,95000,0.0,0.0
2024-05-08 00:00:00-04:00,34.57698719262664,34.83502274355617,34.189931973282604,34.259403228759766,122700,0.0,0.0
2024-05-09 00:00:00-04:00,34.34873047685386,35.321332024097046,33.78402560304334,35.261783599853516,131700,0.0,0.0
2024-05-10 00:00:00-04:00,35.291557932651294,35.291557932651294,34.43804949085652,34.954124450683594,110100,0.0,0.0
2024-05-13 00:00:00-04:00,35.27170989401215,35.41065243002264,34.69509458366846,34.79533386230469,129000,0.0,0.0
2024-05-14 00:00:00-04:00,35.569445997304676,36.214540698043564,35.25682527759909,35.341182708740234,117200,0.0,0.0
2024-05-15 00:00:00-04:00,35.96641881795102,36.10536132482582,35.51981519878247,36.0656623840332,92900,0.0,0.0
2024-05-16 00:00:00-04:00,35.936641693115234,36.20460385696381,35.66372000123375,35.936641693115234,91300,0.0,0.0
2024-05-17 00:00:00-04:00,36.06567273714121,36.502349853515625,35.88206792269378,36.502349853515625,119300,0.0,0.0
2024-05-20 00:00:00-04:00,36.452717961453025,36.452717961453025,35.767928262387294,35.77785110473633,91900,0.0,0.0
2024-05-21 00:00:00-04:00,35.6289933861777,35.90687846226926,35.14269071711724,35.400726318359375,87600,0.0,0.0
2024-05-22 00:00:00-04:00,35.28162745171467,35.509890696085925,34.993815792590205,35.14268493652344,107500,0.0,0.0
2024-05-23 00:00:00-04:00,35.271708964953866,35.271708964953866,33.13793782985309,33.53491973876953,171700,0.0,0.0
2024-05-24 00:00:00-04:00,33.83265422971266,34.06091750195213,33.43567232135702,33.91204833984375,103500,0.0,0.0
2024-05-28 00:00:00-04:00,34.00136770030976,34.12542406839975,33.20740770171377,33.31657791137695,122700,0.0,0.0
2024-05-29 00:00:00-04:00,32.472994538105006,32.860049781914256,32.25465412943324,32.39359664916992,146700,0.0,0.0
2024-05-30 00:00:00-04:00,32.97914817776247,33.554771608193576,32.38367905777887,33.50514602661133,153300,0.0,0.0
2024-05-31 00:00:00-04:00,33.77310005002861,34.73577855283793,33.634157541561166,34.219703674316406,184800,0.0,0.0
2024-06-03 00:00:00-04:00,34.82510689668813,34.82510689668813,33.381088826553714,33.703636169433594,120600,0.0,0.0
2024-06-04 00:00:00-04:00,33.32617102198264,33.3460380470529,32.55137599048019,32.63084030151367,94400,0.03,0.0
2024-06-05 00:00:00-04:00,33.018234116887285,33.018234116887285,32.06463607605996,32.1043701171875,204200,0.0,0.0
2024-06-06 00:00:00-04:00,32.154040225420644,32.50170744954803,31.836175430888158,32.41230773925781,125500,0.0,0.0
2024-06-07 00:00:00-04:00,31.806379516091745,32.36264484881468,31.637513592697957,32.20370864868164,149900,0.0,0.0
2024-06-10 00:00:00-04:00,31.76664286820951,31.970277016041265,31.120979764961078,31.468645095825195,174700,0.0,0.0
2024-06-11 00:00:00-04:00,31.32958170117753,31.697112184035742,30.82298394041125,31.448780059814453,151300,0.0,0.0
2024-06-12 00:00:00-04:00,32.75997121874304,33.663899939909406,32.541437751236685,32.85930633544922,257900,0.0,0.0
2024-06-13 00:00:00-04:00,32.61097505156832,32.79473839093539,32.24344079433947,32.660640716552734,148000,0.0,0.0
2024-06-14 00:00:00-04:00,32.16398018160587,32.432179350415865,31.945446683483407,32.23351287841797,152300,0.0,0.0
2024-06-17 00:00:00-04:00,32.005046068474215,33.11757294785189,31.89577932519427,33.07783889770508,149800,0.0,0.0
2024-06-18 00:00:00-04:00,32.96856927995514,33.3857691916266,32.73017257835481,32.85930633544922,182100,0.0,0.0
2024-06-20 00:00:00-04:00,32.6209063596843,33.35597107792768,32.58117231237442,33.187103271484375,119600,0.0,0.0
2024-06-21 00:00:00-04:00,33.11756920813836,33.266569984739604,32.53150529701912,33.05796813964844,280200,0.0,0.0
2024-06-24 00:00:00-04:00,33.29637406571692,33.802969968305106,33.1076430018601,33.57450485229492,192600,0.0,0.0
2024-06-25 00:00:00-04:00,33.306300001381935,33.62416478587894,33.08777033031969,33.11756896972656,189900,0.0,0.0
2024-06-26 00:00:00-04:00,32.81957756424304,33.783103721064755,32.62885714090824,33.39570617675781,142500,0.0,0.0
2024-06-27 00:00:00-04:00,33.36589902511819,33.932095874640616,33.256632301658264,33.61423110961914,117200,0.0,0.0
2024-06-28 00:00:00-04:00,34.02149820107545,34.97509256970087,33.91223146918661,34.82609558105469,1434300,0.0,0.0
2024-07-01 00:00:00-04:00,34.696959716857485,34.81615805837753,33.68376434081971,33.9420280456543,134400,0.0,0.0
2024-07-02 00:00:00-04:00,33.97182990854287,34.61749105452546,33.72349782410797,34.54795837402344,95100,0.0,0.0
2024-07-03 00:00:00-04:00,34.42875720688761,34.42875720688761,33.35596466064453,33.35596466064453,110500,0.0,0.0
2024-07-05 00:00:00-04:00,33.316233044633556,33.653964827866304,33.04803394125047,33.22683334350586,111600,0.0,0.0
2024-07-08 00:00:00-04:00,33.53476204850299,33.88242923024182,33.21689729272547,33.385765075683594,159700,0.0,0.0
2024-07-09 00:00:00-04:00,33.28643673925052,33.723503709247154,32.82950653356999,33.58443832397461,244500,0.0,0.0
2024-07-10 00:00:00-04:00,33.832769443361556,34.39896637466576,33.02817200923312,34.269832611083984,227300,0.0,0.0
2024-07-11 00:00:00-04:00,35.243292589957434,36.609119194704256,34.77642701068484,36.43528747558594,282400,0.0,0.0
2024-07-12 00:00:00-04:00,36.922015824212984,37.508079747894804,36.097555199955615,37.00148391723633,231800,0.0,0.0
2024-07-15 00:00:00-04:00,37.66701420269394,39.37554040357159,37.43457797532032,38.779544830322266,219000,0.0,0.0
2024-07-16 00:00:00-04:00,39.266274302126924,41.41186370562209,39.13217662220426,41.32246398925781,241200,0.0,0.0
2024-07-17 00:00:00-04:00,40.62713588564955,42.931657629900606,40.62713588564955,42.51445770263672,326200,0.0,0.0
2024-07-18 00:00:00-04:00,42.08732514553355,43.110456020374144,40.71653461995631,41.39199447631836,318100,0.0,0.0
2024-07-19 00:00:00-04:00,41.421796468717446,42.663457011609175,41.421796468717446,41.958194732666016,226200,0.0,0.0
2024-07-22 00:00:00-04:00,41.878726104768496,43.04092232849574,41.07412871911118,42.54425811767578,226000,0.0,0.0
2024-07-23 00:00:00-04:00,42.0773937554697,44.193184415320495,42.02276038757058,43.16012191772461,290700,0.0,0.0
2024-07-24 00:00:00-04:00,43.15018508443226,44.36204696612683,42.46975754368342,42.583988189697266,350500,0.0,0.0
2024-07-25 00:00:00-04:00,44.19318575307196,45.186514233310284,42.58399088682771,44.20311737060547,369800,0.0,0.0
2024-07-26 00:00:00-04:00,44.93818484375219,45.822246638601435,44.65011865756043,45.35538101196289,300800,0.0,0.0
2024-07-29 00:00:00-04:00,45.68317634681866,45.84210874468839,43.42832034693443,43.785919189453125,290900,0.0,0.0
2024-07-30 00:00:00-04:00,44.27264938934829,44.73951498053589,43.54752006448615,44.3620491027832,214800,0.0,0.0
2024-07-31 00:00:00-04:00,44.23291335647475,46.33877233639121,44.03524348652278,44.838844299316406,290900,0.0,0.0
2024-08-01 00:00:00-04:00,44.83883929175198,44.8984403544604,41.91845542548179,42.782649993896484,259200,0.0,0.0
2024-08-02 00:00:00-04:00,40.815872109137786,41.40094334865697,39.92187485817918,40.83573913574219,226800,0.0,0.0
2024-08-05 00:00:00-04:00,38.86894123870391,40.67679861824855,37.74647908901506,39.57420349121094,295800,0.0,0.0
2024-08-06 00:00:00-04:00,39.37554261207922,40.537738971122714,38.7596799799459,39.604007720947266,253800,0.0,0.0
2024-08-07 00:00:00-04:00,40.62713410798023,40.62713410798023,38.55107754766051,38.84907531738281,196600,0.0,0.0
2024-08-08 00:00:00-04:00,39.53447445177802,39.53447445177802,38.76961103446999,39.296077728271484,115500,0.0,0.0
2024-08-09 00:00:00-04:00,39.14707228436476,39.14707228436476,38.21334494791574,38.580875396728516,122500,0.0,0.0
2024-08-12 00:00:00-04:00,38.86894520877919,39.57420753332173,37.816015636199865,38.173614501953125,111200,0.0,0.0
2024-08-13 00:00:00-04:00,38.78946930718742,39.24639941517964,38.233207885021834,39.127201080322266,138000,0.0,0.0
2024-08-14 00:00:00-04:00,39.37553536312593,39.484802088392186,38.173608963690995,38.59080505371094,85400,0.0,0.0
2024-08-15 00:00:00-04:00,39.83246945769948,40.68673253373274,38.71994265110254,39.9516716003418,192400,0.0,0.0
2024-08-16 00:00:00-04:00,39.90199614671865,40.736392073520484,39.59406679764383,40.488059997558594,146100,0.0,0.0
2024-08-19 00:00:00-04:00,40.6271344734095,41.103931667103275,40.26953563082735,41.04433059692383,109600,0.0,0.0
2024-08-20 00:00:00-04:00,40.79599561120034,40.79599561120034,39.99139827213557,40.35893249511719,110200,0.0,0.0
2024-08-21 00:00:00-04:00,40.69666754519418,40.69666754519418,39.76293638312993,40.49800109863281,95600,0.0,0.0
2024-08-22 00:00:00-04:00,40.339076549960474,41.0344073536258,40.32417722668696,40.43840789794922,62100,0.0,0.0
2024-08-23 00:00:00-04:00,40.726464025947365,43.90511563460243,40.68672998089299,42.86212158203125,213600,0.0,0.0
2024-08-26 00:00:00-04:00,43.35879038701066,43.35879038701066,42.20652948266483,42.236328125,122500,0.0,0.0
2024-08-27 00:00:00-04:00,41.85886044346629,41.85886044346629,41.034399797090636,41.75952911376953,142800,0.0,0.0
2024-08-28 00:00:00-04:00,41.50126124939691,42.365459725426675,41.50126124939691,41.838993072509766,92400,0.0,0.0
2024-08-29 00:00:00-04:00,42.44492621468416,43.28925771053514,41.665163496245306,42.683326721191406,131900,0.0,0.0
2024-08-30 00:00:00-04:00,42.8819893075315,42.8819893075315,42.07739565175205,42.70319366455078,112100,0.0,0.0
2024-09-03 00:00:00-04:00,42.18629850583032,42.872176213295575,41.71911067575695,42.275760650634766,150400,0.03,0.0
2024-09-04 00:00:00-04:00,42.1862939983572,42.65348557040618,41.51035870803265,41.82844924926758,107600,0.0,0.0
2024-09-05 00:00:00-04:00,42.32546497775293,42.32546497775293,41.29168103143849,41.55012512207031,92200,0.0,0.0
2024-09-06 00:00:00-04:00,41.74892999989269,41.997435535606336,40.72806883448895,41.34138107299805,158700,0.0,0.0
2024-09-09 00:00:00-04:00,41.39107749860588,41.98749300292492,41.18233377844616,41.281734466552734,166000,0.0,0.0
2024-09-10 00:00:00-04:00,41.391085460595576,41.51036706764712,40.35730142109842,41.4904899597168,93000,0.0,0.0
2024-09-11 00:00:00-04:00,40.9735954014637,41.768812385696464,39.99945412179185,41.48054504394531,208900,0.0,0.0
2024-09-12 00:00:00-04:00,41.838395680394406,43.259847768161876,41.61970957707822,42.91193771362305,160900,0.0,0.0
2024-09-13 00:00:00-04:00,43.62763308120672,45.12860870361328,43.428827885881475,45.12860870361328,249900,0.0,0.0
2024-09-16 00:00:00-04:00,45.08884270668077,46.728976883594214,44.58188931622339,46.520233154296875,269600,0.0,0.0
2024-09-17 00:00:00-04:00,47.206111376837725,48.23989148292759,46.833353087921076,47.693180084228516,309600,0.0,0.0
2024-09-18 00:00:00-04:00,47.77270324612908,50.26769703590301,47.066944676908854,48.239891052246094,248200,0.0,0.0
2024-09-19 00:00:00-04:00,49.462540902421054,49.88003218047098,48.657385381435695,49.42278289794922,159100,0.0,0.0
2024-09-20 00:00:00-04:00,49.86014870344692,49.86014870344692,48.55797837903094,48.597740173339844,447300,0.0,0.0
2024-09-23 00:00:00-04:00,48.95558831585349,49.363137224269124,47.95162766552491,48.32935333251953,170400,0.0,0.0
2024-09-24 00:00:00-04:00,48.23989073188093,48.359176112640355,47.027186362640194,47.21604919433594,212600,0.0,0.0
2024-09-25 00:00:00-04:00,47.176286156293926,47.176286156293926,45.605733269990964,45.625614166259766,194800,0.0,0.0
2024-09-26 00:00:00-04:00,46.490414032145495,46.63951507188156,45.620644695391626,45.91387939453125,118600,0.0,0.0
2024-09-27 00:00:00-04:00,46.490413424966114,47.27569178309089,46.212088454245766,47.15640640258789,176100,0.0,0.0
2024-09-30 00:00:00-04:00,46.748862442449514,48.18820842586578,46.748862442449514,47.086830139160156,155700,0.0,0.0
2024-10-01 00:00:00-04:00,46.70910244764435,46.70910244764435,44.92980189096746,45.74489974975586,157000,0.0,0.0
2024-10-02 00:00:00-04:00,45.963588264513355,46.3015559646897,45.4466962647205,45.66537857055664,108200,0.0,0.0
2024-10-03 00:00:00-04:00,45.098786695589695,46.02322765607824,45.098786695589695,45.993408203125,127300,0.0,0.0
2024-10-04 00:00:00-04:00,46.96754302877876,47.18622909861491,46.56496530193794,46.798561096191406,96400,0.0,0.0
2024-10-07 00:00:00-04:00,46.311489325810356,46.371132016293295,45.158423853060334,45.64549255371094,90300,0.0,0.0
2024-10-08 00:00:00-04:00,45.82441780722909,46.50333736629106,45.71507856019314,46.271728515625,135500,0.0,0.0
2024-10-09 00:00:00-04:00,46.003342403131185,47.26575094789483,46.003342403131185,46.480472564697266,141700,0.0,0.0
2024-10-10 00:00:00-04:00,45.97352465421682,46.06795797231792,45.01031542688768,45.07890319824219,142600,0.0,0.0
2024-10-11 00:00:00-04:00,45.3274065623597,47.05700669696963,45.3274065623597,46.96754455566406,161700,0.0,0.0
2024-10-14 00:00:00-04:00,46.947666503899555,48.463551825703874,46.77868455557705,48.031150817871094,137100,0.0,0.0
2024-10-15 00:00:00-04:00,48.34923710759354,49.7508081972245,48.259774961791834,48.54804229736328,154600,0.0,0.0
2024-10-16 00:00:00-04:00,49.2736757319953,49.99931141789613,48.8661268182183,49.56194305419922,115500,0.0,0.0
2024-10-17 00:00:00-04:00,49.75080644278513,49.99931197326047,48.94565095085684,49.91979217529297,175800,0.0,0.0
2024-10-18 00:00:00-04:00,49.89991120499748,49.89991120499748,48.88600818711068,49.04505157470703,179600,0.0,0.0
2024-10-21 00:00:00-04:00,49.26374130206931,49.26374130206931,47.176292419433594,47.176292419433594,240900,0.0,0.0
2024-10-22 00:00:00-04:00,47.057005954468856,47.295572924817236,45.93375992955418,46.490413665771484,146800,0.0,0.0
2024-10-23 00:00:00-04:00,46.16238561469556,46.818440058339654,45.57591241568846,46.36119079589844,141400,0.0,0.0
2024-10-24 00:00:00-04:00,45.57591413821958,45.57591413821958,41.53024428419361,41.57994842529297,356300,0.0,0.0
2024-10-25 00:00:00-04:00,41.95767336195414,41.95767336195414,39.18435069831278,39.41297912597656,261900,0.0,0.0
2024-10-28 00:00:00-04:00,39.69130213117517,40.82945787277532,39.69130213117517,40.60580062866211,285400,0.0,0.0
2024-10-29 00:00:00-04:00,40.22807596327943,40.40700024624487,39.035248674140966,39.60184097290039,227000,0.0,0.0
2024-10-30 00:00:00-04:00,39.27380582483041,40.8145428906038,38.97162609262521,39.770816802978516,152100,0.0,0.0
2024-10-31 00:00:00-04:00,39.68135800662276,39.99944854788375,39.33345180946829,39.47261428833008,224200,0.0,0.0
2024-11-01 00:00:00-04:00,39.989512072945416,41.003415157317235,39.89011137113971,40.814552307128906,228600,0.0,0.0
2024-11-04 00:00:00-05:00,40.40699796833221,40.605799345403504,39.974597010226425,40.58592224121094,202100,0.0,0.0
2024-11-05 00:00:00-05:00,40.64556454487168,42.047135605319205,40.51137322491005,42.00737380981445,157700,0.0,0.0
2024-11-06 00:00:00-05:00,45.725015370963504,49.8700855964399,45.705134474470675,49.18421173095703,642900,0.0,0.0
2024-11-07 00:00:00-05:00,48.42875270726886,48.51821483830517,45.466567623467775,46.01327896118164,336100,0.0,0.0
2024-11-08 00:00:00-05:00,46.12262487046438,47.1067045814906,45.875112832727595,46.231964111328125,188400,0.0,0.0
2024-11-11 00:00:00-05:00,47.09676471603708,48.50330300285269,47.00034445804669,47.78263854980469,187700,0.0,0.0
2024-11-12 00:00:00-05:00,47.68323987717731,49.00528725754657,47.68323987717731,48.24983215332031,313600,0.0,0.0
2024-11-13 00:00:00-05:00,48.67726312184055,49.36313700112937,47.85222296430064,48.18025207519531,284200,0.0,0.0
2024-11-14 00:00:00-05:00,48.597737086066005,48.69714156552338,47.385028979938205,48.259769439697266,277200,0.0,0.0
2024-11-15 00:00:00-05:00,48.717021495199184,48.89594577670723,47.42479352244703,47.60371780395508,238500,0.0,0.0
2024-11-18 00:00:00-05:00,47.0570087551037,48.07588297609674,46.91784626074035,47.49437713623047,316800,0.0,0.0
2024-11-19 00:00:00-05:00,46.351253905253635,47.26078129044913,45.69519943808474,45.77471923828125,256600,0.0,0.0
2024-11-20 00:00:00-05:00,45.774719200818446,46.112686883137556,44.78069705186737,45.74489974975586,184600,0.0,0.0
2024-11-21 00:00:00-05:00,45.953643034711384,47.514257489717885,45.953643034711384,47.13652801513672,192400,0.0,0.0
2024-11-22 00:00:00-05:00,47.21604961390265,48.001327980693546,47.06694478257508,47.48443603515625,200800,0.0,0.0
2024-11-25 00:00:00-05:00,48.269710728721364,49.860144446350944,47.87707157520495,48.38899230957031,318500,0.0,0.0
2024-11-26 00:00:00-05:00,47.84228570736573,48.26971552240687,47.414855892324596,48.20013427734375,127200,0.0,0.0
2024-11-27 00:00:00-05:00,48.43870084039458,48.98541228625311,47.862169942256386,47.90192794799805,125900,0.0,0.0
2024-11-29 00:00:00-05:00,48.54804403453526,48.54804403453526,46.82838609649643,47.11665344238281,116100,0.0,0.0
2024-12-02 00:00:00-05:00,47.156438116344276,47.43493938508633,46.62927391642675,46.81825637817383,108900,0.03,0.0
2024-12-03 00:00:00-05:00,46.798357716697566,46.997288798513196,45.63461714866255,45.674400329589844,115500,0.0,0.0
2024-12-04 00:00:00-05:00,45.43568321836513,46.78840993675167,45.43568321836513,46.758567810058594,179500,0.0,0.0
2024-12-05 00:00:00-05:00,46.8182483896066,47.643811001505654,45.18702044651812,45.326271057128906,186100,0.0,0.0
2024-12-06 00:00:00-05:00,45.73407710285756,46.25129635613397,45.206913003725326,46.171722412109375,98900,0.0,0.0
2024-12-09 00:00:00-05:00,46.25129903917627,46.65910604022302,44.85878529232189,45.057716369628906,177100,0.0,0.0
2024-12-10 00:00:00-05:00,45.05771720734332,45.366060572616654,43.993440287402656,44.1923713684082,200100,0.0,0.0
2024-12-11 00:00:00-05:00,44.878678075227825,46.00760973951001,44.2122633401459,44.968196868896484,191600,0.0,0.0
2024-12-12 00:00:00-05:00,44.56039572270237,45.39590330850345,44.21226914290823,44.25205612182617,111900,0.0,0.0
2024-12-13 00:00:00-05:00,43.864136442250235,44.41119788761777,43.476222904113214,43.95365524291992,133100,0.0,0.0
2024-12-16 00:00:00-05:00,43.79451383024099,44.45098381086332,43.585637880564605,44.301788330078125,122800,0.0,0.0
2024-12-17 00:00:00-05:00,43.824351540411506,44.44103447955614,42.655632856882235,42.760074615478516,135600,0.0,0.0
2024-12-18 00:00:00-05:00,43.09825732926472,43.376758573946596,39.358365042675786,39.96510314941406,197300,0.0,0.0
2024-12-19 00:00:00-05:00,40.90007383396895,41.218362051019696,38.38360643219437,38.44328689575195,230200,0.0,0.0
2024-12-20 00:00:00-05:00,38.06532215886951,39.805962686207366,37.62767676365657,38.960506439208984,558600,0.0,0.0
2024-12-23 00:00:00-05:00,38.94061340469596,39.13954069818457,38.30403316492972,39.02018356323242,137500,0.0,0.0
2024-12-24 00:00:00-05:00,38.82125154690557,39.557295415811105,38.81628102069368,39.38820266723633,66700,0.0,0.0
2024-12-26 00:00:00-05:00,38.900830477434546,39.726389455369755,38.4631812798973,39.5473518371582,84900,0.0,0.0
2024-12-27 00:00:00-05:00,39.08980669661119,39.65675779891031,38.562642568510704,39.22905731201172,207700,0.0,0.0
2024-12-30 00:00:00-05:00,38.73172877135804,39.63686150158284,38.532801503058074,39.358360290527344,135500,0.0,0.0
2024-12-31 00:00:00-05:00,39.626920336825606,39.92531506128783,39.050020581143144,39.338470458984375,106300,0.0,0.0
2025-01-02 00:00:00-05:00,39.76617069334004,40.0048887479142,38.25429979915632,38.3338737487793,103800,0.0,0.0
2025-01-03 00:00:00-05:00,38.38360387875349,38.73173040727674,37.34916534500641,38.6024284362793,114400,0.0,0.0
2025-01-06 00:00:00-05:00,38.72178446750702,40.42263767761556,38.543740993250374,39.42798614501953,138500,0.0,0.0
2025-01-07 00:00:00-05:00,39.62692535985562,39.78606948602792,37.87136565087188,38.502967834472656,133400,0.0,0.0
2025-01-08 00:00:00-05:00,38.22446340082884,38.36371402542574,37.76692455021187,38.095157623291016,95400,0.0,0.0
2025-01-10 00:00:00-05:00,37.04082483029687,37.54809544362178,35.82734874350757,36.553443908691406,184100,0.0,0.0
2025-01-13 00:00:00-05:00,36.195370566915166,37.309379279584995,35.86713751693601,37.269596099853516,180200,0.0,0.0
2025-01-14 00:00:00-05:00,37.597828634688526,39.23104860914458,37.50333931553938,39.1395378112793,160400,0.0,0.0
2025-01-15 00:00:00-05:00,40.91002066964363,40.928916257119035,39.497613448803875,40.164031982421875,116600,0.0,0.0
2025-01-16 00:00:00-05:00,39.77612273260536,40.12424930621242,39.53243033678534,39.73633575439453,174900,0.0,0.0
2025-01-17 00:00:00-05:00,40.29333613715314,40.66633050095198,40.06954103659179,40.442535400390625,151000,0.0,0.0
2025-01-21 00:00:00-05:00,40.73098668592177,41.270087709472485,40.61660007426806,41.10895538330078,209400,0.0,0.0
2025-01-22 00:00:00-05:00,40.790658892725276,41.332745967109524,40.4325875175724,40.541996002197266,275800,0.0,0.0
2025-01-23 00:00:00-05:00,37.79676463198015,38.0653210465228,34.37018982612451,34.8824348449707,427900,0.0,0.0
2025-01-24 00:00:00-05:00,34.54425273600778,35.31013499257049,34.464682573846694,34.83270263671875,284300,0.0,0.0
2025-01-27 00:00:00-05:00,34.832698807109715,35.827350387686366,34.62979131132687,35.79751205444336,301900,0.0,0.0
2025-01-28 00:00:00-05:00,35.40960386871847,36.30479203946462,35.379765527792145,36.00639724731445,168700,0.0,0.0
2025-01-29 00:00:00-05:00,35.68810422519178,36.19537492507267,35.076391757343075,35.38970947265625,202300,0.0,0.0
2025-01-30 00:00:00-05:00,35.73783107112334,35.82734986383812,34.75312435126065,35.250450134277344,215600,0.0,0.0
2025-01-31 00:00:00-05:00,35.111199929140874,35.92681391919957,35.021681135388356,35.30018615722656,223600,0.0,0.0
2025-02-03 00:00:00-05:00,34.196124872641164,34.81280783473968,33.69382472576591,34.176231384277344,200400,0.0,0.0
2025-02-04 00:00:00-05:00,33.85794630194775,35.230562977811225,33.85794630194775,35.08136749267578,155300,0.0,0.0
2025-02-05 00:00:00-05:00,35.36981276348554,35.36981276348554,34.59398192436394,34.981895446777344,196900,0.0,0.0
2025-02-06 00:00:00-05:00,35.06147312152651,35.80746191134622,34.65366606819688,35.45933532714844,354200,0.0,0.0
2025-02-07 00:00:00-05:00,35.369813791982374,35.37975863892288,34.50446413065664,35.111202239990234,211300,0.0,0.0
2025-02-10 00:00:00-05:00,35.30018676276707,35.68810027758406,34.76307399103828,34.89237976074219,173800,0.0,0.0
2025-02-11 00:00:00-05:00,34.38510282918579,36.03622420475942,34.38510282918579,36.01633071899414,187900,0.0,0.0
2025-02-12 00:00:00-05:00,35.20071708327587,35.57868572754715,34.454728434850544,34.61387252807617,213600,0.0,0.0
2025-02-13 00:00:00-05:00,34.73323440551758,34.83270184883793,34.23093804535604,34.73323440551758,145100,0.0,0.0
2025-02-14 00:00:00-05:00,35.11120306199931,35.469278268959286,33.45013660051775,33.748531341552734,279000,0.0,0.0
2025-02-18 00:00:00-05:00,33.65901129685534,34.06184399266204,33.251204280498165,33.589385986328125,206200,0.0,0.0
2025-02-19 00:00:00-05:00,33.32082716456714,33.593359961028256,32.98463369372139,33.28104019165039,205600,0.0,0.0
2025-02-20 00:00:00-05:00,33.13184382522069,33.2114139745755,32.634518060296124,32.68424987792969,193300,0.0,0.0
2025-02-21 00:00:00-05:00,33.241253097286354,33.241253097286354,31.689599102147906,31.81890296936035,197700,0.0,0.0
2025-02-24 00:00:00-05:00,32.20681836529224,32.26649503015476,31.689599102147906,31.81890296936035,190800,0.0,0.0
2025-02-25 00:00:00-05:00,32.15739929790343,32.50087738689623,31.709387123765975,32.127532958984375,169100,0.03,0.0
2025-02-26 00:00:00-05:00,32.04789021796489,32.23705386018638,31.112041380468774,31.45054054260254,169900,0.0,0.0
2025-02-27 00:00:00-05:00,31.350981110855887,31.79899525888154,31.256401190240815,31.50031852722168,138600,0.0,0.0
2025-02-28 00:00:00-05:00,31.749213854303058,31.93837748743266,31.29124553867974,31.669567108154297,266600,0.0,0.0
2025-03-03 00:00:00-05:00,31.709391911719713,31.85872932564804,30.962702943149836,31.072216033935547,199300,0.0,0.0
2025-03-04 00:00:00-05:00,30.723763806595105,30.96270405726373,29.852626645251267,30.08658790588379,226200,0.0,0.0
2025-03-05 00:00:00-05:00,29.90738323568863,30.265792651365256,29.524082668442468,29.91733741760254,296900,0.0,0.0
2025-03-06 00:00:00-05:00,29.54897136957492,29.947205101187475,29.379721796273557,29.419544219970703,288600,0.0,0.0
2025-03-07 00:00:00-05:00,29.2801636521926,29.42950106807563,28.43391576361773,28.832149505615234,276000,0.0,0.0
2025-03-10 00:00:00-04:00,28.135241238495144,28.553387146881928,27.478155082305666,27.88634490966797,307300,0.0,0.0
2025-03-11 00:00:00-04:00,27.876389448536635,28.1551540266362,27.448287449605573,27.49806785583496,335300,0.0,0.0
2025-03-12 00:00:00-04:00,27.78678421907331,28.384135749793828,27.5578000669577,28.095415115356445,285500,0.0,0.0
2025-03-13 00:00:00-04:00,28.234798573409087,28.234798573409087,27.458241387210787,27.55780029296875,159200,0.0,0.0
2025-03-14 00:00:00-04:00,27.906254992225932,28.503604617755805,27.617534360815434,28.493650436401367,413100,0.0,0.0
2025-03-17 00:00:00-04:00,28.503607213818686,28.742549364506882,28.110352450944408,28.2447566986084,218900,0.0,0.0
2025-03-18 00:00:00-04:00,28.23479839095255,28.433914302253587,27.886343172515527,28.16510772705078,240400,0.0,0.0
2025-03-19 00:00:00-04:00,28.145197623918857,28.204932211783508,26.383011141021072,27.418420791625977,1119900,0.0,0.0
2025-03-20 00:00:00-04:00,26.900714007406258,27.96101093523799,26.900714007406258,27.279035568237305,411700,0.0,0.0
2025-03-21 00:00:00-04:00,27.09983015674803,27.61753494889742,26.89075816314627,27.219301223754883,490100,0.0,0.0
2025-03-24 00:00:00-04:00,27.886342828686068,27.967979648709516,27.48810911206592,27.60757827758789,1235100,0.0,0.0
2025-03-25 00:00:00-04:00,27.667315438197008,28.145195909867756,27.57771261239272,27.836563110351562,1373600,0.0,0.0
2025-03-26 00:00:00-04:00,27.627492362206134,28.209908857275174,26.860891217494025,27.12969970703125,360700,0.0,0.0
2025-03-27 00:00:00-04:00,27.159566844122807,27.86643147420476,26.850934043252355,27.56775665283203,296400,0.0,0.0
2025-03-28 00:00:00-04:00,27.35868208247672,27.83656254443212,26.223715510600606,26.452699661254883,304400,0.0,0.0
2025-03-31 00:00:00-04:00,26.08433664810319,26.721510657570565,25.944953409335948,26.54230499267578,348000,0.0,0.0
2025-04-01 00:00:00-04:00,26.29340794536336,26.736443105498807,26.06442377928207,26.72150993347168,256300,0.0,0.0
2025-04-02 00:00:00-04:00,26.313320866969008,27.169524867902688,26.26354046056104,27.159568786621094,400000,0.0,0.0
2025-04-03 00:00:00-04:00,25.785658023630937,25.98477583651045,24.49139793669868,24.630779266357422,458700,0.0,0.0
2025-04-04 00:00:00-04:00,23.40621041627748,24.342061121397286,22.893484599135324,24.242502212524414,540100,0.0,0.0
2025-04-07 00:00:00-04:00,23.43607822656635,25.45213802363027,22.968151933168695,23.475900650024414,534900,0.0,0.0
2025-04-08 00:00:00-04:00,24.471487984427366,24.541178655547032,22.6993453664159,23.067712783813477,614700,0.0,0.0
2025-04-09 00:00:00-04:00,22.71925742965068,25.994734149337283,22.579876088022605,25.596498489379883,544000,0.0,0.0
2025-04-10 00:00:00-04:00,24.86971860907016,24.889630769428454,22.659520080359037,23.64514923095703,454100,0.0,0.0
2025-04-11 00:00:00-04:00,23.23696143679791,23.724798013964772,22.759080940666482,23.3763427734375,321300,0.0,0.0
2025-04-14 00:00:00-04:00,23.87413486162346,23.87413486162346,22.868593488191607,23.356430053710938,374400,0.0,0.0
2025-04-15 00:00:00-04:00,23.376342445936825,24.250466599747913,23.376342445936825,23.77457618713379,370400,0.0,0.0
2025-04-16 00:00:00-04:00,23.68497581229348,24.05334131944003,23.465945825303123,23.79448890686035,266500,0.0,0.0
2025-04-17 00:00:00-04:00,23.71484339241161,24.212636081249563,23.675020964747343,24.11307716369629,290800,0.0,0.0
2025-04-21 00:00:00-04:00,23.764623050974002,23.839290812587183,23.306652804247435,23.675020217895508,231000,0.0,0.0
2025-04-22 00:00:00-04:00,23.963737445506126,24.879675981346427,23.874134618168515,24.849807739257812,338700,0.0,0.0
2025-04-23 00:00:00-04:00,25.735880685426338,26.691641673105753,24.352015810989126,24.670604705810547,879000,0.0,0.0
2025-04-24 00:00:00-04:00,25.13852865204544,26.81111224836649,24.192721863981344,26.293407440185547,777700,0.0,0.0
2025-04-25 00:00:00-04:00,25.835440279691316,26.686665287906226,25.765747710934157,26.472614288330078,530700,0.0,0.0
2025-04-28 00:00:00-04:00,26.492525608454127,27.099831354029433,26.23367320094323,26.92062759399414,434100,0.0,0.0
2025-04-29 00:00:00-04:00,26.860890670372967,27.01022808409797,26.06442319788746,26.631906509399414,518300,0.0,0.0
2025-04-30 00:00:00-04:00,25.94495232745516,26.183892571041834,25.477027921130617,26.024599075317383,251700,0.0,0.0
2025-05-01 00:00:00-04:00,26.193848412724186,26.736442470996447,25.82647795772022,26.56221580505371,295100,0.0,0.0
2025-05-02 00:00:00-04:00,27.03014162888871,27.2491716192271,26.59208354714028,27.159568786621094,322000,0.0,0.0
2025-05-05 00:00:00-04:00,26.701598363109728,27.76687436702258,26.701598363109728,26.811113357543945,263400,0.0,0.0
2025-05-06 00:00:00-04:00,26.39296623145753,26.62692938196039,25.586542679305882,25.60645294189453,398300,0.0,0.0
2025-05-07 00:00:00-04:00,25.984775089096008,25.984775089096008,25.417291807318882,25.696054458618164,334000,0.0,0.0
2025-05-08 00:00:00-04:00,26.18389257020432,26.582128208430966,25.55667466817539,26.50248146057129,279000,0.0,0.0
2025-05-09 00:00:00-04:00,26.66177658953108,27.069966434682755,26.29340917128455,27.040098190307617,257300,0.0,0.0
2025-05-12 00:00:00-04:00,28.50360512827083,29.190559488647686,28.334355558291843,28.443870544433594,377200,0.0,0.0
2025-05-13 00:00:00-04:00,28.593210089464673,29.041224249032016,28.38413808095213,28.862018585205078,196200,0.0,0.0
2025-05-14 00:00:00-04:00,28.662902649298804,28.961577489635218,28.165109982785896,28.3144474029541,189900,0.0,0.0
2025-05-15 00:00:00-04:00,28.105371475219727,28.404048193014074,27.88634340131309,28.105371475219727,317600,0.0,0.0
2025-05-16 00:00:00-04:00,28.02572587988216,28.404049358154946,27.896300626111955,28.214887619018555,170400,0.0,0.0
2025-05-19 00:00:00-04:00,27.62749120260909,28.065549252476483,27.62749120260909,27.9759464263916,159700,0.0,0.0
2025-05-20 00:00:00-04:00,27.926166062813664,28.06554929187928,27.712115077857955,28.045637130737305,229500,0.0,0.0
2025-05-21 00:00:00-04:00,27.52793436561027,27.642426452231472,26.7215107691449,26.751379013061523,199900,0.0,0.0
2025-05-22 00:00:00-04:00,26.532346103928322,27.11974154384975,26.3730526184169,26.850933074951172,204300,0.0,0.0
2025-05-23 00:00:00-04:00,26.074380979586437,27.149613087047303,26.074380979586437,26.831026077270508,365500,0.0,0.0
2025-05-27 00:00:00-04:00,27.33877293054294,27.93612452319158,26.84098025315713,27.92616844177246,211700,0.0,0.0
2025-05-28 00:00:00-04:00,27.796741607035912,28.105372517837232,27.48313170634281,27.52793312072754,244100,0.0,0.0
2025-05-29 00:00:00-04:00,27.697184199452362,27.796743114476282,27.224280777285006,27.786787033081055,161400,0.0,0.0
2025-05-30 00:00:00-04:00,27.647406290742502,27.65238338208383,27.20038715136961,27.328819274902344,261300,0.0,0.0
2025-06-02 00:00:00-04:00,27.219301183840905,27.318860089712594,26.65181788897892,27.14961051940918,186700,0.0,0.0
2025-06-03 00:00:00-04:00,27.13964472527348,27.717720088280824,26.890474277407908,27.618051528930664,154300,0.03,0.0
2025-06-04 00:00:00-04:00,27.528352036528688,27.65293726100407,27.25924749541715,27.418716430664062,179400,0.0,0.0
2025-06-05 00:00:00-04:00,27.458581699790688,27.478515791215205,27.079843467822776,27.17951202392578,173700,0.0,0.0
2025-06-06 00:00:00-04:00,27.61805311855439,28.156262229411386,27.338983417534994,28.11639404296875,196600,0.0,0.0
2025-06-09 00:00:00-04:00,28.45526198922631,28.784166876666415,28.136324146983725,28.465229034423828,188100,0.0,0.0
2025-06-10 00:00:00-04:00,28.684502096026073,29.456930089485656,28.564899446881157,29.242643356323242,251000,0.0,0.0
2025-06-11 00:00:00-04:00,29.312410097949744,29.451944934540325,28.943638915240474,29.083173751831055,300100,0.0,0.0
2025-06-12 00:00:00-04:00,28.8140694634227,28.8140694634227,28.415397140541124,28.634666442871094,179700,0.0,0.0
2025-06-13 00:00:00-04:00,28.16622680291942,28.206093084841882,27.44861661913878,27.757587432861328,192400,0.0,0.0
2025-06-16 00:00:00-04:00,28.166227089102225,28.295794882941188,27.85725627224038,27.93699073791504,146300,0.0,0.0
2025-06-17 00:00:00-04:00,27.588150100517456,27.98183983311907,27.39878004289575,27.438648223876953,159500,0.0,0.0
2025-06-18 00:00:00-04:00,27.25924611142868,28.186160438627976,27.25924611142868,27.877187728881836,204700,0.0,0.0
2025-06-20 00:00:00-04:00,28.096460150991046,28.365562789119643,27.767555236816406,27.767555236816406,401700,0.0,0.0
2025-06-23 00:00:00-04:00,27.757588890513084,29.17287714194486,27.6678873752025,29.13300895690918,246400,0.0,0.0
2025-06-24 00:00:00-04:00,29.46191376133185,29.890487243649787,29.312411870086443,29.332345962524414,245700,0.0,0.0
2025-06-25 00:00:00-04:00,29.392144872760518,29.392144872760518,28.804102482309304,29.21274185180664,281200,0.0,0.0
2025-06-26 00:00:00-04:00,29.432011261203183,29.820716515557823,29.16589704981564,29.740982055664062,155900,0.0,0.0
2025-06-27 00:00:00-04:00,29.900452785757516,30.139656179921225,29.750950902032645,29.94032096862793,720800,0.0,0.0
2025-06-30 00:00:00-04:00,30.15958923672474,30.27918997919387,29.671215419433498,29.701114654541016,206100,0.0,0.0
2025-07-01 00:00:00-04:00,29.501780584444276,31.784180834688083,29.501780584444276,31.096471786499023,203500,0.0,0.0
2025-07-02 00:00:00-04:00,31.216072618230434,31.853948340374526,31.06059012580487,31.624711990356445,234700,0.0,0.0
2025-07-03 00:00:00-04:00,31.903782510282877,32.427041972247295,31.903782510282877,32.16292190551758,119700,0.0,0.0
2025-07-07 00:00:00-04:00,31.64464464118124,32.3124195692605,31.375540120271392,31.45527458190918,221000,0.0,0.0
2025-07-08 00:00:00-04:00,31.61474486078018,32.382192176107644,31.405442602888726,31.774213790893555,404400,0.0,0.0
2025-07-09 00:00:00-04:00,32.03335492643423,32.12305644746816,31.50511474814531,32.07322311401367,214000,0.0,0.0
2025-07-10 00:00:00-04:00,32.04331948363365,32.56159064299212,31.863914565128816,32.44198989868164,314700,0.0,0.0
2025-07-11 00:00:00-04:00,32.3522884932173,32.40212182000249,31.923715039194224,32.242652893066406,148000,0.0,0.0
2025-07-14 00:00:00-04:00,31.96358617093347,32.47189603634933,31.839000941454607,32.38219451904297,149800,0.0,0.0
2025-07-15 00:00:00-04:00,32.33235433948583,32.441989939424424,30.907101045381886,30.937002182006836,312400,0.0,0.0
2025-07-16 00:00:00-04:00,31.23600516263434,31.714411930546177,30.538327200331608,31.704444885253906,272700,0.0,0.0
2025-07-17 00:00:00-04:00,31.70444656872215,32.25262268278737,31.70444656872215,32.103118896484375,232100,0.0,0.0
2025-07-18 00:00:00-04:00,32.32239271068009,32.32239271068009,31.410427905129765,31.634681701660156,201000,0.0,0.0
2025-07-21 00:00:00-04:00,31.85394865448378,32.407107344431346,31.74431495179643,31.754281997680664,165600,0.0,0.0
2025-07-22 00:00:00-04:00,31.913748929799628,32.432023877182615,31.790159849803796,31.903779983520508,178700,0.0,0.0
2025-07-23 00:00:00-04:00,32.2625869841883,32.4619240933682,31.71441278547294,32.242652893066406,297000,0.0,0.0
2025-07-24 00:00:00-04:00,32.39215505660246,34.18618134548343,31.903779353621175,32.422054290771484,751600,0.0,0.0
2025-07-25 00:00:00-04:00,32.43202259633918,33.95195986852309,31.863912445094588,33.81740951538086,333500,0.0,0.0
2025-07-28 00:00:00-04:00,33.7875151825786,34.30578638262807,33.60312767734217,33.9071159362793,289700,0.0,0.0
2025-07-29 00:00:00-04:00,34.19615161771665,34.19615161771665,32.71109416309448,32.940330505371094,228100,0.0,0.0
2025-07-30 00:00:00-04:00,33.16956889528158,33.16956889528158,31.76424961852021,32.06325149536133,249900,0.0,0.0
2025-07-31 00:00:00-04:00,31.714413955780778,31.903782125368117,31.355607906424332,31.505111694335938,195700,0.0,0.0
2025-08-01 00:00:00-04:00,30.96690296004782,31.295807875226526,30.45859501822261,30.907102584838867,282500,0.0,0.0
2025-08-04 00:00:00-04:00,30.996803146790263,31.38550842524755,30.757599752276576,31.245973587036133,159000,0.0,0.0
2025-08-05 00:00:00-04:00,31.39547609013933,31.525043885173805,30.53334657800865,31.505111694335938,203900,0.0,0.0
2025-08-06 00:00:00-04:00,31.51507689515744,31.51507689515744,30.563245926414318,30.628028869628906,180300,0.0,0.0
2025-08-07 00:00:00-04:00,30.99680476568171,30.99680476568171,30.07487294800986,30.438663482666016,143600,0.0,0.0
2025-08-08 00:00:00-04:00,30.408760913421368,31.11142148251778,30.189491609234977,30.94696807861328,184600,0.0,0.0
2025-08-11 00:00:00-04:00,30.96690212389827,31.91375056073541,30.897134704535038,31.724380493164062,286800,0.0,0.0
2025-08-12 00:00:00-04:00,32.11308284956766,33.3689000114774,32.04331544068593,33.13966369628906,291000,0.0,0.0
2025-08-13 00:00:00-04:00,33.42870644068012,34.056613198821985,33.29913675003091,33.9968147277832,192400,0.0,0.0
2025-08-14 00:00:00-04:00,33.49847218009534,34.490169396212046,33.49847218009534,34.375553131103516,305700,0.0,0.0
2025-08-15 00:00:00-04:00,34.50512204420964,34.714428106863,34.01675010277674,34.41542053222656,312000,0.0,0.0
2025-08-18 00:00:00-04:00,34.136351755572804,34.35562296890353,33.94698358172131,34.17621994018555,234300,0.0,0.0
2025-08-19 00:00:00-04:00,35.033370821296444,36.513440270860805,34.799149963023766,35.232704162597656,518600,0.0,0.0
2025-08-20 00:00:00-04:00,35.08319712778649,35.382200881873395,34.74432519261093,34.86392593383789,368500,0.0,0.0
2025-08-21 00:00:00-04:00,34.73435811639712,35.35230355042409,34.594823277113356,34.913761138916016,283100,0.0,0.0
2025-08-22 00:00:00-04:00,34.95362934036973,37.764271625245165,34.91376115711381,37.62473678588867,550200,0.0,0.0
2025-08-25 00:00:00-04:00,37.28586675505604,37.83404099595599,37.12639781584807,37.57490539550781,268000,0.0,0.0
2025-08-26 00:00:00-04:00,37.52507373689633,38.292515427127576,37.2848722820351,37.923744201660156,318900,0.0,0.0
2025-08-27 00:00:00-04:00,37.754308248713265,38.611455218664766,37.58487036295943,38.5018196105957,312500,0.0,0.0
2025-08-28 00:00:00-04:00,38.67125096467861,38.79085170956669,38.23271236539626,38.59151840209961,290500,0.0,0.0
2025-08-29 00:00:00-04:00,38.860626396888875,39.03006048376114,38.4021498635062,38.56161880493164,226400,0.0,0.0
2025-09-02 00:00:00-04:00,37.9731182764442,38.252404508352036,37.19510445613547,37.48436737060547,215100,0.03,0.0
2025-09-03 00:00:00-04:00,37.32477208725461,37.604062133114226,36.82604448284989,37.4444694519043,302500,0.0,0.0
2025-09-04 00:00:00-04:00,37.59408724823315,38.56162006464891,37.2649289921781,38.5516471862793,266300,0.0,0.0
2025-09-05 00:00:00-04:00,38.671338991683434,39.020446793579225,37.7636549017647,38.26238250732422,278900,0.0,0.0
2025-09-08 00:00:00-04:00,38.481824485978755,38.481824485978755,37.653934821132296,37.863399505615234,224800,0.0,0.0
2025-09-09 00:00:00-04:00,37.803553844431676,37.83846462445598,36.476936593529004,36.626556396484375,312500,0.0,0.0
2025-09-10 00:00:00-04:00,36.486914521470986,37.12029692495108,36.486914521470986,36.616580963134766,198300,0.0,0.0
2025-09-11 00:00:00-04:00,36.78614572254711,37.195102167674854,36.506855702833285,36.89586639404297,247800,0.0,0.0
2025-09-12 00:00:00-04:00,36.895866857589006,36.99062250735284,36.28741862073258,36.437034606933594,191400,0.0,0.0
2025-09-15 00:00:00-04:00,36.57667750843339,36.8559675300708,35.95825639800293,36.31734085083008,242200,0.0,0.0
2025-09-16 00:00:00-04:00,36.177698784062116,36.42706257181689,35.53932809620819,36.18767166137695,230400,0.0,0.0
2025-09-17 00:00:00-04:00,36.197648556123376,37.51428905879675,36.13480915519961,36.307369232177734,319600,0.0,0.0
2025-09-18 00:00:00-04:00,36.45698539876838,37.55418835962097,36.45698539876838,37.15520477294922,839500,0.0,0.0
2025-09-19 00:00:00-04:00,37.2848760636629,37.2848760636629,36.437036869258606,37.025535583496094,727900,0.0,0.0
2025-09-22 00:00:00-04:00,36.91581123539715,36.91581123539715,36.20263069329327,36.38716125488281,174000,0.0,0.0
2025-09-23 00:00:00-04:00,36.39713839868359,37.03550905608625,35.8984108469641,35.9283332824707,230700,0.0,0.0
2025-09-24 00:00:00-04:00,36.048031568919654,36.25251171840362,35.39968794943656,35.70889663696289,253600,0.0,0.0
2025-09-25 00:00:00-04:00,36.08792788006902,36.935763241415394,35.74879297453258,36.307369232177734,378800,0.0,0.0
2025-09-26 00:00:00-04:00,36.526805084692626,36.526805084692626,35.55927621480552,36.07794952392578,170700,0.0,0.0
2025-09-29 00:00:00-04:00,36.07795021361099,36.07795021361099,35.4096571031299,35.73881912231445,184000,0.0,0.0
2025-09-30 00:00:00-04:00,35.748796094280316,35.918361659351554,34.64162016473112,35.130374908447266,272000,0.0,0.0
2025-10-01 00:00:00-04:00,35.2899622882557,35.329857600220656,34.72141318912094,35.02064895629883,212600,0.0,0.0
2025-10-02 00:00:00-04:00,34.8311339997611,35.2201447266569,34.227674056164425,34.35235595703125,255900,0.0,0.0
2025-10-03 00:00:00-04:00,34.66156889128036,35.18024606222346,34.50197620829707,34.62166976928711,237200,0.0,0.0
2025-10-06 00:00:00-04:00,34.97078375031411,35.75877053566405,34.57180011330937,35.29994201660156,217900,0.0,0.0
2025-10-07 00:00:00-04:00,35.20019782274124,35.89841728129323,35.13037625738504,35.18024826049805,188000,0.0,0.0
2025-10-08 00:00:00-04:00,35.43957953942328,36.10787645489372,35.09047176603605,35.73881912231445,180200,0.0,0.0
2025-10-09 00:00:00-04:00,35.55928327520413,35.80864710236548,35.06055562088144,35.77872085571289,154700,0.0,0.0
2025-10-10 00:00:00-04:00,35.94828464524787,36.182687215118094,34.731388140384276,34.76131057739258,282900,0.0,0.0
2025-10-13 00:00:00-04:00,35.48945496778531,35.68894294763529,34.701464510414226,35.52935028076172,214500,0.0,0.0
2025-10-14 00:00:00-04:00,35.24009301117027,36.84599263998582,35.24009301117027,36.606605529785156,266500,0.0,0.0
2025-10-15 00:00:00-04:00,36.7362797075149,36.905845278344565,35.659026181103194,35.87846755981445,247700,0.0,0.0
2025-10-16 00:00:00-04:00,35.62909867612808,35.63408321221581,32.711539359286505,32.94594192504883,387800,0.0,0.0
2025-10-17 00:00:00-04:00,33.384825401410346,33.564367634494495,32.92599313631228,33.394798278808594,441500,0.0,0.0
2025-10-20 00:00:00-04:00,33.47459880958617,34.20274066916877,33.1653863192197,34.013221740722656,587300,0.0,0.0
2025-10-21 00:00:00-04:00,34.11296562990755,34.74136341657394,33.544416519824864,34.681514739990234,336600,0.0,0.0
2025-10-22 00:00:00-04:00,34.83113051441999,35.075509755257954,34.322430083981374,34.56182098388672,246400,0.0,0.0
2025-10-23 00:00:00-04:00,33.26512809063199,33.893525907332055,32.1679289357495,33.424720764160156,372600,0.0,0.0
2025-10-24 00:00:00-04:00,33.72395899061657,34.841107660070755,33.51449052354009,34.102989196777344,243400,0.0,0.0
2025-10-27 00:00:00-04:00,34.16283819505355,34.352353299916075,32.79632573264843,32.82624816894531,182900,0.0,0.0
2025-10-28 00:00:00-04:00,32.73648242432019,32.75643198678658,32.078162082889236,32.20783233642578,182900,0.0,0.0
2025-10-29 00:00:00-04:00,31.97841609661159,32.955921767033374,31.57943248195424,31.768949508666992,319300,0.0,0.0
2025-10-30 00:00:00-04:00,31.66920129521098,32.427265541782866,31.42981228537332,31.529558181762695,195200,0.0,0.0
2025-10-31 00:00:00-04:00,31.180448324160235,31.419837332681297,30.711645086951663,31.060752868652344,182300,0.0,0.0
2025-11-03 00:00:00-05:00,30.811391701960233,31.549508349994976,30.671748577398084,31.509611129760742,179700,0.0,0.0
2025-11-04 00:00:00-05:00,31.30014435943278,31.30014435943278,30.921112208172286,31.010883331298828,235600,0.0,0.0
2025-11-05 00:00:00-05:00,31.000908680050813,32.30757450740879,30.92111233721586,31.479686737060547,298900,0.0,0.0
2025-11-06 00:00:00-05:00,31.330068233315558,31.649253598555504,31.020857648551214,31.499635696411133,186300,0.0,0.0
2025-11-07 00:00:00-05:00,31.340043428653615,32.55693812536322,31.020858059188466,32.527015686035156,299500,0.0,0.0
2025-11-10 00:00:00-05:00,32.65668273629502,32.94095729706729,32.08314527368727,32.157955169677734,206300,0.0,0.0
2025-11-11 00:00:00-05:00,32.36742062549736,32.60182319633442,31.818819147314088,31.878665924072266,339800,0.0,0.0
2025-11-12 00:00:00-05:00,31.92854068231737,32.586860991076804,31.87667486647077,32.008338928222656,107800,0.0,0.0
2025-11-13 00:00:00-05:00,31.669203321407682,31.94350502965198,30.965997465488815,31.21037483215332,242500,0.0,0.0
2025-11-14 00:00:00-05:00,31.01088217607523,31.279196725650678,30.611900478428478,31.080703735351562,200900,0.0,0.0
2025-11-17 00:00:00-05:00,31.13057510030495,31.230320998309516,29.345131326251717,29.58452033996582,239900,0.0,0.0
2025-11-18 00:00:00-05:00,29.524675451859466,30.37251278542116,29.295261203511856,29.96355628967285,444100,0.0,0.0
2025-11-19 00:00:00-05:00,30.13312023463263,30.28274003442305,29.664316982441044,29.764062881469727,402500,0.0,0.0
2025-11-20 00:00:00-05:00,30.163045137543843,30.681722300169003,29.285285395212263,29.33515739440918,322500,0.0,0.0
2025-11-21 00:00:00-05:00,29.49474967911585,30.866250566073344,29.33017056197824,30.611900329589844,271200,0.0,0.0
2025-11-24 00:00:00-05:00,30.452306747436523,30.666759759231443,30.10319706061958,30.452306747436523,280200,0.0,0.0
2025-11-25 00:00:00-05:00,30.771492335127647,32.38737054553161,30.771492335127647,32.088130950927734,237500,0.0,0.0
2025-11-26 00:00:00-05:00,31.828794281259146,32.227777870737974,31.71907360390299,32.088130950927734,248300,0.0,0.0
2025-11-28 00:00:00-05:00,31.908591471997354,32.2477282931219,31.72904923242928,31.838769912719727,122600,0.0,0.0
2025-12-01 00:00:00-05:00,31.748999776450194,32.726507344102465,31.49963596987974,32.4372444152832,341900,0.0,0.0
2025-12-02 00:00:00-05:00,32.307453615180805,32.70680179986673,32.10777761858641,32.117759704589844,361200,0.03,0.0
2025-12-03 00:00:00-05:00,32.31743384878351,33.24592394249995,32.03888758236911,33.225955963134766,298300,0.0,0.0
2025-12-04 00:00:00-05:00,32.8964955105952,33.19600759941568,32.726769581545135,32.77669143676758,229100,0.0,0.0
2025-12-05 00:00:00-05:00,32.636916443028966,32.9763645016643,32.47717640417134,32.74673843383789,207300,0.0,0.0
2025-12-08 00:00:00-05:00,32.87652783851613,33.30582989963576,32.66187680795632,32.8964958190918,392900,0.0,0.0
2025-12-09 00:00:00-05:00,32.83659110655436,33.6602521955772,32.57701498216978,32.96638107299805,180400,0.0,0.0
2025-12-10 00:00:00-05:00,32.77669344172813,35.02303995804567,32.77669344172813,34.703556060791016,484100,0.0,0.0
2025-12-11 00:00:00-05:00,34.7434894588082,35.38244958913527,34.61369949217839,35.182777404785156,350900,0.0,0.0
2025-12-12 00:00:00-05:00,35.432370667471695,35.432370667471695,34.743488697646356,35.252662658691406,621500,0.0,0.0
2025-12-15 00:00:00-05:00,35.57214271685576,35.70192887213941,34.95314677172246,35.252662658691406,388900,0.0,0.0
2025-12-16 00:00:00-05:00,35.25266317476726,35.62705423045657,35.15781622193841,35.452335357666016,315900,0.0,0.0
2025-12-17 00:00:00-05:00,35.31256560137957,36.141219686578374,35.31256560137957,35.98147964477539,359100,0.0,0.0
2025-12-18 00:00:00-05:00,36.5006372511214,36.79016347058725,36.04637422704897,36.58050537109375,361100,0.0,0.0
2025-12-19 00:00:00-05:00,36.26102292563395,36.47467613111455,35.84170675380533,36.400794982910156,619200,0.0,0.0
2025-12-22 00:00:00-05:00,36.380826386621656,36.67035639094028,36.08730507130719,36.16118621826172,314900,0.0,0.0
2025-12-23 00:00:00-05:00,36.141219582908285,36.47068175196182,35.86167165417768,35.94154357910156,341500,0.0,0.0
2025-12-24 00:00:00-05:00,35.71191632950726,36.18614349046259,35.62206232118381,35.851688385009766,142000,0.0,0.0
2025-12-26 00:00:00-05:00,35.871656470546434,35.871656470546434,34.87328029003249,35.15282440185547,136600,0.0,0.0
2025-12-29 00:00:00-05:00,35.20274287493134,35.352500827220794,34.51386467310628,34.573768615722656,297100,0.0,0.0
2025-12-30 00:00:00-05:00,34.52385005210327,34.77344409652217,34.14446603820574,34.37409210205078,306900,0.0,0.0
2025-12-31 00:00:00-05:00,34.48391388074698,34.60871090219569,34.0046937754043,34.294219970703125,399100,0.0,0.0
2026-01-02 00:00:00-05:00,34.22433486238143,34.91321687671832,33.87490471634312,34.65363693237305,378100,0.0,0.0
2026-01-05 00:00:00-05:00,34.45396075802287,36.191137010256476,34.45396075802287,35.70193099975586,326000,0.0,0.0
2026-01-06 00:00:00-05:00,35.38244965748608,36.430747669863216,35.10290555205367,36.31093978881836,274300,0.0,0.0
2026-01-07 00:00:00-05:00,36.25104263686454,36.580504815564794,35.21273043347002,35.60209655761719,330800,0.0,0.0
2026-01-08 00:00:00-05:00,35.292598396682436,37.818492861933045,35.292598396682436,37.42912673950195,357100,0.0,0.0
2026-01-09 00:00:00-05:00,37.50899459187356,37.78853871707153,36.51561131111385,36.57052230834961,292500,0.0,0.0
2026-01-12 00:00:00-05:00,36.071333856376796,36.266016914388196,35.66199975895499,36.06134796142578,255200,0.0,0.0
2026-01-13 00:00:00-05:00,36.16118804226072,36.20611314424715,35.577135056915715,35.751853942871094,164000,0.0,0.0
2026-01-14 00:00:00-05:00,35.68196774035398,36.10128392422377,35.39243772282312,36.06134796142578,199500,0.0,0.0
2026-01-15 00:00:00-05:00,36.03139757661858,37.80850601196289,36.03139757661858,37.80850601196289,224000,0.0,0.0
2026-01-16 00:00:00-05:00,37.7785562122609,38.03813235299894,37.229450054485916,37.538944244384766,365600,0.0,0.0
2026-01-20 00:00:00-05:00,36.68034450179303,37.69868490868191,36.13123452645685,36.650390625,420000,0.0,0.0
2026-01-21 00:00:00-05:00,36.870033759575264,39.22620222578796,36.870033759575264,38.93667221069336,475100,0.0,0.0
2026-01-22 00:00:00-05:00,39.9350490674347,42.82035575319637,39.74535895542549,40.69381332397461,651400,0.0,0.0
2026-01-23 00:00:00-05:00,40.38431650314567,40.43423454953094,38.45745020635199,39.306068420410156,925000,0.0,0.0
2026-01-26 00:00:00-05:00,39.236184926166366,39.36996621315415,38.11800461925432,39.17628479003906,525300,0.0,0.0
2026-01-27 00:00:00-05:00,39.21621471972415,39.21621471972415,37.99819838270102,38.687076568603516,458000,0.0,0.0
2026-01-28 00:00:00-05:00,38.84681545081668,38.84681545081668,37.878389376401586,38.2477912902832,328000,0.0,0.0
2026-01-29 00:00:00-05:00,38.73699558237082,39.50075276175299,38.327661494992654,39.43585968017578,371700,0.0,0.0
2026-01-30 00:00:00-05:00,38.96662093550626,40.006928728222206,38.96662093550626,39.895111083984375,486600,0.0,0.0
2026-02-02 00:00:00-05:00,39.61556901530149,41.59235348890184,39.61556901530149,41.08318328857422,528600,0.0,0.0
2026-02-03 00:00:00-05:00,40.57400904441167,42.05659834313858,39.855176945997876,40.61394500732422,464100,0.0,0.0
2026-02-04 00:00:00-05:00,40.94340312605606,42.470921183937115,40.94340312605606,41.62229919433594,410900,0.0,0.0
2026-02-05 00:00:00-05:00,41.42262997171211,41.77206011626924,39.56564964120183,40.174659729003906,312700,0.0,0.0
2026-02-06 00:00:00-05:00,40.63391241918321,41.083182474394064,40.3044464425276,40.763702392578125,199000,0.0,0.0
2026-02-09 00:00:00-05:00,40.58399293389071,41.73212324711773,40.58399293389071,41.68220520019531,289000,0.0,0.0
2026-02-10 00:00:00-05:00,41.65225424171039,42.13147433720767,40.76370007661108,40.973358154296875,370500,0.0,0.0
2026-02-11 00:00:00-05:00,41.49251745660195,41.82197963181627,40.28447932480795,40.73374938964844,246400,0.0,0.0
2026-02-12 00:00:00-05:00,41.33277787174778,41.682208032450916,39.36597545963928,40.154693603515625,260700,0.0,0.0
2026-02-13 00:00:00-05:00,40.104768761262065,41.01329472851023,39.48577660470552,40.47417068481445,230400,0.0,0.0
2026-02-17 00:00:00-05:00,40.43423621054807,41.332776316405884,40.00493413869412,40.68383026123047,207200,0.0,0.0
2026-02-18 00:00:00-05:00,40.76370261734491,41.572384912680434,39.855176607074014,40.10477066040039,261700,0.0,0.0
2026-02-19 00:00:00-05:00,39.56564760629467,40.204607728338345,39.45582562122415,40.11475372314453,339100,0.0,0.0
2026-02-20 00:00:00-05:00,40.09478941364196,40.93841855027268,39.625551364841,40.813621520996094,234600,0.0,0.0
2026-02-23 00:00:00-05:00,40.1347205532567,40.943402768331445,37.224453266271134,38.2378044128418,538200,0.0,0.0
2026-02-24 00:00:00-05:00,38.34762918307722,38.88176029068108,38.08805305024759,38.57725524902344,286500,0.0,0.0
2026-02-25 00:00:00-05:00,38.93667228354805,39.71540451049805,38.537320275187376,39.71540451049805,193600,0.0,0.0
2026-02-26 00:00:00-05:00,39.93504935264511,40.434237469553175,38.607207133588176,39.29608917236328,224400,0.0,0.0
2026-02-27 00:00:00-05:00,38.317675708152045,38.58723771163609,35.67197752501433,36.21110153198242,281000,0.0,0.0
2026-03-02 00:00:00-05:00,35.48228921136193,37.1545684974389,35.41240318568727,36.540565490722656,310200,0.0,0.0
2026-03-03 00:00:00-05:00,35.3225534326496,36.50063773371757,34.58375331849555,36.39081573486328,346300,0.0,0.0
2026-03-04 00:00:00-05:00,36.64040901786695,36.84507416803153,36.29596799401305,36.46070098876953,266800,0.0,0.0
2026-03-05 00:00:00-05:00,36.160939134802526,36.36077930308123,34.70211238614608,35.61138153076172,353400,0.03,0.0
2026-03-06 00:00:00-05:00,34.46230749964341,34.91194311719995,33.25327618745626,33.5230598449707,309700,0.0,0.0
2026-03-09 00:00:00-04:00,32.613788556170405,33.697916355996654,31.08501840873553,33.3731803894043,351300,0.0,0.0
2026-03-10 00:00:00-04:00,33.16334572825338,34.26246467116882,32.77365952373782,33.36318588256836,302200,0.0,0.0
2026-03-11 00:00:00-04:00,32.88357461421309,33.12338358224686,32.34400729486279,33.05344009399414,219000,0.0,0.0
2026-03-12 00:00:00-04:00,32.22410519133135,32.863590699995505,31.92434683559931,32.49388885498047,216900,0.0,0.0
2026-03-13 00:00:00-04:00,32.833612776864975,32.93353094839827,32.07422095132981,32.22410202026367,247600,0.0,0.0
2026-03-16 00:00:00-04:00,32.61378900719905,33.09340310299504,32.61378900719905,32.623783111572266,237100,0.0,0.0
2026-03-17 00:00:00-04:00,33.193324272196044,33.333211236908554,32.35399867228705,32.603797912597656,171800,0.0,0.0
2026-03-18 00:00:00-04:00,32.50387741186205,32.50387741186205,31.454721317036576,31.784456253051758,389700,0.0,0.0
2026-03-19 00:00:00-04:00,31.57462649912747,32.039251364283764,31.29485064489946,31.75448226928711,290000,0.0,0.0
2026-03-20 00:00:00-04:00,31.794448147640644,31.874383831188155,31.194929568125797,31.824424743652344,584800,0.0,0.0
2026-03-23 00:00:00-04:00,32.89356313604961,33.333212251828286,32.024262820558,32.72370147705078,430200,0.0,0.0
2026-03-24 00:00:00-04:00,32.174143893961464,33.11338769393895,32.15915654894793,32.72370147705078,370200,0.0,0.0
2026-03-25 00:00:00-04:00,33.193324260424816,33.213308657038645,32.353998660813474,32.793643951416016,237400,0.0,0.0
2026-03-26 00:00:00-04:00,32.453918835843695,32.82062472249715,32.294047464697044,32.65375900268555,219700,0.0,0.0
2026-03-27 00:00:00-04:00,32.30404082960349,32.74368613727939,31.91435270376831,32.064231872558594,247500,0.0,0.0
2026-03-30 00:00:00-04:00,32.44392737891148,32.50387675866964,32.02426266243435,32.24408721923828,257500,0.0,0.0
2026-03-31 00:00:00-04:00,32.943527408479284,33.38317273095439,32.393965990842666,33.0434455871582,355100,0.0,0.0
2026-04-01 00:00:00-04:00,33.413144968238626,33.98268693047428,33.32921278952044,33.36318588256836,226800,0.0,0.0
2026-04-02 00:00:00-04:00,32.52386028375257,33.553035744402855,32.37398302674177,33.36318588256836,269200,0.0,0.0
2026-04-06 00:00:00-04:00,33.363187447936454,33.87278005593094,32.72370197343161,33.78285217285156,350000,0.0,0.0
2026-04-07 00:00:00-04:00,33.54304437848189,34.2424830698641,33.523059980255624,34.0026741027832,214200,0.0,0.0
2026-04-08 00:00:00-04:00,35.251669804399825,35.85119030607628,35.251669804399825,35.5114631652832,246700,0.0,0.0
2026-04-09 00:00:00-04:00,35.13176730133838,36.86037769988882,35.13176730133838,36.56061935424805,217600,0.0,0.0
2026-04-10 00:00:00-04:00,36.51065934587157,36.51065934587157,35.451509152201524,35.68132400512695,188800,0.0,0.0
2026-04-13 00:00:00-04:00,35.40155079339589,36.31081993092498,35.22169502451022,36.270851135253906,205400,0.0,0.0
2026-04-14 00:00:00-04:00,36.06101826415265,36.81541303255516,35.441517219211576,36.59059143066406,296400,0.0,0.0
2026-04-15 00:00:00-04:00,36.580601747255045,36.91033476589755,36.01105977826295,36.510658264160156,162200,0.0,0.0
2026-04-16 00:00:00-04:00,36.37077112763205,36.475686351783025,35.94111612684197,36.031044006347656,170700,0.0,0.0
2026-04-17 00:00:00-04:00,36.84039379057926,38.229277066055275,36.75546295698752,37.4299201965332,249700,0.0,0.0
2026-04-20 00:00:00-04:00,37.10018776596581,37.68471712908214,37.10018776596581,37.3499870300293,140800,0.0,0.0
2026-04-21 00:00:00-04:00,37.339991839921,37.66972868848771,36.27085132572727,36.37077331542969,313400,0.0,0.0
2026-04-22 00:00:00-04:00,36.58060318169686,36.920330317894106,36.01605443104953,36.260860443115234,209600,0.0,0.0
2026-04-23 00:00:00-04:00,36.550626604333424,37.909531267341116,35.98108083077383,37.44990158081055,287700,0.0,0.0
2026-04-24 00:00:00-04:00,37.48987218858377,37.70969675001407,36.75546177801807,37.39994430541992,284000,0.0,0.0
2026-04-27 00:00:00-04:00,37.389951744993645,38.04942545652013,37.23807717827281,37.81960678100586,299000,0.0,0.0
2026-04-28 00:00:00-04:00,38.099383626319465,38.81880289232916,37.779640883285346,38.74885940551758,283100,0.0,0.0
2026-04-29 00:00:00-04:00,38.43911047580046,38.53403160053411,37.15014540867295,37.78963088989258,214900,0.0,0.0
2026-04-30 00:00:00-04:00,37.52984016266944,38.239269107867734,37.46988697132707,37.56980514526367,272000,0.0,0.0
2026-05-01 00:00:00-04:00,37.61976990878602,37.69470663713629,36.940315619759396,37.14015197753906,191200,0.0,0.0
2026-05-04 00:00:00-04:00,36.97029097900452,37.379961618468656,36.41073925686368,36.68052291870117,177800,0.0,0.0
2026-05-05 00:00:00-04:00,36.680522208724646,37.80961592456773,36.680522208724646,37.51984786987305,170600,0.0,0.0
2026-05-06 00:00:00-04:00,37.96948727499326,38.069405453694834,37.49986344950067,37.70969772338867,182700,0.0,0.0
2026-05-07 00:00:00-04:00,37.929517884933574,38.179317139410166,37.300026508029134,37.59978485107422,225600,0.0,0.0
2026-05-08 00:00:00-04:00,37.67971761823112,37.70969611987418,37.3000255060033,37.66972732543945,121500,0.0,0.0
2026-05-11 00:00:00-04:00,37.76964662361757,37.76964662361757,36.33080428586512,36.65054702758789,212100,0.0,0.0
2026-05-12 00:00:00-04:00,36.54063575649287,36.63056364331777,35.751269173433634,36.580604553222656,192100,0.0,0.0
2026-05-13 00:00:00-04:00,36.34079468949223,36.42073228098314,35.70130920410156,35.70130920410156,207500,0.0,0.0
2026-05-14 00:00:00-04:00,35.98108249698847,36.49067510439428,35.881164321075296,36.16093826293945,161100,0.0,0.0
2026-05-15 00:00:00-04:00,35.88116540014156,36.04103677339096,35.36158248417248,35.521453857421875,200400,0.0,0.0
2026-05-18 00:00:00-04:00,35.70130971667709,36.54063538121135,35.686322370965904,36.38076400756836,191500,0.0,0.0
2026-05-19 00:00:00-04:00,36.00106729487299,36.360778830775374,35.61138106819011,36.17093276977539,347200,0.0,0.0
2026-05-20 00:00:00-04:00,36.27085026530359,37.22508522798399,36.155944745047925,37.010257720947266,303600,0.0,0.0
2026-05-21 00:00:00-04:00,36.52064908833305,37.47987728042553,36.13096287352261,37.37995910644531,222900,0.0,0.0
2026-05-22 00:00:00-04:00,37.33999273692891,37.70969839025792,37.070209075702714,37.250064849853516,199300,0.0,0.0
2026-05-26 00:00:00-04:00,37.3999458499991,38.3192053055192,37.2400744746202,37.81960678100586,229700,0.0,0.0
2026-05-27 00:00:00-04:00,37.98947086578308,38.23927011886296,37.36996978540255,37.68971252441406,197500,0.0,0.0
2026-05-28 00:00:00-04:00,37.29003200440006,37.6397494322723,36.68052122013636,37.58979034423828,172200,0.0,0.0
2026-05-29 00:00:00-04:00,37.43991422596529,38.1293588098567,37.2900331456421,37.99946212768555,205100,0.0,0.0
2026-06-01 00:00:00-04:00,37.509857602254556,37.58979138299105,36.6605378356698,37.33000183105469,207200,0.0,0.0
2026-06-02 00:00:00-04:00,37.08000183105469,38.08399963378906,37.08000183105469,37.810001373291016,286000,0.03,0.0
2026-06-03 00:00:00-04:00,37.470001220703125,37.470001220703125,36.0099983215332,36.0099983215332,285000,0.0,0.0
2026-06-04 00:00:00-04:00,36.70000076293945,37.66999816894531,36.619998931884766,37.58000183105469,264000,0.0,0.0
2026-06-05 00:00:00-04:00,37.619998931884766,37.79999923706055,37.32500076293945,37.40999984741211,183500,0.0,0.0
2026-06-08 00:00:00-04:00,37.630001068115234,38.209999084472656,37.404998779296875,37.630001068115234,139900,0.0,0.0
2026-06-09 00:00:00-04:00,38.0099983215332,39.2400016784668,38.0099983215332,38.630001068115234,220800,0.0,0.0
2026-06-10 00:00:00-04:00,38.900001525878906,39.35499954223633,38.064998626708984,38.209999084472656,312300,0.0,0.0
2026-06-11 00:00:00-04:00,38.68000030517578,38.70500183105469,37.7400016784668,38.65999984741211,223700,0.0,0.0
2026-06-12 00:00:00-04:00,39.040000915527344,39.290000915527344,38.709999084472656,39.029998779296875,278600,0.0,0.0
2026-06-15 00:00:00-04:00,39.150001525878906,39.6150016784668,38.23500061035156,38.33000183105469,175305,0.0,0.0
