Date,Open,High,Low,Close,Volume,Dividends,Stock Splits
2022-01-03 00:00:00-05:00,121.5,123.75,119.0,122.5,2320,0.0,0.0
2022-01-04 00:00:00-05:00,124.75,125.25,117.75,121.0,2608,0.0,0.0
2022-01-05 00:00:00-05:00,120.75,145.0,119.25,126.75,14564,0.0,0.0
2022-01-06 00:00:00-05:00,125.25,130.5,122.5,125.75,5104,0.0,0.0
2022-01-07 00:00:00-05:00,125.75,126.75,124.75,124.75,924,0.0,0.0
2022-01-10 00:00:00-05:00,124.0,124.25,117.5,123.75,1388,0.0,0.0
2022-01-11 00:00:00-05:00,125.0,130.5,121.25,130.5,2868,0.0,0.0
2022-01-12 00:00:00-05:00,131.0,133.25,127.5,128.5,1920,0.0,0.0
2022-01-13 00:00:00-05:00,130.25,133.0,124.75,126.25,4776,0.0,0.0
2022-01-14 00:00:00-05:00,125.5,127.5,121.25,122.25,1444,0.0,0.0
2022-01-18 00:00:00-05:00,120.75,123.25,117.0,119.25,2044,0.0,0.0
2022-01-19 00:00:00-05:00,120.0,122.25,109.25,110.5,2172,0.0,0.0
2022-01-20 00:00:00-05:00,112.0,115.75,106.75,107.5,1048,0.0,0.0
2022-01-21 00:00:00-05:00,105.25,112.5,102.25,106.0,5884,0.0,0.0
2022-01-24 00:00:00-05:00,103.0,107.0,97.75,104.75,4856,0.0,0.0
2022-01-25 00:00:00-05:00,101.5,108.5,93.25,99.0,14780,0.0,0.0
2022-01-26 00:00:00-05:00,102.0,103.5,96.25,97.75,6564,0.0,0.0
2022-01-27 00:00:00-05:00,98.5,98.75,93.5,93.75,4876,0.0,0.0
2022-01-28 00:00:00-05:00,91.75,100.0,89.25,99.0,3208,0.0,0.0
2022-01-31 00:00:00-05:00,101.5,107.25,98.25,107.25,3328,0.0,0.0
2022-02-01 00:00:00-05:00,108.5,111.0,107.5,109.5,2276,0.0,0.0
2022-02-02 00:00:00-05:00,110.25,110.25,106.75,108.0,1020,0.0,0.0
2022-02-03 00:00:00-05:00,106.0,106.0,99.75,100.5,2420,0.0,0.0
2022-02-04 00:00:00-05:00,100.5,103.5,100.5,102.5,2120,0.0,0.0
2022-02-07 00:00:00-05:00,103.5,105.5,100.75,100.75,4024,0.0,0.0
2022-02-08 00:00:00-05:00,97.0,110.75,97.0,110.5,5732,0.0,0.0
2022-02-09 00:00:00-05:00,111.0,111.0,108.0,110.25,2452,0.0,0.0
2022-02-10 00:00:00-05:00,107.5,110.75,106.75,109.25,2128,0.0,0.0
2022-02-11 00:00:00-05:00,108.25,110.0,101.75,102.75,2504,0.0,0.0
2022-02-14 00:00:00-05:00,102.75,105.0,100.25,101.5,2252,0.0,0.0
2022-02-15 00:00:00-05:00,103.75,109.0,102.75,104.75,3456,0.0,0.0
2022-02-16 00:00:00-05:00,105.25,106.25,102.25,102.75,3544,0.0,0.0
2022-02-17 00:00:00-05:00,100.5,102.0,98.0,98.5,2396,0.0,0.0
2022-02-18 00:00:00-05:00,98.0,98.5,93.75,95.0,4560,0.0,0.0
2022-02-22 00:00:00-05:00,92.0,95.75,92.0,94.25,2124,0.0,0.0
2022-02-23 00:00:00-05:00,94.5,98.5,93.0,93.25,992,0.0,0.0
2022-02-24 00:00:00-05:00,88.25,101.5,85.25,100.25,3136,0.0,0.0
2022-02-25 00:00:00-05:00,100.75,101.25,95.75,98.5,1084,0.0,0.0
2022-02-28 00:00:00-05:00,96.25,99.75,94.0,96.75,1864,0.0,0.0
2022-03-01 00:00:00-05:00,95.5,97.25,92.0,92.25,1764,0.0,0.0
2022-03-02 00:00:00-05:00,92.25,94.75,90.0,90.25,1692,0.0,0.0
2022-03-03 00:00:00-05:00,90.75,91.5,87.25,88.0,5488,0.0,0.0
2022-03-04 00:00:00-05:00,86.75,88.5,85.75,86.75,2524,0.0,0.0
2022-03-07 00:00:00-05:00,86.25,88.0,82.5,83.0,3596,0.0,0.0
2022-03-08 00:00:00-05:00,84.0,86.5,84.0,85.5,2424,0.0,0.0
2022-03-09 00:00:00-05:00,85.0,86.25,85.0,86.0,1784,0.0,0.0
2022-03-10 00:00:00-05:00,85.0,89.0,81.0,82.5,3000,0.0,0.0
2022-03-11 00:00:00-05:00,77.5,77.5,75.0,75.0,93496,0.0,0.0
2022-03-14 00:00:00-04:00,75.0,77.75,74.75,75.75,24972,0.0,0.0
2022-03-15 00:00:00-04:00,75.75,79.25,75.75,77.5,3416,0.0,0.0
2022-03-16 00:00:00-04:00,78.75,80.0,76.5,78.75,3756,0.0,0.0
2022-03-17 00:00:00-04:00,79.75,80.25,78.5,80.0,2664,0.0,0.0
2022-03-18 00:00:00-04:00,78.0,81.75,78.0,79.75,6844,0.0,0.0
2022-03-21 00:00:00-04:00,79.5,79.5,76.5,77.0,4396,0.0,0.0
2022-03-22 00:00:00-04:00,77.25,80.5,76.5,79.0,6956,0.0,0.0
2022-03-23 00:00:00-04:00,77.5,80.25,77.5,79.25,2112,0.0,0.0
2022-03-24 00:00:00-04:00,80.5,83.75,78.25,80.5,13668,0.0,0.0
2022-03-25 00:00:00-04:00,82.5,82.5,79.75,81.5,12788,0.0,0.0
2022-03-28 00:00:00-04:00,81.5,81.5,73.75,76.25,8860,0.0,0.0
2022-03-29 00:00:00-04:00,77.25,77.75,75.5,77.0,6608,0.0,0.0
2022-03-30 00:00:00-04:00,77.0,77.0,71.75,72.5,8088,0.0,0.0
2022-03-31 00:00:00-04:00,75.0,76.5,72.5,76.0,7264,0.0,0.0
2022-04-01 00:00:00-04:00,74.75,77.0,72.5,74.25,9272,0.0,0.0
2022-04-04 00:00:00-04:00,74.5,76.25,73.5,75.25,1656,0.0,0.0
2022-04-05 00:00:00-04:00,75.25,75.5,71.75,73.0,3400,0.0,0.0
2022-04-06 00:00:00-04:00,71.0,71.25,68.5,68.5,3940,0.0,0.0
2022-04-07 00:00:00-04:00,69.25,71.5,67.25,70.0,3100,0.0,0.0
2022-04-08 00:00:00-04:00,70.0,70.0,67.25,67.75,2060,0.0,0.0
2022-04-11 00:00:00-04:00,67.25,67.5,65.25,66.0,2600,0.0,0.0
2022-04-12 00:00:00-04:00,66.5,67.75,65.0,65.25,6188,0.0,0.0
2022-04-13 00:00:00-04:00,65.75,67.75,64.0,67.5,3500,0.0,0.0
2022-04-14 00:00:00-04:00,68.25,68.25,65.75,65.75,800,0.0,0.0
2022-04-18 00:00:00-04:00,66.0,66.75,65.0,65.25,1284,0.0,0.0
2022-04-19 00:00:00-04:00,64.5,67.0,64.5,65.0,1916,0.0,0.0
2022-04-20 00:00:00-04:00,65.25,66.5,61.25,61.25,5352,0.0,0.0
2022-04-21 00:00:00-04:00,61.0,64.75,60.0,60.0,8720,0.0,0.0
2022-04-22 00:00:00-04:00,60.0,65.25,60.0,60.75,5084,0.0,0.0
2022-04-25 00:00:00-04:00,59.75,61.5,59.75,60.25,1460,0.0,0.0
2022-04-26 00:00:00-04:00,61.25,62.0,58.75,59.5,7332,0.0,0.0
2022-04-27 00:00:00-04:00,60.5,62.25,59.25,60.0,2588,0.0,0.0
2022-04-28 00:00:00-04:00,59.25,62.0,57.0,61.75,2092,0.0,0.0
2022-04-29 00:00:00-04:00,61.5,61.75,58.75,60.5,2180,0.0,0.0
2022-05-02 00:00:00-04:00,59.75,62.0,58.75,62.0,1160,0.0,0.0
2022-05-03 00:00:00-04:00,65.0,71.0,64.25,68.75,6164,0.0,0.0
2022-05-04 00:00:00-04:00,69.25,70.75,63.5,68.75,5588,0.0,0.0
2022-05-05 00:00:00-04:00,67.5,70.0,65.25,67.5,3608,0.0,0.0
2022-05-06 00:00:00-04:00,67.5,77.75,64.25,77.75,11096,0.0,0.0
2022-05-09 00:00:00-04:00,75.25,77.75,71.25,75.25,11116,0.0,0.0
2022-05-10 00:00:00-04:00,76.5,76.5,67.25,73.0,5844,0.0,0.0
2022-05-11 00:00:00-04:00,73.25,75.5,66.0,73.0,9944,0.0,0.0
2022-05-12 00:00:00-04:00,71.0,71.75,65.0,69.75,8304,0.0,0.0
2022-05-13 00:00:00-04:00,70.0,72.5,69.5,71.75,1832,0.0,0.0
2022-05-16 00:00:00-04:00,70.5,71.75,69.75,70.75,400,0.0,0.0
2022-05-17 00:00:00-04:00,72.25,77.0,71.25,75.75,3448,0.0,0.0
2022-05-18 00:00:00-04:00,75.0,78.75,75.0,75.5,2232,0.0,0.0
2022-05-19 00:00:00-04:00,73.5,75.75,72.75,73.25,1908,0.0,0.0
2022-05-20 00:00:00-04:00,72.5,75.25,67.25,75.25,1892,0.0,0.0
2022-05-23 00:00:00-04:00,75.25,75.25,72.0,73.75,2448,0.0,0.0
2022-05-24 00:00:00-04:00,73.25,76.25,67.25,73.0,4344,0.0,0.0
2022-05-25 00:00:00-04:00,73.0,74.75,68.75,69.5,2100,0.0,0.0
2022-05-26 00:00:00-04:00,67.5,76.0,67.5,75.75,4048,0.0,0.0
2022-05-27 00:00:00-04:00,76.0,81.0,76.0,80.0,3408,0.0,0.0
2022-05-31 00:00:00-04:00,80.0,82.5,76.75,82.5,4372,0.0,0.0
2022-06-01 00:00:00-04:00,82.5,83.5,79.0,79.5,632,0.0,0.0
2022-06-02 00:00:00-04:00,78.5,83.75,78.5,81.25,3064,0.0,0.0
2022-06-03 00:00:00-04:00,80.25,81.25,78.5,79.0,872,0.0,0.0
2022-06-06 00:00:00-04:00,80.25,82.25,79.75,80.5,1692,0.0,0.0
2022-06-07 00:00:00-04:00,79.5,81.25,76.0,79.0,2444,0.0,0.0
2022-06-08 00:00:00-04:00,78.75,82.25,74.5,81.75,3840,0.0,0.0
2022-06-09 00:00:00-04:00,81.25,83.5,79.5,81.5,4264,0.0,0.0
2022-06-10 00:00:00-04:00,81.25,82.5,80.25,82.25,2324,0.0,0.0
2022-06-13 00:00:00-04:00,78.0,78.0,72.75,74.5,2588,0.0,0.0
2022-06-14 00:00:00-04:00,75.0,75.0,70.0,70.25,1568,0.0,0.0
2022-06-15 00:00:00-04:00,70.0,71.0,64.25,67.75,3776,0.0,0.0
2022-06-16 00:00:00-04:00,65.0,65.5,57.5,57.75,22072,0.0,0.0
2022-06-17 00:00:00-04:00,60.0,61.5,57.25,57.25,1656,0.0,0.0
2022-06-21 00:00:00-04:00,58.75,62.0,57.25,60.0,1388,0.0,0.0
2022-06-22 00:00:00-04:00,60.0,63.5,59.25,63.0,1248,0.0,0.0
2022-06-23 00:00:00-04:00,63.0,63.0,60.25,61.75,1376,0.0,0.0
2022-06-24 00:00:00-04:00,59.5,66.75,59.5,65.25,1048,0.0,0.0
2022-06-27 00:00:00-04:00,64.0,65.5,61.75,65.25,964,0.0,0.0
2022-06-28 00:00:00-04:00,66.25,70.0,65.25,67.5,2332,0.0,0.0
2022-06-29 00:00:00-04:00,65.5,65.5,61.25,61.5,1676,0.0,0.0
2022-06-30 00:00:00-04:00,61.5,68.5,61.5,67.25,2200,0.0,0.0
2022-07-01 00:00:00-04:00,64.5,68.25,64.5,65.75,352,0.0,0.0
2022-07-05 00:00:00-04:00,63.0,66.75,62.0,64.25,1116,0.0,0.0
2022-07-06 00:00:00-04:00,63.0,66.25,62.5,63.75,1124,0.0,0.0
2022-07-07 00:00:00-04:00,64.75,65.0,62.5,63.0,1620,0.0,0.0
2022-07-08 00:00:00-04:00,62.5,63.75,61.5,62.75,908,0.0,0.0
2022-07-11 00:00:00-04:00,63.25,65.0,61.5,61.5,344,0.0,0.0
2022-07-12 00:00:00-04:00,62.25,65.0,60.75,61.5,216,0.0,0.0
2022-07-13 00:00:00-04:00,61.0,64.25,60.5,60.75,776,0.0,0.0
2022-07-14 00:00:00-04:00,60.25,62.0,57.75,60.5,1736,0.0,0.0
2022-07-15 00:00:00-04:00,60.5,61.25,59.75,60.25,880,0.0,0.0
2022-07-18 00:00:00-04:00,61.25,65.0,60.5,63.75,2252,0.0,0.0
2022-07-19 00:00:00-04:00,64.0,70.0,63.75,69.25,1584,0.0,0.0
2022-07-20 00:00:00-04:00,70.0,73.0,68.0,68.75,1628,0.0,0.0
2022-07-21 00:00:00-04:00,68.75,74.75,65.5,73.5,1328,0.0,0.0
2022-07-22 00:00:00-04:00,72.25,74.75,72.25,73.75,460,0.0,0.0
2022-07-25 00:00:00-04:00,72.5,73.0,69.25,70.5,456,0.0,0.0
2022-07-26 00:00:00-04:00,70.0,70.0,60.0,67.0,2696,0.0,0.0
2022-07-27 00:00:00-04:00,67.75,69.25,66.25,68.5,336,0.0,0.0
2022-07-28 00:00:00-04:00,69.5,70.5,65.75,65.75,1312,0.0,0.0
2022-07-29 00:00:00-04:00,69.75,80.0,67.0,75.0,6328,0.0,0.0
2022-08-01 00:00:00-04:00,76.5,83.5,74.5,75.0,2592,0.0,0.0
2022-08-02 00:00:00-04:00,74.0,90.0,74.0,86.5,10388,0.0,0.0
2022-08-03 00:00:00-04:00,86.5,104.25,86.5,97.75,20332,0.0,0.0
2022-08-04 00:00:00-04:00,98.25,102.25,90.0,94.5,5832,0.0,0.0
2022-08-05 00:00:00-04:00,92.25,96.5,88.75,91.0,2812,0.0,0.0
2022-08-08 00:00:00-04:00,92.25,92.75,87.75,89.5,2504,0.0,0.0
2022-08-09 00:00:00-04:00,89.25,90.5,83.5,88.75,4572,0.0,0.0
2022-08-10 00:00:00-04:00,93.0,95.25,90.75,91.5,2268,0.0,0.0
2022-08-11 00:00:00-04:00,90.5,91.5,84.0,86.25,7012,0.0,0.0
2022-08-12 00:00:00-04:00,85.0,88.5,84.75,85.0,1476,0.0,0.0
2022-08-15 00:00:00-04:00,84.0,88.75,84.0,85.0,1908,0.0,0.0
2022-08-16 00:00:00-04:00,83.0,87.25,83.0,83.5,724,0.0,0.0
2022-08-17 00:00:00-04:00,82.5,87.0,78.75,80.25,3580,0.0,0.0
2022-08-18 00:00:00-04:00,80.25,84.75,80.25,81.75,948,0.0,0.0
2022-08-19 00:00:00-04:00,81.0,82.5,76.25,77.5,2192,0.0,0.0
2022-08-22 00:00:00-04:00,76.25,80.5,75.0,77.0,1280,0.0,0.0
2022-08-23 00:00:00-04:00,79.25,83.25,79.25,82.0,1724,0.0,0.0
2022-08-24 00:00:00-04:00,82.5,93.25,82.25,86.25,2608,0.0,0.0
2022-08-25 00:00:00-04:00,86.5,93.75,86.0,92.25,2736,0.0,0.0
2022-08-26 00:00:00-04:00,90.75,90.75,82.5,85.75,5984,0.0,0.0
2022-08-29 00:00:00-04:00,85.25,88.25,82.75,85.0,1180,0.0,0.0
2022-08-30 00:00:00-04:00,94.0,98.5,90.0,97.5,27928,0.0,0.0
2022-08-31 00:00:00-04:00,98.75,102.5,94.25,99.75,10156,0.0,0.0
2022-09-01 00:00:00-04:00,99.0,101.5,97.0,101.25,8152,0.0,0.0
2022-09-02 00:00:00-04:00,99.0,103.75,95.75,101.25,6016,0.0,0.0
2022-09-06 00:00:00-04:00,100.0,103.5,99.0,102.5,3776,0.0,0.0
2022-09-07 00:00:00-04:00,103.5,103.5,97.75,102.0,4516,0.0,0.0
2022-09-08 00:00:00-04:00,100.0,103.25,100.0,101.25,4776,0.0,0.0
2022-09-09 00:00:00-04:00,101.0,102.5,99.75,99.75,8124,0.0,0.0
2022-09-12 00:00:00-04:00,98.25,101.25,98.0,99.75,1208,0.0,0.0
2022-09-13 00:00:00-04:00,99.75,100.75,96.25,99.0,3088,0.0,0.0
2022-09-14 00:00:00-04:00,97.25,99.0,94.0,99.0,1616,0.0,0.0
2022-09-15 00:00:00-04:00,98.75,98.75,95.5,96.75,652,0.0,0.0
2022-09-16 00:00:00-04:00,96.5,96.75,94.25,96.5,1344,0.0,0.0
2022-09-19 00:00:00-04:00,95.5,100.0,95.0,96.5,560,0.0,0.0
2022-09-20 00:00:00-04:00,96.75,101.5,96.75,98.25,432,0.0,0.0
2022-09-21 00:00:00-04:00,97.5,98.5,95.5,97.5,576,0.0,0.0
2022-09-22 00:00:00-04:00,97.5,97.5,90.25,95.0,2008,0.0,0.0
2022-09-23 00:00:00-04:00,92.5,94.0,89.25,94.0,2844,0.0,0.0
2022-09-26 00:00:00-04:00,91.75,94.75,90.0,92.75,1236,0.0,0.0
2022-09-27 00:00:00-04:00,91.25,93.25,87.5,89.0,2224,0.0,0.0
2022-09-28 00:00:00-04:00,88.25,91.0,84.25,89.0,1156,0.0,0.0
2022-09-29 00:00:00-04:00,87.5,90.5,85.0,88.25,1884,0.0,0.0
2022-09-30 00:00:00-04:00,89.0,89.75,86.5,89.25,1084,0.0,0.0
2022-10-03 00:00:00-04:00,88.25,89.25,84.75,87.0,1888,0.0,0.0
2022-10-04 00:00:00-04:00,88.0,97.25,86.5,96.75,2868,0.0,0.0
2022-10-05 00:00:00-04:00,97.5,98.5,93.75,98.25,1320,0.0,0.0
2022-10-06 00:00:00-04:00,95.25,98.5,95.0,97.0,368,0.0,0.0
2022-10-07 00:00:00-04:00,92.25,96.25,92.25,93.25,536,0.0,0.0
2022-10-10 00:00:00-04:00,92.25,96.25,91.25,95.0,692,0.0,0.0
2022-10-11 00:00:00-04:00,91.25,93.5,90.25,91.5,516,0.0,0.0
2022-10-12 00:00:00-04:00,92.0,92.5,86.25,89.0,240,0.0,0.0
2022-10-13 00:00:00-04:00,85.25,91.0,84.25,90.5,284,0.0,0.0
2022-10-14 00:00:00-04:00,90.0,91.75,86.5,87.5,656,0.0,0.0
2022-10-17 00:00:00-04:00,88.25,92.25,88.0,89.5,300,0.0,0.0
2022-10-18 00:00:00-04:00,89.25,94.0,89.25,90.25,416,0.0,0.0
2022-10-19 00:00:00-04:00,89.25,91.5,88.75,89.5,368,0.0,0.0
2022-10-20 00:00:00-04:00,89.0,93.75,89.0,91.0,468,0.0,0.0
2022-10-21 00:00:00-04:00,89.0,92.0,87.0,90.75,852,0.0,0.0
2022-10-24 00:00:00-04:00,89.75,89.75,86.25,87.75,724,0.0,0.0
2022-10-25 00:00:00-04:00,87.5,91.5,87.5,91.25,360,0.0,0.0
2022-10-26 00:00:00-04:00,89.0,95.5,89.0,90.75,316,0.0,0.0
2022-10-27 00:00:00-04:00,90.25,93.0,87.5,89.0,1720,0.0,0.0
2022-10-28 00:00:00-04:00,89.0,93.0,88.0,93.0,648,0.0,0.0
2022-10-31 00:00:00-04:00,90.0,96.25,90.0,96.25,1124,0.0,0.0
2022-11-01 00:00:00-04:00,97.5,97.5,91.5,95.0,1292,0.0,0.0
2022-11-02 00:00:00-04:00,96.5,96.5,87.5,87.5,1632,0.0,0.0
2022-11-03 00:00:00-04:00,87.5,90.75,86.5,89.75,1888,0.0,0.0
2022-11-04 00:00:00-04:00,92.0,92.0,87.5,90.75,588,0.0,0.0
2022-11-07 00:00:00-05:00,89.75,92.5,87.0,91.5,1220,0.0,0.0
2022-11-08 00:00:00-05:00,92.75,95.0,88.25,92.5,3004,0.0,0.0
2022-11-09 00:00:00-05:00,87.0,95.0,87.0,93.0,776,0.0,0.0
2022-11-10 00:00:00-05:00,95.0,95.0,90.75,93.75,1648,0.0,0.0
2022-11-11 00:00:00-05:00,94.25,95.0,92.5,93.5,2096,0.0,0.0
2022-11-14 00:00:00-05:00,94.25,95.0,90.75,93.0,868,0.0,0.0
2022-11-15 00:00:00-05:00,94.75,94.75,90.25,91.5,1820,0.0,0.0
2022-11-16 00:00:00-05:00,90.0,95.0,88.25,94.0,2144,0.0,0.0
2022-11-17 00:00:00-05:00,92.25,95.0,90.25,94.25,1692,0.0,0.0
2022-11-18 00:00:00-05:00,95.0,95.0,92.0,94.5,1780,0.0,0.0
2022-11-21 00:00:00-05:00,94.5,94.5,91.75,93.75,1020,0.0,0.0
2022-11-22 00:00:00-05:00,91.75,94.0,91.5,93.5,2172,0.0,0.0
2022-11-23 00:00:00-05:00,92.25,95.0,90.0,94.0,3044,0.0,0.0
2022-11-25 00:00:00-05:00,92.75,95.0,89.5,94.5,1240,0.0,0.0
2022-11-28 00:00:00-05:00,94.75,94.75,86.5,87.0,2680,0.0,0.0
2022-11-29 00:00:00-05:00,87.0,90.5,84.5,85.75,2216,0.0,0.0
2022-11-30 00:00:00-05:00,84.5,92.75,84.5,92.75,2536,0.0,0.0
2022-12-01 00:00:00-05:00,91.25,93.0,87.5,92.75,2080,0.0,0.0
2022-12-02 00:00:00-05:00,91.0,94.0,87.0,94.0,2028,0.0,0.0
2022-12-05 00:00:00-05:00,91.5,93.75,87.75,93.25,3388,0.0,0.0
2022-12-06 00:00:00-05:00,92.0,94.5,88.0,91.75,2296,0.0,0.0
2022-12-07 00:00:00-05:00,90.25,95.0,86.75,93.5,3916,0.0,0.0
2022-12-08 00:00:00-05:00,94.25,95.0,91.25,93.25,2724,0.0,0.0
2022-12-09 00:00:00-05:00,93.25,97.5,88.5,95.75,6552,0.0,0.0
2022-12-12 00:00:00-05:00,94.5,96.5,91.75,95.5,1692,0.0,0.0
2022-12-13 00:00:00-05:00,95.5,95.5,89.0,89.75,2988,0.0,0.0
2022-12-14 00:00:00-05:00,88.25,92.5,87.0,92.5,7084,0.0,0.0
2022-12-15 00:00:00-05:00,93.0,93.75,87.75,89.0,3888,0.0,0.0
2022-12-16 00:00:00-05:00,88.5,88.5,82.25,82.5,2444,0.0,0.0
2022-12-19 00:00:00-05:00,80.5,81.75,75.0,77.75,2148,0.0,0.0
2022-12-20 00:00:00-05:00,77.5,80.5,76.25,77.75,1952,0.0,0.0
2022-12-21 00:00:00-05:00,78.0,80.75,76.75,80.0,2748,0.0,0.0
2022-12-22 00:00:00-05:00,80.25,80.5,75.25,76.0,3616,0.0,0.0
2022-12-23 00:00:00-05:00,75.25,75.75,71.75,72.0,1632,0.0,0.0
2022-12-27 00:00:00-05:00,71.5,72.75,70.0,70.0,1464,0.0,0.0
2022-12-28 00:00:00-05:00,70.0,73.25,68.75,69.75,3040,0.0,0.0
2022-12-29 00:00:00-05:00,68.75,70.75,68.75,69.5,2532,0.0,0.0
2022-12-30 00:00:00-05:00,68.75,83.25,68.75,83.0,5668,0.0,0.0
2023-01-03 00:00:00-05:00,81.75,81.75,77.0,77.75,796,0.0,0.0
2023-01-04 00:00:00-05:00,76.25,82.5,75.5,78.0,976,0.0,0.0
2023-01-05 00:00:00-05:00,78.0,78.25,76.0,77.25,1144,0.0,0.0
2023-01-06 00:00:00-05:00,76.5,82.25,75.75,82.25,1708,0.0,0.0
2023-01-09 00:00:00-05:00,84.25,85.5,78.5,79.75,2708,0.0,0.0
2023-01-10 00:00:00-05:00,80.0,80.0,75.0,76.25,3340,0.0,0.0
2023-01-11 00:00:00-05:00,75.75,79.75,75.75,78.25,1976,0.0,0.0
2023-01-12 00:00:00-05:00,78.25,82.0,77.75,81.5,680,0.0,0.0
2023-01-13 00:00:00-05:00,81.0,83.25,79.5,81.0,2368,0.0,0.0
2023-01-17 00:00:00-05:00,79.75,82.5,79.25,80.5,728,0.0,0.0
2023-01-18 00:00:00-05:00,83.5,83.5,82.0,82.5,1960,0.0,0.0
2023-01-19 00:00:00-05:00,81.25,82.25,78.5,78.5,1424,0.0,0.0
2023-01-20 00:00:00-05:00,78.75,81.25,77.25,79.0,1444,0.0,0.0
2023-01-23 00:00:00-05:00,77.5,81.75,77.5,81.5,2496,0.0,0.0
2023-01-24 00:00:00-05:00,84.0,84.0,76.5,77.75,2552,0.0,0.0
2023-01-25 00:00:00-05:00,77.5,77.5,74.5,75.0,2084,0.0,0.0
2023-01-26 00:00:00-05:00,73.75,79.0,72.5,77.5,3228,0.0,0.0
2023-01-27 00:00:00-05:00,75.5,79.0,75.5,77.5,992,0.0,0.0
2023-01-30 00:00:00-05:00,77.5,77.5,76.25,76.75,568,0.0,0.0
2023-01-31 00:00:00-05:00,77.5,78.25,76.75,78.0,596,0.0,0.0
2023-02-01 00:00:00-05:00,77.75,79.75,77.75,79.0,1576,0.0,0.0
2023-02-02 00:00:00-05:00,78.0,81.25,78.0,80.5,2324,0.0,0.0
2023-02-03 00:00:00-05:00,80.0,81.25,79.5,81.0,448,0.0,0.0
2023-02-06 00:00:00-05:00,78.75,81.0,78.75,79.0,392,0.0,0.0
2023-02-07 00:00:00-05:00,79.5,81.25,78.75,80.5,728,0.0,0.0
2023-02-08 00:00:00-05:00,79.75,80.0,77.75,78.25,756,0.0,0.0
2023-02-09 00:00:00-05:00,79.0,79.0,73.75,74.25,1180,0.0,0.0
2023-02-10 00:00:00-05:00,72.5,74.75,72.5,73.0,1136,0.0,0.0
2023-02-13 00:00:00-05:00,73.5,77.25,73.5,75.75,1040,0.0,0.0
2023-02-14 00:00:00-05:00,72.0,74.0,67.75,69.25,3940,0.0,0.0
2023-02-15 00:00:00-05:00,71.25,75.0,71.25,74.25,9528,0.0,0.0
2023-02-16 00:00:00-05:00,71.75,74.5,68.75,69.5,2912,0.0,0.0
2023-02-17 00:00:00-05:00,68.5,69.75,67.75,68.25,1680,0.0,0.0
2023-02-21 00:00:00-05:00,66.5,67.75,56.25,60.75,44064,0.0,0.0
2023-02-22 00:00:00-05:00,62.5,65.0,62.5,63.75,2980,0.0,0.0
2023-02-23 00:00:00-05:00,63.75,64.75,62.75,63.75,932,0.0,0.0
2023-02-24 00:00:00-05:00,63.5,64.0,57.25,60.0,3520,0.0,0.0
2023-02-27 00:00:00-05:00,59.75,61.25,59.75,60.75,1088,0.0,0.0
2023-02-28 00:00:00-05:00,60.75,63.0,59.0,61.75,3040,0.0,0.0
2023-03-01 00:00:00-05:00,61.25,62.5,61.25,61.5,1380,0.0,0.0
2023-03-02 00:00:00-05:00,61.25,62.0,61.0,61.25,1024,0.0,0.0
2023-03-03 00:00:00-05:00,61.25,62.0,60.25,61.25,1616,0.0,0.0
2023-03-06 00:00:00-05:00,61.0,61.5,60.5,60.75,828,0.0,0.0
2023-03-07 00:00:00-05:00,61.25,61.5,60.75,61.0,292,0.0,0.0
2023-03-08 00:00:00-05:00,61.5,62.0,60.75,61.0,724,0.0,0.0
2023-03-09 00:00:00-05:00,60.0,61.0,59.25,60.0,1728,0.0,0.0
2023-03-10 00:00:00-05:00,60.5,63.75,59.5,59.75,4880,0.0,0.0
2023-03-13 00:00:00-04:00,60.0,61.0,57.25,57.5,1988,0.0,0.0
2023-03-14 00:00:00-04:00,57.5,61.25,57.5,58.75,1656,0.0,0.0
2023-03-15 00:00:00-04:00,57.5,60.0,55.75,56.25,2112,0.0,0.0
2023-03-16 00:00:00-04:00,56.25,57.5,56.25,57.5,800,0.0,0.0
2023-03-17 00:00:00-04:00,57.5,59.0,57.0,57.0,1156,0.0,0.0
2023-03-20 00:00:00-04:00,56.5,57.0,53.5,54.5,2892,0.0,0.0
2023-03-21 00:00:00-04:00,55.0,57.0,55.0,55.25,4600,0.0,0.0
2023-03-22 00:00:00-04:00,55.75,56.25,54.5,55.0,1540,0.0,0.0
2023-03-23 00:00:00-04:00,55.0,55.5,54.5,54.75,1480,0.0,0.0
2023-03-24 00:00:00-04:00,55.0,55.0,52.75,53.0,1504,0.0,0.0
2023-03-27 00:00:00-04:00,53.75,53.75,46.5,51.75,10352,0.0,0.0
2023-03-28 00:00:00-04:00,52.0,52.25,49.0,49.25,1724,0.0,0.0
2023-03-29 00:00:00-04:00,49.25,52.5,48.0,51.25,7180,0.0,0.0
2023-03-30 00:00:00-04:00,51.25,51.5,50.75,50.75,2492,0.0,0.0
2023-03-31 00:00:00-04:00,52.25,52.75,50.0,50.0,13912,0.0,0.0
2023-04-03 00:00:00-04:00,51.0,62.0,50.0,56.25,22908,0.0,0.0
2023-04-04 00:00:00-04:00,57.75,63.0,56.25,59.5,4692,0.0,0.0
2023-04-05 00:00:00-04:00,59.25,59.25,57.75,58.5,2120,0.0,0.0
2023-04-06 00:00:00-04:00,57.75,61.75,56.25,60.75,1396,0.0,0.0
2023-04-10 00:00:00-04:00,60.0,61.75,58.75,58.75,1828,0.0,0.0
2023-04-11 00:00:00-04:00,60.0,62.5,59.0,61.5,1804,0.0,0.0
2023-04-12 00:00:00-04:00,60.75,61.0,59.25,59.75,1040,0.0,0.0
2023-04-13 00:00:00-04:00,59.75,60.25,59.75,60.25,1736,0.0,0.0
2023-04-14 00:00:00-04:00,59.75,59.75,59.25,59.5,1708,0.0,0.0
2023-04-17 00:00:00-04:00,59.25,59.75,57.75,58.25,1192,0.0,0.0
2023-04-18 00:00:00-04:00,58.75,59.75,58.0,59.5,464,0.0,0.0
2023-04-19 00:00:00-04:00,60.0,60.0,58.75,59.25,596,0.0,0.0
2023-04-20 00:00:00-04:00,58.75,59.25,56.75,58.25,492,0.0,0.0
2023-04-21 00:00:00-04:00,58.5,63.75,57.5,61.75,2048,0.0,0.0
2023-04-24 00:00:00-04:00,58.5,60.0,57.5,57.5,1040,0.0,0.0
2023-04-25 00:00:00-04:00,57.0,57.0,53.75,55.0,1008,0.0,0.0
2023-04-26 00:00:00-04:00,55.5,58.5,55.5,57.5,568,0.0,0.0
2023-04-27 00:00:00-04:00,55.75,56.25,53.75,54.25,2716,0.0,0.0
2023-04-28 00:00:00-04:00,53.25,70.0,51.25,69.75,4980,0.0,0.0
2023-05-01 00:00:00-04:00,63.5,68.25,61.0,62.0,4028,0.0,0.0
2023-05-02 00:00:00-04:00,62.5,62.5,58.0,58.75,2264,0.0,0.0
2023-05-03 00:00:00-04:00,55.0,62.25,53.0,54.0,7960,0.0,0.0
2023-05-04 00:00:00-04:00,48.75,55.25,48.75,54.0,2324,0.0,0.0
2023-05-05 00:00:00-04:00,55.0,59.5,55.0,58.75,2656,0.0,0.0
2023-05-08 00:00:00-04:00,58.75,59.5,57.5,57.5,1304,0.0,0.0
2023-05-09 00:00:00-04:00,57.5,58.75,56.5,58.25,848,0.0,0.0
2023-05-10 00:00:00-04:00,61.25,61.25,59.0,59.0,432,0.0,0.0
2023-05-11 00:00:00-04:00,57.5,58.0,55.75,57.5,948,0.0,0.0
2023-05-12 00:00:00-04:00,56.25,59.5,56.25,58.75,656,0.0,0.0
2023-05-15 00:00:00-04:00,57.0,59.75,57.0,57.5,664,0.0,0.0
2023-05-16 00:00:00-04:00,58.25,60.25,57.5,59.25,1232,0.0,0.0
2023-05-17 00:00:00-04:00,60.0,61.25,58.25,58.5,724,0.0,0.0
2023-05-18 00:00:00-04:00,58.25,60.0,58.25,58.75,1508,0.0,0.0
2023-05-19 00:00:00-04:00,57.5,59.5,56.25,56.5,3160,0.0,0.0
2023-05-22 00:00:00-04:00,55.25,57.0,54.0,54.5,2304,0.0,0.0
2023-05-23 00:00:00-04:00,53.0,55.75,53.0,55.0,1760,0.0,0.0
2023-05-24 00:00:00-04:00,55.75,56.25,53.75,55.5,672,0.0,0.0
2023-05-25 00:00:00-04:00,55.5,55.75,54.75,55.0,1704,0.0,0.0
2023-05-26 00:00:00-04:00,54.5,55.5,53.25,53.75,700,0.0,0.0
2023-05-30 00:00:00-04:00,54.5,55.25,50.5,53.0,4392,0.0,0.0
2023-05-31 00:00:00-04:00,53.0,53.0,51.25,52.75,2572,0.0,0.0
2023-06-01 00:00:00-04:00,53.5,54.25,51.75,53.0,1536,0.0,0.0
2023-06-02 00:00:00-04:00,53.0,56.75,52.75,56.0,3980,0.0,0.0
2023-06-05 00:00:00-04:00,55.5,56.25,53.25,54.75,2316,0.0,0.0
2023-06-06 00:00:00-04:00,53.25,56.25,53.25,55.25,4596,0.0,0.0
2023-06-07 00:00:00-04:00,54.0,56.25,53.75,55.25,1800,0.0,0.0
2023-06-08 00:00:00-04:00,54.75,57.75,54.5,57.75,2456,0.0,0.0
2023-06-09 00:00:00-04:00,57.0,57.25,54.25,56.0,2100,0.0,0.0
2023-06-12 00:00:00-04:00,55.0,55.0,54.0,54.5,2680,0.0,0.0
2023-06-13 00:00:00-04:00,54.25,56.5,54.25,56.25,4444,0.0,0.0
2023-06-14 00:00:00-04:00,55.25,55.5,54.5,54.75,3244,0.0,0.0
2023-06-15 00:00:00-04:00,54.5,57.5,54.5,55.75,5572,0.0,0.0
2023-06-16 00:00:00-04:00,56.25,57.75,56.0,57.0,11728,0.0,0.0
2023-06-20 00:00:00-04:00,57.0,57.0,54.75,56.0,900,0.0,0.0
2023-06-21 00:00:00-04:00,56.25,56.5,54.0,55.25,1264,0.0,0.0
2023-06-22 00:00:00-04:00,55.25,56.75,54.25,55.0,4576,0.0,0.0
2023-06-23 00:00:00-04:00,54.75,56.0,53.25,54.0,4776,0.0,0.0
2023-06-26 00:00:00-04:00,54.0,55.0,53.5,53.75,1084,0.0,0.0
2023-06-27 00:00:00-04:00,53.75,55.25,53.0,53.75,8376,0.0,0.0
2023-06-28 00:00:00-04:00,51.25,53.25,49.25,52.0,15864,0.0,0.0
2023-06-29 00:00:00-04:00,52.5,54.5,51.0,54.0,5948,0.0,0.0
2023-06-30 00:00:00-04:00,55.0,56.25,53.75,55.75,3280,0.0,0.0
2023-07-03 00:00:00-04:00,55.75,58.75,55.75,58.25,3332,0.0,0.0
2023-07-05 00:00:00-04:00,57.5,58.25,56.25,57.5,4388,0.0,0.0
2023-07-06 00:00:00-04:00,56.25,58.0,53.75,54.25,4152,0.0,0.0
2023-07-07 00:00:00-04:00,54.25,56.5,53.5,56.0,1920,0.0,0.0
2023-07-10 00:00:00-04:00,55.5,58.25,55.5,57.5,1640,0.0,0.0
2023-07-11 00:00:00-04:00,58.25,64.75,58.25,59.0,5152,0.0,0.0
2023-07-12 00:00:00-04:00,61.25,61.25,58.0,59.5,1860,0.0,0.0
2023-07-13 00:00:00-04:00,59.75,60.5,58.75,59.5,1728,0.0,0.0
2023-07-14 00:00:00-04:00,58.75,59.5,55.75,56.75,3780,0.0,0.0
2023-07-17 00:00:00-04:00,55.5,61.75,55.5,61.25,3092,0.0,0.0
2023-07-18 00:00:00-04:00,61.25,62.5,60.0,61.5,3556,0.0,0.0
2023-07-19 00:00:00-04:00,62.0,62.75,59.75,61.25,3732,0.0,0.0
2023-07-20 00:00:00-04:00,59.75,60.75,56.0,56.25,3120,0.0,0.0
2023-07-21 00:00:00-04:00,56.25,60.0,55.25,58.5,2892,0.0,0.0
2023-07-24 00:00:00-04:00,57.25,60.0,56.25,59.75,1688,0.0,0.0
2023-07-25 00:00:00-04:00,59.75,62.25,59.25,60.0,1612,0.0,0.0
2023-07-26 00:00:00-04:00,57.0,59.5,56.75,59.25,1292,0.0,0.0
2023-07-27 00:00:00-04:00,60.25,66.25,58.75,59.75,6260,0.0,0.0
2023-07-28 00:00:00-04:00,64.0,64.0,58.75,60.0,4244,0.0,0.0
2023-07-31 00:00:00-04:00,60.0,60.75,58.5,58.75,3736,0.0,0.0
2023-08-01 00:00:00-04:00,59.75,59.75,54.75,55.5,3092,0.0,0.0
2023-08-02 00:00:00-04:00,55.5,55.5,52.0,53.5,3712,0.0,0.0
2023-08-03 00:00:00-04:00,53.25,53.25,50.75,52.5,5148,0.0,0.0
2023-08-04 00:00:00-04:00,52.75,55.25,51.5,53.25,7384,0.0,0.0
2023-08-07 00:00:00-04:00,70.25,70.5,69.25,69.75,250980,0.0,0.0
2023-08-08 00:00:00-04:00,69.75,70.0,67.0,69.25,100476,0.0,0.0
2023-08-09 00:00:00-04:00,69.5,69.5,69.0,69.5,12588,0.0,0.0
2023-08-10 00:00:00-04:00,69.5,70.0,69.25,69.25,14948,0.0,0.0
2023-08-11 00:00:00-04:00,69.5,69.5,69.0,69.25,3416,0.0,0.0
2023-08-14 00:00:00-04:00,69.0,69.5,68.75,69.0,18652,0.0,0.0
2023-08-15 00:00:00-04:00,68.75,69.0,68.75,69.0,3384,0.0,0.0
2023-08-16 00:00:00-04:00,68.75,69.5,68.75,69.5,4080,0.0,0.0
2023-08-17 00:00:00-04:00,69.0,69.5,68.75,69.0,6160,0.0,0.0
2023-08-18 00:00:00-04:00,69.25,69.25,68.75,69.25,1876,0.0,0.0
2023-08-21 00:00:00-04:00,68.75,69.5,68.75,69.5,2464,0.0,0.0
2023-08-22 00:00:00-04:00,70.5,70.5,68.75,69.5,4236,0.0,0.0
2023-08-23 00:00:00-04:00,69.25,69.5,69.25,69.5,1772,0.0,0.0
2023-08-24 00:00:00-04:00,69.25,69.5,69.0,69.0,6728,0.0,0.0
2023-08-25 00:00:00-04:00,69.0,69.5,69.0,69.0,4540,0.0,0.0
2023-08-28 00:00:00-04:00,69.0,69.75,69.0,69.0,3436,0.0,0.0
2023-08-29 00:00:00-04:00,69.5,70.0,69.0,69.75,5580,0.0,0.0
2023-08-30 00:00:00-04:00,69.5,70.25,69.25,70.0,5996,0.0,0.0
2023-08-31 00:00:00-04:00,70.75,70.75,69.5,69.75,5732,0.0,0.0
2023-09-01 00:00:00-04:00,69.75,70.5,69.75,69.75,1948,0.0,0.0
2023-09-05 00:00:00-04:00,69.75,70.25,69.75,70.0,2284,0.0,0.0
2023-09-06 00:00:00-04:00,70.0,72.5,69.75,70.75,4852,0.0,0.0
2023-09-07 00:00:00-04:00,69.75,72.0,69.75,71.0,4080,0.0,0.0
2023-09-08 00:00:00-04:00,71.0,71.0,70.0,70.5,3480,0.0,0.0
2023-09-11 00:00:00-04:00,71.25,71.25,69.75,70.5,14040,0.0,0.0
2023-09-12 00:00:00-04:00,70.25,70.75,70.25,70.5,11640,0.0,0.0
2023-09-13 00:00:00-04:00,71.0,71.25,70.5,71.0,6180,0.0,0.0
2023-09-14 00:00:00-04:00,71.5,71.5,71.0,71.25,3528,0.0,0.0
2023-09-15 00:00:00-04:00,71.75,72.0,70.5,70.5,7800,0.0,0.0
2023-09-18 00:00:00-04:00,70.75,71.75,70.75,71.25,3500,0.0,0.0
2023-09-19 00:00:00-04:00,71.0,71.5,71.0,71.25,5804,0.0,0.0
2023-09-20 00:00:00-04:00,71.25,71.5,71.0,71.0,8380,0.0,0.0
2023-09-21 00:00:00-04:00,71.25,71.25,70.75,71.25,17596,0.0,0.0
2023-09-22 00:00:00-04:00,71.75,71.75,71.0,71.25,1160,0.0,0.0
2023-09-25 00:00:00-04:00,70.75,71.25,70.5,70.75,11200,0.0,0.0
2023-09-26 00:00:00-04:00,70.75,71.0,70.5,71.0,13572,0.0,0.0
2023-09-27 00:00:00-04:00,70.75,71.0,70.5,70.5,6992,0.0,0.0
2023-09-28 00:00:00-04:00,70.5,72.0,70.5,70.5,8784,0.0,0.0
2023-09-29 00:00:00-04:00,70.5,71.25,70.5,70.75,2032,0.0,0.0
2023-10-02 00:00:00-04:00,70.75,71.25,70.75,71.0,4736,0.0,0.0
2023-10-03 00:00:00-04:00,70.75,71.25,68.75,71.0,6704,0.0,0.0
2023-10-04 00:00:00-04:00,70.75,71.0,70.5,70.75,1796,0.0,0.0
2023-10-05 00:00:00-04:00,69.25,72.25,69.25,71.5,2568,0.0,0.0
2023-10-06 00:00:00-04:00,71.25,72.5,71.25,71.75,2412,0.0,0.0
2023-10-09 00:00:00-04:00,71.25,72.25,71.25,72.25,468,0.0,0.0
2023-10-10 00:00:00-04:00,72.0,73.25,72.0,72.75,3404,0.0,0.0
2023-10-11 00:00:00-04:00,72.5,73.0,72.0,72.75,1508,0.0,0.0
2023-10-12 00:00:00-04:00,72.25,72.75,72.25,72.5,284,0.0,0.0
2023-10-13 00:00:00-04:00,72.25,72.5,72.25,72.25,728,0.0,0.0
2023-10-16 00:00:00-04:00,72.25,72.5,72.25,72.25,1076,0.0,0.0
2023-10-17 00:00:00-04:00,72.25,72.25,65.5,68.5,31880,0.0,0.0
2023-10-18 00:00:00-04:00,68.5,69.25,68.5,69.25,2032,0.0,0.0
2023-10-19 00:00:00-04:00,68.75,69.25,68.75,69.25,1392,0.0,0.0
2023-10-20 00:00:00-04:00,68.25,70.0,68.25,69.5,1496,0.0,0.0
2023-10-23 00:00:00-04:00,70.0,70.5,69.25,70.25,2156,0.0,0.0
2023-10-24 00:00:00-04:00,70.0,70.75,70.0,70.5,6128,0.0,0.0
2023-10-25 00:00:00-04:00,68.75,70.25,68.75,70.25,1020,0.0,0.0
2023-10-26 00:00:00-04:00,70.0,70.5,70.0,70.5,2772,0.0,0.0
2023-10-27 00:00:00-04:00,70.0,70.5,70.0,70.25,1964,0.0,0.0
2023-10-30 00:00:00-04:00,70.75,70.75,70.0,70.5,1172,0.0,0.0
2023-10-31 00:00:00-04:00,69.25,70.75,69.25,70.5,788,0.0,0.0
2023-11-01 00:00:00-04:00,70.5,70.75,70.0,70.5,2444,0.0,0.0
2023-11-02 00:00:00-04:00,70.75,71.25,70.5,71.25,3600,0.0,0.0
2023-11-03 00:00:00-04:00,71.25,71.25,71.0,71.25,2380,0.0,0.0
2023-11-06 00:00:00-05:00,72.25,73.25,72.0,72.5,2852,0.0,0.0
2023-11-07 00:00:00-05:00,72.5,72.5,72.25,72.5,3924,0.0,0.0
2023-11-08 00:00:00-05:00,72.0,72.5,72.0,72.25,3560,0.0,0.0
2023-11-09 00:00:00-05:00,71.25,73.0,71.25,72.5,3872,0.0,0.0
2023-11-10 00:00:00-05:00,72.75,72.75,72.25,72.5,452,0.0,0.0
2023-11-13 00:00:00-05:00,72.5,72.5,72.0,72.0,5036,0.0,0.0
2023-11-14 00:00:00-05:00,72.0,72.5,71.75,71.75,4720,0.0,0.0
2023-11-15 00:00:00-05:00,71.75,72.5,71.75,72.25,1480,0.0,0.0
2023-11-16 00:00:00-05:00,72.25,72.5,72.25,72.5,4544,0.0,0.0
2023-11-17 00:00:00-05:00,72.5,73.75,71.5,72.0,44436,0.0,0.0
2023-11-20 00:00:00-05:00,72.5,72.5,71.75,71.75,2008,0.0,0.0
2023-11-21 00:00:00-05:00,71.5,72.0,71.5,71.75,784,0.0,0.0
2023-11-22 00:00:00-05:00,71.5,72.25,71.5,72.25,1132,0.0,0.0
2023-11-24 00:00:00-05:00,72.5,72.5,71.75,71.75,96,0.0,0.0
2023-11-27 00:00:00-05:00,73.0,73.0,71.25,71.25,11024,0.0,0.0
2023-11-28 00:00:00-05:00,72.0,72.5,72.0,72.5,6004,0.0,0.0
2023-11-29 00:00:00-05:00,72.5,72.5,71.25,71.75,2672,0.0,0.0
2023-11-30 00:00:00-05:00,71.5,72.0,71.5,72.0,676,0.0,0.0
2023-12-01 00:00:00-05:00,72.0,72.25,71.75,72.25,784,0.0,0.0
2023-12-04 00:00:00-05:00,72.25,72.25,71.5,72.25,1200,0.0,0.0
2023-12-05 00:00:00-05:00,72.5,72.5,69.0,69.75,22116,0.0,0.0
2023-12-06 00:00:00-05:00,69.5,70.5,69.5,70.5,2224,0.0,0.0
2023-12-07 00:00:00-05:00,69.75,70.25,69.25,69.75,7476,0.0,0.0
2023-12-08 00:00:00-05:00,70.25,70.5,69.75,70.5,1820,0.0,0.0
2023-12-11 00:00:00-05:00,70.25,70.5,70.0,70.5,296,0.0,0.0
2023-12-12 00:00:00-05:00,70.5,70.5,70.0,70.5,2480,0.0,0.0
2023-12-13 00:00:00-05:00,69.75,70.5,69.25,70.0,2012,0.0,0.0
2023-12-14 00:00:00-05:00,69.25,70.0,69.25,69.75,1092,0.0,0.0
2023-12-15 00:00:00-05:00,70.0,70.25,70.0,70.25,1152,0.0,0.0
2023-12-18 00:00:00-05:00,70.75,71.25,70.5,70.75,1880,0.0,0.0
2023-12-19 00:00:00-05:00,70.25,71.0,70.25,70.75,3416,0.0,0.0
2023-12-20 00:00:00-05:00,70.25,71.0,70.25,70.5,488,0.0,0.0
2023-12-21 00:00:00-05:00,70.25,71.0,70.25,70.5,1596,0.0,0.0
2023-12-22 00:00:00-05:00,69.75,70.75,69.75,70.0,2216,0.0,0.0
2023-12-26 00:00:00-05:00,69.75,70.5,69.75,70.0,4656,0.0,0.0
2023-12-27 00:00:00-05:00,70.0,70.25,69.75,70.0,9032,0.0,0.0
2023-12-28 00:00:00-05:00,70.0,70.75,69.75,70.25,3576,0.0,0.0
2023-12-29 00:00:00-05:00,70.5,71.25,70.5,70.75,3052,0.0,0.0
2024-01-02 00:00:00-05:00,70.75,70.75,70.25,70.25,2548,0.0,0.0
2024-01-03 00:00:00-05:00,70.25,70.5,68.75,69.75,29304,0.0,0.0
2024-01-04 00:00:00-05:00,70.0,70.75,69.5,70.25,1524,0.0,0.0
2024-01-05 00:00:00-05:00,70.0,70.75,69.75,70.75,1960,0.0,0.0
2024-01-08 00:00:00-05:00,70.5,71.75,70.5,70.75,1756,0.0,0.0
2024-01-09 00:00:00-05:00,71.25,71.25,70.75,71.25,3244,0.0,0.0
2024-01-10 00:00:00-05:00,70.75,71.0,70.75,71.0,2400,0.0,0.0
2024-01-11 00:00:00-05:00,71.0,71.0,70.75,71.0,1700,0.0,0.0
2024-01-12 00:00:00-05:00,70.75,71.5,70.75,71.25,2208,0.0,0.0
2024-01-16 00:00:00-05:00,70.75,71.25,70.75,71.0,1204,0.0,0.0
2024-01-17 00:00:00-05:00,71.0,71.25,70.75,70.75,7932,0.0,0.0
2024-01-18 00:00:00-05:00,70.75,71.25,70.5,71.0,7092,0.0,0.0
2024-01-19 00:00:00-05:00,70.75,71.75,70.75,71.5,7532,0.0,0.0
2024-01-22 00:00:00-05:00,71.75,71.75,71.25,71.5,1876,0.0,0.0
2024-01-23 00:00:00-05:00,71.25,72.0,71.25,72.0,1308,0.0,0.0
2024-01-24 00:00:00-05:00,71.75,72.0,71.0,71.25,984,0.0,0.0
2024-01-25 00:00:00-05:00,71.25,71.75,71.25,71.75,2756,0.0,0.0
2024-01-26 00:00:00-05:00,71.25,72.5,71.25,72.25,5076,0.0,0.0
2024-01-29 00:00:00-05:00,72.0,73.25,72.0,73.25,26128,0.0,0.0
2024-01-30 00:00:00-05:00,73.25,73.75,73.0,73.75,1208,0.0,0.0
2024-01-31 00:00:00-05:00,73.5,73.75,73.5,73.75,2400,0.0,0.0
2024-02-01 00:00:00-05:00,73.25,73.75,73.25,73.5,1464,0.0,0.0
2024-02-02 00:00:00-05:00,73.0,73.0,72.75,73.0,2352,0.0,0.0
2024-02-05 00:00:00-05:00,72.25,72.75,72.0,72.5,1180,0.0,0.0
2024-02-06 00:00:00-05:00,72.5,72.75,72.0,72.25,4864,0.0,0.0
2024-02-07 00:00:00-05:00,71.75,72.75,71.75,72.5,1004,0.0,0.0
2024-02-08 00:00:00-05:00,74.25,74.25,72.75,73.0,768,0.0,0.0
2024-02-09 00:00:00-05:00,73.25,73.25,72.75,72.75,1500,0.0,0.0
2024-02-12 00:00:00-05:00,71.5,72.5,71.5,72.0,976,0.0,0.0
2024-02-13 00:00:00-05:00,71.5,72.75,71.5,72.5,1404,0.0,0.0
2024-02-14 00:00:00-05:00,73.25,73.25,72.25,73.0,952,0.0,0.0
2024-02-15 00:00:00-05:00,73.0,73.0,72.75,73.0,856,0.0,0.0
2024-02-16 00:00:00-05:00,72.5,73.0,72.0,72.25,784,0.0,0.0
2024-02-20 00:00:00-05:00,71.75,71.75,62.75,62.75,36208,0.0,0.0
2024-02-21 00:00:00-05:00,62.75,65.25,62.75,65.0,16948,0.0,0.0
2024-02-22 00:00:00-05:00,64.5,65.0,64.0,64.0,11972,0.0,0.0
2024-02-23 00:00:00-05:00,31.75,31.75,16.5,22.5,501988,0.0,0.0
2024-02-26 00:00:00-05:00,22.75,22.75,19.25,21.25,87956,0.0,0.0
2024-02-27 00:00:00-05:00,22.5,22.5,20.0,20.75,24856,0.0,0.0
2024-02-28 00:00:00-05:00,21.0,21.0,19.0,19.0,34068,0.0,0.0
2024-02-29 00:00:00-05:00,19.0,19.25,16.5,16.75,46420,0.0,0.0
2024-03-01 00:00:00-05:00,16.75,18.0,16.5,17.5,41600,0.0,0.0
2024-03-04 00:00:00-05:00,18.0,18.25,17.5,18.25,18644,0.0,0.0
2024-03-05 00:00:00-05:00,18.75,18.75,17.5,17.75,15928,0.0,0.0
2024-03-06 00:00:00-05:00,18.25,18.75,17.5,18.0,17332,0.0,0.0
2024-03-07 00:00:00-05:00,17.5,18.5,13.75,14.0,42220,0.0,0.0
2024-03-08 00:00:00-05:00,13.75,15.25,13.75,15.25,34780,0.0,0.0
2024-03-11 00:00:00-04:00,15.75,16.0,13.75,14.0,17092,0.0,0.0
2024-03-12 00:00:00-04:00,14.0,14.25,13.25,13.5,14680,0.0,0.0
2024-03-13 00:00:00-04:00,13.5,13.5,13.25,13.5,7520,0.0,0.0
2024-03-14 00:00:00-04:00,13.5,13.5,11.75,11.75,18996,0.0,0.0
2024-03-15 00:00:00-04:00,12.75,12.75,11.25,11.25,18972,0.0,0.0
2024-03-18 00:00:00-04:00,11.25,13.0,11.25,12.25,39700,0.0,0.0
2024-03-19 00:00:00-04:00,12.0,12.25,11.25,12.0,3276,0.0,0.0
2024-03-20 00:00:00-04:00,11.75,12.25,11.25,11.25,8224,0.0,0.0
2024-03-21 00:00:00-04:00,11.25,12.0,11.25,11.75,7940,0.0,0.0
2024-03-22 00:00:00-04:00,12.5,12.5,11.5,11.75,3696,0.0,0.0
2024-03-25 00:00:00-04:00,11.25,11.75,11.25,11.5,3212,0.0,0.0
2024-03-26 00:00:00-04:00,11.25,11.5,9.75,10.0,20408,0.0,0.0
2024-03-27 00:00:00-04:00,11.5,11.5,10.0,10.0,9556,0.0,0.0
2024-03-28 00:00:00-04:00,10.75,10.75,9.75,9.75,14252,0.0,0.0
2024-04-01 00:00:00-04:00,10.0,10.75,8.5,8.75,20316,0.0,0.0
2024-04-02 00:00:00-04:00,9.0,9.75,9.0,9.5,23436,0.0,0.0
2024-04-03 00:00:00-04:00,9.5,11.25,9.5,11.0,30280,0.0,0.0
2024-04-04 00:00:00-04:00,11.0,14.5,11.0,14.0,37268,0.0,0.0
2024-04-05 00:00:00-04:00,14.5,14.5,11.25,12.5,22684,0.0,0.0
2024-04-08 00:00:00-04:00,12.75,14.0,12.75,13.75,19296,0.0,0.0
2024-04-09 00:00:00-04:00,13.75,14.5,13.0,13.75,14976,0.0,0.0
2024-04-10 00:00:00-04:00,15.0,15.0,12.75,12.75,3204,0.0,0.0
2024-04-11 00:00:00-04:00,13.75,13.75,12.75,13.5,6088,0.0,0.0
2024-04-12 00:00:00-04:00,14.0,14.5,13.0,14.25,11208,0.0,0.0
2024-04-15 00:00:00-04:00,14.75,14.75,13.5,14.0,8204,0.0,0.0
2024-04-16 00:00:00-04:00,14.0,14.75,13.75,14.5,3784,0.0,0.0
2024-04-17 00:00:00-04:00,14.25,14.25,13.0,13.25,7864,0.0,0.0
2024-04-18 00:00:00-04:00,16.25,16.25,14.25,14.25,8852,0.0,0.0
2024-04-19 00:00:00-04:00,14.25,14.25,13.75,14.0,1348,0.0,0.0
2024-04-22 00:00:00-04:00,13.5,13.75,12.5,12.5,4628,0.0,0.0
2024-04-23 00:00:00-04:00,10.25,12.75,10.25,12.75,8324,0.0,0.0
2024-04-24 00:00:00-04:00,12.0,13.25,11.75,13.25,2404,0.0,0.0
2024-04-25 00:00:00-04:00,13.75,14.0,12.75,12.75,6520,0.0,0.0
2024-04-26 00:00:00-04:00,13.75,14.0,12.75,13.25,2132,0.0,0.0
2024-04-29 00:00:00-04:00,13.75,13.75,13.0,13.5,4384,0.0,0.0
2024-04-30 00:00:00-04:00,13.5,13.5,12.0,12.25,2848,0.0,0.0
2024-05-01 00:00:00-04:00,13.5,13.75,12.25,12.25,2584,0.0,0.0
2024-05-02 00:00:00-04:00,12.25,12.75,11.5,12.75,2664,0.0,0.0
2024-05-03 00:00:00-04:00,12.25,13.75,12.25,13.75,5516,0.0,0.0
2024-05-06 00:00:00-04:00,12.5,13.75,12.5,13.5,1540,0.0,0.0
2024-05-07 00:00:00-04:00,14.0,14.0,13.0,13.0,2500,0.0,0.0
2024-05-08 00:00:00-04:00,13.25,13.25,12.0,12.5,6432,0.0,0.0
2024-05-09 00:00:00-04:00,12.75,12.75,11.75,12.0,1884,0.0,0.0
2024-05-10 00:00:00-04:00,12.25,12.5,11.25,12.5,4312,0.0,0.0
2024-05-13 00:00:00-04:00,12.75,12.75,12.0,12.5,1516,0.0,0.0
2024-05-14 00:00:00-04:00,12.5,12.5,11.75,12.0,4300,0.0,0.0
2024-05-15 00:00:00-04:00,11.75,12.5,11.75,12.25,2832,0.0,0.0
2024-05-16 00:00:00-04:00,11.75,12.75,11.75,12.5,5184,0.0,0.0
2024-05-17 00:00:00-04:00,12.75,14.5,12.75,13.0,7828,0.0,0.0
2024-05-20 00:00:00-04:00,12.75,13.75,12.5,12.5,8108,0.0,0.0
2024-05-21 00:00:00-04:00,12.5,17.75,12.5,17.5,33312,0.0,0.0
2024-05-22 00:00:00-04:00,17.75,18.25,14.5,15.0,17624,0.0,0.0
2024-05-23 00:00:00-04:00,15.25,17.5,14.0,16.0,6308,0.0,0.0
2024-05-24 00:00:00-04:00,15.5,17.0,15.25,17.0,4884,0.0,0.0
2024-05-28 00:00:00-04:00,17.0,18.5,16.75,17.25,13488,0.0,0.0
2024-05-29 00:00:00-04:00,18.25,18.25,16.25,17.25,1880,0.0,0.0
2024-05-30 00:00:00-04:00,16.25,20.0,16.25,18.5,11212,0.0,0.0
2024-05-31 00:00:00-04:00,17.75,19.5,17.5,19.5,3148,0.0,0.0
2024-06-03 00:00:00-04:00,20.0,20.0,17.0,17.5,4608,0.0,0.0
2024-06-04 00:00:00-04:00,17.25,18.75,16.75,17.25,2880,0.0,0.0
2024-06-05 00:00:00-04:00,17.5,17.75,15.25,15.5,6928,0.0,0.0
2024-06-06 00:00:00-04:00,16.0,16.75,15.5,16.0,1464,0.0,0.0
2024-06-07 00:00:00-04:00,16.0,16.75,16.0,16.25,316,0.0,0.0
2024-06-10 00:00:00-04:00,16.5,17.5,16.0,16.25,3544,0.0,0.0
2024-06-11 00:00:00-04:00,16.25,16.5,13.75,13.75,5600,0.0,0.0
2024-06-12 00:00:00-04:00,14.0,14.75,14.0,14.75,944,0.0,0.0
2024-06-13 00:00:00-04:00,16.25,16.25,14.25,15.0,1604,0.0,0.0
2024-06-14 00:00:00-04:00,14.25,15.0,13.75,14.5,1096,0.0,0.0
2024-06-17 00:00:00-04:00,14.5,15.25,13.0,13.0,3600,0.0,0.0
2024-06-18 00:00:00-04:00,12.5,12.5,10.75,12.0,34732,0.0,0.0
2024-06-20 00:00:00-04:00,12.0,12.25,11.75,12.0,4624,0.0,0.0
2024-06-21 00:00:00-04:00,12.25,13.25,12.0,12.25,3804,0.0,0.0
2024-06-24 00:00:00-04:00,13.25,13.25,12.25,12.5,6460,0.0,0.0
2024-06-25 00:00:00-04:00,13.0,13.0,11.75,12.25,2156,0.0,0.0
2024-06-26 00:00:00-04:00,12.5,13.25,12.25,12.5,3948,0.0,0.0
2024-06-27 00:00:00-04:00,12.25,12.5,12.25,12.5,2628,0.0,0.0
2024-06-28 00:00:00-04:00,12.5,12.75,12.25,12.5,2440,0.0,0.0
2024-07-01 00:00:00-04:00,12.75,15.0,12.5,13.0,10624,0.0,0.0
2024-07-02 00:00:00-04:00,11.75,13.5,11.75,13.0,1108,0.0,0.0
2024-07-03 00:00:00-04:00,12.5,13.5,12.5,13.25,668,0.0,0.0
2024-07-05 00:00:00-04:00,13.25,13.75,13.25,13.75,5344,0.0,0.0
2024-07-08 00:00:00-04:00,13.75,14.25,13.25,13.75,2648,0.0,0.0
2024-07-09 00:00:00-04:00,13.75,13.75,12.75,13.5,2276,0.0,0.0
2024-07-10 00:00:00-04:00,13.25,13.75,12.5,12.75,6108,0.0,0.0
2024-07-11 00:00:00-04:00,13.25,14.0,12.75,14.0,3780,0.0,0.0
2024-07-12 00:00:00-04:00,13.25,14.75,13.25,14.25,3980,0.0,0.0
2024-07-15 00:00:00-04:00,13.5,13.5,9.5,12.25,9184,0.0,0.0
2024-07-16 00:00:00-04:00,11.25,12.5,11.25,12.0,5644,0.0,0.0
2024-07-17 00:00:00-04:00,12.25,12.25,11.5,11.5,3944,0.0,0.0
2024-07-18 00:00:00-04:00,12.0,12.75,11.75,12.0,2892,0.0,0.0
2024-07-19 00:00:00-04:00,12.0,12.75,12.0,12.25,2228,0.0,0.0
2024-07-22 00:00:00-04:00,12.0,12.5,11.5,11.5,2868,0.0,0.0
2024-07-23 00:00:00-04:00,11.5,13.5,11.5,13.5,8968,0.0,0.0
2024-07-24 00:00:00-04:00,13.5,13.5,12.5,13.25,2224,0.0,0.0
2024-07-25 00:00:00-04:00,13.5,13.5,13.0,13.25,796,0.0,0.0
2024-07-26 00:00:00-04:00,13.25,13.5,12.5,13.0,1772,0.0,0.0
2024-07-29 00:00:00-04:00,12.5,13.0,12.5,12.5,6768,0.0,0.0
2024-07-30 00:00:00-04:00,12.25,13.0,12.25,12.75,1376,0.0,0.0
2024-07-31 00:00:00-04:00,12.75,13.0,12.75,13.0,600,0.0,0.0
2024-08-01 00:00:00-04:00,12.75,13.0,12.75,12.75,1400,0.0,0.0
2024-08-02 00:00:00-04:00,13.0,13.0,12.0,12.25,5032,0.0,0.0
2024-08-05 00:00:00-04:00,12.5,12.75,11.75,12.5,1828,0.0,0.0
2024-08-06 00:00:00-04:00,12.5,13.25,12.5,13.25,5480,0.0,0.0
2024-08-07 00:00:00-04:00,13.0,14.0,12.25,13.25,8632,0.0,0.0
2024-08-08 00:00:00-04:00,13.25,13.75,13.25,13.5,4696,0.0,0.0
2024-08-09 00:00:00-04:00,13.75,14.25,13.25,14.0,5968,0.0,0.0
2024-08-12 00:00:00-04:00,13.0,14.25,13.0,14.0,2956,0.0,0.0
2024-08-13 00:00:00-04:00,13.5,14.0,13.25,14.0,7152,0.0,0.0
2024-08-14 00:00:00-04:00,13.25,14.25,13.25,13.5,1356,0.0,0.0
2024-08-15 00:00:00-04:00,13.5,14.0,13.25,13.75,708,0.0,0.0
2024-08-16 00:00:00-04:00,13.75,13.75,13.5,13.5,2692,0.0,0.0
2024-08-19 00:00:00-04:00,13.5,14.25,13.5,14.0,4488,0.0,0.0
2024-08-20 00:00:00-04:00,14.0,15.0,14.0,14.5,3736,0.0,0.0
2024-08-21 00:00:00-04:00,14.25,14.25,13.25,13.75,1484,0.0,0.0
2024-08-22 00:00:00-04:00,13.25,14.75,13.25,13.5,5984,0.0,0.0
2024-08-23 00:00:00-04:00,39.5,42.75,27.5,28.75,3363808,0.0,0.0
2024-08-26 00:00:00-04:00,31.5,32.5,26.75,29.5,222624,0.0,0.0
2024-08-27 00:00:00-04:00,30.5,30.5,26.75,27.0,64664,0.0,0.0
2024-08-28 00:00:00-04:00,26.25,27.75,25.25,25.5,79480,0.0,0.0
2024-08-29 00:00:00-04:00,25.5,25.75,23.75,24.0,43452,0.0,0.0
2024-08-30 00:00:00-04:00,24.0,25.75,23.5,25.0,30080,0.0,0.0
2024-09-03 00:00:00-04:00,25.0,26.5,24.25,24.25,13832,0.0,0.0
2024-09-04 00:00:00-04:00,23.75,24.75,23.75,24.5,9816,0.0,0.0
2024-09-05 00:00:00-04:00,23.75,28.5,23.75,28.0,41636,0.0,0.0
2024-09-06 00:00:00-04:00,26.0,27.75,26.0,26.0,8180,0.0,0.0
2024-09-09 00:00:00-04:00,26.5,26.5,25.0,25.5,8336,0.0,0.0
2024-09-10 00:00:00-04:00,26.0,26.5,24.5,24.5,13320,0.0,0.0
2024-09-11 00:00:00-04:00,24.5,25.0,23.75,24.25,13180,0.0,0.0
2024-09-12 00:00:00-04:00,25.0,25.75,24.0,25.25,9580,0.0,0.0
2024-09-13 00:00:00-04:00,24.75,25.75,24.5,25.0,5912,0.0,0.0
2024-09-16 00:00:00-04:00,24.5,25.0,24.25,24.25,7156,0.0,0.0
2024-09-17 00:00:00-04:00,24.25,25.0,24.0,25.0,7328,0.0,0.0
2024-09-18 00:00:00-04:00,24.25,26.25,24.25,25.25,12928,0.0,0.0
2024-09-19 00:00:00-04:00,25.0,25.5,24.5,24.75,6572,0.0,0.0
2024-09-20 00:00:00-04:00,24.5,26.0,24.5,25.25,6176,0.0,0.0
2024-09-23 00:00:00-04:00,25.25,25.75,24.25,24.75,8356,0.0,0.0
2024-09-24 00:00:00-04:00,25.25,25.75,24.25,25.75,10916,0.0,0.0
2024-09-25 00:00:00-04:00,25.75,25.75,24.5,25.5,5012,0.0,0.0
2024-09-26 00:00:00-04:00,25.0,27.75,24.5,27.5,15792,0.0,0.0
2024-09-27 00:00:00-04:00,28.5,28.75,26.75,27.75,8948,0.0,0.0
2024-09-30 00:00:00-04:00,28.0,30.5,28.0,29.75,29708,0.0,0.0
2024-10-01 00:00:00-04:00,30.5,31.25,26.25,27.75,19064,0.0,0.0
2024-10-02 00:00:00-04:00,26.5,29.25,25.75,28.5,16332,0.0,0.0
2024-10-03 00:00:00-04:00,27.75,28.25,26.5,27.25,2160,0.0,0.0
2024-10-04 00:00:00-04:00,26.75,27.5,25.0,26.75,5312,0.0,0.0
2024-10-07 00:00:00-04:00,25.25,27.0,25.0,26.0,7480,0.0,0.0
2024-10-08 00:00:00-04:00,25.5,26.25,25.25,25.75,5768,0.0,0.0
2024-10-09 00:00:00-04:00,25.700000762939453,26.700000762939453,23.600000381469727,24.0,15300,0.0,0.4
2024-10-10 00:00:00-04:00,23.799999237060547,24.0,23.0,23.899999618530273,11380,0.0,0.0
2024-10-11 00:00:00-04:00,23.799999237060547,24.600000381469727,23.600000381469727,24.0,5650,0.0,0.0
2024-10-14 00:00:00-04:00,23.0,24.200000762939453,23.0,23.0,11250,0.0,0.0
2024-10-15 00:00:00-04:00,23.5,24.0,22.600000381469727,22.799999237060547,6530,0.0,0.0
2024-10-16 00:00:00-04:00,22.700000762939453,23.799999237060547,22.600000381469727,23.600000381469727,9840,0.0,0.0
2024-10-17 00:00:00-04:00,23.399999618530273,23.899999618530273,22.899999618530273,23.700000762939453,3170,0.0,0.0
2024-10-18 00:00:00-04:00,23.600000381469727,24.799999237060547,23.5,24.700000762939453,8590,0.0,0.0
2024-10-21 00:00:00-04:00,23.600000381469727,24.200000762939453,22.799999237060547,23.299999237060547,5960,0.0,0.0
2024-10-22 00:00:00-04:00,23.799999237060547,23.899999618530273,23.200000762939453,23.899999618530273,1850,0.0,0.0
2024-10-23 00:00:00-04:00,23.899999618530273,24.5,23.600000381469727,23.700000762939453,1430,0.0,0.0
2024-10-24 00:00:00-04:00,23.200000762939453,23.299999237060547,23.0,23.0,2130,0.0,0.0
2024-10-25 00:00:00-04:00,23.299999237060547,23.799999237060547,22.799999237060547,23.600000381469727,2280,0.0,0.0
2024-10-28 00:00:00-04:00,23.0,23.600000381469727,22.799999237060547,23.399999618530273,4480,0.0,0.0
2024-10-29 00:00:00-04:00,23.399999618530273,24.0,22.5,23.5,7780,0.0,0.0
2024-10-30 00:00:00-04:00,24.100000381469727,24.100000381469727,22.600000381469727,22.899999618530273,4440,0.0,0.0
2024-10-31 00:00:00-04:00,23.5,24.0,23.5,24.0,25500,0.0,0.0
2024-11-01 00:00:00-04:00,24.100000381469727,26.100000381469727,23.600000381469727,26.0,19120,0.0,0.0
2024-11-04 00:00:00-05:00,26.299999237060547,27.100000381469727,25.100000381469727,25.5,15780,0.0,0.0
2024-11-05 00:00:00-05:00,27.5,29.799999237060547,26.600000381469727,27.100000381469727,91090,0.0,0.0
2024-11-06 00:00:00-05:00,26.0,29.799999237060547,26.0,28.799999237060547,31360,0.0,0.0
2024-11-07 00:00:00-05:00,28.600000381469727,29.0,27.100000381469727,28.0,11900,0.0,0.0
2024-11-08 00:00:00-05:00,26.799999237060547,27.5,25.700000762939453,26.399999618530273,11300,0.0,0.0
2024-11-11 00:00:00-05:00,27.0,28.200000762939453,26.5,28.200000762939453,9470,0.0,0.0
2024-11-12 00:00:00-05:00,27.299999237060547,28.100000381469727,27.200000762939453,27.5,6600,0.0,0.0
2024-11-13 00:00:00-05:00,27.700000762939453,28.0,26.299999237060547,26.600000381469727,8380,0.0,0.0
2024-11-14 00:00:00-05:00,26.399999618530273,27.100000381469727,26.399999618530273,26.5,4050,0.0,0.0
2024-11-15 00:00:00-05:00,26.200000762939453,26.200000762939453,25.100000381469727,25.700000762939453,10120,0.0,0.0
2024-11-18 00:00:00-05:00,25.600000381469727,26.700000762939453,25.200000762939453,26.0,6430,0.0,0.0
2024-11-19 00:00:00-05:00,25.100000381469727,27.0,24.5,26.899999618530273,14820,0.0,0.0
2024-11-20 00:00:00-05:00,26.299999237060547,28.100000381469727,26.200000762939453,27.899999618530273,13480,0.0,0.0
2024-11-21 00:00:00-05:00,28.0,28.200000762939453,27.200000762939453,28.0,11940,0.0,0.0
2024-11-22 00:00:00-05:00,27.799999237060547,28.0,27.399999618530273,27.700000762939453,7540,0.0,0.0
2024-11-25 00:00:00-05:00,28.0,28.200000762939453,26.799999237060547,28.100000381469727,13830,0.0,0.0
2024-11-26 00:00:00-05:00,28.200000762939453,28.799999237060547,26.799999237060547,27.0,9600,0.0,0.0
2024-11-27 00:00:00-05:00,27.600000381469727,28.799999237060547,27.0,28.200000762939453,12630,0.0,0.0
2024-11-29 00:00:00-05:00,28.5,30.100000381469727,27.5,29.799999237060547,30650,0.0,0.0
2024-12-02 00:00:00-05:00,31.5,34.79999923706055,31.299999237060547,34.099998474121094,74740,0.0,0.0
2024-12-03 00:00:00-05:00,34.0,34.70000076293945,31.5,34.29999923706055,28470,0.0,0.0
2024-12-04 00:00:00-05:00,33.79999923706055,34.29999923706055,32.0,33.599998474121094,10230,0.0,0.0
2024-12-05 00:00:00-05:00,33.599998474121094,34.29999923706055,33.29999923706055,33.900001525878906,15180,0.0,0.0
2024-12-06 00:00:00-05:00,33.20000076293945,33.70000076293945,31.0,31.200000762939453,23210,0.0,0.0
2024-12-09 00:00:00-05:00,30.700000762939453,31.299999237060547,29.100000381469727,30.0,22030,0.0,0.0
2024-12-10 00:00:00-05:00,30.100000381469727,31.100000381469727,30.0,30.700000762939453,10200,0.0,0.0
2024-12-11 00:00:00-05:00,30.799999237060547,31.299999237060547,30.100000381469727,30.600000381469727,5570,0.0,0.0
2024-12-12 00:00:00-05:00,30.600000381469727,31.399999618530273,30.0,30.299999237060547,2720,0.0,0.0
2024-12-13 00:00:00-05:00,30.0,30.600000381469727,28.100000381469727,29.899999618530273,12230,0.0,0.0
2024-12-16 00:00:00-05:00,30.899999618530273,30.899999618530273,29.100000381469727,29.399999618530273,13230,0.0,0.0
2024-12-17 00:00:00-05:00,31.0,31.100000381469727,28.600000381469727,29.600000381469727,7930,0.0,0.0
2024-12-18 00:00:00-05:00,30.100000381469727,30.5,27.799999237060547,28.299999237060547,14410,0.0,0.0
2024-12-19 00:00:00-05:00,29.200000762939453,29.600000381469727,27.600000381469727,28.5,6310,0.0,0.0
2024-12-20 00:00:00-05:00,27.799999237060547,28.899999618530273,27.799999237060547,28.899999618530273,7310,0.0,0.0
2024-12-23 00:00:00-05:00,28.200000762939453,30.299999237060547,28.200000762939453,30.0,10440,0.0,0.0
2024-12-24 00:00:00-05:00,30.600000381469727,32.0,30.0,31.700000762939453,10830,0.0,0.0
2024-12-26 00:00:00-05:00,32.400001525878906,33.0,31.700000762939453,33.0,13660,0.0,0.0
2024-12-27 00:00:00-05:00,33.900001525878906,35.0,32.0,33.900001525878906,23980,0.0,0.0
2024-12-30 00:00:00-05:00,34.400001525878906,34.79999923706055,32.900001525878906,33.099998474121094,22850,0.0,0.0
2024-12-31 00:00:00-05:00,34.0,35.0,32.70000076293945,34.900001525878906,28390,0.0,0.0
2025-01-02 00:00:00-05:00,34.900001525878906,36.0,32.70000076293945,35.20000076293945,23670,0.0,0.0
2025-01-03 00:00:00-05:00,35.099998474121094,35.70000076293945,33.29999923706055,34.29999923706055,18600,0.0,0.0
2025-01-06 00:00:00-05:00,35.5,36.20000076293945,34.0,36.20000076293945,25210,0.0,0.0
2025-01-07 00:00:00-05:00,34.20000076293945,36.0,32.79999923706055,35.900001525878906,21330,0.0,0.0
2025-01-08 00:00:00-05:00,35.29999923706055,35.29999923706055,33.70000076293945,34.099998474121094,14490,0.0,0.0
2025-01-10 00:00:00-05:00,34.79999923706055,34.79999923706055,30.5,31.600000381469727,15870,0.0,0.0
2025-01-13 00:00:00-05:00,30.799999237060547,31.100000381469727,30.0,30.600000381469727,8930,0.0,0.0
2025-01-14 00:00:00-05:00,30.600000381469727,32.099998474121094,28.100000381469727,28.200000762939453,21740,0.0,0.0
2025-01-15 00:00:00-05:00,28.299999237060547,30.100000381469727,28.299999237060547,29.299999237060547,12540,0.0,0.0
2025-01-16 00:00:00-05:00,29.399999618530273,30.600000381469727,28.100000381469727,30.100000381469727,13760,0.0,0.0
2025-01-17 00:00:00-05:00,31.0,31.5,29.5,30.100000381469727,6940,0.0,0.0
2025-01-21 00:00:00-05:00,31.600000381469727,32.70000076293945,29.899999618530273,31.799999237060547,14030,0.0,0.0
2025-01-22 00:00:00-05:00,32.70000076293945,34.900001525878906,31.899999618530273,34.0,17560,0.0,0.0
2025-01-23 00:00:00-05:00,34.20000076293945,36.400001525878906,33.599998474121094,35.599998474121094,23460,0.0,0.0
2025-01-24 00:00:00-05:00,35.099998474121094,36.0,33.79999923706055,34.29999923706055,6790,0.0,0.0
2025-01-27 00:00:00-05:00,33.599998474121094,33.79999923706055,31.799999237060547,32.70000076293945,12090,0.0,0.0
2025-01-28 00:00:00-05:00,32.79999923706055,32.79999923706055,29.899999618530273,32.29999923706055,14030,0.0,0.0
2025-01-29 00:00:00-05:00,32.099998474121094,32.599998474121094,31.399999618530273,31.700000762939453,3080,0.0,0.0
2025-01-30 00:00:00-05:00,32.5,32.5,30.700000762939453,30.899999618530273,6280,0.0,0.0
2025-01-31 00:00:00-05:00,30.899999618530273,32.29999923706055,30.5,31.399999618530273,7610,0.0,0.0
2025-02-03 00:00:00-05:00,30.0,31.5,30.0,30.200000762939453,6030,0.0,0.0
2025-02-04 00:00:00-05:00,30.200000762939453,31.700000762939453,30.200000762939453,31.299999237060547,3690,0.0,0.0
2025-02-05 00:00:00-05:00,32.0,33.5,32.0,32.900001525878906,7000,0.0,0.0
2025-02-06 00:00:00-05:00,33.400001525878906,33.900001525878906,30.0,31.899999618530273,7550,0.0,0.0
2025-02-07 00:00:00-05:00,33.0,33.0,30.5,31.399999618530273,6300,0.0,0.0
2025-02-10 00:00:00-05:00,31.200000762939453,32.099998474121094,29.700000762939453,30.200000762939453,11030,0.0,0.0
2025-02-11 00:00:00-05:00,28.5,28.899999618530273,25.299999237060547,27.700000762939453,44330,0.0,0.0
2025-02-12 00:00:00-05:00,26.299999237060547,27.5,25.600000381469727,25.799999237060547,13080,0.0,0.0
2025-02-13 00:00:00-05:00,27.399999618530273,27.5,24.700000762939453,25.0,22640,0.0,0.0
2025-02-14 00:00:00-05:00,25.5,26.299999237060547,24.799999237060547,26.299999237060547,9980,0.0,0.0
2025-02-18 00:00:00-05:00,26.299999237060547,26.600000381469727,25.399999618530273,25.899999618530273,7850,0.0,0.0
2025-02-19 00:00:00-05:00,26.200000762939453,26.200000762939453,25.100000381469727,25.5,3810,0.0,0.0
2025-02-20 00:00:00-05:00,25.0,25.700000762939453,24.200000762939453,24.700000762939453,9080,0.0,0.0
2025-02-21 00:00:00-05:00,24.799999237060547,25.799999237060547,23.799999237060547,24.200000762939453,10010,0.0,0.0
2025-02-24 00:00:00-05:00,23.799999237060547,24.600000381469727,23.399999618530273,24.299999237060547,6140,0.0,0.0
2025-02-25 00:00:00-05:00,24.0,25.0,23.600000381469727,23.899999618530273,4310,0.0,0.0
2025-02-26 00:00:00-05:00,23.700000762939453,24.200000762939453,23.600000381469727,23.700000762939453,4750,0.0,0.0
2025-02-27 00:00:00-05:00,23.799999237060547,24.0,23.5,23.700000762939453,2940,0.0,0.0
2025-02-28 00:00:00-05:00,23.5,23.799999237060547,23.299999237060547,23.600000381469727,8070,0.0,0.0
2025-03-03 00:00:00-05:00,24.0,24.200000762939453,22.100000381469727,22.399999618530273,9670,0.0,0.0
2025-03-04 00:00:00-05:00,22.100000381469727,22.5,21.100000381469727,22.399999618530273,7230,0.0,0.0
2025-03-05 00:00:00-05:00,22.299999237060547,23.399999618530273,21.600000381469727,22.399999618530273,2210,0.0,0.0
2025-03-06 00:00:00-05:00,22.399999618530273,24.200000762939453,21.600000381469727,23.899999618530273,5060,0.0,0.0
2025-03-07 00:00:00-05:00,23.700000762939453,24.600000381469727,23.0,24.5,4460,0.0,0.0
2025-03-10 00:00:00-04:00,23.5,24.0,21.799999237060547,23.100000381469727,7530,0.0,0.0
2025-03-11 00:00:00-04:00,23.0,23.299999237060547,22.0,22.899999618530273,6520,0.0,0.0
2025-03-12 00:00:00-04:00,22.799999237060547,23.399999618530273,22.100000381469727,22.399999618530273,14470,0.0,0.0
2025-03-13 00:00:00-04:00,22.399999618530273,22.399999618530273,21.100000381469727,22.299999237060547,6750,0.0,0.0
2025-03-14 00:00:00-04:00,23.0,23.399999618530273,21.899999618530273,22.299999237060547,10480,0.0,0.0
2025-03-17 00:00:00-04:00,22.5,23.399999618530273,22.200000762939453,22.5,9450,0.0,0.0
2025-03-18 00:00:00-04:00,21.799999237060547,22.899999618530273,21.0,22.200000762939453,3500,0.0,0.0
2025-03-19 00:00:00-04:00,22.799999237060547,23.799999237060547,21.899999618530273,22.899999618530273,8920,0.0,0.0
2025-03-20 00:00:00-04:00,23.299999237060547,24.899999618530273,22.299999237060547,24.0,8060,0.0,0.0
2025-03-21 00:00:00-04:00,24.200000762939453,24.200000762939453,22.700000762939453,23.200000762939453,3490,0.0,0.0
2025-03-24 00:00:00-04:00,23.399999618530273,24.100000381469727,22.899999618530273,23.100000381469727,9720,0.0,0.0
2025-03-25 00:00:00-04:00,23.600000381469727,23.799999237060547,22.799999237060547,22.799999237060547,3230,0.0,0.0
2025-03-26 00:00:00-04:00,23.600000381469727,23.600000381469727,22.299999237060547,22.5,7260,0.0,0.0
2025-03-27 00:00:00-04:00,22.200000762939453,22.299999237060547,21.0,21.600000381469727,10660,0.0,0.0
2025-03-28 00:00:00-04:00,21.399999618530273,21.700000762939453,20.200000762939453,20.700000762939453,4560,0.0,0.0
2025-03-31 00:00:00-04:00,20.5,21.299999237060547,20.200000762939453,21.0,3180,0.0,0.0
2025-04-01 00:00:00-04:00,21.5,21.600000381469727,20.600000381469727,20.899999618530273,490,0.0,0.0
2025-04-02 00:00:00-04:00,20.700000762939453,21.799999237060547,20.600000381469727,21.200000762939453,1550,0.0,0.0
2025-04-03 00:00:00-04:00,21.700000762939453,21.700000762939453,20.100000381469727,20.399999618530273,4370,0.0,0.0
2025-04-04 00:00:00-04:00,20.0,20.200000762939453,18.700000762939453,19.600000381469727,8800,0.0,0.0
2025-04-07 00:00:00-04:00,19.600000381469727,19.600000381469727,18.600000381469727,18.799999237060547,7210,0.0,0.0
2025-04-08 00:00:00-04:00,18.600000381469727,20.899999618530273,18.0,18.200000762939453,3890,0.0,0.0
2025-04-09 00:00:00-04:00,18.100000381469727,19.799999237060547,17.700000762939453,19.5,2690,0.0,0.0
2025-04-10 00:00:00-04:00,19.0,19.799999237060547,18.399999618530273,19.0,2510,0.0,0.0
2025-04-11 00:00:00-04:00,19.399999618530273,19.399999618530273,18.5,19.200000762939453,3790,0.0,0.0
2025-04-14 00:00:00-04:00,20.0,20.0,18.5,19.100000381469727,2070,0.0,0.0
2025-04-15 00:00:00-04:00,19.0,19.799999237060547,18.700000762939453,19.5,2660,0.0,0.0
2025-04-16 00:00:00-04:00,18.799999237060547,19.5,18.5,19.100000381469727,1070,0.0,0.0
2025-04-17 00:00:00-04:00,19.299999237060547,19.399999618530273,18.700000762939453,19.100000381469727,1100,0.0,0.0
2025-04-21 00:00:00-04:00,18.5,19.600000381469727,18.200000762939453,18.700000762939453,2510,0.0,0.0
2025-04-22 00:00:00-04:00,18.100000381469727,19.5,18.100000381469727,19.100000381469727,4780,0.0,0.0
2025-04-23 00:00:00-04:00,19.0,20.5,19.0,19.5,2590,0.0,0.0
2025-04-24 00:00:00-04:00,19.700000762939453,20.399999618530273,19.200000762939453,19.799999237060547,4460,0.0,0.0
2025-04-25 00:00:00-04:00,20.200000762939453,21.899999618530273,19.799999237060547,21.600000381469727,26310,0.0,0.0
2025-04-28 00:00:00-04:00,22.100000381469727,22.100000381469727,20.100000381469727,20.700000762939453,3050,0.0,0.0
2025-04-29 00:00:00-04:00,20.600000381469727,20.700000762939453,20.100000381469727,20.600000381469727,5090,0.0,0.0
2025-04-30 00:00:00-04:00,21.5,21.5,19.700000762939453,19.700000762939453,10840,0.0,0.0
2025-05-01 00:00:00-04:00,20.299999237060547,20.299999237060547,19.0,20.100000381469727,11150,0.0,0.0
2025-05-02 00:00:00-04:00,20.399999618530273,21.100000381469727,20.100000381469727,20.299999237060547,1790,0.0,0.0
2025-05-05 00:00:00-04:00,20.700000762939453,20.799999237060547,18.700000762939453,19.0,23940,0.0,0.0
2025-05-06 00:00:00-04:00,19.899999618530273,20.700000762939453,13.800000190734863,14.600000381469727,64890,0.0,0.0
2025-05-07 00:00:00-04:00,15.100000381469727,16.200000762939453,14.5,14.899999618530273,11250,0.0,0.0
2025-05-08 00:00:00-04:00,14.600000381469727,15.600000381469727,14.600000381469727,15.100000381469727,4580,0.0,0.0
2025-05-09 00:00:00-04:00,15.399999618530273,15.899999618530273,15.100000381469727,15.899999618530273,4860,0.0,0.0
2025-05-12 00:00:00-04:00,16.100000381469727,16.399999618530273,15.600000381469727,15.899999618530273,6210,0.0,0.0
2025-05-13 00:00:00-04:00,15.5,16.200000762939453,15.0,15.800000190734863,3930,0.0,0.0
2025-05-14 00:00:00-04:00,15.800000190734863,17.799999237060547,15.800000190734863,17.799999237060547,8520,0.0,0.0
2025-05-15 00:00:00-04:00,17.799999237060547,18.5,17.600000381469727,18.299999237060547,5910,0.0,0.0
2025-05-16 00:00:00-04:00,18.299999237060547,18.5,17.799999237060547,18.299999237060547,5030,0.0,0.0
2025-05-19 00:00:00-04:00,18.399999618530273,19.399999618530273,18.399999618530273,19.100000381469727,5330,0.0,0.0
2025-05-20 00:00:00-04:00,18.600000381469727,19.100000381469727,18.600000381469727,19.100000381469727,1160,0.0,0.0
2025-05-21 00:00:00-04:00,19.299999237060547,19.700000762939453,18.0,18.200000762939453,10080,0.0,0.0
2025-05-22 00:00:00-04:00,18.5,19.0,18.0,18.200000762939453,4080,0.0,0.0
2025-05-23 00:00:00-04:00,18.5,18.5,17.700000762939453,18.0,3710,0.0,0.0
2025-05-27 00:00:00-04:00,18.0,19.0,17.799999237060547,18.299999237060547,2700,0.0,0.0
2025-05-28 00:00:00-04:00,18.100000381469727,18.5,18.0,18.200000762939453,1310,0.0,0.0
2025-05-29 00:00:00-04:00,17.899999618530273,18.100000381469727,17.799999237060547,17.899999618530273,2530,0.0,0.0
2025-05-30 00:00:00-04:00,18.0,18.0,17.200000762939453,17.200000762939453,2050,0.0,0.0
2025-06-02 00:00:00-04:00,17.399999618530273,18.0,17.299999237060547,17.899999618530273,1940,0.0,0.0
2025-06-03 00:00:00-04:00,18.0,18.5,17.700000762939453,18.100000381469727,4980,0.0,0.0
2025-06-04 00:00:00-04:00,18.100000381469727,18.200000762939453,17.899999618530273,18.200000762939453,6360,0.0,0.0
2025-06-05 00:00:00-04:00,18.200000762939453,19.299999237060547,18.200000762939453,19.299999237060547,8890,0.0,0.0
2025-06-06 00:00:00-04:00,18.899999618530273,19.299999237060547,18.299999237060547,18.799999237060547,9160,0.0,0.0
2025-06-09 00:00:00-04:00,18.799999237060547,19.100000381469727,18.299999237060547,18.600000381469727,4700,0.0,0.0
2025-06-10 00:00:00-04:00,19.100000381469727,19.5,18.5,18.899999618530273,4480,0.0,0.0
2025-06-11 00:00:00-04:00,18.399999618530273,19.0,18.0,18.299999237060547,7720,0.0,0.0
2025-06-12 00:00:00-04:00,18.0,19.299999237060547,18.0,19.200000762939453,3110,0.0,0.0
2025-06-13 00:00:00-04:00,19.399999618530273,19.399999618530273,18.100000381469727,18.700000762939453,7630,0.0,0.0
2025-06-16 00:00:00-04:00,19.0,19.399999618530273,18.200000762939453,19.0,4490,0.0,0.0
2025-06-17 00:00:00-04:00,19.0,19.799999237060547,18.799999237060547,19.700000762939453,8520,0.0,0.0
2025-06-18 00:00:00-04:00,19.399999618530273,19.600000381469727,18.399999618530273,19.100000381469727,5300,0.0,0.0
2025-06-20 00:00:00-04:00,19.600000381469727,19.600000381469727,18.399999618530273,19.299999237060547,10300,0.0,0.0
2025-06-23 00:00:00-04:00,22.100000381469727,23.299999237060547,14.899999618530273,16.700000762939453,1414600,0.0,0.0
2025-06-24 00:00:00-04:00,17.0,18.399999618530273,15.199999809265137,16.700000762939453,102110,0.0,0.0
2025-06-25 00:00:00-04:00,17.0,17.0,14.399999618530273,15.0,72600,0.0,0.0
2025-06-26 00:00:00-04:00,14.899999618530273,14.899999618530273,12.600000381469727,13.300000190734863,93920,0.0,0.0
2025-06-27 00:00:00-04:00,12.899999618530273,14.0,12.800000190734863,12.800000190734863,27500,0.0,0.0
2025-06-30 00:00:00-04:00,13.600000381469727,14.800000190734863,12.800000190734863,14.699999809265137,129040,0.0,0.0
2025-07-01 00:00:00-04:00,14.699999809265137,15.100000381469727,14.100000381469727,14.5,53450,0.0,0.0
2025-07-02 00:00:00-04:00,14.5,14.600000381469727,14.0,14.399999618530273,58620,0.0,0.0
2025-07-03 00:00:00-04:00,14.899999618530273,14.899999618530273,14.100000381469727,14.300000190734863,58520,0.0,0.0
2025-07-07 00:00:00-04:00,14.5,14.600000381469727,13.399999618530273,14.300000190734863,40680,0.0,0.0
2025-07-08 00:00:00-04:00,20.0,26.799999237060547,17.200000762939453,20.600000381469727,8890900,0.0,0.0
2025-07-09 00:00:00-04:00,20.600000381469727,22.100000381469727,19.299999237060547,20.700000762939453,566510,0.0,0.0
2025-07-10 00:00:00-04:00,21.399999618530273,41.20000076293945,21.399999618530273,39.0,5868830,0.0,0.0
2025-07-11 00:00:00-04:00,38.0,55.0,38.0,45.0,2026890,0.0,0.0
2025-07-14 00:00:00-04:00,53.099998474121094,58.29999923706055,47.0,53.900001525878906,1153230,0.0,0.0
2025-07-15 00:00:00-04:00,51.79999923706055,55.0,43.79999923706055,47.20000076293945,604830,0.0,0.0
2025-07-16 00:00:00-04:00,49.599998474121094,49.599998474121094,35.0,38.599998474121094,713360,0.0,0.0
2025-07-17 00:00:00-04:00,38.5,39.0,27.5,29.700000762939453,850210,0.0,0.0
2025-07-18 00:00:00-04:00,30.600000381469727,31.899999618530273,25.299999237060547,27.0,503030,0.0,0.0
2025-07-21 00:00:00-04:00,30.299999237060547,31.0,23.600000381469727,24.299999237060547,1115460,0.0,0.0
2025-07-22 00:00:00-04:00,23.799999237060547,24.700000762939453,21.399999618530273,23.600000381469727,381150,0.0,0.0
2025-07-23 00:00:00-04:00,24.200000762939453,24.299999237060547,21.399999618530273,23.399999618530273,325390,0.0,0.0
2025-07-24 00:00:00-04:00,23.399999618530273,23.700000762939453,21.100000381469727,21.5,344180,0.0,0.0
2025-07-25 00:00:00-04:00,20.700000762939453,21.299999237060547,19.600000381469727,19.799999237060547,338050,0.0,0.0
2025-07-28 00:00:00-04:00,14.300000190734863,15.699999809265137,14.199999809265137,15.100000381469727,3851110,0.0,0.0
2025-07-29 00:00:00-04:00,15.300000190734863,15.300000190734863,13.800000190734863,14.199999809265137,1517710,0.0,0.0
2025-07-30 00:00:00-04:00,14.5,14.5,13.0,13.5,1101910,0.0,0.0
2025-07-31 00:00:00-04:00,14.199999809265137,14.199999809265137,12.0,12.600000381469727,1061150,0.0,0.0
2025-08-01 00:00:00-04:00,12.0,14.0,11.899999618530273,12.5,536630,0.0,0.0
2025-08-04 00:00:00-04:00,12.899999618530273,13.899999618530273,12.300000190734863,13.800000190734863,390550,0.0,0.0
2025-08-05 00:00:00-04:00,13.800000190734863,13.800000190734863,12.399999618530273,13.199999809265137,454010,0.0,0.0
2025-08-06 00:00:00-04:00,13.600000381469727,13.600000381469727,12.100000381469727,12.600000381469727,348080,0.0,0.0
2025-08-07 00:00:00-04:00,13.100000381469727,13.5,12.699999809265137,12.800000190734863,258100,0.0,0.0
2025-08-08 00:00:00-04:00,13.0,13.699999809265137,12.5,12.800000190734863,337460,0.0,0.0
2025-08-11 00:00:00-04:00,13.5,13.5,12.600000381469727,12.899999618530273,447780,0.0,0.0
2025-08-12 00:00:00-04:00,12.699999809265137,13.0,12.199999809265137,12.300000190734863,420280,0.0,0.0
2025-08-13 00:00:00-04:00,12.600000381469727,12.899999618530273,11.600000381469727,12.699999809265137,424330,0.0,0.0
2025-08-14 00:00:00-04:00,12.399999618530273,12.399999618530273,11.300000190734863,11.800000190734863,455970,0.0,0.0
2025-08-15 00:00:00-04:00,12.0,12.199999809265137,11.699999809265137,11.800000190734863,285550,0.0,0.0
2025-08-18 00:00:00-04:00,11.699999809265137,11.899999618530273,11.199999809265137,11.600000381469727,262740,0.0,0.0
2025-08-19 00:00:00-04:00,11.399999618530273,11.399999618530273,10.199999809265137,10.399999618530273,424000,0.0,0.0
2025-08-20 00:00:00-04:00,10.399999618530273,10.600000381469727,9.800000190734863,10.300000190734863,385540,0.0,0.0
2025-08-21 00:00:00-04:00,10.300000190734863,10.600000381469727,9.600000381469727,9.899999618530273,493730,0.0,0.0
2025-08-22 00:00:00-04:00,10.0,10.699999809265137,10.0,10.300000190734863,264230,0.0,0.0
2025-08-25 00:00:00-04:00,10.199999809265137,10.300000190734863,9.600000381469727,9.600000381469727,188930,0.0,0.0
2025-08-26 00:00:00-04:00,9.5,9.699999809265137,8.699999809265137,8.899999618530273,582760,0.0,0.0
2025-08-27 00:00:00-04:00,9.100000381469727,9.399999618530273,8.899999618530273,9.399999618530273,324630,0.0,0.0
2025-08-28 00:00:00-04:00,9.399999618530273,9.800000190734863,9.100000381469727,9.100000381469727,435560,0.0,0.0
2025-08-29 00:00:00-04:00,9.300000190734863,9.300000190734863,8.699999809265137,9.0,418650,0.0,0.0
2025-09-02 00:00:00-04:00,9.100000381469727,9.300000190734863,8.600000381469727,8.800000190734863,612840,0.0,0.0
2025-09-03 00:00:00-04:00,8.899999618530273,9.100000381469727,8.300000190734863,8.5,456650,0.0,0.0
2025-09-04 00:00:00-04:00,7.900000095367432,8.100000381469727,7.300000190734863,7.900000095367432,1074350,0.0,0.0
2025-09-05 00:00:00-04:00,7.900000095367432,8.899999618530273,7.900000095367432,8.600000381469727,413500,0.0,0.0
2025-09-08 00:00:00-04:00,8.600000381469727,8.800000190734863,8.300000190734863,8.600000381469727,238390,0.0,0.0
2025-09-09 00:00:00-04:00,9.0,9.0,8.5,8.699999809265137,273010,0.0,0.0
2025-09-10 00:00:00-04:00,8.899999618530273,9.600000381469727,8.800000190734863,9.300000190734863,483500,0.0,0.0
2025-09-11 00:00:00-04:00,9.699999809265137,9.899999618530273,9.5,9.800000190734863,465290,0.0,0.0
2025-09-12 00:00:00-04:00,9.600000381469727,10.0,9.300000190734863,9.899999618530273,335960,0.0,0.0
2025-09-15 00:00:00-04:00,9.5,10.0,9.399999618530273,9.600000381469727,261000,0.0,0.0
2025-09-16 00:00:00-04:00,10.0,10.0,9.600000381469727,9.600000381469727,339760,0.0,0.0
2025-09-17 00:00:00-04:00,9.600000381469727,9.720000267028809,9.199999809265137,9.489999771118164,601100,0.0,0.1
2025-09-18 00:00:00-04:00,9.729999542236328,10.930000305175781,9.59000015258789,10.329999923706055,560500,0.0,0.0
2025-09-19 00:00:00-04:00,9.850000381469727,10.119999885559082,9.710000038146973,9.84000015258789,319700,0.0,0.0
2025-09-22 00:00:00-04:00,10.0,10.609999656677246,9.819999694824219,9.979999542236328,803500,0.0,0.0
2025-09-23 00:00:00-04:00,10.079999923706055,10.239999771118164,9.5,9.640000343322754,489900,0.0,0.0
2025-09-24 00:00:00-04:00,9.470000267028809,9.600000381469727,9.239999771118164,9.399999618530273,273200,0.0,0.0
2025-09-25 00:00:00-04:00,9.220000267028809,9.3100004196167,8.829999923706055,9.180000305175781,288500,0.0,0.0
2025-09-26 00:00:00-04:00,8.920000076293945,9.229999542236328,8.920000076293945,9.100000381469727,116200,0.0,0.0
2025-09-29 00:00:00-04:00,9.270000457763672,9.699999809265137,9.100000381469727,9.579999923706055,485700,0.0,0.0
2025-09-30 00:00:00-04:00,10.0,10.420000076293945,9.420000076293945,9.460000038146973,306000,0.0,0.0
2025-10-01 00:00:00-04:00,9.569999694824219,9.880000114440918,9.399999618530273,9.779999732971191,293000,0.0,0.0
2025-10-02 00:00:00-04:00,10.0,10.0,9.670000076293945,9.989999771118164,178100,0.0,0.0
2025-10-03 00:00:00-04:00,9.960000038146973,9.979999542236328,9.680000305175781,9.770000457763672,453000,0.0,0.0
2025-10-06 00:00:00-04:00,9.90999984741211,10.1899995803833,9.699999809265137,9.920000076293945,414600,0.0,0.0
2025-10-07 00:00:00-04:00,9.9399995803833,10.109999656677246,9.489999771118164,9.760000228881836,390800,0.0,0.0
2025-10-08 00:00:00-04:00,9.760000228881836,9.819999694824219,9.40999984741211,9.4399995803833,176900,0.0,0.0
2025-10-09 00:00:00-04:00,9.699999809265137,9.739999771118164,9.140000343322754,9.319999694824219,294700,0.0,0.0
2025-10-10 00:00:00-04:00,9.25,9.739999771118164,8.600000381469727,8.649999618530273,434700,0.0,0.0
2025-10-13 00:00:00-04:00,8.75,8.970000267028809,8.569999694824219,8.739999771118164,139000,0.0,0.0
2025-10-14 00:00:00-04:00,8.569999694824219,8.850000381469727,8.430000305175781,8.569999694824219,147200,0.0,0.0
2025-10-15 00:00:00-04:00,8.369999885559082,8.5,7.880000114440918,7.96999979019165,254100,0.0,0.0
2025-10-16 00:00:00-04:00,8.15999984741211,8.15999984741211,7.659999847412109,7.75,288800,0.0,0.0
2025-10-17 00:00:00-04:00,7.699999809265137,7.739999771118164,7.349999904632568,7.449999809265137,144300,0.0,0.0
2025-10-20 00:00:00-04:00,7.5,7.949999809265137,7.5,7.909999847412109,95500,0.0,0.0
2025-10-21 00:00:00-04:00,7.769999980926514,7.909999847412109,7.510000228881836,7.650000095367432,129700,0.0,0.0
2025-10-22 00:00:00-04:00,7.559999942779541,7.559999942779541,6.880000114440918,7.28000020980835,239600,0.0,0.0
2025-10-23 00:00:00-04:00,7.28000020980835,7.519999980926514,6.949999809265137,7.010000228881836,343300,0.0,0.0
2025-10-24 00:00:00-04:00,7.130000114440918,7.300000190734863,6.960000038146973,7.070000171661377,189200,0.0,0.0
2025-10-27 00:00:00-04:00,7.139999866485596,7.599999904632568,6.940000057220459,7.480000019073486,641400,0.0,0.0
2025-10-28 00:00:00-04:00,7.360000133514404,8.25,7.110000133514404,7.829999923706055,1052800,0.0,0.0
2025-10-29 00:00:00-04:00,8.0,8.100000381469727,7.349999904632568,7.710000038146973,343300,0.0,0.0
2025-10-30 00:00:00-04:00,7.650000095367432,8.170000076293945,7.300000190734863,7.610000133514404,351800,0.0,0.0
2025-10-31 00:00:00-04:00,7.559999942779541,7.949999809265137,7.289999961853027,7.340000152587891,429400,0.0,0.0
2025-11-03 00:00:00-05:00,7.300000190734863,7.300000190734863,6.96999979019165,7.099999904632568,326400,0.0,0.0
2025-11-04 00:00:00-05:00,6.440000057220459,6.849999904632568,5.849999904632568,5.920000076293945,1293900,0.0,0.0
2025-11-05 00:00:00-05:00,6.050000190734863,6.519999980926514,5.829999923706055,6.210000038146973,408700,0.0,0.0
2025-11-06 00:00:00-05:00,6.210000038146973,6.21999979019165,5.820000171661377,5.880000114440918,596300,0.0,0.0
2025-11-07 00:00:00-05:00,5.800000190734863,6.46999979019165,5.760000228881836,6.289999961853027,246600,0.0,0.0
2025-11-10 00:00:00-05:00,6.400000095367432,6.599999904632568,6.260000228881836,6.510000228881836,379600,0.0,0.0
2025-11-11 00:00:00-05:00,6.409999847412109,6.730000019073486,6.340000152587891,6.360000133514404,283400,0.0,0.0
2025-11-12 00:00:00-05:00,6.309999942779541,6.639999866485596,6.239999771118164,6.53000020980835,313300,0.0,0.0
2025-11-13 00:00:00-05:00,6.53000020980835,6.78000020980835,6.349999904632568,6.420000076293945,213000,0.0,0.0
2025-11-14 00:00:00-05:00,5.869999885559082,6.699999809265137,5.869999885559082,6.210000038146973,272200,0.0,0.0
2025-11-17 00:00:00-05:00,6.130000114440918,6.349999904632568,5.909999847412109,5.96999979019165,240500,0.0,0.0
2025-11-18 00:00:00-05:00,5.869999885559082,6.179999828338623,5.769999980926514,6.039999961853027,465100,0.0,0.0
2025-11-19 00:00:00-05:00,5.900000095367432,6.230000019073486,5.539999961853027,5.619999885559082,209900,0.0,0.0
2025-11-20 00:00:00-05:00,5.71999979019165,5.909999847412109,5.300000190734863,5.380000114440918,517000,0.0,0.0
2025-11-21 00:00:00-05:00,5.130000114440918,5.559999942779541,5.019999980926514,5.46999979019165,261300,0.0,0.0
2025-11-24 00:00:00-05:00,5.429999828338623,5.730000019073486,5.369999885559082,5.710000038146973,206700,0.0,0.0
2025-11-25 00:00:00-05:00,5.679999828338623,5.789999961853027,5.420000076293945,5.53000020980835,112200,0.0,0.0
2025-11-26 00:00:00-05:00,5.5,5.889999866485596,5.5,5.789999961853027,180500,0.0,0.0
2025-11-28 00:00:00-05:00,5.730000019073486,6.199999809265137,5.730000019073486,6.03000020980835,106100,0.0,0.0
2025-12-01 00:00:00-05:00,5.880000114440918,5.880000114440918,5.53000020980835,5.550000190734863,137600,0.0,0.0
2025-12-02 00:00:00-05:00,5.579999923706055,6.190000057220459,5.579999923706055,6.059999942779541,227400,0.0,0.0
2025-12-03 00:00:00-05:00,6.010000228881836,6.400000095367432,6.010000228881836,6.380000114440918,301500,0.0,0.0
2025-12-04 00:00:00-05:00,6.230000019073486,6.579999923706055,6.230000019073486,6.579999923706055,119900,0.0,0.0
2025-12-05 00:00:00-05:00,6.53000020980835,6.53000020980835,6.230000019073486,6.320000171661377,67500,0.0,0.0
2025-12-08 00:00:00-05:00,6.190000057220459,6.510000228881836,6.170000076293945,6.349999904632568,34400,0.0,0.0
2025-12-09 00:00:00-05:00,6.360000133514404,6.960000038146973,6.360000133514404,6.75,144700,0.0,0.0
2025-12-10 00:00:00-05:00,6.980000019073486,6.980000019073486,6.360000133514404,6.480000019073486,120500,0.0,0.0
2025-12-11 00:00:00-05:00,6.380000114440918,6.440000057220459,6.050000190734863,6.289999961853027,73600,0.0,0.0
2025-12-12 00:00:00-05:00,6.289999961853027,6.489999771118164,5.880000114440918,5.949999809265137,79800,0.0,0.0
2025-12-15 00:00:00-05:00,6.019999980926514,6.119999885559082,5.5,5.510000228881836,104700,0.0,0.0
2025-12-16 00:00:00-05:00,5.5,5.599999904632568,5.409999847412109,5.489999771118164,90900,0.0,0.0
2025-12-17 00:00:00-05:00,5.539999961853027,5.800000190734863,5.090000152587891,5.099999904632568,287300,0.0,0.0
2025-12-18 00:00:00-05:00,5.289999961853027,5.440000057220459,4.869999885559082,4.880000114440918,263600,0.0,0.0
2025-12-19 00:00:00-05:00,4.880000114440918,5.119999885559082,4.840000152587891,5.0,256200,0.0,0.0
2025-12-22 00:00:00-05:00,5.039999961853027,5.230000019073486,4.920000076293945,5.070000171661377,162200,0.0,0.0
2025-12-23 00:00:00-05:00,4.920000076293945,5.010000228881836,4.849999904632568,4.869999885559082,159900,0.0,0.0
2025-12-24 00:00:00-05:00,4.849999904632568,4.860000133514404,4.75,4.769999980926514,83300,0.0,0.0
2025-12-26 00:00:00-05:00,4.739999771118164,4.920000076293945,4.699999809265137,4.760000228881836,206700,0.0,0.0
2025-12-29 00:00:00-05:00,4.679999828338623,4.760000228881836,4.610000133514404,4.690000057220459,166400,0.0,0.0
2025-12-30 00:00:00-05:00,4.639999866485596,4.880000114440918,4.639999866485596,4.650000095367432,170600,0.0,0.0
2025-12-31 00:00:00-05:00,4.599999904632568,4.789999961853027,4.440000057220459,4.489999771118164,390900,0.0,0.0
2026-01-02 00:00:00-05:00,4.599999904632568,4.940000057220459,4.599999904632568,4.820000171661377,126200,0.0,0.0
2026-01-05 00:00:00-05:00,5.070000171661377,5.130000114440918,4.949999809265137,4.960000038146973,72500,0.0,0.0
2026-01-06 00:00:00-05:00,5.059999942779541,5.130000114440918,4.840000152587891,4.96999979019165,137600,0.0,0.0
2026-01-07 00:00:00-05:00,5.0,5.0,4.860000133514404,4.909999847412109,76900,0.0,0.0
2026-01-08 00:00:00-05:00,4.960000038146973,5.110000133514404,4.889999866485596,4.980000019073486,129700,0.0,0.0
2026-01-09 00:00:00-05:00,4.989999771118164,5.150000095367432,4.96999979019165,5.0,141900,0.0,0.0
2026-01-12 00:00:00-05:00,5.21999979019165,5.400000095367432,5.110000133514404,5.340000152587891,165300,0.0,0.0
2026-01-13 00:00:00-05:00,5.289999961853027,5.599999904632568,5.289999961853027,5.489999771118164,219400,0.0,0.0
2026-01-14 00:00:00-05:00,5.599999904632568,5.849999904632568,5.489999771118164,5.78000020980835,252000,0.0,0.0
2026-01-15 00:00:00-05:00,5.800000190734863,5.869999885559082,5.53000020980835,5.550000190734863,262700,0.0,0.0
2026-01-16 00:00:00-05:00,5.800000190734863,5.800000190734863,5.46999979019165,5.639999866485596,184300,0.0,0.0
2026-01-20 00:00:00-05:00,5.329999923706055,5.460000038146973,5.210000038146973,5.28000020980835,261400,0.0,0.0
2026-01-21 00:00:00-05:00,5.440000057220459,5.5,5.130000114440918,5.360000133514404,206200,0.0,0.0
2026-01-22 00:00:00-05:00,5.409999847412109,5.440000057220459,5.199999809265137,5.28000020980835,104800,0.0,0.0
2026-01-23 00:00:00-05:00,5.53000020980835,5.599999904632568,5.260000228881836,5.309999942779541,800300,0.0,0.0
2026-01-26 00:00:00-05:00,5.300000190734863,5.400000095367432,4.949999809265137,4.960000038146973,301800,0.0,0.0
2026-01-27 00:00:00-05:00,4.980000019073486,5.230000019073486,4.909999847412109,5.230000019073486,99500,0.0,0.0
2026-01-28 00:00:00-05:00,5.25,5.25,5.099999904632568,5.119999885559082,95800,0.0,0.0
2026-01-29 00:00:00-05:00,5.199999809265137,5.199999809265137,4.590000152587891,4.650000095367432,194200,0.0,0.0
2026-01-30 00:00:00-05:00,4.630000114440918,4.650000095367432,4.409999847412109,4.539999961853027,223600,0.0,0.0
2026-02-02 00:00:00-05:00,4.369999885559082,4.440000057220459,4.070000171661377,4.079999923706055,245400,0.0,0.0
2026-02-03 00:00:00-05:00,4.119999885559082,4.199999809265137,3.799999952316284,4.139999866485596,570300,0.0,0.0
2026-02-04 00:00:00-05:00,4.079999923706055,4.079999923706055,3.680000066757202,3.8299999237060547,195800,0.0,0.0
2026-02-05 00:00:00-05:00,3.75,3.7799999713897705,3.049999952316284,3.059999942779541,660800,0.0,0.0
2026-02-06 00:00:00-05:00,3.2300000190734863,3.799999952316284,3.2300000190734863,3.7300000190734863,213200,0.0,0.0
2026-02-09 00:00:00-05:00,3.809999942779541,3.809999942779541,3.5399999618530273,3.5399999618530273,125800,0.0,0.0
2026-02-10 00:00:00-05:00,3.5199999809265137,3.680000066757202,3.309999942779541,3.5,124600,0.0,0.0
2026-02-11 00:00:00-05:00,3.4700000286102295,3.4700000286102295,3.1600000858306885,3.2100000381469727,317300,0.0,0.0
2026-02-12 00:00:00-05:00,3.2799999713897705,3.4700000286102295,3.009999990463257,3.0399999618530273,260900,0.0,0.0
2026-02-13 00:00:00-05:00,3.0899999141693115,3.319999933242798,3.049999952316284,3.200000047683716,108500,0.0,0.0
2026-02-17 00:00:00-05:00,3.200000047683716,3.200000047683716,2.9700000286102295,3.059999942779541,102000,0.0,0.0
2026-02-18 00:00:00-05:00,3.0799999237060547,3.190000057220459,2.990000009536743,3.009999990463257,49300,0.0,0.0
2026-02-19 00:00:00-05:00,2.990000009536743,3.0799999237060547,2.8399999141693115,2.9200000762939453,95500,0.0,0.0
2026-02-20 00:00:00-05:00,2.9000000953674316,3.0299999713897705,2.9000000953674316,2.9100000858306885,84400,0.0,0.0
2026-02-23 00:00:00-05:00,2.7699999809265137,2.9100000858306885,2.7300000190734863,2.7699999809265137,127800,0.0,0.0
2026-02-24 00:00:00-05:00,2.759999990463257,2.759999990463257,2.7200000286102295,2.7300000190734863,66800,0.0,0.0
2026-02-25 00:00:00-05:00,2.8299999237060547,3.240000009536743,2.8299999237060547,3.140000104904175,205900,0.0,0.0
2026-02-26 00:00:00-05:00,3.140000104904175,3.1500000953674316,2.930000066757202,2.9800000190734863,65800,0.0,0.0
2026-02-27 00:00:00-05:00,2.990000009536743,3.0999999046325684,2.8499999046325684,2.890000104904175,102300,0.0,0.0
2026-03-02 00:00:00-05:00,2.799999952316284,3.2300000190734863,2.7799999713897705,3.1600000858306885,153900,0.0,0.0
2026-03-03 00:00:00-05:00,3.119999885559082,3.119999885559082,2.890000104904175,3.0199999809265137,98600,0.0,0.0
2026-03-04 00:00:00-05:00,3.130000114440918,3.240000009536743,3.0799999237060547,3.1700000762939453,103800,0.0,0.0
2026-03-05 00:00:00-05:00,3.1600000858306885,3.2300000190734863,3.059999942779541,3.190000057220459,62000,0.0,0.0
2026-03-06 00:00:00-05:00,3.119999885559082,3.2699999809265137,3.069999933242798,3.140000104904175,96600,0.0,0.0
2026-03-09 00:00:00-04:00,3.0999999046325684,3.1600000858306885,3.0,3.0999999046325684,78600,0.0,0.0
2026-03-10 00:00:00-04:00,3.0999999046325684,3.200000047683716,3.0999999046325684,3.1600000858306885,34500,0.0,0.0
2026-03-11 00:00:00-04:00,3.119999885559082,3.2200000286102295,3.109999895095825,3.200000047683716,28100,0.0,0.0
2026-03-12 00:00:00-04:00,3.2200000286102295,3.2200000286102295,3.0999999046325684,3.1500000953674316,19200,0.0,0.0
2026-03-13 00:00:00-04:00,3.2100000381469727,3.259999990463257,3.130000114440918,3.1500000953674316,39800,0.0,0.0
2026-03-16 00:00:00-04:00,3.3299999237060547,3.3299999237060547,3.190000057220459,3.2200000286102295,44100,0.0,0.0
2026-03-17 00:00:00-04:00,3.2899999618530273,3.319999933242798,3.240000009536743,3.2899999618530273,31800,0.0,0.0
2026-03-18 00:00:00-04:00,3.3299999237060547,3.3299999237060547,3.119999885559082,3.1700000762939453,82400,0.0,0.0
2026-03-19 00:00:00-04:00,3.180000066757202,3.180000066757202,3.0,3.049999952316284,101400,0.0,0.0
2026-03-20 00:00:00-04:00,3.049999952316284,3.0999999046325684,2.9800000190734863,3.0,64600,0.0,0.0
2026-03-23 00:00:00-04:00,3.0799999237060547,3.0799999237060547,2.990000009536743,3.009999990463257,38600,0.0,0.0
2026-03-24 00:00:00-04:00,3.009999990463257,3.0299999713897705,2.9600000381469727,3.009999990463257,43900,0.0,0.0
2026-03-25 00:00:00-04:00,3.049999952316284,3.0899999141693115,2.9800000190734863,3.0,29400,0.0,0.0
2026-03-26 00:00:00-04:00,2.9600000381469727,3.0299999713897705,2.880000114440918,2.9200000762939453,45000,0.0,0.0
2026-03-27 00:00:00-04:00,2.9100000858306885,2.950000047683716,2.5399999618530273,2.5399999618530273,357200,0.0,0.0
2026-03-30 00:00:00-04:00,2.509999990463257,2.569999933242798,2.4200000762939453,2.430000066757202,177600,0.0,0.0
2026-03-31 00:00:00-04:00,2.4800000190734863,2.5799999237060547,2.4800000190734863,2.5299999713897705,71800,0.0,0.0
2026-04-01 00:00:00-04:00,2.630000114440918,2.690000057220459,2.5299999713897705,2.609999895095825,112400,0.0,0.0
2026-04-02 00:00:00-04:00,2.490000009536743,2.5199999809265137,2.4000000953674316,2.450000047683716,141300,0.0,0.0
2026-04-06 00:00:00-04:00,2.490000009536743,2.5299999713897705,2.4100000858306885,2.5299999713897705,89400,0.0,0.0
2026-04-07 00:00:00-04:00,2.490000009536743,2.559999942779541,2.380000114440918,2.4800000190734863,411500,0.0,0.0
2026-04-08 00:00:00-04:00,2.559999942779541,2.640000104904175,2.4800000190734863,2.490000009536743,72300,0.0,0.0
2026-04-09 00:00:00-04:00,2.5299999713897705,2.549999952316284,2.4700000286102295,2.509999990463257,50000,0.0,0.0
2026-04-10 00:00:00-04:00,2.559999942779541,2.5899999141693115,2.4700000286102295,2.569999933242798,28800,0.0,0.0
2026-04-13 00:00:00-04:00,2.5299999713897705,2.640000104904175,2.5,2.5799999237060547,70300,0.0,0.0
2026-04-14 00:00:00-04:00,2.690000057220459,2.7200000286102295,2.5899999141693115,2.609999895095825,225000,0.0,0.0
2026-04-15 00:00:00-04:00,2.6600000858306885,2.7200000286102295,2.559999942779541,2.630000114440918,191800,0.0,0.0
2026-04-16 00:00:00-04:00,2.630000114440918,2.690000057220459,2.5199999809265137,2.609999895095825,120900,0.0,0.0
2026-04-17 00:00:00-04:00,2.6700000762939453,2.6700000762939453,2.5999999046325684,2.630000114440918,429300,0.0,0.0
2026-04-20 00:00:00-04:00,2.6600000858306885,2.9000000953674316,2.640000104904175,2.6500000953674316,598900,0.0,0.0
2026-04-21 00:00:00-04:00,2.700000047683716,2.7100000381469727,2.559999942779541,2.5999999046325684,262300,0.0,0.0
2026-04-22 00:00:00-04:00,2.75,2.9200000762939453,2.549999952316284,2.819999933242798,1135200,0.0,0.0
2026-04-23 00:00:00-04:00,2.8499999046325684,2.950000047683716,2.740000009536743,2.950000047683716,124500,0.0,0.0
2026-04-24 00:00:00-04:00,2.9600000381469727,3.299999952316284,2.930000066757202,3.299999952316284,222700,0.0,0.0
2026-04-27 00:00:00-04:00,3.390000104904175,3.5999999046325684,3.2899999618530273,3.549999952316284,367300,0.0,0.0
2026-04-28 00:00:00-04:00,3.430000066757202,3.559999942779541,3.119999885559082,3.559999942779541,208100,0.0,0.0
2026-04-29 00:00:00-04:00,3.549999952316284,3.549999952316284,3.180000066757202,3.299999952316284,87500,0.0,0.0
2026-04-30 00:00:00-04:00,3.3499999046325684,3.4200000762939453,3.200000047683716,3.2799999713897705,91200,0.0,0.0
2026-05-01 00:00:00-04:00,3.319999933242798,3.509999990463257,3.2699999809265137,3.4700000286102295,109000,0.0,0.0
2026-05-04 00:00:00-04:00,3.4800000190734863,3.759999990463257,3.4700000286102295,3.5199999809265137,348100,0.0,0.0
2026-05-05 00:00:00-04:00,3.049999952316284,3.5799999237060547,2.9800000190734863,3.509999990463257,363900,0.0,0.0
2026-05-06 00:00:00-04:00,3.4800000190734863,3.490000009536743,3.2200000286102295,3.369999885559082,219100,0.0,0.0
2026-05-07 00:00:00-04:00,3.299999952316284,3.390000104904175,3.25,3.3399999141693115,113000,0.0,0.0
2026-05-08 00:00:00-04:00,3.369999885559082,3.5,3.200000047683716,3.4600000381469727,127200,0.0,0.0
2026-05-11 00:00:00-04:00,3.7699999809265137,4.050000190734863,3.6700000762939453,3.930000066757202,533500,0.0,0.0
2026-05-12 00:00:00-04:00,3.950000047683716,3.950000047683716,3.6500000953674316,3.7799999713897705,92700,0.0,0.0
2026-05-13 00:00:00-04:00,3.8399999141693115,3.930000066757202,3.6600000858306885,3.809999942779541,92400,0.0,0.0
2026-05-14 00:00:00-04:00,3.8499999046325684,4.360000133514404,3.700000047683716,4.21999979019165,669200,0.0,0.0
2026-05-15 00:00:00-04:00,4.210000038146973,4.21999979019165,3.9000000953674316,4.010000228881836,502900,0.0,0.0
2026-05-18 00:00:00-04:00,4.179999828338623,4.199999809265137,3.799999952316284,4.050000190734863,689300,0.0,0.0
2026-05-19 00:00:00-04:00,4.010000228881836,4.199999809265137,3.799999952316284,4.119999885559082,378700,0.0,0.0
2026-05-20 00:00:00-04:00,4.170000076293945,4.539999961853027,4.039999961853027,4.300000190734863,275000,0.0,0.0
2026-05-21 00:00:00-04:00,4.349999904632568,4.349999904632568,4.010000228881836,4.050000190734863,111000,0.0,0.0
2026-05-22 00:00:00-04:00,4.5,4.599999904632568,4.119999885559082,4.199999809265137,391900,0.0,0.0
2026-05-26 00:00:00-04:00,4.340000152587891,4.340000152587891,3.9600000381469727,3.9700000286102295,293600,0.0,0.0
2026-05-27 00:00:00-04:00,3.9700000286102295,3.9700000286102295,3.7200000286102295,3.880000114440918,151000,0.0,0.0
2026-05-28 00:00:00-04:00,3.9800000190734863,4.570000171661377,3.890000104904175,4.440000057220459,422800,0.0,0.0
2026-05-29 00:00:00-04:00,4.480000019073486,4.590000152587891,4.309999942779541,4.449999809265137,357300,0.0,0.0
2026-06-01 00:00:00-04:00,4.440000057220459,4.440000057220459,4.099999904632568,4.150000095367432,279200,0.0,0.0
2026-06-02 00:00:00-04:00,4.139999866485596,4.159999847412109,3.799999952316284,3.990000009536743,298400,0.0,0.0
2026-06-03 00:00:00-04:00,3.9600000381469727,4.0,3.759999990463257,3.940000057220459,128300,0.0,0.0
2026-06-04 00:00:00-04:00,3.869999885559082,4.070000171661377,3.75,4.019999980926514,106400,0.0,0.0
2026-06-05 00:00:00-04:00,3.940000057220459,3.940000057220459,3.4800000190734863,3.4800000190734863,232300,0.0,0.0
2026-06-08 00:00:00-04:00,3.559999942779541,3.7899999618530273,3.5,3.5399999618530273,110500,0.0,0.0
2026-06-09 00:00:00-04:00,3.6700000762939453,3.7200000286102295,3.259999990463257,3.2899999618530273,270900,0.0,0.0
2026-06-10 00:00:00-04:00,3.25,3.4000000953674316,3.109999895095825,3.109999895095825,132000,0.0,0.0
2026-06-11 00:00:00-04:00,3.1600000858306885,3.25,3.0999999046325684,3.190000057220459,112200,0.0,0.0
2026-06-12 00:00:00-04:00,3.0999999046325684,3.3399999141693115,3.059999942779541,3.059999942779541,89400,0.0,0.0
2026-06-15 00:00:00-04:00,3.109999895095825,3.409899950027466,3.109999895095825,3.2699999809265137,121683,0.0,0.0
