Date,Open,High,Low,Close,Volume,Dividends,Stock Splits
2022-01-03 00:00:00-05:00,17.360000610351562,18.065000534057617,17.209999084472656,17.5,38700,0.0,0.0
2022-01-04 00:00:00-05:00,17.649999618530273,18.01099967956543,17.3799991607666,17.709999084472656,13200,0.0,0.0
2022-01-05 00:00:00-05:00,17.799999237060547,17.868000030517578,17.280000686645508,17.440000534057617,17200,0.0,0.0
2022-01-06 00:00:00-05:00,17.520000457763672,18.049999237060547,17.520000457763672,17.940000534057617,18900,0.0,0.0
2022-01-07 00:00:00-05:00,17.950000762939453,18.15999984741211,17.81999969482422,18.06999969482422,14000,0.0,0.0
2022-01-10 00:00:00-05:00,18.040000915527344,18.3700008392334,18.040000915527344,18.290000915527344,37300,0.0,0.0
2022-01-11 00:00:00-05:00,18.06999969482422,18.399999618530273,17.739999771118164,18.100000381469727,34700,0.0,0.0
2022-01-12 00:00:00-05:00,18.270000457763672,18.270000457763672,17.75,17.799999237060547,38700,0.0,0.0
2022-01-13 00:00:00-05:00,18.09000015258789,18.329999923706055,17.75,17.860000610351562,40300,0.0,0.0
2022-01-14 00:00:00-05:00,17.809999465942383,18.415000915527344,17.809999465942383,18.149999618530273,26700,0.0,0.0
2022-01-18 00:00:00-05:00,18.1299991607666,18.1299991607666,17.799999237060547,17.799999237060547,31900,0.0,0.0
2022-01-19 00:00:00-05:00,17.829999923706055,17.850000381469727,17.440000534057617,17.579999923706055,48300,0.0,0.0
2022-01-20 00:00:00-05:00,17.540000915527344,18.299999237060547,17.260000228881836,17.290000915527344,35800,0.0,0.0
2022-01-21 00:00:00-05:00,17.110000610351562,17.649999618530273,17.110000610351562,17.25,46200,0.0,0.0
2022-01-24 00:00:00-05:00,17.030000686645508,18.15999984741211,17.030000686645508,17.969999313354492,71100,0.0,0.0
2022-01-25 00:00:00-05:00,17.729999542236328,18.2549991607666,17.009000778198242,17.739999771118164,61200,0.0,0.0
2022-01-26 00:00:00-05:00,17.799999237060547,18.200000762939453,17.280000686645508,17.600000381469727,71800,0.0,0.0
2022-01-27 00:00:00-05:00,17.610000610351562,17.8700008392334,17.530000686645508,17.600000381469727,67500,0.0,0.0
2022-01-28 00:00:00-05:00,17.760000228881836,18.1200008392334,17.440000534057617,17.989999771118164,41600,0.0,0.0
2022-01-31 00:00:00-05:00,17.760000228881836,17.985000610351562,17.709999084472656,17.790000915527344,35900,0.0,0.0
2022-02-01 00:00:00-05:00,17.8700008392334,17.8700008392334,17.3700008392334,17.5,53900,0.0,0.0
2022-02-02 00:00:00-05:00,17.6200008392334,17.709999084472656,17.280000686645508,17.5,32900,0.0,0.0
2022-02-03 00:00:00-05:00,17.440000534057617,17.795000076293945,17.434999465942383,17.559999465942383,30700,0.0,0.0
2022-02-04 00:00:00-05:00,17.6299991607666,17.739999771118164,17.34000015258789,17.6200008392334,25400,0.0,0.0
2022-02-07 00:00:00-05:00,17.56999969482422,17.8799991607666,17.457000732421875,17.65999984741211,22900,0.0,0.0
2022-02-08 00:00:00-05:00,17.799999237060547,18.190000534057617,17.799999237060547,18.079999923706055,26700,0.0,0.0
2022-02-09 00:00:00-05:00,18.09000015258789,18.15999984741211,17.479999542236328,17.540000915527344,34900,0.0,0.0
2022-02-10 00:00:00-05:00,17.520000457763672,17.64299964904785,17.360000610351562,17.43000030517578,65400,0.0,0.0
2022-02-11 00:00:00-05:00,17.479999542236328,17.829999923706055,17.459999084472656,17.639999389648438,47600,0.0,0.0
2022-02-14 00:00:00-05:00,17.760000228881836,17.979999542236328,17.540000915527344,17.729999542236328,31200,0.0,0.0
2022-02-15 00:00:00-05:00,17.940000534057617,18.110000610351562,17.530000686645508,17.579999923706055,24900,0.0,0.0
2022-02-16 00:00:00-05:00,17.540000915527344,17.700000762939453,17.420000076293945,17.65999984741211,19900,0.0,0.0
2022-02-17 00:00:00-05:00,17.479999542236328,17.53499984741211,17.200000762939453,17.34000015258789,58000,0.0,0.0
2022-02-18 00:00:00-05:00,17.219999313354492,17.579999923706055,17.200000762939453,17.239999771118164,20800,0.0,0.0
2022-02-22 00:00:00-05:00,17.15999984741211,17.399999618530273,17.1299991607666,17.31999969482422,20100,0.0,0.0
2022-02-23 00:00:00-05:00,17.360000610351562,17.479999542236328,17.079999923706055,17.1200008392334,20500,0.0,0.0
2022-02-24 00:00:00-05:00,16.530000686645508,17.059999465942383,16.530000686645508,16.8799991607666,42600,0.0,0.0
2022-02-25 00:00:00-05:00,16.889999389648438,17.424999237060547,16.889999389648438,17.270000457763672,22000,0.0,0.0
2022-02-28 00:00:00-05:00,17.110000610351562,17.18000030517578,16.81999969482422,16.829999923706055,39300,0.0,0.0
2022-03-01 00:00:00-05:00,16.850000381469727,16.850000381469727,16.229999542236328,16.520000457763672,59900,0.0,0.0
2022-03-02 00:00:00-05:00,16.670000076293945,17.209999084472656,16.670000076293945,17.079999923706055,44500,0.0,0.0
2022-03-03 00:00:00-05:00,17.139999389648438,17.190000534057617,16.989999771118164,17.18000030517578,26600,0.0,0.0
2022-03-04 00:00:00-05:00,16.940000534057617,17.170000076293945,16.850000381469727,16.989999771118164,38100,0.0,0.0
2022-03-07 00:00:00-05:00,16.989999771118164,17.190000534057617,16.920000076293945,16.93000030517578,48300,0.0,0.0
2022-03-08 00:00:00-05:00,16.979999542236328,17.200000762939453,16.700000762939453,16.899999618530273,49500,0.0,0.0
2022-03-09 00:00:00-05:00,17.239999771118164,17.309999465942383,16.90999984741211,17.1299991607666,27000,0.0,0.0
2022-03-10 00:00:00-05:00,17.020000457763672,17.530000686645508,16.950000762939453,17.040000915527344,21400,0.0,0.0
2022-03-11 00:00:00-05:00,17.139999389648438,17.270000457763672,17.0,17.09000015258789,43100,0.0,0.0
2022-03-14 00:00:00-04:00,17.290000915527344,17.450000762939453,17.139999389648438,17.209999084472656,13300,0.0,0.0
2022-03-15 00:00:00-04:00,17.219999313354492,17.3799991607666,17.0,17.18000030517578,23600,0.0,0.0
2022-03-16 00:00:00-04:00,17.270000457763672,17.6200008392334,17.110000610351562,17.559999465942383,44300,0.0,0.0
2022-03-17 00:00:00-04:00,17.420000076293945,17.601999282836914,17.19499969482422,17.3700008392334,32000,0.0,0.0
2022-03-18 00:00:00-04:00,17.270000457763672,17.3700008392334,17.094999313354492,17.280000686645508,85600,0.0,0.0
2022-03-21 00:00:00-04:00,17.290000915527344,17.6299991607666,17.200000762939453,17.299999237060547,38300,0.0,0.0
2022-03-22 00:00:00-04:00,17.614999771118164,17.729999542236328,17.170000076293945,17.31999969482422,39600,0.0,0.0
2022-03-23 00:00:00-04:00,17.270000457763672,17.579999923706055,16.8700008392334,16.93000030517578,24800,0.0,0.0
2022-03-24 00:00:00-04:00,17.079999923706055,17.128999710083008,16.68000030517578,17.030000686645508,26900,0.0,0.0
2022-03-25 00:00:00-04:00,17.1200008392334,17.280000686645508,17.010000228881836,17.110000610351562,22400,0.0,0.0
2022-03-28 00:00:00-04:00,17.100000381469727,17.27899932861328,16.8799991607666,17.110000610351562,34000,0.0,0.0
2022-03-29 00:00:00-04:00,17.15999984741211,17.270000457763672,16.959999084472656,17.15999984741211,35900,0.0,0.0
2022-03-30 00:00:00-04:00,17.170000076293945,17.325000762939453,16.7450008392334,16.780000686645508,54200,0.0,0.0
2022-03-31 00:00:00-04:00,16.739999771118164,16.940000534057617,16.639999389648438,16.68000030517578,56700,0.0,0.0
2022-04-01 00:00:00-04:00,16.770000457763672,16.860000610351562,16.56999969482422,16.600000381469727,39300,0.0,0.0
2022-04-04 00:00:00-04:00,16.559999465942383,16.75,16.399999618530273,16.549999237060547,36000,0.0,0.0
2022-04-05 00:00:00-04:00,16.579999923706055,16.790000915527344,16.461999893188477,16.520000457763672,37000,0.0,0.0
2022-04-06 00:00:00-04:00,16.770000457763672,16.770000457763672,16.43000030517578,16.459999084472656,44400,0.0,0.0
2022-04-07 00:00:00-04:00,16.479999542236328,16.5,16.25,16.260000228881836,29100,0.0,0.0
2022-04-08 00:00:00-04:00,16.280000686645508,16.600000381469727,16.139999389648438,16.190000534057617,40300,0.0,0.0
2022-04-11 00:00:00-04:00,16.239999771118164,16.440000534057617,16.239999771118164,16.309999465942383,35300,0.0,0.0
2022-04-12 00:00:00-04:00,16.270000457763672,16.49799919128418,16.260000228881836,16.31999969482422,36700,0.0,0.0
2022-04-13 00:00:00-04:00,16.25,16.540000915527344,16.25,16.399999618530273,33300,0.0,0.0
2022-04-14 00:00:00-04:00,16.420000076293945,16.513999938964844,16.18000030517578,16.260000228881836,22400,0.0,0.0
2022-04-18 00:00:00-04:00,16.190000534057617,16.399999618530273,16.190000534057617,16.229999542236328,33300,0.0,0.0
2022-04-19 00:00:00-04:00,16.450000762939453,16.8700008392334,16.440000534057617,16.739999771118164,36500,0.0,0.0
2022-04-20 00:00:00-04:00,16.719999313354492,17.0,16.5,16.780000686645508,37400,0.0,0.0
2022-04-21 00:00:00-04:00,16.889999389648438,17.09000015258789,16.709999084472656,16.81999969482422,41300,0.0,0.0
2022-04-22 00:00:00-04:00,16.729999542236328,16.84000015258789,16.56999969482422,16.56999969482422,33500,0.0,0.0
2022-04-25 00:00:00-04:00,16.469999313354492,16.549999237060547,16.309999465942383,16.459999084472656,37400,0.0,0.0
2022-04-26 00:00:00-04:00,16.31999969482422,16.514999389648438,16.059999465942383,16.100000381469727,61200,0.0,0.0
2022-04-27 00:00:00-04:00,16.079999923706055,16.399999618530273,16.030000686645508,16.149999618530273,35000,0.0,0.0
2022-04-28 00:00:00-04:00,16.219999313354492,16.40999984741211,16.030000686645508,16.350000381469727,60200,0.0,0.0
2022-04-29 00:00:00-04:00,16.329999923706055,16.450000762939453,16.020000457763672,16.020000457763672,49000,0.0,0.0
2022-05-02 00:00:00-04:00,16.110000610351562,16.219999313354492,15.75,15.829999923706055,64500,0.0,0.0
2022-05-03 00:00:00-04:00,15.829999923706055,16.030000686645508,15.670000076293945,16.020000457763672,35900,0.0,0.0
2022-05-04 00:00:00-04:00,16.00200080871582,16.2450008392334,15.8100004196167,16.209999084472656,31700,0.0,0.0
2022-05-05 00:00:00-04:00,16.079999923706055,16.079999923706055,15.824999809265137,16.0,37200,0.0,0.0
2022-05-06 00:00:00-04:00,15.989999771118164,16.040000915527344,15.864999771118164,15.979999542236328,40100,0.0,0.0
2022-05-09 00:00:00-04:00,15.960000038146973,16.25,15.949999809265137,16.1200008392334,58300,0.0,0.0
2022-05-10 00:00:00-04:00,16.229999542236328,16.520000457763672,15.859999656677246,16.059999465942383,42800,0.0,0.0
2022-05-11 00:00:00-04:00,16.079999923706055,16.200000762939453,15.890000343322754,16.020000457763672,37000,0.0,0.0
2022-05-12 00:00:00-04:00,16.059999465942383,16.139999389648438,15.609999656677246,15.779999732971191,57700,0.0,0.0
2022-05-13 00:00:00-04:00,15.850000381469727,15.850000381469727,15.529999732971191,15.649999618530273,57400,0.0,0.0
2022-05-16 00:00:00-04:00,15.569999694824219,15.640000343322754,15.319999694824219,15.380000114440918,45400,0.0,0.0
2022-05-17 00:00:00-04:00,15.550000190734863,15.9399995803833,15.520000457763672,15.890000343322754,77100,0.0,0.0
2022-05-18 00:00:00-04:00,15.739999771118164,15.739999771118164,15.460000038146973,15.630000114440918,46300,0.0,0.0
2022-05-19 00:00:00-04:00,15.520000457763672,15.609999656677246,14.970000267028809,15.020000457763672,60300,0.0,0.0
2022-05-20 00:00:00-04:00,15.130000114440918,15.489999771118164,15.029999732971191,15.430000305175781,58400,0.0,0.0
2022-05-23 00:00:00-04:00,15.630000114440918,15.859999656677246,15.479999542236328,15.699999809265137,45300,0.0,0.0
2022-05-24 00:00:00-04:00,15.609999656677246,15.90999984741211,15.414999961853027,15.850000381469727,48100,0.0,0.0
2022-05-25 00:00:00-04:00,15.8100004196167,16.059999465942383,15.630000114440918,15.770000457763672,50000,0.0,0.0
2022-05-26 00:00:00-04:00,15.90999984741211,16.139999389648438,15.899999618530273,15.930000305175781,36900,0.0,0.0
2022-05-27 00:00:00-04:00,15.880000114440918,16.299999237060547,15.869999885559082,16.239999771118164,52400,0.0,0.0
2022-05-31 00:00:00-04:00,16.100000381469727,16.280000686645508,16.0,16.229999542236328,37200,0.0,0.0
2022-06-01 00:00:00-04:00,16.200000762939453,16.200000762939453,15.880000114440918,15.890000343322754,35800,0.0,0.0
2022-06-02 00:00:00-04:00,15.930000305175781,16.229999542236328,15.90999984741211,16.190000534057617,29700,0.0,0.0
2022-06-03 00:00:00-04:00,15.970000267028809,16.280000686645508,15.970000267028809,16.209999084472656,42900,0.0,0.0
2022-06-06 00:00:00-04:00,16.309999465942383,16.56999969482422,16.149999618530273,16.260000228881836,26200,0.0,0.0
2022-06-07 00:00:00-04:00,16.299999237060547,16.5,16.179000854492188,16.389999389648438,29000,0.0,0.0
2022-06-08 00:00:00-04:00,16.219999313354492,16.450000762939453,16.139999389648438,16.389999389648438,54100,0.0,0.0
2022-06-09 00:00:00-04:00,16.315000534057617,16.34000015258789,15.960000038146973,16.020000457763672,34500,0.0,0.0
2022-06-10 00:00:00-04:00,15.819999694824219,15.84000015258789,15.53499984741211,15.640000343322754,27400,0.0,0.0
2022-06-13 00:00:00-04:00,15.40999984741211,15.970000267028809,15.390000343322754,15.550000190734863,51500,0.0,0.0
2022-06-14 00:00:00-04:00,15.399999618530273,15.680000305175781,15.399999618530273,15.510000228881836,51400,0.0,0.0
2022-06-15 00:00:00-04:00,15.529999732971191,15.600000381469727,15.369999885559082,15.420000076293945,47100,0.0,0.0
2022-06-16 00:00:00-04:00,15.1899995803833,15.630000114440918,15.119999885559082,15.380000114440918,60900,0.0,0.0
2022-06-17 00:00:00-04:00,15.479999542236328,15.850000381469727,15.479999542236328,15.529999732971191,72600,0.0,0.0
2022-06-21 00:00:00-04:00,15.600000381469727,16.100000381469727,15.600000381469727,15.890000343322754,41700,0.0,0.0
2022-06-22 00:00:00-04:00,15.800000190734863,16.0,15.460000038146973,15.899999618530273,52100,0.0,0.0
2022-06-23 00:00:00-04:00,16.174999237060547,16.219999313354492,15.505000114440918,15.720000267028809,54300,0.0,0.0
2022-06-24 00:00:00-04:00,15.699999809265137,16.440000534057617,15.699999809265137,16.420000076293945,190300,0.0,0.0
2022-06-27 00:00:00-04:00,16.540000915527344,16.610000610351562,16.280000686645508,16.31999969482422,68800,0.0,0.0
2022-06-28 00:00:00-04:00,16.299999237060547,16.540000915527344,15.880000114440918,15.989999771118164,55800,0.0,0.0
2022-06-29 00:00:00-04:00,15.930000305175781,16.145000457763672,15.850000381469727,15.970000267028809,36500,0.0,0.0
2022-06-30 00:00:00-04:00,15.6899995803833,16.299999237060547,15.6899995803833,16.139999389648438,56800,0.0,0.0
2022-07-01 00:00:00-04:00,16.040000915527344,16.500999450683594,16.040000915527344,16.3799991607666,40000,0.0,0.0
2022-07-05 00:00:00-04:00,16.09000015258789,16.579999923706055,16.09000015258789,16.559999465942383,46700,0.0,0.0
2022-07-06 00:00:00-04:00,16.579999923706055,16.8700008392334,16.3799991607666,16.40999984741211,67200,0.0,0.0
2022-07-07 00:00:00-04:00,16.549999237060547,16.709999084472656,16.350000381469727,16.350000381469727,55700,0.0,0.0
2022-07-08 00:00:00-04:00,16.489999771118164,16.75,16.31999969482422,16.450000762939453,36600,0.0,0.0
2022-07-11 00:00:00-04:00,16.309999465942383,16.469999313354492,16.309999465942383,16.31999969482422,30400,0.0,0.0
2022-07-12 00:00:00-04:00,16.299999237060547,16.420000076293945,16.110000610351562,16.110000610351562,49800,0.0,0.0
2022-07-13 00:00:00-04:00,15.979999542236328,16.030000686645508,15.649999618530273,15.720000267028809,53000,0.0,0.0
2022-07-14 00:00:00-04:00,15.5,15.84000015258789,15.40999984741211,15.779999732971191,50400,0.0,0.0
2022-07-15 00:00:00-04:00,16.0,16.469999313354492,15.779999732971191,16.350000381469727,87700,0.0,0.0
2022-07-18 00:00:00-04:00,16.40999984741211,16.81999969482422,16.350000381469727,16.549999237060547,41700,0.0,0.0
2022-07-19 00:00:00-04:00,16.75,16.985000610351562,16.690000534057617,16.760000228881836,35500,0.0,0.0
2022-07-20 00:00:00-04:00,16.649999618530273,16.81999969482422,16.559999465942383,16.770000457763672,30800,0.0,0.0
2022-07-21 00:00:00-04:00,16.75,16.90999984741211,16.68000030517578,16.8799991607666,25100,0.0,0.0
2022-07-22 00:00:00-04:00,16.93000030517578,17.079999923706055,16.670000076293945,16.799999237060547,58000,0.0,0.0
2022-07-25 00:00:00-04:00,16.889999389648438,17.020000457763672,16.799999237060547,16.940000534057617,29200,0.0,0.0
2022-07-26 00:00:00-04:00,16.899999618530273,17.030000686645508,16.8700008392334,16.969999313354492,25700,0.0,0.0
2022-07-27 00:00:00-04:00,17.09000015258789,17.219999313354492,17.049999237060547,17.139999389648438,37400,0.0,0.0
2022-07-28 00:00:00-04:00,17.25,17.25,16.795000076293945,17.18000030517578,25200,0.0,0.0
2022-07-29 00:00:00-04:00,17.270000457763672,17.530000686645508,17.209999084472656,17.479999542236328,47300,0.0,0.0
2022-08-01 00:00:00-04:00,17.479999542236328,17.540000915527344,17.309999465942383,17.5,27800,0.0,0.0
2022-08-02 00:00:00-04:00,17.5,17.5,17.170000076293945,17.170000076293945,22400,0.0,0.0
2022-08-03 00:00:00-04:00,17.479999542236328,17.479999542236328,16.950000762939453,17.139999389648438,29100,0.0,0.0
2022-08-04 00:00:00-04:00,17.09000015258789,17.15999984741211,16.934999465942383,17.040000915527344,27800,0.0,0.0
2022-08-05 00:00:00-04:00,16.93000030517578,17.395000457763672,16.860000610351562,17.139999389648438,39400,0.0,0.0
2022-08-08 00:00:00-04:00,17.1299991607666,17.42799949645996,17.0,17.229999542236328,38600,0.0,0.0
2022-08-09 00:00:00-04:00,17.18000030517578,17.280000686645508,16.979999542236328,17.239999771118164,33100,0.0,0.0
2022-08-10 00:00:00-04:00,17.440000534057617,17.469999313354492,17.229999542236328,17.350000381469727,17300,0.0,0.0
2022-08-11 00:00:00-04:00,17.489999771118164,17.514999389648438,17.3799991607666,17.420000076293945,23000,0.0,0.0
2022-08-12 00:00:00-04:00,17.43000030517578,17.850000381469727,17.315000534057617,17.850000381469727,49700,0.0,0.0
2022-08-15 00:00:00-04:00,17.729999542236328,17.979999542236328,17.530000686645508,17.959999084472656,90000,0.0,0.0
2022-08-16 00:00:00-04:00,17.959999084472656,18.139999389648438,17.959999084472656,18.06999969482422,29000,0.0,0.0
2022-08-17 00:00:00-04:00,17.959999084472656,18.100000381469727,17.59000015258789,17.969999313354492,34700,0.0,0.0
2022-08-18 00:00:00-04:00,18.049999237060547,18.200000762939453,17.8700008392334,18.18000030517578,43400,0.0,0.0
2022-08-19 00:00:00-04:00,18.18000030517578,18.364999771118164,18.020000457763672,18.149999618530273,81500,0.0,0.0
2022-08-22 00:00:00-04:00,18.0,18.6200008392334,17.610000610351562,18.420000076293945,130700,0.0,0.0
2022-08-23 00:00:00-04:00,18.3700008392334,18.450000762939453,17.719999313354492,17.799999237060547,34100,0.0,0.0
2022-08-24 00:00:00-04:00,17.850000381469727,17.93000030517578,17.65999984741211,17.829999923706055,56900,0.0,0.0
2022-08-25 00:00:00-04:00,17.90999984741211,17.950000762939453,17.690000534057617,17.770000457763672,23900,0.0,0.0
2022-08-26 00:00:00-04:00,17.700000762939453,17.700000762939453,17.350000381469727,17.43000030517578,28100,0.0,0.0
2022-08-29 00:00:00-04:00,17.420000076293945,17.420000076293945,17.15999984741211,17.270000457763672,15400,0.0,0.0
2022-08-30 00:00:00-04:00,17.19499969482422,17.420000076293945,17.065000534057617,17.280000686645508,20600,0.0,0.0
2022-08-31 00:00:00-04:00,17.270000457763672,17.344999313354492,17.15999984741211,17.18000030517578,33300,0.0,0.0
2022-09-01 00:00:00-04:00,17.040000915527344,17.260000228881836,17.020000457763672,17.25,35800,0.0,0.0
2022-09-02 00:00:00-04:00,17.385000228881836,17.389999389648438,17.1200008392334,17.149999618530273,25000,0.0,0.0
2022-09-06 00:00:00-04:00,17.149999618530273,17.149999618530273,16.6299991607666,16.780000686645508,33500,0.0,0.0
2022-09-07 00:00:00-04:00,16.719999313354492,17.09000015258789,16.719999313354492,17.049999237060547,23000,0.0,0.0
2022-09-08 00:00:00-04:00,16.90999984741211,17.1299991607666,16.770000457763672,17.020000457763672,37300,0.0,0.0
2022-09-09 00:00:00-04:00,17.15999984741211,17.360000610351562,17.06999969482422,17.260000228881836,24400,0.0,0.0
2022-09-12 00:00:00-04:00,17.40999984741211,17.540000915527344,17.344999313354492,17.510000228881836,20000,0.0,0.0
2022-09-13 00:00:00-04:00,17.309999465942383,17.844999313354492,17.059999465942383,17.219999313354492,37000,0.0,0.0
2022-09-14 00:00:00-04:00,17.389999389648438,17.469999313354492,17.049999237060547,17.280000686645508,54400,0.0,0.0
2022-09-15 00:00:00-04:00,17.270000457763672,18.277999877929688,17.100000381469727,17.459999084472656,52800,0.0,0.0
2022-09-16 00:00:00-04:00,17.25,17.469999313354492,17.170000076293945,17.3799991607666,148900,0.0,0.0
2022-09-19 00:00:00-04:00,17.280000686645508,17.700000762939453,17.270000457763672,17.670000076293945,59400,0.0,0.0
2022-09-20 00:00:00-04:00,17.549999237060547,17.969999313354492,17.530000686645508,17.770000457763672,47500,0.0,0.0
2022-09-21 00:00:00-04:00,17.770000457763672,17.979999542236328,17.309999465942383,17.360000610351562,84700,0.0,0.0
2022-09-22 00:00:00-04:00,17.3799991607666,17.3799991607666,16.950000762939453,17.149999618530273,72300,0.0,0.0
2022-09-23 00:00:00-04:00,17.0,17.100000381469727,16.6299991607666,16.860000610351562,60800,0.0,0.0
2022-09-26 00:00:00-04:00,16.8799991607666,17.0,16.700000762939453,16.829999923706055,30300,0.0,0.0
2022-09-27 00:00:00-04:00,16.959999084472656,17.149999618530273,16.549999237060547,16.56999969482422,27200,0.0,0.0
2022-09-28 00:00:00-04:00,16.6200008392334,17.6200008392334,16.459999084472656,16.860000610351562,51000,0.0,0.0
2022-09-29 00:00:00-04:00,17.110000610351562,17.110000610351562,16.459999084472656,16.670000076293945,37700,0.0,0.0
2022-09-30 00:00:00-04:00,16.729999542236328,16.959999084472656,16.469999313354492,16.469999313354492,36500,0.0,0.0
2022-10-03 00:00:00-04:00,16.65999984741211,16.743999481201172,16.56999969482422,16.690000534057617,35700,0.0,0.0
2022-10-04 00:00:00-04:00,16.81999969482422,17.459999084472656,16.81999969482422,17.200000762939453,41500,0.0,0.0
2022-10-05 00:00:00-04:00,17.09000015258789,17.329999923706055,16.450000762939453,16.940000534057617,26500,0.0,0.0
2022-10-06 00:00:00-04:00,17.18000030517578,17.229999542236328,16.780000686645508,16.889999389648438,28300,0.0,0.0
2022-10-07 00:00:00-04:00,16.8700008392334,16.871000289916992,16.510000228881836,16.610000610351562,29500,0.0,0.0
2022-10-10 00:00:00-04:00,16.860000610351562,16.860000610351562,16.59000015258789,16.75,30800,0.0,0.0
2022-10-11 00:00:00-04:00,16.770000457763672,16.899999618530273,16.6299991607666,16.850000381469727,33100,0.0,0.0
2022-10-12 00:00:00-04:00,16.959999084472656,17.100000381469727,16.719999313354492,17.09000015258789,52200,0.0,0.0
2022-10-13 00:00:00-04:00,16.959999084472656,17.950000762939453,16.8799991607666,17.809999465942383,102400,0.0,0.0
2022-10-14 00:00:00-04:00,17.850000381469727,18.309999465942383,17.829999923706055,18.25,90500,0.0,0.0
2022-10-17 00:00:00-04:00,18.549999237060547,18.649999618530273,18.270000457763672,18.350000381469727,77700,0.0,0.0
2022-10-18 00:00:00-04:00,18.479999542236328,18.510000228881836,17.860000610351562,17.90999984741211,48000,0.0,0.0
2022-10-19 00:00:00-04:00,17.739999771118164,18.030000686645508,17.65999984741211,17.989999771118164,35400,0.0,0.0
2022-10-20 00:00:00-04:00,17.93000030517578,17.989999771118164,17.1200008392334,17.350000381469727,31900,0.0,0.0
2022-10-21 00:00:00-04:00,17.479999542236328,17.889999389648438,17.450000762939453,17.6200008392334,68800,0.0,0.0
2022-10-24 00:00:00-04:00,17.790000915527344,17.915000915527344,17.479999542236328,17.65999984741211,27800,0.0,0.0
2022-10-25 00:00:00-04:00,17.65999984741211,17.93000030517578,17.6299991607666,17.780000686645508,38800,0.0,0.0
2022-10-26 00:00:00-04:00,17.889999389648438,18.270000457763672,17.65999984741211,17.969999313354492,79400,0.0,0.0
2022-10-27 00:00:00-04:00,18.15999984741211,18.43000030517578,17.540000915527344,18.010000228881836,81000,0.0,0.0
2022-10-28 00:00:00-04:00,18.200000762939453,19.209999084472656,18.200000762939453,18.8799991607666,135400,0.0,0.0
2022-10-31 00:00:00-04:00,18.540000915527344,19.420000076293945,18.540000915527344,19.1200008392334,104100,0.0,0.0
2022-11-01 00:00:00-04:00,19.149999618530273,19.360000610351562,18.979999542236328,19.270000457763672,85000,0.0,0.0
2022-11-02 00:00:00-04:00,19.389999389648438,19.764999389648438,18.68000030517578,19.09000015258789,108100,0.0,0.0
2022-11-03 00:00:00-04:00,18.8799991607666,19.010000228881836,18.65999984741211,18.899999618530273,22700,0.0,0.0
2022-11-04 00:00:00-04:00,18.860000610351562,19.459999084472656,18.860000610351562,19.420000076293945,65300,0.0,0.0
2022-11-07 00:00:00-05:00,19.479999542236328,19.479999542236328,19.049999237060547,19.09000015258789,41000,0.0,0.0
2022-11-08 00:00:00-05:00,19.280000686645508,19.31999969482422,19.020000457763672,19.149999618530273,134300,0.0,0.0
2022-11-09 00:00:00-05:00,19.110000610351562,19.110000610351562,18.780000686645508,18.780000686645508,67000,0.0,0.0
2022-11-10 00:00:00-05:00,19.18000030517578,20.0,18.989999771118164,19.969999313354492,131200,0.0,0.0
2022-11-11 00:00:00-05:00,20.0,20.204999923706055,19.420000076293945,19.510000228881836,145900,0.0,0.0
2022-11-14 00:00:00-05:00,19.549999237060547,19.549999237060547,19.020000457763672,19.049999237060547,87400,0.0,0.0
2022-11-15 00:00:00-05:00,19.34000015258789,19.360000610351562,18.959999084472656,19.06999969482422,54100,0.0,0.0
2022-11-16 00:00:00-05:00,19.100000381469727,19.163000106811523,18.850000381469727,18.90999984741211,48500,0.0,0.0
2022-11-17 00:00:00-05:00,18.809999465942383,18.920000076293945,18.562000274658203,18.920000076293945,46200,0.0,0.0
2022-11-18 00:00:00-05:00,19.299999237060547,19.43000030517578,18.950000762939453,19.040000915527344,49100,0.0,0.0
2022-11-21 00:00:00-05:00,18.959999084472656,19.350000381469727,18.959999084472656,19.309999465942383,52100,0.0,0.0
2022-11-22 00:00:00-05:00,19.239999771118164,19.469999313354492,19.09000015258789,19.280000686645508,42600,0.0,0.0
2022-11-23 00:00:00-05:00,19.270000457763672,19.3799991607666,19.06999969482422,19.290000915527344,28000,0.0,0.0
2022-11-25 00:00:00-05:00,19.329999923706055,19.479999542236328,19.329999923706055,19.420000076293945,8300,0.0,0.0
2022-11-28 00:00:00-05:00,19.260000228881836,19.270000457763672,18.972999572753906,19.1299991607666,56800,0.0,0.0
2022-11-29 00:00:00-05:00,19.09000015258789,19.145000457763672,18.729999542236328,18.81999969482422,41600,0.0,0.0
2022-11-30 00:00:00-05:00,18.93000030517578,19.450000762939453,18.610000610351562,19.270000457763672,487600,0.0,0.0
2022-12-01 00:00:00-05:00,19.389999389648438,19.389999389648438,18.889999389648438,19.100000381469727,43800,0.0,0.0
2022-12-02 00:00:00-05:00,18.90999984741211,19.31999969482422,18.799999237060547,19.260000228881836,40800,0.0,0.0
2022-12-05 00:00:00-05:00,19.110000610351562,19.110000610351562,18.635000228881836,18.75,46300,0.0,0.0
2022-12-06 00:00:00-05:00,18.809999465942383,18.809999465942383,18.6200008392334,18.719999313354492,58100,0.0,0.0
2022-12-07 00:00:00-05:00,18.6200008392334,18.899999618530273,18.549999237060547,18.610000610351562,30500,0.0,0.0
2022-12-08 00:00:00-05:00,18.610000610351562,18.809999465942383,18.59000015258789,18.739999771118164,50500,0.0,0.0
2022-12-09 00:00:00-05:00,18.590999603271484,18.75,18.56999969482422,18.610000610351562,43600,0.0,0.0
2022-12-12 00:00:00-05:00,18.610000610351562,18.6299991607666,18.450000762939453,18.450000762939453,92500,0.0,0.0
2022-12-13 00:00:00-05:00,18.639999389648438,18.799999237060547,18.489999771118164,18.65999984741211,75900,0.0,0.0
2022-12-14 00:00:00-05:00,18.690000534057617,18.700000762939453,18.219999313354492,18.25,49600,0.0,0.0
2022-12-15 00:00:00-05:00,18.139999389648438,18.149999618530273,17.469999313354492,17.530000686645508,64600,0.0,0.0
2022-12-16 00:00:00-05:00,17.290000915527344,17.68000030517578,17.219999313354492,17.649999618530273,151800,0.0,0.0
2022-12-19 00:00:00-05:00,17.649999618530273,17.969999313354492,17.610000610351562,17.940000534057617,60500,0.0,0.0
2022-12-20 00:00:00-05:00,17.950000762939453,18.09000015258789,17.899999618530273,17.920000076293945,37500,0.0,0.0
2022-12-21 00:00:00-05:00,17.979999542236328,18.200000762939453,17.979999542236328,18.040000915527344,40800,0.0,0.0
2022-12-22 00:00:00-05:00,17.889999389648438,17.899999618530273,17.700000762939453,17.850000381469727,35200,0.0,0.0
2022-12-23 00:00:00-05:00,17.829999923706055,17.979999542236328,17.75,17.770000457763672,31800,0.0,0.0
2022-12-27 00:00:00-05:00,17.799999237060547,17.799999237060547,17.5,17.540000915527344,22400,0.0,0.0
2022-12-28 00:00:00-05:00,17.540000915527344,17.600000381469727,17.299999237060547,17.299999237060547,35900,0.0,0.0
2022-12-29 00:00:00-05:00,17.389999389648438,17.559999465942383,17.280000686645508,17.530000686645508,69000,0.0,0.0
2022-12-30 00:00:00-05:00,17.510000228881836,17.809999465942383,17.3799991607666,17.739999771118164,56500,0.0,0.0
2023-01-03 00:00:00-05:00,17.700000762939453,17.8700008392334,17.295000076293945,17.399999618530273,74400,0.0,0.0
2023-01-04 00:00:00-05:00,17.540000915527344,17.65999984741211,17.18000030517578,17.229999542236328,55100,0.0,0.0
2023-01-05 00:00:00-05:00,17.18000030517578,17.530000686645508,16.979999542236328,17.440000534057617,115400,0.0,0.0
2023-01-06 00:00:00-05:00,17.450000762939453,17.81999969482422,17.450000762939453,17.639999389648438,62100,0.0,0.0
2023-01-09 00:00:00-05:00,17.6200008392334,17.6200008392334,17.270000457763672,17.309999465942383,29000,0.0,0.0
2023-01-10 00:00:00-05:00,17.309999465942383,17.56999969482422,17.260000228881836,17.3799991607666,35000,0.0,0.0
2023-01-11 00:00:00-05:00,17.3799991607666,17.719999313354492,17.219999313354492,17.530000686645508,50000,0.0,0.0
2023-01-12 00:00:00-05:00,17.639999389648438,17.81999969482422,17.507999420166016,17.68000030517578,39600,0.0,0.0
2023-01-13 00:00:00-05:00,17.559999465942383,17.81999969482422,17.46500015258789,17.739999771118164,28900,0.0,0.0
2023-01-17 00:00:00-05:00,17.729999542236328,17.729999542236328,17.469999313354492,17.469999313354492,20800,0.0,0.0
2023-01-18 00:00:00-05:00,17.43000030517578,17.43000030517578,16.850000381469727,16.920000076293945,37500,0.0,0.0
2023-01-19 00:00:00-05:00,16.790000915527344,17.18000030517578,16.790000915527344,17.100000381469727,45000,0.0,0.0
2023-01-20 00:00:00-05:00,17.260000228881836,17.299999237060547,17.030000686645508,17.18000030517578,54000,0.0,0.0
2023-01-23 00:00:00-05:00,17.209999084472656,17.209999084472656,17.05500030517578,17.209999084472656,36600,0.0,0.0
2023-01-24 00:00:00-05:00,17.209999084472656,17.209999084472656,16.889999389648438,17.0,103300,0.0,0.0
2023-01-25 00:00:00-05:00,16.969999313354492,17.270000457763672,16.850000381469727,17.200000762939453,63700,0.0,0.0
2023-01-26 00:00:00-05:00,16.950000762939453,16.950000762939453,15.729999542236328,16.350000381469727,203600,0.0,0.0
2023-01-27 00:00:00-05:00,15.670000076293945,15.880000114440918,14.449999809265137,15.100000381469727,321500,0.0,0.0
2023-01-30 00:00:00-05:00,15.109999656677246,15.600000381469727,15.0600004196167,15.164999961853027,89000,0.0,0.0
2023-01-31 00:00:00-05:00,15.180000305175781,15.569999694824219,15.119999885559082,15.5600004196167,84500,0.0,0.0
2023-02-01 00:00:00-05:00,15.449999809265137,15.600000381469727,15.130000114440918,15.229999542236328,152200,0.0,0.0
2023-02-02 00:00:00-05:00,15.3100004196167,15.59000015258789,15.239999771118164,15.59000015258789,52500,0.0,0.0
2023-02-03 00:00:00-05:00,15.520000457763672,15.84000015258789,15.510000228881836,15.699999809265137,60100,0.0,0.0
2023-02-06 00:00:00-05:00,15.710000038146973,15.710000038146973,15.279999732971191,15.460000038146973,46400,0.0,0.0
2023-02-07 00:00:00-05:00,15.34000015258789,15.5,15.210000038146973,15.260000228881836,45400,0.0,0.0
2023-02-08 00:00:00-05:00,15.279999732971191,15.3100004196167,14.90999984741211,15.050000190734863,62500,0.0,0.0
2023-02-09 00:00:00-05:00,15.164999961853027,15.164999961853027,14.699999809265137,14.789999961853027,39400,0.0,0.0
2023-02-10 00:00:00-05:00,14.819999694824219,15.149999618530273,14.770000457763672,15.0,59700,0.0,0.0
2023-02-13 00:00:00-05:00,15.220000267028809,15.220000267028809,14.720000267028809,14.869999885559082,64300,0.0,0.0
2023-02-14 00:00:00-05:00,14.859999656677246,14.859999656677246,14.520000457763672,14.550000190734863,46200,0.0,0.0
2023-02-15 00:00:00-05:00,14.670000076293945,15.15999984741211,14.420000076293945,15.100000381469727,109300,0.0,0.0
2023-02-16 00:00:00-05:00,15.149999618530273,15.359999656677246,14.819999694824219,14.829999923706055,161100,0.0,0.0
2023-02-17 00:00:00-05:00,14.960000038146973,15.109999656677246,14.8100004196167,14.949999809265137,129700,0.0,0.0
2023-02-21 00:00:00-05:00,14.859999656677246,14.949999809265137,14.649999618530273,14.800000190734863,105900,0.0,0.0
2023-02-22 00:00:00-05:00,14.8100004196167,14.9399995803833,14.569999694824219,14.729999542236328,82800,0.0,0.0
2023-02-23 00:00:00-05:00,14.819999694824219,14.819999694824219,14.449999809265137,14.569999694824219,41400,0.0,0.0
2023-02-24 00:00:00-05:00,14.479999542236328,14.5600004196167,14.390000343322754,14.449999809265137,47300,0.0,0.0
2023-02-27 00:00:00-05:00,14.460000038146973,14.760000228881836,14.420000076293945,14.569999694824219,72200,0.0,0.0
2023-02-28 00:00:00-05:00,14.699999809265137,14.899999618530273,14.550000190734863,14.710000038146973,84400,0.0,0.0
2023-03-01 00:00:00-05:00,14.680000305175781,14.760000228881836,14.569999694824219,14.630000114440918,69200,0.0,0.0
2023-03-02 00:00:00-05:00,14.5600004196167,14.680000305175781,14.479999542236328,14.59000015258789,82400,0.0,0.0
2023-03-03 00:00:00-05:00,14.640000343322754,14.869999885559082,14.491000175476074,14.760000228881836,63400,0.0,0.0
2023-03-06 00:00:00-05:00,14.800000190734863,14.859999656677246,14.649999618530273,14.680000305175781,96200,0.0,0.0
2023-03-07 00:00:00-05:00,14.699999809265137,14.699999809265137,14.420000076293945,14.449999809265137,73700,0.0,0.0
2023-03-08 00:00:00-05:00,14.40999984741211,14.5,14.210000038146973,14.289999961853027,63500,0.0,0.0
2023-03-09 00:00:00-05:00,14.100000381469727,14.210000038146973,13.09000015258789,13.15999984741211,224100,0.0,0.0
2023-03-10 00:00:00-05:00,13.010000228881836,13.039999961853027,12.1899995803833,12.720000267028809,310900,0.0,0.0
2023-03-13 00:00:00-04:00,12.199999809265137,12.199999809265137,11.0,11.880000114440918,314200,0.0,0.0
2023-03-14 00:00:00-04:00,12.510000228881836,12.670000076293945,12.149999618530273,12.180000305175781,196700,0.0,0.0
2023-03-15 00:00:00-04:00,11.880000114440918,12.630000114440918,11.800000190734863,12.420000076293945,157100,0.0,0.0
2023-03-16 00:00:00-04:00,12.34000015258789,13.23799991607666,11.930000305175781,12.84000015258789,150100,0.0,0.0
2023-03-17 00:00:00-04:00,12.729999542236328,12.729999542236328,11.770000457763672,11.869999885559082,286400,0.0,0.0
2023-03-20 00:00:00-04:00,12.0600004196167,12.135000228881836,11.744999885559082,11.850000381469727,101200,0.0,0.0
2023-03-21 00:00:00-04:00,12.09000015258789,12.1899995803833,11.649999618530273,11.760000228881836,307300,0.0,0.0
2023-03-22 00:00:00-04:00,11.729999542236328,11.729999542236328,11.069999694824219,11.109999656677246,145500,0.0,0.0
2023-03-23 00:00:00-04:00,11.210000038146973,11.279999732971191,10.8100004196167,10.829999923706055,172300,0.0,0.0
2023-03-24 00:00:00-04:00,10.75,11.289999961853027,10.710000038146973,11.130000114440918,254900,0.0,0.0
2023-03-27 00:00:00-04:00,11.359999656677246,11.630000114440918,11.319999694824219,11.460000038146973,111400,0.0,0.0
2023-03-28 00:00:00-04:00,11.579999923706055,11.579999923706055,11.220000267028809,11.289999961853027,129000,0.0,0.0
2023-03-29 00:00:00-04:00,11.34000015258789,11.359999656677246,11.109999656677246,11.3100004196167,109400,0.0,0.0
2023-03-30 00:00:00-04:00,11.329999923706055,11.329999923706055,10.824999809265137,10.880000114440918,86500,0.0,0.0
2023-03-31 00:00:00-04:00,10.890000343322754,10.949999809265137,10.739999771118164,10.84000015258789,274800,0.0,0.0
2023-04-03 00:00:00-04:00,10.859999656677246,11.0,10.710000038146973,10.819999694824219,222300,0.0,0.0
2023-04-04 00:00:00-04:00,10.84000015258789,11.100000381469727,10.079999923706055,10.300000190734863,181900,0.0,0.0
2023-04-05 00:00:00-04:00,10.229999542236328,10.520000457763672,10.180000305175781,10.319999694824219,214700,0.0,0.0
2023-04-06 00:00:00-04:00,10.359999656677246,10.579999923706055,10.319999694824219,10.399999618530273,44700,0.0,0.0
2023-04-10 00:00:00-04:00,10.399999618530273,10.609999656677246,10.395000457763672,10.5600004196167,76900,0.0,0.0
2023-04-11 00:00:00-04:00,10.579999923706055,10.694999694824219,10.350000381469727,10.390000343322754,94000,0.0,0.0
2023-04-12 00:00:00-04:00,10.399999618530273,10.399999618530273,10.170000076293945,10.1899995803833,74800,0.0,0.0
2023-04-13 00:00:00-04:00,10.210000038146973,10.40999984741211,10.180000305175781,10.3100004196167,55200,0.0,0.0
2023-04-14 00:00:00-04:00,10.319999694824219,10.470000267028809,10.0,10.0600004196167,88800,0.0,0.0
2023-04-17 00:00:00-04:00,10.020000457763672,10.329999923706055,9.84000015258789,10.329999923706055,120700,0.0,0.0
2023-04-18 00:00:00-04:00,10.329999923706055,10.460000038146973,10.050000190734863,10.220000267028809,91300,0.0,0.0
2023-04-19 00:00:00-04:00,10.210000038146973,10.449999809265137,10.164999961853027,10.430000305175781,50700,0.0,0.0
2023-04-20 00:00:00-04:00,10.270000457763672,10.277999877929688,10.050000190734863,10.199999809265137,76000,0.0,0.0
2023-04-21 00:00:00-04:00,10.149999618530273,10.234999656677246,9.920000076293945,10.199999809265137,128100,0.0,0.0
2023-04-24 00:00:00-04:00,10.020000457763672,10.289999961853027,10.010000228881836,10.029999732971191,79100,0.0,0.0
2023-04-25 00:00:00-04:00,9.949999809265137,9.949999809265137,9.550000190734863,9.600000381469727,139300,0.0,0.0
2023-04-26 00:00:00-04:00,9.420000076293945,9.645000457763672,9.130000114440918,9.380000114440918,181700,0.0,0.0
2023-04-27 00:00:00-04:00,9.640000343322754,10.359999656677246,9.640000343322754,9.800000190734863,169300,0.0,0.0
2023-04-28 00:00:00-04:00,9.800000190734863,10.118000030517578,9.800000190734863,9.949999809265137,132800,0.0,0.0
2023-05-01 00:00:00-04:00,9.949999809265137,9.984999656677246,9.529999732971191,9.600000381469727,96000,0.0,0.0
2023-05-02 00:00:00-04:00,9.600000381469727,9.600000381469727,8.779999732971191,8.979999542236328,142200,0.0,0.0
2023-05-03 00:00:00-04:00,9.09000015258789,9.199999809265137,8.640000343322754,8.6899995803833,116900,0.0,0.0
2023-05-04 00:00:00-04:00,8.630000114440918,8.630000114440918,7.900000095367432,8.260000228881836,256300,0.0,0.0
2023-05-05 00:00:00-04:00,8.5,9.274999618530273,8.40999984741211,8.729999542236328,113600,0.0,0.0
2023-05-08 00:00:00-04:00,8.819999694824219,8.899999618530273,8.359999656677246,8.430000305175781,121600,0.0,0.0
2023-05-09 00:00:00-04:00,8.399999618530273,8.449999809265137,8.109999656677246,8.289999961853027,101400,0.0,0.0
2023-05-10 00:00:00-04:00,8.40999984741211,9.199999809265137,8.199999809265137,8.289999961853027,117500,0.0,0.0
2023-05-11 00:00:00-04:00,8.180000305175781,8.335000038146973,8.09000015258789,8.140000343322754,81400,0.0,0.0
2023-05-12 00:00:00-04:00,8.140000343322754,8.404999732971191,7.909999847412109,8.09000015258789,89200,0.0,0.0
2023-05-15 00:00:00-04:00,8.069999694824219,8.300000190734863,8.069999694824219,8.220000267028809,84000,0.0,0.0
2023-05-16 00:00:00-04:00,8.279999732971191,8.619999885559082,8.220000267028809,8.319999694824219,122500,0.0,0.0
2023-05-17 00:00:00-04:00,8.4399995803833,8.970000267028809,8.3149995803833,8.890000343322754,75900,0.0,0.0
2023-05-18 00:00:00-04:00,8.930000305175781,9.118000030517578,8.8100004196167,9.079999923706055,102100,0.0,0.0
2023-05-19 00:00:00-04:00,9.199999809265137,9.199999809265137,8.890000343322754,8.960000038146973,105100,0.0,0.0
2023-05-22 00:00:00-04:00,9.020000457763672,9.109999656677246,8.90999984741211,8.979999542236328,107800,0.0,0.0
2023-05-23 00:00:00-04:00,9.0,9.34000015258789,8.96500015258789,9.109999656677246,66400,0.0,0.0
2023-05-24 00:00:00-04:00,9.0,9.069999694824219,8.883000373840332,9.010000228881836,77000,0.0,0.0
2023-05-25 00:00:00-04:00,9.039999961853027,9.074999809265137,8.9399995803833,9.0,70200,0.0,0.0
2023-05-26 00:00:00-04:00,9.039999961853027,9.100000381469727,8.90999984741211,9.09000015258789,99700,0.0,0.0
2023-05-30 00:00:00-04:00,9.100000381469727,9.140000343322754,8.9350004196167,9.010000228881836,55500,0.0,0.0
2023-05-31 00:00:00-04:00,8.899999618530273,9.039999961853027,8.529999732971191,8.609999656677246,494000,0.0,0.0
2023-06-01 00:00:00-04:00,8.670000076293945,9.1899995803833,8.670000076293945,9.109999656677246,114100,0.0,0.0
2023-06-02 00:00:00-04:00,9.260000228881836,9.859999656677246,9.225000381469727,9.819999694824219,109400,0.0,0.0
2023-06-05 00:00:00-04:00,9.84000015258789,9.84000015258789,9.130000114440918,9.25,68900,0.0,0.0
2023-06-06 00:00:00-04:00,9.180000305175781,10.079999923706055,9.180000305175781,10.050000190734863,88300,0.0,0.0
2023-06-07 00:00:00-04:00,10.170000076293945,11.140000343322754,10.149999618530273,11.0,209700,0.0,0.0
2023-06-08 00:00:00-04:00,10.9399995803833,10.9399995803833,10.1899995803833,10.199999809265137,195300,0.0,0.0
2023-06-09 00:00:00-04:00,10.279999732971191,10.279999732971191,9.899999618530273,10.15999984741211,96200,0.0,0.0
2023-06-12 00:00:00-04:00,10.170000076293945,10.359999656677246,10.050000190734863,10.149999618530273,62700,0.0,0.0
2023-06-13 00:00:00-04:00,10.15999984741211,10.550000190734863,10.109999656677246,10.539999961853027,57700,0.0,0.0
2023-06-14 00:00:00-04:00,10.600000381469727,10.600000381469727,10.125,10.220000267028809,81200,0.0,0.0
2023-06-15 00:00:00-04:00,10.180000305175781,10.460000038146973,10.180000305175781,10.390000343322754,68700,0.0,0.0
2023-06-16 00:00:00-04:00,10.5,10.5,10.140000343322754,10.319999694824219,93100,0.0,0.0
2023-06-20 00:00:00-04:00,10.260000228881836,10.470000267028809,9.9399995803833,9.979999542236328,42100,0.0,0.0
2023-06-21 00:00:00-04:00,9.949999809265137,10.149999618530273,9.8100004196167,9.960000038146973,48200,0.0,0.0
2023-06-22 00:00:00-04:00,9.9399995803833,10.220000267028809,9.819999694824219,10.020000457763672,63600,0.0,0.0
2023-06-23 00:00:00-04:00,9.859999656677246,10.260000228881836,9.6899995803833,10.130000114440918,447600,0.0,0.0
2023-06-26 00:00:00-04:00,10.119999885559082,10.329999923706055,9.887999534606934,10.0,79000,0.0,0.0
2023-06-27 00:00:00-04:00,10.020000457763672,10.119999885559082,9.899999618530273,9.920000076293945,55200,0.0,0.0
2023-06-28 00:00:00-04:00,9.899999618530273,9.899999618530273,9.699999809265137,9.779999732971191,52400,0.0,0.0
2023-06-29 00:00:00-04:00,9.880000114440918,10.069999694824219,9.795999526977539,9.920000076293945,41800,0.0,0.0
2023-06-30 00:00:00-04:00,9.970000267028809,10.180000305175781,9.795000076293945,9.850000381469727,63700,0.0,0.0
2023-07-03 00:00:00-04:00,9.850000381469727,10.029999732971191,9.670000076293945,9.680000305175781,29400,0.0,0.0
2023-07-05 00:00:00-04:00,9.65999984741211,9.892999649047852,9.579999923706055,9.609999656677246,78200,0.0,0.0
2023-07-06 00:00:00-04:00,9.5600004196167,9.640000343322754,9.229999542236328,9.319999694824219,72100,0.0,0.0
2023-07-07 00:00:00-04:00,9.319999694824219,9.710000038146973,9.319999694824219,9.579999923706055,134100,0.0,0.0
2023-07-10 00:00:00-04:00,9.510000228881836,9.71500015258789,9.359999656677246,9.449999809265137,31800,0.0,0.0
2023-07-11 00:00:00-04:00,9.520000457763672,9.6899995803833,9.470000267028809,9.649999618530273,42600,0.0,0.0
2023-07-12 00:00:00-04:00,9.960000038146973,10.074999809265137,9.84000015258789,9.920000076293945,38800,0.0,0.0
2023-07-13 00:00:00-04:00,9.949999809265137,10.020000457763672,9.800000190734863,9.829999923706055,28700,0.0,0.0
2023-07-14 00:00:00-04:00,9.859999656677246,9.859999656677246,9.489999771118164,9.75,36000,0.0,0.0
2023-07-17 00:00:00-04:00,9.770000457763672,10.279999732971191,9.755999565124512,10.079999923706055,43500,0.0,0.0
2023-07-18 00:00:00-04:00,10.170000076293945,10.760000228881836,10.170000076293945,10.699999809265137,40600,0.0,0.0
2023-07-19 00:00:00-04:00,10.699999809265137,11.0,10.503000259399414,10.829999923706055,47600,0.0,0.0
2023-07-20 00:00:00-04:00,10.8100004196167,11.109999656677246,10.5,11.079999923706055,50900,0.0,0.0
2023-07-21 00:00:00-04:00,11.149999618530273,11.239999771118164,10.930000305175781,10.979999542236328,47000,0.0,0.0
2023-07-24 00:00:00-04:00,11.0,11.260000228881836,10.90999984741211,11.199999809265137,37400,0.0,0.0
2023-07-25 00:00:00-04:00,11.220000267028809,11.220000267028809,10.770000457763672,10.850000381469727,31900,0.0,0.0
2023-07-26 00:00:00-04:00,10.989999771118164,11.65999984741211,10.845000267028809,11.539999961853027,73200,0.0,0.0
2023-07-27 00:00:00-04:00,11.5,11.5,10.460000038146973,10.729999542236328,125400,0.0,0.0
2023-07-28 00:00:00-04:00,10.789999961853027,11.234999656677246,10.460000038146973,10.880000114440918,98600,0.0,0.0
2023-07-31 00:00:00-04:00,10.890000343322754,11.0,10.59000015258789,10.710000038146973,59000,0.0,0.0
2023-08-01 00:00:00-04:00,10.710000038146973,10.800000190734863,10.520000457763672,10.649999618530273,45100,0.0,0.0
2023-08-02 00:00:00-04:00,10.579999923706055,10.829999923706055,10.550000190734863,10.8100004196167,43000,0.0,0.0
2023-08-03 00:00:00-04:00,10.670000076293945,10.920000076293945,10.609999656677246,10.779999732971191,20700,0.0,0.0
2023-08-04 00:00:00-04:00,10.8100004196167,11.039999961853027,10.800000190734863,10.970000267028809,29500,0.0,0.0
2023-08-07 00:00:00-04:00,10.949999809265137,11.130000114440918,10.84000015258789,11.109999656677246,28800,0.0,0.0
2023-08-08 00:00:00-04:00,10.890000343322754,11.140000343322754,10.739999771118164,11.09000015258789,32100,0.0,0.0
2023-08-09 00:00:00-04:00,11.020000457763672,11.020000457763672,10.699999809265137,10.699999809265137,36400,0.0,0.0
2023-08-10 00:00:00-04:00,10.628999710083008,10.779999732971191,10.628999710083008,10.699999809265137,26200,0.0,0.0
2023-08-11 00:00:00-04:00,10.630000114440918,10.899999618530273,10.630000114440918,10.899999618530273,30800,0.0,0.0
2023-08-14 00:00:00-04:00,11.104999542236328,11.104999542236328,10.609999656677246,10.670000076293945,44700,0.0,0.0
2023-08-15 00:00:00-04:00,10.609999656677246,10.635000228881836,10.350000381469727,10.4399995803833,42300,0.0,0.0
2023-08-16 00:00:00-04:00,10.369999885559082,10.550000190734863,10.298999786376953,10.34000015258789,65100,0.0,0.0
2023-08-17 00:00:00-04:00,10.359999656677246,10.460000038146973,10.272000312805176,10.449999809265137,36600,0.0,0.0
2023-08-18 00:00:00-04:00,10.319999694824219,10.494999885559082,10.319999694824219,10.380000114440918,28900,0.0,0.0
2023-08-21 00:00:00-04:00,10.25,10.380000114440918,10.170000076293945,10.270000457763672,27000,0.0,0.0
2023-08-22 00:00:00-04:00,10.229999542236328,10.300000190734863,10.029999732971191,10.0600004196167,51000,0.0,0.0
2023-08-23 00:00:00-04:00,10.130000114440918,10.149999618530273,10.050000190734863,10.109999656677246,49500,0.0,0.0
2023-08-24 00:00:00-04:00,10.050000190734863,10.289999961853027,10.050000190734863,10.260000228881836,50600,0.0,0.0
2023-08-25 00:00:00-04:00,10.229999542236328,10.300000190734863,10.149999618530273,10.149999618530273,30600,0.0,0.0
2023-08-28 00:00:00-04:00,10.140000343322754,10.255000114440918,10.130000114440918,10.199999809265137,30500,0.0,0.0
2023-08-29 00:00:00-04:00,10.239999771118164,10.380000114440918,10.180000305175781,10.369999885559082,35100,0.0,0.0
2023-08-30 00:00:00-04:00,10.359999656677246,10.470000267028809,10.229999542236328,10.40999984741211,41000,0.0,0.0
2023-08-31 00:00:00-04:00,10.5,10.65999984741211,10.414999961853027,10.460000038146973,52500,0.0,0.0
2023-09-01 00:00:00-04:00,10.491999626159668,10.920000076293945,10.479999542236328,10.869999885559082,44500,0.0,0.0
2023-09-05 00:00:00-04:00,10.869999885559082,10.869999885559082,10.529999732971191,10.649999618530273,28700,0.0,0.0
2023-09-06 00:00:00-04:00,10.619999885559082,10.625,10.359999656677246,10.369999885559082,35900,0.0,0.0
2023-09-07 00:00:00-04:00,10.279999732971191,10.289999961853027,10.0600004196167,10.170000076293945,157200,0.0,0.0
2023-09-08 00:00:00-04:00,10.220000267028809,10.300000190734863,10.142000198364258,10.220000267028809,83700,0.0,0.0
2023-09-11 00:00:00-04:00,10.25,10.329999923706055,10.0600004196167,10.119999885559082,28800,0.0,0.0
2023-09-12 00:00:00-04:00,10.0600004196167,10.21500015258789,10.050000190734863,10.119999885559082,28400,0.0,0.0
2023-09-13 00:00:00-04:00,10.0,10.074999809265137,9.944999694824219,9.960000038146973,26900,0.0,0.0
2023-09-14 00:00:00-04:00,10.0,10.300000190734863,9.930000305175781,10.289999961853027,27100,0.0,0.0
2023-09-15 00:00:00-04:00,10.279999732971191,10.569999694824219,10.133000373840332,10.4399995803833,97500,0.0,0.0
2023-09-18 00:00:00-04:00,10.354999542236328,10.380000114440918,9.930000305175781,10.020000457763672,23700,0.0,0.0
2023-09-19 00:00:00-04:00,10.020000457763672,10.260000228881836,9.869999885559082,9.899999618530273,23600,0.0,0.0
2023-09-20 00:00:00-04:00,10.354999542236328,10.354999542236328,9.8100004196167,9.8100004196167,23000,0.0,0.0
2023-09-21 00:00:00-04:00,9.8100004196167,10.050000190734863,9.760000228881836,9.949999809265137,29400,0.0,0.0
2023-09-22 00:00:00-04:00,9.9399995803833,9.9399995803833,9.770000457763672,9.770000457763672,23700,0.0,0.0
2023-09-25 00:00:00-04:00,9.770000457763672,9.954999923706055,9.770000457763672,9.890000343322754,23300,0.0,0.0
2023-09-26 00:00:00-04:00,9.739999771118164,9.8100004196167,9.670000076293945,9.729999542236328,34900,0.0,0.0
2023-09-27 00:00:00-04:00,9.670000076293945,9.890000343322754,9.479999542236328,9.529999732971191,104400,0.0,0.0
2023-09-28 00:00:00-04:00,9.529999732971191,9.680000305175781,9.489999771118164,9.520000457763672,22200,0.0,0.0
2023-09-29 00:00:00-04:00,9.649999618530273,9.789999961853027,9.449999809265137,9.479999542236328,24200,0.0,0.0
2023-10-02 00:00:00-04:00,9.479999542236328,9.479999542236328,9.270000457763672,9.359999656677246,33500,0.0,0.0
2023-10-03 00:00:00-04:00,9.34000015258789,9.34000015258789,9.180000305175781,9.199999809265137,31300,0.0,0.0
2023-10-04 00:00:00-04:00,9.210000038146973,9.460000038146973,9.15999984741211,9.4399995803833,34200,0.0,0.0
2023-10-05 00:00:00-04:00,9.524999618530273,9.770000457763672,9.430000305175781,9.670000076293945,50100,0.0,0.0
2023-10-06 00:00:00-04:00,9.460000038146973,9.710000038146973,9.460000038146973,9.670000076293945,25400,0.0,0.0
2023-10-09 00:00:00-04:00,9.489999771118164,9.789999961853027,9.489999771118164,9.670000076293945,30600,0.0,0.0
2023-10-10 00:00:00-04:00,9.675000190734863,9.899999618530273,9.675000190734863,9.739999771118164,33600,0.0,0.0
2023-10-11 00:00:00-04:00,9.8100004196167,9.904999732971191,9.720000267028809,9.869999885559082,17400,0.0,0.0
2023-10-12 00:00:00-04:00,9.902999877929688,9.9399995803833,9.651000022888184,9.729999542236328,26500,0.0,0.0
2023-10-13 00:00:00-04:00,9.529999732971191,9.640999794006348,9.34000015258789,9.380000114440918,20900,0.0,0.0
2023-10-16 00:00:00-04:00,9.380000114440918,9.670000076293945,9.380000114440918,9.550000190734863,30600,0.0,0.0
2023-10-17 00:00:00-04:00,9.579999923706055,10.010000228881836,9.579999923706055,9.789999961853027,46900,0.0,0.0
2023-10-18 00:00:00-04:00,9.649999618530273,9.770000457763672,9.1899995803833,9.380000114440918,43000,0.0,0.0
2023-10-19 00:00:00-04:00,9.380000114440918,9.619999885559082,9.380000114440918,9.569999694824219,36900,0.0,0.0
2023-10-20 00:00:00-04:00,9.579999923706055,9.579999923706055,9.229999542236328,9.260000228881836,37200,0.0,0.0
2023-10-23 00:00:00-04:00,9.180000305175781,9.345000267028809,9.180000305175781,9.210000038146973,21800,0.0,0.0
2023-10-24 00:00:00-04:00,9.220000267028809,9.239999771118164,8.0,9.010000228881836,82400,0.0,0.0
2023-10-25 00:00:00-04:00,9.0,9.104999542236328,8.899999618530273,8.989999771118164,29200,0.0,0.0
2023-10-26 00:00:00-04:00,9.109999656677246,10.024999618530273,9.09000015258789,9.550000190734863,66400,0.0,0.0
2023-10-27 00:00:00-04:00,9.420000076293945,9.420000076293945,9.0,9.100000381469727,35000,0.0,0.0
2023-10-30 00:00:00-04:00,9.199999809265137,9.770000457763672,9.199999809265137,9.510000228881836,61100,0.0,0.0
2023-10-31 00:00:00-04:00,9.420000076293945,9.800000190734863,9.399999618530273,9.630000114440918,144900,0.0,0.0
2023-11-01 00:00:00-04:00,9.470000267028809,9.640000343322754,9.265000343322754,9.579999923706055,101400,0.0,0.0
2023-11-02 00:00:00-04:00,9.760000228881836,9.9399995803833,9.75,9.890000343322754,45800,0.0,0.0
2023-11-03 00:00:00-04:00,10.1899995803833,10.520000457763672,9.880000114440918,10.300000190734863,44800,0.0,0.0
2023-11-06 00:00:00-05:00,10.229999542236328,10.359999656677246,10.1899995803833,10.199999809265137,31000,0.0,0.0
2023-11-07 00:00:00-05:00,10.25,10.550000190734863,10.225000381469727,10.5,46200,0.0,0.0
2023-11-08 00:00:00-05:00,10.395000457763672,10.4399995803833,10.229999542236328,10.359999656677246,35100,0.0,0.0
2023-11-09 00:00:00-05:00,10.289999961853027,10.395000457763672,10.079999923706055,10.15999984741211,46100,0.0,0.0
2023-11-10 00:00:00-05:00,10.119999885559082,10.359000205993652,10.09000015258789,10.25,46100,0.0,0.0
2023-11-13 00:00:00-05:00,10.270000457763672,10.350000381469727,10.140000343322754,10.239999771118164,29300,0.0,0.0
2023-11-14 00:00:00-05:00,10.5,11.079999923706055,10.460000038146973,11.010000228881836,100400,0.0,0.0
2023-11-15 00:00:00-05:00,10.979999542236328,11.210000038146973,10.720000267028809,10.800000190734863,48300,0.0,0.0
2023-11-16 00:00:00-05:00,10.729999542236328,10.880000114440918,10.440999984741211,10.5600004196167,26800,0.0,0.0
2023-11-17 00:00:00-05:00,10.699999809265137,10.699999809265137,10.489999771118164,10.619999885559082,170700,0.0,0.0
2023-11-20 00:00:00-05:00,10.619999885559082,10.699999809265137,10.524999618530273,10.619999885559082,127300,0.0,0.0
2023-11-21 00:00:00-05:00,10.45199966430664,10.609999656677246,10.420000076293945,10.430000305175781,48700,0.0,0.0
2023-11-22 00:00:00-05:00,10.5,10.5,10.359999656677246,10.460000038146973,77200,0.0,0.0
2023-11-24 00:00:00-05:00,10.399999618530273,10.520000457763672,10.180000305175781,10.479999542236328,46200,0.0,0.0
2023-11-27 00:00:00-05:00,10.449999809265137,10.520000457763672,10.350000381469727,10.380000114440918,58800,0.0,0.0
2023-11-28 00:00:00-05:00,10.333999633789062,10.420000076293945,10.270000457763672,10.300000190734863,117800,0.0,0.0
2023-11-29 00:00:00-05:00,10.449999809265137,10.53499984741211,10.380000114440918,10.420000076293945,148800,0.0,0.0
2023-11-30 00:00:00-05:00,10.449999809265137,10.460000038146973,10.329999923706055,10.369999885559082,63300,0.0,0.0
2023-12-01 00:00:00-05:00,10.5,10.989999771118164,10.369999885559082,10.989999771118164,115700,0.0,0.0
2023-12-04 00:00:00-05:00,10.930000305175781,11.260000228881836,10.930000305175781,11.100000381469727,206000,0.0,0.0
2023-12-05 00:00:00-05:00,11.09000015258789,11.09000015258789,10.291999816894531,10.979999542236328,53200,0.0,0.0
2023-12-06 00:00:00-05:00,11.119999885559082,11.449999809265137,10.979999542236328,11.0,49400,0.0,0.0
2023-12-07 00:00:00-05:00,10.979999542236328,11.319999694824219,10.449999809265137,11.100000381469727,83200,0.0,0.0
2023-12-08 00:00:00-05:00,11.079999923706055,11.350000381469727,11.079999923706055,11.229999542236328,92400,0.0,0.0
2023-12-11 00:00:00-05:00,11.319999694824219,11.470000267028809,11.220000267028809,11.270000457763672,55200,0.0,0.0
2023-12-12 00:00:00-05:00,11.329999923706055,11.420000076293945,11.220000267028809,11.319999694824219,122900,0.0,0.0
2023-12-13 00:00:00-05:00,11.319999694824219,12.039999961853027,11.319999694824219,12.0,198500,0.0,0.0
2023-12-14 00:00:00-05:00,12.270000457763672,12.625,11.65999984741211,12.489999771118164,136000,0.0,0.0
2023-12-15 00:00:00-05:00,12.520000457763672,12.539999961853027,12.045000076293945,12.100000381469727,173600,0.0,0.0
2023-12-18 00:00:00-05:00,12.119999885559082,12.15999984741211,11.770000457763672,11.850000381469727,96900,0.0,0.0
2023-12-19 00:00:00-05:00,11.899999618530273,12.069999694824219,11.779999732971191,12.010000228881836,115000,0.0,0.0
2023-12-20 00:00:00-05:00,12.050000190734863,12.350000381469727,11.90999984741211,11.920000076293945,92900,0.0,0.0
2023-12-21 00:00:00-05:00,12.029999732971191,12.029999732971191,11.930000305175781,12.0,62100,0.0,0.0
2023-12-22 00:00:00-05:00,12.109999656677246,12.279999732971191,11.979999542236328,12.029999732971191,91500,0.0,0.0
2023-12-26 00:00:00-05:00,12.100000381469727,12.260000228881836,11.949999809265137,12.100000381469727,170800,0.0,0.0
2023-12-27 00:00:00-05:00,12.100000381469727,12.920000076293945,12.100000381469727,12.90999984741211,258700,0.0,0.0
2023-12-28 00:00:00-05:00,12.970000267028809,13.550000190734863,12.970000267028809,13.279999732971191,104800,0.0,0.0
2023-12-29 00:00:00-05:00,13.3100004196167,14.170000076293945,13.199999809265137,13.520000457763672,167400,0.0,0.0
2024-01-02 00:00:00-05:00,13.489999771118164,13.710000038146973,13.029999732971191,13.130000114440918,162900,0.0,0.0
2024-01-03 00:00:00-05:00,13.140000343322754,13.140000343322754,12.609999656677246,12.619999885559082,99200,0.0,0.0
2024-01-04 00:00:00-05:00,12.680000305175781,12.880000114440918,12.579999923706055,12.609999656677246,69200,0.0,0.0
2024-01-05 00:00:00-05:00,12.489999771118164,12.850000381469727,12.489999771118164,12.720000267028809,163100,0.0,0.0
2024-01-08 00:00:00-05:00,12.699999809265137,12.699999809265137,12.479999542236328,12.649999618530273,57200,0.0,0.0
2024-01-09 00:00:00-05:00,12.470000267028809,12.600000381469727,12.210000038146973,12.479999542236328,73500,0.0,0.0
2024-01-10 00:00:00-05:00,12.4399995803833,12.819999694824219,12.3149995803833,12.800000190734863,212400,0.0,0.0
2024-01-11 00:00:00-05:00,12.65999984741211,12.824999809265137,12.5,12.75,66900,0.0,0.0
2024-01-12 00:00:00-05:00,12.829999923706055,12.91100025177002,12.399999618530273,12.550000190734863,35500,0.0,0.0
2024-01-16 00:00:00-05:00,12.380000114440918,12.449999809265137,12.239999771118164,12.399999618530273,44400,0.0,0.0
2024-01-17 00:00:00-05:00,12.399999618530273,12.770000457763672,12.300000190734863,12.729999542236328,49900,0.0,0.0
2024-01-18 00:00:00-05:00,12.75,12.949999809265137,12.6899995803833,12.9399995803833,45800,0.0,0.0
2024-01-19 00:00:00-05:00,13.029999732971191,13.260000228881836,12.850000381469727,13.210000038146973,42100,0.0,0.0
2024-01-22 00:00:00-05:00,13.380000114440918,13.630000114440918,13.260000228881836,13.630000114440918,53200,0.0,0.0
2024-01-23 00:00:00-05:00,13.75,13.75,13.414999961853027,13.5600004196167,44000,0.0,0.0
2024-01-24 00:00:00-05:00,13.760000228881836,13.800000190734863,13.390000343322754,13.739999771118164,59200,0.0,0.0
2024-01-25 00:00:00-05:00,14.029999732971191,14.029999732971191,13.350000381469727,13.859999656677246,74300,0.0,0.0
2024-01-26 00:00:00-05:00,14.430000305175781,14.430000305175781,13.503000259399414,13.670000076293945,64400,0.0,0.0
2024-01-29 00:00:00-05:00,13.680000305175781,13.779999732971191,13.354999542236328,13.4399995803833,71100,0.0,0.0
2024-01-30 00:00:00-05:00,13.350000381469727,13.364999771118164,12.869999885559082,12.920000076293945,81600,0.0,0.0
2024-01-31 00:00:00-05:00,12.760000228881836,13.050000190734863,12.489999771118164,12.510000228881836,144800,0.0,0.0
2024-02-01 00:00:00-05:00,12.4399995803833,12.694999694824219,11.890000343322754,12.300000190734863,115400,0.0,0.0
2024-02-02 00:00:00-05:00,12.0600004196167,12.28499984741211,11.779999732971191,11.890000343322754,97800,0.0,0.0
2024-02-05 00:00:00-05:00,11.890000343322754,12.079999923706055,11.84000015258789,11.970000267028809,73400,0.0,0.0
2024-02-06 00:00:00-05:00,11.970000267028809,12.100000381469727,11.640000343322754,11.779999732971191,110900,0.0,0.0
2024-02-07 00:00:00-05:00,11.75,11.84000015258789,11.09000015258789,11.670000076293945,96500,0.0,0.0
2024-02-08 00:00:00-05:00,11.699999809265137,11.880000114440918,11.649999618530273,11.819999694824219,42700,0.0,0.0
2024-02-09 00:00:00-05:00,11.880000114440918,12.359999656677246,11.774999618530273,12.270000457763672,99000,0.0,0.0
2024-02-12 00:00:00-05:00,12.25,12.640000343322754,12.25,12.550000190734863,66300,0.0,0.0
2024-02-13 00:00:00-05:00,12.15999984741211,12.3100004196167,11.609999656677246,11.739999771118164,129500,0.0,0.0
2024-02-14 00:00:00-05:00,11.890000343322754,11.949999809265137,11.65999984741211,11.920000076293945,59700,0.0,0.0
2024-02-15 00:00:00-05:00,12.0600004196167,12.319999694824219,11.90999984741211,12.210000038146973,102200,0.0,0.0
2024-02-16 00:00:00-05:00,12.09000015258789,12.260000228881836,12.020000457763672,12.029999732971191,34500,0.0,0.0
2024-02-20 00:00:00-05:00,11.850000381469727,12.279999732971191,11.850000381469727,12.020000457763672,50000,0.0,0.0
2024-02-21 00:00:00-05:00,11.925000190734863,12.050000190734863,11.845000267028809,12.010000228881836,40800,0.0,0.0
2024-02-22 00:00:00-05:00,11.970000267028809,12.130000114440918,11.819999694824219,11.890000343322754,40600,0.0,0.0
2024-02-23 00:00:00-05:00,11.800000190734863,12.079999923706055,11.800000190734863,11.979999542236328,23200,0.0,0.0
2024-02-26 00:00:00-05:00,12.09000015258789,12.220000267028809,11.850000381469727,11.970000267028809,35000,0.0,0.0
2024-02-27 00:00:00-05:00,11.989999771118164,12.145000457763672,11.845000267028809,11.920000076293945,35800,0.0,0.0
2024-02-28 00:00:00-05:00,11.789999961853027,11.970000267028809,11.789999961853027,11.8100004196167,24600,0.0,0.0
2024-02-29 00:00:00-05:00,11.979999542236328,12.10200023651123,11.770000457763672,11.850000381469727,30400,0.0,0.0
2024-03-01 00:00:00-05:00,11.770000457763672,11.875,11.65999984741211,11.75,99100,0.0,0.0
2024-03-04 00:00:00-05:00,11.75,11.98900032043457,11.5600004196167,11.59000015258789,51100,0.0,0.0
2024-03-05 00:00:00-05:00,11.725000381469727,12.0600004196167,11.680000305175781,11.890000343322754,56100,0.0,0.0
2024-03-06 00:00:00-05:00,11.90999984741211,11.942000389099121,11.583999633789062,11.680000305175781,62300,0.0,0.0
2024-03-07 00:00:00-05:00,11.880000114440918,11.960000038146973,11.649999618530273,11.680000305175781,48600,0.0,0.0
2024-03-08 00:00:00-05:00,11.859999656677246,11.859999656677246,11.65999984741211,11.710000038146973,48000,0.0,0.0
2024-03-11 00:00:00-04:00,11.640000343322754,11.800000190734863,11.600000381469727,11.789999961853027,44400,0.0,0.0
2024-03-12 00:00:00-04:00,11.699999809265137,11.770000457763672,11.529999732971191,11.5600004196167,30200,0.0,0.0
2024-03-13 00:00:00-04:00,11.5,11.819999694824219,11.5,11.670000076293945,41400,0.0,0.0
2024-03-14 00:00:00-04:00,11.600000381469727,11.600000381469727,11.25,11.300000190734863,55000,0.0,0.0
2024-03-15 00:00:00-04:00,11.229999542236328,11.609999656677246,11.229999542236328,11.449999809265137,179300,0.0,0.0
2024-03-18 00:00:00-04:00,11.420000076293945,11.670000076293945,11.09000015258789,11.09000015258789,43100,0.0,0.0
2024-03-19 00:00:00-04:00,11.100000381469727,11.289999961853027,11.0600004196167,11.149999618530273,27500,0.0,0.0
2024-03-20 00:00:00-04:00,11.09000015258789,11.760000228881836,11.039999961853027,11.630000114440918,38100,0.0,0.0
2024-03-21 00:00:00-04:00,11.65999984741211,11.800000190734863,11.539999961853027,11.59000015258789,39800,0.0,0.0
2024-03-22 00:00:00-04:00,11.65999984741211,11.65999984741211,11.34000015258789,11.390000343322754,24100,0.0,0.0
2024-03-25 00:00:00-04:00,11.430000305175781,11.430000305175781,11.244000434875488,11.329999923706055,29900,0.0,0.0
2024-03-26 00:00:00-04:00,11.4399995803833,11.666000366210938,11.210000038146973,11.289999961853027,28500,0.0,0.0
2024-03-27 00:00:00-04:00,11.390000343322754,11.489999771118164,11.369999885559082,11.479999542236328,65700,0.0,0.0
2024-03-28 00:00:00-04:00,11.420000076293945,11.729999542236328,11.359999656677246,11.640000343322754,68000,0.0,0.0
2024-04-01 00:00:00-04:00,11.520000457763672,11.739999771118164,11.494000434875488,11.649999618530273,71400,0.0,0.0
2024-04-02 00:00:00-04:00,11.449999809265137,11.619999885559082,11.220000267028809,11.279999732971191,57700,0.0,0.0
2024-04-03 00:00:00-04:00,11.1899995803833,11.406000137329102,11.1899995803833,11.300000190734863,40200,0.0,0.0
2024-04-04 00:00:00-04:00,11.350000381469727,11.916000366210938,11.350000381469727,11.579999923706055,54900,0.0,0.0
2024-04-05 00:00:00-04:00,11.475000381469727,11.755000114440918,11.46500015258789,11.59000015258789,38600,0.0,0.0
2024-04-08 00:00:00-04:00,11.59000015258789,11.890000343322754,11.59000015258789,11.670000076293945,36700,0.0,0.0
2024-04-09 00:00:00-04:00,11.670000076293945,11.800000190734863,11.569999694824219,11.649999618530273,55800,0.0,0.0
2024-04-10 00:00:00-04:00,11.319999694824219,11.75,11.050000190734863,11.100000381469727,60300,0.0,0.0
2024-04-11 00:00:00-04:00,11.095000267028809,11.289999961853027,11.053999900817871,11.25,46700,0.0,0.0
2024-04-12 00:00:00-04:00,11.175000190734863,11.390000343322754,11.109999656677246,11.3100004196167,35400,0.0,0.0
2024-04-15 00:00:00-04:00,11.279999732971191,11.399999618530273,11.15999984741211,11.180000305175781,39700,0.0,0.0
2024-04-16 00:00:00-04:00,11.180000305175781,11.336000442504883,11.130000114440918,11.15999984741211,34800,0.0,0.0
2024-04-17 00:00:00-04:00,11.220000267028809,11.34000015258789,11.170000076293945,11.170000076293945,38500,0.0,0.0
2024-04-18 00:00:00-04:00,11.239999771118164,11.4399995803833,11.180000305175781,11.329999923706055,57600,0.0,0.0
2024-04-19 00:00:00-04:00,11.270000457763672,11.710000038146973,11.270000457763672,11.670000076293945,61900,0.0,0.0
2024-04-22 00:00:00-04:00,11.930000305175781,12.220000267028809,11.850000381469727,12.050000190734863,28200,0.0,0.0
2024-04-23 00:00:00-04:00,12.130000114440918,12.140000343322754,11.949999809265137,11.989999771118164,39500,0.0,0.0
2024-04-24 00:00:00-04:00,11.859999656677246,12.140000343322754,11.859999656677246,12.09000015258789,49500,0.0,0.0
2024-04-25 00:00:00-04:00,11.84000015258789,12.0,11.619999885559082,11.800000190734863,94800,0.0,0.0
2024-04-26 00:00:00-04:00,11.779999732971191,11.960000038146973,11.640000343322754,11.75,47300,0.0,0.0
2024-04-29 00:00:00-04:00,11.800000190734863,12.0,11.619999885559082,11.779999732971191,69300,0.0,0.0
2024-04-30 00:00:00-04:00,11.630000114440918,11.670000076293945,10.869999885559082,10.880000114440918,81100,0.0,0.0
2024-05-01 00:00:00-04:00,10.869999885559082,11.289999961853027,10.869999885559082,11.15999984741211,81900,0.0,0.0
2024-05-02 00:00:00-04:00,11.34000015258789,11.640000343322754,11.255000114440918,11.5600004196167,44300,0.0,0.0
2024-05-03 00:00:00-04:00,11.84000015258789,11.930000305175781,11.680000305175781,11.890000343322754,39000,0.0,0.0
2024-05-06 00:00:00-04:00,11.920000076293945,11.920000076293945,11.699999809265137,11.729999542236328,23700,0.0,0.0
2024-05-07 00:00:00-04:00,11.880000114440918,11.880000114440918,11.760000228881836,11.760000228881836,29700,0.0,0.0
2024-05-08 00:00:00-04:00,11.630000114440918,11.859999656677246,11.630000114440918,11.819999694824219,15800,0.0,0.0
2024-05-09 00:00:00-04:00,11.878999710083008,11.930000305175781,11.8100004196167,11.920000076293945,42800,0.0,0.0
2024-05-10 00:00:00-04:00,11.920000076293945,11.930000305175781,11.75,11.779999732971191,21000,0.0,0.0
2024-05-13 00:00:00-04:00,11.850000381469727,11.899999618530273,11.619999885559082,11.649999618530273,31600,0.0,0.0
2024-05-14 00:00:00-04:00,11.8100004196167,11.859999656677246,11.649999618530273,11.739999771118164,33300,0.0,0.0
2024-05-15 00:00:00-04:00,11.84000015258789,11.84000015258789,11.710000038146973,11.739999771118164,24800,0.0,0.0
2024-05-16 00:00:00-04:00,11.755000114440918,11.9399995803833,11.755000114440918,11.880000114440918,42300,0.0,0.0
2024-05-17 00:00:00-04:00,11.920000076293945,12.164999961853027,11.8100004196167,12.109999656677246,56100,0.0,0.0
2024-05-20 00:00:00-04:00,11.9399995803833,12.100000381469727,11.640000343322754,12.010000228881836,46700,0.0,0.0
2024-05-21 00:00:00-04:00,12.010000228881836,12.239999771118164,12.010000228881836,12.1899995803833,40400,0.0,0.0
2024-05-22 00:00:00-04:00,12.0600004196167,12.079999923706055,11.84000015258789,11.960000038146973,22200,0.0,0.0
2024-05-23 00:00:00-04:00,12.010000228881836,12.010000228881836,11.649999618530273,11.680000305175781,39100,0.0,0.0
2024-05-24 00:00:00-04:00,11.75,11.75,11.600000381469727,11.6899995803833,23000,0.0,0.0
2024-05-28 00:00:00-04:00,11.640000343322754,11.6899995803833,11.5600004196167,11.600000381469727,23100,0.0,0.0
2024-05-29 00:00:00-04:00,11.449999809265137,11.491000175476074,11.109999656677246,11.170000076293945,64600,0.0,0.0
2024-05-30 00:00:00-04:00,11.1899995803833,11.40999984741211,11.168000221252441,11.210000038146973,34800,0.0,0.0
2024-05-31 00:00:00-04:00,11.1899995803833,11.369999885559082,11.1899995803833,11.270000457763672,27600,0.0,0.0
2024-06-03 00:00:00-04:00,11.430000305175781,11.430000305175781,11.0600004196167,11.3100004196167,55500,0.0,0.0
2024-06-04 00:00:00-04:00,11.329999923706055,11.329999923706055,11.020000457763672,11.020000457763672,43300,0.0,0.0
2024-06-05 00:00:00-04:00,11.140000343322754,11.149999618530273,11.050000190734863,11.149999618530273,36200,0.0,0.0
2024-06-06 00:00:00-04:00,11.09000015258789,11.149999618530273,10.989999771118164,11.0,25400,0.0,0.0
2024-06-07 00:00:00-04:00,10.90999984741211,11.039999961853027,10.90999984741211,10.989999771118164,30100,0.0,0.0
2024-06-10 00:00:00-04:00,10.90999984741211,11.020000457763672,10.779999732971191,10.890000343322754,37200,0.0,0.0
2024-06-11 00:00:00-04:00,10.789999961853027,10.880000114440918,10.520000457763672,10.859999656677246,99800,0.0,0.0
2024-06-12 00:00:00-04:00,11.119999885559082,11.4399995803833,11.020000457763672,11.020000457763672,45800,0.0,0.0
2024-06-13 00:00:00-04:00,10.899999618530273,10.899999618530273,10.720000267028809,10.800000190734863,37700,0.0,0.0
2024-06-14 00:00:00-04:00,10.720000267028809,10.829999923706055,10.654999732971191,10.78499984741211,44200,0.0,0.0
2024-06-17 00:00:00-04:00,10.739999771118164,11.0,10.6899995803833,10.989999771118164,17600,0.0,0.0
2024-06-18 00:00:00-04:00,11.0,11.079999923706055,10.779999732971191,10.829999923706055,27100,0.0,0.0
2024-06-20 00:00:00-04:00,10.760000228881836,10.930000305175781,10.760000228881836,10.899999618530273,12600,0.0,0.0
2024-06-21 00:00:00-04:00,10.859999656677246,10.989999771118164,10.800000190734863,10.859999656677246,62700,0.0,0.0
2024-06-24 00:00:00-04:00,10.949999809265137,11.109999656677246,10.800000190734863,11.0,16200,0.0,0.0
2024-06-25 00:00:00-04:00,10.930000305175781,11.0600004196167,10.930000305175781,11.0,27800,0.0,0.0
2024-06-26 00:00:00-04:00,10.90999984741211,11.140000343322754,10.880000114440918,11.020000457763672,29500,0.0,0.0
2024-06-27 00:00:00-04:00,11.069999694824219,11.210000038146973,11.0,11.210000038146973,18200,0.0,0.0
2024-06-28 00:00:00-04:00,11.25,11.649999618530273,11.119999885559082,11.609999656677246,191000,0.0,0.0
2024-07-01 00:00:00-04:00,11.630000114440918,11.640000343322754,11.350000381469727,11.520000457763672,41400,0.0,0.0
2024-07-02 00:00:00-04:00,11.59000015258789,11.859999656677246,11.479999542236328,11.8100004196167,19800,0.0,0.0
2024-07-03 00:00:00-04:00,11.859999656677246,11.880000114440918,11.199999809265137,11.600000381469727,22500,0.0,0.0
2024-07-05 00:00:00-04:00,11.520000457763672,11.520000457763672,11.170000076293945,11.210000038146973,59500,0.0,0.0
2024-07-08 00:00:00-04:00,11.350000381469727,11.40999984741211,11.128999710083008,11.3100004196167,23100,0.0,0.0
2024-07-09 00:00:00-04:00,11.260000228881836,11.430000305175781,11.239999771118164,11.369999885559082,21700,0.0,0.0
2024-07-10 00:00:00-04:00,11.40999984741211,11.699999809265137,11.34000015258789,11.699999809265137,16000,0.0,0.0
2024-07-11 00:00:00-04:00,12.0,12.65999984741211,11.460000038146973,12.5600004196167,60400,0.0,0.0
2024-07-12 00:00:00-04:00,12.800000190734863,12.800000190734863,12.539999961853027,12.630000114440918,46600,0.0,0.0
2024-07-15 00:00:00-04:00,12.8100004196167,13.15999984741211,12.789999961853027,13.109999656677246,59500,0.0,0.0
2024-07-16 00:00:00-04:00,13.199999809265137,13.65999984741211,13.069999694824219,13.630000114440918,104700,0.0,0.0
2024-07-17 00:00:00-04:00,13.529999732971191,13.989999771118164,13.520000457763672,13.880000114440918,67500,0.0,0.0
2024-07-18 00:00:00-04:00,13.869999885559082,13.920000076293945,13.420000076293945,13.539999961853027,36200,0.0,0.0
2024-07-19 00:00:00-04:00,13.539999961853027,13.635000228881836,13.25,13.279999732971191,30000,0.0,0.0
2024-07-22 00:00:00-04:00,13.300000190734863,13.770000457763672,13.069999694824219,13.65999984741211,41300,0.0,0.0
2024-07-23 00:00:00-04:00,13.539999961853027,14.09000015258789,13.3100004196167,14.029999732971191,64800,0.0,0.0
2024-07-24 00:00:00-04:00,13.970000267028809,14.479999542236328,13.539999961853027,13.789999961853027,263100,0.0,0.0
2024-07-25 00:00:00-04:00,14.079999923706055,14.904999732971191,12.741000175476074,14.479999542236328,147700,0.0,0.0
2024-07-26 00:00:00-04:00,14.680000305175781,14.6899995803833,14.3100004196167,14.399999618530273,90500,0.0,0.0
2024-07-29 00:00:00-04:00,14.5,14.5,13.859999656677246,13.920000076293945,32900,0.0,0.0
2024-07-30 00:00:00-04:00,14.050000190734863,14.050000190734863,13.640000343322754,13.899999618530273,48000,0.0,0.0
2024-07-31 00:00:00-04:00,13.880000114440918,14.0,13.770000457763672,13.8100004196167,77100,0.0,0.0
2024-08-01 00:00:00-04:00,13.550000190734863,13.550000190734863,12.989999771118164,13.170000076293945,47500,0.0,0.0
2024-08-02 00:00:00-04:00,12.579999923706055,12.885000228881836,12.579999923706055,12.850000381469727,41000,0.0,0.0
2024-08-05 00:00:00-04:00,12.319999694824219,12.649999618530273,12.28499984741211,12.600000381469727,63200,0.0,0.0
2024-08-06 00:00:00-04:00,12.59000015258789,12.8100004196167,12.449999809265137,12.75,90800,0.0,0.0
2024-08-07 00:00:00-04:00,12.960000038146973,12.960000038146973,12.699999809265137,12.819999694824219,43300,0.0,0.0
2024-08-08 00:00:00-04:00,12.989999771118164,12.989999771118164,12.75,12.9399995803833,32300,0.0,0.0
2024-08-09 00:00:00-04:00,12.899999618530273,12.970000267028809,12.8100004196167,12.899999618530273,27600,0.0,0.0
2024-08-12 00:00:00-04:00,12.960000038146973,12.979999542236328,12.649999618530273,12.75,47400,0.0,0.0
2024-08-13 00:00:00-04:00,12.899999618530273,12.979999542236328,12.720000267028809,12.90999984741211,20400,0.0,0.0
2024-08-14 00:00:00-04:00,12.800000190734863,12.890000343322754,12.800000190734863,12.859999656677246,22400,0.0,0.0
2024-08-15 00:00:00-04:00,13.1899995803833,13.34000015258789,13.079999923706055,13.109999656677246,31900,0.0,0.0
2024-08-16 00:00:00-04:00,13.109999656677246,13.479999542236328,13.069999694824219,13.210000038146973,33700,0.0,0.0
2024-08-19 00:00:00-04:00,13.279999732971191,13.350000381469727,13.09000015258789,13.34000015258789,23300,0.0,0.0
2024-08-20 00:00:00-04:00,13.180000305175781,13.1899995803833,12.90999984741211,12.970000267028809,16000,0.0,0.0
2024-08-21 00:00:00-04:00,13.020000457763672,13.149999618530273,12.899999618530273,13.140000343322754,13000,0.0,0.0
2024-08-22 00:00:00-04:00,13.079999923706055,13.149999618530273,12.899999618530273,13.0600004196167,25600,0.0,0.0
2024-08-23 00:00:00-04:00,13.210000038146973,14.0,12.980999946594238,13.75,112600,0.0,0.0
2024-08-26 00:00:00-04:00,13.970000267028809,13.970000267028809,13.65999984741211,13.729999542236328,30300,0.0,0.0
2024-08-27 00:00:00-04:00,13.930000305175781,13.930000305175781,13.529999732971191,13.609999656677246,16700,0.0,0.0
2024-08-28 00:00:00-04:00,13.630000114440918,13.729999542236328,13.399999618530273,13.529999732971191,21000,0.0,0.0
2024-08-29 00:00:00-04:00,13.720000267028809,14.180000305175781,13.444999694824219,13.960000038146973,20800,0.0,0.0
2024-08-30 00:00:00-04:00,14.039999961853027,14.420000076293945,13.425000190734863,14.420000076293945,45300,0.0,0.0
2024-09-03 00:00:00-04:00,14.300000190734863,14.5,14.100000381469727,14.4399995803833,60000,0.0,0.0
2024-09-04 00:00:00-04:00,13.649999618530273,14.289999961853027,13.5,13.960000038146973,39600,0.0,0.0
2024-09-05 00:00:00-04:00,14.130000114440918,14.130000114440918,13.550000190734863,13.8100004196167,16400,0.0,0.0
2024-09-06 00:00:00-04:00,13.869999885559082,13.925000190734863,13.600000381469727,13.600000381469727,20800,0.0,0.0
2024-09-09 00:00:00-04:00,13.600000381469727,13.864999771118164,13.550000190734863,13.680000305175781,35200,0.0,0.0
2024-09-10 00:00:00-04:00,13.699999809265137,13.975000381469727,13.569999694824219,13.920000076293945,28100,0.0,0.0
2024-09-11 00:00:00-04:00,13.760000228881836,13.829999923706055,13.529999732971191,13.5600004196167,50400,0.0,0.0
2024-09-12 00:00:00-04:00,13.550000190734863,13.73900032043457,13.510000228881836,13.5600004196167,56800,0.0,0.0
2024-09-13 00:00:00-04:00,13.760000228881836,13.970000267028809,13.5600004196167,13.90999984741211,39300,0.0,0.0
2024-09-16 00:00:00-04:00,14.390000343322754,14.609999656677246,13.920000076293945,14.210000038146973,38700,0.0,0.0
2024-09-17 00:00:00-04:00,14.420000076293945,14.600000381469727,13.9399995803833,14.260000228881836,93100,0.0,0.0
2024-09-18 00:00:00-04:00,14.239999771118164,14.800000190734863,14.039999961853027,14.289999961853027,36600,0.0,0.0
2024-09-19 00:00:00-04:00,14.600000381469727,14.829999923706055,14.3100004196167,14.8100004196167,77800,0.0,0.0
2024-09-20 00:00:00-04:00,14.680000305175781,14.838000297546387,14.170000076293945,14.300000190734863,207000,0.0,0.0
2024-09-23 00:00:00-04:00,14.329999923706055,14.329999923706055,14.095000267028809,14.199999809265137,32800,0.0,0.0
2024-09-24 00:00:00-04:00,14.069999694824219,14.220000267028809,14.0,14.15999984741211,27500,0.0,0.0
2024-09-25 00:00:00-04:00,14.180000305175781,14.180000305175781,13.930000305175781,14.050000190734863,25000,0.0,0.0
2024-09-26 00:00:00-04:00,14.229999542236328,14.229999542236328,14.029999732971191,14.119999885559082,29400,0.0,0.0
2024-09-27 00:00:00-04:00,14.300000190734863,14.300000190734863,13.989999771118164,14.09000015258789,42400,0.0,0.0
2024-09-30 00:00:00-04:00,13.989999771118164,14.319999694824219,13.989999771118164,14.170000076293945,20500,0.0,0.0
2024-10-01 00:00:00-04:00,14.199999809265137,14.260000228881836,13.649999618530273,13.770000457763672,39900,0.0,0.0
2024-10-02 00:00:00-04:00,13.65999984741211,13.949999809265137,13.619999885559082,13.619999885559082,21700,0.0,0.0
2024-10-03 00:00:00-04:00,13.640000343322754,13.859999656677246,13.619999885559082,13.6899995803833,32800,0.0,0.0
2024-10-04 00:00:00-04:00,13.920000076293945,14.170000076293945,13.899999618530273,14.130000114440918,29500,0.0,0.0
2024-10-07 00:00:00-04:00,14.09000015258789,14.350000381469727,14.0,14.130000114440918,62100,0.0,0.0
2024-10-08 00:00:00-04:00,14.220000267028809,14.390000343322754,14.0,14.220000267028809,24800,0.0,0.0
2024-10-09 00:00:00-04:00,14.359999656677246,14.510000228881836,14.279999732971191,14.390000343322754,26400,0.0,0.0
2024-10-10 00:00:00-04:00,14.25,14.600000381469727,14.239999771118164,14.420000076293945,45800,0.0,0.0
2024-10-11 00:00:00-04:00,14.505000114440918,14.9399995803833,14.505000114440918,14.880000114440918,27100,0.0,0.0
2024-10-14 00:00:00-04:00,14.699999809265137,14.960000038146973,14.699999809265137,14.899999618530273,22500,0.0,0.0
2024-10-15 00:00:00-04:00,14.949999809265137,15.470000267028809,14.902000427246094,15.1899995803833,52400,0.0,0.0
2024-10-16 00:00:00-04:00,15.390000343322754,15.640000343322754,15.15999984741211,15.430000305175781,41900,0.0,0.0
2024-10-17 00:00:00-04:00,15.329999923706055,15.664999961853027,15.3100004196167,15.619999885559082,28800,0.0,0.0
2024-10-18 00:00:00-04:00,15.619999885559082,15.619999885559082,15.40999984741211,15.449999809265137,31500,0.0,0.0
2024-10-21 00:00:00-04:00,15.517999649047852,15.517999649047852,14.71500015258789,14.739999771118164,31100,0.0,0.0
2024-10-22 00:00:00-04:00,14.789999961853027,15.100000381469727,14.789999961853027,15.0600004196167,24500,0.0,0.0
2024-10-23 00:00:00-04:00,15.239999771118164,15.420000076293945,14.845000267028809,15.1899995803833,43700,0.0,0.0
2024-10-24 00:00:00-04:00,15.3100004196167,15.539999961853027,14.859999656677246,14.920000076293945,47300,0.0,0.0
2024-10-25 00:00:00-04:00,15.050000190734863,15.050000190734863,14.649999618530273,14.710000038146973,34100,0.0,0.0
2024-10-28 00:00:00-04:00,14.789999961853027,15.319999694824219,14.710000038146973,14.949999809265137,42500,0.0,0.0
2024-10-29 00:00:00-04:00,14.819999694824219,14.850000381469727,14.699999809265137,14.739999771118164,70300,0.0,0.0
2024-10-30 00:00:00-04:00,14.739999771118164,15.050000190734863,14.649999618530273,14.680000305175781,40900,0.0,0.0
2024-10-31 00:00:00-04:00,14.680000305175781,14.760000228881836,14.600000381469727,14.600000381469727,41600,0.0,0.0
2024-11-01 00:00:00-04:00,14.739999771118164,14.739999771118164,14.270000457763672,14.300000190734863,34400,0.0,0.0
2024-11-04 00:00:00-05:00,14.270000457763672,14.420000076293945,14.185999870300293,14.229999542236328,25600,0.0,0.0
2024-11-05 00:00:00-05:00,14.25,14.4399995803833,14.230999946594238,14.380000114440918,30100,0.0,0.0
2024-11-06 00:00:00-05:00,15.270000457763672,16.0,14.920000076293945,15.390000343322754,356800,0.0,0.0
2024-11-07 00:00:00-05:00,15.149999618530273,15.199999809265137,14.914999961853027,14.979999542236328,146900,0.0,0.0
2024-11-08 00:00:00-05:00,15.130000114440918,15.180000305175781,14.96500015258789,14.989999771118164,73100,0.0,0.0
2024-11-11 00:00:00-05:00,15.1899995803833,15.369999885559082,15.069999694824219,15.25,112600,0.0,0.0
2024-11-12 00:00:00-05:00,15.25,15.550000190734863,15.140000343322754,15.15999984741211,95200,0.0,0.0
2024-11-13 00:00:00-05:00,15.289999961853027,15.34000015258789,14.989999771118164,15.039999961853027,60500,0.0,0.0
2024-11-14 00:00:00-05:00,15.149999618530273,15.149999618530273,14.850000381469727,14.970000267028809,51000,0.0,0.0
2024-11-15 00:00:00-05:00,15.050000190734863,15.050000190734863,14.8100004196167,14.890000343322754,54700,0.0,0.0
2024-11-18 00:00:00-05:00,14.9399995803833,15.0,14.760000228881836,14.800000190734863,45800,0.0,0.0
2024-11-19 00:00:00-05:00,14.739999771118164,14.859999656677246,14.65999984741211,14.8100004196167,43500,0.0,0.0
2024-11-20 00:00:00-05:00,14.850000381469727,14.850000381469727,14.699999809265137,14.84000015258789,40200,0.0,0.0
2024-11-21 00:00:00-05:00,14.979999542236328,15.154999732971191,14.899999618530273,15.0,100600,0.0,0.0
2024-11-22 00:00:00-05:00,15.109999656677246,15.119999885559082,15.0,15.0600004196167,71100,0.0,0.0
2024-11-25 00:00:00-05:00,15.260000228881836,15.539999961853027,15.199999809265137,15.260000228881836,107200,0.0,0.0
2024-11-26 00:00:00-05:00,15.180000305175781,15.180000305175781,14.869999885559082,14.890000343322754,64400,0.0,0.0
2024-11-27 00:00:00-05:00,15.069999694824219,15.140000343322754,14.90999984741211,14.90999984741211,53100,0.0,0.0
2024-11-29 00:00:00-05:00,15.039999961853027,15.09000015258789,14.725000381469727,14.899999618530273,29800,0.0,0.0
2024-12-02 00:00:00-05:00,14.90999984741211,15.029999732971191,14.770000457763672,14.9399995803833,45300,0.0,0.0
2024-12-03 00:00:00-05:00,14.979999542236328,14.989999771118164,14.829999923706055,14.930000305175781,56400,0.0,0.0
2024-12-04 00:00:00-05:00,14.84000015258789,15.15999984741211,14.829999923706055,15.119999885559082,647900,0.0,0.0
2024-12-05 00:00:00-05:00,15.130000114440918,15.40999984741211,15.079999923706055,15.25,60200,0.0,0.0
2024-12-06 00:00:00-05:00,15.399999618530273,15.399999618530273,14.979999542236328,15.130000114440918,40200,0.0,0.0
2024-12-09 00:00:00-05:00,15.149999618530273,15.15999984741211,15.0,15.140000343322754,60800,0.0,0.0
2024-12-10 00:00:00-05:00,15.149999618530273,15.350000381469727,15.100000381469727,15.239999771118164,50600,0.0,0.0
2024-12-11 00:00:00-05:00,15.319999694824219,15.5600004196167,15.239999771118164,15.470000267028809,52700,0.0,0.0
2024-12-12 00:00:00-05:00,15.470000267028809,15.470000267028809,15.135000228881836,15.149999618530273,26800,0.0,0.0
2024-12-13 00:00:00-05:00,15.15999984741211,15.15999984741211,15.0,15.069999694824219,27700,0.0,0.0
2024-12-16 00:00:00-05:00,15.119999885559082,15.25,15.0600004196167,15.25,58700,0.0,0.0
2024-12-17 00:00:00-05:00,15.220000267028809,15.477999687194824,15.050000190734863,15.130000114440918,53900,0.0,0.0
2024-12-18 00:00:00-05:00,15.220000267028809,15.28499984741211,13.979999542236328,14.279999732971191,82600,0.0,0.0
2024-12-19 00:00:00-05:00,14.59000015258789,14.600000381469727,13.850000381469727,13.869999885559082,58500,0.0,0.0
2024-12-20 00:00:00-05:00,13.75,14.119999885559082,13.550000190734863,13.829999923706055,337100,0.0,0.0
2024-12-23 00:00:00-05:00,13.789999961853027,13.979999542236328,13.649999618530273,13.729999542236328,45400,0.0,0.0
2024-12-24 00:00:00-05:00,13.699999809265137,13.770000457763672,13.645000457763672,13.770000457763672,17300,0.0,0.0
2024-12-26 00:00:00-05:00,13.65999984741211,13.8100004196167,13.649999618530273,13.75,55500,0.0,0.0
2024-12-27 00:00:00-05:00,13.720000267028809,13.75,13.350000381469727,13.489999771118164,70500,0.0,0.0
2024-12-30 00:00:00-05:00,13.420000076293945,13.640000343322754,13.390000343322754,13.399999618530273,25900,0.0,0.0
2024-12-31 00:00:00-05:00,13.430000305175781,13.579999923706055,13.329999923706055,13.510000228881836,41800,0.0,0.0
2025-01-02 00:00:00-05:00,13.6899995803833,13.6899995803833,13.239999771118164,13.3100004196167,44700,0.0,0.0
2025-01-03 00:00:00-05:00,13.3100004196167,13.430000305175781,13.180000305175781,13.430000305175781,22800,0.0,0.0
2025-01-06 00:00:00-05:00,13.4399995803833,13.5,13.239999771118164,13.260000228881836,55300,0.0,0.0
2025-01-07 00:00:00-05:00,13.319999694824219,13.399999618530273,12.949999809265137,13.029999732971191,57200,0.0,0.0
2025-01-08 00:00:00-05:00,12.979999542236328,13.199999809265137,12.899999618530273,13.09000015258789,112600,0.0,0.0
2025-01-10 00:00:00-05:00,12.859999656677246,12.859999656677246,12.4399995803833,12.5600004196167,41200,0.0,0.0
2025-01-13 00:00:00-05:00,12.430000305175781,12.729999542236328,12.430000305175781,12.710000038146973,45600,0.0,0.0
2025-01-14 00:00:00-05:00,12.84000015258789,13.069999694824219,12.819999694824219,13.0600004196167,25200,0.0,0.0
2025-01-15 00:00:00-05:00,13.25,13.369999885559082,13.109999656677246,13.260000228881836,30900,0.0,0.0
2025-01-16 00:00:00-05:00,13.229999542236328,13.270000457763672,13.027000427246094,13.15999984741211,32900,0.0,0.0
2025-01-17 00:00:00-05:00,13.3100004196167,13.399999618530273,13.050000190734863,13.279999732971191,38700,0.0,0.0
2025-01-21 00:00:00-05:00,13.380000114440918,13.550000190734863,13.34000015258789,13.4399995803833,96800,0.0,0.0
2025-01-22 00:00:00-05:00,13.329999923706055,13.399999618530273,13.194999694824219,13.300000190734863,55700,0.0,0.0
2025-01-23 00:00:00-05:00,13.25,13.59000015258789,13.25,13.479999542236328,61100,0.0,0.0
2025-01-24 00:00:00-05:00,13.40999984741211,13.609999656677246,13.260000228881836,13.539999961853027,59800,0.0,0.0
2025-01-27 00:00:00-05:00,13.550000190734863,14.279999732971191,13.430000305175781,13.949999809265137,179600,0.0,0.0
2025-01-28 00:00:00-05:00,13.970000267028809,14.199999809265137,13.555000305175781,13.65999984741211,79600,0.0,0.0
2025-01-29 00:00:00-05:00,13.65999984741211,13.829999923706055,13.380000114440918,13.699999809265137,36300,0.0,0.0
2025-01-30 00:00:00-05:00,13.880000114440918,14.739999771118164,13.800000190734863,14.220000267028809,60200,0.0,0.0
2025-01-31 00:00:00-05:00,14.149999618530273,14.430000305175781,14.029999732971191,14.119999885559082,52400,0.0,0.0
2025-02-03 00:00:00-05:00,13.800000190734863,13.9399995803833,13.699999809265137,13.779999732971191,36000,0.0,0.0
2025-02-04 00:00:00-05:00,13.789999961853027,14.25,13.739999771118164,14.25,37300,0.0,0.0
2025-02-05 00:00:00-05:00,14.300000190734863,14.6899995803833,14.069999694824219,14.609999656677246,57600,0.0,0.0
2025-02-06 00:00:00-05:00,14.609999656677246,15.15999984741211,14.609999656677246,15.119999885559082,162800,0.0,0.0
2025-02-07 00:00:00-05:00,15.09000015258789,15.09000015258789,14.739999771118164,14.949999809265137,48100,0.0,0.0
2025-02-10 00:00:00-05:00,15.15999984741211,15.15999984741211,14.890000343322754,14.979999542236328,55000,0.0,0.0
2025-02-11 00:00:00-05:00,14.880000114440918,15.291999816894531,14.850000381469727,15.210000038146973,65000,0.0,0.0
2025-02-12 00:00:00-05:00,14.960000038146973,15.0,14.779999732971191,14.779999732971191,25600,0.0,0.0
2025-02-13 00:00:00-05:00,14.880000114440918,14.880000114440918,14.680000305175781,14.75,49200,0.0,0.0
2025-02-14 00:00:00-05:00,14.850000381469727,15.109999656677246,14.680000305175781,14.869999885559082,65400,0.0,0.0
2025-02-18 00:00:00-05:00,14.789999961853027,15.01200008392334,14.680000305175781,14.720000267028809,57700,0.0,0.0
2025-02-19 00:00:00-05:00,14.59000015258789,14.609999656677246,14.444999694824219,14.539999961853027,44300,0.0,0.0
2025-02-20 00:00:00-05:00,14.479999542236328,14.479999542236328,14.15999984741211,14.3100004196167,49600,0.0,0.0
2025-02-21 00:00:00-05:00,14.479999542236328,14.479999542236328,14.029999732971191,14.079999923706055,66500,0.0,0.0
2025-02-24 00:00:00-05:00,14.130000114440918,14.210000038146973,14.020000457763672,14.020000457763672,72500,0.0,0.0
2025-02-25 00:00:00-05:00,14.100000381469727,14.40999984741211,14.079999923706055,14.130000114440918,59600,0.0,0.0
2025-02-26 00:00:00-05:00,14.140000343322754,14.34000015258789,14.0600004196167,14.270000457763672,32200,0.0,0.0
2025-02-27 00:00:00-05:00,14.210000038146973,14.359999656677246,14.210000038146973,14.270000457763672,24900,0.0,0.0
2025-02-28 00:00:00-05:00,14.380000114440918,14.510000228881836,14.314000129699707,14.5,22700,0.0,0.0
2025-03-03 00:00:00-05:00,14.510000228881836,14.664999961853027,14.350000381469727,14.40999984741211,30800,0.0,0.0
2025-03-04 00:00:00-05:00,14.319999694824219,14.319999694824219,13.859999656677246,13.859999656677246,38600,0.0,0.0
2025-03-05 00:00:00-05:00,13.979999542236328,13.979999542236328,13.65999984741211,13.75,32800,0.0,0.0
2025-03-06 00:00:00-05:00,13.65999984741211,14.140000343322754,13.600000381469727,13.859999656677246,58400,0.0,0.0
2025-03-07 00:00:00-05:00,13.819999694824219,14.204999923706055,13.65999984741211,14.0,57800,0.0,0.0
2025-03-10 00:00:00-04:00,13.8100004196167,13.979999542236328,13.579999923706055,13.704999923706055,48200,0.0,0.0
2025-03-11 00:00:00-04:00,13.739999771118164,13.8100004196167,13.520000457763672,13.630000114440918,56300,0.0,0.0
2025-03-12 00:00:00-04:00,13.699999809265137,14.1850004196167,13.520000457763672,13.880000114440918,52200,0.0,0.0
2025-03-13 00:00:00-04:00,13.930000305175781,14.09000015258789,13.699999809265137,13.720000267028809,27500,0.0,0.0
2025-03-14 00:00:00-04:00,13.84000015258789,13.9399995803833,13.779999732971191,13.899999618530273,27500,0.0,0.0
2025-03-17 00:00:00-04:00,13.850000381469727,14.010000228881836,13.84000015258789,13.949999809265137,25400,0.0,0.0
2025-03-18 00:00:00-04:00,13.949999809265137,14.135000228881836,13.829999923706055,14.029999732971191,29700,0.0,0.0
2025-03-19 00:00:00-04:00,13.989999771118164,14.229999542236328,13.960000038146973,14.100000381469727,34300,0.0,0.0
2025-03-20 00:00:00-04:00,13.9399995803833,14.15999984741211,13.9399995803833,14.020000457763672,30500,0.0,0.0
2025-03-21 00:00:00-04:00,13.84000015258789,13.979999542236328,13.75,13.800000190734863,109500,0.0,0.0
2025-03-24 00:00:00-04:00,13.960000038146973,14.220000267028809,13.899999618530273,13.920000076293945,30000,0.0,0.0
2025-03-25 00:00:00-04:00,13.850000381469727,14.595000267028809,13.75,13.75,42000,0.0,0.0
2025-03-26 00:00:00-04:00,14.3100004196167,14.3100004196167,13.880000114440918,13.970000267028809,27800,0.0,0.0
2025-03-27 00:00:00-04:00,14.010000228881836,14.140000343322754,13.899999618530273,14.079999923706055,31600,0.0,0.0
2025-03-28 00:00:00-04:00,14.010000228881836,14.09000015258789,13.819999694824219,13.920000076293945,29400,0.0,0.0
2025-03-31 00:00:00-04:00,13.84000015258789,13.979999542236328,13.760000228881836,13.890000343322754,39600,0.0,0.0
2025-04-01 00:00:00-04:00,13.770000457763672,14.100000381469727,13.609999656677246,13.930000305175781,28500,0.0,0.0
2025-04-02 00:00:00-04:00,13.739999771118164,13.970000267028809,13.725000381469727,13.960000038146973,28500,0.0,0.0
2025-04-03 00:00:00-04:00,13.59000015258789,13.59000015258789,12.880000114440918,12.899999618530273,50300,0.0,0.0
2025-04-04 00:00:00-04:00,12.5600004196167,12.619999885559082,12.095000267028809,12.289999961853027,124800,0.0,0.0
2025-04-07 00:00:00-04:00,12.0600004196167,12.932999610900879,11.930000305175781,12.739999771118164,70900,0.0,0.0
2025-04-08 00:00:00-04:00,13.069999694824219,13.454999923706055,12.475000381469727,12.699999809265137,68900,0.0,0.0
2025-04-09 00:00:00-04:00,12.619999885559082,13.739999771118164,12.354999542236328,13.130000114440918,58900,0.0,0.0
2025-04-10 00:00:00-04:00,12.829999923706055,13.09000015258789,12.390000343322754,12.600000381469727,52600,0.0,0.0
2025-04-11 00:00:00-04:00,12.880000114440918,12.949999809265137,12.300000190734863,12.430000305175781,53500,0.0,0.0
2025-04-14 00:00:00-04:00,13.175000190734863,13.175000190734863,12.350000381469727,12.579999923706055,93100,0.0,0.0
2025-04-15 00:00:00-04:00,12.529999732971191,13.079999923706055,12.529999732971191,12.90999984741211,49500,0.0,0.0
2025-04-16 00:00:00-04:00,13.779999732971191,13.779999732971191,12.84000015258789,13.039999961853027,309600,0.0,0.0
2025-04-17 00:00:00-04:00,13.020000457763672,13.475000381469727,13.0,13.220000267028809,41900,0.0,0.0
2025-04-21 00:00:00-04:00,13.050000190734863,13.170000076293945,12.390000343322754,12.59000015258789,387700,0.0,0.0
2025-04-22 00:00:00-04:00,12.789999961853027,13.300000190734863,12.789999961853027,12.880000114440918,563900,0.0,0.0
2025-04-23 00:00:00-04:00,13.100000381469727,13.635000228881836,13.100000381469727,13.510000228881836,254300,0.0,0.0
2025-04-24 00:00:00-04:00,13.529999732971191,13.904999732971191,13.079999923706055,13.819999694824219,157100,0.0,0.0
2025-04-25 00:00:00-04:00,13.800000190734863,14.760000228881836,13.800000190734863,14.395000457763672,233600,0.0,0.0
2025-04-28 00:00:00-04:00,14.59000015258789,15.288999557495117,14.399999618530273,15.1899995803833,141500,0.0,0.0
2025-04-29 00:00:00-04:00,15.029999732971191,15.300000190734863,14.902999877929688,15.25,101500,0.0,0.0
2025-04-30 00:00:00-04:00,15.109999656677246,15.479999542236328,14.609999656677246,15.390000343322754,118000,0.0,0.0
2025-05-01 00:00:00-04:00,15.260000228881836,15.48900032043457,14.930000305175781,15.09000015258789,78400,0.0,0.0
2025-05-02 00:00:00-04:00,15.34000015258789,15.770000457763672,15.255000114440918,15.729999542236328,81100,0.0,0.0
2025-05-05 00:00:00-04:00,15.501999855041504,15.975000381469727,15.5,15.819999694824219,70400,0.0,0.0
2025-05-06 00:00:00-04:00,15.680000305175781,15.850000381469727,15.0,15.640000343322754,37400,0.0,0.0
2025-05-07 00:00:00-04:00,15.90999984741211,15.930000305175781,15.520000457763672,15.59000015258789,41800,0.0,0.0
2025-05-08 00:00:00-04:00,15.6899995803833,15.869999885559082,15.529999732971191,15.6899995803833,44800,0.0,0.0
2025-05-09 00:00:00-04:00,15.729999542236328,15.829999923706055,15.305999755859375,15.510000228881836,82800,0.0,0.0
2025-05-12 00:00:00-04:00,15.899999618530273,16.0,15.569999694824219,15.779999732971191,91300,0.0,0.0
2025-05-13 00:00:00-04:00,15.800000190734863,15.949999809265137,15.75,15.850000381469727,103300,0.0,0.0
2025-05-14 00:00:00-04:00,15.8100004196167,15.909000396728516,15.6899995803833,15.789999961853027,121600,0.0,0.0
2025-05-15 00:00:00-04:00,15.800000190734863,16.040000915527344,15.449999809265137,16.020000457763672,99800,0.0,0.0
2025-05-16 00:00:00-04:00,15.970000267028809,16.149999618530273,15.449999809265137,15.6899995803833,93800,0.0,0.0
2025-05-19 00:00:00-04:00,15.5,15.609999656677246,14.449999809265137,15.600000381469727,45300,0.0,0.0
2025-05-20 00:00:00-04:00,15.59000015258789,15.75,15.39900016784668,15.510000228881836,43600,0.0,0.0
2025-05-21 00:00:00-04:00,15.319999694824219,15.34000015258789,14.899999618530273,14.960000038146973,60700,0.0,0.0
2025-05-22 00:00:00-04:00,14.869999885559082,15.010000228881836,14.800000190734863,14.829999923706055,62400,0.0,0.0
2025-05-23 00:00:00-04:00,14.5600004196167,14.817999839782715,14.5600004196167,14.699999809265137,68200,0.0,0.0
2025-05-27 00:00:00-04:00,14.829999923706055,14.979999542236328,14.512999534606934,14.84000015258789,52600,0.0,0.0
2025-05-28 00:00:00-04:00,14.859999656677246,16.34000015258789,14.704999923706055,14.770000457763672,53700,0.0,0.0
2025-05-29 00:00:00-04:00,14.850000381469727,14.859999656677246,14.510000228881836,14.6899995803833,76600,0.0,0.0
2025-05-30 00:00:00-04:00,14.65999984741211,14.760000228881836,14.574999809265137,14.640000343322754,49800,0.0,0.0
2025-06-02 00:00:00-04:00,14.569999694824219,14.579999923706055,14.350000381469727,14.470000267028809,50000,0.0,0.0
2025-06-03 00:00:00-04:00,14.449999809265137,14.72599983215332,14.350000381469727,14.619999885559082,55000,0.0,0.0
2025-06-04 00:00:00-04:00,14.699999809265137,14.722999572753906,14.350000381469727,14.5,59700,0.0,0.0
2025-06-05 00:00:00-04:00,14.520000457763672,14.635000228881836,14.390000343322754,14.550000190734863,48300,0.0,0.0
2025-06-06 00:00:00-04:00,14.75,15.020000457763672,14.743000030517578,14.979999542236328,105600,0.0,0.0
2025-06-09 00:00:00-04:00,15.109999656677246,15.25,14.994999885559082,15.15999984741211,60300,0.0,0.0
2025-06-10 00:00:00-04:00,15.260000228881836,15.329999923706055,15.064000129699707,15.289999961853027,41000,0.0,0.0
2025-06-11 00:00:00-04:00,15.350000381469727,15.350000381469727,15.114999771118164,15.260000228881836,44500,0.0,0.0
2025-06-12 00:00:00-04:00,15.170000076293945,15.28499984741211,14.956000328063965,15.260000228881836,43500,0.0,0.0
2025-06-13 00:00:00-04:00,15.020000457763672,15.130000114440918,14.789999961853027,14.850000381469727,63000,0.0,0.0
2025-06-16 00:00:00-04:00,15.0,15.100000381469727,14.96500015258789,15.020000457763672,57100,0.0,0.0
2025-06-17 00:00:00-04:00,14.890000343322754,15.0600004196167,14.84000015258789,14.869999885559082,62000,0.0,0.0
2025-06-18 00:00:00-04:00,14.859999656677246,15.079999923706055,14.800000190734863,14.960000038146973,52100,0.0,0.0
2025-06-20 00:00:00-04:00,15.0600004196167,15.149999618530273,14.949999809265137,15.020000457763672,133700,0.0,0.0
2025-06-23 00:00:00-04:00,14.979999542236328,15.515000343322754,14.979999542236328,15.489999771118164,111000,0.0,0.0
2025-06-24 00:00:00-04:00,15.609999656677246,15.930000305175781,15.609999656677246,15.850000381469727,51200,0.0,0.0
2025-06-25 00:00:00-04:00,15.739999771118164,16.010000228881836,15.614999771118164,15.90999984741211,89000,0.0,0.0
2025-06-26 00:00:00-04:00,16.09000015258789,17.65999984741211,15.920000076293945,16.190000534057617,59700,0.0,0.0
2025-06-27 00:00:00-04:00,16.270000457763672,16.325000762939453,15.890000343322754,16.100000381469727,509500,0.0,0.0
2025-06-30 00:00:00-04:00,16.110000610351562,16.31999969482422,15.885000228881836,15.90999984741211,114900,0.0,0.0
2025-07-01 00:00:00-04:00,15.819999694824219,16.5,15.675000190734863,16.229999542236328,81900,0.0,0.0
2025-07-02 00:00:00-04:00,16.31999969482422,16.799999237060547,16.190000534057617,16.75,128100,0.0,0.0
2025-07-03 00:00:00-04:00,16.8799991607666,17.290000915527344,16.760000228881836,17.0,57100,0.0,0.0
2025-07-07 00:00:00-04:00,16.889999389648438,17.049999237060547,16.503999710083008,16.559999465942383,83700,0.0,0.0
2025-07-08 00:00:00-04:00,16.639999389648438,16.8700008392334,16.440000534057617,16.600000381469727,76700,0.0,0.0
2025-07-09 00:00:00-04:00,16.889999389648438,16.90999984741211,16.479999542236328,16.68000030517578,60100,0.0,0.0
2025-07-10 00:00:00-04:00,16.540000915527344,16.844999313354492,16.540000915527344,16.68000030517578,33600,0.0,0.0
2025-07-11 00:00:00-04:00,16.670000076293945,16.670000076293945,16.2549991607666,16.309999465942383,42800,0.0,0.0
2025-07-14 00:00:00-04:00,16.309999465942383,16.600000381469727,16.309999465942383,16.510000228881836,37600,0.0,0.0
2025-07-15 00:00:00-04:00,16.489999771118164,16.489999771118164,16.020000457763672,16.049999237060547,48500,0.0,0.0
2025-07-16 00:00:00-04:00,16.139999389648438,16.309999465942383,15.899999618530273,16.270000457763672,48400,0.0,0.0
2025-07-17 00:00:00-04:00,16.219999313354492,16.520000457763672,16.149999618530273,16.489999771118164,49200,0.0,0.0
2025-07-18 00:00:00-04:00,16.559999465942383,16.559999465942383,16.141000747680664,16.200000762939453,44900,0.0,0.0
2025-07-21 00:00:00-04:00,16.25,16.600000381469727,16.04800033569336,16.1200008392334,39200,0.0,0.0
2025-07-22 00:00:00-04:00,16.09000015258789,16.299999237060547,16.024999618530273,16.06999969482422,51600,0.0,0.0
2025-07-23 00:00:00-04:00,16.100000381469727,16.170000076293945,15.9399995803833,16.1299991607666,46200,0.0,0.0
2025-07-24 00:00:00-04:00,16.290000915527344,16.395000457763672,16.030000686645508,16.110000610351562,74500,0.0,0.0
2025-07-25 00:00:00-04:00,16.139999389648438,16.350000381469727,16.011999130249023,16.1200008392334,42000,0.0,0.0
2025-07-28 00:00:00-04:00,16.25,16.56999969482422,16.0,16.5,73600,0.0,0.0
2025-07-29 00:00:00-04:00,16.639999389648438,16.700000762939453,15.904999732971191,16.059999465942383,42400,0.0,0.0
2025-07-30 00:00:00-04:00,16.1200008392334,16.270000457763672,15.579999923706055,15.78499984741211,83200,0.0,0.0
2025-07-31 00:00:00-04:00,15.609999656677246,15.739999771118164,15.4399995803833,15.5600004196167,61800,0.0,0.0
2025-08-01 00:00:00-04:00,15.279999732971191,15.34000015258789,14.899999618530273,15.15999984741211,77500,0.0,0.0
2025-08-04 00:00:00-04:00,15.15999984741211,15.359999656677246,15.069999694824219,15.229999542236328,51500,0.0,0.0
2025-08-05 00:00:00-04:00,15.210000038146973,15.220000267028809,14.899999618530273,15.220000267028809,70100,0.0,0.0
2025-08-06 00:00:00-04:00,15.210000038146973,15.420000076293945,15.149999618530273,15.364999771118164,48000,0.0,0.0
2025-08-07 00:00:00-04:00,15.5,15.550000190734863,15.37399959564209,15.4399995803833,63900,0.0,0.0
2025-08-08 00:00:00-04:00,15.5600004196167,15.699999809265137,15.454000473022461,15.609999656677246,38400,0.0,0.0
2025-08-11 00:00:00-04:00,15.619999885559082,15.710000038146973,15.494999885559082,15.649999618530273,30900,0.0,0.0
2025-08-12 00:00:00-04:00,15.789999961853027,16.270000457763672,15.704999923706055,16.229999542236328,60300,0.0,0.0
2025-08-13 00:00:00-04:00,16.31999969482422,16.530000686645508,16.209999084472656,16.239999771118164,55300,0.0,0.0
2025-08-14 00:00:00-04:00,16.0,16.163000106811523,15.75,15.960000038146973,75100,0.0,0.0
2025-08-15 00:00:00-04:00,16.0,16.020000457763672,15.520000457763672,15.75,107200,0.0,0.0
2025-08-18 00:00:00-04:00,15.729999542236328,15.800000190734863,15.520000457763672,15.78499984741211,21800,0.0,0.0
2025-08-19 00:00:00-04:00,15.75,15.979999542236328,15.649999618530273,15.789999961853027,37800,0.0,0.0
2025-08-20 00:00:00-04:00,15.869999885559082,16.06999969482422,15.425000190734863,15.899999618530273,28900,0.0,0.0
2025-08-21 00:00:00-04:00,15.779999732971191,15.864999771118164,15.4399995803833,15.770000457763672,35400,0.0,0.0
2025-08-22 00:00:00-04:00,15.890000343322754,16.530000686645508,15.350000381469727,16.5,70000,0.0,0.0
2025-08-25 00:00:00-04:00,16.450000762939453,16.459999084472656,16.014999389648438,16.06999969482422,31300,0.0,0.0
2025-08-26 00:00:00-04:00,16.049999237060547,16.489999771118164,15.920000076293945,16.3799991607666,38100,0.0,0.0
2025-08-27 00:00:00-04:00,16.31999969482422,16.53499984741211,16.31999969482422,16.450000762939453,31500,0.0,0.0
2025-08-28 00:00:00-04:00,16.540000915527344,16.540000915527344,16.290000915527344,16.3799991607666,28900,0.0,0.0
2025-08-29 00:00:00-04:00,16.459999084472656,16.489999771118164,16.309999465942383,16.3799991607666,19700,0.0,0.0
2025-09-02 00:00:00-04:00,16.18000030517578,16.5,16.149999618530273,16.469999313354492,32100,0.0,0.0
2025-09-03 00:00:00-04:00,16.34000015258789,16.450000762939453,16.15999984741211,16.229999542236328,21900,0.0,0.0
2025-09-04 00:00:00-04:00,16.329999923706055,16.649999618530273,16.240999221801758,16.559999465942383,95000,0.0,0.0
2025-09-05 00:00:00-04:00,16.5,16.684999465942383,16.0,16.09000015258789,60100,0.0,0.0
2025-09-08 00:00:00-04:00,16.219999313354492,16.5,15.90999984741211,16.46500015258789,55000,0.0,0.0
2025-09-09 00:00:00-04:00,16.3799991607666,16.5,16.309999465942383,16.469999313354492,35000,0.0,0.0
2025-09-10 00:00:00-04:00,16.459999084472656,16.5,16.299999237060547,16.424999237060547,32600,0.0,0.0
2025-09-11 00:00:00-04:00,16.309999465942383,16.690000534057617,16.309999465942383,16.549999237060547,176200,0.0,0.0
2025-09-12 00:00:00-04:00,16.540000915527344,16.709999084472656,16.459999084472656,16.639999389648438,484900,0.0,0.0
2025-09-15 00:00:00-04:00,16.75,16.850000381469727,16.6200008392334,16.729999542236328,102600,0.0,0.0
2025-09-16 00:00:00-04:00,16.729999542236328,16.729999542236328,16.31999969482422,16.389999389648438,284600,0.0,0.0
2025-09-17 00:00:00-04:00,16.3799991607666,16.96500015258789,16.3799991607666,16.65999984741211,308100,0.0,0.0
2025-09-18 00:00:00-04:00,16.850000381469727,17.719999313354492,16.850000381469727,17.65999984741211,92400,0.0,0.0
2025-09-19 00:00:00-04:00,17.75,18.006999969482422,17.219999313354492,17.350000381469727,263800,0.0,0.0
2025-09-22 00:00:00-04:00,17.360000610351562,17.5,16.950000762939453,17.389999389648438,136700,0.0,0.0
2025-09-23 00:00:00-04:00,17.59000015258789,17.979000091552734,17.1299991607666,17.31999969482422,121400,0.0,0.0
2025-09-24 00:00:00-04:00,17.399999618530273,17.489999771118164,16.878000259399414,17.1200008392334,66300,0.0,0.0
2025-09-25 00:00:00-04:00,17.100000381469727,17.219999313354492,16.81999969482422,17.110000610351562,46400,0.0,0.0
2025-09-26 00:00:00-04:00,17.18000030517578,17.260000228881836,16.989999771118164,17.18000030517578,61800,0.0,0.0
2025-09-29 00:00:00-04:00,17.18000030517578,17.350000381469727,16.770000457763672,16.93000030517578,75000,0.0,0.0
2025-09-30 00:00:00-04:00,16.80500030517578,17.8700008392334,16.80500030517578,17.600000381469727,228500,0.0,0.0
2025-10-01 00:00:00-04:00,17.549999237060547,17.700000762939453,17.03499984741211,17.290000915527344,109700,0.0,0.0
2025-10-02 00:00:00-04:00,17.260000228881836,17.260000228881836,16.530000686645508,16.834999084472656,56100,0.0,0.0
2025-10-03 00:00:00-04:00,16.860000610351562,17.420000076293945,16.860000610351562,17.239999771118164,73200,0.0,0.0
2025-10-06 00:00:00-04:00,17.389999389648438,17.6299991607666,17.290000915527344,17.450000762939453,77100,0.0,0.0
2025-10-07 00:00:00-04:00,17.469999313354492,17.860000610351562,17.17099952697754,17.6200008392334,246900,0.0,0.0
2025-10-08 00:00:00-04:00,17.6200008392334,17.7450008392334,17.139999389648438,17.389999389648438,115500,0.0,0.0
2025-10-09 00:00:00-04:00,17.389999389648438,17.445999145507812,16.975000381469727,17.190000534057617,100300,0.0,0.0
2025-10-10 00:00:00-04:00,17.190000534057617,17.40999984741211,16.6200008392334,16.6200008392334,97100,0.0,0.0
2025-10-13 00:00:00-04:00,16.850000381469727,17.045000076293945,16.440000534057617,16.969999313354492,114800,0.0,0.0
2025-10-14 00:00:00-04:00,16.809999465942383,17.850000381469727,16.809999465942383,17.799999237060547,93700,0.0,0.0
2025-10-15 00:00:00-04:00,17.8799991607666,17.8799991607666,17.239999771118164,17.40999984741211,59400,0.0,0.0
2025-10-16 00:00:00-04:00,17.360000610351562,17.360000610351562,16.459999084472656,16.53499984741211,84100,0.0,0.0
2025-10-17 00:00:00-04:00,16.68000030517578,17.264999389648438,16.34000015258789,16.969999313354492,355400,0.0,0.0
2025-10-20 00:00:00-04:00,17.100000381469727,17.649999618530273,16.969999313354492,17.389999389648438,160500,0.0,0.0
2025-10-21 00:00:00-04:00,17.31999969482422,17.600000381469727,17.010000228881836,17.5,186000,0.0,0.0
2025-10-22 00:00:00-04:00,16.280000686645508,17.059999465942383,16.110000610351562,16.899999618530273,269900,0.0,0.0
2025-10-23 00:00:00-04:00,16.899999618530273,17.299999237060547,16.81999969482422,16.850000381469727,119700,0.0,0.0
2025-10-24 00:00:00-04:00,17.1299991607666,17.670000076293945,17.1299991607666,17.440000534057617,86700,0.0,0.0
2025-10-27 00:00:00-04:00,17.520000457763672,17.799999237060547,17.094999313354492,17.110000610351562,165600,0.0,0.0
2025-10-28 00:00:00-04:00,17.0,17.079999923706055,16.56999969482422,16.6200008392334,106600,0.0,0.0
2025-10-29 00:00:00-04:00,16.850000381469727,17.139999389648438,16.274999618530273,16.420000076293945,95000,0.0,0.0
2025-10-30 00:00:00-04:00,16.450000762939453,16.950000762939453,16.299999237060547,16.600000381469727,77000,0.0,0.0
2025-10-31 00:00:00-04:00,16.649999618530273,16.709999084472656,16.434999465942383,16.459999084472656,86400,0.0,0.0
2025-11-03 00:00:00-05:00,16.5,16.834999084472656,16.375,16.709999084472656,83300,0.0,0.0
2025-11-04 00:00:00-05:00,16.670000076293945,16.780000686645508,16.459999084472656,16.510000228881836,77000,0.0,0.0
2025-11-05 00:00:00-05:00,16.59000015258789,17.0,16.559999465942383,16.790000915527344,77800,0.0,0.0
2025-11-06 00:00:00-05:00,16.719999313354492,16.850000381469727,16.530000686645508,16.6299991607666,74100,0.0,0.0
2025-11-07 00:00:00-05:00,16.6299991607666,16.764999389648438,16.440000534057617,16.639999389648438,83300,0.0,0.0
2025-11-10 00:00:00-05:00,16.719999313354492,16.940000534057617,16.670000076293945,16.809999465942383,59000,0.0,0.0
2025-11-11 00:00:00-05:00,16.790000915527344,17.010000228881836,16.690000534057617,16.829999923706055,40300,0.0,0.0
2025-11-12 00:00:00-05:00,17.030000686645508,17.295000076293945,16.700000762939453,16.950000762939453,97200,0.0,0.0
2025-11-13 00:00:00-05:00,16.850000381469727,17.239999771118164,16.53499984741211,16.790000915527344,116500,0.0,0.0
2025-11-14 00:00:00-05:00,16.739999771118164,16.780000686645508,16.3799991607666,16.760000228881836,55800,0.0,0.0
2025-11-17 00:00:00-05:00,16.690000534057617,16.93000030517578,16.231000900268555,16.329999923706055,88600,0.0,0.0
2025-11-18 00:00:00-05:00,16.260000228881836,16.459999084472656,16.170000076293945,16.170000076293945,50100,0.0,0.0
2025-11-19 00:00:00-05:00,16.1200008392334,16.38800048828125,16.059999465942383,16.239999771118164,52100,0.0,0.0
2025-11-20 00:00:00-05:00,16.479999542236328,16.760000228881836,16.420000076293945,16.459999084472656,74600,0.0,0.0
2025-11-21 00:00:00-05:00,16.450000762939453,17.139999389648438,16.31999969482422,16.989999771118164,133500,0.0,0.0
2025-11-24 00:00:00-05:00,16.899999618530273,17.219999313354492,16.100000381469727,16.90999984741211,110500,0.0,0.0
2025-11-25 00:00:00-05:00,16.989999771118164,17.610000610351562,16.989999771118164,17.530000686645508,136700,0.0,0.0
2025-11-26 00:00:00-05:00,17.440000534057617,17.670000076293945,17.3700008392334,17.520000457763672,60800,0.0,0.0
2025-11-28 00:00:00-05:00,17.520000457763672,17.68000030517578,17.290000915527344,17.309999465942383,30700,0.0,0.0
2025-12-01 00:00:00-05:00,17.3700008392334,17.709999084472656,17.155000686645508,17.579999923706055,63500,0.0,0.0
2025-12-02 00:00:00-05:00,17.579999923706055,17.790000915527344,17.424999237060547,17.489999771118164,66500,0.0,0.0
2025-12-03 00:00:00-05:00,17.6200008392334,17.959999084472656,17.350000381469727,17.889999389648438,75600,0.0,0.0
2025-12-04 00:00:00-05:00,17.799999237060547,18.076000213623047,17.7549991607666,18.030000686645508,84900,0.0,0.0
2025-12-05 00:00:00-05:00,17.986000061035156,18.030000686645508,17.719999313354492,17.84000015258789,60900,0.0,0.0
2025-12-08 00:00:00-05:00,17.850000381469727,18.15999984741211,17.81999969482422,17.81999969482422,99100,0.0,0.0
2025-12-09 00:00:00-05:00,17.6200008392334,18.079999923706055,17.6200008392334,17.8700008392334,130700,0.0,0.0
2025-12-10 00:00:00-05:00,17.719999313354492,18.549999237060547,17.719999313354492,18.520000457763672,170200,0.0,0.0
2025-12-11 00:00:00-05:00,18.5,18.780000686645508,18.5,18.68000030517578,102300,0.0,0.0
2025-12-12 00:00:00-05:00,18.770000457763672,18.8700008392334,18.559999465942383,18.760000228881836,112900,0.0,0.0
2025-12-15 00:00:00-05:00,18.75,19.0,18.6299991607666,18.690000534057617,94700,0.0,0.0
2025-12-16 00:00:00-05:00,18.739999771118164,18.950000762939453,18.239999771118164,18.600000381469727,117400,0.0,0.0
2025-12-17 00:00:00-05:00,18.59000015258789,18.78499984741211,18.420000076293945,18.5,78200,0.0,0.0
2025-12-18 00:00:00-05:00,18.6299991607666,19.110000610351562,18.530000686645508,18.860000610351562,117600,0.0,0.0
2025-12-19 00:00:00-05:00,18.790000915527344,18.920000076293945,18.200000762939453,18.420000076293945,151500,0.0,0.0
2025-12-22 00:00:00-05:00,18.360000610351562,18.540000915527344,18.06999969482422,18.1299991607666,52900,0.0,0.0
2025-12-23 00:00:00-05:00,18.010000228881836,18.290000915527344,17.979999542236328,18.15999984741211,54300,0.0,0.0
2025-12-24 00:00:00-05:00,18.15999984741211,18.229999542236328,18.0049991607666,18.170000076293945,42300,0.0,0.0
2025-12-26 00:00:00-05:00,18.014999389648438,18.209999084472656,17.899999618530273,18.020000457763672,64000,0.0,0.0
2025-12-29 00:00:00-05:00,18.030000686645508,18.059999465942383,17.90999984741211,17.959999084472656,37500,0.0,0.0
2025-12-30 00:00:00-05:00,17.989999771118164,17.989999771118164,17.670000076293945,17.68000030517578,58300,0.0,0.0
2025-12-31 00:00:00-05:00,17.690000534057617,17.690000534057617,17.434999465942383,17.530000686645508,66900,0.0,0.0
2026-01-02 00:00:00-05:00,17.6200008392334,17.700000762939453,17.239999771118164,17.530000686645508,111000,0.0,0.0
2026-01-05 00:00:00-05:00,17.5,18.09000015258789,17.5,17.809999465942383,98300,0.0,0.0
2026-01-06 00:00:00-05:00,17.709999084472656,17.940000534057617,17.6200008392334,17.93000030517578,86500,0.0,0.0
2026-01-07 00:00:00-05:00,17.920000076293945,17.920000076293945,17.670000076293945,17.8700008392334,72500,0.0,0.0
2026-01-08 00:00:00-05:00,17.780000686645508,18.399999618530273,17.75,18.329999923706055,152900,0.0,0.0
2026-01-09 00:00:00-05:00,18.360000610351562,18.510000228881836,17.280000686645508,17.969999313354492,71000,0.0,0.0
2026-01-12 00:00:00-05:00,17.81999969482422,17.924999237060547,17.6299991607666,17.8700008392334,37900,0.0,0.0
2026-01-13 00:00:00-05:00,17.920000076293945,18.049999237060547,17.68000030517578,17.940000534057617,74200,0.0,0.0
2026-01-14 00:00:00-05:00,18.139999389648438,18.139999389648438,17.83099937438965,18.0,116600,0.0,0.0
2026-01-15 00:00:00-05:00,18.084999084472656,18.479999542236328,18.084999084472656,18.479999542236328,118600,0.0,0.0
2026-01-16 00:00:00-05:00,18.5,18.559999465942383,18.200000762939453,18.25,105600,0.0,0.0
2026-01-20 00:00:00-05:00,18.040000915527344,18.239999771118164,17.969999313354492,18.040000915527344,49100,0.0,0.0
2026-01-21 00:00:00-05:00,18.139999389648438,19.020000457763672,18.139999389648438,18.989999771118164,65100,0.0,0.0
2026-01-22 00:00:00-05:00,19.040000915527344,19.399999618530273,19.030000686645508,19.1299991607666,95900,0.0,0.0
2026-01-23 00:00:00-05:00,19.110000610351562,19.110000610351562,18.15999984741211,18.229999542236328,89100,0.0,0.0
2026-01-26 00:00:00-05:00,18.200000762939453,18.420000076293945,18.0049991607666,18.360000610351562,59300,0.0,0.0
2026-01-27 00:00:00-05:00,18.3799991607666,18.559999465942383,18.200000762939453,18.459999084472656,72500,0.0,0.0
2026-01-28 00:00:00-05:00,18.799999237060547,19.170000076293945,18.3700008392334,18.770000457763672,150300,0.0,0.0
2026-01-29 00:00:00-05:00,19.139999389648438,19.235000610351562,18.3700008392334,19.18000030517578,125000,0.0,0.0
2026-01-30 00:00:00-05:00,19.06999969482422,19.399999618530273,19.0049991607666,19.209999084472656,118000,0.0,0.0
2026-02-02 00:00:00-05:00,19.209999084472656,19.8700008392334,19.190000534057617,19.6299991607666,118800,0.0,0.0
2026-02-03 00:00:00-05:00,19.479999542236328,20.149999618530273,19.399999618530273,19.540000915527344,88100,0.0,0.0
2026-02-04 00:00:00-05:00,19.790000915527344,20.040000915527344,19.610000610351562,19.829999923706055,74800,0.0,0.0
2026-02-05 00:00:00-05:00,19.719999313354492,20.2549991607666,19.6299991607666,19.799999237060547,110100,0.0,0.0
2026-02-06 00:00:00-05:00,19.920000076293945,20.299999237060547,18.889999389648438,19.969999313354492,126800,0.0,0.0
2026-02-09 00:00:00-05:00,19.799999237060547,20.09000015258789,19.389999389648438,19.719999313354492,118700,0.0,0.0
2026-02-10 00:00:00-05:00,19.6299991607666,20.0,19.329999923706055,19.530000686645508,79400,0.0,0.0
2026-02-11 00:00:00-05:00,19.719999313354492,19.950000762939453,19.100000381469727,19.239999771118164,82200,0.0,0.0
2026-02-12 00:00:00-05:00,19.450000762939453,19.545000076293945,18.790000915527344,19.18000030517578,52100,0.0,0.0
2026-02-13 00:00:00-05:00,19.15999984741211,19.40999984741211,18.729999542236328,19.190000534057617,53000,0.0,0.0
2026-02-17 00:00:00-05:00,19.239999771118164,19.59000015258789,19.09000015258789,19.290000915527344,56700,0.0,0.0
2026-02-18 00:00:00-05:00,19.260000228881836,19.719999313354492,19.100000381469727,19.31999969482422,83700,0.0,0.0
2026-02-19 00:00:00-05:00,19.219999313354492,19.520999908447266,19.0,19.280000686645508,48800,0.0,0.0
2026-02-20 00:00:00-05:00,19.25,19.53700065612793,19.149999618530273,19.329999923706055,44800,0.0,0.0
2026-02-23 00:00:00-05:00,19.399999618530273,19.58300018310547,18.399999618530273,18.625,75900,0.0,0.0
2026-02-24 00:00:00-05:00,18.6200008392334,18.65999984741211,18.389999389648438,18.56999969482422,48600,0.0,0.0
2026-02-25 00:00:00-05:00,18.829999923706055,19.104999542236328,18.700000762939453,19.100000381469727,51100,0.0,0.0
2026-02-26 00:00:00-05:00,19.190000534057617,19.30500030517578,18.799999237060547,19.06999969482422,26700,0.0,0.0
2026-02-27 00:00:00-05:00,18.709999084472656,18.850000381469727,18.209999084472656,18.280000686645508,65100,0.0,0.0
2026-03-02 00:00:00-05:00,17.84000015258789,18.700000762939453,17.415000915527344,18.479999542236328,67700,0.0,0.0
2026-03-03 00:00:00-05:00,18.0,18.520000457763672,17.920000076293945,18.40999984741211,63000,0.0,0.0
2026-03-04 00:00:00-05:00,18.549999237060547,18.75,18.0,18.469999313354492,65100,0.0,0.0
2026-03-05 00:00:00-05:00,18.170000076293945,18.209999084472656,17.548999786376953,17.84000015258789,59100,0.0,0.0
2026-03-06 00:00:00-05:00,17.559999465942383,17.809999465942383,16.6200008392334,17.700000762939453,96200,0.0,0.0
2026-03-09 00:00:00-04:00,17.3700008392334,17.600000381469727,16.950000762939453,17.450000762939453,66900,0.0,0.0
2026-03-10 00:00:00-04:00,17.309999465942383,17.959999084472656,16.989999771118164,17.579999923706055,97600,0.0,0.0
2026-03-11 00:00:00-04:00,17.329999923706055,17.440000534057617,17.059999465942383,17.229999542236328,41500,0.0,0.0
2026-03-12 00:00:00-04:00,17.020000457763672,17.200000762939453,16.690000534057617,17.200000762939453,70000,0.0,0.0
2026-03-13 00:00:00-04:00,17.309999465942383,17.399999618530273,16.739999771118164,17.079999923706055,66700,0.0,0.0
2026-03-16 00:00:00-04:00,17.260000228881836,17.43000030517578,17.139999389648438,17.239999771118164,38200,0.0,0.0
2026-03-17 00:00:00-04:00,17.3700008392334,17.489999771118164,16.743999481201172,17.139999389648438,57000,0.0,0.0
2026-03-18 00:00:00-04:00,17.079999923706055,17.1299991607666,16.81999969482422,16.850000381469727,64900,0.0,0.0
2026-03-19 00:00:00-04:00,16.780000686645508,17.260000228881836,16.729999542236328,17.1200008392334,51200,0.0,0.0
2026-03-20 00:00:00-04:00,17.1200008392334,17.170000076293945,16.770000457763672,16.940000534057617,191000,0.0,0.0
2026-03-23 00:00:00-04:00,17.3799991607666,17.770000457763672,17.100000381469727,17.34000015258789,115400,0.0,0.0
2026-03-24 00:00:00-04:00,17.1299991607666,17.520000457763672,17.1299991607666,17.309999465942383,70500,0.0,0.0
2026-03-25 00:00:00-04:00,17.510000228881836,17.649999618530273,17.309999465942383,17.489999771118164,54400,0.0,0.0
2026-03-26 00:00:00-04:00,17.329999923706055,17.579999923706055,17.299999237060547,17.56999969482422,44800,0.0,0.0
2026-03-27 00:00:00-04:00,17.600000381469727,17.600000381469727,17.299999237060547,17.440000534057617,47200,0.0,0.0
2026-03-30 00:00:00-04:00,17.56999969482422,17.65999984741211,17.219999313354492,17.579999923706055,75000,0.0,0.0
2026-03-31 00:00:00-04:00,17.799999237060547,17.834999084472656,17.424999237060547,17.700000762939453,116900,0.0,0.0
2026-04-01 00:00:00-04:00,17.829999923706055,18.1299991607666,17.780000686645508,17.899999618530273,88700,0.0,0.0
2026-04-02 00:00:00-04:00,17.670000076293945,18.100000381469727,17.6299991607666,18.030000686645508,37700,0.0,0.0
2026-04-06 00:00:00-04:00,18.0,18.229999542236328,17.989999771118164,18.190000534057617,48000,0.0,0.0
2026-04-07 00:00:00-04:00,17.989999771118164,18.3700008392334,17.989999771118164,18.31999969482422,77800,0.0,0.0
2026-04-08 00:00:00-04:00,18.84000015258789,19.0,18.520000457763672,18.709999084472656,85000,0.0,0.0
2026-04-09 00:00:00-04:00,18.520000457763672,19.0,18.4950008392334,18.940000534057617,73400,0.0,0.0
2026-04-10 00:00:00-04:00,18.959999084472656,18.959999084472656,18.56999969482422,18.920000076293945,59700,0.0,0.0
2026-04-13 00:00:00-04:00,18.799999237060547,18.950000762939453,18.719999313354492,18.860000610351562,69216,0.0,0.0
