Date,Open,High,Low,Close,Volume,Dividends,Stock Splits
2024-03-27 00:00:00-04:00,114.57460588727679,134.50062430245535,114.57460588727679,130.76449584960938,4960400,0.0,0.0
2024-03-28 00:00:00-04:00,137.41976832558947,137.41976832558947,129.4792645729438,136.244140625,2239100,0.0,0.0
2024-04-01 00:00:00-04:00,140.48834032491476,143.79606557146414,136.5629287814054,141.49461364746094,1029500,0.0,0.0
2024-04-02 00:00:00-04:00,142.32156458640407,151.9159302264635,138.12713184691466,139.4821014404297,18246100,0.0,0.0
2024-04-03 00:00:00-04:00,141.77361385623306,143.46732225910077,135.2976583375931,136.8319549560547,8866900,0.0,0.0
2024-04-04 00:00:00-04:00,135.49688941481102,138.83450269824485,124.79662248199863,125.59365844726562,14207700,0.0,0.0
2024-04-05 00:00:00-04:00,125.0357465745137,127.70582533969726,118.55979157264645,122.24610137939453,16054800,0.0,0.0
2024-04-08 00:00:00-04:00,125.66342167921258,131.46189223934545,125.3944237980705,129.47926330566406,12195000,0.0,0.0
2024-04-09 00:00:00-04:00,130.3858819581419,133.1057941113369,127.77557870433172,131.6810760498047,9143500,0.0,0.0
2024-04-10 00:00:00-04:00,129.0209413847222,139.4123504477728,128.46301542191978,137.85812377929688,8376800,0.0,0.0
2024-04-11 00:00:00-04:00,138.68508032925064,138.8046467731985,135.90540754557043,136.0648193359375,5326900,0.0,0.0
2024-04-12 00:00:00-04:00,134.50061911967265,137.59911547193076,133.06095704752536,133.5043182373047,3765200,0.0,0.0
2024-04-15 00:00:00-04:00,134.10209772215566,134.81943553553248,129.3696687823653,131.26263427734375,3724900,0.0,0.0
2024-04-16 00:00:00-04:00,132.00985556765696,132.55782404633106,127.77557718152457,129.58885192871094,5870900,0.0,0.0
2024-04-17 00:00:00-04:00,131.5515292091537,137.66881450241456,130.76445839621803,134.2515106201172,6154600,0.0,0.0
2024-04-18 00:00:00-04:00,137.63893946469085,137.89798738341827,134.9290002688863,136.71238708496094,5022300,0.0,0.0
2024-04-19 00:00:00-04:00,136.74227547839294,140.06991627498795,134.40594904547086,134.60023498535156,4518800,0.0,0.0
2024-04-22 00:00:00-04:00,135.01868659566586,136.6326890020877,131.62129727136534,136.18435668945312,2435000,0.0,0.0
2024-04-23 00:00:00-04:00,137.9478089021798,147.80122273788243,137.35997990433034,147.28314208984375,4682800,0.0,0.0
2024-04-24 00:00:00-04:00,146.45619501856567,149.34546081214503,143.8160043865825,145.63922119140625,4684600,0.0,0.0
2024-04-25 00:00:00-04:00,142.47101303298763,151.5772016495198,138.16002364778916,147.76136779785156,6069300,0.0,0.0
2024-04-26 00:00:00-04:00,153.07165246485695,156.66829891773952,149.64437532165832,152.50376892089844,4230500,0.0,0.0
2024-04-29 00:00:00-04:00,153.01187744437047,158.95979438820436,153.01187744437047,158.42178344726562,5416300,0.0,0.0
2024-04-30 00:00:00-04:00,157.55500846071513,162.49666713521052,151.68679733607027,153.1414031982422,3490100,0.0,0.0
2024-05-01 00:00:00-04:00,153.6196146345772,156.12032403706633,148.86825916867645,151.1089324951172,3396800,0.0,0.0
2024-05-02 00:00:00-04:00,152.96206252632928,154.86500072675926,151.09798151701168,153.26095581054688,2530700,0.0,0.0
2024-05-03 00:00:00-04:00,155.0542917797366,166.5515958341288,154.56609893563854,165.64495849609375,4635100,0.0,0.0
2024-05-06 00:00:00-04:00,166.54161130281926,170.5367712205819,163.9014056015885,168.5142822265625,4007000,0.0,0.0
2024-05-07 00:00:00-04:00,168.03609986755393,172.85819218543222,166.54661980478866,166.74090576171875,2884800,0.0,0.0
2024-05-08 00:00:00-04:00,166.38222810698718,166.39218564181468,162.62119879209288,163.39332580566406,3679700,0.0,0.0
2024-05-09 00:00:00-04:00,164.38962411475637,168.0958641291674,164.04091277054542,165.78443908691406,4022600,0.0,0.0
2024-05-10 00:00:00-04:00,168.3748104738398,170.16815469095255,165.37595097907175,166.65121459960938,3459600,0.0,0.0
2024-05-13 00:00:00-04:00,164.38961395348397,166.9301837550517,159.5874373275368,160.9324493408203,4413800,0.0,0.0
2024-05-14 00:00:00-04:00,160.09556036528656,165.93885418471118,158.27232827765852,165.0172882080078,3855400,0.0,0.0
2024-05-15 00:00:00-04:00,167.73720103697963,171.71244664828407,166.33838780035035,167.24900817871094,2572000,0.0,0.0
2024-05-16 00:00:00-04:00,167.40841417776718,169.37112787580958,165.73463621117793,165.78443908691406,1604400,0.0,0.0
2024-05-17 00:00:00-04:00,166.2626681324838,167.01985120280617,160.34463945484092,162.01841735839844,1937200,0.0,0.0
2024-05-20 00:00:00-04:00,162.45679414146525,163.6922125160108,159.6173461904101,160.35459899902344,1736100,0.0,0.0
2024-05-21 00:00:00-04:00,159.6472408106108,163.88151908186336,158.4815707343354,163.32357788085938,1945300,0.0,0.0
2024-05-22 00:00:00-04:00,163.68227137777956,166.74092249781071,162.39704988063968,163.24391174316406,2018900,0.0,0.0
2024-05-23 00:00:00-04:00,165.80437389284742,169.37113250758244,160.8428002678109,161.0719451904297,3139000,0.0,0.0
2024-05-24 00:00:00-04:00,162.20770967279995,177.11237438709543,161.4903719741132,176.77362060546875,4294100,0.0,0.0
2024-05-28 00:00:00-04:00,177.6802733093034,182.10385110162514,176.12604656115641,177.4311981201172,2632700,0.0,0.0
2024-05-29 00:00:00-04:00,175.34892302142597,178.0289743340714,173.4519595582898,176.66404724121094,1537700,0.0,0.0
2024-05-30 00:00:00-04:00,176.31533497343406,177.15222390754747,173.8544710439032,174.4323272705078,2034100,0.0,0.0
2024-05-31 00:00:00-04:00,176.44485581005202,179.0999904227048,164.78812573834992,175.24928283691406,5454900,0.0,0.0
2024-06-03 00:00:00-04:00,178.2680776885206,178.3378260349323,165.82429162373865,169.73974609375,3434800,0.0,0.0
2024-06-04 00:00:00-04:00,167.7272443635412,168.78332077036765,160.7332085491548,162.43687438964844,5279800,0.0,0.0
2024-06-05 00:00:00-04:00,164.47928014035867,167.677412100226,161.86897715165267,162.8852081298828,8005500,0.0,0.0
2024-06-06 00:00:00-04:00,162.6461067862064,163.52285636135068,154.92477552989337,159.71697998046875,5249000,0.0,0.0
2024-06-07 00:00:00-04:00,158.90998030045918,165.146817941602,158.45167523563967,161.48043823242188,4850300,0.0,0.0
2024-06-10 00:00:00-04:00,160.62361122556487,169.3711307628964,160.00391810644507,166.0235595703125,4223600,0.0,0.0
2024-06-11 00:00:00-04:00,164.8877693043006,167.9165168067205,162.6959107588509,167.607666015625,2036100,0.0,0.0
2024-06-12 00:00:00-04:00,170.90545188131955,178.55705079633458,170.5218815027614,176.86334228515625,4016500,0.0,0.0
2024-06-13 00:00:00-04:00,179.13487175139312,181.28688494620445,172.20061208000408,175.51829528808594,3462200,0.0,0.0
2024-06-14 00:00:00-04:00,173.44597833213234,174.1334282202292,165.58516672914163,169.5404815673828,3128300,0.0,0.0
2024-06-17 00:00:00-04:00,169.1220549003581,171.24418039508004,165.5353660645384,168.13571166992188,2804200,0.0,0.0
2024-06-18 00:00:00-04:00,167.31876299932188,179.58322372390236,165.71471806282042,178.90574645996094,3364900,0.0,0.0
2024-06-20 00:00:00-04:00,177.8098031826233,184.81379651915643,174.44728801684352,176.52456665039062,4005300,0.0,0.0
2024-06-21 00:00:00-04:00,176.44488327212565,176.52457396055226,169.76965554175248,175.07994079589844,3793000,0.0,0.0
2024-06-24 00:00:00-04:00,175.89690349507163,178.4872763684658,174.1234893455882,177.48101806640625,2552900,0.0,0.0
2024-06-25 00:00:00-04:00,179.13488782841029,180.82859615690427,175.61794720198694,180.77877807617188,2553400,0.0,0.0
2024-06-26 00:00:00-04:00,180.22082869776708,181.05274645136927,176.9629212301535,179.33412170410156,2284000,0.0,0.0
2024-06-27 00:00:00-04:00,177.73009441050192,178.6098236153955,172.60910904182802,175.62789916992188,2541300,0.0,0.0
2024-06-28 00:00:00-04:00,174.15337199810668,175.64782310472256,166.55657887280924,170.8755340576172,3783600,0.0,0.0
2024-07-01 00:00:00-04:00,170.36742128384233,170.5666783852263,164.50916824863083,166.90029907226562,2748200,0.0,0.0
2024-07-02 00:00:00-04:00,164.79810662009484,171.34379448008417,164.79810662009484,169.18182373046875,2447400,0.0,0.0
2024-07-03 00:00:00-04:00,169.47077131613383,174.1334517397656,168.5541612066406,172.0412139892578,1317200,0.0,0.0
2024-07-05 00:00:00-04:00,170.8655957200927,176.78362519956607,170.6264780433255,175.57809448242188,1629500,0.0,0.0
2024-07-08 00:00:00-04:00,176.1559521096109,177.939339157114,173.52571845498852,173.7249755859375,1659100,0.0,0.0
2024-07-09 00:00:00-04:00,173.635297192472,174.18326565711303,171.96151919394296,172.34010314941406,1800600,0.0,0.0
2024-07-10 00:00:00-04:00,174.2828780055617,179.13487285938447,173.95411214535707,179.06512451171875,1835700,0.0,0.0
2024-07-11 00:00:00-04:00,180.33043724332828,182.48245052971157,175.89690190958248,176.0463409423828,2574500,0.0,0.0
2024-07-12 00:00:00-04:00,177.29171878093612,183.64911070342487,173.75484801095925,179.782470703125,1603900,0.0,0.0
2024-07-15 00:00:00-04:00,179.57326037270016,181.1374447122261,175.8470899346686,176.7836151123047,3026400,0.0,0.0
2024-07-16 00:00:00-04:00,178.1186528290657,183.20975044001904,177.5208662781252,182.0640106201172,1789700,0.0,0.0
2024-07-17 00:00:00-04:00,179.5334060147846,179.5334060147846,162.29739866434969,165.21656799316406,6033800,0.0,0.0
2024-07-18 00:00:00-04:00,167.37852085278004,170.8157552941097,158.84021639072512,160.89260864257812,4736600,0.0,0.0
2024-07-19 00:00:00-04:00,161.40072417127138,163.08447489901326,158.52141556421094,162.7357635498047,2547800,0.0,0.0
2024-07-22 00:00:00-04:00,165.76451300074226,167.6275904188051,163.07848720262857,166.14309692382812,1738600,0.0,0.0
2024-07-23 00:00:00-04:00,166.3822339514445,170.3773946950396,165.60512054199052,169.8593292236328,3221800,0.0,0.0
2024-07-24 00:00:00-04:00,166.7209404218388,171.66259813626132,162.127994001838,162.29736328125,5532100,0.0,0.0
2024-07-25 00:00:00-04:00,165.38593158721923,165.67485212806932,155.83141063384537,159.4081268310547,5163200,0.0,0.0
2024-07-26 00:00:00-04:00,167.8368274435224,173.3324135064066,163.08446871103288,172.46961975097656,3871900,0.0,0.0
2024-07-29 00:00:00-04:00,173.67516607588635,174.12349840399511,169.22170019849494,171.41355895996094,1757800,0.0,0.0
2024-07-30 00:00:00-04:00,172.29028170640888,173.42607915767564,161.8490540845185,162.09812927246094,2639300,0.0,0.0
2024-07-31 00:00:00-04:00,170.6164953163378,179.5881880077946,170.6164953163378,177.5806427001953,4056500,0.0,0.0
2024-08-01 00:00:00-04:00,181.2270971076878,183.17985323184615,171.1744263682719,173.38621520996094,3706800,0.0,0.0
2024-08-02 00:00:00-04:00,168.15564186541553,169.36117247984492,160.90257351391682,164.12062072753906,3314500,0.0,0.0
2024-08-05 00:00:00-04:00,151.84120743899928,164.77817267678094,149.455062998431,161.63983154296875,3700500,0.0,0.0
2024-08-06 00:00:00-04:00,162.4767438394367,165.84921673132962,159.40813540854094,163.74205017089844,2799900,0.0,0.0
2024-08-07 00:00:00-04:00,168.0360885174527,172.11095494545722,164.08077331496446,165.45567321777344,3312800,0.0,0.0
2024-08-08 00:00:00-04:00,168.57408006098936,176.80353380005155,164.43943812259397,176.55445861816406,2755800,0.0,0.0
2024-08-09 00:00:00-04:00,175.86701809776048,178.88580824764227,171.9615208609884,178.4474334716797,2766500,0.0,0.0
2024-08-12 00:00:00-04:00,177.82974276465285,179.83230198426523,173.74490323144093,175.78732299804688,1797800,0.0,0.0
2024-08-13 00:00:00-04:00,177.3913557404463,179.5931719362997,174.66647251716336,178.9854278564453,1551800,0.0,0.0
2024-08-14 00:00:00-04:00,179.3341447712383,184.5049483778507,177.59061836374016,183.478759765625,2242700,0.0,0.0
2024-08-15 00:00:00-04:00,184.8137801115002,190.09417686944008,180.93817099111013,188.1215057373047,3478000,0.0,0.0
2024-08-16 00:00:00-04:00,188.02188517510962,188.12152133444832,179.72370117467202,183.37911987304688,2718300,0.0,0.0
2024-08-19 00:00:00-04:00,183.41899341416726,184.82376606538185,180.54465571912425,184.71417236328125,1626900,0.0,0.0
2024-08-20 00:00:00-04:00,184.27579133576998,185.31193741508153,181.00791092638087,183.3193359375,1138200,0.0,0.0
2024-08-21 00:00:00-04:00,182.79131343730535,184.55477015284532,181.1374504205242,183.57838439941406,1601400,0.0,0.0
2024-08-22 00:00:00-04:00,184.31561951996179,186.0541592825765,181.6355683497023,185.31192016601562,2067900,0.0,0.0
2024-08-23 00:00:00-04:00,180.1311746522767,182.88095918855169,172.4297742819455,182.61195373535156,4872700,0.0,0.0
2024-08-26 00:00:00-04:00,180.80866367363106,182.59205060657771,178.5271415464822,181.45626831054688,2176800,0.0,0.0
2024-08-27 00:00:00-04:00,180.33044525153974,186.40788622769492,179.8223373151112,184.86361694335938,1613100,0.0,0.0
2024-08-28 00:00:00-04:00,183.16989690761852,184.68426308489364,180.10128880786183,183.3193359375,2067600,0.0,0.0
2024-08-29 00:00:00-04:00,185.31192733193103,194.95611066154396,184.66930913372101,190.652099609375,3155500,0.0,0.0
2024-08-30 00:00:00-04:00,195.13546912579574,200.62508088736726,193.48160620152936,200.25645446777344,3347700,0.0,0.0
2024-09-03 00:00:00-04:00,199.2601607248523,201.8505488952129,186.85422725316053,191.8377227783203,4275300,0.0,0.0
2024-09-04 00:00:00-04:00,192.31593418203153,203.4346542945846,191.41128835025322,198.8915252685547,3765100,0.0,0.0
2024-09-05 00:00:00-04:00,196.36092046010864,199.98745475361093,193.55136011738756,197.7059326171875,3064200,0.0,0.0
2024-09-06 00:00:00-04:00,198.2538908761304,200.43577673942633,192.6646430841961,197.59632873535156,3884700,0.0,0.0
2024-09-09 00:00:00-04:00,199.27010170690056,202.17929798753846,196.64984114862463,201.06344604492188,1654700,0.0,0.0
2024-09-10 00:00:00-04:00,201.990021070029,202.24905379416325,198.4033322617076,201.26271057128906,1894700,0.0,0.0
2024-09-11 00:00:00-04:00,203.3449903420959,209.34270994639508,200.7546022960484,208.3762969970703,3787500,0.0,0.0
2024-09-12 00:00:00-04:00,199.26014686061427,216.2869227612915,198.9114355226711,214.47366333007812,4041400,0.0,0.0
2024-09-13 00:00:00-04:00,219.83376479412658,227.831079319102,218.19983209501387,224.7554931640625,3697500,0.0,0.0
2024-09-16 00:00:00-04:00,227.03700251789672,230.65356362791232,224.40676934591178,229.07940673828125,2334900,0.0,0.0
2024-09-17 00:00:00-04:00,236.79080099136598,239.11218359807853,232.6461861604369,236.27272033691406,5144000,0.0,0.0
2024-09-18 00:00:00-04:00,237.7372867691254,240.62556479191443,233.134382039757,234.79820251464844,3255900,0.0,0.0
2024-09-19 00:00:00-04:00,242.40496190377814,244.09369907819936,237.22918708772661,243.5457305908203,3060800,0.0,0.0
2024-09-20 00:00:00-04:00,242.33022509513393,249.92104372822652,241.35385462513304,244.55198669433594,4111400,0.0,0.0
2024-09-23 00:00:00-04:00,246.90823688007376,253.92717402579245,245.87706192789886,250.5995330810547,3336700,0.0,0.0
2024-09-24 00:00:00-04:00,253.06040642204624,256.5474592664445,251.18735602944795,254.53492736816406,3804400,0.0,0.0
2024-09-25 00:00:00-04:00,256.1489259016701,256.7965153006376,251.23715535655995,254.10650634765625,2454200,0.0,0.0
2024-09-26 00:00:00-04:00,256.8064798058854,257.6832292922489,246.15602282231347,250.29066467285156,2817700,0.0,0.0
2024-09-27 00:00:00-04:00,249.8323793471468,253.48880140342612,248.6567517180969,248.9357147216797,2293600,0.0,0.0
2024-09-30 00:00:00-04:00,250.07148573439642,254.40540003423644,248.03903891387282,254.03675842285156,3372200,0.0,0.0
2024-10-01 00:00:00-04:00,255.05298600102904,256.64707324447255,250.17111852179013,255.58102416992188,2304100,0.0,0.0
2024-10-02 00:00:00-04:00,250.07149863884146,256.5773415904294,247.58074666036694,251.35671997070312,2769700,0.0,0.0
2024-10-03 00:00:00-04:00,252.21353032207216,256.28839676589894,249.96189608616274,253.7378692626953,1913700,0.0,0.0
2024-10-04 00:00:00-04:00,256.049293605212,265.4344600796205,252.2932355085106,264.6075134277344,3157300,0.0,0.0
2024-10-07 00:00:00-04:00,264.4281955326817,264.99609427841045,259.55627008988307,261.5688171386719,1925100,0.0,0.0
2024-10-08 00:00:00-04:00,263.0533169547808,265.5699739202313,261.2799026259761,263.29241943359375,1671900,0.0,0.0
2024-10-09 00:00:00-04:00,263.52162283685493,268.301879321123,261.90762003054476,265.6138610839844,1891700,0.0,0.0
2024-10-10 00:00:00-04:00,263.0234116489457,265.56396653140706,260.82159539049997,263.64111328125,1795800,0.0,0.0
2024-10-11 00:00:00-04:00,262.7743111505272,269.1107690450647,260.08428708303654,265.9027099609375,1848400,0.0,0.0
2024-10-14 00:00:00-04:00,266.2713175464373,269.82808770725575,264.7071182517359,268.5030212402344,1822300,0.0,0.0
2024-10-15 00:00:00-04:00,269.0011828483777,269.8679595728064,259.0879789482029,265.3746337890625,2190200,0.0,0.0
2024-10-16 00:00:00-04:00,267.90522976585174,275.16826977534373,266.699714532883,273.7535095214844,1844900,0.0,0.0
2024-10-17 00:00:00-04:00,278.2070439868223,280.332149354919,270.8842569482513,270.99383544921875,2510100,0.0,0.0
2024-10-18 00:00:00-04:00,272.677502847806,274.28153215603623,270.34616318469347,271.7110900878906,2353700,0.0,0.0
2024-10-21 00:00:00-04:00,275.97533897442474,276.5731255729968,271.272797686182,275.4074401855469,2570000,0.0,0.0
2024-10-22 00:00:00-04:00,269.9974976072926,277.2605384363136,269.5441941535781,275.3974609375,2631800,0.0,0.0
2024-10-23 00:00:00-04:00,272.6975062177313,281.9232621253384,267.50678712975576,278.8446960449219,4244600,0.0,0.0
2024-10-24 00:00:00-04:00,284.752698952815,296.43931704047776,281.95309643472484,295.90130615234375,3620100,0.0,0.0
2024-10-25 00:00:00-04:00,294.29726384750074,297.7045950467699,291.3133178582848,292.4541015625,2087800,0.0,0.0
2024-10-28 00:00:00-04:00,294.64602403956997,294.8452963852356,287.01435535188114,288.1601257324219,2231600,0.0,0.0
2024-10-29 00:00:00-04:00,286.9346162626614,297.854063979345,283.04904941504174,297.6647644042969,2030600,0.0,0.0
2024-10-30 00:00:00-04:00,298.8901999916528,300.4145387954229,293.5799308165285,296.49908447265625,2085200,0.0,0.0
2024-10-31 00:00:00-04:00,298.89026530140484,302.5855601189033,294.9249768360511,300.54412841796875,2550700,0.0,0.0
2024-11-01 00:00:00-04:00,303.87173596258793,310.42738167512846,299.4082975509584,299.9761962890625,2702200,0.0,0.0
2024-11-04 00:00:00-05:00,296.8976167553552,300.3846693011396,291.45782329724346,294.36700439453125,2070500,0.0,0.0
2024-11-05 00:00:00-05:00,294.75560293556936,315.27940585681597,293.77921718874074,314.6018981933594,3461400,0.0,0.0
2024-11-06 00:00:00-05:00,319.9719316426833,337.32747254873425,317.81991851452443,335.055908203125,4486400,0.0,0.0
2024-11-07 00:00:00-05:00,337.7459993818192,339.1507872755984,331.27004364145984,335.5342102050781,2347600,0.0,0.0
2024-11-08 00:00:00-05:00,335.25522715729977,341.5219678513537,334.50800153956436,339.91790771484375,1720000,0.0,0.0
2024-11-11 00:00:00-05:00,346.51336065753543,348.4960196648382,337.247776593933,348.1473083496094,2486600,0.0,0.0
2024-11-12 00:00:00-05:00,345.2182151604801,348.10748129877913,317.9195802734602,322.51251220703125,6123700,0.0,0.0
2024-11-13 00:00:00-05:00,333.1829036580035,342.3717772681856,329.3271942911933,332.0271911621094,3054500,0.0,0.0
2024-11-14 00:00:00-05:00,332.02718518282376,333.87132053183126,324.07669455125375,324.8338928222656,2449500,0.0,0.0
2024-11-15 00:00:00-05:00,323.8973656756499,337.9810588375897,323.8973656756499,328.5401306152344,2931300,0.0,0.0
2024-11-18 00:00:00-05:00,325.36195494086434,332.00726415603685,320.9682648265858,324.1663818359375,1815200,0.0,0.0
2024-11-19 00:00:00-05:00,318.82620665225033,339.1308204144897,316.3752849626519,338.74224853515625,2200600,0.0,0.0
2024-11-20 00:00:00-05:00,342.4783998895288,346.712678288163,336.49062235396025,341.50201416015625,2633600,0.0,0.0
2024-11-21 00:00:00-05:00,348.60564539548557,355.7690506118431,338.1245718783781,338.59283447265625,2671800,0.0,0.0
2024-11-22 00:00:00-05:00,338.5928200243133,348.40638861030357,332.76445448606034,347.8683776855469,2714600,0.0,0.0
2024-11-25 00:00:00-05:00,352.2122294691473,353.6767927848193,326.97992791552224,327.7630310058594,6212400,0.0,0.0
2024-11-26 00:00:00-05:00,331.0408464092028,339.4496273532558,329.39196984851503,337.6363830566406,2007900,0.0,0.0
2024-11-27 00:00:00-05:00,337.97513607249533,338.4832288124379,328.41064217733924,334.08953857421875,2318200,0.0,0.0
2024-11-29 00:00:00-05:00,333.22274129296176,335.3747545677321,331.43938483669103,332.8840026855469,883700,0.0,0.0
2024-12-02 00:00:00-05:00,334.48804945945864,345.38758169655944,334.26886208632067,336.2913513183594,2328000,0.0,0.0
2024-12-03 00:00:00-05:00,337.4968901575941,338.70240559141297,325.42172953537715,330.6921691894531,2103800,0.0,0.0
2024-12-04 00:00:00-05:00,335.2402836572582,343.4548098705817,332.3958641323285,342.4784240722656,2424000,0.0,0.0
2024-12-05 00:00:00-05:00,344.7399831582042,353.3779242539727,343.6639916994587,346.8421936035156,2099500,0.0,0.0
2024-12-06 00:00:00-05:00,346.21450793698324,348.02778258502957,339.7385531122627,345.2281799316406,1622800,0.0,0.0
2024-12-09 00:00:00-05:00,339.0909975513088,343.72379038424566,323.2996231295296,334.0098571777344,3045900,0.0,0.0
2024-12-10 00:00:00-05:00,332.9736415693327,335.3448420511992,321.1385879871533,326.17889404296875,3473500,0.0,0.0
2024-12-11 00:00:00-05:00,332.32608791776767,349.2831163585758,332.0969277911817,342.5281982421875,6671700,0.0,0.0
2024-12-12 00:00:00-05:00,341.7311797401247,341.7311797401247,326.9759670939247,328.6896057128906,3281800,0.0,0.0
2024-12-13 00:00:00-05:00,333.5415412611623,336.74963067490347,328.23127200165743,330.78179931640625,2972900,0.0,0.0
2024-12-16 00:00:00-05:00,334.8168033220744,339.2403807635241,329.6161125681907,336.460693359375,4229800,0.0,0.0
2024-12-17 00:00:00-05:00,331.76816204412194,332.7644628310412,322.30330456838874,327.1253967285156,4408900,0.0,0.0
2024-12-18 00:00:00-05:00,326.37816982739673,330.8316355432256,313.027745417239,315.9468994140625,3906900,0.0,0.0
2024-12-19 00:00:00-05:00,323.7479415927234,336.21164332769206,321.31696532495454,331.5688781738281,4584500,0.0,0.0
2024-12-20 00:00:00-05:00,327.16191718215936,344.6202668592823,326.1847975394092,341.6490478515625,5476100,0.25,0.0
2024-12-23 00:00:00-05:00,343.2343680808017,345.25837780692154,336.00575756929607,343.90240478515625,1435900,0.0,0.0
2024-12-24 00:00:00-05:00,346.1956105928143,347.9603776718318,342.3071227074535,346.2654113769531,1062400,0.0,0.0
2024-12-26 00:00:00-05:00,344.77975688207687,344.77975688207687,337.900120380927,342.0578308105469,1210900,0.0,0.0
2024-12-27 00:00:00-05:00,338.9470967685272,339.74472444948134,331.5190634760163,332.8152160644531,1506600,0.0,0.0
2024-12-30 00:00:00-05:00,323.3830969034928,334.6497767998689,322.047053953258,329.28564453125,1837800,0.0,0.0
2024-12-31 00:00:00-05:00,329.9536329890928,332.11325810738805,326.5337599961701,327.95953369140625,1793800,0.0,0.0
2025-01-02 00:00:00-05:00,331.8081533311737,341.65900849777785,327.55073195741613,337.94000244140625,2471100,0.0,0.0
2025-01-03 00:00:00-05:00,330.7113889070106,353.93268293714306,330.5219470461445,352.9854736328125,2392400,0.0,0.0
2025-01-06 00:00:00-05:00,368.6591424233613,375.1848463785146,365.4287109933011,370.2245178222656,3419100,0.0,0.0
2025-01-07 00:00:00-05:00,372.158775459242,373.51474842671263,356.17208420497855,367.4327392578125,2728200,0.0,0.0
2025-01-08 00:00:00-05:00,361.24109286102833,367.70198620161045,347.17273547923344,365.3988037109375,3160100,0.0,0.0
2025-01-10 00:00:00-05:00,362.12844965691,366.74476403599056,349.96443160118025,366.0169372558594,2387000,0.0,0.0
2025-01-13 00:00:00-05:00,354.2816421570194,365.7676737092204,351.968510071682,365.727783203125,3267900,0.0,0.0
2025-01-14 00:00:00-05:00,375.2097549422202,387.7326968913966,372.59748956504933,381.1322326660156,3095600,0.0,0.0
2025-01-15 00:00:00-05:00,389.846472524205,391.6112397195671,378.87892470383093,385.88818359375,2524000,0.0,0.0
2025-01-16 00:00:00-05:00,392.90738545083786,396.5865013049082,385.8881469918677,389.846435546875,2111600,0.0,0.0
2025-01-17 00:00:00-05:00,392.12969953047184,402.9377150267591,388.44060333306226,400.2257385253906,2363800,0.0,0.0
2025-01-21 00:00:00-05:00,403.80515758807843,415.9791267823177,394.12381282339516,414.772705078125,4223300,0.0,0.0
2025-01-22 00:00:00-05:00,428.73140408795496,432.8193142589536,416.8665178277739,425.8399658203125,4973900,0.0,0.0
2025-01-23 00:00:00-05:00,422.38016342581227,446.179734566577,421.4130240131138,436.4186096191406,3925000,0.0,0.0
2025-01-24 00:00:00-05:00,435.64095143954455,435.64095143954455,414.77270692499155,419.24945068359375,4717500,0.0,0.0
2025-01-27 00:00:00-05:00,338.598112220097,351.9585732199929,321.3491327264431,329.02642822265625,13356800,0.0,0.0
2025-01-28 00:00:00-05:00,350.3782402717263,354.46116014347996,316.76271219126374,354.0722961425781,10396700,0.0,0.0
2025-01-29 00:00:00-05:00,357.2429447347919,367.7518585455661,345.23848659477164,352.2078552246094,5449800,0.0,0.0
2025-01-30 00:00:00-05:00,363.9231663752299,386.4963877934244,363.85336558865697,381.81024169921875,5682500,0.0,0.0
2025-01-31 00:00:00-05:00,384.4224904675625,385.9379950993164,369.46674455635156,371.7799072265625,4139500,0.0,0.0
2025-02-03 00:00:00-05:00,349.3064021126033,366.11168642711334,347.9205187969118,360.6428527832031,4079400,0.0,0.0
2025-02-04 00:00:00-05:00,359.53614923642965,364.99996244296534,348.53370149286036,355.4781494140625,2766400,0.0,0.0
2025-02-05 00:00:00-05:00,362.89617419843177,368.3849375696332,358.5689822271883,366.844482421875,2810000,0.0,0.0
2025-02-06 00:00:00-05:00,364.9102055048135,378.9287216812205,363.5223140433242,373.72412109375,2460800,0.0,0.0
2025-02-07 00:00:00-05:00,379.55688517357174,388.73973512518137,374.28251399219664,376.8548889160156,2391700,0.0,0.0
2025-02-10 00:00:00-05:00,378.03135883893526,384.5620521323973,370.90246011312905,383.8641052246094,2078900,0.0,0.0
2025-02-11 00:00:00-05:00,380.17507798841723,381.9498254219417,368.28028113261723,371.79986572265625,2064300,0.0,0.0
2025-02-12 00:00:00-05:00,363.6838905986311,377.1440627436978,358.66873137945987,368.5594482421875,1825400,0.0,0.0
2025-02-13 00:00:00-05:00,374.8907144183958,376.08718631628074,359.53615400910866,369.2174987792969,2609700,0.0,0.0
2025-02-14 00:00:00-05:00,368.19050958019676,368.19050958019676,355.9467405617297,366.5054931640625,2238800,0.0,0.0
2025-02-18 00:00:00-05:00,366.83457223435005,376.65548832674386,362.2780473900801,372.1488342285156,2407300,0.0,0.0
2025-02-19 00:00:00-05:00,368.8485871880709,375.36930107700596,365.16947117398485,374.09307861328125,1670900,0.0,0.0
2025-02-20 00:00:00-05:00,373.9534649882304,382.15919512544076,352.06821149603155,358.61883544921875,3456000,0.0,0.0
2025-02-21 00:00:00-05:00,356.5450101119528,358.86812272881525,324.4599552513338,326.9126892089844,6965000,0.0,0.0
2025-02-24 00:00:00-05:00,326.41409566609724,328.41516272809486,302.54472633808047,314.9779357910156,7156900,0.0,0.0
2025-02-25 00:00:00-05:00,306.3535246943563,321.15372576507696,297.12083400816095,316.75274658203125,6835200,0.0,0.0
2025-02-26 00:00:00-05:00,333.84212151880735,341.06078168845306,326.8827344229792,334.25091552734375,4676800,0.0,0.0
2025-02-27 00:00:00-05:00,344.1616488007223,347.4818417333749,321.05004132705636,325.3174133300781,4768000,0.0,0.0
2025-02-28 00:00:00-05:00,321.3989965461933,335.00871969843337,317.7398105351774,334.1911315917969,4096600,0.0,0.0
2025-03-03 00:00:00-05:00,333.7125630388773,336.4344893790207,307.86205225867616,315.04779052734375,4846200,0.0,0.0
2025-03-04 00:00:00-05:00,304.89779138612744,320.70103549119364,293.581301436554,312.1463623046875,6257500,0.0,0.0
2025-03-05 00:00:00-05:00,313.6219641514648,322.9344349234157,310.27189183745554,315.8653259277344,4617100,0.0,0.0
2025-03-06 00:00:00-05:00,305.7752330645658,308.16814655933973,287.4295223679045,292.344970703125,7501000,0.0,0.0
2025-03-07 00:00:00-05:00,292.13556830737247,300.111966076857,278.735217620435,288.44647216796875,7397700,0.0,0.0
2025-03-10 00:00:00-04:00,275.1558360608931,280.5398989254745,265.68386290795615,269.33306884765625,6818800,0.0,0.0
2025-03-11 00:00:00-04:00,269.1934713299058,290.66993298557605,267.717857069031,283.37152099609375,5274800,0.0,0.0
2025-03-12 00:00:00-04:00,300.6902356569044,307.09130813007187,291.5273768914271,297.7987976074219,4541500,0.0,0.0
2025-03-13 00:00:00-04:00,296.1237557764256,302.5945984806527,284.5081330579091,299.35418701171875,2880400,0.0,0.0
2025-03-14 00:00:00-04:00,305.54587233117127,314.8682620615734,302.10603892487205,312.7046813964844,4404500,0.0,0.0
2025-03-17 00:00:00-04:00,311.578013296052,334.3007831694178,310.082438832231,330.9805908203125,4376600,0.0,0.0
2025-03-18 00:00:00-04:00,328.0293416765081,330.00049865192557,313.63395021440607,317.9890441894531,2773800,0.0,0.0
2025-03-19 00:00:00-04:00,322.3113037480151,342.40684034871924,319.55444656942603,334.8092956542969,3445600,0.0,0.0
2025-03-20 00:00:00-04:00,328.2985492520056,341.32999635141294,328.2985492520056,335.83624267578125,3500100,0.0,0.0
2025-03-21 00:00:00-04:00,329.66452818315247,334.16320986771,324.1508141188347,332.8849792480469,3012100,0.0,0.0
2025-03-24 00:00:00-04:00,343.2243722131815,348.58850436165716,338.1493929917074,342.5563659667969,3141000,0.0,0.0
2025-03-25 00:00:00-04:00,342.8554530241452,343.92230343590955,332.2269002666822,335.2080993652344,2631700,0.0,0.0
2025-03-26 00:00:00-04:00,334.46035934423713,334.46035934423713,313.7316859930111,316.7627258300781,3798600,0.0,0.0
2025-03-27 00:00:00-04:00,309.26485787818314,314.06066433404243,301.43801192011955,302.1060485839844,3814200,0.0,0.0
2025-03-28 00:00:00-04:00,301.10900597496976,307.9687127013493,298.2474782369256,302.0362548828125,2725300,0.0,0.0
2025-03-31 00:00:00-04:00,290.4904383728823,305.1271207767374,287.1503157671655,304.37933349609375,4678300,0.0,0.0
2025-04-01 00:00:00-04:00,306.69248292854206,315.49641807918863,301.50781250140153,314.7087707519531,3544500,0.0,0.0
2025-04-02 00:00:00-04:00,306.17398670819546,334.7943133502122,305.0971864969122,329.8240051269531,4203200,0.0,0.0
2025-04-03 00:00:00-04:00,306.04939014579304,314.938097114805,292.60917909821364,296.7818298339844,5752200,0.0,0.0
2025-04-04 00:00:00-04:00,276.3422812711002,282.6336620515777,251.50577114155502,270.6790466308594,8095800,0.0,0.0
2025-04-07 00:00:00-04:00,256.2616739060948,297.60932149758185,252.3293253051736,285.2259826660156,6522200,0.0,0.0
2025-04-08 00:00:00-04:00,302.87381569637705,306.1541181545285,278.7472058740333,286.04364013671875,5858400,0.0,0.0
2025-04-09 00:00:00-04:00,282.37442371942404,332.31663718918935,280.7303019862489,325.8457946777344,7482600,0.0,0.0
2025-04-10 00:00:00-04:00,311.1193831077807,321.28927134016254,302.2057567509479,309.0355529785156,4444800,0.0,0.0
2025-04-11 00:00:00-04:00,309.0854477016066,322.25646745330727,305.09724837642455,320.4817199707031,2800700,0.0,0.0
2025-04-14 00:00:00-04:00,332.3465785794419,333.26387773424915,316.56329448204673,321.34912109375,2467500,0.0,0.0
2025-04-15 00:00:00-04:00,322.41594698448483,330.15306216205767,322.11684425444105,327.59063720703125,1635300,0.0,0.0
2025-04-16 00:00:00-04:00,317.630160141589,331.3296145727991,315.0677348686854,327.1918640136719,4015200,0.0,0.0
2025-04-17 00:00:00-04:00,334.5257766942513,339.2453983131954,321.0752874808169,322.8414001464844,2860900,0.25,0.0
2025-04-21 00:00:00-04:00,319.29917569978767,324.21837131723436,305.5393683207671,312.3943176269531,2526800,0.0,0.0
2025-04-22 00:00:00-04:00,318.3512208348429,330.4945801218826,316.9044148210934,325.3558654785156,3471400,0.0,0.0
2025-04-23 00:00:00-04:00,353.26461152936804,358.09400759998624,332.4602698482813,335.3539123535156,5443600,0.0,0.0
2025-04-24 00:00:00-04:00,341.73986333297603,365.856939221523,336.5712159576881,359.700439453125,4980400,0.0,0.0
2025-04-25 00:00:00-04:00,359.02197165505703,375.3261814932247,356.1582621622566,371.6043701171875,3961100,0.0,0.0
2025-04-28 00:00:00-04:00,370.1874554165114,379.1298329209106,360.83798196719397,369.24951171875,3001500,0.0,0.0
2025-04-29 00:00:00-04:00,368.8104758880528,371.2750674623337,362.4244988688856,370.3770446777344,2430000,0.0,0.0
2025-04-30 00:00:00-04:00,359.19161789929205,370.6963648005576,356.8567463930037,370.00787353515625,2756800,0.0,0.0
2025-05-01 00:00:00-04:00,382.5004470136312,386.67128512672684,377.64111762699315,381.4527587890625,3246800,0.0,0.0
2025-05-02 00:00:00-04:00,390.14367039784196,402.53648273821733,384.70559426954475,395.4520263671875,3602400,0.0,0.0
2025-05-05 00:00:00-04:00,391.1414814225863,402.9156260810308,389.35639804700935,400.2215576171875,2296900,0.0,0.0
2025-05-06 00:00:00-04:00,393.70587007605695,401.7582034924967,391.26122357540794,400.3512878417969,2242700,0.0,0.0
2025-05-07 00:00:00-04:00,399.1239539847041,406.3979965722828,396.1405121729056,405.9190368652344,2488700,0.0,0.0
2025-05-08 00:00:00-04:00,409.10204272584866,412.8438297019997,392.99737696413916,393.1370849609375,3346400,0.0,0.0
2025-05-09 00:00:00-04:00,395.3821720625437,398.90443978427624,386.1823635854184,398.3855895996094,2383700,0.0,0.0
2025-05-12 00:00:00-04:00,414.0911247415422,417.8827903299628,407.9246666258585,415.7175598144531,2989900,0.0,0.0
2025-05-13 00:00:00-04:00,419.98816901185836,443.02759596790196,419.08015834801535,432.3809509277344,4769700,0.0,0.0
2025-05-14 00:00:00-04:00,437.9587299876448,439.37560297796375,430.8742736838263,431.89202880859375,2577200,0.0,0.0
2025-05-15 00:00:00-04:00,429.2279161037394,431.84217327938813,424.4583857995061,426.034912109375,2954300,0.0,0.0
2025-05-16 00:00:00-04:00,430.056061060822,430.5180597057576,422.17336904799924,427.12249755859375,2603800,0.0,0.0
2025-05-19 00:00:00-04:00,423.5702833276241,446.46503775229723,420.7145520106342,445.62188720703125,3128700,0.0,0.0
2025-05-20 00:00:00-04:00,442.80808251693014,450.37646219012225,441.5877690308283,449.05438232421875,2756700,0.0,0.0
2025-05-21 00:00:00-04:00,446.0210188868396,461.9859770572858,445.5221139440132,452.0378112792969,3932400,0.0,0.0
2025-05-22 00:00:00-04:00,452.007863853372,463.6822513252452,447.4678411980547,457.81512451171875,2713800,0.0,0.0
2025-05-23 00:00:00-04:00,459.0025430764053,468.7820728168546,457.7852137771051,463.3729553222656,3571600,0.0,0.0
2025-05-27 00:00:00-04:00,470.60707611622263,474.96750050954887,464.97941366071126,470.47735595703125,2942600,0.0,0.0
2025-05-28 00:00:00-04:00,467.5138543198521,486.3325342262011,466.47612350819315,483.9477844238281,3318100,0.0,0.0
2025-05-29 00:00:00-04:00,486.182861427193,488.05874886366894,460.9881620920743,470.1380920410156,4291100,0.0,0.0
2025-05-30 00:00:00-04:00,468.9706379456376,472.7523458714491,462.3252205708722,471.9441223144531,5092500,0.0,0.0
2025-06-02 00:00:00-04:00,473.9596906424901,485.21498481487583,471.45517811191064,484.0974426269531,2514400,0.0,0.0
2025-06-03 00:00:00-04:00,492.9180933264519,499.62337710957013,483.9378041767797,491.8903503417969,3476900,0.0,0.0
2025-06-04 00:00:00-04:00,492.6486850446888,498.3361831136803,485.4444964633734,487.0609436035156,2193600,0.0,0.0
2025-06-05 00:00:00-04:00,489.9945025945286,492.7883580640618,478.48774620561665,483.2492980957031,2443700,0.0,0.0
2025-06-06 00:00:00-04:00,485.7139055932421,487.87916649101476,476.9531358227287,483.93780517578125,2101100,0.0,0.0
2025-06-09 00:00:00-04:00,490.9224487304688,491.2317673495039,478.7491563174253,478.94873046875,2346900,0.0,0.0
2025-06-10 00:00:00-04:00,481.30353912222046,481.63283342136685,457.64148732873934,464.2908935546875,3944400,0.0,0.0
2025-06-11 00:00:00-04:00,468.49170276319455,483.2692652450814,462.9838029660382,482.4111633300781,3100400,0.0,0.0
2025-06-12 00:00:00-04:00,477.7613478273423,488.63746946608677,477.05291133634677,486.6019592285156,2431900,0.0,0.0
2025-06-13 00:00:00-04:00,476.6337970616819,483.566577881135,473.171395698862,477.4021301269531,2433900,0.0,0.0
2025-06-16 00:00:00-04:00,478.9487461321341,491.4513028079287,478.9487461321341,486.8114929199219,2134800,0.0,0.0
2025-06-17 00:00:00-04:00,485.7039074132983,492.9380290892907,480.5452473533159,487.58978271484375,2160400,0.0,0.0
2025-06-18 00:00:00-04:00,485.7238770791753,490.0543682781439,480.9543470995977,489.1164245605469,2240200,0.0,0.0
2025-06-20 00:00:00-04:00,492.44911191278277,494.9236913927981,479.49752862778394,485.89349365234375,4002400,0.0,0.0
2025-06-23 00:00:00-04:00,485.5941691996777,498.9448705231176,477.990862639878,498.78521728515625,3098000,0.0,0.0
2025-06-24 00:00:00-04:00,504.8518743583143,511.69686591526215,495.6421087273636,509.72119140625,2692600,0.0,0.0
2025-06-25 00:00:00-04:00,514.8699150550488,521.8246209152312,501.1500287527098,501.5691223144531,2476000,0.0,0.0
2025-06-26 00:00:00-04:00,503.8939787982887,507.79541900109297,497.7175333349791,505.70001220703125,2205700,0.0,0.0
2025-06-27 00:00:00-04:00,505.8896044201454,531.4235858067608,501.89836493754075,518.5218505859375,9150300,0.0,0.0
2025-06-30 00:00:00-04:00,523.121893034113,530.2063200099916,515.4626777753195,527.9912109375,2030100,0.0,0.0
2025-07-01 00:00:00-04:00,524.009794618824,526.843601392663,481.14392239155006,504.89178466796875,6527000,0.0,0.0
2025-07-02 00:00:00-04:00,501.47926939539656,510.3996920395339,496.2108345173801,503.9638366699219,3389500,0.0,0.0
2025-07-03 00:00:00-04:00,510.61921264772405,518.57178897289,504.9117389786802,515.9075927734375,1809200,0.0,0.0
2025-07-07 00:00:00-04:00,518.8611973976383,530.026693677697,512.9541792796821,529.1187133789062,2268100,0.0,0.0
2025-07-08 00:00:00-04:00,533.8282827701208,536.0433914584371,510.37975072320904,528.8392333984375,3130700,0.0,0.0
2025-07-09 00:00:00-04:00,534.3869956418753,544.4349472898925,528.8391757810613,534.5965576171875,2295700,0.0,0.0
2025-07-10 00:00:00-04:00,537.8594654733837,541.1821897331226,518.8611855278235,538.1787719726562,2506200,0.0,0.0
2025-07-11 00:00:00-04:00,536.8216933600208,545.4527728276092,533.4989695438726,537.9791259765625,2286500,0.0,0.0
2025-07-14 00:00:00-04:00,540.2641394651691,554.6375582600417,538.817303045215,553.8243408203125,2471700,0.0,0.0
2025-07-15 00:00:00-04:00,555.590543794847,559.4021850295029,544.2953280972113,558.3843994140625,2576900,0.0,0.0
2025-07-16 00:00:00-04:00,558.3943857992266,565.2792986477807,550.7910790368154,559.9409790039062,1953400,0.0,0.0
2025-07-17 00:00:00-04:00,567.4046349840746,579.9919973721069,564.9799032868116,568.9212646484375,2569400,0.0,0.0
2025-07-18 00:00:00-04:00,569.3602403068755,577.7568488237504,565.7581615139438,573.3414916992188,2052800,0.0,0.0
2025-07-21 00:00:00-04:00,575.1284620371504,576.6108401391349,563.6685765121134,564.9163818359375,2146800,0.25,0.0
2025-07-22 00:00:00-04:00,557.5293660915586,557.5293660915586,536.2118811486547,548.0260620117188,3938500,0.0,0.0
2025-07-23 00:00:00-04:00,594.7040008769625,632.607305099085,583.9728753890441,627.9255981445312,7081300,0.0,0.0
2025-07-24 00:00:00-04:00,631.1599269039311,631.9585101378926,614.2196898839444,622.8744506835938,3918600,0.0,0.0
2025-07-25 00:00:00-04:00,628.8939020049592,650.0766165699104,624.9009248493721,643.4583129882812,3604500,0.0,0.0
2025-07-28 00:00:00-04:00,637.1393680019418,647.3793528623986,630.0517974564905,646.5228271484375,2920600,0.0,0.0
2025-07-29 00:00:00-04:00,645.8540073695742,654.4988362901615,628.8838559128177,631.5591430664062,2749900,0.0,0.0
2025-07-30 00:00:00-04:00,638.8264119966226,655.0179042840163,634.0547752957649,653.8499755859375,2699600,0.0,0.0
2025-07-31 00:00:00-04:00,658.8412073700677,676.1008285805784,654.9181147648143,659.1306762695312,3343000,0.0,0.0
2025-08-01 00:00:00-04:00,637.059509076371,663.0937362139179,631.3495812035377,655.3473510742188,3077400,0.0,0.0
2025-08-04 00:00:00-04:00,658.2023371457598,673.7849158121483,652.8018623721387,661.6063842773438,2155900,0.0,0.0
2025-08-05 00:00:00-04:00,660.0790168679307,663.9422172338544,642.8293879432471,648.5792236328125,2180200,0.0,0.0
2025-08-06 00:00:00-04:00,645.4946594968063,665.1201138908465,642.8692723457514,663.3831787109375,1894900,0.0,0.0
2025-08-07 00:00:00-04:00,664.6010272962184,668.207659526689,637.3988742065179,644.7259521484375,2239900,0.0,0.0
2025-08-08 00:00:00-04:00,654.0794901136195,655.0977186361127,638.0476916192404,647.9503173828125,1888700,0.0,0.0
2025-08-11 00:00:00-04:00,639.8745581057004,652.2727345118105,636.2509266387564,649.617431640625,1687600,0.0,0.0
2025-08-12 00:00:00-04:00,651.5938847826163,661.6711912840743,649.8569496886088,656.28564453125,1803400,0.0,0.0
2025-08-13 00:00:00-04:00,661.1570556965695,664.9803477523521,613.1514689522053,633.1962280273438,3936400,0.0,0.0
2025-08-14 00:00:00-04:00,625.899123171786,639.1558356001906,619.1909512884909,624.1721801757812,2534400,0.0,0.0
2025-08-15 00:00:00-04:00,622.9343880612346,622.9343880612346,606.7927346838385,620.8180541992188,2488200,0.0,0.0
2025-08-18 00:00:00-04:00,620.2889232428691,627.4413202796519,613.1514535623063,623.9225463867188,1860400,0.0,0.0
2025-08-19 00:00:00-04:00,619.4604422795422,619.8896799853776,594.1449833300487,602.071044921875,3096700,0.0,0.0
2025-08-20 00:00:00-04:00,591.5694961592101,606.7029127453544,580.2094719928589,603.5285034179688,3575800,0.0,0.0
2025-08-21 00:00:00-04:00,605.9542026834027,618.9113926651454,604.2471831985888,604.9359741210938,2566600,0.0,0.0
2025-08-22 00:00:00-04:00,606.9024725424281,622.8843712880996,601.442106234168,606.0040893554688,2727700,0.0,0.0
2025-08-25 00:00:00-04:00,607.7610128679069,613.3920994367421,595.9857042096598,601.25244140625,2130000,0.0,0.0
2025-08-26 00:00:00-04:00,602.789769316879,627.4763911866103,601.9832045308435,624.81103515625,2689400,0.0,0.0
2025-08-27 00:00:00-04:00,624.1221672022712,628.8289150947652,616.9148738119087,621.2971801757812,1862900,0.0,0.0
2025-08-28 00:00:00-04:00,625.6795517131721,645.8141209007802,625.6795517131721,632.577392578125,2256400,0.0,0.0
2025-08-29 00:00:00-04:00,630.7505859627701,633.8850874747334,608.2701672836774,611.8937377929688,2266400,0.0,0.0
2025-09-02 00:00:00-04:00,589.5130796123608,592.9570341681269,566.862917065351,578.6621704101562,5267300,0.0,0.0
2025-09-03 00:00:00-04:00,585.2556189322152,585.2556189322152,564.4372540394676,576.02685546875,3657500,0.0,0.0
2025-09-04 00:00:00-04:00,579.7902103873269,599.315864469286,579.0415272385891,597.7586059570312,3195400,0.0,0.0
2025-09-05 00:00:00-04:00,598.9065940281298,603.4386006248009,564.5070780038459,581.0579833984375,3477700,0.0,0.0
2025-09-08 00:00:00-04:00,593.3663584130853,604.9360364801578,583.9130142831651,599.1761474609375,2513700,0.0,0.0
2025-09-09 00:00:00-04:00,605.2853578300975,606.6230318918974,593.7257336420284,604.6365356445312,1863900,0.0,0.0
2025-09-10 00:00:00-04:00,623.9026432539869,644.0571966787833,621.906154795574,642.4300537109375,3878700,0.0,0.0
2025-09-11 00:00:00-04:00,647.6109004607738,652.3525602329336,619.0111808322356,633.0365600585938,4099900,0.0,0.0
2025-09-12 00:00:00-04:00,631.0101319984794,645.7442264464477,623.0541548038796,624.45166015625,2640400,0.0,0.0
2025-09-15 00:00:00-04:00,629.0436225678695,638.7665115679993,623.004196266022,627.576171875,1851900,0.0,0.0
2025-09-16 00:00:00-04:00,628.3947508242181,632.4077121771146,607.6611984049108,616.8250732421875,3104100,0.0,0.0
2025-09-17 00:00:00-04:00,615.3177296700329,618.0269536192914,600.0645295339976,613.7105102539062,2058400,0.0,0.0
2025-09-18 00:00:00-04:00,621.8662072108378,625.9988917503171,609.9271850585938,609.9271850585938,2245600,0.0,0.0
2025-09-19 00:00:00-04:00,610.6160279323061,624.5614708642265,595.4586662757968,623.0740966796875,4107300,0.0,0.0
2025-09-22 00:00:00-04:00,619.0211732833858,647.3613396931316,619.0211732833858,643.2385864257812,2566000,0.0,0.0
2025-09-23 00:00:00-04:00,643.5480214219295,643.5889650290153,621.1075127717048,632.2977905273438,2427200,0.0,0.0
2025-09-24 00:00:00-04:00,638.8763250307325,640.8728135464535,623.0940857510775,627.8656616210938,1617200,0.0,0.0
2025-09-25 00:00:00-04:00,613.8254127104078,618.6588914075089,592.3381807557892,606.453369140625,3202500,0.0,0.0
2025-09-26 00:00:00-04:00,608.9289583922712,614.0599481725893,597.0598203018747,604.107421875,1845300,0.0,0.0
2025-09-29 00:00:00-04:00,611.3746799207322,615.3576645787573,595.3328881200213,601.3722534179688,2188700,0.0,0.0
2025-09-30 00:00:00-04:00,603.8180073482032,613.8603424075919,602.2397894717943,613.8204345703125,1818700,0.0,0.0
2025-10-01 00:00:00-04:00,598.5871748160569,609.5877846179801,593.95530704262,605.0857543945312,2423600,0.0,0.0
2025-10-02 00:00:00-04:00,610.0370251625435,621.4070417213358,602.5551894300337,605.1655883789062,2044600,0.0,0.0
2025-10-03 00:00:00-04:00,609.2184367207308,610.675895200771,586.9675952236263,593.9453125,2668500,0.0,0.0
2025-10-06 00:00:00-04:00,604.9359757146401,607.5214549604159,592.6575844327627,602.1608276367188,1950800,0.0,0.0
2025-10-07 00:00:00-04:00,602.0960261187591,608.3200642528036,590.9605825186015,605.0557861328125,2161700,0.0,0.0
2025-10-08 00:00:00-04:00,611.9237147901223,625.3410945657934,597.9482955290102,624.3518676757812,2286500,0.0,0.0
2025-10-09 00:00:00-04:00,627.8956056074551,636.0313202579849,620.0204799748261,633.1563720703125,2414000,0.0,0.0
2025-10-10 00:00:00-04:00,628.8938710530351,633.1563934537969,601.5369584167914,603.49853515625,3003600,0.0,0.0
2025-10-13 00:00:00-04:00,612.1033842566846,654.8382169300187,612.063476421913,647.11181640625,3406800,0.0,0.0
2025-10-14 00:00:00-04:00,633.8850525188783,655.7266399901459,614.7587208921358,643.2785034179688,2890500,0.0,0.0
2025-10-15 00:00:00-04:00,649.0283532980565,663.5258626844997,612.5126277709834,614.8684692382812,3246000,0.0,0.0
2025-10-16 00:00:00-04:00,620.4087545705396,622.5300234417582,594.1549449617606,600.9429931640625,3500600,0.0,0.0
2025-10-17 00:00:00-04:00,594.2248575299978,607.7500187767049,590.6121931684514,598.946533203125,2747700,0.0,0.0
2025-10-20 00:00:00-04:00,607.3053358493224,609.182822210439,592.8846777509921,593.274169921875,2634400,0.25,0.0
2025-10-21 00:00:00-04:00,593.0643778752074,595.9805097724758,580.9806128966139,584.5458374023438,3956400,0.0,0.0
2025-10-22 00:00:00-04:00,606.1868661244711,608.7234416111605,532.0063419480188,575.2283935546875,10333100,0.0,0.0
2025-10-23 00:00:00-04:00,579.2229937263471,599.196200406566,579.2229937263471,594.3527221679688,3952700,0.0,0.0
2025-10-24 00:00:00-04:00,606.1868752118877,612.9877502370023,583.3974371028588,583.607177734375,3694200,0.0,0.0
2025-10-27 00:00:00-04:00,590.0085642099525,593.2792014682773,579.2330402165416,583.607177734375,2842400,0.0,0.0
2025-10-28 00:00:00-04:00,589.2096279440074,591.1270388188412,564.2431182853629,570.215087890625,3589300,0.0,0.0
2025-10-29 00:00:00-04:00,575.4980049213596,584.7905319299238,568.5083579014513,577.1956787109375,2808500,0.0,0.0
2025-10-30 00:00:00-04:00,569.2364093462561,591.876022805411,568.737079162619,573.3009643554688,2305100,0.0,0.0
2025-10-31 00:00:00-04:00,579.3528419595348,591.2069356063158,575.727699961218,584.3561401367188,2789500,0.0,0.0
2025-11-03 00:00:00-05:00,589.7089350989839,592.4752437661758,575.9873516791978,580.4813232421875,1853200,0.0,0.0
2025-11-04 00:00:00-05:00,570.2350648718497,575.4381072843915,540.71466710401,547.2259521484375,3994900,0.0,0.0
2025-11-05 00:00:00-05:00,549.263177982852,566.7697227132775,540.5648246210308,558.9501953125,2844700,0.0,0.0
2025-11-06 00:00:00-05:00,557.3424177708874,559.7541607296482,544.6793500709716,549.4329833984375,2215300,0.0,0.0
2025-11-07 00:00:00-05:00,545.9675923594784,576.1171489320498,538.3777375886483,574.3594970703125,2823800,0.0,0.0
2025-11-10 00:00:00-05:00,585.5345393327577,595.0418052985035,567.438818802813,579.0232543945312,2555800,0.0,0.0
2025-11-11 00:00:00-05:00,579.8271902200878,582.019257067821,562.3456353980889,575.3082885742188,1748500,0.0,0.0
2025-11-12 00:00:00-05:00,578.6837701614384,588.15105113112,573.2410588581562,574.6292114257812,2026300,0.0,0.0
2025-11-13 00:00:00-05:00,573.5506305549183,573.5506305549183,536.6401213659643,557.4222412109375,5166900,0.0,0.0
2025-11-14 00:00:00-05:00,544.4696479734004,591.0171933662897,542.1817014530111,577.5352783203125,4037300,0.0,0.0
2025-11-17 00:00:00-05:00,572.2323752027736,591.5564284133437,569.0766353457542,576.2470092773438,2998000,0.0,0.0
2025-11-18 00:00:00-05:00,568.297660190207,575.7057524620443,552.0994184608882,554.1865844726562,2986000,0.0,0.0
2025-11-19 00:00:00-05:00,560.2484374971167,599.1961898364884,560.0486932431602,594.5723876953125,4212100,0.0,0.0
2025-11-20 00:00:00-05:00,606.3865836038746,627.1687032854829,556.942899360773,557.282470703125,4874600,0.0,0.0
2025-11-21 00:00:00-05:00,562.2557756199639,564.9920952371958,529.4497464212535,555.0953979492188,4872800,0.0,0.0
2025-11-24 00:00:00-05:00,558.6905529689666,582.2189885590492,557.5121410612471,579.7123413085938,2748900,0.0,0.0
2025-11-25 00:00:00-05:00,574.229702447216,581.2203249117908,552.50883978943,571.79296875,2356500,0.0,0.0
2025-11-26 00:00:00-05:00,580.9207173634933,596.1802152792848,578.7036597686706,588.929931640625,2223800,0.0,0.0
2025-11-28 00:00:00-05:00,594.202862689882,598.9664916992188,587.7415599784256,598.9664916992188,1006600,0.0,0.0
2025-12-01 00:00:00-05:00,589.209623854599,589.209623854599,574.029973896819,576.127197265625,2302500,0.0,0.0
2025-12-02 00:00:00-05:00,585.384778270279,609.0231149824102,584.2163626120059,600.774169921875,2890800,0.0,0.0
2025-12-03 00:00:00-05:00,595.0817664914762,608.0313759591651,574.6092282067348,601.16357421875,2754500,0.0,0.0
2025-12-04 00:00:00-05:00,604.1895249772541,638.2838047014787,602.092362577698,628.2672119140625,3698500,0.0,0.0
2025-12-05 00:00:00-05:00,630.0148374717281,639.1426074633779,620.367805559819,630.4742431640625,2348000,0.0,0.0
2025-12-08 00:00:00-05:00,630.2145964954422,635.5454581090427,606.5863194915756,621.06689453125,2540100,0.0,0.0
2025-12-09 00:00:00-05:00,616.1734721078701,636.0268459071634,612.3785747458586,624.4623413085938,3017500,0.0,0.0
2025-12-10 00:00:00-05:00,691.2227856869581,730.0207159060825,678.0903777020931,722.0314331054688,11396400,0.0,0.0
2025-12-11 00:00:00-05:00,710.1972930364917,710.1972930364917,680.2874050162125,703.256591796875,4830900,0.0,0.0
2025-12-12 00:00:00-05:00,696.9151164730881,698.0036830984577,655.4907037325013,670.8101806640625,5225700,0.0,0.0
2025-12-15 00:00:00-05:00,687.5577095624118,694.118915865858,674.0957865450866,680.437255859375,3529600,0.0,0.0
2025-12-16 00:00:00-05:00,686.0796434910595,698.9423933573813,670.1060764639252,685.3006591796875,3572200,0.0,0.0
2025-12-17 00:00:00-05:00,686.079711601708,693.0703345729045,612.268746449612,613.3672485351562,6770100,0.0,0.0
2025-12-18 00:00:00-05:00,648.4301987659063,657.807634742145,635.6822838708651,638.5734252929688,4426500,0.0,0.0
2025-12-19 00:00:00-05:00,645.913538860547,659.7050351818294,640.7404248614077,657.3981323242188,4489100,0.0,0.0
2025-12-22 00:00:00-05:00,670.210929902245,670.5005804126369,655.9201027949418,660.9234008789062,2694300,0.0,0.0
2025-12-23 00:00:00-05:00,663.9293843276697,663.9293843276697,653.1238719753826,660.5639038085938,1997600,0.0,0.0
2025-12-24 00:00:00-05:00,659.7450457012834,672.5978005776992,657.38822171189,666.4260864257812,1110900,0.0,0.0
2025-12-26 00:00:00-05:00,666.5658694892804,667.3048684071961,659.6051750460922,662.5712280273438,1155300,0.0,0.0
2025-12-29 00:00:00-05:00,658.7163526919974,670.1011052398734,650.8169760205099,662.5712280273438,2186100,0.0,0.0
2025-12-30 00:00:00-05:00,664.7583062922669,667.5445468090944,658.4666971358946,658.75634765625,1207000,0.0,0.0
2025-12-31 00:00:00-05:00,655.9201114616142,665.7668879704551,651.875549199199,652.6944580078125,1259900,0.0,0.0
2026-01-02 00:00:00-05:00,660.304258505747,678.8593854166695,657.5180179912351,678.6396484375,2741800,0.0,0.0
2026-01-05 00:00:00-05:00,690.2026592367258,698.317747508853,669.0954267557491,680.4485473632812,2446600,0.5,0.0
2026-01-06 00:00:00-05:00,680.6983452423915,686.6297558868371,658.4018311006147,685.9152221679688,2490800,0.0,0.0
2026-01-07 00:00:00-05:00,685.5854206041201,686.5748125446856,660.9003356800904,661.9197387695312,2601100,0.0,0.0
2026-01-08 00:00:00-05:00,660.7204607278393,660.7204607278393,619.3754667237001,628.020263671875,4310100,0.0,0.0
2026-01-09 00:00:00-05:00,631.9378516973022,631.9378516973022,620.734604732435,622.123779296875,3105800,0.0,0.0
2026-01-12 00:00:00-05:00,619.4953643772416,644.3603325350754,616.7370226783223,639.3833618164062,2828900,0.0,0.0
2026-01-13 00:00:00-05:00,640.6125984816512,658.7715999893617,640.0119485327218,651.6959228515625,2090200,0.0,0.0
2026-01-14 00:00:00-05:00,647.5284405827798,653.6047834781172,636.8149480287924,643.7907104492188,2396200,0.0,0.0
2026-01-15 00:00:00-05:00,653.7746445808291,665.8773724331735,639.0435622500048,641.8418579101562,2394900,0.0,0.0
2026-01-16 00:00:00-05:00,664.6580973360511,692.0815175997167,662.5993446478153,681.1381225585938,4986800,0.0,0.0
2026-01-20 00:00:00-05:00,667.7162321510808,700.5763667585026,664.1433804205255,684.4461059570312,3901900,0.0,0.0
2026-01-21 00:00:00-05:00,685.8152716022224,689.6329703841847,652.1956475977167,667.4863891601562,4022700,0.0,0.0
2026-01-22 00:00:00-05:00,671.5039439005603,678.9195039790546,644.8700848584181,661.2701416015625,2858800,0.0,0.0
2026-01-23 00:00:00-05:00,661.7798116346764,665.727436696196,648.6077841394338,657.3825073242188,2009600,0.0,0.0
2026-01-26 00:00:00-05:00,655.603571251826,687.2644193241947,655.603571251826,665.5875244140625,2662100,0.0,0.0
2026-01-27 00:00:00-05:00,673.0179967088179,695.9791481381942,673.0179967088179,692.2813720703125,4714700,0.0,0.0
2026-01-28 00:00:00-05:00,690.9821726524864,722.5630506031938,673.6026677639536,711.1599731445312,5776300,0.0,0.0
2026-01-29 00:00:00-05:00,716.5667029785809,722.2832169923498,681.2880476536272,716.9564819335938,3491000,0.0,0.0
2026-01-30 00:00:00-05:00,716.0619980004377,751.5605518324871,715.5273481545069,725.9310302734375,3865700,0.0,0.0
2026-02-02 00:00:00-05:00,739.2329948077107,761.8992816803416,732.557038935026,754.5137329101562,4074400,0.0,0.0
2026-02-03 00:00:00-05:00,774.5316153113486,791.471383484586,753.6542259055008,779.7784423828125,3856200,0.0,0.0
2026-02-04 00:00:00-05:00,793.5201346827124,795.0192281361432,708.321656746061,745.7689819335938,5058000,0.0,0.0
2026-02-05 00:00:00-05:00,716.7965094279983,757.8817102072022,713.8193059371782,737.0842895507812,3608600,0.0,0.0
2026-02-06 00:00:00-05:00,757.6118597946002,779.0888623288389,752.5449165822818,778.8789672851562,3283900,0.0,0.0
2026-02-09 00:00:00-05:00,775.7409540038716,814.3675609981622,770.5440841927056,801.0556030273438,3105800,0.0,0.0
2026-02-10 00:00:00-05:00,803.3691795039941,808.8808612136529,786.524385158328,790.3120727539062,2458300,0.0,0.0
2026-02-11 00:00:00-05:00,822.4326981508001,833.4960158974328,802.2149426083708,823.1722412109375,2821000,0.0,0.0
2026-02-12 00:00:00-05:00,826.5002215865597,845.4887393739173,811.1095038227616,816.0665283203125,2677700,0.0,0.0
2026-02-13 00:00:00-05:00,814.5074812256004,822.6025618544235,794.6294864613806,801.645263671875,2020900,0.0,0.0
2026-02-17 00:00:00-05:00,793.7599885474017,828.029304306116,790.1421811867921,818.6549682617188,2221600,0.0,0.0
2026-02-18 00:00:00-05:00,819.504439765493,832.3966681562338,810.5098788412375,817.055908203125,1808900,0.0,0.0
2026-02-19 00:00:00-05:00,816.1814322342273,836.8939437294357,810.0501301469541,834.1055908203125,1655600,0.0,0.0
2026-02-20 00:00:00-05:00,829.3484407026226,841.9908198450033,821.5032093918014,829.8381958007812,1709100,0.0,0.0
2026-02-23 00:00:00-05:00,822.5026332005854,832.5965050288905,812.2488239066724,831.1973876953125,1438200,0.0,0.0
2026-02-24 00:00:00-05:00,830.4478158241179,879.3582406834256,824.4014844267707,879.1983032226562,2305300,0.0,0.0
2026-02-25 00:00:00-05:00,887.4233810061469,894.3891393892101,873.0820168672948,875.4805908203125,2293100,0.0,0.0
2026-02-26 00:00:00-05:00,876.8397821154845,879.018457376188,830.1980028501599,875.9303588867188,2796700,0.0,0.0
2026-02-27 00:00:00-05:00,867.1756237075201,875.8253613990461,852.8243167137605,873.072021484375,2456200,0.0,0.0
2026-03-02 00:00:00-05:00,864.4772464678703,893.019984096289,853.4838942006488,880.6474609375,2421400,0.0,0.0
2026-03-03 00:00:00-05:00,863.9175910641376,863.9175910641376,811.0695434208128,841.4911499023438,3558100,0.0,0.0
2026-03-04 00:00:00-05:00,850.0859141608466,868.0850395489126,837.5835258374515,840.7615966796875,1817500,0.0,0.0
2026-03-05 00:00:00-05:00,829.5083907603039,843.739775014446,790.6168701168071,814.5174560546875,3203700,0.0,0.0
2026-03-06 00:00:00-05:00,792.4907819301453,815.6468243049845,781.8972118696153,788.7530517578125,2678600,0.0,0.0
2026-03-09 00:00:00-04:00,782.0571289283118,829.9881065905962,776.5304415516121,829.5983276367188,2878000,0.0,0.0
2026-03-10 00:00:00-04:00,835.4548388339109,852.4045506134678,831.5971251309307,838.69287109375,2393600,0.0,0.0
2026-03-11 00:00:00-04:00,835.5247836480454,852.2346498188566,831.7470387707341,847.1377563476562,1706700,0.0,0.0
2026-03-12 00:00:00-04:00,843.6198721774839,844.7391904485271,818.6049692669307,831.6071166992188,2142900,0.0,0.0
2026-03-13 00:00:00-04:00,832.4865754430843,844.7791297784363,802.2748643647074,804.5335083007812,2271100,0.0,0.0
2026-03-16 00:00:00-04:00,817.0059646803579,836.4941803516325,810.6298153911254,826.8699951171875,2361400,0.0,0.0
2026-03-17 00:00:00-04:00,827.3699951171875,844.27001953125,817.52001953125,844.0499877929688,2259300,0.5,0.0
2026-03-18 00:00:00-04:00,844.5250244140625,880.2100219726562,844.5250244140625,858.469970703125,2193100,0.0,0.0
2026-03-19 00:00:00-04:00,841.5,878.1799926757812,829.9500122070312,877.3900146484375,2509500,0.0,0.0
2026-03-20 00:00:00-04:00,877.77001953125,891.989990234375,844.25,851.0700073242188,4438100,0.0,0.0
2026-03-23 00:00:00-04:00,865.6849975585938,920.6300048828125,860.0,882.6400146484375,3353900,0.0,0.0
2026-03-24 00:00:00-04:00,864.1300048828125,913.5800170898438,860.010009765625,909.4099731445312,2777700,0.0,0.0
2026-03-25 00:00:00-04:00,927.0,948.3800048828125,920.9000244140625,923.6900024414062,2864900,0.0,0.0
2026-03-26 00:00:00-04:00,915.0,917.2639770507812,871.010009765625,873.1199951171875,3000700,0.0,0.0
2026-03-27 00:00:00-04:00,867.5549926757812,878.3900146484375,846.0,853.1599731445312,2494700,0.0,0.0
2026-03-30 00:00:00-04:00,860.6400146484375,862.7100219726562,807.0,817.3499755859375,2830800,0.0,0.0
2026-03-31 00:00:00-04:00,827.1300048828125,873.3200073242188,824.010009765625,872.9000244140625,3469200,0.0,0.0
2026-04-01 00:00:00-04:00,888.489990234375,912.6199951171875,887.489990234375,894.780029296875,2467700,0.0,0.0
2026-04-02 00:00:00-04:00,869.0,913.0,865.9500122070312,898.5700073242188,1944100,0.0,0.0
2026-04-06 00:00:00-04:00,901.8300170898438,911.5,887.0,897.3599853515625,1386300,0.0,0.0
2026-04-07 00:00:00-04:00,894.1900024414062,910.9400024414062,879.2000122070312,910.75,1399100,0.0,0.0
2026-04-08 00:00:00-04:00,950.0,962.719970703125,930.5499877929688,936.0700073242188,2336900,0.0,0.0
2026-04-09 00:00:00-04:00,943.5599975585938,979.4299926757812,940.760009765625,968.02001953125,2061300,0.0,0.0
2026-04-10 00:00:00-04:00,973.1099853515625,999.4299926757812,970.010009765625,991.3200073242188,2161300,0.0,0.0
2026-04-13 00:00:00-04:00,998.0,1007.3800048828125,987.1599731445312,991.1199951171875,1626399,0.0,0.0
