Date,Open,High,Low,Close,Volume,Dividends,Stock Splits
2022-01-03 00:00:00-05:00,30.07936668395996,30.260965138272937,29.78220491319928,30.07936668395996,111870,0.0,0.0
2022-01-04 00:00:00-05:00,29.94728741086866,30.211431549435925,29.749180219534725,29.88125228881836,131230,0.0,0.0
2022-01-05 00:00:00-05:00,29.74918087004992,30.15365056440999,29.336455872661528,29.394237518310547,160212,0.0,0.0
2022-01-06 00:00:00-05:00,29.303445301631484,29.89776885559578,29.229154857385947,29.641878128051758,126477,0.0,0.0
2022-01-07 00:00:00-05:00,29.427258468266107,30.417798211010826,29.278677598113564,30.01332664489746,126013,0.0,0.0
2022-01-10 00:00:00-05:00,29.922527941464008,30.38477934264286,29.773948893940428,29.955547332763672,161603,0.0,0.0
2022-01-11 00:00:00-05:00,29.823478029373746,29.823478029373746,28.882464530860357,29.138355255126953,169950,0.0,0.0
2022-01-12 00:00:00-05:00,29.319954659814506,29.55107947688514,29.05581044729075,29.253917694091797,111870,0.0,0.0
2022-01-13 00:00:00-05:00,29.196135248502614,29.394242477592368,28.95675514767401,29.17962646484375,93901,0.0,0.0
2022-01-14 00:00:00-05:00,29.121848687317332,29.377737605879023,28.725632351194196,28.849449157714844,94017,0.0,0.0
2022-01-18 00:00:00-05:00,28.560538594481546,28.948499569758,28.255123361902932,28.85770034790039,143402,0.0,0.0
2022-01-19 00:00:00-05:00,28.6760993963179,29.20438589775937,28.618317746519374,28.68435287475586,108392,0.0,0.0
2022-01-20 00:00:00-05:00,28.709117306129606,28.923735125848843,28.197339580584817,28.2551212310791,82656,0.0,0.0
2022-01-21 00:00:00-05:00,28.345923014767557,28.95675531439601,28.28814135903716,28.37894058227539,127752,0.0,0.0
2022-01-24 00:00:00-05:00,28.304647760997025,28.651335841022753,27.63603386190104,28.15606689453125,162994,0.0,0.0
2022-01-25 00:00:00-05:00,28.01574448008545,28.395452017430554,27.718582694400954,28.03225326538086,170645,0.0,0.0
2022-01-26 00:00:00-05:00,28.01574263804564,28.172578825815368,27.586510598219945,27.75160026550293,131925,0.0,0.0
2022-01-27 00:00:00-05:00,27.710328365325733,27.990981357115867,27.314112054824925,27.446184158325195,115000,0.0,0.0
2022-01-28 00:00:00-05:00,27.322365729645195,27.81763471933376,27.074730322209213,27.768108367919922,92742,0.0,0.0
2022-01-31 00:00:00-05:00,27.743343387132665,28.06526922392492,27.50396329189142,28.023996353149414,107812,0.0,0.0
2022-02-01 00:00:00-05:00,28.007487751712546,28.007487751712546,27.25632806938155,27.503963470458984,120912,0.0,0.0
2022-02-02 00:00:00-05:00,27.56999632374695,27.76810535829721,27.305853986318592,27.371889114379883,80570,0.0,0.0
2022-02-03 00:00:00-05:00,27.305861713490156,27.43793383217047,27.09949914212615,27.182043075561523,62253,0.0,0.0
2022-02-04 00:00:00-05:00,27.115997312681888,27.115997312681888,26.480401060743848,26.975671768188477,137490,0.0,0.0
2022-02-07 00:00:00-05:00,26.843604693495998,27.23981914291869,26.827094085018658,27.132511138916016,111058,0.0,0.0
2022-02-08 00:00:00-05:00,27.00869194172232,27.81763137686603,27.00869194172232,27.660795211791992,134012,0.0,0.0
2022-02-09 00:00:00-05:00,27.809377896621307,28.22210109248348,27.792869114801473,28.131301879882812,136447,0.0,0.0
2022-02-10 00:00:00-05:00,27.84239786755762,28.205594749362856,27.132511062011016,27.322364807128906,142011,0.0,0.0
2022-02-11 00:00:00-05:00,27.503961745190065,27.86716043233313,27.404909051119148,27.735088348388672,125549,0.0,0.0
2022-02-14 00:00:00-05:00,27.67731134226182,27.67731134226182,27.08298777736687,27.479202270507812,125549,0.0,0.0
2022-02-15 00:00:00-05:00,27.70207354839251,27.99098185025916,27.47920221203118,27.528730392456055,78251,0.0,0.0
2022-02-16 00:00:00-05:00,27.64428545340578,27.80937691614985,27.355379043969872,27.685558319091797,76628,0.0,0.0
2022-02-17 00:00:00-05:00,27.64428985892506,27.90843405119106,27.421420364105913,27.85890769958496,80106,0.0,0.0
2022-02-18 00:00:00-05:00,27.70207409080984,27.94145421693877,27.479202750084603,27.8424015045166,106537,0.0,0.0
2022-02-22 00:00:00-05:00,27.669051393824827,27.834141042459592,27.305854531864995,27.735088348388672,98422,0.0,0.0
2022-02-23 00:00:00-05:00,28.13130764246937,28.263379749265653,27.875418734069367,27.990982055664062,97495,0.0,0.0
2022-02-24 00:00:00-05:00,27.72683304462448,27.87541391091409,27.3801449650098,27.735088348388672,111638,0.0,0.0
2022-02-25 00:00:00-05:00,27.64428654468329,28.230356515084182,27.636033066330143,28.22210121154785,140388,0.0,0.0
2022-02-28 00:00:00-05:00,28.04875962666671,28.205595811194456,27.652545163451112,27.85890769958496,125086,0.0,0.0
2022-03-01 00:00:00-05:00,27.83414361119021,28.07352371506146,27.569999418924212,27.85890769958496,309294,0.0,0.0
2022-03-02 00:00:00-05:00,27.875416959276677,28.40370352764293,27.875416959276677,28.3624324798584,106074,0.0,0.0
2022-03-03 00:00:00-05:00,28.428463044553556,29.394238625732598,28.428463044553556,29.319948196411133,179340,0.0,0.0
2022-03-04 00:00:00-05:00,29.281217775355515,29.528425121289274,29.042536208905695,29.468753814697266,90603,0.079964,1.03
2022-03-07 00:00:00-05:00,29.639238524636077,29.886445841958828,29.213019138214708,29.80120086669922,108499,0.0,0.0
2022-03-08 00:00:00-05:00,29.801207494029775,29.860878806985596,28.71861272010622,28.744186401367188,159597,0.0,0.0
2022-03-09 00:00:00-05:00,28.940240867746468,29.144826618727947,28.73565511676499,28.931716918945312,68881,0.0,0.0
2022-03-10 00:00:00-05:00,28.377635955810547,28.454355163477423,28.036661496184514,28.377635955810547,116153,0.0,0.0
2022-03-11 00:00:00-05:00,28.44582898447751,28.62484106499108,28.053707197164027,28.13895034790039,172315,0.0,0.0
2022-03-14 00:00:00-04:00,28.335016188378464,28.61631935781921,27.959944075817955,28.249773025512695,172653,0.0,0.0
2022-03-15 00:00:00-04:00,28.403209435124012,28.403209435124012,27.508150741003462,28.062236785888672,160160,0.0,0.0
2022-03-16 00:00:00-04:00,28.19862212714557,28.667463124023655,27.994038195934852,28.53107261657715,235119,0.0,0.0
2022-03-17 00:00:00-04:00,28.437309557557157,29.153356163519675,28.275345349451364,28.803855895996094,161060,0.0,0.0
2022-03-18 00:00:00-04:00,28.974340447178818,29.272693315014312,28.650413901256,28.965816497802734,157121,0.0,0.0
2022-03-21 00:00:00-04:00,28.974338492910046,29.289741068183428,28.752704844326253,28.931716918945312,91279,0.0,0.0
2022-03-22 00:00:00-04:00,29.008440257599418,29.62219576816827,28.889099467476345,29.22154998779297,146879,0.0,0.0
2022-03-23 00:00:00-04:00,29.195976215737268,29.5710483149183,29.16187858581543,29.16187858581543,75409,0.0,0.0
2022-03-24 00:00:00-04:00,29.37498684796111,29.78415655662463,29.161877129084935,29.562522888183594,96681,0.0,0.0
2022-03-25 00:00:00-04:00,29.673343974841995,30.201854543030862,29.28122210911386,30.005794525146484,77435,0.0,0.0
2022-03-28 00:00:00-04:00,30.0398865722593,30.15070340175413,29.767107388102424,30.099557876586914,79799,0.0,0.0
2022-03-29 00:00:00-04:00,30.24447321238549,30.892328178949878,30.24447321238549,30.824132919311523,135286,0.0,0.0
2022-03-30 00:00:00-04:00,30.772983700792143,31.21625103170714,30.585447663094186,30.934946060180664,105010,0.0,0.0
2022-03-31 00:00:00-04:00,30.994614050703717,31.412309488586796,29.64776430313327,29.80120086669922,220487,0.0,0.0
2022-04-01 00:00:00-04:00,29.920546953430893,31.301494486068393,29.920546953430893,31.25887107849121,113676,0.0,0.0
2022-04-04 00:00:00-04:00,32.452284634344664,32.4693325325692,31.25034559090809,31.52312660217285,165000,0.0,0.0
2022-04-05 00:00:00-04:00,31.369683855249384,31.44640304655623,30.960516054918703,31.054283142089844,80474,0.0,0.0
2022-04-06 00:00:00-04:00,31.00314108455668,31.131007645191445,30.60249533383834,30.696264266967773,76872,0.0,0.0
2022-04-07 00:00:00-04:00,30.6110215895072,31.301496311062763,30.517254479272285,31.045766830444336,77773,0.0,0.0
2022-04-08 00:00:00-04:00,30.883800560126723,31.318543967726,30.099560564390234,30.832656860351562,103997,0.0,0.0
2022-04-11 00:00:00-04:00,30.662164618964184,31.241820588439953,30.45757886741347,30.568397521972656,157234,0.0,0.0
2022-04-12 00:00:00-04:00,30.713306819648253,31.26739271267351,30.576916333367652,30.994611740112305,129659,0.0,0.0
2022-04-13 00:00:00-04:00,30.841180893552004,31.13953378271928,30.755937733778268,30.90085220336914,70007,0.0,0.0
2022-04-14 00:00:00-04:00,30.98609727898031,31.207730972062762,30.866754651967206,31.037240982055664,88240,0.0,0.0
2022-04-18 00:00:00-04:00,30.909370132869626,31.03723301766606,30.619541250140355,30.704784393310547,64154,0.0,0.0
2022-04-19 00:00:00-04:00,30.58544940996505,31.113958095525756,30.559875730194992,30.772985458374023,67193,0.0,0.0
2022-04-20 00:00:00-04:00,31.054290900607867,31.48903431326761,30.764461958834705,31.224777221679688,103209,0.0,0.0
2022-04-21 00:00:00-04:00,31.32706766178163,31.32706766178163,30.576923472023083,30.628070831298828,88915,0.0,0.0
2022-04-22 00:00:00-04:00,30.77298088505116,30.77298088505116,30.142177574156978,30.15070152282715,85539,0.0,0.0
2022-04-25 00:00:00-04:00,30.091034538658604,30.628070831298828,29.55400007597757,30.628070831298828,122005,0.0,0.0
2022-04-26 00:00:00-04:00,30.46610757204836,30.52577888305518,29.60514651728265,29.647769927978516,100170,0.0,0.0
2022-04-27 00:00:00-04:00,29.835302291638317,30.091031744433508,29.213021067976033,29.818252563476562,191562,0.0,0.0
2022-04-28 00:00:00-04:00,30.252994576339557,30.312664047343883,29.83530095947354,30.295616149902344,108837,0.0,0.0
2022-04-29 00:00:00-04:00,30.039888175954488,30.116607382780522,29.724485569034787,29.860876083374023,123919,0.0,0.0
2022-05-02 00:00:00-04:00,29.920544204156123,30.184799425074154,28.675985468261977,28.786802291870117,151719,0.0,0.0
2022-05-03 00:00:00-04:00,28.77828403306204,29.20450168430877,28.47993112820154,28.744186401367188,96006,0.0,0.0
2022-05-04 00:00:00-04:00,28.786806454370673,29.136304873228813,28.428782255572223,29.1192569732666,85651,0.0,0.0
2022-05-05 00:00:00-04:00,28.914667798410953,28.914667798410953,27.840595396123987,27.934364318847656,121893,0.0,0.0
2022-05-06 00:00:00-04:00,27.823548597213904,27.97698699503591,26.885866652809938,27.28651237487793,141589,0.0,0.0
2022-05-09 00:00:00-04:00,27.141604053829912,27.93436984476922,27.141604053829912,27.75535774230957,120767,0.0,0.0
2022-05-10 00:00:00-04:00,27.746830250937386,28.292390438814934,27.746830250937386,27.95993995666504,180419,0.0,0.0
2022-05-11 00:00:00-04:00,28.113377278414163,28.18157252802204,27.05635456940993,27.090452194213867,160047,0.0,0.0
2022-05-12 00:00:00-04:00,27.2183165415305,28.34353448471315,27.2183165415305,28.326486587524414,186272,0.0,0.0
2022-05-13 00:00:00-04:00,28.394683902748138,29.161875931255224,28.156000515022235,28.48845100402832,153857,0.0,0.0
2022-05-16 00:00:00-04:00,28.445828482836824,29.43465596778494,28.445828482836824,29.28974151611328,150481,0.0,0.0
2022-05-17 00:00:00-04:00,29.400556085903712,29.400556085903712,28.812376168771717,28.99138641357422,126620,0.0,0.0
2022-05-18 00:00:00-04:00,28.65041436600184,28.81237855657005,27.34618604173734,27.68716049194336,164437,0.0,0.0
2022-05-19 00:00:00-04:00,27.405858463816593,27.53372320161394,26.81767664403859,26.945541381835938,191562,0.0,0.0
2022-05-20 00:00:00-04:00,27.18422306996574,27.192747019288454,26.468174727676466,27.133075714111328,437035,0.0,0.0
2022-05-23 00:00:00-04:00,27.124555755370398,27.806506570738787,27.0393125896841,27.320615768432617,107936,0.0,0.0
2022-05-24 00:00:00-04:00,27.29504152432982,28.948770250316866,27.081933614505154,28.63336944580078,183796,0.0,0.0
2022-05-25 00:00:00-04:00,28.548123798188907,28.67599037111499,27.88322274285919,28.01961326599121,121442,0.0,0.0
2022-05-26 00:00:00-04:00,27.678632817713158,28.26681453439745,27.46552312877792,27.76387596130371,174904,0.0,0.0
2022-05-27 00:00:00-04:00,27.976989934492376,28.224197284711675,27.71273468492788,28.173049926757812,115590,0.0,0.0
2022-05-31 00:00:00-04:00,28.181577673267647,28.300918466890586,27.65306530729303,28.190101623535156,190661,0.0,0.0
2022-06-01 00:00:00-04:00,28.20714566189048,28.30943854097225,27.636013622778872,28.1560001373291,538781,0.0,0.0
2022-06-02 00:00:00-04:00,28.317965918622367,28.317965918622367,27.431431185829364,27.738309860229492,107261,0.0,0.0
2022-06-03 00:00:00-04:00,27.60191712718217,27.925843675898523,27.192747424051706,27.508148193359375,100395,0.0,0.0
2022-06-06 00:00:00-04:00,27.653058889555584,27.653058889555584,27.303560540066048,27.51667022705078,76872,0.0,0.0
2022-06-07 00:00:00-04:00,27.27798870259159,27.661586530993716,27.14160003090011,27.491098403930664,80024,0.0,0.0
2022-06-08 00:00:00-04:00,27.414383049491867,27.567821470391014,27.303566208847016,27.52519989013672,109287,0.0,0.0
2022-06-09 00:00:00-04:00,27.414379119873047,27.746829594153645,27.414379119873047,27.414379119873047,102984,0.0,0.0
2022-06-10 00:00:00-04:00,27.414383339505317,28.05371071000153,27.32061439798652,27.832077026367188,118291,0.0,0.0
2022-06-13 00:00:00-04:00,27.41438485149822,27.721261713468184,27.303568003569136,27.405860900878906,111200,0.0,0.0
2022-06-14 00:00:00-04:00,27.405855347057688,27.76387767014932,27.20126959389764,27.559293746948242,128195,0.0,0.0
2022-06-15 00:00:00-04:00,27.832072828097804,28.04518252943688,27.35470790228022,27.491098403930664,119079,0.0,0.0
2022-06-16 00:00:00-04:00,27.414382925589862,27.610442925857186,27.201273195322344,27.42290687561035,153970,0.0,0.0
2022-06-17 00:00:00-04:00,27.72209702744781,28.055480234363696,27.59387356406161,27.64516258239746,182670,0.079964,0.0
2022-06-21 00:00:00-04:00,27.969997364381186,28.294830865814216,27.662257755259688,28.098220825195312,143052,0.0,0.0
2022-06-22 00:00:00-04:00,27.9443510639165,28.662408294308474,27.756288892883614,28.602569580078125,183683,0.0,0.0
2022-06-23 00:00:00-04:00,28.833374259902648,29.337722082499013,28.405960882025948,29.05562973022461,143727,0.0,0.0
2022-06-24 00:00:00-04:00,29.474493930568894,29.893361261032528,29.089821724115616,29.86771583557129,625333,0.0,0.0
2022-06-27 00:00:00-04:00,30.175453345569686,30.688350839899023,29.995940874138157,30.414806365966797,195276,0.0,0.0
2022-06-28 00:00:00-04:00,30.645609690832835,30.842221559236904,29.79078114523278,29.90190887451172,96456,0.0,0.0
2022-06-29 00:00:00-04:00,29.919007549837602,30.483194080613615,29.671104821713914,30.132713317871094,137425,0.0,0.0
2022-06-30 00:00:00-04:00,29.919010669798826,30.431906401657194,29.850624082859497,30.218198776245117,180419,0.0,0.0
2022-07-01 00:00:00-04:00,30.278038236268365,30.67980806800546,30.047234876044936,30.500293731689453,129096,0.0,0.0
2022-07-05 00:00:00-04:00,30.440448960159422,30.585769964540553,29.910453953260586,30.278030395507812,113451,0.0,0.0
2022-07-06 00:00:00-04:00,30.27803519966037,30.577225118483273,30.03868399863931,30.3977108001709,82950,0.0,0.0
2022-07-07 00:00:00-04:00,30.303677518867563,30.645608557443083,30.218193382903955,30.44045066833496,113676,0.0,0.0
2022-07-08 00:00:00-04:00,30.320771904747158,30.577220631116337,30.013034167141303,30.0985164642334,57176,0.0,0.0
2022-07-11 00:00:00-04:00,30.013036192305936,30.158357208223936,29.919006026178412,29.953197479248047,41081,0.0,0.0
2022-07-12 00:00:00-04:00,30.055780248375523,30.474645774981543,29.97029793725426,30.0728759765625,62016,0.0,0.0
2022-07-13 00:00:00-04:00,29.953199489618413,30.47464487523041,29.76513730964818,30.320775985717773,57964,0.0,0.0
2022-07-14 00:00:00-04:00,30.004492424279274,30.12416803163627,29.636915902680933,30.04723358154297,66067,0.0,0.0
2022-07-15 00:00:00-04:00,30.35496844245526,30.35496844245526,29.884812087896265,30.184003829956055,68543,0.0,0.0
2022-07-18 00:00:00-04:00,30.2181993872139,30.278038110768993,29.662562486057592,29.765140533447266,50648,0.0,0.0
2022-07-19 00:00:00-04:00,30.098520321813126,30.184004464954196,29.807878272338364,29.97029685974121,85314,0.0,0.0
2022-07-20 00:00:00-04:00,30.081422892340665,30.081422892340665,29.465945537974868,29.551427841186523,134386,0.0,0.0
2022-07-21 00:00:00-04:00,29.22659451447474,29.33772040820065,28.628212883447873,29.277883529663086,91954,0.0,0.0
2022-07-22 00:00:00-04:00,29.619814075717937,29.850619227872716,29.200948592706602,29.346269607543945,72708,0.0,0.0
2022-07-25 00:00:00-04:00,29.406106770335096,29.41465646871488,28.850469965392985,29.183853149414062,87902,0.0,0.0
2022-07-26 00:00:00-04:00,29.06418004965916,29.19240351523173,28.722247137945956,29.098371505737305,52224,0.0,0.0
2022-07-27 00:00:00-04:00,29.012887444311406,29.645460540162745,28.78208411915478,29.59417152404785,64267,0.0,0.0
2022-07-28 00:00:00-04:00,29.448851208909886,30.551578844969573,29.363367066548424,30.51738739013672,94543,0.0,0.0
2022-07-29 00:00:00-04:00,30.303679646284735,30.320775373621846,29.876264441739664,30.02158546447754,56050,0.0,0.0
2022-08-01 00:00:00-04:00,29.91045284730901,30.48318898106757,29.790777270212214,30.303674697875977,51323,0.0,0.0
2022-08-02 00:00:00-04:00,30.773837026987458,30.773837026987458,30.26948736247788,30.525936126708984,67643,0.0,0.0
2022-08-03 00:00:00-04:00,30.602866790985505,30.696896953031825,30.303676908867867,30.654157638549805,56163,0.0,0.0
2022-08-04 00:00:00-04:00,30.65416101125663,30.705450029371036,30.40625827924206,30.577224731445312,46709,0.0,0.0
2022-08-05 00:00:00-04:00,30.679806353115094,30.679806353115094,30.20964995905258,30.594322204589844,45583,0.0,0.0
2022-08-08 00:00:00-04:00,30.474646989273175,30.551581439366476,30.021588153147444,30.04723358154297,77322,0.0,0.0
2022-08-09 00:00:00-04:00,29.936102125266142,30.30367860126932,29.919006398518572,30.28658103942871,58526,0.0,0.0
2022-08-10 00:00:00-04:00,30.52593478911706,30.52593478911706,29.25224072281832,29.303529739379883,121330,0.0,0.0
2022-08-11 00:00:00-04:00,29.39756349688524,29.953200353894157,29.35482050626007,29.70530128479004,54137,0.0,0.0
2022-08-12 00:00:00-04:00,29.85061985911107,29.936102163143165,29.66255768918464,29.90190887451172,43445,0.0,0.0
2022-08-15 00:00:00-04:00,29.89336374035216,30.440454573310923,29.75659057333917,30.423357009887695,69106,0.0,0.0
2022-08-16 00:00:00-04:00,30.243838870021996,30.816573223193647,30.243838870021996,30.808025360107422,63929,0.0,0.0
2022-08-17 00:00:00-04:00,30.85077130900476,30.85077130900476,30.45754938324594,30.543031692504883,62578,0.0,0.0
2022-08-18 00:00:00-04:00,30.414809145722685,30.57722590523071,30.184005802708167,30.423357009887695,45245,0.0,0.0
2022-08-19 00:00:00-04:00,30.4148116684117,30.66271076031768,30.064330857644357,30.466100692749023,70344,0.0,0.0
2022-08-22 00:00:00-04:00,30.286582708468398,30.722545785673084,30.19255253598884,30.7054500579834,66855,0.0,0.0
2022-08-23 00:00:00-04:00,30.705450836957677,30.739642293204465,30.25239202056954,30.34642219543457,57288,0.0,0.0
2022-08-24 00:00:00-04:00,30.166905602420993,30.842221679198925,30.166905602420993,30.78238296508789,63254,0.0,0.0
2022-08-25 00:00:00-04:00,30.85076839953361,31.45769604120172,30.7225431126447,31.449148178100586,56726,0.0,0.0
2022-08-26 00:00:00-04:00,31.355118884664137,31.355118884664137,30.55157752370143,30.688350677490234,73158,0.0,0.0
2022-08-29 00:00:00-04:00,30.414809256666658,30.936254663939255,30.235294933080592,30.919158935546875,70682,0.0,0.0
2022-08-30 00:00:00-04:00,30.902065398519888,31.073030034940203,30.48319800208476,30.500293731689453,91842,0.0,0.0
2022-08-31 00:00:00-04:00,30.713995638461352,30.842220926973926,30.50028804766907,30.62851333618164,73383,0.0,0.0
2022-09-01 00:00:00-04:00,30.508838194292913,30.508838194292913,30.132713833999784,30.44900131225586,75747,0.0,0.0
2022-09-02 00:00:00-04:00,30.534482753653897,30.611417196297158,30.081423961400677,30.184003829956055,78110,0.0,0.0
2022-09-06 00:00:00-04:00,30.13271232361788,30.278033342141537,29.56852581145766,29.756587982177734,81037,0.0,0.0
2022-09-07 00:00:00-04:00,29.9446471052388,30.269482398001283,29.594168224824212,30.166902542114258,83400,0.0,0.0
2022-09-08 00:00:00-04:00,29.842071666110698,29.876264956467132,29.440303715835586,29.69675064086914,61340,0.0,0.0
2022-09-09 00:00:00-04:00,29.919005281914078,30.16690432106028,29.63691112036285,30.055776596069336,56726,0.0,0.0
2022-09-12 00:00:00-04:00,30.149811118705646,30.457548895181045,29.833523643366835,30.354969024658203,68206,0.0,0.0
2022-09-13 00:00:00-04:00,30.06432612243674,30.38061358879867,29.636912760028782,29.83352279663086,83288,0.0,0.0
2022-09-14 00:00:00-04:00,29.876262913873184,30.064325080429484,29.671103185761037,29.842069625854492,102872,0.0,0.0
2022-09-15 00:00:00-04:00,29.807874778384484,29.807874778384484,29.209495022002187,29.406105041503906,99495,0.0,0.0
2022-09-16 00:00:00-04:00,29.38046507187051,29.38046507187051,28.953049858900673,29.05562973022461,211708,0.0,0.0
2022-09-19 00:00:00-04:00,29.14111160249766,29.654009116345406,28.953049425432567,29.619815826416016,105235,0.0,0.0
2022-09-20 00:00:00-04:00,29.440302978555607,29.67110447126854,29.294980121860267,29.54288101196289,118854,0.0,0.0
2022-09-21 00:00:00-04:00,29.756584930223795,30.201095803624625,29.756584930223795,29.91045379638672,67305,0.0,0.0
2022-09-22 00:00:00-04:00,29.87626398251803,30.08142371796854,29.68820180923493,29.961748123168945,59990,0.0,0.0
2022-09-23 00:00:00-04:00,29.807881329554295,29.86772005238103,29.124019124844843,29.68820571899414,92742,0.0,0.0
2022-09-26 00:00:00-04:00,29.508684564804184,29.978840868800688,29.30352668485002,29.457395553588867,106473,0.0,0.0
2022-09-27 00:00:00-04:00,29.517234727554605,29.67110176362435,28.799177548671594,28.87611198425293,71807,0.0,0.0
2022-09-28 00:00:00-04:00,28.833375239752236,29.833524890189327,28.619667626004855,29.559980392456055,129321,0.0,0.0
2022-09-29 00:00:00-04:00,29.594168820382382,29.594168820382382,28.799177215125468,28.92740249633789,64829,0.0,0.0
2022-09-30 00:00:00-04:00,28.88466116093207,29.081273025332337,28.431602389657805,28.448699951171875,103547,0.0,0.0
2022-10-03 00:00:00-04:00,28.78208182302815,29.081271702531765,28.66240623824529,28.87611198425293,75747,0.0,0.0
2022-10-04 00:00:00-04:00,29.192399894190356,30.252388118833416,29.192399894190356,30.107067108154297,165450,0.0,0.0
2022-10-05 00:00:00-04:00,29.782231710400694,29.884809735789503,28.927403209905325,28.953046798706055,112101,0.0,0.0
2022-10-06 00:00:00-04:00,28.95304518321345,29.269332609944396,28.39740659713977,28.662405014038086,138663,0.0,0.0
2022-10-07 00:00:00-04:00,28.370980729047087,29.013828991872238,28.285268363349825,28.619548797607422,230504,0.079964,0.0
2022-10-10 00:00:00-04:00,28.499549859790687,30.025239838037507,28.499549859790687,29.896671295166016,87902,0.0,0.0
2022-10-11 00:00:00-04:00,29.810960058286447,30.51380439655945,29.425250735052074,30.290950775146484,97469,0.0,0.0
2022-10-12 00:00:00-04:00,30.470950038238538,30.60809130271294,30.102384269987578,30.162384033203125,86327,0.0,0.0
2022-10-13 00:00:00-04:00,29.956670997089066,31.250936571250836,29.862387761372975,30.976654052734375,100283,0.0,0.0
2022-10-14 00:00:00-04:00,31.113797879469857,31.25951001944776,30.779517412467396,31.130943298339844,80024,0.0,0.0
2022-10-17 00:00:00-04:00,31.310943829443023,31.782363800966632,31.30237295869511,31.610939025878906,128983,0.0,0.0
2022-10-18 00:00:00-04:00,31.81664824334988,32.262355564516874,31.448082432382392,32.09092712402344,90266,0.0,0.0
2022-10-19 00:00:00-04:00,32.07378126851249,32.65662979526146,31.988068899295982,32.51091766357422,98932,0.0,0.0
2022-10-20 00:00:00-04:00,32.570925871220645,32.87092108129486,32.33950131031181,32.47664260864258,106473,0.0,0.0
2022-10-21 00:00:00-04:00,32.64806914007553,33.28234307874439,32.62235652528574,32.879493713378906,121442,0.0,0.0
2022-10-24 00:00:00-04:00,32.92234468920441,33.565189361572266,32.92234468920441,33.565189361572266,97357,0.0,0.0
2022-10-25 00:00:00-04:00,33.42804726737276,34.39660336716853,33.35947663092193,34.276607513427734,133823,0.0,0.0
2022-10-26 00:00:00-04:00,34.11375714429496,34.5423190661579,33.8651871815434,33.89090347290039,96344,0.0,0.0
2022-10-27 00:00:00-04:00,33.88232781462923,33.95946931767032,32.930913490413126,33.66804504394531,131122,0.0,0.0
2022-10-28 00:00:00-04:00,33.642323833543536,34.84230422973633,33.642323833543536,34.84230422973633,122793,0.0,0.0
2022-10-31 00:00:00-04:00,34.7651692375986,35.31373059232805,34.28517483215448,34.61945343017578,105460,0.0,0.0
2022-11-01 00:00:00-04:00,34.58516864920572,34.842305739504795,33.31661757425685,34.09660339355469,277888,0.0,0.0
2022-11-02 00:00:00-04:00,34.028045239585566,34.31946587853443,33.453767472110165,33.642333984375,167476,0.0,0.0
2022-11-03 00:00:00-04:00,33.4280530268754,34.233755383943404,33.05948717247403,33.959476470947266,85314,0.0,0.0
2022-11-04 00:00:00-04:00,34.225175561937995,34.33660421625117,33.788039173596545,34.28517532348633,82275,0.0,0.0
2022-11-07 00:00:00-05:00,34.35374917248505,34.51660305475727,33.88232926484142,34.40517807006836,84638,0.0,0.0
2022-11-08 00:00:00-05:00,34.37089301857751,35.416590693132164,34.37089301857751,35.1937370300293,163649,0.0,0.0
2022-11-09 00:00:00-05:00,35.02230628027517,35.68229628664047,35.02230628027517,35.25373077392578,102984,0.0,0.0
2022-11-10 00:00:00-05:00,35.89658714321398,36.03372475256964,35.17659721378964,35.72515869140625,173328,0.0,0.0
2022-11-11 00:00:00-05:00,35.63943896219755,35.63943896219755,34.56802883946536,35.17658996582031,149580,0.0,0.0
2022-11-14 00:00:00-05:00,35.142305416505124,36.03371622669266,35.1165891307831,35.63086700439453,123468,0.0,0.0
2022-11-15 00:00:00-05:00,35.89657866710822,36.367998518119634,35.4337296846537,36.35085678100586,128308,0.0,0.0
2022-11-16 00:00:00-05:00,36.47086070588507,37.190850624911796,36.35943570988059,36.993709564208984,123919,0.0,0.0
2022-11-17 00:00:00-05:00,36.91656982108611,37.319422832275315,36.77942852706701,37.26799392700195,133035,0.0,0.0
2022-11-18 00:00:00-05:00,37.73083068195493,37.9708297079499,37.06226985253373,37.2594108581543,167476,0.0,0.0
2022-11-21 00:00:00-05:00,37.353700755552936,37.902265849974,37.13941797555274,37.84226608276367,153069,0.0,0.0
2022-11-22 00:00:00-05:00,38.2108304336263,38.2622593293036,37.75655228199168,38.03940200805664,176367,0.0,0.0
2022-11-23 00:00:00-05:00,37.910831350213655,37.910831350213655,36.856563018778665,37.10512924194336,141589,0.0,0.0
2022-11-25 00:00:00-05:00,37.070845632082616,37.89368579401958,37.04512934697829,37.69654846191406,115027,0.0,0.0
2022-11-28 00:00:00-05:00,37.54227522927896,37.92798280545734,37.516558937490636,37.550846099853516,133260,0.0,0.0
2022-11-29 00:00:00-05:00,37.71369217312454,37.78226280355328,37.09656017932976,37.42226791381836,441087,0.0,0.0
2022-11-30 00:00:00-05:00,37.37941761644261,38.52796936035156,37.07942245586409,38.52796936035156,188185,0.0,0.0
2022-12-01 00:00:00-05:00,38.493681314778435,38.605106288028956,38.03939951287815,38.51939392089844,113226,0.0,0.0
2022-12-02 00:00:00-05:00,38.23654665349469,39.87366379991099,38.23654665349469,39.47938537597656,198652,0.0,0.0
2022-12-05 00:00:00-05:00,39.230817341714825,39.44509644418395,38.673681371115116,39.16224670410156,182220,0.0,0.0
2022-12-06 00:00:00-05:00,39.08510966463036,39.31653421300525,38.83653969484405,38.99939727783203,128758,0.0,0.0
2022-12-07 00:00:00-05:00,38.870820445168945,39.273669700683335,38.570825300831984,38.75939178466797,203267,0.0,0.0
2022-12-08 00:00:00-05:00,38.6736774470789,38.887960207870044,38.11654521307306,38.313682556152344,128758,0.0,0.0
2022-12-09 00:00:00-05:00,38.09940171266351,38.47654204028101,37.94511870594002,37.95368957519531,133710,0.0,0.0
2022-12-12 00:00:00-05:00,37.97941642858475,38.94797276471059,37.97941642858475,38.92225646972656,141476,0.0,0.0
2022-12-13 00:00:00-05:00,39.08509781744928,39.32509316375195,37.96225521855119,37.979400634765625,218461,0.0,0.0
2022-12-14 00:00:00-05:00,37.885123295801556,38.34797232421432,37.47369948383634,37.747982025146484,166913,0.0,0.0
2022-12-15 00:00:00-05:00,37.60226550756976,37.627978112800164,37.05370048881134,37.276554107666016,175917,0.0,0.0
2022-12-16 00:00:00-05:00,36.99370663912132,37.207989423794636,36.66799886725388,37.002281188964844,644579,0.0,0.0
2022-12-19 00:00:00-05:00,36.993708250497235,37.43941557881648,36.80514174701227,37.19084930419922,164324,0.0,0.0
2022-12-20 00:00:00-05:00,37.32827563739971,37.3712190617039,36.93317769523346,37.19084930419922,135849,0.079964,0.0
2022-12-21 00:00:00-05:00,37.448514441394515,37.79208021502146,37.250967348307825,37.2767333984375,100508,0.0,0.0
2022-12-22 00:00:00-05:00,37.08777357481351,37.242377245123386,36.778562546481,37.17366409301758,86439,0.0,0.0
2022-12-23 00:00:00-05:00,37.07918783710479,37.68042520000458,37.06200678192901,37.37980651855469,100846,0.0,0.0
2022-12-27 00:00:00-05:00,37.31109246239784,37.62888850365672,37.019062471712495,37.05341720581055,75972,0.0,0.0
2022-12-28 00:00:00-05:00,36.98470387427059,37.29391491824958,36.62396441710221,36.63255310058594,94543,0.0,0.0
2022-12-29 00:00:00-05:00,36.97612045562912,37.00189019746249,36.39206039387064,36.735626220703125,97807,0.0,0.0
2022-12-30 00:00:00-05:00,36.69267672337246,36.70985409166868,36.41782776749307,36.5638427734375,125944,0.0,0.0
2023-01-03 00:00:00-05:00,36.769986191250254,37.019069121342106,36.142978991916515,36.984710693359375,131572,0.0,0.0
2023-01-04 00:00:00-05:00,36.95035015632004,38.118466457919794,36.92458041744734,37.78349304199219,133598,0.0,0.0
2023-01-05 00:00:00-05:00,37.86079960959681,38.66817654489949,37.637482741862605,38.65958786010742,132810,0.0,0.0
2023-01-06 00:00:00-05:00,38.90866887940541,40.111143694904065,38.86572545754523,39.60438919067383,126395,0.0,0.0
2023-01-09 00:00:00-05:00,39.60438472114082,39.63873945475188,38.78841923303592,38.89148712158203,101746,0.0,0.0
2023-01-10 00:00:00-05:00,38.69394000956789,39.424015045166016,38.65099658848169,39.424015045166016,96794,0.0,0.0
2023-01-11 00:00:00-05:00,39.595790846640554,39.85346608979173,39.26081745579937,39.32094192504883,109174,0.0,0.0
2023-01-12 00:00:00-05:00,39.372476605865074,39.372476605865074,38.616635568416456,38.7025260925293,109174,0.0,0.0
2023-01-13 00:00:00-05:00,38.6424132620219,38.934443316751015,38.547930347105684,38.7197151184082,87227,0.0,0.0
2023-01-17 00:00:00-05:00,38.71112302287421,39.21788127957998,38.65100222458669,39.01174545288086,105010,0.0,0.0
2023-01-18 00:00:00-05:00,39.149163601086265,39.149163601086265,37.13072317981834,37.34545135498047,117503,0.0,0.0
2023-01-19 00:00:00-05:00,37.345448795342996,37.422750638086065,36.976116949412095,37.027652740478516,67868,0.0,0.0
2023-01-20 00:00:00-05:00,37.259569149582234,37.31969364209896,36.64974291344297,37.12214279174805,101633,0.0,0.0
2023-01-23 00:00:00-05:00,37.15648925053772,37.87797186508165,36.79574609940924,37.62030029296875,84188,0.0,0.0
2023-01-24 00:00:00-05:00,37.59452677376006,37.8006662233483,37.16507419675871,37.491458892822266,78786,0.0,0.0
2023-01-25 00:00:00-05:00,37.5000588815701,37.800677619961604,37.3712212257698,37.7491455078125,69556,0.0,0.0
2023-01-26 00:00:00-05:00,37.646065613781325,37.723367452687356,37.2252016853876,37.43992614746094,68769,0.0,0.0
2023-01-27 00:00:00-05:00,37.47428970491693,37.560180239060216,37.09636914205839,37.52582550048828,117953,0.0,0.0
2023-01-30 00:00:00-05:00,37.5172419450554,38.60806046676925,37.5172419450554,38.032588958740234,129321,0.0,0.0
2023-01-31 00:00:00-05:00,38.29024883302352,38.43626382267878,37.93809438367032,38.41908645629883,100395,0.0,0.0
2023-02-01 00:00:00-05:00,38.36755517281334,39.48413943426112,38.17859305731605,38.87431335449219,481380,0.0,0.0
2023-02-02 00:00:00-05:00,38.64240319603243,39.50131207795205,38.18717717399103,39.35529708862305,227128,0.0,0.0
2023-02-03 00:00:00-05:00,39.40683861613746,40.39458526493915,38.95161621549222,40.300106048583984,256616,0.0,0.0
2023-02-06 00:00:00-05:00,40.197038458029446,40.78968350171354,39.72463499718108,40.59213638305664,147329,0.0,0.0
2023-02-07 00:00:00-05:00,40.60072332898561,40.60072332898561,39.27799959559182,39.66450881958008,140463,0.0,0.0
2023-02-08 00:00:00-05:00,39.406834721376605,39.63874024098991,39.02032552202108,39.217872619628906,83738,0.0,0.0
2023-02-09 00:00:00-05:00,39.47555348020216,39.484142164994225,38.42768230758115,38.65958786010742,114689,0.0,0.0
2023-02-10 00:00:00-05:00,38.54792404174805,38.71111641323503,38.35896561825149,38.54792404174805,96118,0.0,0.0
2023-02-13 00:00:00-05:00,38.64240106428313,39.235045984363204,38.470616347205635,39.07185363769531,92179,0.0,0.0
2023-02-14 00:00:00-05:00,38.91726318180332,39.02033478457368,38.084120112597944,38.109886169433594,85876,0.0,0.0
2023-02-15 00:00:00-05:00,38.419091653572906,38.419091653572906,36.56384364074217,37.84362030029297,149805,0.0,0.0
2023-02-16 00:00:00-05:00,37.58593838547335,38.50497538919591,37.465693138055926,38.44485092163086,108499,0.0,0.0
2023-02-17 00:00:00-05:00,38.66816783769592,39.655914306640625,38.659579154837836,39.655914306640625,126282,0.0,0.0
2023-02-21 00:00:00-05:00,39.65591981368492,39.76758008177173,38.43626767505994,38.565101623535156,182220,0.0,0.0
2023-02-22 00:00:00-05:00,38.56509775824126,38.779825901129165,38.101286739705536,38.41908645629883,150143,0.0,0.0
2023-02-23 00:00:00-05:00,38.539329903797174,39.089035103914526,37.903737875802314,38.42767333984375,123581,0.0,0.0
2023-02-24 00:00:00-05:00,38.2043622081386,38.40190931707257,37.817852986622974,38.161415100097656,85426,0.0,0.0
2023-02-27 00:00:00-05:00,38.178587295326814,38.48779831835683,37.7405423410564,37.80066680908203,73383,0.0,0.0
2023-02-28 00:00:00-05:00,37.5859503881761,38.05835390900521,37.37122218556539,37.8178596496582,156221,0.0,0.0
2023-03-01 00:00:00-05:00,37.88656605460279,38.01540370323916,37.23379650196743,37.465702056884766,107824,0.0,0.0
2023-03-02 00:00:00-05:00,37.35404095591983,37.920923647273035,37.33686358653664,37.54300308227539,116828,0.0,0.0
2023-03-03 00:00:00-05:00,37.79399355156341,37.94470920793728,36.84537517464355,37.838321685791016,156041,0.082363,1.03
2023-03-06 00:00:00-05:00,37.72307092568685,37.74966780790771,37.06701819312339,37.51029586791992,178333,0.0,0.0
2023-03-07 00:00:00-05:00,37.643275412458216,37.65214103871901,36.9783571384492,37.29751968383789,102389,0.0,0.0
2023-03-08 00:00:00-05:00,37.36843965442619,37.8649147071752,36.99608706041505,37.71419906616211,87746,0.0,0.0
2023-03-09 00:00:00-05:00,37.909238355716994,38.13974090740979,37.11133581081072,37.23545455932617,148939,0.0,0.0
2023-03-10 00:00:00-05:00,37.19999912156599,37.82945491297897,37.15567098868121,37.625545501708984,165111,0.0,0.0
2023-03-13 00:00:00-04:00,37.43935992345751,38.61848432895018,37.182260499231404,37.997894287109375,158118,0.0,0.0
2023-03-14 00:00:00-04:00,38.476636030222004,39.34546360536995,38.21953289909701,39.31886672973633,141290,0.0,0.0
2023-03-15 00:00:00-04:00,39.01744040131015,39.77988057023645,38.78693781225158,39.531646728515625,202482,0.0,0.0
2023-03-16 00:00:00-04:00,39.41639339076315,39.859671009570796,39.10609647071225,39.78874969482422,186638,0.0,0.0
2023-03-17 00:00:00-04:00,39.646899329717684,39.70009308697847,38.999712311928896,39.54937744140625,362130,0.0,0.0
2023-03-20 00:00:00-04:00,39.61144331339907,40.693042497104045,39.61144331339907,39.95719909667969,207727,0.0,0.0
2023-03-21 00:00:00-04:00,40.21430530034877,40.25863344196907,39.25682113690207,39.73556137084961,164018,0.0,0.0
2023-03-22 00:00:00-04:00,39.75328386680722,39.80648132057972,38.742609851696606,38.778072357177734,113316,0.0,0.0
2023-03-23 00:00:00-04:00,38.778072321315264,38.902191090384434,38.432312893194,38.653953552246094,130035,0.0,0.0
2023-03-24 00:00:00-04:00,38.65396024399506,39.78875691924623,38.36139452339751,39.673500061035156,97690,0.0,0.0
2023-03-27 00:00:00-04:00,39.99265784980573,40.24089540102851,39.56711145754625,39.708961486816406,108289,0.0,0.0
2023-03-28 00:00:00-04:00,39.64690209901071,40.02812035712327,39.38979892095855,39.708961486816406,77911,0.0,0.0
2023-03-29 00:00:00-04:00,39.85967824686996,40.00152829322029,39.57598184972075,39.673500061035156,70262,0.0,0.0
2023-03-30 00:00:00-04:00,39.67349301772211,39.81534303888952,38.86672471788322,39.407527923583984,114518,0.0,0.0
2023-03-31 00:00:00-04:00,39.5050563021365,39.84194646219505,39.310012490993905,39.81534957885742,127193,0.0,0.0
2023-04-03 00:00:00-04:00,39.75328518458315,40.58665039546401,39.55824509352237,40.48026657104492,182595,0.0,0.0
2023-04-04 00:00:00-04:00,40.57777809430897,40.648703095956115,39.841934897770116,40.19655990600586,98892,0.0,0.0
2023-04-05 00:00:00-04:00,40.09017651630445,40.56891663098536,39.93059524622725,40.31181716918945,84140,0.0,0.0
2023-04-06 00:00:00-04:00,40.38274260437091,40.76396083580635,39.7089587080391,39.921730041503906,121183,0.0,0.0
2023-04-10 00:00:00-04:00,39.80648683335236,39.94833317937029,39.26568354986965,39.84194564819336,161396,0.0,0.0
2023-04-11 00:00:00-04:00,39.8330737794141,40.37387697816193,39.6646305769942,39.921730041503906,123041,0.0,0.0
2023-04-12 00:00:00-04:00,39.93946599333099,40.365016101433696,39.57597897154443,40.267494201660156,126538,0.0,0.0
2023-04-13 00:00:00-04:00,40.30295010915216,40.30295010915216,39.753281309553785,40.107906341552734,115283,0.0,0.0
2023-04-14 00:00:00-04:00,40.03698869509386,40.1699731065398,39.345473451126246,39.49618911743164,110584,0.0,0.0
2023-04-17 00:00:00-04:00,39.67349270846266,39.69122765652112,38.98197755621274,39.292274475097656,94302,0.0,0.0
2023-04-18 00:00:00-04:00,39.38979643074414,39.9394615638653,39.18588702655939,39.912864685058594,131783,0.0,0.0
2023-04-19 00:00:00-04:00,40.08130918036353,40.134502934786745,39.664628466265576,39.74441909790039,102279,0.0,0.0
2023-04-20 00:00:00-04:00,39.76214916968701,39.76214916968701,38.583028263133926,39.03517150878906,169591,0.0,0.0
2023-04-21 00:00:00-04:00,39.301140101351514,39.4607213739209,38.92878379868961,39.292274475097656,149048,0.0,0.0
2023-04-24 00:00:00-04:00,39.29227684843277,39.59370815927091,38.85786483130525,38.96424865722656,132657,0.0,0.0
2023-04-25 00:00:00-04:00,39.04403305053711,39.247942434062914,38.71600860737207,39.04403305053711,145661,0.0,0.0
2023-04-26 00:00:00-04:00,38.92878205236092,39.05290081434698,36.91629606966741,37.102474212646484,197128,0.0,0.0
2023-04-27 00:00:00-04:00,37.155668928510245,37.643274667655646,36.632596989472624,36.69465637207031,125008,0.0,0.0
2023-04-28 00:00:00-04:00,36.61486433504281,36.61486433504281,35.8346929649584,36.24251174926758,198439,0.0,0.0
2023-05-01 00:00:00-04:00,36.01200596676254,36.41095913071976,34.17682880366047,34.602378845214844,416438,0.0,0.0
2023-05-02 00:00:00-04:00,34.25662046763793,34.97473248882682,33.77788035202891,34.0704460144043,330987,0.0,0.0
2023-05-03 00:00:00-04:00,34.14136361652717,34.39846674642343,33.19274911456225,33.6892204284668,344318,0.0,0.0
2023-05-04 00:00:00-04:00,33.538512075361965,33.742421498474755,33.183890687238645,33.44985580444336,153419,0.0,0.0
2023-05-05 00:00:00-04:00,33.6182979858817,34.5935131331293,33.50304484991465,34.35414123535156,173307,0.0,0.0
2023-05-08 00:00:00-04:00,34.11477238439389,34.62897872924805,33.99952293368438,34.62897872924805,117250,0.0,0.0
2023-05-09 00:00:00-04:00,34.540319774792195,34.859482308828355,34.10590779901582,34.71763229370117,142929,0.0,0.0
2023-05-10 00:00:00-04:00,34.90381759375525,35.40029280104249,34.363017938511994,35.23184585571289,123915,0.0,0.0
2023-05-11 00:00:00-04:00,35.12544689054203,35.22296877455072,34.628975540230165,34.85948181152344,132001,0.0,0.0
2023-05-12 00:00:00-04:00,34.824017916908424,34.824017916908424,33.72468405482863,33.77787780761719,123150,0.0,0.0
2023-05-15 00:00:00-04:00,33.85767327916471,33.86653890589744,32.86472678064964,32.997711181640625,171012,0.0,0.0
2023-05-16 00:00:00-04:00,32.99771501260136,33.35233642753045,32.80267120183711,33.12183380126953,142273,0.0,0.0
2023-05-17 00:00:00-04:00,33.17502123717145,33.42325507158683,32.79379931615215,33.32573318481445,137465,0.0,0.0
2023-05-18 00:00:00-04:00,33.059762509853755,33.55623379031194,32.89131564299382,33.263671875,151561,0.0,0.0
2023-05-19 00:00:00-04:00,33.5030487829826,33.62716755936412,32.96224923858558,33.60057067871094,173744,0.0,0.0
2023-05-22 00:00:00-04:00,33.73355839981661,34.09704544227626,33.48532082263835,33.86654281616211,161068,0.0,0.0
2023-05-23 00:00:00-04:00,33.7601490217563,34.238889136259125,33.60943337785056,33.822208404541016,131127,0.0,0.0
2023-05-24 00:00:00-04:00,33.884261343982466,34.726491968925096,33.884261343982466,34.034976959228516,127303,0.0,0.0
2023-05-25 00:00:00-04:00,33.964057783888634,34.80628855315566,33.91086402821594,34.71763229370117,134733,0.0,0.0
2023-05-26 00:00:00-04:00,34.69103637936729,34.797423893667464,34.23888944359155,34.309814453125,127412,0.0,0.0
2023-05-30 00:00:00-04:00,34.13250408055705,34.628979178582476,33.999523374851194,34.2388916015625,112223,0.0,0.0
2023-05-31 00:00:00-04:00,34.37187528870553,34.77969411075353,33.96406016220841,34.63784408569336,192648,0.0,0.0
2023-06-01 00:00:00-04:00,34.63784508026079,34.6821732143649,33.68922670598378,33.73355484008789,152545,0.0,0.0
2023-06-02 00:00:00-04:00,33.937472631658785,34.14137840330419,33.511922439247016,34.07931900024414,170793,0.0,0.0
2023-06-05 00:00:00-04:00,33.84880802003503,34.23889190496067,33.34346729078121,33.361202239990234,126319,0.0,0.0
2023-06-06 00:00:00-04:00,33.41438648042938,33.529639609114994,32.70514015329904,33.42325210571289,176585,0.0,0.0
2023-06-07 00:00:00-04:00,33.529648661324764,34.65557968075468,33.4498580122316,34.49599838256836,162598,0.0,0.0
2023-06-08 00:00:00-04:00,34.495988603426454,34.62010735571873,34.132497971713356,34.56691360473633,134733,0.0,0.0
2023-06-09 00:00:00-04:00,34.63784422584304,34.63784422584304,33.81334464739561,34.132503509521484,119435,0.0,0.0
2023-06-12 00:00:00-04:00,34.08818095505732,34.08818095505732,33.3523339064329,33.44985580444336,147518,0.0,0.0
2023-06-13 00:00:00-04:00,33.29914231880571,34.07931007616036,33.24594855868367,33.875404357910156,171667,0.0,0.0
2023-06-14 00:00:00-04:00,33.981789945569034,34.2122925307713,33.73355241245044,33.8133430480957,162489,0.0,0.0
2023-06-15 00:00:00-04:00,33.90199624442206,33.98178687285245,33.48531185150775,33.66262435913086,158992,0.0,0.0
2023-06-16 00:00:00-04:00,33.8136988101053,34.213596143261974,33.65373839511029,33.88479232788086,385296,0.082363,0.0
2023-06-20 00:00:00-04:00,34.00921371825206,34.00921371825206,33.0850014813193,33.120548248291016,210459,0.0,0.0
2023-06-21 00:00:00-04:00,33.03166951783406,33.62707394734561,33.005009452139646,33.227176666259766,229036,0.0,0.0
2023-06-22 00:00:00-04:00,33.28939311867454,33.28939311867454,32.649555061198456,33.129432678222656,308149,0.0,0.0
2023-06-23 00:00:00-04:00,33.15608477798041,33.38713498762569,32.69397695002873,32.80061721801758,2794868,0.0,0.0
2023-06-26 00:00:00-04:00,33.0316769622548,33.28050429814809,32.81839638863198,33.1827507019043,406713,0.0,0.0
2023-06-27 00:00:00-04:00,33.28050120863043,33.440461623998,32.20521545410156,32.20521545410156,262473,0.0,0.0
2023-06-28 00:00:00-04:00,32.07191498902508,32.07191498902508,31.041064539197706,31.20102310180664,215704,0.0,0.0
2023-06-29 00:00:00-04:00,31.129934526606533,31.547609009275686,31.03218277644543,31.076614379882812,225648,0.0,0.0
2023-06-30 00:00:00-04:00,31.076612189902907,31.512060024127134,31.076612189902907,31.467626571655273,205760,0.0,0.0
2023-07-03 00:00:00-04:00,31.467627061818817,31.974164723557056,31.289893249162862,31.743114471435547,137356,0.0,0.0
2023-07-05 00:00:00-04:00,31.60092633553952,31.60092633553952,30.907766342163086,30.907766342163086,170465,0.0,0.0
2023-07-06 00:00:00-04:00,30.836674340984963,30.85444586928373,30.276814708524956,30.294588088989258,159320,0.0,0.0
2023-07-07 00:00:00-04:00,30.232384449479635,30.57007686179144,29.83248519897461,29.83248519897461,204121,0.0,0.0
2023-07-10 00:00:00-04:00,29.850256804376187,30.116855671454083,29.432584196393638,29.49479103088379,378084,0.0,0.0
2023-07-11 00:00:00-04:00,29.54810857846475,30.276815340547238,29.54810857846475,29.89468765258789,267718,0.0,0.0
2023-07-12 00:00:00-04:00,29.974670455414756,30.66783051569844,29.930238851654245,30.49898338317871,130144,0.0,0.0
2023-07-13 00:00:00-04:00,30.48121013835127,30.730037492661044,30.24127132743258,30.54341697692871,159320,0.0,0.0
2023-07-14 00:00:00-04:00,30.49898302331754,30.534529787639116,29.894689882016472,30.365684509277344,131455,0.0,0.0
2023-07-17 00:00:00-04:00,30.303475343860597,30.854446444189062,30.223495130280977,30.23238182067871,120856,0.0,0.0
2023-07-18 00:00:00-04:00,30.30347536321705,30.685599346232625,30.285701982410227,30.6145076751709,90041,0.0,0.0
2023-07-19 00:00:00-04:00,30.61450979746285,31.16548093633827,30.570076342365528,31.085500717163086,145005,0.0,0.0
2023-07-20 00:00:00-04:00,31.156589180551435,31.49428338439604,30.88999034547109,31.40541648864746,128833,0.0,0.0
2023-07-21 00:00:00-04:00,31.520949789927414,31.520949789927414,30.810016333181824,30.818904876708984,109273,0.0,0.0
2023-07-24 00:00:00-04:00,30.65894110760445,30.747806159416236,30.23238182067871,30.23238182067871,91571,0.0,0.0
2023-07-25 00:00:00-04:00,30.196837887356814,30.490096845783476,29.98355915000081,30.161291122436523,92663,0.0,0.0
2023-07-26 00:00:00-04:00,30.347907623899623,31.165477552422367,30.1257403725357,30.59673309326172,128505,0.0,0.0
2023-07-27 00:00:00-04:00,30.401226043701172,30.703371654698923,30.09019374261038,30.401226043701172,207618,0.0,0.0
2023-07-28 00:00:00-04:00,30.543412481051654,30.543412481051654,30.010212938181443,30.08130645751953,117796,0.0,0.0
2023-07-31 00:00:00-04:00,30.02799051616379,31.014407617548727,29.956895139105796,30.97886085510254,125991,0.0,0.0
2023-08-01 00:00:00-04:00,30.934425706848195,31.147704417672117,30.74780521423244,30.925539016723633,102279,0.0,0.0
2023-08-02 00:00:00-04:00,30.783353940457403,31.387647055350186,30.783353940457403,31.06772804260254,111130,0.0,0.0
2023-08-03 00:00:00-04:00,31.103269710756514,31.103269710756514,30.44565837243171,30.525638580322266,120637,0.0,0.0
2023-08-04 00:00:00-04:00,30.42788652245334,30.578960256063027,30.223494499735175,30.39234161376953,70590,0.0,0.0
2023-08-07 00:00:00-04:00,30.35679168155205,30.498978718770438,30.036872699976122,30.472318649291992,60756,0.0,0.0
2023-08-08 00:00:00-04:00,30.312360939626103,30.312360939626103,29.74361462687502,29.876914978027344,89276,0.0,0.0
2023-08-09 00:00:00-04:00,29.78804842911096,29.992440451126605,29.574767864748004,29.86802864074707,85670,0.0,0.0
2023-08-10 00:00:00-04:00,29.859144005194235,29.965784294713707,29.548109827429105,29.672523498535156,72448,0.0,0.0
2023-08-11 00:00:00-04:00,29.60143048465045,29.83248258265335,29.432583367219646,29.610315322875977,88183,0.0,0.0
2023-08-14 00:00:00-04:00,29.645863918418925,29.832484428176798,29.325944896713967,29.708070755004883,92554,0.0,0.0
2023-08-15 00:00:00-04:00,29.610313977127245,29.73472763694814,29.450355409523006,29.548107147216797,81955,0.0,0.0
2023-08-16 00:00:00-04:00,29.512564631303224,29.583658156962713,29.01491180385245,29.20153045654297,98783,0.0,0.0
2023-08-17 00:00:00-04:00,29.405927389566457,29.414814081194645,28.95270796869473,29.174875259399414,106650,0.0,0.0
2023-08-18 00:00:00-04:00,29.112665189456173,29.441470891069272,29.059345045600164,29.254850387573242,118233,0.0,0.0
2023-08-21 00:00:00-04:00,29.11266325715886,29.17487008752868,28.8105176475281,28.872722625732422,104355,0.0,0.0
2023-08-22 00:00:00-04:00,28.7838581819705,28.88161178089513,28.52614600060759,28.668333053588867,93319,0.0,0.0
2023-08-23 00:00:00-04:00,28.641672779249312,28.86383819580078,28.4195055105322,28.86383819580078,91789,0.0,0.0
2023-08-24 00:00:00-04:00,28.766083660819273,29.157096163686543,28.428389445109186,28.455049514770508,106213,0.0,0.0
2023-08-25 00:00:00-04:00,28.41061924156194,28.819405169904535,28.401732550681324,28.757198333740234,150031,0.0,0.0
2023-08-28 00:00:00-04:00,28.801628294071158,28.95270202071408,28.535029452160856,28.606122970581055,100859,0.0,0.0
2023-08-29 00:00:00-04:00,28.677217061998803,29.859141272854227,28.561690092257642,29.405921936035156,429551,0.0,0.0
2023-08-30 00:00:00-04:00,29.334832233855902,29.556999512271183,28.890499529191064,29.023799896240234,101624,0.0,0.0
2023-08-31 00:00:00-04:00,28.95270344966275,29.077117113038483,28.40173050687861,28.57057762145996,102935,0.0,0.0
2023-09-01 00:00:00-04:00,28.694989464426044,28.792743050876922,28.144016556595616,28.23288345336914,114081,0.0,0.0
2023-09-05 00:00:00-04:00,28.090698216109008,28.161791738077234,27.441973532479988,27.708572387695312,138121,0.0,0.0
2023-09-06 00:00:00-04:00,27.779665841802625,28.108471527936935,27.548611895970307,27.806325912475586,84140,0.0,0.0
2023-09-07 00:00:00-04:00,27.81521316499335,27.93962683064889,27.388653877768487,27.504179000854492,94084,0.0,0.0
2023-09-08 00:00:00-04:00,27.450862396024732,27.548614144304565,26.95320955501324,27.03318977355957,121183,0.0,0.0
2023-09-11 00:00:00-04:00,27.148716613889775,27.397542107011077,26.93543603221522,27.370882034301758,87855,0.0,0.0
2023-09-12 00:00:00-04:00,27.424202754418047,27.424202754418047,26.624404260709362,26.784364700317383,160412,0.0,0.0
2023-09-13 00:00:00-04:00,26.7399294268956,27.25535377070328,26.713267503274558,27.068735122680664,101405,0.0,0.0
2023-09-14 00:00:00-04:00,27.006528289284596,27.264240461188436,26.99764159879944,27.068735122680664,81736,0.0,0.0
2023-09-15 00:00:00-04:00,26.855453259471705,27.050960440742493,26.49998750932668,26.76658821105957,443429,0.0,0.0
2023-09-18 00:00:00-04:00,26.917658755625524,27.388651453175374,26.811018480218298,27.326444625854492,80097,0.0,0.0
2023-09-19 00:00:00-04:00,27.210922954838257,27.34422146379249,26.90877546963322,26.953208923339844,72448,0.0,0.0
2023-09-20 00:00:00-04:00,27.202035049436144,27.202035049436144,26.766590897237478,27.03318977355957,59554,0.0,0.0
2023-09-21 00:00:00-04:00,26.970978604853315,27.41531122879887,26.775471435364498,27.237577438354492,136919,0.0,0.0
2023-09-22 00:00:00-04:00,27.344223920923024,27.80633002883076,27.273130388604017,27.513071060180664,92991,0.0,0.0
2023-09-25 00:00:00-04:00,27.361995280305283,27.361995280305283,26.81102229774884,26.846569061279297,56603,0.0,0.0
2023-09-26 00:00:00-04:00,26.775473469398502,26.81990692038504,26.49998792544748,26.659948348999023,114955,0.0,0.0
2023-09-27 00:00:00-04:00,26.766589553477303,26.87322798735317,26.57108236240129,26.588855743408203,91898,0.0,0.0
2023-09-28 00:00:00-04:00,26.80213341721366,26.891000318779653,26.606628085933995,26.757699966430664,90587,0.0,0.0
2023-09-29 00:00:00-04:00,26.76658976731363,26.828794749169177,26.499989050080128,26.53553581237793,92226,0.0,0.0
2023-10-02 00:00:00-04:00,26.588855827239325,27.264240603300117,26.48221554086164,27.113168716430664,168826,0.0,0.0
2023-10-03 00:00:00-04:00,26.91766243998051,27.966286401852436,26.8643422949787,27.42420196533203,184015,0.0,0.0
2023-10-04 00:00:00-04:00,27.34422113763319,27.957400939305,26.68660973495037,27.868532180786133,163144,0.0,0.0
2023-10-05 00:00:00-04:00,27.93073670017591,28.152903947644557,27.584157646290283,27.593046188354492,126429,0.0,0.0
2023-10-06 00:00:00-04:00,27.441535321766203,27.575223182931293,26.969173403199374,27.298934936523438,74196,0.082363,0.0
2023-10-09 00:00:00-04:00,27.227637785179457,27.699997866732417,27.227637785179457,27.3524112701416,88074,0.0,0.0
2023-10-10 00:00:00-04:00,27.530661759444538,27.6376120530263,27.343498745676456,27.3524112701416,68295,0.0,0.0
2023-10-11 00:00:00-04:00,27.352410080989475,27.521748038465258,27.102861264364464,27.298934936523438,68295,0.0,0.0
2023-10-12 00:00:00-04:00,27.28111074422757,27.28111074422757,26.63050018124624,26.817663192749023,112879,0.0,0.0
2023-10-13 00:00:00-04:00,26.853311394503457,27.290025087389928,26.853311394503457,27.147424697875977,68295,0.0,0.0
2023-10-16 00:00:00-04:00,27.200897327886462,27.441535479365633,26.969173558085984,27.334585189819336,72776,0.0,0.0
2023-10-17 00:00:00-04:00,27.35240972153985,27.628696106767084,27.281109529855456,27.325672149658203,93647,0.0,0.0
2023-10-18 00:00:00-04:00,27.414798941397628,27.842598258174764,27.138512540527987,27.3524112701416,71246,0.0,0.0
2023-10-19 00:00:00-04:00,27.298936051288628,27.298936051288628,26.514637615525874,26.657238006591797,161724,0.0,0.0
2023-10-20 00:00:00-04:00,26.657238006591797,26.88004926008239,26.470074993317773,26.657238006591797,137137,0.0,0.0
2023-10-23 00:00:00-04:00,26.60376037294653,26.82657346315783,26.069012671538882,26.086835861206055,100749,0.0,0.0
2023-10-24 00:00:00-04:00,26.060094996741796,26.300733103756638,25.988796674435044,26.095745086669922,59444,0.0,0.0
2023-10-25 00:00:00-04:00,25.962065058727134,26.4789896236391,25.908589911575902,26.26508903503418,45239,0.0,0.0
2023-10-26 00:00:00-04:00,26.398772155553957,27.29893139807197,26.398772155553957,27.138507843017578,90915,0.0,0.0
2023-10-27 00:00:00-04:00,27.08503831495554,27.281112002307733,26.76418928084742,27.004825592041016,64799,0.0,0.0
2023-10-30 00:00:00-04:00,27.00482543588323,27.64652350038879,26.90678766399906,27.530662536621094,67093,0.0,0.0
2023-10-31 00:00:00-04:00,27.69108597005677,27.985199284074508,27.55739995759866,27.726736068725586,60100,0.0,0.0
2023-11-01 00:00:00-04:00,27.77129626454473,27.83368393176179,27.441534738232914,27.71782112121582,71137,0.0,0.0
2023-11-02 00:00:00-04:00,27.75347458176284,28.252574122463297,27.343500290749965,27.379150390625,92882,0.0,0.0
2023-11-03 00:00:00-04:00,27.370233893657925,27.89607093295461,27.245460419752582,27.343496322631836,57040,0.0,0.0
2023-11-06 00:00:00-05:00,27.290025039247038,27.370235900657246,27.102862028340155,27.24546241760254,90915,0.0,0.0
2023-11-07 00:00:00-05:00,27.156332659088182,27.31675808130821,26.89787133639451,26.96917152404785,50375,0.0,0.0
2023-11-08 00:00:00-05:00,26.880049063411565,27.058299550939775,26.65723781155119,26.95134925842285,65017,0.0,0.0
2023-11-09 00:00:00-05:00,27.013734262105167,27.191984732035458,26.90678398014699,27.102859497070312,59554,0.0,0.0
2023-11-10 00:00:00-05:00,27.04938565772538,27.36132213756427,26.808747511739824,27.290023803710938,72994,0.0,0.0
2023-11-13 00:00:00-05:00,27.25436915111368,27.57521998064983,27.191983347364598,27.441532135009766,61521,0.0,0.0
2023-11-14 00:00:00-05:00,27.691083730355412,28.662545125407338,27.486097537139294,28.64472007751465,92991,0.0,0.0
2023-11-15 00:00:00-05:00,28.609071263828735,28.733846604669292,28.261484671894213,28.502120971679688,56166,0.0,0.0
2023-11-16 00:00:00-05:00,28.511035290812103,28.929922103881836,28.341699175132852,28.929922103881836,105339,0.0,0.0
2023-11-17 00:00:00-05:00,28.93883177454993,29.794430366115254,28.805143914133527,29.37554359436035,183032,0.0,0.0
2023-11-20 00:00:00-05:00,29.571620703767753,30.828281086209184,29.571620703767753,30.427217483520508,161396,0.0,0.0
2023-11-21 00:00:00-05:00,30.302441559842404,30.587640463479225,30.15984117924911,30.18657875061035,92663,0.0,0.0
2023-11-22 00:00:00-05:00,30.19549238848828,30.961965747357446,30.124192195560944,30.66785430908203,87746,0.0,0.0
2023-11-24 00:00:00-05:00,30.658939041527685,30.819364461258917,30.516338668433253,30.58763885498047,35404,0.0,0.0
2023-11-27 00:00:00-05:00,30.623291082317408,30.74806641747033,29.91029288225747,30.195491790771484,88511,0.0,0.0
2023-11-28 00:00:00-05:00,30.186581060915096,30.195493585384288,29.776606792882106,29.830081939697266,46769,0.0,0.0
2023-11-29 00:00:00-05:00,29.75877887206438,29.865729155373437,28.88535527347323,29.0546932220459,76163,0.0,0.0
2023-11-30 00:00:00-05:00,29.21512099784541,29.64292030795537,29.090345657277954,29.49140739440918,92663,0.0,0.0
2023-12-01 00:00:00-05:00,29.55379554533936,30.186581067694387,29.55379554533936,30.061805725097656,72885,0.0,0.0
2023-12-04 00:00:00-05:00,29.847903134652448,30.7391517513933,29.847903134652448,30.58763885498047,79004,0.0,0.0
2023-12-05 00:00:00-05:00,30.587642153796203,31.34520300246244,30.480693719990875,30.5787296295166,83921,0.0,0.0
2023-12-06 00:00:00-05:00,30.516338668433253,31.00652559339569,30.516338668433253,30.58763885498047,67093,0.0,0.0
2023-12-07 00:00:00-05:00,30.57873061021477,30.83719196506247,30.31135673080163,30.69459342956543,56275,0.0,0.0
2023-12-08 00:00:00-05:00,30.61437945984265,30.81045499228512,30.32918054293072,30.409391403198242,52779,0.0,0.0
2023-12-11 00:00:00-05:00,30.453953919809123,30.95305152786394,30.453953919809123,30.837188720703125,68077,0.0,0.0
2023-12-12 00:00:00-05:00,30.8015451834576,30.8015451834576,30.320270691675447,30.355920791625977,50812,0.0,0.0
2023-12-13 00:00:00-05:00,30.40939072860259,31.06000312336062,30.40939072860259,31.02435302734375,67858,0.0,0.0
2023-12-14 00:00:00-05:00,31.193690398047977,31.20260292241567,30.382656253237222,30.418306350708008,52997,0.0,0.0
2023-12-15 00:00:00-05:00,30.275701452679,30.275701452679,29.58944089365244,29.61617660522461,302467,0.0,0.0
2023-12-18 00:00:00-05:00,29.732040883355257,29.937028923483183,29.60726741213144,29.838991165161133,85998,0.0,0.0
2023-12-19 00:00:00-05:00,29.83899075921882,30.232196940354918,29.83899075921882,29.95516586303711,64580,0.082363,0.0
2023-12-20 00:00:00-05:00,29.928358285168674,29.928358285168674,29.133009321665043,29.347484588623047,126756,0.0,0.0
2023-12-21 00:00:00-05:00,29.392167059722034,29.43684979463593,29.02577049598478,29.186628341674805,64908,0.0,0.0
2023-12-22 00:00:00-05:00,29.222373701430982,29.36535658654656,28.94534075281607,29.08832550048828,76600,0.0,0.0
2023-12-26 00:00:00-05:00,28.96321502757002,29.150882516544012,28.686183930212735,29.043643951416016,54636,0.0,0.0
2023-12-27 00:00:00-05:00,29.15088241579127,29.374294229812385,28.677247284002995,29.347484588623047,102607,0.0,0.0
2023-12-28 00:00:00-05:00,29.347483344405934,29.642389384985808,28.748738441675197,29.33854866027832,149048,0.0,0.0
2023-12-29 00:00:00-05:00,29.41004046439702,29.77643703200516,29.1330093675608,29.704946517944336,81080,0.0,0.0
2024-01-02 00:00:00-05:00,29.588770328329595,31.04541999863435,29.588770328329595,30.875625610351562,115829,0.0,0.0
2024-01-03 00:00:00-05:00,30.77732304972889,32.0284320468209,30.652211404997093,30.93817901611328,132220,0.0,0.0
2024-01-04 00:00:00-05:00,30.938181568013984,31.12584905059122,30.187515362818335,30.241134643554688,104683,0.0,0.0
2024-01-05 00:00:00-05:00,30.187515414694758,30.366246350789744,29.901547779499424,30.2679443359375,79878,0.0,0.0
2024-01-08 00:00:00-05:00,30.38411751106836,30.69689476677603,30.30368859494328,30.59859275817871,56713,0.0,0.0
2024-01-09 00:00:00-05:00,30.375181788695627,30.696895599365234,30.321562509824595,30.696895599365234,60537,0.0,0.0
2024-01-10 00:00:00-05:00,30.804134368896484,30.822007461976376,30.482420556014983,30.804134368896484,50593,0.0,0.0
2024-01-11 00:00:00-05:00,30.741582083992316,31.036486291221618,30.285820020516045,31.027549743652344,81627,0.0,0.0
2024-01-12 00:00:00-05:00,31.11691534867987,31.465438842773438,30.93818439655147,31.465438842773438,48408,0.0,0.0
2024-01-16 00:00:00-05:00,31.34032638075565,31.50118423358807,30.634342862882445,30.6522159576416,64034,0.0,0.0
2024-01-17 00:00:00-05:00,30.401991614257746,30.982863413803628,30.401991614257746,30.446674346923828,34093,0.0,0.0
2024-01-18 00:00:00-05:00,30.366247846672156,30.518169149836748,30.15177257534948,30.38412094116211,53325,0.0,0.0
2024-01-19 00:00:00-05:00,30.31262820839284,30.31262820839284,29.812183431088645,29.838993072509766,52014,0.0,0.0
2024-01-22 00:00:00-05:00,29.678136726241263,30.017723650896084,29.579834708890562,29.981977462768555,68623,0.0,0.0
2024-01-23 00:00:00-05:00,30.16964620532583,30.25901168487883,29.86580543740252,29.937297821044922,68295,0.0,0.0
2024-01-24 00:00:00-05:00,29.937294161729437,30.169642517609784,29.642389977808357,30.017723083496094,52779,0.0,0.0
2024-01-25 00:00:00-05:00,30.16964453511982,30.384121674173457,29.87474033147785,30.07134437561035,71246,0.0,0.0
2024-01-26 00:00:00-05:00,30.035597109597983,30.13389912814209,29.77643724252715,29.838993072509766,58133,0.0,0.0
2024-01-29 00:00:00-05:00,29.97304201234316,29.97304201234316,29.2759950434673,29.526216506958008,64362,0.0,0.0
2024-01-30 00:00:00-05:00,29.418976808104805,29.669200124536403,29.258120824384044,29.597707748413086,55620,0.0,0.0
2024-01-31 00:00:00-05:00,29.49046766744625,29.821118027453558,29.11513457466004,29.12407112121582,80862,0.0,0.0
2024-02-01 00:00:00-05:00,29.043643796583027,29.821119664502824,29.043643796583027,29.65132713317871,78676,0.0,0.0
2024-02-02 00:00:00-05:00,29.445785926703813,29.57983412955665,29.186627930411657,29.30280303955078,88948,0.0,0.0
2024-02-05 00:00:00-05:00,29.302803606772684,29.302803606772684,28.56107206585242,28.57894515991211,74852,0.0,0.0
2024-02-06 00:00:00-05:00,28.489582985720386,28.86491611730325,28.409154058404745,28.668312072753906,60428,0.0,0.0
2024-02-07 00:00:00-05:00,28.65937537506689,29.079391241845975,28.471707878980652,28.58788299560547,66547,0.0,0.0
2024-02-08 00:00:00-05:00,28.578944707582206,29.570897687081356,28.578944707582206,29.356422424316406,67858,0.0,0.0
2024-02-09 00:00:00-05:00,29.32067665349194,29.651327030505573,29.133009166168243,29.597707748413086,102279,0.0,0.0
2024-02-12 00:00:00-05:00,29.544088568622406,29.892612040873694,29.410040362927028,29.65132713317871,54964,0.0,0.0
2024-02-13 00:00:00-05:00,29.463659751792733,29.919421790249086,29.25812103153963,29.37429428100586,67093,0.0,0.0
2024-02-14 00:00:00-05:00,29.508343947764132,29.508343947764132,28.90066057889152,29.106201171875,108508,0.0,0.0
2024-02-15 00:00:00-05:00,29.24024357991044,29.77643259961372,29.106195393706408,29.740686416625977,69060,0.0,0.0
2024-02-16 00:00:00-05:00,29.713880311801724,29.713880311801724,29.13300849430913,29.222373962402344,67858,0.0,0.0
2024-02-20 00:00:00-05:00,29.01683513915544,29.392168265270122,28.784486770629883,28.784486770629883,59772,0.0,0.0
2024-02-21 00:00:00-05:00,28.918532188100595,28.918532188100595,28.41808927774977,28.632564544677734,62176,0.0,0.0
2024-02-22 00:00:00-05:00,28.471706332197538,28.54320057033167,28.024880847395117,28.08743667602539,118124,0.0,0.0
2024-02-23 00:00:00-05:00,28.087436265286897,28.203611373901367,27.470818260061854,28.203611373901367,83812,0.0,0.0
2024-02-26 00:00:00-05:00,28.31978548200364,28.31978548200364,27.89083311252289,27.998071670532227,70372,0.0,0.0
2024-02-27 00:00:00-05:00,28.230425738184714,28.435966349357543,27.75679054021299,28.35553741455078,178770,0.0,0.0
2024-02-28 00:00:00-05:00,28.444900032138072,28.918533319839145,28.328724915787316,28.891725540161133,46659,0.0,0.0
2024-02-29 00:00:00-05:00,29.034706167965076,29.25811983580166,28.730865442263955,29.06151580810547,120965,0.0,0.0
2024-03-01 00:00:00-05:00,29.034707455359992,29.159819114895914,28.587881962431275,29.070453643798828,64471,0.0,0.0
2024-03-04 00:00:00-05:00,29.070455457445995,29.776438998044444,29.070455457445995,29.75856590270996,62723,0.0,0.0
2024-03-05 00:00:00-05:00,29.875690146324548,30.134114998875365,29.248089067366777,29.285005569458008,88055,0.082006,1.03
2024-03-06 00:00:00-05:00,29.451133453914604,29.552657092898293,29.091184987927566,29.414215087890625,94844,0.0,0.0
2024-03-07 00:00:00-05:00,29.524968080248204,29.644950901276168,28.860448702669743,29.109643936157227,87630,0.0,0.0
2024-03-08 00:00:00-05:00,29.07272570869471,29.55265699508902,28.8604488399239,29.3957576751709,93890,0.0,0.0
2024-03-11 00:00:00-04:00,29.6080371587961,30.244867821350674,29.543430012762137,30.041820526123047,119245,0.0,0.0
2024-03-12 00:00:00-04:00,30.11565369013215,30.254095699062354,29.76493480571404,30.069507598876953,89010,0.0,0.0
2024-03-13 00:00:00-04:00,29.967983810260062,30.300243530222232,29.755706922582764,29.774166107177734,84235,0.0,0.0
2024-03-14 00:00:00-04:00,29.737245953827536,29.903376737632396,29.063496962028964,29.24808692932129,96542,0.0,0.0
2024-03-15 00:00:00-04:00,29.118875420730838,29.691100788778805,29.10964582869923,29.377300262451172,163060,0.0,0.0
2024-03-18 00:00:00-04:00,29.321922710261518,29.783394841512536,29.3034635261983,29.377300262451172,69171,0.0,0.0
2024-03-19 00:00:00-04:00,29.46036557181053,29.848002845557602,29.451135979513047,29.774166107177734,61532,0.0,0.0
2024-03-20 00:00:00-04:00,29.875688416556155,30.124883662260434,29.506510343941752,29.857229232788086,68216,0.0,0.0
2024-03-21 00:00:00-04:00,29.737246908039893,30.051049302231483,29.478822066087655,29.93106460571289,81159,0.0,0.0
2024-03-22 00:00:00-04:00,30.06950753718985,30.244866045248003,29.709557194160364,29.79262351989746,52302,0.0,0.0
2024-03-25 00:00:00-04:00,29.903376667789892,30.06950745120674,29.22039808584276,29.23885726928711,51029,0.0,0.0
2024-03-26 00:00:00-04:00,29.386531829833984,29.63572522869103,29.294235903313794,29.386531829833984,52196,0.0,0.0
2024-03-27 00:00:00-04:00,29.580344533308544,29.764932619938797,29.423443352365307,29.497278213500977,60577,0.0,0.0
2024-03-28 00:00:00-04:00,29.49728440459782,29.820316425374248,29.211172623511565,29.561891555786133,83917,0.0,0.0
2024-04-01 00:00:00-04:00,29.626496753774585,29.672642848284237,29.183481920437853,29.285005569458008,76067,0.0,0.0
2024-04-02 00:00:00-04:00,29.36807054806751,29.36807054806751,28.666632762081676,29.0911865234375,87630,0.0,0.0
2024-04-03 00:00:00-04:00,29.026580031667756,29.026580031667756,28.29745350023241,28.64817237854004,94420,0.0,0.0
2024-04-04 00:00:00-04:00,28.89736855605156,29.24808744575914,28.777385728846802,29.05426788330078,83281,0.0,0.0
2024-04-05 00:00:00-04:00,29.00812289538372,29.00812289538372,28.509734251365206,28.934288024902344,81901,0.0,0.0
2024-04-08 00:00:00-04:00,29.017352651516834,29.211170354864038,28.74969820968885,28.96197509765625,86357,0.0,0.0
2024-04-09 00:00:00-04:00,29.072729651826506,29.072729651826506,28.491276515504328,28.602027893066406,68004,0.0,0.0
2024-04-10 00:00:00-04:00,28.426666804874465,28.611254907621287,28.011342639902946,28.500503540039062,106408,0.0,0.0
2024-04-11 00:00:00-04:00,28.685091376553135,28.694320968363048,28.075947655010484,28.19593048095703,86569,0.0,0.0
2024-04-12 00:00:00-04:00,28.149782370984994,28.149782370984994,27.568329295571804,27.6329345703125,74369,0.0,0.0
2024-04-15 00:00:00-04:00,27.69754373342817,27.946737126393803,27.43911888044628,27.919050216674805,119563,0.0,0.0
2024-04-16 00:00:00-04:00,28.002113972488402,28.103637619109158,27.64216547942441,27.81752586364746,84235,0.0,0.0
2024-04-17 00:00:00-04:00,28.00211184487083,28.094405892278743,27.40219960292827,27.522180557250977,77021,0.0,0.0
2024-04-18 00:00:00-04:00,27.679083780706854,27.983654719826177,27.596019318689294,27.80829620361328,67579,0.0,0.0
2024-04-19 00:00:00-04:00,27.74368759307326,28.195930115569155,27.74368759307326,27.872900009155273,104711,0.0,0.0
2024-04-22 00:00:00-04:00,28.048260174230645,28.37128841064993,27.974423441259585,28.112865447998047,69595,0.0,0.0
2024-04-23 00:00:00-04:00,27.91904684322016,28.33437098222843,27.91904684322016,27.983652114868164,54212,0.0,0.0
2024-04-24 00:00:00-04:00,27.826754626543735,28.112866373478617,27.826754626543735,27.974424362182617,61002,0.0,0.0
2024-04-25 00:00:00-04:00,28.04826031489219,28.869679032656435,27.817524258365037,27.863670349121094,96542,0.0,0.0
2024-04-26 00:00:00-04:00,27.87289943146685,27.983652661872796,27.503721374252944,27.522180557250977,61002,0.0,0.0
2024-04-29 00:00:00-04:00,27.53140984523007,27.66985184860681,27.309903386860174,27.47603416442871,63017,0.0,0.0
2024-04-30 00:00:00-04:00,27.531409431745214,27.669851433042744,27.420656204223633,27.420656204223633,66306,0.0,0.0
2024-05-01 00:00:00-04:00,27.411426819014064,27.623705551976467,27.319132773316017,27.448345184326172,76597,0.0,0.0
2024-05-02 00:00:00-04:00,27.50372192540998,27.734457982344694,27.3283634185791,27.3283634185791,53682,0.0,0.0
2024-05-03 00:00:00-04:00,27.439119342285792,27.50372462282744,27.143777982180076,27.1622371673584,65458,0.0,0.0
2024-05-06 00:00:00-04:00,27.162235994599488,27.272987365722656,26.848433595281737,27.272987365722656,96011,0.0,0.0
2024-05-07 00:00:00-04:00,27.429884350773015,27.66984997569469,27.217607498168945,27.217607498168945,65988,0.0,0.0
2024-05-08 00:00:00-04:00,27.291446815331337,27.319135592172415,26.931500186726975,27.033023834228516,59092,0.0,0.0
2024-05-09 00:00:00-04:00,27.10685902156698,27.64216604216952,27.014564965267564,27.623708724975586,73945,0.0,0.0
2024-05-10 00:00:00-04:00,27.54064008258065,27.605247223876837,27.328363210629163,27.568328857421875,71080,0.0,0.0
2024-05-13 00:00:00-04:00,27.549870667416087,27.808295506752955,27.32836419586516,27.439117431640625,66731,0.0,0.0
2024-05-14 00:00:00-04:00,27.568327970020913,27.78983442645604,27.392969470169028,27.71599769592285,72353,0.0,0.0
2024-05-15 00:00:00-04:00,27.80829471581647,27.98365322264735,27.226839777637704,27.3283634185791,66306,0.0,0.0
2024-05-16 00:00:00-04:00,27.32836348156586,27.605247497558594,27.282215523039635,27.605247497558594,63336,0.0,0.0
2024-05-17 00:00:00-04:00,27.688313755356923,27.688313755356923,27.189923241202255,27.319135665893555,83705,0.0,0.0
2024-05-20 00:00:00-04:00,27.226843271571024,27.596021383558462,27.199154492965896,27.55910301208496,64715,0.0,0.0
2024-05-21 00:00:00-04:00,27.503724159900532,27.937507533959987,27.503724159900532,27.919050216674805,73839,0.0,0.0
2024-05-22 00:00:00-04:00,27.762149280116766,28.251310213487695,27.58679075735122,28.232851028442383,86888,0.0,0.0
2024-05-23 00:00:00-04:00,28.094408901648766,28.251310106356478,27.845215507229394,27.94673728942871,74900,0.0,0.0
2024-05-24 00:00:00-04:00,28.08517758084913,28.14978285670458,27.67908300671239,27.697542190551758,51454,0.0,0.0
2024-05-28 00:00:00-04:00,27.623706132533396,27.771375861720905,27.19915052526809,27.263755798339844,62169,0.0,0.0
2024-05-29 00:00:00-04:00,27.13454699351514,27.162235769858032,26.608467713329727,26.6915340423584,77764,0.0,0.0
2024-05-30 00:00:00-04:00,26.83920200094379,26.968414414391706,26.599236357052263,26.709991455078125,85827,0.0,0.0
2024-05-31 00:00:00-04:00,26.72845080275361,27.005332946777344,26.72845080275361,27.005332946777344,148950,0.0,0.0
2024-06-03 00:00:00-04:00,27.10685525459884,27.180691983443424,26.857660029912726,27.088396072387695,77446,0.0,0.0
2024-06-04 00:00:00-04:00,27.023794046522823,27.300676210184065,26.81151529319209,27.282217025756836,54849,0.0,0.0
2024-06-05 00:00:00-04:00,27.300677009622603,27.300677009622603,26.7653699834697,26.848434448242188,51666,0.0,0.0
2024-06-06 00:00:00-04:00,26.949954112566978,27.33758944237348,26.691529314307946,27.097623825073242,58562,0.0,0.0
2024-06-07 00:00:00-04:00,26.90381016988663,27.033022588273834,26.590007781982422,26.590007781982422,53682,0.0,0.0
2024-06-10 00:00:00-04:00,26.61769553950562,26.61769553950562,26.230060166752146,26.442337036132812,91556,0.0,0.0
2024-06-11 00:00:00-04:00,26.31312666349162,26.80228758070524,26.25775097776724,26.737680435180664,89540,0.0,0.0
2024-06-12 00:00:00-04:00,26.737679218220443,27.02379282878493,26.31312546585488,26.562320709228516,91768,0.0,0.0
2024-06-13 00:00:00-04:00,26.543862368544545,26.81151493643071,26.230061840204364,26.68230438232422,87418,0.0,0.0
2024-06-14 00:00:00-04:00,26.5346328547707,26.986875398225347,26.40542043270046,26.968416213989258,126353,0.0,0.0
2024-06-17 00:00:00-04:00,26.820744117893895,26.820744117893895,26.49771586999087,26.62692642211914,103332,0.0,0.0
2024-06-18 00:00:00-04:00,26.765368071211697,26.765368071211697,26.220831491479455,26.303895950317383,98452,0.0,0.0
2024-06-20 00:00:00-04:00,26.183532985808814,26.535362907254417,26.165015325706637,26.461292266845703,90177,0.084834,0.0
2024-06-21 00:00:00-04:00,26.47055357440913,26.76683241677702,26.044654846191406,26.044654846191406,358054,0.0,0.0
2024-06-24 00:00:00-04:00,26.563139967329334,27.914906701807844,26.563139967329334,27.581592559814453,206133,0.0,0.0
2024-06-25 00:00:00-04:00,27.859352214991773,30.55362670811997,27.83157572574339,29.55368995666504,725019,0.0,0.0
2024-06-26 00:00:00-04:00,29.24815396165002,29.831448990212593,28.82225529057315,29.683311462402344,2389359,0.0,0.0
2024-06-27 00:00:00-04:00,29.609241420219252,29.609241420219252,28.525977061399814,28.637081146240234,280714,0.0,0.0
2024-06-28 00:00:00-04:00,28.618564673158364,28.877808173034808,27.924165519237075,28.303770065307617,180035,0.0,0.0
2024-07-01 00:00:00-04:00,28.442652827970946,28.516721602119723,27.738992916311854,27.766769409179688,124762,0.0,0.0
2024-07-02 00:00:00-04:00,27.7482517472678,28.100081703097345,27.350127636658534,27.766769409179688,113835,0.0,0.0
2024-07-03 00:00:00-04:00,27.766767342664203,27.803800790233023,27.41493741301927,27.424196243286133,77552,0.0,0.0
2024-07-05 00:00:00-04:00,27.43345531710277,27.85935401916504,26.68350129982061,27.85935401916504,131339,0.0,0.0
2024-07-08 00:00:00-04:00,27.924166319309897,27.924166319309897,27.090884687831387,27.192729949951172,99831,0.0,0.0
2024-07-09 00:00:00-04:00,27.13717577424365,27.30383284261447,26.87793415183147,26.961261749267578,73202,0.0,0.0
2024-07-10 00:00:00-04:00,27.02607646815953,27.424198711471256,26.933488157157914,27.414939880371094,104923,0.0,0.0
2024-07-11 00:00:00-04:00,27.424196243286133,27.81305962049989,27.285315662781805,27.424196243286133,90177,0.0,0.0
2024-07-12 00:00:00-04:00,27.59085195042635,27.868613116562546,27.396420258230215,27.57233428955078,84448,0.0,0.0
2024-07-15 00:00:00-04:00,27.544559551367517,27.729732412316668,26.979780264624072,27.229764938354492,160726,0.0,0.0
2024-07-16 00:00:00-04:00,27.359384434185078,28.007493185437944,27.303833326076912,27.988975524902344,117229,0.0,0.0
2024-07-17 00:00:00-04:00,28.090823116363843,28.553757174190704,27.720475495402596,28.04452896118164,143752,0.0,0.0
2024-07-18 00:00:00-04:00,28.044527194311787,28.350064852267167,27.776026731667535,27.979717254638672,101634,0.0,0.0
2024-07-19 00:00:00-04:00,28.081564041185455,28.220444632025842,27.683441804074967,27.766769409179688,150436,0.0,0.0
2024-07-22 00:00:00-04:00,27.850095970270154,27.850095970270154,26.88719444843717,27.470491409301758,255040,0.0,0.0
2024-07-23 00:00:00-04:00,26.850160892043533,27.785287857055664,26.590919238440247,27.785287857055664,343413,0.0,0.0
2024-07-24 00:00:00-04:00,28.00749352280454,28.55375514769164,27.294574824588185,27.387161254882812,2337375,0.0,0.0
2024-07-25 00:00:00-04:00,27.331611916844516,28.813000518029583,27.331611916844516,28.26673698425293,169426,0.0,0.0
2024-07-26 00:00:00-04:00,28.433393904266858,28.590792156505707,27.85935575436469,28.08156394958496,102165,0.0,0.0
2024-07-29 00:00:00-04:00,28.1926668663737,28.45191037443879,28.026009790189374,28.257476806640625,104499,0.0,0.0
2024-07-30 00:00:00-04:00,28.1741482434823,28.313028823311654,27.998234216264112,28.05378532409668,98452,0.0,0.0
2024-07-31 00:00:00-04:00,28.146373768690303,28.840772924352347,27.961199036814936,28.553754806518555,113198,0.0,0.0
2024-08-01 00:00:00-04:00,28.42413425307662,28.637083611225854,28.127857292499147,28.220443725585938,120943,0.0,0.0
2024-08-02 00:00:00-04:00,28.229701505572393,28.350064426155086,27.813059761940615,27.924165725708008,139084,0.0,0.0
2024-08-05 00:00:00-04:00,27.76676508657067,27.76676508657067,26.868673611645274,27.146432876586914,138660,0.0,0.0
2024-08-06 00:00:00-04:00,27.32235323205859,27.50752610563548,26.94274678037729,26.979782104492188,96436,0.0,0.0
2024-08-07 00:00:00-04:00,26.952005105653917,27.229766284305878,26.64646930793576,26.674243927001953,88691,0.0,0.0
2024-08-08 00:00:00-04:00,26.68350214671208,26.859418055428907,26.54462343406566,26.590917587280273,66625,0.0,0.0
2024-08-09 00:00:00-04:00,26.544622895172832,26.544622895172832,26.294638219886373,26.442777633666992,120624,0.0,0.0
2024-08-12 00:00:00-04:00,26.396479698384287,26.766827243010194,25.535423577464922,25.813182830810547,191068,0.0,0.0
2024-08-13 00:00:00-04:00,25.665048168667887,26.13724101276592,25.563201036922447,26.016876220703125,193508,0.0,0.0
2024-08-14 00:00:00-04:00,26.07243011037344,26.248344142522296,25.99836134002108,26.12798309326172,153724,0.0,0.0
2024-08-15 00:00:00-04:00,26.377963739008223,26.461291333028807,26.016875000254327,26.100204467773438,125823,0.0,0.0
2024-08-16 00:00:00-04:00,25.887258520192148,26.34093374208476,25.877999689255663,26.294639587402344,94526,0.0,0.0
2024-08-19 00:00:00-04:00,26.24834347814469,26.692759836007486,26.24834347814469,26.45203399658203,112986,0.0,0.0
2024-08-20 00:00:00-04:00,26.51684860867301,26.702021486171827,26.146500980176544,26.155759811401367,221198,0.0,0.0
2024-08-21 00:00:00-04:00,26.202052034925398,26.489070161228685,26.202052034925398,26.313156127929688,225335,0.0,0.0
2024-08-22 00:00:00-04:00,26.479809926947883,26.66498465447107,26.183532985808814,26.461292266845703,277001,0.0,0.0
2024-08-23 00:00:00-04:00,26.590919092053745,27.07236894523731,26.433520835715637,26.785350799560547,236687,0.0,0.0
2024-08-26 00:00:00-04:00,26.998297495072602,27.609369050563675,26.896450362325456,27.581592559814453,260875,0.0,0.0
2024-08-27 00:00:00-04:00,27.979716834093058,28.600049097634425,27.73899099292767,27.924165725708008,619990,0.0,0.0
2024-08-28 00:00:00-04:00,27.748249053955078,28.007492548561153,27.405677962332263,27.748249053955078,2440600,0.0,0.0
2024-08-29 00:00:00-04:00,27.850094941567345,27.905647923168534,27.340868644382994,27.424196243286133,160408,0.0,0.0
2024-08-30 00:00:00-04:00,27.359386415516198,27.720475201614097,27.359386415516198,27.51678466796875,174200,0.0,0.0
2024-09-03 00:00:00-04:00,27.60011003414601,28.11859703063965,27.36864302646105,28.11859703063965,152451,0.0,0.0
2024-09-04 00:00:00-04:00,28.05378744794686,28.51672150009267,28.01675212425559,28.48894500732422,185764,0.0,0.0
2024-09-05 00:00:00-04:00,28.64634116799752,29.100016356096955,28.396356498330764,28.868549346923828,253131,0.0,0.0
2024-09-06 00:00:00-04:00,28.840772461306308,29.29444764319419,28.498201367360384,29.220378875732422,184491,0.0,0.0
2024-09-09 00:00:00-04:00,29.10001620019233,29.211120289060236,28.442650497182083,29.090757369995117,181944,0.0,0.0
2024-09-10 00:00:00-04:00,29.109276144598958,30.32216233837413,29.109276144598958,30.044401168823242,241355,0.0,0.0
2024-09-11 00:00:00-04:00,30.0073674830218,30.0073674830218,29.229638837322458,29.609243392944336,214408,0.0,0.0
2024-09-12 00:00:00-04:00,29.701831274037485,30.118471145629883,29.377775958911563,30.118471145629883,130809,0.0,0.0
2024-09-13 00:00:00-04:00,30.07217827878955,30.711026358993724,30.07217827878955,30.692508697509766,183748,0.0,0.0
2024-09-16 00:00:00-04:00,30.831391272890194,30.831391272890194,29.766642595105573,29.81293487548828,149163,0.0,0.0
2024-09-17 00:00:00-04:00,29.766640131841317,30.118470051729286,29.664794875228825,29.82219123840332,122110,0.0,0.0
2024-09-18 00:00:00-04:00,29.859227329915115,30.146247320646705,29.812933178668526,29.99810791015625,130491,0.0,0.0
2024-09-19 00:00:00-04:00,30.220315461662892,30.285125398563803,29.41481036118778,29.59998321533203,226820,0.0,0.0
2024-09-20 00:00:00-04:00,29.572207179816534,29.7944153576054,29.266673277230126,29.655536651611328,598878,0.0,0.0
2024-09-23 00:00:00-04:00,29.488884518578843,29.57221025203298,28.81300108479622,29.072242736816406,213241,0.0,0.0
2024-09-24 00:00:00-04:00,29.10927591460124,29.766641637579365,28.757445976916046,29.609243392944336,628159,0.0,0.0
2024-09-25 00:00:00-04:00,29.572206221677806,29.97958911675728,28.96113468930644,29.29444694519043,2433068,0.0,0.0
2024-09-26 00:00:00-04:00,29.479624690129096,29.66479756009328,29.285191115818073,29.433330535888672,167198,0.0,0.0
2024-09-27 00:00:00-04:00,29.56295078526177,29.812933584903753,29.072240269355966,29.081499099731445,167728,0.0,0.0
2024-09-30 00:00:00-04:00,29.201863948074436,29.201863948074436,28.414876428717843,28.67411994934082,178443,0.0,0.0
2024-10-01 00:00:00-04:00,28.553754247017753,28.553754247017753,27.82231791111451,27.840835571289062,186506,0.0,0.0
2024-10-02 00:00:00-04:00,27.776028967142572,27.803803587238598,27.127920150756836,27.127920150756836,204223,0.0,0.0
2024-10-03 00:00:00-04:00,26.97052198921631,27.387161871674696,26.877935556836523,27.22050666809082,159559,0.0,0.0
2024-10-04 00:00:00-04:00,27.220506365816476,27.609369752193125,27.220506365816476,27.507524490356445,136750,0.0,0.0
2024-10-07 00:00:00-04:00,27.44271416842717,27.47049065949559,26.952003653546395,27.137176513671875,222789,0.0,0.0
2024-10-08 00:00:00-04:00,27.248626307911973,27.592252595769732,27.220764259885005,27.369359970092773,109697,0.084834,0.0
2024-10-09 00:00:00-04:00,27.527241483606964,27.926589965820312,27.322923568089934,27.926589965820312,265437,0.0,0.0
2024-10-10 00:00:00-04:00,27.908014875845765,28.121620137180624,27.77799575272223,28.04732322692871,250372,0.0,0.0
2024-10-11 00:00:00-04:00,28.18663208859655,28.567405874713035,28.000888869967497,28.112333297729492,256632,0.0,0.0
2024-10-14 00:00:00-04:00,28.168057816406062,28.24235660839553,27.88944110498421,27.991601943969727,114365,0.0,0.0
2024-10-15 00:00:00-04:00,27.98231362431129,28.455960889736804,27.945164229605204,27.973026275634766,142691,0.0,0.0
2024-10-16 00:00:00-04:00,28.08447223026001,28.344512352152016,28.065897533138603,28.16805648803711,105241,0.0,0.0
2024-10-17 00:00:00-04:00,28.16805745861064,28.270216417029193,28.04732380243066,28.18663215637207,103650,0.0,0.0
2024-10-18 00:00:00-04:00,28.279503697911075,28.45596144695104,28.047323734990112,28.112333297729492,318376,0.0,0.0
2024-10-21 00:00:00-04:00,28.149480565057456,28.4188099030506,27.703695370633735,27.77799415588379,125823,0.0,0.0
2024-10-22 00:00:00-04:00,27.620111976406264,27.722270930036498,27.36935732691877,27.685121536254883,97391,0.0,0.0
2024-10-23 00:00:00-04:00,27.55510334250524,27.67583511781408,27.350785428378977,27.6294002532959,140251,0.0,0.0
2024-10-24 00:00:00-04:00,27.712986093044613,28.195920738894117,27.58296508229518,27.861581802368164,139402,0.0,0.0
2024-10-25 00:00:00-04:00,27.86157953966068,28.27950270656021,27.86157953966068,28.01946258544922,116275,0.0,0.0
2024-10-28 00:00:00-04:00,28.06589857290652,28.400237495670535,28.06589857290652,28.298078536987305,106833,0.0,0.0
2024-10-29 00:00:00-04:00,28.075184922709585,28.279502832805054,27.517953404599556,27.527240753173828,102801,0.0,0.0
2024-10-30 00:00:00-04:00,27.49937731485562,27.870865601206187,27.425080409293166,27.592248916625977,80310,0.0,0.0
2024-10-31 00:00:00-04:00,27.536529251658457,27.675835727551394,27.090744018554688,27.090744018554688,120094,0.0,0.0
2024-11-01 00:00:00-04:00,27.18361357796943,27.582962036132812,27.165038881446637,27.582962036132812,124125,0.0,0.0
2024-11-04 00:00:00-05:00,27.62011116143188,27.870865803520466,27.5736762998442,27.852291107177734,106196,0.0,0.0
2024-11-05 00:00:00-05:00,27.88943736276962,28.112329950291564,27.694406818505186,28.103042602539062,109061,0.0,0.0
2024-11-06 00:00:00-05:00,28.40952481069592,28.49310907146992,27.91730283640701,28.260929107666016,145980,0.0,0.0
2024-11-07 00:00:00-05:00,28.372373653039958,28.623128299058013,28.186630445240233,28.446672439575195,152876,0.0,0.0
2024-11-08 00:00:00-05:00,28.42810022519376,28.771724625846694,28.42810022519376,28.623130798339844,104074,0.0,0.0
2024-11-11 00:00:00-05:00,28.678853479281784,29.384678823316552,28.483821036481164,29.366104125976562,107469,0.0,0.0
2024-11-12 00:00:00-05:00,29.403253853627888,29.91404863991568,29.133926376955877,29.84903907775879,167622,0.0,0.0
2024-11-13 00:00:00-05:00,29.876899798764477,30.053355659126627,29.440400063502302,29.988346099853516,121473,0.0,0.0
2024-11-14 00:00:00-05:00,30.12765373424361,30.527004091528315,29.960485215766678,30.30411148071289,130597,0.0,0.0
2024-11-15 00:00:00-05:00,30.41555583642308,30.41555583642308,29.58899688720703,29.58899688720703,127838,0.0,0.0
2024-11-18 00:00:00-05:00,29.551848739806115,30.099792906083852,29.496124648691826,30.01620864868164,90919,0.0,0.0
2024-11-19 00:00:00-05:00,30.146229862872126,30.461995975909257,29.98834868562292,30.313400268554688,93890,0.0,0.0
2024-11-20 00:00:00-05:00,30.257675523790862,30.350545249129706,29.96977148230981,30.09979248046875,116062,0.0,0.0
2024-11-21 00:00:00-05:00,29.98834977805845,30.592016220092773,29.97906242855613,30.592016220092773,131339,0.0,0.0
2024-11-22 00:00:00-05:00,30.64773718945059,31.009936266000356,30.62916249234153,30.87991714477539,87630,0.0,0.0
2024-11-25 00:00:00-05:00,31.009935065950916,31.576453909507485,30.954212856049352,31.204967498779297,130915,0.0,0.0
2024-11-26 00:00:00-05:00,31.195682664827803,31.232830181333064,30.387696461616056,30.66631317138672,94420,0.0,0.0
2024-11-27 00:00:00-05:00,30.870628662004247,30.94492556844152,30.564149929503525,30.63844871520996,84872,0.0,0.0
2024-11-29 00:00:00-05:00,30.69417525717283,30.907780524609088,30.610589116573962,30.740610122680664,28114,0.0,0.0
2024-12-02 00:00:00-05:00,30.740610553394227,30.740610553394227,29.802605209177038,30.657026290893555,84978,0.0,0.0
2024-12-03 00:00:00-05:00,30.582726677240277,30.898492779134045,30.211240240867618,30.861343383789062,98133,0.0,0.0
2024-12-04 00:00:00-05:00,30.66631213069385,30.889204739238565,30.443419522149135,30.57343864440918,69065,0.0,0.0
2024-12-05 00:00:00-05:00,30.50843019053997,30.787045021698173,30.24839005731284,30.777759552001953,73945,0.0,0.0
2024-12-06 00:00:00-05:00,30.833480406781383,30.879917149561233,30.19266463203485,30.20195198059082,70974,0.0,0.0
2024-12-09 00:00:00-05:00,30.239103099120854,30.898493608579354,30.12765491009417,30.657026290893555,98982,0.0,0.0
2024-12-10 00:00:00-05:00,30.77775803617495,30.77775803617495,29.951197173835965,29.97905921936035,77446,0.0,0.0
2024-12-11 00:00:00-05:00,29.95119883155391,30.26696306049935,29.570425038722682,29.607572555541992,127414,0.0,0.0
2024-12-12 00:00:00-05:00,29.700442410072093,30.053356014235597,29.64472019850376,29.830463409423828,68534,0.0,0.0
2024-12-13 00:00:00-05:00,29.67258110535549,29.8211768053624,29.328956720356402,29.514699935913086,131021,0.0,0.0
2024-12-16 00:00:00-05:00,29.468264199478927,29.811892354760175,29.37539258852666,29.607572555541992,143540,0.0,0.0
2024-12-17 00:00:00-05:00,29.45897385034913,30.127651636230368,29.34752943197139,30.0440673828125,169850,0.0,0.0
2024-12-18 00:00:00-05:00,29.97887879181667,30.332778879378132,29.559789657592773,29.559789657592773,153088,0.084834,0.0
2024-12-19 00:00:00-05:00,29.45734504274091,29.67154811935849,29.0755070699157,29.541162490844727,228518,0.0,0.0
2024-12-20 00:00:00-05:00,29.494599085413796,30.053385232684377,29.308335779982112,29.624982833862305,228200,0.0,0.0
2024-12-23 00:00:00-05:00,29.61566795294141,29.69017214032772,29.271083023947497,29.578414916992188,98982,0.0,0.0
2024-12-24 00:00:00-05:00,29.606354629972756,30.072010040283203,29.606354629972756,30.072010040283203,51135,0.0,0.0
2024-12-26 00:00:00-05:00,29.857808713737782,30.472472495630647,29.857808713737782,30.453845977783203,85084,0.0,0.0
2024-12-27 00:00:00-05:00,30.267586979424475,30.58423215451833,29.99750621814639,30.19308090209961,106727,0.0,0.0
2024-12-30 00:00:00-05:00,30.24895715218553,30.24895715218553,29.466656617409697,29.93231201171875,102589,0.0,0.0
2024-12-31 00:00:00-05:00,29.857808248433102,30.267584096642388,29.8019286957616,30.109262466430664,106939,0.0,0.0
2025-01-02 00:00:00-05:00,30.19307940907863,30.500413193821768,30.044071030821787,30.37002944946289,102059,0.0,0.0
2025-01-03 00:00:00-05:00,30.370029434606955,30.649421557086015,30.230332431111336,30.314151763916016,112031,0.0,0.0
2025-01-06 00:00:00-05:00,30.29552515354899,30.323464931065736,28.758863773298454,28.768177032470703,199237,0.0,0.0
2025-01-07 00:00:00-05:00,28.833367115826935,29.37352670940132,28.77748756243366,29.019628524780273,115744,0.0,0.0
2025-01-08 00:00:00-05:00,29.084821461310195,29.289711286724177,28.898560039492665,29.243144989013672,144176,0.0,0.0
2025-01-10 00:00:00-05:00,29.084818149929166,29.243141659607105,28.32114603052087,28.377023696899414,109273,0.0,0.0
2025-01-13 00:00:00-05:00,28.2466446928805,28.647107336610084,28.097636301243256,28.349088668823242,182687,0.0,0.0
2025-01-14 00:00:00-05:00,28.57260130495815,28.907872991368766,28.228016359104558,28.5167236328125,98452,0.0,0.0
2025-01-15 00:00:00-05:00,28.61916727697211,28.7402377638429,28.367713043893378,28.507410049438477,111819,0.0,0.0
2025-01-16 00:00:00-05:00,28.386336464764998,29.2803941874655,28.24663947446504,29.18726348876953,77764,0.0,0.0
2025-01-17 00:00:00-05:00,29.112759895299092,29.494597865352468,29.019629188691773,29.094133377075195,86888,0.0,0.0
2025-01-21 00:00:00-05:00,29.20589033056804,29.624979421621727,29.14069752159665,29.196577072143555,91556,0.0,0.0
2025-01-22 00:00:00-05:00,29.12207235744031,29.41077961298545,28.55397298971922,28.740236282348633,100892,0.0,0.0
2025-01-23 00:00:00-05:00,28.563286999925285,29.112759864385946,28.563286999925285,28.982378005981445,113516,0.0,0.0
2025-01-24 00:00:00-05:00,28.982377106676726,29.66223369295853,28.982377106676726,29.122072219848633,130279,0.0,0.0
2025-01-27 00:00:00-05:00,29.38284009099097,30.491099059464023,29.38284009099097,29.904373168945312,136326,0.0,0.0
2025-01-28 00:00:00-05:00,29.764676927005997,29.978878119002562,29.42009387558627,29.48528480529785,91874,0.0,0.0
2025-01-29 00:00:00-05:00,29.299021620062245,29.345587916117143,28.99169160414865,29.047569274902344,68004,0.0,0.0
2025-01-30 00:00:00-05:00,29.308333282387068,29.308333282387068,28.870617661369014,29.056880950927734,66943,0.0,0.0
2025-01-31 00:00:00-05:00,28.879934021915428,29.215207602228688,28.824056348204742,28.92650032043457,60365,0.0,0.0
2025-02-03 00:00:00-05:00,28.712295172118477,29.3176456626378,28.69366865526951,29.196577072143555,81477,0.0,0.0
2025-02-04 00:00:00-05:00,29.18726372295539,29.18726372295539,28.30251925147688,28.479467391967773,146298,0.0,0.0
2025-02-05 00:00:00-05:00,28.358399835001112,28.63779196207609,28.274582385329843,28.61916732788086,76279,0.0,0.0
2025-02-06 00:00:00-05:00,28.851990847768935,28.851990847768935,27.50159284827581,28.49809455871582,206557,0.0,0.0
2025-02-07 00:00:00-05:00,28.553974786072192,28.749551349862553,27.92068445102289,28.5167236328125,129324,0.0,0.0
2025-02-10 00:00:00-05:00,28.516721799282298,28.889244615000628,28.460842246217283,28.684356689453125,127520,0.0,0.0
2025-02-11 00:00:00-05:00,28.71229485245689,29.224514637540718,28.61916415376092,29.18726348876953,73839,0.0,0.0
2025-02-12 00:00:00-05:00,28.935812732855332,28.982379030010947,28.209389804301136,28.460844039916992,167834,0.0,0.0
2025-02-13 00:00:00-05:00,28.03243941483122,29.159324871258274,27.93930871243852,29.001001358032227,106833,0.0,0.0
2025-02-14 00:00:00-05:00,29.122073961821027,29.63429568913087,28.460843853613085,28.730924606323242,98345,0.0,0.0
2025-02-18 00:00:00-05:00,28.73092283110119,29.205891491583102,28.675043278332915,29.01031494140625,95693,0.0,0.0
2025-02-19 00:00:00-05:00,29.010315321815913,29.271082802463074,28.8706183225755,29.131385803222656,85827,0.0,0.0
2025-02-20 00:00:00-05:00,28.907872323220577,29.485284972778476,28.796115097000083,29.159326553344727,99300,0.0,0.0
2025-02-21 00:00:00-05:00,29.31764955789325,30.30484000595429,29.11276161435645,30.137203216552734,180883,0.0,0.0
2025-02-24 00:00:00-05:00,30.13720175746513,30.13720175746513,28.79611504523026,29.047569274902344,190007,0.0,0.0
2025-02-25 00:00:00-05:00,29.25245378420339,30.044067532884426,28.889242371029557,29.77398681640625,177595,0.0,0.0
2025-02-26 00:00:00-05:00,29.69948753933184,29.69948753933184,28.51672429235266,28.591228485107422,156377,0.0,0.0
2025-02-27 00:00:00-05:00,28.404964950036764,28.982379506204637,28.404964950036764,28.805429458618164,126778,0.0,0.0
2025-02-28 00:00:00-05:00,29.03825719182848,29.03825719182848,28.563288490879582,28.86130714416504,149587,0.0,0.0
2025-03-03 00:00:00-05:00,28.879930571935994,29.615666693574145,28.833366163491693,29.5970401763916,242628,0.0,0.0
2025-03-04 00:00:00-05:00,29.420092470576492,30.193077869074035,29.38283943565629,29.82986831665039,146935,0.0,0.0
2025-03-05 00:00:00-05:00,29.88750080250974,30.243419908715047,29.82016536829766,30.060649871826172,104957,0.084466,1.03
2025-03-06 00:00:00-05:00,30.031792944326085,30.262658372432277,29.82016567196235,29.993314743041992,163873,0.0,0.0
2025-03-07 00:00:00-05:00,30.012552887948015,31.397747345884206,29.52196479829909,31.330411911010742,178808,0.0,0.0
2025-03-10 00:00:00-04:00,31.493940701393495,31.95567153980547,31.07068617298311,31.599754333496094,159856,0.0,0.0
2025-03-11 00:00:00-04:00,31.42660513415805,31.676710597090093,30.945634253011267,31.080307006835938,109592,0.0,0.0
2025-03-12 00:00:00-04:00,30.83020259122729,31.08030806265559,29.68549264892698,30.23379898071289,115875,0.0,0.0
2025-03-13 00:00:00-04:00,30.002932577235214,30.455044336835485,29.868261713022026,30.1472225189209,78795,0.0,0.0
2025-03-14 00:00:00-04:00,30.127985113078083,30.618575084565485,29.752827853728995,30.532001495361328,91773,0.0,0.0
2025-03-17 00:00:00-04:00,30.503143938049725,30.743628452381262,30.310756704544342,30.426189422607422,76220,0.0,0.0
2025-03-18 00:00:00-04:00,30.512765157742137,30.685914236264995,30.051032391881915,30.127986907958984,60873,0.0,0.0
2025-03-19 00:00:00-04:00,29.983694422290217,30.3107543951498,29.916358990183625,30.1472225189209,87653,0.0,0.0
2025-03-20 00:00:00-04:00,30.147224466351904,30.329994509332263,30.031793639426297,30.262659072875977,84872,0.0,0.0
2025-03-21 00:00:00-04:00,30.27227811696508,30.30113535121426,29.820166328667437,30.089509963989258,165212,0.0,0.0
2025-03-24 00:00:00-04:00,30.002933475664246,30.13760623370928,29.752828004894422,29.887500762939453,66950,0.0,0.0
2025-03-25 00:00:00-04:00,29.800924560855186,29.97407362574369,29.531580941095584,29.560440063476562,70349,0.0,0.0
2025-03-26 00:00:00-04:00,29.69511423110234,30.39732960159393,29.608538749639404,30.156845092773438,88065,0.0,0.0
2025-03-27 00:00:00-04:00,30.3492308704922,31.426605349267575,30.3492308704922,30.724388122558594,125042,0.0,0.0
2025-03-28 00:00:00-04:00,30.82058153478183,31.089925144490188,29.877879845702115,30.118364334106445,91052,0.0,0.0
2025-03-31 00:00:00-04:00,30.185702032675717,30.65705385753932,29.887501169051244,30.281896591186523,93112,0.0,0.0
2025-04-01 00:00:00-04:00,30.28189755206244,30.42618939440718,30.022172991761607,30.368471145629883,64478,0.0,0.0
2025-04-02 00:00:00-04:00,30.4742840618814,30.52237944873933,30.051029539138877,30.0991268157959,63345,0.0,0.0
2025-04-03 00:00:00-04:00,30.147225094738065,30.743628736780618,30.089510624971883,30.301136016845703,113609,0.0,0.0
2025-04-04 00:00:00-04:00,30.089508846581374,31.13802233508328,29.329575249051437,29.425769805908203,175821,0.0,0.0
2025-04-07 00:00:00-04:00,29.040993688234764,29.579679053154447,28.377254642534474,29.06985092163086,184885,0.0,0.0
2025-04-08 00:00:00-04:00,29.377670084217478,29.560440116761846,28.511924758214377,28.56964111328125,113609,0.0,0.0
2025-04-09 00:00:00-04:00,28.59849977132138,29.50272328261899,28.021334340225742,29.166044235229492,110725,0.0,0.0
2025-04-10 00:00:00-04:00,29.127569244316994,29.70473473898817,28.848606520329035,29.41615104675293,144097,0.0,0.0
2025-04-11 00:00:00-04:00,29.319957815066108,29.993315971215043,29.319957815066108,29.781688690185547,67877,0.0,0.0
2025-04-14 00:00:00-04:00,29.820166036269487,30.32037509987692,29.820166036269487,30.214561462402344,90846,0.0,0.0
2025-04-15 00:00:00-04:00,30.070271465246403,30.493524124673712,29.897120502527038,29.98369598388672,73439,0.0,0.0
2025-04-16 00:00:00-04:00,30.16646282424652,30.16646282424652,29.839402848561754,29.90673828125,75396,0.0,0.0
2025-04-17 00:00:00-04:00,29.868261521655473,30.647433249123157,29.868261521655473,30.56085777282715,110519,0.0,0.0
2025-04-21 00:00:00-04:00,30.589717905364203,30.77248605160558,30.329993357695496,30.762866973876953,86314,0.0,0.0
2025-04-22 00:00:00-04:00,30.79172522795788,31.4554661806284,30.666673433741344,31.138023376464844,107738,0.0,0.0
2025-04-23 00:00:00-04:00,31.205359470881866,31.503562217382584,30.936015847184084,31.291933059692383,100631,0.0,0.0
2025-04-24 00:00:00-04:00,31.44584642720101,31.44584642720101,30.551241897442655,30.6378173828125,93833,0.0,0.0
2025-04-25 00:00:00-04:00,30.628195104242803,30.628195104242803,30.18570239750409,30.503143310546875,73748,0.0,0.0
2025-04-28 00:00:00-04:00,30.378091137151507,30.397329292926045,29.98369571517911,30.224180221557617,137196,0.0,0.0
2025-04-29 00:00:00-04:00,30.166462670030196,30.532000843867742,30.07027000516694,30.49352264404297,108562,0.0,0.0
2025-04-30 00:00:00-04:00,30.657054604305497,30.791725477661682,30.07027194065453,30.782106399536133,142758,0.0,0.0
2025-05-01 00:00:00-04:00,30.62819498268817,31.416987723160883,30.493524111519214,31.378509521484375,147393,0.0,0.0
2025-05-02 00:00:00-04:00,31.513182466088434,32.38854885567971,31.29193609904006,32.35969161987305,180250,0.0,0.0
2025-05-05 00:00:00-04:00,32.31158872727004,33.312010582710165,32.16729878525001,32.70598602294922,278924,0.0,0.0
2025-05-06 00:00:00-04:00,32.73484180837628,32.97532629431169,32.01338835057005,32.16729736328125,161710,0.0,0.0
2025-05-07 00:00:00-04:00,32.196162099435874,32.52322209643889,31.734427448679817,31.76328468322754,81885,0.0,0.0
2025-05-08 00:00:00-04:00,31.7632819833788,32.282731059077626,31.513178412693442,32.19615936279297,179735,0.0,0.0
2025-05-09 00:00:00-04:00,32.04224927445472,32.46550383268565,31.542040200999644,31.590137481689453,93112,0.0,0.0
2025-05-12 00:00:00-04:00,31.638233366089697,31.79214427954469,30.926397044934614,31.10916519165039,152955,0.0,0.0
2025-05-13 00:00:00-04:00,30.993732425577218,31.195740617251094,30.38770974035475,30.878299713134766,185503,0.0,0.0
2025-05-14 00:00:00-04:00,30.705152234194852,31.08992859219077,30.435808594617782,30.945636749267578,149762,0.0,0.0
2025-05-15 00:00:00-04:00,30.916775490558912,31.34003002207668,30.86868010270383,31.243837356567383,157178,0.0,0.0
2025-05-16 00:00:00-04:00,31.436226561441913,31.81138383898303,31.118785642768714,31.590137481689453,141831,0.0,0.0
2025-05-19 00:00:00-04:00,31.570897365358086,32.55207729499869,31.388127332123634,32.52322006225586,125145,0.0,0.0
2025-05-20 00:00:00-04:00,32.64827131085245,32.89837869157266,32.44626688200727,32.88875961303711,112991,0.0,0.0
2025-05-21 00:00:00-04:00,32.86951287697101,33.15809652969627,32.571313926712804,32.74446487426758,106811,0.0,0.0
2025-05-22 00:00:00-04:00,32.696369104847,32.77332550948602,32.340451875239076,32.35007095336914,146466,0.0,0.0
2025-05-23 00:00:00-04:00,32.311589329387,32.65789124404548,31.744044848627407,32.57131576538086,111446,0.0,0.0
2025-05-27 00:00:00-04:00,32.85990034797237,34.071945744179594,32.85990034797237,33.82183837890625,292005,0.0,0.0
2025-05-28 00:00:00-04:00,33.821837820454874,34.28356867241498,33.65830971855164,34.187374114990234,181280,0.0,0.0
2025-05-29 00:00:00-04:00,34.293189460854606,34.83187674154568,34.20661775649236,34.658729553222656,148835,0.0,0.0
2025-05-30 00:00:00-04:00,34.745301720920835,34.870353505995936,34.06232077228269,34.29318618774414,165727,0.0,0.0
2025-06-02 00:00:00-04:00,34.32205037196885,34.68758668363851,34.043085764400956,34.081565856933594,137505,0.0,0.0
2025-06-03 00:00:00-04:00,34.08156651409224,34.39900744071512,33.716026415775744,34.17776107788086,133591,0.0,0.0
2025-06-04 00:00:00-04:00,34.22585345281274,34.45671887371418,33.6871662108433,33.74488067626953,135136,0.0,0.0
2025-06-05 00:00:00-04:00,33.74488039037731,34.071944143414704,33.523634048921345,33.812217712402344,214446,0.0,0.0
2025-06-06 00:00:00-04:00,33.86031588740851,34.05270501223433,33.14848141699097,33.321632385253906,139771,0.0,0.0
2025-06-09 00:00:00-04:00,33.36010589282323,33.76412226506029,33.100383241869814,33.58135223388672,215682,0.0,0.0
2025-06-10 00:00:00-04:00,33.54287695050877,33.80259960941047,32.5905542352053,32.61941146850586,172422,0.0,0.0
2025-06-11 00:00:00-04:00,32.60017579583017,32.696370360423295,32.02301218787002,32.31159210205078,185606,0.0,0.0
2025-06-12 00:00:00-04:00,32.301972682858946,32.301972682858946,31.667092720798937,31.974916458129883,219287,0.0,0.0
2025-06-13 00:00:00-04:00,32.0133889512128,32.090345348811304,31.45546357271941,32.03262710571289,241329,0.0,0.0
2025-06-16 00:00:00-04:00,32.18653650582983,32.60017195091589,32.13844111900502,32.19615936279297,153985,0.0,0.0
2025-06-17 00:00:00-04:00,32.09034859416618,32.734845733089145,31.92681670518084,32.39816665649414,213313,0.0,0.0
2025-06-18 00:00:00-04:00,32.465680082459656,32.92864805281504,32.22455124704331,32.6296501159668,194155,0.087379,0.0
2025-06-20 00:00:00-04:00,32.7357455024253,33.17942758959388,32.60071380096979,32.84184265136719,261311,0.0,0.0
2025-06-23 00:00:00-04:00,32.76468381613214,33.49771900724914,32.61036241313527,33.410911560058594,184164,0.0,0.0
2025-06-24 00:00:00-04:00,33.46877995095018,33.748491988212876,33.160133361816406,33.160133361816406,171186,0.0,0.0
2025-06-25 00:00:00-04:00,33.01545892760155,33.21800838312418,32.2245545977195,32.26313400268555,173040,0.0,0.0
2025-06-26 00:00:00-04:00,32.42710365351605,32.62965310654187,32.28242709695135,32.43674850463867,208575,0.0,0.0
2025-06-27 00:00:00-04:00,32.41745927739158,32.57178068734011,31.8483903144663,32.23419952392578,2949302,0.0,0.0
2025-06-30 00:00:00-04:00,32.214909746477986,32.59107031407327,32.041294844679896,32.26313400268555,289327,0.0,0.0
2025-07-01 00:00:00-04:00,32.20526311913818,33.873879137778296,32.20526311913818,33.58452224731445,259354,0.0,0.0
2025-07-02 00:00:00-04:00,33.4687817421453,34.057136610304376,33.19871833077814,34.028202056884766,265019,0.0,0.0
2025-07-03 00:00:00-04:00,34.00890687805715,34.211456298828125,33.43019695422919,34.211456298828125,134827,0.0,0.0
2025-07-07 00:00:00-04:00,34.15358668845924,34.44294357299805,33.80636070084777,34.44294357299805,217227,0.0,0.0
2025-07-08 00:00:00-04:00,34.414013035218524,34.414013035218524,33.08297803260473,33.30481719970703,226497,0.0,0.0
2025-07-09 00:00:00-04:00,33.246941545458995,33.40126673831553,32.475326950352155,32.84184265136719,208884,0.0,0.0
2025-07-10 00:00:00-04:00,32.67787503067121,33.74849132615026,32.620002138339174,33.44948959350586,177778,0.0,0.0
2025-07-11 00:00:00-04:00,33.304816644300715,33.979978985985305,33.01545973083924,33.53630065917969,150689,0.0,0.0
2025-07-14 00:00:00-04:00,33.497719357391304,34.39472081171075,33.497719357391304,34.346492767333984,298494,0.0,0.0
2025-07-15 00:00:00-04:00,34.211456467334486,34.48151983654278,33.362679381723034,33.55558395385742,237312,0.0,0.0
2025-07-16 00:00:00-04:00,33.719558332175765,34.99272033530478,33.661685437170895,34.97343063354492,221965,0.0,0.0
2025-07-17 00:00:00-04:00,35.16633272161103,36.71920665864229,34.8191067455309,36.64204406738281,355350,0.0,0.0
2025-07-18 00:00:00-04:00,36.74814142001081,36.912107663937086,35.880074579968614,35.98617172241211,228454,0.0,0.0
2025-07-21 00:00:00-04:00,36.14049490973119,36.73849839308232,36.05369125319898,36.314109802246094,173761,0.0,0.0
2025-07-22 00:00:00-04:00,36.15978871191026,37.39437130240884,36.15978871191026,37.278629302978516,251629,0.0,0.0
2025-07-23 00:00:00-04:00,37.29791786657374,38.117756688380126,36.98927128093511,37.770530700683594,281911,0.0,0.0
2025-07-24 00:00:00-04:00,37.13394753757721,38.503565566333904,37.13394753757721,38.45533752441406,247818,0.0,0.0
2025-07-25 00:00:00-04:00,38.551792070528116,38.7543415210281,36.169434288716054,38.580726623535156,192610,0.0,0.0
2025-07-28 00:00:00-04:00,38.42640183557223,38.9954669432497,37.62585274476239,37.83804702758789,294683,0.0,0.0
2025-07-29 00:00:00-04:00,38.16598904926282,38.67718134327336,37.89592183512324,38.108116149902344,226085,0.0,0.0
2025-07-30 00:00:00-04:00,38.320305619505426,38.40711306270751,37.20146507743995,37.43294906616211,187872,0.0,0.0
2025-07-31 00:00:00-04:00,37.07608149646559,37.6065672630375,36.46843313028537,36.58417892456055,254204,0.0,0.0
2025-08-01 00:00:00-04:00,36.65168859560336,37.09536685942903,36.01510575018609,36.217655181884766,227630,0.0,0.0
2025-08-04 00:00:00-04:00,36.41055956533504,36.90246207701925,36.28517272490034,36.87352752685547,118862,0.0,0.0
2025-08-05 00:00:00-04:00,37.124305451223975,37.46188661089696,36.89282144400395,37.240047454833984,156251,0.0,0.0
2025-08-06 00:00:00-04:00,37.29791786657374,38.01165954299576,36.84459473349284,37.770530700683594,179014,0.0,0.0
2025-08-07 00:00:00-04:00,37.74159921601086,37.90556547780593,37.2111134459819,37.5486946105957,120407,0.0,0.0
2025-08-08 00:00:00-04:00,37.68372774808882,37.95379496386057,37.182180302652945,37.481178283691406,122570,0.0,0.0
2025-08-11 00:00:00-04:00,37.635502068201085,37.70301602729968,36.950694887562534,37.00856399536133,190344,0.0,0.0
2025-08-12 00:00:00-04:00,37.037498659254396,38.22385705963308,37.037498659254396,38.03095245361328,172937,0.0,0.0
2025-08-13 00:00:00-04:00,38.05988917982769,38.60966463081155,37.79947062557624,38.18527603149414,141316,0.0,0.0
2025-08-14 00:00:00-04:00,38.01166047797386,38.01166047797386,37.317208485499265,37.36543273925781,168302,0.0,0.0
2025-08-15 00:00:00-04:00,37.288272857666016,37.42330455402022,36.83494972651074,37.288272857666016,301584,0.0,0.0
2025-08-18 00:00:00-04:00,37.45224230788812,37.6547917646015,37.10501629197611,37.5486946105957,124424,0.0,0.0
2025-08-19 00:00:00-04:00,37.72230671475099,37.96343555876757,37.278628429048425,37.654788970947266,138535,0.0,0.0
2025-08-20 00:00:00-04:00,37.8284037876169,38.25278858160701,37.674078599143066,37.68372344970703,162122,0.0,0.0
2025-08-21 00:00:00-04:00,37.442592870711536,38.00201312611869,37.08572204720999,37.89591598510742,107223,0.0,0.0
2025-08-22 00:00:00-04:00,38.194919811081675,38.84114754285027,38.1563404084896,38.64824295043945,143170,0.0,0.0
2025-08-25 00:00:00-04:00,38.49392142961491,39.169083711210014,38.13705058758182,38.70611572265625,135548,0.0,0.0
2025-08-26 00:00:00-04:00,38.79292263512427,39.053341177677645,38.52285545236046,38.937599182128906,156251,0.0,0.0
2025-08-27 00:00:00-04:00,39.04369789090111,39.381279040582214,38.80256524993578,39.35234069824219,147393,0.0,0.0
2025-08-28 00:00:00-04:00,39.29446863959094,39.42950033136917,38.609661540828114,38.97617721557617,138329,0.0,0.0
2025-08-29 00:00:00-04:00,39.16908094592476,39.26553323501826,38.56143266155322,38.78327178955078,145333,0.0,0.0
2025-09-02 00:00:00-04:00,38.71576086951589,39.516310004992775,38.71576086951589,39.1305046081543,157281,0.0,0.0
2025-09-03 00:00:00-04:00,39.0340558139117,39.738152715923974,38.72540919491193,39.246246337890625,228145,0.0,0.0
2025-09-04 00:00:00-04:00,39.458441221312434,39.80566721820469,38.87972743676676,38.98582458496094,122467,0.0,0.0
2025-09-05 00:00:00-04:00,39.04369534488942,39.545242716407095,38.976177603465864,39.37163162231445,162019,0.0,0.0
2025-09-08 00:00:00-04:00,39.37163711764196,40.02750976403598,39.19802220959184,39.72850799560547,190550,0.0,0.0
2025-09-09 00:00:00-04:00,39.42950494034667,40.08537756533551,38.8411500640017,39.73815155029297,227115,0.0,0.0
2025-09-10 00:00:00-04:00,39.34269505543938,39.58382769155094,37.83804908333152,38.05024337768555,293550,0.0,0.0
2025-09-11 00:00:00-04:00,37.90556325811954,38.74469558972948,37.90556325811954,38.50356674194336,167478,0.0,0.0
2025-09-12 00:00:00-04:00,38.28172476116568,38.763982421030555,37.93449879129597,38.63859558105469,149659,0.0,0.0
2025-09-15 00:00:00-04:00,38.706117552769285,39.75744042734195,38.39747094923153,39.54524612426758,200026,0.0,0.0
2025-09-16 00:00:00-04:00,39.47773283751829,40.4518969200526,39.111213331584814,39.7960205078125,280984,0.0,0.0
2025-09-17 00:00:00-04:00,39.80566714366001,40.336149093912226,39.72850454792003,40.123958587646484,202910,0.0,0.0
2025-09-18 00:00:00-04:00,40.075731957469266,40.606217716154795,39.21730989248044,39.51631164550781,243183,0.0,0.0
2025-09-19 00:00:00-04:00,39.718860966100515,39.98892437523049,38.59037549483001,39.034053802490234,1106014,0.0,0.0
2025-09-22 00:00:00-04:00,38.77362963642496,39.27518081665039,38.55179049299788,39.27518081665039,217330,0.0,0.0
2025-09-23 00:00:00-04:00,39.34269572484292,39.641697470106514,39.08227717267077,39.410213470458984,158002,0.0,0.0
2025-09-24 00:00:00-04:00,39.37163245993289,39.85389014122515,39.37163245993289,39.564537048339844,143994,0.0,0.0
2025-09-25 00:00:00-04:00,39.776724865432115,39.931050041640255,38.841144117285324,39.04369354248047,126381,0.0,0.0
2025-09-26 00:00:00-04:00,38.99547039613828,39.93105505138834,38.99547039613828,39.660987854003906,172113,0.0,0.0
2025-09-29 00:00:00-04:00,39.68992335447262,39.815314000013295,39.23660397712549,39.7960205078125,203116,0.0,0.0
2025-09-30 00:00:00-04:00,39.8442470764002,40.93415312310105,39.76708447963435,40.43260192871094,272126,0.0,0.0
2025-10-01 00:00:00-04:00,40.316861764156606,40.7991232787452,39.805669485335805,40.731605529785156,197657,0.0,0.0
2025-10-02 00:00:00-04:00,40.6158607028169,41.59966957656603,40.19147211534961,41.40676498413086,170465,0.0,0.0
2025-10-03 00:00:00-04:00,41.48392620944951,42.23625106332835,40.84734334926548,42.01441192626953,216506,0.0,0.0
2025-10-06 00:00:00-04:00,41.898671721716774,42.40986780594165,41.56109054601373,41.802223205566406,152234,0.0,0.0
2025-10-07 00:00:00-04:00,41.86987775989933,41.96653077787734,41.48326948559912,41.512264251708984,156560,0.087379,0.0
2025-10-08 00:00:00-04:00,41.753893285696634,41.792552968834244,40.99033416283831,41.695899963378906,133797,0.0,0.0
2025-10-09 00:00:00-04:00,41.69590150585683,41.69590150585683,40.60372744070282,41.65724182128906,135445,0.0,0.0
2025-10-10 00:00:00-04:00,41.90853817352232,42.217827048856925,41.32862390577713,41.4929313659668,199717,0.0,0.0
2025-10-13 00:00:00-04:00,41.56058835990727,41.58958312301751,40.420085903845475,40.468414306640625,166757,0.0,0.0
2025-10-14 00:00:00-04:00,40.449085049050574,41.37694786287717,40.159126020924035,41.07732391357422,161092,0.0,0.0
2025-10-15 00:00:00-04:00,41.11598570775928,41.8215477103368,41.11598570775928,41.79255294799805,116802,0.0,0.0
2025-10-16 00:00:00-04:00,41.91820289071436,42.759077625447055,41.79255511644909,42.21782684326172,253277,0.0,0.0
2025-10-17 00:00:00-04:00,42.28548056818044,42.78807545424718,41.763555839882564,42.04384994506836,198069,0.0,0.0
2025-10-20 00:00:00-04:00,42.04385094538069,42.314476338278226,41.01933510425211,41.25130081176758,145848,0.0,0.0
2025-10-21 00:00:00-04:00,41.425274247404126,41.50259741774679,40.333103929073516,40.362098693847656,156766,0.0,0.0
2025-10-22 00:00:00-04:00,40.391090227755086,41.37694632972229,40.265442459506026,41.067657470703125,183649,0.0,0.0
2025-10-23 00:00:00-04:00,40.50707701809677,41.12565479634672,38.07143318735661,38.2840690612793,308485,0.0,0.0
2025-10-24 00:00:00-04:00,38.554691149279094,38.61268447245656,36.06105800248707,36.20603561401367,402215,0.0,0.0
2025-10-27 00:00:00-04:00,36.2736935909082,36.486329444973556,34.03135599997685,34.19566345214844,304983,0.0,0.0
2025-10-28 00:00:00-04:00,33.97336178084619,35.278171633380616,33.57708484574063,34.84323501586914,291902,0.0,0.0
2025-10-29 00:00:00-04:00,34.427629832871524,35.33616658995871,34.01202683494014,34.514617919921875,234531,0.0,0.0
2025-10-30 00:00:00-04:00,34.60160542674479,34.640265110291594,33.63507915957246,33.76072692871094,198996,0.0,0.0
2025-10-31 00:00:00-04:00,33.57708349593563,34.66926125372054,33.28712829432506,34.108673095703125,256676,0.0,0.0
2025-11-03 00:00:00-05:00,34.012026531094506,35.76143418946495,33.37411896190588,35.722774505615234,322493,0.0,0.0
2025-11-04 00:00:00-05:00,35.66478568382298,36.283359625685314,35.2975034895554,35.89674758911133,220008,0.0,0.0
2025-11-05 00:00:00-05:00,36.20603798745647,36.640974648159364,35.70344687582479,35.954742431640625,192198,0.0,0.0
2025-11-06 00:00:00-05:00,35.780767077897245,36.360681311526456,35.53913266607472,35.645450592041016,110622,0.0,0.0
2025-11-07 00:00:00-05:00,35.98373629760289,36.49599611561335,35.49081011984367,36.40900802612305,148423,0.0,0.0
2025-11-10 00:00:00-05:00,36.544319831985135,37.288545338765914,35.761434640866646,36.86327362060547,143994,0.0,0.0
2025-11-11 00:00:00-05:00,37.03724950299922,38.14875339504895,36.863273329629955,37.97477722167969,150586,0.0,0.0
2025-11-12 00:00:00-05:00,38.00377123062692,38.62234894854215,37.76214061499517,37.994110107421875,168405,0.0,0.0
2025-11-13 00:00:00-05:00,38.03276905831659,38.25506982803491,37.71381528468448,37.820133209228516,159856,0.0,0.0
2025-11-14 00:00:00-05:00,37.849130194870924,38.24540715443879,37.085574836940964,38.052101135253906,111137,0.0,0.0
2025-11-17 00:00:00-05:00,38.09075777213681,38.77698990796026,37.984439849853516,37.984439849853516,131840,0.0,0.0
2025-11-18 00:00:00-05:00,38.1874144274074,38.69000932563319,38.02310696685628,38.61268615722656,138844,0.0,0.0
2025-11-19 00:00:00-05:00,38.390387831001725,38.873652917496095,38.09076385713639,38.1197624206543,120304,0.0,0.0
2025-11-20 00:00:00-05:00,38.32273036814225,38.84465130391876,37.10490852197794,37.90712356567383,135651,0.0,0.0
2025-11-21 00:00:00-05:00,38.18741319020565,38.719002835257086,37.269215310869534,37.58816909790039,208163,0.0,0.0
2025-11-24 00:00:00-05:00,37.27888050798612,37.53017605201279,36.56364976272604,36.57331848144531,217742,0.0,0.0
2025-11-25 00:00:00-05:00,36.776289082508335,38.01344074668649,36.72796067980112,37.82979965209961,138329,0.0,0.0
2025-11-26 00:00:00-05:00,37.829798986666,38.49670131092565,37.29820935190585,37.41419219970703,188490,0.0,0.0
2025-11-28 00:00:00-05:00,37.617167088106726,37.74281486996859,36.669970566792415,37.07591247558594,70452,0.0,0.0
2025-12-01 00:00:00-05:00,36.85360727522499,37.14356628938589,36.20603480192688,36.46699905395508,144200,0.0,0.0
2025-12-02 00:00:00-05:00,36.505660333210365,36.54432001774458,35.964405761674115,36.18670654296875,83327,0.0,0.0
2025-12-03 00:00:00-05:00,36.3800117636182,36.74729015147892,36.022398296679235,36.30268859863281,140286,0.0,0.0
2025-12-04 00:00:00-05:00,36.302687806647185,36.59264682080808,36.099716876495684,36.46699905395508,107841,0.0,0.0
2025-12-05 00:00:00-05:00,36.331687927246094,36.38001253287669,35.77109971626253,36.331687927246094,72718,0.0,0.0
2025-12-08 00:00:00-05:00,36.27369314583015,36.44766551672358,35.69377891349989,35.983734130859375,118450,0.0,0.0
2025-12-09 00:00:00-05:00,35.98373644588276,36.15771262558029,35.75177073802708,35.92574691772461,108459,0.0,0.0
2025-12-10 00:00:00-05:00,35.877419126205865,36.72796260128083,35.877419126205865,36.389678955078125,145436,0.0,0.0
2025-12-11 00:00:00-05:00,36.51532283272373,37.22088861196164,36.51532283272373,36.77628707885742,134415,0.0,0.0
2025-12-12 00:00:00-05:00,36.81494996055952,37.13390375737031,36.16737744560532,36.26403045654297,104030,0.0,0.0
2025-12-15 00:00:00-05:00,36.351016170842094,36.68929978821345,35.86775114773211,36.56364822387695,129780,0.0,0.0
2025-12-16 00:00:00-05:00,36.75695504997271,37.056578991198336,36.34134826014546,36.39934158325195,108047,0.0,0.0
2025-12-17 00:00:00-05:00,36.52499084885366,37.16289844109739,36.50566100623019,36.55398941040039,135445,0.0,0.0
2025-12-18 00:00:00-05:00,36.53465502351147,37.09523943619319,36.46700057571196,36.47666549682617,119068,0.0,0.0
2025-12-19 00:00:00-05:00,36.50566026016882,36.73762596213288,36.09005346181177,36.47666549682617,391091,0.0,0.0
2025-12-22 00:00:00-05:00,36.360684992667906,36.74729325502368,35.88708863705829,36.27369689941406,131840,0.0,0.0
2025-12-23 00:00:00-05:00,36.1093887203798,36.56365142594616,35.877419210405456,36.0997200012207,120407,0.0,0.0
2025-12-24 00:00:00-05:00,36.380689124567446,36.39037739101199,36.012523579321375,36.254737854003906,66641,0.087379,0.0
2025-12-26 00:00:00-05:00,36.235362826650515,36.98138221458341,35.886573799801766,36.30318069458008,115154,0.0,0.0
2025-12-29 00:00:00-05:00,36.33224695964273,36.458198227319585,35.57653554679726,35.93501281738281,102794,0.0,0.0
2025-12-30 00:00:00-05:00,35.886573248017505,36.33224874326906,35.57653729332413,35.673423767089844,96923,0.0,0.0
2025-12-31 00:00:00-05:00,35.63466572362776,35.731552194212696,35.092107579207216,35.48933792114258,126484,0.0,0.0
2026-01-02 00:00:00-05:00,35.363386365231214,35.56684757113458,34.29763900420617,34.30732727050781,110931,0.0,0.0
2026-01-05 00:00:00-05:00,34.36546088123411,35.13086057114598,33.84227546388504,34.6561164855957,148526,0.0,0.0
2026-01-06 00:00:00-05:00,34.53016348844842,34.98552721171104,34.01667016993572,34.91770935058594,111034,0.0,0.0
2026-01-07 00:00:00-05:00,35.014597398015844,35.014597398015844,34.1716877745346,34.72393798828125,118862,0.0,0.0
2026-01-08 00:00:00-05:00,34.68518362939726,35.702485815350016,34.68518362939726,35.683109283447266,151101,0.0,0.0
2026-01-09 00:00:00-05:00,35.576535956496265,35.77030889674646,35.3052530787891,35.557159423828125,73233,0.0,0.0
2026-01-12 00:00:00-05:00,35.57653721592075,36.2159856573125,35.27618952857895,35.9156379699707,68392,0.0,0.0
2026-01-13 00:00:00-05:00,35.818749419829686,36.58414909043355,35.42151908874688,36.312870025634766,96820,0.0,0.0
2026-01-14 00:00:00-05:00,36.186915943585845,36.622903157854424,35.741240462936574,36.56477355957031,86726,0.0,0.0
2026-01-15 00:00:00-05:00,36.34193458741868,36.90387305237344,36.2547363861637,36.622901916503906,110416,0.0,0.0
2026-01-16 00:00:00-05:00,36.47757406817017,36.787610001765124,35.96407693419152,36.20629119873047,102897,0.0,0.0
2026-01-20 00:00:00-05:00,36.051276233598934,36.94262719059855,36.022211434597054,36.632591247558594,97026,0.0,0.0
2026-01-21 00:00:00-05:00,36.5550839493627,36.61321354550987,36.099716412288394,36.448509216308594,121128,0.0,0.0
2026-01-22 00:00:00-05:00,36.487265304408744,36.90387600512862,36.15785281192075,36.5453987121582,109592,0.0,0.0
2026-01-23 00:00:00-05:00,36.50663897930185,36.923249647397775,35.944700513389506,36.38068771362305,85387,0.0,0.0
2026-01-26 00:00:00-05:00,36.47757514884885,37.0201370970178,36.1869157387205,36.21598434448242,125969,0.0,0.0
2026-01-27 00:00:00-05:00,36.235360089927546,36.48726262249561,35.63466475006916,36.312870025634766,108871,0.0,0.0
2026-01-28 00:00:00-05:00,35.96407851201928,36.30317925860781,35.702487703926096,36.01252365112305,84460,0.0,0.0
2026-01-29 00:00:00-05:00,36.09003438372647,36.48726473783864,35.82843976309282,35.9156379699707,124115,0.0,0.0
2026-01-30 00:00:00-05:00,35.905948267014736,36.75854234798111,35.88657173443574,36.70041275024414,146878,0.0,0.0
2026-02-02 00:00:00-05:00,36.70041195044824,37.45612335205078,36.70041195044824,37.45612335205078,110725,0.0,0.0
2026-02-03 00:00:00-05:00,37.330173040301176,37.95024111908518,37.05889016282084,37.29141616821289,117832,0.0,0.0
2026-02-04 00:00:00-05:00,37.59176511443617,38.1633918808986,37.427056967762425,37.64989471435547,136887,0.0,0.0
2026-02-05 00:00:00-05:00,37.988999648731806,38.47342821330472,37.72740502616339,37.93086624145508,159753,0.0,0.0
2026-02-06 00:00:00-05:00,37.8339794187327,38.4540513256456,37.74678501879754,38.066505432128906,144715,0.0,0.0
2026-02-09 00:00:00-05:00,37.88242453438627,37.89211280103948,36.90387534135061,37.64989471435547,120407,0.0,0.0
2026-02-10 00:00:00-05:00,37.804914818436636,38.7156423435129,37.4948788633426,38.41529846191406,132973,0.0,0.0
2026-02-11 00:00:00-05:00,38.26996703837464,39.258204508844685,37.9793076152536,38.76408767700195,129780,0.0,0.0
2026-02-12 00:00:00-05:00,39.132251975535816,41.4478275989128,38.83190429531631,39.89765167236328,196833,0.0,0.0
2026-02-13 00:00:00-05:00,39.917027827746956,41.04090479284875,39.22913807578795,40.692115783691406,128235,0.0,0.0
2026-02-17 00:00:00-05:00,40.76962572132118,41.40907414150185,40.34332677453407,40.692115783691406,210429,0.0,0.0
2026-02-18 00:00:00-05:00,40.508031071807274,40.508031071807274,39.64574491267686,40.27550506591797,116184,0.0,0.0
2026-02-19 00:00:00-05:00,40.27550468850548,40.614605427815114,39.97515701421944,39.994537353515625,113300,0.0,0.0
2026-02-20 00:00:00-05:00,40.0623568290845,40.575853995227966,39.76201294949949,40.217376708984375,190447,0.0,0.0
2026-02-23 00:00:00-05:00,40.04297936756207,41.06028160283684,39.723255155312664,40.79869079589844,98365,0.0,0.0
2026-02-24 00:00:00-05:00,41.089345650859975,41.38000505853195,40.62429364401232,41.31218719482422,101043,0.0,0.0
2026-02-25 00:00:00-05:00,41.118414000724435,41.57377773849693,39.74263452122323,40.54678726196289,131428,0.0,0.0
2026-02-26 00:00:00-05:00,40.77931567739206,41.06028302691735,40.32395191266968,40.6727409362793,106811,0.0,0.0
2026-02-27 00:00:00-05:00,40.65336432365811,41.37031890299645,40.65336432365811,40.914955139160156,158929,0.0,0.0
2026-03-02 00:00:00-05:00,40.953706933352706,42.31980198919063,40.84713219575946,41.63191223144531,262753,0.0,0.0
2026-03-03 00:00:00-05:00,41.07966041382183,41.16685480836701,40.34332554572787,40.750244140625,223201,0.0,0.0
2026-03-04 00:00:00-05:00,41.0021536532934,42.25198194650762,40.75993936945605,41.85475158691406,165109,0.0,0.0
2026-03-05 00:00:00-05:00,41.79999923706055,42.779998779296875,40.209999084472656,41.38999938964844,147800,0.087,1.03
2026-03-06 00:00:00-05:00,40.90999984741211,42.16999816894531,40.689998626708984,41.959999084472656,153900,0.0,0.0
2026-03-09 00:00:00-04:00,41.560001373291016,43.11000061035156,41.5099983215332,42.34000015258789,163600,0.0,0.0
2026-03-10 00:00:00-04:00,42.02000045776367,42.65999984741211,41.0,41.529998779296875,137000,0.0,0.0
2026-03-11 00:00:00-04:00,41.099998474121094,41.790000915527344,40.52000045776367,40.97999954223633,168300,0.0,0.0
2026-03-12 00:00:00-04:00,40.95000076293945,41.81999969482422,40.41999816894531,41.31999969482422,122200,0.0,0.0
2026-03-13 00:00:00-04:00,41.59000015258789,42.5099983215332,41.38999938964844,42.38999938964844,170900,0.0,0.0
2026-03-16 00:00:00-04:00,42.880001068115234,43.400001525878906,42.0099983215332,42.400001525878906,127600,0.0,0.0
2026-03-17 00:00:00-04:00,42.400001525878906,42.779998779296875,40.88999938964844,42.27000045776367,127500,0.0,0.0
2026-03-18 00:00:00-04:00,41.970001220703125,42.040000915527344,41.15999984741211,41.81999969482422,159000,0.0,0.0
2026-03-19 00:00:00-04:00,41.70000076293945,42.0099983215332,40.20000076293945,41.04999923706055,156300,0.0,0.0
2026-03-20 00:00:00-04:00,41.349998474121094,41.470001220703125,40.439998626708984,40.52000045776367,384400,0.0,0.0
2026-03-23 00:00:00-04:00,40.90999984741211,41.91999816894531,40.400001525878906,41.279998779296875,166500,0.0,0.0
2026-03-24 00:00:00-04:00,41.25,42.2599983215332,41.189998626708984,41.61000061035156,111800,0.0,0.0
2026-03-25 00:00:00-04:00,42.08000183105469,42.08000183105469,40.810001373291016,41.720001220703125,90400,0.0,0.0
2026-03-26 00:00:00-04:00,41.66999816894531,42.18000030517578,41.560001373291016,41.619998931884766,112300,0.0,0.0
2026-03-27 00:00:00-04:00,41.54999923706055,42.72999954223633,41.290000915527344,42.36000061035156,110400,0.0,0.0
2026-03-30 00:00:00-04:00,42.75,43.04999923706055,42.08000183105469,42.83000183105469,118700,0.0,0.0
2026-03-31 00:00:00-04:00,42.88999938964844,43.970001220703125,42.18000030517578,42.720001220703125,135400,0.0,0.0
2026-04-01 00:00:00-04:00,42.4900016784668,43.349998474121094,42.400001525878906,43.040000915527344,118600,0.0,0.0
2026-04-02 00:00:00-04:00,43.33000183105469,43.790000915527344,42.849998474121094,43.72999954223633,95500,0.0,0.0
2026-04-06 00:00:00-04:00,43.54999923706055,44.59000015258789,43.5,43.86000061035156,105500,0.0,0.0
2026-04-07 00:00:00-04:00,43.97999954223633,44.189998626708984,43.33000183105469,43.380001068115234,108200,0.0,0.0
2026-04-08 00:00:00-04:00,43.65999984741211,44.439998626708984,42.88999938964844,44.220001220703125,147100,0.0,0.0
2026-04-09 00:00:00-04:00,43.83000183105469,44.959999084472656,43.83000183105469,44.810001373291016,102600,0.0,0.0
2026-04-10 00:00:00-04:00,44.66999816894531,45.060001373291016,44.13999938964844,44.22999954223633,79800,0.0,0.0
2026-04-13 00:00:00-04:00,44.33000183105469,44.56999969482422,43.290000915527344,44.18000030517578,74793,0.0,0.0
