Date,Open,High,Low,Close,Volume,Dividends,Stock Splits
2022-01-03 00:00:00-05:00,530.0,595.0,530.0,590.0,3447,0.0,0.0
2022-01-04 00:00:00-05:00,590.0,590.0,540.0,560.0,2100,0.0,0.0
2022-01-05 00:00:00-05:00,550.0,557.5,505.0,520.0,2438,0.0,0.0
2022-01-06 00:00:00-05:00,510.0,555.0,495.5,545.0,2128,0.0,0.0
2022-01-07 00:00:00-05:00,525.0,535.0,510.0,520.0,889,0.0,0.0
2022-01-10 00:00:00-05:00,520.0,540.0,495.5,525.0,1799,0.0,0.0
2022-01-11 00:00:00-05:00,525.0,552.5,515.0,535.0,910,0.0,0.0
2022-01-12 00:00:00-05:00,525.0,532.5,497.5,510.0,1663,0.0,0.0
2022-01-13 00:00:00-05:00,500.0,520.0,500.0,500.0,1117,0.0,0.0
2022-01-14 00:00:00-05:00,500.0,530.0,500.0,525.0,1638,0.0,0.0
2022-01-18 00:00:00-05:00,505.0,515.0,500.0,505.0,1215,0.0,0.0
2022-01-19 00:00:00-05:00,500.0,515.0,492.5,500.0,1372,0.0,0.0
2022-01-20 00:00:00-05:00,500.0,520.0,492.5,492.5,900,0.0,0.0
2022-01-21 00:00:00-05:00,510.0,510.0,450.0,457.5,1720,0.0,0.0
2022-01-24 00:00:00-05:00,455.0,463.5,417.5,459.5,1221,0.0,0.0
2022-01-25 00:00:00-05:00,459.5,475.0,435.0,455.0,719,0.0,0.0
2022-01-26 00:00:00-05:00,450.0,466.0,438.0,438.0,537,0.0,0.0
2022-01-27 00:00:00-05:00,440.0,449.5,395.0,401.0,1313,0.0,0.0
2022-01-28 00:00:00-05:00,402.0,430.0,385.5,405.0,1195,0.0,0.0
2022-01-31 00:00:00-05:00,415.0,439.0,409.0,435.0,558,0.0,0.0
2022-02-01 00:00:00-05:00,433.5,475.0,426.0,440.0,482,0.0,0.0
2022-02-02 00:00:00-05:00,445.0,455.0,401.5,424.0,653,0.0,0.0
2022-02-03 00:00:00-05:00,420.0,435.0,400.0,410.5,465,0.0,0.0
2022-02-04 00:00:00-05:00,423.5,434.0,395.0,421.0,498,0.0,0.0
2022-02-07 00:00:00-05:00,414.0,420.0,385.0,400.0,1153,0.0,0.0
2022-02-08 00:00:00-05:00,397.5,397.5,376.5,380.0,791,0.0,0.0
2022-02-09 00:00:00-05:00,397.5,405.0,382.5,392.5,989,0.0,0.0
2022-02-10 00:00:00-05:00,383.0,410.0,383.0,392.5,702,0.0,0.0
2022-02-11 00:00:00-05:00,385.5,397.5,380.0,380.0,492,0.0,0.0
2022-02-14 00:00:00-05:00,380.0,380.0,355.5,363.5,606,0.0,0.0
2022-02-15 00:00:00-05:00,365.0,381.5,360.0,368.0,605,0.0,0.0
2022-02-16 00:00:00-05:00,374.5,384.5,365.0,374.5,499,0.0,0.0
2022-02-17 00:00:00-05:00,375.0,375.0,350.0,357.5,501,0.0,0.0
2022-02-18 00:00:00-05:00,355.0,365.0,350.0,351.5,321,0.0,0.0
2022-02-22 00:00:00-05:00,348.5,350.0,331.0,345.0,300,0.0,0.0
2022-02-23 00:00:00-05:00,346.5,350.0,328.5,330.0,514,0.0,0.0
2022-02-24 00:00:00-05:00,290.0,306.0,235.0,302.5,1625,0.0,0.0
2022-02-25 00:00:00-05:00,310.0,320.0,295.0,320.0,441,0.0,0.0
2022-02-28 00:00:00-05:00,310.5,342.5,310.5,330.0,404,0.0,0.0
2022-03-01 00:00:00-05:00,328.5,346.5,320.0,335.0,411,0.0,0.0
2022-03-02 00:00:00-05:00,335.0,345.0,320.5,326.0,346,0.0,0.0
2022-03-03 00:00:00-05:00,342.0,342.0,292.5,306.0,887,0.0,0.0
2022-03-04 00:00:00-05:00,301.0,312.5,300.0,306.5,260,0.0,0.0
2022-03-07 00:00:00-05:00,305.0,309.5,287.0,290.0,477,0.0,0.0
2022-03-08 00:00:00-05:00,293.0,312.5,276.5,300.0,472,0.0,0.0
2022-03-09 00:00:00-05:00,295.0,312.5,295.0,305.0,306,0.0,0.0
2022-03-10 00:00:00-05:00,300.5,315.0,300.5,305.0,182,0.0,0.0
2022-03-11 00:00:00-05:00,298.5,310.0,280.0,300.0,396,0.0,0.0
2022-03-14 00:00:00-04:00,300.0,300.5,270.0,275.0,314,0.0,0.0
2022-03-15 00:00:00-04:00,290.0,296.0,282.0,285.0,374,0.0,0.0
2022-03-16 00:00:00-04:00,289.0,310.0,288.5,305.0,775,0.0,0.0
2022-03-17 00:00:00-04:00,312.0,322.5,300.0,308.5,217,0.0,0.0
2022-03-18 00:00:00-04:00,301.0,322.5,301.0,301.5,729,0.0,0.0
2022-03-21 00:00:00-04:00,315.0,325.0,310.0,311.0,305,0.0,0.0
2022-03-22 00:00:00-04:00,330.0,347.5,315.0,336.0,598,0.0,0.0
2022-03-23 00:00:00-04:00,335.0,338.5,316.5,330.0,379,0.0,0.0
2022-03-24 00:00:00-04:00,332.0,332.0,305.0,326.0,400,0.0,0.0
2022-03-25 00:00:00-04:00,326.0,344.5,315.0,337.5,302,0.0,0.0
2022-03-28 00:00:00-04:00,340.0,350.0,325.0,340.0,356,0.0,0.0
2022-03-29 00:00:00-04:00,335.0,363.5,325.0,336.0,1116,0.0,0.0
2022-03-30 00:00:00-04:00,332.0,347.5,325.5,336.5,223,0.0,0.0
2022-03-31 00:00:00-04:00,342.5,342.5,315.0,330.0,232,0.0,0.0
2022-04-01 00:00:00-04:00,333.0,334.0,317.5,325.5,238,0.0,0.0
2022-04-04 00:00:00-04:00,316.5,325.5,316.0,317.5,171,0.0,0.0
2022-04-05 00:00:00-04:00,327.5,330.0,315.0,318.0,296,0.0,0.0
2022-04-06 00:00:00-04:00,321.0,325.0,305.0,308.0,299,0.0,0.0
2022-04-07 00:00:00-04:00,308.0,320.0,301.0,310.5,264,0.0,0.0
2022-04-08 00:00:00-04:00,301.5,309.0,290.0,297.5,355,0.0,0.0
2022-04-11 00:00:00-04:00,290.0,306.5,290.0,305.0,134,0.0,0.0
2022-04-12 00:00:00-04:00,291.5,760.0,291.5,463.5,101691,0.0,0.0
2022-04-13 00:00:00-04:00,432.0,445.0,351.0,384.5,7177,0.0,0.0
2022-04-14 00:00:00-04:00,384.5,425.0,352.5,363.0,4586,0.0,0.0
2022-04-18 00:00:00-04:00,362.0,375.0,311.0,316.5,4329,0.0,0.0
2022-04-19 00:00:00-04:00,314.5,352.5,310.5,331.5,2737,0.0,0.0
2022-04-20 00:00:00-04:00,310.5,329.5,309.0,312.5,1177,0.0,0.0
2022-04-21 00:00:00-04:00,315.0,325.0,300.0,305.0,525,0.0,0.0
2022-04-22 00:00:00-04:00,305.0,315.0,295.0,298.0,548,0.0,0.0
2022-04-25 00:00:00-04:00,303.0,330.0,295.0,307.5,3267,0.0,0.0
2022-04-26 00:00:00-04:00,307.5,307.5,290.0,291.5,575,0.0,0.0
2022-04-27 00:00:00-04:00,298.5,305.0,292.5,296.0,259,0.0,0.0
2022-04-28 00:00:00-04:00,292.5,300.5,290.0,295.0,225,0.0,0.0
2022-04-29 00:00:00-04:00,295.0,295.0,274.5,285.0,747,0.0,0.0
2022-05-02 00:00:00-04:00,283.0,295.0,265.0,276.0,455,0.0,0.0
2022-05-03 00:00:00-04:00,276.0,295.0,275.5,283.5,368,0.0,0.0
2022-05-04 00:00:00-04:00,285.0,295.0,275.0,285.5,410,0.0,0.0
2022-05-05 00:00:00-04:00,290.0,290.0,271.0,272.0,210,0.0,0.0
2022-05-06 00:00:00-04:00,279.5,289.5,265.0,271.0,248,0.0,0.0
2022-05-09 00:00:00-04:00,270.0,273.0,250.0,251.5,507,0.0,0.0
2022-05-10 00:00:00-04:00,272.0,272.0,250.0,255.0,437,0.0,0.0
2022-05-11 00:00:00-04:00,250.0,261.0,225.0,227.5,806,0.0,0.0
2022-05-12 00:00:00-04:00,230.0,254.0,230.0,252.5,567,0.0,0.0
2022-05-13 00:00:00-04:00,260.0,293.0,250.0,271.5,1004,0.0,0.0
2022-05-16 00:00:00-04:00,278.0,278.0,260.5,266.0,172,0.0,0.0
2022-05-17 00:00:00-04:00,266.5,280.0,240.5,261.0,505,0.0,0.0
2022-05-18 00:00:00-04:00,271.0,274.5,240.0,252.5,248,0.0,0.0
2022-05-19 00:00:00-04:00,251.5,265.0,245.0,260.0,149,0.0,0.0
2022-05-20 00:00:00-04:00,265.0,265.5,245.0,255.0,172,0.0,0.0
2022-05-23 00:00:00-04:00,250.0,270.0,250.0,266.0,177,0.0,0.0
2022-05-24 00:00:00-04:00,260.0,270.0,250.5,270.0,150,0.0,0.0
2022-05-25 00:00:00-04:00,255.0,275.0,251.0,257.0,111,0.0,0.0
2022-05-26 00:00:00-04:00,265.0,270.5,255.0,263.5,164,0.0,0.0
2022-05-27 00:00:00-04:00,275.0,280.0,262.5,272.5,426,0.0,0.0
2022-05-31 00:00:00-04:00,283.5,284.0,272.5,280.5,169,0.0,0.0
2022-06-01 00:00:00-04:00,284.0,289.0,275.0,280.0,172,0.0,0.0
2022-06-02 00:00:00-04:00,284.5,310.0,284.5,295.0,853,0.0,0.0
2022-06-03 00:00:00-04:00,300.5,304.5,282.5,291.5,128,0.0,0.0
2022-06-06 00:00:00-04:00,295.0,323.0,287.5,305.0,1521,0.0,0.0
2022-06-07 00:00:00-04:00,300.5,314.0,290.5,297.0,489,0.0,0.0
2022-06-08 00:00:00-04:00,305.0,310.0,292.5,300.0,239,0.0,0.0
2022-06-09 00:00:00-04:00,292.5,308.0,292.5,299.0,275,0.0,0.0
2022-06-10 00:00:00-04:00,312.5,312.5,285.0,305.0,204,0.0,0.0
2022-06-13 00:00:00-04:00,300.0,312.5,275.5,281.0,403,0.0,0.0
2022-06-14 00:00:00-04:00,290.0,312.5,286.0,290.0,409,0.0,0.0
2022-06-15 00:00:00-04:00,281.5,325.0,278.5,303.0,838,0.0,0.0
2022-06-16 00:00:00-04:00,300.0,317.5,290.0,290.0,345,0.0,0.0
2022-06-17 00:00:00-04:00,280.0,310.0,280.0,285.5,254,0.0,0.0
2022-06-21 00:00:00-04:00,287.5,305.5,283.0,283.0,395,0.0,0.0
2022-06-22 00:00:00-04:00,298.5,298.5,278.0,278.0,283,0.0,0.0
2022-06-23 00:00:00-04:00,275.0,300.0,274.5,291.0,250,0.0,0.0
2022-06-24 00:00:00-04:00,290.0,305.0,282.5,282.5,365,0.0,0.0
2022-06-27 00:00:00-04:00,285.0,295.0,280.0,285.0,267,0.0,0.0
2022-06-28 00:00:00-04:00,285.0,310.0,275.0,279.5,1178,0.0,0.0
2022-06-29 00:00:00-04:00,280.0,290.0,280.0,285.0,167,0.0,0.0
2022-06-30 00:00:00-04:00,280.0,285.0,270.5,285.0,205,0.0,0.0
2022-07-01 00:00:00-04:00,275.0,280.0,258.0,261.0,389,0.0,0.0
2022-07-05 00:00:00-04:00,264.0,264.0,245.5,252.5,469,0.0,0.0
2022-07-06 00:00:00-04:00,264.5,265.0,245.5,250.0,331,0.0,0.0
2022-07-07 00:00:00-04:00,250.0,255.0,245.5,248.5,433,0.0,0.0
2022-07-08 00:00:00-04:00,250.0,262.5,248.5,254.5,330,0.0,0.0
2022-07-11 00:00:00-04:00,250.0,255.0,237.5,240.5,735,0.0,0.0
2022-07-12 00:00:00-04:00,252.5,254.5,237.5,242.5,275,0.0,0.0
2022-07-13 00:00:00-04:00,244.5,250.0,237.5,237.5,388,0.0,0.0
2022-07-14 00:00:00-04:00,237.5,246.0,231.0,238.5,313,0.0,0.0
2022-07-15 00:00:00-04:00,235.0,243.5,225.0,233.0,485,0.0,0.0
2022-07-18 00:00:00-04:00,230.0,239.5,221.5,226.0,487,0.0,0.0
2022-07-19 00:00:00-04:00,230.0,235.5,220.0,222.5,454,0.0,0.0
2022-07-20 00:00:00-04:00,228.0,230.0,222.5,225.0,316,0.0,0.0
2022-07-21 00:00:00-04:00,251.0,251.0,220.0,223.5,567,0.0,0.0
2022-07-22 00:00:00-04:00,234.0,234.0,215.5,227.0,612,0.0,0.0
2022-07-25 00:00:00-04:00,231.0,231.0,217.0,219.0,289,0.0,0.0
2022-07-26 00:00:00-04:00,220.0,222.5,209.0,210.0,381,0.0,0.0
2022-07-27 00:00:00-04:00,210.0,216.0,207.5,209.5,300,0.0,0.0
2022-07-28 00:00:00-04:00,215.0,219.5,207.0,215.5,357,0.0,0.0
2022-07-29 00:00:00-04:00,215.5,215.5,205.0,209.5,259,0.0,0.0
2022-08-01 00:00:00-04:00,233.5,240.0,200.0,207.5,2173,0.0,0.0
2022-08-02 00:00:00-04:00,209.0,210.5,200.0,205.0,627,0.0,0.0
2022-08-03 00:00:00-04:00,219.5,236.0,209.0,211.5,1918,0.0,0.0
2022-08-04 00:00:00-04:00,210.0,217.0,202.5,213.0,890,0.0,0.0
2022-08-05 00:00:00-04:00,214.5,219.5,208.0,214.0,510,0.0,0.0
2022-08-08 00:00:00-04:00,214.5,220.0,206.0,213.5,533,0.0,0.0
2022-08-09 00:00:00-04:00,210.5,216.5,207.5,208.0,183,0.0,0.0
2022-08-10 00:00:00-04:00,211.0,220.0,211.0,212.5,574,0.0,0.0
2022-08-11 00:00:00-04:00,219.5,224.0,207.5,212.5,443,0.0,0.0
2022-08-12 00:00:00-04:00,220.0,222.5,207.5,213.5,251,0.0,0.0
2022-08-15 00:00:00-04:00,210.0,222.5,210.0,212.5,559,0.0,0.0
2022-08-16 00:00:00-04:00,217.0,217.0,205.0,208.0,479,0.0,0.0
2022-08-17 00:00:00-04:00,214.0,215.0,201.0,212.0,351,0.0,0.0
2022-08-18 00:00:00-04:00,212.5,214.5,200.5,210.0,382,0.0,0.0
2022-08-19 00:00:00-04:00,209.0,210.0,200.0,205.0,109,0.0,0.0
2022-08-22 00:00:00-04:00,204.5,210.5,200.0,200.5,203,0.0,0.0
2022-08-23 00:00:00-04:00,205.0,210.0,195.0,201.0,454,0.0,0.0
2022-08-24 00:00:00-04:00,200.0,200.0,190.0,195.0,389,0.0,0.0
2022-08-25 00:00:00-04:00,199.5,199.5,190.0,195.0,676,0.0,0.0
2022-08-26 00:00:00-04:00,190.5,200.0,180.0,195.0,953,0.0,0.0
2022-08-29 00:00:00-04:00,196.0,204.0,187.5,199.0,726,0.0,0.0
2022-08-30 00:00:00-04:00,194.5,200.0,189.5,195.0,350,0.0,0.0
2022-08-31 00:00:00-04:00,192.0,195.5,187.0,190.5,482,0.0,0.0
2022-09-01 00:00:00-04:00,187.5,195.0,183.5,189.0,306,0.0,0.0
2022-09-02 00:00:00-04:00,195.0,195.0,185.5,189.5,306,0.0,0.0
2022-09-06 00:00:00-04:00,189.0,189.0,182.5,185.0,278,0.0,0.0
2022-09-07 00:00:00-04:00,185.5,186.0,172.5,182.0,437,0.0,0.0
2022-09-08 00:00:00-04:00,180.0,186.0,174.0,182.0,376,0.0,0.0
2022-09-09 00:00:00-04:00,180.0,182.5,175.0,180.0,216,0.0,0.0
2022-09-12 00:00:00-04:00,177.5,185.0,177.5,180.0,227,0.0,0.0
2022-09-13 00:00:00-04:00,178.0,178.0,160.0,175.0,398,0.0,0.0
2022-09-14 00:00:00-04:00,173.0,177.0,165.0,165.0,423,0.0,0.0
2022-09-15 00:00:00-04:00,165.0,171.5,163.5,163.5,278,0.0,0.0
2022-09-16 00:00:00-04:00,163.5,167.5,160.0,160.0,250,0.0,0.0
2022-09-19 00:00:00-04:00,157.0,170.0,155.0,159.0,689,0.0,0.0
2022-09-20 00:00:00-04:00,157.0,166.5,140.5,150.0,781,0.0,0.0
2022-09-21 00:00:00-04:00,145.5,156.5,145.0,145.0,273,0.0,0.0
2022-09-22 00:00:00-04:00,147.0,150.0,133.0,140.5,328,0.0,0.0
2022-09-23 00:00:00-04:00,135.0,160.0,130.0,142.5,969,0.0,0.0
2022-09-26 00:00:00-04:00,145.0,155.0,130.0,146.0,684,0.0,0.0
2022-09-27 00:00:00-04:00,152.0,152.0,142.0,145.0,185,0.0,0.0
2022-09-28 00:00:00-04:00,145.0,151.0,135.0,140.0,421,0.0,0.0
2022-09-29 00:00:00-04:00,140.0,143.5,137.5,142.0,241,0.0,0.0
2022-09-30 00:00:00-04:00,138.0,142.5,130.5,133.5,251,0.0,0.0
2022-10-03 00:00:00-04:00,140.0,140.0,130.0,135.0,259,0.0,0.0
2022-10-04 00:00:00-04:00,138.5,162.0,133.5,145.0,1055,0.0,0.0
2022-10-05 00:00:00-04:00,155.5,155.5,140.0,145.0,151,0.0,0.0
2022-10-06 00:00:00-04:00,150.0,150.0,130.0,130.5,768,0.0,0.0
2022-10-07 00:00:00-04:00,139.5,145.0,130.5,135.0,551,0.0,0.0
2022-10-10 00:00:00-04:00,131.5,140.0,131.5,134.5,82,0.0,0.0
2022-10-11 00:00:00-04:00,131.5,142.5,131.5,136.5,145,0.0,0.0
2022-10-12 00:00:00-04:00,136.5,142.0,136.5,139.0,163,0.0,0.0
2022-10-13 00:00:00-04:00,132.5,140.0,131.5,135.0,162,0.0,0.0
2022-10-14 00:00:00-04:00,135.5,138.5,131.5,134.5,106,0.0,0.0
2022-10-17 00:00:00-04:00,133.0,150.0,133.0,135.0,868,0.0,0.0
2022-10-18 00:00:00-04:00,135.0,142.0,135.0,138.0,137,0.0,0.0
2022-10-19 00:00:00-04:00,134.0,140.0,130.0,131.5,727,0.0,0.0
2022-10-20 00:00:00-04:00,134.5,135.0,120.0,126.5,303,0.0,0.0
2022-10-21 00:00:00-04:00,125.5,130.0,110.5,123.0,552,0.0,0.0
2022-10-24 00:00:00-04:00,125.0,125.0,111.0,115.0,313,0.0,0.0
2022-10-25 00:00:00-04:00,107.5,125.0,107.5,116.0,651,0.0,0.0
2022-10-26 00:00:00-04:00,120.0,120.0,113.5,118.0,377,0.0,0.0
2022-10-27 00:00:00-04:00,120.0,120.0,112.5,117.5,296,0.0,0.0
2022-10-28 00:00:00-04:00,117.5,125.0,111.0,120.0,386,0.0,0.0
2022-10-31 00:00:00-04:00,125.0,125.0,110.0,110.0,550,0.0,0.0
2022-11-01 00:00:00-04:00,123.0,123.0,107.0,110.0,229,0.0,0.0
2022-11-02 00:00:00-04:00,116.0,117.5,110.0,112.0,238,0.0,0.0
2022-11-03 00:00:00-04:00,110.0,115.0,103.5,107.5,645,0.0,0.0
2022-11-04 00:00:00-04:00,110.5,111.5,105.0,106.0,248,0.0,0.0
2022-11-07 00:00:00-05:00,110.0,110.0,96.0,102.5,752,0.0,0.0
2022-11-08 00:00:00-05:00,103.5,105.0,95.0,100.0,600,0.0,0.0
2022-11-09 00:00:00-05:00,98.0,100.0,93.0,97.5,407,0.0,0.0
2022-11-10 00:00:00-05:00,96.0,102.5,90.5,98.0,492,0.0,0.0
2022-11-11 00:00:00-05:00,107.5,107.5,95.0,105.0,318,0.0,0.0
2022-11-14 00:00:00-05:00,102.0,110.0,100.5,110.0,112,0.0,0.0
2022-11-15 00:00:00-05:00,110.0,119.0,105.0,110.5,252,0.0,0.0
2022-11-16 00:00:00-05:00,115.0,115.0,104.5,105.0,312,0.0,0.0
2022-11-17 00:00:00-05:00,103.0,112.0,102.5,109.5,100,0.0,0.0
2022-11-18 00:00:00-05:00,102.5,112.5,102.5,106.5,414,0.0,0.0
2022-11-21 00:00:00-05:00,111.0,112.5,95.5,100.0,660,0.0,0.0
2022-11-22 00:00:00-05:00,95.0,101.5,85.5,85.5,1025,0.0,0.0
2022-11-23 00:00:00-05:00,82.5,91.0,77.0,90.0,904,0.0,0.1
2022-11-25 00:00:00-05:00,89.0,92.5,89.0,92.5,174,0.0,0.0
2022-11-28 00:00:00-05:00,93.0,94.0,85.9000015258789,90.0,326,0.0,0.0
2022-11-29 00:00:00-05:00,90.0,90.0,79.5,80.0,582,0.0,0.0
2022-11-30 00:00:00-05:00,80.0,80.0,70.75,74.9000015258789,764,0.0,0.0
2022-12-01 00:00:00-05:00,75.0,96.5,75.0,90.0,6998,0.0,0.0
2022-12-02 00:00:00-05:00,90.0,90.0,80.5,83.5,668,0.0,0.0
2022-12-05 00:00:00-05:00,87.55000305175781,87.55000305175781,80.5,82.0,208,0.0,0.0
2022-12-06 00:00:00-05:00,80.5,82.5,80.0,80.5,216,0.0,0.0
2022-12-07 00:00:00-05:00,80.5,81.0,75.5,75.5,376,0.0,0.0
2022-12-08 00:00:00-05:00,75.5,75.94999694824219,74.5,74.75,202,0.0,0.0
2022-12-09 00:00:00-05:00,74.0,77.0,72.5,74.0,334,0.0,0.0
2022-12-12 00:00:00-05:00,74.5,77.5,72.5,72.75,442,0.0,0.0
2022-12-13 00:00:00-05:00,74.0,74.0,68.8499984741211,71.5,234,0.0,0.0
2022-12-14 00:00:00-05:00,70.5,72.0,69.0,71.0,302,0.0,0.0
2022-12-15 00:00:00-05:00,73.0,73.0,67.5,71.0,364,0.0,0.0
2022-12-16 00:00:00-05:00,68.0,72.5,65.5,72.0,344,0.0,0.0
2022-12-19 00:00:00-05:00,72.5,72.5,62.79999923706055,65.0,676,0.0,0.0
2022-12-20 00:00:00-05:00,65.5,68.5,62.5,65.0,320,0.0,0.0
2022-12-21 00:00:00-05:00,74.5,74.5,62.0,65.5,504,0.0,0.0
2022-12-22 00:00:00-05:00,64.0,69.05000305175781,62.0,66.69999694824219,402,0.0,0.0
2022-12-23 00:00:00-05:00,65.0,67.0,60.45000076293945,62.5,474,0.0,0.0
2022-12-27 00:00:00-05:00,61.0,69.0,60.0,60.5,338,0.0,0.0
2022-12-28 00:00:00-05:00,58.0,62.5,56.04999923706055,59.0,332,0.0,0.0
2022-12-29 00:00:00-05:00,61.5,61.95000076293945,55.5,60.0,1136,0.0,0.0
2022-12-30 00:00:00-05:00,58.0,68.0,58.0,64.44999694824219,984,0.0,0.0
2023-01-03 00:00:00-05:00,63.0,72.5,62.0,69.0,2248,0.0,0.0
2023-01-04 00:00:00-05:00,72.0,72.25,67.0,68.80000305175781,682,0.0,0.0
2023-01-05 00:00:00-05:00,68.5,75.5,67.69999694824219,75.5,980,0.0,0.0
2023-01-06 00:00:00-05:00,75.0,75.0,69.5,71.5,402,0.0,0.0
2023-01-09 00:00:00-05:00,74.5,96.5,57.0,63.5,77032,0.0,0.0
2023-01-10 00:00:00-05:00,76.5,79.5,60.5,67.0,134730,0.0,0.0
2023-01-11 00:00:00-05:00,62.5,73.5,61.0,72.0,21844,0.0,0.0
2023-01-12 00:00:00-05:00,74.5,75.0,65.0,69.0,5426,0.0,0.0
2023-01-13 00:00:00-05:00,68.0,68.5,64.0,67.0,2836,0.0,0.0
2023-01-17 00:00:00-05:00,67.5,67.5,63.5,65.5,2522,0.0,0.0
2023-01-18 00:00:00-05:00,64.5,66.5,63.0,64.0,1582,0.0,0.0
2023-01-19 00:00:00-05:00,64.5,65.5,63.0,63.25,1070,0.0,0.0
2023-01-20 00:00:00-05:00,63.0,63.5,61.0,63.0,1494,0.0,0.0
2023-01-23 00:00:00-05:00,65.5,65.5,62.0,64.0,682,0.0,0.0
2023-01-24 00:00:00-05:00,66.0,66.0,62.0,64.0,1102,0.0,0.0
2023-01-25 00:00:00-05:00,62.54999923706055,63.5,61.5,62.0,826,0.0,0.0
2023-01-26 00:00:00-05:00,61.0,64.5,61.0,63.5,1072,0.0,0.0
2023-01-27 00:00:00-05:00,63.0,63.5,61.0,62.5,1390,0.0,0.0
2023-01-30 00:00:00-05:00,62.0,64.0,60.0,63.29999923706055,764,0.0,0.0
2023-01-31 00:00:00-05:00,62.0,65.5,62.0,64.5,524,0.0,0.0
2023-02-01 00:00:00-05:00,65.44999694824219,74.0,65.25,71.5,9462,0.0,0.0
2023-02-02 00:00:00-05:00,71.5,73.5,70.0,70.75,2240,0.0,0.0
2023-02-03 00:00:00-05:00,72.0,72.0,69.0,69.5,1096,0.0,0.0
2023-02-06 00:00:00-05:00,71.0,71.0,67.5,69.0,1234,0.0,0.0
2023-02-07 00:00:00-05:00,70.0,70.0,66.55000305175781,68.0,734,0.0,0.0
2023-02-08 00:00:00-05:00,66.5,67.94999694824219,65.0,65.5,1322,0.0,0.0
2023-02-09 00:00:00-05:00,65.0999984741211,65.0999984741211,61.5,62.0,1450,0.0,0.0
2023-02-10 00:00:00-05:00,61.5,62.5,60.5,61.0,496,0.0,0.0
2023-02-13 00:00:00-05:00,62.0,63.5,62.0,63.0,414,0.0,0.0
2023-02-14 00:00:00-05:00,63.0,63.5,61.5,61.849998474121094,728,0.0,0.0
2023-02-15 00:00:00-05:00,62.0,64.5,62.0,62.25,850,0.0,0.0
2023-02-16 00:00:00-05:00,63.5,64.0,61.0,61.900001525878906,632,0.0,0.0
2023-02-17 00:00:00-05:00,60.5,61.5,60.5,60.5,372,0.0,0.0
2023-02-21 00:00:00-05:00,64.0,64.0,60.5,61.0,5078,0.0,0.0
2023-02-22 00:00:00-05:00,60.5,61.5,58.099998474121094,59.0,1408,0.0,0.0
2023-02-23 00:00:00-05:00,59.0,59.0,58.0,58.5,628,0.0,0.0
2023-02-24 00:00:00-05:00,57.5,60.5,56.5,58.0,514,0.0,0.0
2023-02-27 00:00:00-05:00,60.5,60.5,55.5,56.5,676,0.0,0.0
2023-02-28 00:00:00-05:00,57.95000076293945,58.0,56.5,57.29999923706055,138,0.0,0.0
2023-03-01 00:00:00-05:00,57.5,61.0,56.5,56.5,250,0.0,0.0
2023-03-02 00:00:00-05:00,58.0,58.0,56.0,56.5,238,0.0,0.0
2023-03-03 00:00:00-05:00,57.5,58.0,57.0,57.29999923706055,228,0.0,0.0
2023-03-06 00:00:00-05:00,57.04999923706055,58.0,56.5,57.0,190,0.0,0.0
2023-03-07 00:00:00-05:00,59.0,69.0,57.5,63.0,11468,0.0,0.0
2023-03-08 00:00:00-05:00,64.0,66.0,56.0,58.5,2844,0.0,0.0
2023-03-09 00:00:00-05:00,57.5,59.0,56.5,56.79999923706055,668,0.0,0.0
2023-03-10 00:00:00-05:00,56.5,58.45000076293945,53.5,54.0,662,0.0,0.0
2023-03-13 00:00:00-04:00,55.5,55.5,50.5,51.5,376,0.0,0.0
2023-03-14 00:00:00-04:00,54.0,54.0,51.5,51.5,428,0.0,0.0
2023-03-15 00:00:00-04:00,54.0,54.0,50.5,50.5,538,0.0,0.0
2023-03-16 00:00:00-04:00,53.5,53.5,51.0,52.5,182,0.0,0.0
2023-03-17 00:00:00-04:00,53.5,53.5,49.45000076293945,49.45000076293945,400,0.0,0.0
2023-03-20 00:00:00-04:00,51.5,51.5,49.0,49.0,554,0.0,0.0
2023-03-21 00:00:00-04:00,60.0,68.5,51.5,57.0,154918,0.0,0.0
2023-03-22 00:00:00-04:00,53.5,55.0,46.5,50.25,11110,0.0,0.0
2023-03-23 00:00:00-04:00,49.0,50.5,47.25,50.5,2390,0.0,0.0
2023-03-24 00:00:00-04:00,48.5,50.0,47.5,48.150001525878906,1330,0.0,0.0
2023-03-27 00:00:00-04:00,48.5,49.29999923706055,42.0,44.79999923706055,2664,0.0,0.0
2023-03-28 00:00:00-04:00,44.0,45.650001525878906,42.849998474121094,44.5,634,0.0,0.0
2023-03-29 00:00:00-04:00,41.75,46.650001525878906,41.5,45.0,1234,0.0,0.0
2023-03-30 00:00:00-04:00,44.5,47.5,44.25,46.04999923706055,190,0.0,0.0
2023-03-31 00:00:00-04:00,45.900001525878906,47.150001525878906,45.900001525878906,46.25,158,0.0,0.0
2023-04-03 00:00:00-04:00,47.0,47.5,45.0,45.849998474121094,240,0.0,0.0
2023-04-04 00:00:00-04:00,45.0,46.95000076293945,45.0,46.5,244,0.0,0.0
2023-04-05 00:00:00-04:00,47.5,47.5,44.0,45.150001525878906,590,0.0,0.0
2023-04-06 00:00:00-04:00,43.599998474121094,45.79999923706055,43.45000076293945,43.599998474121094,406,0.0,0.0
2023-04-10 00:00:00-04:00,43.849998474121094,47.25,43.75,46.75,220,0.0,0.0
2023-04-11 00:00:00-04:00,44.650001525878906,46.5,44.400001525878906,44.54999923706055,522,0.0,0.0
2023-04-12 00:00:00-04:00,45.70000076293945,47.349998474121094,45.20000076293945,45.70000076293945,408,0.0,0.0
2023-04-13 00:00:00-04:00,45.5,47.0,45.0,45.0,558,0.0,0.0
2023-04-14 00:00:00-04:00,45.5,52.5,45.25,47.5,8260,0.0,0.0
2023-04-17 00:00:00-04:00,50.5,50.5,46.95000076293945,50.25,1540,0.0,0.0
2023-04-18 00:00:00-04:00,50.5,52.099998474121094,46.95000076293945,47.5,1930,0.0,0.0
2023-04-19 00:00:00-04:00,49.599998474121094,50.0,46.95000076293945,48.54999923706055,414,0.0,0.0
2023-04-20 00:00:00-04:00,47.5,50.0,47.5,48.0,462,0.0,0.0
2023-04-21 00:00:00-04:00,49.349998474121094,50.0,47.5,48.5,528,0.0,0.0
2023-04-24 00:00:00-04:00,48.400001525878906,49.400001525878906,46.75,47.70000076293945,342,0.0,0.0
2023-04-25 00:00:00-04:00,49.25,49.25,43.29999923706055,44.5,660,0.0,0.0
2023-04-26 00:00:00-04:00,43.5,45.0,43.0,44.849998474121094,592,0.0,0.0
2023-04-27 00:00:00-04:00,43.5,49.5,42.5,47.25,728,0.0,0.0
2023-04-28 00:00:00-04:00,45.70000076293945,48.5,44.599998474121094,46.95000076293945,446,0.0,0.0
2023-05-01 00:00:00-04:00,46.5,49.0,46.5,46.599998474121094,346,0.0,0.0
2023-05-02 00:00:00-04:00,49.0,52.5,44.900001525878906,50.0,1228,0.0,0.0
2023-05-03 00:00:00-04:00,51.0,51.0,47.0,47.0,480,0.0,0.0
2023-05-04 00:00:00-04:00,48.0,56.0,47.849998474121094,54.75,1484,0.0,0.0
2023-05-05 00:00:00-04:00,56.0,57.5,51.5,52.5,1012,0.0,0.0
2023-05-08 00:00:00-04:00,55.0,55.0,51.0,53.5,434,0.0,0.0
2023-05-09 00:00:00-04:00,55.0,55.0,50.0,54.0,238,0.0,0.0
2023-05-10 00:00:00-04:00,50.95000076293945,53.5,50.95000076293945,52.75,122,0.0,0.0
2023-05-11 00:00:00-04:00,50.5,52.5,48.5,52.0,264,0.0,0.0
2023-05-12 00:00:00-04:00,52.0,52.0,47.0,49.04999923706055,1892,0.0,0.0
2023-05-15 00:00:00-04:00,48.0,51.25,48.0,51.0,430,0.0,0.0
2023-05-16 00:00:00-04:00,48.5,50.349998474121094,47.5,49.5,622,0.0,0.0
2023-05-17 00:00:00-04:00,49.0,50.5,47.70000076293945,48.0,582,0.0,0.0
2023-05-18 00:00:00-04:00,47.5,51.0,47.5,48.400001525878906,378,0.0,0.0
2023-05-19 00:00:00-04:00,47.25,49.5,47.25,49.04999923706055,302,0.0,0.0
2023-05-22 00:00:00-04:00,48.0,50.0,46.70000076293945,49.75,374,0.0,0.0
2023-05-23 00:00:00-04:00,49.0,49.5,47.70000076293945,48.0,148,0.0,0.0
2023-05-24 00:00:00-04:00,49.900001525878906,49.900001525878906,47.099998474121094,47.5,96,0.0,0.0
2023-05-25 00:00:00-04:00,49.5,49.5,46.150001525878906,46.150001525878906,448,0.0,0.0
2023-05-26 00:00:00-04:00,47.0,47.0,46.150001525878906,46.54999923706055,146,0.0,0.0
2023-05-30 00:00:00-04:00,48.0,48.25,46.5,46.54999923706055,136,0.0,0.0
2023-05-31 00:00:00-04:00,46.70000076293945,47.400001525878906,46.150001525878906,46.150001525878906,272,0.0,0.0
2023-06-01 00:00:00-04:00,47.04999923706055,47.95000076293945,46.150001525878906,46.95000076293945,48,0.0,0.0
2023-06-02 00:00:00-04:00,49.5,51.5,47.5,51.349998474121094,340,0.0,0.0
2023-06-05 00:00:00-04:00,52.5,56.0,51.5,53.5,1658,0.0,0.0
2023-06-06 00:00:00-04:00,55.5,55.5,52.29999923706055,53.5,638,0.0,0.0
2023-06-07 00:00:00-04:00,53.5,55.0,51.5,51.5,738,0.0,0.0
2023-06-08 00:00:00-04:00,53.5,53.5,51.5,52.79999923706055,230,0.0,0.0
2023-06-09 00:00:00-04:00,53.5,53.5,50.0,51.0,202,0.0,0.0
2023-06-12 00:00:00-04:00,52.5,52.5,47.79999923706055,47.79999923706055,336,0.0,0.0
2023-06-13 00:00:00-04:00,50.5,52.5,48.0,50.5,492,0.0,0.0
2023-06-14 00:00:00-04:00,49.75,51.5,48.150001525878906,49.0,260,0.0,0.0
2023-06-15 00:00:00-04:00,49.0,50.0,47.5,48.0,278,0.0,0.0
2023-06-16 00:00:00-04:00,50.0,50.5,47.5,47.5,366,0.0,0.0
2023-06-20 00:00:00-04:00,47.5,49.0,47.0,48.0,124,0.0,0.0
2023-06-21 00:00:00-04:00,47.150001525878906,47.25,47.0,47.0,90,0.0,0.0
2023-06-22 00:00:00-04:00,46.5,48.0,46.5,48.0,58,0.0,0.0
2023-06-23 00:00:00-04:00,46.5,48.099998474121094,46.5,47.0,166,0.0,0.0
2023-06-26 00:00:00-04:00,46.349998474121094,48.650001525878906,46.349998474121094,46.599998474121094,88,0.0,0.0
2023-06-27 00:00:00-04:00,47.099998474121094,47.5,46.150001525878906,47.0,106,0.0,0.0
2023-06-28 00:00:00-04:00,47.0,47.5,45.54999923706055,47.5,138,0.0,0.0
2023-06-29 00:00:00-04:00,47.0,47.95000076293945,47.0,47.5,142,0.0,0.0
2023-06-30 00:00:00-04:00,45.75,47.5,45.54999923706055,45.54999923706055,136,0.0,0.0
2023-07-03 00:00:00-04:00,47.0,47.5,45.54999923706055,47.5,108,0.0,0.0
2023-07-05 00:00:00-04:00,47.0,47.900001525878906,46.0,47.5,188,0.0,0.0
2023-07-06 00:00:00-04:00,47.400001525878906,47.5,46.0,46.5,326,0.0,0.0
2023-07-07 00:00:00-04:00,47.5,47.5,46.0,47.29999923706055,90,0.0,0.0
2023-07-10 00:00:00-04:00,46.5,47.400001525878906,45.04999923706055,45.75,320,0.0,0.0
2023-07-11 00:00:00-04:00,45.75,48.0,45.75,47.79999923706055,82,0.0,0.0
2023-07-12 00:00:00-04:00,46.5,48.0,46.5,47.5,286,0.0,0.0
2023-07-13 00:00:00-04:00,47.5,50.0,47.5,49.79999923706055,548,0.0,0.0
2023-07-14 00:00:00-04:00,49.0,55.5,47.849998474121094,55.29999923706055,2238,0.0,0.0
2023-07-17 00:00:00-04:00,57.5,61.0,57.5,58.75,2894,0.0,0.0
2023-07-18 00:00:00-04:00,59.5,59.5,48.099998474121094,51.0,2358,0.0,0.0
2023-07-19 00:00:00-04:00,50.0,52.0,47.5,51.5,1116,0.0,0.0
2023-07-20 00:00:00-04:00,51.5,51.5,47.900001525878906,48.599998474121094,516,0.0,0.0
2023-07-21 00:00:00-04:00,52.5,53.5,49.79999923706055,52.0,1008,0.0,0.0
2023-07-24 00:00:00-04:00,52.25,52.25,50.5,52.0,208,0.0,0.0
2023-07-25 00:00:00-04:00,51.04999923706055,52.0,48.849998474121094,49.20000076293945,330,0.0,0.0
2023-07-26 00:00:00-04:00,49.5,54.0,49.5,53.349998474121094,774,0.0,0.0
2023-07-27 00:00:00-04:00,50.0,58.5,50.0,56.5,2320,0.0,0.0
2023-07-28 00:00:00-04:00,56.0,62.0,56.0,58.5,1746,0.0,0.0
2023-07-31 00:00:00-04:00,59.0,60.0,56.5,56.5,314,0.0,0.0
2023-08-01 00:00:00-04:00,62.5,63.0,52.5,56.5,3490,0.0,0.0
2023-08-02 00:00:00-04:00,53.0,59.0,51.5,56.45000076293945,1102,0.0,0.0
2023-08-03 00:00:00-04:00,58.5,62.0,56.5,60.5,708,0.0,0.0
2023-08-04 00:00:00-04:00,58.5,60.0,58.0,58.5,90,0.0,0.0
2023-08-07 00:00:00-04:00,57.0,60.5,55.0,58.5,172,0.0,0.0
2023-08-08 00:00:00-04:00,59.5,59.5,54.04999923706055,56.0,492,0.0,0.0
2023-08-09 00:00:00-04:00,53.5,55.5,53.0,53.5,230,0.0,0.0
2023-08-10 00:00:00-04:00,57.5,58.0,55.0,56.20000076293945,142,0.0,0.0
2023-08-11 00:00:00-04:00,55.5,55.5,51.5,51.5,566,0.0,0.0
2023-08-14 00:00:00-04:00,51.5,52.5,50.5,52.5,290,0.0,0.0
2023-08-15 00:00:00-04:00,51.5,55.0,50.5,54.650001525878906,346,0.0,0.0
2023-08-16 00:00:00-04:00,54.0,54.0,52.54999923706055,53.0,64,0.0,0.0
2023-08-17 00:00:00-04:00,52.5,52.5,51.5,51.54999923706055,94,0.0,0.0
2023-08-18 00:00:00-04:00,52.0,54.5,50.0,54.0,226,0.0,0.0
2023-08-21 00:00:00-04:00,51.75,53.5,50.5,52.5,124,0.0,0.0
2023-08-22 00:00:00-04:00,54.5,54.5,51.0,53.5,108,0.0,0.0
2023-08-23 00:00:00-04:00,50.5,52.5,50.5,51.0,96,0.0,0.0
2023-08-24 00:00:00-04:00,50.5,52.0,50.0,52.0,110,0.0,0.0
2023-08-25 00:00:00-04:00,51.0,51.5,49.5,50.849998474121094,40,0.0,0.0
2023-08-28 00:00:00-04:00,51.0,51.0,50.0,50.04999923706055,154,0.0,0.0
2023-08-29 00:00:00-04:00,50.0,50.75,47.599998474121094,50.75,392,0.0,0.0
2023-08-30 00:00:00-04:00,50.0,50.75,48.95000076293945,49.5,536,0.0,0.0
2023-08-31 00:00:00-04:00,48.5,60.5,48.150001525878906,52.0,2286,0.0,0.0
2023-09-01 00:00:00-04:00,51.0,51.0,49.5,50.5,58,0.0,0.0
2023-09-05 00:00:00-04:00,50.5,52.900001525878906,50.400001525878906,51.0,64,0.0,0.0
2023-09-06 00:00:00-04:00,53.5,53.5,50.5,51.0,58,0.0,0.0
2023-09-07 00:00:00-04:00,49.150001525878906,51.0,49.150001525878906,50.5,30,0.0,0.0
2023-09-08 00:00:00-04:00,49.5,49.5,48.25,48.25,112,0.0,0.0
2023-09-11 00:00:00-04:00,49.5,49.5,47.5,48.5,94,0.0,0.0
2023-09-12 00:00:00-04:00,50.0,50.0,46.75,47.5,766,0.0,0.0
2023-09-13 00:00:00-04:00,47.70000076293945,49.5,47.70000076293945,48.849998474121094,134,0.0,0.0
2023-09-14 00:00:00-04:00,48.45000076293945,51.0,48.45000076293945,49.150001525878906,162,0.0,0.0
2023-09-15 00:00:00-04:00,49.150001525878906,52.5,48.29999923706055,52.5,660,0.0,0.0
2023-09-18 00:00:00-04:00,52.5,52.75,50.0,51.5,142,0.0,0.0
2023-09-19 00:00:00-04:00,49.5,52.0,48.5,48.5,194,0.0,0.0
2023-09-20 00:00:00-04:00,50.0,50.150001525878906,48.5,49.5,46,0.0,0.0
2023-09-21 00:00:00-04:00,49.25,51.5,49.25,50.900001525878906,206,0.0,0.0
2023-09-22 00:00:00-04:00,50.95000076293945,51.900001525878906,49.5,51.0,104,0.0,0.0
2023-09-25 00:00:00-04:00,49.5,50.0,48.5,49.0,84,0.0,0.0
2023-09-26 00:00:00-04:00,49.0,52.0,48.5,52.0,524,0.0,0.0
2023-09-27 00:00:00-04:00,52.5,52.5,49.70000076293945,51.5,96,0.0,0.0
2023-09-28 00:00:00-04:00,54.0,54.0,49.0,49.0,146,0.0,0.0
2023-09-29 00:00:00-04:00,48.5,51.5,48.5,50.5,104,0.0,0.0
2023-10-02 00:00:00-04:00,49.5,51.5,49.0,51.5,46,0.0,0.0
2023-10-03 00:00:00-04:00,49.5,51.0,48.04999923706055,49.599998474121094,162,0.0,0.0
2023-10-04 00:00:00-04:00,50.0,54.45000076293945,49.599998474121094,54.04999923706055,82,0.0,0.0
2023-10-05 00:00:00-04:00,50.0,55.0,50.0,53.0,228,0.0,0.0
2023-10-06 00:00:00-04:00,53.5,53.5,48.5,51.0,264,0.0,0.0
2023-10-09 00:00:00-04:00,52.5,52.5,47.0,47.04999923706055,366,0.0,0.0
2023-10-10 00:00:00-04:00,47.04999923706055,48.5,46.54999923706055,47.0,542,0.0,0.0
2023-10-11 00:00:00-04:00,47.0,47.54999923706055,46.29999923706055,46.5,132,0.0,0.0
2023-10-12 00:00:00-04:00,48.849998474121094,48.849998474121094,45.0,45.70000076293945,256,0.0,0.0
2023-10-13 00:00:00-04:00,48.0,48.0,45.0,46.29999923706055,30,0.0,0.0
2023-10-16 00:00:00-04:00,46.25,47.79999923706055,45.0,45.0,296,0.0,0.0
2023-10-17 00:00:00-04:00,45.5,46.5,44.5,44.5,204,0.0,0.0
2023-10-18 00:00:00-04:00,44.150001525878906,46.75,42.95000076293945,45.0,808,0.0,0.0
2023-10-19 00:00:00-04:00,43.5,43.5,42.04999923706055,42.5,240,0.0,0.0
2023-10-20 00:00:00-04:00,42.5,42.5,42.04999923706055,42.25,148,0.0,0.0
2023-10-23 00:00:00-04:00,42.95000076293945,42.95000076293945,39.400001525878906,40.25,674,0.0,0.0
2023-10-24 00:00:00-04:00,45.0,45.0,41.75,41.79999923706055,184,0.0,0.0
2023-10-25 00:00:00-04:00,39.5,41.25,35.650001525878906,38.25,356,0.0,0.0
2023-10-26 00:00:00-04:00,37.5,39.400001525878906,35.79999923706055,36.849998474121094,392,0.0,0.0
2023-10-27 00:00:00-04:00,37.599998474121094,43.5,36.849998474121094,42.5,672,0.0,0.0
2023-10-30 00:00:00-04:00,38.5,40.5,32.79999923706055,38.0,968,0.0,0.0
2023-10-31 00:00:00-04:00,38.0,39.900001525878906,38.0,38.900001525878906,102,0.0,0.0
2023-11-01 00:00:00-04:00,39.95000076293945,39.95000076293945,36.900001525878906,37.20000076293945,256,0.0,0.0
2023-11-02 00:00:00-04:00,38.5,38.5,36.0,36.25,260,0.0,0.0
2023-11-03 00:00:00-04:00,36.0,37.79999923706055,34.5,35.04999923706055,1004,0.0,0.0
2023-11-06 00:00:00-05:00,36.79999923706055,38.5,35.0,35.0,730,0.0,0.0
2023-11-07 00:00:00-05:00,36.0,37.5,35.5,36.150001525878906,116,0.0,0.0
2023-11-08 00:00:00-05:00,36.150001525878906,36.150001525878906,35.5,35.79999923706055,296,0.0,0.0
2023-11-09 00:00:00-05:00,35.5,35.5,33.25,33.5,330,0.0,0.0
2023-11-10 00:00:00-05:00,33.5,35.5,32.5,35.5,76,0.0,0.0
2023-11-13 00:00:00-05:00,35.5,35.5,32.5,35.150001525878906,258,0.0,0.0
2023-11-14 00:00:00-05:00,32.54999923706055,37.349998474121094,32.54999923706055,36.75,180,0.0,0.0
2023-11-15 00:00:00-05:00,38.5,38.5,35.0,36.75,172,0.0,0.0
2023-11-16 00:00:00-05:00,35.0,37.0,35.0,36.5,74,0.0,0.0
2023-11-17 00:00:00-05:00,35.0,36.5,35.0,36.0,132,0.0,0.0
2023-11-20 00:00:00-05:00,35.650001525878906,35.900001525878906,34.150001525878906,35.900001525878906,90,0.0,0.0
2023-11-21 00:00:00-05:00,36.0,36.5,34.099998474121094,34.54999923706055,244,0.0,0.0
2023-11-22 00:00:00-05:00,37.04999923706055,37.04999923706055,33.900001525878906,33.900001525878906,390,0.0,0.0
2023-11-24 00:00:00-05:00,34.75,35.0,33.900001525878906,33.900001525878906,102,0.0,0.0
2023-11-27 00:00:00-05:00,35.400001525878906,35.400001525878906,33.79999923706055,34.04999923706055,424,0.0,0.0
2023-11-28 00:00:00-05:00,36.0,37.5,35.400001525878906,35.400001525878906,578,0.0,0.0
2023-11-29 00:00:00-05:00,39.150001525878906,39.150001525878906,35.25,35.54999923706055,96,0.0,0.0
2023-11-30 00:00:00-05:00,36.599998474121094,37.0,35.04999923706055,35.5,126,0.0,0.0
2023-12-01 00:00:00-05:00,35.5,36.900001525878906,35.04999923706055,36.5,114,0.0,0.0
2023-12-04 00:00:00-05:00,37.0,37.0,35.0,35.04999923706055,104,0.0,0.0
2023-12-05 00:00:00-05:00,36.70000076293945,37.0,34.349998474121094,35.79999923706055,206,0.0,0.0
2023-12-06 00:00:00-05:00,37.0,37.45000076293945,34.79999923706055,37.45000076293945,140,0.0,0.0
2023-12-07 00:00:00-05:00,36.5,36.75,36.5,36.5,220,0.0,0.0
2023-12-08 00:00:00-05:00,35.5,36.79999923706055,35.0,35.0,358,0.0,0.0
2023-12-11 00:00:00-05:00,34.900001525878906,34.900001525878906,33.0,33.5,266,0.0,0.0
2023-12-12 00:00:00-05:00,34.0,34.0,31.649999618530273,32.0,528,0.0,0.0
2023-12-13 00:00:00-05:00,31.0,32.849998474121094,28.549999237060547,32.5,1018,0.0,0.0
2023-12-14 00:00:00-05:00,30.850000381469727,32.5,28.75,30.0,974,0.0,0.0
2023-12-15 00:00:00-05:00,31.299999237060547,31.299999237060547,28.5,28.899999618530273,496,0.0,0.0
2023-12-18 00:00:00-05:00,30.350000381469727,30.350000381469727,27.5,29.0,832,0.0,0.0
2023-12-19 00:00:00-05:00,27.5,29.5,27.5,29.0,906,0.0,0.0
2023-12-20 00:00:00-05:00,28.149999618530273,29.5,27.0,27.549999237060547,986,0.0,0.0
2023-12-21 00:00:00-05:00,27.25,29.850000381469727,27.25,29.600000381469727,558,0.0,0.0
2023-12-22 00:00:00-05:00,29.100000381469727,29.299999237060547,27.549999237060547,29.0,670,0.0,0.0
2023-12-26 00:00:00-05:00,29.0,30.5,27.700000762939453,29.0,1484,0.0,0.0
2023-12-27 00:00:00-05:00,29.049999237060547,29.450000762939453,27.25,28.0,1126,0.0,0.0
2023-12-28 00:00:00-05:00,27.5,28.5,27.25,27.649999618530273,556,0.0,0.0
2023-12-29 00:00:00-05:00,27.25,28.0,27.25,27.5,380,0.0,0.0
2024-01-02 00:00:00-05:00,27.5,28.149999618530273,24.25,27.700000762939453,2086,0.0,0.0
2024-01-03 00:00:00-05:00,28.0,28.0,26.75,27.299999237060547,426,0.0,0.0
2024-01-04 00:00:00-05:00,27.5,27.950000762939453,25.799999237060547,26.75,624,0.0,0.0
2024-01-05 00:00:00-05:00,26.950000762939453,27.0,25.0,26.5,986,0.0,0.0
2024-01-08 00:00:00-05:00,26.0,26.649999618530273,24.0,25.450000762939453,1272,0.0,0.0
2024-01-09 00:00:00-05:00,25.5,27.25,25.100000381469727,26.75,1744,0.0,0.0
2024-01-10 00:00:00-05:00,27.5,27.5,25.299999237060547,25.5,872,0.0,0.0
2024-01-11 00:00:00-05:00,25.5,26.5,24.5,24.75,1238,0.0,0.0
2024-01-12 00:00:00-05:00,25.0,26.25,24.75,25.549999237060547,1052,0.0,0.0
2024-01-16 00:00:00-05:00,25.299999237060547,25.950000762939453,24.75,25.299999237060547,582,0.0,0.0
2024-01-17 00:00:00-05:00,26.0,26.0,24.75,25.75,618,0.0,0.0
2024-01-18 00:00:00-05:00,25.450000762939453,26.0,24.799999237060547,25.0,554,0.0,0.0
2024-01-19 00:00:00-05:00,24.75,25.100000381469727,24.600000381469727,25.100000381469727,834,0.0,0.0
2024-01-22 00:00:00-05:00,24.649999618530273,25.5,24.649999618530273,24.649999618530273,558,0.0,0.0
2024-01-23 00:00:00-05:00,25.149999618530273,25.600000381469727,24.649999618530273,24.649999618530273,268,0.0,0.0
2024-01-24 00:00:00-05:00,24.649999618530273,25.25,24.549999237060547,24.549999237060547,380,0.0,0.0
2024-01-25 00:00:00-05:00,25.200000762939453,26.0,24.549999237060547,25.25,206,0.0,0.0
2024-01-26 00:00:00-05:00,25.25,25.75,24.799999237060547,24.850000381469727,1058,0.0,0.0
2024-01-29 00:00:00-05:00,25.049999237060547,25.75,24.850000381469727,25.649999618530273,156,0.0,0.0
2024-01-30 00:00:00-05:00,25.049999237060547,27.0,25.049999237060547,26.0,224,0.0,0.0
2024-01-31 00:00:00-05:00,26.0,26.899999618530273,26.0,26.299999237060547,156,0.0,0.0
2024-02-01 00:00:00-05:00,27.0,27.0,26.0,26.5,86,0.0,0.0
2024-02-02 00:00:00-05:00,26.5,26.5,24.649999618530273,25.100000381469727,1184,0.0,0.0
2024-02-05 00:00:00-05:00,24.350000381469727,25.25,24.0,24.0,366,0.0,0.0
2024-02-06 00:00:00-05:00,24.700000762939453,27.5,22.850000381469727,24.0,836,0.0,0.0
2024-02-07 00:00:00-05:00,23.0,25.350000381469727,22.549999237060547,25.0,418,0.0,0.0
2024-02-08 00:00:00-05:00,24.0,25.5,23.5,25.450000762939453,366,0.0,0.0
2024-02-09 00:00:00-05:00,24.75,25.0,24.600000381469727,24.600000381469727,150,0.0,0.0
2024-02-12 00:00:00-05:00,24.600000381469727,28.700000762939453,22.950000762939453,23.200000762939453,6074,0.0,0.0
2024-02-13 00:00:00-05:00,24.5,25.5,23.0,23.049999237060547,2402,0.0,0.0
2024-02-14 00:00:00-05:00,22.850000381469727,24.450000762939453,22.75,23.700000762939453,562,0.0,0.0
2024-02-15 00:00:00-05:00,22.850000381469727,23.950000762939453,22.850000381469727,23.75,362,0.0,0.0
2024-02-16 00:00:00-05:00,23.5,23.700000762939453,23.299999237060547,23.700000762939453,436,0.0,0.0
2024-02-20 00:00:00-05:00,23.5,25.350000381469727,23.299999237060547,25.350000381469727,2630,0.0,0.0
2024-02-21 00:00:00-05:00,24.600000381469727,25.200000762939453,24.5,24.5,300,0.0,0.0
2024-02-22 00:00:00-05:00,24.0,25.950000762939453,24.0,24.049999237060547,310,0.0,0.0
2024-02-23 00:00:00-05:00,25.200000762939453,26.950000762939453,24.049999237060547,25.799999237060547,640,0.0,0.0
2024-02-26 00:00:00-05:00,25.5,29.25,25.5,28.950000762939453,2636,0.0,0.0
2024-02-27 00:00:00-05:00,29.200000762939453,29.200000762939453,23.399999618530273,24.5,3426,0.0,0.0
2024-02-28 00:00:00-05:00,24.149999618530273,25.75,23.399999618530273,23.5,1640,0.0,0.0
2024-02-29 00:00:00-05:00,24.0,24.149999618530273,22.899999618530273,23.0,1848,0.0,0.0
2024-03-01 00:00:00-05:00,24.100000381469727,24.100000381469727,21.75,22.450000762939453,1570,0.0,0.0
2024-03-04 00:00:00-05:00,23.100000381469727,23.100000381469727,19.649999618530273,20.899999618530273,2280,0.0,0.0
2024-03-05 00:00:00-05:00,20.75,21.0,20.0,20.5,1492,0.0,0.0
2024-03-06 00:00:00-05:00,21.0,21.5,19.75,20.5,744,0.0,0.0
2024-03-07 00:00:00-05:00,20.0,21.5,19.899999618530273,20.0,1230,0.0,0.0
2024-03-08 00:00:00-05:00,21.5,21.5,19.75,20.25,556,0.0,0.0
2024-03-11 00:00:00-04:00,21.0,21.0,19.700000762939453,20.25,786,0.0,0.0
2024-03-12 00:00:00-04:00,20.450000762939453,21.5,20.25,20.25,364,0.0,0.0
2024-03-13 00:00:00-04:00,20.5,20.5,19.549999237060547,19.75,706,0.0,0.0
2024-03-14 00:00:00-04:00,20.700000762939453,20.700000762939453,19.549999237060547,20.200000762939453,240,0.0,0.0
2024-03-15 00:00:00-04:00,20.5,20.5,16.850000381469727,18.5,4656,0.0,0.0
2024-03-18 00:00:00-04:00,19.450000762939453,20.0,17.700000762939453,18.049999237060547,1100,0.0,0.0
2024-03-19 00:00:00-04:00,17.700000762939453,19.0,17.700000762939453,17.700000762939453,1246,0.0,0.0
2024-03-20 00:00:00-04:00,18.100000381469727,19.0,17.5,18.049999237060547,788,0.0,0.0
2024-03-21 00:00:00-04:00,18.950000762939453,20.5,17.5,18.399999618530273,1720,0.0,0.0
2024-03-22 00:00:00-04:00,18.5,20.350000381469727,18.5,19.450000762939453,478,0.0,0.0
2024-03-25 00:00:00-04:00,19.5,20.0,18.549999237060547,19.25,1160,0.0,0.0
2024-03-26 00:00:00-04:00,19.25,21.600000381469727,18.299999237060547,20.049999237060547,6374,0.0,0.0
2024-03-27 00:00:00-04:00,19.799999237060547,20.0,18.899999618530273,20.0,1712,0.0,0.0
2024-03-28 00:00:00-04:00,19.5,20.0,17.899999618530273,20.0,1596,0.0,0.0
2024-04-01 00:00:00-04:00,20.5,21.350000381469727,19.5,19.75,390,0.0,0.0
2024-04-02 00:00:00-04:00,20.600000381469727,22.25,19.25,20.0,1782,0.0,0.0
2024-04-03 00:00:00-04:00,21.0,22.049999237060547,18.5,21.0,2980,0.0,0.0
2024-04-04 00:00:00-04:00,20.799999237060547,20.799999237060547,19.0,19.25,520,0.0,0.0
2024-04-05 00:00:00-04:00,19.0,20.350000381469727,18.0,19.75,1298,0.0,0.0
2024-04-08 00:00:00-04:00,19.549999237060547,19.549999237060547,18.450000762939453,19.100000381469727,784,0.0,0.0
2024-04-09 00:00:00-04:00,20.0,20.0,19.100000381469727,19.950000762939453,1678,0.0,0.0
2024-04-10 00:00:00-04:00,19.549999237060547,20.0,18.5,19.0,866,0.0,0.0
2024-04-11 00:00:00-04:00,19.399999618530273,19.399999618530273,17.5,18.299999237060547,4738,0.0,0.0
2024-04-12 00:00:00-04:00,18.0,18.0,14.75,16.600000381469727,1266,0.0,0.0
2024-04-15 00:00:00-04:00,16.200000762939453,16.5,15.550000190734863,16.0,724,0.0,0.0
2024-04-16 00:00:00-04:00,15.5,16.0,14.550000190734863,15.0,3746,0.0,0.0
2024-04-17 00:00:00-04:00,15.0,15.300000190734863,14.149999618530273,14.850000381469727,958,0.0,0.0
2024-04-18 00:00:00-04:00,14.949999809265137,16.5,14.5,15.600000381469727,542,0.0,0.0
2024-04-19 00:00:00-04:00,15.399999618530273,16.5,14.649999618530273,15.899999618530273,616,0.0,0.0
2024-04-22 00:00:00-04:00,16.0,16.0,14.600000381469727,14.75,932,0.0,0.0
2024-04-23 00:00:00-04:00,15.350000381469727,16.0,14.699999809265137,15.75,282,0.0,0.0
2024-04-24 00:00:00-04:00,16.0,16.0,14.550000190734863,15.449999809265137,506,0.0,0.0
2024-04-25 00:00:00-04:00,14.850000381469727,15.949999809265137,14.850000381469727,14.850000381469727,352,0.0,0.0
2024-04-26 00:00:00-04:00,15.0,15.949999809265137,14.550000190734863,14.550000190734863,184,0.0,0.0
2024-04-29 00:00:00-04:00,15.5,15.5,14.550000190734863,14.75,326,0.0,0.0
2024-04-30 00:00:00-04:00,15.449999809265137,16.5,14.550000190734863,15.0,608,0.0,0.0
2024-05-01 00:00:00-04:00,15.050000190734863,15.600000381469727,14.550000190734863,15.0,796,0.0,0.0
2024-05-02 00:00:00-04:00,14.649999618530273,14.649999618530273,13.5,14.5,1456,0.0,0.0
2024-05-03 00:00:00-04:00,14.550000190734863,16.700000762939453,13.699999809265137,15.050000190734863,4640,0.0,0.0
2024-05-06 00:00:00-04:00,15.0,16.0,14.050000190734863,14.649999618530273,2244,0.0,0.0
2024-05-07 00:00:00-04:00,14.5,15.0,14.0,14.25,1068,0.0,0.0
2024-05-08 00:00:00-04:00,15.0,15.0,13.850000381469727,14.0,1366,0.0,0.0
2024-05-09 00:00:00-04:00,14.0,14.5,13.850000381469727,14.149999618530273,1736,0.0,0.0
2024-05-10 00:00:00-04:00,13.899999618530273,14.5,13.199999809265137,14.199999809265137,916,0.0,0.0
2024-05-13 00:00:00-04:00,13.75,14.5,13.0,13.5,2366,0.0,0.0
2024-05-14 00:00:00-04:00,13.699999809265137,15.0,13.0,14.399999618530273,5102,0.0,0.0
2024-05-15 00:00:00-04:00,14.75,15.5,14.0,15.449999809265137,2718,0.0,0.0
2024-05-16 00:00:00-04:00,15.5,15.5,14.300000190734863,14.949999809265137,6264,0.0,0.0
2024-05-17 00:00:00-04:00,14.850000381469727,15.25,14.0,14.649999618530273,2994,0.0,0.0
2024-05-20 00:00:00-04:00,14.149999618530273,15.5,14.0,14.75,1342,0.0,0.0
2024-05-21 00:00:00-04:00,14.399999618530273,15.0,13.600000381469727,14.25,4668,0.0,0.0
2024-05-22 00:00:00-04:00,14.300000190734863,14.5,13.949999809265137,14.300000190734863,1300,0.0,0.0
2024-05-23 00:00:00-04:00,13.75,16.399999618530273,13.649999618530273,14.399999618530273,5890,0.0,0.0
2024-05-24 00:00:00-04:00,14.050000190734863,16.25,13.5,15.25,6634,0.0,0.0
2024-05-28 00:00:00-04:00,14.800000190734863,15.0,13.550000190734863,14.100000381469727,5532,0.0,0.0
2024-05-29 00:00:00-04:00,14.25,14.25,13.75,14.0,1600,0.0,0.0
2024-05-30 00:00:00-04:00,13.800000190734863,14.25,13.649999618530273,13.649999618530273,1292,0.0,0.0
2024-05-31 00:00:00-04:00,13.649999618530273,13.75,13.300000190734863,13.5,2964,0.0,0.0
2024-06-03 00:00:00-04:00,13.5,16.5,13.050000190734863,14.0,25096,0.0,0.0
2024-06-04 00:00:00-04:00,14.399999618530273,14.399999618530273,13.100000381469727,13.5,6958,0.0,0.0
2024-06-05 00:00:00-04:00,13.649999618530273,13.649999618530273,10.649999618530273,11.899999618530273,23416,0.0,0.0
2024-06-06 00:00:00-04:00,11.0,12.149999618530273,10.149999618530273,10.75,6850,0.0,0.0
2024-06-07 00:00:00-04:00,11.0,11.0,9.050000190734863,10.0,10340,0.0,0.0
2024-06-10 00:00:00-04:00,10.25,10.5,9.399999618530273,9.800000190734863,4190,0.0,0.0
2024-06-11 00:00:00-04:00,10.300000190734863,11.0,9.5,10.100000381469727,4502,0.0,0.0
2024-06-12 00:00:00-04:00,9.399999618530273,10.899999618530273,9.399999618530273,10.449999809265137,1512,0.0,0.0
2024-06-13 00:00:00-04:00,10.5,10.699999809265137,9.550000190734863,9.649999618530273,2140,0.0,0.0
2024-06-14 00:00:00-04:00,9.699999809265137,10.5,9.550000190734863,9.949999809265137,1706,0.0,0.0
2024-06-17 00:00:00-04:00,9.649999618530273,10.0,7.25,8.75,13794,0.0,0.0
2024-06-18 00:00:00-04:00,10.300000190734863,11.850000381469727,8.600000381469727,9.350000381469727,560070,0.0,0.0
2024-06-20 00:00:00-04:00,8.449999809265137,9.350000381469727,8.300000190734863,8.850000381469727,43356,0.0,0.0
2024-06-21 00:00:00-04:00,10.300000190734863,12.149999618530273,8.850000381469727,10.5,573604,0.0,0.0
2024-06-24 00:00:00-04:00,10.5,11.0,9.399999618530273,9.649999618530273,60700,0.0,0.0
2024-06-25 00:00:00-04:00,9.399999618530273,9.699999809265137,8.5,9.0,21552,0.0,0.0
2024-06-26 00:00:00-04:00,8.75,9.0,8.0,8.350000381469727,16070,0.0,0.0
2024-06-27 00:00:00-04:00,8.550000190734863,9.449999809265137,8.399999618530273,8.899999618530273,36550,0.0,0.0
2024-06-28 00:00:00-04:00,8.800000190734863,9.25,8.0,8.600000381469727,17514,0.0,0.0
2024-07-01 00:00:00-04:00,8.550000190734863,8.949999809265137,8.050000190734863,8.300000190734863,12112,0.0,0.0
2024-07-02 00:00:00-04:00,9.5,9.5,7.650000095367432,8.300000190734863,7606,0.0,0.0
2024-07-03 00:00:00-04:00,8.149999618530273,9.800000190734863,8.0,8.800000190734863,169850,0.0,0.0
2024-07-05 00:00:00-04:00,18.549999237060547,21.700000762939453,12.699999809265137,14.0,4893838,0.0,0.0
2024-07-08 00:00:00-04:00,11.800000190734863,14.399999618530273,11.75,14.0,141590,0.0,0.0
2024-07-09 00:00:00-04:00,11.199999809265137,11.899999618530273,9.949999809265137,11.100000381469727,55508,0.0,0.0
2024-07-10 00:00:00-04:00,10.399999618530273,11.600000381469727,10.0,10.350000381469727,40782,0.0,0.0
2024-07-11 00:00:00-04:00,10.050000190734863,10.449999809265137,9.699999809265137,10.25,14192,0.0,0.0
2024-07-12 00:00:00-04:00,14.949999809265137,29.450000762939453,14.25,21.700000762939453,8404748,0.0,0.0
2024-07-15 00:00:00-04:00,17.700000762939453,21.399999618530273,15.550000190734863,19.350000381469727,400412,0.0,0.0
2024-07-16 00:00:00-04:00,17.350000381469727,19.0,16.299999237060547,16.600000381469727,86504,0.0,0.0
2024-07-17 00:00:00-04:00,17.0,17.100000381469727,15.050000190734863,15.5,43708,0.0,0.0
2024-07-18 00:00:00-04:00,15.949999809265137,16.149999618530273,14.399999618530273,15.75,41970,0.0,0.0
2024-07-19 00:00:00-04:00,14.699999809265137,15.0,13.300000190734863,14.649999618530273,21938,0.0,0.0
2024-07-22 00:00:00-04:00,13.75,14.350000381469727,13.399999618530273,13.5,15962,0.0,0.0
2024-07-23 00:00:00-04:00,13.300000190734863,13.350000381469727,12.25,12.449999809265137,20268,0.0,0.0
2024-07-24 00:00:00-04:00,12.449999809265137,12.5,11.350000381469727,11.649999618530273,13122,0.0,0.0
2024-07-25 00:00:00-04:00,11.5,13.399999618530273,11.199999809265137,12.649999618530273,29952,0.0,0.0
2024-07-26 00:00:00-04:00,13.350000381469727,13.5,11.75,11.949999809265137,18306,0.0,0.0
2024-07-29 00:00:00-04:00,12.0,12.5,11.399999618530273,11.449999809265137,10296,0.0,0.0
2024-07-30 00:00:00-04:00,11.5,11.949999809265137,10.600000381469727,10.800000190734863,9442,0.0,0.0
2024-07-31 00:00:00-04:00,10.75,11.5,10.399999618530273,11.100000381469727,9132,0.0,0.0
2024-08-01 00:00:00-04:00,10.800000190734863,13.449999809265137,10.5,11.75,49622,0.0,0.0
2024-08-02 00:00:00-04:00,11.600000381469727,12.100000381469727,10.550000190734863,10.699999809265137,11560,0.0,0.0
2024-08-05 00:00:00-04:00,9.600000381469727,10.649999618530273,9.0,10.149999618530273,11250,0.0,0.0
2024-08-06 00:00:00-04:00,10.350000381469727,10.600000381469727,9.600000381469727,10.300000190734863,7964,0.0,0.0
2024-08-07 00:00:00-04:00,10.300000190734863,11.0,10.100000381469727,10.449999809265137,10682,0.0,0.0
2024-08-08 00:00:00-04:00,10.800000190734863,10.800000190734863,10.100000381469727,10.449999809265137,2664,0.0,0.0
2024-08-09 00:00:00-04:00,10.449999809265137,10.949999809265137,10.25,10.550000190734863,4740,0.0,0.0
2024-08-12 00:00:00-04:00,10.300000190734863,11.0,10.0,10.149999618530273,5418,0.0,0.0
2024-08-13 00:00:00-04:00,10.399999618530273,10.399999618530273,10.0,10.0,3160,0.0,0.0
2024-08-14 00:00:00-04:00,10.300000190734863,10.399999618530273,10.149999618530273,10.199999809265137,1492,0.0,0.0
2024-08-15 00:00:00-04:00,10.25,10.550000190734863,9.649999618530273,9.850000381469727,5782,0.0,0.0
2024-08-16 00:00:00-04:00,9.899999618530273,10.0,9.649999618530273,9.699999809265137,3466,0.0,0.0
2024-08-19 00:00:00-04:00,9.949999809265137,11.5,9.649999618530273,10.850000381469727,22446,0.0,0.0
2024-08-20 00:00:00-04:00,10.75,10.75,9.800000190734863,10.350000381469727,9448,0.0,0.0
2024-08-21 00:00:00-04:00,10.449999809265137,10.449999809265137,10.0,10.050000190734863,3810,0.0,0.0
2024-08-22 00:00:00-04:00,10.399999618530273,10.850000381469727,10.199999809265137,10.5,3836,0.0,0.0
2024-08-23 00:00:00-04:00,10.0,10.5,9.800000190734863,10.149999618530273,4662,0.0,0.0
2024-08-26 00:00:00-04:00,10.300000190734863,10.5,10.0,10.100000381469727,3146,0.0,0.0
2024-08-27 00:00:00-04:00,10.25,10.5,10.0,10.050000190734863,2366,0.0,0.0
2024-08-28 00:00:00-04:00,10.100000381469727,10.399999618530273,9.149999618530273,9.300000190734863,5100,0.0,0.0
2024-08-29 00:00:00-04:00,9.649999618530273,9.899999618530273,9.100000381469727,9.25,3116,0.0,0.0
2024-08-30 00:00:00-04:00,9.5,9.699999809265137,9.25,9.399999618530273,2274,0.0,0.0
2024-09-03 00:00:00-04:00,9.399999618530273,9.699999809265137,9.25,9.350000381469727,1552,0.0,0.0
2024-09-04 00:00:00-04:00,9.5,9.5,9.0,9.199999809265137,2242,0.0,0.0
2024-09-05 00:00:00-04:00,7.5,8.550000190734863,7.050000190734863,8.199999809265137,37212,0.0,0.0
2024-09-06 00:00:00-04:00,8.050000190734863,8.199999809265137,7.5,8.0,9830,0.0,0.0
2024-09-09 00:00:00-04:00,7.900000095367432,8.0,7.400000095367432,7.75,5690,0.0,0.0
2024-09-10 00:00:00-04:00,7.800000190734863,8.0,7.449999809265137,7.699999809265137,5344,0.0,0.0
2024-09-11 00:00:00-04:00,7.949999809265137,8.0,7.699999809265137,7.75,2916,0.0,0.0
2024-09-12 00:00:00-04:00,8.0,8.850000381469727,7.550000190734863,8.149999618530273,17756,0.0,0.0
2024-09-13 00:00:00-04:00,8.399999618530273,8.399999618530273,7.900000095367432,8.25,3692,0.0,0.0
2024-09-16 00:00:00-04:00,8.75,8.75,8.399999618530273,8.550000190734863,2804,0.0,0.0
2024-09-17 00:00:00-04:00,8.850000381469727,9.0,8.449999809265137,8.899999618530273,4038,0.0,0.0
2024-09-18 00:00:00-04:00,8.649999618530273,8.899999618530273,8.649999618530273,8.699999809265137,776,0.0,0.0
2024-09-19 00:00:00-04:00,8.75,8.899999618530273,8.5,8.899999618530273,1782,0.0,0.0
2024-09-20 00:00:00-04:00,8.850000381469727,8.899999618530273,8.050000190734863,8.449999809265137,11058,0.0,0.0
2024-09-23 00:00:00-04:00,8.300000190734863,8.649999618530273,8.050000190734863,8.350000381469727,8524,0.0,0.0
2024-09-24 00:00:00-04:00,8.350000381469727,8.899999618530273,8.350000381469727,8.5,2372,0.0,0.0
2024-09-25 00:00:00-04:00,8.5,8.850000381469727,8.5,8.600000381469727,2258,0.0,0.0
2024-09-26 00:00:00-04:00,8.600000381469727,8.75,8.25,8.649999618530273,1242,0.0,0.0
2024-09-27 00:00:00-04:00,8.5,8.649999618530273,8.5,8.649999618530273,2346,0.0,0.0
2024-09-30 00:00:00-04:00,8.5,8.899999618530273,8.300000190734863,8.550000190734863,1880,0.0,0.0
2024-10-01 00:00:00-04:00,8.5,8.75,8.149999618530273,8.199999809265137,2612,0.0,0.0
2024-10-02 00:00:00-04:00,8.350000381469727,8.75,8.0,8.050000190734863,1204,0.0,0.0
2024-10-03 00:00:00-04:00,8.550000190734863,8.550000190734863,7.900000095367432,8.0,2440,0.0,0.0
2024-10-04 00:00:00-04:00,8.350000381469727,8.350000381469727,7.900000095367432,8.300000190734863,854,0.0,0.0
2024-10-07 00:00:00-04:00,8.100000381469727,8.5,8.0,8.5,2846,0.0,0.0
2024-10-08 00:00:00-04:00,8.699999809265137,8.699999809265137,8.0,8.100000381469727,4248,0.0,0.0
2024-10-09 00:00:00-04:00,8.449999809265137,8.5,7.900000095367432,8.0,6216,0.0,0.0
2024-10-10 00:00:00-04:00,8.0,8.449999809265137,7.900000095367432,8.449999809265137,1660,0.0,0.0
2024-10-11 00:00:00-04:00,8.0,8.649999618530273,8.0,8.399999618530273,3640,0.0,0.0
2024-10-14 00:00:00-04:00,8.399999618530273,8.649999618530273,8.050000190734863,8.399999618530273,1080,0.0,0.0
2024-10-15 00:00:00-04:00,8.5,8.5,8.050000190734863,8.149999618530273,1742,0.0,0.0
2024-10-16 00:00:00-04:00,8.449999809265137,8.449999809265137,7.949999809265137,8.050000190734863,7632,0.0,0.0
2024-10-17 00:00:00-04:00,8.149999618530273,8.350000381469727,8.0,8.0,1350,0.0,0.0
2024-10-18 00:00:00-04:00,7.900000095367432,8.5,7.900000095367432,8.350000381469727,2160,0.0,0.0
2024-10-21 00:00:00-04:00,8.5,9.149999618530273,8.199999809265137,9.149999618530273,8952,0.0,0.0
2024-10-22 00:00:00-04:00,8.850000381469727,9.100000381469727,8.600000381469727,8.850000381469727,3676,0.0,0.0
2024-10-23 00:00:00-04:00,8.949999809265137,9.75,8.5,8.699999809265137,197224,0.0,0.0
2024-10-24 00:00:00-04:00,9.5,10.0,3.75,5.400000095367432,1690688,0.0,0.0
2024-10-25 00:00:00-04:00,5.699999809265137,10.449999809265137,5.5,6.099999904632568,1043440,0.0,0.0
2024-10-28 00:00:00-04:00,6.0,6.75,5.099999904632568,5.599999904632568,224282,0.0,0.0
2024-10-29 00:00:00-04:00,5.400000095367432,5.5,5.150000095367432,5.25,53976,0.0,0.0
2024-10-30 00:00:00-04:00,5.25,5.300000190734863,5.0,5.150000095367432,41434,0.0,0.0
2024-10-31 00:00:00-04:00,5.0,5.300000190734863,4.650000095367432,4.949999809265137,32794,0.0,0.0
2024-11-01 00:00:00-04:00,5.0,5.199999809265137,4.699999809265137,4.900000095367432,54468,0.0,0.0
2024-11-04 00:00:00-05:00,4.949999809265137,5.949999809265137,4.25,5.050000190734863,134464,0.0,0.0
2024-11-05 00:00:00-05:00,4.559999942779541,5.144000053405762,4.260000228881836,5.079999923706055,278800,0.0,0.02
2024-11-06 00:00:00-05:00,5.0,5.007999897003174,4.60099983215332,4.690000057220459,84000,0.0,0.0
2024-11-07 00:00:00-05:00,4.699999809265137,4.900000095367432,4.159999847412109,4.53000020980835,78700,0.0,0.0
2024-11-08 00:00:00-05:00,4.5,4.849999904632568,4.309999942779541,4.769999980926514,103600,0.0,0.0
2024-11-11 00:00:00-05:00,4.78000020980835,4.900000095367432,4.224999904632568,4.289999961853027,117400,0.0,0.0
2024-11-12 00:00:00-05:00,4.329999923706055,4.5,3.890000104904175,3.930000066757202,52500,0.0,0.0
2024-11-13 00:00:00-05:00,3.799999952316284,4.329999923706055,3.7079999446868896,4.119999885559082,127700,0.0,0.0
2024-11-14 00:00:00-05:00,4.079999923706055,4.556000232696533,3.819999933242798,4.059999942779541,150900,0.0,0.0
2024-11-15 00:00:00-05:00,3.8299999237060547,3.990000009536743,3.549999952316284,3.5999999046325684,42300,0.0,0.0
2024-11-18 00:00:00-05:00,3.640000104904175,3.7200000286102295,3.3359999656677246,3.640000104904175,77700,0.0,0.0
2024-11-19 00:00:00-05:00,3.609999895095825,3.9000000953674316,3.509999990463257,3.859999895095825,74800,0.0,0.0
2024-11-20 00:00:00-05:00,3.8499999046325684,4.050000190734863,3.6700000762939453,3.869999885559082,41100,0.0,0.0
2024-11-21 00:00:00-05:00,3.9600000381469727,4.5,3.815000057220459,4.420000076293945,84600,0.0,0.0
2024-11-22 00:00:00-05:00,4.449999809265137,5.0,4.3429999351501465,4.830999851226807,137900,0.0,0.0
2024-11-25 00:00:00-05:00,5.050000190734863,5.050000190734863,4.409999847412109,4.781000137329102,174300,0.0,0.0
2024-11-26 00:00:00-05:00,4.710000038146973,4.710000038146973,4.139999866485596,4.46999979019165,68700,0.0,0.0
2024-11-27 00:00:00-05:00,4.440000057220459,4.710000038146973,4.329999923706055,4.659999847412109,33800,0.0,0.0
2024-11-29 00:00:00-05:00,4.7729997634887695,4.7729997634887695,4.489999771118164,4.617000102996826,17100,0.0,0.0
2024-12-02 00:00:00-05:00,4.570000171661377,4.704999923706055,4.380000114440918,4.690000057220459,14700,0.0,0.0
2024-12-03 00:00:00-05:00,4.59499979019165,4.75,4.381999969482422,4.5279998779296875,40800,0.0,0.0
2024-12-04 00:00:00-05:00,4.605000019073486,4.804999828338623,4.432000160217285,4.74399995803833,29300,0.0,0.0
2024-12-05 00:00:00-05:00,4.572999954223633,4.789999961853027,4.449999809265137,4.53000020980835,67200,0.0,0.0
2024-12-06 00:00:00-05:00,4.610000133514404,4.71999979019165,4.460000038146973,4.480000019073486,32000,0.0,0.0
2024-12-09 00:00:00-05:00,4.550000190734863,4.684000015258789,4.454999923706055,4.5,8900,0.0,0.0
2024-12-10 00:00:00-05:00,4.599999904632568,4.639999866485596,4.25,4.28000020980835,28600,0.0,0.0
2024-12-11 00:00:00-05:00,4.28000020980835,4.364999771118164,3.869999885559082,3.9000000953674316,62700,0.0,0.0
2024-12-12 00:00:00-05:00,3.9000000953674316,4.026000022888184,3.5999999046325684,3.759999990463257,38300,0.0,0.0
2024-12-13 00:00:00-05:00,3.7780001163482666,3.869999885559082,3.5299999713897705,3.869999885559082,26300,0.0,0.0
2024-12-16 00:00:00-05:00,3.8499999046325684,4.389999866485596,3.805000066757202,4.389999866485596,108600,0.0,0.0
2024-12-17 00:00:00-05:00,4.289999961853027,4.296000003814697,4.050000190734863,4.230000019073486,10400,0.0,0.0
2024-12-18 00:00:00-05:00,4.190000057220459,4.190999984741211,3.9000000953674316,3.9000000953674316,9100,0.0,0.0
2024-12-19 00:00:00-05:00,3.9000000953674316,4.139999866485596,3.9000000953674316,4.039999961853027,22500,0.0,0.0
2024-12-20 00:00:00-05:00,4.050000190734863,4.164000034332275,3.9000000953674316,3.9000000953674316,30700,0.0,0.0
2024-12-23 00:00:00-05:00,3.990000009536743,4.039999961853027,3.9100000858306885,4.039999961853027,3800,0.0,0.0
2024-12-24 00:00:00-05:00,3.9600000381469727,4.119999885559082,3.9040000438690186,4.03000020980835,14800,0.0,0.0
2024-12-26 00:00:00-05:00,4.03000020980835,4.400000095367432,4.03000020980835,4.300000190734863,44000,0.0,0.0
2024-12-27 00:00:00-05:00,4.400000095367432,4.400000095367432,4.059999942779541,4.269999980926514,30200,0.0,0.0
2024-12-30 00:00:00-05:00,4.125,4.230000019073486,3.9000000953674316,4.110000133514404,39800,0.0,0.0
2024-12-31 00:00:00-05:00,4.0,4.4710001945495605,4.0,4.210000038146973,33300,0.0,0.0
2025-01-02 00:00:00-05:00,4.230000019073486,4.269999980926514,4.179999828338623,4.201000213623047,11600,0.0,0.0
2025-01-03 00:00:00-05:00,4.21999979019165,4.590000152587891,4.21999979019165,4.539999961853027,37800,0.0,0.0
2025-01-06 00:00:00-05:00,4.550000190734863,4.670000076293945,4.343999862670898,4.510000228881836,31400,0.0,0.0
2025-01-07 00:00:00-05:00,4.650000095367432,4.658999919891357,4.369999885559082,4.400000095367432,17000,0.0,0.0
2025-01-08 00:00:00-05:00,4.28000020980835,4.440000057220459,4.150000095367432,4.170000076293945,18100,0.0,0.0
2025-01-10 00:00:00-05:00,4.199999809265137,4.309999942779541,3.9000000953674316,4.28000020980835,21200,0.0,0.0
2025-01-13 00:00:00-05:00,4.349999904632568,4.349999904632568,4.03000020980835,4.099999904632568,9400,0.0,0.0
2025-01-14 00:00:00-05:00,4.130000114440918,4.130000114440918,4.050000190734863,4.050000190734863,7800,0.0,0.0
2025-01-15 00:00:00-05:00,4.159999847412109,4.210000038146973,3.950000047683716,3.950000047683716,15300,0.0,0.0
2025-01-16 00:00:00-05:00,3.990000009536743,4.090000152587891,3.990000009536743,4.0,10800,0.0,0.0
2025-01-17 00:00:00-05:00,4.03000020980835,4.150000095367432,4.0,4.070000171661377,5000,0.0,0.0
2025-01-21 00:00:00-05:00,4.079999923706055,4.329999923706055,4.079999923706055,4.179999828338623,15300,0.0,0.0
2025-01-22 00:00:00-05:00,4.264999866485596,4.28000020980835,4.081999778747559,4.210000038146973,11500,0.0,0.0
2025-01-23 00:00:00-05:00,4.230000019073486,4.340000152587891,4.079999923706055,4.340000152587891,31900,0.0,0.0
2025-01-24 00:00:00-05:00,4.5,4.579999923706055,4.25,4.25,86200,0.0,0.0
2025-01-27 00:00:00-05:00,4.300000190734863,4.300000190734863,3.9700000286102295,3.9700000286102295,340100,0.0,0.0
2025-01-28 00:00:00-05:00,4.039999961853027,4.039999961853027,2.990000009536743,3.119999885559082,1168100,0.0,0.0
2025-01-29 00:00:00-05:00,2.9600000381469727,3.7899999618530273,2.9600000381469727,3.3399999141693115,195000,0.0,0.0
2025-01-30 00:00:00-05:00,3.4000000953674316,3.5,3.25,3.4049999713897705,54400,0.0,0.0
2025-01-31 00:00:00-05:00,3.359999895095825,3.365999937057495,3.121999979019165,3.2699999809265137,30800,0.0,0.0
2025-02-03 00:00:00-05:00,3.25,3.5,3.134999990463257,3.5,56800,0.0,0.0
2025-02-04 00:00:00-05:00,3.380000114440918,3.5899999141693115,3.318000078201294,3.4549999237060547,54700,0.0,0.0
2025-02-05 00:00:00-05:00,3.359999895095825,3.380000114440918,3.2760000228881836,3.299999952316284,23500,0.0,0.0
2025-02-06 00:00:00-05:00,3.3299999237060547,3.4260001182556152,3.259999990463257,3.375,37500,0.0,0.0
2025-02-07 00:00:00-05:00,3.4800000190734863,3.4800000190734863,3.25,3.259999990463257,13300,0.0,0.0
2025-02-10 00:00:00-05:00,3.2100000381469727,3.309999942779541,3.2060000896453857,3.2200000286102295,7700,0.0,0.0
2025-02-11 00:00:00-05:00,3.2200000286102295,3.299999952316284,3.1600000858306885,3.2300000190734863,43200,0.0,0.0
2025-02-12 00:00:00-05:00,3.299999952316284,3.315000057220459,3.25,3.309999942779541,23600,0.0,0.0
2025-02-13 00:00:00-05:00,3.309999942779541,3.450000047683716,3.2799999713897705,3.384999990463257,11400,0.0,0.0
2025-02-14 00:00:00-05:00,3.369999885559082,3.740000009536743,3.321000099182129,3.6500000953674316,35000,0.0,0.0
2025-02-18 00:00:00-05:00,3.6500000953674316,3.749000072479248,3.5399999618530273,3.5999999046325684,8100,0.0,0.0
2025-02-19 00:00:00-05:00,3.5199999809265137,3.740000009536743,3.5199999809265137,3.5299999713897705,4900,0.0,0.0
2025-02-20 00:00:00-05:00,3.5,3.7100000381469727,3.5,3.619999885559082,11000,0.0,0.0
2025-02-21 00:00:00-05:00,3.515000104904175,3.630000114440918,3.369999885559082,3.5480000972747803,11600,0.0,0.0
2025-02-24 00:00:00-05:00,3.5,3.509999990463257,3.359999895095825,3.369999885559082,10800,0.0,0.0
2025-02-25 00:00:00-05:00,3.240000009536743,3.3889999389648438,3.2200000286102295,3.2300000190734863,8100,0.0,0.0
2025-02-26 00:00:00-05:00,3.2799999713897705,3.2850000858306885,3.119999885559082,3.190000057220459,14800,0.0,0.0
2025-02-27 00:00:00-05:00,3.200000047683716,3.249000072479248,3.1600000858306885,3.240000009536743,3200,0.0,0.0
2025-02-28 00:00:00-05:00,3.2200000286102295,3.2200000286102295,3.059999942779541,3.1700000762939453,16700,0.0,0.0
2025-03-03 00:00:00-05:00,3.1700000762939453,3.200000047683716,3.0999999046325684,3.0999999046325684,11700,0.0,0.0
2025-03-04 00:00:00-05:00,3.0999999046325684,3.130000114440918,3.0299999713897705,3.0999999046325684,9700,0.0,0.0
2025-03-05 00:00:00-05:00,3.0999999046325684,3.174999952316284,3.0950000286102295,3.0999999046325684,7400,0.0,0.0
2025-03-06 00:00:00-05:00,3.119999885559082,3.240000009536743,3.049999952316284,3.240000009536743,5700,0.0,0.0
2025-03-07 00:00:00-05:00,3.1700000762939453,3.200000047683716,3.0999999046325684,3.119999885559082,6800,0.0,0.0
2025-03-10 00:00:00-04:00,3.140000104904175,3.140000104904175,3.009999990463257,3.009999990463257,5800,0.0,0.0
2025-03-11 00:00:00-04:00,3.009999990463257,3.049999952316284,2.9600000381469727,3.0399999618530273,9700,0.0,0.0
2025-03-12 00:00:00-04:00,3.0,3.117000102996826,2.9619998931884766,3.009999990463257,7000,0.0,0.0
2025-03-13 00:00:00-04:00,3.0999999046325684,3.109999895095825,3.0280001163482666,3.109999895095825,10500,0.0,0.0
2025-03-14 00:00:00-04:00,3.049999952316284,3.1070001125335693,3.0399999618530273,3.059999942779541,6400,0.0,0.0
2025-03-17 00:00:00-04:00,3.0420000553131104,3.240000009536743,3.009999990463257,3.0999999046325684,3800,0.0,0.0
2025-03-18 00:00:00-04:00,3.0899999141693115,3.200000047683716,3.0899999141693115,3.200000047683716,7600,0.0,0.0
2025-03-19 00:00:00-04:00,3.135999917984009,3.1500000953674316,3.0910000801086426,3.119999885559082,3600,0.0,0.0
2025-03-20 00:00:00-04:00,3.119999885559082,3.140000104904175,3.0899999141693115,3.140000104904175,1500,0.0,0.0
2025-03-21 00:00:00-04:00,3.1500000953674316,3.2200000286102295,3.130000114440918,3.2200000286102295,7100,0.0,0.0
2025-03-24 00:00:00-04:00,3.249000072479248,3.25,3.2100000381469727,3.25,1600,0.0,0.0
2025-03-25 00:00:00-04:00,3.2899999618530273,3.369999885559082,3.2260000705718994,3.3570001125335693,2600,0.0,0.0
2025-03-26 00:00:00-04:00,3.313999891281128,3.319999933242798,3.1700000762939453,3.319999933242798,17200,0.0,0.0
2025-03-27 00:00:00-04:00,3.2200000286102295,3.7799999713897705,3.130000114440918,3.7799999713897705,31400,0.0,0.0
2025-03-28 00:00:00-04:00,3.930000066757202,4.019999980926514,3.0850000381469727,3.799999952316284,1003400,0.0,0.0
2025-03-31 00:00:00-04:00,3.559999942779541,3.700000047683716,3.299999952316284,3.640000104904175,137600,0.0,0.0
2025-04-01 00:00:00-04:00,3.619999885559082,3.7799999713897705,3.2100000381469727,3.490000009536743,952900,0.0,0.0
2025-04-02 00:00:00-04:00,3.319999933242798,3.5,3.059999942779541,3.4100000858306885,81300,0.0,0.0
2025-04-03 00:00:00-04:00,3.309999942779541,3.4000000953674316,3.200000047683716,3.309999942779541,45700,0.0,0.0
2025-04-04 00:00:00-04:00,3.0,3.319999933242798,2.990000009536743,3.130000114440918,35400,0.0,0.0
2025-04-07 00:00:00-04:00,3.0399999618530273,3.2219998836517334,2.990000009536743,3.140000104904175,24000,0.0,0.0
2025-04-08 00:00:00-04:00,3.2200000286102295,3.2200000286102295,3.0,3.0,5500,0.0,0.0
2025-04-09 00:00:00-04:00,3.2300000190734863,3.2300000190734863,2.990000009536743,3.1689999103546143,27700,0.0,0.0
2025-04-10 00:00:00-04:00,3.240000009536743,3.430000066757202,2.880000114440918,3.049999952316284,80500,0.0,0.0
2025-04-11 00:00:00-04:00,3.049999952316284,3.299999952316284,2.8499999046325684,3.0,24900,0.0,0.0
2025-04-14 00:00:00-04:00,2.8970000743865967,3.3269999027252197,2.8970000743865967,3.0999999046325684,31300,0.0,0.0
2025-04-15 00:00:00-04:00,3.130000114440918,3.299999952316284,3.109999895095825,3.299999952316284,7400,0.0,0.0
2025-04-16 00:00:00-04:00,3.200000047683716,3.440000057220459,3.0999999046325684,3.2899999618530273,75400,0.0,0.0
2025-04-17 00:00:00-04:00,3.2300000190734863,3.240000009536743,3.180000066757202,3.240000009536743,1200,0.0,0.0
2025-04-21 00:00:00-04:00,3.2100000381469727,3.5299999713897705,3.200000047683716,3.5299999713897705,9700,0.0,0.0
2025-04-22 00:00:00-04:00,3.359999895095825,4.039999961853027,3.299999952316284,3.809999942779541,174200,0.0,0.0
2025-04-23 00:00:00-04:00,3.859999895095825,4.400000095367432,3.549999952316284,3.8499999046325684,307300,0.0,0.0
2025-04-24 00:00:00-04:00,3.619999885559082,3.950000047683716,3.4000000953674316,3.6389999389648438,114900,0.0,0.0
2025-04-25 00:00:00-04:00,3.640000104904175,3.6449999809265137,3.252000093460083,3.4749999046325684,29000,0.0,0.0
2025-04-28 00:00:00-04:00,3.130000114440918,3.5999999046325684,3.119999885559082,3.509999990463257,22100,0.0,0.0
2025-04-29 00:00:00-04:00,3.4200000762939453,3.5299999713897705,3.4200000762939453,3.4800000190734863,4800,0.0,0.0
2025-04-30 00:00:00-04:00,3.421999931335449,3.6500000953674316,3.4200000762939453,3.5799999237060547,14300,0.0,0.0
2025-05-01 00:00:00-04:00,3.7300000190734863,3.7300000190734863,3.5199999809265137,3.5199999809265137,14200,0.0,0.0
2025-05-02 00:00:00-04:00,3.5,3.700000047683716,3.2920000553131104,3.5,27900,0.0,0.0
2025-05-05 00:00:00-04:00,3.509999990463257,3.680000066757202,3.509999990463257,3.680000066757202,14200,0.0,0.0
2025-05-06 00:00:00-04:00,3.6700000762939453,3.6700000762939453,3.450000047683716,3.450000047683716,5000,0.0,0.0
2025-05-07 00:00:00-04:00,3.430000066757202,3.680000066757202,3.4000000953674316,3.559999942779541,14300,0.0,0.0
2025-05-08 00:00:00-04:00,3.509999990463257,3.7100000381469727,3.450000047683716,3.5910000801086426,7900,0.0,0.0
2025-05-09 00:00:00-04:00,3.555000066757202,3.690000057220459,3.490000009536743,3.5899999141693115,2700,0.0,0.0
2025-05-12 00:00:00-04:00,3.5999999046325684,3.950000047683716,3.5230000019073486,3.6500000953674316,36100,0.0,0.0
2025-05-13 00:00:00-04:00,3.6500000953674316,3.8499999046325684,3.5899999141693115,3.7200000286102295,17600,0.0,0.0
2025-05-14 00:00:00-04:00,3.75,3.9000000953674316,3.621000051498413,3.747999906539917,10400,0.0,0.0
2025-05-15 00:00:00-04:00,3.8399999141693115,3.940000057220459,3.75,3.940000057220459,29100,0.0,0.0
2025-05-16 00:00:00-04:00,3.9700000286102295,4.139999866485596,3.75,3.869999885559082,38000,0.0,0.0
2025-05-19 00:00:00-04:00,3.869999885559082,3.869999885559082,3.7799999713897705,3.7899999618530273,6700,0.0,0.0
2025-05-20 00:00:00-04:00,3.75,3.7899999618530273,3.700000047683716,3.740000009536743,7800,0.0,0.0
2025-05-21 00:00:00-04:00,3.740000009536743,3.7639999389648438,3.740000009536743,3.759999990463257,2500,0.0,0.0
2025-05-22 00:00:00-04:00,3.740000009536743,3.7850000858306885,3.740000009536743,3.7850000858306885,1500,0.0,0.0
2025-05-23 00:00:00-04:00,3.7200000286102295,3.986999988555908,3.7200000286102295,3.7730000019073486,5900,0.0,0.0
2025-05-27 00:00:00-04:00,3.7899999618530273,3.819999933242798,3.6500000953674316,3.6500000953674316,5500,0.0,0.0
2025-05-28 00:00:00-04:00,3.7300000190734863,3.740000009536743,3.6600000858306885,3.740000009536743,7900,0.0,0.0
2025-05-29 00:00:00-04:00,3.7850000858306885,3.9000000953674316,3.7300000190734863,3.799999952316284,14000,0.0,0.0
2025-05-30 00:00:00-04:00,3.759999990463257,3.7899999618530273,3.734999895095825,3.7699999809265137,2100,0.0,0.0
2025-06-02 00:00:00-04:00,3.819999933242798,3.9700000286102295,3.7850000858306885,3.9200000762939453,9900,0.0,0.0
2025-06-03 00:00:00-04:00,3.8499999046325684,3.8949999809265137,3.8499999046325684,3.890000104904175,1800,0.0,0.0
2025-06-04 00:00:00-04:00,3.8550000190734863,3.9830000400543213,3.8550000190734863,3.9830000400543213,4000,0.0,0.0
2025-06-05 00:00:00-04:00,3.9800000190734863,3.9800000190734863,3.75,3.809999942779541,2600,0.0,0.0
2025-06-06 00:00:00-04:00,3.8499999046325684,3.8499999046325684,3.5,3.75,3700,0.0,0.0
2025-06-09 00:00:00-04:00,3.7799999713897705,3.950000047683716,3.640000104904175,3.6500000953674316,19300,0.0,0.0
2025-06-10 00:00:00-04:00,3.740000009536743,3.7750000953674316,3.740000009536743,3.7660000324249268,2100,0.0,0.0
2025-06-11 00:00:00-04:00,3.677999973297119,3.7980000972747803,3.674999952316284,3.7980000972747803,3600,0.0,0.0
2025-06-12 00:00:00-04:00,3.759999990463257,4.0,3.700000047683716,3.822000026702881,5200,0.0,0.0
2025-06-13 00:00:00-04:00,3.8499999046325684,3.880000114440918,3.700000047683716,3.7119998931884766,6400,0.0,0.0
2025-06-16 00:00:00-04:00,3.7100000381469727,3.7799999713897705,3.5899999141693115,3.5950000286102295,22600,0.0,0.0
2025-06-17 00:00:00-04:00,3.5999999046325684,3.609999895095825,3.509999990463257,3.509999990463257,2500,0.0,0.0
2025-06-18 00:00:00-04:00,3.565000057220459,3.8499999046325684,3.309999942779541,3.739000082015991,73400,0.0,0.0
2025-06-20 00:00:00-04:00,3.5999999046325684,3.700000047683716,3.299999952316284,3.61899995803833,8700,0.0,0.0
2025-06-23 00:00:00-04:00,3.5,3.609999895095825,3.378000020980835,3.609999895095825,5200,0.0,0.0
2025-06-24 00:00:00-04:00,3.490000009536743,3.569999933242798,3.369999885559082,3.569999933242798,3800,0.0,0.0
2025-06-25 00:00:00-04:00,3.5199999809265137,3.549999952316284,3.440000057220459,3.440000057220459,600,0.0,0.0
2025-06-26 00:00:00-04:00,3.5799999237060547,3.5899999141693115,3.4579999446868896,3.5399999618530273,2600,0.0,0.0
2025-06-27 00:00:00-04:00,3.615000009536743,3.680000066757202,3.549999952316284,3.549999952316284,1900,0.0,0.0
2025-06-30 00:00:00-04:00,3.562000036239624,3.700000047683716,3.390000104904175,3.4130001068115234,29500,0.0,0.0
2025-07-01 00:00:00-04:00,3.559999942779541,3.559999942779541,3.319999933242798,3.319999933242798,9600,0.0,0.0
2025-07-02 00:00:00-04:00,3.4000000953674316,3.4000000953674316,3.2639999389648438,3.2639999389648438,9800,0.0,0.0
2025-07-03 00:00:00-04:00,3.259999990463257,3.265000104904175,3.1600000858306885,3.1600000858306885,4800,0.0,0.0
2025-07-07 00:00:00-04:00,3.1600000858306885,3.440000057220459,3.1500000953674316,3.390000104904175,29400,0.0,0.0
2025-07-08 00:00:00-04:00,3.4100000858306885,3.6500000953674316,3.319999933242798,3.430000066757202,8500,0.0,0.0
2025-07-09 00:00:00-04:00,3.430000066757202,3.990000009536743,3.4000000953674316,3.5190000534057617,65700,0.0,0.0
2025-07-10 00:00:00-04:00,3.549999952316284,3.640000104904175,3.5199999809265137,3.5199999809265137,7300,0.0,0.0
2025-07-11 00:00:00-04:00,3.559999942779541,3.890000104904175,3.369999885559082,3.4200000762939453,45400,0.0,0.0
2025-07-14 00:00:00-04:00,3.430000066757202,3.9600000381469727,3.369999885559082,3.690000057220459,51900,0.0,0.0
2025-07-15 00:00:00-04:00,3.549999952316284,3.549999952316284,3.450000047683716,3.5299999713897705,3900,0.0,0.0
2025-07-16 00:00:00-04:00,5.429999828338623,6.670000076293945,3.8299999237060547,3.930000066757202,48109100,0.0,0.0
2025-07-17 00:00:00-04:00,3.5,4.0,3.1600000858306885,3.259999990463257,941700,0.0,0.0
2025-07-18 00:00:00-04:00,3.1500000953674316,3.200000047683716,3.0,3.009999990463257,385400,0.0,0.0
2025-07-21 00:00:00-04:00,2.9000000953674316,3.2899999618530273,2.7699999809265137,3.069999933242798,345400,0.0,0.0
2025-07-22 00:00:00-04:00,2.880000114440918,3.130000114440918,2.880000114440918,3.0,141300,0.0,0.0
2025-07-23 00:00:00-04:00,2.950000047683716,3.0899999141693115,2.9100000858306885,2.950000047683716,237500,0.0,0.0
2025-07-24 00:00:00-04:00,2.9200000762939453,3.049999952316284,2.880000114440918,2.9030001163482666,157200,0.0,0.0
2025-07-25 00:00:00-04:00,2.9700000286102295,2.9700000286102295,2.734999895095825,2.799999952316284,95400,0.0,0.0
2025-07-28 00:00:00-04:00,2.7899999618530273,2.9760000705718994,2.5799999237060547,2.799999952316284,440500,0.0,0.0
2025-07-29 00:00:00-04:00,2.630000114440918,2.7049999237060547,2.4600000381469727,2.5199999809265137,180000,0.0,0.0
2025-07-30 00:00:00-04:00,2.490000009536743,2.5850000381469727,2.490000009536743,2.515000104904175,30100,0.0,0.0
2025-07-31 00:00:00-04:00,2.4800000190734863,2.4800000190734863,2.200000047683716,2.200000047683716,149800,0.0,0.0
2025-08-01 00:00:00-04:00,2.200000047683716,2.200000047683716,2.0,2.1700000762939453,33600,0.0,0.0
2025-08-04 00:00:00-04:00,2.130000114440918,2.130000114440918,2.0199999809265137,2.069999933242798,73900,0.0,0.0
2025-08-05 00:00:00-04:00,2.069999933242798,2.069999933242798,1.8899999856948853,1.899999976158142,148900,0.0,0.0
2025-08-06 00:00:00-04:00,1.899999976158142,1.9450000524520874,1.7599999904632568,1.7599999904632568,84400,0.0,0.0
2025-08-07 00:00:00-04:00,1.7599999904632568,1.8960000276565552,1.7599999904632568,1.850000023841858,39400,0.0,0.0
2025-08-08 00:00:00-04:00,1.8700000047683716,1.909999966621399,1.75,1.8200000524520874,72500,0.0,0.0
2025-08-11 00:00:00-04:00,1.8200000524520874,1.8200000524520874,1.7100000381469727,1.7300000190734863,29200,0.0,0.0
2025-08-12 00:00:00-04:00,1.75,1.75,1.6660000085830688,1.6799999475479126,30100,0.0,0.0
2025-08-13 00:00:00-04:00,1.6699999570846558,1.7000000476837158,1.6100000143051147,1.6699999570846558,70900,0.0,0.0
2025-08-14 00:00:00-04:00,1.6699999570846558,1.7999999523162842,1.6699999570846558,1.7599999904632568,45300,0.0,0.0
2025-08-15 00:00:00-04:00,1.7599999904632568,1.9299999475479126,1.7100000381469727,1.899999976158142,99300,0.0,0.0
2025-08-18 00:00:00-04:00,1.8700000047683716,2.0899999141693115,1.850000023841858,1.899999976158142,265800,0.0,0.0
2025-08-19 00:00:00-04:00,2.009999990463257,2.009999990463257,1.8300000429153442,1.899999976158142,25700,0.0,0.0
2025-08-20 00:00:00-04:00,1.8700000047683716,1.899999976158142,1.8359999656677246,1.8849999904632568,20300,0.0,0.0
2025-08-21 00:00:00-04:00,1.850000023841858,1.875,1.8200000524520874,1.8300000429153442,10900,0.0,0.0
2025-08-22 00:00:00-04:00,1.840000033378601,1.8799999952316284,1.8200000524520874,1.8600000143051147,15200,0.0,0.0
2025-08-25 00:00:00-04:00,1.850000023841858,1.8799999952316284,1.850000023841858,1.875,10600,0.0,0.0
2025-08-26 00:00:00-04:00,1.899999976158142,1.899999976158142,1.8200000524520874,1.8509999513626099,7600,0.0,0.0
2025-08-27 00:00:00-04:00,1.850000023841858,1.8600000143051147,1.8200000524520874,1.8200000524520874,11900,0.0,0.0
2025-08-28 00:00:00-04:00,1.8300000429153442,1.850000023841858,1.75,1.7599999904632568,28200,0.0,0.0
2025-08-29 00:00:00-04:00,1.7999999523162842,1.850000023841858,1.7400000095367432,1.7899999618530273,22800,0.0,0.0
2025-09-02 00:00:00-04:00,1.8200000524520874,1.8200000524520874,1.7400000095367432,1.7899999618530273,17600,0.0,0.0
2025-09-03 00:00:00-04:00,1.7599999904632568,1.8650000095367432,1.7400000095367432,1.7400000095367432,37600,0.0,0.0
2025-09-04 00:00:00-04:00,1.7400000095367432,1.7400000095367432,1.659999966621399,1.6699999570846558,15700,0.0,0.0
2025-09-05 00:00:00-04:00,1.6699999570846558,1.7699999809265137,1.6699999570846558,1.690000057220459,23100,0.0,0.0
2025-09-08 00:00:00-04:00,1.7100000381469727,1.7630000114440918,1.690000057220459,1.7300000190734863,11900,0.0,0.0
2025-09-09 00:00:00-04:00,1.7300000190734863,1.7699999809265137,1.690000057220459,1.7300000190734863,20000,0.0,0.0
2025-09-10 00:00:00-04:00,1.75,1.8600000143051147,1.7100000381469727,1.8550000190734863,87800,0.0,0.0
2025-09-11 00:00:00-04:00,1.8300000429153442,2.1589999198913574,1.8200000524520874,2.0899999141693115,117500,0.0,0.0
2025-09-12 00:00:00-04:00,2.059999942779541,2.119999885559082,2.0,2.0950000286102295,24900,0.0,0.0
2025-09-15 00:00:00-04:00,2.0899999141693115,2.0899999141693115,2.0,2.0299999713897705,28600,0.0,0.0
2025-09-16 00:00:00-04:00,2.0199999809265137,2.0299999713897705,1.9500000476837158,2.0,21700,0.0,0.0
2025-09-17 00:00:00-04:00,2.0999999046325684,3.049999952316284,2.0999999046325684,2.259999990463257,3728300,0.0,0.0
2025-09-18 00:00:00-04:00,2.2799999713897705,2.890000104904175,2.1600000858306885,2.8399999141693115,463400,0.0,0.0
2025-09-19 00:00:00-04:00,3.0,3.069999933242798,2.640000104904175,2.8399999141693115,6648100,0.0,0.0
2025-09-22 00:00:00-04:00,8.300000190734863,8.8100004196167,4.715000152587891,5.53000020980835,60410900,0.0,0.0
2025-09-23 00:00:00-04:00,4.760000228881836,5.199999809265137,4.0370001792907715,4.130000114440918,1376100,0.0,0.0
2025-09-24 00:00:00-04:00,3.990000009536743,4.440000057220459,3.990000009536743,4.139999866485596,2035000,0.0,0.0
2025-09-25 00:00:00-04:00,4.239999771118164,6.480000019073486,4.239999771118164,5.519999980926514,12818200,0.0,0.0
2025-09-26 00:00:00-04:00,4.880000114440918,5.489999771118164,4.800000190734863,5.059999942779541,576700,0.0,0.0
2025-09-29 00:00:00-04:00,5.090000152587891,5.650000095367432,4.622000217437744,5.380000114440918,547700,0.0,0.0
2025-09-30 00:00:00-04:00,5.699999809265137,6.159999847412109,5.630000114440918,5.71999979019165,5965200,0.0,0.0
2025-10-01 00:00:00-04:00,5.369999885559082,6.158999919891357,5.349999904632568,6.010000228881836,586700,0.0,0.0
2025-10-02 00:00:00-04:00,5.940000057220459,6.119999885559082,5.489999771118164,5.590000152587891,411000,0.0,0.0
2025-10-03 00:00:00-04:00,5.519999980926514,5.664999961853027,5.150000095367432,5.230000019073486,268400,0.0,0.0
2025-10-06 00:00:00-04:00,5.119999885559082,5.28000020980835,4.909999847412109,5.03000020980835,279000,0.0,0.0
2025-10-07 00:00:00-04:00,4.960000038146973,5.2820000648498535,4.920000076293945,5.03000020980835,226800,0.0,0.0
2025-10-08 00:00:00-04:00,5.059999942779541,5.059999942779541,4.599999904632568,4.869999885559082,344700,0.0,0.0
2025-10-09 00:00:00-04:00,4.96999979019165,4.980000019073486,4.349999904632568,4.400000095367432,174700,0.0,0.0
2025-10-10 00:00:00-04:00,4.400000095367432,4.670000076293945,4.099999904632568,4.159999847412109,227200,0.0,0.0
2025-10-13 00:00:00-04:00,4.139999866485596,4.269999980926514,4.010000228881836,4.010000228881836,117300,0.0,0.0
2025-10-14 00:00:00-04:00,3.869999885559082,4.0,3.7200000286102295,3.809999942779541,126200,0.0,0.0
2025-10-15 00:00:00-04:00,3.799999952316284,4.329999923706055,3.799999952316284,3.9600000381469727,156700,0.0,0.0
2025-10-16 00:00:00-04:00,3.9200000762939453,4.159999847412109,3.7300000190734863,3.7300000190734863,96400,0.0,0.0
2025-10-17 00:00:00-04:00,3.7699999809265137,3.7699999809265137,3.5999999046325684,3.640000104904175,64200,0.0,0.0
2025-10-20 00:00:00-04:00,3.640000104904175,4.059999942779541,3.640000104904175,3.930000066757202,70300,0.0,0.0
2025-10-21 00:00:00-04:00,3.9000000953674316,3.986999988555908,3.755000114440918,3.819999933242798,137900,0.0,0.0
2025-10-22 00:00:00-04:00,4.039999961853027,4.039999961853027,3.2799999713897705,3.3499999046325684,218200,0.0,0.0
2025-10-23 00:00:00-04:00,3.309999942779541,3.5999999046325684,3.309999942779541,3.5299999713897705,11222100,0.0,0.0
2025-10-24 00:00:00-04:00,5.789999961853027,5.96999979019165,3.509999990463257,3.640000104904175,51509400,0.0,0.0
2025-10-27 00:00:00-04:00,3.390000104904175,3.390000104904175,2.9000000953674316,2.9700000286102295,1668700,0.0,0.0
2025-10-28 00:00:00-04:00,3.0299999713897705,3.1600000858306885,2.7100000381469727,2.75,738600,0.0,0.0
2025-10-29 00:00:00-04:00,2.700000047683716,3.003000020980835,2.6600000858306885,2.859999895095825,569900,0.0,0.0
2025-10-30 00:00:00-04:00,2.809999942779541,3.359999895095825,2.809999942779541,3.049999952316284,483000,0.0,0.0
2025-10-31 00:00:00-04:00,3.0399999618530273,3.119999885559082,2.809999942779541,2.8499999046325684,232100,0.0,0.0
2025-11-03 00:00:00-05:00,2.7899999618530273,2.9200000762939453,2.7899999618530273,2.809999942779541,198800,0.0,0.0
2025-11-04 00:00:00-05:00,2.809999942779541,2.809999942779541,2.494999885559082,2.5199999809265137,447700,0.0,0.0
2025-11-05 00:00:00-05:00,2.5199999809265137,2.690000057220459,2.5199999809265137,2.630000114440918,207200,0.0,0.0
2025-11-06 00:00:00-05:00,2.5799999237060547,2.7200000286102295,2.490999937057495,2.569999933242798,128400,0.0,0.0
2025-11-07 00:00:00-05:00,2.5,2.5350000858306885,2.3499999046325684,2.5,235700,0.0,0.0
2025-11-10 00:00:00-05:00,2.5299999713897705,2.7200000286102295,2.5299999713897705,2.680000066757202,120100,0.0,0.0
2025-11-11 00:00:00-05:00,2.7300000190734863,2.7799999713897705,2.561000108718872,2.619999885559082,119600,0.0,0.0
2025-11-12 00:00:00-05:00,2.6500000953674316,2.8499999046325684,2.5999999046325684,2.6500000953674316,128600,0.0,0.0
2025-11-13 00:00:00-05:00,2.640000104904175,2.640000104904175,2.359999895095825,2.5299999713897705,445100,0.0,0.0
2025-11-14 00:00:00-05:00,2.440000057220459,2.8299999237060547,2.440000057220459,2.7300000190734863,676200,0.0,0.0
2025-11-17 00:00:00-05:00,2.8399999141693115,3.0799999237060547,2.75,3.0399999618530273,570300,0.0,0.0
2025-11-18 00:00:00-05:00,2.9800000190734863,3.3359999656677246,2.859999895095825,3.2100000381469727,373800,0.0,0.0
2025-11-19 00:00:00-05:00,3.259999990463257,3.2699999809265137,2.75,2.880000114440918,178300,0.0,0.0
2025-11-20 00:00:00-05:00,2.9000000953674316,2.9690001010894775,2.5799999237060547,2.630000114440918,211900,0.0,0.0
2025-11-21 00:00:00-05:00,2.640000104904175,2.640000104904175,2.380000114440918,2.5399999618530273,153400,0.0,0.0
2025-11-24 00:00:00-05:00,2.680000066757202,2.7699999809265137,2.5199999809265137,2.619999885559082,98100,0.0,0.0
2025-11-25 00:00:00-05:00,2.630000114440918,2.690000057220459,2.4000000953674316,2.440000057220459,77800,0.0,0.0
2025-11-26 00:00:00-05:00,2.450000047683716,2.569999933242798,2.424999952316284,2.549999952316284,94400,0.0,0.0
2025-11-28 00:00:00-05:00,2.569999933242798,2.640000104904175,2.513000011444092,2.5999999046325684,69600,0.0,0.0
2025-12-01 00:00:00-05:00,2.5199999809265137,2.569999933242798,2.309999942779541,2.3499999046325684,89900,0.0,0.0
2025-12-02 00:00:00-05:00,2.359999895095825,2.4200000762939453,2.259999990463257,2.4100000858306885,112900,0.0,0.0
2025-12-03 00:00:00-05:00,2.450000047683716,2.5399999618530273,2.3299999237060547,2.5399999618530273,99900,0.0,0.0
2025-12-04 00:00:00-05:00,2.424999952316284,2.6600000858306885,2.3499999046325684,2.630000114440918,94300,0.0,0.0
2025-12-05 00:00:00-05:00,2.5199999809265137,2.6449999809265137,2.4600000381469727,2.5,67300,0.0,0.0
2025-12-08 00:00:00-05:00,2.5,2.5399999618530273,2.240000009536743,2.2699999809265137,130300,0.0,0.0
2025-12-09 00:00:00-05:00,2.2699999809265137,2.5999999046325684,2.240000009536743,2.5299999713897705,199100,0.0,0.0
2025-12-10 00:00:00-05:00,2.450000047683716,2.569999933242798,2.380000114440918,2.5399999618530273,119100,0.0,0.0
2025-12-11 00:00:00-05:00,2.509999990463257,2.619999885559082,2.4200000762939453,2.5299999713897705,162400,0.0,0.0
2025-12-12 00:00:00-05:00,2.5,2.6700000762939453,2.5,2.509999990463257,52900,0.0,0.0
2025-12-15 00:00:00-05:00,2.5199999809265137,2.5899999141693115,2.369999885559082,2.369999885559082,150400,0.0,0.0
2025-12-16 00:00:00-05:00,2.3499999046325684,2.7300000190734863,2.3499999046325684,2.6700000762939453,301400,0.0,0.0
2025-12-17 00:00:00-05:00,2.6600000858306885,2.934000015258789,2.5999999046325684,2.8499999046325684,304600,0.0,0.0
2025-12-18 00:00:00-05:00,2.9000000953674316,2.9000000953674316,2.6500000953674316,2.6600000858306885,49700,0.0,0.0
2025-12-19 00:00:00-05:00,2.759999990463257,2.8399999141693115,2.609999895095825,2.740000009536743,103400,0.0,0.0
2025-12-22 00:00:00-05:00,2.75,2.9800000190734863,2.700000047683716,2.7699999809265137,108500,0.0,0.0
2025-12-23 00:00:00-05:00,2.6700000762939453,2.740000009536743,2.630000114440918,2.7100000381469727,63000,0.0,0.0
2025-12-24 00:00:00-05:00,2.7049999237060547,2.825000047683716,2.630000114440918,2.700000047683716,20900,0.0,0.0
2025-12-26 00:00:00-05:00,2.5999999046325684,2.690000057220459,2.5,2.5199999809265137,76800,0.0,0.0
2025-12-29 00:00:00-05:00,2.430000066757202,2.5,2.244999885559082,2.369999885559082,171500,0.0,0.0
2025-12-30 00:00:00-05:00,2.3399999141693115,2.4100000858306885,2.240000009536743,2.2699999809265137,68800,0.0,0.0
2025-12-31 00:00:00-05:00,2.299999952316284,2.381999969482422,2.299999952316284,2.3399999141693115,42800,0.0,0.0
2026-01-02 00:00:00-05:00,2.4000000953674316,2.4719998836517334,2.3499999046325684,2.4000000953674316,51200,0.0,0.0
2026-01-05 00:00:00-05:00,2.509999990463257,2.7899999618530273,2.4809999465942383,2.6500000953674316,117500,0.0,0.0
2026-01-06 00:00:00-05:00,2.630000114440918,2.8299999237060547,2.609999895095825,2.75,82000,0.0,0.0
2026-01-07 00:00:00-05:00,2.7899999618530273,2.859999895095825,2.6600000858306885,2.690000057220459,56500,0.0,0.0
2026-01-08 00:00:00-05:00,2.569999933242798,2.690000057220459,2.555000066757202,2.559999942779541,23100,0.0,0.0
2026-01-09 00:00:00-05:00,2.5299999713897705,2.6389999389648438,2.4800000190734863,2.559999942779541,53000,0.0,0.0
2026-01-12 00:00:00-05:00,2.5199999809265137,2.75,2.5199999809265137,2.690000057220459,49800,0.0,0.0
2026-01-13 00:00:00-05:00,2.680000066757202,2.690000057220459,2.4200000762939453,2.4700000286102295,70800,0.0,0.0
2026-01-14 00:00:00-05:00,2.5,2.5799999237060547,2.490000009536743,2.509999990463257,20000,0.0,0.0
2026-01-15 00:00:00-05:00,2.5399999618530273,2.640000104904175,2.3499999046325684,2.359999895095825,63100,0.0,0.0
2026-01-16 00:00:00-05:00,2.359999895095825,2.4719998836517334,2.322999954223633,2.322999954223633,40800,0.0,0.0
2026-01-20 00:00:00-05:00,2.3299999237060547,2.369999885559082,2.299999952316284,2.3299999237060547,78000,0.0,0.0
2026-01-21 00:00:00-05:00,2.309999942779541,2.3299999237060547,2.0999999046325684,2.119999885559082,129800,0.0,0.0
2026-01-22 00:00:00-05:00,2.309999942779541,2.309999942779541,2.119999885559082,2.140000104904175,60400,0.0,0.0
2026-01-23 00:00:00-05:00,2.140000104904175,2.1500000953674316,2.0799999237060547,2.140000104904175,28900,0.0,0.0
2026-01-26 00:00:00-05:00,2.1500000953674316,2.200000047683716,2.0999999046325684,2.140000104904175,40900,0.0,0.0
2026-01-27 00:00:00-05:00,2.180000066757202,2.190000057220459,2.0799999237060547,2.1700000762939453,42600,0.0,0.0
2026-01-28 00:00:00-05:00,2.180000066757202,2.180000066757202,2.0199999809265137,2.075000047683716,108500,0.0,0.0
2026-01-29 00:00:00-05:00,2.0399999618530273,2.059999942779541,1.899999976158142,1.899999976158142,111800,0.0,0.0
2026-01-30 00:00:00-05:00,1.8799999952316284,1.8799999952316284,1.75,1.7699999809265137,87900,0.0,0.0
2026-02-02 00:00:00-05:00,1.7599999904632568,1.8899999856948853,1.7200000286102295,1.7200000286102295,77000,0.0,0.0
2026-02-03 00:00:00-05:00,1.7400000095367432,1.850000023841858,1.7400000095367432,1.8300000429153442,62900,0.0,0.0
2026-02-04 00:00:00-05:00,1.7999999523162842,1.809999942779541,1.6009999513626099,1.6200000047683716,58800,0.0,0.0
2026-02-05 00:00:00-05:00,1.6200000047683716,1.6399999856948853,1.3600000143051147,1.3700000047683716,124000,0.0,0.0
2026-02-06 00:00:00-05:00,1.3700000047683716,1.4900000095367432,1.3600000143051147,1.4199999570846558,66100,0.0,0.0
2026-02-09 00:00:00-05:00,1.4500000476837158,1.5,1.378000020980835,1.409999966621399,24300,0.0,0.0
2026-02-10 00:00:00-05:00,1.4299999475479126,1.4299999475479126,1.3650000095367432,1.3700000047683716,50200,0.0,0.0
2026-02-11 00:00:00-05:00,1.3700000047683716,1.3960000276565552,1.2599999904632568,1.2899999618530273,58900,0.0,0.0
2026-02-12 00:00:00-05:00,1.2999999523162842,1.309999942779541,1.159999966621399,1.2100000381469727,73600,0.0,0.0
2026-02-13 00:00:00-05:00,1.25,1.3300000429153442,1.2200000286102295,1.2999999523162842,52300,0.0,0.0
2026-02-17 00:00:00-05:00,1.2999999523162842,1.2999999523162842,1.2239999771118164,1.2300000190734863,15700,0.0,0.0
2026-02-18 00:00:00-05:00,1.2200000286102295,1.2669999599456787,1.2100000381469727,1.2400000095367432,28000,0.0,0.0
2026-02-19 00:00:00-05:00,1.25,1.274999976158142,1.2300000190734863,1.2400000095367432,38300,0.0,0.0
2026-02-20 00:00:00-05:00,1.2400000095367432,1.4190000295639038,1.2300000190734863,1.2400000095367432,252800,0.0,0.0
2026-02-23 00:00:00-05:00,1.2699999809265137,1.3700000047683716,0.9700000286102295,0.9959999918937683,270900,0.0,0.0
2026-02-24 00:00:00-05:00,1.0,1.0099999904632568,0.9200000166893005,0.9599999785423279,63300,0.0,0.0
2026-02-25 00:00:00-05:00,0.9900000095367432,1.2400000095367432,0.9700000286102295,1.149999976158142,260700,0.0,0.0
2026-02-26 00:00:00-05:00,1.149999976158142,1.190000057220459,1.100000023841858,1.1799999475479126,52800,0.0,0.0
2026-02-27 00:00:00-05:00,1.1399999856948853,1.149999976158142,1.0950000286102295,1.1399999856948853,37800,0.0,0.0
2026-03-02 00:00:00-05:00,1.1200000047683716,1.1699999570846558,1.0700000524520874,1.1399999856948853,28100,0.0,0.0
2026-03-03 00:00:00-05:00,1.090000033378601,1.0950000286102295,1.0199999809265137,1.0499999523162842,41100,0.0,0.0
2026-03-04 00:00:00-05:00,1.100000023841858,1.159999966621399,1.0800000429153442,1.125,22200,0.0,0.0
2026-03-05 00:00:00-05:00,1.1200000047683716,1.1799999475479126,1.059999942779541,1.0800000429153442,46400,0.0,0.0
2026-03-06 00:00:00-05:00,1.0399999618530273,1.1399999856948853,1.0399999618530273,1.100000023841858,21100,0.0,0.0
2026-03-09 00:00:00-04:00,1.1200000047683716,1.2450000047683716,1.090000033378601,1.2100000381469727,108000,0.0,0.0
2026-03-10 00:00:00-04:00,1.2200000286102295,1.2799999713897705,1.1749999523162842,1.190000057220459,35400,0.0,0.0
2026-03-11 00:00:00-04:00,1.1100000143051147,1.190000057220459,1.090000033378601,1.100000023841858,50200,0.0,0.0
2026-03-12 00:00:00-04:00,1.100000023841858,1.100000023841858,1.0299999713897705,1.059999942779541,47400,0.0,0.0
2026-03-13 00:00:00-04:00,1.090000033378601,1.1699999570846558,1.0609999895095825,1.1399999856948853,30500,0.0,0.0
2026-03-16 00:00:00-04:00,1.1299999952316284,1.2400000095367432,1.1299999952316284,1.149999976158142,27300,0.0,0.0
2026-03-17 00:00:00-04:00,1.1399999856948853,1.4500000476837158,1.1399999856948853,1.399999976158142,200000,0.0,0.0
2026-03-18 00:00:00-04:00,1.3600000143051147,1.5,1.2999999523162842,1.399999976158142,101800,0.0,0.0
2026-03-19 00:00:00-04:00,1.3700000047683716,1.3700000047683716,1.2200000286102295,1.2400000095367432,53700,0.0,0.0
2026-03-20 00:00:00-04:00,1.25,1.350000023841858,1.2200000286102295,1.2599999904632568,106400,0.0,0.0
2026-03-23 00:00:00-04:00,1.25,1.3799999952316284,1.25,1.3600000143051147,70600,0.0,0.0
2026-03-24 00:00:00-04:00,1.309999942779541,1.440000057220459,1.2599999904632568,1.3200000524520874,58700,0.0,0.0
2026-03-25 00:00:00-04:00,1.350000023841858,1.434000015258789,1.2599999904632568,1.2799999713897705,60900,0.0,0.0
2026-03-26 00:00:00-04:00,1.25,1.3200000524520874,1.1720000505447388,1.1799999475479126,34900,0.0,0.0
2026-03-27 00:00:00-04:00,1.1799999475479126,1.2300000190734863,1.1200000047683716,1.149999976158142,58300,0.0,0.0
2026-03-30 00:00:00-04:00,1.1799999475479126,1.1799999475479126,1.0750000476837158,1.149999976158142,34400,0.0,0.0
2026-03-31 00:00:00-04:00,1.149999976158142,1.281000018119812,1.121000051498413,1.25,18700,0.0,0.0
2026-04-01 00:00:00-04:00,1.25,1.3300000429153442,1.2300000190734863,1.2400000095367432,35000,0.0,0.0
2026-04-02 00:00:00-04:00,1.2300000190734863,1.2799999713897705,1.2000000476837158,1.2799999713897705,21900,0.0,0.0
2026-04-06 00:00:00-04:00,1.2999999523162842,1.3799999952316284,1.2799999713897705,1.3700000047683716,30400,0.0,0.0
2026-04-07 00:00:00-04:00,1.340000033378601,1.3700000047683716,1.2300000190734863,1.2400000095367432,177900,0.0,0.0
2026-04-08 00:00:00-04:00,1.3380000591278076,1.340000033378601,1.25,1.340000033378601,28700,0.0,0.0
2026-04-09 00:00:00-04:00,1.2999999523162842,1.350000023841858,1.2899999618530273,1.3300000429153442,13900,0.0,0.0
2026-04-10 00:00:00-04:00,1.340000033378601,1.3899999856948853,1.312000036239624,1.3600000143051147,44800,0.0,0.0
2026-04-13 00:00:00-04:00,1.350000023841858,1.3949999809265137,1.315000057220459,1.350000023841858,25200,0.0,0.0
2026-04-14 00:00:00-04:00,1.3200000524520874,1.3700000047683716,1.2100000381469727,1.309999942779541,59900,0.0,0.0
2026-04-15 00:00:00-04:00,1.309999942779541,1.3140000104904175,1.2039999961853027,1.2400000095367432,39900,0.0,0.0
2026-04-16 00:00:00-04:00,1.2699999809265137,1.3200000524520874,1.2300000190734863,1.2799999713897705,26100,0.0,0.0
2026-04-17 00:00:00-04:00,1.2699999809265137,1.3799999952316284,1.2599999904632568,1.3799999952316284,75600,0.0,0.0
2026-04-20 00:00:00-04:00,1.3700000047683716,1.399999976158142,1.3200000524520874,1.3700000047683716,18700,0.0,0.0
2026-04-21 00:00:00-04:00,1.3589999675750732,1.649999976158142,1.3589999675750732,1.409999966621399,279200,0.0,0.0
2026-04-22 00:00:00-04:00,1.4600000381469727,1.600000023841858,1.4299999475479126,1.5499999523162842,79200,0.0,0.0
2026-04-23 00:00:00-04:00,1.5199999809265137,1.5800000429153442,1.4199999570846558,1.4500000476837158,36500,0.0,0.0
2026-04-24 00:00:00-04:00,1.4500000476837158,1.5700000524520874,1.4249999523162842,1.5700000524520874,43000,0.0,0.0
2026-04-27 00:00:00-04:00,1.559000015258789,1.559000015258789,1.4479999542236328,1.5299999713897705,35800,0.0,0.0
2026-04-28 00:00:00-04:00,1.5,1.5,1.4199999570846558,1.4800000190734863,16300,0.0,0.0
2026-04-29 00:00:00-04:00,1.4500000476837158,1.4800000190734863,1.3799999952316284,1.3990000486373901,14700,0.0,0.0
2026-04-30 00:00:00-04:00,1.3799999952316284,1.4700000286102295,1.3609999418258667,1.4600000381469727,40100,0.0,0.0
2026-05-01 00:00:00-04:00,1.5,1.5199999809265137,1.4600000381469727,1.4800000190734863,37500,0.0,0.0
2026-05-04 00:00:00-04:00,1.4800000190734863,1.4989999532699585,1.399999976158142,1.409999966621399,21000,0.0,0.0
2026-05-05 00:00:00-04:00,1.4600000381469727,1.4600000381469727,1.399999976158142,1.4199999570846558,56100,0.0,0.0
2026-05-06 00:00:00-04:00,1.4420000314712524,1.4420000314712524,1.399999976158142,1.440000057220459,39500,0.0,0.0
2026-05-07 00:00:00-04:00,1.4199999570846558,1.4800000190734863,1.3600000143051147,1.3799999952316284,25400,0.0,0.0
2026-05-08 00:00:00-04:00,1.4299999475479126,1.440000057220459,1.2999999523162842,1.3700000047683716,45300,0.0,0.0
2026-05-11 00:00:00-04:00,1.3700000047683716,1.5199999809265137,1.3350000381469727,1.5,89100,0.0,0.0
2026-05-12 00:00:00-04:00,1.4600000381469727,1.465000033378601,1.2999999523162842,1.3049999475479126,106300,0.0,0.0
2026-05-13 00:00:00-04:00,1.3700000047683716,1.3700000047683716,1.2699999809265137,1.340000033378601,51100,0.0,0.0
2026-05-14 00:00:00-04:00,1.3799999952316284,1.3899999856948853,1.340000033378601,1.350000023841858,20000,0.0,0.0
2026-05-15 00:00:00-04:00,1.3700000047683716,1.3799999952316284,1.2799999713897705,1.2799999713897705,34500,0.0,0.0
2026-05-18 00:00:00-04:00,1.309999942779541,1.309999942779541,1.2100000381469727,1.2300000190734863,29300,0.0,0.0
2026-05-19 00:00:00-04:00,1.25,1.2699999809265137,1.2000000476837158,1.2200000286102295,12900,0.0,0.0
2026-05-20 00:00:00-04:00,1.2699999809265137,1.2899999618530273,1.2000000476837158,1.2899999618530273,34600,0.0,0.0
2026-05-21 00:00:00-04:00,1.25,1.4700000286102295,1.25,1.3799999952316284,101200,0.0,0.0
2026-05-22 00:00:00-04:00,1.3600000143051147,1.3600000143051147,1.2699999809265137,1.2899999618530273,62300,0.0,0.0
2026-05-26 00:00:00-04:00,1.2899999618530273,1.3200000524520874,1.2200000286102295,1.2799999713897705,93800,0.0,0.0
2026-05-27 00:00:00-04:00,1.2899999618530273,1.2899999618530273,1.2300000190734863,1.2699999809265137,16800,0.0,0.0
2026-05-28 00:00:00-04:00,1.2799999713897705,1.2799999713897705,1.1799999475479126,1.2300000190734863,54000,0.0,0.0
2026-05-29 00:00:00-04:00,1.2799999713897705,1.2949999570846558,1.1649999618530273,1.2799999713897705,61700,0.0,0.0
2026-06-01 00:00:00-04:00,1.2599999904632568,1.3200000524520874,1.2599999904632568,1.309999942779541,28200,0.0,0.0
2026-06-02 00:00:00-04:00,1.2999999523162842,1.309999942779541,1.2000000476837158,1.2599999904632568,34000,0.0,0.0
2026-06-03 00:00:00-04:00,1.25,1.2649999856948853,1.2300000190734863,1.2599999904632568,22900,0.0,0.0
2026-06-04 00:00:00-04:00,1.2400000095367432,1.2999999523162842,1.2400000095367432,1.2899999618530273,22800,0.0,0.0
2026-06-05 00:00:00-04:00,1.2300000190734863,1.2400000095367432,1.159999966621399,1.159999966621399,29800,0.0,0.0
2026-06-08 00:00:00-04:00,1.2000000476837158,1.350000023841858,1.1799999475479126,1.2899999618530273,76000,0.0,0.0
2026-06-09 00:00:00-04:00,1.2699999809265137,1.3700000047683716,1.25,1.2799999713897705,54500,0.0,0.0
2026-06-10 00:00:00-04:00,1.3200000524520874,1.350000023841858,1.2699999809265137,1.2899999618530273,71900,0.0,0.0
2026-06-11 00:00:00-04:00,1.3200000524520874,1.3450000286102295,1.2599999904632568,1.2999999523162842,38900,0.0,0.0
2026-06-12 00:00:00-04:00,1.2999999523162842,1.409999966621399,1.2599999904632568,1.3899999856948853,57900,0.0,0.0
2026-06-15 00:00:00-04:00,1.4199999570846558,1.4789999723434448,1.340000033378601,1.3700000047683716,29800,0.0,0.0
2026-06-16 00:00:00-04:00,1.3899999856948853,1.590000033378601,1.3600000143051147,1.4900000095367432,286500,0.0,0.0
2026-06-17 00:00:00-04:00,1.440000057220459,1.5,1.3799999952316284,1.4299999475479126,1447300,0.0,0.0
2026-06-18 00:00:00-04:00,1.4800000190734863,1.4800000190734863,1.3320000171661377,1.4600000381469727,519800,0.0,0.0
2026-06-22 00:00:00-04:00,1.4600000381469727,1.4600000381469727,1.2999999523162842,1.3600000143051147,55900,0.0,0.0
2026-06-23 00:00:00-04:00,1.309999942779541,1.350000023841858,1.2799999713897705,1.2899999618530273,31700,0.0,0.0
2026-06-24 00:00:00-04:00,1.2929999828338623,1.2929999828338623,1.190000057220459,1.190000057220459,40500,0.0,0.0
2026-06-25 00:00:00-04:00,1.190000057220459,1.2200000286102295,1.0399999618530273,1.0499999523162842,102300,0.0,0.0
2026-06-26 00:00:00-04:00,1.1200000047683716,1.1629999876022339,1.059999942779541,1.0800000429153442,70500,0.0,0.0
2026-06-29 00:00:00-04:00,1.1100000143051147,1.1399999856948853,1.0549999475479126,1.0700000524520874,50600,0.0,0.0
2026-06-30 00:00:00-04:00,1.1100000143051147,1.1799999475479126,1.1100000143051147,1.1799999475479126,33300,0.0,0.0
2026-07-01 00:00:00-04:00,1.1369999647140503,1.3600000143051147,1.1100000143051147,1.2200000286102295,125400,0.0,0.0
2026-07-02 00:00:00-04:00,1.2200000286102295,1.2200000286102295,1.0800000429153442,1.100000023841858,35600,0.0,0.0
2026-07-06 00:00:00-04:00,1.159999966621399,1.159999966621399,1.0399999618530273,1.090000033378601,65900,0.0,0.0
2026-07-07 00:00:00-04:00,1.090000033378601,1.090000033378601,1.0299999713897705,1.0399999618530273,28400,0.0,0.0
2026-07-08 00:00:00-04:00,1.0,1.059999942779541,1.0,1.0499999523162842,10300,0.0,0.0
2026-07-09 00:00:00-04:00,1.0449999570846558,1.0499999523162842,1.0,1.0199999809265137,24100,0.0,0.0
2026-07-10 00:00:00-04:00,1.0199999809265137,1.0499999523162842,0.9909999966621399,1.0199999809265137,12400,0.0,0.0
2026-07-13 00:00:00-04:00,0.9900000095367432,1.0199999809265137,0.8960000276565552,0.9200000166893005,36100,0.0,0.0
2026-07-14 00:00:00-04:00,0.9990000128746033,1.0499999523162842,0.9390000104904175,0.9900000095367432,32200,0.0,0.0
2026-07-15 00:00:00-04:00,0.9599999785423279,1.0123000144958496,0.9399999976158142,0.9797000288963318,30540,0.0,0.0
