Date,Open,High,Low,Close,Volume,Dividends,Stock Splits
2022-01-03 00:00:00-05:00,1.3799999952316284,1.4700000286102295,1.3799999952316284,1.440000057220459,280100,0.0,0.0
2022-01-04 00:00:00-05:00,1.4299999475479126,1.4500000476837158,1.3700000047683716,1.3799999952316284,234800,0.0,0.0
2022-01-05 00:00:00-05:00,1.3899999856948853,1.409999966621399,1.3200000524520874,1.3200000524520874,360800,0.0,0.0
2022-01-06 00:00:00-05:00,1.309999942779541,1.3899999856948853,1.2999999523162842,1.309999942779541,237200,0.0,0.0
2022-01-07 00:00:00-05:00,1.3200000524520874,1.350000023841858,1.2799999713897705,1.3300000429153442,140100,0.0,0.0
2022-01-10 00:00:00-05:00,1.2999999523162842,1.3600000143051147,1.2899999618530273,1.3300000429153442,213600,0.0,0.0
2022-01-11 00:00:00-05:00,1.3799999952316284,1.3899999856948853,1.3300000429153442,1.3799999952316284,107800,0.0,0.0
2022-01-12 00:00:00-05:00,1.3899999856948853,1.409999966621399,1.350000023841858,1.3899999856948853,171800,0.0,0.0
2022-01-13 00:00:00-05:00,1.3799999952316284,1.399999976158142,1.2999999523162842,1.3200000524520874,126100,0.0,0.0
2022-01-14 00:00:00-05:00,1.2999999523162842,1.3600000143051147,1.2899999618530273,1.340000033378601,296000,0.0,0.0
2022-01-18 00:00:00-05:00,1.2999999523162842,1.3200000524520874,1.2599999904632568,1.2599999904632568,141500,0.0,0.0
2022-01-19 00:00:00-05:00,1.2599999904632568,1.2799999713897705,1.190000057220459,1.2100000381469727,468300,0.0,0.0
2022-01-20 00:00:00-05:00,1.2100000381469727,1.25,1.1699999570846558,1.1799999475479126,206000,0.0,0.0
2022-01-21 00:00:00-05:00,1.1799999475479126,1.190000057220459,1.1100000143051147,1.1299999952316284,427200,0.0,0.0
2022-01-24 00:00:00-05:00,1.0800000429153442,1.1699999570846558,1.0399999618530273,1.159999966621399,478900,0.0,0.0
2022-01-25 00:00:00-05:00,1.1399999856948853,1.1799999475479126,1.100000023841858,1.1299999952316284,128100,0.0,0.0
2022-01-26 00:00:00-05:00,1.1299999952316284,1.2000000476837158,1.1100000143051147,1.1399999856948853,165300,0.0,0.0
2022-01-27 00:00:00-05:00,1.100000023841858,1.1299999952316284,1.0700000524520874,1.0800000429153442,108900,0.0,0.0
2022-01-28 00:00:00-05:00,1.0800000429153442,1.1299999952316284,1.0499999523162842,1.1200000047683716,165000,0.0,0.0
2022-01-31 00:00:00-05:00,1.1200000047683716,1.2000000476837158,1.1200000047683716,1.190000057220459,94300,0.0,0.0
2022-02-01 00:00:00-05:00,1.1699999570846558,1.2799999713897705,1.159999966621399,1.2300000190734863,196300,0.0,0.0
2022-02-02 00:00:00-05:00,1.2300000190734863,1.2599999904632568,1.159999966621399,1.1699999570846558,121000,0.0,0.0
2022-02-03 00:00:00-05:00,1.1399999856948853,1.1699999570846558,1.1100000143051147,1.1299999952316284,117000,0.0,0.0
2022-02-04 00:00:00-05:00,1.1100000143051147,1.159999966621399,1.1100000143051147,1.149999976158142,70300,0.0,0.0
2022-02-07 00:00:00-05:00,1.159999966621399,1.2400000095367432,1.159999966621399,1.1799999475479126,267300,0.0,0.0
2022-02-08 00:00:00-05:00,1.1799999475479126,1.2200000286102295,1.1699999570846558,1.1799999475479126,62700,0.0,0.0
2022-02-09 00:00:00-05:00,1.1799999475479126,1.2599999904632568,1.1799999475479126,1.2300000190734863,105900,0.0,0.0
2022-02-10 00:00:00-05:00,1.2300000190734863,1.2699999809265137,1.2100000381469727,1.2200000286102295,115600,0.0,0.0
2022-02-11 00:00:00-05:00,1.2200000286102295,1.25,1.1699999570846558,1.1799999475479126,96100,0.0,0.0
2022-02-14 00:00:00-05:00,1.1699999570846558,1.2300000190734863,1.1699999570846558,1.1799999475479126,98200,0.0,0.0
2022-02-15 00:00:00-05:00,1.2100000381469727,1.3200000524520874,1.2100000381469727,1.2699999809265137,185600,0.0,0.0
2022-02-16 00:00:00-05:00,1.2899999618530273,1.3200000524520874,1.2799999713897705,1.309999942779541,101000,0.0,0.0
2022-02-17 00:00:00-05:00,1.2999999523162842,1.350000023841858,1.2300000190734863,1.2400000095367432,156400,0.0,0.0
2022-02-18 00:00:00-05:00,1.2400000095367432,1.2599999904632568,1.159999966621399,1.1699999570846558,198200,0.0,0.0
2022-02-22 00:00:00-05:00,1.149999976158142,1.190000057220459,1.1299999952316284,1.1399999856948853,305600,0.0,0.0
2022-02-23 00:00:00-05:00,1.2400000095367432,1.2799999713897705,1.1399999856948853,1.1699999570846558,197800,0.0,0.0
2022-02-24 00:00:00-05:00,1.149999976158142,1.25,1.1299999952316284,1.2300000190734863,115700,0.0,0.0
2022-02-25 00:00:00-05:00,1.2300000190734863,1.25,1.1799999475479126,1.2200000286102295,87700,0.0,0.0
2022-02-28 00:00:00-05:00,1.2100000381469727,1.2799999713897705,1.159999966621399,1.25,102100,0.0,0.0
2022-03-01 00:00:00-05:00,1.2599999904632568,1.340000033378601,1.2200000286102295,1.2899999618530273,295000,0.0,0.0
2022-03-02 00:00:00-05:00,1.2899999618530273,1.3600000143051147,1.2300000190734863,1.25,227800,0.0,0.0
2022-03-03 00:00:00-05:00,1.25,1.2599999904632568,1.2000000476837158,1.2000000476837158,58800,0.0,0.0
2022-03-04 00:00:00-05:00,1.2000000476837158,1.2400000095367432,1.1699999570846558,1.2300000190734863,214500,0.0,0.0
2022-03-07 00:00:00-05:00,1.2300000190734863,1.3300000429153442,1.2200000286102295,1.2300000190734863,662200,0.0,0.0
2022-03-08 00:00:00-05:00,1.350000023841858,1.5399999618530273,1.2799999713897705,1.4199999570846558,1725000,0.0,0.0
2022-03-09 00:00:00-05:00,1.3899999856948853,1.409999966621399,1.2899999618530273,1.2999999523162842,374800,0.0,0.0
2022-03-10 00:00:00-05:00,1.3200000524520874,1.3799999952316284,1.309999942779541,1.3700000047683716,251600,0.0,0.0
2022-03-11 00:00:00-05:00,1.3600000143051147,1.3799999952316284,1.309999942779541,1.340000033378601,97300,0.0,0.0
2022-03-14 00:00:00-04:00,1.3300000429153442,1.340000033378601,1.2999999523162842,1.3200000524520874,232100,0.0,0.0
2022-03-15 00:00:00-04:00,1.3200000524520874,1.3700000047683716,1.3200000524520874,1.350000023841858,91600,0.0,0.0
2022-03-16 00:00:00-04:00,1.3700000047683716,1.399999976158142,1.340000033378601,1.3799999952316284,119300,0.0,0.0
2022-03-17 00:00:00-04:00,1.3600000143051147,1.3899999856948853,1.350000023841858,1.3799999952316284,91300,0.0,0.0
2022-03-18 00:00:00-04:00,1.3700000047683716,1.3899999856948853,1.350000023841858,1.3799999952316284,129900,0.0,0.0
2022-03-21 00:00:00-04:00,1.3700000047683716,1.3799999952316284,1.340000033378601,1.3799999952316284,99200,0.0,0.0
2022-03-22 00:00:00-04:00,1.3799999952316284,1.4500000476837158,1.3600000143051147,1.4199999570846558,184200,0.0,0.0
2022-03-23 00:00:00-04:00,1.440000057220459,1.5099999904632568,1.4199999570846558,1.4900000095367432,225100,0.0,0.0
2022-03-24 00:00:00-04:00,1.5,1.5,1.409999966621399,1.4500000476837158,116500,0.0,0.0
2022-03-25 00:00:00-04:00,1.4600000381469727,1.4800000190734863,1.4199999570846558,1.4199999570846558,114900,0.0,0.0
2022-03-28 00:00:00-04:00,1.399999976158142,1.4199999570846558,1.350000023841858,1.399999976158142,78500,0.0,0.0
2022-03-29 00:00:00-04:00,1.399999976158142,1.440000057220459,1.399999976158142,1.4199999570846558,115600,0.0,0.0
2022-03-30 00:00:00-04:00,1.4199999570846558,1.440000057220459,1.3899999856948853,1.4199999570846558,45300,0.0,0.0
2022-03-31 00:00:00-04:00,1.4199999570846558,1.4800000190734863,1.3899999856948853,1.4500000476837158,151700,0.0,0.0
2022-04-01 00:00:00-04:00,1.4500000476837158,1.4500000476837158,1.3899999856948853,1.3899999856948853,50400,0.0,0.0
2022-04-04 00:00:00-04:00,1.409999966621399,1.5399999618530273,1.3899999856948853,1.4600000381469727,316900,0.0,0.0
2022-04-05 00:00:00-04:00,1.4500000476837158,1.4700000286102295,1.3700000047683716,1.3799999952316284,172100,0.0,0.0
2022-04-06 00:00:00-04:00,1.399999976158142,1.409999966621399,1.3600000143051147,1.3700000047683716,95200,0.0,0.0
2022-04-07 00:00:00-04:00,1.3899999856948853,1.409999966621399,1.350000023841858,1.3700000047683716,150700,0.0,0.0
2022-04-08 00:00:00-04:00,1.399999976158142,1.4199999570846558,1.3700000047683716,1.399999976158142,131800,0.0,0.0
2022-04-11 00:00:00-04:00,1.409999966621399,1.440000057220459,1.3899999856948853,1.3899999856948853,62500,0.0,0.0
2022-04-12 00:00:00-04:00,1.3899999856948853,1.4199999570846558,1.3899999856948853,1.409999966621399,54500,0.0,0.0
2022-04-13 00:00:00-04:00,1.4199999570846558,1.5,1.399999976158142,1.4600000381469727,162300,0.0,0.0
2022-04-14 00:00:00-04:00,1.4900000095367432,1.5,1.4199999570846558,1.4500000476837158,37100,0.0,0.0
2022-04-18 00:00:00-04:00,1.4600000381469727,1.5099999904632568,1.4199999570846558,1.4600000381469727,177300,0.0,0.0
2022-04-19 00:00:00-04:00,1.4700000286102295,1.4900000095367432,1.4199999570846558,1.440000057220459,153500,0.0,0.0
2022-04-20 00:00:00-04:00,1.4600000381469727,1.4600000381469727,1.399999976158142,1.4199999570846558,53000,0.0,0.0
2022-04-21 00:00:00-04:00,1.4199999570846558,1.4199999570846558,1.3700000047683716,1.3799999952316284,61800,0.0,0.0
2022-04-22 00:00:00-04:00,1.3799999952316284,1.4199999570846558,1.3600000143051147,1.3700000047683716,124400,0.0,0.0
2022-04-25 00:00:00-04:00,1.3700000047683716,1.3700000047683716,1.2799999713897705,1.2899999618530273,200400,0.0,0.0
2022-04-26 00:00:00-04:00,1.2899999618530273,1.2999999523162842,1.2799999713897705,1.2899999618530273,90500,0.0,0.0
2022-04-27 00:00:00-04:00,1.2899999618530273,1.3300000429153442,1.2699999809265137,1.2799999713897705,67100,0.0,0.0
2022-04-28 00:00:00-04:00,1.2799999713897705,1.2899999618530273,1.2300000190734863,1.2400000095367432,86100,0.0,0.0
2022-04-29 00:00:00-04:00,1.2400000095367432,1.2999999523162842,1.2300000190734863,1.2899999618530273,47800,0.0,0.0
2022-05-02 00:00:00-04:00,1.2699999809265137,1.3600000143051147,1.2400000095367432,1.340000033378601,86800,0.0,0.0
2022-05-03 00:00:00-04:00,1.340000033378601,1.399999976158142,1.3200000524520874,1.340000033378601,71700,0.0,0.0
2022-05-04 00:00:00-04:00,1.340000033378601,1.4500000476837158,1.3300000429153442,1.409999966621399,75000,0.0,0.0
2022-05-05 00:00:00-04:00,1.4299999475479126,1.4600000381469727,1.3300000429153442,1.3600000143051147,64900,0.0,0.0
2022-05-06 00:00:00-04:00,1.3600000143051147,1.3899999856948853,1.3300000429153442,1.340000033378601,53500,0.0,0.0
2022-05-09 00:00:00-04:00,1.2999999523162842,1.3300000429153442,1.2400000095367432,1.25,167300,0.0,0.0
2022-05-10 00:00:00-04:00,1.2699999809265137,1.2699999809265137,1.2000000476837158,1.2300000190734863,97300,0.0,0.0
2022-05-11 00:00:00-04:00,1.2100000381469727,1.2400000095367432,1.1100000143051147,1.1200000047683716,117300,0.0,0.0
2022-05-12 00:00:00-04:00,1.1100000143051147,1.2000000476837158,1.0199999809265137,1.149999976158142,152400,0.0,0.0
2022-05-13 00:00:00-04:00,1.1299999952316284,1.2400000095367432,1.1100000143051147,1.2100000381469727,92300,0.0,0.0
2022-05-16 00:00:00-04:00,1.1699999570846558,1.2200000286102295,1.159999966621399,1.1799999475479126,61200,0.0,0.0
2022-05-17 00:00:00-04:00,1.190000057220459,1.2100000381469727,1.1699999570846558,1.190000057220459,71500,0.0,0.0
2022-05-18 00:00:00-04:00,1.190000057220459,1.2200000286102295,1.1299999952316284,1.1399999856948853,110800,0.0,0.0
2022-05-19 00:00:00-04:00,1.149999976158142,1.2200000286102295,1.1399999856948853,1.190000057220459,82200,0.0,0.0
2022-05-20 00:00:00-04:00,1.190000057220459,1.2400000095367432,1.100000023841858,1.1699999570846558,81500,0.0,0.0
2022-05-23 00:00:00-04:00,1.1699999570846558,1.2300000190734863,1.149999976158142,1.2100000381469727,82700,0.0,0.0
2022-05-24 00:00:00-04:00,1.2000000476837158,1.2100000381469727,1.159999966621399,1.1799999475479126,30300,0.0,0.0
2022-05-25 00:00:00-04:00,1.1799999475479126,1.2899999618530273,1.1799999475479126,1.2599999904632568,56200,0.0,0.0
2022-05-26 00:00:00-04:00,1.25,1.399999976158142,1.2400000095367432,1.2899999618530273,161100,0.0,0.0
2022-05-27 00:00:00-04:00,1.2999999523162842,1.3799999952316284,1.2899999618530273,1.3300000429153442,137400,0.0,0.0
2022-05-31 00:00:00-04:00,1.3200000524520874,1.3300000429153442,1.2599999904632568,1.2899999618530273,57900,0.0,0.0
2022-06-01 00:00:00-04:00,1.3200000524520874,1.3300000429153442,1.25,1.25,57600,0.0,0.0
2022-06-02 00:00:00-04:00,1.2599999904632568,1.3799999952316284,1.2599999904632568,1.3200000524520874,62500,0.0,0.0
2022-06-03 00:00:00-04:00,1.3200000524520874,1.340000033378601,1.2799999713897705,1.340000033378601,38400,0.0,0.0
2022-06-06 00:00:00-04:00,1.340000033378601,1.3700000047683716,1.2599999904632568,1.2599999904632568,104300,0.0,0.0
2022-06-07 00:00:00-04:00,1.2699999809265137,1.340000033378601,1.2699999809265137,1.3200000524520874,105300,0.0,0.0
2022-06-08 00:00:00-04:00,1.340000033378601,1.340000033378601,1.2999999523162842,1.3300000429153442,31800,0.0,0.0
2022-06-09 00:00:00-04:00,1.3200000524520874,1.3700000047683716,1.309999942779541,1.3300000429153442,204100,0.0,0.0
2022-06-10 00:00:00-04:00,1.3300000429153442,1.3300000429153442,1.2799999713897705,1.2999999523162842,46400,0.0,0.0
2022-06-13 00:00:00-04:00,1.2799999713897705,1.2799999713897705,1.1699999570846558,1.2300000190734863,106400,0.0,0.0
2022-06-14 00:00:00-04:00,1.2100000381469727,1.25,1.2100000381469727,1.2300000190734863,54300,0.0,0.0
2022-06-15 00:00:00-04:00,1.25,1.2999999523162842,1.25,1.2799999713897705,36100,0.0,0.0
2022-06-16 00:00:00-04:00,1.2899999618530273,1.2899999618530273,1.2200000286102295,1.25,115200,0.0,0.0
2022-06-17 00:00:00-04:00,1.2799999713897705,1.2799999713897705,1.2200000286102295,1.25,45500,0.0,0.0
2022-06-21 00:00:00-04:00,1.2400000095367432,1.2599999904632568,1.2100000381469727,1.25,68900,0.0,0.0
2022-06-22 00:00:00-04:00,1.2300000190734863,1.2799999713897705,1.2300000190734863,1.2699999809265137,15400,0.0,0.0
2022-06-23 00:00:00-04:00,1.2400000095367432,1.2799999713897705,1.2300000190734863,1.25,597900,0.0,0.0
2022-06-24 00:00:00-04:00,1.2699999809265137,1.340000033378601,1.2699999809265137,1.2899999618530273,315500,0.0,0.0
2022-06-27 00:00:00-04:00,1.2999999523162842,1.309999942779541,1.2699999809265137,1.2799999713897705,165000,0.0,0.0
2022-06-28 00:00:00-04:00,1.2799999713897705,1.2899999618530273,1.2599999904632568,1.2599999904632568,60200,0.0,0.0
2022-06-29 00:00:00-04:00,1.25,1.2699999809265137,1.2200000286102295,1.2699999809265137,65800,0.0,0.0
2022-06-30 00:00:00-04:00,1.2699999809265137,1.2699999809265137,1.2300000190734863,1.2400000095367432,39600,0.0,0.0
2022-07-01 00:00:00-04:00,1.2000000476837158,1.25,1.2000000476837158,1.2300000190734863,47600,0.0,0.0
2022-07-05 00:00:00-04:00,1.2400000095367432,1.2899999618530273,1.2300000190734863,1.2699999809265137,65600,0.0,0.0
2022-07-06 00:00:00-04:00,1.2599999904632568,1.2899999618530273,1.25,1.2699999809265137,39700,0.0,0.0
2022-07-07 00:00:00-04:00,1.25,1.309999942779541,1.2400000095367432,1.2599999904632568,44500,0.0,0.0
2022-07-08 00:00:00-04:00,1.25,1.25,1.2100000381469727,1.2200000286102295,127100,0.0,0.0
2022-07-11 00:00:00-04:00,1.2400000095367432,1.25,1.2200000286102295,1.2300000190734863,20300,0.0,0.0
2022-07-12 00:00:00-04:00,1.2200000286102295,1.2400000095367432,1.2000000476837158,1.2100000381469727,53700,0.0,0.0
2022-07-13 00:00:00-04:00,1.2000000476837158,1.2599999904632568,1.1799999475479126,1.2400000095367432,30200,0.0,0.0
2022-07-14 00:00:00-04:00,1.2400000095367432,1.25,1.2000000476837158,1.2200000286102295,18300,0.0,0.0
2022-07-15 00:00:00-04:00,1.2300000190734863,1.2400000095367432,1.1799999475479126,1.2100000381469727,70300,0.0,0.0
2022-07-18 00:00:00-04:00,1.2100000381469727,1.2200000286102295,1.2000000476837158,1.2100000381469727,18600,0.0,0.0
2022-07-19 00:00:00-04:00,1.2300000190734863,1.2799999713897705,1.2300000190734863,1.2599999904632568,129300,0.0,0.0
2022-07-20 00:00:00-04:00,1.2599999904632568,1.2899999618530273,1.25,1.25,96300,0.0,0.0
2022-07-21 00:00:00-04:00,1.25,1.2599999904632568,1.2300000190734863,1.2400000095367432,27100,0.0,0.0
2022-07-22 00:00:00-04:00,1.25,1.25,1.2200000286102295,1.2300000190734863,27300,0.0,0.0
2022-07-25 00:00:00-04:00,1.1799999475479126,1.2400000095367432,1.1799999475479126,1.2100000381469727,31300,0.0,0.0
2022-07-26 00:00:00-04:00,1.2200000286102295,1.25,1.2000000476837158,1.2300000190734863,52100,0.0,0.0
2022-07-27 00:00:00-04:00,1.2400000095367432,1.2799999713897705,1.190000057220459,1.2599999904632568,91100,0.0,0.0
2022-07-28 00:00:00-04:00,1.2400000095367432,1.2699999809265137,1.2200000286102295,1.2300000190734863,27500,0.0,0.0
2022-07-29 00:00:00-04:00,1.2400000095367432,1.2999999523162842,1.2400000095367432,1.2999999523162842,106700,0.0,0.0
2022-08-01 00:00:00-04:00,1.2999999523162842,1.3300000429153442,1.2999999523162842,1.2999999523162842,73400,0.0,0.0
2022-08-02 00:00:00-04:00,1.309999942779541,1.3300000429153442,1.2599999904632568,1.2799999713897705,178700,0.0,0.0
2022-08-03 00:00:00-04:00,1.3200000524520874,1.340000033378601,1.2799999713897705,1.3300000429153442,116400,0.0,0.0
2022-08-04 00:00:00-04:00,1.340000033378601,1.340000033378601,1.2799999713897705,1.2899999618530273,149000,0.0,0.0
2022-08-05 00:00:00-04:00,1.2799999713897705,1.3300000429153442,1.2599999904632568,1.3200000524520874,65000,0.0,0.0
2022-08-08 00:00:00-04:00,1.409999966621399,1.409999966621399,1.2899999618530273,1.2999999523162842,319900,0.0,0.0
2022-08-09 00:00:00-04:00,1.2699999809265137,1.3600000143051147,1.2699999809265137,1.2999999523162842,142500,0.0,0.0
2022-08-10 00:00:00-04:00,1.340000033378601,1.399999976158142,1.3300000429153442,1.3899999856948853,169100,0.0,0.0
2022-08-11 00:00:00-04:00,1.5299999713897705,1.5299999713897705,1.3600000143051147,1.3799999952316284,157700,0.0,0.0
2022-08-12 00:00:00-04:00,1.399999976158142,1.4199999570846558,1.340000033378601,1.399999976158142,81700,0.0,0.0
2022-08-15 00:00:00-04:00,1.3600000143051147,1.399999976158142,1.3600000143051147,1.3899999856948853,39000,0.0,0.0
2022-08-16 00:00:00-04:00,1.3899999856948853,1.399999976158142,1.3600000143051147,1.3700000047683716,37300,0.0,0.0
2022-08-17 00:00:00-04:00,1.3700000047683716,1.399999976158142,1.2799999713897705,1.3300000429153442,127900,0.0,0.0
2022-08-18 00:00:00-04:00,1.340000033378601,1.350000023841858,1.2899999618530273,1.3200000524520874,50500,0.0,0.0
2022-08-19 00:00:00-04:00,1.2899999618530273,1.2999999523162842,1.2000000476837158,1.2400000095367432,193200,0.0,0.0
2022-08-22 00:00:00-04:00,1.2300000190734863,1.2799999713897705,1.1799999475479126,1.2300000190734863,162700,0.0,0.0
2022-08-23 00:00:00-04:00,1.2300000190734863,1.2599999904632568,1.2100000381469727,1.2300000190734863,36100,0.0,0.0
2022-08-24 00:00:00-04:00,1.2400000095367432,1.2899999618530273,1.2400000095367432,1.2699999809265137,42500,0.0,0.0
2022-08-25 00:00:00-04:00,1.2999999523162842,1.3700000047683716,1.2400000095367432,1.340000033378601,82700,0.0,0.0
2022-08-26 00:00:00-04:00,1.340000033378601,1.340000033378601,1.2599999904632568,1.2999999523162842,61300,0.0,0.0
2022-08-29 00:00:00-04:00,1.309999942779541,1.350000023841858,1.2799999713897705,1.350000023841858,55300,0.0,0.0
2022-08-30 00:00:00-04:00,1.3600000143051147,1.3600000143051147,1.2999999523162842,1.350000023841858,52800,0.0,0.0
2022-08-31 00:00:00-04:00,1.3300000429153442,1.440000057220459,1.3300000429153442,1.409999966621399,73700,0.0,0.0
2022-09-01 00:00:00-04:00,1.4299999475479126,1.4299999475479126,1.350000023841858,1.3799999952316284,68600,0.0,0.0
2022-09-02 00:00:00-04:00,1.3600000143051147,1.4299999475479126,1.350000023841858,1.3700000047683716,23900,0.0,0.0
2022-09-06 00:00:00-04:00,1.3700000047683716,1.409999966621399,1.3300000429153442,1.399999976158142,97000,0.0,0.0
2022-09-07 00:00:00-04:00,1.3700000047683716,1.4800000190734863,1.350000023841858,1.4700000286102295,167800,0.0,0.0
2022-09-08 00:00:00-04:00,1.399999976158142,1.4700000286102295,1.399999976158142,1.4500000476837158,42700,0.0,0.0
2022-09-09 00:00:00-04:00,1.4299999475479126,1.559999942779541,1.399999976158142,1.5499999523162842,106000,0.0,0.0
2022-09-12 00:00:00-04:00,1.5499999523162842,1.559999942779541,1.5299999713897705,1.5299999713897705,79800,0.0,0.0
2022-09-13 00:00:00-04:00,1.4500000476837158,1.5099999904632568,1.440000057220459,1.4500000476837158,68300,0.0,0.0
2022-09-14 00:00:00-04:00,1.4800000190734863,1.4800000190734863,1.25,1.350000023841858,103100,0.0,0.0
2022-09-15 00:00:00-04:00,1.340000033378601,1.4600000381469727,1.3300000429153442,1.3899999856948853,95400,0.0,0.0
2022-09-16 00:00:00-04:00,1.3899999856948853,1.3899999856948853,1.350000023841858,1.350000023841858,32000,0.0,0.0
2022-09-19 00:00:00-04:00,1.350000023841858,1.3600000143051147,1.3200000524520874,1.3300000429153442,10200,0.0,0.0
2022-09-20 00:00:00-04:00,1.3300000429153442,1.3300000429153442,1.2599999904632568,1.2599999904632568,23100,0.0,0.0
2022-09-21 00:00:00-04:00,1.2799999713897705,1.2799999713897705,1.25,1.25,31200,0.0,0.0
2022-09-22 00:00:00-04:00,1.2899999618530273,1.2899999618530273,1.2100000381469727,1.2300000190734863,49400,0.0,0.0
2022-09-23 00:00:00-04:00,1.2300000190734863,1.2400000095367432,1.149999976158142,1.1799999475479126,102900,0.0,0.0
2022-09-26 00:00:00-04:00,1.159999966621399,1.190000057220459,1.149999976158142,1.1799999475479126,46800,0.0,0.0
2022-09-27 00:00:00-04:00,1.1799999475479126,1.2000000476837158,1.159999966621399,1.1699999570846558,69700,0.0,0.0
2022-09-28 00:00:00-04:00,1.1299999952316284,1.190000057220459,1.1299999952316284,1.1799999475479126,44800,0.0,0.0
2022-09-29 00:00:00-04:00,1.1799999475479126,1.190000057220459,1.159999966621399,1.1799999475479126,35300,0.0,0.0
2022-09-30 00:00:00-04:00,1.159999966621399,1.2100000381469727,1.149999976158142,1.1699999570846558,84200,0.0,0.0
2022-10-03 00:00:00-04:00,1.190000057220459,1.190000057220459,1.1399999856948853,1.1699999570846558,32000,0.0,0.0
2022-10-04 00:00:00-04:00,1.1799999475479126,1.2400000095367432,1.1799999475479126,1.2200000286102295,60500,0.0,0.0
2022-10-05 00:00:00-04:00,1.190000057220459,1.2300000190734863,1.190000057220459,1.2100000381469727,25800,0.0,0.0
2022-10-06 00:00:00-04:00,1.2000000476837158,1.2200000286102295,1.1699999570846558,1.1699999570846558,18900,0.0,0.0
2022-10-07 00:00:00-04:00,1.1699999570846558,1.1799999475479126,1.159999966621399,1.1699999570846558,46600,0.0,0.0
2022-10-10 00:00:00-04:00,1.1699999570846558,1.1799999475479126,1.159999966621399,1.1699999570846558,44800,0.0,0.0
2022-10-11 00:00:00-04:00,1.2100000381469727,1.2100000381469727,1.159999966621399,1.159999966621399,95200,0.0,0.0
2022-10-12 00:00:00-04:00,1.149999976158142,1.190000057220459,1.149999976158142,1.149999976158142,13700,0.0,0.0
2022-10-13 00:00:00-04:00,1.149999976158142,1.190000057220459,1.149999976158142,1.190000057220459,43800,0.0,0.0
2022-10-14 00:00:00-04:00,1.1699999570846558,1.190000057220459,1.159999966621399,1.159999966621399,17800,0.0,0.0
2022-10-17 00:00:00-04:00,1.2000000476837158,1.2000000476837158,1.149999976158142,1.149999976158142,20300,0.0,0.0
2022-10-18 00:00:00-04:00,1.190000057220459,1.190000057220459,1.159999966621399,1.159999966621399,13400,0.0,0.0
2022-10-19 00:00:00-04:00,1.1799999475479126,1.190000057220459,1.149999976158142,1.1699999570846558,37900,0.0,0.0
2022-10-20 00:00:00-04:00,1.1799999475479126,1.2000000476837158,1.159999966621399,1.1699999570846558,20400,0.0,0.0
2022-10-21 00:00:00-04:00,1.1799999475479126,1.2000000476837158,1.159999966621399,1.1699999570846558,31000,0.0,0.0
2022-10-24 00:00:00-04:00,1.1799999475479126,1.1799999475479126,1.149999976158142,1.159999966621399,76300,0.0,0.0
2022-10-25 00:00:00-04:00,1.149999976158142,1.1699999570846558,1.149999976158142,1.1699999570846558,39200,0.0,0.0
2022-10-26 00:00:00-04:00,1.1699999570846558,1.2100000381469727,1.1699999570846558,1.190000057220459,31600,0.0,0.0
2022-10-27 00:00:00-04:00,1.2100000381469727,1.2100000381469727,1.1699999570846558,1.190000057220459,36700,0.0,0.0
2022-10-28 00:00:00-04:00,1.190000057220459,1.2100000381469727,1.159999966621399,1.2000000476837158,34900,0.0,0.0
2022-10-31 00:00:00-04:00,1.2000000476837158,1.2300000190734863,1.159999966621399,1.1699999570846558,32800,0.0,0.0
2022-11-01 00:00:00-04:00,1.159999966621399,1.2000000476837158,1.159999966621399,1.1799999475479126,50400,0.0,0.0
2022-11-02 00:00:00-04:00,1.1799999475479126,1.2200000286102295,1.1699999570846558,1.1699999570846558,31500,0.0,0.0
2022-11-03 00:00:00-04:00,1.149999976158142,1.190000057220459,1.149999976158142,1.1699999570846558,18000,0.0,0.0
2022-11-04 00:00:00-04:00,1.159999966621399,1.190000057220459,1.159999966621399,1.1799999475479126,17600,0.0,0.0
2022-11-07 00:00:00-05:00,1.2000000476837158,1.2300000190734863,1.190000057220459,1.2300000190734863,43300,0.0,0.0
2022-11-08 00:00:00-05:00,1.2200000286102295,1.2899999618530273,1.2200000286102295,1.2599999904632568,72200,0.0,0.0
2022-11-09 00:00:00-05:00,1.2599999904632568,1.350000023841858,1.2599999904632568,1.3200000524520874,111100,0.0,0.0
2022-11-10 00:00:00-05:00,1.350000023841858,1.350000023841858,1.2899999618530273,1.2899999618530273,38200,0.0,0.0
2022-11-11 00:00:00-05:00,1.2899999618530273,1.2999999523162842,1.2300000190734863,1.25,109200,0.0,0.0
2022-11-14 00:00:00-05:00,1.25,1.309999942779541,1.25,1.309999942779541,33000,0.0,0.0
2022-11-15 00:00:00-05:00,1.309999942779541,1.340000033378601,1.2899999618530273,1.3200000524520874,72100,0.0,0.0
2022-11-16 00:00:00-05:00,1.3300000429153442,1.3300000429153442,1.2799999713897705,1.2899999618530273,40600,0.0,0.0
2022-11-17 00:00:00-05:00,1.2599999904632568,1.2999999523162842,1.2400000095367432,1.25,39000,0.0,0.0
2022-11-18 00:00:00-05:00,1.25,1.2899999618530273,1.2300000190734863,1.2400000095367432,43200,0.0,0.0
2022-11-21 00:00:00-05:00,1.25,1.25,1.2400000095367432,1.2400000095367432,28800,0.0,0.0
2022-11-22 00:00:00-05:00,1.2300000190734863,1.2899999618530273,1.2300000190734863,1.2599999904632568,43000,0.0,0.0
2022-11-23 00:00:00-05:00,1.2699999809265137,1.3200000524520874,1.25,1.2999999523162842,32400,0.0,0.0
2022-11-25 00:00:00-05:00,1.2899999618530273,1.3300000429153442,1.2899999618530273,1.2999999523162842,41400,0.0,0.0
2022-11-28 00:00:00-05:00,1.2999999523162842,1.3200000524520874,1.2799999713897705,1.2899999618530273,52200,0.0,0.0
2022-11-29 00:00:00-05:00,1.2799999713897705,1.3200000524520874,1.25,1.2699999809265137,35900,0.0,0.0
2022-11-30 00:00:00-05:00,1.2799999713897705,1.2799999713897705,1.2400000095367432,1.2400000095367432,54700,0.0,0.0
2022-12-01 00:00:00-05:00,1.3300000429153442,1.340000033378601,1.2599999904632568,1.340000033378601,73700,0.0,0.0
2022-12-02 00:00:00-05:00,1.340000033378601,1.4800000190734863,1.340000033378601,1.440000057220459,148500,0.0,0.0
2022-12-05 00:00:00-05:00,1.4500000476837158,1.659999966621399,1.4299999475479126,1.6299999952316284,474500,0.0,0.0
2022-12-06 00:00:00-05:00,1.6299999952316284,1.649999976158142,1.4700000286102295,1.4900000095367432,150400,0.0,0.0
2022-12-07 00:00:00-05:00,1.4600000381469727,1.559999942779541,1.4199999570846558,1.5,87800,0.0,0.0
2022-12-08 00:00:00-05:00,1.5199999809265137,1.5700000524520874,1.5,1.5499999523162842,66700,0.0,0.0
2022-12-09 00:00:00-05:00,1.5499999523162842,1.5499999523162842,1.4500000476837158,1.4600000381469727,105500,0.0,0.0
2022-12-12 00:00:00-05:00,1.5,1.5199999809265137,1.4600000381469727,1.5,63800,0.0,0.0
2022-12-13 00:00:00-05:00,1.5299999713897705,1.5700000524520874,1.4900000095367432,1.5099999904632568,63100,0.0,0.0
2022-12-14 00:00:00-05:00,1.5199999809265137,1.5399999618530273,1.4900000095367432,1.5,31000,0.0,0.0
2022-12-15 00:00:00-05:00,1.5,1.5499999523162842,1.4800000190734863,1.5,58200,0.0,0.0
2022-12-16 00:00:00-05:00,1.4900000095367432,1.5299999713897705,1.4600000381469727,1.5,69200,0.0,0.0
2022-12-19 00:00:00-05:00,1.4700000286102295,1.5299999713897705,1.3300000429153442,1.3600000143051147,87500,0.0,0.0
2022-12-20 00:00:00-05:00,1.3200000524520874,1.350000023841858,1.309999942779541,1.3200000524520874,69600,0.0,0.0
2022-12-21 00:00:00-05:00,1.309999942779541,1.350000023841858,1.309999942779541,1.309999942779541,95400,0.0,0.0
2022-12-22 00:00:00-05:00,1.2999999523162842,1.3300000429153442,1.2599999904632568,1.2899999618530273,116600,0.0,0.0
2022-12-23 00:00:00-05:00,1.2599999904632568,1.3300000429153442,1.2599999904632568,1.3300000429153442,91700,0.0,0.0
2022-12-27 00:00:00-05:00,1.3700000047683716,1.3700000047683716,1.309999942779541,1.309999942779541,58200,0.0,0.0
2022-12-28 00:00:00-05:00,1.309999942779541,1.3200000524520874,1.2899999618530273,1.2999999523162842,51400,0.0,0.0
2022-12-29 00:00:00-05:00,1.2899999618530273,1.2999999523162842,1.2599999904632568,1.2799999713897705,79500,0.0,0.0
2022-12-30 00:00:00-05:00,1.2799999713897705,1.2899999618530273,1.2599999904632568,1.2699999809265137,118400,0.0,0.0
2023-01-03 00:00:00-05:00,1.2599999904632568,1.2999999523162842,1.25,1.2699999809265137,63100,0.0,0.0
2023-01-04 00:00:00-05:00,1.350000023841858,1.350000023841858,1.2899999618530273,1.3200000524520874,99400,0.0,0.0
2023-01-05 00:00:00-05:00,1.340000033378601,1.4900000095367432,1.2899999618530273,1.4800000190734863,308500,0.0,0.0
2023-01-06 00:00:00-05:00,1.5099999904632568,1.7000000476837158,1.4900000095367432,1.6799999475479126,400900,0.0,0.0
2023-01-09 00:00:00-05:00,1.690000057220459,1.75,1.6200000047683716,1.6399999856948853,184400,0.0,0.0
2023-01-10 00:00:00-05:00,1.649999976158142,1.7000000476837158,1.5700000524520874,1.6699999570846558,97000,0.0,0.0
2023-01-11 00:00:00-05:00,1.7000000476837158,1.7200000286102295,1.649999976158142,1.7100000381469727,60400,0.0,0.0
2023-01-12 00:00:00-05:00,1.7000000476837158,1.7100000381469727,1.6699999570846558,1.690000057220459,109500,0.0,0.0
2023-01-13 00:00:00-05:00,1.649999976158142,1.7200000286102295,1.6100000143051147,1.7000000476837158,125300,0.0,0.0
2023-01-17 00:00:00-05:00,1.7100000381469727,1.7100000381469727,1.5,1.559999942779541,184400,0.0,0.0
2023-01-18 00:00:00-05:00,1.559999942779541,1.7100000381469727,1.5399999618530273,1.6299999952316284,111100,0.0,0.0
2023-01-19 00:00:00-05:00,1.6699999570846558,1.690000057220459,1.6100000143051147,1.6799999475479126,50500,0.0,0.0
2023-01-20 00:00:00-05:00,1.690000057220459,1.690000057220459,1.6299999952316284,1.659999966621399,38200,0.0,0.0
2023-01-23 00:00:00-05:00,1.690000057220459,1.690000057220459,1.6399999856948853,1.6699999570846558,45600,0.0,0.0
2023-01-24 00:00:00-05:00,1.690000057220459,1.7000000476837158,1.6100000143051147,1.649999976158142,109600,0.0,0.0
2023-01-25 00:00:00-05:00,1.6100000143051147,1.6299999952316284,1.5800000429153442,1.6100000143051147,34800,0.0,0.0
2023-01-26 00:00:00-05:00,1.600000023841858,1.6399999856948853,1.5800000429153442,1.6100000143051147,36400,0.0,0.0
2023-01-27 00:00:00-05:00,1.5499999523162842,1.6100000143051147,1.5199999809265137,1.559999942779541,61000,0.0,0.0
2023-01-30 00:00:00-05:00,1.5499999523162842,1.6699999570846558,1.5299999713897705,1.5800000429153442,62300,0.0,0.0
2023-01-31 00:00:00-05:00,1.600000023841858,1.6699999570846558,1.5800000429153442,1.5800000429153442,44700,0.0,0.0
2023-02-01 00:00:00-05:00,1.600000023841858,1.6100000143051147,1.5499999523162842,1.590000033378601,40800,0.0,0.0
2023-02-02 00:00:00-05:00,1.6100000143051147,1.6100000143051147,1.5700000524520874,1.600000023841858,47700,0.0,0.0
2023-02-03 00:00:00-05:00,1.600000023841858,1.600000023841858,1.5499999523162842,1.559999942779541,72700,0.0,0.0
2023-02-06 00:00:00-05:00,1.5499999523162842,1.559999942779541,1.5,1.5,66600,0.0,0.0
2023-02-07 00:00:00-05:00,1.4800000190734863,1.4900000095367432,1.440000057220459,1.4500000476837158,44600,0.0,0.0
2023-02-08 00:00:00-05:00,1.4900000095367432,1.5,1.409999966621399,1.4299999475479126,34700,0.0,0.0
2023-02-09 00:00:00-05:00,1.4299999475479126,1.4299999475479126,1.3799999952316284,1.3799999952316284,40000,0.0,0.0
2023-02-10 00:00:00-05:00,1.3700000047683716,1.3899999856948853,1.340000033378601,1.3799999952316284,69200,0.0,0.0
2023-02-13 00:00:00-05:00,1.3600000143051147,1.440000057220459,1.340000033378601,1.399999976158142,53500,0.0,0.0
2023-02-14 00:00:00-05:00,1.3899999856948853,1.399999976158142,1.3799999952316284,1.3799999952316284,28200,0.0,0.0
2023-02-15 00:00:00-05:00,1.399999976158142,1.4199999570846558,1.3899999856948853,1.4199999570846558,22100,0.0,0.0
2023-02-16 00:00:00-05:00,1.3899999856948853,1.4299999475479126,1.3899999856948853,1.409999966621399,36500,0.0,0.0
2023-02-17 00:00:00-05:00,1.3899999856948853,1.409999966621399,1.3899999856948853,1.3899999856948853,46900,0.0,0.0
2023-02-21 00:00:00-05:00,1.3899999856948853,1.3899999856948853,1.350000023841858,1.3600000143051147,22900,0.0,0.0
2023-02-22 00:00:00-05:00,1.350000023841858,1.3799999952316284,1.3200000524520874,1.3200000524520874,34800,0.0,0.0
2023-02-23 00:00:00-05:00,1.3200000524520874,1.3700000047683716,1.3200000524520874,1.340000033378601,45200,0.0,0.0
2023-02-24 00:00:00-05:00,1.3200000524520874,1.350000023841858,1.2999999523162842,1.2999999523162842,38700,0.0,0.0
2023-02-27 00:00:00-05:00,1.309999942779541,1.350000023841858,1.2999999523162842,1.3200000524520874,38100,0.0,0.0
2023-02-28 00:00:00-05:00,1.340000033378601,1.3600000143051147,1.25,1.340000033378601,139400,0.0,0.0
2023-03-01 00:00:00-05:00,1.25,1.399999976158142,1.25,1.3600000143051147,149800,0.0,0.0
2023-03-02 00:00:00-05:00,1.3600000143051147,1.4800000190734863,1.3600000143051147,1.4600000381469727,97100,0.0,0.0
2023-03-03 00:00:00-05:00,1.4500000476837158,1.4700000286102295,1.399999976158142,1.4700000286102295,75000,0.0,0.0
2023-03-06 00:00:00-05:00,1.4600000381469727,1.4700000286102295,1.4199999570846558,1.440000057220459,32000,0.0,0.0
2023-03-07 00:00:00-05:00,1.440000057220459,1.5,1.440000057220459,1.4800000190734863,104900,0.0,0.0
2023-03-08 00:00:00-05:00,1.3899999856948853,1.4900000095367432,1.3899999856948853,1.4199999570846558,121100,0.0,0.0
2023-03-09 00:00:00-05:00,1.4199999570846558,1.4199999570846558,1.399999976158142,1.409999966621399,36200,0.0,0.0
2023-03-10 00:00:00-05:00,1.399999976158142,1.399999976158142,1.2599999904632568,1.2899999618530273,94800,0.0,0.0
2023-03-13 00:00:00-04:00,1.25,1.2899999618530273,1.25,1.2599999904632568,69200,0.0,0.0
2023-03-14 00:00:00-04:00,1.2699999809265137,1.2899999618530273,1.2599999904632568,1.2599999904632568,40600,0.0,0.0
2023-03-15 00:00:00-04:00,1.2699999809265137,1.2699999809265137,1.2200000286102295,1.2200000286102295,50600,0.0,0.0
2023-03-16 00:00:00-04:00,1.2100000381469727,1.2400000095367432,1.2000000476837158,1.2300000190734863,45700,0.0,0.0
2023-03-17 00:00:00-04:00,1.2200000286102295,1.2400000095367432,1.2000000476837158,1.2400000095367432,123700,0.0,0.0
2023-03-20 00:00:00-04:00,1.2400000095367432,1.3200000524520874,1.2400000095367432,1.25,57200,0.0,0.0
2023-03-21 00:00:00-04:00,1.2300000190734863,1.2699999809265137,1.2300000190734863,1.2400000095367432,11900,0.0,0.0
2023-03-22 00:00:00-04:00,1.25,1.2599999904632568,1.2100000381469727,1.2100000381469727,34200,0.0,0.0
2023-03-23 00:00:00-04:00,1.2000000476837158,1.25,1.2000000476837158,1.2100000381469727,32400,0.0,0.0
2023-03-24 00:00:00-04:00,1.2000000476837158,1.2300000190734863,1.2000000476837158,1.2200000286102295,30000,0.0,0.0
2023-03-27 00:00:00-04:00,1.2200000286102295,1.2400000095367432,1.2100000381469727,1.2300000190734863,15000,0.0,0.0
2023-03-28 00:00:00-04:00,1.2200000286102295,1.2400000095367432,1.2200000286102295,1.2200000286102295,11200,0.0,0.0
2023-03-29 00:00:00-04:00,1.2400000095367432,1.25,1.2200000286102295,1.2300000190734863,22400,0.0,0.0
2023-03-30 00:00:00-04:00,1.2200000286102295,1.2799999713897705,1.2200000286102295,1.2599999904632568,22200,0.0,0.0
2023-03-31 00:00:00-04:00,1.2599999904632568,1.2899999618530273,1.2599999904632568,1.2799999713897705,27800,0.0,0.0
2023-04-03 00:00:00-04:00,1.2599999904632568,1.3300000429153442,1.2599999904632568,1.2899999618530273,80200,0.0,0.0
2023-04-04 00:00:00-04:00,1.2699999809265137,1.2799999713897705,1.25,1.2699999809265137,27000,0.0,0.0
2023-04-05 00:00:00-04:00,1.25,1.2699999809265137,1.2300000190734863,1.2400000095367432,35600,0.0,0.0
2023-04-06 00:00:00-04:00,1.25,1.2599999904632568,1.2300000190734863,1.2300000190734863,8400,0.0,0.0
2023-04-10 00:00:00-04:00,1.2300000190734863,1.2699999809265137,1.2300000190734863,1.2699999809265137,27800,0.0,0.0
2023-04-11 00:00:00-04:00,1.2799999713897705,1.2899999618530273,1.2699999809265137,1.2799999713897705,23800,0.0,0.0
2023-04-12 00:00:00-04:00,1.2799999713897705,1.2799999713897705,1.2100000381469727,1.2100000381469727,40700,0.0,0.0
2023-04-13 00:00:00-04:00,1.2100000381469727,1.2400000095367432,1.2100000381469727,1.2200000286102295,47900,0.0,0.0
2023-04-14 00:00:00-04:00,1.2100000381469727,1.2400000095367432,1.2100000381469727,1.2300000190734863,38000,0.0,0.0
2023-04-17 00:00:00-04:00,1.2100000381469727,1.2400000095367432,1.2100000381469727,1.2200000286102295,40300,0.0,0.0
2023-04-18 00:00:00-04:00,1.2200000286102295,1.2699999809265137,1.2200000286102295,1.2200000286102295,56900,0.0,0.0
2023-04-19 00:00:00-04:00,1.2200000286102295,1.2599999904632568,1.2200000286102295,1.25,26400,0.0,0.0
2023-04-20 00:00:00-04:00,1.2400000095367432,1.2400000095367432,1.2200000286102295,1.2200000286102295,12900,0.0,0.0
2023-04-21 00:00:00-04:00,1.2200000286102295,1.25,1.2100000381469727,1.2300000190734863,50900,0.0,0.0
2023-04-24 00:00:00-04:00,1.440000057220459,1.8300000429153442,1.350000023841858,1.559999942779541,9001800,0.0,0.0
2023-04-25 00:00:00-04:00,1.559999942779541,1.6100000143051147,1.340000033378601,1.409999966621399,1285400,0.0,0.0
2023-04-26 00:00:00-04:00,1.3300000429153442,1.3899999856948853,1.309999942779541,1.340000033378601,619700,0.0,0.0
2023-04-27 00:00:00-04:00,1.309999942779541,1.340000033378601,1.2200000286102295,1.2599999904632568,458000,0.0,0.0
2023-04-28 00:00:00-04:00,1.25,1.2799999713897705,1.2300000190734863,1.25,209900,0.0,0.0
2023-05-01 00:00:00-04:00,1.2300000190734863,1.2699999809265137,1.2200000286102295,1.2200000286102295,128600,0.0,0.0
2023-05-02 00:00:00-04:00,1.2200000286102295,1.2699999809265137,1.2200000286102295,1.2699999809265137,142200,0.0,0.0
2023-05-03 00:00:00-04:00,1.2400000095367432,1.2999999523162842,1.2400000095367432,1.2799999713897705,99000,0.0,0.0
2023-05-04 00:00:00-04:00,1.25,1.2799999713897705,1.2400000095367432,1.2599999904632568,59600,0.0,0.0
2023-05-05 00:00:00-04:00,1.2999999523162842,1.2999999523162842,1.2699999809265137,1.2999999523162842,70100,0.0,0.0
2023-05-08 00:00:00-04:00,1.2999999523162842,1.2999999523162842,1.25,1.2799999713897705,54800,0.0,0.0
2023-05-09 00:00:00-04:00,1.2599999904632568,1.2999999523162842,1.25,1.2799999713897705,87800,0.0,0.0
2023-05-10 00:00:00-04:00,1.2699999809265137,1.2899999618530273,1.2300000190734863,1.2799999713897705,137000,0.0,0.0
2023-05-11 00:00:00-04:00,1.2599999904632568,1.2799999713897705,1.2300000190734863,1.2300000190734863,102200,0.0,0.0
2023-05-12 00:00:00-04:00,1.2200000286102295,1.2599999904632568,1.2200000286102295,1.2300000190734863,70700,0.0,0.0
2023-05-15 00:00:00-04:00,1.2400000095367432,1.309999942779541,1.2400000095367432,1.2899999618530273,92900,0.0,0.0
2023-05-16 00:00:00-04:00,1.2799999713897705,1.3200000524520874,1.2799999713897705,1.3200000524520874,49800,0.0,0.0
2023-05-17 00:00:00-04:00,1.309999942779541,1.3700000047683716,1.2599999904632568,1.3300000429153442,157500,0.0,0.0
2023-05-18 00:00:00-04:00,1.350000023841858,1.350000023841858,1.309999942779541,1.340000033378601,30600,0.0,0.0
2023-05-19 00:00:00-04:00,1.3300000429153442,1.350000023841858,1.25,1.2699999809265137,101000,0.0,0.0
2023-05-22 00:00:00-04:00,1.2799999713897705,1.3700000047683716,1.2599999904632568,1.340000033378601,102700,0.0,0.0
2023-05-23 00:00:00-04:00,1.340000033378601,1.399999976158142,1.3300000429153442,1.3899999856948853,76600,0.0,0.0
2023-05-24 00:00:00-04:00,1.3899999856948853,1.399999976158142,1.3600000143051147,1.3799999952316284,67500,0.0,0.0
2023-05-25 00:00:00-04:00,1.399999976158142,1.399999976158142,1.340000033378601,1.350000023841858,90600,0.0,0.0
2023-05-26 00:00:00-04:00,1.3600000143051147,1.3700000047683716,1.3200000524520874,1.3600000143051147,42200,0.0,0.0
2023-05-30 00:00:00-04:00,1.350000023841858,1.3899999856948853,1.3200000524520874,1.3700000047683716,72200,0.0,0.0
2023-05-31 00:00:00-04:00,1.3700000047683716,1.3799999952316284,1.3600000143051147,1.3600000143051147,36000,0.0,0.0
2023-06-01 00:00:00-04:00,1.3700000047683716,1.3899999856948853,1.3300000429153442,1.3600000143051147,59100,0.0,0.0
2023-06-02 00:00:00-04:00,1.350000023841858,1.3899999856948853,1.350000023841858,1.3600000143051147,89200,0.0,0.0
2023-06-05 00:00:00-04:00,1.340000033378601,1.3899999856948853,1.340000033378601,1.3700000047683716,62400,0.0,0.0
2023-06-06 00:00:00-04:00,1.350000023841858,1.3899999856948853,1.340000033378601,1.3700000047683716,32300,0.0,0.0
2023-06-07 00:00:00-04:00,1.350000023841858,1.4800000190734863,1.350000023841858,1.3899999856948853,217700,0.0,0.0
2023-06-08 00:00:00-04:00,1.3799999952316284,1.4199999570846558,1.3600000143051147,1.3600000143051147,49700,0.0,0.0
2023-06-09 00:00:00-04:00,1.3899999856948853,1.399999976158142,1.350000023841858,1.350000023841858,34900,0.0,0.0
2023-06-12 00:00:00-04:00,1.350000023841858,1.3799999952316284,1.2999999523162842,1.340000033378601,70000,0.0,0.0
2023-06-13 00:00:00-04:00,1.350000023841858,1.409999966621399,1.340000033378601,1.3899999856948853,84200,0.0,0.0
2023-06-14 00:00:00-04:00,1.409999966621399,1.409999966621399,1.340000033378601,1.3899999856948853,82500,0.0,0.0
2023-06-15 00:00:00-04:00,1.399999976158142,1.399999976158142,1.3600000143051147,1.3700000047683716,53600,0.0,0.0
2023-06-16 00:00:00-04:00,1.3799999952316284,1.3899999856948853,1.350000023841858,1.350000023841858,109200,0.0,0.0
2023-06-20 00:00:00-04:00,1.3899999856948853,1.3899999856948853,1.3300000429153442,1.340000033378601,64600,0.0,0.0
2023-06-21 00:00:00-04:00,1.3799999952316284,1.3799999952316284,1.3300000429153442,1.3300000429153442,29800,0.0,0.0
2023-06-22 00:00:00-04:00,1.350000023841858,1.350000023841858,1.309999942779541,1.340000033378601,29000,0.0,0.0
2023-06-23 00:00:00-04:00,1.3300000429153442,1.3300000429153442,1.2999999523162842,1.3200000524520874,66000,0.0,0.0
2023-06-26 00:00:00-04:00,1.309999942779541,1.340000033378601,1.2999999523162842,1.309999942779541,36100,0.0,0.0
2023-06-27 00:00:00-04:00,1.340000033378601,1.340000033378601,1.2999999523162842,1.309999942779541,49000,0.0,0.0
2023-06-28 00:00:00-04:00,1.3300000429153442,1.3300000429153442,1.2999999523162842,1.2999999523162842,38700,0.0,0.0
2023-06-29 00:00:00-04:00,1.350000023841858,1.350000023841858,1.2999999523162842,1.3200000524520874,10400,0.0,0.0
2023-06-30 00:00:00-04:00,1.3200000524520874,1.3300000429153442,1.2999999523162842,1.3300000429153442,62600,0.0,0.0
2023-07-03 00:00:00-04:00,1.3300000429153442,1.350000023841858,1.309999942779541,1.340000033378601,43500,0.0,0.0
2023-07-05 00:00:00-04:00,1.3200000524520874,1.350000023841858,1.25,1.2899999618530273,83300,0.0,0.0
2023-07-06 00:00:00-04:00,1.2899999618530273,1.309999942779541,1.2599999904632568,1.2799999713897705,36200,0.0,0.0
2023-07-07 00:00:00-04:00,1.25,1.309999942779541,1.25,1.2999999523162842,37100,0.0,0.0
2023-07-10 00:00:00-04:00,1.2999999523162842,1.3200000524520874,1.2599999904632568,1.2699999809265137,32700,0.0,0.0
2023-07-11 00:00:00-04:00,1.2699999809265137,1.309999942779541,1.25,1.2799999713897705,51700,0.0,0.0
2023-07-12 00:00:00-04:00,1.2899999618530273,1.2999999523162842,1.2799999713897705,1.2799999713897705,13400,0.0,0.0
2023-07-13 00:00:00-04:00,1.2799999713897705,1.309999942779541,1.2699999809265137,1.2899999618530273,90900,0.0,0.0
2023-07-14 00:00:00-04:00,1.309999942779541,1.309999942779541,1.2699999809265137,1.2699999809265137,37500,0.0,0.0
2023-07-17 00:00:00-04:00,1.2699999809265137,1.309999942779541,1.2599999904632568,1.2799999713897705,33900,0.0,0.0
2023-07-18 00:00:00-04:00,1.2899999618530273,1.3200000524520874,1.2899999618530273,1.3200000524520874,78300,0.0,0.0
2023-07-19 00:00:00-04:00,1.2999999523162842,1.3200000524520874,1.2899999618530273,1.2999999523162842,30700,0.0,0.0
2023-07-20 00:00:00-04:00,1.2999999523162842,1.309999942779541,1.2599999904632568,1.2799999713897705,35700,0.0,0.0
2023-07-21 00:00:00-04:00,1.2799999713897705,1.2899999618530273,1.2599999904632568,1.2599999904632568,21700,0.0,0.0
2023-07-24 00:00:00-04:00,1.25,1.2899999618530273,1.25,1.2799999713897705,80400,0.0,0.0
2023-07-25 00:00:00-04:00,1.2599999904632568,1.2999999523162842,1.2599999904632568,1.2799999713897705,45600,0.0,0.0
2023-07-26 00:00:00-04:00,1.2799999713897705,1.309999942779541,1.2699999809265137,1.309999942779541,28000,0.0,0.0
2023-07-27 00:00:00-04:00,1.2799999713897705,1.2899999618530273,1.25,1.2599999904632568,40600,0.0,0.0
2023-07-28 00:00:00-04:00,1.2799999713897705,1.2899999618530273,1.25,1.2599999904632568,37100,0.0,0.0
2023-07-31 00:00:00-04:00,1.2599999904632568,1.2899999618530273,1.25,1.2699999809265137,26500,0.0,0.0
2023-08-01 00:00:00-04:00,1.2799999713897705,1.2899999618530273,1.25,1.2699999809265137,38900,0.0,0.0
2023-08-02 00:00:00-04:00,1.2599999904632568,1.2599999904632568,1.2300000190734863,1.2400000095367432,145900,0.0,0.0
2023-08-03 00:00:00-04:00,1.2300000190734863,1.2599999904632568,1.2200000286102295,1.2200000286102295,39600,0.0,0.0
2023-08-04 00:00:00-04:00,1.2300000190734863,1.25,1.2200000286102295,1.2300000190734863,43700,0.0,0.0
2023-08-07 00:00:00-04:00,1.2300000190734863,1.2400000095367432,1.2200000286102295,1.2200000286102295,37700,0.0,0.0
2023-08-08 00:00:00-04:00,1.2200000286102295,1.25,1.2100000381469727,1.2300000190734863,134600,0.0,0.0
2023-08-09 00:00:00-04:00,1.2000000476837158,1.2100000381469727,1.1399999856948853,1.1799999475479126,185000,0.0,0.0
2023-08-10 00:00:00-04:00,1.1799999475479126,1.1799999475479126,1.1299999952316284,1.159999966621399,95800,0.0,0.0
2023-08-11 00:00:00-04:00,1.1799999475479126,1.2000000476837158,1.1699999570846558,1.2000000476837158,126800,0.0,0.0
2023-08-14 00:00:00-04:00,1.1799999475479126,1.2000000476837158,1.159999966621399,1.1699999570846558,27700,0.0,0.0
2023-08-15 00:00:00-04:00,1.2000000476837158,1.2000000476837158,1.1299999952316284,1.1399999856948853,36500,0.0,0.0
2023-08-16 00:00:00-04:00,1.1299999952316284,1.1699999570846558,1.100000023841858,1.1100000143051147,191100,0.0,0.0
2023-08-17 00:00:00-04:00,1.100000023841858,1.1299999952316284,1.100000023841858,1.1200000047683716,50200,0.0,0.0
2023-08-18 00:00:00-04:00,1.1100000143051147,1.1299999952316284,1.100000023841858,1.1100000143051147,38500,0.0,0.0
2023-08-21 00:00:00-04:00,1.1100000143051147,1.1399999856948853,1.059999942779541,1.090000033378601,83800,0.0,0.0
2023-08-22 00:00:00-04:00,1.1200000047683716,1.1200000047683716,1.0800000429153442,1.0800000429153442,32000,0.0,0.0
2023-08-23 00:00:00-04:00,1.0800000429153442,1.1100000143051147,1.0800000429153442,1.090000033378601,64700,0.0,0.0
2023-08-24 00:00:00-04:00,1.100000023841858,1.1100000143051147,1.0800000429153442,1.090000033378601,44300,0.0,0.0
2023-08-25 00:00:00-04:00,1.100000023841858,1.1100000143051147,1.090000033378601,1.100000023841858,40500,0.0,0.0
2023-08-28 00:00:00-04:00,1.090000033378601,1.1100000143051147,1.0800000429153442,1.100000023841858,36900,0.0,0.0
2023-08-29 00:00:00-04:00,1.100000023841858,1.1399999856948853,1.090000033378601,1.1299999952316284,31400,0.0,0.0
2023-08-30 00:00:00-04:00,1.1200000047683716,1.1299999952316284,1.090000033378601,1.090000033378601,33500,0.0,0.0
2023-08-31 00:00:00-04:00,1.090000033378601,1.1100000143051147,1.090000033378601,1.090000033378601,32400,0.0,0.0
2023-09-01 00:00:00-04:00,1.0800000429153442,1.1299999952316284,1.0800000429153442,1.100000023841858,36100,0.0,0.0
2023-09-05 00:00:00-04:00,1.090000033378601,1.149999976158142,1.090000033378601,1.1299999952316284,109700,0.0,0.0
2023-09-06 00:00:00-04:00,1.1200000047683716,1.1399999856948853,1.1200000047683716,1.1299999952316284,10700,0.0,0.0
2023-09-07 00:00:00-04:00,1.1399999856948853,1.159999966621399,1.1100000143051147,1.1399999856948853,107900,0.0,0.0
2023-09-08 00:00:00-04:00,1.149999976158142,1.1799999475479126,1.1399999856948853,1.1699999570846558,63100,0.0,0.0
2023-09-11 00:00:00-04:00,1.1699999570846558,1.2000000476837158,1.149999976158142,1.149999976158142,65500,0.0,0.0
2023-09-12 00:00:00-04:00,1.149999976158142,1.2000000476837158,1.149999976158142,1.159999966621399,59500,0.0,0.0
2023-09-13 00:00:00-04:00,1.149999976158142,1.2000000476837158,1.149999976158142,1.1699999570846558,49400,0.0,0.0
2023-09-14 00:00:00-04:00,1.1799999475479126,1.2000000476837158,1.1699999570846558,1.1799999475479126,60800,0.0,0.0
2023-09-15 00:00:00-04:00,1.159999966621399,1.2000000476837158,1.149999976158142,1.1699999570846558,123000,0.0,0.0
2023-09-18 00:00:00-04:00,1.159999966621399,1.159999966621399,1.149999976158142,1.159999966621399,46700,0.0,0.0
2023-09-19 00:00:00-04:00,1.1399999856948853,1.159999966621399,1.1399999856948853,1.149999976158142,16000,0.0,0.0
2023-09-20 00:00:00-04:00,1.1200000047683716,1.149999976158142,1.1100000143051147,1.1100000143051147,53100,0.0,0.0
2023-09-21 00:00:00-04:00,1.1100000143051147,1.1200000047683716,1.1100000143051147,1.1200000047683716,15400,0.0,0.0
2023-09-22 00:00:00-04:00,1.1399999856948853,1.1399999856948853,1.1100000143051147,1.1200000047683716,30800,0.0,0.0
2023-09-25 00:00:00-04:00,1.100000023841858,1.1299999952316284,1.100000023841858,1.1100000143051147,27800,0.0,0.0
2023-09-26 00:00:00-04:00,1.100000023841858,1.159999966621399,0.9900000095367432,1.0,285900,0.0,0.0
2023-09-27 00:00:00-04:00,1.059999942779541,1.1200000047683716,1.0199999809265137,1.0800000429153442,236400,0.0,0.0
2023-09-28 00:00:00-04:00,1.0800000429153442,1.1699999570846558,1.0800000429153442,1.1299999952316284,156800,0.0,0.0
2023-09-29 00:00:00-04:00,1.149999976158142,1.190000057220459,1.1100000143051147,1.1799999475479126,76000,0.0,0.0
2023-10-02 00:00:00-04:00,1.149999976158142,1.149999976158142,1.100000023841858,1.1399999856948853,70300,0.0,0.0
2023-10-03 00:00:00-04:00,1.1200000047683716,1.149999976158142,1.100000023841858,1.1299999952316284,17800,0.0,0.0
2023-10-04 00:00:00-04:00,1.1200000047683716,1.1699999570846558,1.1100000143051147,1.149999976158142,19600,0.0,0.0
2023-10-05 00:00:00-04:00,1.1699999570846558,1.1699999570846558,1.1399999856948853,1.149999976158142,32700,0.0,0.0
2023-10-06 00:00:00-04:00,1.149999976158142,1.1699999570846558,1.1399999856948853,1.149999976158142,21300,0.0,0.0
2023-10-09 00:00:00-04:00,1.1200000047683716,1.159999966621399,1.1200000047683716,1.1200000047683716,24200,0.0,0.0
2023-10-10 00:00:00-04:00,1.1299999952316284,1.1699999570846558,1.1299999952316284,1.1399999856948853,5800,0.0,0.0
2023-10-11 00:00:00-04:00,1.1100000143051147,1.149999976158142,1.0800000429153442,1.100000023841858,56800,0.0,0.0
2023-10-12 00:00:00-04:00,1.090000033378601,1.1200000047683716,1.090000033378601,1.1200000047683716,26000,0.0,0.0
2023-10-13 00:00:00-04:00,1.100000023841858,1.1200000047683716,1.100000023841858,1.1100000143051147,24100,0.0,0.0
2023-10-16 00:00:00-04:00,1.090000033378601,1.1399999856948853,1.090000033378601,1.1100000143051147,23300,0.0,0.0
2023-10-17 00:00:00-04:00,1.100000023841858,1.1299999952316284,1.0800000429153442,1.090000033378601,116000,0.0,0.0
2023-10-18 00:00:00-04:00,1.0800000429153442,1.100000023841858,1.0499999523162842,1.059999942779541,45900,0.0,0.0
2023-10-19 00:00:00-04:00,1.0499999523162842,1.0800000429153442,1.0399999618530273,1.0399999618530273,26200,0.0,0.0
2023-10-20 00:00:00-04:00,1.0399999618530273,1.100000023841858,1.0199999809265137,1.0499999523162842,43000,0.0,0.0
2023-10-23 00:00:00-04:00,1.0399999618530273,1.0800000429153442,1.0199999809265137,1.0199999809265137,20200,0.0,0.0
2023-10-24 00:00:00-04:00,1.0299999713897705,1.0499999523162842,1.0,1.0099999904632568,92900,0.0,0.0
2023-10-25 00:00:00-04:00,1.0,1.0499999523162842,1.0,1.0199999809265137,41700,0.0,0.0
2023-10-26 00:00:00-04:00,1.0099999904632568,1.0399999618530273,0.9800000190734863,0.9800000190734863,117700,0.0,0.0
2023-10-27 00:00:00-04:00,1.0,1.0299999713897705,0.9800000190734863,0.9800000190734863,30900,0.0,0.0
2023-10-30 00:00:00-04:00,0.9800000190734863,1.0199999809265137,0.9599999785423279,1.0,92000,0.0,0.0
2023-10-31 00:00:00-04:00,0.9900000095367432,1.0199999809265137,0.9700000286102295,1.0199999809265137,20200,0.0,0.0
2023-11-01 00:00:00-04:00,1.0199999809265137,1.0199999809265137,0.9800000190734863,0.9800000190734863,17500,0.0,0.0
2023-11-02 00:00:00-04:00,0.9800000190734863,1.0199999809265137,0.9800000190734863,1.0,12900,0.0,0.0
2023-11-03 00:00:00-04:00,1.0,1.0199999809265137,1.0,1.0099999904632568,20300,0.0,0.0
2023-11-06 00:00:00-05:00,1.0099999904632568,1.0199999809265137,1.0,1.0099999904632568,16800,0.0,0.0
2023-11-07 00:00:00-05:00,1.0099999904632568,1.0399999618530273,1.0,1.0,66000,0.0,0.0
2023-11-08 00:00:00-05:00,1.0299999713897705,1.0800000429153442,1.0,1.0700000524520874,188400,0.0,0.0
2023-11-09 00:00:00-05:00,1.0800000429153442,1.0800000429153442,1.0399999618530273,1.0499999523162842,24100,0.0,0.0
2023-11-10 00:00:00-05:00,1.0299999713897705,1.0700000524520874,1.0299999713897705,1.0499999523162842,19000,0.0,0.0
2023-11-13 00:00:00-05:00,1.0800000429153442,1.0800000429153442,1.0399999618530273,1.0700000524520874,39700,0.0,0.0
2023-11-14 00:00:00-05:00,1.0499999523162842,1.0800000429153442,1.0399999618530273,1.0700000524520874,77700,0.0,0.0
2023-11-15 00:00:00-05:00,1.059999942779541,1.0800000429153442,1.059999942779541,1.0700000524520874,26700,0.0,0.0
2023-11-16 00:00:00-05:00,1.059999942779541,1.0700000524520874,1.0499999523162842,1.0499999523162842,33800,0.0,0.0
2023-11-17 00:00:00-05:00,1.0499999523162842,1.059999942779541,1.0399999618530273,1.059999942779541,27200,0.0,0.0
2023-11-20 00:00:00-05:00,1.0499999523162842,1.059999942779541,1.0399999618530273,1.0499999523162842,36800,0.0,0.0
2023-11-21 00:00:00-05:00,1.0499999523162842,1.059999942779541,1.0399999618530273,1.0499999523162842,26300,0.0,0.0
2023-11-22 00:00:00-05:00,1.0499999523162842,1.0499999523162842,1.0399999618530273,1.0399999618530273,15700,0.0,0.0
2023-11-24 00:00:00-05:00,1.0399999618530273,1.0800000429153442,1.0399999618530273,1.0700000524520874,21000,0.0,0.0
2023-11-27 00:00:00-05:00,1.0399999618530273,1.1100000143051147,1.0399999618530273,1.059999942779541,156600,0.0,0.0
2023-11-28 00:00:00-05:00,1.0499999523162842,1.090000033378601,1.0499999523162842,1.059999942779541,21000,0.0,0.0
2023-11-29 00:00:00-05:00,1.0399999618530273,1.1100000143051147,1.0399999618530273,1.090000033378601,111000,0.0,0.0
2023-11-30 00:00:00-05:00,1.059999942779541,1.0800000429153442,1.059999942779541,1.059999942779541,23000,0.0,0.0
2023-12-01 00:00:00-05:00,1.0499999523162842,1.0700000524520874,1.0499999523162842,1.0700000524520874,42000,0.0,0.0
2023-12-04 00:00:00-05:00,1.0499999523162842,1.0800000429153442,1.0399999618530273,1.0399999618530273,65800,0.0,0.0
2023-12-05 00:00:00-05:00,1.0399999618530273,1.0499999523162842,1.0399999618530273,1.0499999523162842,13700,0.0,0.0
2023-12-06 00:00:00-05:00,1.0399999618530273,1.059999942779541,1.0199999809265137,1.0299999713897705,91300,0.0,0.0
2023-12-07 00:00:00-05:00,1.0199999809265137,1.0499999523162842,1.0199999809265137,1.0399999618530273,33000,0.0,0.0
2023-12-08 00:00:00-05:00,1.0299999713897705,1.0499999523162842,1.0299999713897705,1.0499999523162842,22900,0.0,0.0
2023-12-11 00:00:00-05:00,1.0399999618530273,1.0499999523162842,1.0299999713897705,1.0299999713897705,24000,0.0,0.0
2023-12-12 00:00:00-05:00,1.0299999713897705,1.0399999618530273,1.0,1.0299999713897705,140100,0.0,0.0
2023-12-13 00:00:00-05:00,1.0199999809265137,1.100000023841858,1.0199999809265137,1.0700000524520874,68900,0.0,0.0
2023-12-14 00:00:00-05:00,1.0700000524520874,1.0800000429153442,1.059999942779541,1.0700000524520874,31400,0.0,0.0
2023-12-15 00:00:00-05:00,1.059999942779541,1.059999942779541,1.0499999523162842,1.0499999523162842,13600,0.0,0.0
2023-12-18 00:00:00-05:00,1.0499999523162842,1.0700000524520874,1.0299999713897705,1.0299999713897705,45600,0.0,0.0
2023-12-19 00:00:00-05:00,1.0499999523162842,1.0499999523162842,1.0299999713897705,1.0499999523162842,29800,0.0,0.0
2023-12-20 00:00:00-05:00,1.0499999523162842,1.059999942779541,1.0399999618530273,1.0499999523162842,50100,0.0,0.0
2023-12-21 00:00:00-05:00,1.059999942779541,1.059999942779541,1.0299999713897705,1.0399999618530273,74700,0.0,0.0
2023-12-22 00:00:00-05:00,1.0399999618530273,1.0700000524520874,1.0399999618530273,1.0700000524520874,51000,0.0,0.0
2023-12-26 00:00:00-05:00,1.0399999618530273,1.0800000429153442,1.0399999618530273,1.0700000524520874,36800,0.0,0.0
2023-12-27 00:00:00-05:00,1.059999942779541,1.0800000429153442,1.0499999523162842,1.059999942779541,59300,0.0,0.0
2023-12-28 00:00:00-05:00,1.0499999523162842,1.0499999523162842,1.0299999713897705,1.0399999618530273,80900,0.0,0.0
2023-12-29 00:00:00-05:00,1.0399999618530273,1.059999942779541,1.0199999809265137,1.0499999523162842,108600,0.0,0.0
2024-01-02 00:00:00-05:00,1.0299999713897705,1.059999942779541,1.0299999713897705,1.0499999523162842,37000,0.0,0.0
2024-01-03 00:00:00-05:00,1.059999942779541,1.059999942779541,1.0299999713897705,1.0399999618530273,33200,0.0,0.0
2024-01-04 00:00:00-05:00,1.0299999713897705,1.0499999523162842,1.0299999713897705,1.0399999618530273,32900,0.0,0.0
2024-01-05 00:00:00-05:00,1.0299999713897705,1.0399999618530273,1.0299999713897705,1.0399999618530273,10600,0.0,0.0
2024-01-08 00:00:00-05:00,1.0199999809265137,1.0700000524520874,1.0199999809265137,1.0700000524520874,112800,0.0,0.0
2024-01-09 00:00:00-05:00,1.0700000524520874,1.090000033378601,1.0299999713897705,1.0700000524520874,77500,0.0,0.0
2024-01-10 00:00:00-05:00,1.0700000524520874,1.0700000524520874,1.0399999618530273,1.0399999618530273,13400,0.0,0.0
2024-01-11 00:00:00-05:00,1.0399999618530273,1.059999942779541,1.0399999618530273,1.0399999618530273,33300,0.0,0.0
2024-01-12 00:00:00-05:00,1.0399999618530273,1.0499999523162842,1.0299999713897705,1.0299999713897705,20100,0.0,0.0
2024-01-16 00:00:00-05:00,1.0199999809265137,1.0499999523162842,1.0199999809265137,1.0199999809265137,38400,0.0,0.0
2024-01-17 00:00:00-05:00,1.0199999809265137,1.0399999618530273,1.0199999809265137,1.0299999713897705,13500,0.0,0.0
2024-01-18 00:00:00-05:00,1.0199999809265137,1.0299999713897705,1.0099999904632568,1.0199999809265137,16300,0.0,0.0
2024-01-19 00:00:00-05:00,1.0099999904632568,1.0299999713897705,1.0099999904632568,1.0199999809265137,42300,0.0,0.0
2024-01-22 00:00:00-05:00,1.0099999904632568,1.0399999618530273,1.0099999904632568,1.0299999713897705,31500,0.0,0.0
2024-01-23 00:00:00-05:00,1.0499999523162842,1.059999942779541,1.0199999809265137,1.0399999618530273,74000,0.0,0.0
2024-01-24 00:00:00-05:00,1.0299999713897705,1.059999942779541,1.0299999713897705,1.059999942779541,78900,0.0,0.0
2024-01-25 00:00:00-05:00,1.0499999523162842,1.0499999523162842,1.0299999713897705,1.0299999713897705,24500,0.0,0.0
2024-01-26 00:00:00-05:00,1.0199999809265137,1.0399999618530273,1.0199999809265137,1.0199999809265137,8100,0.0,0.0
2024-01-29 00:00:00-05:00,1.0199999809265137,1.0399999618530273,1.0199999809265137,1.0399999618530273,32700,0.0,0.0
2024-01-30 00:00:00-05:00,1.0199999809265137,1.0399999618530273,1.0199999809265137,1.0199999809265137,14600,0.0,0.0
2024-01-31 00:00:00-05:00,1.0399999618530273,1.0800000429153442,1.0299999713897705,1.0700000524520874,128700,0.0,0.0
2024-02-01 00:00:00-05:00,1.0800000429153442,1.090000033378601,1.059999942779541,1.059999942779541,34100,0.0,0.0
2024-02-02 00:00:00-05:00,1.0399999618530273,1.0700000524520874,1.0399999618530273,1.0700000524520874,28600,0.0,0.0
2024-02-05 00:00:00-05:00,1.0499999523162842,1.190000057220459,1.0499999523162842,1.149999976158142,360700,0.0,0.0
2024-02-06 00:00:00-05:00,1.1699999570846558,1.1799999475479126,1.149999976158142,1.1799999475479126,96500,0.0,0.0
2024-02-07 00:00:00-05:00,1.190000057220459,1.190000057220459,1.149999976158142,1.159999966621399,76800,0.0,0.0
2024-02-08 00:00:00-05:00,1.1699999570846558,1.190000057220459,1.149999976158142,1.159999966621399,63100,0.0,0.0
2024-02-09 00:00:00-05:00,1.149999976158142,1.1799999475479126,1.1299999952316284,1.1699999570846558,53000,0.0,0.0
2024-02-12 00:00:00-05:00,1.1799999475479126,1.1799999475479126,1.159999966621399,1.1699999570846558,27300,0.0,0.0
2024-02-13 00:00:00-05:00,1.149999976158142,1.1799999475479126,1.1299999952316284,1.1299999952316284,58500,0.0,0.0
2024-02-14 00:00:00-05:00,1.1299999952316284,1.1299999952316284,1.100000023841858,1.1200000047683716,34200,0.0,0.0
2024-02-15 00:00:00-05:00,1.1100000143051147,1.1399999856948853,1.1100000143051147,1.1399999856948853,29200,0.0,0.0
2024-02-16 00:00:00-05:00,1.1299999952316284,1.149999976158142,1.1200000047683716,1.1299999952316284,66900,0.0,0.0
2024-02-20 00:00:00-05:00,1.1200000047683716,1.1299999952316284,1.090000033378601,1.090000033378601,58300,0.0,0.0
2024-02-21 00:00:00-05:00,1.1200000047683716,1.1299999952316284,1.100000023841858,1.1100000143051147,27800,0.0,0.0
2024-02-22 00:00:00-05:00,1.100000023841858,1.100000023841858,1.0700000524520874,1.0800000429153442,40000,0.0,0.0
2024-02-23 00:00:00-05:00,1.0800000429153442,1.1100000143051147,1.0700000524520874,1.090000033378601,67800,0.0,0.0
2024-02-26 00:00:00-05:00,1.0800000429153442,1.100000023841858,1.0800000429153442,1.090000033378601,23400,0.0,0.0
2024-02-27 00:00:00-05:00,1.100000023841858,1.149999976158142,1.090000033378601,1.1100000143051147,51800,0.0,0.0
2024-02-28 00:00:00-05:00,1.1100000143051147,1.1100000143051147,1.0800000429153442,1.1100000143051147,115000,0.0,0.0
2024-02-29 00:00:00-05:00,1.100000023841858,1.1100000143051147,1.090000033378601,1.090000033378601,43000,0.0,0.0
2024-03-01 00:00:00-05:00,1.090000033378601,1.1799999475479126,1.090000033378601,1.159999966621399,172700,0.0,0.0
2024-03-04 00:00:00-05:00,1.149999976158142,1.1799999475479126,1.1399999856948853,1.159999966621399,36100,0.0,0.0
2024-03-05 00:00:00-05:00,1.159999966621399,1.1699999570846558,1.1299999952316284,1.159999966621399,26500,0.0,0.0
2024-03-06 00:00:00-05:00,1.1399999856948853,1.149999976158142,1.1200000047683716,1.1200000047683716,12300,0.0,0.0
2024-03-07 00:00:00-05:00,1.1100000143051147,1.1399999856948853,1.1100000143051147,1.1399999856948853,43100,0.0,0.0
2024-03-08 00:00:00-05:00,1.1399999856948853,1.1699999570846558,1.1100000143051147,1.1699999570846558,38700,0.0,0.0
2024-03-11 00:00:00-04:00,1.149999976158142,1.1699999570846558,1.1200000047683716,1.1699999570846558,140100,0.0,0.0
2024-03-12 00:00:00-04:00,1.1799999475479126,1.1799999475479126,1.090000033378601,1.100000023841858,286800,0.0,0.0
2024-03-13 00:00:00-04:00,1.159999966621399,1.159999966621399,1.090000033378601,1.090000033378601,312000,0.0,0.0
2024-03-14 00:00:00-04:00,1.090000033378601,1.1100000143051147,1.0499999523162842,1.100000023841858,283900,0.0,0.0
2024-03-15 00:00:00-04:00,1.100000023841858,1.149999976158142,1.090000033378601,1.149999976158142,109900,0.0,0.0
2024-03-18 00:00:00-04:00,1.0700000524520874,1.1399999856948853,1.059999942779541,1.090000033378601,176900,0.0,0.0
2024-03-19 00:00:00-04:00,1.0800000429153442,1.1100000143051147,1.0800000429153442,1.090000033378601,25900,0.0,0.0
2024-03-20 00:00:00-04:00,1.090000033378601,1.159999966621399,1.0800000429153442,1.149999976158142,207100,0.0,0.0
2024-03-21 00:00:00-04:00,1.159999966621399,1.1699999570846558,1.1299999952316284,1.1299999952316284,45100,0.0,0.0
2024-03-22 00:00:00-04:00,1.100000023841858,1.149999976158142,1.100000023841858,1.1399999856948853,81900,0.0,0.0
2024-03-25 00:00:00-04:00,1.1100000143051147,1.1699999570846558,1.1100000143051147,1.149999976158142,34800,0.0,0.0
2024-03-26 00:00:00-04:00,1.159999966621399,1.2400000095367432,1.149999976158142,1.2000000476837158,188300,0.0,0.0
2024-03-27 00:00:00-04:00,1.2200000286102295,1.25,1.2100000381469727,1.2200000286102295,83400,0.0,0.0
2024-03-28 00:00:00-04:00,1.25,1.25,1.2100000381469727,1.2100000381469727,34800,0.0,0.0
2024-04-01 00:00:00-04:00,1.190000057220459,1.2400000095367432,1.159999966621399,1.2200000286102295,63800,0.0,0.0
2024-04-02 00:00:00-04:00,1.2200000286102295,1.2300000190734863,1.190000057220459,1.2300000190734863,67900,0.0,0.0
2024-04-03 00:00:00-04:00,1.2200000286102295,1.2899999618530273,1.2100000381469727,1.25,67600,0.0,0.0
2024-04-04 00:00:00-04:00,1.25,1.25,1.2100000381469727,1.2300000190734863,24900,0.0,0.0
2024-04-05 00:00:00-04:00,1.2200000286102295,1.2699999809265137,1.2200000286102295,1.2400000095367432,18800,0.0,0.0
2024-04-08 00:00:00-04:00,1.2300000190734863,1.2400000095367432,1.2100000381469727,1.2300000190734863,70300,0.0,0.0
2024-04-09 00:00:00-04:00,1.25,1.25,1.2100000381469727,1.2200000286102295,45200,0.0,0.0
2024-04-10 00:00:00-04:00,1.2100000381469727,1.2200000286102295,1.149999976158142,1.1699999570846558,93400,0.0,0.0
2024-04-11 00:00:00-04:00,1.1699999570846558,1.190000057220459,1.1699999570846558,1.1699999570846558,26300,0.0,0.0
2024-04-12 00:00:00-04:00,1.159999966621399,1.1799999475479126,1.1399999856948853,1.1399999856948853,31600,0.0,0.0
2024-04-15 00:00:00-04:00,1.1399999856948853,1.159999966621399,1.1399999856948853,1.1399999856948853,9000,0.0,0.0
2024-04-16 00:00:00-04:00,1.1399999856948853,1.149999976158142,1.100000023841858,1.100000023841858,58000,0.0,0.0
2024-04-17 00:00:00-04:00,1.100000023841858,1.1299999952316284,1.100000023841858,1.1200000047683716,45600,0.0,0.0
2024-04-18 00:00:00-04:00,1.1100000143051147,1.149999976158142,1.1100000143051147,1.1200000047683716,12800,0.0,0.0
2024-04-19 00:00:00-04:00,1.1399999856948853,1.1699999570846558,1.1100000143051147,1.1200000047683716,74000,0.0,0.0
2024-04-22 00:00:00-04:00,1.1100000143051147,1.149999976158142,1.1100000143051147,1.1299999952316284,19800,0.0,0.0
2024-04-23 00:00:00-04:00,1.1399999856948853,1.149999976158142,1.1299999952316284,1.149999976158142,16000,0.0,0.0
2024-04-24 00:00:00-04:00,1.1399999856948853,1.159999966621399,1.1399999856948853,1.149999976158142,35800,0.0,0.0
2024-04-25 00:00:00-04:00,1.1299999952316284,1.159999966621399,1.1299999952316284,1.149999976158142,21700,0.0,0.0
2024-04-26 00:00:00-04:00,1.1799999475479126,1.2699999809265137,1.1799999475479126,1.2400000095367432,153200,0.0,0.0
2024-04-29 00:00:00-04:00,1.25,1.2999999523162842,1.25,1.2699999809265137,161000,0.0,0.0
2024-04-30 00:00:00-04:00,1.2699999809265137,1.2999999523162842,1.25,1.2599999904632568,52000,0.0,0.0
2024-05-01 00:00:00-04:00,1.25,1.2599999904632568,1.2300000190734863,1.2400000095367432,99100,0.0,0.0
2024-05-02 00:00:00-04:00,1.2300000190734863,1.2699999809265137,1.2300000190734863,1.25,46400,0.0,0.0
2024-05-03 00:00:00-04:00,1.25,1.2799999713897705,1.25,1.25,27700,0.0,0.0
2024-05-06 00:00:00-04:00,1.2599999904632568,1.2999999523162842,1.25,1.2699999809265137,90900,0.0,0.0
2024-05-07 00:00:00-04:00,1.2799999713897705,1.2999999523162842,1.2599999904632568,1.2799999713897705,77900,0.0,0.0
2024-05-08 00:00:00-04:00,1.25,1.3300000429153442,1.25,1.2999999523162842,135200,0.0,0.0
2024-05-09 00:00:00-04:00,1.3200000524520874,1.340000033378601,1.2999999523162842,1.309999942779541,74600,0.0,0.0
2024-05-10 00:00:00-04:00,1.3200000524520874,1.3300000429153442,1.2400000095367432,1.2699999809265137,78000,0.0,0.0
2024-05-13 00:00:00-04:00,1.2599999904632568,1.2799999713897705,1.2400000095367432,1.2400000095367432,42900,0.0,0.0
2024-05-14 00:00:00-04:00,1.2400000095367432,1.25,1.1799999475479126,1.2100000381469727,108500,0.0,0.0
2024-05-15 00:00:00-04:00,1.2100000381469727,1.2300000190734863,1.2000000476837158,1.2200000286102295,53100,0.0,0.0
2024-05-16 00:00:00-04:00,1.2200000286102295,1.2200000286102295,1.2100000381469727,1.2100000381469727,98500,0.0,0.0
2024-05-17 00:00:00-04:00,1.2000000476837158,1.2300000190734863,1.2000000476837158,1.2100000381469727,37300,0.0,0.0
2024-05-20 00:00:00-04:00,1.2200000286102295,1.2300000190734863,1.2000000476837158,1.2000000476837158,134100,0.0,0.0
2024-05-21 00:00:00-04:00,1.2100000381469727,1.2100000381469727,1.1699999570846558,1.190000057220459,40200,0.0,0.0
2024-05-22 00:00:00-04:00,1.1699999570846558,1.2100000381469727,1.159999966621399,1.159999966621399,70300,0.0,0.0
2024-05-23 00:00:00-04:00,1.149999976158142,1.2000000476837158,1.1100000143051147,1.1299999952316284,94000,0.0,0.0
2024-05-24 00:00:00-04:00,1.159999966621399,1.1799999475479126,1.159999966621399,1.1799999475479126,29600,0.0,0.0
2024-05-28 00:00:00-04:00,1.1799999475479126,1.2100000381469727,1.1699999570846558,1.1699999570846558,21600,0.0,0.0
2024-05-29 00:00:00-04:00,1.159999966621399,1.1799999475479126,1.1200000047683716,1.1200000047683716,41000,0.0,0.0
2024-05-30 00:00:00-04:00,1.1299999952316284,1.159999966621399,1.1100000143051147,1.1100000143051147,65300,0.0,0.0
2024-05-31 00:00:00-04:00,1.1200000047683716,1.1799999475479126,1.1100000143051147,1.1200000047683716,55500,0.0,0.0
2024-06-03 00:00:00-04:00,1.149999976158142,1.149999976158142,1.100000023841858,1.1100000143051147,48100,0.0,0.0
2024-06-04 00:00:00-04:00,1.100000023841858,1.159999966621399,1.0700000524520874,1.090000033378601,59200,0.0,0.0
2024-06-05 00:00:00-04:00,1.1200000047683716,1.1200000047683716,1.0700000524520874,1.100000023841858,39800,0.0,0.0
2024-06-06 00:00:00-04:00,1.0800000429153442,1.0800000429153442,1.0499999523162842,1.0700000524520874,86800,0.0,0.0
2024-06-07 00:00:00-04:00,1.0800000429153442,1.0800000429153442,1.059999942779541,1.0800000429153442,10600,0.0,0.0
2024-06-10 00:00:00-04:00,1.0700000524520874,1.100000023841858,1.0700000524520874,1.090000033378601,32900,0.0,0.0
2024-06-11 00:00:00-04:00,1.090000033378601,1.100000023841858,1.059999942779541,1.0700000524520874,45800,0.0,0.0
2024-06-12 00:00:00-04:00,1.0700000524520874,1.0800000429153442,1.0499999523162842,1.0700000524520874,129900,0.0,0.0
2024-06-13 00:00:00-04:00,1.059999942779541,1.059999942779541,1.0299999713897705,1.0499999523162842,68600,0.0,0.0
2024-06-14 00:00:00-04:00,1.0399999618530273,1.0800000429153442,1.0199999809265137,1.0499999523162842,103000,0.0,0.0
2024-06-17 00:00:00-04:00,1.0399999618530273,1.0800000429153442,1.0199999809265137,1.059999942779541,75300,0.0,0.0
2024-06-18 00:00:00-04:00,1.059999942779541,1.0800000429153442,1.0399999618530273,1.059999942779541,42800,0.0,0.0
2024-06-20 00:00:00-04:00,1.0299999713897705,1.090000033378601,1.0199999809265137,1.0700000524520874,73600,0.0,0.0
2024-06-21 00:00:00-04:00,1.0399999618530273,1.0700000524520874,1.0199999809265137,1.059999942779541,78000,0.0,0.0
2024-06-24 00:00:00-04:00,1.0299999713897705,1.0800000429153442,1.0199999809265137,1.059999942779541,34500,0.0,0.0
2024-06-25 00:00:00-04:00,1.0399999618530273,1.0700000524520874,1.0199999809265137,1.0499999523162842,26100,0.0,0.0
2024-06-26 00:00:00-04:00,1.0199999809265137,1.059999942779541,1.0199999809265137,1.0299999713897705,17700,0.0,0.0
2024-06-27 00:00:00-04:00,1.0199999809265137,1.059999942779541,1.0199999809265137,1.059999942779541,32700,0.0,0.0
2024-06-28 00:00:00-04:00,1.0499999523162842,1.100000023841858,1.0299999713897705,1.0700000524520874,52900,0.0,0.0
2024-07-01 00:00:00-04:00,1.0800000429153442,1.1299999952316284,1.0299999713897705,1.0800000429153442,163200,0.0,0.0
2024-07-02 00:00:00-04:00,1.090000033378601,1.100000023841858,1.0299999713897705,1.0700000524520874,41000,0.0,0.0
2024-07-03 00:00:00-04:00,1.059999942779541,1.059999942779541,1.0399999618530273,1.059999942779541,25900,0.0,0.0
2024-07-05 00:00:00-04:00,1.059999942779541,1.059999942779541,1.0299999713897705,1.0399999618530273,26000,0.0,0.0
2024-07-08 00:00:00-04:00,1.0299999713897705,1.0800000429153442,1.0199999809265137,1.0399999618530273,69600,0.0,0.0
2024-07-09 00:00:00-04:00,1.059999942779541,1.0800000429153442,1.0199999809265137,1.0499999523162842,22300,0.0,0.0
2024-07-10 00:00:00-04:00,1.0399999618530273,1.0499999523162842,1.0199999809265137,1.0199999809265137,36900,0.0,0.0
2024-07-11 00:00:00-04:00,1.0199999809265137,1.1100000143051147,1.0199999809265137,1.0499999523162842,65000,0.0,0.0
2024-07-12 00:00:00-04:00,1.0499999523162842,1.0700000524520874,1.0399999618530273,1.0499999523162842,66500,0.0,0.0
2024-07-15 00:00:00-04:00,1.0399999618530273,1.0800000429153442,1.0399999618530273,1.059999942779541,35300,0.0,0.0
2024-07-16 00:00:00-04:00,1.0800000429153442,1.1100000143051147,1.059999942779541,1.100000023841858,33900,0.0,0.0
2024-07-17 00:00:00-04:00,1.0800000429153442,1.100000023841858,1.059999942779541,1.0700000524520874,19800,0.0,0.0
2024-07-18 00:00:00-04:00,1.0499999523162842,1.0499999523162842,1.0299999713897705,1.0399999618530273,30500,0.0,0.0
2024-07-19 00:00:00-04:00,1.0399999618530273,1.0700000524520874,1.0199999809265137,1.059999942779541,114800,0.0,0.0
2024-07-22 00:00:00-04:00,1.090000033378601,1.090000033378601,1.059999942779541,1.0700000524520874,23600,0.0,0.0
2024-07-23 00:00:00-04:00,1.0499999523162842,1.0700000524520874,1.0299999713897705,1.0299999713897705,20100,0.0,0.0
2024-07-24 00:00:00-04:00,1.0499999523162842,1.0700000524520874,1.0399999618530273,1.0700000524520874,8800,0.0,0.0
2024-07-25 00:00:00-04:00,1.0700000524520874,1.0700000524520874,1.0299999713897705,1.0299999713897705,49100,0.0,0.0
2024-07-26 00:00:00-04:00,1.0700000524520874,1.0700000524520874,1.0299999713897705,1.0399999618530273,50100,0.0,0.0
2024-07-29 00:00:00-04:00,1.0299999713897705,1.0399999618530273,1.0199999809265137,1.0199999809265137,10500,0.0,0.0
2024-07-30 00:00:00-04:00,1.0299999713897705,1.0299999713897705,1.0099999904632568,1.0199999809265137,58400,0.0,0.0
2024-07-31 00:00:00-04:00,1.0199999809265137,1.0499999523162842,1.0099999904632568,1.0299999713897705,13100,0.0,0.0
2024-08-01 00:00:00-04:00,1.0199999809265137,1.0800000429153442,1.0099999904632568,1.0499999523162842,119300,0.0,0.0
2024-08-02 00:00:00-04:00,1.0199999809265137,1.0499999523162842,1.0099999904632568,1.0299999713897705,101900,0.0,0.0
2024-08-05 00:00:00-04:00,1.0099999904632568,1.0199999809265137,0.9100000262260437,0.9700000286102295,155800,0.0,0.0
2024-08-06 00:00:00-04:00,0.9700000286102295,0.9900000095367432,0.9700000286102295,0.9700000286102295,76100,0.0,0.0
2024-08-07 00:00:00-04:00,1.0499999523162842,1.0499999523162842,0.9700000286102295,0.9800000190734863,220900,0.0,0.0
2024-08-08 00:00:00-04:00,0.9900000095367432,0.9900000095367432,0.9700000286102295,0.9900000095367432,90300,0.0,0.0
2024-08-09 00:00:00-04:00,1.0499999523162842,1.0499999523162842,0.9599999785423279,1.0,248300,0.0,0.0
2024-08-12 00:00:00-04:00,1.0099999904632568,1.0099999904632568,0.9599999785423279,1.0,74300,0.0,0.0
2024-08-13 00:00:00-04:00,1.0099999904632568,1.0299999713897705,1.0,1.0199999809265137,215200,0.0,0.0
2024-08-14 00:00:00-04:00,1.0099999904632568,1.0199999809265137,1.0,1.0,14700,0.0,0.0
2024-08-15 00:00:00-04:00,1.0,1.0399999618530273,0.9900000095367432,0.9900000095367432,201300,0.0,0.0
2024-08-16 00:00:00-04:00,0.9900000095367432,1.0,0.9800000190734863,1.0,300400,0.0,0.0
2024-08-19 00:00:00-04:00,1.0099999904632568,1.0199999809265137,0.9900000095367432,1.0099999904632568,146700,0.0,0.0
2024-08-20 00:00:00-04:00,1.0299999713897705,1.0299999713897705,1.0,1.0099999904632568,59100,0.0,0.0
2024-08-21 00:00:00-04:00,1.0,1.0099999904632568,0.9900000095367432,0.9900000095367432,75700,0.0,0.0
2024-08-22 00:00:00-04:00,0.9900000095367432,1.0099999904632568,0.9900000095367432,1.0,13900,0.0,0.0
2024-08-23 00:00:00-04:00,1.0,1.0199999809265137,1.0,1.0199999809265137,56400,0.0,0.0
2024-08-26 00:00:00-04:00,1.0099999904632568,1.0299999713897705,1.0,1.0299999713897705,63700,0.0,0.0
2024-08-27 00:00:00-04:00,1.0199999809265137,1.0499999523162842,1.0,1.0299999713897705,359100,0.0,0.0
2024-08-28 00:00:00-04:00,1.0199999809265137,1.0299999713897705,1.0,1.0099999904632568,30500,0.0,0.0
2024-08-29 00:00:00-04:00,1.0,1.0299999713897705,1.0,1.0199999809265137,61500,0.0,0.0
2024-08-30 00:00:00-04:00,1.0199999809265137,1.0399999618530273,0.9900000095367432,1.0,19600,0.0,0.0
2024-09-03 00:00:00-04:00,1.0,1.0199999809265137,0.9900000095367432,0.9900000095367432,57900,0.0,0.0
2024-09-04 00:00:00-04:00,0.9900000095367432,1.0,0.9900000095367432,0.9900000095367432,58900,0.0,0.0
2024-09-05 00:00:00-04:00,0.9900000095367432,1.0,0.9800000190734863,0.9800000190734863,7300,0.0,0.0
2024-09-06 00:00:00-04:00,0.9900000095367432,1.0099999904632568,0.9700000286102295,0.9800000190734863,112100,0.0,0.0
2024-09-09 00:00:00-04:00,0.9800000190734863,0.9900000095367432,0.9700000286102295,0.9800000190734863,41600,0.0,0.0
2024-09-10 00:00:00-04:00,0.9700000286102295,0.9800000190734863,0.9599999785423279,0.9700000286102295,72300,0.0,0.0
2024-09-11 00:00:00-04:00,0.9700000286102295,0.9900000095367432,0.9700000286102295,0.9800000190734863,51600,0.0,0.0
2024-09-12 00:00:00-04:00,0.9800000190734863,1.0199999809265137,0.9800000190734863,1.0099999904632568,138400,0.0,0.0
2024-09-13 00:00:00-04:00,1.0099999904632568,1.0199999809265137,1.0,1.0,75300,0.0,0.0
2024-09-16 00:00:00-04:00,1.0199999809265137,1.0199999809265137,1.0,1.0199999809265137,63300,0.0,0.0
2024-09-17 00:00:00-04:00,1.0199999809265137,1.0499999523162842,1.0,1.0499999523162842,147300,0.0,0.0
2024-09-18 00:00:00-04:00,1.0299999713897705,1.0499999523162842,1.0099999904632568,1.0099999904632568,54400,0.0,0.0
2024-09-19 00:00:00-04:00,1.0099999904632568,1.0499999523162842,1.0099999904632568,1.0299999713897705,38300,0.0,0.0
2024-09-20 00:00:00-04:00,1.0299999713897705,1.0800000429153442,1.0099999904632568,1.0800000429153442,186800,0.0,0.0
2024-09-23 00:00:00-04:00,1.0700000524520874,1.0800000429153442,1.0299999713897705,1.0399999618530273,56000,0.0,0.0
2024-09-24 00:00:00-04:00,1.0499999523162842,1.0499999523162842,1.0099999904632568,1.0399999618530273,29200,0.0,0.0
2024-09-25 00:00:00-04:00,1.0499999523162842,1.0700000524520874,1.0099999904632568,1.0399999618530273,73500,0.0,0.0
2024-09-26 00:00:00-04:00,1.0299999713897705,1.0499999523162842,1.0199999809265137,1.0299999713897705,38200,0.0,0.0
2024-09-27 00:00:00-04:00,1.0299999713897705,1.0399999618530273,1.0199999809265137,1.0299999713897705,39000,0.0,0.0
2024-09-30 00:00:00-04:00,1.0099999904632568,1.059999942779541,1.0099999904632568,1.0499999523162842,24700,0.0,0.0
2024-10-01 00:00:00-04:00,1.059999942779541,1.059999942779541,0.9800000190734863,1.0199999809265137,120600,0.0,0.0
2024-10-02 00:00:00-04:00,1.0399999618530273,1.0499999523162842,1.0,1.0099999904632568,53400,0.0,0.0
2024-10-03 00:00:00-04:00,0.9900000095367432,1.0299999713897705,0.9800000190734863,1.0,28100,0.0,0.0
2024-10-04 00:00:00-04:00,1.0299999713897705,1.0299999713897705,0.9900000095367432,1.0099999904632568,33800,0.0,0.0
2024-10-07 00:00:00-04:00,1.0099999904632568,1.0099999904632568,0.9900000095367432,1.0,45400,0.0,0.0
2024-10-08 00:00:00-04:00,0.9900000095367432,1.0399999618530273,0.9900000095367432,1.0099999904632568,187100,0.0,0.0
2024-10-09 00:00:00-04:00,1.0099999904632568,1.0199999809265137,0.9900000095367432,0.9900000095367432,116500,0.0,0.0
2024-10-10 00:00:00-04:00,0.9900000095367432,1.059999942779541,0.9900000095367432,1.0499999523162842,158900,0.0,0.0
2024-10-11 00:00:00-04:00,1.0399999618530273,1.0399999618530273,1.0099999904632568,1.0199999809265137,47200,0.0,0.0
2024-10-14 00:00:00-04:00,1.0099999904632568,1.0499999523162842,1.0,1.0199999809265137,27700,0.0,0.0
2024-10-15 00:00:00-04:00,1.0,1.0399999618530273,1.0,1.0099999904632568,22700,0.0,0.0
2024-10-16 00:00:00-04:00,1.0299999713897705,1.0299999713897705,1.0,1.0099999904632568,66600,0.0,0.0
2024-10-17 00:00:00-04:00,1.0199999809265137,1.0199999809265137,1.0099999904632568,1.0199999809265137,11700,0.0,0.0
2024-10-18 00:00:00-04:00,1.0,1.0299999713897705,1.0,1.0099999904632568,22200,0.0,0.0
2024-10-21 00:00:00-04:00,1.0099999904632568,1.0299999713897705,1.0099999904632568,1.0099999904632568,20200,0.0,0.0
2024-10-22 00:00:00-04:00,1.0299999713897705,1.0499999523162842,1.0099999904632568,1.0399999618530273,83100,0.0,0.0
2024-10-23 00:00:00-04:00,1.0499999523162842,1.0499999523162842,1.0099999904632568,1.0299999713897705,47700,0.0,0.0
2024-10-24 00:00:00-04:00,1.0199999809265137,1.0399999618530273,1.0199999809265137,1.0199999809265137,22400,0.0,0.0
2024-10-25 00:00:00-04:00,1.0199999809265137,1.0399999618530273,1.0199999809265137,1.0399999618530273,46600,0.0,0.0
2024-10-28 00:00:00-04:00,1.0299999713897705,1.0700000524520874,1.0199999809265137,1.0399999618530273,53600,0.0,0.0
2024-10-29 00:00:00-04:00,1.0299999713897705,1.0499999523162842,1.0199999809265137,1.0299999713897705,18300,0.0,0.0
2024-10-30 00:00:00-04:00,1.0299999713897705,1.0700000524520874,1.0299999713897705,1.0299999713897705,47700,0.0,0.0
2024-10-31 00:00:00-04:00,1.0299999713897705,1.0299999713897705,1.0,1.0299999713897705,52900,0.0,0.0
2024-11-01 00:00:00-04:00,1.0099999904632568,1.0199999809265137,1.0099999904632568,1.0199999809265137,34000,0.0,0.0
2024-11-04 00:00:00-05:00,1.0199999809265137,1.0399999618530273,1.0099999904632568,1.0199999809265137,86800,0.0,0.0
2024-11-05 00:00:00-05:00,1.0099999904632568,1.0299999713897705,1.0,1.0199999809265137,46700,0.0,0.0
2024-11-06 00:00:00-05:00,1.0299999713897705,1.0499999523162842,1.0,1.0299999713897705,123300,0.0,0.0
2024-11-07 00:00:00-05:00,1.0499999523162842,1.0499999523162842,1.0099999904632568,1.0199999809265137,54600,0.0,0.0
2024-11-08 00:00:00-05:00,1.0499999523162842,1.059999942779541,1.0099999904632568,1.0299999713897705,257800,0.0,0.0
2024-11-11 00:00:00-05:00,1.0299999713897705,1.0499999523162842,1.0,1.0,92300,0.0,0.0
2024-11-12 00:00:00-05:00,1.0,1.0299999713897705,1.0,1.0199999809265137,161300,0.0,0.0
2024-11-13 00:00:00-05:00,1.0099999904632568,1.059999942779541,1.0,1.0299999713897705,333600,0.0,0.0
2024-11-14 00:00:00-05:00,1.0099999904632568,1.0499999523162842,1.0,1.0299999713897705,160200,0.0,0.0
2024-11-15 00:00:00-05:00,1.0199999809265137,1.0499999523162842,1.0199999809265137,1.0299999713897705,238500,0.0,0.0
2024-11-18 00:00:00-05:00,1.0199999809265137,1.059999942779541,1.0199999809265137,1.0299999713897705,202700,0.0,0.0
2024-11-19 00:00:00-05:00,1.0399999618530273,1.090000033378601,1.0299999713897705,1.0700000524520874,644400,0.0,0.0
2024-11-20 00:00:00-05:00,1.0800000429153442,1.1299999952316284,1.0199999809265137,1.0499999523162842,558600,0.0,0.0
2024-11-21 00:00:00-05:00,1.0700000524520874,1.149999976158142,1.0299999713897705,1.149999976158142,403200,0.0,0.0
2024-11-22 00:00:00-05:00,1.1399999856948853,1.1399999856948853,1.0700000524520874,1.0700000524520874,108000,0.0,0.0
2024-11-25 00:00:00-05:00,1.0700000524520874,1.1399999856948853,1.0700000524520874,1.100000023841858,142800,0.0,0.0
2024-11-26 00:00:00-05:00,1.090000033378601,1.1100000143051147,1.0700000524520874,1.0800000429153442,73400,0.0,0.0
2024-11-27 00:00:00-05:00,1.0800000429153442,1.100000023841858,1.059999942779541,1.059999942779541,57100,0.0,0.0
2024-11-29 00:00:00-05:00,1.059999942779541,1.0800000429153442,1.059999942779541,1.0700000524520874,26900,0.0,0.0
2024-12-02 00:00:00-05:00,1.0800000429153442,1.0800000429153442,1.0199999809265137,1.0299999713897705,163900,0.0,0.0
2024-12-03 00:00:00-05:00,1.0299999713897705,1.0399999618530273,1.0099999904632568,1.0299999713897705,90000,0.0,0.0
2024-12-04 00:00:00-05:00,1.0299999713897705,1.0800000429153442,1.0099999904632568,1.0499999523162842,156300,0.0,0.0
2024-12-05 00:00:00-05:00,1.0299999713897705,1.0399999618530273,1.0099999904632568,1.0199999809265137,184700,0.0,0.0
2024-12-06 00:00:00-05:00,1.0199999809265137,1.0399999618530273,1.0,1.0199999809265137,167100,0.0,0.0
2024-12-09 00:00:00-05:00,1.0099999904632568,1.0299999713897705,1.0099999904632568,1.0299999713897705,69200,0.0,0.0
2024-12-10 00:00:00-05:00,1.0299999713897705,1.0299999713897705,1.0099999904632568,1.0299999713897705,29600,0.0,0.0
2024-12-11 00:00:00-05:00,1.0199999809265137,1.0299999713897705,1.0099999904632568,1.0199999809265137,62800,0.0,0.0
2024-12-12 00:00:00-05:00,1.0099999904632568,1.0299999713897705,1.0099999904632568,1.0099999904632568,56400,0.0,0.0
2024-12-13 00:00:00-05:00,1.0199999809265137,1.0199999809265137,1.0099999904632568,1.0199999809265137,31900,0.0,0.0
2024-12-16 00:00:00-05:00,1.0199999809265137,1.0199999809265137,1.0,1.0199999809265137,155300,0.0,0.0
2024-12-17 00:00:00-05:00,1.0099999904632568,1.0199999809265137,1.0,1.0099999904632568,105500,0.0,0.0
2024-12-18 00:00:00-05:00,1.0099999904632568,1.0199999809265137,1.0,1.0099999904632568,111600,0.0,0.0
2024-12-19 00:00:00-05:00,1.0,1.0199999809265137,1.0,1.0099999904632568,32600,0.0,0.0
2024-12-20 00:00:00-05:00,1.0099999904632568,1.0499999523162842,1.0,1.0399999618530273,190100,0.0,0.0
2024-12-23 00:00:00-05:00,1.0199999809265137,1.0199999809265137,1.0099999904632568,1.0099999904632568,166400,0.0,0.0
2024-12-24 00:00:00-05:00,1.0,1.0499999523162842,1.0,1.0399999618530273,157800,0.0,0.0
2024-12-26 00:00:00-05:00,1.0199999809265137,1.1200000047683716,1.0099999904632568,1.0700000524520874,363500,0.0,0.0
2024-12-27 00:00:00-05:00,1.0700000524520874,1.1200000047683716,1.0700000524520874,1.0700000524520874,107400,0.0,0.0
2024-12-30 00:00:00-05:00,1.059999942779541,1.0700000524520874,1.0199999809265137,1.0499999523162842,143900,0.0,0.0
2024-12-31 00:00:00-05:00,1.0299999713897705,1.0800000429153442,1.0299999713897705,1.0499999523162842,88900,0.0,0.0
2025-01-02 00:00:00-05:00,1.0499999523162842,1.059999942779541,1.0299999713897705,1.0399999618530273,71600,0.0,0.0
2025-01-03 00:00:00-05:00,1.0299999713897705,1.0399999618530273,1.0,1.0299999713897705,156200,0.0,0.0
2025-01-06 00:00:00-05:00,1.0399999618530273,1.0499999523162842,1.0199999809265137,1.0499999523162842,85700,0.0,0.0
2025-01-07 00:00:00-05:00,1.0299999713897705,1.0499999523162842,1.0199999809265137,1.0199999809265137,44700,0.0,0.0
2025-01-08 00:00:00-05:00,1.0399999618530273,1.0399999618530273,1.0099999904632568,1.0199999809265137,85200,0.0,0.0
2025-01-10 00:00:00-05:00,1.0199999809265137,1.0199999809265137,1.0099999904632568,1.0099999904632568,33400,0.0,0.0
2025-01-13 00:00:00-05:00,1.0099999904632568,1.0399999618530273,1.0,1.0199999809265137,295700,0.0,0.0
2025-01-14 00:00:00-05:00,1.0099999904632568,1.0199999809265137,0.9599999785423279,0.9900000095367432,443900,0.0,0.0
2025-01-15 00:00:00-05:00,0.9800000190734863,1.0,0.9800000190734863,0.9900000095367432,71600,0.0,0.0
2025-01-16 00:00:00-05:00,1.0,1.0099999904632568,1.0,1.0099999904632568,28000,0.0,0.0
2025-01-17 00:00:00-05:00,1.0,1.0499999523162842,1.0,1.0399999618530273,381000,0.0,0.0
2025-01-21 00:00:00-05:00,1.0399999618530273,1.0499999523162842,1.0,1.0,283200,0.0,0.0
2025-01-22 00:00:00-05:00,1.0,1.0099999904632568,0.9900000095367432,1.0,49100,0.0,0.0
2025-01-23 00:00:00-05:00,1.0,1.0199999809265137,1.0,1.0,128900,0.0,0.0
2025-01-24 00:00:00-05:00,1.0099999904632568,1.0099999904632568,1.0,1.0099999904632568,51500,0.0,0.0
2025-01-27 00:00:00-05:00,1.0,1.0099999904632568,0.9800000190734863,1.0,61000,0.0,0.0
2025-01-28 00:00:00-05:00,0.9900000095367432,1.0,0.9800000190734863,0.9900000095367432,92200,0.0,0.0
2025-01-29 00:00:00-05:00,0.9800000190734863,1.0,0.9700000286102295,0.9800000190734863,53800,0.0,0.0
2025-01-30 00:00:00-05:00,0.9800000190734863,1.0099999904632568,0.9800000190734863,1.0,29500,0.0,0.0
2025-01-31 00:00:00-05:00,1.0,1.0,0.9900000095367432,0.9900000095367432,25900,0.0,0.0
2025-02-03 00:00:00-05:00,0.9800000190734863,0.9900000095367432,0.9700000286102295,0.9800000190734863,85800,0.0,0.0
2025-02-04 00:00:00-05:00,0.9800000190734863,0.9900000095367432,0.9800000190734863,0.9800000190734863,57800,0.0,0.0
2025-02-05 00:00:00-05:00,0.9599999785423279,0.9800000190734863,0.9300000071525574,0.9599999785423279,137500,0.0,0.0
2025-02-06 00:00:00-05:00,0.949999988079071,0.9800000190734863,0.9399999976158142,0.9599999785423279,149300,0.0,0.0
2025-02-07 00:00:00-05:00,0.949999988079071,0.9599999785423279,0.9300000071525574,0.949999988079071,144800,0.0,0.0
2025-02-10 00:00:00-05:00,0.9399999976158142,0.949999988079071,0.9200000166893005,0.9399999976158142,113900,0.0,0.0
2025-02-11 00:00:00-05:00,0.9300000071525574,0.9399999976158142,0.9100000262260437,0.9300000071525574,113200,0.0,0.0
2025-02-12 00:00:00-05:00,0.9200000166893005,0.9300000071525574,0.9100000262260437,0.9200000166893005,80200,0.0,0.0
2025-02-13 00:00:00-05:00,0.9100000262260437,0.9399999976158142,0.9100000262260437,0.9399999976158142,114700,0.0,0.0
2025-02-14 00:00:00-05:00,0.9300000071525574,0.949999988079071,0.9200000166893005,0.9300000071525574,34800,0.0,0.0
2025-02-18 00:00:00-05:00,0.9200000166893005,1.149999976158142,0.9200000166893005,1.090000033378601,956000,0.0,0.0
2025-02-19 00:00:00-05:00,1.149999976158142,1.149999976158142,1.0299999713897705,1.0499999523162842,264200,0.0,0.0
2025-02-20 00:00:00-05:00,1.0499999523162842,1.059999942779541,1.0199999809265137,1.0199999809265137,114100,0.0,0.0
2025-02-21 00:00:00-05:00,1.0399999618530273,1.100000023841858,1.0099999904632568,1.0299999713897705,175700,0.0,0.0
2025-02-24 00:00:00-05:00,1.0299999713897705,1.0299999713897705,1.0,1.0099999904632568,133300,0.0,0.0
2025-02-25 00:00:00-05:00,0.9900000095367432,1.0099999904632568,0.9800000190734863,0.9900000095367432,112300,0.0,0.0
2025-02-26 00:00:00-05:00,0.9800000190734863,1.0,0.9700000286102295,0.9800000190734863,27200,0.0,0.0
2025-02-27 00:00:00-05:00,1.0,1.0299999713897705,0.9700000286102295,0.9800000190734863,19800,0.0,0.0
2025-02-28 00:00:00-05:00,0.9700000286102295,1.0,0.9599999785423279,0.9900000095367432,50300,0.0,0.0
2025-03-03 00:00:00-05:00,0.9700000286102295,1.0,0.9599999785423279,0.9700000286102295,40800,0.0,0.0
2025-03-04 00:00:00-05:00,0.9599999785423279,0.9900000095367432,0.9399999976158142,0.9700000286102295,75900,0.0,0.0
2025-03-05 00:00:00-05:00,0.8799999952316284,1.0700000524520874,0.8700000047683716,1.0199999809265137,292700,0.0,0.0
2025-03-06 00:00:00-05:00,1.0199999809265137,1.0399999618530273,1.0,1.0,34100,0.0,0.0
2025-03-07 00:00:00-05:00,1.0099999904632568,1.0199999809265137,0.9800000190734863,1.0,55800,0.0,0.0
2025-03-10 00:00:00-04:00,1.0,1.0199999809265137,0.949999988079071,0.9599999785423279,129700,0.0,0.0
2025-03-11 00:00:00-04:00,0.949999988079071,1.0,0.949999988079071,0.9800000190734863,46100,0.0,0.0
2025-03-12 00:00:00-04:00,0.9700000286102295,0.9800000190734863,0.9599999785423279,0.9700000286102295,19900,0.0,0.0
2025-03-13 00:00:00-04:00,0.9900000095367432,0.9900000095367432,0.9700000286102295,0.9800000190734863,23900,0.0,0.0
2025-03-14 00:00:00-04:00,0.9900000095367432,0.9900000095367432,0.9700000286102295,0.9800000190734863,19500,0.0,0.0
2025-03-17 00:00:00-04:00,0.9800000190734863,0.9800000190734863,0.9599999785423279,0.9700000286102295,14200,0.0,0.0
2025-03-18 00:00:00-04:00,0.9700000286102295,0.9700000286102295,0.949999988079071,0.9700000286102295,33200,0.0,0.0
2025-03-19 00:00:00-04:00,0.9599999785423279,0.9800000190734863,0.9599999785423279,0.9700000286102295,15500,0.0,0.0
2025-03-20 00:00:00-04:00,1.0,1.0,0.9700000286102295,0.9800000190734863,6600,0.0,0.0
2025-03-21 00:00:00-04:00,0.9700000286102295,0.9700000286102295,0.949999988079071,0.9700000286102295,17400,0.0,0.0
2025-03-24 00:00:00-04:00,0.9800000190734863,1.0,0.9700000286102295,1.0,47200,0.0,0.0
2025-03-25 00:00:00-04:00,0.9900000095367432,1.0,0.9800000190734863,1.0,11600,0.0,0.0
2025-03-26 00:00:00-04:00,0.9900000095367432,1.0,0.9800000190734863,0.9900000095367432,14600,0.0,0.0
2025-03-27 00:00:00-04:00,0.9900000095367432,1.0499999523162842,0.9800000190734863,1.0299999713897705,219900,0.0,0.0
2025-03-28 00:00:00-04:00,1.0499999523162842,1.059999942779541,1.0099999904632568,1.0499999523162842,63900,0.0,0.0
2025-03-31 00:00:00-04:00,1.0299999713897705,1.0499999523162842,1.0199999809265137,1.0499999523162842,29500,0.0,0.0
2025-04-01 00:00:00-04:00,1.0299999713897705,1.0399999618530273,1.0,1.0,46700,0.0,0.0
2025-04-02 00:00:00-04:00,1.0299999713897705,1.0399999618530273,1.0,1.0,43800,0.0,0.0
2025-04-03 00:00:00-04:00,0.9599999785423279,1.0,0.9599999785423279,0.9700000286102295,32700,0.0,0.0
2025-04-04 00:00:00-04:00,0.949999988079071,0.9900000095367432,0.9300000071525574,0.9399999976158142,28000,0.0,0.0
2025-04-07 00:00:00-04:00,0.9100000262260437,0.9399999976158142,0.9100000262260437,0.9300000071525574,34100,0.0,0.0
2025-04-08 00:00:00-04:00,0.949999988079071,0.9599999785423279,0.9200000166893005,0.9399999976158142,105200,0.0,0.0
2025-04-09 00:00:00-04:00,0.949999988079071,1.0199999809265137,0.949999988079071,0.9700000286102295,61600,0.0,0.0
2025-04-10 00:00:00-04:00,0.949999988079071,1.0099999904632568,0.949999988079071,0.9700000286102295,31800,0.0,0.0
2025-04-11 00:00:00-04:00,0.9800000190734863,1.0,0.9599999785423279,0.9700000286102295,28400,0.0,0.0
2025-04-14 00:00:00-04:00,0.9700000286102295,1.0099999904632568,0.9599999785423279,0.9800000190734863,27000,0.0,0.0
2025-04-15 00:00:00-04:00,0.9599999785423279,0.9900000095367432,0.9599999785423279,0.9800000190734863,15200,0.0,0.0
2025-04-16 00:00:00-04:00,0.9800000190734863,1.0099999904632568,0.949999988079071,0.9900000095367432,9300,0.0,0.0
2025-04-17 00:00:00-04:00,0.9900000095367432,0.9900000095367432,0.9700000286102295,0.9700000286102295,4500,0.0,0.0
2025-04-21 00:00:00-04:00,0.9700000286102295,1.0,0.9599999785423279,0.9900000095367432,30100,0.0,0.0
2025-04-22 00:00:00-04:00,1.0,1.0,0.9800000190734863,0.9800000190734863,20100,0.0,0.0
2025-04-23 00:00:00-04:00,0.9800000190734863,0.9900000095367432,0.9700000286102295,0.9800000190734863,12100,0.0,0.0
2025-04-24 00:00:00-04:00,0.9700000286102295,0.9800000190734863,0.9599999785423279,0.9700000286102295,8000,0.0,0.0
2025-04-25 00:00:00-04:00,0.949999988079071,0.9700000286102295,0.949999988079071,0.9700000286102295,14700,0.0,0.0
2025-04-28 00:00:00-04:00,0.9599999785423279,0.9800000190734863,0.9599999785423279,0.9700000286102295,8300,0.0,0.0
2025-04-29 00:00:00-04:00,0.9599999785423279,0.9700000286102295,0.9599999785423279,0.9599999785423279,28600,0.0,0.0
2025-04-30 00:00:00-04:00,0.9599999785423279,0.9800000190734863,0.949999988079071,0.9599999785423279,17300,0.0,0.0
2025-05-01 00:00:00-04:00,0.9599999785423279,0.9800000190734863,0.9399999976158142,0.9700000286102295,39400,0.0,0.0
2025-05-02 00:00:00-04:00,0.9700000286102295,0.9800000190734863,0.949999988079071,0.949999988079071,24100,0.0,0.0
2025-05-05 00:00:00-04:00,0.949999988079071,0.9700000286102295,0.949999988079071,0.9700000286102295,10200,0.0,0.0
2025-05-06 00:00:00-04:00,0.9599999785423279,0.9700000286102295,0.9399999976158142,0.9399999976158142,9200,0.0,0.0
2025-05-07 00:00:00-04:00,0.9599999785423279,0.9700000286102295,0.949999988079071,0.949999988079071,5100,0.0,0.0
2025-05-08 00:00:00-04:00,0.9599999785423279,0.9599999785423279,0.949999988079071,0.949999988079071,30300,0.0,0.0
2025-05-09 00:00:00-04:00,0.9300000071525574,0.9700000286102295,0.9300000071525574,0.9700000286102295,40300,0.0,0.0
2025-05-12 00:00:00-04:00,0.9800000190734863,0.9900000095367432,0.949999988079071,0.9599999785423279,61400,0.0,0.0
2025-05-13 00:00:00-04:00,0.9900000095367432,1.0800000429153442,0.9800000190734863,1.0700000524520874,180400,0.0,0.0
2025-05-14 00:00:00-04:00,1.0399999618530273,1.0700000524520874,1.0399999618530273,1.0399999618530273,64400,0.0,0.0
2025-05-15 00:00:00-04:00,1.0499999523162842,1.090000033378601,1.0399999618530273,1.0800000429153442,50000,0.0,0.0
2025-05-16 00:00:00-04:00,1.0800000429153442,1.159999966621399,1.0800000429153442,1.1299999952316284,152900,0.0,0.0
2025-05-19 00:00:00-04:00,1.1299999952316284,1.590000033378601,1.1299999952316284,1.4800000190734863,4028200,0.0,0.0
2025-05-20 00:00:00-04:00,1.590000033378601,1.649999976158142,1.4800000190734863,1.5399999618530273,1280900,0.0,0.0
2025-05-21 00:00:00-04:00,1.5299999713897705,1.7999999523162842,1.5299999713897705,1.600000023841858,729800,0.0,0.0
2025-05-22 00:00:00-04:00,1.5800000429153442,1.75,1.5199999809265137,1.6799999475479126,344900,0.0,0.0
2025-05-23 00:00:00-04:00,1.6399999856948853,1.7799999713897705,1.5700000524520874,1.600000023841858,375700,0.0,0.0
2025-05-27 00:00:00-04:00,1.649999976158142,1.7999999523162842,1.5099999904632568,1.5299999713897705,552400,0.0,0.0
2025-05-28 00:00:00-04:00,1.559999942779541,1.7899999618530273,1.5299999713897705,1.7300000190734863,297100,0.0,0.0
2025-05-29 00:00:00-04:00,1.7599999904632568,1.7899999618530273,1.649999976158142,1.7899999618530273,291800,0.0,0.0
2025-05-30 00:00:00-04:00,1.7799999713897705,1.7999999523162842,1.659999966621399,1.659999966621399,248900,0.0,0.0
2025-06-02 00:00:00-04:00,1.7100000381469727,1.7200000286102295,1.5700000524520874,1.600000023841858,297600,0.0,0.0
2025-06-03 00:00:00-04:00,1.5700000524520874,1.690000057220459,1.5700000524520874,1.6399999856948853,158400,0.0,0.0
2025-06-04 00:00:00-04:00,1.659999966621399,1.7400000095367432,1.559999942779541,1.6699999570846558,305500,0.0,0.0
2025-06-05 00:00:00-04:00,1.6299999952316284,1.75,1.6299999952316284,1.7400000095367432,142700,0.0,0.0
2025-06-06 00:00:00-04:00,1.75,1.940000057220459,1.690000057220459,1.8899999856948853,611900,0.0,0.0
2025-06-09 00:00:00-04:00,1.9600000381469727,2.140000104904175,1.9199999570846558,2.0899999141693115,639900,0.0,0.0
2025-06-10 00:00:00-04:00,2.069999933242798,2.0899999141693115,1.9600000381469727,1.9700000286102295,250100,0.0,0.0
2025-06-11 00:00:00-04:00,1.9800000190734863,2.049999952316284,1.909999966621399,1.9500000476837158,179700,0.0,0.0
2025-06-12 00:00:00-04:00,1.940000057220459,1.9900000095367432,1.850000023841858,1.8899999856948853,270400,0.0,0.0
2025-06-13 00:00:00-04:00,1.8700000047683716,1.8799999952316284,1.75,1.8300000429153442,108800,0.0,0.0
2025-06-16 00:00:00-04:00,1.8600000143051147,2.1500000953674316,1.840000033378601,2.069999933242798,286400,0.0,0.0
2025-06-17 00:00:00-04:00,2.0899999141693115,2.0999999046325684,1.9700000286102295,2.0299999713897705,143000,0.0,0.0
2025-06-18 00:00:00-04:00,2.0199999809265137,2.0399999618530273,1.9299999475479126,1.9500000476837158,127500,0.0,0.0
2025-06-20 00:00:00-04:00,1.9500000476837158,2.190000057220459,1.9500000476837158,2.140000104904175,665800,0.0,0.0
2025-06-23 00:00:00-04:00,2.119999885559082,2.2200000286102295,2.049999952316284,2.180000066757202,484100,0.0,0.0
2025-06-24 00:00:00-04:00,2.2300000190734863,2.4100000858306885,2.2200000286102295,2.3499999046325684,800500,0.0,0.0
2025-06-25 00:00:00-04:00,2.430000066757202,2.809999942779541,2.3499999046325684,2.759999990463257,1751900,0.0,0.0
2025-06-26 00:00:00-04:00,2.809999942779541,2.8499999046325684,2.4000000953674316,2.5199999809265137,1178800,0.0,0.0
2025-06-27 00:00:00-04:00,2.569999933242798,2.7200000286102295,2.569999933242798,2.6500000953674316,372300,0.0,0.0
2025-06-30 00:00:00-04:00,2.680000066757202,2.740000009536743,2.4100000858306885,2.5199999809265137,636700,0.0,0.0
2025-07-01 00:00:00-04:00,2.5199999809265137,2.5999999046325684,2.380000114440918,2.5199999809265137,454200,0.0,0.0
2025-07-02 00:00:00-04:00,2.5299999713897705,2.9600000381469727,2.4600000381469727,2.880000114440918,996100,0.0,0.0
2025-07-03 00:00:00-04:00,2.9200000762939453,2.950000047683716,2.75,2.799999952316284,486400,0.0,0.0
2025-07-07 00:00:00-04:00,2.809999942779541,2.990000009536743,2.7300000190734863,2.9000000953674316,611800,0.0,0.0
2025-07-08 00:00:00-04:00,2.940000057220459,2.9800000190734863,2.799999952316284,2.8399999141693115,371500,0.0,0.0
2025-07-09 00:00:00-04:00,2.8299999237060547,2.8499999046325684,2.6500000953674316,2.680000066757202,581200,0.0,0.0
2025-07-10 00:00:00-04:00,2.690000057220459,2.799999952316284,2.640000104904175,2.7100000381469727,278700,0.0,0.0
2025-07-11 00:00:00-04:00,2.7100000381469727,2.7699999809265137,2.549999952316284,2.5999999046325684,321000,0.0,0.0
2025-07-14 00:00:00-04:00,2.5999999046325684,2.6500000953674316,2.4800000190734863,2.630000114440918,384800,0.0,0.0
2025-07-15 00:00:00-04:00,2.630000114440918,2.630000114440918,2.4200000762939453,2.4800000190734863,309200,0.0,0.0
2025-07-16 00:00:00-04:00,2.4800000190734863,2.7899999618530273,2.4800000190734863,2.6600000858306885,391700,0.0,0.0
2025-07-17 00:00:00-04:00,2.6700000762939453,2.690000057220459,2.4600000381469727,2.5,357200,0.0,0.0
2025-07-18 00:00:00-04:00,2.4800000190734863,2.690000057220459,2.4600000381469727,2.6600000858306885,372500,0.0,0.0
2025-07-21 00:00:00-04:00,2.680000066757202,2.809999942779541,2.5999999046325684,2.6500000953674316,481300,0.0,0.0
2025-07-22 00:00:00-04:00,2.619999885559082,2.700000047683716,2.450000047683716,2.690000057220459,312500,0.0,0.0
2025-07-23 00:00:00-04:00,2.7100000381469727,2.8299999237060547,2.690000057220459,2.819999933242798,279400,0.0,0.0
2025-07-24 00:00:00-04:00,2.809999942779541,2.950000047683716,2.7300000190734863,2.819999933242798,305000,0.0,0.0
2025-07-25 00:00:00-04:00,2.8399999141693115,2.9100000858306885,2.7300000190734863,2.8399999141693115,249800,0.0,0.0
2025-07-28 00:00:00-04:00,2.8399999141693115,2.8399999141693115,2.5899999141693115,2.690000057220459,359800,0.0,0.0
2025-07-29 00:00:00-04:00,2.6700000762939453,2.7300000190734863,2.630000114440918,2.630000114440918,89400,0.0,0.0
2025-07-30 00:00:00-04:00,2.630000114440918,2.75,2.630000114440918,2.690000057220459,101800,0.0,0.0
2025-07-31 00:00:00-04:00,2.690000057220459,2.700000047683716,2.630000114440918,2.6500000953674316,79900,0.0,0.0
2025-08-01 00:00:00-04:00,2.5899999141693115,2.5899999141693115,2.490000009536743,2.569999933242798,157800,0.0,0.0
2025-08-04 00:00:00-04:00,2.549999952316284,2.880000114440918,2.549999952316284,2.799999952316284,360400,0.0,0.0
2025-08-05 00:00:00-04:00,2.8499999046325684,3.0299999713897705,2.7200000286102295,2.9600000381469727,690100,0.0,0.0
2025-08-06 00:00:00-04:00,2.630000114440918,3.2200000286102295,2.2300000190734863,2.940000057220459,2281400,0.0,0.0
2025-08-07 00:00:00-04:00,2.9800000190734863,3.380000114440918,2.7799999713897705,3.049999952316284,1094700,0.0,0.0
2025-08-08 00:00:00-04:00,3.0799999237060547,3.299999952316284,2.9600000381469727,3.0,750000,0.0,0.0
2025-08-11 00:00:00-04:00,3.0,3.009999990463257,2.799999952316284,2.859999895095825,375300,0.0,0.0
2025-08-12 00:00:00-04:00,2.9100000858306885,3.049999952316284,2.890000104904175,3.049999952316284,314000,0.0,0.0
2025-08-13 00:00:00-04:00,3.049999952316284,3.109999895095825,2.9200000762939453,3.0,260500,0.0,0.0
2025-08-14 00:00:00-04:00,2.9600000381469727,2.9800000190734863,2.799999952316284,2.8499999046325684,309900,0.0,0.0
2025-08-15 00:00:00-04:00,2.8299999237060547,2.890000104904175,2.7300000190734863,2.859999895095825,178700,0.0,0.0
2025-08-18 00:00:00-04:00,2.880000114440918,2.890000104904175,2.75,2.809999942779541,227500,0.0,0.0
2025-08-19 00:00:00-04:00,2.809999942779541,2.940000057220459,2.5799999237060547,2.609999895095825,296300,0.0,0.0
2025-08-20 00:00:00-04:00,2.5899999141693115,2.6700000762939453,2.4600000381469727,2.640000104904175,305800,0.0,0.0
2025-08-21 00:00:00-04:00,2.609999895095825,2.740000009536743,2.549999952316284,2.690000057220459,52100,0.0,0.0
2025-08-22 00:00:00-04:00,2.700000047683716,2.819999933242798,2.6600000858306885,2.7699999809265137,234200,0.0,0.0
2025-08-25 00:00:00-04:00,2.759999990463257,2.8499999046325684,2.680000066757202,2.75,205100,0.0,0.0
2025-08-26 00:00:00-04:00,2.7899999618530273,3.140000104904175,2.759999990463257,3.140000104904175,457100,0.0,0.0
2025-08-27 00:00:00-04:00,3.190000057220459,3.25,2.880000114440918,2.9100000858306885,362000,0.0,0.0
2025-08-28 00:00:00-04:00,2.950000047683716,3.0299999713897705,2.7899999618530273,3.0,236800,0.0,0.0
2025-08-29 00:00:00-04:00,3.0,3.0299999713897705,2.880000114440918,2.9200000762939453,183400,0.0,0.0
2025-09-02 00:00:00-04:00,2.950000047683716,3.0,2.859999895095825,2.890000104904175,101600,0.0,0.0
2025-09-03 00:00:00-04:00,2.880000114440918,2.9100000858306885,2.7799999713897705,2.859999895095825,138000,0.0,0.0
2025-09-04 00:00:00-04:00,2.869999885559082,2.9000000953674316,2.7799999713897705,2.890000104904175,173600,0.0,0.0
2025-09-05 00:00:00-04:00,2.950000047683716,2.9700000286102295,2.7100000381469727,2.869999885559082,290600,0.0,0.0
2025-09-08 00:00:00-04:00,2.880000114440918,2.950000047683716,2.8399999141693115,2.869999885559082,153500,0.0,0.0
2025-09-09 00:00:00-04:00,2.859999895095825,3.0399999618530273,2.859999895095825,2.9700000286102295,413600,0.0,0.0
2025-09-10 00:00:00-04:00,2.9700000286102295,3.2899999618530273,2.940000057220459,3.180000066757202,487000,0.0,0.0
2025-09-11 00:00:00-04:00,3.2200000286102295,3.4200000762939453,3.0399999618530273,3.390000104904175,575000,0.0,0.0
2025-09-12 00:00:00-04:00,3.4200000762939453,3.6500000953674316,3.4100000858306885,3.630000114440918,799500,0.0,0.0
2025-09-15 00:00:00-04:00,3.640000104904175,3.640000104904175,3.4000000953674316,3.549999952316284,346800,0.0,0.0
2025-09-16 00:00:00-04:00,3.549999952316284,3.549999952316284,3.1600000858306885,3.2799999713897705,643900,0.0,0.0
2025-09-17 00:00:00-04:00,3.2699999809265137,3.2899999618530273,2.990000009536743,3.049999952316284,486900,0.0,0.0
2025-09-18 00:00:00-04:00,3.059999942779541,3.319999933242798,2.940000057220459,3.319999933242798,490000,0.0,0.0
2025-09-19 00:00:00-04:00,3.2899999618530273,3.3299999237060547,3.1500000953674316,3.180000066757202,183300,0.0,0.0
2025-09-22 00:00:00-04:00,3.140000104904175,3.5,3.0999999046325684,3.4100000858306885,545400,0.0,0.0
2025-09-23 00:00:00-04:00,3.4000000953674316,3.5899999141693115,3.25,3.5199999809265137,460300,0.0,0.0
2025-09-24 00:00:00-04:00,3.490000009536743,3.509999990463257,3.2300000190734863,3.2300000190734863,337900,0.0,0.0
2025-09-25 00:00:00-04:00,3.130000114440918,3.240000009536743,3.049999952316284,3.069999933242798,211100,0.0,0.0
2025-09-26 00:00:00-04:00,3.059999942779541,3.2300000190734863,3.0,3.0299999713897705,149000,0.0,0.0
2025-09-29 00:00:00-04:00,3.059999942779541,3.109999895095825,2.9100000858306885,2.930000066757202,213800,0.0,0.0
2025-09-30 00:00:00-04:00,2.9000000953674316,3.049999952316284,2.880000114440918,3.0,308700,0.0,0.0
2025-10-01 00:00:00-04:00,3.0,3.0,2.869999885559082,2.890000104904175,192400,0.0,0.0
2025-10-02 00:00:00-04:00,2.890000104904175,2.9600000381469727,2.819999933242798,2.9100000858306885,269800,0.0,0.0
2025-10-03 00:00:00-04:00,2.950000047683716,3.180000066757202,2.9100000858306885,2.9800000190734863,368000,0.0,0.0
2025-10-06 00:00:00-04:00,2.950000047683716,3.109999895095825,2.930000066757202,2.9600000381469727,142800,0.0,0.0
2025-10-07 00:00:00-04:00,2.950000047683716,3.1600000858306885,2.950000047683716,3.0799999237060547,249900,0.0,0.0
2025-10-08 00:00:00-04:00,3.109999895095825,3.1700000762939453,3.0199999809265137,3.0799999237060547,86200,0.0,0.0
2025-10-09 00:00:00-04:00,3.0799999237060547,3.1700000762939453,2.950000047683716,3.0299999713897705,187200,0.0,0.0
2025-10-10 00:00:00-04:00,3.0199999809265137,3.049999952316284,2.809999942779541,2.809999942779541,243700,0.0,0.0
2025-10-13 00:00:00-04:00,2.799999952316284,3.0,2.7200000286102295,2.950000047683716,313900,0.0,0.0
2025-10-14 00:00:00-04:00,2.950000047683716,3.119999885559082,2.880000114440918,3.0799999237060547,194200,0.0,0.0
2025-10-15 00:00:00-04:00,3.1600000858306885,3.1600000858306885,3.009999990463257,3.119999885559082,186700,0.0,0.0
2025-10-16 00:00:00-04:00,3.109999895095825,3.450000047683716,3.109999895095825,3.190000057220459,421600,0.0,0.0
2025-10-17 00:00:00-04:00,3.109999895095825,3.190000057220459,2.9700000286102295,3.0,137000,0.0,0.0
2025-10-20 00:00:00-04:00,3.0,3.119999885559082,3.0,3.0999999046325684,109600,0.0,0.0
2025-10-21 00:00:00-04:00,3.0899999141693115,3.200000047683716,2.9800000190734863,3.0,122100,0.0,0.0
2025-10-22 00:00:00-04:00,2.9700000286102295,3.0899999141693115,2.700000047683716,2.8499999046325684,355800,0.0,0.0
2025-10-23 00:00:00-04:00,2.890000104904175,2.930000066757202,2.7699999809265137,2.869999885559082,112500,0.0,0.0
2025-10-24 00:00:00-04:00,2.880000114440918,2.930000066757202,2.7799999713897705,2.809999942779541,154000,0.0,0.0
2025-10-27 00:00:00-04:00,2.819999933242798,2.9200000762939453,2.7100000381469727,2.740000009536743,154600,0.0,0.0
2025-10-28 00:00:00-04:00,2.7300000190734863,2.799999952316284,2.680000066757202,2.7200000286102295,103300,0.0,0.0
2025-10-29 00:00:00-04:00,2.680000066757202,2.700000047683716,2.569999933242798,2.640000104904175,219700,0.0,0.0
2025-10-30 00:00:00-04:00,2.609999895095825,2.75,2.4700000286102295,2.559999942779541,155500,0.0,0.0
2025-10-31 00:00:00-04:00,2.549999952316284,2.5999999046325684,2.4200000762939453,2.4800000190734863,167000,0.0,0.0
2025-11-03 00:00:00-05:00,2.490000009536743,2.680000066757202,2.430000066757202,2.640000104904175,335700,0.0,0.0
2025-11-04 00:00:00-05:00,2.5799999237060547,2.609999895095825,2.4600000381469727,2.5199999809265137,315900,0.0,0.0
2025-11-05 00:00:00-05:00,2.1500000953674316,2.299999952316284,2.009999990463257,2.200000047683716,645700,0.0,0.0
2025-11-06 00:00:00-05:00,2.309999942779541,2.4000000953674316,2.059999942779541,2.119999885559082,381800,0.0,0.0
2025-11-07 00:00:00-05:00,2.069999933242798,2.200000047683716,1.8200000524520874,2.109999895095825,521200,0.0,0.0
2025-11-10 00:00:00-05:00,2.130000114440918,2.2300000190734863,2.059999942779541,2.069999933242798,241000,0.0,0.0
2025-11-11 00:00:00-05:00,2.059999942779541,2.1500000953674316,2.0,2.069999933242798,222800,0.0,0.0
2025-11-12 00:00:00-05:00,2.0399999618530273,2.1500000953674316,1.9600000381469727,1.9700000286102295,238800,0.0,0.0
2025-11-13 00:00:00-05:00,1.9900000095367432,1.9900000095367432,1.809999942779541,1.8600000143051147,464300,0.0,0.0
2025-11-14 00:00:00-05:00,1.7999999523162842,1.940000057220459,1.7799999713897705,1.840000033378601,188900,0.0,0.0
2025-11-17 00:00:00-05:00,1.840000033378601,1.8899999856948853,1.75,1.7899999618530273,228400,0.0,0.0
2025-11-18 00:00:00-05:00,1.7400000095367432,1.850000023841858,1.7200000286102295,1.7400000095367432,174300,0.0,0.0
2025-11-19 00:00:00-05:00,1.75,1.7799999713897705,1.7000000476837158,1.7200000286102295,140100,0.0,0.0
2025-11-20 00:00:00-05:00,1.7300000190734863,1.7799999713897705,1.590000033378601,1.600000023841858,269700,0.0,0.0
2025-11-21 00:00:00-05:00,1.5800000429153442,1.7100000381469727,1.5299999713897705,1.7100000381469727,479200,0.0,0.0
2025-11-24 00:00:00-05:00,1.7300000190734863,1.7999999523162842,1.6200000047683716,1.7699999809265137,195300,0.0,0.0
2025-11-25 00:00:00-05:00,1.7899999618530273,1.8600000143051147,1.75,1.7899999618530273,50500,0.0,0.0
2025-11-26 00:00:00-05:00,1.840000033378601,1.8799999952316284,1.7999999523162842,1.809999942779541,49900,0.0,0.0
2025-11-28 00:00:00-05:00,1.809999942779541,1.850000023841858,1.7999999523162842,1.7999999523162842,25100,0.0,0.0
2025-12-01 00:00:00-05:00,1.7999999523162842,1.840000033378601,1.7400000095367432,1.7599999904632568,63800,0.0,0.0
2025-12-02 00:00:00-05:00,1.7699999809265137,1.7899999618530273,1.7000000476837158,1.7699999809265137,63300,0.0,0.0
2025-12-03 00:00:00-05:00,1.75,1.8300000429153442,1.7000000476837158,1.8300000429153442,129900,0.0,0.0
2025-12-04 00:00:00-05:00,1.840000033378601,1.8700000047683716,1.7400000095367432,1.7899999618530273,49200,0.0,0.0
2025-12-05 00:00:00-05:00,1.850000023841858,1.8600000143051147,1.6699999570846558,1.690000057220459,84600,0.0,0.0
2025-12-08 00:00:00-05:00,1.7000000476837158,1.809999942779541,1.6100000143051147,1.7999999523162842,357100,0.0,0.0
2025-12-09 00:00:00-05:00,1.7799999713897705,1.8799999952316284,1.7599999904632568,1.850000023841858,106700,0.0,0.0
2025-12-10 00:00:00-05:00,1.840000033378601,1.8700000047683716,1.7899999618530273,1.7999999523162842,87800,0.0,0.0
2025-12-11 00:00:00-05:00,1.7899999618530273,1.850000023841858,1.7699999809265137,1.8200000524520874,47200,0.0,0.0
2025-12-12 00:00:00-05:00,1.8200000524520874,1.8200000524520874,1.7000000476837158,1.7200000286102295,75000,0.0,0.0
2025-12-15 00:00:00-05:00,1.7400000095367432,1.7699999809265137,1.649999976158142,1.6799999475479126,81200,0.0,0.0
2025-12-16 00:00:00-05:00,1.6699999570846558,1.7100000381469727,1.5099999904632568,1.5199999809265137,287800,0.0,0.0
2025-12-17 00:00:00-05:00,1.559999942779541,1.6299999952316284,1.5,1.5199999809265137,162300,0.0,0.0
2025-12-18 00:00:00-05:00,1.5499999523162842,1.600000023841858,1.5199999809265137,1.5800000429153442,387800,0.0,0.0
2025-12-19 00:00:00-05:00,1.5800000429153442,1.7599999904632568,1.5800000429153442,1.6699999570846558,167500,0.0,0.0
2025-12-22 00:00:00-05:00,1.6799999475479126,1.75,1.659999966621399,1.6799999475479126,168800,0.0,0.0
2025-12-23 00:00:00-05:00,1.649999976158142,1.6799999475479126,1.590000033378601,1.6100000143051147,195700,0.0,0.0
2025-12-24 00:00:00-05:00,1.600000023841858,1.7200000286102295,1.559999942779541,1.6100000143051147,83200,0.0,0.0
2025-12-26 00:00:00-05:00,1.6100000143051147,1.6299999952316284,1.5700000524520874,1.6299999952316284,109100,0.0,0.0
2025-12-29 00:00:00-05:00,1.600000023841858,1.6299999952316284,1.5099999904632568,1.5299999713897705,279300,0.0,0.0
2025-12-30 00:00:00-05:00,1.5,1.600000023841858,1.409999966621399,1.5299999713897705,364900,0.0,0.0
2025-12-31 00:00:00-05:00,1.5299999713897705,1.6299999952316284,1.5099999904632568,1.559999942779541,186100,0.0,0.0
2026-01-02 00:00:00-05:00,1.600000023841858,1.75,1.5700000524520874,1.7100000381469727,217300,0.0,0.0
2026-01-05 00:00:00-05:00,1.7100000381469727,1.75,1.649999976158142,1.690000057220459,285900,0.0,0.0
2026-01-06 00:00:00-05:00,1.6799999475479126,1.7000000476837158,1.5800000429153442,1.6200000047683716,144000,0.0,0.0
2026-01-07 00:00:00-05:00,1.6299999952316284,1.6299999952316284,1.5700000524520874,1.6200000047683716,101300,0.0,0.0
2026-01-08 00:00:00-05:00,1.6200000047683716,1.659999966621399,1.590000033378601,1.6200000047683716,73000,0.0,0.0
2026-01-09 00:00:00-05:00,1.649999976158142,1.6699999570846558,1.5700000524520874,1.6100000143051147,66700,0.0,0.0
2026-01-12 00:00:00-05:00,1.559999942779541,1.6399999856948853,1.559999942779541,1.590000033378601,102800,0.0,0.0
2026-01-13 00:00:00-05:00,1.5800000429153442,1.6100000143051147,1.5299999713897705,1.5499999523162842,133200,0.0,0.0
2026-01-14 00:00:00-05:00,1.5399999618530273,1.559999942779541,1.5,1.5299999713897705,137300,0.0,0.0
2026-01-15 00:00:00-05:00,1.5399999618530273,1.6200000047683716,1.5199999809265137,1.600000023841858,136400,0.0,0.0
2026-01-16 00:00:00-05:00,1.6200000047683716,1.649999976158142,1.5199999809265137,1.5399999618530273,93600,0.0,0.0
2026-01-20 00:00:00-05:00,1.5399999618530273,1.590000033378601,1.4700000286102295,1.559999942779541,210000,0.0,0.0
2026-01-21 00:00:00-05:00,1.5499999523162842,1.6200000047683716,1.5,1.5499999523162842,103800,0.0,0.0
2026-01-22 00:00:00-05:00,1.5700000524520874,1.6100000143051147,1.559999942779541,1.590000033378601,28700,0.0,0.0
2026-01-23 00:00:00-05:00,1.559999942779541,1.5700000524520874,1.5199999809265137,1.5199999809265137,121300,0.0,0.0
2026-01-26 00:00:00-05:00,1.5299999713897705,1.559999942779541,1.350000023841858,1.399999976158142,316100,0.0,0.0
2026-01-27 00:00:00-05:00,1.4299999475479126,1.4700000286102295,1.350000023841858,1.4500000476837158,179800,0.0,0.0
2026-01-28 00:00:00-05:00,1.4500000476837158,1.4800000190734863,1.3300000429153442,1.350000023841858,320900,0.0,0.0
2026-01-29 00:00:00-05:00,1.3600000143051147,1.409999966621399,1.2999999523162842,1.3899999856948853,176100,0.0,0.0
2026-01-30 00:00:00-05:00,1.3899999856948853,1.3899999856948853,1.2799999713897705,1.3600000143051147,208700,0.0,0.0
2026-02-02 00:00:00-05:00,1.3799999952316284,1.440000057220459,1.3300000429153442,1.409999966621399,135500,0.0,0.0
2026-02-03 00:00:00-05:00,1.409999966621399,1.4700000286102295,1.350000023841858,1.399999976158142,118000,0.0,0.0
2026-02-04 00:00:00-05:00,1.399999976158142,1.399999976158142,1.3200000524520874,1.3300000429153442,148400,0.0,0.0
2026-02-05 00:00:00-05:00,1.3300000429153442,1.350000023841858,1.25,1.2599999904632568,147400,0.0,0.0
2026-02-06 00:00:00-05:00,1.3200000524520874,1.4299999475479126,1.309999942779541,1.3799999952316284,169100,0.0,0.0
2026-02-09 00:00:00-05:00,1.3799999952316284,1.4800000190734863,1.350000023841858,1.399999976158142,206400,0.0,0.0
2026-02-10 00:00:00-05:00,1.409999966621399,1.440000057220459,1.340000033378601,1.350000023841858,75000,0.0,0.0
2026-02-11 00:00:00-05:00,1.3899999856948853,1.3899999856948853,1.2799999713897705,1.3300000429153442,233500,0.0,0.0
2026-02-12 00:00:00-05:00,1.3300000429153442,1.3300000429153442,1.25,1.2699999809265137,258400,0.0,0.0
2026-02-13 00:00:00-05:00,1.2699999809265137,1.3200000524520874,1.25,1.2599999904632568,127900,0.0,0.0
2026-02-17 00:00:00-05:00,1.2699999809265137,1.3899999856948853,1.2699999809265137,1.3700000047683716,286100,0.0,0.0
2026-02-18 00:00:00-05:00,1.3600000143051147,1.409999966621399,1.309999942779541,1.3799999952316284,261900,0.0,0.0
2026-02-19 00:00:00-05:00,1.3799999952316284,1.4199999570846558,1.3200000524520874,1.3799999952316284,106800,0.0,0.0
2026-02-20 00:00:00-05:00,1.350000023841858,1.4900000095367432,1.350000023841858,1.4500000476837158,206500,0.0,0.0
2026-02-23 00:00:00-05:00,1.4199999570846558,1.4600000381469727,1.340000033378601,1.340000033378601,164100,0.0,0.0
2026-02-24 00:00:00-05:00,1.3300000429153442,1.3799999952316284,1.309999942779541,1.3300000429153442,77200,0.0,0.0
2026-02-25 00:00:00-05:00,1.3600000143051147,1.4500000476837158,1.3300000429153442,1.4199999570846558,95900,0.0,0.0
2026-02-26 00:00:00-05:00,1.3899999856948853,1.4199999570846558,1.350000023841858,1.399999976158142,56900,0.0,0.0
2026-02-27 00:00:00-05:00,1.3899999856948853,1.4600000381469727,1.350000023841858,1.4199999570846558,115600,0.0,0.0
2026-03-02 00:00:00-05:00,1.4199999570846558,1.559999942779541,1.3700000047683716,1.4900000095367432,189700,0.0,0.0
2026-03-03 00:00:00-05:00,1.4900000095367432,1.5299999713897705,1.3799999952316284,1.3799999952316284,438200,0.0,0.0
2026-03-04 00:00:00-05:00,1.3200000524520874,1.3300000429153442,1.1799999475479126,1.2400000095367432,596800,0.0,0.0
2026-03-05 00:00:00-05:00,1.2599999904632568,1.3600000143051147,1.2400000095367432,1.25,281100,0.0,0.0
2026-03-06 00:00:00-05:00,1.2400000095367432,1.2899999618530273,1.190000057220459,1.2300000190734863,612300,0.0,0.0
2026-03-09 00:00:00-04:00,1.1699999570846558,1.2599999904632568,1.1699999570846558,1.2300000190734863,649000,0.0,0.0
2026-03-10 00:00:00-04:00,1.2699999809265137,1.340000033378601,1.2400000095367432,1.2899999618530273,116100,0.0,0.0
2026-03-11 00:00:00-04:00,1.2799999713897705,1.309999942779541,1.2599999904632568,1.2899999618530273,49200,0.0,0.0
2026-03-12 00:00:00-04:00,1.2999999523162842,1.309999942779541,1.2200000286102295,1.2699999809265137,261700,0.0,0.0
2026-03-13 00:00:00-04:00,1.2699999809265137,1.2799999713897705,1.2200000286102295,1.25,127700,0.0,0.0
2026-03-16 00:00:00-04:00,1.25,1.2799999713897705,1.2200000286102295,1.25,131500,0.0,0.0
2026-03-17 00:00:00-04:00,1.2599999904632568,1.2899999618530273,1.25,1.2599999904632568,42100,0.0,0.0
2026-03-18 00:00:00-04:00,1.25,1.2599999904632568,1.2300000190734863,1.25,116700,0.0,0.0
2026-03-19 00:00:00-04:00,1.2300000190734863,1.2699999809265137,1.2200000286102295,1.2400000095367432,80900,0.0,0.0
2026-03-20 00:00:00-04:00,1.25,1.25,1.2200000286102295,1.2400000095367432,61300,0.0,0.0
2026-03-23 00:00:00-04:00,1.2400000095367432,1.2699999809265137,1.2200000286102295,1.2300000190734863,70000,0.0,0.0
2026-03-24 00:00:00-04:00,1.2300000190734863,1.2799999713897705,1.2300000190734863,1.2599999904632568,135800,0.0,0.0
2026-03-25 00:00:00-04:00,1.2599999904632568,1.2999999523162842,1.2599999904632568,1.2699999809265137,54600,0.0,0.0
2026-03-26 00:00:00-04:00,1.2699999809265137,1.2699999809265137,1.25,1.25,50000,0.0,0.0
2026-03-27 00:00:00-04:00,1.25,1.2599999904632568,1.2400000095367432,1.25,117100,0.0,0.0
2026-03-30 00:00:00-04:00,1.25,1.2599999904632568,1.1699999570846558,1.190000057220459,237800,0.0,0.0
2026-03-31 00:00:00-04:00,1.2000000476837158,1.2300000190734863,1.1799999475479126,1.2200000286102295,148600,0.0,0.0
2026-04-01 00:00:00-04:00,1.25,1.2599999904632568,1.2400000095367432,1.2599999904632568,82000,0.0,0.0
2026-04-02 00:00:00-04:00,1.2400000095367432,1.2400000095367432,1.2000000476837158,1.2200000286102295,26100,0.0,0.0
2026-04-06 00:00:00-04:00,1.2300000190734863,1.2400000095367432,1.190000057220459,1.2300000190734863,112600,0.0,0.0
2026-04-07 00:00:00-04:00,1.2200000286102295,1.2699999809265137,1.2200000286102295,1.2699999809265137,149000,0.0,0.0
2026-04-08 00:00:00-04:00,1.2999999523162842,1.3200000524520874,1.2599999904632568,1.2899999618530273,205500,0.0,0.0
2026-04-09 00:00:00-04:00,1.2699999809265137,1.3200000524520874,1.25,1.2999999523162842,99800,0.0,0.0
2026-04-10 00:00:00-04:00,1.2999999523162842,1.2999999523162842,1.2699999809265137,1.2699999809265137,60000,0.0,0.0
2026-04-13 00:00:00-04:00,1.2599999904632568,1.2999999523162842,1.2400000095367432,1.2799999713897705,184600,0.0,0.0
2026-04-14 00:00:00-04:00,1.2999999523162842,1.3300000429153442,1.2999999523162842,1.3200000524520874,252300,0.0,0.0
2026-04-15 00:00:00-04:00,1.3300000429153442,1.399999976158142,1.3200000524520874,1.3799999952316284,166400,0.0,0.0
2026-04-16 00:00:00-04:00,1.399999976158142,1.399999976158142,1.350000023841858,1.350000023841858,34600,0.0,0.0
2026-04-17 00:00:00-04:00,1.3799999952316284,1.399999976158142,1.350000023841858,1.350000023841858,90900,0.0,0.0
2026-04-20 00:00:00-04:00,1.350000023841858,1.399999976158142,1.3300000429153442,1.3700000047683716,92400,0.0,0.0
2026-04-21 00:00:00-04:00,1.3799999952316284,1.409999966621399,1.3600000143051147,1.3700000047683716,86700,0.0,0.0
2026-04-22 00:00:00-04:00,1.409999966621399,1.409999966621399,1.3300000429153442,1.350000023841858,135500,0.0,0.0
2026-04-23 00:00:00-04:00,1.340000033378601,1.3600000143051147,1.309999942779541,1.340000033378601,47300,0.0,0.0
2026-04-24 00:00:00-04:00,1.340000033378601,1.3799999952316284,1.309999942779541,1.350000023841858,189000,0.0,0.0
2026-04-27 00:00:00-04:00,1.3799999952316284,1.409999966621399,1.3600000143051147,1.3700000047683716,115100,0.0,0.0
2026-04-28 00:00:00-04:00,1.4299999475479126,1.559999942779541,1.3700000047683716,1.5499999523162842,1368600,0.0,0.0
2026-04-29 00:00:00-04:00,1.5700000524520874,1.7200000286102295,1.5199999809265137,1.659999966621399,842200,0.0,0.0
2026-04-30 00:00:00-04:00,1.6200000047683716,1.6200000047683716,1.5199999809265137,1.5700000524520874,222600,0.0,0.0
2026-05-01 00:00:00-04:00,1.559999942779541,1.6200000047683716,1.559999942779541,1.6100000143051147,93900,0.0,0.0
2026-05-04 00:00:00-04:00,1.6100000143051147,1.6799999475479126,1.5499999523162842,1.6299999952316284,311100,0.0,0.0
2026-05-05 00:00:00-04:00,1.6200000047683716,1.6399999856948853,1.5800000429153442,1.590000033378601,259900,0.0,0.0
2026-05-06 00:00:00-04:00,1.4199999570846558,1.5099999904632568,1.3799999952316284,1.3799999952316284,565000,0.0,0.0
2026-05-07 00:00:00-04:00,1.3899999856948853,1.5299999713897705,1.3799999952316284,1.5299999713897705,248100,0.0,0.0
2026-05-08 00:00:00-04:00,1.5199999809265137,1.5299999713897705,1.4800000190734863,1.5199999809265137,156800,0.0,0.0
2026-05-11 00:00:00-04:00,1.5,1.5,1.440000057220459,1.4900000095367432,125300,0.0,0.0
2026-05-12 00:00:00-04:00,1.4800000190734863,1.4800000190734863,1.440000057220459,1.4600000381469727,90100,0.0,0.0
2026-05-13 00:00:00-04:00,1.440000057220459,1.5,1.399999976158142,1.440000057220459,147100,0.0,0.0
2026-05-14 00:00:00-04:00,1.440000057220459,1.5,1.399999976158142,1.4500000476837158,335800,0.0,0.0
2026-05-15 00:00:00-04:00,1.440000057220459,1.4800000190734863,1.4299999475479126,1.4800000190734863,173800,0.0,0.0
2026-05-18 00:00:00-04:00,1.4600000381469727,1.4700000286102295,1.4199999570846558,1.4500000476837158,98400,0.0,0.0
2026-05-19 00:00:00-04:00,1.440000057220459,1.4900000095367432,1.409999966621399,1.4800000190734863,222700,0.0,0.0
2026-05-20 00:00:00-04:00,1.4800000190734863,1.5,1.440000057220459,1.4600000381469727,296100,0.0,0.0
2026-05-21 00:00:00-04:00,1.4500000476837158,1.4700000286102295,1.4299999475479126,1.4500000476837158,190200,0.0,0.0
2026-05-22 00:00:00-04:00,1.4600000381469727,1.4900000095367432,1.4299999475479126,1.4800000190734863,183800,0.0,0.0
2026-05-26 00:00:00-04:00,1.5,1.5199999809265137,1.4700000286102295,1.4800000190734863,218600,0.0,0.0
2026-05-27 00:00:00-04:00,1.4800000190734863,1.5299999713897705,1.4600000381469727,1.5099999904632568,204800,0.0,0.0
2026-05-28 00:00:00-04:00,1.5299999713897705,1.5399999618530273,1.4800000190734863,1.5099999904632568,287400,0.0,0.0
2026-05-29 00:00:00-04:00,1.4900000095367432,1.5399999618530273,1.4800000190734863,1.4800000190734863,395900,0.0,0.0
2026-06-01 00:00:00-04:00,1.5,1.5,1.4500000476837158,1.4800000190734863,206100,0.0,0.0
2026-06-02 00:00:00-04:00,1.4700000286102295,1.4800000190734863,1.4600000381469727,1.4700000286102295,89200,0.0,0.0
2026-06-03 00:00:00-04:00,1.4600000381469727,1.4700000286102295,1.4199999570846558,1.440000057220459,122100,0.0,0.0
2026-06-04 00:00:00-04:00,1.4199999570846558,1.5,1.409999966621399,1.4600000381469727,179600,0.0,0.0
2026-06-05 00:00:00-04:00,1.4500000476837158,1.4500000476837158,1.350000023841858,1.3600000143051147,121500,0.0,0.0
2026-06-08 00:00:00-04:00,1.3799999952316284,1.3799999952316284,1.340000033378601,1.350000023841858,95000,0.0,0.0
2026-06-09 00:00:00-04:00,1.340000033378601,1.3600000143051147,1.2899999618530273,1.309999942779541,161100,0.0,0.0
2026-06-10 00:00:00-04:00,1.3200000524520874,1.3300000429153442,1.2899999618530273,1.2999999523162842,69200,0.0,0.0
2026-06-11 00:00:00-04:00,1.2899999618530273,1.3600000143051147,1.2899999618530273,1.340000033378601,200200,0.0,0.0
2026-06-12 00:00:00-04:00,1.340000033378601,1.3899999856948853,1.340000033378601,1.340000033378601,92500,0.0,0.0
2026-06-15 00:00:00-04:00,1.340000033378601,1.340000033378601,1.2899999618530273,1.309999942779541,77100,0.0,0.0
2026-06-16 00:00:00-04:00,1.3300000429153442,1.3300000429153442,1.2899999618530273,1.309999942779541,104100,0.0,0.0
2026-06-17 00:00:00-04:00,1.3300000429153442,1.5,1.309999942779541,1.4600000381469727,668600,0.0,0.0
2026-06-18 00:00:00-04:00,1.5,1.600000023841858,1.4700000286102295,1.5399999618530273,831800,0.0,0.0
2026-06-22 00:00:00-04:00,1.559999942779541,2.3499999046325684,1.559999942779541,1.9900000095367432,7755300,0.0,0.0
2026-06-23 00:00:00-04:00,1.899999976158142,2.309999942779541,1.8600000143051147,1.9900000095367432,1069600,0.0,0.0
2026-06-24 00:00:00-04:00,1.9700000286102295,2.0899999141693115,1.9199999570846558,1.9299999475479126,326500,0.0,0.0
2026-06-25 00:00:00-04:00,1.909999966621399,1.9299999475479126,1.7599999904632568,1.909999966621399,291000,0.0,0.0
2026-06-26 00:00:00-04:00,1.8700000047683716,2.1600000858306885,1.8700000047683716,2.1500000953674316,564100,0.0,0.0
2026-06-29 00:00:00-04:00,2.180000066757202,2.180000066757202,2.0,2.059999942779541,197500,0.0,0.0
2026-06-30 00:00:00-04:00,2.059999942779541,2.2799999713897705,2.059999942779541,2.2100000381469727,555100,0.0,0.0
2026-07-01 00:00:00-04:00,2.200000047683716,2.2200000286102295,2.0799999237060547,2.0799999237060547,278800,0.0,0.0
2026-07-02 00:00:00-04:00,2.0799999237060547,2.0799999237060547,1.75,1.8700000047683716,748500,0.0,0.0
2026-07-06 00:00:00-04:00,1.850000023841858,1.899999976158142,1.75,1.850000023841858,183200,0.0,0.0
2026-07-07 00:00:00-04:00,1.840000033378601,1.8600000143051147,1.7799999713897705,1.7799999713897705,73700,0.0,0.0
2026-07-08 00:00:00-04:00,1.75,1.7999999523162842,1.6799999475479126,1.7599999904632568,96500,0.0,0.0
2026-07-09 00:00:00-04:00,1.7699999809265137,1.7699999809265137,1.690000057220459,1.690000057220459,39000,0.0,0.0
2026-07-10 00:00:00-04:00,1.7000000476837158,1.7599999904632568,1.6399999856948853,1.6799999475479126,162600,0.0,0.0
2026-07-13 00:00:00-04:00,1.690000057220459,1.7300000190734863,1.590000033378601,1.590000033378601,126400,0.0,0.0
2026-07-14 00:00:00-04:00,1.5800000429153442,1.649999976158142,1.559999942779541,1.600000023841858,138600,0.0,0.0
2026-07-15 00:00:00-04:00,1.6399999856948853,1.6549999713897705,1.5099999904632568,1.5700000524520874,107240,0.0,0.0
