Date,Open,High,Low,Close,Volume,Dividends,Stock Splits
2022-01-03 00:00:00-05:00,29.72110791823675,30.614286167328913,29.691201708964883,30.02614402770996,391547000,0.0,0.0
2022-01-04 00:00:00-05:00,30.181652811785955,30.37205130388123,28.259724925855497,29.19776153564453,527154000,0.0,0.0
2022-01-05 00:00:00-05:00,28.857830469478007,29.323360707048195,27.44629140730359,27.517066955566406,498064000,0.0,0.0
2022-01-06 00:00:00-05:00,27.55295802996534,28.348445375941616,26.97976990821359,28.089263916015625,454186000,0.0,0.0
2022-01-07 00:00:00-05:00,28.05237553867087,28.33249071472493,26.971787872683233,27.161190032958984,409939000,0.0,0.0
2022-01-10 00:00:00-05:00,26.497288278632688,27.382492201861595,25.563238883232685,27.313709259033203,594681000,0.0,0.0
2022-01-11 00:00:00-05:00,27.236953065488187,27.976616901866414,26.754478046594247,27.72939682006836,404089000,0.0,0.0
2022-01-12 00:00:00-05:00,27.97861047249407,28.50494756627951,27.52105632637495,27.910825729370117,383413000,0.0,0.0
2022-01-13 00:00:00-05:00,28.289629905928102,28.39031167418518,26.41455294503116,26.49131202697754,540171000,0.0,0.0
2022-01-14 00:00:00-05:00,26.217178269218586,27.111354801279813,26.127461534880105,26.85715675354004,395832000,0.0,0.0
2022-01-18 00:00:00-05:00,26.177302480368454,26.554112344866216,25.688845811972694,25.821426391601562,424270000,0.0,0.0
2022-01-19 00:00:00-05:00,25.996872119985937,26.459409683048193,24.97310593684919,24.98805809020996,488315000,0.0,0.0
2022-01-20 00:00:00-05:00,25.224311034871068,25.49844459786639,24.00217033924269,24.073944091796875,435181000,0.0,0.0
2022-01-21 00:00:00-05:00,23.432968898581162,24.74482437792811,23.189737849885887,23.30038833618164,718958000,0.0,0.0
2022-01-24 00:00:00-05:00,22.25967504955575,23.306367476743638,20.82221696787781,23.29839324951172,913982000,0.0,0.0
2022-01-25 00:00:00-05:00,22.474999365021613,22.870750425042836,21.93071925859125,22.253698348999023,664616000,0.0,0.0
2022-01-26 00:00:00-05:00,23.166811526105583,23.98123803745793,22.229771275614063,22.700284957885742,755959000,0.0,0.0
2022-01-27 00:00:00-05:00,23.493785506024345,23.919440934944628,21.60674498365233,21.87489891052246,573353000,0.0,0.0
2022-01-28 00:00:00-05:00,21.942676819297425,22.78601318376408,21.22893211104231,22.768070220947266,543774000,0.0,0.0
2022-01-31 00:00:00-05:00,23.10899000382188,24.431812327350496,22.97940026137151,24.408884048461914,564680000,0.0,0.0
2022-02-01 00:00:00-05:00,25.02494354865154,25.065814798100266,23.814765930647102,24.56041145324707,518925000,0.0,0.0
2022-02-02 00:00:00-05:00,25.712771637079914,25.735698020360548,24.475678597564364,25.16250991821289,543419000,0.0,0.0
2022-02-03 00:00:00-05:00,24.38097948355901,24.99802967321124,23.705115075622988,23.87258529663086,410178000,0.0,0.0
2022-02-04 00:00:00-05:00,23.89650713053911,24.55741930721573,23.557577711661764,24.242414474487305,354829000,0.0,0.0
2022-02-07 00:00:00-05:00,24.29524762592509,25.10269624776117,24.125782912567686,24.650127410888672,376868000,0.0,0.0
2022-02-08 00:00:00-05:00,24.282288838178633,25.150546207819467,23.90448265925914,25.0289306640625,410359000,0.0,0.0
2022-02-09 00:00:00-05:00,25.541309655752155,26.64083667175982,25.27315770145827,26.620899200439453,524282000,0.0,0.0
2022-02-10 00:00:00-05:00,25.913132946632484,26.840202434804148,25.519376491715878,25.7426700592041,513200000,0.0,0.0
2022-02-11 00:00:00-05:00,25.83438755548586,26.06964442204501,23.698136487325115,23.873580932617188,605472000,0.0,0.0
2022-02-14 00:00:00-05:00,23.858625081970295,24.796661591695667,23.680187951780663,24.190576553344727,440424000,0.0,0.0
2022-02-15 00:00:00-05:00,24.870431043038703,26.461405654812495,24.705951642944154,26.411563873291016,699869000,0.0,0.0
2022-02-16 00:00:00-05:00,26.176304019794223,26.498286759029188,25.471529825588878,26.427509307861328,732676000,0.0,0.0
2022-02-17 00:00:00-05:00,25.549283587406155,25.70379613633401,24.088899004953028,24.429821014404297,810595000,0.0,0.0
2022-02-18 00:00:00-05:00,24.590314838865833,24.9073141846699,23.027253892651444,23.567546844482422,761255000,0.0,0.0
2022-02-22 00:00:00-05:00,22.9624597952012,23.988218678165815,22.92757016662024,23.316341400146484,633422000,0.0,0.0
2022-02-23 00:00:00-05:00,23.727046641189006,24.07893566959685,22.23077389493765,22.31650161743164,566511000,0.0,0.0
2022-02-24 00:00:00-05:00,20.94881900592277,23.72504833875335,20.82421265561137,23.6732120513916,735801000,0.0,0.0
2022-02-25 00:00:00-05:00,23.646299107713094,24.14073550496428,23.307369674838906,24.08092498779297,528866000,0.0,0.0
2022-02-28 00:00:00-05:00,23.91644642718018,24.587327391046674,23.632344083996866,24.308208465576172,477319000,0.0,0.0
2022-03-01 00:00:00-05:00,24.214504305072836,24.300233919081215,23.059153777179308,23.403066635131836,412056000,0.0,0.0
2022-03-02 00:00:00-05:00,23.685225970986814,24.336280413234043,23.34524228336605,24.147842407226562,389642000,0.004,0.0
2022-03-03 00:00:00-05:00,24.189712498581102,24.253522895989168,23.39907590712297,23.643346786499023,365095000,0.0,0.0
2022-03-04 00:00:00-05:00,23.314327556846347,23.609445145751835,22.415014662671393,22.86766242980957,431415000,0.0,0.0
2022-03-07 00:00:00-05:00,22.749018838877227,22.964376798114145,21.2664496692882,21.28838348388672,450821000,0.0,0.0
2022-03-08 00:00:00-05:00,21.24551054038405,22.306339565350985,20.58847361397796,21.449899673461914,557467000,0.0,0.0
2022-03-09 00:00:00-05:00,22.3202962123776,23.150814439662312,22.180713956250962,22.9454288482666,492742000,0.0,0.0
2022-03-10 00:00:00-05:00,22.46387173081111,22.720105999777736,21.816805180949956,22.59049415588379,428066000,0.0,0.0
2022-03-11 00:00:00-05:00,22.953408821575593,23.076043457185644,21.980316832138143,22.034156799316406,367209000,0.0,0.0
2022-03-14 00:00:00-04:00,21.80384458359265,22.195673358229172,21.095960818464654,21.266450881958008,385354000,0.0,0.0
2022-03-15 00:00:00-04:00,21.453891221892214,22.969363152831257,21.25847601527962,22.904556274414062,491996000,0.0,0.0
2022-03-16 00:00:00-04:00,23.429986500774472,24.523718332751294,23.10296459283885,24.423019409179688,671422000,0.0,0.0
2022-03-17 00:00:00-04:00,24.04813783867153,24.767984935801795,23.83477472930563,24.69221305847168,471941000,0.0,0.0
2022-03-18 00:00:00-04:00,24.72511591515251,26.489842995481,24.55063805480904,26.374187469482422,730719000,0.0,0.0
2022-03-21 00:00:00-04:00,26.42802540885607,27.07110416186951,25.889633364007818,26.654348373413086,591727000,0.0,0.0
2022-03-22 00:00:00-04:00,26.647369201302396,27.156848316591432,25.994321917033023,26.444974899291992,547007000,0.0,0.0
2022-03-23 00:00:00-04:00,26.04816147769014,26.532713584181124,25.49880439684632,25.557628631591797,502120000,0.0,0.0
2022-03-24 00:00:00-04:00,26.08804686594144,28.235629020172183,25.829817700406597,28.06613540649414,877379000,0.0,0.0
2022-03-25 00:00:00-04:00,27.802917411678866,28.273511278243372,27.189749942659294,27.609495162963867,579016000,0.0,0.0
2022-03-28 00:00:00-04:00,27.67330593129394,28.165833619637276,27.124943427788132,28.134925842285156,425494000,0.0,0.0
2022-03-29 00:00:00-04:00,28.60950867127436,28.85976031919867,27.896638718914144,28.57062530517578,488984000,0.0,0.0
2022-03-30 00:00:00-04:00,28.21967492416321,28.411102336887122,27.421060745065915,27.60750389099121,463487000,0.0,0.0
2022-03-31 00:00:00-04:00,27.69922874957192,28.163840001448694,27.188755016987574,27.2047061920166,523440000,0.0,0.0
2022-04-01 00:00:00-04:00,27.293440575757664,27.414080364707395,26.188741881916698,26.632415771484375,517235000,0.0,0.0
2022-04-04 00:00:00-04:00,26.648369216228314,27.475896299662303,26.533712066907064,27.278486251831055,397120000,0.0,0.0
2022-04-05 00:00:00-04:00,27.172798887898374,27.237605758755578,25.743071345725753,25.853740692138672,436615000,0.0,0.0
2022-04-06 00:00:00-04:00,24.859716112456148,25.22462494159722,23.93149001085727,24.334285736083984,703833000,0.0,0.0
2022-04-07 00:00:00-04:00,24.36818323767015,24.648346195017268,23.40805294497013,24.13587760925293,557992000,0.0,0.0
2022-04-08 00:00:00-04:00,23.84574022331702,23.851722863847915,22.993288112629596,23.05011749267578,524781000,0.0,0.0
2022-04-11 00:00:00-04:00,22.147813889994346,22.2534970579757,21.59546368595663,21.85169792175293,575207000,0.0,0.0
2022-04-12 00:00:00-04:00,22.46985514903304,22.65729475827579,21.218593162457935,21.439931869506836,662258000,0.0,0.0
2022-04-13 00:00:00-04:00,21.66326329916609,22.432962530129032,21.39107597210752,22.1368465423584,516943000,0.0,0.0
2022-04-14 00:00:00-04:00,22.437952508502335,22.709143431724364,21.09995152374365,21.19466781616211,569097000,0.0,0.0
2022-04-18 00:00:00-04:00,21.13683828693259,22.02219119866503,21.016198500677564,21.718101501464844,525701000,0.0,0.0
2022-04-19 00:00:00-04:00,21.655288033662476,22.306342402426626,21.250497509099134,22.131864547729492,512781000,0.0,0.0
2022-04-20 00:00:00-04:00,22.44991555152109,22.602459598625735,21.136839837783892,21.417999267578125,468974000,0.0,0.0
2022-04-21 00:00:00-04:00,21.6443221623934,22.325287868143974,19.940414139309308,20.12286949157715,656209000,0.0,0.0
2022-04-22 00:00:00-04:00,20.24251007228569,20.424965416989473,19.441902979823055,19.456857681274414,624713000,0.0,0.0
2022-04-25 00:00:00-04:00,19.14479141968029,19.885577840769354,19.039108228053102,19.84270668029785,641566000,0.0,0.0
2022-04-26 00:00:00-04:00,19.65925871162989,19.729049871054343,18.61438046339,18.73202896118164,653143000,0.0,0.0
2022-04-27 00:00:00-04:00,18.542591397089467,19.109896444638807,18.235510346277362,18.360137939453125,499460000,0.0,0.0
2022-04-28 00:00:00-04:00,18.910490135420694,19.977303851455268,18.43491199008361,19.72306251525879,570327000,0.0,0.0
2022-04-29 00:00:00-04:00,19.344195296792407,20.06803212955995,18.46183178332937,18.491743087768555,500435000,0.0,0.0
2022-05-02 00:00:00-04:00,18.48576255245507,19.51568405448222,18.336209816554007,19.474807739257812,572049000,0.0,0.0
2022-05-03 00:00:00-04:00,19.342202225014407,19.76593718597662,19.075997486229383,19.54360008239746,475751000,0.0,0.0
2022-05-04 00:00:00-04:00,19.863643621096067,20.339221777103816,18.695134485364377,20.273418426513672,648855000,0.0,0.0
2022-05-05 00:00:00-04:00,19.807811910008564,19.865637775003147,18.44488396034569,18.787858963012695,626331000,0.0,0.0
2022-05-06 00:00:00-04:00,18.680179051563016,19.453866151773262,17.936401353934347,18.619359970092773,633297000,0.0,0.0
2022-05-09 00:00:00-04:00,17.98027188540069,18.20061223010109,16.776867157808468,16.89950180053711,644455000,0.0,0.0
2022-05-10 00:00:00-04:00,17.636299465737004,18.143783810287378,16.974278119895548,17.542579650878906,761474000,0.0,0.0
2022-05-11 00:00:00-04:00,17.295316703632178,17.70010720962238,16.518638315122686,16.58045196533203,670167000,0.0,0.0
2022-05-12 00:00:00-04:00,16.170677698614824,16.73798268883239,15.520620763164581,16.126808166503906,708728000,0.0,0.0
2022-05-13 00:00:00-04:00,16.737985372316167,17.8745884809046,16.5435666197067,17.653249740600586,670437000,0.0,0.0
2022-05-16 00:00:00-04:00,17.456835364759026,17.735003457169242,17.055036163870508,17.21256446838379,521446000,0.0,0.0
2022-05-17 00:00:00-04:00,18.020150928461515,18.316266948710442,17.581463204511554,18.122844696044922,585830000,0.0,0.0
2022-05-18 00:00:00-04:00,17.6522521071145,18.06402177879582,16.813758061200716,16.887537002563477,545161000,0.0,0.0
2022-05-19 00:00:00-04:00,16.88653775929863,17.634303190844598,16.684141563200637,17.072980880737305,621310000,0.0,0.0
2022-05-20 00:00:00-04:00,17.280363930362633,17.35813066451446,15.708061631405265,16.644264221191406,739105000,0.0,0.0
2022-05-23 00:00:00-04:00,16.225514794885957,16.86460579941811,16.13079851441161,16.84765625,639889000,0.0,0.0
2022-05-24 00:00:00-04:00,16.460811455935517,16.547552147553244,15.732985873904111,16.105871200561523,588550000,0.0,0.0
2022-05-25 00:00:00-04:00,15.97227052482503,17.060019607721216,15.952329656354774,16.92442512512207,781132000,0.0,0.0
2022-05-26 00:00:00-04:00,15.988220610755953,18.038094588752674,15.974262384109384,17.797813415527344,996575000,0.0,0.0
2022-05-27 00:00:00-04:00,18.131821105909538,18.824750258238716,18.046076875849245,18.754959106445312,738379000,0.0,0.0
2022-05-31 00:00:00-04:00,18.923450248875827,19.14279599466487,18.295328116993222,18.616369247436523,664100000,0.0,0.0
2022-06-01 00:00:00-04:00,18.668214653926945,18.99623300147652,18.06800706571725,18.265417098999023,544514000,0.0,0.0
2022-06-02 00:00:00-04:00,18.237498762615502,19.560544628460704,18.14377897274522,19.53362464904785,648656000,0.0,0.0
2022-06-03 00:00:00-04:00,19.025149434663984,19.274404605825605,18.466816482062402,18.664226531982422,598779000,0.0,0.0
2022-06-06 00:00:00-04:00,19.081979003796526,19.279389055591135,18.508691344014494,18.730030059814453,422406000,0.0,0.0
2022-06-07 00:00:00-04:00,18.416965795176733,18.9433925831492,18.133811531545238,18.869613647460938,388914000,0.0,0.0
2022-06-08 00:00:00-04:00,18.74695746915526,19.126903243016258,18.48368837591233,18.596376419067383,363252000,0.004,0.0
2022-06-09 00:00:00-04:00,18.429833350813585,18.880581583160353,17.991051027241866,17.998031616210938,395574000,0.0,0.0
2022-06-10 00:00:00-04:00,17.55127599699547,17.648007580932866,16.82229882218963,16.92700958251953,465248000,0.0,0.0
2022-06-13 00:00:00-04:00,15.955701045689514,16.266837489978222,15.562791854181512,15.603678703308105,604153000,0.0,0.0
2022-06-14 00:00:00-04:00,15.68744737975274,16.021519942748558,15.369330314017972,15.792157173156738,469680000,0.0,0.0
2022-06-15 00:00:00-04:00,16.050439932166825,16.821300578805904,15.881908139766276,16.481245040893555,563936000,0.0,0.0
2022-06-16 00:00:00-04:00,15.816091666385807,15.897865381945072,15.358362760963734,15.557808876037598,545749000,0.0,0.0
2022-06-17 00:00:00-04:00,15.604675799839594,15.950715197159008,15.285562074810612,15.836033821105957,630334000,0.0,0.0
2022-06-21 00:00:00-04:00,16.42939011174875,16.960913567479754,16.361577575315028,16.520137786865234,483089000,0.0,0.0
2022-06-22 00:00:00-04:00,16.18107512298737,16.615868797299967,16.135202954286214,16.31470489501953,437135000,0.0,0.0
2022-06-23 00:00:00-04:00,16.473265177528255,16.539082437023865,15.809109627633456,16.18008041381836,463680000,0.0,0.0
2022-06-24 00:00:00-04:00,16.454316515193973,17.092543941061024,16.26484203486428,17.078582763671875,472153000,0.0,0.0
2022-06-27 00:00:00-04:00,17.26407044859053,17.282020263994987,16.579968879448046,16.822296142578125,427968000,0.0,0.0
2022-06-28 00:00:00-04:00,16.853210426478878,17.15437435755345,15.900854507260869,15.937752723693848,461149000,0.0,0.0
2022-06-29 00:00:00-04:00,15.770217280899118,15.776200235548698,15.128000214513376,15.498970031738281,482352000,0.0,0.0
2022-06-30 00:00:00-04:00,15.31847343700277,15.523903457243852,14.820855311845145,15.117033004760742,686070000,0.0,0.0
2022-07-01 00:00:00-04:00,14.857749366858286,15.021294859447558,14.352153126123206,14.482789993286133,577610000,0.0,0.0
2022-07-05 00:00:00-04:00,14.135755105271844,14.929550817854716,14.016087452919178,14.92257022857666,651397000,0.0,0.0
2022-07-06 00:00:00-04:00,14.968444218161782,15.27658874989287,14.748055399282007,15.088111877441406,529066000,0.0,0.0
2022-07-07 00:00:00-04:00,15.413206206908471,15.900851646539978,15.346391326524913,15.814092636108398,492903000,0.0,0.0
2022-07-08 00:00:00-04:00,15.387280900081658,15.99260071355022,15.3463940472355,15.794151306152344,467972000,0.0,0.0
2022-07-11 00:00:00-04:00,15.483013354753316,15.484010989302513,14.996364558759826,15.1100492477417,437321000,0.0,0.0
2022-07-12 00:00:00-04:00,15.225729017833062,15.388277846313347,14.835811736826283,15.040244102478027,458483000,0.0,0.0
2022-07-13 00:00:00-04:00,14.549606661502255,15.332433178961859,14.424952733218012,15.122016906738281,521918000,0.0,0.0
2022-07-14 00:00:00-04:00,15.066171100260284,15.430160316266676,14.68722307156985,15.329440116882324,456235000,0.0,0.0
2022-07-15 00:00:00-04:00,15.615646381948205,15.738305033694623,15.402238169306203,15.718360900878906,385935000,0.0,0.0
2022-07-18 00:00:00-04:00,16.25686498780902,16.850216937133126,15.957696353307478,16.056421279907227,670517000,0.0,0.0
2022-07-19 00:00:00-04:00,16.440356240924725,17.062629156569145,16.127226415976143,16.944955825805664,702366000,0.0,0.0
2022-07-20 00:00:00-04:00,16.900078566553773,17.883348644030917,16.7544828947443,17.7576961517334,760538000,0.0,0.0
2022-07-21 00:00:00-04:00,17.835484504614854,18.093766321144624,17.496425663382336,18.00002670288086,557049000,0.0,0.0
2022-07-22 00:00:00-04:00,17.843461655137467,17.917256187628578,17.089554175506528,17.27105140686035,536671000,0.0,0.0
2022-07-25 00:00:00-04:00,16.971876640001085,17.07658735999903,16.602902166703213,16.976863861083984,480748000,0.0,0.0
2022-07-26 00:00:00-04:00,16.842243731454445,16.87216136295546,16.432382260852247,16.48723030090332,397865000,0.0,0.0
2022-07-27 00:00:00-04:00,16.984844729606653,17.886343144331377,16.866174710818715,17.740747451782227,569776000,0.0,0.0
2022-07-28 00:00:00-04:00,17.925239679284864,18.089781916040348,17.391720887088947,17.934213638305664,474646000,0.0,0.0
2022-07-29 00:00:00-04:00,17.763681512135797,18.19348797443547,17.643016231379985,18.112712860107422,435460000,0.0,0.0
2022-08-01 00:00:00-04:00,18.13166037008038,18.79382347486427,17.940192505913,18.389944076538086,476469000,0.0,0.0
2022-08-02 00:00:00-04:00,18.071827728649904,18.885568560892924,18.041910100984115,18.474708557128906,489527000,0.0,0.0
2022-08-03 00:00:00-04:00,18.133657657387115,18.915487551007924,18.08678689420816,18.840694427490234,418146000,0.0,0.0
2022-08-04 00:00:00-04:00,18.796818231509185,19.220640875313578,18.708063924460507,19.16180419921875,409652000,0.0,0.0
2022-08-05 00:00:00-04:00,18.757920901412877,19.17576145516048,18.614320486775554,18.936426162719727,386068000,0.0,0.0
2022-08-08 00:00:00-04:00,17.45354724017541,18.18850639909418,17.194266811220928,17.74374008178711,981859000,0.0,0.0
2022-08-09 00:00:00-04:00,17.2042332163322,17.398692993146874,16.67769527219368,17.038692474365234,668263000,0.0,0.0
2022-08-10 00:00:00-04:00,17.64900050219798,18.06783774802281,17.269054837998027,18.04689598083496,597422000,0.0,0.0
2022-08-11 00:00:00-04:00,18.080802254514673,18.655207729285816,17.826507193274058,17.892324447631836,509327000,0.0,0.0
2022-08-12 00:00:00-04:00,18.109723796605994,18.66617953381499,17.903296146751718,18.657203674316406,478094000,0.0,0.0
2022-08-15 00:00:00-04:00,18.649226086629287,19.110943606719005,18.56147037086015,18.97930908203125,457666000,0.0,0.0
2022-08-16 00:00:00-04:00,18.867619490970508,19.089004999072056,18.449778881107083,18.826732635498047,451240000,0.0,0.0
2022-08-17 00:00:00-04:00,18.47171611346851,18.636258289146177,18.094762422807918,18.28423500061035,446799000,0.0,0.0
2022-08-18 00:00:00-04:00,18.250332132443727,18.812769810722802,18.13265879882492,18.721025466918945,415447000,0.0,0.0
2022-08-19 00:00:00-04:00,18.35504051013906,18.468725204485096,17.720801686073024,17.799583435058594,441588000,0.0,0.0
2022-08-22 00:00:00-04:00,17.441578126782925,17.509390657788362,16.91902867077679,16.986841201782227,409593000,0.0,0.0
2022-08-23 00:00:00-04:00,16.941968295162376,17.416650378436234,16.923019890108804,17.13343620300293,369986000,0.0,0.0
2022-08-24 00:00:00-04:00,16.96490062655106,17.357810823683003,16.84822587028311,17.174320220947266,522661000,0.0,0.0
2022-08-25 00:00:00-04:00,16.797362880591006,17.897309578124734,16.7863936564912,17.8634033203125,770691000,0.0,0.0
2022-08-26 00:00:00-04:00,17.807557483692953,17.874371409562567,16.192042139496785,16.21497917175293,769127000,0.0,0.0
2022-08-29 00:00:00-04:00,15.97564814658675,16.29276663412164,15.723348333249264,15.757253646850586,496132000,0.0,0.0
2022-08-30 00:00:00-04:00,15.915810189530552,15.994590975996966,15.139964427938404,15.425172805786133,530181000,0.0,0.0
2022-08-31 00:00:00-04:00,15.341409823464284,15.496978080522329,14.91758622911399,15.052212715148926,573710000,0.0,0.0
2022-09-01 00:00:00-04:00,14.169660919691056,14.340187972290808,13.233261435486058,13.898414611816406,1178865000,0.0,0.0
2022-09-02 00:00:00-04:00,14.060964535551635,14.13176711995098,13.553372925822355,13.60921859741211,743157000,0.0,0.0
2022-09-06 00:00:00-04:00,13.692984371926862,13.740851814141763,13.314036323816168,13.42772102355957,535751000,0.0,0.0
2022-09-07 00:00:00-04:00,13.529469898732927,13.803790627120508,13.313006348581766,13.680096626281738,512657000,0.004,0.0
2022-09-08 00:00:00-04:00,13.425725497360691,13.973368965250524,13.335948799799713,13.955412864685059,624873000,0.0,0.0
2022-09-09 00:00:00-04:00,14.121999030627672,14.438215695022928,14.091076486708564,14.351430892944336,486612000,0.0,0.0
2022-09-12 00:00:00-04:00,14.333476599142045,14.511036035425132,14.162898875313989,14.46914005279541,484159000,0.0,0.0
2022-09-13 00:00:00-04:00,13.767878093148786,13.887581309355834,13.06661601426547,13.098536491394043,714956000,0.0,0.0
2022-09-14 00:00:00-04:00,13.221231803218423,13.257143051448159,12.881075254382225,13.09554386138916,588507000,0.0,0.0
2022-09-15 00:00:00-04:00,12.982824382811994,13.200284898230091,12.758380252068209,12.8970365524292,523625000,0.0,0.0
2022-09-16 00:00:00-04:00,12.710497968812046,13.179336268504516,12.585807002502516,13.16537094116211,670751000,0.0,0.0
2022-09-19 00:00:00-04:00,12.97983183509863,13.429717086609914,12.977836924096026,13.348917007446289,569685000,0.0,0.0
2022-09-20 00:00:00-04:00,13.182330992088998,13.449668111931604,13.024721595787252,13.143426895141602,524818000,0.0,0.0
2022-09-21 00:00:00-04:00,13.180335452104883,13.99631305335464,13.07758944681726,13.228216171264648,807679000,0.0,0.0
2022-09-22 00:00:00-04:00,13.03768878499316,13.116493957539719,12.397276654319372,12.529947280883789,759162000,0.0,0.0
2022-09-23 00:00:00-04:00,12.389295442898492,12.579823238873681,12.22669830375946,12.485057830810547,663309000,0.0,0.0
2022-09-26 00:00:00-04:00,12.460119453590893,12.627704338358164,12.183803837251507,12.197769165039062,547343000,0.0,0.0
2022-09-27 00:00:00-04:00,12.47607929062904,12.70451323216134,12.227695289178223,12.382311820983887,553854000,0.0,0.0
2022-09-28 00:00:00-04:00,12.379319288548018,12.791298357950701,12.323457977799615,12.704513549804688,542414000,0.0,0.0
2022-09-29 00:00:00-04:00,12.417225794477423,12.469097284845578,11.916466992118151,12.189789772033691,532763000,0.0,0.0
2022-09-30 00:00:00-04:00,12.057117275528151,12.601767882452046,12.045146859340639,12.108988761901855,565638000,0.0,0.0
2022-10-03 00:00:00-04:00,12.316475611950034,12.646657634128852,12.075073310975306,12.481067657470703,547478000,0.0,0.0
2022-10-04 00:00:00-04:00,12.847159012438114,13.187316515119232,12.847159012438114,13.13444709777832,584182000,0.0,0.0
2022-10-05 00:00:00-04:00,12.87908219169331,13.288068453828838,12.589799156184034,13.176344871520996,507131000,0.0,0.0
2022-10-06 00:00:00-04:00,13.187317554392024,13.622239538294219,13.07060622540916,13.097539901733398,644157000,0.0,0.0
2022-10-07 00:00:00-04:00,12.474084749119333,12.638676791416017,11.992279039061453,12.04614543914795,672478000,0.0,0.0
2022-10-10 00:00:00-04:00,12.007240867482555,12.094025672565365,11.379796220873162,11.641148567199707,698699000,0.0,0.0
2022-10-11 00:00:00-04:00,11.532417118510912,11.816712348676244,11.255104551505667,11.557355880737305,667482000,0.0,0.0
2022-10-12 00:00:00-04:00,11.550377105621642,11.705990658240452,11.316955349718189,11.471571922302246,492590000,0.0,0.0
2022-10-13 00:00:00-04:00,10.943876148054613,12.048139665363264,10.786266778590695,11.930431365966797,850103000,0.0,0.0
2022-10-14 00:00:00-04:00,12.0271914472458,12.081057843251315,11.176300644723986,11.199243545532227,713432000,0.0,0.0
2022-10-17 00:00:00-04:00,11.489524053285416,11.9184612819513,11.488527073512962,11.858609199523926,580774000,0.0,0.0
2022-10-18 00:00:00-04:00,12.313482956867912,12.461116834509994,11.589277945577948,11.93741512298584,659362000,0.0,0.0
2022-10-19 00:00:00-04:00,11.84963214701234,12.319468398644798,11.804743321043421,12.021206855773926,523131000,0.0,0.0
2022-10-20 00:00:00-04:00,12.083051675521514,12.737429914885366,12.075071081844804,12.163851737976074,652398000,0.0,0.0
2022-10-21 00:00:00-04:00,12.068090417832614,12.467102092739703,11.85761257031653,12.4351806640625,609494000,0.0,0.0
2022-10-24 00:00:00-04:00,12.477077391333092,12.678577660700563,12.034174829585528,12.567852020263672,517457000,0.0,0.0
2022-10-25 00:00:00-04:00,12.662618457515958,13.267120266355917,12.632691937809854,13.228216171264648,505482000,0.0,0.0
2022-10-26 00:00:00-04:00,12.837183946889244,13.354899906667043,12.676581741774218,12.864116668701172,532953000,0.0,0.0
2022-10-27 00:00:00-04:00,13.596305021274278,13.803791001482493,13.089560488943963,13.143426895141602,583113000,0.0,0.0
2022-10-28 00:00:00-04:00,13.071605948213215,13.815762065346776,13.028712026970018,13.799800872802734,521040000,0.0,0.0
2022-10-31 00:00:00-04:00,13.743939008555648,13.803791099933628,13.264128151560408,13.46363353729248,486341000,0.0,0.0
2022-11-01 00:00:00-04:00,13.776856684484033,13.890575176364532,13.485578741755033,13.509519577026367,432817000,0.0,0.0
2022-11-02 00:00:00-04:00,13.815759886644688,14.174869538553562,13.17833970749939,13.186319351196289,672628000,0.0,0.0
2022-11-03 00:00:00-04:00,13.010755424842653,13.746930863679363,12.923970612064814,13.38782024383545,500065000,0.0,0.0
2022-11-04 00:00:00-04:00,13.951423355113537,14.1938226319805,13.663137321682004,14.121003150939941,612576000,0.0,0.0
2022-11-07 00:00:00-05:00,14.19282459299917,14.376369715229352,13.919502771881342,14.265644073486328,410061000,0.0,0.0
2022-11-08 00:00:00-05:00,14.76440920283428,14.85418686064914,14.180855378354366,14.565901756286621,595292000,0.0,0.0
2022-11-09 00:00:00-05:00,14.126988780724597,14.175868382440134,13.724985188452262,13.741943359375,454414000,0.0,0.0
2022-11-10 00:00:00-05:00,14.76341213300267,15.734006289264514,14.51103733225041,15.711063385009766,700819000,0.0,0.0
2022-11-11 00:00:00-05:00,15.767922381770838,16.348483351245335,15.443726031126113,16.286636352539062,655487000,0.0,0.0
2022-11-14 00:00:00-05:00,16.177903764636575,16.499108168761815,15.882635102124247,16.25471305847168,527852000,0.0,0.0
2022-11-15 00:00:00-05:00,16.68065721766376,16.955973916165302,16.34149766989013,16.62479591369629,545876000,0.0,0.0
2022-11-16 00:00:00-05:00,16.122044306055884,16.321548716407033,15.833758273609781,15.87066650390625,649547000,0.0,0.0
2022-11-17 00:00:00-05:00,15.676147926956387,16.225786282199604,15.496592636887353,15.6382417678833,710894000,0.0,0.0
2022-11-18 00:00:00-05:00,15.926529043321702,15.962441247903389,15.082620775152405,15.370906829833984,492072000,0.0,0.0
2022-11-21 00:00:00-05:00,15.1095521073422,15.43873616621096,15.0427173645285,15.279131889343262,404739000,0.0,0.0
2022-11-22 00:00:00-05:00,15.290104492204474,16.018300200179006,15.084613460927303,15.9983491897583,472866000,0.0,0.0
2022-11-23 00:00:00-05:00,16.05820212549382,16.486142404800624,16.008326496462395,16.478160858154297,427241000,0.0,0.0
2022-11-25 00:00:00-05:00,16.277658047637875,16.44623895293213,16.13201909254946,16.22977638244629,167934000,0.0,0.0
2022-11-28 00:00:00-05:00,15.986376858031377,16.316559781885694,15.686122350635678,15.787869453430176,303741000,0.0,0.0
2022-11-29 00:00:00-05:00,15.787871013684132,15.89261191979211,15.48163079273218,15.600336074829102,298384000,0.0,0.0
2022-11-30 00:00:00-05:00,15.662196453752513,16.892463422668655,15.562418742832724,16.885478973388672,565298000,0.004,0.0
2022-12-01 00:00:00-05:00,16.96131529301092,17.226724437822572,16.5981219285695,17.097013473510742,470977000,0.0,0.0
2022-12-02 00:00:00-05:00,16.622066938764753,16.895459640770735,16.408540682249722,16.838584899902344,371389000,0.0,0.0
2022-12-05 00:00:00-05:00,16.64202269753776,16.95732209492753,16.435480895818028,16.57317543029785,352255000,0.0,0.0
2022-12-06 00:00:00-05:00,16.493352558842304,16.536256494140442,15.783928452332743,15.951556205749512,352694000,0.0,0.0
2022-12-07 00:00:00-05:00,15.737031971375904,16.150114595724432,15.632264273659429,16.084260940551758,372388000,0.0,0.0
2022-12-08 00:00:00-05:00,16.236920451403726,17.14091181811326,15.923615566766111,17.13093376159668,515456000,0.0,0.0
2022-12-09 00:00:00-05:00,17.121954302942694,17.54401680190964,16.937365000489294,16.963306427001953,465338000,0.0,0.0
2022-12-12 00:00:00-05:00,16.999231007459425,17.49911978299442,16.759763296368646,17.496126174926758,457328000,0.0,0.0
2022-12-13 00:00:00-05:00,18.48991676619764,18.7483433376604,17.671735017061216,18.03193473815918,656589000,0.0,0.0
2022-12-14 00:00:00-05:00,17.94712099776623,18.211534767204142,17.38137864220524,17.634815216064453,496888000,0.0,0.0
2022-12-15 00:00:00-05:00,17.107985485394817,17.281599496574888,16.662975165285864,16.91441535949707,478542000,0.0,0.0
2022-12-16 00:00:00-05:00,16.826611361927757,17.003218983176044,16.373617447522786,16.534259796142578,478232000,0.0,0.0
2022-12-19 00:00:00-05:00,16.535254115842392,16.572170824413767,16.109200890531405,16.217958450317383,354039000,0.0,0.0
2022-12-20 00:00:00-05:00,16.028385941930914,16.27384085919094,15.81685699546008,16.049339294433594,403260000,0.0,0.0
2022-12-21 00:00:00-05:00,16.07827163091564,16.590134671337612,16.066297202560737,16.464412689208984,325025000,0.0,0.0
2022-12-22 00:00:00-05:00,16.0583199304805,16.10222300797655,14.849007005999164,15.304993629455566,565045000,0.0,0.0
2022-12-23 00:00:00-05:00,15.162309883054668,15.304992495444772,14.850004092190744,15.172287940979004,349326000,0.0,0.0
2022-12-27 00:00:00-05:00,15.040581290027674,15.066523670848282,14.024837595300793,14.089694023132324,464902000,0.0,0.0
2022-12-28 00:00:00-05:00,13.896123310795858,14.230380640006066,13.853218422811985,14.004881858825684,351066000,0.0,0.0
2022-12-29 00:00:00-05:00,14.370068832497605,14.650444994919857,14.195456645859789,14.570622444152832,354923000,0.0,0.0
2022-12-30 00:00:00-05:00,14.302219345783994,14.596565369641379,14.201443443017887,14.581599235534668,310490000,0.0,0.0
2023-01-03 00:00:00-05:00,14.818075144951218,14.962754136499147,14.064748866809973,14.283263206481934,401277000,0.0,0.0
2023-01-04 00:00:00-05:00,14.534704309371103,14.820069526606867,14.209426861493185,14.716300010681152,431324000,0.0,0.0
2023-01-05 00:00:00-05:00,14.458873382334806,14.531711494421922,14.116633408077806,14.23337459564209,389168000,0.0,0.0
2023-01-06 00:00:00-05:00,14.441909831289994,14.976721722809424,14.002885769126838,14.826056480407715,405044000,0.0,0.0
2023-01-09 00:00:00-05:00,15.250116050155102,16.020403900966134,15.107432477127848,15.593353271484375,504231000,0.0,0.0
2023-01-10 00:00:00-05:00,15.472619594978903,15.926610744079499,15.437697345288079,15.87372875213623,384101000,0.0,0.0
2023-01-11 00:00:00-05:00,15.804881372380587,15.992464284529852,15.528495081310508,15.965523719787598,353285000,0.0,0.0
2023-01-12 00:00:00-05:00,16.064305755567425,16.60011394726638,15.457652972865747,16.474393844604492,551409000,0.0,0.0
2023-01-13 00:00:00-05:00,16.241910621869895,16.884483841910928,16.129162184625386,16.861534118652344,447287000,0.0,0.0
2023-01-17 00:00:00-05:00,16.861536645437063,17.688699300985697,16.861536645437063,17.662755966186523,511102000,0.0,0.0
2023-01-18 00:00:00-05:00,17.627834203643413,17.8333769022018,17.24368747395342,17.338478088378906,439624000,0.0,0.0
2023-01-19 00:00:00-05:00,16.998229980422312,17.158874241400532,16.693907773124163,16.72783088684082,452932000,0.0,0.0
2023-01-20 00:00:00-05:00,16.973284656262667,17.816412427942808,16.787698117134013,17.799449920654297,564967000,0.0,0.0
2023-01-23 00:00:00-05:00,18.023954731552497,19.202338339087234,17.778501680528674,19.150453567504883,655163000,0.0,0.0
2023-01-24 00:00:00-05:00,18.78526133289635,19.451781589199925,18.778276881927304,19.2222900390625,496204000,0.0,0.0
2023-01-25 00:00:00-05:00,18.871068158440618,19.3270556760891,18.538806268911344,19.28015899658203,449537000,0.0,0.0
2023-01-26 00:00:00-05:00,19.657320791237296,20.121289984084356,19.235258296776955,19.75809669494629,489535000,0.0,0.0
2023-01-27 00:00:00-05:00,19.418849333138702,20.582264478452693,19.361976503519905,20.319847106933594,542142000,0.0,0.0
2023-01-30 00:00:00-05:00,19.905769395745818,20.09534677439952,19.10754194271611,19.119516372680664,488611000,0.0,0.0
2023-01-31 00:00:00-05:00,19.12750161644277,19.643355663941833,18.907990025151328,19.493688583374023,498017000,0.0,0.0
2023-02-01 00:00:00-05:00,19.647343286751223,21.14501488817615,19.567520729990026,20.896568298339844,660477000,0.0,0.0
2023-02-02 00:00:00-05:00,20.953438165318428,21.90033342006355,20.654104095633148,21.660865783691406,564276000,0.0,0.0
2023-02-03 00:00:00-05:00,20.953438276075058,21.69678728086083,20.742905669015506,21.0532169342041,429366000,0.0,0.0
2023-02-06 00:00:00-05:00,20.7598742206852,21.522180421955568,20.739918102623005,21.042247772216797,452197000,0.0,0.0
2023-02-07 00:00:00-05:00,21.334591862152934,22.209648187259784,21.10310590169532,22.123838424682617,664150000,0.0,0.0
2023-02-08 00:00:00-05:00,22.33736696829217,22.827279543884256,21.959207503696422,22.155771255493164,559651000,0.0,0.0
2023-02-09 00:00:00-05:00,22.555880179506847,22.968961841072108,22.07095764976335,22.2874755859375,523876000,0.0,0.0
2023-02-10 00:00:00-05:00,21.641914381705053,22.029052780138088,20.764863390521825,21.21785545349121,550737000,0.0,0.0
2023-02-13 00:00:00-05:00,21.490248862723064,21.999118385629707,20.915525681631326,21.739694595336914,474919000,0.0,0.0
2023-02-14 00:00:00-05:00,21.530159368940577,22.99789874171555,21.318629492503824,22.920072555541992,675474000,0.0,0.0
2023-02-15 00:00:00-05:00,22.499006113761624,22.804327433692144,22.056989406086455,22.713529586791992,420575000,0.0,0.0
2023-02-16 00:00:00-05:00,22.083934299134295,22.50000969787394,21.878391590560472,21.95322608947754,412026000,0.0,0.0
2023-02-17 00:00:00-05:00,21.58304317749563,21.691800771351655,20.92849743532747,21.3405818939209,465888000,0.0,0.0
2023-02-21 00:00:00-05:00,20.953443519073346,21.446347815635267,20.57229043408108,20.609209060668945,410015000,0.0,0.0
2023-02-22 00:00:00-05:00,20.661090150563847,21.05720930150761,20.375723053454355,20.707984924316406,513184000,0.0,0.0
2023-02-23 00:00:00-05:00,23.388033612605756,23.8350403425162,22.973952761903,23.611536026000977,1117995000,0.0,0.0
2023-02-24 00:00:00-05:00,23.17350751127071,23.421955993730073,22.89612399551086,23.234371185302734,589716000,0.0,0.0
2023-02-27 00:00:00-05:00,23.617520428698207,23.827053916300855,23.401999726272685,23.448894500732422,452994000,0.0,0.0
2023-02-28 00:00:00-05:00,23.320184085898383,23.772180806302725,23.15455174201123,23.16452980041504,455963000,0.0,0.0
2023-03-01 00:00:00-05:00,23.140582657134395,23.204441849787724,22.458099073317108,22.64767837524414,460026000,0.0,0.0
2023-03-02 00:00:00-05:00,22.438144871095187,23.328165597904217,22.382267363825353,23.262311935424805,389415000,0.0,0.0
2023-03-03 00:00:00-05:00,23.26829452098923,23.847008467110722,23.07871525669022,23.8370304107666,412393000,0.0,0.0
2023-03-06 00:00:00-05:00,23.83803229096399,24.19423923751773,23.43492676138987,23.501779556274414,437429000,0.0,0.0
2023-03-07 00:00:00-05:00,23.55167395870932,24.075598519904673,23.19340793639445,23.240312576293945,515154000,0.004,0.0
2023-03-08 00:00:00-05:00,23.438905826491442,24.150447084590173,23.37603510396069,24.131484985351562,513573000,0.0,0.0
2023-03-09 00:00:00-05:00,24.125499097663184,24.403929057492398,23.33512096029611,23.38801383972168,501257000,0.0,0.0
2023-03-10 00:00:00-05:00,23.36106942050816,23.578623466893095,22.679467330163575,22.917978286743164,474866000,0.0,0.0
2023-03-13 00:00:00-04:00,22.70541520633813,23.250296778148737,22.251346912588748,22.918975830078125,421890000,0.0,0.0
2023-03-14 00:00:00-04:00,23.44789249237886,24.169411731602075,23.411964998999608,24.013731002807617,474910000,0.0,0.0
2023-03-15 00:00:00-04:00,23.712347660414334,24.23627231190452,23.312169659954225,24.17839241027832,524486000,0.0,0.0
2023-03-16 00:00:00-04:00,23.977806480435152,25.535609338613927,23.84507746574005,25.488706588745117,583253000,0.0,0.0
2023-03-17 00:00:00-04:00,25.9287988632653,26.3449448193976,25.61544073749828,25.672325134277344,848547000,0.0,0.0
2023-03-20 00:00:00-04:00,25.562549518958868,25.970712430849073,25.07854201438664,25.846965789794922,432747000,0.0,0.0
2023-03-21 00:00:00-04:00,26.12639693275394,26.337962757604163,25.329033093000934,26.145357131958008,547408000,0.0,0.0
2023-03-22 00:00:00-04:00,26.37088997719431,27.532507969585293,26.183275210273973,26.413803100585938,797295000,0.0,0.0
2023-03-23 00:00:00-04:00,27.05948178238723,27.442696318613994,26.635352731683053,27.135326385498047,564889000,0.0,0.0
2023-03-24 00:00:00-04:00,26.975655534647398,27.11137676176223,26.301039016509158,26.724170684814453,454920000,0.0,0.0
2023-03-27 00:00:00-04:00,26.782048221700336,26.944714568093122,26.311014571134052,26.476675033569336,361026000,0.0,0.0
2023-03-28 00:00:00-04:00,26.392851412554858,26.4587162651786,25.797073622443282,26.355926513671875,356104000,0.0,0.0
2023-03-29 00:00:00-04:00,26.770078043139726,27.022558394921944,26.542544221094687,26.92875099182129,393694000,0.0,0.0
2023-03-30 00:00:00-04:00,27.17324699449219,27.44269460926943,27.04650622795167,27.32693099975586,364516000,0.0,0.0
2023-03-31 00:00:00-04:00,27.08442659853217,27.77700578403353,27.049498418004845,27.720123291015625,433933000,0.0,0.0
2023-04-03 00:00:00-04:00,27.45267583533266,27.942669731519793,27.28002971948546,27.90774154663086,398716000,0.0,0.0
2023-04-04 00:00:00-04:00,27.908739678999307,27.942670460474673,27.251088574745484,27.39678955078125,368592000,0.0,0.0
2023-04-05 00:00:00-04:00,26.77406658654195,26.9427192704289,26.3409552107088,26.825960159301758,515015000,0.0,0.0
2023-04-06 00:00:00-04:00,26.52956827718351,27.024552994988376,26.372890149473246,26.98164176940918,397654000,0.0,0.0
2023-04-10 00:00:00-04:00,26.76807521785466,27.56444150970001,26.614391229529172,27.52252769470215,395279000,0.0,0.0
2023-04-11 00:00:00-04:00,27.667232866582555,27.733097708803008,27.07045586293639,27.11336898803711,314378000,0.0,0.0
2023-04-12 00:00:00-04:00,27.313958486817846,27.4117573972983,26.393845475280525,26.440750122070312,446259000,0.0,0.0
2023-04-13 00:00:00-04:00,26.679254629480894,26.831941201476347,26.275085187583688,26.408809661865234,353615000,0.0,0.0
2023-04-14 00:00:00-04:00,26.44973308930692,26.827956802039857,26.16631417997646,26.70321273803711,395660000,0.0,0.0
2023-04-17 00:00:00-04:00,26.510605128627287,26.95070210668743,26.37887544680579,26.94671058654785,321471000,0.0,0.0
2023-04-18 00:00:00-04:00,27.476625156577658,28.05244337278638,27.30098493529646,27.610349655151367,604812000,0.0,0.0
2023-04-19 00:00:00-04:00,27.304975350464428,27.94266686552096,27.176239781728775,27.873807907104492,358660000,0.0,0.0
2023-04-20 00:00:00-04:00,27.61434236358742,27.972608458107462,26.9447167273433,27.048503875732422,427713000,0.0,0.0
2023-04-21 00:00:00-04:00,26.896812971013922,27.127340875735126,26.66728437395246,27.0634708404541,345103000,0.0,0.0
2023-04-24 00:00:00-04:00,26.9576876302619,27.309963550008472,26.616386963271044,26.98662757873535,339282000,0.0,0.0
2023-04-25 00:00:00-04:00,27.022557264988468,27.191211864022204,26.17130503524893,26.187271118164062,378527000,0.0,0.0
2023-04-26 00:00:00-04:00,26.94671176186849,27.274039268907778,26.65031901312097,26.90080451965332,406337000,0.0,0.0
2023-04-27 00:00:00-04:00,27.306972360442714,27.43870204664904,26.57048262204744,27.170251846313477,377161000,0.0,0.0
2023-04-28 00:00:00-04:00,27.169255299832017,27.701162985929276,27.015569392110717,27.692182540893555,292216000,0.0,0.0
2023-05-01 00:00:00-04:00,27.782996461743867,28.99850296142685,27.723119847489293,28.850805282592773,570329000,0.0,0.0
2023-05-02 00:00:00-04:00,28.621275795478528,28.776956510510566,28.025498077141993,28.152236938476562,402730000,0.0,0.0
2023-05-03 00:00:00-04:00,27.782999437071194,28.308920862835034,27.415752864345812,27.74507713317871,383387000,0.0,0.0
2023-05-04 00:00:00-04:00,27.594382208198148,27.80195650009337,27.184224452575453,27.505565643310547,321850000,0.0,0.0
2023-05-05 00:00:00-04:00,27.769021662211923,28.696118323225086,27.674216876393494,28.621273040771484,361494000,0.0,0.0
2023-05-08 00:00:00-04:00,28.46359684267218,29.160167550884644,28.291950055367597,29.09130859375,344979000,0.0,0.0
2023-05-09 00:00:00-04:00,28.83982635316878,28.91367423632623,28.3917463228912,28.512496948242188,314869000,0.0,0.0
2023-05-10 00:00:00-04:00,28.94560847700235,29.053389041510602,28.402723651406696,28.825855255126953,369350000,0.0,0.0
2023-05-11 00:00:00-04:00,28.8368313012262,28.890721581405018,28.188162647959096,28.519481658935547,322149000,0.0,0.0
2023-05-12 00:00:00-04:00,28.470585077894096,28.721072500751447,27.988574237391727,28.281972885131836,274222000,0.0,0.0
2023-05-15 00:00:00-04:00,28.449630148158924,28.90968670611311,28.094360052477484,28.893718719482422,293926000,0.0,0.0
2023-05-16 00:00:00-04:00,28.781946830273363,29.808841156723194,28.77296638486964,29.15318489074707,449405000,0.0,0.0
2023-05-17 00:00:00-04:00,29.523419792707706,30.137160214553944,29.36973581208555,30.11620330810547,432535000,0.0,0.0
2023-05-18 00:00:00-04:00,30.347732971846412,31.76282877397273,30.257917101676483,31.613136291503906,748725000,0.0,0.0
2023-05-19 00:00:00-04:00,31.47142600851462,31.51533653819643,30.852696589930833,31.199983596801758,473908000,0.0,0.0
2023-05-22 00:00:00-04:00,30.837725120407754,31.455459020418363,30.61717888104211,31.112163543701172,372000000,0.0,0.0
2023-05-23 00:00:00-04:00,30.936523538862662,31.22393392865523,30.568279631249496,30.62516212463379,356253000,0.0,0.0
2023-05-24 00:00:00-04:00,30.14814396527104,30.54433236973777,29.744971827236576,30.475473403930664,721419000,0.0,0.0
2023-05-25 00:00:00-04:00,38.44411282801005,39.39915384948789,36.559978517772215,37.902225494384766,1543911000,0.0,0.0
2023-05-26 00:00:00-04:00,37.81241541975771,39.08979325980009,37.47311145513567,38.86625289916992,714397000,0.0,0.0
2023-05-30 00:00:00-04:00,40.511872036620545,41.852120390586535,39.86719498674433,40.02886199951172,923401000,0.0,0.0
2023-05-31 00:00:00-04:00,39.40714734389047,40.212494220771234,37.7445581109248,37.756534576416016,1002580000,0.0,0.0
2023-06-01 00:00:00-04:00,38.41018533563602,39.967989732477896,38.261492175606385,39.68856430053711,635873000,0.0,0.0
2023-06-02 00:00:00-04:00,40.01490294369922,40.417077693745,38.97802879731639,39.24647903442383,482731000,0.0,0.0
2023-06-05 00:00:00-04:00,38.829332843104154,39.483987893521245,38.62774678025024,39.090797424316406,396094000,0.0,0.0
2023-06-06 00:00:00-04:00,38.75050177628396,39.07982415887529,38.06989507940597,38.574859619140625,388729000,0.0,0.0
2023-06-07 00:00:00-04:00,38.83933255229278,39.422196626647725,37.28336203456749,37.402130126953125,511998000,0.004,0.0
2023-06-08 00:00:00-04:00,37.650659835337656,38.78844295333315,37.4320876337174,38.43513107299805,417772000,0.0,0.0
2023-06-09 00:00:00-04:00,38.96109353851752,39.63378277087799,38.49201001557308,38.69461441040039,427717000,0.0,0.0
2023-06-12 00:00:00-04:00,39.12378588583667,39.453142301230535,38.542916712430916,39.405235290527344,388701000,0.0,0.0
2023-06-13 00:00:00-04:00,40.107868537313834,41.021090447407424,39.662736532909214,40.94224166870117,613208000,0.0,0.0
2023-06-14 00:00:00-04:00,40.744623565348384,42.91639126476324,40.47314927155152,42.91339874267578,740465000,0.0,0.0
2023-06-15 00:00:00-04:00,42.51918026033141,43.20484496389042,42.06506298102736,42.5700798034668,568622000,0.0,0.0
2023-06-16 00:00:00-04:00,43.3655191410193,43.63599213320871,42.5780517641451,42.60899353027344,655709000,0.0,0.0
2023-06-20 00:00:00-04:00,42.914401391724816,43.90447325497645,42.591030025374586,43.72282409667969,451153000,0.0,0.0
2023-06-21 00:00:00-04:00,43.41641836747542,43.530198935249985,41.998183661789234,42.9613037109375,551603000,0.0,0.0
2023-06-22 00:00:00-04:00,42.170846843287116,43.341566542076215,42.15188658669768,42.941349029541016,417737000,0.0,0.0
2023-06-23 00:00:00-04:00,42.3814316538767,42.72575823031128,41.93330340139626,42.12692642211914,358140000,0.0,0.0
2023-06-26 00:00:00-04:00,42.378431988802625,42.680844198284284,40.02202295548009,40.5529899597168,594322000,0.0,0.0
2023-06-27 00:00:00-04:00,40.71967293420545,41.858453292545065,40.369357466339395,41.794578552246094,462175000,0.0,0.0
2023-06-28 00:00:00-04:00,40.58095133712179,41.76364890830749,40.43922910988901,41.03706359863281,582639000,0.0,0.0
2023-06-29 00:00:00-04:00,41.47719520674288,41.51911336113598,40.521057714884826,40.74262619018555,380514000,0.0,0.0
2023-06-30 00:00:00-04:00,41.59896098123988,42.467268355429134,41.420308161971434,42.219749450683594,501148000,0.0,0.0
2023-07-03 00:00:00-04:00,42.43433377598921,42.81459352699216,42.11994759159172,42.330535888671875,198209000,0.0,0.0
2023-07-05 00:00:00-04:00,42.053080590984536,43.09305457985884,42.003178561095986,42.2347297668457,323618000,0.0,0.0
2023-07-06 00:00:00-04:00,41.76263816259273,42.096985857789875,41.26560540265061,42.02113342285156,303582000,0.0,0.0
2023-07-07 00:00:00-04:00,42.239708925322894,43.12997664792233,42.097986731680244,42.42035675048828,355881000,0.0,0.0
2023-07-10 00:00:00-04:00,42.574069582991044,42.72776951271603,41.568026064774784,42.09799575805664,353908000,0.0,0.0
2023-07-11 00:00:00-04:00,42.39840417547179,42.67486603723535,41.985211451319245,42.32255172729492,298244000,0.0,0.0
2023-07-12 00:00:00-04:00,42.949329116868,43.84957572671799,42.69382635632928,43.8166389465332,481277000,0.0,0.0
2023-07-13 00:00:00-04:00,44.43145207784274,46.065266739732245,44.40550165096542,45.88761520385742,478204000,0.0,0.0
2023-07-14 00:00:00-04:00,46.49243252940778,47.994507542631396,44.97239476607481,45.38059997558594,772075000,0.0,0.0
2023-07-17 00:00:00-04:00,46.1990038397671,46.40559830268811,45.1740001632929,46.37066650390625,510488000,0.0,0.0
2023-07-18 00:00:00-04:00,46.61019215993459,47.802868230083774,45.64507339337393,47.401649475097656,569164000,0.0,0.0
2023-07-19 00:00:00-04:00,47.37171073363014,47.7250225002053,46.65111448328101,46.9854621887207,427502000,0.0,0.0
2023-07-20 00:00:00-04:00,46.41657614955658,46.99545027981004,44.974385975713794,45.431495666503906,537865000,0.0,0.0
2023-07-21 00:00:00-04:00,45.698975360580505,45.77682663388391,44.014257511133955,44.22285079956055,963769000,0.0,0.0
2023-07-24 00:00:00-04:00,44.644025212328465,45.02129240158318,43.95437069346409,44.5252571105957,382516000,0.0,0.0
2023-07-25 00:00:00-04:00,44.853615497223345,46.09319723787971,44.83564894429917,45.590179443359375,348081000,0.0,0.0
2023-07-26 00:00:00-04:00,45.93151075015581,45.963450017688764,44.54321674708619,45.363616943359375,364237000,0.0,0.0
2023-07-27 00:00:00-04:00,46.42855262404122,47.30284884094631,45.66104681024001,45.81075668334961,455976000,0.0,0.0
2023-07-28 00:00:00-04:00,46.57725828817055,46.93556140812505,46.290817578046465,46.65909957885742,331194000,0.0,0.0
2023-07-31 00:00:00-04:00,46.66309454574556,47.03836291442901,46.41557565297474,46.63814163208008,251055000,0.0,0.0
2023-08-01 00:00:00-04:00,46.369666884333206,46.8088138287661,45.93751010661882,46.41657638549805,237858000,0.0,0.0
2023-08-02 00:00:00-04:00,45.741897261987354,45.75087863735261,43.302648610435476,44.18293380737305,530142000,0.0,0.0
2023-08-03 00:00:00-04:00,43.71483776411609,45.03027593449394,43.71483776411609,44.42844772338867,324176000,0.0,0.0
2023-08-04 00:00:00-04:00,44.897535492129286,45.55325576078865,44.30668747221976,44.5931282043457,362666000,0.0,0.0
2023-08-07 00:00:00-04:00,45.02329239286848,45.45145915668349,44.47635751419299,45.328697204589844,322154000,0.0,0.0
2023-08-08 00:00:00-04:00,44.76578774990283,45.154031311172126,43.970336566145846,44.57715606689453,353843000,0.0,0.0
2023-08-09 00:00:00-04:00,44.187917131866904,44.22584525940291,42.05207850406444,42.47126388549805,586449000,0.0,0.0
2023-08-10 00:00:00-04:00,42.07803041712352,43.48928271463046,41.753661535765616,42.30558776855469,492705000,0.0,0.0
2023-08-11 00:00:00-04:00,41.669820039034846,41.93630299373014,40.55998266636193,40.77556228637695,533085000,0.0,0.0
2023-08-14 00:00:00-04:00,40.407280716905284,43.71483628671642,40.2326217412967,43.66792678833008,690286000,0.0,0.0
2023-08-15 00:00:00-04:00,44.4733696589914,45.17999337738196,43.625019909517064,43.85457229614258,676512000,0.0,0.0
2023-08-16 00:00:00-04:00,44.43343721611258,44.588134620821634,43.321601018047524,43.40144729614258,527451000,0.0,0.0
2023-08-17 00:00:00-04:00,43.88450979004493,43.97632996907339,42.91739206244817,43.259727478027344,452395000,0.0,0.0
2023-08-18 00:00:00-04:00,42.552106546557646,43.49327393992906,41.57900368302175,43.21481704711914,583768000,0.0,0.0
2023-08-21 00:00:00-04:00,44.40749864860008,46.97349951188341,44.136028083718024,46.87569046020508,692573000,0.0,0.0
2023-08-22 00:00:00-04:00,48.04141091720703,48.09331176452581,45.24486061801989,45.57920837402344,755293000,0.0,0.0
2023-08-23 00:00:00-04:00,45.77682532419549,47.108231304990525,45.120103708429646,47.02439498901367,779046000,0.0,0.0
2023-08-24 00:00:00-04:00,50.118361983877634,50.16826400478164,47.067306662299096,47.07129669189453,1156044000,0.0,0.0
2023-08-25 00:00:00-04:00,46.92059466008382,47.71205208326433,44.936457196698406,45.92852783203125,925341000,0.0,0.0
2023-08-28 00:00:00-04:00,46.3916241394205,46.88865698143186,44.800725372190506,46.74393844604492,685192000,0.0,0.0
2023-08-29 00:00:00-04:00,46.575266020642104,48.985571364963455,46.30079918990067,48.68914794921875,701397000,0.0,0.0
2023-08-30 00:00:00-04:00,48.94863563426867,49.829918115562,48.33083976005429,49.168209075927734,735206000,0.0,0.0
2023-08-31 00:00:00-04:00,49.283986115794846,49.64727676684107,48.86280577339296,49.259033203125,528570000,0.0,0.0
2023-09-01 00:00:00-04:00,49.665250288293905,49.70317460901009,48.04839726391632,48.4146842956543,463830000,0.0,0.0
2023-09-05 00:00:00-04:00,48.129240595849275,48.75602175102256,47.76694740479326,48.453609466552734,382653000,0.0,0.0
2023-09-06 00:00:00-04:00,48.35079314460042,48.4585899209421,46.49325871140174,46.97336196899414,468670000,0.004,0.0
2023-09-07 00:00:00-04:00,45.440229441727205,46.25770462589442,45.067922908266546,46.1548957824707,433330000,0.0,0.0
2023-09-08 00:00:00-04:00,45.8564505879392,46.51921177692775,45.18669865684588,45.48713684082031,473069000,0.0,0.0
2023-09-11 00:00:00-04:00,46.06206706824175,46.077038527672016,44.22948732817348,45.093875885009766,473966000,0.0,0.0
2023-09-12 00:00:00-04:00,44.654695251427476,45.58795561962286,44.44807996157311,44.78644943237305,349256000,0.0,0.0
2023-09-13 00:00:00-04:00,44.51695619617833,45.84448165087657,44.42013668198633,45.40031051635742,398355000,0.0,0.0
2023-09-14 00:00:00-04:00,45.86444047531069,45.90137033130358,45.04696523433204,45.49612808227539,370097000,0.0,0.0
2023-09-15 00:00:00-04:00,45.25656332752661,45.514082288276775,43.726417212467545,43.8182487487793,506831000,0.0,0.0
2023-09-18 00:00:00-04:00,42.668394445794135,44.15961175484726,41.92178629799531,43.884124755859375,500271000,0.0,0.0
2023-09-19 00:00:00-04:00,43.751381753727316,43.88413352477652,42.92192782259573,43.43896484375,373064000,0.0,0.0
2023-09-20 00:00:00-04:00,43.51881278602881,43.82124998391259,42.14437793528599,42.16034698486328,367108000,0.0,0.0
2023-09-21 00:00:00-04:00,41.505572228064345,42.02160786318076,40.903694380315116,40.94062423706055,450736000,0.0,0.0
2023-09-22 00:00:00-04:00,41.494589042058344,42.0365810200349,41.154224400495224,41.53252029418945,479236000,0.0,0.0
2023-09-25 00:00:00-04:00,41.513557426280826,42.45679753767784,41.10032682953403,42.14338302612305,419091000,0.0,0.0
2023-09-26 00:00:00-04:00,41.922794610624216,42.74026989621768,41.57743818407739,41.83296203613281,402282000,0.0,0.0
2023-09-27 00:00:00-04:00,42.25117631483952,42.79216683776979,41.55148148041127,42.388916015625,444935000,0.0,0.0
2023-09-28 00:00:00-04:00,42.38093203987961,43.36509601724836,42.036577072071424,43.00876235961914,424663000,0.0,0.0
2023-09-29 00:00:00-04:00,43.74538760189782,44.06179864340564,43.22635545841842,43.417999267578125,397830000,0.0,0.0
2023-10-02 00:00:00-04:00,43.94800606273331,45.09087429927052,43.779322054087544,44.6986083984375,433298000,0.0,0.0
2023-10-03 00:00:00-04:00,44.7245629218231,45.045965740925496,43.16547120468859,43.43596649169922,470850000,0.0,0.0
2023-10-04 00:00:00-04:00,43.660548982906214,44.06080325905543,43.21138616245394,43.95899200439453,361821000,0.0,0.0
2023-10-05 00:00:00-04:00,43.967980976112926,44.816400615425316,43.80628385856815,44.604793548583984,393483000,0.0,0.0
2023-10-06 00:00:00-04:00,44.11070969679084,45.70373848025028,43.9440208476475,45.676788330078125,434436000,0.0,0.0
2023-10-09 00:00:00-04:00,44.7584930492937,45.52007265706839,44.285376719881796,45.188690185546875,409675000,0.0,0.0
2023-10-10 00:00:00-04:00,45.22562871384522,46.17285906419018,45.004041982640686,45.71271896362305,368582000,0.0,0.0
2023-10-11 00:00:00-04:00,46.109980599288626,46.77174808079545,45.96425254771436,46.71884536743164,378137000,0.0,0.0
2023-10-12 00:00:00-04:00,46.68989185981617,47.52034323269725,46.24372566858878,46.85757827758789,481325000,0.0,0.0
2023-10-13 00:00:00-04:00,46.87255194030723,47.02826348384449,45.195680068516225,45.3763427734375,474115000,0.0,0.0
2023-10-16 00:00:00-04:00,44.97908693457242,46.13892190023753,44.82836714020883,46.0091667175293,375099000,0.0,0.0
2023-10-17 00:00:00-04:00,43.91807456153945,44.670672271855,42.40090425613856,43.8561897277832,812333000,0.0,0.0
2023-10-18 00:00:00-04:00,42.511681219440085,43.13851384057114,41.74710891970578,42.11741638183594,627294000,0.0,0.0
2023-10-19 00:00:00-04:00,42.73128289845607,43.21637798376251,41.8040119269262,42.022605895996094,501233000,0.0,0.0
2023-10-20 00:00:00-04:00,41.81199440818419,42.39091619548763,41.00150619051564,41.309932708740234,477266000,0.0,0.0
2023-10-23 00:00:00-04:00,41.15222663549808,43.16746801501632,40.86875508234883,42.89497375488281,478530000,0.0,0.0
2023-10-24 00:00:00-04:00,42.99679194298043,43.61563646063165,42.611512883812075,43.58169937133789,401463000,0.0,0.0
2023-10-25 00:00:00-04:00,43.317183162193714,43.56871659941446,41.47761668487891,41.70119857788086,398379000,0.0,0.0
2023-10-26 00:00:00-04:00,41.77506880872993,42.177318286010724,39.80574303401105,40.250911712646484,541001000,0.0,0.0
2023-10-27 00:00:00-04:00,41.053411354619094,41.1292700454015,39.94048596248548,40.424583435058594,416784000,0.0,0.0
2023-10-30 00:00:00-04:00,41.01049849985918,41.68823125867914,40.405624059194345,41.08435821533203,388028000,0.0,0.0
2023-10-31 00:00:00-04:00,40.37468366362989,40.80288572703797,39.15695406100747,40.70406723022461,517969000,0.0,0.0
2023-11-01 00:00:00-04:00,40.807870455778854,42.30208459844571,40.79289899587781,42.24618911743164,437593000,0.0,0.0
2023-11-02 00:00:00-04:00,43.24731024822228,43.802274576848916,42.81412036631429,43.42498016357422,409172000,0.0,0.0
2023-11-03 00:00:00-04:00,43.93802957100558,45.22462694220357,43.64158173973637,44.92119598388672,424610000,0.0,0.0
2023-11-06 00:00:00-05:00,45.200677734191665,45.849468936509936,44.815394894536624,45.665809631347656,400733000,0.0,0.0
2023-11-07 00:00:00-05:00,45.63386613375853,46.131933661639785,45.07390997743288,45.86942672729492,343165000,0.0,0.0
2023-11-08 00:00:00-05:00,46.01415021384401,46.77972399420801,45.882396057118896,46.48727035522461,346719000,0.0,0.0
2023-11-09 00:00:00-05:00,47.3786111235174,48.14019083451283,46.662947187934414,46.86257553100586,540496000,0.0,0.0
2023-11-10 00:00:00-05:00,47.41155087354873,48.38174104695151,47.194955890683396,48.2449951171875,421245000,0.0,0.0
2023-11-13 00:00:00-05:00,48.230024106474055,49.02454332437156,48.00943495548385,48.52946472167969,384136000,0.0,0.0
2023-11-14 00:00:00-05:00,49.58749116388393,49.74120373030796,48.948683517262864,49.563533782958984,416954000,0.0,0.0
2023-11-15 00:00:00-05:00,49.84202172257436,49.866972887678294,48.11025170692205,48.79697036743164,475497000,0.0,0.0
2023-11-16 00:00:00-05:00,48.58835975878918,49.43278516309001,48.24001057724096,49.38786697387695,339756000,0.0,0.0
2023-11-17 00:00:00-05:00,49.43178822340236,49.62442966359735,48.91575254512535,49.20621109008789,325205000,0.0,0.0
2023-11-20 00:00:00-05:00,49.22017851068948,50.453877068941594,49.08942192234672,50.31513595581055,414120000,0.0,0.0
2023-11-21 00:00:00-05:00,50.03266205340574,50.422932832163035,49.130346021791986,49.85100173950195,565747000,0.0,0.0
2023-11-22 00:00:00-05:00,49.759168450104845,50.24126692176278,47.60119189596065,48.625282287597656,899420000,0.0,0.0
2023-11-24 00:00:00-05:00,48.37974251431558,48.829902895158824,47.656090292901155,47.687034606933594,294645000,0.0,0.0
2023-11-27 00:00:00-05:00,47.71098998988454,48.4396301867081,47.5632667713432,48.15216827392578,395662000,0.0,0.0
2023-11-28 00:00:00-05:00,48.14617697047183,48.233016759843025,47.38459731024166,47.73194885253906,401491000,0.0,0.0
2023-11-29 00:00:00-05:00,48.288911166313994,48.67119737228817,47.77087663297862,48.05035400390625,382005000,0.0,0.0
2023-11-30 00:00:00-05:00,47.934573676190574,48.02041588268528,46.335559349897565,46.68291091918945,526247000,0.0,0.0
2023-12-01 00:00:00-05:00,46.43837031596677,47.11211268040661,46.10099843511436,46.677921295166016,369317000,0.0,0.0
2023-12-04 00:00:00-05:00,45.99119649745045,45.99119649745045,44.92618209165027,45.42525100708008,437543000,0.0,0.0
2023-12-05 00:00:00-05:00,45.385328820380614,46.51731562556562,45.19067511548695,46.48337936401367,371718000,0.004,0.0
2023-12-06 00:00:00-05:00,47.13122440124437,47.30292009715476,45.331422145943435,45.42226028442383,380590000,0.0,0.0
2023-12-07 00:00:00-05:00,45.6189146142351,46.54626712955494,45.52308427817849,46.51332473754883,350823000,0.0,0.0
2023-12-08 00:00:00-05:00,46.5123243077979,47.65629078492983,46.467402174460815,47.42170715332031,359224000,0.0,0.0
2023-12-11 00:00:00-05:00,47.40673880790064,47.446664942684954,45.74868658721169,46.54426956176758,509728000,0.0,0.0
2023-12-12 00:00:00-05:00,45.96429952454466,47.58142400474077,45.96429952454466,47.57244110107422,372387000,0.0,0.0
2023-12-13 00:00:00-05:00,47.54449269431196,48.50778063121328,47.52353004634861,48.00267791748047,447792000,0.0,0.0
2023-12-14 00:00:00-05:00,48.30414350597482,48.58364549785844,47.33786247122784,48.26421356201172,391232000,0.0,0.0
2023-12-15 00:00:00-05:00,48.108492709816815,49.316344970250725,48.03462269335951,48.80325698852539,479948000,0.0,0.0
2023-12-18 00:00:00-05:00,49.31235079913167,50.34351507731144,49.062794375670336,49.9881477355957,412587000,0.0,0.0
2023-12-19 00:00:00-05:00,49.33630266590499,49.61181391094036,48.80824198487287,49.51598358154297,464444000,0.0,0.0
2023-12-20 00:00:00-05:00,49.56689784156496,49.91028926259113,48.012661158302954,48.025638580322266,397894000,0.0,0.0
2023-12-21 00:00:00-05:00,48.724392927903814,49.007889407965415,48.333086371904265,48.903076171875,300425000,0.0,0.0
2023-12-22 00:00:00-05:00,49.107712672335644,49.29537882848635,48.38100372795406,48.74336242675781,252507000,0.0,0.0
2023-12-26 00:00:00-05:00,48.88110985273242,49.51198840359391,48.873124626710656,49.191558837890625,244200000,0.0,0.0
2023-12-27 00:00:00-05:00,49.42315398247824,49.59185284551433,48.997907338293054,49.32931900024414,233648000,0.0,0.0
2023-12-28 00:00:00-05:00,49.55491529927827,49.795484989479434,49.324322381717465,49.43412780761719,246587000,0.0,0.0
2023-12-29 00:00:00-05:00,49.72461182444803,49.90828725509975,48.66449595698359,49.43412780761719,389293000,0.0,0.0
2024-01-02 00:00:00-05:00,49.156625856562634,49.20753405733888,47.510553413556266,48.08253479003906,411254000,0.0,0.0
2024-01-03 00:00:00-05:00,47.40074566328975,48.09850289557728,47.23603751691528,47.484596252441406,320896000,0.0,0.0
2024-01-04 00:00:00-05:00,47.68224504410837,48.413946184142475,47.42370571637504,47.912837982177734,306535000,0.0,0.0
2024-01-05 00:00:00-05:00,48.37601228101952,49.459086175725254,48.220287041681374,49.009883880615234,415039000,0.0,0.0
2024-01-08 00:00:00-05:00,49.42414836733732,52.18224626703925,49.391205977221674,52.160282135009766,642510000,0.0,0.0
2024-01-09 00:00:00-05:00,52.30802433098523,54.22861030764682,51.59828353362604,53.045711517333984,773100000,0.0,0.0
2024-01-10 00:00:00-05:00,53.52087170860792,54.50312317370562,53.39409433002728,54.25356674194336,533796000,0.0,0.0
2024-01-11 00:00:00-05:00,54.9014155282273,55.247799966123495,53.46496957614301,54.724727630615234,596759000,0.0,0.0
2024-01-12 00:00:00-05:00,54.523086018906326,54.87246729450568,54.23360346337735,54.6129264831543,352994000,0.0,0.0
2024-01-16 00:00:00-05:00,54.92038130782368,56.73415487746208,54.80259064863885,56.281959533691406,449580000,0.0,0.0
2024-01-17 00:00:00-05:00,56.24702168282456,56.37080221365978,54.642874592370525,55.95354461669922,474394000,0.0,0.0
2024-01-18 00:00:00-05:00,57.15840086229008,57.497797746406825,56.00744677307047,57.005672454833984,491650000,0.0,0.0
2024-01-19 00:00:00-05:00,57.88610696898355,59.394427545023596,57.12346261571884,59.38544464111328,543501000,0.0,0.0
2024-01-22 00:00:00-05:00,59.942464036582244,60.223965219850804,58.96520083505555,59.54816436767578,452955000,0.0,0.0
2024-01-23 00:00:00-05:00,59.46430561582059,59.803702511682395,58.48105267598879,59.76676940917969,294654000,0.0,0.0
2024-01-24 00:00:00-05:00,60.197006547482026,62.73748925623283,59.83165479543139,61.25312805175781,560271000,0.0,0.0
2024-01-25 00:00:00-05:00,62.23937252647403,62.607721109617174,60.742033936667,61.50767517089844,482777000,0.0,0.0
2024-01-26 00:00:00-05:00,60.85183343731232,61.67337498834804,60.4655228910145,60.922706604003906,390309000,0.0,0.0
2024-01-29 00:00:00-05:00,61.12335395532468,62.37812361839996,60.79893365210522,62.35416793823242,348733000,0.0,0.0
2024-01-30 00:00:00-05:00,62.788400246614664,63.38034661468554,62.1495325776363,62.662620544433594,410735000,0.0,0.0
2024-01-31 00:00:00-05:00,61.330983989988475,62.15851544921119,60.59229912426738,61.41783142089844,453795000,0.0,0.0
2024-02-01 00:00:00-05:00,61.98981538927627,63.07888305643791,61.54061686379006,62.9151725769043,369146000,0.0,0.0
2024-02-02 00:00:00-05:00,63.8604917267368,66.48183193924027,63.57699522405565,66.04261779785156,476578000,0.0,0.0
2024-02-05 00:00:00-05:00,68.10393877262449,69.37368488045085,67.085752030502,69.20897674560547,680078000,0.0,0.0
2024-02-06 00:00:00-05:00,69.50645284574946,69.630233381063,66.18236704818828,68.1019515991211,683111000,0.0,0.0
2024-02-07 00:00:00-05:00,68.19777661316522,70.09540449820057,67.48005062301553,69.97461700439453,495575000,0.0,0.0
2024-02-08 00:00:00-05:00,69.9496558671256,70.66837949372972,69.33175856710787,69.51742553710938,414422000,0.0,0.0
2024-02-09 00:00:00-05:00,70.40786033375117,72.0569298484953,70.08743069197543,72.0050277709961,436637000,0.0,0.0
2024-02-12 00:00:00-05:00,72.47118484090161,74.4786183227707,71.1235816589561,72.11981201171875,613710000,0.0,0.0
2024-02-13 00:00:00-05:00,70.27509946360114,73.31968365428922,69.4964845401849,72.00003051757812,602580000,0.0,0.0
2024-02-14 00:00:00-05:00,73.0721231436502,74.10428513350574,71.81036588559786,73.76888275146484,504917000,0.0,0.0
2024-02-15 00:00:00-05:00,73.73794078168315,73.84374789733648,72.27154539670707,72.52908325195312,420122000,0.0,0.0
2024-02-16 00:00:00-05:00,73.96851471281462,74.2699807907232,72.37235296886776,72.4841537475586,495327000,0.0,0.0
2024-02-20 00:00:00-05:00,71.81934169951924,71.82832841143384,67.61381946264177,69.32877349853516,704833000,0.0,0.0
2024-02-21 00:00:00-05:00,67.88533642606332,68.76577530674938,66.13045996080022,67.35228729248047,673755000,0.0,0.0
2024-02-22 00:00:00-05:00,74.89187650428926,78.43557278359845,74.08830459872463,78.39864349365234,865100000,0.0,0.0
2024-02-23 00:00:00-05:00,80.64664555528343,82.24779566972408,77.43235796782388,78.6771469116211,829388000,0.0,0.0
2024-02-26 00:00:00-05:00,79.55858308487059,80.5029113343283,78.36570371037314,78.95166778564453,503973000,0.0,0.0
2024-02-27 00:00:00-05:00,79.24014166205446,79.33897263573371,77.02508494380959,78.56134796142578,391705000,0.0,0.0
2024-02-28 00:00:00-05:00,77.48227691873889,78.7929431019633,76.98815248522881,77.52519989013672,393110000,0.0,0.0
2024-02-29 00:00:00-05:00,78.95365284686739,79.84805903387235,78.2109697529952,78.97161865234375,507289000,0.0,0.0
2024-03-01 00:00:00-05:00,79.85804035116041,82.15396205759876,79.29404050410636,82.13299560546875,479135000,0.0,0.0
2024-03-04 00:00:00-05:00,83.98071640863849,87.5393930852347,83.57045019844777,85.08575439453125,615616000,0.0,0.0
2024-03-05 00:00:00-05:00,85.12270452666515,85.94827947163024,83.2729084960246,85.81550598144531,520639000,0.004,0.0
2024-03-06 00:00:00-05:00,87.8699456446009,89.56900130568565,86.87965493223747,88.54676818847656,582520000,0.0,0.0
2024-03-07 00:00:00-05:00,90.00224735235656,92.60674140930558,89.44720809741612,92.5089111328125,608119000,0.0,0.0
2024-03-08 00:00:00-05:00,94.97364703765751,97.23174040772027,86.35655527181379,87.37679290771484,1142269000,0.0,0.0
2024-03-11 00:00:00-04:00,86.27970659200646,88.64361241866209,84.02061512714978,85.62583923339844,678364000,0.0,0.0
2024-03-12 00:00:00-04:00,87.89688852723692,91.80112730309294,86.00116720286299,91.75421142578125,668075000,0.0,0.0
2024-03-13 00:00:00-04:00,90.89769886633881,91.34592070136199,88.28222228746216,90.73098754882812,635713000,0.0,0.0
2024-03-14 00:00:00-04:00,89.42225831640668,90.48941185201531,86.45039611721776,87.79207611083984,602318000,0.0,0.0
2024-03-15 00:00:00-04:00,86.77982614282709,89.39130424407391,86.10799224334774,87.68525695800781,642086000,0.0,0.0
2024-03-18 00:00:00-04:00,90.2318598178106,92.24537384693531,86.93456418081807,88.30220031738281,668976000,0.0,0.0
2024-03-19 00:00:00-04:00,86.55022352343148,90.38758481674583,84.86314816147532,89.24356842041016,672171000,0.0,0.0
2024-03-20 00:00:00-04:00,89.6418701073994,90.25381771221527,88.07059173697641,90.21588134765625,479063000,0.0,0.0
2024-03-21 00:00:00-04:00,92.14054972284487,92.48794810720764,90.24881917443113,91.27703857421875,480372000,0.0,0.0
2024-03-22 00:00:00-04:00,90.9835495525749,94.61426754269417,90.67708069798141,94.12611389160156,586719000,0.0,0.0
2024-03-25 00:00:00-04:00,93.77871885813295,96.59883562555477,93.34846365413705,94.83788299560547,552136000,0.0,0.0
2024-03-26 00:00:00-04:00,95.68541767838448,96.20851455285562,92.34220396856466,92.4011001586914,513648000,0.0,0.0
2024-03-27 00:00:00-04:00,92.95114873658731,93.0789259717654,88.96904130951937,90.0940933227539,586067000,0.0,0.0
2024-03-28 00:00:00-04:00,89.8445252112995,91.1422825108375,89.03892009399118,90.19991302490234,435212000,0.0,0.0
2024-04-01 00:00:00-04:00,90.14300911365386,92.0656767674512,89.04989954343785,90.20689392089844,452441000,0.0,0.0
2024-04-02 00:00:00-04:00,88.29520668047454,89.93836697964663,87.46864171818919,89.29747772216797,433064000,0.0,0.0
2024-04-03 00:00:00-04:00,88.33115142365672,90.21788597554938,88.24729689318218,88.81031799316406,370067000,0.0,0.0
2024-04-04 00:00:00-04:00,90.24981545155312,90.47742601324012,85.73163346290652,85.756591796875,434965000,0.0,0.0
2024-04-05 00:00:00-04:00,86.71593914747515,88.32815477151372,85.77756814573236,87.85597229003906,399678000,0.0,0.0
2024-04-08 00:00:00-04:00,88.54676191015398,88.67654220104028,86.58216705957724,86.98247528076172,283220000,0.0,0.0
2024-04-09 00:00:00-04:00,87.29094090122678,87.4836082761363,82.87857850073121,85.20654296875,501700000,0.0,0.0
2024-04-10 00:00:00-04:00,83.78102746556362,87.24902545092569,83.56439945092491,86.8886489868164,431929000,0.0,0.0
2024-04-11 00:00:00-04:00,87.2689793680449,90.58224601063488,86.77583708331596,90.45945739746094,431637000,0.0,0.0
2024-04-12 00:00:00-04:00,89.54405551793229,90.0192388417283,87.37880342967303,88.0336685180664,426805000,0.0,0.0
2024-04-15 00:00:00-04:00,88.94408228829708,90.45646450816476,85.78055803275619,85.85243225097656,443077000,0.0,0.0
2024-04-16 00:00:00-04:00,86.28367890740496,87.96576550123054,85.91532070970885,87.26398468017578,370453000,0.0,0.0
2024-04-17 00:00:00-04:00,88.18737923912188,88.62163290761173,83.80496405819224,83.88982391357422,495400000,0.0,0.0
2024-04-18 00:00:00-04:00,84.82321393436638,86.0411075798554,82.25964941091485,84.52472686767578,447260000,0.0,0.0
2024-04-19 00:00:00-04:00,83.00637428065669,84.17834237736079,75.47540651529913,76.06837463378906,875198000,0.0,0.0
2024-04-22 00:00:00-04:00,77.96907171420484,79.93467203595871,76.26802061217705,79.38063049316406,596341000,0.0,0.0
2024-04-23 00:00:00-04:00,80.62946711947102,82.62601207910251,80.12534225900131,82.28060913085938,438559000,0.0,0.0
2024-04-24 00:00:00-04:00,83.80498148732187,83.93675724779338,79.04621772256601,79.53936767578125,512208000,0.0,0.0
2024-04-25 00:00:00-04:00,78.73174524823247,83.17905069622672,78.08786289005887,82.48925018310547,424641000,0.0,0.0
2024-04-26 00:00:00-04:00,83.67320929669376,88.17841379736606,83.24295407183207,87.58344268798828,551011000,0.0,0.0
2024-04-29 00:00:00-04:00,87.44368500312586,87.8399947565515,85.11870586410434,87.60540771484375,388971000,0.0,0.0
2024-04-30 00:00:00-04:00,87.08929643239856,88.66557118869024,86.15092540038592,86.25274658203125,363709000,0.0,0.0
2024-05-01 00:00:00-04:00,84.93002290842145,85.85142484392729,81.11461964994571,82.89753723144531,559863000,0.0,0.0
2024-05-02 00:00:00-04:00,84.30310641773906,86.08801954331209,83.05626359727954,85.66874694824219,377898000,0.0,0.0
2024-05-03 00:00:00-04:00,87.6373400551101,89.12675929539812,86.8896334546632,88.63561248779297,398341000,0.0,0.0
2024-05-06 00:00:00-04:00,89.23558536447402,92.06069859527176,88.90116496394158,91.9808349609375,376203000,0.0,0.0
2024-05-07 00:00:00-04:00,90.94061902784969,91.62243773928878,88.8572265315021,90.3975601196289,437342000,0.0,0.0
2024-05-08 00:00:00-04:00,89.32841761603471,91.03646035901207,89.26552291616532,90.25581359863281,325721000,0.0,0.0
2024-05-09 00:00:00-04:00,90.37262376475964,90.9146850807723,88.0785966955897,88.59370422363281,378013000,0.0,0.0
2024-05-10 00:00:00-04:00,90.14900450939767,91.24311191356409,89.07286375704587,89.72274017333984,335325000,0.0,0.0
2024-05-13 00:00:00-04:00,90.32169428450598,90.84080023922876,88.37606371894472,90.24283599853516,289680000,0.0,0.0
2024-05-14 00:00:00-04:00,89.44421267221655,91.49266969851776,88.78036057605543,91.19818115234375,296507000,0.0,0.0
2024-05-15 00:00:00-04:00,92.31226052004403,94.69813133508781,91.44076747625896,94.4665298461914,417735000,0.0,0.0
2024-05-16 00:00:00-04:00,94.74605748352667,95.65348387790415,93.94044465961885,94.19600677490234,323952000,0.0,0.0
2024-05-17 00:00:00-04:00,94.20597874528181,94.57633241179128,91.64740285082287,92.3192367553711,359691000,0.0,0.0
2024-05-20 00:00:00-04:00,93.58806000142961,95.0355522829654,93.27859792021394,94.61627960205078,318764000,0.0,0.0
2024-05-21 00:00:00-04:00,93.43730641374981,95.23519767784772,93.01903151729087,95.22122192382812,328946000,0.0,0.0
2024-05-22 00:00:00-04:00,95.29409598809328,95.85412388547536,93.08791463591838,94.78597259521484,548648000,0.0,0.0
2024-05-23 00:00:00-04:00,101.85175314144693,106.1363388077003,101.34462744914427,103.61969757080078,835065000,0.0,0.0
2024-05-24 00:00:00-04:00,104.26856517672162,106.29106630104066,102.82207077624999,106.28507995605469,429494000,0.0,0.0
2024-05-28 00:00:00-04:00,110.0535586136133,114.74044777454472,109.69318217417998,113.70423889160156,652728000,0.0,0.0
2024-05-29 00:00:00-04:00,112.85472018181774,115.29249558889101,110.70943029840856,114.62664794921875,557442000,0.0,0.0
2024-05-30 00:00:00-04:00,114.45193707992216,115.61891628592592,109.47355289556607,110.3091049194336,484553000,0.0,0.0
2024-05-31 00:00:00-04:00,112.32561724375552,112.52228313915187,106.75526253688238,109.44361114501953,613263000,0.0,0.0
2024-06-03 00:00:00-04:00,113.42472260342709,114.80133819580078,111.80951385006522,114.80133819580078,438392000,0.0,0.0
2024-06-04 00:00:00-04:00,115.51611513617264,116.39858317577006,113.84799638822281,116.2358627319336,403324000,0.0,0.0
2024-06-05 00:00:00-04:00,118.16652151115385,122.23747225440593,117.26508152569082,122.2284927368164,528402000,0.0,0.0
2024-06-06 00:00:00-04:00,123.83371299207869,125.37005594832782,118.1156108470622,120.78898620605469,664696000,0.0,0.0
2024-06-07 00:00:00-04:00,119.56311130461327,121.4817960193161,117.81813724115803,120.67918395996094,412386000,0.0,0.0
2024-06-10 00:00:00-04:00,120.16205248180556,122.8873318903164,116.80785658193525,121.57959747314453,313434100,0.0,10.0
2024-06-11 00:00:00-04:00,121.56961447657496,122.66781043299152,118.54460180006694,120.7110366821289,222551200,0.01,0.0
2024-06-12 00:00:00-04:00,122.85750238613136,126.6712162731191,122.36831081363356,124.99398040771484,299595000,0.0,0.0
2024-06-13 00:00:00-04:00,129.1770893049594,129.5864183097163,126.9507630154097,129.396728515625,260704500,0.0,0.0
2024-06-14 00:00:00-04:00,129.7461556011969,132.62140615970972,128.10885485479358,131.66299438476562,309320400,0.0,0.0
2024-06-17 00:00:00-04:00,132.77118307637525,133.5099557271365,129.3667902512595,130.7644805908203,288504400,0.0,0.0
2024-06-18 00:00:00-04:00,130.92420671975586,136.10566894087242,130.47495024767164,135.35690307617188,294335100,0.0,0.0
2024-06-20 00:00:00-04:00,139.56996619369176,140.52837801062054,129.30688285479897,130.56480407714844,517768400,0.0,0.0
2024-06-21 00:00:00-04:00,126.91082285827493,130.41504917764772,124.09546355999291,126.36172485351562,649445800,0.0,0.0
2024-06-24 00:00:00-04:00,123.03720520530106,124.25519890170064,117.84576490444155,117.9156494140625,476060900,0.0,0.0
2024-06-25 00:00:00-04:00,121.00056206941291,126.29184395373642,119.1236583558784,125.88251495361328,414192600,0.0,0.0
2024-06-26 00:00:00-04:00,125.92244138152637,127.9091645624237,122.39825146602374,126.19200134277344,362975900,0.0,0.0
2024-06-27 00:00:00-04:00,123.89578456364109,126.20198850103736,122.7177260189782,123.78596496582031,252571700,0.0,0.0
2024-06-28 00:00:00-04:00,124.37501298465715,127.49986001719877,122.54802231076043,123.33672332763672,315516700,0.0,0.0
2024-07-01 00:00:00-04:00,123.26683055595603,124.63457133754859,118.63446631453066,124.09546661376953,284885500,0.0,0.0
2024-07-02 00:00:00-04:00,120.93067286767031,123.20692743216773,120.8308389451457,122.4681396484375,218374000,0.0,0.0
2024-07-03 00:00:00-04:00,121.45982152361671,128.0689239501953,121.16031210370706,128.0689239501953,215749000,0.0,0.0
2024-07-05 00:00:00-04:00,127.17039258704797,128.63798252741702,125.47319299554034,125.6229476928711,214176700,0.0,0.0
2024-07-08 00:00:00-04:00,127.28019064518816,130.5547992263396,126.83093424608442,127.98902130126953,237677300,0.0,0.0
2024-07-09 00:00:00-04:00,130.1355144487565,133.59980576329167,128.43829962119838,131.163818359375,285366600,0.0,0.0
2024-07-10 00:00:00-04:00,133.80946190177127,134.87770860466375,132.20211043348235,134.68801879882812,248978600,0.0,0.0
2024-07-11 00:00:00-04:00,135.52661932549566,135.92595502009132,126.84093848175796,127.19036102294922,374782700,0.0,0.0
2024-07-12 00:00:00-04:00,128.0489756375503,131.70295770393665,127.01069339318191,129.02737426757812,252680500,0.0,0.0
2024-07-15 00:00:00-04:00,130.3451595951711,131.1737956487568,126.97072416574117,128.22865295410156,208326200,0.0,0.0
2024-07-16 00:00:00-04:00,128.22865593379024,128.82765950066548,124.37500690887067,126.1520767211914,214769500,0.0,0.0
2024-07-17 00:00:00-04:00,121.15031675281162,121.64949400158038,116.52793817127537,117.79584503173828,390086200,0.0,0.0
2024-07-18 00:00:00-04:00,121.64949097287113,122.19858897958201,116.36819489836525,120.89073944091797,320979500,0.0,0.0
2024-07-19 00:00:00-04:00,120.15196272062997,121.39990584738524,117.176870571876,117.73594665527344,217223800,0.0,0.0
2024-07-22 00:00:00-04:00,120.15196984200875,123.86585002604772,119.66277824004172,123.33672332763672,258068900,0.0,0.0
2024-07-23 00:00:00-04:00,122.57797258109629,124.48483346113822,121.8990911705108,122.3882827758789,173911000,0.0,0.0
2024-07-24 00:00:00-04:00,118.9739065074374,119.75262181556741,113.25333936427286,114.06200408935547,327776900,0.0,0.0
2024-07-25 00:00:00-04:00,112.85398925547956,116.43807811661003,106.12508231687993,112.0952377319336,460067000,0.0,0.0
2024-07-26 00:00:00-04:00,115.99880916186419,116.00878722251285,111.3963944118867,112.87395477294922,293399100,0.0,0.0
2024-07-29 00:00:00-04:00,113.50293810461493,116.08867288971433,111.11687119487814,111.40638732910156,248152100,0.0,0.0
2024-07-30 00:00:00-04:00,111.33649361290321,111.8057214597651,102.37127421675278,103.55931854248047,486833300,0.0,0.0
2024-07-31 00:00:00-04:00,112.71421539482289,118.1452582531107,110.6975352036146,116.82743072509766,473174200,0.0,0.0
2024-08-01 00:00:00-04:00,117.33660563582859,119.9622829008677,106.63424395188704,109.0302963256836,523462300,0.0,0.0
2024-08-02 00:00:00-04:00,103.58925680976456,108.54109382170915,101.20319035397925,107.09347534179688,482027500,0.0,0.0
2024-08-05 00:00:00-04:00,91.90851250035082,103.239842127859,90.5407717150732,100.28470611572266,552842400,0.0,0.0
2024-08-06 00:00:00-04:00,103.6691316762756,107.5327664843651,100.38455194570304,104.07846069335938,409012100,0.0,0.0
2024-08-07 00:00:00-04:00,107.6325946135043,108.62097103799087,98.52760658313275,98.74724578857422,411440400,0.0,0.0
2024-08-08 00:00:00-04:00,101.83215026963444,105.32639072006307,97.35951914167633,104.7972640991211,391910000,0.0,0.0
2024-08-09 00:00:00-04:00,105.46616394434741,106.42458330646772,103.25980151433504,104.57762908935547,290844200,0.0,0.0
2024-08-12 00:00:00-04:00,106.14505996593543,110.88724428013212,106.08516112777683,108.84061431884766,325559900,0.0,0.0
2024-08-13 00:00:00-04:00,112.25498209343158,116.03874655153282,111.39639661656214,115.94889068603516,312646700,0.0,0.0
2024-08-14 00:00:00-04:00,118.33496052966188,118.40484504167927,113.88230026594151,117.88570404052734,339246400,0.0,0.0
2024-08-15 00:00:00-04:00,118.56459228097263,123.03721654252207,117.27671395628101,122.65784454345703,318086700,0.0,0.0
2024-08-16 00:00:00-04:00,121.73934484458584,124.79430704362497,120.98059332504539,124.375,302589900,0.0,0.0
2024-08-19 00:00:00-04:00,124.07548340044629,129.78607177734375,123.21689800857207,129.78607177734375,318333600,0.0,0.0
2024-08-20 00:00:00-04:00,128.18871285893894,129.6662885004724,125.68284852553639,127.04061126708984,300087400,0.0,0.0
2024-08-21 00:00:00-04:00,127.11048517418402,129.13715105648026,126.45157521398528,128.28854370117188,257883600,0.0,0.0
2024-08-22 00:00:00-04:00,129.80605728559254,130.5348518103843,122.89743830728821,123.53638458251953,376189100,0.0,0.0
2024-08-23 00:00:00-04:00,125.65290085977209,129.38675225949072,125.01395457447234,129.15711975097656,323230300,0.0,0.0
2024-08-26 00:00:00-04:00,129.35679802537265,131.04400430992783,124.16535012958609,126.25190734863281,331964700,0.0,0.0
2024-08-27 00:00:00-04:00,124.84424526829238,128.98741074794592,123.67616460225028,128.08889770507812,303134600,0.0,0.0
2024-08-28 00:00:00-04:00,127.90918484234558,128.11884600848597,122.43820596970414,125.4033203125,448101100,0.0,0.0
2024-08-29 00:00:00-04:00,121.1602924143949,124.22524016378769,116.51794286125214,117.39649200439453,453023300,0.0,0.0
2024-08-30 00:00:00-04:00,119.33330911013266,121.54965726206557,117.02711271158417,119.17357635498047,333751600,0.0,0.0
2024-09-03 00:00:00-04:00,115.8191103772934,116.01877823521122,107.1134577156826,107.8222885131836,477155100,0.0,0.0
2024-09-04 00:00:00-04:00,105.23655349888746,113.0836130103624,103.94867525541761,106.03523254394531,372470300,0.0,0.0
2024-09-05 00:00:00-04:00,104.81725133789038,109.46958760825204,104.58763403652246,107.03359985351562,306850700,0.0,0.0
2024-09-06 00:00:00-04:00,107.86223127024085,107.97205088494898,100.78389323668084,102.66080474853516,413638100,0.0,0.0
2024-09-09 00:00:00-04:00,104.70741977949132,106.37467762407766,103.51938307487873,106.29480743408203,273912000,0.0,0.0
2024-09-10 00:00:00-04:00,107.63259542371279,109.21998302790867,104.77730096516093,107.922119140625,268283700,0.0,0.0
2024-09-11 00:00:00-04:00,109.20999835891277,116.99716652085532,107.24323877137772,116.7176284790039,441422400,0.0,0.0
2024-09-12 00:00:00-04:00,116.6577172050991,120.60155948017247,115.19999582839206,118.95413208007812,366052700,0.01,0.0
2024-09-13 00:00:00-04:00,118.89422675312926,119.77285113489948,117.4165323291377,118.91419219970703,238358300,0.0,0.0
2024-09-16 00:00:00-04:00,116.60780299971084,117.99563392468083,114.18159360974668,116.59781646728516,248772300,0.0,0.0
2024-09-17 00:00:00-04:00,117.98564481894722,118.61466685067687,114.65085910577872,115.40966796875,231925900,0.0,0.0
2024-09-18 00:00:00-04:00,115.70919560695407,117.51636932909096,113.04336298957726,113.19313049316406,310318900,0.0,0.0
2024-09-19 00:00:00-04:00,117.16692604230532,119.47332749554481,117.06708357128667,117.68611907958984,293506400,0.0,0.0
2024-09-20 00:00:00-04:00,116.87738233881377,118.43495389707196,115.2099893901744,115.81903839111328,382462400,0.0,0.0
2024-09-23 00:00:00-04:00,116.36816938577523,116.80747774675662,114.68080357526898,116.07862091064453,206228500,0.0,0.0
2024-09-24 00:00:00-04:00,116.33822228484836,121.6099917401929,115.20000132519814,120.68144226074219,354966800,0.0,0.0
2024-09-25 00:00:00-04:00,121.82963321276459,124.74508350925583,121.42027681497308,123.31731414794922,284692900,0.0,0.0
2024-09-26 00:00:00-04:00,126.6021852727835,127.47082313052574,121.609985658202,123.84648895263672,302582900,0.0,0.0
2024-09-27 00:00:00-04:00,123.7765997601264,123.83650371853182,119.07394858799772,121.21060943603516,271009200,0.0,0.0
2024-09-30 00:00:00-04:00,118.12541998168962,121.31044564232414,117.96567356169257,121.25054168701172,226553700,0.0,0.0
2024-10-01 00:00:00-04:00,121.5800295838127,122.2489901408394,115.60936293760753,116.81747436523438,302094500,0.0,0.0
2024-10-02 00:00:00-04:00,116.25834508658102,119.19375323018366,114.96037016184738,118.66458129882812,221845900,0.0,0.0
2024-10-03 00:00:00-04:00,120.73135864781146,124.16599456239773,120.15226164035356,122.6583480834961,277118000,0.0,0.0
2024-10-04 00:00:00-04:00,124.7450859792245,124.84492844767553,121.63993722019764,124.72511291503906,243678100,0.0,0.0
2024-10-07 00:00:00-04:00,124.7949925984476,130.43617917860723,124.75505409102715,127.52073669433594,346250200,0.0,0.0
2024-10-08 00:00:00-04:00,130.0567764001493,133.27175410957346,129.2180905372518,132.68267822265625,285722500,0.0,0.0
2024-10-09 00:00:00-04:00,133.9007678130665,134.31013180466115,131.17503131034326,132.4430389404297,246191600,0.0,0.0
2024-10-10 00:00:00-04:00,131.70420101079952,134.78937641455914,130.79561711338704,134.59967041015625,242311300,0.0,0.0
2024-10-11 00:00:00-04:00,133.8009151704973,135.5681579226704,133.45147037350253,134.58969116210938,170209500,0.0,0.0
2024-10-14 00:00:00-04:00,136.25710420849128,139.38222619629536,136.08737124143596,137.8546142578125,232347700,0.0,0.0
2024-10-15 00:00:00-04:00,137.654906403531,138.3538265330219,128.5391603262797,131.3946990966797,377831000,0.0,0.0
2024-10-16 00:00:00-04:00,133.7709642153392,136.40684475827754,131.37471471629812,135.5082550048828,264879700,0.0,0.0
2024-10-17 00:00:00-04:00,139.12261346955344,140.6701983777905,136.65646567187503,136.71636962890625,306435900,0.0,0.0
2024-10-18 00:00:00-04:00,138.45366668655112,138.6833036103306,137.06583575895257,137.7847137451172,176090200,0.0,0.0
2024-10-21 00:00:00-04:00,137.91451267760561,143.48580932617188,137.78471061125512,143.48580932617188,264554500,0.0,0.0
2024-10-22 00:00:00-04:00,142.6870654207542,144.19470435057536,141.55882333477078,143.36599731445312,226311600,0.0,0.0
2024-10-23 00:00:00-04:00,141.80841766733155,142.20778753302577,137.24555525009052,139.34226989746094,285930000,0.0,0.0
2024-10-24 00:00:00-04:00,140.6003278006047,141.1294997806309,138.24400879643727,140.1909637451172,172354900,0.0,0.0
2024-10-25 00:00:00-04:00,140.71013437273555,143.90515439009727,140.5803475394567,141.31918334960938,205122100,0.0,0.0
2024-10-28 00:00:00-04:00,142.77689244758375,142.91667341121004,139.83149806296922,140.30076599121094,173586700,0.0,0.0
2024-10-29 00:00:00-04:00,140.0711387385227,142.03806672701694,138.6833077693045,141.02964782714844,157593600,0.0,0.0
2024-10-30 00:00:00-04:00,139.32230457284558,140.11108066863528,136.59656776236113,139.12261962890625,179418100,0.0,0.0
2024-10-31 00:00:00-04:00,137.38534807029694,137.39532698555524,131.9039070664443,132.55288696289062,270039600,0.0,0.0
2024-11-01 00:00:00-04:00,134.4898615442038,137.09579048755296,134.36007470728345,135.1887664794922,207127800,0.0,0.0
2024-11-04 00:00:00-05:00,136.99596264099162,138.74323268611076,135.35852160810796,135.8377685546875,187528200,0.0,0.0
2024-11-05 00:00:00-05:00,137.2355728771189,140.15101580482042,137.11576495412646,139.69174194335938,160537400,0.0,0.0
2024-11-06 00:00:00-05:00,142.73698322061895,146.2614750565614,141.73854326176877,145.38284301757812,242043900,0.0,0.0
2024-11-07 00:00:00-05:00,146.1616297903136,148.69766066609404,145.9419717733186,148.6477508544922,207323300,0.0,0.0
2024-11-08 00:00:00-05:00,148.53787885494532,149.53631855776948,146.03178545046896,147.399658203125,175665800,0.0,0.0
2024-11-11 00:00:00-05:00,148.44803352101476,148.6177817068004,143.3460203778287,145.0333709716797,182325600,0.0,0.0
2024-11-12 00:00:00-05:00,146.55101593198214,149.4165337385062,145.7822128979203,148.05865478515625,198634700,0.0,0.0
2024-11-13 00:00:00-05:00,148.83742831045777,149.0970171738845,145.67236073742527,146.0417938232422,191903300,0.0,0.0
2024-11-14 00:00:00-05:00,147.40965302668107,148.76753177848803,145.32291747893564,146.53102111816406,194463300,0.0,0.0
2024-11-15 00:00:00-05:00,144.6439744081883,145.0134075079149,139.86145428913719,141.75848388671875,250132900,0.0,0.0
2024-11-18 00:00:00-05:00,139.28235565663965,141.32916034590224,136.93601597273187,139.93133544921875,221205300,0.0,0.0
2024-11-19 00:00:00-05:00,141.09954425974988,146.90047806374457,140.77005724054902,146.78065490722656,227834900,0.0,0.0
2024-11-20 00:00:00-05:00,147.1800476536701,147.3298075633363,142.5073404172706,145.66241455078125,309871700,0.0,0.0
2024-11-21 00:00:00-05:00,149.11701974284432,152.65149063112756,140.4805046221909,146.44119262695312,400946600,0.0,0.0
2024-11-22 00:00:00-05:00,145.70231714314025,146.93040910376754,140.87986616890575,141.72853088378906,236406200,0.0,0.0
2024-11-25 00:00:00-05:00,141.76848775116036,141.82839170792872,135.60811535874635,135.80780029296875,344941900,0.0,0.0
2024-11-26 00:00:00-05:00,137.48518763604767,139.08269776121745,135.45835561529256,136.70640563964844,190287700,0.0,0.0
2024-11-27 00:00:00-05:00,134.7993582371888,137.00591700209634,131.59437486042492,135.12884521484375,226370900,0.0,0.0
2024-11-29 00:00:00-05:00,136.56662423239774,139.13262238748922,135.837767286179,138.03433227539062,141863200,0.0,0.0
2024-12-02 00:00:00-05:00,138.61338117601127,140.23084856577083,137.60496259418272,138.4136962890625,171682800,0.0,0.0
2024-12-03 00:00:00-05:00,138.04430354930304,140.32074544201365,137.73478959893222,140.0411834716797,164414000,0.0,0.0
2024-12-04 00:00:00-05:00,141.77845844597738,145.56253876730494,140.07111960214385,144.91355895996094,231224300,0.0,0.0
2024-12-05 00:00:00-05:00,144.89361745373108,146.3214777724878,143.7353435501018,144.84368896484375,172621200,0.01,0.0
2024-12-06 00:00:00-05:00,144.38435184545514,145.48270218050342,141.09924996942553,142.22756958007812,188505600,0.0,0.0
2024-12-09 00:00:00-05:00,138.76276188244717,139.74129618907318,136.9255094433844,138.60299682617188,189308600,0.0,0.0
2024-12-10 00:00:00-05:00,138.80268748950093,141.60850970621567,133.5904709096604,134.8685760498047,210020900,0.0,0.0
2024-12-11 00:00:00-05:00,137.155160163518,139.96096726526153,135.00837248215075,139.1022491455078,184905200,0.0,0.0
2024-12-12 00:00:00-05:00,136.8755708420711,138.23354324797214,135.59748095840345,137.1351776123047,159211400,0.0,0.0
2024-12-13 00:00:00-05:00,138.73281333743972,139.3918327936691,132.34234795745746,134.0498046875,231514900,0.0,0.0
2024-12-16 00:00:00-05:00,133.9798724705664,134.19954557462145,130.2254857362255,131.80313110351562,237951100,0.0,0.0
2024-12-17 00:00:00-05:00,128.89747709842524,131.39374870651014,126.67080709010266,130.19554138183594,259410300,0.0,0.0
2024-12-18 00:00:00-05:00,133.6603731199009,136.49613412730267,128.08869283192976,128.71775817871094,277444500,0.0,0.0
2024-12-19 00:00:00-05:00,131.56349862817564,133.8301176053825,129.3568029702355,130.485107421875,209719200,0.0,0.0
2024-12-20 00:00:00-05:00,129.61640819653473,135.07825184796977,128.02878306565836,134.49911499023438,306528600,0.0,0.0
2024-12-23 00:00:00-05:00,136.0767567466981,139.58151660116854,134.91848306333998,139.46170043945312,176053500,0.0,0.0
2024-12-24 00:00:00-05:00,139.79122163679293,141.6883821217358,138.44322876231024,140.01089477539062,105157000,0.0,0.0
2024-12-26 00:00:00-05:00,139.4916759779926,140.6399702368576,137.52461242783102,139.72132873535156,116205600,0.0,0.0
2024-12-27 00:00:00-05:00,138.343360478758,138.81266070877604,134.50909136357467,136.80564880371094,170582600,0.0,0.0
2024-12-30 00:00:00-05:00,134.628921256616,140.06081067569033,133.82013169900247,137.2849578857422,167734700,0.0,0.0
2024-12-31 00:00:00-05:00,137.82416524884428,137.8641141320975,133.63043143330796,134.08973693847656,155659200,0.0,0.0
2025-01-02 00:00:00-05:00,135.79717669922962,138.6728864930968,134.42922472124587,138.10372924804688,198247200,0.0,0.0
2025-01-03 00:00:00-05:00,139.8011917981673,144.6838985290199,139.52161059265686,144.25454711914062,229322500,0.0,0.0
2025-01-06 00:00:00-05:00,148.36840963752263,151.93309314343088,147.599568879649,149.2071533203125,265377400,0.0,0.0
2025-01-07 00:00:00-05:00,152.80177547515166,152.9016324332477,139.80118875754107,139.93099975585938,351782200,0.0,0.0
2025-01-08 00:00:00-05:00,142.36737985085435,143.73533196712347,137.3548616440079,139.90106201171875,227349900,0.0,0.0
2025-01-10 00:00:00-05:00,137.245002430509,139.7113198627779,134.01982395601576,135.70730590820312,207602500,0.0,0.0
2025-01-13 00:00:00-05:00,129.7961674567433,133.29094833912805,129.31687225149923,133.0313262939453,204808900,0.0,0.0
2025-01-14 00:00:00-05:00,135.84711813885167,136.1766278538369,129.85606565410438,131.56350708007812,195590500,0.0,0.0
2025-01-15 00:00:00-05:00,133.45068552943664,136.2465130176968,131.09420431967888,136.03683471679688,185217300,0.0,0.0
2025-01-16 00:00:00-05:00,138.43325045720013,138.5430870275282,133.2909365646461,133.37081909179688,209235600,0.0,0.0
2025-01-17 00:00:00-05:00,136.48617068576843,138.29346918098167,135.25800912447482,137.50465393066406,201188800,0.0,0.0
2025-01-21 00:00:00-05:00,138.95247218370304,141.6184885428412,136.88555189361048,140.61997985839844,197749000,0.0,0.0
2025-01-22 00:00:00-05:00,144.44426793757484,147.56958971587568,143.45573886876412,146.85067749023438,237651400,0.0,0.0
2025-01-23 00:00:00-05:00,144.83369562852502,147.0104373660888,143.50567717742842,147.00045776367188,155915500,0.0,0.0
2025-01-24 00:00:00-05:00,148.14872775799392,148.74783905952535,141.66841618539428,142.4073028564453,234657600,0.0,0.0
2025-01-27 00:00:00-05:00,124.6138830305536,128.20850504229963,116.52595684106743,118.24339294433594,818830900,0.0,0.0
2025-01-28 00:00:00-05:00,121.62835222502514,128.80763280108368,116.07664583818587,128.7976531982422,579666400,0.0,0.0
2025-01-29 00:00:00-05:00,126.31135328562937,126.70077107762197,119.8709750783515,123.5155258178711,467120600,0.0,0.0
2025-01-30 00:00:00-05:00,122.91641979157204,124.81358785050304,117.92387627755191,124.464111328125,392925500,0.0,0.0
2025-01-31 00:00:00-05:00,123.59541198682592,127.65934229890306,119.01226047612725,119.89094543457031,388161100,0.0,0.0
2025-02-03 00:00:00-05:00,114.57888277703151,118.39318602096668,112.84147962875147,116.48603820800781,371235700,0.0,0.0
2025-02-04 00:00:00-05:00,116.78557092036435,121.01924546805154,116.52595653802958,118.47305297851562,256550000,0.0,0.0
2025-02-05 00:00:00-05:00,121.57842315704723,124.8135892575584,120.57991444298676,124.64384460449219,262230800,0.0,0.0
2025-02-06 00:00:00-05:00,127.22998260932282,128.5779755110731,125.02327919443763,128.48809814453125,251483600,0.0,0.0
2025-02-07 00:00:00-05:00,129.02729180363133,130.17557068191934,124.8135839892709,129.6463623046875,228186300,0.0,0.0
2025-02-10 00:00:00-05:00,129.89599772289156,134.79867927002743,129.76620194780145,133.37081909179688,216989100,0.0,0.0
2025-02-11 00:00:00-05:00,132.38230132778313,134.27946199343057,130.8246300046561,132.6019744873047,178902400,0.0,0.0
2025-02-12 00:00:00-05:00,129.826117774307,132.04280851778788,128.8875170693692,130.94444274902344,160278600,0.0,0.0
2025-02-13 00:00:00-05:00,131.36379338160384,136.29642846871295,130.97437562399168,135.08822631835938,197430000,0.0,0.0
2025-02-14 00:00:00-05:00,136.2764682668825,139.04234173663804,135.29793396994222,138.6429443359375,195479600,0.0,0.0
2025-02-18 00:00:00-05:00,141.05934526698334,143.2261075780513,137.72431422880837,139.19212341308594,219176600,0.0,0.0
2025-02-19 00:00:00-05:00,139.3019353271886,141.14918241151278,137.01535723812603,139.02235412597656,167536000,0.0,0.0
2025-02-20 00:00:00-05:00,139.8211794831435,140.45024487315197,136.5860056380014,139.90106201171875,143903600,0.0,0.0
2025-02-21 00:00:00-05:00,139.83115735009994,141.24905316966826,133.83012530319377,134.22952270507812,228217600,0.0,0.0
2025-02-24 00:00:00-05:00,136.35635785611953,138.38332947991822,129.88602516626045,130.08572387695312,251381100,0.0,0.0
2025-02-25 00:00:00-05:00,129.78615711570163,130.00583024952502,124.25442559786755,126.44115447998047,271428700,0.0,0.0
2025-02-26 00:00:00-05:00,129.79614381296275,133.53055638167015,128.29838085048883,131.08421325683594,322553800,0.0,0.0
2025-02-27 00:00:00-05:00,134.7986697104659,134.8086493121392,119.83102696232622,119.97081756591797,443175800,0.0,0.0
2025-02-28 00:00:00-05:00,117.8439993429124,124.90345590188022,116.22642004317107,124.73371124267578,389091100,0.0,0.0
2025-03-03 00:00:00-05:00,123.32581202011416,123.51552349340123,112.11255593535711,113.88990020751953,411381400,0.0,0.0
2025-03-04 00:00:00-05:00,110.48499132597254,119.13207287466713,109.9457957033308,115.81702423095703,398163300,0.0,0.0
2025-03-05 00:00:00-05:00,117.40464986998916,118.10360288358513,114.33922859376143,117.12506866455078,284337900,0.0,0.0
2025-03-06 00:00:00-05:00,113.3606904001891,115.17797591196373,110.05562907278994,110.40510559082031,321181900,0.0,0.0
2025-03-07 00:00:00-05:00,111.0841023095759,113.31078025161912,107.3996024558792,112.52195739746094,341755500,0.0,0.0
2025-03-10 00:00:00-04:00,109.73610085349598,111.6831896506324,105.30272006245755,106.8204574584961,366487400,0.0,0.0
2025-03-11 00:00:00-04:00,106.83044416478043,112.0726148635708,104.6137536218378,108.59780883789062,354865700,0.0,0.0
2025-03-12 00:00:00-04:00,113.9602977987337,116.5966026479449,112.72202762810602,115.5780258178711,323857500,0.01,0.0
2025-03-13 00:00:00-04:00,116.86621875800482,117.59520049683546,113.63075517539951,115.41825103759766,299033100,0.0,0.0
2025-03-14 00:00:00-04:00,118.44401014075397,121.70943054003341,117.98465480860956,121.49972534179688,277593500,0.0,0.0
2025-03-17 00:00:00-04:00,122.56823120330081,122.71802281178023,117.86482345684047,119.36272430419922,255501500,0.0,0.0
2025-03-18 00:00:00-04:00,117.83486627342975,118.85343549406599,114.37970924440411,115.26846313476562,299686900,0.0,0.0
2025-03-19 00:00:00-04:00,117.10587965509883,120.2814296141779,115.51810848491796,117.35552978515625,273426200,0.0,0.0
2025-03-20 00:00:00-04:00,116.3868956857552,120.03178155242583,116.30700581426807,118.36412048339844,248829700,0.0,0.0
2025-03-21 00:00:00-04:00,116.77634740953133,117.82487338576216,115.25847035053427,117.5352783203125,266498500,0.0,0.0
2025-03-24 00:00:00-04:00,119.71223179694545,122.04896105750126,119.17298658297102,121.24009704589844,228452500,0.0,0.0
2025-03-25 00:00:00-04:00,120.38129181712452,121.12025404464302,118.75356814650013,120.5210952758789,167447200,0.0,0.0
2025-03-26 00:00:00-04:00,118.5638454632065,118.6736845133834,112.55226594608844,113.60079956054688,293463300,0.0,0.0
2025-03-27 00:00:00-04:00,111.19417323533278,114.28983351449122,110.50514401476981,111.27406311035156,236902100,0.0,0.0
2025-03-28 00:00:00-04:00,111.33397804410711,112.71205173921601,108.91736643615505,109.51652526855469,229872500,0.0,0.0
2025-03-31 00:00:00-04:00,104.98287310192077,110.80471613819729,103.50494855407659,108.22832489013672,299212700,0.0,0.0
2025-04-01 00:00:00-04:00,108.36813339033893,110.04578269736857,106.32100673854832,109.99585723876953,222614000,0.0,0.0
2025-04-02 00:00:00-04:00,107.1398479774266,111.82328673498283,106.64054773013802,110.26546478271484,220601200,0.0,0.0
2025-04-03 00:00:00-04:00,103.36514539947606,105.48217369637304,101.45781468579652,101.65753936767578,338769400,0.0,0.0
2025-04-04 00:00:00-04:00,98.7715853475697,99.98987163475934,91.98109847139008,94.17801666259766,532273800,0.0,0.0
2025-04-07 00:00:00-04:00,87.33760304641297,101.60760579690213,86.49878224276449,97.50335693359375,611041300,0.0,0.0
2025-04-08 00:00:00-04:00,103.66472218207363,105.70186824827938,94.3278084260022,96.16523742675781,476243400,0.0,0.0
2025-04-09 00:00:00-04:00,98.75161045127601,114.9389248904037,97.39351305704149,114.17000579833984,612918300,0.0,0.0
2025-04-10 00:00:00-04:00,109.21694044618194,110.70485307181585,99.01124202201945,107.4194564819336,437812400,0.0,0.0
2025-04-11 00:00:00-04:00,108.34815778630501,111.39389245819964,107.32958859529616,110.7747573852539,313417300,0.0,0.0
2025-04-14 00:00:00-04:00,113.95031245540225,114.13006086401796,108.91736463288024,110.55506896972656,264705000,0.0,0.0
2025-04-15 00:00:00-04:00,110.81470199440513,113.46099492172469,110.3453585264742,112.04297637939453,228966900,0.0,0.0
2025-04-16 00:00:00-04:00,104.40369410395131,106.64055727885454,100.30942561460589,104.3437728881836,397016900,0.0,0.0
2025-04-17 00:00:00-04:00,104.30382580885471,104.32380208660638,99.90998942448081,101.34796905517578,292517500,0.0,0.0
2025-04-21 00:00:00-04:00,98.63178134580184,99.30084956133582,94.90700524452377,96.7743911743164,288501100,0.0,0.0
2025-04-22 00:00:00-04:00,98.6417555090913,99.67031279819463,97.14385476914264,98.75160217285156,241004800,0.0,0.0
2025-04-23 00:00:00-04:00,104.37372584399631,104.6533403969428,101.87722447592722,102.5662612915039,247526000,0.0,0.0
2025-04-24 00:00:00-04:00,103.33518320501399,106.39089830035945,102.96569827687256,106.28105163574219,220815000,0.0,0.0
2025-04-25 00:00:00-04:00,106.70047033928225,111.76337496991529,105.58204256681438,110.85465240478516,251064700,0.0,0.0
2025-04-28 00:00:00-04:00,109.53649833991803,110.21554702841466,105.8716284785824,108.57784271240234,207708500,0.0,0.0
2025-04-29 00:00:00-04:00,107.5193148494054,110.04577291521682,107.2896409990865,108.86742401123047,170444300,0.0,0.0
2025-04-30 00:00:00-04:00,104.32379376082015,108.76756286621094,103.93434018163836,108.76756286621094,235044600,0.0,0.0
2025-05-01 00:00:00-04:00,112.92175572108304,114.77915341441685,111.14424790285813,111.45381164550781,236121500,0.0,0.0
2025-05-02 00:00:00-04:00,114.02021557227994,115.23850951002053,113.21135153306962,114.33976745605469,190194800,0.0,0.0
2025-05-05 00:00:00-04:00,112.75199066583207,114.5095221313392,112.50234053074915,113.66071319580078,133163200,0.0,0.0
2025-05-06 00:00:00-04:00,111.32399638135878,114.57942879752297,110.66491633937942,113.38111114501953,158525600,0.0,0.0
2025-05-07 00:00:00-04:00,112.89179643623137,117.51531428959993,112.12286973799952,116.89617919921875,206758800,0.0,0.0
2025-05-08 00:00:00-04:00,118.08451525459601,118.51391379663416,115.68787240644632,117.20574951171875,198428100,0.0,0.0
2025-05-09 00:00:00-04:00,117.1857803819228,118.06455379711826,115.0487756801452,116.48676300048828,132972200,0.0,0.0
2025-05-12 00:00:00-04:00,121.79930827024249,122.82786560058594,120.11167093091153,122.82786560058594,225023300,0.0,0.0
2025-05-13 00:00:00-04:00,124.80509195257008,131.0363568449821,124.29580357204036,129.74815368652344,330430100,0.0,0.0
2025-05-14 00:00:00-04:00,133.01359953083553,135.2504704050171,131.4957223220182,135.15060424804688,281180800,0.0,0.0
2025-05-15 00:00:00-04:00,134.10205882491402,136.1092556474961,132.47435031815246,134.6413116455078,226632600,0.0,0.0
2025-05-16 00:00:00-04:00,136.02937003025397,136.15919297953724,133.27323795943153,135.21051025390625,226542500,0.0,0.0
2025-05-19 00:00:00-04:00,132.20472197026768,135.67984750647184,132.20472197026768,135.38027954101562,193154600,0.0,0.0
2025-05-20 00:00:00-04:00,134.10205468200522,134.39165736048994,132.4343936724944,134.1919403076172,161514200,0.0,0.0
2025-05-21 00:00:00-04:00,132.87380141479636,137.20772462329396,130.4072565649854,131.61557006835938,270608700,0.0,0.0
2025-05-22 00:00:00-04:00,132.0449376190489,134.0621148614722,131.3658966044825,132.64410400390625,187344000,0.0,0.0
2025-05-23 00:00:00-04:00,129.8180590665907,132.49430097030302,128.97923834191374,131.1062469482422,198821300,0.0,0.0
2025-05-27 00:00:00-04:00,133.96224703921547,135.47014350181522,133.1234263008756,135.31036376953125,192953600,0.0,0.0
2025-05-28 00:00:00-04:00,135.83961638539918,137.0579101389624,134.60134635659116,134.62132263183594,304021100,0.0,0.0
2025-05-29 00:00:00-04:00,142.05090829751865,143.28917829117677,137.71698617586475,138.9951934814453,369241900,0.0,0.0
2025-05-30 00:00:00-04:00,138.5258751739265,139.42460961066672,132.73398869983464,134.94090270996094,333170900,0.0,0.0
2025-06-02 00:00:00-04:00,135.30040481856875,137.92671411351492,135.2105191814341,137.18775939941406,197663100,0.0,0.0
2025-06-03 00:00:00-04:00,138.5857816307834,141.801276586457,137.75694135463795,141.02236938476562,225578800,0.0,0.0
2025-06-04 00:00:00-04:00,141.99101618842522,142.19073325311263,139.34471555965237,141.7213897705078,167120800,0.0,0.0
2025-06-05 00:00:00-04:00,141.97103980754113,143.79848066110154,138.63571759363617,139.79409790039062,231397900,0.0,0.0
2025-06-06 00:00:00-04:00,142.31055518995854,143.0695013401578,141.31195466595716,141.52166748046875,153986200,0.0,0.0
2025-06-09 00:00:00-04:00,142.98963386491081,144.7970986584505,141.74138301440692,142.430419921875,185114500,0.0,0.0
2025-06-10 00:00:00-04:00,142.49031793007975,144.088069701399,141.33193761060437,143.758544921875,155881900,0.0,0.0
2025-06-11 00:00:00-04:00,144.41764573923192,144.79714515361243,141.6812848999734,142.6400146484375,167694000,0.01,0.0
2025-06-12 00:00:00-04:00,141.78117540604916,144.80714416503906,141.66133988719625,144.80714416503906,162365000,0.0,0.0
2025-06-13 00:00:00-04:00,142.2904745799642,143.38901749969733,140.6626531024409,141.78115844726562,180820600,0.0,0.0
2025-06-16 00:00:00-04:00,143.159329390418,145.98555166191812,143.00951976951112,144.49754333496094,183133700,0.0,0.0
2025-06-17 00:00:00-04:00,144.29781716982143,145.02684191909495,143.58875484653294,143.9282989501953,139108000,0.0,0.0
2025-06-18 00:00:00-04:00,143.81843788371728,145.4562558084884,142.92962233744194,145.28648376464844,161494100,0.0,0.0
2025-06-20 00:00:00-04:00,145.2565234707711,146.00552584195606,142.46024490398213,143.65866088867188,242956200,0.0,0.0
2025-06-23 00:00:00-04:00,142.31046402404658,144.58743022935184,141.84108794116847,143.97824096679688,154308900,0.0,0.0
2025-06-24 00:00:00-04:00,145.36637857516104,147.76319531946535,145.3064608232896,147.70326232910156,187566100,0.0,0.0
2025-06-25 00:00:00-04:00,149.07147669890958,154.24458003760031,149.0614802461701,154.10476684570312,269146500,0.0,0.0
2025-06-26 00:00:00-04:00,155.77251147358507,156.5115326130379,153.795149532093,154.8137969970703,198145700,0.0,0.0
2025-06-27 00:00:00-04:00,155.83244416127852,158.4989061985097,155.05348286000648,157.54017639160156,263234500,0.0,0.0
2025-06-30 00:00:00-04:00,158.18931982233872,158.44898377155747,155.75257785474952,157.77987670898438,194580300,0.0,0.0
2025-07-01 00:00:00-04:00,156.08211312403307,156.9909063970138,151.2885097592641,153.09609985351562,213143600,0.0,0.0
2025-07-02 00:00:00-04:00,152.77650803107835,157.39037305932783,152.7665268185242,157.04083251953125,171224100,0.0,0.0
2025-07-03 00:00:00-04:00,158.1593559409033,160.7658851337161,157.56016311083363,159.12806701660156,143716100,0.0,0.0
2025-07-07 00:00:00-04:00,157.98958568340035,159.09810995597124,157.13072890250317,158.029541015625,140139000,0.0,0.0
2025-07-08 00:00:00-04:00,159.11807865757584,160.0068942683196,158.1793265036118,159.7871856689453,138133000,0.0,0.0
2025-07-09 00:00:00-04:00,161.0055648799297,164.20130555952733,160.94564712320184,162.66336059570312,183656400,0.0,0.0
2025-07-10 00:00:00-04:00,164.10143771292147,164.28119097215313,161.3950357038234,163.88172912597656,167704100,0.0,0.0
2025-07-11 00:00:00-04:00,163.50222183922534,167.6666731011634,163.2525543877531,164.70062255859375,193633300,0.0,0.0
2025-07-14 00:00:00-04:00,165.1500194092157,165.26987014699793,161.80448473325933,163.8517608642578,136975800,0.0,0.0
2025-07-15 00:00:00-04:00,170.96229989605533,172.17068192225182,168.97494134085255,170.4729461669922,230627400,0.0,0.0
2025-07-16 00:00:00-04:00,170.83247408910898,171.52155877211666,168.67534340451815,171.14205932617188,158831500,0.0,0.0
2025-07-17 00:00:00-04:00,171.79120519874627,173.92835823409905,170.60278554683865,172.7698974609375,160841100,0.0,0.0
2025-07-18 00:00:00-04:00,173.4090543863528,174.0182436825287,171.03221496217563,172.18069458007812,146456400,0.0,0.0
2025-07-21 00:00:00-04:00,172.52022673163836,173.1493936504508,170.77255439137573,171.1520538330078,123126100,0.0,0.0
2025-07-22 00:00:00-04:00,171.11211125862738,171.16204780548466,164.36110765827524,166.80784606933594,193114300,0.0,0.0
2025-07-23 00:00:00-04:00,169.30450383433347,171.03219846298632,167.74658125695927,170.55284118652344,154082200,0.0,0.0
2025-07-24 00:00:00-04:00,172.21063723590794,173.59878776513457,171.07215417768242,173.5089111328125,128984600,0.0,0.0
2025-07-25 00:00:00-04:00,173.3790956402227,174.4876199263022,172.7299662493585,173.2692413330078,122316800,0.0,0.0
2025-07-28 00:00:00-04:00,173.78854323017163,176.7645753161742,173.73860668662087,176.51490783691406,140023500,0.0,0.0
2025-07-29 00:00:00-04:00,177.7233037615148,179.14141320408203,174.78721179005433,175.27655029296875,154077500,0.0,0.0
2025-07-30 00:00:00-04:00,176.27520150705504,179.65071031876445,175.80582548039158,179.0315399169922,174312200,0.0,0.0
2025-07-31 00:00:00-04:00,182.65671589592668,183.05619299307685,175.69598557745124,177.63340759277344,221685400,0.0,0.0
2025-08-01 00:00:00-04:00,173.85844036702034,176.3051785902702,170.66269971388826,173.4889373779297,204529000,0.0,0.0
2025-08-04 00:00:00-04:00,174.9270307365029,179.9603205403546,174.28788258302183,179.76058959960938,148174600,0.0,0.0
2025-08-05 00:00:00-04:00,179.38109521170273,180.02024338323596,175.66604170263633,178.0229034423828,156407600,0.0,0.0
2025-08-06 00:00:00-04:00,176.09546439011424,179.66070799076476,176.01556896990587,179.1813507080078,137192300,0.0,0.0
2025-08-07 00:00:00-04:00,181.32849521637667,183.63542017290519,178.56217541570945,180.52955627441406,151878400,0.0,0.0
2025-08-08 00:00:00-04:00,181.30852119793246,183.05619350177665,180.16004168373897,182.4569854736328,123396700,0.0,0.0
2025-08-11 00:00:00-04:00,181.80785936297346,183.59547178906817,180.01025048518693,181.81784057617188,138323200,0.0,0.0
2025-08-12 00:00:00-04:00,182.7166509044063,184.234618174838,179.22130626788388,182.9163818359375,145485700,0.0,0.0
2025-08-13 00:00:00-04:00,182.37707840680864,183.72528876478472,179.11143905360885,181.34844970703125,179871700,0.0,0.0
2025-08-14 00:00:00-04:00,179.51090820642335,182.7765629312542,179.22130065055427,181.77789306640625,129554000,0.0,0.0
2025-08-15 00:00:00-04:00,181.6380820439347,181.658044469753,177.8031781362909,180.20997619628906,156602200,0.0,0.0
2025-08-18 00:00:00-04:00,180.3597704757432,182.69665413107447,180.34977402519155,181.76788330078125,132008000,0.0,0.0
2025-08-19 00:00:00-04:00,182.1873336556069,182.25724785967336,175.25657768801665,175.4063720703125,185229200,0.0,0.0
2025-08-20 00:00:00-04:00,174.93701244991922,175.76591033294957,168.57548977611862,175.1667022705078,215142700,0.0,0.0
2025-08-21 00:00:00-04:00,174.61743669419707,176.6646977817985,173.57881147306438,174.74725341796875,140040900,0.0,0.0
2025-08-22 00:00:00-04:00,172.38041630972646,178.35245819257523,170.9722880586796,177.75326538085938,172789400,0.0,0.0
2025-08-25 00:00:00-04:00,178.1127666514647,181.6680287357596,176.33513560931726,179.57081604003906,163012800,0.0,0.0
2025-08-26 00:00:00-04:00,179.82049655621498,182.14739921043056,178.57215920342722,181.52822875976562,168688200,0.0,0.0
2025-08-27 00:00:00-04:00,181.7379436715125,182.24727507184866,178.86178472902657,181.35845947265625,235518900,0.0,0.0
2025-08-28 00:00:00-04:00,180.57950348224864,184.22464261974775,176.17536544772958,179.93035888671875,281787800,0.0,0.0
2025-08-29 00:00:00-04:00,177.87309917143955,177.91303926310266,172.91968968806756,173.9483184814453,243257900,0.0,0.0
2025-09-02 00:00:00-04:00,169.77387989783634,172.15071909272382,166.99757884564528,170.55284118652344,231164900,0.0,0.0
2025-09-03 00:00:00-04:00,170.83246833565184,172.18067877773825,168.6553752976972,170.39305114746094,164424900,0.0,0.0
2025-09-04 00:00:00-04:00,170.34312465674856,171.6314020660847,169.1846639665207,171.43167114257812,141670100,0.0,0.0
2025-09-05 00:00:00-04:00,167.8065180303181,168.8051880252559,163.85179338392152,166.79786682128906,224441400,0.0,0.0
2025-09-08 00:00:00-04:00,167.32715219255022,170.73262035939155,167.12742125141602,168.0861358642578,163769100,0.0,0.0
2025-09-09 00:00:00-04:00,168.86509051949957,170.75257602974241,166.51822538667548,170.53286743164062,157548400,0.0,0.0
2025-09-10 00:00:00-04:00,176.4050468150653,179.05151589898875,175.2366048852674,177.09413146972656,226852000,0.0,0.0
2025-09-11 00:00:00-04:00,179.45113345293117,180.0503753259473,176.25521235533765,176.9443359375,151159300,0.01,0.0
2025-09-12 00:00:00-04:00,177.5435512454145,178.37249577533527,176.22522541777622,177.59349060058594,124911000,0.0,0.0
2025-09-15 00:00:00-04:00,175.44622258887705,178.62217970015598,174.28769658655634,177.52357482910156,147061600,0.0,0.0
2025-09-16 00:00:00-04:00,176.77453647764895,177.27389957504343,174.15787872389456,174.65724182128906,140737800,0.0,0.0
2025-09-17 00:00:00-04:00,172.42008695754546,172.97937117956877,168.1954794867923,170.0730743408203,211843800,0.0,0.0
2025-09-18 00:00:00-04:00,173.7583871307785,176.87442336525442,172.73969733735942,176.01551818847656,191763300,0.0,0.0
2025-09-19 00:00:00-04:00,175.54609885389235,177.8531538116004,174.95683884616588,176.4449462890625,237182100,0.0,0.0
2025-09-22 00:00:00-04:00,175.07670180251023,184.31491893588398,174.48745701577195,183.37611389160156,269637000,0.0,0.0
2025-09-23 00:00:00-04:00,181.73821238324945,182.18763613663097,175.9855548133895,178.2027130126953,192559600,0.0,0.0
2025-09-24 00:00:00-04:00,179.54100413716742,179.5509859124944,175.17656050171237,176.74456787109375,143564100,0.0,0.0
2025-09-25 00:00:00-04:00,174.2577508730865,180.03038734713982,172.90947958662534,177.4636688232422,191586700,0.0,0.0
2025-09-26 00:00:00-04:00,177.94304916264082,179.54101721374016,174.70717071687335,177.96302795410156,148573700,0.0,0.0
2025-09-29 00:00:00-04:00,180.20017297627672,183.7656330630971,180.09032771672483,181.61837768554688,193063500,0.0,0.0
2025-09-30 00:00:00-04:00,181.848063160254,187.11135435179565,181.2488213615314,186.3423309326172,236981000,0.0,0.0
2025-10-01 00:00:00-04:00,185.00404300205486,187.90034282726023,183.6657383394342,187.00149536132812,173844900,0.0,0.0
2025-10-02 00:00:00-04:00,189.35850113919957,190.80665113886596,187.82045419605362,188.64939880371094,136805800,0.0,0.0
2025-10-03 00:00:00-04:00,188.94900408551683,190.11751186051177,185.1438598655547,187.38099670410156,137596900,0.0,0.0
2025-10-06 00:00:00-04:00,185.2637075602064,186.9914995955013,183.09647356463947,185.30364990234375,157678100,0.0,0.0
2025-10-07 00:00:00-04:00,185.99277739696944,188.8191743935438,183.76562222076905,184.80429077148438,140088000,0.0,0.0
2025-10-08 00:00:00-04:00,186.33235229407293,189.35849142592937,186.30237648821537,188.86911010742188,130168900,0.0,0.0
2025-10-09 00:00:00-04:00,191.9851285494953,195.05122522476873,190.816620752273,192.32470703125,182997200,0.0,0.0
2025-10-10 00:00:00-04:00,193.26350393527704,195.37081685366852,181.81811007166195,182.92669677734375,268774400,0.0,0.0
2025-10-13 00:00:00-04:00,187.73056363822363,189.8678370807686,185.72312947730666,188.0801239013672,153482800,0.0,0.0
2025-10-14 00:00:00-04:00,184.53462639606815,184.5645869600227,179.47107773683655,179.8006591796875,205641400,0.0,0.0
2025-10-15 00:00:00-04:00,184.56460739230218,184.63451030281777,177.06416377208902,179.60093688964844,214450500,0.0,0.0
2025-10-16 00:00:00-04:00,181.99787810828644,183.0465437061986,179.5410200965125,181.5784149169922,179723300,0.0,0.0
2025-10-17 00:00:00-04:00,179.9504818191574,183.86550198639478,179.52103686227596,182.9866180419922,173135200,0.0,0.0
2025-10-20 00:00:00-04:00,182.89672994644732,184.96408521149223,181.4985041529273,182.4073486328125,128544700,0.0,0.0
2025-10-21 00:00:00-04:00,182.55714296878105,182.55714296878105,179.5709615871908,180.92922973632812,124240200,0.0,0.0
2025-10-22 00:00:00-04:00,180.9092591258601,183.20633238125785,176.53483359319367,180.05035400390625,162249600,0.0,0.0
2025-10-23 00:00:00-04:00,180.19017423035882,182.7968501503985,179.5609718650331,181.92796325683594,111363700,0.0,0.0
2025-10-24 00:00:00-04:00,183.60580497197222,187.23118563906056,183.26624175096782,186.02272033691406,131296700,0.0,0.0
2025-10-27 00:00:00-04:00,189.74798924630224,191.75542334831323,188.18996363054165,191.24607849121094,153452700,0.0,0.0
2025-10-28 00:00:00-04:00,192.80410966447576,202.89123585796654,191.66556232510956,200.77394104003906,297986200,0.0,0.0
2025-10-29 00:00:00-04:00,207.715080745974,211.9197249544373,204.51915980095313,206.77627563476562,308829600,0.0,0.0
2025-10-30 00:00:00-04:00,204.88867704045037,205.89740027142088,201.1534507471854,202.63156127929688,178864400,0.0,0.0
2025-10-31 00:00:00-04:00,206.18701808603035,207.70508615602077,201.81260775338424,202.23207092285156,179802200,0.0,0.0
2025-11-03 00:00:00-05:00,207.81493866642379,211.07078042213968,205.29814450690722,206.61647033691406,180267300,0.0,0.0
2025-11-04 00:00:00-05:00,202.7414122562426,203.71017785907821,197.67786326579136,198.43690490722656,188919300,0.0,0.0
2025-11-05 00:00:00-05:00,198.51681234435117,202.66152000582164,194.40205001057666,194.9613494873047,171350300,0.0,0.0
2025-11-06 00:00:00-05:00,196.169796348482,197.36826472822915,186.1425921093966,187.84042358398438,223029800,0.0,0.0
2025-11-07 00:00:00-05:00,184.66447901682176,188.08013622996737,178.68211848431696,187.91033935546875,264942300,0.0,0.0
2025-11-10 00:00:00-05:00,194.8614791513322,199.68532876518447,193.5431531870904,198.7964630126953,198897100,0.0,0.0
2025-11-11 00:00:00-05:00,194.91140808059743,195.17107140540628,191.05632435423007,192.91395568847656,176483300,0.0,0.0
2025-11-12 00:00:00-05:00,195.4706988945922,195.64048052491762,190.88654915774768,193.5531463623047,154935300,0.0,0.0
2025-11-13 00:00:00-05:00,190.80662838449902,191.1961309619508,183.61580336420005,186.62196350097656,207423100,0.0,0.0
2025-11-14 00:00:00-05:00,182.62707860640327,190.76669126639962,180.3499840264004,189.92776489257812,186591900,0.0,0.0
2025-11-17 00:00:00-05:00,185.73310233977776,188.75924133892028,184.08521029684528,186.3623046875,173628900,0.0,0.0
2025-11-18 00:00:00-05:00,183.14641371605563,184.5646030780414,179.42115405263684,181.1289825439453,213598900,0.0,0.0
2025-11-19 00:00:00-05:00,184.5545873026742,187.6206837111527,182.59709270204067,186.2823944091797,247246400,0.0,0.0
2025-11-20 00:00:00-05:00,195.70039225393623,195.7503316108911,179.62090987236718,180.40989685058594,343504800,0.0,0.0
2025-11-21 00:00:00-05:00,181.00913979899244,184.32490281868388,172.70971237567008,178.6521453857422,346926200,0.0,0.0
2025-11-24 00:00:00-05:00,179.2613745727385,183.26626122561635,176.25519889972114,182.31747436523438,256618300,0.0,0.0
2025-11-25 00:00:00-05:00,174.68719385821646,177.93305383278917,169.33402110596253,177.59349060058594,320600300,0.0,0.0
2025-11-26 00:00:00-05:00,181.3986455127995,182.67701383620675,178.01296428701193,180.03038024902344,183852000,0.0,0.0
2025-11-28 00:00:00-05:00,178.7819702942556,179.0616124091028,176.27517303639212,176.7745361328125,121332800,0.0,0.0
2025-12-01 00:00:00-05:00,174.53739527000454,180.07034727044882,173.45876908321011,179.69082641601562,188131000,0.0,0.0
2025-12-02 00:00:00-05:00,181.52845696763603,185.42349804109853,179.77070445469002,181.22885131835938,182632200,0.0,0.0
2025-12-03 00:00:00-05:00,180.8493441127912,182.21759414523953,178.88185225801445,179.36123657226562,165138000,0.0,0.0
2025-12-04 00:00:00-05:00,181.3987504426599,184.2952268834804,179.74078419330877,183.1566162109375,167364900,0.01,0.0
2025-12-05 00:00:00-05:00,183.66598269849337,184.43504894381925,180.6896172324408,182.1877899169922,143971100,0.0,0.0
2025-12-08 00:00:00-05:00,182.41751577930148,187.7709870845105,182.17780264974235,185.323974609375,204378100,0.0,0.0
2025-12-09 00:00:00-05:00,185.33395229946427,185.4937610485011,183.09669077375298,184.7446746826172,144719700,0.0,0.0
2025-12-10 00:00:00-05:00,184.74467463147755,185.2540478736652,181.8182359713298,183.55612182617188,162785400,0.0,0.0
2025-12-11 00:00:00-05:00,180.060377409269,181.09911899111663,176.40483245042134,180.70957946777344,182136600,0.0,0.0
2025-12-12 00:00:00-05:00,180.88937065842447,182.59729422559735,174.40727135263347,174.80679321289062,204274900,0.0,0.0
2025-12-15 00:00:00-05:00,177.7232402429772,178.20265125135413,174.8167814768023,176.0752410888672,164775600,0.0,0.0
2025-12-16 00:00:00-05:00,176.0452813318811,178.27257580423,174.68693742218818,177.50350952148438,148588100,0.0,0.0
2025-12-17 00:00:00-05:00,175.88548356566727,175.91544580087532,170.10252832729947,170.7317657470703,222775500,0.0,0.0
2025-12-18 00:00:00-05:00,174.3173807251694,175.93540231223645,171.6106906687844,173.9278564453125,176096000,0.0,0.0
2025-12-19 00:00:00-05:00,176.45477147838753,181.2289470656948,176.12517166919682,180.76951599121094,324925900,0.0,0.0
2025-12-22 00:00:00-05:00,183.6959478478248,183.935660967629,182.1278683380167,183.4662322998047,129064400,0.0,0.0
2025-12-23 00:00:00-05:00,182.7471036477755,189.099356383118,182.67718160782493,188.97950744628906,174873600,0.0,0.0
2025-12-24 00:00:00-05:00,187.71105179508496,188.67987134928,186.36269028434322,188.38023376464844,65528500,0.0,0.0
2025-12-26 00:00:00-05:00,189.68863982420257,192.45526970950266,187.7709805748158,190.2978973388672,139740300,0.0,0.0
2025-12-29 00:00:00-05:00,187.4813341773615,188.53004285167208,185.68352392965699,187.99070739746094,120006100,0.0,0.0
2025-12-30 00:00:00-05:00,188.01069817319677,188.75978454971104,186.70228116711607,187.31153869628906,97687300,0.0,0.0
2025-12-31 00:00:00-05:00,189.33907943283364,190.32786369396138,186.26282955778902,186.27281188964844,120100500,0.0,0.0
2026-01-02 00:00:00-05:00,189.60873357074172,192.69496568024334,188.03065649528438,188.6199493408203,148240500,0.0,0.0
2026-01-05 00:00:00-05:00,191.52640398377517,193.39413642527967,185.9232371396652,187.89083862304688,183529700,0.0,0.0
2026-01-06 00:00:00-05:00,190.2879203285983,191.935904267691,186.5924305704924,187.0119171142578,176862600,0.0,0.0
2026-01-07 00:00:00-05:00,188.34028795646717,191.13686475404677,186.3327268208183,188.87962341308594,153543200,0.0,0.0
2026-01-08 00:00:00-05:00,188.87963997886857,189.31910643994627,183.48622397884648,184.81459045410156,172457000,0.0,0.0
2026-01-09 00:00:00-05:00,184.8545293482555,186.1129888751533,183.44624341374129,184.63479614257812,131327500,0.0,0.0
2026-01-12 00:00:00-05:00,182.99680052530172,186.89204340473577,182.79704721562317,184.71470642089844,137968500,0.0,0.0
2026-01-13 00:00:00-05:00,184.7746378408776,187.88084992986475,183.17658082293008,185.58364868164062,160128900,0.0,0.0
2026-01-14 00:00:00-05:00,184.0954557419801,184.23528457453645,180.57973978602013,182.91688537597656,159586100,0.0,0.0
2026-01-15 00:00:00-05:00,186.27281050248445,189.46890929684608,186.103019420931,186.8221435546875,206188600,0.0,0.0
2026-01-16 00:00:00-05:00,188.84966224271636,190.20800608356458,185.85331687968656,186.0031280517578,187967200,0.0,0.0
2026-01-20 00:00:00-05:00,181.67839380225757,182.1578200140757,177.39362681050815,177.8530731201172,223345300,0.0,0.0
2026-01-21 00:00:00-05:00,178.8318922054109,185.15418310637224,178.18267486272933,183.09669494628906,200381000,0.0,0.0
2026-01-22 00:00:00-05:00,184.52493568425237,185.94320399708803,183.70592730123704,184.6148223876953,139636600,0.0,0.0
2026-01-23 00:00:00-05:00,187.27158465782284,189.3690325020707,186.59242035942677,187.44137573242188,142748100,0.0,0.0
2026-01-26 00:00:00-05:00,186.93200550896393,188.88960930416175,185.76343263076708,186.2428436279297,124799600,0.0,0.0
2026-01-27 00:00:00-05:00,187.01190478720812,189.76853699604698,185.47377232125424,188.29034423828125,143711600,0.0,0.0
2026-01-28 00:00:00-05:00,191.03700193406064,192.1156881225865,189.60873601436586,191.2866973876953,148552700,0.0,0.0
2026-01-29 00:00:00-05:00,191.10690928022157,193.244301759811,185.83334250366076,192.27548217773438,171764400,0.0,0.0
2026-01-30 00:00:00-05:00,190.97707539362895,194.25307849059112,189.23918956869622,190.8971710205078,179489500,0.0,0.0
2026-02-02 00:00:00-05:00,186.97195532434574,190.0681850900544,184.6547894061738,185.38389587402344,165794100,0.0,0.0
2026-02-03 00:00:00-05:00,186.01312186532803,186.04308409913696,176.01530661894333,180.12030029296875,204019600,0.0,0.0
2026-02-04 00:00:00-05:00,179.24138264216026,179.36123157735668,171.70057725198066,173.97779846191406,207014100,0.0,0.0
2026-02-05 00:00:00-05:00,174.71688060291817,176.604592702014,170.82163795446576,171.6706085205078,206312900,0.0,0.0
2026-02-06 00:00:00-05:00,176.47474973392875,186.77218713146127,174.3872995354016,185.1841278076172,231346200,0.0,0.0
2026-02-09 00:00:00-05:00,184.03552934237337,193.42408742490235,183.7259094221984,189.80848693847656,196387400,0.0,0.0
2026-02-10 00:00:00-05:00,191.1468699498802,192.24552080983682,187.89083145679504,188.31031799316406,136764800,0.0,0.0
2026-02-11 00:00:00-05:00,192.2155516352278,193.0245624433192,188.54004197866425,189.8184814453125,144192700,0.0,0.0
2026-02-12 00:00:00-05:00,192.79485804306626,193.3741533411549,186.28279615580217,186.7122802734375,189932500,0.0,0.0
2026-02-13 00:00:00-05:00,187.25162028422807,187.27160018883805,181.36879569323744,182.58731079101562,161888000,0.0,0.0
2026-02-17 00:00:00-05:00,181.5285959992061,186.92201173748992,178.9617194034806,184.7446746826172,162276900,0.0,0.0
2026-02-18 00:00:00-05:00,188.52005804720127,190.13807962880853,186.53247684939709,187.75099182128906,164749100,0.0,0.0
2026-02-19 00:00:00-05:00,186.8321237354349,188.20044994409497,185.43383529156333,187.6710968017578,126554500,0.0,0.0
2026-02-20 00:00:00-05:00,186.342734664171,190.09814888521723,185.71349722992974,189.58877563476562,178422300,0.0,0.0
2026-02-23 00:00:00-05:00,191.16683922839312,193.71373598373438,189.3490641935772,191.31666564941406,171584800,0.0,0.0
2026-02-24 00:00:00-05:00,191.2567378902843,193.53395924081437,187.171708627792,192.61508178710938,175123600,0.0,0.0
2026-02-25 00:00:00-05:00,194.2131137016724,197.38924768090467,193.5539140704845,195.32176208496094,250637100,0.0,0.0
2026-02-26 00:00:00-05:00,194.03334246429932,194.0533071271398,184.09546670933034,184.66476440429688,360807900,0.0,0.0
2026-02-27 00:00:00-05:00,181.0292033274304,182.36756729714082,176.1651407824763,176.97415161132812,311636500,0.0,0.0
2026-03-02 00:00:00-05:00,174.79680413295333,183.2365228635074,174.42725972943845,182.25770568847656,209095300,0.0,0.0
2026-03-03 00:00:00-05:00,178.27256086028186,180.67961330625172,176.70446619030554,179.83065795898438,178099400,0.0,0.0
2026-03-04 00:00:00-05:00,180.22019302825058,184.47499807110998,179.84065106191534,182.8170166015625,177731200,0.0,0.0
2026-03-05 00:00:00-05:00,180.94929874286032,183.83577756501342,177.6633132926684,183.1166534423828,198779700,0.0,0.0
2026-03-06 00:00:00-05:00,179.6209064601764,182.5373473445644,176.60459654479845,177.60337829589844,189021900,0.0,0.0
2026-03-09 00:00:00-04:00,176.61458806542097,182.68718325690133,175.34613090826778,182.427490234375,177213600,0.0,0.0
2026-03-10 00:00:00-04:00,182.17779858894656,186.21288569214076,181.7882742872215,184.544921875,179118500,0.0,0.0
2026-03-11 00:00:00-04:00,185.6935753620157,187.40157611978597,184.23526832414757,185.8134307861328,145280400,0.01,0.0
2026-03-12 00:00:00-04:00,183.83574790315467,184.72471123223085,181.53842231669145,182.9268035888672,155762700,0.0,0.0
2026-03-13 00:00:00-04:00,184.70472270189353,185.87335881208497,179.73052445930352,180.0401611328125,160988400,0.0,0.0
2026-03-16 00:00:00-04:00,182.7570048934839,188.66012868968363,181.19882333613754,183.0067138671875,217307400,0.0,0.0
2026-03-17 00:00:00-04:00,184.8445618023411,185.1841623368753,181.4684917186082,181.71820068359375,182497800,0.0,0.0
2026-03-18 00:00:00-04:00,182.26756764801692,183.16652908726184,180.12007659614625,180.1899871826172,156683100,0.0,0.0
2026-03-19 00:00:00-04:00,177.80276430906588,179.77047215436778,175.5853475010711,178.3521270751953,170968500,0.0,0.0
2026-03-20 00:00:00-04:00,177.79278016290237,178.05247199547227,171.52009228430225,172.4989471435547,241323500,0.0,0.0
2026-03-23 00:00:00-04:00,177.0536408486584,178.16234927411983,174.55655117338722,175.43553161621094,182836300,0.0,0.0
2026-03-24 00:00:00-04:00,174.6264683383626,176.01484951930743,173.777451794472,174.99603271484375,147667800,0.0,0.0
2026-03-25 00:00:00-04:00,176.89383761026875,181.00903649280792,176.64412864426953,178.47198486328125,162602100,0.0,0.0
2026-03-26 00:00:00-04:00,175.86504388946904,176.30451888215924,170.9407749866337,171.04066467285156,186152200,0.0,0.0
2026-03-27 00:00:00-04:00,169.80209026823204,170.77096223786808,166.81556566439232,167.32498168945312,196212700,0.0,0.0
2026-03-30 00:00:00-04:00,168.58352034150624,169.25273855906806,164.07877596313077,164.97772216796875,185627000,0.0,0.0
2026-03-31 00:00:00-04:00,166.77563225072552,174.41672082635512,166.7656493784466,174.1969757080078,226181300,0.0,0.0
2026-04-01 00:00:00-04:00,175.79511913229018,177.16351944386196,174.54657425208924,175.54541015625,168132000,0.0,0.0
2026-04-02 00:00:00-04:00,171.97954556798163,177.28337661769746,171.170490985778,177.18348693847656,143143200,0.0,0.0
2026-04-06 00:00:00-04:00,176.953760088437,177.58301630024127,175.55538077559635,177.43319702148438,107564300,0.0,0.0
2026-04-07 00:00:00-04:00,175.52541836668527,178.0225079733855,173.4578360976707,177.89266967773438,132534900,0.0,0.0
2026-04-08 00:00:00-04:00,184.28522303450282,185.0443328296099,180.09011531444295,181.8680419921875,147732700,0.0,0.0
2026-04-09 00:00:00-04:00,181.6283100364998,183.86570786090292,180.40972906189933,183.69590759277344,116428500,0.0,0.0
2026-04-10 00:00:00-04:00,184.09543736125556,189.77881591864653,184.08545448929232,188.41041564941406,160459500,0.0,0.0
2026-04-13 00:00:00-04:00,185.81343445538195,189.43921351677633,185.52377876103736,189.08961486816406,133648200,0.0,0.0
2026-04-14 00:00:00-04:00,190.61783708872017,196.28123474121094,190.54792650193752,196.28123474121094,161307000,0.0,0.0
2026-04-15 00:00:00-04:00,196.31119931453722,200.166706463506,195.5121427945441,198.63848876953125,185338400,0.0,0.0
2026-04-16 00:00:00-04:00,197.20015246424893,199.6173486077875,195.58204328148997,198.1190948486328,134012900,0.0,0.0
2026-04-17 00:00:00-04:00,199.66727910555997,201.46518667284232,199.03802288778024,201.44520568847656,160324400,0.0,0.0
2026-04-20 00:00:00-04:00,199.7471876833392,201.9346406188145,197.6096795882359,201.82476806640625,119381400,0.0,0.0
2026-04-21 00:00:00-04:00,201.89470437258373,202.51397775047528,198.76834314349978,199.64732360839844,107945300,0.0,0.0
2026-04-22 00:00:00-04:00,200.75603026628932,202.26426696777344,198.76834136586132,202.26426696777344,107501000,0.0,0.0
2026-04-23 00:00:00-04:00,202.22431724671497,203.59271751351986,196.99041179336916,199.4075927734375,113561800,0.0,0.0
2026-04-24 00:00:00-04:00,199.72721882416832,210.70441481695215,199.57738430538978,208.0275421142578,214134400,0.0,0.0
2026-04-27 00:00:00-04:00,209.4059296471886,216.5775789683675,207.13858324348888,216.3578338623047,187172400,0.0,0.0
2026-04-28 00:00:00-04:00,209.24613572912838,214.4800260296235,207.95762889823203,212.92184448242188,180275400,0.0,0.0
2026-04-29 00:00:00-04:00,212.4523894424142,212.47237042757808,207.33835459433345,209.00640869140625,123711800,0.0,0.0
2026-04-30 00:00:00-04:00,209.68560172993963,210.05518135667162,198.46867945247158,199.33767700195312,225239200,0.0,0.0
2026-05-01 00:00:00-04:00,201.0456862731779,202.76368521944246,196.89052532216473,198.21897888183594,128647000,0.0,0.0
2026-05-04 00:00:00-04:00,199.26774870200734,201.49514834231712,194.51329562325486,198.24893188476562,125368100,0.0,0.0
2026-05-05 00:00:00-04:00,199.06798360144137,200.00689171848026,195.80178617585554,196.271240234375,113406600,0.0,0.0
2026-05-06 00:00:00-04:00,199.65729931010404,208.0275486883452,198.37879062945476,207.5880584716797,188362800,0.0,0.0
2026-05-07 00:00:00-04:00,208.0974592073836,213.95063795079753,206.25960488465944,211.2537841796875,168307900,0.0,0.0
2026-05-08 00:00:00-04:00,212.7820061205359,217.5464575316693,212.642169707093,214.94947814941406,136421400,0.0,0.0
2026-05-11 00:00:00-04:00,213.79081709888328,222.04121091513153,213.64099781886503,219.18453979492188,160685800,0.0,0.0
2026-05-12 00:00:00-04:00,218.29558003818886,223.48952345691538,214.6698009927987,220.52297973632812,159176600,0.0,0.0
2026-05-13 00:00:00-04:00,224.6681467194947,227.57476278227756,221.3120728008497,225.56710815429688,150405400,0.0,0.0
2026-05-14 00:00:00-04:00,229.58243343997336,236.26463268418732,229.03307065698914,235.465576171875,180782900,0.0,0.0
2026-05-15 00:00:00-04:00,229.49252726355346,231.23050718880455,223.97896415639156,225.05770874023438,180977600,0.0,0.0
2026-05-18 00:00:00-04:00,229.60240180074675,229.7322553439391,218.1157890335498,222.0612030029297,146280900,0.0,0.0
2026-05-19 00:00:00-04:00,219.36432694236115,224.21866983705235,217.6563261548179,220.35317993164062,140948200,0.0,0.0
2026-05-20 00:00:00-04:00,222.9201831873553,225.8667612103758,220.2433103590018,223.20985412597656,184201600,0.0,0.0
2026-05-21 00:00:00-04:00,222.03121805596584,227.13526994336974,217.6762930684293,219.25445556640625,203381800,0.0,0.0
2026-05-22 00:00:00-04:00,220.64283833374193,220.75271088945502,214.54994865072538,215.07933044433594,169275700,0.0,0.0
2026-05-26 00:00:00-04:00,216.28791550863897,217.92600574795006,211.75320730356688,214.60987854003906,187202600,0.0,0.0
2026-05-27 00:00:00-04:00,213.87072806866348,213.90069192498567,208.53694826896,212.35250854492188,167601200,0.0,0.0
2026-05-28 00:00:00-04:00,211.03403615445995,215.2691056248748,210.97410844231206,214.00057983398438,143996000,0.0,0.0
2026-05-29 00:00:00-04:00,214.33020874183248,217.6063892667686,210.88422794322287,210.8942108154297,289410600,0.0,0.0
2026-06-01 00:00:00-04:00,215.47885750139108,224.60821672379726,215.44889364463796,224.09881591796875,212850700,0.0,0.0
2026-06-02 00:00:00-04:00,226.91551751623658,232.00958636747916,221.09231801448135,222.56060791015625,193362900,0.0,0.0
2026-06-03 00:00:00-04:00,221.46188713313538,222.56061267075634,214.2602739078757,214.5,160907000,0.0,0.0
2026-06-04 00:00:00-04:00,213.91000366210938,221.60000610351562,210.97000122070312,218.66000366210938,169022200,0.25,0.0
2026-06-05 00:00:00-04:00,214.52999877929688,214.8699951171875,204.3300018310547,205.10000610351562,219655500,0.0,0.0
2026-06-08 00:00:00-04:00,210.17999267578125,210.47000122070312,206.0,208.63999938964844,138372800,0.0,0.0
2026-06-09 00:00:00-04:00,210.6199951171875,211.39999389648438,199.33999633789062,208.19000244140625,180962500,0.0,0.0
2026-06-10 00:00:00-04:00,204.42999267578125,207.22000122070312,199.9199981689453,200.4199981689453,161746600,0.0,0.0
2026-06-11 00:00:00-04:00,201.49000549316406,205.66000366210938,199.5399932861328,204.8699951171875,158643200,0.0,0.0
2026-06-12 00:00:00-04:00,204.86000061035156,207.07000732421875,203.44000244140625,205.19000244140625,112001800,0.0,0.0
2026-06-15 00:00:00-04:00,208.9199981689453,212.7100067138672,208.33999633789062,212.4499969482422,149936700,0.0,0.0
2026-06-16 00:00:00-04:00,211.17999267578125,211.49000549316406,207.2899932861328,207.41000366210938,125694100,0.0,0.0
2026-06-17 00:00:00-04:00,208.52999877929688,209.2100067138672,203.0800018310547,204.64999389648438,128363500,0.0,0.0
2026-06-18 00:00:00-04:00,207.3300018310547,211.38999938964844,206.5,210.69000244140625,241272000,0.0,0.0
2026-06-22 00:00:00-04:00,211.44000244140625,213.99000549316406,207.72000122070312,208.64999389648438,122041400,0.0,0.0
2026-06-23 00:00:00-04:00,202.1699981689453,203.77000427246094,200.0,200.0399932861328,153496200,0.0,0.0
2026-06-24 00:00:00-04:00,200.1199951171875,201.6699981689453,196.5800018310547,199.0,151810700,0.0,0.0
2026-06-25 00:00:00-04:00,200.0800018310547,200.8000030517578,192.1300048828125,195.74000549316406,149550000,0.0,0.0
2026-06-26 00:00:00-04:00,193.1199951171875,195.5500030517578,191.22000122070312,192.52999877929688,179304100,0.0,0.0
2026-06-29 00:00:00-04:00,193.85000610351562,196.17999267578125,189.8000030517578,194.97000122070312,148835700,0.0,0.0
2026-06-30 00:00:00-04:00,197.24000549316406,200.6300048828125,195.11000061035156,200.08999633789062,166476700,0.0,0.0
2026-07-01 00:00:00-04:00,196.1999969482422,199.85000610351562,193.4499969482422,197.5800018310547,146147600,0.0,0.0
2026-07-02 00:00:00-04:00,197.13999938964844,200.05999755859375,192.35000610351562,194.8300018310547,142068700,0.0,0.0
2026-07-06 00:00:00-04:00,194.4199981689453,197.5500030517578,193.99000549316406,195.5500030517578,108999000,0.0,0.0
2026-07-07 00:00:00-04:00,192.3699951171875,198.41000366210938,191.13999938964844,196.92999267578125,124154600,0.0,0.0
2026-07-08 00:00:00-04:00,195.17999267578125,205.16000366210938,195.05999755859375,204.1199951171875,147419100,0.0,0.0
2026-07-09 00:00:00-04:00,204.4600067138672,204.58999633789062,198.9600067138672,202.77999877929688,132037400,0.0,0.0
2026-07-10 00:00:00-04:00,202.0,211.0,201.9199981689453,210.9600067138672,148421000,0.0,0.0
2026-07-13 00:00:00-04:00,208.5399932861328,210.57000732421875,203.0,203.52999877929688,121411000,0.0,0.0
2026-07-14 00:00:00-04:00,208.1999969482422,212.5500030517578,203.8000030517578,211.8000030517578,124379600,0.0,0.0
2026-07-15 00:00:00-04:00,212.00999450683594,213.80999755859375,206.0399932861328,212.5,118979465,0.0,0.0
