Date,Open,High,Low,Close,Volume,Dividends,Stock Splits
2022-01-03 00:00:00-05:00,273.0,273.5,271.8900146484375,273.3999938964844,344800,0.0,0.0
2022-01-04 00:00:00-05:00,273.29998779296875,273.5899963378906,272.4700012207031,273.010009765625,270400,0.0,0.0
2022-01-05 00:00:00-05:00,273.010009765625,273.8999938964844,272.8699951171875,273.20001220703125,304000,0.0,0.0
2022-01-06 00:00:00-05:00,273.1300048828125,274.1400146484375,273.1300048828125,273.45001220703125,249700,0.0,0.0
2022-01-07 00:00:00-05:00,273.54998779296875,274.1700134277344,272.0,273.9599914550781,295400,0.0,0.0
2022-01-10 00:00:00-05:00,273.3299865722656,273.7900085449219,272.6700134277344,273.4800109863281,186100,0.0,0.0
2022-01-11 00:00:00-05:00,273.3699951171875,273.3999938964844,272.70001220703125,273.2200012207031,265500,0.0,0.0
2022-01-12 00:00:00-05:00,273.3599853515625,273.6000061035156,272.20001220703125,272.7699890136719,561800,0.0,0.0
2022-01-13 00:00:00-05:00,273.1700134277344,273.44000244140625,272.5199890136719,273.2200012207031,152600,0.0,0.0
2022-01-14 00:00:00-05:00,272.92999267578125,273.6000061035156,272.8800048828125,273.3599853515625,179400,0.0,0.0
2022-01-18 00:00:00-05:00,273.1700134277344,273.3399963378906,272.6000061035156,273.0,262100,0.0,0.0
2022-01-19 00:00:00-05:00,273.1400146484375,273.3299865722656,272.6199951171875,273.0400085449219,340800,0.0,0.0
2022-01-20 00:00:00-05:00,273.1600036621094,273.4599914550781,272.75,273.0199890136719,240200,0.0,0.0
2022-01-21 00:00:00-05:00,272.9800109863281,273.8699951171875,272.2200012207031,272.760009765625,456400,0.0,0.0
2022-01-24 00:00:00-05:00,272.9200134277344,273.9599914550781,272.29998779296875,273.6400146484375,493900,0.0,0.0
2022-01-25 00:00:00-05:00,273.0,273.3299865722656,272.0,272.0,658700,0.0,0.0
2022-01-26 00:00:00-05:00,273.010009765625,273.32000732421875,272.0899963378906,272.57000732421875,331300,0.0,0.0
2022-01-27 00:00:00-05:00,272.8399963378906,273.1000061035156,272.04998779296875,273.0,377000,0.0,0.0
2022-01-28 00:00:00-05:00,272.7799987792969,273.0,272.2099914550781,272.9700012207031,410900,0.0,0.0
2022-01-31 00:00:00-05:00,272.8699951171875,273.17999267578125,272.29998779296875,272.95001220703125,411400,0.0,0.0
2022-02-01 00:00:00-05:00,272.95001220703125,273.1000061035156,272.1499938964844,273.0,350100,0.0,0.0
2022-02-02 00:00:00-05:00,272.95001220703125,273.1400146484375,272.6499938964844,272.8999938964844,315600,0.0,0.0
2022-02-03 00:00:00-05:00,272.6600036621094,273.1300048828125,272.4100036621094,272.6199951171875,304200,0.0,0.0
2022-02-04 00:00:00-05:00,272.7699890136719,273.0,272.44000244140625,272.5,227800,0.0,0.0
2022-02-07 00:00:00-05:00,272.6199951171875,272.79998779296875,272.1300048828125,272.32000732421875,375200,0.0,0.0
2022-02-08 00:00:00-05:00,272.5,272.95001220703125,272.0,272.32000732421875,564800,0.0,0.0
2022-02-09 00:00:00-05:00,272.6600036621094,272.92999267578125,272.260009765625,272.8699951171875,346200,0.0,0.0
2022-02-10 00:00:00-05:00,272.510009765625,273.0299987792969,272.5,272.79998779296875,395600,0.0,0.0
2022-02-11 00:00:00-05:00,272.8299865722656,272.8399963378906,272.1000061035156,272.4100036621094,537500,0.0,0.0
2022-02-14 00:00:00-05:00,272.4800109863281,272.95001220703125,272.1700134277344,272.7099914550781,300200,0.0,0.0
2022-02-15 00:00:00-05:00,272.67999267578125,273.07000732421875,272.260009765625,272.69000244140625,390100,0.0,0.0
2022-02-16 00:00:00-05:00,272.55999755859375,273.3999938964844,272.5299987792969,272.75,224600,0.0,0.0
2022-02-17 00:00:00-05:00,272.6700134277344,272.8599853515625,272.42999267578125,272.5400085449219,183600,0.0,0.0
2022-02-18 00:00:00-05:00,272.6000061035156,273.1700134277344,272.57000732421875,272.6600036621094,264400,0.0,0.0
2022-02-22 00:00:00-05:00,272.7200012207031,272.8999938964844,272.25,272.25,217300,0.0,0.0
2022-02-23 00:00:00-05:00,272.44000244140625,272.6600036621094,272.0299987792969,272.25,275100,0.0,0.0
2022-02-24 00:00:00-05:00,272.04998779296875,272.4200134277344,271.5,272.1600036621094,571500,0.0,0.0
2022-02-25 00:00:00-05:00,272.4700012207031,273.1000061035156,271.8299865722656,273.1000061035156,271700,0.0,0.0
2022-02-28 00:00:00-05:00,272.70001220703125,273.20001220703125,272.55999755859375,273.0,399700,0.0,0.0
2022-03-01 00:00:00-05:00,272.95001220703125,273.1099853515625,272.30999755859375,273.0,300700,0.0,0.0
2022-03-02 00:00:00-05:00,272.989990234375,273.1499938964844,272.6499938964844,272.70001220703125,199700,0.0,0.0
2022-03-03 00:00:00-05:00,272.8999938964844,273.19000244140625,272.6499938964844,272.9200134277344,190500,0.0,0.0
2022-03-04 00:00:00-05:00,272.7200012207031,272.9200134277344,272.6499938964844,272.8999938964844,134300,0.0,0.0
2022-03-07 00:00:00-05:00,272.70001220703125,273.3999938964844,272.67999267578125,273.3299865722656,524500,0.0,0.0
2022-03-08 00:00:00-05:00,273.1400146484375,273.82000732421875,272.6499938964844,272.79998779296875,313100,0.0,0.0
2022-03-09 00:00:00-05:00,273.2799987792969,273.5299987792969,272.9599914550781,273.45001220703125,177700,0.0,0.0
2022-03-10 00:00:00-05:00,273.0199890136719,274.0,273.0199890136719,273.5,128600,0.0,0.0
2022-03-11 00:00:00-05:00,273.3599853515625,273.54998779296875,272.8500061035156,273.010009765625,133300,0.0,0.0
2022-03-14 00:00:00-04:00,273.2099914550781,273.3399963378906,272.6400146484375,272.6499938964844,196700,0.0,0.0
2022-03-15 00:00:00-04:00,272.7200012207031,273.510009765625,272.5799865722656,273.20001220703125,255700,0.0,0.0
2022-03-16 00:00:00-04:00,273.3500061035156,273.5,272.8500061035156,273.1000061035156,192500,0.0,0.0
2022-03-17 00:00:00-04:00,273.0199890136719,273.04998779296875,272.3999938964844,272.45001220703125,202200,0.0,0.0
2022-03-18 00:00:00-04:00,272.5,273.3599853515625,271.9800109863281,273.2300109863281,239600,0.0,0.0
2022-03-21 00:00:00-04:00,273.20001220703125,273.5799865722656,272.6700134277344,273.3699951171875,253400,0.0,0.0
2022-03-22 00:00:00-04:00,273.4200134277344,273.489990234375,272.6000061035156,272.6000061035156,170700,0.0,0.0
2022-03-23 00:00:00-04:00,272.9200134277344,273.19000244140625,271.3599853515625,271.7699890136719,279600,0.0,0.0
2022-03-24 00:00:00-04:00,272.3900146484375,272.54998779296875,271.8999938964844,272.260009765625,111000,0.0,0.0
2022-03-25 00:00:00-04:00,272.32000732421875,272.5,271.7900085449219,271.94000244140625,117600,0.0,0.0
2022-03-28 00:00:00-04:00,271.9100036621094,272.4599914550781,271.80999755859375,272.3500061035156,142700,0.0,0.0
2022-03-29 00:00:00-04:00,272.4700012207031,272.989990234375,271.95001220703125,272.8399963378906,152300,0.0,0.0
2022-03-30 00:00:00-04:00,272.2200012207031,273.0899963378906,272.0,272.0,153200,0.0,0.0
2022-03-31 00:00:00-04:00,272.07000732421875,272.25,271.6000061035156,271.70001220703125,176100,0.0,0.0
2022-04-01 00:00:00-04:00,271.8999938964844,273.7300109863281,271.8299865722656,272.79998779296875,208000,0.0,0.0
2022-04-04 00:00:00-04:00,273.0799865722656,273.3900146484375,272.1600036621094,272.3399963378906,209200,0.0,0.0
2022-04-05 00:00:00-04:00,272.3999938964844,273.0,272.0,272.25,222100,0.0,0.0
2022-04-06 00:00:00-04:00,272.20001220703125,272.7900085449219,272.1499938964844,272.2099914550781,417800,0.0,0.0
2022-04-07 00:00:00-04:00,272.2799987792969,272.55999755859375,271.6000061035156,271.8999938964844,239600,0.0,0.0
2022-04-08 00:00:00-04:00,272.2699890136719,272.79998779296875,272.1099853515625,272.3500061035156,207900,0.0,0.0
2022-04-11 00:00:00-04:00,272.4700012207031,272.6700134277344,272.0199890136719,272.0199890136719,163900,0.0,0.0
2022-04-12 00:00:00-04:00,272.2699890136719,272.45001220703125,272.0,272.20001220703125,326600,0.0,0.0
2022-04-13 00:00:00-04:00,272.2200012207031,273.25,272.2200012207031,272.239990234375,131200,0.0,0.0
2022-04-14 00:00:00-04:00,272.32000732421875,273.1499938964844,272.32000732421875,272.6700134277344,145900,0.0,0.0
2022-04-18 00:00:00-04:00,272.54998779296875,273.75,272.54998779296875,273.739990234375,157500,0.0,0.0
2022-04-19 00:00:00-04:00,273.6000061035156,274.510009765625,272.6099853515625,273.7300109863281,168800,0.0,0.0
2022-04-20 00:00:00-04:00,273.8399963378906,274.1099853515625,272.8299865722656,272.8299865722656,202100,0.0,0.0
2022-04-21 00:00:00-04:00,273.1199951171875,273.94000244140625,272.8999938964844,272.8999938964844,81800,0.0,0.0
2022-04-22 00:00:00-04:00,272.7900085449219,273.3800048828125,272.75,272.79998779296875,125000,0.0,0.0
2022-04-25 00:00:00-04:00,272.8500061035156,273.17999267578125,272.6600036621094,273.0,108500,0.0,0.0
2022-04-26 00:00:00-04:00,272.9100036621094,272.9100036621094,272.5,272.5,135900,0.0,0.0
2022-04-27 00:00:00-04:00,272.6700134277344,273.1300048828125,272.45001220703125,272.6000061035156,185400,0.0,0.0
2022-04-28 00:00:00-04:00,272.7099914550781,272.82000732421875,272.2699890136719,272.5,96800,0.0,0.0
2022-04-29 00:00:00-04:00,272.6000061035156,273.1600036621094,270.7200012207031,270.7200012207031,160000,0.0,0.0
2022-05-02 00:00:00-04:00,272.0,272.8500061035156,271.7900085449219,272.5,159000,0.0,0.0
2022-05-03 00:00:00-04:00,272.25,272.8500061035156,272.1000061035156,272.1000061035156,122500,0.0,0.0
2022-05-04 00:00:00-04:00,272.29998779296875,273.239990234375,272.1199951171875,272.1199951171875,106700,0.0,0.0
2022-05-05 00:00:00-04:00,272.5799865722656,272.94000244140625,272.0899963378906,272.4700012207031,107200,0.0,0.0
2022-05-06 00:00:00-04:00,272.2099914550781,273.1700134277344,272.2099914550781,272.6499938964844,110100,0.0,0.0
2022-05-09 00:00:00-04:00,272.25,272.9100036621094,272.0,272.0,129500,0.0,0.0
2022-05-10 00:00:00-04:00,272.1600036621094,272.4800109863281,271.70001220703125,272.0,253900,0.0,0.0
2022-05-11 00:00:00-04:00,271.760009765625,272.30999755859375,270.32000732421875,270.92999267578125,166800,0.0,0.0
2022-05-12 00:00:00-04:00,270.4800109863281,271.989990234375,270.4800109863281,271.5799865722656,159700,0.0,0.0
2022-05-13 00:00:00-04:00,271.5,271.5,258.3999938964844,263.75,570900,0.0,0.0
2022-05-16 00:00:00-04:00,263.95001220703125,263.989990234375,259.7900085449219,259.8599853515625,159800,0.0,0.0
2022-05-17 00:00:00-04:00,260.0799865722656,262.5199890136719,260.0799865722656,262.1300048828125,124500,0.0,0.0
2022-05-18 00:00:00-04:00,258.7200012207031,262.8900146484375,254.3699951171875,254.82000732421875,267800,0.0,0.0
2022-05-19 00:00:00-04:00,251.8699951171875,258.69000244140625,251.8699951171875,256.7300109863281,222100,0.0,0.0
2022-05-20 00:00:00-04:00,257.9100036621094,259.3299865722656,256.1600036621094,259.3299865722656,132800,0.0,0.0
2022-05-23 00:00:00-04:00,259.7900085449219,261.6700134277344,257.19000244140625,261.5199890136719,158400,0.0,0.0
2022-05-24 00:00:00-04:00,261.3900146484375,262.7099914550781,258.3800048828125,259.8800048828125,147100,0.0,0.0
2022-05-25 00:00:00-04:00,259.0,262.04998779296875,259.0,260.3399963378906,98200,0.0,0.0
2022-05-26 00:00:00-04:00,260.6400146484375,262.3599853515625,260.5400085449219,262.1000061035156,227700,0.0,0.0
2022-05-27 00:00:00-04:00,261.7900085449219,265.3699951171875,260.9800109863281,265.3500061035156,104900,0.0,0.0
2022-05-31 00:00:00-04:00,264.989990234375,265.739990234375,262.0799865722656,265.3800048828125,132300,0.0,0.0
2022-06-01 00:00:00-04:00,265.69000244140625,265.69000244140625,261.92999267578125,262.260009765625,128600,0.0,0.0
2022-06-02 00:00:00-04:00,261.8999938964844,264.9700012207031,261.8999938964844,264.510009765625,154300,0.0,0.0
2022-06-03 00:00:00-04:00,264.1000061035156,265.3999938964844,262.92999267578125,264.6099853515625,123100,0.0,0.0
2022-06-06 00:00:00-04:00,264.8399963378906,267.04998779296875,260.510009765625,261.7699890136719,161700,0.0,0.0
2022-06-07 00:00:00-04:00,261.3800048828125,263.1000061035156,259.489990234375,261.2900085449219,130600,0.0,0.0
2022-06-08 00:00:00-04:00,260.1000061035156,262.2200012207031,260.1000061035156,260.260009765625,127700,0.0,0.0
2022-06-09 00:00:00-04:00,260.20001220703125,261.5799865722656,260.20001220703125,260.7799987792969,65100,0.0,0.0
2022-06-10 00:00:00-04:00,259.8900146484375,261.0,259.2099914550781,259.9100036621094,86500,0.0,0.0
2022-06-13 00:00:00-04:00,258.57000732421875,259.8900146484375,254.38999938964844,255.33999633789062,165900,0.0,0.0
2022-06-14 00:00:00-04:00,255.39999389648438,257.92999267578125,252.8699951171875,253.44000244140625,193200,0.0,0.0
2022-06-15 00:00:00-04:00,255.10000610351562,257.5899963378906,253.6999969482422,256.04998779296875,240300,0.0,0.0
2022-06-16 00:00:00-04:00,255.9499969482422,257.3399963378906,253.32000732421875,257.0799865722656,160400,0.0,0.0
2022-06-17 00:00:00-04:00,258.67999267578125,260.3699951171875,256.1700134277344,259.3800048828125,224600,0.0,0.0
2022-06-21 00:00:00-04:00,260.7099914550781,260.7099914550781,256.7900085449219,259.1700134277344,157800,0.0,0.0
2022-06-22 00:00:00-04:00,259.0,261.30999755859375,259.0,259.5799865722656,140700,0.0,0.0
2022-06-23 00:00:00-04:00,260.7300109863281,262.05999755859375,259.5,260.1400146484375,133500,0.0,0.0
2022-06-24 00:00:00-04:00,259.739990234375,262.30999755859375,259.5,259.5299987792969,242000,0.0,0.0
2022-06-27 00:00:00-04:00,261.17999267578125,261.79998779296875,260.1700134277344,260.5,159600,0.0,0.0
2022-06-28 00:00:00-04:00,261.1000061035156,261.9200134277344,259.3299865722656,259.3299865722656,102300,0.0,0.0
2022-06-29 00:00:00-04:00,259.5199890136719,260.7900085449219,256.69000244140625,260.0299987792969,205300,0.0,0.0
2022-06-30 00:00:00-04:00,258.82000732421875,262.0899963378906,258.0199890136719,262.0899963378906,143700,0.0,0.0
2022-07-01 00:00:00-04:00,260.7900085449219,261.3699951171875,259.80999755859375,261.0,162700,0.0,0.0
2022-07-05 00:00:00-04:00,259.6199951171875,261.54998779296875,258.54998779296875,261.2900085449219,225100,0.0,0.0
2022-07-06 00:00:00-04:00,261.04998779296875,263.4100036621094,260.6600036621094,263.0,136400,0.0,0.0
2022-07-07 00:00:00-04:00,263.0,264.1499938964844,261.04998779296875,263.4200134277344,139500,0.0,0.0
2022-07-08 00:00:00-04:00,262.75,263.2200012207031,261.010009765625,262.67999267578125,172900,0.0,0.0
2022-07-11 00:00:00-04:00,261.6300048828125,262.0,260.0,260.0,140100,0.0,0.0
2022-07-12 00:00:00-04:00,259.0400085449219,260.0400085449219,256.8500061035156,259.0,133300,0.0,0.0
2022-07-13 00:00:00-04:00,257.6700134277344,262.489990234375,257.6700134277344,261.92999267578125,75000,0.0,0.0
2022-07-14 00:00:00-04:00,260.6700134277344,264.8900146484375,260.3599853515625,263.2900085449219,90000,0.0,0.0
2022-07-15 00:00:00-04:00,263.4800109863281,266.3399963378906,262.1499938964844,264.0,130200,0.0,0.0
2022-07-18 00:00:00-04:00,264.8800048828125,266.1000061035156,263.04998779296875,263.5299987792969,118200,0.0,0.0
2022-07-19 00:00:00-04:00,263.9700012207031,267.17999267578125,263.1099853515625,266.010009765625,118700,0.0,0.0
2022-07-20 00:00:00-04:00,266.1400146484375,269.6000061035156,263.1099853515625,268.1099853515625,197800,0.0,0.0
2022-07-21 00:00:00-04:00,269.0,269.3999938964844,265.70001220703125,268.6000061035156,100400,0.0,0.0
2022-07-22 00:00:00-04:00,268.0,268.1499938964844,265.010009765625,267.8900146484375,113600,0.0,0.0
2022-07-25 00:00:00-04:00,267.5,269.79998779296875,266.25,268.95001220703125,189500,0.0,0.0
2022-07-26 00:00:00-04:00,267.55999755859375,269.29998779296875,265.010009765625,267.989990234375,94500,0.0,0.0
2022-07-27 00:00:00-04:00,266.7900085449219,269.29998779296875,266.0299987792969,269.29998779296875,133300,0.0,0.0
2022-07-28 00:00:00-04:00,268.94000244140625,271.1199951171875,265.010009765625,269.54998779296875,141200,0.0,0.0
2022-07-29 00:00:00-04:00,268.2900085449219,270.6499938964844,265.0199890136719,269.25,164300,0.0,0.0
2022-08-01 00:00:00-04:00,267.8500061035156,269.20001220703125,266.4200134277344,267.5,111700,0.0,0.0
2022-08-02 00:00:00-04:00,267.260009765625,268.32000732421875,266.8299865722656,266.989990234375,245800,0.0,0.0
2022-08-03 00:00:00-04:00,267.0199890136719,268.92999267578125,265.75,267.7699890136719,105000,0.0,0.0
2022-08-04 00:00:00-04:00,266.1600036621094,269.19000244140625,265.80999755859375,266.20001220703125,247700,0.0,0.0
2022-08-05 00:00:00-04:00,266.3900146484375,269.1499938964844,266.20001220703125,269.1000061035156,77800,0.0,0.0
2022-08-08 00:00:00-04:00,269.29998779296875,269.92999267578125,266.5,266.54998779296875,182600,0.0,0.0
2022-08-09 00:00:00-04:00,266.6400146484375,266.9100036621094,265.7699890136719,266.2200012207031,111700,0.0,0.0
2022-08-10 00:00:00-04:00,267.82000732421875,268.4100036621094,267.04998779296875,268.0,189000,0.0,0.0
2022-08-11 00:00:00-04:00,268.5,268.8500061035156,267.0,267.32000732421875,132600,0.0,0.0
2022-08-12 00:00:00-04:00,268.19000244140625,269.1000061035156,267.3299865722656,269.1000061035156,92000,0.0,0.0
2022-08-15 00:00:00-04:00,268.8299865722656,269.7799987792969,268.510009765625,269.67999267578125,137800,0.0,0.0
2022-08-16 00:00:00-04:00,269.1499938964844,270.1000061035156,269.0,269.6499938964844,63900,0.0,0.0
2022-08-17 00:00:00-04:00,269.5400085449219,270.6499938964844,269.2099914550781,269.5,119800,0.0,0.0
2022-08-18 00:00:00-04:00,269.5,270.20001220703125,268.67999267578125,269.3500061035156,144500,0.0,0.0
2022-08-19 00:00:00-04:00,269.4800109863281,269.5,265.54998779296875,266.17999267578125,201800,0.0,0.0
2022-08-22 00:00:00-04:00,266.0,266.3800048828125,264.6700134277344,264.7900085449219,207900,0.0,0.0
2022-08-23 00:00:00-04:00,264.54998779296875,265.8500061035156,250.63999938964844,252.75999450683594,751600,0.0,0.0
2022-08-24 00:00:00-04:00,253.0,256.0,252.5,252.57000732421875,226100,0.0,0.0
2022-08-25 00:00:00-04:00,252.77000427246094,254.92999267578125,252.0,254.6999969482422,117800,0.0,0.0
2022-08-26 00:00:00-04:00,255.5500030517578,255.97999572753906,253.72999572753906,254.55999755859375,80400,0.0,0.0
2022-08-29 00:00:00-04:00,253.8699951171875,254.2100067138672,252.5800018310547,253.14999389648438,97100,0.0,0.0
2022-08-30 00:00:00-04:00,253.64999389648438,255.27000427246094,253.14999389648438,253.7100067138672,104500,0.0,0.0
2022-08-31 00:00:00-04:00,253.14999389648438,253.9600067138672,250.22999572753906,250.52000427246094,166900,0.0,0.0
2022-09-01 00:00:00-04:00,251.13999938964844,252.75,249.8800048828125,250.32000732421875,235400,0.0,0.0
2022-09-02 00:00:00-04:00,252.0,258.5,251.9499969482422,257.3699951171875,366400,0.0,0.0
2022-09-06 00:00:00-04:00,257.19000244140625,257.19000244140625,249.5800018310547,251.6699981689453,486000,0.0,0.0
2022-09-07 00:00:00-04:00,252.0,252.4499969482422,249.1999969482422,250.14999389648438,312100,0.0,0.0
2022-09-08 00:00:00-04:00,250.0,252.0800018310547,244.8000030517578,252.0,391900,0.0,0.0
2022-09-09 00:00:00-04:00,252.60000610351562,255.24000549316406,251.7899932861328,254.07000732421875,183000,0.0,0.0
2022-09-12 00:00:00-04:00,255.17999267578125,256.0,253.00999450683594,254.88999938964844,151500,0.0,0.0
2022-09-13 00:00:00-04:00,253.92999267578125,254.69000244140625,253.0,253.63999938964844,115400,0.0,0.0
2022-09-14 00:00:00-04:00,254.0,254.99000549316406,252.14999389648438,253.99000549316406,88200,0.0,0.0
2022-09-15 00:00:00-04:00,253.64999389648438,253.64999389648438,249.49000549316406,249.7899932861328,209100,0.0,0.0
2022-09-16 00:00:00-04:00,249.57000732421875,250.08999633789062,247.49000549316406,249.22999572753906,295300,0.0,0.0
2022-09-19 00:00:00-04:00,249.3000030517578,249.3000030517578,243.0,243.38999938964844,313700,0.0,0.0
2022-09-20 00:00:00-04:00,241.99000549316406,243.3800048828125,241.3000030517578,242.38999938964844,136800,0.0,0.0
2022-09-21 00:00:00-04:00,243.52000427246094,244.85000610351562,241.47999572753906,241.47999572753906,105100,0.0,0.0
2022-09-22 00:00:00-04:00,240.83999633789062,252.49000549316406,240.49000549316406,246.75999450683594,350300,0.0,0.0
2022-09-23 00:00:00-04:00,246.75999450683594,246.91000366210938,242.2100067138672,244.25,149100,0.0,0.0
2022-09-26 00:00:00-04:00,245.0,245.8699951171875,241.5,241.6199951171875,130100,0.0,0.0
2022-09-27 00:00:00-04:00,241.8000030517578,245.97999572753906,241.8000030517578,244.1999969482422,121300,0.0,0.0
2022-09-28 00:00:00-04:00,244.0,247.24000549316406,242.16000366210938,246.02999877929688,169100,0.0,0.0
2022-09-29 00:00:00-04:00,247.10000610351562,248.35000610351562,243.5,245.77999877929688,172400,0.0,0.0
2022-09-30 00:00:00-04:00,246.6300048828125,248.25,240.4600067138672,241.8800048828125,267800,0.0,0.0
2022-10-03 00:00:00-04:00,242.61000061035156,246.27000427246094,241.75,242.47999572753906,168400,0.0,0.0
2022-10-04 00:00:00-04:00,244.1699981689453,245.32000732421875,243.39999389648438,244.6300048828125,112200,0.0,0.0
2022-10-05 00:00:00-04:00,242.60000610351562,244.38999938964844,240.49000549316406,240.50999450683594,84400,0.0,0.0
2022-10-06 00:00:00-04:00,241.52999877929688,241.63999938964844,237.19000244140625,238.02000427246094,147100,0.0,0.0
2022-10-07 00:00:00-04:00,238.0,238.0,234.72000122070312,236.3000030517578,120200,0.0,0.0
2022-10-10 00:00:00-04:00,236.0,237.22000122070312,234.08999633789062,234.77000427246094,69200,0.0,0.0
2022-10-11 00:00:00-04:00,235.0,236.1999969482422,232.2100067138672,233.2899932861328,198800,0.0,0.0
2022-10-12 00:00:00-04:00,234.0800018310547,234.36000061035156,230.64999389648438,231.32000732421875,144100,0.0,0.0
2022-10-13 00:00:00-04:00,232.77999877929688,233.07000732421875,228.22000122070312,229.0800018310547,263600,0.0,0.0
2022-10-14 00:00:00-04:00,230.3000030517578,235.27999877929688,229.3000030517578,234.35000610351562,284800,0.0,0.0
2022-10-17 00:00:00-04:00,235.17999267578125,236.91000366210938,234.30999755859375,235.08999633789062,119000,0.0,0.0
2022-10-18 00:00:00-04:00,235.69000244140625,240.66000366210938,235.69000244140625,239.89999389648438,161700,0.0,0.0
2022-10-19 00:00:00-04:00,238.17999267578125,240.0,235.35000610351562,238.99000549316406,172900,0.0,0.0
2022-10-20 00:00:00-04:00,237.55999755859375,240.16000366210938,233.27000427246094,234.75999450683594,186500,0.0,0.0
2022-10-21 00:00:00-04:00,236.9600067138672,237.1300048828125,234.1699981689453,235.83999633789062,127900,0.0,0.0
2022-10-24 00:00:00-04:00,236.97000122070312,238.08999633789062,234.69000244140625,235.13999938964844,134900,0.0,0.0
2022-10-25 00:00:00-04:00,235.13999938964844,239.47000122070312,234.27000427246094,237.47000122070312,147600,0.0,0.0
2022-10-26 00:00:00-04:00,237.3000030517578,237.3000030517578,233.36000061035156,234.10000610351562,193400,0.0,0.0
2022-10-27 00:00:00-04:00,235.0,239.6199951171875,234.4499969482422,236.6300048828125,200500,0.0,0.0
2022-10-28 00:00:00-04:00,236.61000061035156,240.97000122070312,234.5399932861328,236.0500030517578,141500,0.0,0.0
2022-10-31 00:00:00-04:00,235.6999969482422,239.3699951171875,234.9199981689453,235.3300018310547,205000,0.0,0.0
2022-11-01 00:00:00-04:00,235.5,235.5500030517578,228.5399932861328,229.49000549316406,701100,0.0,0.0
2022-11-02 00:00:00-04:00,129.0,131.4199981689453,124.5,127.83000183105469,4498800,0.0,0.0
2022-11-03 00:00:00-04:00,119.25,120.05000305175781,107.69999694824219,108.88999938964844,2558100,0.0,0.0
2022-11-04 00:00:00-04:00,110.75,111.52999877929688,104.97000122070312,105.62000274658203,1223100,0.0,0.0
2022-11-07 00:00:00-05:00,106.7699966430664,109.95999908447266,103.5,105.3499984741211,1072200,0.0,0.0
2022-11-08 00:00:00-05:00,106.11000061035156,107.25,103.66000366210938,104.55999755859375,1222500,0.0,0.0
2022-11-09 00:00:00-05:00,102.05999755859375,104.51000213623047,99.80000305175781,102.4800033569336,1242100,0.0,0.0
2022-11-10 00:00:00-05:00,105.08000183105469,108.79000091552734,105.08000183105469,107.97000122070312,727500,0.0,0.0
2022-11-11 00:00:00-05:00,108.0,108.33000183105469,103.72000122070312,104.55000305175781,697200,0.0,0.0
2022-11-14 00:00:00-05:00,105.43000030517578,105.43000030517578,103.11000061035156,103.77999877929688,469500,0.0,0.0
2022-11-15 00:00:00-05:00,104.7699966430664,107.87999725341797,104.1500015258789,107.08999633789062,571300,0.0,0.0
2022-11-16 00:00:00-05:00,106.76000213623047,106.76000213623047,104.80000305175781,105.16999816894531,356000,0.0,0.0
2022-11-17 00:00:00-05:00,103.72000122070312,104.86000061035156,102.0,103.69000244140625,472200,0.0,0.0
2022-11-18 00:00:00-05:00,104.19000244140625,105.43000030517578,100.11000061035156,100.51000213623047,500800,0.0,0.0
2022-11-21 00:00:00-05:00,100.0,101.37000274658203,98.44999694824219,100.8499984741211,477600,0.0,0.0
2022-11-22 00:00:00-05:00,100.75,102.2300033569336,98.70999908447266,99.9000015258789,315400,0.0,0.0
2022-11-23 00:00:00-05:00,101.12999725341797,108.9800033569336,101.08000183105469,108.20999908447266,643400,0.0,0.0
2022-11-25 00:00:00-05:00,108.2699966430664,108.47000122070312,106.2699966430664,106.51000213623047,93800,0.0,0.0
2022-11-28 00:00:00-05:00,105.9000015258789,106.70999908447266,103.9000015258789,104.29000091552734,274800,0.0,0.0
2022-11-29 00:00:00-05:00,104.47000122070312,105.02999877929688,103.8499984741211,104.4000015258789,349300,0.0,0.0
2022-11-30 00:00:00-05:00,104.41999816894531,109.04000091552734,104.30999755859375,109.04000091552734,557300,0.0,0.0
2022-12-01 00:00:00-05:00,109.6500015258789,113.0999984741211,109.05000305175781,112.66999816894531,639600,0.0,0.0
2022-12-02 00:00:00-05:00,111.62999725341797,119.06999969482422,110.2699966430664,118.72000122070312,843100,0.0,0.0
2022-12-05 00:00:00-05:00,118.2300033569336,121.75,117.62999725341797,119.69000244140625,722500,0.0,0.0
2022-12-06 00:00:00-05:00,119.66999816894531,120.0,116.80999755859375,119.08999633789062,509000,0.0,0.0
2022-12-07 00:00:00-05:00,118.86000061035156,120.66999816894531,117.83999633789062,120.48999786376953,532700,0.0,0.0
2022-12-08 00:00:00-05:00,120.27999877929688,126.29000091552734,119.9000015258789,119.91000366210938,788200,0.0,0.0
2022-12-09 00:00:00-05:00,120.0,124.20999908447266,119.81999969482422,120.37000274658203,801800,0.0,0.0
2022-12-12 00:00:00-05:00,119.36000061035156,121.12000274658203,118.41000366210938,120.36000061035156,491300,0.0,0.0
2022-12-13 00:00:00-05:00,121.4800033569336,124.27999877929688,119.04000091552734,122.27999877929688,656900,0.0,0.0
2022-12-14 00:00:00-05:00,121.69999694824219,124.2699966430664,120.66000366210938,122.30000305175781,587000,0.0,0.0
2022-12-15 00:00:00-05:00,122.33000183105469,122.5,115.79000091552734,118.86000061035156,704600,0.0,0.0
2022-12-16 00:00:00-05:00,118.23999786376953,119.38999938964844,113.75,115.5999984741211,1613900,0.0,0.0
2022-12-19 00:00:00-05:00,115.80000305175781,117.12000274658203,113.26000213623047,114.55999755859375,318200,0.0,0.0
2022-12-20 00:00:00-05:00,113.94000244140625,115.72000122070312,112.66999816894531,113.73999786376953,313400,0.0,0.0
2022-12-21 00:00:00-05:00,113.83999633789062,114.83999633789062,113.12999725341797,114.43000030517578,272800,0.0,0.0
2022-12-22 00:00:00-05:00,114.18000030517578,114.18000030517578,110.97000122070312,113.18000030517578,264200,0.0,0.0
2022-12-23 00:00:00-05:00,113.18000030517578,113.9000015258789,111.37999725341797,113.52999877929688,204200,0.0,0.0
2022-12-27 00:00:00-05:00,114.0,114.0,111.55000305175781,112.48999786376953,228600,0.0,0.0
2022-12-28 00:00:00-05:00,112.94999694824219,115.44999694824219,112.51000213623047,114.2300033569336,536900,0.0,0.0
2022-12-29 00:00:00-05:00,115.44999694824219,121.81999969482422,115.18000030517578,120.9800033569336,525200,0.0,0.0
2022-12-30 00:00:00-05:00,119.75,120.87000274658203,117.9000015258789,119.33999633789062,268000,0.0,0.0
2023-01-03 00:00:00-05:00,119.93000030517578,123.25,118.95999908447266,119.08999633789062,313900,0.0,0.0
2023-01-04 00:00:00-05:00,120.5199966430664,121.02999877929688,117.33000183105469,118.37000274658203,195900,0.0,0.0
2023-01-05 00:00:00-05:00,118.04000091552734,119.37000274658203,116.37000274658203,118.56999969482422,355000,0.0,0.0
2023-01-06 00:00:00-05:00,119.0,121.01000213623047,117.70999908447266,119.3499984741211,231100,0.0,0.0
2023-01-09 00:00:00-05:00,119.62000274658203,122.63999938964844,118.27999877929688,121.41000366210938,396300,0.0,0.0
2023-01-10 00:00:00-05:00,120.66000366210938,123.44000244140625,120.66000366210938,122.44999694824219,149300,0.0,0.0
2023-01-11 00:00:00-05:00,122.70999908447266,125.48999786376953,122.70999908447266,124.66999816894531,317600,0.0,0.0
2023-01-12 00:00:00-05:00,125.02999877929688,128.6999969482422,124.41000366210938,127.88999938964844,451400,0.0,0.0
2023-01-13 00:00:00-05:00,126.97000122070312,130.75999450683594,126.04000091552734,130.00999450683594,399600,0.0,0.0
2023-01-17 00:00:00-05:00,129.0399932861328,130.52000427246094,126.27999877929688,130.0,303200,0.0,0.0
2023-01-18 00:00:00-05:00,131.0,131.82000732421875,129.38999938964844,130.05999755859375,321900,0.0,0.0
2023-01-19 00:00:00-05:00,129.6199951171875,130.97000122070312,127.94000244140625,129.97999572753906,307500,0.0,0.0
2023-01-20 00:00:00-05:00,130.6999969482422,132.99000549316406,129.5,132.97999572753906,213900,0.0,0.0
2023-01-23 00:00:00-05:00,133.0,133.25999450683594,131.36000061035156,132.22999572753906,289700,0.0,0.0
2023-01-24 00:00:00-05:00,132.10000610351562,132.52999877929688,130.4600067138672,131.1999969482422,209100,0.0,0.0
2023-01-25 00:00:00-05:00,130.0,134.47000122070312,129.36000061035156,133.60000610351562,296400,0.0,0.0
2023-01-26 00:00:00-05:00,133.4499969482422,135.41000366210938,132.89999389648438,135.36000061035156,228400,0.0,0.0
2023-01-27 00:00:00-05:00,134.75999450683594,136.57000732421875,134.75999450683594,136.57000732421875,178800,0.0,0.0
2023-01-30 00:00:00-05:00,135.24000549316406,137.2899932861328,135.0399932861328,137.19000244140625,253600,0.0,0.0
2023-01-31 00:00:00-05:00,137.02000427246094,140.82000732421875,136.0,139.58999633789062,292600,0.0,0.0
2023-02-01 00:00:00-05:00,139.22000122070312,140.94000244140625,136.75,139.16000366210938,251000,0.0,0.0
2023-02-02 00:00:00-05:00,140.22000122070312,144.08999633789062,139.22999572753906,143.75999450683594,1125400,0.0,0.0
2023-02-03 00:00:00-05:00,141.72000122070312,147.1199951171875,140.80999755859375,146.99000549316406,415900,0.0,0.0
2023-02-06 00:00:00-05:00,150.57000732421875,156.55999755859375,148.6199951171875,149.25999450683594,742800,0.0,0.0
2023-02-07 00:00:00-05:00,151.61000061035156,151.61000061035156,144.14999389648438,150.55999755859375,604600,0.0,0.0
2023-02-08 00:00:00-05:00,149.49000549316406,151.8800048828125,148.0800018310547,150.8699951171875,276700,0.0,0.0
2023-02-09 00:00:00-05:00,151.44000244140625,152.1699981689453,148.69000244140625,149.6300048828125,365900,0.0,0.0
2023-02-10 00:00:00-05:00,148.2899932861328,153.4499969482422,147.0500030517578,150.99000549316406,331300,0.0,0.0
2023-02-13 00:00:00-05:00,150.52000427246094,152.0,147.33999633789062,147.55999755859375,151200,0.0,0.0
2023-02-14 00:00:00-05:00,147.0,151.6699981689453,145.00999450683594,150.11000061035156,245200,0.0,0.0
2023-02-15 00:00:00-05:00,149.8800048828125,152.36000061035156,149.07000732421875,152.33999633789062,277500,0.0,0.0
2023-02-16 00:00:00-05:00,150.82000732421875,155.0,149.77000427246094,150.61000061035156,329800,0.0,0.0
2023-02-17 00:00:00-05:00,149.55999755859375,151.08999633789062,147.27000427246094,148.97999572753906,144100,0.0,0.0
2023-02-21 00:00:00-05:00,147.4499969482422,147.9199981689453,143.88999938964844,144.1999969482422,153700,0.0,0.0
2023-02-22 00:00:00-05:00,144.02000427246094,147.27999877929688,143.61000061035156,146.10000610351562,211300,0.0,0.0
2023-02-23 00:00:00-05:00,146.7100067138672,149.0,145.41000366210938,147.5800018310547,158700,0.0,0.0
2023-02-24 00:00:00-05:00,146.25,150.0,146.10000610351562,149.86000061035156,172600,0.0,0.0
2023-02-27 00:00:00-05:00,150.64999389648438,151.0399932861328,148.30999755859375,148.4600067138672,276000,0.0,0.0
2023-02-28 00:00:00-05:00,148.4600067138672,151.16000366210938,145.8800048828125,147.1999969482422,336800,0.0,0.0
2023-03-01 00:00:00-05:00,153.16000366210938,162.52000427246094,149.1999969482422,154.66000366210938,588500,0.0,0.0
2023-03-02 00:00:00-05:00,153.1999969482422,156.4600067138672,151.75999450683594,153.0500030517578,313900,0.0,0.0
2023-03-03 00:00:00-05:00,153.42999267578125,158.72000122070312,153.0399932861328,157.66000366210938,349300,0.0,0.0
2023-03-06 00:00:00-05:00,157.64999389648438,159.19000244140625,154.99000549316406,155.07000732421875,374800,0.0,0.0
2023-03-07 00:00:00-05:00,155.50999450683594,160.64999389648438,155.00999450683594,160.27000427246094,328500,0.0,0.0
2023-03-08 00:00:00-05:00,160.6699981689453,165.0500030517578,159.64999389648438,162.63999938964844,439300,0.0,0.0
2023-03-09 00:00:00-05:00,162.38999938964844,165.19000244140625,159.13999938964844,159.83999633789062,335000,0.0,0.0
2023-03-10 00:00:00-05:00,159.60000610351562,159.60000610351562,151.8800048828125,154.25,219900,0.0,0.0
2023-03-13 00:00:00-04:00,152.50999450683594,154.8699951171875,149.99000549316406,151.5399932861328,167000,0.0,0.0
2023-03-14 00:00:00-04:00,155.1199951171875,156.8300018310547,152.25,156.32000732421875,233900,0.0,0.0
2023-03-15 00:00:00-04:00,154.11000061035156,156.08999633789062,148.1999969482422,150.0399932861328,377500,0.0,0.0
2023-03-16 00:00:00-04:00,149.22000122070312,153.9600067138672,148.2899932861328,152.66000366210938,195200,0.0,0.0
2023-03-17 00:00:00-04:00,151.50999450683594,152.3000030517578,146.19000244140625,149.88999938964844,462800,0.0,0.0
2023-03-20 00:00:00-04:00,150.82000732421875,154.13999938964844,150.24000549316406,152.8699951171875,201400,0.0,0.0
2023-03-21 00:00:00-04:00,154.19000244140625,155.0800018310547,151.72999572753906,153.75999450683594,150100,0.0,0.0
2023-03-22 00:00:00-04:00,153.17999267578125,154.72999572753906,151.0800018310547,151.0800018310547,172000,0.0,0.0
2023-03-23 00:00:00-04:00,151.63999938964844,156.66000366210938,149.27000427246094,152.5399932861328,170300,0.0,0.0
2023-03-24 00:00:00-04:00,151.49000549316406,152.5399932861328,149.3800048828125,151.8300018310547,155700,0.0,0.0
2023-03-27 00:00:00-04:00,152.52000427246094,152.82000732421875,148.75,150.02999877929688,161800,0.0,0.0
2023-03-28 00:00:00-04:00,149.49000549316406,151.8800048828125,147.9600067138672,151.6199951171875,204900,0.0,0.0
2023-03-29 00:00:00-04:00,152.24000549316406,153.02999877929688,151.3000030517578,153.0,253100,0.0,0.0
2023-03-30 00:00:00-04:00,155.0,164.3000030517578,155.0,162.8300018310547,369600,0.0,0.0
2023-03-31 00:00:00-04:00,165.0800018310547,165.5399932861328,161.1300048828125,163.42999267578125,257300,0.0,0.0
2023-04-03 00:00:00-04:00,162.82000732421875,165.85000610351562,160.80999755859375,162.24000549316406,140700,0.0,0.0
2023-04-04 00:00:00-04:00,162.1999969482422,162.1999969482422,155.85000610351562,159.22999572753906,127700,0.0,0.0
2023-04-05 00:00:00-04:00,158.58999633789062,158.58999633789062,155.5800018310547,157.82000732421875,84200,0.0,0.0
2023-04-06 00:00:00-04:00,157.82000732421875,160.55999755859375,156.5399932861328,159.94000244140625,136600,0.0,0.0
2023-04-10 00:00:00-04:00,158.3800048828125,162.27999877929688,158.3800048828125,161.00999450683594,165900,0.0,0.0
2023-04-11 00:00:00-04:00,161.39999389648438,163.10000610351562,159.2100067138672,159.77000427246094,149200,0.0,0.0
2023-04-12 00:00:00-04:00,161.25,162.14999389648438,158.55999755859375,158.5800018310547,119300,0.0,0.0
2023-04-13 00:00:00-04:00,159.72000122070312,161.63999938964844,158.24000549316406,160.49000549316406,100000,0.0,0.0
2023-04-14 00:00:00-04:00,160.14999389648438,161.22999572753906,157.4199981689453,159.61000061035156,144100,0.0,0.0
2023-04-17 00:00:00-04:00,160.47000122070312,162.3300018310547,159.64999389648438,160.4199981689453,67600,0.0,0.0
2023-04-18 00:00:00-04:00,161.6699981689453,162.80999755859375,158.9199981689453,160.97999572753906,115900,0.0,0.0
2023-04-19 00:00:00-04:00,160.27999877929688,160.67999267578125,159.3699951171875,160.08999633789062,147000,0.0,0.0
2023-04-20 00:00:00-04:00,159.25,160.14999389648438,157.97000122070312,159.2899932861328,205100,0.0,0.0
2023-04-21 00:00:00-04:00,159.8699951171875,160.08999633789062,157.41000366210938,158.97999572753906,150700,0.0,0.0
2023-04-24 00:00:00-04:00,158.1300048828125,159.1999969482422,158.00999450683594,158.72999572753906,85700,0.0,0.0
2023-04-25 00:00:00-04:00,157.4499969482422,158.5500030517578,156.30999755859375,157.22999572753906,143300,0.0,0.0
2023-04-26 00:00:00-04:00,156.10000610351562,157.32000732421875,154.11000061035156,154.5399932861328,139900,0.0,0.0
2023-04-27 00:00:00-04:00,155.13999938964844,156.27000427246094,153.4499969482422,155.60000610351562,106100,0.0,0.0
2023-04-28 00:00:00-04:00,167.0399932861328,167.0399932861328,158.57000732421875,160.9499969482422,305800,0.0,0.0
2023-05-01 00:00:00-04:00,160.4199981689453,162.47999572753906,157.52999877929688,159.6199951171875,275500,0.0,0.0
2023-05-02 00:00:00-04:00,158.55999755859375,159.4199981689453,156.52999877929688,159.13999938964844,100700,0.0,0.0
2023-05-03 00:00:00-04:00,159.99000549316406,164.88999938964844,159.99000549316406,164.2899932861328,191200,0.0,0.0
2023-05-04 00:00:00-04:00,163.6199951171875,165.0,161.52999877929688,162.00999450683594,153500,0.0,0.0
2023-05-05 00:00:00-04:00,163.38999938964844,164.7899932861328,162.16000366210938,164.10000610351562,144300,0.0,0.0
2023-05-08 00:00:00-04:00,164.10000610351562,164.85000610351562,160.9499969482422,161.02999877929688,115000,0.0,0.0
2023-05-09 00:00:00-04:00,159.94000244140625,160.89999389648438,158.32000732421875,159.11000061035156,104500,0.0,0.0
2023-05-10 00:00:00-04:00,160.75999450683594,160.75999450683594,156.97999572753906,158.22999572753906,85800,0.0,0.0
2023-05-11 00:00:00-04:00,156.74000549316406,158.1199951171875,156.55999755859375,156.85000610351562,86500,0.0,0.0
2023-05-12 00:00:00-04:00,156.60000610351562,157.50999450683594,154.5,156.1199951171875,111200,0.0,0.0
2023-05-15 00:00:00-04:00,156.44000244140625,157.9199981689453,155.38999938964844,157.85000610351562,82900,0.0,0.0
2023-05-16 00:00:00-04:00,156.85000610351562,157.67999267578125,155.55999755859375,156.77000427246094,63400,0.0,0.0
2023-05-17 00:00:00-04:00,157.1999969482422,161.11000061035156,156.60000610351562,160.61000061035156,144900,0.0,0.0
2023-05-18 00:00:00-04:00,160.7899932861328,163.07000732421875,159.4600067138672,162.41000366210938,88600,0.0,0.0
2023-05-19 00:00:00-04:00,163.4499969482422,163.49000549316406,159.9600067138672,161.00999450683594,86600,0.0,0.0
2023-05-22 00:00:00-04:00,160.64999389648438,161.44000244140625,157.58999633789062,157.60000610351562,106800,0.0,0.0
2023-05-23 00:00:00-04:00,157.14999389648438,161.80999755859375,156.99000549316406,159.9600067138672,130300,0.0,0.0
2023-05-24 00:00:00-04:00,158.4600067138672,158.66000366210938,150.02999877929688,153.49000549316406,161700,0.0,0.0
2023-05-25 00:00:00-04:00,154.6300048828125,157.47999572753906,152.97000122070312,157.25999450683594,125300,0.0,0.0
2023-05-26 00:00:00-04:00,156.64999389648438,161.36000061035156,156.64999389648438,160.67999267578125,94000,0.0,0.0
2023-05-30 00:00:00-04:00,161.1199951171875,161.5,157.38999938964844,158.38999938964844,78800,0.0,0.0
2023-05-31 00:00:00-04:00,157.72999572753906,158.00999450683594,154.77000427246094,157.47000122070312,251200,0.0,0.0
2023-06-01 00:00:00-04:00,156.97000122070312,159.0800018310547,153.00999450683594,154.3800048828125,115300,0.0,0.0
2023-06-02 00:00:00-04:00,156.27999877929688,160.75,155.77999877929688,156.89999389648438,186300,0.0,0.0
2023-06-05 00:00:00-04:00,155.17999267578125,157.02999877929688,150.97999572753906,151.0,180000,0.0,0.0
2023-06-06 00:00:00-04:00,151.11000061035156,157.99000549316406,150.27000427246094,153.55999755859375,255000,0.0,0.0
2023-06-07 00:00:00-04:00,154.16000366210938,156.5800018310547,153.00999450683594,154.88999938964844,214500,0.0,0.0
2023-06-08 00:00:00-04:00,154.5800018310547,157.24000549316406,153.6300048828125,157.1199951171875,120500,0.0,0.0
2023-06-09 00:00:00-04:00,156.89999389648438,162.8800048828125,155.0,158.67999267578125,180500,0.0,0.0
2023-06-12 00:00:00-04:00,158.92999267578125,158.92999267578125,156.66000366210938,156.69000244140625,125900,0.0,0.0
2023-06-13 00:00:00-04:00,157.6699981689453,160.13999938964844,156.07000732421875,158.1300048828125,75900,0.0,0.0
2023-06-14 00:00:00-04:00,158.1300048828125,159.02000427246094,155.35000610351562,156.7899932861328,88800,0.0,0.0
2023-06-15 00:00:00-04:00,157.2100067138672,158.57000732421875,156.50999450683594,157.7899932861328,77700,0.0,0.0
2023-06-16 00:00:00-04:00,159.5,159.5,156.30999755859375,157.2899932861328,355200,0.0,0.0
2023-06-20 00:00:00-04:00,157.24000549316406,158.5399932861328,155.10000610351562,157.8000030517578,99300,0.0,0.0
2023-06-21 00:00:00-04:00,156.55999755859375,162.1300048828125,156.3699951171875,160.16000366210938,138800,0.0,0.0
2023-06-22 00:00:00-04:00,159.58999633789062,159.58999633789062,157.08999633789062,158.47999572753906,88900,0.0,0.0
2023-06-23 00:00:00-04:00,156.24000549316406,159.8800048828125,155.97999572753906,157.2100067138672,393600,0.0,0.0
2023-06-26 00:00:00-04:00,156.88999938964844,158.97999572753906,155.32000732421875,156.3800048828125,87900,0.0,0.0
2023-06-27 00:00:00-04:00,157.02000427246094,158.13999938964844,155.1199951171875,157.5500030517578,58600,0.0,0.0
2023-06-28 00:00:00-04:00,156.92999267578125,158.9600067138672,155.88999938964844,158.9499969482422,80900,0.0,0.0
2023-06-29 00:00:00-04:00,158.8300018310547,163.88999938964844,158.8300018310547,161.89999389648438,171800,0.0,0.0
2023-06-30 00:00:00-04:00,161.89999389648438,164.0800018310547,161.30999755859375,161.92999267578125,141500,0.0,0.0
2023-07-03 00:00:00-04:00,160.89999389648438,163.33999633789062,160.74000549316406,163.27000427246094,68600,0.0,0.0
2023-07-05 00:00:00-04:00,163.02999877929688,163.02999877929688,160.3000030517578,160.99000549316406,92100,0.0,0.0
2023-07-06 00:00:00-04:00,159.77000427246094,160.7100067138672,157.39999389648438,160.6999969482422,88800,0.0,0.0
2023-07-07 00:00:00-04:00,161.14999389648438,163.8800048828125,158.6300048828125,162.7899932861328,66900,0.0,0.0
2023-07-10 00:00:00-04:00,162.19000244140625,164.44000244140625,161.25999450683594,162.89999389648438,79100,0.0,0.0
2023-07-11 00:00:00-04:00,162.5800018310547,165.0,161.5500030517578,163.83999633789062,134200,0.0,0.0
2023-07-12 00:00:00-04:00,165.0,169.64999389648438,164.33999633789062,169.08999633789062,212500,0.0,0.0
2023-07-13 00:00:00-04:00,169.27000427246094,170.3699951171875,167.0399932861328,169.7100067138672,107600,0.0,0.0
2023-07-14 00:00:00-04:00,169.1300048828125,170.91000366210938,167.99000549316406,170.88999938964844,137100,0.0,0.0
2023-07-17 00:00:00-04:00,171.94000244140625,173.16000366210938,169.49000549316406,171.83999633789062,153700,0.0,0.0
2023-07-18 00:00:00-04:00,170.75999450683594,171.97000122070312,169.08999633789062,170.1199951171875,122600,0.0,0.0
2023-07-19 00:00:00-04:00,170.19000244140625,172.7100067138672,170.19000244140625,171.6699981689453,81100,0.0,0.0
2023-07-20 00:00:00-04:00,170.99000549316406,172.9199981689453,170.35000610351562,170.6699981689453,64100,0.0,0.0
2023-07-21 00:00:00-04:00,171.61000061035156,171.9600067138672,167.32000732421875,168.02000427246094,124700,0.0,0.0
2023-07-24 00:00:00-04:00,168.80999755859375,170.61000061035156,167.1999969482422,170.49000549316406,119800,0.0,0.0
2023-07-25 00:00:00-04:00,169.4499969482422,172.1699981689453,168.94000244140625,169.8000030517578,102000,0.0,0.0
2023-07-26 00:00:00-04:00,169.74000549316406,171.13999938964844,168.66000366210938,169.1699981689453,110000,0.0,0.0
2023-07-27 00:00:00-04:00,170.8800048828125,170.8800048828125,166.25999450683594,166.85000610351562,89400,0.0,0.0
2023-07-28 00:00:00-04:00,168.16000366210938,168.64999389648438,166.61000061035156,167.17999267578125,99300,0.0,0.0
2023-07-31 00:00:00-04:00,167.16000366210938,169.47000122070312,166.58999633789062,168.61000061035156,175500,0.0,0.0
2023-08-01 00:00:00-04:00,168.86000061035156,169.2899932861328,165.1300048828125,167.08999633789062,147500,0.0,0.0
2023-08-02 00:00:00-04:00,165.16000366210938,165.16000366210938,158.22000122070312,159.63999938964844,201400,0.0,0.0
2023-08-03 00:00:00-04:00,158.19000244140625,159.39999389648438,154.97999572753906,156.02999877929688,223100,0.0,0.0
2023-08-04 00:00:00-04:00,155.6199951171875,162.88999938964844,151.13999938964844,151.6699981689453,212200,0.0,0.0
2023-08-07 00:00:00-04:00,152.8300018310547,154.86000061035156,152.3300018310547,152.58999633789062,165900,0.0,0.0
2023-08-08 00:00:00-04:00,151.0399932861328,152.8800048828125,148.99000549316406,149.66000366210938,125400,0.0,0.0
2023-08-09 00:00:00-04:00,149.2899932861328,151.74000549316406,146.49000549316406,149.4199981689453,113600,0.0,0.0
2023-08-10 00:00:00-04:00,150.2899932861328,154.5,150.0399932861328,152.05999755859375,163600,0.0,0.0
2023-08-11 00:00:00-04:00,152.17999267578125,153.57000732421875,148.47999572753906,148.80999755859375,127800,0.0,0.0
2023-08-14 00:00:00-04:00,148.1999969482422,149.52000427246094,146.5800018310547,146.77000427246094,119900,0.0,0.0
2023-08-15 00:00:00-04:00,145.75,146.91000366210938,143.0,144.0399932861328,74300,0.0,0.0
2023-08-16 00:00:00-04:00,144.32000732421875,146.02000427246094,141.10000610351562,141.52000427246094,115000,0.0,0.0
2023-08-17 00:00:00-04:00,141.9600067138672,142.89999389648438,138.33999633789062,138.99000549316406,201600,0.0,0.0
2023-08-18 00:00:00-04:00,138.0,139.22000122070312,136.2899932861328,136.61000061035156,116500,0.0,0.0
2023-08-21 00:00:00-04:00,136.1999969482422,137.1199951171875,135.3699951171875,136.3699951171875,78200,0.0,0.0
2023-08-22 00:00:00-04:00,137.3300018310547,138.2899932861328,134.08999633789062,136.0500030517578,177800,0.0,0.0
2023-08-23 00:00:00-04:00,136.7100067138672,137.05999755859375,135.4600067138672,136.00999450683594,128400,0.0,0.0
2023-08-24 00:00:00-04:00,135.4199981689453,139.72999572753906,134.55999755859375,139.52000427246094,138100,0.0,0.0
2023-08-25 00:00:00-04:00,139.3300018310547,140.0800018310547,134.44000244140625,136.63999938964844,90700,0.0,0.0
2023-08-28 00:00:00-04:00,136.88999938964844,140.97000122070312,136.88999938964844,137.72999572753906,64400,0.0,0.0
2023-08-29 00:00:00-04:00,137.52999877929688,141.64999389648438,137.0,141.05999755859375,93000,0.0,0.0
2023-08-30 00:00:00-04:00,139.92999267578125,143.74000549316406,139.92999267578125,143.50999450683594,103700,0.0,0.0
2023-08-31 00:00:00-04:00,144.0500030517578,145.5399932861328,142.49000549316406,144.50999450683594,206000,0.0,0.0
2023-09-01 00:00:00-04:00,145.3000030517578,148.11000061035156,144.57000732421875,146.1999969482422,107900,0.0,0.0
2023-09-05 00:00:00-04:00,146.0500030517578,146.77999877929688,137.30999755859375,138.02999877929688,223500,0.0,0.0
2023-09-06 00:00:00-04:00,137.08999633789062,139.19000244140625,135.42999267578125,137.9199981689453,172100,0.0,0.0
2023-09-07 00:00:00-04:00,136.2899932861328,137.42999267578125,135.0,136.1300048828125,219000,0.0,0.0
2023-09-08 00:00:00-04:00,135.38999938964844,135.6699981689453,130.80999755859375,131.35000610351562,133200,0.0,0.0
2023-09-11 00:00:00-04:00,132.91000366210938,132.91000366210938,130.4199981689453,131.27000427246094,162600,0.0,0.0
2023-09-12 00:00:00-04:00,131.0500030517578,133.13999938964844,130.83999633789062,132.77999877929688,189200,0.0,0.0
2023-09-13 00:00:00-04:00,132.5800018310547,135.05999755859375,130.38999938964844,132.33999633789062,165600,0.0,0.0
2023-09-14 00:00:00-04:00,134.88999938964844,138.58999633789062,134.5399932861328,138.58999633789062,196200,0.0,0.0
2023-09-15 00:00:00-04:00,138.3699951171875,141.64999389648438,137.50999450683594,140.6999969482422,917100,0.0,0.0
2023-09-18 00:00:00-04:00,141.44000244140625,143.74000549316406,137.11000061035156,138.6199951171875,269900,0.0,0.0
2023-09-19 00:00:00-04:00,138.91000366210938,140.82000732421875,138.07000732421875,138.5,106800,0.0,0.0
2023-09-20 00:00:00-04:00,139.14999389648438,139.22000122070312,137.74000549316406,137.82000732421875,83800,0.0,0.0
2023-09-21 00:00:00-04:00,136.6199951171875,138.72999572753906,135.75,137.2100067138672,107500,0.0,0.0
2023-09-22 00:00:00-04:00,138.17999267578125,138.33999633789062,134.5500030517578,134.5800018310547,132900,0.0,0.0
2023-09-25 00:00:00-04:00,134.30999755859375,135.92999267578125,133.80999755859375,133.94000244140625,124200,0.0,0.0
2023-09-26 00:00:00-04:00,133.5500030517578,133.5500030517578,126.5,129.17999267578125,216800,0.0,0.0
2023-09-27 00:00:00-04:00,130.22999572753906,132.49000549316406,129.25,129.77000427246094,111200,0.0,0.0
2023-09-28 00:00:00-04:00,129.8699951171875,132.27999877929688,129.8699951171875,131.86000061035156,288100,0.0,0.0
2023-09-29 00:00:00-04:00,133.92999267578125,133.92999267578125,130.13999938964844,131.47000122070312,207900,0.0,0.0
2023-10-02 00:00:00-04:00,130.67999267578125,131.4499969482422,129.41000366210938,130.7899932861328,101100,0.0,0.0
2023-10-03 00:00:00-04:00,129.9600067138672,131.58999633789062,128.9199981689453,129.5500030517578,63900,0.0,0.0
2023-10-04 00:00:00-04:00,130.16000366210938,131.5800018310547,128.9600067138672,130.39999389648438,101500,0.0,0.0
2023-10-05 00:00:00-04:00,130.6699981689453,134.36000061035156,128.57000732421875,130.38999938964844,133900,0.0,0.0
2023-10-06 00:00:00-04:00,129.5399932861328,130.66000366210938,128.24000549316406,128.44000244140625,84800,0.0,0.0
2023-10-09 00:00:00-04:00,127.66000366210938,128.82000732421875,125.63999938964844,127.19000244140625,82200,0.0,0.0
2023-10-10 00:00:00-04:00,128.22000122070312,130.32000732421875,128.22000122070312,129.75,238000,0.0,0.0
2023-10-11 00:00:00-04:00,129.97999572753906,131.44000244140625,129.0800018310547,130.05999755859375,206100,0.0,0.0
2023-10-12 00:00:00-04:00,130.39999389648438,134.25999450683594,126.30999755859375,126.72000122070312,71600,0.0,0.0
2023-10-13 00:00:00-04:00,126.2300033569336,127.95999908447266,122.16999816894531,123.05999755859375,132700,0.0,0.0
2023-10-16 00:00:00-04:00,125.05000305175781,127.87999725341797,123.33000183105469,126.4000015258789,102900,0.0,0.0
2023-10-17 00:00:00-04:00,125.30000305175781,128.2899932861328,125.30000305175781,127.68000030517578,94300,0.0,0.0
2023-10-18 00:00:00-04:00,126.11000061035156,127.51000213623047,125.91000366210938,127.18000030517578,97300,0.0,0.0
2023-10-19 00:00:00-04:00,126.05999755859375,128.2100067138672,123.80000305175781,124.27999877929688,185400,0.0,0.0
2023-10-20 00:00:00-04:00,124.38999938964844,125.26000213623047,123.72000122070312,124.37000274658203,109100,0.0,0.0
2023-10-23 00:00:00-04:00,123.75,124.69999694824219,122.87000274658203,123.02999877929688,103000,0.0,0.0
2023-10-24 00:00:00-04:00,123.41999816894531,124.81999969482422,123.02999877929688,123.26000213623047,89900,0.0,0.0
2023-10-25 00:00:00-04:00,122.04000091552734,123.98999786376953,116.91000366210938,117.83000183105469,152400,0.0,0.0
2023-10-26 00:00:00-04:00,117.55999755859375,119.87000274658203,116.83999633789062,119.11000061035156,275000,0.0,0.0
2023-10-27 00:00:00-04:00,123.36000061035156,123.36000061035156,118.83000183105469,119.6500015258789,171100,0.0,0.0
2023-10-30 00:00:00-04:00,121.16000366210938,123.55999755859375,120.16999816894531,122.36000061035156,88500,0.0,0.0
2023-10-31 00:00:00-04:00,122.22000122070312,123.52999877929688,121.08999633789062,122.88999938964844,101900,0.0,0.0
2023-11-01 00:00:00-04:00,121.9800033569336,123.62999725341797,119.31999969482422,119.69000244140625,143400,0.0,0.0
2023-11-02 00:00:00-04:00,121.52999877929688,121.61000061035156,115.12999725341797,117.95999908447266,119700,0.0,0.0
2023-11-03 00:00:00-04:00,119.88999938964844,121.37999725341797,117.56999969482422,118.76000213623047,96600,0.0,0.0
2023-11-06 00:00:00-05:00,118.6500015258789,119.19999694824219,117.16999816894531,118.26000213623047,104600,0.0,0.0
2023-11-07 00:00:00-05:00,117.58000183105469,120.4800033569336,117.58000183105469,120.11000061035156,100700,0.0,0.0
2023-11-08 00:00:00-05:00,120.83000183105469,122.88999938964844,119.47000122070312,122.1500015258789,118100,0.0,0.0
2023-11-09 00:00:00-05:00,122.41000366210938,124.19999694824219,121.44999694824219,122.88999938964844,100600,0.0,0.0
2023-11-10 00:00:00-05:00,122.62999725341797,127.55999755859375,120.94000244140625,125.05999755859375,160500,0.0,0.0
2023-11-13 00:00:00-05:00,124.44999694824219,125.48999786376953,123.4800033569336,123.66000366210938,90800,0.0,0.0
2023-11-14 00:00:00-05:00,126.63999938964844,131.27999877929688,126.43000030517578,129.9199981689453,95600,0.0,0.0
2023-11-15 00:00:00-05:00,129.8800048828125,133.35000610351562,129.8800048828125,131.5800018310547,111300,0.0,0.0
2023-11-16 00:00:00-05:00,132.11000061035156,133.4600067138672,129.3000030517578,130.2100067138672,117500,0.0,0.0
2023-11-17 00:00:00-05:00,131.77000427246094,132.22000122070312,129.27999877929688,131.32000732421875,127400,0.0,0.0
2023-11-20 00:00:00-05:00,131.0,133.22000122070312,130.5399932861328,132.5399932861328,83400,0.0,0.0
2023-11-21 00:00:00-05:00,131.52000427246094,133.50999450683594,129.9600067138672,131.22000122070312,70500,0.0,0.0
2023-11-22 00:00:00-05:00,132.66000366210938,133.4199981689453,130.1300048828125,132.82000732421875,92700,0.0,0.0
2023-11-24 00:00:00-05:00,132.50999450683594,134.35000610351562,130.83999633789062,133.36000061035156,38400,0.0,0.0
2023-11-27 00:00:00-05:00,132.47000122070312,133.08999633789062,131.3699951171875,132.5399932861328,87700,0.0,0.0
2023-11-28 00:00:00-05:00,131.89999389648438,132.6999969482422,130.36000061035156,131.05999755859375,86900,0.0,0.0
2023-11-29 00:00:00-05:00,132.4600067138672,133.88999938964844,129.00999450683594,129.8800048828125,78900,0.0,0.0
2023-11-30 00:00:00-05:00,130.0500030517578,130.0500030517578,128.07000732421875,129.39999389648438,160700,0.0,0.0
2023-12-01 00:00:00-05:00,129.8300018310547,131.9499969482422,128.60000610351562,131.3699951171875,80100,0.0,0.0
2023-12-04 00:00:00-05:00,130.3000030517578,132.99000549316406,130.0,132.5,90800,0.0,0.0
2023-12-05 00:00:00-05:00,132.86000061035156,133.1199951171875,128.83999633789062,129.30999755859375,74000,0.0,0.0
2023-12-06 00:00:00-05:00,130.36000061035156,130.5,127.12999725341797,127.51000213623047,72800,0.0,0.0
2023-12-07 00:00:00-05:00,127.66999816894531,128.39999389648438,126.73999786376953,127.69000244140625,81000,0.0,0.0
2023-12-08 00:00:00-05:00,126.86000061035156,130.14999389648438,126.06999969482422,130.07000732421875,77300,0.0,0.0
2023-12-11 00:00:00-05:00,130.0,131.0,129.72000122070312,130.8300018310547,81100,0.0,0.0
2023-12-12 00:00:00-05:00,130.5,130.5,124.79000091552734,125.95999908447266,172800,0.0,0.0
2023-12-13 00:00:00-05:00,126.41000366210938,129.2100067138672,123.69000244140625,128.8300018310547,132700,0.0,0.0
2023-12-14 00:00:00-05:00,130.8300018310547,133.9499969482422,129.74000549316406,133.32000732421875,129900,0.0,0.0
2023-12-15 00:00:00-05:00,133.92999267578125,133.92999267578125,129.69000244140625,130.67999267578125,515300,0.0,0.0
2023-12-18 00:00:00-05:00,131.91000366210938,132.25,129.2899932861328,132.17999267578125,138500,0.0,0.0
2023-12-19 00:00:00-05:00,132.17999267578125,135.4499969482422,130.6699981689453,135.14999389648438,142500,0.0,0.0
2023-12-20 00:00:00-05:00,135.27999877929688,136.52999877929688,133.22000122070312,133.22000122070312,143500,0.0,0.0
2023-12-21 00:00:00-05:00,134.69000244140625,137.02000427246094,133.77999877929688,136.67999267578125,108200,0.0,0.0
2023-12-22 00:00:00-05:00,137.2899932861328,138.85000610351562,136.16000366210938,136.75999450683594,66400,0.0,0.0
2023-12-26 00:00:00-05:00,137.35000610351562,137.35000610351562,135.75999450683594,136.3300018310547,68700,0.0,0.0
2023-12-27 00:00:00-05:00,136.00999450683594,137.1199951171875,134.24000549316406,134.63999938964844,62700,0.0,0.0
2023-12-28 00:00:00-05:00,134.11000061035156,135.07000732421875,133.42999267578125,134.14999389648438,78500,0.0,0.0
2023-12-29 00:00:00-05:00,133.99000549316406,134.10000610351562,131.1300048828125,132.07000732421875,121200,0.0,0.0
2024-01-02 00:00:00-05:00,131.42999267578125,134.47000122070312,131.3800048828125,132.66000366210938,83600,0.0,0.0
2024-01-03 00:00:00-05:00,131.58999633789062,132.19000244140625,127.47000122070312,128.1699981689453,117300,0.0,0.0
2024-01-04 00:00:00-05:00,127.95999908447266,127.95999908447266,122.70999908447266,123.33000183105469,123600,0.0,0.0
2024-01-05 00:00:00-05:00,122.44000244140625,124.43000030517578,121.66000366210938,122.12999725341797,119000,0.0,0.0
2024-01-08 00:00:00-05:00,121.5,124.44000244140625,121.5,123.1500015258789,77900,0.0,0.0
2024-01-09 00:00:00-05:00,120.98999786376953,121.0199966430664,119.25,120.16999816894531,102800,0.0,0.0
2024-01-10 00:00:00-05:00,119.45999908447266,120.04000091552734,117.98999786376953,119.73999786376953,228800,0.0,0.0
2024-01-11 00:00:00-05:00,119.44000244140625,119.75,115.66999816894531,116.55999755859375,115000,0.0,0.0
2024-01-12 00:00:00-05:00,118.06999969482422,119.38999938964844,115.25,115.7699966430664,99900,0.0,0.0
2024-01-16 00:00:00-05:00,114.93000030517578,115.30999755859375,111.88999938964844,113.06999969482422,95200,0.0,0.0
2024-01-17 00:00:00-05:00,111.08000183105469,114.20999908447266,111.08000183105469,113.8499984741211,108300,0.0,0.0
2024-01-18 00:00:00-05:00,114.37000274658203,115.45999908447266,113.06999969482422,113.9000015258789,125000,0.0,0.0
2024-01-19 00:00:00-05:00,114.44999694824219,117.05000305175781,113.01000213623047,116.66999816894531,127200,0.0,0.0
2024-01-22 00:00:00-05:00,118.04000091552734,119.94999694824219,116.43000030517578,117.91000366210938,139300,0.0,0.0
2024-01-23 00:00:00-05:00,119.48999786376953,119.94000244140625,117.19999694824219,118.0,80900,0.0,0.0
2024-01-24 00:00:00-05:00,119.37000274658203,119.37000274658203,115.02999877929688,115.62000274658203,143300,0.0,0.0
2024-01-25 00:00:00-05:00,117.16000366210938,117.80000305175781,115.4000015258789,116.51000213623047,129300,0.0,0.0
2024-01-26 00:00:00-05:00,116.44999694824219,117.22000122070312,115.0,116.97000122070312,120100,0.0,0.0
2024-01-29 00:00:00-05:00,116.7300033569336,119.05999755859375,116.1500015258789,118.76000213623047,100600,0.0,0.0
2024-01-30 00:00:00-05:00,118.51000213623047,118.9800033569336,117.23999786376953,118.36000061035156,66300,0.0,0.0
2024-01-31 00:00:00-05:00,118.55999755859375,118.86000061035156,115.1500015258789,115.2699966430664,114600,0.0,0.0
2024-02-01 00:00:00-05:00,115.80000305175781,117.45999908447266,114.58999633789062,116.69999694824219,72300,0.0,0.0
2024-02-02 00:00:00-05:00,115.11000061035156,119.26000213623047,115.11000061035156,117.6500015258789,106100,0.0,0.0
2024-02-05 00:00:00-05:00,115.98999786376953,116.2300033569336,114.55000305175781,116.13999938964844,101100,0.0,0.0
2024-02-06 00:00:00-05:00,116.25,117.70999908447266,116.16999816894531,116.37999725341797,84200,0.0,0.0
2024-02-07 00:00:00-05:00,116.13999938964844,117.58000183105469,114.88999938964844,116.55999755859375,84700,0.0,0.0
2024-02-08 00:00:00-05:00,116.25,117.73999786376953,115.41000366210938,117.66999816894531,94300,0.0,0.0
2024-02-09 00:00:00-05:00,117.56999969482422,119.8499984741211,117.12000274658203,119.26000213623047,96800,0.0,0.0
2024-02-12 00:00:00-05:00,119.23999786376953,122.0999984741211,119.23999786376953,121.62000274658203,112500,0.0,0.0
2024-02-13 00:00:00-05:00,118.02999877929688,119.02999877929688,114.1500015258789,115.05000305175781,294700,0.0,0.0
2024-02-14 00:00:00-05:00,116.06999969482422,117.4000015258789,115.23999786376953,116.13999938964844,158800,0.0,0.0
2024-02-15 00:00:00-05:00,116.66999816894531,119.72000122070312,116.66999816894531,119.69999694824219,145100,0.0,0.0
2024-02-16 00:00:00-05:00,119.19000244140625,120.23999786376953,118.12000274658203,118.68000030517578,205800,0.0,0.0
2024-02-20 00:00:00-05:00,117.02999877929688,120.01000213623047,116.38999938964844,119.18000030517578,196200,0.0,0.0
2024-02-21 00:00:00-05:00,117.83999633789062,118.80999755859375,115.61000061035156,116.2300033569336,240600,0.0,0.0
2024-02-22 00:00:00-05:00,110.0999984741211,114.55999755859375,107.37000274658203,114.5,668400,0.0,0.0
2024-02-23 00:00:00-05:00,115.51000213623047,116.05000305175781,111.02999877929688,111.72000122070312,293400,0.0,0.0
2024-02-26 00:00:00-05:00,111.19000244140625,111.58000183105469,109.76000213623047,111.2699966430664,194300,0.0,0.0
2024-02-27 00:00:00-05:00,111.69999694824219,112.05999755859375,109.87999725341797,110.91999816894531,216200,0.0,0.0
2024-02-28 00:00:00-05:00,109.76000213623047,115.4000015258789,109.58000183105469,114.38999938964844,164000,0.0,0.0
2024-02-29 00:00:00-05:00,115.5,116.16999816894531,111.55999755859375,112.06999969482422,315400,0.0,0.0
2024-03-01 00:00:00-05:00,111.94999694824219,113.33999633789062,111.38999938964844,111.83999633789062,125500,0.0,0.0
2024-03-04 00:00:00-05:00,111.81999969482422,112.22000122070312,110.52999877929688,110.70999908447266,167200,0.0,0.0
2024-03-05 00:00:00-05:00,110.0,112.61000061035156,109.33000183105469,110.04000091552734,120600,0.0,0.0
2024-03-06 00:00:00-05:00,111.05000305175781,111.05000305175781,109.43000030517578,110.12999725341797,105200,0.0,0.0
2024-03-07 00:00:00-05:00,110.81999969482422,112.20999908447266,109.91000366210938,111.76000213623047,180700,0.0,0.0
2024-03-08 00:00:00-05:00,112.7699966430664,116.19999694824219,112.69999694824219,115.9000015258789,157600,0.0,0.0
2024-03-11 00:00:00-04:00,116.19999694824219,119.1500015258789,115.94999694824219,117.75,183600,0.0,0.0
2024-03-12 00:00:00-04:00,117.13999938964844,117.75,116.05000305175781,116.70999908447266,159100,0.0,0.0
2024-03-13 00:00:00-04:00,115.94999694824219,118.16999816894531,115.94999694824219,117.87000274658203,139400,0.0,0.0
2024-03-14 00:00:00-04:00,117.88999938964844,119.25,116.2699966430664,117.95999908447266,219100,0.0,0.0
2024-03-15 00:00:00-04:00,117.41000366210938,121.69000244140625,117.41000366210938,118.20999908447266,329900,0.0,0.0
2024-03-18 00:00:00-04:00,118.19999694824219,118.69000244140625,114.36000061035156,114.66000366210938,184800,0.0,0.0
2024-03-19 00:00:00-04:00,114.20999908447266,115.98999786376953,114.1500015258789,114.58999633789062,337700,0.0,0.0
2024-03-20 00:00:00-04:00,113.7699966430664,117.52999877929688,113.69999694824219,117.33000183105469,147500,0.0,0.0
2024-03-21 00:00:00-04:00,118.27999877929688,119.68000030517578,118.05999755859375,118.23999786376953,167400,0.0,0.0
2024-03-22 00:00:00-04:00,118.01000213623047,119.47000122070312,117.97000122070312,118.18000030517578,119900,0.0,0.0
2024-03-25 00:00:00-04:00,118.70999908447266,118.70999908447266,117.31999969482422,118.05000305175781,100600,0.0,0.0
2024-03-26 00:00:00-04:00,119.11000061035156,119.11000061035156,117.69999694824219,118.02999877929688,116400,0.0,0.0
2024-03-27 00:00:00-04:00,118.5,121.4800033569336,118.20999908447266,120.4800033569336,109800,0.0,0.0
2024-03-28 00:00:00-04:00,120.95999908447266,121.13999938964844,118.0199966430664,118.69000244140625,186100,0.0,0.0
2024-04-01 00:00:00-04:00,119.30000305175781,119.30000305175781,116.69000244140625,118.16000366210938,89100,0.0,0.0
2024-04-02 00:00:00-04:00,117.0199966430664,117.36000061035156,115.0999984741211,115.58999633789062,132600,0.0,0.0
2024-04-03 00:00:00-04:00,114.83999633789062,116.93000030517578,114.69999694824219,116.44999694824219,83600,0.0,0.0
2024-04-04 00:00:00-04:00,117.58999633789062,118.7300033569336,116.1500015258789,117.2699966430664,90600,0.0,0.0
2024-04-05 00:00:00-04:00,116.69999694824219,118.06999969482422,115.83999633789062,116.5,85100,0.0,0.0
2024-04-08 00:00:00-04:00,117.04000091552734,118.0199966430664,116.0,117.66999816894531,95600,0.0,0.0
2024-04-09 00:00:00-04:00,117.87000274658203,121.69999694824219,117.87000274658203,119.18000030517578,62900,0.0,0.0
2024-04-10 00:00:00-04:00,115.94000244140625,116.18000030517578,112.41000366210938,113.88999938964844,110800,0.0,0.0
2024-04-11 00:00:00-04:00,113.9000015258789,115.2699966430664,113.37999725341797,114.83000183105469,75200,0.0,0.0
2024-04-12 00:00:00-04:00,114.08999633789062,114.08999633789062,110.18000030517578,110.87000274658203,64600,0.0,0.0
2024-04-15 00:00:00-04:00,110.55999755859375,112.3499984741211,109.7300033569336,110.19000244140625,115200,0.0,0.0
2024-04-16 00:00:00-04:00,109.8499984741211,110.58000183105469,109.16999816894531,109.73999786376953,96200,0.0,0.0
2024-04-17 00:00:00-04:00,110.5,110.55000305175781,105.7300033569336,105.81999969482422,180700,0.0,0.0
2024-04-18 00:00:00-04:00,105.81999969482422,108.45999908447266,105.4800033569336,106.41999816894531,167100,0.0,0.0
2024-04-19 00:00:00-04:00,106.0199966430664,109.61000061035156,106.0199966430664,109.16000366210938,268700,0.0,0.0
2024-04-22 00:00:00-04:00,109.81999969482422,110.8499984741211,107.5,107.76000213623047,281300,0.0,0.0
2024-04-23 00:00:00-04:00,108.37999725341797,110.31999969482422,108.37999725341797,109.20999908447266,214700,0.0,0.0
2024-04-24 00:00:00-04:00,109.66000366210938,110.41999816894531,108.38999938964844,109.06999969482422,131700,0.0,0.0
2024-04-25 00:00:00-04:00,108.79000091552734,110.7699966430664,108.05999755859375,109.54000091552734,265900,0.0,0.0
2024-04-26 00:00:00-04:00,120.73999786376953,126.4000015258789,117.30999755859375,121.02999877929688,608500,0.0,0.0
2024-04-29 00:00:00-04:00,121.19000244140625,125.30999755859375,120.77999877929688,122.36000061035156,208700,0.0,0.0
2024-04-30 00:00:00-04:00,121.29000091552734,122.55000305175781,118.91999816894531,119.08999633789062,354600,0.0,0.0
2024-05-01 00:00:00-04:00,118.18000030517578,120.97000122070312,118.16999816894531,118.62000274658203,227100,0.0,0.0
2024-05-02 00:00:00-04:00,120.7699966430664,121.58000183105469,119.06999969482422,120.0,136300,0.0,0.0
2024-05-03 00:00:00-04:00,121.58999633789062,122.9800033569336,118.08000183105469,118.33000183105469,123500,0.0,0.0
2024-05-06 00:00:00-04:00,119.27999877929688,120.27999877929688,118.4800033569336,118.9800033569336,112600,0.0,0.0
2024-05-07 00:00:00-04:00,118.33999633789062,120.23999786376953,118.33999633789062,119.12999725341797,100000,0.0,0.0
2024-05-08 00:00:00-04:00,118.41000366210938,118.56999969482422,116.88999938964844,118.27999877929688,70300,0.0,0.0
2024-05-09 00:00:00-04:00,118.26000213623047,120.97000122070312,118.12000274658203,120.63999938964844,71000,0.0,0.0
2024-05-10 00:00:00-04:00,120.79000091552734,121.81999969482422,119.1500015258789,120.5999984741211,76100,0.0,0.0
2024-05-13 00:00:00-04:00,122.06999969482422,122.63999938964844,119.80999755859375,120.05999755859375,108900,0.0,0.0
2024-05-14 00:00:00-04:00,121.80000305175781,121.91000366210938,118.37999725341797,119.56999969482422,138000,0.0,0.0
2024-05-15 00:00:00-04:00,120.98999786376953,121.86000061035156,118.19999694824219,121.13999938964844,301000,0.0,0.0
2024-05-16 00:00:00-04:00,121.19000244140625,121.19000244140625,119.01000213623047,119.69999694824219,192300,0.0,0.0
2024-05-17 00:00:00-04:00,119.62000274658203,119.62000274658203,116.73999786376953,117.98999786376953,138000,0.0,0.0
2024-05-20 00:00:00-04:00,117.75,120.02999877929688,117.75,119.44999694824219,112600,0.0,0.0
2024-05-21 00:00:00-04:00,118.83000183105469,119.44999694824219,117.61000061035156,118.31999969482422,73600,0.0,0.0
2024-05-22 00:00:00-04:00,117.75,118.5,116.5199966430664,116.91000366210938,91500,0.0,0.0
2024-05-23 00:00:00-04:00,117.5,118.5,116.76000213623047,117.0999984741211,184100,0.0,0.0
2024-05-24 00:00:00-04:00,118.01000213623047,118.01000213623047,116.2699966430664,116.68000030517578,130200,0.0,0.0
2024-05-28 00:00:00-04:00,117.16999816894531,119.0,116.83000183105469,118.44000244140625,465600,0.0,0.0
2024-05-29 00:00:00-04:00,117.2300033569336,118.41000366210938,116.5,117.0,180700,0.0,0.0
2024-05-30 00:00:00-04:00,117.93000030517578,118.26000213623047,116.4000015258789,117.25,210300,0.0,0.0
2024-05-31 00:00:00-04:00,117.33000183105469,118.93000030517578,117.33000183105469,118.0,201100,0.0,0.0
2024-06-03 00:00:00-04:00,117.43000030517578,117.55999755859375,114.6500015258789,114.87999725341797,158100,0.0,0.0
2024-06-04 00:00:00-04:00,114.04000091552734,116.7300033569336,113.88999938964844,116.4000015258789,154500,0.0,0.0
2024-06-05 00:00:00-04:00,117.31999969482422,119.45999908447266,113.0,119.45999908447266,418900,0.0,0.0
2024-06-06 00:00:00-04:00,119.51000213623047,121.16999816894531,119.16999816894531,120.9000015258789,92100,0.0,0.0
2024-06-07 00:00:00-04:00,119.69000244140625,120.55999755859375,118.25,118.26000213623047,100000,0.0,0.0
2024-06-10 00:00:00-04:00,116.9800033569336,117.62000274658203,114.87000274658203,115.9800033569336,158600,0.0,0.0
2024-06-11 00:00:00-04:00,115.30000305175781,115.8499984741211,114.33999633789062,115.66999816894531,86400,0.0,0.0
2024-06-12 00:00:00-04:00,119.08999633789062,122.75,119.08999633789062,120.72000122070312,126200,0.0,0.0
2024-06-13 00:00:00-04:00,120.80999755859375,122.7699966430664,119.54000091552734,121.66999816894531,137000,0.0,0.0
2024-06-14 00:00:00-04:00,119.80000305175781,121.52999877929688,118.31999969482422,119.16000366210938,93200,0.0,0.0
2024-06-17 00:00:00-04:00,118.56999969482422,123.56999969482422,118.56999969482422,123.41999816894531,154800,0.0,0.0
2024-06-18 00:00:00-04:00,123.16999816894531,124.5,122.9800033569336,123.95999908447266,172100,0.0,0.0
2024-06-20 00:00:00-04:00,123.0,125.8499984741211,121.56999969482422,122.0,157300,0.0,0.0
2024-06-21 00:00:00-04:00,122.23999786376953,122.70999908447266,120.88999938964844,121.30999755859375,325300,0.0,0.0
2024-06-24 00:00:00-04:00,121.69999694824219,122.30000305175781,118.86000061035156,119.37999725341797,139300,0.0,0.0
2024-06-25 00:00:00-04:00,118.88999938964844,119.30999755859375,117.51000213623047,119.08999633789062,133000,0.0,0.0
2024-06-26 00:00:00-04:00,118.16000366210938,121.72000122070312,117.73999786376953,119.98999786376953,149000,0.0,0.0
2024-06-27 00:00:00-04:00,120.77999877929688,121.75,119.83000183105469,121.2300033569336,356100,0.0,0.0
2024-06-28 00:00:00-04:00,122.02999877929688,124.08999633789062,120.30999755859375,120.61000061035156,928900,0.0,0.0
2024-07-01 00:00:00-04:00,120.19000244140625,121.7699966430664,115.19000244140625,116.16000366210938,276200,0.0,0.0
2024-07-02 00:00:00-04:00,116.55000305175781,120.52999877929688,116.55000305175781,119.4000015258789,121800,0.0,0.0
2024-07-03 00:00:00-04:00,119.37999725341797,120.54000091552734,119.2300033569336,120.30000305175781,55600,0.0,0.0
2024-07-05 00:00:00-04:00,119.63999938964844,119.63999938964844,118.05000305175781,118.81999969482422,125300,0.0,0.0
2024-07-08 00:00:00-04:00,119.48999786376953,123.1500015258789,119.48999786376953,120.9000015258789,165800,0.0,0.0
2024-07-09 00:00:00-04:00,120.44000244140625,120.44000244140625,117.31999969482422,117.83000183105469,78900,0.0,0.0
2024-07-10 00:00:00-04:00,118.0,119.61000061035156,115.88999938964844,119.5,112600,0.0,0.0
2024-07-11 00:00:00-04:00,122.86000061035156,124.55999755859375,120.98999786376953,123.83000183105469,95300,0.0,0.0
2024-07-12 00:00:00-04:00,125.01000213623047,127.69000244140625,123.87000274658203,126.16000366210938,92800,0.0,0.0
2024-07-15 00:00:00-04:00,127.68000030517578,130.5399932861328,126.08000183105469,128.22000122070312,117800,0.0,0.0
2024-07-16 00:00:00-04:00,129.85000610351562,133.77000427246094,129.25999450683594,133.39999389648438,124700,0.0,0.0
2024-07-17 00:00:00-04:00,131.7100067138672,134.07000732421875,130.5399932861328,131.08999633789062,139400,0.0,0.0
2024-07-18 00:00:00-04:00,130.3300018310547,131.58999633789062,127.45999908447266,128.30999755859375,97900,0.0,0.0
2024-07-19 00:00:00-04:00,128.3300018310547,128.3300018310547,125.19999694824219,125.44000244140625,97900,0.0,0.0
2024-07-22 00:00:00-04:00,126.43000030517578,129.3000030517578,124.47000122070312,129.16000366210938,96000,0.0,0.0
2024-07-23 00:00:00-04:00,128.3300018310547,130.02999877929688,126.61000061035156,128.5,125000,0.0,0.0
2024-07-24 00:00:00-04:00,127.37999725341797,128.86000061035156,125.31999969482422,125.81999969482422,108000,0.0,0.0
2024-07-25 00:00:00-04:00,125.55999755859375,127.7699966430664,122.18000030517578,122.68000030517578,216500,0.0,0.0
2024-07-26 00:00:00-04:00,127.33000183105469,129.13999938964844,121.01000213623047,123.1500015258789,333500,0.0,0.0
2024-07-29 00:00:00-04:00,123.54000091552734,125.12999725341797,122.48999786376953,123.23999786376953,254100,0.0,0.0
2024-07-30 00:00:00-04:00,123.45999908447266,124.31999969482422,121.7699966430664,122.38999938964844,111800,0.0,0.0
2024-07-31 00:00:00-04:00,123.0,126.69999694824219,122.08999633789062,122.18000030517578,107200,0.0,0.0
2024-08-01 00:00:00-04:00,121.83000183105469,121.87000274658203,114.63999938964844,116.62999725341797,143400,0.0,0.0
2024-08-02 00:00:00-04:00,112.76000213623047,112.91000366210938,110.58999633789062,111.13999938964844,98700,0.0,0.0
2024-08-05 00:00:00-04:00,106.29000091552734,108.62999725341797,105.0,107.13999938964844,137600,0.0,0.0
2024-08-06 00:00:00-04:00,107.0,109.36000061035156,105.95999908447266,106.41999816894531,139800,0.0,0.0
2024-08-07 00:00:00-04:00,108.0,110.0999984741211,104.58999633789062,104.66999816894531,139300,0.0,0.0
2024-08-08 00:00:00-04:00,105.7300033569336,107.5199966430664,104.2699966430664,105.62000274658203,79000,0.0,0.0
2024-08-09 00:00:00-04:00,106.73999786376953,106.73999786376953,104.66000366210938,104.94000244140625,90400,0.0,0.0
2024-08-12 00:00:00-04:00,105.0,106.19000244140625,101.19999694824219,102.06999969482422,167600,0.0,0.0
2024-08-13 00:00:00-04:00,101.05000305175781,102.91000366210938,100.30999755859375,102.91000366210938,219100,0.0,0.0
2024-08-14 00:00:00-04:00,103.30000305175781,103.83999633789062,103.04000091552734,103.45999908447266,166200,0.0,0.0
2024-08-15 00:00:00-04:00,106.23999786376953,108.11000061035156,105.04000091552734,107.05000305175781,117800,0.0,0.0
2024-08-16 00:00:00-04:00,106.6500015258789,107.97000122070312,105.41999816894531,106.29000091552734,53300,0.0,0.0
2024-08-19 00:00:00-04:00,106.19999694824219,107.87000274658203,106.19999694824219,107.23999786376953,62500,0.0,0.0
2024-08-20 00:00:00-04:00,106.83999633789062,106.83999633789062,104.16999816894531,104.20999908447266,70000,0.0,0.0
2024-08-21 00:00:00-04:00,105.13999938964844,106.4800033569336,104.79000091552734,106.18000030517578,54900,0.0,0.0
2024-08-22 00:00:00-04:00,106.08999633789062,106.38999938964844,103.12999725341797,103.7300033569336,86400,0.0,0.0
2024-08-23 00:00:00-04:00,104.4000015258789,108.61000061035156,104.12999725341797,107.9800033569336,78000,0.0,0.0
2024-08-26 00:00:00-04:00,109.0,110.7699966430664,108.31999969482422,108.69999694824219,77200,0.0,0.0
2024-08-27 00:00:00-04:00,108.30999755859375,108.75,106.83999633789062,108.30000305175781,58100,0.0,0.0
2024-08-28 00:00:00-04:00,107.7300033569336,108.41999816894531,106.37999725341797,106.77999877929688,66300,0.0,0.0
2024-08-29 00:00:00-04:00,107.76000213623047,108.62000274658203,106.91000366210938,107.45999908447266,66600,0.0,0.0
2024-08-30 00:00:00-04:00,107.69000244140625,107.93000030517578,106.33999633789062,107.26000213623047,105900,0.0,0.0
2024-09-03 00:00:00-04:00,105.87000274658203,106.58000183105469,102.83999633789062,103.41000366210938,122900,0.0,0.0
2024-09-04 00:00:00-04:00,103.88999938964844,105.0999984741211,103.29000091552734,103.31999969482422,71900,0.0,0.0
2024-09-05 00:00:00-04:00,103.75,104.4000015258789,101.33000183105469,102.70999908447266,73300,0.0,0.0
2024-09-06 00:00:00-04:00,102.63999938964844,102.93000030517578,98.48999786376953,98.58000183105469,136900,0.0,0.0
2024-09-09 00:00:00-04:00,98.47000122070312,99.68000030517578,97.6500015258789,98.08999633789062,115000,0.0,0.0
2024-09-10 00:00:00-04:00,97.62000274658203,98.4000015258789,96.86000061035156,97.9000015258789,135000,0.0,0.0
2024-09-11 00:00:00-04:00,98.23999786376953,99.62999725341797,96.41000366210938,99.55999755859375,90300,0.0,0.0
2024-09-12 00:00:00-04:00,100.30999755859375,101.19999694824219,98.58000183105469,101.16000366210938,88200,0.0,0.0
2024-09-13 00:00:00-04:00,103.62999725341797,105.0999984741211,102.95999908447266,104.47000122070312,87900,0.0,0.0
2024-09-16 00:00:00-04:00,105.31999969482422,105.98999786376953,103.37999725341797,104.93000030517578,145100,0.0,0.0
2024-09-17 00:00:00-04:00,106.36000061035156,106.81999969482422,105.19999694824219,105.58000183105469,97800,0.0,0.0
2024-09-18 00:00:00-04:00,106.0,107.76000213623047,104.56999969482422,104.61000061035156,83800,0.0,0.0
2024-09-19 00:00:00-04:00,107.44000244140625,107.44000244140625,105.41999816894531,105.80000305175781,94500,0.0,0.0
2024-09-20 00:00:00-04:00,105.30999755859375,105.30999755859375,102.69000244140625,103.2300033569336,340300,0.0,0.0
2024-09-23 00:00:00-04:00,103.7300033569336,103.79000091552734,102.58000183105469,103.19999694824219,96300,0.0,0.0
2024-09-24 00:00:00-04:00,104.2699966430664,105.48999786376953,103.79000091552734,104.77999877929688,115200,0.0,0.0
2024-09-25 00:00:00-04:00,104.41999816894531,104.88999938964844,103.58999633789062,104.04000091552734,109300,0.0,0.0
2024-09-26 00:00:00-04:00,106.0999984741211,108.7300033569336,105.44999694824219,108.11000061035156,116100,0.0,0.0
2024-09-27 00:00:00-04:00,109.54000091552734,111.01000213623047,108.94999694824219,110.23999786376953,115600,0.0,0.0
2024-09-30 00:00:00-04:00,109.81999969482422,113.36000061035156,109.47000122070312,113.01000213623047,199800,0.0,0.0
2024-10-01 00:00:00-04:00,112.8499984741211,112.8499984741211,108.88999938964844,109.43000030517578,138000,0.0,0.0
2024-10-02 00:00:00-04:00,109.30000305175781,109.73999786376953,107.1500015258789,108.44999694824219,292200,0.0,0.0
2024-10-03 00:00:00-04:00,107.48999786376953,108.72000122070312,105.56999969482422,105.6500015258789,162600,0.0,0.0
2024-10-04 00:00:00-04:00,107.69000244140625,107.69000244140625,104.52999877929688,104.9800033569336,95900,0.0,0.0
2024-10-07 00:00:00-04:00,104.04000091552734,104.25,103.01000213623047,103.44999694824219,105700,0.0,0.0
2024-10-08 00:00:00-04:00,102.79000091552734,103.94999694824219,101.0,101.06999969482422,120000,0.0,0.0
2024-10-09 00:00:00-04:00,101.56999969482422,102.5,100.16999816894531,102.19000244140625,106700,0.0,0.0
2024-10-10 00:00:00-04:00,100.68000030517578,102.48999786376953,99.68000030517578,102.45999908447266,103200,0.0,0.0
2024-10-11 00:00:00-04:00,102.16000366210938,104.47000122070312,102.16000366210938,104.37000274658203,81700,0.0,0.0
2024-10-14 00:00:00-04:00,103.8499984741211,105.30999755859375,103.56999969482422,105.11000061035156,90700,0.0,0.0
2024-10-15 00:00:00-04:00,104.44000244140625,106.63999938964844,103.4000015258789,103.75,165900,0.0,0.0
2024-10-16 00:00:00-04:00,104.98999786376953,105.43000030517578,103.9800033569336,104.56999969482422,97400,0.0,0.0
2024-10-17 00:00:00-04:00,105.06999969482422,105.8499984741211,103.58000183105469,105.8499984741211,87700,0.0,0.0
2024-10-18 00:00:00-04:00,106.6500015258789,107.4800033569336,104.55000305175781,104.69000244140625,119500,0.0,0.0
2024-10-21 00:00:00-04:00,104.41000366210938,104.97000122070312,101.81999969482422,102.38999938964844,102100,0.0,0.0
2024-10-22 00:00:00-04:00,101.94999694824219,103.2300033569336,99.94000244140625,100.62999725341797,101600,0.0,0.0
2024-10-23 00:00:00-04:00,100.62999725341797,100.87000274658203,99.26000213623047,100.6500015258789,94100,0.0,0.0
2024-10-24 00:00:00-04:00,101.62999725341797,102.2300033569336,98.98999786376953,99.5,259500,0.0,0.0
2024-10-25 00:00:00-04:00,96.0999984741211,103.9000015258789,96.0999984741211,101.31999969482422,244200,0.0,0.0
2024-10-28 00:00:00-04:00,101.76000213623047,104.1500015258789,101.16999816894531,102.9000015258789,179300,0.0,0.0
2024-10-29 00:00:00-04:00,102.63999938964844,104.22000122070312,101.83999633789062,103.55000305175781,126200,0.0,0.0
2024-10-30 00:00:00-04:00,103.47000122070312,106.29000091552734,103.47000122070312,104.33999633789062,96400,0.0,0.0
2024-10-31 00:00:00-04:00,104.80000305175781,105.16999816894531,100.20999908447266,100.27999877929688,169700,0.0,0.0
2024-11-01 00:00:00-04:00,100.33999633789062,102.7699966430664,99.20999908447266,102.75,127500,0.0,0.0
2024-11-04 00:00:00-05:00,102.4800033569336,104.5999984741211,101.55999755859375,101.87000274658203,132700,0.0,0.0
2024-11-05 00:00:00-05:00,101.16000366210938,104.0199966430664,101.16000366210938,103.81999969482422,129600,0.0,0.0
2024-11-06 00:00:00-05:00,109.72000122070312,114.05000305175781,108.04000091552734,112.62000274658203,238200,0.0,0.0
2024-11-07 00:00:00-05:00,112.70999908447266,113.29000091552734,110.83000183105469,111.9800033569336,120500,0.0,0.0
2024-11-08 00:00:00-05:00,111.93000030517578,112.13999938964844,108.04000091552734,108.91000366210938,119200,0.0,0.0
2024-11-11 00:00:00-05:00,109.23999786376953,109.68000030517578,106.33000183105469,106.55000305175781,176600,0.0,0.0
2024-11-12 00:00:00-05:00,106.30999755859375,106.76000213623047,102.81999969482422,102.83000183105469,108800,0.0,0.0
2024-11-13 00:00:00-05:00,103.36000061035156,104.5999984741211,102.48999786376953,103.61000061035156,89300,0.0,0.0
2024-11-14 00:00:00-05:00,104.4000015258789,104.4000015258789,101.62999725341797,104.01000213623047,237000,0.0,0.0
2024-11-15 00:00:00-05:00,104.69999694824219,104.69999694824219,102.18000030517578,103.63999938964844,115000,0.0,0.0
2024-11-18 00:00:00-05:00,103.55999755859375,104.7300033569336,102.54000091552734,103.56999969482422,131600,0.0,0.0
2024-11-19 00:00:00-05:00,102.06999969482422,103.37999725341797,100.08000183105469,101.0,151300,0.0,0.0
2024-11-20 00:00:00-05:00,100.22000122070312,102.87000274658203,100.0199966430664,102.58000183105469,90400,0.0,0.0
2024-11-21 00:00:00-05:00,103.72000122070312,105.44000244140625,102.51000213623047,104.75,69600,0.0,0.0
2024-11-22 00:00:00-05:00,105.79000091552734,106.5999984741211,105.0,105.94000244140625,87300,0.0,0.0
2024-11-25 00:00:00-05:00,106.70999908447266,110.7699966430664,106.70999908447266,106.86000061035156,234600,0.0,0.0
2024-11-26 00:00:00-05:00,106.20999908447266,106.20999908447266,102.93000030517578,103.11000061035156,76900,0.0,0.0
2024-11-27 00:00:00-05:00,103.16999816894531,105.37000274658203,102.58999633789062,102.94000244140625,69300,0.0,0.0
2024-11-29 00:00:00-05:00,103.5,103.79000091552734,102.20999908447266,103.58000183105469,40400,0.0,0.0
2024-12-02 00:00:00-05:00,104.13999938964844,107.3499984741211,104.0,106.08000183105469,308900,0.0,0.0
2024-12-03 00:00:00-05:00,106.25,106.2699966430664,103.63999938964844,105.43000030517578,109800,0.0,0.0
2024-12-04 00:00:00-05:00,106.0,107.47000122070312,106.0,107.1500015258789,139200,0.0,0.0
2024-12-05 00:00:00-05:00,107.51000213623047,107.51000213623047,104.12999725341797,105.01000213623047,80500,0.0,0.0
2024-12-06 00:00:00-05:00,105.7300033569336,106.41000366210938,103.68000030517578,104.91999816894531,104400,0.0,0.0
2024-12-09 00:00:00-05:00,106.23999786376953,111.38999938964844,106.23999786376953,108.9000015258789,105400,0.0,0.0
2024-12-10 00:00:00-05:00,108.56999969482422,109.37000274658203,105.33999633789062,107.41000366210938,97800,0.0,0.0
2024-12-11 00:00:00-05:00,107.72000122070312,108.77999877929688,105.80000305175781,106.30000305175781,87100,0.0,0.0
2024-12-12 00:00:00-05:00,105.94000244140625,108.7300033569336,105.0,106.70999908447266,122800,0.0,0.0
2024-12-13 00:00:00-05:00,106.01000213623047,106.47000122070312,103.0199966430664,104.88999938964844,156700,0.0,0.0
2024-12-16 00:00:00-05:00,104.54000091552734,106.05000305175781,103.41999816894531,105.41000366210938,84400,0.0,0.0
2024-12-17 00:00:00-05:00,104.62000274658203,105.08000183105469,103.31999969482422,104.05000305175781,101800,0.0,0.0
2024-12-18 00:00:00-05:00,104.9800033569336,106.25,100.38999938964844,101.16000366210938,116900,0.0,0.0
2024-12-19 00:00:00-05:00,102.0999984741211,103.04000091552734,100.47000122070312,101.45999908447266,153300,0.0,0.0
2024-12-20 00:00:00-05:00,100.22000122070312,103.29000091552734,99.38999938964844,99.94999694824219,497100,0.0,0.0
2024-12-23 00:00:00-05:00,99.9000015258789,103.58000183105469,99.6500015258789,101.19000244140625,100500,0.0,0.0
2024-12-24 00:00:00-05:00,100.73999786376953,102.94000244140625,100.52999877929688,102.77999877929688,39200,0.0,0.0
2024-12-26 00:00:00-05:00,102.7699966430664,104.58000183105469,101.73999786376953,104.05999755859375,96100,0.0,0.0
2024-12-27 00:00:00-05:00,103.5,110.0,103.1500015258789,104.5199966430664,134100,0.0,0.0
2024-12-30 00:00:00-05:00,103.62999725341797,104.69999694824219,101.48999786376953,102.55999755859375,98700,0.0,0.0
2024-12-31 00:00:00-05:00,102.69999694824219,104.0199966430664,101.20999908447266,101.61000061035156,122600,0.0,0.0
2025-01-02 00:00:00-05:00,101.69999694824219,102.61000061035156,98.27999877929688,98.9000015258789,103100,0.0,0.0
2025-01-03 00:00:00-05:00,99.31999969482422,101.02999877929688,98.5,100.75,126900,0.0,0.0
2025-01-06 00:00:00-05:00,101.29000091552734,106.12000274658203,101.29000091552734,102.68000030517578,133700,0.0,0.0
2025-01-07 00:00:00-05:00,102.69000244140625,103.3499984741211,100.41000366210938,100.94999694824219,91900,0.0,0.0
2025-01-08 00:00:00-05:00,99.80000305175781,99.97000122070312,97.04000091552734,98.43000030517578,85900,0.0,0.0
2025-01-10 00:00:00-05:00,96.45999908447266,96.94999694824219,94.08999633789062,95.38999938964844,115700,0.0,0.0
2025-01-13 00:00:00-05:00,94.80000305175781,95.86000061035156,94.16000366210938,94.77999877929688,146900,0.0,0.0
2025-01-14 00:00:00-05:00,94.87000274658203,95.93000030517578,93.80999755859375,95.01000213623047,97200,0.0,0.0
2025-01-15 00:00:00-05:00,97.02999877929688,97.30000305175781,95.5,95.91999816894531,83900,0.0,0.0
2025-01-16 00:00:00-05:00,95.5999984741211,96.12999725341797,94.4800033569336,95.68000030517578,73200,0.0,0.0
2025-01-17 00:00:00-05:00,96.77999877929688,97.19999694824219,95.31999969482422,95.7699966430664,94500,0.0,0.0
2025-01-21 00:00:00-05:00,96.1500015258789,98.87999725341797,95.54000091552734,97.93000030517578,73300,0.0,0.0
2025-01-22 00:00:00-05:00,97.7300033569336,99.44000244140625,97.7300033569336,98.5199966430664,129700,0.0,0.0
2025-01-23 00:00:00-05:00,97.91999816894531,98.8499984741211,95.70999908447266,97.4000015258789,138100,0.0,0.0
2025-01-24 00:00:00-05:00,96.69999694824219,100.1500015258789,96.69999694824219,99.86000061035156,100100,0.0,0.0
2025-01-27 00:00:00-05:00,99.05000305175781,99.62999725341797,96.4800033569336,97.36000061035156,101900,0.0,0.0
2025-01-28 00:00:00-05:00,96.87999725341797,97.5999984741211,94.80000305175781,96.86000061035156,66300,0.0,0.0
2025-01-29 00:00:00-05:00,96.12000274658203,96.47000122070312,93.5999984741211,93.79000091552734,101700,0.0,0.0
2025-01-30 00:00:00-05:00,94.02999877929688,95.2300033569336,93.52999877929688,93.88999938964844,139000,0.0,0.0
2025-01-31 00:00:00-05:00,94.0999984741211,94.94000244140625,92.58000183105469,93.05000305175781,238400,0.0,0.0
2025-02-03 00:00:00-05:00,91.0,91.0,87.2699966430664,88.3499984741211,174700,0.0,0.0
2025-02-04 00:00:00-05:00,87.94999694824219,89.91999816894531,87.61000061035156,89.30999755859375,112500,0.0,0.0
2025-02-05 00:00:00-05:00,89.22000122070312,90.83000183105469,88.37000274658203,90.62000274658203,94400,0.0,0.0
2025-02-06 00:00:00-05:00,90.86000061035156,91.23999786376953,90.02999877929688,90.3499984741211,97500,0.0,0.0
2025-02-07 00:00:00-05:00,90.5999984741211,90.5999984741211,86.5199966430664,88.01000213623047,119400,0.0,0.0
2025-02-10 00:00:00-05:00,88.38999938964844,89.16000366210938,87.52999877929688,88.5,78900,0.0,0.0
2025-02-11 00:00:00-05:00,87.86000061035156,89.48999786376953,87.77999877929688,88.23999786376953,118500,0.0,0.0
2025-02-12 00:00:00-05:00,86.9800033569336,87.87000274658203,85.0199966430664,87.16000366210938,221200,0.0,0.0
2025-02-13 00:00:00-05:00,88.12000274658203,89.23999786376953,87.16000366210938,89.16000366210938,112900,0.0,0.0
2025-02-14 00:00:00-05:00,89.18000030517578,89.73999786376953,87.16999816894531,89.33999633789062,182700,0.0,0.0
2025-02-18 00:00:00-05:00,89.4800033569336,91.26000213623047,87.83999633789062,90.79000091552734,150800,0.0,0.0
2025-02-19 00:00:00-05:00,90.0,90.87999725341797,89.01000213623047,89.87999725341797,285000,0.0,0.0
2025-02-20 00:00:00-05:00,88.05000305175781,98.61000061035156,88.05000305175781,89.58999633789062,318300,0.0,0.0
2025-02-21 00:00:00-05:00,90.4000015258789,90.4000015258789,84.75,85.87000274658203,227600,0.0,0.0
2025-02-24 00:00:00-05:00,86.9800033569336,89.87000274658203,85.86000061035156,85.97000122070312,216400,0.0,0.0
2025-02-25 00:00:00-05:00,85.7699966430664,87.26000213623047,84.70999908447266,85.68000030517578,209500,0.0,0.0
2025-02-26 00:00:00-05:00,85.83999633789062,86.20999908447266,84.52999877929688,85.25,112400,0.0,0.0
2025-02-27 00:00:00-05:00,84.93000030517578,85.25,80.52999877929688,80.87000274658203,196600,0.0,0.0
2025-02-28 00:00:00-05:00,80.80000305175781,82.81999969482422,79.44999694824219,79.94000244140625,262800,0.0,0.0
2025-03-03 00:00:00-05:00,80.2699966430664,80.2699966430664,73.8499984741211,74.16999816894531,272500,0.0,0.0
2025-03-04 00:00:00-05:00,73.66000366210938,75.80000305175781,71.86000061035156,75.22000122070312,257600,0.0,0.0
2025-03-05 00:00:00-05:00,76.0,78.56999969482422,76.0,77.7699966430664,170100,0.0,0.0
2025-03-06 00:00:00-05:00,76.75,77.80000305175781,75.33999633789062,77.19000244140625,194100,0.0,0.0
2025-03-07 00:00:00-05:00,76.93000030517578,78.08000183105469,76.12000274658203,76.87999725341797,147600,0.0,0.0
2025-03-10 00:00:00-04:00,75.86000061035156,77.56999969482422,74.54000091552734,75.5199966430664,164900,0.0,0.0
2025-03-11 00:00:00-04:00,75.69999694824219,76.62999725341797,73.80000305175781,76.08000183105469,155700,0.0,0.0
2025-03-12 00:00:00-04:00,76.16999816894531,76.95999908447266,74.12999725341797,74.43000030517578,200700,0.0,0.0
2025-03-13 00:00:00-04:00,74.9800033569336,75.30999755859375,71.62999725341797,72.66000366210938,237800,0.0,0.0
2025-03-14 00:00:00-04:00,74.33999633789062,78.44000244140625,73.5999984741211,78.38999938964844,300000,0.0,0.0
2025-03-17 00:00:00-04:00,77.69000244140625,79.69999694824219,76.88999938964844,78.45999908447266,239300,0.0,0.0
2025-03-18 00:00:00-04:00,77.94999694824219,80.02999877929688,76.73999786376953,77.79000091552734,300200,0.0,0.0
2025-03-19 00:00:00-04:00,78.20999908447266,78.20999908447266,74.55000305175781,75.0999984741211,227400,0.0,0.0
2025-03-20 00:00:00-04:00,74.5199966430664,76.77999877929688,74.2300033569336,74.52999877929688,177400,0.0,0.0
2025-03-21 00:00:00-04:00,73.3499984741211,74.12999725341797,71.94999694824219,72.23999786376953,437100,0.0,0.0
2025-03-24 00:00:00-04:00,73.56999969482422,74.54000091552734,72.83000183105469,73.26000213623047,208000,0.0,0.0
2025-03-25 00:00:00-04:00,73.1500015258789,73.47000122070312,70.66000366210938,70.81999969482422,253300,0.0,0.0
2025-03-26 00:00:00-04:00,70.87000274658203,71.73999786376953,68.87000274658203,70.1500015258789,479200,0.0,0.0
2025-03-27 00:00:00-04:00,70.0999984741211,71.33000183105469,68.26000213623047,70.81999969482422,209900,0.0,0.0
2025-03-28 00:00:00-04:00,70.51000213623047,70.6500015258789,67.4000015258789,67.58000183105469,163500,0.0,0.0
2025-03-31 00:00:00-04:00,67.75,68.2699966430664,65.69999694824219,67.52999877929688,298800,0.0,0.0
2025-04-01 00:00:00-04:00,67.25,69.2300033569336,66.41999816894531,67.20999908447266,268600,0.0,0.0
2025-04-02 00:00:00-04:00,66.2699966430664,69.63999938964844,66.2699966430664,69.48999786376953,204800,0.0,0.0
2025-04-03 00:00:00-04:00,65.93000030517578,66.11000061035156,60.720001220703125,61.709999084472656,389600,0.0,0.0
2025-04-04 00:00:00-04:00,58.970001220703125,61.34000015258789,56.130001068115234,60.91999816894531,504100,0.0,0.0
2025-04-07 00:00:00-04:00,58.09000015258789,64.66999816894531,56.90999984741211,62.86000061035156,619700,0.0,0.0
2025-04-08 00:00:00-04:00,65.0999984741211,65.44000244140625,56.97999954223633,58.09000015258789,373100,0.0,0.0
2025-04-09 00:00:00-04:00,57.31999969482422,64.55999755859375,56.45000076293945,61.91999816894531,715100,0.0,0.0
2025-04-10 00:00:00-04:00,59.84000015258789,59.90999984741211,54.08000183105469,55.22999954223633,408200,0.0,0.0
2025-04-11 00:00:00-04:00,55.369998931884766,56.560001373291016,53.04999923706055,56.2400016784668,355900,0.0,0.0
2025-04-14 00:00:00-04:00,57.93000030517578,57.93000030517578,54.599998474121094,55.70000076293945,301700,0.0,0.0
2025-04-15 00:00:00-04:00,55.189998626708984,55.709999084472656,53.810001373291016,54.20000076293945,325600,0.0,0.0
2025-04-16 00:00:00-04:00,53.68000030517578,53.68000030517578,51.43000030517578,52.689998626708984,378600,0.0,0.0
2025-04-17 00:00:00-04:00,52.56999969482422,54.15999984741211,52.29999923706055,53.91999816894531,376800,0.0,0.0
2025-04-21 00:00:00-04:00,53.0,54.77000045776367,52.189998626708984,54.04999923706055,473300,0.0,0.0
2025-04-22 00:00:00-04:00,54.79999923706055,55.5099983215332,53.959999084472656,55.22999954223633,457200,0.0,0.0
2025-04-23 00:00:00-04:00,57.720001220703125,58.150001525878906,54.779998779296875,55.060001373291016,362800,0.0,0.0
2025-04-24 00:00:00-04:00,55.11000061035156,57.13999938964844,54.75,57.04999923706055,500100,0.0,0.0
2025-04-25 00:00:00-04:00,56.45000076293945,57.709999084472656,56.13999938964844,57.40999984741211,187600,0.0,0.0
2025-04-28 00:00:00-04:00,56.95000076293945,57.93000030517578,56.7599983215332,57.70000076293945,273300,0.0,0.0
2025-04-29 00:00:00-04:00,57.56999969482422,59.72999954223633,56.939998626708984,59.43000030517578,404700,0.0,0.0
2025-04-30 00:00:00-04:00,61.72999954223633,62.66999816894531,59.369998931884766,61.810001373291016,603700,0.0,0.0
2025-05-01 00:00:00-04:00,62.18000030517578,63.79999923706055,60.900001525878906,63.70000076293945,390900,0.0,0.0
2025-05-02 00:00:00-04:00,65.25,66.63999938964844,63.939998626708984,63.97999954223633,317400,0.0,0.0
2025-05-05 00:00:00-04:00,63.4900016784668,63.959999084472656,62.29999923706055,62.31999969482422,283400,0.0,0.0
2025-05-06 00:00:00-04:00,61.38999938964844,63.779998779296875,61.38999938964844,62.91999816894531,365200,0.0,0.0
2025-05-07 00:00:00-04:00,63.470001220703125,64.02999877929688,62.7400016784668,63.599998474121094,408000,0.0,0.0
2025-05-08 00:00:00-04:00,64.58999633789062,65.97000122070312,63.72999954223633,65.37999725341797,306400,0.0,0.0
2025-05-09 00:00:00-04:00,65.41000366210938,66.12000274658203,65.05000305175781,65.9800033569336,194100,0.0,0.0
2025-05-12 00:00:00-04:00,69.44999694824219,70.83999633789062,69.02999877929688,70.26000213623047,210900,0.0,0.0
2025-05-13 00:00:00-04:00,70.72000122070312,71.0999984741211,70.0,71.0,188700,0.0,0.0
2025-05-14 00:00:00-04:00,70.83999633789062,71.2699966430664,69.73999786376953,69.91999816894531,189400,0.0,0.0
2025-05-15 00:00:00-04:00,69.41999816894531,70.47000122070312,69.04000091552734,69.7699966430664,223300,0.0,0.0
2025-05-16 00:00:00-04:00,69.69000244140625,70.38999938964844,69.11000061035156,69.86000061035156,153300,0.0,0.0
2025-05-19 00:00:00-04:00,68.16000366210938,68.81999969482422,67.7300033569336,68.48999786376953,121300,0.0,0.0
2025-05-20 00:00:00-04:00,68.30000305175781,68.86000061035156,68.05999755859375,68.55000305175781,106800,0.0,0.0
2025-05-21 00:00:00-04:00,67.44999694824219,68.44000244140625,66.2300033569336,66.62999725341797,136800,0.0,0.0
2025-05-22 00:00:00-04:00,66.30999755859375,67.51000213623047,65.83000183105469,67.05000305175781,108200,0.0,0.0
2025-05-23 00:00:00-04:00,65.44000244140625,65.93000030517578,65.19000244140625,65.41000366210938,117000,0.0,0.0
2025-05-27 00:00:00-04:00,66.83000183105469,68.22000122070312,66.12999725341797,67.98999786376953,139600,0.0,0.0
2025-05-28 00:00:00-04:00,67.98999786376953,67.98999786376953,66.55000305175781,66.55000305175781,146900,0.0,0.0
2025-05-29 00:00:00-04:00,67.44999694824219,67.68000030517578,66.2300033569336,67.33000183105469,137400,0.0,0.0
2025-05-30 00:00:00-04:00,66.73999786376953,67.1500015258789,66.05999755859375,66.56999969482422,179900,0.0,0.0
2025-06-02 00:00:00-04:00,65.7300033569336,66.41999816894531,65.08999633789062,65.73999786376953,152000,0.0,0.0
2025-06-03 00:00:00-04:00,65.77999877929688,67.58000183105469,65.75,67.38999938964844,91400,0.0,0.0
2025-06-04 00:00:00-04:00,67.12000274658203,67.7699966430664,66.94999694824219,67.33999633789062,95500,0.0,0.0
2025-06-05 00:00:00-04:00,67.30999755859375,67.3499984741211,65.77999877929688,66.45999908447266,409200,0.0,0.0
2025-06-06 00:00:00-04:00,67.87000274658203,68.18000030517578,66.31999969482422,67.01000213623047,169400,0.0,0.0
2025-06-09 00:00:00-04:00,67.8499984741211,69.93000030517578,67.20999908447266,69.19999694824219,174100,0.0,0.0
2025-06-10 00:00:00-04:00,70.0,71.27999877929688,69.36000061035156,70.55999755859375,130400,0.0,0.0
2025-06-11 00:00:00-04:00,71.19000244140625,71.55999755859375,70.56999969482422,71.0199966430664,170400,0.0,0.0
2025-06-12 00:00:00-04:00,69.93000030517578,70.86000061035156,69.93000030517578,70.3499984741211,168700,0.0,0.0
2025-06-13 00:00:00-04:00,70.25,70.5,67.86000061035156,68.26000213623047,254700,0.0,0.0
2025-06-16 00:00:00-04:00,68.9800033569336,70.23999786376953,68.55999755859375,69.8499984741211,207800,0.0,0.0
2025-06-17 00:00:00-04:00,69.55000305175781,69.97000122070312,67.66999816894531,67.70999908447266,137600,0.0,0.0
2025-06-18 00:00:00-04:00,67.61000061035156,69.19999694824219,67.58999633789062,68.22000122070312,190600,0.0,0.0
2025-06-20 00:00:00-04:00,68.79000091552734,68.79000091552734,66.37999725341797,66.98999786376953,217100,0.0,0.0
2025-06-23 00:00:00-04:00,66.5999984741211,67.86000061035156,65.4000015258789,67.6500015258789,97900,0.0,0.0
2025-06-24 00:00:00-04:00,68.4800033569336,69.80999755859375,68.08000183105469,68.79000091552734,126100,0.0,0.0
2025-06-25 00:00:00-04:00,69.02999877929688,69.11000061035156,67.83000183105469,68.44999694824219,86200,0.0,0.0
2025-06-26 00:00:00-04:00,68.68000030517578,69.4000015258789,68.54000091552734,69.16999816894531,96400,0.0,0.0
2025-06-27 00:00:00-04:00,69.31999969482422,69.77999877929688,67.83999633789062,68.55000305175781,145000,0.0,0.0
2025-06-30 00:00:00-04:00,68.6500015258789,69.08000183105469,68.2300033569336,68.4800033569336,113600,0.0,0.0
2025-07-01 00:00:00-04:00,68.05999755859375,72.83000183105469,68.0199966430664,71.0999984741211,160400,0.0,0.0
2025-07-02 00:00:00-04:00,71.5999984741211,73.58999633789062,70.37000274658203,73.3499984741211,137100,0.0,0.0
2025-07-03 00:00:00-04:00,74.0999984741211,74.16999816894531,72.44000244140625,73.44000244140625,90300,0.0,0.0
2025-07-07 00:00:00-04:00,72.52999877929688,73.36000061035156,70.87000274658203,71.0,106200,0.0,0.0
2025-07-08 00:00:00-04:00,71.8499984741211,74.0999984741211,71.8499984741211,73.16000366210938,96000,0.0,0.0
2025-07-09 00:00:00-04:00,72.94000244140625,73.55999755859375,71.36000061035156,73.41999816894531,102600,0.0,0.0
2025-07-10 00:00:00-04:00,73.69999694824219,75.0,73.38999938964844,73.69000244140625,98300,0.0,0.0
2025-07-11 00:00:00-04:00,73.0199966430664,73.68000030517578,72.12000274658203,73.2699966430664,99500,0.0,0.0
2025-07-14 00:00:00-04:00,71.26000213623047,71.87000274658203,65.94999694824219,67.81999969482422,435500,0.0,0.0
2025-07-15 00:00:00-04:00,68.91999816894531,68.91999816894531,64.94000244140625,65.63999938964844,297600,0.0,0.0
2025-07-16 00:00:00-04:00,66.0999984741211,66.72000122070312,64.58999633789062,65.76000213623047,223400,0.0,0.0
2025-07-17 00:00:00-04:00,66.0,67.16999816894531,66.0,66.5,334800,0.0,0.0
2025-07-18 00:00:00-04:00,67.12000274658203,67.12000274658203,64.81999969482422,65.5,357800,0.0,0.0
2025-07-21 00:00:00-04:00,66.16999816894531,66.47000122070312,64.69000244140625,64.77999877929688,201700,0.0,0.0
2025-07-22 00:00:00-04:00,64.80999755859375,67.95999908447266,64.80999755859375,67.12000274658203,220400,0.0,0.0
2025-07-23 00:00:00-04:00,68.19000244140625,68.66000366210938,66.94000244140625,67.55999755859375,141700,0.0,0.0
2025-07-24 00:00:00-04:00,66.87999725341797,67.22000122070312,65.25,65.5,121700,0.0,0.0
2025-07-25 00:00:00-04:00,65.83999633789062,65.83999633789062,64.8499984741211,65.27999877929688,153200,0.0,0.0
2025-07-28 00:00:00-04:00,65.69000244140625,66.7699966430664,64.45999908447266,66.1500015258789,576300,0.0,0.0
2025-07-29 00:00:00-04:00,66.13999938964844,67.06999969482422,66.0,66.41000366210938,368700,0.0,0.0
2025-07-30 00:00:00-04:00,66.41000366210938,68.88999938964844,66.13999938964844,66.4000015258789,386000,0.0,0.0
2025-07-31 00:00:00-04:00,65.30999755859375,67.0199966430664,64.98999786376953,65.58000183105469,395900,0.0,0.0
2025-08-01 00:00:00-04:00,66.2699966430664,67.38999938964844,61.16999816894531,67.30000305175781,880800,0.0,0.0
2025-08-04 00:00:00-04:00,67.48999786376953,69.70999908447266,66.97000122070312,69.66999816894531,286200,0.0,0.0
2025-08-05 00:00:00-04:00,70.04000091552734,71.41999816894531,68.76000213623047,71.30000305175781,427200,0.0,0.0
2025-08-06 00:00:00-04:00,71.44999694824219,72.4000015258789,69.5999984741211,70.51000213623047,519100,0.0,0.0
2025-08-07 00:00:00-04:00,76.0,76.88999938964844,72.08000183105469,72.19000244140625,397200,0.0,0.0
2025-08-08 00:00:00-04:00,71.98999786376953,72.87999725341797,69.31999969482422,70.20999908447266,330600,0.0,0.0
2025-08-11 00:00:00-04:00,70.44999694824219,71.29000091552734,69.61000061035156,69.8499984741211,200900,0.0,0.0
2025-08-12 00:00:00-04:00,70.12000274658203,74.91999816894531,70.12000274658203,74.8499984741211,208800,0.0,0.0
2025-08-13 00:00:00-04:00,74.91999816894531,78.22000122070312,74.41000366210938,77.94999694824219,238600,0.0,0.0
2025-08-14 00:00:00-04:00,75.88999938964844,76.80000305175781,73.97000122070312,76.5199966430664,461700,0.0,0.0
2025-08-15 00:00:00-04:00,76.72000122070312,77.12999725341797,75.52999877929688,76.63999938964844,209100,0.0,0.0
2025-08-18 00:00:00-04:00,76.91999816894531,77.5999984741211,75.68000030517578,75.77999877929688,213900,0.0,0.0
2025-08-19 00:00:00-04:00,76.30000305175781,77.87000274658203,75.97000122070312,76.91000366210938,244300,0.0,0.0
2025-08-20 00:00:00-04:00,76.2300033569336,77.29000091552734,73.33999633789062,74.01000213623047,215000,0.0,0.0
2025-08-21 00:00:00-04:00,73.5,75.11000061035156,72.48999786376953,74.7699966430664,155000,0.0,0.0
2025-08-22 00:00:00-04:00,75.13999938964844,80.0999984741211,75.13999938964844,79.54000091552734,291300,0.0,0.0
2025-08-25 00:00:00-04:00,79.31999969482422,79.41999816894531,77.80999755859375,78.51000213623047,217300,0.0,0.0
2025-08-26 00:00:00-04:00,78.45999908447266,80.5199966430664,78.37999725341797,79.37000274658203,257100,0.0,0.0
2025-08-27 00:00:00-04:00,78.87999725341797,80.0,78.55999755859375,79.44999694824219,174100,0.0,0.0
2025-08-28 00:00:00-04:00,79.80000305175781,79.80000305175781,78.36000061035156,78.41000366210938,154300,0.0,0.0
2025-08-29 00:00:00-04:00,78.58999633789062,79.55999755859375,77.8499984741211,78.45999908447266,251100,0.0,0.0
2025-09-02 00:00:00-04:00,77.19000244140625,78.38999938964844,76.30000305175781,77.37000274658203,212500,0.0,0.0
2025-09-03 00:00:00-04:00,76.83000183105469,78.08999633789062,76.41999816894531,76.91999816894531,218100,0.0,0.0
2025-09-04 00:00:00-04:00,77.56999969482422,80.2300033569336,76.66000366210938,79.7300033569336,249100,0.0,0.0
2025-09-05 00:00:00-04:00,80.08999633789062,81.37000274658203,78.48999786376953,78.76000213623047,158800,0.0,0.0
2025-09-08 00:00:00-04:00,78.91000366210938,79.22000122070312,77.5199966430664,78.44999694824219,189900,0.0,0.0
2025-09-09 00:00:00-04:00,77.98999786376953,79.62999725341797,77.0,79.37999725341797,168200,0.0,0.0
2025-09-10 00:00:00-04:00,79.81999969482422,80.5,78.75,79.3499984741211,127300,0.0,0.0
2025-09-11 00:00:00-04:00,79.62999725341797,84.29000091552734,79.5199966430664,83.94000244140625,375200,0.0,0.0
2025-09-12 00:00:00-04:00,83.4000015258789,83.4000015258789,80.8499984741211,81.0,333900,0.0,0.0
2025-09-15 00:00:00-04:00,81.06999969482422,82.91999816894531,80.16000366210938,81.63999938964844,162400,0.0,0.0
2025-09-16 00:00:00-04:00,81.77999877929688,82.5,80.79000091552734,82.11000061035156,151100,0.0,0.0
2025-09-17 00:00:00-04:00,82.12000274658203,82.95999908447266,80.44999694824219,81.83999633789062,217800,0.0,0.0
2025-09-18 00:00:00-04:00,83.20999908447266,84.66999816894531,82.86000061035156,83.48999786376953,166300,0.0,0.0
2025-09-19 00:00:00-04:00,83.41000366210938,84.12999725341797,81.20999908447266,81.75,315300,0.0,0.0
2025-09-22 00:00:00-04:00,82.08999633789062,82.08999633789062,81.05000305175781,81.55000305175781,196500,0.0,0.0
2025-09-23 00:00:00-04:00,82.63999938964844,83.58000183105469,78.31999969482422,78.33000183105469,133800,0.0,0.0
2025-09-24 00:00:00-04:00,78.4000015258789,80.27999877929688,78.4000015258789,79.70999908447266,186100,0.0,0.0
2025-09-25 00:00:00-04:00,78.94999694824219,79.62999725341797,77.81999969482422,78.93000030517578,165700,0.0,0.0
2025-09-26 00:00:00-04:00,78.56999969482422,80.3499984741211,78.56999969482422,80.04000091552734,132000,0.0,0.0
2025-09-29 00:00:00-04:00,80.36000061035156,80.79000091552734,79.2300033569336,80.25,222800,0.0,0.0
2025-09-30 00:00:00-04:00,80.13999938964844,80.80000305175781,79.19000244140625,80.45999908447266,117000,0.0,0.0
2025-10-01 00:00:00-04:00,80.5199966430664,83.0999984741211,79.88999938964844,81.83000183105469,176700,0.0,0.0
2025-10-02 00:00:00-04:00,82.55999755859375,83.2699966430664,80.79000091552734,82.19999694824219,135900,0.0,0.0
2025-10-03 00:00:00-04:00,82.7699966430664,84.33000183105469,82.30000305175781,83.06999969482422,180300,0.0,0.0
2025-10-06 00:00:00-04:00,83.91000366210938,84.5999984741211,83.18000030517578,84.48999786376953,125700,0.0,0.0
2025-10-07 00:00:00-04:00,85.87999725341797,85.87999725341797,81.25,82.38999938964844,186200,0.0,0.0
2025-10-08 00:00:00-04:00,82.43000030517578,85.18000030517578,82.43000030517578,84.52999877929688,104800,0.0,0.0
2025-10-09 00:00:00-04:00,84.75,84.75,82.93000030517578,84.12999725341797,63200,0.0,0.0
2025-10-10 00:00:00-04:00,84.22000122070312,84.6500015258789,80.73999786376953,81.56999969482422,161400,0.0,0.0
2025-10-13 00:00:00-04:00,83.11000061035156,84.61000061035156,82.37999725341797,84.56999969482422,149200,0.0,0.0
2025-10-14 00:00:00-04:00,83.33000183105469,85.08999633789062,83.06999969482422,83.77999877929688,86800,0.0,0.0
2025-10-15 00:00:00-04:00,84.30000305175781,86.72000122070312,84.01000213623047,86.33999633789062,105700,0.0,0.0
2025-10-16 00:00:00-04:00,86.7699966430664,87.16000366210938,85.43000030517578,85.43000030517578,137000,0.0,0.0
2025-10-17 00:00:00-04:00,84.4800033569336,85.87999725341797,83.62000274658203,84.13999938964844,82400,0.0,0.0
2025-10-20 00:00:00-04:00,84.80999755859375,86.56999969482422,84.80999755859375,85.81999969482422,70500,0.0,0.0
2025-10-21 00:00:00-04:00,86.0999984741211,86.48999786376953,84.9800033569336,85.16999816894531,97800,0.0,0.0
2025-10-22 00:00:00-04:00,85.08999633789062,85.73999786376953,83.68000030517578,84.61000061035156,110300,0.0,0.0
2025-10-23 00:00:00-04:00,84.8499984741211,87.38999938964844,84.8499984741211,87.05999755859375,71700,0.0,0.0
2025-10-24 00:00:00-04:00,87.26000213623047,87.93000030517578,86.05999755859375,86.36000061035156,134600,0.0,0.0
2025-10-27 00:00:00-04:00,87.08000183105469,87.58999633789062,85.4000015258789,86.44999694824219,101200,0.0,0.0
2025-10-28 00:00:00-04:00,86.0999984741211,86.0999984741211,83.62000274658203,85.75,102900,0.0,0.0
2025-10-29 00:00:00-04:00,86.41000366210938,86.68000030517578,81.30999755859375,83.58999633789062,895000,0.0,0.0
2025-10-30 00:00:00-04:00,90.68000030517578,98.08000183105469,87.58999633789062,88.2699966430664,490100,0.0,0.0
2025-10-31 00:00:00-04:00,88.18000030517578,89.12000274658203,84.4000015258789,87.54000091552734,440600,0.0,0.0
2025-11-03 00:00:00-05:00,87.51000213623047,88.22000122070312,82.55000305175781,82.80000305175781,283500,0.0,0.0
2025-11-04 00:00:00-05:00,81.2300033569336,83.87999725341797,80.0,82.31999969482422,224800,0.0,0.0
2025-11-05 00:00:00-05:00,83.20999908447266,85.87999725341797,82.9000015258789,85.68000030517578,141700,0.0,0.0
2025-11-06 00:00:00-05:00,85.30000305175781,86.33000183105469,83.25,84.44999694824219,156700,0.0,0.0
2025-11-07 00:00:00-05:00,84.11000061035156,84.4800033569336,82.9800033569336,84.27999877929688,204900,0.0,0.0
2025-11-10 00:00:00-05:00,85.33999633789062,86.25,83.93000030517578,85.05999755859375,131400,0.0,0.0
2025-11-11 00:00:00-05:00,84.3499984741211,85.45999908447266,83.41000366210938,84.05000305175781,174400,0.0,0.0
2025-11-12 00:00:00-05:00,84.33000183105469,85.55000305175781,81.91999816894531,82.2699966430664,114400,0.0,0.0
2025-11-13 00:00:00-05:00,82.11000061035156,82.63999938964844,78.87000274658203,79.29000091552734,141000,0.0,0.0
2025-11-14 00:00:00-05:00,78.0,79.29000091552734,76.88999938964844,78.3499984741211,135400,0.0,0.0
2025-11-17 00:00:00-05:00,78.12999725341797,79.02999877929688,76.55000305175781,76.80000305175781,134300,0.0,0.0
2025-11-18 00:00:00-05:00,76.94000244140625,79.56999969482422,76.52999877929688,79.23999786376953,166500,0.0,0.0
2025-11-19 00:00:00-05:00,79.62000274658203,80.12999725341797,76.94000244140625,77.11000061035156,153500,0.0,0.0
2025-11-20 00:00:00-05:00,78.81999969482422,79.5,75.13999938964844,75.55999755859375,99800,0.0,0.0
2025-11-21 00:00:00-05:00,75.80000305175781,80.95999908447266,75.80000305175781,80.08000183105469,182000,0.0,0.0
2025-11-24 00:00:00-05:00,79.77999877929688,80.52999877929688,78.81999969482422,79.9800033569336,190100,0.0,0.0
2025-11-25 00:00:00-05:00,80.79000091552734,82.54000091552734,80.48999786376953,81.6500015258789,111400,0.0,0.0
2025-11-26 00:00:00-05:00,80.93000030517578,84.0199966430664,80.93000030517578,82.41999816894531,201600,0.0,0.0
2025-11-28 00:00:00-05:00,83.3499984741211,83.9800033569336,81.97000122070312,83.80999755859375,65300,0.0,0.0
2025-12-01 00:00:00-05:00,82.66999816894531,84.83999633789062,82.23999786376953,84.48999786376953,120500,0.0,0.0
2025-12-02 00:00:00-05:00,84.93000030517578,87.3499984741211,84.20999908447266,86.44999694824219,100600,0.0,0.0
2025-12-03 00:00:00-05:00,86.51000213623047,88.80000305175781,86.51000213623047,87.87000274658203,131600,0.0,0.0
2025-12-04 00:00:00-05:00,87.44999694824219,88.83999633789062,86.83999633789062,87.19999694824219,75100,0.0,0.0
2025-12-05 00:00:00-05:00,86.44999694824219,87.9000015258789,86.2699966430664,86.98999786376953,61900,0.0,0.0
2025-12-08 00:00:00-05:00,87.1500015258789,87.44999694824219,85.08999633789062,85.38999938964844,109000,0.0,0.0
2025-12-09 00:00:00-05:00,85.29000091552734,87.80999755859375,85.29000091552734,87.38999938964844,102800,0.0,0.0
2025-12-10 00:00:00-05:00,87.38999938964844,91.83999633789062,87.38999938964844,91.69999694824219,153900,0.0,0.0
2025-12-11 00:00:00-05:00,91.69999694824219,94.77999877929688,91.47000122070312,94.66999816894531,248200,0.0,0.0
2025-12-12 00:00:00-05:00,95.0,95.0,91.55000305175781,93.0999984741211,224900,0.0,0.0
2025-12-15 00:00:00-05:00,93.55000305175781,93.55000305175781,88.58000183105469,91.75,319500,0.0,0.0
2025-12-16 00:00:00-05:00,91.58999633789062,92.77999877929688,91.31999969482422,92.33999633789062,129900,0.0,0.0
2025-12-17 00:00:00-05:00,92.0,93.5,90.69999694824219,91.83000183105469,202500,0.0,0.0
2025-12-18 00:00:00-05:00,92.7699966430664,93.31999969482422,91.4000015258789,92.37000274658203,132500,0.0,0.0
2025-12-19 00:00:00-05:00,92.06999969482422,93.6500015258789,91.02999877929688,93.6500015258789,307000,0.0,0.0
2025-12-22 00:00:00-05:00,94.0999984741211,95.12000274658203,93.56999969482422,93.87000274658203,148000,0.0,0.0
2025-12-23 00:00:00-05:00,92.69000244140625,93.86000061035156,92.18000030517578,93.4000015258789,108500,0.0,0.0
2025-12-24 00:00:00-05:00,93.08999633789062,94.41000366210938,93.08999633789062,94.02999877929688,33300,0.0,0.0
2025-12-26 00:00:00-05:00,93.56999969482422,94.37000274658203,92.86000061035156,94.26000213623047,84200,0.0,0.0
2025-12-29 00:00:00-05:00,93.51000213623047,93.91000366210938,92.44000244140625,93.83000183105469,81900,0.0,0.0
2025-12-30 00:00:00-05:00,93.88999938964844,94.19000244140625,93.08000183105469,93.55000305175781,75000,0.0,0.0
2025-12-31 00:00:00-05:00,93.72000122070312,93.72000122070312,91.33000183105469,91.56999969482422,89300,0.0,0.0
2026-01-02 00:00:00-05:00,92.51000213623047,94.33999633789062,90.79000091552734,91.97000122070312,200600,0.0,0.0
2026-01-05 00:00:00-05:00,92.0999984741211,94.88999938964844,92.0999984741211,93.41999816894531,102200,0.0,0.0
2026-01-06 00:00:00-05:00,92.48999786376953,96.4000015258789,92.48999786376953,96.33999633789062,147000,0.0,0.0
2026-01-07 00:00:00-05:00,96.11000061035156,96.11000061035156,92.91999816894531,93.0999984741211,83000,0.0,0.0
2026-01-08 00:00:00-05:00,92.4000015258789,94.77999877929688,91.87000274658203,93.87999725341797,100900,0.0,0.0
2026-01-09 00:00:00-05:00,93.66000366210938,96.18000030517578,93.66000366210938,95.7300033569336,125700,0.0,0.0
2026-01-12 00:00:00-05:00,95.3499984741211,97.16000366210938,94.95999908447266,96.43000030517578,93800,0.0,0.0
2026-01-13 00:00:00-05:00,96.88999938964844,99.83000183105469,96.5999984741211,97.33999633789062,193300,0.0,0.0
2026-01-14 00:00:00-05:00,97.62000274658203,99.8499984741211,96.87999725341797,99.6500015258789,126000,0.0,0.0
2026-01-15 00:00:00-05:00,100.0999984741211,102.29000091552734,100.02999877929688,100.88999938964844,126500,0.0,0.0
2026-01-16 00:00:00-05:00,100.86000061035156,100.86000061035156,98.29000091552734,99.08999633789062,108000,0.0,0.0
2026-01-20 00:00:00-05:00,98.98999786376953,100.73999786376953,98.20999908447266,99.9000015258789,100700,0.0,0.0
2026-01-21 00:00:00-05:00,100.80999755859375,102.68000030517578,98.95999908447266,100.33999633789062,275600,0.0,0.0
2026-01-22 00:00:00-05:00,101.0999984741211,103.1500015258789,98.12000274658203,98.25,281500,0.0,0.0
2026-01-23 00:00:00-05:00,98.01000213623047,99.33000183105469,93.9800033569336,94.9000015258789,395700,0.0,0.0
2026-01-26 00:00:00-05:00,95.66999816894531,98.79000091552734,94.8499984741211,98.0999984741211,136700,0.0,0.0
2026-01-27 00:00:00-05:00,98.19000244140625,98.75,97.3499984741211,97.54000091552734,60500,0.0,0.0
2026-01-28 00:00:00-05:00,97.70999908447266,98.66999816894531,95.20999908447266,96.05999755859375,95900,0.0,0.0
2026-01-29 00:00:00-05:00,96.94999694824219,99.62999725341797,96.2300033569336,99.19000244140625,127900,0.0,0.0
2026-01-30 00:00:00-05:00,97.76000213623047,98.97000122070312,96.2300033569336,97.23999786376953,131200,0.0,0.0
2026-02-02 00:00:00-05:00,97.5999984741211,98.9800033569336,96.73999786376953,98.0,152900,0.0,0.0
2026-02-03 00:00:00-05:00,98.93000030517578,100.55000305175781,97.73999786376953,100.5,96700,0.0,0.0
2026-02-04 00:00:00-05:00,102.36000061035156,103.16000366210938,99.87000274658203,102.51000213623047,231900,0.0,0.0
2026-02-05 00:00:00-05:00,102.3499984741211,103.9800033569336,101.19999694824219,102.0999984741211,201500,0.0,0.0
2026-02-06 00:00:00-05:00,103.3499984741211,107.05000305175781,103.3499984741211,105.93000030517578,159400,0.0,0.0
2026-02-09 00:00:00-05:00,105.80999755859375,106.44000244140625,104.45999908447266,106.0999984741211,106200,0.0,0.0
2026-02-10 00:00:00-05:00,105.98999786376953,107.70999908447266,104.83000183105469,106.0,105800,0.0,0.0
2026-02-11 00:00:00-05:00,106.93000030517578,111.0,106.75,110.19999694824219,141100,0.0,0.0
2026-02-12 00:00:00-05:00,111.41000366210938,112.80999755859375,108.47000122070312,108.9800033569336,127900,0.0,0.0
2026-02-13 00:00:00-05:00,108.70999908447266,108.70999908447266,104.45999908447266,107.79000091552734,201900,0.0,0.0
2026-02-17 00:00:00-05:00,104.16999816894531,106.29000091552734,102.45999908447266,103.12999725341797,302200,0.0,0.0
2026-02-18 00:00:00-05:00,106.22000122070312,111.18000030517578,102.1500015258789,107.19999694824219,299000,0.0,0.0
2026-02-19 00:00:00-05:00,105.9800033569336,112.33999633789062,105.56999969482422,111.11000061035156,210700,0.0,0.0
2026-02-20 00:00:00-05:00,111.04000091552734,112.58999633789062,107.0999984741211,107.48999786376953,167700,0.0,0.0
2026-02-23 00:00:00-05:00,106.01000213623047,107.62999725341797,102.63999938964844,106.20999908447266,194500,0.0,0.0
2026-02-24 00:00:00-05:00,107.25,108.76000213623047,106.55000305175781,108.22000122070312,133400,0.0,0.0
2026-02-25 00:00:00-05:00,109.4800033569336,111.18000030517578,108.5999984741211,109.7699966430664,157300,0.0,0.0
2026-02-26 00:00:00-05:00,110.0999984741211,111.05000305175781,107.44000244140625,108.33000183105469,183600,0.0,0.0
2026-02-27 00:00:00-05:00,106.51000213623047,107.9000015258789,106.0199966430664,107.83000183105469,163000,0.0,0.0
2026-03-02 00:00:00-05:00,106.66000366210938,111.91999816894531,106.66000366210938,111.91000366210938,250800,0.0,0.0
2026-03-03 00:00:00-05:00,108.61000061035156,111.25,105.95999908447266,110.66999816894531,145200,0.0,0.0
2026-03-04 00:00:00-05:00,111.87000274658203,111.98999786376953,108.88999938964844,109.77999877929688,139000,0.0,0.0
2026-03-05 00:00:00-05:00,107.86000061035156,109.77999877929688,104.9000015258789,109.41999816894531,239800,0.0,0.0
2026-03-06 00:00:00-05:00,105.3499984741211,106.91000366210938,101.7699966430664,103.58000183105469,161200,0.0,0.0
2026-03-09 00:00:00-04:00,102.02999877929688,104.9000015258789,99.8499984741211,104.7699966430664,126000,0.0,0.0
2026-03-10 00:00:00-04:00,104.05000305175781,107.41999816894531,104.05000305175781,105.55000305175781,88700,0.0,0.0
2026-03-11 00:00:00-04:00,105.41000366210938,106.16000366210938,104.19999694824219,105.01000213623047,80600,0.0,0.0
2026-03-12 00:00:00-04:00,103.31999969482422,104.31999969482422,102.31999969482422,103.12000274658203,85500,0.0,0.0
2026-03-13 00:00:00-04:00,104.16999816894531,104.83000183105469,101.4800033569336,102.4800033569336,144500,0.0,0.0
2026-03-16 00:00:00-04:00,104.0999984741211,105.0,101.4000015258789,101.81999969482422,198300,0.0,0.0
2026-03-17 00:00:00-04:00,102.44999694824219,104.05999755859375,98.86000061035156,101.01000213623047,273700,0.0,0.0
2026-03-18 00:00:00-04:00,100.7699966430664,104.08999633789062,99.91999816894531,100.73999786376953,189400,0.0,0.0
2026-03-19 00:00:00-04:00,99.0999984741211,103.33999633789062,98.77999877929688,102.43000030517578,143000,0.0,0.0
2026-03-20 00:00:00-04:00,102.51000213623047,102.51000213623047,97.05999755859375,98.58000183105469,322400,0.0,0.0
2026-03-23 00:00:00-04:00,99.4800033569336,103.19000244140625,99.4800033569336,102.4000015258789,195300,0.0,0.0
2026-03-24 00:00:00-04:00,101.56999969482422,105.22000122070312,101.56999969482422,104.48999786376953,176300,0.0,0.0
2026-03-25 00:00:00-04:00,105.87000274658203,109.8499984741211,104.2300033569336,109.70999908447266,223900,0.0,0.0
2026-03-26 00:00:00-04:00,108.18000030517578,110.72000122070312,107.75,109.29000091552734,154100,0.0,0.0
2026-03-27 00:00:00-04:00,108.22000122070312,110.0,106.83999633789062,109.33000183105469,162100,0.0,0.0
2026-03-30 00:00:00-04:00,110.56999969482422,110.56999969482422,105.36000061035156,106.0,106200,0.0,0.0
2026-03-31 00:00:00-04:00,107.23999786376953,109.61000061035156,106.0,107.33000183105469,91900,0.0,0.0
2026-04-01 00:00:00-04:00,107.7300033569336,109.38999938964844,105.33000183105469,106.04000091552734,156100,0.0,0.0
2026-04-02 00:00:00-04:00,104.62000274658203,106.30000305175781,103.88999938964844,105.5,245800,0.0,0.0
2026-04-06 00:00:00-04:00,105.4800033569336,106.69999694824219,103.66000366210938,105.80000305175781,140000,0.0,0.0
2026-04-07 00:00:00-04:00,105.33000183105469,107.66000366210938,104.55000305175781,107.48999786376953,188200,0.0,0.0
2026-04-08 00:00:00-04:00,111.06999969482422,114.68000030517578,108.76000213623047,114.05999755859375,263300,0.0,0.0
2026-04-09 00:00:00-04:00,113.91999816894531,116.88999938964844,113.08000183105469,115.55000305175781,112900,0.0,0.0
2026-04-10 00:00:00-04:00,116.54000091552734,118.79000091552734,115.31999969482422,117.95999908447266,178400,0.0,0.0
2026-04-13 00:00:00-04:00,117.83999633789062,119.37000274658203,116.31999969482422,119.05000305175781,146600,0.0,0.0
2026-04-14 00:00:00-04:00,119.13999938964844,120.0,116.56999969482422,117.97000122070312,139100,0.0,0.0
2026-04-15 00:00:00-04:00,117.02999877929688,117.80000305175781,115.12999725341797,117.80000305175781,123400,0.0,0.0
2026-04-16 00:00:00-04:00,117.58000183105469,118.9800033569336,117.11000061035156,118.9800033569336,148800,0.0,0.0
2026-04-17 00:00:00-04:00,120.0,122.58000183105469,120.0,122.33999633789062,303300,0.0,0.0
2026-04-20 00:00:00-04:00,122.54000091552734,125.1500015258789,122.33999633789062,124.7300033569336,121100,0.0,0.0
2026-04-21 00:00:00-04:00,125.37999725341797,127.66999816894531,122.38999938964844,123.4800033569336,256600,0.0,0.0
2026-04-22 00:00:00-04:00,124.80999755859375,125.5,120.69000244140625,120.72000122070312,326200,0.0,0.0
2026-04-23 00:00:00-04:00,122.87999725341797,131.75999450683594,122.87999725341797,128.4199981689453,392600,0.0,0.0
2026-04-24 00:00:00-04:00,129.92999267578125,133.77999877929688,127.48999786376953,131.4600067138672,173200,0.0,0.0
2026-04-27 00:00:00-04:00,132.17999267578125,132.72999572753906,128.69000244140625,132.5,391900,0.0,0.0
2026-04-28 00:00:00-04:00,131.32000732421875,133.69000244140625,127.83999633789062,129.4199981689453,467500,0.0,0.0
2026-04-29 00:00:00-04:00,131.39999389648438,132.44000244140625,123.44999694824219,127.3499984741211,507500,0.0,0.0
2026-04-30 00:00:00-04:00,128.52000427246094,136.13999938964844,127.33000183105469,135.75,361300,0.0,0.0
2026-05-01 00:00:00-04:00,135.75999450683594,137.94000244140625,133.88999938964844,134.44000244140625,203700,0.0,0.0
2026-05-04 00:00:00-04:00,134.27999877929688,135.1199951171875,132.1199951171875,135.0,259700,0.0,0.0
2026-05-05 00:00:00-04:00,136.22999572753906,138.8699951171875,133.75,138.17999267578125,203000,0.0,0.0
2026-05-06 00:00:00-04:00,139.55999755859375,143.80999755859375,136.52999877929688,140.58999633789062,510300,0.0,0.0
2026-05-07 00:00:00-04:00,142.99000549316406,144.4600067138672,135.94000244140625,137.25999450683594,270300,0.0,0.0
2026-05-08 00:00:00-04:00,138.33999633789062,141.6300048828125,138.17999267578125,140.66000366210938,137300,0.0,0.0
2026-05-11 00:00:00-04:00,141.8000030517578,142.57000732421875,137.4199981689453,138.52000427246094,322700,0.0,0.0
2026-05-12 00:00:00-04:00,138.47999572753906,139.14999389648438,133.30999755859375,138.42999267578125,246200,0.0,0.0
2026-05-13 00:00:00-04:00,139.44000244140625,143.57000732421875,136.9499969482422,143.10000610351562,177300,0.0,0.0
2026-05-14 00:00:00-04:00,143.7899932861328,144.2899932861328,139.77999877929688,142.8300018310547,193500,0.0,0.0
2026-05-15 00:00:00-04:00,139.85000610351562,141.5500030517578,136.75,139.7100067138672,198900,0.0,0.0
2026-05-18 00:00:00-04:00,140.77999877929688,140.77999877929688,133.49000549316406,133.8000030517578,349300,0.0,0.0
2026-05-19 00:00:00-04:00,130.0,133.89999389648438,128.4499969482422,130.8000030517578,340600,0.0,0.0
2026-05-20 00:00:00-04:00,131.7899932861328,133.27999877929688,128.8300018310547,133.0,569300,0.0,0.0
2026-05-21 00:00:00-04:00,132.41000366210938,135.1999969482422,131.41000366210938,132.39999389648438,220300,0.0,0.0
2026-05-22 00:00:00-04:00,133.64999389648438,136.6999969482422,133.19000244140625,135.1300048828125,158800,0.0,0.0
2026-05-26 00:00:00-04:00,137.99000549316406,145.6699981689453,136.7100067138672,144.0399932861328,448200,0.0,0.0
2026-05-27 00:00:00-04:00,145.0399932861328,146.08999633789062,140.27000427246094,145.85000610351562,261400,0.0,0.0
2026-05-28 00:00:00-04:00,146.5800018310547,148.44000244140625,142.1699981689453,144.94000244140625,450400,0.0,0.0
2026-05-29 00:00:00-04:00,144.50999450683594,146.02000427246094,138.52000427246094,141.52000427246094,275800,0.0,0.0
2026-06-01 00:00:00-04:00,140.32000732421875,147.25999450683594,140.0,147.02000427246094,301800,0.0,0.0
2026-06-02 00:00:00-04:00,149.99000549316406,155.6699981689453,148.4499969482422,154.22000122070312,368900,0.0,0.0
2026-06-03 00:00:00-04:00,152.17999267578125,153.80999755859375,148.0,148.0,223800,0.0,0.0
2026-06-04 00:00:00-04:00,145.58999633789062,147.7100067138672,143.2100067138672,145.77999877929688,142600,0.0,0.0
2026-06-05 00:00:00-04:00,143.92999267578125,147.89999389648438,137.6699981689453,137.6699981689453,192400,0.0,0.0
2026-06-08 00:00:00-04:00,140.5500030517578,141.57000732421875,138.75999450683594,140.9199981689453,182600,0.0,0.0
2026-06-09 00:00:00-04:00,143.72999572753906,147.8699951171875,135.52000427246094,140.7899932861328,208200,0.0,0.0
2026-06-10 00:00:00-04:00,141.4600067138672,143.8699951171875,136.72999572753906,137.47000122070312,380600,0.0,0.0
2026-06-11 00:00:00-04:00,139.88999938964844,146.08999633789062,139.35000610351562,145.99000549316406,211700,0.0,0.0
2026-06-12 00:00:00-04:00,146.33999633789062,153.13999938964844,146.33999633789062,151.05999755859375,360300,0.0,0.0
2026-06-15 00:00:00-04:00,155.99000549316406,160.4499969482422,154.39999389648438,154.92999267578125,478000,0.0,0.0
2026-06-16 00:00:00-04:00,157.19000244140625,162.6699981689453,155.05999755859375,161.13999938964844,608900,0.0,0.0
2026-06-17 00:00:00-04:00,161.1999969482422,168.94000244140625,155.8000030517578,158.47999572753906,570100,0.0,0.0
2026-06-18 00:00:00-04:00,161.72999572753906,165.13999938964844,160.10000610351562,162.67999267578125,414600,0.0,0.0
2026-06-22 00:00:00-04:00,164.94000244140625,169.0,163.02999877929688,166.50999450683594,393100,0.0,0.0
2026-06-23 00:00:00-04:00,160.2100067138672,163.97999572753906,158.67999267578125,159.13999938964844,316700,0.0,0.0
2026-06-24 00:00:00-04:00,159.50999450683594,164.52000427246094,158.5800018310547,162.13999938964844,283500,0.0,0.0
2026-06-25 00:00:00-04:00,166.55999755859375,168.97999572753906,162.92999267578125,167.08999633789062,249600,0.0,0.0
2026-06-26 00:00:00-04:00,163.9499969482422,164.0399932861328,158.4600067138672,160.52999877929688,581500,0.0,0.0
2026-06-29 00:00:00-04:00,158.55999755859375,164.91000366210938,155.24000549316406,164.6199951171875,264800,0.0,0.0
2026-06-30 00:00:00-04:00,165.2899932861328,167.27000427246094,163.39999389648438,163.72999572753906,472000,0.0,0.0
2026-07-01 00:00:00-04:00,161.27000427246094,162.80999755859375,157.0,157.0800018310547,267400,0.0,0.0
2026-07-02 00:00:00-04:00,156.42999267578125,157.92999267578125,143.4199981689453,143.89999389648438,243100,0.0,0.0
2026-07-06 00:00:00-04:00,145.92999267578125,147.60000610351562,140.3300018310547,141.10000610351562,239200,0.0,0.0
2026-07-07 00:00:00-04:00,137.66000366210938,137.6999969482422,131.02999877929688,133.38999938964844,248300,0.0,0.0
2026-07-08 00:00:00-04:00,132.27000427246094,137.77999877929688,131.52999877929688,135.41000366210938,359700,0.0,0.0
2026-07-09 00:00:00-04:00,139.5,141.27999877929688,137.0,139.0399932861328,274300,0.0,0.0
2026-07-10 00:00:00-04:00,137.25,140.22000122070312,135.75,137.52000427246094,156600,0.0,0.0
2026-07-13 00:00:00-04:00,135.63999938964844,137.22999572753906,134.02000427246094,134.8300018310547,165500,0.0,0.0
2026-07-14 00:00:00-04:00,138.77999877929688,140.50999450683594,137.07000732421875,137.58999633789062,235100,0.0,0.0
2026-07-15 00:00:00-04:00,140.83999633789062,139.97500610351562,136.02999877929688,138.38999938964844,156373,0.0,0.0
