Date,Open,High,Low,Close,Volume,Dividends,Stock Splits
2022-01-03 00:00:00-05:00,200.1999969482422,200.39999389648438,199.8000030517578,200.0,395,0.0,0.0
2022-01-04 00:00:00-05:00,200.0,200.0,200.0,200.0,255,0.0,0.0
2022-01-05 00:00:00-05:00,200.1999969482422,200.32000732421875,200.1999969482422,200.32000732421875,115,0.0,0.0
2022-01-06 00:00:00-05:00,200.1999969482422,200.1999969482422,199.83999633789062,200.0,1185,0.0,0.0
2022-01-07 00:00:00-05:00,200.0,200.39999389648438,200.0,200.1999969482422,350,0.0,0.0
2022-01-10 00:00:00-05:00,200.0,200.60000610351562,200.0,200.3000030517578,485,0.0,0.0
2022-01-11 00:00:00-05:00,200.39999389648438,200.39999389648438,200.0,200.3000030517578,7525,0.0,0.0
2022-01-12 00:00:00-05:00,200.60000610351562,200.60000610351562,200.60000610351562,200.60000610351562,10,0.0,0.0
2022-01-13 00:00:00-05:00,200.0,200.0,200.0,200.0,200,0.0,0.0
2022-01-14 00:00:00-05:00,200.10000610351562,200.1999969482422,200.10000610351562,200.1999969482422,30,0.0,0.0
2022-01-18 00:00:00-05:00,200.1999969482422,200.1999969482422,200.1999969482422,200.1999969482422,80,0.0,0.0
2022-01-19 00:00:00-05:00,200.5,200.5,200.39999389648438,200.39999389648438,2045,0.0,0.0
2022-01-20 00:00:00-05:00,200.0,200.0,200.0,200.0,5,0.0,0.0
2022-01-21 00:00:00-05:00,200.1999969482422,200.1999969482422,200.0,200.0,150,0.0,0.0
2022-01-24 00:00:00-05:00,200.13999938964844,200.13999938964844,199.8000030517578,199.8000030517578,2370,0.0,0.0
2022-01-25 00:00:00-05:00,200.1999969482422,200.1999969482422,200.0,200.1999969482422,1300,0.0,0.0
2022-01-26 00:00:00-05:00,200.1999969482422,200.60000610351562,200.1999969482422,200.1999969482422,810,0.0,0.0
2022-01-27 00:00:00-05:00,200.17999267578125,200.60000610351562,200.17999267578125,200.1999969482422,465,0.0,0.0
2022-01-28 00:00:00-05:00,200.1999969482422,200.1999969482422,200.1999969482422,200.1999969482422,15,0.0,0.0
2022-01-31 00:00:00-05:00,200.1999969482422,200.8000030517578,200.1999969482422,200.8000030517578,5185,0.0,0.0
2022-02-01 00:00:00-05:00,200.8000030517578,200.8000030517578,200.44000244140625,200.44000244140625,300,0.0,0.0
2022-02-02 00:00:00-05:00,200.4199981689453,200.4199981689453,200.4199981689453,200.4199981689453,20,0.0,0.0
2022-02-03 00:00:00-05:00,200.44000244140625,200.44000244140625,200.44000244140625,200.44000244140625,10,0.0,0.0
2022-02-04 00:00:00-05:00,200.55999755859375,200.55999755859375,200.39999389648438,200.39999389648438,10,0.0,0.0
2022-02-07 00:00:00-05:00,200.8000030517578,200.8000030517578,200.60000610351562,200.8000030517578,210,0.0,0.0
2022-02-08 00:00:00-05:00,200.8000030517578,200.8000030517578,200.8000030517578,200.8000030517578,0,0.0,0.0
2022-02-09 00:00:00-05:00,200.6999969482422,200.8000030517578,200.60000610351562,200.8000030517578,30,0.0,0.0
2022-02-10 00:00:00-05:00,200.8000030517578,200.8000030517578,200.6999969482422,200.6999969482422,45,0.0,0.0
2022-02-11 00:00:00-05:00,200.60000610351562,200.60000610351562,200.60000610351562,200.60000610351562,20,0.0,0.0
2022-02-14 00:00:00-05:00,200.60000610351562,200.8000030517578,200.60000610351562,200.8000030517578,235,0.0,0.0
2022-02-15 00:00:00-05:00,200.6199951171875,200.6199951171875,200.6199951171875,200.6199951171875,10,0.0,0.0
2022-02-16 00:00:00-05:00,200.8000030517578,200.8000030517578,200.8000030517578,200.8000030517578,10,0.0,0.0
2022-02-17 00:00:00-05:00,200.60000610351562,200.8000030517578,200.60000610351562,200.8000030517578,1065,0.0,0.0
2022-02-18 00:00:00-05:00,200.8000030517578,200.8000030517578,200.8000030517578,200.8000030517578,0,0.0,0.0
2022-02-22 00:00:00-05:00,200.8000030517578,200.8000030517578,200.8000030517578,200.8000030517578,290,0.0,0.0
2022-02-23 00:00:00-05:00,200.8000030517578,200.8000030517578,200.8000030517578,200.8000030517578,35,0.0,0.0
2022-02-24 00:00:00-05:00,200.60000610351562,200.60000610351562,200.60000610351562,200.60000610351562,50,0.0,0.0
2022-02-25 00:00:00-05:00,200.60000610351562,200.60000610351562,200.60000610351562,200.60000610351562,0,0.0,0.0
2022-02-28 00:00:00-05:00,200.8000030517578,201.0,200.8000030517578,201.0,550,0.0,0.0
2022-03-01 00:00:00-05:00,200.8000030517578,201.0,200.8000030517578,201.0,175,0.0,0.0
2022-03-02 00:00:00-05:00,201.0,201.0,201.0,201.0,5,0.0,0.0
2022-03-03 00:00:00-05:00,200.8000030517578,201.0,200.8000030517578,200.8000030517578,1130,0.0,0.0
2022-03-04 00:00:00-05:00,200.8000030517578,200.8000030517578,200.8000030517578,200.8000030517578,0,0.0,0.0
2022-03-07 00:00:00-05:00,200.8000030517578,200.8000030517578,200.8000030517578,200.8000030517578,10,0.0,0.0
2022-03-08 00:00:00-05:00,200.8000030517578,201.0,200.8000030517578,201.0,35,0.0,0.0
2022-03-09 00:00:00-05:00,201.0,201.10000610351562,201.0,201.10000610351562,105,0.0,0.0
2022-03-10 00:00:00-05:00,201.10000610351562,201.10000610351562,201.10000610351562,201.10000610351562,0,0.0,0.0
2022-03-11 00:00:00-05:00,201.10000610351562,201.10000610351562,201.10000610351562,201.10000610351562,0,0.0,0.0
2022-03-14 00:00:00-04:00,201.0,201.10000610351562,201.0,201.0,1165,0.0,0.0
2022-03-15 00:00:00-04:00,201.0,201.0,201.0,201.0,0,0.0,0.0
2022-03-16 00:00:00-04:00,201.1999969482422,201.24000549316406,201.1999969482422,201.1999969482422,995,0.0,0.0
2022-03-17 00:00:00-04:00,201.1999969482422,201.1999969482422,201.1999969482422,201.1999969482422,0,0.0,0.0
2022-03-18 00:00:00-04:00,201.0,201.0,201.0,201.0,10,0.0,0.0
2022-03-21 00:00:00-04:00,201.3000030517578,201.3000030517578,201.1999969482422,201.1999969482422,40,0.0,0.0
2022-03-22 00:00:00-04:00,201.39999389648438,201.39999389648438,201.1999969482422,201.1999969482422,210,0.0,0.0
2022-03-23 00:00:00-04:00,201.1999969482422,201.1999969482422,201.1999969482422,201.1999969482422,7500,0.0,0.0
2022-03-24 00:00:00-04:00,201.1999969482422,201.1999969482422,201.1999969482422,201.1999969482422,0,0.0,0.0
2022-03-25 00:00:00-04:00,201.33999633789062,201.33999633789062,201.33999633789062,201.33999633789062,10,0.0,0.0
2022-03-28 00:00:00-04:00,201.32000732421875,201.5,201.32000732421875,201.47999572753906,285,0.0,0.0
2022-03-29 00:00:00-04:00,201.47999572753906,201.47999572753906,201.47999572753906,201.47999572753906,0,0.0,0.0
2022-03-30 00:00:00-04:00,201.60000610351562,201.60000610351562,201.39999389648438,201.39999389648438,60,0.0,0.0
2022-03-31 00:00:00-04:00,201.39999389648438,201.8000030517578,201.39999389648438,201.8000030517578,1915,0.0,0.0
2022-04-01 00:00:00-04:00,201.8000030517578,201.8000030517578,201.8000030517578,201.8000030517578,0,0.0,0.0
2022-04-04 00:00:00-04:00,201.60000610351562,201.6999969482422,201.60000610351562,201.60000610351562,5000,0.0,0.0
2022-04-05 00:00:00-04:00,201.6999969482422,201.8000030517578,201.6999969482422,201.8000030517578,2530,0.0,0.0
2022-04-06 00:00:00-04:00,201.60000610351562,201.8000030517578,201.60000610351562,201.60000610351562,6135,0.0,0.0
2022-04-07 00:00:00-04:00,201.89999389648438,202.0,201.8000030517578,201.89999389648438,18340,0.0,0.0
2022-04-08 00:00:00-04:00,201.8000030517578,202.60000610351562,201.6999969482422,201.97999572753906,29710,0.0,0.0
2022-04-11 00:00:00-04:00,201.8000030517578,202.10000610351562,201.8000030517578,201.89999389648438,39700,0.0,0.0
2022-04-12 00:00:00-04:00,201.8000030517578,202.0,201.8000030517578,201.8000030517578,4830,0.0,0.0
2022-04-13 00:00:00-04:00,201.8000030517578,202.0,201.8000030517578,202.0,2040,0.0,0.0
2022-04-14 00:00:00-04:00,202.0,202.0,201.60000610351562,201.8000030517578,3370,0.0,0.0
2022-04-18 00:00:00-04:00,202.0,202.0,201.60000610351562,201.60000610351562,540,0.0,0.0
2022-04-19 00:00:00-04:00,202.0,202.1999969482422,201.8000030517578,201.8000030517578,10000,0.0,0.0
2022-04-20 00:00:00-04:00,201.8000030517578,202.1999969482422,201.8000030517578,202.0,17910,0.0,0.0
2022-04-21 00:00:00-04:00,201.8000030517578,201.8000030517578,201.39999389648438,201.39999389648438,1960,0.0,0.0
2022-04-22 00:00:00-04:00,201.60000610351562,201.8000030517578,201.60000610351562,201.8000030517578,655,0.0,0.0
2022-04-25 00:00:00-04:00,201.60000610351562,201.8000030517578,201.60000610351562,201.6199951171875,1040,0.0,0.0
2022-04-26 00:00:00-04:00,201.60000610351562,205.8000030517578,201.5,203.0,8340,0.0,0.0
2022-04-27 00:00:00-04:00,203.0,203.8000030517578,202.1999969482422,202.39999389648438,1910,0.0,0.0
2022-04-28 00:00:00-04:00,202.39999389648438,203.0,201.8000030517578,202.0,6345,0.0,0.0
2022-04-29 00:00:00-04:00,202.1999969482422,202.1999969482422,202.0,202.0,915,0.0,0.0
2022-05-02 00:00:00-04:00,202.13999938964844,202.1999969482422,202.0,202.0,960,0.0,0.0
2022-05-03 00:00:00-04:00,202.0,202.60000610351562,202.0,202.60000610351562,1285,0.0,0.0
2022-05-04 00:00:00-04:00,202.1999969482422,202.3800048828125,202.0,202.0,5430,0.0,0.0
2022-05-05 00:00:00-04:00,202.0399932861328,202.0399932861328,201.8000030517578,202.0,160,0.0,0.0
2022-05-06 00:00:00-04:00,202.0,202.0,201.60000610351562,201.60000610351562,655,0.0,0.0
2022-05-09 00:00:00-04:00,201.67999267578125,201.67999267578125,201.1999969482422,201.39999389648438,1555,0.0,0.0
2022-05-10 00:00:00-04:00,201.39999389648438,201.8000030517578,201.1999969482422,201.1999969482422,3535,0.0,0.0
2022-05-11 00:00:00-04:00,201.1999969482422,201.1999969482422,200.8000030517578,200.8000030517578,3585,0.0,0.0
2022-05-12 00:00:00-04:00,200.60000610351562,201.60000610351562,200.39999389648438,201.60000610351562,1440,0.0,0.0
2022-05-13 00:00:00-04:00,200.55999755859375,201.39999389648438,200.39999389648438,200.39999389648438,70,0.0,0.0
2022-05-16 00:00:00-04:00,200.39999389648438,200.39999389648438,200.39999389648438,200.39999389648438,15,0.0,0.0
2022-05-17 00:00:00-04:00,201.1999969482422,201.1999969482422,200.39999389648438,200.39999389648438,640,0.0,0.0
2022-05-18 00:00:00-04:00,200.8000030517578,200.8000030517578,200.8000030517578,200.8000030517578,30,0.0,0.0
2022-05-19 00:00:00-04:00,200.8000030517578,201.0,200.60000610351562,200.8000030517578,460,0.0,0.0
2022-05-20 00:00:00-04:00,200.60000610351562,200.8000030517578,200.55999755859375,200.60000610351562,2865,0.0,0.0
2022-05-23 00:00:00-04:00,200.60000610351562,200.60000610351562,200.60000610351562,200.60000610351562,5,0.0,0.0
2022-05-24 00:00:00-04:00,200.8000030517578,200.8000030517578,200.6999969482422,200.8000030517578,515,0.0,0.0
2022-05-25 00:00:00-04:00,200.8000030517578,201.60000610351562,200.8000030517578,201.0,1155,0.0,0.0
2022-05-26 00:00:00-04:00,201.0,201.0,201.0,201.0,0,0.0,0.0
2022-05-27 00:00:00-04:00,201.0,201.0,201.0,201.0,0,0.0,0.0
2022-05-31 00:00:00-04:00,201.1999969482422,201.5,201.1999969482422,201.1999969482422,270,0.0,0.0
2022-06-01 00:00:00-04:00,201.1999969482422,201.1999969482422,201.1999969482422,201.1999969482422,50,0.0,0.0
2022-06-02 00:00:00-04:00,201.5,201.5,201.5,201.5,20,0.0,0.0
2022-06-03 00:00:00-04:00,201.39999389648438,201.39999389648438,201.39999389648438,201.39999389648438,25,0.0,0.0
2022-06-06 00:00:00-04:00,201.39999389648438,201.60000610351562,201.39999389648438,201.39999389648438,65,0.0,0.0
2022-06-07 00:00:00-04:00,201.39999389648438,201.39999389648438,201.39999389648438,201.39999389648438,0,0.0,0.0
2022-06-08 00:00:00-04:00,201.8000030517578,201.8000030517578,201.39999389648438,201.39999389648438,330,0.0,0.0
2022-06-09 00:00:00-04:00,201.39999389648438,201.39999389648438,201.39999389648438,201.39999389648438,40,0.0,0.0
2022-06-10 00:00:00-04:00,201.39999389648438,201.39999389648438,201.39999389648438,201.39999389648438,25,0.0,0.0
2022-06-13 00:00:00-04:00,201.60000610351562,201.60000610351562,201.39999389648438,201.60000610351562,1105,0.0,0.0
2022-06-14 00:00:00-04:00,201.39999389648438,201.8000030517578,201.39999389648438,201.8000030517578,95,0.0,0.0
2022-06-15 00:00:00-04:00,201.60000610351562,201.60000610351562,201.60000610351562,201.60000610351562,185,0.0,0.0
2022-06-16 00:00:00-04:00,201.4600067138672,201.4600067138672,201.39999389648438,201.39999389648438,20,0.0,0.0
2022-06-17 00:00:00-04:00,201.39999389648438,201.8000030517578,201.39999389648438,201.8000030517578,30,0.0,0.0
2022-06-21 00:00:00-04:00,201.8000030517578,201.8000030517578,201.8000030517578,201.8000030517578,0,0.0,0.0
2022-06-22 00:00:00-04:00,201.39999389648438,201.8000030517578,201.39999389648438,201.8000030517578,1880,0.0,0.0
2022-06-23 00:00:00-04:00,201.60000610351562,201.60000610351562,201.60000610351562,201.60000610351562,15,0.0,0.0
2022-06-24 00:00:00-04:00,201.60000610351562,201.60000610351562,201.60000610351562,201.60000610351562,0,0.0,0.0
2022-06-27 00:00:00-04:00,201.60000610351562,201.60000610351562,201.60000610351562,201.60000610351562,510,0.0,0.0
2022-06-28 00:00:00-04:00,201.66000366210938,201.66000366210938,201.66000366210938,201.66000366210938,50,0.0,0.0
2022-06-29 00:00:00-04:00,201.66000366210938,201.66000366210938,201.66000366210938,201.66000366210938,0,0.0,0.0
2022-06-30 00:00:00-04:00,201.60000610351562,201.60000610351562,201.60000610351562,201.60000610351562,25,0.0,0.0
2022-07-01 00:00:00-04:00,201.8000030517578,201.8000030517578,201.8000030517578,201.8000030517578,3900,0.0,0.0
2022-07-05 00:00:00-04:00,201.89999389648438,202.0,201.8000030517578,202.0,4020,0.0,0.0
2022-07-06 00:00:00-04:00,202.0,202.55999755859375,202.0,202.39999389648438,520,0.0,0.0
2022-07-07 00:00:00-04:00,202.60000610351562,202.60000610351562,202.39999389648438,202.39999389648438,45,0.0,0.0
2022-07-08 00:00:00-04:00,202.39999389648438,202.5,202.39999389648438,202.5,60,0.0,0.0
2022-07-11 00:00:00-04:00,202.60000610351562,203.0,202.60000610351562,203.0,325,0.0,0.0
2022-07-12 00:00:00-04:00,203.0,203.0,203.0,203.0,0,0.0,0.0
2022-07-13 00:00:00-04:00,203.0,203.0,202.8000030517578,202.8000030517578,20,0.0,0.0
2022-07-14 00:00:00-04:00,202.8000030517578,202.8000030517578,202.8000030517578,202.8000030517578,0,0.0,0.0
2022-07-15 00:00:00-04:00,202.8000030517578,202.8000030517578,202.8000030517578,202.8000030517578,0,0.0,0.0
2022-07-18 00:00:00-04:00,202.8000030517578,202.8000030517578,202.8000030517578,202.8000030517578,0,0.0,0.0
2022-07-19 00:00:00-04:00,202.60000610351562,202.60000610351562,202.60000610351562,202.60000610351562,15,0.0,0.0
2022-07-20 00:00:00-04:00,202.60000610351562,202.60000610351562,202.60000610351562,202.60000610351562,35,0.0,0.0
2022-07-21 00:00:00-04:00,202.60000610351562,202.60000610351562,202.60000610351562,202.60000610351562,25,0.0,0.0
2022-07-22 00:00:00-04:00,203.0,203.0,203.0,203.0,5,0.0,0.0
2022-07-25 00:00:00-04:00,202.6999969482422,202.6999969482422,202.60000610351562,202.60000610351562,40,0.0,0.0
2022-07-26 00:00:00-04:00,202.60000610351562,202.60000610351562,202.60000610351562,202.60000610351562,0,0.0,0.0
2022-07-27 00:00:00-04:00,202.60000610351562,202.60000610351562,202.60000610351562,202.60000610351562,0,0.0,0.0
2022-07-28 00:00:00-04:00,202.60000610351562,202.60000610351562,202.60000610351562,202.60000610351562,0,0.0,0.0
2022-07-29 00:00:00-04:00,202.8000030517578,202.8000030517578,202.8000030517578,202.8000030517578,25,0.0,0.0
2022-08-01 00:00:00-04:00,202.8000030517578,202.8000030517578,202.8000030517578,202.8000030517578,0,0.0,0.0
2022-08-02 00:00:00-04:00,202.8000030517578,202.8000030517578,202.8000030517578,202.8000030517578,5,0.0,0.0
2022-08-03 00:00:00-04:00,203.0,203.1999969482422,203.0,203.0,350,0.0,0.0
2022-08-04 00:00:00-04:00,203.39999389648438,203.39999389648438,203.39999389648438,203.39999389648438,25,0.0,0.0
2022-08-05 00:00:00-04:00,203.39999389648438,203.39999389648438,203.39999389648438,203.39999389648438,5,0.0,0.0
2022-08-08 00:00:00-04:00,203.39999389648438,203.39999389648438,203.39999389648438,203.39999389648438,15,0.0,0.0
2022-08-09 00:00:00-04:00,202.8000030517578,202.8000030517578,202.3000030517578,202.60000610351562,1525,0.0,0.0
2022-08-10 00:00:00-04:00,203.1999969482422,203.1999969482422,203.1999969482422,203.1999969482422,25,0.0,0.0
2022-08-11 00:00:00-04:00,203.1999969482422,203.1999969482422,203.1999969482422,203.1999969482422,80,0.0,0.0
2022-08-12 00:00:00-04:00,203.1999969482422,203.1999969482422,203.1999969482422,203.1999969482422,30,0.0,0.0
2022-08-15 00:00:00-04:00,203.1999969482422,203.1999969482422,203.1999969482422,203.1999969482422,0,0.0,0.0
2022-08-16 00:00:00-04:00,203.60000610351562,203.60000610351562,203.60000610351562,203.60000610351562,5,0.0,0.0
2022-08-17 00:00:00-04:00,203.60000610351562,203.60000610351562,203.60000610351562,203.60000610351562,25,0.0,0.0
2022-08-18 00:00:00-04:00,203.8000030517578,204.0,203.8000030517578,203.8000030517578,280,0.0,0.0
2022-08-19 00:00:00-04:00,203.8000030517578,203.8000030517578,203.6999969482422,203.6999969482422,90,0.0,0.0
2022-08-22 00:00:00-04:00,203.8000030517578,203.8000030517578,203.8000030517578,203.8000030517578,50,0.0,0.0
2022-08-23 00:00:00-04:00,203.8000030517578,203.8000030517578,203.8000030517578,203.8000030517578,0,0.0,0.0
2022-08-24 00:00:00-04:00,203.8000030517578,203.8000030517578,203.6999969482422,203.8000030517578,970,0.0,0.0
2022-08-25 00:00:00-04:00,204.39999389648438,204.39999389648438,204.39999389648438,204.39999389648438,90,0.0,0.0
2022-08-26 00:00:00-04:00,203.60000610351562,203.60000610351562,203.60000610351562,203.60000610351562,135,0.0,0.0
2022-08-29 00:00:00-04:00,203.60000610351562,203.60000610351562,203.60000610351562,203.60000610351562,0,0.0,0.0
2022-08-30 00:00:00-04:00,203.60000610351562,203.60000610351562,203.60000610351562,203.60000610351562,0,0.0,0.0
2022-08-31 00:00:00-04:00,203.60000610351562,203.60000610351562,203.60000610351562,203.60000610351562,0,0.0,0.0
2022-09-01 00:00:00-04:00,204.8000030517578,204.8000030517578,204.0,204.0,35,0.0,0.0
2022-09-02 00:00:00-04:00,204.0,204.0,204.0,204.0,0,0.0,0.0
2022-09-06 00:00:00-04:00,204.0,204.0,204.0,204.0,160,0.0,0.0
2022-09-07 00:00:00-04:00,204.0,204.0,204.0,204.0,0,0.0,0.0
2022-09-08 00:00:00-04:00,204.0,204.0,204.0,204.0,185,0.0,0.0
2022-09-09 00:00:00-04:00,204.10000610351562,204.10000610351562,203.8000030517578,204.0,2425,0.0,0.0
2022-09-12 00:00:00-04:00,204.0,204.0,204.0,204.0,200,0.0,0.0
2022-09-13 00:00:00-04:00,204.02000427246094,204.02000427246094,203.89999389648438,204.0,495,0.0,0.0
2022-09-14 00:00:00-04:00,204.0,204.0,203.39999389648438,204.0,695,0.0,0.0
2022-09-15 00:00:00-04:00,204.0,204.0,204.0,204.0,0,0.0,0.0
2022-09-16 00:00:00-04:00,204.0,204.0,203.39999389648438,203.39999389648438,250,0.0,0.0
2022-09-19 00:00:00-04:00,203.60000610351562,203.60000610351562,203.60000610351562,203.60000610351562,275,0.0,0.0
2022-09-20 00:00:00-04:00,203.60000610351562,203.60000610351562,203.60000610351562,203.60000610351562,5,0.0,0.0
2022-09-21 00:00:00-04:00,203.60000610351562,203.60000610351562,203.60000610351562,203.60000610351562,0,0.0,0.0
2022-09-22 00:00:00-04:00,203.60000610351562,203.60000610351562,203.60000610351562,203.60000610351562,190,0.0,0.0
2022-09-23 00:00:00-04:00,203.63999938964844,203.63999938964844,203.63999938964844,203.63999938964844,55,0.0,0.0
2022-09-26 00:00:00-04:00,203.60000610351562,203.6999969482422,203.60000610351562,203.6999969482422,255,0.0,0.0
2022-09-27 00:00:00-04:00,203.8000030517578,203.8000030517578,203.60000610351562,203.60000610351562,265,0.0,0.0
2022-09-28 00:00:00-04:00,203.39999389648438,203.39999389648438,203.39999389648438,203.39999389648438,315,0.0,0.0
2022-09-29 00:00:00-04:00,203.39999389648438,203.39999389648438,203.39999389648438,203.39999389648438,15,0.0,0.0
2022-09-30 00:00:00-04:00,203.8000030517578,203.8000030517578,203.8000030517578,203.8000030517578,45,0.0,0.0
2022-10-03 00:00:00-04:00,203.8000030517578,203.8000030517578,203.39999389648438,203.8000030517578,365,0.0,0.0
2022-10-04 00:00:00-04:00,203.8000030517578,203.8000030517578,203.8000030517578,203.8000030517578,0,0.0,0.0
2022-10-05 00:00:00-04:00,203.8000030517578,203.8000030517578,203.8000030517578,203.8000030517578,10,0.0,0.0
2022-10-06 00:00:00-04:00,203.8000030517578,204.0,203.8000030517578,204.0,90,0.0,0.0
2022-10-07 00:00:00-04:00,203.8000030517578,203.8000030517578,203.8000030517578,203.8000030517578,45,0.0,0.0
2022-10-10 00:00:00-04:00,203.8000030517578,203.8000030517578,203.8000030517578,203.8000030517578,0,0.0,0.0
2022-10-11 00:00:00-04:00,204.39999389648438,204.39999389648438,204.39999389648438,204.39999389648438,10,0.0,0.0
2022-10-12 00:00:00-04:00,204.60000610351562,204.75999450683594,204.60000610351562,204.60000610351562,295,0.0,0.0
2022-10-13 00:00:00-04:00,205.0,205.0,204.5,204.5,85,0.0,0.0
2022-10-14 00:00:00-04:00,204.60000610351562,204.60000610351562,204.60000610351562,204.60000610351562,50,0.0,0.0
2022-10-17 00:00:00-04:00,204.60000610351562,204.60000610351562,204.60000610351562,204.60000610351562,125,0.0,0.0
2022-10-18 00:00:00-04:00,204.66000366210938,205.0,204.60000610351562,204.97999572753906,1060,0.0,0.0
2022-10-19 00:00:00-04:00,204.97999572753906,205.1999969482422,204.8000030517578,205.1999969482422,1040,0.0,0.0
2022-10-20 00:00:00-04:00,203.0,203.39999389648438,203.0,203.0,695,0.0,0.0
2022-10-21 00:00:00-04:00,192.0,194.8000030517578,181.0,181.39999389648438,1230,0.0,0.0
2022-10-24 00:00:00-04:00,180.5800018310547,180.60000610351562,163.60000610351562,165.60000610351562,675,0.0,0.0
2022-10-25 00:00:00-04:00,164.0,168.0,162.1999969482422,165.60000610351562,460,0.0,0.0
2022-10-26 00:00:00-04:00,167.60000610351562,168.0,164.39999389648438,166.1999969482422,940,0.0,0.0
2022-10-27 00:00:00-04:00,169.60000610351562,179.0,130.39999389648438,166.0,2655,0.0,0.0
2022-10-28 00:00:00-04:00,159.10000610351562,428.3999938964844,156.1999969482422,239.0,58820,0.0,0.0
2022-10-31 00:00:00-04:00,180.0,242.60000610351562,129.60000610351562,130.0,10780,0.0,0.0
2022-11-01 00:00:00-04:00,131.39999389648438,150.0,95.0,102.19999694824219,6095,0.0,0.0
2022-11-02 00:00:00-04:00,100.0,106.13999938964844,89.0,93.19999694824219,2015,0.0,0.0
2022-11-03 00:00:00-04:00,93.19999694824219,99.5999984741211,72.19999694824219,72.5,3630,0.0,0.0
2022-11-04 00:00:00-04:00,76.0,83.0,62.400001525878906,63.79999923706055,4280,0.0,0.0
2022-11-07 00:00:00-05:00,78.0,78.0,49.0,57.20000076293945,7700,0.0,0.0
2022-11-08 00:00:00-05:00,60.0,60.0,43.599998474121094,47.400001525878906,4720,0.0,0.0
2022-11-09 00:00:00-05:00,53.20000076293945,54.79999923706055,45.400001525878906,45.79999923706055,1915,0.0,0.0
2022-11-10 00:00:00-05:00,45.0,52.0,45.0,50.0,9860,0.0,0.0
2022-11-11 00:00:00-05:00,53.20000076293945,53.20000076293945,43.599998474121094,45.7599983215332,5055,0.0,0.0
2022-11-14 00:00:00-05:00,49.0,49.65999984741211,40.0,43.68000030517578,4415,0.0,0.0
2022-11-15 00:00:00-05:00,44.20000076293945,47.599998474121094,41.58000183105469,43.400001525878906,7140,0.0,0.0
2022-11-16 00:00:00-05:00,44.0,45.0,40.400001525878906,43.84000015258789,2715,0.0,0.0
2022-11-17 00:00:00-05:00,43.2599983215332,45.79999923706055,42.0,45.0,4140,0.0,0.0
2022-11-18 00:00:00-05:00,45.79999923706055,48.79999923706055,44.0,46.0,4490,0.0,0.0
2022-11-21 00:00:00-05:00,47.400001525878906,52.58000183105469,43.400001525878906,45.400001525878906,16185,0.0,0.0
2022-11-22 00:00:00-05:00,47.0,47.0,41.599998474121094,42.599998474121094,3180,0.0,0.0
2022-11-23 00:00:00-05:00,42.0,43.0,39.599998474121094,42.400001525878906,5700,0.0,0.0
2022-11-25 00:00:00-05:00,43.0,43.0,40.20000076293945,42.900001525878906,2460,0.0,0.0
2022-11-28 00:00:00-05:00,43.0,43.0,40.20000076293945,41.0,2715,0.0,0.0
2022-11-29 00:00:00-05:00,41.79999923706055,41.79999923706055,33.720001220703125,34.599998474121094,9855,0.0,0.0
2022-11-30 00:00:00-05:00,36.599998474121094,37.0,34.20000076293945,37.0,2325,0.0,0.0
2022-12-01 00:00:00-05:00,36.79999923706055,41.79999923706055,36.439998626708984,41.599998474121094,4135,0.0,0.0
2022-12-02 00:00:00-05:00,41.099998474121094,41.91999816894531,37.0,39.0,2095,0.0,0.0
2022-12-05 00:00:00-05:00,40.0,40.0,35.0,35.599998474121094,2875,0.0,0.0
2022-12-06 00:00:00-05:00,37.20000076293945,37.20000076293945,32.0,36.400001525878906,2180,0.0,0.0
2022-12-07 00:00:00-05:00,37.0,37.0,35.36000061035156,35.400001525878906,605,0.0,0.0
2022-12-08 00:00:00-05:00,38.400001525878906,38.400001525878906,35.20000076293945,36.0,2225,0.0,0.0
2022-12-09 00:00:00-05:00,35.599998474121094,38.0,35.599998474121094,36.79999923706055,1005,0.0,0.0
2022-12-12 00:00:00-05:00,39.099998474121094,39.20000076293945,34.599998474121094,35.0,1035,0.0,0.0
2022-12-13 00:00:00-05:00,35.599998474121094,39.20000076293945,32.599998474121094,34.20000076293945,2215,0.0,0.0
2022-12-14 00:00:00-05:00,34.20000076293945,36.400001525878906,34.20000076293945,35.400001525878906,595,0.0,0.0
2022-12-15 00:00:00-05:00,36.0,36.599998474121094,32.20000076293945,32.20000076293945,1505,0.0,0.0
2022-12-16 00:00:00-05:00,38.0,38.0,20.600000381469727,20.600000381469727,4550,0.0,0.0
2022-12-19 00:00:00-05:00,23.200000762939453,25.399999618530273,22.0,22.0,5505,0.0,0.0
2022-12-20 00:00:00-05:00,23.799999237060547,27.600000381469727,22.579999923706055,25.399999618530273,2160,0.0,0.0
2022-12-21 00:00:00-05:00,27.600000381469727,27.799999237060547,26.200000762939453,26.399999618530273,1080,0.0,0.0
2022-12-22 00:00:00-05:00,30.0,30.0,24.600000381469727,24.799999237060547,1760,0.0,0.0
2022-12-23 00:00:00-05:00,24.0,29.399999618530273,24.0,27.799999237060547,2115,0.0,0.0
2022-12-27 00:00:00-05:00,32.599998474121094,32.599998474121094,29.0,30.0,1500,0.0,0.0
2022-12-28 00:00:00-05:00,28.799999237060547,31.0,27.040000915527344,27.799999237060547,1195,0.0,0.0
2022-12-29 00:00:00-05:00,32.400001525878906,32.400001525878906,26.399999618530273,26.700000762939453,1815,0.0,0.0
2022-12-30 00:00:00-05:00,28.0,32.0,27.0,30.6200008392334,4130,0.0,0.0
2023-01-03 00:00:00-05:00,36.400001525878906,40.0,31.5,39.63999938964844,4555,0.0,0.0
2023-01-04 00:00:00-05:00,40.0,40.599998474121094,35.65999984741211,36.79999923706055,2495,0.0,0.0
2023-01-05 00:00:00-05:00,36.36000061035156,39.79999923706055,34.20000076293945,38.79999923706055,1880,0.0,0.0
2023-01-06 00:00:00-05:00,39.0,39.599998474121094,35.20000076293945,38.400001525878906,1780,0.0,0.0
2023-01-09 00:00:00-05:00,39.400001525878906,39.5,34.900001525878906,36.599998474121094,2810,0.0,0.0
2023-01-10 00:00:00-05:00,37.599998474121094,38.599998474121094,35.20000076293945,37.400001525878906,2070,0.0,0.0
2023-01-11 00:00:00-05:00,38.0,38.459999084472656,36.400001525878906,36.400001525878906,3150,0.0,0.0
2023-01-12 00:00:00-05:00,36.20000076293945,38.0,36.20000076293945,37.400001525878906,2150,0.0,0.0
2023-01-13 00:00:00-05:00,37.400001525878906,38.0,36.2599983215332,36.599998474121094,2205,0.0,0.0
2023-01-17 00:00:00-05:00,37.599998474121094,38.599998474121094,36.0,38.20000076293945,2985,0.0,0.0
2023-01-18 00:00:00-05:00,38.0,38.0,36.0,37.400001525878906,1785,0.0,0.0
2023-01-19 00:00:00-05:00,37.400001525878906,37.400001525878906,35.20000076293945,36.79999923706055,1375,0.0,0.0
2023-01-20 00:00:00-05:00,35.41999816894531,36.79999923706055,35.20000076293945,36.400001525878906,720,0.0,0.0
2023-01-23 00:00:00-05:00,37.0,37.0,33.79999923706055,34.400001525878906,1840,0.0,0.0
2023-01-24 00:00:00-05:00,34.20000076293945,35.599998474121094,32.400001525878906,33.599998474121094,1530,0.0,0.0
2023-01-25 00:00:00-05:00,32.63999938964844,35.599998474121094,32.599998474121094,33.79999923706055,1085,0.0,0.0
2023-01-26 00:00:00-05:00,34.0,34.880001068115234,31.0,32.0,2735,0.0,0.0
2023-01-27 00:00:00-05:00,31.399999618530273,33.79999923706055,31.0,31.600000381469727,1875,0.0,0.0
2023-01-30 00:00:00-05:00,31.399999618530273,33.79999923706055,30.299999237060547,33.0,3730,0.0,0.0
2023-01-31 00:00:00-05:00,37.400001525878906,39.0,35.0,37.20000076293945,16935,0.0,0.0
2023-02-01 00:00:00-05:00,37.400001525878906,37.400001525878906,33.0,33.0,6665,0.0,0.0
2023-02-02 00:00:00-05:00,33.0,33.0,29.799999237060547,30.0,3955,0.0,0.0
2023-02-03 00:00:00-05:00,32.20000076293945,32.20000076293945,28.739999771118164,30.200000762939453,7620,0.0,0.0
2023-02-06 00:00:00-05:00,29.600000381469727,31.0,27.059999465942383,27.899999618530273,5590,0.0,0.0
2023-02-07 00:00:00-05:00,28.600000381469727,31.0,26.399999618530273,28.200000762939453,17710,0.0,0.0
2023-02-08 00:00:00-05:00,27.700000762939453,34.0,26.600000381469727,32.84000015258789,36365,0.0,0.0
2023-02-09 00:00:00-05:00,34.400001525878906,37.0,29.0,33.20000076293945,20695,0.0,0.0
2023-02-10 00:00:00-05:00,32.400001525878906,34.20000076293945,30.0,31.399999618530273,7565,0.0,0.0
2023-02-13 00:00:00-05:00,32.599998474121094,33.36000061035156,30.18000030517578,32.0,4130,0.0,0.0
2023-02-14 00:00:00-05:00,32.0,32.0,28.799999237060547,29.799999237060547,4295,0.0,0.0
2023-02-15 00:00:00-05:00,29.399999618530273,30.399999618530273,24.600000381469727,27.0,4965,0.0,0.0
2023-02-16 00:00:00-05:00,28.0,28.799999237060547,26.0,28.799999237060547,4755,0.0,0.0
2023-02-17 00:00:00-05:00,28.799999237060547,29.799999237060547,27.200000762939453,29.0,4645,0.0,0.0
2023-02-21 00:00:00-05:00,29.600000381469727,29.600000381469727,27.0,27.239999771118164,1955,0.0,0.0
2023-02-22 00:00:00-05:00,27.399999618530273,29.65999984741211,26.979999542236328,27.200000762939453,3820,0.0,0.0
2023-02-23 00:00:00-05:00,27.200000762939453,28.600000381469727,25.0,26.0,6420,0.0,0.0
2023-02-24 00:00:00-05:00,26.0,26.399999618530273,24.399999618530273,26.0,4305,0.0,0.0
2023-02-27 00:00:00-05:00,28.0,30.799999237060547,26.0,30.600000381469727,9350,0.0,0.0
2023-02-28 00:00:00-05:00,29.3799991607666,33.0,28.100000381469727,33.0,10190,0.0,0.0
2023-03-01 00:00:00-05:00,33.20000076293945,36.0,31.799999237060547,35.599998474121094,13620,0.0,0.0
2023-03-02 00:00:00-05:00,36.0,36.41999816894531,33.0,34.599998474121094,10765,0.0,0.0
2023-03-03 00:00:00-05:00,35.20000076293945,35.400001525878906,32.599998474121094,34.119998931884766,5240,0.0,0.0
2023-03-06 00:00:00-05:00,33.79999923706055,34.599998474121094,31.799999237060547,34.0,6150,0.0,0.0
2023-03-07 00:00:00-05:00,33.599998474121094,33.599998474121094,30.0,31.0,5320,0.0,0.0
2023-03-08 00:00:00-05:00,30.799999237060547,30.799999237060547,27.200000762939453,27.200000762939453,8645,0.0,0.0
2023-03-09 00:00:00-05:00,27.200000762939453,28.0,26.600000381469727,27.399999618530273,4305,0.0,0.0
2023-03-10 00:00:00-05:00,26.600000381469727,28.200000762939453,26.200000762939453,26.600000381469727,4120,0.0,0.0
2023-03-13 00:00:00-04:00,26.799999237060547,31.18000030517578,26.100000381469727,29.0,2170,0.0,0.0
2023-03-14 00:00:00-04:00,28.739999771118164,31.0,28.280000686645508,28.600000381469727,3545,0.0,0.0
2023-03-15 00:00:00-04:00,29.399999618530273,30.799999237060547,26.0,27.0,3195,0.0,0.0
2023-03-16 00:00:00-04:00,26.399999618530273,26.600000381469727,23.799999237060547,25.399999618530273,2575,0.0,0.0
2023-03-17 00:00:00-04:00,26.0,26.799999237060547,25.399999618530273,26.799999237060547,5080,0.0,0.0
2023-03-20 00:00:00-04:00,26.200000762939453,30.399999618530273,26.200000762939453,28.0,5560,0.0,0.0
2023-03-21 00:00:00-04:00,30.0,30.200000762939453,27.200000762939453,28.799999237060547,6040,0.0,0.0
2023-03-22 00:00:00-04:00,29.600000381469727,29.600000381469727,27.399999618530273,27.399999618530273,2270,0.0,0.0
2023-03-23 00:00:00-04:00,29.399999618530273,29.399999618530273,27.399999618530273,27.979999542236328,1560,0.0,0.0
2023-03-24 00:00:00-04:00,28.0,31.0,27.399999618530273,29.600000381469727,5195,0.0,0.0
2023-03-27 00:00:00-04:00,34.599998474121094,42.0,31.799999237060547,35.599998474121094,619675,0.0,0.0
2023-03-28 00:00:00-04:00,36.0,38.79999923706055,32.400001525878906,33.79999923706055,40350,0.0,0.0
2023-03-29 00:00:00-04:00,34.20000076293945,36.79999923706055,30.200000762939453,33.400001525878906,30770,0.0,0.0
2023-03-30 00:00:00-04:00,33.400001525878906,34.560001373291016,31.0,31.799999237060547,14785,0.0,0.0
2023-03-31 00:00:00-04:00,30.600000381469727,32.5,27.600000381469727,28.799999237060547,12770,0.0,0.0
2023-04-03 00:00:00-04:00,28.0,30.18000030517578,28.0,29.600000381469727,4195,0.0,0.0
2023-04-04 00:00:00-04:00,30.0,31.579999923706055,26.920000076293945,28.0,7430,0.0,0.0
2023-04-05 00:00:00-04:00,28.799999237060547,29.600000381469727,26.020000457763672,26.799999237060547,6600,0.0,0.0
2023-04-06 00:00:00-04:00,26.799999237060547,27.0,24.0,26.0,7090,0.0,0.0
2023-04-10 00:00:00-04:00,28.399999618530273,28.600000381469727,26.0,26.399999618530273,6515,0.0,0.0
2023-04-11 00:00:00-04:00,25.719999313354492,26.31999969482422,25.0,25.979999542236328,3480,0.0,0.0
2023-04-12 00:00:00-04:00,27.200000762939453,27.399999618530273,25.0,25.0,1900,0.0,0.0
2023-04-13 00:00:00-04:00,26.799999237060547,26.799999237060547,24.200000762939453,25.799999237060547,5100,0.0,0.0
2023-04-14 00:00:00-04:00,25.200000762939453,27.200000762939453,25.200000762939453,26.200000762939453,3210,0.0,0.0
2023-04-17 00:00:00-04:00,26.0,28.399999618530273,24.200000762939453,28.399999618530273,8245,0.0,0.0
2023-04-18 00:00:00-04:00,29.799999237060547,31.600000381469727,26.600000381469727,31.0,123970,0.0,0.0
2023-04-19 00:00:00-04:00,31.0,31.0,26.100000381469727,28.399999618530273,14720,0.0,0.0
2023-04-20 00:00:00-04:00,29.0,29.0,26.0,28.200000762939453,6110,0.0,0.0
2023-04-21 00:00:00-04:00,29.0,29.0,26.0,26.200000762939453,3380,0.0,0.0
2023-04-24 00:00:00-04:00,26.200000762939453,27.200000762939453,25.399999618530273,25.399999618530273,7360,0.0,0.0
2023-04-25 00:00:00-04:00,25.440000534057617,27.0,24.899999618530273,26.579999923706055,3880,0.0,0.0
2023-04-26 00:00:00-04:00,26.200000762939453,26.399999618530273,24.0,25.399999618530273,3865,0.0,0.0
2023-04-27 00:00:00-04:00,23.799999237060547,24.600000381469727,22.200000762939453,23.299999237060547,5060,0.0,0.0
2023-04-28 00:00:00-04:00,22.799999237060547,24.799999237060547,20.799999237060547,23.799999237060547,8675,0.0,0.0
2023-05-01 00:00:00-04:00,23.399999618530273,25.399999618530273,23.200000762939453,24.799999237060547,1895,0.0,0.0
2023-05-02 00:00:00-04:00,24.399999618530273,25.399999618530273,23.600000381469727,25.200000762939453,5230,0.0,0.0
2023-05-03 00:00:00-04:00,24.799999237060547,25.0,23.600000381469727,23.799999237060547,1615,0.0,0.0
2023-05-04 00:00:00-04:00,23.600000381469727,25.399999618530273,23.0,25.0,2235,0.0,0.0
2023-05-05 00:00:00-04:00,24.200000762939453,28.399999618530273,24.200000762939453,28.200000762939453,3495,0.0,0.0
2023-05-08 00:00:00-04:00,28.600000381469727,31.600000381469727,27.399999618530273,31.020000457763672,7765,0.0,0.0
2023-05-09 00:00:00-04:00,30.600000381469727,31.399999618530273,30.0,30.799999237060547,3290,0.0,0.0
2023-05-10 00:00:00-04:00,30.0,31.399999618530273,29.0,30.200000762939453,5380,0.0,0.0
2023-05-11 00:00:00-04:00,30.020000457763672,31.200000762939453,30.0,31.0,1540,0.0,0.0
2023-05-12 00:00:00-04:00,31.0,33.599998474121094,29.600000381469727,33.0,4275,0.0,0.0
2023-05-15 00:00:00-04:00,33.0,34.0,30.600000381469727,33.20000076293945,5555,0.0,0.0
2023-05-16 00:00:00-04:00,34.0,34.0,31.799999237060547,33.599998474121094,1590,0.0,0.0
2023-05-17 00:00:00-04:00,34.0,34.599998474121094,32.79999923706055,34.599998474121094,7445,0.0,0.0
2023-05-18 00:00:00-04:00,33.79999923706055,37.0,33.0,36.599998474121094,11635,0.0,0.0
2023-05-19 00:00:00-04:00,36.0,40.400001525878906,34.52000045776367,39.599998474121094,8995,0.0,0.0
2023-05-22 00:00:00-04:00,40.0,43.20000076293945,39.599998474121094,42.79999923706055,15325,0.0,0.0
2023-05-23 00:00:00-04:00,43.20000076293945,43.79999923706055,35.0,37.20000076293945,8270,0.0,0.0
2023-05-24 00:00:00-04:00,36.599998474121094,39.70000076293945,36.599998474121094,38.599998474121094,3120,0.0,0.0
2023-05-25 00:00:00-04:00,40.0,42.0,38.79999923706055,40.20000076293945,5300,0.0,0.0
2023-05-26 00:00:00-04:00,39.599998474121094,40.0,35.20000076293945,39.400001525878906,6885,0.0,0.0
2023-05-30 00:00:00-04:00,39.599998474121094,42.0,38.41999816894531,41.0,6045,0.0,0.0
2023-05-31 00:00:00-04:00,39.79999923706055,41.0,37.400001525878906,37.900001525878906,11000,0.0,0.0
2023-06-01 00:00:00-04:00,39.20000076293945,40.47999954223633,33.599998474121094,33.79999923706055,7090,0.0,0.0
2023-06-02 00:00:00-04:00,34.79999923706055,34.79999923706055,30.0,30.399999618530273,13200,0.0,0.0
2023-06-05 00:00:00-04:00,31.0,38.599998474121094,31.0,34.20000076293945,47725,0.0,0.0
2023-06-06 00:00:00-04:00,37.20000076293945,38.0,34.400001525878906,36.599998474121094,62765,0.0,0.0
2023-06-07 00:00:00-04:00,35.79999923706055,37.20000076293945,33.0,36.79999923706055,34015,0.0,0.0
2023-06-08 00:00:00-04:00,38.20000076293945,38.79999923706055,31.0,32.0,52885,0.0,0.0
2023-06-09 00:00:00-04:00,31.399999618530273,33.20000076293945,30.200000762939453,30.5,27630,0.0,0.0
2023-06-12 00:00:00-04:00,30.399999618530273,33.0,30.399999618530273,32.0,15775,0.0,0.0
2023-06-13 00:00:00-04:00,30.600000381469727,34.79999923706055,30.399999618530273,33.0,15365,0.0,0.0
2023-06-14 00:00:00-04:00,29.799999237060547,37.400001525878906,27.979999542236328,35.0,75535,0.0,0.0
2023-06-15 00:00:00-04:00,34.599998474121094,37.0,33.400001525878906,35.79999923706055,11420,0.0,0.0
2023-06-16 00:00:00-04:00,35.0,36.0,32.0,35.79999923706055,15220,0.0,0.0
2023-06-20 00:00:00-04:00,35.20000076293945,35.599998474121094,32.79999923706055,33.79999923706055,3035,0.0,0.0
2023-06-21 00:00:00-04:00,33.400001525878906,34.599998474121094,32.0,32.0,5540,0.0,0.0
2023-06-22 00:00:00-04:00,33.0,33.599998474121094,30.600000381469727,32.0,7125,0.0,0.0
2023-06-23 00:00:00-04:00,31.200000762939453,33.0,30.0,30.799999237060547,4440,0.0,0.0
2023-06-26 00:00:00-04:00,30.600000381469727,32.0,28.399999618530273,30.799999237060547,4255,0.0,0.0
2023-06-27 00:00:00-04:00,30.799999237060547,31.200000762939453,28.600000381469727,29.799999237060547,2215,0.0,0.0
2023-06-28 00:00:00-04:00,30.399999618530273,30.780000686645508,28.399999618530273,29.399999618530273,2150,0.0,0.0
2023-06-29 00:00:00-04:00,29.260000228881836,30.579999923706055,27.799999237060547,29.799999237060547,2140,0.0,0.0
2023-06-30 00:00:00-04:00,29.200000762939453,31.780000686645508,29.040000915527344,31.0,890,0.0,0.0
2023-07-03 00:00:00-04:00,31.0,34.20000076293945,31.0,34.0,3210,0.0,0.0
2023-07-05 00:00:00-04:00,33.0,34.0,31.0,32.20000076293945,3005,0.0,0.0
2023-07-06 00:00:00-04:00,30.5,33.0,29.600000381469727,32.599998474121094,3095,0.0,0.0
2023-07-07 00:00:00-04:00,31.399999618530273,32.400001525878906,30.0,31.799999237060547,1105,0.0,0.0
2023-07-10 00:00:00-04:00,31.0,31.600000381469727,27.799999237060547,28.200000762939453,5320,0.0,0.0
2023-07-11 00:00:00-04:00,28.399999618530273,29.600000381469727,27.200000762939453,29.0,4680,0.0,0.0
2023-07-12 00:00:00-04:00,30.0,30.399999618530273,24.200000762939453,27.0,13740,0.0,0.0
2023-07-13 00:00:00-04:00,27.0,28.239999771118164,24.600000381469727,26.799999237060547,9195,0.0,0.0
2023-07-14 00:00:00-04:00,25.399999618530273,27.399999618530273,25.200000762939453,26.200000762939453,3110,0.0,0.0
2023-07-17 00:00:00-04:00,26.0,27.399999618530273,26.0,26.399999618530273,3315,0.0,0.0
2023-07-18 00:00:00-04:00,26.0,28.0,26.0,28.0,5280,0.0,0.0
2023-07-19 00:00:00-04:00,27.0,28.200000762939453,26.0,28.0,1565,0.0,0.0
2023-07-20 00:00:00-04:00,28.0,28.0,25.799999237060547,26.0,1760,0.0,0.0
2023-07-21 00:00:00-04:00,27.600000381469727,27.600000381469727,24.799999237060547,25.399999618530273,1770,0.0,0.0
2023-07-24 00:00:00-04:00,24.799999237060547,26.200000762939453,23.0,24.799999237060547,5445,0.0,0.0
2023-07-25 00:00:00-04:00,25.0,25.799999237060547,22.799999237060547,23.600000381469727,4445,0.0,0.0
2023-07-26 00:00:00-04:00,23.0,24.5,22.399999618530273,23.399999618530273,2920,0.0,0.0
2023-07-27 00:00:00-04:00,24.719999313354492,24.719999313354492,22.399999618530273,23.600000381469727,2100,0.0,0.0
2023-07-28 00:00:00-04:00,22.81999969482422,25.399999618530273,22.399999618530273,24.399999618530273,1995,0.0,0.0
2023-07-31 00:00:00-04:00,24.899999618530273,25.399999618530273,23.6200008392334,24.600000381469727,740,0.0,0.0
2023-08-01 00:00:00-04:00,24.200000762939453,25.200000762939453,23.0,24.600000381469727,2020,0.0,0.0
2023-08-02 00:00:00-04:00,23.559999465942383,25.200000762939453,23.0,24.799999237060547,1290,0.0,0.0
2023-08-03 00:00:00-04:00,24.399999618530273,25.200000762939453,22.6200008392334,23.600000381469727,3280,0.0,0.0
2023-08-04 00:00:00-04:00,23.200000762939453,26.399999618530273,23.0,24.600000381469727,5320,0.0,0.0
2023-08-07 00:00:00-04:00,24.0,24.600000381469727,23.0,23.0,4930,0.0,0.0
2023-08-08 00:00:00-04:00,23.799999237060547,23.84000015258789,22.0,22.200000762939453,2985,0.0,0.0
2023-08-09 00:00:00-04:00,22.600000381469727,23.200000762939453,21.34000015258789,22.200000762939453,1300,0.0,0.0
2023-08-10 00:00:00-04:00,22.0,23.0,22.0,23.0,1720,0.0,0.0
2023-08-11 00:00:00-04:00,22.700000762939453,23.799999237060547,22.200000762939453,22.200000762939453,1560,0.0,0.0
2023-08-14 00:00:00-04:00,22.700000762939453,23.100000381469727,21.600000381469727,22.200000762939453,3820,0.0,0.0
2023-08-15 00:00:00-04:00,22.200000762939453,22.68000030517578,21.0,22.200000762939453,3980,0.0,0.0
2023-08-16 00:00:00-04:00,22.399999618530273,22.399999618530273,20.399999618530273,21.600000381469727,2850,0.0,0.0
2023-08-17 00:00:00-04:00,21.600000381469727,22.399999618530273,21.0,22.0,2765,0.0,0.0
2023-08-18 00:00:00-04:00,21.280000686645508,22.0,20.200000762939453,21.200000762939453,1955,0.0,0.0
2023-08-21 00:00:00-04:00,21.600000381469727,21.600000381469727,19.219999313354492,19.799999237060547,1095,0.0,0.0
2023-08-22 00:00:00-04:00,19.200000762939453,20.399999618530273,16.18000030517578,16.399999618530273,3995,0.0,0.0
2023-08-23 00:00:00-04:00,16.700000762939453,18.799999237060547,16.6200008392334,17.799999237060547,3350,0.0,0.0
2023-08-24 00:00:00-04:00,18.399999618530273,19.600000381469727,18.399999618530273,19.200000762939453,1290,0.0,0.0
2023-08-25 00:00:00-04:00,18.799999237060547,20.600000381469727,18.600000381469727,20.399999618530273,6335,0.0,0.0
2023-08-28 00:00:00-04:00,20.0,20.799999237060547,19.940000534057617,20.799999237060547,990,0.0,0.0
2023-08-29 00:00:00-04:00,21.399999618530273,21.799999237060547,20.200000762939453,21.399999618530273,665,0.0,0.0
2023-08-30 00:00:00-04:00,21.399999618530273,22.200000762939453,20.600000381469727,21.299999237060547,1570,0.0,0.0
2023-08-31 00:00:00-04:00,21.799999237060547,22.0,20.399999618530273,21.0,1715,0.0,0.0
2023-09-01 00:00:00-04:00,20.600000381469727,21.799999237060547,19.860000610351562,21.200000762939453,1505,0.0,0.0
2023-09-05 00:00:00-04:00,21.600000381469727,21.600000381469727,19.5,20.200000762939453,2320,0.0,0.0
2023-09-06 00:00:00-04:00,19.799999237060547,20.200000762939453,18.399999618530273,19.399999618530273,1045,0.0,0.0
2023-09-07 00:00:00-04:00,20.600000381469727,22.200000762939453,18.799999237060547,21.600000381469727,1085,0.0,0.0
2023-09-08 00:00:00-04:00,21.200000762939453,22.0,18.979999542236328,20.799999237060547,2640,0.0,0.0
2023-09-11 00:00:00-04:00,20.200000762939453,21.200000762939453,19.5,19.700000762939453,2305,0.0,0.0
2023-09-12 00:00:00-04:00,19.0,21.440000534057617,19.0,19.0,4910,0.0,0.0
2023-09-13 00:00:00-04:00,18.799999237060547,21.579999923706055,18.799999237060547,19.600000381469727,2690,0.0,0.0
2023-09-14 00:00:00-04:00,21.600000381469727,21.600000381469727,19.399999618530273,20.399999618530273,2460,0.0,0.0
2023-09-15 00:00:00-04:00,20.799999237060547,21.399999618530273,18.200000762939453,21.399999618530273,4400,0.0,0.0
2023-09-18 00:00:00-04:00,21.0,21.0,18.399999618530273,19.940000534057617,3040,0.0,0.0
2023-09-19 00:00:00-04:00,19.34000015258789,20.799999237060547,18.420000076293945,19.799999237060547,880,0.0,0.0
2023-09-20 00:00:00-04:00,19.0,20.399999618530273,18.399999618530273,18.899999618530273,1250,0.0,0.0
2023-09-21 00:00:00-04:00,18.600000381469727,19.540000915527344,17.399999618530273,18.799999237060547,2605,0.0,0.0
2023-09-22 00:00:00-04:00,20.600000381469727,20.799999237060547,18.059999465942383,18.719999313354492,4995,0.0,0.0
2023-09-25 00:00:00-04:00,19.459999084472656,20.0,18.200000762939453,18.979999542236328,1090,0.0,0.0
2023-09-26 00:00:00-04:00,19.0,19.68000030517578,18.600000381469727,19.399999618530273,1090,0.0,0.0
2023-09-27 00:00:00-04:00,19.600000381469727,21.600000381469727,18.399999618530273,21.399999618530273,5890,0.0,0.0
2023-09-28 00:00:00-04:00,21.600000381469727,22.399999618530273,20.600000381469727,21.399999618530273,4840,0.0,0.0
2023-09-29 00:00:00-04:00,20.399999618530273,24.0,20.0,23.200000762939453,7595,0.0,0.0
2023-10-02 00:00:00-04:00,22.600000381469727,24.0,21.600000381469727,23.0,3025,0.0,0.0
2023-10-03 00:00:00-04:00,21.799999237060547,24.0,21.600000381469727,24.0,2590,0.0,0.0
2023-10-04 00:00:00-04:00,23.600000381469727,24.0,22.079999923706055,24.0,2855,0.0,0.0
2023-10-05 00:00:00-04:00,24.200000762939453,24.200000762939453,21.979999542236328,22.799999237060547,1120,0.0,0.0
2023-10-06 00:00:00-04:00,23.399999618530273,24.0,20.0,23.0,5775,0.0,0.0
2023-10-09 00:00:00-04:00,22.0,24.0,22.0,23.399999618530273,1455,0.0,0.0
2023-10-10 00:00:00-04:00,23.020000457763672,24.799999237060547,22.799999237060547,24.799999237060547,2460,0.0,0.0
2023-10-11 00:00:00-04:00,24.600000381469727,25.0,23.600000381469727,24.399999618530273,3180,0.0,0.0
2023-10-12 00:00:00-04:00,24.299999237060547,24.760000228881836,23.399999618530273,24.200000762939453,2095,0.0,0.0
2023-10-13 00:00:00-04:00,24.799999237060547,24.799999237060547,23.600000381469727,24.399999618530273,2240,0.0,0.0
2023-10-16 00:00:00-04:00,24.399999618530273,26.399999618530273,24.0,24.600000381469727,7770,0.0,0.0
2023-10-17 00:00:00-04:00,23.600000381469727,25.0,23.200000762939453,23.600000381469727,3975,0.0,0.0
2023-10-18 00:00:00-04:00,25.799999237060547,25.799999237060547,23.799999237060547,25.0,5220,0.0,0.0
2023-10-19 00:00:00-04:00,25.200000762939453,25.200000762939453,23.600000381469727,23.799999237060547,2515,0.0,0.0
2023-10-20 00:00:00-04:00,23.399999618530273,24.899999618530273,23.399999618530273,24.200000762939453,1805,0.0,0.0
2023-10-23 00:00:00-04:00,24.600000381469727,27.200000762939453,24.200000762939453,27.200000762939453,6115,0.0,0.0
2023-10-24 00:00:00-04:00,26.200000762939453,26.200000762939453,24.399999618530273,26.0,3840,0.0,0.0
2023-10-25 00:00:00-04:00,26.799999237060547,26.799999237060547,23.600000381469727,24.799999237060547,2935,0.0,0.0
2023-10-26 00:00:00-04:00,26.799999237060547,26.799999237060547,23.399999618530273,26.200000762939453,3860,0.0,0.0
2023-10-27 00:00:00-04:00,26.799999237060547,27.600000381469727,25.0,26.600000381469727,4700,0.0,0.0
2023-10-30 00:00:00-04:00,27.600000381469727,27.600000381469727,25.399999618530273,26.700000762939453,6965,0.0,0.0
2023-10-31 00:00:00-04:00,26.399999618530273,26.399999618530273,23.799999237060547,24.100000381469727,6295,0.0,0.0
2023-11-01 00:00:00-04:00,24.600000381469727,25.200000762939453,22.799999237060547,24.200000762939453,3395,0.0,0.0
2023-11-02 00:00:00-04:00,24.0,25.799999237060547,19.600000381469727,19.739999771118164,5660,0.0,0.0
2023-11-03 00:00:00-04:00,20.0,22.799999237060547,18.0,19.399999618530273,19245,0.0,0.0
2023-11-06 00:00:00-05:00,19.799999237060547,21.6200008392334,19.0,20.399999618530273,6925,0.0,0.0
2023-11-07 00:00:00-05:00,22.0,22.0,20.200000762939453,20.399999618530273,5380,0.0,0.0
2023-11-08 00:00:00-05:00,21.0,21.399999618530273,19.399999618530273,20.600000381469727,5680,0.0,0.0
2023-11-09 00:00:00-05:00,21.399999618530273,21.399999618530273,19.719999313354492,20.600000381469727,11170,0.0,0.0
2023-11-10 00:00:00-05:00,21.399999618530273,22.399999618530273,20.0,22.0,11115,0.0,0.0
2023-11-13 00:00:00-05:00,22.200000762939453,22.719999313354492,20.399999618530273,21.600000381469727,6810,0.0,0.0
2023-11-14 00:00:00-05:00,21.399999618530273,23.600000381469727,21.0,23.200000762939453,9595,0.0,0.0
2023-11-15 00:00:00-05:00,23.0,25.600000381469727,22.200000762939453,24.799999237060547,8375,0.0,0.0
2023-11-16 00:00:00-05:00,25.799999237060547,26.200000762939453,25.0,25.799999237060547,6020,0.0,0.0
2023-11-17 00:00:00-05:00,26.600000381469727,26.600000381469727,24.0,24.399999618530273,4755,0.0,0.0
2023-11-20 00:00:00-05:00,24.799999237060547,24.799999237060547,22.219999313354492,23.200000762939453,7090,0.0,0.0
2023-11-21 00:00:00-05:00,26.0,26.0,22.399999618530273,23.399999618530273,7085,0.0,0.0
2023-11-22 00:00:00-05:00,23.200000762939453,24.200000762939453,22.799999237060547,23.399999618530273,3185,0.0,0.0
2023-11-24 00:00:00-05:00,23.200000762939453,24.0,22.600000381469727,23.200000762939453,1200,0.0,0.0
2023-11-27 00:00:00-05:00,22.799999237060547,23.600000381469727,22.0,23.200000762939453,4760,0.0,0.0
2023-11-28 00:00:00-05:00,23.399999618530273,23.5,21.600000381469727,22.5,4130,0.0,0.0
2023-11-29 00:00:00-05:00,23.0,23.600000381469727,22.0,23.0,3955,0.0,0.0
2023-11-30 00:00:00-05:00,22.600000381469727,24.059999465942383,22.600000381469727,23.399999618530273,3320,0.0,0.0
2023-12-01 00:00:00-05:00,23.799999237060547,23.799999237060547,22.0,23.0,3065,0.0,0.0
2023-12-04 00:00:00-05:00,23.600000381469727,25.600000381469727,22.600000381469727,24.0,16410,0.0,0.0
2023-12-05 00:00:00-05:00,24.0,24.0,22.299999237060547,22.799999237060547,5840,0.0,0.0
2023-12-06 00:00:00-05:00,22.799999237060547,23.0,21.0,21.200000762939453,3155,0.0,0.0
2023-12-07 00:00:00-05:00,21.0,21.899999618530273,20.200000762939453,21.0,2890,0.0,0.0
2023-12-08 00:00:00-05:00,21.0,21.600000381469727,20.0,20.799999237060547,3260,0.0,0.0
2023-12-11 00:00:00-05:00,21.0,21.0,19.899999618530273,20.399999618530273,2115,0.0,0.0
2023-12-12 00:00:00-05:00,21.600000381469727,21.600000381469727,20.0,20.600000381469727,3475,0.0,0.0
2023-12-13 00:00:00-05:00,20.399999618530273,22.799999237060547,18.200000762939453,19.799999237060547,22675,0.0,0.0
2023-12-14 00:00:00-05:00,20.0,20.399999618530273,18.200000762939453,18.700000762939453,6480,0.0,0.0
2023-12-15 00:00:00-05:00,18.200000762939453,18.700000762939453,17.200000762939453,17.600000381469727,13145,0.0,0.0
2023-12-18 00:00:00-05:00,17.799999237060547,19.1200008392334,17.299999237060547,17.399999618530273,4060,0.0,0.0
2023-12-19 00:00:00-05:00,19.200000762939453,19.399999618530273,16.200000762939453,17.239999771118164,6395,0.0,0.0
2023-12-20 00:00:00-05:00,16.799999237060547,18.0,16.399999618530273,17.3799991607666,6915,0.0,0.0
2023-12-21 00:00:00-05:00,16.899999618530273,17.600000381469727,16.200000762939453,17.600000381469727,3890,0.0,0.0
2023-12-22 00:00:00-05:00,17.600000381469727,17.600000381469727,16.399999618530273,16.860000610351562,3980,0.0,0.0
2023-12-26 00:00:00-05:00,16.600000381469727,17.399999618530273,15.880000114440918,16.420000076293945,7315,0.0,0.0
2023-12-27 00:00:00-05:00,16.200000762939453,16.5,14.800000190734863,15.399999618530273,6450,0.0,0.0
2023-12-28 00:00:00-05:00,15.399999618530273,16.440000534057617,14.399999618530273,15.020000457763672,6970,0.0,0.0
2023-12-29 00:00:00-05:00,14.600000381469727,16.18000030517578,14.600000381469727,15.680000305175781,6535,0.0,0.0
2024-01-02 00:00:00-05:00,15.399999618530273,15.84000015258789,15.100000381469727,15.359999656677246,2690,0.0,0.0
2024-01-03 00:00:00-05:00,15.600000381469727,15.600000381469727,14.0,15.399999618530273,4140,0.0,0.0
2024-01-04 00:00:00-05:00,15.0,15.399999618530273,13.0,13.760000228881836,5770,0.0,0.0
2024-01-05 00:00:00-05:00,13.800000190734863,14.600000381469727,13.460000038146973,13.84000015258789,19260,0.0,0.0
2024-01-08 00:00:00-05:00,13.720000267028809,13.899999618530273,13.0,13.399999618530273,9820,0.0,0.0
2024-01-09 00:00:00-05:00,14.399999618530273,14.399999618530273,12.600000381469727,12.920000076293945,9270,0.0,0.0
2024-01-10 00:00:00-05:00,13.4399995803833,14.399999618530273,12.779999732971191,13.779999732971191,13425,0.0,0.0
2024-01-11 00:00:00-05:00,14.199999809265137,14.199999809265137,11.0,11.960000038146973,12320,0.0,0.0
2024-01-12 00:00:00-05:00,12.399999618530273,12.84000015258789,11.199999809265137,12.199999809265137,4705,0.0,0.0
2024-01-16 00:00:00-05:00,12.199999809265137,12.199999809265137,11.600000381469727,11.619999885559082,4395,0.0,0.0
2024-01-17 00:00:00-05:00,11.380000114440918,12.199999809265137,10.140000343322754,10.800000190734863,9015,0.0,0.0
2024-01-18 00:00:00-05:00,10.800000190734863,11.800000190734863,10.220000267028809,11.600000381469727,5045,0.0,0.0
2024-01-19 00:00:00-05:00,11.020000457763672,11.399999618530273,10.600000381469727,11.0,4465,0.0,0.0
2024-01-22 00:00:00-05:00,10.800000190734863,11.479999542236328,10.4399995803833,11.100000381469727,4170,0.0,0.0
2024-01-23 00:00:00-05:00,11.300000190734863,11.600000381469727,10.979999542236328,11.220000267028809,4725,0.0,0.0
2024-01-24 00:00:00-05:00,11.039999961853027,11.399999618530273,10.619999885559082,11.079999923706055,2490,0.0,0.0
2024-01-25 00:00:00-05:00,11.100000381469727,11.9399995803833,10.65999984741211,11.399999618530273,10945,0.0,0.0
2024-01-26 00:00:00-05:00,11.100000381469727,12.399999618530273,11.0600004196167,11.300000190734863,10340,0.0,0.0
2024-01-29 00:00:00-05:00,11.600000381469727,12.399999618530273,11.399999618530273,11.600000381469727,2370,0.0,0.0
2024-01-30 00:00:00-05:00,11.600000381469727,12.399999618530273,11.020000457763672,11.619999885559082,5675,0.0,0.0
2024-01-31 00:00:00-05:00,11.600000381469727,12.199999809265137,11.140000343322754,11.399999618530273,5530,0.0,0.0
2024-02-01 00:00:00-05:00,11.800000190734863,12.0,10.239999771118164,11.4399995803833,6495,0.0,0.0
2024-02-02 00:00:00-05:00,11.0,11.479999542236328,10.760000228881836,11.199999809265137,4395,0.0,0.0
2024-02-05 00:00:00-05:00,11.0,11.199999809265137,10.600000381469727,10.699999809265137,1940,0.0,0.0
2024-02-06 00:00:00-05:00,10.600000381469727,11.399999618530273,10.600000381469727,11.199999809265137,2220,0.0,0.0
2024-02-07 00:00:00-05:00,11.020000457763672,11.579999923706055,10.399999618530273,10.800000190734863,7655,0.0,0.0
2024-02-08 00:00:00-05:00,10.5,10.9399995803833,9.600000381469727,9.600000381469727,9315,0.0,0.0
2024-02-09 00:00:00-05:00,9.619999885559082,10.600000381469727,9.5,9.979999542236328,4510,0.0,0.0
2024-02-12 00:00:00-05:00,9.520000457763672,10.0,8.9399995803833,9.0,7770,0.0,0.0
2024-02-13 00:00:00-05:00,8.9399995803833,9.199999809265137,8.399999618530273,8.460000038146973,3650,0.0,0.0
2024-02-14 00:00:00-05:00,8.0,8.199999809265137,6.5,6.599999904632568,18165,0.0,0.0
2024-02-15 00:00:00-05:00,7.800000190734863,9.199999809265137,7.199999809265137,8.300000190734863,25065,0.0,0.0
2024-02-16 00:00:00-05:00,8.15999984741211,10.300000190734863,8.0,9.979999542236328,17475,0.0,0.0
2024-02-20 00:00:00-05:00,9.739999771118164,10.880000114440918,9.4399995803833,10.619999885559082,14530,0.0,0.0
2024-02-21 00:00:00-05:00,11.0,11.420000076293945,9.420000076293945,9.460000038146973,8415,0.0,0.0
2024-02-22 00:00:00-05:00,10.199999809265137,10.380000114440918,8.5,9.819999694824219,22605,0.0,0.0
2024-02-23 00:00:00-05:00,9.600000381469727,10.420000076293945,9.399999618530273,9.819999694824219,9050,0.0,0.0
2024-02-26 00:00:00-05:00,10.800000190734863,11.600000381469727,10.199999809265137,10.800000190734863,58135,0.0,0.0
2024-02-27 00:00:00-05:00,10.600000381469727,11.0,9.100000381469727,9.760000228881836,13850,0.0,0.0
2024-02-28 00:00:00-05:00,9.220000267028809,11.199999809265137,9.220000267028809,10.899999618530273,19520,0.0,0.0
2024-02-29 00:00:00-05:00,11.5,13.579999923706055,11.199999809265137,11.600000381469727,91455,0.0,0.0
2024-03-01 00:00:00-05:00,11.779999732971191,11.779999732971191,10.319999694824219,10.819999694824219,20655,0.0,0.0
2024-03-04 00:00:00-05:00,11.0,11.0,10.420000076293945,10.779999732971191,7265,0.0,0.0
2024-03-05 00:00:00-05:00,10.420000076293945,11.180000305175781,10.0,10.640000343322754,7995,0.0,0.0
2024-03-06 00:00:00-05:00,10.800000190734863,11.199999809265137,10.199999809265137,10.779999732971191,5780,0.0,0.0
2024-03-07 00:00:00-05:00,10.619999885559082,10.920000076293945,9.600000381469727,9.979999542236328,6875,0.0,0.0
2024-03-08 00:00:00-05:00,9.680000305175781,9.979999542236328,9.399999618530273,9.600000381469727,5080,0.0,0.0
2024-03-11 00:00:00-04:00,9.199999809265137,9.600000381469727,8.5600004196167,8.720000267028809,9505,0.0,0.0
2024-03-12 00:00:00-04:00,8.920000076293945,8.920000076293945,8.100000381469727,8.5,3825,0.0,0.0
2024-03-13 00:00:00-04:00,8.5,8.539999961853027,7.599999904632568,7.800000190734863,7420,0.0,0.0
2024-03-14 00:00:00-04:00,7.980000019073486,8.380000114440918,7.199999809265137,7.480000019073486,3560,0.0,0.0
2024-03-15 00:00:00-04:00,7.0,7.900000095367432,7.0,7.179999828338623,8325,0.0,0.0
2024-03-18 00:00:00-04:00,7.380000114440918,7.599999904632568,6.300000190734863,6.440000057220459,13730,0.0,0.0
2024-03-19 00:00:00-04:00,6.400000095367432,7.199999809265137,6.139999866485596,6.139999866485596,10345,0.0,0.0
2024-03-20 00:00:00-04:00,6.460000038146973,6.599999904632568,5.960000038146973,6.5,11130,0.0,0.0
2024-03-21 00:00:00-04:00,6.380000114440918,6.800000190734863,6.079999923706055,6.320000171661377,13215,0.0,0.0
2024-03-22 00:00:00-04:00,6.320000171661377,6.559999942779541,5.920000076293945,6.28000020980835,8420,0.0,0.0
2024-03-25 00:00:00-04:00,6.28000020980835,6.579999923706055,5.920000076293945,6.159999847412109,9195,0.0,0.0
2024-03-26 00:00:00-04:00,6.059999942779541,6.099999904632568,5.78000020980835,6.0,6070,0.0,0.0
2024-03-27 00:00:00-04:00,6.199999809265137,6.199999809265137,5.699999809265137,5.940000057220459,5110,0.0,0.0
2024-03-28 00:00:00-04:00,5.699999809265137,6.059999942779541,5.699999809265137,5.940000057220459,7995,0.0,0.0
2024-04-01 00:00:00-04:00,6.119999885559082,6.380000114440918,5.880000114440918,5.900000095367432,7700,0.0,0.0
2024-04-02 00:00:00-04:00,6.599999904632568,7.119999885559082,6.0,6.300000190734863,46590,0.0,0.0
2024-04-03 00:00:00-04:00,6.400000095367432,6.619999885559082,6.21999979019165,6.380000114440918,11320,0.0,0.0
2024-04-04 00:00:00-04:00,6.559999942779541,6.599999904632568,6.380000114440918,6.599999904632568,7470,0.0,0.0
2024-04-05 00:00:00-04:00,6.699999809265137,6.800000190734863,6.199999809265137,6.460000038146973,6785,0.0,0.0
2024-04-08 00:00:00-04:00,6.460000038146973,7.480000019073486,6.460000038146973,7.0,26505,0.0,0.0
2024-04-09 00:00:00-04:00,7.28000020980835,8.199999809265137,7.179999828338623,7.78000020980835,15380,0.0,0.0
2024-04-10 00:00:00-04:00,7.800000190734863,8.0,7.320000171661377,7.800000190734863,6955,0.0,0.0
2024-04-11 00:00:00-04:00,8.800000190734863,9.600000381469727,8.0,8.600000381469727,80540,0.0,0.0
2024-04-12 00:00:00-04:00,8.600000381469727,8.779999732971191,8.0,8.380000114440918,11740,0.0,0.0
2024-04-15 00:00:00-04:00,8.399999618530273,8.5,6.599999904632568,7.5,20795,0.0,0.0
2024-04-16 00:00:00-04:00,7.239999771118164,7.820000171661377,7.039999961853027,7.400000095367432,3835,0.0,0.0
2024-04-17 00:00:00-04:00,7.320000171661377,7.599999904632568,7.21999979019165,7.400000095367432,4050,0.0,0.0
2024-04-18 00:00:00-04:00,7.400000095367432,7.400000095367432,7.0,7.019999980926514,2545,0.0,0.0
2024-04-19 00:00:00-04:00,7.0,7.599999904632568,6.420000076293945,6.619999885559082,9420,0.0,0.0
2024-04-22 00:00:00-04:00,6.599999904632568,7.599999904632568,6.440000057220459,7.099999904632568,4450,0.0,0.0
2024-04-23 00:00:00-04:00,6.800000190734863,6.940000057220459,6.599999904632568,6.699999809265137,2555,0.0,0.0
2024-04-24 00:00:00-04:00,7.0,7.0,6.420000076293945,6.539999961853027,7410,0.0,0.0
2024-04-25 00:00:00-04:00,6.420000076293945,6.71999979019165,6.420000076293945,6.440000057220459,3450,0.0,0.0
2024-04-26 00:00:00-04:00,7.0,7.0,6.420000076293945,6.699999809265137,2625,0.0,0.0
2024-04-29 00:00:00-04:00,6.420000076293945,6.760000228881836,6.420000076293945,6.699999809265137,4690,0.0,0.0
2024-04-30 00:00:00-04:00,6.340000152587891,6.400000095367432,6.159999847412109,6.21999979019165,10100,0.0,0.0
2024-05-01 00:00:00-04:00,6.400000095367432,6.800000190734863,6.400000095367432,6.800000190734863,3995,0.0,0.0
2024-05-02 00:00:00-04:00,6.800000190734863,7.599999904632568,6.619999885559082,7.400000095367432,18930,0.0,0.0
2024-05-03 00:00:00-04:00,7.28000020980835,8.15999984741211,7.199999809265137,7.199999809265137,15805,0.0,0.0
2024-05-06 00:00:00-04:00,7.199999809265137,7.699999809265137,7.099999904632568,7.199999809265137,1340,0.0,0.0
2024-05-07 00:00:00-04:00,7.559999942779541,8.399999618530273,7.059999942779541,7.5,9165,0.0,0.0
2024-05-08 00:00:00-04:00,7.5,7.800000190734863,7.300000190734863,7.599999904632568,3960,0.0,0.0
2024-05-09 00:00:00-04:00,7.800000190734863,7.800000190734863,7.239999771118164,7.320000171661377,3555,0.0,0.0
2024-05-10 00:00:00-04:00,7.800000190734863,7.800000190734863,7.599999904632568,7.659999847412109,3200,0.0,0.0
2024-05-13 00:00:00-04:00,7.599999904632568,7.800000190734863,6.039999961853027,7.119999885559082,8750,0.0,0.0
2024-05-14 00:00:00-04:00,7.0,7.460000038146973,7.0,7.260000228881836,2375,0.0,0.0
2024-05-15 00:00:00-04:00,7.400000095367432,7.400000095367432,7.0,7.099999904632568,3115,0.0,0.0
2024-05-16 00:00:00-04:00,7.199999809265137,7.420000076293945,7.099999904632568,7.099999904632568,3695,0.0,0.0
2024-05-17 00:00:00-04:00,7.0,7.599999904632568,7.0,7.0,1730,0.0,0.0
2024-05-20 00:00:00-04:00,7.199999809265137,7.199999809265137,6.599999904632568,6.659999847412109,5680,0.0,0.0
2024-05-21 00:00:00-04:00,6.78000020980835,7.199999809265137,6.440000057220459,6.739999771118164,2195,0.0,0.0
2024-05-22 00:00:00-04:00,6.480000019073486,6.599999904632568,5.539999961853027,6.019999980926514,800530,0.0,0.0
2024-05-23 00:00:00-04:00,5.639999866485596,6.0,5.199999809265137,5.21999979019165,89745,0.0,0.0
2024-05-24 00:00:00-04:00,5.480000019073486,5.760000228881836,5.099999904632568,5.760000228881836,40085,0.0,0.0
2024-05-28 00:00:00-04:00,5.900000095367432,5.900000095367432,5.320000171661377,5.320000171661377,17935,0.0,0.0
2024-05-29 00:00:00-04:00,5.239999771118164,5.400000095367432,5.019999980926514,5.179999828338623,23805,0.0,0.0
2024-05-30 00:00:00-04:00,5.300000190734863,5.800000190734863,5.179999828338623,5.420000076293945,24690,0.0,0.0
2024-05-31 00:00:00-04:00,5.440000057220459,5.599999904632568,5.260000228881836,5.400000095367432,6210,0.0,0.0
2024-06-03 00:00:00-04:00,5.340000152587891,5.599999904632568,5.260000228881836,5.480000019073486,4870,0.0,0.0
2024-06-04 00:00:00-04:00,5.559999942779541,5.559999942779541,5.21999979019165,5.28000020980835,7605,0.0,0.0
2024-06-05 00:00:00-04:00,5.239999771118164,6.059999942779541,5.199999809265137,5.920000076293945,38560,0.0,0.0
2024-06-06 00:00:00-04:00,5.800000190734863,5.980000019073486,4.599999904632568,5.360000133514404,24455,0.0,0.0
2024-06-07 00:00:00-04:00,5.360000133514404,5.78000020980835,5.260000228881836,5.619999885559082,10205,0.0,0.0
2024-06-10 00:00:00-04:00,5.639999866485596,5.860000133514404,5.400000095367432,5.519999980926514,11190,0.0,0.0
2024-06-11 00:00:00-04:00,5.400000095367432,5.900000095367432,5.199999809265137,5.800000190734863,10880,0.0,0.0
2024-06-12 00:00:00-04:00,5.699999809265137,6.079999923706055,5.639999866485596,5.880000114440918,15145,0.0,0.0
2024-06-13 00:00:00-04:00,6.0,6.199999809265137,5.699999809265137,6.159999847412109,19810,0.0,0.0
2024-06-14 00:00:00-04:00,6.159999847412109,6.599999904632568,6.0,6.579999923706055,12190,0.0,0.0
2024-06-17 00:00:00-04:00,6.380000114440918,6.900000095367432,5.699999809265137,6.320000171661377,28005,0.0,0.0
2024-06-18 00:00:00-04:00,6.320000171661377,6.559999942779541,5.619999885559082,6.5,12560,0.0,0.0
2024-06-20 00:00:00-04:00,6.340000152587891,6.340000152587891,5.78000020980835,5.920000076293945,10100,0.0,0.0
2024-06-21 00:00:00-04:00,5.739999771118164,6.300000190734863,5.599999904632568,6.199999809265137,10700,0.0,0.0
2024-06-24 00:00:00-04:00,5.920000076293945,6.239999771118164,5.900000095367432,6.239999771118164,11330,0.0,0.0
2024-06-25 00:00:00-04:00,6.239999771118164,6.260000228881836,5.21999979019165,5.880000114440918,24135,0.0,0.0
2024-06-26 00:00:00-04:00,5.800000190734863,5.880000114440918,5.619999885559082,5.800000190734863,3690,0.0,0.0
2024-06-27 00:00:00-04:00,5.599999904632568,5.840000152587891,5.460000038146973,5.71999979019165,3980,0.0,0.0
2024-06-28 00:00:00-04:00,5.900000095367432,5.900000095367432,5.599999904632568,5.78000020980835,2055,0.0,0.0
2024-07-01 00:00:00-04:00,5.619999885559082,5.71999979019165,5.460000038146973,5.679999828338623,1440,0.0,0.0
2024-07-02 00:00:00-04:00,5.679999828338623,5.800000190734863,5.420000076293945,5.5,2350,0.0,0.0
2024-07-03 00:00:00-04:00,5.5,5.800000190734863,5.5,5.519999980926514,1655,0.0,0.0
2024-07-05 00:00:00-04:00,5.300000190734863,5.880000114440918,5.300000190734863,5.619999885559082,5680,0.0,0.0
2024-07-08 00:00:00-04:00,5.619999885559082,5.900000095367432,5.420000076293945,5.699999809265137,5880,0.0,0.0
2024-07-09 00:00:00-04:00,5.699999809265137,5.800000190734863,5.460000038146973,5.519999980926514,3025,0.0,0.0
2024-07-10 00:00:00-04:00,5.539999961853027,5.760000228881836,5.5,5.639999866485596,3830,0.0,0.0
2024-07-11 00:00:00-04:00,6.0,6.0,5.599999904632568,5.820000171661377,2755,0.0,0.0
2024-07-12 00:00:00-04:00,5.800000190734863,5.980000019073486,5.800000190734863,5.980000019073486,4420,0.0,0.0
2024-07-15 00:00:00-04:00,5.820000171661377,6.199999809265137,5.800000190734863,6.0,4400,0.0,0.0
2024-07-16 00:00:00-04:00,6.139999866485596,6.139999866485596,5.900000095367432,6.039999961853027,7215,0.0,0.0
2024-07-17 00:00:00-04:00,6.039999961853027,6.039999961853027,5.599999904632568,5.840000152587891,10145,0.0,0.0
2024-07-18 00:00:00-04:00,5.840000152587891,6.179999828338623,5.800000190734863,5.940000057220459,5830,0.0,0.0
2024-07-19 00:00:00-04:00,6.0,6.0,5.619999885559082,5.71999979019165,2985,0.0,0.0
2024-07-22 00:00:00-04:00,5.699999809265137,5.840000152587891,5.460000038146973,5.559999942779541,2335,0.0,0.0
2024-07-23 00:00:00-04:00,5.599999904632568,5.920000076293945,5.599999904632568,5.71999979019165,2435,0.0,0.0
2024-07-24 00:00:00-04:00,5.78000020980835,5.78000020980835,5.480000019073486,5.5,2275,0.0,0.0
2024-07-25 00:00:00-04:00,5.460000038146973,5.5,5.199999809265137,5.360000133514404,6400,0.0,0.0
2024-07-26 00:00:00-04:00,5.360000133514404,5.460000038146973,5.199999809265137,5.199999809265137,8140,0.0,0.0
2024-07-29 00:00:00-04:00,5.300000190734863,5.340000152587891,4.900000095367432,5.139999866485596,7195,0.0,0.0
2024-07-30 00:00:00-04:00,5.239999771118164,5.360000133514404,4.800000190734863,4.920000076293945,9345,0.0,0.0
2024-07-31 00:00:00-04:00,5.0,5.300000190734863,4.699999809265137,4.820000171661377,65810,0.0,0.0
2024-08-01 00:00:00-04:00,4.5,4.559999942779541,3.7799999713897705,4.099999904632568,25290,0.0,0.0
2024-08-02 00:00:00-04:00,3.799999952316284,4.380000114440918,3.5999999046325684,4.059999942779541,78785,0.0,0.0
2024-08-05 00:00:00-04:00,3.700000047683716,3.9600000381469727,3.4800000190734863,3.799999952316284,8525,0.0,0.0
2024-08-06 00:00:00-04:00,4.0,4.380000114440918,4.0,4.21999979019165,8800,0.0,0.0
2024-08-07 00:00:00-04:00,4.28000020980835,4.300000190734863,4.019999980926514,4.099999904632568,7035,0.0,0.0
2024-08-08 00:00:00-04:00,4.059999942779541,4.320000171661377,4.0,4.179999828338623,3415,0.0,0.0
2024-08-09 00:00:00-04:00,4.199999809265137,4.21999979019165,3.9000000953674316,4.039999961853027,7845,0.0,0.0
2024-08-12 00:00:00-04:00,4.199999809265137,4.199999809265137,3.940000057220459,4.0,1675,0.0,0.0
2024-08-13 00:00:00-04:00,4.159999847412109,4.199999809265137,4.0,4.099999904632568,8360,0.0,0.0
2024-08-14 00:00:00-04:00,4.199999809265137,4.300000190734863,4.059999942779541,4.21999979019165,8235,0.0,0.0
2024-08-15 00:00:00-04:00,4.179999828338623,4.260000228881836,4.159999847412109,4.159999847412109,3510,0.0,0.0
2024-08-16 00:00:00-04:00,4.159999847412109,4.199999809265137,3.619999885559082,4.039999961853027,19490,0.0,0.0
2024-08-19 00:00:00-04:00,4.300000190734863,4.300000190734863,4.039999961853027,4.239999771118164,5795,0.0,0.0
2024-08-20 00:00:00-04:00,4.139999866485596,4.300000190734863,4.079999923706055,4.300000190734863,4945,0.0,0.0
2024-08-21 00:00:00-04:00,4.099999904632568,4.320000171661377,4.099999904632568,4.239999771118164,13925,0.0,0.0
2024-08-22 00:00:00-04:00,4.199999809265137,4.199999809265137,4.019999980926514,4.099999904632568,6225,0.0,0.0
2024-08-23 00:00:00-04:00,4.099999904632568,4.300000190734863,4.0,4.099999904632568,7590,0.0,0.0
2024-08-26 00:00:00-04:00,4.199999809265137,4.260000228881836,4.099999904632568,4.159999847412109,9040,0.0,0.0
2024-08-27 00:00:00-04:00,4.239999771118164,4.320000171661377,3.940000057220459,4.019999980926514,6360,0.0,0.0
2024-08-28 00:00:00-04:00,4.0,4.119999885559082,3.8399999141693115,3.9000000953674316,6330,0.0,0.0
2024-08-29 00:00:00-04:00,4.0,4.0,3.799999952316284,3.9600000381469727,7495,0.0,0.0
2024-08-30 00:00:00-04:00,4.0,4.139999866485596,3.9600000381469727,4.079999923706055,9660,0.0,0.0
2024-09-03 00:00:00-04:00,4.019999980926514,4.139999866485596,3.9000000953674316,3.9800000190734863,9740,0.0,0.0
2024-09-04 00:00:00-04:00,4.119999885559082,4.119999885559082,3.8399999141693115,3.9200000762939453,1355,0.0,0.0
2024-09-05 00:00:00-04:00,3.9000000953674316,4.0,3.680000066757202,3.700000047683716,15180,0.0,0.0
2024-09-06 00:00:00-04:00,3.6600000858306885,3.9800000190734863,3.6600000858306885,3.7200000286102295,10315,0.0,0.0
2024-09-09 00:00:00-04:00,3.9200000762939453,3.9200000762939453,3.559999942779541,3.759999990463257,9110,0.0,0.0
2024-09-10 00:00:00-04:00,3.7200000286102295,3.799999952316284,3.559999942779541,3.559999942779541,5045,0.0,0.0
2024-09-11 00:00:00-04:00,3.5399999618530273,3.759999990463257,3.5,3.700000047683716,4700,0.0,0.0
2024-09-12 00:00:00-04:00,3.5999999046325684,3.880000114440918,3.5999999046325684,3.880000114440918,970,0.0,0.0
2024-09-13 00:00:00-04:00,3.740000009536743,3.880000114440918,3.5999999046325684,3.759999990463257,2005,0.0,0.0
2024-09-16 00:00:00-04:00,3.799999952316284,3.799999952316284,3.5999999046325684,3.5999999046325684,3525,0.0,0.0
2024-09-17 00:00:00-04:00,3.799999952316284,3.799999952316284,3.5399999618530273,3.5999999046325684,2970,0.0,0.0
2024-09-18 00:00:00-04:00,3.7799999713897705,3.7799999713897705,3.5,3.5199999809265137,5890,0.0,0.0
2024-09-19 00:00:00-04:00,3.619999885559082,3.8399999141693115,3.5199999809265137,3.700000047683716,14240,0.0,0.0
2024-09-20 00:00:00-04:00,3.799999952316284,3.880000114440918,3.5999999046325684,3.5999999046325684,7085,0.0,0.0
2024-09-23 00:00:00-04:00,3.619999885559082,3.700000047683716,3.559999942779541,3.559999942779541,2810,0.0,0.0
2024-09-24 00:00:00-04:00,3.559999942779541,3.559999942779541,3.4200000762939453,3.5,8795,0.0,0.0
2024-09-25 00:00:00-04:00,3.5,3.5999999046325684,3.299999952316284,3.3399999141693115,7450,0.0,0.0
2024-09-26 00:00:00-04:00,3.299999952316284,3.619999885559082,3.2200000286102295,3.240000009536743,14360,0.0,0.0
2024-09-27 00:00:00-04:00,3.240000009536743,3.559999942779541,3.0199999809265137,3.4000000953674316,45880,0.0,0.0
2024-09-30 00:00:00-04:00,3.700000047683716,3.759999990463257,3.359999895095825,3.5999999046325684,38145,0.0,0.0
2024-10-01 00:00:00-04:00,3.5999999046325684,3.5999999046325684,3.3399999141693115,3.3399999141693115,3925,0.0,0.0
2024-10-02 00:00:00-04:00,3.3399999141693115,3.4000000953674316,3.200000047683716,3.299999952316284,14010,0.0,0.0
2024-10-03 00:00:00-04:00,3.299999952316284,3.5199999809265137,3.299999952316284,3.299999952316284,14285,0.0,0.0
2024-10-04 00:00:00-04:00,3.299999952316284,3.4600000381469727,3.2799999713897705,3.4600000381469727,28945,0.0,0.0
2024-10-07 00:00:00-04:00,3.4000000953674316,3.4200000762939453,3.3399999141693115,3.4000000953674316,9315,0.0,0.0
2024-10-08 00:00:00-04:00,3.4000000953674316,3.4600000381469727,3.299999952316284,3.4000000953674316,19565,0.0,0.0
2024-10-09 00:00:00-04:00,3.4000000953674316,3.799999952316284,3.380000114440918,3.559999942779541,20295,0.0,0.0
2024-10-10 00:00:00-04:00,3.5199999809265137,3.5799999237060547,3.4200000762939453,3.5,18875,0.0,0.0
2024-10-11 00:00:00-04:00,3.5999999046325684,3.6600000858306885,3.5,3.5799999237060547,29790,0.0,0.0
2024-10-14 00:00:00-04:00,3.5,4.139999866485596,3.5,4.079999923706055,33185,0.0,0.0
2024-10-15 00:00:00-04:00,4.099999904632568,4.199999809265137,3.9000000953674316,4.019999980926514,19445,0.0,0.0
2024-10-16 00:00:00-04:00,3.880000114440918,4.199999809265137,3.859999895095825,3.9800000190734863,17680,0.0,0.0
2024-10-17 00:00:00-04:00,3.819999933242798,4.0,3.819999933242798,3.9800000190734863,9685,0.0,0.0
2024-10-18 00:00:00-04:00,3.880000114440918,4.199999809265137,3.880000114440918,4.179999828338623,17050,0.0,0.0
2024-10-21 00:00:00-04:00,4.300000190734863,4.599999904632568,4.0,4.440000057220459,25965,0.0,0.0
2024-10-22 00:00:00-04:00,4.440000057220459,4.820000171661377,4.0,4.579999923706055,44665,0.0,0.0
2024-10-23 00:00:00-04:00,4.599999904632568,4.71999979019165,4.300000190734863,4.519999980926514,15720,0.0,0.0
2024-10-24 00:00:00-04:00,4.599999904632568,4.599999904632568,4.059999942779541,4.21999979019165,50560,0.0,0.0
2024-10-25 00:00:00-04:00,4.28000020980835,4.599999904632568,4.0,4.159999847412109,11930,0.0,0.0
2024-10-28 00:00:00-04:00,3.940000057220459,4.5,3.940000057220459,4.159999847412109,3460,0.0,0.0
2024-10-29 00:00:00-04:00,4.019999980926514,4.400000095367432,4.019999980926514,4.139999866485596,1660,0.0,0.0
2024-10-30 00:00:00-04:00,4.139999866485596,4.400000095367432,4.019999980926514,4.179999828338623,4135,0.0,0.0
2024-10-31 00:00:00-04:00,4.21999979019165,4.400000095367432,3.9000000953674316,4.0,7960,0.0,0.0
2024-11-01 00:00:00-04:00,3.9000000953674316,4.440000057220459,3.8399999141693115,3.9600000381469727,13230,0.0,0.0
2024-11-04 00:00:00-05:00,3.9600000381469727,4.199999809265137,3.819999933242798,4.0,5585,0.0,0.0
2024-11-05 00:00:00-05:00,3.9000000953674316,4.199999809265137,3.9000000953674316,4.019999980926514,4810,0.0,0.0
2024-11-06 00:00:00-05:00,3.9000000953674316,4.159999847412109,3.9000000953674316,4.159999847412109,4100,0.0,0.0
2024-11-07 00:00:00-05:00,4.400000095367432,4.400000095367432,3.6600000858306885,4.139999866485596,55300,0.0,0.0
2024-11-08 00:00:00-05:00,4.019999980926514,4.239999771118164,3.8399999141693115,4.019999980926514,5340,0.0,0.0
2024-11-11 00:00:00-05:00,3.8399999141693115,4.21999979019165,3.8399999141693115,4.019999980926514,2560,0.0,0.0
2024-11-12 00:00:00-05:00,4.019999980926514,4.199999809265137,3.859999895095825,4.059999942779541,1795,0.0,0.0
2024-11-13 00:00:00-05:00,4.079999923706055,4.199999809265137,3.859999895095825,3.859999895095825,3120,0.0,0.0
2024-11-14 00:00:00-05:00,4.119999885559082,4.199999809265137,3.799999952316284,4.119999885559082,3905,0.0,0.0
2024-11-15 00:00:00-05:00,4.019999980926514,4.199999809265137,3.819999933242798,3.9800000190734863,2970,0.0,0.0
2024-11-18 00:00:00-05:00,4.199999809265137,4.199999809265137,3.9000000953674316,3.9200000762939453,6515,0.0,0.0
2024-11-19 00:00:00-05:00,3.799999952316284,4.079999923706055,3.799999952316284,3.9000000953674316,6430,0.0,0.0
2024-11-20 00:00:00-05:00,3.8399999141693115,4.0,3.799999952316284,3.880000114440918,3930,0.0,0.0
2024-11-21 00:00:00-05:00,3.8399999141693115,3.9000000953674316,3.759999990463257,3.799999952316284,13415,0.0,0.0
2024-11-22 00:00:00-05:00,3.799999952316284,4.119999885559082,3.799999952316284,3.9000000953674316,13725,0.0,0.0
2024-11-25 00:00:00-05:00,3.859999895095825,4.139999866485596,3.799999952316284,3.9600000381469727,10240,0.0,0.0
2024-11-26 00:00:00-05:00,3.9600000381469727,4.139999866485596,3.819999933242798,3.859999895095825,10195,0.0,0.0
2024-11-27 00:00:00-05:00,3.859999895095825,4.139999866485596,3.859999895095825,3.9200000762939453,3395,0.0,0.0
2024-11-29 00:00:00-05:00,3.9000000953674316,4.139999866485596,3.9000000953674316,4.0,6665,0.0,0.0
2024-12-02 00:00:00-05:00,4.099999904632568,4.139999866485596,4.0,4.059999942779541,8445,0.0,0.0
2024-12-03 00:00:00-05:00,4.0,4.880000114440918,3.880000114440918,4.760000228881836,181350,0.0,0.0
2024-12-04 00:00:00-05:00,4.539999961853027,4.599999904632568,3.859999895095825,4.0,85155,0.0,0.0
2024-12-05 00:00:00-05:00,3.9600000381469727,4.0,3.5999999046325684,3.9200000762939453,45705,0.0,0.0
2024-12-06 00:00:00-05:00,3.9200000762939453,3.9600000381469727,3.6600000858306885,3.6600000858306885,21490,0.0,0.0
2024-12-09 00:00:00-05:00,3.9800000190734863,3.9800000190734863,3.619999885559082,3.7200000286102295,14525,0.0,0.0
2024-12-10 00:00:00-05:00,3.7200000286102295,3.7200000286102295,3.4600000381469727,3.559999942779541,13580,0.0,0.0
2024-12-11 00:00:00-05:00,3.640000104904175,3.799999952316284,3.4000000953674316,3.700000047683716,20840,0.0,0.0
2024-12-12 00:00:00-05:00,4.0,4.0,3.5,3.7200000286102295,117835,0.0,0.0
2024-12-13 00:00:00-05:00,3.759999990463257,3.8399999141693115,3.4200000762939453,3.559999942779541,23355,0.0,0.0
2024-12-16 00:00:00-05:00,3.8399999141693115,3.9800000190734863,3.5399999618530273,3.819999933242798,42005,0.0,0.0
2024-12-17 00:00:00-05:00,3.9000000953674316,4.360000133514404,3.799999952316284,4.21999979019165,56650,0.0,0.0
2024-12-18 00:00:00-05:00,4.739999771118164,4.78000020980835,3.299999952316284,3.5399999618530273,151170,0.0,0.0
2024-12-19 00:00:00-05:00,3.380000114440918,3.4000000953674316,2.619999885559082,2.9000000953674316,115840,0.0,0.0
2024-12-20 00:00:00-05:00,2.740000009536743,2.940000057220459,2.6600000858306885,2.8399999141693115,18955,0.0,0.0
2024-12-23 00:00:00-05:00,2.8399999141693115,2.9200000762939453,2.740000009536743,2.799999952316284,10140,0.0,0.0
2024-12-24 00:00:00-05:00,2.880000114440918,2.880000114440918,2.700000047683716,2.8399999141693115,3645,0.0,0.0
2024-12-26 00:00:00-05:00,6.0,6.820000171661377,4.0,4.21999979019165,10250180,0.0,0.0
2024-12-27 00:00:00-05:00,3.0999999046325684,3.799999952316284,3.0,3.640000104904175,797025,0.0,0.0
2024-12-30 00:00:00-05:00,3.200000047683716,3.299999952316284,2.799999952316284,3.0999999046325684,273910,0.0,0.0
2024-12-31 00:00:00-05:00,2.799999952316284,6.150000095367432,2.309999942779541,5.5,5083300,0.0,0.05
2025-01-02 00:00:00-05:00,5.559999942779541,6.690000057220459,4.5,5.909999847412109,894800,0.0,0.0
2025-01-03 00:00:00-05:00,5.130000114440918,5.960000038146973,4.800000190734863,5.71999979019165,412600,0.0,0.0
2025-01-06 00:00:00-05:00,5.409999847412109,8.229999542236328,5.28000020980835,7.010000228881836,658500,0.0,0.0
2025-01-07 00:00:00-05:00,6.96999979019165,7.900000095367432,3.799999952316284,6.75,1065300,0.0,0.0
2025-01-08 00:00:00-05:00,6.0,7.429999828338623,5.701000213623047,6.989999771118164,106000,0.0,0.0
2025-01-10 00:00:00-05:00,6.940000057220459,7.789999961853027,6.501999855041504,7.570000171661377,167100,0.0,0.0
2025-01-13 00:00:00-05:00,7.989999771118164,8.5,6.215000152587891,8.0,233800,0.0,0.0
2025-01-14 00:00:00-05:00,8.0,8.489999771118164,8.0,8.239999771118164,56200,0.0,0.0
2025-01-15 00:00:00-05:00,8.140000343322754,9.350000381469727,8.020000457763672,9.25,132400,0.0,0.0
2025-01-16 00:00:00-05:00,9.270000457763672,10.0,8.550000190734863,9.5600004196167,114100,0.0,0.0
2025-01-17 00:00:00-05:00,9.970000267028809,9.970000267028809,9.0,9.270000457763672,44900,0.0,0.0
2025-01-21 00:00:00-05:00,9.260000228881836,9.789999961853027,9.25,9.510000228881836,41600,0.0,0.0
2025-01-22 00:00:00-05:00,9.864999771118164,10.800000190734863,9.734999656677246,10.800000190734863,96300,0.0,0.0
2025-01-23 00:00:00-05:00,11.5,12.260000228881836,8.130000114440918,9.739999771118164,401600,0.0,0.0
2025-01-24 00:00:00-05:00,9.640000343322754,12.640000343322754,9.520000457763672,11.90999984741211,229100,0.0,0.0
2025-01-27 00:00:00-05:00,11.539999961853027,13.600000381469727,11.1899995803833,12.880000114440918,107500,0.0,0.0
2025-01-28 00:00:00-05:00,12.970000267028809,13.289999961853027,11.0,11.210000038146973,128600,0.0,0.0
2025-01-29 00:00:00-05:00,11.369999885559082,12.989999771118164,11.25,12.390000343322754,49000,0.0,0.0
2025-01-30 00:00:00-05:00,11.829999923706055,13.699999809265137,11.829999923706055,12.8100004196167,91700,0.0,0.0
2025-01-31 00:00:00-05:00,12.75,13.5,10.951000213623047,12.949999809265137,131800,0.0,0.0
2025-02-03 00:00:00-05:00,12.5,12.758000373840332,10.045000076293945,11.579999923706055,172300,0.0,0.0
2025-02-04 00:00:00-05:00,11.489999771118164,12.09000015258789,11.350000381469727,12.079999923706055,41100,0.0,0.0
2025-02-05 00:00:00-05:00,12.0,12.0,8.649999618530273,10.279999732971191,380100,0.0,0.0
2025-02-06 00:00:00-05:00,10.300000190734863,11.0,9.6899995803833,10.779999732971191,58100,0.0,0.0
2025-02-07 00:00:00-05:00,10.649999618530273,11.75,10.029999732971191,11.34000015258789,36900,0.0,0.0
2025-02-10 00:00:00-05:00,11.600000381469727,11.989999771118164,11.100000381469727,11.569999694824219,55500,0.0,0.0
2025-02-11 00:00:00-05:00,11.569999694824219,12.230999946594238,11.40999984741211,11.789999961853027,37300,0.0,0.0
2025-02-12 00:00:00-05:00,11.5,12.5,11.5,12.3100004196167,24300,0.0,0.0
2025-02-13 00:00:00-05:00,12.5,12.951000213623047,11.729999542236328,12.335000038146973,51100,0.0,0.0
2025-02-14 00:00:00-05:00,12.25,12.6899995803833,11.850000381469727,12.449999809265137,38400,0.0,0.0
2025-02-18 00:00:00-05:00,12.720000267028809,13.5,11.90999984741211,13.170000076293945,106700,0.0,0.0
2025-02-19 00:00:00-05:00,13.199999809265137,13.5,12.25,13.199999809265137,185300,0.0,0.0
2025-02-20 00:00:00-05:00,12.970000267028809,13.0,9.270000457763672,11.029999732971191,151500,0.0,0.0
2025-02-21 00:00:00-05:00,10.859999656677246,11.140000343322754,9.8149995803833,10.520000457763672,89400,0.0,0.0
2025-02-24 00:00:00-05:00,10.550000190734863,10.875,9.300000190734863,9.890000343322754,52100,0.0,0.0
2025-02-25 00:00:00-05:00,9.399999618530273,9.75100040435791,9.3100004196167,9.3100004196167,47000,0.0,0.0
2025-02-26 00:00:00-05:00,9.270000457763672,11.789999961853027,9.20199966430664,11.279999732971191,129600,0.0,0.0
2025-02-27 00:00:00-05:00,11.550000190734863,11.550000190734863,10.460000038146973,10.460000038146973,23600,0.0,0.0
2025-02-28 00:00:00-05:00,11.300000190734863,11.300000190734863,10.449999809265137,10.75,38300,0.0,0.0
2025-03-03 00:00:00-05:00,10.0,11.579999923706055,9.47700023651123,10.5600004196167,86400,0.0,0.0
2025-03-04 00:00:00-05:00,10.5,11.5,10.109999656677246,11.0,40200,0.0,0.0
2025-03-05 00:00:00-05:00,10.619999885559082,11.0,10.619999885559082,10.800000190734863,11100,0.0,0.0
2025-03-06 00:00:00-05:00,10.5600004196167,10.949999809265137,10.25,10.25,17600,0.0,0.0
2025-03-07 00:00:00-05:00,10.125,10.593999862670898,10.0,10.593999862670898,19700,0.0,0.0
2025-03-10 00:00:00-04:00,10.015000343322754,11.0,10.015000343322754,10.899999618530273,19300,0.0,0.0
2025-03-11 00:00:00-04:00,11.039999961853027,11.75,10.899999618530273,11.010000228881836,55200,0.0,0.0
2025-03-12 00:00:00-04:00,11.0,11.350000381469727,10.880000114440918,11.100000381469727,21800,0.0,0.0
2025-03-13 00:00:00-04:00,11.300000190734863,11.300000190734863,10.29800033569336,10.449999809265137,21700,0.0,0.0
2025-03-14 00:00:00-04:00,10.5,11.399999618530273,10.5,11.0600004196167,35300,0.0,0.0
2025-03-17 00:00:00-04:00,11.0,11.390000343322754,7.840000152587891,8.5,215300,0.0,0.0
2025-03-18 00:00:00-04:00,9.140000343322754,9.720000267028809,8.375,9.399999618530273,203700,0.0,0.0
2025-03-19 00:00:00-04:00,9.5,9.699999809265137,9.100000381469727,9.430000305175781,23800,0.0,0.0
2025-03-20 00:00:00-04:00,9.3100004196167,10.289999961853027,9.3100004196167,9.800000190734863,42300,0.0,0.0
2025-03-21 00:00:00-04:00,9.890000343322754,9.989999771118164,9.182000160217285,9.5,30600,0.0,0.0
2025-03-24 00:00:00-04:00,9.460000038146973,9.970000267028809,9.260000228881836,9.40999984741211,44900,0.0,0.0
2025-03-25 00:00:00-04:00,9.369999885559082,9.760000228881836,9.236000061035156,9.460000038146973,19400,0.0,0.0
2025-03-26 00:00:00-04:00,9.460000038146973,9.732999801635742,9.300000190734863,9.40999984741211,21200,0.0,0.0
2025-03-27 00:00:00-04:00,9.529999732971191,9.75,9.3100004196167,9.3100004196167,10700,0.0,0.0
2025-03-28 00:00:00-04:00,9.550000190734863,9.663999557495117,9.005999565124512,9.380000114440918,12100,0.0,0.0
2025-03-31 00:00:00-04:00,9.369999885559082,9.369999885559082,9.039999961853027,9.369999885559082,8700,0.0,0.0
2025-04-01 00:00:00-04:00,9.329999923706055,9.479999542236328,9.180000305175781,9.470000267028809,9800,0.0,0.0
2025-04-02 00:00:00-04:00,9.32800006866455,9.5,9.25,9.479999542236328,15200,0.0,0.0
2025-04-03 00:00:00-04:00,9.399999618530273,9.98799991607666,9.354999542236328,9.75,25300,0.0,0.0
2025-04-04 00:00:00-04:00,9.329999923706055,9.899999618530273,9.149999618530273,9.670000076293945,55100,0.0,0.0
2025-04-07 00:00:00-04:00,9.5,9.670000076293945,9.199999809265137,9.25,37900,0.0,0.0
2025-04-08 00:00:00-04:00,9.25,9.489999771118164,9.069999694824219,9.300000190734863,19200,0.0,0.0
2025-04-09 00:00:00-04:00,9.199999809265137,9.553000450134277,9.100000381469727,9.373000144958496,35200,0.0,0.0
2025-04-10 00:00:00-04:00,9.420000076293945,9.597000122070312,9.350000381469727,9.399999618530273,15900,0.0,0.0
2025-04-11 00:00:00-04:00,9.649999618530273,9.649999618530273,9.399999618530273,9.399999618530273,12400,0.0,0.0
2025-04-14 00:00:00-04:00,9.449999809265137,9.649999618530273,9.319999694824219,9.399999618530273,44400,0.0,0.0
2025-04-15 00:00:00-04:00,9.369999885559082,9.399999618530273,9.220000267028809,9.319999694824219,4800,0.0,0.0
2025-04-16 00:00:00-04:00,9.319999694824219,9.399999618530273,9.199999809265137,9.274999618530273,24900,0.0,0.0
2025-04-17 00:00:00-04:00,9.300000190734863,10.25,9.163999557495117,10.0,68400,0.0,0.0
2025-04-21 00:00:00-04:00,10.0,11.399999618530273,10.0,11.194999694824219,31000,0.0,0.0
2025-04-22 00:00:00-04:00,11.199999809265137,11.687999725341797,11.15999984741211,11.600000381469727,42500,0.0,0.0
2025-04-23 00:00:00-04:00,11.5,11.630000114440918,11.300000190734863,11.5,17700,0.0,0.0
2025-04-24 00:00:00-04:00,11.399999618530273,12.5,11.399999618530273,12.470000267028809,56400,0.0,0.0
2025-04-25 00:00:00-04:00,11.0,11.170000076293945,6.260000228881836,7.699999809265137,717000,0.0,0.0
2025-04-28 00:00:00-04:00,7.789999961853027,9.100000381469727,7.159999847412109,8.970000267028809,197100,0.0,0.0
2025-04-29 00:00:00-04:00,8.680000305175781,11.173999786376953,7.409999847412109,9.920000076293945,287200,0.0,0.0
2025-04-30 00:00:00-04:00,10.0,10.0,7.0,8.399999618530273,321800,0.0,0.0
2025-05-01 00:00:00-04:00,8.600000381469727,8.600000381469727,8.100000381469727,8.300000190734863,35600,0.0,0.0
2025-05-02 00:00:00-04:00,8.130000114440918,8.49899959564209,7.75,8.149999618530273,50900,0.0,0.0
2025-05-05 00:00:00-04:00,8.100000381469727,8.430000305175781,7.929999828338623,8.100000381469727,27300,0.0,0.0
2025-05-06 00:00:00-04:00,8.260000228881836,8.34000015258789,7.809999942779541,8.319999694824219,22400,0.0,0.0
2025-05-07 00:00:00-04:00,8.390000343322754,8.420000076293945,8.239999771118164,8.270000457763672,28100,0.0,0.0
2025-05-08 00:00:00-04:00,8.270000457763672,8.86400032043457,8.270000457763672,8.760000228881836,26800,0.0,0.0
2025-05-09 00:00:00-04:00,8.760000228881836,9.59000015258789,8.760000228881836,9.5,94600,0.0,0.0
2025-05-12 00:00:00-04:00,9.329999923706055,10.859999656677246,9.329999923706055,9.899999618530273,61800,0.0,0.0
2025-05-13 00:00:00-04:00,10.050000190734863,10.25,9.529999732971191,9.850000381469727,12400,0.0,0.0
2025-05-14 00:00:00-04:00,9.850000381469727,9.850000381469727,9.3100004196167,9.3100004196167,26900,0.0,0.0
2025-05-15 00:00:00-04:00,9.229999542236328,9.729999542236328,9.109000205993652,9.59000015258789,11000,0.0,0.0
2025-05-16 00:00:00-04:00,9.34000015258789,10.0,9.34000015258789,9.8100004196167,16400,0.0,0.0
2025-05-19 00:00:00-04:00,9.8100004196167,9.946999549865723,9.555000305175781,9.720000267028809,11400,0.0,0.0
2025-05-20 00:00:00-04:00,9.576000213623047,10.0,9.576000213623047,9.65999984741211,10400,0.0,0.0
2025-05-21 00:00:00-04:00,9.6899995803833,10.140000343322754,9.6899995803833,9.8100004196167,35200,0.0,0.0
2025-05-22 00:00:00-04:00,10.020000457763672,10.399999618530273,10.0,10.270000457763672,36200,0.0,0.0
2025-05-23 00:00:00-04:00,10.0,10.40999984741211,9.680000305175781,10.40999984741211,25600,0.0,0.0
2025-05-27 00:00:00-04:00,9.920000076293945,10.40999984741211,9.1899995803833,9.1899995803833,96700,0.0,0.0
2025-05-28 00:00:00-04:00,9.145000457763672,9.289999961853027,8.949999809265137,9.0600004196167,23400,0.0,0.0
2025-05-29 00:00:00-04:00,9.399999618530273,9.85200023651123,9.319999694824219,9.5,5600,0.0,0.0
2025-05-30 00:00:00-04:00,9.479999542236328,9.5,9.140000343322754,9.149999618530273,12000,0.0,0.0
2025-06-02 00:00:00-04:00,9.454999923706055,9.454999923706055,9.15999984741211,9.300000190734863,4700,0.0,0.0
2025-06-03 00:00:00-04:00,9.819999694824219,9.819999694824219,9.210000038146973,9.539999961853027,22800,0.0,0.0
2025-06-04 00:00:00-04:00,9.25,9.649999618530273,9.25,9.475000381469727,26000,0.0,0.0
2025-06-05 00:00:00-04:00,9.34000015258789,9.350000381469727,8.850000381469727,8.850000381469727,12600,0.0,0.0
2025-06-06 00:00:00-04:00,8.699999809265137,9.480999946594238,8.550000190734863,8.949999809265137,35000,0.0,0.0
2025-06-09 00:00:00-04:00,8.989999771118164,8.989999771118164,8.633999824523926,8.75,31500,0.0,0.0
2025-06-10 00:00:00-04:00,8.649999618530273,9.399999618530273,8.649999618530273,9.140000343322754,39600,0.0,0.0
2025-06-11 00:00:00-04:00,9.0,9.0,8.5,8.670000076293945,27700,0.0,0.0
2025-06-12 00:00:00-04:00,8.770000457763672,8.770000457763672,8.399999618530273,8.399999618530273,14500,0.0,0.0
2025-06-13 00:00:00-04:00,8.5,8.5,8.020000457763672,8.359999656677246,18600,0.0,0.0
2025-06-16 00:00:00-04:00,8.25,8.619999885559082,8.199999809265137,8.229999542236328,5000,0.0,0.0
2025-06-17 00:00:00-04:00,8.229999542236328,8.229999542236328,7.985000133514404,8.210000038146973,14000,0.0,0.0
2025-06-18 00:00:00-04:00,8.010000228881836,8.010000228881836,7.5,7.71999979019165,33700,0.0,0.0
2025-06-20 00:00:00-04:00,7.849999904632568,7.849999904632568,6.800000190734863,7.559999942779541,42800,0.0,0.0
2025-06-23 00:00:00-04:00,7.730000019073486,7.730000019073486,6.909999847412109,7.050000190734863,47700,0.0,0.0
2025-06-24 00:00:00-04:00,7.25,7.679999828338623,7.201000213623047,7.650000095367432,28700,0.0,0.0
2025-06-25 00:00:00-04:00,7.789999961853027,8.862000465393066,7.650000095367432,8.199999809265137,70100,0.0,0.0
2025-06-26 00:00:00-04:00,8.020000457763672,8.376999855041504,7.880000114440918,8.029999732971191,42700,0.0,0.0
2025-06-27 00:00:00-04:00,8.039999961853027,8.282999992370605,7.61299991607666,7.78000020980835,18000,0.0,0.0
2025-06-30 00:00:00-04:00,7.5,7.980000019073486,7.210000038146973,7.800000190734863,81200,0.0,0.0
2025-07-01 00:00:00-04:00,7.889999866485596,7.889999866485596,7.360000133514404,7.389999866485596,24800,0.0,0.0
2025-07-02 00:00:00-04:00,7.659999847412109,7.659999847412109,7.25,7.480000019073486,26100,0.0,0.0
2025-07-03 00:00:00-04:00,7.755000114440918,7.755000114440918,7.409999847412109,7.539999961853027,20900,0.0,0.0
2025-07-07 00:00:00-04:00,7.599999904632568,7.760000228881836,7.46999979019165,7.730000019073486,36900,0.0,0.0
2025-07-08 00:00:00-04:00,7.71999979019165,8.305999755859375,7.71999979019165,8.279999732971191,64700,0.0,0.0
2025-07-09 00:00:00-04:00,8.34000015258789,9.899999618530273,8.34000015258789,9.140000343322754,116900,0.0,0.0
2025-07-10 00:00:00-04:00,9.236000061035156,9.5,9.182000160217285,9.5,23600,0.0,0.0
2025-07-11 00:00:00-04:00,9.5,9.510000228881836,9.234999656677246,9.470000267028809,16700,0.0,0.0
2025-07-14 00:00:00-04:00,9.5,10.0,9.399999618530273,9.899999618530273,38300,0.0,0.0
2025-07-15 00:00:00-04:00,9.65999984741211,9.895000457763672,9.399999618530273,9.84000015258789,13700,0.0,0.0
2025-07-16 00:00:00-04:00,9.890000343322754,9.890000343322754,9.399999618530273,9.774999618530273,28800,0.0,0.0
2025-07-17 00:00:00-04:00,9.829999923706055,11.699999809265137,9.755999565124512,11.260000228881836,142400,0.0,0.0
2025-07-18 00:00:00-04:00,11.399999618530273,11.399999618530273,10.581000328063965,10.680000305175781,39000,0.0,0.0
2025-07-21 00:00:00-04:00,10.699999809265137,11.0,10.510000228881836,10.699999809265137,33400,0.0,0.0
2025-07-22 00:00:00-04:00,10.774999618530273,10.989999771118164,10.0,10.90999984741211,68100,0.0,0.0
2025-07-23 00:00:00-04:00,11.09000015258789,12.800000190734863,11.09000015258789,12.3100004196167,100400,0.0,0.0
2025-07-24 00:00:00-04:00,12.59000015258789,12.800000190734863,11.520000457763672,11.90999984741211,131100,0.0,0.0
2025-07-25 00:00:00-04:00,12.1899995803833,12.1899995803833,11.300000190734863,11.630000114440918,73800,0.0,0.0
2025-07-28 00:00:00-04:00,12.710000038146973,12.710000038146973,11.748000144958496,12.0,77900,0.0,0.0
2025-07-29 00:00:00-04:00,12.0,12.0,10.800000190734863,11.149999618530273,59200,0.0,0.0
2025-07-30 00:00:00-04:00,11.050000190734863,11.241000175476074,10.600000381469727,10.920000076293945,61200,0.0,0.0
2025-07-31 00:00:00-04:00,10.989999771118164,11.458999633789062,10.550000190734863,10.600000381469727,40800,0.0,0.0
2025-08-01 00:00:00-04:00,10.390000343322754,10.75,10.154999732971191,10.720000267028809,23100,0.0,0.0
2025-08-04 00:00:00-04:00,10.779999732971191,11.595999717712402,10.5,11.550000190734863,64400,0.0,0.0
2025-08-05 00:00:00-04:00,11.404999732971191,11.699999809265137,11.036999702453613,11.050000190734863,31600,0.0,0.0
2025-08-06 00:00:00-04:00,11.050000190734863,11.390000343322754,10.701000213623047,11.085000038146973,43900,0.0,0.0
2025-08-07 00:00:00-04:00,10.9399995803833,11.135000228881836,10.510000228881836,10.600000381469727,24700,0.0,0.0
2025-08-08 00:00:00-04:00,10.920000076293945,11.15999984741211,10.710000038146973,11.15999984741211,47800,0.0,0.0
2025-08-11 00:00:00-04:00,11.279999732971191,11.576000213623047,11.0,11.0600004196167,41200,0.0,0.0
2025-08-12 00:00:00-04:00,11.100000381469727,11.619999885559082,10.812999725341797,11.180000305175781,54500,0.0,0.0
2025-08-13 00:00:00-04:00,11.199999809265137,11.300000190734863,10.859999656677246,10.859999656677246,41600,0.0,0.0
2025-08-14 00:00:00-04:00,11.15999984741211,11.574000358581543,10.972000122070312,11.479999542236328,48200,0.0,0.0
2025-08-15 00:00:00-04:00,12.0,14.460000038146973,11.5,13.970000267028809,133600,0.0,0.0
2025-08-18 00:00:00-04:00,14.170000076293945,14.699999809265137,13.319999694824219,14.654999732971191,51200,0.0,0.0
2025-08-19 00:00:00-04:00,14.49899959564209,14.567000389099121,13.3100004196167,13.574999809265137,57700,0.0,0.0
2025-08-20 00:00:00-04:00,13.850000381469727,13.850000381469727,13.100000381469727,13.609999656677246,41000,0.0,0.0
2025-08-21 00:00:00-04:00,13.5,14.390999794006348,13.220000267028809,13.430000305175781,40300,0.0,0.0
2025-08-22 00:00:00-04:00,13.420000076293945,13.989999771118164,13.40999984741211,13.460000038146973,44500,0.0,0.0
2025-08-25 00:00:00-04:00,13.699999809265137,14.09000015258789,13.359999656677246,13.654999732971191,37100,0.0,0.0
2025-08-26 00:00:00-04:00,13.755000114440918,13.755000114440918,13.210000038146973,13.210000038146973,37700,0.0,0.0
2025-08-27 00:00:00-04:00,13.260000228881836,13.75,13.199999809265137,13.319999694824219,19500,0.0,0.0
2025-08-28 00:00:00-04:00,13.489999771118164,13.59000015258789,12.5,12.65999984741211,33600,0.0,0.0
2025-08-29 00:00:00-04:00,12.970000267028809,13.506999969482422,12.579000473022461,13.324999809265137,41600,0.0,0.0
2025-09-02 00:00:00-04:00,12.960000038146973,13.350000381469727,12.850000381469727,12.9399995803833,32300,0.0,0.0
2025-09-03 00:00:00-04:00,12.9399995803833,12.9399995803833,12.420000076293945,12.829999923706055,40500,0.0,0.0
2025-09-04 00:00:00-04:00,12.890000343322754,12.942000389099121,11.8100004196167,11.885000228881836,37400,0.0,0.0
2025-09-05 00:00:00-04:00,12.550999641418457,12.550999641418457,11.763999938964844,12.270000457763672,36000,0.0,0.0
2025-09-08 00:00:00-04:00,12.390000343322754,12.994999885559082,12.074000358581543,12.949999809265137,51100,0.0,0.0
2025-09-09 00:00:00-04:00,13.119999885559082,13.529999732971191,12.395000457763672,12.850000381469727,70600,0.0,0.0
2025-09-10 00:00:00-04:00,12.640000343322754,12.880000114440918,12.302000045776367,12.510000228881836,38600,0.0,0.0
2025-09-11 00:00:00-04:00,12.279999732971191,12.489999771118164,12.09000015258789,12.430000305175781,32000,0.0,0.0
2025-09-12 00:00:00-04:00,12.649999618530273,13.130000114440918,12.5,13.010000228881836,33000,0.0,0.0
2025-09-15 00:00:00-04:00,13.0600004196167,13.246999740600586,12.630000114440918,12.789999961853027,24400,0.0,0.0
2025-09-16 00:00:00-04:00,12.520000457763672,13.0,12.5,12.5,32600,0.0,0.0
2025-09-17 00:00:00-04:00,12.555000305175781,12.913000106811523,12.5,12.600000381469727,62300,0.0,0.0
2025-09-18 00:00:00-04:00,12.875,12.875,12.442999839782715,12.550000190734863,54200,0.0,0.0
2025-09-19 00:00:00-04:00,13.029999732971191,13.880000114440918,12.770000457763672,13.880000114440918,155600,0.0,0.0
2025-09-22 00:00:00-04:00,14.0,15.789999961853027,13.859999656677246,15.739999771118164,122200,0.0,0.0
2025-09-23 00:00:00-04:00,15.5600004196167,19.190000534057617,15.5600004196167,17.850000381469727,185100,0.0,0.0
2025-09-24 00:00:00-04:00,18.290000915527344,18.540000915527344,16.040000915527344,16.280000686645508,89400,0.0,0.0
2025-09-25 00:00:00-04:00,15.510000228881836,17.625999450683594,15.399999618530273,16.65999984741211,45300,0.0,0.0
2025-09-26 00:00:00-04:00,16.329999923706055,17.840999603271484,16.329999923706055,17.5,35400,0.0,0.0
2025-09-29 00:00:00-04:00,17.5,18.0,15.75,16.510000228881836,53900,0.0,0.0
2025-09-30 00:00:00-04:00,17.350000381469727,18.25,16.559999465942383,17.459999084472656,74900,0.0,0.0
2025-10-01 00:00:00-04:00,17.309999465942383,17.309999465942383,16.399999618530273,16.65999984741211,39700,0.0,0.0
2025-10-02 00:00:00-04:00,16.260000228881836,16.81999969482422,16.0,16.6200008392334,47400,0.0,0.0
2025-10-03 00:00:00-04:00,16.860000610351562,17.392000198364258,16.402000427246094,17.0,48100,0.0,0.0
2025-10-06 00:00:00-04:00,16.770000457763672,18.149999618530273,16.760000228881836,17.68000030517578,82700,0.0,0.0
2025-10-07 00:00:00-04:00,17.790000915527344,17.902999877929688,16.5,16.690000534057617,50700,0.0,0.0
2025-10-08 00:00:00-04:00,16.530000686645508,17.0,16.299999237060547,16.309999465942383,34600,0.0,0.0
2025-10-09 00:00:00-04:00,16.8799991607666,16.8799991607666,16.0,16.15999984741211,47800,0.0,0.0
2025-10-10 00:00:00-04:00,16.010000228881836,16.989999771118164,15.5,15.699999809265137,54400,0.0,0.0
2025-10-13 00:00:00-04:00,15.609999656677246,15.781999588012695,14.899999618530273,15.550000190734863,52300,0.0,0.0
2025-10-14 00:00:00-04:00,15.699999809265137,16.170000076293945,15.0,15.53499984741211,46900,0.0,0.0
2025-10-15 00:00:00-04:00,15.829999923706055,15.920000076293945,15.045000076293945,15.289999961853027,22400,0.0,0.0
2025-10-16 00:00:00-04:00,15.489999771118164,15.5,14.59000015258789,15.0,51900,0.0,0.0
2025-10-17 00:00:00-04:00,15.0,15.399999618530273,14.649999618530273,15.380000114440918,26300,0.0,0.0
2025-10-20 00:00:00-04:00,15.369999885559082,15.369999885559082,14.869999885559082,15.130000114440918,9000,0.0,0.0
2025-10-21 00:00:00-04:00,14.85200023651123,15.140000343322754,14.75,15.010000228881836,17700,0.0,0.0
2025-10-22 00:00:00-04:00,15.119999885559082,15.152999877929688,14.699999809265137,14.994999885559082,20700,0.0,0.0
2025-10-23 00:00:00-04:00,15.0,16.5,14.899999618530273,15.850000381469727,64700,0.0,0.0
2025-10-24 00:00:00-04:00,16.030000686645508,16.030000686645508,14.755000114440918,15.0,57000,0.0,0.0
2025-10-27 00:00:00-04:00,14.998000144958496,15.274999618530273,14.789999961853027,15.039999961853027,12600,0.0,0.0
2025-10-28 00:00:00-04:00,14.895000457763672,15.350000381469727,14.680999755859375,15.234999656677246,32200,0.0,0.0
2025-10-29 00:00:00-04:00,15.09000015258789,15.40999984741211,14.65999984741211,14.960000038146973,16900,0.0,0.0
2025-10-30 00:00:00-04:00,14.789999961853027,15.300000190734863,14.5,15.289999961853027,17900,0.0,0.0
2025-10-31 00:00:00-04:00,15.479999542236328,15.479999542236328,14.746000289916992,15.220000267028809,29000,0.0,0.0
2025-11-03 00:00:00-05:00,15.479999542236328,15.479999542236328,14.95199966430664,15.430000305175781,26500,0.0,0.0
2025-11-04 00:00:00-05:00,15.40999984741211,15.489999771118164,14.619999885559082,14.75,25500,0.0,0.0
2025-11-05 00:00:00-05:00,14.600000381469727,15.239999771118164,14.550000190734863,14.640000343322754,11700,0.0,0.0
2025-11-06 00:00:00-05:00,14.550000190734863,15.239999771118164,13.75,13.949999809265137,47700,0.0,0.0
2025-11-07 00:00:00-05:00,13.359999656677246,13.899999618530273,13.0,13.710000038146973,55700,0.0,0.0
2025-11-10 00:00:00-05:00,14.619999885559082,15.083000183105469,14.0600004196167,14.520000457763672,40000,0.0,0.0
2025-11-11 00:00:00-05:00,14.3100004196167,14.800000190734863,14.25,14.300000190734863,21600,0.0,0.0
2025-11-12 00:00:00-05:00,14.300000190734863,15.069999694824219,13.663999557495117,14.510000228881836,29400,0.0,0.0
2025-11-13 00:00:00-05:00,14.979999542236328,14.979999542236328,13.649999618530273,14.149999618530273,17700,0.0,0.0
2025-11-14 00:00:00-05:00,14.149999618530273,14.800000190734863,13.819999694824219,14.555000305175781,10800,0.0,0.0
2025-11-17 00:00:00-05:00,14.720000267028809,16.5,14.21500015258789,15.149999618530273,246300,0.0,0.0
2025-11-18 00:00:00-05:00,15.300000190734863,17.1299991607666,15.050000190734863,17.0,77200,0.0,0.0
2025-11-19 00:00:00-05:00,16.549999237060547,17.0,15.510000228881836,15.960000038146973,34400,0.0,0.0
2025-11-20 00:00:00-05:00,16.174999237060547,16.639999389648438,16.049999237060547,16.309999465942383,58500,0.0,0.0
2025-11-21 00:00:00-05:00,16.639999389648438,17.0,15.520000457763672,16.809999465942383,54100,0.0,0.0
2025-11-24 00:00:00-05:00,16.799999237060547,18.0,16.405000686645508,17.649999618530273,67900,0.0,0.0
2025-11-25 00:00:00-05:00,17.5,17.889999389648438,17.5,17.639999389648438,13600,0.0,0.0
2025-11-26 00:00:00-05:00,17.690000534057617,21.40999984741211,17.25,18.799999237060547,298800,0.0,0.0
2025-11-28 00:00:00-05:00,19.18000030517578,19.350000381469727,18.5,18.729999542236328,40900,0.0,0.0
2025-12-01 00:00:00-05:00,18.889999389648438,18.889999389648438,16.25,16.8700008392334,61000,0.0,0.0
2025-12-02 00:00:00-05:00,17.0,17.114999771118164,15.949999809265137,15.960000038146973,64600,0.0,0.0
2025-12-03 00:00:00-05:00,15.960000038146973,16.700000762939453,15.395000457763672,15.920000076293945,138800,0.0,0.0
2025-12-04 00:00:00-05:00,15.779999732971191,16.799999237060547,15.779999732971191,16.420000076293945,73800,0.0,0.0
2025-12-05 00:00:00-05:00,16.5,16.625,15.630000114440918,15.699999809265137,80100,0.0,0.0
2025-12-08 00:00:00-05:00,15.880000114440918,16.1200008392334,15.149999618530273,15.399999618530273,63700,0.0,0.0
2025-12-09 00:00:00-05:00,15.460000038146973,16.45199966430664,15.145000457763672,15.609999656677246,89000,0.0,0.0
2025-12-10 00:00:00-05:00,15.845000267028809,16.059999465942383,15.0,15.050000190734863,157700,0.0,0.0
2025-12-11 00:00:00-05:00,15.229999542236328,16.479999542236328,14.8149995803833,16.239999771118164,113600,0.0,0.0
2025-12-12 00:00:00-05:00,16.149999618530273,16.600000381469727,15.130000114440918,15.130000114440918,107600,0.0,0.0
2025-12-15 00:00:00-05:00,15.020000457763672,15.65999984741211,14.699999809265137,15.09000015258789,177800,0.0,0.0
2025-12-16 00:00:00-05:00,15.25,15.25,13.609999656677246,14.430000305175781,192600,0.0,0.0
2025-12-17 00:00:00-05:00,14.4399995803833,14.87600040435791,13.824999809265137,14.5,165600,0.0,0.0
2025-12-18 00:00:00-05:00,14.5,14.880999565124512,13.920000076293945,14.640000343322754,168700,0.0,0.0
2025-12-19 00:00:00-05:00,14.579999923706055,14.805000305175781,14.0,14.65999984741211,193600,0.0,0.0
2025-12-22 00:00:00-05:00,14.600000381469727,15.529999732971191,14.600000381469727,15.319999694824219,65000,0.0,0.0
2025-12-23 00:00:00-05:00,15.145000457763672,15.149999618530273,14.65999984741211,14.920000076293945,54900,0.0,0.0
2025-12-24 00:00:00-05:00,14.819999694824219,15.399999618530273,14.71500015258789,15.15999984741211,53800,0.0,0.0
2025-12-26 00:00:00-05:00,15.25,15.25,14.300000190734863,14.649999618530273,57200,0.0,0.0
2025-12-29 00:00:00-05:00,14.670000076293945,14.949999809265137,14.5,14.75,31300,0.0,0.0
2025-12-30 00:00:00-05:00,14.493000030517578,15.0,14.493000030517578,14.699999809265137,52600,0.0,0.0
2025-12-31 00:00:00-05:00,14.630000114440918,15.119999885559082,14.0,14.25,55000,0.0,0.0
2026-01-02 00:00:00-05:00,14.4399995803833,14.649999618530273,13.880000114440918,14.640000343322754,48200,0.0,0.0
2026-01-05 00:00:00-05:00,14.779999732971191,14.9399995803833,14.300000190734863,14.789999961853027,34900,0.0,0.0
2026-01-06 00:00:00-05:00,15.0,15.25,14.600000381469727,15.170000076293945,32400,0.0,0.0
2026-01-07 00:00:00-05:00,15.270000457763672,16.045000076293945,15.100000381469727,15.25,104500,0.0,0.0
2026-01-08 00:00:00-05:00,15.34000015258789,15.619999885559082,14.510000228881836,14.699999809265137,66700,0.0,0.0
2026-01-09 00:00:00-05:00,14.6899995803833,14.979999542236328,14.119999885559082,14.300000190734863,39200,0.0,0.0
2026-01-12 00:00:00-05:00,14.399999618530273,14.680000305175781,13.739999771118164,13.869999885559082,60500,0.0,0.0
2026-01-13 00:00:00-05:00,14.03499984741211,14.770000457763672,14.03499984741211,14.380000114440918,79600,0.0,0.0
2026-01-14 00:00:00-05:00,14.109999656677246,14.585000038146973,14.0,14.130000114440918,26700,0.0,0.0
2026-01-15 00:00:00-05:00,14.279999732971191,14.300000190734863,13.5,13.649999618530273,86000,0.0,0.0
2026-01-16 00:00:00-05:00,13.65999984741211,14.6899995803833,12.630000114440918,12.670000076293945,76200,0.0,0.0
2026-01-20 00:00:00-05:00,12.699999809265137,13.390000343322754,11.25,12.364999771118164,83600,0.0,0.0
2026-01-21 00:00:00-05:00,13.42199993133545,13.449999809265137,12.524999618530273,13.289999961853027,28400,0.0,0.0
2026-01-22 00:00:00-05:00,13.180000305175781,14.515000343322754,13.149999618530273,14.515000343322754,51600,0.0,0.0
2026-01-23 00:00:00-05:00,14.168999671936035,14.4399995803833,13.720999717712402,14.0,52700,0.0,0.0
2026-01-26 00:00:00-05:00,13.880000114440918,13.930000305175781,13.085000038146973,13.930000305175781,18100,0.0,0.0
2026-01-27 00:00:00-05:00,13.779999732971191,13.779999732971191,13.25,13.300000190734863,31300,0.0,0.0
2026-01-28 00:00:00-05:00,13.319999694824219,14.298999786376953,13.25,13.5600004196167,30700,0.0,0.0
2026-01-29 00:00:00-05:00,13.680000305175781,14.300000190734863,13.305000305175781,13.609999656677246,70000,0.0,0.0
2026-01-30 00:00:00-05:00,13.805999755859375,13.930000305175781,13.25,13.859999656677246,46300,0.0,0.0
2026-02-02 00:00:00-05:00,13.90999984741211,15.9399995803833,13.895000457763672,14.145000457763672,135400,0.0,0.0
2026-02-03 00:00:00-05:00,14.239999771118164,14.4399995803833,13.220000267028809,13.739999771118164,62500,0.0,0.0
2026-02-04 00:00:00-05:00,13.449999809265137,14.0,12.699999809265137,13.210000038146973,94700,0.0,0.0
2026-02-05 00:00:00-05:00,13.100000381469727,13.100000381469727,10.489999771118164,10.609999656677246,150100,0.0,0.0
2026-02-06 00:00:00-05:00,10.529999732971191,11.762999534606934,10.529999732971191,11.270000457763672,72100,0.0,0.0
2026-02-09 00:00:00-05:00,12.220000267028809,12.369999885559082,10.8100004196167,12.260000228881836,63900,0.0,0.0
2026-02-10 00:00:00-05:00,11.9399995803833,12.850000381469727,11.899999618530273,12.180000305175781,42000,0.0,0.0
2026-02-11 00:00:00-05:00,12.130000114440918,12.420000076293945,11.614999771118164,11.989999771118164,49100,0.0,0.0
2026-02-12 00:00:00-05:00,11.920000076293945,11.989999771118164,11.380000114440918,11.819999694824219,69800,0.0,0.0
2026-02-13 00:00:00-05:00,11.630000114440918,12.399999618530273,11.630000114440918,12.109999656677246,35300,0.0,0.0
2026-02-17 00:00:00-05:00,12.295000076293945,12.295000076293945,11.444999694824219,12.0,20400,0.0,0.0
2026-02-18 00:00:00-05:00,12.0,12.039999961853027,11.0,11.460000038146973,59700,0.0,0.0
2026-02-19 00:00:00-05:00,11.770000457763672,11.829999923706055,11.350000381469727,11.569999694824219,34400,0.0,0.0
2026-02-20 00:00:00-05:00,11.329999923706055,11.899999618530273,11.15999984741211,11.489999771118164,20300,0.0,0.0
2026-02-23 00:00:00-05:00,11.350000381469727,11.779999732971191,11.3100004196167,11.569999694824219,18200,0.0,0.0
2026-02-24 00:00:00-05:00,11.954999923706055,12.479999542236328,11.600000381469727,12.0600004196167,42200,0.0,0.0
2026-02-25 00:00:00-05:00,12.215999603271484,12.699999809265137,11.979999542236328,12.449999809265137,44600,0.0,0.0
2026-02-26 00:00:00-05:00,12.6899995803833,12.6899995803833,12.114999771118164,12.329999923706055,9000,0.0,0.0
2026-02-27 00:00:00-05:00,12.3100004196167,12.3100004196167,11.569999694824219,12.03499984741211,13900,0.0,0.0
2026-03-02 00:00:00-05:00,11.649999618530273,12.045000076293945,11.329999923706055,11.600000381469727,24300,0.0,0.0
2026-03-03 00:00:00-05:00,11.600000381469727,11.600000381469727,11.15999984741211,11.4399995803833,8500,0.0,0.0
2026-03-04 00:00:00-05:00,11.579999923706055,12.979999542236328,11.489999771118164,12.979999542236328,50700,0.0,0.0
2026-03-05 00:00:00-05:00,13.1899995803833,13.460000038146973,12.130000114440918,12.460000038146973,41600,0.0,0.0
2026-03-06 00:00:00-05:00,12.460000038146973,13.1899995803833,12.210000038146973,13.1899995803833,73600,0.0,0.0
2026-03-09 00:00:00-04:00,13.390000343322754,14.0,11.789999961853027,12.729999542236328,138100,0.0,0.0
2026-03-10 00:00:00-04:00,12.880000114440918,13.0,12.510000228881836,12.625,52700,0.0,0.0
2026-03-11 00:00:00-04:00,12.649999618530273,12.649999618530273,11.5,12.479999542236328,87700,0.0,0.0
2026-03-12 00:00:00-04:00,12.180000305175781,12.699999809265137,11.850000381469727,12.069999694824219,42300,0.0,0.0
2026-03-13 00:00:00-04:00,12.470000267028809,12.59000015258789,11.0,12.039999961853027,68500,0.0,0.0
2026-03-16 00:00:00-04:00,12.130000114440918,12.149999618530273,11.739999771118164,12.0,34500,0.0,0.0
2026-03-17 00:00:00-04:00,11.5,12.09000015258789,11.5,11.699999809265137,21800,0.0,0.0
2026-03-18 00:00:00-04:00,12.600000381469727,12.600000381469727,10.850000381469727,11.109999656677246,56000,0.0,0.0
2026-03-19 00:00:00-04:00,11.98799991607666,11.98799991607666,10.940999984741211,11.300000190734863,23700,0.0,0.0
2026-03-20 00:00:00-04:00,11.010000228881836,11.300000190734863,10.53600025177002,11.300000190734863,94400,0.0,0.0
2026-03-23 00:00:00-04:00,11.300000190734863,11.300000190734863,10.850000381469727,11.0600004196167,24600,0.0,0.0
2026-03-24 00:00:00-04:00,11.0600004196167,11.0600004196167,9.779999732971191,10.399999618530273,68100,0.0,0.0
2026-03-25 00:00:00-04:00,10.399999618530273,11.460000038146973,10.310999870300293,11.1899995803833,31100,0.0,0.0
2026-03-26 00:00:00-04:00,10.960000038146973,11.234999656677246,10.75,10.920000076293945,20700,0.0,0.0
2026-03-27 00:00:00-04:00,11.0,11.989999771118164,10.399999618530273,10.680000305175781,31400,0.0,0.0
2026-03-30 00:00:00-04:00,10.59000015258789,10.994999885559082,10.069999694824219,10.720000267028809,35300,0.0,0.0
2026-03-31 00:00:00-04:00,11.210000038146973,11.305000305175781,10.90999984741211,11.220000267028809,16200,0.0,0.0
2026-04-01 00:00:00-04:00,11.420000076293945,11.75,11.25100040435791,11.279999732971191,23500,0.0,0.0
2026-04-02 00:00:00-04:00,11.09000015258789,11.979999542236328,11.039999961853027,11.979999542236328,17400,0.0,0.0
2026-04-06 00:00:00-04:00,12.0,12.25,11.550000190734863,11.6899995803833,53300,0.0,0.0
2026-04-07 00:00:00-04:00,11.479999542236328,12.0,10.40999984741211,10.460000038146973,107800,0.0,0.0
2026-04-08 00:00:00-04:00,10.850000381469727,11.09000015258789,10.199999809265137,10.850000381469727,64900,0.0,0.0
2026-04-09 00:00:00-04:00,10.9399995803833,12.670000076293945,10.9399995803833,12.619999885559082,86500,0.0,0.0
2026-04-10 00:00:00-04:00,12.510000228881836,12.63599967956543,11.880000114440918,11.949999809265137,18500,0.0,0.0
2026-04-13 00:00:00-04:00,11.899999618530273,12.49899959564209,11.510000228881836,12.100000381469727,22800,0.0,0.0
2026-04-14 00:00:00-04:00,12.029999732971191,12.4399995803833,11.880000114440918,12.4399995803833,24200,0.0,0.0
2026-04-15 00:00:00-04:00,12.225000381469727,12.989999771118164,12.225000381469727,12.989999771118164,20800,0.0,0.0
2026-04-16 00:00:00-04:00,12.819999694824219,13.989999771118164,12.539999961853027,13.710000038146973,62700,0.0,0.0
2026-04-17 00:00:00-04:00,13.989999771118164,14.710000038146973,13.989999771118164,14.649999618530273,47100,0.0,0.0
2026-04-20 00:00:00-04:00,14.359999656677246,16.0,13.899999618530273,15.539999961853027,163000,0.0,0.0
2026-04-21 00:00:00-04:00,15.90999984741211,16.100000381469727,14.75,14.930000305175781,107600,0.0,0.0
2026-04-22 00:00:00-04:00,15.199999809265137,15.199999809265137,14.760000228881836,15.100000381469727,42900,0.0,0.0
2026-04-23 00:00:00-04:00,15.1899995803833,16.329999923706055,15.0,16.209999084472656,96900,0.0,0.0
2026-04-24 00:00:00-04:00,16.229999542236328,17.270000457763672,15.869999885559082,16.399999618530273,111900,0.0,0.0
2026-04-27 00:00:00-04:00,18.799999237060547,18.799999237060547,9.0,15.199999809265137,207900,0.0,0.0
2026-04-28 00:00:00-04:00,14.010000228881836,15.550000190734863,12.510000228881836,15.024999618530273,206000,0.0,0.0
2026-04-29 00:00:00-04:00,14.8100004196167,16.125,14.0600004196167,15.699999809265137,168900,0.0,0.0
2026-04-30 00:00:00-04:00,15.220000267028809,16.739999771118164,15.220000267028809,15.960000038146973,107800,0.0,0.0
2026-05-01 00:00:00-04:00,15.958000183105469,16.0,14.130000114440918,14.449999809265137,140900,0.0,0.0
2026-05-04 00:00:00-04:00,14.270000457763672,14.600000381469727,13.369999885559082,14.079999923706055,204400,0.0,0.0
2026-05-05 00:00:00-04:00,14.15999984741211,15.079999923706055,13.659000396728516,13.819999694824219,145900,0.0,0.0
2026-05-06 00:00:00-04:00,14.0,14.59000015258789,13.25,13.989999771118164,162900,0.0,0.0
2026-05-07 00:00:00-04:00,14.0,14.0,12.869999885559082,12.979999542236328,181100,0.0,0.0
2026-05-08 00:00:00-04:00,13.220000267028809,13.25,12.369999885559082,12.46500015258789,193400,0.0,0.0
2026-05-11 00:00:00-04:00,12.399999618530273,13.039999961853027,11.800000190734863,12.050000190734863,151300,0.0,0.0
2026-05-12 00:00:00-04:00,11.779999732971191,12.479999542236328,11.380000114440918,12.140000343322754,134600,0.0,0.0
2026-05-13 00:00:00-04:00,11.899999618530273,12.930000305175781,11.100000381469727,11.300000190734863,145600,0.0,0.0
2026-05-14 00:00:00-04:00,11.380000114440918,11.470000267028809,9.0,9.84000015258789,254000,0.0,0.0
2026-05-15 00:00:00-04:00,9.84000015258789,9.880000114440918,8.930000305175781,9.25,173000,0.0,0.0
2026-05-18 00:00:00-04:00,9.300000190734863,9.63700008392334,8.895000457763672,9.380000114440918,160100,0.0,0.0
2026-05-19 00:00:00-04:00,9.5,10.4399995803833,9.039999961853027,9.59000015258789,238100,0.0,0.0
2026-05-20 00:00:00-04:00,9.359999656677246,9.699999809265137,8.520000457763672,8.670000076293945,213400,0.0,0.0
2026-05-21 00:00:00-04:00,8.539999961853027,8.800000190734863,7.994999885559082,8.15999984741211,284000,0.0,0.0
2026-05-22 00:00:00-04:00,8.210000038146973,9.154999732971191,8.15999984741211,8.979999542236328,228700,0.0,0.0
2026-05-26 00:00:00-04:00,8.739999771118164,9.880000114440918,8.670000076293945,9.470000267028809,308600,0.0,0.0
2026-05-27 00:00:00-04:00,9.8100004196167,10.571000099182129,9.569999694824219,9.979999542236328,354900,0.0,0.0
2026-05-28 00:00:00-04:00,9.90999984741211,9.90999984741211,8.664999961853027,8.90999984741211,296100,0.0,0.0
2026-05-29 00:00:00-04:00,8.800000190734863,9.380000114440918,8.510000228881836,9.3100004196167,214700,0.0,0.0
2026-06-01 00:00:00-04:00,9.210000038146973,10.8149995803833,9.204999923706055,10.5600004196167,332400,0.0,0.0
2026-06-02 00:00:00-04:00,10.619999885559082,11.489999771118164,9.77299976348877,11.140000343322754,498100,0.0,0.0
2026-06-03 00:00:00-04:00,10.850000381469727,11.399999618530273,9.989999771118164,10.6899995803833,344000,0.0,0.0
2026-06-04 00:00:00-04:00,10.744999885559082,11.399999618530273,10.46500015258789,10.890000343322754,242400,0.0,0.0
2026-06-05 00:00:00-04:00,10.890000343322754,11.5,9.90999984741211,10.119999885559082,231000,0.0,0.0
2026-06-08 00:00:00-04:00,10.369999885559082,10.380000114440918,9.75,10.079999923706055,211500,0.0,0.0
2026-06-09 00:00:00-04:00,10.010000228881836,10.850000381469727,9.732000350952148,10.329999923706055,261600,0.0,0.0
2026-06-10 00:00:00-04:00,10.149999618530273,11.140000343322754,10.109999656677246,10.390000343322754,224400,0.0,0.0
2026-06-11 00:00:00-04:00,10.229999542236328,11.5,10.199999809265137,10.899999618530273,258100,0.0,0.0
2026-06-12 00:00:00-04:00,10.710000038146973,11.350000381469727,10.710000038146973,10.925000190734863,164700,0.0,0.0
2026-06-15 00:00:00-04:00,10.930000305175781,12.9399995803833,10.880000114440918,12.770000457763672,344300,0.0,0.0
2026-06-16 00:00:00-04:00,12.520000457763672,15.185999870300293,12.520000457763672,14.869999885559082,857500,0.0,0.0
2026-06-17 00:00:00-04:00,14.890000343322754,15.890000343322754,14.265000343322754,15.59000015258789,786100,0.0,0.0
2026-06-18 00:00:00-04:00,15.380000114440918,16.850000381469727,15.281000137329102,16.729999542236328,1111500,0.0,0.0
2026-06-22 00:00:00-04:00,16.6200008392334,16.6200008392334,14.020000457763672,14.710000038146973,863400,0.0,0.0
2026-06-23 00:00:00-04:00,14.020000457763672,14.449999809265137,12.0,13.380000114440918,895400,0.0,0.0
2026-06-24 00:00:00-04:00,13.109999656677246,14.029999732971191,12.557000160217285,13.5600004196167,326700,0.0,0.0
2026-06-25 00:00:00-04:00,13.399999618530273,13.640000343322754,11.819999694824219,12.199999809265137,379300,0.0,0.0
2026-06-26 00:00:00-04:00,11.760000228881836,12.555000305175781,11.079999923706055,12.460000038146973,5686600,0.0,0.0
2026-06-29 00:00:00-04:00,12.600000381469727,13.0,11.029999732971191,11.670000076293945,671000,0.0,0.0
2026-06-30 00:00:00-04:00,11.479999542236328,11.5,9.890000343322754,10.579999923706055,614900,0.0,0.0
2026-07-01 00:00:00-04:00,10.1899995803833,12.1899995803833,10.135000228881836,12.020000457763672,463300,0.0,0.0
2026-07-02 00:00:00-04:00,11.760000228881836,11.989999771118164,10.800000190734863,10.989999771118164,508500,0.0,0.0
2026-07-06 00:00:00-04:00,10.9399995803833,11.555000305175781,10.09000015258789,10.989999771118164,499500,0.0,0.0
2026-07-07 00:00:00-04:00,10.65999984741211,11.03499984741211,8.475000381469727,8.489999771118164,650900,0.0,0.0
2026-07-08 00:00:00-04:00,8.510000228881836,8.524999618530273,6.940000057220459,7.039999961853027,631500,0.0,0.0
2026-07-09 00:00:00-04:00,7.360000133514404,8.630000114440918,7.230000019073486,8.489999771118164,634700,0.0,0.0
2026-07-10 00:00:00-04:00,8.350000381469727,8.65999984741211,7.699999809265137,8.5600004196167,326400,0.0,0.0
2026-07-13 00:00:00-04:00,8.279999732971191,8.789999961853027,7.150000095367432,7.199999809265137,476300,0.0,0.0
2026-07-14 00:00:00-04:00,7.5,7.5,5.28000020980835,5.599999904632568,1172800,0.0,0.0
2026-07-15 00:00:00-04:00,5.590000152587891,5.75,4.349999904632568,5.170000076293945,1569637,0.0,0.0
