Date,Open,High,Low,Close,Volume,Dividends,Stock Splits
2022-01-03 00:00:00-05:00,20.3514277607033,20.779146262142852,20.3514277607033,20.610048294067383,187400,0.0,0.0
2022-01-04 00:00:00-05:00,20.610049107732294,21.14718452066958,20.610049107732294,20.808988571166992,184300,0.0,0.0
2022-01-05 00:00:00-05:00,19.714825488445832,20.54042104360426,19.704878325464726,19.91376495361328,210400,0.0,0.0
2022-01-06 00:00:00-05:00,20.072915965863483,20.35142894318633,19.893870824883155,19.963499069213867,186500,0.0,0.0
2022-01-07 00:00:00-05:00,20.10275607814081,20.56031610551315,20.0331278320081,20.281801223754883,197600,0.0,0.0
2022-01-10 00:00:00-05:00,20.0231785776064,20.242012353715822,19.84413534791762,19.953550338745117,194000,0.0,0.0
2022-01-11 00:00:00-05:00,19.94360298676941,20.22211783679289,19.734718272172195,20.182331085205078,148700,0.0,0.0
2022-01-12 00:00:00-05:00,20.291749108304654,20.361377356912108,19.97344745911203,19.983394622802734,160200,0.0,0.0
2022-01-13 00:00:00-05:00,20.102755141230357,20.361375684261017,20.092809875584123,20.14254379272461,105000,0.0,0.0
2022-01-14 00:00:00-05:00,19.953552647378515,20.082863874991297,19.854082910113476,20.053022384643555,132100,0.0,0.0
2022-01-18 00:00:00-05:00,19.87397652155172,19.993340581418167,19.635250299046195,19.684986114501953,225200,0.0,0.0
2022-01-19 00:00:00-05:00,19.575570590303478,19.704879925100464,18.948912552213258,18.9787540435791,155400,0.0,0.0
2022-01-20 00:00:00-05:00,19.06827458089041,19.137902822735715,18.16310364244683,18.202890396118164,153800,0.0,0.0
2022-01-21 00:00:00-05:00,18.26257337246611,18.799706879006543,18.083528237876866,18.202890396118164,211900,0.0,0.0
2022-01-24 00:00:00-05:00,17.904484181821495,18.96880599351783,17.864695528526067,18.948911666870117,296500,0.0,0.0
2022-01-25 00:00:00-05:00,18.70023624589507,18.730077732627908,17.944270887601963,18.451562881469727,181900,0.0,0.0
2022-01-26 00:00:00-05:00,18.630608138861255,18.700236377835264,17.675703323399624,17.834854125976562,157400,0.0,0.0
2022-01-27 00:00:00-05:00,17.745332804798224,18.182998491141213,17.11867481570278,17.297719955444336,194400,0.0,0.0
2022-01-28 00:00:00-05:00,17.42702981077545,17.42702981077545,16.820266195282667,17.337507247924805,201800,0.0,0.0
2022-01-31 00:00:00-05:00,17.098781975895417,17.77517386655922,17.098781975895417,17.755279541015625,245500,0.0,0.0
2022-02-01 00:00:00-05:00,17.41708339000001,17.914430139352742,17.41708339000001,17.705543518066406,193200,0.0,0.0
2022-02-02 00:00:00-05:00,17.705545171017192,17.785120582453526,17.247987029565152,17.54639434814453,199200,0.0,0.0
2022-02-03 00:00:00-05:00,17.466817044509973,17.69559798767938,17.257932323578597,17.267879486083984,163700,0.0,0.0
2022-02-04 00:00:00-05:00,17.12862022468706,17.42702939277403,16.989363751249435,17.238037109375,188400,0.0,0.0
2022-02-07 00:00:00-05:00,17.198252119790006,17.466817932174987,17.168410630757297,17.297719955444336,179200,0.0,0.0
2022-02-08 00:00:00-05:00,17.397190747468184,17.67570563704743,17.307668172147267,17.655811309814453,127600,0.0,0.0
2022-02-09 00:00:00-05:00,17.725438653657974,17.91443095827506,17.546393512149937,17.904483795166016,187200,0.0,0.0
2022-02-10 00:00:00-05:00,17.556340792534634,17.844802832941696,17.15846375165195,17.17835807800293,224100,0.0,0.0
2022-02-11 00:00:00-05:00,17.327560702566288,17.367347455679006,16.700904637529604,16.929683685302734,177400,0.0,0.0
2022-02-14 00:00:00-05:00,17.03909991419004,17.26788087577132,16.820268013142087,16.9495792388916,211200,0.0,0.0
2022-02-15 00:00:00-05:00,17.198253060190073,17.705545120893397,17.198253060190073,17.436979293823242,173300,0.0,0.0
2022-02-16 00:00:00-05:00,17.35740184622057,17.566286564682684,17.247984957181995,17.496658325195312,129500,0.0,0.0
2022-02-17 00:00:00-05:00,17.28777376371474,17.317615254424037,17.06894185686226,17.158464431762695,100300,0.0,0.0
2022-02-18 00:00:00-05:00,17.019205907139987,17.50660548058396,16.7904249667665,17.218143463134766,169400,0.0,0.0
2022-02-22 00:00:00-05:00,17.019208306143966,17.20819872639475,16.74069341181952,16.87000274658203,164800,0.0,0.0
2022-02-23 00:00:00-05:00,17.049046682540233,17.088835334842162,16.521860320131204,16.57159423828125,104700,0.0,0.0
2022-02-24 00:00:00-05:00,16.312972952878173,16.84016118869289,16.16376930794262,16.76058578491211,148500,0.0,0.0
2022-02-25 00:00:00-05:00,16.889895778660875,17.178357814645594,16.730744964747704,17.019207000732422,112600,0.0,0.0
2022-02-28 00:00:00-05:00,16.899843870631152,17.19825308604176,16.899843870631152,17.158464431762695,224700,0.0,0.0
2022-03-01 00:00:00-05:00,17.039099163397026,17.277827277765155,16.6312749719614,16.860055923461914,238700,0.0,0.0
2022-03-02 00:00:00-05:00,17.01920657471495,17.496659004503076,16.810319950915577,17.476764678955078,193200,0.0,0.0
2022-03-03 00:00:00-05:00,17.526500488946194,17.755279541015625,17.466817512315405,17.755279541015625,149700,0.0,0.0
2022-03-04 00:00:00-05:00,17.496660177228424,18.06363521275712,17.436979093811573,18.053688049316406,163400,0.0,0.0
2022-03-07 00:00:00-05:00,18.073581683631957,18.68034534967279,18.03379303139377,18.352096557617188,284500,0.0,0.0
2022-03-08 00:00:00-05:00,18.52119612612837,18.938967524378707,18.272522719960964,18.749975204467773,232400,0.0,0.0
2022-03-09 00:00:00-05:00,19.108060434150467,19.416416772402577,18.769866403584995,19.287105560302734,220600,0.0,0.0
2022-03-10 00:00:00-05:00,18.978751119277835,19.356733798867015,18.869334231689844,19.287105560302734,227800,0.0,0.0
2022-03-11 00:00:00-05:00,19.40647118725145,19.804348223686738,19.068275231974614,19.297054290771484,232800,0.0,0.0
2022-03-14 00:00:00-04:00,19.456206282663423,19.47610060999586,18.92901988894626,19.20753288269043,306300,0.0,0.0
2022-03-15 00:00:00-04:00,19.356735838656412,19.565622473588682,19.26721516337391,19.50594139099121,233200,0.0,0.0
2022-03-16 00:00:00-04:00,19.605408479426853,19.744666863129137,19.078222125070365,19.416418075561523,226800,0.0,0.0
2022-03-17 00:00:00-04:00,19.326895488579794,19.714825356102104,19.27715967400813,19.694931030273438,133300,0.0,0.0
2022-03-18 00:00:00-04:00,19.734721558717588,20.013236455123877,19.52583491210599,19.973447799682617,362900,0.0,0.0
2022-03-21 00:00:00-04:00,19.824241160680685,20.172384254626557,19.53577914371126,19.893869400024414,339300,0.0,0.0
2022-03-22 00:00:00-04:00,20.033126831054688,20.24201345624324,19.873976020066895,20.033126831054688,344800,0.0,0.0
2022-03-23 00:00:00-04:00,21.594797354430373,22.271189312536183,20.30169642080044,20.97808837890625,642300,0.0,0.0
2022-03-24 00:00:00-04:00,20.978086995562506,21.46548660447437,20.729413609552733,21.296388626098633,319300,0.0,0.0
2022-03-25 00:00:00-04:00,21.405804626620714,21.883257052430093,21.366015975856286,21.823575973510742,352100,0.0,0.0
2022-03-28 00:00:00-04:00,21.5848486805615,21.952884195580545,21.395856393341692,21.743999481201172,371500,0.0,0.0
2022-03-29 00:00:00-04:00,21.863363580977353,22.480074411322153,21.843469254818118,22.410446166992188,316100,0.0,0.0
2022-03-30 00:00:00-04:00,22.380603244415777,22.519859724157204,21.495326656527162,21.505273818969727,815400,0.0,0.0
2022-03-31 00:00:00-04:00,21.356070478443645,21.962834169323624,21.356070478443645,21.773841857910156,320700,0.0,0.0
2022-04-01 00:00:00-04:00,21.883259228879343,22.0125685622699,21.11734470053397,21.3162841796875,387600,0.0,0.0
2022-04-04 00:00:00-04:00,21.316283016756206,21.58485072979325,21.077556793132405,21.405805587768555,239000,0.0,0.0
2022-04-05 00:00:00-04:00,21.385911437512107,21.47543400926128,20.759255332495293,20.789094924926758,256800,0.0,0.0
2022-04-06 00:00:00-04:00,20.619996891441758,20.838830687253914,20.490687564375165,20.67967987060547,374000,0.0,0.0
2022-04-07 00:00:00-04:00,20.679679845139272,21.08750404945212,20.550368621004534,20.958192825317383,275700,0.0,0.0
2022-04-08 00:00:00-04:00,20.858721040015478,21.087501976247392,20.072914198190997,20.182331085205078,445600,0.0,0.0
2022-04-11 00:00:00-04:00,20.22211924817758,20.81893574146663,20.22211924817758,20.530473709106445,292700,0.0,0.0
2022-04-12 00:00:00-04:00,20.659783351344448,21.077554675010337,20.45089674089791,20.520524978637695,389700,0.0,0.0
2022-04-13 00:00:00-04:00,20.490687839749423,20.818936640651604,20.371323777045262,20.56031608581543,314900,0.0,0.0
2022-04-14 00:00:00-04:00,20.639890755898264,20.868669812556792,20.172385479609883,20.192277908325195,192200,0.0,0.0
2022-04-18 00:00:00-04:00,20.192277496458733,20.590156418286877,20.192277496458733,20.371322631835938,344600,0.0,0.0
2022-04-19 00:00:00-04:00,20.46084666487517,20.93829912859003,20.46084666487517,20.82888412475586,314500,0.0,0.0
2022-04-20 00:00:00-04:00,20.878618406377623,21.435646290354747,20.878618406377623,21.206867218017578,310400,0.0,0.0
2022-04-21 00:00:00-04:00,21.366016538655035,21.594795594894848,20.95819234371368,21.027820587158203,285900,0.0,0.0
2022-04-22 00:00:00-04:00,20.96813925675268,21.047714662201887,20.560315066672082,20.59015655517578,284600,0.0,0.0
2022-04-25 00:00:00-04:00,20.540421759160168,20.57026324914306,19.933659973993965,20.56031608581543,365300,0.0,0.0
2022-04-26 00:00:00-04:00,20.361378952531254,20.49069019341641,19.953554695390626,19.993343353271484,362300,0.0,0.0
2022-04-27 00:00:00-04:00,19.993341844504478,20.41111323458884,19.943606025906643,20.092811584472656,326700,0.0,0.0
2022-04-28 00:00:00-04:00,20.132594866989695,20.679677393767754,20.053019468196343,20.361373901367188,226300,0.0,0.0
2022-04-29 00:00:00-04:00,20.261909859949224,20.649839764363957,19.873978058306975,19.973447799682617,205700,0.0,0.0
2022-05-02 00:00:00-04:00,19.95355014897316,20.470791200205113,19.893869072977843,20.182331085205078,271800,0.0,0.0
2022-05-03 00:00:00-04:00,20.202224659227166,20.580209255518444,19.993339932771967,20.371322631835938,189100,0.0,0.0
2022-05-04 00:00:00-04:00,20.51058177487246,21.4953281587809,20.490687448596965,21.405805587768555,176500,0.0,0.0
2022-05-05 00:00:00-04:00,21.08750435881541,21.157132604881415,20.321589857634518,20.56031608581543,257300,0.0,0.0
2022-05-06 00:00:00-04:00,20.49068648825823,20.49068648825823,19.883922845884538,20.043073654174805,317900,0.0,0.0
2022-05-09 00:00:00-04:00,19.774509529382033,20.440954371065338,19.774509529382033,19.993343353271484,316400,0.0,0.0
2022-05-10 00:00:00-04:00,20.19227827296139,20.261908415018084,19.51588825374275,19.903818130493164,295200,0.0,0.0
2022-05-11 00:00:00-04:00,20.033125804939047,20.3414821455075,19.565620558761886,19.784452438354492,297100,0.0,0.0
2022-05-12 00:00:00-04:00,19.76456108966585,20.251960687106475,19.684985683904674,20.14254379272461,327400,0.0,0.0
2022-05-13 00:00:00-04:00,20.24201208591564,20.48073828623623,19.983391561261534,20.072914123535156,190200,0.0,0.0
2022-05-16 00:00:00-04:00,19.943603924686567,20.34148284263952,19.814294604410957,20.043073654174805,237300,0.0,0.0
2022-05-17 00:00:00-04:00,20.291747083622713,21.047714373639586,20.152490600302624,20.988033294677734,234900,0.0,0.0
2022-05-18 00:00:00-04:00,20.629942958944188,21.097448220865576,20.53047322951507,20.600101470947266,312800,0.0,0.0
2022-05-19 00:00:00-04:00,20.33153452469289,20.709517198597784,20.13259507702052,20.411109924316406,233900,0.0,0.0
2022-05-20 00:00:00-04:00,20.550369173741316,20.639891747557108,19.81429615354392,20.053022384643555,209500,0.0,0.0
2022-05-23 00:00:00-04:00,20.321589496696443,20.540421394335354,19.814295559361934,19.903818130493164,396600,0.0,0.0
2022-05-24 00:00:00-04:00,19.903817911333697,20.19227805062571,19.54572763075168,20.132596969604492,271100,0.0,0.0
2022-05-25 00:00:00-04:00,19.993340360234793,20.341483475664155,19.79440089506734,19.91376495361328,417700,0.0,0.0
2022-05-26 00:00:00-04:00,20.142545505843003,20.401166070869273,20.003289008224044,20.092811584472656,461600,0.0,0.0
2022-05-27 00:00:00-04:00,20.291748873290594,20.47079402319466,20.062969802736493,20.212173461914062,922600,0.0,0.0
2022-05-31 00:00:00-04:00,19.99334024453573,20.033126999002572,19.257267263239488,19.416418075561523,438500,0.0,0.0
2022-06-01 00:00:00-04:00,19.406470098171926,19.43631158569015,18.779812140880075,18.93896484375,516500,0.0,0.0
2022-06-02 00:00:00-04:00,19.127955826865044,19.983392856374646,19.127955826865044,19.9237117767334,460800,0.0,0.0
2022-06-03 00:00:00-04:00,19.724774058526858,20.04307570771948,19.565623233930545,19.983394622802734,282200,0.0,0.0
2022-06-06 00:00:00-04:00,20.28180032833829,20.629943440859176,19.993340193205434,20.530473709106445,276800,0.0,0.0
2022-06-07 00:00:00-04:00,20.411111071106475,20.91840498366867,20.311641341681625,20.878616333007812,244600,0.0,0.0
2022-06-08 00:00:00-04:00,20.87861606185928,21.037766867981254,20.590155937223425,20.719465255737305,173700,0.0,0.0
2022-06-09 00:00:00-04:00,20.58020788566977,20.85872083573847,20.351426951678388,20.411109924316406,157500,0.0,0.0
2022-06-10 00:00:00-04:00,20.1524902737213,20.202224189178995,19.864028251830312,19.883922576904297,197200,0.0,0.0
2022-06-13 00:00:00-04:00,19.4562051053456,19.595463491018474,19.14785063926167,19.297054290771484,262400,0.0,0.0
2022-06-14 00:00:00-04:00,19.277160171523324,19.525833559117533,19.118009355241217,19.346790313720703,214000,0.0,0.0
2022-06-15 00:00:00-04:00,19.505940306756354,19.545727060533995,18.829548417490773,19.147850036621094,189000,0.0,0.0
2022-06-16 00:00:00-04:00,18.76986971298865,18.76986971298865,17.92437974443465,18.023849487304688,252200,0.0,0.0
2022-06-17 00:00:00-04:00,18.043739731358823,18.08352838257583,17.665757030933815,17.864694595336914,354500,0.0,0.0
2022-06-21 00:00:00-04:00,18.222786118582093,18.222786118582093,17.795067574768083,17.88459014892578,203100,0.0,0.0
2022-06-22 00:00:00-04:00,18.043738268578938,19.157795748385052,17.954215707825448,18.799705505371094,537100,0.0,0.0
2022-06-23 00:00:00-04:00,18.88923146670907,19.197585955246122,18.521195892667834,18.9787540435791,243700,0.0,0.0
2022-06-24 00:00:00-04:00,18.988699156352382,19.605408066814263,18.988699156352382,19.31694793701172,594300,0.0,0.0
2022-06-27 00:00:00-04:00,19.466151105961707,19.8938696060481,19.406470028367192,19.665090560913086,195900,0.0,0.0
2022-06-28 00:00:00-04:00,18.720132305630564,18.720132305630564,17.466818205084664,18.401830673217773,843200,0.0,0.0
2022-06-29 00:00:00-04:00,18.362040391913094,18.56097984313965,17.77517299497191,18.56097984313965,557000,0.0,0.0
2022-06-30 00:00:00-04:00,18.192945383559994,19.177691740264613,18.192945383559994,18.919071197509766,634400,0.0,0.0
2022-07-01 00:00:00-04:00,18.889228750249224,19.088168202957036,18.411776340423152,18.501298904418945,423600,0.0,0.0
2022-07-05 00:00:00-04:00,18.50130150898404,18.89917857318453,18.282467700753145,18.86933708190918,728900,0.0,0.0
2022-07-06 00:00:00-04:00,18.948910715584944,19.167744503268942,18.740025987952748,19.08816909790039,268500,0.0,0.0
2022-07-07 00:00:00-04:00,19.147849420035094,19.764560210161665,19.147849420035094,19.277158737182617,268800,0.0,0.0
2022-07-08 00:00:00-04:00,19.27716018673498,19.47609965585829,18.988700043456312,19.068275451660156,417500,0.0,0.0
2022-07-11 00:00:00-04:00,18.96880553321386,19.14785067424369,18.68034539273154,18.740026473999023,322600,0.0,0.0
2022-07-12 00:00:00-04:00,18.670398032443618,19.30700128517902,18.560981136919466,18.690292358398438,304900,0.0,0.0
2022-07-13 00:00:00-04:00,18.43167161347805,18.759920399275796,18.342149044876177,18.362041473388672,301200,0.0,0.0
2022-07-14 00:00:00-04:00,18.013899461648556,18.272519993135777,17.944271221868775,18.163103103637695,701100,0.0,0.0
2022-07-15 00:00:00-04:00,18.491354419048616,18.491354419048616,18.163105602619307,18.31230926513672,384400,0.0,0.0
2022-07-18 00:00:00-04:00,18.51124600209036,19.018539897218055,18.51124600209036,18.67039680480957,370100,0.0,0.0
2022-07-19 00:00:00-04:00,18.899177710030106,19.535780983676243,18.899177710030106,19.50594139099121,511900,0.0,0.0
2022-07-20 00:00:00-04:00,19.585516513026807,19.80434841082722,19.486046778671206,19.625303268432617,399500,0.0,0.0
2022-07-21 00:00:00-04:00,19.515886918313175,19.67503772338338,19.28710597595091,19.665090560913086,168400,0.0,0.0
2022-07-22 00:00:00-04:00,19.714824816656538,19.72477197929869,19.207530905270364,19.376628875732422,183800,0.0,0.0
2022-07-25 00:00:00-04:00,19.466152256419463,19.66509172312825,19.316948605001553,19.57556915283203,320800,0.0,0.0
2022-07-26 00:00:00-04:00,19.535781118047545,19.59546409828294,19.23737380578026,19.446258544921875,164700,0.0,0.0
2022-07-27 00:00:00-04:00,19.466152160026578,20.132596903805325,19.466152160026578,20.02318000793457,166000,0.0,0.0
2022-07-28 00:00:00-04:00,20.05302122408987,20.32158892999409,19.864028923946826,20.14254379272461,374100,0.0,0.0
2022-07-29 00:00:00-04:00,20.182332642581212,20.331536292696452,20.003287503551984,20.192277908325195,228900,0.0,0.0
2022-08-01 00:00:00-04:00,20.08286209617237,20.431005197149872,19.903816964399525,20.271852493286133,389000,0.0,0.0
2022-08-02 00:00:00-04:00,20.31164477427142,20.421061684852525,20.033129864259344,20.222122192382812,240500,0.0,0.0
2022-08-03 00:00:00-04:00,20.22212190394803,20.421061393580203,19.963501326317235,20.34148597717285,219900,0.0,0.0
2022-08-04 00:00:00-04:00,20.281801540085418,20.63989183689861,20.21217329286673,20.550369262695312,121600,0.0,0.0
2022-08-05 00:00:00-04:00,20.311641007923498,20.619995456569146,20.112701552342738,20.610048294067383,107900,0.0,0.0
2022-08-08 00:00:00-04:00,20.570262766318706,20.848775744045486,20.50063452188701,20.62994384765625,150700,0.0,0.0
2022-08-09 00:00:00-04:00,20.570262844489733,20.61999676292212,20.301695131609126,20.460845947265625,220700,0.0,0.0
2022-08-10 00:00:00-04:00,20.848774509702743,21.25660058350833,20.739359516599677,21.167078018188477,194400,0.0,0.0
2022-08-11 00:00:00-04:00,21.405808079289617,21.813632329268916,21.286444004970694,21.555011749267578,160000,0.0,0.0
2022-08-12 00:00:00-04:00,21.555007663800836,22.002620486123217,21.555007663800836,21.952884674072266,153100,0.0,0.0
2022-08-15 00:00:00-04:00,21.74399995513998,22.052354400946932,21.69426414308903,21.952884674072266,160800,0.0,0.0
2022-08-16 00:00:00-04:00,22.01256649806753,22.360709605325763,21.96283258155663,22.3209228515625,175500,0.0,0.0
2022-08-17 00:00:00-04:00,22.13193227609919,22.281135934470097,21.942939963641397,21.99267578125,175800,0.0,0.0
2022-08-18 00:00:00-04:00,21.932991979345612,22.15182577417939,21.793735489707664,22.072250366210938,128600,0.0,0.0
2022-08-19 00:00:00-04:00,21.89320463031173,21.89320463031173,21.515220029790598,21.64453125,158500,0.0,0.0
2022-08-22 00:00:00-04:00,21.415753193189566,21.415753193189566,20.918406409395146,20.948246002197266,143600,0.0,0.0
2022-08-23 00:00:00-04:00,21.027819837889393,21.13723672924764,20.828882277597547,20.938297271728516,119500,0.0,0.0
2022-08-24 00:00:00-04:00,20.848774576965223,21.157130923940542,20.739359583509163,20.99798011779785,118700,0.0,0.0
2022-08-25 00:00:00-04:00,20.958193876102136,21.35607093718172,20.958193876102136,21.3162841796875,126200,0.0,0.0
2022-08-26 00:00:00-04:00,21.306335280740466,21.306335280740466,20.341483249050153,20.421058654785156,178500,0.0,0.0
2022-08-29 00:00:00-04:00,20.202223778648566,20.33153499177446,20.03312581341047,20.06296730041504,125300,0.0,0.0
2022-08-30 00:00:00-04:00,20.00328912918126,20.07291737841177,19.38657825543137,19.645198822021484,173700,0.0,0.0
2022-08-31 00:00:00-04:00,19.714825653335378,19.744667142528286,19.27715996464288,19.297054290771484,267900,0.0,0.0
2022-09-01 00:00:00-04:00,19.147851057104848,19.237373629409767,18.86933617690873,19.118009567260742,242500,0.0,0.0
2022-09-02 00:00:00-04:00,19.356737321457857,19.356737321457857,18.491354917206902,18.630611419677734,293300,0.0,0.0
2022-09-06 00:00:00-04:00,18.62066112113193,18.700236523038285,18.322253838289914,18.610713958740234,233600,0.0,0.0
2022-09-07 00:00:00-04:00,18.67039868271177,18.978753156841687,18.43167245462144,18.948911666870117,183500,0.0,0.0
2022-09-08 00:00:00-04:00,18.82954975621383,19.237373971873012,18.630610281499745,19.108062744140625,172200,0.0,0.0
2022-09-09 00:00:00-04:00,19.217478883484425,19.446257942281296,19.207531720420125,19.297054290771484,231600,0.0,0.0
2022-09-12 00:00:00-04:00,19.386578034227384,19.50594210099451,19.12795747058817,19.20753288269043,1078100,0.0,0.0
2022-09-13 00:00:00-04:00,18.769867562145706,18.919071210739713,18.17305107054235,18.362041473388672,544500,0.0,0.0
2022-09-14 00:00:00-04:00,18.352094900973878,18.352094900973878,17.665755889639843,17.95421600341797,549000,0.0,0.0
2022-09-15 00:00:00-04:00,17.904482570821358,17.9542164857383,17.3176132681107,17.606075286865234,754000,0.0,0.0
2022-09-16 00:00:00-04:00,17.4568695391024,17.556339264975154,16.730743765517552,17.2778263092041,1536100,0.0,0.0
2022-09-19 00:00:00-04:00,17.277826109511313,17.834853911842654,17.22809029853616,17.50660514831543,1300600,0.0,0.0
2022-09-20 00:00:00-04:00,17.39719086287532,17.45687194774268,16.969472310666358,17.20819854736328,871000,0.0,0.0
2022-09-21 00:00:00-04:00,17.4170830518966,17.506605616820448,16.8302137472746,16.879947662353516,579000,0.0,0.0
2022-09-22 00:00:00-04:00,16.8700002251168,16.8700002251168,16.631274021617287,16.720796585083008,267900,0.0,0.0
2022-09-23 00:00:00-04:00,16.541751524223127,16.601434498256804,16.004618038510586,16.27318572998047,285800,0.0,0.0
2022-09-26 00:00:00-04:00,16.213504317370937,16.482072034704945,16.163770398113858,16.28313446044922,351800,0.0,0.0
2022-09-27 00:00:00-04:00,16.412443924123775,16.482072170548516,16.054353631393752,16.223451614379883,264500,0.0,0.0
2022-09-28 00:00:00-04:00,16.37265416846712,16.870000920567247,16.273186335828928,16.700904846191406,311300,0.0,0.0
2022-09-29 00:00:00-04:00,17.04904589366661,18.31230708739029,16.919736574123313,17.87464141845703,1750700,0.0,0.0
2022-09-30 00:00:00-04:00,17.964166887560186,18.22278746566403,17.67570671401624,17.735387802124023,1827500,0.0,0.0
2022-10-03 00:00:00-04:00,17.974111896916742,18.401830421070986,17.70554418678817,17.96416473388672,2973400,0.0,0.0
2022-10-04 00:00:00-04:00,18.312307006803522,19.79440007985796,18.282465519089186,19.714824676513672,1386100,0.0,0.0
2022-10-05 00:00:00-04:00,19.515886658845695,20.858721321618894,19.476098009493516,20.6199951171875,841100,0.0,0.0
2022-10-06 00:00:00-04:00,20.540269502195148,20.978779453944448,20.540269502195148,20.69972801208496,503500,0.04,0.0
2022-10-07 00:00:00-04:00,20.4306395259628,20.510368774906357,19.80277192814419,20.081823348999023,505500,0.0,0.0
2022-10-10 00:00:00-04:00,20.131655476498576,20.321011256174128,19.99212786407497,20.23131561279297,295600,0.0,0.0
2022-10-11 00:00:00-04:00,20.191452813560648,20.779456767479136,20.171520025079772,20.709693908691406,714000,0.0,0.0
2022-10-12 00:00:00-04:00,20.73959010717057,20.869151324633208,20.490435966860368,20.769489288330078,476800,0.0,0.0
2022-10-13 00:00:00-04:00,20.291114880807907,21.516952860506645,20.00209515015461,21.357494354248047,627000,0.0,0.0
2022-10-14 00:00:00-04:00,21.53688497563261,21.616614226269064,21.257831647957374,21.447189331054688,387000,0.0,0.0
2022-10-17 00:00:00-04:00,21.835867261162683,22.154784235533157,21.536883072914144,21.905630111694336,372300,0.0,0.0
2022-10-18 00:00:00-04:00,22.33417898627773,23.061708684948822,22.234516941045776,22.523536682128906,676900,0.0,0.0
2022-10-19 00:00:00-04:00,22.583331997325057,23.500219345092773,22.583331997325057,23.500219345092773,461400,0.0,0.0
2022-10-20 00:00:00-04:00,23.490254656830356,23.560017519732828,22.902250668230316,23.1613712310791,441000,0.0,0.0
2022-10-21 00:00:00-04:00,23.29092904967503,24.237713608864805,23.29092904967503,24.108154296875,479200,0.0,0.0
2022-10-24 00:00:00-04:00,24.197851243020988,24.68619313903886,24.068290023139454,24.616430282592773,502900,0.0,0.0
2022-10-25 00:00:00-04:00,24.606462082137686,25.51338295114332,24.606462082137686,25.493450164794922,613700,0.0,0.0
2022-10-26 00:00:00-04:00,25.662875300904844,26.06152152734181,25.284161861013512,25.603078842163086,740000,0.0,0.0
2022-10-27 00:00:00-04:00,25.7326401970004,25.91203148837083,24.726057207229324,24.87554931640625,563200,0.0,0.0
2022-10-28 00:00:00-04:00,25.154603135794982,25.50341933124211,24.97521184094244,25.094806671142578,514500,0.0,0.0
2022-10-31 00:00:00-04:00,25.353925288284927,25.423688141882355,25.074871973000015,25.324026107788086,446900,0.0,0.0
2022-11-01 00:00:00-04:00,25.563216756268332,25.79243813012684,25.39379184930869,25.5333194732666,449000,0.0,0.0
2022-11-02 00:00:00-04:00,25.493452831940054,26.04159120760173,25.224365890769995,25.363893508911133,401900,0.0,0.0
2022-11-03 00:00:00-04:00,25.1845001529398,26.19108307569274,25.054938939622744,25.902063369750977,450200,0.0,0.0
2022-11-04 00:00:00-04:00,26.101389158227104,26.460169839858526,25.832302221332064,26.44023895263672,330900,0.0,0.0
2022-11-07 00:00:00-05:00,26.440238979991054,26.62959476461357,25.951897075988512,25.981794357299805,309100,0.0,0.0
2022-11-08 00:00:00-05:00,26.320643215826863,26.629593817390983,25.91203057801441,26.420305252075195,242300,0.0,0.0
2022-11-09 00:00:00-05:00,26.111355067083984,26.529934105288685,26.011693029245674,26.22098159790039,244500,0.0,0.0
2022-11-10 00:00:00-05:00,26.908648123699802,27.27739710104814,26.699359550722992,26.85881805419922,372800,0.0,0.0
2022-11-11 00:00:00-05:00,26.599697398968583,27.038207331236517,25.95189699370865,26.02165985107422,314500,0.0,0.0
2022-11-14 00:00:00-05:00,25.88213025022139,26.151217165902022,25.573179662344632,25.603078842163086,496000,0.0,0.0
2022-11-15 00:00:00-05:00,25.82233523009976,25.931963661313254,25.13466926312511,25.15460205078125,628100,0.0,0.0
2022-11-16 00:00:00-05:00,25.314060561782718,25.423688993046202,24.75595581342321,24.92538070678711,387400,0.0,0.0
2022-11-17 00:00:00-05:00,24.62639401743261,25.01507576421563,24.417105454537705,24.975210189819336,231800,0.0,0.0
2022-11-18 00:00:00-05:00,25.284164558378766,25.284164558378766,24.62639583846675,24.785856246948242,309900,0.0,0.0
2022-11-21 00:00:00-05:00,24.775888442993164,24.92538054773793,24.5665979756343,24.775888442993164,249800,0.0,0.0
2022-11-22 00:00:00-05:00,24.82571875071631,24.925380788473795,24.616430182231323,24.885515213012695,328900,0.0,0.0
2022-11-23 00:00:00-05:00,25.015075436581014,25.044972716091443,24.496834381588123,24.676225662231445,179700,0.0,0.0
2022-11-25 00:00:00-05:00,24.805784975532074,24.885514222385197,24.63636008835729,24.676225662231445,106900,0.0,0.0
2022-11-28 00:00:00-05:00,24.44700565509992,24.696159802784162,24.14801953734166,24.267614364624023,213100,0.0,0.0
2022-11-29 00:00:00-05:00,24.217783322398347,24.36727733745264,24.028427531548207,24.058324813842773,192300,0.0,0.0
2022-11-30 00:00:00-05:00,24.138054949013345,25.044975962356055,23.859003499305082,24.95528221130371,385900,0.0,0.0
2022-12-01 00:00:00-05:00,25.17453493241988,25.294127857012654,24.765922288419922,24.885515213012695,239400,0.0,0.0
2022-12-02 00:00:00-05:00,24.646325746707465,25.15460039307167,24.6064620749175,25.03500747680664,221200,0.0,0.0
2022-12-05 00:00:00-05:00,24.815751541874448,24.815751541874448,24.167951169068157,24.36727523803711,231800,0.0,0.0
2022-12-06 00:00:00-05:00,24.39717276686803,24.476902015090666,24.018459313034334,24.2476806640625,176800,0.0,0.0
2022-12-07 00:00:00-05:00,24.148018733166836,24.15798512684974,23.460354677103464,23.520151138305664,325200,0.0,0.0
2022-12-08 00:00:00-05:00,23.530119375570596,23.619815024849153,23.201235961847676,23.330795288085938,239500,0.0,0.0
2022-12-09 00:00:00-05:00,23.290931045331966,23.460355945309562,22.962047639598435,23.151403427124023,243400,0.0,0.0
2022-12-12 00:00:00-05:00,23.261029786507432,23.789237227738475,23.011875655890083,23.6895751953125,324100,0.0,0.0
2022-12-13 00:00:00-05:00,24.34734399358413,24.526735286843195,23.58991514476547,23.64971160888672,359500,0.0,0.0
2022-12-14 00:00:00-05:00,23.560015962257186,24.157986306155635,23.460355822353545,23.64971160888672,345300,0.0,0.0
2022-12-15 00:00:00-05:00,23.420489767533063,23.56001548126592,23.251064871902333,23.430456161499023,382000,0.0,0.0
2022-12-16 00:00:00-05:00,23.081639082040173,23.310860431690855,22.932146980133,23.18130111694336,1290100,0.0,0.0
2022-12-19 00:00:00-05:00,23.24109927115911,24.28754786255685,23.24109927115911,23.71947479248047,444700,0.0,0.0
2022-12-20 00:00:00-05:00,23.679609380131307,24.197850440683382,23.60984652599838,23.868967056274414,272500,0.0,0.0
2022-12-21 00:00:00-05:00,25.264230322192304,25.41372242687724,23.9686276461673,25.005109786987305,689400,0.0,0.0
2022-12-22 00:00:00-05:00,24.91541520510227,25.34396065077328,24.73602391148228,25.174535751342773,438300,0.0,0.0
2022-12-23 00:00:00-05:00,24.98517707663408,25.30409407451911,24.75595572201612,25.194467544555664,257900,0.0,0.0
2022-12-27 00:00:00-05:00,25.314062329502374,25.662878534421157,25.154603818835856,25.652912139892578,263600,0.0,0.0
2022-12-28 00:00:00-05:00,25.692777020352608,25.72267430223114,25.094806671142578,25.094806671142578,213700,0.0,0.0
2022-12-29 00:00:00-05:00,25.31406259314506,25.563216756268332,24.965246384593403,25.5333194732666,240200,0.0,0.0
2022-12-30 00:00:00-05:00,25.393790790666475,25.553249296346067,25.214399496553103,25.363893508911133,184300,0.0,0.0
2023-01-03 00:00:00-05:00,25.533318667468226,25.672844386127476,24.91541552602876,25.244298934936523,236400,0.0,0.0
2023-01-04 00:00:00-05:00,25.423691294026618,25.73264192721827,25.24429999059423,25.413724899291992,301600,0.0,0.0
2023-01-05 00:00:00-05:00,25.473520301561106,25.583148738162144,25.09480682195942,25.244298934936523,245800,0.0,0.0
2023-01-06 00:00:00-05:00,25.54328198282784,25.99176020197056,25.324027020633206,25.34395980834961,248000,0.0,0.0
2023-01-09 00:00:00-05:00,25.463552494807136,25.68280935584727,24.895481356467236,25.005109786987305,206500,0.0,0.0
2023-01-10 00:00:00-05:00,24.965245357578485,25.164569440235514,24.74599038737202,25.13467025756836,245400,0.0,0.0
2023-01-11 00:00:00-05:00,25.1845019556878,25.54328263932791,25.1845019556878,25.48348617553711,171700,0.0,0.0
2023-01-12 00:00:00-05:00,25.682809595947386,25.73263966434313,25.254264164521064,25.34395980834961,282200,0.0,0.0
2023-01-13 00:00:00-05:00,25.38382306614845,25.38382306614845,25.025042397619814,25.31406021118164,180200,0.0,0.0
2023-01-17 00:00:00-05:00,25.314061817167072,25.35392739447455,25.005111196615513,25.015077590942383,169900,0.0,0.0
2023-01-18 00:00:00-05:00,25.005108788538617,25.2243637399287,24.496834132188944,24.56659698486328,201000,0.0,0.0
2023-01-19 00:00:00-05:00,24.616430965595264,24.616430965595264,24.227749196061648,24.29751205444336,223300,0.0,0.0
2023-01-20 00:00:00-05:00,24.417105977368394,24.52673440841041,23.96862776028312,24.048357009887695,363100,0.0,0.0
2023-01-23 00:00:00-05:00,23.998526941720556,24.387206795930958,23.91879769211598,24.048357009887695,186700,0.0,0.0
2023-01-24 00:00:00-05:00,23.9686278198364,24.716090249572193,23.839068501742773,24.69615936279297,229200,0.0,0.0
2023-01-25 00:00:00-05:00,24.626392960364917,25.03500747680664,24.516766437271162,25.03500747680664,282300,0.0,0.0
2023-01-26 00:00:00-05:00,25.104770331827048,25.463550981570386,24.975209121476432,25.26422882080078,186000,0.0,0.0
2023-01-27 00:00:00-05:00,25.23433282011438,25.912032434071826,25.23433282011438,25.772506713867188,165900,0.0,0.0
2023-01-30 00:00:00-05:00,25.603080660909615,26.081456166615972,25.55324869100565,25.6429443359375,167200,0.0,0.0
2023-01-31 00:00:00-05:00,25.682809629224746,26.460169342219015,25.6529104476114,26.450204849243164,396700,0.0,0.0
2023-02-01 00:00:00-05:00,26.450205073245623,27.0681062913255,26.330610246674688,26.789052963256836,293600,0.0,0.0
2023-02-02 00:00:00-05:00,26.78905375004518,27.327227634077513,26.779089256692288,27.307294845581055,203800,0.0,0.0
2023-02-03 00:00:00-05:00,27.307294419690656,27.735839861204123,27.267430744214803,27.50661849975586,301600,0.0,0.0
2023-02-06 00:00:00-05:00,27.337193855750012,27.4268895025225,26.908648410258202,27.38702392578125,299000,0.0,0.0
2023-02-07 00:00:00-05:00,27.14783594455639,27.28736166021163,26.73922329079864,27.048173904418945,360400,0.0,0.0
2023-02-08 00:00:00-05:00,26.828917791632406,27.068105537215292,26.649526507221438,26.91861343383789,283000,0.0,0.0
2023-02-09 00:00:00-05:00,27.078073383143582,27.18770181858437,26.41034017807714,26.470136642456055,221800,0.0,0.0
2023-02-10 00:00:00-05:00,26.320643617624405,26.958477617918213,26.320643617624405,26.679426193237305,321200,0.0,0.0
2023-02-13 00:00:00-05:00,26.689393651162,27.028243452551234,26.440239497251994,26.848852157592773,177300,0.0,0.0
2023-02-14 00:00:00-05:00,26.72925610741042,26.72925610741042,26.19108414799232,26.300710678100586,383700,0.0,0.0
2023-02-15 00:00:00-05:00,26.04159170987301,26.48010355939725,25.78247305881748,26.23094940185547,560200,0.0,0.0
2023-02-16 00:00:00-05:00,25.902063126161526,26.78905122065689,25.902063126161526,26.480100631713867,227800,0.0,0.0
2023-02-17 00:00:00-05:00,26.599697832780638,27.18770178430197,26.470136609078473,26.92858123779297,235600,0.0,0.0
2023-02-21 00:00:00-05:00,26.749190068325216,26.88871578598042,26.30071183172587,26.430273056030273,285000,0.0,0.0
2023-02-22 00:00:00-05:00,26.480102934389713,27.0382077018597,26.480102934389713,26.73922348022461,475200,0.0,0.0
2023-02-23 00:00:00-05:00,26.82891930028468,27.137869918090345,26.42030664099145,26.659494400024414,184100,0.0,0.0
2023-02-24 00:00:00-05:00,26.380442049621138,26.6594953960328,26.14125428165203,26.639562606811523,174600,0.0,0.0
2023-02-27 00:00:00-05:00,26.93854673108048,26.948513124946977,26.649527011637808,26.679426193237305,170700,0.0,0.0
2023-02-28 00:00:00-05:00,26.709323135908203,26.958477276731585,26.639560280620895,26.838884353637695,349800,0.0,0.0
2023-03-01 00:00:00-05:00,26.789054156158826,27.49665295134735,26.699360408355712,27.337194442749023,273300,0.0,0.0
2023-03-02 00:00:00-05:00,27.127904918846124,28.204250840290907,27.0780748459876,28.194286346435547,505400,0.0,0.0
2023-03-03 00:00:00-05:00,28.303910126966606,28.47333501941843,27.965060342062962,28.363706588745117,181800,0.0,0.0
2023-03-06 00:00:00-05:00,28.214215106040598,28.31387714513273,27.307294162003245,27.626211166381836,481900,0.0,0.0
2023-03-07 00:00:00-05:00,27.606279373168945,27.765737870124394,27.347158840392538,27.606279373168945,374200,0.0,0.0
2023-03-08 00:00:00-05:00,27.735840258211624,27.825535905435327,27.35712678174125,27.76573944091797,309700,0.0,0.0
2023-03-09 00:00:00-05:00,27.765739043482498,27.805602718958355,27.34715999606182,27.50661849975586,542100,0.0,0.0
2023-03-10 00:00:00-05:00,27.42688936723495,27.446822155507252,26.589731268751375,27.008310317993164,915900,0.0,0.0
2023-03-13 00:00:00-04:00,26.639558883017767,27.107969859764218,26.390404755265873,27.058137893676758,417100,0.0,0.0
2023-03-14 00:00:00-04:00,27.65611049331569,28.21421525390309,27.327227093214777,28.004926681518555,425800,0.0,0.0
2023-03-15 00:00:00-04:00,27.337191198353178,27.516582474459863,26.549863242306092,26.828916549682617,509000,0.0,0.0
2023-03-16 00:00:00-04:00,26.460168413262277,27.705939089986398,26.38043916598774,27.576379776000977,401400,0.0,0.0
2023-03-17 00:00:00-04:00,27.38702151345291,27.38702151345291,26.629592730143617,26.709321975708008,1023000,0.0,0.0
2023-03-20 00:00:00-04:00,26.9285814571825,27.446822554422663,26.9285814571825,27.267431259155273,239700,0.0,0.0
2023-03-21 00:00:00-04:00,27.656109938774044,27.895297688515466,27.436854976734885,27.5963134765625,404600,0.0,0.0
2023-03-22 00:00:00-04:00,27.416922096252783,28.04478969958739,23.14143609424314,25.842267990112305,1628200,0.0,0.0
2023-03-23 00:00:00-04:00,25.742605444597043,26.599696287019952,25.672842590147777,26.31067657470703,518500,0.0,0.0
2023-03-24 00:00:00-04:00,26.101387434439236,26.35054156676253,25.68280841610029,26.131284713745117,274600,0.0,0.0
2023-03-27 00:00:00-04:00,26.529935379425076,26.53989987288173,26.081457138061523,26.081457138061523,268200,0.0,0.0
2023-03-28 00:00:00-04:00,25.961860075921216,26.3106762446875,25.74260512170293,26.24091339111328,341700,0.0,0.0
2023-03-29 00:00:00-04:00,26.42030536244862,26.42030536244862,25.672842938806376,25.69277572631836,205300,0.0,0.0
2023-03-30 00:00:00-04:00,25.882131965992716,25.94193032959376,24.70612599526798,24.8057861328125,300300,0.0,0.0
2023-03-31 00:00:00-04:00,24.935349357402576,25.443624083495866,24.775890843439438,25.413724899291992,464600,0.0,0.0
2023-04-03 00:00:00-04:00,25.47352045285147,25.702743721732784,25.07487418224647,25.39379119873047,246200,0.0,0.0
2023-04-04 00:00:00-04:00,25.5133842917199,25.5133842917199,24.736022691342857,25.0848388671875,475600,0.0,0.0
2023-04-05 00:00:00-04:00,24.875548682705006,24.995143507537065,24.207817405451458,24.27758026123047,260800,0.0,0.0
2023-04-06 00:00:00-04:00,24.327410435167913,24.327410435167913,23.779272079467773,23.779272079467773,238200,0.0,0.0
2023-04-10 00:00:00-04:00,23.769305419833938,24.38720662470728,23.769305419833938,24.12808609008789,368800,0.0,0.0
2023-04-11 00:00:00-04:00,24.327410172713748,24.506801458358886,23.76930542918073,23.89886474609375,284600,0.0,0.0
2023-04-12 00:00:00-04:00,24.048355351625755,24.187882954484035,23.87893047028687,23.928762435913086,124800,0.0,0.0
2023-04-13 00:00:00-04:00,23.948697287047,24.09818939502478,23.709509534103503,24.078256607055664,170500,0.0,0.0
2023-04-14 00:00:00-04:00,24.068288969762943,24.456970711501167,23.84903401611472,23.98855972290039,144600,0.0,0.0
2023-04-17 00:00:00-04:00,24.02842595154874,24.42707219672452,23.948696702513583,24.357309341430664,152800,0.0,0.0
2023-04-18 00:00:00-04:00,24.41710595114298,24.92538062966196,24.377240375935884,24.73602294921875,249700,0.0,0.0
2023-04-19 00:00:00-04:00,24.785855177202667,25.005110140446835,24.397173418453335,24.616430282592773,205200,0.0,0.0
2023-04-20 00:00:00-04:00,24.456970216360627,24.68619155883789,24.23771336625616,24.68619155883789,231000,0.0,0.0
2023-04-21 00:00:00-04:00,24.72605746727232,24.895482366360085,24.377241274927474,24.755956649780273,194500,0.0,0.0
2023-04-24 00:00:00-04:00,24.78585730216851,25.12470521954348,24.78585730216851,24.95528221130371,164200,0.0,0.0
2023-04-25 00:00:00-04:00,24.805784975265695,24.84565054913942,24.17791739391599,24.21778106689453,229300,0.0,0.0
2023-04-26 00:00:00-04:00,23.928764713845787,24.078256823165297,23.201235054500934,23.310861587524414,175000,0.0,0.0
2023-04-27 00:00:00-04:00,23.390592026243883,23.968629605603397,23.37066113797972,23.8590030670166,174500,0.0,0.0
2023-04-28 00:00:00-04:00,23.78923964294281,24.058324686648103,23.599881952198423,23.679611206054688,268800,0.0,0.0
2023-05-01 00:00:00-04:00,23.70951012636967,24.17791924997302,23.69954373213615,23.799203872680664,94700,0.0,0.0
2023-05-02 00:00:00-04:00,23.719471965851483,23.819133996140632,23.251062894656144,23.470317840576172,214100,0.0,0.0
2023-05-03 00:00:00-04:00,23.470318093356042,24.0583219874103,23.470318093356042,23.579946517944336,263800,0.0,0.0
2023-05-04 00:00:00-04:00,23.480286079670492,23.67961015591927,22.86238486491076,23.051740646362305,344800,0.0,0.0
2023-05-05 00:00:00-04:00,23.380624757487187,23.6696444868085,22.94211481774463,23.609848022460938,364600,0.0,0.0
2023-05-08 00:00:00-04:00,23.739405007766322,24.0583219874103,23.400555241670816,23.579946517944336,216600,0.0,0.0
2023-05-09 00:00:00-04:00,23.510186476994264,23.99852839806919,23.270998713665445,23.599882125854492,255000,0.0,0.0
2023-05-10 00:00:00-04:00,23.839069386539364,23.938731427715517,23.241099040377765,23.609848022460938,362400,0.0,0.0
2023-05-11 00:00:00-04:00,23.36069156966289,23.639742976403795,23.29092871797766,23.579946517944336,366600,0.0,0.0
2023-05-12 00:00:00-04:00,23.679609539799134,24.01845932006836,23.5500483233399,24.01845932006836,246600,0.0,0.0
2023-05-15 00:00:00-04:00,24.098189211480317,24.676226751914957,24.098189211480317,24.38720703125,232700,0.0,0.0
2023-05-16 00:00:00-04:00,24.237713608090463,24.506800526324344,23.988559476591348,24.33737564086914,230300,0.0,0.0
2023-05-17 00:00:00-04:00,24.566599579721967,25.294129264307394,24.566599579721967,25.124704360961914,261700,0.0,0.0
2023-05-18 00:00:00-04:00,25.035007234286855,25.423687059725665,25.00510805506267,25.383821487426758,221300,0.0,0.0
2023-05-19 00:00:00-04:00,25.702742631893262,25.712707124952438,25.144635975815564,25.453588485717773,175900,0.0,0.0
2023-05-22 00:00:00-04:00,25.583148388817946,25.951897369961767,25.373857912791635,25.403757095336914,260200,0.0,0.0
2023-05-23 00:00:00-04:00,25.204434339542285,25.91203120225094,25.144635975815564,25.453588485717773,262900,0.0,0.0
2023-05-24 00:00:00-04:00,25.36389259606601,25.672843202089187,25.184501308408922,25.34395980834961,192600,0.0,0.0
2023-05-25 00:00:00-04:00,25.134670776727337,25.782473108295427,25.134670776727337,25.772506713867188,184900,0.0,0.0
2023-05-26 00:00:00-04:00,25.822334372465477,26.15121775428753,25.782470699372446,26.01169204711914,144200,0.0,0.0
2023-05-30 00:00:00-04:00,25.88213165344699,26.340576264375898,25.762538729479623,26.071489334106445,174900,0.0,0.0
2023-05-31 00:00:00-04:00,26.1113555398834,26.201051185472476,25.18450180272647,25.333993911743164,241600,0.0,0.0
2023-06-01 00:00:00-04:00,25.244297108607046,25.712706202286434,25.144635073534033,25.43365478515625,189100,0.0,0.0
2023-06-02 00:00:00-04:00,25.82233633876492,27.11793717771545,25.82233633876492,27.078073501586914,238100,0.0,0.0
2023-06-05 00:00:00-04:00,26.87874838637988,26.87874838637988,25.782471672844242,26.22098159790039,219500,0.0,0.0
2023-06-06 00:00:00-04:00,26.07148857249041,27.197666328840157,26.07148857249041,27.117935180664062,204400,0.0,0.0
2023-06-07 00:00:00-04:00,27.16776883740213,28.11455347011622,27.12790326083548,27.885332107543945,290100,0.0,0.0
2023-06-08 00:00:00-04:00,27.75577321990597,27.955095403172905,27.50661906515079,27.686010360717773,172100,0.0,0.0
2023-06-09 00:00:00-04:00,27.556447654632898,27.60627962344276,27.227564264068782,27.486684799194336,133800,0.0,0.0
2023-06-12 00:00:00-04:00,27.546482003832942,27.825535334008844,27.30729424978015,27.586347579956055,185400,0.0,0.0
2023-06-13 00:00:00-04:00,27.656110463377118,27.955094681001455,26.928580806501348,27.12790298461914,337600,0.0,0.0
2023-06-14 00:00:00-04:00,27.137870071965413,27.367091438059802,26.729257410355295,26.80898666381836,271800,0.0,0.0
2023-06-15 00:00:00-04:00,26.709323126683607,27.078072091368757,26.599696597367945,27.068105697631836,242800,0.0,0.0
2023-06-16 00:00:00-04:00,27.297329362399985,27.337194940723442,26.898683083642425,27.327228546142578,640600,0.0,0.0
2023-06-20 00:00:00-04:00,27.277397391533462,27.686010048654644,27.088039703803176,27.38702392578125,208900,0.0,0.0
2023-06-21 00:00:00-04:00,27.197666328840157,27.52654971148575,26.988375866668306,27.117935180664062,270200,0.0,0.0
2023-06-22 00:00:00-04:00,28.184318229107856,28.871982316824685,27.287361765311438,27.885332107543945,549200,0.0,0.0
2023-06-23 00:00:00-04:00,27.41692307770714,27.516585118553596,25.623012045156877,25.632978439331055,769500,0.0,0.0
2023-06-26 00:00:00-04:00,25.762541305552073,26.739225186159818,25.762541305552073,26.400375366210938,432300,0.0,0.0
2023-06-27 00:00:00-04:00,26.4701368833856,27.00831077038026,26.450205995674768,26.57976531982422,339800,0.0,0.0
2023-06-28 00:00:00-04:00,26.619628823071253,26.739223653035403,26.44023942946803,26.659494400024414,243900,0.0,0.0
2023-06-29 00:00:00-04:00,26.6295939640177,27.107971360464674,26.589730289836012,27.028242111206055,551200,0.0,0.0
2023-06-30 00:00:00-04:00,27.3072937872336,27.725872824959676,26.88871474950752,26.908647537231445,566500,0.0,0.0
2023-07-03 00:00:00-04:00,26.71928928262131,27.038206275783523,26.64952642797898,26.72925567626953,281100,0.0,0.0
2023-07-05 00:00:00-04:00,26.569796691798125,26.66945872555507,26.03162475094293,26.280778884887695,332300,0.0,0.0
2023-07-06 00:00:00-04:00,26.001728845529826,26.41034152459341,25.912033193940704,26.290746688842773,366200,0.0,0.0
2023-07-07 00:00:00-04:00,26.320644641294834,26.609664371978145,26.061524093373865,26.201051712036133,391500,0.0,0.0
2023-07-10 00:00:00-04:00,26.211016334191356,26.67942736195975,26.211016334191356,26.57976531982422,302000,0.0,0.0
2023-07-11 00:00:00-04:00,26.619627493140168,26.96844367047195,26.510000963786645,26.838884353637695,294000,0.0,0.0
2023-07-12 00:00:00-04:00,27.167768667072494,27.32722717054872,26.85881805419922,26.85881805419922,266600,0.0,0.0
2023-07-13 00:00:00-04:00,26.88871450290305,27.11793585694012,26.71928961059407,26.79901885986328,309700,0.0,0.0
2023-07-14 00:00:00-04:00,26.589731369407065,26.779089056920128,26.32064442939829,26.73922348022461,217700,0.0,0.0
2023-07-17 00:00:00-04:00,26.66946171096875,27.337194940723442,26.66946171096875,27.327228546142578,217400,0.0,0.0
2023-07-18 00:00:00-04:00,27.277397066816125,27.636177748739726,27.17773502704473,27.3172607421875,160300,0.0,0.0
2023-07-19 00:00:00-04:00,27.267429749600872,27.7757044244214,27.217597780954602,27.75577163696289,236300,0.0,0.0
2023-07-20 00:00:00-04:00,27.8952977525322,28.054756252725756,27.626210820619846,28.014892578125,227400,0.0,0.0
2023-07-21 00:00:00-04:00,28.114552572400267,28.29394385943147,27.387022931347282,27.40695571899414,192900,0.0,0.0
2023-07-24 00:00:00-04:00,27.40695580063219,27.81556844413363,27.347159338408755,27.367090225219727,171600,0.0,0.0
2023-07-25 00:00:00-04:00,27.11793809043586,27.406957830900605,26.500036832931528,27.098007202148438,164400,0.0,0.0
2023-07-26 00:00:00-04:00,27.058140387778604,27.436855761371103,26.948513854071567,27.008310317993164,159000,0.0,0.0
2023-07-27 00:00:00-04:00,27.157801615649156,27.157801615649156,26.300710754538517,26.490068435668945,306600,0.0,0.0
2023-07-28 00:00:00-04:00,26.679424696680837,26.928578826681452,26.430270566680218,26.709321975708008,222500,0.0,0.0
2023-07-31 00:00:00-04:00,26.69935983505262,27.446822290893124,26.69935983505262,27.38702392578125,305900,0.0,0.0
2023-08-01 00:00:00-04:00,27.406955707828576,27.705939918828605,27.00830945953012,27.63617706298828,394000,0.0,0.0
2023-08-02 00:00:00-04:00,27.446821881396172,27.606280384191457,27.287361477705595,27.357126235961914,188800,0.0,0.0
2023-08-03 00:00:00-04:00,27.28736192450939,27.36709117721252,26.908648449393354,26.92858123779297,133000,0.0,0.0
2023-08-04 00:00:00-04:00,26.848849098004223,27.367088234400093,26.828916311748,27.177732467651367,190900,0.0,0.0
2023-08-07 00:00:00-04:00,27.317261503642584,27.51658558874143,27.117937418543733,27.187702178955078,180200,0.0,0.0
2023-08-08 00:00:00-04:00,27.068105955196422,27.088038742859933,26.67942610023421,26.94851303100586,204400,0.0,0.0
2023-08-09 00:00:00-04:00,26.7890522975879,27.038206437598895,26.739222229943795,26.878747940063477,146300,0.0,0.0
2023-08-10 00:00:00-04:00,26.86878215296652,27.157801874334123,26.340576580790984,26.370473861694336,280900,0.0,0.0
2023-08-11 00:00:00-04:00,26.350541981573457,26.639559791152713,26.28077912756795,26.390405654907227,192200,0.0,0.0
2023-08-14 00:00:00-04:00,26.22098151630543,26.400372803677104,26.03162573598667,26.260847091674805,192700,0.0,0.0
2023-08-15 00:00:00-04:00,26.141252517700195,26.26084734406247,26.041590479214182,26.141252517700195,161000,0.0,0.0
2023-08-16 00:00:00-04:00,25.96186116049718,26.37047380641215,25.92199748574452,25.95189666748047,199000,0.0,0.0
2023-08-17 00:00:00-04:00,25.94193013357482,26.181117883485854,25.324027020633206,25.34395980834961,191700,0.0,0.0
2023-08-18 00:00:00-04:00,25.22436382716343,25.802401338186502,25.22436382716343,25.672842025756836,345700,0.0,0.0
2023-08-21 00:00:00-04:00,25.553247706527696,25.802401843762624,25.26422989580069,25.43365478515625,214500,0.0,0.0
2023-08-22 00:00:00-04:00,25.60308233479785,25.66287880169672,25.3439617770422,25.5333194732666,180400,0.0,0.0
2023-08-23 00:00:00-04:00,25.583146632274623,25.961860080702348,25.50341738519009,25.553247451782227,534100,0.0,0.0
2023-08-24 00:00:00-04:00,25.443623792975917,26.00172858547436,25.443623792975917,25.762540817260742,196800,0.0,0.0
2023-08-25 00:00:00-04:00,25.961860241519478,26.330609199629095,25.872164600381872,26.161184310913086,166000,0.0,0.0
2023-08-28 00:00:00-04:00,26.161185305576456,26.310677412857835,25.951896735561576,26.141252517700195,169900,0.0,0.0
2023-08-29 00:00:00-04:00,26.061522762042078,26.43027172702573,26.061522762042078,26.38043975830078,158900,0.0,0.0
2023-08-30 00:00:00-04:00,26.340575986105257,26.97840997624692,26.340575986105257,26.878747940063477,158800,0.0,0.0
2023-08-31 00:00:00-04:00,26.96844575324618,26.988378542266314,26.081457551699287,26.111356735229492,289200,0.0,0.0
2023-09-01 00:00:00-04:00,26.300710766148924,26.500034841205288,26.12131947877725,26.260847091674805,237800,0.0,0.0
2023-09-05 00:00:00-04:00,25.941930995874802,25.941930995874802,24.496836153620738,25.174535751342773,243900,0.0,0.0
2023-09-06 00:00:00-04:00,25.234332902427475,25.802404080422654,25.234332902427475,25.732641220092773,245400,0.0,0.0
2023-09-07 00:00:00-04:00,25.772504057329094,25.921996156552858,25.35392503896545,25.902063369750977,323000,0.0,0.0
2023-09-08 00:00:00-04:00,25.912032360128123,26.480103534649214,25.892099571328522,26.46017074584961,298100,0.0,0.0
2023-09-11 00:00:00-04:00,26.51996841069363,27.018276712129314,26.350543512169683,27.008310317993164,257600,0.0,0.0
2023-09-12 00:00:00-04:00,26.90864555587776,27.307291776526554,26.848849098004223,27.177732467651367,370500,0.0,0.0
2023-09-13 00:00:00-04:00,27.277396994326605,27.466752778404214,26.868782442260244,27.12790298461914,1482500,0.0,0.0
2023-09-14 00:00:00-04:00,27.416922970140586,28.22418188612861,27.11793684877425,28.114553451538086,350800,0.0,0.0
2023-09-15 00:00:00-04:00,28.054755692405234,28.054755692405234,27.03820634830278,27.14783477783203,1399400,0.0,0.0
2023-09-18 00:00:00-04:00,27.307295545314307,27.466754055581326,26.978412130276663,26.988378524780273,201700,0.0,0.0
2023-09-19 00:00:00-04:00,27.008309245433402,27.01827563917377,26.74918871086966,26.838884353637695,192500,0.0,0.0
2023-09-20 00:00:00-04:00,26.998345748526344,27.09800779572815,26.380442576591488,26.400375366210938,159400,0.0,0.0
2023-09-21 00:00:00-04:00,26.151217255545067,26.420304172148096,25.882130338942037,26.250879287719727,144500,0.0,0.0
2023-09-22 00:00:00-04:00,26.260848344038852,26.56979896430415,26.121320724487305,26.121320724487305,181500,0.0,0.0
2023-09-25 00:00:00-04:00,26.001725158338513,26.539897090662,26.001725158338513,26.480100631713867,167000,0.0,0.0
2023-09-26 00:00:00-04:00,26.35054240818265,26.490068118452548,25.921996982759126,25.96186065673828,232400,0.0,0.0
2023-09-27 00:00:00-04:00,26.18111748856984,27.01827555107839,26.18111748856984,26.878747940063477,168600,0.0,0.0
2023-09-28 00:00:00-04:00,26.94851261487146,27.3471588575096,26.77908772413835,26.91861343383789,306900,0.0,0.0
2023-09-29 00:00:00-04:00,27.008311303549416,27.008311303549416,26.290746106724463,26.340578079223633,246200,0.0,0.0
2023-10-02 00:00:00-04:00,26.181119288518705,26.818953322511383,26.0615244566974,26.689393997192383,253800,0.0,0.0
2023-10-03 00:00:00-04:00,26.679425864955373,27.038206535258322,26.539898253436498,26.609663009643555,205500,0.0,0.0
2023-10-04 00:00:00-04:00,26.669460015910364,27.25746395254117,26.519967908489626,27.24749755859375,316400,0.0,0.0
2023-10-05 00:00:00-04:00,27.24749517777202,27.516976363724755,27.08780304617344,27.0977840423584,274800,0.04,0.0
2023-10-06 00:00:00-04:00,26.997978098842438,27.177632236882584,26.419093600535593,26.508920669555664,436000,0.0,0.0
2023-10-09 00:00:00-04:00,26.488959931216943,26.997977438302904,26.379170870949533,26.70853614807129,334300,0.0,0.0
2023-10-10 00:00:00-04:00,26.708535353221244,27.30738181298826,26.63867028192317,26.65863037109375,936300,0.0,0.0
2023-10-11 00:00:00-04:00,26.588765598885058,27.11774699330436,26.588765598885058,27.037900924682617,284000,0.0,0.0
2023-10-12 00:00:00-04:00,27.087803553187022,27.087803553187022,25.710458416448873,26.289342880249023,314000,0.0,0.0
2023-10-13 00:00:00-04:00,26.369189611298363,26.369189611298363,25.75038114643469,25.850189208984375,299400,0.0,0.0
2023-10-16 00:00:00-04:00,25.999899867791434,26.33924613194574,25.60066952869238,25.94001579284668,237500,0.0,0.0
2023-10-17 00:00:00-04:00,25.810268717641872,30.16188261853365,25.64059557194945,29.692787170410156,1064100,0.0,0.0
2023-10-18 00:00:00-04:00,29.62292169972628,29.942305992389546,28.834440061493357,28.944229125976562,863400,0.0,0.0
2023-10-19 00:00:00-04:00,28.82445893225149,29.153824220510685,28.365344489572834,28.69470977783203,611500,0.0,0.0
2023-10-20 00:00:00-04:00,28.864382499808002,28.97417156218779,28.02599779578897,28.065921783447266,399000,0.0,0.0
2023-10-23 00:00:00-04:00,28.195669651001744,28.544996912369708,28.08588059362542,28.22561264038086,443000,0.0,0.0
2023-10-24 00:00:00-04:00,28.38530429636102,28.754591640723078,28.085880118674616,28.195669174194336,302100,0.0,0.0
2023-10-25 00:00:00-04:00,28.405264212321462,28.824456535585927,28.055938862668057,28.784534454345703,971200,0.0,0.0
2023-10-26 00:00:00-04:00,29.01409261351796,29.024073610077295,28.53501620075244,28.844419479370117,486700,0.0,0.0
2023-10-27 00:00:00-04:00,28.874362658424783,29.093938873128987,28.345381259393182,28.375324249267578,261800,0.0,0.0
2023-10-30 00:00:00-04:00,28.634823805573774,28.80449693701316,28.3853046066147,28.455169677734375,227500,0.0,0.0
2023-10-31 00:00:00-04:00,28.405267099726302,28.485115077684085,27.97609564028664,28.245574951171875,347900,0.0,0.0
2023-11-01 00:00:00-04:00,28.165726185321578,28.345380311197342,27.866303911315566,28.195669174194336,267700,0.0,0.0
2023-11-02 00:00:00-04:00,28.515056182846568,28.84442147739776,28.035979736895847,28.12580680847168,692500,0.0,0.0
2023-11-03 00:00:00-04:00,28.365343113077255,28.664765395626155,27.986074761603287,28.00603485107422,433900,0.0,0.0
2023-11-06 00:00:00-05:00,27.906227587419167,28.07590072669949,27.606805296303534,27.93617057800293,275000,0.0,0.0
2023-11-07 00:00:00-05:00,27.746535445000095,27.996054655489957,27.596824299442282,27.93617057800293,280400,0.0,0.0
2023-11-08 00:00:00-05:00,27.916207316955944,28.245572583702995,27.756515181786487,27.8563232421875,197600,0.0,0.0
2023-11-09 00:00:00-05:00,28.085881404565114,28.11582439480879,27.71659404329552,27.916208267211914,265100,0.0,0.0
2023-11-10 00:00:00-05:00,28.105842438166658,28.245572580504003,27.89624722466064,27.976093292236328,365800,0.0,0.0
2023-11-13 00:00:00-05:00,28.006036402776218,28.49509383999903,27.876287247464266,28.345382690429688,316000,0.0,0.0
2023-11-14 00:00:00-05:00,28.944227527714812,29.0939386686738,28.564959177040013,29.08395767211914,547700,0.0,0.0
2023-11-15 00:00:00-05:00,29.073978158893972,29.203729217043872,28.5449986402721,28.574939727783203,614600,0.0,0.0
2023-11-16 00:00:00-05:00,28.57493847655569,28.774554601731506,28.095862060550278,28.25555419921875,291500,0.0,0.0
2023-11-17 00:00:00-05:00,28.52503683138512,28.60488290473414,28.09586347325393,28.345382690429688,632600,0.0,0.0
2023-11-20 00:00:00-05:00,28.475132965326196,28.56496003333042,28.14576768387088,28.175708770751953,203400,0.0,0.0
2023-11-21 00:00:00-05:00,28.006036153837673,28.105844220556918,27.716594854400455,27.72657585144043,183500,0.0,0.0
2023-11-22 00:00:00-05:00,27.906227281420673,28.155746489174494,27.79644012451172,27.79644012451172,141200,0.0,0.0
2023-11-24 00:00:00-05:00,27.83636203865883,27.9860750853456,27.78645895888355,27.906227111816406,79300,0.0,0.0
2023-11-27 00:00:00-05:00,27.726574575682715,27.91620779967527,27.44711238246358,27.766496658325195,573000,0.0,0.0
2023-11-28 00:00:00-05:00,27.76649833508696,27.76649833508696,27.007959682268815,27.027921676635742,219000,0.0,0.0
2023-11-29 00:00:00-05:00,27.247496769123778,27.49701597727942,27.107766621734374,27.197593688964844,325600,0.0,0.0
2023-11-30 00:00:00-05:00,27.3273436313698,27.39721061076931,27.05786432555097,27.24749755859375,387000,0.0,0.0
2023-12-01 00:00:00-05:00,27.207573695412705,28.195669495301996,27.207573695412705,28.095861434936523,276600,0.0,0.0
2023-12-04 00:00:00-05:00,27.88626818060935,28.95421012308236,27.88626818060935,28.944229125976562,382100,0.0,0.0
2023-12-05 00:00:00-05:00,28.964190190616126,29.054017258004844,28.385305702822443,28.644805908203125,418000,0.0,0.0
2023-12-06 00:00:00-05:00,28.884344925721866,29.253632298682735,28.4950936549527,28.574939727783203,382500,0.0,0.0
2023-12-07 00:00:00-05:00,28.485113616241332,28.694708836585416,28.345381565664802,28.51505470275879,316500,0.0,0.0
2023-12-08 00:00:00-05:00,28.415247121994227,28.68472832731366,28.275516972723633,28.425228118896484,216400,0.0,0.0
2023-12-11 00:00:00-05:00,28.49509286778982,28.714670989768365,28.395286707269193,28.525035858154297,263200,0.0,0.0
2023-12-12 00:00:00-05:00,28.634826055946874,28.84442128577771,28.185690701051424,28.355363845825195,380800,0.0,0.0
2023-12-13 00:00:00-05:00,28.435208597678134,29.093939151780294,28.245573467351612,28.994131088256836,385400,0.0,0.0
2023-12-14 00:00:00-05:00,29.39336251848449,29.692784796981886,28.98415118282052,29.423303604125977,343600,0.0,0.0
2023-12-15 00:00:00-05:00,29.50314966841707,29.682803796966038,29.223689382834607,29.543073654174805,1175300,0.0,0.0
2023-12-18 00:00:00-05:00,29.632903090660058,29.90238240137579,29.01409458764046,29.692787170410156,370400,0.0,0.0
2023-12-19 00:00:00-05:00,29.89240214421174,30.401419657794175,29.80257507624296,30.22176742553711,368900,0.0,0.0
2023-12-20 00:00:00-05:00,32.09815165279328,32.876650384934266,29.41332436740931,30.860536575317383,841000,0.0,0.0
2023-12-21 00:00:00-05:00,31.549209240884966,32.13807472354028,30.97032475498251,32.008323669433594,471700,0.0,0.0
2023-12-22 00:00:00-05:00,32.237880985933664,32.73691940307617,32.05822685117349,32.73691940307617,305200,0.0,0.0
2023-12-26 00:00:00-05:00,32.53730170459992,32.54728460458317,32.2079383450076,32.3975715637207,210300,0.0,0.0
2023-12-27 00:00:00-05:00,32.297768741928785,32.43749889723138,32.06821151430864,32.36763381958008,201400,0.0,0.0
2023-12-28 00:00:00-05:00,32.26782564568411,32.26782564568411,31.309670901813423,31.639036178588867,248100,0.0,0.0
2023-12-29 00:00:00-05:00,31.569169082296494,31.639036059016732,31.000265597623528,31.030208587646484,198500,0.0,0.0
2024-01-02 00:00:00-05:00,30.7407649485658,30.900457085674162,30.3415346057949,30.521188735961914,276100,0.0,0.0
2024-01-03 00:00:00-05:00,30.461305555816537,30.461305555816537,29.21370950818657,29.253631591796875,364000,0.0,0.0
2024-01-04 00:00:00-05:00,29.503149679246466,29.553054661461953,29.143843325697066,29.30353546142578,243200,0.0,0.0
2024-01-05 00:00:00-05:00,29.044036418266025,29.393363692924307,28.64480606309106,28.65478515625,217800,0.0,0.0
2024-01-08 00:00:00-05:00,28.584920388575135,28.804498514036307,28.395287157633867,28.794517517089844,221000,0.0,0.0
2024-01-09 00:00:00-05:00,28.385306472865498,28.824458921256557,28.19567133615813,28.81447982788086,173500,0.0,0.0
2024-01-10 00:00:00-05:00,28.70468916462103,29.113900502724146,28.674746175120646,29.073976516723633,202900,0.0,0.0
2024-01-11 00:00:00-05:00,29.024073429443224,29.353438699129736,28.884343285843016,29.31351661682129,271300,0.0,0.0
2024-01-12 00:00:00-05:00,29.772631843053063,29.772631843053063,28.974171138371712,29.243650436401367,142400,0.0,0.0
2024-01-16 00:00:00-05:00,29.05401720883985,29.453247561180522,28.984152135140288,29.243650436401367,136800,0.0,0.0
2024-01-17 00:00:00-05:00,28.91428437165424,29.363419695626956,28.91428437165424,29.31351661682129,144800,0.0,0.0
2024-01-18 00:00:00-05:00,29.313517701845758,29.642882983723553,29.183766646259674,29.622920989990234,196200,0.0,0.0
2024-01-19 00:00:00-05:00,29.752668537591905,29.942303660472074,29.363419199183497,29.88241958618164,185800,0.0,0.0
2024-01-22 00:00:00-05:00,30.141921354418248,30.501227722612878,30.032132292749626,30.22176742553711,257400,0.0,0.0
2024-01-23 00:00:00-05:00,30.59105504280535,31.08011247040073,30.341535830541556,30.960344314575195,358400,0.0,0.0
2024-01-24 00:00:00-05:00,31.26974710518478,31.26974710518478,30.401419422759787,31.169939041137695,286700,0.0,0.0
2024-01-25 00:00:00-05:00,31.559189940416623,32.50736177884267,31.50928495712233,31.748823165893555,301200,0.0,0.0
2024-01-26 00:00:00-05:00,31.918496471804115,32.387593798867655,31.509285125012816,31.639036178588867,301900,0.0,0.0
2024-01-29 00:00:00-05:00,31.499305526791215,31.978383871836677,31.499305526791215,31.8486328125,165100,0.0,0.0
2024-01-30 00:00:00-05:00,31.688939701987625,32.37761135163283,31.688939701987625,32.02828598022461,289500,0.0,0.0
2024-01-31 00:00:00-05:00,32.05822681342772,32.28778402815967,31.120035960954397,31.169939041137695,279100,0.0,0.0
2024-02-01 00:00:00-05:00,31.399496554075093,31.459382535280376,30.90045813278072,31.429439544677734,197900,0.0,0.0
2024-02-02 00:00:00-05:00,31.130015514190486,32.048246234219306,31.130015514190486,31.678956985473633,191200,0.0,0.0
2024-02-05 00:00:00-05:00,31.2797269855854,31.459381113722202,30.970323711394464,31.2198429107666,154300,0.0,0.0
2024-02-06 00:00:00-05:00,31.070130788085397,31.67895826175656,30.980305625037975,31.639036178588867,157200,0.0,0.0
2024-02-07 00:00:00-05:00,31.68893976469143,31.858612904145662,31.299690405106052,31.30967140197754,158500,0.0,0.0
2024-02-08 00:00:00-05:00,31.27972856602159,31.47934469707725,31.080112434965933,31.319650650024414,199900,0.0,0.0
2024-02-09 00:00:00-05:00,30.481266955378732,31.000265454280285,30.37147789614934,30.780689239501953,323700,0.0,0.0
2024-02-12 00:00:00-05:00,30.78068935951546,31.499303986421335,30.74076537284712,31.389516830444336,417800,0.0,0.0
2024-02-13 00:00:00-05:00,30.750746999257426,31.359574482654455,30.710824915451994,31.30967140197754,453800,0.0,0.0
2024-02-14 00:00:00-05:00,31.649012581675233,32.58720715606233,31.51926344280742,32.54728317260742,353600,0.0,0.0
2024-02-15 00:00:00-05:00,32.65707541462796,33.136151840819544,32.447476384688336,32.507362365722656,401000,0.0,0.0
2024-02-16 00:00:00-05:00,32.417535551120324,33.27588224917996,32.237881413974776,33.245941162109375,327500,0.0,0.0
2024-02-20 00:00:00-05:00,32.85668864210648,33.31580689463269,32.796806466782996,33.04632568359375,293000,0.0,0.0
2024-02-21 00:00:00-05:00,32.96647484645922,33.106204986572266,32.836727606274685,33.106204986572266,207800,0.0,0.0
2024-02-22 00:00:00-05:00,33.09622556786626,33.83480405350664,33.0163814060288,33.80485916137695,229200,0.0,0.0
2024-02-23 00:00:00-05:00,33.8647461006938,34.02443823626783,33.52539983667889,33.625205993652344,139400,0.0,0.0
2024-02-26 00:00:00-05:00,33.495458751059026,33.73499505073964,33.345745708238006,33.625205993652344,143300,0.0,0.0
2024-02-27 00:00:00-05:00,33.80486187062159,34.25399721495495,33.615228639619076,33.7349967956543,173900,0.0,0.0
2024-02-28 00:00:00-05:00,33.46551608650349,33.90467234409553,33.435574998889884,33.5254020690918,147000,0.0,0.0
2024-02-29 00:00:00-05:00,33.864746420692825,33.894687506595616,33.545362146526806,33.64516830444336,225600,0.0,0.0
2024-03-01 00:00:00-05:00,33.50543528941147,33.59526234678365,32.88662878715905,32.98643493652344,294500,0.0,0.0
2024-03-04 00:00:00-05:00,32.77684291704077,33.525400531948186,32.61715077815495,32.70697784423828,250100,0.0,0.0
2024-03-05 00:00:00-05:00,32.53730331315228,32.77684342890225,32.008323808712355,32.257843017578125,150800,0.0,0.0
2024-03-06 00:00:00-05:00,32.50736107970768,32.916572415517685,32.24786278688022,32.906593322753906,160500,0.0,0.0
2024-03-07 00:00:00-05:00,33.206017799515905,33.55534317978522,33.196034898730446,33.28586196899414,149400,0.0,0.0
2024-03-08 00:00:00-05:00,33.5254020690918,33.67511512188201,33.26590375926467,33.5254020690918,122900,0.0,0.0
2024-03-11 00:00:00-04:00,33.3856726096061,33.3856726096061,32.69699712131909,33.08625030517578,111000,0.0,0.0
2024-03-12 00:00:00-04:00,33.0063991485957,33.32578341688313,32.86666900714005,33.12616729736328,177900,0.0,0.0
2024-03-13 00:00:00-04:00,33.06628544399658,33.31580464395081,32.88663131544066,33.1461296081543,172200,0.0,0.0
2024-03-14 00:00:00-04:00,33.00639995402448,33.11618901280753,32.716956764025696,32.9365348815918,214900,0.0,0.0
2024-03-15 00:00:00-04:00,32.85668469965651,34.772994034654275,32.85668469965651,34.234031677246094,804900,0.0,0.0
2024-03-18 00:00:00-04:00,34.24401965700774,34.69315121411677,34.164171677830275,34.31388473510742,309900,0.0,0.0
2024-03-19 00:00:00-04:00,34.27395786987353,34.90274732737531,34.27395786987353,34.613304138183594,970000,0.0,0.0
2024-03-20 00:00:00-04:00,34.68317217659169,35.36186477125489,34.563404014992656,35.04248046875,451200,0.0,0.0
2024-03-21 00:00:00-04:00,33.00640121813029,35.04247891164738,32.217919590636754,34.70313262939453,863300,0.0,0.0
2024-03-22 00:00:00-04:00,35.15226634750929,35.850917066254546,34.90274714585431,35.082401275634766,408600,0.0,0.0
2024-03-25 00:00:00-04:00,35.19218810816859,35.53153438996838,35.10236103924038,35.18220901489258,308800,0.0,0.0
2024-03-26 00:00:00-04:00,35.3319204612189,35.671266727609755,35.23211049618579,35.321937561035156,323000,0.0,0.0
2024-03-27 00:00:00-04:00,35.54151727104157,35.7211714087991,35.16224700162445,35.421749114990234,271000,0.0,0.0
2024-03-28 00:00:00-04:00,35.40178978934713,35.84094226620865,35.34190380312729,35.59142303466797,362700,0.0,0.0
2024-04-01 00:00:00-04:00,35.840939721414365,35.840939721414365,35.28201531179817,35.43172836303711,260100,0.0,0.0
2024-04-02 00:00:00-04:00,35.132304363296015,35.20216943518805,34.403708751164224,34.84286117553711,480600,0.0,0.0
2024-04-03 00:00:00-04:00,34.733072750416625,35.21214916955937,34.733072750416625,34.88278579711914,233000,0.0,0.0
2024-04-04 00:00:00-04:00,35.12232018629854,35.301974309593014,34.623281801005156,34.76301574707031,264400,0.0,0.0
2024-04-05 00:00:00-04:00,34.802937803277366,35.35187929526478,34.802937803277366,35.12232208251953,226300,0.0,0.0
2024-04-08 00:00:00-04:00,35.331921413227455,35.531533733950454,35.272035432593974,35.3818244934082,121700,0.0,0.0
2024-04-09 00:00:00-04:00,35.43172775236572,35.60139898730856,34.94266842646043,35.15226745605469,183600,0.0,0.0
2024-04-10 00:00:00-04:00,34.78297614651456,35.0125371688423,34.53345693798185,34.902748107910156,250200,0.0,0.0
2024-04-11 00:00:00-04:00,35.01253508679022,35.28201246550317,34.80293607049241,35.252071380615234,184100,0.0,0.0
2024-04-12 00:00:00-04:00,35.01253827672524,35.39180474439598,34.89276631153976,34.97261428833008,247900,0.0,0.0
2024-04-15 00:00:00-04:00,35.152268746785445,35.37184307022322,34.62328541416637,34.992576599121094,440100,0.0,0.0
2024-04-16 00:00:00-04:00,34.94266748889676,35.27203466416391,34.772996258506446,34.852840423583984,346100,0.0,0.0
2024-04-17 00:00:00-04:00,35.06244058527091,35.132305659741085,34.52347817590582,34.683170318603516,301000,0.0,0.0
2024-04-18 00:00:00-04:00,34.693149411801684,34.93268952952872,34.53345726910399,34.683170318603516,453900,0.0,0.0
2024-04-19 00:00:00-04:00,34.57338170594258,35.11234412231215,34.57338170594258,34.95265197753906,411200,0.0,0.0
2024-04-22 00:00:00-04:00,35.07241979771965,35.461669158908705,35.00255472301192,35.1722297668457,251900,0.0,0.0
2024-04-23 00:00:00-04:00,35.17222720809498,36.190262167592365,35.17222720809498,35.97068786621094,285100,0.0,0.0
2024-04-24 00:00:00-04:00,35.87087994996731,36.32999818600693,35.781052882846616,36.10043716430664,237200,0.0,0.0
2024-04-25 00:00:00-04:00,35.76109628888494,36.05053568928412,35.40178800440472,35.96070861816406,308300,0.0,0.0
2024-04-26 00:00:00-04:00,35.88086238063492,36.36991788949723,35.88086238063492,36.07049560546875,237100,0.0,0.0
2024-04-29 00:00:00-04:00,36.20024981988455,36.4497690462631,36.13038474108745,36.27011489868164,190400,0.0,0.0
2024-04-30 00:00:00-04:00,36.180284214744646,36.310035265575806,35.55149476095149,35.56147766113281,373100,0.0,0.0
2024-05-01 00:00:00-04:00,35.5814412588457,35.741133402701166,35.052457938843624,35.421749114990234,379600,0.0,0.0
2024-05-02 00:00:00-04:00,35.721171781149145,36.44976743304451,35.721171781149145,36.40984344482422,246700,0.0,0.0
2024-05-03 00:00:00-04:00,36.609457488627754,36.79909071080684,36.31003520879099,36.75917053222656,209500,0.0,0.0
2024-05-06 00:00:00-04:00,36.928845792613274,37.61751749214979,36.91886669871909,37.49774932861328,217000,0.0,0.0
2024-05-07 00:00:00-04:00,37.59755244877656,38.2363248196924,37.59755244877656,37.78718948364258,280800,0.0,0.0
2024-05-08 00:00:00-04:00,37.64745792006625,37.986804182609404,37.41790071413424,37.457820892333984,202100,0.0,0.0
2024-05-09 00:00:00-04:00,37.55763101929899,37.607534097785944,37.278166926522516,37.467803955078125,191800,0.0,0.0
2024-05-10 00:00:00-04:00,37.587570666348455,38.58564742733207,37.417899444514376,38.57566833496094,270400,0.0,0.0
2024-05-13 00:00:00-04:00,38.65551495033462,38.84514817631189,37.527687072753906,37.527687072753906,226800,0.0,0.0
2024-05-14 00:00:00-04:00,37.92691982626446,37.98680580716641,37.258210172650436,37.318092346191406,219000,0.0,0.0
2024-05-15 00:00:00-04:00,37.52768564075602,37.96684186342512,37.43785857769741,37.677398681640625,150800,0.0,0.0
2024-05-16 00:00:00-04:00,37.647458877397874,37.65743797036136,37.10849648070753,37.51770782470703,144200,0.0,0.0
2024-05-17 00:00:00-04:00,37.59755007551628,37.84706926786463,37.34803088316794,37.637474060058594,317200,0.0,0.0
2024-05-20 00:00:00-04:00,37.48776766350515,38.11655333446558,37.447843675944206,37.81713104248047,212600,0.0,0.0
2024-05-21 00:00:00-04:00,37.67739803799689,38.54572376115595,37.67739803799689,38.3560905456543,247600,0.0,0.0
2024-05-22 00:00:00-04:00,38.36607155548565,38.59562876699493,37.80715097350163,38.236324310302734,209400,0.0,0.0
2024-05-23 00:00:00-04:00,38.236326093699844,38.26626718131379,37.78719074268515,37.867034912109375,172500,0.0,0.0
2024-05-24 00:00:00-04:00,38.14649613719688,38.27624337861425,37.886994039640534,38.16645812988281,120200,0.0,0.0
2024-05-28 00:00:00-04:00,38.36607286712249,38.36607286712249,37.627498127861955,37.837093353271484,176000,0.0,0.0
2024-05-29 00:00:00-04:00,37.5476504882029,37.976823843518346,37.14842202775762,37.617515563964844,200500,0.0,0.0
2024-05-30 00:00:00-04:00,37.787188640100304,38.80522744330006,37.787188640100304,38.695438385009766,231000,0.0,0.0
2024-05-31 00:00:00-04:00,38.72538053847807,39.38411109901784,38.54572640311623,39.244380950927734,471200,0.0,0.0
2024-06-03 00:00:00-04:00,39.244381007821204,39.414056050291585,38.336131236557826,38.52576446533203,303600,0.0,0.0
2024-06-04 00:00:00-04:00,38.2662631639406,38.52576144652735,37.717321706935806,38.096588134765625,269100,0.0,0.0
2024-06-05 00:00:00-04:00,38.3860341472587,38.94495854531827,38.23632490647627,38.75532531738281,169300,0.0,0.0
2024-06-06 00:00:00-04:00,38.74534229134146,38.74534229134146,37.81713053352704,38.266265869140625,286100,0.0,0.0
2024-06-07 00:00:00-04:00,37.986805767332946,38.20638008235455,37.657438583759074,37.79716873168945,223900,0.0,0.0
2024-06-10 00:00:00-04:00,37.35801769804115,37.89698012376252,37.348034797179025,37.88699722290039,248200,0.0,0.0
2024-06-11 00:00:00-04:00,37.607535349222644,37.847071656875244,37.36799523420908,37.78718948364258,179900,0.0,0.0
2024-06-12 00:00:00-04:00,38.56568908691406,39.15455458394697,38.46588292430959,38.56568908691406,194900,0.0,0.0
2024-06-13 00:00:00-04:00,38.36606932156025,38.5956265197032,37.74726279581141,38.57566833496094,215700,0.0,0.0
2024-06-14 00:00:00-04:00,38.05667116048516,38.226342396577685,37.42788168216373,37.81713104248047,408900,0.0,0.0
2024-06-17 00:00:00-04:00,37.70734336916608,38.42595994228649,37.70734336916608,38.14649963378906,249000,0.0,0.0
2024-06-18 00:00:00-04:00,38.05667000597314,38.76530363055789,37.966842940366554,38.46588134765625,297000,0.0,0.0
2024-06-20 00:00:00-04:00,38.425957678428354,38.96492007651579,38.3461097050698,38.485843658447266,357300,0.0,0.0
2024-06-21 00:00:00-04:00,37.98680430556898,38.455897811661146,37.867032348499606,38.42595672607422,806000,0.0,0.0
2024-06-24 00:00:00-04:00,38.705418600954324,39.384111156113875,38.49582337851531,38.52576446533203,1009000,0.0,0.0
2024-06-25 00:00:00-04:00,35.551493008472946,38.266263005119555,35.11234060616392,37.36799240112305,1169700,0.0,0.0
2024-06-26 00:00:00-04:00,37.21828690210164,38.37605590364116,37.11847693200966,38.086612701416016,714200,0.0,0.0
2024-06-27 00:00:00-04:00,38.40599507578941,38.40599507578941,37.51770732675305,37.96684265136719,441800,0.0,0.0
2024-06-28 00:00:00-04:00,38.29620824591659,38.81520867262604,37.66742256223492,38.10657501220703,804100,0.0,0.0
2024-07-01 00:00:00-04:00,38.16645879965793,38.25628586464059,37.188340177686364,37.48776626586914,307400,0.0,0.0
2024-07-02 00:00:00-04:00,37.47778365421715,38.1065731139369,37.35801550243845,37.9868049621582,268300,0.0,0.0
2024-07-03 00:00:00-04:00,37.97682361742258,38.36607298216778,37.857055460738145,38.32615280151367,120200,0.0,0.0
2024-07-05 00:00:00-04:00,38.17643785092625,38.39601596672496,37.807150498560034,38.20637893676758,215700,0.0,0.0
2024-07-08 00:00:00-04:00,38.505805827939305,38.905034274475625,38.236324627662796,38.25628662109375,230500,0.0,0.0
2024-07-09 00:00:00-04:00,38.27624371120822,38.53574581101945,37.66742006212057,37.707340240478516,283700,0.0,0.0
2024-07-10 00:00:00-04:00,37.84707021404651,38.1464962982388,37.81712912857161,37.93689727783203,269900,0.0,0.0
2024-07-11 00:00:00-04:00,38.51578567069864,39.21444022493795,38.356093527503454,38.7852668762207,314500,0.0,0.0
2024-07-12 00:00:00-04:00,39.124612359743786,39.304266493100236,38.63555303952658,38.7353630065918,256700,0.0,0.0
2024-07-15 00:00:00-04:00,39.0647259884568,40.12268878459197,38.95493692946455,39.91309356689453,288600,0.0,0.0
2024-07-16 00:00:00-04:00,40.332285278055224,41.80943855630968,40.24245820943484,41.6796875,357200,0.0,0.0
2024-07-17 00:00:00-04:00,41.510015225640494,42.04897762388912,40.641689455591646,40.651668548583984,347900,0.0,0.0
2024-07-18 00:00:00-04:00,40.32230457176128,41.03093819177339,40.04284047647696,40.132667541503906,206100,0.0,0.0
2024-07-19 00:00:00-04:00,40.10272808405016,40.10272808405016,39.38411153465401,39.75340270996094,321600,0.0,0.0
2024-07-22 00:00:00-04:00,40.032863587326695,40.32230679138663,39.40407409752503,40.27239990234375,175900,0.0,0.0
2024-07-23 00:00:00-04:00,40.07278502390771,41.260495044693585,40.07278502390771,40.831321716308594,233700,0.0,0.0
2024-07-24 00:00:00-04:00,40.51193941321231,40.88122678091668,39.913094827347884,39.99293899536133,239900,0.0,0.0
2024-07-25 00:00:00-04:00,40.06280246952304,41.060879277662075,39.59370515134222,40.132667541503906,313700,0.0,0.0
2024-07-26 00:00:00-04:00,40.831323318404486,41.09082162122436,40.47201504729929,40.691593170166016,237800,0.0,0.0
2024-07-29 00:00:00-04:00,40.80138293609629,40.881227104742194,39.943036230826785,40.012901306152344,194600,0.0,0.0
2024-07-30 00:00:00-04:00,40.23247769749785,40.54187907277703,39.64361222560926,39.66357421875,272600,0.0,0.0
2024-07-31 00:00:00-04:00,40.002923946314894,40.681612734978984,39.424037517262214,40.1226921081543,483900,0.0,0.0
2024-08-01 00:00:00-04:00,39.98295900469494,40.11270625072472,38.4359368791065,39.214439392089844,487300,0.0,0.0
2024-08-02 00:00:00-04:00,38.016744758711816,38.73536125972991,37.7173224857412,38.625572204589844,288400,0.0,0.0
2024-08-05 00:00:00-04:00,37.30811179863441,38.35609167571767,36.70926343504337,37.94688034057617,336600,0.0,0.0
2024-08-06 00:00:00-04:00,37.98680461971824,38.944957440032184,37.86703266165836,38.445919036865234,188900,0.0,0.0
2024-08-07 00:00:00-04:00,38.97489817628738,39.314244439691635,38.44591869203049,39.14457321166992,332300,0.0,0.0
2024-08-08 00:00:00-04:00,39.414057802202215,40.092746580167734,39.3641509121414,40.082767486572266,160400,0.0,0.0
2024-08-09 00:00:00-04:00,40.03286296447644,40.24245818869565,39.80330574642287,40.232479095458984,151300,0.0,0.0
2024-08-12 00:00:00-04:00,40.28238060226032,40.28238060226032,39.763380204930954,39.893131256103516,157700,0.0,0.0
2024-08-13 00:00:00-04:00,40.302341627398214,40.302341627398214,39.91309229058977,40.072784423828125,264700,0.0,0.0
2024-08-14 00:00:00-04:00,40.23248044029848,40.23248044029848,39.53382586218636,39.59370803833008,151500,0.0,0.0
2024-08-15 00:00:00-04:00,40.44207240232297,40.501958380986856,39.98295798798241,40.11270523071289,207200,0.0,0.0
2024-08-16 00:00:00-04:00,40.072785369726525,40.132667541503906,39.67355312352656,40.132667541503906,213400,0.0,0.0
2024-08-19 00:00:00-04:00,40.322305528073336,40.322305528073336,39.86318729184635,40.19255447387695,149400,0.0,0.0
2024-08-20 00:00:00-04:00,39.98295880693532,40.08276496605857,39.643612535611005,39.68353271484375,155900,0.0,0.0
2024-08-21 00:00:00-04:00,39.992936291036116,40.44207160374439,39.79332017345902,40.062801361083984,125000,0.0,0.0
2024-08-22 00:00:00-04:00,40.05282465931166,40.23247879511871,39.843225629296114,39.97297668457031,89800,0.0,0.0
2024-08-23 00:00:00-04:00,40.30234286856599,41.03093848686417,40.092743843755116,40.63170623779297,167900,0.0,0.0
2024-08-26 00:00:00-04:00,40.921151496815654,41.13074672486195,40.68161137379054,40.76145935058594,137000,0.0,0.0
2024-08-27 00:00:00-04:00,40.58180221279902,40.79139742536468,40.252438851247376,40.57182312011719,157700,0.0,0.0
2024-08-28 00:00:00-04:00,40.54188048148896,40.6117455562287,40.082766045381824,40.232479095458984,169200,0.0,0.0
2024-08-29 00:00:00-04:00,40.58180315849929,41.28045769069345,40.22249489580739,40.63170623779297,347000,0.0,0.0
2024-08-30 00:00:00-04:00,40.93112928532947,41.28045846163093,40.38218778812542,41.16069030761719,339100,0.0,0.0
2024-09-03 00:00:00-04:00,40.71155621190483,40.80138328199364,39.58372828909216,39.7933235168457,287900,0.0,0.0
2024-09-04 00:00:00-04:00,39.57374618934367,40.022877698306985,39.53382220403469,39.843223571777344,262800,0.0,0.0
2024-09-05 00:00:00-04:00,40.06280184720833,40.15262891083995,39.623649429098634,39.853206634521484,241400,0.0,0.0
2024-09-06 00:00:00-04:00,39.75340373420034,39.98296095842505,39.02480426542311,39.094669342041016,214300,0.0,0.0
2024-09-09 00:00:00-04:00,39.18449465318779,39.47393784752609,38.815207292312586,39.22441864013672,459400,0.0,0.0
2024-09-10 00:00:00-04:00,39.34418744780103,39.643613547535615,38.7453428630539,39.024803161621094,329000,0.0,0.0
2024-09-11 00:00:00-04:00,38.86510988556537,39.58372641220219,38.346109483812214,39.43401336669922,207100,0.0,0.0
2024-09-12 00:00:00-04:00,39.72345588779977,40.172591209376776,39.36414763053817,40.11270523071289,143800,0.0,0.0
2024-09-13 00:00:00-04:00,40.55186235696353,41.27047508002922,40.38218731734128,41.13074493408203,169900,0.0,0.0
2024-09-16 00:00:00-04:00,41.36030022260338,41.659726301261664,40.89120672693617,41.49005126953125,166800,0.0,0.0
2024-09-17 00:00:00-04:00,41.88928318122699,42.13880237328603,41.2405317589292,41.470088958740234,287600,0.0,0.0
2024-09-18 00:00:00-04:00,41.63976638904618,41.76951363509506,41.04091800917386,41.38026428222656,366700,0.0,0.0
2024-09-19 00:00:00-04:00,42.328435260592315,42.77757056429032,41.77949380378839,41.929203033447266,267700,0.0,0.0
2024-09-20 00:00:00-04:00,41.86932325046033,42.378340752084085,41.43016701410323,41.839378356933594,962400,0.0,0.0
2024-09-23 00:00:00-04:00,42.07891527407753,42.3982995268046,41.6297799788799,41.63976287841797,191300,0.0,0.0
2024-09-24 00:00:00-04:00,41.82940006042696,41.99907510243941,41.549939764595834,41.889286041259766,260600,0.0,0.0
2024-09-25 00:00:00-04:00,41.91922425332749,42.907321928823215,41.58985709237535,42.42824172973633,317400,0.0,0.0
2024-09-26 00:00:00-04:00,42.907324560697475,42.917303653750224,41.629783630371094,41.629783630371094,308000,0.0,0.0
2024-09-27 00:00:00-04:00,41.939187374130434,42.49811174986501,41.65972708994355,41.77949523925781,248200,0.0,0.0
2024-09-30 00:00:00-04:00,41.54994229477068,41.9192296806582,41.40022923725242,41.80944061279297,260100,0.0,0.0
2024-10-01 00:00:00-04:00,41.66970649967742,41.879301714412186,40.85128382630855,41.79945755004883,278800,0.0,0.0
2024-10-02 00:00:00-04:00,41.60982274148788,42.12882316331032,41.57988165417385,41.699649810791016,249500,0.0,0.0
2024-10-03 00:00:00-04:00,41.55992063199271,41.74955767571206,41.25051923621674,41.519996643066406,336500,0.0,0.0
2024-10-04 00:00:00-04:00,42.128821821113796,42.627860233040835,41.76951355534858,42.57795715332031,233100,0.0,0.0
2024-10-07 00:00:00-04:00,42.33819393076545,42.717816323471624,42.14837892347823,42.68784713745117,277400,0.04,0.0
2024-10-08 00:00:00-04:00,42.87765917054682,42.87765917054682,42.14837974598915,42.24828338623047,280800,0.0,0.0
2024-10-09 00:00:00-04:00,42.12839901794089,42.727809426586155,42.07844910328733,42.24828338623047,282100,0.0,0.0
2024-10-10 00:00:00-04:00,41.868658968030886,42.478057861328125,41.67884775984584,42.478057861328125,325300,0.0,0.0
2024-10-11 00:00:00-04:00,42.48804589973285,43.85669723409106,42.48804589973285,43.68686294555664,227500,0.0,0.0
2024-10-14 00:00:00-04:00,43.686861219644804,44.006545244443664,43.357188736354686,43.86668395996094,326000,0.0,0.0
2024-10-15 00:00:00-04:00,43.7767715637784,44.11643630853302,43.367176178421424,43.487056732177734,487100,0.0,0.0
2024-10-16 00:00:00-04:00,38.861628514853166,43.33720874950373,38.322160284679875,43.01752471923828,968500,0.0,0.0
2024-10-17 00:00:00-04:00,42.907632843293236,44.58597591641614,42.907632843293236,44.53602600097656,537400,0.0,0.0
2024-10-18 00:00:00-04:00,44.396160032302056,44.506052130675876,43.46707714178507,43.98656463623047,768400,0.0,0.0
2024-10-21 00:00:00-04:00,44.07647809067805,44.83573054574151,43.63691348733325,44.16638946533203,547800,0.0,0.0
2024-10-22 00:00:00-04:00,44.12642688181672,44.46609164285183,43.6668815612793,43.6668815612793,547900,0.0,0.0
2024-10-23 00:00:00-04:00,43.537012966251886,43.55698988391789,43.10743682868068,43.44710159301758,318400,0.0,0.0
2024-10-24 00:00:00-04:00,43.25728524390115,43.70684209622054,42.627905650654,43.69685363769531,337000,0.0,0.0
2024-10-25 00:00:00-04:00,44.02652745069016,45.12544084646895,43.9665852649273,44.72583770751953,380100,0.0,0.0
2024-10-28 00:00:00-04:00,45.0555076823609,45.07548840983119,44.38617046130966,44.76579666137695,328200,0.0,0.0
2024-10-29 00:00:00-04:00,44.35620141588037,44.59596252441406,44.02652512797891,44.59596252441406,311100,0.0,0.0
2024-10-30 00:00:00-04:00,44.41614063940059,44.715843936282745,43.83671477355298,43.86668395996094,324000,0.0,0.0
2024-10-31 00:00:00-04:00,43.98656567824855,44.31624198117987,43.57697027247387,44.07647705078125,449400,0.0,0.0
2024-11-01 00:00:00-04:00,44.09645854950188,44.61594606532807,43.70684386536583,44.216339111328125,310600,0.0,0.0
2024-11-04 00:00:00-05:00,44.3562047016708,45.74483297517452,44.226331868549515,45.39517593383789,429600,0.0,0.0
2024-11-05 00:00:00-05:00,45.42514734411997,46.72386419710812,45.33523597217049,46.683902740478516,232000,0.0,0.0
2024-11-06 00:00:00-05:00,48.91170318693826,51.58905984377762,48.91170318693826,50.94969177246094,708900,0.0,0.0
2024-11-07 00:00:00-05:00,50.91972223209319,51.24939472429703,50.320311811187786,50.59004592895508,401300,0.0,0.0
2024-11-08 00:00:00-05:00,50.879761668213035,51.73891395226983,50.76986956523818,50.84979248046875,375500,0.0,0.0
2024-11-11 00:00:00-05:00,50.87975884940461,51.85879164113314,50.87975884940461,51.519126892089844,337900,0.0,0.0
2024-11-12 00:00:00-05:00,51.5890582308633,51.74890024369507,49.55106970905765,49.68094253540039,373100,0.0,0.0
2024-11-13 00:00:00-05:00,49.9506756597678,50.00062557324075,48.691920309952664,48.72188949584961,375400,0.0,0.0
2024-11-14 00:00:00-05:00,48.99162485763354,49.101516956651594,47.82277703554561,48.06254196166992,368600,0.0,0.0
2024-11-15 00:00:00-05:00,48.34226365203244,48.40220583520467,47.37321931755256,47.513084411621094,300200,0.0,0.0
2024-11-18 00:00:00-05:00,47.73286415341621,48.30230154763235,47.183407486655696,47.20338821411133,341300,0.0,0.0
2024-11-19 00:00:00-05:00,46.85373803284802,47.1234683435603,46.36421970594837,47.06352996826172,391900,0.0,0.0
2024-11-20 00:00:00-05:00,46.73385373675361,47.55304456193716,46.52406180099707,47.47312545776367,182700,0.0,0.0
2024-11-21 00:00:00-05:00,47.682916163552704,48.602010608913254,47.682916163552704,47.84275817871094,227400,0.0,0.0
2024-11-22 00:00:00-05:00,48.002599457944825,48.97164380363581,48.002599457944825,48.69192123413086,312600,0.0,0.0
2024-11-25 00:00:00-05:00,49.161455484363664,49.72090443978775,49.021594198241196,49.17144775390625,484800,0.0,0.0
2024-11-26 00:00:00-05:00,49.05156199399532,49.23138473132028,48.302301858786024,48.43217468261719,486000,0.0,0.0
2024-11-27 00:00:00-05:00,48.562047156072786,48.80180826348678,47.692906472562406,47.78281784057617,305700,0.0,0.0
2024-11-29 00:00:00-05:00,48.032571971739905,48.64196701903525,47.98261824688767,48.2123908996582,278900,0.0,0.0
2024-12-02 00:00:00-05:00,48.562050441743125,49.401221996337966,48.4421698799251,49.16145706176758,374200,0.0,0.0
2024-12-03 00:00:00-05:00,49.37124576412769,49.37124576412769,48.07252896517755,48.192413330078125,247400,0.0,0.0
2024-12-04 00:00:00-05:00,48.16244067657821,48.89172008571659,47.882718111685165,48.84177017211914,200800,0.0,0.0
2024-12-05 00:00:00-05:00,48.72189270220235,48.8917231813736,47.11348023035989,47.42317581176758,248100,0.0,0.0
2024-12-06 00:00:00-05:00,47.7528470218414,47.7528470218414,46.853737111631546,47.09349822998047,261900,0.0,0.0
2024-12-09 00:00:00-05:00,47.52307441606588,47.87272763527698,46.86372562345762,47.792808532714844,335100,0.0,0.0
2024-12-10 00:00:00-05:00,47.7828208444412,48.322285275503134,47.353244704807246,47.93267059326172,349600,0.0,0.0
2024-12-11 00:00:00-05:00,48.49211945152341,48.98163396517688,48.342265892116,48.80181121826172,356100,0.0,0.0
2024-12-12 00:00:00-05:00,48.631979465243525,48.631979465243525,48.032572865208394,48.472137451171875,204000,0.0,0.0
2024-12-13 00:00:00-05:00,48.35225594874686,48.931681809336645,48.242363851669275,48.79182052612305,370600,0.0,0.0
2024-12-16 00:00:00-05:00,48.901715132503455,49.35127200228261,48.38222761752914,48.751861572265625,380800,0.0,0.0
2024-12-17 00:00:00-05:00,48.35225862482669,48.612000477894036,46.83375753130199,47.30329132080078,410800,0.0,0.0
2024-12-18 00:00:00-05:00,47.78281919263005,48.32228360504317,45.76481139527967,45.9646110534668,394800,0.0,0.0
2024-12-19 00:00:00-05:00,43.616931516530556,46.43414942756259,42.95758272481954,44.82573699951172,872900,0.0,0.0
2024-12-20 00:00:00-05:00,44.256301111670865,45.565010281682945,43.7567943185122,44.11643981933594,1609300,0.0,0.0
2024-12-23 00:00:00-05:00,44.11643775682069,44.11643775682069,42.14837986428645,42.3681640625,475600,0.0,0.0
2024-12-24 00:00:00-05:00,42.44808631719639,42.52800541744122,42.00851792758028,42.348182678222656,112100,0.0,0.0
2024-12-26 00:00:00-05:00,42.12839889526367,42.33819463369241,41.878645511788974,42.12839889526367,244200,0.0,0.0
2024-12-27 00:00:00-05:00,42.02849794066879,42.258270589999796,40.989522978614964,41.33917999267578,274100,0.0,0.0
2024-12-30 00:00:00-05:00,41.16934793893895,41.62889326242777,40.49001841250577,41.34917068481445,263900,0.0,0.0
2024-12-31 00:00:00-05:00,41.53898347497505,41.70881394201753,40.97953453878656,41.04946517944336,303000,0.0,0.0
2025-01-02 00:00:00-05:00,41.35916214691791,41.56895407603123,40.180325862946496,40.22028350830078,232300,0.0,0.0
2025-01-03 00:00:00-05:00,40.46004772763846,40.829681664508406,40.04046387674838,40.77973175048828,303600,0.0,0.0
2025-01-06 00:00:00-05:00,40.59990833883958,41.51900274751109,40.519989239917855,41.04946517944336,381300,0.0,0.0
2025-01-07 00:00:00-05:00,40.91959527871353,40.97953746538624,40.230277281182055,40.78972625732422,355700,0.0,0.0
2025-01-08 00:00:00-05:00,40.44006800353998,41.299220265372774,40.3801258186676,41.159358978271484,396000,0.0,0.0
2025-01-10 00:00:00-05:00,40.500009302485935,41.12938508067433,40.34016729059035,40.89961242675781,386700,0.0,0.0
2025-01-13 00:00:00-05:00,40.37013718307441,41.61890411376953,40.37013718307441,41.61890411376953,279700,0.0,0.0
2025-01-14 00:00:00-05:00,41.87864639956505,42.43809536234432,41.33918197613371,42.388145446777344,481900,0.0,0.0
2025-01-15 00:00:00-05:00,43.317227138973365,43.317227138973365,42.00851804671226,42.46806335449219,285400,0.0,0.0
2025-01-16 00:00:00-05:00,42.587948031269356,43.55698856803681,42.438094476761236,43.40713882446289,269300,0.0,0.0
2025-01-17 00:00:00-05:00,43.766782926065346,44.28627040479142,43.67687155838325,44.2363166809082,228200,0.0,0.0
2025-01-21 00:00:00-05:00,44.66589636244617,45.79478277782114,44.27628167499018,45.27529525756836,340700,0.0,0.0
2025-01-22 00:00:00-05:00,45.27529463835864,45.55501721815589,44.905660684921656,44.965599060058594,254200,0.0,0.0
2025-01-23 00:00:00-05:00,44.97558977858168,45.20536243419477,44.42613309681698,44.685874938964844,264700,0.0,0.0
2025-01-24 00:00:00-05:00,44.46609305017325,44.48607377921172,43.62692148522931,44.11643981933594,266000,0.0,0.0
2025-01-27 00:00:00-05:00,43.77677234579752,43.83671452921351,43.41712686716987,43.62691879272461,301400,0.0,0.0
2025-01-28 00:00:00-05:00,43.56697988985151,43.846702453852444,43.11742304703992,43.72682189941406,180000,0.0,0.0
2025-01-29 00:00:00-05:00,43.6968556394804,44.45610428300829,43.457090703614845,43.467079162597656,215100,0.0,0.0
2025-01-30 00:00:00-05:00,43.836716999186,45.02554178858117,43.69685570760238,44.865699768066406,316000,0.0,0.0
2025-01-31 00:00:00-05:00,44.56599420841883,45.41515418502854,44.5060520246484,45.14542007446289,458700,0.0,0.0
2025-02-03 00:00:00-05:00,44.45610313667872,45.67490089161023,44.27628039214999,45.23533248901367,381300,0.0,0.0
2025-02-04 00:00:00-05:00,45.05551039748173,45.4551173491003,45.045521938611714,45.255313873291016,199400,0.0,0.0
2025-02-05 00:00:00-05:00,45.57499602741774,45.884691592674706,45.305261917858616,45.6049690246582,176500,0.0,0.0
2025-02-06 00:00:00-05:00,45.82475203910549,45.954624872110045,45.145422496990854,45.68489074707031,433900,0.0,0.0
2025-02-07 00:00:00-05:00,45.72485224616091,45.79478289224135,45.255314641676996,45.39517593383789,227800,0.0,0.0
2025-02-10 00:00:00-05:00,45.5450271054495,46.02455314380411,45.19537389339952,45.555015563964844,184100,0.0,0.0
2025-02-11 00:00:00-05:00,45.28528485447818,45.78479161628305,45.07548911821017,45.77479934692383,200800,0.0,0.0
2025-02-12 00:00:00-05:00,44.915646274095785,45.81475995304789,44.58597379910274,44.645912170410156,338400,0.0,0.0
2025-02-13 00:00:00-05:00,44.95561056504425,45.37519443440286,44.58597661190439,45.255313873291016,239500,0.0,0.0
2025-02-14 00:00:00-05:00,45.52504503000014,46.354228066796146,45.47509511703348,46.094482421875,265000,0.0,0.0
2025-02-18 00:00:00-05:00,46.08449481621152,47.05353534068082,46.08449481621152,46.93365478515625,260300,0.0,0.0
2025-02-19 00:00:00-05:00,46.48409946881741,47.24335190431865,46.34423818094462,47.21337890625,266000,0.0,0.0
2025-02-20 00:00:00-05:00,46.97361533685192,47.423172175087075,46.66391977919346,46.673912048339844,308600,0.0,0.0
2025-02-21 00:00:00-05:00,47.123465700427126,47.123465700427126,45.22534230739499,45.41515350341797,504900,0.0,0.0
2025-02-24 00:00:00-05:00,45.55501427160756,45.78479073121805,45.03553060299468,45.225341796875,587200,0.0,0.0
2025-02-25 00:00:00-05:00,45.56500907768392,46.98360650352133,45.395174790811744,46.174407958984375,518600,0.0,0.0
2025-02-26 00:00:00-05:00,46.25432755879196,46.554030867799334,45.26530625797417,45.37519454956055,410500,0.0,0.0
2025-02-27 00:00:00-05:00,45.29527440837367,45.674900623588236,44.95560964969417,45.28528594970703,307800,0.0,0.0
2025-02-28 00:00:00-05:00,45.36520533871499,46.334249705679674,45.34522461032112,46.22435760498047,484700,0.0,0.0
2025-03-03 00:00:00-05:00,46.33424947537383,46.47411076250153,44.595964223089204,44.70585632324219,375800,0.0,0.0
2025-03-04 00:00:00-05:00,44.126426071234775,44.48607155406946,43.77677285788672,43.816734313964844,344500,0.0,0.0
2025-03-05 00:00:00-05:00,43.83671619980217,44.19636169213567,43.626920455318086,44.026527404785156,311500,0.0,0.0
2025-03-06 00:00:00-05:00,43.49705017937987,45.195373949147886,43.32721589693597,44.975589752197266,395200,0.0,0.0
2025-03-07 00:00:00-05:00,44.825737546637676,45.91466248376264,44.43612286645307,45.71485900878906,242400,0.0,0.0
2025-03-10 00:00:00-04:00,45.36520640393366,45.79478254715326,44.516046387393175,45.0355339050293,428100,0.0,0.0
2025-03-11 00:00:00-04:00,45.295273387019684,45.57499595458919,44.436121145560016,44.90565872192383,386000,0.0,0.0
2025-03-12 00:00:00-04:00,45.06550175316279,45.255312955317535,43.96658456396968,44.00654602050781,277000,0.0,0.0
2025-03-13 00:00:00-04:00,44.10644778422177,44.22632833779854,42.48804316173192,42.4980354309082,247700,0.0,0.0
2025-03-14 00:00:00-04:00,43.287257829630214,44.05649488958521,42.92761235119537,43.91663360595703,273100,0.0,0.0
2025-03-17 00:00:00-04:00,43.57696965589972,44.156399339786326,43.566981197285976,43.76678466796875,301900,0.0,0.0
2025-03-18 00:00:00-04:00,43.32721515719511,43.45708798144259,42.867669854084504,42.977561950683594,302000,0.0,0.0
2025-03-19 00:00:00-04:00,43.27726546373072,43.746803038521534,42.95758144159821,43.50703811645508,538800,0.0,0.0
2025-03-20 00:00:00-04:00,43.48706004916861,43.94660919366591,43.04749544457814,43.29724884033203,301300,0.0,0.0
2025-03-21 00:00:00-04:00,42.84768865160236,42.90763083388326,41.81870596018515,42.20832061767578,820700,0.0,0.0
2025-03-24 00:00:00-04:00,42.98755077377707,43.59694963395411,42.44808636642984,43.33720779418945,528400,0.0,0.0
2025-03-25 00:00:00-04:00,43.13740537128268,47.223370941080134,42.917621170898826,46.97361755371094,693800,0.0,0.0
2025-03-26 00:00:00-04:00,47.22336906060058,47.22336906060058,45.45511469112812,45.46510314941406,381900,0.0,0.0
2025-03-27 00:00:00-04:00,45.525047620662896,46.763826111774335,45.415155519322255,46.174407958984375,402700,0.0,0.0
2025-03-28 00:00:00-04:00,45.93464225498538,45.98459216995414,44.43612194031713,44.75580596923828,218500,0.0,0.0
2025-03-31 00:00:00-04:00,44.31623955639642,45.08548041021252,44.12642455202749,44.81574630737305,537200,0.0,0.0
2025-04-01 00:00:00-04:00,44.38617240053462,46.38419950364782,44.38617240053462,46.10447692871094,318900,0.0,0.0
2025-04-02 00:00:00-04:00,45.18538364883897,46.03454747619615,45.07549154557463,46.02455520629883,326000,0.0,0.0
2025-04-03 00:00:00-04:00,43.92662791556773,44.456103888448006,42.238292542379256,42.40812683105469,314500,0.0,0.0
2025-04-04 00:00:00-04:00,39.960543316000035,40.639872857246786,39.04145264898054,39.63086700439453,513900,0.0,0.0
2025-04-07 00:00:00-04:00,38.11236816402164,40.999516691587566,37.722749681330654,38.651832580566406,680700,0.0,0.0
2025-04-08 00:00:00-04:00,39.76073626132728,40.7297805690877,36.94351851579221,37.43303680419922,576700,0.0,0.0
2025-04-09 00:00:00-04:00,37.01345019753756,41.05945419613032,36.88357737272258,40.65985107421875,589800,0.0,0.0
2025-04-10 00:00:00-04:00,39.84066307267864,40.120385658635314,38.362123415439285,39.29120635986328,318200,0.0,0.0
2025-04-11 00:00:00-04:00,39.351143472190095,40.13037282857111,38.63185249034036,39.95055389404297,331100,0.0,0.0
2025-04-14 00:00:00-04:00,40.33017443663803,40.69981218017294,39.53096438874412,40.01049041748047,308900,0.0,0.0
2025-04-15 00:00:00-04:00,39.78071898282284,40.52997914017526,39.62087696835836,39.6408576965332,271100,0.0,0.0
2025-04-16 00:00:00-04:00,39.53096489348361,39.68081844666076,38.18229815862595,38.63185119628906,304800,0.0,0.0
2025-04-17 00:00:00-04:00,38.60188215836133,39.041450550205184,37.952525650944814,38.46202087402344,342000,0.0,0.0
2025-04-21 00:00:00-04:00,37.86261411354821,38.14233668098777,37.06340024497661,37.35311508178711,283700,0.0,0.0
2025-04-22 00:00:00-04:00,37.9325454535942,38.58190197009297,37.562907698749335,38.36212158203125,416700,0.0,0.0
2025-04-23 00:00:00-04:00,39.55094732117431,40.25025758116658,38.841648602310215,39.03145980834961,314600,0.0,0.0
2025-04-24 00:00:00-04:00,38.721764608775565,40.360150077978034,38.721764608775565,40.090415954589844,266700,0.0,0.0
2025-04-25 00:00:00-04:00,39.80070056613717,40.20030751635125,39.550947174986945,40.19031524658203,197100,0.0,0.0
2025-04-28 00:00:00-04:00,39.95055177900874,40.569939085624675,39.540956394014216,40.06044006347656,218400,0.0,0.0
2025-04-29 00:00:00-04:00,39.88061990134775,40.77973363908663,39.77073160978796,40.43008041381836,193700,0.0,0.0
2025-04-30 00:00:00-04:00,40.090416181162844,40.569942244029356,39.381113640421816,40.330177307128906,243400,0.0,0.0
2025-05-01 00:00:00-04:00,40.61988988668932,41.03947755003848,40.030471752867676,40.609901428222656,218800,0.0,0.0
2025-05-02 00:00:00-04:00,41.21929740764341,42.108422668575265,41.159359033624675,41.85866928100586,158600,0.0,0.0
2025-05-05 00:00:00-04:00,41.42909235266363,42.25827160175978,41.379138627363155,42.00851821899414,283500,0.0,0.0
2025-05-06 00:00:00-04:00,41.509010437479226,41.778744541576145,41.10940732139548,41.62889099121094,249800,0.0,0.0
2025-05-07 00:00:00-04:00,41.928598753185895,42.14837913667112,41.33918062255278,41.64887237548828,239700,0.0,0.0
2025-05-08 00:00:00-04:00,42.238291412699546,43.79675391297621,42.158372310880715,43.187355041503906,214700,0.0,0.0
2025-05-09 00:00:00-04:00,43.317229298524005,43.776774629214245,43.09744509213547,43.347198486328125,202900,0.0,0.0
2025-05-12 00:00:00-04:00,44.65590464555884,45.81476016436782,44.48607036722493,45.46510314941406,293800,0.0,0.0
2025-05-13 00:00:00-04:00,45.734838786739665,46.34423765782172,45.67490041314748,46.0345458984375,182100,0.0,0.0
2025-05-14 00:00:00-04:00,45.794780247253115,45.86471088929454,45.2852850251035,45.31525421142578,132600,0.0,0.0
2025-05-15 00:00:00-04:00,45.235330396121014,45.91465988603597,44.935627106084205,45.05550765991211,202000,0.0,0.0
2025-05-16 00:00:00-04:00,45.11545204965957,45.63493955624295,44.79576801652122,45.35521697998047,224000,0.0,0.0
2025-05-19 00:00:00-04:00,44.78577761238242,45.37519192649439,44.78577761238242,45.29527282714844,157800,0.0,0.0
2025-05-20 00:00:00-04:00,45.01555120817632,45.345223692668064,44.91564756822868,44.975589752197266,108800,0.0,0.0
2025-05-21 00:00:00-04:00,44.17638033591357,44.58597573837738,43.676873561643845,43.71683120727539,161100,0.0,0.0
2025-05-22 00:00:00-04:00,43.42711918783845,43.606941927364694,43.0275122531281,43.04749298095703,152600,0.0,0.0
2025-05-23 00:00:00-04:00,42.34818188073667,42.78775026207499,42.34818188073667,42.4980354309082,180900,0.0,0.0
2025-05-27 00:00:00-04:00,43.08745386116386,43.796752540414296,42.957581037477375,43.72682189941406,159800,0.0,0.0
2025-05-28 00:00:00-04:00,43.656894265756584,43.79675555739152,42.817722705012606,42.88765335083008,143100,0.0,0.0
2025-05-29 00:00:00-04:00,43.107434896272515,43.15738481006703,42.69783950566287,43.097442626953125,147800,0.0,0.0
2025-05-30 00:00:00-04:00,43.087453264804836,43.23730300304527,42.557973519073265,42.83769989013672,279900,0.0,0.0
2025-06-02 00:00:00-04:00,42.637898986114166,42.757779546085104,41.948581002613416,42.21831130981445,148900,0.0,0.0
2025-06-03 00:00:00-04:00,42.368165601838385,42.77776101552346,42.26826576862129,42.64788818359375,218300,0.0,0.0
2025-06-04 00:00:00-04:00,42.88765219179255,43.01752502091562,42.4580760585606,42.677860260009766,184400,0.0,0.0
2025-06-05 00:00:00-04:00,42.817720083045245,43.0774619214712,42.488043792149924,42.8077278137207,239700,0.0,0.0
2025-06-06 00:00:00-04:00,43.437106589835444,43.61692932498815,42.9475921082018,42.95758056640625,271700,0.0,0.0
2025-06-09 00:00:00-04:00,43.187354627433436,43.766784306535016,42.91762051587934,43.40713882446289,544700,0.0,0.0
2025-06-10 00:00:00-04:00,43.4371076223449,43.72682245930352,43.167373513204204,43.33720779418945,211100,0.0,0.0
2025-06-11 00:00:00-04:00,43.62691830208179,43.786764122726765,43.05748090430348,43.14739227294922,297700,0.0,0.0
2025-06-12 00:00:00-04:00,42.95758388257042,43.00753379931677,42.52800773886997,42.76777267456055,169300,0.0,0.0
2025-06-13 00:00:00-04:00,42.06846052222763,42.528005833196865,41.92859923723127,42.12839889526367,214800,0.0,0.0
2025-06-16 00:00:00-04:00,42.39813191587584,42.75777738857563,42.26826290368299,42.617916107177734,228400,0.0,0.0
2025-06-17 00:00:00-04:00,42.16836062032958,42.7078288467016,42.04848006255831,42.07844924926758,191700,0.0,0.0
2025-06-18 00:00:00-04:00,42.04847955480086,42.567967046782215,41.828695359095704,41.88863754272461,194800,0.0,0.0
2025-06-20 00:00:00-04:00,42.138390900227705,42.33819436794016,41.75876469266746,42.17835235595703,453700,0.0,0.0
2025-06-23 00:00:00-04:00,42.03849317749709,43.10743740072657,41.868658887607744,43.0574836730957,224400,0.0,0.0
2025-06-24 00:00:00-04:00,43.35718786494235,43.447099233293336,42.83770038235155,43.31722640991211,172200,0.0,0.0
2025-06-25 00:00:00-04:00,43.39714724170657,43.39714724170657,42.877659738374795,43.13740539550781,437700,0.0,0.0
2025-06-26 00:00:00-04:00,43.13740632106898,44.096458435058594,43.13740632106898,44.096458435058594,777100,0.0,0.0
2025-06-27 00:00:00-04:00,44.95561108641259,45.495079334073786,40.99951822543253,41.48903274536133,1053500,0.0,0.0
2025-06-30 00:00:00-04:00,41.548971701248604,41.59892161416255,39.910590167693165,40.519989013671875,817100,0.0,0.0
2025-07-01 00:00:00-04:00,40.14036434809499,41.14936634683526,39.49100402262391,39.52097702026367,699700,0.0,0.0
2025-07-02 00:00:00-04:00,39.94056090463617,39.94056090463617,37.67279970966467,37.9525260925293,1141800,0.0,0.0
2025-07-03 00:00:00-04:00,38.2822005579386,38.452034850341576,37.60287101019556,38.01246643066406,551100,0.0,0.0
2025-07-07 00:00:00-04:00,37.922553123293476,38.452032891759735,37.59288063626186,37.662811279296875,1260600,0.0,0.0
2025-07-08 00:00:00-04:00,37.70277231812687,38.48200165242301,37.56290722267124,37.882591247558594,578600,0.0,0.0
2025-07-09 00:00:00-04:00,37.92255243889344,38.052425264015,37.293176662936844,37.93254470825195,568500,0.0,0.0
2025-07-10 00:00:00-04:00,37.85262256963598,38.50198289756208,37.85262256963598,38.07240676879883,356900,0.0,0.0
2025-07-11 00:00:00-04:00,37.5828902120376,38.28220048765801,37.482990377349424,37.60287094116211,462000,0.0,0.0
2025-07-14 00:00:00-04:00,37.64282925668225,37.64282925668225,36.473981471556634,37.333133697509766,481500,0.0,0.0
2025-07-15 00:00:00-04:00,37.48298874758547,37.74273059304176,36.79367077196614,36.913551330566406,382100,0.0,0.0
2025-07-16 00:00:00-04:00,36.97349097334756,37.24322509765625,36.56389555738274,37.24322509765625,439200,0.0,0.0
2025-07-17 00:00:00-04:00,37.36310942618843,38.55193421476434,37.36310942618843,38.52196502685547,525700,0.0,0.0
2025-07-18 00:00:00-04:00,38.77171565469563,38.77171565469563,37.932544154731396,38.32215881347656,493900,0.0,0.0
2025-07-21 00:00:00-04:00,38.66182544253594,38.66182544253594,36.97349009114033,36.983482360839844,312200,0.0,0.0
2025-07-22 00:00:00-04:00,36.88357765214956,37.5029687838463,36.88357765214956,37.183284759521484,378100,0.0,0.0
2025-07-23 00:00:00-04:00,37.51295837686472,37.72275030962267,37.35311635986805,37.68279266357422,246500,0.0,0.0
2025-07-24 00:00:00-04:00,37.20326481083142,37.512956560113565,36.95351143318628,37.45301818847656,327200,0.0,0.0
2025-07-25 00:00:00-04:00,37.722750619886256,38.45203387754948,37.45302031037,38.332149505615234,272500,0.0,0.0
2025-07-28 00:00:00-04:00,38.32216127953958,39.12137137595104,38.12235780270313,38.57191467285156,363900,0.0,0.0
2025-07-29 00:00:00-04:00,38.901584520435605,39.201291620741976,38.382097040421066,38.49198913574219,420300,0.0,0.0
2025-07-30 00:00:00-04:00,38.3820979624394,39.201292562439086,38.19228676382858,38.46202087402344,410900,0.0,0.0
2025-07-31 00:00:00-04:00,37.97250477256339,38.961529900699986,37.97250477256339,38.47201156616211,394200,0.0,0.0
2025-08-01 00:00:00-04:00,37.6827914952443,38.002475519326055,37.33313447388765,37.47299575805664,471400,0.0,0.0
2025-08-04 00:00:00-04:00,37.71276151566135,38.332148849651674,37.71276151566135,38.31216812133789,345700,0.0,0.0
2025-08-05 00:00:00-04:00,38.44204232596916,39.760739954408635,38.44204232596916,39.75075149536133,432600,0.0,0.0
2025-08-06 00:00:00-04:00,39.650846625960256,40.26024550425892,39.31118186482335,40.120384216308594,472700,0.0,0.0
2025-08-07 00:00:00-04:00,40.470035820551416,40.470035820551416,39.890609963469686,40.42008590698242,352200,0.0,0.0
2025-08-08 00:00:00-04:00,40.46004909481436,40.86964450111462,40.080422875752035,40.240264892578125,406100,0.0,0.0
2025-08-11 00:00:00-04:00,40.3301749257386,40.56993984848157,39.95055253021898,40.49001693725586,308000,0.0,0.0
2025-08-12 00:00:00-04:00,40.94956698391886,41.75876551829877,40.66984059921716,41.73878479003906,495200,0.0,0.0
2025-08-13 00:00:00-04:00,41.85866941536223,43.037505713348345,41.73878504507145,42.96757125854492,342200,0.0,0.0
2025-08-14 00:00:00-04:00,42.108422546442334,42.39813357887252,41.369150844570036,41.73878479003906,460000,0.0,0.0
2025-08-15 00:00:00-04:00,41.88863768783153,41.97854905811927,41.319200279653906,41.71880340576172,521800,0.0,0.0
2025-08-18 00:00:00-04:00,41.80871510838106,42.61791744740295,41.60891544920607,42.3681640625,352100,0.0,0.0
2025-08-19 00:00:00-04:00,42.40812694559881,43.27726768724316,42.30822330171567,42.52800750732422,307400,0.0,0.0
2025-08-20 00:00:00-04:00,42.52800559102961,42.777758973082136,41.77874544487203,41.88863754272461,390400,0.0,0.0
2025-08-21 00:00:00-04:00,41.78873705912917,42.108421078269785,41.75876406231753,41.868656158447266,215800,0.0,0.0
2025-08-22 00:00:00-04:00,42.178353498900634,44.20634979544111,42.11841131368234,43.6668815612793,330200,0.0,0.0
2025-08-25 00:00:00-04:00,43.55698961350823,43.74680462856575,43.31722849366143,43.49705123901367,370800,0.0,0.0
2025-08-26 00:00:00-04:00,43.46707764375349,43.916634500958814,42.77775966999481,42.897640228271484,290600,0.0,0.0
2025-08-27 00:00:00-04:00,42.67786064572359,43.39714781989879,42.647887647387826,42.7477912902832,208000,0.0,0.0
2025-08-28 00:00:00-04:00,42.87765753377373,42.87765753377373,42.05846676973704,42.83769989013672,276800,0.0,0.0
2025-08-29 00:00:00-04:00,42.89763962613049,42.89763962613049,42.058468108104485,42.29823303222656,257600,0.0,0.0
2025-09-02 00:00:00-04:00,41.658867109434034,42.01851260851228,41.34917152724234,41.89862823486328,213200,0.0,0.0
2025-09-03 00:00:00-04:00,41.728797102271166,42.208323156560205,41.54897435554599,41.87864685058594,273600,0.0,0.0
2025-09-04 00:00:00-04:00,41.97854809029553,42.338193563154796,41.4590606084915,42.32820129394531,277300,0.0,0.0
2025-09-05 00:00:00-04:00,42.73779955786288,43.27726780347767,42.45807697610752,42.64788818359375,414500,0.0,0.0
2025-09-08 00:00:00-04:00,42.757779395094104,42.757779395094104,42.058469144353595,42.388145446777344,335000,0.0,0.0
2025-09-09 00:00:00-04:00,42.10842221563243,42.58794825729551,40.85965529121788,41.08942794799805,368900,0.0,0.0
2025-09-10 00:00:00-04:00,41.25925958850212,42.90763349976778,41.17934048476291,42.288246154785156,852100,0.0,0.0
2025-09-11 00:00:00-04:00,42.318212518689485,43.32721447804538,42.07844760160121,43.24729537963867,359300,0.0,0.0
2025-09-12 00:00:00-04:00,43.10743666200142,43.147394308113256,42.45807632327178,42.627906799316406,390800,0.0,0.0
2025-09-15 00:00:00-04:00,42.59793552509241,43.11742300843916,42.22830159286007,42.44808578491211,366100,0.0,0.0
2025-09-16 00:00:00-04:00,42.31821417574432,42.567967560812754,41.56895402053903,42.07844924926758,267700,0.0,0.0
2025-09-17 00:00:00-04:00,42.06846091256093,43.53701204051709,42.00851872803452,42.198333740234375,371400,0.0,0.0
2025-09-18 00:00:00-04:00,42.338195232028646,43.26727813655934,42.13839176023837,42.72780990600586,488100,0.0,0.0
2025-09-19 00:00:00-04:00,42.68784631628824,42.75777695628017,40.300204665590584,40.97953414916992,1440900,0.0,0.0
2025-09-22 00:00:00-04:00,41.019498651211855,41.12938694298172,40.59991096915348,40.83967590332031,385700,0.0,0.0
2025-09-23 00:00:00-04:00,41.03947700928337,41.309207304605096,40.50999725510672,40.709800720214844,304300,0.0,0.0
2025-09-24 00:00:00-04:00,40.61988937219251,40.969542578109575,40.22028244177233,40.42008590698242,257800,0.0,0.0
2025-09-25 00:00:00-04:00,40.360147725939925,40.37013618432731,39.57092613064154,39.67082595825195,302900,0.0,0.0
2025-09-26 00:00:00-04:00,39.730770837308164,40.20030844299269,39.67082865011405,40.16034698486328,199900,0.0,0.0
2025-09-29 00:00:00-04:00,40.37013638135146,40.60990130409442,39.86064116055714,40.49001693725586,276300,0.0,0.0
2025-09-30 00:00:00-04:00,40.56994189504568,40.98952576734421,40.35015768902206,40.959556579589844,389100,0.0,0.0
2025-10-01 00:00:00-04:00,40.66984199716998,40.999518308385866,40.380127143847126,40.90960693359375,282300,0.0,0.0
2025-10-02 00:00:00-04:00,40.879631674841136,41.219296426286085,40.679832018289886,41.189327239990234,260100,0.0,0.0
2025-10-03 00:00:00-04:00,41.429092553051554,41.83868795033101,41.24926981171578,41.25925827026367,226500,0.0,0.0
2025-10-06 00:00:00-04:00,41.34916984833123,41.34916984833123,40.49001759340298,40.5099983215332,317100,0.0,0.0
2025-10-07 00:00:00-04:00,40.40999984741211,40.75,39.61000061035156,39.84000015258789,230200,0.04,0.0
2025-10-08 00:00:00-04:00,40.15999984741211,40.290000915527344,39.66999816894531,39.790000915527344,385800,0.0,0.0
2025-10-09 00:00:00-04:00,39.560001373291016,39.650001525878906,38.83000183105469,38.9900016784668,300300,0.0,0.0
2025-10-10 00:00:00-04:00,38.97999954223633,39.279998779296875,38.189998626708984,38.63999938964844,337700,0.0,0.0
2025-10-13 00:00:00-04:00,38.9900016784668,39.58000183105469,38.91999816894531,39.529998779296875,266400,0.0,0.0
2025-10-14 00:00:00-04:00,39.040000915527344,40.5099983215332,39.040000915527344,40.310001373291016,243400,0.0,0.0
2025-10-15 00:00:00-04:00,40.560001373291016,41.060001373291016,40.189998626708984,40.310001373291016,440600,0.0,0.0
2025-10-16 00:00:00-04:00,42.20000076293945,45.0,41.47999954223633,42.2400016784668,749800,0.0,0.0
2025-10-17 00:00:00-04:00,42.099998474121094,42.27000045776367,41.189998626708984,41.97999954223633,520600,0.0,0.0
2025-10-20 00:00:00-04:00,42.810001373291016,42.900001525878906,41.59000015258789,41.90999984741211,338600,0.0,0.0
2025-10-21 00:00:00-04:00,41.70000076293945,43.220001220703125,41.70000076293945,42.4900016784668,324800,0.0,0.0
2025-10-22 00:00:00-04:00,42.5,42.790000915527344,41.290000915527344,41.880001068115234,466400,0.0,0.0
2025-10-23 00:00:00-04:00,41.869998931884766,42.470001220703125,41.70000076293945,42.439998626708984,382300,0.0,0.0
2025-10-24 00:00:00-04:00,42.86000061035156,42.86000061035156,42.099998474121094,42.470001220703125,312000,0.0,0.0
2025-10-27 00:00:00-04:00,42.59000015258789,42.59000015258789,41.59000015258789,41.810001373291016,311500,0.0,0.0
2025-10-28 00:00:00-04:00,41.540000915527344,41.83000183105469,41.290000915527344,41.59000015258789,279900,0.0,0.0
2025-10-29 00:00:00-04:00,41.5,42.47999954223633,41.290000915527344,41.709999084472656,383800,0.0,0.0
2025-10-30 00:00:00-04:00,41.5,42.13999938964844,40.880001068115234,41.130001068115234,463700,0.0,0.0
2025-10-31 00:00:00-04:00,41.2599983215332,41.439998626708984,40.61000061035156,41.040000915527344,343200,0.0,0.0
2025-11-03 00:00:00-05:00,40.970001220703125,41.25,40.31999969482422,41.099998474121094,339200,0.0,0.0
2025-11-04 00:00:00-05:00,40.880001068115234,40.97999954223633,40.13999938964844,40.41999816894531,299200,0.0,0.0
2025-11-05 00:00:00-05:00,40.47999954223633,41.380001068115234,40.439998626708984,41.189998626708984,230200,0.0,0.0
2025-11-06 00:00:00-05:00,41.13999938964844,41.72999954223633,40.349998474121094,40.529998779296875,336900,0.0,0.0
2025-11-07 00:00:00-05:00,40.459999084472656,40.7400016784668,39.93000030517578,40.2400016784668,307100,0.0,0.0
2025-11-10 00:00:00-05:00,40.5,40.970001220703125,39.97999954223633,40.22999954223633,322800,0.0,0.0
2025-11-11 00:00:00-05:00,40.290000915527344,40.4900016784668,39.9900016784668,40.15999984741211,181200,0.0,0.0
2025-11-12 00:00:00-05:00,40.15999984741211,40.72999954223633,40.119998931884766,40.130001068115234,293200,0.0,0.0
2025-11-13 00:00:00-05:00,39.790000915527344,40.310001373291016,38.7599983215332,38.81999969482422,409700,0.0,0.0
2025-11-14 00:00:00-05:00,38.4900016784668,38.90999984741211,38.27000045776367,38.7599983215332,407300,0.0,0.0
2025-11-17 00:00:00-05:00,38.790000915527344,39.119998931884766,37.7599983215332,37.779998779296875,349200,0.0,0.0
2025-11-18 00:00:00-05:00,37.7599983215332,38.11000061035156,37.290000915527344,37.310001373291016,319000,0.0,0.0
2025-11-19 00:00:00-05:00,37.119998931884766,37.70000076293945,37.119998931884766,37.5,304100,0.0,0.0
2025-11-20 00:00:00-05:00,38.06999969482422,38.34000015258789,36.90999984741211,37.18000030517578,293700,0.0,0.0
2025-11-21 00:00:00-05:00,37.380001068115234,38.29999923706055,37.150001525878906,37.790000915527344,269800,0.0,0.0
2025-11-24 00:00:00-05:00,37.86000061035156,38.25,37.13999938964844,37.27000045776367,466700,0.0,0.0
2025-11-25 00:00:00-05:00,37.56999969482422,38.58000183105469,37.400001525878906,38.040000915527344,412000,0.0,0.0
2025-11-26 00:00:00-05:00,37.720001220703125,38.29999923706055,37.63999938964844,37.810001373291016,554100,0.0,0.0
2025-11-28 00:00:00-05:00,37.790000915527344,37.97999954223633,37.61000061035156,37.869998931884766,158500,0.0,0.0
2025-12-01 00:00:00-05:00,37.689998626708984,38.189998626708984,37.20000076293945,37.22999954223633,420600,0.0,0.0
2025-12-02 00:00:00-05:00,37.43000030517578,37.470001220703125,36.65999984741211,37.31999969482422,324000,0.0,0.0
2025-12-03 00:00:00-05:00,37.470001220703125,37.91999816894531,37.310001373291016,37.63999938964844,288300,0.0,0.0
2025-12-04 00:00:00-05:00,37.540000915527344,37.849998474121094,37.310001373291016,37.61000061035156,241200,0.0,0.0
2025-12-05 00:00:00-05:00,37.380001068115234,37.86000061035156,37.04999923706055,37.18000030517578,282300,0.0,0.0
2025-12-08 00:00:00-05:00,37.400001525878906,37.54999923706055,36.79999923706055,37.25,359200,0.0,0.0
2025-12-09 00:00:00-05:00,36.95000076293945,37.72999954223633,36.900001525878906,37.599998474121094,370600,0.0,0.0
2025-12-10 00:00:00-05:00,37.52000045776367,39.380001068115234,37.22999954223633,39.11000061035156,425100,0.0,0.0
2025-12-11 00:00:00-05:00,39.20000076293945,40.47999954223633,39.20000076293945,40.209999084472656,412400,0.0,0.0
2025-12-12 00:00:00-05:00,40.15999984741211,41.72999954223633,39.720001220703125,40.52000045776367,827000,0.0,0.0
2025-12-15 00:00:00-05:00,40.91999816894531,40.970001220703125,39.81999969482422,39.97999954223633,632100,0.0,0.0
2025-12-16 00:00:00-05:00,39.97999954223633,40.36000061035156,39.16999816894531,39.400001525878906,529400,0.0,0.0
2025-12-17 00:00:00-05:00,39.40999984741211,39.77000045776367,38.97999954223633,39.2599983215332,578500,0.0,0.0
2025-12-18 00:00:00-05:00,35.130001068115234,37.02000045776367,35.0099983215332,35.810001373291016,1395900,0.0,0.0
2025-12-19 00:00:00-05:00,35.63999938964844,37.5,35.470001220703125,37.22999954223633,1920600,0.0,0.0
2025-12-22 00:00:00-05:00,37.33000183105469,38.599998474121094,37.33000183105469,38.59000015258789,658200,0.0,0.0
2025-12-23 00:00:00-05:00,38.40999984741211,40.04999923706055,38.27000045776367,39.849998474121094,620700,0.0,0.0
2025-12-24 00:00:00-05:00,39.720001220703125,40.43000030517578,39.369998931884766,40.119998931884766,449900,0.0,0.0
2025-12-26 00:00:00-05:00,40.09000015258789,40.349998474121094,39.75,40.33000183105469,538100,0.0,0.0
2025-12-29 00:00:00-05:00,40.150001525878906,40.7599983215332,39.630001068115234,39.849998474121094,677900,0.0,0.0
2025-12-30 00:00:00-05:00,39.86000061035156,40.2400016784668,39.36000061035156,39.41999816894531,530600,0.0,0.0
2025-12-31 00:00:00-05:00,39.33000183105469,39.5,38.13999938964844,38.2400016784668,598200,0.0,0.0
2026-01-02 00:00:00-05:00,38.54999923706055,39.56999969482422,38.279998779296875,39.560001373291016,619700,0.0,0.0
2026-01-05 00:00:00-05:00,39.52000045776367,40.29999923706055,39.15999984741211,39.689998626708984,528100,0.0,0.0
2026-01-06 00:00:00-05:00,39.349998474121094,40.22999954223633,38.65999984741211,40.15999984741211,446500,0.0,0.0
2026-01-07 00:00:00-05:00,40.13999938964844,40.13999938964844,39.22999954223633,39.59000015258789,406300,0.0,0.0
2026-01-08 00:00:00-05:00,39.40999984741211,40.439998626708984,39.40999984741211,40.349998474121094,400000,0.0,0.0
2026-01-09 00:00:00-05:00,40.380001068115234,40.849998474121094,39.7599983215332,40.2599983215332,436900,0.0,0.0
2026-01-12 00:00:00-05:00,40.25,40.41999816894531,39.93000030517578,40.18000030517578,348000,0.0,0.0
2026-01-13 00:00:00-05:00,40.189998626708984,40.88999938964844,40.04999923706055,40.22999954223633,642900,0.0,0.0
2026-01-14 00:00:00-05:00,40.439998626708984,40.5099983215332,39.650001525878906,40.18000030517578,327200,0.0,0.0
2026-01-15 00:00:00-05:00,40.56999969482422,41.540000915527344,40.56999969482422,41.400001525878906,323300,0.0,0.0
2026-01-16 00:00:00-05:00,41.06999969482422,41.25,40.540000915527344,40.70000076293945,309800,0.0,0.0
2026-01-20 00:00:00-05:00,40.0,40.459999084472656,40.0,40.13999938964844,255300,0.0,0.0
2026-01-21 00:00:00-05:00,40.400001525878906,41.66999816894531,40.400001525878906,41.65999984741211,336400,0.0,0.0
2026-01-22 00:00:00-05:00,41.900001525878906,42.41999816894531,41.59000015258789,42.02000045776367,388900,0.0,0.0
2026-01-23 00:00:00-05:00,41.83000183105469,42.43000030517578,40.63999938964844,40.83000183105469,255800,0.0,0.0
2026-01-26 00:00:00-05:00,41.099998474121094,41.099998474121094,40.40999984741211,40.459999084472656,383600,0.0,0.0
2026-01-27 00:00:00-05:00,40.150001525878906,40.34000015258789,39.18000030517578,39.88999938964844,336000,0.0,0.0
2026-01-28 00:00:00-05:00,39.88999938964844,40.16999816894531,39.08000183105469,39.400001525878906,292200,0.0,0.0
2026-01-29 00:00:00-05:00,39.709999084472656,40.209999084472656,39.209999084472656,40.20000076293945,432200,0.0,0.0
2026-01-30 00:00:00-05:00,39.70000076293945,40.45000076293945,39.47999954223633,40.36000061035156,466600,0.0,0.0
2026-02-02 00:00:00-05:00,40.52000045776367,41.83000183105469,40.220001220703125,41.380001068115234,248500,0.0,0.0
2026-02-03 00:00:00-05:00,41.2400016784668,42.060001373291016,41.040000915527344,41.7400016784668,251000,0.0,0.0
2026-02-04 00:00:00-05:00,42.20000076293945,42.88999938964844,41.31999969482422,41.47999954223633,370300,0.0,0.0
2026-02-05 00:00:00-05:00,41.689998626708984,42.15999984741211,41.15999984741211,41.869998931884766,387400,0.0,0.0
2026-02-06 00:00:00-05:00,42.209999084472656,42.9900016784668,42.209999084472656,42.66999816894531,283600,0.0,0.0
2026-02-09 00:00:00-05:00,42.5099983215332,42.880001068115234,42.29999923706055,42.439998626708984,173500,0.0,0.0
2026-02-10 00:00:00-05:00,42.290000915527344,42.66999816894531,41.779998779296875,42.27000045776367,202500,0.0,0.0
2026-02-11 00:00:00-05:00,42.72999954223633,43.41999816894531,42.65999984741211,43.02000045776367,725600,0.0,0.0
2026-02-12 00:00:00-05:00,43.5,43.970001220703125,41.599998474121094,41.90999984741211,353500,0.0,0.0
2026-02-13 00:00:00-05:00,42.029998779296875,43.18000030517578,41.58000183105469,43.02000045776367,367200,0.0,0.0
2026-02-17 00:00:00-05:00,42.66999816894531,43.18000030517578,42.150001525878906,42.79999923706055,327400,0.0,0.0
2026-02-18 00:00:00-05:00,42.790000915527344,43.47999954223633,42.150001525878906,42.16999816894531,382900,0.0,0.0
2026-02-19 00:00:00-05:00,42.029998779296875,42.439998626708984,41.88999938964844,42.31999969482422,244000,0.0,0.0
2026-02-20 00:00:00-05:00,42.290000915527344,42.93000030517578,41.79999923706055,42.38999938964844,309700,0.0,0.0
2026-02-23 00:00:00-05:00,42.11000061035156,42.16999816894531,40.77000045776367,41.02000045776367,254000,0.0,0.0
2026-02-24 00:00:00-05:00,41.43000030517578,41.7599983215332,40.970001220703125,41.75,314200,0.0,0.0
2026-02-25 00:00:00-05:00,41.88999938964844,41.88999938964844,40.61000061035156,41.43000030517578,257000,0.0,0.0
2026-02-26 00:00:00-05:00,41.68000030517578,41.7599983215332,40.86000061035156,41.20000076293945,277300,0.0,0.0
2026-02-27 00:00:00-05:00,40.7400016784668,40.95000076293945,40.189998626708984,40.79999923706055,307100,0.0,0.0
2026-03-02 00:00:00-05:00,40.47999954223633,41.31999969482422,40.13999938964844,40.95000076293945,309800,0.0,0.0
2026-03-03 00:00:00-05:00,39.900001525878906,40.33000183105469,39.11000061035156,40.060001373291016,226400,0.0,0.0
2026-03-04 00:00:00-05:00,40.119998931884766,40.54999923706055,39.599998474121094,40.119998931884766,353900,0.0,0.0
2026-03-05 00:00:00-05:00,39.540000915527344,39.61000061035156,38.09000015258789,38.720001220703125,282600,0.0,0.0
2026-03-06 00:00:00-05:00,37.7400016784668,37.880001068115234,36.810001373291016,36.84000015258789,463000,0.0,0.0
2026-03-09 00:00:00-04:00,36.310001373291016,37.150001525878906,35.220001220703125,37.029998779296875,534600,0.0,0.0
2026-03-10 00:00:00-04:00,37.08000183105469,37.77000045776367,36.779998779296875,36.93000030517578,255500,0.0,0.0
2026-03-11 00:00:00-04:00,36.75,36.84000015258789,36.11000061035156,36.81999969482422,215300,0.0,0.0
2026-03-12 00:00:00-04:00,36.2599983215332,36.45000076293945,35.56999969482422,35.810001373291016,342600,0.0,0.0
2026-03-13 00:00:00-04:00,35.97999954223633,36.459999084472656,34.900001525878906,35.869998931884766,450800,0.0,0.0
2026-03-16 00:00:00-04:00,36.189998626708984,36.599998474121094,35.939998626708984,36.22999954223633,341300,0.0,0.0
2026-03-17 00:00:00-04:00,36.38999938964844,36.970001220703125,36.06999969482422,36.630001068115234,280700,0.0,0.0
2026-03-18 00:00:00-04:00,36.4900016784668,36.650001525878906,36.20000076293945,36.20000076293945,347800,0.0,0.0
2026-03-19 00:00:00-04:00,35.75,36.63999938964844,35.38999938964844,36.25,313300,0.0,0.0
2026-03-20 00:00:00-04:00,36.25,36.25,35.54999923706055,35.970001220703125,741100,0.0,0.0
2026-03-23 00:00:00-04:00,37.15999984741211,37.47999954223633,36.58000183105469,36.75,550700,0.0,0.0
2026-03-24 00:00:00-04:00,36.34000015258789,37.72999954223633,36.34000015258789,37.34000015258789,402800,0.0,0.0
2026-03-25 00:00:00-04:00,37.77000045776367,37.849998474121094,36.93000030517578,37.47999954223633,384300,0.0,0.0
2026-03-26 00:00:00-04:00,35.97999954223633,36.650001525878906,33.65999984741211,34.540000915527344,844600,0.0,0.0
2026-03-27 00:00:00-04:00,34.59000015258789,35.0,33.81999969482422,34.34000015258789,685600,0.0,0.0
2026-03-30 00:00:00-04:00,34.54999923706055,35.45000076293945,34.27000045776367,35.209999084472656,561600,0.0,0.0
2026-03-31 00:00:00-04:00,35.630001068115234,36.619998931884766,35.5099983215332,36.470001220703125,602100,0.0,0.0
2026-04-01 00:00:00-04:00,36.970001220703125,37.47999954223633,36.310001373291016,36.31999969482422,539500,0.0,0.0
2026-04-02 00:00:00-04:00,35.560001373291016,36.22999954223633,35.040000915527344,35.439998626708984,298400,0.0,0.0
2026-04-06 00:00:00-04:00,35.33000183105469,35.7599983215332,35.040000915527344,35.52000045776367,371700,0.0,0.0
2026-04-07 00:00:00-04:00,35.40999984741211,35.630001068115234,34.849998474121094,35.189998626708984,317200,0.0,0.0
2026-04-08 00:00:00-04:00,36.65999984741211,37.040000915527344,35.9900016784668,36.189998626708984,504300,0.0,0.0
2026-04-09 00:00:00-04:00,36.0099983215332,36.68000030517578,35.77000045776367,36.369998931884766,509500,0.0,0.0
2026-04-10 00:00:00-04:00,36.5099983215332,36.90999984741211,36.150001525878906,36.47999954223633,342500,0.0,0.0
2026-04-13 00:00:00-04:00,36.41999816894531,37.04999923706055,36.119998931884766,37.04999923706055,337700,0.0,0.0
2026-04-14 00:00:00-04:00,37.02000045776367,37.060001373291016,36.36000061035156,36.38999938964844,261700,0.0,0.0
2026-04-15 00:00:00-04:00,36.18000030517578,36.310001373291016,35.150001525878906,35.290000915527344,404900,0.0,0.0
2026-04-16 00:00:00-04:00,35.040000915527344,35.56999969482422,34.77000045776367,34.79999923706055,398300,0.0,0.0
2026-04-17 00:00:00-04:00,35.31999969482422,36.290000915527344,35.209999084472656,35.709999084472656,465200,0.0,0.0
2026-04-20 00:00:00-04:00,35.65999984741211,35.9900016784668,35.29999923706055,35.81999969482422,402200,0.0,0.0
2026-04-21 00:00:00-04:00,35.709999084472656,35.9900016784668,35.130001068115234,35.33000183105469,373000,0.0,0.0
2026-04-22 00:00:00-04:00,35.540000915527344,35.7400016784668,35.0,35.220001220703125,407200,0.0,0.0
2026-04-23 00:00:00-04:00,35.41999816894531,35.77000045776367,34.88999938964844,35.189998626708984,430000,0.0,0.0
2026-04-24 00:00:00-04:00,35.119998931884766,35.29999923706055,34.630001068115234,35.209999084472656,493600,0.0,0.0
2026-04-27 00:00:00-04:00,35.29999923706055,35.86000061035156,35.119998931884766,35.810001373291016,565300,0.0,0.0
2026-04-28 00:00:00-04:00,35.88999938964844,36.400001525878906,35.54999923706055,36.08000183105469,554000,0.0,0.0
2026-04-29 00:00:00-04:00,35.86000061035156,36.040000915527344,34.459999084472656,34.529998779296875,318400,0.0,0.0
2026-04-30 00:00:00-04:00,34.4900016784668,35.29999923706055,34.27000045776367,35.099998474121094,373500,0.0,0.0
2026-05-01 00:00:00-04:00,35.349998474121094,35.349998474121094,34.560001373291016,34.939998626708984,319500,0.0,0.0
2026-05-04 00:00:00-04:00,34.84000015258789,35.22999954223633,34.02000045776367,34.66999816894531,362000,0.0,0.0
2026-05-05 00:00:00-04:00,35.02000045776367,35.380001068115234,34.70000076293945,35.08000183105469,301100,0.0,0.0
2026-05-06 00:00:00-04:00,35.650001525878906,36.22999954223633,35.5,35.77000045776367,334600,0.0,0.0
2026-05-07 00:00:00-04:00,36.099998474121094,36.099998474121094,35.31999969482422,35.540000915527344,429400,0.0,0.0
2026-05-08 00:00:00-04:00,35.5099983215332,36.15999984741211,35.310001373291016,35.52000045776367,277200,0.0,0.0
2026-05-11 00:00:00-04:00,35.5,35.959999084472656,34.93000030517578,34.97999954223633,422900,0.0,0.0
2026-05-12 00:00:00-04:00,35.09000015258789,35.09000015258789,34.02000045776367,34.40999984741211,386100,0.0,0.0
2026-05-13 00:00:00-04:00,34.220001220703125,34.52000045776367,33.939998626708984,34.11000061035156,346200,0.0,0.0
2026-05-14 00:00:00-04:00,34.529998779296875,34.810001373291016,34.29999923706055,34.65999984741211,371700,0.0,0.0
2026-05-15 00:00:00-04:00,34.349998474121094,34.349998474121094,33.63999938964844,33.650001525878906,243100,0.0,0.0
2026-05-18 00:00:00-04:00,33.630001068115234,34.18000030517578,33.630001068115234,33.869998931884766,254500,0.0,0.0
2026-05-19 00:00:00-04:00,33.61000061035156,33.61000061035156,32.90999984741211,33.130001068115234,258700,0.0,0.0
2026-05-20 00:00:00-04:00,33.130001068115234,33.959999084472656,32.709999084472656,33.83000183105469,258000,0.0,0.0
2026-05-21 00:00:00-04:00,33.54999923706055,34.209999084472656,33.040000915527344,34.189998626708984,245400,0.0,0.0
2026-05-22 00:00:00-04:00,34.369998931884766,34.61000061035156,34.13999938964844,34.52000045776367,210800,0.0,0.0
2026-05-26 00:00:00-04:00,34.66999816894531,35.04999923706055,34.529998779296875,34.7599983215332,334900,0.0,0.0
2026-05-27 00:00:00-04:00,34.97999954223633,35.16999816894531,34.279998779296875,34.459999084472656,332100,0.0,0.0
2026-05-28 00:00:00-04:00,34.189998626708984,34.34000015258789,33.650001525878906,33.810001373291016,741200,0.0,0.0
2026-05-29 00:00:00-04:00,33.970001220703125,34.04999923706055,33.400001525878906,33.4900016784668,567700,0.0,0.0
2026-06-01 00:00:00-04:00,33.220001220703125,33.400001525878906,32.349998474121094,32.93000030517578,465000,0.0,0.0
2026-06-02 00:00:00-04:00,33.0,33.529998779296875,32.84000015258789,33.15999984741211,563300,0.0,0.0
2026-06-03 00:00:00-04:00,33.02000045776367,33.27000045776367,32.720001220703125,33.02000045776367,598800,0.0,0.0
2026-06-04 00:00:00-04:00,33.400001525878906,33.400001525878906,32.959999084472656,33.189998626708984,763700,0.0,0.0
2026-06-05 00:00:00-04:00,33.40999984741211,34.0099983215332,33.31999969482422,33.45000076293945,728000,0.0,0.0
2026-06-08 00:00:00-04:00,33.29999923706055,34.72999954223633,33.25,34.4900016784668,769800,0.0,0.0
2026-06-09 00:00:00-04:00,34.79999923706055,35.630001068115234,34.650001525878906,35.040000915527344,383900,0.0,0.0
2026-06-10 00:00:00-04:00,34.77000045776367,35.279998779296875,33.9900016784668,34.150001525878906,374700,0.0,0.0
2026-06-11 00:00:00-04:00,34.400001525878906,35.220001220703125,34.15999984741211,35.220001220703125,311100,0.0,0.0
2026-06-12 00:00:00-04:00,35.45000076293945,35.52000045776367,34.90999984741211,35.04999923706055,252400,0.0,0.0
2026-06-15 00:00:00-04:00,35.61000061035156,35.7599983215332,35.36000061035156,35.380001068115234,393000,0.0,0.0
2026-06-16 00:00:00-04:00,35.70000076293945,35.95000076293945,35.369998931884766,35.59000015258789,304800,0.0,0.0
2026-06-17 00:00:00-04:00,35.40999984741211,36.150001525878906,35.22999954223633,35.43000030517578,381100,0.0,0.0
2026-06-18 00:00:00-04:00,35.7400016784668,36.81999969482422,35.7400016784668,36.599998474121094,1007700,0.0,0.0
2026-06-22 00:00:00-04:00,36.5099983215332,36.790000915527344,36.11000061035156,36.209999084472656,375100,0.0,0.0
2026-06-23 00:00:00-04:00,35.650001525878906,35.83000183105469,35.29999923706055,35.380001068115234,369600,0.0,0.0
2026-06-24 00:00:00-04:00,35.43000030517578,37.0099983215332,35.310001373291016,36.40999984741211,474700,0.0,0.0
2026-06-25 00:00:00-04:00,36.619998931884766,37.38999938964844,36.060001373291016,37.06999969482422,525000,0.0,0.0
2026-06-26 00:00:00-04:00,36.86000061035156,37.20000076293945,35.71500015258789,36.779998779296875,492445,0.0,0.0
