Date,Open,High,Low,Close,Volume,Dividends,Stock Splits
2022-01-03 00:00:00-05:00,28.491862159254374,30.7712119773445,27.79539357223393,30.707895278930664,7325,0.0,0.0
2022-01-04 00:00:00-05:00,30.13806066909193,30.644582189731054,29.125014608707275,29.694852828979492,1388,0.0,0.0
2022-01-05 00:00:00-05:00,30.51795102870631,39.57203052622929,27.732079717367007,27.92202377319336,411113,0.0,0.0
2022-01-06 00:00:00-05:00,27.162240697166798,27.732078885770907,25.326098777338274,25.895936965942383,22525,0.0,0.0
2022-01-07 00:00:00-05:00,25.642674983718067,26.465770859787515,24.882891272051943,25.51604461669922,8275,0.0,0.0
2022-01-10 00:00:00-05:00,25.452729948539925,26.71903371946974,23.933163913870985,26.149198532104492,14663,0.0,0.0
2022-01-11 00:00:00-05:00,26.14919759121816,27.47881801240595,25.959250522860096,27.03561019897461,3925,0.0,0.0
2022-01-12 00:00:00-05:00,27.352189522137095,27.352189522137095,26.02256900945017,26.845664978027344,2125,0.0,0.0
2022-01-13 00:00:00-05:00,26.782348793791385,27.922022118531345,25.959249883037224,27.41550064086914,6600,0.0,0.0
2022-01-14 00:00:00-05:00,27.098926544189453,27.225556915087743,26.339141299693534,27.098926544189453,1150,0.0,0.0
2022-01-18 00:00:00-05:00,26.6557196246103,26.908980374845044,25.64267662367132,26.022567749023438,4763,0.0,0.0
2022-01-19 00:00:00-05:00,26.022568390460417,26.275829146937852,25.136154233236216,25.452730178833008,2438,0.0,0.0
2022-01-20 00:00:00-05:00,25.452729150460716,26.908979950921918,25.136153217654613,25.895936965942383,6138,0.0,0.0
2022-01-21 00:00:00-05:00,25.705991174889835,25.705991174889835,23.80653397405299,24.6296329498291,4163,0.0,0.0
2022-01-24 00:00:00-05:00,23.74321731820257,23.86984768980207,21.78044504885724,23.110065460205078,8950,0.0,0.0
2022-01-25 00:00:00-05:00,22.92011821474954,24.819576793055134,22.476911917603008,23.933162689208984,4250,0.0,0.0
2022-01-26 00:00:00-05:00,24.186423834705128,24.946207580637562,22.16033636147382,22.413597106933594,10538,0.0,0.0
2022-01-27 00:00:00-05:00,22.223651752227234,23.869848122408765,18.994574198811417,19.944303512573242,24750,0.0,0.0
2022-01-28 00:00:00-05:00,20.260879239113223,21.147291847266093,18.67799807214427,19.121204376220703,25613,0.0,0.0
2022-01-31 00:00:00-05:00,19.754357296967065,21.71713119636894,19.50109653821926,20.514141082763672,13238,0.0,0.0
2022-02-01 00:00:00-05:00,21.147292274966897,22.097021598177648,19.627726263561584,20.894031524658203,14700,0.0,0.0
2022-02-02 00:00:00-05:00,20.894031180059688,21.273922299257308,18.867943701452592,19.437780380249023,11225,0.0,0.0
2022-02-03 00:00:00-05:00,19.18452043305363,20.070934590982443,18.804629298035504,19.691041946411133,19550,0.0,0.0
2022-02-04 00:00:00-05:00,19.944303646893296,20.894031457498176,19.564411013098205,20.577455520629883,3000,0.0,0.0
2022-02-07 00:00:00-05:00,20.64077191450022,21.210608634171304,20.324195959127394,20.957347869873047,1500,0.0,0.0
2022-02-08 00:00:00-05:00,20.957346372503878,21.08397674560547,20.197564133894332,21.08397674560547,1600,0.0,0.0
2022-02-09 00:00:00-05:00,21.083976409924496,21.463869032734067,21.083976409924496,21.273921966552734,2163,0.0,0.0
2022-02-10 00:00:00-05:00,20.64077105341543,21.527185201033443,20.324195111249416,20.387510299682617,2625,0.0,0.0
2022-02-11 00:00:00-05:00,20.387509821203963,20.514140195098456,19.62772606828388,19.944303512573242,3275,0.0,0.0
2022-02-14 00:00:00-05:00,20.260880378088636,21.27392341578349,20.007619618664926,20.830717086791992,2913,0.0,0.0
2022-02-15 00:00:00-05:00,21.46387019928857,21.65381576624029,20.957347177864143,21.337238311767578,1400,0.0,0.0
2022-02-16 00:00:00-05:00,21.27392283457459,22.03370660164145,21.27392283457459,21.717130661010742,1175,0.0,0.0
2022-02-17 00:00:00-05:00,21.653813985412725,22.41359619073448,21.46386843408229,21.843759536743164,2538,0.0,0.0
2022-02-18 00:00:00-05:00,22.47691322303106,22.47691322303106,20.830716799896333,21.337238311767578,2463,0.0,0.0
2022-02-22 00:00:00-05:00,21.08397694973075,21.46386958226659,20.070933955110213,20.260879516601562,2563,0.0,0.0
2022-02-23 00:00:00-05:00,20.197565272931833,20.260880463053276,19.121205531314104,19.184520721435547,2463,0.0,0.0
2022-02-24 00:00:00-05:00,18.677997711631704,27.85870860476116,18.677997711631704,20.640769958496094,550125,0.0,0.0
2022-02-25 00:00:00-05:00,20.70408658076511,23.173381989187614,19.691042039697614,22.160337448120117,72325,0.0,0.0
2022-02-28 00:00:00-05:00,22.033704932450856,23.30001010859633,19.374464213500673,22.66685676574707,39238,0.0,0.0
2022-03-01 00:00:00-05:00,22.223651742997777,23.996478486337548,20.704085747341814,23.236696243286133,15800,0.0,0.0
2022-03-02 00:00:00-05:00,23.046751610248325,23.74321869441441,21.717131121832608,22.160337448120117,17600,0.0,0.0
2022-03-03 00:00:00-05:00,21.90707724554475,22.983437003365587,20.957347869873047,20.957347869873047,9200,0.0,0.0
2022-03-04 00:00:00-05:00,20.704085296668023,21.33723715209548,20.007618255697825,21.273921966552734,5463,0.0,0.0
2022-03-07 00:00:00-05:00,20.957346995581446,21.273922937747464,19.880988792216993,20.387510299682617,7613,0.0,0.0
2022-03-08 00:00:00-05:00,20.007618829127935,28.61849185749948,19.817673267055746,27.352188110351562,281013,0.0,0.0
2022-03-09 00:00:00-05:00,24.566318321970677,26.275829992777034,21.780446891933195,23.42664337158203,81913,0.0,0.0
2022-03-10 00:00:00-05:00,22.476911367199847,24.56631545026112,22.097020264662543,23.17337989807129,25938,0.0,0.0
2022-03-11 00:00:00-05:00,23.173379905609288,24.43968358114554,21.5271836178591,21.843759536743164,12388,0.0,0.0
2022-03-14 00:00:00-04:00,21.02066224682286,21.780446019844643,20.32419517197663,20.704086303710938,29813,0.0,0.0
2022-03-15 00:00:00-04:00,20.32419517197663,21.46387007673272,20.134249606109478,20.704086303710938,9525,0.0,0.0
2022-03-16 00:00:00-04:00,20.894031312112496,21.970390999528266,20.260879442781533,21.590499877929688,27388,0.0,0.0
2022-03-17 00:00:00-04:00,21.273922630109222,22.98343571219109,21.210607442591606,22.54022789001465,16313,0.0,0.0
2022-03-18 00:00:00-04:00,23.046751086217192,24.37637003484718,22.856804012574035,23.363327026367188,22888,0.0,0.0
2022-03-21 00:00:00-04:00,23.933163718637186,24.819577860610334,22.54022807242404,23.363327026367188,59063,0.0,0.0
2022-03-22 00:00:00-04:00,23.046750682523278,24.313054420942308,22.79348842528634,23.236696243286133,30913,0.0,0.0
2022-03-23 00:00:00-04:00,24.24973794754152,26.08587978039255,22.98343427630153,24.313053131103516,108650,0.0,0.0
2022-03-24 00:00:00-04:00,24.313053990400316,24.313053990400316,22.856803207452977,23.110065460205078,16038,0.0,0.0
2022-03-25 00:00:00-04:00,22.920118366546035,23.173380619003034,21.020661285213713,21.463869094848633,10388,0.0,0.0
2022-03-28 00:00:00-04:00,21.590499403819557,21.780444960447795,21.02066122438175,21.273921966552734,14300,0.0,0.0
2022-03-29 00:00:00-04:00,21.337237213843583,21.717129837752527,20.894030913761764,21.463869094848633,6613,0.0,0.0
2022-03-30 00:00:00-04:00,20.577455586772334,21.843760847868953,20.577455586772334,20.894031524658203,12200,0.0,0.0
2022-03-31 00:00:00-04:00,21.083976254018,21.083976254018,20.45082440327242,20.640769958496094,5600,0.0,0.0
2022-04-01 00:00:00-04:00,20.324195111249416,20.894031807148245,20.260879922816212,20.387510299682617,16888,0.0,0.0
2022-04-04 00:00:00-04:00,20.577454773421536,21.14729143909256,20.38750921819786,20.640769958496094,16738,0.0,0.0
2022-04-05 00:00:00-04:00,20.70408617803484,20.70408617803484,19.69104165667281,20.070934295654297,8450,0.0,0.0
2022-04-06 00:00:00-04:00,20.26087931473032,20.26087931473032,18.994574074518468,19.437780380249023,12413,0.0,0.0
2022-04-07 00:00:00-04:00,19.31115034694868,19.437780722242522,18.93125922106715,19.247835159301758,5363,0.0,0.0
2022-04-08 00:00:00-04:00,19.184519411961308,19.184519411961308,18.234791624965066,18.488052368164062,15550,0.0,0.0
2022-04-11 00:00:00-04:00,18.044844630010786,19.057889116401878,18.044844630010786,18.804628372192383,3425,0.0,0.0
2022-04-12 00:00:00-04:00,18.867944717407227,19.121205477175934,18.29810800792763,18.867944717407227,5650,0.0,0.0
2022-04-13 00:00:00-04:00,18.614682885847635,19.374465121407237,18.614682885847635,19.121204376220703,3888,0.0,0.0
2022-04-14 00:00:00-04:00,19.437780584836602,19.437780584836602,18.55136796404577,18.614683151245117,2700,0.0,0.0
2022-04-18 00:00:00-04:00,18.298107898915557,18.488053467610477,17.9815304415375,18.234792709350586,8425,0.0,0.0
2022-04-19 00:00:00-04:00,18.361421996564566,19.564410526759804,18.361421996564566,18.488052368164062,16038,0.0,0.0
2022-04-20 00:00:00-04:00,18.488053239306492,19.184520315920714,18.488053239306492,19.057889938354492,10513,0.0,0.0
2022-04-21 00:00:00-04:00,19.121204878780816,19.184520066741552,17.60163885816994,17.918214797973633,4713,0.0,0.0
2022-04-22 00:00:00-04:00,17.538322615264345,18.67799743955839,17.22174669450296,18.17147445678711,11188,0.0,0.0
2022-04-25 00:00:00-04:00,17.791583866679176,18.108159796600795,16.905171262898644,17.158432006835938,6688,0.0,0.0
2022-04-26 00:00:00-04:00,17.03180308393106,17.09511827530223,16.46196485203727,16.715227127075195,5163,0.0,0.0
2022-04-27 00:00:00-04:00,16.52527884032612,17.09511703073424,16.33533328004112,16.461963653564453,3963,0.0,0.0
2022-04-28 00:00:00-04:00,17.095117090747923,17.095117090747923,16.461963711355402,16.65191078186035,3950,0.0,0.0
2022-04-29 00:00:00-04:00,16.778541564941406,16.96848713052469,16.588594489804954,16.778541564941406,2613,0.0,0.0
2022-05-02 00:00:00-04:00,16.968485623578662,16.968485623578662,16.715224891959327,16.905170440673828,1563,0.0,0.0
2022-05-03 00:00:00-04:00,16.90517085484283,17.221746777122963,16.90517085484283,17.031801223754883,3438,0.0,0.0
2022-05-04 00:00:00-04:00,17.158432149774846,17.85489920140435,17.0318017767513,17.791584014892578,3188,0.0,0.0
2022-05-05 00:00:00-04:00,17.791583278830473,17.918213646615147,16.525278091430664,16.525278091430664,4788,0.0,0.0
2022-05-06 00:00:00-04:00,16.525279595004545,16.525279595004545,15.95544288812618,16.398649215698242,2138,0.0,0.0
2022-05-09 00:00:00-04:00,15.828811850030345,15.955442224066337,15.512235914940364,15.89212703704834,5800,0.0,0.0
2022-05-10 00:00:00-04:00,15.512235308794953,15.955441600602501,15.195659386075274,15.702180862426758,2800,0.0,0.0
2022-05-11 00:00:00-04:00,15.575550742191833,15.575550742191833,14.43587589263916,14.43587589263916,4200,0.0,0.0
2022-05-12 00:00:00-04:00,14.56250694030659,15.195660334830546,14.499191751809512,14.942398071289062,2338,0.0,0.0
2022-05-13 00:00:00-04:00,15.828811645507812,16.018757204107533,15.575550900708185,15.828811645507812,3375,0.0,0.0
2022-05-16 00:00:00-04:00,15.38560493970708,16.39864789241005,15.38560493970708,15.702180862426758,1900,0.0,0.0
2022-05-17 00:00:00-04:00,15.828812227471829,16.778541564941406,15.828812227471829,16.778541564941406,788,0.0,0.0
2022-05-18 00:00:00-04:00,15.892126972709457,16.77854109692591,15.638866225662793,16.461963653564453,1988,0.0,0.0
2022-05-19 00:00:00-04:00,16.525278005212343,16.71522506545139,16.145386903840347,16.208702087402344,3738,0.0,0.0
2022-05-20 00:00:00-04:00,16.525278768453894,16.525278768453894,15.575550971159487,16.145387649536133,1763,0.0,0.0
2022-05-23 00:00:00-04:00,16.208703306696336,16.77854151117326,16.208703306696336,16.588594436645508,438,0.0,0.0
2022-05-24 00:00:00-04:00,16.84185669949812,16.84185669949812,15.955442553396887,16.588594436645508,1925,0.0,0.0
2022-05-25 00:00:00-04:00,16.84185681394921,17.60163907901076,16.84185681394921,17.095117568969727,1563,0.0,0.0
2022-05-26 00:00:00-04:00,17.79158335187345,18.29810633464473,17.41169224695979,18.17147445678711,725,0.0,0.0
2022-05-27 00:00:00-04:00,17.538324500425627,18.42473868338955,17.538324500425627,18.36142349243164,1638,0.0,0.0
2022-05-31 00:00:00-04:00,18.8046279584298,18.8046279584298,17.854898678988196,18.677997589111328,1650,0.0,0.0
2022-06-01 00:00:00-04:00,18.424736961869023,18.67799770203716,17.475007676685422,17.664953231811523,850,0.0,0.0
2022-06-02 00:00:00-04:00,17.53832212255708,17.91821321679839,17.411691757809976,17.728267669677734,1125,0.0,0.0
2022-06-03 00:00:00-04:00,17.475009606903892,17.981531143188477,17.095118454690454,17.981531143188477,875,0.0,0.0
2022-06-06 00:00:00-04:00,17.664954328894964,18.04484546274034,17.348378384023817,17.411693572998047,3113,0.0,0.0
2022-06-07 00:00:00-04:00,17.854899834031272,17.854899834031272,16.46196417186526,17.095117568969727,2938,0.0,0.0
2022-06-08 00:00:00-04:00,16.905171529796107,17.475008212651556,16.208702963419647,16.65191078186035,3500,0.0,0.0
2022-06-09 00:00:00-04:00,16.08207205132039,16.5885935302429,15.702180942128512,16.018756866455078,6163,0.0,0.0
2022-06-10 00:00:00-04:00,15.702181068592038,16.01875699546827,15.575550697841546,15.765496253967285,1000,0.0,0.0
2022-06-13 00:00:00-04:00,15.765496253967285,16.52527847847024,15.5122355124663,15.765496253967285,8038,0.0,0.0
2022-06-14 00:00:00-04:00,15.765497354331309,15.765497354331309,15.448921405359435,15.512236595153809,1750,0.0,0.0
2022-06-15 00:00:00-04:00,16.27201752332218,16.27201752332218,15.322289755163146,15.702180862426758,763,0.0,0.0
2022-06-16 00:00:00-04:00,15.195659842545806,15.322290215437594,15.195659842545806,15.2589750289917,425,0.0,0.0
2022-06-17 00:00:00-04:00,15.25897583597631,15.892127733920058,15.25897583597631,15.512236595153809,1675,0.0,0.0
2022-06-21 00:00:00-04:00,15.195661082895052,16.018758573877196,15.195661082895052,15.955443382263184,1300,0.0,0.0
2022-06-22 00:00:00-04:00,15.512237040965108,16.018758573877196,15.512237040965108,15.955443382263184,1163,0.0,0.0
2022-06-23 00:00:00-04:00,15.955441681589766,16.715225409526607,15.955441681589766,16.018756866455078,538,0.0,0.0
2022-06-24 00:00:00-04:00,16.018756838388203,22.66685727581012,16.018756838388203,17.348377227783203,147513,0.0,0.0
2022-06-27 00:00:00-04:00,17.41169392278937,17.41169392278937,16.018758227819834,17.22174835205078,7325,0.0,0.0
2022-06-28 00:00:00-04:00,17.031802380214597,17.348378323990243,16.20870341684475,17.095117568969727,3588,0.0,0.0
2022-06-29 00:00:00-04:00,16.968486916648164,18.677998494903612,16.65191097799959,17.601638793945312,12000,0.0,0.0
2022-06-30 00:00:00-04:00,17.158432006835938,17.221747192820263,16.715225704945674,17.158432006835938,1438,0.0,0.0
2022-07-01 00:00:00-04:00,17.28506252279839,18.677998135610522,17.095116963263074,17.791584014892578,3950,0.0,0.0
2022-07-05 00:00:00-04:00,17.221747667567023,17.72826916940474,17.221747667567023,17.601638793945312,1163,0.0,0.0
2022-07-06 00:00:00-04:00,17.85490001288659,18.044845581054688,17.664954444718486,18.044845581054688,700,0.0,0.0
2022-07-07 00:00:00-04:00,17.9815304415375,18.36142308848053,17.9815304415375,18.234792709350586,1250,0.0,0.0
2022-07-08 00:00:00-04:00,17.981528647253533,18.677997172524428,17.791583097512298,18.551366806030273,813,0.0,0.0
2022-07-11 00:00:00-04:00,18.298107672957162,19.247835504703826,17.98153021948843,19.057889938354492,5300,0.0,0.0
2022-07-12 00:00:00-04:00,18.48805250046259,19.057889176738023,17.221747265852954,17.475008010864258,2625,0.0,0.0
2022-07-13 00:00:00-04:00,18.298107553557923,18.804629060517644,17.47500859519521,18.42473793029785,1550,0.0,0.0
2022-07-14 00:00:00-04:00,18.488052146911055,18.86794325716326,17.285062121559317,17.664953231811523,2263,0.0,0.0
2022-07-15 00:00:00-04:00,18.361421518797005,18.551367071253836,17.6649529835689,18.17147445678711,1688,0.0,0.0
2022-07-18 00:00:00-04:00,18.108159494589778,19.184519147924675,18.044844309661435,18.99457359313965,2450,0.0,0.0
2022-07-19 00:00:00-04:00,19.121203455253973,19.627724921230595,18.42473643953612,18.551366806030273,2150,0.0,0.0
2022-07-20 00:00:00-04:00,18.994573512407506,19.627725358999857,18.488052035133624,18.677997589111328,2088,0.0,0.0
2022-07-21 00:00:00-04:00,18.677999147580696,19.627726996713353,18.361423197869808,18.867944717407227,2213,0.0,0.0
2022-07-22 00:00:00-04:00,18.67799743955839,18.804627807862943,17.854898536025726,18.17147445678711,1138,0.0,0.0
2022-07-25 00:00:00-04:00,17.79158414195213,18.298107147216797,17.79158414195213,18.298107147216797,363,0.0,0.0
2022-07-26 00:00:00-04:00,17.981528399171943,17.981528399171943,17.728267669677734,17.728267669677734,175,0.0,0.0
2022-07-27 00:00:00-04:00,17.9815299203236,18.044845108053316,17.47500841848588,17.601638793945312,788,0.0,0.0
2022-07-28 00:00:00-04:00,17.791585117826305,17.854900308263105,17.5383243560791,17.5383243560791,363,0.0,0.0
2022-07-29 00:00:00-04:00,18.361421776826987,18.361421776826987,17.60163804676949,17.664953231811523,638,0.0,0.0
2022-08-01 00:00:00-04:00,17.6649547369527,17.854900308263105,17.5383243560791,17.5383243560791,975,0.0,0.0
2022-08-02 00:00:00-04:00,17.79158487284258,18.488053467610477,17.79158487284258,18.234792709350586,1213,0.0,0.0
2022-08-03 00:00:00-04:00,18.55136876769634,19.121205477175934,18.361423197869808,18.867944717407227,1688,0.0,0.0
2022-08-04 00:00:00-04:00,18.931258668762307,18.931258668762307,18.361421996564566,18.488052368164062,813,0.0,0.0
2022-08-05 00:00:00-04:00,18.614682404452093,18.677997589111328,18.614682404452093,18.677997589111328,150,0.0,0.0
2022-08-08 00:00:00-04:00,18.298106764580478,20.007618286412015,18.298106764580478,19.817672729492188,5850,0.0,0.0
2022-08-09 00:00:00-04:00,19.24783589545825,26.592403981615462,19.05789032525279,23.300012588500977,232900,0.0,0.0
2022-08-10 00:00:00-04:00,29.63153401120553,30.074741819636294,22.28696644873465,25.769306182861328,1571425,0.0,0.0
2022-08-11 00:00:00-04:00,24.123108664633467,31.657623394916293,23.17338086851785,27.225557327270508,178988,0.0,0.0
2022-08-12 00:00:00-04:00,25.452729361010803,27.985339863516142,24.819577490161038,25.1994686126709,37188,0.0,0.0
2022-08-15 00:00:00-04:00,25.326099433169393,25.895937636529727,22.856804074231988,23.679903030395508,20538,0.0,0.0
2022-08-16 00:00:00-04:00,22.983434958202782,23.426641256286377,18.994573746791154,19.62772560119629,39375,0.0,0.0
2022-08-17 00:00:00-04:00,20.640770111125278,22.160336073704265,19.311149705174525,21.273921966552734,34113,0.0,0.0
2022-08-18 00:00:00-04:00,20.577456327368278,21.27392341578349,20.007619618664926,20.830717086791992,5550,0.0,0.0
2022-08-19 00:00:00-04:00,20.957346644871834,21.527184840787903,19.69104138784552,20.577455520629883,6275,0.0,0.0
2022-08-22 00:00:00-04:00,21.083978252022177,21.147293443096743,19.880989621605437,20.957347869873047,3063,0.0,0.0
2022-08-23 00:00:00-04:00,21.273922691948346,23.363326905209387,21.273922691948346,22.85680389404297,7500,0.0,0.0
2022-08-24 00:00:00-04:00,22.413597666810237,26.149198284314046,22.160336915024182,25.009523391723633,14263,0.0,0.0
2022-08-25 00:00:00-04:00,25.009523492165407,26.149198389332916,22.983435960186743,23.679903030395508,6963,0.0,0.0
2022-08-26 00:00:00-04:00,23.489956784690747,23.489956784690747,21.59049968418933,22.413597106933594,3050,0.0,0.0
2022-08-29 00:00:00-04:00,21.970389749121235,22.856802315735937,21.843759382461993,22.66685676574707,1600,0.0,0.0
2022-08-30 00:00:00-04:00,21.970390995313974,23.363326617128035,21.78044543455112,23.236696243286133,2763,0.0,0.0
2022-08-31 00:00:00-04:00,23.80653244028637,23.80653244028637,22.35028166123655,22.92011833190918,7850,0.0,0.0
2022-09-01 00:00:00-04:00,22.350282260642977,22.79348857194126,21.843760762016373,22.223651885986328,1275,0.0,0.0
2022-09-02 00:00:00-04:00,21.9703900890447,22.603541932136967,20.577454524688637,21.14729118347168,1275,0.0,0.0
2022-09-06 00:00:00-04:00,20.95734677758807,22.286967230408106,19.944303773194253,21.210607528686523,9488,0.0,0.0
2022-09-07 00:00:00-04:00,21.463868874018438,22.223651094913134,19.944302922675952,20.640769958496094,13763,0.0,0.0
2022-09-08 00:00:00-04:00,20.2608791052773,20.957346149939664,20.007618361763715,20.134248733520508,3350,0.0,0.0
2022-09-09 00:00:00-04:00,20.830715835421458,21.78044513576018,17.98152944395841,18.804628372192383,24425,0.0,0.0
2022-09-12 00:00:00-04:00,18.677998984501546,19.754357204120787,17.53832406593975,18.044845581054688,12013,0.0,0.0
2022-09-13 00:00:00-04:00,18.488052708108622,18.677998269000447,17.918214515880013,18.298107147216797,3100,0.0,0.0
2022-09-14 00:00:00-04:00,18.55136783580569,18.614683022567352,17.981529645397565,18.1081600189209,850,0.0,0.0
2022-09-15 00:00:00-04:00,18.424738106138896,18.488053295113126,17.15843281710113,17.411693572998047,4925,0.0,0.0
2022-09-16 00:00:00-04:00,17.34837904078692,18.108161337240993,16.715227127075195,16.715227127075195,7300,0.0,0.0
2022-09-19 00:00:00-04:00,16.33533268518552,17.221746777122963,16.33533268518552,17.031801223754883,2263,0.0,0.0
2022-09-20 00:00:00-04:00,16.588595234779614,17.158433466673404,16.46196485203727,16.715227127075195,1488,0.0,0.0
2022-09-21 00:00:00-04:00,16.398648524371463,17.031801903763984,16.398648524371463,16.65191078186035,1275,0.0,0.0
2022-09-22 00:00:00-04:00,16.525278757909586,16.525278757909586,15.195659842545806,15.2589750289917,5450,0.0,0.0
2022-09-23 00:00:00-04:00,15.195659918331131,15.195659918331131,14.245930607353012,14.815767288208008,5425,0.0,0.0
2022-09-26 00:00:00-04:00,14.56250694030659,15.069029957836388,14.309246186318276,14.942398071289062,3175,0.0,0.0
2022-09-27 00:00:00-04:00,14.689137516060583,15.575551676566988,14.689137516060583,15.00571346282959,2225,0.0,0.0
2022-09-28 00:00:00-04:00,14.879081953802523,16.145387154234307,14.879081953802523,15.702180862426758,3088,0.0,0.0
2022-09-29 00:00:00-04:00,21.33723739139288,21.780445204715775,17.475008010864258,17.475008010864258,143325,0.0,0.0
2022-09-30 00:00:00-04:00,17.728268828380806,18.86794369514584,17.66495364186903,17.791584014892578,13313,0.0,0.0
2022-10-03 00:00:00-04:00,18.361422275520688,18.67799820932902,16.01875734623279,16.461963653564453,25950,0.0,0.0
2022-10-04 00:00:00-04:00,17.28506264168264,21.083976877623673,16.208702954026325,19.944303512573242,26488,0.0,0.0
2022-10-05 00:00:00-04:00,19.817673978164382,24.37637065058082,19.501096520464657,22.476913452148438,24350,0.0,0.0
2022-10-06 00:00:00-04:00,24.819578487539157,24.819578487539157,21.90707674548468,22.476913452148438,8950,0.0,0.0
2022-10-07 00:00:00-04:00,22.03370656818404,23.363327026367188,21.84376100409404,23.363327026367188,7700,0.0,0.0
2022-10-10 00:00:00-04:00,23.36332529192595,23.74321639190368,22.66685676574707,22.66685676574707,2050,0.0,0.0
2022-10-11 00:00:00-04:00,22.350283612350907,23.99648009199974,22.286968421193382,23.42664337158203,1563,0.0,0.0
2022-10-12 00:00:00-04:00,22.920118675441874,24.56631654560931,22.54022755596621,24.37636947631836,4588,0.0,0.0
2022-10-13 00:00:00-04:00,23.616586936400683,26.529088501037158,23.616586936400683,26.21251106262207,8188,0.0,0.0
2022-10-14 00:00:00-04:00,25.70599060197302,27.60544927002928,25.70599060197302,27.478818893432617,8225,0.0,0.0
2022-10-17 00:00:00-04:00,27.858709551087067,28.30191435211101,25.959250915221887,27.162240982055664,7750,0.0,0.0
2022-10-18 00:00:00-04:00,27.79539350694525,28.175284639216887,25.895937845587074,26.592403411865234,2638,0.0,0.0
2022-10-19 00:00:00-04:00,26.40245839777291,26.972296585067824,24.059793481283734,25.705989837646484,3788,0.0,0.0
2022-10-20 00:00:00-04:00,25.9592509164687,26.275828362163526,25.13615348250031,25.389415740966797,3813,0.0,0.0
2022-10-21 00:00:00-04:00,25.136153613648688,26.465772552381097,25.136153613648688,26.022567749023438,2238,0.0,0.0
2022-10-24 00:00:00-04:00,26.02256618977792,26.14919655730773,25.32609765881091,25.95924949645996,1263,0.0,0.0
2022-10-25 00:00:00-04:00,26.085879758730975,26.465770859787515,25.389414249680375,25.51604461669922,1925,0.0,0.0
2022-10-26 00:00:00-04:00,26.59240244746706,26.84566319313008,25.579359464814974,25.705989837646484,1288,0.0,0.0
2022-10-27 00:00:00-04:00,26.7190324123884,27.542131332780368,26.149197252899196,27.098926544189453,6088,0.0,0.0
2022-10-28 00:00:00-04:00,27.66876342001432,28.11197125520428,26.972297846424002,28.048654556274414,1888,0.0,0.0
2022-10-31 00:00:00-04:00,27.66876220703125,28.42854444624301,27.28887108742537,27.66876220703125,3463,0.0,0.0
2022-11-01 00:00:00-04:00,27.85870825700382,28.618490468414237,27.0989260455934,28.111968994140625,1363,0.0,0.0
2022-11-02 00:00:00-04:00,27.542132977729853,29.125014218048882,27.478819298052404,27.605449676513672,750,0.0,0.0
2022-11-03 00:00:00-04:00,27.605447213804453,28.618490151120035,27.54213052066918,28.428543090820312,1500,0.0,0.0
2022-11-04 00:00:00-04:00,28.365230761512354,29.50490412002131,27.858709268841707,29.188329696655273,1763,0.0,0.0
2022-11-07 00:00:00-05:00,28.365230703809086,29.441590383097694,28.23860033089903,28.998382568359375,1025,0.0,0.0
2022-11-08 00:00:00-05:00,29.18832748659049,29.5682185773291,28.491858977350027,29.504901885986328,1725,0.0,0.0
2022-11-09 00:00:00-05:00,29.314961171622954,29.758165984814458,28.808439659914747,28.935070037841797,850,0.0,0.0
2022-11-10 00:00:00-05:00,29.125012137532156,29.125012137532156,27.16223990203804,27.41550064086914,1400,0.0,0.0
2022-11-11 00:00:00-05:00,26.08588274616126,26.719034653765867,21.400555610780742,22.603544235229492,8675,0.0,0.0
2022-11-14 00:00:00-05:00,22.47691327710696,22.47691327710696,20.957347228284206,21.527185440063477,2075,0.0,0.0
2022-11-15 00:00:00-05:00,22.033704683604466,23.046749114990234,21.843759135760827,23.046749114990234,1413,0.0,0.0
2022-11-16 00:00:00-05:00,23.1100672708664,23.1100672708664,22.28696828142719,22.603544235229492,513,0.0,0.0
2022-11-17 00:00:00-05:00,22.28696680499944,23.300011299609643,21.463869379640563,22.730173110961914,1225,0.0,0.0
2022-11-18 00:00:00-05:00,23.36332648617571,23.86984797870425,22.476912364697643,22.730173110961914,1288,0.0,0.0
2022-11-21 00:00:00-05:00,22.793488988464723,22.793488988464723,21.84376116118471,22.350282669067383,388,0.0,0.0
2022-11-22 00:00:00-05:00,21.843761100114108,22.41359779488897,21.71713072349747,22.033706665039062,1300,0.0,0.0
2022-11-23 00:00:00-05:00,21.97039031982422,22.097020689772812,21.337236960528166,21.97039031982422,1950,0.0,0.0
2022-11-25 00:00:00-05:00,23.17337989807129,23.17337989807129,23.17337989807129,23.17337989807129,63,0.0,0.0
2022-11-28 00:00:00-05:00,22.47691385370857,23.173382461626858,22.097022709145808,22.603544235229492,913,0.0,0.0
2022-11-29 00:00:00-05:00,22.60354307753226,22.856803827602718,22.223651952426575,22.54022789001465,288,0.0,0.0
2022-11-30 00:00:00-05:00,22.540226810882736,22.793487548828125,22.540226810882736,22.793487548828125,75,0.0,0.0
2022-12-01 00:00:00-05:00,22.47691209265448,23.110065460205078,22.160336163655735,23.110065460205078,688,0.0,0.0
2022-12-02 00:00:00-05:00,23.679904136212123,23.679904136212123,23.42664337158203,23.42664337158203,225,0.0,0.0
2022-12-05 00:00:00-05:00,23.36332648617571,23.61658723243998,22.666857924395845,22.730173110961914,700,0.0,0.0
2022-12-06 00:00:00-05:00,22.47691298319729,22.983435999217,21.843761100114108,22.033706665039062,238,0.0,0.0
2022-12-07 00:00:00-05:00,22.097020115780477,22.66685676574707,21.337236406271977,22.66685676574707,1213,0.0,0.0
2022-12-08 00:00:00-05:00,22.73017373643056,22.73017373643056,22.033706665039062,22.033706665039062,413,0.0,0.0
2022-12-09 00:00:00-05:00,21.463869572023043,22.033706256225145,21.463869572023043,21.907075881958008,125,0.0,0.0
2022-12-12 00:00:00-05:00,21.65381576624029,21.717130955224192,21.273923122783675,21.337238311767578,663,0.0,0.0
2022-12-13 00:00:00-05:00,21.590498983189338,21.590498983189338,21.14729118347168,21.14729118347168,238,0.0,0.0
2022-12-14 00:00:00-05:00,21.02066218401465,21.273922937747464,20.324195111249416,20.387510299682617,913,0.0,0.0
2022-12-15 00:00:00-05:00,21.147291859578125,21.147291859578125,20.76740074157715,20.76740074157715,850,0.0,0.0
2022-12-16 00:00:00-05:00,20.767401430281836,20.767401430281836,20.070934357516602,20.387510299682617,788,0.0,0.0
2022-12-19 00:00:00-05:00,20.8307168610187,20.8307168610187,19.627726757241447,19.691041946411133,1838,0.0,0.0
2022-12-20 00:00:00-05:00,19.311151101678433,19.374466291799873,19.184520721435547,19.184520721435547,238,0.0,0.0
2022-12-21 00:00:00-05:00,18.804628514919656,20.70408562046088,18.804628514919656,19.437780380249023,850,0.0,0.0
2022-12-22 00:00:00-05:00,19.43778030770387,19.43778030770387,18.86794363103417,19.121204376220703,200,0.0,0.0
2022-12-23 00:00:00-05:00,19.05788987722631,19.05788987722631,18.29810761426598,18.741313934326172,325,0.0,0.0
2022-12-27 00:00:00-05:00,18.741313682633326,18.741313682633326,17.601638793945312,17.601638793945312,225,0.0,0.0
2022-12-28 00:00:00-05:00,16.96848611925694,17.66495315155509,16.96848611925694,17.348377227783203,2825,0.0,0.0
2022-12-29 00:00:00-05:00,16.905170909099663,18.741312773770563,16.905170909099663,18.677997589111328,2025,0.0,0.0
2022-12-30 00:00:00-05:00,17.918214973232644,18.741313934326172,17.918214973232644,18.741313934326172,613,0.0,0.0
2023-01-03 00:00:00-05:00,18.234793110515827,18.551369065305362,18.10816121904679,18.36142349243164,813,0.0,0.0
2023-01-04 00:00:00-05:00,18.74131345596439,18.74131345596439,18.298107147216797,18.298107147216797,413,0.0,0.0
2023-01-05 00:00:00-05:00,18.171476010232418,18.234792709350586,18.171476010232418,18.234792709350586,63,0.0,0.0
2023-01-06 00:00:00-05:00,18.42473752114468,18.931259016856217,18.298107147216797,18.298107147216797,575,0.0,0.0
2023-01-09 00:00:00-05:00,18.931259200212676,21.020661899812552,18.931259200212676,20.894031524658203,5600,0.0,0.0
2023-01-10 00:00:00-05:00,21.020662600259282,21.78044638605589,18.99457502072365,20.514141082763672,4450,0.0,0.0
2023-01-11 00:00:00-05:00,20.514141082763672,21.020662600259282,20.514141082763672,20.514141082763672,550,0.0,0.0
2023-01-12 00:00:00-05:00,20.26088076805283,21.020663060947612,20.26088076805283,20.957347869873047,438,0.0,0.0
2023-01-13 00:00:00-05:00,21.52718456101416,21.52718456101416,20.76740081285149,21.08397674560547,2075,0.0,0.0
2023-01-17 00:00:00-05:00,21.21060704591162,21.273922232245116,20.76740074157715,20.76740074157715,1650,0.0,0.0
2023-01-18 00:00:00-05:00,21.083977372447855,21.40055482416704,20.260879922816212,20.387510299682617,525,0.0,0.0
2023-01-19 00:00:00-05:00,20.070934295654297,20.070934295654297,20.070934295654297,20.070934295654297,50,0.0,0.0
2023-01-20 00:00:00-05:00,20.89403198888024,21.337238311767578,20.89403198888024,21.337238311767578,563,0.0,0.0
2023-01-23 00:00:00-05:00,20.577456723425655,21.020663060947612,20.577456723425655,20.957347869873047,300,0.0,0.0
2023-01-24 00:00:00-05:00,21.84376091598581,22.476912793731948,21.083977153137297,21.210607528686523,1500,0.0,0.0
2023-01-25 00:00:00-05:00,20.76740229664935,22.033707627693882,20.577456723425655,20.957347869873047,1775,0.0,0.0
2023-01-26 00:00:00-05:00,20.95734496401201,21.40055274963379,20.95734496401201,21.40055274963379,450,0.0,0.0
2023-01-27 00:00:00-05:00,21.65381576624029,21.7804461442081,20.640771232944616,21.337238311767578,1225,0.0,0.0
2023-01-30 00:00:00-05:00,21.020661899812552,21.527184909983085,20.894031524658203,20.894031524658203,413,0.0,0.0
2023-01-31 00:00:00-05:00,20.957345630544,21.14729118347168,20.32419378745173,21.14729118347168,838,0.0,0.0
2023-02-01 00:00:00-05:00,21.400555061791014,21.527185440063477,21.147292795692902,21.527185440063477,275,0.0,0.0
2023-02-02 00:00:00-05:00,21.907076288422424,22.223652229964017,21.78044591180579,22.033706665039062,1013,0.0,0.0
2023-02-03 00:00:00-05:00,22.033707772184655,22.5402293041028,21.780447006225586,21.780447006225586,825,0.0,0.0
2023-02-06 00:00:00-05:00,21.653814799798877,22.160336289063327,21.653814799798877,22.097021102905273,175,0.0,0.0
2023-02-07 00:00:00-05:00,22.603543774407626,22.98343642077868,22.160337448120117,22.160337448120117,775,0.0,0.0
2023-02-08 00:00:00-05:00,22.476912918524437,22.476912918524437,21.08397727019617,21.717130661010742,188,0.0,0.0
2023-02-09 00:00:00-05:00,21.590499877929688,21.590499877929688,21.463869504063496,21.590499877929688,238,0.0,0.0
2023-02-10 00:00:00-05:00,21.527185158572514,22.160337041655698,21.147292519169444,22.033706665039062,1425,0.0,0.0
2023-02-13 00:00:00-05:00,22.16033636147382,22.413597106933594,21.59049968418933,22.413597106933594,88,0.0,0.0
2023-02-14 00:00:00-05:00,21.97039080237899,22.666857852393367,21.653814870554275,22.413597106933594,988,0.0,0.0
2023-02-15 00:00:00-05:00,22.92011791780082,22.92011791780082,21.717129412560215,22.793487548828125,288,0.0,0.0
2023-02-16 00:00:00-05:00,23.236697237253306,23.236697237253306,21.843761555855377,22.476913452148438,188,0.0,0.0
2023-02-17 00:00:00-05:00,22.28696666137944,22.28696666137944,22.097021102905273,22.097021102905273,613,0.0,0.0
2023-02-21 00:00:00-05:00,21.97039120235612,22.54022789001465,21.65381526476805,22.54022789001465,263,0.0,0.0
2023-02-22 00:00:00-05:00,22.223650482439723,22.66685676574707,21.400553099154642,22.66685676574707,1688,0.0,0.0
2023-02-23 00:00:00-05:00,22.73017296448584,22.73017296448584,21.40055405516665,22.097021102905273,525,0.0,0.0
2023-02-24 00:00:00-05:00,21.97039031982422,21.97039031982422,21.97039031982422,21.97039031982422,25,0.0,0.0
2023-02-27 00:00:00-05:00,21.21060764644845,21.843761037263025,20.957346893943885,21.717130661010742,413,0.0,0.0
2023-02-28 00:00:00-05:00,21.843760209204476,21.843760209204476,21.463869094848633,21.463869094848633,188,0.0,0.0
2023-03-01 00:00:00-05:00,21.02066236684805,21.337238311767578,20.957347177864143,21.337238311767578,163,0.0,0.0
2023-03-02 00:00:00-05:00,20.957347869873047,20.957347869873047,20.957347869873047,20.957347869873047,150,0.0,0.0
2023-03-03 00:00:00-05:00,21.210607933799768,21.527185388272475,21.210607933799768,21.337238311767578,338,0.0,0.0
2023-03-06 00:00:00-05:00,21.40055482416704,21.590500389466648,19.18452020989859,20.387510299682617,1375,0.0,0.0
2023-03-07 00:00:00-05:00,20.007619702567506,20.07093489268895,19.184520721435547,19.184520721435547,525,0.0,0.0
2023-03-08 00:00:00-05:00,19.62772544242307,19.62772544242307,18.677997668497937,18.99457359313965,238,0.0,0.0
2023-03-09 00:00:00-05:00,18.804630149204176,18.804630149204176,17.981531143188477,17.981531143188477,875,0.0,0.0
2023-03-10 00:00:00-05:00,18.23479063821917,18.23479063821917,17.728267669677734,17.728267669677734,263,0.0,0.0
2023-03-13 00:00:00-04:00,17.15843247983731,19.81767338359162,17.15843247983731,17.601638793945312,1275,0.0,0.0
2023-03-14 00:00:00-04:00,18.677998135610522,19.247834814216482,17.791584014892578,17.791584014892578,175,0.0,0.0
2023-03-15 00:00:00-04:00,17.85489803442484,17.85489803442484,17.664952487304184,17.728267669677734,88,0.0,0.0
2023-03-16 00:00:00-04:00,18.361423197869808,19.94430445597744,18.361423197869808,18.867944717407227,2050,0.0,0.0
2023-03-17 00:00:00-04:00,18.74131285342628,18.99457359313965,18.361421743856226,18.99457359313965,375,0.0,0.0
2023-03-20 00:00:00-04:00,19.311149004995208,19.880987163771948,18.42473643953612,18.551366806030273,2100,0.0,0.0
2023-03-21 00:00:00-04:00,18.994573930349503,19.627725790873242,18.677998000087634,18.804628372192383,300,0.0,0.0
2023-03-22 00:00:00-04:00,19.374466236944645,20.260880405688326,18.80462952746505,18.867944717407227,1913,0.0,0.0
2023-03-23 00:00:00-04:00,19.184520721435547,19.184520721435547,19.184520721435547,19.184520721435547,675,0.0,0.0
2023-03-24 00:00:00-04:00,19.56441033792247,19.6277255231111,19.31114959716797,19.31114959716797,150,0.0,0.0
2023-03-27 00:00:00-04:00,19.37446444991083,19.501094818115234,19.37446444991083,19.501094818115234,300,0.0,0.0
2023-03-28 00:00:00-04:00,19.5010961972865,19.5010961972865,18.741313934326172,18.741313934326172,288,0.0,0.0
2023-03-29 00:00:00-04:00,19.311151101678433,19.50109667204276,18.931259960949777,19.184520721435547,1763,0.0,0.0
2023-03-30 00:00:00-04:00,19.501095494000506,19.944303307630054,19.121204376220703,19.121204376220703,513,0.0,0.0
2023-03-31 00:00:00-04:00,19.437779967545218,20.070933328984566,19.184519226790716,19.31114959716797,1663,0.0,0.0
2023-04-03 00:00:00-04:00,19.69104153904977,19.69104153904977,19.501095975470236,19.564411163330078,463,0.0,0.0
2023-04-04 00:00:00-04:00,19.62772720455899,20.007619857788086,19.564412013946345,20.007619857788086,725,0.0,0.0
2023-04-05 00:00:00-04:00,20.0709338276388,20.0709338276388,19.62772601075401,19.754356384277344,1125,0.0,0.0
2023-04-06 00:00:00-04:00,19.754356384277344,19.754356384277344,19.754356384277344,19.754356384277344,125,0.0,0.0
2023-04-10 00:00:00-04:00,19.754356034299146,20.577454957171494,19.754356034299146,19.817672729492188,1750,0.0,0.0
2023-04-11 00:00:00-04:00,19.880988792216993,20.387510299682617,19.691041717364214,20.387510299682617,513,0.0,0.0
2023-04-12 00:00:00-04:00,20.450823905520853,20.577454272587918,20.00761762078612,20.19756317138672,763,0.0,0.0
2023-04-13 00:00:00-04:00,20.5774541189647,21.020660400390625,20.450823752843004,21.020660400390625,1025,0.0,0.0
2023-04-14 00:00:00-04:00,21.14729249570122,21.14729249570122,20.070934295654297,20.070934295654297,1350,0.0,0.0
2023-04-17 00:00:00-04:00,21.083976598643517,21.083976598643517,20.260879179220424,20.450824737548828,263,0.0,0.0
2023-04-18 00:00:00-04:00,20.577455452420484,20.577455452420484,20.260879516601562,20.260879516601562,150,0.0,0.0
2023-04-19 00:00:00-04:00,20.767401082750858,20.894031457498176,20.577455520629883,20.577455520629883,150,0.0,0.0
2023-04-20 00:00:00-04:00,20.76740149233332,20.76740149233332,20.514140737843785,20.704086303710938,88,0.0,0.0
2023-04-21 00:00:00-04:00,21.21060654208113,21.21060654208113,19.311149487642282,20.324193954467773,1450,0.0,0.0
2023-04-24 00:00:00-04:00,19.691040994682094,20.450824737548828,19.691040994682094,20.450824737548828,175,0.0,0.0
2023-04-25 00:00:00-04:00,19.75435537709894,20.19756317138672,19.62772501003187,20.19756317138672,1025,0.0,0.0
2023-04-26 00:00:00-04:00,20.197564734383008,20.45082548811582,20.134249545949803,20.387510299682617,163,0.0,0.0
2023-04-27 00:00:00-04:00,20.26087835492025,20.324193538453784,19.944302437252585,20.19756317138672,400,0.0,0.0
2023-04-28 00:00:00-04:00,19.564412013946345,20.197565429626025,19.564412013946345,20.007619857788086,350,0.0,0.0
2023-05-01 00:00:00-04:00,19.817672729492188,19.88098791513213,19.817672729492188,19.817672729492188,188,0.0,0.0
2023-05-02 00:00:00-04:00,19.564411163330078,19.69104153904977,19.501095975470236,19.564411163330078,325,0.0,0.0
2023-05-03 00:00:00-04:00,19.3744655345956,19.3744655345956,19.247835159301758,19.247835159301758,263,0.0,0.0
2023-05-04 00:00:00-04:00,19.501094818115234,19.501094818115234,19.501094818115234,19.501094818115234,75,0.0,0.0
2023-05-05 00:00:00-04:00,19.184519226790716,19.501095152733846,19.184519226790716,19.31114959716797,1438,0.0,0.0
2023-05-08 00:00:00-04:00,19.3744655345956,19.754356660477125,19.247835159301758,19.247835159301758,400,0.0,0.0
2023-05-09 00:00:00-04:00,19.564410415755773,19.62772560119629,18.677997819588587,19.62772560119629,1888,0.0,0.0
2023-05-10 00:00:00-04:00,19.50109563723068,19.754356384277344,18.99457414313735,19.754356384277344,1088,0.0,0.0
2023-05-11 00:00:00-04:00,19.311151047002465,19.627726996713353,18.867944717407227,18.867944717407227,1650,0.0,0.0
2023-05-12 00:00:00-04:00,18.677997257028874,20.19756317138672,18.677997257028874,20.19756317138672,188,0.0,0.0
2023-05-15 00:00:00-04:00,20.1342486576919,20.1342486576919,19.627725663019262,19.817672729492188,675,0.0,0.0
2023-05-16 00:00:00-04:00,19.62772560119629,19.754355972077317,19.62772560119629,19.62772560119629,588,0.0,0.0
2023-05-17 00:00:00-04:00,19.62772560119629,19.62772560119629,19.62772560119629,19.62772560119629,1150,0.0,0.0
2023-05-18 00:00:00-04:00,19.247835504703826,19.247835504703826,19.057889938354492,19.057889938354492,625,0.0,0.0
2023-05-19 00:00:00-04:00,19.311149935110606,19.691041052890405,19.121204376220703,19.121204376220703,275,0.0,0.0
2023-05-22 00:00:00-04:00,19.12120444758434,19.437780380249023,19.12120444758434,19.437780380249023,163,0.0,0.0
2023-05-23 00:00:00-04:00,19.37446403503418,19.37446403503418,19.37446403503418,19.37446403503418,200,0.0,0.0
2023-05-24 00:00:00-04:00,19.057890210410605,20.514141082763672,18.99457502072365,20.514141082763672,788,0.0,0.0
2023-05-25 00:00:00-04:00,20.38750989092913,20.38750989092913,20.00761876794643,20.260879516601562,288,0.0,0.0
2023-05-26 00:00:00-04:00,20.197564396387932,20.830716270124515,19.88098845951964,20.577455520629883,1150,0.0,0.0
2023-05-30 00:00:00-04:00,20.577454272587918,20.577454272587918,20.19756317138672,20.19756317138672,938,0.0,0.0
2023-05-31 00:00:00-04:00,20.26087986036846,20.26087986036846,19.94430391917819,20.070934295654297,575,0.0,0.0
2023-06-01 00:00:00-04:00,19.94430391917819,20.070934295654297,19.94430391917819,20.070934295654297,238,0.0,0.0
2023-06-02 00:00:00-04:00,20.387509400251666,20.387509400251666,19.817672729492188,19.817672729492188,1313,0.0,0.0
2023-06-05 00:00:00-04:00,20.514141382689257,20.514141382689257,19.94430466717544,20.007619857788086,1113,0.0,0.0
2023-06-06 00:00:00-04:00,19.62772606828388,20.45082500815121,19.62772606828388,19.944303512573242,450,0.0,0.0
2023-06-07 00:00:00-04:00,20.134248168690327,20.134248168690327,19.501094818115234,19.501094818115234,325,0.0,0.0
2023-06-08 00:00:00-04:00,19.691041197515677,19.817673080592137,19.50109563723068,19.754356384277344,825,0.0,0.0
2023-06-09 00:00:00-04:00,19.88098902347338,19.88098902347338,19.057890054714253,19.691041946411133,875,0.0,0.0
2023-06-12 00:00:00-04:00,19.374465193716087,19.754356312913707,19.184519634117276,19.437780380249023,213,0.0,0.0
2023-06-13 00:00:00-04:00,19.691041472830204,19.691041472830204,19.247835159301758,19.247835159301758,288,0.0,0.0
2023-06-14 00:00:00-04:00,19.501094818115234,19.501094818115234,19.437779634013033,19.501094818115234,550,0.0,0.0
2023-06-15 00:00:00-04:00,19.62772476601977,19.62772476601977,19.247833669541382,19.37446403503418,375,0.0,0.0
2023-06-16 00:00:00-04:00,19.437779967545218,19.6277255231111,19.31114959716797,19.31114959716797,450,0.0,0.0
2023-06-20 00:00:00-04:00,19.31114959716797,19.691040708299724,19.12120404160209,19.31114959716797,2775,0.0,0.0
2023-06-21 00:00:00-04:00,19.754356384277344,19.754356384277344,19.754356384277344,19.754356384277344,225,0.0,0.0
2023-06-22 00:00:00-04:00,19.817672667070923,19.94430303795195,19.564410415755773,19.62772560119629,538,0.0,0.0
2023-06-23 00:00:00-04:00,20.007618107750513,21.843759984465787,20.007618107750513,20.640769958496094,1600,0.0,0.0
2023-06-26 00:00:00-04:00,21.08397727019617,22.16033697789373,21.08397727019617,21.717130661010742,1025,0.0,0.0
2023-06-27 00:00:00-04:00,22.47691270249703,23.363326837296775,22.41359751497942,22.54022789001465,1688,0.0,0.0
2023-06-28 00:00:00-04:00,23.173381497465154,23.173381497465154,21.717130661010742,21.717130661010742,813,0.0,0.0
2023-06-29 00:00:00-04:00,21.907074207998086,21.907074207998086,21.02066014630755,21.40055274963379,713,0.0,0.0
2023-06-30 00:00:00-04:00,21.273923122783675,21.337238311767578,21.02066236684805,21.337238311767578,88,0.0,0.0
2023-07-03 00:00:00-04:00,21.970392174743942,21.970392174743942,21.65381622314453,21.65381622314453,425,0.0,0.0
2023-07-05 00:00:00-04:00,22.223652936023466,22.223652936023466,20.95734762007262,21.65381622314453,363,0.0,0.0
2023-07-06 00:00:00-04:00,21.527185440063477,21.527185440063477,21.527185440063477,21.527185440063477,63,0.0,0.0
2023-07-07 00:00:00-04:00,21.527185440063477,21.527185440063477,21.337238363101598,21.527185440063477,625,0.0,0.0
2023-07-10 00:00:00-04:00,21.02066236684805,21.527185388272475,21.02066236684805,21.337238311767578,413,0.0,0.0
2023-07-11 00:00:00-04:00,21.52718456101416,21.52718456101416,21.08397674560547,21.08397674560547,113,0.0,0.0
2023-07-12 00:00:00-04:00,20.830717239432857,21.65381622314453,20.64077166847321,21.65381622314453,100,0.0,0.0
2023-07-13 00:00:00-04:00,20.957346893943885,21.717130661010742,20.957346893943885,21.717130661010742,275,0.0,0.0
2023-07-14 00:00:00-04:00,21.527184825374743,23.046750830807703,21.527184825374743,22.223651885986328,313,0.0,0.0
2023-07-17 00:00:00-04:00,22.09702178976759,22.60354329477672,21.717130661010742,21.717130661010742,263,0.0,0.0
2023-07-18 00:00:00-04:00,21.590501183062123,22.856804998271333,21.590501183062123,22.603544235229492,513,0.0,0.0
2023-07-19 00:00:00-04:00,20.894031185953082,22.856803478580865,20.450824880097514,21.08397674560547,2550,0.0,0.0
2023-07-20 00:00:00-04:00,20.64077095331318,21.780445849136882,20.64077095331318,21.717130661010742,625,0.0,0.0
2023-07-21 00:00:00-04:00,20.894029781716473,21.970389390293622,20.894029781716473,21.40055274963379,150,0.0,0.0
2023-07-24 00:00:00-04:00,20.894031589813455,21.590500164887356,20.894031589813455,21.210607528686523,1675,0.0,0.0
2023-07-25 00:00:00-04:00,21.21060636778091,21.21060636778091,21.14729118347168,21.14729118347168,1600,0.0,0.0
2023-07-26 00:00:00-04:00,21.210607528686523,21.210607528686523,20.95734677758807,21.210607528686523,700,0.0,0.0
2023-07-27 00:00:00-04:00,21.21060666591349,22.73017262024676,21.083976295515143,22.28696632385254,2975,0.0,0.0
2023-07-28 00:00:00-04:00,22.413596906854732,23.74321731820257,22.223651349455483,23.110065460205078,6663,0.0,0.0
2023-07-31 00:00:00-04:00,23.110064980812933,23.363325718758325,22.793487548828125,22.793487548828125,538,0.0,0.0
2023-08-01 00:00:00-04:00,22.856802909464374,22.856802909464374,21.907075134849922,21.97039031982422,1238,0.0,0.0
2023-08-02 00:00:00-04:00,22.28696673420371,22.92011859785314,21.843760429649105,22.413597106933594,825,0.0,0.0
2023-08-03 00:00:00-04:00,22.223651885986328,22.223651885986328,22.223651885986328,22.223651885986328,100,0.0,0.0
2023-08-04 00:00:00-04:00,22.223651059721405,22.350281429669998,21.97039031982422,21.97039031982422,225,0.0,0.0
2023-08-07 00:00:00-04:00,22.097021511329675,22.223651885986328,22.097021511329675,22.223651885986328,200,0.0,0.0
2023-08-08 00:00:00-04:00,22.35028192056865,22.603542666028424,22.16033636147382,22.413597106933594,738,0.0,0.0
2023-08-09 00:00:00-04:00,23.67990309258839,24.81957799274914,22.730173757528902,23.996479034423828,3050,0.0,0.0
2023-08-10 00:00:00-04:00,23.553272238908367,26.212511606030525,23.489957051823392,25.1994686126709,8525,0.0,0.0
2023-08-11 00:00:00-04:00,26.275828726913915,26.275828726913915,24.5030004408045,25.326099395751953,738,0.0,0.0
2023-08-14 00:00:00-04:00,25.642677551763587,25.959251991461734,24.503001115352333,24.946208953857422,4188,0.0,0.0
2023-08-15 00:00:00-04:00,24.692947909400708,25.705990935310442,24.62963272028135,25.452730178833008,1475,0.0,0.0
2023-08-16 00:00:00-04:00,26.275828726913915,26.275828726913915,25.326099395751953,25.326099395751953,1513,0.0,0.0
2023-08-17 00:00:00-04:00,24.859566369153267,26.059224166236653,24.059793974763227,25.992576599121094,1438,1.6,0.0
2023-08-18 00:00:00-04:00,25.659336301564128,26.4591086687445,25.259450912475586,25.259450912475586,450,0.0,0.0
2023-08-21 00:00:00-04:00,25.059509126691935,25.326099395751953,24.659623723101905,25.326099395751953,275,0.0,0.0
2023-08-22 00:00:00-04:00,24.659623182258347,24.659623182258347,24.526328050651813,24.592975616455078,288,0.0,0.0
2023-08-23 00:00:00-04:00,24.592975544442954,25.259451200524076,24.393032847618617,24.72627067565918,1563,0.0,0.0
2023-08-24 00:00:00-04:00,24.72627067565918,25.326098766132187,24.72627067565918,24.72627067565918,200,0.0,0.0
2023-08-25 00:00:00-04:00,26.592405337613492,26.592405337613492,23.859851842674562,24.393033981323242,2050,0.0,0.0
2023-08-28 00:00:00-04:00,24.459680948938804,25.459394454956055,24.459680948938804,25.459394454956055,125,0.0,0.0
2023-08-29 00:00:00-04:00,25.592688881083816,25.592688881083816,24.85956566361929,24.992860794067383,513,0.0,0.0
2023-08-30 00:00:00-04:00,25.25945198034077,25.526042251003467,24.25973846535566,25.05950927734375,1975,0.0,0.0
2023-08-31 00:00:00-04:00,24.45968109444078,25.25945190401213,24.126441668116033,25.19280433654785,825,0.0,0.0
2023-09-01 00:00:00-04:00,25.326098692768635,25.326098692768635,24.39303277695793,24.85956573486328,963,0.0,0.0
2023-09-05 00:00:00-04:00,26.659051667297735,26.659051667297735,24.259737716402395,24.72627067565918,588,0.0,0.0
2023-09-06 00:00:00-04:00,24.72627173856975,24.72627173856975,22.993433369265844,23.993146896362305,3275,0.0,0.0
2023-09-07 00:00:00-04:00,23.593260162745246,23.593260162745246,22.92678451538086,22.92678451538086,563,0.0,0.0
2023-09-08 00:00:00-04:00,22.393602547370225,22.660194396972656,21.32724150497368,22.660194396972656,413,0.0,0.0
2023-09-11 00:00:00-04:00,23.260023345168683,23.260023345168683,22.660195236595346,22.860137939453125,613,0.0,0.0
2023-09-12 00:00:00-04:00,22.326954574555963,22.326954574555963,20.52746875936504,20.994003295898438,3088,0.0,0.0
2023-09-13 00:00:00-04:00,20.99400322766998,21.260593482535096,20.99400322766998,21.12729835510254,400,0.0,0.0
2023-09-14 00:00:00-04:00,21.060650657054847,21.393888473510742,21.060650657054847,21.393888473510742,2150,0.0,0.0
2023-09-15 00:00:00-04:00,21.593832930522275,21.793775636758184,21.193947518050454,21.660480499267578,575,0.0,0.0
2023-09-18 00:00:00-04:00,21.26059516411277,21.79377571601418,21.26059516411277,21.527185440063477,525,0.0,0.0
2023-09-19 00:00:00-04:00,21.66047958191389,21.66047958191389,21.59383201599121,21.59383201599121,125,0.0,0.0
2023-09-20 00:00:00-04:00,21.327241971594855,21.327241971594855,21.193946838378906,21.193946838378906,763,0.0,0.0
2023-09-21 00:00:00-04:00,21.19394580260054,21.32724092930216,20.39417345338754,20.7274112701416,938,0.0,0.0
2023-09-22 00:00:00-04:00,20.927356719970703,20.927356719970703,20.927356719970703,20.927356719970703,225,0.0,0.0
2023-09-25 00:00:00-04:00,20.527468580089163,21.19394580260054,20.527468580089163,20.7274112701416,288,0.0,0.0
2023-09-26 00:00:00-04:00,20.39417480479642,20.99400450370437,19.99428939819336,19.99428939819336,4713,0.0,0.0
2023-09-27 00:00:00-04:00,19.99428840964906,20.060935974121094,19.927640845177027,20.060935974121094,6513,0.0,0.0
2023-09-28 00:00:00-04:00,20.060936617040028,21.193946838378906,20.060936617040028,21.193946838378906,1300,0.0,0.0
2023-09-29 00:00:00-04:00,20.59411680128095,21.860422134399414,20.59411680128095,21.860422134399414,288,0.0,0.0
2023-10-02 00:00:00-04:00,22.06036546606969,22.993432998657227,22.06036546606969,22.993432998657227,1475,0.0,0.0
2023-10-03 00:00:00-04:00,23.060080797519802,23.060080797519802,22.46025109590588,22.593547821044922,1125,0.0,0.0
2023-10-04 00:00:00-04:00,22.660194468488804,23.06007986064956,22.127012356604503,22.526899337768555,1213,0.0,0.0
2023-10-05 00:00:00-04:00,22.1936608129514,22.593547810169316,21.993718108844124,22.060365676879883,938,0.0,0.0
2023-10-06 00:00:00-04:00,22.526899266673087,22.660194396972656,22.526899266673087,22.660194396972656,500,0.0,0.0
2023-10-09 00:00:00-04:00,22.66019494198904,25.1928040675977,22.66019494198904,23.39331817626953,713,0.0,0.0
2023-10-10 00:00:00-04:00,23.59326148552372,24.259738759258067,23.59326148552372,23.993146896362305,850,0.0,0.0
2023-10-11 00:00:00-04:00,23.92649863472735,23.92649863472735,23.526613235473633,23.526613235473633,75,0.0,0.0
2023-10-12 00:00:00-04:00,23.793204190943012,24.326386327731164,23.793204190943012,23.993146896362305,350,0.0,0.0
2023-10-13 00:00:00-04:00,24.259737252113865,24.526327509444247,23.193374633789062,23.193374633789062,438,0.0,0.0
2023-10-16 00:00:00-04:00,23.193374918170928,23.193374918170928,22.12701228677109,22.660194396972656,1313,0.0,0.0
2023-10-17 00:00:00-04:00,22.326955092757633,22.726842074639407,21.460536741520944,21.860422134399414,5650,0.0,0.0
2023-10-18 00:00:00-04:00,20.99400413855499,21.993717637674592,20.99400413855499,21.193946838378906,2275,0.0,0.0
2023-10-19 00:00:00-04:00,20.994004736400935,21.79377555847168,20.994004736400935,21.79377555847168,2000,0.0,0.0
2023-10-20 00:00:00-04:00,21.793774713759248,21.793774713759248,21.460536884145853,21.59383201599121,825,0.0,0.0
2023-10-23 00:00:00-04:00,21.593832089083655,21.660479655231928,21.327241824490564,21.46053695678711,775,0.0,0.0
2023-10-24 00:00:00-04:00,21.660478795321016,22.060364176335394,20.92735559679466,21.26059341430664,1813,0.0,0.0
2023-10-25 00:00:00-04:00,21.527183668316223,21.527183668316223,21.26059341430664,21.26059341430664,1675,0.0,0.0
2023-10-26 00:00:00-04:00,21.393888679495696,21.393888679495696,20.994003295898438,20.994003295898438,500,0.0,0.0
2023-10-27 00:00:00-04:00,21.260594555367632,21.260594555367632,20.79405999680859,20.927356719970703,1150,0.0,0.0
2023-10-30 00:00:00-04:00,20.927355800846577,20.927355800846577,20.66076395523434,20.860708236694336,975,0.0,0.0
2023-10-31 00:00:00-04:00,20.860709152891314,21.060651854129475,20.860709152891314,20.927356719970703,675,0.0,0.0
2023-11-01 00:00:00-04:00,20.994004041319155,20.994004041319155,20.72741218711868,20.79405975341797,1825,0.0,0.0
2023-11-02 00:00:00-04:00,20.79405881488688,21.66047872667546,20.727411251595704,21.393888473510742,7638,0.0,0.0
2023-11-03 00:00:00-04:00,21.66048020576991,23.2600234229869,21.66048020576991,22.726842880249023,5500,0.0,0.0
2023-11-06 00:00:00-05:00,23.193374774326614,24.72627035226799,22.92678451538086,22.92678451538086,2013,0.0,0.0
2023-11-07 00:00:00-05:00,22.926785356318263,23.85985129685257,22.926785356318263,23.126728057861328,388,0.0,0.0
2023-11-08 00:00:00-05:00,23.32666983271836,23.52661252631841,22.99343201005161,23.06007957458496,513,0.0,0.0
2023-11-09 00:00:00-05:00,23.193375258726324,24.52632817029745,22.99343256034115,23.793203353881836,1388,0.0,0.0
2023-11-10 00:00:00-05:00,23.26002268360604,24.05979347229004,23.26002268360604,24.05979347229004,1738,0.0,0.0
2023-11-13 00:00:00-05:00,25.192803831581355,25.192803831581355,23.060080126469543,23.793203353881836,513,0.0,0.0
2023-11-14 00:00:00-05:00,22.993432998657227,23.59326110524706,21.660480061676466,22.993432998657227,3938,0.0,0.0
2023-11-15 00:00:00-05:00,22.99343263133601,23.79320342734608,22.99343263133601,23.659908294677734,2500,0.0,0.0
2023-11-16 00:00:00-05:00,23.26002371894592,23.99314697453871,23.26002371894592,23.859851837158203,800,0.0,0.0
2023-11-17 00:00:00-05:00,24.193089615740192,24.193089615740192,23.326669692993164,23.326669692993164,175,0.0,0.0
2023-11-20 00:00:00-05:00,23.32667121163133,23.993146896362305,22.86013823231965,23.993146896362305,1450,0.0,0.0
2023-11-21 00:00:00-05:00,23.859850664634227,24.92621330027833,23.859850664634227,24.85956573486328,688,0.0,0.0
2023-11-22 00:00:00-05:00,25.19280348973953,25.19280348973953,24.726270533171192,24.992860794067383,1325,0.0,0.0
2023-11-24 00:00:00-05:00,24.992861235662374,24.992861235662374,24.193090438842773,24.193090438842773,813,0.0,0.0
2023-11-27 00:00:00-05:00,23.459965272143926,24.85956573486328,23.393317706728872,24.85956573486328,1638,0.0,0.0
2023-11-28 00:00:00-05:00,24.5929754027231,24.992860794067383,24.25973757660286,24.992860794067383,1100,0.0,0.0
2023-11-29 00:00:00-05:00,24.99286101127468,25.19280370868448,24.592975616455078,24.592975616455078,575,0.0,0.0
2023-11-30 00:00:00-05:00,24.592976609020486,24.926214451486203,24.526329040527344,24.526329040527344,200,0.0,0.0
2023-12-01 00:00:00-05:00,24.526328123251524,24.526328123251524,24.059793572244374,24.459680557250977,1275,0.0,0.0
2023-12-04 00:00:00-05:00,55.2508857191418,89.10788168168392,43.18766491692938,83.24288940429688,5205425,0.0,0.0
2023-12-05 00:00:00-05:00,58.58326705901406,70.77978295363378,57.71684709825798,65.64791870117188,439650,0.0,0.0
2023-12-06 00:00:00-05:00,64.64820126531816,65.98115262373446,49.3858939104213,55.317535400390625,141363,0.0,0.0
2023-12-07 00:00:00-05:00,55.917363002988886,65.58126793399066,55.25088417077641,63.915077209472656,103713,0.0,0.0
2023-12-08 00:00:00-05:00,61.71570603407322,62.64876877305071,56.85042580763967,59.04979705810547,43238,0.0,0.0
2023-12-11 00:00:00-05:00,67.1141584289655,76.51147282934943,60.78263512819738,72.51261901855469,372575,0.0,0.0
2023-12-12 00:00:00-05:00,71.7794983865154,74.77864037446163,60.649344005193065,63.31524658203125,88038,0.0,0.0
2023-12-13 00:00:00-05:00,72.64591178588276,72.64591178588276,64.04836805081214,66.04779815673828,46450,0.0,0.0
2023-12-14 00:00:00-05:00,57.85014553034456,63.44854753083125,56.317246717823984,56.38389587402344,65300,0.0,0.0
2023-12-15 00:00:00-05:00,57.51690430211731,66.31438925220264,56.717133520838026,57.31696319580078,60200,0.0,0.0
2023-12-18 00:00:00-05:00,58.9165081175143,65.78121248189937,57.31696646375704,64.71485137939453,34200,0.0,0.0
2023-12-19 00:00:00-05:00,64.98144088045443,64.98144088045443,60.64934736416286,63.84843063354492,31538,0.0,0.0
2023-12-20 00:00:00-05:00,63.2485999284282,70.97972406283496,63.04865881626619,67.91393280029297,40600,0.0,0.0
2023-12-21 00:00:00-05:00,68.58041070718771,77.91107632279984,67.64734160322118,76.578125,44375,0.0,0.0
2023-12-22 00:00:00-05:00,76.57812873769628,77.64448984798409,70.37990319514498,72.44597625732422,28100,0.0,0.0
2023-12-26 00:00:00-05:00,73.04580585697278,79.0440902709961,72.5126253026602,79.0440902709961,21663,0.0,0.0
2023-12-27 00:00:00-05:00,76.91136500469813,87.37504091328111,76.91136500469813,86.97515869140625,43650,0.0,0.0
2023-12-28 00:00:00-05:00,86.641920350725,119.23260786095683,85.3089690011473,102.97058868408203,128550,0.0,0.0
2023-12-29 00:00:00-05:00,101.97087227959362,123.0981645429504,96.63906075958624,114.03409576416016,77513,0.0,0.0
2024-01-02 00:00:00-05:00,111.70142964004499,115.1671094582102,102.97058729506213,107.76921844482422,41663,0.0,0.0
2024-01-03 00:00:00-05:00,105.1699555565312,111.70142642753197,97.03894948962986,101.57098388671875,24300,0.0,0.0
2024-01-04 00:00:00-05:00,97.57213505447608,130.56271146040731,97.03895450958933,123.2981185913086,56813,0.0,0.0
2024-01-05 00:00:00-05:00,119.83243397666955,149.75721789359156,119.16595514378844,146.49148559570312,97088,0.0,0.0
2024-01-08 00:00:00-05:00,153.2895491065876,163.55329023549712,120.36561630432699,126.43054962158203,115575,0.0,0.0
2024-01-09 00:00:00-05:00,129.56299462466123,139.96002121250876,119.29925363397125,120.16567993164062,38625,0.0,0.0
2024-01-10 00:00:00-05:00,120.69886526709125,124.63107656056103,108.70228391493656,109.70199584960938,45550,0.0,0.0
2024-01-11 00:00:00-05:00,110.5684180706109,115.9668724867381,103.37047461176581,105.5031967163086,35525,0.0,0.0
2024-01-12 00:00:00-05:00,104.57012518176715,108.1024476741395,99.97144166196263,100.43797302246094,23300,0.0,0.0
2024-01-16 00:00:00-05:00,100.43797368267361,104.1035945055769,87.508336606048,89.50776672363281,39113,0.0,0.0
2024-01-17 00:00:00-05:00,86.64191474014548,87.44168549810219,80.64363087746368,83.37618255615234,32788,0.0,0.0
2024-01-18 00:00:00-05:00,84.04266091022242,94.97287474837576,83.64277868117573,90.9073715209961,21725,0.0,0.0
2024-01-19 00:00:00-05:00,94.0398068351787,97.83872619626901,87.9748733161917,93.24003601074219,19763,0.0,0.0
2024-01-22 00:00:00-05:00,95.23945972086585,95.23945972086585,88.04151643836614,93.30667877197266,19925,0.0,0.0
2024-01-23 00:00:00-05:00,96.23917095988296,103.63706165306003,92.10701883278126,101.97087097167969,22463,0.0,0.0
2024-01-24 00:00:00-05:00,98.57184507120148,109.16881296186313,96.1725326658464,97.97201538085938,21275,0.0,0.0
2024-01-25 00:00:00-05:00,100.23803834722034,100.23803834722034,91.04066436175829,91.57384490966797,11638,0.0,0.0
2024-01-26 00:00:00-05:00,92.57355920207185,94.57298299229166,86.70856707259445,91.8404312133789,7500,0.0,0.0
2024-01-29 00:00:00-05:00,93.24003354010459,95.90594257359959,90.6407800185633,90.8407211303711,11600,0.0,0.0
2024-01-30 00:00:00-05:00,90.97401109702747,93.6399200722305,83.90936597816786,87.44168853759766,16350,0.0,0.0
2024-01-31 00:00:00-05:00,87.50834078407503,94.63963530939279,86.57527165638321,88.70800018310547,7538,0.0,0.0
2024-02-01 00:00:00-05:00,85.37561388395096,92.90679022107749,85.37561388395096,88.374755859375,8650,0.0,0.0
2024-02-02 00:00:00-05:00,88.04152036069452,92.44026296752192,87.30839871156108,88.17481231689453,8563,0.0,0.0
2024-02-05 00:00:00-05:00,95.23946528331726,95.23946528331726,81.64334869384766,81.64334869384766,16388,0.0,0.0
2024-02-06 00:00:00-05:00,81.64334405744833,85.24231570451575,79.17738259149596,80.77692413330078,9100,0.0,0.0
2024-02-07 00:00:00-05:00,79.97715374962164,89.30781914467224,78.77749440945311,87.30839538574219,15575,0.0,0.0
2024-02-08 00:00:00-05:00,88.04151858650737,93.30668104857953,85.3756159560961,89.10787963867188,6238,0.0,0.0
2024-02-09 00:00:00-05:00,92.97344226875481,100.63792350680372,89.50776882543884,99.5715560913086,15825,0.0,0.0
2024-02-12 00:00:00-05:00,101.63763329608862,112.50119113051014,97.97201246338771,105.90308380126953,19500,0.0,0.0
2024-02-13 00:00:00-05:00,109.23546486747442,109.23546486747442,96.90565675122605,98.10531616210938,9463,0.0,0.0
2024-02-14 00:00:00-05:00,101.57098403503326,106.63620531283613,99.1050225498955,103.7037124633789,10513,0.0,0.0
2024-02-15 00:00:00-05:00,104.97001445154528,111.16824591022738,97.30553974828214,101.57098388671875,5813,0.0,0.0
2024-02-16 00:00:00-05:00,100.63792344096106,103.17052777756682,96.70571226968451,97.37218475341797,5175,0.0,0.0
2024-02-20 00:00:00-05:00,98.50519130352231,107.3026824232994,97.37218113170263,101.97087097167969,12738,0.0,0.0
2024-02-21 00:00:00-05:00,100.3046854045357,102.97058808826546,98.70514379429785,101.77093505859375,3400,0.0,0.0
2024-02-22 00:00:00-05:00,101.77093570684694,108.0358038755107,101.77093570684694,105.10331726074219,6538,0.0,0.0
2024-02-23 00:00:00-05:00,105.03666458636795,112.56784105264772,103.7037132806553,109.30210876464844,15050,0.0,0.0
2024-02-26 00:00:00-05:00,109.96858608556751,122.96487861685414,108.96887420901304,119.49919891357422,24100,0.0,0.0
2024-02-27 00:00:00-05:00,122.49834043763288,122.49834043763288,109.70199475073095,116.10017395019531,13288,0.0,0.0
2024-02-28 00:00:00-05:00,119.23260297433058,119.23260297433058,106.96943834878215,108.5689926147461,10575,0.0,0.0
2024-02-29 00:00:00-05:00,109.90194236591451,113.434271397212,100.03809599538133,100.238037109375,12650,0.0,0.0
2024-03-01 00:00:00-05:00,101.37104238043422,107.2360344035799,96.77235884788382,99.90479278564453,16288,0.0,0.0
2024-03-04 00:00:00-05:00,100.77121205524985,109.63535236362195,98.77178195829384,103.6370620727539,9850,0.0,0.0
2024-03-05 00:00:00-05:00,101.43769125268841,107.43598156601402,99.97144166196263,100.43797302246094,3738,0.0,0.0
2024-03-06 00:00:00-05:00,100.03809755640587,103.30383001198672,94.97287597876199,97.57213592529297,6000,0.0,0.0
2024-03-07 00:00:00-05:00,98.50519577315042,98.50519577315042,89.30782203188274,91.3739013671875,18338,0.0,0.0
2024-03-08 00:00:00-05:00,90.10760101190833,92.90679569275089,87.70828220545263,90.37419128417969,17763,0.0,0.0
2024-03-11 00:00:00-04:00,88.30810749295522,93.70656818162317,88.30810749295522,91.70713806152344,5725,0.0,0.0
2024-03-12 00:00:00-04:00,92.37361572046011,95.77264647998695,91.97373348758254,93.7732162475586,3050,0.0,0.0
2024-03-13 00:00:00-04:00,93.90650950684594,99.23832105426625,93.30667983380935,96.10588073730469,11775,0.0,0.0
2024-03-14 00:00:00-04:00,95.50605363128153,96.63906385391192,88.04151980666649,89.17453002929688,15525,0.0,0.0
2024-03-15 00:00:00-04:00,89.17453218166258,95.97258732551315,89.17453218166258,92.0403823852539,7175,0.0,0.0
2024-03-18 00:00:00-04:00,92.04037601603072,103.37047137574443,92.04037601603072,97.03894805908203,8288,0.0,0.0
2024-03-19 00:00:00-04:00,95.17281187199208,97.50548141566391,87.70827823066065,88.50804901123047,6925,0.0,0.0
2024-03-20 00:00:00-04:00,88.64134703704202,90.84071826560812,87.3083957403373,89.04122924804688,9888,0.0,0.0
2024-03-21 00:00:00-04:00,89.77435737192378,93.50662100867034,88.64134717890815,91.17395782470703,11488,0.0,0.0
2024-03-22 00:00:00-04:00,91.37389841318324,91.57383951787362,87.04180512748398,87.30839538574219,5838,0.0,0.0
2024-03-25 00:00:00-04:00,87.77492699468151,89.8409999129696,83.6427748020922,86.84185791015625,9850,0.0,0.0
2024-03-26 00:00:00-04:00,87.17509584249441,88.04151575855137,85.30896406114802,87.24174499511719,4363,0.0,0.0
2024-03-27 00:00:00-04:00,86.64191926916833,88.84129055752,85.2423187805797,86.97515869140625,3500,0.0,0.0
2024-03-28 00:00:00-04:00,86.70856540394632,89.9076484915444,86.70856540394632,87.90821838378906,2988,0.0,0.0
2024-04-01 00:00:00-04:00,87.57498520026344,89.57440894906253,85.24231568531373,85.70884704589844,2963,0.0,0.0
2024-04-02 00:00:00-04:00,84.10931151261684,86.64192231215532,82.10988126497978,86.1087417602539,3763,0.0,0.0
2024-04-03 00:00:00-04:00,84.30925232397455,87.37504366426526,84.30925232397455,86.64192199707031,5175,0.0,0.0
2024-04-04 00:00:00-04:00,87.97486744458479,87.97486744458479,84.24260384631265,85.64220428466797,3500,0.0,0.0
2024-04-05 00:00:00-04:00,86.37532465353712,86.64191490670184,84.30924542450082,85.57555389404297,3075,0.0,0.0
2024-04-08 00:00:00-04:00,86.84185966185085,86.84185966185085,83.64277648925781,83.64277648925781,4513,0.0,0.0
2024-04-09 00:00:00-04:00,84.30924992091053,86.50862121582031,83.6427774304607,86.50862121582031,2988,0.0,0.0
2024-04-10 00:00:00-04:00,86.24202967887143,87.17509877898152,81.97658546354131,84.17595672607422,2450,0.0,0.0
2024-04-11 00:00:00-04:00,85.04237380666996,87.24174499511719,83.4428322798016,87.24174499511719,4675,0.0,0.0
2024-04-12 00:00:00-04:00,87.30839423787813,87.30839423787813,83.50947516262747,84.57583618164062,4125,0.0,0.0
2024-04-15 00:00:00-04:00,86.50862276750678,107.16939110629266,84.64249086235617,92.64020538330078,33938,0.0,0.0
2024-04-16 00:00:00-04:00,92.17366858205396,98.30525083770003,91.37389781253661,98.23860168457031,8738,0.0,0.0
2024-04-17 00:00:00-04:00,104.90336791171158,110.03523846365317,101.57098641751988,103.90365600585938,8650,0.0,0.0
2024-04-18 00:00:00-04:00,104.03694963884122,104.03694963884122,90.90737091624698,91.9737319946289,7625,0.0,0.0
2024-04-19 00:00:00-04:00,90.90736547934864,92.30696590002235,86.84185616614678,87.7749252319336,5463,0.0,0.0
2024-04-22 00:00:00-04:00,86.77521549800245,91.24060076718062,83.37618491357088,88.50804901123047,5313,0.0,0.0
2024-04-23 00:00:00-04:00,88.70800135677923,95.30611542671781,88.70800135677923,91.04066467285156,1538,0.0,0.0
2024-04-24 00:00:00-04:00,90.37419253147873,90.37419253147873,85.30897093240179,86.1087417602539,7588,0.0,0.0
2024-04-25 00:00:00-04:00,86.10873615933997,90.3075374994641,85.97543785202818,89.50776672363281,3900,0.0,0.0
2024-04-26 00:00:00-04:00,91.57384038312601,95.6393498049939,90.3075382334379,92.90679168701172,4513,0.0,0.0
2024-04-29 00:00:00-04:00,93.70656886720245,100.57127285228927,93.70656886720245,99.97144317626953,5888,0.0,0.0
2024-04-30 00:00:00-04:00,98.63849704361323,98.63849704361323,91.24060579283379,95.37276458740234,7075,0.0,0.0
2024-05-01 00:00:00-04:00,91.17396091854815,95.97258575719871,91.17396091854815,94.70628356933594,1713,0.0,0.0
2024-05-02 00:00:00-04:00,94.97287471829769,96.63906550282923,91.24060456430114,93.17338562011719,2400,0.0,0.0
2024-05-03 00:00:00-04:00,95.77264430285751,95.77264430285751,91.64049197297932,93.04009246826172,2838,0.0,0.0
2024-05-06 00:00:00-04:00,94.5063401944947,99.70485348993405,93.83986136040697,98.90508270263672,7750,0.0,0.0
2024-05-07 00:00:00-04:00,97.50548360256111,99.97144515362902,93.43998045447832,94.10645294189453,2425,0.0,0.0
2024-05-08 00:00:00-04:00,89.97429964058885,99.63820462707908,89.97429964058885,98.37190246582031,2525,0.0,0.0
2024-05-09 00:00:00-04:00,98.90508389966935,101.63763571167691,96.57241430814358,99.03837585449219,2188,0.0,0.0
2024-05-10 00:00:00-04:00,100.70456590340162,100.70456590340162,94.90622289864056,95.63935089111328,2213,0.0,0.0
2024-05-13 00:00:00-04:00,95.63935092509631,98.03866330019069,93.8398618767656,97.90536499023438,3275,0.0,0.0
2024-05-14 00:00:00-04:00,99.57155619085952,104.97001700490024,96.10588274407861,101.70428466796875,6925,0.0,0.0
2024-05-15 00:00:00-04:00,104.83671545723392,106.56955530512532,101.63763237436955,105.30325317382812,2088,0.0,0.0
2024-05-16 00:00:00-04:00,105.96973029858336,109.90194152788408,103.63706703707528,108.36904907226562,3813,0.0,0.0
2024-05-17 00:00:00-04:00,107.36933254858941,108.10244781085987,100.37133035219884,102.63734436035156,2300,0.0,0.0
2024-05-20 00:00:00-04:00,105.23661014583968,108.23575229959177,102.17081883497869,107.90251922607422,3063,0.0,0.0
2024-05-21 00:00:00-04:00,104.7700775596573,109.6353579207245,104.7700775596573,107.83586883544922,2850,0.0,0.0
2024-05-22 00:00:00-04:00,108.3024010918533,109.23546386418067,102.70399903383534,104.10359954833984,3088,0.0,0.0
2024-05-23 00:00:00-04:00,104.90336618085567,107.10273742225255,98.2386033024377,99.97144317626953,4575,0.0,0.0
2024-05-24 00:00:00-04:00,104.23689398976667,107.83586569964794,101.90422443357873,106.5695571899414,7700,0.0,0.0
2024-05-28 00:00:00-04:00,101.57098516046634,127.96345287808238,101.57098516046634,118.09959411621094,22763,0.0,0.0
2024-05-29 00:00:00-04:00,123.23145991542192,131.3624657748879,119.29924893360801,129.629638671875,14025,0.0,0.0
2024-05-30 00:00:00-04:00,133.29525678585736,134.22831951550995,124.96430323674129,129.96287536621094,10350,0.0,0.0
2024-05-31 00:00:00-04:00,129.96287472628674,132.96202307401154,121.63192121819145,123.89794158935547,12050,0.0,0.0
2024-06-03 00:00:00-04:00,129.96287718064897,130.42940855198862,113.30096984979654,128.96316528320312,34013,0.0,0.0
2024-06-04 00:00:00-04:00,129.02980848923985,130.96258304025724,121.63191790756179,130.6959991455078,17063,0.0,0.0
2024-06-05 00:00:00-04:00,126.4000015258789,143.9199981689453,116.08000183105469,130.47999572753906,40438,26.184,0.0
2024-06-06 00:00:00-04:00,135.9199981689453,224.07000732421875,123.8499984741211,220.0,61300,0.0,0.125
2024-06-07 00:00:00-04:00,217.89999389648438,240.61000061035156,175.0,220.0,48300,0.0,0.0
2024-06-10 00:00:00-04:00,209.0399932861328,290.0,202.77000427246094,235.61000061035156,90700,0.0,0.0
2024-06-11 00:00:00-04:00,259.1700134277344,259.989990234375,172.99000549316406,172.99000549316406,56300,0.0,0.0
2024-06-12 00:00:00-04:00,171.0,195.1300048828125,170.0,179.30999755859375,27700,0.0,0.0
2024-06-13 00:00:00-04:00,179.7100067138672,205.9600067138672,177.58999633789062,205.39999389648438,30300,0.0,0.0
2024-06-14 00:00:00-04:00,129.39999389648438,169.00999450683594,116.0,134.2100067138672,142300,0.0,0.0
2024-06-17 00:00:00-04:00,134.2100067138672,150.22000122070312,122.08999633789062,122.08999633789062,39700,0.0,0.0
2024-06-18 00:00:00-04:00,121.98999786376953,121.98999786376953,86.54000091552734,91.7699966430664,82200,0.0,0.0
2024-06-20 00:00:00-04:00,84.69999694824219,85.22000122070312,68.98999786376953,81.97000122070312,56200,0.0,0.0
2024-06-21 00:00:00-04:00,85.38999938964844,86.51000213623047,77.2699966430664,86.51000213623047,14500,0.0,0.0
2024-06-24 00:00:00-04:00,87.0,92.06999969482422,78.75,85.86000061035156,20600,0.0,0.0
2024-06-25 00:00:00-04:00,83.01000213623047,85.73999786376953,75.0,79.8499984741211,25700,0.0,0.0
2024-06-26 00:00:00-04:00,76.80000305175781,76.80000305175781,73.5,73.55000305175781,21400,0.0,0.0
2024-06-27 00:00:00-04:00,78.98999786376953,78.98999786376953,73.9800033569336,73.9800033569336,14300,0.0,0.0
2024-06-28 00:00:00-04:00,75.94000244140625,77.66999816894531,71.0,71.76000213623047,16500,0.0,0.0
2024-07-01 00:00:00-04:00,69.02999877929688,73.58000183105469,62.2599983215332,62.2599983215332,19900,0.0,0.0
2024-07-02 00:00:00-04:00,62.5,66.98999786376953,62.5,65.70999908447266,18200,0.0,0.0
2024-07-03 00:00:00-04:00,65.70999908447266,66.48999786376953,61.0,63.650001525878906,11200,0.0,0.0
2024-07-05 00:00:00-04:00,67.80999755859375,67.80999755859375,60.0099983215332,61.0,21800,0.0,0.0
2024-07-08 00:00:00-04:00,59.29999923706055,59.29999923706055,49.09000015258789,49.09000015258789,41300,0.0,0.0
2024-07-09 00:00:00-04:00,46.13999938964844,49.90999984741211,45.45000076293945,46.0,36800,0.0,0.0
2024-07-10 00:00:00-04:00,46.9900016784668,47.0,42.86000061035156,42.97999954223633,27600,0.0,0.0
2024-07-11 00:00:00-04:00,44.630001068115234,44.790000915527344,40.810001373291016,41.7400016784668,23700,0.0,0.0
2024-07-12 00:00:00-04:00,41.369998931884766,56.75,41.25,49.5099983215332,24400,0.0,0.0
2024-07-15 00:00:00-04:00,51.97999954223633,69.0,50.040000915527344,52.95000076293945,35000,0.0,0.0
2024-07-16 00:00:00-04:00,56.38999938964844,62.2400016784668,52.61000061035156,54.5,19400,0.0,0.0
2024-07-17 00:00:00-04:00,55.77000045776367,79.0,55.77000045776367,71.69999694824219,87700,0.0,0.0
2024-07-18 00:00:00-04:00,75.0,75.5,63.029998779296875,67.11000061035156,16800,0.0,0.0
2024-07-19 00:00:00-04:00,66.72000122070312,66.72000122070312,55.029998779296875,58.61000061035156,46100,0.0,0.0
2024-07-22 00:00:00-04:00,59.0,62.9900016784668,57.599998474121094,60.099998474121094,40500,0.0,0.0
2024-07-23 00:00:00-04:00,63.869998931884766,89.0,62.0,79.30000305175781,86500,0.0,0.0
2024-07-24 00:00:00-04:00,81.3499984741211,157.27999877929688,80.0,123.95999908447266,218100,0.0,0.0
2024-07-25 00:00:00-04:00,113.97000122070312,113.97000122070312,80.0,83.83000183105469,57600,0.0,0.0
2024-07-26 00:00:00-04:00,87.37000274658203,87.37000274658203,74.0,78.69000244140625,81900,0.0,0.0
2024-07-29 00:00:00-04:00,77.0,77.0,59.0,60.5,2022800,0.0,0.0
2024-07-30 00:00:00-04:00,10.899999618530273,12.5,10.75,12.050000190734863,19249800,0.0,0.0
2024-07-31 00:00:00-04:00,12.289999961853027,12.699999809265137,11.989999771118164,12.5,6733700,0.0,0.0
2024-08-01 00:00:00-04:00,12.5,12.699999809265137,12.010000228881836,12.350000381469727,4673600,0.0,0.0
2024-08-02 00:00:00-04:00,11.800000190734863,12.470000267028809,11.279999732971191,11.989999771118164,3455500,0.0,0.0
2024-08-05 00:00:00-04:00,11.25,11.960000038146973,11.050000190734863,11.449999809265137,3462300,0.0,0.0
2024-08-06 00:00:00-04:00,11.899999618530273,12.0,11.210000038146973,11.369999885559082,3506400,0.0,0.0
2024-08-07 00:00:00-04:00,11.380000114440918,11.770000457763672,10.609999656677246,10.989999771118164,2238400,0.0,0.0
2024-08-08 00:00:00-04:00,11.390000343322754,11.5,10.800000190734863,11.149999618530273,1889800,0.0,0.0
2024-08-09 00:00:00-04:00,11.350000381469727,11.5,10.920000076293945,11.15999984741211,3446700,0.0,0.0
2024-08-12 00:00:00-04:00,11.399999618530273,11.399999618530273,10.760000228881836,10.760000228881836,1304400,0.0,0.0
2024-08-13 00:00:00-04:00,10.949999809265137,11.140000343322754,10.710000038146973,10.949999809265137,1666200,0.0,0.0
2024-08-14 00:00:00-04:00,11.270000457763672,11.289999961853027,10.649999618530273,10.75,2766300,0.0,0.0
2024-08-15 00:00:00-04:00,10.979999542236328,11.4399995803833,10.619999885559082,11.350000381469727,3254300,0.0,0.0
2024-08-16 00:00:00-04:00,11.1899995803833,12.880000114440918,11.15999984741211,12.619999885559082,3800200,0.0,0.0
2024-08-19 00:00:00-04:00,12.420000076293945,13.0,12.140000343322754,12.260000228881836,2386100,0.0,0.0
2024-08-20 00:00:00-04:00,12.449999809265137,12.850000381469727,12.0600004196167,12.399999618530273,3397100,0.0,0.0
2024-08-21 00:00:00-04:00,12.5,14.569999694824219,12.5,13.510000228881836,5657500,0.0,0.0
2024-08-22 00:00:00-04:00,13.640000343322754,15.609999656677246,13.640000343322754,14.0,6843700,0.0,0.0
2024-08-23 00:00:00-04:00,14.109999656677246,14.600000381469727,13.0600004196167,13.899999618530273,3165300,0.0,0.0
2024-08-26 00:00:00-04:00,14.15999984741211,15.449999809265137,14.100000381469727,14.760000228881836,6032500,0.0,0.0
2024-08-27 00:00:00-04:00,14.899999618530273,15.0,14.350000381469727,14.859999656677246,2233800,0.0,0.0
2024-08-28 00:00:00-04:00,14.699999809265137,14.8100004196167,13.8100004196167,14.069999694824219,2105300,0.0,0.0
2024-08-29 00:00:00-04:00,14.15999984741211,14.390000343322754,13.34000015258789,13.449999809265137,1748300,0.0,0.0
2024-08-30 00:00:00-04:00,13.670000076293945,14.479999542236328,13.550000190734863,13.8100004196167,2355700,0.0,0.0
2024-09-03 00:00:00-04:00,13.949999809265137,13.949999809265137,13.130000114440918,13.289999961853027,1478000,0.0,0.0
2024-09-04 00:00:00-04:00,13.210000038146973,13.489999771118164,12.770000457763672,12.869999885559082,1654700,0.0,0.0
2024-09-05 00:00:00-04:00,12.880000114440918,13.989999771118164,12.779999732971191,13.710000038146973,1340600,0.0,0.0
2024-09-06 00:00:00-04:00,13.65999984741211,14.470000267028809,13.390000343322754,14.300000190734863,1346500,0.0,0.0
2024-09-09 00:00:00-04:00,14.079999923706055,15.979999542236328,14.079999923706055,14.880000114440918,5609500,0.0,0.0
2024-09-10 00:00:00-04:00,15.029999732971191,15.680000305175781,14.869999885559082,15.199999809265137,3308000,0.0,0.0
2024-09-11 00:00:00-04:00,15.289999961853027,15.960000038146973,15.180000305175781,15.479999542236328,3358700,0.0,0.0
2024-09-12 00:00:00-04:00,15.720000267028809,16.010000228881836,14.619999885559082,14.949999809265137,3139400,0.0,0.0
2024-09-13 00:00:00-04:00,15.140000343322754,15.140000343322754,14.449999809265137,14.699999809265137,2497700,0.0,0.0
2024-09-16 00:00:00-04:00,14.789999961853027,14.90999984741211,13.260000228881836,13.75,3290900,0.0,0.0
2024-09-17 00:00:00-04:00,14.149999618530273,14.75,13.84000015258789,14.539999961853027,1513300,0.0,0.0
2024-09-18 00:00:00-04:00,14.699999809265137,15.170000076293945,14.420000076293945,14.649999618530273,2621900,0.0,0.0
2024-09-19 00:00:00-04:00,15.0,15.319999694824219,14.649999618530273,14.869999885559082,2555600,0.0,0.0
2024-09-20 00:00:00-04:00,14.739999771118164,15.3100004196167,14.359999656677246,15.079999923706055,21230100,0.0,0.0
2024-09-23 00:00:00-04:00,15.300000190734863,16.200000762939453,14.9399995803833,15.529999732971191,2815200,0.0,0.0
2024-09-24 00:00:00-04:00,15.760000228881836,15.9399995803833,15.319999694824219,15.720000267028809,2021700,0.0,0.0
2024-09-25 00:00:00-04:00,15.75,15.859999656677246,15.010000228881836,15.100000381469727,1222400,0.0,0.0
2024-09-26 00:00:00-04:00,15.1899995803833,15.569999694824219,15.029999732971191,15.199999809265137,1059800,0.0,0.0
2024-09-27 00:00:00-04:00,15.0600004196167,15.819999694824219,15.0600004196167,15.729999542236328,1113600,0.0,0.0
2024-09-30 00:00:00-04:00,15.75,16.0,15.350000381469727,15.770000457763672,1712800,0.0,0.0
2024-10-01 00:00:00-04:00,15.630000114440918,15.989999771118164,14.59000015258789,14.640000343322754,1849400,0.0,0.0
2024-10-02 00:00:00-04:00,14.859999656677246,14.970000267028809,14.199999809265137,14.350000381469727,1082100,0.0,0.0
2024-10-03 00:00:00-04:00,14.260000228881836,14.460000038146973,13.930000305175781,13.949999809265137,1117200,0.0,0.0
2024-10-04 00:00:00-04:00,13.960000038146973,14.0600004196167,13.699999809265137,13.979999542236328,1734300,0.0,0.0
2024-10-07 00:00:00-04:00,14.260000228881836,14.270000457763672,13.520000457763672,13.670000076293945,1554500,0.0,0.0
2024-10-08 00:00:00-04:00,13.65999984741211,14.850000381469727,13.380000114440918,14.770000457763672,1924800,0.0,0.0
2024-10-09 00:00:00-04:00,14.710000038146973,15.229999542236328,14.579999923706055,14.760000228881836,1290600,0.0,0.0
2024-10-10 00:00:00-04:00,14.899999618530273,15.109999656677246,14.630000114440918,14.970000267028809,839600,0.0,0.0
2024-10-11 00:00:00-04:00,14.819999694824219,15.6899995803833,14.819999694824219,15.59000015258789,1132500,0.0,0.0
2024-10-14 00:00:00-04:00,15.699999809265137,16.1200008392334,15.390000343322754,15.949999809265137,1678400,0.0,0.0
2024-10-15 00:00:00-04:00,15.90999984741211,16.15999984741211,15.300000190734863,15.34000015258789,850600,0.0,0.0
2024-10-16 00:00:00-04:00,15.579999923706055,15.720000267028809,15.260000228881836,15.40999984741211,916200,0.0,0.0
2024-10-17 00:00:00-04:00,15.260000228881836,15.529999732971191,14.989999771118164,15.420000076293945,574300,0.0,0.0
2024-10-18 00:00:00-04:00,15.479999542236328,15.529999732971191,15.1899995803833,15.399999618530273,752200,0.0,0.0
2024-10-21 00:00:00-04:00,15.420000076293945,15.649999618530273,15.069999694824219,15.430000305175781,587900,0.0,0.0
2024-10-22 00:00:00-04:00,15.4399995803833,15.720000267028809,15.149999618530273,15.25,599400,0.0,0.0
2024-10-23 00:00:00-04:00,15.350000381469727,15.359999656677246,14.8100004196167,15.050000190734863,722300,0.0,0.0
2024-10-24 00:00:00-04:00,15.140000343322754,15.5,14.640000343322754,14.880000114440918,793500,0.0,0.0
2024-10-25 00:00:00-04:00,14.859999656677246,15.279999732971191,14.569999694824219,15.09000015258789,633500,0.0,0.0
2024-10-28 00:00:00-04:00,15.260000228881836,15.5,15.0600004196167,15.5,661100,0.0,0.0
2024-10-29 00:00:00-04:00,15.5,15.510000228881836,15.109999656677246,15.34000015258789,531800,0.0,0.0
2024-10-30 00:00:00-04:00,15.289999961853027,15.510000228881836,15.050000190734863,15.069999694824219,698100,0.0,0.0
2024-10-31 00:00:00-04:00,14.979999542236328,15.350000381469727,14.890000343322754,15.220000267028809,738300,0.0,0.0
2024-11-01 00:00:00-04:00,15.390000343322754,15.5,15.130000114440918,15.25,893500,0.0,0.0
2024-11-04 00:00:00-05:00,15.25,15.380000114440918,15.010000228881836,15.210000038146973,487000,0.0,0.0
2024-11-05 00:00:00-05:00,15.399999618530273,15.510000228881836,15.09000015258789,15.390000343322754,646200,0.0,0.0
2024-11-06 00:00:00-05:00,15.869999885559082,16.010000228881836,15.050000190734863,15.25,9291800,0.0,0.0
2024-11-07 00:00:00-05:00,15.279999732971191,16.100000381469727,15.199999809265137,15.649999618530273,5167500,0.0,0.0
2024-11-08 00:00:00-05:00,15.699999809265137,16.5,15.369999885559082,16.049999237060547,3453300,0.0,0.0
2024-11-11 00:00:00-05:00,16.420000076293945,16.420000076293945,15.609999656677246,16.139999389648438,2887900,0.0,0.0
2024-11-12 00:00:00-05:00,16.34000015258789,17.079999923706055,16.15999984741211,16.219999313354492,2010500,0.0,0.0
2024-11-13 00:00:00-05:00,15.65999984741211,16.280000686645508,15.260000228881836,15.260000228881836,1492000,0.0,0.0
2024-11-14 00:00:00-05:00,15.609999656677246,16.389999389648438,15.199999809265137,15.229999542236328,1547300,0.0,0.0
2024-11-15 00:00:00-05:00,15.229999542236328,15.59000015258789,14.880000114440918,15.399999618530273,2336900,0.0,0.0
2024-11-18 00:00:00-05:00,15.520000457763672,17.809999465942383,15.039999961853027,15.5,8182500,0.0,0.0
2024-11-19 00:00:00-05:00,15.369999885559082,16.09000015258789,14.899999618530273,15.899999618530273,5619100,0.0,0.0
2024-11-20 00:00:00-05:00,16.149999618530273,16.15999984741211,15.5,15.989999771118164,1932200,0.0,0.0
2024-11-21 00:00:00-05:00,16.170000076293945,17.0,15.960000038146973,16.639999389648438,2892000,0.0,0.0
2024-11-22 00:00:00-05:00,16.649999618530273,17.170000076293945,16.299999237060547,17.040000915527344,2497500,0.0,0.0
2024-11-25 00:00:00-05:00,17.34000015258789,17.68000030517578,16.84000015258789,17.459999084472656,8368700,0.0,0.0
2024-11-26 00:00:00-05:00,17.59000015258789,18.18000030517578,17.479999542236328,17.989999771118164,2086200,0.0,0.0
2024-11-27 00:00:00-05:00,18.0,18.06999969482422,16.760000228881836,16.780000686645508,1959800,0.0,0.0
2024-11-29 00:00:00-05:00,16.989999771118164,17.18000030517578,16.6299991607666,16.639999389648438,912000,0.0,0.0
2024-12-02 00:00:00-05:00,16.639999389648438,17.329999923706055,16.510000228881836,17.31999969482422,2206400,0.0,0.0
2024-12-03 00:00:00-05:00,17.3799991607666,17.6200008392334,16.989999771118164,17.149999618530273,1952000,0.0,0.0
2024-12-04 00:00:00-05:00,16.90999984741211,17.5,16.799999237060547,17.440000534057617,1860500,0.0,0.0
2024-12-05 00:00:00-05:00,17.75,17.75,16.920000076293945,17.100000381469727,3411500,0.0,0.0
2024-12-06 00:00:00-05:00,17.280000686645508,17.5,17.0,17.389999389648438,3275300,0.0,0.0
2024-12-09 00:00:00-05:00,17.59000015258789,17.59000015258789,16.0,16.15999984741211,3000100,0.0,0.0
2024-12-10 00:00:00-05:00,16.100000381469727,16.5,16.049999237060547,16.299999237060547,1579100,0.0,0.0
2024-12-11 00:00:00-05:00,16.299999237060547,16.469999313354492,16.1200008392334,16.399999618530273,1180200,0.0,0.0
2024-12-12 00:00:00-05:00,16.25,16.530000686645508,15.899999618530273,15.989999771118164,1581400,0.0,0.0
2024-12-13 00:00:00-05:00,15.989999771118164,16.31999969482422,15.989999771118164,16.139999389648438,912900,0.0,0.0
2024-12-16 00:00:00-05:00,16.149999618530273,17.049999237060547,16.100000381469727,16.959999084472656,1835500,0.0,0.0
2024-12-17 00:00:00-05:00,16.84000015258789,17.0,16.239999771118164,16.280000686645508,1267700,0.0,0.0
2024-12-18 00:00:00-05:00,16.290000915527344,16.6299991607666,15.9399995803833,15.989999771118164,2240500,0.0,0.0
2024-12-19 00:00:00-05:00,16.260000228881836,16.450000762939453,15.989999771118164,16.1200008392334,1877000,0.0,0.0
2024-12-20 00:00:00-05:00,16.059999465942383,16.299999237060547,15.220000267028809,15.4399995803833,7661300,0.0,0.0
2024-12-23 00:00:00-05:00,15.489999771118164,15.739999771118164,14.989999771118164,15.130000114440918,2019000,0.0,0.0
2024-12-24 00:00:00-05:00,15.300000190734863,15.699999809265137,15.149999618530273,15.680000305175781,707500,0.0,0.0
2024-12-26 00:00:00-05:00,15.550000190734863,15.930000305175781,15.470000267028809,15.880000114440918,899000,0.0,0.0
2024-12-27 00:00:00-05:00,15.800000190734863,16.049999237060547,15.470000267028809,15.5600004196167,1063900,0.0,0.0
2024-12-30 00:00:00-05:00,15.539999961853027,15.619999885559082,14.979999542236328,15.34000015258789,1027500,0.0,0.0
2024-12-31 00:00:00-05:00,15.380000114440918,15.920000076293945,15.350000381469727,15.899999618530273,1681400,0.0,0.0
2025-01-02 00:00:00-05:00,16.0,16.049999237060547,15.25,15.369999885559082,1114000,0.0,0.0
2025-01-03 00:00:00-05:00,15.130000114440918,16.0,15.130000114440918,15.949999809265137,5340000,0.0,0.0
2025-01-06 00:00:00-05:00,16.06999969482422,16.299999237060547,15.819999694824219,16.100000381469727,1649500,0.0,0.0
2025-01-07 00:00:00-05:00,16.260000228881836,16.389999389648438,15.770000457763672,15.880000114440918,1093200,0.0,0.0
2025-01-08 00:00:00-05:00,15.800000190734863,15.960000038146973,15.25,15.279999732971191,945700,0.0,0.0
2025-01-10 00:00:00-05:00,15.279999732971191,15.779999732971191,15.069999694824219,15.649999618530273,847400,0.0,0.0
2025-01-13 00:00:00-05:00,15.710000038146973,15.710000038146973,15.180000305175781,15.359999656677246,571200,0.0,0.0
2025-01-14 00:00:00-05:00,15.729999542236328,15.729999542236328,15.029999732971191,15.369999885559082,906800,0.0,0.0
2025-01-15 00:00:00-05:00,15.369999885559082,15.829999923706055,14.729999542236328,15.020000457763672,4130600,0.0,0.0
2025-01-16 00:00:00-05:00,15.029999732971191,15.119999885559082,13.619999885559082,13.710000038146973,3958900,0.0,0.0
2025-01-17 00:00:00-05:00,14.0,14.229999542236328,13.630000114440918,13.989999771118164,2341800,0.0,0.0
2025-01-21 00:00:00-05:00,14.140000343322754,14.390000343322754,13.680000305175781,13.680000305175781,2290400,0.0,0.0
2025-01-22 00:00:00-05:00,13.789999961853027,14.140000343322754,13.609999656677246,13.979999542236328,1102700,0.0,0.0
2025-01-23 00:00:00-05:00,13.899999618530273,14.119999885559082,13.710000038146973,13.979999542236328,1240200,0.0,0.0
2025-01-24 00:00:00-05:00,13.789999961853027,15.079999923706055,13.649999618530273,13.729999542236328,2166400,0.0,0.0
2025-01-27 00:00:00-05:00,13.800000190734863,14.0,12.90999984741211,13.220000267028809,3360400,0.0,0.0
2025-01-28 00:00:00-05:00,13.319999694824219,13.600000381469727,13.119999885559082,13.399999618530273,1504800,0.0,0.0
2025-01-29 00:00:00-05:00,13.359999656677246,13.59000015258789,13.15999984741211,13.399999618530273,1376500,0.0,0.0
2025-01-30 00:00:00-05:00,13.399999618530273,13.569999694824219,13.199999809265137,13.420000076293945,1934600,0.0,0.0
2025-01-31 00:00:00-05:00,13.399999618530273,13.529999732971191,13.199999809265137,13.289999961853027,2021000,0.0,0.0
2025-02-03 00:00:00-05:00,12.850000381469727,13.449999809265137,12.760000228881836,13.4399995803833,2002500,0.0,0.0
2025-02-04 00:00:00-05:00,13.369999885559082,14.380000114440918,13.300000190734863,14.1899995803833,1757700,0.0,0.0
2025-02-05 00:00:00-05:00,14.710000038146973,15.239999771118164,14.09000015258789,14.420000076293945,2907800,0.0,0.0
2025-02-06 00:00:00-05:00,14.5,14.729999542236328,13.479999542236328,13.550000190734863,2522000,0.0,0.0
2025-02-07 00:00:00-05:00,13.489999771118164,13.789999961853027,13.170000076293945,13.279999732971191,1663100,0.0,0.0
2025-02-10 00:00:00-05:00,13.460000038146973,13.6899995803833,13.270000457763672,13.470000267028809,1569600,0.0,0.0
2025-02-11 00:00:00-05:00,13.270000457763672,13.699999809265137,13.170000076293945,13.470000267028809,1133500,0.0,0.0
2025-02-12 00:00:00-05:00,13.260000228881836,13.569999694824219,13.229999542236328,13.399999618530273,1006000,0.0,0.0
2025-02-13 00:00:00-05:00,13.5,13.649999618530273,13.109999656677246,13.25,1610300,0.0,0.0
2025-02-14 00:00:00-05:00,13.100000381469727,13.420000076293945,13.069999694824219,13.15999984741211,1398900,0.0,0.0
2025-02-18 00:00:00-05:00,13.170000076293945,13.680000305175781,13.130000114440918,13.350000381469727,4439700,0.0,0.0
2025-02-19 00:00:00-05:00,13.260000228881836,13.4399995803833,13.010000228881836,13.039999961853027,1516500,0.0,0.0
2025-02-20 00:00:00-05:00,13.0,13.199999809265137,12.850000381469727,13.079999923706055,1125200,0.0,0.0
2025-02-21 00:00:00-05:00,13.149999618530273,13.220000267028809,12.460000038146973,12.510000228881836,1694700,0.0,0.0
2025-02-24 00:00:00-05:00,12.800000190734863,12.859999656677246,12.130000114440918,12.270000457763672,1396700,0.0,0.0
2025-02-25 00:00:00-05:00,12.109999656677246,12.34000015258789,11.850000381469727,12.010000228881836,2147000,0.0,0.0
2025-02-26 00:00:00-05:00,11.979999542236328,12.350000381469727,11.949999809265137,12.220000267028809,1748200,0.0,0.0
2025-02-27 00:00:00-05:00,12.300000190734863,12.420000076293945,12.119999885559082,12.3100004196167,1467100,0.0,0.0
2025-02-28 00:00:00-05:00,12.300000190734863,12.880000114440918,12.039999961853027,12.739999771118164,3221700,0.0,0.0
2025-03-03 00:00:00-05:00,12.699999809265137,12.8100004196167,12.229999542236328,12.350000381469727,2626400,0.0,0.0
2025-03-04 00:00:00-05:00,12.649999618530273,13.0600004196167,12.149999618530273,12.8100004196167,2354400,0.0,0.0
2025-03-05 00:00:00-05:00,13.109999656677246,13.5,12.890000343322754,13.329999923706055,1685900,0.0,0.0
2025-03-06 00:00:00-05:00,13.100000381469727,13.329999923706055,12.970000267028809,13.119999885559082,1757800,0.0,0.0
2025-03-07 00:00:00-05:00,13.0600004196167,13.399999618530273,12.90999984741211,13.380000114440918,1856300,0.0,0.0
2025-03-10 00:00:00-04:00,13.75,14.270000457763672,13.09000015258789,13.260000228881836,3951200,0.0,0.0
2025-03-11 00:00:00-04:00,13.100000381469727,13.3100004196167,12.539999961853027,13.260000228881836,2751000,0.0,0.0
2025-03-12 00:00:00-04:00,13.319999694824219,13.470000267028809,12.5600004196167,12.579999923706055,2163700,0.0,0.0
2025-03-13 00:00:00-04:00,12.829999923706055,12.979999542236328,12.380000114440918,12.640000343322754,1316500,0.0,0.0
2025-03-14 00:00:00-04:00,12.739999771118164,12.960000038146973,12.5,12.819999694824219,1758400,0.0,0.0
2025-03-17 00:00:00-04:00,12.960000038146973,13.289999961853027,12.619999885559082,13.0,2135700,0.0,0.0
2025-03-18 00:00:00-04:00,12.920000076293945,13.569999694824219,12.739999771118164,12.989999771118164,2482700,0.0,0.0
2025-03-19 00:00:00-04:00,12.8100004196167,13.239999771118164,12.800000190734863,13.050000190734863,5293600,0.0,0.0
2025-03-20 00:00:00-04:00,13.420000076293945,14.199999809265137,13.050000190734863,13.430000305175781,10660300,0.0,0.0
2025-03-21 00:00:00-04:00,13.3100004196167,13.600000381469727,12.65999984741211,12.670000076293945,8635100,0.0,0.0
2025-03-24 00:00:00-04:00,12.760000228881836,13.869999885559082,12.760000228881836,13.800000190734863,6880200,0.0,0.0
2025-03-25 00:00:00-04:00,13.829999923706055,13.979999542236328,13.539999961853027,13.859999656677246,5173100,0.0,0.0
2025-03-26 00:00:00-04:00,13.819999694824219,13.960000038146973,13.399999618530273,13.5600004196167,1562600,0.0,0.0
2025-03-27 00:00:00-04:00,13.479999542236328,14.039999961853027,13.479999542236328,14.010000228881836,1568700,0.0,0.0
2025-03-28 00:00:00-04:00,14.010000228881836,14.279999732971191,13.710000038146973,13.760000228881836,2815400,0.0,0.0
2025-03-31 00:00:00-04:00,13.510000228881836,13.6899995803833,13.199999809265137,13.539999961853027,1641500,0.0,0.0
2025-04-01 00:00:00-04:00,13.579999923706055,14.350000381469727,13.25,14.180000305175781,3129400,0.0,0.0
2025-04-02 00:00:00-04:00,13.989999771118164,14.770000457763672,13.960000038146973,14.720000267028809,2937500,0.0,0.0
2025-04-03 00:00:00-04:00,14.180000305175781,14.359999656677246,13.369999885559082,13.789999961853027,3255900,0.0,0.0
2025-04-04 00:00:00-04:00,13.359999656677246,14.15999984741211,12.710000038146973,14.0,4322900,0.0,0.0
2025-04-07 00:00:00-04:00,13.229999542236328,14.09000015258789,13.0,13.550000190734863,3699100,0.0,0.0
2025-04-08 00:00:00-04:00,13.899999618530273,13.960000038146973,12.300000190734863,12.350000381469727,3355300,0.0,0.0
2025-04-09 00:00:00-04:00,12.789999961853027,13.779999732971191,12.109999656677246,13.75,6076800,0.0,0.0
2025-04-10 00:00:00-04:00,13.289999961853027,13.600000381469727,12.8100004196167,13.199999809265137,2562700,0.0,0.0
2025-04-11 00:00:00-04:00,13.199999809265137,13.949999809265137,13.100000381469727,13.90999984741211,1679200,0.0,0.0
2025-04-14 00:00:00-04:00,14.079999923706055,14.649999618530273,13.699999809265137,14.460000038146973,2967000,0.0,0.0
2025-04-15 00:00:00-04:00,14.4399995803833,14.869999885559082,14.3100004196167,14.520000457763672,4277300,0.0,0.0
2025-04-16 00:00:00-04:00,14.350000381469727,14.699999809265137,14.079999923706055,14.260000228881836,2515200,0.0,0.0
2025-04-17 00:00:00-04:00,12.989999771118164,13.319999694824219,12.5600004196167,13.149999618530273,20581800,0.0,0.0
2025-04-21 00:00:00-04:00,13.029999732971191,13.25,12.569999694824219,12.720000267028809,10282900,0.0,0.0
2025-04-22 00:00:00-04:00,12.850000381469727,13.0,11.970000267028809,12.199999809265137,11492900,0.0,0.0
2025-04-23 00:00:00-04:00,12.510000228881836,12.770000457763672,12.15999984741211,12.460000038146973,4144300,0.0,0.0
2025-04-24 00:00:00-04:00,12.510000228881836,13.029999732971191,12.300000190734863,12.75,7988500,0.0,0.0
2025-04-25 00:00:00-04:00,12.75,13.0,12.5,12.880000114440918,4977600,0.0,0.0
2025-04-28 00:00:00-04:00,12.989999771118164,13.670000076293945,12.90999984741211,13.420000076293945,4575400,0.0,0.0
2025-04-29 00:00:00-04:00,13.449999809265137,13.5600004196167,13.069999694824219,13.229999542236328,4136600,0.0,0.0
2025-04-30 00:00:00-04:00,13.010000228881836,13.390000343322754,12.760000228881836,13.34000015258789,2476700,0.0,0.0
2025-05-01 00:00:00-04:00,13.609999656677246,13.649999618530273,13.210000038146973,13.220000267028809,2560800,0.0,0.0
2025-05-02 00:00:00-04:00,13.350000381469727,14.329999923706055,13.3100004196167,14.260000228881836,7963200,0.0,0.0
2025-05-05 00:00:00-04:00,14.170000076293945,14.239999771118164,13.8100004196167,13.859999656677246,2393100,0.0,0.0
2025-05-06 00:00:00-04:00,13.65999984741211,13.819999694824219,13.09000015258789,13.390000343322754,3072100,0.0,0.0
2025-05-07 00:00:00-04:00,13.390000343322754,13.649999618530273,13.300000190734863,13.34000015258789,6396300,0.0,0.0
2025-05-08 00:00:00-04:00,13.569999694824219,13.989999771118164,13.300000190734863,13.890000343322754,2622900,0.0,0.0
2025-05-09 00:00:00-04:00,14.0,14.239999771118164,13.720000267028809,13.869999885559082,3285300,0.0,0.0
2025-05-12 00:00:00-04:00,14.180000305175781,14.470000267028809,13.869999885559082,14.449999809265137,4791600,0.0,0.0
2025-05-13 00:00:00-04:00,14.5,15.899999618530273,14.40999984741211,15.729999542236328,7635900,0.0,0.0
2025-05-14 00:00:00-04:00,15.729999542236328,16.110000610351562,15.270000457763672,16.040000915527344,5720000,0.0,0.0
2025-05-15 00:00:00-04:00,16.110000610351562,16.299999237060547,15.739999771118164,16.270000457763672,2620800,0.0,0.0
2025-05-16 00:00:00-04:00,16.440000534057617,16.93000030517578,16.329999923706055,16.790000915527344,4710400,0.0,0.0
2025-05-19 00:00:00-04:00,16.5,17.850000381469727,16.459999084472656,17.510000228881836,4281100,0.0,0.0
2025-05-20 00:00:00-04:00,17.670000076293945,19.020000457763672,17.31999969482422,18.350000381469727,9406700,0.0,0.0
2025-05-21 00:00:00-04:00,16.75,17.280000686645508,15.960000038146973,17.059999465942383,12707700,0.0,0.0
2025-05-22 00:00:00-04:00,17.010000228881836,17.59000015258789,16.459999084472656,16.81999969482422,33050200,0.0,0.0
2025-05-23 00:00:00-04:00,16.75,17.040000915527344,16.549999237060547,16.799999237060547,11427300,0.0,0.0
2025-05-27 00:00:00-04:00,16.8799991607666,17.030000686645508,16.329999923706055,16.3799991607666,7698600,0.0,0.0
2025-05-28 00:00:00-04:00,16.389999389648438,17.31999969482422,16.389999389648438,16.979999542236328,7730000,0.0,0.0
2025-05-29 00:00:00-04:00,16.84000015258789,17.200000762939453,16.809999465942383,17.110000610351562,6431000,0.0,0.0
2025-05-30 00:00:00-04:00,17.0,17.280000686645508,16.829999923706055,17.0,7128300,0.0,0.0
2025-06-02 00:00:00-04:00,16.860000610351562,17.020000457763672,16.15999984741211,16.549999237060547,4852000,0.0,0.0
2025-06-03 00:00:00-04:00,16.600000381469727,16.950000762939453,16.360000610351562,16.639999389648438,3553700,0.0,0.0
2025-06-04 00:00:00-04:00,16.59000015258789,17.25,16.520000457763672,17.190000534057617,4146100,0.0,0.0
2025-06-05 00:00:00-04:00,17.190000534057617,17.360000610351562,16.579999923706055,16.75,4506100,0.0,0.0
2025-06-06 00:00:00-04:00,18.15999984741211,19.450000762939453,17.75,19.0,15794000,0.0,0.0
2025-06-09 00:00:00-04:00,19.25,20.309999465942383,19.049999237060547,20.1299991607666,8774300,0.0,0.0
2025-06-10 00:00:00-04:00,20.350000381469727,20.559999465942383,19.8799991607666,20.15999984741211,10683300,0.0,0.0
2025-06-11 00:00:00-04:00,20.43000030517578,20.729999542236328,19.889999389648438,19.950000762939453,10525400,0.0,0.0
2025-06-12 00:00:00-04:00,20.520000457763672,20.6299991607666,19.729999542236328,20.100000381469727,5913400,0.0,0.0
2025-06-13 00:00:00-04:00,19.90999984741211,20.0,19.43000030517578,19.65999984741211,5100300,0.0,0.0
2025-06-16 00:00:00-04:00,19.829999923706055,20.100000381469727,19.299999237060547,20.09000015258789,6104800,0.0,0.0
2025-06-17 00:00:00-04:00,20.229999542236328,20.389999389648438,19.899999618530273,20.149999618530273,5137600,0.0,0.0
2025-06-18 00:00:00-04:00,20.729999542236328,23.520000457763672,20.5,22.5,16802300,0.0,0.0
2025-06-20 00:00:00-04:00,23.040000915527344,24.579999923706055,22.700000762939453,23.790000915527344,18748300,0.0,0.0
2025-06-23 00:00:00-04:00,23.75,24.5,23.299999237060547,24.1200008392334,7371200,0.0,0.0
2025-06-24 00:00:00-04:00,24.280000686645508,24.690000534057617,23.399999618530273,23.510000228881836,7072900,0.0,0.0
2025-06-25 00:00:00-04:00,21.739999771118164,22.1299991607666,21.639999389648438,21.809999465942383,43086900,0.0,0.0
2025-06-26 00:00:00-04:00,21.809999465942383,22.06999969482422,21.68000030517578,21.719999313354492,20569400,0.0,0.0
2025-06-27 00:00:00-04:00,21.75,21.8700008392334,20.520000457763672,20.729999542236328,56303900,0.0,0.0
2025-06-30 00:00:00-04:00,20.959999084472656,21.690000534057617,20.520000457763672,21.540000915527344,11165800,0.0,0.0
2025-07-01 00:00:00-04:00,21.549999237060547,21.709999084472656,20.760000228881836,21.18000030517578,12290700,0.0,0.0
2025-07-02 00:00:00-04:00,21.09000015258789,21.780000686645508,20.950000762939453,21.59000015258789,10082000,0.0,0.0
2025-07-03 00:00:00-04:00,21.700000762939453,22.030000686645508,21.559999465942383,21.979999542236328,6105900,0.0,0.0
2025-07-07 00:00:00-04:00,21.81999969482422,21.979999542236328,21.309999465942383,21.68000030517578,4988100,0.0,0.0
2025-07-08 00:00:00-04:00,21.8799991607666,21.90999984741211,21.530000686645508,21.649999618530273,5276500,0.0,0.0
2025-07-09 00:00:00-04:00,21.6200008392334,22.139999389648438,21.440000534057617,22.030000686645508,7262200,0.0,0.0
2025-07-10 00:00:00-04:00,22.0,22.049999237060547,21.280000686645508,21.43000030517578,5638900,0.0,0.0
2025-07-11 00:00:00-04:00,21.309999465942383,21.600000381469727,21.0,21.170000076293945,5046000,0.0,0.0
2025-07-14 00:00:00-04:00,21.100000381469727,21.239999771118164,20.860000610351562,21.049999237060547,8290600,0.0,0.0
2025-07-15 00:00:00-04:00,21.1299991607666,21.700000762939453,21.040000915527344,21.149999618530273,6149300,0.0,0.0
2025-07-16 00:00:00-04:00,21.8799991607666,22.049999237060547,20.690000534057617,21.190000534057617,5838600,0.0,0.0
2025-07-17 00:00:00-04:00,21.31999969482422,21.93000030517578,21.209999084472656,21.790000915527344,6249700,0.0,0.0
2025-07-18 00:00:00-04:00,22.030000686645508,22.280000686645508,21.389999389648438,21.6299991607666,7363800,0.0,0.0
2025-07-21 00:00:00-04:00,22.100000381469727,22.260000228881836,21.799999237060547,21.829999923706055,8877600,0.0,0.0
2025-07-22 00:00:00-04:00,22.0,22.270000457763672,21.780000686645508,22.239999771118164,7434500,0.0,0.0
2025-07-23 00:00:00-04:00,22.239999771118164,22.280000686645508,22.040000915527344,22.1299991607666,6055000,0.0,0.0
2025-07-24 00:00:00-04:00,22.149999618530273,22.200000762939453,21.690000534057617,21.899999618530273,5255500,0.0,0.0
2025-07-25 00:00:00-04:00,22.0,22.200000762939453,21.649999618530273,22.190000534057617,4353000,0.0,0.0
2025-07-28 00:00:00-04:00,22.239999771118164,22.260000228881836,21.729999542236328,21.780000686645508,3676300,0.0,0.0
2025-07-29 00:00:00-04:00,21.700000762939453,21.770000457763672,20.969999313354492,21.0,5068100,0.0,0.0
2025-07-30 00:00:00-04:00,21.049999237060547,21.350000381469727,20.40999984741211,20.639999389648438,5304000,0.0,0.0
2025-07-31 00:00:00-04:00,20.639999389648438,20.770000457763672,19.65999984741211,20.059999465942383,6429000,0.0,0.0
2025-08-01 00:00:00-04:00,19.700000762939453,19.75,19.229999542236328,19.329999923706055,6204200,0.0,0.0
2025-08-04 00:00:00-04:00,19.6200008392334,19.8700008392334,19.229999542236328,19.6200008392334,7991200,0.0,0.0
2025-08-05 00:00:00-04:00,20.09000015258789,20.149999618530273,19.420000076293945,19.420000076293945,5711400,0.0,0.0
2025-08-06 00:00:00-04:00,19.719999313354492,19.799999237060547,19.0,19.149999618530273,4939400,0.0,0.0
2025-08-07 00:00:00-04:00,19.1200008392334,19.43000030517578,18.760000228881836,19.3799991607666,5709000,0.0,0.0
2025-08-08 00:00:00-04:00,19.489999771118164,19.489999771118164,18.899999618530273,19.280000686645508,4027100,0.0,0.0
2025-08-11 00:00:00-04:00,19.329999923706055,19.43000030517578,18.90999984741211,19.270000457763672,7317100,0.0,0.0
2025-08-12 00:00:00-04:00,19.1299991607666,20.049999237060547,19.079999923706055,19.959999084472656,6229400,0.0,0.0
2025-08-13 00:00:00-04:00,20.149999618530273,21.389999389648438,20.139999389648438,21.059999465942383,7057400,0.0,0.0
2025-08-14 00:00:00-04:00,21.020000457763672,21.3799991607666,19.489999771118164,21.020000457763672,8902800,0.0,0.0
2025-08-15 00:00:00-04:00,20.479999542236328,21.059999465942383,19.729999542236328,20.5,9676200,0.0,0.0
2025-08-18 00:00:00-04:00,20.510000228881836,21.049999237060547,20.229999542236328,20.6299991607666,6279300,0.0,0.0
2025-08-19 00:00:00-04:00,20.559999465942383,20.559999465942383,19.989999771118164,20.299999237060547,6710200,0.0,0.0
2025-08-20 00:00:00-04:00,20.350000381469727,20.43000030517578,19.049999237060547,19.280000686645508,11644900,0.0,0.0
2025-08-21 00:00:00-04:00,19.299999237060547,19.350000381469727,18.700000762939453,18.81999969482422,9030500,0.0,0.0
2025-08-22 00:00:00-04:00,19.06999969482422,20.639999389648438,18.75,20.389999389648438,14482500,0.0,0.0
2025-08-25 00:00:00-04:00,20.989999771118164,21.049999237060547,19.860000610351562,20.889999389648438,11427300,0.0,0.0
2025-08-26 00:00:00-04:00,21.049999237060547,21.219999313354492,20.670000076293945,20.93000030517578,7459600,0.0,0.0
2025-08-27 00:00:00-04:00,21.079999923706055,21.549999237060547,20.8799991607666,20.899999618530273,6897500,0.0,0.0
2025-08-28 00:00:00-04:00,20.899999618530273,21.139999389648438,20.799999237060547,21.030000686645508,4393600,0.0,0.0
2025-08-29 00:00:00-04:00,21.170000076293945,21.170000076293945,20.110000610351562,20.1299991607666,5381900,0.0,0.0
2025-09-02 00:00:00-04:00,20.1299991607666,21.649999618530273,20.020000457763672,21.1299991607666,11764800,0.0,0.0
2025-09-03 00:00:00-04:00,21.25,21.6200008392334,20.469999313354492,20.530000686645508,7041100,0.0,0.0
2025-09-04 00:00:00-04:00,20.479999542236328,20.799999237060547,19.969999313354492,20.639999389648438,6781000,0.0,0.0
2025-09-05 00:00:00-04:00,20.8700008392334,22.059999465942383,20.8700008392334,22.049999237060547,10069900,0.0,0.0
2025-09-08 00:00:00-04:00,22.260000228881836,22.350000381469727,21.649999618530273,21.959999084472656,7396700,0.0,0.0
2025-09-09 00:00:00-04:00,21.799999237060547,21.989999771118164,21.040000915527344,21.479999542236328,7315000,0.0,0.0
2025-09-10 00:00:00-04:00,21.360000610351562,22.049999237060547,21.25,21.479999542236328,7273800,0.0,0.0
2025-09-11 00:00:00-04:00,21.329999923706055,21.950000762939453,21.190000534057617,21.260000228881836,6062800,0.0,0.0
2025-09-12 00:00:00-04:00,21.260000228881836,21.3700008392334,20.75,20.770000457763672,6255500,0.0,0.0
2025-09-15 00:00:00-04:00,20.850000381469727,21.229999542236328,20.690000534057617,21.229999542236328,5351500,0.0,0.0
2025-09-16 00:00:00-04:00,21.229999542236328,21.420000076293945,20.299999237060547,20.950000762939453,10449700,0.0,0.0
2025-09-17 00:00:00-04:00,21.049999237060547,21.530000686645508,20.639999389648438,20.940000534057617,7238800,0.0,0.0
2025-09-18 00:00:00-04:00,21.1200008392334,21.639999389648438,20.889999389648438,21.020000457763672,8416300,0.0,0.0
2025-09-19 00:00:00-04:00,20.950000762939453,21.0,20.399999618530273,20.6200008392334,13219700,0.0,0.0
2025-09-22 00:00:00-04:00,20.700000762939453,20.780000686645508,19.920000076293945,19.940000534057617,8980100,0.0,0.0
2025-09-23 00:00:00-04:00,20.020000457763672,20.270000457763672,19.600000381469727,19.81999969482422,10908500,0.0,0.0
2025-09-24 00:00:00-04:00,19.90999984741211,20.09000015258789,19.209999084472656,19.239999771118164,7497700,0.0,0.0
2025-09-25 00:00:00-04:00,18.920000076293945,19.280000686645508,18.690000534057617,18.93000030517578,8678300,0.0,0.0
2025-09-26 00:00:00-04:00,18.979999542236328,19.09000015258789,18.670000076293945,18.790000915527344,5652100,0.0,0.0
2025-09-29 00:00:00-04:00,19.049999237060547,19.209999084472656,18.729999542236328,18.739999771118164,7111800,0.0,0.0
2025-09-30 00:00:00-04:00,18.920000076293945,19.06999969482422,18.270000457763672,19.059999465942383,10279200,0.0,0.0
2025-10-01 00:00:00-04:00,18.889999389648438,19.079999923706055,18.5,18.670000076293945,10854700,0.0,0.0
2025-10-02 00:00:00-04:00,18.790000915527344,20.110000610351562,18.729999542236328,19.90999984741211,13216200,0.0,0.0
2025-10-03 00:00:00-04:00,20.170000076293945,21.139999389648438,19.969999313354492,20.229999542236328,15172900,0.0,0.0
2025-10-06 00:00:00-04:00,20.540000915527344,20.610000610351562,19.6299991607666,19.770000457763672,8919000,0.0,0.0
2025-10-07 00:00:00-04:00,19.790000915527344,19.950000762939453,19.450000762939453,19.5,5945500,0.0,0.0
2025-10-08 00:00:00-04:00,19.520000457763672,19.920000076293945,19.420000076293945,19.899999618530273,6827000,0.0,0.0
2025-10-09 00:00:00-04:00,19.68000030517578,20.270000457763672,19.59000015258789,19.729999542236328,5303600,0.0,0.0
2025-10-10 00:00:00-04:00,19.889999389648438,19.889999389648438,18.579999923706055,18.579999923706055,9008400,0.0,0.0
2025-10-13 00:00:00-04:00,18.700000762939453,19.010000228881836,18.360000610351562,18.5,8600900,0.0,0.0
2025-10-14 00:00:00-04:00,18.229999542236328,19.559999465942383,18.079999923706055,19.530000686645508,9716200,0.0,0.0
2025-10-15 00:00:00-04:00,19.780000686645508,19.899999618530273,19.1200008392334,19.469999313354492,7242700,0.0,0.0
2025-10-16 00:00:00-04:00,19.5,19.549999237060547,18.610000610351562,18.93000030517578,6891900,0.0,0.0
2025-10-17 00:00:00-04:00,19.0,19.309999465942383,18.5,18.989999771118164,5117600,0.0,0.0
2025-10-20 00:00:00-04:00,19.139999389648438,19.25,18.770000457763672,19.0,4505000,0.0,0.0
2025-10-21 00:00:00-04:00,19.100000381469727,19.989999771118164,19.100000381469727,19.540000915527344,6738300,0.0,0.0
2025-10-22 00:00:00-04:00,19.3700008392334,19.700000762939453,18.309999465942383,18.360000610351562,8580500,0.0,0.0
2025-10-23 00:00:00-04:00,18.489999771118164,18.56999969482422,18.09000015258789,18.299999237060547,6240800,0.0,0.0
2025-10-24 00:00:00-04:00,18.600000381469727,18.860000610351562,18.3799991607666,18.389999389648438,5131300,0.0,0.0
2025-10-27 00:00:00-04:00,18.65999984741211,18.68000030517578,18.030000686645508,18.079999923706055,5773900,0.0,0.0
2025-10-28 00:00:00-04:00,18.100000381469727,18.809999465942383,17.979999542236328,18.100000381469727,7210800,0.0,0.0
2025-10-29 00:00:00-04:00,18.059999465942383,18.850000381469727,17.639999389648438,18.489999771118164,8581800,0.0,0.0
2025-10-30 00:00:00-04:00,18.510000228881836,18.510000228881836,17.729999542236328,17.760000228881836,7406100,0.0,0.0
2025-10-31 00:00:00-04:00,17.829999923706055,17.93000030517578,17.510000228881836,17.670000076293945,7434900,0.0,0.0
2025-11-03 00:00:00-05:00,17.75,17.850000381469727,17.049999237060547,17.290000915527344,7938400,0.0,0.0
2025-11-04 00:00:00-05:00,17.06999969482422,17.25,16.850000381469727,16.8700008392334,6990900,0.0,0.0
2025-11-05 00:00:00-05:00,17.0,17.079999923706055,16.469999313354492,16.489999771118164,12118100,0.0,0.0
2025-11-06 00:00:00-05:00,16.459999084472656,16.600000381469727,15.829999923706055,16.139999389648438,13444600,0.0,0.0
2025-11-07 00:00:00-05:00,16.0,17.399999618530273,15.5,17.190000534057617,13205500,0.0,0.0
2025-11-10 00:00:00-05:00,17.25,18.600000381469727,16.899999618530273,18.399999618530273,9996800,0.0,0.0
2025-11-11 00:00:00-05:00,18.59000015258789,19.190000534057617,18.030000686645508,19.020000457763672,8125900,0.0,0.0
2025-11-12 00:00:00-05:00,19.049999237060547,19.3700008392334,18.399999618530273,18.790000915527344,6449700,0.0,0.0
2025-11-13 00:00:00-05:00,18.639999389648438,18.719999313354492,17.469999313354492,17.489999771118164,6098900,0.0,0.0
2025-11-14 00:00:00-05:00,17.059999465942383,17.790000915527344,17.010000228881836,17.479999542236328,5183800,0.0,0.0
2025-11-17 00:00:00-05:00,17.5,17.549999237060547,16.65999984741211,16.959999084472656,5517500,0.0,0.0
2025-11-18 00:00:00-05:00,16.670000076293945,17.1200008392334,16.530000686645508,16.690000534057617,5242900,0.0,0.0
2025-11-19 00:00:00-05:00,16.700000762939453,16.90999984741211,16.25,16.299999237060547,7250100,0.0,0.0
2025-11-20 00:00:00-05:00,16.6200008392334,17.110000610351562,15.989999771118164,16.100000381469727,6270800,0.0,0.0
2025-11-21 00:00:00-05:00,16.1200008392334,17.530000686645508,16.100000381469727,16.979999542236328,6693800,0.0,0.0
2025-11-24 00:00:00-05:00,17.0,17.5,16.760000228881836,16.809999465942383,7471800,0.0,0.0
2025-11-25 00:00:00-05:00,16.989999771118164,17.809999465942383,16.860000610351562,17.690000534057617,7018300,0.0,0.0
2025-11-26 00:00:00-05:00,17.649999618530273,18.479999542236328,17.600000381469727,18.260000228881836,5343400,0.0,0.0
2025-11-28 00:00:00-05:00,18.3700008392334,18.739999771118164,18.270000457763672,18.729999542236328,2979100,0.0,0.0
2025-12-01 00:00:00-05:00,18.530000686645508,18.780000686645508,18.299999237060547,18.329999923706055,6958400,0.0,0.0
2025-12-02 00:00:00-05:00,18.469999313354492,19.389999389648438,18.440000534057617,19.329999923706055,7263500,0.0,0.0
2025-12-03 00:00:00-05:00,19.170000076293945,20.350000381469727,19.0,20.0,9775200,0.0,0.0
2025-12-04 00:00:00-05:00,19.860000610351562,20.729999542236328,19.860000610351562,20.579999923706055,7678600,0.0,0.0
2025-12-05 00:00:00-05:00,20.65999984741211,21.06999969482422,20.389999389648438,20.81999969482422,7084200,0.0,0.0
2025-12-08 00:00:00-05:00,20.899999618530273,21.40999984741211,20.790000915527344,21.270000457763672,7771500,0.0,0.0
2025-12-09 00:00:00-05:00,21.190000534057617,21.40999984741211,20.709999084472656,20.950000762939453,7715000,0.0,0.0
2025-12-10 00:00:00-05:00,20.950000762939453,21.940000534057617,20.889999389648438,21.709999084472656,8877700,0.0,0.0
2025-12-11 00:00:00-05:00,21.6299991607666,22.219999313354492,21.479999542236328,22.1200008392334,8411400,0.0,0.0
2025-12-12 00:00:00-05:00,22.299999237060547,22.309999465942383,21.309999465942383,21.3799991607666,7904600,0.0,0.0
2025-12-15 00:00:00-05:00,21.290000915527344,21.399999618530273,20.93000030517578,21.309999465942383,6101200,0.0,0.0
2025-12-16 00:00:00-05:00,21.260000228881836,21.639999389648438,21.18000030517578,21.350000381469727,4599800,0.0,0.0
2025-12-17 00:00:00-05:00,21.15999984741211,21.559999465942383,20.790000915527344,20.790000915527344,5512500,0.0,0.0
2025-12-18 00:00:00-05:00,21.25,21.979999542236328,21.190000534057617,21.8799991607666,5554300,0.0,0.0
2025-12-19 00:00:00-05:00,21.719999313354492,22.09000015258789,21.59000015258789,21.799999237060547,9181200,0.0,0.0
2025-12-22 00:00:00-05:00,22.0,22.190000534057617,21.739999771118164,21.959999084472656,6186500,0.0,0.0
2025-12-23 00:00:00-05:00,21.770000457763672,21.8799991607666,21.479999542236328,21.639999389648438,4931100,0.0,0.0
2025-12-24 00:00:00-05:00,21.729999542236328,21.729999542236328,21.459999084472656,21.549999237060547,1548400,0.0,0.0
2025-12-26 00:00:00-05:00,21.6200008392334,21.649999618530273,21.229999542236328,21.239999771118164,2451100,0.0,0.0
2025-12-29 00:00:00-05:00,21.049999237060547,21.469999313354492,20.969999313354492,21.049999237060547,2998800,0.0,0.0
2025-12-30 00:00:00-05:00,21.0,21.139999389648438,20.940000534057617,21.040000915527344,5580300,0.0,0.0
2025-12-31 00:00:00-05:00,20.979999542236328,21.030000686645508,19.219999313354492,19.290000915527344,16012200,0.0,0.0
2026-01-02 00:00:00-05:00,19.25,19.920000076293945,19.010000228881836,19.719999313354492,6940000,0.0,0.0
2026-01-05 00:00:00-05:00,20.469999313354492,23.799999237060547,20.399999618530273,23.299999237060547,25201900,0.0,0.0
2026-01-06 00:00:00-05:00,23.049999237060547,24.18000030517578,22.809999465942383,23.979999542236328,8904500,0.0,0.0
2026-01-07 00:00:00-05:00,24.079999923706055,24.540000915527344,23.299999237060547,23.3799991607666,10904900,0.0,0.0
2026-01-08 00:00:00-05:00,23.399999618530273,25.020000457763672,23.209999084472656,24.649999618530273,9860800,0.0,0.0
2026-01-09 00:00:00-05:00,24.540000915527344,25.049999237060547,24.190000534057617,25.0,7204000,0.0,0.0
2026-01-12 00:00:00-05:00,26.200000762939453,26.239999771118164,24.59000015258789,24.799999237060547,10235500,0.0,0.0
2026-01-13 00:00:00-05:00,25.059999465942383,25.56999969482422,24.389999389648438,25.15999984741211,9581600,0.0,0.0
2026-01-14 00:00:00-05:00,25.0,25.579999923706055,24.520000457763672,25.520000457763672,7669000,0.0,0.0
2026-01-15 00:00:00-05:00,25.579999923706055,25.90999984741211,25.0,25.020000457763672,7374800,0.0,0.0
2026-01-16 00:00:00-05:00,23.59000015258789,24.3799991607666,23.5,23.809999465942383,29424900,0.0,0.0
2026-01-20 00:00:00-05:00,23.469999313354492,24.0,23.209999084472656,23.520000457763672,9065000,0.0,0.0
2026-01-21 00:00:00-05:00,23.549999237060547,23.729999542236328,23.030000686645508,23.469999313354492,9949900,0.0,0.0
2026-01-22 00:00:00-05:00,24.1200008392334,24.489999771118164,23.90999984741211,24.1200008392334,10515600,0.0,0.0
2026-01-23 00:00:00-05:00,24.100000381469727,24.1200008392334,23.360000610351562,23.90999984741211,8812300,0.0,0.0
2026-01-26 00:00:00-05:00,23.81999969482422,24.020000457763672,23.549999237060547,23.940000534057617,6248700,0.0,0.0
2026-01-27 00:00:00-05:00,23.950000762939453,24.25,23.450000762939453,23.6299991607666,5490900,0.0,0.0
2026-01-28 00:00:00-05:00,23.829999923706055,23.899999618530273,23.110000610351562,23.239999771118164,5111600,0.0,0.0
2026-01-29 00:00:00-05:00,23.15999984741211,23.239999771118164,22.520000457763672,22.84000015258789,6620200,0.0,0.0
2026-01-30 00:00:00-05:00,22.520000457763672,22.780000686645508,21.979999542236328,22.18000030517578,6120500,0.0,0.0
2026-02-02 00:00:00-05:00,22.0,22.459999084472656,21.59000015258789,22.079999923706055,6470200,0.0,0.0
2026-02-03 00:00:00-05:00,22.25,23.219999313354492,22.1200008392334,22.84000015258789,8561200,0.0,0.0
2026-02-04 00:00:00-05:00,22.84000015258789,23.559999465942383,22.280000686645508,23.1299991607666,7188000,0.0,0.0
2026-02-05 00:00:00-05:00,22.719999313354492,23.06999969482422,20.90999984741211,21.040000915527344,8530800,0.0,0.0
2026-02-06 00:00:00-05:00,21.5,23.1299991607666,21.489999771118164,23.010000228881836,8623300,0.0,0.0
2026-02-09 00:00:00-05:00,23.0,23.450000762939453,22.81999969482422,23.309999465942383,5027300,0.0,0.0
2026-02-10 00:00:00-05:00,23.360000610351562,23.639999389648438,23.020000457763672,23.209999084472656,8822000,0.0,0.0
2026-02-11 00:00:00-05:00,24.530000686645508,27.139999389648438,24.3799991607666,27.059999465942383,17213400,0.0,0.0
2026-02-12 00:00:00-05:00,26.920000076293945,27.549999237060547,25.799999237060547,25.920000076293945,9387200,0.0,0.0
2026-02-13 00:00:00-05:00,25.780000686645508,27.100000381469727,25.479999542236328,27.06999969482422,8224800,0.0,0.0
2026-02-17 00:00:00-05:00,27.09000015258789,27.510000228881836,26.43000030517578,26.81999969482422,7734900,0.0,0.0
2026-02-18 00:00:00-05:00,26.690000534057617,27.610000610351562,26.540000915527344,26.6299991607666,6623100,0.0,0.0
2026-02-19 00:00:00-05:00,26.43000030517578,26.549999237060547,25.850000381469727,26.219999313354492,5533500,0.0,0.0
2026-02-20 00:00:00-05:00,25.959999084472656,26.299999237060547,25.489999771118164,25.540000915527344,5549600,0.0,0.0
2026-02-23 00:00:00-05:00,25.31999969482422,25.5,24.43000030517578,24.719999313354492,4544700,0.0,0.0
2026-02-24 00:00:00-05:00,24.729999542236328,25.709999084472656,24.719999313354492,25.139999389648438,4383900,0.0,0.0
2026-02-25 00:00:00-05:00,25.31999969482422,25.399999618530273,24.079999923706055,24.200000762939453,4060100,0.0,0.0
2026-02-26 00:00:00-05:00,24.399999618530273,24.510000228881836,23.3700008392334,23.8799991607666,5973900,0.0,0.0
2026-02-27 00:00:00-05:00,23.549999237060547,23.969999313354492,22.760000228881836,23.950000762939453,7188600,0.0,0.0
2026-03-02 00:00:00-05:00,23.360000610351562,23.6200008392334,22.709999084472656,22.920000076293945,7157100,0.0,0.0
2026-03-03 00:00:00-05:00,22.299999237060547,22.399999618530273,21.530000686645508,21.950000762939453,6732700,0.0,0.0
2026-03-04 00:00:00-05:00,22.360000610351562,23.440000534057617,22.030000686645508,23.260000228881836,7471200,0.0,0.0
2026-03-05 00:00:00-05:00,22.889999389648438,23.3700008392334,22.280000686645508,22.860000610351562,5260600,0.0,0.0
2026-03-06 00:00:00-05:00,22.25,22.420000076293945,21.75,21.799999237060547,5132200,0.0,0.0
2026-03-09 00:00:00-04:00,21.5,21.989999771118164,20.75,21.690000534057617,6557000,0.0,0.0
2026-03-10 00:00:00-04:00,21.799999237060547,22.020000457763672,21.399999618530273,21.56999969482422,3523900,0.0,0.0
2026-03-11 00:00:00-04:00,21.520000457763672,21.690000534057617,20.969999313354492,21.1200008392334,4837100,0.0,0.0
2026-03-12 00:00:00-04:00,20.850000381469727,21.25,19.43000030517578,19.5,8966000,0.0,0.0
2026-03-13 00:00:00-04:00,19.850000381469727,20.610000610351562,19.110000610351562,20.18000030517578,8325300,0.0,0.0
2026-03-16 00:00:00-04:00,20.81999969482422,21.31999969482422,20.510000228881836,20.700000762939453,9339700,0.0,0.0
2026-03-17 00:00:00-04:00,20.510000228881836,21.209999084472656,20.43000030517578,20.860000610351562,4630400,0.0,0.0
2026-03-18 00:00:00-04:00,20.68000030517578,21.100000381469727,19.989999771118164,20.1299991607666,5081400,0.0,0.0
2026-03-19 00:00:00-04:00,19.549999237060547,20.6200008392334,19.530000686645508,20.280000686645508,6757400,0.0,0.0
2026-03-20 00:00:00-04:00,20.100000381469727,20.280000686645508,18.479999542236328,18.639999389648438,14418200,0.0,0.0
2026-03-23 00:00:00-04:00,19.309999465942383,20.399999618530273,19.079999923706055,20.299999237060547,10419100,0.0,0.0
2026-03-24 00:00:00-04:00,19.989999771118164,20.65999984741211,19.760000228881836,20.190000534057617,5535000,0.0,0.0
2026-03-25 00:00:00-04:00,20.59000015258789,20.729999542236328,20.049999237060547,20.459999084472656,5183100,0.0,0.0
2026-03-26 00:00:00-04:00,20.139999389648438,20.829999923706055,19.649999618530273,19.65999984741211,6278400,0.0,0.0
2026-03-27 00:00:00-04:00,19.3700008392334,19.6200008392334,18.920000076293945,18.959999084472656,5873100,0.0,0.0
2026-03-30 00:00:00-04:00,19.18000030517578,19.459999084472656,18.059999465942383,18.209999084472656,7858700,0.0,0.0
2026-03-31 00:00:00-04:00,18.8799991607666,19.780000686645508,18.809999465942383,19.420000076293945,7950400,0.0,0.0
2026-04-01 00:00:00-04:00,19.729999542236328,20.0,19.239999771118164,19.299999237060547,10614300,0.0,0.0
2026-04-02 00:00:00-04:00,18.649999618530273,19.719999313354492,18.43000030517578,19.030000686645508,6552600,0.0,0.0
2026-04-06 00:00:00-04:00,18.84000015258789,19.25,18.670000076293945,19.020000457763672,5140700,0.0,0.0
2026-04-07 00:00:00-04:00,18.700000762939453,18.899999618530273,18.049999237060547,18.81999969482422,6822900,0.0,0.0
2026-04-08 00:00:00-04:00,20.3700008392334,21.139999389648438,20.1299991607666,20.520000457763672,12183800,0.0,0.0
2026-04-09 00:00:00-04:00,20.299999237060547,21.299999237060547,20.299999237060547,21.18000030517578,8701800,0.0,0.0
2026-04-10 00:00:00-04:00,21.459999084472656,22.139999389648438,21.459999084472656,21.93000030517578,8860200,0.0,0.0
2026-04-13 00:00:00-04:00,21.440000534057617,22.260000228881836,21.18000030517578,22.200000762939453,8744200,0.0,0.0
2026-04-14 00:00:00-04:00,22.479999542236328,23.5,22.479999542236328,23.34000015258789,8771500,0.0,0.0
2026-04-15 00:00:00-04:00,23.559999465942383,23.559999465942383,22.93000030517578,23.219999313354492,12046200,0.0,0.0
2026-04-16 00:00:00-04:00,23.209999084472656,24.389999389648438,23.209999084472656,24.25,9022300,0.0,0.0
2026-04-17 00:00:00-04:00,24.950000762939453,25.440000534057617,24.540000915527344,25.0,10066400,0.0,0.0
2026-04-20 00:00:00-04:00,24.15999984741211,24.389999389648438,22.850000381469727,24.219999313354492,55121000,0.0,0.0
2026-04-21 00:00:00-04:00,24.3700008392334,24.399999618530273,22.469999313354492,22.5,31128900,0.0,0.0
2026-04-22 00:00:00-04:00,23.1299991607666,23.139999389648438,20.899999618530273,20.959999084472656,32782000,0.0,0.0
2026-04-23 00:00:00-04:00,21.1200008392334,22.1299991607666,20.969999313354492,22.100000381469727,19496000,0.0,0.0
2026-04-24 00:00:00-04:00,22.0,22.170000076293945,20.899999618530273,20.969999313354492,20740500,0.0,0.0
2026-04-27 00:00:00-04:00,21.18000030517578,21.520000457763672,20.360000610351562,20.389999389648438,15644400,0.0,0.0
2026-04-28 00:00:00-04:00,20.149999618530273,20.450000762939453,19.5,19.610000610351562,19480200,0.0,0.0
2026-04-29 00:00:00-04:00,19.5,19.809999465942383,18.8700008392334,19.610000610351562,16859000,0.0,0.0
2026-04-30 00:00:00-04:00,19.899999618530273,20.350000381469727,19.610000610351562,20.06999969482422,14121900,0.0,0.0
2026-05-01 00:00:00-04:00,20.200000762939453,20.329999923706055,19.65999984741211,19.81999969482422,12936800,0.0,0.0
2026-05-04 00:00:00-04:00,19.700000762939453,19.790000915527344,19.06999969482422,19.1200008392334,12641300,0.0,0.0
2026-05-05 00:00:00-04:00,19.600000381469727,19.600000381469727,18.719999313354492,18.8700008392334,13497900,0.0,0.0
2026-05-06 00:00:00-04:00,19.280000686645508,20.18000030517578,19.170000076293945,19.739999771118164,16180500,0.0,0.0
2026-05-07 00:00:00-04:00,19.8799991607666,19.8799991607666,18.56999969482422,18.760000228881836,18773100,0.0,0.0
2026-05-08 00:00:00-04:00,19.25,19.399999618530273,18.09000015258789,18.760000228881836,14330400,0.0,0.0
2026-05-11 00:00:00-04:00,18.530000686645508,18.780000686645508,18.1200008392334,18.440000534057617,13222400,0.0,0.0
2026-05-12 00:00:00-04:00,18.34000015258789,18.469999313354492,17.700000762939453,17.739999771118164,16622600,0.0,0.0
2026-05-13 00:00:00-04:00,17.649999618530273,17.700000762939453,16.93000030517578,17.020000457763672,15998100,0.0,0.0
2026-05-14 00:00:00-04:00,17.229999542236328,18.110000610351562,16.959999084472656,17.43000030517578,15779900,0.0,0.0
2026-05-15 00:00:00-04:00,16.969999313354492,17.059999465942383,16.280000686645508,16.329999923706055,22328900,0.0,0.0
2026-05-18 00:00:00-04:00,16.389999389648438,16.860000610351562,15.979999542236328,16.700000762939453,17020400,0.0,0.0
2026-05-19 00:00:00-04:00,16.459999084472656,16.540000915527344,15.5,15.949999809265137,23506700,0.0,0.0
2026-05-20 00:00:00-04:00,16.270000457763672,17.239999771118164,15.899999618530273,17.229999542236328,16628000,0.0,0.0
2026-05-21 00:00:00-04:00,16.989999771118164,17.299999237060547,16.530000686645508,17.030000686645508,11344100,0.0,0.0
2026-05-22 00:00:00-04:00,17.5,17.760000228881836,16.40999984741211,16.670000076293945,9522600,0.0,0.0
2026-05-26 00:00:00-04:00,17.100000381469727,17.5,16.709999084472656,17.15999984741211,15067600,0.0,0.0
2026-05-27 00:00:00-04:00,17.18000030517578,17.860000610351562,17.010000228881836,17.399999618530273,17955500,0.0,0.0
2026-05-28 00:00:00-04:00,17.010000228881836,17.84000015258789,16.770000457763672,17.68000030517578,12137800,0.0,0.0
2026-05-29 00:00:00-04:00,17.65999984741211,17.959999084472656,17.15999984741211,17.25,17723100,0.0,0.0
2026-06-01 00:00:00-04:00,17.149999618530273,17.31999969482422,16.559999465942383,16.760000228881836,16789000,0.0,0.0
2026-06-02 00:00:00-04:00,16.639999389648438,16.979999542236328,16.010000228881836,16.31999969482422,19763200,0.0,0.0
2026-06-03 00:00:00-04:00,16.200000762939453,16.700000762939453,16.1299991607666,16.440000534057617,18354700,0.0,0.0
2026-06-04 00:00:00-04:00,16.489999771118164,16.65999984741211,16.09000015258789,16.229999542236328,14720800,0.0,0.0
2026-06-05 00:00:00-04:00,16.059999465942383,16.280000686645508,15.449999809265137,15.760000228881836,17662200,0.0,0.0
2026-06-08 00:00:00-04:00,15.680000305175781,15.789999961853027,15.319999694824219,15.539999961853027,13783000,0.0,0.0
2026-06-09 00:00:00-04:00,15.770000457763672,16.520000457763672,15.670000076293945,16.399999618530273,17847400,0.0,0.0
2026-06-10 00:00:00-04:00,16.170000076293945,16.200000762939453,14.75,15.0600004196167,23316300,0.0,0.0
2026-06-11 00:00:00-04:00,15.239999771118164,16.59000015258789,15.109999656677246,16.579999923706055,19051900,0.0,0.0
2026-06-12 00:00:00-04:00,16.809999465942383,16.950000762939453,16.329999923706055,16.6299991607666,12293100,0.0,0.0
2026-06-15 00:00:00-04:00,17.149999618530273,17.649999618530273,16.6299991607666,16.690000534057617,16051400,0.0,0.0
2026-06-16 00:00:00-04:00,16.6200008392334,17.479999542236328,16.450000762939453,17.010000228881836,14545200,0.0,0.0
2026-06-17 00:00:00-04:00,16.940000534057617,17.950000762939453,16.440000534057617,16.559999465942383,21999100,0.0,0.0
2026-06-18 00:00:00-04:00,17.06999969482422,17.8700008392334,16.989999771118164,17.760000228881836,16064400,0.0,0.0
2026-06-22 00:00:00-04:00,17.579999923706055,17.770000457763672,16.68000030517578,16.739999771118164,13015300,0.0,0.0
2026-06-23 00:00:00-04:00,16.420000076293945,16.81999969482422,16.190000534057617,16.219999313354492,13097900,0.0,0.0
2026-06-24 00:00:00-04:00,16.34000015258789,17.030000686645508,15.789999961853027,16.93000030517578,28062500,0.0,0.0
2026-06-25 00:00:00-04:00,17.200000762939453,18.0,17.020000457763672,18.0,30499400,0.0,0.0
2026-06-26 00:00:00-04:00,17.600000381469727,18.31999969482422,17.559999465942383,17.780000686645508,26393675,0.0,0.0
