Date,Open,High,Low,Close,Volume,Dividends,Stock Splits
2022-01-03 00:00:00-05:00,106.51686007875142,108.40501461083313,104.91602501855637,105.61382293701172,76752,0.0,0.0
2022-01-04 00:00:00-05:00,105.6958938239104,106.88625662082065,103.4383143116135,103.64354705810547,97933,0.0,0.0
2022-01-05 00:00:00-05:00,103.9309014696256,104.17718081786285,98.8000302456446,99.12840270996094,102063,0.0,0.0
2022-01-06 00:00:00-05:00,99.08736246600267,101.22180935459,98.80003654141679,99.37469482421875,63584,0.0,0.0
2022-01-07 00:00:00-05:00,99.4157422388363,101.7143689561587,99.00527019512897,101.13971710205078,82916,0.0,0.0
2022-01-10 00:00:00-05:00,100.56504939059568,100.56504939059568,98.71793501744686,99.45677947998047,61529,0.0,0.0
2022-01-11 00:00:00-05:00,99.37470339473418,99.37470339473418,96.13199265516252,98.30747985839844,76978,0.0,0.0
2022-01-12 00:00:00-05:00,98.88211684610181,101.83750099835913,98.512697848088,100.89341735839844,81128,0.0,0.0
2022-01-13 00:00:00-05:00,101.34492805620272,103.97193312881087,100.60608368373528,103.68460083007812,116217,0.0,0.0
2022-01-14 00:00:00-05:00,102.94575849494817,103.72564943500765,101.42702316779922,103.4793701171875,86798,0.0,0.0
2022-01-18 00:00:00-05:00,102.41214357420695,103.1509943711284,101.34492679773031,102.042724609375,91955,0.0,0.0
2022-01-19 00:00:00-05:00,102.61740261716501,103.39729368297373,97.5275777591691,97.77385711669922,99515,0.0,0.0
2022-01-20 00:00:00-05:00,97.48651500233323,98.26640593856418,93.01239571516128,93.2176284790039,155272,0.0,0.0
2022-01-21 00:00:00-05:00,93.21763638400554,95.06475071611425,91.45262159802503,92.31460571289062,136679,0.0,0.0
2022-01-24 00:00:00-05:00,90.54958074935293,91.61680403496854,86.15756081049238,90.05702209472656,343434,0.0,0.0
2022-01-25 00:00:00-05:00,88.53827825487991,91.65784849780155,87.59420108809488,90.26225280761719,132879,0.0,0.0
2022-01-26 00:00:00-05:00,90.7548247162535,91.82204162422033,85.33662776212006,86.60907745361328,169344,0.0,0.0
2022-01-27 00:00:00-05:00,87.38897378210814,88.62038333479764,84.14626367566032,84.96720123291016,104138,0.0,0.0
2022-01-28 00:00:00-05:00,84.35150126783017,87.14269298186208,83.03799852785869,87.10164642333984,119936,0.0,0.0
2022-01-31 00:00:00-05:00,86.56801187484443,88.12779998779297,86.11649985029956,88.12779998779297,145452,0.0,0.0
2022-02-01 00:00:00-05:00,88.41515807030326,91.08321037754952,86.03443813528858,90.67274475097656,102843,0.0,0.0
2022-02-02 00:00:00-05:00,103.68462713714675,104.34137857193106,95.68047023201865,102.37112426757812,582957,0.0,0.0
2022-02-03 00:00:00-05:00,100.93445753360452,103.0278510242462,98.63583127926138,98.88211059570312,256841,0.0,0.0
2022-02-04 00:00:00-05:00,98.92316803111738,99.04630770288503,96.04988328868723,97.56861877441406,167249,0.0,0.0
2022-02-07 00:00:00-05:00,97.89699265639268,100.68818414147702,97.89699265639268,98.18431854248047,180438,0.0,0.0
2022-02-08 00:00:00-05:00,98.30747643086322,99.04632099424676,96.9529269923883,97.89701080322266,114820,0.0,0.0
2022-02-09 00:00:00-05:00,99.62095950163594,107.6661614075476,99.25154051020101,107.58406829833984,285459,0.0,0.0
2022-02-10 00:00:00-05:00,105.7780138926507,108.85653785585941,103.88985295745802,105.90115356445312,195517,0.0,0.0
2022-02-11 00:00:00-05:00,106.7631315457297,109.63641612332451,103.72565431490119,104.7518310546875,123798,0.0,0.0
2022-02-14 00:00:00-05:00,105.08021200856855,105.36753789856661,100.27771352099421,101.79645538330078,148369,0.0,0.0
2022-02-15 00:00:00-05:00,104.21822406706264,107.66616700106381,103.56147272565148,105.16230773925781,125627,0.0,0.0
2022-02-16 00:00:00-05:00,105.49067547653675,105.49067547653675,103.19204910118677,104.7518310546875,124291,0.0,0.0
2022-02-17 00:00:00-05:00,103.06888877106458,103.84878607375573,101.09863510697681,101.87853240966797,101302,0.0,0.0
2022-02-18 00:00:00-05:00,101.26284428040701,103.64356382575637,100.97551195520467,102.61739349365234,314590,0.0,0.0
2022-02-22 00:00:00-05:00,101.79647200338336,101.79647200338336,97.52758447674881,98.8410873413086,163818,0.0,0.0
2022-02-23 00:00:00-05:00,99.49783134779835,99.86725681559791,95.92674851600927,96.09093475341797,139042,0.0,0.0
2022-02-24 00:00:00-05:00,93.75125659277029,100.89342880097175,92.68403959939863,100.40086364746094,209220,0.0,0.0
2022-02-25 00:00:00-05:00,100.31876797801259,101.30389825999843,98.84107898866374,100.7702865600586,105576,0.0,0.0
2022-02-28 00:00:00-05:00,100.15259078025642,103.87113011536202,99.82205740431854,103.78849029541016,187382,0.78125,0.0
2022-03-01 00:00:00-05:00,103.37530994909221,104.61482289740792,102.4250136665991,103.49925994873047,200016,0.0,0.0
2022-03-02 00:00:00-05:00,103.62321535644286,104.9040450381509,103.00345884994005,103.70584869384766,100460,0.0,0.0
2022-03-03 00:00:00-05:00,103.82981559562698,104.20166565126507,98.95439639174288,99.45020294189453,127065,0.0,0.0
2022-03-04 00:00:00-05:00,98.04541639541789,100.68970918042677,96.43404683682161,99.9046859741211,166715,0.0,0.0
2022-03-07 00:00:00-05:00,99.73941607797526,99.822055896679,94.49214700647308,94.5334701538086,132324,0.0,0.0
2022-03-08 00:00:00-05:00,94.94664781793055,100.52445737964884,94.8640144656638,98.62387084960938,106459,0.0,0.0
2022-03-09 00:00:00-05:00,100.77234631085673,103.04478267521228,100.31785644759869,101.59868621826172,118375,0.0,0.0
2022-03-10 00:00:00-05:00,100.06995315072723,102.25975610043854,99.3262466107492,102.01185607910156,70733,0.0,0.0
2022-03-11 00:00:00-05:00,102.5076661528439,102.83819952608987,99.32625005551475,99.57415008544922,70466,0.0,0.0
2022-03-14 00:00:00-04:00,100.2765422894784,100.2765422894784,97.01249277364894,98.16937255859375,66665,0.0,0.0
2022-03-15 00:00:00-04:00,99.3675718475262,99.98732843026544,97.17776870903029,99.24362182617188,85648,0.0,0.0
2022-03-16 00:00:00-04:00,100.64839836130913,101.92922815825305,98.87176201936202,101.02024841308594,78437,0.0,0.0
2022-03-17 00:00:00-04:00,99.36756608800006,101.55736909957098,98.91307622674297,100.68971252441406,72644,0.0,0.0
2022-03-18 00:00:00-04:00,100.8962993377023,102.25976249221355,100.19390942404402,101.84659576416016,155580,0.0,0.0
2022-03-21 00:00:00-04:00,101.72262001698188,102.25974313775882,97.3430146727281,98.29330444335938,52901,0.0,0.0
2022-03-22 00:00:00-04:00,98.99571301205475,101.26815592139612,98.99571301205475,100.64839935302734,55962,0.0,0.0
2022-03-23 00:00:00-04:00,99.78073695271488,100.97893342480313,98.74781364902908,99.5328369140625,60605,0.0,0.0
2022-03-24 00:00:00-04:00,98.99570434621424,99.40887751428112,97.83883113236756,98.45858764648438,60317,0.0,0.0
2022-03-25 00:00:00-04:00,97.63224959549784,97.83883943504613,95.3598131682068,96.14483642578125,89818,0.0,0.0
2022-03-28 00:00:00-04:00,96.22746371367748,97.3430267587238,93.41790424197119,94.65741729736328,96968,0.0,0.0
2022-03-29 00:00:00-04:00,95.93825336991935,100.31785954768426,94.98795694246472,99.45020294189453,145041,0.0,0.0
2022-03-30 00:00:00-04:00,98.7891124787102,99.36755227372136,96.5993097715701,98.00408935546875,352925,0.0,0.0
2022-03-31 00:00:00-04:00,97.67357956757792,99.20231609413297,96.59933945472042,96.7232894897461,103234,0.0,0.0
2022-04-01 00:00:00-04:00,96.68196616288256,98.21069610834316,96.14484290540592,97.71488952636719,74739,0.0,0.0
2022-04-04 00:00:00-04:00,97.34301671685391,97.34301671685391,94.781357530099,96.8885269165039,66254,0.0,0.0
2022-04-05 00:00:00-04:00,96.47537087244741,97.34303396099932,94.1616177469,94.57479095458984,62207,0.0,0.0
2022-04-06 00:00:00-04:00,93.62449458265709,94.57479101819254,92.26103141512152,93.37659454345703,68966,0.0,0.0
2022-04-07 00:00:00-04:00,92.92210039044086,93.45922359331578,90.60834736970611,91.76522064208984,435944,0.0,0.0
2022-04-08 00:00:00-04:00,90.98020280442418,91.47600936538832,89.07961638403468,89.41015625,84847,0.0,0.0
2022-04-11 00:00:00-04:00,88.99696473618292,89.24487120367208,86.02213893404368,86.31135559082031,111616,0.0,0.0
2022-04-12 00:00:00-04:00,86.72453567610687,87.59219219200389,84.57604948266493,85.03053283691406,117306,0.0,0.0
2022-04-13 00:00:00-04:00,85.03054549711379,86.18742534120226,83.91498880371289,85.89820861816406,66213,0.0,0.0
2022-04-14 00:00:00-04:00,86.27006335180342,86.76586995119654,81.97309009297817,82.34494018554688,111040,0.0,0.0
2022-04-18 00:00:00-04:00,81.64254121243586,82.79942099165635,78.3371750403541,79.24615478515625,155374,0.0,0.0
2022-04-19 00:00:00-04:00,79.535368435826,80.6922481705933,78.5850785311032,78.99824523925781,412647,0.0,0.0
2022-04-20 00:00:00-04:00,79.94854959721181,79.98986627214984,77.80005659656247,78.17191314697266,158271,0.0,0.0
2022-04-21 00:00:00-04:00,79.03954913194306,79.57667224167588,75.03179385496415,75.65155029296875,192497,0.0,0.0
2022-04-22 00:00:00-04:00,75.23838496008003,76.47789796433376,73.75097194536228,76.0234146118164,252753,0.0,0.0
2022-04-25 00:00:00-04:00,75.15575632888931,77.1389759646747,75.15575632888931,76.14736938476562,152950,0.0,0.0
2022-04-26 00:00:00-04:00,75.48629133753529,76.76712100835063,71.60248565673828,71.60248565673828,188902,0.0,0.0
2022-04-27 00:00:00-04:00,71.51985295403712,72.88331597364117,70.48692328417133,71.68511962890625,295608,0.0,0.0
2022-04-28 00:00:00-04:00,72.38751633517853,72.5940996983484,70.2803466029434,72.4288330078125,363526,0.0,0.0
2022-04-29 00:00:00-04:00,72.34618427613441,74.45335356022191,69.33004191145018,69.57794189453125,151943,0.0,0.0
2022-05-02 00:00:00-04:00,69.57793561239329,70.81744836781627,68.37973951708672,70.56954193115234,240447,0.0,0.0
2022-05-03 00:00:00-04:00,72.42883957994563,75.65157271766118,70.5282530384227,74.37074279785156,336059,0.0,0.0
2022-05-04 00:00:00-04:00,73.87491152982808,76.60184364010641,72.92462181446336,75.77549743652344,147896,0.0,0.0
2022-05-05 00:00:00-04:00,74.94916817300519,74.94916817300519,70.11507264416784,71.60248565673828,170310,0.0,0.0
2022-05-06 00:00:00-04:00,70.77616253619924,73.00728258220681,70.4456226353268,71.31328582763672,116053,0.0,0.0
2022-05-09 00:00:00-04:00,69.99111894889987,71.2719420762182,68.83423934413297,69.24740600585938,190566,0.0,0.0
2022-05-10 00:00:00-04:00,70.03243215745181,70.81745525194053,66.52047685036972,67.63603973388672,157737,0.0,0.0
2022-05-11 00:00:00-04:00,67.80130552878785,68.54501194969266,65.11569649042256,66.35520935058594,199873,0.0,0.0
2022-05-12 00:00:00-04:00,66.23128140499617,68.21450134618365,65.32230802710667,67.47079467773438,180541,0.0,0.0
2022-05-13 00:00:00-04:00,68.46237773195489,70.239013671875,66.97496490949274,70.239013671875,244967,0.0,0.0
2022-05-16 00:00:00-04:00,70.15638437821752,70.15638437821752,67.92525854031658,68.25579833984375,135796,0.0,0.0
2022-05-17 00:00:00-04:00,69.57794189453125,70.73482143417517,68.58632901027471,69.57794189453125,100234,0.0,0.0
2022-05-18 00:00:00-04:00,68.37975538031073,68.50370538941472,62.38877998991413,63.75224304199219,485393,0.0,0.0
2022-05-19 00:00:00-04:00,63.66960559435337,66.68575466777098,63.66960559435337,65.73545837402344,417639,0.0,0.0
2022-05-20 00:00:00-04:00,67.47077390291423,69.24740343429397,65.52887123701501,68.9168701171875,312002,0.0,0.0
2022-05-23 00:00:00-04:00,69.86718670250562,71.80909011391985,67.67738320809038,71.35460662841797,371066,0.0,0.0
2022-05-24 00:00:00-04:00,70.11508698026238,71.85040035775013,68.66899034036653,71.51986694335938,198332,0.0,0.0
2022-05-25 00:00:00-04:00,70.85878654272759,72.30488303780963,70.48693001280799,71.23063659667969,165954,0.0,0.0
2022-05-26 00:00:00-04:00,71.93302074868828,72.05697074558952,70.40428469234051,70.65219116210938,132077,0.0,0.0
2022-05-27 00:00:00-04:00,70.65219103124723,73.50306685856086,70.44560122749475,72.30487060546875,116258,0.0,0.0
2022-05-31 00:00:00-04:00,72.39034775518432,72.93244262312173,71.0142643020637,72.55714416503906,202420,0.78125,0.0
2022-06-01 00:00:00-04:00,72.59886135918823,73.18264888660305,70.38878243319009,72.30696105957031,174871,0.0,0.0
2022-06-02 00:00:00-04:00,72.43206384385171,74.47533995147401,70.97258184353734,74.3502426147461,194223,0.0,0.0
2022-06-03 00:00:00-04:00,73.43284588779143,75.60121904507277,72.4737533613621,73.93323516845703,237735,0.0,0.0
2022-06-06 00:00:00-04:00,75.35101903949425,75.35101903949425,72.34865088972867,72.9741439819336,246775,0.0,0.0
2022-06-07 00:00:00-04:00,72.09846235995515,72.93245104140212,70.8474760698296,72.2652587890625,155621,0.0,0.0
2022-06-08 00:00:00-04:00,71.55637898957713,71.55637898957713,68.38721364499897,68.76251220703125,171686,0.0,0.0
2022-06-09 00:00:00-04:00,68.22041542374963,68.47061010135653,66.0520419434231,66.17713928222656,150300,0.0,0.0
2022-06-10 00:00:00-04:00,64.80105374537924,65.63504251760959,64.30065786767665,64.3840560913086,159113,0.0,0.0
2022-06-13 00:00:00-04:00,62.46586144909149,62.92455809828836,59.421800917273075,60.088993072509766,308982,0.0,0.0
2022-06-14 00:00:00-04:00,60.33920320127864,60.33920320127864,57.71213300575822,58.17082977294922,317590,0.0,0.0
2022-06-15 00:00:00-04:00,59.2550164424166,60.96469300797552,59.00481524888584,60.047306060791016,308961,0.0,0.0
2022-06-16 00:00:00-04:00,57.8372316481576,58.796324316140925,56.83644640320882,58.087432861328125,410264,0.0,0.0
2022-06-17 00:00:00-04:00,58.504408292955716,58.79630854068396,56.33603539743024,57.54532241821289,1092859,0.0,0.0
2022-06-21 00:00:00-04:00,57.75382183294654,60.1723960380968,57.29513168334961,57.29513168334961,235167,0.0,0.0
2022-06-22 00:00:00-04:00,56.54453621633787,58.838013168233296,56.54453621633787,57.12833023071289,273132,0.0,0.0
2022-06-23 00:00:00-04:00,56.96154245502538,58.254227996818315,56.66964867148354,58.17082977294922,165338,0.0,0.0
2022-06-24 00:00:00-04:00,58.67122781678988,59.50521662216241,58.37932748656722,58.58782958984375,308776,0.0,0.0
2022-06-27 00:00:00-04:00,58.921425670380685,59.96391663516494,58.42102974584778,58.62953186035156,206858,0.0,0.0
2022-06-28 00:00:00-04:00,59.17161682188484,60.58940627915877,57.2117388927278,57.503639221191406,232620,0.0,0.0
2022-06-29 00:00:00-04:00,57.33684133620987,58.08743189136563,56.21095223552072,57.83723068237305,204988,0.0,0.0
2022-06-30 00:00:00-04:00,57.503639574349414,58.212531039384444,56.210953984712965,57.170040130615234,236770,0.0,0.0
2022-07-01 00:00:00-04:00,56.627940867529546,58.42101547731181,56.627940867529546,58.25421905517578,182102,0.0,0.0
2022-07-05 00:00:00-04:00,56.919850657530525,58.46273106919736,56.502852948688115,58.4210319519043,180068,0.0,0.0
2022-07-06 00:00:00-04:00,58.29592757730853,58.42102491411766,57.0449411373953,57.5870361328125,142370,0.0,0.0
2022-07-07 00:00:00-04:00,58.2125170877926,59.33840595367968,57.75382041355904,58.75461196899414,88586,0.0,0.0
2022-07-08 00:00:00-04:00,58.462724877217255,59.00481988052377,57.54533785802161,58.087432861328125,119135,0.0,0.0
2022-07-11 00:00:00-04:00,57.37852601145924,58.379310987890484,56.79473205191212,57.54532241821289,73650,0.0,0.0
2022-07-12 00:00:00-04:00,57.54534360229155,58.96312665344255,57.33684801709634,57.96234130859375,65166,0.0,0.0
2022-07-13 00:00:00-04:00,57.5036338992435,58.963115798753336,57.0866362697076,58.712921142578125,97974,0.0,0.0
2022-07-14 00:00:00-04:00,57.54534591173497,58.587836951372445,57.4619476743099,58.295936584472656,109500,0.0,0.0
2022-07-15 00:00:00-04:00,59.421810150146484,59.5052083655207,57.962328309277076,59.421810150146484,124661,0.0,0.0
2022-07-18 00:00:00-04:00,60.214106133111244,60.46430080583058,59.12991614617211,59.50521469116211,127003,0.0,0.0
2022-07-19 00:00:00-04:00,60.50600463076176,62.048891507106106,60.00561524634775,61.59019470214844,177213,0.0,0.0
2022-07-20 00:00:00-04:00,61.63188811121075,62.88287452824381,61.465091665182584,62.50757598876953,103562,0.0,0.0
2022-07-21 00:00:00-04:00,62.38249383601511,63.88367528742667,61.923803497808095,63.841976165771484,104857,0.0,0.0
2022-07-22 00:00:00-04:00,63.6751525467887,64.34234474488954,62.67436751759229,63.38325881958008,72500,0.0,0.0
2022-07-25 00:00:00-04:00,63.341562146076704,63.88365051740666,62.549266070005324,63.716854095458984,108986,0.0,0.0
2022-07-26 00:00:00-04:00,63.59177783058695,65.25976220996752,63.59177783058695,64.92616271972656,86100,0.0,0.0
2022-07-27 00:00:00-04:00,65.0512563610654,66.71924064515001,65.00955724415665,66.26054382324219,82032,0.0,0.0
2022-07-28 00:00:00-04:00,66.51072705441717,69.09609800053894,66.46902794469976,68.97100067138672,251582,0.0,0.0
2022-07-29 00:00:00-04:00,69.17950520553215,70.22199615569521,67.76172221916663,69.67990112304688,160079,0.0,0.0
2022-08-01 00:00:00-04:00,69.47140738580873,69.88839854817968,68.26211994310974,69.01271057128906,345714,0.0,0.0
2022-08-02 00:00:00-04:00,68.88760787278862,69.72159666867485,67.63662141100373,67.76171875,169858,0.0,0.0
2022-08-03 00:00:00-04:00,68.34551449909038,69.42970453475654,67.97022247314453,67.97022247314453,183191,0.0,0.0
2022-08-04 00:00:00-04:00,68.84590554978519,69.51309786256792,67.34472448000174,67.72001647949219,124147,0.0,0.0
2022-08-05 00:00:00-04:00,66.88603067555636,68.8042094764845,66.88603067555636,68.63741302490234,109294,0.0,0.0
2022-08-08 00:00:00-04:00,69.30461116605635,72.18187634024198,69.30461116605635,71.68148040771484,156258,0.0,0.0
2022-08-09 00:00:00-04:00,71.22277817970428,71.63977584777658,68.42891145058006,68.84590911865234,141384,0.0,0.0
2022-08-10 00:00:00-04:00,70.01347499917811,71.5563547672219,69.88837116357507,71.2227554321289,155210,0.0,0.0
2022-08-11 00:00:00-04:00,68.5956993813235,69.01269699758927,58.79631749022606,65.38484191894531,1335730,0.0,0.0
2022-08-12 00:00:00-04:00,66.09374424970844,68.92931020989954,66.05204513475924,68.59571075439453,435368,0.0,0.0
2022-08-15 00:00:00-04:00,68.76251093850016,70.9725835481751,68.38721238339139,69.63819885253906,340085,0.0,0.0
2022-08-16 00:00:00-04:00,69.30460333570207,71.0976782094743,69.2629042240288,69.80499267578125,179185,0.0,0.0
2022-08-17 00:00:00-04:00,68.76250958059059,69.38800280281231,67.51152313614716,68.92930603027344,122524,0.0,0.0
2022-08-18 00:00:00-04:00,69.137801592377,69.80499392701942,66.67753435182189,68.92930603027344,175816,0.0,0.0
2022-08-19 00:00:00-04:00,68.13701774091633,68.5540088735845,65.59334568799589,66.38563537597656,114286,0.0,0.0
2022-08-22 00:00:00-04:00,65.42653872693018,65.42653872693018,63.34156379071867,63.925357818603516,187505,0.0,0.0
2022-08-23 00:00:00-04:00,64.46746091856674,65.42655366039915,63.758569409170086,64.75936126708984,180356,0.0,0.0
2022-08-24 00:00:00-04:00,65.00954291742853,65.46823963824932,64.17555422713556,64.30065155029297,144979,0.0,0.0
2022-08-25 00:00:00-04:00,64.63425585685694,65.34314727783203,64.25895732297091,65.34314727783203,132509,0.0,0.0
2022-08-26 00:00:00-04:00,65.46825195964182,65.46825195964182,63.42497568912042,63.4666748046875,111431,0.0,0.0
2022-08-29 00:00:00-04:00,63.13307557065349,63.383276800864785,61.75699168018182,61.79869079589844,95776,0.0,0.0
2022-08-30 00:00:00-04:00,62.17398025829413,62.25737847750085,59.92220873198094,60.047306060791016,110424,0.0,0.0
2022-08-31 00:00:00-04:00,60.260257810046575,60.80846295303906,57.89876737583691,58.06744384765625,471033,0.78125,0.0
2022-09-01 00:00:00-04:00,56.97103445323775,57.68791607926839,54.90472781237533,57.09754180908203,230360,0.0,0.0
2022-09-02 00:00:00-04:00,58.06745323542705,58.06745323542705,54.98907407914408,55.24209213256836,176966,0.0,0.0
2022-09-06 00:00:00-04:00,55.49510511991366,55.79028896637295,53.7239855172077,54.01917266845703,178055,0.0,0.0
2022-09-07 00:00:00-04:00,54.1035107106789,57.224058695349484,54.1035107106789,57.013206481933594,196976,0.0,0.0
2022-09-08 00:00:00-04:00,56.12764450530964,57.39273126113757,55.87462979797589,57.2662239074707,161702,0.0,0.0
2022-09-09 00:00:00-04:00,57.94093953807271,58.82649767123209,57.645749087299606,58.531307220458984,199544,0.0,0.0
2022-09-12 00:00:00-04:00,59.03734922645027,60.00725230735261,59.03734922645027,59.88074493408203,230463,0.0,0.0
2022-09-13 00:00:00-04:00,58.36263663324254,58.446974882099916,56.42283708078086,56.760196685791016,226806,0.0,0.0
2022-09-14 00:00:00-04:00,56.507178534041294,56.549347655928834,53.51313783212489,54.31435775756836,355021,0.0,0.0
2022-09-15 00:00:00-04:00,54.44086006971766,55.579436100246006,53.51312961625589,53.76614761352539,282562,0.0,0.0
2022-09-16 00:00:00-04:00,52.83841970012881,54.314352029704786,51.65767449742599,53.34445571899414,445086,0.0,0.0
2022-09-19 00:00:00-04:00,52.711917006116394,55.452936320297965,52.711917006116394,53.42879867553711,230319,0.0,0.0
2022-09-20 00:00:00-04:00,52.5010672185617,52.669747005202666,51.109473024131276,51.48899841308594,243179,0.0,0.0
2022-09-21 00:00:00-04:00,51.78418206099901,51.99503095385134,48.663637614565225,48.705806732177734,375113,0.0,0.0
2022-09-22 00:00:00-04:00,48.53713073877949,48.958828557341356,46.42865486513031,46.97686004638672,316172,0.0,0.0
2022-09-23 00:00:00-04:00,45.66961009478893,46.25998447470511,43.22377762700968,44.82621765136719,320281,0.0,0.0
2022-09-26 00:00:00-04:00,44.27800411470793,44.7840368044949,40.904441833496094,40.904441833496094,292752,0.0,0.0
2022-09-27 00:00:00-04:00,41.74783767053035,42.12736307696907,39.25983631508095,39.89237976074219,320733,0.0,0.0
2022-09-28 00:00:00-04:00,40.35623873448838,41.87434348907694,39.72369536214229,40.609256744384766,431712,0.0,0.0
2022-09-29 00:00:00-04:00,39.72368686594826,39.76585927923587,36.43446665996031,37.15134811401367,346680,0.0,0.0
2022-09-30 00:00:00-04:00,37.488725370485724,39.25984544744947,37.27787640462228,39.04899978637695,316706,0.0,0.0
2022-10-03 00:00:00-04:00,39.85021153253302,40.777938855849236,37.826073782913625,39.97671890258789,256492,0.0,0.0
2022-10-04 00:00:00-04:00,41.199631463347714,42.80207447102415,41.15746234535489,42.67556381225586,376017,0.0,0.0
2022-10-05 00:00:00-04:00,41.45264580218764,42.085189176027136,39.048986269261206,41.41047668457031,476087,0.0,0.0
2022-10-06 00:00:00-04:00,40.777937072338524,42.00085481520964,39.59719175576476,39.6815299987793,196914,0.0,0.0
2022-10-07 00:00:00-04:00,39.006816856407674,39.133327523810316,36.22362844061005,36.350135803222656,264278,0.0,0.0
2022-10-10 00:00:00-04:00,36.64533311684324,37.32004584747316,35.50675662320185,35.71760559082031,286486,0.0,0.0
2022-10-11 00:00:00-04:00,35.80193333586483,36.89834037477105,34.95854101800545,36.603153228759766,286281,0.0,0.0
2022-10-12 00:00:00-04:00,36.603150867942944,36.81399976000603,35.464574782297724,36.56098175048828,239995,0.0,0.0
2022-10-13 00:00:00-04:00,35.422402452980165,38.079079745262895,34.874197366197514,37.82606506347656,184423,0.0,0.0
2022-10-14 00:00:00-04:00,38.12126226546513,38.66946419272675,36.94051355175024,37.06702423095703,146376,0.0,0.0
2022-10-17 00:00:00-04:00,37.86823238745202,39.72368982347671,37.44653796628132,38.92247009277344,261238,0.0,0.0
2022-10-18 00:00:00-04:00,39.892389040248865,40.65144002969176,38.71164011907908,39.04899978637695,193175,0.0,0.0
2022-10-19 00:00:00-04:00,38.33210034156908,38.880305465674695,37.1091860486415,37.40437316894531,118457,0.0,0.0
2022-10-20 00:00:00-04:00,37.27786955219169,38.7116330030936,37.193531303265765,37.530887603759766,139268,0.0,0.0
2022-10-21 00:00:00-04:00,37.952581503780706,38.795973892979745,37.23569979059617,38.58512496948242,165359,0.0,0.0
2022-10-24 00:00:00-04:00,38.880307699246785,39.259833074357374,38.079084525311195,38.838138580322266,94009,0.0,0.0
2022-10-25 00:00:00-04:00,38.753800722017814,41.87434886700272,38.458616861482945,41.49482345581055,158764,0.0,0.0
2022-10-26 00:00:00-04:00,41.57915496826172,42.67556190135024,41.28396785073987,41.57915496826172,127229,0.0,0.0
2022-10-27 00:00:00-04:00,41.79000527415346,43.012922998625804,41.74783615328062,42.59122848510742,151923,0.0,0.0
2022-10-28 00:00:00-04:00,42.59122399827972,44.32017429587761,42.29603687847671,44.10932540893555,175446,0.0,0.0
2022-10-31 00:00:00-04:00,43.35027609542181,44.278006601047245,42.717732719076736,44.193668365478516,143007,0.0,0.0
2022-11-01 00:00:00-04:00,45.20573941286918,46.30214983050954,44.657537508839205,46.217811584472656,168255,0.0,0.0
2022-11-02 00:00:00-04:00,45.796113286390714,46.00696220416301,42.54906110335445,42.886417388916016,294293,0.0,0.0
2022-11-03 00:00:00-04:00,42.549067796296534,43.097269781072065,40.73577541067946,42.802085876464844,143520,0.0,0.0
2022-11-04 00:00:00-04:00,43.81414233211673,44.23584014491335,42.253871661055236,43.64546585083008,156258,0.0,0.0
2022-11-07 00:00:00-05:00,44.36234750587833,44.48885486684332,42.42254814234189,43.64546585083008,140932,0.0,0.0
2022-11-08 00:00:00-05:00,43.98281941618363,44.19366830962879,42.296038182991694,43.26593780517578,166920,0.0,0.0
2022-11-09 00:00:00-05:00,42.549063856246846,43.603301903736394,40.94662056995496,41.53699493408203,176719,0.0,0.0
2022-11-10 00:00:00-05:00,44.27801070528497,49.000998601976434,44.23584158359184,48.7901496887207,256697,0.0,0.0
2022-11-11 00:00:00-05:00,49.04316265168721,50.51909497746794,47.69373767790263,48.36845016479492,237879,0.0,0.0
2022-11-14 00:00:00-05:00,47.609402282616635,47.609402282616635,45.50092315673828,45.50092315673828,158826,0.0,0.0
2022-11-15 00:00:00-05:00,46.63950645312922,47.862420943784045,46.09130124038691,46.42865753173828,181486,0.0,0.0
2022-11-16 00:00:00-05:00,46.00695920448187,46.512995252225465,45.41658491704433,45.50092315673828,152293,0.0,0.0
2022-11-17 00:00:00-05:00,44.615362228518286,44.615362228518286,42.25386853186036,43.3924446105957,159873,0.0,0.0
2022-11-18 00:00:00-05:00,45.07923365127199,45.163571900316256,43.47679370026969,44.32018280029297,111348,0.0,0.0
2022-11-21 00:00:00-05:00,43.94065070858295,44.57319409003264,43.3924455633826,44.40451431274414,142062,0.0,0.0
2022-11-22 00:00:00-05:00,45.58526672283678,45.58526672283678,43.98282357363689,45.33224868774414,214356,0.0,0.0
2022-11-23 00:00:00-05:00,44.86837941905315,45.205732350496945,43.72980005627159,44.10932540893555,128893,0.0,0.0
2022-11-25 00:00:00-05:00,44.278014941806134,44.278014941806134,43.30811513569392,43.81414794921875,57359,0.0,0.0
2022-11-28 00:00:00-05:00,43.392454307382025,43.392454307382025,40.735772891862226,41.03096008300781,323219,0.0,0.0
2022-11-29 00:00:00-05:00,41.28397342211065,42.21170401598024,40.48275349841743,41.74783706665039,349536,0.0,0.0
2022-11-30 00:00:00-05:00,41.96290197883121,43.587272378011775,40.121948859759904,43.478981018066406,302016,0.0,1.284
2022-12-01 00:00:00-05:00,43.37069255982212,45.91553968880044,42.4502159387023,43.0999641418457,153120,0.0,0.0
2022-12-02 00:00:00-05:00,42.01704410534,43.749705717931334,41.90875275455304,43.53312301635742,74208,0.0,0.0
2022-12-05 00:00:00-05:00,43.09995910566977,44.39945536011207,42.45021097844862,42.612648010253906,101328,0.0,0.0
2022-12-06 00:00:00-05:00,42.50435330452176,42.55849897752115,40.663400422542466,41.313148498535156,93344,0.0,0.0
2022-12-07 00:00:00-05:00,41.15071959414725,42.45021600238348,40.77169980841168,41.52973937988281,98336,0.0,0.0
2022-12-08 00:00:00-05:00,41.69217251826754,42.829231768765744,39.7970737674372,39.959510803222656,320192,0.0,0.0
2022-12-09 00:00:00-05:00,39.36391235042263,40.87999150559709,38.11856161581503,40.067806243896484,204000,0.0,0.0
2022-12-12 00:00:00-05:00,39.85121368123752,41.04241843801364,39.52633965666221,40.66339874267578,252000,0.0,0.0
2022-12-13 00:00:00-05:00,43.15410921392166,44.12873150482578,40.87999053514535,41.259010314941406,204208,0.0,0.0
2022-12-14 00:00:00-05:00,40.93413685944121,41.74632211458885,40.39268002267611,41.52973937988281,194608,0.0,0.0
2022-12-15 00:00:00-05:00,40.66340151340272,42.23362607250881,40.39267314114304,41.746315002441406,140832,0.0,0.0
2022-12-16 00:00:00-05:00,40.82584549208819,41.69217643091234,40.013660236940545,41.52973937988281,682096,0.0,0.0
2022-12-19 00:00:00-05:00,41.36730168059742,42.82923511695361,40.4468250725213,41.259010314941406,143136,0.0,0.0
2022-12-20 00:00:00-05:00,41.31315377701161,42.61265009503032,40.7175512979197,41.908756256103516,134176,0.0,0.0
2022-12-21 00:00:00-05:00,42.45020877031655,42.991665514835894,41.36729528127786,41.746315002441406,156576,0.0,0.0
2022-12-22 00:00:00-05:00,41.15071946584836,41.8004676679407,40.33853421323293,41.47559356689453,143920,0.0,0.0
2022-12-23 00:00:00-05:00,41.20485715253638,41.74631388253028,40.71754609554186,41.313148498535156,126112,0.0,0.0
2022-12-27 00:00:00-05:00,40.28437904733792,40.93412709648854,40.01365069352517,40.66339874267578,156192,0.0,0.0
2022-12-28 00:00:00-05:00,40.55511527295765,42.01704866730993,40.55511527295765,40.771697998046875,122816,0.0,0.0
2022-12-29 00:00:00-05:00,41.20486254784368,42.45021318989415,40.988279827487084,41.9629020690918,131584,0.0,0.0
2022-12-30 00:00:00-05:00,41.20485715253638,42.071187920526626,40.5009634035443,41.313148498535156,147600,0.0,0.0
2023-01-03 00:00:00-05:00,42.17948875230612,43.53313088171261,41.36730347466223,42.017051696777344,124480,0.0,0.0
2023-01-04 00:00:00-05:00,42.77508782868338,44.453603933353236,42.558505105500174,43.74971008300781,177568,0.0,0.0
2023-01-05 00:00:00-05:00,43.370686936652525,43.370686936652525,41.47558825652414,42.39606475830078,89200,0.0,0.0
2023-01-06 00:00:00-05:00,42.7209388224911,44.0745807370187,41.47558826112571,43.91214370727539,111440,0.0,0.0
2023-01-09 00:00:00-05:00,44.2911757208872,44.99506971156145,43.370698963851645,44.237030029296875,95264,0.0,0.0
2023-01-10 00:00:00-05:00,44.12873779108495,44.39946624379099,42.72094983701353,43.858009338378906,88128,0.0,0.0
2023-01-11 00:00:00-05:00,44.02043532871605,46.13211672824855,44.02043532871605,45.53651428222656,81776,0.0,0.0
2023-01-12 00:00:00-05:00,45.915534838031284,45.969680515906326,44.88676695840559,45.86138916015625,89056,0.0,0.0
2023-01-13 00:00:00-05:00,44.94091445976018,46.78186758220819,44.50774901918418,46.61943054199219,103184,0.0,0.0
2023-01-17 00:00:00-05:00,46.34870140800649,48.189654501315154,46.34870140800649,47.86478042602539,70288,0.0,0.0
2023-01-18 00:00:00-05:00,48.08135661748103,49.11012438294515,46.51113213335158,46.83600616455078,81056,0.0,0.0
2023-01-19 00:00:00-05:00,46.023835224427266,46.94431192891581,45.96968953592794,46.457000732421875,56176,0.0,0.0
2023-01-20 00:00:00-05:00,46.6735850880532,47.26918768198428,45.37408851947632,47.16089630126953,69712,0.0,0.0
2023-01-23 00:00:00-05:00,47.106750610912165,47.75649889520061,46.45700232662372,47.16089630126953,63504,0.0,0.0
2023-01-24 00:00:00-05:00,45.211645132852496,48.29794905210111,39.526348439499785,47.59405517578125,94048,0.0,0.0
2023-01-25 00:00:00-05:00,47.21503616591632,48.189658472093484,46.5652879617982,47.91893005371094,104352,0.0,0.0
2023-01-26 00:00:00-05:00,48.08136149088541,48.83940097384983,47.485759039984806,48.731109619140625,68432,0.0,0.0
2023-01-27 00:00:00-05:00,48.7311110930961,49.97646170991967,48.568674056119114,49.32671356201172,88368,0.0,0.0
2023-01-30 00:00:00-05:00,48.676965940715185,49.868170891433465,48.297946183668465,49.543296813964844,81648,0.0,0.0
2023-01-31 00:00:00-05:00,47.26917631461703,50.247188568115234,47.26917631461703,50.247188568115234,163776,0.0,0.0
2023-02-01 00:00:00-05:00,49.92232370731301,51.438402952220564,49.218429772177366,50.95109176635742,132800,0.0,0.0
2023-02-02 00:00:00-05:00,51.871559950325995,52.79203648389127,51.16766613054077,52.196434020996094,127504,0.0,0.0
2023-02-03 00:00:00-05:00,51.22181804025198,51.97985763069969,50.51792413483626,51.65498352050781,125968,0.0,0.0
2023-02-06 00:00:00-05:00,50.84279088140692,51.22181062173689,49.38085759727701,50.19304275512695,101664,0.0,0.0
2023-02-07 00:00:00-05:00,49.651586916513054,50.89693751529146,49.11013013443549,50.57206344604492,135888,0.0,0.0
2023-02-08 00:00:00-05:00,50.355484690887245,50.46377605581389,48.8394055819143,49.05598831176758,69648,0.0,0.0
2023-02-09 00:00:00-05:00,49.70573393467986,50.193045051686525,47.97307218532283,48.027217864990234,86000,0.0,0.0
2023-02-10 00:00:00-05:00,47.648193359375,47.918921730735086,46.83600824529474,47.648193359375,104416,0.0,0.0
2023-02-13 00:00:00-05:00,47.75648973119541,48.51452925073819,47.32332429145667,48.1355094909668,70592,0.0,0.0
2023-02-14 00:00:00-05:00,47.70234013462926,48.56867094297667,46.72771797523843,48.08135986328125,163728,0.0,0.0
2023-02-15 00:00:00-05:00,47.16088229092685,48.243795776367186,47.16088229092685,47.648193359375,131856,0.0,0.0
2023-02-16 00:00:00-05:00,46.83601339565905,46.94430475611144,45.96968251203993,46.67357635498047,149024,0.0,0.0
2023-02-17 00:00:00-05:00,46.78186771543286,46.99845043633764,45.86139115158754,46.67357635498047,146496,0.0,0.0
2023-02-21 00:00:00-05:00,45.428228178573534,45.861393643923456,41.36730194091797,41.36730194091797,266656,0.0,0.0
2023-02-22 00:00:00-05:00,41.63802864368145,42.28777681497427,40.93413479144757,42.2336311340332,204688,0.0,0.0
2023-02-23 00:00:00-05:00,42.45021124816817,43.208250734742606,41.58388040636882,42.72093963623047,133456,0.0,0.0
2023-02-24 00:00:00-05:00,41.85461070891349,42.2877761496267,41.20486254784368,41.9629020690918,204112,0.0,0.0
2023-02-27 00:00:00-05:00,42.612649550995265,42.991669305578455,41.63802732492422,41.69217300415039,122016,0.0,0.0
2023-02-28 00:00:00-05:00,41.8546100418289,42.39606683409059,41.58388164569805,41.69217300415039,280272,0.0,0.0
2023-03-01 00:00:00-05:00,41.692172237064526,41.74631791529448,39.688782142556235,39.851219177246094,137184,0.0,0.0
2023-03-02 00:00:00-05:00,39.47220074651069,40.392677307128906,38.55172418589247,40.392677307128906,148032,0.0,0.0
2023-03-03 00:00:00-05:00,40.77169286230659,42.125334723604944,40.55511016449885,41.746315002441406,244768,0.0,0.0
2023-03-06 00:00:00-05:00,41.692171527325044,41.96289991386612,39.526344434996474,39.58049011230469,115056,0.0,0.0
2023-03-07 00:00:00-05:00,39.58049556187221,39.85122398568803,38.01027070374048,38.66001892089844,240384,0.0,0.0
2023-03-08 00:00:00-05:00,38.8224546268562,40.121951016039674,38.76830894397356,39.688785552978516,243024,0.0,0.0
2023-03-09 00:00:00-05:00,39.68878693139854,40.12195240950384,38.605873236135274,38.66001892089844,215248,0.0,0.0
2023-03-10 00:00:00-05:00,38.55172437584918,38.76830709706182,36.27760580311651,37.36051940917969,246352,0.0,0.0
2023-03-13 00:00:00-04:00,36.49418640136719,37.19808020436091,35.57370988976,36.49418640136719,436432,0.0,0.0
2023-03-14 00:00:00-04:00,38.010270274158096,38.44343574736787,36.440045433772646,36.87321090698242,224224,0.0,0.0
2023-03-15 00:00:00-04:00,35.68200708436207,37.52296040889668,35.46542434029917,37.414669036865234,301312,0.0,0.0
2023-03-16 00:00:00-04:00,36.710769360715695,38.66001375155015,36.1693125854839,38.11855697631836,231728,0.0,0.0
2023-03-17 00:00:00-04:00,37.41466291297437,37.84782833020128,36.115166661293635,36.49418640136719,578432,0.0,0.0
2023-03-20 00:00:00-04:00,36.548338762831655,39.74293429913842,36.548338762831655,39.363914489746094,322736,0.0,0.0
2023-03-21 00:00:00-04:00,39.905363764081685,40.5551118850708,39.25561564309257,39.418052673339844,199600,0.0,0.0
2023-03-22 00:00:00-04:00,39.309767239981326,39.36391292488488,36.981502789128434,37.08979415893555,453536,0.0,0.0
2023-03-23 00:00:00-04:00,37.035648474031994,38.01027080229599,36.76492004951422,37.08979415893555,282864,0.0,0.0
2023-03-24 00:00:00-04:00,36.6024844498877,39.363914489746094,36.16931895343932,39.363914489746094,334608,0.0,0.0
2023-03-27 00:00:00-04:00,40.01365858933021,40.44682404090618,39.14732768617827,39.255619049072266,180640,0.0,0.0
2023-03-28 00:00:00-04:00,39.20146914664398,39.25561482226089,38.389284012390306,39.093177795410156,323392,0.0,0.0
2023-03-29 00:00:00-04:00,40.8527368555732,41.796346266639425,40.29767249612247,41.51881408691406,317712,1.10625,0.0
2023-03-30 00:00:00-04:00,41.85184822732468,42.62893824746068,41.62982250728582,42.35140609741211,329536,0.0,0.0
2023-03-31 00:00:00-04:00,25.11554966481057,26.820707235594227,24.88464271633841,26.083581924438477,1664300,0.0,0.16
2023-04-03 00:00:00-04:00,25.977010597188848,26.03917753100932,23.889968381365364,25.399744033813477,1543100,0.0,0.0
2023-04-04 00:00:00-04:00,25.39974365669562,26.900638054324865,25.39974365669562,25.932605743408203,846800,0.0,0.0
2023-04-05 00:00:00-04:00,25.648412700148302,25.879319672664895,24.27185379182773,25.017860412597656,1024000,0.0,0.0
2023-04-06 00:00:00-04:00,24.973452472789184,26.2523193359375,24.849116923986244,26.2523193359375,766900,0.0,0.0
2023-04-10 00:00:00-04:00,26.03029543025749,26.60756197437865,25.595125214107018,26.412179946899414,931800,0.0,0.0
2023-04-11 00:00:00-04:00,26.465465448887304,26.563157308858738,25.87931767690236,25.91484260559082,755600,0.0,0.0
2023-04-12 00:00:00-04:00,26.207917350620818,26.536514482150604,25.46191076292902,25.506315231323242,715900,0.0,0.0
2023-04-13 00:00:00-04:00,25.541842797941214,26.05694247653026,25.35534028480408,25.444150924682617,454000,0.0,0.0
2023-04-14 00:00:00-04:00,25.497430420931767,26.05693613014889,24.857997018605275,25.13330841064453,569200,0.0,0.0
2023-04-17 00:00:00-04:00,25.302051454747392,26.545395177782087,25.11555065855702,26.172391891479492,428600,0.0,0.0
2023-04-18 00:00:00-04:00,26.181274244472306,26.545396314077806,25.43526763993374,25.683937072753906,435200,0.0,0.0
2023-04-19 00:00:00-04:00,25.47078836730701,26.643083782719188,25.453025904910668,26.16350746154785,515600,0.0,0.0
2023-04-20 00:00:00-04:00,25.93260545247968,26.27896504269233,25.364218442532575,25.488554000854492,483300,0.0,0.0
2023-04-21 00:00:00-04:00,25.48855446949554,25.746103435334163,25.257647507134287,25.61288833618164,355400,0.0,0.0
2023-04-24 00:00:00-04:00,25.461908525560098,26.252319512191743,25.461908525560098,26.039175033569336,451900,0.0,0.0
2023-04-25 00:00:00-04:00,25.754983202066054,26.145748938740333,25.00009542460045,25.0267391204834,297000,0.0,0.0
2023-04-26 00:00:00-04:00,25.00009920965915,25.45303194471332,24.30737995104152,24.36954689025879,262300,0.0,0.0
2023-04-27 00:00:00-04:00,24.538282361389033,25.044502436864907,24.067588908888133,24.72478485107422,311800,0.0,0.0
2023-04-28 00:00:00-04:00,24.70702237488485,25.09778812467547,24.387304789245082,24.61821174621582,262600,0.0,0.0
2023-05-01 00:00:00-04:00,24.334021711929733,24.76919197598938,23.52584812240153,23.81892204284668,533300,0.0,0.0
2023-05-02 00:00:00-04:00,23.90773357616474,24.22745120822824,23.32158571332973,23.6235408782959,524400,0.0,0.0
2023-05-03 00:00:00-04:00,23.845563499901676,24.156399857546052,23.40151204438739,23.454797744750977,326300,0.0,0.0
2023-05-04 00:00:00-04:00,23.241655332647298,24.191925261598097,23.21501163311635,24.08535385131836,411600,0.0,0.0
2023-05-05 00:00:00-04:00,24.59156656460625,25.133308111009242,24.41394533022786,24.902402877807617,417700,0.0,0.0
2023-05-08 00:00:00-04:00,24.982334285034483,25.11555107758948,24.53828282697618,24.849119186401367,269700,0.0,0.0
2023-05-09 00:00:00-04:00,24.54716319637902,24.69814075456765,23.889967264829046,24.33401870727539,308600,0.0,0.0
2023-05-10 00:00:00-04:00,24.804715645753213,25.151075253936035,24.502760507468004,24.680381774902344,389300,0.0,0.0
2023-05-11 00:00:00-04:00,24.40506960299478,25.026742369598345,24.21856878936692,24.9556941986084,319300,0.0,0.0
2023-05-12 00:00:00-04:00,25.0533804258282,25.195478439331055,24.564924539008352,25.195478439331055,310300,0.0,0.0
2023-05-15 00:00:00-04:00,25.364220236178596,25.85267788386099,25.222123897123858,25.541841506958008,359800,0.0,0.0
2023-05-16 00:00:00-04:00,25.524077913404533,25.692817943797596,24.564926820200757,24.58268928527832,411000,0.0,0.0
2023-05-17 00:00:00-04:00,24.751427378460004,24.83135507720957,23.712346967654433,24.47611427307129,341100,0.0,0.0
2023-05-18 00:00:00-04:00,24.42282835642497,24.42282835642497,23.93437246686517,23.978776931762695,317800,0.0,0.0
2023-05-19 00:00:00-04:00,24.2807373733208,24.34290431541127,23.810042149901015,23.854448318481445,369300,0.0,0.0
2023-05-22 00:00:00-04:00,23.659061526791195,24.183042391307172,23.48144195704189,23.499202728271484,410500,0.0,0.0
2023-05-23 00:00:00-04:00,23.534729322874412,23.97878081953242,23.152844764721003,23.161725997924805,299200,0.0,0.0
2023-05-24 00:00:00-04:00,22.975221561067016,23.090674186674814,22.024950085105733,22.051593780517578,307600,0.0,0.0
2023-05-25 00:00:00-04:00,21.95390235856201,22.140404842288017,20.914821931865117,21.35887336730957,403500,0.0,0.0
2023-05-26 00:00:00-04:00,21.59866134010134,22.016070769492142,21.092442979617996,21.758520126342773,274100,0.0,0.0
2023-05-30 00:00:00-04:00,21.98054865250494,22.602221413174888,21.92726294825157,22.30026626586914,250000,0.0,0.0
2023-05-31 00:00:00-04:00,22.36242947529816,23.00186290150997,22.36242947529816,22.930814743041992,538400,0.0,0.0
2023-06-01 00:00:00-04:00,23.090675297645912,23.57025167460258,22.655505081845515,23.06403160095215,293900,0.0,0.0
2023-06-02 00:00:00-04:00,23.43703580972293,23.818920341124233,23.303820708842036,23.71234893798828,312800,0.0,0.0
2023-06-05 00:00:00-04:00,23.40151244831271,23.44591691706184,21.847332327186542,22.211454391479492,609000,0.0,0.0
2023-06-06 00:00:00-04:00,22.32690749408647,22.904175763444066,22.238098554728627,22.33578872680664,404400,0.0,0.0
2023-06-07 00:00:00-04:00,22.513411817818547,23.27717926050654,22.389076243582114,23.259418487548828,357700,0.0,0.0
2023-06-08 00:00:00-04:00,23.001864210213327,23.20612746569022,22.566694003097503,23.0462703704834,467500,0.0,0.0
2023-06-09 00:00:00-04:00,23.046270530338933,23.23277132300142,22.433479065735952,22.619979858398438,312900,0.0,0.0
2023-06-12 00:00:00-04:00,22.64662297869118,22.80648176486237,21.980545832259086,22.548931121826172,397500,0.0,0.0
2023-06-13 00:00:00-04:00,22.50453002743538,22.779841481570347,21.563141327091206,21.580902099609375,711600,0.0,0.0
2023-06-14 00:00:00-04:00,21.66082882732729,21.980546408044745,20.994751663447147,21.11908721923828,578200,0.0,0.0
2023-06-15 00:00:00-04:00,20.959228133217387,21.2878252475,20.532939160888795,21.27894401550293,578000,0.0,0.0
2023-06-16 00:00:00-04:00,21.44768168085233,21.598659220383034,20.914819676983868,21.181251525878906,1772700,0.0,0.0
2023-06-20 00:00:00-04:00,21.065803073538735,21.18125741500338,20.461894441429976,20.941469192504883,603400,0.0,0.0
2023-06-21 00:00:00-04:00,20.701677364158336,20.985870010690096,20.346436555993634,20.621747970581055,573100,0.0,0.0
2023-06-22 00:00:00-04:00,20.612870542415184,20.612870542415184,19.884626327811173,20.071128845214844,520300,0.0,0.0
2023-06-23 00:00:00-04:00,19.84021691525974,20.017838154867324,19.538261824279864,19.82245445251465,2009500,0.0,0.0
2023-06-26 00:00:00-04:00,19.90238471625944,20.781606333749895,19.90238471625944,20.524057388305664,468100,0.0,0.0
2023-06-27 00:00:00-04:00,20.666153731553848,20.99475083754532,20.319792468094665,20.337554931640625,356700,0.0,0.0
2023-06-28 00:00:00-04:00,20.284270465846035,20.52405865650242,20.053363507501576,20.319793701171875,315500,0.0,0.0
2023-06-29 00:00:00-04:00,20.290260388651784,20.693023186375875,20.227608777256567,20.612470626831055,301500,0.177,0.0
2023-06-30 00:00:00-04:00,21.46274368389832,21.46274368389832,20.755673352507802,21.23898696899414,485800,0.0,0.0
2023-07-03 00:00:00-04:00,21.18528669578183,21.919208477332777,21.18528669578183,21.79390525817871,244300,0.0,0.0
2023-07-05 00:00:00-04:00,21.6327988617482,22.46517409880765,21.212136860140276,22.125062942504883,535100,0.0,0.0
2023-07-06 00:00:00-04:00,21.713349744459794,22.142962186315835,21.23003446702568,22.05345916748047,416200,0.0,0.0
2023-07-07 00:00:00-04:00,21.972909250929945,22.60837922429795,21.972909250929945,22.160865783691406,394000,0.0,0.0
2023-07-10 00:00:00-04:00,22.07136282302468,22.42042276150607,21.928158658153936,22.38462257385254,248800,0.0,0.0
2023-07-11 00:00:00-04:00,22.536776170891088,22.858986380523596,22.33092040679397,22.84108543395996,245900,0.0,0.0
2023-07-12 00:00:00-04:00,23.26174754975903,23.566056814323474,23.091691970825195,23.091691970825195,266700,0.0,0.0
2023-07-13 00:00:00-04:00,23.109596244341915,23.12749719357055,22.733684846182932,23.01114273071289,200500,0.0,0.0
2023-07-14 00:00:00-04:00,22.984291835079503,23.002192783389958,22.187718413676567,22.250370025634766,188500,0.0,0.0
2023-07-17 00:00:00-04:00,21.990808002965057,22.125061680319074,21.24793583400282,21.39113998413086,304800,0.0,0.0
2023-07-18 00:00:00-04:00,21.46274335809639,21.972908387193158,21.292689486482953,21.70440101623535,294800,0.0,0.0
2023-07-19 00:00:00-04:00,21.919205492791466,22.321968223986563,21.793902290698814,22.05345916748047,220200,0.0,0.0
2023-07-20 00:00:00-04:00,21.767053586101074,21.856556616092696,21.301639195847287,21.66860008239746,221100,0.0,0.0
2023-07-21 00:00:00-04:00,21.820752253313792,21.829702726013487,21.50749424446511,21.561195373535156,200900,0.0,0.0
2023-07-24 00:00:00-04:00,21.48959529308567,21.94605920035662,21.480644819555465,21.883407592773438,191900,0.0,0.0
2023-07-25 00:00:00-04:00,22.0803132461771,22.447274131209415,21.829705104662807,22.259319305419922,390200,0.0,0.0
2023-07-26 00:00:00-04:00,22.277217961542338,23.02009018580415,22.277217961542338,22.599428176879883,271000,0.0,0.0
2023-07-27 00:00:00-04:00,22.644174783050513,22.841081749228938,22.089259186122835,22.15191078186035,255700,0.0,0.0
2023-07-28 00:00:00-04:00,22.339867975351638,22.4472719418475,22.00870901731831,22.13401222229004,211500,0.0,0.0
2023-07-31 00:00:00-04:00,22.026609962922308,22.393570812163635,21.97290712611031,22.13401222229004,340900,0.0,0.0
2023-08-01 00:00:00-04:00,21.963960846408032,22.13401472750903,21.623849669949387,21.79390525817871,193200,0.0,0.0
2023-08-02 00:00:00-04:00,21.45379305513819,21.76705279516194,20.77357244189835,20.791473388671875,333300,0.0,0.0
2023-08-03 00:00:00-04:00,20.74672511298407,21.131586977200232,20.30816210940448,20.773574829101562,323300,0.0,0.0
2023-08-04 00:00:00-04:00,20.746724262972144,21.167386300486207,20.263408907117864,20.388713836669922,259000,0.0,0.0
2023-08-07 00:00:00-04:00,20.317110457234616,20.791473601695575,20.19180553566433,20.719871520996094,214400,0.0,0.0
2023-08-08 00:00:00-04:00,18.58076002186349,19.09987559393792,18.45545679288539,18.64341163635254,4296700,0.0,0.0
2023-08-09 00:00:00-04:00,18.589706322026615,18.87611461373644,18.348048685723423,18.365949630737305,1000200,0.0,0.0
2023-08-10 00:00:00-04:00,18.63445816278683,18.992468550197454,18.231697117122952,18.258546829223633,1142400,0.0,0.0
2023-08-11 00:00:00-04:00,18.088491109329237,18.222746497263966,17.46197336318924,17.909486770629883,1100500,0.0,0.0
2023-08-14 00:00:00-04:00,17.927386221263525,18.31224628557253,17.676778119434566,18.285396575927734,976300,0.0,0.0
2023-08-15 00:00:00-04:00,18.01689342240418,18.7239655978665,17.855789990458895,18.437557220458984,585500,0.0,0.0
2023-08-16 00:00:00-04:00,18.437550840019796,18.544953090816044,17.998987950491117,18.034788131713867,451100,0.0,0.0
2023-08-17 00:00:00-04:00,17.900538697873042,18.267499604609167,17.81998613716234,17.990041732788086,492600,0.0,0.0
2023-08-18 00:00:00-04:00,17.73048379591455,18.01689215314509,17.640980757497893,17.90053939819336,330400,0.0,0.0
2023-08-21 00:00:00-04:00,18.007942779652527,18.348052265635115,17.828936708843745,18.339101791381836,655500,0.0,0.0
2023-08-22 00:00:00-04:00,18.428604296387913,18.428604296387913,17.963189891383024,18.231698989868164,414500,0.0,0.0
2023-08-23 00:00:00-04:00,18.527055775140997,18.68815916804281,18.30329907112784,18.553905487060547,503100,0.0,0.0
2023-08-24 00:00:00-04:00,18.3570037127628,18.616560651350134,18.258550197887345,18.40175437927246,333200,0.0,0.0
2023-08-25 00:00:00-04:00,18.5091564177248,18.52705736529303,18.240647325586334,18.374902725219727,256400,0.0,0.0
2023-08-28 00:00:00-04:00,18.348049549124486,18.885065974914735,18.348049549124486,18.723960876464844,456300,0.0,0.0
2023-08-29 00:00:00-04:00,18.661307408492164,19.108820767414624,18.55390345121446,18.822412490844727,537400,0.0,0.0
2023-08-30 00:00:00-04:00,18.79556513250255,18.90296911296761,18.57180840473466,18.777664184570312,324600,0.0,0.0
2023-08-31 00:00:00-04:00,18.795563066238508,19.09987231911929,18.777662120274186,19.046171188354492,474200,0.0,0.0
2023-09-01 00:00:00-04:00,19.144624591593,19.180426486541236,18.688160673772863,18.795564651489258,740100,0.0,0.0
2023-09-05 00:00:00-04:00,18.688159408580134,18.688159408580134,17.318769454956055,17.318769454956055,1599100,0.0,0.0
2023-09-06 00:00:00-04:00,17.318768921267594,17.748381375552917,16.89810523270942,17.13976287841797,1079200,0.0,0.0
2023-09-07 00:00:00-04:00,17.103964257203803,17.667830441592276,16.924958197995366,17.605178833007812,584900,0.0,0.0
2023-09-08 00:00:00-04:00,17.52462390264026,17.748380592769543,17.453021830084012,17.623077392578125,517500,0.0,0.0
2023-09-11 00:00:00-04:00,17.703631916801175,17.775233997362292,17.08606290500637,17.10396385192871,378100,0.0,0.0
2023-09-12 00:00:00-04:00,16.96075809907852,17.40827148736948,16.96075809907852,17.25611686706543,478800,0.0,0.0
2023-09-13 00:00:00-04:00,17.24716904539576,17.62308041762421,17.220317623405027,17.291919708251953,683300,0.0,0.0
2023-09-14 00:00:00-04:00,17.381420200545517,17.918436611968886,17.381420200545517,17.506723403930664,546300,0.0,0.0
2023-09-15 00:00:00-04:00,17.444073383332288,17.757333127316468,17.291918748090158,17.327720642089844,3563300,0.0,0.0
2023-09-18 00:00:00-04:00,17.193465491970528,17.309819942000942,16.781753947871003,17.282968521118164,680500,0.0,0.0
2023-09-19 00:00:00-04:00,17.291918748090158,17.837885681687492,17.291918748090158,17.327720642089844,635000,0.0,0.0
2023-09-20 00:00:00-04:00,17.470925306071653,17.80208429944729,17.336671613969955,17.408273696899414,330000,0.0,0.0
2023-09-21 00:00:00-04:00,17.274015484732836,17.274015484732836,16.414790629497265,16.43269157409668,564400,0.0,0.0
2023-09-22 00:00:00-04:00,16.45059084848099,16.593796698469625,16.35213906721936,16.45954132080078,509600,0.0,0.0
2023-09-25 00:00:00-04:00,16.352138393852588,16.85335287322509,16.199983784937796,16.549043655395508,460400,0.0,0.0
2023-09-26 00:00:00-04:00,16.352138445118293,16.459540694613704,16.056779698313946,16.155231475830078,388600,0.0,0.0
2023-09-27 00:00:00-04:00,16.2178897089441,16.423745505651347,15.707722893833076,15.734574317932129,352100,0.0,0.0
2023-09-28 00:00:00-04:00,15.695697235198846,16.08447340822834,15.641448193968378,15.813233375549316,664400,0.177,0.0
2023-09-29 00:00:00-04:00,16.05734728204109,16.29242126372812,15.822273300354059,16.0935115814209,458600,0.0,0.0
2023-10-02 00:00:00-04:00,16.093510875534264,16.093510875534264,15.03567886658627,15.397332191467285,838600,0.0,0.0
2023-10-03 00:00:00-04:00,15.207463464888328,15.632405588668217,14.900059184724883,14.981431007385254,641900,0.0,0.0
2023-10-04 00:00:00-04:00,15.17130182269593,15.261713441922357,14.800608665496073,15.207466125488281,629800,0.0,0.0
2023-10-05 00:00:00-04:00,15.180341545612732,15.207464338396912,14.420871444574187,14.610738754272461,3418100,0.0,0.0
2023-10-06 00:00:00-04:00,14.393746815258543,14.773481408951564,14.212921023558389,14.475118637084961,1164100,0.0,0.0
2023-10-09 00:00:00-04:00,14.30333425071844,14.854854022609155,14.26716909045064,14.836771011352539,334200,0.0,0.0
2023-10-10 00:00:00-04:00,14.918143294546521,15.7318598566236,14.854854477700325,15.587199211120605,671300,0.0,0.0
2023-10-11 00:00:00-04:00,15.768022700646693,15.912683316979091,15.478701467981894,15.578154563903809,348700,0.0,0.0
2023-10-12 00:00:00-04:00,15.578156592177926,15.578156592177926,14.99047254624984,15.117050170898438,379400,0.0,0.0
2023-10-13 00:00:00-04:00,15.32500225795753,15.460621395963432,14.674027636343764,14.845812797546387,428500,0.0,0.0
2023-10-16 00:00:00-04:00,15.00855630738481,15.43349672887946,14.863895664982763,15.30691909790039,492700,0.0,0.0
2023-10-17 00:00:00-04:00,15.108008789749404,15.469662105129128,15.044719976905196,15.05376148223877,333000,0.0,0.0
2023-10-18 00:00:00-04:00,14.863893738978733,14.94526555534741,14.203878565734728,14.276208877563477,325100,0.0,0.0
2023-10-19 00:00:00-04:00,14.185797348372963,14.447994977430035,14.0592197178081,14.104426383972168,319900,0.0,0.0
2023-10-20 00:00:00-04:00,14.1405905017624,14.348539943639826,13.842227734223691,13.869351387023926,535000,0.0,0.0
2023-10-23 00:00:00-04:00,13.72469134618541,14.004971115751083,13.56194769789217,13.625236511230469,544000,0.0,0.0
2023-10-24 00:00:00-04:00,13.778937178909313,14.240043558209251,13.778937178909313,14.203878402709961,448400,0.0,0.0
2023-10-25 00:00:00-04:00,13.986889776536641,14.023054938000561,13.58907213818807,13.751815795898438,376300,0.0,0.0
2023-10-26 00:00:00-04:00,13.896476526594718,14.249087499704778,13.896476526594718,14.122509002685547,285200,0.0,0.0
2023-10-27 00:00:00-04:00,14.221962445300885,14.221962445300885,13.561948053889411,13.670443534851074,294700,0.0,0.0
2023-10-30 00:00:00-04:00,14.176757497573774,14.836771928836777,13.95072501636116,14.737317085266113,938400,0.0,0.0
2023-10-31 00:00:00-04:00,14.818686333037206,14.927182663880517,14.538406588053777,14.71019172668457,425300,0.0,0.0
2023-11-01 00:00:00-04:00,14.466078531476086,14.719235526593657,13.878394436033059,14.357583045959473,749700,0.0,0.0
2023-11-02 00:00:00-04:00,14.854856085973239,15.162260422071213,14.592657559805101,15.044722557067871,542900,0.0,0.0
2023-11-03 00:00:00-04:00,15.43349432753956,16.328582559817058,15.324999724864442,16.084468841552734,613600,0.0,0.0
2023-11-06 00:00:00-05:00,16.084470815543163,16.20200693694777,15.885561145409604,15.957891464233398,489200,0.0,0.0
2023-11-07 00:00:00-05:00,15.867477229167223,15.948849048762192,15.225545901796613,15.623363494873047,450200,0.0,0.0
2023-11-08 00:00:00-05:00,15.560076416479813,15.659531267960542,15.162260459539118,15.279796600341797,318900,0.0,0.0
2023-11-09 00:00:00-05:00,15.505826415489251,15.659528557312374,14.963348166437592,15.017597198486328,370500,0.0,0.0
2023-11-10 00:00:00-05:00,15.153214782644554,15.424453017234438,14.710191413086068,15.29787540435791,650800,0.0,0.0
2023-11-13 00:00:00-05:00,15.135132117507611,15.270751237882294,14.872935381381982,15.144173622131348,493400,0.0,0.0
2023-11-14 00:00:00-05:00,16.111593612522277,17.476829889693818,16.039263293675017,17.32312774658203,1408500,0.0,0.0
2023-11-15 00:00:00-05:00,17.296005020746453,18.019310008583663,17.214634912549638,17.522037506103516,550100,0.0,0.0
2023-11-16 00:00:00-05:00,17.449703824487074,17.585324669216533,16.843936811229216,16.871061325073242,318400,0.0,0.0
2023-11-17 00:00:00-05:00,17.051888486013066,17.051888486013066,16.635987883566276,16.789690017700195,444700,0.0,0.0
2023-11-20 00:00:00-05:00,16.952434292897678,17.115177938028022,16.762567856572804,17.079011917114258,504800,0.0,0.0
2023-11-21 00:00:00-05:00,16.85298215724007,17.01572582841797,16.428041690435272,16.97052001953125,474400,0.0,0.0
2023-11-22 00:00:00-05:00,17.286964313032378,17.63957441946725,17.21463399057161,17.485872268676758,657900,0.0,0.0
2023-11-24 00:00:00-05:00,17.576286578501083,17.80231906429897,17.377376887324697,17.621492385864258,448000,0.0,0.0
2023-11-27 00:00:00-05:00,17.458744995583015,17.865604073017703,17.33216738237695,17.720943450927734,409900,0.0,0.0
2023-11-28 00:00:00-05:00,17.503956068907492,17.74806984040224,17.377376705531002,17.44970703125,411000,0.0,0.0
2023-11-29 00:00:00-05:00,17.68477831436936,18.064512897399872,17.65765552418265,17.88368797302246,352400,0.0,0.0
2023-11-30 00:00:00-05:00,18.082598364794897,18.082598364794897,17.630533405675024,17.802318572998047,706100,0.0,0.0
2023-12-01 00:00:00-05:00,17.87464914983228,19.746197831092562,17.72094699258191,19.68290901184082,815900,0.0,0.0
2023-12-04 00:00:00-05:00,19.483998592295222,20.08976569231901,19.438792787237553,19.990312576293945,661600,0.0,0.0
2023-12-05 00:00:00-05:00,19.981268843789625,20.125929473243154,19.6196172701558,19.84564971923828,511100,0.0,0.0
2023-12-06 00:00:00-05:00,19.890858482093968,20.668410774594754,19.61962019258908,19.68290901184082,526500,0.0,0.0
2023-12-07 00:00:00-05:00,19.73715360389953,19.82756692943386,19.339336006242902,19.791400909423828,500800,0.0,0.0
2023-12-08 00:00:00-05:00,19.700989710700203,19.963186463164348,19.31221361010677,19.737154006958008,351100,0.0,0.0
2023-12-11 00:00:00-05:00,19.764281305390966,20.189221762075125,19.3935881629771,19.40262794494629,466500,0.0,0.0
2023-12-12 00:00:00-05:00,19.357418135664346,19.52016176932467,19.013849583651968,19.158510208129883,389400,0.0,0.0
2023-12-13 00:00:00-05:00,19.09522197895424,20.34292033399679,18.6702798727478,20.044557571411133,554500,0.0,0.0
2023-12-14 00:00:00-05:00,20.831152493437987,21.608702988860912,20.75882045019873,21.319381713867188,773300,0.0,0.0
2023-12-15 00:00:00-05:00,21.27417596511153,21.40979509754631,20.207302467507155,20.623201370239258,1648200,0.0,0.0
2023-12-18 00:00:00-05:00,20.64128452019849,21.05718515022422,20.415252056453657,20.52374839782715,532500,0.0,0.0
2023-12-19 00:00:00-05:00,20.79498734668814,20.97581401341222,20.496624553737032,20.514707565307617,470200,0.0,0.0
2023-12-20 00:00:00-05:00,20.342921699935907,20.785945121128943,19.99031160897409,20.02647590637207,330900,0.0,0.0
2023-12-21 00:00:00-05:00,20.37004508783916,20.43333389814752,20.026474796892717,20.388126373291016,247000,0.0,0.0
2023-12-22 00:00:00-05:00,20.50566502815029,20.903482640239726,20.153054942713524,20.279632568359375,200000,0.0,0.0
2023-12-26 00:00:00-05:00,20.47854195762102,20.68649142142882,20.27963399978194,20.632244110107422,172200,0.0,0.0
2023-12-27 00:00:00-05:00,20.6503253298231,21.29225667747135,20.605119528393793,21.0029354095459,346800,0.0,0.0
2023-12-28 00:00:00-05:00,20.954648103413824,21.61972999572754,20.954648103413824,21.61972999572754,499400,0.177,0.0
2023-12-29 00:00:00-05:00,21.510404415145775,21.62884297717161,21.082199583651455,21.31907844543457,468800,0.0,0.0
2024-01-02 00:00:00-05:00,21.319075166234718,21.893051249350588,21.22796765837318,21.592397689819336,289900,0.0,0.0
2024-01-03 00:00:00-05:00,21.246192606111016,21.37374209308073,20.562888804090818,20.972871780395508,332300,0.0,0.0
2024-01-04 00:00:00-05:00,21.364632746492227,21.410185637863197,20.890875030215884,21.045757293701172,277600,0.0,0.0
2024-01-05 00:00:00-05:00,20.745106054248787,21.145976409597836,20.535559949716564,20.790658950805664,217300,0.0,0.0
2024-01-08 00:00:00-05:00,20.68132691897732,21.136862738886677,20.68132691897732,21.082197189331055,368800,0.0,0.0
2024-01-09 00:00:00-05:00,20.781544522912316,20.781544522912316,20.426227123979935,20.68132781982422,474900,0.0,0.0
2024-01-10 00:00:00-05:00,20.590220270547594,20.799766339434125,20.35334142573752,20.417116165161133,353600,0.0,0.0
2024-01-11 00:00:00-05:00,20.426227360332028,20.426227360332028,19.642705150818767,19.852252960205078,447000,0.0,0.0
2024-01-12 00:00:00-05:00,20.298678214452337,20.42622769708753,19.89780617765854,20.089130401611328,247500,0.0,0.0
2024-01-16 00:00:00-05:00,19.76114686064025,20.007134913915483,19.542489847878116,19.615375518798828,342200,0.0,0.0
2024-01-17 00:00:00-05:00,19.105174209600094,19.12339606188234,17.866117795842648,18.13943862915039,473000,0.0,0.0
2024-01-18 00:00:00-05:00,18.266986971860334,18.266986971860334,17.529019378114302,17.775009155273438,318100,0.0,0.0
2024-01-19 00:00:00-05:00,17.875226269286937,18.54941907163926,17.629236510423844,18.467422485351562,361000,0.0,0.0
2024-01-22 00:00:00-05:00,18.631417465495794,19.524267338660067,18.622306539720885,19.223613739013672,347400,0.0,0.0
2024-01-23 00:00:00-05:00,20.198459374187575,20.280455965051864,19.05961976521834,19.323829650878906,314900,0.0,0.0
2024-01-24 00:00:00-05:00,19.733814052828365,19.733814052828365,18.567641582112813,18.66786003112793,224300,0.0,0.0
2024-01-25 00:00:00-05:00,19.123396718255457,19.250946213146094,18.640528042591345,18.722524642944336,204400,0.0,0.0
2024-01-26 00:00:00-05:00,18.904736489381776,19.20539006042655,18.6951904296875,18.6951904296875,221600,0.0,0.0
2024-01-29 00:00:00-05:00,18.704300942865277,19.1142821283209,18.494753150052453,19.10517120361328,263700,0.0,0.0
2024-01-30 00:00:00-05:00,18.8591842283844,18.95940093023736,18.503865096099876,18.594972610473633,203200,0.0,0.0
2024-01-31 00:00:00-05:00,18.667859856817643,18.85918582699351,18.002777899656394,18.09388542175293,359800,0.0,0.0
2024-02-01 00:00:00-05:00,18.212321435041083,19.1142821283209,18.139435775111338,19.10517120361328,415600,0.0,0.0
2024-02-02 00:00:00-05:00,18.822743417777115,19.004958474503777,18.385429366911012,18.840965270996094,391900,0.0,0.0
2024-02-05 00:00:00-05:00,18.44920208009804,19.032287416925865,18.312541671495442,18.686080932617188,399300,0.0,0.0
2024-02-06 00:00:00-05:00,18.61319477950304,18.877404664205077,18.512976338203305,18.640525817871094,355400,0.0,0.0
2024-02-07 00:00:00-05:00,18.704304694697676,18.704304694697676,18.303432615808912,18.421871185302734,383300,0.0,0.0
2024-02-08 00:00:00-05:00,18.412758696544138,18.95029115239029,18.303431062861325,18.768077850341797,207300,0.0,0.0
2024-02-09 00:00:00-05:00,18.868295514298644,18.886517366746197,18.540310858900167,18.74985694885254,302000,0.0,0.0
2024-02-12 00:00:00-05:00,18.904737321099077,19.360273160161704,18.813629805740288,18.977622985839844,282000,0.0,0.0
2024-02-13 00:00:00-05:00,18.194100181630784,18.403647981308005,17.465243558457328,17.86611557006836,490800,0.0,0.0
2024-02-14 00:00:00-05:00,18.130325824210107,18.631416283656222,17.747675654593433,18.367204666137695,554900,0.0,0.0
2024-02-15 00:00:00-05:00,18.722522963877772,19.742924044686234,18.722522963877772,19.597152709960938,832900,0.0,0.0
2024-02-16 00:00:00-05:00,19.1416196642743,19.560711878694452,18.895629849167705,19.351165771484375,286600,0.0,0.0
2024-02-20 00:00:00-05:00,19.041401695719177,19.360277197100103,18.959405088571746,19.096065521240234,228700,0.0,0.0
2024-02-21 00:00:00-05:00,18.959402720227192,19.232725289153315,18.886517049393184,18.895627975463867,324100,0.0,0.0
2024-02-22 00:00:00-05:00,18.777189406436648,18.96851364066985,18.44009209284722,18.47653579711914,247000,0.0,0.0
2024-02-23 00:00:00-05:00,18.376315441316432,18.676969019437145,18.221433189694775,18.44009017944336,139800,0.0,0.0
2024-02-26 00:00:00-05:00,18.26698811558142,18.385428417658062,17.784121194330204,17.911670684814453,331800,0.0,0.0
2024-02-27 00:00:00-05:00,18.221432655158512,18.312540165980554,17.875226199312245,18.011886596679688,338100,0.0,0.0
2024-02-28 00:00:00-05:00,17.76589966331491,18.25787925733322,17.76589966331491,17.802343368530273,382700,0.0,0.0
2024-02-29 00:00:00-05:00,18.203211647018883,18.7043021108409,18.148547833090934,18.33076286315918,393800,0.0,0.0
2024-03-01 00:00:00-05:00,18.36720535546345,19.014067166875535,18.093884540221442,18.98673439025879,422200,0.0,0.0
2024-03-04 00:00:00-05:00,18.95029115239029,19.041398672280238,18.385427656989137,18.768077850341797,266400,0.0,0.0
2024-03-05 00:00:00-05:00,18.585862308689546,19.17805856538608,18.449201901410554,18.494754791259766,408400,0.0,0.0
2024-03-06 00:00:00-05:00,18.667860982703257,18.84096511135369,18.440093032590628,18.649639129638672,152800,0.0,0.0
2024-03-07 00:00:00-05:00,18.558529848293666,18.722521281827937,18.25787628021733,18.540307998657227,291300,0.0,0.0
2024-03-08 00:00:00-05:00,18.90473813580538,19.50604533026309,18.67697020645833,19.296499252319336,468800,0.0,0.0
2024-03-11 00:00:00-04:00,19.25094379418489,19.378495010779726,18.9229591717171,18.977622985839844,141800,0.0,0.0
2024-03-12 00:00:00-04:00,18.840959486730966,18.840959486730966,18.394534646309943,18.613191604614258,179100,0.0,0.0
2024-03-13 00:00:00-04:00,18.576751545563354,18.69519184057683,18.39453824684232,18.45831298828125,175100,0.0,0.0
2024-03-14 00:00:00-04:00,18.385428102276684,18.394539028259484,17.875228411360112,18.09388542175293,262000,0.0,0.0
2024-03-15 00:00:00-04:00,17.847893094505555,18.27609612839547,17.756785585369283,17.929889678955078,785800,0.0,0.0
2024-03-18 00:00:00-04:00,17.8934458346404,18.248764943608126,17.765896365525986,18.002775192260742,420200,0.0,0.0
2024-03-19 00:00:00-04:00,18.011887560875344,18.376315885940507,17.80234149117929,18.18498992919922,639600,0.0,0.0
2024-03-20 00:00:00-04:00,18.020998865870713,19.086952825225076,18.020998865870713,18.95029067993164,544900,0.0,0.0
2024-03-21 00:00:00-04:00,19.06873289416871,19.88869715983399,19.059621967716353,19.21450424194336,497100,0.0,0.0
2024-03-22 00:00:00-04:00,19.27827491508854,19.27827491508854,18.649635024585542,18.795406341552734,267300,0.0,0.0
2024-03-25 00:00:00-04:00,18.777189240540398,19.04139914325169,18.50386667411017,18.512977600097656,244400,0.0,0.0
2024-03-26 00:00:00-04:00,18.777186753750062,18.777186753750062,18.05743933564276,18.08477210998535,281000,0.0,0.0
2024-03-27 00:00:00-04:00,18.376178855225923,18.596803105840106,18.3210232309138,18.550840377807617,326100,0.177,0.0
2024-03-28 00:00:00-04:00,18.70711448317254,19.102400222039023,18.68872869221002,18.936931610107422,372400,0.0,0.0
2024-04-01 00:00:00-04:00,18.955320773807745,18.955320773807745,18.33021779678123,18.4773006439209,271300,0.0,0.0
2024-04-02 00:00:00-04:00,18.192330329589087,18.192330329589087,17.594804208999168,17.898162841796875,538700,0.0,0.0
2024-04-03 00:00:00-04:00,17.797044304758213,18.357797073401386,17.70511707524367,18.31183433532715,374100,0.0,0.0
2024-04-04 00:00:00-04:00,18.63357596152755,18.845007330278985,17.96251026764736,18.05443572998047,185000,0.0,0.0
2024-04-05 00:00:00-04:00,18.072822873475502,18.357795685394734,17.84300569374833,18.321025848388672,457800,0.0,0.0
2024-04-08 00:00:00-04:00,18.52326541951733,18.624385545593018,18.256678387180557,18.376182556152344,162900,0.0,0.0
2024-04-09 00:00:00-04:00,18.403761206842102,19.35060691833496,18.403761206842102,19.35060691833496,295800,0.0,0.0
2024-04-10 00:00:00-04:00,18.385374701170655,18.550843354019744,17.8062361695648,17.94412612915039,511700,0.0,0.0
2024-04-11 00:00:00-04:00,17.97170385498462,18.01766834576724,17.530455263667722,17.751079559326172,621900,0.0,0.0
2024-04-12 00:00:00-04:00,17.649959160532525,17.74188462481478,17.35579171338545,17.53964614868164,456300,0.0,0.0
2024-04-15 00:00:00-04:00,17.613188860040847,17.714308982184455,16.81342604076348,17.006471633911133,415900,0.0,0.0
2024-04-16 00:00:00-04:00,16.8685820013258,16.8685820013258,16.464103258269578,16.62957191467285,417500,0.0,0.0
2024-04-17 00:00:00-04:00,16.73988412520779,17.070821456634008,16.65715154571734,16.78584861755371,469700,0.0,0.0
2024-04-18 00:00:00-04:00,16.8501979453587,17.190328191238763,16.7031150696717,17.043245315551758,437800,0.0,0.0
2024-04-19 00:00:00-04:00,16.97889130581361,17.558031536227205,16.97889130581361,17.429332733154297,467400,0.0,0.0
2024-04-22 00:00:00-04:00,17.61318674243338,17.68672816241442,17.300635269172528,17.59480094909668,379700,0.0,0.0
2024-04-23 00:00:00-04:00,17.594800425081086,17.89815899263884,17.55803059286854,17.585607528686523,159800,0.0,0.0
2024-04-24 00:00:00-04:00,17.392562228940353,17.493682337452306,17.254672287656796,17.48448944091797,208300,0.0,0.0
2024-04-25 00:00:00-04:00,17.227092162524595,17.227092162524595,16.850192202852504,16.90534782409668,235200,0.0,0.0
2024-04-26 00:00:00-04:00,16.932930775872524,17.171940865944844,16.71230648196716,16.739883422851562,232600,0.0,0.0
2024-04-29 00:00:00-04:00,16.859385666627762,17.23628563899793,16.79503714744734,17.227092742919922,244400,0.0,0.0
2024-04-30 00:00:00-04:00,17.006469927417225,17.13516697660171,16.74907407568247,16.767459869384766,199100,0.0,0.0
2024-05-01 00:00:00-04:00,16.76746185892132,17.493685016039574,16.749076063037464,16.942123413085938,174900,0.0,0.0
2024-05-02 00:00:00-04:00,17.273058916395517,17.36498437945475,17.015663061078534,17.153553009033203,281900,0.0,0.0
2024-05-03 00:00:00-04:00,17.705113393410038,17.990086167614677,17.346599201560146,17.548837661743164,347100,0.0,0.0
2024-05-06 00:00:00-04:00,17.741883225549813,17.741883225549813,17.41094772282903,17.548837661743164,144700,0.0,0.0
2024-05-07 00:00:00-04:00,18.41295406916928,18.80823816690206,17.79704392397565,18.201520919799805,298600,0.0,0.0
2024-05-08 00:00:00-04:00,18.0268636869544,18.293450756157753,17.695926321934518,17.7235050201416,258900,0.0,0.0
2024-05-09 00:00:00-04:00,17.925740018719388,18.43133711277279,17.732694429364212,18.321025848388672,510700,0.0,0.0
2024-05-10 00:00:00-04:00,18.00847500118892,18.072823533323376,17.548840624953094,17.916547775268555,360800,0.0,0.0
2024-05-13 00:00:00-04:00,18.13716932881459,18.330216649455835,18.00847228396425,18.284252166748047,396900,0.0,0.0
2024-05-14 00:00:00-04:00,18.587611696255696,18.9093560783143,18.275060211212004,18.716310501098633,326700,0.0,0.0
2024-05-15 00:00:00-04:00,19.12998057876069,19.33222080881174,19.001283525721547,19.10240364074707,326000,0.0,0.0
2024-05-16 00:00:00-04:00,19.120788894239567,19.295450443987868,18.707119017508486,18.74388885498047,182500,0.0,0.0
2024-05-17 00:00:00-04:00,18.771465626452162,19.019668579101562,18.550841364107956,19.019668579101562,482800,0.0,0.0
2024-05-20 00:00:00-04:00,18.982897192870965,19.31383446657155,18.77146582505817,18.780658721923828,338700,0.0,0.0
2024-05-21 00:00:00-04:00,18.688733631940153,18.74388926604069,18.495688035905278,18.541650772094727,133900,0.0,0.0
2024-05-22 00:00:00-04:00,18.412953526331165,18.66115475401677,18.403760628510813,18.504878997802734,184500,0.0,0.0
2024-05-23 00:00:00-04:00,18.422148536026484,18.550845613533014,17.61319096875812,17.74188804626465,230400,0.0,0.0
2024-05-24 00:00:00-04:00,17.8981596328451,17.990086846713204,17.631572641329946,17.76946258544922,182400,0.0,0.0
2024-05-28 00:00:00-04:00,17.888968099518898,18.03605270493729,17.383371014759195,17.41094970703125,276400,0.0,0.0
2024-05-29 00:00:00-04:00,17.006471845409084,17.245481930397133,16.905351722007914,17.080013275146484,261300,0.0,0.0
2024-05-30 00:00:00-04:00,17.273061407879684,17.659152616496627,17.153555483279714,17.649961471557617,280400,0.0,0.0
2024-05-31 00:00:00-04:00,17.815430507432655,18.008477888149677,17.686733422532157,17.7235050201416,329800,0.0,0.0
2024-06-03 00:00:00-04:00,17.852200873662348,17.91654941167407,17.548842227774124,17.668346405029297,337500,0.0,0.0
2024-06-04 00:00:00-04:00,17.631571675007475,17.907351548131523,17.6039929863488,17.61318588256836,264700,0.0,0.0
2024-06-05 00:00:00-04:00,17.649960949180464,17.677537889913452,17.438527801153445,17.64076805114746,308300,0.0,0.0
2024-06-06 00:00:00-04:00,17.51206671393713,17.686728244717017,17.236286826066376,17.456911087036133,362500,0.0,0.0
2024-06-07 00:00:00-04:00,17.08920555041479,17.53964701031595,17.05243396020281,17.52126121520996,391300,0.0,0.0
2024-06-10 00:00:00-04:00,17.319022207611013,17.48449085185027,16.969699124580167,17.19951629638672,507500,0.0,0.0
2024-06-11 00:00:00-04:00,17.052433597660485,17.309829463574196,16.868580910607168,16.886966705322266,327400,0.0,0.0
2024-06-12 00:00:00-04:00,17.52125885973355,17.852196113687977,17.245478983681988,17.374176025390625,255700,0.0,0.0
2024-06-13 00:00:00-04:00,17.328215601293483,17.401757028243704,17.034049893492586,17.171939849853516,276600,0.0,0.0
2024-06-14 00:00:00-04:00,17.107591014161397,17.273059660178454,17.006470896402995,17.23628807067871,345000,0.0,0.0
2024-06-17 00:00:00-04:00,17.15355181327639,17.15355181327639,16.64795478823199,16.923734664916992,337800,0.0,0.0
2024-06-18 00:00:00-04:00,17.006471235718102,17.135168294803197,16.85019548395795,16.89615821838379,246300,0.0,0.0
2024-06-20 00:00:00-04:00,16.693918764543735,17.02485604399815,16.693918764543735,17.015663146972656,266100,0.0,0.0
2024-06-21 00:00:00-04:00,17.07082002830496,17.521261495409572,16.99727860007086,17.420143127441406,787200,0.0,0.0
2024-06-24 00:00:00-04:00,17.466104007040514,17.916545426291876,17.410948380065957,17.76946258544922,277500,0.0,0.0
2024-06-25 00:00:00-04:00,17.659150639999822,17.659150639999822,17.181132255200257,17.19951629638672,208800,0.0,0.0
2024-06-26 00:00:00-04:00,17.061626527286716,17.328215291062175,17.043242485902738,17.23628807067871,293700,0.0,0.0
2024-06-27 00:00:00-04:00,17.22709384919149,17.60399384576503,17.1443595325421,17.59480094909668,301400,0.0,0.0
2024-06-28 00:00:00-04:00,18.028108837096188,18.028108837096188,17.619854725321513,17.898210525512695,1249100,0.177,0.0
2024-07-01 00:00:00-04:00,17.8518176905465,17.888932506551907,17.183766930035702,17.276552200317383,255100,0.0,0.0
2024-07-02 00:00:00-04:00,17.360057659402912,17.46212163758116,17.128095359711917,17.15593147277832,284000,0.0,0.0
2024-07-03 00:00:00-04:00,17.304386035076412,17.56418443029923,17.17448772233089,17.43428611755371,164500,0.0,0.0
2024-07-05 00:00:00-04:00,17.40644972408656,17.462120175827295,17.239436599132603,17.397171020507812,192600,0.0,0.0
2024-07-08 00:00:00-04:00,17.499232697113882,17.77758668907493,17.32294089168174,17.489953994750977,397200,0.0,0.0
2024-07-09 00:00:00-04:00,17.415729097715978,17.415729097715978,17.11881765069972,17.341501235961914,203700,0.0,0.0
2024-07-10 00:00:00-04:00,17.397169434021027,17.582739949209888,17.36005462309062,17.536346435546875,195700,0.0,0.0
2024-07-11 00:00:00-04:00,18.07450014719372,19.364211607027194,18.07450014719372,19.28998374938965,590300,0.0,0.0
2024-07-12 00:00:00-04:00,19.484830424216398,19.772463139715683,19.40132386653408,19.410602569580078,446300,0.0,0.0
2024-07-15 00:00:00-04:00,19.66112282404149,20.208553931822237,19.456994890456446,19.985870361328125,404400,0.0,0.0
2024-07-16 00:00:00-04:00,20.245668085839057,20.63536479801139,20.041541910789473,20.607528686523438,365700,0.0,0.0
2024-07-17 00:00:00-04:00,20.551859932550656,21.219912505643116,20.533302523357655,21.071455001831055,511100,0.0,0.0
2024-07-18 00:00:00-04:00,20.839490950008575,21.396200791029194,20.35701073954038,20.50546646118164,475900,0.0,0.0
2024-07-19 00:00:00-04:00,20.524021123734673,20.709589866100554,20.319893206481176,20.459070205688477,216200,0.0,0.0
2024-07-22 00:00:00-04:00,20.301337431981427,20.681757189310645,20.152881718271747,20.486907958984375,272400,0.0,0.0
2024-07-23 00:00:00-04:00,20.412680223306126,21.03433919180517,20.199275354798083,20.922996520996094,322200,0.0,0.0
2024-07-24 00:00:00-04:00,20.87660616094416,21.433316012515704,20.40340287559494,20.412681579589844,499000,0.0,0.0
2024-07-25 00:00:00-04:00,20.468352490096873,21.173518081842417,20.431239443021774,20.65392303466797,313000,0.0,0.0
2024-07-26 00:00:00-04:00,21.080728010242403,21.29413461883381,20.635360928343893,21.13640022277832,192900,0.0,0.0
2024-07-29 00:00:00-04:00,21.18279726384473,21.294139947045213,20.820936640474,20.99722671508789,265900,0.0,0.0
2024-07-30 00:00:00-04:00,21.03433788371648,21.507541108196882,20.468349400953947,21.498262405395508,275600,0.0,0.0
2024-07-31 00:00:00-04:00,21.618886107695456,22.04569766895051,21.312695936032195,21.470430374145508,451900,0.0,0.0
2024-08-01 00:00:00-04:00,21.563215083540488,21.81373479097387,20.97867086926115,21.359088897705078,393300,0.0,0.0
2024-08-02 00:00:00-04:00,20.969389574802182,21.655997682055325,20.830212566663192,21.646718978881836,514900,0.0,0.0
2024-08-05 00:00:00-04:00,20.21783236509742,21.349807609089194,20.09721099327524,20.913719177246094,394500,0.0,0.0
2024-08-06 00:00:00-04:00,20.783820136919637,21.516821798345532,20.75598579567627,21.26630210876465,428600,0.0,0.0
2024-08-07 00:00:00-04:00,21.461150738770137,21.526101667896636,20.700314694892615,20.88588523864746,418900,0.0,0.0
2024-08-08 00:00:00-04:00,20.987949573580746,21.48898721871562,20.848770778518716,21.359088897705078,363200,0.0,0.0
2024-08-09 00:00:00-04:00,21.37764205126039,21.41475509141976,21.117843691218624,21.28485679626465,229700,0.0,0.0
2024-08-12 00:00:00-04:00,21.13640391687492,21.210631776831114,20.783820254784157,21.201353073120117,251300,0.0,0.0
2024-08-13 00:00:00-04:00,21.442592818260096,21.823010799714787,21.257022294253655,21.646718978881836,227900,0.0,0.0
2024-08-14 00:00:00-04:00,21.720947769665404,21.748783880384266,21.396200223538983,21.563213348388672,265600,0.0,0.0
2024-08-15 00:00:00-04:00,21.80445498596788,22.249822152434994,21.600328810436736,22.008581161499023,258400,0.0,0.0
2024-08-16 00:00:00-04:00,21.990023850874817,22.342605721742807,21.832289436865846,21.878681182861328,232200,0.0,0.0
2024-08-19 00:00:00-04:00,21.98074577206129,22.166314531045696,21.86012439747629,22.15703582763672,246400,0.0,0.0
2024-08-20 00:00:00-04:00,22.054975228924963,22.184873546606838,21.897240798997608,22.017860412597656,203600,0.0,0.0
2024-08-21 00:00:00-04:00,22.110644080323546,22.194150641272632,21.887960507703227,22.15703582763672,165100,0.0,0.0
2024-08-22 00:00:00-04:00,22.119924192413656,22.42611434548242,22.027138922146673,22.379722595214844,176000,0.0,0.0
2024-08-23 00:00:00-04:00,22.593123961737064,23.687986087078635,22.435389557751726,23.65087127685547,329900,0.0,0.0
2024-08-26 00:00:00-04:00,23.817887019758423,24.1704689072474,23.752937864410328,23.762216567993164,338300,0.0,0.0
2024-08-27 00:00:00-04:00,23.530257632514136,23.6415985518721,23.26118049955705,23.520978927612305,299100,0.0,0.0
2024-08-28 00:00:00-04:00,23.502417344141993,23.780771362837527,23.196227215684228,23.214784622192383,324500,0.0,0.0
2024-08-29 00:00:00-04:00,23.298290844327123,23.40035303918046,23.010656356811523,23.010656356811523,222600,0.0,0.0
2024-08-30 00:00:00-04:00,23.14055880981838,23.316848878021865,22.648798112306913,23.25189971923828,422800,0.0,0.0
2024-09-03 00:00:00-04:00,22.927151638575896,23.177671333719168,22.704468055025814,22.7415828704834,288000,0.0,0.0
2024-09-04 00:00:00-04:00,22.66735550087539,23.344684970078937,22.66735550087539,23.149837493896484,226800,0.0,0.0
2024-09-05 00:00:00-04:00,23.31684925160145,23.669432933121165,22.94570993136902,23.057052612304688,343200,0.0,0.0
2024-09-06 00:00:00-04:00,23.057052547775054,23.27045743509496,22.64879841179602,22.723026275634766,424500,0.0,0.0
2024-09-09 00:00:00-04:00,22.695188566353686,22.973544363464505,22.416834538974616,22.862201690673828,279700,0.0,0.0
2024-09-10 00:00:00-04:00,22.862200520105652,23.530252983181242,22.862200520105652,23.474580764770508,375400,0.0,0.0
2024-09-11 00:00:00-04:00,23.24262042409326,23.678710655804785,23.047772952697578,23.6415958404541,410600,0.0,0.0
2024-09-12 00:00:00-04:00,23.836443905208544,24.07768488388689,23.75293734452251,23.854999542236328,351300,0.0,0.0
2024-09-13 00:00:00-04:00,24.124078724110664,24.699345995444553,23.975622996617762,24.690067291259766,486600,0.0,0.0
2024-09-16 00:00:00-04:00,24.829242946978315,24.996256073641746,24.680787227662325,24.699344635009766,417600,0.0,0.0
2024-09-17 00:00:00-04:00,24.83852191613636,25.358116939295975,24.597280927236454,25.237497329711914,464200,0.0,0.0
2024-09-18 00:00:00-04:00,25.859157829246914,26.350916769700646,25.469461096769898,25.831321716308594,417600,0.0,0.0
2024-09-19 00:00:00-04:00,26.722052606699762,26.722052606699762,25.321002063194367,25.50657081604004,445100,0.0,0.0
2024-09-20 00:00:00-04:00,25.441625526695127,25.543689506581543,24.810687777818984,25.005537033081055,905100,0.0,0.0
2024-09-23 00:00:00-04:00,25.3024470196755,25.497294493817623,25.11687647977001,25.181825637817383,352500,0.0,0.0
2024-09-24 00:00:00-04:00,25.153988580215014,25.469457402159694,25.061203320278644,25.200380325317383,856800,0.0,0.0
2024-09-25 00:00:00-04:00,25.04264875617895,25.16327013870381,24.4673832648094,24.550888061523438,412700,0.0,0.0
2024-09-26 00:00:00-04:00,24.71790023063869,24.801406793828562,24.281811777105197,24.532331466674805,296700,0.0,0.0
2024-09-27 00:00:00-04:00,24.81068421987554,25.014810380643997,24.38387449197831,24.41170883178711,196200,0.0,0.0
2024-09-30 00:00:00-04:00,24.25010288330958,24.60507458294549,23.829743910647828,24.5023193359375,542900,0.177,0.0
2024-10-01 00:00:00-04:00,24.4836392030139,24.4929807522105,23.960524920032626,24.007232666015625,365600,0.0,0.0
2024-10-02 00:00:00-04:00,23.755014090874532,24.278128327787694,23.745672542500596,24.175373077392578,261700,0.0,0.0
2024-10-03 00:00:00-04:00,24.025913456501137,24.408908056582145,23.73633256462195,23.857770919799805,372600,0.0,0.0
2024-10-04 00:00:00-04:00,23.923158987067286,23.923158987067286,23.073097663013765,23.250581741333008,395900,0.0,0.0
2024-10-07 00:00:00-04:00,23.026388301113915,23.334652256496753,22.84890245355468,22.91429328918457,376700,0.0,0.0
2024-10-08 00:00:00-04:00,22.923636603782498,23.11980378063587,22.746150742544994,23.026390075683594,233200,0.0,0.0
2024-10-09 00:00:00-04:00,22.895610193290317,23.138485094761354,22.858244001501806,22.91429328918457,316700,0.0,0.0
2024-10-10 00:00:00-04:00,22.764832085466715,23.063754492902426,22.61536910003077,22.91429328918457,339300,0.0,0.0
2024-10-11 00:00:00-04:00,23.026388949664412,23.418725065903658,22.839563330614094,22.923635482788086,279000,0.0,0.0
2024-10-14 00:00:00-04:00,22.802200241785105,23.0263920841951,22.6994449792028,22.858247756958008,452600,0.0,0.0
2024-10-15 00:00:00-04:00,23.054416581264444,23.47477561487869,23.026391933002813,23.110464096069336,315500,0.0,0.0
2024-10-16 00:00:00-04:00,23.194533428960135,23.689624797528136,23.194533428960135,23.57752799987793,321400,0.0,0.0
2024-10-17 00:00:00-04:00,23.428070409184393,23.437411958907852,22.811542381183628,22.951662063598633,264400,0.0,0.0
2024-10-18 00:00:00-04:00,23.082438304813014,23.082438304813014,22.792857413989086,22.979684829711914,157700,0.0,0.0
2024-10-21 00:00:00-04:00,22.858247743791335,22.989027654743953,21.998844790855532,22.00818634033203,273300,0.0,0.0
2024-10-22 00:00:00-04:00,21.952138875001886,22.288427530045418,21.81201919597321,22.06423568725586,256800,0.0,0.0
2024-10-23 00:00:00-04:00,21.952138405438646,22.17633024343267,21.671899053375704,21.83070182800293,262600,0.0,0.0
2024-10-24 00:00:00-04:00,21.877407240661366,22.0548931094052,21.615849212076682,21.653215408325195,233200,0.0,0.0
2024-10-25 00:00:00-04:00,21.868064502074425,21.914770463126167,21.4570452742899,21.49441146850586,186300,0.0,0.0
2024-10-28 00:00:00-04:00,21.74662765599468,22.148303548366343,21.71860301069137,21.9708194732666,352300,0.0,0.0
2024-10-29 00:00:00-04:00,22.32579064609534,22.32579064609534,20.849859764064757,20.99932098388672,496000,0.0,0.0
2024-10-30 00:00:00-04:00,21.37297361223306,21.559801024187745,20.700398136289035,20.709739685058594,521100,0.0,0.0
2024-10-31 00:00:00-04:00,20.55093817259694,20.616327236252992,19.850338007622046,19.87836265563965,707200,0.0,0.0
2024-11-01 00:00:00-04:00,20.121233365437238,20.16793932060105,19.32721965562657,19.33656120300293,490300,0.0,0.0
2024-11-04 00:00:00-05:00,19.439316920558184,20.569619340445275,19.439316920558184,19.794288635253906,630600,0.0,0.0
2024-11-05 00:00:00-05:00,19.61680434118822,19.728901149951074,19.037640762397075,19.30854034423828,367400,0.0,0.0
2024-11-06 00:00:00-05:00,19.289854732447772,19.34590223866731,18.76674051705653,19.215124130249023,673700,0.0,0.0
2024-11-07 00:00:00-05:00,19.28051445110236,19.542072466840228,19.018958217082705,19.20578384399414,446800,0.0,0.0
2024-11-08 00:00:00-05:00,19.35524539664959,19.887702986039002,19.19644263105308,19.803630828857422,542300,0.0,0.0
2024-11-11 00:00:00-05:00,19.840991911977852,20.158597389862113,19.80362750490097,19.89703941345215,371500,0.0,0.0
2024-11-12 00:00:00-05:00,19.68219090788471,19.784946154409706,19.159076690673828,19.159076690673828,266100,0.0,0.0
2024-11-13 00:00:00-05:00,19.39261272815117,19.663510531385953,19.000276565551758,19.000276565551758,270700,0.0,0.0
2024-11-14 00:00:00-05:00,18.990933163282957,19.131052825885842,18.77608289517732,18.804105758666992,282700,0.0,0.0
2024-11-15 00:00:00-05:00,18.888178516606263,19.000275319304276,18.69201133903254,18.897520065307617,310300,0.0,0.0
2024-11-18 00:00:00-05:00,18.83212992206577,18.897518977492965,18.579913466802484,18.710693359375,765400,0.0,0.0
2024-11-19 00:00:00-05:00,18.63596495547831,19.327223565715485,18.63596495547831,19.168420791625977,389700,0.0,0.0
2024-11-20 00:00:00-05:00,19.046980577814505,19.16841892472996,18.897519367547922,19.084346771240234,203700,0.0,0.0
2024-11-21 00:00:00-05:00,19.299196940095307,19.50470565773675,19.112369537353516,19.112369537353516,265600,0.0,0.0
2024-11-22 00:00:00-05:00,19.215125876279078,19.52338986107485,19.140395267289747,19.43931770324707,277400,0.0,0.0
2024-11-25 00:00:00-05:00,19.64482742329303,20.08386951071333,19.551413720387934,19.794288635253906,509400,0.0,0.0
2024-11-26 00:00:00-05:00,19.60746276570163,19.682193377537264,19.149737545493593,19.280515670776367,253100,0.0,0.0
2024-11-27 00:00:00-05:00,19.41129455024873,20.07452847246716,19.41129455024873,19.915725708007812,268300,0.0,0.0
2024-11-29 00:00:00-05:00,20.04650258550355,20.177282477486692,19.840993871984505,19.95309066772461,228500,0.0,0.0
2024-12-02 00:00:00-05:00,19.943750541566985,20.111894856306552,19.682192520670075,19.719558715820312,325200,0.0,0.0
2024-12-03 00:00:00-05:00,19.747580504548896,19.897041713570186,19.355244385438475,19.420635223388672,242800,0.0,0.0
2024-12-04 00:00:00-05:00,19.42997403987404,19.840993235443893,19.112368540804344,19.83165168762207,300300,0.0,0.0
2024-12-05 00:00:00-05:00,19.75692168280673,20.05584409525089,19.672849531592043,20.03716278076172,323300,0.0,0.0
2024-12-06 00:00:00-05:00,20.17728375412928,20.457523088633454,19.840995127349686,19.943750381469727,387400,0.0,0.0
2024-12-09 00:00:00-05:00,20.03716352166018,20.31740284825924,19.738239316444812,19.766263961791992,206300,0.0,0.0
2024-12-10 00:00:00-05:00,19.719556925629877,19.75692133566983,19.327220820760886,19.355243682861328,279400,0.0,0.0
2024-12-11 00:00:00-05:00,19.38326849804992,19.48602374457492,19.10302918425933,19.159076690673828,310600,0.0,0.0
2024-12-12 00:00:00-05:00,18.962908995103177,19.3459035806541,18.962908995103177,19.149736404418945,246900,0.0,0.0
2024-12-13 00:00:00-05:00,18.990933069394078,19.20578333643752,18.869496504196793,19.084346771240234,271100,0.0,0.0
2024-12-16 00:00:00-05:00,19.02830022729821,19.840995376600674,19.02830022729821,19.551414489746094,357500,0.0,0.0
2024-12-17 00:00:00-05:00,19.33656307059943,19.784946697663294,19.18710186157814,19.420635223388672,250900,0.0,0.0
2024-12-18 00:00:00-05:00,19.401954014948068,19.65417049786045,18.38374831582919,18.458478927612305,377600,0.0,0.0
2024-12-19 00:00:00-05:00,18.56123418695846,18.96291011171874,18.439795829236946,18.458478927612305,539600,0.0,0.0
2024-12-20 00:00:00-05:00,18.383745913008568,19.046979783181897,18.206260065077327,18.224943161010742,1788100,0.0,0.0
2024-12-23 00:00:00-05:00,18.187577226591348,18.495841186983807,17.533684895128797,17.74853515625,793100,0.0,0.0
2024-12-24 00:00:00-05:00,17.561708450317383,17.69248834714217,17.309493768571546,17.561708450317383,449000,0.0,0.0
2024-12-26 00:00:00-05:00,17.515001161584372,17.897995711113573,17.515001161584372,17.739192962646484,406300,0.0,0.0
2024-12-27 00:00:00-05:00,17.468297259853745,17.673805989578305,17.24410365069462,17.40290641784668,367300,0.0,0.0
2024-12-30 00:00:00-05:00,17.513248228483523,17.58869564610057,17.202027405962152,17.296337127685547,321700,0.177,0.0
2024-12-31 00:00:00-05:00,17.428367614746094,17.58869358322971,17.079424023745837,17.428367614746094,629300,0.0,0.0
2025-01-02 00:00:00-05:00,17.54154429975606,17.749024279432213,17.484959177809586,17.626422882080078,336300,0.0,0.0
2025-01-03 00:00:00-05:00,17.67357497203483,17.730160087966855,17.35292298373938,17.494386672973633,535100,0.0,0.0
2025-01-06 00:00:00-05:00,17.286904699458667,17.607556650361673,16.95682159719873,16.98511505126953,457900,0.0,0.0
2025-01-07 00:00:00-05:00,17.060563131734966,17.173733354835708,15.909989603233361,15.994866371154785,667100,0.0,0.0
2025-01-08 00:00:00-05:00,16.060884455344336,16.060884455344336,15.372424768832877,15.608198165893555,947100,0.0,0.0
2025-01-10 00:00:00-05:00,15.240392635466538,15.32527120450384,14.702829564102503,14.985757827758789,580600,0.0,0.0
2025-01-13 00:00:00-05:00,14.882016762323476,15.476165838497769,14.66510566594773,15.410149574279785,538100,0.0,0.0
2025-01-14 00:00:00-05:00,15.39128744228909,15.872265399711665,15.39128744228909,15.598769187927246,565800,0.0,0.0
2025-01-15 00:00:00-05:00,16.032590998400813,16.089176110022972,15.57990650780701,15.900558471679688,783300,0.0,0.0
2025-01-16 00:00:00-05:00,15.872265235441061,16.136332091334694,15.645922987021502,16.117469787597656,566100,0.0,0.0
2025-01-17 00:00:00-05:00,16.362675925593496,16.362675925593496,15.985438808333129,16.0325927734375,315800,0.0,0.0
2025-01-21 00:00:00-05:00,16.136331554208873,16.240070623692855,15.759092687258367,15.843971252441406,369700,0.0,0.0
2025-01-22 00:00:00-05:00,15.711939721844972,15.711939721844972,15.183807793049137,15.202670097351074,456900,0.0,0.0
2025-01-23 00:00:00-05:00,15.183808130185408,15.306409513253513,14.816001282768518,15.127223014831543,1374600,0.0,0.0
2025-01-24 00:00:00-05:00,15.023480167927552,15.683644557323314,15.023480167927552,15.287545204162598,423300,0.0,0.0
2025-01-27 00:00:00-05:00,15.410149632491871,16.06088472288556,15.410149632491871,15.891127586364746,423600,0.0,0.0
2025-01-28 00:00:00-05:00,15.730802360095167,15.928851163044841,15.344134107738615,15.381856918334961,535100,0.0,0.0
2025-01-29 00:00:00-05:00,15.362995621002883,15.57047556561523,14.797138201337082,14.863155364990234,376100,0.0,0.0
2025-01-30 00:00:00-05:00,15.23096188295167,15.53275155908464,14.98575822079572,15.325271606445312,448200,0.0,0.0
2025-01-31 00:00:00-05:00,15.296976355286441,15.579905492577325,15.212097793979991,15.287545204162598,373100,0.0,0.0
2025-02-03 00:00:00-05:00,15.174375735227038,15.381855673740032,14.85372377646535,15.230960845947266,520200,0.0,0.0
2025-02-04 00:00:00-05:00,15.108359715362209,15.617629317632973,14.995187693297446,15.608198165893555,383800,0.0,0.0
2025-02-05 00:00:00-05:00,15.787386451325984,15.985437040237251,15.551613054265307,15.608198165893555,436400,0.0,0.0
2025-02-06 00:00:00-05:00,15.862834491378225,16.871944382744317,15.862834491378225,16.843652725219727,535200,0.0,0.0
2025-02-07 00:00:00-05:00,16.768203689141657,16.777634840342603,16.004296631138573,16.31551742553711,544300,0.0,0.0
2025-02-10 00:00:00-05:00,16.40982840403078,16.66446410966569,16.202348458036578,16.626739501953125,438100,0.0,0.0
2025-02-11 00:00:00-05:00,16.409829221362763,16.52300125132897,16.117470692261954,16.504138946533203,346200,0.0,0.0
2025-02-12 00:00:00-05:00,16.079745909296236,16.202349090338398,15.74966457297127,16.155193328857422,318900,0.0,0.0
2025-02-13 00:00:00-05:00,16.315520174549267,16.834222785148796,15.957145362571374,16.51357078552246,466800,0.0,0.0
2025-02-14 00:00:00-05:00,16.51356825990127,16.77763510120908,16.023159182675997,16.05145263671875,296600,0.0,0.0
2025-02-18 00:00:00-05:00,15.976006831654834,16.221211394930787,15.787387383347678,16.155193328857422,450400,0.0,0.0
2025-02-19 00:00:00-05:00,15.947712455605155,16.02315987081786,15.711939058214412,15.768524169921875,363500,0.0,0.0
2025-02-20 00:00:00-05:00,15.900558851248359,16.02316022915775,15.68364595370358,15.853403091430664,375800,0.0,0.0
2025-02-21 00:00:00-05:00,16.05145411017129,16.145763833496165,15.843972359094893,15.872265815734863,366600,0.0,0.0
2025-02-24 00:00:00-05:00,15.900559763314089,16.551293096849957,15.655355194621919,16.40039825439453,425500,0.0,0.0
2025-02-25 00:00:00-05:00,16.504137642506457,17.202026675532597,16.504137642506457,16.96625328063965,418200,0.0,0.0
2025-02-26 00:00:00-05:00,16.7870649968547,16.985115583945067,16.504137642506457,16.96625328063965,354900,0.0,0.0
2025-02-27 00:00:00-05:00,16.9285289696035,17.249180902089055,16.862510913896873,17.211456298828125,294000,0.0,0.0
2025-02-28 00:00:00-05:00,17.249181852415806,17.65471056696448,17.192594944406807,17.598125457763672,537600,0.0,0.0
2025-03-03 00:00:00-05:00,17.50381881070763,17.73959223897237,16.77763801874671,17.07942771911621,447200,0.0,0.0
2025-03-04 00:00:00-05:00,17.051132736705835,17.899916642861886,16.985116470499346,17.484956741333008,582200,0.0,0.0
2025-03-05 00:00:00-05:00,17.49438479273688,17.730158182389985,17.13601003193978,17.65471076965332,404200,0.0,0.0
2025-03-06 00:00:00-05:00,17.55097297649471,17.598126938327837,17.069995010801772,17.164304733276367,293200,0.0,0.0
2025-03-07 00:00:00-05:00,17.296337009702285,17.692436399191966,17.098286415553286,17.588695526123047,275000,0.0,0.0
2025-03-10 00:00:00-04:00,17.673572434891398,18.41861718274253,17.352920492627383,18.097965240478516,590200,0.0,0.0
2025-03-11 00:00:00-04:00,18.15455229069076,18.21113740455385,17.739590591808636,17.965932846069336,651100,0.0,0.0
2025-03-12 00:00:00-04:00,17.909346285778952,17.909346285778952,17.40950605706703,17.758451461791992,352800,0.0,0.0
2025-03-13 00:00:00-04:00,17.7207301937052,18.03195102004938,17.45666332939776,17.513248443603516,531200,0.0,0.0
2025-03-14 00:00:00-04:00,17.777312954701515,17.96593057668922,17.598124684826303,17.881052017211914,380200,0.0,0.0
2025-03-17 00:00:00-04:00,17.767883717663974,18.220568217765504,17.767883717663974,18.041379928588867,526400,0.0,0.0
2025-03-18 00:00:00-04:00,17.98479426119316,18.013087716130155,17.73958971483063,17.89991569519043,311100,0.0,0.0
2025-03-19 00:00:00-04:00,17.918779901188994,17.984796170910343,17.475526519625358,17.739591598510742,354600,0.0,0.0
2025-03-20 00:00:00-04:00,17.720730689972598,17.815038616687158,17.400078702479572,17.466094970703125,212900,0.0,0.0
2025-03-21 00:00:00-04:00,17.352921551636854,17.48495587632624,17.060563044839387,17.28690528869629,700400,0.0,0.0
2025-03-24 00:00:00-04:00,17.286905488669206,17.513247735144407,17.239751528539973,17.343490600585938,378100,0.0,0.0
2025-03-25 00:00:00-04:00,17.33406109967912,17.35292340505055,16.673896600955025,16.777637481689453,502700,0.0,0.0
2025-03-26 00:00:00-04:00,16.824790480765046,17.164304762732918,16.81535932862057,17.032270431518555,243300,0.0,0.0
2025-03-27 00:00:00-04:00,17.04170363778774,17.44723423483932,17.032272484506475,17.22089195251465,251300,0.0,0.0
2025-03-28 00:00:00-04:00,17.334060957933882,17.334060957933882,16.73991273405986,17.069995880126953,205600,0.0,0.0
2025-03-31 00:00:00-04:00,17.209997213085405,17.981446509537907,17.209997213085405,17.82906150817871,571800,0.177,0.0
2025-04-01 00:00:00-04:00,18.133832392072957,18.295739858164495,17.162376696089247,17.419527053833008,517500,0.0,0.0
2025-04-02 00:00:00-04:00,17.305238533879763,17.50524316973208,17.229046032139948,17.467147827148438,210700,0.0,0.0
2025-04-03 00:00:00-04:00,17.23856884939474,17.724296687709444,16.92427457949374,16.962369918823242,445500,0.0,0.0
2025-04-04 00:00:00-04:00,16.78141439026022,17.295713294627966,16.343306166877205,16.857606887817383,929300,0.0,0.0
2025-04-07 00:00:00-04:00,16.390927367993985,17.209998157685135,15.552809814516904,15.781387329101562,618800,0.0,0.0
2025-04-08 00:00:00-04:00,16.105206020975515,16.248066741336046,14.209915862208485,14.362300872802734,536300,0.0,0.0
2025-04-09 00:00:00-04:00,14.076577556098743,15.428996702866213,13.56227772655562,15.162322044372559,630000,0.0,0.0
2025-04-10 00:00:00-04:00,14.95279335771098,15.05755873451298,13.914669329715654,14.381349563598633,442900,0.0,0.0
2025-04-11 00:00:00-04:00,14.314679358012235,14.3908718581362,13.028930237205625,13.552753448486328,1671300,0.0,0.0
2025-04-14 00:00:00-04:00,13.80990378457465,14.590877363119688,13.771807534603825,14.352775573730469,794000,0.0,0.0
2025-04-15 00:00:00-04:00,14.362300982985063,14.63849904387761,14.286108477103417,14.381349563598633,378200,0.0,0.0
2025-04-16 00:00:00-04:00,14.381348963059294,14.905172192050113,14.381348963059294,14.457541465759277,314500,0.0,0.0
2025-04-17 00:00:00-04:00,14.400396160461245,14.867075451204904,14.400396160461245,14.562305450439453,319900,0.0,0.0
2025-04-21 00:00:00-04:00,14.428968148128682,14.505160648463502,13.867048685230948,13.962288856506348,365400,0.0,0.0
2025-04-22 00:00:00-04:00,14.152770681826345,14.295632306967795,13.676567081260753,14.286108016967773,582000,0.0,0.0
2025-04-23 00:00:00-04:00,14.505159491140654,14.77183412932161,14.05752881446025,14.524208068847656,482900,0.0,0.0
2025-04-24 00:00:00-04:00,14.57183097908678,14.71469170202156,14.343253459076603,14.619451522827148,415500,0.0,0.0
2025-04-25 00:00:00-04:00,14.562304617744488,14.562304617744488,14.209914097438105,14.390871047973633,216300,0.0,0.0
2025-04-28 00:00:00-04:00,14.324203369805408,14.72421444184181,14.324203369805408,14.70516586303711,271700,0.0,0.0
2025-04-29 00:00:00-04:00,14.60992650542749,15.152798315509777,14.505161132754573,14.87660026550293,269600,0.0,0.0
2025-04-30 00:00:00-04:00,14.695642936956746,15.12422598218461,14.295631852534406,15.000412940979004,358200,0.0,0.0
2025-05-01 00:00:00-04:00,15.05755844081954,15.105178074852024,14.752787514951109,14.943268775939941,244000,0.0,0.0
2025-05-02 00:00:00-04:00,14.943267981674033,15.600428524227624,14.943267981674033,15.381375312805176,307400,0.0,0.0
2025-05-05 00:00:00-04:00,15.371850363440396,15.409947520264412,14.809930924579332,14.838502883911133,333900,0.0,0.0
2025-05-06 00:00:00-04:00,14.733740282832237,14.876601005767014,14.476589891606045,14.619451522827148,407700,0.0,0.0
2025-05-07 00:00:00-04:00,15.29565864433557,15.54328472656921,14.943268100365968,15.200418472290039,659500,0.0,0.0
2025-05-08 00:00:00-04:00,15.152798206690266,15.152798206690266,14.495637647009318,14.648022651672363,479800,0.0,0.0
2025-05-09 00:00:00-04:00,14.67659544868653,14.828980462026648,14.590878651611133,14.619451522827148,249100,0.0,0.0
2025-05-12 00:00:00-04:00,15.009937711468021,15.124226466637216,14.55278178250496,14.895648956298828,598100,0.0,0.0
2025-05-13 00:00:00-04:00,15.076605338609767,15.076605338609767,14.552781216573491,14.571829795837402,372900,0.0,0.0
2025-05-14 00:00:00-04:00,14.543257242552743,14.648021699376077,14.076577060754111,14.448016166687012,577500,0.0,0.0
2025-05-15 00:00:00-04:00,14.524209432597358,14.648022474459752,14.448016931187617,14.609926223754883,279200,0.0,0.0
2025-05-16 00:00:00-04:00,14.638497704131767,14.952791989200268,14.524208955769243,14.914695739746094,339200,0.0,0.0
2025-05-19 00:00:00-04:00,14.7623114561092,14.876600210000854,14.705166625020237,14.86707592010498,290200,0.0,0.0
2025-05-20 00:00:00-04:00,14.76231182489652,14.95279308614115,14.676595030264862,14.743263244628906,238500,0.0,0.0
2025-05-21 00:00:00-04:00,14.562305904199617,14.657546986549647,13.962289265281486,14.048006057739258,353800,0.0,0.0
2025-05-22 00:00:00-04:00,13.895620043463923,13.952763962094947,13.609897725450173,13.828951835632324,429900,0.0,0.0
2025-05-23 00:00:00-04:00,13.743235886617812,13.924192851021306,13.628947134107248,13.809904098510742,204800,0.0,0.0
2025-05-27 00:00:00-04:00,13.905145724506465,14.524210051929941,13.79085605923212,14.333728790283203,431400,0.0,0.0
2025-05-28 00:00:00-04:00,14.3718249217076,14.3718249217076,14.11467453943309,14.305156707763672,257300,0.0,0.0
2025-05-29 00:00:00-04:00,14.419445619554352,14.619451171832962,14.30515686229319,14.543258666992188,215800,0.0,0.0
2025-05-30 00:00:00-04:00,14.50516057361377,14.628973613090512,14.314679323759645,14.352775573730469,374200,0.0,0.0
2025-06-02 00:00:00-04:00,14.276584210655663,14.324204753982855,14.028958111983323,14.181344032287598,292900,0.0,0.0
2025-06-03 00:00:00-04:00,14.105150643328614,14.362300107940374,14.038481523529352,14.200390815734863,334100,0.0,0.0
2025-06-04 00:00:00-04:00,14.190866330791875,14.638497950630816,14.143246699386959,14.562305450439453,323900,0.0,0.0
2025-06-05 00:00:00-04:00,14.524209920866307,14.71469118079418,14.43849312682719,14.51468563079834,262500,0.0,0.0
2025-06-06 00:00:00-04:00,14.676594501543677,14.848028084631137,14.571830038704823,14.628973960876465,225200,0.0,0.0
2025-06-09 00:00:00-04:00,14.83850401406358,15.03850956119173,14.724215259745536,14.87660026550293,258100,0.0,0.0
2025-06-10 00:00:00-04:00,15.019461903137486,15.390900127933977,14.943268491903911,15.276612281799316,305400,0.0,0.0
2025-06-11 00:00:00-04:00,15.305183125562005,15.543284921084929,15.01946169756351,15.038509368896484,296400,0.0,0.0
2025-06-12 00:00:00-04:00,14.87659966784586,15.009936996669984,14.819455747125692,14.952792167663574,205700,0.0,0.0
2025-06-13 00:00:00-04:00,14.695643676673738,14.848028686355287,14.428969001444722,14.543258666992188,235300,0.0,0.0
2025-06-16 00:00:00-04:00,14.524209144650865,14.695642723567195,14.390871815684136,14.552781105041504,309300,0.0,0.0
2025-06-17 00:00:00-04:00,14.35277602392301,14.743262825443628,14.324204062620257,14.648022651672363,288600,0.0,0.0
2025-06-18 00:00:00-04:00,14.667070211752982,14.857552374421832,14.619450579372035,14.628973960876465,269600,0.0,0.0
2025-06-20 00:00:00-04:00,14.752786936826581,14.848028017731888,14.524209432597358,14.609926223754883,654800,0.0,0.0
2025-06-23 00:00:00-04:00,14.60992645092033,14.86707592010498,14.305156440542588,14.86707592010498,316500,0.0,0.0
2025-06-24 00:00:00-04:00,14.867075909984463,15.03850949484838,14.743262866281219,14.857552528381348,316500,0.0,0.0
2025-06-25 00:00:00-04:00,14.762311238827971,14.762311238827971,14.39087211293247,14.409920692443848,251700,0.0,0.0
2025-06-26 00:00:00-04:00,14.571830286294215,15.32423193510415,14.524209744817885,15.295659065246582,543500,0.0,0.0
2025-06-27 00:00:00-04:00,15.228990500509276,15.333755870995395,14.848027994067733,15.009937286376953,968300,0.0,0.0
2025-06-30 00:00:00-04:00,15.132266834114017,15.132266834114017,14.573596332015086,14.987783432006836,519300,0.177,0.0
2025-07-01 00:00:00-04:00,14.86256383182588,15.565717725481457,14.824034863935205,15.267118453979492,606800,0.0,0.0
2025-07-02 00:00:00-04:00,15.170796098464791,15.430867329653667,15.141899601200388,15.22859001159668,400600,0.0,0.0
2025-07-03 00:00:00-04:00,15.498291447016957,15.498291447016957,14.968517477403113,15.113000869750977,237100,0.0,0.0
2025-07-07 00:00:00-04:00,15.12263459438097,15.170796035356688,14.814402841901314,14.881828308105469,393300,0.0,0.0
2025-07-08 00:00:00-04:00,14.833666175799024,15.00704698778987,14.525434437684668,14.775873184204102,479300,0.0,0.0
2025-07-09 00:00:00-04:00,14.795137733994544,15.016679992584747,14.689183299905446,14.910724639892578,398200,0.0,0.0
2025-07-10 00:00:00-04:00,14.891460030168659,15.392336602726695,14.86256353447953,15.026311874389648,384000,0.0,0.0
2025-07-11 00:00:00-04:00,14.862563227447634,14.987782597651112,14.660285924596327,14.785505294799805,359900,0.0,0.0
2025-07-14 00:00:00-04:00,14.775873872841357,14.939622220996945,14.641022021829965,14.881828308105469,318700,0.0,0.0
2025-07-15 00:00:00-04:00,14.978150820685219,15.064841228583047,14.419480323791504,14.419480323791504,311800,0.0,0.0
2025-07-16 00:00:00-04:00,14.50617060401215,14.669918028085293,14.361686285919772,14.621757507324219,340300,0.0,0.0
2025-07-17 00:00:00-04:00,14.641021562017906,14.727711969331004,14.448376722768273,14.496538162231445,297400,0.0,0.0
2025-07-18 00:00:00-04:00,14.592859505749242,14.669917438192039,14.11124696868025,14.188304901123047,279400,0.0,0.0
2025-07-21 00:00:00-04:00,14.37131858068476,14.458008986752914,14.130512305430125,14.17867374420166,259000,0.0,0.0
2025-07-22 00:00:00-04:00,14.178673889995913,14.86256375549539,14.178673889995913,14.746976852416992,353500,0.0,0.0
2025-07-23 00:00:00-04:00,14.74697704880698,14.81440251351654,14.573596232578891,14.766241073608398,280600,0.0,0.0
2025-07-24 00:00:00-04:00,14.57359552704369,14.650653459724973,14.361685752868652,14.361685752868652,353200,0.0,0.0
2025-07-25 00:00:00-04:00,14.361686308324717,14.361686308324717,14.053454565678338,14.197937965393066,403400,0.0,0.0
2025-07-28 00:00:00-04:00,14.17867410151119,14.188305654625784,13.83191246850001,13.870441436767578,419500,0.0,0.0
2025-07-29 00:00:00-04:00,13.995660848407107,14.217203105453837,13.774119509963441,14.043822288513184,475500,0.0,0.0
2025-07-30 00:00:00-04:00,14.063087229098754,14.101616197455064,13.533313225247207,13.571842193603516,412500,0.0,0.0
2025-07-31 00:00:00-04:00,13.41772618763581,13.610371027514377,13.263610315732956,13.475519180297852,548700,0.0,0.0
2025-08-01 00:00:00-04:00,13.591106218480137,13.986029292386137,13.359932408342283,13.571842193603516,824600,0.0,0.0
2025-08-04 00:00:00-04:00,13.581474336849501,13.870441133231074,13.475518987480084,13.629634857177734,591200,0.0,0.0
2025-08-05 00:00:00-04:00,13.716324445876428,13.85117628312461,13.533312091170956,13.725956916809082,460800,0.0,0.0
2025-08-06 00:00:00-04:00,13.494784026491574,13.870441231901145,13.417726091094583,13.552577018737793,549400,0.0,0.0
2025-08-07 00:00:00-04:00,13.80301610326478,13.80301610326478,13.157655189691082,13.196184158325195,492000,0.0,0.0
2025-08-08 00:00:00-04:00,12.936113282288716,13.533312729224496,12.936113282288716,13.485151290893555,687600,0.0,0.0
2025-08-11 00:00:00-04:00,13.533313323800462,13.899338985152427,13.446622914716697,13.494784355163574,479200,0.0,0.0
2025-08-12 00:00:00-04:00,13.629635029999784,14.159409027755204,13.533313069518924,14.072718620300293,445300,0.0,0.0
2025-08-13 00:00:00-04:00,14.197937821689656,14.824034690856934,14.169041325759796,14.824034690856934,681000,0.0,0.0
2025-08-14 00:00:00-04:00,14.602492184251465,14.968517827852338,14.41947982175254,14.929988861083984,988700,0.0,0.0
2025-08-15 00:00:00-04:00,14.978150957941565,14.98778342970805,14.660286738472067,14.689183235168457,445300,0.0,0.0
2025-08-18 00:00:00-04:00,14.727712631225586,14.910725007086938,14.679551189597937,14.727712631225586,359800,0.0,0.0
2025-08-19 00:00:00-04:00,14.881828272780043,15.373073316080726,14.785506309660333,15.305647850036621,473400,0.0,0.0
2025-08-20 00:00:00-04:00,15.25748558675655,15.613877841552382,15.25748558675655,15.276749610900879,296000,0.0,0.0
2025-08-21 00:00:00-04:00,15.13226706629673,15.353808408740715,14.833666867129752,14.881828308105469,232300,0.0,0.0
2025-08-22 00:00:00-04:00,14.997414763724025,15.82578895147598,14.997414763724025,15.61387825012207,450300,0.0,0.0
2025-08-25 00:00:00-04:00,15.507924537169748,15.604247414981948,15.392336716353888,15.421234130859375,247400,0.0,0.0
2025-08-26 00:00:00-04:00,15.41160264907662,15.517558005195006,15.25748676956235,15.296015739440918,292200,0.0,0.0
2025-08-27 00:00:00-04:00,15.324911030571041,15.57534977436464,15.324911030571041,15.527189254760742,170000,0.0,0.0
2025-08-28 00:00:00-04:00,15.527189875471583,15.58498286874779,15.190060713149133,15.459762573242188,209400,0.0,0.0
2025-08-29 00:00:00-04:00,15.459762671600675,15.931744604178638,15.459762671600675,15.854684829711914,398400,0.0,0.0
2025-09-02 00:00:00-04:00,15.315279499294855,15.700569191394152,15.151531150501883,15.401969909667969,396200,0.0,0.0
2025-09-03 00:00:00-04:00,15.382704846242346,15.671672555116993,15.29601444171965,15.604247093200684,493900,0.0,0.0
2025-09-04 00:00:00-04:00,15.796891432612135,15.796891432612135,15.257485885564606,15.344176292419434,309100,0.0,0.0
2025-09-05 00:00:00-04:00,15.48866028199943,15.748731512480008,15.469395338140238,15.700569152832031,553600,0.0,0.0
2025-09-08 00:00:00-04:00,15.517557244541296,15.825788988460653,15.209324582018883,15.787259101867676,459500,0.0,0.0
2025-09-09 00:00:00-04:00,15.710200414143948,15.94137421102164,15.45013104091031,15.758362770080566,297900,0.0,0.0
2025-09-10 00:00:00-04:00,15.671672747394226,15.76799562440191,15.334543596470365,15.4501314163208,249700,0.0,0.0
2025-09-11 00:00:00-04:00,15.37307243019665,16.1436526837645,15.353807487521017,16.124387741088867,519100,0.0,0.0
2025-09-12 00:00:00-04:00,16.076229206914032,16.278505618369827,15.835422905348778,15.873950958251953,420800,0.0,0.0
2025-09-15 00:00:00-04:00,16.076227575114384,16.134020567206072,15.671672956060375,15.767995834350586,336800,0.0,0.0
2025-09-16 00:00:00-04:00,15.777627091062628,15.79689203492182,15.469395338140238,15.700569152832031,285800,0.0,0.0
2025-09-17 00:00:00-04:00,15.777626861365313,16.528943126080286,15.652408402515888,15.806524276733398,388100,0.0,0.0
2025-09-18 00:00:00-04:00,15.816155619475328,16.211077748616674,15.777625735068364,16.085859298706055,255500,0.0,0.0
2025-09-19 00:00:00-04:00,16.047330793472803,16.095491315914614,15.565718220230027,15.700569152832031,848600,0.0,0.0
2025-09-22 00:00:00-04:00,15.594615209827301,15.80652407486856,15.373072954516639,15.488659858703613,299400,0.0,0.0
2025-09-23 00:00:00-04:00,15.57534977436464,15.710200699020401,15.450131321070868,15.527189254760742,299700,0.0,0.0
2025-09-24 00:00:00-04:00,15.459762065535672,15.53681999977537,15.016679402958927,15.026311874389648,333500,0.0,0.0
2025-09-25 00:00:00-04:00,15.00704698778987,15.093737393785293,14.669917835275012,14.775873184204102,359100,0.0,0.0
2025-09-26 00:00:00-04:00,14.833666800465972,15.132266998291016,14.795137831579167,15.132266998291016,281400,0.0,0.0
2025-09-29 00:00:00-04:00,15.11300189057809,15.11300189057809,14.87219560799741,14.987783432006836,413000,0.0,0.0
2025-09-30 00:00:00-04:00,14.994603126372995,15.101776690968022,14.887428632605285,15.092033386230469,256300,0.177,0.0
2025-10-01 00:00:00-04:00,15.072547136622159,15.296637562085635,15.004344935208046,15.199207305908203,281000,0.0,0.0
2025-10-02 00:00:00-04:00,15.189464578375006,15.199207883114555,14.906915245136837,15.043317794799805,266400,0.0,0.0
2025-10-03 00:00:00-04:00,15.101777081063984,15.442785322305479,15.043318180301293,15.053061485290527,290000,0.0,0.0
2025-10-06 00:00:00-04:00,15.014088091541122,15.092032667383606,14.673080804523416,14.780254364013672,511900,0.0,0.0
2025-10-07 00:00:00-04:00,14.741282103082478,14.936143543045462,14.614621934813378,14.634108543395996,288500,0.0,0.0
2025-10-08 00:00:00-04:00,14.614622432846105,15.062804224620292,14.497705564884056,15.01408863067627,546400,0.0,0.0
2025-10-09 00:00:00-04:00,14.95563113038547,14.95563113038547,14.468477034010343,14.585393905639648,315700,0.0,0.0
2025-10-10 00:00:00-04:00,14.653595590591157,14.731540173851796,14.322330647147075,14.400275230407715,330300,0.0,0.0
2025-10-13 00:00:00-04:00,14.497705072537496,14.624365240821463,14.361301599961076,14.536677360534668,323600,0.0,0.0
2025-10-14 00:00:00-04:00,14.48796228894045,14.975116370999668,14.478218984297824,14.916658401489258,276900,0.0,0.0
2025-10-15 00:00:00-04:00,14.994603300337475,15.413555188013312,14.955631010107801,15.169978141784668,388700,0.0,0.0
2025-10-16 00:00:00-04:00,15.101776511421114,15.247922364056121,15.004345323549328,15.062804222106934,280400,0.0,0.0
2025-10-17 00:00:00-04:00,14.984860213048464,15.218693957821491,14.877686645654004,15.004345893859863,243000,0.0,0.0
2025-10-20 00:00:00-04:00,15.033575413087938,15.286894832003913,14.975116513847217,15.140748977661133,184900,0.0,0.0
2025-10-21 00:00:00-04:00,15.140749536196548,15.35509760242282,15.121263855179276,15.228437423706055,196800,0.0,0.0
2025-10-22 00:00:00-04:00,15.335610383831634,15.442784877279253,15.21869351484824,15.4330415725708,184400,0.0,0.0
2025-10-23 00:00:00-04:00,15.394068933287997,15.44278452655118,15.072547318592719,15.13100528717041,279000,0.0,0.0
2025-10-24 00:00:00-04:00,15.20895021596908,15.345353694421659,14.90691520327272,15.335610389709473,268100,0.0,0.0
2025-10-27 00:00:00-04:00,15.325866900858955,15.433041393059964,15.082289861016903,15.403812408447266,245800,0.0,0.0
2025-10-28 00:00:00-04:00,15.32586768713784,15.32586768713784,14.936144775065268,15.228437423706055,242600,0.0,0.0
2025-10-29 00:00:00-04:00,15.10177666376045,15.10177666376045,14.146955101344933,14.185927391052246,521000,0.0,0.0
2025-10-30 00:00:00-04:00,14.137211839851224,14.25412870933065,13.77671792666315,13.893634796142578,502700,0.0,0.0
2025-10-31 00:00:00-04:00,13.805947635994182,14.176184873354538,13.698774065642262,14.0592679977417,696300,0.0,0.0
2025-11-03 00:00:00-05:00,13.913120236058448,14.127468290986592,13.523397344527886,14.10798168182373,983000,0.0,0.0
2025-11-04 00:00:00-05:00,14.088496593690893,14.166441175271457,13.942350735520515,14.09823989868164,285600,0.0,0.0
2025-11-05 00:00:00-05:00,14.263871797244235,14.332073071110617,13.952092554199343,14.010551452636719,729900,0.0,0.0
2025-11-06 00:00:00-05:00,14.156697992379451,14.322330461959869,12.500374225747972,12.510117530822754,535200,0.0,0.0
2025-11-07 00:00:00-05:00,12.763437416847024,13.065472429640488,12.607547328919953,12.938812255859375,815900,0.0,0.0
2025-11-10 00:00:00-05:00,12.938812819088563,13.201876482817324,12.782923653548282,12.977785110473633,537900,0.0,0.0
2025-11-11 00:00:00-05:00,13.094702094715135,13.416224662810881,12.938812927864307,13.396738052368164,401800,0.0,0.0
2025-11-12 00:00:00-05:00,13.396737939742675,13.425966925988297,12.977785110473633,12.977785110473633,576000,0.0,0.0
2025-11-13 00:00:00-05:00,12.929069871503241,13.182389289720106,12.831638682761824,13.084959030151367,483300,0.0,0.0
2025-11-14 00:00:00-05:00,13.094701588204993,13.114188197893958,12.79266657140757,13.065472602844238,439000,0.0,0.0
2025-11-17 00:00:00-05:00,13.153160316766936,13.250591505597244,12.841381999186236,12.890096664428711,374800,0.0,0.0
2025-11-18 00:00:00-05:00,12.880354316453367,13.036243475577388,12.782923127414515,12.841382026672363,320300,0.0,0.0
2025-11-19 00:00:00-05:00,12.821895429721904,12.841382039217784,12.588061690807429,12.646519660949707,424700,0.0,0.0
2025-11-20 00:00:00-05:00,12.724465419228496,12.792666695455827,12.432172775268555,12.432172775268555,368400,0.0,0.0
2025-11-21 00:00:00-05:00,12.558832312760394,13.026499775955655,12.432172142518514,12.929069519042969,419300,0.0,0.0
2025-11-24 00:00:00-05:00,12.99727150047449,13.211619564045957,12.821895727627586,13.143417358398438,568500,0.0,0.0
2025-11-25 00:00:00-05:00,13.289564253670866,13.952093201381421,13.231105352521816,13.659801483154297,422800,0.0,0.0
2025-11-26 00:00:00-05:00,13.581855766072774,13.981322904663392,13.581855766072774,13.67928695678711,548900,0.0,0.0
2025-11-28 00:00:00-05:00,13.669542908515332,13.71825850122329,13.425965874148195,13.513653755187988,159800,0.0,0.0
2025-12-01 00:00:00-05:00,13.396737136227308,13.484425018877513,13.075215519291666,13.10444450378418,444200,0.0,0.0
2025-12-02 00:00:00-05:00,13.211619384347456,13.221361760016558,12.880354453108003,13.114188194274902,668400,0.0,0.0
2025-12-03 00:00:00-05:00,13.123931840768769,13.396737879232042,13.065472939368853,13.318793296813965,369700,0.0,0.0
2025-12-04 00:00:00-05:00,13.260333872034753,13.377250741047215,12.948555554668188,13.036243438720703,314300,0.0,0.0
2025-12-05 00:00:00-05:00,13.123931112894297,13.513654003370027,13.026499925689032,13.10444450378418,416800,0.0,0.0
2025-12-08 00:00:00-05:00,13.240848549796207,13.240848549796207,12.89984030907672,13.143417358398438,458200,0.0,0.0
2025-12-09 00:00:00-05:00,13.182389599956874,13.445453258246083,13.162903919253617,13.435709953308105,340700,0.0,0.0
2025-12-10 00:00:00-05:00,13.37725028144024,13.620827315807375,13.299305704776568,13.513653755187988,363200,0.0,0.0
2025-12-11 00:00:00-05:00,13.601342197943733,13.76697466248758,13.533140922839568,13.650057792663574,463800,0.0,0.0
2025-12-12 00:00:00-05:00,13.57211376739619,13.805947516599662,13.56237046221953,13.737746238708496,483400,0.0,0.0
2025-12-15 00:00:00-05:00,13.825432671507796,13.854662585925121,13.231105015945856,13.455196380615234,515400,0.0,0.0
2025-12-16 00:00:00-05:00,13.435709209797984,13.445452514196784,13.094700989221186,13.270076751708984,405800,0.0,0.0
2025-12-17 00:00:00-05:00,13.22136209459896,13.513654743040744,13.22136209459896,13.416224479675293,372200,0.0,0.0
2025-12-18 00:00:00-05:00,13.513653786643083,13.542882770666834,13.260333447310185,13.270076751708984,465700,0.0,0.0
2025-12-19 00:00:00-05:00,13.2311046404302,13.416223709795252,13.114187773597216,13.348021507263184,1659200,0.0,0.0
2025-12-22 00:00:00-05:00,13.367508893118442,13.48442576674556,13.192133118091409,13.318793296813965,438200,0.0,0.0
2025-12-23 00:00:00-05:00,13.192132206718933,13.39673695372454,13.016756443807653,13.02649974822998,357100,0.0,0.0
2025-12-24 00:00:00-05:00,13.08495917065352,13.328536215949839,13.08495917065352,13.309049606323242,152100,0.0,0.0
2025-12-26 00:00:00-05:00,13.201875868710822,13.367508331685888,13.065472390621744,13.182389259338379,350200,0.0,0.0
2025-12-29 00:00:00-05:00,13.221361714518302,13.474682064497044,13.211619338882725,13.40648078918457,432200,0.0,0.0
2025-12-30 00:00:00-05:00,13.383779598174547,13.482479469866377,13.31468865258148,13.423259735107422,548500,0.177,0.0
2025-12-31 00:00:00-05:00,13.462740262671613,13.551569867387503,13.354169176995402,13.512089729309082,473200,0.0,0.0
2026-01-02 00:00:00-05:00,13.44300009884177,13.531830647321993,13.255469673046338,13.45287036895752,347300,0.0,0.0
2026-01-05 00:00:00-05:00,13.314689397052094,13.788452008017021,13.285079528017025,13.709491729736328,465300,0.0,0.0
2026-01-06 00:00:00-05:00,13.630531458696325,14.153643537903994,13.551570239092921,14.114163398742676,821700,0.0,0.0
2026-01-07 00:00:00-05:00,14.202993392944336,14.587924499426162,14.133902446147532,14.202993392944336,1254800,0.0,0.0
2026-01-08 00:00:00-05:00,13.936501741861536,14.617535291629062,13.936501741861536,14.459613800048828,694800,0.0,0.0
2026-01-09 00:00:00-05:00,14.479354264623167,14.716235088847828,14.23260317073563,14.67675495147705,324200,0.0,0.0
2026-01-12 00:00:00-05:00,14.706364775845147,14.923506001384865,14.479354221952361,14.785325050354004,293000,0.0,0.0
2026-01-13 00:00:00-05:00,14.85441657706115,14.89389671585857,14.34117383141392,14.439874649047852,273800,0.0,0.0
2026-01-14 00:00:00-05:00,14.370784192463853,14.755715298391518,14.370784192463853,14.716235160827637,266800,0.0,0.0
2026-01-15 00:00:00-05:00,14.795195475845873,15.051816841343364,14.587924517756473,14.864286422729492,296400,0.0,0.0
2026-01-16 00:00:00-05:00,14.83467545724222,14.913635731751079,14.706364775845147,14.785325050354004,436800,0.0,0.0
2026-01-20 00:00:00-05:00,14.53857425693484,14.716235348882963,14.32143396819907,14.686625480651855,374300,0.0,0.0
2026-01-21 00:00:00-05:00,14.735975584746509,14.884025864130436,14.666884638590718,14.785325050354004,395700,0.0,0.0
2026-01-22 00:00:00-05:00,14.824806128889154,15.11103735930394,14.706364775845147,14.785325050354004,291400,0.0,0.0
2026-01-23 00:00:00-05:00,14.232603974304029,14.637275640522311,13.857542177465412,13.936502456665039,492600,0.0,0.0
2026-01-26 00:00:00-05:00,14.035202358783081,14.054941956652165,13.66014058646334,13.82793140411377,277800,0.0,0.0
2026-01-27 00:00:00-05:00,13.758840820253386,13.857541636036965,13.660140945750546,13.76871109008789,323800,0.0,0.0
2026-01-28 00:00:00-05:00,13.768711554021001,13.897022242350754,13.46274070908763,13.492350578308105,343900,0.0,0.0
2026-01-29 00:00:00-05:00,13.610790794040897,13.837802298103641,13.53183051644014,13.778581619262695,392800,0.0,0.0
2026-01-30 00:00:00-05:00,13.748971773234912,13.966112066355947,13.561440407662213,13.926631927490234,379100,0.0,0.0
2026-02-02 00:00:00-05:00,13.837801703121668,14.291822809164161,13.670010885114348,13.975981712341309,483800,0.0,0.0
2026-02-03 00:00:00-05:00,13.956242737600087,14.291823447318258,13.719360963125059,13.926631927490234,308700,0.0,0.0
2026-02-04 00:00:00-05:00,14.084552823132201,14.449744327374553,14.045071744670707,14.380653381347656,301700,0.0,0.0
2026-02-05 00:00:00-05:00,14.489224648901443,14.726105474999924,14.232603283321055,14.607665061950684,604000,0.0,0.0
2026-02-06 00:00:00-05:00,14.607665299849335,14.953116274882078,14.607665299849335,14.87415599822998,393700,0.0,0.0
2026-02-09 00:00:00-05:00,14.795195547003955,14.953116098444788,14.508964312197259,14.903766632080078,281000,0.0,0.0
2026-02-10 00:00:00-05:00,15.01233740888438,15.38739920501155,14.91363658943168,15.259088516235352,486100,0.0,0.0
2026-02-11 00:00:00-05:00,15.229478643266397,15.229478643266397,14.75571602779993,14.854416847229004,331800,0.0,0.0
2026-02-12 00:00:00-05:00,15.189997873060314,15.189997873060314,14.242473622749483,14.64714527130127,382100,0.0,0.0
2026-02-13 00:00:00-05:00,14.716235316214402,15.634149700867697,14.65701557988365,15.456488609313965,405400,0.0,0.0
2026-02-17 00:00:00-05:00,15.624279532406497,15.920380098542527,15.456488709579684,15.900641441345215,288000,0.0,0.0
2026-02-18 00:00:00-05:00,15.55518961445937,15.880900992089789,15.328178112343194,15.426878929138184,315000,0.0,0.0
2026-02-19 00:00:00-05:00,15.338048124367415,15.574928951155307,15.278827447030075,15.417008399963379,262400,0.0,0.0
2026-02-20 00:00:00-05:00,15.426879231021507,15.732850074768066,15.199867724463019,15.732850074768066,257200,0.0,0.0
2026-02-23 00:00:00-05:00,15.752590296861586,15.96973152890555,15.515709466239485,15.683500289916992,280400,0.0,0.0
2026-02-24 00:00:00-05:00,15.811811223872324,15.969731780104432,15.624279857386124,15.69336986541748,360900,0.0,0.0
2026-02-25 00:00:00-05:00,15.624278770660585,16.384272571268216,15.249217005055861,16.12765121459961,520900,0.0,0.0
2026-02-26 00:00:00-05:00,16.127651733517684,16.37440282872749,16.019080649205705,16.14739227294922,213800,0.0,0.0
2026-02-27 00:00:00-05:00,16.019080713081333,16.2460912697648,15.880900701632521,15.93025016784668,418400,0.0,0.0
2026-03-02 00:00:00-05:00,15.62427947546165,16.12765194210748,15.62427947546165,16.00921058654785,273300,0.0,0.0
2026-03-03 00:00:00-05:00,15.772330241803251,15.801941052241835,15.160387611950737,15.476229667663574,508700,0.0,0.0
2026-03-04 00:00:00-05:00,15.594669895510918,15.653889633104788,15.308438653725194,15.505839347839355,289700,0.0,0.0
2026-03-05 00:00:00-05:00,15.239347611816719,15.42687897604121,15.180127874584276,15.31830883026123,222900,0.0,0.0
2026-03-06 00:00:00-05:00,15.061687236181669,15.229478057994392,14.893896414368946,15.199867248535156,296300,0.0,0.0
2026-03-09 00:00:00-04:00,14.933376455472871,15.111037545952597,14.53857413677134,15.012336730957031,256600,0.0,0.0
2026-03-10 00:00:00-04:00,14.923506042594816,15.140647268734151,14.805065630504467,14.93337631225586,248300,0.0,0.0
2026-03-11 00:00:00-04:00,14.76558568493003,14.943246776013542,14.430004042341505,14.64714527130127,187400,0.0,0.0
2026-03-12 00:00:00-04:00,14.430004074667268,14.647145304113467,14.370784338360592,14.53857421875,214600,0.0,0.0
2026-03-13 00:00:00-04:00,14.814936487362312,14.893896765218837,14.272083871138124,14.331304550170898,249600,0.0,0.0
2026-03-16 00:00:00-04:00,14.587925216239833,14.775456585113611,14.479355067768177,14.597795486450195,266800,0.0,0.0
2026-03-17 00:00:00-04:00,14.74584488404202,14.903766374029262,14.607664874564172,14.637274742126465,313200,0.0,0.0
2026-03-18 00:00:00-04:00,14.46948399774138,14.637274816919613,14.311563448227918,14.420133590698242,265800,0.0,0.0
2026-03-19 00:00:00-04:00,14.272083717687677,14.499094278764229,14.25234317779541,14.25234317779541,308000,0.0,0.0
2026-03-20 00:00:00-04:00,14.380653673341849,14.420133811324254,13.551569834430587,13.620660781860352,836800,0.0,0.0
2026-03-23 00:00:00-04:00,14.054942755590458,14.262213722041869,13.758841240476906,14.005592346191406,447900,0.0,0.0
2026-03-24 00:00:00-04:00,13.670011660403004,14.035203184636282,13.56144057125205,13.748971939086914,261000,0.0,0.0
2026-03-25 00:00:00-04:00,13.936502245619131,13.98585265469176,13.670011542676157,13.818061828613281,301100,0.0,0.0
2026-03-26 00:00:00-04:00,13.571310399801472,13.887151504259743,13.571310399801472,13.76871109008789,214900,0.0,0.0
2026-03-27 00:00:00-04:00,13.610790818797293,13.670011497745955,13.215989430075412,13.265338897705078,311900,0.0,0.0
2026-03-30 00:00:00-04:00,13.492350248129673,13.640400531889801,13.265338746245963,13.442999839782715,342500,0.0,0.0
2026-03-31 00:00:00-04:00,13.710000038146973,13.710000038146973,13.399999618530273,13.529999732971191,306900,0.177,0.0
2026-04-01 00:00:00-04:00,13.569999694824219,13.59000015258789,13.390000343322754,13.420000076293945,287200,0.0,0.0
2026-04-02 00:00:00-04:00,13.25,13.529999732971191,13.079999923706055,13.510000228881836,404300,0.0,0.0
2026-04-06 00:00:00-04:00,13.380000114440918,13.550000190734863,13.170000076293945,13.479999542236328,380700,0.0,0.0
2026-04-07 00:00:00-04:00,13.420000076293945,13.8100004196167,13.329999923706055,13.739999771118164,340500,0.0,0.0
2026-04-08 00:00:00-04:00,14.119999885559082,14.5,14.09000015258789,14.420000076293945,802900,0.0,0.0
2026-04-09 00:00:00-04:00,14.319999694824219,15.079999923706055,14.319999694824219,14.789999961853027,406100,0.0,0.0
2026-04-10 00:00:00-04:00,14.9399995803833,15.0600004196167,14.760000228881836,15.029999732971191,271800,0.0,0.0
2026-04-13 00:00:00-04:00,14.949999809265137,15.119999885559082,14.720000267028809,15.119999885559082,263400,0.0,0.0
2026-04-14 00:00:00-04:00,15.079999923706055,15.449999809265137,15.050000190734863,15.449999809265137,273400,0.0,0.0
2026-04-15 00:00:00-04:00,15.380000114440918,15.470000267028809,15.220000267028809,15.380000114440918,235500,0.0,0.0
2026-04-16 00:00:00-04:00,15.350000381469727,15.4399995803833,14.899999618530273,15.210000038146973,1020400,0.0,0.0
2026-04-17 00:00:00-04:00,15.4399995803833,15.800000190734863,15.359999656677246,15.479999542236328,598300,0.0,0.0
2026-04-20 00:00:00-04:00,15.369999885559082,15.609999656677246,15.359999656677246,15.59000015258789,281100,0.0,0.0
2026-04-21 00:00:00-04:00,15.510000228881836,15.789999961853027,15.40999984741211,15.550000190734863,331200,0.0,0.0
2026-04-22 00:00:00-04:00,15.619999885559082,15.649999618530273,15.319999694824219,15.449999809265137,189800,0.0,0.0
2026-04-23 00:00:00-04:00,15.34000015258789,15.75,15.319999694824219,15.729999542236328,304600,0.0,0.0
2026-04-24 00:00:00-04:00,15.720000267028809,15.989999771118164,15.619999885559082,15.989999771118164,297200,0.0,0.0
2026-04-27 00:00:00-04:00,15.979999542236328,16.260000228881836,15.920000076293945,15.949999809265137,291700,0.0,0.0
2026-04-28 00:00:00-04:00,16.020000457763672,16.1299991607666,15.720000267028809,15.960000038146973,296700,0.0,0.0
2026-04-29 00:00:00-04:00,15.800000190734863,15.970000267028809,15.699999809265137,15.8100004196167,309800,0.0,0.0
2026-04-30 00:00:00-04:00,15.800000190734863,16.079999923706055,15.800000190734863,16.020000457763672,359600,0.0,0.0
2026-05-01 00:00:00-04:00,15.479999542236328,15.5600004196167,14.569999694824219,14.859999656677246,604600,0.0,0.0
2026-05-04 00:00:00-04:00,14.479999542236328,14.619999885559082,14.1899995803833,14.489999771118164,666800,0.0,0.0
2026-05-05 00:00:00-04:00,14.59000015258789,14.899999618530273,14.489999771118164,14.619999885559082,570000,0.0,0.0
2026-05-06 00:00:00-04:00,14.859999656677246,15.210000038146973,14.800000190734863,15.09000015258789,558900,0.0,0.0
2026-05-07 00:00:00-04:00,15.100000381469727,15.579999923706055,15.09000015258789,15.40999984741211,398600,0.0,0.0
2026-05-08 00:00:00-04:00,15.420000076293945,15.779999732971191,15.130000114440918,15.130000114440918,380600,0.0,0.0
2026-05-11 00:00:00-04:00,15.15999984741211,15.25,14.979999542236328,15.210000038146973,357800,0.0,0.0
2026-05-12 00:00:00-04:00,15.1899995803833,15.3100004196167,15.050000190734863,15.229999542236328,335000,0.0,0.0
2026-05-13 00:00:00-04:00,15.199999809265137,15.300000190734863,14.59000015258789,14.720000267028809,299900,0.0,0.0
2026-05-14 00:00:00-04:00,14.779999732971191,14.960000038146973,14.609999656677246,14.609999656677246,350800,0.0,0.0
2026-05-15 00:00:00-04:00,14.470000267028809,14.470000267028809,14.15999984741211,14.170000076293945,261800,0.0,0.0
2026-05-18 00:00:00-04:00,14.34000015258789,14.649999618530273,14.34000015258789,14.420000076293945,254100,0.0,0.0
2026-05-19 00:00:00-04:00,14.3100004196167,14.430000305175781,14.170000076293945,14.220000267028809,367500,0.0,0.0
2026-05-20 00:00:00-04:00,14.289999961853027,14.680000305175781,14.130000114440918,14.65999984741211,220400,0.0,0.0
2026-05-21 00:00:00-04:00,14.489999771118164,14.529999732971191,14.199999809265137,14.460000038146973,240100,0.0,0.0
2026-05-22 00:00:00-04:00,14.489999771118164,14.760000228881836,14.40999984741211,14.65999984741211,288100,0.0,0.0
2026-05-26 00:00:00-04:00,14.649999618530273,14.760000228881836,14.569999694824219,14.6899995803833,277600,0.0,0.0
2026-05-27 00:00:00-04:00,14.850000381469727,15.100000381469727,14.770000457763672,14.979999542236328,266900,0.0,0.0
2026-05-28 00:00:00-04:00,14.90999984741211,15.239999771118164,14.869999885559082,15.149999618530273,284600,0.0,0.0
2026-05-29 00:00:00-04:00,14.989999771118164,15.119999885559082,14.920000076293945,14.970000267028809,360300,0.0,0.0
2026-06-01 00:00:00-04:00,14.890000343322754,15.09000015258789,14.569999694824219,14.6899995803833,418000,0.0,0.0
2026-06-02 00:00:00-04:00,14.6899995803833,15.270000457763672,14.6899995803833,15.100000381469727,335700,0.0,0.0
2026-06-03 00:00:00-04:00,14.989999771118164,15.140000343322754,14.880000114440918,14.880000114440918,301400,0.0,0.0
2026-06-04 00:00:00-04:00,15.15999984741211,15.40999984741211,15.020000457763672,15.199999809265137,397200,0.0,0.0
2026-06-05 00:00:00-04:00,15.15999984741211,15.539999961853027,15.15999984741211,15.479999542236328,290800,0.0,0.0
2026-06-08 00:00:00-04:00,15.489999771118164,15.800000190734863,15.470000267028809,15.640000343322754,258600,0.0,0.0
2026-06-09 00:00:00-04:00,15.819999694824219,16.31999969482422,15.770000457763672,15.829999923706055,478200,0.0,0.0
2026-06-10 00:00:00-04:00,15.949999809265137,16.06999969482422,15.729999542236328,15.75,267600,0.0,0.0
2026-06-11 00:00:00-04:00,15.949999809265137,16.209999084472656,15.850000381469727,16.09000015258789,365800,0.0,0.0
2026-06-12 00:00:00-04:00,16.110000610351562,16.290000915527344,15.779999732971191,15.8100004196167,375800,0.0,0.0
2026-06-15 00:00:00-04:00,15.90999984741211,15.970000267028809,15.539999961853027,15.6899995803833,317900,0.0,0.0
2026-06-16 00:00:00-04:00,15.829999923706055,16.06999969482422,15.350000381469727,15.6899995803833,350700,0.0,0.0
2026-06-17 00:00:00-04:00,15.59000015258789,15.789999961853027,14.720000267028809,14.869999885559082,406000,0.0,0.0
2026-06-18 00:00:00-04:00,15.0,15.359999656677246,15.0,15.34000015258789,646900,0.0,0.0
2026-06-22 00:00:00-04:00,15.25,15.430000305175781,15.15999984741211,15.210000038146973,386200,0.0,0.0
2026-06-23 00:00:00-04:00,15.289999961853027,15.600000381469727,15.279999732971191,15.529999732971191,297800,0.0,0.0
2026-06-24 00:00:00-04:00,15.770000457763672,15.979999542236328,15.680000305175781,15.739999771118164,463600,0.0,0.0
2026-06-25 00:00:00-04:00,15.859999656677246,15.960000038146973,15.479999542236328,15.6899995803833,306800,0.0,0.0
2026-06-26 00:00:00-04:00,15.529999732971191,16.469999313354492,15.755000114440918,16.440000534057617,1209813,0.0,0.0
