Date,Open,High,Low,Close,Volume,Dividends,Stock Splits
2022-01-04 00:00:00-05:00,70.8998485752011,71.40767237419244,70.75922053795094,70.97797393798828,10518000,0.0,0.0
2022-01-05 00:00:00-05:00,71.17328850409181,71.47017321990288,70.49359130859375,70.49359130859375,6364100,0.0,0.0
2022-01-06 00:00:00-05:00,71.07173577266146,71.5483082868784,70.73579131117384,71.29048919677734,4977400,0.0,0.0
2022-01-07 00:00:00-05:00,71.41548485511623,71.64986093742756,71.10297745145151,71.47798156738281,5107300,0.0,0.0
2022-01-10 00:00:00-05:00,71.60299375561759,71.75143016709146,70.75141114826674,71.04048156738281,4264600,0.0,0.0
2022-01-11 00:00:00-05:00,71.09515843812221,71.73579589111935,70.94671609004081,71.72798156738281,6004300,0.0,0.0
2022-01-12 00:00:00-05:00,71.6186070560428,72.34518421049668,71.6107986926513,71.64204406738281,3445800,0.0,0.0
2022-01-13 00:00:00-05:00,71.8451705194887,72.29830591388406,71.78266785255506,72.02486419677734,2969600,0.0,0.0
2022-01-14 00:00:00-05:00,71.78267509624959,72.2201878483528,71.47017365121116,72.10299682617188,4519500,0.0,0.0
2022-01-17 00:00:00-05:00,72.11861446581473,72.9233169555664,72.11861446581473,72.9233169555664,1845100,0.0,0.0
2022-01-18 00:00:00-05:00,72.3764300668345,72.41549572316569,71.88423498420589,72.15767669677734,4962200,0.0,0.0
2022-01-19 00:00:00-05:00,72.29830292455328,72.30611724774248,70.9545254439532,71.17327880859375,3946500,0.0,0.0
2022-01-20 00:00:00-05:00,71.0482937015556,71.78267929303145,70.96235401097066,71.12641906738281,2841700,0.0,0.0
2022-01-21 00:00:00-05:00,70.39984301469346,70.93110385599923,69.83733083441871,70.29046630859375,6532200,0.0,0.0
2022-01-24 00:00:00-05:00,68.78261854500852,69.5482554328106,68.18104074400958,69.52481842041016,8906200,0.0,0.0
2022-01-25 00:00:00-05:00,69.22011500943144,70.37639045351298,68.44666391271123,69.97794342041016,3453200,0.0,0.0
2022-01-26 00:00:00-05:00,70.70453412674087,71.2279806284099,70.36077536835128,70.68891143798828,3928000,0.0,0.0
2022-01-27 00:00:00-05:00,71.29046721543675,71.71235124354314,70.55607583755727,70.84514617919922,5512000,0.0,0.0
2022-01-28 00:00:00-05:00,70.81389905839636,70.8451503912899,69.81388024813198,70.57170867919922,3893600,0.0,0.0
2022-01-31 00:00:00-05:00,70.38420779987445,71.55610607927761,70.15764604450277,71.53266906738281,5049000,0.0,0.0
2022-02-01 00:00:00-05:00,71.64205020416541,72.33737608286592,71.36079412282776,72.06393432617188,3818300,0.0,0.0
2022-02-02 00:00:00-05:00,72.26706642727905,72.91551829170707,72.09518704532623,72.73582458496094,3509900,0.0,0.0
2022-02-03 00:00:00-05:00,72.3608261500361,72.92333240726836,72.34519749921685,72.53269958496094,2489900,0.0,0.0
2022-02-04 00:00:00-05:00,72.65768773684529,73.15769715410173,72.48580838205419,72.9311294555664,2036400,0.0,0.0
2022-02-07 00:00:00-05:00,72.95457373576689,73.15770444445181,72.57956961574567,73.00926208496094,4307400,0.0,0.0
2022-02-08 00:00:00-05:00,73.36865545458578,74.00929300901385,73.28271576162489,73.82178497314453,3627100,0.0,0.0
2022-02-09 00:00:00-05:00,74.20459868053754,74.22022136764278,73.3139505403898,73.47020721435547,2097800,0.0,0.0
2022-02-10 00:00:00-05:00,73.39988338768264,73.43894904268286,72.70455764486977,72.81393432617188,2954400,0.0,0.0
2022-02-11 00:00:00-05:00,72.74362994465825,73.34520174677061,72.42330823402642,72.7670669555664,2117200,0.0,0.0
2022-02-14 00:00:00-05:00,72.54831770629113,72.76707110134052,71.94673990932232,72.28268432617188,2320200,0.0,0.0
2022-02-15 00:00:00-05:00,72.69675810369579,72.94676282852049,72.47019039048233,72.6811294555664,1867600,0.0,0.0
2022-02-16 00:00:00-05:00,72.37643396987872,72.99363441758508,72.35299695904904,72.45455932617188,3653800,0.0,0.0
2022-02-17 00:00:00-05:00,72.32956444828808,72.42331249743947,71.74361529875999,71.89205169677734,2543600,0.0,0.0
2022-02-18 00:00:00-05:00,72.20454897374677,72.25923731494153,71.67328824760529,71.77485656738281,2722900,0.0,0.0
2022-02-22 00:00:00-05:00,71.1029820141379,71.7904935778516,70.90766561938683,71.61861419677734,3431700,0.0,0.0
2022-02-23 00:00:00-05:00,71.69673558977343,71.8295552608878,70.86078170498327,71.11078643798828,3245900,0.0,0.0
2022-02-24 00:00:00-05:00,68.75135099561017,69.5716819996768,68.4779093144485,69.3763656616211,5497600,0.0,0.0
2022-02-25 00:00:00-05:00,70.08733259165561,71.83736577507793,69.76701681192758,71.62642669677734,3109900,0.0,0.0
2022-02-28 00:00:00-05:00,70.7435975634858,71.8842445451977,70.54046685259426,71.75923919677734,3828100,0.0,0.0
2022-03-01 00:00:00-05:00,71.8920518459661,72.73582005357744,70.64202818316207,71.00922393798828,3294200,0.0,0.0
2022-03-02 00:00:00-05:00,71.37641972594199,73.04832749332766,71.37641972594199,72.80613708496094,3757700,0.0,0.0
2022-03-03 00:00:00-05:00,73.03269189652694,73.69676629151785,72.58737085889003,73.3139419555664,2443100,0.0,0.0
2022-03-04 00:00:00-05:00,72.66550905029378,72.85301110965565,72.25924763432954,72.80613708496094,2564500,0.0,0.0
2022-03-07 00:00:00-05:00,72.58738347546462,73.10301562733908,71.88424330419673,72.00143432617188,5986000,0.0,0.0
2022-03-08 00:00:00-05:00,72.03268321229164,72.6108240260529,70.46234370728453,70.68891143798828,3670400,0.0,0.0
2022-03-09 00:00:00-05:00,71.45454654296118,72.8451982693428,71.1264164422475,72.3842544555664,5013500,0.0,0.0
2022-03-10 00:00:00-05:00,71.64203719570573,72.56393063701154,71.563911845205,71.97798156738281,4077600,0.0,0.0
2022-03-11 00:00:00-05:00,72.21237182566145,72.90769765750943,71.57954866558434,71.72017669677734,5505000,0.0,0.0
2022-03-14 00:00:00-04:00,72.11861830595433,72.90769815079744,71.92330192578602,72.23580932617188,4603900,0.0,0.0
2022-03-15 00:00:00-04:00,72.31393116859881,72.49362485226939,71.44672600598791,71.75141906738281,3901900,0.0,0.0
2022-03-16 00:00:00-04:00,72.26706076290488,72.99363793656605,71.7045486335436,72.4467544555664,4262900,0.0,0.0
2022-03-17 00:00:00-04:00,72.28267947780957,72.60300118520558,72.1029917556071,72.43112182617188,2343700,0.0,0.0
2022-03-18 00:00:00-04:00,72.18894000884416,72.86082887727508,72.11081464379986,72.4780044555664,11756300,0.0,0.0
2022-03-21 00:00:00-04:00,72.90770739482618,73.14208946497878,72.34519519492684,72.51707458496094,4469600,0.0,0.0
2022-03-22 00:00:00-04:00,72.88425338504913,73.5717648242905,72.75924805396038,73.22801208496094,6617300,0.0,0.0
2022-03-23 00:00:00-04:00,72.85299218821835,72.93111752927977,71.00139120609721,71.04827117919922,5695700,0.0,0.0
2022-03-24 00:00:00-04:00,71.39202950304089,71.4779691731614,70.54826740821164,71.23577880859375,4200700,0.0,0.0
2022-03-25 00:00:00-04:00,71.37640160596703,71.98578761462856,71.25139629107159,71.85297393798828,2069600,0.0,0.0
2022-03-28 00:00:00-04:00,71.91548654724669,72.12642559459606,71.5873505305288,71.86860656738281,3804000,0.0,0.0
2022-03-29 00:00:00-04:00,72.28268092773297,72.55612861927128,71.7123604546802,72.00923919677734,6805100,0.0,0.0
2022-03-30 00:00:00-04:00,71.87644070439147,71.96238040381952,71.1420490767641,71.41549682617188,9627500,0.0,0.0
2022-03-31 00:00:00-04:00,71.1342348692592,71.64986706289274,69.9232708117497,70.00139617919922,6211800,0.0,0.0
2022-04-01 00:00:00-04:00,70.54044782417294,70.54044782417294,69.39980115015267,69.5873031616211,17125500,0.0,0.0
2022-04-04 00:00:00-04:00,69.9981900368786,70.1404148488126,69.1527442182329,69.95868682861328,8547700,1.0,0.0
2022-04-05 00:00:00-04:00,69.70583526727812,70.88313683385462,69.50830116417576,70.4959716796875,8868800,0.0,0.0
2022-04-06 00:00:00-04:00,69.92708018928252,70.29844530848216,69.3660839981612,69.52410888671875,5322600,0.0,0.0
2022-04-07 00:00:00-04:00,69.6979274629796,69.72953364071246,68.50481987367843,69.1290283203125,4661400,0.0,0.0
2022-04-08 00:00:00-04:00,69.25546648023504,69.72954718176723,69.1369447977862,69.20015716552734,3474700,0.0,0.0
2022-04-11 00:00:00-04:00,69.15274060360855,69.7690521086166,68.63125367261749,68.71026611328125,5544100,0.0,0.0
2022-04-12 00:00:00-04:00,68.71026822277508,68.86829913721716,67.56457272731922,67.75420379638672,2776000,0.0,0.0
2022-04-13 00:00:00-04:00,67.63566107709597,67.65146717775461,66.93244030431427,67.35121154785156,2912300,0.0,0.0
2022-04-14 00:00:00-04:00,67.45394518999541,67.78580102408777,67.24850804249252,67.28801727294922,2917800,0.0,0.0
2022-04-18 00:00:00-04:00,67.24059820660305,67.35911985775289,66.71120833016361,66.87713623046875,5722000,0.0,0.0
2022-04-19 00:00:00-04:00,67.09838626298529,67.92012889897879,67.00357374654244,67.81741333007812,5186800,0.0,0.0
2022-04-20 00:00:00-04:00,68.03074846029565,68.75767256162725,67.92803288997581,68.04655456542969,4071700,0.0,0.0
2022-04-21 00:00:00-04:00,68.50484477921077,69.12905345278135,68.12558256505663,68.28360748291016,4243300,0.0,0.0
2022-04-22 00:00:00-04:00,68.30728873737733,68.30728873737733,67.20899963378906,67.20899963378906,3305800,0.0,0.0
2022-04-25 00:00:00-04:00,66.92456628715645,67.25642823408381,66.08702343673959,67.1063003540039,4295700,0.0,0.0
2022-04-26 00:00:00-04:00,66.79814401071677,67.16160609679014,65.93689204489625,65.96849822998047,3736200,0.0,0.0
2022-04-27 00:00:00-04:00,65.88158258987671,66.18973535847219,64.688480753833,64.75959014892578,4562300,0.0,0.0
2022-04-28 00:00:00-04:00,64.98872478743932,65.72355194713907,64.76748753991905,64.8860092163086,6114800,0.0,0.0
2022-04-29 00:00:00-04:00,64.90971476150668,65.32058308958271,64.19859070496825,64.27760314941406,4773500,0.0,0.0
2022-05-02 00:00:00-04:00,64.56995875339926,64.77539594088604,63.779822216579916,64.52255249023438,3928900,0.0,0.0
2022-05-03 00:00:00-04:00,64.67266646038681,65.73145242553534,64.43562914515365,65.4074935913086,2918600,0.0,0.0
2022-05-04 00:00:00-04:00,65.4944113566418,65.96849203183544,65.02823373404254,65.88157653808594,3666400,0.0,0.0
2022-05-05 00:00:00-04:00,65.79465841255869,65.81046451711518,64.45142888186193,65.17045593261719,2524000,0.0,0.0
2022-05-06 00:00:00-04:00,64.73588558044987,65.16256002632691,64.40402968752215,64.84650421142578,2870500,0.0,0.0
2022-05-09 00:00:00-04:00,64.23809571504937,64.75167958428956,64.10376793723962,64.31710815429688,2275600,0.0,0.0
2022-05-10 00:00:00-04:00,64.44352695478055,65.06773547388347,63.52697180716677,63.9299430847168,3031000,0.0,0.0
2022-05-11 00:00:00-04:00,63.95362753029147,64.78326694374397,63.361025365713566,63.6691780090332,2526600,0.0,0.0
2022-05-12 00:00:00-04:00,63.28200772120781,63.56645724606226,62.83953336177247,63.47954177856445,2687800,0.0,0.0
2022-05-13 00:00:00-04:00,64.00105665279536,64.2855062757355,63.74031016038971,64.05636596679688,1826000,0.0,0.0
2022-05-16 00:00:00-04:00,64.14327136031635,64.56994572751613,63.732403096491815,64.35660552978516,1559300,0.0,0.0
2022-05-17 00:00:00-04:00,64.69635648408419,65.46278964077297,64.66475030946944,65.31266784667969,2052800,0.0,0.0
2022-05-18 00:00:00-04:00,64.98872248181254,65.0677349205148,63.47166195698366,63.71660232543945,2628700,0.0,0.0
2022-05-19 00:00:00-04:00,63.210922698822365,64.08797473352959,62.93437611766769,63.59019088745117,2306700,0.0,0.0
2022-05-20 00:00:00-04:00,63.92203613181212,64.22228579441816,62.64991604224437,63.400543212890625,2219300,0.0,0.0
2022-05-24 00:00:00-04:00,64.39611154986405,64.56203945746,63.41634417861379,64.29339599609375,2245000,0.0,0.0
2022-05-25 00:00:00-04:00,65.5813400951784,66.7428419023502,65.30479348115276,66.17394256591797,2772100,0.0,0.0
2022-05-26 00:00:00-04:00,66.44256507752551,67.1852952012754,66.37935874881701,66.6322021484375,2059500,0.0,0.0
2022-05-27 00:00:00-04:00,66.76651678887113,67.54875003138373,66.70330443861961,67.39862823486328,2567900,0.0,0.0
2022-05-30 00:00:00-04:00,67.86482775098173,67.92804012172188,67.48556558306778,67.5013656616211,771300,0.0,0.0
2022-05-31 00:00:00-04:00,67.14580273917144,67.86482382286634,66.84554700966672,67.77790832519531,3387100,0.0,0.0
2022-06-01 00:00:00-04:00,67.94384361603244,68.01495904375618,67.13000389369496,67.54087829589844,1947000,0.0,0.0
2022-06-02 00:00:00-04:00,67.28011548960322,68.12556119426048,67.06677528633456,67.97543334960938,4121600,0.0,0.0
2022-06-03 00:00:00-04:00,67.690984300369,67.95173076053541,67.13789122873935,67.32752227783203,2454200,0.0,0.0
2022-06-06 00:00:00-04:00,67.5645786970072,67.8569253650952,66.82184840416276,66.85345458984375,4488900,0.0,0.0
2022-06-07 00:00:00-04:00,66.73493090332933,67.39074567298937,66.52949371668308,67.3670425415039,5606800,0.0,0.0
2022-06-08 00:00:00-04:00,67.27222262141142,67.28012567450055,66.32406121166423,66.70332336425781,3482500,0.0,0.0
2022-06-09 00:00:00-04:00,66.5452914771611,66.69541932875799,65.81836740421451,65.83416748046875,3474200,0.0,0.0
2022-06-10 00:00:00-04:00,65.05983179792483,65.18625652232208,64.3250106933508,64.74378204345703,4133400,0.0,0.0
2022-06-13 00:00:00-04:00,63.54276806945226,64.2617950896008,63.32943389312142,64.04055786132812,4139400,0.0,0.0
2022-06-14 00:00:00-04:00,64.1353718506022,64.32500893200543,63.40054473788653,63.73240661621094,6506500,0.0,0.0
2022-06-15 00:00:00-04:00,64.1116638353057,64.49882896419795,63.30572739969666,64.00104522705078,4532600,0.0,0.0
2022-06-16 00:00:00-04:00,63.01337719538496,63.1398019115372,62.00990663104118,62.72892761230469,5162600,0.0,0.0
2022-06-17 00:00:00-04:00,62.76052857645511,63.58227107837777,62.286447986800965,62.64990997314453,8516900,0.0,0.0
2022-06-20 00:00:00-04:00,63.0291839365372,63.432155226561584,62.66572188155433,63.361045837402344,1038500,0.0,0.0
2022-06-21 00:00:00-04:00,63.605986215523586,63.84302956924685,63.28993041998021,63.361045837402344,6186000,0.0,0.0
2022-06-22 00:00:00-04:00,62.71314371031808,62.815859297484906,61.56744203070126,61.583248138427734,4197700,0.0,0.0
2022-06-23 00:00:00-04:00,61.630631862393614,61.71754733830664,59.55257554797683,59.74220657348633,4181100,0.0,0.0
2022-06-24 00:00:00-04:00,60.05827038578702,60.390126232164235,59.55258356418485,59.70270538330078,6243500,0.0,0.0
2022-06-27 00:00:00-04:00,60.05037623066035,61.00644070778321,59.87654522968104,60.753597259521484,7745800,0.0,0.0
2022-06-28 00:00:00-04:00,61.18816083786518,61.543719783855984,60.31110900760847,60.55604934692383,12955700,0.0,0.0
2022-06-29 00:00:00-04:00,60.86420641991494,60.88790954758475,60.255804039427936,60.824703216552734,9266300,0.0,0.0
2022-06-30 00:00:00-04:00,60.05036782434566,60.35852054539381,59.28393453364452,60.19259262084961,9309500,0.0,0.0
2022-07-04 00:00:00-04:00,60.26468501130532,60.70521879134948,60.000370854164935,60.14453887939453,1894900,1.03,0.0
2022-07-05 00:00:00-04:00,59.96032534125552,60.24867363866049,58.96712904513097,59.88022994995117,7970400,0.0,0.0
2022-07-06 00:00:00-04:00,59.49575342022989,60.11250066147551,59.31953992273114,59.896236419677734,8653700,0.0,0.0
2022-07-07 00:00:00-04:00,60.096473839081014,60.84137241191367,60.096473839081014,60.36079406738281,3051200,0.0,0.0
2022-07-08 00:00:00-04:00,60.50496805599995,60.79331628429584,60.14452971518751,60.593074798583984,2328400,0.0,0.0
2022-07-11 00:00:00-04:00,60.34476805853179,60.47292553593865,60.08845921460294,60.424869537353516,4137600,0.0,0.0
2022-07-12 00:00:00-04:00,60.09648078815728,60.62512130588862,59.832160529291606,60.03240203857422,1475200,0.0,0.0
2022-07-13 00:00:00-04:00,59.6719574259992,59.75205279097126,58.790896189537214,59.31953048706055,2585200,0.0,0.0
2022-07-14 00:00:00-04:00,58.83095024690912,58.85498436004947,57.036788118223534,57.43727111816406,9699600,0.0,0.0
2022-07-15 00:00:00-04:00,57.89381999422341,58.29430298379152,57.48532563381602,58.00595474243164,4403300,0.0,0.0
2022-07-18 00:00:00-04:00,58.47051812059313,59.43167487822122,58.47051812059313,58.74284362792969,6210200,0.0,0.0
2022-07-19 00:00:00-04:00,59.2154145741669,60.17657129653366,59.2154145741669,59.9763298034668,3309500,0.0,0.0
2022-07-20 00:00:00-04:00,59.90423899929738,60.07244110107422,59.58385142458137,60.07244110107422,2790200,0.0,0.0
2022-07-21 00:00:00-04:00,60.04840315973814,60.35276794433594,59.623892290654695,60.35276794433594,3057500,0.0,0.0
2022-07-22 00:00:00-04:00,60.3207523914122,60.50497727512688,59.808134598753234,60.14453887939453,1259500,0.0,0.0
2022-07-25 00:00:00-04:00,60.360803853863096,60.97754504234287,60.24866909232132,60.66516876220703,4541900,0.0,0.0
2022-07-26 00:00:00-04:00,60.400855395359535,60.873422452223764,60.360804646760144,60.761287689208984,5831900,0.0,0.0
2022-07-27 00:00:00-04:00,60.89744012671224,61.77850144846389,60.817344753986674,61.434085845947266,6234600,0.0,0.0
2022-07-28 00:00:00-04:00,61.49015242560303,61.97874213708397,61.033602084976515,61.83456802368164,5904400,0.0,0.0
2022-07-29 00:00:00-04:00,61.88263578168733,62.787725175087424,61.87462441052146,62.483360290527344,4685000,0.0,0.0
2022-08-02 00:00:00-04:00,62.21102052674335,62.41927337359996,61.68238620581183,61.9947624206543,4398500,0.0,0.0
2022-08-03 00:00:00-04:00,62.339184143485745,62.73165576549277,61.99476852514495,62.491363525390625,2643800,0.0,0.0
2022-08-04 00:00:00-04:00,62.60350978445493,62.715644543270486,62.33117814812712,62.611515045166016,1304200,0.0,0.0
2022-08-05 00:00:00-04:00,62.70764011972692,63.06807244001509,62.307157047901526,62.85181427001953,1765200,0.0,0.0
2022-08-08 00:00:00-04:00,63.05203839128633,63.16417313155547,62.69160005966265,62.739662170410156,1635500,0.0,0.0
2022-08-09 00:00:00-04:00,62.723638886848285,62.80374036710566,61.986751711206246,62.25107192993164,2460400,0.0,0.0
2022-08-10 00:00:00-04:00,62.80374443467134,63.92509190028041,62.72364294922608,63.62873840332031,2335600,0.0,0.0
2022-08-11 00:00:00-04:00,64.02923374694423,64.22146390517234,63.70884607597302,63.845008850097656,1902800,0.0,0.0
2022-08-12 00:00:00-04:00,64.21343496114166,64.45372717633666,63.97314885683155,64.3896484375,1637600,0.0,0.0
2022-08-15 00:00:00-04:00,64.34961416654943,64.99840086926137,64.1413673783625,64.97437286376953,3545100,0.0,0.0
2022-08-16 00:00:00-04:00,64.9262947176541,65.57508126024118,64.67799724100463,65.37483978271484,2096900,0.0,0.0
2022-08-17 00:00:00-04:00,65.07847415565963,65.43890633739878,64.92628869138187,65.42288970947266,1895700,0.0,0.0
2022-08-18 00:00:00-04:00,65.43090621922234,65.66318706314775,65.246681373735,65.51100158691406,2060700,0.0,0.0
2022-08-19 00:00:00-04:00,65.32678157941137,65.51100643854207,64.71805185116492,65.07047271728516,1979300,0.0,0.0
2022-08-22 00:00:00-04:00,64.42169711228465,64.814168750301,64.18941623361374,64.70203399658203,2120100,0.0,0.0
2022-08-23 00:00:00-04:00,63.99718100266699,64.0372256338708,61.185788790623874,61.30593490600586,5645100,0.0,0.0
2022-08-24 00:00:00-04:00,60.809334669253005,60.857396782612796,59.67196446419888,60.05643081665039,3703000,0.0,0.0
2022-08-25 00:00:00-04:00,60.07243842255293,61.03359499296,59.8802083306484,60.62510681152344,2963100,0.0,0.0
2022-08-26 00:00:00-04:00,60.80934001262901,60.94550277219488,59.62391370093589,59.912261962890625,2909100,0.0,0.0
2022-08-29 00:00:00-04:00,59.51178538802174,59.68799280195115,59.22343709484772,59.51979064941406,7486400,0.0,0.0
2022-08-30 00:00:00-04:00,59.89624135629893,59.89624135629893,58.59066887041309,58.91105651855469,2322900,0.0,0.0
2022-08-31 00:00:00-04:00,58.89502497186424,58.98313171470563,58.11808702729114,58.1661491394043,4135500,0.0,0.0
2022-09-01 00:00:00-04:00,57.86979722408884,57.94989260706608,56.60426939603591,57.17295455932617,5663800,0.0,0.0
2022-09-02 00:00:00-04:00,57.62949574375836,58.16614755670417,57.02877130121376,57.19697952270508,6315500,0.0,0.0
2022-09-06 00:00:00-04:00,57.57343087540623,57.725616362947285,56.388004679367874,56.612274169921875,7192500,0.0,0.0
2022-09-07 00:00:00-04:00,56.28387730517657,56.91664116919627,56.02756843337364,56.79650115966797,4218800,0.0,0.0
2022-09-08 00:00:00-04:00,56.908629612521516,58.27828056756954,56.612270029742696,58.15813446044922,5318900,0.0,0.0
2022-09-09 00:00:00-04:00,58.750849393387035,58.99114161530983,58.534591282364566,58.734832763671875,4274200,0.0,0.0
2022-09-12 00:00:00-04:00,58.943083703570814,59.47172418510792,58.6707582028169,58.9591064453125,7011600,0.0,0.0
2022-09-13 00:00:00-04:00,58.35037121272909,58.45450070250899,57.40523109906663,57.67756271362305,6192700,0.0,0.0
2022-09-14 00:00:00-04:00,57.861779332765536,57.909841445845146,57.261054861795714,57.49333572387695,5726300,0.0,0.0
2022-09-15 00:00:00-04:00,57.46129437715246,57.8297379733775,57.0768341510416,57.14891815185547,4032400,0.0,0.0
2022-09-16 00:00:00-04:00,56.76445610820308,57.07683232349809,56.50013589191193,57.06882095336914,9952400,0.0,0.0
2022-09-19 00:00:00-04:00,56.700383066807696,57.41324230779723,56.516158200638415,57.34115219116211,5873800,0.0,0.0
2022-09-20 00:00:00-04:00,57.26907104395832,57.27708241529222,56.46810501537149,56.93266677856445,5693300,0.0,0.0
2022-09-21 00:00:00-04:00,57.156928478774184,57.196979219085236,56.21979981999159,56.24382781982422,4684500,0.0,0.0
2022-09-22 00:00:00-04:00,56.43606982374755,56.66835072255981,55.907435383360514,55.97150802612305,4298300,0.0,0.0
2022-09-23 00:00:00-04:00,55.434851587829236,55.5069416995872,54.71398102467516,55.45087432861328,8366500,0.0,0.0
2022-09-26 00:00:00-04:00,54.88218742120284,55.14650766680397,53.60865441930114,53.90501403808594,13441700,0.0,0.0
2022-09-27 00:00:00-04:00,54.22539610750076,54.329525599143224,53.2642393456183,53.47249221801758,5195100,0.0,0.0
2022-09-28 00:00:00-04:00,53.26423186686501,54.02514702060916,53.03996239464083,53.66471481323242,8542700,0.0,0.0
2022-09-29 00:00:00-04:00,53.37637435603621,53.37637435603621,52.45526222342025,52.93584060668945,4710300,0.0,0.0
2022-09-30 00:00:00-04:00,53.13608426948092,53.4164272727653,52.59943848819163,52.62346649169922,3564700,0.0,0.0
2022-10-03 00:00:00-04:00,52.8919993969079,53.705722464552636,52.818767300762744,53.36396026611328,5475300,1.03,0.0
2022-10-04 00:00:00-04:00,53.84404995438411,55.10532310018667,53.8277782258367,54.608951568603516,12530900,0.0,0.0
2022-10-05 00:00:00-04:00,54.15326708138051,54.242777106298924,53.60806796372829,54.161399841308594,6611400,0.0,0.0
2022-10-06 00:00:00-04:00,54.05561259626908,54.10443398373207,52.95708792086036,53.160518646240234,3629500,0.0,0.0
2022-10-07 00:00:00-04:00,52.97337178940048,53.07915976410223,52.28984737539449,52.778079986572266,3915200,0.0,0.0
2022-10-11 00:00:00-04:00,52.28983876985302,52.65601161592025,51.826013830228185,52.12709045410156,10871300,0.0,0.0
2022-10-12 00:00:00-04:00,52.086412292196584,52.63160522608261,51.83415703830645,52.102684020996094,4333700,0.0,0.0
2022-10-13 00:00:00-04:00,51.671415328491925,53.852193420605666,51.41916005744117,53.59994125366211,6236100,0.0,0.0
2022-10-14 00:00:00-04:00,54.1125782575195,54.25090967437196,53.20934525160156,53.274444580078125,6045400,0.0,0.0
2022-10-17 00:00:00-04:00,53.90915451271147,54.13699598375276,53.60807473557006,53.84405517578125,10372300,0.0,0.0
2022-10-18 00:00:00-04:00,54.68218411904377,54.79610484447484,53.85218937544397,54.1451301574707,2498000,0.0,0.0
2022-10-19 00:00:00-04:00,53.64062013932119,53.64062013932119,52.45258527176489,52.802486419677734,5895800,0.0,0.0
2022-10-20 00:00:00-04:00,52.68042115802002,53.1605209187103,51.996896871467065,52.03758239746094,5725700,0.0,0.0
2022-10-21 00:00:00-04:00,51.98062640422227,53.005916024235376,51.83415601506227,52.769935607910156,2458900,0.0,0.0
2022-10-24 00:00:00-04:00,53.111693426723505,53.18493171940765,52.468857768990816,52.6071891784668,5709900,0.0,0.0
2022-10-25 00:00:00-04:00,52.35493994555056,53.21749063124925,52.10268777758012,53.168663024902344,4200700,0.0,0.0
2022-10-26 00:00:00-04:00,53.071007740877135,53.68129990678747,52.86757701890702,53.2093391418457,4043300,0.0,0.0
2022-10-27 00:00:00-04:00,53.437191703387555,53.74641043853711,53.29072130468888,53.4941520690918,3601800,0.0,0.0
2022-10-28 00:00:00-04:00,53.754539115898645,54.19395027861613,53.64061839314379,53.85218811035156,2423100,0.0,0.0
2022-10-31 00:00:00-04:00,53.92541462929691,54.15326225948272,53.47787075276861,53.58365249633789,4578500,0.0,0.0
2022-11-01 00:00:00-04:00,54.0312116747795,54.16954310308571,53.42905835704752,53.69758224487305,2713500,0.0,0.0
2022-11-02 00:00:00-04:00,53.62434641341995,54.08816827052255,53.23375664565335,53.33140563964844,3265300,0.0,0.0
2022-11-03 00:00:00-04:00,53.05474010203972,53.1686608317928,52.62346788108677,52.737388610839844,3351200,0.0,0.0
2022-11-04 00:00:00-04:00,53.160519313847644,53.81963288572763,53.095419990937415,53.58365249633789,3169600,0.0,0.0
2022-11-07 00:00:00-05:00,53.8277785595293,53.99052067886773,53.46159947869697,53.88473892211914,2358600,0.0,0.0
2022-11-08 00:00:00-05:00,53.94983546405002,54.421790069018,53.74640472128696,54.09630584716797,1760100,0.0,0.0
2022-11-09 00:00:00-05:00,53.97424684914169,54.088167569886735,53.591796054548894,53.7138557434082,2479100,0.0,0.0
2022-11-10 00:00:00-05:00,54.70659911112159,56.667668280211956,54.51944009262244,56.17943572998047,6081700,0.0,0.0
2022-11-11 00:00:00-05:00,56.37471852590526,56.43981784442044,55.447074965808376,55.8864860534668,2828000,0.0,0.0
2022-11-14 00:00:00-05:00,55.89463214483909,55.99227492684501,55.52845308767639,55.723751068115234,4286700,0.0,0.0
2022-11-15 00:00:00-05:00,56.30962483589144,56.60256559027833,55.7400212624799,56.59443283081055,2570500,0.0,0.0
2022-11-16 00:00:00-05:00,56.48051783159471,56.59443855780507,55.72375517421794,55.992279052734375,2848100,0.0,0.0
2022-11-17 00:00:00-05:00,55.63424514530781,56.10619977894473,55.552867876688445,55.992279052734375,2099600,0.0,0.0
2022-11-18 00:00:00-05:00,56.30149541959177,56.49678719804162,55.951594287086685,56.17943572998047,3140700,0.0,0.0
2022-11-21 00:00:00-05:00,56.179432676310405,57.131487028744324,56.05737299333374,57.11521530151367,2988200,0.0,0.0
2022-11-22 00:00:00-05:00,57.25355446675004,57.725515327140066,56.90365330586974,57.375614166259766,2706800,0.0,0.0
2022-11-23 00:00:00-05:00,57.3756089626507,57.83129184406427,57.18844994594805,57.70109939575195,2625800,0.0,0.0
2022-11-24 00:00:00-05:00,57.82315108225086,58.1486415052551,57.692958637977235,57.79874038696289,2249000,0.0,0.0
2022-11-25 00:00:00-05:00,57.977762162073745,58.18119290650207,57.83943074583375,58.0672721862793,2884200,0.0,0.0
2022-11-28 00:00:00-05:00,58.05913727788522,58.384627733372625,57.668553697871594,58.14864730834961,3672400,0.0,0.0
2022-11-29 00:00:00-05:00,57.77433067310163,57.92894002350305,56.35845444842682,56.69207763671875,5414300,0.0,0.0
2022-11-30 00:00:00-05:00,56.78159191402319,57.22100309423332,55.674928099023,57.10708236694336,6020400,0.0,0.0
2022-12-01 00:00:00-05:00,57.123348508427135,57.29423579086092,56.43168524375991,57.09080505371094,2862900,0.0,0.0
2022-12-02 00:00:00-05:00,56.68394596355585,56.732767355896996,56.089925454479335,56.09806442260742,4419400,0.0,0.0
2022-12-05 00:00:00-05:00,56.073656215468574,56.13061657846619,55.08091313904098,55.292476654052734,7759100,0.0,0.0
2022-12-06 00:00:00-05:00,55.42267612847686,55.76443831146635,55.097185674490376,55.60982894897461,3311400,0.0,0.0
2022-12-07 00:00:00-05:00,55.561013777875644,55.650523817954486,55.121602547001736,55.30876159667969,3141200,0.0,0.0
2022-12-08 00:00:00-05:00,55.39826112810013,55.617963597753715,55.00767137201052,55.44708251953125,4220500,0.0,0.0
2022-12-09 00:00:00-05:00,55.52032665250946,56.02483097224599,55.455227318280805,55.8702278137207,2337500,0.0,0.0
2022-12-12 00:00:00-05:00,55.813254294778396,55.86208189348095,54.84492820353488,55.487770080566406,8467800,0.0,0.0
2022-12-13 00:00:00-05:00,56.20385017933036,56.35032057500189,54.78797382664831,55.040225982666016,5284000,0.0,0.0
2022-12-14 00:00:00-05:00,55.032083718380065,55.29247482751222,54.096307244076634,54.210227966308594,5126400,0.0,0.0
2022-12-15 00:00:00-05:00,53.86845457126059,54.03120287943486,52.94894991087539,53.298851013183594,10736800,0.0,0.0
2022-12-16 00:00:00-05:00,52.93268475115241,53.47787768269484,52.87572438827804,53.08728790283203,11494100,0.0,0.0
2022-12-19 00:00:00-05:00,53.152388815749,53.36395854481227,52.12709604528833,52.46886444091797,9698700,0.0,0.0
2022-12-20 00:00:00-05:00,52.818770543530015,53.665037122607814,52.49328005484602,53.12798309326172,5032700,0.0,0.0
2022-12-21 00:00:00-05:00,53.477868539334274,54.02306137766254,53.45345784630658,53.59178924560547,1713200,0.0,0.0
2022-12-22 00:00:00-05:00,53.33140082466419,53.583652942776595,52.826890380226196,53.559242248535156,5739000,0.0,0.0
2022-12-23 00:00:00-05:00,53.656889246400766,54.03120103006998,53.58365095817584,54.014923095703125,3687900,0.0,0.0
2022-12-28 00:00:00-05:00,54.0963031096326,54.25904521232208,53.152381531036475,53.250030517578125,13099800,0.0,0.0
2022-12-29 00:00:00-05:00,53.38022720966796,54.25091056565194,53.266306487069215,54.218360900878906,9330200,0.0,0.0
2022-12-30 00:00:00-05:00,54.112574747139725,54.202084765934906,53.51855427770014,53.98237609863281,4108200,0.0,0.0
2023-01-03 00:00:00-05:00,54.552710114383565,54.75934916784714,53.660027889951294,53.883201599121094,6490400,1.03,0.0
2023-01-04 00:00:00-05:00,54.11463293752876,55.156095467409585,54.0733026069777,54.891597747802734,8879300,0.0,0.0
2023-01-05 00:00:00-05:00,54.883338339292706,55.01558406511563,54.55271456554943,54.982521057128906,3517700,0.0,0.0
2023-01-06 00:00:00-05:00,55.13128745834755,55.94131518328398,55.04036578597339,55.53630447387695,3859300,0.0,0.0
2023-01-09 00:00:00-05:00,55.78428151169354,55.982659559090166,55.420601037047646,55.61897277832031,3846700,0.0,0.0
2023-01-10 00:00:00-05:00,55.693354113807935,55.95785184379637,55.56110840187538,55.88346481323242,3937400,0.0,0.0
2023-01-11 00:00:00-05:00,56.1066307508389,56.4537891361389,55.74295032289688,55.99091339111328,5032700,0.0,0.0
2023-01-12 00:00:00-05:00,56.29673059995957,56.81745861840853,56.14795026524244,56.668678283691406,5310200,0.0,0.0
2023-01-13 00:00:00-05:00,56.354602880884975,57.23901777696278,56.14796382753854,57.18942642211914,4132700,0.0,0.0
2023-01-16 00:00:00-05:00,57.205955526660226,57.627500966764806,57.139829515247044,57.511783599853516,10165000,0.0,0.0
2023-01-17 00:00:00-05:00,57.52831459241573,57.743220986319294,57.189429804071494,57.569644927978516,6747700,0.0,0.0
2023-01-18 00:00:00-05:00,57.693626070362455,58.123432525537986,57.13982861614558,57.2142219543457,8581400,0.0,0.0
2023-01-19 00:00:00-05:00,56.86707145086579,57.03238017530127,56.57777172391826,56.99931716918945,3859700,0.0,0.0
2023-01-20 00:00:00-05:00,57.04064605146477,57.18942642211914,56.71002230488578,57.18942642211914,5243400,0.0,0.0
2023-01-23 00:00:00-05:00,57.22249003784719,57.67709217638504,56.875331631867816,57.53657913208008,5319000,0.0,0.0
2023-01-24 00:00:00-05:00,57.4456616911847,57.5448507153885,57.139833596149295,57.37953567504883,3408200,0.0,0.0
2023-01-25 00:00:00-05:00,57.19767533842173,58.20607471431257,57.148083994073694,57.94984436035156,4524600,0.0,0.0
2023-01-26 00:00:00-05:00,57.99943263617364,58.85078430175781,57.97463696531146,58.85078430175781,4463800,0.0,0.0
2023-01-27 00:00:00-05:00,58.900396175412034,59.049176542640765,58.38792906470789,58.66069412231445,4858200,0.0,0.0
2023-01-30 00:00:00-05:00,58.41272270588934,58.7681421093204,58.41272270588934,58.7268180847168,4166500,0.0,0.0
2023-01-31 00:00:00-05:00,58.892121969479035,59.54510204348937,58.67721561833223,59.536834716796875,3378200,0.0,0.0
2023-02-01 00:00:00-05:00,59.561639946938065,60.05757873009587,59.313676861482755,59.80134201049805,3121300,0.0,0.0
2023-02-02 00:00:00-05:00,59.97491796747818,60.76841119070504,59.67735722050266,60.66096115112305,3513100,0.0,0.0
2023-02-03 00:00:00-05:00,60.751875342807956,60.91718404578144,60.29726695044667,60.63615798950195,3120600,0.0,0.0
2023-02-06 00:00:00-05:00,60.47085170960078,60.503908406621825,59.95011729273511,60.1898193359375,2731700,0.0,0.0
2023-02-07 00:00:00-05:00,59.97490759207788,61.16515037407309,59.76000755009068,60.95851135253906,3266900,0.0,0.0
2023-02-08 00:00:00-05:00,60.8014728621396,61.313939983155095,60.37993373494583,60.52044677734375,2443100,0.0,0.0
2023-02-09 00:00:00-05:00,60.75187899396754,61.00810939081261,60.21461621783026,60.43778991699219,2325100,0.0,0.0
2023-02-10 00:00:00-05:00,60.17329644744162,60.8593333300314,60.09063577901938,60.80974197387695,1713900,0.0,0.0
2023-02-13 00:00:00-05:00,60.82626976865342,61.43792591755184,60.79321306893462,61.29741287231445,2537300,0.0,0.0
2023-02-14 00:00:00-05:00,61.31391663056956,61.504027261383264,60.842780021994166,61.12380599975586,2075900,0.0,0.0
2023-02-15 00:00:00-05:00,60.925446715443,61.322196400822556,60.7022793528761,60.86758804321289,2258400,0.0,0.0
2023-02-16 00:00:00-05:00,60.6857471568124,61.024638183680615,60.355123456632384,60.72707748413086,2408300,0.0,0.0
2023-02-17 00:00:00-05:00,60.57003678554681,60.586571440828074,60.18982169368059,60.297271728515625,2703500,0.0,0.0
2023-02-21 00:00:00-05:00,60.06582977981707,60.08236443310982,59.181415012331456,59.363258361816406,2858100,0.0,0.0
2023-02-22 00:00:00-05:00,59.206226645424536,59.28888732192469,58.75162445529486,59.15663528442383,2441300,0.0,0.0
2023-02-23 00:00:00-05:00,59.288877442706934,59.34673612294159,58.80947334583506,58.94171905517578,2375000,0.0,0.0
2023-02-24 00:00:00-05:00,58.702020660830506,58.999581408023694,58.28048152407646,58.96651840209961,2904700,0.0,0.0
2023-02-27 00:00:00-05:00,59.098766182998816,59.429389912380074,59.02437915460267,59.12356185913086,1781600,0.0,0.0
2023-02-28 00:00:00-05:00,57.858940147718826,57.90027048455966,55.461925651802815,55.742958068847656,10034300,0.0,0.0
2023-03-01 00:00:00-05:00,55.70161356554457,56.602562969321454,55.304870179721064,56.56949996948242,5708700,0.0,0.0
2023-03-02 00:00:00-05:00,56.71828389350248,56.85879692209014,56.106627817080636,56.842262268066406,5565700,0.0,0.0
2023-03-03 00:00:00-05:00,57.27206804350228,58.07382840113478,57.23900504558607,57.82585906982422,6454900,0.0,0.0
2023-03-06 00:00:00-05:00,58.01598226760752,58.60283641865516,57.88373024736519,58.098636627197266,3399800,0.0,0.0
2023-03-07 00:00:00-05:00,57.95811559743231,58.065565619477766,56.73480980328178,57.065433502197266,5693000,0.0,0.0
2023-03-08 00:00:00-05:00,57.205945428107185,57.25553677485095,56.56950002244665,56.792667388916016,2616400,0.0,0.0
2023-03-09 00:00:00-05:00,56.68522246435277,56.68522246435277,55.47845123817284,55.62723159790039,6672400,0.0,0.0
2023-03-10 00:00:00-05:00,55.37925993367894,55.44538593662144,54.081567080015255,54.32953643798828,8805400,0.0,0.0
2023-03-13 00:00:00-04:00,53.726151326761645,54.61056618097264,52.79214196699301,54.35433578491211,7242600,0.0,0.0
2023-03-14 00:00:00-04:00,55.44538985658702,55.643761573316596,54.17249258750279,54.55270767211914,4199600,0.0,0.0
2023-03-15 00:00:00-04:00,53.56083745567018,53.982376523532665,52.7756053820806,53.907989501953125,6313200,0.0,0.0
2023-03-16 00:00:00-04:00,53.64349798030645,54.87506493741831,53.11450252331384,54.32127380371094,5659600,0.0,0.0
2023-03-17 00:00:00-04:00,54.197284881344274,54.519641265707584,53.89145684479223,54.39565658569336,9803300,0.0,0.0
2023-03-20 00:00:00-04:00,54.59403783218167,54.742818195793014,54.10636641018549,54.35433578491211,5277100,0.0,0.0
2023-03-21 00:00:00-04:00,55.09823504645465,55.37099377865036,54.73454832869655,55.04863739013672,3637600,0.0,0.0
2023-03-22 00:00:00-04:00,55.4949790374183,55.51977471277371,54.899857604396715,54.94945526123047,3310700,0.0,0.0
2023-03-23 00:00:00-04:00,55.02384578594655,55.395793552173586,54.63536336434927,54.69322204589844,3011500,0.0,0.0
2023-03-24 00:00:00-04:00,54.23861419307695,54.55270324458403,53.560838435313386,54.42871856689453,3547800,0.0,0.0
2023-03-27 00:00:00-04:00,55.007314674709434,55.362734073843484,54.74281695717639,54.96598434448242,3335200,0.0,0.0
2023-03-28 00:00:00-04:00,54.79240424421248,55.33792798723022,54.759341243707986,55.09823226928711,2985800,0.0,0.0
2023-03-29 00:00:00-04:00,55.461918826634296,56.11489897039455,55.38753179682372,56.0653076171875,4062400,0.0,0.0
2023-03-30 00:00:00-04:00,56.23061735855945,56.60257143277282,55.8669306120726,56.03224563598633,6567100,0.0,0.0
2023-03-31 00:00:00-04:00,56.30500601877336,56.42072337283902,55.86692597138441,56.263675689697266,9388700,0.0,0.0
2023-04-03 00:00:00-04:00,56.02030146182139,56.64134870391087,55.97833612798643,56.565818786621094,6353200,1.03,0.0
2023-04-04 00:00:00-04:00,57.03579326141855,57.17007719190826,56.12939593964368,56.288856506347656,8882500,0.0,0.0
2023-04-05 00:00:00-04:00,55.98672202126192,56.666516786263564,55.919580058468924,56.64973449707031,3305400,0.0,0.0
2023-04-06 00:00:00-04:00,56.607762978853486,56.725258199386765,56.23010068471212,56.6329460144043,7060000,0.0,0.0
2023-04-10 00:00:00-04:00,56.60776244656337,56.99382548526743,56.46509059483013,56.74204635620117,8560500,0.0,0.0
2023-04-11 00:00:00-04:00,56.94347178467625,57.2204275750691,56.85954753386293,57.128108978271484,2755200,0.0,0.0
2023-04-12 00:00:00-04:00,57.405066422600946,57.707198856641746,57.035792024771055,57.094539642333984,3885600,0.0,0.0
2023-04-13 00:00:00-04:00,57.153275620618366,57.488978968187645,56.86793193714019,57.463802337646484,5531500,0.0,0.0
2023-04-14 00:00:00-04:00,57.90861626786196,58.00093486400804,57.23720946007411,57.45541763305664,3239600,0.0,0.0
2023-04-17 00:00:00-04:00,57.43024493630535,57.707200743734546,57.15328912887615,57.67362976074219,4301100,0.0,0.0
2023-04-18 00:00:00-04:00,57.849863848518694,58.05128331292511,57.58969677353502,57.95057678222656,2588800,0.0,0.0
2023-04-19 00:00:00-04:00,57.69880308556541,58.05128878223848,57.5561312182944,57.91701126098633,2371300,0.0,0.0
2023-04-20 00:00:00-04:00,57.631663151891466,57.90022460685824,57.6232752085873,57.73237609863281,4032800,0.0,0.0
2023-04-21 00:00:00-04:00,57.65683639245359,57.73237269881386,57.077754591070494,57.22882080078125,4270500,0.0,0.0
2023-04-24 00:00:00-04:00,57.06936140108386,57.228821959844176,56.57420383884274,56.7756233215332,5691600,0.0,0.0
2023-04-25 00:00:00-04:00,56.48188390476766,56.607767076587706,55.734947204589844,55.734947204589844,4712600,0.0,0.0
2023-04-26 00:00:00-04:00,55.592280152539054,56.162974124282385,55.5838922080655,55.86923599243164,3834100,0.0,0.0
2023-04-27 00:00:00-04:00,56.137790984688614,56.800803492959766,56.112614348161024,56.51545333862305,2584200,0.0,0.0
2023-04-28 00:00:00-04:00,56.28885012674258,56.800796348444294,56.25527914792498,56.75883102416992,2268700,0.0,0.0
2023-05-01 00:00:00-04:00,56.90150743319598,57.12810352907894,56.62455166922069,56.6329460144043,2280000,0.0,0.0
2023-05-02 00:00:00-04:00,56.53223909786007,56.56581007915809,55.09711326317184,55.33210372924805,3074900,0.0,0.0
2023-05-03 00:00:00-04:00,55.31532701591473,56.08744045456879,55.30693266899158,55.516746520996094,2280500,0.0,0.0
2023-05-04 00:00:00-04:00,55.264964878050286,55.29853586123835,54.58517007677049,55.10551071166992,2874800,0.0,0.0
2023-05-05 00:00:00-04:00,55.609062260408265,56.23850378396205,55.41603070919391,56.17975616455078,3380400,0.0,0.0
2023-05-08 00:00:00-04:00,56.38117507970767,56.81758504756127,56.23850320589112,56.4650993347168,2870000,0.0,0.0
2023-05-09 00:00:00-04:00,55.37406889914026,55.51674076699363,54.895693622271345,55.290138244628906,3292200,0.0,0.0
2023-05-10 00:00:00-04:00,55.54191356153583,55.68458541952374,55.10550364209942,55.46637725830078,1592600,0.0,0.0
2023-05-11 00:00:00-04:00,55.24817564178144,55.92797035759278,55.088715092439216,55.8608283996582,1593500,0.0,0.0
2023-05-12 00:00:00-04:00,56.01190390659718,56.20493546696756,55.48317530681664,55.827266693115234,1445500,0.0,0.0
2023-05-15 00:00:00-04:00,55.75174349951737,56.34761414020029,55.7265668588283,56.30564880371094,3671100,0.0,0.0
2023-05-16 00:00:00-04:00,56.062261997071914,56.30564042284793,55.47477938872214,55.50835037231445,2976000,0.0,0.0
2023-05-17 00:00:00-04:00,55.6258445503785,56.20493280101128,55.49995496506569,56.17975616455078,1891300,0.0,0.0
2023-05-18 00:00:00-04:00,56.12939197765147,56.355994493605166,55.844048250017664,56.24688720703125,1638000,0.0,0.0
2023-05-19 00:00:00-04:00,56.364390160009094,56.448314411102416,55.617447037151784,55.835655212402344,2114400,0.0,0.0
2023-05-23 00:00:00-04:00,55.424427113275726,56.24689381556706,55.424427113275726,55.818878173828125,3225500,0.0,0.0
2023-05-24 00:00:00-04:00,55.055151035382664,55.74334018321206,54.45088614401825,55.10551071166992,3421900,0.0,0.0
2023-05-25 00:00:00-04:00,55.071937596109805,56.15457775071643,55.013189978557975,55.9951171875,3351100,0.0,0.0
2023-05-26 00:00:00-04:00,56.1294028739955,56.498677325452974,55.96994869060243,56.0622673034668,2070300,0.0,0.0
2023-05-29 00:00:00-04:00,56.221710506783644,56.582590540316176,56.1042152775414,56.48188400268555,774000,0.0,0.0
2023-05-30 00:00:00-04:00,56.3475999841466,56.53223717349568,55.62583991833279,55.734947204589844,1712000,0.0,0.0
2023-05-31 00:00:00-04:00,55.55030883858901,55.76012265785788,54.971220648443854,55.02996826171875,4371500,0.0,0.0
2023-06-01 00:00:00-04:00,55.139069142655096,55.541914492975565,54.736230195344255,55.02996826171875,3507400,0.0,0.0
2023-06-02 00:00:00-04:00,55.39085053625918,56.06225734638749,55.189431054424645,55.98672103881836,3792700,0.0,0.0
2023-06-05 00:00:00-04:00,56.07064777710878,56.129395395375816,55.28175210366718,55.29853439331055,4657400,0.0,0.0
2023-06-06 00:00:00-04:00,55.30692630419,55.82726049935358,55.25656663145716,55.81047821044922,4106800,0.0,0.0
2023-06-07 00:00:00-04:00,55.76012240343647,55.92797089688186,55.4747722809678,55.75172805786133,2876400,0.0,0.0
2023-06-08 00:00:00-04:00,55.63423013332761,55.74333100847426,55.29013241454244,55.6510124206543,3012900,0.0,0.0
2023-06-09 00:00:00-04:00,55.567100007949556,55.83566148341679,55.416033777811066,55.49995803833008,1973500,0.0,0.0
2023-06-12 00:00:00-04:00,55.45799587689234,55.72655733670495,55.14746908776108,55.2146110534668,4083800,0.0,0.0
2023-06-13 00:00:00-04:00,55.33210241798899,55.860830954130655,55.256566111106,55.74333572387695,4061100,0.0,0.0
2023-06-14 00:00:00-04:00,55.89439720645153,56.12099970492208,55.53351720033967,55.6510124206543,2084800,0.0,0.0
2023-06-15 00:00:00-04:00,55.6258424257023,56.01189911037496,55.54191817303608,55.969940185546875,2647600,0.0,0.0
2023-06-16 00:00:00-04:00,56.0958175808167,56.23849583895339,55.50834146969875,55.56708908081055,7136600,0.0,0.0
2023-06-19 00:00:00-04:00,55.692988583841746,55.877625795420364,55.550316703262105,55.818878173828125,543300,0.0,0.0
2023-06-20 00:00:00-04:00,55.74332956007342,55.78529488181365,54.76979684518946,54.78657913208008,4868300,0.0,0.0
2023-06-21 00:00:00-04:00,54.76140763093012,54.794978610865805,54.06482420403657,54.1991081237793,6474800,0.0,0.0
2023-06-22 00:00:00-04:00,54.064825285511844,54.13196724672627,53.51931125741678,53.63680648803711,4711300,0.0,0.0
2023-06-23 00:00:00-04:00,53.45217257147566,53.48574355413992,53.06611587535191,53.10807800292969,2653600,0.0,0.0
2023-06-26 00:00:00-04:00,53.066108926670914,53.829831074000175,53.049323437536735,53.745906829833984,4495800,0.0,0.0
2023-06-27 00:00:00-04:00,53.94732897576654,54.22428475797863,53.72073286496283,54.1991081237793,1659500,0.0,0.0
2023-06-28 00:00:00-04:00,54.30821154712163,54.48445439777219,54.07322107958754,54.25785827636719,1906600,0.0,0.0
2023-06-29 00:00:00-04:00,54.786583096343676,55.02996789342785,54.43409741905331,55.004791259765625,12726800,0.0,0.0
2023-06-30 00:00:00-04:00,55.332112548079,55.80209355513698,55.32371820066411,55.625850677490234,8770000,0.0,0.0
2023-07-04 00:00:00-04:00,55.85612225183013,56.03522951885855,55.523493540623626,55.69407653808594,1278500,1.06,0.0
2023-07-05 00:00:00-04:00,55.404084895872565,55.51495895631141,55.07145620748046,55.25909423828125,7543300,0.0,0.0
2023-07-06 00:00:00-04:00,54.62796164519394,54.83265475170849,53.95417013784057,53.979759216308594,11576900,0.0,0.0
2023-07-07 00:00:00-04:00,53.834762568535744,54.8667685870141,53.775060144351635,54.542667388916016,5896100,0.0,0.0
2023-07-10 00:00:00-04:00,54.5426677180216,54.77294989278042,54.065045068128704,54.17592239379883,4324000,0.0,0.0
2023-07-11 00:00:00-04:00,54.158865879726896,54.4829670904703,53.92858369737276,54.41473388671875,4155400,0.0,0.0
2023-07-12 00:00:00-04:00,54.755887804282146,55.207927879506045,54.704716157194085,55.1567497253418,3828000,0.0,0.0
2023-07-13 00:00:00-04:00,55.30173975261399,55.90730126912424,55.19939645963003,55.89023971557617,4228700,0.0,0.0
2023-07-14 00:00:00-04:00,56.12905285276361,56.316690910849296,55.6002617876965,55.71113586425781,2527300,0.0,0.0
2023-07-17 00:00:00-04:00,55.52349708208203,55.92435901784166,55.48938048041351,55.898773193359375,3447000,0.0,0.0
2023-07-18 00:00:00-04:00,55.94141485623643,56.538445633263905,55.84760233416686,56.52991485595703,4193600,0.0,0.0
2023-07-19 00:00:00-04:00,56.64931293227384,57.19516548722934,56.58961051242169,57.161048889160156,8470400,0.0,0.0
2023-07-20 00:00:00-04:00,57.14399758710887,57.32310485839844,57.075764386500616,57.32310485839844,6929700,0.0,0.0
2023-07-21 00:00:00-04:00,57.41692100348314,57.46809264783542,57.195166366163534,57.36574935913086,4745200,0.0,0.0
2023-07-24 00:00:00-04:00,57.399868079473755,57.604561171525056,57.05017781127153,57.237815856933594,3562800,0.0,0.0
2023-07-25 00:00:00-04:00,57.40839433306413,57.416925110091604,55.617315074797474,55.7452507019043,8114400,0.0,0.0
2023-07-26 00:00:00-04:00,55.745246290756995,56.32521544828191,55.61731067377377,56.043758392333984,3730600,0.0,0.0
2023-07-27 00:00:00-04:00,56.163167809610115,56.65784876514889,56.04376295924921,56.129051208496094,2187600,0.0,0.0
2023-07-28 00:00:00-04:00,56.54697555838972,56.76019943831265,56.29110429965165,56.3337516784668,1449100,0.0,0.0
2023-07-31 00:00:00-04:00,56.31669329568548,56.862545938462716,56.29963824744478,56.632266998291016,4732300,0.0,0.0
2023-08-01 00:00:00-04:00,56.48727318475767,56.56403065820454,55.65996348875613,55.898773193359375,2786000,0.0,0.0
2023-08-02 00:00:00-04:00,55.489371719159436,55.574666463401705,54.93499492403701,55.19939041137695,3626800,0.0,0.0
2023-08-03 00:00:00-04:00,54.832655925435375,54.89235835390827,54.43179397408448,54.790008544921875,2551900,0.0,0.0
2023-08-04 00:00:00-04:00,54.92647235991223,55.3102727380805,54.790005954382664,54.90088653564453,2937100,0.0,0.0
2023-08-08 00:00:00-04:00,54.88382465154613,54.926472029786886,54.286800398633495,54.42326354980469,3282400,0.0,0.0
2023-08-09 00:00:00-04:00,54.372080380762235,54.53412933140781,54.19297313212171,54.4488410949707,1772000,0.0,0.0
2023-08-10 00:00:00-04:00,54.58531339106163,55.054408530846636,54.5597275665418,54.755889892578125,1817500,0.0,0.0
2023-08-11 00:00:00-04:00,54.619430300536266,55.10558049038159,54.56825539767004,55.097049713134766,1162500,0.0,0.0
2023-08-14 00:00:00-04:00,54.94352794849213,55.0117611519293,54.517080187624465,54.755889892578125,1725900,0.0,0.0
2023-08-15 00:00:00-04:00,54.41472924556064,54.55119238788626,53.766530132898474,53.92005157470703,3192300,0.0,0.0
2023-08-16 00:00:00-04:00,53.85181315742183,54.01386536003463,53.766524921811246,53.86034393310547,1705500,0.0,0.0
2023-08-17 00:00:00-04:00,54.11621961384738,54.20150786162542,53.52771964214932,53.56183624267578,1842400,0.0,0.0
2023-08-18 00:00:00-04:00,53.348609252056136,53.4253699719858,53.143916167935636,53.23773193359375,1775200,0.0,0.0
2023-08-21 00:00:00-04:00,53.17803665813953,53.26332816593143,52.88805203872376,52.947757720947266,2363700,0.0,0.0
2023-08-22 00:00:00-04:00,53.08421362257904,53.09274114542323,52.418952966905316,52.555416107177734,7186400,0.0,0.0
2023-08-23 00:00:00-04:00,52.70041107788133,53.39125431590504,52.58953375746176,53.28038024902344,2225500,0.0,0.0
2023-08-24 00:00:00-04:00,53.21215327396327,53.485079591885835,53.186567448388764,53.22068405151367,1724000,0.0,0.0
2023-08-25 00:00:00-04:00,53.476545856436886,53.62153652256919,52.615119622050734,52.98186492919922,2108500,0.0,0.0
2023-08-28 00:00:00-04:00,53.12686199060006,53.65565629473292,53.12686199060006,53.578895568847656,1155700,0.0,0.0
2023-08-29 00:00:00-04:00,53.485073702715226,55.07999056103782,53.45948787995794,55.028812408447266,5001500,0.0,0.0
2023-08-30 00:00:00-04:00,55.01176024723591,55.36997479877542,54.815591417349246,54.99470520019531,1934200,0.0,0.0
2023-08-31 00:00:00-04:00,55.011758155342896,55.25056784728818,54.48296387166203,54.687660217285156,4210700,0.0,0.0
2023-09-01 00:00:00-04:00,55.114104629792536,55.907297634228115,55.088512301134365,55.84759521484375,3862100,0.0,0.0
2023-09-05 00:00:00-04:00,55.728188692419344,56.009645768338935,54.93500212640708,55.02029037475586,5039300,0.0,0.0
2023-09-06 00:00:00-04:00,54.81559084244614,55.08851714176756,54.55119532009372,54.858238220214844,2353800,0.0,0.0
2023-09-07 00:00:00-04:00,54.969114026278056,55.13969703565693,54.295329033691765,54.41473388671875,4371100,0.0,0.0
2023-09-08 00:00:00-04:00,54.26121408839622,54.39767724652728,53.96270194671528,54.13328170776367,3347400,0.0,0.0
2023-09-11 00:00:00-04:00,54.18444967765657,54.713247226337316,53.91152337993533,54.5170783996582,3032400,0.0,0.0
2023-09-12 00:00:00-04:00,54.46591048085901,54.89235825693396,54.38061897352102,54.679134368896484,2641900,0.0,0.0
2023-09-13 00:00:00-04:00,54.96058640373438,55.31027016424792,54.798534181478125,55.276153564453125,3912100,0.0,0.0
2023-09-14 00:00:00-04:00,55.70260610373165,55.99259397345097,55.489382216937905,55.591732025146484,4927500,0.0,0.0
2023-09-15 00:00:00-04:00,55.67701853605218,55.92435901784166,55.36997562811189,55.898773193359375,8178300,0.0,0.0
2023-09-18 00:00:00-04:00,55.89876879461703,56.00111859156857,55.39555709345017,55.76230239868164,2620700,0.0,0.0
2023-09-19 00:00:00-04:00,55.549085282864304,55.64290431469707,55.24204236178922,55.29322052001953,11314900,0.0,0.0
2023-09-20 00:00:00-04:00,55.31880024954046,55.50643829252852,55.00322658568998,55.028812408447266,3224700,0.0,0.0
2023-09-21 00:00:00-04:00,54.815584437884134,55.21644631659936,54.090624650053115,54.09915542602539,5624000,0.0,0.0
2023-09-22 00:00:00-04:00,54.31238618017743,54.44884933124166,53.99681575337978,54.01387405395508,1582100,0.0,0.0
2023-09-25 00:00:00-04:00,53.920056461239724,54.013875490129344,53.27185403629592,53.36567306518555,5586100,0.0,0.0
2023-09-26 00:00:00-04:00,53.30596535120709,53.69829647534288,52.87951762839744,52.896575927734375,4817800,0.0,0.0
2023-09-27 00:00:00-04:00,53.126864041706995,53.126864041706995,52.45307578331602,52.49571990966797,6227400,0.0,0.0
2023-09-28 00:00:00-04:00,52.53835712852437,53.14391535584394,52.50424378405084,52.8795166015625,4946500,0.0,0.0
2023-09-29 00:00:00-04:00,53.191902812349696,53.322063769699774,52.619200558244515,52.827457427978516,3581400,1.06,0.0
2023-10-02 00:00:00-04:00,52.84480432754325,52.88819020328692,51.6039490825195,51.682044982910156,5086300,0.0,0.0
2023-10-03 00:00:00-04:00,51.3783342998512,51.413044322516996,49.955256471852955,50.45854187011719,8343000,0.0,0.0
2023-10-04 00:00:00-04:00,50.59738731870519,51.317602206688875,50.042036791302785,51.30024719238281,7241700,0.0,0.0
2023-10-05 00:00:00-04:00,51.46511408054998,51.86426944745568,51.19611634539339,51.79484939575195,4403500,0.0,0.0
2023-10-06 00:00:00-04:00,51.57791837737768,51.664693444830434,50.718866725442766,51.55188751220703,2158100,0.0,0.0
2023-10-10 00:00:00-04:00,51.4911485116314,52.254752582615545,51.4911485116314,52.19401168823242,2727200,0.0,0.0
2023-10-11 00:00:00-04:00,52.27211085993539,52.95761575507185,52.15062575345471,52.52375030517578,4095900,0.0,0.0
2023-10-12 00:00:00-04:00,52.49771465250019,52.54977969338928,51.78617564433459,51.97707748413086,2729700,0.0,0.0
2023-10-13 00:00:00-04:00,52.06385214351722,52.36755662363551,51.46511903551377,51.49114990234375,2958600,0.0,0.0
2023-10-16 00:00:00-04:00,51.71675154520782,52.185326946172616,51.24817945437316,52.14194107055664,3243000,0.0,0.0
2023-10-17 00:00:00-04:00,52.0638517319139,52.22871940408463,51.80353313528044,52.02046585083008,3473700,0.0,0.0
2023-10-18 00:00:00-04:00,51.76014491601784,51.76014491601784,50.866379917438906,50.89241409301758,2430900,0.0,0.0
2023-10-19 00:00:00-04:00,50.76225326563441,51.24818371931136,50.45854880091782,50.5279655456543,2121000,0.0,0.0
2023-10-20 00:00:00-04:00,50.397807876813545,50.52796551441286,49.087532478119755,49.1829833984375,4038500,0.0,0.0
2023-10-23 00:00:00-04:00,48.90531174489147,49.781718456060425,48.87928087836216,49.16563034057617,3894000,0.0,0.0
2023-10-24 00:00:00-04:00,49.365209522795716,49.38256453771307,48.60160541708541,48.75779724121094,3823900,0.0,0.0
2023-10-25 00:00:00-04:00,48.60160506540019,48.95737459330495,48.271869714748405,48.566898345947266,2382300,0.0,0.0
2023-10-26 00:00:00-04:00,48.332610437725045,49.00943946151817,48.297900408266266,48.69705581665039,3089000,0.0,0.0
2023-10-27 00:00:00-04:00,48.749120110674916,48.94002195962994,47.8987442628043,48.08096694946289,3930100,0.0,0.0
2023-10-30 00:00:00-04:00,48.54954183209844,48.948697229592646,48.41938088024444,48.740440368652344,2345400,0.0,0.0
2023-10-31 00:00:00-04:00,48.80985906952912,49.000760910909456,48.44541371067257,48.723087310791016,2739100,0.0,0.0
2023-11-01 00:00:00-04:00,48.89663347830189,49.148276226463175,48.44541633625276,49.02679443359375,2713000,0.0,0.0
2023-11-02 00:00:00-04:00,50.11145841614005,51.20479787058019,49.68626882766685,51.09199523925781,3577500,0.0,0.0
2023-11-03 00:00:00-04:00,51.58659479550241,51.88162338888965,51.30892121468267,51.3436279296875,3618000,0.0,0.0
2023-11-06 00:00:00-05:00,51.49982077480277,51.73410848400982,51.10934456958794,51.40437316894531,2334600,0.0,0.0
2023-11-07 00:00:00-05:00,51.19612730495482,51.44777008105467,51.039935465315665,51.30893325805664,1608800,0.0,0.0
2023-11-08 00:00:00-05:00,51.152734644380644,51.612630939009065,50.81432014002157,50.87506103515625,2292200,0.0,0.0
2023-11-09 00:00:00-05:00,51.17008849135349,51.60395390963492,51.144054315367896,51.17876434326172,1300000,0.0,0.0
2023-11-10 00:00:00-05:00,51.256859621393176,51.36098639366525,50.87505924964196,51.152732849121094,2362600,0.0,0.0
2023-11-13 00:00:00-05:00,51.05727714932879,51.62997930841185,50.99653626201165,51.32627487182617,2189200,0.0,0.0
2023-11-14 00:00:00-05:00,52.107232116148396,52.57580752673642,51.9683953252479,52.263423919677734,3808700,0.0,0.0
2023-11-15 00:00:00-05:00,52.56713381966367,52.89686914267065,52.16797513317939,52.50638961791992,3608200,0.0,0.0
2023-11-16 00:00:00-05:00,52.57581525077421,52.636556148833634,52.08988475616815,52.5584602355957,3146000,0.0,0.0
2023-11-17 00:00:00-05:00,52.8881960972903,53.19190057147177,52.76671430761771,53.00967788696289,3664400,0.0,0.0
2023-11-20 00:00:00-05:00,53.07042144635901,53.08777646148796,52.71465191154231,52.922908782958984,2694900,0.0,0.0
2023-11-21 00:00:00-05:00,52.8621617909402,53.09644951764612,52.39358964765886,52.419620513916016,2045600,0.0,0.0
2023-11-22 00:00:00-05:00,52.454327807607896,52.61919546885859,52.107234161666064,52.211360931396484,1834000,0.0,0.0
2023-11-23 00:00:00-05:00,52.22871594470661,52.48035867250792,52.194009228216686,52.211360931396484,554700,0.0,0.0
2023-11-24 00:00:00-05:00,52.02046680749252,52.34152630557376,51.855595822159245,52.176658630371094,2327100,0.0,0.0
2023-11-27 00:00:00-05:00,52.06384809185361,52.34152168353307,51.70807859563115,52.28078079223633,3245400,0.0,0.0
2023-11-28 00:00:00-05:00,49.84245530112426,50.70151023821952,49.313142300634546,49.95526123046875,8456100,0.0,0.0
2023-11-29 00:00:00-05:00,50.32839107170443,51.96840190631666,50.224264292875404,51.81221008300781,4258800,0.0,0.0
2023-11-30 00:00:00-05:00,52.0638561460711,52.73200936382805,51.7688274955048,52.671268463134766,7408200,0.0,0.0
2023-12-01 00:00:00-05:00,52.5844859406123,52.94893460331836,52.28078148013255,52.93157958984375,4458500,0.0,0.0
2023-12-04 00:00:00-05:00,52.63655329144099,52.99232280796055,52.436975592918365,52.71464920043945,4312100,0.0,0.0
2023-12-05 00:00:00-05:00,52.49771608763473,52.58448784802491,51.91633801073347,52.289459228515625,5786700,0.0,0.0
2023-12-06 00:00:00-05:00,52.497718273070994,52.810101919688684,51.7688242010066,51.81221008300781,4715900,0.0,0.0
2023-12-07 00:00:00-05:00,51.91633880455226,52.42829683286501,51.73411280873782,52.185333251953125,4070500,0.0,0.0
2023-12-08 00:00:00-05:00,52.202684427216504,52.870837535717186,52.202684427216504,52.84480667114258,3490200,0.0,0.0
2023-12-11 00:00:00-05:00,52.862161587414384,52.93158164400686,52.37623443178898,52.8795166015625,4710100,0.0,0.0
2023-12-12 00:00:00-05:00,52.818775707109324,52.940257496015676,52.49771622069533,52.8795166015625,2770300,0.0,0.0
2023-12-13 00:00:00-05:00,52.705972987559356,53.929473346738824,52.29813843112271,53.86873245239258,6076100,0.0,0.0
2023-12-14 00:00:00-05:00,54.23317426784019,55.057519178737415,54.19846424187751,54.814552307128906,7862500,0.0,0.0
2023-12-15 00:00:00-05:00,55.14428818433239,55.17899820856462,53.72988614310471,53.79063034057617,19646800,0.0,0.0
2023-12-18 00:00:00-05:00,53.98153401622544,54.3112726577067,53.82534220237276,54.137725830078125,6369300,0.0,0.0
2023-12-19 00:00:00-05:00,54.23317758823327,54.88397571929207,54.23317758823327,54.65836715698242,3786900,0.0,0.0
2023-12-20 00:00:00-05:00,54.70175229054521,55.07487681207088,53.877407340427304,54.1030158996582,6236900,0.0,0.0
2023-12-21 00:00:00-05:00,54.372017158626115,55.005460307890694,54.3633413062277,54.597625732421875,4484100,0.0,0.0
2023-12-22 00:00:00-05:00,54.74514350887501,55.07488218310516,54.70175762519148,54.94472122192383,3633600,0.0,0.0
2023-12-27 00:00:00-05:00,54.97942641471121,55.673613733081865,54.97942641471121,55.448001861572266,7947600,0.0,0.0
2023-12-28 00:00:00-05:00,55.43064814011215,55.786417659514115,55.37858309698118,55.73435592651367,6334100,0.0,0.0
2023-12-29 00:00:00-05:00,55.7864166911797,56.04673197192444,55.621545712525375,55.9686393737793,4236200,0.0,0.0
2024-01-02 00:00:00-05:00,55.73926151545382,56.180376276819906,55.50987995489787,55.87159729003906,8954800,1.06,0.0
2024-01-03 00:00:00-05:00,55.58046590395429,55.62457671174267,55.174641087599014,55.33344268798828,4734300,0.0,0.0
2024-01-04 00:00:00-05:00,55.38637014588807,56.021576499675156,55.30696935166469,55.65986251831055,5137700,0.0,0.0
2024-01-05 00:00:00-05:00,55.686329436209306,56.153913396137014,55.5892836451783,55.942176818847656,3754400,0.0,0.0
2024-01-08 00:00:00-05:00,55.915710531849776,56.700890937418315,55.88924135651515,56.63031768798828,5157400,0.0,0.0
2024-01-09 00:00:00-05:00,56.56856337861546,56.56856337861546,55.756910410885176,56.127445220947266,3467300,0.0,0.0
2024-01-10 00:00:00-05:00,56.012756007177344,56.348000815436926,56.012756007177344,56.109798431396484,3439000,0.0,0.0
2024-01-11 00:00:00-05:00,56.00393367132193,56.06568947305819,54.927612500309166,55.3510856628418,4770200,0.0,0.0
2024-01-12 00:00:00-05:00,55.40401469751669,55.90688526842881,55.227568115605386,55.501060485839844,4563700,0.0,0.0
2024-01-15 00:00:00-05:00,55.45695024125532,55.65104181985991,55.1922820484373,55.52752685546875,2510200,0.0,0.0
2024-01-16 00:00:00-05:00,55.22757238099121,55.324618176809494,54.883503370681964,55.27168655395508,4343600,0.0,0.0
2024-01-17 00:00:00-05:00,54.80410319189684,55.033484778327846,54.49532417028463,54.68059158325195,4079900,0.0,0.0
2024-01-18 00:00:00-05:00,54.795279601519354,54.89232539352256,53.93951583433329,54.08949661254883,4743000,0.0,0.0
2024-01-19 00:00:00-05:00,54.19535818126589,54.81291950124307,53.97480080737679,54.71587371826172,3955800,0.0,0.0
2024-01-22 00:00:00-05:00,54.83938507691206,54.96289666729671,54.08949135504046,54.52178192138672,4633800,0.0,0.0
2024-01-23 00:00:00-05:00,54.68940663382182,54.724693255087224,53.666020577480914,53.948333740234375,2605300,0.0,0.0
2024-01-24 00:00:00-05:00,54.22182565603873,54.64529542307118,54.010092455241775,54.4070930480957,2846600,0.0,0.0
2024-01-25 00:00:00-05:00,54.41591308940508,54.65411544626426,54.06301996099779,54.57471466064453,4041900,0.0,0.0
2024-01-26 00:00:00-05:00,54.62765343738456,55.09523739865392,54.583542631909005,55.03348159790039,5676800,0.0,0.0
2024-01-29 00:00:00-05:00,54.96289569466739,55.36872044601784,54.61882673741643,55.342254638671875,3160900,0.0,0.0
2024-01-30 00:00:00-05:00,55.359902102578175,55.78337186620344,55.121699729519236,55.48341369628906,5067300,0.0,0.0
2024-01-31 00:00:00-05:00,55.13934293886297,55.65985847082337,55.13934293886297,55.46576690673828,4435500,0.0,0.0
2024-02-01 00:00:00-05:00,55.42165545972092,56.04803758050279,54.88349494043793,55.959815979003906,3577400,0.0,0.0
2024-02-02 00:00:00-05:00,55.66868131332681,55.827482896012135,55.32461233932144,55.67750549316406,2503500,0.0,0.0
2024-02-05 00:00:00-05:00,55.5716393419954,55.60692596531382,54.971722994881006,55.218746185302734,3129600,0.0,0.0
2024-02-06 00:00:00-05:00,55.20110007553552,55.642214829768946,55.14816509346966,55.553993225097656,2912400,0.0,0.0
2024-02-07 00:00:00-05:00,55.57164081123618,55.60692743548753,55.14816766583348,55.17463684082031,1623700,0.0,0.0
2024-02-08 00:00:00-05:00,55.139341076717635,55.18345187649135,54.318867412261014,54.442378997802734,2111200,0.0,0.0
2024-02-09 00:00:00-05:00,54.43356517973479,55.81866533635765,54.43356517973479,55.80984115600586,2999600,0.0,0.0
2024-02-12 00:00:00-05:00,55.862771885316505,56.41857741477395,55.75690528723268,56.26859664916992,2568900,0.0,0.0
2024-02-13 00:00:00-05:00,55.765728338833924,55.96864072890162,54.91878878930651,55.43930435180664,3890000,0.0,0.0
2024-02-14 00:00:00-05:00,55.81866085108222,56.15390900329826,55.6422142780507,55.915706634521484,2604300,0.0,0.0
2024-02-15 00:00:00-05:00,56.02157861313506,56.515625026551184,55.774555406427005,56.127445220947266,2838900,0.0,0.0
2024-02-16 00:00:00-05:00,56.127443418412525,56.5950273716576,56.021576814000234,56.33917999267578,2180600,0.0,0.0
2024-02-20 00:00:00-05:00,56.23331170664471,56.73617890392485,56.22448752670167,56.57737731933594,4466300,0.0,0.0
2024-02-21 00:00:00-05:00,56.40975638145055,56.64795876450419,56.20684398820603,56.37446975708008,1384000,0.0,0.0
2024-02-22 00:00:00-05:00,56.60384828329766,56.82440565959316,56.34799755365116,56.36564254760742,2791200,0.0,0.0
2024-02-23 00:00:00-05:00,56.46269225010973,56.886165403571624,56.45387143523869,56.692073822021484,2838900,0.0,0.0
2024-02-26 00:00:00-05:00,56.63031612073172,56.8949809432438,56.074510570228256,56.347999572753906,2487600,0.0,0.0
2024-02-27 00:00:00-05:00,57.23022836432992,58.75648158406779,57.20375582619066,58.13892364501953,9925900,0.0,0.0
2024-02-28 00:00:00-05:00,58.10363475145029,58.18303217473157,57.24787106918673,57.415496826171875,3879600,0.0,0.0
2024-02-29 00:00:00-05:00,57.671348111099206,58.138928695695185,57.39785237358138,58.05952453613281,5849000,0.0,0.0
2024-03-01 00:00:00-05:00,58.28890823481045,58.57122143191854,58.059526658760895,58.209510803222656,2864600,0.0,0.0
2024-03-04 00:00:00-05:00,58.20068103209787,58.985864746471286,58.11245942851555,58.80942153930664,4150300,0.0,0.0
2024-03-05 00:00:00-05:00,58.765307609128634,59.47991135116805,58.74765924981484,59.321109771728516,4281100,0.0,0.0
2024-03-06 00:00:00-05:00,59.55931685854706,59.77105005898126,59.13584372680157,59.25053787231445,2187000,0.0,0.0
2024-03-07 00:00:00-05:00,59.47109088249441,59.665175708952205,59.082907767825645,59.541664123535156,1992500,0.0,0.0
2024-03-08 00:00:00-05:00,59.55048820117058,59.8063355507771,59.45344242266892,59.67399978637695,2466200,0.0,0.0
2024-03-11 00:00:00-04:00,59.53285228711035,59.60342553480374,59.224066563583236,59.400516510009766,3303500,0.0,0.0
2024-03-12 00:00:00-04:00,59.55048964616181,59.62106961967138,59.303466469755044,59.471092224121094,2133800,0.0,0.0
2024-03-13 00:00:00-04:00,59.462270738961905,59.929851305614704,59.462270738961905,59.73575973510742,5358300,0.0,0.0
2024-03-14 00:00:00-04:00,59.77988229784754,59.90339390899136,58.71238524103145,59.08292007446289,7628600,0.0,0.0
2024-03-15 00:00:00-04:00,58.87117646740558,59.78868920819402,58.827062300826015,59.49755859375,10396500,0.0,0.0
2024-03-18 00:00:00-04:00,59.55049875693483,59.603430379726774,59.13584976272388,59.356407165527344,5143200,0.0,0.0
2024-03-19 00:00:00-04:00,59.55049482025773,59.72693803848534,59.241715822920746,59.25935745239258,3550200,0.0,0.0
2024-03-20 00:00:00-04:00,59.13583729842152,59.92102094843525,58.88881413628817,59.850440979003906,5095700,0.0,0.0
2024-03-21 00:00:00-04:00,60.03571781065989,60.591519950726294,60.018069452061596,60.25627517700195,4876100,0.0,0.0
2024-03-22 00:00:00-04:00,60.43272467580372,60.58270208513602,60.16805311625947,60.32685470581055,4931500,0.0,0.0
2024-03-25 00:00:00-04:00,60.159234324970214,60.67092234132978,60.159234324970214,60.30921173095703,4597700,0.0,0.0
2024-03-26 00:00:00-04:00,60.49447620284191,60.7767893720065,60.37096461201221,60.397430419921875,6602000,0.0,0.0
2024-03-27 00:00:00-04:00,60.52977331504896,61.25320131686465,60.52977331504896,61.24437713623047,3724000,0.0,0.0
2024-03-28 00:00:00-04:00,61.23556108361552,62.10896652175126,61.15615691785164,61.81782913208008,4889100,0.0,0.0
2024-04-01 00:00:00-04:00,61.719286540008774,61.85365500085244,60.99369958515849,61.22660446166992,5409000,1.06,0.0
2024-04-02 00:00:00-04:00,60.86829470655702,61.02058261678394,60.45623641228285,60.608524322509766,5972200,0.0,0.0
2024-04-03 00:00:00-04:00,60.527894977337205,61.08328141066958,60.46519060859513,60.89516830444336,6735400,0.0,0.0
2024-04-04 00:00:00-04:00,61.2266083467889,61.51325789212156,60.581645161224365,60.608524322509766,4519600,0.0,0.0
2024-04-05 00:00:00-04:00,60.68914015412859,61.15494309362281,60.58164401381572,60.85934066772461,5347600,0.0,0.0
2024-04-08 00:00:00-04:00,60.95787539748208,61.32514190673828,60.91308363169438,61.32514190673828,2137400,0.0,0.0
2024-04-09 00:00:00-04:00,61.298275399150306,61.48638853163849,60.751848609142655,61.34306716918945,1838800,0.0,0.0
2024-04-10 00:00:00-04:00,60.82350295162496,60.90411992364726,59.838145677192685,60.053131103515625,7622500,0.0,0.0
2024-04-11 00:00:00-04:00,60.07105072410265,60.3129153369451,59.63212010076818,59.999393463134766,4446500,0.0,0.0
2024-04-12 00:00:00-04:00,59.8202307006305,60.06209530326623,59.33650832962304,59.48879623413086,3164100,0.0,0.0
2024-04-15 00:00:00-04:00,59.7664848224906,60.07104695673014,58.44968620080631,58.646759033203125,5672900,0.0,0.0
2024-04-16 00:00:00-04:00,58.485516483467705,58.51238880811848,57.33891840327711,57.4016227722168,4022900,0.0,0.0
2024-04-17 00:00:00-04:00,57.49120271320859,58.04658917966236,57.24038522328238,57.527034759521484,2772000,0.0,0.0
2024-04-18 00:00:00-04:00,57.52703595079927,57.840557819699484,57.19559464123951,57.45537185668945,4378100,0.0,0.0
2024-04-19 00:00:00-04:00,57.44641156274871,57.92118105578744,57.31204651333259,57.580780029296875,3709900,0.0,0.0
2024-04-22 00:00:00-04:00,57.76889620188288,57.876392347655475,57.37475733591229,57.78681564331055,5625100,0.0,0.0
2024-04-23 00:00:00-04:00,57.813679363478286,57.9301283783625,57.52702985169424,57.86742401123047,3075700,0.0,0.0
2024-04-24 00:00:00-04:00,57.804724552931035,57.97492506428446,57.24038520081853,57.43745803833008,9627100,0.0,0.0
2024-04-25 00:00:00-04:00,56.91790402091747,56.94477634726562,56.04003938317996,56.56855010986328,7667200,0.0,0.0
2024-04-26 00:00:00-04:00,56.61334055167247,57.03435515425797,56.52376043198139,56.989566802978516,3202100,0.0,0.0
2024-04-29 00:00:00-04:00,56.96269505446648,57.168724206151296,56.52376100635035,56.864158630371094,4867800,0.0,0.0
2024-04-30 00:00:00-04:00,56.649167293386,56.89998477076335,56.52375513756548,56.5775032043457,3382200,0.0,0.0
2024-05-01 00:00:00-04:00,56.43417718334209,57.24933738374954,56.43417718334209,57.04330825805664,3287200,0.0,0.0
2024-05-02 00:00:00-04:00,57.06122882311664,57.24038563884977,56.43418167661672,56.70291519165039,4193500,0.0,0.0
2024-05-03 00:00:00-04:00,57.10601315104001,57.58077577473511,57.00747673846968,57.446407318115234,3735000,0.0,0.0
2024-05-06 00:00:00-04:00,57.77784937936723,58.091371226200984,57.419535768301365,58.06449890136719,2307000,0.0,0.0
2024-05-07 00:00:00-04:00,58.216789207295854,58.35115768706054,57.80473088114498,57.94805908203125,3380700,0.0,0.0
2024-05-08 00:00:00-04:00,57.70618450979872,58.82591025781994,57.70618450979872,58.79903793334961,3862700,0.0,0.0
2024-05-09 00:00:00-04:00,58.78113394313799,59.022991733080104,58.68259751613001,58.71842956542969,1796500,0.0,0.0
2024-05-10 00:00:00-04:00,58.69154401390491,59.06777707346455,58.646759082853805,58.82591247558594,1934600,0.0,0.0
2024-05-13 00:00:00-04:00,58.91549440376981,59.04090999093609,58.8527900273189,58.879669189453125,2085500,0.0,0.0
2024-05-14 00:00:00-04:00,59.031945600436835,59.27380336639664,58.65571937149318,58.700504302978516,1728500,0.0,0.0
2024-05-15 00:00:00-04:00,58.82591075168737,59.264848169266536,58.80799814664463,59.1125602722168,1646800,0.0,0.0
2024-05-16 00:00:00-04:00,59.11255656798253,59.26484445548929,58.852779388427734,58.852779388427734,2261200,0.0,0.0
2024-05-17 00:00:00-04:00,59.014025838917824,59.15735402112345,58.78112779422951,59.0409049987793,2691200,0.0,0.0
2024-05-21 00:00:00-04:00,58.808000192541336,59.39921185921085,58.75424870701582,59.309635162353516,2347100,0.0,0.0
2024-05-22 00:00:00-04:00,59.05881621213026,59.112560862058416,58.288444336596,58.36906814575195,1931500,0.0,0.0
2024-05-23 00:00:00-04:00,58.57509502732971,58.816959625353974,57.912219272705016,58.207828521728516,2294800,0.0,0.0
2024-05-24 00:00:00-04:00,58.31532450603016,58.66467844608506,58.154083700292155,58.46760559082031,2723500,0.0,0.0
2024-05-27 00:00:00-04:00,58.50342828573943,58.92444625752769,58.50342828573943,58.75424575805664,968600,0.0,0.0
2024-05-28 00:00:00-04:00,58.225737933351425,59.16631027982634,58.08240975953055,58.26156997680664,3763600,0.0,0.0
2024-05-29 00:00:00-04:00,57.68827316358962,57.777849858533045,56.8820692405713,56.89102554321289,3163300,0.0,0.0
2024-05-30 00:00:00-04:00,57.01644003714887,57.56286678324397,56.94477594455121,57.43745803833008,3218300,0.0,0.0
2024-05-31 00:00:00-04:00,57.67035998440576,57.858473114486564,56.9268637676964,57.79576873779297,4633600,0.0,0.0
2024-06-03 00:00:00-04:00,57.61660828641231,58.10929035326268,57.07018157018322,57.670352935791016,3665700,0.0,0.0
2024-06-04 00:00:00-04:00,57.5986993266144,57.92118091182282,57.15976529849581,57.84055709838867,2093000,0.0,0.0
2024-06-05 00:00:00-04:00,57.93013588199472,58.22574515144859,57.634526612540846,58.2167854309082,2956500,0.0,0.0
2024-06-06 00:00:00-04:00,58.22573864884376,58.369066824425886,57.733056588109655,57.96596145629883,3404400,0.0,0.0
2024-06-07 00:00:00-04:00,57.71514295309032,58.16303324239437,57.66139830533814,57.86742401123047,2752600,0.0,0.0
2024-06-10 00:00:00-04:00,57.72411441276807,57.86743578067799,57.15977157666845,57.21351623535156,4773300,0.0,0.0
2024-06-11 00:00:00-04:00,56.980607106942685,57.21350857000819,56.75666194674696,57.07914352416992,3150600,0.0,0.0
2024-06-12 00:00:00-04:00,57.49120029009251,58.31531681776239,57.47328768482305,58.19886779785156,3959500,0.0,0.0
2024-06-13 00:00:00-04:00,58.04659288679199,58.064505493960404,57.715151562928355,57.87639236450195,2479700,0.0,0.0
2024-06-14 00:00:00-04:00,57.553908393848985,57.56286811419686,56.82832481661501,57.06122970581055,3974200,0.0,0.0
2024-06-17 00:00:00-04:00,56.953736971319344,57.07914571911034,56.75666412928657,57.016441345214844,3688300,0.0,0.0
2024-06-18 00:00:00-04:00,56.8910261243265,57.3210038324162,56.631252339484355,56.81040573120117,2382200,0.0,0.0
2024-06-19 00:00:00-04:00,56.702915745124145,56.84624051568323,56.28190115374365,56.48793029785156,1629500,0.0,0.0
2024-06-20 00:00:00-04:00,56.46105618671169,56.56855233058839,55.511530835726006,55.547359466552734,4355100,0.0,0.0
2024-06-21 00:00:00-04:00,55.46673682147455,56.00420726770045,55.3323717727671,55.3861198425293,11503700,0.0,0.0
2024-06-24 00:00:00-04:00,55.63693595227336,56.30877143052403,55.63693595227336,56.290855407714844,4737400,0.0,0.0
2024-06-25 00:00:00-04:00,55.986293801705386,56.13857488062258,55.61006754758138,56.03108215332031,2644900,0.0,0.0
2024-06-26 00:00:00-04:00,55.76234317390148,55.94149997997492,55.54735432318697,55.834007263183594,2649800,0.0,0.0
2024-06-27 00:00:00-04:00,55.69068070272943,56.01316227960506,55.61902002849705,55.89671325683594,4313100,0.0,0.0
2024-06-28 00:00:00-04:00,56.10274504621086,56.49688731595296,55.88775617908564,56.05795669555664,18901700,0.0,0.0
2024-07-02 00:00:00-04:00,55.89671050353086,56.210232344976816,55.43986048641613,56.08482360839844,11228900,0.0,0.0
2024-07-03 00:00:00-04:00,56.084826549096334,56.795570833974665,56.084826549096334,56.71356201171875,5547200,1.06,0.0
2024-07-04 00:00:00-04:00,56.585990950585646,56.859356013211055,56.540431265475135,56.54954528808594,2343500,0.0,0.0
2024-07-05 00:00:00-04:00,56.64977825259692,56.79557481436402,56.13039016723633,56.13039016723633,9428700,0.0,0.0
2024-07-08 00:00:00-04:00,56.21239224492191,56.45841869938756,56.03926406258575,56.23973083496094,5746800,0.0,0.0
2024-07-09 00:00:00-04:00,56.30351540639703,56.92313681911007,56.121273201014205,56.77734375,4669200,0.0,0.0
2024-07-10 00:00:00-04:00,56.86846630251111,57.53364743486191,56.85024173335314,57.47897720336914,5420200,0.0,0.0
2024-07-11 00:00:00-04:00,57.62477064978034,58.37195713415657,57.5700969419562,58.207942962646484,3344800,0.0,0.0
2024-07-12 00:00:00-04:00,58.34462063503976,58.67265592224542,58.29906095092366,58.4539680480957,4364600,0.0,0.0
2024-07-15 00:00:00-04:00,58.554203113336754,58.8731243872514,58.36285034898797,58.74555587768555,2849200,0.0,0.0
2024-07-16 00:00:00-04:00,59.09181154705,59.78433127050702,58.772890277024494,59.756996154785156,2953100,0.0,0.0
2024-07-17 00:00:00-04:00,59.50185660374236,59.775214701277065,59.00068966365241,59.08269500732422,2926800,0.0,0.0
2024-07-18 00:00:00-04:00,59.11915235966926,59.56564913269301,58.87312934250272,59.155601501464844,3570000,0.0,0.0
2024-07-19 00:00:00-04:00,59.00980836494377,59.173826017254996,58.453971151664774,58.46308517456055,2032300,0.0,0.0
2024-07-22 00:00:00-04:00,58.77288943499127,58.86400880341277,57.961915237704176,58.37195587158203,5023900,0.0,0.0
2024-07-23 00:00:00-04:00,58.4084007382279,58.417514759992244,57.5974266002433,57.916351318359375,2266800,0.0,0.0
2024-07-24 00:00:00-04:00,57.67033122179824,58.034812184953786,57.533648688126654,57.57920837402344,3213300,0.0,0.0
2024-07-25 00:00:00-04:00,57.524539828717735,57.58832408604049,57.123606238710394,57.369632720947266,8589100,0.0,0.0
2024-07-26 00:00:00-04:00,57.6703316376745,57.816124719184316,57.369631451821064,57.770565032958984,3266900,0.0,0.0
2024-07-29 00:00:00-04:00,57.952805907207726,58.06215332934375,57.57921090486308,57.98014450073242,5733500,0.0,0.0
2024-07-30 00:00:00-04:00,58.09859237824545,59.00980341237695,58.03480812725339,58.508636474609375,7190300,0.0,0.0
2024-07-31 00:00:00-04:00,58.699992716285294,59.12826140638312,58.29906261822385,58.74555587768555,2923800,0.0,0.0
2024-08-01 00:00:00-04:00,58.74556092541662,58.83668030408421,57.76145495109549,58.15327453613281,3359200,0.0,0.0
2024-08-02 00:00:00-04:00,57.58832151767216,57.807009397030846,56.996035182111825,57.70677947998047,4024900,0.0,0.0
2024-08-06 00:00:00-04:00,56.49487203283275,57.16005317352094,56.13950161975096,56.96870040893555,7427500,0.0,0.0
2024-08-07 00:00:00-04:00,57.54276348840408,57.54276348840408,56.72267522725606,57.03248596191406,3033700,0.0,0.0
2024-08-08 00:00:00-04:00,57.1144927278243,57.542761412751226,57.04159445124901,57.51542282104492,2748900,0.0,0.0
2024-08-09 00:00:00-04:00,57.588317308248186,58.116815874718654,57.4425242406721,58.01658248901367,1927900,0.0,0.0
2024-08-12 00:00:00-04:00,57.99836734882664,58.071262152104666,55.29207956099732,56.03015899658203,6116500,0.0,0.0
2024-08-13 00:00:00-04:00,56.312629982184916,56.87757773091627,56.14861233320143,56.850242614746094,3276400,0.0,0.0
2024-08-14 00:00:00-04:00,56.94136324750116,57.53364608936883,56.92313867876939,57.451637268066406,2779700,0.0,0.0
2024-08-15 00:00:00-04:00,57.8252392113591,58.34462731692365,57.734119832691505,58.15327453613281,2997000,0.0,0.0
2024-08-16 00:00:00-04:00,58.18060187352171,58.77288818359375,57.95279998133724,58.77288818359375,1618600,0.0,0.0
2024-08-19 00:00:00-04:00,58.791105957505195,59.21937460295131,58.791105957505195,59.192039489746094,2586000,0.0,0.0
2024-08-20 00:00:00-04:00,59.15559096662952,59.21026814556709,58.59064674931443,58.991573333740234,2235500,0.0,0.0
2024-08-21 00:00:00-04:00,58.873123667875845,59.14648872901235,58.76377625302879,59.01891326904297,1988500,0.0,0.0
2024-08-22 00:00:00-04:00,59.009806999478094,59.16471062530913,58.672657679761386,58.93690872192383,1737800,0.0,0.0
2024-08-23 00:00:00-04:00,59.10092917999136,59.775220899517,59.08270113375508,59.6385383605957,2888500,0.0,0.0
2024-08-26 00:00:00-04:00,59.63853642912838,59.911901498117714,59.59298021893848,59.77521896362305,1585600,0.0,0.0
2024-08-27 00:00:00-04:00,59.820785151200496,61.38806346181752,59.547420068385776,61.251380920410156,4055800,0.0,0.0
2024-08-28 00:00:00-04:00,61.0509074050248,61.278709298327136,59.829892593866106,60.08502960205078,2980000,0.0,0.0
2024-08-29 00:00:00-04:00,60.33105305801382,60.695537480529794,60.13970030038442,60.50418472290039,3553900,0.0,0.0
2024-08-30 00:00:00-04:00,60.64086481394647,61.44272494969523,60.64086481394647,61.29692840576172,3650100,0.0,0.0
2024-09-03 00:00:00-04:00,61.1420347823882,61.81632652835508,61.023580285058195,61.779884338378906,3255400,0.0,0.0
2024-09-04 00:00:00-04:00,61.597627199721366,62.763971717516156,61.579406108114064,62.59084701538086,4316200,0.0,0.0
2024-09-05 00:00:00-04:00,62.58174550937229,63.028235338642865,62.0896925140287,62.34482955932617,2532100,0.0,0.0
2024-09-06 00:00:00-04:00,62.627304716049075,62.937111979477194,61.93478495690735,62.42683792114258,3184300,0.0,0.0
2024-09-09 00:00:00-04:00,62.82775665125583,63.44737805208684,62.70018815272843,63.39270782470703,5674100,0.0,0.0
2024-09-10 00:00:00-04:00,63.420036922292795,63.784521291493554,63.092001685208224,63.766300201416016,6088000,0.0,0.0
2024-09-11 00:00:00-04:00,63.58406323948742,64.0396670253272,63.22869284268935,63.9849967956543,3356900,0.0,0.0
2024-09-12 00:00:00-04:00,64.0396763763116,64.2857063496888,63.62052166637005,64.00322723388672,4016000,0.0,0.0
2024-09-13 00:00:00-04:00,63.994130521318176,64.53173981719392,63.92123222466798,64.44062042236328,4275400,0.0,0.0
2024-09-16 00:00:00-04:00,64.51350274558718,65.28802783782295,64.46793958347111,65.17868041992188,3248200,0.0,0.0
2024-09-17 00:00:00-04:00,65.33357992814017,65.61605900191462,65.06933585080975,65.14222717285156,10886100,0.0,0.0
2024-09-18 00:00:00-04:00,65.06023606954656,65.32448715668072,64.75042181319621,65.11490631103516,3512200,0.0,0.0
2024-09-19 00:00:00-04:00,65.60695958412862,65.9532160347824,65.40649276197405,65.61607360839844,6434600,0.0,0.0
2024-09-20 00:00:00-04:00,65.95320181914032,67.00109192147144,65.74362796985135,66.83707427978516,11211200,0.0,0.0
2024-09-23 00:00:00-04:00,67.06487853617435,67.11044169734419,66.08077265138964,66.39058685302734,4193600,0.0,0.0
2024-09-24 00:00:00-04:00,66.52727349930088,66.57282971132602,66.25390841929887,66.42704010009766,4641800,0.0,0.0
2024-09-25 00:00:00-04:00,66.42702716263501,66.53636761177023,66.15366213587414,66.24478149414062,3081900,0.0,0.0
2024-09-26 00:00:00-04:00,66.81886052725545,67.65716992042465,66.68217798550849,67.26535034179688,4664700,0.0,0.0
2024-09-27 00:00:00-04:00,67.20156089276571,67.64805067282583,66.98287301403701,67.01020812988281,18511900,0.0,0.0
2024-09-30 00:00:00-04:00,67.03754132070462,67.28356430821442,66.68217092098928,67.14688873291016,7006700,0.0,0.0
2024-10-01 00:00:00-04:00,66.85530140834005,67.2835631233553,66.58193635862122,67.00109100341797,8875900,0.0,0.0
2024-10-02 00:00:00-04:00,66.77920229976078,66.83467217261992,66.21523508020597,66.3908920288086,5898700,1.06,0.0
2024-10-03 00:00:00-04:00,66.06730392856045,66.21523298970928,65.81768245492913,66.10428619384766,7844300,0.0,0.0
2024-10-04 00:00:00-04:00,66.43713153697333,66.95486923728888,66.29844978048962,66.57581329345703,9971600,0.0,0.0
2024-10-07 00:00:00-04:00,66.1597610914879,66.6867460679884,66.06730894806869,66.45561218261719,4529200,0.0,0.0
2024-10-08 00:00:00-04:00,66.46485446334061,66.61278352448944,65.91938192105748,66.10428619384766,4185200,0.0,0.0
2024-10-09 00:00:00-04:00,65.87315592111314,66.0765548644705,65.67900430799372,65.7344741821289,4117300,0.0,0.0
2024-10-10 00:00:00-04:00,65.55882071760898,66.13202825722736,65.3276868248863,66.11354064941406,4692700,0.0,0.0
2024-10-11 00:00:00-04:00,66.25222342010913,67.00109498694205,66.25222342010913,66.73297882080078,4097900,0.0,0.0
2024-10-15 00:00:00-04:00,66.89015626726228,67.38015905808898,66.6220400686944,67.3616714477539,7202800,0.0,0.0
2024-10-16 00:00:00-04:00,67.50034967823561,68.3139385096777,67.49110234672854,68.25846862792969,5673500,0.0,0.0
2024-10-17 00:00:00-04:00,68.38790045383605,68.68375156798706,67.98110252676081,68.29544830322266,4216900,0.0,0.0
2024-10-18 00:00:00-04:00,68.2769473781456,68.47109899271906,68.01807855871432,68.37864685058594,3154600,0.0,0.0
2024-10-21 00:00:00-04:00,68.27694435073548,68.3971384784608,67.56505512886473,67.67599487304688,7410500,0.0,0.0
2024-10-22 00:00:00-04:00,67.27844706301448,67.43562346306456,66.89939116559087,67.21372985839844,6274000,0.0,0.0
2024-10-23 00:00:00-04:00,66.8901421165977,67.14901092841033,66.58504370825591,67.02882385253906,3788900,0.0,0.0
2024-10-24 00:00:00-04:00,66.9733719829248,67.35242797250383,66.71450310152488,67.20450592041016,3008600,0.0,0.0
2024-10-25 00:00:00-04:00,67.17675618859111,67.39864274471078,66.50184213610045,66.55731201171875,3981700,0.0,0.0
2024-10-28 00:00:00-04:00,66.51109175242422,66.97335954152109,66.43712721329352,66.74222564697266,6248400,0.0,0.0
2024-10-29 00:00:00-04:00,66.83468396763372,67.38015662340335,66.68675487570799,67.28770446777344,7999700,0.0,0.0
2024-10-30 00:00:00-04:00,66.98259913584951,67.52807878931941,66.65901309750971,67.1767578125,2341500,0.0,0.0
2024-10-31 00:00:00-04:00,67.10279676706845,67.10279676706845,66.12278421668047,66.27996063232422,3909200,0.0,0.0
2024-11-01 00:00:00-04:00,66.40939846413761,67.04732327606854,66.17826454804663,66.9733657836914,2439500,0.0,0.0
2024-11-04 00:00:00-05:00,67.08429499787547,69.12751764831835,67.07505472131125,68.17524719238281,6477800,0.0,0.0
2024-11-05 00:00:00-05:00,68.17524647479127,68.25845833851697,67.77769592368122,67.97184753417969,4471700,0.0,0.0
2024-11-06 00:00:00-05:00,68.80393811323822,69.00733707516416,67.90713744673573,68.61903381347656,4336600,0.0,0.0
2024-11-07 00:00:00-05:00,68.63751521247904,69.34016418457031,68.5820453382982,69.34016418457031,3216800,0.0,0.0
2024-11-08 00:00:00-05:00,69.34016871482778,69.47885046298678,69.00733534070487,69.38639831542969,1949900,0.0,0.0
2024-11-11 00:00:00-05:00,69.5158404795334,70.07980781222051,69.49734581577292,69.58979797363281,2132200,0.0,0.0
2024-11-12 00:00:00-05:00,69.5897919297964,69.65450914004242,69.20148866832028,69.57130432128906,2211600,0.0,0.0
2024-11-13 00:00:00-05:00,69.70999253179806,69.94112645461327,69.25697201810155,69.37715911865234,1800200,0.0,0.0
2024-11-14 00:00:00-05:00,69.47884440713945,70.01507669133744,69.14601106202663,69.99658203125,2305200,0.0,0.0
2024-11-15 00:00:00-05:00,69.94111997296329,70.67150394781024,69.91338503337936,70.20923614501953,3134200,0.0,0.0
2024-11-18 00:00:00-05:00,70.26470579831026,71.8364135012874,70.26470579831026,71.5867919921875,4850500,0.0,0.0
2024-11-19 00:00:00-05:00,71.78094872982372,72.6500145152813,71.59604441760385,72.46510314941406,3645200,0.0,0.0
2024-11-20 00:00:00-05:00,72.65000792065574,73.0290638423928,72.19698040563898,72.77019500732422,3207900,0.0,0.0
2024-11-21 00:00:00-05:00,72.80717606757096,73.18623903665727,72.30792601381289,72.57604217529297,3584100,0.0,0.0
2024-11-22 00:00:00-05:00,72.37264669177466,73.02906613088192,72.34491175195487,72.95510864257812,2517600,0.0,0.0
2024-11-25 00:00:00-05:00,73.06605026508251,73.38963632730997,72.87189862774602,73.02906799316406,5864500,0.0,0.0
2024-11-26 00:00:00-05:00,72.56678587513167,73.38038158972147,72.22471227117526,73.12150573730469,6128200,0.0,0.0
2024-11-27 00:00:00-05:00,73.08454006153083,73.68548254266217,73.03831046129919,73.5190658569336,3119200,0.0,0.0
2024-11-28 00:00:00-05:00,73.65775232532013,73.8981335653687,73.59303511303557,73.77794647216797,2398600,0.0,0.0
2024-11-29 00:00:00-05:00,73.60227877797956,73.89812988420677,73.57454383890308,73.82416534423828,3701000,0.0,0.0
2024-12-02 00:00:00-05:00,73.91661403597483,74.09227804677411,73.52831079976777,73.76869201660156,4095600,0.0,0.0
2024-12-03 00:00:00-05:00,71.88264204849345,71.91037698758142,70.1999875585717,71.28169250488281,9728800,0.0,0.0
2024-12-04 00:00:00-05:00,71.39263882394941,72.21547492825228,71.35565655420419,71.92887115478516,3952700,0.0,0.0
2024-12-05 00:00:00-05:00,71.57754087225608,72.43735921931504,71.5405586036717,72.38188934326172,5206200,0.0,0.0
2024-12-06 00:00:00-05:00,72.38189194944661,73.72246572907825,72.30792740961468,72.98284149169922,5097700,0.0,0.0
2024-12-09 00:00:00-05:00,72.98284872005567,73.28794013319738,72.77020241038969,73.19548797607422,3649600,0.0,0.0
2024-12-10 00:00:00-05:00,73.03830445484914,73.30642059612093,72.7147184407784,73.18623352050781,3078600,0.0,0.0
2024-12-11 00:00:00-05:00,73.38962692162477,73.50057372316105,72.75170221031827,73.15849304199219,2675200,0.0,0.0
2024-12-12 00:00:00-05:00,72.9181253257642,73.14925922581001,72.46509780304868,72.65000915527344,2760800,0.0,0.0
2024-12-13 00:00:00-05:00,73.0198247718203,73.07529465063827,72.54830964092693,72.96434783935547,2676400,0.0,0.0
2024-12-16 00:00:00-05:00,72.7609482123554,73.01057677204346,72.26170520027283,72.44660949707031,4561900,0.0,0.0
2024-12-17 00:00:00-05:00,72.11377561753848,72.64076061875154,71.93811159925188,72.45585632324219,2995100,0.0,0.0
2024-12-18 00:00:00-05:00,72.46510101913296,72.5390655633055,71.11527982939646,71.33717346191406,5909100,0.0,0.0
2024-12-19 00:00:00-05:00,71.28169844016499,71.5498146297513,71.02282958226023,71.09679412841797,2853700,0.0,0.0
2024-12-20 00:00:00-05:00,70.83791987384436,71.52207423956395,70.18150044740912,71.27244567871094,8587400,0.0,0.0
2024-12-23 00:00:00-05:00,71.02282524841279,71.31867636134344,70.5605574436057,71.2632064819336,5274000,0.0,0.0
2024-12-24 00:00:00-05:00,71.21697235107422,71.46660089983762,71.07829060772194,71.21697235107422,1330300,0.0,0.0
2024-12-27 00:00:00-05:00,71.15225290455857,71.67923786978886,71.13376529772867,71.66999053955078,2738000,0.0,0.0
2024-12-30 00:00:00-05:00,71.26320644466175,71.7901914597203,70.89339079028012,71.57754516601562,5233200,0.0,0.0
2024-12-31 00:00:00-05:00,71.65151009424511,71.77169718476772,71.29094176903034,71.36490631103516,4323700,0.0,0.0
2025-01-02 00:00:00-05:00,71.6977278397096,72.03056117004344,71.20771812019616,71.42036437988281,9369600,0.0,0.0
2025-01-03 00:00:00-05:00,71.19848560090352,72.16924370876464,71.19848560090352,71.3094253540039,10726900,0.0,0.0
2025-01-06 00:00:00-05:00,71.69773392204607,71.85490327091304,71.078289749703,71.12451934814453,7128800,0.0,0.0
2025-01-07 00:00:00-05:00,71.26513164087831,71.33075302586589,69.98082637009358,70.03707122802734,7238500,1.06,0.0
2025-01-08 00:00:00-05:00,69.85895828235546,69.99020821449659,69.3339871625713,69.68084716796875,10396800,0.0,0.0
2025-01-09 00:00:00-05:00,69.5964764603987,70.13082413664814,69.5964764603987,69.95271301269531,5378300,0.0,0.0
2025-01-10 00:00:00-05:00,69.84020763073318,69.85895353279594,69.12774176504007,69.46522521972656,8916900,0.0,0.0
2025-01-13 00:00:00-05:00,69.10899845540892,69.1839963708625,67.96530527742385,68.24654388427734,4293700,0.0,0.0
2025-01-14 00:00:00-05:00,68.24654799204752,69.04338122316746,68.21841840791316,69.0058822631836,3388400,0.0,0.0
2025-01-15 00:00:00-05:00,69.94334234981638,70.11208411184545,69.20275390269967,69.54023742675781,3155500,0.0,0.0
2025-01-16 00:00:00-05:00,69.55897231760505,69.77458953857422,69.20274294404182,69.77458953857422,3528800,0.0,0.0
2025-01-17 00:00:00-05:00,70.03707137583224,70.07457033193207,68.87463234551566,68.96837615966797,4470500,0.0,0.0
2025-01-20 00:00:00-05:00,69.00587127656098,69.44647504597741,68.9121274676242,69.240234375,1955900,0.0,0.0
2025-01-21 00:00:00-05:00,69.40898460315712,69.80271294028854,69.1371225173678,69.69021606445312,3026500,0.0,0.0
2025-01-22 00:00:00-05:00,69.74646478121943,69.83083206996128,69.1746182057646,69.4183578491211,2189800,0.0,0.0
2025-01-23 00:00:00-05:00,69.36211670748284,69.77459814515757,69.33399427349516,69.69960021972656,2440700,0.0,0.0
2025-01-24 00:00:00-05:00,69.68084475696502,69.8308334350586,69.44648163628548,69.8308334350586,3910200,0.0,0.0
2025-01-27 00:00:00-05:00,69.44648392519926,70.25269365908461,69.44648392519926,70.22457122802734,2961800,0.0,0.0
2025-01-28 00:00:00-05:00,70.26206775582374,70.59955125557794,70.05583419681444,70.4026870727539,3791000,0.0,0.0
2025-01-29 00:00:00-05:00,70.30893852119914,70.56204755290962,70.13082025490968,70.22457122802734,2270900,0.0,0.0
2025-01-30 00:00:00-05:00,70.37455749511719,70.73078686327173,70.14019437475883,70.37455749511719,3902400,0.0,0.0
2025-01-31 00:00:00-05:00,70.25270097666433,70.49643350601141,69.13713008056008,69.70897674560547,3915100,0.0,0.0
2025-02-03 00:00:00-05:00,63.746771004574356,67.73094419236025,63.746771004574356,67.56220245361328,9981600,0.0,0.0
2025-02-04 00:00:00-05:00,68.22779581843434,68.32153964350884,67.2622208309957,67.37471771240234,4203500,0.0,0.0
2025-02-05 00:00:00-05:00,67.49658528680963,67.79656982421875,67.26222214345266,67.79656982421875,5425700,0.0,0.0
2025-02-06 00:00:00-05:00,67.98405733218381,68.33091735839844,67.97468795605042,68.33091735839844,3955000,0.0,0.0
2025-02-07 00:00:00-05:00,68.19966077657531,68.26528215721414,67.77781006563907,68.2184066772461,3326900,0.0,0.0
2025-02-10 00:00:00-05:00,68.29341707655699,68.47153535038414,67.60908071788651,67.89968872070312,2332500,0.0,0.0
2025-02-11 00:00:00-05:00,67.77780911446762,68.38714743233669,67.69343468214801,68.28402709960938,4625400,0.0,0.0
2025-02-12 00:00:00-05:00,67.96531094359385,68.37779236078165,67.59970501552118,68.36841583251953,2531100,0.0,0.0
2025-02-13 00:00:00-05:00,68.490262979568,68.5558843547009,68.0027909288942,68.087158203125,1513300,0.0,0.0
2025-02-14 00:00:00-05:00,68.3027911734001,68.46215638525932,67.98405359748652,68.04967498779297,2572200,0.0,0.0
2025-02-18 00:00:00-05:00,67.68407148874282,67.9465642115162,67.40284001406438,67.89031219482422,2564000,0.0,0.0
2025-02-19 00:00:00-05:00,67.49657673078977,67.89030504519266,67.11221779135268,67.8715591430664,2193700,0.0,0.0
2025-02-20 00:00:00-05:00,67.7778143657895,67.99342442205612,67.47782987066606,67.9465560913086,2517300,0.0,0.0
2025-02-21 00:00:00-05:00,68.01218524978603,68.05905358589054,67.13097756555528,67.39346313476562,4013400,0.0,0.0
2025-02-24 00:00:00-05:00,67.40284290709185,67.95593650423577,67.17785628725328,67.71220397949219,2703600,0.0,0.0
2025-02-25 00:00:00-05:00,67.12160019528444,67.87156508550025,65.82791826946722,66.93411254882812,5378500,0.0,0.0
2025-02-26 00:00:00-05:00,66.93411421709611,68.2371727033722,66.86849282398131,67.85281372070312,4352300,0.0,0.0
2025-02-27 00:00:00-05:00,67.87156838380025,68.07780909624186,67.21534728492276,67.23410034179688,5181500,0.0,0.0
2025-02-28 00:00:00-05:00,67.42157889813988,67.42157889813988,66.62474574122528,67.32783508300781,5933400,0.0,0.0
2025-03-03 00:00:00-05:00,67.38409001394066,68.02155806519734,66.65287813353946,67.15910339355469,4546200,0.0,0.0
2025-03-04 00:00:00-05:00,66.19352443911664,66.24039992700718,65.06858425169665,65.86541748046875,6720200,0.0,0.0
2025-03-05 00:00:00-05:00,65.80915742625018,66.1372714970156,65.04044672322905,65.3404312133789,4895200,0.0,0.0
2025-03-06 00:00:00-05:00,64.83423195979137,65.24670628299187,64.34675255210468,64.57173919677734,5025800,0.0,0.0
2025-03-07 00:00:00-05:00,64.5248625939809,65.22795202675862,64.20612499864663,65.1435775756836,3586300,0.0,0.0
2025-03-10 00:00:00-04:00,64.57172105014715,65.14356760680603,64.39360995125934,64.78733825683594,6818600,0.0,0.0
2025-03-11 00:00:00-04:00,64.5154762599805,65.04982386158902,63.8873848453554,64.25299072265625,5039600,0.0,0.0
2025-03-12 00:00:00-04:00,64.39360380869495,64.45922518669803,63.840503206502845,64.15924072265625,4652000,0.0,0.0
2025-03-13 00:00:00-04:00,63.97175694656555,64.3842383375194,63.6811489586817,63.91551208496094,5094000,0.0,0.0
2025-03-14 00:00:00-04:00,64.00925435771381,64.72172024699458,64.00925435771381,64.5623550415039,3014600,0.0,0.0
2025-03-17 00:00:00-04:00,64.73110137096677,65.34981633418086,64.73110137096677,65.30294799804688,3325700,0.0,0.0
2025-03-18 00:00:00-04:00,65.31230933201824,65.3873072432325,64.67484139108605,64.77796173095703,4036600,0.0,0.0
2025-03-19 00:00:00-04:00,64.89045907923628,65.03107837575772,64.50610014555733,64.74983978271484,2791100,0.0,0.0
2025-03-20 00:00:00-04:00,64.61860754046089,64.8623472173269,64.33736890160043,64.55298614501953,2495500,0.0,0.0
2025-03-21 00:00:00-04:00,64.37486025369589,64.63734580443227,64.00925435771381,64.5623550415039,11049500,0.0,0.0
2025-03-24 00:00:00-04:00,64.9842086085077,65.0592065268748,64.65610165589554,64.87171173095703,7418800,0.0,0.0
2025-03-25 00:00:00-04:00,65.15295167674229,65.41543724418224,65.09670681291811,65.32169342041016,7336000,0.0,0.0
2025-03-26 00:00:00-04:00,65.3498168232117,65.63105545090154,65.12483021237706,65.25607299804688,6915700,0.0,0.0
2025-03-27 00:00:00-04:00,65.19982583576434,65.29356965762565,64.47798338782245,64.87171173095703,5927600,0.0,0.0
2025-03-28 00:00:00-04:00,64.68421271144616,64.88107684839164,63.98112344284349,64.08424377441406,8450500,0.0,0.0
2025-03-31 00:00:00-04:00,63.64364951650227,64.11237576549829,62.73431944909883,63.96238708496094,11842800,0.0,0.0
2025-04-01 00:00:00-04:00,63.857637537943965,64.11474811939667,63.38151436568953,63.88620376586914,4501200,1.06,0.0
2025-04-02 00:00:00-04:00,63.64813672961737,64.84796905517578,63.33390098428505,64.84796905517578,10357000,0.0,0.0
2025-04-03 00:00:00-04:00,63.800505209596295,65.03842836595697,63.686233032604164,64.92415618896484,8101200,0.0,0.0
2025-04-04 00:00:00-04:00,64.08618178906765,64.2099711982333,62.5435400980056,63.36247253417969,10728300,0.0,0.0
2025-04-07 00:00:00-04:00,61.04851316294565,62.92443960668515,60.37241913640606,60.4485969543457,14924800,0.0,0.0
2025-04-08 00:00:00-04:00,61.619857530066014,62.27690980539286,60.11531025695235,60.524776458740234,8321000,0.0,0.0
2025-04-09 00:00:00-04:00,59.99152306947016,62.8863529909792,59.58205682775854,62.47688674926758,8322700,0.0,0.0
2025-04-10 00:00:00-04:00,61.9912347354934,61.9912347354934,60.07722120724969,60.600955963134766,5876800,0.0,0.0
2025-04-11 00:00:00-04:00,60.372415378130185,61.49606627490996,60.3248001582841,60.91519546508789,4152400,0.0,0.0
2025-04-14 00:00:00-04:00,61.676992298966624,62.029326060496615,61.30561680724775,61.90553665161133,4659500,0.0,0.0
2025-04-15 00:00:00-04:00,62.33404266429174,62.610194966369185,62.0864565891425,62.400699615478516,3845900,0.0,0.0
2025-04-16 00:00:00-04:00,62.286436119433155,62.68637783561816,61.64842555497084,62.21025466918945,4338100,0.0,0.0
2025-04-17 00:00:00-04:00,62.21025318610368,62.686376341181656,62.20072868878454,62.553062438964844,3465900,0.0,0.0
2025-04-21 00:00:00-04:00,62.48640344817217,62.63875907499127,62.038846534597994,62.52449417114258,3054200,0.0,0.0
2025-04-22 00:00:00-04:00,62.9053929452531,63.486263812784905,62.9053929452531,63.438655853271484,8739100,0.0,0.0
2025-04-23 00:00:00-04:00,64.13378337219251,64.51468332453804,63.82906486332855,64.05760192871094,4104400,0.0,0.0
2025-04-24 00:00:00-04:00,63.72432760866489,64.095703125,63.619579923025405,64.095703125,4046700,0.0,0.0
2025-04-25 00:00:00-04:00,64.03857171985946,64.48612869949395,63.63862996723175,64.41947174072266,5837600,0.0,0.0
2025-04-28 00:00:00-04:00,64.51468324834795,64.85749247854785,64.42898457332913,64.78131103515625,4762600,0.0,0.0
2025-04-29 00:00:00-04:00,65.00985258410002,65.38123532998334,64.99081085446993,65.25743865966797,6204400,0.0,0.0
2025-04-30 00:00:00-04:00,65.22887740067935,65.72404232446539,64.64800652437333,65.68595886230469,6580700,0.0,0.0
2025-05-01 00:00:00-04:00,65.94305577485459,65.9811464983732,65.39075118142848,65.70499420166016,3837800,0.0,0.0
2025-05-02 00:00:00-04:00,66.07637803974323,66.31443964307566,65.82879193805971,66.28587341308594,3258600,0.0,0.0
2025-05-05 00:00:00-04:00,66.24777308670042,66.34299626122464,66.02875324673842,66.10493469238281,1557700,0.0,0.0
2025-05-06 00:00:00-04:00,65.99067634537079,65.99067634537079,65.45741343794114,65.61930084228516,2118100,0.0,0.0
2025-05-07 00:00:00-04:00,65.80974403417143,66.20016124918659,65.7526115795504,66.09542083740234,2738200,0.0,0.0
2025-05-08 00:00:00-04:00,66.24778019877928,66.6286802028305,66.13350801804492,66.40966033935547,2458200,0.0,0.0
2025-05-09 00:00:00-04:00,66.65724306007816,66.84768941993892,66.51440465765111,66.67628479003906,1980100,0.0,0.0
2025-05-12 00:00:00-04:00,67.60948639850614,67.65710161889632,67.03814007913691,67.36190032958984,2348900,0.0,0.0
2025-05-13 00:00:00-04:00,67.6094888878372,67.6094888878372,66.89530414606428,67.23811340332031,2255300,0.0,0.0
2025-05-14 00:00:00-04:00,67.2190567311075,68.06656254507254,67.2190567311075,67.9618148803711,2420000,0.0,0.0
2025-05-15 00:00:00-04:00,68.07608920411664,68.47603819066599,68.07608920411664,68.35224151611328,2589800,0.0,0.0
2025-05-16 00:00:00-04:00,68.43794180436814,68.70456959663889,68.08560807026039,68.53316497802734,2243800,0.0,0.0
2025-05-20 00:00:00-04:00,68.69505007073779,68.9902441099612,68.39985603151439,68.44746398925781,1882300,0.0,0.0
2025-05-21 00:00:00-04:00,68.19988462393526,68.42842170842809,67.71423696245792,68.07608795166016,3189400,0.0,0.0
2025-05-22 00:00:00-04:00,67.95229536862801,68.33319533502295,67.83802319919076,68.13322448730469,4476200,0.0,0.0
2025-05-23 00:00:00-04:00,67.88564813582533,68.38081307746762,67.68567725948535,68.26654815673828,2262000,0.0,0.0
2025-05-26 00:00:00-04:00,68.5331754500524,68.73314632481146,68.22845688874379,68.31415557861328,1459400,0.0,0.0
2025-05-27 00:00:00-04:00,67.28572204619415,69.56158995290207,67.12383466577401,69.42827606201172,7192800,0.0,0.0
2025-05-28 00:00:00-04:00,69.42827899893523,69.4663624564616,68.47603272940148,68.74266052246094,4271600,0.0,0.0
2025-05-29 00:00:00-04:00,68.84740728831011,70.05675683809348,68.84740728831011,70.02819061279297,4938300,0.0,0.0
2025-05-30 00:00:00-04:00,69.90441255306659,70.49480067853581,69.88536355640164,69.92345428466797,7430300,0.0,0.0
2025-06-02 00:00:00-04:00,69.7901382446289,70.10438129446639,69.5139859218987,69.7901382446289,2312600,0.0,0.0
2025-06-03 00:00:00-04:00,69.96153772093176,70.06628539648055,69.57111324569298,69.66634368896484,2118500,0.0,0.0
2025-06-04 00:00:00-04:00,69.61872987644321,69.78061000918142,69.3806682935707,69.63777160644531,6447600,0.0,0.0
2025-06-05 00:00:00-04:00,69.75204591589964,70.0377227301129,69.46636910168638,69.77108764648438,2108600,0.0,0.0
2025-06-06 00:00:00-04:00,70.08532433752316,70.35195213192497,70.00914289196191,70.3043441772461,3389100,0.0,0.0
2025-06-09 00:00:00-04:00,70.18055088141408,70.79951244245699,70.18055088141408,70.45670318603516,5236400,0.0,0.0
2025-06-10 00:00:00-04:00,70.41861583743061,70.71381715104035,70.34244164962271,70.44718933105469,5660000,0.0,0.0
2025-06-11 00:00:00-04:00,70.53288586362781,70.61859181175733,69.91392429180532,70.0567626953125,4486300,0.0,0.0
2025-06-12 00:00:00-04:00,69.98058531868283,70.37100982666016,69.98058531868283,70.37100982666016,2998100,0.0,0.0
2025-06-13 00:00:00-04:00,70.09484900256763,70.54240591498498,69.89487815628675,70.25672912597656,2296700,0.0,0.0
2025-06-16 00:00:00-04:00,70.59000810937941,71.28515103120706,70.54240015847135,70.90425109863281,6599500,0.0,0.0
2025-06-17 00:00:00-04:00,70.69476779953652,70.9709201160072,70.49479693555358,70.70429229736328,4867600,0.0,0.0
2025-06-18 00:00:00-04:00,70.70429920751779,71.08519924211988,70.70429920751779,70.79952239990234,4604600,0.0,0.0
2025-06-19 00:00:00-04:00,70.6757244822638,70.94235229492188,70.61859202671221,70.94235229492188,1111700,0.0,0.0
2025-06-20 00:00:00-04:00,71.41846491784877,71.41846491784877,70.71380476487666,70.90425109863281,9496500,0.0,0.0
2025-06-23 00:00:00-04:00,70.78046701663744,70.92330541019821,70.48526573259518,70.81855773925781,8408700,0.0,0.0
2025-06-24 00:00:00-04:00,71.2280253722961,71.6279670703366,71.0280472582132,71.0470962524414,6113800,0.0,0.0
2025-06-25 00:00:00-04:00,71.04709534988194,71.0851860727918,70.71381060574879,70.93282318115234,4786600,0.0,0.0
2025-06-26 00:00:00-04:00,70.94234369843889,71.5517807006836,70.93281920198008,71.5517807006836,6877800,0.0,0.0
2025-06-27 00:00:00-04:00,71.32325284378337,72.03743760403808,71.32325284378337,71.57083892822266,10633200,0.0,0.0
2025-06-30 00:00:00-04:00,71.48513510530832,71.86603510845237,71.38038742281711,71.70415496826172,10606400,0.0,0.0
2025-07-02 00:00:00-04:00,71.66549118165928,72.4579086303711,71.60750438206011,72.4579086303711,5189100,1.1,0.0
2025-07-03 00:00:00-04:00,72.39992796193893,72.61252904202074,72.29362742189802,72.43858337402344,5361500,0.0,0.0
2025-07-04 00:00:00-04:00,72.29362469590099,72.50622576796619,72.29362469590099,72.3999252319336,876900,0.0,0.0
2025-07-07 00:00:00-04:00,72.39027311052124,72.86378902892707,72.25497547535322,72.48690795898438,6187700,0.0,0.0
2025-07-08 00:00:00-04:00,72.25496694740777,72.60285825902803,72.07136296882769,72.58353424072266,9097700,0.0,0.0
2025-07-09 00:00:00-04:00,72.68984384345876,72.87345521771509,72.44825303428628,72.49656677246094,5511100,0.0,0.0
2025-07-10 00:00:00-04:00,72.42891786548189,73.1923456674056,72.28396928574689,72.76715087890625,7159800,0.0,0.0
2025-07-11 00:00:00-04:00,72.4772344256436,72.50622413977136,71.98438716717487,72.15833282470703,5333400,0.0,0.0
2025-07-14 00:00:00-04:00,72.15833339139468,72.29362364023045,71.83943178795366,72.27429962158203,4351200,0.0,0.0
2025-07-15 00:00:00-04:00,72.22597411486882,72.39991976316803,71.98438334627355,72.3226089477539,3321900,0.0,0.0
2025-07-16 00:00:00-04:00,72.3129621993831,72.81546783447266,72.15834054380703,72.81546783447266,4030600,0.0,0.0
2025-07-17 00:00:00-04:00,72.64151278124102,73.20200515120237,72.52555392729411,73.11503601074219,3125500,0.0,0.0
2025-07-18 00:00:00-04:00,73.12470103007875,73.23100157110856,72.8637862120385,73.21167755126953,2874100,0.0,0.0
2025-07-21 00:00:00-04:00,73.33730297334688,73.60788349086712,73.26965784396683,73.443603515625,7685500,0.0,0.0
2025-07-22 00:00:00-04:00,73.6368664743428,74.21669024203115,73.6368664743428,74.11038970947266,5655700,0.0,0.0
2025-07-23 00:00:00-04:00,74.40996835188385,74.67088317871094,74.38097863476598,74.67088317871094,3376100,0.0,0.0
2025-07-24 00:00:00-04:00,74.61290083043181,74.99944758002795,74.60323513418125,74.738525390625,5303800,0.0,0.0
2025-07-25 00:00:00-04:00,74.87381973697389,75.07675511274176,74.58390784429653,75.01876831054688,2680700,0.0,0.0
2025-07-28 00:00:00-04:00,75.0670894721571,75.17339000803263,74.65155302448879,74.6902084350586,5289400,0.0,0.0
2025-07-29 00:00:00-04:00,74.91247019089579,75.00911240674904,74.38097486753263,74.50659942626953,3889900,0.0,0.0
2025-07-30 00:00:00-04:00,74.63222864315745,75.31834558871678,74.55491782239328,74.9028091430664,3761000,0.0,0.0
2025-07-31 00:00:00-04:00,74.58390186393936,74.8931377507091,74.40029052178181,74.4969253540039,2807400,0.0,0.0
2025-08-01 00:00:00-04:00,73.80115812616545,74.15870778136284,73.52091192145356,73.95577239990234,3100700,0.0,0.0
2025-08-05 00:00:00-04:00,74.55491160191501,74.88347150360092,73.98475356230735,74.05239868164062,2370300,0.0,0.0
2025-08-06 00:00:00-04:00,74.21668785491357,74.44861293086996,73.79148573835583,73.859130859375,2958400,0.0,0.0
2025-08-07 00:00:00-04:00,73.95576856164047,74.26500446583098,73.7721572091392,74.12004852294922,2656300,0.0,0.0
2025-08-08 00:00:00-04:00,74.20702450168494,74.64188495442312,74.16836909234469,74.43894958496094,1579200,0.0,0.0
2025-08-11 00:00:00-04:00,74.40996298213972,74.8448234530589,74.40996298213972,74.69987487792969,6261100,0.0,0.0
2025-08-12 00:00:00-04:00,74.90280729096618,75.29901233524582,74.86415188153991,75.09607696533203,2379400,0.0,0.0
2025-08-13 00:00:00-04:00,75.32800715306841,75.46329740884437,75.23137230933787,75.38599395751953,2884400,0.0,0.0
2025-08-14 00:00:00-04:00,75.36666144987561,75.59859391871606,75.15406037315479,75.58892822265625,2167500,0.0,0.0
2025-08-15 00:00:00-04:00,75.62758524489955,75.975476582804,75.58892983260283,75.83052062988281,2380900,0.0,0.0
2025-08-18 00:00:00-04:00,75.69522671953703,75.92715180935666,75.61791589867526,75.88849639892578,2265400,0.0,0.0
2025-08-19 00:00:00-04:00,75.8208540016977,76.26538017849724,75.8208540016977,75.92715454101562,1869700,0.0,0.0
2025-08-20 00:00:00-04:00,76.10110200697376,76.25572365791567,75.91749063967178,76.06244659423828,3969100,0.0,0.0
2025-08-21 00:00:00-04:00,76.01413211177717,76.25572290942797,75.93682128706507,76.05278015136719,2986300,0.0,0.0
2025-08-22 00:00:00-04:00,76.16873766533958,77.10611103251617,76.09142684948135,77.01913452148438,6312200,0.0,0.0
2025-08-25 00:00:00-04:00,77.02880405640677,77.06745946626279,76.57461220655559,76.8548583984375,2652600,0.0,0.0
2025-08-26 00:00:00-04:00,78.87456310439637,82.16985761820807,78.7006174421611,82.12154388427734,13322500,0.0,0.0
2025-08-27 00:00:00-04:00,82.05390104477965,83.48411442054916,82.0249039562944,82.26649475097656,6757600,0.0,0.0
2025-08-28 00:00:00-04:00,82.93328857421875,83.0202650950557,82.39212754773469,82.93328857421875,5074400,0.0,0.0
2025-08-29 00:00:00-04:00,82.4501035216103,83.19419990181656,82.4501035216103,82.88496398925781,4559300,0.0,0.0
2025-09-02 00:00:00-04:00,82.48875664657746,82.92361710217533,82.20851045659185,82.7400131225586,3688300,0.0,0.0
2025-09-03 00:00:00-04:00,82.63371882850149,83.83200712534224,82.6240531321817,83.81268310546875,3741700,0.0,0.0
2025-09-04 00:00:00-04:00,83.83200624420577,84.98198079289267,83.81268222453538,84.89500427246094,4226300,0.0,0.0
2025-09-05 00:00:00-04:00,85.16558553338972,85.46516313666018,84.49879994379071,84.90467071533203,3676800,0.0,0.0
2025-09-08 00:00:00-04:00,84.78870373460454,85.38785156312635,84.37316727040326,85.32987213134766,3494600,0.0,0.0
2025-09-09 00:00:00-04:00,85.53280309796521,85.82270761465244,85.13659067389737,85.37818145751953,3354200,0.0,0.0
2025-09-10 00:00:00-04:00,85.37818870763829,85.75506977227148,85.31054357739043,85.59078979492188,3632000,0.0,0.0
2025-09-11 00:00:00-04:00,85.66809807674704,86.09329286591662,85.32020673930263,85.88069915771484,4721000,0.0,0.0
2025-09-12 00:00:00-04:00,85.81305390961971,85.88069903776353,84.70173477060041,84.78870391845703,3835600,0.0,0.0
2025-09-15 00:00:00-04:00,84.75004653464606,85.22356979340279,84.44081061707323,85.194580078125,3806400,0.0,0.0
2025-09-16 00:00:00-04:00,85.03996260372506,86.17060579160615,84.92399636416052,86.13195037841797,3553800,0.0,0.0
2025-09-17 00:00:00-04:00,86.04497943386437,86.68277530625274,85.89035778433625,85.99665832519531,2599800,0.0,0.0
2025-09-18 00:00:00-04:00,85.8613657201284,86.39286840988837,85.72607546687419,86.18026733398438,2539300,0.0,0.0
2025-09-19 00:00:00-04:00,86.97268259478778,86.97268259478778,85.90968461540461,86.58613586425781,7138000,0.0,0.0
2025-09-22 00:00:00-04:00,86.42186522104276,86.69244574976777,86.03531844882144,86.0643081665039,7619400,0.0,0.0
2025-09-23 00:00:00-04:00,86.00631696054376,86.48949851650187,86.00631696054376,86.11261749267578,2175800,0.0,0.0
2025-09-24 00:00:00-04:00,86.21891652787136,86.53781811873064,86.01598116262419,86.0932846069336,4332400,0.0,0.0
2025-09-25 00:00:00-04:00,85.91934602045075,86.77940858222728,85.84203520365246,86.74075317382812,6092600,0.0,0.0
2025-09-26 00:00:00-04:00,86.95336113309145,87.31091078681467,86.66344923347697,86.73109436035156,7195100,0.0,0.0
2025-09-29 00:00:00-04:00,86.14160445383466,87.28191318436916,86.14160445383466,87.16594696044922,7773900,0.0,0.0
2025-09-30 00:00:00-04:00,87.06932086410936,87.29158763906858,86.04497825470432,86.96302032470703,4663100,0.0,0.0
2025-10-01 00:00:00-04:00,86.97268385362777,87.30124378703613,86.90503872776335,87.04032897949219,5164400,0.0,0.0
2025-10-02 00:00:00-04:00,87.13696451989755,87.81342315673828,86.82772860306818,87.81342315673828,6918600,0.0,0.0
2025-10-03 00:00:00-04:00,87.7747631637714,88.32558984226996,87.5235066904736,87.96803283691406,10480100,0.0,0.0
2025-10-06 00:00:00-04:00,88.36424582259309,88.39323553647533,87.16595024851404,88.08399963378906,6687000,0.0,0.0
2025-10-07 00:00:00-04:00,88.07422264877262,88.12312655721186,87.45797967008023,87.65361022949219,6685700,1.1,0.0
2025-10-08 00:00:00-04:00,87.7318630293846,87.8003344695814,86.29395532242465,86.48958587646484,8848700,0.0,0.0
2025-10-09 00:00:00-04:00,86.48958623528767,87.3405948208304,86.42111479480681,87.25255584716797,6106100,0.0,0.0
2025-10-10 00:00:00-04:00,87.47753632773768,87.85902112768565,86.80259823729412,86.9004135131836,3604600,0.0,0.0
2025-10-14 00:00:00-04:00,86.91019916702875,88.16225263638978,86.56784196256712,88.14269256591797,2853400,0.0,0.0
2025-10-15 00:00:00-04:00,88.23072071169038,88.7393720784827,88.15247296996061,88.6122055053711,4720000,0.0,0.0
2025-10-16 00:00:00-04:00,88.50462258781903,88.96435516821435,87.81011690795361,87.94706726074219,3029100,0.0,0.0
2025-10-17 00:00:00-04:00,87.73186645966123,87.93728078828322,87.34059787345515,87.36994171142578,2311900,0.0,0.0
2025-10-20 00:00:00-04:00,87.42862853790287,88.13291049366543,87.42862853790287,87.9079360961914,2671400,0.0,0.0
2025-10-21 00:00:00-04:00,88.01553700323603,88.38723805982151,87.97640939788582,88.3089828491211,3093600,0.0,0.0
2025-10-22 00:00:00-04:00,88.22094469779346,88.48504668550574,87.67316572692484,87.77098846435547,4269400,0.0,0.0
2025-10-23 00:00:00-04:00,87.77099388750926,88.42636447695655,87.77099388750926,88.21116638183594,6504700,0.0,0.0
2025-10-24 00:00:00-04:00,88.47526686010792,88.90566304292696,88.46549055619107,88.70024871826172,4022500,0.0,0.0
2025-10-27 00:00:00-04:00,88.7785042689771,89.3360595703125,88.68068898963935,89.3360595703125,7125500,0.0,0.0
2025-10-28 00:00:00-04:00,89.336056876702,90.14793785009815,89.15020262758482,89.85448455810547,7841800,0.0,0.0
2025-10-29 00:00:00-04:00,89.79579822557787,89.9131735738657,88.50461715462049,89.11107635498047,4116900,0.0,0.0
2025-10-30 00:00:00-04:00,89.02304351456252,89.90339592771332,89.02304351456252,89.85448455810547,6105800,0.0,0.0
2025-10-31 00:00:00-04:00,89.66863031459874,90.01098751339347,89.28714551268074,89.98164367675781,3216300,0.0,0.0
2025-11-03 00:00:00-05:00,89.88382689407108,90.37291073067516,89.51212586486974,90.34356689453125,5498700,0.0,0.0
2025-11-04 00:00:00-05:00,89.68819418044679,90.7054894315759,89.3360532295626,90.65657806396484,4906600,0.0,0.0
2025-11-05 00:00:00-05:00,90.70549519504101,91.16522775079267,90.2164113391616,90.38269805908203,4480100,0.0,0.0
2025-11-06 00:00:00-05:00,90.47072924201824,90.96959686279297,90.20662724444773,90.96959686279297,3320100,0.0,0.0
2025-11-07 00:00:00-05:00,90.48051502898542,91.51737043472629,90.28488446810782,91.49781036376953,4519900,0.0,0.0
2025-11-10 00:00:00-05:00,91.50759614800793,92.1727505176141,91.48802861379227,92.15318298339844,5121700,0.0,0.0
2025-11-11 00:00:00-05:00,91.93798285715792,92.23143616130184,91.4586827590285,91.49781036376953,2726700,0.0,0.0
2025-11-12 00:00:00-05:00,91.77169562433846,92.92593383789062,91.722784252977,92.92593383789062,4242500,0.0,0.0
2025-11-13 00:00:00-05:00,92.87702451317249,93.26829310420375,91.75213757534563,92.35859680175781,4185900,0.0,0.0
2025-11-14 00:00:00-05:00,91.80103525870705,92.71073149945437,91.26304751250136,92.58357238769531,3325200,0.0,0.0
2025-11-17 00:00:00-05:00,92.63248104278938,93.19003635035774,92.10427703589517,92.5933609008789,4039500,0.0,0.0
2025-11-18 00:00:00-05:00,92.12383424297593,93.14112954605653,91.68366176330532,92.73030090332031,4162300,0.0,0.0
2025-11-19 00:00:00-05:00,92.54444322281016,92.66182602902512,91.34129371329465,91.97710418701172,2972300,0.0,0.0
2025-11-20 00:00:00-05:00,92.43684330059408,92.53465857342614,91.06740709246434,91.54670715332031,2464200,0.0,0.0
2025-11-21 00:00:00-05:00,91.71300338301747,91.94776153564453,91.14566433991051,91.94776153564453,3996800,0.0,0.0
2025-11-24 00:00:00-05:00,91.9379818380119,92.32925041825736,91.5662807913338,91.90863800048828,6808700,0.0,0.0
2025-11-25 00:00:00-05:00,92.43684913821252,93.62043117872865,92.42706537146336,93.5910873413086,3428700,0.0,0.0
2025-11-26 00:00:00-05:00,94.04104293375816,94.76488494873047,93.70846949489942,94.76488494873047,2411700,0.0,0.0
2025-11-27 00:00:00-05:00,94.63772295446947,94.99964768236015,94.45186870733275,94.77466583251953,1989100,0.0,0.0
2025-11-28 00:00:00-05:00,94.83335418448503,94.92139315690623,94.45186938392327,94.82357788085938,5583300,0.0,0.0
2025-12-01 00:00:00-05:00,94.57903541338092,94.63772308610483,93.62042780286997,93.93344116210938,5617600,0.0,0.0
2025-12-02 00:00:00-05:00,95.86043818938519,97.20053067518126,94.14864465028903,96.5647201538086,7206600,0.0,0.0
2025-12-03 00:00:00-05:00,96.53537308192692,97.09292837461332,95.14636927069868,95.93869018554688,7804400,0.0,0.0
2025-12-04 00:00:00-05:00,95.97782083965738,96.64297519793472,95.73327890592053,96.18323516845703,4632900,0.0,0.0
2025-12-05 00:00:00-05:00,95.96803924160736,97.09293365478516,95.93869540294817,97.09293365478516,3457700,0.0,0.0
2025-12-08 00:00:00-05:00,96.9853269903721,97.9145833014885,96.50602691663617,97.22008514404297,4803600,0.0,0.0
2025-12-09 00:00:00-05:00,97.19074167250692,97.96349503835243,97.19074167250692,97.85589599609375,3405300,0.0,0.0
2025-12-10 00:00:00-05:00,97.81677483097693,98.55040064220925,97.74830338710835,98.01240539550781,4050000,0.0,0.0
2025-12-11 00:00:00-05:00,98.24716593352079,98.40366888446417,97.37659727969651,98.20803833007812,3320200,0.0,0.0
2025-12-12 00:00:00-05:00,98.2960761288787,98.73625609864732,97.82655978318547,97.98306274414062,3037200,0.0,0.0
2025-12-15 00:00:00-05:00,98.00262587085687,98.64821268285671,97.81677161668041,98.35476684570312,2577300,0.0,0.0
2025-12-16 00:00:00-05:00,97.97328711457155,98.41345962454412,97.88524813488034,98.03197479248047,5046100,0.0,0.0
2025-12-17 00:00:00-05:00,98.06130835245587,98.06130835245587,96.18322822795615,96.35929870605469,7247700,0.0,0.0
2025-12-18 00:00:00-05:00,96.71144055796898,97.44506631303639,96.67231295549281,97.17117309570312,5732600,0.0,0.0
2025-12-19 00:00:00-05:00,97.4352906805129,98.2667317797651,97.33747539757049,97.93415832519531,8368400,0.0,0.0
2025-12-22 00:00:00-05:00,98.02218407943228,98.56995560197504,97.38637358343671,98.20803833007812,4512200,0.0,0.0
2025-12-23 00:00:00-05:00,98.11022626799813,99.11773783547467,98.11022626799813,98.83406829833984,3885600,0.0,0.0
2025-12-24 00:00:00-05:00,98.81449789054928,99.50900352568206,98.76559398318618,99.0981674194336,1305400,0.0,0.0
2025-12-29 00:00:00-05:00,99.2155514175663,99.79266678601786,98.93188188528714,99.0688247680664,4405200,0.0,0.0
2025-12-30 00:00:00-05:00,99.22533586258655,99.54812553830003,98.91232249083315,99.11773681640625,5241400,0.0,0.0
2025-12-31 00:00:00-05:00,99.04926418630417,99.35249378763237,98.7460271221486,99.0199203491211,3688400,0.0,0.0
2026-01-02 00:00:00-05:00,99.36227807901759,100.16437530517578,98.76559517705299,100.16437530517578,8615700,0.0,0.0
2026-01-05 00:00:00-05:00,100.16437429763978,100.84908870473103,99.63616284238624,100.57520294189453,10678000,0.0,0.0
2026-01-06 00:00:00-05:00,100.5356539440505,100.69384931904227,98.53839113065601,98.61748504638672,5778400,1.1,0.0
2026-01-07 00:00:00-05:00,98.1132322317855,99.21073294157138,98.0934530947988,98.72624969482422,7346700,0.0,0.0
2026-01-08 00:00:00-05:00,98.45929483700881,100.18959974558967,98.42963367411234,99.94241333007812,4768600,0.0,0.0
2026-01-09 00:00:00-05:00,99.8633075949324,100.30824010640853,99.32938405504277,99.48758697509766,2262000,0.0,0.0
2026-01-12 00:00:00-05:00,99.03276474204665,99.63589262911431,98.47906206624144,99.36893463134766,3653100,0.0,0.0
2026-01-13 00:00:00-05:00,99.36893878885476,100.14015919637052,99.22062543121002,99.74465942382812,3310700,0.0,0.0
2026-01-14 00:00:00-05:00,99.49747160542732,100.44666652002134,99.18107330056264,100.1895980834961,3254400,0.0,0.0
2026-01-15 00:00:00-05:00,100.337910369713,101.030029296875,100.30824166409417,101.030029296875,2632900,0.0,0.0
2026-01-16 00:00:00-05:00,101.2376649750236,101.34642759836771,100.8223936187264,101.030029296875,3393900,0.0,0.0
2026-01-19 00:00:00-05:00,100.60486455659405,101.04979705810547,100.47633034457594,101.04979705810547,820900,0.0,0.0
2026-01-20 00:00:00-05:00,100.40712338279228,100.99047969311938,99.75454763544606,100.2291488647461,4255000,0.0,0.0
2026-01-21 00:00:00-05:00,100.12038497234892,101.58372428572648,99.8731985639444,100.911376953125,6221100,0.0,0.0
2026-01-22 00:00:00-05:00,101.31676295865532,101.83090735210938,100.91137364128188,101.32665252685547,3817300,0.0,0.0
2026-01-23 00:00:00-05:00,101.39586453914333,101.5837210739906,100.55542474231547,101.48484802246094,3865400,0.0,0.0
2026-01-26 00:00:00-05:00,101.4749588344028,102.1769673094827,101.26732316235356,101.8407974243164,4452300,0.0,0.0
2026-01-27 00:00:00-05:00,101.81113871052769,102.92841855656425,101.81113871052769,102.34506225585938,4942400,0.0,0.0
2026-01-28 00:00:00-05:00,102.03854258443785,102.49337219732637,100.37744967987582,100.93115234375,5897200,0.0,0.0
2026-01-29 00:00:00-05:00,100.95092492146665,102.16708533669357,100.90149216725665,101.8803482055664,5898200,0.0,0.0
2026-01-30 00:00:00-05:00,101.76169474201082,102.18685564924715,99.9028557406333,100.65430450439453,3675500,0.0,0.0
2026-02-02 00:00:00-05:00,100.35767884435754,101.91000914148964,100.35767884435754,101.64305114746094,5846000,0.0,0.0
2026-02-03 00:00:00-05:00,101.74192982505974,102.38461601214908,101.227777857976,101.61338806152344,3797600,0.0,0.0
2026-02-04 00:00:00-05:00,101.84080031378407,102.53291924025196,100.87182627319852,100.950927734375,4215600,0.0,0.0
2026-02-05 00:00:00-05:00,100.85205198929815,102.10775559197234,99.5765692500922,102.03854370117188,8794700,0.0,0.0
2026-02-06 00:00:00-05:00,102.32528581588589,103.1558360894696,102.18686202754373,103.12617492675781,3988300,0.0,0.0
2026-02-09 00:00:00-05:00,102.82954350222175,104.19400972917647,102.72078088157352,104.10502624511719,6725400,0.0,0.0
2026-02-10 00:00:00-05:00,104.26321986790687,104.64883004607714,103.7985157753011,104.27310943603516,2083600,0.0,0.0
2026-02-11 00:00:00-05:00,104.54007811431006,105.11354484298036,103.18549389415253,103.58099365234375,3165200,0.0,0.0
2026-02-12 00:00:00-05:00,103.65020397463056,104.23356026289241,101.86056929321106,102.11764526367188,3015200,0.0,0.0
2026-02-13 00:00:00-05:00,101.74192457902991,102.3252808668962,100.98058623643962,101.9990005493164,1992900,0.0,0.0
2026-02-17 00:00:00-05:00,102.22641055070275,103.15583386109189,102.14730908949294,102.85920715332031,2248900,0.0,0.0
2026-02-18 00:00:00-05:00,103.27447850937611,103.73919016457067,102.65157147529241,102.85920715332031,2290800,0.0,0.0
2026-02-19 00:00:00-05:00,102.5823617627368,103.21515837880278,102.12753966641003,103.16571807861328,3677700,0.0,0.0
2026-02-20 00:00:00-05:00,103.10639528606755,104.60929290006315,103.07673412350051,104.55985260009766,3405900,0.0,0.0
2026-02-23 00:00:00-05:00,104.61916931302089,105.19264357032223,102.51314390490003,102.83943176269531,2952000,0.0,0.0
2026-02-24 00:00:00-05:00,104.11491567037017,104.41153482702391,101.49473829717844,102.15719604492188,5242300,0.0,0.0
2026-02-25 00:00:00-05:00,102.41427638696308,102.76033585626216,101.455191898098,102.69112396240234,3382000,0.0,0.0
2026-02-26 00:00:00-05:00,102.82954889406456,104.00615864630147,101.85069280043466,103.87761688232422,5026200,0.0,0.0
2026-02-27 00:00:00-05:00,103.19538216044006,103.74907728880287,101.56395039319352,102.31539916992188,5313500,0.0,0.0
2026-03-02 00:00:00-05:00,100.85205787357259,102.43404942954993,100.15993892518587,102.2066421508789,2483600,0.0,0.0
2026-03-03 00:00:00-05:00,100.25880903544393,100.36757165892578,98.0835641093372,99.31949615478516,5521000,0.0,0.0
2026-03-04 00:00:00-05:00,99.596352368654,100.63453077216904,99.51725090642505,100.38734436035156,3372900,0.0,0.0
2026-03-05 00:00:00-05:00,99.78421094215723,100.0709480909229,98.24177011496478,98.58782958984375,4434700,0.0,0.0
2026-03-06 00:00:00-05:00,97.68807329967885,97.68807329967885,96.11596379254084,96.9267349243164,3394100,0.0,0.0
2026-03-09 00:00:00-04:00,94.76137780767077,95.67102952274772,93.77263217506888,95.1469955444336,4490000,0.0,0.0
2026-03-10 00:00:00-04:00,95.4139525539556,97.12448579972396,95.2656392019014,96.10607147216797,4514800,0.0,0.0
2026-03-11 00:00:00-04:00,95.9577692788674,96.55101516590442,95.36451584829966,95.84900665283203,3159400,0.0,0.0
2026-03-12 00:00:00-04:00,94.92946746172852,95.03823008154725,94.01981577383269,94.28678131103516,3824500,0.0,0.0
2026-03-13 00:00:00-04:00,94.69216588397578,95.11732680759593,93.2189370040722,93.31781005859375,2767000,0.0,0.0
2026-03-16 00:00:00-04:00,93.91106298508235,94.83059672006544,93.7330884704556,94.67239379882812,3579900,0.0,0.0
2026-03-17 00:00:00-04:00,95.3150804406956,95.6512503347063,95.00856416515172,95.1074447631836,1376700,0.0,0.0
2026-03-18 00:00:00-04:00,95.05800790084496,95.79956715171085,94.62295739307379,94.77127075195312,1906400,0.0,0.0
2026-03-19 00:00:00-04:00,93.95060681281169,94.10880973512829,92.71467477045263,93.43646240234375,4599600,0.0,0.0
2026-03-20 00:00:00-04:00,93.27826050399885,93.69353940787346,91.80503160552288,92.55648040771484,9515000,0.0,0.0
2026-03-23 00:00:00-04:00,93.43646483528546,94.15825248597082,93.23871872077122,93.94072723388672,4243500,0.0,0.0
2026-03-24 00:00:00-04:00,93.43646359951087,94.67239565770547,92.6454640648541,94.58341217041016,2994600,0.0,0.0
2026-03-25 00:00:00-04:00,95.61169999092847,95.89843713061356,95.04811528010761,95.54248809814453,5529000,0.0,0.0
2026-03-26 00:00:00-04:00,94.90969177661161,95.898437415624,93.82207308240409,93.95060729980469,3783500,0.0,0.0
2026-03-27 00:00:00-04:00,93.47601459223961,93.73309057325223,92.79377768027679,93.03107452392578,5052900,0.0,0.0
2026-03-30 00:00:00-04:00,93.49578790741735,93.8715160889373,92.32906771799433,92.82344055175781,6033700,0.0,0.0
2026-03-31 00:00:00-04:00,93.62432657944153,95.40406419608296,93.60454744236709,95.38429260253906,8800900,0.0,0.0
2026-04-01 00:00:00-04:00,95.76990183572363,96.66965643178838,95.75012269884766,96.30382537841797,9619000,0.0,0.0
2026-04-02 00:00:00-04:00,95.31507997098146,96.86741030394742,94.95913094170629,96.54112243652344,6475800,0.0,0.0
2026-04-06 00:00:00-04:00,96.59056663241218,97.15415136091492,96.45214284250137,96.63999938964844,11345500,0.0,0.0
2026-04-07 00:00:00-04:00,96.23999786376953,97.23999786376953,96.06999969482422,97.16999816894531,4667200,1.1,0.0
2026-04-08 00:00:00-04:00,98.75,99.4000015258789,97.88999938964844,98.62000274658203,9880600,0.0,0.0
2026-04-09 00:00:00-04:00,98.69000244140625,99.73999786376953,98.2300033569336,99.73999786376953,6313700,0.0,0.0
2026-04-10 00:00:00-04:00,100.0,101.02999877929688,99.9000015258789,100.8499984741211,3923300,0.0,0.0
2026-04-13 00:00:00-04:00,100.4000015258789,101.69000244140625,99.75,101.66999816894531,3339300,0.0,0.0
2026-04-14 00:00:00-04:00,101.68000030517578,102.66999816894531,101.41999816894531,102.62000274658203,2596000,0.0,0.0
2026-04-15 00:00:00-04:00,102.62000274658203,103.5,102.58000183105469,103.43000030517578,2370600,0.0,0.0
2026-04-16 00:00:00-04:00,103.20999908447266,103.55999755859375,102.3499984741211,102.79000091552734,2972300,0.0,0.0
2026-04-17 00:00:00-04:00,103.26000213623047,105.2300033569336,103.26000213623047,104.91999816894531,3137000,0.0,0.0
2026-04-20 00:00:00-04:00,104.58999633789062,105.25,104.43000030517578,104.88999938964844,4705800,0.0,0.0
2026-04-21 00:00:00-04:00,104.80000305175781,105.31999969482422,103.69000244140625,103.77999877929688,2936400,0.0,0.0
2026-04-22 00:00:00-04:00,104.19999694824219,104.25,102.52999877929688,102.7699966430664,3564700,0.0,0.0
2026-04-23 00:00:00-04:00,102.26000213623047,103.26000213623047,101.97000122070312,102.72000122070312,2843800,0.0,0.0
2026-04-24 00:00:00-04:00,102.76000213623047,103.91999816894531,102.2699966430664,103.54000091552734,3331800,0.0,0.0
2026-04-27 00:00:00-04:00,103.11000061035156,104.44000244140625,103.05000305175781,104.25,6927380,0.0,0.0
