Date,Open,High,Low,Close,Volume,Dividends,Stock Splits
2022-01-03 00:00:00-05:00,16.653533287516375,16.653533287516375,16.386294684360166,16.588354110717773,26500,0.0,0.0
2022-01-04 00:00:00-05:00,16.588353025702858,16.588353025702858,16.444955862413835,16.47754669189453,7000,0.0,0.0
2022-01-05 00:00:00-05:00,16.47754728516059,16.633979542661134,16.41236686706543,16.41236686706543,22000,0.0,0.0
2022-01-06 00:00:00-05:00,16.542725418735248,16.542725418735248,16.41236583396368,16.527734756469727,16000,0.0,0.0
2022-01-07 00:00:00-05:00,16.562279502838237,16.562279502838237,16.49709909047154,16.555761337280273,1800,0.0,0.0
2022-01-10 00:00:00-05:00,16.549247225045328,16.549247225045328,16.360225350419995,16.51013946533203,16000,0.0,0.0
2022-01-11 00:00:00-05:00,16.516653587145438,16.555761337280273,16.42540175575984,16.555761337280273,6400,0.0,0.0
2022-01-12 00:00:00-05:00,16.549898202379687,16.555763681963473,16.431921005249023,16.431921005249023,10700,0.0,0.0
2022-01-13 00:00:00-05:00,16.48406633709775,16.555763681963473,16.42540408198107,16.431921005249023,6300,0.0,0.0
2022-01-14 00:00:00-05:00,16.457994178486672,16.503620102047577,16.373260498046875,16.373260498046875,6800,0.0,0.0
2022-01-18 00:00:00-05:00,16.490583370998568,16.490583370998568,16.35370560361678,16.3602237701416,12500,0.0,0.0
2022-01-19 00:00:00-05:00,16.29504128254361,16.392811281596277,16.29504128254361,16.301559448242188,12400,0.0,0.0
2022-01-20 00:00:00-05:00,16.386296345505084,16.412369013438102,16.32763408586903,16.366743087768555,13800,0.0,0.0
2022-01-21 00:00:00-05:00,16.30155882295259,16.405846983703583,16.30155882295259,16.334148406982422,10400,0.0,0.0
2022-01-24 00:00:00-05:00,16.29504289472157,16.327632483225766,16.066912045552844,16.276792526245117,33000,0.0,0.0
2022-01-25 00:00:00-05:00,16.268971041812446,16.379777388758693,16.248766341315743,16.340669631958008,7800,0.0,0.0
2022-01-26 00:00:00-05:00,16.392813722308443,16.392813722308443,16.203791861758386,16.207050323486328,22700,0.0,0.0
2022-01-27 00:00:00-05:00,16.30156171501558,16.30156171501558,15.988697177257254,16.014768600463867,19800,0.0,0.0
2022-01-28 00:00:00-05:00,16.021285522732423,16.021285522732423,15.821834364322076,15.930033683776855,12900,0.0,0.0
2022-01-31 00:00:00-05:00,15.930035156822985,16.13535181345859,15.930035156822985,15.96914291381836,12200,0.0,0.0
2022-02-01 00:00:00-05:00,16.02584702873355,16.190753014538195,16.01476627143794,16.138608932495117,3600,0.0,0.0
2022-02-02 00:00:00-05:00,16.158164323609316,16.158164323609316,15.916997153806514,15.923515319824219,9500,0.0,0.0
2022-02-03 00:00:00-05:00,15.903962694654574,16.001732710007616,15.81271084608683,15.890926361083984,6800,0.0,0.0
2022-02-04 00:00:00-05:00,15.969145091930258,16.053878784179688,15.969145091930258,16.053878784179688,7700,0.0,0.0
2022-02-07 00:00:00-05:00,16.06691545991351,16.085165832268324,15.903964996337889,15.90396499633789,8300,0.0,0.0
2022-02-08 00:00:00-05:00,15.996516988842618,15.996516988842618,15.649758757598397,15.930033683776855,7800,0.0,0.0
2022-02-09 00:00:00-05:00,15.923514990186433,15.943068244621713,15.68234782537611,15.806190490722656,11100,0.0,0.0
2022-02-10 00:00:00-05:00,15.81270796292798,15.814663536928325,15.70190163420786,15.708419799804688,10600,0.0,0.0
2022-02-11 00:00:00-05:00,15.864849892793394,15.864849892793394,15.724712459500408,15.754043579101562,6700,0.0,0.0
2022-02-14 00:00:00-05:00,15.741011097825156,15.741011097825156,15.643241089657419,15.701903343200684,16400,0.0,0.0
2022-02-15 00:00:00-05:00,15.773603123308662,15.86485497207727,15.734494122510805,15.789897918701172,6600,0.0,0.0
2022-02-16 00:00:00-05:00,15.864853266002996,15.943068772761178,15.845298767706916,15.930033683776855,4700,0.0,0.0
2022-02-17 00:00:00-05:00,15.969141238735087,15.969141238735087,15.877889400913348,15.923515319824219,6700,0.0,0.0
2022-02-18 00:00:00-05:00,15.832265142727959,15.995215580624064,15.832265142727959,15.96914291381836,6100,0.0,0.0
2022-02-22 00:00:00-05:00,15.83878253915102,16.047360150185085,15.743619540252428,15.877891540527344,9900,0.0,0.0
2022-02-23 00:00:00-05:00,15.975663598139443,16.06039729218488,15.682352266417976,15.90396499633789,8500,0.0,0.0
2022-02-24 00:00:00-05:00,15.741011574997286,15.923516507465784,15.480291130908817,15.525917053222656,13000,0.0,0.0
2022-02-25 00:00:00-05:00,15.61065083127069,15.806842282851576,15.61065083127069,15.737751960754395,7900,0.0,0.0
2022-02-28 00:00:00-05:00,16.049999784560274,16.049999784560274,15.585936095742097,15.745043754577637,11400,0.406,0.0
2022-03-01 00:00:00-05:00,15.711898562975517,15.910782842719343,15.440089457237095,15.847803115844727,8000,0.0,0.0
2022-03-02 00:00:00-05:00,15.795429438287844,15.831228000853967,15.795429438287844,15.81134033203125,3700,0.0,0.0
2022-03-03 00:00:00-05:00,15.784819897822112,15.919399261474608,15.781505708233242,15.91939926147461,2500,0.0,0.0
2022-03-04 00:00:00-05:00,15.977079238694287,15.977079238694287,15.645604570939117,15.711899757385254,3300,0.0,0.0
2022-03-07 00:00:00-05:00,15.632343354909695,15.632343354909695,15.426829440273163,15.49975299835205,13700,0.0,0.0
2022-03-08 00:00:00-05:00,15.48914791053214,15.48914791053214,15.148392005231635,15.267723083496094,9300,0.0,0.0
2022-03-09 00:00:00-05:00,15.320755563927804,15.393679112025943,15.2272792362561,15.347272872924805,7700,0.0,0.0
2022-03-10 00:00:00-05:00,15.294239755560472,15.300869400127116,14.982654047780636,15.161650657653809,10600,0.0,0.0
2022-03-11 00:00:00-05:00,15.168276374559504,15.247830830915975,15.068834252470307,15.088723182678223,6800,0.0,0.0
2022-03-14 00:00:00-04:00,15.088723560926985,15.088723560926985,14.58488202997272,14.611400604248047,16800,0.0,0.0
2022-03-15 00:00:00-04:00,14.651178176237405,14.810285839052504,14.614053181361413,14.782442092895508,15100,0.0,0.0
2022-03-16 00:00:00-04:00,14.823546191207436,14.936247618518017,14.708193158997549,14.928954124450684,12300,0.0,0.0
2022-03-17 00:00:00-04:00,14.8169144678398,15.280978136468377,14.810284824284007,14.962762832641602,52300,0.0,0.0
2022-03-18 00:00:00-04:00,14.863320416514718,15.0820935916609,14.850061129663386,15.06883430480957,12200,0.0,0.0
2022-03-21 00:00:00-04:00,15.048950055281372,15.048950055281372,14.810287895679316,14.98928451538086,11600,0.0,0.0
2022-03-22 00:00:00-04:00,14.99591150098988,14.99591150098988,14.836802579820668,14.916357040405273,8500,0.0,0.0
2022-03-23 00:00:00-04:00,14.989281436344942,14.989281436344942,14.604770960679215,14.611400604248047,16200,0.0,0.0
2022-03-24 00:00:00-04:00,14.70421556201844,14.757251455027168,14.591514131315463,14.637920379638672,11200,0.0,0.0
2022-03-25 00:00:00-04:00,14.624658284160526,14.710842384060275,14.425774039657579,14.61802864074707,6700,0.0,0.0
2022-03-28 00:00:00-04:00,14.730731164378174,14.737360808293241,14.254070767819822,14.452292442321777,17600,0.0,0.0
2022-03-29 00:00:00-04:00,14.458920633984919,14.54775633615383,14.25340675116076,14.518586158752441,21900,0.0,0.0
2022-03-30 00:00:00-04:00,14.485438804467558,14.661119920026215,14.367434192651466,14.55173397064209,14100,0.0,0.0
2022-03-31 00:00:00-04:00,14.584879207381942,14.657804008050842,14.100926700792806,14.107556343078613,129400,0.0,0.0
2022-04-01 00:00:00-04:00,14.167226356703031,14.19042947983193,13.842380103947688,13.988229751586914,34500,0.0,0.0
2022-04-04 00:00:00-04:00,13.98823160448308,14.001490895020327,13.643497637367918,13.795975685119629,32100,0.0,0.0
2022-04-05 00:00:00-04:00,13.776086284779664,13.776086284779664,13.444611649804484,13.517535209655762,46600,0.0,0.0
2022-04-06 00:00:00-04:00,13.457869674202199,13.633552090582306,13.146283972536667,13.517535209655762,24500,0.0,0.0
2022-04-07 00:00:00-04:00,13.537424341540616,13.915305228639248,13.292796401277885,13.906023979187012,41400,0.0,0.0
2022-04-08 00:00:00-04:00,13.868898330109074,14.134077776631406,13.789343863914702,14.00148868560791,27400,0.0,0.0
2022-04-11 00:00:00-04:00,13.981600273322542,14.04126580907018,13.792659831613486,13.822492599487305,18400,0.0,0.0
2022-04-12 00:00:00-04:00,13.93519216103082,14.087670169984838,13.757522012256334,13.915303230285645,25900,0.0,0.0
2022-04-13 00:00:00-04:00,13.968340122222086,14.031983693618093,13.822491746327438,14.008116722106934,21300,0.0,0.0
2022-04-14 00:00:00-04:00,13.822492435251702,14.041265642235166,13.822492435251702,13.988229751586914,11900,0.0,0.0
2022-04-18 00:00:00-04:00,13.988227458668598,14.180482056576313,13.935191576713866,14.127446174621582,31000,0.0,0.0
2022-04-19 00:00:00-04:00,14.041263134588542,14.173852205292238,14.041263134588542,14.087669372558594,7200,0.0,0.0
2022-04-20 00:00:00-04:00,14.114189553484115,14.323681497671053,14.11352570395523,14.193742752075195,13400,0.0,0.0
2022-04-21 00:00:00-04:00,14.246777380462188,14.299150678000089,14.187111854553223,14.187111854553223,16600,0.0,0.0
2022-04-22 00:00:00-04:00,14.19374400505012,14.279928119686335,14.187114360503072,14.200373649597168,14600,0.0,0.0
2022-04-25 00:00:00-04:00,14.306444748978357,14.371413492165752,14.25340885961462,14.26998233795166,18800,0.0,0.0
2022-04-26 00:00:00-04:00,14.339590412064235,14.339590412064235,14.187112401958093,14.220260620117188,14100,0.0,0.0
2022-04-27 00:00:00-04:00,14.299813808157666,14.299813808157666,13.921932972644772,13.994857788085938,10200,0.0,0.0
2022-04-28 00:00:00-04:00,14.120816825128422,14.37936786145316,13.941821510103843,14.021374702453613,14400,0.0,0.0
2022-04-29 00:00:00-04:00,14.200372974609596,14.578253844501639,14.052535575216275,14.545106887817383,37600,0.0,0.0
2022-05-02 00:00:00-04:00,14.485440555720325,14.485440555720325,14.173853616372494,14.266667366027832,14500,0.0,0.0
2022-05-03 00:00:00-04:00,14.326334511190938,14.359481469784294,14.253409684915052,14.260039329528809,12400,0.0,0.0
2022-05-04 00:00:00-04:00,14.339590234335875,14.624658584594727,14.27329632778981,14.624658584594727,3900,0.0,0.0
2022-05-05 00:00:00-04:00,14.240148747349794,14.5716233528159,14.240148747349794,14.392626762390137,8300,0.0,0.0
2022-05-06 00:00:00-04:00,14.350198860905277,14.437708138356902,14.233519402811343,14.286555290222168,8400,0.0,0.0
2022-05-09 00:00:00-04:00,14.352851341734228,14.352851341734228,13.988229751586914,13.988229751586914,12300,0.0,0.0
2022-05-10 00:00:00-04:00,14.127448033336352,14.207002498972825,13.809232699741123,14.034635543823242,20200,0.0,0.0
2022-05-11 00:00:00-04:00,14.100929461246219,14.22026051680151,14.003475091489278,14.02800464630127,13400,0.0,0.0
2022-05-12 00:00:00-04:00,13.978281119917133,14.22025865334789,13.855635890879322,14.12081527709961,41200,0.0,0.0
2022-05-13 00:00:00-04:00,14.200371228902595,14.41384119481649,14.028004293488442,14.041263580322266,17400,0.0,0.0
2022-05-16 00:00:00-04:00,14.187114460688015,14.19374410528188,14.054525362236973,14.167226791381836,6400,0.0,0.0
2022-05-17 00:00:00-04:00,14.253409307142315,14.2666685960184,14.061153411865234,14.061153411865234,11000,0.0,0.0
2022-05-18 00:00:00-04:00,14.06115587229124,14.06115587229124,13.61035135190087,13.676645278930664,23600,0.0,0.0
2022-05-19 00:00:00-04:00,13.746251582925474,13.769454702950975,13.610347052286727,13.630234718322754,16300,0.0,0.0
2022-05-20 00:00:00-04:00,13.752880973123819,13.849007640969605,13.636864110657939,13.723048210144043,19600,0.0,0.0
2022-05-23 00:00:00-04:00,13.709794175608819,13.822495627322263,13.662061483659723,13.76945972442627,9900,0.0,0.0
2022-05-24 00:00:00-04:00,13.776087818580683,13.776087818580683,13.610350482640241,13.75619888305664,4600,0.0,0.0
2022-05-25 00:00:00-04:00,13.80923324559654,14.061153411865234,13.80923324559654,14.061153411865234,8900,0.0,0.0
2022-05-26 00:00:00-04:00,13.972979595464505,14.58620834350586,13.972979595464505,14.58620834350586,9300,0.0,0.0
2022-05-27 00:00:00-04:00,14.584880842330579,14.916355406929,14.49869801190404,14.697582244873047,13000,0.0,0.0
2022-05-31 00:00:00-04:00,14.94137074957588,14.94137074957588,14.823190931188782,14.843449592590332,7000,0.406,0.0
2022-06-01 00:00:00-04:00,14.816440907911044,15.07981386917773,14.80428545075567,14.958256721496582,13700,0.0,0.0
2022-06-02 00:00:00-04:00,15.15815003933969,15.15815003933969,14.86371284577289,14.958256721496582,12100,0.0,0.0
2022-06-03 00:00:00-04:00,14.88059595806428,15.004854179180867,14.75903880661444,14.924491882324219,13900,0.0,0.0
2022-06-06 00:00:00-04:00,14.992023619662564,14.992023619662564,14.890725135803224,14.890725135803223,1800,0.0,0.0
2022-06-07 00:00:00-04:00,14.84345319696952,14.958257029021542,14.769169273686725,14.890725135803223,6800,0.0,0.0
2022-06-08 00:00:00-04:00,14.816439579131972,14.890723494225586,14.755661010742186,14.755661010742188,15100,0.0,0.0
2022-06-09 00:00:00-04:00,14.640857042251309,14.745530240473878,14.478781290883575,14.573325157165527,7500,0.0,0.0
2022-06-10 00:00:00-04:00,14.519301281490346,14.519301281490346,14.215408413861581,14.336965560913086,12400,0.0,0.0
2022-06-13 00:00:00-04:00,14.181644715658855,14.181644715658855,13.843986508143168,14.05333423614502,16200,0.0,0.0
2022-06-14 00:00:00-04:00,14.046578263194078,14.276185903963333,13.965541030018812,14.006059646606445,14500,0.0,0.0
2022-06-15 00:00:00-04:00,14.181640424856255,14.228912353515625,14.087096567537518,14.228912353515625,3500,0.0,0.0
2022-06-16 00:00:00-04:00,13.54009201270189,14.066839218139648,13.54009201270189,14.066839218139648,8400,0.0,0.0
2022-06-17 00:00:00-04:00,14.174888721211081,14.181642038654262,13.923671237417283,14.147876739501953,7000,0.0,0.0
2022-06-21 00:00:00-04:00,14.046577616475682,14.3504704470504,13.627882258865556,13.641388893127441,27100,0.0,0.0
2022-06-22 00:00:00-04:00,13.648141178974196,13.921644731637203,13.229445813486638,13.364509582519531,17800,0.0,0.0
2022-06-23 00:00:00-04:00,13.37126303291658,13.546845436096191,13.37126303291658,13.546845436096191,9600,0.0,0.0
2022-06-24 00:00:00-04:00,13.540094275632423,13.641392773346825,13.49282233033312,13.560354232788086,4900,0.0,0.0
2022-06-27 00:00:00-04:00,13.675156975725736,13.702170249750882,13.560353137246475,13.632612228393555,8400,0.0,0.0
2022-06-28 00:00:00-04:00,13.594116972309415,13.688662133114118,13.48606646401575,13.634636878967285,5200,0.0,0.0
2022-06-29 00:00:00-04:00,13.654894639179664,13.715673207074376,13.634635975257144,13.695414543151855,6200,0.0,0.0
2022-06-30 00:00:00-04:00,13.567103793300856,13.769698156476469,13.46580661171305,13.472559928894043,22900,0.0,0.0
2022-07-01 00:00:00-04:00,13.594116465231952,13.722426922068411,13.535364019639607,13.607623100280762,6600,0.0,0.0
2022-07-05 00:00:00-04:00,13.60762270594235,13.708919889745678,13.60762270594235,13.695414543151855,6200,0.0,0.0
2022-07-06 00:00:00-04:00,13.708922386169434,13.708922386169434,13.681910399999277,13.708922386169434,2700,0.0,0.0
2022-07-07 00:00:00-04:00,13.708923422415769,13.776455325041562,13.621132850646973,13.621132850646973,8000,0.0,0.0
2022-07-08 00:00:00-04:00,13.830477724306812,13.830477724306812,13.675155282089953,13.685284614562988,3800,0.0,0.0
2022-07-11 00:00:00-04:00,13.7629474094017,13.7629474094017,13.6819101642239,13.688663482666016,2100,0.0,0.0
2022-07-12 00:00:00-04:00,13.648145824397025,13.776456319844995,13.648145824397025,13.681912422180176,3000,0.0,0.0
2022-07-13 00:00:00-04:00,13.617754736983594,13.931775652892407,13.614377433937515,13.877750396728516,11500,0.0,0.0
2022-07-14 00:00:00-04:00,13.904765166210812,13.965543746948242,13.83385725137176,13.965543746948242,1100,0.0,0.0
2022-07-15 00:00:00-04:00,13.975672043354901,13.979049346513909,13.783206981331539,13.843985557556152,8300,0.0,0.0
2022-07-18 00:00:00-04:00,13.904763415666656,14.073592499112765,13.904763415666656,14.002684593200684,4700,0.0,0.0
2022-07-19 00:00:00-04:00,14.019566535949705,14.161382340612224,14.019566535949705,14.019566535949707,4700,0.0,0.0
2022-07-20 00:00:00-04:00,14.0803473350443,14.181644538420251,14.05941243369937,14.161384582519531,10800,0.0,0.0
2022-07-21 00:00:00-04:00,14.226215701054647,14.235670089721681,14.087100940944888,14.23567008972168,2700,0.0,0.0
2022-07-22 00:00:00-04:00,14.12761607379562,14.222159937098953,14.12761607379562,14.1809663772583,3100,0.0,0.0
2022-07-25 00:00:00-04:00,14.181643179913504,14.296447009559161,14.066839350267847,14.249175071716309,3700,0.0,0.0
2022-07-26 00:00:00-04:00,14.350473874519313,14.384239180174998,14.255929988232323,14.303876876831055,9100,0.0,0.0
2022-07-27 00:00:00-04:00,14.330209894338847,14.363976478576658,14.262679301990191,14.36397647857666,7200,0.0,0.0
2022-07-28 00:00:00-04:00,14.451769699462963,14.47810673840442,14.323459231709588,14.39504337310791,8900,0.0,0.0
2022-07-29 00:00:00-04:00,14.377487037005746,15.174359321594238,14.377487037005746,15.174359321594238,15900,0.0,0.0
2022-08-01 00:00:00-04:00,15.052803699067008,15.194619529740603,15.052803699067008,15.1878662109375,15000,0.0,0.0
2022-08-02 00:00:00-04:00,15.174360228537617,15.701107525349112,15.174360228537617,15.525525093078613,35500,0.0,0.0
2022-08-03 00:00:00-04:00,15.626817703247072,15.626817703247072,15.316172844719961,15.62681770324707,14400,0.0,0.0
2022-08-04 00:00:00-04:00,15.47824825799433,15.77538776397705,15.363444445778065,15.77538776397705,8700,0.0,0.0
2022-08-05 00:00:00-04:00,15.70785972414404,15.70785972414404,15.28240966796875,15.28240966796875,6100,0.0,0.0
2022-08-08 00:00:00-04:00,15.660588334808114,15.660588334808114,15.321578941621885,15.37020206451416,6000,0.0,0.0
2022-08-09 00:00:00-04:00,15.427604014162185,15.427604014162185,15.127088396542629,15.295917510986328,4600,0.0,0.0
2022-08-10 00:00:00-04:00,15.356694459563862,15.61601647725864,15.329682473923201,15.499186515808105,5500,0.0,0.0
2022-08-11 00:00:00-04:00,15.545777919486929,15.65382839931138,15.53227128749304,15.555907249450684,9900,0.0,0.0
2022-08-12 00:00:00-04:00,15.532277782991436,15.66734158328647,15.464745882843918,15.660588264465332,9500,0.0,0.0
2022-08-15 00:00:00-04:00,15.680842763590109,15.714609348717826,15.606558852436168,15.667337417602539,14500,0.0,0.0
2022-08-16 00:00:00-04:00,15.606561872514012,15.707859071372484,15.525523340588974,15.559289932250977,6600,0.0,0.0
2022-08-17 00:00:00-04:00,15.566040540389157,15.672741157003525,15.052801274654492,15.0933198928833,14100,0.0,0.0
2022-08-18 00:00:00-04:00,15.127086631312551,15.127086631312551,14.802935078542314,14.917738914489746,13500,0.0,0.0
2022-08-19 00:00:00-04:00,14.850206713102052,14.850206713102052,14.499041894135546,14.634105682373047,18600,0.0,0.0
2022-08-22 00:00:00-04:00,14.530782561616459,14.530782561616459,14.377486228942871,14.377486228942871,8400,0.0,0.0
2022-08-23 00:00:00-04:00,14.472026955739302,14.526052202395574,13.850735975160429,14.073590278625488,13300,0.0,0.0
2022-08-24 00:00:00-04:00,14.326834825304415,14.472027926948876,14.15462845448723,14.222160339355469,5900,0.0,0.0
2022-08-25 00:00:00-04:00,14.492289268151856,14.492289268151856,14.330213487363437,14.41125202178955,8600,0.0,0.0
2022-08-26 00:00:00-04:00,14.343722785407413,14.543616156656448,14.181646974551652,14.34237289428711,5300,0.0,0.0
2022-08-29 00:00:00-04:00,14.45987506340447,14.45987506340447,14.262682800119931,14.289694786071777,4000,0.0,0.0
2022-08-30 00:00:00-04:00,14.289692491980372,14.316705761659263,13.976345261635927,14.087098121643066,11300,0.0,0.0
2022-08-31 00:00:00-04:00,14.0870982494351,14.311621420083393,13.94659885372085,14.049906730651855,16500,0.406,0.0
2022-09-01 00:00:00-04:00,14.067122791170176,14.37360467189772,13.87772482074719,14.07056713104248,21900,0.0,0.0
2022-09-02 00:00:00-04:00,14.022360430934325,14.18765331860986,13.986546906256406,14.105006217956543,4100,0.0,0.0
2022-09-06 00:00:00-04:00,14.036134154248701,14.036134154248701,13.774420738220215,13.774420738220215,7300,0.0,0.0
2022-09-07 00:00:00-04:00,13.739985129616855,14.118781172199014,13.739985129616855,13.946600914001465,16100,0.0,0.0
2022-09-08 00:00:00-04:00,13.877727760561283,14.125667738659372,13.843292236328123,13.843292236328125,11300,0.0,0.0
2022-09-09 00:00:00-04:00,13.877726512828751,14.109137050672341,13.843290991691656,13.93282413482666,18400,0.0,0.0
2022-09-12 00:00:00-04:00,13.912164283791512,14.00858480036857,13.84329192325175,13.921806335449219,13100,0.0,0.0
2022-09-13 00:00:00-04:00,13.836404687672978,13.836404687672978,13.643562339050371,13.705547332763672,39100,0.0,0.0
2022-09-14 00:00:00-04:00,13.6504487991333,13.750313650547541,13.609125910615008,13.6504487991333,12000,0.0,0.0
2022-09-15 00:00:00-04:00,13.643559910276531,13.712432259212145,13.629786491394045,13.629786491394043,8400,0.0,0.0
2022-09-16 00:00:00-04:00,13.60223702636748,13.629786491394045,13.498929159779456,13.629786491394043,16400,0.0,0.0
2022-09-19 00:00:00-04:00,13.533368195599122,13.712435823930257,13.519593459504925,13.602240562438965,10200,0.0,0.0
2022-09-20 00:00:00-04:00,13.5678029585719,13.574689011933591,13.264765379051045,13.347411155700684,13500,0.0,0.0
2022-09-21 00:00:00-04:00,13.402506864650906,13.777859773562042,13.395620812272277,13.581574440002441,13800,0.0,0.0
2022-09-22 00:00:00-04:00,13.567805001454946,13.613260579545702,13.457609740242878,13.478270530700684,6300,0.0,0.0
2022-09-23 00:00:00-04:00,13.472071800045013,13.49204424627856,13.271653740523835,13.292314529418945,13900,0.0,0.0
2022-09-26 00:00:00-04:00,13.37496267051301,13.37496267051301,13.071925044616693,13.120135307312012,15500,0.0,0.0
2022-09-27 00:00:00-04:00,13.120134296169255,13.154571133748458,12.982390886745549,13.14423942565918,34800,0.0,0.0
2022-09-28 00:00:00-04:00,13.085698015597252,13.278540353997409,12.975502768977437,13.13390827178955,50600,0.0,0.0
2022-09-29 00:00:00-04:00,13.154570313256086,13.154570313256086,12.789547739470365,12.830870628356934,26000,0.0,0.0
2022-09-30 00:00:00-04:00,12.810211676795543,13.244105356371156,12.755114045839415,13.065037727355957,56800,0.0,0.0
2022-10-03 00:00:00-04:00,12.906630458750598,12.906630458750598,12.576044717679157,12.603592872619629,51200,0.0,0.0
2022-10-04 00:00:00-04:00,12.693127632141113,12.920405498708561,12.617367905408297,12.693127632141113,16300,0.0,0.0
2022-10-05 00:00:00-04:00,12.68623996470297,12.810209946012503,12.500284992738674,12.603592872619629,38200,0.0,0.0
2022-10-06 00:00:00-04:00,12.67935282530495,12.67935282530495,12.403864702797133,12.507172584533691,22800,0.0,0.0
2022-10-07 00:00:00-04:00,12.403865707964691,12.431413865632388,12.259233610908222,12.273008346557617,12600,0.0,0.0
2022-10-10 00:00:00-04:00,12.293666472109765,12.300553837705884,11.928643977299457,12.025064468383789,10500,0.0,0.0
2022-10-11 00:00:00-04:00,12.121489574393255,12.121489574393255,11.67382119776812,11.708256721496582,17900,0.0,0.0
2022-10-12 00:00:00-04:00,11.708257631583464,11.708257631583464,11.536077372295473,11.553295135498047,21400,0.0,0.0
2022-10-13 00:00:00-04:00,11.487864355209036,11.487864355209036,11.274361252704397,11.474089622497559,41400,0.0,0.0
2022-10-14 00:00:00-04:00,11.554670549030037,11.554670549030037,11.257832016584167,11.31568431854248,24600,0.0,0.0
2022-10-17 00:00:00-04:00,11.46306975729854,11.467202439904371,11.19171434941419,11.31568431854248,43000,0.0,0.0
2022-10-18 00:00:00-04:00,11.487866358696147,11.487866358696147,11.32257347822374,11.363896369934082,11200,0.0,0.0
2022-10-19 00:00:00-04:00,11.329459701987902,11.337035411446353,11.160722497956794,11.226150512695312,36100,0.0,0.0
2022-10-20 00:00:00-04:00,11.191715988838599,11.260588349957658,11.136618362669559,11.171053886413574,43100,0.0,0.0
2022-10-21 00:00:00-04:00,11.12973135377419,11.143506089168003,10.709611776495885,10.757822036743164,36300,0.0,0.0
2022-10-24 00:00:00-04:00,10.757821065875193,10.964437480427016,10.702723442903437,10.874903678894043,73600,0.0,0.0
2022-10-25 00:00:00-04:00,10.881791837758724,11.019535905210754,10.77848329455806,10.978212356567383,84400,0.0,0.0
2022-10-26 00:00:00-04:00,10.88867826492562,11.136617564925793,10.88867826492562,11.067745208740234,58800,0.0,0.0
2022-10-27 00:00:00-04:00,11.157279014587402,11.233037419701436,11.012646943677236,11.157279014587402,81600,0.0,0.0
2022-10-28 00:00:00-04:00,11.184829795348234,11.253702163696289,11.050529399566667,11.253702163696289,21400,0.0,0.0
2022-10-31 00:00:00-04:00,11.253700957211391,11.54985118981659,11.157280440039846,11.467204093933105,24700,0.0,0.0
2022-11-01 00:00:00-04:00,11.611837544732234,11.611837544732234,11.336348068575328,11.446544647216797,12900,0.0,0.0
2022-11-02 00:00:00-04:00,11.556738648256623,11.570512069653114,11.281249202230235,11.536076545715332,20400,0.0,0.0
2022-11-03 00:00:00-04:00,11.363896326483863,11.363896326483863,11.191716079112895,11.2399263381958,11100,0.0,0.0
2022-11-04 00:00:00-04:00,11.226151671391568,11.288136665912479,11.157280622929262,11.246813774108887,16200,0.0,0.0
2022-11-07 00:00:00-05:00,11.28813393490593,11.295021300812069,11.191713439481461,11.26058578491211,94900,0.0,0.0
2022-11-08 00:00:00-05:00,11.260588324670934,11.48097882885219,11.260588324670934,11.467204093933105,53400,0.0,0.0
2022-11-09 00:00:00-05:00,11.460314889786082,11.618721688706438,11.2950220381408,11.474089622497559,25200,0.0,0.0
2022-11-10 00:00:00-05:00,11.508525880054078,11.88043580537383,11.501639826886734,11.866661071777344,51500,0.0,0.0
2022-11-11 00:00:00-05:00,11.86666200016178,11.86666200016178,11.446543101648256,11.625609397888184,43300,0.0,0.0
2022-11-14 00:00:00-05:00,11.598062723852383,11.673822460607695,11.329461931547069,11.37767219543457,52800,0.0,0.0
2022-11-15 00:00:00-05:00,11.487865405700683,11.542963027954102,11.446542517418353,11.542963027954102,30800,0.0,0.0
2022-11-16 00:00:00-05:00,11.480977197275278,11.501639296717586,11.336345128440794,11.494751930236816,36300,0.0,0.0
2022-11-17 00:00:00-05:00,11.336346878152913,11.474091601766883,11.21237820325759,11.301911354064941,32600,0.0,0.0
2022-11-18 00:00:00-05:00,11.405219236431925,11.480978965759277,11.088408211301251,11.480978965759277,43800,0.0,0.0
2022-11-21 00:00:00-05:00,11.480978624702626,11.701369124965,11.432768366974107,11.625609397888184,89400,0.0,0.0
2022-11-22 00:00:00-05:00,11.67382037341757,11.67382037341757,11.439655150432808,11.542963027954102,40700,0.0,0.0
2022-11-23 00:00:00-05:00,11.542963640281375,11.687594413757324,11.480978647754254,11.687594413757324,34300,0.0,0.0
2022-11-25 00:00:00-05:00,11.687594844663568,11.832226937102915,11.687594844663568,11.79090404510498,42500,0.0,0.0
2022-11-28 00:00:00-05:00,11.735806306758251,11.88043708419688,11.577399480609369,11.660046577453613,49500,0.0,0.0
2022-11-29 00:00:00-05:00,11.639384155932008,11.707568173164242,11.54985100763228,11.687594413757324,44500,0.0,0.0
2022-11-30 00:00:00-05:00,11.840006151825516,12.161055119365027,11.6071574648829,12.05168628692627,74600,0.406,0.0
2022-12-01 00:00:00-05:00,12.115189508751872,12.66555969475519,11.931732780084099,12.580886840820312,44800,0.0,0.0
2022-12-02 00:00:00-05:00,12.467990939566375,12.827848223404553,12.467990939566375,12.799623489379883,38100,0.0,0.0
2022-12-05 00:00:00-05:00,12.79962516857255,12.806681353004425,12.298648186375651,12.439767837524414,26000,0.0,0.0
2022-12-06 00:00:00-05:00,12.348039855834566,12.348039855834566,12.09402260527766,12.150470733642578,28300,0.0,0.0
2022-12-07 00:00:00-05:00,12.115190649187106,12.321226376355753,11.99523821322171,12.05874252319336,24800,0.0,0.0
2022-12-08 00:00:00-05:00,12.150470156324474,12.150470156324474,11.938790021471192,11.974069595336914,23100,0.0,0.0
2022-12-09 00:00:00-05:00,11.924676290447941,11.995236775942882,11.825892418252618,11.896452903747559,15600,0.0,0.0
2022-12-12 00:00:00-05:00,11.889396483141395,12.023461268321096,11.78355642992765,11.790611267089844,15200,0.0,0.0
2022-12-13 00:00:00-05:00,11.896455503389372,11.972660413711003,11.529541975300322,11.607158660888672,43800,0.0,0.0
2022-12-14 00:00:00-05:00,11.557762600951122,11.741219321071526,11.530244429390384,11.543651580810547,26000,0.0,0.0
2022-12-15 00:00:00-05:00,11.48014640084995,11.635378377145983,11.261409455466126,11.331969261169434,32100,0.0,0.0
2022-12-16 00:00:00-05:00,11.183796148347298,11.388420104980469,11.1696837800748,11.388420104980469,18800,0.0,0.0
2022-12-19 00:00:00-05:00,11.31785945280979,11.409587142744977,11.14145823739494,11.254354476928711,30800,0.0,0.0
2022-12-20 00:00:00-05:00,11.240243076316911,11.240243076316911,10.986225857832661,11.106178283691406,35900,0.0,0.0
2022-12-21 00:00:00-05:00,11.063842651095817,11.120290772955311,11.02150622324385,11.085010528564453,18100,0.0,0.0
2022-12-22 00:00:00-05:00,11.000336977154554,11.065957591017465,10.726563014574715,10.859216690063477,31800,0.0,0.0
2022-12-23 00:00:00-05:00,10.682818731976084,10.922722941265794,10.54169773803361,10.901555061340332,34700,0.0,0.0
2022-12-27 00:00:00-05:00,10.894497595975004,10.901553779425344,10.534640987898634,10.647537231445312,44700,0.0,0.0
2022-12-28 00:00:00-05:00,10.65459358942878,10.823937957522835,10.520528793334961,10.520528793334961,37200,0.0,0.0
2022-12-29 00:00:00-05:00,10.541696794268747,10.689873286310753,10.37094132204964,10.499361038208008,61000,0.0,0.0
2022-12-30 00:00:00-05:00,10.555808684303395,11.339026865162356,10.555808684303395,11.169682502746582,191800,0.0,0.0
2023-01-03 00:00:00-05:00,11.804724867308982,11.945845850234994,11.289635567539076,11.903510093688965,31900,0.0,0.0
2023-01-04 00:00:00-05:00,11.840004522696294,12.453877637520094,11.840004522696294,12.404485702514648,38000,0.0,0.0
2023-01-05 00:00:00-05:00,12.418599325288056,12.6937837600708,12.397430774216527,12.6937837600708,27400,0.0,0.0
2023-01-06 00:00:00-05:00,12.707895814061498,13.026122557759713,12.623222957692931,12.877240180969238,45400,0.0,0.0
2023-01-09 00:00:00-05:00,12.990138334407467,13.072694213269301,12.369208897836748,12.545609474182129,28100,0.0,0.0
2023-01-10 00:00:00-05:00,12.48916061828786,12.573832136351848,12.298647683899617,12.348039627075195,24900,0.0,0.0
2023-01-11 00:00:00-05:00,12.312759728589278,12.531496047973633,12.312759728589278,12.531496047973633,16500,0.0,0.0
2023-01-12 00:00:00-05:00,12.616166497168345,12.700839351677784,12.503270255042002,12.517382621765137,27300,0.0,0.0
2023-01-13 00:00:00-05:00,12.517385235950718,12.96897029876709,12.517385235950718,12.96897029876709,8000,0.0,0.0
2023-01-17 00:00:00-05:00,12.877239394276009,13.145367622375488,12.877239394276009,13.145367622375488,18300,0.0,0.0
2023-01-18 00:00:00-05:00,13.215928806080315,13.406441721970527,13.152424500783578,13.335881233215332,25800,0.0,0.0
2023-01-19 00:00:00-05:00,13.095974899402323,13.342935909229919,13.095974899402323,13.314712524414062,5900,0.0,0.0
2023-01-20 00:00:00-05:00,13.31471441463695,13.406442110597142,13.23709774017334,13.23709774017334,23800,0.0,0.0
2023-01-23 00:00:00-05:00,13.237096354082205,13.60400979116135,13.237096354082205,13.477001190185547,32000,0.0,0.0
2023-01-24 00:00:00-05:00,13.512282840901507,13.56167478315128,13.152425531300956,13.272377967834473,29900,0.0,0.0
2023-01-25 00:00:00-05:00,13.321768242210712,13.37116152410598,13.194760983396558,13.353520393371582,19700,0.0,0.0
2023-01-26 00:00:00-05:00,13.36410596675753,13.829803308370519,13.36410596675753,13.808634757995605,7100,0.0,0.0
2023-01-27 00:00:00-05:00,13.81569122198752,13.963868385961936,13.674570241614685,13.695738792419434,15300,0.0,0.0
2023-01-30 00:00:00-05:00,13.759240258695879,13.96386550341293,13.695735965220182,13.77335262298584,18700,0.0,0.0
2023-01-31 00:00:00-05:00,13.766298317325928,14.443675745627875,13.766298317325928,14.239051818847656,22700,0.0,0.0
2023-02-01 00:00:00-05:00,14.288446280177599,14.450734482829906,14.217885782467603,14.344894409179688,24200,0.0,0.0
2023-02-02 00:00:00-05:00,14.436619452079565,14.768253326416016,14.422508431803212,14.768253326416016,20400,0.0,0.0
2023-02-03 00:00:00-05:00,14.429565769424597,14.845871182046686,14.429565769424597,14.64830207824707,19300,0.0,0.0
2023-02-06 00:00:00-05:00,14.46484404510856,14.631366195230981,14.429564476013184,14.429564476013184,12400,0.0,0.0
2023-02-07 00:00:00-05:00,14.605965835364314,14.732973098754883,14.496597011685063,14.732973098754883,29100,0.0,0.0
2023-02-08 00:00:00-05:00,14.732974391480408,14.740030575481692,14.471902312580323,14.627134323120117,13000,0.0,0.0
2023-02-09 00:00:00-05:00,14.627133527394799,14.747085957232171,14.44367679083003,14.64830207824707,24100,0.0,0.0
2023-02-10 00:00:00-05:00,14.655358174528663,14.711806297302246,14.464845255481796,14.711806297302246,6900,0.0,0.0
2023-02-13 00:00:00-05:00,14.817647933959961,14.93054419150472,14.535407290098062,14.817647933959961,32100,0.0,0.0
2023-02-14 00:00:00-05:00,14.768255219878474,14.91643104549784,14.542462716555928,14.690638542175293,20300,0.0,0.0
2023-02-15 00:00:00-05:00,14.609492684079372,14.662413384465841,14.464844294962916,14.634188652038574,12500,0.0,0.0
2023-02-16 00:00:00-05:00,14.796478058294456,14.796478058294456,14.39428500851548,14.443676948547363,11600,0.0,0.0
2023-02-17 00:00:00-05:00,14.394284087355501,14.408396453841329,14.090874937056915,14.126155853271484,14600,0.0,0.0
2023-02-21 00:00:00-05:00,14.112045121023415,14.112045121023415,13.208873748779297,13.208873748779297,18100,0.0,0.0
2023-02-22 00:00:00-05:00,15.424464985635499,15.424464985635499,13.27731659755727,13.498169898986816,11600,0.0,0.0
2023-02-23 00:00:00-05:00,13.638584152615353,14.048538556170243,13.638584152615353,14.020315170288086,5200,0.0,0.0
2023-02-24 00:00:00-05:00,13.74583409754767,13.853084564208984,13.625175135581406,13.853084564208984,9100,0.0,0.0
2023-02-27 00:00:00-05:00,13.935642320983051,14.020315170288086,13.805811515934854,14.020315170288086,8100,0.0,0.0
2023-02-28 00:00:00-05:00,14.003027177477417,14.046965935905627,13.628460287440118,13.707695960998535,65100,0.406,0.0
2023-03-01 00:00:00-05:00,13.664478149194037,13.664478149194037,13.50600814819336,13.50600814819336,16600,0.0,0.0
2023-03-02 00:00:00-05:00,13.325927201077178,13.469991828487505,13.253894887372015,13.340333938598633,11700,0.0,0.0
2023-03-03 00:00:00-05:00,13.448381465295768,13.981418378287795,13.353299197713936,13.484396934509277,5700,0.0,0.0
2023-03-06 00:00:00-05:00,13.506007235344715,13.542022705078125,13.426771553248686,13.542022705078125,8700,0.0,0.0
2023-03-07 00:00:00-05:00,13.491600092973751,13.735069277375556,13.491600092973751,13.67888355255127,21900,0.0,0.0
2023-03-08 00:00:00-05:00,13.578039677338511,13.60180955785123,12.980173806346414,13.124237060546875,21500,0.0,0.0
2023-03-09 00:00:00-05:00,12.994582401698514,13.030597876922029,11.964523873039203,12.13740062713623,56300,0.0,0.0
2023-03-10 00:00:00-05:00,12.072569496419861,12.23103948230088,11.99333381652832,11.99333381652832,29700,0.0,0.0
2023-03-13 00:00:00-04:00,11.993332997318202,12.23824201488883,11.993332997318202,12.115787506103516,13300,0.0,0.0
2023-03-14 00:00:00-04:00,12.209432734693968,12.209432734693968,11.993335765482982,12.05600357055664,9700,0.0,0.0
2023-03-15 00:00:00-04:00,11.993333274508133,11.999816718059765,11.806049822984336,11.939310073852539,8300,0.0,0.0
2023-03-16 00:00:00-04:00,11.957318178131816,12.144601635462193,11.834863662719727,11.834863662719727,29600,0.0,0.0
2023-03-17 00:00:00-04:00,11.82045631602407,11.921300720959902,11.755627377450468,11.831260681152344,7200,0.0,0.0
2023-03-20 00:00:00-04:00,11.993333515448551,11.993333515448551,11.561141032011244,11.712409019470215,15000,0.0,0.0
2023-03-21 00:00:00-04:00,11.71961318079447,11.81325422782256,11.553939819335938,11.553939819335938,11000,0.0,0.0
2023-03-22 00:00:00-04:00,11.744824284759806,11.91410001758603,11.553939819335938,11.553939819335938,7700,0.0,0.0
2023-03-23 00:00:00-04:00,11.683596451396284,11.812534419144527,11.525126457214355,11.525126457214355,7200,0.0,0.0
2023-03-24 00:00:00-04:00,11.532329346750453,11.726816177368164,11.157762422724213,11.726816177368164,30800,0.0,0.0
2023-03-27 00:00:00-04:00,11.532328966726777,11.532328966726777,11.309029356000114,11.359452247619629,19200,0.0,0.0
2023-03-28 00:00:00-04:00,11.222589915349197,11.396907153947213,11.16496434786468,11.2369966506958,15700,0.0,0.0
2023-03-29 00:00:00-04:00,11.323436948560273,11.842067832030876,11.316233579648623,11.813254356384277,25700,0.0,0.0
2023-03-30 00:00:00-04:00,11.892489306171495,11.892489306171495,11.352249036275829,11.770034790039062,26000,0.0,0.0
2023-03-31 00:00:00-04:00,11.625969981222035,11.698002290828159,11.179372134687728,11.460296630859375,29100,0.0,0.0
2023-04-03 00:00:00-04:00,11.460296855237509,11.517922429270236,11.244200609139263,11.417078018188477,15100,0.0,0.0
2023-04-04 00:00:00-04:00,11.460298851248462,11.489111643283078,11.164967561155878,11.352251052856445,17300,0.0,0.0
2023-04-05 00:00:00-04:00,11.402670819620731,11.402670819620731,11.114542961120605,11.114542961120605,19600,0.0,0.0
2023-04-06 00:00:00-04:00,11.222590291126561,11.236997026955562,11.085729735505934,11.208184242248535,14000,0.0,0.0
2023-04-10 00:00:00-04:00,11.23699901607641,11.467501334535054,11.211787223912786,11.287421226501465,34900,0.0,0.0
2023-04-11 00:00:00-04:00,11.34504634693208,11.41707866201049,11.14335682644403,11.305428504943848,24100,0.0,0.0
2023-04-12 00:00:00-04:00,11.460297730626477,11.517923309060906,11.186575889587402,11.186575889587402,9400,0.0,0.0
2023-04-13 00:00:00-04:00,11.50351901178403,11.50351901178403,11.273015975952148,11.273015975952148,7100,0.0,0.0
2023-04-14 00:00:00-04:00,11.229075149097017,11.366656342039107,11.200982970704112,11.265811920166016,13400,0.0,0.0
2023-04-17 00:00:00-04:00,11.38106056940709,11.38106056940709,11.13254988028577,11.2369966506958,18200,0.0,0.0
2023-04-18 00:00:00-04:00,11.244199439981042,11.244199439981042,10.980562775321895,10.982723236083984,32400,0.0,0.0
2023-04-19 00:00:00-04:00,10.912852956846367,10.948869111502665,10.752942439206189,10.775992393493652,45800,0.0,0.0
2023-04-20 00:00:00-04:00,11.006494595454445,11.006494595454445,10.559896067388797,10.696757316589355,10300,0.0,0.0
2023-04-21 00:00:00-04:00,10.833618680611576,10.833618680611576,10.473458484199021,10.531084060668945,21800,0.0,0.0
2023-04-24 00:00:00-04:00,10.7327731358352,10.81849157229717,10.567099782052125,10.768789291381836,9100,0.0,0.0
2023-04-25 00:00:00-04:00,10.48066016291214,10.833616933611317,10.48066016291214,10.51019287109375,14000,0.0,0.0
2023-04-26 00:00:00-04:00,10.660741806030273,10.727011286763373,10.660741806030273,10.660741806030273,21400,0.0,0.0
2023-04-27 00:00:00-04:00,10.574302956587445,10.711163520812988,10.480661228664276,10.711163520812988,5300,0.0,0.0
2023-04-28 00:00:00-04:00,10.761587290746757,10.963277512663574,10.761587290746757,10.927261352539062,31600,0.0,0.0
2023-05-01 00:00:00-04:00,10.819211916471412,11.006494684172335,10.76878902517219,10.775992393493652,14300,0.0,0.0
2023-05-02 00:00:00-04:00,10.754383569438485,10.804805776571483,10.502271159871396,10.552693367004395,15800,0.0,0.0
2023-05-03 00:00:00-04:00,10.660742336720185,10.71836791527399,10.50227165222168,10.50227165222168,11500,0.0,0.0
2023-05-04 00:00:00-04:00,10.502270436016094,10.502270436016094,10.206939208390628,10.25736141204834,23900,0.0,0.0
2023-05-05 00:00:00-04:00,10.255203177996904,10.444647132126764,10.255203177996904,10.263846397399902,6500,0.0,0.0
2023-05-08 00:00:00-04:00,10.415833086991254,10.464814759138584,10.199736828034375,10.300581932067871,30100,0.0,0.0
2023-05-09 00:00:00-04:00,10.372613305052289,10.372613305052289,10.084485424837357,10.15363597869873,16400,0.0,0.0
2023-05-10 00:00:00-04:00,10.29337851662943,10.36541083160655,10.084485627537061,10.113298416137695,18400,0.0,0.0
2023-05-11 00:00:00-04:00,10.091689262820811,10.24367650344215,10.084485893742734,10.106095314025879,17100,0.0,0.0
2023-05-12 00:00:00-04:00,10.459053157739877,10.459053157739877,10.0988929363899,10.142111778259277,14100,0.0,0.0
2023-05-15 00:00:00-04:00,10.156517993944256,10.401426354814271,10.156517993944256,10.25160026550293,20000,0.0,0.0
2023-05-16 00:00:00-04:00,10.250157976873341,10.347401386393186,10.106094048113016,10.322190284729004,15600,0.0,0.0
2023-05-17 00:00:00-04:00,10.314988516543965,10.444646416015406,10.178127934730524,10.4302396774292,18800,0.0,0.0
2023-05-18 00:00:00-04:00,10.451128267614795,10.711163968774436,10.077281951904297,10.077281951904297,95100,0.0,0.0
2023-05-19 00:00:00-04:00,10.185330402164718,10.552693273220523,10.120501458169269,10.329394340515137,62700,0.0,0.0
2023-05-22 00:00:00-04:00,10.314986849721201,10.639131546020508,10.286174064155817,10.639131546020508,22100,0.0,0.0
2023-05-23 00:00:00-04:00,10.639131656715094,10.719086570756351,10.520278142201409,10.610318183898926,13700,0.0,0.0
2023-05-24 00:00:00-04:00,10.617521743042904,10.67370677953303,10.495067229176042,10.550532341003418,9100,0.0,0.0
2023-05-25 00:00:00-04:00,10.63913181899061,10.804805168504526,10.379816055297852,10.379816055297852,5900,0.0,0.0
2023-05-26 00:00:00-04:00,10.480661965788451,10.556295278112545,10.37981686240526,10.509474754333496,7000,0.0,0.0
2023-05-30 00:00:00-04:00,10.609598259249124,10.732052770913826,10.502991020243112,10.610318183898926,4900,0.0,0.0
2023-05-31 00:00:00-04:00,10.725875174281713,10.874763521621523,10.644394330080543,10.859208106994629,85200,0.406,0.0
2023-06-01 00:00:00-04:00,10.703652029027056,10.844392487762429,10.599949276718904,10.7110595703125,13700,0.0,0.0
2023-06-02 00:00:00-04:00,10.71106017055378,10.80735609339487,10.681430710173602,10.733282089233398,15800,0.0,0.0
2023-06-05 00:00:00-04:00,10.903651092318652,10.903651092318652,10.740688720825213,10.851799011230469,15000,0.0,0.0
2023-06-06 00:00:00-04:00,10.814762115478516,11.02142727236169,10.740688121725418,10.814762115478516,8300,0.0,0.0
2023-06-07 00:00:00-04:00,10.740689277648926,10.81476327937394,10.68143035883773,10.740689277648926,18200,0.0,0.0
2023-06-08 00:00:00-04:00,10.806614949970639,10.811059757515917,10.6814306047241,10.755504608154297,19300,0.0,0.0
2023-06-09 00:00:00-04:00,10.755504961609633,10.785134422671005,10.636986410942065,10.74809741973877,5400,0.0,0.0
2023-06-12 00:00:00-04:00,10.777726278511432,10.81476327937394,10.666615275923913,10.740689277648926,10000,0.0,0.0
2023-06-13 00:00:00-04:00,10.877725675992385,10.877725675992385,10.607356071472168,10.607356071472168,16500,0.0,0.0
2023-06-14 00:00:00-04:00,10.629578590393066,10.799947799101414,10.496245674762529,10.629578590393066,11200,0.0,0.0
2023-06-15 00:00:00-04:00,10.550319412227097,10.562912090906437,10.522171320975163,10.525875091552734,5900,0.0,0.0
2023-06-16 00:00:00-04:00,10.666614561528801,10.770318015713888,10.592541271186871,10.636244773864746,8000,0.0,0.0
2023-06-20 00:00:00-04:00,10.78142990443883,10.88883642843333,10.63698567365723,10.659208297729492,11400,0.0,0.0
2023-06-21 00:00:00-04:00,10.740689993868306,10.930318405424684,10.711060532486933,10.839948654174805,7200,0.0,0.0
2023-06-22 00:00:00-04:00,10.814761916795941,10.9629091951585,10.740687924403689,10.903650283813477,15200,0.0,0.0
2023-06-23 00:00:00-04:00,10.962910006937568,10.962910006937568,10.740688719727768,10.836984634399414,4400,0.0,0.0
2023-06-26 00:00:00-04:00,10.911059026174028,11.014762492375718,10.740689802866328,10.918466567993164,6000,0.0,0.0
2023-06-27 00:00:00-04:00,10.992539925592103,10.99994746697474,10.799948088175695,10.902170181274414,7600,0.0,0.0
2023-06-28 00:00:00-04:00,10.925874248619746,10.999948254908032,10.73328239740786,10.985133171081543,10600,0.0,0.0
2023-06-29 00:00:00-04:00,10.87402227332959,11.022169571381347,10.748096893380087,10.962910652160645,18200,0.0,0.0
2023-06-30 00:00:00-04:00,11.259204781057704,11.259204781057704,10.768836997606735,11.036983489990234,25500,0.0,0.0
2023-07-03 00:00:00-04:00,10.977725171652489,11.481426698007215,10.977725171652489,11.422167778015137,16000,0.0,0.0
2023-07-05 00:00:00-04:00,11.659202589748157,11.666610130801056,11.31846347195677,11.385129928588867,29000,0.0,0.0
2023-07-06 00:00:00-04:00,11.385128311478546,11.407350225058911,11.11105568924773,11.25920295715332,10000,0.0,0.0
2023-07-07 00:00:00-04:00,11.291797907102882,11.370316008714024,11.199946089777606,11.311057090759277,6200,0.0,0.0
2023-07-10 00:00:00-04:00,10.511059781415579,11.162908554077148,10.511059781415579,11.162908554077148,33800,0.0,0.0
2023-07-11 00:00:00-04:00,10.999946591454894,11.311056240543207,10.999946591454894,11.288833618164062,4400,0.0,0.0
2023-07-12 00:00:00-04:00,11.292538277164999,11.607351721422356,11.215501542268044,11.444389343261719,16100,0.0,0.0
2023-07-13 00:00:00-04:00,11.511055044547327,11.59994341593734,11.444388589399322,11.499943733215332,6300,0.0,0.0
2023-07-14 00:00:00-04:00,11.555498816913683,11.555498816913683,11.266611099243164,11.266611099243164,16100,0.0,0.0
2023-07-17 00:00:00-04:00,11.270316092858781,11.274019863459142,10.985132114429229,11.036983489990234,30900,0.0,0.0
2023-07-18 00:00:00-04:00,11.148094283910577,11.259204574191873,11.12661269739198,11.25031566619873,7900,0.0,0.0
2023-07-19 00:00:00-04:00,11.125873946872133,11.42216856730701,11.125873946872133,11.236984252929688,21600,0.0,0.0
2023-07-20 00:00:00-04:00,11.236981894927682,11.44438808570936,11.155501068011798,11.29624080657959,6800,0.0,0.0
2023-07-21 00:00:00-04:00,11.222166813803732,11.353277314778515,11.177722983275775,11.29624080657959,7900,0.0,0.0
2023-07-24 00:00:00-04:00,11.19254041409837,11.296243891016395,11.106615463236682,11.207355499267578,16300,0.0,0.0
2023-07-25 00:00:00-04:00,11.222168111499434,11.392538032016162,11.214761276502903,11.274020195007324,6100,0.0,0.0
2023-07-26 00:00:00-04:00,11.385130260751142,11.444389178059225,11.266612426134976,11.388092994689941,11500,0.0,0.0
2023-07-27 00:00:00-04:00,11.540684818790178,11.540684818790178,11.19994569922137,11.229575157165527,19200,0.0,0.0
2023-07-28 00:00:00-04:00,11.318465642851491,11.555502057054136,11.118466941017216,11.28513240814209,25200,0.0,0.0
2023-07-31 00:00:00-04:00,11.444389094362643,11.585129551756571,11.370315801480272,11.414759635925293,12600,0.0,0.0
2023-08-01 00:00:00-04:00,11.466610358665394,11.466610358665394,11.288833618164062,11.288833618164062,20800,0.0,0.0
2023-08-02 00:00:00-04:00,11.22216824714571,11.22216824714571,10.962910652160645,10.962910652160645,21600,0.0,0.0
2023-08-03 00:00:00-04:00,11.044390840593442,11.044390840593442,10.822169553360935,10.851799011230469,12300,0.0,0.0
2023-08-04 00:00:00-04:00,10.903652653372967,10.962911577596019,10.859208106994629,10.859208106994629,3400,0.0,0.0
2023-08-07 00:00:00-04:00,10.903651659654994,10.999947579346927,10.903651659654994,10.984392166137695,12500,0.0,0.0
2023-08-08 00:00:00-04:00,11.051799290633591,11.111058211246473,11.002169609069824,11.002169609069824,6500,0.0,0.0
2023-08-09 00:00:00-04:00,11.059207533491364,11.059207533491364,10.903652680414545,10.977725982666016,14900,0.0,0.0
2023-08-10 00:00:00-04:00,10.999948447151045,11.066614206269108,10.977725821022933,11.025874137878418,8200,0.0,0.0
2023-08-11 00:00:00-04:00,11.0925387349089,11.09994556928185,10.93328013992792,10.999946594238281,10200,0.0,0.0
2023-08-14 00:00:00-04:00,11.088836389499999,11.088836389499999,10.92142990198495,10.955503463745117,6300,0.0,0.0
2023-08-15 00:00:00-04:00,10.999947776426778,10.999947776426778,10.736985701321684,10.7814302444458,32500,0.0,0.0
2023-08-16 00:00:00-04:00,10.888836227695947,10.888836227695947,10.585134101860753,10.618467330932617,10000,0.0,0.0
2023-08-17 00:00:00-04:00,10.525873417390745,10.755502211723169,10.370318609984107,10.431058883666992,16800,0.0,0.0
2023-08-18 00:00:00-04:00,10.43031966703357,10.43031966703357,10.270320035990899,10.348097801208496,14500,0.0,0.0
2023-08-21 00:00:00-04:00,10.32587602376793,10.54883835673544,10.32587602376793,10.524394035339355,14700,0.0,0.0
2023-08-22 00:00:00-04:00,10.544393697101224,10.544393697101224,10.481431007385254,10.481431007385254,7200,0.0,0.0
2023-08-23 00:00:00-04:00,10.51846910282005,10.679950133009527,10.484395538752684,10.533284187316895,14900,0.0,0.0
2023-08-24 00:00:00-04:00,10.533283695017587,10.549579439495963,10.45920968883962,10.474024772644043,3100,0.0,0.0
2023-08-25 00:00:00-04:00,10.599949626094869,10.599949626094869,10.407357784857563,10.430320739746094,3200,0.0,0.0
2023-08-28 00:00:00-04:00,10.525875848338625,10.940688999364596,10.459209385993196,10.84809684753418,17700,0.0,0.0
2023-08-29 00:00:00-04:00,10.859947658337116,11.348093032836914,10.756244201920438,11.348093032836914,34500,0.0,0.0
2023-08-30 00:00:00-04:00,11.125873107058426,11.340686867264461,10.848096656459829,11.185132026672363,11900,0.0,0.0
2023-08-31 00:00:00-04:00,11.105967890364953,11.745379447937012,11.029847190295596,11.745379447937012,55300,0.406,0.0
2023-09-01 00:00:00-04:00,11.692093052512012,11.87478256225586,11.41805987680729,11.87478256225586,9800,0.0,0.0
2023-09-05 00:00:00-04:00,11.905230633206743,11.905230633206743,11.379999474979893,11.524628639221191,12200,0.0,0.0
2023-09-06 00:00:00-04:00,11.421866409948175,11.517016912470961,11.398268980787059,11.418060302734375,8600,0.0,0.0
2023-09-07 00:00:00-04:00,11.265818222513879,11.345744286097457,11.265818222513879,11.307683944702148,1500,0.0,0.0
2023-09-08 00:00:00-04:00,11.037458919420601,11.334328765488522,11.0070107859219,11.161535263061523,16400,0.0,0.0
2023-09-11 00:00:00-04:00,11.016145597605776,11.220148024990777,11.016145597605776,11.079325675964355,8300,0.0,0.0
2023-09-12 00:00:00-04:00,11.113579321404847,11.35716438293457,11.037458626706435,11.35716438293457,11400,0.0,0.0
2023-09-13 00:00:00-04:00,11.098354619028076,11.402835938448858,11.098354619028076,11.22775936126709,5300,0.0,0.0
2023-09-14 00:00:00-04:00,11.098354014735257,11.418059745689828,11.098354014735257,11.382283210754395,6600,0.0,0.0
2023-09-15 00:00:00-04:00,11.281041945821887,11.341938201798582,11.144786518628486,11.31910228729248,7300,0.0,0.0
2023-09-18 00:00:00-04:00,11.311491383862283,11.322909705408074,11.182086643439504,11.265819549560547,10100,0.0,0.0
2023-09-19 00:00:00-04:00,11.258206849681946,11.258206849681946,11.098353984638159,11.15163803100586,21100,0.0,0.0
2023-09-20 00:00:00-04:00,11.144025787738492,11.204922044015152,11.13641357421875,11.13641357421875,4100,0.0,0.0
2023-09-21 00:00:00-04:00,11.098354561184623,11.207206468973565,10.82432137513415,10.869993209838867,8100,0.0,0.0
2023-09-22 00:00:00-04:00,10.74058756923096,11.060293289165834,10.74058756923096,10.892828941345215,3600,0.0,0.0
2023-09-25 00:00:00-04:00,10.869993555542548,10.869993555542548,10.67969254435897,10.809097290039062,6700,0.0,0.0
2023-09-26 00:00:00-04:00,10.710138518146742,10.908051704107839,10.679690391532773,10.694914817810059,13400,0.0,0.0
2023-09-27 00:00:00-04:00,10.908051213484802,10.908051213484802,10.47416524726595,10.592151641845703,7100,0.0,0.0
2023-09-28 00:00:00-04:00,10.512228116148798,10.717752829544361,10.50461590151988,10.672080993652344,8100,0.0,0.0
2023-09-29 00:00:00-04:00,10.70252815533563,10.961336895774009,10.664467811584473,10.664467811584473,18400,0.0,0.0
2023-10-02 00:00:00-04:00,10.656854935703825,10.7367809992701,10.54267463748325,10.580734252929688,5500,0.0,0.0
2023-10-03 00:00:00-04:00,10.580735663160594,10.580735663160594,10.344762821802767,10.350852012634277,17100,0.0,0.0
2023-10-04 00:00:00-04:00,10.52136169104957,10.68502067257732,10.3447628160417,10.352375030517578,17400,0.0,0.0
2023-10-05 00:00:00-04:00,10.359984455638582,10.382821094517809,10.184907913208008,10.184907913208008,41200,0.0,0.0
2023-10-06 00:00:00-04:00,10.22296884604418,10.375209484381642,9.919248355145083,9.924576759338379,16300,0.0,0.0
2023-10-09 00:00:00-04:00,10.162073605101886,10.162073605101886,10.002220737405652,10.047892570495605,9400,0.0,0.0
2023-10-10 00:00:00-04:00,10.244282050501008,10.25341656102767,10.00983082355105,10.16207218170166,8900,0.0,0.0
2023-10-11 00:00:00-04:00,10.436106512290923,10.436106512290923,9.88803944776259,9.933712005615234,40600,0.0,0.0
2023-10-12 00:00:00-04:00,9.530273546254222,9.816485805618312,9.446540649403149,9.469376564025879,39100,0.0,0.0
2023-10-13 00:00:00-04:00,9.587363866573035,9.705350274489724,9.587363866573035,9.652066230773926,8200,0.0,0.0
2023-10-16 00:00:00-04:00,9.690126618539248,9.697738832801932,9.484601915031753,9.67490291595459,12700,0.0,0.0
2023-10-17 00:00:00-04:00,9.69697826204935,9.69697826204935,9.378033301210378,9.44273567199707,21900,0.0,0.0
2023-10-18 00:00:00-04:00,9.355196476542586,9.499064121206613,9.248627662658691,9.248627662658691,26900,0.0,0.0
2023-10-19 00:00:00-04:00,9.294300950087045,9.347584998250674,9.111612162719707,9.149672508239746,6800,0.0,0.0
2023-10-20 00:00:00-04:00,9.14206208344675,9.352915233839322,9.14206208344675,9.328557014465332,11700,0.0,0.0
2023-10-23 00:00:00-04:00,9.332360252687067,9.370420593953748,9.134447058852839,9.324748039245605,11500,0.0,0.0
2023-10-24 00:00:00-04:00,9.476988991872377,9.629229636034616,9.180119917241175,9.248627662658691,32300,0.0,0.0
2023-10-25 00:00:00-04:00,9.248627581850506,9.697738022660582,9.111611366271973,9.111611366271973,9100,0.0,0.0
2023-10-26 00:00:00-04:00,9.142060109133737,9.45415362939557,9.11161197852138,9.172508239746094,6000,0.0,0.0
2023-10-27 00:00:00-04:00,9.275272248449966,9.400870895513355,8.753847122192383,8.753847122192383,4900,0.0,0.0
2023-10-30 00:00:00-04:00,8.829966467629921,9.134447769572738,8.634337067795006,8.793428421020508,12400,0.0,0.0
2023-10-31 00:00:00-04:00,8.755369518230504,8.8375794106956,8.441753653003266,8.571158409118652,28900,0.0,0.0
2023-11-01 00:00:00-04:00,8.829964939319602,9.058325513281206,8.59322991505339,9.05375862121582,15300,0.0,0.0
2023-11-02 00:00:00-04:00,9.058326353515056,9.703066166383016,9.058326353515056,9.522661209106445,36700,0.0,0.0
2023-11-03 00:00:00-04:00,9.682515153468543,10.146849335496643,9.324749067611087,10.009832382202148,21500,0.0,0.0
2023-11-06 00:00:00-05:00,10.063116170914972,10.207744598388672,9.78908229115755,10.207744598388672,25900,0.0,0.0
2023-11-07 00:00:00-05:00,10.207746171619833,10.314314999721207,10.162074335248352,10.162835121154785,7700,0.0,0.0
2023-11-08 00:00:00-05:00,10.306700770236008,10.306700770236008,10.131624221801758,10.131624221801758,4400,0.0,0.0
2023-11-09 00:00:00-05:00,10.124013318707748,10.235909818582918,9.85759162902832,9.85759162902832,14000,0.0,0.0
2023-11-10 00:00:00-05:00,9.903263659137545,10.177296822439049,9.796694843772185,10.154460906982422,4100,0.0,0.0
2023-11-13 00:00:00-05:00,10.1240127777267,10.177296822439049,9.8423674006261,10.154460906982422,10900,0.0,0.0
2023-11-14 00:00:00-05:00,10.169684104347152,10.497002022070674,10.169684104347152,10.245804786682129,54200,0.0,0.0
2023-11-15 00:00:00-05:00,10.200134219540065,10.295284728028092,9.979385068885476,10.063117980957031,20400,0.0,0.0
2023-11-16 00:00:00-05:00,10.032669370494649,10.268642213803954,9.941324973800008,9.948936462402344,15300,0.0,0.0
2023-11-17 00:00:00-05:00,9.986995833105617,10.200132737895673,9.941324002192363,10.154460906982422,11000,0.0,0.0
2023-11-20 00:00:00-05:00,9.903263721169031,10.23819314507989,9.903263721169031,9.971772193908691,23700,0.0,0.0
2023-11-21 00:00:00-05:00,9.956547103433133,10.162072507970812,9.857590507834319,9.888038635253906,32100,0.0,0.0
2023-11-22 00:00:00-05:00,9.895651763340211,10.085952758789062,9.773859242403457,10.085952758789062,14200,0.0,0.0
2023-11-24 00:00:00-05:00,9.80430752484066,10.047892570495605,9.80430752484066,10.047892570495605,4200,0.0,0.0
2023-11-27 00:00:00-05:00,10.05550319665472,10.306700416801553,9.910874780122533,10.184907913208008,47300,0.0,0.0
2023-11-28 00:00:00-05:00,10.222968887285358,10.314313270656333,10.222968887285358,10.253417015075684,13800,0.0,0.0
2023-11-29 00:00:00-05:00,10.314314684078914,10.458943129416967,10.124013677826316,10.352375030517578,18700,0.0,0.0
2023-11-30 00:00:00-05:00,10.443391661409304,10.6160091611966,10.294312027263224,10.600317001342773,58100,0.406,0.0
2023-12-01 00:00:00-05:00,10.584625200172058,10.584625200172058,10.294313103863933,10.443392753601074,39200,0.0,0.0
2023-12-04 00:00:00-05:00,10.364929139893917,10.364929139893917,10.019693374633789,10.019693374633789,59700,0.0,0.0
2023-12-05 00:00:00-05:00,10.003998657892662,10.20015549432193,9.880027543255595,9.88630485534668,18700,0.0,0.0
2023-12-06 00:00:00-05:00,10.05892132362449,10.184461566621541,9.90199601987818,9.933381080627441,27700,0.0,0.0
2023-12-07 00:00:00-05:00,10.082463488042361,10.149941050718148,9.972615370691285,10.043231964111328,33800,0.0,0.0
2023-12-08 00:00:00-05:00,10.043230987157278,10.153078345543886,10.043230987157278,10.06676959991455,18000,0.0,0.0
2023-12-11 00:00:00-05:00,10.05892315986049,10.121693292817573,9.957706451416016,9.957706451416016,52700,0.0,0.0
2023-12-12 00:00:00-05:00,9.964767462332185,9.996152527241934,9.7136869430542,9.7136869430542,66500,0.0,0.0
2023-12-13 00:00:00-05:00,9.784303069793916,9.878458260131406,9.752918006348086,9.815688133239746,84400,0.0,0.0
2023-12-14 00:00:00-05:00,9.854919629227291,10.145231652570308,9.854919629227291,10.109923362731934,26100,0.0,0.0
2023-12-15 00:00:00-05:00,10.153077412316827,10.506160312617089,10.137385254680671,10.455944061279297,34400,0.0,0.0
2023-12-18 00:00:00-05:00,10.490469314807639,10.561085907712103,10.229188220372746,10.422991752624512,23300,0.0,0.0
2023-12-19 00:00:00-05:00,10.419851440983997,10.547745788272556,10.231541048573927,10.49046802520752,50000,0.0,0.0
2023-12-20 00:00:00-05:00,10.380619380274407,10.455159187316895,10.278618484252828,10.455159187316895,21900,0.0,0.0
2023-12-21 00:00:00-05:00,10.419853388939973,10.514008602747005,10.219773278995362,10.443392753601074,40500,0.0,0.0
2023-12-22 00:00:00-05:00,10.357081303739541,10.56108460286307,10.278619014423631,10.51008415222168,20800,0.0,0.0
2023-12-26 00:00:00-05:00,10.482622060896608,10.72585689031796,10.435544834737003,10.592470169067383,19300,0.0,0.0
2023-12-27 00:00:00-05:00,10.498314968469154,10.592470169067383,10.498314968469154,10.592470169067383,36400,0.0,0.0
2023-12-28 00:00:00-05:00,10.514007127762683,10.757241957184036,10.514007127762683,10.592470169067383,26900,0.0,0.0
2023-12-29 00:00:00-05:00,10.31785026937206,10.631701686208176,9.9883066932476,10.137386322021484,180900,0.0,0.0
2024-01-02 00:00:00-05:00,10.160925603933066,10.474777041428348,10.160925603933066,10.451237678527832,28300,0.0,0.0
2024-01-03 00:00:00-05:00,10.466929274719623,10.466929274719623,10.176617236525983,10.419851303100586,33100,0.0,0.0
2024-01-04 00:00:00-05:00,10.396315006109385,10.396315006109385,10.20015811920166,10.20015811920166,21500,0.0,0.0
2024-01-05 00:00:00-05:00,10.324127420182428,10.39631314764666,10.09030818939209,10.09030818939209,12100,0.0,0.0
2024-01-08 00:00:00-05:00,10.153077451511928,10.278618454480517,10.090307324167105,10.247233390808105,11400,0.0,0.0
2024-01-09 00:00:00-05:00,10.396313578790625,10.58540892949197,10.325696989474194,10.5061616897583,48500,0.0,0.0
2024-01-10 00:00:00-05:00,10.584623640982622,11.141709135154288,10.584623640982622,10.91024398803711,46200,0.0,0.0
2024-01-11 00:00:00-05:00,10.82785887621983,11.0161692831818,10.749395832512821,10.8749361038208,26100,0.0,0.0
2024-01-12 00:00:00-05:00,11.0797251912902,11.09463315574269,10.788628160359297,10.790982246398926,12400,0.0,0.0
2024-01-16 00:00:00-05:00,10.88278222464834,10.898475132220886,10.514007127762683,10.592470169067383,18000,0.0,0.0
2024-01-17 00:00:00-05:00,10.631701309547184,10.765088026028065,10.529699658810097,10.584623336791992,7600,0.0,0.0
2024-01-18 00:00:00-05:00,10.812165366285711,10.812165366285711,10.521853317977056,10.678778648376465,9800,0.0,0.0
2024-01-19 00:00:00-05:00,10.616008760679206,10.87493574887048,10.616008760679206,10.843550682067871,13600,0.0,0.0
2024-01-22 00:00:00-05:00,10.945553706565729,10.945553706565729,10.616010089741891,10.623856544494629,24400,0.0,0.0
2024-01-23 00:00:00-05:00,10.74939516295543,10.961244918801249,10.655239965339177,10.679563522338867,28800,0.0,0.0
2024-01-24 00:00:00-05:00,10.780781088623122,10.788627542786667,10.608163586699455,10.670933723449707,43700,0.0,0.0
2024-01-25 00:00:00-05:00,10.851396103919917,10.851396103919917,10.64739281496324,10.702317237854004,32100,0.0,0.0
2024-01-26 00:00:00-05:00,10.600318000444592,10.839628885794035,10.586194232138006,10.74155044555664,27600,0.0,0.0
2024-01-29 00:00:00-05:00,10.647393935885104,10.827858633046711,10.647393935885104,10.710164070129395,31600,0.0,0.0
2024-01-30 00:00:00-05:00,10.776856611935148,10.820011356551682,10.67877819110046,10.780779838562012,7100,0.0,0.0
2024-01-31 00:00:00-05:00,10.670933482070295,10.804320206717101,10.5061616897583,10.5061616897583,29300,0.0,0.0
2024-02-01 00:00:00-05:00,10.702318884033193,10.914167910320767,10.490469109466558,10.56108570098877,13500,0.0,0.0
2024-02-02 00:00:00-05:00,10.694470621467609,10.922012517742285,10.537545304774547,10.65523910522461,9400,0.0,0.0
2024-02-05 00:00:00-05:00,10.843551391469163,10.898475823176227,10.5297007029105,10.560300827026367,33600,0.0,0.0
2024-02-06 00:00:00-05:00,10.631702672800474,10.670934197080442,10.455161187680163,10.56893253326416,11000,0.0,0.0
2024-02-07 00:00:00-05:00,10.670933433127296,10.670933433127296,10.444175702956151,10.553238868713379,9100,0.0,0.0
2024-02-08 00:00:00-05:00,10.521853581548957,10.70545655944106,10.48183786448539,10.592470169067383,18800,0.0,0.0
2024-02-09 00:00:00-05:00,10.627779065395407,10.772934727276343,10.490469109466558,10.56108570098877,19600,0.0,0.0
2024-02-12 00:00:00-05:00,10.498313903808594,10.631700611532088,10.498313903808594,10.498313903808594,53100,0.0,0.0
2024-02-13 00:00:00-05:00,10.514006158673435,10.514006158673435,10.316280180813909,10.364927291870117,27300,0.0,0.0
2024-02-14 00:00:00-05:00,10.247235050477043,10.451237623249037,10.208003527462752,10.310005187988281,14300,0.0,0.0
2024-02-15 00:00:00-05:00,10.55323787480816,10.55323787480816,10.25900261390303,10.349234580993652,11700,0.0,0.0
2024-02-16 00:00:00-05:00,10.349235424453283,10.41514458920745,10.200156542687543,10.255080223083496,20700,0.0,0.0
2024-02-20 00:00:00-05:00,10.317849894056712,10.357081413269043,10.262926216126841,10.357081413269043,23500,0.0,0.0
2024-02-21 00:00:00-05:00,10.25507945277747,10.486544586029755,10.208002229768274,10.278618812561035,11200,0.0,0.0
2024-02-22 00:00:00-05:00,10.357081549520588,10.553238399883776,10.310004324469663,10.427698135375977,374000,0.0,0.0
2024-02-23 00:00:00-05:00,10.317850326356327,10.62385529109879,10.317850326356327,10.525776863098145,28100,0.0,0.0
2024-02-26 00:00:00-05:00,10.623855596876862,10.678779278688761,10.38454398621808,10.396313667297363,57600,0.0,0.0
2024-02-27 00:00:00-05:00,10.51400608280535,10.647392790799,10.466928861324618,10.474775314331055,185900,0.0,0.0
2024-02-28 00:00:00-05:00,10.52185371556261,10.592470303980457,10.430052599586825,10.435544967651367,35300,0.0,0.0
2024-02-29 00:00:00-05:00,10.764134957110736,10.800555023829663,10.488961462719073,10.55370807647705,137800,0.406,0.0
2024-03-01 00:00:00-05:00,10.561800447314097,10.618453535229849,10.513240106357427,10.590126991271973,34100,0.0,0.0
2024-03-04 00:00:00-05:00,10.642734672286329,10.642734672286329,10.49705517458397,10.529428482055664,21000,0.0,0.0
2024-03-05 00:00:00-05:00,10.521334577852807,10.696959938134766,10.480867752031427,10.577987670898438,14600,0.0,0.0
2024-03-06 00:00:00-05:00,10.480866857589804,10.861253752903599,10.480866857589804,10.691293716430664,23000,0.0,0.0
2024-03-07 00:00:00-05:00,10.780319207466526,10.909812410752311,10.545612583550946,10.80459976196289,19400,0.0,0.0
2024-03-08 00:00:00-05:00,10.845066930867777,11.128333921235406,10.845066930867777,11.09596061706543,24100,0.0,0.0
2024-03-11 00:00:00-04:00,10.98265452614972,11.354947939163635,10.94218847165036,11.163945198059082,22900,0.0,0.0
2024-03-12 00:00:00-04:00,11.128335084233965,11.395415064508338,11.128335084233965,11.330668449401855,14100,0.0,0.0
2024-03-13 00:00:00-04:00,11.274013518810381,11.49981697420273,11.274013518810381,11.419692993164062,68000,0.0,0.0
2024-03-14 00:00:00-04:00,11.431834849436102,11.492534703118102,11.31852788987999,11.44802188873291,28100,0.0,0.0
2024-03-15 00:00:00-04:00,11.452066860964594,11.57346732940138,11.419693557082875,11.492533683776855,18900,0.0,0.0
2024-03-18 00:00:00-04:00,11.492534435051038,11.719147577036921,11.460161129053054,11.541094779968262,27800,0.0,0.0
2024-03-19 00:00:00-04:00,11.516814394327627,11.767708098455472,11.501437787700416,11.662494659423828,31000,0.0,0.0
2024-03-20 00:00:00-04:00,11.711053730888727,11.727239996449153,11.541093697381909,11.654399871826172,31900,0.0,0.0
2024-03-21 00:00:00-04:00,11.63821467065623,11.856734292669795,11.549188272330777,11.711054801940918,37100,0.0,0.0
2024-03-22 00:00:00-04:00,11.783895576837642,11.847832531493541,11.622028266546147,11.702961921691895,26900,0.0,0.0
2024-03-25 00:00:00-04:00,11.702961637784476,11.81626859787165,11.654401291506968,11.807365417480469,92200,0.0,0.0
2024-03-26 00:00:00-04:00,11.881015270473684,11.949808644466938,11.702961695695759,11.897201538085938,39100,0.0,0.0
2024-03-27 00:00:00-04:00,11.986226462714,12.293772436214226,11.897199306106755,12.25330638885498,37800,0.0,0.0
2024-03-28 00:00:00-04:00,12.261400359090151,12.747000694274902,12.123004734385177,12.747000694274902,167300,0.0,0.0
2024-04-01 00:00:00-04:00,12.633694608337299,12.827935218811035,12.45564180884376,12.827935218811035,20500,0.0,0.0
2024-04-02 00:00:00-04:00,12.941240894793555,12.941240894793555,12.747001063824609,12.844120979309082,31700,0.0,0.0
2024-04-03 00:00:00-04:00,12.819841261877388,12.8764943532525,12.688729491049065,12.787467956542969,14800,0.0,0.0
2024-04-04 00:00:00-04:00,12.803654109417279,12.803654109417279,12.690347927674773,12.730813980102539,17100,0.0,0.0
2024-04-05 00:00:00-04:00,12.625601330535345,12.927482033779434,12.585134506225586,12.585134506225586,21100,0.0,0.0
2024-04-08 00:00:00-04:00,12.544668369346066,12.738908210468411,12.48801527531218,12.666068077087402,9000,0.0,0.0
2024-04-09 00:00:00-04:00,12.601320772845204,12.706534207314387,12.568947467765492,12.585134506225586,13700,0.0,0.0
2024-04-10 00:00:00-04:00,12.447547561046473,12.641787388315954,12.034787349218476,12.18046760559082,16900,0.0,0.0
2024-04-11 00:00:00-04:00,12.180466986321143,12.196653251850439,11.897200007074437,11.994319915771484,7900,0.0,0.0
2024-04-12 00:00:00-04:00,12.091440527289805,12.091440527289805,11.93766752254145,11.95385456085205,11500,0.0,0.0
2024-04-15 00:00:00-04:00,11.897200892279356,11.897200892279356,11.476347923278809,11.476347923278809,14500,0.0,0.0
2024-04-16 00:00:00-04:00,11.484440270997844,11.808174084647787,11.452066966816895,11.694867134094238,8600,0.0,0.0
2024-04-17 00:00:00-04:00,11.800081333831345,11.856734426876026,11.69486789543372,11.719147682189941,8700,0.0,0.0
2024-04-18 00:00:00-04:00,11.80008135269447,11.807365211548928,11.545141661745367,11.573468208312988,6200,0.0,0.0
2024-04-19 00:00:00-04:00,11.427786511694936,11.564563578768901,11.419692993164062,11.419692993164062,19900,0.0,0.0
2024-04-22 00:00:00-04:00,11.395413989211548,11.759613857778929,11.395413989211548,11.751521110534668,15200,0.0,0.0
2024-04-23 00:00:00-04:00,11.881012533094088,11.881012533094088,11.694865481477969,11.77175235748291,3000,0.0,0.0
2024-04-24 00:00:00-04:00,11.775801092533237,11.816267916791935,11.613934567338925,11.71510124206543,3900,0.0,0.0
2024-04-25 00:00:00-04:00,11.67058652341538,11.735333127197514,11.532999797418247,11.727239608764648,12400,0.0,0.0
2024-04-26 00:00:00-04:00,11.735333812071099,12.059066849874814,11.735333812071099,11.84459400177002,6500,0.0,0.0
2024-04-29 00:00:00-04:00,11.743428749274196,12.107628653749273,11.743428749274196,11.986228942871094,8600,0.0,0.0
2024-04-30 00:00:00-04:00,12.067161417986647,12.067161417986647,11.775801658630371,11.775801658630371,8700,0.0,0.0
2024-05-01 00:00:00-04:00,11.89720068708524,12.196653948977154,11.889107167937777,12.099534034729004,10500,0.0,0.0
2024-05-02 00:00:00-04:00,12.229027889165858,12.391704082016618,12.099534663439655,12.115721702575684,5600,0.0,0.0
2024-05-03 00:00:00-04:00,12.326146269180754,12.543856978593551,12.060685652696861,12.189369201660156,8800,0.0,0.0
2024-05-06 00:00:00-04:00,12.641787896863768,12.641787896863768,12.059067619773467,12.309961318969727,15200,0.0,0.0
2024-05-07 00:00:00-04:00,12.407080882960429,12.423267921343019,11.411601177645395,11.589653968811035,64100,0.0,0.0
2024-05-08 00:00:00-04:00,11.443975184440676,11.719147907257055,10.958374808947266,11.524908065795898,64800,0.0,0.0
2024-05-09 00:00:00-04:00,11.314480973903398,11.524907850814689,11.229501334289514,11.290201187133789,41900,0.0,0.0
2024-05-10 00:00:00-04:00,11.371133987180517,11.516813468728035,11.249733518743733,11.492533683776855,5800,0.0,0.0
2024-05-13 00:00:00-04:00,11.136428522164978,11.52490820994629,11.136428522164978,11.411602020263672,20000,0.0,0.0
2024-05-14 00:00:00-04:00,11.411600875919296,11.65440027051466,11.314480191872608,11.435880661010742,14800,0.0,0.0
2024-05-15 00:00:00-04:00,11.565375171048448,11.719148189616721,11.534620412966685,11.702961921691895,10000,0.0,0.0
2024-05-16 00:00:00-04:00,11.511148843086499,11.76770785116146,11.492534365913754,11.597747802734375,10300,0.0,0.0
2024-05-17 00:00:00-04:00,11.646307706938881,11.654400454203282,11.484440412203462,11.557280540466309,4900,0.0,0.0
2024-05-20 00:00:00-04:00,11.557280511703665,11.82355157797158,11.533000726289963,11.751521110534668,25000,0.0,0.0
2024-05-21 00:00:00-04:00,11.961947685980842,11.961947685980842,11.573468016342076,11.597747802734375,14600,0.0,0.0
2024-05-22 00:00:00-04:00,11.901246463432253,11.90529322267166,11.630119769115241,11.658446311950684,14000,0.0,0.0
2024-05-23 00:00:00-04:00,11.8097931713882,11.91338805821665,11.492534312876376,11.508721351623535,14300,0.0,0.0
2024-05-24 00:00:00-04:00,11.565374642067692,11.889107704162598,11.557281122555192,11.889107704162598,13600,0.0,0.0
2024-05-28 00:00:00-04:00,11.889108018359549,12.140001726993919,11.73533500276079,11.897201538085938,14700,0.0,0.0
2024-05-29 00:00:00-04:00,11.897201365402024,11.897201365402024,11.630121393031976,11.775801658630371,6300,0.0,0.0
2024-05-30 00:00:00-04:00,11.702960316445798,12.05097390526019,11.702960316445798,11.881013870239258,5400,0.0,0.0
2024-05-31 00:00:00-04:00,11.905294206232703,12.301867382372768,11.905294206232703,12.099534034729004,17200,0.0,0.0
2024-06-03 00:00:00-04:00,12.395699433847975,12.416498063824912,12.079568192064635,12.154440879821777,6600,0.406,0.0
2024-06-04 00:00:00-04:00,12.287548367133535,12.287548367133535,12.003029646411537,12.100364685058594,6900,0.0,0.0
2024-06-05 00:00:00-04:00,12.062929288083085,12.21267625037059,11.838308844651827,12.154440879821777,9700,0.0,0.0
2024-06-06 00:00:00-04:00,12.329146695405594,12.395700731525963,12.237635094086757,12.312508583068848,7900,0.0,0.0
2024-06-07 00:00:00-04:00,12.320827136877089,12.320827136877089,12.129483701953378,12.27091121673584,8900,0.0,0.0
2024-06-10 00:00:00-04:00,12.42065827597238,12.462253950781115,12.01301383972168,12.01301383972168,12300,0.0,0.0
2024-06-11 00:00:00-04:00,12.07124917439432,12.096206737878,11.896544643235275,11.946459770202637,9600,0.0,0.0
2024-06-12 00:00:00-04:00,12.047122952821624,12.30418815480872,11.896544517540196,12.137803077697754,17000,0.0,0.0
2024-06-13 00:00:00-04:00,12.453933613914565,12.894854213251717,12.270909654545989,12.366580963134766,21500,0.0,0.0
2024-06-14 00:00:00-04:00,12.112845459812418,12.229314616571154,12.079568444540405,12.179399490356445,4700,0.0,0.0
2024-06-17 00:00:00-04:00,12.229313003051042,12.229313003051042,12.046289046509601,12.100364685058594,5700,0.0,0.0
2024-06-18 00:00:00-04:00,12.146123081796192,12.295869261306922,12.06293014276727,12.129484176635742,8900,0.0,0.0
2024-06-20 00:00:00-04:00,12.279231664395867,12.279231664395867,12.062930648560593,12.145291328430176,13700,0.0,0.0
2024-06-21 00:00:00-04:00,12.241793905692699,12.241793905692699,12.054610197225648,12.096206665039062,2800,0.0,0.0
2024-06-24 00:00:00-04:00,12.112844406203374,12.229313552831298,12.071247942384877,12.200196266174316,9700,0.0,0.0
2024-06-25 00:00:00-04:00,12.25926427936474,12.295037289287475,12.080400023137697,12.096206665039062,5500,0.0,0.0
2024-06-26 00:00:00-04:00,12.07956685077761,12.245951905185045,12.046289046509601,12.100364685058594,7600,0.0,0.0
2024-06-27 00:00:00-04:00,12.071249952577771,12.071249952577771,11.892385683743036,11.89654541015625,5800,0.0,0.0
2024-06-28 00:00:00-04:00,11.888225114520903,12.37906168906887,11.771755163368063,11.81335163116455,19200,0.0,0.0
2024-07-01 00:00:00-04:00,12.013013164427946,12.237633604024278,11.821670532226562,11.821670532226562,7700,0.0,0.0
2024-07-02 00:00:00-04:00,12.062927948643607,12.100364685058594,11.94645801386514,12.100364685058594,5400,0.0,0.0
2024-07-03 00:00:00-04:00,12.171080093119947,12.287550043790938,11.87158695432021,12.137803077697754,9800,0.0,0.0
2024-07-05 00:00:00-04:00,12.146123289797496,12.229315436864411,12.092047640486655,12.206853866577148,4800,0.0,0.0
2024-07-08 00:00:00-04:00,12.326649741947357,12.326649741947357,12.18771743774414,12.18771743774414,5200,0.0,0.0
2024-07-09 00:00:00-04:00,12.079569069235646,12.204357684612487,12.016342498933067,12.021333694458008,15000,0.0,0.0
2024-07-10 00:00:00-04:00,12.00469595053785,12.096207551726122,11.863268425637171,11.963099479675293,15100,0.0,0.0
2024-07-11 00:00:00-04:00,11.963098944853115,12.207684976642717,11.963098944853115,12.146122932434082,5800,0.0,0.0
2024-07-12 00:00:00-04:00,12.071250003785833,12.345785601129032,12.071250003785833,12.312508583068848,10700,0.0,0.0
2024-07-15 00:00:00-04:00,12.270911310029138,12.377398078215641,12.229314841826287,12.295868873596191,13700,0.0,0.0
2024-07-16 00:00:00-04:00,12.379061350185191,12.379061350185191,12.229314387571893,12.329145431518555,7200,0.0,0.0
2024-07-17 00:00:00-04:00,12.312507535609436,12.362422661759947,12.187718133459905,12.28754997253418,5100,0.0,0.0
2024-07-18 00:00:00-04:00,12.374901459134858,12.374901459134858,12.062929153442383,12.062929153442383,11000,0.0,0.0
2024-07-19 00:00:00-04:00,12.06293009260512,12.179400048083954,12.06293009260512,12.080400466918945,1500,0.0,0.0
2024-07-22 00:00:00-04:00,12.25427194936662,12.41233836397789,12.25427194936662,12.39154052734375,23200,0.0,0.0
2024-07-23 00:00:00-04:00,12.478893223266434,12.554598178772066,12.43729675384488,12.520489692687988,21600,0.0,0.0
2024-07-24 00:00:00-04:00,12.520489360702578,12.595362844998744,12.42481803894043,12.42481803894043,6700,0.0,0.0
2024-07-25 00:00:00-04:00,12.478891899418539,12.636957514387744,12.18771743774414,12.18771743774414,15800,0.0,0.0
2024-07-26 00:00:00-04:00,12.37074244771407,12.487212400852354,12.245953835583991,12.383221626281738,7100,0.0,0.0
2024-07-29 00:00:00-04:00,12.1128465647008,12.395700823620507,12.1128465647008,12.3374662399292,13600,0.0,0.0
2024-07-30 00:00:00-04:00,12.39569844617484,12.67023399290289,12.39569844617484,12.478891372680664,21900,0.0,0.0
2024-07-31 00:00:00-04:00,12.36242143424982,12.678553444230783,12.287548752458436,12.478891372680664,23100,0.0,0.0
2024-08-01 00:00:00-04:00,12.437295345700782,12.88653541914018,12.437295345700782,12.66191577911377,33100,0.0,0.0
2024-08-02 00:00:00-04:00,12.574564083550749,12.574564083550749,12.27091121673584,12.27091121673584,12100,0.0,0.0
2024-08-05 00:00:00-04:00,12.270910367761562,12.270910367761562,12.005525730260297,12.18771743774414,9900,0.0,0.0
2024-08-06 00:00:00-04:00,12.121163159365747,12.329144686703588,12.02133212144997,12.225153923034668,6300,0.0,0.0
2024-08-07 00:00:00-04:00,12.20435731552571,12.38738130014514,12.187718410839107,12.362422943115234,10800,0.0,0.0
2024-08-08 00:00:00-04:00,12.379061417857711,12.379061417857711,12.129483409933385,12.241793632507324,8200,0.0,0.0
2024-08-09 00:00:00-04:00,12.287549460010753,12.320826473851959,12.181062698364258,12.181062698364258,5300,0.0,0.0
2024-08-12 00:00:00-04:00,12.254272841416752,12.383221976772436,12.250113908496465,12.370742797851562,6600,0.0,0.0
2024-08-13 00:00:00-04:00,12.354104042053223,12.457262551573967,12.254272202663305,12.354104042053223,17200,0.0,0.0
2024-08-14 00:00:00-04:00,12.404019800948385,12.478893287615946,12.17440814541497,12.196038246154785,18600,0.0,0.0
2024-08-15 00:00:00-04:00,12.270911068226258,12.320826987763397,12.16276057038465,12.28754997253418,6100,0.0,0.0
2024-08-16 00:00:00-04:00,12.395698969401115,12.408178146919703,12.18771743774414,12.18771743774414,7700,0.0,0.0
2024-08-19 00:00:00-04:00,12.212676528535239,12.470573199030413,12.212676528535239,12.354104042053223,10200,0.0,0.0
2024-08-20 00:00:00-04:00,12.470572833618144,12.470572833618144,12.312507213757891,12.412338256835938,13300,0.0,0.0
2024-08-21 00:00:00-04:00,12.512168384605683,12.512168384605683,12.229313386549741,12.478891372680664,14100,0.0,0.0
2024-08-22 00:00:00-04:00,12.395699941085361,12.512169893562378,12.237634313725579,12.470573425292969,7200,0.0,0.0
2024-08-23 00:00:00-04:00,12.495530275336446,12.520487835933574,12.404017897502731,12.478891372680664,19900,0.0,0.0
2024-08-26 00:00:00-04:00,12.520489692687988,12.602850368920267,12.478893223266434,12.520489692687988,14900,0.0,0.0
2024-08-27 00:00:00-04:00,12.470572514124102,12.603680568151288,12.445614952340652,12.537126541137695,8800,0.0,0.0
2024-08-28 00:00:00-04:00,12.537125945202812,12.537125945202812,12.453933812083536,12.478891372680664,9500,0.0,0.0
2024-08-29 00:00:00-04:00,12.520489899738834,12.645278516680458,12.462254524230957,12.462254524230957,16200,0.0,0.0
2024-08-30 00:00:00-04:00,12.587043452955893,12.84494012967076,12.478892952164072,12.603681564331055,17200,0.0,0.0
2024-09-03 00:00:00-04:00,12.848164339661658,12.860131972380303,12.566924155539644,12.634455680847168,15300,0.406,0.0
2024-09-04 00:00:00-04:00,12.57461707321118,12.630180963837951,12.566068531504351,12.608810424804688,8500,0.0,0.0
2024-09-05 00:00:00-04:00,12.719938706736404,12.728487248231833,12.5575196792584,12.643003463745117,24700,0.0,0.0
2024-09-06 00:00:00-04:00,12.557519983177354,12.66864857960612,12.023248355289324,12.207037925720215,65900,0.0,0.0
2024-09-09 00:00:00-04:00,12.326715340530285,12.326715340530285,11.89074948673208,12.251489639282227,23600,0.0,0.0
2024-09-10 00:00:00-04:00,12.378004776600072,12.59171342936099,12.172844665605707,12.360908508300781,13400,0.0,0.0
2024-09-11 00:00:00-04:00,12.309617042541504,12.437842712605033,12.258327426703088,12.309617042541504,13600,0.0,0.0
2024-09-12 00:00:00-04:00,12.309617587317948,12.523326231648008,12.309617587317948,12.48913288116455,8400,0.0,0.0
2024-09-13 00:00:00-04:00,12.480585233336175,12.651551986826988,12.472036691853187,12.540423393249512,23400,0.0,0.0
2024-09-16 00:00:00-04:00,12.574617904014753,12.822519923254994,12.540424550162093,12.6515531539917,36400,0.0,0.0
2024-09-17 00:00:00-04:00,12.779777500526372,12.779777500526372,12.463488786613825,12.574617385864258,45200,0.0,0.0
2024-09-18 00:00:00-04:00,12.566069061086266,12.82251961646228,12.523327165984623,12.788326263427734,26100,0.0,0.0
2024-09-19 00:00:00-04:00,12.92509892603693,14.053481141209518,12.92509892603693,13.95944881439209,70000,0.0,0.0
2024-09-20 00:00:00-04:00,14.10477060160203,14.57749369495774,13.856867790222168,13.856867790222168,18000,0.0,0.0
2024-09-23 00:00:00-04:00,13.933803424908858,14.090238640417367,13.668805153593182,13.8739652633667,10500,0.0,0.0
2024-09-24 00:00:00-04:00,13.822675643540224,13.8739652633667,13.762837481998067,13.8739652633667,8800,0.0,0.0
2024-09-25 00:00:00-04:00,13.993643139264794,14.737348329258362,13.993643139264794,14.523639678955078,32100,0.0,0.0
2024-09-26 00:00:00-04:00,14.523640174555263,14.532188716515215,14.239836081636104,14.395415306091309,17200,0.0,0.0
2024-09-27 00:00:00-04:00,14.626221138364661,14.857025250844883,14.318480147767465,14.801462173461914,31300,0.0,0.0
2024-09-30 00:00:00-04:00,14.805736153234605,14.891219945922316,14.284286485260521,14.788639068603516,29000,0.0,0.0
2024-10-01 00:00:00-04:00,14.600575767094508,15.301539919714806,14.584334678313791,15.173315048217773,66900,0.0,0.0
2024-10-02 00:00:00-04:00,15.258798885634393,15.30153996610709,15.079282760620117,15.079282760620117,20700,0.0,0.0
2024-10-03 00:00:00-04:00,15.045090176720741,15.173315048217773,14.748462448611283,15.173315048217773,12200,0.0,0.0
2024-10-04 00:00:00-04:00,15.01944181554218,15.552004645050413,15.01944181554218,15.374198913574219,25800,0.0,0.0
2024-10-07 00:00:00-04:00,15.52379721021015,15.55799137904753,15.08013879367879,15.32718563079834,25200,0.0,0.0
2024-10-08 00:00:00-04:00,15.335731822182789,15.378472896209997,14.959604174967016,15.104926109313965,9200,0.0,0.0
2024-10-09 00:00:00-04:00,15.130572551155199,15.33145756651961,15.045088768005371,15.045088768005371,5500,0.0,0.0
2024-10-10 00:00:00-04:00,15.087831527776641,15.16818586898148,14.788639068603516,14.788639068603516,8800,0.0,0.0
2024-10-11 00:00:00-04:00,14.985252280925572,15.009187547222004,14.532189321008113,14.788639068603516,8100,0.0,0.0
2024-10-14 00:00:00-04:00,14.959604885396487,14.976701968006292,14.533897963404582,14.891218185424805,10700,0.0,0.0
2024-10-15 00:00:00-04:00,14.985254144930188,15.104930491298799,14.788640908151558,15.087833404541016,12600,0.0,0.0
2024-10-16 00:00:00-04:00,14.933960022502404,15.139120132872218,14.82283224081078,14.882670402526855,13400,0.0,0.0
2024-10-17 00:00:00-04:00,15.0108956822709,15.0108956822709,14.74589740286628,14.852751731872559,10000,0.0,0.0
2024-10-18 00:00:00-04:00,14.959605472877067,14.959605472877067,14.609123417949927,14.916864395141602,15400,0.0,0.0
2024-10-21 00:00:00-04:00,14.916864914169977,15.006622158818095,14.574929758518305,14.651865005493164,19000,0.0,0.0
2024-10-22 00:00:00-04:00,14.651865896793469,14.985252530787614,14.292835265892839,14.540738105773926,16900,0.0,0.0
2024-10-23 00:00:00-04:00,14.44670416606898,14.519365953665599,14.335576387381156,14.403963088989258,13600,0.0,0.0
2024-10-24 00:00:00-04:00,14.472349633096911,14.617671576241056,14.361220225150914,14.600574493408203,11200,0.0,0.0
2024-10-25 00:00:00-04:00,14.53218912867074,14.61767292022705,14.446705337114429,14.61767292022705,4100,0.0,0.0
2024-10-28 00:00:00-04:00,14.694606954372947,14.694606954372947,14.455252683902831,14.660412788391113,5800,0.0,0.0
2024-10-29 00:00:00-04:00,14.66041420893113,14.66041420893113,14.10477200162724,14.284286499023438,17700,0.0,0.0
2024-10-30 00:00:00-04:00,14.583479674352038,14.583479674352038,14.130418322226115,14.164610862731934,5200,0.0,0.0
2024-10-31 00:00:00-04:00,14.318478595607091,14.361219670571158,14.019286179456131,14.062028884887695,6200,0.0,0.0
2024-11-01 00:00:00-04:00,14.027836013229084,14.292834289454792,13.737192111381153,13.83122444152832,12200,0.0,0.0
2024-11-04 00:00:00-05:00,13.805579207088975,14.079126032939742,13.805579207088975,14.01073932647705,13300,0.0,0.0
2024-11-05 00:00:00-05:00,13.976546911827468,14.61767290199875,13.976546911827468,14.574930191040039,11300,0.0,0.0
2024-11-06 00:00:00-05:00,14.44670581817627,14.686060116410674,14.44670581817627,14.44670581817627,8300,0.0,0.0
2024-11-07 00:00:00-05:00,14.52364099007138,14.566383702271185,14.096223650879871,14.292835235595703,9600,0.0,0.0
2024-11-08 00:00:00-05:00,14.327027653375714,14.69460678100586,14.31847911198111,14.69460678100586,6200,0.0,0.0
2024-11-11 00:00:00-05:00,14.70315698857763,14.780092239379883,14.47235123617087,14.780092239379883,17800,0.0,0.0
2024-11-12 00:00:00-05:00,14.551850163662795,14.551850163662795,14.027835804794945,14.121868133544922,14200,0.0,0.0
2024-11-13 00:00:00-05:00,14.121869185621707,14.190255894225318,13.711548934000033,13.771387100219727,32000,0.0,0.0
2024-11-14 00:00:00-05:00,13.848320822533198,13.848320822533198,13.497837960586084,13.698723793029785,15600,0.0,0.0
2024-11-15 00:00:00-05:00,13.49783833285463,13.655983092926146,13.3354201171789,13.463644981384277,14500,0.0,0.0
2024-11-18 00:00:00-05:00,13.46364548977879,13.694451232344381,13.395258784255763,13.438000679016113,11700,0.0,0.0
2024-11-19 00:00:00-05:00,13.617515075869264,13.617515075869264,13.343967456802305,13.446547508239746,13000,0.0,0.0
2024-11-20 00:00:00-05:00,13.378161724205855,13.643160820007324,13.378161724205855,13.643160820007324,17700,0.0,0.0
2024-11-21 00:00:00-05:00,13.677353468951633,13.744885806060545,13.450822008637955,13.660256385803223,21600,0.0,0.0
2024-11-22 00:00:00-05:00,13.6602577692484,14.292835235595703,13.6602577692484,14.292835235595703,22300,0.0,0.0
2024-11-25 00:00:00-05:00,14.181708021645449,14.458673960001056,14.023564056243137,14.3184814453125,14900,0.0,0.0
2024-11-26 00:00:00-05:00,14.14323876389304,14.31847979466879,14.14323876389304,14.275738716125488,15500,0.0,0.0
2024-11-27 00:00:00-05:00,14.335577154326788,14.438156396993085,14.18683611113329,14.423624038696289,9600,0.0,0.0
2024-11-29 00:00:00-05:00,14.463802649461055,14.70315694349728,14.412513025906055,14.666398048400879,6300,0.0,0.0
2024-12-02 00:00:00-05:00,14.367833582602138,14.875654573413708,14.367833582602138,14.534189224243164,11700,0.406,0.0
2024-12-03 00:00:00-05:00,14.577965214400239,14.577965214400239,14.078899994355524,14.218988418579102,8900,0.0,0.0
2024-12-04 00:00:00-05:00,14.188345937400534,14.188345937400534,14.01761325360668,14.043880462646484,9200,0.0,0.0
2024-12-05 00:00:00-05:00,14.087656478286794,14.157700694120987,14.03074503105094,14.131433486938477,13900,0.0,0.0
2024-12-06 00:00:00-05:00,14.113924841857438,14.140190381206112,14.008857674504824,14.017613410949707,15800,0.0,0.0
2024-12-09 00:00:00-05:00,14.122678406044185,14.122678406044185,14.008857176280706,14.061389923095703,7000,0.0,0.0
2024-12-10 00:00:00-05:00,14.008856185057471,14.092033167461365,14.008856185057471,14.023740768432617,1600,0.0,0.0
2024-12-11 00:00:00-05:00,14.035123981021457,14.035123981021457,13.658635688039226,14.008856773376465,27900,0.0,0.0
2024-12-12 00:00:00-05:00,13.746189796996948,13.99309635852429,13.693657054539477,13.784714698791504,11300,0.0,0.0
2024-12-13 00:00:00-05:00,13.69453303504491,13.728680071399845,13.417858123779297,13.417858123779297,11500,0.0,0.0
2024-12-16 00:00:00-05:00,13.439747218403605,13.439747218403605,12.91441475863159,12.975703239440918,47700,0.0,0.0
2024-12-17 00:00:00-05:00,12.975703306009587,13.343435862737975,12.931926296631438,13.185836791992188,21200,0.0,0.0
2024-12-18 00:00:00-05:00,13.115791897961195,13.247125432656137,12.958192825317383,12.958192825317383,31900,0.0,0.0
2024-12-19 00:00:00-05:00,12.958193867547468,13.049251525062004,12.581705540131056,12.844371795654297,27300,0.0,0.0
2024-12-20 00:00:00-05:00,12.678014279996546,13.124546765422775,12.678014279996546,12.889022827148438,22100,0.0,0.0
2024-12-23 00:00:00-05:00,12.87063743635828,12.87063743635828,12.66926051410918,12.711286544799805,17400,0.0,0.0
2024-12-24 00:00:00-05:00,12.625482611448735,12.642993248742895,12.485394173123622,12.616726875305176,12500,0.0,0.0
2024-12-26 00:00:00-05:00,12.292771440194077,12.686770358887603,12.292771440194077,12.599215507507324,19700,0.0,0.0
2024-12-27 00:00:00-05:00,12.447743679981656,12.607969624189863,12.27526004064253,12.467881202697754,22800,0.0,0.0
2024-12-30 00:00:00-05:00,12.38908205022865,12.502904108728107,12.108905189302545,12.494149208068848,24100,0.0,0.0
2024-12-31 00:00:00-05:00,12.397837501049338,12.74105464879439,11.99508285522461,11.99508285522461,109500,0.0,0.0
2025-01-02 00:00:00-05:00,12.161438970289426,12.498526448569637,12.161438970289426,12.459126472473145,20000,0.0,0.0
2025-01-03 00:00:00-05:00,12.590460642122599,12.791837565710008,12.47663857596725,12.713038444519043,31700,0.0,0.0
2025-01-06 00:00:00-05:00,12.730548664895245,12.809348618497317,12.091394970110334,12.44161605834961,43200,0.0,0.0
2025-01-07 00:00:00-05:00,12.248993623085225,12.434610876998365,12.030105241679157,12.170193672180176,30700,0.0,0.0
2025-01-08 00:00:00-05:00,12.065127396590768,12.205215827640828,11.925038965540708,11.960061073303223,26400,0.0,0.0
2025-01-10 00:00:00-05:00,11.951305012962443,12.108904911109086,11.916282906151288,11.99508285522461,16700,0.0,0.0
2025-01-13 00:00:00-05:00,12.126416445260318,12.511659622192383,12.063376151675698,12.511659622192383,55200,0.0,0.0
2025-01-14 00:00:00-05:00,12.520414778253723,12.749809860694553,12.467881202697754,12.467881202697754,21700,0.0,0.0
2025-01-15 00:00:00-05:00,12.642992740673353,12.90215700915444,12.642992740673353,12.783082008361816,18400,0.0,0.0
2025-01-16 00:00:00-05:00,12.791836987381117,13.02823684524509,12.791836987381117,12.870636940002441,18300,0.0,0.0
2025-01-17 00:00:00-05:00,12.914414309737076,13.028236366564414,12.914414309737076,12.971324920654297,9100,0.0,0.0
2025-01-21 00:00:00-05:00,13.133302422714552,13.2121023708497,13.045746739232635,13.211226463317871,16300,0.0,0.0
2025-01-22 00:00:00-05:00,13.150814513404846,13.282147209826537,13.133303041885732,13.194591522216797,11400,0.0,0.0
2025-01-23 00:00:00-05:00,13.133302383661642,13.273390808821837,13.063258171081543,13.063258171081543,10100,0.0,0.0
2025-01-24 00:00:00-05:00,13.068511915047624,13.395969422242857,13.068511915047624,13.128925323486328,8200,0.0,0.0
2025-01-27 00:00:00-05:00,13.107036317019448,13.251502613194317,13.080769110447363,13.133302688598633,22600,0.0,0.0
2025-01-28 00:00:00-05:00,13.133302688598633,13.308413224114702,13.028236367288992,13.133302688598633,9700,0.0,0.0
2025-01-29 00:00:00-05:00,13.317170559689078,13.317170559689078,13.142060003133576,13.168326377868652,5300,0.0,0.0
2025-01-30 00:00:00-05:00,13.251503470129652,13.258507391007479,13.04574784697388,13.1508150100708,16300,0.0,0.0
2025-01-31 00:00:00-05:00,13.271639841321363,13.317168663040821,13.133302396095765,13.26463508605957,9700,0.0,0.0
2025-02-03 00:00:00-05:00,13.264635233038621,13.367950573085801,13.06325832819704,13.198968887329102,11800,0.0,0.0
2025-02-04 00:00:00-05:00,13.255879617650555,13.492278616453243,13.255879617650555,13.382834434509277,7400,0.0,0.0
2025-02-05 00:00:00-05:00,13.43974788436585,13.597346962112415,13.43974788436585,13.527302742004395,15500,0.0,0.0
2025-02-06 00:00:00-05:00,13.623613983567207,13.746190949574276,13.546565008510653,13.658636093139648,7400,0.0,0.0
2025-02-07 00:00:00-05:00,13.73831062116322,13.746190449406539,13.61485775203678,13.702412605285645,6300,0.0,0.0
2025-02-10 00:00:00-05:00,13.737435184209954,13.88627935832444,13.702413074712013,13.763702392578125,5400,0.0,0.0
2025-02-11 00:00:00-05:00,13.711167506320644,13.79434532158687,13.671767532509952,13.690154075622559,3500,0.0,0.0
2025-02-12 00:00:00-05:00,13.614857106752792,13.78996763994398,13.614857106752792,13.772456169128418,3800,0.0,0.0
2025-02-13 00:00:00-05:00,13.684901738136253,13.851256541002202,13.614857522719756,13.842501640319824,10900,0.0,0.0
2025-02-14 00:00:00-05:00,14.227745859197473,14.227745859197473,13.746191216964503,13.833746910095215,17300,0.0,0.0
2025-02-18 00:00:00-05:00,13.956323963664769,13.956323963664769,13.614858595355502,13.719924926757812,7200,0.0,0.0
2025-02-19 00:00:00-05:00,13.75056759432027,14.061388684749252,13.75056759432027,13.88627815246582,10300,0.0,0.0
2025-02-20 00:00:00-05:00,13.785590889519876,13.965079304961938,13.785590889519876,13.913421630859375,7000,0.0,0.0
2025-02-21 00:00:00-05:00,13.965078530971352,14.061389117946113,13.79872372892533,13.995722770690918,10200,0.0,0.0
2025-02-24 00:00:00-05:00,14.04387971690312,14.04387971690312,13.886278976011965,14.008856773376465,3700,0.0,0.0
2025-02-25 00:00:00-05:00,14.008856968640227,14.096412658691406,14.008856968640227,14.096412658691406,4100,0.0,0.0
2025-02-26 00:00:00-05:00,14.183968381728992,14.183968381728992,13.88715510946085,14.030745506286621,7900,0.0,0.0
2025-02-27 00:00:00-05:00,14.052633659261916,14.183968026346447,13.903790325546773,14.170833587646484,28100,0.0,0.0
2025-02-28 00:00:00-05:00,14.070145450680286,14.225993543580135,13.930057014592755,14.096412658691406,5900,0.0,0.0
2025-03-03 00:00:00-05:00,14.335333949813085,14.416171579421984,14.146711100871045,14.31736946105957,25700,0.406,0.0
2025-03-04 00:00:00-05:00,14.299407250807949,14.299407250807949,13.919466670511426,13.931143760681152,9400,0.0,0.0
2025-03-05 00:00:00-05:00,14.281441554001427,14.290423798512686,13.940124828513389,13.949106216430664,5700,0.0,0.0
2025-03-06 00:00:00-05:00,14.092819782236246,14.115275395235278,13.598808288574219,13.598808288574219,24100,0.0,0.0
2025-03-07 00:00:00-05:00,13.71557423427506,13.874555512228506,13.122758929061401,13.167669296264648,18400,0.0,0.0
2025-03-10 00:00:00-04:00,13.158687708807648,13.54491568681682,13.131741829777303,13.345514297485352,24000,0.0,0.0
2025-03-11 00:00:00-04:00,13.32485493014089,13.4910230290333,13.293417930603027,13.293417930603027,8400,0.0,0.0
2025-03-12 00:00:00-04:00,13.332938672082125,13.461382372149798,13.321262439309063,13.33832836151123,4600,0.0,0.0
2025-03-13 00:00:00-04:00,13.661681652444802,14.047909612012994,13.338328549737437,13.715574264526367,18200,0.0,0.0
2025-03-14 00:00:00-04:00,13.571860453834452,14.011981010437012,13.571860453834452,14.011981010437012,24000,0.0,0.0
2025-03-17 00:00:00-04:00,13.967071344530217,14.01198171254745,13.747011483499197,13.832340240478516,31800,0.0,0.0
2025-03-18 00:00:00-04:00,13.778448455356372,13.962580192907843,13.616771473469607,13.742520332336426,5900,0.0,0.0
2025-03-19 00:00:00-04:00,13.769464829930826,13.877249188184237,13.683237514646883,13.809884071350098,17600,0.0,0.0
2025-03-20 00:00:00-04:00,13.922161206300569,13.922161206300569,13.643717605273181,13.717370986938477,17900,0.0,0.0
2025-03-21 00:00:00-04:00,13.733537417768021,13.733537417768021,13.661681175231934,13.661681175231934,3500,0.0,0.0
2025-03-24 00:00:00-04:00,13.643718425605691,13.814377665830069,13.38323929905793,13.724556922912598,49200,0.0,0.0
2025-03-25 00:00:00-04:00,13.712879388445584,13.778448233315187,13.517969131469727,13.517969131469727,19400,0.0,0.0
2025-03-26 00:00:00-04:00,13.302399879359593,13.494615284111832,13.023956298828125,13.023956298828125,21900,0.0,0.0
2025-03-27 00:00:00-04:00,12.925154299930359,13.18114227181164,12.763477325439453,12.763477325439453,25000,0.0,0.0
2025-03-28 00:00:00-04:00,13.04192077469414,13.04192077469414,12.673656463623047,12.673656463623047,36600,0.0,0.0
2025-03-31 00:00:00-04:00,12.682639219324946,12.981741288483963,12.026950770352332,12.224555015563965,184800,0.0,0.0
2025-04-01 00:00:00-04:00,12.413177436096316,12.844315747002685,12.413177436096316,12.71856689453125,32000,0.0,0.0
2025-04-02 00:00:00-04:00,12.725752645287859,12.934135402028993,12.531740108866986,12.844315528869629,16200,0.0,0.0
2025-04-03 00:00:00-04:00,12.601800884267067,12.925154846933484,12.601800884267067,12.754495620727539,18500,0.0,0.0
2025-04-04 00:00:00-04:00,12.628746864497387,12.687129739494601,11.95509395797555,12.035931587219238,45300,0.0,0.0
2025-04-07 00:00:00-04:00,11.685633400182775,12.107788632894117,11.685633400182775,11.856291770935059,54500,0.0,0.0
2025-04-08 00:00:00-04:00,11.928148413292087,12.278448267955403,11.928148413292087,12.215574264526367,14200,0.0,0.0
2025-04-09 00:00:00-04:00,12.165273692015145,12.556890487670898,12.000004155749853,12.556890487670898,19700,0.0,0.0
2025-04-10 00:00:00-04:00,12.440124097727413,12.637728334851214,12.338627134528249,12.43114185333252,11700,0.0,0.0
2025-04-11 00:00:00-04:00,12.467070230327407,12.691621205247005,12.350303620577936,12.502998352050781,9000,0.0,0.0
2025-04-14 00:00:00-04:00,12.485034339525647,12.715872723144564,12.449106216430664,12.449106216430664,15600,0.0,0.0
2025-04-15 00:00:00-04:00,12.628747495708497,12.736531863348002,12.413177903835477,12.422160148620605,7700,0.0,0.0
2025-04-16 00:00:00-04:00,12.39521368654422,12.574854290808403,12.39521368654422,12.50389575958252,10300,0.0,0.0
2025-04-17 00:00:00-04:00,12.637729929674535,12.664676666259766,12.37725080550919,12.664676666259766,9700,0.0,0.0
2025-04-21 00:00:00-04:00,12.519165801887594,12.591920612981205,12.395214080810547,12.395214080810547,11900,0.0,0.0
2025-04-22 00:00:00-04:00,12.583837063472705,12.72754955291748,12.404196451666737,12.72754955291748,3900,0.0,0.0
2025-04-23 00:00:00-04:00,12.799406204083798,13.023957190120356,12.611681908689345,12.979046821594238,39800,0.0,0.0
2025-04-24 00:00:00-04:00,12.999705626853041,12.999705626853041,12.763478401618698,12.853299140930176,10900,0.0,0.0
2025-04-25 00:00:00-04:00,12.844316338137254,12.889226705843535,12.754495602724694,12.879345893859863,2700,0.0,0.0
2025-04-28 00:00:00-04:00,12.8892266600056,12.8892266600056,12.574854943773651,12.709585189819336,19400,0.0,0.0
2025-04-29 00:00:00-04:00,12.754494852034169,12.997010309417956,12.754494852034169,12.96557331085205,19700,0.0,0.0
2025-04-30 00:00:00-04:00,12.844316572609918,12.979046821594238,12.844316572609918,12.979046821594238,6300,0.0,0.0
2025-05-01 00:00:00-04:00,13.014974530302812,13.023956775040574,12.871262040874646,12.970064163208008,5400,0.0,0.0
2025-05-02 00:00:00-04:00,12.934135729302408,13.2826392787058,12.925154341374988,13.203597068786621,15900,0.0,0.0
2025-05-05 00:00:00-04:00,13.104795422078958,13.329346403659216,13.104795422078958,13.257490158081055,4700,0.0,0.0
2025-05-06 00:00:00-04:00,13.32934665146184,13.474855422973633,13.293418528004828,13.474855422973633,5300,0.0,0.0
2025-05-07 00:00:00-04:00,13.338328706492947,13.553897444164608,13.338328706492947,13.544915199279785,6800,0.0,0.0
2025-05-08 00:00:00-04:00,13.562878586175659,13.634734826223179,13.212578773498535,13.212578773498535,9200,0.0,0.0
2025-05-09 00:00:00-04:00,13.473058221052648,13.549405585235705,13.383237490274709,13.41916561126709,11200,0.0,0.0
2025-05-12 00:00:00-04:00,13.392220211303114,13.634735679078343,13.32934621147724,13.473058700561523,10000,0.0,0.0
2025-05-13 00:00:00-04:00,13.473058764270025,13.517969131469727,13.365274396947145,13.517969131469727,21200,0.0,0.0
2025-05-14 00:00:00-04:00,13.404795011268288,13.494615745242966,13.365274333748312,13.473058700561523,7800,0.0,0.0
2025-05-15 00:00:00-04:00,13.508986886710986,13.562879498669428,13.473058764270025,13.517969131469727,5800,0.0,0.0
2025-05-16 00:00:00-04:00,13.562878925630262,13.607788434338504,13.473058195025835,13.571860313415527,47200,0.0,0.0
2025-05-19 00:00:00-04:00,13.607789641697385,13.821562108645276,13.383238651856873,13.643717765808105,12200,0.0,0.0
2025-05-20 00:00:00-04:00,13.760484028411055,13.904196521147353,13.684136659570642,13.787430763244629,9100,0.0,0.0
2025-05-21 00:00:00-04:00,13.751502965141896,13.795514767178858,13.275454250956725,13.279945373535156,17100,0.0,0.0
2025-05-22 00:00:00-04:00,13.266472842954498,13.447011173416238,13.26108315323066,13.356292724609375,7700,0.0,0.0
2025-05-23 00:00:00-04:00,13.356293384613995,13.47126372967133,13.356293384613995,13.437131881713867,6000,0.0,0.0
2025-05-27 00:00:00-04:00,13.374256450708646,13.428148205303456,13.374256450708646,13.383237838745117,5700,0.0,0.0
2025-05-28 00:00:00-04:00,13.464075310387425,13.566470835615966,13.383236828006359,13.446111679077148,15200,0.0,0.0
2025-05-29 00:00:00-04:00,13.535933243273693,13.589825857138774,13.420963761351583,13.46407699584961,17900,0.0,0.0
2025-05-30 00:00:00-04:00,13.39311871199964,13.489225988886334,12.754495335300161,12.835333824157715,54400,0.0,0.0
2025-06-02 00:00:00-04:00,13.182933430840842,13.358582223258649,13.127464880705238,13.176462173461914,26400,0.406,0.0
2025-06-03 00:00:00-04:00,13.247647289212347,13.432541004855093,13.201423639890967,13.303115844726562,9600,0.0,0.0
2025-06-04 00:00:00-04:00,13.28462540965619,13.497253833910989,13.22915773838467,13.378921508789062,9400,0.0,0.0
2025-06-05 00:00:00-04:00,13.303115840959935,13.43716345414693,13.192179611605697,13.247647285461426,11200,0.0,0.0
2025-06-06 00:00:00-04:00,13.349337712668119,13.349337712668119,13.136710174420621,13.192178726196289,7100,0.0,0.0
2025-06-09 00:00:00-04:00,13.293870969093124,13.367828455520232,13.192179645666545,13.219913482666016,4200,0.0,0.0
2025-06-10 00:00:00-04:00,13.247647200413313,13.395562171936035,13.201423551401769,13.395562171936035,16500,0.0,0.0
2025-06-11 00:00:00-04:00,13.497254419174736,13.700637064846312,13.32160472869873,13.32160472869873,11900,0.0,0.0
2025-06-12 00:00:00-04:00,13.256891263890369,13.314208620287104,13.219912523360184,13.266136169433594,14500,0.0,0.0
2025-06-13 00:00:00-04:00,13.210668428294314,13.495404659681087,13.192179497716282,13.478764533996582,12300,0.0,0.0
2025-06-16 00:00:00-04:00,13.488009427376694,13.497254333478372,13.321604644117594,13.46951961517334,8900,0.0,0.0
2025-06-17 00:00:00-04:00,13.46951957754221,13.746860588318283,13.46951957754221,13.598945617675781,21500,0.0,0.0
2025-06-18 00:00:00-04:00,13.516668056864487,13.589700698852539,13.515743213600663,13.589700698852539,2000,0.0,0.0
2025-06-20 00:00:00-04:00,13.561966910835283,13.592474395651944,13.312359735984717,13.520365715026855,14000,0.0,0.0
2025-06-23 00:00:00-04:00,13.58045669889372,13.719127654225398,13.526837827083545,13.66365909576416,12700,0.0,0.0
2025-06-24 00:00:00-04:00,13.63592429755102,13.855947947615075,13.256891966614138,13.709881782531738,11700,0.0,0.0
2025-06-25 00:00:00-04:00,13.663657115949617,13.818043332302716,13.552720896744228,13.811572074890137,15100,0.0,0.0
2025-06-26 00:00:00-04:00,13.839306714735985,14.218339015345109,13.830061809442423,14.00571060180664,77900,0.0,0.0
2025-06-27 00:00:00-04:00,13.867042461704349,14.217416133217329,13.867042461704349,14.024202346801758,25800,0.0,0.0
2025-06-30 00:00:00-04:00,14.005712579874302,14.082443717690985,13.896625150603072,13.950244903564453,6000,0.0,0.0
2025-07-01 00:00:00-04:00,13.959488897319622,14.310786508690665,13.820817952327383,13.876286506652832,16700,0.0,0.0
2025-07-02 00:00:00-04:00,13.848551746226848,14.05193526927316,13.668280488096457,14.001090049743652,9300,0.0,0.0
2025-07-03 00:00:00-04:00,14.061180218333055,14.227584999666636,13.86704160065813,13.876286506652832,17800,0.0,0.0
2025-07-07 00:00:00-04:00,13.959488701224325,14.08706505191659,13.82081775818006,13.893851280212402,21100,0.0,0.0
2025-07-08 00:00:00-04:00,13.968732916679008,14.076896377164282,13.820817947387695,13.820817947387695,18100,0.0,0.0
2025-07-09 00:00:00-04:00,13.811573000235901,13.931754132837627,13.811573000235901,13.894775390625,8900,0.0,0.0
2025-07-10 00:00:00-04:00,13.950243994311691,13.982600283657312,13.72837154024792,13.7745943069458,6600,0.0,0.0
2025-07-11 00:00:00-04:00,13.626678456973597,13.719125747680664,13.600793427169867,13.719125747680664,16300,0.0,0.0
2025-07-14 00:00:00-04:00,13.727446831405198,13.727446831405198,13.478764500173153,13.506498336791992,16100,0.0,0.0
2025-07-15 00:00:00-04:00,13.543477195584298,13.635924493963195,13.266137063733169,13.275381088256836,21200,0.0,0.0
2025-07-16 00:00:00-04:00,13.201423639890967,13.381695784080076,12.97030627492684,13.303115844726562,15000,0.0,0.0
2025-07-17 00:00:00-04:00,13.497253436656992,13.497253436656992,13.06460138158789,13.460274696350098,19700,0.0,0.0
2025-07-18 00:00:00-04:00,13.354885831905229,13.48708463945921,13.312359792648655,13.404807090759277,10500,0.0,0.0
2025-07-21 00:00:00-04:00,13.488009448609295,13.506498379198984,13.377073220142853,13.432540893554688,13900,0.0,0.0
2025-07-22 00:00:00-04:00,13.387242045852487,13.506498336791992,13.386317202586659,13.506498336791992,19700,0.0,0.0
2025-07-23 00:00:00-04:00,13.506498409248616,13.506498409248616,13.312359788589722,13.34933853149414,9700,0.0,0.0
2025-07-24 00:00:00-04:00,13.238402383019515,13.349338612405163,13.238402383019515,13.303115844726562,6700,0.0,0.0
2025-07-25 00:00:00-04:00,13.327151246295982,13.349337785484549,13.270757850998644,13.341017723083496,11400,0.0,0.0
2025-07-28 00:00:00-04:00,13.340094590436388,13.340094590436388,13.127466156174002,13.252269744873047,22500,0.0,0.0
2025-07-29 00:00:00-04:00,13.349338548186784,13.50649842613778,13.349338548186784,13.41405200958252,16000,0.0,0.0
2025-07-30 00:00:00-04:00,13.238402327908114,13.63592447611722,13.238402327908114,13.367828369140625,16500,0.0,0.0
2025-07-31 00:00:00-04:00,13.49725343399864,13.49725343399864,13.239326213464295,13.358582496643066,7200,0.0,0.0
2025-08-01 00:00:00-04:00,13.65441330337197,13.904019580032825,13.358582499274105,13.460274696350098,6100,0.0,0.0
2025-08-04 00:00:00-04:00,13.377073141069497,13.672903081897996,13.377073141069497,13.635924339294434,7800,0.0,0.0
2025-08-05 00:00:00-04:00,13.601718306921368,13.719125784550691,13.601718306921368,13.64516830444336,4200,0.0,0.0
2025-08-06 00:00:00-04:00,13.728372399158,13.77644485537706,13.65349006652832,13.65349006652832,5000,0.0,0.0
2025-08-07 00:00:00-04:00,13.645169330273706,13.903095686840524,13.321604669246828,13.488009452819824,19300,0.0,0.0
2025-08-08 00:00:00-04:00,13.571211751992315,13.793084207480339,13.571211751992315,13.682147979736328,12600,0.0,0.0
2025-08-11 00:00:00-04:00,13.820816984410065,13.913264274597168,13.774593339316512,13.913264274597168,19100,0.0,0.0
2025-08-12 00:00:00-04:00,13.793084207480339,13.876286598699041,13.682147979736328,13.682147979736328,14400,0.0,0.0
2025-08-13 00:00:00-04:00,13.76535040046998,13.834685432753306,13.561966875015157,13.598945617675781,61000,0.0,0.0
2025-08-14 00:00:00-04:00,14.001090113612596,14.014956590982646,13.635924261060088,13.83930778503418,9100,0.0,0.0
2025-08-15 00:00:00-04:00,13.959488822438082,14.024201400768339,13.77644391661014,13.977977752685547,12700,0.0,0.0
2025-08-18 00:00:00-04:00,14.005711651050781,14.005711651050781,13.395561962249122,13.86704158782959,51600,0.0,0.0
2025-08-19 00:00:00-04:00,13.987222679217721,14.014956515451114,13.497254124761573,13.940999031066895,87400,0.0,0.0
2025-08-20 00:00:00-04:00,13.543476871335702,14.033446306713449,13.543476871335702,13.977977752685547,24300,0.0,0.0
2025-08-21 00:00:00-04:00,14.03252153078395,14.123120022523718,13.728371529529806,13.922510147094727,24000,0.0,0.0
2025-08-22 00:00:00-04:00,13.96873282628908,14.218339996585064,13.765350185650972,14.0149564743042,46100,0.0,0.0
2025-08-25 00:00:00-04:00,14.107403346781412,14.183209633530295,13.904019830606822,14.179512023925781,14100,0.0,0.0
2025-08-26 00:00:00-04:00,14.23682921388901,14.240527705321872,13.964110654907516,14.215566635131836,16400,0.0,0.0
2025-08-27 00:00:00-04:00,14.172117187966178,14.246074676513672,13.983525856662913,14.246074676513672,5300,0.0,0.0
2025-08-28 00:00:00-04:00,14.32927705093162,14.338521957397461,13.772746201015762,14.338521957397461,35500,0.0,0.0
2025-08-29 00:00:00-04:00,14.181361259861898,14.440212454544543,14.070425033569336,14.070425033569336,26200,0.0,0.0
2025-09-02 00:00:00-04:00,14.304077383329984,14.437049630830172,14.256586906734702,14.370563507080078,14700,0.406,0.0
2025-09-03 00:00:00-04:00,14.370563347171608,14.370563347171608,14.076123120201643,14.365814208984375,16000,0.0,0.0
2025-09-04 00:00:00-04:00,14.323073272087509,14.323073272087509,14.114115715026855,14.114115715026855,9000,0.0,0.0
2025-09-05 00:00:00-04:00,14.133112145442027,14.304077500260417,14.133112145442027,14.228092193603516,4900,0.0,0.0
2025-09-08 00:00:00-04:00,14.256586394881367,14.323072516244414,14.237589842603086,14.266084671020508,6500,0.0,0.0
2025-09-09 00:00:00-04:00,14.133111472526108,14.456045613671517,14.123613196420546,14.211945533752441,9800,0.0,0.0
2025-09-10 00:00:00-04:00,14.389558875830442,14.52253202656341,14.246138164654736,14.332571029663086,6200,0.0,0.0
2025-09-11 00:00:00-04:00,14.370563740890825,14.655505699293055,14.22334407627512,14.437049865722656,31100,0.0,0.0
2025-09-12 00:00:00-04:00,14.335420060227605,14.589017504335132,14.22809117327119,14.342068672180176,33600,0.0,0.0
2025-09-15 00:00:00-04:00,14.380061267273788,14.5795205371684,14.057127124986756,14.266084671020508,38800,0.0,0.0
2025-09-16 00:00:00-04:00,14.247088474749651,14.570022625106189,14.15210752259579,14.541528701782227,21400,0.0,0.0
2025-09-17 00:00:00-04:00,14.428502016178896,14.721992066053103,14.399057901610794,14.532031059265137,25500,0.0,0.0
2025-09-18 00:00:00-04:00,14.532030696996827,14.674501222084778,14.532030696996827,14.551026344299316,6900,0.0,0.0
2025-09-19 00:00:00-04:00,14.617512387138868,14.816971652274288,14.532029715537197,14.755233764648438,10400,0.0,0.0
2025-09-22 00:00:00-04:00,14.78847713739711,14.816971965737459,14.532030022972226,14.589017868041992,6600,0.0,0.0
2025-09-23 00:00:00-04:00,14.709644107805357,15.016431363612835,14.598516269098916,14.797975540161133,18900,0.0,0.0
2025-09-24 00:00:00-04:00,14.864462385167341,14.99743554094733,14.636509180234947,14.731490135192871,11500,0.0,0.0
2025-09-25 00:00:00-04:00,14.769481772459622,14.769481772459622,14.627010345458984,14.627010345458984,2800,0.0,0.0
2025-09-26 00:00:00-04:00,14.740987533465692,14.769481455932969,14.64600658416748,14.64600658416748,2700,0.0,0.0
2025-09-29 00:00:00-04:00,14.619413001995756,14.759033864422141,14.532030849553747,14.702995300292969,7300,0.0,0.0
2025-09-30 00:00:00-04:00,14.674500653527971,14.702994576280476,14.152107238769531,14.152107238769531,27700,0.0,0.0
2025-10-01 00:00:00-04:00,14.266085515946163,14.721991927960882,14.266085515946163,14.39810848236084,37000,0.0,0.0
2025-10-02 00:00:00-04:00,14.574771172593227,14.674500353087913,14.475041086293087,14.483589172363281,21500,0.0,0.0
2025-10-03 00:00:00-04:00,14.57002266164851,14.58901830864363,14.484539985656738,14.484539985656738,6400,0.0,0.0
2025-10-06 00:00:00-04:00,14.57002261977236,14.902454140578193,14.522532143712816,14.835968017578125,30300,0.0,0.0
2025-10-07 00:00:00-04:00,14.902453741336886,14.902453741336886,14.764732360839844,14.764732360839844,11600,0.0,0.0
2025-10-08 00:00:00-04:00,14.824571088750957,15.101914252415117,13.819676762571687,14.361065864562988,310800,0.0,0.0
2025-10-09 00:00:00-04:00,14.36296409551769,14.451296432586554,13.895659963342194,14.000138282775879,34200,0.0,0.0
2025-10-10 00:00:00-04:00,14.057126525457313,14.394307161767001,14.057126525457313,14.190098762512207,22000,0.0,0.0
2025-10-13 00:00:00-04:00,14.275582794691154,14.389559396959095,14.114115715026855,14.114115715026855,8600,0.0,0.0
2025-10-14 00:00:00-04:00,14.294578747119417,14.424702233045334,14.105567035465082,14.389558792114258,7000,0.0,0.0
2025-10-15 00:00:00-04:00,14.152107444667047,14.389558917938679,14.085621322008747,14.3040771484375,31100,0.0,0.0
2025-10-16 00:00:00-04:00,14.294578866178073,14.408555464604474,14.114115239315492,14.275582313537598,12700,0.0,0.0
2025-10-17 00:00:00-04:00,14.066625476802969,14.342069145681625,13.867166205835288,14.180602073669434,19800,0.0,0.0
2025-10-20 00:00:00-04:00,14.199598195028537,14.435150198750776,14.16635513305664,14.16635513305664,13800,0.0,0.0
2025-10-21 00:00:00-04:00,14.25658698593574,14.351567033848456,14.114115555358408,14.285080909729004,20500,0.0,0.0
2025-10-22 00:00:00-04:00,14.266084943022845,14.294578866178073,14.104617868800739,14.275582313537598,21300,0.0,0.0
2025-10-23 00:00:00-04:00,14.247087880558645,14.484539345234623,14.152106932366072,14.465542793273926,15800,0.0,0.0
2025-10-24 00:00:00-04:00,14.293629033724633,14.293629033724633,14.171104345867723,14.228092193603516,4900,0.0,0.0
2025-10-27 00:00:00-04:00,14.275582159541667,14.465543154869822,14.180602114780328,14.446547508239746,5300,0.0,0.0
2025-10-28 00:00:00-04:00,14.484540429459566,14.484540429459566,14.304077701351876,14.380062103271484,12000,0.0,0.0
2025-10-29 00:00:00-04:00,14.465543709387955,14.602315812428307,14.465543709387955,14.52253246307373,5700,0.0,0.0
2025-10-30 00:00:00-04:00,14.532029660686081,14.607063866178601,14.304076474478995,14.342068672180176,9000,0.0,0.0
2025-10-31 00:00:00-04:00,14.418053466024883,14.532030062278164,14.266084671020508,14.266084671020508,10000,0.0,0.0
2025-11-03 00:00:00-05:00,14.266084276777814,14.38955823995257,14.17585246756047,14.342068672180176,15800,0.0,0.0
2025-11-04 00:00:00-05:00,14.266084062579129,14.532029442494347,14.104616998322102,14.190098762512207,19700,0.0,0.0
2025-11-05 00:00:00-05:00,14.199598111837346,14.446547864761072,14.066625864728799,14.399057388305664,13900,0.0,0.0
2025-11-06 00:00:00-05:00,14.437049430248408,14.437049430248408,14.15210748044107,14.247088432312012,8100,0.0,0.0
2025-11-07 00:00:00-05:00,14.247088778584354,14.264184951782227,14.209096578073682,14.264184951782227,5300,0.0,0.0
2025-11-10 00:00:00-05:00,14.712493221622283,14.712493221622283,14.294579022812798,14.42755126953125,10800,0.0,0.0
2025-11-11 00:00:00-05:00,14.49403849658634,14.551026344299316,14.308825727005393,14.551026344299316,8600,0.0,0.0
2025-11-12 00:00:00-05:00,14.446547785861007,14.532030461852777,14.380061662669847,14.484539985656738,9800,0.0,0.0
2025-11-13 00:00:00-05:00,14.4370495094607,14.579520938048816,14.4370495094607,14.484539985656738,28900,0.0,0.0
2025-11-14 00:00:00-05:00,14.589018507365434,14.721991661364514,14.304077457918913,14.608015060424805,30800,0.0,0.0
2025-11-17 00:00:00-05:00,14.503536617668663,14.745736326560802,14.313574711847028,14.399057388305664,25900,0.0,0.0
2025-11-18 00:00:00-05:00,14.411404455629969,14.475040911231588,14.275581646849028,14.342068672180176,127000,0.0,0.0
2025-11-19 00:00:00-05:00,14.247088957514777,14.446548239152204,13.99064092149286,14.057127952575684,107800,0.0,0.0
2025-11-20 00:00:00-05:00,14.00013895937294,14.3734132561615,13.962146759033203,13.962146759033203,24000,0.0,0.0
2025-11-21 00:00:00-05:00,13.952648127006903,14.304077103452535,13.867166357774556,14.009636878967285,57900,0.0,0.0
2025-11-24 00:00:00-05:00,14.427551840135457,14.427551840135457,14.047629826191972,14.209096908569336,20200,0.0,0.0
2025-11-25 00:00:00-05:00,14.066626264361306,14.285081194134788,14.066626264361306,14.175853729248047,21400,0.0,0.0
2025-11-26 00:00:00-05:00,14.216695353912638,14.28508095238176,14.152107797940317,14.256587028503418,9500,0.0,0.0
2025-11-28 00:00:00-05:00,14.294579531779188,14.693498097749252,14.286980729208077,14.560524940490723,21400,0.0,0.0
2025-12-01 00:00:00-05:00,14.449301564846266,14.634673688841358,14.293197597256063,14.420031547546387,16500,0.406,0.0
2025-12-02 00:00:00-05:00,14.429787665509455,14.537108266809357,14.254171290248287,14.302953720092773,76600,0.0,0.0
2025-12-03 00:00:00-05:00,14.449301550690459,14.449301550690459,14.2151460647583,14.2151460647583,30800,0.0,0.0
2025-12-04 00:00:00-05:00,14.215145267573384,14.376126631747196,14.215145267573384,14.244415283203125,3300,0.0,0.0
2025-12-05 00:00:00-05:00,14.293196886821516,14.423934057855444,14.244415387974694,14.400518417358398,17100,0.0,0.0
2025-12-08 00:00:00-05:00,14.29319750004443,14.488327225593185,14.263928413391113,14.263928413391113,19800,0.0,0.0
2025-12-09 00:00:00-05:00,14.244415849742676,14.419056189310652,13.943916671034918,14.029773712158203,52200,0.0,0.0
2025-12-10 00:00:00-05:00,14.293196943957872,14.293196943957872,14.04928572695895,14.1468505859375,21100,0.0,0.0
2025-12-11 00:00:00-05:00,14.098068048526862,14.360516568113704,14.02489487007682,14.322466850280762,34800,0.0,0.0
2025-12-12 00:00:00-05:00,14.341979236053437,14.468813179331523,14.283441065585054,14.449300765991211,6900,0.0,0.0
2025-12-15 00:00:00-05:00,14.517595914532917,14.517595914532917,13.902939528966996,14.049285888671875,52600,0.0,0.0
2025-12-16 00:00:00-05:00,14.203437863051326,14.537108421325684,14.203437863051326,14.537108421325684,26800,0.0,0.0
2025-12-17 00:00:00-05:00,14.537108074550755,14.546864746480107,14.13709382992173,14.527352333068848,22000,0.0,0.0
2025-12-18 00:00:00-05:00,14.537108476084653,14.537108476084653,14.35173635654395,14.41027545928955,18400,0.0,0.0
2025-12-19 00:00:00-05:00,14.34197986481287,14.537108659007759,14.34197986481287,14.517596244812012,34300,0.0,0.0
2025-12-22 00:00:00-05:00,14.537107990785078,14.566378006404479,14.498082233739984,14.538084030151367,12900,0.0,0.0
2025-12-23 00:00:00-05:00,14.488327026367188,14.60540430181804,14.443446892364916,14.488327026367188,7800,0.0,0.0
2025-12-24 00:00:00-05:00,14.546864642895148,14.576133728027344,14.488326472630758,14.576133728027344,2200,0.0,0.0
2025-12-26 00:00:00-05:00,14.478570354134414,14.488327026367188,14.140997496728744,14.488327026367188,9200,0.0,0.0
2025-12-29 00:00:00-05:00,14.468813420032763,14.468813420032763,14.254171287033902,14.366371154785156,30000,0.0,0.0
2025-12-30 00:00:00-05:00,14.400518445885325,14.410275117852995,14.244415416192385,14.27368450164795,20100,0.0,0.0
2025-12-31 00:00:00-05:00,14.244415283203125,14.54686466779759,14.244415283203125,14.244415283203125,51700,0.0,0.0
2026-01-02 00:00:00-05:00,14.185876646704884,14.624916660599244,14.185876646704884,14.61515998840332,14900,0.0,0.0
2026-01-05 00:00:00-05:00,14.68345595248954,14.690285437025173,14.439544727134058,14.517596244812012,18400,0.0,0.0
2026-01-06 00:00:00-05:00,14.585891007530021,14.768336871031126,14.459057059410066,14.566378593444824,25900,0.0,0.0
2026-01-07 00:00:00-05:00,14.52735257722801,14.63467317891228,14.38100528717041,14.38100528717041,40100,0.0,0.0
2026-01-08 00:00:00-05:00,14.488327191647349,14.683455986291431,14.390762329101562,14.390762329101562,19000,0.0,0.0
2026-01-09 00:00:00-05:00,14.44149542694745,14.57613396510335,14.439544278633228,14.556621551513672,14500,0.0,0.0
2026-01-12 00:00:00-05:00,14.449301163209247,14.546865093487778,14.449301163209247,14.537108421325684,8800,0.0,0.0
2026-01-13 00:00:00-05:00,14.507838936459592,14.644429551631557,14.420030750309575,14.449300765991211,18600,0.0,0.0
2026-01-14 00:00:00-05:00,14.527352385325788,14.654186329521282,14.47856995595099,14.605403900146484,21200,0.0,0.0
2026-01-15 00:00:00-05:00,14.58589068877318,14.712724634121333,14.58589068877318,14.634673118591309,16100,0.0,0.0
2026-01-16 00:00:00-05:00,14.69321260813184,14.849315643310547,14.69321260813184,14.849315643310547,16900,0.0,0.0
2026-01-20 00:00:00-05:00,14.839559004246427,14.839559004246427,14.693212641050387,14.722481727600098,23300,0.0,0.0
2026-01-21 00:00:00-05:00,14.771264158814606,14.843461301000392,14.693212641050387,14.722481727600098,13600,0.0,0.0
2026-01-22 00:00:00-05:00,14.765409783236173,14.781019900699519,14.683455968717988,14.722481727600098,24900,0.0,0.0
2026-01-23 00:00:00-05:00,14.849315775011641,14.878584861755371,14.704919628787929,14.878584861755371,17200,0.0,0.0
2026-01-26 00:00:00-05:00,14.927367390188678,15.102982842238488,14.810290112006307,15.034687995910645,19400,0.0,0.0
2026-01-27 00:00:00-05:00,14.94687893432179,15.102981962808581,14.888340763862965,15.049322128295898,49900,0.0,0.0
2026-01-28 00:00:00-05:00,15.122496020823181,15.17127845214114,14.985905399222393,15.13225269317627,13000,0.0,0.0
2026-01-29 00:00:00-05:00,15.093226729075404,15.239573090592764,15.024930953979492,15.024930953979492,19100,0.0,0.0
2026-01-30 00:00:00-05:00,15.073712904814968,15.610317764043451,15.024930475712843,15.190790176391602,21700,0.0,0.0
2026-02-02 00:00:00-05:00,15.28835524354512,15.512753117855365,15.22006040013721,15.298111915588379,14100,0.0,0.0
2026-02-03 00:00:00-05:00,15.415189404575916,15.415189404575916,15.063956649680984,15.27859878540039,8300,0.0,0.0
2026-02-04 00:00:00-05:00,15.307867500796128,15.493240545934441,15.268841743469238,15.268841743469238,11800,0.0,0.0
2026-02-05 00:00:00-05:00,15.610317977393054,15.610317977393054,15.278598571501858,15.298111915588379,23700,0.0,0.0
2026-02-06 00:00:00-05:00,15.28835539599237,15.532266616821289,15.270794130497357,15.532266616821289,22500,0.0,0.0
2026-02-09 00:00:00-05:00,15.49324090917338,15.610318183898926,15.49324090917338,15.610318183898926,26700,0.0,0.0
2026-02-10 00:00:00-05:00,15.639588200415915,15.688369700382623,15.522509995242899,15.610318183898926,11800,0.0,0.0
2026-02-11 00:00:00-05:00,15.70788293231705,15.854229292064817,15.54104718897503,15.785934448242188,16300,0.0,0.0
2026-02-12 00:00:00-05:00,15.785934712432033,15.85422955739763,15.69812652293485,15.844472885131836,8600,0.0,0.0
2026-02-13 00:00:00-05:00,15.873743057250977,15.942037902884827,15.586902844693833,15.873743057250977,34300,0.0,0.0
2026-02-17 00:00:00-05:00,16.146921891529196,16.32253826627901,15.87374251826941,16.293270111083984,33800,0.0,0.0
2026-02-18 00:00:00-05:00,16.322538167025197,16.322538167025197,15.92252392070298,16.010332107543945,19200,0.0,0.0
2026-02-19 00:00:00-05:00,16.04935927170315,16.07862742758876,15.961551082256413,15.971307754516602,10500,0.0,0.0
2026-02-20 00:00:00-05:00,16.058138817640987,16.0981406152495,15.903010893736983,15.942037582397461,17900,0.0,0.0
2026-02-23 00:00:00-05:00,15.90301127323242,15.98106279152099,15.678613390764651,15.824959754943848,12300,0.0,0.0
2026-02-24 00:00:00-05:00,15.790812331998534,15.854229772137682,15.756664909053221,15.824959754943848,34300,0.0,0.0
2026-02-25 00:00:00-05:00,15.854229511302725,15.854229511302725,15.707883149531229,15.842522621154785,15000,0.0,0.0
2026-02-26 00:00:00-05:00,15.8542290221114,16.283513282837603,15.756664163642505,16.263999938964844,34000,0.0,0.0
2026-02-27 00:00:00-05:00,16.100000381469727,16.280000686645508,15.680000305175781,16.030000686645508,38900,0.406,0.0
2026-03-02 00:00:00-05:00,15.6899995803833,16.450000762939453,15.6899995803833,16.030000686645508,42000,0.0,0.0
2026-03-03 00:00:00-05:00,15.529999732971191,16.14699935913086,14.949999809265137,15.850000381469727,11300,0.0,0.0
2026-03-04 00:00:00-05:00,15.850000381469727,16.0,15.729999542236328,15.729999542236328,22000,0.0,0.0
2026-03-05 00:00:00-05:00,15.720000267028809,15.925000190734863,15.470000267028809,15.604999542236328,100400,0.0,0.0
2026-03-06 00:00:00-05:00,15.609999656677246,15.899999618530273,15.609999656677246,15.694000244140625,10600,0.0,0.0
2026-03-09 00:00:00-04:00,15.479999542236328,15.649999618530273,15.210000038146973,15.5,38100,0.0,0.0
2026-03-10 00:00:00-04:00,15.600000381469727,16.190000534057617,15.34000015258789,15.444999694824219,23500,0.0,0.0
2026-03-11 00:00:00-04:00,15.682000160217285,15.855999946594238,15.399999618530273,15.585000038146973,10300,0.0,0.0
2026-03-12 00:00:00-04:00,15.789999961853027,15.789999961853027,15.270000457763672,15.34000015258789,39800,0.0,0.0
2026-03-13 00:00:00-04:00,15.489999771118164,15.579000473022461,15.300000190734863,15.300000190734863,4700,0.0,0.0
2026-03-16 00:00:00-04:00,15.414999961853027,15.498000144958496,15.039999961853027,15.100000381469727,31300,0.0,0.0
2026-03-17 00:00:00-04:00,15.229999542236328,15.510000228881836,15.09000015258789,15.4399995803833,22300,0.0,0.0
2026-03-18 00:00:00-04:00,15.15999984741211,15.390000343322754,15.050000190734863,15.109999656677246,24500,0.0,0.0
2026-03-19 00:00:00-04:00,15.0,15.25,14.87600040435791,15.1899995803833,17700,0.0,0.0
2026-03-20 00:00:00-04:00,15.239999771118164,15.239999771118164,14.5600004196167,14.760000228881836,19700,0.0,0.0
2026-03-23 00:00:00-04:00,14.979999542236328,15.5,14.829999923706055,14.859999656677246,12900,0.0,0.0
2026-03-24 00:00:00-04:00,14.890000343322754,15.0,14.850000381469727,15.0,14100,0.0,0.0
2026-03-25 00:00:00-04:00,14.899999618530273,15.234999656677246,14.899999618530273,15.13700008392334,4500,0.0,0.0
2026-03-26 00:00:00-04:00,15.0,15.479999542236328,14.949999809265137,15.430000305175781,18900,0.0,0.0
2026-03-27 00:00:00-04:00,15.229999542236328,15.34000015258789,15.109999656677246,15.109999656677246,19400,0.0,0.0
2026-03-30 00:00:00-04:00,15.350000381469727,15.850000381469727,15.09000015258789,15.390000343322754,16500,0.0,0.0
2026-03-31 00:00:00-04:00,15.609999656677246,16.6299991607666,15.460000038146973,16.459999084472656,140900,0.0,0.0
2026-04-01 00:00:00-04:00,16.420000076293945,16.420000076293945,15.920000076293945,16.06999969482422,17600,0.0,0.0
2026-04-02 00:00:00-04:00,16.170000076293945,16.239999771118164,16.0,16.010000228881836,16300,0.0,0.0
2026-04-06 00:00:00-04:00,16.239999771118164,16.25,16.079999923706055,16.079999923706055,8900,0.0,0.0
2026-04-07 00:00:00-04:00,16.079999923706055,16.079999923706055,15.880000114440918,15.901000022888184,5000,0.0,0.0
2026-04-08 00:00:00-04:00,16.0,16.200000762939453,15.899999618530273,16.200000762939453,10900,0.0,0.0
2026-04-09 00:00:00-04:00,16.09000015258789,16.149999618530273,15.90999984741211,15.975000381469727,8100,0.0,0.0
2026-04-10 00:00:00-04:00,15.9399995803833,16.15999984741211,15.9399995803833,16.024999618530273,1500,0.0,0.0
2026-04-13 00:00:00-04:00,15.949999809265137,16.25,15.869999885559082,16.100000381469727,11300,0.0,0.0
2026-04-14 00:00:00-04:00,15.949999809265137,16.25,15.949999809265137,16.239999771118164,14800,0.0,0.0
2026-04-15 00:00:00-04:00,16.170000076293945,16.25,16.125,16.25,8400,0.0,0.0
2026-04-16 00:00:00-04:00,16.149999618530273,16.170000076293945,16.059999465942383,16.100000381469727,4400,0.0,0.0
2026-04-17 00:00:00-04:00,16.224000930786133,16.360000610351562,16.139999389648438,16.280000686645508,16500,0.0,0.0
2026-04-20 00:00:00-04:00,16.3700008392334,16.3700008392334,16.06999969482422,16.06999969482422,11300,0.0,0.0
2026-04-21 00:00:00-04:00,16.149999618530273,16.450000762939453,16.149999618530273,16.3700008392334,17200,0.0,0.0
2026-04-22 00:00:00-04:00,16.219999313354492,16.450000762939453,16.219999313354492,16.450000762939453,3000,0.0,0.0
2026-04-23 00:00:00-04:00,16.274999618530273,16.440000534057617,16.274999618530273,16.43400001525879,3100,0.0,0.0
2026-04-24 00:00:00-04:00,16.440000534057617,16.440000534057617,16.118000030517578,16.25,700,0.0,0.0
2026-04-27 00:00:00-04:00,16.110000610351562,16.123699188232422,16.097000122070312,16.123699188232422,6076,0.0,0.0
