Date,Open,High,Low,Close,Volume,Dividends,Stock Splits
2022-01-03 00:00:00-05:00,9.079999923706055,9.800000190734863,8.960000038146973,9.640000343322754,64275,0.0,0.0
2022-01-04 00:00:00-05:00,9.5600004196167,9.800000190734863,9.279999732971191,9.5600004196167,20025,0.0,0.0
2022-01-05 00:00:00-05:00,9.479999542236328,9.600000381469727,8.5600004196167,8.5600004196167,26650,0.0,0.0
2022-01-06 00:00:00-05:00,8.800000190734863,9.039999961853027,8.4399995803833,8.600000381469727,27600,0.0,0.0
2022-01-07 00:00:00-05:00,8.600000381469727,8.84000015258789,8.079999923706055,8.199999809265137,38675,0.0,0.0
2022-01-10 00:00:00-05:00,8.079999923706055,8.15999984741211,7.800000190734863,8.15999984741211,14400,0.0,0.0
2022-01-11 00:00:00-05:00,8.15999984741211,8.4399995803833,7.960000038146973,8.359999656677246,12875,0.0,0.0
2022-01-12 00:00:00-05:00,8.279999732971191,8.319999694824219,7.880000114440918,7.880000114440918,21075,0.0,0.0
2022-01-13 00:00:00-05:00,7.920000076293945,8.187999725341797,7.639999866485596,7.639999866485596,18625,0.0,0.0
2022-01-14 00:00:00-05:00,7.800000190734863,7.960000038146973,7.639999866485596,7.760000228881836,32225,0.0,0.0
2022-01-18 00:00:00-05:00,7.639999866485596,7.920000076293945,7.320000171661377,7.400000095367432,21150,0.0,0.0
2022-01-19 00:00:00-05:00,7.480000019073486,7.664000034332275,7.039999961853027,7.320000171661377,60650,0.0,0.0
2022-01-20 00:00:00-05:00,7.400000095367432,7.599999904632568,7.039999961853027,7.079999923706055,16675,0.0,0.0
2022-01-21 00:00:00-05:00,6.920000076293945,7.159999847412109,6.559999942779541,6.71999979019165,42050,0.0,0.0
2022-01-24 00:00:00-05:00,6.71999979019165,6.920000076293945,5.800000190734863,6.28000020980835,54475,0.0,0.0
2022-01-25 00:00:00-05:00,6.079999923706055,6.23199987411499,5.800000190734863,6.0,225675,0.0,0.0
2022-01-26 00:00:00-05:00,6.0,6.0,5.480000019073486,5.519999980926514,54350,0.0,0.0
2022-01-27 00:00:00-05:00,5.840000152587891,5.920000076293945,5.320000171661377,5.400000095367432,42625,0.0,0.0
2022-01-28 00:00:00-05:00,5.400000095367432,5.519999980926514,5.079999923706055,5.519999980926514,37425,0.0,0.0
2022-01-31 00:00:00-05:00,5.519999980926514,5.880000114440918,5.119999885559082,5.559999942779541,67950,0.0,0.0
2022-02-01 00:00:00-05:00,5.480000019073486,6.0,5.320000171661377,5.599999904632568,33650,0.0,0.0
2022-02-02 00:00:00-05:00,5.440000057220459,5.71999979019165,5.239999771118164,5.320000171661377,36575,0.0,0.0
2022-02-03 00:00:00-05:00,5.28000020980835,5.400000095367432,5.199999809265137,5.28000020980835,21325,0.0,0.0
2022-02-04 00:00:00-05:00,5.28000020980835,5.320000171661377,5.119999885559082,5.239999771118164,28850,0.0,0.0
2022-02-07 00:00:00-05:00,5.360000133514404,5.363999843597412,5.159999847412109,5.320000171661377,17275,0.0,0.0
2022-02-08 00:00:00-05:00,5.320000171661377,5.331999778747559,4.880000114440918,5.0,39300,0.0,0.0
2022-02-09 00:00:00-05:00,5.119999885559082,5.239999771118164,5.0,5.199999809265137,57300,0.0,0.0
2022-02-10 00:00:00-05:00,5.119999885559082,5.360000133514404,4.960000038146973,5.0,36700,0.0,0.0
2022-02-11 00:00:00-05:00,5.119999885559082,5.28000020980835,4.559999942779541,4.599999904632568,63175,0.0,0.0
2022-02-14 00:00:00-05:00,4.71999979019165,4.920000076293945,4.400000095367432,4.599999904632568,35275,0.0,0.0
2022-02-15 00:00:00-05:00,5.039999961853027,5.159999847412109,4.599999904632568,4.920000076293945,72675,0.0,0.0
2022-02-16 00:00:00-05:00,5.0,5.0,4.679999828338623,4.800000190734863,33750,0.0,0.0
2022-02-17 00:00:00-05:00,4.800000190734863,4.960000038146973,4.599999904632568,4.920000076293945,147050,0.0,0.0
2022-02-18 00:00:00-05:00,5.039999961853027,5.71999979019165,4.920000076293945,5.71999979019165,210500,0.0,0.0
2022-02-22 00:00:00-05:00,5.71999979019165,6.760000228881836,5.519999980926514,5.519999980926514,739550,0.0,0.0
2022-02-23 00:00:00-05:00,5.400000095367432,6.0,5.400000095367432,5.800000190734863,96925,0.0,0.0
2022-02-24 00:00:00-05:00,5.71999979019165,6.544000148773193,5.400000095367432,6.360000133514404,93150,0.0,0.0
2022-02-25 00:00:00-05:00,6.28000020980835,6.360000133514404,5.880000114440918,6.0,57450,0.0,0.0
2022-02-28 00:00:00-05:00,5.840000152587891,6.320000171661377,5.71999979019165,6.079999923706055,36975,0.0,0.0
2022-03-01 00:00:00-05:00,6.079999923706055,6.519999980926514,6.0,6.199999809265137,44175,0.0,0.0
2022-03-02 00:00:00-05:00,6.320000171661377,7.039999961853027,6.131999969482422,6.800000190734863,65700,0.0,0.0
2022-03-03 00:00:00-05:00,7.0,7.199999809265137,6.599999904632568,6.800000190734863,112125,0.0,0.0
2022-03-04 00:00:00-05:00,6.800000190734863,7.119999885559082,6.199999809265137,6.480000019073486,118575,0.0,0.0
2022-03-07 00:00:00-05:00,6.480000019073486,6.840000152587891,6.400000095367432,6.400000095367432,42925,0.0,0.0
2022-03-08 00:00:00-05:00,6.360000133514404,6.360000133514404,6.0,6.119999885559082,22950,0.0,0.0
2022-03-09 00:00:00-05:00,6.119999885559082,6.360000133514404,5.880000114440918,6.239999771118164,27475,0.0,0.0
2022-03-10 00:00:00-05:00,6.199999809265137,6.400000095367432,6.199999809265137,6.28000020980835,10775,0.0,0.0
2022-03-11 00:00:00-05:00,6.320000171661377,6.519999980926514,6.28000020980835,6.28000020980835,12325,0.0,0.0
2022-03-14 00:00:00-04:00,6.440000057220459,6.440000057220459,5.639999866485596,5.760000228881836,26200,0.0,0.0
2022-03-15 00:00:00-04:00,7.400000095367432,7.400000095367432,6.079999923706055,6.320000171661377,33050,0.0,0.0
2022-03-16 00:00:00-04:00,6.239999771118164,6.599999904632568,6.084000110626221,6.400000095367432,12925,0.0,0.0
2022-03-17 00:00:00-04:00,6.360000133514404,7.159999847412109,6.28000020980835,7.039999961853027,39450,0.0,0.0
2022-03-18 00:00:00-04:00,7.159999847412109,7.480000019073486,6.923999786376953,7.039999961853027,19025,0.0,0.0
2022-03-21 00:00:00-04:00,7.480000019073486,8.199999809265137,7.320000171661377,8.119999885559082,53575,0.0,0.0
2022-03-22 00:00:00-04:00,8.199999809265137,8.399999618530273,7.960000038146973,8.039999961853027,24100,0.0,0.0
2022-03-23 00:00:00-04:00,8.15999984741211,8.15999984741211,7.599999904632568,8.0,13800,0.0,0.0
2022-03-24 00:00:00-04:00,7.360000133514404,8.479999542236328,7.360000133514404,7.760000228881836,30425,0.0,0.0
2022-03-25 00:00:00-04:00,7.840000152587891,8.079999923706055,7.480000019073486,7.760000228881836,13400,0.0,0.0
2022-03-28 00:00:00-04:00,7.920000076293945,7.920000076293945,7.24399995803833,7.400000095367432,15875,0.0,0.0
2022-03-29 00:00:00-04:00,7.400000095367432,8.199999809265137,7.400000095367432,7.840000152587891,31175,0.0,0.0
2022-03-30 00:00:00-04:00,7.840000152587891,8.079999923706055,7.599999904632568,7.71999979019165,31950,0.0,0.0
2022-03-31 00:00:00-04:00,7.800000190734863,7.9079999923706055,7.360000133514404,7.519999980926514,55800,0.0,0.0
2022-04-01 00:00:00-04:00,7.440000057220459,7.920000076293945,7.400000095367432,7.480000019073486,32925,0.0,0.0
2022-04-04 00:00:00-04:00,7.199999809265137,7.400000095367432,6.480000019073486,6.519999980926514,108550,0.0,0.0
2022-04-05 00:00:00-04:00,4.199999809265137,5.28000020980835,4.079999923706055,5.079999923706055,1593225,0.0,0.0
2022-04-06 00:00:00-04:00,4.679999828338623,4.679999828338623,4.28000020980835,4.480000019073486,259100,0.0,0.0
2022-04-07 00:00:00-04:00,4.559999942779541,4.559999942779541,4.239999771118164,4.400000095367432,140800,0.0,0.0
2022-04-08 00:00:00-04:00,4.400000095367432,4.519999980926514,4.119999885559082,4.119999885559082,81650,0.0,0.0
2022-04-11 00:00:00-04:00,4.199999809265137,4.239999771118164,4.0,4.119999885559082,74950,0.0,0.0
2022-04-12 00:00:00-04:00,4.079999923706055,4.199999809265137,3.9000000953674316,3.9600000381469727,34600,0.0,0.0
2022-04-13 00:00:00-04:00,3.8959999084472656,4.360000133514404,3.8959999084472656,4.239999771118164,49550,0.0,0.0
2022-04-14 00:00:00-04:00,4.28000020980835,4.28000020980835,4.0,4.159999847412109,51200,0.0,0.0
2022-04-18 00:00:00-04:00,4.519999980926514,5.440000057220459,4.519999980926514,4.960000038146973,505300,0.0,0.0
2022-04-19 00:00:00-04:00,4.800000190734863,5.239999771118164,4.800000190734863,5.239999771118164,142125,0.0,0.0
2022-04-20 00:00:00-04:00,5.199999809265137,5.599999904632568,5.159999847412109,5.599999904632568,200425,0.0,0.0
2022-04-21 00:00:00-04:00,5.559999942779541,6.0,5.360000133514404,5.519999980926514,282000,0.0,0.0
2022-04-22 00:00:00-04:00,5.320000171661377,5.920000076293945,5.320000171661377,5.760000228881836,69425,0.0,0.0
2022-04-25 00:00:00-04:00,5.800000190734863,5.800000190734863,5.320000171661377,5.760000228881836,118450,0.0,0.0
2022-04-26 00:00:00-04:00,5.880000114440918,5.915999889373779,5.320000171661377,5.71999979019165,56625,0.0,0.0
2022-04-27 00:00:00-04:00,5.800000190734863,5.840000152587891,5.519999980926514,5.840000152587891,26650,0.0,0.0
2022-04-28 00:00:00-04:00,5.639999866485596,5.71999979019165,5.320000171661377,5.519999980926514,88825,0.0,0.0
2022-04-29 00:00:00-04:00,5.320000171661377,5.519999980926514,5.320000171661377,5.360000133514404,15600,0.0,0.0
2022-05-02 00:00:00-04:00,5.400000095367432,5.440000057220459,4.880000114440918,5.079999923706055,35025,0.0,0.0
2022-05-03 00:00:00-04:00,5.0,5.199999809265137,4.880000114440918,5.199999809265137,6650,0.0,0.0
2022-05-04 00:00:00-04:00,5.119999885559082,5.400000095367432,5.0,5.360000133514404,5350,0.0,0.0
2022-05-05 00:00:00-04:00,5.320000171661377,5.360000133514404,5.159999847412109,5.239999771118164,3625,0.0,0.0
2022-05-06 00:00:00-04:00,5.199999809265137,5.360000133514404,4.920000076293945,5.159999847412109,6450,0.0,0.0
2022-05-09 00:00:00-04:00,4.880000114440918,5.079999923706055,4.800000190734863,4.920000076293945,28150,0.0,0.0
2022-05-10 00:00:00-04:00,4.920000076293945,5.144000053405762,4.519999980926514,4.559999942779541,7725,0.0,0.0
2022-05-11 00:00:00-04:00,4.320000171661377,5.320000171661377,4.159999847412109,4.639999866485596,30325,0.0,0.0
2022-05-12 00:00:00-04:00,4.519999980926514,4.760000228881836,4.400000095367432,4.400000095367432,17350,0.0,0.0
2022-05-13 00:00:00-04:00,4.480000019073486,5.199999809265137,4.480000019073486,4.679999828338623,15425,0.0,0.0
2022-05-16 00:00:00-04:00,4.71999979019165,4.760000228881836,4.400000095367432,4.760000228881836,15350,0.0,0.0
2022-05-17 00:00:00-04:00,4.760000228881836,5.119999885559082,4.760000228881836,5.039999961853027,10325,0.0,0.0
2022-05-18 00:00:00-04:00,5.039999961853027,5.239999771118164,4.880000114440918,4.880000114440918,8525,0.0,0.0
2022-05-19 00:00:00-04:00,4.800000190734863,5.300000190734863,4.800000190734863,5.0,5500,0.0,0.0
2022-05-20 00:00:00-04:00,5.119999885559082,5.199999809265137,4.960000038146973,5.039999961853027,2925,0.0,0.0
2022-05-23 00:00:00-04:00,5.079999923706055,5.239999771118164,5.0,5.079999923706055,4725,0.0,0.0
2022-05-24 00:00:00-04:00,4.960000038146973,5.28000020980835,4.960000038146973,4.960000038146973,13950,0.0,0.0
2022-05-25 00:00:00-04:00,4.960000038146973,5.239999771118164,4.920000076293945,4.960000038146973,11325,0.0,0.0
2022-05-26 00:00:00-04:00,4.960000038146973,5.039999961853027,4.960000038146973,4.960000038146973,6250,0.0,0.0
2022-05-27 00:00:00-04:00,4.960000038146973,4.960000038146973,4.599999904632568,4.599999904632568,24375,0.0,0.0
2022-05-31 00:00:00-04:00,4.599999904632568,4.840000152587891,4.519999980926514,4.840000152587891,24025,0.0,0.0
2022-06-01 00:00:00-04:00,4.639999866485596,4.800000190734863,4.039999961853027,4.199999809265137,43975,0.0,0.0
2022-06-02 00:00:00-04:00,4.199999809265137,4.576000213623047,4.199999809265137,4.28000020980835,5625,0.0,0.0
2022-06-03 00:00:00-04:00,4.239999771118164,4.679999828338623,4.239999771118164,4.599999904632568,16075,0.0,0.0
2022-06-06 00:00:00-04:00,4.760000228881836,4.760000228881836,4.480000019073486,4.639999866485596,4475,0.0,0.0
2022-06-07 00:00:00-04:00,4.480000019073486,4.920000076293945,4.480000019073486,4.800000190734863,10050,0.0,0.0
2022-06-08 00:00:00-04:00,4.800000190734863,5.0,4.599999904632568,4.840000152587891,10300,0.0,0.0
2022-06-09 00:00:00-04:00,4.840000152587891,4.920000076293945,4.639999866485596,4.880000114440918,10725,0.0,0.0
2022-06-10 00:00:00-04:00,4.71999979019165,4.78000020980835,4.400000095367432,4.400000095367432,42150,0.0,0.0
2022-06-13 00:00:00-04:00,4.239999771118164,4.400000095367432,4.199999809265137,4.239999771118164,12000,0.0,0.0
2022-06-14 00:00:00-04:00,4.519999980926514,4.519999980926514,4.239999771118164,4.239999771118164,3350,0.0,0.0
2022-06-15 00:00:00-04:00,4.248000144958496,4.400000095367432,4.199999809265137,4.199999809265137,5700,0.0,0.0
2022-06-16 00:00:00-04:00,4.199999809265137,4.599999904632568,4.199999809265137,4.440000057220459,36550,0.0,0.0
2022-06-17 00:00:00-04:00,4.360000133514404,4.639999866485596,4.360000133514404,4.599999904632568,10850,0.0,0.0
2022-06-21 00:00:00-04:00,4.480000019073486,4.920000076293945,4.480000019073486,4.679999828338623,18775,0.0,0.0
2022-06-22 00:00:00-04:00,4.400000095367432,4.800000190734863,4.360000133514404,4.440000057220459,30275,0.0,0.0
2022-06-23 00:00:00-04:00,4.360000133514404,4.679999828338623,4.320000171661377,4.440000057220459,47425,0.0,0.0
2022-06-24 00:00:00-04:00,4.360000133514404,4.840000152587891,4.360000133514404,4.71999979019165,34300,0.0,0.0
2022-06-27 00:00:00-04:00,4.840000152587891,5.007999897003174,4.599999904632568,4.800000190734863,25800,0.0,0.0
2022-06-28 00:00:00-04:00,4.800000190734863,5.0,4.800000190734863,4.840000152587891,800,0.0,0.0
2022-06-29 00:00:00-04:00,4.840000152587891,5.119999885559082,4.599999904632568,4.880000114440918,14900,0.0,0.0
2022-06-30 00:00:00-04:00,4.71999979019165,4.960000038146973,4.599999904632568,4.880000114440918,18725,0.0,0.0
2022-07-01 00:00:00-04:00,4.760000228881836,4.840000152587891,4.559999942779541,4.71999979019165,4375,0.0,0.0
2022-07-05 00:00:00-04:00,4.519999980926514,4.800000190734863,4.28000020980835,4.639999866485596,10350,0.0,0.0
2022-07-06 00:00:00-04:00,4.639999866485596,4.679999828338623,4.599999904632568,4.639999866485596,12150,0.0,0.0
2022-07-07 00:00:00-04:00,4.639999866485596,4.840000152587891,4.599999904632568,4.679999828338623,23275,0.0,0.0
2022-07-08 00:00:00-04:00,4.880000114440918,4.880000114440918,4.679999828338623,4.71999979019165,6825,0.0,0.0
2022-07-11 00:00:00-04:00,4.800000190734863,4.800000190734863,4.599999904632568,4.639999866485596,13875,0.0,0.0
2022-07-12 00:00:00-04:00,4.599999904632568,4.840000152587891,4.599999904632568,4.639999866485596,1950,0.0,0.0
2022-07-13 00:00:00-04:00,4.559999942779541,4.800000190734863,4.559999942779541,4.679999828338623,13275,0.0,0.0
2022-07-14 00:00:00-04:00,5.320000171661377,5.320000171661377,4.440000057220459,4.679999828338623,28375,0.0,0.0
2022-07-15 00:00:00-04:00,4.679999828338623,4.679999828338623,4.519999980926514,4.599999904632568,3800,0.0,0.0
2022-07-18 00:00:00-04:00,4.599999904632568,4.800000190734863,4.440000057220459,4.440000057220459,9525,0.0,0.0
2022-07-19 00:00:00-04:00,4.440000057220459,4.760000228881836,4.440000057220459,4.659999847412109,28900,0.0,0.0
2022-07-20 00:00:00-04:00,4.639999866485596,4.920000076293945,4.5320000648498535,4.880000114440918,9050,0.0,0.0
2022-07-21 00:00:00-04:00,4.840000152587891,5.039999961853027,4.679999828338623,5.0,42525,0.0,0.0
2022-07-22 00:00:00-04:00,4.920000076293945,5.119999885559082,4.920000076293945,5.119999885559082,10750,0.0,0.0
2022-07-25 00:00:00-04:00,5.079999923706055,5.119999885559082,4.880000114440918,4.900000095367432,3150,0.0,0.0
2022-07-26 00:00:00-04:00,4.880000114440918,4.880000114440918,4.559999942779541,4.679999828338623,7225,0.0,0.0
2022-07-27 00:00:00-04:00,4.679999828338623,4.920000076293945,4.559999942779541,4.800000190734863,7025,0.0,0.0
2022-07-28 00:00:00-04:00,4.71999979019165,4.800000190734863,4.559999942779541,4.599999904632568,4800,0.0,0.0
2022-07-29 00:00:00-04:00,4.519999980926514,4.71999979019165,4.519999980926514,4.679999828338623,11900,0.0,0.0
2022-08-01 00:00:00-04:00,4.599999904632568,4.760000228881836,4.559999942779541,4.760000228881836,10475,0.0,0.0
2022-08-02 00:00:00-04:00,4.639999866485596,4.880000114440918,4.559999942779541,4.760000228881836,7700,0.0,0.0
2022-08-03 00:00:00-04:00,4.760000228881836,5.0,4.760000228881836,4.880000114440918,15725,0.0,0.0
2022-08-04 00:00:00-04:00,4.880000114440918,4.920000076293945,4.800000190734863,4.880000114440918,7850,0.0,0.0
2022-08-05 00:00:00-04:00,4.840000152587891,5.0,4.800000190734863,4.960000038146973,18350,0.0,0.0
2022-08-08 00:00:00-04:00,4.920000076293945,5.039999961853027,4.679999828338623,4.679999828338623,17525,0.0,0.0
2022-08-09 00:00:00-04:00,4.71999979019165,4.78000020980835,4.679999828338623,4.679999828338623,2975,0.0,0.0
2022-08-10 00:00:00-04:00,4.679999828338623,4.760000228881836,4.559999942779541,4.71999979019165,12125,0.0,0.0
2022-08-11 00:00:00-04:00,4.639999866485596,4.808000087738037,4.519999980926514,4.559999942779541,11150,0.0,0.0
2022-08-12 00:00:00-04:00,4.639999866485596,4.760000228881836,4.639999866485596,4.639999866485596,11800,0.0,0.0
2022-08-15 00:00:00-04:00,4.679999828338623,4.880000114440918,4.639999866485596,4.71999979019165,20650,0.0,0.0
2022-08-16 00:00:00-04:00,4.760000228881836,4.820000171661377,4.639999866485596,4.679999828338623,16500,0.0,0.0
2022-08-17 00:00:00-04:00,4.639999866485596,4.800000190734863,4.639999866485596,4.760000228881836,6225,0.0,0.0
2022-08-18 00:00:00-04:00,4.679999828338623,4.71999979019165,4.559999942779541,4.639999866485596,24150,0.0,0.0
2022-08-19 00:00:00-04:00,4.480000019073486,4.796000003814697,4.480000019073486,4.559999942779541,9175,0.0,0.0
2022-08-22 00:00:00-04:00,4.440000057220459,4.639999866485596,4.440000057220459,4.480000019073486,9000,0.0,0.0
2022-08-23 00:00:00-04:00,4.440000057220459,4.519999980926514,4.400000095367432,4.519999980926514,6375,0.0,0.0
2022-08-24 00:00:00-04:00,4.440000057220459,4.639999866485596,4.440000057220459,4.559999942779541,2225,0.0,0.0
2022-08-25 00:00:00-04:00,4.599999904632568,4.760000228881836,4.480000019073486,4.639999866485596,43125,0.0,0.0
2022-08-26 00:00:00-04:00,4.599999904632568,5.079999923706055,4.599999904632568,4.840000152587891,24600,0.0,0.0
2022-08-29 00:00:00-04:00,4.71999979019165,5.079999923706055,4.679999828338623,4.840000152587891,19050,0.0,0.0
2022-08-30 00:00:00-04:00,4.880000114440918,5.199999809265137,4.880000114440918,5.0,11825,0.0,0.0
2022-08-31 00:00:00-04:00,4.960000038146973,4.960000038146973,4.599999904632568,4.71999979019165,10275,0.0,0.0
2022-09-01 00:00:00-04:00,4.639999866485596,4.679999828338623,4.400000095367432,4.440000057220459,33725,0.0,0.0
2022-09-02 00:00:00-04:00,4.480000019073486,4.760000228881836,4.480000019073486,4.599999904632568,5875,0.0,0.0
2022-09-06 00:00:00-04:00,4.519999980926514,4.679999828338623,4.480000019073486,4.679999828338623,5550,0.0,0.0
2022-09-07 00:00:00-04:00,5.880000114440918,8.15999984741211,5.71999979019165,8.039999961853027,25749275,0.0,0.0
2022-09-08 00:00:00-04:00,7.920000076293945,10.0,7.760000228881836,8.5600004196167,11870125,0.0,0.0
2022-09-09 00:00:00-04:00,8.359999656677246,8.920000076293945,8.0,8.359999656677246,904775,0.0,0.0
2022-09-12 00:00:00-04:00,8.319999694824219,9.600000381469727,8.199999809265137,9.479999542236328,925050,0.0,0.0
2022-09-13 00:00:00-04:00,9.15999984741211,9.4399995803833,8.5600004196167,8.760000228881836,200650,0.0,0.0
2022-09-14 00:00:00-04:00,8.800000190734863,9.5600004196167,8.640000343322754,8.800000190734863,219250,0.0,0.0
2022-09-15 00:00:00-04:00,8.84000015258789,9.920000076293945,8.399999618530273,9.680000305175781,282525,0.0,0.0
2022-09-16 00:00:00-04:00,9.359999656677246,9.600000381469727,8.920000076293945,9.399999618530273,130750,0.0,0.0
2022-09-19 00:00:00-04:00,9.319999694824219,9.399999618530273,8.760000228881836,9.0,89325,0.0,0.0
2022-09-20 00:00:00-04:00,8.920000076293945,9.920000076293945,8.880000114440918,9.279999732971191,99125,0.0,0.0
2022-09-21 00:00:00-04:00,9.239999771118164,9.479999542236328,8.960000038146973,9.039999961853027,35950,0.0,0.0
2022-09-22 00:00:00-04:00,9.0,9.520000457763672,8.859999656677246,9.279999732971191,118150,0.0,0.0
2022-09-23 00:00:00-04:00,9.0,9.15999984741211,8.84000015258789,9.0,140375,0.0,0.0
2022-09-26 00:00:00-04:00,8.279999732971191,8.600000381469727,8.119999885559082,8.4399995803833,300675,0.0,0.0
2022-09-27 00:00:00-04:00,8.5600004196167,9.119999885559082,8.479999542236328,8.84000015258789,74950,0.0,0.0
2022-09-28 00:00:00-04:00,8.760000228881836,9.15999984741211,8.720000267028809,9.079999923706055,133200,0.0,0.0
2022-09-29 00:00:00-04:00,8.920000076293945,9.039999961853027,8.640000343322754,8.920000076293945,46200,0.0,0.0
2022-09-30 00:00:00-04:00,8.920000076293945,9.279999732971191,8.84000015258789,9.119999885559082,71750,0.0,0.0
2022-10-03 00:00:00-04:00,9.239999771118164,9.272000312805176,8.86400032043457,9.199999809265137,69800,0.0,0.0
2022-10-04 00:00:00-04:00,9.319999694824219,9.4399995803833,9.15999984741211,9.239999771118164,49050,0.0,0.0
2022-10-05 00:00:00-04:00,9.039999961853027,9.5600004196167,8.920000076293945,9.4399995803833,53125,0.0,0.0
2022-10-06 00:00:00-04:00,9.4399995803833,9.5600004196167,9.199999809265137,9.399999618530273,23300,0.0,0.0
2022-10-07 00:00:00-04:00,9.239999771118164,9.4399995803833,9.039999961853027,9.319999694824219,43525,0.0,0.0
2022-10-10 00:00:00-04:00,9.239999771118164,9.479999542236328,9.079999923706055,9.239999771118164,30050,0.0,0.0
2022-10-11 00:00:00-04:00,9.239999771118164,9.359999656677246,9.0,9.15999984741211,46125,0.0,0.0
2022-10-12 00:00:00-04:00,9.279999732971191,10.15999984741211,9.15999984741211,9.880000114440918,119200,0.0,0.0
2022-10-13 00:00:00-04:00,9.84000015258789,10.359999656677246,9.65999984741211,10.319999694824219,1171100,0.0,0.0
2022-10-14 00:00:00-04:00,14.279999732971191,15.279999732971191,13.196000099182129,15.15999984741211,9394350,0.0,0.0
2022-10-17 00:00:00-04:00,13.800000190734863,14.079999923706055,12.0,13.920000076293945,1165250,0.0,0.0
2022-10-18 00:00:00-04:00,13.479999542236328,17.239999771118164,13.460000038146973,16.920000076293945,877525,0.0,0.0
2022-10-19 00:00:00-04:00,15.920000076293945,16.600000381469727,15.15999984741211,16.040000915527344,244300,0.0,0.0
2022-10-20 00:00:00-04:00,16.360000610351562,17.520000457763672,15.760000228881836,17.0,164450,0.0,0.0
2022-10-21 00:00:00-04:00,16.440000534057617,16.440000534057617,15.479999542236328,15.680000305175781,95300,0.0,0.0
2022-10-24 00:00:00-04:00,15.4399995803833,19.040000915527344,15.4399995803833,18.079999923706055,303650,0.0,0.0
2022-10-25 00:00:00-04:00,18.200000762939453,19.0,16.899999618530273,17.200000762939453,72575,0.0,0.0
2022-10-26 00:00:00-04:00,17.200000762939453,18.600000381469727,17.0,18.15999984741211,62125,0.0,0.0
2022-10-27 00:00:00-04:00,18.399999618530273,18.399999618530273,17.1200008392334,17.280000686645508,27750,0.0,0.0
2022-10-28 00:00:00-04:00,17.399999618530273,18.1200008392334,16.8799991607666,17.079999923706055,56775,0.0,0.0
2022-10-31 00:00:00-04:00,16.799999237060547,17.8799991607666,16.639999389648438,17.760000228881836,27550,0.0,0.0
2022-11-01 00:00:00-04:00,17.920000076293945,20.31999969482422,17.75200080871582,19.8799991607666,55350,0.0,0.0
2022-11-02 00:00:00-04:00,20.440000534057617,20.479999542236328,17.040000915527344,17.15999984741211,55750,0.0,0.0
2022-11-03 00:00:00-04:00,16.760000228881836,17.399999618530273,16.31999969482422,16.8799991607666,21850,0.0,0.0
2022-11-04 00:00:00-04:00,17.079999923706055,17.200000762939453,16.600000381469727,17.200000762939453,24600,0.0,0.0
2022-11-07 00:00:00-05:00,17.559999465942383,18.920000076293945,17.239999771118164,17.84000015258789,41975,0.0,0.0
2022-11-08 00:00:00-05:00,18.0,19.760000228881836,17.31999969482422,18.8799991607666,34250,0.0,0.0
2022-11-09 00:00:00-05:00,18.399999618530273,19.31999969482422,18.15999984741211,18.31999969482422,29200,0.0,0.0
2022-11-10 00:00:00-05:00,18.639999389648438,20.799999237060547,18.243999481201172,20.799999237060547,37500,0.0,0.0
2022-11-11 00:00:00-05:00,20.719999313354492,21.04400062561035,19.604000091552734,19.760000228881836,34375,0.0,0.0
2022-11-14 00:00:00-05:00,19.360000610351562,19.520000457763672,18.440000534057617,18.479999542236328,13100,0.0,0.0
2022-11-15 00:00:00-05:00,18.799999237060547,19.719999313354492,18.360000610351562,18.920000076293945,12225,0.0,0.0
2022-11-16 00:00:00-05:00,18.84000015258789,18.84000015258789,17.479999542236328,18.360000610351562,16475,0.0,0.0
2022-11-17 00:00:00-05:00,18.0,18.923999786376953,17.8799991607666,18.84000015258789,6825,0.0,0.0
2022-11-18 00:00:00-05:00,18.719999313354492,18.719999313354492,18.0,18.360000610351562,7950,0.0,0.0
2022-11-21 00:00:00-05:00,18.200000762939453,19.399999618530273,17.447999954223633,17.639999389648438,14025,0.0,0.0
2022-11-22 00:00:00-05:00,17.299999237060547,17.520000457763672,15.960000038146973,17.1200008392334,38025,0.0,0.0
2022-11-23 00:00:00-05:00,17.079999923706055,18.719999313354492,16.468000411987305,17.84000015258789,15575,0.0,0.0
2022-11-25 00:00:00-05:00,17.719999313354492,18.15999984741211,17.007999420166016,17.600000381469727,3975,0.0,0.0
2022-11-28 00:00:00-05:00,17.200000762939453,17.520000457763672,16.559999465942383,17.239999771118164,13575,0.0,0.0
2022-11-29 00:00:00-05:00,17.280000686645508,17.520000457763672,17.0,17.079999923706055,6300,0.0,0.0
2022-11-30 00:00:00-05:00,16.959999084472656,17.239999771118164,16.600000381469727,17.040000915527344,12000,0.0,0.0
2022-12-01 00:00:00-05:00,16.639999389648438,17.520000457763672,16.243999481201172,16.600000381469727,12400,0.0,0.0
2022-12-02 00:00:00-05:00,16.15999984741211,17.520000457763672,16.15999984741211,16.799999237060547,21725,0.0,0.0
2022-12-05 00:00:00-05:00,16.68000030517578,16.8799991607666,15.239999771118164,15.479999542236328,14400,0.0,0.0
2022-12-06 00:00:00-05:00,15.199999809265137,15.680000305175781,14.760000228881836,14.960000038146973,37475,0.0,0.0
2022-12-07 00:00:00-05:00,14.640000343322754,15.5600004196167,14.520000457763672,14.920000076293945,35950,0.0,0.0
2022-12-08 00:00:00-05:00,15.039999961853027,15.640000343322754,14.732000350952148,15.359999656677246,32900,0.0,0.0
2022-12-09 00:00:00-05:00,15.079999923706055,16.832000732421875,15.079999923706055,16.0,44250,0.0,0.0
2022-12-12 00:00:00-05:00,16.200000762939453,16.520000457763672,15.520000457763672,16.520000457763672,9200,0.0,0.0
2022-12-13 00:00:00-05:00,17.040000915527344,18.079999923706055,16.579999923706055,17.719999313354492,18800,0.0,0.0
2022-12-14 00:00:00-05:00,17.440000534057617,17.719999313354492,16.604000091552734,17.15999984741211,9825,0.0,0.0
2022-12-15 00:00:00-05:00,17.0,17.31999969482422,16.600000381469727,16.920000076293945,5950,0.0,0.0
2022-12-16 00:00:00-05:00,16.399999618530273,16.719999313354492,15.319999694824219,16.399999618530273,39350,0.0,0.0
2022-12-19 00:00:00-05:00,15.920000076293945,16.0,15.279999732971191,15.479999542236328,25225,0.0,0.0
2022-12-20 00:00:00-05:00,15.760000228881836,16.200000762939453,15.199999809265137,15.960000038146973,15000,0.0,0.0
2022-12-21 00:00:00-05:00,16.479999542236328,16.799999237060547,15.5600004196167,16.239999771118164,6075,0.0,0.0
2022-12-22 00:00:00-05:00,16.15999984741211,16.440000534057617,15.420000076293945,16.239999771118164,5550,0.0,0.0
2022-12-23 00:00:00-05:00,16.079999923706055,16.920000076293945,15.720000267028809,16.920000076293945,33150,0.0,0.0
2022-12-27 00:00:00-05:00,16.68000030517578,16.920000076293945,15.880000114440918,16.1200008392334,12325,0.0,0.0
2022-12-28 00:00:00-05:00,16.200000762939453,16.200000762939453,15.600000381469727,16.040000915527344,6375,0.0,0.0
2022-12-29 00:00:00-05:00,16.0,16.559999465942383,15.86400032043457,16.079999923706055,10125,0.0,0.0
2022-12-30 00:00:00-05:00,15.960000038146973,16.719999313354492,14.640000343322754,16.360000610351562,34300,0.0,0.0
2023-01-03 00:00:00-05:00,16.540000915527344,16.540000915527344,14.5600004196167,15.760000228881836,357200,0.0,0.0
2023-01-04 00:00:00-05:00,15.640000343322754,17.0,14.996000289916992,17.0,23425,0.0,0.0
2023-01-05 00:00:00-05:00,16.959999084472656,17.360000610351562,15.359999656677246,17.360000610351562,8300,0.0,0.0
2023-01-06 00:00:00-05:00,19.1200008392334,19.719999313354492,17.687999725341797,18.799999237060547,85300,0.0,0.0
2023-01-09 00:00:00-05:00,19.0,19.040000915527344,17.280000686645508,18.959999084472656,137600,0.0,0.0
2023-01-10 00:00:00-05:00,19.1200008392334,19.1200008392334,17.947999954223633,18.639999389648438,13025,0.0,0.0
2023-01-11 00:00:00-05:00,18.84000015258789,18.959999084472656,17.74799919128418,18.200000762939453,20225,0.0,0.0
2023-01-12 00:00:00-05:00,17.280000686645508,18.440000534057617,17.280000686645508,18.079999923706055,10550,0.0,0.0
2023-01-13 00:00:00-05:00,17.799999237060547,18.440000534057617,17.200000762939453,17.920000076293945,16300,0.0,0.0
2023-01-17 00:00:00-05:00,17.639999389648438,17.65999984741211,16.399999618530273,16.799999237060547,17325,0.0,0.0
2023-01-18 00:00:00-05:00,17.200000762939453,17.200000762939453,16.200000762939453,16.68000030517578,7650,0.0,0.0
2023-01-19 00:00:00-05:00,16.520000457763672,16.84000015258789,16.06399917602539,16.440000534057617,14400,0.0,0.0
2023-01-20 00:00:00-05:00,16.8799991607666,16.959999084472656,16.284000396728516,16.31999969482422,2100,0.0,0.0
2023-01-23 00:00:00-05:00,16.079999923706055,17.81999969482422,16.079999923706055,17.0,19850,0.0,0.0
2023-01-24 00:00:00-05:00,16.760000228881836,17.959999084472656,16.676000595092773,17.31999969482422,14225,0.0,0.0
2023-01-25 00:00:00-05:00,17.639999389648438,17.639999389648438,16.68000030517578,16.799999237060547,9425,0.0,0.0
2023-01-26 00:00:00-05:00,16.736000061035156,17.280000686645508,16.719999313354492,17.0,7400,0.0,0.0
2023-01-27 00:00:00-05:00,16.959999084472656,17.600000381469727,15.800000190734863,16.360000610351562,17900,0.0,0.0
2023-01-30 00:00:00-05:00,15.640000343322754,18.520000457763672,15.600000381469727,18.0,60650,0.0,0.0
2023-01-31 00:00:00-05:00,18.200000762939453,18.760000228881836,17.851999282836914,18.479999542236328,10575,0.0,0.0
2023-02-01 00:00:00-05:00,18.399999618530273,18.68000030517578,18.1200008392334,18.15999984741211,5375,0.0,0.0
2023-02-02 00:00:00-05:00,18.239999771118164,18.799999237060547,17.719999313354492,18.799999237060547,8075,0.0,0.0
2023-02-03 00:00:00-05:00,18.280000686645508,20.579999923706055,18.280000686645508,19.8799991607666,40325,0.0,0.0
2023-02-06 00:00:00-05:00,20.15999984741211,21.399999618530273,19.479999542236328,21.200000762939453,20600,0.0,0.0
2023-02-07 00:00:00-05:00,21.239999771118164,21.399999618530273,20.31999969482422,21.15999984741211,12725,0.0,0.0
2023-02-08 00:00:00-05:00,20.799999237060547,21.579999923706055,20.760000228881836,21.1200008392334,8775,0.0,0.0
2023-02-09 00:00:00-05:00,21.1200008392334,21.1200008392334,20.239999771118164,20.559999465942383,8825,0.0,0.0
2023-02-10 00:00:00-05:00,20.239999771118164,21.200000762939453,18.440000534057617,21.079999923706055,15475,0.0,0.0
2023-02-13 00:00:00-05:00,20.719999313354492,21.187999725341797,20.360000610351562,21.0,13200,0.0,0.0
2023-02-14 00:00:00-05:00,21.040000915527344,22.360000610351562,20.667999267578125,22.200000762939453,23150,0.0,0.0
2023-02-15 00:00:00-05:00,22.31999969482422,22.31999969482422,20.959999084472656,21.479999542236328,77075,0.0,0.0
2023-02-16 00:00:00-05:00,20.711999893188477,21.600000381469727,19.600000381469727,20.399999618530273,11825,0.0,0.0
2023-02-17 00:00:00-05:00,20.280000686645508,21.280000686645508,19.600000381469727,21.040000915527344,10550,0.0,0.0
2023-02-21 00:00:00-05:00,21.0,21.479999542236328,20.719999313354492,21.31999969482422,11075,0.0,0.0
2023-02-22 00:00:00-05:00,18.440000534057617,22.559999465942383,17.799999237060547,21.799999237060547,57275,0.0,0.0
2023-02-23 00:00:00-05:00,20.84000015258789,25.280000686645508,20.719999313354492,25.280000686645508,67925,0.0,0.0
2023-02-24 00:00:00-05:00,24.0,25.34000015258789,23.54199981689453,23.75,126500,0.0,0.0
2023-02-27 00:00:00-05:00,23.0,23.5,19.239999771118164,21.0,102700,0.0,0.0
2023-02-28 00:00:00-05:00,20.860000610351562,21.6200008392334,20.524999618530273,21.540000915527344,234200,0.0,0.0
2023-03-01 00:00:00-05:00,21.209999084472656,22.239999771118164,20.389999389648438,21.6200008392334,8500,0.0,0.0
2023-03-02 00:00:00-05:00,22.670000076293945,24.450000762939453,22.299999237060547,23.450000762939453,59400,0.0,0.0
2023-03-03 00:00:00-05:00,24.799999237060547,24.799999237060547,21.75,22.100000381469727,160600,0.0,0.0
2023-03-06 00:00:00-05:00,19.350000381469727,23.0,19.350000381469727,21.8799991607666,114100,0.0,0.0
2023-03-07 00:00:00-05:00,21.530000686645508,22.0,21.075000762939453,21.190000534057617,73700,0.0,0.0
2023-03-08 00:00:00-05:00,22.0,23.0,21.104999542236328,22.43000030517578,309000,0.0,0.0
2023-03-09 00:00:00-05:00,22.399999618530273,22.950000762939453,21.200000762939453,21.200000762939453,45100,0.0,0.0
2023-03-10 00:00:00-05:00,21.3799991607666,21.670000076293945,20.770000457763672,21.09000015258789,141500,0.0,0.0
2023-03-13 00:00:00-04:00,21.530000686645508,22.166000366210938,21.110000610351562,21.799999237060547,98800,0.0,0.0
2023-03-14 00:00:00-04:00,21.920000076293945,22.735000610351562,21.809999465942383,22.299999237060547,209100,0.0,0.0
2023-03-15 00:00:00-04:00,22.420000076293945,22.420000076293945,21.253999710083008,21.290000915527344,27000,0.0,0.0
2023-03-16 00:00:00-04:00,21.299999237060547,22.280000686645508,21.259000778198242,21.829999923706055,26700,0.0,0.0
2023-03-17 00:00:00-04:00,21.309999465942383,22.475000381469727,21.309999465942383,22.25,105800,0.0,0.0
2023-03-20 00:00:00-04:00,22.290000915527344,22.290000915527344,21.5,21.950000762939453,161300,0.0,0.0
2023-03-21 00:00:00-04:00,22.0,22.020000457763672,21.81999969482422,21.8700008392334,90600,0.0,0.0
2023-03-22 00:00:00-04:00,21.790000915527344,22.540000915527344,21.790000915527344,21.979999542236328,101100,0.0,0.0
2023-03-23 00:00:00-04:00,22.34000015258789,23.299999237060547,21.53700065612793,22.5,66600,0.0,0.0
2023-03-24 00:00:00-04:00,21.459999084472656,23.3700008392334,21.290000915527344,23.0,63000,0.0,0.0
2023-03-27 00:00:00-04:00,23.170000076293945,23.549999237060547,22.729999542236328,23.100000381469727,48900,0.0,0.0
2023-03-28 00:00:00-04:00,23.079999923706055,23.709999084472656,22.90999984741211,23.489999771118164,40000,0.0,0.0
2023-03-29 00:00:00-04:00,23.75,24.219999313354492,22.90999984741211,23.969999313354492,49000,0.0,0.0
2023-03-30 00:00:00-04:00,23.950000762939453,23.950000762939453,21.493999481201172,22.149999618530273,691100,0.0,0.0
2023-03-31 00:00:00-04:00,21.959999084472656,23.170000076293945,21.6200008392334,21.899999618530273,320200,0.0,0.0
2023-04-03 00:00:00-04:00,21.649999618530273,23.386999130249023,21.610000610351562,22.149999618530273,131300,0.0,0.0
2023-04-04 00:00:00-04:00,22.209999084472656,23.219999313354492,21.950000762939453,22.75,216100,0.0,0.0
2023-04-05 00:00:00-04:00,22.809999465942383,23.979999542236328,22.25,23.059999465942383,85600,0.0,0.0
2023-04-06 00:00:00-04:00,23.219999313354492,23.2450008392334,21.450000762939453,21.450000762939453,71400,0.0,0.0
2023-04-10 00:00:00-04:00,21.729999542236328,22.030000686645508,20.459999084472656,20.719999313354492,95100,0.0,0.0
2023-04-11 00:00:00-04:00,20.670000076293945,21.065000534057617,19.540000915527344,19.540000915527344,37100,0.0,0.0
2023-04-12 00:00:00-04:00,19.75,20.270000457763672,17.760000228881836,19.045000076293945,125300,0.0,0.0
2023-04-13 00:00:00-04:00,18.889999389648438,19.299999237060547,18.350000381469727,19.25,75700,0.0,0.0
2023-04-14 00:00:00-04:00,18.93000030517578,19.829999923706055,17.860000610351562,18.030000686645508,471900,0.0,0.0
2023-04-17 00:00:00-04:00,18.420000076293945,19.059999465942383,18.049999237060547,18.520000457763672,101900,0.0,0.0
2023-04-18 00:00:00-04:00,18.229999542236328,20.1200008392334,18.229999542236328,19.700000762939453,373800,0.0,0.0
2023-04-19 00:00:00-04:00,19.610000610351562,20.5,19.420000076293945,20.280000686645508,31500,0.0,0.0
2023-04-20 00:00:00-04:00,20.200000762939453,21.520000457763672,19.110000610351562,19.59000015258789,156100,0.0,0.0
2023-04-21 00:00:00-04:00,19.600000381469727,20.979999542236328,19.079999923706055,19.899999618530273,51200,0.0,0.0
2023-04-24 00:00:00-04:00,19.850000381469727,20.329999923706055,19.510000228881836,20.1299991607666,182500,0.0,0.0
2023-04-25 00:00:00-04:00,20.09000015258789,20.200000762939453,19.1299991607666,19.709999084472656,97200,0.0,0.0
2023-04-26 00:00:00-04:00,20.049999237060547,20.190000534057617,19.209999084472656,19.5,106600,0.0,0.0
2023-04-27 00:00:00-04:00,19.31999969482422,19.389999389648438,18.5,18.950000762939453,86800,0.0,0.0
2023-04-28 00:00:00-04:00,18.889999389648438,19.31999969482422,18.18000030517578,19.040000915527344,42200,0.0,0.0
2023-05-01 00:00:00-04:00,18.959999084472656,19.719999313354492,18.270000457763672,19.299999237060547,102700,0.0,0.0
2023-05-02 00:00:00-04:00,19.149999618530273,19.25,18.40999984741211,19.09000015258789,76000,0.0,0.0
2023-05-03 00:00:00-04:00,18.850000381469727,20.110000610351562,18.469999313354492,19.75,150800,0.0,0.0
2023-05-04 00:00:00-04:00,19.75,19.8700008392334,18.420000076293945,18.68000030517578,60800,0.0,0.0
2023-05-05 00:00:00-04:00,18.600000381469727,19.790000915527344,18.200000762939453,19.639999389648438,114400,0.0,0.0
2023-05-08 00:00:00-04:00,19.989999771118164,19.989999771118164,18.729999542236328,19.139999389648438,61200,0.0,0.0
2023-05-09 00:00:00-04:00,19.139999389648438,19.40999984741211,18.690000534057617,19.190000534057617,50800,0.0,0.0
2023-05-10 00:00:00-04:00,19.219999313354492,19.90999984741211,18.299999237060547,19.8700008392334,48100,0.0,0.0
2023-05-11 00:00:00-04:00,20.030000686645508,20.030000686645508,18.670000076293945,19.100000381469727,51100,0.0,0.0
2023-05-12 00:00:00-04:00,19.0,20.1200008392334,18.742000579833984,19.399999618530273,102400,0.0,0.0
2023-05-15 00:00:00-04:00,19.780000686645508,20.1200008392334,19.459999084472656,19.829999923706055,48600,0.0,0.0
2023-05-16 00:00:00-04:00,19.600000381469727,20.200000762939453,19.28499984741211,19.81999969482422,50300,0.0,0.0
2023-05-17 00:00:00-04:00,19.719999313354492,20.540000915527344,19.635000228881836,20.0,82500,0.0,0.0
2023-05-18 00:00:00-04:00,20.0,20.260000228881836,19.15999984741211,20.059999465942383,129100,0.0,0.0
2023-05-19 00:00:00-04:00,19.790000915527344,20.899999618530273,19.610000610351562,20.190000534057617,313100,0.0,0.0
2023-05-22 00:00:00-04:00,20.360000610351562,21.600000381469727,19.950000762939453,21.43000030517578,213000,0.0,0.0
2023-05-23 00:00:00-04:00,21.479999542236328,22.329999923706055,19.149999618530273,19.6299991607666,161200,0.0,0.0
2023-05-24 00:00:00-04:00,19.399999618530273,20.149999618530273,18.950000762939453,19.719999313354492,76000,0.0,0.0
2023-05-25 00:00:00-04:00,19.81999969482422,20.315000534057617,19.420000076293945,19.65999984741211,110900,0.0,0.0
2023-05-26 00:00:00-04:00,19.760000228881836,20.424999237060547,19.459999084472656,19.6200008392334,76100,0.0,0.0
2023-05-30 00:00:00-04:00,20.1299991607666,20.1299991607666,17.709999084472656,18.09000015258789,150600,0.0,0.0
2023-05-31 00:00:00-04:00,17.979999542236328,19.729999542236328,17.149999618530273,18.299999237060547,465200,0.0,0.0
2023-06-01 00:00:00-04:00,18.510000228881836,20.3799991607666,17.739999771118164,19.920000076293945,193400,0.0,0.0
2023-06-02 00:00:00-04:00,19.850000381469727,22.020000457763672,19.850000381469727,21.549999237060547,207900,0.0,0.0
2023-06-05 00:00:00-04:00,21.8799991607666,23.489999771118164,21.489999771118164,23.049999237060547,421400,0.0,0.0
2023-06-06 00:00:00-04:00,23.0,23.829999923706055,21.90999984741211,22.979999542236328,312000,0.0,0.0
2023-06-07 00:00:00-04:00,23.25,23.790000915527344,22.709999084472656,22.75,157000,0.0,0.0
2023-06-08 00:00:00-04:00,22.329999923706055,23.155000686645508,22.31999969482422,22.729999542236328,161900,0.0,0.0
2023-06-09 00:00:00-04:00,22.739999771118164,22.90999984741211,21.520000457763672,21.6200008392334,174200,0.0,0.0
2023-06-12 00:00:00-04:00,21.43000030517578,21.715999603271484,20.530000686645508,20.600000381469727,154100,0.0,0.0
2023-06-13 00:00:00-04:00,20.299999237060547,21.204999923706055,20.1200008392334,20.5,188900,0.0,0.0
2023-06-14 00:00:00-04:00,20.299999237060547,20.690000534057617,19.530000686645508,20.0,297500,0.0,0.0
2023-06-15 00:00:00-04:00,19.989999771118164,20.325000762939453,18.889999389648438,19.40999984741211,342700,0.0,0.0
2023-06-16 00:00:00-04:00,19.350000381469727,20.8700008392334,19.1299991607666,20.56999969482422,1091600,0.0,0.0
2023-06-20 00:00:00-04:00,20.510000228881836,22.0,20.389999389648438,21.790000915527344,429300,0.0,0.0
2023-06-21 00:00:00-04:00,21.790000915527344,23.0,21.614999771118164,22.989999771118164,380300,0.0,0.0
2023-06-22 00:00:00-04:00,22.68000030517578,23.485000610351562,21.940000534057617,22.1299991607666,301900,0.0,0.0
2023-06-23 00:00:00-04:00,22.0,22.34000015258789,20.479999542236328,21.079999923706055,3190000,0.0,0.0
2023-06-26 00:00:00-04:00,20.31999969482422,20.31999969482422,18.834999084472656,19.649999618530273,273000,0.0,0.0
2023-06-27 00:00:00-04:00,19.420000076293945,19.739999771118164,18.969999313354492,19.190000534057617,118400,0.0,0.0
2023-06-28 00:00:00-04:00,19.010000228881836,20.43000030517578,19.010000228881836,19.700000762939453,165800,0.0,0.0
2023-06-29 00:00:00-04:00,19.459999084472656,19.649999618530273,18.559999465942383,19.489999771118164,102600,0.0,0.0
2023-06-30 00:00:00-04:00,19.649999618530273,20.770000457763672,19.200000762939453,20.40999984741211,228500,0.0,0.0
2023-07-03 00:00:00-04:00,20.389999389648438,20.770000457763672,18.81999969482422,18.93000030517578,54500,0.0,0.0
2023-07-05 00:00:00-04:00,18.979999542236328,19.100000381469727,17.100000381469727,18.290000915527344,392200,0.0,0.0
2023-07-06 00:00:00-04:00,17.899999618530273,18.559999465942383,17.709999084472656,18.459999084472656,354800,0.0,0.0
2023-07-07 00:00:00-04:00,18.110000610351562,18.110000610351562,17.43000030517578,17.760000228881836,204600,0.0,0.0
2023-07-10 00:00:00-04:00,17.670000076293945,18.350000381469727,17.299999237060547,17.850000381469727,83100,0.0,0.0
2023-07-11 00:00:00-04:00,17.940000534057617,18.059999465942383,17.479999542236328,17.81999969482422,79700,0.0,0.0
2023-07-12 00:00:00-04:00,18.040000915527344,18.295000076293945,17.68000030517578,17.850000381469727,69700,0.0,0.0
2023-07-13 00:00:00-04:00,17.709999084472656,18.299999237060547,17.700000762939453,18.219999313354492,111100,0.0,0.0
2023-07-14 00:00:00-04:00,18.3799991607666,18.73900032043457,17.93000030517578,18.079999923706055,66900,0.0,0.0
2023-07-17 00:00:00-04:00,18.309999465942383,18.780000686645508,18.03499984741211,18.600000381469727,87800,0.0,0.0
2023-07-18 00:00:00-04:00,18.670000076293945,19.110000610351562,18.31999969482422,18.350000381469727,81800,0.0,0.0
2023-07-19 00:00:00-04:00,18.440000534057617,19.09000015258789,18.399999618530273,18.549999237060547,105000,0.0,0.0
2023-07-20 00:00:00-04:00,18.68000030517578,19.2450008392334,18.610000610351562,19.110000610351562,92300,0.0,0.0
2023-07-21 00:00:00-04:00,19.309999465942383,19.700000762939453,18.573999404907227,19.229999542236328,95100,0.0,0.0
2023-07-24 00:00:00-04:00,19.299999237060547,19.299999237060547,18.399999618530273,18.950000762939453,86600,0.0,0.0
2023-07-25 00:00:00-04:00,18.8700008392334,19.1299991607666,18.2549991607666,18.299999237060547,81400,0.0,0.0
2023-07-26 00:00:00-04:00,18.329999923706055,18.530000686645508,18.139999389648438,18.190000534057617,42800,0.0,0.0
2023-07-27 00:00:00-04:00,18.260000228881836,18.3799991607666,17.729999542236328,18.059999465942383,74500,0.0,0.0
2023-07-28 00:00:00-04:00,18.190000534057617,19.09000015258789,17.889999389648438,18.700000762939453,97600,0.0,0.0
2023-07-31 00:00:00-04:00,18.75,19.83799934387207,18.0,18.940000534057617,74300,0.0,0.0
2023-08-01 00:00:00-04:00,18.850000381469727,19.229999542236328,18.709999084472656,19.049999237060547,54000,0.0,0.0
2023-08-02 00:00:00-04:00,19.270000457763672,19.270000457763672,17.204999923706055,17.8799991607666,71400,0.0,0.0
2023-08-03 00:00:00-04:00,17.829999923706055,18.18000030517578,17.4950008392334,17.950000762939453,49200,0.0,0.0
2023-08-04 00:00:00-04:00,18.020000457763672,18.5,17.75,18.1299991607666,43100,0.0,0.0
2023-08-07 00:00:00-04:00,18.190000534057617,18.450000762939453,17.780000686645508,17.989999771118164,61300,0.0,0.0
2023-08-08 00:00:00-04:00,18.0,18.200000762939453,17.6299991607666,17.739999771118164,72200,0.0,0.0
2023-08-09 00:00:00-04:00,17.75,18.020000457763672,17.40999984741211,17.899999618530273,80900,0.0,0.0
2023-08-10 00:00:00-04:00,18.040000915527344,18.040000915527344,17.440000534057617,17.520000457763672,55100,0.0,0.0
2023-08-11 00:00:00-04:00,17.270000457763672,17.96500015258789,17.18000030517578,17.540000915527344,193600,0.0,0.0
2023-08-14 00:00:00-04:00,17.510000228881836,17.510000228881836,16.450000762939453,16.450000762939453,80200,0.0,0.0
2023-08-15 00:00:00-04:00,16.459999084472656,16.940000534057617,16.18000030517578,16.469999313354492,74400,0.0,0.0
2023-08-16 00:00:00-04:00,16.450000762939453,16.559999465942383,15.319999694824219,15.34000015258789,62300,0.0,0.0
2023-08-17 00:00:00-04:00,15.380000114440918,17.235000610351562,15.140000343322754,16.260000228881836,326100,0.0,0.0
2023-08-18 00:00:00-04:00,16.020000457763672,17.540000915527344,15.369999885559082,16.34000015258789,89700,0.0,0.0
2023-08-21 00:00:00-04:00,16.34000015258789,17.219999313354492,16.149999618530273,16.850000381469727,53100,0.0,0.0
2023-08-22 00:00:00-04:00,16.940000534057617,17.55500030517578,16.65999984741211,17.059999465942383,71900,0.0,0.0
2023-08-23 00:00:00-04:00,17.170000076293945,17.43000030517578,17.0,17.290000915527344,39000,0.0,0.0
2023-08-24 00:00:00-04:00,17.280000686645508,17.280000686645508,16.0,17.010000228881836,494100,0.0,0.0
2023-08-25 00:00:00-04:00,16.959999084472656,17.290000915527344,16.56999969482422,16.719999313354492,58800,0.0,0.0
2023-08-28 00:00:00-04:00,16.729999542236328,16.90999984741211,16.239999771118164,16.3700008392334,44300,0.0,0.0
2023-08-29 00:00:00-04:00,16.31999969482422,16.690000534057617,16.079999923706055,16.239999771118164,55500,0.0,0.0
2023-08-30 00:00:00-04:00,16.18000030517578,16.3799991607666,15.555000305175781,15.729999542236328,53100,0.0,0.0
2023-08-31 00:00:00-04:00,15.729999542236328,16.020000457763672,15.274999618530273,15.619999885559082,182300,0.0,0.0
2023-09-01 00:00:00-04:00,15.619999885559082,16.520000457763672,15.479999542236328,16.389999389648438,49600,0.0,0.0
2023-09-05 00:00:00-04:00,16.270000457763672,17.18000030517578,15.40999984741211,15.5600004196167,81100,0.0,0.0
2023-09-06 00:00:00-04:00,15.539999961853027,15.930000305175781,14.805000305175781,15.579999923706055,111100,0.0,0.0
2023-09-07 00:00:00-04:00,15.579999923706055,16.440000534057617,15.579999923706055,16.170000076293945,87100,0.0,0.0
2023-09-08 00:00:00-04:00,16.229999542236328,16.93000030517578,16.209999084472656,16.6299991607666,77300,0.0,0.0
2023-09-11 00:00:00-04:00,16.719999313354492,16.889999389648438,16.450000762939453,16.670000076293945,48400,0.0,0.0
2023-09-12 00:00:00-04:00,16.6299991607666,17.14900016784668,16.34000015258789,16.469999313354492,44900,0.0,0.0
2023-09-13 00:00:00-04:00,16.43000030517578,16.665000915527344,16.229999542236328,16.299999237060547,54600,0.0,0.0
2023-09-14 00:00:00-04:00,16.329999923706055,16.93899917602539,16.329999923706055,16.440000534057617,77500,0.0,0.0
2023-09-15 00:00:00-04:00,16.5,16.670000076293945,15.640000343322754,16.100000381469727,304200,0.0,0.0
2023-09-18 00:00:00-04:00,16.09000015258789,16.09000015258789,15.51099967956543,15.640000343322754,48000,0.0,0.0
2023-09-19 00:00:00-04:00,15.65999984741211,15.65999984741211,14.239999771118164,14.300000190734863,91500,0.0,0.0
2023-09-20 00:00:00-04:00,14.34000015258789,14.34000015258789,13.380000114440918,13.5,58900,0.0,0.0
2023-09-21 00:00:00-04:00,13.289999961853027,13.364999771118164,12.539999961853027,12.720000267028809,129400,0.0,0.0
2023-09-22 00:00:00-04:00,12.720000267028809,13.199999809265137,12.380000114440918,13.170000076293945,82200,0.0,0.0
2023-09-25 00:00:00-04:00,13.109999656677246,14.130000114440918,13.069999694824219,13.890000343322754,93700,0.0,0.0
2023-09-26 00:00:00-04:00,13.630000114440918,15.5600004196167,13.630000114440918,14.270000457763672,483500,0.0,0.0
2023-09-27 00:00:00-04:00,14.289999961853027,14.765000343322754,13.449999809265137,13.880000114440918,67800,0.0,0.0
2023-09-28 00:00:00-04:00,13.890000343322754,14.670000076293945,13.460000038146973,13.739999771118164,50800,0.0,0.0
2023-09-29 00:00:00-04:00,13.75,13.800000190734863,13.3149995803833,13.65999984741211,568600,0.0,0.0
2023-10-02 00:00:00-04:00,13.65999984741211,14.539999961853027,13.329999923706055,13.680000305175781,99200,0.0,0.0
2023-10-03 00:00:00-04:00,13.630000114440918,14.15999984741211,13.319999694824219,14.050000190734863,69000,0.0,0.0
2023-10-04 00:00:00-04:00,13.989999771118164,13.989999771118164,13.220000267028809,13.619999885559082,75500,0.0,0.0
2023-10-05 00:00:00-04:00,13.59000015258789,14.5600004196167,13.100000381469727,14.420000076293945,84100,0.0,0.0
2023-10-06 00:00:00-04:00,14.199999809265137,14.199999809265137,13.045000076293945,13.119999885559082,68200,0.0,0.0
2023-10-09 00:00:00-04:00,13.010000228881836,13.550000190734863,12.824999809265137,13.34000015258789,31400,0.0,0.0
2023-10-10 00:00:00-04:00,13.319999694824219,13.664999961853027,13.270000457763672,13.399999618530273,47000,0.0,0.0
2023-10-11 00:00:00-04:00,13.600000381469727,13.864999771118164,13.069999694824219,13.220000267028809,28900,0.0,0.0
2023-10-12 00:00:00-04:00,13.279999732971191,13.579999923706055,12.40999984741211,12.520000457763672,33600,0.0,0.0
2023-10-13 00:00:00-04:00,12.609999656677246,12.975000381469727,11.960000038146973,12.25,93200,0.0,0.0
2023-10-16 00:00:00-04:00,12.369999885559082,13.039999961853027,12.210000038146973,12.569999694824219,49100,0.0,0.0
2023-10-17 00:00:00-04:00,12.4399995803833,13.260000228881836,12.239999771118164,13.119999885559082,81700,0.0,0.0
2023-10-18 00:00:00-04:00,13.119999885559082,13.350000381469727,12.845000267028809,13.0,40400,0.0,0.0
2023-10-19 00:00:00-04:00,13.010000228881836,13.010000228881836,12.470000267028809,12.6899995803833,42300,0.0,0.0
2023-10-20 00:00:00-04:00,12.75,13.010000228881836,12.609999656677246,12.649999618530273,52900,0.0,0.0
2023-10-23 00:00:00-04:00,12.5,13.03499984741211,12.055000305175781,12.800000190734863,104000,0.0,0.0
2023-10-24 00:00:00-04:00,12.699999809265137,13.109999656677246,12.479999542236328,12.739999771118164,79900,0.0,0.0
2023-10-25 00:00:00-04:00,12.600000381469727,13.09000015258789,12.09000015258789,12.199999809265137,56300,0.0,0.0
2023-10-26 00:00:00-04:00,12.0,12.170000076293945,11.779000282287598,11.970000267028809,50300,0.0,0.0
2023-10-27 00:00:00-04:00,11.979999542236328,12.005000114440918,10.90999984741211,10.989999771118164,62100,0.0,0.0
2023-10-30 00:00:00-04:00,10.890000343322754,11.989999771118164,10.890000343322754,11.989999771118164,93700,0.0,0.0
2023-10-31 00:00:00-04:00,11.789999961853027,12.739999771118164,11.569999694824219,12.390000343322754,58900,0.0,0.0
2023-11-01 00:00:00-04:00,12.149999618530273,12.449999809265137,11.550000190734863,11.869999885559082,43500,0.0,0.0
2023-11-02 00:00:00-04:00,12.050000190734863,12.300000190734863,11.989999771118164,12.1899995803833,35800,0.0,0.0
2023-11-03 00:00:00-04:00,12.569999694824219,13.220000267028809,12.4350004196167,13.0,72100,0.0,0.0
2023-11-06 00:00:00-05:00,12.899999618530273,12.899999618530273,12.260000228881836,12.300000190734863,31400,0.0,0.0
2023-11-07 00:00:00-05:00,12.180000305175781,12.569999694824219,11.800000190734863,12.5,51500,0.0,0.0
2023-11-08 00:00:00-05:00,12.350000381469727,12.710000038146973,12.050000190734863,12.550000190734863,46400,0.0,0.0
2023-11-09 00:00:00-05:00,12.5,13.256999969482422,11.460000038146973,11.550000190734863,40900,0.0,0.0
2023-11-10 00:00:00-05:00,11.5600004196167,11.880000114440918,11.069999694824219,11.380000114440918,112100,0.0,0.0
2023-11-13 00:00:00-05:00,11.489999771118164,11.670000076293945,10.699999809265137,10.899999618530273,117200,0.0,0.0
2023-11-14 00:00:00-05:00,11.4399995803833,11.819999694824219,10.699999809265137,11.0,104200,0.0,0.0
2023-11-15 00:00:00-05:00,11.119999885559082,12.1850004196167,10.670000076293945,10.949999809265137,69500,0.0,0.0
2023-11-16 00:00:00-05:00,10.9399995803833,11.300000190734863,10.359999656677246,10.420000076293945,43600,0.0,0.0
2023-11-17 00:00:00-05:00,10.579999923706055,10.744999885559082,9.984999656677246,10.399999618530273,191300,0.0,0.0
2023-11-20 00:00:00-05:00,10.510000228881836,11.114999771118164,10.470000267028809,10.539999961853027,55800,0.0,0.0
2023-11-21 00:00:00-05:00,10.470000267028809,11.649999618530273,10.095000267028809,11.140000343322754,95900,0.0,0.0
2023-11-22 00:00:00-05:00,11.170000076293945,11.9350004196167,11.130000114440918,11.399999618530273,76300,0.0,0.0
2023-11-24 00:00:00-05:00,11.880000114440918,12.385000228881836,11.579999923706055,11.670000076293945,41600,0.0,0.0
2023-11-27 00:00:00-05:00,11.529999732971191,11.529999732971191,10.770000457763672,11.0,93100,0.0,0.0
2023-11-28 00:00:00-05:00,11.050000190734863,12.055000305175781,10.680000305175781,11.5600004196167,56900,0.0,0.0
2023-11-29 00:00:00-05:00,11.539999961853027,12.305000305175781,11.539999961853027,11.890000343322754,54400,0.0,0.0
2023-11-30 00:00:00-05:00,11.899999618530273,12.170000076293945,11.210000038146973,11.260000228881836,199100,0.0,0.0
2023-12-01 00:00:00-05:00,11.119999885559082,11.920000076293945,11.119999885559082,11.59000015258789,141800,0.0,0.0
2023-12-04 00:00:00-05:00,11.399999618530273,11.864999771118164,11.1899995803833,11.5,91700,0.0,0.0
2023-12-05 00:00:00-05:00,11.380000114440918,12.095000267028809,11.199999809265137,11.25,151400,0.0,0.0
2023-12-06 00:00:00-05:00,11.329999923706055,11.755000114440918,10.699999809265137,10.970000267028809,158000,0.0,0.0
2023-12-07 00:00:00-05:00,11.0,11.430000305175781,10.87399959564209,11.25,186600,0.0,0.0
2023-12-08 00:00:00-05:00,11.010000228881836,12.53499984741211,11.010000228881836,11.989999771118164,89500,0.0,0.0
2023-12-11 00:00:00-05:00,11.75,11.78499984741211,10.770000457763672,10.869999885559082,150200,0.0,0.0
2023-12-12 00:00:00-05:00,10.899999618530273,11.069999694824219,9.800000190734863,10.130000114440918,434900,0.0,0.0
2023-12-13 00:00:00-05:00,10.050000190734863,11.34000015258789,10.050000190734863,11.319999694824219,470400,0.0,0.0
2023-12-14 00:00:00-05:00,11.670000076293945,12.279999732971191,11.3100004196167,11.829999923706055,111300,0.0,0.0
2023-12-15 00:00:00-05:00,12.149999618530273,12.699999809265137,11.805000305175781,11.899999618530273,526700,0.0,0.0
2023-12-18 00:00:00-05:00,11.930000305175781,12.09000015258789,11.399999618530273,11.699999809265137,333200,0.0,0.0
2023-12-19 00:00:00-05:00,11.850000381469727,13.010000228881836,11.649999618530273,12.619999885559082,173200,0.0,0.0
2023-12-20 00:00:00-05:00,12.65999984741211,13.300000190734863,12.0,12.1899995803833,416500,0.0,0.0
2023-12-21 00:00:00-05:00,12.34000015258789,13.045000076293945,12.079999923706055,12.920000076293945,42400,0.0,0.0
2023-12-22 00:00:00-05:00,12.970000267028809,15.40999984741211,12.630000114440918,14.850000381469727,460900,0.0,0.0
2023-12-26 00:00:00-05:00,14.979999542236328,15.079999923706055,14.175000190734863,14.489999771118164,92000,0.0,0.0
2023-12-27 00:00:00-05:00,14.470000267028809,14.920000076293945,13.779999732971191,14.819999694824219,165900,0.0,0.0
2023-12-28 00:00:00-05:00,14.699999809265137,15.329999923706055,14.0600004196167,14.569999694824219,100800,0.0,0.0
2023-12-29 00:00:00-05:00,14.640000343322754,15.020000457763672,13.602999687194824,13.84000015258789,140700,0.0,0.0
2024-01-02 00:00:00-05:00,13.880000114440918,15.020000457763672,12.899999618530273,14.899999618530273,143800,0.0,0.0
2024-01-03 00:00:00-05:00,14.979999542236328,15.600000381469727,14.220000267028809,14.40999984741211,80100,0.0,0.0
2024-01-04 00:00:00-05:00,14.6899995803833,15.210000038146973,14.085000038146973,14.59000015258789,67700,0.0,0.0
2024-01-05 00:00:00-05:00,14.460000038146973,15.100000381469727,13.1899995803833,13.220000267028809,219100,0.0,0.0
2024-01-08 00:00:00-05:00,13.199999809265137,13.8100004196167,12.59000015258789,13.050000190734863,273400,0.0,0.0
2024-01-09 00:00:00-05:00,12.819999694824219,13.989999771118164,12.621999740600586,13.65999984741211,53100,0.0,0.0
2024-01-10 00:00:00-05:00,13.520000457763672,13.520000457763672,12.40999984741211,12.640000343322754,56500,0.0,0.0
2024-01-11 00:00:00-05:00,12.600000381469727,12.600000381469727,11.300000190734863,11.470000267028809,219200,0.0,0.0
2024-01-12 00:00:00-05:00,11.720000267028809,12.529999732971191,11.59000015258789,12.300000190734863,135600,0.0,0.0
2024-01-16 00:00:00-05:00,12.109999656677246,12.635000228881836,11.774999618530273,11.899999618530273,56800,0.0,0.0
2024-01-17 00:00:00-05:00,11.539999961853027,12.4399995803833,11.130000114440918,11.239999771118164,165500,0.0,0.0
2024-01-18 00:00:00-05:00,11.270000457763672,13.1899995803833,11.239999771118164,12.8100004196167,155400,0.0,0.0
2024-01-19 00:00:00-05:00,12.90999984741211,14.90999984741211,12.670000076293945,14.3100004196167,74100,0.0,0.0
2024-01-22 00:00:00-05:00,14.420000076293945,15.595000267028809,13.890000343322754,14.729999542236328,76300,0.0,0.0
2024-01-23 00:00:00-05:00,15.119999885559082,15.545000076293945,14.390000343322754,15.109999656677246,59000,0.0,0.0
2024-01-24 00:00:00-05:00,15.5,16.145000457763672,14.65999984741211,15.039999961853027,60900,0.0,0.0
2024-01-25 00:00:00-05:00,15.539999961853027,16.549999237060547,14.380000114440918,16.34000015258789,103000,0.0,0.0
2024-01-26 00:00:00-05:00,16.459999084472656,16.639999389648438,15.59000015258789,15.979999542236328,72600,0.0,0.0
2024-01-29 00:00:00-05:00,15.9399995803833,16.719999313354492,15.225000381469727,16.549999237060547,73300,0.0,0.0
2024-01-30 00:00:00-05:00,16.90999984741211,17.190000534057617,16.200000762939453,16.280000686645508,42000,0.0,0.0
2024-01-31 00:00:00-05:00,16.31999969482422,17.31999969482422,15.699999809265137,15.699999809265137,602600,0.0,0.0
2024-02-01 00:00:00-05:00,15.670000076293945,16.979999542236328,14.890000343322754,16.44499969482422,81600,0.0,0.0
2024-02-02 00:00:00-05:00,15.960000038146973,15.989999771118164,15.029999732971191,15.40999984741211,128100,0.0,0.0
2024-02-05 00:00:00-05:00,15.020000457763672,15.3100004196167,13.954999923706055,14.75,85900,0.0,0.0
2024-02-06 00:00:00-05:00,14.699999809265137,15.789999961853027,14.289999961853027,15.729999542236328,67000,0.0,0.0
2024-02-07 00:00:00-05:00,15.630000114440918,15.869999885559082,15.0600004196167,15.220000267028809,85700,0.0,0.0
2024-02-08 00:00:00-05:00,15.239999771118164,16.350000381469727,14.680000305175781,15.40999984741211,59500,0.0,0.0
2024-02-09 00:00:00-05:00,15.550000190734863,16.854999542236328,14.210000038146973,15.949999809265137,62000,0.0,0.0
2024-02-12 00:00:00-05:00,15.84000015258789,16.979999542236328,15.25,16.6200008392334,88900,0.0,0.0
2024-02-13 00:00:00-05:00,15.920000076293945,16.469999313354492,14.744999885559082,14.850000381469727,98800,0.0,0.0
2024-02-14 00:00:00-05:00,15.289999961853027,17.389999389648438,14.890000343322754,17.170000076293945,929900,0.0,0.0
2024-02-15 00:00:00-05:00,17.299999237060547,17.8799991607666,16.959999084472656,17.299999237060547,169700,0.0,0.0
2024-02-16 00:00:00-05:00,17.290000915527344,17.700000762939453,16.68000030517578,16.790000915527344,74900,0.0,0.0
2024-02-20 00:00:00-05:00,16.40999984741211,18.0,15.59000015258789,16.56999969482422,35700,0.0,0.0
2024-02-21 00:00:00-05:00,16.31999969482422,16.329999923706055,15.1899995803833,16.15999984741211,54900,0.0,0.0
2024-02-22 00:00:00-05:00,16.149999618530273,16.809999465942383,15.329999923706055,15.899999618530273,66200,0.0,0.0
2024-02-23 00:00:00-05:00,15.819999694824219,16.84000015258789,15.819999694824219,16.530000686645508,39400,0.0,0.0
2024-02-26 00:00:00-05:00,16.309999465942383,17.610000610351562,16.309999465942383,17.559999465942383,78400,0.0,0.0
2024-02-27 00:00:00-05:00,17.579999923706055,18.06999969482422,16.600000381469727,17.68000030517578,65300,0.0,0.0
2024-02-28 00:00:00-05:00,17.31999969482422,17.670000076293945,17.0,17.0,68100,0.0,0.0
2024-02-29 00:00:00-05:00,17.290000915527344,17.290000915527344,15.869999885559082,15.970000267028809,133400,0.0,0.0
2024-03-01 00:00:00-05:00,16.15999984741211,17.200000762939453,15.960000038146973,16.670000076293945,55200,0.0,0.0
2024-03-04 00:00:00-05:00,17.0,17.100000381469727,15.720000267028809,16.670000076293945,48400,0.0,0.0
2024-03-05 00:00:00-05:00,16.149999618530273,16.405000686645508,15.850000381469727,16.040000915527344,29900,0.0,0.0
2024-03-06 00:00:00-05:00,16.34000015258789,16.43000030517578,15.1899995803833,15.449999809265137,42300,0.0,0.0
2024-03-07 00:00:00-05:00,15.8100004196167,16.110000610351562,15.279999732971191,15.399999618530273,53200,0.0,0.0
2024-03-08 00:00:00-05:00,15.869999885559082,15.869999885559082,14.470000267028809,14.869999885559082,46200,0.0,0.0
2024-03-11 00:00:00-04:00,14.6899995803833,14.6899995803833,13.40999984741211,13.479999542236328,61900,0.0,0.0
2024-03-12 00:00:00-04:00,13.59000015258789,13.59000015258789,12.15999984741211,12.75,221100,0.0,0.0
2024-03-13 00:00:00-04:00,12.649999618530273,12.84000015258789,12.239999771118164,12.270000457763672,79500,0.0,0.0
2024-03-14 00:00:00-04:00,12.069999694824219,13.109999656677246,11.350000381469727,11.539999961853027,99700,0.0,0.0
2024-03-15 00:00:00-04:00,11.130000114440918,12.260000228881836,10.899999618530273,11.970000267028809,643100,0.0,0.0
2024-03-18 00:00:00-04:00,11.920000076293945,12.979999542236328,11.670000076293945,12.640000343322754,74300,0.0,0.0
2024-03-19 00:00:00-04:00,14.5,18.149999618530273,14.5,17.540000915527344,667100,0.0,0.0
2024-03-20 00:00:00-04:00,17.0,19.5,16.704999923706055,19.209999084472656,252600,0.0,0.0
2024-03-21 00:00:00-04:00,19.200000762939453,19.200000762939453,17.59000015258789,18.059999465942383,158300,0.0,0.0
2024-03-22 00:00:00-04:00,18.030000686645508,18.989999771118164,17.5,18.479999542236328,137200,0.0,0.0
2024-03-25 00:00:00-04:00,18.459999084472656,18.889999389648438,16.809999465942383,17.780000686645508,170000,0.0,0.0
2024-03-26 00:00:00-04:00,18.149999618530273,18.40999984741211,17.34000015258789,17.610000610351562,97400,0.0,0.0
2024-03-27 00:00:00-04:00,17.780000686645508,18.809999465942383,17.5,18.6299991607666,84200,0.0,0.0
2024-03-28 00:00:00-04:00,18.649999618530273,18.690000534057617,17.360000610351562,17.59000015258789,196400,0.0,0.0
2024-04-01 00:00:00-04:00,17.639999389648438,19.360000610351562,17.31999969482422,18.899999618530273,285800,0.0,0.0
2024-04-02 00:00:00-04:00,18.190000534057617,19.079999923706055,17.350000381469727,18.799999237060547,383100,0.0,0.0
2024-04-03 00:00:00-04:00,18.520000457763672,19.0,18.040000915527344,18.59000015258789,129000,0.0,0.0
2024-04-04 00:00:00-04:00,18.969999313354492,19.450000762939453,18.5,18.600000381469727,184900,0.0,0.0
2024-04-05 00:00:00-04:00,18.520000457763672,19.65999984741211,18.170000076293945,19.399999618530273,230600,0.0,0.0
2024-04-08 00:00:00-04:00,19.489999771118164,19.489999771118164,17.700000762939453,18.299999237060547,87400,0.0,0.0
2024-04-09 00:00:00-04:00,18.959999084472656,19.969999313354492,18.270000457763672,19.190000534057617,140500,0.0,0.0
2024-04-10 00:00:00-04:00,18.8799991607666,21.15999984741211,17.992000579833984,19.81999969482422,832200,0.0,0.0
2024-04-11 00:00:00-04:00,24.014999389648438,26.0,22.6200008392334,23.81999969482422,3347700,0.0,0.0
2024-04-12 00:00:00-04:00,24.200000762939453,24.200000762939453,19.99799919128418,21.079999923706055,853400,0.0,0.0
2024-04-15 00:00:00-04:00,20.760000228881836,21.190000534057617,19.549999237060547,19.940000534057617,745200,0.0,0.0
2024-04-16 00:00:00-04:00,19.579999923706055,20.600000381469727,18.59000015258789,18.690000534057617,147800,0.0,0.0
2024-04-17 00:00:00-04:00,18.649999618530273,19.450000762939453,17.09000015258789,17.299999237060547,186900,0.0,0.0
2024-04-18 00:00:00-04:00,17.34000015258789,18.270000457763672,16.756000518798828,17.670000076293945,211500,0.0,0.0
2024-04-19 00:00:00-04:00,17.670000076293945,18.510000228881836,15.960000038146973,17.280000686645508,763100,0.0,0.0
2024-04-22 00:00:00-04:00,17.350000381469727,17.989999771118164,16.8700008392334,17.6200008392334,280700,0.0,0.0
2024-04-23 00:00:00-04:00,17.540000915527344,18.200000762939453,17.0,17.3700008392334,368500,0.0,0.0
2024-04-24 00:00:00-04:00,17.309999465942383,17.989999771118164,17.14699935913086,17.489999771118164,221600,0.0,0.0
2024-04-25 00:00:00-04:00,16.809999465942383,17.440000534057617,16.530000686645508,16.780000686645508,602700,0.0,0.0
2024-04-26 00:00:00-04:00,16.719999313354492,17.520000457763672,16.15999984741211,17.18000030517578,148900,0.0,0.0
2024-04-29 00:00:00-04:00,17.40999984741211,18.790000915527344,16.559999465942383,17.790000915527344,283500,0.0,0.0
2024-04-30 00:00:00-04:00,17.93000030517578,18.360000610351562,17.350000381469727,17.389999389648438,792800,0.0,0.0
2024-05-01 00:00:00-04:00,17.68000030517578,18.7549991607666,17.68000030517578,18.100000381469727,176800,0.0,0.0
2024-05-02 00:00:00-04:00,18.290000915527344,21.1299991607666,18.290000915527344,20.989999771118164,221400,0.0,0.0
2024-05-03 00:00:00-04:00,21.809999465942383,23.0,21.344999313354492,22.649999618530273,482500,0.0,0.0
2024-05-06 00:00:00-04:00,22.8799991607666,22.959999084472656,22.200000762939453,22.920000076293945,307100,0.0,0.0
2024-05-07 00:00:00-04:00,22.920000076293945,25.0,22.920000076293945,24.700000762939453,608900,0.0,0.0
2024-05-08 00:00:00-04:00,24.34000015258789,24.600000381469727,23.719999313354492,24.489999771118164,432400,0.0,0.0
2024-05-09 00:00:00-04:00,24.850000381469727,25.155000686645508,23.6200008392334,23.899999618530273,425800,0.0,0.0
2024-05-10 00:00:00-04:00,23.860000610351562,23.899999618530273,22.989999771118164,23.43000030517578,98400,0.0,0.0
2024-05-13 00:00:00-04:00,24.290000915527344,24.700000762939453,24.139999389648438,24.489999771118164,196200,0.0,0.0
2024-05-14 00:00:00-04:00,24.829999923706055,25.0,23.829999923706055,23.8700008392334,342700,0.0,0.0
2024-05-15 00:00:00-04:00,24.84000015258789,24.844999313354492,23.55500030517578,24.0,395900,0.0,0.0
2024-05-16 00:00:00-04:00,23.850000381469727,24.165000915527344,23.052000045776367,23.809999465942383,388800,0.0,0.0
2024-05-17 00:00:00-04:00,24.0,24.0,22.92099952697754,23.040000915527344,392500,0.0,0.0
2024-05-20 00:00:00-04:00,22.969999313354492,24.170000076293945,22.350000381469727,24.0,772200,0.0,0.0
2024-05-21 00:00:00-04:00,24.0,24.200000762939453,22.5,22.899999618530273,696200,0.0,0.0
2024-05-22 00:00:00-04:00,22.889999389648438,23.625,22.270000457763672,22.889999389648438,216200,0.0,0.0
2024-05-23 00:00:00-04:00,22.93000030517578,23.309999465942383,22.18000030517578,22.979999542236328,296400,0.0,0.0
2024-05-24 00:00:00-04:00,23.200000762939453,24.1299991607666,22.729999542236328,23.940000534057617,137100,0.0,0.0
2024-05-28 00:00:00-04:00,24.34000015258789,24.34000015258789,22.139999389648438,23.219999313354492,221800,0.0,0.0
2024-05-29 00:00:00-04:00,22.5,22.989999771118164,21.18000030517578,21.329999923706055,138500,0.0,0.0
2024-05-30 00:00:00-04:00,21.450000762939453,23.3799991607666,21.450000762939453,22.540000915527344,157300,0.0,0.0
2024-05-31 00:00:00-04:00,22.3799991607666,23.420000076293945,21.90999984741211,22.56999969482422,286000,0.0,0.0
2024-06-03 00:00:00-04:00,23.110000610351562,23.459999084472656,20.860000610351562,21.059999465942383,298700,0.0,0.0
2024-06-04 00:00:00-04:00,20.93000030517578,21.450000762939453,20.229999542236328,20.93000030517578,194600,0.0,0.0
2024-06-05 00:00:00-04:00,21.09000015258789,21.90999984741211,19.920000076293945,20.440000534057617,166800,0.0,0.0
2024-06-06 00:00:00-04:00,20.270000457763672,20.46500015258789,19.78499984741211,20.200000762939453,107400,0.0,0.0
2024-06-07 00:00:00-04:00,19.950000762939453,21.950000762939453,19.520000457763672,20.940000534057617,196200,0.0,0.0
2024-06-10 00:00:00-04:00,20.790000915527344,22.770000457763672,20.790000915527344,22.579999923706055,199500,0.0,0.0
2024-06-11 00:00:00-04:00,22.579999923706055,22.579999923706055,21.739999771118164,21.989999771118164,185300,0.0,0.0
2024-06-12 00:00:00-04:00,23.25,23.329999923706055,22.094999313354492,22.75,193400,0.0,0.0
2024-06-13 00:00:00-04:00,22.6299991607666,23.239999771118164,21.729999542236328,22.020000457763672,113700,0.0,0.0
2024-06-14 00:00:00-04:00,21.8799991607666,22.100000381469727,21.440000534057617,21.700000762939453,112900,0.0,0.0
2024-06-17 00:00:00-04:00,21.450000762939453,22.350000381469727,21.059999465942383,21.559999465942383,153300,0.0,0.0
2024-06-18 00:00:00-04:00,21.420000076293945,22.469999313354492,20.389999389648438,20.469999313354492,202700,0.0,0.0
2024-06-20 00:00:00-04:00,20.34000015258789,21.243000030517578,20.160999298095703,21.040000915527344,310800,0.0,0.0
2024-06-21 00:00:00-04:00,20.989999771118164,21.540000915527344,20.815000534057617,21.440000534057617,885600,0.0,0.0
2024-06-24 00:00:00-04:00,21.600000381469727,22.670000076293945,21.31999969482422,21.84000015258789,310600,0.0,0.0
2024-06-25 00:00:00-04:00,21.610000610351562,22.385000228881836,21.309999465942383,21.469999313354492,284200,0.0,0.0
2024-06-26 00:00:00-04:00,21.670000076293945,21.670000076293945,19.8799991607666,21.18000030517578,347300,0.0,0.0
2024-06-27 00:00:00-04:00,21.270000457763672,23.469999313354492,20.899999618530273,23.450000762939453,245500,0.0,0.0
2024-06-28 00:00:00-04:00,23.510000228881836,24.239999771118164,22.988000869750977,23.3700008392334,2543300,0.0,0.0
2024-07-01 00:00:00-04:00,23.43000030517578,23.639999389648438,22.610000610351562,22.700000762939453,351300,0.0,0.0
2024-07-02 00:00:00-04:00,22.559999465942383,22.694000244140625,21.5,21.700000762939453,133800,0.0,0.0
2024-07-03 00:00:00-04:00,21.989999771118164,22.53499984741211,20.6299991607666,21.549999237060547,137200,0.0,0.0
2024-07-05 00:00:00-04:00,21.540000915527344,22.440000534057617,21.280000686645508,22.420000076293945,172300,0.0,0.0
2024-07-08 00:00:00-04:00,22.8799991607666,23.475000381469727,22.229999542236328,22.450000762939453,295200,0.0,0.0
2024-07-09 00:00:00-04:00,22.399999618530273,23.260000228881836,22.190000534057617,23.0,201500,0.0,0.0
2024-07-10 00:00:00-04:00,23.079999923706055,23.329999923706055,22.799999237060547,23.059999465942383,147700,0.0,0.0
2024-07-11 00:00:00-04:00,23.760000228881836,24.524999618530273,23.649999618530273,24.059999465942383,231700,0.0,0.0
2024-07-12 00:00:00-04:00,24.639999389648438,25.34000015258789,23.670000076293945,24.739999771118164,576400,0.0,0.0
2024-07-15 00:00:00-04:00,25.15999984741211,25.34000015258789,24.139999389648438,25.100000381469727,438900,0.0,0.0
2024-07-16 00:00:00-04:00,25.549999237060547,25.549999237060547,24.469999313354492,24.649999618530273,240800,0.0,0.0
2024-07-17 00:00:00-04:00,24.020000457763672,24.71500015258789,23.049999237060547,23.760000228881836,200900,0.0,0.0
2024-07-18 00:00:00-04:00,23.65999984741211,24.584999084472656,22.263999938964844,22.600000381469727,174400,0.0,0.0
2024-07-19 00:00:00-04:00,22.809999465942383,22.84000015258789,21.940000534057617,22.010000228881836,111100,0.0,0.0
2024-07-22 00:00:00-04:00,22.1200008392334,23.450000762939453,21.799999237060547,23.3799991607666,125000,0.0,0.0
2024-07-23 00:00:00-04:00,23.110000610351562,24.770000457763672,22.700000762939453,24.579999923706055,143600,0.0,0.0
2024-07-24 00:00:00-04:00,24.299999237060547,24.6299991607666,23.43000030517578,24.010000228881836,206700,0.0,0.0
2024-07-25 00:00:00-04:00,24.219999313354492,25.8799991607666,23.934999465942383,25.020000457763672,573400,0.0,0.0
2024-07-26 00:00:00-04:00,25.700000762939453,27.524999618530273,25.190000534057617,27.309999465942383,202900,0.0,0.0
2024-07-29 00:00:00-04:00,27.450000762939453,27.67300033569336,26.290000915527344,26.559999465942383,244900,0.0,0.0
2024-07-30 00:00:00-04:00,26.75,26.790000915527344,25.344999313354492,26.1299991607666,131600,0.0,0.0
2024-07-31 00:00:00-04:00,26.399999618530273,27.670000076293945,26.1200008392334,26.3799991607666,836900,0.0,0.0
2024-08-01 00:00:00-04:00,26.299999237060547,26.299999237060547,24.389999389648438,24.700000762939453,163500,0.0,0.0
2024-08-02 00:00:00-04:00,23.510000228881836,23.56999969482422,21.799999237060547,23.219999313354492,261200,0.0,0.0
2024-08-05 00:00:00-04:00,21.049999237060547,23.209999084472656,21.049999237060547,22.110000610351562,279900,0.0,0.0
2024-08-06 00:00:00-04:00,22.0,22.350000381469727,21.489999771118164,21.93000030517578,136400,0.0,0.0
2024-08-07 00:00:00-04:00,22.270000457763672,22.81999969482422,21.139999389648438,21.670000076293945,172300,0.0,0.0
2024-08-08 00:00:00-04:00,21.920000076293945,22.510000228881836,21.40999984741211,21.719999313354492,126400,0.0,0.0
2024-08-09 00:00:00-04:00,21.649999618530273,23.731000900268555,20.860000610351562,21.329999923706055,193800,0.0,0.0
2024-08-12 00:00:00-04:00,21.329999923706055,21.829999923706055,20.825000762939453,21.31999969482422,145300,0.0,0.0
2024-08-13 00:00:00-04:00,21.549999237060547,22.1200008392334,21.174999237060547,21.520000457763672,81000,0.0,0.0
2024-08-14 00:00:00-04:00,22.440000534057617,22.440000534057617,21.03499984741211,21.799999237060547,96300,0.0,0.0
2024-08-15 00:00:00-04:00,22.540000915527344,23.860000610351562,22.149999618530273,23.770000457763672,195900,0.0,0.0
2024-08-16 00:00:00-04:00,23.969999313354492,24.280000686645508,23.360000610351562,23.709999084472656,95400,0.0,0.0
2024-08-19 00:00:00-04:00,23.760000228881836,23.920000076293945,22.684999465942383,23.530000686645508,140900,0.0,0.0
2024-08-20 00:00:00-04:00,23.479999542236328,23.729999542236328,22.05500030517578,22.299999237060547,130700,0.0,0.0
2024-08-21 00:00:00-04:00,22.579999923706055,23.739999771118164,22.09000015258789,23.670000076293945,118700,0.0,0.0
2024-08-22 00:00:00-04:00,23.729999542236328,23.729999542236328,22.729999542236328,22.899999618530273,85900,0.0,0.0
2024-08-23 00:00:00-04:00,23.0,23.135000228881836,22.700000762939453,23.0,123400,0.0,0.0
2024-08-26 00:00:00-04:00,23.260000228881836,23.299999237060547,22.6200008392334,22.93000030517578,132400,0.0,0.0
2024-08-27 00:00:00-04:00,22.829999923706055,23.125,22.010000228881836,22.559999465942383,96400,0.0,0.0
2024-08-28 00:00:00-04:00,22.31999969482422,23.0,22.190000534057617,22.399999618530273,79000,0.0,0.0
2024-08-29 00:00:00-04:00,22.639999389648438,23.079999923706055,22.09000015258789,22.219999313354492,138400,0.0,0.0
2024-08-30 00:00:00-04:00,22.209999084472656,22.649999618530273,21.34000015258789,21.8799991607666,137600,0.0,0.0
2024-09-03 00:00:00-04:00,21.649999618530273,23.0,21.649999618530273,22.200000762939453,263300,0.0,0.0
2024-09-04 00:00:00-04:00,22.020000457763672,22.520000457763672,21.610000610351562,21.739999771118164,165600,0.0,0.0
2024-09-05 00:00:00-04:00,21.760000228881836,22.216999053955078,21.5,21.90999984741211,201000,0.0,0.0
2024-09-06 00:00:00-04:00,22.020000457763672,22.079999923706055,21.3700008392334,21.440000534057617,148100,0.0,0.0
2024-09-09 00:00:00-04:00,21.850000381469727,23.43000030517578,21.65999984741211,23.0,169700,0.0,0.0
2024-09-10 00:00:00-04:00,23.420000076293945,24.18000030517578,22.420000076293945,23.270000457763672,121300,0.0,0.0
2024-09-11 00:00:00-04:00,23.040000915527344,23.239999771118164,22.649999618530273,23.06999969482422,81600,0.0,0.0
2024-09-12 00:00:00-04:00,23.09000015258789,23.510000228881836,22.18000030517578,22.329999923706055,103100,0.0,0.0
2024-09-13 00:00:00-04:00,22.5,22.804000854492188,22.084999084472656,22.31999969482422,146700,0.0,0.0
2024-09-16 00:00:00-04:00,22.440000534057617,22.71500015258789,22.100000381469727,22.3799991607666,106300,0.0,0.0
2024-09-17 00:00:00-04:00,22.709999084472656,23.0,21.3700008392334,21.469999313354492,147500,0.0,0.0
2024-09-18 00:00:00-04:00,21.510000228881836,22.850000381469727,21.469999313354492,21.760000228881836,144000,0.0,0.0
2024-09-19 00:00:00-04:00,22.559999465942383,23.600000381469727,21.8700008392334,23.06999969482422,249000,0.0,0.0
2024-09-20 00:00:00-04:00,22.920000076293945,23.549999237060547,22.389999389648438,23.190000534057617,747900,0.0,0.0
2024-09-23 00:00:00-04:00,23.479999542236328,24.690000534057617,23.290000915527344,23.56999969482422,355300,0.0,0.0
2024-09-24 00:00:00-04:00,23.579999923706055,24.309999465942383,22.809999465942383,24.06999969482422,227300,0.0,0.0
2024-09-25 00:00:00-04:00,24.209999084472656,24.399999618530273,23.559999465942383,24.229999542236328,116300,0.0,0.0
2024-09-26 00:00:00-04:00,24.719999313354492,24.8799991607666,24.051000595092773,24.1200008392334,101100,0.0,0.0
2024-09-27 00:00:00-04:00,24.489999771118164,24.670000076293945,23.989999771118164,24.1299991607666,226700,0.0,0.0
2024-09-30 00:00:00-04:00,24.0,25.610000610351562,23.780000686645508,25.540000915527344,831800,0.0,0.0
2024-10-01 00:00:00-04:00,25.700000762939453,27.549999237060547,24.93000030517578,26.0,849400,0.0,0.0
2024-10-02 00:00:00-04:00,25.799999237060547,25.979999542236328,24.979999542236328,25.299999237060547,1133200,0.0,0.0
2024-10-03 00:00:00-04:00,25.030000686645508,25.559999465942383,24.600000381469727,25.510000228881836,308000,0.0,0.0
2024-10-04 00:00:00-04:00,26.1200008392334,27.6200008392334,25.479999542236328,27.530000686645508,353100,0.0,0.0
2024-10-07 00:00:00-04:00,27.5,27.799999237060547,26.75,27.450000762939453,139200,0.0,0.0
2024-10-08 00:00:00-04:00,27.5,28.510000228881836,27.34000015258789,28.010000228881836,174000,0.0,0.0
2024-10-09 00:00:00-04:00,27.8700008392334,28.6200008392334,27.5,28.209999084472656,376100,0.0,0.0
2024-10-10 00:00:00-04:00,27.799999237060547,27.959999084472656,26.131999969482422,26.969999313354492,255200,0.0,0.0
2024-10-11 00:00:00-04:00,26.760000228881836,28.1200008392334,26.760000228881836,27.90999984741211,168800,0.0,0.0
2024-10-14 00:00:00-04:00,27.950000762939453,28.0,27.290000915527344,27.75,508600,0.0,0.0
2024-10-15 00:00:00-04:00,27.670000076293945,27.854999542236328,27.100000381469727,27.81999969482422,119000,0.0,0.0
2024-10-16 00:00:00-04:00,28.209999084472656,28.56999969482422,27.690000534057617,28.1200008392334,175200,0.0,0.0
2024-10-17 00:00:00-04:00,28.239999771118164,28.239999771118164,27.700000762939453,28.020000457763672,115400,0.0,0.0
2024-10-18 00:00:00-04:00,28.149999618530273,30.030000686645508,27.75,29.0,430100,0.0,0.0
2024-10-21 00:00:00-04:00,29.059999465942383,29.110000610351562,28.389999389648438,28.8700008392334,109300,0.0,0.0
2024-10-22 00:00:00-04:00,28.690000534057617,29.06999969482422,28.30500030517578,28.979999542236328,196900,0.0,0.0
2024-10-23 00:00:00-04:00,28.729999542236328,29.076000213623047,27.739999771118164,28.969999313354492,268500,0.0,0.0
2024-10-24 00:00:00-04:00,28.93000030517578,29.639999389648438,28.780000686645508,28.979999542236328,175400,0.0,0.0
2024-10-25 00:00:00-04:00,29.360000610351562,29.690000534057617,28.665000915527344,28.809999465942383,134300,0.0,0.0
2024-10-28 00:00:00-04:00,29.280000686645508,29.34000015258789,27.959999084472656,28.65999984741211,239500,0.0,0.0
2024-10-29 00:00:00-04:00,28.3700008392334,28.760000228881836,28.149999618530273,28.520000457763672,99500,0.0,0.0
2024-10-30 00:00:00-04:00,28.360000610351562,29.014999389648438,28.0,28.389999389648438,135000,0.0,0.0
2024-10-31 00:00:00-04:00,28.700000762939453,29.09000015258789,27.760000228881836,27.850000381469727,278200,0.0,0.0
2024-11-01 00:00:00-04:00,28.190000534057617,28.375,26.90999984741211,27.6299991607666,433000,0.0,0.0
2024-11-04 00:00:00-05:00,27.729999542236328,28.09000015258789,27.452999114990234,27.649999618530273,451900,0.0,0.0
2024-11-05 00:00:00-05:00,27.549999237060547,28.040000915527344,27.020000457763672,28.010000228881836,227500,0.0,0.0
2024-11-06 00:00:00-05:00,29.219999313354492,29.649999618530273,28.649999618530273,29.549999237060547,370200,0.0,0.0
2024-11-07 00:00:00-05:00,29.729999542236328,29.78499984741211,28.81999969482422,29.0,259400,0.0,0.0
2024-11-08 00:00:00-05:00,29.239999771118164,29.399999618530273,28.31999969482422,28.959999084472656,223800,0.0,0.0
2024-11-11 00:00:00-05:00,29.3799991607666,29.3799991607666,27.399999618530273,27.6299991607666,201400,0.0,0.0
2024-11-12 00:00:00-05:00,27.43000030517578,28.219999313354492,26.0,27.170000076293945,333300,0.0,0.0
2024-11-13 00:00:00-05:00,27.59000015258789,27.59000015258789,25.584999084472656,25.799999237060547,279900,0.0,0.0
2024-11-14 00:00:00-05:00,26.3799991607666,27.200000762939453,24.6200008392334,24.920000076293945,198600,0.0,0.0
2024-11-15 00:00:00-05:00,25.0,25.0,23.700000762939453,24.40999984741211,248500,0.0,0.0
2024-11-18 00:00:00-05:00,24.299999237060547,24.924999237060547,24.1299991607666,24.899999618530273,239200,0.0,0.0
2024-11-19 00:00:00-05:00,24.899999618530273,26.22800064086914,24.520000457763672,26.18000030517578,212400,0.0,0.0
2024-11-20 00:00:00-05:00,26.25,26.479999542236328,24.979999542236328,25.43000030517578,155400,0.0,0.0
2024-11-21 00:00:00-05:00,25.59000015258789,25.760000228881836,24.690000534057617,25.40999984741211,140300,0.0,0.0
2024-11-22 00:00:00-05:00,25.5,26.09000015258789,24.360000610351562,24.540000915527344,259900,0.0,0.0
2024-11-25 00:00:00-05:00,24.719999313354492,25.639999389648438,24.639999389648438,24.8799991607666,304200,0.0,0.0
2024-11-26 00:00:00-05:00,24.8799991607666,25.06999969482422,24.097999572753906,24.350000381469727,159100,0.0,0.0
2024-11-27 00:00:00-05:00,24.450000762939453,25.670000076293945,24.450000762939453,25.40999984741211,168700,0.0,0.0
2024-11-29 00:00:00-05:00,25.260000228881836,25.6299991607666,24.299999237060547,24.3799991607666,112300,0.0,0.0
2024-12-02 00:00:00-05:00,24.489999771118164,25.280000686645508,24.360000610351562,24.43000030517578,202900,0.0,0.0
2024-12-03 00:00:00-05:00,24.06999969482422,25.790000915527344,22.59000015258789,23.610000610351562,211700,0.0,0.0
2024-12-04 00:00:00-05:00,23.610000610351562,23.979999542236328,23.239999771118164,23.709999084472656,118900,0.0,0.0
2024-12-05 00:00:00-05:00,23.709999084472656,24.145000457763672,23.040000915527344,23.25,86200,0.0,0.0
2024-12-06 00:00:00-05:00,23.6200008392334,25.959999084472656,23.59000015258789,25.420000076293945,188400,0.0,0.0
2024-12-09 00:00:00-05:00,25.670000076293945,25.670000076293945,23.950000762939453,24.420000076293945,110000,0.0,0.0
2024-12-10 00:00:00-05:00,24.34000015258789,24.450000762939453,23.510000228881836,23.790000915527344,90900,0.0,0.0
2024-12-11 00:00:00-05:00,24.200000762939453,24.30500030517578,23.100000381469727,24.079999923706055,196700,0.0,0.0
2024-12-12 00:00:00-05:00,24.309999465942383,24.59000015258789,21.690000534057617,23.0,198100,0.0,0.0
2024-12-13 00:00:00-05:00,23.190000534057617,23.709999084472656,22.610000610351562,23.149999618530273,153700,0.0,0.0
2024-12-16 00:00:00-05:00,23.1200008392334,23.719999313354492,23.030000686645508,23.56999969482422,200200,0.0,0.0
2024-12-17 00:00:00-05:00,23.600000381469727,24.420000076293945,22.920000076293945,24.389999389648438,219800,0.0,0.0
2024-12-18 00:00:00-05:00,24.290000915527344,24.299999237060547,21.84000015258789,22.5,446000,0.0,0.0
2024-12-19 00:00:00-05:00,22.649999618530273,23.270000457763672,22.0,22.8700008392334,271200,0.0,0.0
2024-12-20 00:00:00-05:00,22.510000228881836,22.989999771118164,21.829999923706055,22.469999313354492,395200,0.0,0.0
2024-12-23 00:00:00-05:00,22.440000534057617,23.649999618530273,21.424999237060547,23.43000030517578,182000,0.0,0.0
2024-12-24 00:00:00-05:00,23.360000610351562,23.700000762939453,22.524999618530273,23.149999618530273,62200,0.0,0.0
2024-12-26 00:00:00-05:00,22.920000076293945,24.319000244140625,22.260000228881836,22.709999084472656,137500,0.0,0.0
2024-12-27 00:00:00-05:00,22.290000915527344,22.5,21.56999969482422,22.3700008392334,255800,0.0,0.0
2024-12-30 00:00:00-05:00,21.969999313354492,22.774999618530273,21.549999237060547,22.389999389648438,221100,0.0,0.0
2024-12-31 00:00:00-05:00,22.610000610351562,22.9950008392334,22.079999923706055,22.5,90400,0.0,0.0
2025-01-02 00:00:00-05:00,22.799999237060547,24.450000762939453,22.799999237060547,23.899999618530273,170700,0.0,0.0
2025-01-03 00:00:00-05:00,24.209999084472656,25.3700008392334,24.0,24.424999237060547,249300,0.0,0.0
2025-01-06 00:00:00-05:00,24.3700008392334,25.079999923706055,24.049999237060547,24.06999969482422,154300,0.0,0.0
2025-01-07 00:00:00-05:00,23.93000030517578,24.625,23.510000228881836,23.860000610351562,192800,0.0,0.0
2025-01-08 00:00:00-05:00,23.420000076293945,24.229999542236328,21.714000701904297,24.149999618530273,137700,0.0,0.0
2025-01-10 00:00:00-05:00,23.549999237060547,24.209999084472656,21.40999984741211,21.739999771118164,323100,0.0,0.0
2025-01-13 00:00:00-05:00,21.329999923706055,22.40999984741211,21.329999923706055,22.06999969482422,257700,0.0,0.0
2025-01-14 00:00:00-05:00,22.18000030517578,22.575000762939453,20.15999984741211,20.459999084472656,503900,0.0,0.0
2025-01-15 00:00:00-05:00,21.100000381469727,23.079999923706055,20.299999237060547,22.65999984741211,426500,0.0,0.0
2025-01-16 00:00:00-05:00,22.809999465942383,22.809999465942383,21.440000534057617,21.989999771118164,273800,0.0,0.0
2025-01-17 00:00:00-05:00,22.15999984741211,22.239999771118164,20.920000076293945,21.469999313354492,168400,0.0,0.0
2025-01-21 00:00:00-05:00,21.799999237060547,22.68000030517578,21.6200008392334,22.0,364900,0.0,0.0
2025-01-22 00:00:00-05:00,21.84000015258789,22.815000534057617,21.452999114990234,22.049999237060547,198300,0.0,0.0
2025-01-23 00:00:00-05:00,21.760000228881836,22.34000015258789,21.614999771118164,22.040000915527344,121600,0.0,0.0
2025-01-24 00:00:00-05:00,21.979999542236328,22.368000030517578,21.639999389648438,21.860000610351562,509900,0.0,0.0
2025-01-27 00:00:00-05:00,21.809999465942383,22.280000686645508,21.145000457763672,21.290000915527344,209500,0.0,0.0
2025-01-28 00:00:00-05:00,21.170000076293945,21.5,20.71500015258789,21.040000915527344,375200,0.0,0.0
2025-01-29 00:00:00-05:00,20.81999969482422,21.299999237060547,20.399999618530273,20.860000610351562,326700,0.0,0.0
2025-01-30 00:00:00-05:00,21.1299991607666,21.760000228881836,21.020000457763672,21.270000457763672,173600,0.0,0.0
2025-01-31 00:00:00-05:00,21.209999084472656,22.415000915527344,21.209999084472656,21.860000610351562,222200,0.0,0.0
2025-02-03 00:00:00-05:00,21.280000686645508,22.295000076293945,21.280000686645508,21.899999618530273,192000,0.0,0.0
2025-02-04 00:00:00-05:00,21.940000534057617,22.125,21.389999389648438,22.0,166600,0.0,0.0
2025-02-05 00:00:00-05:00,21.950000762939453,23.139999389648438,21.69499969482422,22.75,285300,0.0,0.0
2025-02-06 00:00:00-05:00,22.690000534057617,23.18000030517578,22.299999237060547,22.469999313354492,181500,0.0,0.0
2025-02-07 00:00:00-05:00,22.389999389648438,22.389999389648438,21.690000534057617,22.0,188300,0.0,0.0
2025-02-10 00:00:00-05:00,22.049999237060547,22.360000610351562,21.540000915527344,21.549999237060547,137800,0.0,0.0
2025-02-11 00:00:00-05:00,21.200000762939453,21.81999969482422,20.816999435424805,21.40999984741211,157500,0.0,0.0
2025-02-12 00:00:00-05:00,20.979999542236328,22.079999923706055,20.96500015258789,22.049999237060547,170100,0.0,0.0
2025-02-13 00:00:00-05:00,20.670000076293945,22.90999984741211,20.670000076293945,21.5,318200,0.0,0.0
2025-02-14 00:00:00-05:00,21.639999389648438,22.375,21.170000076293945,21.68000030517578,387400,0.0,0.0
2025-02-18 00:00:00-05:00,22.18000030517578,22.354999542236328,21.549999237060547,21.81999969482422,117500,0.0,0.0
2025-02-19 00:00:00-05:00,21.760000228881836,22.065000534057617,21.489999771118164,21.899999618530273,157300,0.0,0.0
2025-02-20 00:00:00-05:00,21.920000076293945,21.93000030517578,21.15999984741211,21.469999313354492,110200,0.0,0.0
2025-02-21 00:00:00-05:00,21.940000534057617,22.5,21.75,21.799999237060547,170000,0.0,0.0
2025-02-24 00:00:00-05:00,21.90999984741211,21.979999542236328,21.309999465942383,21.350000381469727,153200,0.0,0.0
2025-02-25 00:00:00-05:00,21.530000686645508,21.530000686645508,20.100000381469727,20.1299991607666,203700,0.0,0.0
2025-02-26 00:00:00-05:00,20.100000381469727,20.75,20.020000457763672,20.280000686645508,117900,0.0,0.0
2025-02-27 00:00:00-05:00,20.100000381469727,20.84000015258789,20.0,20.149999618530273,91100,0.0,0.0
2025-02-28 00:00:00-05:00,20.280000686645508,21.03499984741211,20.030000686645508,20.829999923706055,185200,0.0,0.0
2025-03-03 00:00:00-05:00,20.700000762939453,21.238000869750977,19.530000686645508,19.6200008392334,299000,0.0,0.0
2025-03-04 00:00:00-05:00,19.360000610351562,20.020000457763672,18.670000076293945,19.920000076293945,349400,0.0,0.0
2025-03-05 00:00:00-05:00,20.020000457763672,21.260000228881836,19.83300018310547,21.25,283000,0.0,0.0
2025-03-06 00:00:00-05:00,20.84000015258789,22.360000610351562,20.78499984741211,21.459999084472656,325300,0.0,0.0
2025-03-07 00:00:00-05:00,21.639999389648438,22.290000915527344,20.979999542236328,21.0,347300,0.0,0.0
2025-03-10 00:00:00-04:00,20.899999618530273,20.899999618530273,19.924999237060547,20.270000457763672,162200,0.0,0.0
2025-03-11 00:00:00-04:00,20.420000076293945,20.75,19.5,20.690000534057617,212900,0.0,0.0
2025-03-12 00:00:00-04:00,20.719999313354492,21.155000686645508,20.469999313354492,21.020000457763672,138200,0.0,0.0
2025-03-13 00:00:00-04:00,21.1200008392334,21.1200008392334,20.209999084472656,20.290000915527344,141700,0.0,0.0
2025-03-14 00:00:00-04:00,21.100000381469727,22.209999084472656,20.549999237060547,20.739999771118164,205400,0.0,0.0
2025-03-17 00:00:00-04:00,20.610000610351562,21.059999465942383,19.975000381469727,21.040000915527344,140100,0.0,0.0
2025-03-18 00:00:00-04:00,20.56999969482422,21.174999237060547,20.260000228881836,20.280000686645508,244800,0.0,0.0
2025-03-19 00:00:00-04:00,20.229999542236328,21.18000030517578,20.18000030517578,20.889999389648438,144100,0.0,0.0
2025-03-20 00:00:00-04:00,20.479999542236328,21.34000015258789,20.350000381469727,20.920000076293945,235300,0.0,0.0
2025-03-21 00:00:00-04:00,20.639999389648438,21.408000946044922,20.549999237060547,21.079999923706055,412600,0.0,0.0
2025-03-24 00:00:00-04:00,21.549999237060547,22.690000534057617,21.5,22.459999084472656,242000,0.0,0.0
2025-03-25 00:00:00-04:00,22.479999542236328,22.614999771118164,20.68000030517578,21.31999969482422,258900,0.0,0.0
2025-03-26 00:00:00-04:00,21.25,21.618999481201172,20.225000381469727,20.579999923706055,260900,0.0,0.0
2025-03-27 00:00:00-04:00,20.75,21.65999984741211,20.75,21.510000228881836,198600,0.0,0.0
2025-03-28 00:00:00-04:00,21.56999969482422,22.1200008392334,20.895000457763672,21.06999969482422,192200,0.0,0.0
2025-03-31 00:00:00-04:00,20.479999542236328,21.15999984741211,19.479999542236328,19.68000030517578,574100,0.0,0.0
2025-04-01 00:00:00-04:00,19.3799991607666,19.625,18.354999542236328,18.8799991607666,246000,0.0,0.0
2025-04-02 00:00:00-04:00,18.6299991607666,20.0,18.55500030517578,19.860000610351562,751200,0.0,0.0
2025-04-03 00:00:00-04:00,18.90999984741211,20.329999923706055,18.700000762939453,20.030000686645508,468700,0.0,0.0
2025-04-04 00:00:00-04:00,19.229999542236328,20.040000915527344,18.06999969482422,18.690000534057617,516100,0.0,0.0
2025-04-07 00:00:00-04:00,18.0,19.690000534057617,16.989999771118164,17.8700008392334,479800,0.0,0.0
2025-04-08 00:00:00-04:00,18.489999771118164,18.760000228881836,15.140000343322754,15.819999694824219,365200,0.0,0.0
2025-04-09 00:00:00-04:00,15.430000305175781,17.190000534057617,14.470000267028809,16.520000457763672,598000,0.0,0.0
2025-04-10 00:00:00-04:00,15.529999732971191,15.720000267028809,13.300000190734863,14.90999984741211,548700,0.0,0.0
2025-04-11 00:00:00-04:00,15.0600004196167,16.540000915527344,14.449999809265137,16.510000228881836,326800,0.0,0.0
2025-04-14 00:00:00-04:00,17.059999465942383,17.3799991607666,16.299999237060547,17.190000534057617,189700,0.0,0.0
2025-04-15 00:00:00-04:00,17.170000076293945,18.139999389648438,16.375,17.049999237060547,160900,0.0,0.0
2025-04-16 00:00:00-04:00,16.920000076293945,17.364999771118164,15.489999771118164,16.06999969482422,232800,0.0,0.0
2025-04-17 00:00:00-04:00,16.1200008392334,16.854000091552734,16.065000534057617,16.530000686645508,171800,0.0,0.0
2025-04-21 00:00:00-04:00,16.149999618530273,16.81999969482422,15.4399995803833,16.219999313354492,282200,0.0,0.0
2025-04-22 00:00:00-04:00,16.450000762939453,18.225000381469727,16.450000762939453,17.969999313354492,508000,0.0,0.0
2025-04-23 00:00:00-04:00,18.649999618530273,19.610000610351562,17.709999084472656,17.770000457763672,180900,0.0,0.0
2025-04-24 00:00:00-04:00,17.719999313354492,18.56999969482422,17.360000610351562,18.299999237060547,250000,0.0,0.0
2025-04-25 00:00:00-04:00,18.049999237060547,18.399999618530273,17.45800018310547,18.209999084472656,125000,0.0,0.0
2025-04-28 00:00:00-04:00,18.190000534057617,19.184999465942383,17.809999465942383,18.90999984741211,318900,0.0,0.0
2025-04-29 00:00:00-04:00,18.68000030517578,19.079999923706055,18.190000534057617,18.649999618530273,216000,0.0,0.0
2025-04-30 00:00:00-04:00,18.40999984741211,19.2189998626709,17.81999969482422,18.940000534057617,157800,0.0,0.0
2025-05-01 00:00:00-04:00,18.979999542236328,20.155000686645508,18.56999969482422,19.850000381469727,216000,0.0,0.0
2025-05-02 00:00:00-04:00,19.950000762939453,20.790000915527344,19.649999618530273,20.510000228881836,221200,0.0,0.0
2025-05-05 00:00:00-04:00,20.229999542236328,20.600000381469727,19.959999084472656,20.389999389648438,238000,0.0,0.0
2025-05-06 00:00:00-04:00,20.190000534057617,20.350000381469727,18.959999084472656,19.690000534057617,594500,0.0,0.0
2025-05-07 00:00:00-04:00,19.799999237060547,19.799999237060547,17.76099967956543,18.270000457763672,254400,0.0,0.0
2025-05-08 00:00:00-04:00,18.549999237060547,19.415000915527344,17.985000610351562,18.6299991607666,413000,0.0,0.0
2025-05-09 00:00:00-04:00,18.709999084472656,19.670000076293945,18.2549991607666,18.420000076293945,512000,0.0,0.0
2025-05-12 00:00:00-04:00,19.049999237060547,19.850000381469727,18.614999771118164,19.010000228881836,473400,0.0,0.0
2025-05-13 00:00:00-04:00,19.170000076293945,20.459999084472656,18.81999969482422,20.030000686645508,345700,0.0,0.0
2025-05-14 00:00:00-04:00,19.979999542236328,20.959999084472656,19.530000686645508,19.889999389648438,400400,0.0,0.0
2025-05-15 00:00:00-04:00,19.440000534057617,20.0,16.264999389648438,17.81999969482422,800100,0.0,0.0
2025-05-16 00:00:00-04:00,17.729999542236328,18.540000915527344,16.645000457763672,16.860000610351562,474000,0.0,0.0
2025-05-19 00:00:00-04:00,16.520000457763672,17.280000686645508,15.90999984741211,16.850000381469727,349900,0.0,0.0
2025-05-20 00:00:00-04:00,16.899999618530273,17.540000915527344,16.56999969482422,17.3799991607666,333000,0.0,0.0
2025-05-21 00:00:00-04:00,17.06999969482422,17.3700008392334,16.6200008392334,16.93000030517578,181100,0.0,0.0
2025-05-22 00:00:00-04:00,16.799999237060547,17.09000015258789,16.5,16.770000457763672,105800,0.0,0.0
2025-05-23 00:00:00-04:00,16.5,16.950000762939453,16.290000915527344,16.399999618530273,222500,0.0,0.0
2025-05-27 00:00:00-04:00,16.610000610351562,16.78499984741211,15.899999618530273,15.989999771118164,206800,0.0,0.0
2025-05-28 00:00:00-04:00,15.960000038146973,16.34000015258789,15.8100004196167,16.06999969482422,272500,0.0,0.0
2025-05-29 00:00:00-04:00,16.290000915527344,17.809999465942383,16.06999969482422,17.739999771118164,541500,0.0,0.0
2025-05-30 00:00:00-04:00,17.899999618530273,18.25,17.5,17.770000457763672,290200,0.0,0.0
2025-06-02 00:00:00-04:00,17.770000457763672,19.60099983215332,17.770000457763672,19.139999389648438,465900,0.0,0.0
2025-06-03 00:00:00-04:00,19.219999313354492,22.149999618530273,18.850000381469727,21.860000610351562,683100,0.0,0.0
2025-06-04 00:00:00-04:00,21.81999969482422,22.520000457763672,21.200000762939453,22.290000915527344,591000,0.0,0.0
2025-06-05 00:00:00-04:00,22.3700008392334,22.639999389648438,20.983999252319336,21.3700008392334,579600,0.0,0.0
2025-06-06 00:00:00-04:00,21.780000686645508,22.524999618530273,20.040000915527344,20.739999771118164,663500,0.0,0.0
2025-06-09 00:00:00-04:00,21.15999984741211,21.15999984741211,19.940000534057617,20.34000015258789,281500,0.0,0.0
2025-06-10 00:00:00-04:00,20.3799991607666,21.934999465942383,20.264999389648438,21.700000762939453,665400,0.0,0.0
2025-06-11 00:00:00-04:00,21.899999618530273,21.899999618530273,19.489999771118164,19.604999542236328,337100,0.0,0.0
2025-06-12 00:00:00-04:00,19.229999542236328,20.209999084472656,19.229999542236328,19.65999984741211,191300,0.0,0.0
2025-06-13 00:00:00-04:00,18.530000686645508,23.489999771118164,18.530000686645508,21.90999984741211,3224900,0.0,0.0
2025-06-16 00:00:00-04:00,23.3799991607666,24.110000610351562,22.211999893188477,23.09000015258789,1275200,0.0,0.0
2025-06-17 00:00:00-04:00,22.770000457763672,23.170000076293945,21.56999969482422,21.799999237060547,661700,0.0,0.0
2025-06-18 00:00:00-04:00,21.829999923706055,22.709999084472656,21.520000457763672,21.56999969482422,423900,0.0,0.0
2025-06-20 00:00:00-04:00,21.760000228881836,22.06999969482422,21.089000701904297,21.299999237060547,518500,0.0,0.0
2025-06-23 00:00:00-04:00,21.049999237060547,21.299999237060547,20.21500015258789,20.290000915527344,624600,0.0,0.0
2025-06-24 00:00:00-04:00,20.459999084472656,21.3799991607666,20.34000015258789,21.15999984741211,645300,0.0,0.0
2025-06-25 00:00:00-04:00,20.93000030517578,21.65999984741211,20.389999389648438,21.5,485100,0.0,0.0
2025-06-26 00:00:00-04:00,21.59000015258789,21.729999542236328,20.860000610351562,21.520000457763672,466500,0.0,0.0
2025-06-27 00:00:00-04:00,21.5,21.895000457763672,20.530000686645508,20.68000030517578,1443900,0.0,0.0
2025-06-30 00:00:00-04:00,20.600000381469727,21.209999084472656,20.030000686645508,20.059999465942383,352500,0.0,0.0
2025-07-01 00:00:00-04:00,19.889999389648438,20.09000015258789,19.219999313354492,19.649999618530273,884500,0.0,0.0
2025-07-02 00:00:00-04:00,20.040000915527344,21.28499984741211,19.735000610351562,20.639999389648438,947000,0.0,0.0
2025-07-03 00:00:00-04:00,20.8799991607666,21.334999084472656,20.270000457763672,20.729999542236328,272500,0.0,0.0
2025-07-07 00:00:00-04:00,20.579999923706055,21.174999237060547,19.479999542236328,19.59000015258789,410200,0.0,0.0
2025-07-08 00:00:00-04:00,19.760000228881836,20.299999237060547,19.3799991607666,19.93000030517578,300800,0.0,0.0
2025-07-09 00:00:00-04:00,20.270000457763672,22.135000228881836,19.829999923706055,21.579999923706055,743700,0.0,0.0
2025-07-10 00:00:00-04:00,21.329999923706055,22.8700008392334,21.030000686645508,22.780000686645508,392700,0.0,0.0
2025-07-11 00:00:00-04:00,22.530000686645508,23.209999084472656,21.989999771118164,22.450000762939453,343500,0.0,0.0
2025-07-14 00:00:00-04:00,22.40999984741211,23.239999771118164,21.799999237060547,23.0,416300,0.0,0.0
2025-07-15 00:00:00-04:00,23.280000686645508,23.440000534057617,21.34000015258789,21.649999618530273,901000,0.0,0.0
2025-07-16 00:00:00-04:00,22.0,22.184999465942383,21.3799991607666,21.459999084472656,351200,0.0,0.0
2025-07-17 00:00:00-04:00,21.329999923706055,23.709999084472656,21.1200008392334,23.34000015258789,792100,0.0,0.0
2025-07-18 00:00:00-04:00,23.860000610351562,24.3799991607666,22.479999542236328,22.65999984741211,349400,0.0,0.0
2025-07-21 00:00:00-04:00,22.65999984741211,23.405000686645508,21.790000915527344,21.8700008392334,365100,0.0,0.0
2025-07-22 00:00:00-04:00,21.610000610351562,22.239999771118164,21.375,21.559999465942383,278200,0.0,0.0
2025-07-23 00:00:00-04:00,21.739999771118164,22.3700008392334,21.25,22.350000381469727,176500,0.0,0.0
2025-07-24 00:00:00-04:00,22.440000534057617,22.829999923706055,21.799999237060547,21.950000762939453,222800,0.0,0.0
2025-07-25 00:00:00-04:00,21.8700008392334,22.450000762939453,21.040000915527344,21.200000762939453,183600,0.0,0.0
2025-07-28 00:00:00-04:00,21.25,21.25,20.079999923706055,20.670000076293945,338800,0.0,0.0
2025-07-29 00:00:00-04:00,20.920000076293945,20.920000076293945,19.75,20.06999969482422,243800,0.0,0.0
2025-07-30 00:00:00-04:00,20.229999542236328,20.415000915527344,19.020000457763672,19.31999969482422,304000,0.0,0.0
2025-07-31 00:00:00-04:00,19.0,19.440000534057617,18.530000686645508,18.809999465942383,409300,0.0,0.0
2025-08-01 00:00:00-04:00,18.450000762939453,18.905000686645508,18.18000030517578,18.729999542236328,490100,0.0,0.0
2025-08-04 00:00:00-04:00,18.829999923706055,19.329999923706055,18.415000915527344,18.739999771118164,273200,0.0,0.0
2025-08-05 00:00:00-04:00,18.829999923706055,19.270000457763672,18.520000457763672,19.219999313354492,516800,0.0,0.0
2025-08-06 00:00:00-04:00,19.06999969482422,20.260000228881836,18.434999465942383,18.84000015258789,436300,0.0,0.0
2025-08-07 00:00:00-04:00,18.850000381469727,19.43000030517578,17.760000228881836,17.899999618530273,345800,0.0,0.0
2025-08-08 00:00:00-04:00,17.770000457763672,18.420000076293945,17.42799949645996,17.690000534057617,574200,0.0,0.0
2025-08-11 00:00:00-04:00,17.809999465942383,18.579999923706055,17.790000915527344,18.114999771118164,227300,0.0,0.0
2025-08-12 00:00:00-04:00,18.170000076293945,19.079999923706055,18.170000076293945,18.889999389648438,289800,0.0,0.0
2025-08-13 00:00:00-04:00,19.049999237060547,20.110000610351562,18.1299991607666,19.985000610351562,361200,0.0,0.0
2025-08-14 00:00:00-04:00,19.940000534057617,21.389999389648438,19.200000762939453,19.770000457763672,319800,0.0,0.0
2025-08-15 00:00:00-04:00,19.950000762939453,20.78499984741211,19.6299991607666,20.219999313354492,346700,0.0,0.0
2025-08-18 00:00:00-04:00,20.459999084472656,21.011999130249023,19.75,19.75,263200,0.0,0.0
2025-08-19 00:00:00-04:00,20.229999542236328,20.315000534057617,19.010000228881836,19.760000228881836,223900,0.0,0.0
2025-08-20 00:00:00-04:00,19.709999084472656,20.030000686645508,19.40999984741211,19.65999984741211,286400,0.0,0.0
2025-08-21 00:00:00-04:00,19.65999984741211,20.274999618530273,19.299999237060547,19.84000015258789,808900,0.0,0.0
2025-08-22 00:00:00-04:00,19.989999771118164,21.06999969482422,19.6200008392334,20.850000381469727,830400,0.0,0.0
2025-08-25 00:00:00-04:00,20.979999542236328,21.0,19.920000076293945,19.94499969482422,453000,0.0,0.0
2025-08-26 00:00:00-04:00,20.049999237060547,20.899999618530273,19.959999084472656,20.31999969482422,381400,0.0,0.0
2025-08-27 00:00:00-04:00,20.270000457763672,20.90999984741211,20.260000228881836,20.68000030517578,487800,0.0,0.0
2025-08-28 00:00:00-04:00,20.59000015258789,21.136999130249023,20.26099967956543,20.360000610351562,467600,0.0,0.0
2025-08-29 00:00:00-04:00,20.459999084472656,20.989999771118164,19.920000076293945,20.270000457763672,589200,0.0,0.0
2025-09-02 00:00:00-04:00,20.270000457763672,21.299999237060547,20.1200008392334,20.889999389648438,355100,0.0,0.0
2025-09-03 00:00:00-04:00,20.690000534057617,21.18000030517578,20.350000381469727,20.950000762939453,381700,0.0,0.0
2025-09-04 00:00:00-04:00,20.959999084472656,21.020000457763672,19.950000762939453,20.010000228881836,310300,0.0,0.0
2025-09-05 00:00:00-04:00,20.190000534057617,20.895000457763672,19.889999389648438,20.149999618530273,432300,0.0,0.0
2025-09-08 00:00:00-04:00,20.149999618530273,20.81999969482422,19.920000076293945,20.020000457763672,626400,0.0,0.0
2025-09-09 00:00:00-04:00,19.940000534057617,20.270000457763672,19.110000610351562,19.719999313354492,461500,0.0,0.0
2025-09-10 00:00:00-04:00,19.809999465942383,20.235000610351562,19.03499984741211,19.219999313354492,369700,0.0,0.0
2025-09-11 00:00:00-04:00,19.020000457763672,19.969999313354492,18.799999237060547,19.920000076293945,633300,0.0,0.0
2025-09-12 00:00:00-04:00,19.899999618530273,20.149999618530273,19.257999420166016,19.959999084472656,618500,0.0,0.0
2025-09-15 00:00:00-04:00,20.100000381469727,20.299999237060547,18.110000610351562,18.5,624200,0.0,0.0
2025-09-16 00:00:00-04:00,18.40999984741211,19.06999969482422,18.010000228881836,18.43000030517578,580700,0.0,0.0
2025-09-17 00:00:00-04:00,18.56999969482422,19.5,18.56999969482422,19.020000457763672,560700,0.0,0.0
2025-09-18 00:00:00-04:00,19.219999313354492,19.989999771118164,18.780000686645508,19.924999237060547,1313800,0.0,0.0
2025-09-19 00:00:00-04:00,19.959999084472656,20.219999313354492,18.90999984741211,18.959999084472656,2310100,0.0,0.0
2025-09-22 00:00:00-04:00,18.81999969482422,20.030000686645508,18.5,19.920000076293945,423300,0.0,0.0
2025-09-23 00:00:00-04:00,19.8799991607666,20.110000610351562,19.079999923706055,19.190000534057617,433600,0.0,0.0
2025-09-24 00:00:00-04:00,19.280000686645508,19.510000228881836,18.8700008392334,19.200000762939453,470100,0.0,0.0
2025-09-25 00:00:00-04:00,19.040000915527344,19.084999084472656,18.46500015258789,18.56999969482422,277500,0.0,0.0
2025-09-26 00:00:00-04:00,18.56999969482422,20.549999237060547,18.280000686645508,20.010000228881836,521700,0.0,0.0
2025-09-29 00:00:00-04:00,20.329999923706055,20.739999771118164,20.020000457763672,20.299999237060547,374000,0.0,0.0
2025-09-30 00:00:00-04:00,20.110000610351562,20.899999618530273,19.969999313354492,20.469999313354492,402400,0.0,0.0
2025-10-01 00:00:00-04:00,20.3700008392334,20.649999618530273,19.760000228881836,19.825000762939453,289900,0.0,0.0
2025-10-02 00:00:00-04:00,19.93000030517578,20.09000015258789,19.110000610351562,19.920000076293945,267600,0.0,0.0
2025-10-03 00:00:00-04:00,20.079999923706055,20.19300079345703,19.0,19.610000610351562,313900,0.0,0.0
2025-10-06 00:00:00-04:00,19.899999618530273,20.655000686645508,19.481000900268555,20.299999237060547,340700,0.0,0.0
2025-10-07 00:00:00-04:00,20.200000762939453,20.399999618530273,20.0,20.110000610351562,275300,0.0,0.0
2025-10-08 00:00:00-04:00,20.399999618530273,20.969999313354492,20.09000015258789,20.31999969482422,365400,0.0,0.0
2025-10-09 00:00:00-04:00,20.299999237060547,21.809999465942383,20.239999771118164,21.290000915527344,877100,0.0,0.0
2025-10-10 00:00:00-04:00,21.270000457763672,21.309999465942383,20.59000015258789,20.81999969482422,546600,0.0,0.0
2025-10-13 00:00:00-04:00,21.18000030517578,21.280000686645508,20.399999618530273,20.68000030517578,510200,0.0,0.0
2025-10-14 00:00:00-04:00,20.530000686645508,20.530000686645508,19.975000381469727,20.100000381469727,308400,0.0,0.0
2025-10-15 00:00:00-04:00,20.190000534057617,21.75,20.190000534057617,21.729999542236328,514600,0.0,0.0
2025-10-16 00:00:00-04:00,21.8799991607666,22.41900062561035,21.549999237060547,21.75,432800,0.0,0.0
2025-10-17 00:00:00-04:00,21.40999984741211,21.989999771118164,21.079999923706055,21.40999984741211,485200,0.0,0.0
2025-10-20 00:00:00-04:00,21.760000228881836,22.360000610351562,21.200000762939453,22.1200008392334,430000,0.0,0.0
2025-10-21 00:00:00-04:00,22.020000457763672,22.135000228881836,20.93000030517578,21.190000534057617,435600,0.0,0.0
2025-10-22 00:00:00-04:00,21.190000534057617,21.190000534057617,20.100000381469727,20.489999771118164,311400,0.0,0.0
2025-10-23 00:00:00-04:00,20.520000457763672,21.145000457763672,20.260000228881836,20.549999237060547,599700,0.0,0.0
2025-10-24 00:00:00-04:00,20.75,20.81999969482422,20.31999969482422,20.610000610351562,371200,0.0,0.0
2025-10-27 00:00:00-04:00,20.65999984741211,21.878000259399414,20.65999984741211,21.399999618530273,310900,0.0,0.0
2025-10-28 00:00:00-04:00,21.329999923706055,21.68000030517578,20.84000015258789,21.549999237060547,233500,0.0,0.0
2025-10-29 00:00:00-04:00,21.510000228881836,22.8799991607666,21.280000686645508,22.649999618530273,733200,0.0,0.0
2025-10-30 00:00:00-04:00,22.5,24.030000686645508,22.299999237060547,23.969999313354492,471900,0.0,0.0
2025-10-31 00:00:00-04:00,23.8799991607666,24.639999389648438,23.420000076293945,23.420000076293945,388100,0.0,0.0
2025-11-03 00:00:00-05:00,23.25,23.309999465942383,18.329999923706055,20.0,2705000,0.0,0.0
2025-11-04 00:00:00-05:00,19.34000015258789,20.229999542236328,18.610000610351562,19.010000228881836,1004000,0.0,0.0
2025-11-05 00:00:00-05:00,19.0,19.108999252319336,17.770000457763672,18.5,264800,0.0,0.0
2025-11-06 00:00:00-05:00,18.34000015258789,18.559999465942383,17.809999465942383,18.299999237060547,523600,0.0,0.0
2025-11-07 00:00:00-05:00,18.399999618530273,18.399999618530273,16.799999237060547,17.6299991607666,578100,0.0,0.0
2025-11-10 00:00:00-05:00,17.81999969482422,18.954999923706055,17.81999969482422,18.709999084472656,575800,0.0,0.0
2025-11-11 00:00:00-05:00,18.774999618530273,19.709999084472656,18.6200008392334,19.639999389648438,485400,0.0,0.0
2025-11-12 00:00:00-05:00,20.0,20.6200008392334,19.6299991607666,20.299999237060547,424900,0.0,0.0
2025-11-13 00:00:00-05:00,20.309999465942383,21.56999969482422,19.934999465942383,20.270000457763672,459700,0.0,0.0
2025-11-14 00:00:00-05:00,19.8799991607666,22.31999969482422,19.84000015258789,22.06999969482422,565700,0.0,0.0
2025-11-17 00:00:00-05:00,21.969999313354492,22.360000610351562,21.280000686645508,21.760000228881836,843800,0.0,0.0
2025-11-18 00:00:00-05:00,21.639999389648438,22.700000762939453,21.399999618530273,22.59000015258789,646500,0.0,0.0
2025-11-19 00:00:00-05:00,22.549999237060547,23.229999542236328,22.010000228881836,22.100000381469727,440400,0.0,0.0
2025-11-20 00:00:00-05:00,22.469999313354492,23.309999465942383,21.219999313354492,21.270000457763672,352100,0.0,0.0
2025-11-21 00:00:00-05:00,21.15999984741211,22.049999237060547,20.3700008392334,21.75,348700,0.0,0.0
2025-11-24 00:00:00-05:00,21.75,22.850000381469727,21.63599967956543,21.770000457763672,447300,0.0,0.0
2025-11-25 00:00:00-05:00,21.799999237060547,22.450000762939453,21.549999237060547,21.700000762939453,950600,0.0,0.0
2025-11-26 00:00:00-05:00,21.729999542236328,21.954999923706055,21.049999237060547,21.709999084472656,678300,0.0,0.0
2025-11-28 00:00:00-05:00,21.920000076293945,22.139999389648438,21.350000381469727,21.600000381469727,252900,0.0,0.0
2025-12-01 00:00:00-05:00,21.469999313354492,21.469999313354492,19.575000762939453,19.850000381469727,496200,0.0,0.0
2025-12-02 00:00:00-05:00,19.920000076293945,20.700000762939453,19.920000076293945,20.559999465942383,536200,0.0,0.0
2025-12-03 00:00:00-05:00,20.559999465942383,21.020000457763672,20.219999313354492,21.0,359000,0.0,0.0
2025-12-04 00:00:00-05:00,20.969999313354492,21.790000915527344,20.56999969482422,21.399999618530273,494600,0.0,0.0
2025-12-05 00:00:00-05:00,21.43000030517578,21.860000610351562,20.979999542236328,21.809999465942383,523300,0.0,0.0
2025-12-08 00:00:00-05:00,21.920000076293945,22.06999969482422,20.489999771118164,20.520000457763672,423600,0.0,0.0
2025-12-09 00:00:00-05:00,20.40999984741211,20.40999984741211,17.309999465942383,19.489999771118164,1418000,0.0,0.0
2025-12-10 00:00:00-05:00,19.510000228881836,20.469999313354492,19.290000915527344,20.170000076293945,1095000,0.0,0.0
2025-12-11 00:00:00-05:00,19.989999771118164,20.200000762939453,18.135000228881836,18.770000457763672,1187300,0.0,0.0
2025-12-12 00:00:00-05:00,18.700000762939453,18.809999465942383,16.6200008392334,16.860000610351562,1407700,0.0,0.0
2025-12-15 00:00:00-05:00,17.18000030517578,17.440000534057617,16.770000457763672,17.170000076293945,1276300,0.0,0.0
2025-12-16 00:00:00-05:00,17.079999923706055,17.3799991607666,16.360000610351562,16.90999984741211,1101500,0.0,0.0
2025-12-17 00:00:00-05:00,16.950000762939453,17.579999923706055,15.710000038146973,16.020000457763672,1199600,0.0,0.0
2025-12-18 00:00:00-05:00,16.18000030517578,16.899999618530273,15.770000457763672,16.68000030517578,803800,0.0,0.0
2025-12-19 00:00:00-05:00,16.709999084472656,17.149999618530273,16.604999542236328,16.8700008392334,1223300,0.0,0.0
2025-12-22 00:00:00-05:00,16.780000686645508,18.049999237060547,16.51099967956543,17.93000030517578,494600,0.0,0.0
2025-12-23 00:00:00-05:00,17.84000015258789,17.8799991607666,16.475000381469727,16.530000686645508,889500,0.0,0.0
2025-12-24 00:00:00-05:00,16.670000076293945,16.850000381469727,16.469999313354492,16.729999542236328,349600,0.0,0.0
2025-12-26 00:00:00-05:00,16.709999084472656,16.709999084472656,15.880000114440918,16.299999237060547,510900,0.0,0.0
2025-12-29 00:00:00-05:00,16.299999237060547,16.389999389648438,15.890000343322754,15.9399995803833,379400,0.0,0.0
2025-12-30 00:00:00-05:00,15.930000305175781,16.084999084472656,15.329999923706055,15.550000190734863,325900,0.0,0.0
2025-12-31 00:00:00-05:00,15.529999732971191,16.0,15.140000343322754,15.399999618530273,539100,0.0,0.0
2026-01-02 00:00:00-05:00,15.5,15.78499984741211,15.0600004196167,15.539999961853027,490800,0.0,0.0
2026-01-05 00:00:00-05:00,15.6899995803833,15.6899995803833,14.90999984741211,15.210000038146973,463300,0.0,0.0
2026-01-06 00:00:00-05:00,15.130000114440918,15.279999732971191,14.78499984741211,15.140000343322754,505400,0.0,0.0
2026-01-07 00:00:00-05:00,15.140000343322754,15.65999984741211,14.880000114440918,15.470000267028809,774700,0.0,0.0
2026-01-08 00:00:00-05:00,16.739999771118164,25.59000015258789,16.389999389648438,23.25,9487000,0.0,0.0
2026-01-09 00:00:00-05:00,23.579999923706055,29.979999542236328,23.27199935913086,26.0,5786600,0.0,0.0
2026-01-12 00:00:00-05:00,25.75,26.0,23.25200080871582,25.030000686645508,1373200,0.0,0.0
2026-01-13 00:00:00-05:00,25.0,26.469999313354492,24.90999984741211,25.75,1034200,0.0,0.0
2026-01-14 00:00:00-05:00,25.68000030517578,27.420000076293945,24.889999389648438,26.049999237060547,1140000,0.0,0.0
2026-01-15 00:00:00-05:00,26.190000534057617,26.190000534057617,24.290000915527344,25.170000076293945,1252200,0.0,0.0
2026-01-16 00:00:00-05:00,25.34000015258789,27.46299934387207,24.81999969482422,26.709999084472656,1239900,0.0,0.0
2026-01-20 00:00:00-05:00,26.235000610351562,27.420000076293945,25.5,27.049999237060547,1011600,0.0,0.0
2026-01-21 00:00:00-05:00,27.049999237060547,28.5,26.950000762939453,27.204999923706055,1073400,0.0,0.0
2026-01-22 00:00:00-05:00,27.729999542236328,28.690000534057617,26.989999771118164,27.030000686645508,1466800,0.0,0.0
2026-01-23 00:00:00-05:00,26.989999771118164,27.059999465942383,25.440000534057617,25.780000686645508,706200,0.0,0.0
2026-01-26 00:00:00-05:00,25.6200008392334,26.209999084472656,25.440000534057617,25.8700008392334,704900,0.0,0.0
2026-01-27 00:00:00-05:00,25.8700008392334,26.209999084472656,25.549999237060547,26.15999984741211,642300,0.0,0.0
2026-01-28 00:00:00-05:00,26.139999389648438,26.139999389648438,25.34000015258789,25.3799991607666,489500,0.0,0.0
2026-01-29 00:00:00-05:00,25.25,25.75,24.895000457763672,25.670000076293945,1106300,0.0,0.0
2026-01-30 00:00:00-05:00,25.350000381469727,26.8799991607666,25.219999313354492,26.450000762939453,1672900,0.0,0.0
2026-02-02 00:00:00-05:00,26.309999465942383,28.309999465942383,25.93000030517578,28.170000076293945,851300,0.0,0.0
2026-02-03 00:00:00-05:00,28.399999618530273,28.799999237060547,27.184999465942383,27.600000381469727,669000,0.0,0.0
2026-02-04 00:00:00-05:00,27.899999618530273,28.424999237060547,26.844999313354492,27.81999969482422,939100,0.0,0.0
2026-02-05 00:00:00-05:00,28.167999267578125,28.31999969482422,26.770000457763672,26.989999771118164,1118100,0.0,0.0
2026-02-06 00:00:00-05:00,27.450000762939453,30.219999313354492,27.125,29.420000076293945,1263300,0.0,0.0
2026-02-09 00:00:00-05:00,29.420000076293945,29.420000076293945,27.989999771118164,28.079999923706055,586800,0.0,0.0
2026-02-10 00:00:00-05:00,28.34000015258789,28.915000915527344,27.850000381469727,27.93000030517578,356900,0.0,0.0
2026-02-11 00:00:00-05:00,28.059999465942383,28.165000915527344,26.43000030517578,28.010000228881836,625900,0.0,0.0
2026-02-12 00:00:00-05:00,28.299999237060547,28.600000381469727,26.700000762939453,27.15999984741211,458000,0.0,0.0
2026-02-13 00:00:00-05:00,27.25,28.049999237060547,26.68000030517578,26.719999313354492,436300,0.0,0.0
2026-02-17 00:00:00-05:00,26.559999465942383,26.920000076293945,25.760000228881836,26.1299991607666,674700,0.0,0.0
2026-02-18 00:00:00-05:00,25.989999771118164,26.69499969482422,25.360000610351562,26.3700008392334,445100,0.0,0.0
2026-02-19 00:00:00-05:00,26.09000015258789,26.6299991607666,25.299999237060547,26.15999984741211,1036100,0.0,0.0
2026-02-20 00:00:00-05:00,25.940000534057617,26.354999542236328,25.290000915527344,26.020000457763672,598100,0.0,0.0
2026-02-23 00:00:00-05:00,25.81999969482422,27.489999771118164,25.790000915527344,27.450000762939453,597400,0.0,0.0
2026-02-24 00:00:00-05:00,27.68000030517578,29.0,27.6200008392334,28.31999969482422,871300,0.0,0.0
2026-02-25 00:00:00-05:00,28.360000610351562,29.600000381469727,27.979999542236328,29.280000686645508,912400,0.0,0.0
2026-02-26 00:00:00-05:00,29.540000915527344,29.780000686645508,28.520000457763672,29.6200008392334,731200,0.0,0.0
2026-02-27 00:00:00-05:00,29.170000076293945,30.040000915527344,28.90999984741211,29.690000534057617,754000,0.0,0.0
2026-03-02 00:00:00-05:00,28.84000015258789,29.780000686645508,28.3700008392334,29.5,666100,0.0,0.0
2026-03-03 00:00:00-05:00,28.670000076293945,29.450000762939453,28.010000228881836,28.75,657800,0.0,0.0
2026-03-04 00:00:00-05:00,28.59000015258789,30.6299991607666,27.969999313354492,29.979999542236328,958200,0.0,0.0
2026-03-05 00:00:00-05:00,29.93000030517578,30.19499969482422,28.610000610351562,29.290000915527344,754800,0.0,0.0
2026-03-06 00:00:00-05:00,28.68000030517578,30.020000457763672,27.950000762939453,29.440000534057617,564000,0.0,0.0
2026-03-09 00:00:00-04:00,28.8799991607666,30.299999237060547,27.809999465942383,29.729999542236328,574900,0.0,0.0
2026-03-10 00:00:00-04:00,29.719999313354492,30.780000686645508,29.655000686645508,30.239999771118164,976700,0.0,0.0
2026-03-11 00:00:00-04:00,29.84000015258789,30.93000030517578,29.735000610351562,30.700000762939453,885300,0.0,0.0
2026-03-12 00:00:00-04:00,30.260000228881836,30.979999542236328,28.780000686645508,28.809999465942383,762700,0.0,0.0
2026-03-13 00:00:00-04:00,29.190000534057617,30.059999465942383,27.44499969482422,27.770000457763672,1120200,0.0,0.0
2026-03-16 00:00:00-04:00,27.889999389648438,28.90999984741211,27.315000534057617,27.389999389648438,856900,0.0,0.0
2026-03-17 00:00:00-04:00,27.440000534057617,28.204999923706055,27.299999237060547,27.790000915527344,716600,0.0,0.0
2026-03-18 00:00:00-04:00,27.790000915527344,28.03499984741211,26.700000762939453,27.25,1054800,0.0,0.0
2026-03-19 00:00:00-04:00,27.100000381469727,31.7549991607666,26.719999313354492,30.049999237060547,4935000,0.0,0.0
2026-03-20 00:00:00-04:00,30.219999313354492,30.34000015258789,28.6200008392334,29.030000686645508,862500,0.0,0.0
2026-03-23 00:00:00-04:00,29.219999313354492,31.344999313354492,28.959999084472656,30.809999465942383,887600,0.0,0.0
2026-03-24 00:00:00-04:00,30.8799991607666,31.31999969482422,29.3700008392334,31.149999618530273,1209300,0.0,0.0
2026-03-25 00:00:00-04:00,33.755001068115234,36.724998474121094,33.755001068115234,35.529998779296875,6421100,0.0,0.0
2026-03-26 00:00:00-04:00,35.65999984741211,40.619998931884766,35.6349983215332,39.290000915527344,3458600,0.0,0.0
2026-03-27 00:00:00-04:00,39.290000915527344,39.59000015258789,37.720001220703125,38.83000183105469,1347900,0.0,0.0
2026-03-30 00:00:00-04:00,38.290000915527344,39.220001220703125,35.599998474121094,36.59000015258789,2004300,0.0,0.0
2026-03-31 00:00:00-04:00,36.52000045776367,39.349998474121094,36.43299865722656,39.20000076293945,2200500,0.0,0.0
2026-04-01 00:00:00-04:00,39.150001525878906,40.0,37.560001373291016,37.790000915527344,841000,0.0,0.0
2026-04-02 00:00:00-04:00,37.06999969482422,38.875,36.959999084472656,38.83000183105469,810900,0.0,0.0
2026-04-06 00:00:00-04:00,38.7400016784668,40.41999816894531,38.7400016784668,38.939998626708984,706100,0.0,0.0
2026-04-07 00:00:00-04:00,38.7599983215332,43.349998474121094,38.7599983215332,43.15999984741211,3055400,0.0,0.0
2026-04-08 00:00:00-04:00,44.130001068115234,44.66999816894531,42.380001068115234,42.93000030517578,1199700,0.0,0.0
2026-04-09 00:00:00-04:00,42.93000030517578,46.22999954223633,42.880001068115234,45.59000015258789,2270200,0.0,0.0
2026-04-10 00:00:00-04:00,45.970001220703125,46.310001373291016,44.650001525878906,45.31999969482422,1124500,0.0,0.0
2026-04-13 00:00:00-04:00,45.18000030517578,45.61000061035156,42.935001373291016,43.83000183105469,1134800,0.0,0.0
2026-04-14 00:00:00-04:00,43.97999954223633,45.35499954223633,43.84000015258789,44.849998474121094,771100,0.0,0.0
2026-04-15 00:00:00-04:00,44.58000183105469,44.939998626708984,42.5620002746582,43.95000076293945,865800,0.0,0.0
2026-04-16 00:00:00-04:00,43.84000015258789,45.79999923706055,42.63999938964844,45.34000015258789,1488100,0.0,0.0
2026-04-17 00:00:00-04:00,45.95000076293945,48.529998779296875,45.525001525878906,48.11000061035156,1383700,0.0,0.0
2026-04-20 00:00:00-04:00,47.7400016784668,48.150001525878906,46.400001525878906,46.40999984741211,492400,0.0,0.0
2026-04-21 00:00:00-04:00,46.630001068115234,46.630001068115234,44.880001068115234,45.88999938964844,781800,0.0,0.0
2026-04-22 00:00:00-04:00,46.439998626708984,46.93000030517578,44.13999938964844,44.439998626708984,743900,0.0,0.0
2026-04-23 00:00:00-04:00,44.52000045776367,45.02000045776367,43.2599983215332,43.88999938964844,473100,0.0,0.0
2026-04-24 00:00:00-04:00,44.0,44.53300094604492,43.2599983215332,44.25,667200,0.0,0.0
2026-04-27 00:00:00-04:00,44.5,46.849998474121094,44.349998474121094,44.900001525878906,629657,0.0,0.0
