Date,Open,High,Low,Close,Volume,Dividends,Stock Splits
2022-01-03 00:00:00-05:00,68.40156532763663,69.52122423152728,67.72977140901673,68.90541076660156,99500,0.0,0.0
2022-01-04 00:00:00-05:00,69.4745651581895,70.44493330563485,68.83076150301615,69.39059448242188,97600,0.0,0.0
2022-01-05 00:00:00-05:00,69.54922467245954,69.96909237397306,67.7764364865415,67.85108184814453,89500,0.0,0.0
2022-01-06 00:00:00-05:00,67.66446100643603,69.56787480664876,67.64580322737288,68.19629669189453,178100,0.0,0.0
2022-01-07 00:00:00-05:00,70.91147240433325,71.03276578128572,67.42188351868907,69.2693099975586,148200,0.0,0.0
2022-01-10 00:00:00-05:00,69.59585204837174,69.6425071651831,67.12328746593955,68.80276489257812,107800,0.0,0.0
2022-01-11 00:00:00-05:00,69.00804384680357,69.80113109258451,68.3922375227353,69.6145248413086,66700,0.0,0.0
2022-01-12 00:00:00-05:00,69.56787517290365,69.94109482328584,68.4948784660924,68.50420379638672,79600,0.0,0.0
2022-01-13 00:00:00-05:00,68.58819558620355,69.87579616810049,68.58819558620355,68.8960952758789,79500,0.0,0.0
2022-01-14 00:00:00-05:00,68.3269323127228,68.8960835787406,67.7857641571163,68.56951904296875,97000,0.0,0.0
2022-01-18 00:00:00-05:00,68.11233289358712,69.2319848334496,67.66446784649808,68.58818817138672,136500,0.0,0.0
2022-01-19 00:00:00-05:00,68.46687801802304,68.46687801802304,66.48882606217454,66.70342254638672,158300,0.0,0.0
2022-01-20 00:00:00-05:00,66.58214326932648,68.01903453495886,65.08927153833632,65.35985565185547,100100,0.0,0.0
2022-01-21 00:00:00-05:00,64.79068352945787,67.61781033104056,64.6600577254527,65.85435485839844,106900,0.0,0.0
2022-01-24 00:00:00-05:00,65.1732174775996,69.87576698268887,65.0425916956725,69.35326385498047,184300,0.0,0.0
2022-01-25 00:00:00-05:00,68.46687887182883,68.93340163984814,66.09694235606199,67.86040496826172,154800,0.0,0.0
2022-01-26 00:00:00-05:00,68.04701650740527,69.5305556078909,66.89004194615487,67.5245132446289,172600,0.0,0.0
2022-01-27 00:00:00-05:00,67.47786403537197,68.98940061629116,66.72209930419922,66.72209930419922,218800,0.0,0.0
2022-01-28 00:00:00-05:00,66.71275591846559,66.71275591846559,63.727013046466766,65.42515563964844,113900,0.0,0.0
2022-01-31 00:00:00-05:00,65.42516209298662,66.74075272871764,64.8186810101919,66.62879180908203,216900,0.0,0.0
2022-02-01 00:00:00-05:00,66.53548493557435,67.10464336791603,64.81868430715419,66.06896209716797,110600,0.0,0.0
2022-02-02 00:00:00-05:00,66.01297613482197,66.60079229955531,64.93063982297558,65.24787902832031,111000,0.0,0.0
2022-02-03 00:00:00-05:00,65.01461253024941,65.90100293243626,63.736337597064704,63.97893142700195,83100,0.0,0.0
2022-02-04 00:00:00-05:00,64.00691800433775,64.03490822954758,62.299443080817255,63.76432418823242,83100,0.0,0.0
2022-02-07 00:00:00-05:00,64.01625932760088,64.88399202227015,63.587059204876816,64.20286560058594,76400,0.0,0.0
2022-02-08 00:00:00-05:00,64.17487006608573,66.10627401795912,64.14687983930926,65.85435485839844,59400,0.0,0.0
2022-02-09 00:00:00-05:00,65.90100584949482,66.30221572813888,65.48113819167854,65.99431610107422,58300,0.0,0.0
2022-02-10 00:00:00-05:00,65.06126780778155,66.71275526037705,65.06126780778155,65.35050964355469,103600,0.0,0.0
2022-02-11 00:00:00-05:00,65.35050612413623,66.28355160200469,64.79068026112955,65.67707061767578,86400,0.0,0.0
2022-02-14 00:00:00-05:00,65.883597290689,66.64400699038654,65.37665510344904,66.30604553222656,122400,0.43,0.0
2022-02-15 00:00:00-05:00,66.5219866499313,67.5734233859498,66.30606398400431,66.67218780517578,81400,0.0,0.0
2022-02-16 00:00:00-05:00,66.40932647965714,67.13219143109615,65.85544945664343,67.03831481933594,51100,0.0,0.0
2022-02-17 00:00:00-05:00,66.33422255013043,66.91626177956744,65.3485003239233,66.61585235595703,68900,0.0,0.0
2022-02-18 00:00:00-05:00,66.30605419588923,67.90198510402169,66.30605419588923,67.01013946533203,185000,0.0,0.0
2022-02-22 00:00:00-05:00,67.11342268455007,67.46077408289706,65.5926027055945,66.2403564453125,96700,0.0,0.0
2022-02-23 00:00:00-05:00,66.34361096506598,66.79422872082421,65.32034373897258,65.47993469238281,74400,0.0,0.0
2022-02-24 00:00:00-05:00,64.77585449740958,68.41832025882627,64.77585449740958,68.10852813720703,103300,0.0,0.0
2022-02-25 00:00:00-05:00,67.99587400674721,69.05669342615413,67.59219809275572,68.5873031616211,82800,0.0,0.0
2022-02-28 00:00:00-05:00,68.0709843718146,69.37588885315529,67.56404198043849,68.26812744140625,114000,0.0,0.0
2022-03-01 00:00:00-05:00,68.38075232028478,68.90647414871906,66.94441963443299,67.60157012939453,127600,0.0,0.0
2022-03-02 00:00:00-05:00,67.77994310036263,70.77465491625831,67.77994310036263,70.71833038330078,117900,0.0,0.0
2022-03-03 00:00:00-05:00,70.86853596172932,71.09384843231655,69.948535108308,70.35221099853516,73600,0.0,0.0
2022-03-04 00:00:00-05:00,69.9860765890252,73.77874282602238,69.61056302390232,73.09343719482422,104100,0.0,0.0
2022-03-07 00:00:00-05:00,73.27181758268935,73.57222704263681,70.6244569786753,71.08445739746094,170400,0.0,0.0
2022-03-08 00:00:00-05:00,71.06567925042663,71.28160191157995,69.24444999526325,69.42281341552734,78400,0.0,0.0
2022-03-09 00:00:00-05:00,70.40852954975924,71.31914767790828,69.82648312704386,70.63383483886719,60700,0.0,0.0
2022-03-10 00:00:00-05:00,69.87342619115645,71.56323379380548,69.34771145358836,71.30036926269531,89200,0.0,0.0
2022-03-11 00:00:00-05:00,71.459968963988,72.18282674421019,70.11751266158143,70.4930191040039,85200,0.0,0.0
2022-03-14 00:00:00-04:00,70.54934851414625,71.53506363705355,70.00485416302067,71.14077758789062,119800,0.0,0.0
2022-03-15 00:00:00-04:00,71.553851668357,72.71793749612192,70.83098666424696,72.46446990966797,107600,0.0,0.0
2022-03-16 00:00:00-04:00,72.8681340406298,75.5154943663937,72.23914575676147,73.37507629394531,107300,0.0,0.0
2022-03-17 00:00:00-04:00,72.9714149553034,74.15427328579294,72.9714149553034,73.99468231201172,67600,0.0,0.0
2022-03-18 00:00:00-04:00,74.26692389903783,74.41712505052445,72.95262980247857,73.11222076416016,293300,0.0,0.0
2022-03-21 00:00:00-04:00,73.45018420171142,74.6706017147673,72.61467013098112,73.43141174316406,72700,0.0,0.0
2022-03-22 00:00:00-04:00,73.48772715263897,74.2105920576387,73.35629847215282,73.928955078125,74000,0.0,0.0
2022-03-23 00:00:00-04:00,73.50651878415268,73.90080489004824,72.76488130173364,72.98079681396484,64900,0.0,0.0
2022-03-24 00:00:00-04:00,72.98078274528899,74.35140120322798,72.36119143579704,73.95711517333984,65400,0.0,0.0
2022-03-25 00:00:00-04:00,73.80692300130481,75.16815181550363,73.80692300130481,74.58610534667969,53400,0.0,0.0
2022-03-28 00:00:00-04:00,74.5016123632069,74.54855424766238,73.57222178206142,74.39834594726562,66000,0.0,0.0
2022-03-29 00:00:00-04:00,74.22936547124067,75.5342696459876,74.22936547124067,74.94284057617188,132600,0.0,0.0
2022-03-30 00:00:00-04:00,74.98038905123887,75.88161732677781,73.80691361501748,74.3420181274414,73900,0.0,0.0
2022-03-31 00:00:00-04:00,74.63305515596437,75.24326395762955,73.95713200103232,74.0416259765625,100300,0.0,0.0
2022-04-01 00:00:00-04:00,74.34201692335085,74.61426407962381,73.69425620110398,74.18241882324219,115200,0.0,0.0
2022-04-04 00:00:00-04:00,74.55793270486106,75.590589643917,73.63793198477191,74.72691345214844,200000,0.0,0.0
2022-04-05 00:00:00-04:00,74.81140487190514,75.3183470965891,73.18731179121443,73.39384460449219,109800,0.0,0.0
2022-04-06 00:00:00-04:00,73.22487621981212,74.67998880449541,72.50201841368124,74.35140991210938,103500,0.0,0.0
2022-04-07 00:00:00-04:00,74.7550933429917,75.54367273704901,73.77876070204456,75.2432632446289,178500,0.0,0.0
2022-04-08 00:00:00-04:00,77.1865241889586,82.89431063306104,76.25713361580907,82.47185516357422,290100,0.0,0.0
2022-04-11 00:00:00-04:00,82.28411020564592,82.83798724891767,77.95633163557635,78.2004165649414,228300,0.0,0.0
2022-04-12 00:00:00-04:00,79.4208188973758,79.4208188973758,76.81101058097256,77.34611511230469,169100,0.0,0.0
2022-04-13 00:00:00-04:00,77.58081324033587,78.03143099280483,76.32285091700061,76.35101318359375,112800,0.0,0.0
2022-04-14 00:00:00-04:00,76.34163141234947,77.12082096099361,75.73142264338324,76.85796356201172,109000,0.0,0.0
2022-04-18 00:00:00-04:00,77.00816484937062,77.27102224879262,73.70366057298017,74.29508972167969,95400,0.0,0.0
2022-04-19 00:00:00-04:00,75.75019056561615,78.4632652697513,74.52038340698931,77.49632263183594,189400,0.0,0.0
2022-04-20 00:00:00-04:00,78.02205123224186,78.29429844825083,76.87673782776523,77.10204315185547,121700,0.0,0.0
2022-04-21 00:00:00-04:00,77.19591811419681,78.97959520604645,76.82040450873983,77.32734680175781,142800,0.0,0.0
2022-04-22 00:00:00-04:00,76.81101377537247,77.15836510965066,75.34651861025857,75.42161560058594,181500,0.0,0.0
2022-04-25 00:00:00-04:00,75.47794651143941,75.70325180473131,72.49262451659888,75.57182312011719,189600,0.0,0.0
2022-04-26 00:00:00-04:00,74.78324696940267,77.15836013594198,74.23875264125215,74.46405792236328,211600,0.0,0.0
2022-04-27 00:00:00-04:00,74.30447738371333,76.34162933265394,73.79753505848967,74.9052963256836,188100,0.0,0.0
2022-04-28 00:00:00-04:00,75.18692986482718,76.3791851592175,74.81142337941732,76.05061340332031,115400,0.0,0.0
2022-04-29 00:00:00-04:00,75.7408084741925,76.48244590368014,74.08855284441842,74.58610534667969,183500,0.0,0.0
2022-05-02 00:00:00-04:00,74.87713305983189,76.5857132462447,74.04161900595746,76.18203735351562,190700,0.0,0.0
2022-05-03 00:00:00-04:00,75.9379486825528,76.91428119273984,75.2150909002792,76.12570190429688,120900,0.0,0.0
2022-05-04 00:00:00-04:00,76.35100733252288,77.55264503058572,75.11181756110486,77.21468353271484,102900,0.0,0.0
2022-05-05 00:00:00-04:00,76.48244943266504,76.48244943266504,73.38447087918529,74.40774536132812,90200,0.0,0.0
2022-05-06 00:00:00-04:00,74.35140348783784,74.35140348783784,72.26731705339432,73.30935668945312,145000,0.0,0.0
2022-05-09 00:00:00-04:00,72.5865052035132,73.68487662763951,72.15466704947191,73.2624282836914,182300,0.0,0.0
2022-05-10 00:00:00-04:00,73.59100312301385,73.84447786995362,70.75588915284155,71.6852798461914,176600,0.0,0.0
2022-05-11 00:00:00-04:00,72.07018371809396,72.86815296025368,70.18323986353657,71.41304016113281,141700,0.0,0.0
2022-05-12 00:00:00-04:00,71.27221189390782,73.56283854327323,70.85915335557468,73.11222076416016,145800,0.0,0.0
2022-05-13 00:00:00-04:00,73.26242421233039,74.03222386368125,72.09833850689581,73.86324310302734,104000,0.0,0.0
2022-05-16 00:00:00-04:00,73.60977357464041,74.44528754599413,73.13099357187083,73.85385131835938,94900,0.0,0.0
2022-05-17 00:00:00-04:00,74.41712162347385,74.77386277118835,73.11221739720288,74.76447296142578,108300,0.0,0.0
2022-05-18 00:00:00-04:00,73.80691659699589,74.5579366091252,71.29098487359447,72.14527130126953,236400,0.0,0.0
2022-05-19 00:00:00-04:00,71.61017610995262,71.79793650922585,68.972205170524,69.93914794921875,163700,0.0,0.0
2022-05-20 00:00:00-04:00,70.07996682685203,71.62895610795424,69.87343396772815,71.53507232666016,223800,0.0,0.0
2022-05-23 00:00:00-04:00,72.22038157581518,72.22038157581518,70.01424891196038,70.66200256347656,160500,0.0,0.0
2022-05-24 00:00:00-04:00,70.14566422919351,71.30974978026273,69.56361787249631,70.70893096923828,130200,0.0,0.0
2022-05-25 00:00:00-04:00,70.71833000852445,72.8869104638109,70.67138812309116,72.19221496582031,127300,0.0,0.0
2022-05-26 00:00:00-04:00,72.9714092247822,74.44529427902211,72.8775254477405,73.14977264404297,99800,0.0,0.0
2022-05-27 00:00:00-04:00,73.38446112491005,74.63304075844349,73.2530324437303,73.85385131835938,72600,0.0,0.0
2022-05-31 00:00:00-04:00,73.5816195514062,73.86325659136848,72.63345631900992,73.81631469726562,218700,0.0,0.0
2022-06-01 00:00:00-04:00,74.13549194230715,74.60488215882187,72.05139823500959,72.74609375,82200,0.0,0.0
2022-06-02 00:00:00-04:00,72.91507140273556,74.49222274941202,72.2485381832086,74.36079406738281,76500,0.0,0.0
2022-06-03 00:00:00-04:00,73.750580334161,74.35139917157093,73.31874224241797,73.44078826904297,69900,0.0,0.0
2022-06-06 00:00:00-04:00,73.89140722438921,73.89140722438921,71.57261840255428,72.70854187011719,108300,0.0,0.0
2022-06-07 00:00:00-04:00,71.95751812642312,73.33752644186843,71.07506227032592,73.03711700439453,124300,0.0,0.0
2022-06-08 00:00:00-04:00,72.43630140047773,72.64282707867736,71.55384550453115,71.69466400146484,71500,0.0,0.0
2022-06-09 00:00:00-04:00,71.90118996277505,71.95752165916609,69.77016153018543,69.94853210449219,72200,0.0,0.0
2022-06-10 00:00:00-04:00,69.09423975919037,69.09423975919037,67.96770608295266,68.01464080810547,118600,0.0,0.0
2022-06-13 00:00:00-04:00,67.31055581056599,68.85015518496918,67.00076370354479,67.74240112304688,103900,0.0,0.0
2022-06-14 00:00:00-04:00,67.65791784543924,68.39955538209668,66.55954625769105,67.83628845214844,112700,0.0,0.0
2022-06-15 00:00:00-04:00,68.64362441817545,69.38526178276115,67.93014931920393,69.03791046142578,119700,0.0,0.0
2022-06-16 00:00:00-04:00,68.13667535369228,68.85953302754812,67.04768677639491,67.76116180419922,124500,0.0,0.0
2022-06-17 00:00:00-04:00,68.40894199816013,68.85016284508599,67.35750519232984,67.47016143798828,226400,0.0,0.0
2022-06-21 00:00:00-04:00,67.93955634311351,69.14119439596358,67.00077571903343,68.42771911621094,125500,0.0,0.0
2022-06-22 00:00:00-04:00,67.6766738202088,68.1366813609991,66.05258778177634,66.27789306640625,118600,0.0,0.0
2022-06-23 00:00:00-04:00,66.71914107175805,67.26363557230935,65.31097008488064,66.72853088378906,174800,0.0,0.0
2022-06-24 00:00:00-04:00,67.1415856482956,68.8126211398116,66.9444425809301,67.83628845214844,567200,0.0,0.0
2022-06-27 00:00:00-04:00,68.33383340443827,68.74689911608036,67.49831933303625,68.61546325683594,106400,0.0,0.0
2022-06-28 00:00:00-04:00,68.70934009309147,69.15056802915161,66.7848373990539,66.86933135986328,86000,0.0,0.0
2022-06-29 00:00:00-04:00,67.18850342930071,67.18850342930071,65.817885098825,66.58768463134766,72600,0.0,0.0
2022-06-30 00:00:00-04:00,66.17463336582038,67.25423233945413,65.27340497354159,67.24484252929688,136800,0.0,0.0
2022-07-01 00:00:00-04:00,67.12279539772312,68.56851800423009,66.93504219161082,68.48402404785156,92200,0.0,0.0
2022-07-05 00:00:00-04:00,67.72361207605306,70.16443948871552,66.24972725221906,68.82198333740234,147700,0.0,0.0
2022-07-06 00:00:00-04:00,68.62484827947137,69.59179098032945,67.16035309466311,67.65790557861328,101300,0.0,0.0
2022-07-07 00:00:00-04:00,67.9583227147375,70.01425438919516,67.67668568781858,69.60118865966797,140300,0.0,0.0
2022-07-08 00:00:00-04:00,69.08483683009386,70.02361710279409,67.93953091375265,68.25871276855469,63200,0.0,0.0
2022-07-11 00:00:00-04:00,68.13668645507785,69.02852501339493,67.81749737919002,68.0897445678711,98900,0.0,0.0
2022-07-12 00:00:00-04:00,63.273804031371824,63.761966716022826,59.274597291924245,61.527671813964844,528200,0.0,0.0
2022-07-13 00:00:00-04:00,60.945623205536414,61.62154625455291,59.340309545285336,61.302364349365234,150800,0.0,0.0
2022-07-14 00:00:00-04:00,60.945632411923384,62.982784514037135,60.945632411923384,62.69176483154297,117700,0.0,0.0
2022-07-15 00:00:00-04:00,63.639931452509586,63.639931452509586,61.79992251758935,62.12849426269531,97900,0.0,0.0
2022-07-18 00:00:00-04:00,62.926456888493306,63.27380825811036,61.048895855091374,61.18032455444336,115000,0.0,0.0
2022-07-19 00:00:00-04:00,61.903179362777784,62.71053104709107,61.50888616736668,61.86562728881836,146100,0.0,0.0
2022-07-20 00:00:00-04:00,61.26480627185727,63.33950993932822,61.26480627185727,62.457054138183594,115300,0.0,0.0
2022-07-21 00:00:00-04:00,61.997057274599946,62.01582973081286,60.79541953184776,61.659095764160156,110800,0.0,0.0
2022-07-22 00:00:00-04:00,62.0252182314016,62.316237851679965,60.99256126565752,61.86562728881836,97800,0.0,0.0
2022-07-25 00:00:00-04:00,61.89379172535602,62.08154493941503,61.43379133728322,61.837467193603516,85400,0.0,0.0
2022-07-26 00:00:00-04:00,61.349296802971004,61.349296802971004,60.12888659836096,60.49501037597656,71400,0.0,0.0
2022-07-27 00:00:00-04:00,60.95501912497262,62.53217067665352,60.17582957857017,62.32563781738281,115400,0.0,0.0
2022-07-28 00:00:00-04:00,62.47583375566462,62.70113902915827,61.283578727012774,62.457054138183594,61000,0.0,0.0
2022-07-29 00:00:00-04:00,62.66359739069639,62.795026085645794,62.00645391594935,62.316246032714844,149400,0.0,0.0
2022-08-01 00:00:00-04:00,62.08154416443275,63.51788416712542,61.499504910719956,62.24114227294922,217600,0.0,0.0
2022-08-02 00:00:00-04:00,62.08154665051162,62.3350213750362,61.20848057265425,61.80929946899414,108600,0.0,0.0
2022-08-03 00:00:00-04:00,62.33502661251461,62.33502661251461,61.03950493904009,61.0958366394043,85300,0.0,0.0
2022-08-04 00:00:00-04:00,61.048892228083,61.630938692295025,59.95052080775727,60.05378723144531,104700,0.0,0.0
2022-08-05 00:00:00-04:00,59.93174292732362,60.39174691475529,59.434190444292675,60.31664276123047,252100,0.0,0.0
2022-08-08 00:00:00-04:00,60.560730576497484,61.52767332183165,59.91296975542536,60.44807434082031,186000,0.0,0.0
2022-08-09 00:00:00-04:00,60.64521322187228,61.02072681937985,59.91296564601191,60.213375091552734,173100,0.0,0.0
2022-08-10 00:00:00-04:00,61.0113372086258,61.32113646475357,60.035008298018,60.17582321166992,135800,0.0,0.0
2022-08-11 00:00:00-04:00,60.654607409747335,61.349302959770306,60.08195074373498,60.15705490112305,111700,0.0,0.0
2022-08-12 00:00:00-04:00,60.5351016996023,62.22686470436115,60.5351016996023,62.2174186706543,177800,0.43,0.0
2022-08-15 00:00:00-04:00,61.70705918207422,62.63327534855387,60.80918833089571,62.614376068115234,137500,0.0,0.0
2022-08-16 00:00:00-04:00,62.57656317297512,64.59912485320733,62.2741242453903,63.80522537231445,121500,0.0,0.0
2022-08-17 00:00:00-04:00,63.39882153859972,64.31559155358072,63.39882153859972,63.68235397338867,181700,0.0,0.0
2022-08-18 00:00:00-04:00,63.597280940013455,64.58020900514596,63.54057590898824,64.28721618652344,56200,0.0,0.0
2022-08-19 00:00:00-04:00,64.18327576046755,64.18327576046755,62.5954695897998,62.67107391357422,137700,0.0,0.0
2022-08-22 00:00:00-04:00,62.47260156541891,62.47260156541891,61.5085796992868,62.160709381103516,80200,0.0,0.0
2022-08-23 00:00:00-04:00,62.03784387556218,62.54821092007238,61.20613862379344,61.40461349487305,81800,0.0,0.0
2022-08-24 00:00:00-04:00,61.40461391191675,61.81101690137693,60.535102886792195,61.26284408569336,73900,0.0,0.0
2022-08-25 00:00:00-04:00,61.234494121548735,62.62382549731419,61.06437176511392,62.548213958740234,71200,0.0,0.0
2022-08-26 00:00:00-04:00,62.3969865271902,62.7372312163157,60.80918038150876,61.02656173706055,82300,0.0,0.0
2022-08-29 00:00:00-04:00,60.79027430812902,62.000029862804325,59.99637132403437,60.809173583984375,100700,0.0,0.0
2022-08-30 00:00:00-04:00,60.82808660159658,60.82808660159658,60.16650010959123,60.36497497558594,169200,0.0,0.0
2022-08-31 00:00:00-04:00,60.61070734359717,60.82808870570855,59.79790496826172,59.79790496826172,169700,0.0,0.0
2022-09-01 00:00:00-04:00,59.325344507816595,60.30827285180505,59.04180845618514,59.249732971191406,127600,0.0,0.0
2022-09-02 00:00:00-04:00,59.84517051884623,60.05309867157503,57.8131552226977,58.295169830322266,86000,0.0,0.0
2022-09-06 00:00:00-04:00,58.73936740614712,59.67503670338832,58.49363352631663,59.08906173706055,158100,0.0,0.0
2022-09-07 00:00:00-04:00,58.975646239439435,60.478391178969424,58.66375407965195,60.05308532714844,99200,0.0,0.0
2022-09-08 00:00:00-04:00,59.552172967010215,59.741198206581345,58.673212272914114,59.03235626220703,75400,0.0,0.0
2022-09-09 00:00:00-04:00,59.33479331882413,59.88296613563404,59.04180763188325,59.66558837890625,116900,0.0,0.0
2022-09-12 00:00:00-04:00,59.95857368080074,60.771383261527866,59.67503763494866,60.33662414550781,110200,0.0,0.0
2022-09-13 00:00:00-04:00,59.40094717057019,59.6750335584919,57.49180290974856,57.94546127319336,179600,0.0,0.0
2022-09-14 00:00:00-04:00,57.898207158816795,59.438757960262954,57.69028264467504,58.45582962036133,129500,0.0,0.0
2022-09-15 00:00:00-04:00,58.162839447645254,59.0229007774308,57.775339367310146,58.002166748046875,88600,0.0,0.0
2022-09-16 00:00:00-04:00,57.93600772263219,58.91893597423825,57.397288193558055,58.814971923828125,290900,0.0,0.0
2022-09-19 00:00:00-04:00,58.276248299164074,58.767712390427555,57.51069784069205,58.28569793701172,82300,0.0,0.0
2022-09-20 00:00:00-04:00,58.00216631527634,58.00216631527634,57.24606904286834,57.94546127319336,63100,0.0,0.0
2022-09-21 00:00:00-04:00,57.94546549338052,58.95674634488242,57.42564520071991,57.605220794677734,78500,0.0,0.0
2022-09-22 00:00:00-04:00,57.775336899810135,57.775336899810135,56.782959039418465,57.11375045776367,72200,0.0,0.0
2022-09-23 00:00:00-04:00,56.76406433920243,56.85857515653578,55.07229402929679,55.374732971191406,86800,0.0,0.0
2022-09-26 00:00:00-04:00,55.223506973948425,56.22533810392612,55.223506973948425,55.554298400878906,100200,0.0,0.0
2022-09-27 00:00:00-04:00,55.85673159701328,56.40490431172467,54.27837894221367,54.85490417480469,116200,0.0,0.0
2022-09-28 00:00:00-04:00,55.119548378156374,55.86619607894609,54.22168120932692,55.26131820678711,178800,0.0,0.0
2022-09-29 00:00:00-04:00,55.091189334026566,55.58265344832559,54.250030917279496,55.44088363647461,91700,0.0,0.0
2022-09-30 00:00:00-04:00,55.21406109687659,55.800039710415966,54.32564714218942,54.42961120605469,134000,0.0,0.0
2022-10-03 00:00:00-04:00,55.00613325074589,56.24424148651149,54.864363425794885,56.01741409301758,106400,0.0,0.0
2022-10-04 00:00:00-04:00,56.54668180245462,57.94546269199786,56.11192270548821,57.32168197631836,112100,0.0,0.0
2022-10-05 00:00:00-04:00,56.764061403649734,57.293327721916015,56.48052175559978,56.82076644897461,77100,0.0,0.0
2022-10-06 00:00:00-04:00,56.78296256211379,57.24607057652732,55.970156620491025,56.51832580566406,119400,0.0,0.0
2022-10-07 00:00:00-04:00,56.12138219368584,56.12138219368584,54.53357590341439,54.94942855834961,147300,0.0,0.0
2022-10-10 00:00:00-04:00,54.92106671886995,55.620455320161206,54.495760890865235,54.9777717590332,95500,0.0,0.0
2022-10-11 00:00:00-04:00,54.9494264418611,55.535401434280864,54.31619604132558,55.05339050292969,121500,0.0,0.0
2022-10-12 00:00:00-04:00,55.0911904512346,55.232956660604415,54.08935932038297,54.3539924621582,77500,0.0,0.0
2022-10-13 00:00:00-04:00,53.66405303468879,55.90399589871207,53.20094504043853,55.62990951538086,102900,0.0,0.0
2022-10-14 00:00:00-04:00,56.007954581768935,56.007954581768935,55.03447961578712,55.32746887207031,77700,0.0,0.0
2022-10-17 00:00:00-04:00,56.10247803572429,56.96253945632756,56.093024790737594,56.56558609008789,93000,0.0,0.0
2022-10-18 00:00:00-04:00,57.40674316098395,58.03052387681668,57.09485100038944,57.45399856567383,80900,0.0,0.0
2022-10-19 00:00:00-04:00,57.26497756948098,57.82260003884638,56.622293923251156,57.51070785522461,67000,0.0,0.0
2022-10-20 00:00:00-04:00,57.49180513823233,58.04942396889562,56.36710702190872,56.97198486328125,89600,0.0,0.0
2022-10-21 00:00:00-04:00,57.30277637696163,59.36314365039865,57.29332313326034,58.966190338134766,94200,0.0,0.0
2022-10-24 00:00:00-04:00,59.089066188056286,60.00583627623541,58.72991858567324,59.608882904052734,86600,0.0,0.0
2022-10-25 00:00:00-04:00,59.72229342148667,60.563455530541226,59.50491566477249,59.599430084228516,84600,0.0,0.0
2022-10-26 00:00:00-04:00,59.779001432751855,60.49729659149677,59.22137898268268,59.542720794677734,82800,0.0,0.0
2022-10-27 00:00:00-04:00,59.76009919301174,61.04546284948607,59.542721436283955,59.66558837890625,72900,0.0,0.0
2022-10-28 00:00:00-04:00,60.09088570411183,60.9603966073198,59.70338204748173,60.676856994628906,84000,0.0,0.0
2022-10-31 00:00:00-04:00,60.308272263318045,61.07382284007361,60.062538377040546,60.45949172973633,116000,0.0,0.0
2022-11-01 00:00:00-04:00,63.59730440113035,65.49700295909655,60.45949747096766,64.67474365234375,131600,0.0,0.0
2022-11-02 00:00:00-04:00,64.17382470377582,65.14729980866971,62.70888181867275,63.30431365966797,117100,0.0,0.0
2022-11-03 00:00:00-04:00,62.64271646470254,63.909184330275885,62.24576675592925,63.75796127319336,75800,0.0,0.0
2022-11-04 00:00:00-04:00,64.38174918440545,65.9411955865797,64.04150449756786,65.8939437866211,87000,0.0,0.0
2022-11-07 00:00:00-05:00,66.00734657887665,67.88814539286346,65.44972781029882,67.6235122680664,112100,0.0,0.0
2022-11-08 00:00:00-05:00,67.71802734082665,68.97504197363418,67.33997690553034,67.81253814697266,101800,0.0,0.0
2022-11-09 00:00:00-05:00,67.42503676077199,68.65369891459007,64.77869804512832,65.50643920898438,99800,0.0,0.0
2022-11-10 00:00:00-05:00,67.26437294773457,68.52138772203406,66.30035107939351,67.94486236572266,106800,0.0,0.0
2022-11-11 00:00:00-05:00,68.02047517649868,68.99395030795155,66.80126614823696,68.19059753417969,103200,0.0,0.0
2022-11-14 00:00:00-05:00,68.31347211792672,68.8427385574837,66.91469446746487,66.93359375,88100,0.0,0.0
2022-11-15 00:00:00-05:00,67.96377097623103,69.71224637879583,67.59516652105805,67.90705871582031,87400,0.0,0.0
2022-11-16 00:00:00-05:00,67.42503776602305,68.00156308564108,66.8012606463768,66.95247650146484,76400,0.0,0.0
2022-11-17 00:00:00-05:00,66.26253523818173,67.07534111825846,66.26253523818173,67.05643463134766,57800,0.0,0.0
2022-11-18 00:00:00-05:00,68.37015382201103,68.37015382201103,66.93357088648001,67.06588745117188,169300,0.0,0.0
2022-11-21 00:00:00-05:00,66.82961363124764,67.64241958877244,66.23418902963829,67.48175048828125,99900,0.0,0.0
2022-11-22 00:00:00-05:00,67.88815859205882,68.76712290500612,67.70858298929879,68.5875473022461,71800,0.0,0.0
2022-11-23 00:00:00-05:00,68.62535392424479,69.21133254372617,67.98267025506672,68.17169189453125,54300,0.0,0.0
2022-11-25 00:00:00-05:00,67.72748188222499,68.99394257241224,66.47991325863168,68.05827331542969,27000,0.0,0.0
2022-11-28 00:00:00-05:00,67.90705660057182,69.17352461983279,67.17931537950841,68.07717895507812,70100,0.0,0.0
2022-11-29 00:00:00-05:00,67.00918519990195,67.78418534421482,65.47808418814186,65.81832885742188,108900,0.0,0.0
2022-11-30 00:00:00-05:00,65.69546612814361,67.33997723746974,64.80704868242483,67.1415023803711,150400,0.0,0.0
2022-12-01 00:00:00-05:00,67.45340391091136,67.45340391091136,65.16620169289013,65.6482162475586,123200,0.0,0.0
2022-12-02 00:00:00-05:00,65.1756486708473,66.31924606453394,64.71254065108951,66.15857696533203,89500,0.0,0.0
2022-12-05 00:00:00-05:00,65.83725154137052,65.88450335051505,64.2966969068355,65.00553894042969,98100,0.0,0.0
2022-12-06 00:00:00-05:00,65.26072880512832,65.5159087750444,63.32322428235269,64.03206634521484,78100,0.0,0.0
2022-12-07 00:00:00-05:00,64.27777964848198,64.31558541165272,62.8600959777832,62.8600959777832,76400,0.0,0.0
2022-12-08 00:00:00-05:00,62.93571005211221,63.294861252567614,62.14181053456202,62.756141662597656,73900,0.0,0.0
2022-12-09 00:00:00-05:00,62.699424270559994,63.13418697348754,62.22686301240728,62.24576950073242,48700,0.0,0.0
2022-12-12 00:00:00-05:00,61.55582734413005,62.37808653522363,60.24211121901063,60.374427795410156,122600,0.0,0.0
2022-12-13 00:00:00-05:00,61.8299191827747,63.606754297739556,61.489674467599016,62.40644454956055,150100,0.0,0.0
2022-12-14 00:00:00-05:00,62.31192774634325,63.13418693082992,61.102172080003704,61.848819732666016,140500,0.0,0.0
2022-12-15 00:00:00-05:00,61.38570686432724,61.68814579252007,58.85278174205143,59.21192932128906,117300,0.0,0.0
2022-12-16 00:00:00-05:00,59.12687044648184,59.419856141548074,57.74698872692096,58.03997802734375,340500,0.0,0.0
2022-12-19 00:00:00-05:00,58.38966785102253,58.89058523585532,57.13265678025422,57.5863151550293,127900,0.0,0.0
2022-12-20 00:00:00-05:00,57.70918106449468,57.973814210398096,56.953080181302845,57.869850158691406,118500,0.0,0.0
2022-12-21 00:00:00-05:00,58.42747319670256,59.68448786378641,57.76588671957192,59.58997344970703,96300,0.0,0.0
2022-12-22 00:00:00-05:00,59.12686619580436,59.12686619580436,58.134484664735915,58.71100997924805,88700,0.0,0.0
2022-12-23 00:00:00-05:00,58.75827006175109,59.51437102282352,58.323514532884055,59.4293098449707,56000,0.0,0.0
2022-12-27 00:00:00-05:00,59.6844916746904,59.89241618822868,58.91894109586953,59.391502380371094,62500,0.0,0.0
2022-12-28 00:00:00-05:00,59.59942780432696,59.722291136885126,57.84149932861328,57.84149932861328,91900,0.0,0.0
2022-12-29 00:00:00-05:00,58.34241337913985,59.183571854485756,57.96436653012761,58.436927795410156,81000,0.0,0.0
2022-12-30 00:00:00-05:00,58.13448475441582,58.55034097161365,57.104301060999134,57.44454574584961,178500,0.0,0.0
2023-01-03 00:00:00-05:00,58.030529024560614,58.47473419447736,57.41619789302756,58.162845611572266,103000,0.0,0.0
2023-01-04 00:00:00-05:00,58.69210507154217,58.88113029024202,57.4539969195027,57.813140869140625,97100,0.0,0.0
2023-01-05 00:00:00-05:00,57.55797069782655,57.690287291672185,56.716808512716696,57.1799201965332,81900,0.0,0.0
2023-01-06 00:00:00-05:00,57.841497579753074,59.599426002315106,57.841497579753074,59.136314392089844,85500,0.0,0.0
2023-01-09 00:00:00-05:00,59.13631844598874,60.74302391792076,59.04180763188325,59.66558837890625,144800,0.0,0.0
2023-01-10 00:00:00-05:00,65.02443692968042,65.02443692968042,61.66924885845982,64.08876037597656,157900,0.0,0.0
2023-01-11 00:00:00-05:00,64.18327552130057,65.48754203813752,64.0509517310846,65.33631896972656,156000,0.0,0.0
2023-01-12 00:00:00-05:00,65.96955330004916,68.11497819959622,65.51589132791496,66.72564697265625,156400,0.0,0.0
2023-01-13 00:00:00-05:00,66.32870185089709,66.9241264705485,65.42138505445608,65.97900390625,97200,0.0,0.0
2023-01-17 00:00:00-05:00,65.76162979102061,67.31163022047483,65.76162979102061,66.78236389160156,139900,0.0,0.0
2023-01-18 00:00:00-05:00,66.73511310090196,67.70858830888957,64.38175964355469,64.38175964355469,127000,0.0,0.0
2023-01-19 00:00:00-05:00,64.26832962884963,65.22290536733642,64.16436557759302,64.33448791503906,135500,0.0,0.0
2023-01-20 00:00:00-05:00,64.80706227873661,65.93176058229932,64.04151521064509,65.83724975585938,123500,0.0,0.0
2023-01-23 00:00:00-05:00,65.84668409219329,67.76528164983584,65.37412283323847,67.50064849853516,112100,0.0,0.0
2023-01-24 00:00:00-05:00,67.13205675600257,67.96376925429628,66.3381572375002,66.74456024169922,75300,0.0,0.0
2023-01-25 00:00:00-05:00,66.06406576997315,66.57443279744791,65.41192892196996,66.56497955322266,71900,0.0,0.0
2023-01-26 00:00:00-05:00,66.77290897564545,67.12259970102137,66.1680311261551,67.07534790039062,64000,0.0,0.0
2023-01-27 00:00:00-05:00,66.68784759142316,68.06772570647097,66.68784759142316,67.94486236572266,65200,0.0,0.0
2023-01-30 00:00:00-05:00,67.47229816248841,68.72931288260045,67.46284491800357,68.53083801269531,85500,0.0,0.0
2023-01-31 00:00:00-05:00,68.42686787691218,70.30765956240438,68.42686787691218,70.23204803466797,136700,0.0,0.0
2023-02-01 00:00:00-05:00,70.17535105964205,71.62138744291454,69.41925011680179,70.7613296508789,91500,0.0,0.0
2023-02-02 00:00:00-05:00,71.00704911719697,71.75369673948114,70.27930798245595,70.88418579101562,166700,0.0,0.0
2023-02-03 00:00:00-05:00,70.23204767643851,71.19607662338016,70.23204767643851,70.6384506225586,124600,0.0,0.0
2023-02-06 00:00:00-05:00,70.59121068886924,71.42291599735931,69.6177355454501,70.16590118408203,87100,0.0,0.0
2023-02-07 00:00:00-05:00,69.71224552137575,70.89364878029616,68.85218048773932,70.31712341308594,154900,0.0,0.0
2023-02-08 00:00:00-05:00,69.64608637470751,69.91071954775195,68.88053216901386,69.53266906738281,64800,0.0,0.0
2023-02-09 00:00:00-05:00,69.87290214109272,70.0146719489581,68.31344867599759,68.80491638183594,84500,0.0,0.0
2023-02-10 00:00:00-05:00,68.40796363346898,69.1640645142096,67.97320815079247,68.33235931396484,97700,0.0,0.0
2023-02-13 00:00:00-05:00,68.29456034993386,69.54212187989494,67.97321491986874,69.2774887084961,76900,0.0,0.0
2023-02-14 00:00:00-05:00,68.94667897898934,69.4381466848277,68.02046302759793,68.80491638183594,79300,0.0,0.0
2023-02-15 00:00:00-05:00,68.21520991183839,69.6799545288086,67.67306478955284,69.6799545288086,68300,0.46,0.0
2023-02-16 00:00:00-05:00,68.75737173848017,69.53730012592551,68.08206851027698,68.80492401123047,75500,0.0,0.0
2023-02-17 00:00:00-05:00,68.99515114594021,69.67996769433704,68.73834131200893,69.45169067382812,75800,0.0,0.0
2023-02-21 00:00:00-05:00,68.66226039672743,69.78459708438663,68.66226039672743,68.99515533447266,95700,0.0,0.0
2023-02-22 00:00:00-05:00,68.99514320815817,69.90822941544982,68.4910442115188,68.7002944946289,154500,0.0,0.0
2023-02-23 00:00:00-05:00,68.78590220583658,69.12831048684015,67.5018747803557,67.82525634765625,75700,0.0,0.0
2023-02-24 00:00:00-05:00,67.00727193387429,67.53991099053003,66.59828472835702,67.3972396850586,85400,0.0,0.0
2023-02-27 00:00:00-05:00,67.80623284467775,68.08206212439282,66.79803477552689,66.9882583618164,61900,0.0,0.0
2023-02-28 00:00:00-05:00,66.81705681775902,67.58747180558542,66.31295776367188,66.31295776367188,147300,0.0,0.0
2023-03-01 00:00:00-05:00,66.20833531316227,67.43529713503618,66.14175632700936,66.56025695800781,126400,0.0,0.0
2023-03-02 00:00:00-05:00,66.29392586783719,67.31163725310397,65.856405831388,67.29261779785156,105800,0.0,0.0
2023-03-03 00:00:00-05:00,67.34017580060659,68.05352508978012,66.22734539450708,67.80622863769531,83700,0.0,0.0
2023-03-06 00:00:00-05:00,67.72063206243702,67.9203762760608,65.70423577790373,66.37002563476562,109200,0.0,0.0
2023-03-07 00:00:00-05:00,66.20833739806307,66.38905490469688,65.15257968684588,65.50450134277344,69100,0.0,0.0
2023-03-08 00:00:00-05:00,65.24769162339115,66.21785089021941,65.01942184272323,66.06566619873047,78300,0.0,0.0
2023-03-09 00:00:00-05:00,66.40806561662644,66.40806561662644,65.2857290649756,65.48546600341797,82300,0.0,0.0
2023-03-10 00:00:00-05:00,65.10501736647815,65.12404408034284,63.28835804691923,64.33460235595703,84300,0.0,0.0
2023-03-13 00:00:00-04:00,63.640271021698936,65.0479428802626,63.640271021698936,64.48677825927734,85600,0.0,0.0
2023-03-14 00:00:00-04:00,65.64716267346785,66.560256269209,64.67701070576997,65.43791961669922,95800,0.0,0.0
2023-03-15 00:00:00-04:00,64.30606633980791,65.14306029404965,63.782940583053815,64.99088287353516,104100,0.0,0.0
2023-03-16 00:00:00-04:00,64.36312744530896,66.4841558796152,63.96365358087743,66.35099792480469,104800,0.0,0.0
2023-03-17 00:00:00-04:00,66.20832031358432,66.20832031358432,64.5438387802866,65.1050033569336,340700,0.0,0.0
2023-03-20 00:00:00-04:00,65.6091309329726,66.9882703212004,64.85773529682275,65.79935455322266,110500,0.0,0.0
2023-03-21 00:00:00-04:00,66.59828773989756,67.43528889967789,65.63764923651601,66.55073547363281,104100,0.0,0.0
2023-03-22 00:00:00-04:00,66.38905772329393,67.14044608405368,65.36183278391984,65.39036560058594,82700,0.0,0.0
2023-03-23 00:00:00-04:00,65.67570167440392,66.31295870440097,64.648476838353,65.0479507446289,77600,0.0,0.0
2023-03-24 00:00:00-04:00,64.71504795218229,66.1417465209961,64.42970533579386,66.1417465209961,66200,0.0,0.0
2023-03-27 00:00:00-04:00,66.71242726793737,66.73145397998772,65.76129484922534,66.20832824707031,63200,0.0,0.0
2023-03-28 00:00:00-04:00,66.01811069403284,67.13093398396177,66.01811069403284,66.7219467163086,68000,0.0,0.0
2023-03-29 00:00:00-04:00,67.1879883985289,67.1879883985289,65.77080323361156,65.90396118164062,61900,0.0,0.0
2023-03-30 00:00:00-04:00,66.19881984924073,67.1214195255431,66.19881984924073,66.5126953125,64700,0.0,0.0
2023-03-31 00:00:00-04:00,66.81705757705683,68.36740092697957,66.81705757705683,67.98695373535156,152100,0.0,0.0
2023-04-03 00:00:00-04:00,67.83477184176812,68.53860788308887,67.48285019282508,68.42447662353516,92700,0.0,0.0
2023-04-04 00:00:00-04:00,68.37691534159315,68.37691534159315,66.44611751360614,66.91217041015625,75000,0.0,0.0
2023-04-05 00:00:00-04:00,66.79803858826362,66.79803858826362,65.56156343711149,66.5317153930664,77800,0.0,0.0
2023-04-06 00:00:00-04:00,66.5126964040351,66.91217031479444,66.27491327764523,66.7219467163086,61000,0.0,0.0
2023-04-10 00:00:00-04:00,66.73145912007188,67.60649927111268,66.28442568779353,67.25457763671875,206900,0.0,0.0
2023-04-11 00:00:00-04:00,70.4503808992853,75.6625899638995,70.35526910476385,75.11093139648438,348500,0.0,0.0
2023-04-12 00:00:00-04:00,74.9872830874384,75.1394677711388,72.78065596973845,73.17062377929688,137500,0.0,0.0
2023-04-13 00:00:00-04:00,73.52254051058674,74.1883303159243,72.72358548761702,73.23719787597656,188500,0.0,0.0
2023-04-14 00:00:00-04:00,73.13256220459668,73.49398986741062,72.21947606441127,72.61894989013672,128100,0.0,0.0
2023-04-17 00:00:00-04:00,72.75211318021083,74.70193744752076,72.75211318021083,74.39757537841797,135100,0.0,0.0
2023-04-18 00:00:00-04:00,74.31197098993232,75.09189925917163,72.49531189914012,73.14208221435547,200500,0.0,0.0
2023-04-19 00:00:00-04:00,72.72358255823947,72.98039237035701,72.0482794238662,72.24801635742188,166600,0.0,0.0
2023-04-20 00:00:00-04:00,72.0007322972157,72.61896991603078,71.72491023903102,71.99122619628906,149400,0.0,0.0
2023-04-21 00:00:00-04:00,71.95317172951489,72.26704718149105,71.01155263015117,71.23982238769531,124900,0.0,0.0
2023-04-24 00:00:00-04:00,71.15421675714623,71.7914810180664,71.12568394449818,71.7914810180664,134700,0.0,0.0
2023-04-25 00:00:00-04:00,71.2968895825579,71.47760707523145,70.69767873460098,70.72621154785156,155800,0.0,0.0
2023-04-26 00:00:00-04:00,70.39331219598965,70.39331219598965,69.52777821359025,70.0699234008789,99900,0.0,0.0
2023-04-27 00:00:00-04:00,70.041395003578,70.89741568391996,70.01286219032743,70.72621154785156,147100,0.0,0.0
2023-04-28 00:00:00-04:00,70.60256299142598,71.19226044981251,69.85116750605054,70.07943725585938,81900,0.0,0.0
2023-05-01 00:00:00-04:00,69.82264051248369,70.67865395973669,68.69079051207055,68.74785614013672,115700,0.0,0.0
2023-05-02 00:00:00-04:00,68.81442889948714,69.156837150037,67.39724363038957,68.2247314453125,182700,0.0,0.0
2023-05-03 00:00:00-04:00,68.4339776724631,69.41365020289541,66.93119389893754,67.7491683959961,136100,0.0,0.0
2023-05-04 00:00:00-04:00,67.48283499530207,67.84426991999915,66.65535452362974,67.69208526611328,81500,0.0,0.0
2023-05-05 00:00:00-04:00,68.51007242073915,69.38511257414127,68.46252014995113,68.5481185913086,78300,0.0,0.0
2023-05-08 00:00:00-04:00,68.41496654852915,68.65274969276058,67.6730842995776,67.76819610595703,105000,0.0,0.0
2023-05-09 00:00:00-04:00,67.29261555232054,67.45430631454578,66.85509553047125,67.0548324584961,252200,0.0,0.0
2023-05-10 00:00:00-04:00,67.59699149570277,68.34838709719153,66.62683946667403,68.12962341308594,110400,0.0,0.0
2023-05-11 00:00:00-04:00,67.81574086772721,68.16765520034369,67.51137879966113,67.77769470214844,73500,0.0,0.0
2023-05-12 00:00:00-04:00,67.94891140894623,67.94891140894623,67.17848911221488,67.53041076660156,63800,0.0,0.0
2023-05-15 00:00:00-04:00,67.84429004229231,68.03451365950535,66.98826925170191,67.435302734375,89600,0.0,0.0
2023-05-16 00:00:00-04:00,67.07385699409939,68.21522028485592,66.93119293224893,67.54942321777344,119700,0.0,0.0
2023-05-17 00:00:00-04:00,68.05353396979672,68.91906078018611,67.09288810318779,68.75736999511719,194800,0.0,0.0
2023-05-18 00:00:00-04:00,68.49104644305942,69.28048082338107,68.15815155297626,68.93807983398438,110900,0.0,0.0
2023-05-19 00:00:00-04:00,69.32804258948865,69.48022726220204,68.12010759022563,69.17586517333984,118900,0.0,0.0
2023-05-22 00:00:00-04:00,69.40412865502552,70.12699127197266,68.90002967119693,70.12699127197266,76100,0.0,0.0
2023-05-23 00:00:00-04:00,70.11748078438089,71.14470550470287,69.50875663675991,70.38379669189453,198400,0.0,0.0
2023-05-24 00:00:00-04:00,70.41233653648128,70.43136324981253,69.77507951461845,70.18406677246094,101600,0.0,0.0
2023-05-25 00:00:00-04:00,70.06042585070604,70.19358382477569,67.92037765186002,69.1663589477539,79000,0.0,0.0
2023-05-26 00:00:00-04:00,69.00467263800282,70.22212119798995,68.05354004344215,70.20309448242188,72700,0.0,0.0
2023-05-30 00:00:00-04:00,70.22210971370166,70.22210971370166,69.36608906727952,69.92725372314453,75500,0.0,0.0
2023-05-31 00:00:00-04:00,69.86067217033929,70.25063993912552,68.76687571100385,68.93807983398438,133200,0.0,0.0
2023-06-01 00:00:00-04:00,68.54812614409693,69.52779156036553,67.96793467797488,68.35790252685547,90800,0.0,0.0
2023-06-02 00:00:00-04:00,68.96661828213637,70.2125995111029,68.2342422075273,69.81312561035156,472700,0.0,0.0
2023-06-05 00:00:00-04:00,69.24244326233523,69.299508885586,65.70422948949755,67.68258666992188,139700,0.0,0.0
2023-06-06 00:00:00-04:00,67.3211548133206,69.89872292657556,66.70291725882394,69.78459167480469,136400,0.0,0.0
2023-06-07 00:00:00-04:00,69.8511630037911,72.01023027315017,69.8511630037911,71.4395523071289,127100,0.0,0.0
2023-06-08 00:00:00-04:00,71.39199564919699,72.38117421636292,70.48842277147722,71.69635772705078,169800,0.0,0.0
2023-06-09 00:00:00-04:00,71.60124787925564,71.71538638275645,70.62158264137511,70.82131958007812,91600,0.0,0.0
2023-06-12 00:00:00-04:00,71.0400854427736,71.49662495786187,70.91643357932342,71.23982238769531,88000,0.0,0.0
2023-06-13 00:00:00-04:00,71.32542097317382,72.53336325816446,70.94496653876972,72.16242218017578,129600,0.0,0.0
2023-06-14 00:00:00-04:00,72.59043169745928,72.733103022962,71.55370076149865,71.86756896972656,120600,0.0,0.0
2023-06-15 00:00:00-04:00,71.90562384291889,72.29559169605247,71.16374156839402,72.07682800292969,241800,0.0,0.0
2023-06-16 00:00:00-04:00,72.61894944027043,72.62846279508027,70.9544679201621,71.32540893554688,376300,0.0,0.0
2023-06-20 00:00:00-04:00,71.14472265705454,71.53468325662574,70.80231433439566,70.98302459716797,89800,0.0,0.0
2023-06-21 00:00:00-04:00,70.95447350009879,72.7996726238848,70.51695347976518,72.19094848632812,143100,0.0,0.0
2023-06-22 00:00:00-04:00,72.2385071771603,72.3145995152649,71.33493424600348,71.7914810180664,116100,0.0,0.0
2023-06-23 00:00:00-04:00,71.29689404683447,72.67604057834242,70.38380768281817,70.46940612792969,260200,0.0,0.0
2023-06-26 00:00:00-04:00,70.46940548220243,71.05911026164004,69.87019460221647,69.89872741699219,146900,0.0,0.0
2023-06-27 00:00:00-04:00,70.17454628664858,71.04008024116571,70.01285552258413,70.19357299804688,116000,0.0,0.0
2023-06-28 00:00:00-04:00,70.0413862144404,70.24112313869539,69.50875441642707,69.96529388427734,85400,0.0,0.0
2023-06-29 00:00:00-04:00,69.9272607669814,71.08764362051066,69.62289864610203,71.01155853271484,135400,0.0,0.0
2023-06-30 00:00:00-04:00,71.24934064059087,71.76294581622071,70.36478710568244,70.44087219238281,112400,0.0,0.0
2023-07-03 00:00:00-04:00,70.44087004676048,71.15421941587533,70.44087004676048,70.57402801513672,59100,0.0,0.0
2023-07-05 00:00:00-04:00,70.45038455717398,71.20178010906717,69.60387720582098,71.15422058105469,141300,0.0,0.0
2023-07-06 00:00:00-04:00,70.53598648588577,71.94365845840215,70.53598648588577,71.61076354980469,110600,0.0,0.0
2023-07-07 00:00:00-04:00,71.93414520728624,72.00072418910318,71.17324359460181,71.80098724365234,118500,0.0,0.0
2023-07-10 00:00:00-04:00,72.16240899327136,73.42740941589496,72.16240899327136,73.13256072998047,259100,0.0,0.0
2023-07-11 00:00:00-04:00,72.28607293064417,77.99286816201081,71.98171080856723,73.41792297363281,382000,0.0,0.0
2023-07-12 00:00:00-04:00,74.28343818730588,74.45464230772147,72.3336211422794,72.96136474609375,225300,0.0,0.0
2023-07-13 00:00:00-04:00,72.81869658055476,73.60813823970084,72.42873605733708,72.66651916503906,188300,0.0,0.0
2023-07-14 00:00:00-04:00,72.46679264599483,72.65701625688452,71.25885022149193,72.37167358398438,113300,0.0,0.0
2023-07-17 00:00:00-04:00,72.15290870774746,75.11093122705013,72.15290870774746,74.36904907226562,136400,0.0,0.0
2023-07-18 00:00:00-04:00,74.64487294850643,75.62453814637928,74.01712208973495,74.60682678222656,114800,0.0,0.0
2023-07-19 00:00:00-04:00,74.60683979305679,74.84462293135026,73.59863435222799,73.99811553955078,163500,0.0,0.0
2023-07-20 00:00:00-04:00,74.28343810768241,75.00630075494725,73.69374067087743,74.97776794433594,109400,0.0,0.0
2023-07-21 00:00:00-04:00,75.43430630005665,75.78622789098736,74.62584523303845,74.76851654052734,97800,0.0,0.0
2023-07-24 00:00:00-04:00,74.59731516423648,75.37724344973138,74.48317666273806,74.83509826660156,110700,0.0,0.0
2023-07-25 00:00:00-04:00,74.58780251710489,75.59600781517751,74.50220408259094,75.40577697753906,160500,0.0,0.0
2023-07-26 00:00:00-04:00,75.32017629579197,75.75769632445997,75.05386038760832,75.34870910644531,124500,0.0,0.0
2023-07-27 00:00:00-04:00,75.68160263067772,75.84329339251516,74.24539071558452,74.39757537841797,130100,0.0,0.0
2023-07-28 00:00:00-04:00,74.68291962097615,75.23457820452884,74.20735337789245,74.61634063720703,78300,0.0,0.0
2023-07-31 00:00:00-04:00,74.50220418465021,74.83509908026795,73.68422972309551,73.93152618408203,105500,0.0,0.0
2023-08-01 00:00:00-04:00,73.87445343043086,74.38806580878759,73.38938112023104,73.94103240966797,99900,0.0,0.0
2023-08-02 00:00:00-04:00,73.28475594591129,74.36904632540359,73.07550565222601,74.3024673461914,82700,0.0,0.0
2023-08-03 00:00:00-04:00,74.07419479099657,74.78754414965759,73.78885940147113,74.59732055664062,82300,0.0,0.0
2023-08-04 00:00:00-04:00,74.60683386144018,74.97777494716105,73.74129982371483,74.04566192626953,68100,0.0,0.0
2023-08-07 00:00:00-04:00,73.9981086159314,74.56878664312721,73.65570034830094,74.38806915283203,249900,0.0,0.0
2023-08-08 00:00:00-04:00,73.72227916715471,73.72227916715471,72.92332412559928,73.64618682861328,69200,0.0,0.0
2023-08-09 00:00:00-04:00,73.55107393090546,74.18833092936421,72.97088255721474,73.43693542480469,131700,0.0,0.0
2023-08-10 00:00:00-04:00,73.47498748209821,74.02664608761714,72.98990786299947,73.38938903808594,118400,0.0,0.0
2023-08-11 00:00:00-04:00,73.06600079187481,73.68423838876701,73.04698133413035,73.58912658691406,131700,0.0,0.0
2023-08-14 00:00:00-04:00,73.41688749795016,73.73263291849392,73.12983824294768,73.64652252197266,158400,0.46,0.0
2023-08-15 00:00:00-04:00,73.55083641525026,73.69435373214145,72.78537665865936,73.42644500732422,93300,0.0,0.0
2023-08-16 00:00:00-04:00,73.59868638950233,74.325872559696,72.73754583268966,72.74711608886719,114100,0.0,0.0
2023-08-17 00:00:00-04:00,73.053293842968,73.30206938766277,72.48877286458438,72.8332290649414,121300,0.0,0.0
2023-08-18 00:00:00-04:00,72.92891412092439,74.4981003283572,72.69927907348622,74.45025634765625,208500,0.0,0.0
2023-08-21 00:00:00-04:00,74.39284371198997,75.86634914511083,74.39284371198997,75.62714385986328,137400,0.0,0.0
2023-08-22 00:00:00-04:00,75.49318527494877,75.89504837976668,74.65117804584581,75.12002563476562,116000,0.0,0.0
2023-08-23 00:00:00-04:00,75.12003266466931,76.9475573171074,75.00521149541943,76.46914672851562,140900,0.0,0.0
2023-08-24 00:00:00-04:00,76.01944627737156,76.43087971165927,74.87126368399356,75.10089874267578,135300,0.0,0.0
2023-08-25 00:00:00-04:00,75.38794151452262,75.82807838054624,74.9095309253709,75.66542053222656,86800,0.0,0.0
2023-08-28 00:00:00-04:00,75.72283291171892,77.01454013531435,75.72283291171892,76.1916732788086,141500,0.0,0.0
2023-08-29 00:00:00-04:00,76.30648745475034,77.36855952557865,76.02900844255532,77.30158233642578,146100,0.0,0.0
2023-08-30 00:00:00-04:00,77.18676510712848,79.06213379904965,77.18676510712848,78.70811462402344,308100,0.0,0.0
2023-08-31 00:00:00-04:00,78.45933522327545,78.83249489216935,75.9811719195972,76.04814910888672,134400,0.0,0.0
2023-09-01 00:00:00-04:00,76.22994137041324,77.89481547329474,74.28759555035107,74.41197967529297,133500,0.0,0.0
2023-09-05 00:00:00-04:00,74.16321299185388,75.3209657637345,71.5606581691284,72.42179870605469,133000,0.0,0.0
2023-09-06 00:00:00-04:00,72.23042845168922,72.77581622940228,71.62763373946937,72.40265655517578,119500,0.0,0.0
2023-09-07 00:00:00-04:00,72.43136527995429,72.78539176836476,71.4171370968956,71.46498107910156,108500,0.0,0.0
2023-09-08 00:00:00-04:00,71.3405825351126,71.50324767842059,70.74735809469706,71.27360534667969,104100,0.0,0.0
2023-09-11 00:00:00-04:00,71.33102897781463,72.55575904193284,71.20663754007428,72.45050811767578,100800,0.0,0.0
2023-09-12 00:00:00-04:00,72.29740583780668,73.71350439252898,72.29740583780668,73.6082534790039,112300,0.0,0.0
2023-09-13 00:00:00-04:00,73.99098495133765,74.60334993371278,73.21595481742035,74.43112182617188,201300,0.0,0.0
2023-09-14 00:00:00-04:00,74.65117603912483,75.4070655540386,74.23974269050001,74.3449935913086,164300,0.0,0.0
2023-09-15 00:00:00-04:00,74.52680211377704,74.52680211377704,73.79005300739935,74.12493896484375,375400,0.0,0.0
2023-09-18 00:00:00-04:00,74.25888397911014,74.65117682263327,73.85702088087703,74.20147705078125,102400,0.0,0.0
2023-09-19 00:00:00-04:00,74.1536403215311,74.80427900602834,73.85702809623415,73.89530181884766,103600,0.0,0.0
2023-09-20 00:00:00-04:00,74.06753766835075,74.85213081408338,73.79005862535217,73.79962158203125,92500,0.0,0.0
2023-09-21 00:00:00-04:00,73.3690528015278,73.40732652703322,71.77116308650216,71.9625244140625,150700,0.0,0.0
2023-09-22 00:00:00-04:00,71.86684171186637,72.57488736371683,71.27360993330888,71.33102416992188,113700,0.0,0.0
2023-09-25 00:00:00-04:00,71.08224735254853,71.94338788683038,71.01527016099142,71.26404571533203,144100,0.0,0.0
2023-09-26 00:00:00-04:00,70.99611871648946,71.56064692979648,70.35505036745096,70.4698715209961,136300,0.0,0.0
2023-09-27 00:00:00-04:00,70.60384311948947,71.68504853778332,70.5655693922976,71.14923095703125,143700,0.0,0.0
2023-09-28 00:00:00-04:00,71.41714308587326,72.52705932642044,71.2066412264614,71.44584655761719,305100,0.0,0.0
2023-09-29 00:00:00-04:00,71.7328861031335,72.92891259598295,70.90044903612238,71.21620178222656,219700,0.0,0.0
2023-10-02 00:00:00-04:00,71.07267495288052,71.91468224987732,70.69951528260827,71.43627166748047,320800,0.0,0.0
2023-10-03 00:00:00-04:00,71.21620399046606,71.59893394003868,70.56556526618259,70.99613189697266,248200,0.0,0.0
2023-10-04 00:00:00-04:00,70.81434030939245,72.00079657440193,70.46988408729833,71.1875,924500,0.0,0.0
2023-10-05 00:00:00-04:00,71.35973701497733,72.07735301721974,70.51772956703371,71.25448608398438,587600,0.0,0.0
2023-10-06 00:00:00-04:00,71.20663373423592,71.49368302140704,69.57047031728042,70.99613189697266,425900,0.0,0.0
2023-10-09 00:00:00-04:00,70.7090800929727,71.8955362019579,70.52728174967294,71.66590118408203,543700,0.0,0.0
2023-10-10 00:00:00-04:00,71.80943650265836,72.59402962222254,71.43627680554654,71.6084976196289,302300,0.0,0.0
2023-10-11 00:00:00-04:00,71.75201714923858,72.45049981196456,71.09181550909065,71.388427734375,312700,0.0,0.0
2023-10-12 00:00:00-04:00,71.61806118587047,72.10604201341995,70.3263541011487,70.56555938720703,399800,0.0,0.0
2023-10-13 00:00:00-04:00,70.80476525000144,70.91958641623248,69.38866673301635,69.57046508789062,199700,0.0,0.0
2023-10-16 00:00:00-04:00,70.00103345648407,71.05353518057723,69.264277139643,69.39823150634766,391900,0.0,0.0
2023-10-17 00:00:00-04:00,69.19731028371599,70.55599466305027,69.03465242843652,70.33592987060547,374300,0.0,0.0
2023-10-18 00:00:00-04:00,70.26895113974047,70.49858618334383,69.7139930927298,69.86708068847656,264800,0.0,0.0
2023-10-19 00:00:00-04:00,70.00104237220881,70.58469658720769,69.4939210051337,69.86708068847656,274700,0.0,0.0
2023-10-20 00:00:00-04:00,69.84794592450162,69.93405632645214,68.57537200703592,68.69019317626953,250100,0.0,0.0
2023-10-23 00:00:00-04:00,68.86241619082776,69.14945814274841,68.230910756664,68.42227935791016,145100,0.0,0.0
2023-10-24 00:00:00-04:00,68.85285098030518,69.68528803179194,68.66148966500457,69.09205627441406,309000,0.0,0.0
2023-10-25 00:00:00-04:00,68.68062950545321,69.5991770474916,68.5275418984303,69.37911224365234,309500,0.0,0.0
2023-10-26 00:00:00-04:00,69.426942136652,70.13499506227701,69.25471403311703,69.54176330566406,229000,0.0,0.0
2023-10-27 00:00:00-04:00,69.5991827366299,69.95320926300741,68.45100004021954,69.05379486083984,207800,0.0,0.0
2023-10-30 00:00:00-04:00,69.6183096490078,69.68528683821243,68.43184615457395,68.57537078857422,169200,0.0,0.0
2023-10-31 00:00:00-04:00,65.10210821140396,65.52311182939737,59.265497339080504,59.791751861572266,992500,0.0,0.0
2023-11-01 00:00:00-04:00,60.0883745270859,61.6862679327099,59.15069012826957,61.28440475463867,378800,0.0,0.0
2023-11-02 00:00:00-04:00,61.628855934054975,63.62860870361328,61.628855934054975,63.62860870361328,308100,0.0,0.0
2023-11-03 00:00:00-04:00,64.47060140152479,64.47060140152479,63.17889441034777,63.934783935546875,176400,0.0,0.0
2023-11-06 00:00:00-05:00,63.76256331626732,64.79593195019629,63.695586125177456,64.78636169433594,197500,0.0,0.0
2023-11-07 00:00:00-05:00,64.87248834366787,64.87248834366787,64.07832489696104,64.49932861328125,141700,0.0,0.0
2023-11-08 00:00:00-05:00,64.73852759914605,64.73852759914605,63.90609050525811,64.5184555053711,143500,0.0,0.0
2023-11-09 00:00:00-05:00,65.00643453733457,65.00643453733457,62.65265526591651,62.7866096496582,230300,0.0,0.0
2023-11-10 00:00:00-05:00,62.89185164891918,63.24587077005963,62.24121303443288,62.71962356567383,234400,0.0,0.0
2023-11-13 00:00:00-05:00,62.365597146497734,63.408528600651884,62.135962135485286,62.920555114746094,93200,0.0,0.0
2023-11-14 00:00:00-05:00,64.21227734312816,65.8005968882294,64.21227734312816,65.7336196899414,151900,0.0,0.0
2023-11-15 00:00:00-05:00,65.63793135694567,66.98705272203566,65.33174887195568,65.78145599365234,198900,0.0,0.0
2023-11-16 00:00:00-05:00,65.32218187930756,65.74318555468709,64.24097652204345,64.47061157226562,263400,0.0,0.0
2023-11-17 00:00:00-05:00,64.9298880816252,64.96816180613142,64.24097564044617,64.35579681396484,257200,0.0,0.0
2023-11-20 00:00:00-05:00,64.19313164821308,64.79593368411898,64.08788803079814,64.7098159790039,132800,0.0,0.0
2023-11-21 00:00:00-05:00,64.58542767419095,64.58542767419095,63.90608553316947,64.20269775390625,105900,0.0,0.0
2023-11-22 00:00:00-05:00,64.64282690140477,65.06383049352823,64.28880778981477,64.65239715576172,71400,0.0,0.0
2023-11-24 00:00:00-05:00,64.57586107637431,65.07341219091634,64.4610472037619,64.90118408203125,37700,0.0,0.0
2023-11-27 00:00:00-05:00,64.99686005716798,65.24563559650576,64.66197411957822,64.939453125,75800,0.0,0.0
2023-11-28 00:00:00-05:00,64.75765771474713,65.53268053408335,64.60456282205705,65.33174896240234,91500,0.0,0.0
2023-11-29 00:00:00-05:00,65.57095520328889,66.25986763040103,64.68111120159675,64.69068145751953,124900,0.0,0.0
2023-11-30 00:00:00-05:00,65.06382494077285,65.82928462476777,64.0591600180251,64.48016357421875,175400,0.0,0.0
2023-12-01 00:00:00-05:00,64.89161935432367,66.78612871345926,64.56630362091846,66.58518981933594,169800,0.0,0.0
2023-12-04 00:00:00-05:00,66.15460707053019,67.71422276011397,66.15460707053019,66.9200668334961,179800,0.0,0.0
2023-12-05 00:00:00-05:00,66.65216873562633,66.93921071753982,66.18332108855795,66.86266326904297,122000,0.0,0.0
2023-12-06 00:00:00-05:00,67.30279854608872,67.30279854608872,65.74318264490944,66.08763885498047,117100,0.0,0.0
2023-12-07 00:00:00-05:00,66.39382537499861,67.1210115626532,65.89628154131923,67.04446411132812,173900,0.0,0.0
2023-12-08 00:00:00-05:00,66.76698292637396,67.53244281505496,66.70957598971117,67.21669006347656,142400,0.0,0.0
2023-12-11 00:00:00-05:00,67.53243766766143,68.02998144740421,67.23581815092378,67.75250244140625,236700,0.0,0.0
2023-12-12 00:00:00-05:00,68.01085362098546,68.61364835762139,67.4176218405105,68.37444305419922,207200,0.0,0.0
2023-12-13 00:00:00-05:00,68.29790657302803,70.80478118345775,68.1448189502362,70.6803970336914,212400,0.0,0.0
2023-12-14 00:00:00-05:00,71.17792310050203,71.75201431708768,70.15412478593507,70.45073699951172,312200,0.0,0.0
2023-12-15 00:00:00-05:00,70.95786247851547,71.79029223625443,70.44117816338456,71.00569915771484,751800,0.0,0.0
2023-12-18 00:00:00-05:00,71.08224839670149,71.13965533317476,70.13499744506015,70.52729034423828,173800,0.0,0.0
2023-12-19 00:00:00-05:00,71.00569822626262,71.75201757167271,71.00569822626262,71.2927474975586,200500,0.0,0.0
2023-12-20 00:00:00-05:00,71.07267898325902,72.03907045849316,70.61340888609489,70.68994903564453,196600,0.0,0.0
2023-12-21 00:00:00-05:00,71.29274536638964,71.82856287016087,70.8621714723169,71.8189926147461,134200,0.0,0.0
2023-12-22 00:00:00-05:00,71.76159563161754,72.8140975742212,71.76159563161754,72.45050811767578,91300,0.0,0.0
2023-12-26 00:00:00-05:00,72.82364955446262,73.50299161328523,72.58444429572374,73.2159423828125,64400,0.0,0.0
2023-12-27 00:00:00-05:00,73.50300647326418,73.58912417980233,72.8236642771001,73.00546264648438,80500,0.0,0.0
2023-12-28 00:00:00-05:00,72.88106191831764,73.0341567993164,72.4696285505906,73.0341567993164,77400,0.0,0.0
2023-12-29 00:00:00-05:00,73.12983924713603,73.1872461789385,72.19215132788904,72.50790405273438,103900,0.0,0.0
2024-01-02 00:00:00-05:00,71.96251931405547,72.67056493580935,71.60849285319541,72.09647369384766,134100,0.0,0.0
2024-01-03 00:00:00-05:00,71.90512721589693,72.27828696516367,70.61341982997602,70.6803970336914,191900,0.0,0.0
2024-01-04 00:00:00-05:00,70.72822416073339,70.72822416073339,69.30256256010881,69.95320129394531,186800,0.0,0.0
2024-01-05 00:00:00-05:00,69.52263093555885,70.36463095193908,69.0346500863095,69.70442199707031,147200,0.0,0.0
2024-01-08 00:00:00-05:00,69.81924349369078,70.28808383341392,69.25471519486928,70.0584487915039,112000,0.0,0.0
2024-01-09 00:00:00-05:00,69.9627630670994,70.21153130283857,69.17817003907517,69.79053497314453,189100,0.0,0.0
2024-01-10 00:00:00-05:00,78.45932486635348,80.09548796013162,72.51746711527547,73.2159423828125,433700,0.0,0.0
2024-01-11 00:00:00-05:00,73.15855650557224,74.12494807291363,71.55109641235676,72.13475799560547,237200,0.0,0.0
2024-01-12 00:00:00-05:00,73.02459322971401,73.67523193359375,72.15388973920861,73.67523193359375,183400,0.0,0.0
2024-01-16 00:00:00-05:00,73.39775800476406,74.46940044433408,73.12027896326913,73.5412826538086,200800,0.0,0.0
2024-01-17 00:00:00-05:00,72.86192957882399,73.7422032551884,72.23042413710661,72.79495239257812,121400,0.0,0.0
2024-01-18 00:00:00-05:00,72.98631363426612,73.42645047207516,72.794952330859,73.24465942382812,101900,0.0,0.0
2024-01-19 00:00:00-05:00,73.78047774753988,74.10579342700333,72.65142852475431,73.8091812133789,111900,0.0,0.0
2024-01-22 00:00:00-05:00,74.21105189277533,75.75153464939143,73.82832924265702,74.25889587402344,98700,0.0,0.0
2024-01-23 00:00:00-05:00,74.66076185726973,75.0721952916606,72.96719143661748,73.13941955566406,101400,0.0,0.0
2024-01-24 00:00:00-05:00,73.91443273385244,73.91443273385244,71.64676401422417,72.01036071777344,91100,0.0,0.0
2024-01-25 00:00:00-05:00,72.69928149743919,73.148981351176,72.06777597097027,72.97675323486328,214900,0.0,0.0
2024-01-26 00:00:00-05:00,73.01502237202345,73.25422766853771,72.21129607971938,72.56531524658203,95500,0.0,0.0
2024-01-29 00:00:00-05:00,72.49834142192373,74.77558062245859,72.49834142192373,74.5172348022461,208100,0.0,0.0
2024-01-30 00:00:00-05:00,74.17277224146721,74.80427770364594,73.7900496219279,74.5842056274414,89400,0.0,0.0
2024-01-31 00:00:00-05:00,74.61292491795506,75.05306182068108,72.46007708724933,72.737548828125,139300,0.0,0.0
2024-02-01 00:00:00-05:00,73.06286987605112,73.73264181861602,72.72798390476868,73.71350860595703,117700,0.0,0.0
2024-02-02 00:00:00-05:00,74.26846583057683,74.43112368621742,72.85236721096679,73.55084991455078,168600,0.0,0.0
2024-02-05 00:00:00-05:00,72.76625544928008,73.0820008984741,71.7137462854118,71.87641143798828,173100,0.0,0.0
2024-02-06 00:00:00-05:00,71.72331957079102,73.55085165072708,71.51281772912647,73.47430419921875,94600,0.0,0.0
2024-02-07 00:00:00-05:00,73.29250949383464,74.42155891018734,73.11071841236546,74.07710266113281,275000,0.0,0.0
2024-02-08 00:00:00-05:00,74.21103744618657,75.07217784124869,74.21103744618657,74.9190902709961,151300,0.0,0.0
2024-02-09 00:00:00-05:00,74.88083423813919,75.66542738339072,74.48853401552996,75.45492553710938,159800,0.0,0.0
2024-02-12 00:00:00-05:00,75.34010517022526,77.74172861512639,75.34010517022526,77.22504425048828,168500,0.0,0.0
2024-02-13 00:00:00-05:00,75.62714554451127,76.22994024877502,74.50766653660735,75.59844207763672,343900,0.0,0.0
2024-02-14 00:00:00-05:00,76.25389457479776,77.69009908932141,75.44421724614668,77.16959381103516,233400,0.58,0.0
2024-02-15 00:00:00-05:00,77.36238128139986,78.75038806840442,77.304542456226,78.35519409179688,107300,0.0,0.0
2024-02-16 00:00:00-05:00,77.99854413174678,78.22988470853888,77.29490343403488,77.34309387207031,105200,0.0,0.0
2024-02-20 00:00:00-05:00,76.97681477502621,78.04674103009968,76.89970125031181,77.18887329101562,181000,0.0,0.0
2024-02-21 00:00:00-05:00,77.3045438165286,78.2684409082756,77.08285160363947,78.21060943603516,100000,0.0,0.0
2024-02-22 00:00:00-05:00,77.8539461307789,79.22268526070474,77.70936748496756,79.09737396240234,196500,0.0,0.0
2024-02-23 00:00:00-05:00,79.01064768623287,80.55288159930694,78.885336354765,79.56970977783203,90600,0.0,0.0
2024-02-26 00:00:00-05:00,79.18413484245781,79.89741651670583,79.18413484245781,79.7528305053711,79300,0.0,0.0
2024-02-27 00:00:00-05:00,80.27334370458149,80.92879398095884,80.15768076718892,80.77457427978516,128500,0.0,0.0
2024-02-28 00:00:00-05:00,80.59142897048287,81.84449801536192,80.3118979572729,80.76493072509766,129300,0.0,0.0
2024-02-29 00:00:00-05:00,81.642067221285,81.863766751444,80.71672704878438,81.10228729248047,189400,0.0,0.0
2024-03-01 00:00:00-05:00,81.17940739052904,81.30471135445576,80.53359815852502,80.70709991455078,74800,0.0,0.0
2024-03-04 00:00:00-05:00,80.49503268781432,81.58423354428942,80.49503268781432,81.06372833251953,96500,0.0,0.0
2024-03-05 00:00:00-05:00,80.73601172534079,81.49749120901258,79.58897198546235,79.79138946533203,85500,0.0,0.0
2024-03-06 00:00:00-05:00,80.47576515915671,80.99627046488946,79.87815367601813,80.09984588623047,89600,0.0,0.0
2024-03-07 00:00:00-05:00,80.61070450330429,81.6517150416924,80.21551055225639,80.94807434082031,149700,0.0,0.0
2024-03-08 00:00:00-05:00,81.37218661501478,81.37218661501478,79.6950078190969,79.90706634521484,85900,0.0,0.0
2024-03-11 00:00:00-04:00,79.78175164133332,80.50467439302842,79.15522447302465,80.25406646728516,107800,0.0,0.0
2024-03-12 00:00:00-04:00,80.13839483901985,80.68781582695928,79.41547209941795,79.8588638305664,58400,0.0,0.0
2024-03-13 00:00:00-04:00,79.52150254013968,80.07092353625899,79.0202793356249,79.47330474853516,85100,0.0,0.0
2024-03-14 00:00:00-04:00,79.47331382790233,79.47331382790233,77.66118990738512,78.30699920654297,107700,0.0,0.0
2024-03-15 00:00:00-04:00,77.94071878796431,78.76967086838648,77.33346627256482,77.75757598876953,286200,0.0,0.0
2024-03-18 00:00:00-04:00,77.75757274956477,78.30699377031031,77.31418099194123,77.32382202148438,104700,0.0,0.0
2024-03-19 00:00:00-04:00,77.3238226777384,78.10457693648978,77.30454061848847,77.77685546875,101600,0.0,0.0
2024-03-20 00:00:00-04:00,77.52624000898531,78.90461308434692,77.36237927546877,78.55760955810547,80600,0.0,0.0
2024-03-21 00:00:00-04:00,78.67327064249841,80.3215335222344,78.67327064249841,79.7528305053711,120900,0.0,0.0
2024-03-22 00:00:00-04:00,80.02272502648144,80.02272502648144,78.36482837784199,78.50940704345703,62500,0.0,0.0
2024-03-25 00:00:00-04:00,78.7985836548476,79.4347592362694,78.28771939616391,78.82749938964844,92400,0.0,0.0
2024-03-26 00:00:00-04:00,79.1263079873442,79.65645432439892,78.49013973682968,78.8082275390625,162800,0.0,0.0
2024-03-27 00:00:00-04:00,79.4540374163054,80.56252054050422,79.4540374163054,80.28298950195312,128400,0.0,0.0
2024-03-28 00:00:00-04:00,80.57214490033775,81.26615190146757,80.45648196944967,80.96734619140625,137100,0.0,0.0
2024-04-01 00:00:00-04:00,81.28543703436235,81.28543703436235,80.2637011978455,80.64926147460938,151200,0.0,0.0
2024-04-02 00:00:00-04:00,79.82995059045065,79.94562087982112,78.06601728579187,78.8467788696289,176600,0.0,0.0
2024-04-03 00:00:00-04:00,78.72146913435994,79.39620147166632,78.06601885597846,78.40338134765625,124600,0.0,0.0
2024-04-04 00:00:00-04:00,78.79858833969888,79.7046539717317,77.97927727117728,79.38656616210938,167700,0.0,0.0
2024-04-05 00:00:00-04:00,79.24196964639182,80.15767618748629,79.02991113468678,79.94561767578125,121100,0.0,0.0
2024-04-08 00:00:00-04:00,80.11912640235958,80.80349243357658,79.93598360740327,80.51432037353516,172700,0.0,0.0
2024-04-09 00:00:00-04:00,80.96734446373499,80.96734446373499,79.45402653398747,80.09019470214844,243200,0.0,0.0
2024-04-10 00:00:00-04:00,82.28788465622372,83.76264580211095,75.41529474736751,77.62261962890625,488500,0.0,0.0
2024-04-11 00:00:00-04:00,77.57442335363275,77.64189584039242,76.35991123800915,77.1792221069336,329800,0.0,0.0
2024-04-12 00:00:00-04:00,76.78403646929215,77.19850510826889,75.8490552279951,76.58161163330078,184800,0.0,0.0
2024-04-15 00:00:00-04:00,77.2081488590082,77.67082265852052,76.52378286589979,76.83222961425781,178300,0.0,0.0
2024-04-16 00:00:00-04:00,76.36955955033062,76.8225849452434,75.04901806470343,75.37673950195312,181300,0.0,0.0
2024-04-17 00:00:00-04:00,76.15750261696775,77.80576557393103,76.15750261696775,76.5237808227539,185100,0.0,0.0
2024-04-18 00:00:00-04:00,77.02164463652139,78.87641319805424,76.77759633757663,78.50545501708984,215200,1.0,0.0
2024-04-19 00:00:00-04:00,78.21260585183681,80.96547051824493,78.21260585183681,80.87760925292969,281800,0.0,0.0
2024-04-22 00:00:00-04:00,80.67260522654486,81.03379939072934,78.93498252704693,78.98379516601562,242400,0.0,0.0
2024-04-23 00:00:00-04:00,79.28641013540954,80.52617217923341,79.28641013540954,79.6378402709961,174400,0.0,0.0
2024-04-24 00:00:00-04:00,79.08141299618998,79.84284249841825,78.78855205790387,78.98379516601562,176000,0.0,0.0
2024-04-25 00:00:00-04:00,78.4566490507086,78.71045391671387,78.03688568276087,78.26140594482422,152400,0.0,0.0
2024-04-26 00:00:00-04:00,78.30046159420378,79.59880043576197,78.30046159420378,79.54998779296875,182100,0.0,0.0
2024-04-29 00:00:00-04:00,79.56950672667384,80.88736600593192,79.54997869268504,80.0185546875,137100,0.0,0.0
2024-04-30 00:00:00-04:00,79.43283888672983,79.69640775885392,78.44688172494494,78.67140197753906,220100,0.0,0.0
2024-05-01 00:00:00-04:00,78.35902509927888,81.23879951573876,78.35902509927888,79.60855865478516,145500,0.0,0.0
2024-05-02 00:00:00-04:00,80.0185547348411,80.51641533317103,79.65736058346249,80.0673599243164,106300,0.0,0.0
2024-05-03 00:00:00-04:00,80.60427669019396,80.83856098579565,79.66713206002366,80.49689483642578,94300,0.0,0.0
2024-05-06 00:00:00-04:00,80.59450412225684,81.55117668676552,80.59450412225684,81.16069793701172,89200,0.0,0.0
2024-05-07 00:00:00-04:00,81.2680816962975,83.02523238775503,81.2680816962975,82.70308685302734,109900,0.0,0.0
2024-05-08 00:00:00-04:00,82.2442840703922,83.82571986961722,82.02952035654839,83.71833801269531,166700,0.0,0.0
2024-05-09 00:00:00-04:00,83.72808428663377,84.13809107526194,82.74213455470927,83.36689758300781,103600,0.0,0.0
2024-05-10 00:00:00-04:00,83.14236669692708,83.35713037614177,82.61522151551716,82.86903381347656,81800,0.0,0.0
2024-05-13 00:00:00-04:00,83.56213750356149,84.00142891786075,82.71285417522326,82.82022857666016,97200,0.0,0.0
2024-05-14 00:00:00-04:00,83.69879693683644,84.09903969533029,83.30831819502264,83.97212982177734,127000,0.0,0.0
2024-05-15 00:00:00-04:00,84.14785114502322,84.31380964988352,82.95690169312292,84.01118469238281,96400,0.0,0.0
2024-05-16 00:00:00-04:00,84.1868928148169,85.89523077951232,84.01117775482344,85.1630859375,112700,0.0,0.0
2024-05-17 00:00:00-04:00,85.2607143479176,85.61214451154522,84.75309713810182,85.08500671386719,86200,0.0,0.0
2024-05-20 00:00:00-04:00,84.94832298205314,84.94832298205314,83.44499211435394,83.4937973022461,115400,0.0,0.0
2024-05-21 00:00:00-04:00,83.56212891368406,83.98189224983511,82.6249844197157,83.4840316772461,94300,0.0,0.0
2024-05-22 00:00:00-04:00,83.02523188124003,83.46451582754302,81.83427502515818,82.55665588378906,139300,0.0,0.0
2024-05-23 00:00:00-04:00,82.5566530385646,82.5566530385646,80.83855103747398,81.19974517822266,114800,0.0,0.0
2024-05-24 00:00:00-04:00,81.25831184398855,81.91236688358481,80.72141010576046,81.80498504638672,170200,0.0,0.0
2024-05-28 00:00:00-04:00,81.79523986827263,81.79523986827263,79.90142242817218,81.0142822265625,134200,0.0,0.0
2024-05-29 00:00:00-04:00,80.3797463240376,81.72689773695743,80.06736479091013,80.14546203613281,84800,0.0,0.0
2024-05-30 00:00:00-04:00,80.64332132547825,81.28760496845761,79.8233151597845,81.14118194580078,92400,0.0,0.0
2024-05-31 00:00:00-04:00,81.26808447530212,82.20522906020466,79.99903032721318,82.14665985107422,121600,0.0,0.0
2024-06-03 00:00:00-04:00,82.683560868332,83.44499781867965,81.64879846202605,81.9026107788086,110700,0.0,0.0
2024-06-04 00:00:00-04:00,81.3461857840085,82.33213560986445,80.34070792229122,81.02404022216797,76700,0.0,0.0
2024-06-05 00:00:00-04:00,81.37546830401264,81.88308550694234,80.51642094222268,81.82451629638672,91500,0.0,0.0
2024-06-06 00:00:00-04:00,81.55118212194523,81.90261227536932,80.87760641992188,81.43403625488281,62000,0.0,0.0
2024-06-07 00:00:00-04:00,80.7799910101027,81.30713625604527,80.22356115845726,80.25284576416016,66400,0.0,0.0
2024-06-10 00:00:00-04:00,79.57927278603421,80.19427931805586,78.69094077543932,80.17475128173828,106400,0.0,0.0
2024-06-11 00:00:00-04:00,79.66712675643413,79.76474458578927,78.49569790864633,79.74522399902344,115600,0.0,0.0
2024-06-12 00:00:00-04:00,81.17046449304914,81.83427615406703,80.40903500347981,80.50665283203125,107400,0.0,0.0
2024-06-13 00:00:00-04:00,80.01855848613269,80.01855848613269,76.82640252383985,77.36331176757812,198700,0.0,0.0
2024-06-14 00:00:00-04:00,76.58235268728247,77.48045608133728,75.66473615422905,76.87521362304688,214400,0.0,0.0
2024-06-17 00:00:00-04:00,76.54331222142326,77.80259489266894,75.91854172283213,77.59759521484375,129000,0.0,0.0
2024-06-18 00:00:00-04:00,77.55854632019943,78.38831649369504,76.99235992771648,77.4999771118164,109000,0.0,0.0
2024-06-20 00:00:00-04:00,77.31450485878304,79.23760681356462,77.30474828836508,78.21260833740234,144300,0.0,0.0
2024-06-21 00:00:00-04:00,77.89045297425504,80.26260264621834,77.89045297425504,78.48593139648438,587800,0.0,0.0
2024-06-24 00:00:00-04:00,78.6518884017842,80.73117730468213,78.19307639111693,78.95450592041016,168200,0.0,0.0
2024-06-25 00:00:00-04:00,78.75926883079603,79.16926819335532,77.6659297495414,78.94474792480469,117300,0.0,0.0
2024-06-26 00:00:00-04:00,78.58354679332174,79.05212277171358,77.26568756025333,78.71044921875,127100,0.0,0.0
2024-06-27 00:00:00-04:00,78.75926401101032,78.81783321700223,77.99783454206462,78.38831329345703,135100,0.0,0.0
2024-06-28 00:00:00-04:00,78.79831529082007,79.3645091270632,78.31021869704419,79.26688385009766,270000,0.0,0.0
2024-07-01 00:00:00-04:00,79.30593439919772,79.30593439919772,77.2754581800306,77.41212463378906,126400,0.0,0.0
2024-07-02 00:00:00-04:00,77.55854108531716,78.05640166625838,77.02163933326439,77.7537841796875,107500,0.0,0.0
2024-07-03 00:00:00-04:00,77.77331001462122,78.38831649369504,76.9825959103983,77.4999771118164,70900,0.0,0.0
2024-07-05 00:00:00-04:00,77.30474879901335,77.6659355487196,76.19188904739246,77.4023666381836,115300,0.0,0.0
2024-07-08 00:00:00-04:00,78.03688808295217,78.29069295676375,76.9825976220384,77.08021545410156,182200,0.0,0.0
2024-07-09 00:00:00-04:00,76.87521507050216,77.51950616220981,76.30902122283722,76.35783386230469,141600,0.0,0.0
2024-07-10 00:00:00-04:00,76.36760274317274,76.68974086177862,75.87950610846639,76.4359359741211,253900,0.0,0.0
2024-07-11 00:00:00-04:00,80.15523279595374,80.59451680369583,75.80141155337323,78.31999206542969,387400,0.0,0.0
2024-07-12 00:00:00-04:00,78.84711347718402,81.59997772361973,78.59330863335657,81.27783966064453,267900,0.0,0.0
2024-07-15 00:00:00-04:00,81.62927161875854,84.3821359274485,80.10640528254363,82.34188842773438,359400,0.0,0.0
2024-07-16 00:00:00-04:00,82.97642125548418,86.8714300031621,81.8245129919093,86.5395278930664,277400,0.0,0.0
2024-07-17 00:00:00-04:00,86.1978556208492,88.62857440838559,86.1978556208492,88.41381072998047,221600,0.0,0.0
2024-07-18 00:00:00-04:00,87.66215105770533,89.10691280183923,86.71524247590466,87.8281021118164,217600,0.0,0.0
2024-07-19 00:00:00-04:00,87.82811163238611,87.82811163238611,84.64571941655961,84.96786499023438,159500,0.0,0.0
2024-07-22 00:00:00-04:00,84.77262012034846,85.76834142800512,84.30405152078595,85.38762664794922,116700,0.0,0.0
2024-07-23 00:00:00-04:00,85.2411793843325,86.38332349962066,84.35284755502909,84.94831848144531,156800,0.0,0.0
2024-07-24 00:00:00-04:00,84.71404081960375,85.6511853548973,83.99165997010383,84.12832641601562,112400,0.0,0.0
2024-07-25 00:00:00-04:00,84.31381390580579,85.73905516082874,84.17714744626684,84.37238311767578,126300,0.0,0.0
2024-07-26 00:00:00-04:00,85.27047327085856,86.41261751052403,84.47975917382291,86.39309692382812,115100,0.0,0.0
2024-07-29 00:00:00-04:00,86.52001164169424,86.87144183422348,85.8366792938674,86.42239379882812,135000,0.0,0.0
2024-07-30 00:00:00-04:00,86.99834482808227,88.18929433294845,86.70548387496359,87.62310791015625,119800,0.0,0.0
2024-07-31 00:00:00-04:00,87.8866694778183,90.55168009602717,87.4181009292348,89.15572357177734,186300,0.0,0.0
2024-08-01 00:00:00-04:00,88.69691495622772,90.16120475966828,86.12952951538996,87.35952758789062,219900,0.0,0.0
2024-08-02 00:00:00-04:00,84.84094629741233,85.70975756470276,83.92332239578599,84.1966552734375,172700,0.0,0.0
2024-08-05 00:00:00-04:00,81.34618655124552,81.91238043234846,79.68665353226422,80.31141662597656,183600,0.0,0.0
2024-08-06 00:00:00-04:00,80.45783429532744,81.74640890192173,80.03807096034343,80.13568878173828,114300,0.0,0.0
2024-08-07 00:00:00-04:00,81.10213623756623,81.51213561126147,78.359028166289,79.14974975585938,131400,0.0,0.0
2024-08-08 00:00:00-04:00,79.59879918460594,80.41879794674512,79.45236870629151,80.11618041992188,86100,0.0,0.0
2024-08-09 00:00:00-04:00,80.05760859611004,80.82880213882933,79.19855379016285,80.72142028808594,101000,0.0,0.0
2024-08-12 00:00:00-04:00,81.11188793923007,81.11188793923007,79.5987929753816,80.0771255493164,211200,0.0,0.0
2024-08-13 00:00:00-04:00,80.73117457946839,81.72689581321141,79.21807958965235,81.47308349609375,113800,0.0,0.0
2024-08-14 00:00:00-04:00,81.33641355139348,81.33641355139348,80.31140775733677,80.82879638671875,100100,0.0,0.0
2024-08-15 00:00:00-04:00,83.04072578853079,84.78077318712693,81.70373708100892,84.20075988769531,143400,0.58,0.0
2024-08-16 00:00:00-04:00,84.35805619040224,85.4492751220364,83.37497661237522,84.03364562988281,180000,0.0,0.0
2024-08-19 00:00:00-04:00,84.27941272712178,85.095363049573,83.4044650314398,84.73162841796875,128400,0.0,0.0
2024-08-20 00:00:00-04:00,84.57433207522877,84.57433207522877,82.59834008925208,82.85394287109375,101200,0.0,0.0
2024-08-21 00:00:00-04:00,83.70921635183062,84.92823276514854,83.2471678120252,84.78076934814453,138100,0.0,0.0
2024-08-22 00:00:00-04:00,84.7414502375849,85.26248867491445,84.2990674609425,84.76111602783203,245600,0.0,0.0
2024-08-23 00:00:00-04:00,85.0855402615527,87.83815857283322,84.88891984626711,87.78900909423828,144300,0.0,0.0
2024-08-26 00:00:00-04:00,88.14291384456477,89.12599336993193,85.46893633551784,88.58529663085938,181100,0.0,0.0
2024-08-27 00:00:00-04:00,88.3395352600736,89.43075423838239,86.89440701851318,88.9785385131836,127200,0.0,0.0
2024-08-28 00:00:00-04:00,88.87039467202663,88.949042837738,86.91406842684333,87.45475769042969,121800,0.0,0.0
2024-08-29 00:00:00-04:00,87.5432365672621,88.0839258173554,86.64863058029978,87.49407958984375,118100,0.0,0.0
2024-08-30 00:00:00-04:00,87.9757889577338,88.41817926611719,86.7862635734929,88.06427001953125,102100,0.0,0.0
2024-09-03 00:00:00-04:00,87.65137434144583,89.28328245823113,86.36353505919607,86.59947204589844,178400,0.0,0.0
2024-09-04 00:00:00-04:00,86.10793180662516,86.62897025399099,85.35096387416036,86.54048919677734,77300,0.0,0.0
2024-09-05 00:00:00-04:00,86.9140627063152,87.5923824650997,85.96047438565861,87.52356719970703,111500,0.0,0.0
2024-09-06 00:00:00-04:00,87.7005313104567,88.07409886301002,84.43670729773662,84.6628189086914,117500,0.0,0.0
2024-09-09 00:00:00-04:00,84.37772637160926,85.09537030073298,82.98175509826248,83.95500183105469,148200,0.0,0.0
2024-09-10 00:00:00-04:00,84.29907336549137,84.29907336549137,83.16853035673927,83.69939422607422,144600,0.0,0.0
2024-09-11 00:00:00-04:00,83.01123598601833,84.2695765551551,82.92275493021579,83.9353256225586,117500,0.0,0.0
2024-09-12 00:00:00-04:00,84.5251844852767,85.74420104848106,84.01397891018006,85.24282836914062,108200,0.0,0.0
2024-09-13 00:00:00-04:00,86.46183956066321,88.97852819646347,85.2919800486188,88.24121856689453,169100,0.0,0.0
2024-09-16 00:00:00-04:00,88.82122791310869,89.30293474952082,87.27779345740767,87.66119384765625,117600,0.0,0.0
2024-09-17 00:00:00-04:00,88.65411455343698,88.93920852437022,87.39577392331911,87.4449234008789,133900,0.0,0.0
2024-09-18 00:00:00-04:00,87.63171060314151,89.56837851925707,86.3438787910309,87.55306243896484,155800,0.0,0.0
2024-09-19 00:00:00-04:00,89.19480573189115,89.71583666331911,88.24121742329224,89.55854034423828,107600,0.0,0.0
2024-09-20 00:00:00-04:00,89.36193192866939,89.85347170000387,87.96596077815187,88.76225280761719,458300,0.0,0.0
2024-09-23 00:00:00-04:00,88.71309612674136,89.23412708604835,87.36628194897844,87.49407958984375,119600,0.0,0.0
2024-09-24 00:00:00-04:00,87.81850373203496,88.11342311609842,86.85508241003559,87.75951385498047,108700,0.0,0.0
2024-09-25 00:00:00-04:00,88.00528204798009,88.32970011441628,86.81575663801615,87.41543579101562,99800,0.0,0.0
2024-09-26 00:00:00-04:00,88.074090753873,88.38868340112401,87.50391033148433,87.97578430175781,93900,0.0,0.0
2024-09-27 00:00:00-04:00,88.41817757019756,89.80431584248718,88.20189886806543,89.7649917602539,109700,0.0,0.0
2024-09-30 00:00:00-04:00,89.82397682666834,90.7480664586399,89.63718932113197,90.22703552246094,159900,0.0,0.0
2024-10-01 00:00:00-04:00,90.02059216411746,90.26636204635,88.55580576609606,89.19480895996094,89000,0.0,0.0
2024-10-02 00:00:00-04:00,88.70327666705548,89.00802894659687,88.24122804949128,88.75242614746094,80700,0.0,0.0
2024-10-03 00:00:00-04:00,88.13307983717267,89.16530882560271,87.68086416124598,88.02494049072266,146700,0.0,0.0
2024-10-04 00:00:00-04:00,89.1259936120945,91.60335072261826,89.1259936120945,91.0724868774414,112100,0.0,0.0
2024-10-07 00:00:00-04:00,90.46297906627099,91.013508727715,89.1063319547557,89.66668701171875,102400,0.0,0.0
2024-10-08 00:00:00-04:00,89.74533114508688,90.43348381559322,89.11616084625207,90.07957458496094,135900,0.0,0.0
2024-10-09 00:00:00-04:00,90.41382023502263,91.17078812828939,89.88295642013506,90.48263549804688,100200,0.0,0.0
2024-10-10 00:00:00-04:00,89.48972647302415,89.71583806014795,87.49407627049808,89.56837463378906,163800,0.0,0.0
2024-10-11 00:00:00-04:00,89.55854857691982,90.63010922333271,89.50939909791497,89.61753845214844,98800,0.0,0.0
2024-10-14 00:00:00-04:00,89.30294003102219,89.36192990244992,88.16257168754012,88.96869659423828,150100,0.0,0.0
2024-10-15 00:00:00-04:00,88.9588654688987,92.71422901144952,88.9588654688987,91.63284301757812,168800,0.0,0.0
2024-10-16 00:00:00-04:00,91.78030565963132,93.21560087556585,91.66233341574433,91.68199920654297,98200,0.0,0.0
2024-10-17 00:00:00-04:00,92.33082498852937,92.33082498852937,90.4236558556648,91.6623306274414,75300,0.0,0.0
2024-10-18 00:00:00-04:00,91.82945997869527,92.03590577429657,90.60061059990083,91.38706970214844,88600,0.0,0.0
2024-10-21 00:00:00-04:00,91.31825515757325,91.52470095480369,90.25652748584405,90.4531478881836,109300,0.0,0.0
2024-10-22 00:00:00-04:00,90.2860182280151,90.93485430209908,89.81414426531894,90.8365478515625,94800,0.0,0.0
2024-10-23 00:00:00-04:00,90.16805301761104,90.6694256631267,88.94903653664682,90.5022964477539,132000,0.0,0.0
2024-10-24 00:00:00-04:00,90.63010130956935,91.63283909727343,89.8141435262574,91.32808685302734,111700,0.0,0.0
2024-10-25 00:00:00-04:00,91.58368671585292,92.09488473839292,90.04024475287963,90.14838409423828,81900,0.0,0.0
2024-10-28 00:00:00-04:00,90.8758777059106,91.43623275990451,89.54871428828648,89.60770416259766,136200,0.0,0.0
2024-10-29 00:00:00-04:00,88.89005311028068,90.29585719841269,88.62462492594331,88.78191375732422,106300,0.0,0.0
2024-10-30 00:00:00-04:00,88.30020077225491,88.968695135161,87.7398457548411,87.798828125,126800,0.0,0.0
2024-10-31 00:00:00-04:00,83.67973084829435,84.5153469343003,80.61252006756624,81.67424774169922,311300,0.0,0.0
2024-11-01 00:00:00-04:00,82.57868044416024,84.44653304950513,82.5098651771355,84.00414276123047,250600,0.0,0.0
2024-11-04 00:00:00-05:00,83.63057215527772,85.14451547427645,83.42412636181898,84.36788177490234,240600,0.0,0.0
2024-11-05 00:00:00-05:00,84.01397737096607,86.19641517014406,83.9058380205346,85.78352355957031,285900,0.0,0.0
2024-11-06 00:00:00-05:00,90.4728110210494,91.99658734446363,90.05991940448746,90.43348693847656,225600,0.0,0.0
2024-11-07 00:00:00-05:00,90.72841334010263,90.72841334010263,88.41817787804189,88.49681854248047,147600,0.0,0.0
2024-11-08 00:00:00-05:00,88.09376011329265,89.82398224175962,87.73985087109936,88.66394805908203,148100,0.0,0.0
2024-11-11 00:00:00-05:00,89.0571677949539,89.81414320578855,88.09375409063873,88.84089660644531,131500,0.0,0.0
2024-11-12 00:00:00-05:00,88.89988727456547,89.19481415052799,87.5235743539104,87.90697479248047,154900,0.0,0.0
2024-11-13 00:00:00-05:00,88.27070630236501,89.55853800491985,87.71035130580363,87.99544525146484,98800,0.0,0.0
2024-11-14 00:00:00-05:00,87.91680392917915,87.92663682470466,86.1964147269982,86.60930633544922,106400,0.0,0.0
2024-11-15 00:00:00-05:00,86.84524457126308,86.84524457126308,85.18384521810992,85.73436737060547,148900,0.0,0.0
2024-11-18 00:00:00-05:00,86.42252193073612,87.30728747522868,86.03911402774101,86.24556732177734,118300,0.0,0.0
2024-11-19 00:00:00-05:00,85.8425058005123,86.70761310233291,85.2231683856034,86.50116729736328,103400,0.0,0.0
2024-11-20 00:00:00-05:00,86.02929968423722,86.24557840078099,84.78078436611715,86.21607971191406,91500,0.0,0.0
2024-11-21 00:00:00-05:00,86.81575041925699,87.16965964814497,86.08827367112127,86.98287963867188,134300,0.0,0.0
2024-11-22 00:00:00-05:00,87.43509784936961,88.73276255939848,87.36628258066739,88.43783569335938,177400,0.0,0.0
2024-11-25 00:00:00-05:00,89.43074877499669,91.00367457096708,88.59513264904072,89.381591796875,244600,0.0,0.0
2024-11-26 00:00:00-05:00,89.25379134531786,89.70600702865903,88.54597288433115,88.91954040527344,152200,0.0,0.0
2024-11-27 00:00:00-05:00,89.55855020857003,89.58804139657063,88.14292068242611,88.35919189453125,118700,0.0,0.0
2024-11-29 00:00:00-05:00,88.9293684098522,89.20462946280831,87.97578011903913,88.22154998779297,82000,0.0,0.0
2024-12-02 00:00:00-05:00,88.22155311772296,89.07683499143847,87.7201879678945,88.5754623413086,173800,0.0,0.0
2024-12-03 00:00:00-05:00,88.5754682388143,89.85347468688775,88.4378376982897,89.39142608642578,128200,0.0,0.0
2024-12-04 00:00:00-05:00,89.23411748962378,90.21719692985465,89.08666157382987,89.57820129394531,80000,0.0,0.0
2024-12-05 00:00:00-05:00,89.06700474996838,89.55854451956014,87.8676465121162,88.15274047851562,274600,0.0,0.0
2024-12-06 00:00:00-05:00,88.55580933110122,90.23687449321041,87.96596309005794,90.05008697509766,143200,0.0,0.0
2024-12-09 00:00:00-05:00,90.30568417286617,93.74646244964546,90.30568417286617,93.5989990234375,174500,0.0,0.0
2024-12-10 00:00:00-05:00,93.8546092549907,95.33906152961139,92.51762041829825,95.0343017578125,176300,0.0,0.0
2024-12-11 00:00:00-05:00,95.87973888728841,96.5875573011465,94.83767705594235,95.28005981445312,250800,0.0,0.0
2024-12-12 00:00:00-05:00,95.25057748823855,97.55098754719964,94.97531641287438,95.1227798461914,303700,0.0,0.0
2024-12-13 00:00:00-05:00,95.22108340384976,96.1058564765246,91.14130187451136,92.34066009521484,182200,0.0,0.0
2024-12-16 00:00:00-05:00,92.24235829768051,93.79562582583803,92.14405184026715,92.87152862548828,98100,0.0,0.0
2024-12-17 00:00:00-05:00,92.1931977636168,93.22543427740612,91.79013905367445,92.18336486816406,200100,0.0,0.0
2024-12-18 00:00:00-05:00,92.59626458228709,93.59900241630696,91.39690633942884,92.24235534667969,358100,0.0,0.0
2024-12-19 00:00:00-05:00,93.19594198218411,94.3658015168805,91.2101171412582,92.34066009521484,167100,0.0,0.0
2024-12-20 00:00:00-05:00,91.54436993435895,94.20851460138479,91.54436993435895,92.40947723388672,575900,0.0,0.0
2024-12-23 00:00:00-05:00,92.36031824428134,92.73389326345115,91.0331623874503,92.61592102050781,142200,0.0,0.0
2024-12-24 00:00:00-05:00,92.9206687707088,92.9698257446289,92.05556153194354,92.9698257446289,57800,0.0,0.0
2024-12-26 00:00:00-05:00,92.79287266303466,93.49085820241763,92.04573014892418,92.70439910888672,94300,0.0,0.0
2024-12-27 00:00:00-05:00,92.21285677853325,92.92066769278414,91.21994441921443,91.41655731201172,83000,0.0,0.0
2024-12-30 00:00:00-05:00,91.23960081799669,91.23960081799669,89.50938639638551,89.91244506835938,93400,0.0,0.0
2024-12-31 00:00:00-05:00,90.17789320011222,90.81688892705898,90.03042976300837,90.61044311523438,99600,0.0,0.0
2025-01-02 00:00:00-05:00,90.92502204693601,91.63284049626368,90.44331518570526,91.33792114257812,198600,0.0,0.0
2025-01-03 00:00:00-05:00,91.11180970244995,91.51486840323189,90.28601901012607,90.78739166259766,116000,0.0,0.0
2025-01-06 00:00:00-05:00,90.9446863760788,92.86168839528796,89.9222827990668,90.16805267333984,146200,0.0,0.0
2025-01-07 00:00:00-05:00,90.1680595183385,90.81688813551766,89.56838037956427,90.65959930419922,231600,0.0,0.0
2025-01-08 00:00:00-05:00,90.59078311339039,92.57660052795022,90.16805860183483,91.86878204345703,404400,0.0,0.0
2025-01-10 00:00:00-05:00,80.64201009384922,89.5880320336825,80.27827547945301,87.7398452758789,485400,0.0,0.0
2025-01-13 00:00:00-05:00,86.99270150072732,88.51647770212772,83.0702164568718,83.42412567138672,403000,0.0,0.0
2025-01-14 00:00:00-05:00,83.01123648147113,84.96756261234285,83.01123648147113,84.71195983886719,227300,0.0,0.0
2025-01-15 00:00:00-05:00,85.84250252524541,87.07135191291802,85.4099451406882,85.98013305664062,183400,0.0,0.0
2025-01-16 00:00:00-05:00,85.92115799783565,86.18658618802768,84.71196679733359,85.6458969116211,156800,0.0,0.0
2025-01-17 00:00:00-05:00,86.21607126840574,86.8059249831409,85.5279186016168,85.82284545898438,183200,0.0,0.0
2025-01-21 00:00:00-05:00,86.57981382616876,89.16531028754373,86.28488696732377,88.91954040527344,278000,0.0,0.0
2025-01-22 00:00:00-05:00,88.7819128161518,89.47989840491567,88.34936290921333,89.10633087158203,311100,0.0,0.0
2025-01-23 00:00:00-05:00,88.61478815135477,89.2931154265173,88.34935997863555,88.91954040527344,234800,0.0,0.0
2025-01-24 00:00:00-05:00,88.61478861179867,89.74533157617668,88.16257292610779,89.25379180908203,315700,0.0,0.0
2025-01-27 00:00:00-05:00,88.80157844404954,91.34775090399435,86.8747434067206,91.25927734375,190700,0.0,0.0
2025-01-28 00:00:00-05:00,90.78739885367818,90.99384466803593,89.95178270023911,90.0107650756836,217300,0.0,0.0
2025-01-29 00:00:00-05:00,90.10907590876246,91.20028731813531,89.89279720590056,90.37450408935547,273100,0.0,0.0
2025-01-30 00:00:00-05:00,91.0528318636213,91.72132626675568,90.2073828390601,90.43348693847656,169000,0.0,0.0
2025-01-31 00:00:00-05:00,90.43348582807826,90.43348582807826,88.76225359091364,89.43074798583984,270100,0.0,0.0
2025-02-03 00:00:00-05:00,87.84798915127352,89.92228760092989,86.01946058901433,88.54597473144531,165400,0.0,0.0
2025-02-04 00:00:00-05:00,88.84090557946669,91.21995639605953,88.45750513796216,90.89553833007812,179100,0.0,0.0
2025-02-05 00:00:00-05:00,90.89553072441325,91.62300746276809,90.06974753497826,91.6131820678711,212000,0.0,0.0
2025-02-06 00:00:00-05:00,92.12437867174856,92.82236421388471,90.66942521781164,91.16096496582031,165700,0.0,0.0
2025-02-07 00:00:00-05:00,91.24944586056978,91.39690929689483,89.9321228300836,90.10907745361328,186700,0.0,0.0
2025-02-10 00:00:00-05:00,91.10197644184596,93.43187758193879,90.35484141405115,93.04847717285156,242900,0.0,0.0
2025-02-11 00:00:00-05:00,92.68474063832532,93.47120729426597,92.68474063832532,93.25492858886719,177400,0.0,0.0
2025-02-12 00:00:00-05:00,92.37998603015377,93.44171373867051,91.83928928036237,91.96709442138672,180300,0.0,0.0
2025-02-13 00:00:00-05:00,92.4881288195642,92.88136215219045,91.39690988416976,92.2128677368164,138900,0.0,0.0
2025-02-14 00:00:00-05:00,92.64541498771682,92.64541498771682,89.5585457908851,89.59786987304688,234100,0.0,0.0
2025-02-18 00:00:00-05:00,89.92453970833638,90.46900000403623,86.41032001225342,87.14286041259766,287300,0.63,0.0
2025-02-19 00:00:00-05:00,86.87558612481321,87.6675194603103,86.47961568081064,87.34085083007812,224500,0.0,0.0
2025-02-20 00:00:00-05:00,86.71720081532217,88.90492841518635,86.13315022394825,88.6574478149414,257000,0.0,0.0
2025-02-21 00:00:00-05:00,89.50877791900294,89.58797352035218,88.09318864304511,88.77623748779297,258600,0.0,0.0
2025-02-24 00:00:00-05:00,89.66716957494197,90.33041574645091,87.31114951419636,89.7265625,317200,0.0,0.0
2025-02-25 00:00:00-05:00,90.11263478223903,92.12217604402332,90.11263478223903,91.07286071777344,274000,0.0,0.0
2025-02-26 00:00:00-05:00,90.82537095192583,91.79549812824874,88.86532147639939,89.97403717041016,217600,0.0,0.0
2025-02-27 00:00:00-05:00,89.76616091984509,90.39971063319358,88.19218042237961,88.26148223876953,126200,0.0,0.0
2025-02-28 00:00:00-05:00,88.42976570592666,89.8255522979282,87.12306850059176,88.4891586303711,214000,0.0,0.0
2025-03-03 00:00:00-05:00,88.71684372789319,89.51867841460856,87.42994165186106,87.77641296386719,154000,0.0,0.0
2025-03-04 00:00:00-05:00,86.2024445357909,89.30089893360328,84.7670525221013,85.10363006591797,242200,0.0,0.0
2025-03-05 00:00:00-05:00,85.26200924005573,86.59841045383277,84.07410544170743,85.12342071533203,224700,0.0,0.0
2025-03-06 00:00:00-05:00,84.80664434744715,87.23195859171163,84.72744874830613,87.10326385498047,273200,0.0,0.0
2025-03-07 00:00:00-05:00,86.91517884195535,88.48915163537716,84.74724664100845,87.92489624023438,243800,0.0,0.0
2025-03-10 00:00:00-04:00,87.0438747372217,88.40007110989607,86.5588148881664,86.98448181152344,278500,0.0,0.0
2025-03-11 00:00:00-04:00,87.43984715663784,87.57843568804414,85.05413055419922,85.05413055419922,165600,0.0,0.0
2025-03-12 00:00:00-04:00,85.06402714970753,86.0242530298437,82.53972215661773,82.60901641845703,224400,0.0,0.0
2025-03-13 00:00:00-04:00,82.71790896241134,83.5692427856896,80.97565106815144,81.5696029663086,198300,0.0,0.0
2025-03-14 00:00:00-04:00,81.76758148120027,82.73770867030697,81.32211946169171,82.6882095336914,214700,0.0,0.0
2025-03-17 00:00:00-04:00,83.1534796084941,86.11334539890362,83.0247924184792,84.5690689086914,420200,0.0,0.0
2025-03-18 00:00:00-04:00,84.1730980075061,85.85597056990657,83.53954829419318,83.61874389648438,216200,0.0,0.0
2025-03-19 00:00:00-04:00,83.53954298080757,85.20261276060445,83.46034738355345,84.39087677001953,224300,0.0,0.0
2025-03-20 00:00:00-04:00,83.96521792668038,84.73735619267714,83.29207039048937,83.3514633178711,177700,0.0,0.0
2025-03-21 00:00:00-04:00,82.787206069219,84.06420684801405,82.03487049687351,82.86640167236328,1758100,0.0,0.0
2025-03-24 00:00:00-04:00,83.49004984360826,85.10362815544654,83.49004984360826,85.04423522949219,183400,0.0,0.0
2025-03-25 00:00:00-04:00,84.98482942695753,85.2719078052662,84.28198548799818,84.72744750976562,173100,0.0,0.0
2025-03-26 00:00:00-04:00,84.93534470014154,85.60849223233295,84.27209095411592,85.05413055419922,172100,0.0,0.0
2025-03-27 00:00:00-04:00,85.33130547292676,86.6875018419073,85.1234226810407,85.8460693359375,149700,0.0,0.0
2025-03-28 00:00:00-04:00,85.66788302901216,85.66788302901216,83.89592107580044,85.18282318115234,155700,0.0,0.0
2025-03-31 00:00:00-04:00,84.48987005773631,87.34085122545424,84.2621921493471,86.96467590332031,191900,0.0,0.0
2025-04-01 00:00:00-04:00,86.84589651330843,87.54874051940959,85.56889569574142,87.24185943603516,175500,0.0,0.0
2025-04-02 00:00:00-04:00,86.95477238766512,88.52875279334424,86.01434921089704,88.18228149414062,148700,0.0,0.0
2025-04-03 00:00:00-04:00,85.74707575423928,86.80629235525382,85.16301764671286,85.87576293945312,217100,0.0,0.0
2025-04-04 00:00:00-04:00,83.87612494028456,85.86586344736867,83.45045802310825,84.37108612060547,338200,0.0,0.0
2025-04-07 00:00:00-04:00,82.67830552970706,86.4598083384513,81.23301990673231,82.95549011230469,342000,0.0,0.0
2025-04-08 00:00:00-04:00,84.68786106577313,86.42022519877543,80.43119188939274,81.29242706298828,381500,0.0,0.0
2025-04-09 00:00:00-04:00,81.19342649922913,87.02407599390985,81.07464065277235,84.9254379272461,367000,0.0,0.0
2025-04-10 00:00:00-04:00,86.7567910858125,93.05269761366081,85.30160407430398,90.83527374267578,704600,0.0,0.0
2025-04-11 00:00:00-04:00,91.05306226878515,91.68661197688321,88.65744441049934,90.81547546386719,320300,0.0,0.0
2025-04-14 00:00:00-04:00,91.1322434429481,93.54765624317214,91.12234965787076,93.32987213134766,240100,0.0,0.0
2025-04-15 00:00:00-04:00,93.40907370145008,93.76544635222777,90.04333619549858,90.66698455810547,230400,0.0,0.0
2025-04-16 00:00:00-04:00,91.19164981715716,91.44902419096162,90.06313893968162,91.33023834228516,182100,0.0,0.0
2025-04-17 00:00:00-04:00,91.18175474410867,92.77553044509855,90.75608780125096,92.69633483886719,170800,0.0,0.0
2025-04-21 00:00:00-04:00,92.78542042175118,93.9436276991463,91.61731180666246,92.81511688232422,155600,0.0,0.0
2025-04-22 00:00:00-04:00,93.34968358530995,95.4681168772664,93.05270384989204,95.04244995117188,216800,0.0,0.0
2025-04-23 00:00:00-04:00,96.83420554042078,99.62578631045201,96.83420554042078,99.24961853027344,389400,0.0,0.0
2025-04-24 00:00:00-04:00,98.51706527611313,101.43734063124818,96.6362189232389,100.68499755859375,462200,0.0,0.0
2025-04-25 00:00:00-04:00,99.83367026178495,100.35832791346603,98.18050170393859,98.97244262695312,294600,0.0,0.0
2025-04-28 00:00:00-04:00,98.92294447903356,99.5663955413716,97.71523795795476,98.45767974853516,232000,0.0,0.0
2025-04-29 00:00:00-04:00,97.8934156260488,100.85328118784017,97.8934156260488,100.48701477050781,294900,0.0,0.0
2025-04-30 00:00:00-04:00,99.61588267238866,101.06116838708824,98.2992916959039,100.46721649169922,300600,0.0,0.0
2025-05-01 00:00:00-04:00,100.66520222395361,101.37794749628593,99.42779933518443,100.2098388671875,220600,0.0,0.0
2025-05-02 00:00:00-04:00,101.22945715191646,101.78381122661445,99.73467235477546,99.92276000976562,196400,0.0,0.0
2025-05-05 00:00:00-04:00,99.47729300855505,101.17005928964358,99.14072304094462,99.41790008544922,146000,0.0,0.0
2025-05-06 00:00:00-04:00,98.73484900558138,100.27913294364929,98.14089713055888,99.97225189208984,174700,0.0,0.0
2025-05-07 00:00:00-04:00,101.1898590875097,104.47640083352758,100.38802443835567,103.61516571044922,213400,0.0,0.0
2025-05-08 00:00:00-04:00,104.12003296138845,105.47622929831026,103.62507178692901,104.7337875366211,265700,0.0,0.0
2025-05-09 00:00:00-04:00,104.26852113005414,104.5357968368159,102.49655924797952,103.39738464355469,170600,0.0,0.0
2025-05-12 00:00:00-04:00,105.02085899649074,106.9215156576304,101.6254325699035,102.84303283691406,234900,0.0,0.0
2025-05-13 00:00:00-04:00,103.30828961530696,103.83294721464709,100.62560114617574,101.27894592285156,140600,0.0,0.0
2025-05-14 00:00:00-04:00,100.75429774490678,101.66502451392243,98.57647154899837,100.4375228881836,171100,0.0,0.0
2025-05-15 00:00:00-04:00,100.36822705336505,103.16970913296485,100.36822705336505,102.41736602783203,266400,0.0,0.0
2025-05-16 00:00:00-04:00,101.94220843600024,103.97154475205245,101.94220843600024,103.65476989746094,177600,0.0,0.0
2025-05-19 00:00:00-04:00,102.66484618242096,105.59501543697831,101.84320881795671,105.44652557373047,148200,0.0,0.0
2025-05-20 00:00:00-04:00,105.39703348700208,106.66413288268276,105.39703348700208,106.24836730957031,185500,0.0,0.0
2025-05-21 00:00:00-04:00,104.98126786128675,105.01096432327874,102.2886778705604,102.93212890625,187400,0.0,0.0
2025-05-22 00:00:00-04:00,102.70444193149241,103.75375718647184,102.07089224329638,103.15980529785156,128100,0.0,0.0
2025-05-23 00:00:00-04:00,101.90260829073452,103.55577678908523,101.11066739622103,103.30829620361328,98200,0.0,0.0
2025-05-27 00:00:00-04:00,103.73395758800864,106.13946905278239,103.24889778101944,106.02067565917969,134500,0.0,0.0
2025-05-28 00:00:00-04:00,105.87219477915804,107.44617527964851,104.67438961404066,105.555419921875,174600,0.0,0.0
2025-05-29 00:00:00-04:00,105.49602488490595,105.92169179890843,104.40711180682068,105.68411254882812,106000,0.0,0.0
2025-05-30 00:00:00-04:00,105.68411629277786,107.43627559701766,105.3277436287785,106.8918228149414,338900,0.0,0.0
2025-06-02 00:00:00-04:00,106.25826462160447,108.08962706622526,104.5556044724703,106.31766510009766,278600,0.0,0.0
2025-06-03 00:00:00-04:00,106.02067871057098,107.7926405654781,105.28813831020696,105.80289459228516,146500,0.0,0.0
2025-06-04 00:00:00-04:00,105.23864488258218,105.82270300898948,104.0705361822759,105.08026123046875,131800,0.0,0.0
2025-06-05 00:00:00-04:00,105.34753246897388,106.65422964151817,104.41701061515967,105.76329803466797,150200,0.0,0.0
2025-06-06 00:00:00-04:00,106.65423134095711,107.43627089984739,105.40693462400029,107.09970092773438,110700,0.0,0.0
2025-06-09 00:00:00-04:00,107.77285101942805,107.93123467114535,106.11967492348354,107.25808715820312,153800,0.0,0.0
2025-06-10 00:00:00-04:00,107.59465636015283,108.73306095422038,106.90170622408158,107.15908813476562,226000,0.0,0.0
2025-06-11 00:00:00-04:00,107.25808142740595,107.25808142740595,105.89199135023762,106.65422821044922,139300,0.0,0.0
2025-06-12 00:00:00-04:00,106.4364468468061,106.69382877032699,105.49602364327983,106.38695526123047,112700,0.0,0.0
2025-06-13 00:00:00-04:00,105.82269811700179,106.26816014251801,104.12993184652899,104.3873062133789,202000,0.0,0.0
2025-06-16 00:00:00-04:00,105.22874537338092,105.94148309788868,104.76348067574524,105.1396484375,138400,0.0,0.0
2025-06-17 00:00:00-04:00,104.50610492295394,105.24854670488811,102.61535711226593,102.71434783935547,169100,0.0,0.0
2025-06-18 00:00:00-04:00,102.46686888527856,102.56585961395237,100.57611349182214,100.73450469970703,179000,0.0,0.0
2025-06-20 00:00:00-04:00,102.43716739237568,103.59537472126048,98.97243919134695,100.46721649169922,637100,0.0,0.0
2025-06-23 00:00:00-04:00,100.54641690773481,102.55595815218335,99.76437731288628,101.16017150878906,198800,0.0,0.0
2025-06-24 00:00:00-04:00,101.35814883476773,103.59537546096595,100.37812782275277,103.21920013427734,340500,0.0,0.0
2025-06-25 00:00:00-04:00,102.95192316322026,104.62489433142517,102.35797127085713,104.34771728515625,281900,0.0,0.0
2025-06-26 00:00:00-04:00,104.4170081427266,105.5554127524322,103.1994003834444,105.17924499511719,275800,0.0,0.0
2025-06-27 00:00:00-04:00,104.99116562091916,106.38695980743933,104.58530137081956,105.27824401855469,514800,0.0,0.0
2025-06-30 00:00:00-04:00,105.82270150119733,105.9513886887377,101.64522794517454,103.9814453125,306800,0.0,0.0
2025-07-01 00:00:00-04:00,103.39738472813214,105.57521839365418,103.26869754366129,104.72388458251953,196300,0.0,0.0
2025-07-02 00:00:00-04:00,104.30812570531222,105.61482296743377,103.17961477677582,105.47623443603516,252000,0.0,0.0
2025-07-03 00:00:00-04:00,105.32773124286943,106.39684910914566,104.38730055304018,105.53561401367188,91600,0.0,0.0
2025-07-07 00:00:00-04:00,105.23864289957264,105.23864289957264,103.0113176059799,104.35761260986328,171300,0.0,0.0
2025-07-08 00:00:00-04:00,104.35760752272078,104.47640091815782,100.97207505409705,103.18949890136719,219400,0.0,0.0
2025-07-09 00:00:00-04:00,103.27859888207982,103.27859888207982,100.51671466490141,100.98197937011719,188700,0.0,0.0
2025-07-10 00:00:00-04:00,100.92258203040484,102.02139645909851,100.27913853554618,101.66502380371094,285500,0.0,0.0
2025-07-11 00:00:00-04:00,112.25719205098322,112.44527215516048,105.09015660384162,107.07989501953125,561200,0.0,0.0
2025-07-14 00:00:00-04:00,105.95139133439906,108.35690302469901,104.68429189387221,105.4663314819336,294200,0.0,0.0
2025-07-15 00:00:00-04:00,105.68411197032395,106.51564311730739,102.79353297471886,106.48594665527344,409400,0.0,0.0
2025-07-16 00:00:00-04:00,106.48594294903279,107.35707186591128,105.56531489548176,107.26798248291016,232900,0.0,0.0
2025-07-17 00:00:00-04:00,107.1887905633908,110.28725234422272,106.18896687785816,110.22785186767578,284800,0.0,0.0
2025-07-18 00:00:00-04:00,110.73271352984358,110.73271352984358,107.88173991023538,108.56478118896484,197600,0.0,0.0
2025-07-21 00:00:00-04:00,108.56477734297714,109.24782615001716,106.3770499559086,107.35707092285156,184800,0.0,0.0
2025-07-22 00:00:00-04:00,107.71344544198101,108.58458191896199,105.35743303448093,105.42672729492188,195900,0.0,0.0
2025-07-23 00:00:00-04:00,105.74350040734362,106.04048012009767,104.58529312211691,105.17924499511719,193700,0.0,0.0
2025-07-24 00:00:00-04:00,104.89216764506125,104.89216764506125,103.06081287187068,103.57556915283203,186000,0.0,0.0
2025-07-25 00:00:00-04:00,103.75375932587376,106.21867142086184,103.59537567681289,106.10977935791016,163200,0.0,0.0
2025-07-28 00:00:00-04:00,105.91178393184356,107.48576430380602,105.21884134828004,107.15908813476562,184200,0.0,0.0
2025-07-29 00:00:00-04:00,107.53525913371092,107.71344545379404,105.64451142575324,106.08997344970703,222600,0.0,0.0
2025-07-30 00:00:00-04:00,106.38695603389723,107.99062540534742,105.25844516046631,106.0602798461914,217100,0.0,0.0
2025-07-31 00:00:00-04:00,105.2881380298229,107.39666984191457,105.1891473088224,106.4166488647461,209900,0.0,0.0
2025-08-01 00:00:00-04:00,105.9909859313136,109.09934151253296,105.6841124189824,108.09951782226562,224300,0.0,0.0
2025-08-04 00:00:00-04:00,107.80254645859762,110.00017530505929,107.62436013178969,109.76258850097656,223600,0.0,0.0
2025-08-05 00:00:00-04:00,109.32702436201687,109.68339700443082,107.91143513034704,107.94113159179688,256200,0.0,0.0
2025-08-06 00:00:00-04:00,107.70355038979548,110.09916056830092,107.0402967019383,109.63389587402344,134700,0.0,0.0
2025-08-07 00:00:00-04:00,109.83187951168702,110.86139964136787,109.42601528362027,110.16845703125,139600,0.0,0.0
2025-08-08 00:00:00-04:00,110.60402775994305,111.77213643790904,110.32684315715619,110.75251007080078,134900,0.0,0.0
2025-08-11 00:00:00-04:00,110.55452778571409,111.425656730364,108.7924672201108,109.08943939208984,118400,0.0,0.0
2025-08-12 00:00:00-04:00,109.61410551140159,110.43573532478975,108.98054825693934,110.32684326171875,143300,0.0,0.0
2025-08-13 00:00:00-04:00,110.71291176322286,112.77195205944362,109.18843799367379,112.21759796142578,146300,0.0,0.0
2025-08-14 00:00:00-04:00,111.29697227105235,112.75215936217502,110.5248340314791,111.23757934570312,191600,0.0,0.0
2025-08-15 00:00:00-04:00,111.53622358021575,111.53622358021575,107.51438814915154,108.46011352539062,246400,0.63,0.0
2025-08-18 00:00:00-04:00,108.5994824308649,111.87469013658962,108.3605636971145,111.74527740478516,193500,0.0,0.0
2025-08-19 00:00:00-04:00,111.44662712233674,113.497369742383,108.92800418118003,108.98773956298828,204500,0.0,0.0
2025-08-20 00:00:00-04:00,109.37598114833374,109.38593071567648,107.80308366796896,108.29087829589844,166400,0.0,0.0
2025-08-21 00:00:00-04:00,107.63385142746259,110.39139304382002,106.14059603493719,107.05645751953125,215300,0.0,0.0
2025-08-22 00:00:00-04:00,107.54425161220529,110.84932322719308,106.56866234725804,110.2420654296875,235200,0.0,0.0
2025-08-25 00:00:00-04:00,109.81399806588912,109.81399806588912,108.06191722419574,108.19132995605469,141700,0.0,0.0
2025-08-26 00:00:00-04:00,107.90263494095154,108.49993558384092,104.98580907983384,108.26101684570312,193700,0.0,0.0
2025-08-27 00:00:00-04:00,107.99223382251014,109.70449363388435,107.66371581183259,109.10719299316406,136900,0.0,0.0
2025-08-28 00:00:00-04:00,109.37598629848563,109.37598629848563,106.95691217961755,107.5741195678711,221900,0.0,0.0
2025-08-29 00:00:00-04:00,107.99223318989957,107.99223318989957,106.41933568898129,106.77771759033203,146500,0.0,0.0
2025-09-02 00:00:00-04:00,106.38947670955064,107.53429981913985,106.38947670955064,107.46461486816406,150000,0.0,0.0
2025-09-03 00:00:00-04:00,107.6537626452347,108.07187234974984,106.72794395947122,107.84291076660156,176200,0.0,0.0
2025-09-04 00:00:00-04:00,108.35060975961642,109.26647885725072,107.23565057220222,109.08728790283203,176800,0.0,0.0
2025-09-05 00:00:00-04:00,108.98773789247183,109.50539642463973,107.96236280062027,109.47553253173828,153700,0.0,0.0
2025-09-08 00:00:00-04:00,109.90359636179808,111.56608551168894,109.01759878634297,111.47649383544922,178000,0.0,0.0
2025-09-09 00:00:00-04:00,110.55068029743407,111.55613348751947,109.41580677558863,110.2918472290039,217800,0.0,0.0
2025-09-10 00:00:00-04:00,109.81400034997009,110.6104062728244,108.1116900950815,110.50090026855469,307800,0.0,0.0
2025-09-11 00:00:00-04:00,110.47103919790685,120.4459822432582,109.42575734684186,117.56897735595703,451600,0.0,0.0
2025-09-12 00:00:00-04:00,116.13545338372803,116.42414274345767,112.49190656954913,114.06480407714844,352500,0.0,0.0
2025-09-15 00:00:00-04:00,114.58246385177225,116.67301991119616,113.00956632707538,116.57347106933594,185300,0.0,0.0
2025-09-16 00:00:00-04:00,116.19517889569335,117.63865604645716,115.40873015728141,116.52369689941406,258100,0.0,0.0
2025-09-17 00:00:00-04:00,116.49383127125789,118.35542579088158,116.05581483935639,116.2648696899414,277800,0.0,0.0
2025-09-18 00:00:00-04:00,116.31463490804937,118.80339386375145,116.2449499610933,116.89202880859375,179300,0.0,0.0
2025-09-19 00:00:00-04:00,116.89202943469618,117.30018955126053,114.70192457998346,114.92093658447266,470800,0.0,0.0
2025-09-22 00:00:00-04:00,114.64219659879545,116.72279544769992,113.97520342396906,115.11007690429688,195200,0.0,0.0
2025-09-23 00:00:00-04:00,115.03044344860308,116.96171525838173,114.7019254394078,116.5933837890625,151000,0.0,0.0
2025-09-24 00:00:00-04:00,116.81238753558033,119.58984346144152,115.91644038118416,116.882080078125,180700,0.0,0.0
2025-09-25 00:00:00-04:00,116.7725768514499,116.94181064285068,115.26936426908514,116.47392272949219,199300,0.0,0.0
2025-09-26 00:00:00-04:00,116.444059147135,120.95368931117684,115.6775171097727,120.39620971679688,265300,0.0,0.0
2025-09-29 00:00:00-04:00,120.23692311010113,122.64603998960834,119.34096835467994,122.10847473144531,496900,0.0,0.0
2025-09-30 00:00:00-04:00,121.89940960121213,122.09851487307066,120.07764383301611,120.64508056640625,302800,0.0,0.0
2025-10-01 00:00:00-04:00,119.77899638106763,120.52562410308934,117.32010120132837,119.90840911865234,195800,0.0,0.0
2025-10-02 00:00:00-04:00,119.82877192864329,121.23242806529879,118.67398409868917,121.06319427490234,117200,0.0,0.0
2025-10-03 00:00:00-04:00,121.65053666639288,123.05420038554858,121.62067277366016,122.66595458984375,212400,0.0,0.0
2025-10-06 00:00:00-04:00,122.26775541220647,124.02979349372903,121.99897277421114,122.05870056152344,163500,0.0,0.0
2025-10-07 00:00:00-04:00,121.79986353351005,121.79986353351005,118.7337106329461,120.7048110961914,212500,0.0,0.0
2025-10-08 00:00:00-04:00,121.50121536125417,122.10847315458165,120.36634188407257,120.72471618652344,154600,0.0,0.0
2025-10-09 00:00:00-04:00,120.81431678908133,121.6604933250589,117.71830000378478,117.99703979492188,252600,0.0,0.0
2025-10-10 00:00:00-04:00,117.99703929479426,119.29119699969092,117.67847844983211,118.09658813476562,183400,0.0,0.0
2025-10-13 00:00:00-04:00,118.85317334215273,123.04424255661925,118.85317334215273,122.95465087890625,186400,0.0,0.0
2025-10-14 00:00:00-04:00,122.32747905506321,123.91033372102173,122.00891820837384,123.04424285888672,230900,0.0,0.0
2025-10-15 00:00:00-04:00,123.58181404476566,124.91579279390758,122.9148284677395,123.53203582763672,169200,0.0,0.0
2025-10-16 00:00:00-04:00,123.08406299444322,123.41258100125596,121.22246855092726,122.30757141113281,121400,0.0,0.0
2025-10-17 00:00:00-04:00,121.9790583620548,122.81528535928501,120.88400588992779,121.31207275390625,111300,0.0,0.0
2025-10-20 00:00:00-04:00,122.33743815005371,122.36730204316981,121.21252180383885,121.43153381347656,159500,0.0,0.0
2025-10-21 00:00:00-04:00,121.25233994467386,122.4270344812347,118.85317265416224,121.09305572509766,204700,0.0,0.0
2025-10-22 00:00:00-04:00,121.02337574844225,121.96910115697726,118.94277681162927,121.77996063232422,220300,0.0,0.0
2025-10-23 00:00:00-04:00,122.20802320964816,122.98451479701411,120.84418055293509,122.48676300048828,107700,0.0,0.0
2025-10-24 00:00:00-04:00,123.15374727594984,123.45240138872667,122.01887379954123,122.59626770019531,135800,0.0,0.0
2025-10-27 00:00:00-04:00,122.7953646101412,123.13383977550924,121.48130019330847,121.67044830322266,130000,0.0,0.0
2025-10-28 00:00:00-04:00,121.34193364157208,122.82523188438888,120.72471867307534,122.37725830078125,148000,0.0,0.0
2025-10-29 00:00:00-04:00,122.66595293049853,122.66595293049853,118.79344459335277,120.53557586669922,171900,0.0,0.0
2025-10-30 00:00:00-04:00,120.85414062216222,122.47680878363107,119.43057014605635,122.35735321044922,313700,0.0,0.0
2025-10-31 00:00:00-04:00,118.43506558515942,123.18361445853918,111.17784336369652,114.42318725585938,506200,0.0,0.0
2025-11-03 00:00:00-05:00,114.42318755251728,117.8974930305214,112.88015391643683,116.66307067871094,507000,0.0,0.0
2025-11-04 00:00:00-05:00,116.8323046378055,117.0612662155619,113.92543591045512,116.47392272949219,221300,0.0,0.0
2025-11-05 00:00:00-05:00,116.15535977442286,120.1274169920536,115.83679892780995,118.74366760253906,288600,0.0,0.0
2025-11-06 00:00:00-05:00,118.35542079580995,119.91836112286988,115.22954014169005,116.79248046875,146600,0.0,0.0
2025-11-07 00:00:00-05:00,116.69293215347761,118.11650259242636,116.14540214038591,116.22504425048828,208600,0.0,0.0
2025-11-10 00:00:00-05:00,116.54360551209118,118.31560069520512,114.26390136912325,114.91098022460938,151100,0.0,0.0
2025-11-11 00:00:00-05:00,115.09016921109799,116.25490657403971,113.86569646884085,115.3091812133789,147500,0.0,0.0
2025-11-12 00:00:00-05:00,115.9164441383941,116.87212670379238,115.37887127127821,116.27482604980469,118800,0.0,0.0
2025-11-13 00:00:00-05:00,116.47391872010681,116.54360366681954,114.10462293678474,115.58792114257812,153900,0.0,0.0
2025-11-14 00:00:00-05:00,115.34900784350792,116.1752700805664,113.9154801920784,116.1752700805664,134200,0.0,0.0
2025-11-17 00:00:00-05:00,116.25491261213976,118.0766860765443,115.1200390823674,115.32909393310547,130900,0.0,0.0
2025-11-18 00:00:00-05:00,115.17976669942252,116.53365224084945,114.33359013480317,115.51824188232422,102200,0.0,0.0
2025-11-19 00:00:00-05:00,115.69743203491703,116.40423869433734,114.44309534597191,115.5281982421875,111800,0.0,0.0
2025-11-20 00:00:00-05:00,116.99157798535576,118.64411758235296,115.93634661552213,116.98162841796875,148100,0.0,0.0
2025-11-21 00:00:00-05:00,117.41964945006153,120.14733484915268,117.41964945006153,118.04682159423828,190600,0.0,0.0
2025-11-24 00:00:00-05:00,118.50475046746593,118.74366920688122,116.74270482716744,117.0413589477539,189400,0.0,0.0
2025-11-25 00:00:00-05:00,117.82780585897652,125.96106838985293,117.74816374872589,125.10493469238281,242900,0.0,0.0
2025-11-26 00:00:00-05:00,124.66691824812399,126.1303021494292,122.78540947055224,123.42253875732422,303600,0.0,0.0
2025-11-28 00:00:00-05:00,123.48226935912895,124.08952717209817,121.6903598134673,122.54649353027344,100200,0.0,0.0
2025-12-01 00:00:00-05:00,122.14828799309373,123.62163665462407,121.99896853000762,122.29761505126953,231800,0.0,0.0
2025-12-02 00:00:00-05:00,122.96460080560631,125.33390422435653,121.87950553187828,124.72664642333984,172000,0.0,0.0
2025-12-03 00:00:00-05:00,125.04520798633781,126.76742496360427,121.42157548464972,126.12035369873047,135800,0.0,0.0
2025-12-04 00:00:00-05:00,125.57282230007137,127.79279105367166,124.39812775945899,127.1656265258789,118100,0.0,0.0
2025-12-05 00:00:00-05:00,127.22536448351383,128.57925000165193,126.82716152022208,127.41450500488281,150300,0.0,0.0
2025-12-08 00:00:00-05:00,127.38464008243048,127.38464008243048,123.39266850921811,123.78091430664062,163500,0.0,0.0
2025-12-09 00:00:00-05:00,124.09948186568155,125.94116199841294,123.44244584698198,125.19453430175781,130400,0.0,0.0
2025-12-10 00:00:00-05:00,125.38367462158203,125.95111136633726,123.36280354105185,125.38367462158203,179600,0.0,0.0
2025-12-11 00:00:00-05:00,125.74206405232955,130.86891698233674,124.36827174463178,130.43089294433594,158800,0.0,0.0
2025-12-12 00:00:00-05:00,130.43089012256976,130.85894939305877,127.28509499969373,127.94213104248047,172300,0.0,0.0
2025-12-15 00:00:00-05:00,128.2507250807245,129.3955480952886,126.51854342295056,129.27609252929688,154000,0.0,0.0
2025-12-16 00:00:00-05:00,129.057092837868,130.62999043085202,126.59819760220986,128.19100952148438,211800,0.0,0.0
2025-12-17 00:00:00-05:00,127.8027547826709,128.01180202849633,124.31848464881868,125.21443939208984,260100,0.0,0.0
2025-12-18 00:00:00-05:00,126.35927279142065,126.3692299540883,123.48226798274159,123.5917739868164,160700,0.0,0.0
2025-12-19 00:00:00-05:00,123.18361061129316,124.26871346072625,122.12837924907438,124.09947967529297,921500,0.0,0.0
2025-12-22 00:00:00-05:00,123.69132469412321,125.17462296020827,122.88496919294441,124.59723663330078,139300,0.0,0.0
2025-12-23 00:00:00-05:00,124.68682348510207,124.68682348510207,122.64603810659152,123.2532958984375,164400,0.0,0.0
2025-12-24 00:00:00-05:00,123.31303385780858,124.9456591567378,122.99447300911726,123.5021743774414,56700,0.0,0.0
2025-12-26 00:00:00-05:00,124.1691715448671,125.02529768217069,123.2931234865537,124.38817596435547,84200,0.0,0.0
2025-12-29 00:00:00-05:00,124.10942958546333,125.81173979708272,122.24784275037543,123.2532958984375,137600,0.0,0.0
2025-12-30 00:00:00-05:00,122.92479191648347,124.11939323777348,122.42704010009766,122.42704010009766,129100,0.0,0.0
2025-12-31 00:00:00-05:00,122.42703473922089,122.77545947641603,121.14283419776767,122.11842346191406,143200,0.0,0.0
2026-01-02 00:00:00-05:00,121.93923232646554,124.41804172821602,121.5609436973851,122.77545928955078,190400,0.0,0.0
2026-01-05 00:00:00-05:00,122.51662789870007,128.32040812156146,121.01341533422836,126.58824157714844,184100,0.0,0.0
2026-01-06 00:00:00-05:00,126.28958906075795,127.43441214061484,124.75651258401646,126.56832885742188,193100,0.0,0.0
2026-01-07 00:00:00-05:00,126.83711824958444,127.81270753147162,123.92029237644132,127.04617309570312,172800,0.0,0.0
2026-01-08 00:00:00-05:00,120.64507852996948,134.92059589486718,120.64507852996948,132.8300323486328,410500,0.0,0.0
2026-01-09 00:00:00-05:00,133.17847338023478,136.28443982105014,132.09337807753707,133.845458984375,191400,0.0,0.0
2026-01-12 00:00:00-05:00,134.19388622550287,137.877246450031,134.19388622550287,135.0301055908203,203200,0.0,0.0
2026-01-13 00:00:00-05:00,134.78123733885815,137.18040475915961,133.82554715987936,136.24462890625,171200,0.0,0.0
2026-01-14 00:00:00-05:00,136.8817422335394,142.72534338657934,136.8817422335394,141.02304077148438,225600,0.0,0.0
2026-01-15 00:00:00-05:00,140.2166941137127,140.45560526618297,138.12613038851717,140.1669158935547,394900,0.0,0.0
2026-01-16 00:00:00-05:00,139.6890735294444,140.45560037047537,136.40390858586457,140.2266387939453,223400,0.0,0.0
2026-01-20 00:00:00-05:00,139.56960603271875,140.56510966375126,137.36955151463772,140.18682861328125,154400,0.0,0.0
2026-01-21 00:00:00-05:00,141.36150699616695,147.36439231043775,140.8836695356272,145.1543731689453,349400,0.0,0.0
2026-01-22 00:00:00-05:00,145.12451276477464,145.13446233225326,140.78411648593166,141.3714599609375,258500,0.0,0.0
2026-01-23 00:00:00-05:00,141.21219053932728,141.21219053932728,138.41481268728376,140.06735229492188,170800,0.0,0.0
2026-01-26 00:00:00-05:00,140.50537922057882,142.78507580887475,138.95239601595037,142.08822631835938,193200,0.0,0.0
2026-01-27 00:00:00-05:00,141.98868335946133,144.1290100238509,140.8538098628239,141.36151123046875,202900,0.0,0.0
2026-01-28 00:00:00-05:00,141.2619547943755,141.68007967382354,139.50987392646246,141.36151123046875,174600,0.0,0.0
2026-01-29 00:00:00-05:00,140.99317540922698,144.7462129293154,140.42573108332573,144.40774536132812,213300,0.0,0.0
2026-01-30 00:00:00-05:00,143.1235550658952,145.0448696989912,139.5695999662963,141.57057189941406,314600,0.0,0.0
2026-02-02 00:00:00-05:00,140.9035763384991,144.73627136918023,140.87371244497626,142.81495666503906,310100,0.0,0.0
2026-02-03 00:00:00-05:00,142.95432536647544,146.5679931640625,141.36151350443808,146.5679931640625,276800,0.0,0.0
2026-02-04 00:00:00-05:00,147.08565047841233,148.90742380969738,145.39329747033437,147.4241180419922,280900,0.0,0.0
2026-02-05 00:00:00-05:00,148.2205377593716,151.1274065929512,146.7870100737312,150.6197052001953,283200,0.0,0.0
2026-02-06 00:00:00-05:00,151.69484415028805,157.15019965098242,151.4161043561768,156.1248321533203,302200,0.0,0.0
2026-02-09 00:00:00-05:00,155.51757019201446,156.1845557665458,153.56637649518416,155.427978515625,226100,0.0,0.0
2026-02-10 00:00:00-05:00,154.44243567640714,155.99541894020973,153.5464884673457,153.7953643798828,170900,0.0,0.0
2026-02-11 00:00:00-05:00,154.9401820020944,155.02977368178455,146.04037725522556,154.42251586914062,236500,0.0,0.0
2026-02-12 00:00:00-05:00,155.56734945245177,157.1601460740499,153.88494596368398,154.29310607910156,172600,0.0,0.0
2026-02-13 00:00:00-05:00,154.01437119448627,155.32842806939067,152.76002691596423,154.97999572753906,154800,0.0,0.0
2026-02-17 00:00:00-05:00,154.75999450683594,155.67999267578125,151.27999877929688,152.5800018310547,146100,0.7,0.0
2026-02-18 00:00:00-05:00,151.9600067138672,153.9199981689453,150.6199951171875,152.10000610351562,182900,0.0,0.0
2026-02-19 00:00:00-05:00,151.27999877929688,153.86000061035156,149.42999267578125,152.92999267578125,169500,0.0,0.0
2026-02-20 00:00:00-05:00,152.80999755859375,153.97999572753906,150.67999267578125,153.72999572753906,183900,0.0,0.0
2026-02-23 00:00:00-05:00,153.72000122070312,153.8699951171875,150.0399932861328,151.3000030517578,218600,0.0,0.0
2026-02-24 00:00:00-05:00,151.61000061035156,155.55999755859375,151.2899932861328,155.22000122070312,177900,0.0,0.0
2026-02-25 00:00:00-05:00,155.8699951171875,156.99000549316406,154.6199951171875,155.3699951171875,152900,0.0,0.0
2026-02-26 00:00:00-05:00,156.27999877929688,157.1199951171875,152.85000610351562,153.8000030517578,146600,0.0,0.0
2026-02-27 00:00:00-05:00,152.0500030517578,154.6699981689453,152.0500030517578,154.6199951171875,134400,0.0,0.0
2026-03-02 00:00:00-05:00,153.25999450683594,158.00999450683594,153.25999450683594,157.4199981689453,183700,0.0,0.0
2026-03-03 00:00:00-05:00,153.66000366210938,155.88999938964844,151.4199981689453,151.75,289300,0.0,0.0
2026-03-04 00:00:00-05:00,152.8699951171875,156.0399932861328,150.3800048828125,153.05999755859375,201900,0.0,0.0
2026-03-05 00:00:00-05:00,150.66000366210938,152.75999450683594,145.60000610351562,146.63999938964844,190400,0.0,0.0
2026-03-06 00:00:00-05:00,144.02999877929688,145.3699951171875,142.13999938964844,145.16000366210938,198000,0.0,0.0
2026-03-09 00:00:00-04:00,143.2899932861328,149.0500030517578,140.11000061035156,148.83999633789062,243100,0.0,0.0
2026-03-10 00:00:00-04:00,148.1199951171875,152.8000030517578,147.30999755859375,147.61000061035156,211600,0.0,0.0
2026-03-11 00:00:00-04:00,146.25999450683594,147.94000244140625,145.39999389648438,145.97000122070312,181800,0.0,0.0
2026-03-12 00:00:00-04:00,143.74000549316406,146.88999938964844,142.99000549316406,146.8000030517578,168900,0.0,0.0
2026-03-13 00:00:00-04:00,148.25,151.1999969482422,146.38999938964844,148.77000427246094,159700,0.0,0.0
2026-03-16 00:00:00-04:00,150.07000732421875,152.1199951171875,148.22000122070312,151.1699981689453,215900,0.0,0.0
2026-03-17 00:00:00-04:00,151.77999877929688,152.8699951171875,149.72999572753906,149.77999877929688,229000,0.0,0.0
2026-03-18 00:00:00-04:00,147.8000030517578,151.58999633789062,140.8000030517578,141.39999389648438,364500,0.0,0.0
2026-03-19 00:00:00-04:00,141.25999450683594,143.72000122070312,139.8000030517578,142.6699981689453,222200,0.0,0.0
2026-03-20 00:00:00-04:00,142.22000122070312,143.00999450683594,139.0800018310547,140.6999969482422,551100,0.0,0.0
2026-03-23 00:00:00-04:00,143.85000610351562,149.9499969482422,143.0,145.74000549316406,233100,0.0,0.0
2026-03-24 00:00:00-04:00,143.9199981689453,150.2899932861328,143.75999450683594,148.55999755859375,207400,0.0,0.0
2026-03-25 00:00:00-04:00,150.10000610351562,152.0500030517578,146.66000366210938,147.17999267578125,238300,0.0,0.0
2026-03-26 00:00:00-04:00,145.5,147.80999755859375,144.2100067138672,146.42999267578125,194600,0.0,0.0
2026-03-27 00:00:00-04:00,145.5800018310547,149.0399932861328,143.52000427246094,147.52000427246094,186900,0.0,0.0
2026-03-30 00:00:00-04:00,148.2100067138672,148.94000244140625,145.6699981689453,148.16000366210938,290400,0.0,0.0
2026-03-31 00:00:00-04:00,150.0500030517578,152.82000732421875,148.11000061035156,150.5,267100,0.0,0.0
2026-04-01 00:00:00-04:00,150.38999938964844,152.3699951171875,148.0,151.36000061035156,223800,0.0,0.0
2026-04-02 00:00:00-04:00,149.9600067138672,152.91000366210938,148.3000030517578,152.47999572753906,238200,0.0,0.0
2026-04-06 00:00:00-04:00,151.6199951171875,155.57000732421875,149.5,154.99000549316406,227800,0.0,0.0
2026-04-07 00:00:00-04:00,154.58999633789062,154.89999389648438,149.69000244140625,150.75999450683594,235600,0.0,0.0
2026-04-08 00:00:00-04:00,154.50999450683594,160.42999267578125,153.25,156.6999969482422,387200,0.0,0.0
2026-04-09 00:00:00-04:00,161.85000610351562,165.4600067138672,153.1199951171875,161.25999450683594,589000,0.0,0.0
2026-04-10 00:00:00-04:00,160.17999267578125,162.9199981689453,155.17999267578125,157.02999877929688,310100,0.0,0.0
2026-04-13 00:00:00-04:00,156.0,160.72999572753906,153.02000427246094,158.02000427246094,261300,0.0,0.0
2026-04-14 00:00:00-04:00,157.4600067138672,158.64999389648438,155.27000427246094,156.72000122070312,312600,0.0,0.0
2026-04-15 00:00:00-04:00,155.66000366210938,155.97000122070312,154.00999450683594,155.38999938964844,137000,0.0,0.0
2026-04-16 00:00:00-04:00,154.1999969482422,156.83999633789062,154.1999969482422,156.6699981689453,166300,0.0,0.0
2026-04-17 00:00:00-04:00,158.49000549316406,162.75,158.49000549316406,161.77999877929688,171100,0.0,0.0
2026-04-20 00:00:00-04:00,161.77999877929688,162.9600067138672,159.17999267578125,159.1999969482422,232500,0.0,0.0
2026-04-21 00:00:00-04:00,159.89999389648438,160.8699951171875,157.91000366210938,158.77999877929688,142900,0.0,0.0
2026-04-22 00:00:00-04:00,159.88999938964844,161.19000244140625,157.97999572753906,160.27000427246094,182300,0.0,0.0
2026-04-23 00:00:00-04:00,160.9600067138672,162.72000122070312,159.99000549316406,162.14999389648438,191900,0.0,0.0
2026-04-24 00:00:00-04:00,162.14999389648438,165.25,159.8800048828125,161.10000610351562,214200,0.0,0.0
2026-04-27 00:00:00-04:00,161.0,162.1649932861328,153.49000549316406,154.99000549316406,411756,0.0,0.0
