Date,Open,High,Low,Close,Volume,Dividends,Stock Splits
2023-01-27 00:00:00-05:00,15.56606388092041,16.266536593616863,15.254742225430412,15.56606388092041,1538100,0.0,0.0
2023-01-30 00:00:00-05:00,15.622666827490912,15.629742472624944,15.212288856506348,15.212288856506348,195600,0.0,0.0
2023-01-31 00:00:00-05:00,15.424553662136413,15.926913697998241,15.056629541686242,15.849082946777344,143200,0.0,0.0
2023-02-01 00:00:00-05:00,16.06134917474003,16.06134917474003,15.783990062366131,15.87031078338623,54700,0.0,0.0
2023-02-02 00:00:00-05:00,16.160402132502885,16.202854649617006,15.884458746949301,15.997666358947754,59100,0.0,0.0
2023-02-03 00:00:00-05:00,16.08964526935148,16.27360795601659,15.92690951368116,16.209928512573242,114100,0.0,0.0
2023-02-06 00:00:00-05:00,15.990592110204041,16.37974314172215,15.608515374204758,16.202856063842773,253800,0.0,0.0
2023-02-07 00:00:00-05:00,16.393889867138626,16.393889867138626,15.944596652480953,16.266530990600586,77100,0.0,0.0
2023-02-08 00:00:00-05:00,16.0613472030078,16.273611156537417,16.047195912894807,16.1745548248291,21900,0.0,0.0
2023-02-09 00:00:00-05:00,16.1745548248291,16.47172516949535,16.167479179772606,16.1745548248291,42300,0.0,0.0
2023-02-10 00:00:00-05:00,16.3089879881429,16.33021492325494,16.1250266153371,16.224082946777344,27200,0.0,0.0
2023-02-13 00:00:00-05:00,16.025967622476518,16.36205331176148,16.025967622476518,16.280685424804688,43300,0.0,0.0
2023-02-14 00:00:00-05:00,16.535400029856657,16.58492818194569,16.217709997958277,16.266530990600586,66900,0.0,0.0
2023-02-15 00:00:00-05:00,16.379742246231963,16.60898881511501,16.2948372092348,16.43634605407715,21600,0.0,0.0
2023-02-16 00:00:00-05:00,16.528328935676733,16.528328935676733,16.089648390150366,16.224082946777344,42900,0.0,0.0
2023-02-17 00:00:00-05:00,16.323137576292947,16.323137576292947,15.919835298003445,16.033042907714844,35900,0.0,0.0
2023-02-21 00:00:00-05:00,16.202854518266957,16.450496673583984,16.139175068341405,16.450496673583984,99600,0.0,0.0
2023-02-22 00:00:00-05:00,16.90332458960852,17.370306252853474,16.55662616383823,17.051910400390625,119100,0.0,0.0
2023-02-23 00:00:00-05:00,17.136817513918274,17.22526104199297,16.718656793885668,16.910402297973633,67500,0.0,0.0
2023-02-24 00:00:00-05:00,17.115591969305434,17.349082829965095,16.77738346374281,16.86087417602539,25400,0.0,0.0
2023-02-27 00:00:00-05:00,16.945781270083554,16.981158143065127,16.648610948598268,16.797195434570312,36100,0.0,0.0
2023-02-28 00:00:00-05:00,17.419838337054284,17.419838337054284,16.83045052105916,17.058988571166992,69200,0.0,0.0
2023-03-01 00:00:00-05:00,16.627383155678636,17.073137940096608,16.627383155678636,17.030685424804688,44100,0.0,0.0
2023-03-02 00:00:00-05:00,16.910401642535245,17.016533602203033,16.853797840743017,16.95285415649414,38900,0.0,0.0
2023-03-03 00:00:00-05:00,17.61087503790813,17.688705775172057,16.5424770471428,16.712289810180664,135800,0.0,0.0
2023-03-06 00:00:00-05:00,16.599083711878976,16.768896504177786,16.301914699209515,16.485876083374023,62500,0.0,0.0
2023-03-07 00:00:00-05:00,16.627385900603194,16.93304622043061,16.16040410667722,16.231159210205078,55900,0.0,0.0
2023-03-08 00:00:00-05:00,16.139177080507025,16.818424181218262,16.139177080507025,16.330215454101562,108400,0.0,0.0
2023-03-09 00:00:00-05:00,16.457573160870364,17.034932546768925,16.13210025018778,16.85379981994629,66300,0.0,0.0
2023-03-10 00:00:00-05:00,17.200498654812105,17.200498654812105,15.82078029079219,15.9764404296875,81000,0.0,0.0
2023-03-13 00:00:00-04:00,16.160403964067466,16.160403964067466,15.412525940717378,15.813705444335938,52900,0.0,0.0
2023-03-14 00:00:00-04:00,15.72172184679774,16.7264404296875,15.72172184679774,16.7264404296875,71100,0.0,0.0
2023-03-15 00:00:00-04:00,16.620306328471774,16.620306328471774,15.842711581677396,15.926909446716309,16000,0.0,0.0
2023-03-16 00:00:00-04:00,15.92691264601701,16.379743133302224,15.580214135496604,16.1745548248291,31200,0.0,0.0
2023-03-17 00:00:00-04:00,16.25945719627324,16.3337494328541,15.675730745156525,15.983513832092285,37600,0.0,0.0
2023-03-20 00:00:00-04:00,16.01181708255927,16.620309039011115,15.275967568527006,15.58021354675293,32200,0.0,0.0
2023-03-21 00:00:00-04:00,15.771253157855648,16.25946054114111,15.361582334011297,16.160404205322266,9000,0.0,0.0
2023-03-22 00:00:00-04:00,16.004742738488517,16.45049756251331,15.813704378388787,16.21700668334961,17100,0.0,0.0
2023-03-23 00:00:00-04:00,16.273610576524156,16.860875599869246,15.764176296485209,16.117950439453125,36500,0.0,0.0
2023-03-24 00:00:00-04:00,16.05427103709819,16.56229099952571,15.764176346900058,16.096723556518555,19800,0.0,0.0
2023-03-27 00:00:00-04:00,16.202855310629218,16.76040342976089,15.779034582697307,16.316062927246094,23400,0.0,0.0
2023-03-28 00:00:00-04:00,16.273610938994096,16.811347810227552,16.2028558389163,16.422195434570312,20900,0.0,0.0
2023-03-29 00:00:00-04:00,16.28776070433607,16.443420830303953,15.566061180270035,16.033042907714844,30800,0.0,0.0
2023-03-30 00:00:00-04:00,16.224082193918985,17.301677376771778,16.224082193918985,16.337289810180664,44000,0.0,0.0
2023-03-31 00:00:00-04:00,16.49295119330166,16.65568833484196,16.351442337036133,16.351442337036133,6200,0.0,0.0
2023-04-03 00:00:00-04:00,16.379742328131826,17.228800799596186,16.379742328131826,16.9245548248291,86200,0.0,0.0
2023-04-04 00:00:00-04:00,17.058990206860063,17.327857971191406,16.521253328656076,17.327857971191406,31200,0.0,0.0
2023-04-05 00:00:00-04:00,17.68163275736656,17.68163275736656,16.59200902152343,17.33493423461914,32400,0.0,0.0
2023-04-06 00:00:00-04:00,17.186347652332994,17.33493213715743,16.62738388666121,16.917478561401367,41200,0.0,0.0
2023-04-10 00:00:00-04:00,16.71229398888366,17.260643735113852,16.71229398888366,16.967010498046875,12200,0.0,0.0
2023-04-11 00:00:00-04:00,17.172195179429284,17.56559180683965,16.606155808335384,16.804269790649414,20400,0.0,0.0
2023-04-12 00:00:00-04:00,16.87148718339077,16.87148718339077,16.484459022070208,16.669836044311523,18700,0.0,0.0
2023-04-13 00:00:00-04:00,16.535402297973633,17.108515971466357,16.379740827723946,16.535402297973633,52600,0.0,0.0
2023-04-14 00:00:00-04:00,16.592007661544283,16.97408302996335,16.592007661544283,16.87502670288086,3600,0.0,0.0
2023-04-17 00:00:00-04:00,16.72643997654541,16.76535534570643,15.792476514845683,15.884458541870117,64300,0.0,0.0
2023-04-18 00:00:00-04:00,15.9198364844689,16.37974260188975,15.9198364844689,16.096723556518555,35600,0.0,0.0
2023-04-19 00:00:00-04:00,16.195780418782643,16.32667782808312,15.990592110204041,16.202856063842773,13300,0.0,0.0
2023-04-20 00:00:00-04:00,16.20285543578945,16.613233386580927,16.167478561401367,16.167478561401367,5700,0.0,0.0
2023-04-21 00:00:00-04:00,16.132102027682777,16.379744222969336,15.318421685633853,15.56606388092041,118100,0.0,0.0
2023-04-24 00:00:00-04:00,15.467005021307475,16.18162890856572,14.880447193270046,15.530684471130371,68900,0.0,0.0
2023-04-25 00:00:00-04:00,15.566063120501571,15.91630013451104,15.32549658249415,15.67927074432373,18700,0.0,0.0
2023-04-26 00:00:00-04:00,15.955213626031997,15.990591850758648,15.325496070851718,15.601439476013184,15300,0.0,0.0
2023-04-27 00:00:00-04:00,15.941063460969016,16.047195434570312,15.601439256087101,16.047195434570312,4200,0.0,0.0
2023-04-28 00:00:00-04:00,16.08964827611041,16.676206154998404,15.527147320270622,15.757101058959961,28200,0.0,0.0
2023-05-01 00:00:00-04:00,15.608514807205815,16.435639195973,15.608514807205815,15.891533851623535,14300,0.0,0.0
2023-05-02 00:00:00-04:00,15.919836261988726,16.207100960149802,15.672194094671765,15.700496673583984,12600,0.0,0.0
2023-05-03 00:00:00-04:00,15.566062098156936,15.983515689661717,15.41747760772705,15.41747760772705,18700,0.0,0.0
2023-05-04 00:00:00-04:00,15.601438187647178,15.601438187647178,15.240589772023162,15.27596664428711,19300,0.0,0.0
2023-05-05 00:00:00-04:00,15.474080551743729,16.18870308419895,15.4174767467114,16.011816024780273,20500,0.0,0.0
2023-05-08 00:00:00-04:00,16.202857077647778,16.238942464849902,15.587290763854982,15.58729076385498,3800,0.0,0.0
2023-05-09 00:00:00-04:00,15.636819421748337,15.636819421748337,15.28304523279268,15.459932327270508,3900,0.0,0.0
2023-05-10 00:00:00-04:00,15.53068739206931,15.714648782221634,15.38917717706137,15.537761688232422,44900,0.0,0.0
2023-05-11 00:00:00-04:00,15.43870400472678,15.81582792568535,15.283043861389162,15.28304386138916,26300,0.0,0.0
2023-05-12 00:00:00-04:00,15.318422111871673,15.785403933329826,15.261818295620426,15.459932327270508,10600,0.0,0.0
2023-05-15 00:00:00-04:00,15.61558943752117,15.742948336620415,15.403325505383204,15.658041954040527,39300,0.0,0.0
2023-05-16 00:00:00-04:00,15.53775937545608,16.45757293701172,15.53775937545608,16.45757293701172,37100,0.0,0.0
2023-05-17 00:00:00-04:00,16.556627510871316,16.579268761634754,15.976438206274846,16.49224090576172,13400,0.0,0.0
2023-05-18 00:00:00-04:00,16.181629716409507,16.67691270143019,16.160402782228427,16.287761688232422,16800,0.0,0.0
2023-05-19 00:00:00-04:00,16.475809476785013,16.631309979188178,15.846574725257737,16.439645767211914,15300,0.5,0.0
2023-05-22 00:00:00-04:00,16.32392483407824,16.634925842285156,16.020156567865026,16.634925842285156,9300,0.0,0.0
2023-05-23 00:00:00-04:00,16.417948446985076,16.895298363533133,16.417948446985076,16.779577255249023,5200,0.0,0.0
2023-05-24 00:00:00-04:00,16.7795779231503,16.7795779231503,16.23713468916274,16.634925842285156,6700,0.0,0.0
2023-05-25 00:00:00-04:00,16.59153128848566,16.689894099566846,15.963019370778598,16.50473976135254,15700,0.0,0.0
2023-05-26 00:00:00-04:00,16.266062664111747,16.504737608210597,15.976759910583496,15.976759910583496,10400,0.0,0.0
2023-05-30 00:00:00-04:00,15.983994184323201,16.346345866126345,15.253503799438477,15.253503799438477,34800,0.0,0.0
2023-05-31 00:00:00-04:00,15.376456904215903,15.730852966424711,14.907062595453555,15.528340339660645,16000,0.0,0.0
2023-06-01 00:00:00-04:00,15.962295637055584,16.157575527792275,15.550039009614425,15.911667823791504,26300,0.0,0.0
2023-06-02 00:00:00-04:00,15.91889880952244,16.005688942828197,15.434316196801703,15.966633796691895,23000,0.0,0.0
2023-06-05 00:00:00-04:00,16.07078400540782,16.07440106607208,15.694691087087037,15.911667823791504,16200,0.0,0.0
2023-06-06 00:00:00-04:00,15.550038208700633,16.012199765270896,15.550038208700633,15.644061088562012,12800,0.0,0.0
2023-06-07 00:00:00-04:00,15.824874383337287,15.911665895202091,14.826779584165584,15.318594932556152,39500,0.0,0.0
2023-06-08 00:00:00-04:00,15.260736571401884,15.289666159833017,14.682129628229964,15.210108757019043,13500,0.0,0.0
2023-06-09 00:00:00-04:00,15.260735392076914,15.72289694694872,14.94250166690017,15.058222770690918,4400,0.0,0.0
2023-06-12 00:00:00-04:00,14.754453328728957,15.289663735121096,14.754453328728957,15.166709899902344,5600,0.0,0.0
2023-06-13 00:00:00-04:00,15.246271306844976,15.586201907953518,14.83401466436103,14.855712890625,18100,0.0,0.0
2023-06-14 00:00:00-04:00,15.050991640537958,15.448784184470348,14.645967733910826,14.834014892578125,20300,0.0,0.0
2023-06-15 00:00:00-04:00,15.022059267695303,15.441548580990638,14.834012143872666,15.079919815063477,20400,0.0,0.0
2023-06-16 00:00:00-04:00,15.506645634326729,15.521109740052546,14.848481230893274,15.094388961791992,12200,0.0,0.0
2023-06-20 00:00:00-04:00,15.2390364576821,15.456014551807126,15.097278594970701,15.097278594970703,2900,0.0,0.0
2023-06-21 00:00:00-04:00,15.550036430358887,15.550036430358887,15.405384376879441,15.550036430358887,1500,0.0,0.0
2023-06-22 00:00:00-04:00,15.897203101261628,15.897203101261628,15.278818130493164,15.278818130493164,18700,0.0,0.0
2023-06-23 00:00:00-04:00,15.188411491275982,15.75255298614502,15.188411491275982,15.75255298614502,8000,0.0,0.0
2023-06-26 00:00:00-04:00,15.586203389450583,15.998461450624909,15.304133318730187,15.748936653137207,7500,0.0,0.0
2023-06-27 00:00:00-04:00,15.62236504835073,15.911667823791504,15.188410195437346,15.911667823791504,14700,0.0,0.0
2023-06-28 00:00:00-04:00,15.557270351609814,15.911666392074594,15.557270351609814,15.632489204406738,6100,0.0,0.0
2023-06-29 00:00:00-04:00,15.586198850948096,15.904432542880272,15.499408721923828,15.499408721923828,5100,0.0,0.0
2023-06-30 00:00:00-04:00,15.62236599613206,15.87550645731449,15.39092376173825,15.658528327941895,7900,0.0,0.0
2023-07-03 00:00:00-04:00,15.398154233473553,15.90443370168068,15.28243175383592,15.441549301147461,8800,0.0,0.0
2023-07-05 00:00:00-04:00,15.513876811277587,15.817645072937012,15.38802875787908,15.817645072937012,6100,0.0,0.0
2023-07-06 00:00:00-04:00,15.665763511055575,16.001355630917246,15.665763511055575,15.808245658874512,900,0.0,0.0
2023-07-07 00:00:00-04:00,15.803179447850077,15.803179447850077,15.296898556443518,15.405386924743652,9400,0.0,0.0
2023-07-10 00:00:00-04:00,15.557271559523292,15.911667627504452,15.557271559523292,15.855254173278809,2600,0.0,0.0
2023-07-11 00:00:00-04:00,15.904435292872284,15.904435292872284,15.188410396847168,15.810412406921387,10100,0.0,0.0
2023-07-12 00:00:00-04:00,15.911668494396682,15.911668494396682,15.578970633494189,15.767016410827637,5100,0.0,0.0
2023-07-13 00:00:00-04:00,15.904436249772857,15.904436249772857,15.260737354714589,15.347527503967285,21900,0.0,0.0
2023-07-14 00:00:00-04:00,15.456015438421993,15.456015438421993,15.369223919892434,15.401047706604004,5400,0.0,0.0
2023-07-17 00:00:00-04:00,15.427082178651835,15.427082178651835,15.101615756938095,15.116081237792969,7100,0.0,0.0
2023-07-18 00:00:00-04:00,15.181178016879736,15.91166841416132,15.181178016879736,15.188410758972168,31900,0.0,0.0
2023-07-19 00:00:00-04:00,15.3402923528577,16.056318559036015,15.267967699671823,15.774247169494629,9200,0.0,0.0
2023-07-20 00:00:00-04:00,15.506642491881486,15.897200857423332,15.333060842806852,15.49217700958252,5900,0.0,0.0
2023-07-21 00:00:00-04:00,15.767014297336289,16.049085684535182,14.682127954505692,14.978663444519043,31200,0.0,0.0
2023-07-24 00:00:00-04:00,14.826781708899064,15.651294982001286,14.826781708899064,15.210108757019043,8000,0.0,0.0
2023-07-25 00:00:00-04:00,15.260733702904217,15.699027024609594,15.260733702904217,15.550036430358887,4600,0.0,0.0
2023-07-26 00:00:00-04:00,15.340296756442013,16.08525276184082,15.340296756442013,16.08525276184082,7500,0.0,0.0
2023-07-27 00:00:00-04:00,16.08525110814542,16.147451590489812,15.398157119750977,15.398157119750977,19600,0.0,0.0
2023-07-28 00:00:00-04:00,15.629597782668972,15.72217494666645,15.202875671784588,15.405386924743652,10100,0.0,0.0
2023-07-31 00:00:00-04:00,15.390922901358907,15.91890064149298,15.390922901358907,15.904435157775879,9300,0.0,0.0
2023-08-01 00:00:00-04:00,15.701922449406663,15.947830153407432,15.633936331665693,15.911667823791504,20600,0.0,0.0
2023-08-02 00:00:00-04:00,15.91166805152741,15.91166805152741,15.593434304235611,15.889969825744629,1400,0.0,0.0
2023-08-03 00:00:00-04:00,15.85380537178784,16.2660619499023,15.195641119095583,15.275199890136719,9700,0.0,0.0
2023-08-04 00:00:00-04:00,15.405387503727113,16.186505716151217,15.181900877237629,15.188410758972168,5700,0.0,0.0
2023-08-07 00:00:00-04:00,15.361993962231521,16.779579825074556,15.361993962231521,16.05632209777832,19700,0.0,0.0
2023-08-08 00:00:00-04:00,15.817645241078486,16.26244852546796,15.756167624152337,15.882737159729004,19400,0.0,0.0
2023-08-09 00:00:00-04:00,15.723621330718084,16.1684246251683,15.586201989337727,16.020156860351562,18300,0.0,0.0
2023-08-10 00:00:00-04:00,15.933363497204834,16.446875668924516,15.839339248056236,16.39624786376953,54600,0.0,0.0
2023-08-11 00:00:00-04:00,16.193739475042094,16.58429929552949,16.193739475042094,16.273298263549805,11300,0.0,0.0
2023-08-14 00:00:00-04:00,16.143109026817694,16.5698311110153,15.875504493713379,15.875504493713379,6800,0.0,0.0
2023-08-15 00:00:00-04:00,16.02015445820351,16.422285479467234,15.043756489704867,15.217339515686035,28000,0.0,0.0
2023-08-16 00:00:00-04:00,15.54280301679667,15.846571212348247,15.014825389613074,15.181174278259277,19900,0.0,0.0
2023-08-17 00:00:00-04:00,15.314408958563025,16.09086189772935,15.210782227697885,15.395828247070312,48000,0.48,0.0
2023-08-18 00:00:00-04:00,15.743716649321728,16.10640670050605,15.543866597101026,15.751118659973145,3600,0.0,0.0
2023-08-21 00:00:00-04:00,15.351422088115571,15.950970970953351,15.195984064034834,15.869551658630371,7000,0.0,0.0
2023-08-22 00:00:00-04:00,15.654893725434023,16.254442462346365,15.654893725434023,16.128612518310547,15000,0.0,0.0
2023-08-23 00:00:00-04:00,16.839192549034646,16.839192549034646,15.55867406984962,15.832541465759277,17700,0.0,0.0
2023-08-24 00:00:00-04:00,15.543867134473725,15.839940511820142,15.543867134473725,15.743717193603516,6700,0.0,0.0
2023-08-25 00:00:00-04:00,15.677102183255894,15.83994220525824,15.543868796258803,15.765923500061035,9300,0.0,0.0
2023-08-28 00:00:00-04:00,15.839940488109278,15.839940488109278,15.543867111206055,15.543867111206055,13200,0.0,0.0
2023-08-29 00:00:00-04:00,15.728912845065299,15.839940182790274,15.543866811593942,15.67710018157959,5400,0.0,0.0
2023-08-30 00:00:00-04:00,15.617884930617487,15.839939597867607,15.43283890397934,15.484651565551758,9600,0.0,0.0
2023-08-31 00:00:00-04:00,15.477250045696055,15.832538089274436,15.358820697836594,15.73631477355957,13700,0.0,0.0
2023-09-01 00:00:00-04:00,15.83994014097245,16.33956527709961,15.543866770557761,16.33956527709961,7600,0.0,0.0
2023-09-05 00:00:00-04:00,16.27442802198167,16.380274092263225,16.084200724129413,16.0990047454834,2400,0.0,0.0
2023-09-06 00:00:00-04:00,16.25444673741418,16.346969775979034,15.603085167105018,15.936168670654297,22200,0.0,0.0
2023-09-07 00:00:00-04:00,15.913960243853655,16.42690847994827,15.6104848358675,16.136014938354492,9200,0.0,0.0
2023-09-08 00:00:00-04:00,15.98797721648344,16.213733598152498,15.913958522393544,16.0175838470459,5600,0.0,0.0
2023-09-11 00:00:00-04:00,15.884350616331101,16.054594037735317,15.514258554495363,15.751118659973145,8000,0.0,0.0
2023-09-12 00:00:00-04:00,15.839942200686384,16.069398916121045,15.617887496948242,15.617887496948242,17800,0.0,0.0
2023-09-13 00:00:00-04:00,15.706710080349858,16.08420423657812,15.617888756407613,15.832541465759277,6400,0.0,0.0
2023-09-14 00:00:00-04:00,15.891755383697951,16.099007482521735,15.50686064558153,15.514261245727539,27200,0.0,0.0
2023-09-15 00:00:00-04:00,15.706707139066948,16.01758453822799,15.526102590654018,15.743717193603516,2200,0.0,0.0
2023-09-18 00:00:00-04:00,15.632691301017184,15.936166717369975,15.632691301017184,15.83994197845459,5600,0.0,0.0
2023-09-19 00:00:00-04:00,15.765925801261284,16.21743869825677,15.514263013931629,15.529067039489746,50900,0.0,0.0
2023-09-20 00:00:00-04:00,15.543867351606341,16.165622158613733,15.506858708342023,15.669698715209961,34600,0.0,0.0
2023-09-21 00:00:00-04:00,15.558670911526125,15.935423801793664,15.558670911526125,15.921360969543457,15700,0.0,0.0
2023-09-22 00:00:00-04:00,15.610485532272307,15.662298202514648,15.321814134185336,15.662298202514648,21900,0.0,0.0
2023-09-25 00:00:00-04:00,15.432840278935423,16.202631084202636,15.432840278935423,15.69190502166748,31500,0.0,0.0
2023-09-26 00:00:00-04:00,15.69190670859902,15.69190670859902,15.388431278193488,15.514261245727539,13400,0.0,0.0
2023-09-27 00:00:00-04:00,15.55127043670026,15.728914477859005,15.469849721748165,15.50685977935791,11600,0.0,0.0
2023-09-28 00:00:00-04:00,15.543866564114273,15.580875205503636,15.173774503063932,15.247793197631836,19900,0.0,0.0
2023-09-29 00:00:00-04:00,15.284803884302143,15.33809752093703,14.825890457793811,15.033141136169434,19700,0.0,0.0
2023-10-02 00:00:00-04:00,15.025737762451172,15.073850127765253,14.840691723939264,15.025737762451172,13500,0.0,0.0
2023-10-03 00:00:00-04:00,14.848093336491974,15.018336760314792,14.655645292188627,14.766674041748047,13500,0.0,0.0
2023-10-04 00:00:00-04:00,14.714858464826866,14.974664356965551,14.127893048442337,14.159720420837402,39700,0.0,0.0
2023-10-05 00:00:00-04:00,14.100508916853274,14.344769654550612,13.84884616749367,14.278154373168945,31000,0.0,0.0
2023-10-06 00:00:00-04:00,14.28555420485476,14.433591606560846,14.063499514084926,14.307760238647461,7000,0.0,0.0
2023-10-09 00:00:00-04:00,14.270751122168939,15.30700866447368,14.152321769436353,14.559422492980957,18600,0.0,0.0
2023-10-10 00:00:00-04:00,14.855495347248548,14.914710021511947,14.255946593857983,14.766674041748047,31500,0.0,0.0
2023-10-11 00:00:00-04:00,14.626036961301953,15.484650344238853,14.626036961301953,14.796278953552246,14600,0.0,0.0
2023-10-12 00:00:00-04:00,14.825889262855508,14.885103939303006,14.433591149022561,14.759272575378418,10600,0.0,0.0
2023-10-13 00:00:00-04:00,14.668228786317473,14.803682902767402,14.54461816961113,14.692655563354492,11300,0.0,0.0
2023-10-16 00:00:00-04:00,14.648242990991179,14.840689601141662,14.648242990991179,14.796278953552246,15200,0.0,0.0
2023-10-17 00:00:00-04:00,14.700057435260106,14.803682762827354,14.49280536833641,14.655645370483398,20800,0.0,0.0
2023-10-18 00:00:00-04:00,14.80368368972919,14.81108570098877,14.648245688645893,14.81108570098877,9800,0.0,0.0
2023-10-19 00:00:00-04:00,14.69265401442042,15.096054387464985,14.655643963991656,15.062746047973633,37300,0.0,0.0
2023-10-20 00:00:00-04:00,14.848094570602662,14.848094570602662,14.374377137122083,14.767415046691895,12700,0.0,0.0
2023-10-23 00:00:00-04:00,14.899908295196465,14.922114330886828,14.381780168526015,14.53869915008545,10900,0.0,0.0
2023-10-24 00:00:00-04:00,14.57422665092124,14.862898024425055,14.418787241642006,14.544618606567383,10900,0.0,0.0
2023-10-25 00:00:00-04:00,14.57422574898787,14.803682431373186,14.263348361457467,14.589028358459473,12400,0.0,0.0
2023-10-26 00:00:00-04:00,14.598651334933848,14.708938894958196,14.292955209028086,14.566823959350586,7500,0.0,0.0
2023-10-27 00:00:00-04:00,14.448394388771105,14.537215692738481,14.159721621404199,14.285552978515625,12100,0.0,0.0
2023-10-30 00:00:00-04:00,14.3225652161432,14.648246674538054,14.3225652161432,14.507611274719238,3500,0.0,0.0
2023-10-31 00:00:00-04:00,14.50760794671525,14.50760794671525,14.408422706061236,14.455795288085938,2500,0.0,0.0
2023-11-01 00:00:00-04:00,14.381777704900985,14.614936098446401,14.21153569580587,14.285552978515625,28500,0.0,0.0
2023-11-02 00:00:00-04:00,14.23374010169146,14.640842209414272,14.23374010169146,14.35957145690918,21400,0.0,0.0
2023-11-03 00:00:00-04:00,14.211535888009262,14.359571867220057,13.7674251267985,14.063498497009277,14400,0.0,0.0
2023-11-06 00:00:00-05:00,13.996881812238204,14.223377975744178,13.99021957904542,14.063498497009277,22300,0.0,0.0
2023-11-07 00:00:00-05:00,14.06350058527205,14.122715268106884,13.98948187878116,14.04499626159668,19000,0.0,0.0
2023-11-08 00:00:00-05:00,14.063498497009277,14.098287806256275,13.974675780051449,14.063498497009277,20900,0.0,0.0
2023-11-09 00:00:00-05:00,14.396581577853892,14.396581577853892,13.574976759778872,13.693406105041504,24500,0.0,0.0
2023-11-10 00:00:00-05:00,13.693407211303711,13.982078587228898,12.76817699432373,13.878453254699707,300300,0.0,0.0
2023-11-13 00:00:00-05:00,14.285553371123557,14.285553371123557,13.515762597830486,13.84144401550293,12300,0.0,0.0
2023-11-14 00:00:00-05:00,13.878453750880668,13.878453750880668,13.530567685102747,13.826641082763672,61300,0.0,0.0
2023-11-15 00:00:00-05:00,13.959873439046833,14.115311431978018,13.841444088683295,14.033890724182129,106300,0.0,0.0
2023-11-16 00:00:00-05:00,13.181508202550653,14.0338927585175,13.11301295021398,13.79035472869873,43300,0.52,0.0
2023-11-17 00:00:00-05:00,13.820797104346743,14.311679292334913,13.820797104346743,14.170884132385254,42500,0.0,0.0
2023-11-20 00:00:00-05:00,14.254599538182429,14.383979306909392,14.041504473174205,14.117609024047852,26900,0.0,0.0
2023-11-21 00:00:00-05:00,14.244703802604821,14.244703802604821,13.927343158396855,13.965396881103516,51400,0.0,0.0
2023-11-22 00:00:00-05:00,14.155661507262266,14.208935268833285,13.919734226761548,14.07955551147461,33200,0.0,0.0
2023-11-24 00:00:00-05:00,13.843627162151963,14.178491195202065,13.843627162151963,14.12521743774414,23500,0.0,0.0
2023-11-27 00:00:00-05:00,14.018671035766602,14.174687674251365,13.881680533370005,14.018671035766602,33000,0.0,0.0
2023-11-28 00:00:00-05:00,14.056721901917523,14.102386365882886,13.668582667817885,13.763714790344238,37600,0.0,0.0
2023-11-29 00:00:00-05:00,13.77513443702369,14.109999982949924,13.57725940768552,13.88929271697998,47100,0.0,0.0
2023-11-30 00:00:00-05:00,13.77513401624428,14.049113589450057,13.73708028968706,13.896903038024902,25600,0.0,0.0
2023-12-01 00:00:00-05:00,14.018671268753536,14.026282013635518,13.78274398381675,13.79035472869873,28900,0.0,0.0
2023-12-04 00:00:00-05:00,13.80557315744377,14.094775622839956,13.80557315744377,14.087164878845215,49700,0.0,0.0
2023-12-05 00:00:00-05:00,14.087167102377746,14.125219376756668,13.862655199699178,13.866459846496582,19500,0.0,0.0
2023-12-06 00:00:00-05:00,14.125218653272883,14.201324649733852,13.813185374223945,13.836017608642578,27100,0.0,0.0
2023-12-07 00:00:00-05:00,13.942563273309233,14.079553758349324,13.88928951837163,13.973006248474121,17400,0.0,0.0
2023-12-08 00:00:00-05:00,13.927343158396855,14.049112167855979,13.699026628561272,13.965396881103516,43700,0.0,0.0
2023-12-11 00:00:00-05:00,14.059768242372666,14.059768242372666,13.66858352486645,13.752300262451172,37400,0.0,0.0
2023-12-12 00:00:00-05:00,13.683804482912807,14.003448480306368,13.432655731503655,13.485929489135742,61400,0.0,0.0
2023-12-13 00:00:00-05:00,13.67619401137437,13.67619401137437,13.318497737570292,13.394603729248047,49000,0.0,0.0
2023-12-14 00:00:00-05:00,13.478319757235049,13.85428299944832,13.478319757235049,13.820796012878418,72100,0.0,0.0
2023-12-15 00:00:00-05:00,13.767520913265255,14.026280403137207,13.432655434913142,14.026280403137207,67500,0.0,0.0
2023-12-18 00:00:00-05:00,14.049113589866062,14.08716731642441,13.623682652672061,13.699028015136719,68500,0.0,0.0
2023-12-19 00:00:00-05:00,13.843628491271442,13.894618885219442,13.699027241716113,13.79035472869873,60400,0.0,0.0
2023-12-20 00:00:00-05:00,13.813186081725604,13.898424105359169,13.77513380734668,13.866459846496582,72900,0.0,0.0
2023-12-21 00:00:00-05:00,13.912123700295693,13.912123700295693,13.607699712368833,13.653364181518555,38000,0.0,0.0
2023-12-22 00:00:00-05:00,13.78274236791188,13.889289880565544,13.683804147646912,13.828405380249023,41100,0.0,0.0
2023-12-26 00:00:00-05:00,13.88928951837163,14.011058515829278,13.782742008496427,13.973006248474121,56400,0.0,0.0
2023-12-27 00:00:00-05:00,14.0567239058506,14.0567239058506,13.721859831972173,13.904513359069824,73700,0.0,0.0
2023-12-28 00:00:00-05:00,13.699028015136719,14.004973299300117,13.523985227772048,13.699028015136719,90000,0.0,0.0
2023-12-29 00:00:00-05:00,13.508762839981216,13.851999737255278,13.508762839981216,13.836017608642578,62400,0.0,0.0
2024-01-02 00:00:00-05:00,13.927341241220569,14.376364946140878,13.927341241220569,14.34592342376709,49200,0.0,0.0
2024-01-03 00:00:00-05:00,14.288846950413774,14.604686347843067,14.28504230356819,14.551412582397461,45300,0.0,0.0
2024-01-04 00:00:00-05:00,14.604684829711914,14.604684829711914,14.391588338479252,14.604684829711914,32300,0.0,0.0
2024-01-05 00:00:00-05:00,14.696008914870575,14.696008914870575,14.117605473759653,14.34592342376709,36100,0.0,0.0
2024-01-08 00:00:00-05:00,14.444860720588572,14.536188194291764,14.205128823869472,14.353534698486328,12700,0.0,0.0
2024-01-09 00:00:00-05:00,14.422031888578838,14.452473416190438,14.011060378813626,14.292652130126953,37100,0.0,0.0
2024-01-10 00:00:00-05:00,14.414419994236116,14.513356765585117,14.269818757709704,14.4600830078125,40700,0.0,0.0
2024-01-11 00:00:00-05:00,14.46008462991097,14.46008462991097,14.277431103514765,14.422032356262207,33300,0.0,0.0
2024-01-12 00:00:00-05:00,14.460082900327667,14.612294879918892,14.368755422252729,14.44486141204834,46800,0.0,0.0
2024-01-16 00:00:00-05:00,14.665572013805678,14.665572013805678,14.25079579810516,14.37636947631836,26900,0.0,0.0
2024-01-17 00:00:00-05:00,14.269819576733648,14.383977843027294,14.246987342834474,14.246987342834473,11600,0.0,0.0
2024-01-18 00:00:00-05:00,14.246986737763235,14.34592496218996,14.16327145355722,14.231766700744629,21200,0.0,0.0
2024-01-19 00:00:00-05:00,14.155662751085934,14.215024533023579,14.079556748611028,14.117609024047852,27300,0.0,0.0
2024-01-22 00:00:00-05:00,14.224158361980686,14.224158361980686,14.102389335632322,14.102389335632324,14300,0.0,0.0
2024-01-23 00:00:00-05:00,14.224154431070149,14.43724944248935,14.170880678215347,14.34592342376709,34300,0.0,0.0
2024-01-24 00:00:00-05:00,14.429638569236209,14.528576782163325,14.315480321059514,14.391586303710938,17900,0.0,0.0
2024-01-25 00:00:00-05:00,14.490525585400677,14.490525585400677,14.33450751107751,14.406808853149414,13000,0.0,0.0
2024-01-26 00:00:00-05:00,14.330706029294737,14.543802553170224,14.330706029294737,14.383979797363281,34500,0.0,0.0
2024-01-29 00:00:00-05:00,14.2774308203676,14.422032070247342,14.239377095872321,14.315483093261719,29000,0.0,0.0
2024-01-30 00:00:00-05:00,14.437252428027085,14.437252428027085,14.269820391345066,14.3611478805542,30700,0.0,0.0
2024-01-31 00:00:00-05:00,14.307873193859889,14.42736029907466,14.087167385149714,14.170884132385254,42500,0.0,0.0
2024-02-01 00:00:00-05:00,14.102387745691246,14.35353651566972,13.96539724359369,14.07955551147461,51500,0.0,0.0
2024-02-02 00:00:00-05:00,14.132830942166922,14.277432206081114,13.885488241146687,13.980620384216309,32600,0.0,0.0
2024-02-05 00:00:00-05:00,13.995838556332467,13.995838556332467,13.569647018698499,13.660974502563477,71100,0.0,0.0
2024-02-06 00:00:00-05:00,13.744690082930214,13.744690082930214,13.090181999096203,13.242392539978027,76500,0.0,0.0
2024-02-07 00:00:00-05:00,13.432657876130866,13.58486988075382,13.318499598464282,13.455490112304688,88300,0.0,0.0
2024-02-08 00:00:00-05:00,13.539205491810915,13.988227811710292,13.43265651870159,13.660974502563477,80300,0.0,0.0
2024-02-09 00:00:00-05:00,13.699026726279271,13.699026726279271,13.332957604715753,13.5239839553833,56700,0.0,0.0
2024-02-12 00:00:00-05:00,13.660973048982388,13.660973048982388,13.227169361283549,13.272833824157715,49600,0.0,0.0
2024-02-13 00:00:00-05:00,13.356550352275526,13.394604074896911,13.280445810234943,13.310887336730957,72300,0.0,0.0
2024-02-14 00:00:00-05:00,13.447877380210434,13.638141632080076,13.303276142341213,13.638141632080078,50500,0.0,0.0
2024-02-15 00:00:00-05:00,13.622920710093918,14.05672299014143,13.571930318146181,14.041502952575684,66900,0.0,0.0
2024-02-16 00:00:00-05:00,13.97300743408967,14.224156194106266,13.97300743408967,14.132828712463379,30400,0.0,0.0
2024-02-20 00:00:00-05:00,14.246986419220155,14.520206762910293,14.132828160327247,14.44486141204834,45100,0.0,0.0
2024-02-21 00:00:00-05:00,14.460083868086782,14.84061239093117,14.132829106184428,14.186102867126465,62900,0.0,0.0
2024-02-22 00:00:00-05:00,14.01105728323896,14.222631006578988,13.68380258701065,13.7446870803833,21600,0.0,0.0
2024-02-23 00:00:00-05:00,13.828406017710835,13.896901265174538,13.645752508341308,13.851238250732422,17100,0.0,0.0
2024-02-26 00:00:00-05:00,13.828407354196704,13.880159840073645,13.539206299311225,13.70663833618164,15900,0.0,0.0
2024-02-27 00:00:00-05:00,13.874068705782959,13.874068705782959,13.508761695637293,13.54681396484375,13300,0.0,0.0
2024-02-28 00:00:00-05:00,13.761433339251484,13.761433339251484,13.413629730111246,13.440266609191895,43200,0.0,0.0
2024-02-29 00:00:00-05:00,13.546815055618909,13.876353191500728,13.470710511078138,13.501152038574219,17200,0.0,0.0
2024-03-01 00:00:00-05:00,13.600090056790572,13.752300595097793,13.463099556193292,13.539205551147461,34900,0.0,0.0
2024-03-04 00:00:00-05:00,13.546812717974577,13.546812717974577,13.427327093998878,13.508760452270508,12300,0.0,0.0
2024-03-05 00:00:00-05:00,13.471471103082862,13.820796012878418,13.471471103082862,13.820796012878418,25600,0.0,0.0
2024-03-06 00:00:00-05:00,13.85124019278757,14.589465078111262,13.85124019278757,14.117609024047852,84600,0.0,0.0
2024-03-07 00:00:00-05:00,14.15566076376239,14.24850952213819,13.934953532730535,14.109997749328613,18800,0.0,0.0
2024-03-08 00:00:00-05:00,14.361148125679762,14.376368164473407,13.927344359033418,14.064334869384766,64100,0.0,0.0
2024-03-11 00:00:00-04:00,14.041504014023841,14.041504014023841,13.794159876968743,13.988228797912598,90400,0.0,0.0
2024-03-12 00:00:00-04:00,14.041502631740364,14.133589300413176,13.729469368955117,13.995838165283203,29500,0.0,0.0
2024-03-13 00:00:00-04:00,13.988227158751721,13.988227158751721,13.622920143546256,13.638141632080078,66200,0.0,0.0
2024-03-14 00:00:00-04:00,13.795445707375233,14.346004185338552,13.646007741859291,14.204431533813477,27300,0.58,0.0
2024-03-15 00:00:00-04:00,14.086454841797801,14.228027493499125,13.66960220069448,13.842636108398438,32000,0.0,0.0
2024-03-18 00:00:00-04:00,13.866230630262232,13.937016956521378,13.724659477899204,13.787580490112305,24600,0.0,0.0
2024-03-19 00:00:00-04:00,13.905556395143332,14.251622692350365,13.843421467886841,14.220161437988281,33700,0.0,0.0
2024-03-20 00:00:00-04:00,14.095894388036205,14.251624011167,14.095894388036205,14.212297439575195,19600,0.0,0.0
2024-03-21 00:00:00-04:00,14.228029930505778,14.314546899176563,13.968480524648937,14.180839538574219,38200,0.0,0.0
2024-03-22 00:00:00-04:00,14.29881495388753,14.29881495388753,13.834771892116082,13.913423538208008,78400,0.0,0.0
2024-03-25 00:00:00-04:00,13.999937591245825,14.439598583524658,13.968477836065176,14.157240867614746,20200,0.0,0.0
2024-03-26 00:00:00-04:00,14.117915728899638,14.235892435516263,13.78758005027996,13.85050106048584,33400,0.0,0.0
2024-03-27 00:00:00-04:00,13.795445724549747,13.96061281809779,13.685332828695797,13.842636108398438,71300,0.0,0.0
2024-03-28 00:00:00-04:00,14.031399153268291,14.192634340000726,13.905557129484695,14.117916107177734,75900,0.0,0.0
2024-04-01 00:00:00-04:00,14.165107835242898,14.35387088883079,14.157242520490643,14.322409629821777,46300,0.0,0.0
2024-04-02 00:00:00-04:00,14.204430985696403,14.542631973476945,14.196565672009042,14.385330200195312,68600,0.0,0.0
2024-04-03 00:00:00-04:00,14.377465300956406,14.487576695443167,14.330273417471874,14.40892505645752,25900,0.0,0.0
2024-04-04 00:00:00-04:00,14.50330672722159,14.550497108611475,14.251622692935301,14.4010591506958,43900,0.0,0.0
2024-04-05 00:00:00-04:00,14.377465610103718,14.660609416322927,13.96061296462521,14.369600296020508,58900,0.0,0.0
2024-04-08 00:00:00-04:00,14.463981064708488,14.511172949207747,14.353869667854088,14.369600296020508,17700,0.0,0.0
2024-04-09 00:00:00-04:00,14.432521291112545,14.504879780342316,14.165106613227223,14.27521800994873,38900,0.0,0.0
2024-04-10 00:00:00-04:00,14.275218767209848,14.275218767209848,14.133646106683429,14.172972679138184,18700,0.0,0.0
2024-04-11 00:00:00-04:00,14.172972671503874,14.462409643931426,14.102186341278795,14.44825267791748,19900,0.0,0.0
2024-04-12 00:00:00-04:00,14.519036965507116,14.62128454985874,14.3617351821162,14.471846580505371,27900,0.0,0.0
2024-04-15 00:00:00-04:00,14.424658220865995,14.424658220865995,13.960615119419334,14.141512870788574,30100,0.0,0.0
2024-04-16 00:00:00-04:00,14.16510677701375,14.50330778531777,14.15724146284909,14.440386772155762,21900,0.0,0.0
2024-04-17 00:00:00-04:00,14.707802874386383,14.707802874386383,14.00780484764173,14.283084869384766,39300,0.0,0.0
2024-04-18 00:00:00-04:00,14.361735789608515,14.361735789608515,14.102972492293148,14.29881477355957,28000,0.0,0.0
2024-04-19 00:00:00-04:00,14.393195234321832,14.393195234321832,14.212297504637345,14.338139533996582,21700,0.0,0.0
2024-04-22 00:00:00-04:00,14.235892240445846,14.393194013727479,14.157240603727434,14.385330200195312,32200,0.0,0.0
2024-04-23 00:00:00-04:00,14.526902885214763,14.747127191327854,14.436454018459928,14.574094772338867,22100,0.0,0.0
2024-04-24 00:00:00-04:00,14.51117418356507,14.561510397793015,14.253983041648107,14.322409629821777,26700,0.0,0.0
2024-04-25 00:00:00-04:00,14.338137939729215,14.664541698443465,14.32476705682904,14.660608291625977,65200,0.0,0.0
2024-04-26 00:00:00-04:00,14.778587836061682,14.810047592683405,14.51117315407823,14.747126579284668,55800,0.0,0.0
2024-04-29 00:00:00-04:00,14.770722521867429,14.928024305286623,14.72353063670191,14.747126579284668,59500,0.0,0.0
2024-04-30 00:00:00-04:00,14.825778082741929,14.825778082741929,14.259487467281712,14.495442390441895,79400,0.0,0.0
2024-05-01 00:00:00-04:00,14.369601810735125,14.652745646800819,14.188704068218486,14.558364868164062,43200,0.0,0.0
2024-05-02 00:00:00-04:00,14.456116115000006,14.629150028881506,14.322408772525806,14.361735343933105,46600,0.0,0.0
2024-05-03 00:00:00-04:00,14.283084734769552,14.456117161016028,14.275219419918974,14.306680679321289,57300,0.0,0.0
2024-05-06 00:00:00-04:00,14.228026751578803,14.387688267016362,13.984208030893363,14.220161437988281,91000,0.0,0.0
2024-05-07 00:00:00-04:00,14.117917779576457,14.408926931490544,14.007804870605469,14.007804870605469,75800,0.0,0.0
2024-05-08 00:00:00-04:00,14.440386336067121,15.195438471209204,14.314544313543442,14.959485054016113,139600,0.0,0.0
2024-05-09 00:00:00-04:00,15.171845177574182,15.722403692734973,15.112069987329205,15.612292289733887,91600,0.0,0.0
2024-05-10 00:00:00-04:00,15.730269309319029,16.31228909374519,15.730269309319029,16.24150276184082,91100,0.0,0.0
2024-05-13 00:00:00-04:00,16.28082793670224,16.516781356011737,15.997682633406646,16.30442237854004,158100,0.0,0.0
2024-05-14 00:00:00-04:00,16.414537417950957,16.414537417950957,15.933977621068827,16.225772857666016,93400,0.0,0.0
2024-05-15 00:00:00-04:00,16.33588233599452,17.334754631971364,16.029141115088674,17.19318199157715,259400,0.0,0.0
2024-05-16 00:00:00-04:00,17.87744941464674,18.5271096580662,17.499923338615005,17.963966369628906,255800,0.0,0.0
2024-05-17 00:00:00-04:00,17.923488363456663,18.48207991196153,17.65633615227582,18.312074661254883,131500,0.65,0.0
2024-05-20 00:00:00-04:00,18.33636176440475,18.490177154541016,18.036017585809198,18.490177154541016,60200,0.0,0.0
2024-05-21 00:00:00-04:00,18.182542963726426,18.373597345922743,18.032776228424584,18.133970260620117,51800,0.0,0.0
2024-05-22 00:00:00-04:00,17.972064030375723,18.239216262584883,17.688720379463298,17.883012771606445,88400,0.0,0.0
2024-05-23 00:00:00-04:00,17.785864788735843,17.81015191540507,17.00869526450367,17.1058406829834,57400,0.0,0.0
2024-05-24 00:00:00-04:00,17.13012609902271,17.340609876841135,17.000597857918823,17.1544132232666,46400,0.0,0.0
2024-05-28 00:00:00-04:00,17.1139365248898,17.810152053833008,17.080746125512054,17.810152053833008,47200,0.0,0.0
2024-05-29 00:00:00-04:00,17.947775053810183,18.271595674030557,17.648240015044767,17.899202346801758,56700,0.0,0.0
2024-05-30 00:00:00-04:00,18.061110668781094,18.061110668781094,17.08560024749438,17.18679428100586,84300,0.0,0.0
2024-05-31 00:00:00-04:00,17.13012655532522,17.478234291601524,17.041885959855914,17.389183044433594,29600,0.0,0.0
2024-06-03 00:00:00-04:00,17.324419102047433,17.44585163956559,16.684873580932617,16.684873580932617,54600,0.0,0.0
2024-06-04 00:00:00-04:00,16.66058876008816,17.011125415385397,15.89960905210685,16.231525421142578,82100,0.0,0.0
2024-06-05 00:00:00-04:00,16.093899954524723,16.39343500186337,15.867226285931912,16.150569915771484,34500,0.0,0.0
2024-06-06 00:00:00-04:00,16.28009939287559,16.782021020335165,16.191048134026865,16.6201114654541,28800,0.0,0.0
2024-06-07 00:00:00-04:00,16.74154186323378,17.162509431129436,16.50677095433481,16.652490615844727,14300,0.0,0.0
2024-06-10 00:00:00-04:00,16.668683236177245,17.275847506914836,16.668683236177245,17.202987670898438,17100,0.0,0.0
2024-06-11 00:00:00-04:00,17.259656299961314,17.259656299961314,16.709160440711745,17.07345962524414,25400,0.0,0.0
2024-06-12 00:00:00-04:00,17.105838468145908,17.199747443828855,16.725349464184692,16.82249641418457,22900,0.0,0.0
2024-06-13 00:00:00-04:00,16.725351398606396,17.041076320449957,16.676778690037825,16.74154281616211,16800,0.0,0.0
2024-06-14 00:00:00-04:00,16.741541034915404,16.96012051636566,16.2720007844473,16.595821380615234,26100,0.0,0.0
2024-06-17 00:00:00-04:00,16.72535192476979,16.90345289118981,16.19104748141111,16.417722702026367,42300,0.0,0.0
2024-06-18 00:00:00-04:00,16.40962580578215,16.811973096588584,16.207237726906982,16.539154052734375,50700,0.0,0.0
2024-06-20 00:00:00-04:00,16.960123684401413,17.096127896967086,16.45010479908276,16.968217849731445,16600,0.0,0.0
2024-06-21 00:00:00-04:00,17.75348378074522,17.86601151114176,17.1948922112227,17.664432525634766,41700,0.0,0.0
2024-06-24 00:00:00-04:00,17.551093695208568,18.12587507342271,17.079124567257725,17.72919464111328,45300,0.0,0.0
2024-06-25 00:00:00-04:00,17.78586219799852,17.915390433169776,17.47013731778087,17.753480911254883,27300,0.0,0.0
2024-06-26 00:00:00-04:00,16.272000755472575,17.52680614242585,15.988657155293268,16.676776885986328,181900,0.0,0.0
2024-06-27 00:00:00-04:00,16.749637272214205,17.194890413005304,16.1910457611084,16.1910457611084,744800,0.0,0.0
2024-06-28 00:00:00-04:00,16.636300645430293,16.636300645430293,16.191047457975415,16.320575714111328,151100,0.0,0.0
2024-07-01 00:00:00-04:00,16.98440873005227,17.283943793022654,16.595823954386884,16.7982120513916,335800,0.0,0.0
2024-07-02 00:00:00-04:00,17.041077910107397,17.073460748239615,16.393436588450086,16.83868980407715,119000,0.0,0.0
2024-07-03 00:00:00-04:00,17.194890315180412,17.194890315180412,16.563438978214187,16.91154670715332,118100,0.0,0.0
2024-07-05 00:00:00-04:00,17.12203016132245,17.31632252037268,16.935833510244947,17.18679428100586,154200,0.0,0.0
2024-07-08 00:00:00-04:00,17.316321783023934,17.33251319827994,16.952024204353865,17.06536102294922,99800,0.0,0.0
2024-07-09 00:00:00-04:00,17.122034042974523,17.162512592014853,16.393437145334943,16.612016677856445,84800,0.0,0.0
2024-07-10 00:00:00-04:00,16.830594301225112,17.470139862528846,16.701064503087828,17.1058406829834,224600,0.0,0.0
2024-07-11 00:00:00-04:00,17.316326300279986,17.316326300279986,16.652493542595202,17.17060661315918,76300,0.0,0.0
2024-07-12 00:00:00-04:00,17.478233722005328,17.58347483823899,16.733445568041333,17.041074752807617,103000,0.0,0.0
2024-07-15 00:00:00-04:00,16.927739045257223,17.024886003964937,16.74154238050751,16.903451919555664,134700,0.0,0.0
2024-07-16 00:00:00-04:00,16.903450146423058,17.04107408943175,16.838686028777698,16.935832977294922,103100,0.0,0.0
2024-07-17 00:00:00-04:00,17.00869280265825,17.097744043457507,16.838686028777698,16.935832977294922,128000,0.0,0.0
2024-07-18 00:00:00-04:00,17.000598770579643,17.324419390723364,16.838687688458528,17.146318435668945,85700,0.0,0.0
2024-07-19 00:00:00-04:00,17.049173527656897,17.243465923105845,16.660588736759003,17.000600814819336,102900,0.0,0.0
2024-07-22 00:00:00-04:00,17.06536306100636,17.162510020045975,16.692969730234644,17.097745895385742,69700,0.0,0.0
2024-07-23 00:00:00-04:00,17.235369261884397,17.235369261884397,16.63629919921063,16.652490615844727,103700,0.0,0.0
2024-07-24 00:00:00-04:00,16.88726266993824,17.0005995058658,16.247715566407397,16.514867782592773,134500,0.0,0.0
2024-07-25 00:00:00-04:00,16.62010899670906,16.822497068321745,16.25580985016685,16.272001266479492,83300,0.0,0.0
2024-07-26 00:00:00-04:00,16.433913371212107,16.482487627757795,16.199143974302686,16.37724494934082,56200,0.0,0.0
2024-07-29 00:00:00-04:00,16.32057410330892,16.32057410330892,15.842938126912308,16.12628173828125,125100,0.0,0.0
2024-07-30 00:00:00-04:00,16.304383075290087,16.595822401823877,16.191046245681832,16.52296257019043,47800,0.0,0.0
2024-07-31 00:00:00-04:00,16.393434289515433,16.830593278403118,16.291431143081034,16.603918075561523,67300,0.0,0.0
2024-08-01 00:00:00-04:00,16.93583654682676,16.99736270317235,16.150571261855685,16.37724494934082,47300,0.0,0.0
2024-08-02 00:00:00-04:00,16.191045256251655,16.393433321954802,15.600072474982086,15.859128952026367,212900,0.0,0.0
2024-08-05 00:00:00-04:00,15.381495830094439,16.09794990010384,15.09815217703612,15.875323295593262,205700,0.0,0.0
2024-08-06 00:00:00-04:00,16.16675917375445,16.16675917375445,15.551499229097644,15.786270141601562,84100,0.0,0.0
2024-08-07 00:00:00-04:00,16.830592639195025,16.830592639195025,15.915797698272323,16.2396183013916,90400,0.0,0.0
2024-08-08 00:00:00-04:00,16.393436387018745,16.595824490562187,16.104425891044553,16.47439193725586,84600,0.0,0.0
2024-08-09 00:00:00-04:00,16.45820058194044,16.587728845180507,16.42581928817977,16.490583419799805,130000,0.0,0.0
2024-08-12 00:00:00-04:00,16.636299330646562,16.692969289313627,16.433911253416806,16.684873580932617,100200,0.0,0.0
2024-08-13 00:00:00-04:00,16.765829601617455,16.806308148411727,16.444437814974176,16.6201114654541,78700,0.0,0.0
2024-08-14 00:00:00-04:00,16.531059135385824,16.81035414172383,16.33676675565957,16.498676300048828,55700,0.0,0.0
2024-08-15 00:00:00-04:00,16.717255144596155,16.717255144596155,16.312478983496497,16.393434524536133,98600,0.0,0.0
2024-08-16 00:00:00-04:00,16.55534755141984,16.692971524124747,16.32867231870037,16.490583419799805,104100,0.0,0.0
2024-08-19 00:00:00-04:00,16.7172543444172,16.947976621672495,16.417720864235925,16.91154670715332,182400,0.0,0.0
2024-08-20 00:00:00-04:00,16.778386431759188,16.778386431759188,16.195802930170917,16.44548225402832,143400,0.57,0.0
2024-08-21 00:00:00-04:00,16.545352112129294,16.545352112129294,15.88287258441769,16.229093551635742,93700,0.0,0.0
2024-08-22 00:00:00-04:00,16.229095700411644,16.229095700411644,15.654834946536965,15.846256256103516,75000,0.0,0.0
2024-08-23 00:00:00-04:00,16.03767692944873,16.295677508845838,15.837934391778784,16.145870208740234,30700,0.0,0.0
2024-08-26 00:00:00-04:00,16.30399513244629,16.491254198077094,16.11673606681548,16.30399513244629,105200,0.0,0.0
2024-08-27 00:00:00-04:00,16.37890082302142,16.37890082302142,16.08344847523982,16.229093551635742,72800,0.0,0.0
2024-08-28 00:00:00-04:00,16.22909384945214,16.22909384945214,15.879544072275142,16.079286575317383,38400,0.0,0.0
2024-08-29 00:00:00-04:00,16.145868530132372,16.453805902491645,16.02102965549412,16.39554786682129,64900,0.0,0.0
2024-08-30 00:00:00-04:00,16.4205127177378,16.728450053123925,16.237415829413113,16.64522361755371,74200,0.0,0.0
2024-09-03 00:00:00-04:00,16.254061031757438,16.441318522890928,15.987736127041265,16.1042537689209,78500,0.0,0.0
2024-09-04 00:00:00-04:00,15.996060716118132,16.150030190907454,15.721414566040039,15.721414566040039,37100,0.0,0.0
2024-09-05 00:00:00-04:00,15.787994093931344,15.99605938999618,15.646509629110767,15.937801361083984,38300,0.0,0.0
2024-09-06 00:00:00-04:00,16.045997056866064,16.0543198596405,15.213735828370336,15.371864318847656,77600,0.0,0.0
2024-09-09 00:00:00-04:00,15.396832310588158,15.704769655261321,15.296960267409428,15.65483283996582,66200,0.0,0.0
2024-09-10 00:00:00-04:00,15.696447341378983,15.696447341378983,14.989024976791749,15.305283546447754,44400,0.0,0.0
2024-09-11 00:00:00-04:00,15.25534909497017,15.438446003854276,14.922444902720699,15.080574989318848,53800,0.0,0.0
2024-09-12 00:00:00-04:00,15.130509401107453,15.230379859662309,14.82257204783663,15.188767433166504,49700,0.0,0.0
2024-09-13 00:00:00-04:00,15.321927792543406,15.467572860235721,15.155474925970315,15.222057342529297,38400,0.0,0.0
2024-09-16 00:00:00-04:00,15.188765729112708,15.513347064119122,15.08889369435035,15.230378150939941,71100,0.0,0.0
2024-09-17 00:00:00-04:00,15.176284800836314,15.271994656613861,15.155476999109212,15.205413818359375,102800,0.0,0.0
2024-09-18 00:00:00-04:00,15.105541118058325,15.213735967704563,14.84254658014435,15.0556058883667,88700,0.0,0.0
2024-09-19 00:00:00-04:00,15.438446511132836,15.688125854083241,15.151316933522953,15.604899406433105,68200,0.0,0.0
2024-09-20 00:00:00-04:00,15.604897920585916,15.771350800037089,15.072251246201855,15.321928977966309,33200,0.0,0.0
2024-09-23 00:00:00-04:00,15.371864083707175,15.696447037295801,15.097217946001289,15.455090522766113,55700,0.0,0.0
2024-09-24 00:00:00-04:00,15.57576689063358,15.775509367698163,15.313604194993523,15.513346672058105,68200,0.0,0.0
2024-09-25 00:00:00-04:00,15.638188769526396,15.737227420927516,15.25118718305926,15.53831672668457,93600,0.0,0.0
2024-09-26 00:00:00-04:00,15.438444022266824,15.58825128640381,15.147153883569569,15.388508796691895,64300,0.0,0.0
2024-09-27 00:00:00-04:00,15.388508155410419,16.129220055651132,15.388508155410419,15.879542350769043,78600,0.0,0.0
2024-09-30 00:00:00-04:00,15.879544190124168,16.482933898795046,15.677304686023797,16.462127685546875,72800,0.0,0.0
2024-10-01 00:00:00-04:00,16.303995749411744,16.586964662092434,16.184149307908044,16.520383834838867,36800,0.0,0.0
2024-10-02 00:00:00-04:00,16.603612509804606,16.68683736456064,16.18748188637504,16.428836822509766,96800,0.0,0.0
2024-10-03 00:00:00-04:00,16.295675000858488,16.686837211833705,16.295675000858488,16.503740310668945,50600,0.0,0.0
2024-10-04 00:00:00-04:00,16.503739281555788,16.56865650502166,15.746381728064774,15.871220588684082,95600,0.0,0.0
2024-10-07 00:00:00-04:00,15.83793344719816,16.578645511974425,15.721415783280415,16.537033081054688,63500,0.0,0.0
2024-10-08 00:00:00-04:00,16.52038559500169,16.52038559500169,15.979416117502415,16.079286575317383,29100,0.0,0.0
2024-10-09 00:00:00-04:00,16.004384506458972,16.337288710816065,15.850416609583656,16.17083740234375,25800,0.0,0.0
2024-10-10 00:00:00-04:00,16.08760698877036,16.400536704986905,16.021026164311262,16.18747901916504,21600,0.0,0.0
2024-10-11 00:00:00-04:00,16.11257921004081,16.403869393918917,15.854577065159566,16.24574089050293,35300,0.0,0.0
2024-10-14 00:00:00-04:00,16.14586501174556,16.29983287066746,16.012703362827367,16.18747901916504,34300,0.0,0.0
2024-10-15 00:00:00-04:00,16.162515073912257,16.162515073912257,15.799648448678308,15.946126937866211,48000,0.0,0.0
2024-10-16 00:00:00-04:00,15.812962500927528,15.991898782536266,15.792156288803492,15.937801361083984,32600,0.0,0.0
2024-10-17 00:00:00-04:00,16.1042560750319,16.1042560750319,15.604898989873465,15.704771041870117,41900,0.0,0.0
2024-10-18 00:00:00-04:00,15.729735604001352,15.896188470939599,15.646509170532227,15.646509170532227,70600,0.0,0.0
2024-10-21 00:00:00-04:00,15.713091763017992,15.904513057700344,15.540814661439947,15.721414566040039,81600,0.0,0.0
2024-10-22 00:00:00-04:00,15.804639643196957,15.946124107521603,15.721413207580303,15.821285247802734,30800,0.0,0.0
2024-10-23 00:00:00-04:00,15.763027478178422,16.037673609038954,15.746381873299056,15.796317100524902,39600,0.0,0.0
2024-10-24 00:00:00-04:00,15.937801733752744,16.120900214514965,15.729736432822781,16.054319381713867,41500,0.0,0.0
2024-10-25 00:00:00-04:00,15.946125743952791,16.270707130013648,15.837932477736635,16.02935218811035,57700,0.0,0.0
2024-10-28 00:00:00-04:00,15.862898638593835,16.11257796065932,15.71309136283701,16.062641143798828,58200,0.0,0.0
2024-10-29 00:00:00-04:00,16.062641967203803,16.120901589860885,15.746383381270228,15.954448699951172,30600,0.0,0.0
2024-10-30 00:00:00-04:00,16.02102960506793,16.029352408339275,15.754706250034607,15.88786792755127,52900,0.0,0.0
2024-10-31 00:00:00-04:00,16.029351743201293,16.029351743201293,15.41347861338928,15.496705055236816,35100,0.0,0.0
2024-11-01 00:00:00-04:00,15.604898536293483,15.629866945420005,15.180445105616815,15.355220794677734,81600,0.0,0.0
2024-11-04 00:00:00-05:00,15.313606088392424,15.496704572232623,15.147154797297683,15.330251693725586,153500,0.0,0.0
2024-11-05 00:00:00-05:00,15.546639277583171,15.771350179781127,14.980701414601167,15.10554027557373,67500,0.0,0.0
2024-11-06 00:00:00-05:00,15.23870393141826,15.56994452509614,15.122187857597503,15.43012523651123,88500,0.0,0.0
2024-11-07 00:00:00-05:00,15.4051578101838,15.563287911479515,15.355222573558198,15.546642303466797,52200,0.0,0.0
2024-11-08 00:00:00-05:00,15.546640570757134,15.754705885489082,15.355220862182712,15.52999496459961,76700,0.0,0.0
2024-11-11 00:00:00-05:00,15.430126026252358,15.804642677307129,15.340240379090181,15.804642677307129,90400,0.0,0.0
2024-11-12 00:00:00-05:00,15.979414385169157,16.21244648641587,15.638187447704642,15.879542350769043,70100,0.0,0.0
2024-11-13 00:00:00-05:00,15.812962672896475,16.112577210460117,15.812962672896475,15.92115592956543,82800,0.0,0.0
2024-11-14 00:00:00-05:00,16.09593137414914,16.13754379825135,15.663155178872312,15.821285247802734,108800,0.0,0.0
2024-11-15 00:00:00-05:00,15.87279206772198,15.87279206772198,15.374889509461207,15.718270301818848,61800,0.58,0.0
2024-11-18 00:00:00-05:00,15.563749448121982,15.928592891747927,15.520827460574868,15.675349235534668,46600,0.0,0.0
2024-11-19 00:00:00-05:00,15.563749954062605,15.57233467932487,15.366306185137262,15.469321250915527,72000,0.0,0.0
2024-11-20 00:00:00-05:00,15.452150596451528,15.889961726501909,15.26329156750322,15.460735321044922,67900,0.0,0.0
2024-11-21 00:00:00-05:00,15.495072582049708,15.675348523773415,15.32338300228819,15.460735321044922,111000,0.0,0.0
2024-11-22 00:00:00-05:00,15.623842021679957,15.812701053143728,15.314798481676679,15.65817928314209,236100,0.0,0.0
2024-11-25 00:00:00-05:00,15.65817801522954,15.768060190274584,15.28904306953142,15.38347339630127,74500,0.0,0.0
2024-11-26 00:00:00-05:00,15.34913594971543,15.572333883014066,14.894156995663725,15.177446365356445,134800,0.0,0.0
2024-11-27 00:00:00-05:00,14.911327874577026,15.34484587680813,14.911327874577026,15.19461727142334,84400,0.0,0.0
2024-11-29 00:00:00-05:00,14.876986892390581,15.452150331329255,14.876986892390581,15.228952407836914,51600,0.0,0.0
2024-12-02 00:00:00-05:00,15.246122947849194,15.444424693429083,14.962833570328725,15.117355346679688,99800,0.0,0.0
2024-12-03 00:00:00-05:00,15.031509147943872,15.280459615525407,14.946521519313684,15.022924423217773,130700,0.0,0.0
2024-12-04 00:00:00-05:00,15.022924638441014,15.057263537837352,14.65378965677459,14.765389442443848,171200,0.0,0.0
2024-12-05 00:00:00-05:00,14.748220159880164,15.143107683200068,14.679543997678058,14.6967134475708,92600,0.0,0.0
2024-12-06 00:00:00-05:00,14.688127943251951,14.689843905728855,14.218553501551776,14.224562644958496,175300,0.0,0.0
2024-12-09 00:00:00-05:00,14.224563899699403,14.804878554993909,14.212545611825837,14.267487525939941,222300,0.0,0.0
2024-12-10 00:00:00-05:00,14.33616363358277,14.576529390098871,14.215979117955804,14.45634651184082,116200,0.0,0.0
2024-12-11 00:00:00-05:00,14.499269033133238,14.585114651057545,14.29753371398544,14.516438484191895,188300,0.0,0.0
2024-12-12 00:00:00-05:00,14.387668555086336,14.636619005802258,14.28465350272094,14.3533296585083,105800,0.0,0.0
2024-12-13 00:00:00-05:00,14.353330711220536,14.516437207191458,13.82967559894888,14.198810577392578,147700,0.0,0.0
2024-12-16 00:00:00-05:00,14.173055188340006,14.490681790916062,13.73524408659553,13.786750793457031,170100,0.0,0.0
2024-12-17 00:00:00-05:00,13.735245621604387,13.735245621604387,13.06651060807193,13.546385765075684,631200,0.0,0.0
2024-12-18 00:00:00-05:00,13.572140547855852,13.958444184526016,13.331773149260862,13.795337677001953,249200,0.0,0.0
2024-12-19 00:00:00-05:00,13.795335722756937,14.155885950889463,13.434785494624409,13.640814781188965,135800,0.0,0.0
2024-12-20 00:00:00-05:00,13.640815621044903,14.49926762340005,13.640815621044903,14.310408592224121,78700,0.0,0.0
2024-12-23 00:00:00-05:00,14.198811995480614,14.70100616465734,13.992781855062017,14.447762489318848,82200,0.0,0.0
2024-12-24 00:00:00-05:00,14.36191559346575,14.894157073716126,14.36191559346575,14.808311462402344,46100,0.0,0.0
2024-12-26 00:00:00-05:00,14.894156772510028,15.044385361244425,14.24173243203571,14.310408592224121,109400,0.0,0.0
2024-12-27 00:00:00-05:00,14.173055453090726,14.571378141594286,13.958442260228725,14.430590629577637,118000,0.0,0.0
2024-12-30 00:00:00-05:00,14.198810452825866,14.808311170122877,14.164471554030579,14.53360652923584,263100,0.0,0.0
2024-12-31 00:00:00-05:00,14.44776178662683,14.793718189643002,14.33616363358277,14.45634651184082,164000,0.0,0.0
2025-01-02 00:00:00-05:00,14.799725987033963,14.894156318427408,14.33616232923719,14.550775527954102,56900,0.0,0.0
2025-01-03 00:00:00-05:00,14.748219734599939,14.945663490566396,14.336162773269384,14.53360652923584,49900,0.0,0.0
2025-01-06 00:00:00-05:00,14.679545169263026,14.778267057972066,14.293240702689397,14.447762489318848,82500,0.0,0.0
2025-01-07 00:00:00-05:00,14.585114287108489,14.593699012423599,14.15588784556662,14.387670516967773,78600,0.0,0.0
2025-01-08 00:00:00-05:00,14.396253136415,14.61601585033321,14.173055222978098,14.413422584533691,53400,0.0,0.0
2025-01-10 00:00:00-05:00,14.5936980892725,15.014339778890802,14.464930492429156,14.87698745727539,84700,0.0,0.0
2025-01-13 00:00:00-05:00,14.713881049112626,15.220368352103982,14.713881049112626,15.177446365356445,84000,0.0,0.0
2025-01-14 00:00:00-05:00,15.314797346603266,15.495071639998068,15.022923277648037,15.280458450317383,89200,0.0,0.0
2025-01-15 00:00:00-05:00,15.417810907588587,15.606671564222582,15.168860456619292,15.392058372497559,98500,0.0,0.0
2025-01-16 00:00:00-05:00,15.563749039215374,16.293434269927364,15.271876584299404,15.958638191223145,383700,0.0,0.0
2025-01-17 00:00:00-05:00,16.061652774224168,16.739831342765612,15.847039551881018,16.645401000976562,212000,0.0,0.0
2025-01-21 00:00:00-05:00,16.731244211516533,16.731244211516533,16.216172224484016,16.619646072387695,86700,0.0,0.0
2025-01-22 00:00:00-05:00,16.58531083473247,16.739832628668463,16.36211286986594,16.46512794494629,120100,0.0,0.0
2025-01-23 00:00:00-05:00,16.60247662410058,16.85572025554506,16.480576161051992,16.619646072387695,185100,0.0,0.0
2025-01-24 00:00:00-05:00,16.817090806743717,16.954443126398452,16.09599030987195,16.43937110900879,125700,0.0,0.0
2025-01-27 00:00:00-05:00,16.43937268645556,16.54238775476587,16.09599185436947,16.353527069091797,69200,0.0,0.0
2025-01-28 00:00:00-05:00,16.413620086944952,16.757000917766195,16.05306980524041,16.267683029174805,100000,0.0,0.0
2025-01-29 00:00:00-05:00,16.293435740420506,16.400742353522386,16.053069974988446,16.199007034301758,78800,0.0,0.0
2025-01-30 00:00:00-05:00,16.310606002807617,16.336360180685965,16.053070773500384,16.310606002807617,61300,0.0,0.0
2025-01-31 00:00:00-05:00,16.302018994685014,16.302018994685014,15.838455319353697,15.958638191223145,61200,0.0,0.0
2025-02-03 00:00:00-05:00,16.027313593128955,16.199004805415868,15.692517530275099,15.932883262634277,78100,0.0,0.0
2025-02-04 00:00:00-05:00,16.01872942539506,16.43937110900879,15.906271661065771,16.43937110900879,47600,0.0,0.0
2025-02-05 00:00:00-05:00,16.559555951853778,16.602477938601204,15.666764218661502,16.302019119262695,57600,0.0,0.0
2025-02-06 00:00:00-05:00,16.31060308837584,16.31060308837584,15.967222298199571,16.276264190673828,65300,0.0,0.0
2025-02-07 00:00:00-05:00,16.344943840558866,16.370696379388466,16.02302400623727,16.19042205810547,33700,0.0,0.0
2025-02-10 00:00:00-05:00,16.344942238777694,16.430786209622376,16.130329036928423,16.284849166870117,33300,0.0,0.0
2025-02-11 00:00:00-05:00,16.396448387308,16.523498376734175,16.190419917071818,16.405033111572266,100400,0.0,0.0
2025-02-12 00:00:00-05:00,16.39645069645816,16.791338244014923,16.138913844366872,16.353527069091797,68600,0.0,0.0
2025-02-13 00:00:00-05:00,16.430787728177982,16.447099197556778,16.248795807882512,16.33635902404785,79400,0.0,0.0
2025-02-14 00:00:00-05:00,16.36211038939972,16.568138870957807,16.33635785256047,16.370695114135742,70000,0.0,0.0
2025-02-18 00:00:00-05:00,16.396449216007916,16.894351786918914,16.33635778048968,16.739830017089844,152500,0.0,0.0
2025-02-19 00:00:00-05:00,16.739828355625708,17.769972293996286,16.739828355625708,17.34074592590332,319500,0.0,0.0
2025-02-20 00:00:00-05:00,17.34074942771681,17.46093231109476,16.636816666501577,17.031705856323242,188700,0.0,0.0
2025-02-21 00:00:00-05:00,16.98019863999236,17.47810124736479,16.95444446401193,17.014535903930664,207000,0.0,0.0
2025-02-24 00:00:00-05:00,16.92869037822718,17.169057776551725,16.722661881392835,16.86859893798828,115900,0.0,0.0
2025-02-25 00:00:00-05:00,16.894351041285127,17.023118631336576,16.63767384240353,16.937273025512695,93200,0.0,0.0
2025-02-26 00:00:00-05:00,16.96302811116037,17.34933090209961,16.756999628519008,17.34933090209961,511400,0.0,0.0
2025-02-27 00:00:00-05:00,17.37508433820921,17.37508433820921,16.988781563683233,17.314992904663086,442400,0.0,0.0
2025-02-28 00:00:00-05:00,17.246317571673753,17.276363289884042,16.748414993286133,16.748414993286133,455000,0.0,0.0
2025-03-03 00:00:00-05:00,16.490878320781512,16.894352204728694,15.778362526902168,16.01014518737793,133100,0.0,0.0
2025-03-04 00:00:00-05:00,15.915715038889504,16.126035049253932,15.417810863632997,15.992974281311035,98700,0.0,0.0
2025-03-05 00:00:00-05:00,16.259096967305087,16.568138870957807,16.12174464626636,16.370695114135742,95100,0.0,0.0
2025-03-06 00:00:00-05:00,16.319187738715375,16.75699885821582,16.293433565555787,16.42220115661621,112300,0.0,0.0
2025-03-07 00:00:00-05:00,16.61964515768511,16.83425833735617,16.482292853685117,16.662567138671875,95300,0.0,0.0
2025-03-10 00:00:00-04:00,16.808505256056925,17.160470762546293,16.338072847542424,16.782751083374023,113700,0.0,0.0
2025-03-11 00:00:00-04:00,16.78275018573665,16.894349957358173,16.525215022156985,16.817089080810547,57200,0.0,0.0
2025-03-12 00:00:00-04:00,16.868599006289333,17.237734011958853,16.666004071309906,17.169057846069336,113300,0.0,0.0
2025-03-13 00:00:00-04:00,17.246317916270886,17.375085516512005,16.73983060293613,16.834260940551758,111600,0.0,0.0
2025-03-14 00:00:00-04:00,16.949440742019934,17.454469952826134,16.745658003763396,17.312707901000977,59100,0.61,0.0
2025-03-17 00:00:00-04:00,17.25068430061764,17.631670421591394,17.170942940881883,17.605091094970703,151500,0.0,0.0
2025-03-18 00:00:00-04:00,17.543068206589727,17.702550921366562,16.807677002847374,17.100061416625977,157300,0.0,0.0
2025-03-19 00:00:00-04:00,17.020320861482432,17.41902766721738,16.838688136633593,17.321565628051758,34300,0.0,0.0
2025-03-20 00:00:00-04:00,17.312708822456226,17.791155350346823,17.21524677291273,17.622812271118164,135800,0.0,0.0
2025-03-21 00:00:00-04:00,17.622810764973618,17.72913314538298,17.330426331269,17.410167694091797,79000,0.0,0.0
2025-03-24 00:00:00-04:00,17.454469888585002,17.71141297284606,17.170944096041246,17.427888870239258,62100,0.0,0.0
2025-03-25 00:00:00-04:00,17.569649784401555,17.569649784401555,17.301188107238996,17.463327407836914,68500,0.0,0.0
2025-03-26 00:00:00-04:00,17.578511890017676,17.578511890017676,17.13550504135783,17.18866539001465,41400,0.0,0.0
2025-03-27 00:00:00-04:00,17.02032005923756,17.299414810097023,16.995511787155543,17.100061416625977,41100,0.0,0.0
2025-03-28 00:00:00-04:00,16.97602151794348,17.41016800669791,16.869700825561996,16.967161178588867,30900,0.0,0.0
2025-03-31 00:00:00-04:00,16.834260660496124,17.35169234790872,16.745658950611364,16.976022720336914,39700,0.0,0.0
2025-04-01 00:00:00-04:00,17.011462875361932,17.091204239616516,16.834259468143543,16.967161178588867,85300,0.0,0.0
2025-04-02 00:00:00-04:00,16.860843189329334,16.88299319629848,16.453275963360838,16.497577667236328,90300,0.0,0.0
2025-04-03 00:00:00-04:00,16.29379243747279,16.754519996330746,15.762185535645893,16.621618270874023,117000,0.0,0.0
2025-04-04 00:00:00-04:00,16.214049886121828,16.25835158467992,14.916039692267217,15.088813781738281,262100,0.0,0.0
2025-04-07 00:00:00-04:00,14.583783573925716,15.51409890163938,14.185078453422909,14.557204246520996,115400,0.0,0.0
2025-04-08 00:00:00-04:00,14.840728431786323,15.009071496135187,14.273680244426236,14.450881958007812,130500,0.0,0.0
2025-04-09 00:00:00-04:00,14.344562677368291,15.257155732331823,13.910415310050075,14.964771270751953,184400,0.0,0.0
2025-04-10 00:00:00-04:00,14.831868627094018,15.241206847834343,14.007876488901115,14.317980766296387,57700,0.0,0.0
2025-04-11 00:00:00-04:00,14.30912107990038,15.062233071460831,14.167359021481596,14.955910682678223,46200,0.0,0.0
2025-04-14 00:00:00-04:00,14.96477038931584,15.062232434080899,14.406582519154519,14.512903213500977,128600,0.0,0.0
2025-04-15 00:00:00-04:00,14.636946895892248,14.902750332937542,14.309121079595148,14.796429634094238,26900,0.0,0.0
2025-04-16 00:00:00-04:00,14.88503021881242,15.079954323994379,14.645807792355535,14.67238712310791,53200,0.0,0.0
2025-04-17 00:00:00-04:00,14.805289264766767,15.460940940791955,14.805289264766767,14.991353034973145,55900,0.0,0.0
2025-04-21 00:00:00-04:00,14.89388876439411,15.16855420861142,14.66352501598777,14.938190460205078,53400,0.0,0.0
2025-04-22 00:00:00-04:00,15.08881509031635,15.195135796202438,14.653781329413661,14.991353034973145,24400,0.0,0.0
2025-04-23 00:00:00-04:00,15.062233428925426,15.137543784900254,14.796429985566279,15.044512748718262,52000,0.0,0.0
2025-04-24 00:00:00-04:00,15.16855513657501,15.239436164271936,14.86731034637883,14.902750015258789,137000,0.0,0.0
2025-04-25 00:00:00-04:00,14.911610504267248,15.274875986093353,14.725548438426229,15.017932891845703,59900,0.0,0.0
2025-04-28 00:00:00-04:00,15.150834679597583,15.40777777504477,15.026791611854124,15.062232971191406,131000,0.0,0.0
2025-04-29 00:00:00-04:00,15.168555359266225,15.230576048169441,14.964770922950906,15.062232971191406,92300,0.0,0.0
2025-04-30 00:00:00-04:00,15.04451202613405,15.168555091689363,14.663525869664088,14.7078275680542,71700,0.0,0.0
2025-05-01 00:00:00-04:00,14.82300815318838,15.282850135851856,14.628085756010982,14.885028839111328,83500,0.0,0.0
2025-05-02 00:00:00-04:00,14.885030006727941,15.258928585388542,14.716688614571119,15.044512748718262,69300,0.0,0.0
2025-05-05 00:00:00-04:00,14.938191871404696,15.097674611516599,14.847817417374854,14.92047119140625,62900,0.0,0.0
2025-05-06 00:00:00-04:00,15.062234068876252,15.221716817642534,14.867311648126993,14.991353034973145,76100,0.0,0.0
2025-05-07 00:00:00-04:00,15.168555359266225,15.286394668182337,15.026791611854124,15.062232971191406,146000,0.0,0.0
2025-05-08 00:00:00-04:00,15.079953650860046,15.39891743521045,14.938191593384973,15.062232971191406,53800,0.0,0.0
2025-05-09 00:00:00-04:00,15.106532980425982,15.379425701537162,15.062232971191406,15.062232971191406,56200,0.0,0.0
2025-05-12 00:00:00-04:00,15.283736065455845,15.584980853535152,15.283736065455845,15.505239486694336,88300,0.0,0.0
2025-05-13 00:00:00-04:00,15.505240650647528,15.858760286196759,15.188047903376313,15.66472339630127,136800,0.0,0.0
2025-05-14 00:00:00-04:00,13.2857757880718,13.882948853183741,13.28134561802287,13.556010246276855,3646400,0.0,0.0
2025-05-15 00:00:00-04:00,13.467407769468117,13.68005084991455,13.39652674265264,13.68005084991455,661100,0.0,0.0
2025-05-16 00:00:00-04:00,14.122832293508269,14.519488633229292,13.83686992791916,14.021361351013184,1093000,0.61,0.0
2025-05-19 00:00:00-04:00,13.88299300362379,14.205852774107205,13.698501580529769,14.021361351013184,399600,0.0,0.0
2025-05-20 00:00:00-04:00,14.104382711336617,14.28887413443064,13.933727595146836,14.021361351013184,176100,0.0,0.0
2025-05-21 00:00:00-04:00,14.122830809276923,14.251974352008219,13.799970192999874,14.067482948303223,434500,0.0,0.0
2025-05-22 00:00:00-04:00,13.947563744641876,14.261199580442163,13.929115043566558,14.113606452941895,283600,0.0,0.0
2025-05-23 00:00:00-04:00,13.864542390491867,14.287028289782267,13.846093689416549,14.113606452941895,200900,0.0,0.0
2025-05-27 00:00:00-04:00,14.325771147953407,14.516720611644555,13.929114843426877,14.0951566696167,233000,0.0,0.0
2025-05-28 00:00:00-04:00,14.205851768132037,14.288873122576385,13.846093738505772,13.910665512084961,260600,0.0,0.0
2025-05-29 00:00:00-04:00,13.97523738729667,14.058258742344776,13.846093839199117,13.919890403747559,110500,0.0,0.0
2025-05-30 00:00:00-04:00,13.984462036335929,14.049033809731526,13.703112087013224,13.799970626831055,345100,0.0,0.0
2025-06-02 00:00:00-04:00,13.98446223031447,14.049034004605744,13.698500761546452,13.716949462890625,171700,0.0,0.0
2025-06-03 00:00:00-04:00,13.790745647421073,13.917122459137902,13.716949084630514,13.882991790771484,392500,0.0,0.0
2025-06-04 00:00:00-04:00,13.947564088158652,13.975237580315419,13.742778310804777,13.836869239807129,164900,0.0,0.0
2025-06-05 00:00:00-04:00,13.9660137621009,13.9660137621009,13.63392833511793,13.744623184204102,228800,0.0,0.0
2025-06-06 00:00:00-04:00,13.882992020511658,14.122831293412125,13.758459988845134,13.910665512084961,261300,0.0,0.0
2025-06-09 00:00:00-04:00,13.929114658736987,14.058258201869565,13.836868516735652,13.864542007446289,124500,0.0,0.0
2025-06-10 00:00:00-04:00,13.882992121473338,13.984462177796335,13.836869048699452,13.919890403747559,361300,0.0,0.0
2025-06-11 00:00:00-04:00,14.039809928306473,14.365437288754245,13.966013364350744,14.2243013381958,369200,0.0,0.0
2025-06-12 00:00:00-04:00,14.205851281150869,14.408792265088568,14.04903336807052,14.067482948303223,216400,0.0,0.0
2025-06-13 00:00:00-04:00,14.29809786231723,14.34883332979211,14.030585098791885,14.113606452941895,419100,0.0,0.0
2025-06-16 00:00:00-04:00,14.242750497657495,14.29994314446721,13.97523772477824,14.279648780822754,320800,0.0,0.0
2025-06-17 00:00:00-04:00,14.307322997440856,14.897695521666495,14.049034138367686,14.47336483001709,840500,0.0,0.0
2025-06-18 00:00:00-04:00,14.777776374423203,14.888470340084314,14.418017467126862,14.63940715789795,520700,0.0,0.0
2025-06-20 00:00:00-04:00,14.842348482561423,14.887548724828719,14.667080980285958,14.676305770874023,692200,0.0,0.0
2025-06-23 00:00:00-04:00,14.80544961725865,14.999166704596897,14.574836006001215,14.602509498596191,374500,0.0,0.0
2025-06-24 00:00:00-04:00,14.574835012520035,14.62926004275752,14.104381271851157,14.178177833557129,374800,0.0,0.0
2025-06-25 00:00:00-04:00,14.178177980783625,14.28887282449204,13.966013083606931,13.984461784362793,146700,0.0,0.0
2025-06-26 00:00:00-04:00,13.97523703531468,14.168953232306492,13.846093490469755,14.0951566696167,145400,0.0,0.0
2025-06-27 00:00:00-04:00,14.113606745946244,14.196628101819812,13.892217050099699,14.039810180664062,139200,0.0,0.0
2025-06-30 00:00:00-04:00,14.002911322910853,14.141279657200919,13.753847265519434,13.873766899108887,300600,0.0,0.0
2025-07-01 00:00:00-04:00,13.855318629698782,13.993686968296,13.753847693651345,13.919890403747559,170300,0.0,0.0
2025-07-02 00:00:00-04:00,13.919890578871652,14.150505065917969,13.89221708674894,14.150505065917969,141500,0.0,0.0
2025-07-03 00:00:00-04:00,14.132055880223332,14.204930496512958,13.984462745138673,14.085933685302734,104400,0.0,0.0
2025-07-07 00:00:00-04:00,14.122830956500303,14.325771062829146,13.684663098374402,13.873766899108887,337100,0.0,0.0
2025-07-08 00:00:00-04:00,13.799970565576194,13.993686764627558,13.799970565576194,13.901440620422363,177500,0.0,0.0
2025-07-09 00:00:00-04:00,13.855318821061278,13.89775145038669,13.740011577396217,13.836869239807129,146000,0.0,0.0
2025-07-10 00:00:00-04:00,13.846092659914225,13.956787497308904,13.744621732509161,13.892215728759766,86500,0.0,0.0
2025-07-11 00:00:00-04:00,13.864542022455716,13.984461655297508,13.864542022455716,13.966012954711914,181700,0.0,0.0
2025-07-14 00:00:00-04:00,13.975236892700195,13.975236892700195,13.809195068204795,13.975236892700195,237100,0.0,0.0
2025-07-15 00:00:00-04:00,13.975236952273308,14.002911322910853,13.79074554664508,13.873766899108887,143000,0.0,0.0
2025-07-16 00:00:00-04:00,13.910665240406168,13.910665240406168,13.652377271409405,13.772296905517578,147200,0.0,0.0
2025-07-17 00:00:00-04:00,13.772296932959481,13.83686870540623,13.680050789700338,13.78152084350586,118800,0.0,0.0
2025-07-18 00:00:00-04:00,13.781519759546793,13.919888963552342,13.633926645720354,13.763071060180664,206500,0.0,0.0
2025-07-21 00:00:00-04:00,13.836868635906411,13.836868635906411,13.643152439814743,13.661602020263672,171900,0.0,0.0
2025-07-22 00:00:00-04:00,13.744623184204102,13.876535227818243,13.606254842777503,13.744623184204102,188400,0.0,0.0
2025-07-23 00:00:00-04:00,13.772297074204408,13.956788482890367,13.753847493473597,13.901440620422363,81100,0.0,0.0
2025-07-24 00:00:00-04:00,13.919889681048929,13.97523666172451,13.836868330311157,13.947563171386719,99100,0.0,0.0
2025-07-25 00:00:00-04:00,14.067482577365668,14.34422011548823,13.929114248166579,14.233525276184082,261200,0.0,0.0
2025-07-28 00:00:00-04:00,14.28887290806862,14.28887290806862,14.11360629110292,14.205851554870605,164300,0.0,0.0
2025-07-29 00:00:00-04:00,14.224302191186279,14.264890039878537,14.104382547635872,14.21507740020752,93000,0.0,0.0
2025-07-30 00:00:00-04:00,14.15050562280518,14.251975684398069,14.095157756657112,14.21507740020752,135100,0.0,0.0
2025-07-31 00:00:00-04:00,14.215077565193031,14.233527147364683,13.938339990689748,14.021361351013184,87200,0.0,0.0
2025-08-01 00:00:00-04:00,13.975237348403327,14.021360421048852,13.699422623191792,13.809195518493652,171900,0.0,0.0
2025-08-04 00:00:00-04:00,13.88299227589406,13.88299227589406,13.726174354553223,13.726174354553223,166900,0.0,0.0
2025-08-05 00:00:00-04:00,13.69850089929884,13.924502991315421,13.69850089929884,13.836869239807129,121900,0.0,0.0
2025-08-06 00:00:00-04:00,13.966013143841968,14.156961728069431,13.763072156305718,13.882991790771484,212600,0.0,0.0
2025-08-07 00:00:00-04:00,13.910665472533978,14.055491866795519,13.699422522740457,13.799970626831055,101000,0.0,0.0
2025-08-08 00:00:00-04:00,13.836869594507407,13.836869594507407,13.486335459212949,13.560132026672363,182700,0.0,0.0
2025-08-11 00:00:00-04:00,13.560130441677146,13.68927485949813,12.98820667085457,13.283392906188965,428900,0.0,0.0
2025-08-12 00:00:00-04:00,13.357191092527861,13.583194071182982,13.181924463873818,13.458662033081055,316000,0.0,0.0
2025-08-13 00:00:00-04:00,13.569356093293576,13.680050938574542,13.421762966252292,13.587804794311523,212300,0.0,0.0
2025-08-14 00:00:00-04:00,13.68005047371047,13.68005047371047,13.39408901971639,13.53245735168457,250100,0.0,0.0
2025-08-15 00:00:00-04:00,13.551490058108103,13.561006771903694,13.30406094480543,13.342127799987793,234500,0.45,0.0
2025-08-18 00:00:00-04:00,13.304061090970416,13.304061090970416,12.856786428429043,13.170830726623535,305400,0.0,0.0
2025-08-19 00:00:00-04:00,13.075664729501977,13.237445227219444,12.74258792822064,12.828235626220703,458200,0.0,0.0
2025-08-20 00:00:00-04:00,12.837753224983933,12.951951071090058,12.70452285830869,12.942435264587402,169900,0.0,0.0
2025-08-21 00:00:00-04:00,12.942434999376843,13.265995102932045,12.942434999376843,13.199379920959473,182400,0.0,0.0
2025-08-22 00:00:00-04:00,13.28502842477803,13.465841449075349,13.180347295717874,13.342127799987793,186700,0.0,0.0
2025-08-25 00:00:00-04:00,13.332611086192202,13.427775501456766,13.237445763363857,13.342127799987793,117300,0.0,0.0
2025-08-26 00:00:00-04:00,13.323094442942528,13.350692550070361,13.180347365507945,13.246962547302246,133400,0.0,0.0
2025-08-27 00:00:00-04:00,13.227928976067384,13.418259620666504,13.227928976067384,13.418259620666504,161200,0.0,0.0
2025-08-28 00:00:00-04:00,13.41825958370365,13.45632553100586,13.332610975382734,13.45632553100586,112200,0.0,0.0
2025-08-29 00:00:00-04:00,13.437292138322631,13.513424033123933,13.323094296120678,13.408742904663086,163900,0.0,0.0
2025-09-02 00:00:00-04:00,13.437292213027195,13.513424108251751,13.265994994990052,13.332611083984375,119200,0.0,0.0
2025-09-03 00:00:00-04:00,13.351643791233082,13.351643791233082,13.028082778209667,13.13276481628418,195100,0.0,0.0
2025-09-04 00:00:00-04:00,13.151796340942383,13.227928231471077,13.085181163620705,13.151796340942383,88400,0.0,0.0
2025-09-05 00:00:00-04:00,13.037599676694068,13.256479562305172,12.847269933269503,12.913885116577148,155200,0.0,0.0
2025-09-08 00:00:00-04:00,12.961466963919905,13.054729122247304,12.633147609939684,12.752103805541992,167200,0.0,0.0
2025-09-09 00:00:00-04:00,12.79017056221543,12.999533733858561,12.675972716109305,12.942435264587402,185300,0.0,0.0
2025-09-10 00:00:00-04:00,13.028081864271702,13.206040590463287,12.91864238447458,13.08518123626709,84700,0.0,0.0
2025-09-11 00:00:00-04:00,13.123248172249099,13.123248172249099,12.766379566142728,13.028082847595215,124900,0.0,0.0
2025-09-12 00:00:00-04:00,13.03759941329262,13.227929152871912,12.932918283414956,13.189863204956055,128500,0.0,0.0
2025-09-15 00:00:00-04:00,13.189863322802838,13.294545361179585,13.075665478034946,13.094698905944824,92800,0.0,0.0
2025-09-16 00:00:00-04:00,13.199379735717311,13.437292133781927,13.151797074591633,13.38970947265625,199900,0.0,0.0
2025-09-17 00:00:00-04:00,13.427775459554006,13.456325600851683,13.285028383320725,13.361160278320312,166100,0.0,0.0
2025-09-18 00:00:00-04:00,13.456325600851683,13.456325600851683,13.323094330820519,13.361160278320312,163400,0.0,0.0
2025-09-19 00:00:00-04:00,13.465841520377113,13.5324576097352,13.180347365507945,13.246962547302246,211600,0.0,0.0
2025-09-22 00:00:00-04:00,13.180346480563436,13.361159493678157,13.085181163620705,13.151796340942383,102800,0.0,0.0
2025-09-23 00:00:00-04:00,13.151797154331103,13.675204614759439,13.132764634303701,13.342127799987793,146100,0.0,0.0
2025-09-24 00:00:00-04:00,13.5705233357411,13.6752044636445,13.315480672707494,13.494391441345215,171300,0.0,0.0
2025-09-25 00:00:00-04:00,13.513424030842339,13.513424030842339,13.351643527525944,13.399226188659668,67200,0.0,0.0
2025-09-26 00:00:00-04:00,13.446808630414074,13.6276216506958,13.332610790094494,13.6276216506958,128900,0.0,0.0
2025-09-29 00:00:00-04:00,13.608589172363281,13.66568763891436,13.465841190858061,13.608589172363281,122100,0.0,0.0
2025-09-30 00:00:00-04:00,13.53245749811587,13.67996293125678,13.218413204299077,13.37067699432373,202400,0.0,0.0
2025-10-01 00:00:00-04:00,13.399226153991828,13.56100665688965,13.246962364808885,13.446808815002441,141300,0.0,0.0
2025-10-02 00:00:00-04:00,13.503907359070022,13.623815592894552,13.342127762814625,13.380193710327148,135900,0.0,0.0
2025-10-03 00:00:00-04:00,13.370676811097885,13.613347563460641,13.275511489854692,13.561006546020508,124000,0.0,0.0
2025-10-06 00:00:00-04:00,13.646655879833643,13.998766135068989,13.512473477639958,13.789402961730957,255500,0.0,0.0
2025-10-07 00:00:00-04:00,13.798918869849393,13.979731890195227,13.465841154793042,13.646655082702637,186200,0.0,0.0
2025-10-08 00:00:00-04:00,13.694237853726124,13.703753659826864,13.399226083072772,13.53245735168457,112200,0.0,0.0
2025-10-09 00:00:00-04:00,13.656172162587044,13.856018615468544,13.16131393352284,13.22792911529541,325200,0.0,0.0
2025-10-10 00:00:00-04:00,13.180347985591034,13.295496961315088,12.542742648934022,12.609357833862305,348600,0.0,0.0
2025-10-13 00:00:00-04:00,12.647423783473297,12.780655060893688,12.428544800101042,12.609357833862305,273900,0.0,0.0
2025-10-14 00:00:00-04:00,12.523708380223935,12.723554829166392,12.42854396636224,12.485642433166504,215100,0.0,0.0
2025-10-15 00:00:00-04:00,12.514191703483215,12.61887373887277,12.314345253951247,12.447576522827148,231800,0.0,0.0
2025-10-16 00:00:00-04:00,12.419027513937179,12.459948657464716,12.000301179933892,12.219181060791016,277200,0.0,0.0
2025-10-17 00:00:00-04:00,12.371444890328572,12.371444890328572,12.095466540616103,12.18111515045166,182300,0.0,0.0
2025-10-20 00:00:00-04:00,12.181114969616877,12.428544081565548,12.147807379078358,12.390478134155273,209800,0.0,0.0
2025-10-21 00:00:00-04:00,12.44757588301666,12.44757588301666,12.019333772478197,12.104982376098633,298600,0.0,0.0
2025-10-22 00:00:00-04:00,12.10498300280517,12.471367404113671,12.085949575431341,12.466609954833984,193700,0.0,0.0
2025-10-23 00:00:00-04:00,12.580807681044545,12.864398667317218,12.485642360175419,12.561774253845215,210100,0.0,0.0
2025-10-24 00:00:00-04:00,12.542742574766805,12.780654985319659,12.523709146291942,12.704523086547852,109700,0.0,0.0
2025-10-27 00:00:00-04:00,12.714037895202637,12.856785874867297,12.466609697398644,12.714037895202637,145500,0.0,0.0
2025-10-28 00:00:00-04:00,12.65693961639344,12.705473403809535,12.495159114921444,12.542741775512695,116000,0.0,0.0
2025-10-29 00:00:00-04:00,12.561774253845215,12.809203362053932,12.476125646575754,12.561774253845215,181900,0.0,0.0
2025-10-30 00:00:00-04:00,12.590323523770115,12.671213774475467,12.38571962616365,12.52370834350586,180900,0.0,0.0
2025-10-31 00:00:00-04:00,12.595081917511148,12.64742293505153,12.447576486109073,12.485642433166504,167000,0.0,0.0
2025-11-03 00:00:00-05:00,12.495159044799754,12.656939545363853,12.393332206159744,12.628390312194824,93200,0.0,0.0
2025-11-04 00:00:00-05:00,12.457093165603192,12.61792163265614,12.419027218650148,12.533225059509277,69900,0.0,0.0
2025-11-05 00:00:00-05:00,12.514191703483215,12.591275632216497,12.361927914804339,12.447576522827148,93300,0.0,0.0
2025-11-06 00:00:00-05:00,12.542741846869328,12.656939688399753,12.399993864283468,12.457093238830566,113300,0.0,0.0
2025-11-07 00:00:00-05:00,12.469465037949085,12.675973018790586,12.380962136196343,12.609357833862305,126100,0.0,0.0
2025-11-10 00:00:00-05:00,12.609357607964817,12.943386468640805,12.54274242422995,12.866303443908691,204600,0.0,0.0
2025-11-11 00:00:00-05:00,12.923401610602484,13.289786927683988,12.923401610602484,13.170830726623535,132900,0.0,0.0
2025-11-12 00:00:00-05:00,13.028082817860618,13.246962701039473,12.951950921336788,13.104215621948242,110600,0.0,0.0
2025-11-13 00:00:00-05:00,13.227929197007695,13.40874313088416,13.037599456793357,13.180347442626953,255100,0.0,0.0
2025-11-14 00:00:00-05:00,13.16082026997528,13.297505686798369,12.858160967779252,13.238926887512207,99200,0.35,0.0
2025-11-17 00:00:00-05:00,13.11200483937825,13.238926811897647,12.838634007293441,13.063188552856445,148300,0.0,0.0
2025-11-18 00:00:00-05:00,12.955793074771822,13.170583239209618,12.906976789729343,13.014371871948242,241600,0.0,0.0
2025-11-19 00:00:00-05:00,13.014372380166785,13.024135823775188,12.54573826008223,12.78981876373291,241700,0.0,0.0
2025-11-20 00:00:00-05:00,12.819108245004395,12.985083063030046,12.496922052623603,12.58479118347168,244200,0.0,0.0
2025-11-21 00:00:00-05:00,12.682422066402468,12.692185509487514,12.330946495179436,12.350472450256348,354600,0.0,0.0
2025-11-24 00:00:00-05:00,12.330947156483912,12.330947156483912,11.901364948635345,12.096630096435547,534100,0.0,0.0
2025-11-25 00:00:00-05:00,11.989233916773472,12.067339602399887,11.56941608930479,11.813496589660645,436600,0.0,0.0
2025-11-26 00:00:00-05:00,11.881838918681053,12.062457968852728,11.735390989834116,11.920891761779785,1005800,0.0,0.0
2025-11-28 00:00:00-05:00,11.91112820827787,12.252841280557268,11.908198989021868,12.19426155090332,144800,0.0,0.0
2025-12-01 00:00:00-05:00,12.135682357947742,12.291893723823971,12.10639202852606,12.145444869995117,150000,0.0,0.0
2025-12-02 00:00:00-05:00,12.233314752903604,12.399289572188641,12.067339933618566,12.311420440673828,147300,0.0,0.0
2025-12-03 00:00:00-05:00,12.301657843140418,12.418816373987356,12.164972424939041,12.204025268554688,285000,0.0,0.0
2025-12-04 00:00:00-05:00,12.213788747146952,12.301657878306651,12.10639272857699,12.135683059692383,192900,0.0,0.0
2025-12-05 00:00:00-05:00,12.106392421969005,12.350472921856229,12.106392421969005,12.19426155090332,497300,0.0,0.0
2025-12-08 00:00:00-05:00,12.213788844329967,12.27529686419387,11.754917228563285,11.862312316894531,288700,0.0,0.0
2025-12-09 00:00:00-05:00,11.862311546964031,11.891601876411375,11.61823105479528,11.764679908752441,465400,0.0,0.0
2025-12-10 00:00:00-05:00,11.764680226087348,11.80861479035025,11.627994811592414,11.637758255004883,221700,0.0,0.0
2025-12-11 00:00:00-05:00,11.627994537353516,11.764679948624812,11.501072569264425,11.627994537353516,289700,0.0,0.0
2025-12-12 00:00:00-05:00,11.647521332327594,11.704147626372333,11.383913955035558,11.520599365234375,224400,0.0,0.0
2025-12-15 00:00:00-05:00,11.442493573803523,11.525480977225856,10.99338543724027,11.032438278198242,368500,0.0,0.0
2025-12-16 00:00:00-05:00,11.130069984475982,11.130069984475982,10.378302558572223,10.827410697937012,693100,0.0,0.0
2025-12-17 00:00:00-05:00,10.83717494072171,11.081255449016403,10.710252964677279,10.856700897216797,273400,0.0,0.0
2025-12-18 00:00:00-05:00,10.837174125572698,10.866463523658867,10.436881339960237,10.44664478302002,478900,0.0,0.0
2025-12-19 00:00:00-05:00,10.456408654351717,10.602856581873926,10.261144440624365,10.427119255065918,398300,0.0,0.0
2025-12-22 00:00:00-05:00,10.446644935929433,10.563803461082154,10.34413157558075,10.41735553741455,363300,0.0,0.0
2025-12-23 00:00:00-05:00,10.39782868252729,10.505224695896052,10.300197043484008,10.349013328552246,222000,0.0,0.0
2025-12-24 00:00:00-05:00,10.339250528744858,10.436882173863882,10.231854508692702,10.4075927734375,191600,0.0,0.0
2025-12-26 00:00:00-05:00,10.36853984545923,10.39782924564914,10.280670713796257,10.30019760131836,244700,0.0,0.0
2025-12-29 00:00:00-05:00,10.280670440165805,10.397828968900395,10.192801310841558,10.290433883666992,483300,0.0,0.0
2025-12-30 00:00:00-05:00,10.27090789458209,10.456408665039373,10.261144451112438,10.358776092529297,672800,0.0,0.0
2025-12-31 00:00:00-05:00,10.30019701226183,10.446644935929433,10.153748157501036,10.41735553741455,345100,0.0,0.0
2026-01-02 00:00:00-05:00,10.446644954077357,10.798121461239296,10.397828669072288,10.729778289794922,104900,0.0,0.0
2026-01-05 00:00:00-05:00,10.82741087381595,10.842055107571184,10.207446194963676,10.349013328552246,225100,0.0,0.0
2026-01-06 00:00:00-05:00,10.349013780788137,10.412474302384737,10.065880432331703,10.192801475524902,176600,0.0,0.0
2026-01-07 00:00:00-05:00,10.241617599104588,10.339250171947661,9.880378569334365,9.90966796875,204400,0.0,0.0
2026-01-08 00:00:00-05:00,9.929195048283486,10.261144685074594,9.880378760915399,10.124459266662598,205200,0.0,0.0
2026-01-09 00:00:00-05:00,10.251380920410156,10.372444452686716,10.007300422305152,10.251380920410156,202000,0.0,0.0
2026-01-12 00:00:00-05:00,10.300197360883407,10.446645289507703,10.100051423920034,10.222091674804688,102400,0.0,0.0
2026-01-13 00:00:00-05:00,10.31972329192278,10.676081531275813,10.31972329192278,10.602856636047363,132400,0.0,0.0
2026-01-14 00:00:00-05:00,10.641909837298098,10.98264620607091,10.641909837298098,10.720015525817871,208200,0.0,0.0
2026-01-15 00:00:00-05:00,10.720014919794455,10.720014919794455,10.478863643399743,10.524750709533691,71900,0.0,0.0
2026-01-16 00:00:00-05:00,10.505225147067163,10.729778764494558,10.427119460040831,10.573567390441895,104900,0.0,0.0
2026-01-20 00:00:00-05:00,10.749305085176522,10.993385577041057,10.559898385129786,10.622383117675781,185300,0.0,0.0
2026-01-21 00:00:00-05:00,10.788358414281394,10.993386073958893,10.632147041402007,10.778594970703125,233700,0.0,0.0
2026-01-22 00:00:00-05:00,10.788357977913378,10.905516502834084,10.778594534730022,10.866463661193848,299200,0.0,0.0
2026-01-23 00:00:00-05:00,11.02267556071864,11.188650378488084,10.876227630260066,10.885990142822266,248700,0.0,0.0
2026-01-26 00:00:00-05:00,11.03243848994434,11.217939255281733,10.83717428140677,11.178886413574219,239900,0.0,0.0
2026-01-27 00:00:00-05:00,11.296045542270008,11.598705779994953,11.089065377051448,11.374151229858398,623200,0.0,0.0
2026-01-28 00:00:00-05:00,11.481546523905168,11.667047287445607,11.198413191495119,11.520599365234375,280800,0.0,0.0
2026-01-29 00:00:00-05:00,11.715863907252269,12.077102932661361,11.569415980848898,11.706100463867188,253300,0.0,0.0
2026-01-30 00:00:00-05:00,11.81349672113666,11.881838964047072,11.618231573804236,11.78420639038086,173200,0.0,0.0
2026-02-02 00:00:00-05:00,11.735390466401475,11.822282875479182,11.403440849321566,11.452256202697754,141500,0.0,0.0
2026-02-03 00:00:00-05:00,11.491310026496038,11.872074998653561,11.422966855496258,11.69633674621582,151000,0.0,0.0
2026-02-04 00:00:00-05:00,11.872075441676062,12.077103100139915,11.750035190949799,11.98923397064209,146100,0.0,0.0
2026-02-05 00:00:00-05:00,12.038049923445856,12.086866208601775,11.715863744947262,11.803732872009277,190800,0.0,0.0
2026-02-06 00:00:00-05:00,11.745153701062167,11.881839119767582,11.676811457256077,11.75491714477539,84700,0.0,0.0
2026-02-09 00:00:00-05:00,11.706100082347655,12.350472427270546,11.706100082347655,12.038049697875977,129000,0.0,0.0
2026-02-10 00:00:00-05:00,12.057577253094152,12.3114202692666,12.057577253094152,12.096630096435547,277300,0.0,0.0
2026-02-11 00:00:00-05:00,12.428578759472781,12.633606419131551,12.272367386607666,12.545738220214844,239000,0.0,0.0
2026-02-12 00:00:00-05:00,12.555500411232707,12.555500411232707,12.29189395904541,12.29189395904541,142100,0.0,0.0
2026-02-13 00:00:00-05:00,12.21378879650767,12.506685591192632,12.21378879650767,12.311420440673828,170500,0.0,0.0
2026-02-17 00:00:00-05:00,12.399289451582364,12.413934617056794,12.06733981624112,12.272367477416992,113500,0.0,0.0
2026-02-18 00:00:00-05:00,12.321183522575861,12.369999808771949,12.057577066866132,12.19426155090332,141500,0.0,0.0
2026-02-19 00:00:00-05:00,12.340710771907593,12.485206201173185,12.233314752903604,12.311420440673828,137400,0.0,0.0
2026-02-20 00:00:00-05:00,12.311420035455777,12.473489844345911,12.213788394503066,12.330946922302246,213400,0.0,0.0
2026-02-23 00:00:00-05:00,12.526211378893436,12.643369908970955,12.204025188406952,12.409052848815918,177300,0.0,0.0
2026-02-24 00:00:00-05:00,12.40905272853973,12.457869015038847,12.262604800135602,12.369999885559082,101700,0.0,0.0
2026-02-25 00:00:00-05:00,12.37000020757598,12.380739437069927,12.204025387814248,12.243078231811523,122900,0.0,0.0
2026-02-26 00:00:00-05:00,12.204024863476803,12.45786880409949,12.116155735484858,12.223551750183105,95200,0.0,0.0
2026-02-27 00:00:00-05:00,12.164972021157405,12.467632247452642,12.106392292131707,12.223551750183105,201600,0.0,0.0
2026-03-02 00:00:00-05:00,12.692186282800595,12.838634213626385,12.301657846536333,12.516448020935059,260000,0.0,0.0
2026-03-03 00:00:00-05:00,12.731238467281367,12.848396992094893,12.409052291270871,12.457868576049805,240600,0.0,0.0
2026-03-04 00:00:00-05:00,12.39928891988002,12.555500287202415,12.252840995788574,12.252840995788574,216300,0.0,0.0
2026-03-05 00:00:00-05:00,12.370000005456744,12.487158535534263,12.252841475379226,12.409052848815918,221300,0.0,0.0
2026-03-06 00:00:00-05:00,12.54573774292139,12.692185666637624,12.301657249332203,12.321183204650879,625700,0.0,0.0
2026-03-09 00:00:00-04:00,12.369999885559082,12.609198665202207,12.311420155541498,12.369999885559082,301500,0.0,0.0
2026-03-10 00:00:00-04:00,12.229999542236328,12.390000343322754,12.109999656677246,12.34000015258789,251300,0.3,0.0
2026-03-11 00:00:00-04:00,12.550000190734863,12.550000190734863,12.25,12.34000015258789,137600,0.0,0.0
2026-03-12 00:00:00-04:00,12.4399995803833,12.550000190734863,12.109999656677246,12.239999771118164,169300,0.0,0.0
2026-03-13 00:00:00-04:00,12.100000381469727,12.430000305175781,12.100000381469727,12.359999656677246,158400,0.0,0.0
2026-03-16 00:00:00-04:00,12.319999694824219,12.710000038146973,12.100000381469727,12.529999732971191,239300,0.0,0.0
2026-03-17 00:00:00-04:00,12.600000381469727,12.640000343322754,12.270000457763672,12.34000015258789,136400,0.0,0.0
2026-03-18 00:00:00-04:00,12.550000190734863,12.614999771118164,12.25,12.3100004196167,225500,0.0,0.0
2026-03-19 00:00:00-04:00,12.649999618530273,12.65999984741211,12.480999946594238,12.5600004196167,334000,0.0,0.0
2026-03-20 00:00:00-04:00,12.739999771118164,12.899999618530273,12.609999656677246,12.770000457763672,582700,0.0,0.0
2026-03-23 00:00:00-04:00,12.59000015258789,12.930000305175781,12.463000297546387,12.739999771118164,434800,0.0,0.0
2026-03-24 00:00:00-04:00,12.779999732971191,13.289999961853027,12.779999732971191,13.020000457763672,144800,0.0,0.0
2026-03-25 00:00:00-04:00,12.920000076293945,12.989999771118164,12.75,12.880000114440918,215200,0.0,0.0
2026-03-26 00:00:00-04:00,12.880000114440918,13.140000343322754,12.829999923706055,13.100000381469727,516300,0.0,0.0
2026-03-27 00:00:00-04:00,13.25,13.380000114440918,13.0600004196167,13.140000343322754,99400,0.0,0.0
2026-03-30 00:00:00-04:00,13.260000228881836,13.260000228881836,12.77400016784668,12.90999984741211,266700,0.0,0.0
2026-03-31 00:00:00-04:00,12.949999809265137,13.119999885559082,12.520000457763672,12.579999923706055,182100,0.0,0.0
2026-04-01 00:00:00-04:00,12.25,12.5600004196167,12.050000190734863,12.380000114440918,186400,0.0,0.0
2026-04-02 00:00:00-04:00,12.5,13.069999694824219,12.399999618530273,12.520000457763672,85900,0.0,0.0
2026-04-06 00:00:00-04:00,12.539999961853027,12.699999809265137,12.5,12.579999923706055,68000,0.0,0.0
2026-04-07 00:00:00-04:00,12.699999809265137,12.875,12.619999885559082,12.8100004196167,403000,0.0,0.0
2026-04-08 00:00:00-04:00,12.359999656677246,12.640000343322754,12.149999618530273,12.5,190700,0.0,0.0
2026-04-09 00:00:00-04:00,12.649999618530273,12.649999618530273,12.300000190734863,12.34000015258789,31300,0.0,0.0
2026-04-10 00:00:00-04:00,12.329999923706055,12.479999542236328,12.199999809265137,12.199999809265137,98100,0.0,0.0
2026-04-13 00:00:00-04:00,12.300000190734863,12.550000190734863,12.149999618530273,12.15999984741211,205500,0.0,0.0
2026-04-14 00:00:00-04:00,12.239999771118164,12.387999534606934,11.789999961853027,11.920000076293945,157000,0.0,0.0
2026-04-15 00:00:00-04:00,11.9399995803833,12.279999732971191,11.72599983215332,11.899999618530273,70900,0.0,0.0
2026-04-16 00:00:00-04:00,11.890000343322754,12.015999794006348,11.744999885559082,11.819999694824219,92600,0.0,0.0
2026-04-17 00:00:00-04:00,11.819999694824219,11.819999694824219,11.3100004196167,11.5,205700,0.0,0.0
2026-04-20 00:00:00-04:00,11.59000015258789,11.729999542236328,11.489999771118164,11.720000267028809,153100,0.0,0.0
2026-04-21 00:00:00-04:00,11.779999732971191,11.946999549865723,11.710000038146973,11.899999618530273,81000,0.0,0.0
2026-04-22 00:00:00-04:00,11.800000190734863,12.15999984741211,11.800000190734863,12.109999656677246,78300,0.0,0.0
2026-04-23 00:00:00-04:00,12.140000343322754,12.380000114440918,12.140000343322754,12.229999542236328,250100,0.0,0.0
2026-04-24 00:00:00-04:00,12.229999542236328,12.449999809265137,12.156000137329102,12.289999961853027,336100,0.0,0.0
2026-04-27 00:00:00-04:00,12.380000114440918,12.5,12.229999542236328,12.229999542236328,78000,0.0,0.0
