Date,Open,High,Low,Close,Volume,Dividends,Stock Splits
2022-01-03 00:00:00-05:00,23.31999969482422,23.649999618530273,22.520000457763672,22.670000076293945,332800,0.0,0.0
2022-01-04 00:00:00-05:00,22.799999237060547,23.200000762939453,22.549999237060547,22.84000015258789,243100,0.0,0.0
2022-01-05 00:00:00-05:00,22.899999618530273,23.360000610351562,22.469999313354492,22.610000610351562,364700,0.0,0.0
2022-01-06 00:00:00-05:00,22.520000457763672,22.610000610351562,21.780000686645508,21.979999542236328,345800,0.0,0.0
2022-01-07 00:00:00-05:00,21.90999984741211,22.059999465942383,20.90999984741211,20.969999313354492,470100,0.0,0.0
2022-01-10 00:00:00-05:00,20.8700008392334,21.31999969482422,20.450000762939453,21.100000381469727,376800,0.0,0.0
2022-01-11 00:00:00-05:00,21.0,21.65999984741211,20.719999313354492,21.530000686645508,264400,0.0,0.0
2022-01-12 00:00:00-05:00,21.649999618530273,21.8700008392334,21.260000228881836,21.329999923706055,295200,0.0,0.0
2022-01-13 00:00:00-05:00,21.969999313354492,22.5,21.6299991607666,21.81999969482422,365100,0.0,0.0
2022-01-14 00:00:00-05:00,21.600000381469727,22.040000915527344,21.350000381469727,21.8799991607666,414800,0.0,0.0
2022-01-18 00:00:00-05:00,21.520000457763672,21.579999923706055,20.149999618530273,20.329999923706055,637400,0.0,0.0
2022-01-19 00:00:00-05:00,20.190000534057617,20.350000381469727,19.420000076293945,19.420000076293945,402300,0.0,0.0
2022-01-20 00:00:00-05:00,19.579999923706055,19.90999984741211,18.899999618530273,18.93000030517578,471900,0.0,0.0
2022-01-21 00:00:00-05:00,18.729999542236328,19.450000762939453,18.59000015258789,18.719999313354492,492300,0.0,0.0
2022-01-24 00:00:00-05:00,18.149999618530273,19.1299991607666,17.979999542236328,19.1200008392334,767000,0.0,0.0
2022-01-25 00:00:00-05:00,18.829999923706055,19.290000915527344,18.309999465942383,19.1200008392334,524900,0.0,0.0
2022-01-26 00:00:00-05:00,19.450000762939453,19.6299991607666,18.100000381469727,18.350000381469727,569500,0.0,0.0
2022-01-27 00:00:00-05:00,18.530000686645508,18.760000228881836,17.899999618530273,18.170000076293945,522100,0.0,0.0
2022-01-28 00:00:00-05:00,18.8799991607666,19.0,17.079999923706055,17.780000686645508,1113500,0.0,0.0
2022-01-31 00:00:00-05:00,17.600000381469727,18.270000457763672,17.34000015258789,18.239999771118164,715700,0.0,0.0
2022-02-01 00:00:00-05:00,18.280000686645508,18.469999313354492,17.579999923706055,18.010000228881836,535100,0.0,0.0
2022-02-02 00:00:00-05:00,18.15999984741211,18.530000686645508,18.010000228881836,18.3700008392334,407000,0.0,0.0
2022-02-03 00:00:00-05:00,18.200000762939453,18.3700008392334,18.0,18.110000610351562,300000,0.0,0.0
2022-02-04 00:00:00-05:00,17.90999984741211,17.950000762939453,16.889999389648438,16.989999771118164,580000,0.0,0.0
2022-02-07 00:00:00-05:00,17.139999389648438,17.40999984741211,16.81999969482422,17.0,330800,0.0,0.0
2022-02-08 00:00:00-05:00,16.989999771118164,17.239999771118164,16.809999465942383,17.149999618530273,353700,0.0,0.0
2022-02-09 00:00:00-05:00,17.360000610351562,17.729999542236328,17.309999465942383,17.579999923706055,411800,0.0,0.0
2022-02-10 00:00:00-05:00,17.100000381469727,17.579999923706055,16.610000610351562,16.719999313354492,545900,0.0,0.0
2022-02-11 00:00:00-05:00,16.809999465942383,17.040000915527344,16.420000076293945,16.520000457763672,341700,0.0,0.0
2022-02-14 00:00:00-05:00,16.5,16.799999237060547,16.3700008392334,16.479999542236328,324500,0.0,0.0
2022-02-15 00:00:00-05:00,16.709999084472656,17.020000457763672,16.690000534057617,16.920000076293945,270900,0.0,0.0
2022-02-16 00:00:00-05:00,16.8799991607666,16.989999771118164,16.600000381469727,16.829999923706055,250000,0.0,0.0
2022-02-17 00:00:00-05:00,16.690000534057617,16.690000534057617,16.030000686645508,16.06999969482422,353700,0.0,0.0
2022-02-18 00:00:00-05:00,16.110000610351562,16.360000610351562,15.800000190734863,16.190000534057617,378300,0.0,0.0
2022-02-22 00:00:00-05:00,16.0,16.139999389648438,15.40999984741211,15.550000190734863,362300,0.0,0.0
2022-02-23 00:00:00-05:00,15.670000076293945,15.850000381469727,15.010000228881836,15.09000015258789,374400,0.0,0.0
2022-02-24 00:00:00-05:00,14.510000228881836,15.640000343322754,14.380000114440918,15.609999656677246,587200,0.0,0.0
2022-02-25 00:00:00-05:00,15.65999984741211,16.459999084472656,15.460000038146973,16.43000030517578,432300,0.0,0.0
2022-02-28 00:00:00-05:00,16.229999542236328,16.469999313354492,16.040000915527344,16.3700008392334,358200,0.0,0.0
2022-03-01 00:00:00-05:00,16.229999542236328,16.75,16.229999542236328,16.520000457763672,254900,0.0,0.0
2022-03-02 00:00:00-05:00,16.68000030517578,17.3700008392334,16.65999984741211,17.18000030517578,357500,0.0,0.0
2022-03-03 00:00:00-05:00,17.3799991607666,17.5,16.6299991607666,16.780000686645508,223400,0.0,0.0
2022-03-04 00:00:00-05:00,16.559999465942383,16.8700008392334,16.329999923706055,16.850000381469727,325900,0.0,0.0
2022-03-07 00:00:00-05:00,16.809999465942383,16.969999313354492,15.670000076293945,15.680000305175781,406400,0.0,0.0
2022-03-08 00:00:00-05:00,15.710000038146973,16.649999618530273,15.529999732971191,16.190000534057617,493300,0.0,0.0
2022-03-09 00:00:00-05:00,16.610000610351562,17.030000686645508,16.559999465942383,16.579999923706055,222600,0.0,0.0
2022-03-10 00:00:00-05:00,16.209999084472656,16.709999084472656,16.030000686645508,16.68000030517578,186900,0.0,0.0
2022-03-11 00:00:00-05:00,16.780000686645508,16.899999618530273,16.200000762939453,16.209999084472656,269900,0.0,0.0
2022-03-14 00:00:00-04:00,16.209999084472656,16.209999084472656,15.5,15.75,298400,0.0,0.0
2022-03-15 00:00:00-04:00,15.800000190734863,16.420000076293945,15.760000228881836,16.350000381469727,250300,0.0,0.0
2022-03-16 00:00:00-04:00,16.6200008392334,16.850000381469727,16.1200008392334,16.639999389648438,267000,0.0,0.0
2022-03-17 00:00:00-04:00,16.639999389648438,16.899999618530273,16.399999618530273,16.889999389648438,191100,0.0,0.0
2022-03-18 00:00:00-04:00,16.8700008392334,17.229999542236328,16.530000686645508,17.18000030517578,422300,0.0,0.0
2022-03-21 00:00:00-04:00,17.18000030517578,17.18000030517578,16.280000686645508,16.450000762939453,353000,0.0,0.0
2022-03-22 00:00:00-04:00,16.549999237060547,16.780000686645508,16.360000610351562,16.530000686645508,301200,0.0,0.0
2022-03-23 00:00:00-04:00,16.3799991607666,16.3799991607666,15.680000305175781,15.84000015258789,571400,0.0,0.0
2022-03-24 00:00:00-04:00,15.800000190734863,16.270000457763672,15.350000381469727,16.190000534057617,519800,0.0,0.0
2022-03-25 00:00:00-04:00,16.270000457763672,16.350000381469727,15.680000305175781,15.899999618530273,332500,0.0,0.0
2022-03-28 00:00:00-04:00,15.880000114440918,16.010000228881836,15.59000015258789,16.0,320800,0.0,0.0
2022-03-29 00:00:00-04:00,16.260000228881836,16.75,16.200000762939453,16.459999084472656,285800,0.0,0.0
2022-03-30 00:00:00-04:00,16.31999969482422,16.350000381469727,15.640000343322754,15.710000038146973,322700,0.0,0.0
2022-03-31 00:00:00-04:00,15.680000305175781,15.770000457763672,15.210000038146973,15.220000267028809,517600,0.0,0.0
2022-04-01 00:00:00-04:00,15.430000305175781,15.600000381469727,15.289999961853027,15.529999732971191,240300,0.0,0.0
2022-04-04 00:00:00-04:00,15.59000015258789,15.930000305175781,15.5,15.729999542236328,335400,0.0,0.0
2022-04-05 00:00:00-04:00,15.760000228881836,15.960000038146973,14.979999542236328,15.130000114440918,411800,0.0,0.0
2022-04-06 00:00:00-04:00,14.930000305175781,14.970000267028809,14.460000038146973,14.489999771118164,388200,0.0,0.0
2022-04-07 00:00:00-04:00,14.489999771118164,14.649999618530273,13.779999732971191,14.109999656677246,451600,0.0,0.0
2022-04-08 00:00:00-04:00,14.210000038146973,14.640000343322754,14.079999923706055,14.319999694824219,363800,0.0,0.0
2022-04-11 00:00:00-04:00,14.210000038146973,14.979999542236328,14.210000038146973,14.720000267028809,406600,0.0,0.0
2022-04-12 00:00:00-04:00,14.989999771118164,15.5,14.729999542236328,14.75,281800,0.0,0.0
2022-04-13 00:00:00-04:00,14.75,15.380000114440918,14.75,15.229999542236328,205200,0.0,0.0
2022-04-14 00:00:00-04:00,15.300000190734863,15.569999694824219,14.880000114440918,14.920000076293945,221000,0.0,0.0
2022-04-18 00:00:00-04:00,14.829999923706055,15.15999984741211,14.739999771118164,15.0,205600,0.0,0.0
2022-04-19 00:00:00-04:00,15.039999961853027,15.779999732971191,15.039999961853027,15.59000015258789,225800,0.0,0.0
2022-04-20 00:00:00-04:00,15.739999771118164,16.0,15.529999732971191,15.539999961853027,183900,0.0,0.0
2022-04-21 00:00:00-04:00,15.8100004196167,15.90999984741211,15.199999809265137,15.449999809265137,340100,0.0,0.0
2022-04-22 00:00:00-04:00,15.319999694824219,15.380000114440918,14.850000381469727,14.90999984741211,200900,0.0,0.0
2022-04-25 00:00:00-04:00,14.760000228881836,15.640000343322754,14.449999809265137,15.59000015258789,332100,0.0,0.0
2022-04-26 00:00:00-04:00,15.420000076293945,15.729999542236328,15.09000015258789,15.100000381469727,266500,0.0,0.0
2022-04-27 00:00:00-04:00,15.100000381469727,15.220000267028809,14.579999923706055,14.789999961853027,312100,0.0,0.0
2022-04-28 00:00:00-04:00,15.050000190734863,15.59000015258789,14.579999923706055,15.40999984741211,493200,0.0,0.0
2022-04-29 00:00:00-04:00,16.25,16.389999389648438,15.0,15.079999923706055,622500,0.0,0.0
2022-05-02 00:00:00-04:00,15.180000305175781,15.369999885559082,14.84000015258789,15.279999732971191,548700,0.0,0.0
2022-05-03 00:00:00-04:00,15.199999809265137,15.65999984741211,15.050000190734863,15.510000228881836,427300,0.0,0.0
2022-05-04 00:00:00-04:00,15.609999656677246,16.559999465942383,15.25,16.469999313354492,487600,0.0,0.0
2022-05-05 00:00:00-04:00,16.100000381469727,16.3700008392334,15.039999961853027,15.380000114440918,497100,0.0,0.0
2022-05-06 00:00:00-04:00,15.260000228881836,15.460000038146973,14.75,14.949999809265137,313900,0.0,0.0
2022-05-09 00:00:00-04:00,14.65999984741211,15.260000228881836,14.449999809265137,14.600000381469727,417000,0.0,0.0
2022-05-10 00:00:00-04:00,15.220000267028809,15.279999732971191,14.15999984741211,14.390000343322754,452800,0.0,0.0
2022-05-11 00:00:00-04:00,14.899999618530273,15.020000457763672,14.0600004196167,14.199999809265137,669900,0.0,0.0
2022-05-12 00:00:00-04:00,14.09000015258789,15.520000457763672,14.069999694824219,15.430000305175781,590500,0.0,0.0
2022-05-13 00:00:00-04:00,15.5,16.030000686645508,15.199999809265137,15.920000076293945,397800,0.0,0.0
2022-05-16 00:00:00-04:00,15.920000076293945,15.920000076293945,15.359999656677246,15.609999656677246,245300,0.0,0.0
2022-05-17 00:00:00-04:00,15.9399995803833,16.1200008392334,15.40999984741211,16.059999465942383,309000,0.0,0.0
2022-05-18 00:00:00-04:00,15.739999771118164,15.739999771118164,14.680000305175781,14.8100004196167,358100,0.0,0.0
2022-05-19 00:00:00-04:00,14.619999885559082,15.369999885559082,14.619999885559082,15.029999732971191,423800,0.0,0.0
2022-05-20 00:00:00-04:00,15.229999542236328,15.399999618530273,14.600000381469727,15.220000267028809,327200,0.0,0.0
2022-05-23 00:00:00-04:00,15.329999923706055,15.34000015258789,14.699999809265137,14.770000457763672,337000,0.0,0.0
2022-05-24 00:00:00-04:00,14.619999885559082,14.640000343322754,13.949999809265137,14.460000038146973,520800,0.0,0.0
2022-05-25 00:00:00-04:00,14.40999984741211,15.069999694824219,14.40999984741211,14.920000076293945,306100,0.0,0.0
2022-05-26 00:00:00-04:00,15.020000457763672,15.630000114440918,15.020000457763672,15.479999542236328,382900,0.0,0.0
2022-05-27 00:00:00-04:00,15.630000114440918,16.010000228881836,15.460000038146973,16.0,333600,0.0,0.0
2022-05-31 00:00:00-04:00,15.829999923706055,16.25,15.569999694824219,16.209999084472656,462000,0.0,0.0
2022-06-01 00:00:00-04:00,16.389999389648438,16.469999313354492,15.949999809265137,16.309999465942383,362200,0.0,0.0
2022-06-02 00:00:00-04:00,16.40999984741211,16.770000457763672,16.200000762939453,16.469999313354492,399500,0.0,0.0
2022-06-03 00:00:00-04:00,16.229999542236328,16.540000915527344,16.170000076293945,16.440000534057617,350400,0.0,0.0
2022-06-06 00:00:00-04:00,16.709999084472656,16.770000457763672,16.280000686645508,16.350000381469727,372900,0.0,0.0
2022-06-07 00:00:00-04:00,16.1200008392334,16.479999542236328,15.739999771118164,16.260000228881836,357500,0.0,0.0
2022-06-08 00:00:00-04:00,16.06999969482422,16.200000762939453,15.800000190734863,16.0,430100,0.0,0.0
2022-06-09 00:00:00-04:00,15.930000305175781,16.309999465942383,15.90999984741211,16.110000610351562,272800,0.0,0.0
2022-06-10 00:00:00-04:00,15.760000228881836,15.880000114440918,14.779999732971191,15.0,523100,0.0,0.0
2022-06-13 00:00:00-04:00,14.489999771118164,14.539999961853027,13.079999923706055,13.210000038146973,849200,0.0,0.0
2022-06-14 00:00:00-04:00,13.15999984741211,13.279999732971191,12.890000343322754,13.130000114440918,507300,0.0,0.0
2022-06-15 00:00:00-04:00,13.300000190734863,13.3100004196167,12.350000381469727,12.819999694824219,729100,0.0,0.0
2022-06-16 00:00:00-04:00,12.300000190734863,12.300000190734863,10.489999771118164,10.649999618530273,1263800,0.0,0.0
2022-06-17 00:00:00-04:00,10.65999984741211,10.699999809265137,10.09000015258789,10.609999656677246,1002400,0.0,0.0
2022-06-21 00:00:00-04:00,10.800000190734863,11.220000267028809,10.520000457763672,10.710000038146973,570100,0.0,0.0
2022-06-22 00:00:00-04:00,10.5600004196167,11.329999923706055,10.550000190734863,11.140000343322754,591300,0.0,0.0
2022-06-23 00:00:00-04:00,11.25,12.0600004196167,11.25,11.960000038146973,655000,0.0,0.0
2022-06-24 00:00:00-04:00,12.09000015258789,12.739999771118164,12.039999961853027,12.4399995803833,714300,0.0,0.0
2022-06-27 00:00:00-04:00,12.529999732971191,12.970000267028809,12.430000305175781,12.5,397800,0.0,0.0
2022-06-28 00:00:00-04:00,12.569999694824219,12.819999694824219,12.020000457763672,12.050000190734863,445800,0.0,0.0
2022-06-29 00:00:00-04:00,12.119999885559082,12.119999885559082,11.75,11.920000076293945,315600,0.0,0.0
2022-06-30 00:00:00-04:00,11.609999656677246,12.140000343322754,11.520000457763672,12.069999694824219,374000,0.0,0.0
2022-07-01 00:00:00-04:00,12.119999885559082,12.6899995803833,12.119999885559082,12.600000381469727,315400,0.0,0.0
2022-07-05 00:00:00-04:00,12.199999809265137,12.970000267028809,12.199999809265137,12.9399995803833,363700,0.0,0.0
2022-07-06 00:00:00-04:00,12.989999771118164,13.239999771118164,12.390000343322754,12.710000038146973,309300,0.0,0.0
2022-07-07 00:00:00-04:00,12.819999694824219,13.010000228881836,12.619999885559082,12.970000267028809,264200,0.0,0.0
2022-07-08 00:00:00-04:00,12.800000190734863,13.329999923706055,12.800000190734863,13.180000305175781,245300,0.0,0.0
2022-07-11 00:00:00-04:00,13.09000015258789,13.489999771118164,13.029999732971191,13.100000381469727,331900,0.0,0.0
2022-07-12 00:00:00-04:00,13.0,13.479999542236328,12.899999618530273,13.130000114440918,365100,0.0,0.0
2022-07-13 00:00:00-04:00,12.800000190734863,13.34000015258789,12.430000305175781,13.289999961853027,252900,0.0,0.0
2022-07-14 00:00:00-04:00,13.0600004196167,13.1899995803833,12.789999961853027,13.130000114440918,186900,0.0,0.0
2022-07-15 00:00:00-04:00,13.479999542236328,13.479999542236328,12.880000114440918,13.270000457763672,242700,0.0,0.0
2022-07-18 00:00:00-04:00,13.489999771118164,13.720000267028809,13.220000267028809,13.329999923706055,300800,0.0,0.0
2022-07-19 00:00:00-04:00,13.65999984741211,14.329999923706055,13.5600004196167,14.199999809265137,422400,0.0,0.0
2022-07-20 00:00:00-04:00,14.119999885559082,14.380000114440918,13.930000305175781,14.380000114440918,248700,0.0,0.0
2022-07-21 00:00:00-04:00,14.319999694824219,14.819999694824219,13.9399995803833,14.739999771118164,424100,0.0,0.0
2022-07-22 00:00:00-04:00,14.710000038146973,15.399999618530273,14.710000038146973,15.15999984741211,422200,0.0,0.0
2022-07-25 00:00:00-04:00,15.069999694824219,15.069999694824219,14.649999618530273,14.75,424800,0.0,0.0
2022-07-26 00:00:00-04:00,14.640000343322754,14.850000381469727,14.5,14.720000267028809,405300,0.0,0.0
2022-07-27 00:00:00-04:00,14.960000038146973,15.449999809265137,14.640000343322754,15.319999694824219,318900,0.0,0.0
2022-07-28 00:00:00-04:00,15.359999656677246,15.59000015258789,14.9399995803833,15.300000190734863,341900,0.0,0.0
2022-07-29 00:00:00-04:00,14.699999809265137,15.359999656677246,14.180000305175781,14.75,551600,0.0,0.0
2022-08-01 00:00:00-04:00,14.609999656677246,15.050000190734863,14.300000190734863,14.699999809265137,514100,0.0,0.0
2022-08-02 00:00:00-04:00,14.510000228881836,14.899999618530273,14.279999732971191,14.289999961853027,354200,0.0,0.0
2022-08-03 00:00:00-04:00,14.420000076293945,14.779999732971191,14.1899995803833,14.59000015258789,311200,0.0,0.0
2022-08-04 00:00:00-04:00,14.510000228881836,15.229999542236328,14.510000228881836,15.140000343322754,339100,0.0,0.0
2022-08-05 00:00:00-04:00,14.729999542236328,15.220000267028809,14.699999809265137,15.050000190734863,209900,0.0,0.0
2022-08-08 00:00:00-04:00,15.140000343322754,15.550000190734863,15.079999923706055,15.4399995803833,191800,0.0,0.0
2022-08-09 00:00:00-04:00,15.239999771118164,15.270000457763672,14.869999885559082,15.029999732971191,240100,0.0,0.0
2022-08-10 00:00:00-04:00,15.479999542236328,16.020000457763672,15.470000267028809,15.739999771118164,277900,0.0,0.0
2022-08-11 00:00:00-04:00,15.90999984741211,16.100000381469727,15.579999923706055,15.680000305175781,198300,0.0,0.0
2022-08-12 00:00:00-04:00,15.739999771118164,16.09000015258789,15.640000343322754,16.079999923706055,178100,0.0,0.0
2022-08-15 00:00:00-04:00,15.90999984741211,16.110000610351562,15.739999771118164,15.989999771118164,262800,0.0,0.0
2022-08-16 00:00:00-04:00,15.979999542236328,16.389999389648438,15.670000076293945,16.25,270100,0.0,0.0
2022-08-17 00:00:00-04:00,15.949999809265137,15.970000267028809,15.569999694824219,15.600000381469727,270600,0.0,0.0
2022-08-18 00:00:00-04:00,15.470000267028809,15.789999961853027,15.449999809265137,15.710000038146973,165000,0.0,0.0
2022-08-19 00:00:00-04:00,15.470000267028809,15.609999656677246,14.949999809265137,15.020000457763672,313400,0.0,0.0
2022-08-22 00:00:00-04:00,14.699999809265137,14.829999923706055,14.449999809265137,14.640000343322754,463700,0.0,0.0
2022-08-23 00:00:00-04:00,14.739999771118164,15.149999618530273,14.739999771118164,14.920000076293945,251600,0.0,0.0
2022-08-24 00:00:00-04:00,14.760000228881836,15.359999656677246,14.699999809265137,15.130000114440918,197000,0.0,0.0
2022-08-25 00:00:00-04:00,15.050000190734863,15.460000038146973,14.899999618530273,15.369999885559082,219600,0.0,0.0
2022-08-26 00:00:00-04:00,15.399999618530273,15.479999542236328,14.649999618530273,14.65999984741211,306300,0.0,0.0
2022-08-29 00:00:00-04:00,14.449999809265137,15.079999923706055,14.380000114440918,14.9399995803833,321900,0.0,0.0
2022-08-30 00:00:00-04:00,15.109999656677246,15.199999809265137,14.489999771118164,14.59000015258789,484700,0.0,0.0
2022-08-31 00:00:00-04:00,14.630000114440918,14.670000076293945,14.149999618530273,14.239999771118164,511900,0.0,0.0
2022-09-01 00:00:00-04:00,14.039999961853027,14.170000076293945,13.029999732971191,13.130000114440918,669900,0.0,0.0
2022-09-02 00:00:00-04:00,13.34000015258789,14.020000457763672,13.0600004196167,13.710000038146973,368300,0.0,0.0
2022-09-06 00:00:00-04:00,13.65999984741211,13.739999771118164,13.020000457763672,13.109999656677246,311800,0.0,0.0
2022-09-07 00:00:00-04:00,13.050000190734863,13.600000381469727,13.050000190734863,13.539999961853027,450100,0.0,0.0
2022-09-08 00:00:00-04:00,13.289999961853027,13.630000114440918,13.15999984741211,13.420000076293945,373900,0.0,0.0
2022-09-09 00:00:00-04:00,13.630000114440918,13.8100004196167,13.510000228881836,13.6899995803833,458900,0.0,0.0
2022-09-12 00:00:00-04:00,13.850000381469727,14.100000381469727,13.65999984741211,13.720000267028809,269800,0.0,0.0
2022-09-13 00:00:00-04:00,13.15999984741211,13.15999984741211,12.34000015258789,12.399999618530273,387000,0.0,0.0
2022-09-14 00:00:00-04:00,12.40999984741211,12.40999984741211,12.069999694824219,12.109999656677246,513500,0.0,0.0
2022-09-15 00:00:00-04:00,12.010000228881836,12.319999694824219,11.890000343322754,12.0,388700,0.0,0.0
2022-09-16 00:00:00-04:00,11.84000015258789,12.380000114440918,11.84000015258789,12.260000228881836,1141900,0.0,0.0
2022-09-19 00:00:00-04:00,12.260000228881836,12.5600004196167,12.180000305175781,12.390000343322754,702400,0.0,0.0
2022-09-20 00:00:00-04:00,12.199999809265137,12.199999809265137,11.880000114440918,11.920000076293945,882700,0.0,0.0
2022-09-21 00:00:00-04:00,12.050000190734863,12.180000305175781,11.640000343322754,11.670000076293945,843900,0.0,0.0
2022-09-22 00:00:00-04:00,11.579999923706055,11.59000015258789,10.979999542236328,11.109999656677246,443500,0.0,0.0
2022-09-23 00:00:00-04:00,10.890000343322754,10.989999771118164,10.6899995803833,10.970000267028809,357800,0.0,0.0
2022-09-26 00:00:00-04:00,10.789999961853027,11.09000015258789,10.279999732971191,10.289999961853027,387200,0.0,0.0
2022-09-27 00:00:00-04:00,10.479999542236328,10.539999961853027,9.84000015258789,10.020000457763672,509100,0.0,0.0
2022-09-28 00:00:00-04:00,10.100000381469727,10.649999618530273,10.069999694824219,10.520000457763672,506000,0.0,0.0
2022-09-29 00:00:00-04:00,10.319999694824219,10.390000343322754,9.920000076293945,10.079999923706055,428400,0.0,0.0
2022-09-30 00:00:00-04:00,10.010000228881836,10.010000228881836,9.649999618530273,9.670000076293945,566100,0.0,0.0
2022-10-03 00:00:00-04:00,9.90999984741211,10.489999771118164,9.829999923706055,10.380000114440918,514100,0.0,0.0
2022-10-04 00:00:00-04:00,10.710000038146973,11.40999984741211,10.710000038146973,11.390000343322754,540500,0.0,0.0
2022-10-05 00:00:00-04:00,11.069999694824219,11.210000038146973,10.869999885559082,11.0600004196167,449600,0.0,0.0
2022-10-06 00:00:00-04:00,10.949999809265137,11.199999809265137,10.8100004196167,11.0,263700,0.0,0.0
2022-10-07 00:00:00-04:00,10.770000457763672,10.770000457763672,10.399999618530273,10.539999961853027,217200,0.0,0.0
2022-10-10 00:00:00-04:00,10.569999694824219,10.619999885559082,10.3100004196167,10.479999542236328,228700,0.0,0.0
2022-10-11 00:00:00-04:00,10.369999885559082,10.789999961853027,10.289999961853027,10.539999961853027,511300,0.0,0.0
2022-10-12 00:00:00-04:00,10.539999961853027,10.539999961853027,10.220000267028809,10.390000343322754,165200,0.0,0.0
2022-10-13 00:00:00-04:00,10.0,10.640000343322754,9.640000343322754,10.550000190734863,412300,0.0,0.0
2022-10-14 00:00:00-04:00,10.640000343322754,10.859999656677246,10.430000305175781,10.460000038146973,393500,0.0,0.0
2022-10-17 00:00:00-04:00,10.800000190734863,10.890000343322754,10.5,10.649999618530273,269500,0.0,0.0
2022-10-18 00:00:00-04:00,10.800000190734863,10.989999771118164,10.420000076293945,10.510000228881836,279700,0.0,0.0
2022-10-19 00:00:00-04:00,10.390000343322754,10.399999618530273,9.760000228881836,9.850000381469727,590000,0.0,0.0
2022-10-20 00:00:00-04:00,9.789999961853027,10.079999923706055,9.6899995803833,9.710000038146973,537400,0.0,0.0
2022-10-21 00:00:00-04:00,9.710000038146973,10.020000457763672,9.470000267028809,9.949999809265137,741900,0.0,0.0
2022-10-24 00:00:00-04:00,10.0,10.319999694824219,9.869999885559082,10.3100004196167,353600,0.0,0.0
2022-10-25 00:00:00-04:00,10.399999618530273,11.289999961853027,10.399999618530273,11.050000190734863,484200,0.0,0.0
2022-10-26 00:00:00-04:00,11.15999984741211,11.449999809265137,11.050000190734863,11.050000190734863,269600,0.0,0.0
2022-10-27 00:00:00-04:00,11.100000381469727,11.5,10.930000305175781,10.949999809265137,337000,0.0,0.0
2022-10-28 00:00:00-04:00,10.949999809265137,11.520000457763672,10.880000114440918,11.4399995803833,277800,0.0,0.0
2022-10-31 00:00:00-04:00,11.260000228881836,11.350000381469727,10.979999542236328,11.3100004196167,223700,0.0,0.0
2022-11-01 00:00:00-04:00,11.649999618530273,11.649999618530273,11.220000267028809,11.449999809265137,221400,0.0,0.0
2022-11-02 00:00:00-04:00,11.449999809265137,11.5,10.75,10.760000228881836,390700,0.0,0.0
2022-11-03 00:00:00-04:00,10.470000267028809,10.760000228881836,10.220000267028809,10.609999656677246,278600,0.0,0.0
2022-11-04 00:00:00-04:00,10.859999656677246,11.239999771118164,10.739999771118164,10.989999771118164,484800,0.0,0.0
2022-11-07 00:00:00-05:00,11.020000457763672,11.229999542236328,10.739999771118164,11.210000038146973,248900,0.0,0.0
2022-11-08 00:00:00-05:00,11.199999809265137,11.300000190734863,10.8100004196167,11.130000114440918,315200,0.0,0.0
2022-11-09 00:00:00-05:00,10.960000038146973,11.489999771118164,10.869999885559082,10.989999771118164,357900,0.0,0.0
2022-11-10 00:00:00-05:00,11.850000381469727,12.819999694824219,11.84000015258789,12.529999732971191,572600,0.0,0.0
2022-11-11 00:00:00-05:00,13.5,13.920000076293945,12.800000190734863,12.979999542236328,835300,0.0,0.0
2022-11-14 00:00:00-05:00,12.770000457763672,12.9399995803833,11.949999809265137,12.029999732971191,746900,0.0,0.0
2022-11-15 00:00:00-05:00,12.460000038146973,12.890000343322754,12.369999885559082,12.59000015258789,642200,0.0,0.0
2022-11-16 00:00:00-05:00,12.5,12.8100004196167,12.260000228881836,12.800000190734863,376600,0.0,0.0
2022-11-17 00:00:00-05:00,12.359999656677246,12.800000190734863,12.149999618530273,12.800000190734863,443600,0.0,0.0
2022-11-18 00:00:00-05:00,13.119999885559082,13.760000228881836,13.010000228881836,13.579999923706055,848900,0.0,0.0
2022-11-21 00:00:00-05:00,13.5,13.520000457763672,12.920000076293945,13.100000381469727,403300,0.0,0.0
2022-11-22 00:00:00-05:00,13.359999656677246,13.539999961853027,13.199999809265137,13.420000076293945,236600,0.0,0.0
2022-11-23 00:00:00-05:00,13.399999618530273,13.729999542236328,13.220000267028809,13.649999618530273,202400,0.0,0.0
2022-11-25 00:00:00-05:00,13.539999961853027,13.729999542236328,13.510000228881836,13.619999885559082,83200,0.0,0.0
2022-11-28 00:00:00-05:00,13.479999542236328,13.819999694824219,13.399999618530273,13.609999656677246,265600,0.0,0.0
2022-11-29 00:00:00-05:00,13.510000228881836,13.770000457763672,13.430000305175781,13.479999542236328,313000,0.0,0.0
2022-11-30 00:00:00-05:00,13.479999542236328,13.6899995803833,13.0600004196167,13.649999618530273,310100,0.0,0.0
2022-12-01 00:00:00-05:00,13.859999656677246,14.25,13.779999732971191,14.130000114440918,269000,0.0,0.0
2022-12-02 00:00:00-05:00,13.649999618530273,13.930000305175781,13.5600004196167,13.720000267028809,275500,0.0,0.0
2022-12-05 00:00:00-05:00,13.470000267028809,13.710000038146973,13.390000343322754,13.4399995803833,243900,0.0,0.0
2022-12-06 00:00:00-05:00,13.470000267028809,13.630000114440918,13.210000038146973,13.390000343322754,227200,0.0,0.0
2022-12-07 00:00:00-05:00,13.460000038146973,13.880000114440918,13.460000038146973,13.720000267028809,227800,0.0,0.0
2022-12-08 00:00:00-05:00,13.789999961853027,14.100000381469727,13.369999885559082,13.430000305175781,221800,0.0,0.0
2022-12-09 00:00:00-05:00,13.260000228881836,13.579999923706055,13.229999542236328,13.380000114440918,181500,0.0,0.0
2022-12-12 00:00:00-05:00,13.4399995803833,13.569999694824219,13.329999923706055,13.510000228881836,183100,0.0,0.0
2022-12-13 00:00:00-05:00,14.630000114440918,14.829999923706055,13.779999732971191,13.90999984741211,337000,0.0,0.0
2022-12-14 00:00:00-05:00,13.880000114440918,14.109999656677246,13.579999923706055,13.75,187400,0.0,0.0
2022-12-15 00:00:00-05:00,13.34000015258789,14.069999694824219,13.279999732971191,14.029999732971191,220700,0.0,0.0
2022-12-16 00:00:00-05:00,13.65999984741211,13.869999885559082,13.479999542236328,13.84000015258789,358400,0.0,0.0
2022-12-19 00:00:00-05:00,13.760000228881836,13.819999694824219,13.09000015258789,13.180000305175781,230600,0.0,0.0
2022-12-20 00:00:00-05:00,13.039999961853027,13.279999732971191,12.970000267028809,13.130000114440918,224000,0.0,0.0
2022-12-21 00:00:00-05:00,13.25,13.479999542236328,13.199999809265137,13.239999771118164,163800,0.0,0.0
2022-12-22 00:00:00-05:00,13.029999732971191,13.210000038146973,12.760000228881836,13.09000015258789,204300,0.0,0.0
2022-12-23 00:00:00-05:00,12.989999771118164,13.15999984741211,12.850000381469727,12.970000267028809,110500,0.0,0.0
2022-12-27 00:00:00-05:00,12.869999885559082,13.109999656677246,12.779999732971191,12.800000190734863,162000,0.0,0.0
2022-12-28 00:00:00-05:00,12.800000190734863,12.869999885559082,12.289999961853027,12.3100004196167,187900,0.0,0.0
2022-12-29 00:00:00-05:00,12.4399995803833,12.9399995803833,12.4399995803833,12.899999618530273,214900,0.0,0.0
2022-12-30 00:00:00-05:00,12.699999809265137,12.819999694824219,12.59000015258789,12.760000228881836,139100,0.0,0.0
2023-01-03 00:00:00-05:00,13.119999885559082,13.25,12.890000343322754,13.029999732971191,199800,0.0,0.0
2023-01-04 00:00:00-05:00,13.239999771118164,13.609999656677246,13.239999771118164,13.3100004196167,215400,0.0,0.0
2023-01-05 00:00:00-05:00,13.0600004196167,13.350000381469727,12.989999771118164,13.229999542236328,158300,0.0,0.0
2023-01-06 00:00:00-05:00,13.449999809265137,13.65999984741211,13.279999732971191,13.479999542236328,336500,0.0,0.0
2023-01-09 00:00:00-05:00,13.619999885559082,13.90999984741211,13.550000190734863,13.630000114440918,221000,0.0,0.0
2023-01-10 00:00:00-05:00,13.460000038146973,13.899999618530273,13.430000305175781,13.850000381469727,156500,0.0,0.0
2023-01-11 00:00:00-05:00,14.0,14.239999771118164,13.960000038146973,14.170000076293945,145200,0.0,0.0
2023-01-12 00:00:00-05:00,14.229999542236328,14.350000381469727,13.84000015258789,14.279999732971191,193300,0.0,0.0
2023-01-13 00:00:00-05:00,14.0,14.670000076293945,13.960000038146973,14.649999618530273,172500,0.0,0.0
2023-01-17 00:00:00-05:00,14.630000114440918,15.039999961853027,14.380000114440918,14.390000343322754,162800,0.0,0.0
2023-01-18 00:00:00-05:00,14.550000190734863,14.970000267028809,14.4399995803833,14.489999771118164,204900,0.0,0.0
2023-01-19 00:00:00-05:00,14.350000381469727,14.399999618530273,14.140000343322754,14.260000228881836,165100,0.0,0.0
2023-01-20 00:00:00-05:00,14.670000076293945,14.960000038146973,14.279999732971191,14.869999885559082,264500,0.0,0.0
2023-01-23 00:00:00-05:00,14.84000015258789,15.279999732971191,14.84000015258789,15.15999984741211,263200,0.0,0.0
2023-01-24 00:00:00-05:00,15.229999542236328,15.239999771118164,14.869999885559082,15.039999961853027,144800,0.0,0.0
2023-01-25 00:00:00-05:00,14.890000343322754,15.270000457763672,14.84000015258789,15.239999771118164,127700,0.0,0.0
2023-01-26 00:00:00-05:00,15.350000381469727,15.770000457763672,15.350000381469727,15.760000228881836,199200,0.0,0.0
2023-01-27 00:00:00-05:00,15.649999618530273,15.970000267028809,15.640000343322754,15.880000114440918,171300,0.0,0.0
2023-01-30 00:00:00-05:00,15.680000305175781,15.84000015258789,15.479999542236328,15.520000457763672,202400,0.0,0.0
2023-01-31 00:00:00-05:00,15.789999961853027,16.389999389648438,15.569999694824219,16.3700008392334,222400,0.0,0.0
2023-02-01 00:00:00-05:00,16.299999237060547,16.809999465942383,16.049999237060547,16.579999923706055,377500,0.0,0.0
2023-02-02 00:00:00-05:00,16.81999969482422,17.639999389648438,16.799999237060547,17.31999969482422,379900,0.0,0.0
2023-02-03 00:00:00-05:00,15.270000457763672,16.010000228881836,14.9399995803833,15.40999984741211,727200,0.0,0.0
2023-02-06 00:00:00-05:00,15.510000228881836,15.9399995803833,15.460000038146973,15.59000015258789,407000,0.0,0.0
2023-02-07 00:00:00-05:00,15.40999984741211,15.770000457763672,15.0,15.640000343322754,482500,0.0,0.0
2023-02-08 00:00:00-05:00,15.489999771118164,15.489999771118164,14.84000015258789,15.0600004196167,332800,0.0,0.0
2023-02-09 00:00:00-05:00,15.329999923706055,15.329999923706055,14.890000343322754,14.899999618530273,358500,0.0,0.0
2023-02-10 00:00:00-05:00,14.859999656677246,15.130000114440918,14.850000381469727,15.039999961853027,192300,0.0,0.0
2023-02-13 00:00:00-05:00,15.020000457763672,15.4399995803833,14.829999923706055,15.390000343322754,248000,0.0,0.0
2023-02-14 00:00:00-05:00,15.25,15.430000305175781,14.90999984741211,15.130000114440918,184400,0.0,0.0
2023-02-15 00:00:00-05:00,14.890000343322754,15.289999961853027,14.800000190734863,15.15999984741211,199900,0.0,0.0
2023-02-16 00:00:00-05:00,14.84000015258789,14.970000267028809,14.619999885559082,14.670000076293945,256900,0.0,0.0
2023-02-17 00:00:00-05:00,14.720000267028809,14.899999618530273,14.510000228881836,14.760000228881836,321400,0.0,0.0
2023-02-21 00:00:00-05:00,14.359999656677246,14.779999732971191,14.350000381469727,14.720000267028809,317900,0.0,0.0
2023-02-22 00:00:00-05:00,14.789999961853027,15.09000015258789,14.699999809265137,14.8100004196167,179700,0.0,0.0
2023-02-23 00:00:00-05:00,14.9399995803833,15.100000381469727,14.720000267028809,15.0,139200,0.0,0.0
2023-02-24 00:00:00-05:00,14.65999984741211,14.850000381469727,14.529999732971191,14.630000114440918,187800,0.0,0.0
2023-02-27 00:00:00-05:00,14.819999694824219,14.9399995803833,14.680000305175781,14.84000015258789,139800,0.0,0.0
2023-02-28 00:00:00-05:00,14.800000190734863,14.970000267028809,14.710000038146973,14.90999984741211,139300,0.0,0.0
2023-03-01 00:00:00-05:00,14.890000343322754,15.109999656677246,14.680000305175781,14.930000305175781,179400,0.0,0.0
2023-03-02 00:00:00-05:00,14.739999771118164,15.220000267028809,14.670000076293945,15.210000038146973,199600,0.0,0.0
2023-03-03 00:00:00-05:00,15.4399995803833,15.729999542236328,15.369999885559082,15.5,256300,0.0,0.0
2023-03-06 00:00:00-05:00,15.460000038146973,15.510000228881836,14.899999618530273,15.010000228881836,311200,0.0,0.0
2023-03-07 00:00:00-05:00,15.100000381469727,15.15999984741211,14.859999656677246,14.899999618530273,115400,0.0,0.0
2023-03-08 00:00:00-05:00,15.0,15.149999618530273,14.850000381469727,15.130000114440918,165100,0.0,0.0
2023-03-09 00:00:00-05:00,15.119999885559082,15.630000114440918,15.119999885559082,15.130000114440918,348300,0.0,0.0
2023-03-10 00:00:00-05:00,15.119999885559082,15.130000114440918,14.050000190734863,14.239999771118164,324100,0.0,0.0
2023-03-13 00:00:00-04:00,14.010000228881836,14.3100004196167,13.59000015258789,13.6899995803833,595300,0.0,0.0
2023-03-14 00:00:00-04:00,14.270000457763672,14.270000457763672,13.649999618530273,13.800000190734863,312700,0.0,0.0
2023-03-15 00:00:00-04:00,13.630000114440918,14.0600004196167,13.5600004196167,13.9399995803833,215600,0.0,0.0
2023-03-16 00:00:00-04:00,13.8100004196167,14.829999923706055,13.75,14.680000305175781,335400,0.0,0.0
2023-03-17 00:00:00-04:00,14.6899995803833,14.710000038146973,14.210000038146973,14.210000038146973,512900,0.0,0.0
2023-03-20 00:00:00-04:00,14.3100004196167,14.40999984741211,14.140000343322754,14.149999618530273,281800,0.0,0.0
2023-03-21 00:00:00-04:00,14.489999771118164,14.8100004196167,14.489999771118164,14.680000305175781,245700,0.0,0.0
2023-03-22 00:00:00-04:00,14.6899995803833,15.130000114440918,14.649999618530273,14.649999618530273,216000,0.0,0.0
2023-03-23 00:00:00-04:00,14.949999809265137,15.369999885559082,14.5600004196167,14.649999618530273,359500,0.0,0.0
2023-03-24 00:00:00-04:00,14.510000228881836,14.84000015258789,14.34000015258789,14.75,205600,0.0,0.0
2023-03-27 00:00:00-04:00,15.0,15.149999618530273,14.720000267028809,14.75,184000,0.0,0.0
2023-03-28 00:00:00-04:00,14.739999771118164,14.890000343322754,14.600000381469727,14.770000457763672,172500,0.0,0.0
2023-03-29 00:00:00-04:00,14.970000267028809,14.979999542236328,14.539999961853027,14.779999732971191,261100,0.0,0.0
2023-03-30 00:00:00-04:00,14.899999618530273,15.260000228881836,14.8100004196167,15.210000038146973,304000,0.0,0.0
2023-03-31 00:00:00-04:00,15.319999694824219,15.890000343322754,15.319999694824219,15.880000114440918,187000,0.0,0.0
2023-04-03 00:00:00-04:00,15.789999961853027,16.309999465942383,15.760000228881836,16.290000915527344,365100,0.0,0.0
2023-04-04 00:00:00-04:00,16.290000915527344,16.299999237060547,15.579999923706055,15.680000305175781,302800,0.0,0.0
2023-04-05 00:00:00-04:00,15.59000015258789,15.770000457763672,15.479999542236328,15.710000038146973,488100,0.0,0.0
2023-04-06 00:00:00-04:00,15.760000228881836,15.859999656677246,15.510000228881836,15.649999618530273,176100,0.0,0.0
2023-04-10 00:00:00-04:00,15.550000190734863,15.930000305175781,15.470000267028809,15.84000015258789,156700,0.0,0.0
2023-04-11 00:00:00-04:00,15.899999618530273,16.3799991607666,15.899999618530273,16.34000015258789,181100,0.0,0.0
2023-04-12 00:00:00-04:00,16.579999923706055,16.670000076293945,16.309999465942383,16.479999542236328,213000,0.0,0.0
2023-04-13 00:00:00-04:00,16.530000686645508,16.6299991607666,16.309999465942383,16.450000762939453,154400,0.0,0.0
2023-04-14 00:00:00-04:00,16.420000076293945,16.65999984741211,16.3799991607666,16.639999389648438,243000,0.0,0.0
2023-04-17 00:00:00-04:00,16.6299991607666,16.809999465942383,16.579999923706055,16.719999313354492,136200,0.0,0.0
2023-04-18 00:00:00-04:00,16.780000686645508,17.100000381469727,16.739999771118164,17.100000381469727,212100,0.0,0.0
2023-04-19 00:00:00-04:00,16.959999084472656,17.040000915527344,16.770000457763672,16.90999984741211,102400,0.0,0.0
2023-04-20 00:00:00-04:00,17.110000610351562,17.3799991607666,16.75,16.809999465942383,226100,0.0,0.0
2023-04-21 00:00:00-04:00,16.799999237060547,17.239999771118164,16.739999771118164,17.15999984741211,211600,0.0,0.0
2023-04-24 00:00:00-04:00,17.049999237060547,17.309999465942383,16.93000030517578,17.290000915527344,170300,0.0,0.0
2023-04-25 00:00:00-04:00,17.139999389648438,17.299999237060547,16.979999542236328,17.0,109800,0.0,0.0
2023-04-26 00:00:00-04:00,16.860000610351562,17.200000762939453,16.68000030517578,16.780000686645508,190000,0.0,0.0
2023-04-27 00:00:00-04:00,16.899999618530273,17.18000030517578,16.700000762939453,17.18000030517578,214800,0.0,0.0
2023-04-28 00:00:00-04:00,17.950000762939453,21.329999923706055,17.6200008392334,21.309999465942383,1396900,0.0,0.0
2023-05-01 00:00:00-04:00,21.260000228881836,21.56999969482422,19.209999084472656,19.350000381469727,765300,0.0,0.0
2023-05-02 00:00:00-04:00,19.530000686645508,19.729999542236328,18.5,18.809999465942383,402900,0.0,0.0
2023-05-03 00:00:00-04:00,18.809999465942383,20.239999771118164,18.809999465942383,19.989999771118164,518300,0.0,0.0
2023-05-04 00:00:00-04:00,19.84000015258789,20.31999969482422,19.68000030517578,19.959999084472656,364800,0.0,0.0
2023-05-05 00:00:00-04:00,20.200000762939453,20.6299991607666,19.670000076293945,20.489999771118164,398800,0.0,0.0
2023-05-08 00:00:00-04:00,20.3799991607666,21.239999771118164,20.15999984741211,20.829999923706055,550700,0.0,0.0
2023-05-09 00:00:00-04:00,20.6299991607666,21.1299991607666,20.549999237060547,20.959999084472656,260900,0.0,0.0
2023-05-10 00:00:00-04:00,21.25,21.399999618530273,20.860000610351562,21.350000381469727,248300,0.0,0.0
2023-05-11 00:00:00-04:00,21.079999923706055,21.700000762939453,20.860000610351562,21.639999389648438,276700,0.0,0.0
2023-05-12 00:00:00-04:00,21.649999618530273,21.75,20.600000381469727,20.860000610351562,251600,0.0,0.0
2023-05-15 00:00:00-04:00,20.8799991607666,21.040000915527344,20.270000457763672,20.860000610351562,189900,0.0,0.0
2023-05-16 00:00:00-04:00,20.649999618530273,21.229999542236328,20.25,21.1299991607666,207900,0.0,0.0
2023-05-17 00:00:00-04:00,21.100000381469727,21.350000381469727,20.770000457763672,21.280000686645508,209500,0.0,0.0
2023-05-18 00:00:00-04:00,21.270000457763672,21.84000015258789,21.219999313354492,21.739999771118164,287900,0.0,0.0
2023-05-19 00:00:00-04:00,21.889999389648438,21.889999389648438,20.899999618530273,21.1200008392334,204000,0.0,0.0
2023-05-22 00:00:00-04:00,21.149999618530273,21.3799991607666,20.6200008392334,20.670000076293945,214300,0.0,0.0
2023-05-23 00:00:00-04:00,20.510000228881836,21.09000015258789,20.389999389648438,20.600000381469727,204100,0.0,0.0
2023-05-24 00:00:00-04:00,20.56999969482422,21.010000228881836,20.540000915527344,20.829999923706055,183300,0.0,0.0
2023-05-25 00:00:00-04:00,20.90999984741211,21.209999084472656,20.75,21.030000686645508,129800,0.0,0.0
2023-05-26 00:00:00-04:00,20.940000534057617,20.979999542236328,20.549999237060547,20.81999969482422,133300,0.0,0.0
2023-05-30 00:00:00-04:00,20.850000381469727,21.079999923706055,20.59000015258789,20.639999389648438,176300,0.0,0.0
2023-05-31 00:00:00-04:00,20.479999542236328,20.700000762939453,20.040000915527344,20.270000457763672,794400,0.0,0.0
2023-06-01 00:00:00-04:00,20.329999923706055,20.989999771118164,20.309999465942383,20.8700008392334,221200,0.0,0.0
2023-06-02 00:00:00-04:00,21.18000030517578,21.850000381469727,21.0,21.579999923706055,232700,0.0,0.0
2023-06-05 00:00:00-04:00,21.450000762939453,21.579999923706055,21.049999237060547,21.260000228881836,192800,0.0,0.0
2023-06-06 00:00:00-04:00,21.299999237060547,22.639999389648438,21.299999237060547,22.520000457763672,419600,0.0,0.0
2023-06-07 00:00:00-04:00,22.639999389648438,23.239999771118164,22.639999389648438,22.959999084472656,345600,0.0,0.0
2023-06-08 00:00:00-04:00,22.84000015258789,22.989999771118164,22.3799991607666,22.520000457763672,201500,0.0,0.0
2023-06-09 00:00:00-04:00,22.520000457763672,22.520000457763672,22.170000076293945,22.31999969482422,280300,0.0,0.0
2023-06-12 00:00:00-04:00,22.31999969482422,22.719999313354492,22.190000534057617,22.670000076293945,175600,0.0,0.0
2023-06-13 00:00:00-04:00,22.809999465942383,23.149999618530273,22.6299991607666,22.920000076293945,180700,0.0,0.0
2023-06-14 00:00:00-04:00,22.940000534057617,23.049999237060547,22.09000015258789,22.280000686645508,213600,0.0,0.0
2023-06-15 00:00:00-04:00,22.549999237060547,22.809999465942383,22.350000381469727,22.639999389648438,249700,0.0,0.0
2023-06-16 00:00:00-04:00,22.8700008392334,22.959999084472656,22.170000076293945,22.309999465942383,306600,0.0,0.0
2023-06-20 00:00:00-04:00,22.3799991607666,22.969999313354492,22.309999465942383,22.899999618530273,308700,0.0,0.0
2023-06-21 00:00:00-04:00,22.690000534057617,23.3799991607666,22.649999618530273,23.18000030517578,385900,0.0,0.0
2023-06-22 00:00:00-04:00,23.010000228881836,23.15999984741211,22.649999618530273,22.8700008392334,331500,0.0,0.0
2023-06-23 00:00:00-04:00,22.600000381469727,22.8700008392334,22.25,22.520000457763672,431100,0.0,0.0
2023-06-26 00:00:00-04:00,22.809999465942383,23.600000381469727,22.809999465942383,23.219999313354492,269700,0.0,0.0
2023-06-27 00:00:00-04:00,23.34000015258789,24.889999389648438,23.25,24.639999389648438,532600,0.0,0.0
2023-06-28 00:00:00-04:00,25.479999542236328,27.729999542236328,25.31999969482422,27.299999237060547,1018700,0.0,0.0
2023-06-29 00:00:00-04:00,27.309999465942383,27.889999389648438,27.030000686645508,27.8799991607666,517900,0.0,0.0
2023-06-30 00:00:00-04:00,28.049999237060547,28.5,27.5,28.290000915527344,527500,0.0,0.0
2023-07-03 00:00:00-04:00,28.31999969482422,28.6299991607666,27.75,28.260000228881836,312900,0.0,0.0
2023-07-05 00:00:00-04:00,28.239999771118164,28.450000762939453,27.479999542236328,27.489999771118164,409500,0.0,0.0
2023-07-06 00:00:00-04:00,27.010000228881836,27.110000610351562,26.100000381469727,27.020000457763672,461800,0.0,0.0
2023-07-07 00:00:00-04:00,27.06999969482422,27.790000915527344,27.06999969482422,27.290000915527344,483300,0.0,0.0
2023-07-10 00:00:00-04:00,27.299999237060547,28.270000457763672,27.290000915527344,28.15999984741211,515600,0.0,0.0
2023-07-11 00:00:00-04:00,28.309999465942383,28.8700008392334,27.790000915527344,28.3700008392334,520200,0.0,0.0
2023-07-12 00:00:00-04:00,28.3700008392334,29.34000015258789,28.15999984741211,29.200000762939453,469500,0.0,0.0
2023-07-13 00:00:00-04:00,29.260000228881836,29.3700008392334,28.780000686645508,29.040000915527344,344200,0.0,0.0
2023-07-14 00:00:00-04:00,29.18000030517578,29.290000915527344,28.450000762939453,28.940000534057617,309800,0.0,0.0
2023-07-17 00:00:00-04:00,28.940000534057617,29.290000915527344,28.75,29.079999923706055,300200,0.0,0.0
2023-07-18 00:00:00-04:00,29.0,29.40999984741211,28.610000610351562,28.700000762939453,353600,0.0,0.0
2023-07-19 00:00:00-04:00,28.75,29.579999923706055,28.6200008392334,29.469999313354492,500200,0.0,0.0
2023-07-20 00:00:00-04:00,29.469999313354492,29.530000686645508,27.56999969482422,27.770000457763672,473800,0.0,0.0
2023-07-21 00:00:00-04:00,28.170000076293945,28.469999313354492,27.719999313354492,27.760000228881836,314900,0.0,0.0
2023-07-24 00:00:00-04:00,27.549999237060547,28.270000457763672,27.290000915527344,27.899999618530273,353700,0.0,0.0
2023-07-25 00:00:00-04:00,27.829999923706055,28.6200008392334,27.610000610351562,28.139999389648438,325800,0.0,0.0
2023-07-26 00:00:00-04:00,28.040000915527344,28.43000030517578,27.6299991607666,27.979999542236328,360400,0.0,0.0
2023-07-27 00:00:00-04:00,28.200000762939453,28.479999542236328,27.559999465942383,27.739999771118164,483800,0.0,0.0
2023-07-28 00:00:00-04:00,30.399999618530273,35.47999954223633,30.309999465942383,35.43000030517578,2457700,0.0,0.0
2023-07-31 00:00:00-04:00,35.93000030517578,35.93000030517578,32.79999923706055,33.630001068115234,1004100,0.0,0.0
2023-08-01 00:00:00-04:00,33.720001220703125,34.95000076293945,33.5,34.439998626708984,567400,0.0,0.0
2023-08-02 00:00:00-04:00,34.439998626708984,34.54999923706055,33.38999938964844,33.880001068115234,718300,0.0,0.0
2023-08-03 00:00:00-04:00,33.70000076293945,33.70000076293945,32.279998779296875,33.060001373291016,618800,0.0,0.0
2023-08-04 00:00:00-04:00,33.029998779296875,33.540000915527344,32.279998779296875,32.81999969482422,654600,0.0,0.0
2023-08-07 00:00:00-04:00,32.790000915527344,33.560001373291016,32.40999984741211,33.310001373291016,373600,0.0,0.0
2023-08-08 00:00:00-04:00,33.02000045776367,33.27000045776367,32.68000030517578,33.18000030517578,284800,0.0,0.0
2023-08-09 00:00:00-04:00,33.04999923706055,33.04999923706055,32.150001525878906,32.31999969482422,412500,0.0,0.0
2023-08-10 00:00:00-04:00,32.38999938964844,33.13999938964844,31.489999771118164,31.989999771118164,500400,0.0,0.0
2023-08-11 00:00:00-04:00,31.860000610351562,32.81999969482422,31.790000915527344,32.45000076293945,355600,0.0,0.0
2023-08-14 00:00:00-04:00,32.25,32.380001068115234,31.420000076293945,32.380001068115234,476400,0.0,0.0
2023-08-15 00:00:00-04:00,32.5,33.16999816894531,31.780000686645508,32.4900016784668,299300,0.0,0.0
2023-08-16 00:00:00-04:00,32.459999084472656,33.72999954223633,32.459999084472656,33.130001068115234,752800,0.0,0.0
2023-08-17 00:00:00-04:00,33.29999923706055,33.470001220703125,29.950000762939453,30.31999969482422,957800,0.0,0.0
2023-08-18 00:00:00-04:00,28.760000228881836,29.469999313354492,27.93000030517578,28.989999771118164,1014200,0.0,0.0
2023-08-21 00:00:00-04:00,29.229999542236328,29.360000610351562,27.850000381469727,28.299999237060547,446500,0.0,0.0
2023-08-22 00:00:00-04:00,28.600000381469727,28.8700008392334,27.93000030517578,28.229999542236328,361600,0.0,0.0
2023-08-23 00:00:00-04:00,29.399999618530273,29.969999313354492,29.040000915527344,29.489999771118164,463000,0.0,0.0
2023-08-24 00:00:00-04:00,29.6200008392334,29.899999618530273,28.81999969482422,28.8700008392334,367700,0.0,0.0
2023-08-25 00:00:00-04:00,28.899999618530273,29.110000610351562,27.18000030517578,27.530000686645508,764200,0.0,0.0
2023-08-28 00:00:00-04:00,27.469999313354492,27.899999618530273,26.8700008392334,27.81999969482422,477000,0.0,0.0
2023-08-29 00:00:00-04:00,27.639999389648438,28.829999923706055,27.520000457763672,28.729999542236328,970800,0.0,0.0
2023-08-30 00:00:00-04:00,28.530000686645508,29.299999237060547,28.15999984741211,28.860000610351562,414300,0.0,0.0
2023-08-31 00:00:00-04:00,28.899999618530273,29.31999969482422,28.649999618530273,29.309999465942383,511400,0.0,0.0
2023-09-01 00:00:00-04:00,29.510000228881836,29.940000534057617,29.200000762939453,29.649999618530273,300200,0.0,0.0
2023-09-05 00:00:00-04:00,29.290000915527344,29.670000076293945,27.399999618530273,27.739999771118164,454500,0.0,0.0
2023-09-06 00:00:00-04:00,27.8799991607666,28.639999389648438,27.510000228881836,27.8799991607666,305500,0.0,0.0
2023-09-07 00:00:00-04:00,27.670000076293945,28.469999313354492,27.40999984741211,28.440000534057617,311300,0.0,0.0
2023-09-08 00:00:00-04:00,28.229999542236328,28.59000015258789,27.940000534057617,28.139999389648438,260200,0.0,0.0
2023-09-11 00:00:00-04:00,28.329999923706055,28.770000457763672,27.770000457763672,27.81999969482422,314800,0.0,0.0
2023-09-12 00:00:00-04:00,27.700000762939453,28.350000381469727,26.799999237060547,26.889999389648438,420600,0.0,0.0
2023-09-13 00:00:00-04:00,26.43000030517578,27.31999969482422,26.190000534057617,27.049999237060547,391100,0.0,0.0
2023-09-14 00:00:00-04:00,27.350000381469727,27.579999923706055,27.010000228881836,27.559999465942383,315300,0.0,0.0
2023-09-15 00:00:00-04:00,27.110000610351562,27.1200008392334,25.799999237060547,25.850000381469727,580100,0.0,0.0
2023-09-18 00:00:00-04:00,25.850000381469727,26.25,25.440000534057617,25.5,668800,0.0,0.0
2023-09-19 00:00:00-04:00,25.309999465942383,25.809999465942383,24.790000915527344,25.510000228881836,732600,0.0,0.0
2023-09-20 00:00:00-04:00,25.700000762939453,26.030000686645508,25.190000534057617,25.209999084472656,444200,0.0,0.0
2023-09-21 00:00:00-04:00,24.75,25.139999389648438,24.510000228881836,24.790000915527344,456900,0.0,0.0
2023-09-22 00:00:00-04:00,25.0,25.350000381469727,24.690000534057617,25.049999237060547,361100,0.0,0.0
2023-09-25 00:00:00-04:00,24.489999771118164,25.1200008392334,24.3700008392334,24.969999313354492,258100,0.0,0.0
2023-09-26 00:00:00-04:00,24.59000015258789,25.170000076293945,24.450000762939453,24.579999923706055,371800,0.0,0.0
2023-09-27 00:00:00-04:00,24.93000030517578,25.1200008392334,24.40999984741211,24.920000076293945,290300,0.0,0.0
2023-09-28 00:00:00-04:00,25.010000228881836,25.829999923706055,24.969999313354492,25.610000610351562,290900,0.0,0.0
2023-09-29 00:00:00-04:00,25.8799991607666,26.0,24.770000457763672,24.90999984741211,242800,0.0,0.0
2023-10-02 00:00:00-04:00,24.84000015258789,25.31999969482422,24.520000457763672,24.860000610351562,374100,0.0,0.0
2023-10-03 00:00:00-04:00,24.549999237060547,24.850000381469727,23.09000015258789,23.25,522200,0.0,0.0
2023-10-04 00:00:00-04:00,23.209999084472656,23.709999084472656,22.770000457763672,23.65999984741211,559300,0.0,0.0
2023-10-05 00:00:00-04:00,23.260000228881836,23.6200008392334,22.969999313354492,23.540000915527344,426100,0.0,0.0
2023-10-06 00:00:00-04:00,23.309999465942383,23.899999618530273,22.760000228881836,23.75,311600,0.0,0.0
2023-10-09 00:00:00-04:00,23.649999618530273,24.079999923706055,23.360000610351562,23.81999969482422,205100,0.0,0.0
2023-10-10 00:00:00-04:00,24.59000015258789,25.0,24.149999618530273,24.170000076293945,364400,0.0,0.0
2023-10-11 00:00:00-04:00,24.600000381469727,24.84000015258789,23.989999771118164,24.299999237060547,239300,0.0,0.0
2023-10-12 00:00:00-04:00,24.020000457763672,24.020000457763672,23.040000915527344,23.440000534057617,337700,0.0,0.0
2023-10-13 00:00:00-04:00,23.559999465942383,23.700000762939453,23.06999969482422,23.389999389648438,363700,0.0,0.0
2023-10-16 00:00:00-04:00,23.75,23.799999237060547,22.899999618530273,23.270000457763672,300200,0.0,0.0
2023-10-17 00:00:00-04:00,22.989999771118164,23.739999771118164,22.989999771118164,23.670000076293945,521200,0.0,0.0
2023-10-18 00:00:00-04:00,23.34000015258789,23.34000015258789,22.670000076293945,23.030000686645508,345600,0.0,0.0
2023-10-19 00:00:00-04:00,22.920000076293945,23.15999984741211,22.3799991607666,22.579999923706055,331200,0.0,0.0
2023-10-20 00:00:00-04:00,22.649999618530273,22.809999465942383,22.34000015258789,22.399999618530273,326700,0.0,0.0
2023-10-23 00:00:00-04:00,22.270000457763672,23.06999969482422,22.030000686645508,23.0,368600,0.0,0.0
2023-10-24 00:00:00-04:00,23.049999237060547,23.34000015258789,22.81999969482422,23.200000762939453,256700,0.0,0.0
2023-10-25 00:00:00-04:00,23.09000015258789,23.6200008392334,22.84000015258789,23.3700008392334,799100,0.0,0.0
2023-10-26 00:00:00-04:00,23.479999542236328,24.15999984741211,23.239999771118164,23.610000610351562,450500,0.0,0.0
2023-10-27 00:00:00-04:00,23.59000015258789,23.860000610351562,23.260000228881836,23.43000030517578,366300,0.0,0.0
2023-10-30 00:00:00-04:00,23.729999542236328,23.899999618530273,23.25,23.530000686645508,421000,0.0,0.0
2023-10-31 00:00:00-04:00,23.549999237060547,24.200000762939453,23.440000534057617,24.190000534057617,274800,0.0,0.0
2023-11-01 00:00:00-04:00,24.06999969482422,25.59000015258789,23.940000534057617,25.459999084472656,465700,0.0,0.0
2023-11-02 00:00:00-04:00,26.110000610351562,27.75,26.100000381469727,27.079999923706055,659700,0.0,0.0
2023-11-03 00:00:00-04:00,27.790000915527344,29.149999618530273,27.729999542236328,28.670000076293945,458200,0.0,0.0
2023-11-06 00:00:00-05:00,28.360000610351562,28.489999771118164,27.799999237060547,27.950000762939453,448100,0.0,0.0
2023-11-07 00:00:00-05:00,27.989999771118164,28.579999923706055,27.670000076293945,28.559999465942383,296700,0.0,0.0
2023-11-08 00:00:00-05:00,28.59000015258789,28.75,28.219999313354492,28.469999313354492,211200,0.0,0.0
2023-11-09 00:00:00-05:00,28.610000610351562,28.899999618530273,27.850000381469727,27.950000762939453,208800,0.0,0.0
2023-11-10 00:00:00-05:00,28.15999984741211,29.09000015258789,28.1200008392334,29.06999969482422,221800,0.0,0.0
2023-11-13 00:00:00-05:00,28.790000915527344,28.899999618530273,28.31999969482422,28.440000534057617,227300,0.0,0.0
2023-11-14 00:00:00-05:00,29.68000030517578,31.31999969482422,29.68000030517578,31.190000534057617,566700,0.0,0.0
2023-11-15 00:00:00-05:00,31.020000457763672,31.31999969482422,30.31999969482422,30.5,464800,0.0,0.0
2023-11-16 00:00:00-05:00,30.5,30.799999237060547,30.09000015258789,30.239999771118164,366900,0.0,0.0
2023-11-17 00:00:00-05:00,30.5,30.75,26.520000457763672,27.170000076293945,1475100,0.0,0.0
2023-11-20 00:00:00-05:00,27.010000228881836,27.059999465942383,26.549999237060547,26.65999984741211,689700,0.0,0.0
2023-11-21 00:00:00-05:00,26.489999771118164,27.299999237060547,26.200000762939453,26.81999969482422,712600,0.0,0.0
2023-11-22 00:00:00-05:00,26.93000030517578,27.59000015258789,26.149999618530273,26.290000915527344,464100,0.0,0.0
2023-11-24 00:00:00-05:00,26.360000610351562,26.360000610351562,25.649999618530273,25.829999923706055,248700,0.0,0.0
2023-11-27 00:00:00-05:00,25.739999771118164,26.010000228881836,25.530000686645508,25.93000030517578,435400,0.0,0.0
2023-11-28 00:00:00-05:00,25.829999923706055,26.350000381469727,25.739999771118164,25.81999969482422,760700,0.0,0.0
2023-11-29 00:00:00-05:00,26.3799991607666,27.43000030517578,26.299999237060547,26.850000381469727,580300,0.0,0.0
2023-11-30 00:00:00-05:00,26.700000762939453,26.700000762939453,26.0,26.309999465942383,442600,0.0,0.0
2023-12-01 00:00:00-05:00,26.450000762939453,27.510000228881836,26.25,27.399999618530273,479800,0.0,0.0
2023-12-04 00:00:00-05:00,27.239999771118164,27.850000381469727,27.049999237060547,27.799999237060547,385100,0.0,0.0
2023-12-05 00:00:00-05:00,27.770000457763672,28.299999237060547,27.479999542236328,27.959999084472656,433000,0.0,0.0
2023-12-06 00:00:00-05:00,28.479999542236328,29.219999313354492,28.440000534057617,28.549999237060547,437300,0.0,0.0
2023-12-07 00:00:00-05:00,28.6299991607666,29.469999313354492,28.530000686645508,29.239999771118164,396400,0.0,0.0
2023-12-08 00:00:00-05:00,29.1299991607666,30.209999084472656,29.09000015258789,29.8799991607666,286500,0.0,0.0
2023-12-11 00:00:00-05:00,29.8700008392334,29.8700008392334,28.920000076293945,29.360000610351562,350300,0.0,0.0
2023-12-12 00:00:00-05:00,29.450000762939453,29.65999984741211,29.170000076293945,29.219999313354492,324700,0.0,0.0
2023-12-13 00:00:00-05:00,29.389999389648438,30.489999771118164,28.200000762939453,30.329999923706055,599700,0.0,0.0
2023-12-14 00:00:00-05:00,31.200000762939453,33.25,31.200000762939453,33.02000045776367,705300,0.0,0.0
2023-12-15 00:00:00-05:00,32.380001068115234,32.72999954223633,31.399999618530273,31.399999618530273,845000,0.0,0.0
2023-12-18 00:00:00-05:00,31.31999969482422,31.31999969482422,30.420000076293945,31.100000381469727,408800,0.0,0.0
2023-12-19 00:00:00-05:00,31.559999465942383,33.0,31.479999542236328,32.79999923706055,354300,0.0,0.0
2023-12-20 00:00:00-05:00,32.79999923706055,33.880001068115234,32.439998626708984,33.02000045776367,486100,0.0,0.0
2023-12-21 00:00:00-05:00,33.45000076293945,33.779998779296875,32.939998626708984,33.380001068115234,252400,0.0,0.0
2023-12-22 00:00:00-05:00,33.599998474121094,34.060001373291016,33.310001373291016,33.5099983215332,347500,0.0,0.0
2023-12-26 00:00:00-05:00,33.79999923706055,34.209999084472656,33.439998626708984,33.9900016784668,226800,0.0,0.0
2023-12-27 00:00:00-05:00,34.0,34.18000030517578,33.54999923706055,33.97999954223633,322200,0.0,0.0
2023-12-28 00:00:00-05:00,33.93000030517578,34.45000076293945,33.790000915527344,34.130001068115234,253100,0.0,0.0
2023-12-29 00:00:00-05:00,33.810001373291016,34.349998474121094,33.59000015258789,33.790000915527344,427300,0.0,0.0
2024-01-02 00:00:00-05:00,33.220001220703125,33.470001220703125,32.5,33.11000061035156,254800,0.0,0.0
2024-01-03 00:00:00-05:00,32.2599983215332,32.36000061035156,31.549999237060547,31.6200008392334,290800,0.0,0.0
2024-01-04 00:00:00-05:00,31.75,32.09000015258789,31.280000686645508,31.34000015258789,258600,0.0,0.0
2024-01-05 00:00:00-05:00,31.049999237060547,32.0,30.829999923706055,31.149999618530273,476100,0.0,0.0
2024-01-08 00:00:00-05:00,31.440000534057617,32.349998474121094,31.31999969482422,31.770000457763672,315700,0.0,0.0
2024-01-09 00:00:00-05:00,31.280000686645508,31.700000762939453,31.100000381469727,31.489999771118164,231000,0.0,0.0
2024-01-10 00:00:00-05:00,31.700000762939453,32.31999969482422,31.479999542236328,32.209999084472656,245800,0.0,0.0
2024-01-11 00:00:00-05:00,31.850000381469727,32.18000030517578,31.350000381469727,32.15999984741211,230600,0.0,0.0
2024-01-12 00:00:00-05:00,32.84000015258789,32.84000015258789,31.420000076293945,31.760000228881836,168500,0.0,0.0
2024-01-16 00:00:00-05:00,31.260000228881836,31.479999542236328,30.90999984741211,31.299999237060547,255800,0.0,0.0
2024-01-17 00:00:00-05:00,30.700000762939453,31.18000030517578,30.559999465942383,31.149999618530273,207600,0.0,0.0
2024-01-18 00:00:00-05:00,31.68000030517578,32.68000030517578,31.65999984741211,32.65999984741211,636600,0.0,0.0
2024-01-19 00:00:00-05:00,32.869998931884766,32.95000076293945,31.3700008392334,32.38999938964844,399000,0.0,0.0
2024-01-22 00:00:00-05:00,32.7400016784668,33.45000076293945,32.5099983215332,33.25,346400,0.0,0.0
2024-01-23 00:00:00-05:00,32.68000030517578,32.959999084472656,31.389999389648438,31.389999389648438,336000,0.0,0.0
2024-01-24 00:00:00-05:00,31.989999771118164,31.989999771118164,30.360000610351562,30.690000534057617,336900,0.0,0.0
2024-01-25 00:00:00-05:00,31.59000015258789,32.0099983215332,31.260000228881836,31.809999465942383,239000,0.0,0.0
2024-01-26 00:00:00-05:00,31.920000076293945,32.310001373291016,31.489999771118164,31.81999969482422,187200,0.0,0.0
2024-01-29 00:00:00-05:00,31.81999969482422,32.77000045776367,31.81999969482422,32.59000015258789,235000,0.0,0.0
2024-01-30 00:00:00-05:00,32.56999969482422,33.119998931884766,32.439998626708984,32.75,201400,0.0,0.0
2024-01-31 00:00:00-05:00,32.52000045776367,33.209999084472656,31.75,31.75,327600,0.0,0.0
2024-02-01 00:00:00-05:00,32.11000061035156,32.869998931884766,31.420000076293945,32.36000061035156,312300,0.0,0.0
2024-02-02 00:00:00-05:00,28.75,29.969999313354492,27.420000076293945,29.809999465942383,1330100,0.0,0.0
2024-02-05 00:00:00-05:00,29.639999389648438,29.639999389648438,28.729999542236328,29.239999771118164,585800,0.0,0.0
2024-02-06 00:00:00-05:00,29.239999771118164,29.270000457763672,28.6299991607666,29.110000610351562,649500,0.0,0.0
2024-02-07 00:00:00-05:00,29.170000076293945,29.3700008392334,28.350000381469727,28.600000381469727,409000,0.0,0.0
2024-02-08 00:00:00-05:00,28.600000381469727,29.56999969482422,28.510000228881836,29.440000534057617,322500,0.0,0.0
2024-02-09 00:00:00-05:00,29.489999771118164,29.809999465942383,29.110000610351562,29.350000381469727,523000,0.0,0.0
2024-02-12 00:00:00-05:00,29.530000686645508,31.34000015258789,29.530000686645508,31.309999465942383,534100,0.0,0.0
2024-02-13 00:00:00-05:00,29.34000015258789,30.020000457763672,28.889999389648438,28.969999313354492,359400,0.0,0.0
2024-02-14 00:00:00-05:00,29.579999923706055,30.059999465942383,28.920000076293945,29.719999313354492,354200,0.0,0.0
2024-02-15 00:00:00-05:00,30.010000228881836,30.549999237060547,29.809999465942383,30.469999313354492,248900,0.0,0.0
2024-02-16 00:00:00-05:00,29.829999923706055,29.8799991607666,29.280000686645508,29.3700008392334,304500,0.0,0.0
2024-02-20 00:00:00-05:00,28.799999237060547,29.200000762939453,28.510000228881836,29.09000015258789,237400,0.0,0.0
2024-02-21 00:00:00-05:00,29.149999618530273,29.540000915527344,28.959999084472656,29.280000686645508,196200,0.0,0.0
2024-02-22 00:00:00-05:00,29.280000686645508,29.579999923706055,29.020000457763672,29.030000686645508,274500,0.0,0.0
2024-02-23 00:00:00-05:00,29.25,29.799999237060547,29.219999313354492,29.440000534057617,164200,0.0,0.0
2024-02-26 00:00:00-05:00,29.329999923706055,29.81999969482422,29.329999923706055,29.420000076293945,224200,0.0,0.0
2024-02-27 00:00:00-05:00,29.829999923706055,30.100000381469727,29.3700008392334,30.100000381469727,387300,0.0,0.0
2024-02-28 00:00:00-05:00,29.940000534057617,30.610000610351562,29.850000381469727,30.270000457763672,302800,0.0,0.0
2024-02-29 00:00:00-05:00,30.809999465942383,31.40999984741211,30.59000015258789,31.329999923706055,348600,0.0,0.0
2024-03-01 00:00:00-05:00,31.299999237060547,32.31999969482422,30.809999465942383,32.2400016784668,259300,0.0,0.0
2024-03-04 00:00:00-05:00,32.38999938964844,32.65999984741211,31.1299991607666,31.149999618530273,546900,0.0,0.0
2024-03-05 00:00:00-05:00,30.979999542236328,31.5,29.770000457763672,29.8799991607666,261700,0.0,0.0
2024-03-06 00:00:00-05:00,30.329999923706055,30.5,29.850000381469727,30.18000030517578,230400,0.0,0.0
2024-03-07 00:00:00-05:00,30.489999771118164,31.649999618530273,30.489999771118164,30.65999984741211,241000,0.0,0.0
2024-03-08 00:00:00-05:00,30.989999771118164,31.600000381469727,30.59000015258789,31.100000381469727,203100,0.0,0.0
2024-03-11 00:00:00-04:00,30.920000076293945,30.920000076293945,30.209999084472656,30.770000457763672,220200,0.0,0.0
2024-03-12 00:00:00-04:00,30.739999771118164,31.31999969482422,30.040000915527344,31.15999984741211,296400,0.0,0.0
2024-03-13 00:00:00-04:00,31.040000915527344,32.18000030517578,31.040000915527344,31.8700008392334,235800,0.0,0.0
2024-03-14 00:00:00-04:00,31.440000534057617,31.559999465942383,29.34000015258789,29.739999771118164,409200,0.0,0.0
2024-03-15 00:00:00-04:00,29.5,30.15999984741211,29.18000030517578,29.59000015258789,525400,0.0,0.0
2024-03-18 00:00:00-04:00,29.719999313354492,30.010000228881836,29.1200008392334,29.440000534057617,192000,0.0,0.0
2024-03-19 00:00:00-04:00,29.299999237060547,30.530000686645508,29.299999237060547,30.139999389648438,230900,0.0,0.0
2024-03-20 00:00:00-04:00,30.1200008392334,31.760000228881836,29.969999313354492,31.600000381469727,180500,0.0,0.0
2024-03-21 00:00:00-04:00,32.0099983215332,32.33000183105469,31.81999969482422,31.8700008392334,262400,0.0,0.0
2024-03-22 00:00:00-04:00,32.06999969482422,32.15999984741211,31.450000762939453,31.510000228881836,130200,0.0,0.0
2024-03-25 00:00:00-04:00,31.510000228881836,31.850000381469727,31.309999465942383,31.31999969482422,184800,0.0,0.0
2024-03-26 00:00:00-04:00,31.600000381469727,31.90999984741211,31.18000030517578,31.219999313354492,128600,0.0,0.0
2024-03-27 00:00:00-04:00,31.579999923706055,31.899999618530273,31.270000457763672,31.8799991607666,173600,0.0,0.0
2024-03-28 00:00:00-04:00,31.950000762939453,33.18000030517578,31.950000762939453,32.79999923706055,266800,0.0,0.0
2024-04-01 00:00:00-04:00,32.869998931884766,33.119998931884766,32.209999084472656,32.439998626708984,179700,0.0,0.0
2024-04-02 00:00:00-04:00,31.920000076293945,32.099998474121094,30.649999618530273,31.43000030517578,290200,0.0,0.0
2024-04-03 00:00:00-04:00,31.1200008392334,32.119998931884766,31.1200008392334,31.899999618530273,203700,0.0,0.0
2024-04-04 00:00:00-04:00,32.41999816894531,32.63999938964844,30.979999542236328,31.0,243800,0.0,0.0
2024-04-05 00:00:00-04:00,30.8700008392334,31.440000534057617,30.850000381469727,30.860000610351562,485800,0.0,0.0
2024-04-08 00:00:00-04:00,31.09000015258789,31.09000015258789,30.540000915527344,30.719999313354492,202200,0.0,0.0
2024-04-09 00:00:00-04:00,31.0,31.0,30.170000076293945,30.440000534057617,289100,0.0,0.0
2024-04-10 00:00:00-04:00,29.5,29.56999969482422,28.389999389648438,28.760000228881836,589800,0.0,0.0
2024-04-11 00:00:00-04:00,28.860000610351562,29.190000534057617,28.600000381469727,29.079999923706055,295100,0.0,0.0
2024-04-12 00:00:00-04:00,28.8700008392334,29.049999237060547,28.209999084472656,28.219999313354492,293600,0.0,0.0
2024-04-15 00:00:00-04:00,28.25,28.6200008392334,27.43000030517578,27.540000915527344,278800,0.0,0.0
2024-04-16 00:00:00-04:00,27.190000534057617,27.200000762939453,26.059999465942383,26.40999984741211,532000,0.0,0.0
2024-04-17 00:00:00-04:00,26.65999984741211,26.75,25.920000076293945,26.059999465942383,815200,0.0,0.0
2024-04-18 00:00:00-04:00,26.56999969482422,26.959999084472656,25.770000457763672,25.790000915527344,383300,0.0,0.0
2024-04-19 00:00:00-04:00,25.809999465942383,26.65999984741211,25.809999465942383,26.309999465942383,256100,0.0,0.0
2024-04-22 00:00:00-04:00,26.530000686645508,26.780000686645508,26.239999771118164,26.59000015258789,257300,0.0,0.0
2024-04-23 00:00:00-04:00,26.760000228881836,27.899999618530273,26.65999984741211,27.8799991607666,304500,0.0,0.0
2024-04-24 00:00:00-04:00,27.8799991607666,28.510000228881836,27.15999984741211,27.209999084472656,399200,0.0,0.0
2024-04-25 00:00:00-04:00,26.670000076293945,27.530000686645508,26.1200008392334,27.489999771118164,328100,0.0,0.0
2024-04-26 00:00:00-04:00,27.739999771118164,28.579999923706055,27.670000076293945,28.450000762939453,253300,0.0,0.0
2024-04-29 00:00:00-04:00,28.65999984741211,29.030000686645508,28.389999389648438,28.399999618530273,301000,0.0,0.0
2024-04-30 00:00:00-04:00,28.030000686645508,28.56999969482422,27.989999771118164,28.030000686645508,235700,0.0,0.0
2024-05-01 00:00:00-04:00,28.030000686645508,29.209999084472656,27.700000762939453,28.200000762939453,412600,0.0,0.0
2024-05-02 00:00:00-04:00,27.8700008392334,28.31999969482422,25.479999542236328,27.010000228881836,1121700,0.0,0.0
2024-05-03 00:00:00-04:00,27.729999542236328,28.899999618530273,27.59000015258789,27.700000762939453,541500,0.0,0.0
2024-05-06 00:00:00-04:00,27.93000030517578,28.549999237060547,27.739999771118164,28.34000015258789,394100,0.0,0.0
2024-05-07 00:00:00-04:00,28.350000381469727,29.309999465942383,28.260000228881836,28.950000762939453,585400,0.0,0.0
2024-05-08 00:00:00-04:00,28.670000076293945,28.959999084472656,28.40999984741211,28.739999771118164,373600,0.0,0.0
2024-05-09 00:00:00-04:00,28.600000381469727,28.899999618530273,28.020000457763672,28.690000534057617,461500,0.0,0.0
2024-05-10 00:00:00-04:00,28.780000686645508,28.8799991607666,28.280000686645508,28.43000030517578,392400,0.0,0.0
2024-05-13 00:00:00-04:00,28.649999618530273,28.770000457763672,28.290000915527344,28.299999237060547,282400,0.0,0.0
2024-05-14 00:00:00-04:00,28.739999771118164,28.84000015258789,28.18000030517578,28.299999237060547,196700,0.0,0.0
2024-05-15 00:00:00-04:00,29.0,29.920000076293945,28.989999771118164,29.84000015258789,331500,0.0,0.0
2024-05-16 00:00:00-04:00,29.600000381469727,29.6299991607666,28.3700008392334,28.399999618530273,397200,0.0,0.0
2024-05-17 00:00:00-04:00,28.559999465942383,28.920000076293945,28.31999969482422,28.770000457763672,264200,0.0,0.0
2024-05-20 00:00:00-04:00,28.729999542236328,29.540000915527344,28.6200008392334,29.450000762939453,337800,0.0,0.0
2024-05-21 00:00:00-04:00,29.360000610351562,29.360000610351562,28.6299991607666,28.700000762939453,330200,0.0,0.0
2024-05-22 00:00:00-04:00,28.559999465942383,28.6299991607666,27.649999618530273,27.729999542236328,586100,0.0,0.0
2024-05-23 00:00:00-04:00,27.81999969482422,27.920000076293945,27.1200008392334,27.200000762939453,459800,0.0,0.0
2024-05-24 00:00:00-04:00,27.5,27.799999237060547,27.209999084472656,27.530000686645508,167400,0.0,0.0
2024-05-28 00:00:00-04:00,27.6299991607666,28.280000686645508,27.6299991607666,27.889999389648438,253700,0.0,0.0
2024-05-29 00:00:00-04:00,27.459999084472656,27.579999923706055,27.010000228881836,27.06999969482422,251200,0.0,0.0
2024-05-30 00:00:00-04:00,27.3700008392334,27.8799991607666,27.149999618530273,27.479999542236328,310600,0.0,0.0
2024-05-31 00:00:00-04:00,28.100000381469727,28.809999465942383,27.959999084472656,28.719999313354492,456000,0.0,0.0
2024-06-03 00:00:00-04:00,29.1200008392334,29.5,28.75,29.34000015258789,299500,0.0,0.0
2024-06-04 00:00:00-04:00,29.170000076293945,29.170000076293945,28.389999389648438,28.559999465942383,275400,0.0,0.0
2024-06-05 00:00:00-04:00,28.850000381469727,28.959999084472656,28.40999984741211,28.760000228881836,261200,0.0,0.0
2024-06-06 00:00:00-04:00,28.6299991607666,29.149999618530273,28.469999313354492,28.479999542236328,230100,0.0,0.0
2024-06-07 00:00:00-04:00,28.0,28.40999984741211,27.6200008392334,28.100000381469727,332800,0.0,0.0
2024-06-10 00:00:00-04:00,27.799999237060547,28.450000762939453,27.719999313354492,28.329999923706055,226100,0.0,0.0
2024-06-11 00:00:00-04:00,28.0,28.15999984741211,27.8700008392334,27.8799991607666,220700,0.0,0.0
2024-06-12 00:00:00-04:00,29.209999084472656,30.6200008392334,28.549999237060547,28.780000686645508,432800,0.0,0.0
2024-06-13 00:00:00-04:00,28.530000686645508,28.780000686645508,28.010000228881836,28.479999542236328,534900,0.0,0.0
2024-06-14 00:00:00-04:00,27.90999984741211,28.15999984741211,27.649999618530273,27.75,255600,0.0,0.0
2024-06-17 00:00:00-04:00,28.030000686645508,28.8799991607666,27.90999984741211,28.799999237060547,511300,0.0,0.0
2024-06-18 00:00:00-04:00,28.559999465942383,28.65999984741211,28.09000015258789,28.170000076293945,312400,0.0,0.0
2024-06-20 00:00:00-04:00,28.030000686645508,28.59000015258789,27.459999084472656,27.510000228881836,372800,0.0,0.0
2024-06-21 00:00:00-04:00,27.65999984741211,28.049999237060547,27.270000457763672,27.600000381469727,1238400,0.0,0.0
2024-06-24 00:00:00-04:00,27.649999618530273,28.440000534057617,27.649999618530273,28.09000015258789,317800,0.0,0.0
2024-06-25 00:00:00-04:00,27.81999969482422,27.860000610351562,27.049999237060547,27.309999465942383,310000,0.0,0.0
2024-06-26 00:00:00-04:00,27.059999465942383,27.350000381469727,27.010000228881836,27.270000457763672,355400,0.0,0.0
2024-06-27 00:00:00-04:00,27.309999465942383,27.610000610351562,27.110000610351562,27.399999618530273,247000,0.0,0.0
2024-06-28 00:00:00-04:00,27.790000915527344,27.989999771118164,27.110000610351562,27.479999542236328,577500,0.0,0.0
2024-07-01 00:00:00-04:00,27.6299991607666,27.649999618530273,26.209999084472656,26.68000030517578,432700,0.0,0.0
2024-07-02 00:00:00-04:00,26.219999313354492,26.399999618530273,25.950000762939453,26.270000457763672,324400,0.0,0.0
2024-07-03 00:00:00-04:00,26.15999984741211,26.809999465942383,26.1299991607666,26.420000076293945,147400,0.0,0.0
2024-07-05 00:00:00-04:00,26.270000457763672,26.459999084472656,26.030000686645508,26.209999084472656,387700,0.0,0.0
2024-07-08 00:00:00-04:00,26.530000686645508,26.950000762939453,26.34000015258789,26.899999618530273,233700,0.0,0.0
2024-07-09 00:00:00-04:00,26.760000228881836,26.940000534057617,26.079999923706055,26.100000381469727,342100,0.0,0.0
2024-07-10 00:00:00-04:00,26.389999389648438,27.06999969482422,26.280000686645508,26.920000076293945,307700,0.0,0.0
2024-07-11 00:00:00-04:00,28.079999923706055,29.469999313354492,27.75,29.260000228881836,700900,0.0,0.0
2024-07-12 00:00:00-04:00,29.8700008392334,31.049999237060547,29.790000915527344,30.760000228881836,835400,0.0,0.0
2024-07-15 00:00:00-04:00,31.1200008392334,31.59000015258789,30.899999618530273,31.030000686645508,622700,0.0,0.0
2024-07-16 00:00:00-04:00,31.610000610351562,33.18000030517578,31.510000228881836,33.040000915527344,901700,0.0,0.0
2024-07-17 00:00:00-04:00,32.54999923706055,33.290000915527344,32.439998626708984,32.91999816894531,610300,0.0,0.0
2024-07-18 00:00:00-04:00,32.95000076293945,34.880001068115234,31.8700008392334,32.029998779296875,634700,0.0,0.0
2024-07-19 00:00:00-04:00,31.93000030517578,32.16999816894531,31.639999389648438,31.68000030517578,367700,0.0,0.0
2024-07-22 00:00:00-04:00,31.989999771118164,32.29999923706055,31.170000076293945,32.25,297000,0.0,0.0
2024-07-23 00:00:00-04:00,31.90999984741211,33.470001220703125,31.700000762939453,33.25,327200,0.0,0.0
2024-07-24 00:00:00-04:00,33.06999969482422,33.70000076293945,31.780000686645508,31.799999237060547,378400,0.0,0.0
2024-07-25 00:00:00-04:00,32.13999938964844,33.68000030517578,31.829999923706055,32.72999954223633,373600,0.0,0.0
2024-07-26 00:00:00-04:00,33.84000015258789,34.68000030517578,33.52000045776367,33.84000015258789,327800,0.0,0.0
2024-07-29 00:00:00-04:00,34.11000061035156,34.27000045776367,33.459999084472656,33.630001068115234,198900,0.0,0.0
2024-07-30 00:00:00-04:00,33.869998931884766,34.58000183105469,33.400001525878906,34.04999923706055,480200,0.0,0.0
2024-07-31 00:00:00-04:00,34.290000915527344,34.88999938964844,33.349998474121094,33.66999816894531,361600,0.0,0.0
2024-08-01 00:00:00-04:00,33.66999816894531,34.0099983215332,32.220001220703125,32.72999954223633,332000,0.0,0.0
2024-08-02 00:00:00-04:00,31.239999771118164,31.239999771118164,28.290000915527344,28.56999969482422,1038100,0.0,0.0
2024-08-05 00:00:00-04:00,26.31999969482422,27.450000762939453,25.579999923706055,26.770000457763672,1028000,0.0,0.0
2024-08-06 00:00:00-04:00,26.81999969482422,28.110000610351562,26.239999771118164,27.31999969482422,529700,0.0,0.0
2024-08-07 00:00:00-04:00,28.059999465942383,28.239999771118164,25.850000381469727,25.90999984741211,606300,0.0,0.0
2024-08-08 00:00:00-04:00,26.670000076293945,27.670000076293945,26.399999618530273,27.459999084472656,433100,0.0,0.0
2024-08-09 00:00:00-04:00,27.670000076293945,28.1299991607666,27.309999465942383,27.75,419500,0.0,0.0
2024-08-12 00:00:00-04:00,28.09000015258789,28.15999984741211,27.290000915527344,27.5,289300,0.0,0.0
2024-08-13 00:00:00-04:00,27.950000762939453,28.299999237060547,27.399999618530273,27.84000015258789,375700,0.0,0.0
2024-08-14 00:00:00-04:00,28.229999542236328,28.290000915527344,27.360000610351562,27.770000457763672,331000,0.0,0.0
2024-08-15 00:00:00-04:00,28.5,29.40999984741211,27.6299991607666,29.100000381469727,538800,0.0,0.0
2024-08-16 00:00:00-04:00,29.020000457763672,29.690000534057617,28.670000076293945,28.739999771118164,435800,0.0,0.0
2024-08-19 00:00:00-04:00,28.969999313354492,30.280000686645508,28.969999313354492,29.969999313354492,433500,0.0,0.0
2024-08-20 00:00:00-04:00,29.8799991607666,30.329999923706055,29.489999771118164,29.690000534057617,244700,0.0,0.0
2024-08-21 00:00:00-04:00,30.200000762939453,31.059999465942383,29.940000534057617,31.020000457763672,408700,0.0,0.0
2024-08-22 00:00:00-04:00,30.959999084472656,31.440000534057617,30.729999542236328,31.18000030517578,217300,0.0,0.0
2024-08-23 00:00:00-04:00,31.649999618530273,32.619998931884766,31.049999237060547,32.4900016784668,920000,0.0,0.0
2024-08-26 00:00:00-04:00,32.95000076293945,32.95000076293945,31.8700008392334,31.959999084472656,306900,0.0,0.0
2024-08-27 00:00:00-04:00,31.709999084472656,32.29999923706055,31.25,31.65999984741211,220300,0.0,0.0
2024-08-28 00:00:00-04:00,31.25,31.510000228881836,30.68000030517578,31.040000915527344,235100,0.0,0.0
2024-08-29 00:00:00-04:00,31.399999618530273,31.459999084472656,30.40999984741211,31.040000915527344,261300,0.0,0.0
2024-08-30 00:00:00-04:00,31.530000686645508,31.559999465942383,30.75,31.280000686645508,253900,0.0,0.0
2024-09-03 00:00:00-04:00,30.989999771118164,31.209999084472656,29.729999542236328,29.860000610351562,338500,0.0,0.0
2024-09-04 00:00:00-04:00,29.690000534057617,30.09000015258789,29.040000915527344,29.829999923706055,220000,0.0,0.0
2024-09-05 00:00:00-04:00,31.110000610351562,31.600000381469727,30.559999465942383,30.75,439200,0.0,0.0
2024-09-06 00:00:00-04:00,30.899999618530273,31.540000915527344,30.389999389648438,30.799999237060547,318600,0.0,0.0
2024-09-09 00:00:00-04:00,30.760000228881836,31.489999771118164,30.68000030517578,31.1200008392334,404800,0.0,0.0
2024-09-10 00:00:00-04:00,31.209999084472656,31.40999984741211,30.610000610351562,30.969999313354492,344300,0.0,0.0
2024-09-11 00:00:00-04:00,30.68000030517578,31.190000534057617,30.079999923706055,31.100000381469727,330500,0.0,0.0
2024-09-12 00:00:00-04:00,31.43000030517578,32.310001373291016,31.190000534057617,31.920000076293945,358900,0.0,0.0
2024-09-13 00:00:00-04:00,32.68000030517578,33.86000061035156,32.29999923706055,33.59000015258789,373100,0.0,0.0
2024-09-16 00:00:00-04:00,33.97999954223633,34.02000045776367,33.25,33.88999938964844,260400,0.0,0.0
2024-09-17 00:00:00-04:00,33.77000045776367,34.279998779296875,33.349998474121094,33.88999938964844,481200,0.0,0.0
2024-09-18 00:00:00-04:00,34.11000061035156,35.20000076293945,33.59000015258789,33.7599983215332,501500,0.0,0.0
2024-09-19 00:00:00-04:00,35.02000045776367,35.02000045776367,33.79999923706055,34.54999923706055,487100,0.0,0.0
2024-09-20 00:00:00-04:00,33.70000076293945,34.40999984741211,33.2400016784668,33.310001373291016,781200,0.0,0.0
2024-09-23 00:00:00-04:00,33.77000045776367,34.11000061035156,33.06999969482422,33.4900016784668,251100,0.0,0.0
2024-09-24 00:00:00-04:00,33.560001373291016,34.099998474121094,33.220001220703125,33.369998931884766,236100,0.0,0.0
2024-09-25 00:00:00-04:00,33.02000045776367,33.59000015258789,32.650001525878906,32.970001220703125,420900,0.0,0.0
2024-09-26 00:00:00-04:00,33.560001373291016,33.810001373291016,32.59000015258789,32.619998931884766,261900,0.0,0.0
2024-09-27 00:00:00-04:00,33.560001373291016,34.599998474121094,33.0099983215332,33.970001220703125,377600,0.0,0.0
2024-09-30 00:00:00-04:00,34.0,34.380001068115234,33.65999984741211,34.16999816894531,352600,0.0,0.0
2024-10-01 00:00:00-04:00,34.11000061035156,34.22999954223633,33.36000061035156,33.83000183105469,234500,0.0,0.0
2024-10-02 00:00:00-04:00,33.43000030517578,33.88999938964844,33.11000061035156,33.36000061035156,218900,0.0,0.0
2024-10-03 00:00:00-04:00,33.11000061035156,33.349998474121094,32.34000015258789,32.86000061035156,273300,0.0,0.0
2024-10-04 00:00:00-04:00,33.33000183105469,33.400001525878906,31.940000534057617,32.380001068115234,294200,0.0,0.0
2024-10-07 00:00:00-04:00,31.989999771118164,32.13999938964844,31.610000610351562,31.989999771118164,445500,0.0,0.0
2024-10-08 00:00:00-04:00,32.279998779296875,32.75,31.829999923706055,32.2400016784668,239100,0.0,0.0
2024-10-09 00:00:00-04:00,32.119998931884766,32.4900016784668,31.950000762939453,31.959999084472656,193600,0.0,0.0
2024-10-10 00:00:00-04:00,31.329999923706055,31.8700008392334,31.229999542236328,31.3799991607666,200800,0.0,0.0
2024-10-11 00:00:00-04:00,31.469999313354492,32.04999923706055,31.469999313354492,31.84000015258789,222900,0.0,0.0
2024-10-14 00:00:00-04:00,31.8799991607666,32.369998931884766,31.709999084472656,32.290000915527344,148900,0.0,0.0
2024-10-15 00:00:00-04:00,32.349998474121094,33.130001068115234,32.349998474121094,32.529998779296875,209300,0.0,0.0
2024-10-16 00:00:00-04:00,33.06999969482422,33.709999084472656,33.04999923706055,33.540000915527344,231300,0.0,0.0
2024-10-17 00:00:00-04:00,33.5,33.75,32.88999938964844,33.29999923706055,221800,0.0,0.0
2024-10-18 00:00:00-04:00,33.470001220703125,34.15999984741211,33.11000061035156,33.880001068115234,272000,0.0,0.0
2024-10-21 00:00:00-04:00,33.779998779296875,33.88999938964844,32.029998779296875,32.09000015258789,271500,0.0,0.0
2024-10-22 00:00:00-04:00,31.579999923706055,31.59000015258789,30.6299991607666,30.829999923706055,332900,0.0,0.0
2024-10-23 00:00:00-04:00,30.600000381469727,31.3799991607666,30.600000381469727,31.09000015258789,268000,0.0,0.0
2024-10-24 00:00:00-04:00,31.280000686645508,31.899999618530273,30.989999771118164,31.440000534057617,218400,0.0,0.0
2024-10-25 00:00:00-04:00,31.709999084472656,31.809999465942383,30.989999771118164,31.020000457763672,145000,0.0,0.0
2024-10-28 00:00:00-04:00,31.40999984741211,32.02000045776367,31.389999389648438,31.75,164100,0.0,0.0
2024-10-29 00:00:00-04:00,30.31999969482422,31.209999084472656,29.389999389648438,31.190000534057617,285400,0.0,0.0
2024-10-30 00:00:00-04:00,31.030000686645508,31.799999237060547,30.829999923706055,31.420000076293945,170200,0.0,0.0
2024-10-31 00:00:00-04:00,31.149999618530273,31.3799991607666,30.700000762939453,30.760000228881836,207500,0.0,0.0
2024-11-01 00:00:00-04:00,31.3799991607666,31.75,30.649999618530273,30.770000457763672,235600,0.0,0.0
2024-11-04 00:00:00-05:00,30.969999313354492,32.22999954223633,30.860000610351562,31.239999771118164,583900,0.0,0.0
2024-11-05 00:00:00-05:00,31.0,32.029998779296875,30.950000762939453,32.0099983215332,377500,0.0,0.0
2024-11-06 00:00:00-05:00,31.8700008392334,32.630001068115234,30.93000030517578,32.599998474121094,491600,0.0,0.0
2024-11-07 00:00:00-05:00,32.599998474121094,33.5,32.599998474121094,32.97999954223633,364700,0.0,0.0
2024-11-08 00:00:00-05:00,32.88999938964844,33.70000076293945,32.849998474121094,33.47999954223633,197500,0.0,0.0
2024-11-11 00:00:00-05:00,33.900001525878906,34.13999938964844,33.59000015258789,33.650001525878906,191900,0.0,0.0
2024-11-12 00:00:00-05:00,33.40999984741211,33.5099983215332,32.02000045776367,32.060001373291016,285600,0.0,0.0
2024-11-13 00:00:00-05:00,32.869998931884766,32.959999084472656,31.360000610351562,31.959999084472656,470800,0.0,0.0
2024-11-14 00:00:00-05:00,36.349998474121094,38.220001220703125,34.40999984741211,34.630001068115234,1317400,0.0,0.0
2024-11-15 00:00:00-05:00,34.70000076293945,34.70000076293945,33.16999816894531,33.29999923706055,462600,0.0,0.0
2024-11-18 00:00:00-05:00,33.0,33.2599983215332,32.540000915527344,32.630001068115234,411500,0.0,0.0
2024-11-19 00:00:00-05:00,32.439998626708984,33.099998474121094,32.209999084472656,32.90999984741211,364000,0.0,0.0
2024-11-20 00:00:00-05:00,32.7400016784668,33.099998474121094,32.5,32.65999984741211,239700,0.0,0.0
2024-11-21 00:00:00-05:00,32.86000061035156,33.47999954223633,32.66999816894531,33.029998779296875,209900,0.0,0.0
2024-11-22 00:00:00-05:00,33.34000015258789,34.16999816894531,33.11000061035156,34.130001068115234,254500,0.0,0.0
2024-11-25 00:00:00-05:00,34.790000915527344,36.720001220703125,34.790000915527344,35.72999954223633,422700,0.0,0.0
2024-11-26 00:00:00-05:00,35.290000915527344,35.400001525878906,34.869998931884766,34.9900016784668,641400,0.0,0.0
2024-11-27 00:00:00-05:00,35.56999969482422,35.7599983215332,34.90999984741211,34.93000030517578,231800,0.0,0.0
2024-11-29 00:00:00-05:00,35.470001220703125,35.66999816894531,34.84000015258789,34.95000076293945,113100,0.0,0.0
2024-12-02 00:00:00-05:00,34.91999816894531,35.31999969482422,34.22999954223633,34.900001525878906,256800,0.0,0.0
2024-12-03 00:00:00-05:00,34.9900016784668,34.9900016784668,34.36000061035156,34.72999954223633,187800,0.0,0.0
2024-12-04 00:00:00-05:00,34.56999969482422,34.86000061035156,34.0,34.130001068115234,307400,0.0,0.0
2024-12-05 00:00:00-05:00,34.25,34.38999938964844,33.02000045776367,33.279998779296875,204800,0.0,0.0
2024-12-06 00:00:00-05:00,33.90999984741211,33.90999984741211,31.739999771118164,32.27000045776367,533500,0.0,0.0
2024-12-09 00:00:00-05:00,32.689998626708984,33.040000915527344,32.4900016784668,32.83000183105469,201000,0.0,0.0
2024-12-10 00:00:00-05:00,32.0099983215332,32.689998626708984,31.809999465942383,32.18000030517578,236000,0.0,0.0
2024-12-11 00:00:00-05:00,32.68000030517578,32.68000030517578,31.610000610351562,31.899999618530273,397400,0.0,0.0
2024-12-12 00:00:00-05:00,31.860000610351562,32.209999084472656,31.450000762939453,31.6299991607666,251900,0.0,0.0
2024-12-13 00:00:00-05:00,31.3799991607666,31.450000762939453,30.260000228881836,30.719999313354492,245600,0.0,0.0
2024-12-16 00:00:00-05:00,30.56999969482422,30.93000030517578,30.329999923706055,30.6200008392334,251700,0.0,0.0
2024-12-17 00:00:00-05:00,30.610000610351562,31.1200008392334,29.899999618530273,30.010000228881836,235800,0.0,0.0
2024-12-18 00:00:00-05:00,30.229999542236328,30.479999542236328,28.18000030517578,28.3799991607666,362900,0.0,0.0
2024-12-19 00:00:00-05:00,27.809999465942383,28.40999984741211,27.209999084472656,27.799999237060547,524200,0.0,0.0
2024-12-20 00:00:00-05:00,27.559999465942383,28.43000030517578,27.559999465942383,27.920000076293945,594500,0.0,0.0
2024-12-23 00:00:00-05:00,27.850000381469727,28.329999923706055,27.719999313354492,28.15999984741211,263000,0.0,0.0
2024-12-24 00:00:00-05:00,28.15999984741211,28.31999969482422,27.90999984741211,28.31999969482422,93600,0.0,0.0
2024-12-26 00:00:00-05:00,27.940000534057617,28.170000076293945,27.770000457763672,28.110000610351562,218800,0.0,0.0
2024-12-27 00:00:00-05:00,27.809999465942383,28.170000076293945,27.260000228881836,27.610000610351562,168200,0.0,0.0
2024-12-30 00:00:00-05:00,27.469999313354492,27.469999313354492,26.969999313354492,27.34000015258789,226200,0.0,0.0
2024-12-31 00:00:00-05:00,27.610000610351562,27.8799991607666,27.3700008392334,27.459999084472656,237300,0.0,0.0
2025-01-02 00:00:00-05:00,27.84000015258789,27.979999542236328,26.40999984741211,26.739999771118164,270900,0.0,0.0
2025-01-03 00:00:00-05:00,26.93000030517578,27.049999237060547,26.540000915527344,26.690000534057617,169600,0.0,0.0
2025-01-06 00:00:00-05:00,26.850000381469727,27.290000915527344,26.190000534057617,26.299999237060547,232600,0.0,0.0
2025-01-07 00:00:00-05:00,26.31999969482422,26.770000457763672,25.920000076293945,26.360000610351562,354600,0.0,0.0
2025-01-08 00:00:00-05:00,26.219999313354492,26.670000076293945,25.75,26.56999969482422,311100,0.0,0.0
2025-01-10 00:00:00-05:00,26.059999465942383,26.329999923706055,25.549999237060547,25.6299991607666,261500,0.0,0.0
2025-01-13 00:00:00-05:00,25.520000457763672,26.139999389648438,25.389999389648438,26.1200008392334,222900,0.0,0.0
2025-01-14 00:00:00-05:00,26.899999618530273,27.200000762939453,26.540000915527344,27.079999923706055,385600,0.0,0.0
2025-01-15 00:00:00-05:00,28.690000534057617,28.889999389648438,27.940000534057617,28.43000030517578,378400,0.0,0.0
2025-01-16 00:00:00-05:00,28.31999969482422,28.579999923706055,27.8799991607666,28.56999969482422,238000,0.0,0.0
2025-01-17 00:00:00-05:00,29.09000015258789,29.149999618530273,27.899999618530273,28.25,204300,0.0,0.0
2025-01-21 00:00:00-05:00,28.780000686645508,29.030000686645508,28.06999969482422,28.190000534057617,252100,0.0,0.0
2025-01-22 00:00:00-05:00,28.0,28.209999084472656,27.68000030517578,28.0,188100,0.0,0.0
2025-01-23 00:00:00-05:00,27.889999389648438,28.290000915527344,27.469999313354492,27.93000030517578,224800,0.0,0.0
2025-01-24 00:00:00-05:00,27.81999969482422,28.010000228881836,27.479999542236328,27.520000457763672,150400,0.0,0.0
2025-01-27 00:00:00-05:00,27.549999237060547,29.299999237060547,27.469999313354492,28.3700008392334,404100,0.0,0.0
2025-01-28 00:00:00-05:00,28.299999237060547,28.299999237060547,27.450000762939453,27.459999084472656,201800,0.0,0.0
2025-01-29 00:00:00-05:00,27.3799991607666,27.520000457763672,26.559999465942383,26.940000534057617,243900,0.0,0.0
2025-01-30 00:00:00-05:00,27.270000457763672,28.079999923706055,27.0,27.700000762939453,334700,0.0,0.0
2025-01-31 00:00:00-05:00,24.0,24.610000610351562,21.90999984741211,22.15999984741211,2145100,0.0,0.0
2025-02-03 00:00:00-05:00,21.510000228881836,21.979999542236328,20.65999984741211,21.329999923706055,849700,0.0,0.0
2025-02-04 00:00:00-05:00,21.299999237060547,22.260000228881836,21.219999313354492,22.06999969482422,640100,0.0,0.0
2025-02-05 00:00:00-05:00,22.260000228881836,22.5,21.579999923706055,21.90999984741211,505200,0.0,0.0
2025-02-06 00:00:00-05:00,22.100000381469727,23.260000228881836,22.100000381469727,22.559999465942383,765700,0.0,0.0
2025-02-07 00:00:00-05:00,22.799999237060547,22.850000381469727,21.739999771118164,21.950000762939453,631100,0.0,0.0
2025-02-10 00:00:00-05:00,22.110000610351562,22.610000610351562,21.8700008392334,22.600000381469727,739400,0.0,0.0
2025-02-11 00:00:00-05:00,24.18000030517578,24.18000030517578,22.920000076293945,23.81999969482422,1117200,0.0,0.0
2025-02-12 00:00:00-05:00,23.1200008392334,24.3700008392334,22.809999465942383,24.34000015258789,919900,0.0,0.0
2025-02-13 00:00:00-05:00,24.709999084472656,24.8700008392334,24.1299991607666,24.579999923706055,455400,0.0,0.0
2025-02-14 00:00:00-05:00,24.75,25.360000610351562,24.5,25.100000381469727,745400,0.0,0.0
2025-02-18 00:00:00-05:00,25.1200008392334,25.139999389648438,23.75,24.219999313354492,579700,0.0,0.0
2025-02-19 00:00:00-05:00,23.639999389648438,24.350000381469727,23.299999237060547,24.229999542236328,462500,0.0,0.0
2025-02-20 00:00:00-05:00,24.079999923706055,24.780000686645508,23.920000076293945,24.469999313354492,453100,0.0,0.0
2025-02-21 00:00:00-05:00,24.860000610351562,24.860000610351562,23.079999923706055,23.329999923706055,568500,0.0,0.0
2025-02-24 00:00:00-05:00,23.469999313354492,23.559999465942383,22.729999542236328,22.729999542236328,424700,0.0,0.0
2025-02-25 00:00:00-05:00,23.020000457763672,24.190000534057617,23.0,23.770000457763672,686300,0.0,0.0
2025-02-26 00:00:00-05:00,23.829999923706055,24.09000015258789,23.049999237060547,23.110000610351562,485900,0.0,0.0
2025-02-27 00:00:00-05:00,23.079999923706055,23.3700008392334,22.420000076293945,22.440000534057617,298200,0.0,0.0
2025-02-28 00:00:00-05:00,22.43000030517578,22.639999389648438,21.959999084472656,22.299999237060547,415500,0.0,0.0
2025-03-03 00:00:00-05:00,22.290000915527344,22.549999237060547,21.469999313354492,21.540000915527344,401600,0.0,0.0
2025-03-04 00:00:00-05:00,21.200000762939453,22.149999618530273,21.020000457763672,21.6299991607666,567300,0.0,0.0
2025-03-05 00:00:00-05:00,21.68000030517578,22.389999389648438,21.489999771118164,22.360000610351562,597100,0.0,0.0
2025-03-06 00:00:00-05:00,22.399999618530273,23.530000686645508,22.309999465942383,23.200000762939453,510500,0.0,0.0
2025-03-07 00:00:00-05:00,23.229999542236328,23.360000610351562,22.719999313354492,23.139999389648438,449700,0.0,0.0
2025-03-10 00:00:00-04:00,22.979999542236328,23.639999389648438,22.459999084472656,22.670000076293945,629200,0.0,0.0
2025-03-11 00:00:00-04:00,22.68000030517578,22.84000015258789,21.799999237060547,22.149999618530273,520100,0.0,0.0
2025-03-12 00:00:00-04:00,22.34000015258789,22.420000076293945,21.540000915527344,21.770000457763672,432000,0.0,0.0
2025-03-13 00:00:00-04:00,21.729999542236328,21.889999389648438,21.020000457763672,21.059999465942383,251100,0.0,0.0
2025-03-14 00:00:00-04:00,21.239999771118164,21.440000534057617,20.899999618530273,21.399999618530273,359300,0.0,0.0
2025-03-17 00:00:00-04:00,21.3700008392334,21.75,21.190000534057617,21.65999984741211,294600,0.0,0.0
2025-03-18 00:00:00-04:00,21.610000610351562,21.959999084472656,21.440000534057617,21.700000762939453,300600,0.0,0.0
2025-03-19 00:00:00-04:00,21.670000076293945,22.440000534057617,21.6299991607666,22.15999984741211,231300,0.0,0.0
2025-03-20 00:00:00-04:00,21.959999084472656,22.709999084472656,21.959999084472656,22.09000015258789,271400,0.0,0.0
2025-03-21 00:00:00-04:00,21.43000030517578,21.760000228881836,21.149999618530273,21.3799991607666,628900,0.0,0.0
2025-03-24 00:00:00-04:00,21.75,22.270000457763672,21.59000015258789,22.25,313300,0.0,0.0
2025-03-25 00:00:00-04:00,21.84000015258789,22.229999542236328,21.399999618530273,21.65999984741211,378200,0.0,0.0
2025-03-26 00:00:00-04:00,21.729999542236328,22.040000915527344,21.190000534057617,21.479999542236328,257400,0.0,0.0
2025-03-27 00:00:00-04:00,21.329999923706055,21.600000381469727,21.149999618530273,21.280000686645508,272200,0.0,0.0
2025-03-28 00:00:00-04:00,21.290000915527344,21.309999465942383,20.15999984741211,20.270000457763672,369900,0.0,0.0
2025-03-31 00:00:00-04:00,20.0,20.510000228881836,19.799999237060547,20.389999389648438,406100,0.0,0.0
2025-04-01 00:00:00-04:00,20.3799991607666,20.649999618530273,19.969999313354492,20.510000228881836,240200,0.0,0.0
2025-04-02 00:00:00-04:00,20.219999313354492,20.889999389648438,20.219999313354492,20.8700008392334,186700,0.0,0.0
2025-04-03 00:00:00-04:00,19.950000762939453,20.100000381469727,19.010000228881836,19.020000457763672,543400,0.0,0.0
2025-04-04 00:00:00-04:00,18.56999969482422,20.510000228881836,18.3700008392334,20.3700008392334,970400,0.0,0.0
2025-04-07 00:00:00-04:00,19.40999984741211,20.969999313354492,19.239999771118164,19.420000076293945,500800,0.0,0.0
2025-04-08 00:00:00-04:00,20.1200008392334,20.239999771118164,17.989999771118164,18.290000915527344,637800,0.0,0.0
2025-04-09 00:00:00-04:00,17.719999313354492,20.139999389648438,17.530000686645508,19.639999389648438,562100,0.0,0.0
2025-04-10 00:00:00-04:00,18.959999084472656,19.18000030517578,17.8700008392334,18.3799991607666,468300,0.0,0.0
2025-04-11 00:00:00-04:00,18.170000076293945,18.350000381469727,17.3700008392334,18.229999542236328,333100,0.0,0.0
2025-04-14 00:00:00-04:00,18.610000610351562,18.709999084472656,17.860000610351562,18.450000762939453,317000,0.0,0.0
2025-04-15 00:00:00-04:00,18.489999771118164,18.8700008392334,18.18000030517578,18.43000030517578,281900,0.0,0.0
2025-04-16 00:00:00-04:00,18.280000686645508,18.56999969482422,17.6299991607666,17.940000534057617,314700,0.0,0.0
2025-04-17 00:00:00-04:00,17.940000534057617,18.610000610351562,17.940000534057617,18.59000015258789,377800,0.0,0.0
2025-04-21 00:00:00-04:00,18.329999923706055,18.43000030517578,17.780000686645508,18.049999237060547,326400,0.0,0.0
2025-04-22 00:00:00-04:00,18.440000534057617,19.100000381469727,18.239999771118164,19.059999465942383,481600,0.0,0.0
2025-04-23 00:00:00-04:00,20.049999237060547,20.260000228881836,18.860000610351562,18.889999389648438,414800,0.0,0.0
2025-04-24 00:00:00-04:00,18.959999084472656,19.229999542236328,18.56999969482422,19.219999313354492,315600,0.0,0.0
2025-04-25 00:00:00-04:00,19.030000686645508,19.3799991607666,18.850000381469727,19.260000228881836,416600,0.0,0.0
2025-04-28 00:00:00-04:00,19.260000228881836,19.979999542236328,18.989999771118164,19.489999771118164,296900,0.0,0.0
2025-04-29 00:00:00-04:00,19.309999465942383,19.479999542236328,18.90999984741211,19.350000381469727,257200,0.0,0.0
2025-04-30 00:00:00-04:00,19.030000686645508,19.610000610351562,18.649999618530273,19.559999465942383,396300,0.0,0.0
2025-05-01 00:00:00-04:00,19.6200008392334,19.90999984741211,19.31999969482422,19.530000686645508,294200,0.0,0.0
2025-05-02 00:00:00-04:00,21.399999618530273,22.200000762939453,20.459999084472656,21.25,934000,0.0,0.0
2025-05-05 00:00:00-04:00,20.90999984741211,21.770000457763672,20.780000686645508,21.200000762939453,560200,0.0,0.0
2025-05-06 00:00:00-04:00,20.860000610351562,21.239999771118164,20.6200008392334,20.68000030517578,375800,0.0,0.0
2025-05-07 00:00:00-04:00,20.950000762939453,21.229999542236328,20.770000457763672,21.020000457763672,458000,0.0,0.0
2025-05-08 00:00:00-04:00,21.260000228881836,21.770000457763672,21.149999618530273,21.5,263900,0.0,0.0
2025-05-09 00:00:00-04:00,21.469999313354492,21.719999313354492,21.34000015258789,21.440000534057617,278800,0.0,0.0
2025-05-12 00:00:00-04:00,22.690000534057617,23.170000076293945,21.75,21.850000381469727,417100,0.0,0.0
2025-05-13 00:00:00-04:00,22.5,24.049999237060547,22.350000381469727,23.34000015258789,830000,0.0,0.0
2025-05-14 00:00:00-04:00,23.110000610351562,23.110000610351562,21.979999542236328,22.010000228881836,462500,0.0,0.0
2025-05-15 00:00:00-04:00,22.030000686645508,22.399999618530273,21.790000915527344,22.280000686645508,262400,0.0,0.0
2025-05-16 00:00:00-04:00,22.309999465942383,22.700000762939453,22.18000030517578,22.690000534057617,284900,0.0,0.0
2025-05-19 00:00:00-04:00,22.25,22.469999313354492,22.1200008392334,22.360000610351562,343000,0.0,0.0
2025-05-20 00:00:00-04:00,22.25,22.329999923706055,21.68000030517578,21.860000610351562,317000,0.0,0.0
2025-05-21 00:00:00-04:00,21.559999465942383,21.690000534057617,20.56999969482422,20.700000762939453,394700,0.0,0.0
2025-05-22 00:00:00-04:00,20.579999923706055,20.790000915527344,20.450000762939453,20.700000762939453,312500,0.0,0.0
2025-05-23 00:00:00-04:00,20.239999771118164,20.809999465942383,20.200000762939453,20.729999542236328,198600,0.0,0.0
2025-05-27 00:00:00-04:00,21.110000610351562,21.420000076293945,20.829999923706055,21.309999465942383,359200,0.0,0.0
2025-05-28 00:00:00-04:00,21.110000610351562,21.270000457763672,20.459999084472656,20.459999084472656,376200,0.0,0.0
2025-05-29 00:00:00-04:00,20.770000457763672,20.770000457763672,20.309999465942383,20.559999465942383,263100,0.0,0.0
2025-05-30 00:00:00-04:00,20.399999618530273,20.75,20.190000534057617,20.520000457763672,504700,0.0,0.0
2025-06-02 00:00:00-04:00,20.469999313354492,20.709999084472656,20.110000610351562,20.690000534057617,455200,0.0,0.0
2025-06-03 00:00:00-04:00,20.729999542236328,21.34000015258789,20.600000381469727,21.239999771118164,500300,0.0,0.0
2025-06-04 00:00:00-04:00,21.260000228881836,22.110000610351562,21.149999618530273,21.950000762939453,471500,0.0,0.0
2025-06-05 00:00:00-04:00,21.8700008392334,22.0,21.43000030517578,21.84000015258789,355000,0.0,0.0
2025-06-06 00:00:00-04:00,22.040000915527344,22.040000915527344,21.260000228881836,21.360000610351562,290100,0.0,0.0
2025-06-09 00:00:00-04:00,21.6200008392334,22.280000686645508,21.489999771118164,21.979999542236328,278200,0.0,0.0
2025-06-10 00:00:00-04:00,22.31999969482422,23.1200008392334,22.0,22.969999313354492,487600,0.0,0.0
2025-06-11 00:00:00-04:00,23.270000457763672,23.40999984741211,22.299999237060547,22.309999465942383,367400,0.0,0.0
2025-06-12 00:00:00-04:00,22.1299991607666,22.43000030517578,21.770000457763672,22.25,280000,0.0,0.0
2025-06-13 00:00:00-04:00,21.829999923706055,22.260000228881836,21.360000610351562,21.489999771118164,283000,0.0,0.0
2025-06-16 00:00:00-04:00,21.770000457763672,22.059999465942383,21.450000762939453,21.920000076293945,208300,0.0,0.0
2025-06-17 00:00:00-04:00,22.149999618530273,22.59000015258789,21.350000381469727,21.40999984741211,392200,0.0,0.0
2025-06-18 00:00:00-04:00,21.25,21.809999465942383,21.1200008392334,21.450000762939453,235000,0.0,0.0
2025-06-20 00:00:00-04:00,21.5,21.850000381469727,21.309999465942383,21.6200008392334,538500,0.0,0.0
2025-06-23 00:00:00-04:00,21.450000762939453,22.350000381469727,21.350000381469727,22.329999923706055,236400,0.0,0.0
2025-06-24 00:00:00-04:00,22.270000457763672,22.84000015258789,22.139999389648438,22.43000030517578,249500,0.0,0.0
2025-06-25 00:00:00-04:00,22.270000457763672,22.309999465942383,21.75,21.90999984741211,211700,0.0,0.0
2025-06-26 00:00:00-04:00,22.030000686645508,22.110000610351562,21.729999542236328,22.110000610351562,184200,0.0,0.0
2025-06-27 00:00:00-04:00,22.18000030517578,23.100000381469727,22.170000076293945,22.600000381469727,476800,0.0,0.0
2025-06-30 00:00:00-04:00,22.5,22.649999618530273,21.8799991607666,22.3700008392334,350400,0.0,0.0
2025-07-01 00:00:00-04:00,22.170000076293945,24.299999237060547,22.170000076293945,23.399999618530273,497500,0.0,0.0
2025-07-02 00:00:00-04:00,23.520000457763672,24.079999923706055,23.299999237060547,23.899999618530273,323700,0.0,0.0
2025-07-03 00:00:00-04:00,23.829999923706055,23.920000076293945,23.399999618530273,23.579999923706055,156900,0.0,0.0
2025-07-07 00:00:00-04:00,23.450000762939453,23.610000610351562,22.959999084472656,23.170000076293945,227300,0.0,0.0
2025-07-08 00:00:00-04:00,23.270000457763672,23.600000381469727,22.90999984741211,23.1200008392334,268500,0.0,0.0
2025-07-09 00:00:00-04:00,23.3700008392334,24.450000762939453,23.170000076293945,24.34000015258789,327500,0.0,0.0
2025-07-10 00:00:00-04:00,24.25,25.06999969482422,24.1200008392334,24.639999389648438,354800,0.0,0.0
2025-07-11 00:00:00-04:00,24.149999618530273,24.639999389648438,23.93000030517578,24.350000381469727,389500,0.0,0.0
2025-07-14 00:00:00-04:00,24.030000686645508,24.459999084472656,23.860000610351562,24.260000228881836,265300,0.0,0.0
2025-07-15 00:00:00-04:00,24.360000610351562,24.360000610351562,23.049999237060547,23.079999923706055,323300,0.0,0.0
2025-07-16 00:00:00-04:00,23.350000381469727,23.540000915527344,22.6200008392334,23.239999771118164,289500,0.0,0.0
2025-07-17 00:00:00-04:00,23.219999313354492,23.6200008392334,23.1200008392334,23.3700008392334,235600,0.0,0.0
2025-07-18 00:00:00-04:00,23.670000076293945,23.670000076293945,23.010000228881836,23.280000686645508,351300,0.0,0.0
2025-07-21 00:00:00-04:00,23.59000015258789,23.809999465942383,23.270000457763672,23.290000915527344,278500,0.0,0.0
2025-07-22 00:00:00-04:00,23.84000015258789,25.600000381469727,23.84000015258789,25.389999389648438,523500,0.0,0.0
2025-07-23 00:00:00-04:00,25.81999969482422,25.90999984741211,25.1200008392334,25.489999771118164,463700,0.0,0.0
2025-07-24 00:00:00-04:00,25.139999389648438,25.270000457763672,24.1299991607666,24.270000457763672,351200,0.0,0.0
2025-07-25 00:00:00-04:00,24.6200008392334,24.639999389648438,24.0,24.639999389648438,267900,0.0,0.0
2025-07-28 00:00:00-04:00,24.59000015258789,24.780000686645508,23.940000534057617,24.6200008392334,220100,0.0,0.0
2025-07-29 00:00:00-04:00,24.829999923706055,25.0,24.09000015258789,24.360000610351562,355300,0.0,0.0
2025-07-30 00:00:00-04:00,24.3700008392334,24.3700008392334,23.31999969482422,23.420000076293945,267000,0.0,0.0
2025-07-31 00:00:00-04:00,23.399999618530273,23.600000381469727,23.100000381469727,23.5,466200,0.0,0.0
2025-08-01 00:00:00-04:00,22.0,22.59000015258789,20.799999237060547,21.700000762939453,921000,0.0,0.0
2025-08-04 00:00:00-04:00,21.479999542236328,22.229999542236328,21.270000457763672,22.229999542236328,366300,0.0,0.0
2025-08-05 00:00:00-04:00,22.25,23.3799991607666,22.25,23.100000381469727,494300,0.0,0.0
2025-08-06 00:00:00-04:00,23.3799991607666,23.739999771118164,23.1299991607666,23.299999237060547,340300,0.0,0.0
2025-08-07 00:00:00-04:00,23.6299991607666,24.25,23.469999313354492,23.610000610351562,369400,0.0,0.0
2025-08-08 00:00:00-04:00,23.270000457763672,23.579999923706055,22.850000381469727,23.280000686645508,307700,0.0,0.0
2025-08-11 00:00:00-04:00,23.34000015258789,23.5,22.649999618530273,23.100000381469727,247700,0.0,0.0
2025-08-12 00:00:00-04:00,23.450000762939453,24.299999237060547,23.079999923706055,24.209999084472656,328500,0.0,0.0
2025-08-13 00:00:00-04:00,24.459999084472656,25.979999542236328,24.389999389648438,25.649999618530273,471700,0.0,0.0
2025-08-14 00:00:00-04:00,24.850000381469727,25.389999389648438,24.68000030517578,25.34000015258789,291800,0.0,0.0
2025-08-15 00:00:00-04:00,25.610000610351562,25.899999618530273,25.049999237060547,25.65999984741211,462300,0.0,0.0
2025-08-18 00:00:00-04:00,25.670000076293945,26.200000762939453,25.56999969482422,25.579999923706055,416600,0.0,0.0
2025-08-19 00:00:00-04:00,25.860000610351562,26.559999465942383,25.709999084472656,25.950000762939453,341000,0.0,0.0
2025-08-20 00:00:00-04:00,25.889999389648438,26.100000381469727,24.739999771118164,24.790000915527344,425900,0.0,0.0
2025-08-21 00:00:00-04:00,24.610000610351562,24.610000610351562,24.1200008392334,24.450000762939453,253200,0.0,0.0
2025-08-22 00:00:00-04:00,24.84000015258789,26.850000381469727,24.56999969482422,26.190000534057617,438900,0.0,0.0
2025-08-25 00:00:00-04:00,26.06999969482422,26.270000457763672,25.6299991607666,25.670000076293945,263900,0.0,0.0
2025-08-26 00:00:00-04:00,25.6200008392334,25.719999313354492,25.309999465942383,25.309999465942383,514100,0.0,0.0
2025-08-27 00:00:00-04:00,25.139999389648438,25.530000686645508,25.139999389648438,25.389999389648438,298100,0.0,0.0
2025-08-28 00:00:00-04:00,25.420000076293945,25.540000915527344,24.989999771118164,25.200000762939453,222200,0.0,0.0
2025-08-29 00:00:00-04:00,25.15999984741211,25.25,24.790000915527344,25.15999984741211,268500,0.0,0.0
2025-09-02 00:00:00-04:00,24.520000457763672,25.040000915527344,24.520000457763672,24.84000015258789,322900,0.0,0.0
2025-09-03 00:00:00-04:00,24.559999465942383,25.239999771118164,24.559999465942383,24.81999969482422,326400,0.0,0.0
2025-09-04 00:00:00-04:00,25.049999237060547,26.200000762939453,25.0,25.969999313354492,635800,0.0,0.0
2025-09-05 00:00:00-04:00,26.5,27.049999237060547,25.93000030517578,26.260000228881836,409400,0.0,0.0
2025-09-08 00:00:00-04:00,26.200000762939453,26.290000915527344,25.75,26.010000228881836,491900,0.0,0.0
2025-09-09 00:00:00-04:00,25.8799991607666,25.8799991607666,25.110000610351562,25.209999084472656,436500,0.0,0.0
2025-09-10 00:00:00-04:00,25.459999084472656,25.649999618530273,25.0,25.5,373200,0.0,0.0
2025-09-11 00:00:00-04:00,25.760000228881836,26.309999465942383,25.549999237060547,26.079999923706055,433400,0.0,0.0
2025-09-12 00:00:00-04:00,25.889999389648438,26.270000457763672,25.440000534057617,26.260000228881836,495100,0.0,0.0
2025-09-15 00:00:00-04:00,26.399999618530273,26.489999771118164,25.309999465942383,26.31999969482422,400100,0.0,0.0
2025-09-16 00:00:00-04:00,26.34000015258789,26.360000610351562,25.719999313354492,26.079999923706055,305300,0.0,0.0
2025-09-17 00:00:00-04:00,26.31999969482422,27.290000915527344,25.420000076293945,25.459999084472656,537100,0.0,0.0
2025-09-18 00:00:00-04:00,25.600000381469727,26.030000686645508,25.260000228881836,25.729999542236328,433200,0.0,0.0
2025-09-19 00:00:00-04:00,25.479999542236328,25.68000030517578,24.8700008392334,24.90999984741211,778800,0.0,0.0
2025-09-22 00:00:00-04:00,24.770000457763672,24.770000457763672,24.030000686645508,24.540000915527344,318300,0.0,0.0
2025-09-23 00:00:00-04:00,24.739999771118164,25.049999237060547,24.309999465942383,24.43000030517578,274300,0.0,0.0
2025-09-24 00:00:00-04:00,24.200000762939453,24.989999771118164,24.200000762939453,24.530000686645508,334800,0.0,0.0
2025-09-25 00:00:00-04:00,24.299999237060547,24.56999969482422,23.889999389648438,23.920000076293945,296700,0.0,0.0
2025-09-26 00:00:00-04:00,24.149999618530273,24.670000076293945,24.040000915527344,24.489999771118164,277200,0.0,0.0
2025-09-29 00:00:00-04:00,24.56999969482422,24.719999313354492,24.170000076293945,24.690000534057617,181700,0.0,0.0
2025-09-30 00:00:00-04:00,24.520000457763672,24.729999542236328,24.31999969482422,24.549999237060547,209600,0.0,0.0
2025-10-01 00:00:00-04:00,24.610000610351562,25.110000610351562,24.3799991607666,24.93000030517578,225000,0.0,0.0
2025-10-02 00:00:00-04:00,24.799999237060547,24.989999771118164,24.34000015258789,24.65999984741211,269700,0.0,0.0
2025-10-03 00:00:00-04:00,24.90999984741211,25.559999465942383,24.8799991607666,25.020000457763672,191200,0.0,0.0
2025-10-06 00:00:00-04:00,25.170000076293945,25.280000686645508,24.190000534057617,24.299999237060547,235700,0.0,0.0
2025-10-07 00:00:00-04:00,23.860000610351562,24.010000228881836,22.940000534057617,22.959999084472656,371200,0.0,0.0
2025-10-08 00:00:00-04:00,22.950000762939453,23.25,22.5,22.989999771118164,306800,0.0,0.0
2025-10-09 00:00:00-04:00,22.780000686645508,22.850000381469727,22.170000076293945,22.510000228881836,408100,0.0,0.0
2025-10-10 00:00:00-04:00,22.600000381469727,22.600000381469727,21.8700008392334,21.940000534057617,385600,0.0,0.0
2025-10-13 00:00:00-04:00,22.09000015258789,22.350000381469727,21.600000381469727,21.940000534057617,392900,0.0,0.0
2025-10-14 00:00:00-04:00,21.719999313354492,22.739999771118164,21.719999313354492,22.649999618530273,337600,0.0,0.0
2025-10-15 00:00:00-04:00,22.65999984741211,23.31999969482422,22.610000610351562,22.899999618530273,242000,0.0,0.0
2025-10-16 00:00:00-04:00,23.06999969482422,23.1200008392334,22.350000381469727,22.700000762939453,241000,0.0,0.0
2025-10-17 00:00:00-04:00,22.610000610351562,23.030000686645508,22.489999771118164,22.940000534057617,201700,0.0,0.0
2025-10-20 00:00:00-04:00,23.100000381469727,23.360000610351562,22.809999465942383,23.260000228881836,191700,0.0,0.0
2025-10-21 00:00:00-04:00,22.959999084472656,24.100000381469727,22.809999465942383,23.8700008392334,265100,0.0,0.0
2025-10-22 00:00:00-04:00,23.68000030517578,23.989999771118164,23.459999084472656,23.540000915527344,370500,0.0,0.0
2025-10-23 00:00:00-04:00,23.5,24.020000457763672,23.469999313354492,23.989999771118164,284100,0.0,0.0
2025-10-24 00:00:00-04:00,24.350000381469727,24.510000228881836,24.1200008392334,24.1299991607666,228200,0.0,0.0
2025-10-27 00:00:00-04:00,24.209999084472656,24.479999542236328,23.799999237060547,23.860000610351562,210200,0.0,0.0
2025-10-28 00:00:00-04:00,23.469999313354492,24.209999084472656,22.889999389648438,23.809999465942383,244700,0.0,0.0
2025-10-29 00:00:00-04:00,23.540000915527344,23.93000030517578,22.780000686645508,22.989999771118164,297600,0.0,0.0
2025-10-30 00:00:00-04:00,22.799999237060547,23.09000015258789,22.350000381469727,22.40999984741211,312400,0.0,0.0
2025-10-31 00:00:00-04:00,22.31999969482422,22.5,22.0,22.399999618530273,334000,0.0,0.0
2025-11-03 00:00:00-05:00,22.219999313354492,22.280000686645508,21.84000015258789,22.149999618530273,354300,0.0,0.0
2025-11-04 00:00:00-05:00,21.969999313354492,22.229999542236328,21.780000686645508,22.190000534057617,413300,0.0,0.0
2025-11-05 00:00:00-05:00,22.360000610351562,22.579999923706055,22.030000686645508,22.309999465942383,218800,0.0,0.0
2025-11-06 00:00:00-05:00,22.420000076293945,22.520000457763672,22.030000686645508,22.049999237060547,306400,0.0,0.0
2025-11-07 00:00:00-05:00,22.049999237060547,22.209999084472656,21.729999542236328,21.920000076293945,412900,0.0,0.0
2025-11-10 00:00:00-05:00,21.979999542236328,21.979999542236328,21.559999465942383,21.790000915527344,276500,0.0,0.0
2025-11-11 00:00:00-05:00,21.940000534057617,22.139999389648438,21.790000915527344,21.860000610351562,273400,0.0,0.0
2025-11-12 00:00:00-05:00,21.860000610351562,22.25,21.719999313354492,21.780000686645508,279200,0.0,0.0
2025-11-13 00:00:00-05:00,21.520000457763672,22.09000015258789,21.09000015258789,21.399999618530273,379000,0.0,0.0
2025-11-14 00:00:00-05:00,24.0,24.0,21.6200008392334,21.850000381469727,825900,0.0,0.0
2025-11-17 00:00:00-05:00,21.489999771118164,21.639999389648438,19.899999618530273,19.90999984741211,897600,0.0,0.0
2025-11-18 00:00:00-05:00,19.68000030517578,20.110000610351562,19.270000457763672,20.0,542100,0.0,0.0
2025-11-19 00:00:00-05:00,20.0,20.139999389648438,19.670000076293945,19.81999969482422,453500,0.0,0.0
2025-11-20 00:00:00-05:00,19.790000915527344,20.110000610351562,19.59000015258789,19.920000076293945,673600,0.0,0.0
2025-11-21 00:00:00-05:00,20.010000228881836,21.389999389648438,19.950000762939453,21.329999923706055,717900,0.0,0.0
2025-11-24 00:00:00-05:00,21.270000457763672,21.459999084472656,20.6299991607666,21.15999984741211,577800,0.0,0.0
2025-11-25 00:00:00-05:00,21.530000686645508,22.780000686645508,21.139999389648438,22.68000030517578,714600,0.0,0.0
2025-11-26 00:00:00-05:00,22.469999313354492,23.149999618530273,22.469999313354492,23.010000228881836,420000,0.0,0.0
2025-11-28 00:00:00-05:00,23.06999969482422,23.06999969482422,22.6299991607666,22.8700008392334,179500,0.0,0.0
2025-12-01 00:00:00-05:00,22.549999237060547,23.15999984741211,22.510000228881836,22.739999771118164,426500,0.0,0.0
2025-12-02 00:00:00-05:00,22.950000762939453,23.1200008392334,22.43000030517578,22.770000457763672,304500,0.0,0.0
2025-12-03 00:00:00-05:00,22.959999084472656,23.84000015258789,22.850000381469727,23.829999923706055,480600,0.0,0.0
2025-12-04 00:00:00-05:00,23.639999389648438,23.850000381469727,22.760000228881836,22.829999923706055,432800,0.0,0.0
2025-12-05 00:00:00-05:00,22.690000534057617,22.969999313354492,22.389999389648438,22.5,321300,0.0,0.0
2025-12-08 00:00:00-05:00,22.690000534057617,22.690000534057617,22.020000457763672,22.260000228881836,470200,0.0,0.0
2025-12-09 00:00:00-05:00,21.5,22.299999237060547,21.5,22.190000534057617,518400,0.0,0.0
2025-12-10 00:00:00-05:00,22.3799991607666,22.979999542236328,21.8700008392334,22.600000381469727,650900,0.0,0.0
2025-12-11 00:00:00-05:00,22.790000915527344,23.209999084472656,22.639999389648438,22.780000686645508,385100,0.0,0.0
2025-12-12 00:00:00-05:00,22.860000610351562,22.959999084472656,22.469999313354492,22.579999923706055,312500,0.0,0.0
2025-12-15 00:00:00-05:00,22.65999984741211,22.719999313354492,22.229999542236328,22.350000381469727,266500,0.0,0.0
2025-12-16 00:00:00-05:00,22.450000762939453,22.670000076293945,21.969999313354492,22.040000915527344,340500,0.0,0.0
2025-12-17 00:00:00-05:00,21.530000686645508,22.010000228881836,21.219999313354492,21.399999618530273,446800,0.0,0.0
2025-12-18 00:00:00-05:00,21.81999969482422,22.040000915527344,21.489999771118164,21.530000686645508,418300,0.0,0.0
2025-12-19 00:00:00-05:00,21.209999084472656,21.389999389648438,20.719999313354492,20.959999084472656,850400,0.0,0.0
2025-12-22 00:00:00-05:00,20.90999984741211,20.93000030517578,20.280000686645508,20.3700008392334,398800,0.0,0.0
2025-12-23 00:00:00-05:00,20.34000015258789,20.389999389648438,20.0,20.100000381469727,323000,0.0,0.0
2025-12-24 00:00:00-05:00,20.09000015258789,20.389999389648438,20.030000686645508,20.34000015258789,149500,0.0,0.0
2025-12-26 00:00:00-05:00,20.290000915527344,20.389999389648438,20.06999969482422,20.280000686645508,397300,0.0,0.0
2025-12-29 00:00:00-05:00,20.239999771118164,20.239999771118164,19.940000534057617,20.09000015258789,430600,0.0,0.0
2025-12-30 00:00:00-05:00,20.040000915527344,20.309999465942383,19.90999984741211,20.239999771118164,283000,0.0,0.0
2025-12-31 00:00:00-05:00,20.3700008392334,20.43000030517578,20.149999618530273,20.270000457763672,350100,0.0,0.0
2026-01-02 00:00:00-05:00,20.25,20.479999542236328,19.989999771118164,20.25,551700,0.0,0.0
2026-01-05 00:00:00-05:00,20.110000610351562,20.860000610351562,20.110000610351562,20.690000534057617,417000,0.0,0.0
2026-01-06 00:00:00-05:00,20.40999984741211,20.709999084472656,20.06999969482422,20.670000076293945,279300,0.0,0.0
2026-01-07 00:00:00-05:00,20.8700008392334,20.969999313354492,20.079999923706055,20.25,355700,0.0,0.0
2026-01-08 00:00:00-05:00,20.049999237060547,21.579999923706055,20.049999237060547,21.299999237060547,446400,0.0,0.0
2026-01-09 00:00:00-05:00,21.899999618530273,23.280000686645508,21.899999618530273,23.190000534057617,719600,0.0,0.0
2026-01-12 00:00:00-05:00,22.950000762939453,23.75,22.8700008392334,23.59000015258789,446800,0.0,0.0
2026-01-13 00:00:00-05:00,23.690000534057617,24.299999237060547,23.56999969482422,24.030000686645508,363600,0.0,0.0
2026-01-14 00:00:00-05:00,24.0,24.549999237060547,23.520000457763672,23.770000457763672,414400,0.0,0.0
2026-01-15 00:00:00-05:00,23.81999969482422,24.3700008392334,23.610000610351562,24.100000381469727,255400,0.0,0.0
2026-01-16 00:00:00-05:00,23.959999084472656,24.520000457763672,23.649999618530273,23.780000686645508,332200,0.0,0.0
2026-01-20 00:00:00-05:00,23.079999923706055,23.770000457763672,22.729999542236328,23.3799991607666,445900,0.0,0.0
2026-01-21 00:00:00-05:00,23.520000457763672,24.5,23.459999084472656,24.329999923706055,381000,0.0,0.0
2026-01-22 00:00:00-05:00,24.5,24.729999542236328,23.65999984741211,23.950000762939453,422400,0.0,0.0
2026-01-23 00:00:00-05:00,23.899999618530273,23.979999542236328,23.100000381469727,23.600000381469727,514500,0.0,0.0
2026-01-26 00:00:00-05:00,23.6299991607666,23.860000610351562,23.40999984741211,23.56999969482422,352400,0.0,0.0
2026-01-27 00:00:00-05:00,23.350000381469727,23.559999465942383,23.100000381469727,23.299999237060547,388000,0.0,0.0
2026-01-28 00:00:00-05:00,23.350000381469727,24.040000915527344,23.100000381469727,23.579999923706055,534700,0.0,0.0
2026-01-29 00:00:00-05:00,23.739999771118164,24.280000686645508,23.559999465942383,24.209999084472656,520400,0.0,0.0
2026-01-30 00:00:00-05:00,20.610000610351562,22.31999969482422,20.309999465942383,21.56999969482422,2460600,0.0,0.0
2026-02-02 00:00:00-05:00,21.719999313354492,22.940000534057617,21.389999389648438,22.3700008392334,1118600,0.0,0.0
2026-02-03 00:00:00-05:00,21.989999771118164,23.950000762939453,21.979999542236328,22.809999465942383,779500,0.0,0.0
2026-02-04 00:00:00-05:00,23.209999084472656,24.6299991607666,22.709999084472656,24.540000915527344,852900,0.0,0.0
2026-02-05 00:00:00-05:00,24.510000228881836,24.959999084472656,24.190000534057617,24.559999465942383,653600,0.0,0.0
2026-02-06 00:00:00-05:00,24.5,25.5,24.5,25.049999237060547,567400,0.0,0.0
2026-02-09 00:00:00-05:00,25.079999923706055,25.510000228881836,24.75,25.200000762939453,392700,0.0,0.0
2026-02-10 00:00:00-05:00,25.56999969482422,26.93000030517578,25.56999969482422,26.690000534057617,493300,0.0,0.0
2026-02-11 00:00:00-05:00,26.649999618530273,27.1200008392334,26.469999313354492,26.729999542236328,449100,0.0,0.0
2026-02-12 00:00:00-05:00,27.15999984741211,27.690000534057617,26.59000015258789,26.610000610351562,429000,0.0,0.0
2026-02-13 00:00:00-05:00,26.889999389648438,28.110000610351562,26.889999389648438,27.709999084472656,559000,0.0,0.0
2026-02-17 00:00:00-05:00,27.760000228881836,27.899999618530273,27.149999618530273,27.709999084472656,511500,0.0,0.0
2026-02-18 00:00:00-05:00,27.450000762939453,28.329999923706055,27.450000762939453,27.729999542236328,396700,0.0,0.0
2026-02-19 00:00:00-05:00,27.59000015258789,27.90999984741211,26.950000762939453,27.15999984741211,382500,0.0,0.0
2026-02-20 00:00:00-05:00,27.270000457763672,27.969999313354492,27.020000457763672,27.100000381469727,383300,0.0,0.0
2026-02-23 00:00:00-05:00,27.06999969482422,27.1200008392334,26.239999771118164,26.299999237060547,607700,0.0,0.0
2026-02-24 00:00:00-05:00,26.350000381469727,26.8799991607666,26.350000381469727,26.440000534057617,436800,0.0,0.0
2026-02-25 00:00:00-05:00,26.530000686645508,26.649999618530273,25.40999984741211,26.020000457763672,563400,0.0,0.0
2026-02-26 00:00:00-05:00,26.020000457763672,26.280000686645508,25.739999771118164,25.84000015258789,559200,0.0,0.0
2026-02-27 00:00:00-05:00,25.610000610351562,25.979999542236328,25.270000457763672,25.579999923706055,455900,0.0,0.0
2026-03-02 00:00:00-05:00,24.93000030517578,24.979999542236328,24.100000381469727,24.3700008392334,334000,0.0,0.0
2026-03-03 00:00:00-05:00,23.610000610351562,24.15999984741211,22.959999084472656,23.8700008392334,293900,0.0,0.0
2026-03-04 00:00:00-05:00,24.110000610351562,23.969999313354492,23.510000228881836,23.540000915527344,288181,0.0,0.0
