Date,Open,High,Low,Close,Volume,Dividends,Stock Splits
2022-01-03 00:00:00-05:00,3020.0,7240.0,3020.0,7000.0,120934,0.0,0.0
2022-01-04 00:00:00-05:00,6240.0,6280.0,5020.0,5580.0,23973,0.0,0.0
2022-01-05 00:00:00-05:00,5420.0,5496.0,4220.0,4540.0,6377,0.0,0.0
2022-01-06 00:00:00-05:00,4580.0,5160.0,4180.0,4420.0,7760,0.0,0.0
2022-01-07 00:00:00-05:00,4316.0,4660.0,4220.0,4440.0,4250,0.0,0.0
2022-01-10 00:00:00-05:00,4340.0,4920.0,4140.0,4720.0,2927,0.0,0.0
2022-01-11 00:00:00-05:00,4700.0,4900.0,4520.0,4700.0,1807,0.0,0.0
2022-01-12 00:00:00-05:00,4600.0,5320.0,4580.0,5280.0,3272,0.0,0.0
2022-01-13 00:00:00-05:00,5320.0,5340.0,4420.0,4560.0,1788,0.0,0.0
2022-01-14 00:00:00-05:00,4314.0,4620.0,4260.0,4520.0,795,0.0,0.0
2022-01-18 00:00:00-05:00,4420.0,4540.0,4040.0,4260.0,893,0.0,0.0
2022-01-19 00:00:00-05:00,4220.0,4340.0,4120.0,4160.0,637,0.0,0.0
2022-01-20 00:00:00-05:00,4100.0,4400.0,3980.0,4040.0,979,0.0,0.0
2022-01-21 00:00:00-05:00,3906.0,4180.0,3620.0,3640.0,1076,0.0,0.0
2022-01-24 00:00:00-05:00,3498.0,3900.0,3444.0,3780.0,774,0.0,0.0
2022-01-25 00:00:00-05:00,3640.0,4010.0,3600.0,3900.0,462,0.0,0.0
2022-01-26 00:00:00-05:00,4060.0,4082.0,3710.0,3880.0,537,0.0,0.0
2022-01-27 00:00:00-05:00,3900.0,4700.0,3520.0,3700.0,3311,0.0,0.0
2022-01-28 00:00:00-05:00,3580.0,3700.0,3330.0,3660.0,838,0.0,0.0
2022-01-31 00:00:00-05:00,3660.0,3990.0,3520.0,3980.0,433,0.0,0.0
2022-02-01 00:00:00-05:00,4060.0,4180.0,3880.0,4100.0,415,0.0,0.0
2022-02-02 00:00:00-05:00,4140.0,4140.0,3940.0,4000.0,180,0.0,0.0
2022-02-03 00:00:00-05:00,4000.0,4040.0,3840.0,4040.0,154,0.0,0.0
2022-02-04 00:00:00-05:00,4040.0,4460.0,3940.0,4400.0,451,0.0,0.0
2022-02-07 00:00:00-05:00,4440.0,4640.0,4320.0,4520.0,270,0.0,0.0
2022-02-08 00:00:00-05:00,4420.0,4590.0,4360.0,4520.0,139,0.0,0.0
2022-02-09 00:00:00-05:00,4520.0,4756.0,4470.0,4620.0,319,0.0,0.0
2022-02-10 00:00:00-05:00,4560.0,4860.0,4530.0,4560.0,276,0.0,0.0
2022-02-11 00:00:00-05:00,4620.0,4800.0,4440.0,4500.0,334,0.0,0.0
2022-02-14 00:00:00-05:00,4460.0,4600.0,4360.0,4400.0,226,0.0,0.0
2022-02-15 00:00:00-05:00,4400.0,4750.0,4380.0,4720.0,300,0.0,0.0
2022-02-16 00:00:00-05:00,4700.0,4880.0,4640.0,4760.0,196,0.0,0.0
2022-02-17 00:00:00-05:00,4720.0,4840.0,4340.0,4400.0,389,0.0,0.0
2022-02-18 00:00:00-05:00,4400.0,4560.0,4276.0,4420.0,218,0.0,0.0
2022-02-22 00:00:00-05:00,4200.0,4470.0,4160.0,4280.0,274,0.0,0.0
2022-02-23 00:00:00-05:00,4300.0,4400.0,4100.0,4100.0,179,0.0,0.0
2022-02-24 00:00:00-05:00,3800.0,4540.0,3660.0,4440.0,360,0.0,0.0
2022-02-25 00:00:00-05:00,4380.0,4460.0,4320.0,4460.0,111,0.0,0.0
2022-02-28 00:00:00-05:00,4500.0,4580.0,4280.0,4560.0,231,0.0,0.0
2022-03-01 00:00:00-05:00,4460.0,4640.0,4400.0,4540.0,143,0.0,0.0
2022-03-02 00:00:00-05:00,4740.0,4980.0,4360.0,4400.0,526,0.0,0.0
2022-03-03 00:00:00-05:00,4400.0,4460.0,4200.0,4240.0,224,0.0,0.0
2022-03-04 00:00:00-05:00,4340.0,4420.0,4200.0,4280.0,211,0.0,0.0
2022-03-07 00:00:00-05:00,4280.0,4320.0,3950.0,4100.0,312,0.0,0.0
2022-03-08 00:00:00-05:00,3960.0,4380.0,3960.0,4140.0,451,0.0,0.0
2022-03-09 00:00:00-05:00,4320.0,4400.0,4260.0,4360.0,217,0.0,0.0
2022-03-10 00:00:00-05:00,4280.0,4500.0,4224.0,4420.0,162,0.0,0.0
2022-03-11 00:00:00-05:00,4480.0,4480.0,4200.0,4220.0,165,0.0,0.0
2022-03-14 00:00:00-04:00,4200.0,4220.0,3940.0,3980.0,183,0.0,0.0
2022-03-15 00:00:00-04:00,3980.0,4080.0,3840.0,4040.0,129,0.0,0.0
2022-03-16 00:00:00-04:00,4060.0,4338.0,4060.0,4280.0,146,0.0,0.0
2022-03-17 00:00:00-04:00,4200.0,4730.0,4200.0,4560.0,265,0.0,0.0
2022-03-18 00:00:00-04:00,4580.0,4940.0,4560.0,4860.0,301,0.0,0.0
2022-03-21 00:00:00-04:00,4960.0,4980.0,4610.0,4680.0,179,0.0,0.0
2022-03-22 00:00:00-04:00,4780.0,4840.0,4640.0,4760.0,129,0.0,0.0
2022-03-23 00:00:00-04:00,4720.0,4814.0,4450.0,4580.0,253,0.0,0.0
2022-03-24 00:00:00-04:00,4640.0,4740.0,4460.0,4740.0,102,0.0,0.0
2022-03-25 00:00:00-04:00,4780.0,4780.0,4520.0,4740.0,98,0.0,0.0
2022-03-28 00:00:00-04:00,4464.0,4700.0,4460.0,4540.0,94,0.0,0.0
2022-03-29 00:00:00-04:00,4540.0,4720.0,4480.0,4640.0,134,0.0,0.0
2022-03-30 00:00:00-04:00,4640.0,4780.0,4540.0,4600.0,180,0.0,0.0
2022-03-31 00:00:00-04:00,4690.0,4690.0,4466.0,4520.0,101,0.0,0.0
2022-04-01 00:00:00-04:00,4640.0,4640.0,4340.0,4460.0,104,0.0,0.0
2022-04-04 00:00:00-04:00,4460.0,4640.0,4420.0,4620.0,74,0.0,0.0
2022-04-05 00:00:00-04:00,4540.0,4600.0,4280.0,4300.0,153,0.0,0.0
2022-04-06 00:00:00-04:00,4240.0,4360.0,4020.0,4240.0,110,0.0,0.0
2022-04-07 00:00:00-04:00,4260.0,4360.0,4060.0,4140.0,90,0.0,0.0
2022-04-08 00:00:00-04:00,4100.0,4240.0,4080.0,4120.0,55,0.0,0.0
2022-04-11 00:00:00-04:00,4080.0,4190.0,3920.0,4040.0,99,0.0,0.0
2022-04-12 00:00:00-04:00,4180.0,4260.0,3900.0,3940.0,92,0.0,0.0
2022-04-13 00:00:00-04:00,3900.0,4080.0,3900.0,3980.0,79,0.0,0.0
2022-04-14 00:00:00-04:00,3960.0,4028.0,3900.0,3980.0,55,0.0,0.0
2022-04-18 00:00:00-04:00,4020.0,4020.0,3640.0,3660.0,159,0.0,0.0
2022-04-19 00:00:00-04:00,3700.0,3880.0,3700.0,3820.0,52,0.0,0.0
2022-04-20 00:00:00-04:00,3840.0,3960.0,3760.0,3900.0,48,0.0,0.0
2022-04-21 00:00:00-04:00,3920.0,3940.0,3500.0,3500.0,145,0.0,0.0
2022-04-22 00:00:00-04:00,3700.0,3700.0,3400.0,3500.0,79,0.0,0.0
2022-04-25 00:00:00-04:00,3340.0,3560.0,3320.0,3340.0,119,0.0,0.0
2022-04-26 00:00:00-04:00,3400.0,3500.0,3260.0,3340.0,106,0.0,0.0
2022-04-27 00:00:00-04:00,3300.0,3460.0,3200.0,3260.0,69,0.0,0.0
2022-04-28 00:00:00-04:00,3340.0,3370.0,3000.0,3160.0,121,0.0,0.0
2022-04-29 00:00:00-04:00,3200.0,3320.0,3120.0,3200.0,67,0.0,0.0
2022-05-02 00:00:00-04:00,3240.0,3320.0,3120.0,3240.0,21,0.0,0.0
2022-05-03 00:00:00-04:00,3240.0,3360.0,3140.0,3260.0,55,0.0,0.0
2022-05-04 00:00:00-04:00,3240.0,3360.0,3100.0,3280.0,50,0.0,0.0
2022-05-05 00:00:00-04:00,3280.0,3360.0,3160.0,3180.0,79,0.0,0.0
2022-05-06 00:00:00-04:00,3180.0,3380.0,3020.0,3060.0,72,0.0,0.0
2022-05-09 00:00:00-04:00,3000.0,3060.0,2720.0,2760.0,159,0.0,0.0
2022-05-10 00:00:00-04:00,2800.0,2980.0,2800.0,2820.0,38,0.0,0.0
2022-05-11 00:00:00-04:00,2800.0,2820.0,2520.0,2560.0,89,0.0,0.0
2022-05-12 00:00:00-04:00,2580.0,2710.0,2520.0,2640.0,71,0.0,0.0
2022-05-13 00:00:00-04:00,2720.0,3100.0,2600.0,3040.0,131,0.0,0.0
2022-05-16 00:00:00-04:00,3120.0,3160.0,2940.0,3020.0,79,0.0,0.0
2022-05-17 00:00:00-04:00,2960.0,3180.0,2960.0,3120.0,52,0.0,0.0
2022-05-18 00:00:00-04:00,3120.0,3200.0,2900.0,2920.0,71,0.0,0.0
2022-05-19 00:00:00-04:00,2900.0,3080.0,2900.0,3020.0,29,0.0,0.0
2022-05-20 00:00:00-04:00,3060.0,3160.0,2920.0,3020.0,34,0.0,0.0
2022-05-23 00:00:00-04:00,3080.0,3200.0,2960.0,3180.0,31,0.0,0.0
2022-05-24 00:00:00-04:00,3180.0,3220.0,2986.0,3200.0,50,0.0,0.0
2022-05-25 00:00:00-04:00,3220.0,3220.0,2880.0,2940.0,105,0.0,0.0
2022-05-26 00:00:00-04:00,2880.0,3100.0,2720.0,2980.0,59,0.0,0.0
2022-05-27 00:00:00-04:00,2940.0,3060.0,2940.0,3000.0,58,0.0,0.0
2022-05-31 00:00:00-04:00,3060.0,3060.0,2860.0,2940.0,90,0.0,0.0
2022-06-01 00:00:00-04:00,2940.0,2960.0,2800.0,2840.0,54,0.0,0.0
2022-06-02 00:00:00-04:00,2800.0,2980.0,2764.0,2880.0,56,0.0,0.0
2022-06-03 00:00:00-04:00,2840.0,2996.0,2800.0,2980.0,41,0.0,0.0
2022-06-06 00:00:00-04:00,3040.0,3046.0,2900.0,2920.0,37,0.0,0.0
2022-06-07 00:00:00-04:00,2880.0,3000.0,2880.0,2920.0,68,0.0,0.0
2022-06-08 00:00:00-04:00,2900.0,3180.0,2900.0,3080.0,75,0.0,0.0
2022-06-09 00:00:00-04:00,3080.0,3140.0,2820.0,2900.0,73,0.0,0.0
2022-06-10 00:00:00-04:00,2860.0,2918.0,2740.0,2840.0,46,0.0,0.0
2022-06-13 00:00:00-04:00,2740.0,2820.0,2600.0,2620.0,74,0.0,0.0
2022-06-14 00:00:00-04:00,2600.0,2700.0,2600.0,2620.0,55,0.0,0.0
2022-06-15 00:00:00-04:00,2700.0,2820.0,2600.0,2720.0,64,0.0,0.0
2022-06-16 00:00:00-04:00,2760.0,2760.0,2600.0,2600.0,50,0.0,0.0
2022-06-17 00:00:00-04:00,2580.0,2780.0,2576.0,2620.0,46,0.0,0.0
2022-06-21 00:00:00-04:00,2600.0,2880.0,2600.0,2760.0,43,0.0,0.0
2022-06-22 00:00:00-04:00,2660.0,2800.0,2608.0,2620.0,52,0.0,0.0
2022-06-23 00:00:00-04:00,2620.0,2760.0,2600.0,2720.0,33,0.0,0.0
2022-06-24 00:00:00-04:00,2960.0,3000.0,2740.0,2800.0,46,0.0,0.0
2022-06-27 00:00:00-04:00,2800.0,3000.0,2800.0,2900.0,34,0.0,0.0
2022-06-28 00:00:00-04:00,2940.0,3060.0,2780.0,2800.0,45,0.0,0.0
2022-06-29 00:00:00-04:00,2840.0,2860.0,2660.0,2720.0,43,0.0,0.0
2022-06-30 00:00:00-04:00,2710.0,2860.0,2620.0,2780.0,60,0.0,0.0
2022-07-01 00:00:00-04:00,2700.0,2860.0,2700.0,2760.0,40,0.0,0.0
2022-07-05 00:00:00-04:00,2708.0,2900.0,2680.0,2860.0,33,0.0,0.0
2022-07-06 00:00:00-04:00,2820.0,2900.0,2780.0,2860.0,34,0.0,0.0
2022-07-07 00:00:00-04:00,2820.0,2900.0,2794.0,2840.0,110,0.0,0.0
2022-07-08 00:00:00-04:00,2780.0,2940.0,2780.0,2860.0,56,0.0,0.0
2022-07-11 00:00:00-04:00,2860.0,3000.0,2800.0,2980.0,35,0.0,0.0
2022-07-12 00:00:00-04:00,2940.0,3000.0,2820.0,2860.0,67,0.0,0.0
2022-07-13 00:00:00-04:00,2840.0,3000.0,2840.0,2880.0,6,0.0,0.0
2022-07-14 00:00:00-04:00,2820.0,2920.0,2800.0,2840.0,20,0.0,0.0
2022-07-15 00:00:00-04:00,2840.0,3000.0,2760.0,2880.0,20,0.0,0.0
2022-07-18 00:00:00-04:00,2800.0,2916.0,2760.0,2780.0,53,0.0,0.0
2022-07-19 00:00:00-04:00,2800.0,2900.0,2800.0,2840.0,19,0.0,0.0
2022-07-20 00:00:00-04:00,2860.0,3000.0,2860.0,2940.0,74,0.0,0.0
2022-07-21 00:00:00-04:00,2940.0,3000.0,2820.0,2960.0,42,0.0,0.0
2022-07-22 00:00:00-04:00,2960.0,3000.0,2820.0,2820.0,35,0.0,0.0
2022-07-25 00:00:00-04:00,2800.0,2854.0,2740.0,2760.0,28,0.0,0.0
2022-07-26 00:00:00-04:00,2820.0,2840.0,2720.0,2780.0,29,0.0,0.0
2022-07-27 00:00:00-04:00,2760.0,2840.0,2720.0,2760.0,23,0.0,0.0
2022-07-28 00:00:00-04:00,2720.0,2950.0,2720.0,2860.0,53,0.0,0.0
2022-07-29 00:00:00-04:00,2820.0,2858.0,2744.0,2780.0,52,0.0,0.0
2022-08-01 00:00:00-04:00,2700.0,2840.0,2600.0,2640.0,123,0.0,0.0
2022-08-02 00:00:00-04:00,2800.0,2800.0,2660.0,2680.0,42,0.0,0.0
2022-08-03 00:00:00-04:00,2660.0,2780.0,2660.0,2700.0,44,0.0,0.0
2022-08-04 00:00:00-04:00,2760.0,2840.0,2680.0,2800.0,43,0.0,0.0
2022-08-05 00:00:00-04:00,2900.0,2920.0,2788.0,2860.0,74,0.0,0.0
2022-08-08 00:00:00-04:00,2920.0,3040.0,2860.0,3040.0,105,0.0,0.0
2022-08-09 00:00:00-04:00,2980.0,3000.0,2900.0,2920.0,19,0.0,0.0
2022-08-10 00:00:00-04:00,2996.0,3040.0,2920.0,2980.0,34,0.0,0.0
2022-08-11 00:00:00-04:00,3040.0,3080.0,2980.0,3000.0,23,0.0,0.0
2022-08-12 00:00:00-04:00,3000.0,3580.0,3000.0,3540.0,145,0.0,0.0
2022-08-15 00:00:00-04:00,3820.0,4320.0,3580.0,4180.0,785,0.0,0.0
2022-08-16 00:00:00-04:00,4820.0,5340.0,4160.0,4460.0,1865,0.0,0.0
2022-08-17 00:00:00-04:00,5020.0,5280.0,4460.0,4840.0,1345,0.0,0.0
2022-08-18 00:00:00-04:00,4860.0,4878.0,4120.0,4300.0,361,0.0,0.0
2022-08-19 00:00:00-04:00,4240.0,4260.0,3800.0,4000.0,209,0.0,0.0
2022-08-22 00:00:00-04:00,3960.0,3960.0,3620.0,3840.0,123,0.0,0.0
2022-08-23 00:00:00-04:00,3760.0,3880.0,3700.0,3840.0,82,0.0,0.0
2022-08-24 00:00:00-04:00,3740.0,4160.0,3740.0,4120.0,94,0.0,0.0
2022-08-25 00:00:00-04:00,4060.0,4090.0,3864.0,3960.0,74,0.0,0.0
2022-08-26 00:00:00-04:00,3920.0,4000.0,3740.0,3740.0,72,0.0,0.0
2022-08-29 00:00:00-04:00,3740.0,3920.0,3620.0,3620.0,144,0.0,0.0
2022-08-30 00:00:00-04:00,3620.0,3720.0,3360.0,3380.0,211,0.0,0.0
2022-08-31 00:00:00-04:00,3360.0,3480.0,3160.0,3200.0,187,0.0,0.0
2022-09-01 00:00:00-04:00,3220.0,3240.0,3040.0,3180.0,135,0.0,0.0
2022-09-02 00:00:00-04:00,3240.0,3380.0,3120.0,3240.0,65,0.0,0.0
2022-09-06 00:00:00-04:00,3200.0,3500.0,3160.0,3400.0,112,0.0,0.0
2022-09-07 00:00:00-04:00,3400.0,3520.0,3300.0,3300.0,51,0.0,0.0
2022-09-08 00:00:00-04:00,3300.0,3480.0,3300.0,3440.0,42,0.0,0.0
2022-09-09 00:00:00-04:00,3400.0,3580.0,3376.0,3520.0,72,0.0,0.0
2022-09-12 00:00:00-04:00,3580.0,3600.0,3440.0,3520.0,71,0.0,0.0
2022-09-13 00:00:00-04:00,3500.0,3540.0,3400.0,3430.0,48,0.0,0.0
2022-09-14 00:00:00-04:00,3440.0,3480.0,3300.0,3300.0,51,0.0,0.0
2022-09-15 00:00:00-04:00,3300.0,3460.0,3300.0,3340.0,24,0.0,0.0
2022-09-16 00:00:00-04:00,3280.0,3320.0,3140.0,3140.0,97,0.0,0.0
2022-09-19 00:00:00-04:00,3080.0,3240.0,3040.0,3160.0,47,0.0,0.0
2022-09-20 00:00:00-04:00,3100.0,3200.0,3030.0,3080.0,54,0.0,0.0
2022-09-21 00:00:00-04:00,3180.0,3240.0,3040.0,3100.0,47,0.0,0.0
2022-09-22 00:00:00-04:00,3060.0,3140.0,2960.0,3000.0,97,0.0,0.0
2022-09-23 00:00:00-04:00,3000.0,3100.0,2704.0,2820.0,133,0.0,0.0
2022-09-26 00:00:00-04:00,2820.0,2960.0,2640.0,2820.0,57,0.0,0.0
2022-09-27 00:00:00-04:00,2800.0,2920.0,2800.0,2840.0,19,0.0,0.0
2022-09-28 00:00:00-04:00,2900.0,2964.0,2840.0,2900.0,39,0.0,0.0
2022-09-29 00:00:00-04:00,2940.0,2980.0,2780.0,2800.0,48,0.0,0.0
2022-09-30 00:00:00-04:00,2800.0,2980.0,2800.0,2820.0,30,0.0,0.0
2022-10-03 00:00:00-04:00,2820.0,2900.0,2600.0,2740.0,147,0.0,0.0
2022-10-04 00:00:00-04:00,2760.0,2940.0,2760.0,2900.0,37,0.0,0.0
2022-10-05 00:00:00-04:00,2940.0,2980.0,2890.0,2940.0,50,0.0,0.0
2022-10-06 00:00:00-04:00,3040.0,3040.0,2800.0,2800.0,24,0.0,0.0
2022-10-07 00:00:00-04:00,2800.0,2800.0,2720.0,2740.0,36,0.0,0.0
2022-10-10 00:00:00-04:00,2700.0,2780.0,2540.0,2580.0,136,0.0,0.0
2022-10-11 00:00:00-04:00,2600.0,2760.0,2560.0,2580.0,59,0.0,0.0
2022-10-12 00:00:00-04:00,2612.0,2660.0,2520.0,2580.0,93,0.0,0.0
2022-10-13 00:00:00-04:00,2580.0,2780.0,2580.0,2700.0,76,0.0,0.0
2022-10-14 00:00:00-04:00,2700.0,2740.0,2600.0,2660.0,73,0.0,0.0
2022-10-17 00:00:00-04:00,2640.0,2778.0,2640.0,2740.0,36,0.0,0.0
2022-10-18 00:00:00-04:00,2760.0,2800.0,2700.0,2720.0,28,0.0,0.0
2022-10-19 00:00:00-04:00,2740.0,2740.0,2580.0,2600.0,42,0.0,0.0
2022-10-20 00:00:00-04:00,2580.0,2700.0,2520.0,2560.0,52,0.0,0.0
2022-10-21 00:00:00-04:00,2598.0,2660.0,2540.0,2560.0,84,0.0,0.0
2022-10-24 00:00:00-04:00,2540.0,2574.0,2500.0,2540.0,67,0.0,0.0
2022-10-25 00:00:00-04:00,2500.0,2700.0,2500.0,2660.0,51,0.0,0.0
2022-10-26 00:00:00-04:00,2660.0,2900.0,2660.0,2720.0,47,0.0,0.0
2022-10-27 00:00:00-04:00,2740.0,2780.0,2720.0,2740.0,17,0.0,0.0
2022-10-28 00:00:00-04:00,2740.0,2880.0,2724.0,2820.0,21,0.0,0.0
2022-10-31 00:00:00-04:00,2740.0,2880.0,2700.0,2720.0,28,0.0,0.0
2022-11-01 00:00:00-04:00,2720.0,2840.0,2720.0,2748.0,11,0.0,0.0
2022-11-02 00:00:00-04:00,2780.0,2838.0,2640.0,2660.0,20,0.0,0.0
2022-11-03 00:00:00-04:00,2600.0,2714.0,2600.0,2620.0,17,0.0,0.0
2022-11-04 00:00:00-04:00,2680.0,2720.0,2600.0,2640.0,39,0.0,0.0
2022-11-07 00:00:00-05:00,2640.0,2690.0,2580.0,2580.0,33,0.0,0.0
2022-11-08 00:00:00-05:00,2710.0,2710.0,2580.0,2640.0,31,0.0,0.0
2022-11-09 00:00:00-05:00,2640.0,2680.0,2560.0,2600.0,48,0.0,0.0
2022-11-10 00:00:00-05:00,2620.0,2740.0,2620.0,2640.0,35,0.0,0.0
2022-11-11 00:00:00-05:00,2660.0,2840.0,2660.0,2780.0,50,0.0,0.0
2022-11-14 00:00:00-05:00,2880.0,2940.0,2760.0,2840.0,44,0.0,0.0
2022-11-15 00:00:00-05:00,2640.0,2880.0,2640.0,2700.0,58,0.0,0.0
2022-11-16 00:00:00-05:00,2700.0,2736.0,2560.0,2620.0,64,0.0,0.0
2022-11-17 00:00:00-05:00,2600.0,2720.0,2580.0,2600.0,21,0.0,0.0
2022-11-18 00:00:00-05:00,2614.0,2630.0,2560.0,2560.0,32,0.0,0.0
2022-11-21 00:00:00-05:00,2600.0,2680.0,2530.0,2540.0,44,0.0,0.0
2022-11-22 00:00:00-05:00,2540.0,2560.0,2520.0,2540.0,33,0.0,0.0
2022-11-23 00:00:00-05:00,2560.0,2660.0,2540.0,2638.0,38,0.0,0.0
2022-11-25 00:00:00-05:00,2600.0,2640.0,2580.0,2580.0,6,0.0,0.0
2022-11-28 00:00:00-05:00,2620.0,2780.0,2600.0,2640.0,73,0.0,0.0
2022-11-29 00:00:00-05:00,2600.0,2660.0,2560.0,2620.0,24,0.0,0.0
2022-11-30 00:00:00-05:00,2600.0,2700.0,2580.0,2700.0,39,0.0,0.0
2022-12-01 00:00:00-05:00,2630.0,2680.0,2580.0,2620.0,44,0.0,0.0
2022-12-02 00:00:00-05:00,2660.0,2680.0,2600.0,2620.0,31,0.0,0.0
2022-12-05 00:00:00-05:00,2600.0,2660.0,2580.0,2580.0,41,0.0,0.0
2022-12-06 00:00:00-05:00,2580.0,2590.0,2440.0,2504.0,93,0.0,0.0
2022-12-07 00:00:00-05:00,2498.0,2580.0,2484.0,2540.0,33,0.0,0.0
2022-12-08 00:00:00-05:00,2500.0,2560.0,2460.0,2460.0,25,0.0,0.0
2022-12-09 00:00:00-05:00,2440.0,2560.0,2414.0,2530.0,46,0.0,0.0
2022-12-12 00:00:00-05:00,2480.0,2540.0,2420.0,2460.0,59,0.0,0.0
2022-12-13 00:00:00-05:00,2480.0,2518.0,2240.0,2286.0,99,0.0,0.0
2022-12-14 00:00:00-05:00,2340.0,2480.0,2306.0,2320.0,100,0.0,0.0
2022-12-15 00:00:00-05:00,2340.0,2480.0,2300.0,2380.0,62,0.0,0.0
2022-12-16 00:00:00-05:00,2400.0,2400.0,2300.0,2360.0,38,0.0,0.0
2022-12-19 00:00:00-05:00,2340.0,2340.0,2160.0,2180.0,76,0.0,0.0
2022-12-20 00:00:00-05:00,2180.0,2240.0,2000.0,2040.0,119,0.0,0.0
2022-12-21 00:00:00-05:00,2060.0,2220.0,2020.0,2020.0,130,0.0,0.0
2022-12-22 00:00:00-05:00,2000.0,2100.0,1980.0,2090.0,136,0.0,0.0
2022-12-23 00:00:00-05:00,2180.0,2180.0,2000.0,2000.0,62,0.0,0.0
2022-12-27 00:00:00-05:00,1940.0,2300.0,1940.0,2000.0,170,0.0,0.0
2022-12-28 00:00:00-05:00,2180.0,2420.0,2100.0,2380.0,184,0.0,0.0
2022-12-29 00:00:00-05:00,2360.0,2640.0,2360.0,2500.0,152,0.0,0.0
2022-12-30 00:00:00-05:00,2500.0,2900.0,2480.0,2900.0,153,0.0,0.0
2023-01-03 00:00:00-05:00,3000.0,3300.0,2920.0,3180.0,203,0.0,0.0
2023-01-04 00:00:00-05:00,3360.0,3880.0,3300.0,3480.0,567,0.0,0.0
2023-01-05 00:00:00-05:00,3680.0,3780.0,3400.0,3460.0,460,0.0,0.0
2023-01-06 00:00:00-05:00,3400.0,3440.0,2800.0,2860.0,334,0.0,0.0
2023-01-09 00:00:00-05:00,2720.0,2840.0,2500.0,2660.0,176,0.0,0.0
2023-01-10 00:00:00-05:00,2620.0,2920.0,2620.0,2780.0,128,0.0,0.0
2023-01-11 00:00:00-05:00,2820.0,2898.0,2600.0,2700.0,127,0.0,0.0
2023-01-12 00:00:00-05:00,2660.0,2792.0,2580.0,2700.0,87,0.0,0.0
2023-01-13 00:00:00-05:00,2700.0,2860.0,2700.0,2860.0,91,0.0,0.0
2023-01-17 00:00:00-05:00,2820.0,2920.0,2730.0,2800.0,86,0.0,0.0
2023-01-18 00:00:00-05:00,2820.0,2880.0,2640.0,2680.0,50,0.0,0.0
2023-01-19 00:00:00-05:00,2680.0,2680.0,2560.0,2660.0,77,0.0,0.0
2023-01-20 00:00:00-05:00,2680.0,2760.0,2580.0,2614.0,92,0.0,0.0
2023-01-23 00:00:00-05:00,2580.0,2660.0,2500.0,2600.0,94,0.0,0.0
2023-01-24 00:00:00-05:00,2560.0,2660.0,2560.0,2640.0,30,0.0,0.0
2023-01-25 00:00:00-05:00,2632.0,2660.0,2560.0,2660.0,52,0.0,0.0
2023-01-26 00:00:00-05:00,2620.0,2660.0,2580.0,2620.0,21,0.0,0.0
2023-01-27 00:00:00-05:00,2700.0,2740.0,2620.0,2680.0,48,0.0,0.0
2023-01-30 00:00:00-05:00,2800.0,3080.0,2720.0,3020.0,172,0.0,0.0
2023-01-31 00:00:00-05:00,3020.0,3080.0,2900.0,2940.0,74,0.0,0.0
2023-02-01 00:00:00-05:00,2900.0,2980.0,2830.0,2940.0,50,0.0,0.0
2023-02-02 00:00:00-05:00,2940.0,3300.0,2940.0,3160.0,135,0.0,0.0
2023-02-03 00:00:00-05:00,3240.0,3460.0,3200.0,3420.0,126,0.0,0.0
2023-02-06 00:00:00-05:00,3500.0,3580.0,3220.0,3560.0,112,0.0,0.0
2023-02-07 00:00:00-05:00,3580.0,3580.0,3340.0,3540.0,91,0.0,0.0
2023-02-08 00:00:00-05:00,3500.0,3520.0,3320.0,3340.0,31,0.0,0.0
2023-02-09 00:00:00-05:00,3440.0,3500.0,3240.0,3300.0,39,0.0,0.0
2023-02-10 00:00:00-05:00,3280.0,3340.0,3040.0,3080.0,68,0.0,0.0
2023-02-13 00:00:00-05:00,3180.0,3200.0,3020.0,3120.0,30,0.0,0.0
2023-02-14 00:00:00-05:00,3080.0,3160.0,3020.0,3100.0,35,0.0,0.0
2023-02-15 00:00:00-05:00,3040.0,3220.0,3020.0,3180.0,35,0.0,0.0
2023-02-16 00:00:00-05:00,3140.0,3360.0,3042.0,3300.0,53,0.0,0.0
2023-02-17 00:00:00-05:00,3220.0,3560.0,3220.0,3420.0,71,0.0,0.0
2023-02-21 00:00:00-05:00,3420.0,3460.0,3320.0,3360.0,77,0.0,0.0
2023-02-22 00:00:00-05:00,3340.0,3380.0,3280.0,3280.0,66,0.0,0.0
2023-02-23 00:00:00-05:00,3520.0,3740.0,2620.0,2780.0,3857,0.0,0.0
2023-02-24 00:00:00-05:00,2720.0,2800.0,2620.0,2720.0,286,0.0,0.0
2023-02-27 00:00:00-05:00,2500.0,2500.0,2200.0,2320.0,807,0.0,0.0
2023-02-28 00:00:00-05:00,2300.0,2700.0,2290.0,2560.0,267,0.0,0.0
2023-03-01 00:00:00-05:00,2460.0,2580.0,2280.0,2280.0,216,0.0,0.0
2023-03-02 00:00:00-05:00,2280.0,2358.0,2160.0,2320.0,180,0.0,0.0
2023-03-03 00:00:00-05:00,2300.0,2360.0,2180.0,2280.0,122,0.0,0.0
2023-03-06 00:00:00-05:00,2300.0,2300.0,2200.0,2220.0,108,0.0,0.0
2023-03-07 00:00:00-05:00,2220.0,2240.0,2100.0,2120.0,135,0.0,0.0
2023-03-08 00:00:00-05:00,2200.0,2220.0,2060.0,2140.0,87,0.0,0.0
2023-03-09 00:00:00-05:00,2100.0,2158.0,2000.0,2020.0,171,0.0,0.0
2023-03-10 00:00:00-05:00,2020.0,2070.0,1782.0,1802.0,329,0.0,0.0
2023-03-13 00:00:00-04:00,1860.0,1860.0,1752.0,1830.0,257,0.0,0.0
2023-03-14 00:00:00-04:00,1912.0,1920.0,1710.0,1710.0,117,0.0,0.0
2023-03-15 00:00:00-04:00,1720.0,1864.0,1596.0,1654.0,188,0.0,0.0
2023-03-16 00:00:00-04:00,1620.0,1720.0,1502.0,1650.0,205,0.0,0.0
2023-03-17 00:00:00-04:00,1638.0,1684.0,1496.0,1550.0,334,0.0,0.0
2023-03-20 00:00:00-04:00,1600.0,1600.0,1472.0,1514.0,116,0.0,0.0
2023-03-21 00:00:00-04:00,1500.0,1578.0,1500.0,1578.0,142,0.0,0.0
2023-03-22 00:00:00-04:00,1600.0,1654.0,1600.0,1620.0,71,0.0,0.0
2023-03-23 00:00:00-04:00,1740.0,1740.0,1604.0,1680.0,102,0.0,0.0
2023-03-24 00:00:00-04:00,1698.0,1812.0,1600.0,1800.0,45,0.0,0.0
2023-03-27 00:00:00-04:00,1820.0,1878.0,1752.0,1878.0,59,0.0,0.0
2023-03-28 00:00:00-04:00,1894.0,1920.0,1800.0,1860.0,52,0.0,0.0
2023-03-29 00:00:00-04:00,1880.0,1900.0,1760.0,1800.0,83,0.0,0.0
2023-03-30 00:00:00-04:00,1870.0,1870.0,1764.0,1806.0,73,0.0,0.0
2023-03-31 00:00:00-04:00,1780.0,1860.0,1766.0,1820.0,65,0.0,0.0
2023-04-03 00:00:00-04:00,1820.0,1838.0,1716.0,1760.0,41,0.0,0.0
2023-04-04 00:00:00-04:00,1720.0,1838.0,1670.0,1680.0,47,0.0,0.0
2023-04-05 00:00:00-04:00,1700.0,1700.0,1574.0,1600.0,48,0.0,0.0
2023-04-06 00:00:00-04:00,1600.0,1698.0,1600.0,1660.0,42,0.0,0.0
2023-04-10 00:00:00-04:00,1620.0,1640.0,1520.0,1636.0,59,0.0,0.0
2023-04-11 00:00:00-04:00,1588.0,1700.0,1520.0,1634.0,50,0.0,0.0
2023-04-12 00:00:00-04:00,1610.0,1720.0,1600.0,1626.0,43,0.0,0.0
2023-04-13 00:00:00-04:00,1626.0,1716.0,1626.0,1694.0,90,0.0,0.0
2023-04-14 00:00:00-04:00,1680.0,1720.0,1646.0,1666.0,60,0.0,0.0
2023-04-17 00:00:00-04:00,1780.0,1976.0,1740.0,1840.0,345,0.0,0.0
2023-04-18 00:00:00-04:00,1940.0,2300.0,1880.0,1900.0,1117,0.0,0.0
2023-04-19 00:00:00-04:00,2200.0,2200.0,1856.0,1980.0,3143,0.0,0.0
2023-04-20 00:00:00-04:00,2220.0,2260.0,2060.0,2200.0,1189,0.0,0.0
2023-04-21 00:00:00-04:00,2200.0,2200.0,1980.0,2140.0,467,0.0,0.0
2023-04-24 00:00:00-04:00,1940.0,1950.0,1700.0,1784.0,816,0.0,0.0
2023-04-25 00:00:00-04:00,1720.0,1724.0,1620.0,1636.0,265,0.0,0.0
2023-04-26 00:00:00-04:00,1638.0,1642.0,1520.0,1600.0,161,0.0,0.0
2023-04-27 00:00:00-04:00,1596.0,1656.0,1578.0,1644.0,102,0.0,0.0
2023-04-28 00:00:00-04:00,1580.0,1660.0,1580.0,1636.0,115,0.0,0.0
2023-05-01 00:00:00-04:00,1600.0,1616.0,1520.0,1526.0,161,0.0,0.0
2023-05-02 00:00:00-04:00,1520.0,1600.0,1518.0,1560.0,113,0.0,0.0
2023-05-03 00:00:00-04:00,1574.0,1680.0,1560.0,1602.0,121,0.0,0.0
2023-05-04 00:00:00-04:00,1608.0,1650.0,1548.0,1578.0,49,0.0,0.0
2023-05-05 00:00:00-04:00,1560.0,1638.0,1560.0,1614.0,80,0.0,0.0
2023-05-08 00:00:00-04:00,1620.0,1632.0,1580.0,1602.0,56,0.0,0.0
2023-05-09 00:00:00-04:00,1630.0,1632.0,1600.0,1630.0,51,0.0,0.0
2023-05-10 00:00:00-04:00,1600.0,1650.0,1600.0,1630.0,73,0.0,0.0
2023-05-11 00:00:00-04:00,1600.0,1640.0,1600.0,1626.0,33,0.0,0.0
2023-05-12 00:00:00-04:00,1620.0,1660.0,1602.0,1642.0,52,0.0,0.0
2023-05-15 00:00:00-04:00,1600.0,1640.0,1600.0,1612.0,41,0.0,0.0
2023-05-16 00:00:00-04:00,1610.0,1624.0,1520.0,1596.0,82,0.0,0.0
2023-05-17 00:00:00-04:00,1580.0,1582.0,1446.0,1544.0,113,0.0,0.0
2023-05-18 00:00:00-04:00,1538.0,1570.0,1480.0,1520.0,87,0.0,0.0
2023-05-19 00:00:00-04:00,1520.0,1580.0,1520.0,1550.0,74,0.0,0.0
2023-05-22 00:00:00-04:00,1536.0,1582.0,1502.0,1576.0,53,0.0,0.0
2023-05-23 00:00:00-04:00,1570.0,1576.0,1540.0,1572.0,47,0.0,0.0
2023-05-24 00:00:00-04:00,1566.0,1566.0,1520.0,1560.0,33,0.0,0.0
2023-05-25 00:00:00-04:00,1540.0,1720.0,1490.0,1700.0,406,0.0,0.0
2023-05-26 00:00:00-04:00,1762.0,1886.0,1740.0,1780.0,416,0.0,0.0
2023-05-30 00:00:00-04:00,1800.0,1838.0,1578.0,1606.0,360,0.0,0.0
2023-05-31 00:00:00-04:00,1606.0,1760.0,1560.0,1722.0,148,0.0,0.0
2023-06-01 00:00:00-04:00,1840.0,1880.0,1730.0,1868.0,232,0.0,0.0
2023-06-02 00:00:00-04:00,1980.0,2120.0,1960.0,2080.0,812,0.0,0.0
2023-06-05 00:00:00-04:00,2000.0,2000.0,1640.0,1896.0,290,0.0,0.0
2023-06-06 00:00:00-04:00,1782.0,1920.0,1770.0,1920.0,103,0.0,0.0
2023-06-07 00:00:00-04:00,1920.0,1934.0,1820.0,1866.0,60,0.0,0.0
2023-06-08 00:00:00-04:00,1808.0,1900.0,1800.0,1806.0,91,0.0,0.0
2023-06-09 00:00:00-04:00,1840.0,1886.0,1800.0,1802.0,70,0.0,0.0
2023-06-12 00:00:00-04:00,1800.0,1860.0,1800.0,1856.0,45,0.0,0.0
2023-06-13 00:00:00-04:00,1820.0,1860.0,1740.0,1774.0,124,0.0,0.0
2023-06-14 00:00:00-04:00,1720.0,1760.0,1680.0,1700.0,100,0.0,0.0
2023-06-15 00:00:00-04:00,1682.0,1760.0,1680.0,1700.0,84,0.0,0.0
2023-06-16 00:00:00-04:00,1700.0,1740.0,1648.0,1648.0,94,0.0,0.0
2023-06-20 00:00:00-04:00,1660.0,1700.0,1600.0,1600.0,77,0.0,0.0
2023-06-21 00:00:00-04:00,1600.0,1658.0,1570.0,1580.0,85,0.0,0.0
2023-06-22 00:00:00-04:00,1600.0,1600.0,1510.0,1542.0,49,0.0,0.0
2023-06-23 00:00:00-04:00,1520.0,1540.0,1478.0,1478.0,102,0.0,0.0
2023-06-26 00:00:00-04:00,1480.0,1500.0,1460.0,1482.0,75,0.0,0.0
2023-06-27 00:00:00-04:00,1480.0,1492.0,1454.0,1480.0,80,0.0,0.0
2023-06-28 00:00:00-04:00,1700.0,1720.0,1500.0,1576.0,3725,0.0,0.0
2023-06-29 00:00:00-04:00,1578.0,1780.0,1500.0,1640.0,936,0.0,0.0
2023-06-30 00:00:00-04:00,1700.0,1920.0,1620.0,1898.0,880,0.0,0.0
2023-07-03 00:00:00-04:00,1898.0,1978.0,1850.0,1920.0,177,0.0,0.0
2023-07-05 00:00:00-04:00,1960.0,1980.0,1800.0,1850.0,590,0.0,0.0
2023-07-06 00:00:00-04:00,1780.0,1780.0,1626.0,1706.0,147,0.0,0.0
2023-07-07 00:00:00-04:00,1640.0,1814.0,1624.0,1740.0,90,0.0,0.0
2023-07-10 00:00:00-04:00,1736.0,1800.0,1700.0,1738.0,47,0.0,0.0
2023-07-11 00:00:00-04:00,1760.0,1820.0,1680.0,1734.0,163,0.0,0.0
2023-07-12 00:00:00-04:00,1740.0,1760.0,1578.0,1580.0,223,0.0,0.0
2023-07-13 00:00:00-04:00,1624.0,1700.0,1608.0,1660.0,136,0.0,0.0
2023-07-14 00:00:00-04:00,1670.0,1732.0,1640.0,1648.0,74,0.0,0.0
2023-07-17 00:00:00-04:00,1800.0,1920.0,1782.0,1876.0,624,0.0,0.0
2023-07-18 00:00:00-04:00,2060.0,2100.0,1880.0,2080.0,1559,0.0,0.0
2023-07-19 00:00:00-04:00,1880.0,1880.0,1680.0,1720.0,1146,0.0,0.0
2023-07-20 00:00:00-04:00,1760.0,1834.0,1702.0,1730.0,761,0.0,0.0
2023-07-21 00:00:00-04:00,1798.0,1798.0,1580.0,1660.0,385,0.0,0.0
2023-07-24 00:00:00-04:00,1660.0,1700.0,1540.0,1572.0,394,0.0,0.0
2023-07-25 00:00:00-04:00,1560.0,1594.0,1500.0,1510.0,262,0.0,0.0
2023-07-26 00:00:00-04:00,1500.0,1560.0,1474.0,1520.0,335,0.0,0.0
2023-07-27 00:00:00-04:00,1502.0,1560.0,1390.0,1406.0,507,0.0,0.0
2023-07-28 00:00:00-04:00,1460.0,1518.0,1440.0,1490.0,222,0.0,0.0
2023-07-31 00:00:00-04:00,1518.0,1546.0,1460.0,1520.0,134,0.0,0.0
2023-08-01 00:00:00-04:00,1520.0,1550.0,1470.0,1500.0,80,0.0,0.0
2023-08-02 00:00:00-04:00,1460.0,1496.0,1380.0,1442.0,286,0.0,0.0
2023-08-03 00:00:00-04:00,1440.0,1476.0,1398.0,1462.0,132,0.0,0.0
2023-08-04 00:00:00-04:00,1478.0,1480.0,1406.0,1434.0,90,0.0,0.0
2023-08-07 00:00:00-04:00,1460.0,1480.0,1340.0,1362.0,243,0.0,0.0
2023-08-08 00:00:00-04:00,1340.0,1384.0,1314.0,1322.0,199,0.0,0.0
2023-08-09 00:00:00-04:00,1354.0,1442.0,1100.0,1280.0,1906,0.0,0.0
2023-08-10 00:00:00-04:00,1360.0,1384.0,1262.0,1284.0,1210,0.0,0.0
2023-08-11 00:00:00-04:00,1260.0,1300.0,1240.0,1260.0,183,0.0,0.0
2023-08-14 00:00:00-04:00,1280.0,1280.0,1240.0,1260.0,137,0.0,0.0
2023-08-15 00:00:00-04:00,1234.0,1268.0,1038.0,1132.0,478,0.0,0.0
2023-08-16 00:00:00-04:00,1170.0,1190.0,1090.0,1142.0,136,0.0,0.0
2023-08-17 00:00:00-04:00,1164.0,1200.0,1062.0,1096.0,222,0.0,0.0
2023-08-18 00:00:00-04:00,1100.0,1100.0,980.0,1026.0,638,0.0,0.0
2023-08-21 00:00:00-04:00,1026.0,1060.0,850.0,898.0,479,0.0,0.0
2023-08-22 00:00:00-04:00,876.0,1000.0,862.0,970.0,236,0.0,0.0
2023-08-23 00:00:00-04:00,960.0,960.0,906.0,918.0,106,0.0,0.0
2023-08-24 00:00:00-04:00,922.0,954.0,896.0,916.0,94,0.0,0.0
2023-08-25 00:00:00-04:00,922.0,940.0,902.0,930.0,64,0.0,0.0
2023-08-28 00:00:00-04:00,922.0,960.0,922.0,936.0,70,0.0,0.0
2023-08-29 00:00:00-04:00,940.0,946.0,902.0,930.0,71,0.0,0.0
2023-08-30 00:00:00-04:00,924.0,1092.0,920.0,1088.0,472,0.0,0.0
2023-08-31 00:00:00-04:00,1100.0,1100.0,1000.0,1040.0,77,0.0,0.0
2023-09-01 00:00:00-04:00,1028.0,1076.0,1000.0,1052.0,67,0.0,0.0
2023-09-05 00:00:00-04:00,1074.0,1112.0,1060.0,1104.0,156,0.0,0.0
2023-09-06 00:00:00-04:00,1120.0,1120.0,1024.0,1038.0,88,0.0,0.0
2023-09-07 00:00:00-04:00,1020.0,1056.0,924.0,1012.0,194,0.0,0.0
2023-09-08 00:00:00-04:00,1002.0,1098.0,1002.0,1080.0,61,0.0,0.0
2023-09-11 00:00:00-04:00,1048.0,1062.0,1020.0,1030.0,67,0.0,0.0
2023-09-12 00:00:00-04:00,1040.0,1100.0,1022.0,1100.0,47,0.0,0.0
2023-09-13 00:00:00-04:00,1118.0,1120.0,1040.0,1040.0,38,0.0,0.0
2023-09-14 00:00:00-04:00,1060.0,1060.0,1030.0,1030.0,61,0.0,0.0
2023-09-15 00:00:00-04:00,1030.0,1040.0,980.0,1018.0,95,0.0,0.0
2023-09-18 00:00:00-04:00,980.0,980.0,890.0,892.0,152,0.0,0.0
2023-09-19 00:00:00-04:00,890.0,940.0,890.0,906.0,43,0.0,0.0
2023-09-20 00:00:00-04:00,900.0,930.0,894.0,896.0,64,0.0,0.0
2023-09-21 00:00:00-04:00,880.0,900.0,802.0,860.0,149,0.0,0.0
2023-09-22 00:00:00-04:00,860.0,860.0,766.0,776.0,191,0.0,0.0
2023-09-25 00:00:00-04:00,760.0,800.0,756.0,772.0,73,0.0,0.0
2023-09-26 00:00:00-04:00,772.0,812.0,760.0,796.0,107,0.0,0.0
2023-09-27 00:00:00-04:00,796.0,848.0,740.0,748.0,117,0.0,0.0
2023-09-28 00:00:00-04:00,742.0,792.0,742.0,760.0,175,0.0,0.0
2023-09-29 00:00:00-04:00,760.0,804.0,760.0,790.0,89,0.0,0.0
2023-10-02 00:00:00-04:00,800.0,800.0,740.0,748.0,46,0.0,0.0
2023-10-03 00:00:00-04:00,788.0,800.0,700.0,704.0,145,0.0,0.0
2023-10-04 00:00:00-04:00,714.0,780.0,678.0,740.0,277,0.0,0.0
2023-10-05 00:00:00-04:00,780.0,780.0,740.0,740.0,70,0.0,0.0
2023-10-06 00:00:00-04:00,770.0,770.0,704.0,704.0,70,0.0,0.0
2023-10-09 00:00:00-04:00,760.0,760.0,690.0,700.0,117,0.0,0.0
2023-10-10 00:00:00-04:00,680.0,728.0,660.0,700.0,260,0.0,0.0
2023-10-11 00:00:00-04:00,758.0,758.0,666.0,700.0,139,0.0,0.0
2023-10-12 00:00:00-04:00,710.0,720.0,644.0,660.0,168,0.0,0.0
2023-10-13 00:00:00-04:00,676.0,682.0,640.0,650.0,102,0.0,0.0
2023-10-16 00:00:00-04:00,650.0,680.0,650.0,656.0,156,0.0,0.0
2023-10-17 00:00:00-04:00,678.0,680.0,642.0,660.0,99,0.0,0.0
2023-10-18 00:00:00-04:00,650.0,650.0,622.0,646.0,115,0.0,0.0
2023-10-19 00:00:00-04:00,640.0,640.0,602.0,618.0,70,0.0,0.0
2023-10-20 00:00:00-04:00,600.0,610.0,584.0,600.0,167,0.0,0.0
2023-10-23 00:00:00-04:00,612.0,612.0,540.0,576.0,169,0.0,0.0
2023-10-24 00:00:00-04:00,540.0,558.0,488.0,496.0,510,0.0,0.0
2023-10-25 00:00:00-04:00,458.0,480.0,444.0,476.0,263,0.0,0.0
2023-10-26 00:00:00-04:00,454.0,478.0,400.0,426.0,307,0.0,0.0
2023-10-27 00:00:00-04:00,420.0,426.0,380.0,398.0,420,0.0,0.0
2023-10-30 00:00:00-04:00,398.0,420.0,392.0,408.0,175,0.0,0.0
2023-10-31 00:00:00-04:00,408.0,464.0,400.0,442.0,483,0.0,0.0
2023-11-01 00:00:00-04:00,466.0,466.0,422.0,448.0,158,0.0,0.0
2023-11-02 00:00:00-04:00,516.0,520.0,460.0,502.0,178,0.0,0.0
2023-11-03 00:00:00-04:00,484.0,638.0,484.0,638.0,337,0.0,0.0
2023-11-06 00:00:00-05:00,700.0,740.0,672.0,698.0,295,0.0,0.0
2023-11-07 00:00:00-05:00,680.0,704.0,522.0,564.0,189,0.0,0.0
2023-11-08 00:00:00-05:00,592.0,602.0,458.0,490.0,236,0.0,0.0
2023-11-09 00:00:00-05:00,460.0,520.0,436.0,442.0,219,0.0,0.0
2023-11-10 00:00:00-05:00,460.0,496.0,440.0,446.0,76,0.0,0.0
2023-11-13 00:00:00-05:00,470.0,470.0,440.0,458.0,115,0.0,0.0
2023-11-14 00:00:00-05:00,480.0,480.0,460.0,470.0,81,0.0,0.0
2023-11-15 00:00:00-05:00,478.0,558.0,470.0,520.0,157,0.0,0.0
2023-11-16 00:00:00-05:00,526.0,540.0,466.0,476.0,61,0.0,0.0
2023-11-17 00:00:00-05:00,500.0,500.0,460.0,494.0,55,0.0,0.0
2023-11-20 00:00:00-05:00,500.0,530.0,460.0,518.0,148,0.0,0.0
2023-11-21 00:00:00-05:00,526.0,530.0,468.0,516.0,65,0.0,0.0
2023-11-22 00:00:00-05:00,514.0,518.0,490.0,516.0,21,0.0,0.0
2023-11-24 00:00:00-05:00,520.0,560.0,500.0,560.0,39,0.0,0.0
2023-11-27 00:00:00-05:00,560.0,560.0,460.0,498.0,145,0.0,0.0
2023-11-28 00:00:00-05:00,492.0,536.0,444.0,456.0,107,0.0,0.0
2023-11-29 00:00:00-05:00,540.0,540.0,480.0,488.0,90,0.0,0.0
2023-11-30 00:00:00-05:00,482.0,506.0,480.0,484.0,63,0.0,0.0
2023-12-01 00:00:00-05:00,518.0,518.0,454.0,474.0,55,0.0,0.0
2023-12-04 00:00:00-05:00,480.0,500.0,460.0,482.0,184,0.0,0.0
2023-12-05 00:00:00-05:00,486.0,486.0,462.0,482.0,91,0.0,0.0
2023-12-06 00:00:00-05:00,490.0,492.0,460.0,480.0,128,0.0,0.0
2023-12-07 00:00:00-05:00,480.0,480.0,448.0,460.0,136,0.0,0.0
2023-12-08 00:00:00-05:00,500.0,500.0,452.0,462.0,155,0.0,0.0
2023-12-11 00:00:00-05:00,460.0,460.0,410.0,424.0,196,0.0,0.0
2023-12-12 00:00:00-05:00,420.0,430.0,386.0,386.0,299,0.0,0.0
2023-12-13 00:00:00-05:00,420.0,436.0,386.0,434.0,233,0.0,0.0
2023-12-14 00:00:00-05:00,444.0,446.0,430.0,446.0,127,0.0,0.0
2023-12-15 00:00:00-05:00,458.0,458.0,420.0,422.0,242,0.0,0.0
2023-12-18 00:00:00-05:00,440.0,462.0,436.0,452.0,125,0.0,0.0
2023-12-19 00:00:00-05:00,452.0,460.0,422.0,438.0,178,0.0,0.0
2023-12-20 00:00:00-05:00,420.0,444.0,420.0,440.0,269,0.0,0.0
2023-12-21 00:00:00-05:00,420.0,444.0,400.0,418.0,148,0.0,0.0
2023-12-22 00:00:00-05:00,410.0,430.0,400.0,424.0,183,0.0,0.0
2023-12-26 00:00:00-05:00,420.0,430.0,400.0,424.0,187,0.0,0.0
2023-12-27 00:00:00-05:00,440.0,440.0,402.0,436.0,288,0.0,0.0
2023-12-28 00:00:00-05:00,420.0,480.0,420.0,460.0,419,0.0,0.0
2023-12-29 00:00:00-05:00,460.0,476.0,440.0,460.0,290,0.0,0.0
2024-01-02 00:00:00-05:00,454.0,480.0,446.0,468.0,82,0.0,0.0
2024-01-03 00:00:00-05:00,480.0,480.0,430.0,438.0,105,0.0,0.0
2024-01-04 00:00:00-05:00,440.0,480.0,440.0,460.0,156,0.0,0.0
2024-01-05 00:00:00-05:00,480.0,480.0,460.0,474.0,176,0.0,0.0
2024-01-08 00:00:00-05:00,480.0,720.0,460.0,560.0,844,0.0,0.0
2024-01-09 00:00:00-05:00,568.0,568.0,460.0,466.0,392,0.0,0.0
2024-01-10 00:00:00-05:00,464.0,492.0,422.0,440.0,126,0.0,0.0
2024-01-11 00:00:00-05:00,430.0,460.0,430.0,434.0,101,0.0,0.0
2024-01-12 00:00:00-05:00,432.0,450.0,430.0,436.0,86,0.0,0.0
2024-01-16 00:00:00-05:00,430.0,490.0,416.0,432.0,121,0.0,0.0
2024-01-17 00:00:00-05:00,434.0,440.0,404.0,426.0,100,0.0,0.0
2024-01-18 00:00:00-05:00,422.0,430.0,400.0,414.0,79,0.0,0.0
2024-01-19 00:00:00-05:00,400.0,440.0,400.0,418.0,61,0.0,0.0
2024-01-22 00:00:00-05:00,410.0,444.0,410.0,430.0,86,0.0,0.0
2024-01-23 00:00:00-05:00,410.0,470.0,410.0,456.0,167,0.0,0.0
2024-01-24 00:00:00-05:00,468.0,476.0,454.0,466.0,184,0.0,0.0
2024-01-25 00:00:00-05:00,446.0,460.0,440.0,456.0,89,0.0,0.0
2024-01-26 00:00:00-05:00,460.0,476.0,440.0,466.0,54,0.0,0.0
2024-01-29 00:00:00-05:00,460.0,650.0,460.0,542.0,2282,0.0,0.0
2024-01-30 00:00:00-05:00,500.0,606.0,470.0,536.0,1500,0.0,0.0
2024-01-31 00:00:00-05:00,422.0,464.0,380.0,380.0,1764,0.0,0.0
2024-02-01 00:00:00-05:00,390.0,420.0,366.0,368.0,1097,0.0,0.0
2024-02-02 00:00:00-05:00,282.0,323.6499938964844,257.5,295.5,3196,0.0,0.025
2024-02-05 00:00:00-05:00,395.5,399.5,273.0,335.0,31414,0.0,0.0
2024-02-06 00:00:00-05:00,307.0,324.5,295.0,300.0,2744,0.0,0.0
2024-02-07 00:00:00-05:00,289.0,290.0,266.0,266.5,2644,0.0,0.0
2024-02-08 00:00:00-05:00,262.5,264.5,217.5,220.5,3382,0.0,0.0
2024-02-09 00:00:00-05:00,220.5,235.0,203.5,229.0,2464,0.0,0.0
2024-02-12 00:00:00-05:00,218.5,247.75,218.5,245.0,1568,0.0,0.0
2024-02-13 00:00:00-05:00,232.5,243.5,230.64999389648438,243.5,506,0.0,0.0
2024-02-14 00:00:00-05:00,243.5,249.75,226.0,232.5,872,0.0,0.0
2024-02-15 00:00:00-05:00,223.0,233.5,219.0,219.0,826,0.0,0.0
2024-02-16 00:00:00-05:00,216.5,220.85000610351562,206.5500030517578,220.0,528,0.0,0.0
2024-02-20 00:00:00-05:00,216.5,219.0,200.5,214.5,510,0.0,0.0
2024-02-21 00:00:00-05:00,212.0,232.0,205.0,224.5,664,0.0,0.0
2024-02-22 00:00:00-05:00,224.5,229.5,214.0,220.0,306,0.0,0.0
2024-02-23 00:00:00-05:00,219.5,220.0,209.5,218.0,260,0.0,0.0
2024-02-26 00:00:00-05:00,215.5,223.5,210.5,220.5,222,0.0,0.0
2024-02-27 00:00:00-05:00,223.0,224.0500030517578,210.0,210.0,246,0.0,0.0
2024-02-28 00:00:00-05:00,209.14999389648438,212.5,205.5,208.5,340,0.0,0.0
2024-02-29 00:00:00-05:00,204.0,219.0,204.0,215.0,552,0.0,0.0
2024-03-01 00:00:00-05:00,214.0,232.5,214.0,224.0,1570,0.0,0.0
2024-03-04 00:00:00-05:00,222.5,233.0,212.0,212.0,668,0.0,0.0
2024-03-05 00:00:00-05:00,212.5,212.5,194.0,206.0,696,0.0,0.0
2024-03-06 00:00:00-05:00,256.0,270.5,215.5,219.0,8770,0.0,0.0
2024-03-07 00:00:00-05:00,210.0,217.0,201.5,212.5,1254,0.0,0.0
2024-03-08 00:00:00-05:00,212.5,221.25,203.0,211.5,764,0.0,0.0
2024-03-11 00:00:00-04:00,211.5,252.39999389648438,211.5,235.0,5938,0.0,0.0
2024-03-12 00:00:00-04:00,231.5,231.5,207.5,210.5,2324,0.0,0.0
2024-03-13 00:00:00-04:00,217.5,217.5,201.0,209.5,1068,0.0,0.0
2024-03-14 00:00:00-04:00,212.5,212.5,201.5,208.0,678,0.0,0.0
2024-03-15 00:00:00-04:00,209.5,214.0,201.5,202.0,756,0.0,0.0
2024-03-18 00:00:00-04:00,207.0,224.0,200.0,204.5,1086,0.0,0.0
2024-03-19 00:00:00-04:00,199.5,199.5,161.5,169.0,4080,0.0,0.0
2024-03-20 00:00:00-04:00,162.0,166.9499969482422,140.0,149.0,2058,0.0,0.0
2024-03-21 00:00:00-04:00,153.5,157.5,146.5,151.0,832,0.0,0.0
2024-03-22 00:00:00-04:00,150.0,154.5,146.64999389648438,153.0,518,0.0,0.0
2024-03-25 00:00:00-04:00,158.5,163.5,146.6999969482422,150.0,1528,0.0,0.0
2024-03-26 00:00:00-04:00,150.5,150.5,135.0,137.0,1148,0.0,0.0
2024-03-27 00:00:00-04:00,142.5,145.0,125.0,135.5,1006,0.0,0.0
2024-03-28 00:00:00-04:00,138.0,150.75,136.25,149.0,600,0.0,0.0
2024-04-01 00:00:00-04:00,150.0,150.5,142.0,148.5,942,0.0,0.0
2024-04-02 00:00:00-04:00,140.0,150.0,136.0500030517578,142.0,1126,0.0,0.0
2024-04-03 00:00:00-04:00,144.5,163.5,144.5,155.5,1952,0.0,0.0
2024-04-04 00:00:00-04:00,157.5,159.0,148.0,149.5,888,0.0,0.0
2024-04-05 00:00:00-04:00,149.5,158.9499969482422,148.5,150.0,352,0.0,0.0
2024-04-08 00:00:00-04:00,155.3000030517578,162.0,147.0,148.0,428,0.0,0.0
2024-04-09 00:00:00-04:00,151.5,161.5,145.5,153.5,2518,0.0,0.0
2024-04-10 00:00:00-04:00,151.5,151.5,136.5,144.0,998,0.0,0.0
2024-04-11 00:00:00-04:00,140.5,145.60000610351562,137.0,139.0,336,0.0,0.0
2024-04-12 00:00:00-04:00,139.0,143.5,132.5,134.0,412,0.0,0.0
2024-04-15 00:00:00-04:00,138.5,138.5,117.5,117.5,658,0.0,0.0
2024-04-16 00:00:00-04:00,119.5,122.5,113.5,115.0,408,0.0,0.0
2024-04-17 00:00:00-04:00,117.5,127.0999984741211,110.0,110.5,414,0.0,0.0
2024-04-18 00:00:00-04:00,113.5,113.5,109.0,110.94999694824219,350,0.0,0.0
2024-04-19 00:00:00-04:00,111.5,125.0,104.5,106.5,764,0.0,0.0
2024-04-22 00:00:00-04:00,114.5,119.0,106.0,108.1500015258789,388,0.0,0.0
2024-04-23 00:00:00-04:00,110.5,125.0,109.0,115.5,606,0.0,0.0
2024-04-24 00:00:00-04:00,113.5,116.0,106.5,110.5,392,0.0,0.0
2024-04-25 00:00:00-04:00,112.0,112.0,105.5,106.0,172,0.0,0.0
2024-04-26 00:00:00-04:00,108.5,116.44999694824219,104.5,110.5,460,0.0,0.0
2024-04-29 00:00:00-04:00,110.5,114.5,106.0,114.5,88,0.0,0.0
2024-04-30 00:00:00-04:00,115.5,122.75,110.5,113.5,264,0.0,0.0
2024-05-01 00:00:00-04:00,113.5,117.94999694824219,112.5,113.0,266,0.0,0.0
2024-05-02 00:00:00-04:00,117.5,119.0,113.6500015258789,118.0,356,0.0,0.0
2024-05-03 00:00:00-04:00,119.5,127.0,116.5,122.0,460,0.0,0.0
2024-05-06 00:00:00-04:00,122.5,136.0,117.5,130.6999969482422,1552,0.0,0.0
2024-05-07 00:00:00-04:00,129.5,137.0,122.5,124.0,630,0.0,0.0
2024-05-08 00:00:00-04:00,123.8499984741211,124.0,113.0,116.5,460,0.0,0.0
2024-05-09 00:00:00-04:00,119.5,131.0,118.0,121.5,400,0.0,0.0
2024-05-10 00:00:00-04:00,122.0999984741211,127.5,115.0,116.0,404,0.0,0.0
2024-05-13 00:00:00-04:00,119.0,129.5,111.5,119.5,730,0.0,0.0
2024-05-14 00:00:00-04:00,120.0,134.5,108.0,128.5,3466,0.0,0.0
2024-05-15 00:00:00-04:00,127.0,129.0,120.5,125.25,900,0.0,0.0
2024-05-16 00:00:00-04:00,124.0,132.0,117.0,121.0,870,0.0,0.0
2024-05-17 00:00:00-04:00,124.25,129.0,121.5,127.5,496,0.0,0.0
2024-05-20 00:00:00-04:00,128.5,128.9499969482422,120.5,122.0,506,0.0,0.0
2024-05-21 00:00:00-04:00,118.0,131.14999389648438,116.05000305175781,117.5,872,0.0,0.0
2024-05-22 00:00:00-04:00,117.0,121.75,115.0,118.5,306,0.0,0.0
2024-05-23 00:00:00-04:00,116.5,120.0,108.0,110.5,868,0.0,0.0
2024-05-24 00:00:00-04:00,112.25,117.0,109.80000305175781,110.0,318,0.0,0.0
2024-05-28 00:00:00-04:00,113.0,113.5,106.0,106.0,554,0.0,0.0
2024-05-29 00:00:00-04:00,106.5,119.5,105.0,118.5,1044,0.0,0.0
2024-05-30 00:00:00-04:00,120.0,123.5,115.0,121.0,368,0.0,0.0
2024-05-31 00:00:00-04:00,138.5,204.5,128.5,155.5,67696,0.0,0.0
2024-06-03 00:00:00-04:00,162.0,175.0,146.5,157.5,12820,0.0,0.0
2024-06-04 00:00:00-04:00,153.5,165.5,143.75,144.0,4542,0.0,0.0
2024-06-05 00:00:00-04:00,149.0,150.0,137.0,145.5,2394,0.0,0.0
2024-06-06 00:00:00-04:00,146.0,146.0,135.5,136.75,1320,0.0,0.0
2024-06-07 00:00:00-04:00,134.5,134.5,120.5,122.5,1806,0.0,0.0
2024-06-10 00:00:00-04:00,121.0,126.75,120.0,124.5,730,0.0,0.0
2024-06-11 00:00:00-04:00,123.0,130.0,115.0,126.5,1008,0.0,0.0
2024-06-12 00:00:00-04:00,131.0,131.0,124.5,129.5,488,0.0,0.0
2024-06-13 00:00:00-04:00,127.5,130.0,121.0,121.0,682,0.0,0.0
2024-06-14 00:00:00-04:00,123.5,123.5,106.0,108.5,1632,0.0,0.0
2024-06-17 00:00:00-04:00,107.0,113.0,105.5,110.5,594,0.0,0.0
2024-06-18 00:00:00-04:00,113.0,113.0,100.5,104.0,482,0.0,0.0
2024-06-20 00:00:00-04:00,101.5,104.0,100.5,102.5,554,0.0,0.0
2024-06-21 00:00:00-04:00,104.0999984741211,107.0,101.0,101.0,642,0.0,0.0
2024-06-24 00:00:00-04:00,101.0,110.0,100.5,101.0,1028,0.0,0.0
2024-06-25 00:00:00-04:00,102.0,105.9000015258789,100.5,102.0,414,0.0,0.0
2024-06-26 00:00:00-04:00,106.5,108.25,96.5,98.0,710,0.0,0.0
2024-06-27 00:00:00-04:00,98.0,109.9000015258789,95.5,98.5,1978,0.0,0.0
2024-06-28 00:00:00-04:00,100.0,105.0,93.5,94.25,810,0.0,0.0
2024-07-01 00:00:00-04:00,99.5,103.44999694824219,94.0,96.5,398,0.0,0.0
2024-07-02 00:00:00-04:00,98.0,100.0,94.5,98.5,414,0.0,0.0
2024-07-03 00:00:00-04:00,99.25,99.5999984741211,94.0,95.5,416,0.0,0.0
2024-07-05 00:00:00-04:00,99.0,99.0,90.5,95.0,398,0.0,0.0
2024-07-08 00:00:00-04:00,93.5,97.5,92.5,93.0,642,0.0,0.0
2024-07-09 00:00:00-04:00,94.5,94.80000305175781,90.0,92.0,458,0.0,0.0
2024-07-10 00:00:00-04:00,92.25,94.0,88.5,92.5,208,0.0,0.0
2024-07-11 00:00:00-04:00,95.75,95.75,89.0,92.0,202,0.0,0.0
2024-07-12 00:00:00-04:00,96.0,96.5,93.0,96.0,434,0.0,0.0
2024-07-15 00:00:00-04:00,96.5,104.0,93.5,99.0,1038,0.0,0.0
2024-07-16 00:00:00-04:00,102.0,104.0,99.0,103.0,466,0.0,0.0
2024-07-17 00:00:00-04:00,103.5,103.5,99.5,99.5,196,0.0,0.0
2024-07-18 00:00:00-04:00,101.0,103.0,96.0,99.0,350,0.0,0.0
2024-07-19 00:00:00-04:00,100.0,100.0,95.5,97.0,232,0.0,0.0
2024-07-22 00:00:00-04:00,95.0,99.0,93.5,98.5,280,0.0,0.0
2024-07-23 00:00:00-04:00,98.5,106.5,98.0,100.0,2062,0.0,0.0
2024-07-24 00:00:00-04:00,100.5,100.5,94.5,95.0,834,0.0,0.0
2024-07-25 00:00:00-04:00,100.0,100.0,92.0,96.5,808,0.0,0.0
2024-07-26 00:00:00-04:00,99.5,99.5,90.0,93.0,308,0.0,0.0
2024-07-29 00:00:00-04:00,95.0,95.0,89.0,90.0,338,0.0,0.0
2024-07-30 00:00:00-04:00,93.0,93.0,89.0,90.0,322,0.0,0.0
2024-07-31 00:00:00-04:00,90.0,90.0,84.0,84.0,584,0.0,0.0
2024-08-01 00:00:00-04:00,84.0,85.0,80.0,84.0,446,0.0,0.0
2024-08-02 00:00:00-04:00,79.30000305175781,82.0,77.5,78.5,296,0.0,0.0
2024-08-05 00:00:00-04:00,76.5,77.0,72.0,73.5,518,0.0,0.0
2024-08-06 00:00:00-04:00,73.5,75.0,70.0,70.5,534,0.0,0.0
2024-08-07 00:00:00-04:00,75.0,76.5,71.5,72.0,474,0.0,0.0
2024-08-08 00:00:00-04:00,74.0,74.0,70.0,71.0,254,0.0,0.0
2024-08-09 00:00:00-04:00,75.0999984741211,75.0999984741211,71.0,71.0,326,0.0,0.0
2024-08-12 00:00:00-04:00,74.5,74.5,61.0,63.0,910,0.0,0.0
2024-08-13 00:00:00-04:00,56.5,57.0,40.0,42.5,66284,0.0,0.0
2024-08-14 00:00:00-04:00,49.5,57.5,32.5,36.5,51454,0.0,0.0
2024-08-15 00:00:00-04:00,39.5,42.45000076293945,28.200000762939453,32.599998474121094,22318,0.0,0.0
2024-08-16 00:00:00-04:00,32.75,34.0,29.0,32.400001525878906,5768,0.0,0.0
2024-08-19 00:00:00-04:00,31.450000762939453,33.5,29.950000762939453,32.0,5992,0.0,0.0
2024-08-20 00:00:00-04:00,31.350000381469727,33.25,28.799999237060547,33.0,7222,0.0,0.0
2024-08-21 00:00:00-04:00,32.5,36.5,32.5,35.25,7396,0.0,0.0
2024-08-22 00:00:00-04:00,35.0,36.650001525878906,33.54999923706055,35.0,3448,0.0,0.0
2024-08-23 00:00:00-04:00,35.0,35.95000076293945,33.0,35.70000076293945,9166,0.0,0.0
2024-08-26 00:00:00-04:00,35.54999923706055,36.5,34.25,35.099998474121094,1812,0.0,0.0
2024-08-27 00:00:00-04:00,35.5,36.0,34.650001525878906,35.099998474121094,1776,0.0,0.0
2024-08-28 00:00:00-04:00,35.5,36.0,33.5,34.75,1716,0.0,0.0
2024-08-29 00:00:00-04:00,34.5,34.5,32.349998474121094,33.599998474121094,2752,0.0,0.0
2024-08-30 00:00:00-04:00,33.29999923706055,34.5,31.75,34.25,2590,0.0,0.0
2024-09-03 00:00:00-04:00,34.45000076293945,34.79999923706055,33.29999923706055,33.5,1634,0.0,0.0
2024-09-04 00:00:00-04:00,38.25,40.0,26.049999237060547,26.899999618530273,16104,0.0,0.0
2024-09-05 00:00:00-04:00,25.549999237060547,26.5,24.0,24.950000762939453,4406,0.0,0.0
2024-09-06 00:00:00-04:00,25.5,25.950000762939453,23.0,23.5,3022,0.0,0.0
2024-09-09 00:00:00-04:00,29.5,31.200000762939453,22.549999237060547,23.25,9380,0.0,0.0
2024-09-10 00:00:00-04:00,23.549999237060547,24.0,22.549999237060547,22.799999237060547,1232,0.0,0.0
2024-09-11 00:00:00-04:00,24.950000762939453,25.5,21.049999237060547,24.0,229080,0.0,0.0
2024-09-12 00:00:00-04:00,21.899999618530273,22.25,21.0,21.5,14408,0.0,0.0
2024-09-13 00:00:00-04:00,21.5,22.200000762939453,20.5,21.0,9104,0.0,0.0
2024-09-16 00:00:00-04:00,20.0,20.0,16.049999237060547,19.549999237060547,8484,0.0,0.0
2024-09-17 00:00:00-04:00,19.0,19.899999618530273,16.0,17.0,12744,0.0,0.0
2024-09-18 00:00:00-04:00,16.700000762939453,19.0,14.050000190734863,18.25,6312,0.0,0.0
2024-09-19 00:00:00-04:00,19.0,20.0,18.149999618530273,19.5,9272,0.0,0.0
2024-09-20 00:00:00-04:00,19.950000762939453,20.0,18.75,19.100000381469727,5160,0.0,0.0
2024-09-23 00:00:00-04:00,20.149999618530273,21.5,19.5,20.799999237060547,23450,0.0,0.0
2024-09-24 00:00:00-04:00,20.399999618530273,21.0,19.25,19.799999237060547,7550,0.0,0.0
2024-09-25 00:00:00-04:00,19.950000762939453,19.950000762939453,17.450000762939453,17.5,9912,0.0,0.0
2024-09-26 00:00:00-04:00,19.0,19.0,16.950000762939453,17.5,3390,0.0,0.0
2024-09-27 00:00:00-04:00,17.75,18.700000762939453,17.75,18.549999237060547,2308,0.0,0.0
2024-09-30 00:00:00-04:00,17.899999618530273,18.399999618530273,17.5,18.100000381469727,2332,0.0,0.0
2024-10-01 00:00:00-04:00,17.899999618530273,18.100000381469727,17.5,17.649999618530273,1552,0.0,0.0
2024-10-02 00:00:00-04:00,17.5,18.450000762939453,16.0,16.5,3440,0.0,0.0
2024-10-03 00:00:00-04:00,16.5,17.5,15.600000381469727,16.5,3834,0.0,0.0
2024-10-04 00:00:00-04:00,16.5,17.899999618530273,16.5,17.549999237060547,1602,0.0,0.0
2024-10-07 00:00:00-04:00,18.0,18.350000381469727,16.649999618530273,17.5,6236,0.0,0.0
2024-10-08 00:00:00-04:00,17.5,18.25,17.149999618530273,17.5,3648,0.0,0.0
2024-10-09 00:00:00-04:00,17.5,17.5,16.899999618530273,17.049999237060547,1918,0.0,0.0
2024-10-10 00:00:00-04:00,17.549999237060547,18.100000381469727,16.25,17.0,2914,0.0,0.0
2024-10-11 00:00:00-04:00,16.649999618530273,16.950000762939453,16.299999237060547,16.950000762939453,1756,0.0,0.0
2024-10-14 00:00:00-04:00,16.950000762939453,18.100000381469727,16.5,17.100000381469727,2078,0.0,0.0
2024-10-15 00:00:00-04:00,17.100000381469727,20.5,16.0,16.799999237060547,59922,0.0,0.0
2024-10-16 00:00:00-04:00,16.799999237060547,17.5,14.800000190734863,17.25,14314,0.0,0.0
2024-10-17 00:00:00-04:00,17.0,17.0,15.850000381469727,17.0,6202,0.0,0.0
2024-10-18 00:00:00-04:00,16.5,21.5,16.350000381469727,20.649999618530273,121858,0.0,0.0
2024-10-21 00:00:00-04:00,27.5,102.0,25.649999618530273,75.5,5798358,0.0,0.0
2024-10-22 00:00:00-04:00,169.5,198.5,121.5,179.5,3806568,0.0,0.0
2024-10-23 00:00:00-04:00,144.5,157.5,130.0,132.5,292774,0.0,0.0
2024-10-24 00:00:00-04:00,123.5,124.5,90.5,107.0,158012,0.0,0.0
2024-10-25 00:00:00-04:00,105.5,116.0,91.0,99.0,93672,0.0,0.0
2024-10-28 00:00:00-04:00,101.5,149.5,95.0,137.0,376224,0.0,0.0
2024-10-29 00:00:00-04:00,125.0,140.0,120.5,122.0,50502,0.0,0.0
2024-10-30 00:00:00-04:00,117.0,117.30000305175781,100.5,101.0,34632,0.0,0.0
2024-10-31 00:00:00-04:00,103.5,125.0,103.0,112.5,72078,0.0,0.0
2024-11-01 00:00:00-04:00,114.0,129.5,100.0,107.5,81520,0.0,0.0
2024-11-04 00:00:00-05:00,106.0,107.0,100.0,101.0,19286,0.0,0.0
2024-11-05 00:00:00-05:00,100.0,104.0,88.0,90.5,29904,0.0,0.0
2024-11-06 00:00:00-05:00,88.5,92.5,77.5,77.5,17350,0.0,0.0
2024-11-07 00:00:00-05:00,80.0,89.5,77.5,84.5,16828,0.0,0.0
2024-11-08 00:00:00-05:00,84.0,84.25,75.5,77.5,11536,0.0,0.0
2024-11-11 00:00:00-05:00,80.0,81.0,62.5,67.0,14500,0.0,0.0
2024-11-12 00:00:00-05:00,72.5,117.5,70.0,104.5,434170,0.0,0.0
2024-11-13 00:00:00-05:00,98.5,99.0,77.5,80.0,55106,0.0,0.0
2024-11-14 00:00:00-05:00,82.0,90.0,80.5,82.0,19768,0.0,0.0
2024-11-15 00:00:00-05:00,84.5,84.5,76.5,80.0,14948,0.0,0.0
2024-11-18 00:00:00-05:00,78.0,78.0,67.5,68.0,18632,0.0,0.0
2024-11-19 00:00:00-05:00,69.0,69.0,63.0,64.25,8678,0.0,0.0
2024-11-20 00:00:00-05:00,68.5,68.5,54.75,55.0,19548,0.0,0.0
2024-11-21 00:00:00-05:00,55.0,60.0,54.0,57.0,14980,0.0,0.0
2024-11-22 00:00:00-05:00,57.5,60.0,54.0,55.0,11476,0.0,0.0
2024-11-25 00:00:00-05:00,57.5,57.5,49.5,50.0,11636,0.0,0.0
2024-11-26 00:00:00-05:00,53.0,62.0,50.0,56.0,24954,0.0,0.0
2024-11-27 00:00:00-05:00,58.5,58.5,54.0,54.0,10034,0.0,0.0
2024-11-29 00:00:00-05:00,55.0,55.400001525878906,51.5,54.5,7120,0.0,0.0
2024-12-02 00:00:00-05:00,54.5,58.0,52.5,55.0,35910,0.0,0.0
2024-12-03 00:00:00-05:00,54.0,55.0,50.0,54.5,7690,0.0,0.0
2024-12-04 00:00:00-05:00,52.5,54.5,51.5,53.0,9354,0.0,0.0
2024-12-05 00:00:00-05:00,53.0,54.0,52.0,54.0,3240,0.0,0.0
2024-12-06 00:00:00-05:00,53.5,55.0,51.5,52.0,11124,0.0,0.0
2024-12-09 00:00:00-05:00,52.5,52.5,50.5,52.5,9242,0.0,0.0
2024-12-10 00:00:00-05:00,52.0,52.5,50.5,51.5,6684,0.0,0.0
2024-12-11 00:00:00-05:00,52.5,55.5,51.5,52.5,12714,0.0,0.0
2024-12-12 00:00:00-05:00,51.5,55.0,50.5,53.0,9106,0.0,0.0
2024-12-13 00:00:00-05:00,53.5,61.5,53.5,58.0,39320,0.0,0.0
2024-12-16 00:00:00-05:00,61.5,63.0,50.5,52.5,80666,0.0,0.0
2024-12-17 00:00:00-05:00,50.5,52.0,50.0,51.0,12910,0.0,0.0
2024-12-18 00:00:00-05:00,51.0,51.0,41.0,41.5,34344,0.0,0.0
2024-12-19 00:00:00-05:00,43.0,47.75,42.0,45.0,6478,0.0,0.0
2024-12-20 00:00:00-05:00,43.5,48.099998474121094,42.900001525878906,45.5,6788,0.0,0.0
2024-12-23 00:00:00-05:00,46.0,48.0,45.45000076293945,46.70000076293945,3954,0.0,0.0
2024-12-24 00:00:00-05:00,45.0,47.20000076293945,44.25,46.400001525878906,6928,0.0,0.0
2024-12-26 00:00:00-05:00,45.5,47.20000076293945,43.0,44.5,8864,0.0,0.0
2024-12-27 00:00:00-05:00,44.5,45.5,42.849998474121094,43.75,4502,0.0,0.0
2024-12-30 00:00:00-05:00,44.0,44.5,40.79999923706055,42.5,6354,0.0,0.0
2024-12-31 00:00:00-05:00,42.0,44.79999923706055,42.0,42.599998474121094,8766,0.0,0.0
2025-01-02 00:00:00-05:00,45.5,46.5,42.70000076293945,45.04999923706055,24068,0.0,0.0
2025-01-03 00:00:00-05:00,43.54999923706055,43.70000076293945,40.45000076293945,41.900001525878906,19490,0.0,0.0
2025-01-06 00:00:00-05:00,42.04999923706055,45.0,42.04999923706055,43.75,5274,0.0,0.0
2025-01-07 00:00:00-05:00,45.0,45.0,41.0,42.70000076293945,5104,0.0,0.0
2025-01-08 00:00:00-05:00,41.5,43.20000076293945,38.0,38.54999923706055,8328,0.0,0.0
2025-01-10 00:00:00-05:00,39.5,39.5,38.0,39.0,4986,0.0,0.0
2025-01-13 00:00:00-05:00,39.5,39.5,35.5,36.5,4974,0.0,0.0
2025-01-14 00:00:00-05:00,37.54999923706055,38.400001525878906,36.0,36.900001525878906,6486,0.0,0.0
2025-01-15 00:00:00-05:00,36.900001525878906,37.5,34.70000076293945,35.0,7768,0.0,0.0
2025-01-16 00:00:00-05:00,35.150001525878906,36.349998474121094,34.04999923706055,35.0,3394,0.0,0.0
2025-01-17 00:00:00-05:00,36.5,36.900001525878906,35.0,36.0,3260,0.0,0.0
2025-01-21 00:00:00-05:00,36.20000076293945,36.70000076293945,32.79999923706055,34.75,5278,0.0,0.0
2025-01-22 00:00:00-05:00,35.5,38.20000076293945,34.79999923706055,37.599998474121094,3066,0.0,0.0
2025-01-23 00:00:00-05:00,38.5,38.599998474121094,34.54999923706055,35.25,21488,0.0,0.0
2025-01-24 00:00:00-05:00,35.349998474121094,36.5,34.5,35.0,4428,0.0,0.0
2025-01-27 00:00:00-05:00,34.5,34.5,29.899999618530273,30.399999618530273,6222,0.0,0.0
2025-01-28 00:00:00-05:00,30.0,32.29999923706055,29.0,31.700000762939453,5334,0.0,0.0
2025-01-29 00:00:00-05:00,31.700000762939453,33.5,30.0,31.0,1564,0.0,0.0
2025-01-30 00:00:00-05:00,30.049999237060547,31.600000381469727,29.799999237060547,30.5,3420,0.0,0.0
2025-01-31 00:00:00-05:00,31.25,32.5,30.0,30.950000762939453,5280,0.0,0.0
2025-02-03 00:00:00-05:00,30.950000762939453,30.950000762939453,27.75,28.5,4428,0.0,0.0
2025-02-04 00:00:00-05:00,28.149999618530273,28.5,23.549999237060547,26.0,10512,0.0,0.0
2025-02-05 00:00:00-05:00,27.100000381469727,27.100000381469727,24.75,25.0,4764,0.0,0.0
2025-02-06 00:00:00-05:00,25.5,26.450000762939453,24.549999237060547,25.0,3878,0.0,0.0
2025-02-07 00:00:00-05:00,25.0,25.299999237060547,24.0,24.149999618530273,2098,0.0,0.0
2025-02-10 00:00:00-05:00,25.0,25.0,22.549999237060547,24.649999618530273,2830,0.0,0.0
2025-02-11 00:00:00-05:00,25.0,26.0,23.75,25.350000381469727,7566,0.0,0.0
2025-02-12 00:00:00-05:00,25.5,25.5,23.5,23.799999237060547,2912,0.0,0.0
2025-02-13 00:00:00-05:00,26.75,27.450000762939453,20.5,23.549999237060547,334940,0.0,0.0
2025-02-14 00:00:00-05:00,22.350000381469727,22.5,21.5,22.049999237060547,29808,0.0,0.0
2025-02-18 00:00:00-05:00,20.850000381469727,22.0,19.149999618530273,20.5,100082,0.0,0.0
2025-02-19 00:00:00-05:00,20.5,21.450000762939453,19.399999618530273,20.75,44676,0.0,0.0
2025-02-20 00:00:00-05:00,20.399999618530273,20.700000762939453,19.0,19.799999237060547,17756,0.0,0.0
2025-02-21 00:00:00-05:00,19.799999237060547,21.0,18.0,19.649999618530273,25986,0.0,0.0
2025-02-24 00:00:00-05:00,20.049999237060547,20.049999237060547,18.5,19.5,15710,0.0,0.0
2025-02-25 00:00:00-05:00,19.549999237060547,19.549999237060547,18.200000762939453,18.399999618530273,9162,0.0,0.0
2025-02-26 00:00:00-05:00,19.0,19.5,18.5,19.0,5772,0.0,0.0
2025-02-27 00:00:00-05:00,20.200000762939453,20.5,18.75,18.75,12442,0.0,0.0
2025-02-28 00:00:00-05:00,18.799999237060547,19.850000381469727,18.049999237060547,18.850000381469727,9446,0.0,0.0
2025-03-03 00:00:00-05:00,19.049999237060547,19.049999237060547,17.049999237060547,17.399999618530273,11270,0.0,0.0
2025-03-04 00:00:00-05:00,17.399999618530273,18.5,15.300000190734863,16.75,18278,0.0,0.0
2025-03-05 00:00:00-05:00,17.399999618530273,17.450000762939453,16.0,16.75,6264,0.0,0.0
2025-03-06 00:00:00-05:00,17.0,17.0,16.549999237060547,16.75,9870,0.0,0.0
2025-03-07 00:00:00-05:00,17.5,17.5,16.700000762939453,17.0,4958,0.0,0.0
2025-03-10 00:00:00-04:00,17.5,17.5,16.200000762939453,16.5,6300,0.0,0.0
2025-03-11 00:00:00-04:00,16.899999618530273,17.75,15.699999809265137,16.899999618530273,17078,0.0,0.0
2025-03-12 00:00:00-04:00,17.75,18.0,16.5,17.25,15830,0.0,0.0
2025-03-13 00:00:00-04:00,18.0,20.0,17.450000762939453,18.0,36452,0.0,0.0
2025-03-14 00:00:00-04:00,18.0,18.5,17.350000381469727,18.149999618530273,20084,0.0,0.0
2025-03-17 00:00:00-04:00,19.100000381469727,20.5,18.25,20.0,202924,0.0,0.0
2025-03-18 00:00:00-04:00,22.5,26.0,16.5,17.0,880524,0.0,0.0
2025-03-19 00:00:00-04:00,17.049999237060547,19.25,16.75,18.450000762939453,90746,0.0,0.0
2025-03-20 00:00:00-04:00,17.649999618530273,19.5,17.049999237060547,18.75,46672,0.0,0.0
2025-03-21 00:00:00-04:00,17.950000762939453,18.5,17.5,17.899999618530273,27210,0.0,0.0
2025-03-24 00:00:00-04:00,17.649999618530273,19.299999237060547,17.549999237060547,18.450000762939453,30644,0.0,0.0
2025-03-25 00:00:00-04:00,18.75,20.25,18.049999237060547,19.299999237060547,74108,0.0,0.0
2025-03-26 00:00:00-04:00,18.25,19.600000381469727,18.049999237060547,19.0,40496,0.0,0.0
2025-03-27 00:00:00-04:00,18.25,18.649999618530273,16.75,17.100000381469727,34084,0.0,0.0
2025-03-28 00:00:00-04:00,17.0,17.5,12.5,13.550000190734863,72322,0.0,0.0
2025-03-31 00:00:00-04:00,13.199999809265137,13.199999809265137,11.5,12.25,37726,0.0,0.0
2025-04-01 00:00:00-04:00,12.449999809265137,12.949999809265137,11.0,11.5,26294,0.0,0.0
2025-04-02 00:00:00-04:00,12.0,19.25,12.0,14.75,923652,0.0,0.0
2025-04-03 00:00:00-04:00,16.0,21.850000381469727,14.25,21.600000381469727,1264550,0.0,0.0
2025-04-04 00:00:00-04:00,17.0,19.5,16.5,16.75,147752,0.0,0.0
2025-04-07 00:00:00-04:00,14.949999809265137,16.5,13.050000190734863,15.5,56450,0.0,0.0
2025-04-08 00:00:00-04:00,16.25,16.25,12.25,12.75,45674,0.0,0.0
2025-04-09 00:00:00-04:00,13.0,15.0,12.800000190734863,13.75,43334,0.0,0.0
2025-04-10 00:00:00-04:00,14.100000381469727,14.550000190734863,12.399999618530273,13.25,18734,0.0,0.0
2025-04-11 00:00:00-04:00,13.5,13.949999809265137,13.25,13.350000381469727,11248,0.0,0.0
2025-04-14 00:00:00-04:00,13.5,13.75,11.699999809265137,13.25,25790,0.0,0.0
2025-04-15 00:00:00-04:00,13.0,13.75,12.699999809265137,13.0,13648,0.0,0.0
2025-04-16 00:00:00-04:00,12.699999809265137,13.050000190734863,11.75,12.800000190734863,28018,0.0,0.0
2025-04-17 00:00:00-04:00,12.550000190734863,12.550000190734863,11.5,12.0,21386,0.0,0.0
2025-04-21 00:00:00-04:00,12.149999618530273,12.25,11.0,11.25,22492,0.0,0.0
2025-04-22 00:00:00-04:00,11.649999618530273,11.949999809265137,11.0,11.300000190734863,32656,0.0,0.0
2025-04-23 00:00:00-04:00,12.0,12.25,11.550000190734863,11.649999618530273,31918,0.0,0.0
2025-04-24 00:00:00-04:00,11.949999809265137,13.600000381469727,11.75,13.350000381469727,78026,0.0,0.0
2025-04-25 00:00:00-04:00,13.5,14.5,12.5,14.25,40252,0.0,0.0
2025-04-28 00:00:00-04:00,15.0,16.0,13.0,14.649999618530273,394318,0.0,0.0
2025-04-29 00:00:00-04:00,13.350000381469727,15.050000190734863,13.350000381469727,14.0,50732,0.0,0.0
2025-04-30 00:00:00-04:00,14.0,14.5,13.149999618530273,14.5,37702,0.0,0.0
2025-05-01 00:00:00-04:00,14.050000190734863,14.449999809265137,13.75,13.75,20372,0.0,0.0
2025-05-02 00:00:00-04:00,13.800000190734863,15.0,13.0,14.5,48134,0.0,0.0
2025-05-05 00:00:00-04:00,14.050000190734863,18.049999237060547,14.050000190734863,15.5,88414,0.0,0.0
2025-05-06 00:00:00-04:00,15.800000190734863,16.75,14.25,14.600000381469727,57910,0.0,0.0
2025-05-07 00:00:00-04:00,13.600000381469727,14.5,13.300000190734863,14.0,19072,0.0,0.0
2025-05-08 00:00:00-04:00,14.25,14.75,13.5,14.350000381469727,15748,0.0,0.0
2025-05-09 00:00:00-04:00,13.649999618530273,14.75,13.649999618530273,14.25,11422,0.0,0.0
2025-05-12 00:00:00-04:00,14.0,14.399999618530273,13.100000381469727,13.800000190734863,24222,0.0,0.0
2025-05-13 00:00:00-04:00,14.0,14.350000381469727,13.449999809265137,14.100000381469727,13312,0.0,0.0
2025-05-14 00:00:00-04:00,12.5,12.949999809265137,10.75,11.149999618530273,73286,0.0,0.0
2025-05-15 00:00:00-04:00,11.899999618530273,12.050000190734863,11.050000190734863,11.850000381469727,54666,0.0,0.0
2025-05-16 00:00:00-04:00,12.0,12.699999809265137,11.0,12.350000381469727,30976,0.0,0.0
2025-05-19 00:00:00-04:00,12.699999809265137,13.5,12.050000190734863,13.5,21920,0.0,0.0
2025-05-20 00:00:00-04:00,13.5,15.0,13.449999809265137,14.399999618530273,30742,0.0,0.0
2025-05-21 00:00:00-04:00,14.850000381469727,15.0,13.5,13.899999618530273,17670,0.0,0.0
2025-05-22 00:00:00-04:00,14.149999618530273,14.149999618530273,13.0,13.199999809265137,17168,0.0,0.0
2025-05-23 00:00:00-04:00,13.449999809265137,14.0,12.850000381469727,13.75,12806,0.0,0.0
2025-05-27 00:00:00-04:00,14.050000190734863,14.399999618530273,13.5,13.550000190734863,8964,0.0,0.0
2025-05-28 00:00:00-04:00,13.699999809265137,14.850000381469727,13.350000381469727,14.0,36136,0.0,0.0
2025-05-29 00:00:00-04:00,14.0,18.700000762939453,13.800000190734863,16.649999618530273,173884,0.0,0.0
2025-05-30 00:00:00-04:00,15.25,18.0,14.550000190734863,16.700000762939453,82100,0.0,0.0
2025-06-02 00:00:00-04:00,16.700000762939453,16.799999237060547,15.5,15.949999809265137,17278,0.0,0.0
2025-06-03 00:00:00-04:00,16.049999237060547,16.100000381469727,14.25,14.350000381469727,27138,0.0,0.0
2025-06-04 00:00:00-04:00,14.350000381469727,15.0,13.100000381469727,13.949999809265137,19876,0.0,0.0
2025-06-05 00:00:00-04:00,13.850000381469727,14.399999618530273,13.449999809265137,13.649999618530273,14512,0.0,0.0
2025-06-06 00:00:00-04:00,13.949999809265137,14.75,13.5,14.399999618530273,15868,0.0,0.0
2025-06-09 00:00:00-04:00,14.699999809265137,16.450000762939453,14.5,15.449999809265137,23150,0.0,0.0
2025-06-10 00:00:00-04:00,15.0,16.299999237060547,14.550000190734863,16.0,27086,0.0,0.0
2025-06-11 00:00:00-04:00,15.800000190734863,17.350000381469727,15.199999809265137,15.399999618530273,17632,0.0,0.0
2025-06-12 00:00:00-04:00,15.5,16.450000762939453,15.399999618530273,15.649999618530273,13996,0.0,0.0
2025-06-13 00:00:00-04:00,15.25,15.550000190734863,14.5,14.600000381469727,15150,0.0,0.0
2025-06-16 00:00:00-04:00,15.25,15.699999809265137,14.649999618530273,15.399999618530273,7342,0.0,0.0
2025-06-17 00:00:00-04:00,15.699999809265137,16.200000762939453,14.75,15.0,14996,0.0,0.0
2025-06-18 00:00:00-04:00,14.850000381469727,16.0,14.550000190734863,15.100000381469727,9334,0.0,0.0
2025-06-20 00:00:00-04:00,14.949999809265137,15.0,13.199999809265137,13.199999809265137,35174,0.0,0.0
2025-06-23 00:00:00-04:00,14.850000381469727,15.0,10.100000381469727,11.449999809265137,845276,0.0,0.0
2025-06-24 00:00:00-04:00,12.25,13.399999618530273,11.5,12.5,110756,0.0,0.0
2025-06-25 00:00:00-04:00,12.25,12.5,11.0,11.300000190734863,57116,0.0,0.0
2025-06-26 00:00:00-04:00,11.75,12.300000190734863,11.300000190734863,11.699999809265137,41090,0.0,0.0
2025-06-27 00:00:00-04:00,11.699999809265137,11.800000190734863,11.149999618530273,11.149999618530273,32804,0.0,0.0
2025-06-30 00:00:00-04:00,11.149999618530273,11.600000381469727,10.949999809265137,11.399999618530273,28356,0.0,0.0
2025-07-01 00:00:00-04:00,11.350000381469727,13.350000381469727,11.050000190734863,13.350000381469727,48186,0.0,0.0
2025-07-02 00:00:00-04:00,13.0,13.649999618530273,12.350000381469727,13.5,23230,0.0,0.0
2025-07-03 00:00:00-04:00,13.100000381469727,13.699999809265137,13.0,13.0,11116,0.0,0.0
2025-07-07 00:00:00-04:00,13.0,13.5,12.649999618530273,12.850000381469727,10944,0.0,0.0
2025-07-08 00:00:00-04:00,12.800000190734863,14.0,12.699999809265137,13.399999618530273,38554,0.0,0.0
2025-07-09 00:00:00-04:00,13.5,14.199999809265137,13.449999809265137,14.149999618530273,18072,0.0,0.0
2025-07-10 00:00:00-04:00,13.899999618530273,14.649999618530273,13.75,14.550000190734863,14430,0.0,0.0
2025-07-11 00:00:00-04:00,14.600000381469727,14.600000381469727,13.5,13.850000381469727,11132,0.0,0.0
2025-07-14 00:00:00-04:00,13.899999618530273,15.949999809265137,13.800000190734863,15.0,37532,0.0,0.0
2025-07-15 00:00:00-04:00,15.0,15.5,14.5,14.850000381469727,12332,0.0,0.0
2025-07-16 00:00:00-04:00,15.199999809265137,15.350000381469727,14.449999809265137,14.649999618530273,15384,0.0,0.0
2025-07-17 00:00:00-04:00,14.5,15.5,13.850000381469727,14.199999809265137,20192,0.0,0.0
2025-07-18 00:00:00-04:00,14.100000381469727,14.300000190734863,13.5,13.850000381469727,16908,0.0,0.0
2025-07-21 00:00:00-04:00,13.5,13.75,12.399999618530273,13.0,30518,0.0,0.0
2025-07-22 00:00:00-04:00,13.25,13.75,13.149999618530273,13.350000381469727,11040,0.0,0.0
2025-07-23 00:00:00-04:00,13.5,13.850000381469727,12.699999809265137,12.850000381469727,20102,0.0,0.0
2025-07-24 00:00:00-04:00,13.25,14.5,12.550000190734863,14.300000190734863,51204,0.0,0.0
2025-07-25 00:00:00-04:00,14.300000190734863,14.350000381469727,13.149999618530273,13.600000381469727,13880,0.0,0.0
2025-07-28 00:00:00-04:00,13.0,13.600000381469727,13.0,13.100000381469727,11452,0.0,0.0
2025-07-29 00:00:00-04:00,13.149999618530273,13.449999809265137,12.350000381469727,12.600000381469727,22150,0.0,0.0
2025-07-30 00:00:00-04:00,12.75,13.0,11.449999809265137,11.75,26934,0.0,0.0
2025-07-31 00:00:00-04:00,11.600000381469727,12.0,11.199999809265137,11.550000190734863,16340,0.0,0.0
2025-08-01 00:00:00-04:00,11.649999618530273,11.800000190734863,11.0,11.550000190734863,23564,0.0,0.0
2025-08-04 00:00:00-04:00,11.5,12.25,11.5,12.25,12014,0.0,0.0
2025-08-05 00:00:00-04:00,12.550000190734863,12.949999809265137,12.0,12.399999618530273,22990,0.0,0.0
2025-08-06 00:00:00-04:00,12.050000190734863,12.449999809265137,10.5,11.0,39362,0.0,0.0
2025-08-07 00:00:00-04:00,10.899999618530273,11.449999809265137,10.850000381469727,11.050000190734863,10984,0.0,0.0
2025-08-08 00:00:00-04:00,11.0,11.300000190734863,10.449999809265137,10.699999809265137,16254,0.0,0.0
2025-08-11 00:00:00-04:00,10.899999618530273,10.899999618530273,10.5,10.649999618530273,12514,0.0,0.0
2025-08-12 00:00:00-04:00,10.75,12.149999618530273,10.5,11.75,35530,0.0,0.0
2025-08-13 00:00:00-04:00,11.399999618530273,11.699999809265137,10.850000381469727,11.25,8204,0.0,0.0
2025-08-14 00:00:00-04:00,11.050000190734863,11.300000190734863,10.649999618530273,10.800000190734863,26766,0.0,0.0
2025-08-15 00:00:00-04:00,10.800000190734863,10.800000190734863,10.300000190734863,10.600000381469727,21730,0.0,0.0
2025-08-18 00:00:00-04:00,12.5,12.5,9.5,9.550000190734863,132484,0.0,0.0
2025-08-19 00:00:00-04:00,9.75,9.75,8.5,8.5,97466,0.0,0.0
2025-08-20 00:00:00-04:00,8.5,8.75,7.849999904632568,8.149999618530273,55646,0.0,0.0
2025-08-21 00:00:00-04:00,8.0,8.0,7.0,7.199999809265137,63896,0.0,0.0
2025-08-22 00:00:00-04:00,8.550000190734863,9.449999809265137,7.849999904632568,8.399999618530273,1950816,0.0,0.0
2025-08-25 00:00:00-04:00,9.100000381469727,9.25,8.25,8.25,147608,0.0,0.0
2025-08-26 00:00:00-04:00,8.199999809265137,8.5,8.0,8.5,66292,0.0,0.0
2025-08-27 00:00:00-04:00,8.449999809265137,8.899999618530273,8.25,8.649999618530273,72004,0.0,0.0
2025-08-28 00:00:00-04:00,8.649999618530273,9.100000381469727,8.5,8.75,79976,0.0,0.0
2025-08-29 00:00:00-04:00,9.0,9.0,7.449999809265137,8.199999809265137,54820,0.0,0.0
2025-09-02 00:00:00-04:00,8.199999809265137,8.199999809265137,7.099999904632568,7.900000095367432,35492,0.0,0.0
2025-09-03 00:00:00-04:00,8.0,8.399999618530273,7.949999809265137,8.199999809265137,40114,0.0,0.0
2025-09-04 00:00:00-04:00,8.25,8.25,7.599999904632568,7.800000190734863,43854,0.0,0.0
2025-09-05 00:00:00-04:00,7.75,12.800000190734863,7.550000190734863,11.5,2586178,0.0,0.0
2025-09-08 00:00:00-04:00,15.399999618530273,20.200000762939453,10.199999809265137,10.300000190734863,3468024,0.0,0.0
2025-09-09 00:00:00-04:00,10.550000190734863,11.199999809265137,10.0,10.449999809265137,203372,0.0,0.0
2025-09-10 00:00:00-04:00,10.649999618530273,13.199999809265137,10.100000381469727,12.5,250284,0.0,0.0
2025-09-11 00:00:00-04:00,12.25,13.5,12.25,12.949999809265137,105468,0.0,0.0
2025-09-12 00:00:00-04:00,12.800000190734863,15.949999809265137,12.399999618530273,14.600000381469727,249610,0.0,0.0
2025-09-15 00:00:00-04:00,14.199999809265137,14.449999809265137,12.899999618530273,13.75,58268,0.0,0.0
2025-09-16 00:00:00-04:00,13.449999809265137,14.350000381469727,13.100000381469727,13.600000381469727,38832,0.0,0.0
2025-09-17 00:00:00-04:00,13.5,13.5,11.0,11.649999618530273,75628,0.0,0.0
2025-09-18 00:00:00-04:00,12.300000190734863,12.899999618530273,11.800000190734863,12.25,51074,0.0,0.0
2025-09-19 00:00:00-04:00,12.25,12.300000190734863,11.0,11.649999618530273,50428,0.0,0.0
2025-09-22 00:00:00-04:00,11.25,11.899999618530273,10.649999618530273,11.5,46446,0.0,0.0
2025-09-23 00:00:00-04:00,11.699999809265137,11.850000381469727,10.850000381469727,11.0,33934,0.0,0.0
2025-09-24 00:00:00-04:00,11.0,11.199999809265137,10.199999809265137,10.350000381469727,58662,0.0,0.0
2025-09-25 00:00:00-04:00,10.100000381469727,10.25,9.100000381469727,9.25,76412,0.0,0.0
2025-09-26 00:00:00-04:00,9.300000190734863,9.600000381469727,8.75,8.949999809265137,65278,0.0,0.0
2025-09-29 00:00:00-04:00,9.199999809265137,9.399999618530273,8.050000190734863,8.350000381469727,106438,0.0,0.0
2025-09-30 00:00:00-04:00,8.699999809265137,9.199999809265137,8.399999618530273,8.449999809265137,73680,0.0,0.0
2025-10-01 00:00:00-04:00,8.75,9.350000381469727,8.5,8.850000381469727,35766,0.0,0.0
2025-10-02 00:00:00-04:00,9.0,10.5,8.75,10.0,72784,0.0,0.0
2025-10-03 00:00:00-04:00,10.899999618530273,10.899999618530273,8.850000381469727,9.600000381469727,101538,0.0,0.0
2025-10-06 00:00:00-04:00,9.5,10.399999618530273,9.449999809265137,10.199999809265137,34276,0.0,0.0
2025-10-07 00:00:00-04:00,10.350000381469727,11.0,9.350000381469727,10.100000381469727,106036,0.0,0.0
2025-10-08 00:00:00-04:00,10.050000190734863,12.25,10.050000190734863,12.199999809265137,108360,0.0,0.0
2025-10-09 00:00:00-04:00,12.0,14.0,11.0,11.550000190734863,105544,0.0,0.0
2025-10-10 00:00:00-04:00,10.5,11.399999618530273,10.25,10.25,61394,0.0,0.0
2025-10-13 00:00:00-04:00,10.300000190734863,10.449999809265137,8.5,9.699999809265137,61570,0.0,0.0
2025-10-14 00:00:00-04:00,10.300000190734863,12.949999809265137,10.0,12.649999618530273,1016150,0.0,0.0
2025-10-15 00:00:00-04:00,24.0,55.0,22.799999237060547,42.0,18618790,0.0,0.0
2025-10-16 00:00:00-04:00,33.349998474121094,34.25,21.049999237060547,23.799999237060547,1132196,0.0,0.0
2025-10-17 00:00:00-04:00,16.850000381469727,20.700000762939453,16.75,18.149999618530273,1033620,0.0,0.0
2025-10-20 00:00:00-04:00,17.149999618530273,17.549999237060547,13.350000381469727,14.0,344758,0.0,0.0
2025-10-21 00:00:00-04:00,12.970000267028809,12.970000267028809,10.109999656677246,11.5,259200,0.0,0.02
2025-10-22 00:00:00-04:00,10.194000244140625,11.0,8.84000015258789,10.960000038146973,317800,0.0,0.0
2025-10-23 00:00:00-04:00,11.34000015258789,11.34000015258789,7.710000038146973,9.15999984741211,5637600,0.0,0.0
2025-10-24 00:00:00-04:00,8.380000114440918,10.100000381469727,8.380000114440918,9.609999656677246,452800,0.0,0.0
2025-10-27 00:00:00-04:00,8.800000190734863,9.199999809265137,8.633000373840332,8.75,222400,0.0,0.0
2025-10-28 00:00:00-04:00,9.520000457763672,9.890999794006348,6.619999885559082,6.989999771118164,4502400,0.0,0.0
2025-10-29 00:00:00-04:00,6.920000076293945,7.190000057220459,6.510000228881836,6.639999866485596,343000,0.0,0.0
2025-10-30 00:00:00-04:00,6.420000076293945,6.769999980926514,6.179999828338623,6.269999980926514,191000,0.0,0.0
2025-10-31 00:00:00-04:00,6.079999923706055,6.2220001220703125,5.730000019073486,5.769999980926514,215800,0.0,0.0
2025-11-03 00:00:00-05:00,5.369999885559082,5.78000020980835,5.179999828338623,5.300000190734863,192600,0.0,0.0
2025-11-04 00:00:00-05:00,5.019999980926514,5.179999828338623,4.623000144958496,4.699999809265137,194700,0.0,0.0
2025-11-05 00:00:00-05:00,4.610000133514404,6.25,4.599999904632568,5.849999904632568,497100,0.0,0.0
2025-11-06 00:00:00-05:00,5.960000038146973,6.300000190734863,4.599999904632568,4.690000057220459,416300,0.0,0.0
2025-11-07 00:00:00-05:00,4.710000038146973,4.755000114440918,4.159999847412109,4.210000038146973,230600,0.0,0.0
2025-11-10 00:00:00-05:00,4.369999885559082,4.579999923706055,3.9000000953674316,4.0,243300,0.0,0.0
2025-11-11 00:00:00-05:00,3.9200000762939453,4.070000171661377,3.9000000953674316,4.050000190734863,206600,0.0,0.0
2025-11-12 00:00:00-05:00,4.150000095367432,5.0,4.019999980926514,4.599999904632568,770800,0.0,0.0
2025-11-13 00:00:00-05:00,4.599999904632568,4.689000129699707,4.050000190734863,4.139999866485596,289300,0.0,0.0
2025-11-14 00:00:00-05:00,4.070000171661377,4.489999771118164,3.9700000286102295,4.429999828338623,207500,0.0,0.0
2025-11-17 00:00:00-05:00,4.429999828338623,4.488999843597412,3.946000099182129,4.039999961853027,215900,0.0,0.0
2025-11-18 00:00:00-05:00,4.269999980926514,4.269999980926514,3.319999933242798,3.690000057220459,1010700,0.0,0.0
2025-11-19 00:00:00-05:00,3.640000104904175,3.869999885559082,3.2300000190734863,3.3399999141693115,293900,0.0,0.0
2025-11-20 00:00:00-05:00,3.4600000381469727,3.5799999237060547,3.140000104904175,3.1600000858306885,152100,0.0,0.0
2025-11-21 00:00:00-05:00,3.1600000858306885,3.1600000858306885,2.8499999046325684,3.0,180600,0.0,0.0
2025-11-24 00:00:00-05:00,2.880000114440918,3.0799999237060547,2.7699999809265137,2.799999952316284,169700,0.0,0.0
2025-11-25 00:00:00-05:00,2.819999933242798,3.0230000019073486,2.7809998989105225,2.950000047683716,126700,0.0,0.0
2025-11-26 00:00:00-05:00,2.9000000953674316,3.009999990463257,2.8299999237060547,2.9000000953674316,192000,0.0,0.0
2025-11-28 00:00:00-05:00,2.950000047683716,3.009999990463257,2.9100000858306885,2.9600000381469727,74700,0.0,0.0
2025-12-01 00:00:00-05:00,2.9600000381469727,2.9600000381469727,2.799999952316284,2.8499999046325684,81300,0.0,0.0
2025-12-02 00:00:00-05:00,2.8499999046325684,2.859999895095825,2.700000047683716,2.740000009536743,119500,0.0,0.0
2025-12-03 00:00:00-05:00,2.7899999618530273,2.990000009536743,2.609999895095825,2.8299999237060547,619100,0.0,0.0
2025-12-04 00:00:00-05:00,3.0899999141693115,3.680000066757202,3.0840001106262207,3.3499999046325684,1862500,0.0,0.0
2025-12-05 00:00:00-05:00,3.490000009536743,3.5399999618530273,3.2200000286102295,3.359999895095825,300800,0.0,0.0
2025-12-08 00:00:00-05:00,3.4600000381469727,3.493000030517578,3.259999990463257,3.390000104904175,220600,0.0,0.0
2025-12-09 00:00:00-05:00,3.390000104904175,3.4149999618530273,3.1500000953674316,3.240000009536743,176900,0.0,0.0
2025-12-10 00:00:00-05:00,3.390000104904175,3.390000104904175,3.240000009536743,3.3299999237060547,109600,0.0,0.0
2025-12-11 00:00:00-05:00,3.319999933242798,3.3399999141693115,3.2200000286102295,3.240000009536743,104200,0.0,0.0
2025-12-12 00:00:00-05:00,3.1700000762939453,3.1700000762939453,2.509999990463257,2.8399999141693115,406000,0.0,0.0
2025-12-15 00:00:00-05:00,2.9000000953674316,2.9200000762939453,2.569999933242798,2.5799999237060547,120000,0.0,0.0
2025-12-16 00:00:00-05:00,2.559999942779541,2.559999942779541,2.319999933242798,2.430000066757202,250600,0.0,0.0
2025-12-17 00:00:00-05:00,2.4000000953674316,2.450000047683716,2.299999952316284,2.319999933242798,83600,0.0,0.0
2025-12-18 00:00:00-05:00,2.3499999046325684,2.3929998874664307,2.1500000953674316,2.1700000762939453,116700,0.0,0.0
2025-12-19 00:00:00-05:00,2.200000047683716,2.240000009536743,2.0299999713897705,2.130000114440918,199300,0.0,0.0
2025-12-22 00:00:00-05:00,2.1700000762939453,2.174999952316284,1.9900000095367432,2.009999990463257,180600,0.0,0.0
2025-12-23 00:00:00-05:00,2.0,2.009999990463257,1.8450000286102295,1.8899999856948853,204600,0.0,0.0
2025-12-24 00:00:00-05:00,1.8700000047683716,1.9149999618530273,1.809999942779541,1.8600000143051147,148900,0.0,0.0
2025-12-26 00:00:00-05:00,1.8600000143051147,1.875,1.75,1.7899999618530273,120200,0.0,0.0
2025-12-29 00:00:00-05:00,1.7999999523162842,1.8300000429153442,1.7100000381469727,1.7599999904632568,324700,0.0,0.0
2025-12-30 00:00:00-05:00,1.7699999809265137,1.8799999952316284,1.7400000095367432,1.7599999904632568,281700,0.0,0.0
2025-12-31 00:00:00-05:00,1.7599999904632568,1.8049999475479126,1.7100000381469727,1.75,187100,0.0,0.0
2026-01-02 00:00:00-05:00,1.75,1.840000033378601,1.7200000286102295,1.7899999618530273,204700,0.0,0.0
2026-01-05 00:00:00-05:00,1.8200000524520874,1.8600000143051147,1.7699999809265137,1.7999999523162842,197400,0.0,0.0
2026-01-06 00:00:00-05:00,1.8799999952316284,1.940000057220459,1.7100000381469727,1.8899999856948853,1847800,0.0,0.0
2026-01-07 00:00:00-05:00,1.9500000476837158,2.0299999713897705,1.784999966621399,1.8899999856948853,1043300,0.0,0.0
2026-01-08 00:00:00-05:00,1.7999999523162842,2.0399999618530273,1.7699999809265137,2.0,512300,0.0,0.0
2026-01-09 00:00:00-05:00,2.0299999713897705,2.5899999141693115,1.9500000476837158,2.200000047683716,3325200,0.0,0.0
2026-01-12 00:00:00-05:00,2.3399999141693115,2.75,2.200000047683716,2.5999999046325684,3677000,0.0,0.0
2026-01-13 00:00:00-05:00,2.5399999618530273,2.559999942779541,2.2200000286102295,2.4000000953674316,995700,0.0,0.0
2026-01-14 00:00:00-05:00,2.380000114440918,2.880000114440918,2.0999999046325684,2.869999885559082,2825600,0.0,0.0
2026-01-15 00:00:00-05:00,3.0899999141693115,3.559999942779541,2.930000066757202,3.299999952316284,3056400,0.0,0.0
2026-01-16 00:00:00-05:00,3.3499999046325684,3.375,2.809999942779541,3.0,1729200,0.0,0.0
2026-01-20 00:00:00-05:00,2.940000057220459,3.180000066757202,2.630000114440918,2.819999933242798,777400,0.0,0.0
2026-01-21 00:00:00-05:00,2.8299999237060547,3.009999990463257,2.746000051498413,2.8299999237060547,762900,0.0,0.0
2026-01-22 00:00:00-05:00,2.9200000762939453,3.0399999618530273,2.759999990463257,2.930000066757202,529700,0.0,0.0
2026-01-23 00:00:00-05:00,2.9100000858306885,2.9679999351501465,2.7300000190734863,2.8399999141693115,433700,0.0,0.0
2026-01-26 00:00:00-05:00,2.8399999141693115,2.8399999141693115,2.390000104904175,2.430000066757202,729500,0.0,0.0
2026-01-27 00:00:00-05:00,2.450000047683716,2.4700000286102295,2.240000009536743,2.359999895095825,338200,0.0,0.0
2026-01-28 00:00:00-05:00,2.4100000858306885,2.4100000858306885,2.180000066757202,2.2200000286102295,436200,0.0,0.0
2026-01-29 00:00:00-05:00,2.2899999618530273,3.109999895095825,2.0999999046325684,2.4600000381469727,6957500,0.0,0.0
2026-01-30 00:00:00-05:00,2.6500000953674316,2.8499999046325684,2.5399999618530273,2.6600000858306885,1968200,0.0,0.0
2026-02-02 00:00:00-05:00,2.6700000762939453,2.7200000286102295,2.4600000381469727,2.490000009536743,750500,0.0,0.0
2026-02-03 00:00:00-05:00,2.549999952316284,2.572999954223633,2.200000047683716,2.4000000953674316,716900,0.0,0.0
2026-02-04 00:00:00-05:00,2.4100000858306885,2.4200000762939453,2.180000066757202,2.2100000381469727,291400,0.0,0.0
2026-02-05 00:00:00-05:00,2.1600000858306885,2.2300000190734863,1.899999976158142,1.9600000381469727,454700,0.0,0.0
2026-02-06 00:00:00-05:00,2.0299999713897705,2.234999895095825,2.0299999713897705,2.200000047683716,283100,0.0,0.0
2026-02-09 00:00:00-05:00,2.240000009536743,2.2899999618530273,2.1110000610351562,2.200000047683716,216700,0.0,0.0
2026-02-10 00:00:00-05:00,2.1700000762939453,2.2799999713897705,2.130000114440918,2.1600000858306885,252700,0.0,0.0
2026-02-11 00:00:00-05:00,2.190000057220459,2.2200000286102295,2.049999952316284,2.200000047683716,155100,0.0,0.0
2026-02-12 00:00:00-05:00,2.1500000953674316,2.1500000953674316,1.9900000095367432,2.0399999618530273,287400,0.0,0.0
2026-02-13 00:00:00-05:00,2.009999990463257,2.130000114440918,1.9900000095367432,2.0199999809265137,100100,0.0,0.0
2026-02-17 00:00:00-05:00,1.9600000381469727,1.9900000095367432,1.7799999713897705,1.7999999523162842,285200,0.0,0.0
2026-02-18 00:00:00-05:00,1.7999999523162842,1.909999966621399,1.7799999713897705,1.8600000143051147,141100,0.0,0.0
2026-02-19 00:00:00-05:00,1.8700000047683716,1.899999976158142,1.75,1.8600000143051147,150400,0.0,0.0
2026-02-20 00:00:00-05:00,1.8300000429153442,1.850000023841858,1.75,1.7799999713897705,223600,0.0,0.0
2026-02-23 00:00:00-05:00,1.9199999570846558,2.4200000762939453,1.840999960899353,2.2699999809265137,9540900,0.0,0.0
2026-02-24 00:00:00-05:00,2.4000000953674316,2.6089999675750732,2.0999999046325684,2.2200000286102295,6453300,0.0,0.0
2026-02-25 00:00:00-05:00,2.1500000953674316,2.200000047683716,1.909999966621399,2.009999990463257,1523000,0.0,0.0
2026-02-26 00:00:00-05:00,2.0,2.1449999809265137,1.9299999475479126,2.130000114440918,626600,0.0,0.0
2026-02-27 00:00:00-05:00,2.0999999046325684,2.134000062942505,1.9700000286102295,2.0,457500,0.0,0.0
2026-03-02 00:00:00-05:00,1.899999976158142,2.0,1.8899999856948853,1.9900000095367432,368000,0.0,0.0
2026-03-03 00:00:00-05:00,1.940000057220459,2.119999885559082,1.909999966621399,2.0,640000,0.0,0.0
2026-03-04 00:00:00-05:00,2.059999942779541,2.140000104904175,1.9700000286102295,2.069999933242798,441973,0.0,0.0
