Date,Open,High,Low,Close,Volume,Dividends,Stock Splits
2022-01-03 00:00:00-05:00,151.83908261241595,152.3061517253217,148.23841967413136,149.8434295654297,525900,0.0,0.0
2022-01-04 00:00:00-05:00,149.74153493943783,152.280683169316,149.60565792638621,149.73304748535156,809800,0.0,0.0
2022-01-05 00:00:00-05:00,149.73304451869552,150.19161323122765,146.5145242452729,146.80325317382812,537100,0.0,0.0
2022-01-06 00:00:00-05:00,146.58240726374459,148.09400279745213,144.91794691176122,145.18121337890625,331400,0.0,0.0
2022-01-07 00:00:00-05:00,144.39145383574046,144.56979398129272,141.50413944845246,141.7249298095703,934200,0.0,0.0
2022-01-10 00:00:00-05:00,140.90969880214433,142.86288840964627,139.93311047736483,140.5360565185547,1004300,0.0,0.0
2022-01-11 00:00:00-05:00,140.714413214917,140.91822874153698,138.14978957621756,140.68045043945312,1478800,0.0,0.0
2022-01-12 00:00:00-05:00,140.6804163432927,144.22162765314232,140.6804163432927,143.29598999023438,811400,0.0,0.0
2022-01-13 00:00:00-05:00,143.63566872452864,144.55281893019873,143.12613651317557,143.24502563476562,582300,0.0,0.0
2022-01-14 00:00:00-05:00,143.2365454452328,143.2365454452328,139.21977746433325,140.6209716796875,548700,0.0,0.0
2022-01-18 00:00:00-05:00,140.00107401356834,140.5275812437519,137.58931533331074,139.8397216796875,780500,0.0,0.0
2022-01-19 00:00:00-05:00,140.3747133600683,141.61455533363784,137.93746667869962,137.99691772460938,539800,0.0,0.0
2022-01-20 00:00:00-05:00,138.03936179079943,139.27071614069894,134.5575887041052,134.6000518798828,656500,0.0,0.0
2022-01-21 00:00:00-05:00,135.32188137950322,136.3409327661741,133.75083464651053,133.9036865234375,693100,0.0,0.0
2022-01-24 00:00:00-05:00,133.12243708513273,134.35380456132117,129.33495971409357,134.16697692871094,846200,0.0,0.0
2022-01-25 00:00:00-05:00,132.7318208121473,133.48761887486785,130.09077131963923,132.2732391357422,844700,0.0,0.0
2022-01-26 00:00:00-05:00,132.42608022976106,134.45569576116768,130.41345256130413,131.16925048828125,979300,0.0,0.0
2022-01-27 00:00:00-05:00,131.96750247587136,133.01204227161764,127.63653026954879,127.81485748291016,1504800,0.0,0.0
2022-01-28 00:00:00-05:00,128.15456837705608,134.48968176796578,127.08455311136106,134.45571899414062,1615400,0.0,0.0
2022-01-31 00:00:00-05:00,133.98861007135164,136.16258977293495,133.2837628628328,135.95028686523438,1073700,0.0,0.0
2022-02-01 00:00:00-05:00,136.91839712153285,137.69118286917558,134.0990210494587,135.4492645263672,784500,0.0,0.0
2022-02-02 00:00:00-05:00,135.83140747509677,139.70381071538705,135.83140747509677,138.52340698242188,816300,0.0,0.0
2022-02-03 00:00:00-05:00,137.37698831762165,141.26637968451422,137.06277115896768,140.29827880859375,1155400,0.0,0.0
2022-02-04 00:00:00-05:00,138.421522748895,142.86289681377949,137.5723109528895,141.1729736328125,992900,0.0,0.0
2022-02-07 00:00:00-05:00,141.04559050074346,142.55718652971666,137.5723172070884,137.74215698242188,1083200,0.0,0.0
2022-02-08 00:00:00-05:00,137.69118982803639,138.7442170414925,136.4513349967422,137.75064086914062,1046500,0.0,0.0
2022-02-09 00:00:00-05:00,139.72929122687387,142.63360672306266,139.22825942011704,142.5316925048828,773100,0.0,0.0
2022-02-10 00:00:00-05:00,140.35769858198793,143.1600995807728,138.86309076300859,139.40658569335938,2085900,0.0,0.0
2022-02-11 00:00:00-05:00,140.44265633994934,142.16655531512066,139.7462964207856,140.918212890625,1224300,0.0,0.0
2022-02-14 00:00:00-05:00,141.15599326664125,142.09013147504464,137.07977383770412,137.59779357910156,1122600,0.0,0.0
2022-02-15 00:00:00-05:00,138.26868265055361,139.38963557885506,137.76763780009492,138.10733032226562,693300,0.0,0.0
2022-02-16 00:00:00-05:00,138.14124053485557,139.61887328870554,136.94384914593957,139.07537841796875,658700,0.0,0.0
2022-02-17 00:00:00-05:00,138.85461761104852,139.05843310916754,137.02881741294536,137.42794799804688,538700,0.0,0.0
2022-02-18 00:00:00-05:00,137.12222613856022,138.64230951201682,136.3664281782707,137.4873809814453,551000,0.0,0.0
2022-02-22 00:00:00-05:00,136.62969330962244,139.62741008772136,135.6276295517058,138.7781982421875,772500,0.0,0.0
2022-02-23 00:00:00-05:00,139.20279338995627,140.47661105965713,136.7315840008302,137.67420959472656,1190300,0.0,0.0
2022-02-24 00:00:00-05:00,135.20300360586947,138.79516555226718,134.76989733570423,138.3705596923828,561300,0.0,0.0
2022-02-25 00:00:00-05:00,138.56589775501058,142.75251896637906,138.14129182466198,142.7440185546875,720500,0.0,0.0
2022-02-28 00:00:00-05:00,140.65498803429315,142.22602246318587,138.8461623235353,140.21339416503906,951000,0.0,0.0
2022-03-01 00:00:00-05:00,140.06049160608927,141.64002602337126,138.20072870649727,139.10089111328125,973500,0.0,0.0
2022-03-02 00:00:00-05:00,139.78027191933722,142.2005178517278,138.21771230948596,141.9117889404297,877600,0.0,0.0
2022-03-03 00:00:00-05:00,142.66759259713146,143.7970459268121,141.08805801791686,142.7440185546875,550700,0.0,0.0
2022-03-04 00:00:00-05:00,141.20693491840876,146.59943494952057,140.91820602070928,146.37863159179688,587300,0.0,0.0
2022-03-07 00:00:00-05:00,145.90307926258768,147.63547861452054,144.3235447748578,144.51885986328125,760100,0.0,0.0
2022-03-08 00:00:00-05:00,144.4169733115676,144.8161039402935,141.10505209229436,142.2090301513672,792800,0.0,0.0
2022-03-09 00:00:00-05:00,144.2725708462482,145.39353647627408,143.1176424507405,143.50828552246094,973300,0.0,0.0
2022-03-10 00:00:00-05:00,143.20258682398608,143.84798311290012,142.3958252654142,143.4488525390625,888900,0.0,0.0
2022-03-11 00:00:00-05:00,144.42542800178157,145.3595530191623,140.63793843395254,141.11349487304688,371400,0.0,0.0
2022-03-14 00:00:00-04:00,141.86084112969692,142.56568851515985,138.59137034716738,139.7717742919922,797600,0.0,0.0
2022-03-15 00:00:00-04:00,141.3173647147616,141.47021664703493,138.6763150131549,140.7568817138672,525200,0.0,0.0
2022-03-16 00:00:00-04:00,141.86083992517365,142.81195303582163,138.32811557427505,141.52964782714844,762700,0.0,0.0
2022-03-17 00:00:00-04:00,141.24092019733487,143.00726943090731,141.24092019733487,142.47227478027344,882500,0.0,0.0
2022-03-18 00:00:00-04:00,140.99465932911588,142.76950919857651,139.80576777970347,139.9076690673828,1593500,0.0,0.0
2022-03-21 00:00:00-04:00,140.35774444447227,140.91822741895768,139.20281572035637,140.0690155029297,1836600,0.0,0.0
2022-03-22 00:00:00-04:00,140.0689645872271,141.14746695676692,137.6317314207146,138.14125061035156,1148500,0.0,0.0
2022-03-23 00:00:00-04:00,138.84609779939314,139.52546967684987,137.06274824081177,138.14125061035156,708800,0.0,0.0
2022-03-24 00:00:00-04:00,138.22621564146803,139.26225512902303,137.57231889258134,139.10939025878906,640500,0.0,0.0
2022-03-25 00:00:00-04:00,139.57647692447892,140.27282398686447,139.10092030471398,139.9076690673828,770700,0.0,0.0
2022-03-28 00:00:00-04:00,140.98613832113176,145.11330794321728,139.95009894980564,143.37242126464844,2579300,0.0,0.0
2022-03-29 00:00:00-04:00,144.3659996813404,145.70775582156722,143.21107116557195,145.49545288085938,902900,0.0,0.0
2022-03-30 00:00:00-04:00,144.1291900683256,144.98308660130314,141.82367203517177,144.8293914794922,1673500,0.94,0.0
2022-03-31 00:00:00-04:00,145.74308673552488,145.78578417765112,141.88348292059763,141.91763305664062,1645700,0.0,0.0
2022-04-01 00:00:00-04:00,142.34455501284714,146.96413856412897,142.045699032264,146.52865600585938,22117100,0.0,0.0
2022-04-04 00:00:00-04:00,146.8445804261136,149.05616920812807,142.7544089425777,144.2999725341797,1538800,0.0,0.0
2022-04-05 00:00:00-04:00,144.31705654805933,148.27913616502406,144.22312740291767,145.0855712890625,1232500,0.0,0.0
2022-04-06 00:00:00-04:00,145.76015437300475,150.02110331271842,144.41099611335937,149.61123657226562,1080800,0.0,0.0
2022-04-07 00:00:00-04:00,149.07327542816338,149.07327542816338,146.7933729865478,147.39109802246094,1265500,0.0,0.0
2022-04-08 00:00:00-04:00,144.94041770202924,145.1111944210068,142.60073626080853,143.6339569091797,2070500,0.0,0.0
2022-04-11 00:00:00-04:00,143.50587484313576,144.76963828910715,140.85025563074356,141.52484130859375,1174600,0.0,0.0
2022-04-12 00:00:00-04:00,141.41382973098027,142.60074559529687,140.63678062492488,141.080810546875,903000,0.0,0.0
2022-04-13 00:00:00-04:00,141.4138337563446,141.95179284960818,139.74019048254092,140.93565368652344,591300,0.0,0.0
2022-04-14 00:00:00-04:00,141.3882127258245,142.05425108863136,140.17568101329334,140.56846618652344,675500,0.0,0.0
2022-04-18 00:00:00-04:00,140.2781524645425,141.21744407062656,138.54474316103008,139.25347900390625,737500,0.0,0.0
2022-04-19 00:00:00-04:00,140.15860140037697,141.83224463647105,139.84266379624145,141.52484130859375,770000,0.0,0.0
2022-04-20 00:00:00-04:00,141.96036555917146,144.69283314750646,141.53341709132434,144.33419799804688,770800,0.0,0.0
2022-04-21 00:00:00-04:00,145.20513204222908,147.16054969304514,144.2231430493184,145.7003936767578,1241500,0.0,0.0
2022-04-22 00:00:00-04:00,145.70894237275925,145.70894237275925,142.5751428320906,142.66053771972656,919500,0.0,0.0
2022-04-25 00:00:00-04:00,142.37019652718922,142.48120727024565,138.28857124651506,140.2098388671875,874100,0.0,0.0
2022-04-26 00:00:00-04:00,140.04757609867107,141.46504757589648,138.9545894975264,139.1253662109375,986600,0.0,0.0
2022-04-27 00:00:00-04:00,139.261986554407,141.06370881344603,137.98968902148027,138.0836181640625,1087900,0.0,0.0
2022-04-28 00:00:00-04:00,138.4166661726646,139.33032890524586,136.3160744683162,138.4593505859375,1187900,0.0,0.0
2022-04-29 00:00:00-04:00,137.3834521025146,140.38062510294543,133.89101740727148,133.96786499023438,1363700,0.0,0.0
2022-05-02 00:00:00-04:00,134.6083055898581,135.40243647505432,126.04372080187976,128.39193725585938,872600,0.0,0.0
2022-05-03 00:00:00-04:00,129.12624041626893,130.9877286855872,127.74293214165891,130.3131561279297,943900,0.0,0.0
2022-05-04 00:00:00-04:00,130.03139053550075,130.66327879430938,126.54749037965468,130.4668731689453,1126800,0.0,0.0
2022-05-05 00:00:00-04:00,130.4668427793583,131.0304176062579,127.50383385971128,128.5541229248047,978100,0.0,0.0
2022-05-06 00:00:00-04:00,127.78563711189122,128.3235962072286,125.52281604796845,127.06836700439453,707000,0.0,0.0
2022-05-09 00:00:00-04:00,126.20594134765162,126.78658487934646,121.91937604525916,122.42317199707031,851200,0.0,0.0
2022-05-10 00:00:00-04:00,123.08065643351517,124.19072462869664,120.26279502403244,120.87760162353516,766400,0.0,0.0
2022-05-11 00:00:00-04:00,121.24479277791433,124.4298237065155,121.0740030204921,122.53417205810547,751200,0.0,0.0
2022-05-12 00:00:00-04:00,122.88428091616183,123.84917535614025,121.39849592292626,123.14898681640625,786000,0.0,0.0
2022-05-13 00:00:00-04:00,123.02945435112188,124.7287136991804,121.313126447998,124.660400390625,792300,0.0,0.0
2022-05-16 00:00:00-04:00,124.65183731013137,125.4374207149633,122.87573060073453,123.14044952392578,566500,0.0,0.0
2022-05-17 00:00:00-04:00,123.52472189032265,124.41276888455211,121.36436389444242,122.25241088867188,1136900,0.0,0.0
2022-05-18 00:00:00-04:00,122.09868796333524,122.31216212808931,117.71819393316433,118.04267883300781,909300,0.0,0.0
2022-05-19 00:00:00-04:00,117.21441230713897,119.01613499827522,117.10340155852938,117.83775329589844,664200,0.0,0.0
2022-05-20 00:00:00-04:00,119.0588118638368,119.0588118638368,116.7362248027815,118.38423919677734,1789500,0.0,0.0
2022-05-23 00:00:00-04:00,119.24667058174688,120.81785043370233,117.24855540335473,120.26280975341797,616600,0.0,0.0
2022-05-24 00:00:00-04:00,120.05787154831897,120.85198916114197,117.84626937133265,120.59581756591797,842500,0.0,0.0
2022-05-25 00:00:00-04:00,120.51044880846428,121.24480051216526,119.09297711978542,120.91178131103516,856900,0.0,0.0
2022-05-26 00:00:00-04:00,121.55220982999174,122.67081250854147,120.68123148058794,121.1679458618164,553600,0.0,0.0
2022-05-27 00:00:00-04:00,121.55219610524863,124.08827025581249,121.01423703408987,123.79793548583984,538000,0.0,0.0
2022-05-31 00:00:00-04:00,122.85867688770594,123.61009721863022,121.58636595336417,122.5256576538086,1665000,0.0,0.0
2022-06-01 00:00:00-04:00,122.7903280487794,123.25997376310434,120.11762764406178,122.58538818359375,917200,0.0,0.0
2022-06-02 00:00:00-04:00,122.35484904327559,123.58446234214969,120.16887563613464,123.52469635009766,1088200,0.0,0.0
2022-06-03 00:00:00-04:00,122.73909633983986,123.66130618903406,121.41555406471593,122.58538818359375,616300,0.0,0.0
2022-06-06 00:00:00-04:00,123.23437142235994,123.23437142235994,119.24666258024537,119.40890502929688,869700,0.0,0.0
2022-06-07 00:00:00-04:00,119.08440947302505,121.94495487872547,118.52936894038967,121.791259765625,738100,0.0,0.0
2022-06-08 00:00:00-04:00,121.25331757672123,121.58633673057876,118.82825435224956,118.99903106689453,509900,0.0,0.0
2022-06-09 00:00:00-04:00,118.50379514881844,118.94782512664125,115.03697627563604,115.19921875,855000,0.0,0.0
2022-06-10 00:00:00-04:00,114.25138442044343,114.91742282364474,113.20109509684596,113.73050689697266,726500,0.0,0.0
2022-06-13 00:00:00-04:00,111.59576610192701,112.10809632398376,107.45436173579343,108.01793670654297,721100,0.0,0.0
2022-06-14 00:00:00-04:00,108.34239957217564,108.93159031800533,106.88223715029316,107.59097290039062,746400,0.0,0.0
2022-06-15 00:00:00-04:00,108.40219257057989,111.16882280171649,107.10427234396107,109.7684326171875,1572300,0.0,0.0
2022-06-16 00:00:00-04:00,107.53974973940845,109.78550217253759,107.53974973940845,108.94013977050781,1366000,0.0,0.0
2022-06-17 00:00:00-04:00,109.61472044611318,111.33106123394143,108.78644607990518,109.7940444946289,2945300,0.0,0.0
2022-06-21 00:00:00-04:00,110.2295230206291,113.08153490118306,110.2295230206291,111.322509765625,1303000,0.0,0.0
2022-06-22 00:00:00-04:00,110.69918500494322,114.28554910076706,110.69918500494322,112.62045288085938,792000,0.0,0.0
2022-06-23 00:00:00-04:00,113.14985060199227,115.09673409716031,113.14985060199227,114.94303894042969,535700,0.0,0.0
2022-06-24 00:00:00-04:00,115.14796379959193,115.68590980728794,113.9695823009113,115.3699722290039,1216100,0.0,0.0
2022-06-27 00:00:00-04:00,115.05404279872987,117.74381211598167,114.35384127038184,115.74569702148438,824700,0.0,0.0
2022-06-28 00:00:00-04:00,116.57398074443316,117.79504676724481,114.84057149155407,115.08819580078125,514600,0.0,0.0
2022-06-29 00:00:00-04:00,114.52067901323277,115.65574541498563,113.90156739157109,115.1570053100586,549600,0.94,0.0
2022-06-30 00:00:00-04:00,114.692651507915,117.08315547788008,113.68657722883815,115.6385269165039,769900,0.0,0.0
2022-07-01 00:00:00-04:00,115.60414548531688,117.32393339644402,114.78724885171958,116.9971694946289,447300,0.0,0.0
2022-07-05 00:00:00-04:00,116.38664871198318,117.16914221662492,112.68910218758452,115.14839935302734,701100,0.0,0.0
2022-07-06 00:00:00-04:00,116.04265514652079,116.66177967596536,114.78721766026818,115.85347747802734,457600,0.0,0.0
2022-07-07 00:00:00-04:00,116.18884057588141,117.03154590720071,114.83020686146484,115.36334991455078,435600,0.0,0.0
2022-07-08 00:00:00-04:00,115.13978565771282,115.61272991743728,113.83275640294261,114.14231872558594,411800,0.0,0.0
2022-07-11 00:00:00-04:00,113.96171981984276,114.80441203711527,112.96423990171911,114.18528747558594,386300,0.0,0.0
2022-07-12 00:00:00-04:00,113.63498152622697,115.33758101351388,113.25663920554821,113.98754119873047,696800,0.0,0.0
2022-07-13 00:00:00-04:00,113.41138889304578,114.2970784271938,112.06995671010073,113.80694580078125,489300,0.0,0.0
2022-07-14 00:00:00-04:00,111.65722261760135,113.0674480187209,111.65722261760135,112.21614837646484,766100,0.0,0.0
2022-07-15 00:00:00-04:00,113.78117786296126,114.40889679522223,112.59451997049071,113.57479858398438,487700,0.0,0.0
2022-07-18 00:00:00-04:00,114.05632027322713,114.4948614152426,112.25914526733726,112.7664794921875,431300,0.0,0.0
2022-07-19 00:00:00-04:00,113.6521705088929,115.24297940676766,112.84386817682416,115.07959747314453,507500,0.0,0.0
2022-07-20 00:00:00-04:00,115.13980023822553,116.2834608216793,114.3573066777075,115.16559600830078,489700,0.0,0.0
2022-07-21 00:00:00-04:00,115.13979076254714,115.81911430779874,114.50347765846936,115.72452545166016,394400,0.0,0.0
2022-07-22 00:00:00-04:00,116.37804405279942,117.45291149038094,115.5955374092144,116.80799102783203,436600,0.0,0.0
2022-07-25 00:00:00-04:00,116.85097933760532,117.96023667442623,116.35223931051907,116.81658935546875,422100,0.0,0.0
2022-07-26 00:00:00-04:00,116.85959273339422,117.7280940959299,115.70733788907528,116.085693359375,540500,0.0,0.0
2022-07-27 00:00:00-04:00,116.05130921830113,116.90259594842209,115.30319245672118,116.78221130371094,742900,0.0,0.0
2022-07-28 00:00:00-04:00,117.68507435554501,121.7867717468745,117.53028663765797,121.52880096435547,862700,0.0,0.0
2022-07-29 00:00:00-04:00,120.51410695995335,122.30268758115388,119.27587094921856,121.33101654052734,1062800,0.0,0.0
2022-08-01 00:00:00-04:00,120.80648333558537,121.08164252562278,118.42457386233936,119.4564437866211,1075500,0.0,0.0
2022-08-02 00:00:00-04:00,119.594020390011,120.19594337102097,117.73664680209143,117.86563873291016,1063500,0.0,0.0
2022-08-03 00:00:00-04:00,118.01185468766433,119.00932173380804,116.94558142758002,117.20355224609375,1400400,0.0,0.0
2022-08-04 00:00:00-04:00,117.13477261355158,118.5879957079321,115.00223896926529,117.90007781982422,992800,0.0,0.0
2022-08-05 00:00:00-04:00,117.18634780039136,118.17522060585706,116.16307188880445,118.0462417602539,765700,0.0,0.0
2022-08-08 00:00:00-04:00,118.97492535603608,120.29915624255098,118.34720645743059,118.65676879882812,886100,0.0,0.0
2022-08-09 00:00:00-04:00,119.00929131832716,121.46858800054015,118.61374753584492,121.16763305664062,828200,0.0,0.0
2022-08-10 00:00:00-04:00,122.45749050078314,123.41197323164874,121.69218547303969,123.26579284667969,508700,0.0,0.0
2022-08-11 00:00:00-04:00,123.63554504115953,124.84799860045129,123.10241501690632,123.2743911743164,528000,0.0,0.0
2022-08-12 00:00:00-04:00,123.99667639024472,125.31231278087542,123.99667639024472,125.30371856689453,458500,0.0,0.0
2022-08-15 00:00:00-04:00,125.3983343558459,126.04325480833168,124.59862617187466,125.7422866821289,426600,0.0,0.0
2022-08-16 00:00:00-04:00,125.24355354028945,127.02354038549207,125.1661662307435,126.1550521850586,457300,0.0,0.0
2022-08-17 00:00:00-04:00,125.46715894911547,126.30125732677455,124.70185367817446,126.02608489990234,595900,0.0,0.0
2022-08-18 00:00:00-04:00,125.76809033737544,126.54200280145395,123.5581696044973,123.66996002197266,671200,0.0,0.0
2022-08-19 00:00:00-04:00,123.32596902224115,123.43775941657366,122.09632716833673,122.3628921508789,688500,0.0,0.0
2022-08-22 00:00:00-04:00,121.52021145642067,121.72657759367834,119.61124596114982,119.69722747802734,527900,0.0,0.0
2022-08-23 00:00:00-04:00,119.19848536393499,119.34466574892052,115.92229178276557,116.9799575805664,578700,0.0,0.0
2022-08-24 00:00:00-04:00,117.01436568412696,118.03764154369516,116.64460447729397,117.564697265625,638600,0.0,0.0
2022-08-25 00:00:00-04:00,118.29562054407816,118.85454637994927,117.17775575139517,118.82875061035156,709100,0.0,0.0
2022-08-26 00:00:00-04:00,118.82876329068725,118.82876329068725,115.79333828199792,115.82772827148438,696200,0.0,0.0
2022-08-29 00:00:00-04:00,115.54391364063092,115.54391364063092,113.9015266260643,113.92732238769531,511700,0.0,0.0
2022-08-30 00:00:00-04:00,114.06491453034566,114.39167839369681,111.78620106470984,112.1215591430664,952700,0.0,0.0
2022-08-31 00:00:00-04:00,112.40533037700725,112.83527732210872,110.08361949764712,110.50495910644531,1339100,0.0,0.0
2022-09-01 00:00:00-04:00,109.95461873089104,111.12406822245146,108.17463888942238,111.01229095458984,962800,0.0,0.0
2022-09-02 00:00:00-04:00,111.6915987850784,112.35372064716654,108.6991722056611,108.93994140625,856300,0.0,0.0
2022-09-06 00:00:00-04:00,109.49887089916263,112.19034263179415,109.49887089916263,111.86357879638672,1320900,0.0,0.0
2022-09-07 00:00:00-04:00,111.98397626152168,112.6031009044816,111.22727856974568,112.58589935302734,690600,0.0,0.0
2022-09-08 00:00:00-04:00,112.32794572741962,115.01940474504804,112.0785691456481,114.48627471923828,993900,0.0,0.0
2022-09-09 00:00:00-04:00,114.75281495870448,116.53280126721947,113.93591854427257,115.94806671142578,728700,0.0,0.0
2022-09-12 00:00:00-04:00,116.25764505029863,116.96276430022114,115.64712776896455,116.13726043701172,503600,0.0,0.0
2022-09-13 00:00:00-04:00,114.20249802865204,115.07099919865485,113.13623807157101,113.78115844726562,763700,0.0,0.0
2022-09-14 00:00:00-04:00,113.23943597678092,113.75536447240304,111.02950223499809,112.43972778320312,911200,0.0,0.0
2022-09-15 00:00:00-04:00,112.53430815376903,113.22222588364939,110.91771657763044,111.03810119628906,757900,0.0,0.0
2022-09-16 00:00:00-04:00,111.32187993930339,111.32187993930339,109.28392229333716,110.92632293701172,1160300,0.0,0.0
2022-09-19 00:00:00-04:00,109.6536615577183,110.48776620762916,108.0370634712805,109.9718246459961,775200,0.0,0.0
2022-09-20 00:00:00-04:00,109.0689266936179,109.19791207600811,105.5949615068474,106.72142028808594,824500,0.0,0.0
2022-09-21 00:00:00-04:00,107.2803579617497,108.23484065473848,105.29399871826172,105.29399871826172,670100,0.0,0.0
2022-09-22 00:00:00-04:00,105.15643030446928,106.07651655430347,103.97837324944156,105.56917572021484,885100,0.0,0.0
2022-09-23 00:00:00-04:00,104.84686445669027,107.51253425918861,104.20194402574052,104.86405944824219,1035600,0.0,0.0
2022-09-26 00:00:00-04:00,104.27932668871013,104.43410784767016,101.51906815431424,102.08660125732422,1498700,0.0,0.0
2022-09-27 00:00:00-04:00,102.8089041769974,103.60860570101707,100.64197461281435,100.88274383544922,761700,0.0,0.0
2022-09-28 00:00:00-04:00,102.18119713980366,103.8923842212843,100.79676738951694,103.49683380126953,943200,0.0,0.0
2022-09-29 00:00:00-04:00,102.91616291280498,103.4708263355347,101.20016840290957,102.45683288574219,736300,0.94,0.0
2022-09-30 00:00:00-04:00,103.5661705484286,104.10350368811906,102.55217699272703,103.52283477783203,1310700,0.0,0.0
2022-10-03 00:00:00-04:00,105.11748350002388,106.97214051077037,104.00815668373919,105.8368148803711,1133400,0.0,0.0
2022-10-04 00:00:00-04:00,106.46079334390271,107.76945526320054,105.80213475918403,106.72079467773438,925100,0.0,0.0
2022-10-05 00:00:00-04:00,105.35148324970402,105.86281752352004,102.7168286596783,103.496826171875,723600,0.0,0.0
2022-10-06 00:00:00-04:00,103.28014317359083,103.9908059845752,100.7668212184139,100.8534927368164,818000,0.0,0.0
2022-10-07 00:00:00-04:00,99.83086207354508,100.22952605637906,97.41287274565393,97.93286895751953,816700,0.0,0.0
2022-10-10 00:00:00-04:00,98.36619031666483,99.0075186928893,96.77153454613693,97.04886627197266,2083400,0.0,0.0
2022-10-11 00:00:00-04:00,96.7801935127038,98.83418588487915,96.40752839738363,98.3315200805664,731900,0.0,0.0
2022-10-12 00:00:00-04:00,97.91552275657158,97.91552275657158,96.06085910153226,97.1875228881836,501000,0.0,0.0
2022-10-13 00:00:00-04:00,95.76620047628866,99.53618080157581,95.038207193992,99.15485382080078,560200,0.0,0.0
2022-10-14 00:00:00-04:00,100.29016678082152,100.47216507829314,95.72285255816844,95.92218780517578,608700,0.0,0.0
2022-10-17 00:00:00-04:00,97.91551744027993,100.32483777016373,97.37818439069432,100.0215072631836,721500,0.0,0.0
2022-10-18 00:00:00-04:00,101.20883635408671,102.66482948423474,99.6661783043568,100.0648422241211,1141100,0.0,0.0
2022-10-19 00:00:00-04:00,99.26750932347869,99.44083915380531,96.84952050140004,97.6988525390625,521300,0.0,0.0
2022-10-20 00:00:00-04:00,98.21885281085433,99.16351166681416,96.71952392766725,97.30018615722656,766900,0.0,0.0
2022-10-21 00:00:00-04:00,97.59485861244931,98.73885277714702,96.00019627286814,98.70418548583984,698800,0.0,0.0
2022-10-24 00:00:00-04:00,99.80486325476838,99.91752700683757,97.46487038320733,97.93286895751953,750600,0.0,0.0
2022-10-25 00:00:00-04:00,98.49618235854425,101.80683243772891,97.88951471573719,101.20016479492188,2174300,0.0,0.0
2022-10-26 00:00:00-04:00,101.17416321194946,101.78949270113274,99.12017762701167,99.71817016601562,914200,0.0,0.0
2022-10-27 00:00:00-04:00,100.27283183720384,101.650828420068,99.18084203052926,99.57950592041016,831800,0.0,0.0
2022-10-28 00:00:00-04:00,96.1735239151662,99.97817117698087,95.98285713650611,99.64884185791016,1126600,0.0,0.0
2022-10-31 00:00:00-04:00,99.12883754629821,100.67150208866222,98.2881806181402,100.14283752441406,1085400,0.0,0.0
2022-11-01 00:00:00-04:00,101.11349858753188,101.11349858753188,99.51884297741557,100.0128402709961,664900,0.0,0.0
2022-11-02 00:00:00-04:00,99.57950356187307,100.46349623378312,96.7628509745953,96.9708480834961,815300,0.0,0.0
2022-11-03 00:00:00-04:00,95.98286868972221,96.69353165165381,93.63421418611763,95.40220642089844,1252200,0.0,0.0
2022-11-04 00:00:00-04:00,95.99152236850881,96.96217995491705,93.5128675538868,96.63285064697266,1211100,0.0,0.0
2022-11-07 00:00:00-05:00,97.16151580995576,97.50818206960344,94.00686541016886,95.02085876464844,984600,0.0,0.0
2022-11-08 00:00:00-05:00,95.54953954849681,95.99153926990788,94.37954650910049,95.20287322998047,596500,0.0,0.0
2022-11-09 00:00:00-05:00,94.99486999670742,95.89619972225117,94.31887435557704,94.78687286376953,575400,0.0,0.0
2022-11-10 00:00:00-05:00,98.92085417859757,101.0181757771854,98.14952510628956,100.7061767578125,736100,0.0,0.0
2022-11-11 00:00:00-05:00,100.70616598827513,101.39949853764976,99.16350800863127,99.86550903320312,725800,0.0,0.0
2022-11-14 00:00:00-05:00,99.57950765211847,100.16016985320962,96.9101859651647,96.95352172851562,868300,0.0,0.0
2022-11-15 00:00:00-05:00,98.41819140878331,99.64885718429535,97.93286252453696,99.34552001953125,954600,0.0,0.0
2022-11-16 00:00:00-05:00,99.06818389892578,100.60218015919305,98.65218962001623,99.06818389892578,1650000,0.0,0.0
2022-11-17 00:00:00-05:00,97.9848580854798,99.25018451557143,97.5861941372682,98.3835220336914,1213700,0.0,0.0
2022-11-18 00:00:00-05:00,99.59684253084848,100.22950899922607,98.64351520264793,99.51017761230469,769800,0.0,0.0
2022-11-21 00:00:00-05:00,99.04218560200866,100.92284156718561,98.83418846146394,100.74951171875,880400,0.0,0.0
2022-11-22 00:00:00-05:00,101.06151519787217,101.49484645020432,100.33351525565688,101.25218200683594,633500,0.0,0.0
2022-11-23 00:00:00-05:00,101.044164352174,101.78083266954036,100.3768372246635,101.72882843017578,598200,0.0,0.0
2022-11-25 00:00:00-05:00,101.84151107328363,102.56950439122801,101.48617627849406,102.37883758544922,302500,0.0,0.0
2022-11-28 00:00:00-05:00,101.87616073376664,102.17949123041014,99.61417149691117,99.8481674194336,1293000,0.0,0.0
2022-11-29 00:00:00-05:00,99.8395002413029,102.17949255746235,99.38017025297594,102.04949188232422,889700,0.0,0.0
2022-11-30 00:00:00-05:00,101.26949636441275,104.3114831270638,100.48949891089848,104.28548431396484,1105300,0.0,0.0
2022-12-01 00:00:00-05:00,105.14348125388328,105.96680788238649,102.45682915801518,103.55748748779297,568400,0.0,0.0
2022-12-02 00:00:00-05:00,102.40483116781053,104.35482154515053,102.14482980598814,103.8954849243164,619400,0.0,0.0
2022-12-05 00:00:00-05:00,102.93348065886113,102.93348065886113,100.31616336632041,100.8708267211914,1164900,0.0,0.0
2022-12-06 00:00:00-05:00,101.39084404901251,101.4515101595433,98.73019043783029,99.34552001953125,987200,0.0,0.0
2022-12-07 00:00:00-05:00,99.18085208704791,100.04751452999768,98.43552185714232,99.04218292236328,1205400,0.0,0.0
2022-12-08 00:00:00-05:00,99.23282918447937,101.14815199362637,99.12016547056778,100.7148208618164,990800,0.0,0.0
2022-12-09 00:00:00-05:00,100.66282995530266,101.59882684934188,100.16883269657787,100.53282928466797,799100,0.0,0.0
2022-12-12 00:00:00-05:00,100.35084085480057,100.84483816208378,98.62618451703773,100.78417205810547,703600,0.0,0.0
2022-12-13 00:00:00-05:00,103.72216634256344,103.99949807294021,100.87951445317401,102.64750671386719,892900,0.0,0.0
2022-12-14 00:00:00-05:00,102.46548848259864,103.78281229298129,100.7668245253689,101.20882415771484,820100,0.0,0.0
2022-12-15 00:00:00-05:00,101.20009978708907,101.86410322932002,99.48765827974502,100.2390365600586,1445800,0.94,0.0
2022-12-16 00:00:00-05:00,98.83239958950145,98.83239958950145,96.5171060661695,98.02859497070312,1596600,0.0,0.0
2022-12-19 00:00:00-05:00,97.8363755694585,97.8363755694585,95.87056168812099,96.44719696044922,669700,0.0,0.0
2022-12-20 00:00:00-05:00,95.7220176997677,96.75297801936208,94.9793783168024,95.93170928955078,918000,0.0,0.0
2022-12-21 00:00:00-05:00,96.41224919540637,97.4344708227948,96.11519607254726,96.56077575683594,578000,0.0,0.0
2022-12-22 00:00:00-05:00,95.94045535427502,96.57825570061404,94.87454628179214,96.24625396728516,713200,0.0,0.0
2022-12-23 00:00:00-05:00,96.2112992665443,97.25099182128906,95.64339616292776,97.25099182128906,472100,0.0,0.0
2022-12-27 00:00:00-05:00,97.29467226575622,97.55678342272033,96.32487031705809,97.42572784423828,311100,0.0,0.0
2022-12-28 00:00:00-05:00,97.731528584446,98.0460593349289,95.92298010205143,95.98413848876953,438400,0.0,0.0
2022-12-29 00:00:00-05:00,96.60445789978021,99.1905943538686,96.06276458879854,98.67511749267578,946300,0.0,0.0
2022-12-30 00:00:00-05:00,98.1508841540027,98.69257740430247,96.60444707789618,97.74898529052734,555500,0.0,0.0
2023-01-03 00:00:00-05:00,98.39552416981562,98.91100097241925,96.08897011709574,96.70055389404297,556600,0.0,0.0
2023-01-04 00:00:00-05:00,97.51312040481945,99.05955795367339,97.21606057488769,98.5091323852539,2109500,0.0,0.0
2023-01-05 00:00:00-05:00,97.73152470502274,98.02857780992947,94.88327709571644,95.81813049316406,935700,0.0,0.0
2023-01-06 00:00:00-05:00,96.09773018563588,99.90704167213774,96.03657179017318,99.60124969482422,578700,0.0,0.0
2023-01-09 00:00:00-05:00,99.12943480652771,100.0904979821627,98.45669258331239,98.73627471923828,1114800,0.0,0.0
2023-01-10 00:00:00-05:00,99.56629667019585,99.56629667019585,98.29070257445473,99.06829071044922,613200,0.0,0.0
2023-01-11 00:00:00-05:00,99.95944940988359,103.41928085361445,99.67986060722515,103.34064483642578,856600,0.0,0.0
2023-01-12 00:00:00-05:00,103.8473880320925,104.49392046442618,102.76400810060505,103.38433074951172,804500,0.0,0.0
2023-01-13 00:00:00-05:00,102.39706630070572,103.46297542302804,101.77674355992704,103.05233764648438,795300,0.0,0.0
2023-01-17 00:00:00-05:00,103.33192333370067,104.45025873442549,102.74654917802097,102.86886596679688,706500,0.0,0.0
2023-01-18 00:00:00-05:00,103.02612824329489,103.1397128764095,100.63220545087226,100.70210266113281,549100,0.0,0.0
2023-01-19 00:00:00-05:00,100.2477572597348,101.82041084487467,99.93322654270682,100.0730209350586,576400,0.0,0.0
2023-01-20 00:00:00-05:00,100.1778720504879,100.42250558433423,98.77995471577081,100.19534301757812,872800,0.0,0.0
2023-01-23 00:00:00-05:00,100.12544962103954,100.99914465554383,99.36533920710983,100.3613510131836,506000,0.0,0.0
2023-01-24 00:00:00-05:00,100.63218596310901,103.2008512837523,99.69733262064742,103.1222152709961,898700,0.0,0.0
2023-01-25 00:00:00-05:00,102.79895414403599,104.25802315514225,102.3621066557457,104.20559692382812,1782500,0.0,0.0
2023-01-26 00:00:00-05:00,104.7560363561801,105.26278107784303,103.94349970446684,104.71234893798828,623200,0.0,0.0
2023-01-27 00:00:00-05:00,104.6861476430251,106.78301723676202,104.58130183032061,106.2850112915039,639400,0.0,0.0
2023-01-30 00:00:00-05:00,105.57729093480627,106.616990022666,104.60749570609401,104.65117645263672,564700,0.0,0.0
2023-01-31 00:00:00-05:00,104.61624163914207,107.65670329430424,104.29297874223583,107.64796447753906,1092800,0.0,0.0
2023-02-01 00:00:00-05:00,107.00144514907151,109.12452461159167,105.87437761555934,108.1197738647461,915400,0.0,0.0
2023-02-02 00:00:00-05:00,108.97600434429322,111.48350528184802,108.97600434429322,110.35643768310547,1401900,0.0,0.0
2023-02-03 00:00:00-05:00,107.02764229833164,108.03239292653004,105.04435749235185,106.36363220214844,1328700,0.0,0.0
2023-02-06 00:00:00-05:00,104.89582880670434,107.26354166537267,104.45024911680544,106.97522735595703,860800,0.0,0.0
2023-02-07 00:00:00-05:00,106.31994979895327,108.70513348602788,105.82194390098881,108.04113006591797,1097700,0.0,0.0
2023-02-08 00:00:00-05:00,107.3072333065951,108.76630254272825,107.20238749356052,108.28577423095703,794600,0.0,0.0
2023-02-09 00:00:00-05:00,108.73133904859296,109.16818654443426,106.42478480381203,106.66941833496094,805800,0.0,0.0
2023-02-10 00:00:00-05:00,106.13647234954337,107.43827604314548,105.79572516441893,107.30722045898438,581600,0.0,0.0
2023-02-13 00:00:00-05:00,107.56059596169382,108.73134410543061,107.40333058924637,107.6304931640625,777900,0.0,0.0
2023-02-14 00:00:00-05:00,107.35092035656774,107.90134587512182,105.86563467299794,106.8092269897461,1009100,0.0,0.0
2023-02-15 00:00:00-05:00,106.29375078676401,106.29375078676401,105.01815005423555,106.12774658203125,691700,0.0,0.0
2023-02-16 00:00:00-05:00,104.7910008471376,106.1190145729088,104.17941022853672,104.8871078491211,766300,0.0,0.0
2023-02-17 00:00:00-05:00,104.7910008471376,105.41132361808958,102.85139650276554,104.8871078491211,2437900,0.0,0.0
2023-02-21 00:00:00-05:00,104.61624192391827,104.61624192391827,102.44074314695551,103.13970184326172,739100,0.0,0.0
2023-02-22 00:00:00-05:00,103.65518593392153,104.25803768482153,102.29222371355415,102.71159362792969,573500,0.0,0.0
2023-02-23 00:00:00-05:00,103.00863898123922,103.96970212147829,102.1174663730846,103.15716552734375,487500,0.0,0.0
2023-02-24 00:00:00-05:00,102.15241286210986,102.27472962293588,100.73703129661908,101.72430419921875,454500,0.0,0.0
2023-02-27 00:00:00-05:00,102.94748581710901,102.99990538527,99.5400739056012,100.32640075683594,1280100,0.0,0.0
2023-02-28 00:00:00-05:00,100.32641718385212,101.61948229247992,100.020625209904,100.2652587890625,1061000,0.0,0.0
2023-03-01 00:00:00-05:00,99.30417121769766,99.5575368873287,97.2509827525635,97.81888580322266,622400,0.0,0.0
2023-03-02 00:00:00-05:00,97.36459218559934,99.78472488121233,97.21605894024833,99.60124969482422,863600,0.0,0.0
2023-03-03 00:00:00-05:00,100.40504131646505,102.16990918687442,100.18661753706144,101.46221160888672,753200,0.0,0.0
2023-03-06 00:00:00-05:00,102.16990478225888,102.95622502160124,101.87284498887877,102.3883285522461,577200,0.0,0.0
2023-03-07 00:00:00-05:00,102.33589716978378,102.42327200599745,97.67910769375806,97.8713150024414,1402100,0.0,0.0
2023-03-08 00:00:00-05:00,97.74028015863057,100.31767821985575,97.74028015863057,99.05955505371094,997200,0.0,0.0
2023-03-09 00:00:00-05:00,99.295437217833,99.35659560066948,96.54329665866403,96.79666900634766,861400,0.0,0.0
2023-03-10 00:00:00-05:00,96.8491000560805,96.97141683625634,92.41946618609933,93.40674591064453,815600,0.0,0.0
2023-03-13 00:00:00-04:00,92.93494758343003,95.94045411052142,92.62914897438421,94.84833526611328,727100,0.0,0.0
2023-03-14 00:00:00-04:00,96.13266910730557,96.42972890231437,93.90475064067992,94.5163345336914,1062200,0.0,0.0
2023-03-15 00:00:00-04:00,93.70378544194463,94.69979717352099,92.34082342310616,93.6338882446289,992100,0.0,0.0
2023-03-16 00:00:00-04:00,92.86504880978366,93.06599494093415,90.74196954546716,91.86029815673828,1059500,0.0,0.0
2023-03-17 00:00:00-04:00,91.7030311268589,91.7030311268589,88.54025266416134,88.87226104736328,2214200,0.0,0.0
2023-03-20 00:00:00-04:00,89.03825838414419,90.48858858104586,88.3829871508164,90.28763580322266,990800,0.0,0.0
2023-03-21 00:00:00-04:00,90.76817684556596,90.88175480068196,88.05972356446944,89.28289794921875,1396600,0.0,0.0
2023-03-22 00:00:00-04:00,88.70624790541291,89.3440481568706,86.74043425243494,87.02875518798828,1243900,0.0,0.0
2023-03-23 00:00:00-04:00,87.36951241402625,88.06847117964438,85.71822916266233,86.19002532958984,800600,0.0,0.0
2023-03-24 00:00:00-04:00,85.76190312885588,87.3258112898117,85.39494616831246,87.27339172363281,979200,0.0,0.0
2023-03-27 00:00:00-04:00,87.83255648581543,88.5751958959183,87.18602405810088,87.36949920654297,791500,0.0,0.0
2023-03-28 00:00:00-04:00,86.53949998250633,88.2082541122093,86.36475696777013,87.81509399414062,684500,0.0,0.0
2023-03-29 00:00:00-04:00,88.69753018290245,89.7809169864263,88.1208948404276,89.67607116699219,885300,0.0,0.0
2023-03-30 00:00:00-04:00,90.78775594987093,91.41418182596311,90.43483816199377,91.06126403808594,672300,1.0,0.0
2023-03-31 00:00:00-04:00,91.55533095085313,92.59643456420373,90.93772996469002,92.49938201904297,902100,0.0,0.0
2023-04-03 00:00:00-04:00,92.4640933091624,93.56695698541029,91.14065689766491,91.58180236816406,984600,0.0,0.0
2023-04-04 00:00:00-04:00,91.99648683177483,91.99648683177483,90.69952461426806,91.38771057128906,608500,0.0,0.0
2023-04-05 00:00:00-04:00,91.09654824259633,92.08471661291932,91.08772344757794,91.30829620361328,503200,0.0,0.0
2023-04-06 00:00:00-04:00,91.65239925121251,92.32294238813272,91.05244101951486,92.25235748291016,342100,0.0,0.0
2023-04-10 00:00:00-04:00,91.59063072242697,92.52586380228608,90.69069682328127,92.46410369873047,479000,0.0,0.0
2023-04-11 00:00:00-04:00,92.4905783357054,92.87878184535771,91.71415785370688,92.24353790283203,864800,0.0,0.0
2023-04-12 00:00:00-04:00,93.31991087106105,93.58460084874501,91.52004325565487,91.6788558959961,1150500,0.0,0.0
2023-04-13 00:00:00-04:00,91.77591930632886,92.21706486616408,90.47013221877091,91.84650421142578,560700,0.0,0.0
2023-04-14 00:00:00-04:00,92.23469408604673,92.79053494538448,90.82302995264054,91.26417541503906,841800,0.0,0.0
2023-04-17 00:00:00-04:00,91.52006091354832,94.05223212193795,91.46711886898943,94.02576446533203,854200,0.0,0.0
2023-04-18 00:00:00-04:00,93.89339943399949,94.29925245524366,92.9846408504152,93.47872161865234,605400,0.0,0.0
2023-04-19 00:00:00-04:00,92.70232550638099,94.89922845820166,92.5346880435333,94.32574462890625,508100,0.0,0.0
2023-04-20 00:00:00-04:00,94.08752134759223,94.27280166882612,93.45227068544929,93.85812377929688,1056100,0.0,0.0
2023-04-21 00:00:00-04:00,94.2904411574038,94.33455166839222,92.7993672202659,94.21985626220703,557800,0.0,0.0
2023-04-24 00:00:00-04:00,94.5992662127348,94.70513685166236,93.31993989779485,93.7610855102539,369600,0.0,0.0
2023-04-25 00:00:00-04:00,93.36402730599421,93.63753534425548,92.30528086708006,92.51702880859375,519300,0.0,0.0
2023-04-26 00:00:00-04:00,92.32292703688054,93.32873820934326,91.63474115375824,91.78472900390625,774400,0.0,0.0
2023-04-27 00:00:00-04:00,92.04059339834147,94.49336120932378,92.04059339834147,93.9904556274414,927200,0.0,0.0
2023-04-28 00:00:00-04:00,94.36986242329964,97.4402386465369,94.36986242329964,97.09614562988281,764500,0.0,0.0
2023-05-01 00:00:00-04:00,97.00789202716204,99.0018715569278,97.00789202716204,98.17251586914062,859800,0.0,0.0
2023-05-02 00:00:00-04:00,97.74902335254961,98.20781172321766,95.27860579291654,96.44322967529297,974200,0.0,0.0
2023-05-03 00:00:00-04:00,97.184362817178,97.96077653637526,95.93151111187787,96.33736419677734,1147700,0.0,0.0
2023-05-04 00:00:00-04:00,95.96678403137352,97.05200486575548,95.43741080564766,95.9756088256836,370200,0.0,0.0
2023-05-05 00:00:00-04:00,96.24029518992715,97.82841480746315,96.05501490444857,97.36080169677734,643100,0.0,0.0
2023-05-08 00:00:00-04:00,96.76085491442237,98.25192889790159,96.76085491442237,97.81078338623047,522100,0.0,0.0
2023-05-09 00:00:00-04:00,97.21083103007294,98.22546711381679,96.00208983257936,97.55492401123047,641000,0.0,0.0
2023-05-10 00:00:00-04:00,98.43720365793556,98.57837344476138,96.47851661947573,97.57255554199219,844600,0.0,0.0
2023-05-11 00:00:00-04:00,96.7961536409343,97.8901926960568,96.30207278984932,97.8372573852539,571000,0.0,0.0
2023-05-12 00:00:00-04:00,97.95193713040689,98.11074976875274,96.58439021314413,97.49314880371094,504000,0.0,0.0
2023-05-15 00:00:00-04:00,95.44623305159399,98.81658413405528,94.85509974417215,96.0285415649414,982300,0.0,0.0
2023-05-16 00:00:00-04:00,96.01973381370416,96.3726515697802,93.53167339382017,93.61107635498047,769200,0.0,0.0
2023-05-17 00:00:00-04:00,93.87575330391829,94.3963017049685,93.09051493977265,94.21102142333984,784600,0.0,0.0
2023-05-18 00:00:00-04:00,93.97282707141018,94.83746858101186,93.05524351842182,94.36103057861328,562500,0.0,0.0
2023-05-19 00:00:00-04:00,94.89041288747308,95.54330643313989,93.93753685995044,93.96400451660156,514600,0.0,0.0
2023-05-22 00:00:00-04:00,93.91989819999307,94.67866919193047,93.49640218158719,93.7610855102539,543700,0.0,0.0
2023-05-23 00:00:00-04:00,93.91106298574948,94.81099690904108,92.9581870213137,93.40815734863281,530500,0.0,0.0
2023-05-24 00:00:00-04:00,93.24934248616222,93.25816055002254,91.36124019270135,91.50240325927734,818200,0.0,0.0
2023-05-25 00:00:00-04:00,91.95236757817837,92.0141276779044,90.01132337143218,90.82303619384766,1115800,0.0,0.0
2023-05-26 00:00:00-04:00,90.68187186008568,91.91708066025593,89.76428837228339,91.68768310546875,498500,0.0,0.0
2023-05-30 00:00:00-04:00,92.07589398332186,92.85230767954113,91.68768376953899,91.90825653076172,593700,0.0,0.0
2023-05-31 00:00:00-04:00,92.1729507446289,92.8699615096741,91.40535507724697,92.1729507446289,1584800,0.0,0.0
2023-06-01 00:00:00-04:00,92.05824307879394,92.41998563308185,90.567175811528,92.30529022216797,939600,0.0,0.0
2023-06-02 00:00:00-04:00,93.31991239673441,95.31389186220777,93.23168464651259,94.95215606689453,754700,0.0,0.0
2023-06-05 00:00:00-04:00,94.59041885387722,96.90202373508085,94.45807385543704,95.8785629272461,1048600,0.0,0.0
2023-06-06 00:00:00-04:00,96.1873669209135,97.10495041697094,95.15508801210383,96.91967010498047,838300,0.0,0.0
2023-06-07 00:00:00-04:00,97.39611110166456,100.44883740935721,96.99025801546404,99.91946411132812,825600,0.0,0.0
2023-06-08 00:00:00-04:00,99.69888244994085,100.1223850893966,97.74019536373196,99.9459228515625,785700,0.0,0.0
2023-06-09 00:00:00-04:00,100.23707170592428,100.61645706981756,99.3636055821125,99.9106216430664,569200,0.0,0.0
2023-06-12 00:00:00-04:00,99.6900519571465,99.73416919691991,98.04899026149239,98.77246856689453,614900,0.0,0.0
2023-06-13 00:00:00-04:00,98.41073639313467,99.54006776680318,98.05781865602677,99.2842025756836,526500,0.0,0.0
2023-06-14 00:00:00-04:00,99.53126004448377,100.20180318686997,98.09312792842312,98.6048583984375,720700,0.0,0.0
2023-06-15 00:00:00-04:00,98.52544661310874,99.12540483700997,97.61668784705547,98.94012451171875,553100,0.0,0.0
2023-06-16 00:00:00-04:00,99.4606760280402,100.0165169830197,98.93129599699682,99.79594421386719,1259400,0.0,0.0
2023-06-20 00:00:00-04:00,99.46066564149977,99.46066564149977,97.99605937622754,98.44602966308594,1060300,0.0,0.0
2023-06-21 00:00:00-04:00,97.75785185098097,98.40192055331916,96.99025620776982,97.89019012451172,465200,0.0,0.0
2023-06-22 00:00:00-04:00,98.26074448196398,98.26074448196398,94.9874458999643,95.53446197509766,600300,0.0,0.0
2023-06-23 00:00:00-04:00,95.19038765108002,95.53448064667124,93.21405744257072,93.39933776855469,1705700,0.0,0.0
2023-06-26 00:00:00-04:00,93.46109471553305,95.98444775207118,93.46109471553305,95.9403305053711,563700,0.0,0.0
2023-06-27 00:00:00-04:00,96.16089829897781,96.84908423125982,95.3315493009862,96.82261657714844,791300,0.0,0.0
2023-06-28 00:00:00-04:00,96.89320318732389,96.89320318732389,94.66983269518651,95.3050765991211,1360500,0.0,0.0
2023-06-29 00:00:00-04:00,95.29617618990306,97.38002535211007,94.47687862047854,96.72103118896484,664800,1.0,0.0
2023-06-30 00:00:00-04:00,97.43346553673118,97.82529642894904,95.50099886924056,96.95257568359375,1125600,0.0,0.0
2023-07-03 00:00:00-04:00,96.68542520518336,99.15220519969942,96.50732084822576,98.06575775146484,338400,0.0,0.0
2023-07-05 00:00:00-04:00,97.56702868807706,99.04532029571168,96.5874413836504,97.54031372070312,518600,0.0,0.0
2023-07-06 00:00:00-04:00,96.31138489571254,98.30618187564099,94.77075598374127,97.94996643066406,535300,0.0,0.0
2023-07-07 00:00:00-04:00,97.39783291275593,97.8252859848566,96.81898369980235,96.8724136352539,402700,0.0,0.0
2023-07-10 00:00:00-04:00,96.33809861317837,97.40673813997765,95.96407545822306,97.2197265625,539500,0.0,0.0
2023-07-11 00:00:00-04:00,97.67391359128669,98.85832719049561,97.03272707760232,98.79598999023438,608400,0.0,0.0
2023-07-12 00:00:00-04:00,99.93586202046876,100.38112962398591,98.92955288820355,99.00970458984375,647300,0.0,0.0
2023-07-13 00:00:00-04:00,98.88503646379668,99.7221417855557,98.31509443875709,99.6776123046875,415200,0.0,0.0
2023-07-14 00:00:00-04:00,99.54400709501247,99.69539642333984,98.68018700689018,99.69539642333984,284600,0.0,0.0
2023-07-17 00:00:00-04:00,99.26796410762775,99.47278340767468,98.36852161449056,98.62677764892578,552300,0.0,0.0
2023-07-18 00:00:00-04:00,99.45496667988166,99.48168164753258,97.727326299852,98.51100158691406,651300,0.0,0.0
2023-07-19 00:00:00-04:00,99.32138305523223,99.54401684018316,98.18149916336247,99.19670867919922,570100,0.0,0.0
2023-07-20 00:00:00-04:00,99.48168669280949,99.88243161062955,98.10136120496992,99.84680938720703,577800,0.0,0.0
2023-07-21 00:00:00-04:00,99.82898914387287,100.8174837057712,99.82008188996781,100.54141998291016,501900,0.0,0.0
2023-07-24 00:00:00-04:00,100.54142502156135,101.55663460180827,100.18520958419091,100.47908782958984,770700,0.0,0.0
2023-07-25 00:00:00-04:00,100.45237629185961,100.79077723208565,97.5670372654265,98.68020629882812,868200,0.0,0.0
2023-07-26 00:00:00-04:00,98.82269285414718,99.94476911561019,98.32399531316113,99.60636138916016,724700,0.0,0.0
2023-07-27 00:00:00-04:00,99.85572478810654,99.96259147436383,96.40045013006579,96.88134002685547,1010100,0.0,0.0
2023-07-28 00:00:00-04:00,97.97667648238527,98.19931027504082,96.59635104446738,96.63197326660156,884800,0.0,0.0
2023-07-31 00:00:00-04:00,96.90804175794996,97.90544364399271,96.32919250974875,97.14848327636719,1407500,0.0,0.0
2023-08-01 00:00:00-04:00,96.82789396196789,97.22863207879261,95.99969596551841,96.54292297363281,1476700,0.0,0.0
2023-08-02 00:00:00-04:00,96.11546847771545,96.5340211265179,95.20712552471981,95.45647430419922,744600,0.0,0.0
2023-08-03 00:00:00-04:00,95.24273711335223,95.24273711335223,92.98968413991187,94.83309173583984,988000,0.0,0.0
2023-08-04 00:00:00-04:00,95.28727390432891,99.13438599953763,95.05573283170551,96.65869903564453,1495500,0.0,0.0
2023-08-07 00:00:00-04:00,96.97038474782102,98.15479828437707,96.44497220116158,97.86982727050781,906500,0.0,0.0
2023-08-08 00:00:00-04:00,96.86350189543123,97.26424677549136,95.52769921705163,96.72992706298828,693700,0.0,0.0
2023-08-09 00:00:00-04:00,96.46277071254151,96.90803830386496,95.82158429395668,96.74774169921875,751000,0.0,0.0
2023-08-10 00:00:00-04:00,96.94366869136198,97.78967446843193,95.46537690242481,95.91064453125,801900,0.0,0.0
2023-08-11 00:00:00-04:00,95.37631484609541,96.33809445525127,95.28726268841301,96.0531234741211,614800,0.0,0.0
2023-08-14 00:00:00-04:00,95.8571967414663,95.92844117943146,94.10284152347445,94.46796417236328,730900,0.0,0.0
2023-08-15 00:00:00-04:00,93.532907608524,94.74403598055082,93.39932597447437,94.41453552246094,810200,0.0,0.0
2023-08-16 00:00:00-04:00,94.3967298027736,94.8419973961829,93.68429893562099,94.34329986572266,806000,0.0,0.0
2023-08-17 00:00:00-04:00,94.48578973635445,96.09766317719794,94.30768540203503,94.69951629638672,562100,0.0,0.0
2023-08-18 00:00:00-04:00,93.92474680889924,95.24273507455285,93.92474680889924,94.56593322753906,510400,0.0,0.0
2023-08-21 00:00:00-04:00,94.32549174813097,94.61046275545107,93.11436326845941,93.61306762695312,527300,0.0,0.0
2023-08-22 00:00:00-04:00,93.98707924571687,94.16518355555466,93.39932279361312,93.6041488647461,485500,0.0,0.0
2023-08-23 00:00:00-04:00,94.16519989617318,95.29618352206045,93.78226944875195,94.93106079101562,475400,0.0,0.0
2023-08-24 00:00:00-04:00,95.046819578527,96.53401164887097,94.84199350449595,94.94886016845703,448300,0.0,0.0
2023-08-25 00:00:00-04:00,95.15369323726726,96.03532126141265,95.06464106818355,95.42976379394531,440100,0.0,0.0
2023-08-28 00:00:00-04:00,95.77706664824913,96.863513921049,95.77706664824913,96.07093811035156,350000,0.0,0.0
2023-08-29 00:00:00-04:00,96.33810250255397,96.59635853737643,95.59895662298395,96.4449691772461,318400,0.0,0.0
2023-08-30 00:00:00-04:00,96.96148140933046,97.16630751862483,95.59896348191165,96.46278381347656,644700,0.0,0.0
2023-08-31 00:00:00-04:00,96.51621079259516,96.67650741408755,95.51881563152693,95.83940887451172,773800,0.0,0.0
2023-09-01 00:00:00-04:00,96.17780134911771,96.24904579555051,94.54812030675012,95.05572509765625,471400,0.0,0.0
2023-09-05 00:00:00-04:00,94.904349336277,95.2160353412528,93.67541303341012,93.74665069580078,460400,0.0,0.0
2023-09-06 00:00:00-04:00,93.27465070199457,93.96036657957414,92.8471976302188,93.29246520996094,528400,0.0,0.0
2023-09-07 00:00:00-04:00,93.07874837817755,93.35481894663758,92.32179471729356,92.60676574707031,842800,0.0,0.0
2023-09-08 00:00:00-04:00,92.79377924043906,92.93626815535538,90.84351147580118,91.71623229980469,838300,0.0,0.0
2023-09-11 00:00:00-04:00,91.79637487364603,91.92104926466237,90.38932755303911,90.6119613647461,578000,0.0,0.0
2023-09-12 00:00:00-04:00,90.6297590502608,92.25053274834764,90.10434657401693,92.134765625,689700,0.0,0.0
2023-09-13 00:00:00-04:00,92.09915576191473,92.61566784783876,90.69210840822302,90.89693450927734,607900,0.0,0.0
2023-09-14 00:00:00-04:00,91.6716985068406,92.35740764265145,91.5024946394318,92.09915161132812,608400,0.0,0.0
2023-09-15 00:00:00-04:00,91.60044485804619,92.41082830079476,91.30656663182404,91.6093521118164,1043000,0.0,0.0
2023-09-18 00:00:00-04:00,91.56483002938738,91.57373728387671,90.04201563544775,90.7900619506836,521400,0.0,0.0
2023-09-19 00:00:00-04:00,90.95926594222234,91.23532968357797,90.47837611279208,90.80787658691406,434900,0.0,0.0
2023-09-20 00:00:00-04:00,91.5470218713605,92.1169638595169,90.87021321258311,91.0126953125,321400,0.0,0.0
2023-09-21 00:00:00-04:00,90.43385442459895,90.48728436370916,88.30547578961075,88.3499984741211,769400,0.0,0.0
2023-09-22 00:00:00-04:00,88.52810016615632,88.83087884785935,87.11214578234154,87.22791290283203,553500,0.0,0.0
2023-09-25 00:00:00-04:00,86.71143092242185,87.08545414504442,86.38193039149493,87.00530242919922,569000,0.0,0.0
2023-09-26 00:00:00-04:00,86.16818843253432,86.73813042081879,85.52700199715318,85.84759521484375,570600,0.0,0.0
2023-09-27 00:00:00-04:00,85.98117164582956,86.45315418932441,84.3603979409116,84.49397277832031,825300,0.0,0.0
2023-09-28 00:00:00-04:00,84.75498243163851,85.8350118345596,84.6919812314643,85.15999603271484,485800,1.0,0.0
2023-09-29 00:00:00-04:00,86.492037404457,86.86104939865258,84.70999924372704,85.12400817871094,807100,0.0,0.0
2023-10-02 00:00:00-04:00,84.72799089230233,85.32200814994678,83.31495795511908,83.7469711303711,488400,0.0,0.0
2023-10-03 00:00:00-04:00,83.4949640088353,83.79197265391235,82.63994661234698,83.2609634399414,1304700,0.0,0.0
2023-10-04 00:00:00-04:00,83.7379604368072,84.39497196679638,82.792935575012,84.34097290039062,638300,0.0,0.0
2023-10-05 00:00:00-04:00,84.22398242502342,84.8179928243854,83.72896803670795,84.79999542236328,609500,0.0,0.0
2023-10-06 00:00:00-04:00,84.04397365714891,86.48303018280095,83.66596641699986,86.21302795410156,741200,0.0,0.0
2023-10-09 00:00:00-04:00,85.61000930570154,88.40907546954794,85.61000930570154,87.6800537109375,843300,0.0,0.0
2023-10-10 00:00:00-04:00,87.5810436682498,88.47206942617771,86.60002404783978,86.68102264404297,645700,0.0,0.0
2023-10-11 00:00:00-04:00,87.27504696352196,88.19306546208468,86.73503567809588,87.6800537109375,944000,0.0,0.0
2023-10-12 00:00:00-04:00,87.41904903366056,87.6800559828129,86.55502958126804,86.93303680419922,683200,0.0,0.0
2023-10-13 00:00:00-04:00,87.3920459063038,87.5090530418891,86.0600185469347,86.82503509521484,441600,0.0,0.0
2023-10-16 00:00:00-04:00,87.39205143002629,87.63506098343551,85.95201897754771,87.1760482788086,1316700,0.0,0.0
2023-10-17 00:00:00-04:00,86.67204017962356,88.14807432801058,86.67204017962356,87.82406616210938,775800,0.0,0.0
2023-10-18 00:00:00-04:00,87.41005734536792,87.50906022208679,85.66401410136233,85.80801391601562,1055200,0.0,0.0
2023-10-19 00:00:00-04:00,85.04299197861856,86.51003076905211,84.57498402703662,84.63798522949219,742600,0.0,0.0
2023-10-20 00:00:00-04:00,85.01599781035671,85.25900736846393,83.48596458750939,83.56696319580078,674400,0.0,0.0
2023-10-23 00:00:00-04:00,82.86493653670215,83.64795731025744,82.26192409037452,82.64893341064453,896400,0.0,0.0
2023-10-24 00:00:00-04:00,82.80194486445427,84.37698185915856,82.80194486445427,84.32298278808594,792800,0.0,0.0
2023-10-25 00:00:00-04:00,83.70195976793097,84.17896983784237,82.29792909172146,82.34292602539062,700100,0.0,0.0
2023-10-26 00:00:00-04:00,82.7299343820836,83.04494038050244,80.40787839382618,80.88489532470703,1341500,0.0,0.0
2023-10-27 00:00:00-04:00,80.1018733987516,80.1018733987516,75.05275476215272,75.58377075195312,3526800,0.0,0.0
2023-10-30 00:00:00-04:00,76.36678264918129,77.14080128053003,74.53073893295516,75.53876495361328,1421800,0.0,0.0
2023-10-31 00:00:00-04:00,74.80074934638277,76.45678476760831,74.61174575156565,76.39378356933594,1068700,0.0,0.0
2023-11-01 00:00:00-04:00,76.23179592635387,76.56480625558525,75.01676863133548,76.21379852294922,1420300,0.0,0.0
2023-11-02 00:00:00-04:00,77.86983300507553,79.03986333880397,77.50983001003631,78.82386016845703,1045200,0.0,0.0
2023-11-03 00:00:00-04:00,79.9938700349976,83.24294663912204,79.94887310157657,81.51490783691406,1377700,0.0,0.0
2023-11-06 00:00:00-05:00,80.80390336027628,81.00190912568667,78.84185684234497,79.21086883544922,792200,0.0,0.0
2023-11-07 00:00:00-05:00,79.22886553381777,79.22886553381777,77.62682888845956,77.97783660888672,573600,0.0,0.0
2023-11-08 00:00:00-05:00,78.40084354188909,79.36386590529169,78.14883871656751,79.09385681152344,470600,0.0,0.0
2023-11-09 00:00:00-05:00,79.33686355340498,79.4808633627851,78.02283353471125,78.40084075927734,907300,0.0,0.0
2023-11-10 00:00:00-05:00,79.12085977916661,79.87687422230903,78.08583412014583,79.59786987304688,968500,0.0,0.0
2023-11-13 00:00:00-05:00,79.0308525968613,79.0308525968613,76.77180452256523,77.98683166503906,1052400,0.0,0.0
2023-11-14 00:00:00-05:00,80.69590310112038,82.88294799842217,80.10188582040874,80.9839096069336,1351600,0.0,0.0
2023-11-15 00:00:00-05:00,80.56989479509734,81.55992360829751,79.94888483645528,80.00288391113281,1413800,0.0,0.0
2023-11-16 00:00:00-05:00,80.43489062951835,80.56089303802787,78.76984605049812,78.81484985351562,1356700,0.0,0.0
2023-11-17 00:00:00-05:00,79.51685758873508,79.76886238152396,78.10382482921258,78.61683654785156,1306400,0.0,0.0
2023-11-20 00:00:00-05:00,78.38283329918222,79.99387187154372,77.85182415295851,79.74186706542969,1760200,0.0,0.0
2023-11-21 00:00:00-05:00,79.48986984815555,79.82288015466474,78.7608548942106,78.93185424804688,1040900,0.0,0.0
2023-11-22 00:00:00-05:00,79.88587524846977,80.01187765391306,79.11185654839461,79.57986450195312,503600,0.0,0.0
2023-11-24 00:00:00-05:00,79.2018530666201,79.87686885980152,79.17485353355136,79.85887145996094,186100,0.0,0.0
2023-11-27 00:00:00-05:00,79.80486687838344,80.24588214802546,79.30985940830553,79.50785827636719,848300,0.0,0.0
2023-11-28 00:00:00-05:00,79.29185342888992,80.72289047439409,78.85084503538927,80.46188354492188,1255100,0.0,0.0
2023-11-29 00:00:00-05:00,81.31692026246631,82.45094898380313,80.5969073673993,80.77690887451172,1881200,0.0,0.0
2023-11-30 00:00:00-05:00,80.68690265161462,81.3079126156896,80.11088962795895,81.23591613769531,1913700,0.0,0.0
2023-12-01 00:00:00-05:00,81.29892061998201,83.86397979210508,81.29892061998201,83.35997009277344,795600,0.0,0.0
2023-12-04 00:00:00-05:00,82.64893614942318,83.90896701530879,82.39693134956921,83.73796081542969,804100,0.0,0.0
2023-12-05 00:00:00-05:00,83.35095148233516,83.7919598820796,82.27092894964224,83.73796081542969,1087300,0.0,0.0
2023-12-06 00:00:00-05:00,84.14296398631417,85.0789866794419,83.62995227501119,84.05296325683594,939200,0.0,0.0
2023-12-07 00:00:00-05:00,84.06198120117188,84.67399589000075,83.449966512343,84.06198120117188,667400,0.0,0.0
2023-12-08 00:00:00-05:00,83.71097428224886,84.916999402162,83.56696759333076,84.2869873046875,1075400,0.0,0.0
2023-12-11 00:00:00-05:00,83.92697698670108,84.54799381266,83.50396592360539,84.0799789428711,698000,0.0,0.0
2023-12-12 00:00:00-05:00,84.24196034592582,85.11498177436704,83.53094296468623,84.69197082519531,753900,0.0,0.0
2023-12-13 00:00:00-05:00,84.79999694452297,88.95809041454434,84.72799360190889,88.30107879638672,1136500,0.0,0.0
2023-12-14 00:00:00-05:00,90.38334738264504,93.11121496801265,90.37425254824254,92.39287567138672,1430500,1.0,0.0
2023-12-15 00:00:00-05:00,91.11077068609472,91.8200220553605,89.11033731717018,89.97415924072266,2253300,0.0,0.0
2023-12-18 00:00:00-05:00,90.4470010777483,90.89255085927613,89.63773421571096,90.41972351074219,1202000,0.0,0.0
2023-12-19 00:00:00-05:00,90.81071067600554,91.11077082567591,89.17398741723203,89.53770446777344,1901300,0.0,0.0
2023-12-20 00:00:00-05:00,89.33766270004892,90.00144685955668,88.00100648403024,88.01010131835938,940600,0.0,0.0
2023-12-21 00:00:00-05:00,88.97393262548914,89.21034972219017,87.64637143794857,88.41926574707031,855000,0.0,0.0
2023-12-22 00:00:00-05:00,88.98303778111018,89.62863225243804,88.70116036136406,88.91938781738281,1602700,0.0,0.0
2023-12-26 00:00:00-05:00,89.19217074147062,89.919604847394,88.89211058980356,89.52861022949219,693300,0.0,0.0
2023-12-27 00:00:00-05:00,89.58316255845031,90.51064136137019,89.17398522249043,89.91050720214844,762200,0.0,0.0
2023-12-28 00:00:00-05:00,89.60135971705452,91.39266057334915,89.51952008062513,91.31991577148438,810900,0.0,0.0
2023-12-29 00:00:00-05:00,90.92891200870069,91.20170151965696,90.2196676050049,90.28331756591797,753500,0.0,0.0
2024-01-02 00:00:00-05:00,90.16512515435593,91.47449695398882,89.75594083039294,91.27445220947266,960300,0.0,0.0
2024-01-03 00:00:00-05:00,90.7106944334608,90.7106944334608,88.78299879166751,88.93757629394531,657300,0.0,0.0
2024-01-04 00:00:00-05:00,88.54658165226688,90.02872751918396,88.3647265833902,88.93757629394531,840200,0.0,0.0
2024-01-05 00:00:00-05:00,88.21924544096699,89.73776385479039,87.56456296781401,89.28311920166016,998600,0.0,0.0
2024-01-08 00:00:00-05:00,88.87393470828349,90.31970831031867,88.59205724374141,90.24696350097656,872900,0.0,0.0
2024-01-09 00:00:00-05:00,89.11034352263228,89.85596040522655,88.82846608449486,89.2012710571289,770100,0.0,0.0
2024-01-10 00:00:00-05:00,89.59225463867188,90.03780435882948,89.14670491851426,89.59225463867188,740500,0.0,0.0
2024-01-11 00:00:00-05:00,89.28309886519432,90.58338255446763,88.47383212193945,90.21966552734375,1131500,0.0,0.0
2024-01-12 00:00:00-05:00,91.21988214894046,91.55632161306198,89.8104812703324,90.21966552734375,694900,0.0,0.0
2024-01-16 00:00:00-05:00,90.01962090704,91.07439959303862,89.69227627602838,90.48336029052734,1332500,0.0,0.0
2024-01-17 00:00:00-05:00,89.03758929807243,90.2378506634634,87.20082832123377,87.81914520263672,1093300,0.0,0.0
2024-01-18 00:00:00-05:00,87.56455675691909,88.0555668426251,86.52796757629288,87.07353973388672,1180400,0.0,0.0
2024-01-19 00:00:00-05:00,87.48270282905092,90.17419771259027,87.05533584525163,89.783203125,1708400,0.0,0.0
2024-01-22 00:00:00-05:00,90.00145638053748,90.81072328829151,89.57408930709569,90.18331146240234,888900,0.0,0.0
2024-01-23 00:00:00-05:00,90.35606710745624,90.67431692874128,88.81027135970268,89.43768310546875,825800,0.0,0.0
2024-01-24 00:00:00-05:00,90.37425051729646,90.37425051729646,88.53748943684923,88.72843933105469,1107800,0.0,0.0
2024-01-25 00:00:00-05:00,89.5468149954108,89.69229767872864,87.13719691776552,87.16447448730469,960700,0.0,0.0
2024-01-26 00:00:00-05:00,87.5281696144714,87.71002465726835,86.18241871086828,87.0644302368164,976800,0.0,0.0
2024-01-29 00:00:00-05:00,87.10990071187187,87.79186755375817,86.84620603386345,87.55545043945312,1355600,0.0,0.0
2024-01-30 00:00:00-05:00,87.0826291473461,87.0826291473461,86.20062439483424,86.4370346069336,1087100,0.0,0.0
2024-01-31 00:00:00-05:00,86.99170648288401,87.10991853288317,84.78213318564329,85.32770538330078,2795000,0.0,0.0
2024-02-01 00:00:00-05:00,84.6911933721598,86.92804391460854,84.11834368821316,86.88258361816406,2641400,0.0,0.0
2024-02-02 00:00:00-05:00,87.96462845142297,89.69227918505678,86.2006122574531,87.81005096435547,3131800,0.0,0.0
2024-02-05 00:00:00-05:00,86.88258530473792,86.94623527085645,85.32769467737955,85.36406707763672,1189500,0.0,0.0
2024-02-06 00:00:00-05:00,85.41862253214262,86.89166647319706,85.09127789250265,86.6734390258789,1341800,0.0,0.0
2024-02-07 00:00:00-05:00,86.87348027460908,87.00987502523425,85.15492445377737,86.1005859375,1339400,0.0,0.0
2024-02-08 00:00:00-05:00,85.87325281961664,86.30970764170193,84.45475730452868,85.42769622802734,1193800,0.0,0.0
2024-02-09 00:00:00-05:00,85.07309763998201,85.56411465378181,84.79122020027937,84.98217010498047,713400,0.0,0.0
2024-02-12 00:00:00-05:00,85.17311605759265,85.86417777872586,84.84577139691513,85.64595031738281,715800,0.0,0.0
2024-02-13 00:00:00-05:00,83.79099781346451,83.79099781346451,82.29066930605471,83.55458068847656,734400,0.0,0.0
2024-02-14 00:00:00-05:00,83.90012144638901,85.9551172261367,83.60914914514989,85.32770538330078,1347100,0.0,0.0
2024-02-15 00:00:00-05:00,86.25517303751514,88.84664583912024,85.99147834018325,88.53749084472656,1332900,0.0,0.0
2024-02-16 00:00:00-05:00,87.6736507647216,88.3283400073359,87.35540097659661,87.43724060058594,966700,0.0,0.0
2024-02-20 00:00:00-05:00,86.61888054335137,87.12808021314595,85.75505174657816,85.9187240600586,768100,0.0,0.0
2024-02-21 00:00:00-05:00,85.8641882399866,87.11900496724706,85.70961072509093,86.75529479980469,782700,0.0,0.0
2024-02-22 00:00:00-05:00,87.12809764187061,87.12809764187061,86.02785845679158,86.16425323486328,971900,0.0,0.0
2024-02-23 00:00:00-05:00,85.84598837002862,86.66434302074137,85.54592129819375,86.2460708618164,801500,0.0,0.0
2024-02-26 00:00:00-05:00,86.08239477825096,86.2642567550396,83.89101172221716,84.1819839477539,765500,0.0,0.0
2024-02-27 00:00:00-05:00,84.89124587785975,85.65504552642646,84.28202373855156,84.77304077148438,983800,0.0,0.0
2024-02-28 00:00:00-05:00,84.10014911745056,85.90054463499006,84.06377672001966,85.2640380859375,876800,0.0,0.0
2024-02-29 00:00:00-05:00,86.1460552733221,86.33700516931368,85.1549333935574,85.9096450805664,1595000,0.0,0.0
2024-03-01 00:00:00-05:00,85.45500297358112,87.17355902479834,84.59117406203562,87.10990905761719,885500,0.0,0.0
2024-03-04 00:00:00-05:00,86.38247644599862,88.01010499256553,84.55480315979509,87.96463775634766,1639900,0.0,0.0
2024-03-05 00:00:00-05:00,87.59183713121861,88.46475399880804,87.56455956306372,87.91918182373047,1273700,0.0,0.0
2024-03-06 00:00:00-05:00,88.61932815809531,89.7650345385533,88.07375600365268,89.35585021972656,1644900,0.0,0.0
2024-03-07 00:00:00-05:00,89.55588085168763,90.19238737935738,89.17398109748092,89.783203125,936300,0.0,0.0
2024-03-08 00:00:00-05:00,90.72886369160413,92.07461458834804,90.12873650357285,91.9927749633789,2252500,0.0,0.0
2024-03-11 00:00:00-04:00,91.99278550050508,92.7474971916305,90.86526884964633,90.91073608398438,1020900,0.0,0.0
2024-03-12 00:00:00-04:00,90.85618581658773,91.05623057393733,89.09216927982467,89.28311920166016,1189300,0.0,0.0
2024-03-13 00:00:00-04:00,89.51951613330276,90.99256708814318,89.43768343780786,90.04690551757812,1080300,0.0,0.0
2024-03-14 00:00:00-04:00,89.58316211789412,89.84685679831667,88.05555610059058,89.03759002685547,1296700,0.0,0.0
2024-03-15 00:00:00-04:00,88.06465168267876,89.94687992201793,88.06465168267876,89.5558853149414,1664700,0.0,0.0
2024-03-18 00:00:00-04:00,89.51951038029578,89.81048261889897,88.49201618026817,88.61931610107422,982300,0.0,0.0
2024-03-19 00:00:00-04:00,88.51019862584309,89.33765504575044,87.50089409621516,88.27378845214844,1193800,0.0,0.0
2024-03-20 00:00:00-04:00,87.955544259298,89.61045026730596,87.76458742920117,89.43768310546875,862300,0.0,0.0
2024-03-21 00:00:00-04:00,89.91051108403323,91.72000153630192,89.62863365986084,90.6561279296875,1084100,0.0,0.0
2024-03-22 00:00:00-04:00,90.81981088611417,90.99257806944351,89.01032715942999,89.31039428710938,819100,0.0,0.0
2024-03-25 00:00:00-04:00,89.63771158364028,90.05598369255506,88.51928305749077,88.65567779541016,1001200,0.0,0.0
2024-03-26 00:00:00-04:00,88.65568884240302,88.8011784309324,87.54635501050551,87.56454467773438,853100,0.0,0.0
2024-03-27 00:00:00-04:00,88.41014175993546,89.59580722326353,88.41014175993546,89.30168914794922,1577800,1.03,0.0
2024-03-28 00:00:00-04:00,89.77043801516841,90.74470986740558,89.77043801516841,90.44139862060547,1216700,0.0,0.0
2024-04-01 00:00:00-04:00,90.45058205969711,90.68954815664371,88.51123873838293,88.62152862548828,874800,0.0,0.0
2024-04-02 00:00:00-04:00,88.05169538588189,88.43772408793339,87.13257542157133,87.91382598876953,585300,0.0,0.0
2024-04-03 00:00:00-04:00,87.61049355253219,88.38255778244776,87.09578874080655,88.12519836425781,814100,0.0,0.0
2024-04-04 00:00:00-04:00,89.09027726005512,89.64174770518834,87.73917011146608,88.11601257324219,861300,0.0,0.0
2024-04-05 00:00:00-04:00,87.72080476273486,88.97999452726242,87.16014106746044,88.80536651611328,673900,0.0,0.0
2024-04-08 00:00:00-04:00,90.17484658922253,94.07191268366212,89.36602366768307,93.86970520019531,1805000,0.0,0.0
2024-04-09 00:00:00-04:00,94.46713964941392,96.40648314703789,94.4395671751309,95.20243835449219,1684400,0.0,0.0
2024-04-10 00:00:00-04:00,93.23551393788378,93.44690756312554,91.85683424998051,92.64727783203125,1020000,0.0,0.0
2024-04-11 00:00:00-04:00,93.4469077275642,93.4469077275642,90.72631398012693,91.8568344116211,1233400,0.0,0.0
2024-04-12 00:00:00-04:00,91.64544728222239,91.64544728222239,89.83477990005834,90.01860809326172,1018500,0.0,0.0
2024-04-15 00:00:00-04:00,90.55168870157442,90.78146867464335,88.20793718366843,88.80536651611328,540800,0.0,0.0
2024-04-16 00:00:00-04:00,88.19874593759981,88.35499463972273,87.08661168526216,87.36235046386719,606700,0.0,0.0
2024-04-17 00:00:00-04:00,87.56454535278691,88.41932709698882,87.16932353531016,87.61050415039062,843000,0.0,0.0
2024-04-18 00:00:00-04:00,87.80351831953247,88.29065071900872,87.20608901340333,87.58293151855469,562500,0.0,0.0
2024-04-19 00:00:00-04:00,87.96896110448924,89.08109529544768,87.91381615674308,88.5020523071289,668400,0.0,0.0
2024-04-22 00:00:00-04:00,88.60315592800666,90.248381319286,88.22631341939758,90.1380844116211,537300,0.0,0.0
2024-04-23 00:00:00-04:00,90.4138199895461,91.13073233329271,90.0829362905357,90.62521362304688,820100,0.0,0.0
2024-04-24 00:00:00-04:00,89.87155311672474,91.38810252996835,89.2649375588248,90.86420440673828,1088900,0.0,0.0
2024-04-25 00:00:00-04:00,90.26676177978516,90.93772237171115,89.41198001840641,90.26676177978516,596300,0.0,0.0
2024-04-26 00:00:00-04:00,90.71712566780455,92.10499859370653,90.5424976660779,91.5627212524414,873100,0.0,0.0
2024-04-29 00:00:00-04:00,92.30721142786949,92.95059255008307,91.55353339370716,92.16934204101562,646600,0.0,0.0
2024-04-30 00:00:00-04:00,91.8016876803547,92.41750330645212,91.3145552840198,91.61786651611328,950800,0.0,0.0
2024-05-01 00:00:00-04:00,90.84580035883734,91.97632083177116,90.07374306987008,90.57926177978516,1258500,0.0,0.0
2024-05-02 00:00:00-04:00,91.30536166111372,93.08845639703006,90.2483794535703,92.39911651611328,1173500,0.0,0.0
2024-05-03 00:00:00-04:00,93.7777899614234,96.83846050949722,92.61051092711882,96.58110809326172,2124800,0.0,0.0
2024-05-06 00:00:00-04:00,98.04251312607857,99.42119290683752,96.63626087167694,97.4083251953125,1675200,0.0,0.0
2024-05-07 00:00:00-04:00,98.35500175506301,98.53882289143048,96.80168720714848,97.41749572753906,844200,0.0,0.0
2024-05-08 00:00:00-04:00,97.3072285316143,97.48185654816871,95.27597434829104,95.74472045898438,823000,0.0,0.0
2024-05-09 00:00:00-04:00,96.14912800765225,98.29067893973372,95.97449299231961,98.1895751953125,767200,0.0,0.0
2024-05-10 00:00:00-04:00,98.69510043160858,98.7778248758036,97.74840797894228,98.01495361328125,629900,0.0,0.0
2024-05-13 00:00:00-04:00,98.400967738454,98.97082456318242,97.4634685879167,98.10684967041016,684800,0.0,0.0
2024-05-14 00:00:00-04:00,98.63074197488545,99.01677761430845,97.78515345486832,98.26309967041016,606500,0.0,0.0
2024-05-15 00:00:00-04:00,99.8256175971746,99.8256175971746,98.72267647020821,99.2741470336914,842300,0.0,0.0
2024-05-16 00:00:00-04:00,99.39362457688111,99.63259771229386,97.90464782714844,97.90464782714844,774900,0.0,0.0
2024-05-17 00:00:00-04:00,98.39178736186193,98.50207726114446,97.58295736803909,97.88626861572266,833800,0.0,0.0
2024-05-20 00:00:00-04:00,97.78515685191695,97.996557495429,96.85684387251415,97.03147888183594,1269500,0.0,0.0
2024-05-21 00:00:00-04:00,96.92117725757073,97.63809657086315,96.87522547631733,97.35316467285156,895500,0.0,0.0
2024-05-22 00:00:00-04:00,97.1601533575914,98.1160387924586,96.69140029545908,96.83846282958984,901000,0.0,0.0
2024-05-23 00:00:00-04:00,96.54434856053543,96.67302477678327,95.38625560197688,95.59765625,674000,0.0,0.0
2024-05-24 00:00:00-04:00,95.78148125017366,96.17670307657804,94.99103759736492,95.22081756591797,573200,0.0,0.0
2024-05-28 00:00:00-04:00,95.53331961299666,95.85501015857002,93.18036802467164,93.29985809326172,794600,0.0,0.0
2024-05-29 00:00:00-04:00,91.96712721636297,91.99469968907181,90.39543316100914,91.36051177978516,987200,0.0,0.0
2024-05-30 00:00:00-04:00,92.07743032643944,92.92301893737437,91.96713341584123,92.84030151367188,779000,0.0,0.0
2024-05-31 00:00:00-04:00,93.56641332759442,94.47634011087555,92.51861714991827,94.34766387939453,1447500,0.0,0.0
2024-06-03 00:00:00-04:00,95.22081798155571,96.83847093068209,94.27412562895735,95.25758361816406,1042500,0.0,0.0
2024-06-04 00:00:00-04:00,95.36788085760419,98.18957861301168,95.23920463519433,97.77597045898438,1005700,0.0,0.0
2024-06-05 00:00:00-04:00,97.63810029276263,98.77780689127174,96.63625605559636,98.56640625,816800,0.0,0.0
2024-06-06 00:00:00-04:00,98.13442464189691,98.64913653332297,97.52780917900682,98.32744598388672,470300,0.0,0.0
2024-06-07 00:00:00-04:00,97.04067424528532,98.16200157038374,97.04067424528532,98.06089782714844,407200,0.0,0.0
2024-06-10 00:00:00-04:00,97.89545526358181,100.07376477739426,97.71162708979674,98.83295440673828,859100,0.0,0.0
2024-06-11 00:00:00-04:00,98.24472199054199,98.76862003406768,97.57376841475495,97.61052703857422,617000,0.0,0.0
2024-06-12 00:00:00-04:00,99.48552774490574,100.16568146325868,98.64913235182426,98.71347045898438,718700,0.0,0.0
2024-06-13 00:00:00-04:00,98.59399186287361,99.4671600042773,98.05171446977673,98.33663940429688,750800,0.0,0.0
2024-06-14 00:00:00-04:00,98.11604655710157,99.57744379095729,97.54618971073928,99.30171203613281,441500,0.0,0.0
2024-06-17 00:00:00-04:00,98.68589966951157,100.23002128001981,97.69324856011458,99.72450256347656,652400,0.0,0.0
2024-06-18 00:00:00-04:00,100.12891214185554,100.89177623799854,99.66935224696886,100.75391387939453,745800,0.0,0.0
2024-06-20 00:00:00-04:00,100.40465695755762,100.7814994863974,99.66936523730172,100.5241470336914,782800,0.0,0.0
2024-06-21 00:00:00-04:00,101.56274467788862,102.20612577589425,99.77964990294723,100.82744598388672,1255600,0.0,0.0
2024-06-24 00:00:00-04:00,100.90098167590571,102.87709086681589,100.61605675035413,102.11421966552734,609500,0.0,0.0
2024-06-25 00:00:00-04:00,101.99472643253084,102.04987137718321,100.73552976845636,101.02964782714844,572600,0.0,0.0
2024-06-26 00:00:00-04:00,99.85318034825815,101.08480459866712,99.66935918244332,99.88994598388672,734500,0.0,0.0
2024-06-27 00:00:00-04:00,99.97266464498229,100.89178451011428,99.59582914668877,100.86421203613281,491000,0.0,0.0
2024-06-28 00:00:00-04:00,101.1611235957952,102.11678566112171,100.60442800304631,101.2353515625,1338800,1.03,0.0
2024-07-01 00:00:00-04:00,100.91986946208908,101.62502087099259,100.00132153285425,101.30956268310547,591500,0.0,0.0
2024-07-02 00:00:00-04:00,101.90337567588212,102.20028042480492,100.7064764158837,101.06832885742188,479300,0.0,0.0
2024-07-03 00:00:00-04:00,101.13328140613645,101.13328140613645,99.68587157048373,99.74153900146484,494000,0.0,0.0
2024-07-05 00:00:00-04:00,100.04772512924778,100.59514041662788,99.59308417534417,99.94566345214844,508700,0.0,0.0
2024-07-08 00:00:00-04:00,100.07556251150541,100.52091613810256,99.63948207133485,100.23329162597656,403800,0.0,0.0
2024-07-09 00:00:00-04:00,99.99206066159744,100.63226450428897,99.17557424156682,100.2147445678711,868900,0.0,0.0
2024-07-10 00:00:00-04:00,100.79926553329219,101.22606570009381,99.9363849346718,101.11473083496094,576600,0.0,0.0
2024-07-11 00:00:00-04:00,102.79408637650705,103.62913316616023,101.04049165761903,101.30956268310547,723100,0.0,0.0
2024-07-12 00:00:00-04:00,102.00545507099395,102.14462366594567,100.46525655168584,100.80855560302734,742900,0.0,0.0
2024-07-15 00:00:00-04:00,101.43018509459017,102.58997041952776,100.9198767201105,101.40235137939453,709700,0.0,0.0
2024-07-16 00:00:00-04:00,102.03326605448875,103.43428858789437,101.0590436342942,103.20233154296875,596400,0.0,0.0
2024-07-17 00:00:00-04:00,103.06315776790993,105.07654325544566,103.06315776790993,104.8074722290039,726700,0.0,0.0
2024-07-18 00:00:00-04:00,104.45491996166362,107.31263305024032,104.35285827430239,104.8167724609375,903900,0.0,0.0
2024-07-19 00:00:00-04:00,105.35490619894519,105.35490619894519,103.98171720155882,104.51985931396484,550900,0.0,0.0
2024-07-22 00:00:00-04:00,104.87242348048126,105.92087390855495,104.40850936647132,105.28067016601562,766300,0.0,0.0
2024-07-23 00:00:00-04:00,105.02089414547767,105.7353188667397,104.45491828059004,104.8446044921875,459800,0.0,0.0
2024-07-24 00:00:00-04:00,105.03943836981817,106.18067026496988,104.0837763772921,104.9188232421875,845100,0.0,0.0
2024-07-25 00:00:00-04:00,104.91881923978353,106.17138594996018,101.6899738449501,102.90543365478516,783600,0.0,0.0
2024-07-26 00:00:00-04:00,103.38791137171025,105.29923547141895,103.0353391537234,104.8538818359375,756300,0.0,0.0
2024-07-29 00:00:00-04:00,105.00232815632006,105.54047027508862,103.96316497940778,105.25284576416016,800700,0.0,0.0
2024-07-30 00:00:00-04:00,105.5590353796258,106.04151011825546,102.99823405773859,103.72193908691406,1150700,0.0,0.0
2024-07-31 00:00:00-04:00,103.71264288143274,104.13016985016706,102.5343040932652,102.7569808959961,1849000,0.0,0.0
2024-08-01 00:00:00-04:00,104.26006427968598,107.6095248695711,104.1023280953877,106.76519775390625,1985300,0.0,0.0
2024-08-02 00:00:00-04:00,107.59096296772383,112.53628923670007,107.5816827031734,109.66929626464844,2342900,0.0,0.0
2024-08-05 00:00:00-04:00,108.19406517604462,109.98477418654983,106.33840846376019,106.66314697265625,1284200,0.0,0.0
2024-08-06 00:00:00-04:00,106.60746383828476,109.3816682325864,106.47756845385375,108.76002502441406,861300,0.0,0.0
2024-08-07 00:00:00-04:00,108.64868762585407,111.46928638040004,108.3796165815081,109.39095306396484,960000,0.0,0.0
2024-08-08 00:00:00-04:00,109.48374298002902,110.41157131036825,108.95488111488639,110.21672821044922,634700,0.0,0.0
2024-08-09 00:00:00-04:00,110.34661021707873,110.99608713797859,109.27032608671036,110.71774291992188,458800,0.0,0.0
2024-08-12 00:00:00-04:00,111.96103340262879,112.16515675054892,110.57857129003486,110.91259002685547,1079900,0.0,0.0
2024-08-13 00:00:00-04:00,111.62701770915876,112.23938776961457,110.73630341294232,110.94970703125,827100,0.0,0.0
2024-08-14 00:00:00-04:00,111.01465705798125,111.6641340338251,110.50434866355528,111.1723861694336,574400,0.0,0.0
2024-08-15 00:00:00-04:00,111.01464473693513,111.95175319416252,110.00330832534436,111.16309356689453,821000,0.0,0.0
2024-08-16 00:00:00-04:00,111.10743276739517,111.627014321394,110.16105106850189,111.00537109375,464100,0.0,0.0
2024-08-19 00:00:00-04:00,111.39505196923925,111.8589660714983,110.04970390419494,110.7919692993164,517500,0.0,0.0
2024-08-20 00:00:00-04:00,111.11671705309817,111.53423694856131,110.19816195705042,111.2002182006836,531700,0.0,0.0
2024-08-21 00:00:00-04:00,111.3393994093581,111.76619959097509,110.5693001978723,111.55280303955078,531100,0.0,0.0
2024-08-22 00:00:00-04:00,112.04454565830589,112.5362935166637,111.47856983825724,112.25794219970703,556400,0.0,0.0
2024-08-23 00:00:00-04:00,112.74969087754226,114.63318825560481,112.40639894007107,113.75174713134766,817900,0.0,0.0
2024-08-26 00:00:00-04:00,115.08781099541058,115.45894369186693,113.71462214215232,114.03936767578125,749000,0.0,0.0
2024-08-27 00:00:00-04:00,113.27854361131743,115.31048967167403,112.76824233924778,114.97647094726562,633000,0.0,0.0
2024-08-28 00:00:00-04:00,115.06925543336197,116.30326869386005,115.05070198318377,115.72801971435547,714200,0.0,0.0
2024-08-29 00:00:00-04:00,115.55173296518456,115.9785331176052,114.41978134935387,115.00431060791016,651000,0.0,0.0
2024-08-30 00:00:00-04:00,115.56101791333374,116.20121462852659,114.55896164768211,116.16410064697266,938900,0.0,0.0
2024-09-03 00:00:00-04:00,115.90430668291373,118.0475948166969,115.85791951631693,117.46305847167969,733100,0.0,0.0
2024-09-04 00:00:00-04:00,117.50944933093113,117.9733634561391,115.65379283009926,116.36821746826172,980000,0.0,0.0
2024-09-05 00:00:00-04:00,117.29604559486098,117.42594098348067,114.29916431329097,115.17131805419922,1154400,0.0,0.0
2024-09-06 00:00:00-04:00,115.37544920688164,115.44967717076239,112.02598843352177,113.352783203125,2652900,0.0,0.0
2024-09-09 00:00:00-04:00,113.18577597250368,113.98370890244905,112.3414558733284,112.56413269042969,2291600,0.0,0.0
2024-09-10 00:00:00-04:00,113.1301040297862,114.49401275287178,112.85175271042534,114.28060913085938,1849400,0.0,0.0
2024-09-11 00:00:00-04:00,112.82390994005836,114.03008945546796,112.57339943575168,113.6867904663086,1708700,0.0,0.0
2024-09-12 00:00:00-04:00,113.66825239948719,114.55896676022789,113.3806207992998,114.21566772460938,1195800,0.0,0.0
2024-09-13 00:00:00-04:00,114.7074021587736,116.64656685112081,114.61462075101575,116.53522491455078,1131000,0.0,0.0
2024-09-16 00:00:00-04:00,117.29605165861244,117.36099935627983,115.32906019853255,115.91358947753906,1916000,0.0,0.0
2024-09-17 00:00:00-04:00,115.78369307527807,116.0898781096622,114.49401231940709,115.04142761230469,1140300,0.0,0.0
2024-09-18 00:00:00-04:00,115.14349103050618,117.28677922481683,114.77235829341086,116.21049499511719,1922600,0.0,0.0
2024-09-19 00:00:00-04:00,116.81358629141008,118.18676823370151,115.83936372900968,117.51873779296875,1676600,0.0,0.0
2024-09-20 00:00:00-04:00,116.89709059282741,117.15688139546509,115.62597029724043,116.17338562011719,1551700,0.0,0.0
2024-09-23 00:00:00-04:00,117.19398516024339,118.09397970431552,116.7764652750895,117.72284698486328,1311300,0.0,0.0
2024-09-24 00:00:00-04:00,117.10121105129343,118.47440007525425,116.61874344106131,117.37956237792969,911300,0.0,0.0
2024-09-25 00:00:00-04:00,117.71358209011399,118.10326828754079,116.64657810107255,117.05482482910156,680000,0.0,0.0
2024-09-26 00:00:00-04:00,116.98059031861087,117.37955675901472,115.21771518476208,115.39400482177734,845800,0.0,0.0
2024-09-27 00:00:00-04:00,116.26616297572633,116.45173288453212,114.67029715383762,114.7816390991211,636300,0.0,0.0
2024-09-30 00:00:00-04:00,114.36062013173503,116.09151244076523,114.05186440067433,115.57691955566406,1141200,1.03,0.0
2024-10-01 00:00:00-04:00,116.24120034909146,116.24120034909146,113.79923633528169,114.706787109375,759800,0.0,0.0
2024-10-02 00:00:00-04:00,113.6308337703293,114.49160798659746,112.96654566845984,114.44482421875,778700,0.0,0.0
2024-10-03 00:00:00-04:00,114.45417837907088,114.83777813678087,112.59229298480359,113.00396728515625,463000,0.0,0.0
2024-10-04 00:00:00-04:00,112.44259100973467,113.4624113801151,111.62860063893372,113.07881164550781,710000,0.0,0.0
2024-10-07 00:00:00-04:00,112.36773397488633,112.36773397488633,111.39469028051197,111.94670867919922,541200,0.0,0.0
2024-10-08 00:00:00-04:00,112.60164703091257,112.77005858958175,110.68363403639165,112.26482391357422,653100,0.0,0.0
2024-10-09 00:00:00-04:00,112.48937825275777,112.76070124655084,111.8905760433308,112.4613037109375,730100,0.0,0.0
2024-10-10 00:00:00-04:00,112.14320105932701,112.92911694226946,110.65556436918513,111.14208984375,767300,0.0,0.0
2024-10-11 00:00:00-04:00,111.67538483778748,112.04027535138316,110.88946186667363,111.62860107421875,766000,0.0,0.0
2024-10-14 00:00:00-04:00,111.16078575219697,112.49871993968677,110.79589525908155,111.94670867919922,566000,0.0,0.0
2024-10-15 00:00:00-04:00,112.39580708134613,113.4343438108365,111.92799800097029,111.96542358398438,1093900,0.0,0.0
2024-10-16 00:00:00-04:00,112.02156263389291,113.75245475893152,112.02156263389291,113.06945037841797,1106900,0.0,0.0
2024-10-17 00:00:00-04:00,112.73263079535955,112.77005637857451,111.46018951885151,111.62860107421875,679900,0.0,0.0
2024-10-18 00:00:00-04:00,112.1712558715773,113.27528553905798,111.86250017871073,112.9665298461914,682700,0.0,0.0
2024-10-21 00:00:00-04:00,112.5080850936932,112.5080850936932,110.12225590170695,110.46843719482422,1161000,0.0,0.0
2024-10-22 00:00:00-04:00,110.27195982635186,112.09641243134519,109.65444839807704,111.5631103515625,678100,0.0,0.0
2024-10-23 00:00:00-04:00,111.89993893747415,113.8928103368397,111.89993893747415,112.8636245727539,1503600,0.0,0.0
2024-10-24 00:00:00-04:00,113.30336005764175,113.80859473092316,112.56422083959305,112.60164642333984,684900,0.0,0.0
2024-10-25 00:00:00-04:00,113.4249980645423,113.4249980645423,110.49650851621044,110.67427825927734,474600,0.0,0.0
2024-10-28 00:00:00-04:00,111.4134084146689,112.25546615765442,110.59005989343866,111.05786895751953,547700,0.0,0.0
2024-10-29 00:00:00-04:00,110.67428095477987,111.25436682541027,109.52346739448745,109.86029052734375,824900,0.0,0.0
2024-10-30 00:00:00-04:00,109.77607841081551,110.7958987601587,109.47668089063954,109.80414581298828,666800,0.0,0.0
2024-10-31 00:00:00-04:00,108.87789588170735,109.98192567748806,108.11068921943264,108.33523559570312,1843100,0.0,0.0
2024-11-01 00:00:00-04:00,102.72151448735926,107.06278200307618,102.20692166489721,106.40785217285156,2430500,0.0,0.0
2024-11-04 00:00:00-05:00,106.7259685534218,108.52235379712916,106.6604755644804,108.447509765625,979200,0.0,0.0
2024-11-05 00:00:00-05:00,107.82063826785169,110.40294647216797,107.63351748504338,110.40294647216797,662100,0.0,0.0
2024-11-06 00:00:00-05:00,111.67538293728043,111.90928747474321,107.0347177706031,109.87899780273438,1471700,0.0,0.0
2024-11-07 00:00:00-05:00,110.21582397733573,111.1888605986647,109.73865670892619,110.9549560546875,633700,0.0,0.0
2024-11-08 00:00:00-05:00,111.6098913740812,114.91262234301591,111.42276345880722,113.90215301513672,1111500,0.0,0.0
2024-11-11 00:00:00-05:00,113.68696567226681,115.21202071742646,113.68696567226681,114.0986328125,756400,0.0,0.0
2024-11-12 00:00:00-05:00,113.82729905109282,114.94067971243415,112.96652499237081,113.02266693115234,1106600,0.0,0.0
2024-11-13 00:00:00-05:00,113.2004359377137,115.79210216408202,113.2004359377137,115.34300231933594,923700,0.0,0.0
2024-11-14 00:00:00-05:00,115.0436104417665,115.25880576376052,112.49872785258621,112.60164642333984,877900,0.0,0.0
2024-11-15 00:00:00-05:00,112.0215644046822,113.0694521657718,111.14208105816769,112.0589828491211,864400,0.0,0.0
2024-11-18 00:00:00-05:00,111.31050519442856,112.44260242898763,111.31050519442856,112.17127227783203,749600,0.0,0.0
2024-11-19 00:00:00-05:00,111.78765833142864,113.78988057680995,111.05787018729349,113.48112487792969,746600,0.0,0.0
2024-11-20 00:00:00-05:00,112.74199141376683,113.64954219630505,112.2461149172955,112.79812622070312,537600,0.0,0.0
2024-11-21 00:00:00-05:00,112.82620325164477,114.58517015987778,112.6297242724019,114.13607025146484,477500,0.0,0.0
2024-11-22 00:00:00-05:00,114.47287969428945,115.39913966789184,114.3699611263114,114.98747253417969,452800,0.0,0.0
2024-11-25 00:00:00-05:00,116.01664651165139,116.5780159542291,115.49270265033881,115.9417953491211,941600,0.0,0.0
2024-11-26 00:00:00-05:00,115.9417966411372,118.03758638614175,115.6423991258794,117.66333770751953,881500,0.0,0.0
2024-11-27 00:00:00-05:00,118.36505943987534,119.43166360744033,118.28085009075161,118.85157775878906,581300,0.0,0.0
2024-11-29 00:00:00-05:00,118.8515892657863,119.10421019941545,117.52301301800662,117.7007827758789,428800,0.0,0.0
2024-12-02 00:00:00-05:00,116.96162395938698,117.04582616441226,115.41785262345857,115.96986389160156,651200,0.0,0.0
2024-12-03 00:00:00-05:00,116.10084387576079,116.23183697382775,114.64128195826594,114.71613311767578,494400,0.0,0.0
2024-12-04 00:00:00-05:00,114.72549754780636,114.80034157309453,113.73373747708982,114.27639770507812,505100,0.0,0.0
2024-12-05 00:00:00-05:00,113.65889431286935,114.07991961882934,112.50808086467224,113.6495361328125,562800,0.0,0.0
2024-12-06 00:00:00-05:00,114.04249881418002,114.34189634474255,113.04138765215531,114.0518569946289,493000,0.0,0.0
2024-12-09 00:00:00-05:00,113.69630685833525,115.03424100906052,113.25657235327408,114.86582946777344,643200,0.0,0.0
2024-12-10 00:00:00-05:00,115.29623974314292,115.35237455375062,113.50920546465645,114.0799331665039,668400,0.0,0.0
2024-12-11 00:00:00-05:00,114.66936373816638,115.08103802834556,112.36774383418351,112.7045669555664,1169100,0.0,0.0
2024-12-12 00:00:00-05:00,112.723282719552,114.39803299874211,112.1993316789548,113.16301727294922,760500,0.0,0.0
2024-12-13 00:00:00-05:00,112.81684204924488,113.22850919516816,111.82508192278372,112.43323516845703,611500,0.0,0.0
2024-12-16 00:00:00-05:00,112.18998235358856,114.22027214464978,111.93736144092355,112.61100769042969,445900,0.0,0.0
2024-12-17 00:00:00-05:00,111.49761630988264,112.48001824986696,110.49650514718824,110.9549560546875,1042100,0.0,0.0
2024-12-18 00:00:00-05:00,110.71901559243095,112.38013321257822,106.91543953780199,106.98150634765625,694000,1.03,0.0
2024-12-19 00:00:00-05:00,106.96263096054449,108.59542802732592,106.09432227758893,106.19813537597656,696000,0.0,0.0
2024-12-20 00:00:00-05:00,106.72666558414323,109.12395797807082,106.72666558414323,108.45384979248047,1757100,0.0,0.0
2024-12-23 00:00:00-05:00,107.89700851268377,108.92577135077842,107.46285416291413,108.7747573852539,507400,0.0,0.0
2024-12-24 00:00:00-05:00,108.7653153054665,109.96396523339168,108.53880156189295,109.88845825195312,225300,0.0,0.0
2024-12-26 00:00:00-05:00,109.22779838279565,110.13386062598978,109.22779838279565,109.86015319824219,295900,0.0,0.0
2024-12-27 00:00:00-05:00,109.40710250055105,110.1338445441475,108.45385393015901,108.75587463378906,301600,0.0,0.0
2024-12-30 00:00:00-05:00,107.90644992949365,108.54824488888602,106.83993358772473,108.32172393798828,359100,0.0,0.0
2024-12-31 00:00:00-05:00,109.22778232286656,109.6053028014664,108.15182591648401,109.5203628540039,502800,0.0,0.0
2025-01-02 00:00:00-05:00,109.16172075801731,109.63362857965686,107.83093724463765,108.23677825927734,547400,0.0,0.0
2025-01-03 00:00:00-05:00,108.11408798281403,110.61519375012666,107.84038057416163,110.49250030517578,540500,0.0,0.0
2025-01-06 00:00:00-05:00,110.23766743828908,110.44530082633347,106.63229205327481,107.08531951904297,862000,0.0,0.0
2025-01-07 00:00:00-05:00,107.66104574825391,108.53879454872106,103.82915669711899,104.11229705810547,1619700,0.0,0.0
2025-01-08 00:00:00-05:00,104.03678888670974,104.93341075859027,102.89476576044278,104.80127716064453,882100,0.0,0.0
2025-01-10 00:00:00-05:00,103.20623657514679,104.62196000471188,102.36624124966417,103.02691650390625,1106900,0.0,0.0
2025-01-13 00:00:00-05:00,102.80039927486247,105.5374661107951,102.80039927486247,105.38645935058594,537800,0.0,0.0
2025-01-14 00:00:00-05:00,105.38646052938215,106.67004320811442,105.38646052938215,106.19813537597656,491300,0.0,0.0
2025-01-15 00:00:00-05:00,109.10507630955141,109.10507630955141,105.49026101925111,105.55632781982422,642900,0.0,0.0
2025-01-16 00:00:00-05:00,105.89610994832177,106.37745793193227,104.58420680930286,106.32083129882812,973000,0.0,0.0
2025-01-17 00:00:00-05:00,106.24531492081621,106.56621594841211,105.45251332453421,106.27362823486328,1064900,0.0,0.0
2025-01-21 00:00:00-05:00,106.6606029597575,107.68935850728145,105.49970660356671,106.43408203125,861400,0.0,0.0
2025-01-22 00:00:00-05:00,105.54689356326169,105.79228041912083,104.3954374523771,104.7446517944336,1066500,0.0,0.0
2025-01-23 00:00:00-05:00,104.57477014770495,104.71633672547017,102.6871389695929,103.82915496826172,914700,0.0,0.0
2025-01-24 00:00:00-05:00,103.77252437941151,105.42420171187617,103.36668337540482,104.42375946044922,543100,0.0,0.0
2025-01-27 00:00:00-05:00,105.08443090183596,107.93475819419163,104.99005077708567,107.57611083984375,662600,0.0,0.0
2025-01-28 00:00:00-05:00,107.67992174792795,108.19902322461661,105.99993107899635,106.26419830322266,660600,0.0,0.0
2025-01-29 00:00:00-05:00,106.6511661906747,106.80218014783172,103.9707332578138,104.36713409423828,756200,0.0,0.0
2025-01-30 00:00:00-05:00,105.83949295614144,107.73656454609394,105.21657833302925,106.83993530273438,1101200,0.0,0.0
2025-01-31 00:00:00-05:00,106.8210526748171,108.34059640640504,106.69835923589238,107.32127380371094,916800,0.0,0.0
2025-02-03 00:00:00-05:00,106.83992220509883,107.70823802287939,105.15993160234112,107.1230697631836,762600,0.0,0.0
2025-02-04 00:00:00-05:00,106.42465433757418,108.33115877557232,105.38645856635769,107.84037780761719,886600,0.0,0.0
2025-02-05 00:00:00-05:00,108.75588008119524,110.14328303250187,107.91587753138506,109.73744201660156,708900,0.0,0.0
2025-02-06 00:00:00-05:00,110.41698893236135,111.37024473827806,109.74688069675396,111.08709716796875,1192300,0.0,0.0
2025-02-07 00:00:00-05:00,111.08709549125405,114.31495038124089,110.69069465939764,112.46507263183594,1580700,0.0,0.0
2025-02-10 00:00:00-05:00,112.21022699585994,113.06910257847053,110.67181028505472,112.63494110107422,854500,0.0,0.0
2025-02-11 00:00:00-05:00,111.65339062301847,113.3711347617999,111.52125701240001,113.09742736816406,1571900,0.0,0.0
2025-02-12 00:00:00-05:00,110.28485510758287,112.42732062363842,110.1338483509191,111.74777221679688,1147300,0.0,0.0
2025-02-13 00:00:00-05:00,111.8704641833096,113.52214151678635,111.52125701270636,112.46507263183594,817700,0.0,0.0
2025-02-14 00:00:00-05:00,113.05022751250411,113.98460290803453,112.33292566506334,112.38011932373047,604300,0.0,0.0
2025-02-18 00:00:00-05:00,112.28574136858839,113.19180346665635,112.01203398468118,112.66326904296875,936300,0.0,0.0
2025-02-19 00:00:00-05:00,112.39899321924298,113.00304181111275,110.95495654355351,112.21967315673828,1012600,0.0,0.0
2025-02-20 00:00:00-05:00,112.26685600809998,114.67358852408715,111.63450132219441,114.05066680908203,835500,0.0,0.0
2025-02-21 00:00:00-05:00,114.05068237206086,114.27720331792273,111.57788991937683,113.15406036376953,805400,0.0,0.0
2025-02-24 00:00:00-05:00,113.32393851249076,114.65472196142382,112.82371739789603,114.37157440185547,936300,0.0,0.0
2025-02-25 00:00:00-05:00,114.65472361859814,115.9477463974866,114.46595617591035,115.18325805664062,1155000,0.0,0.0
2025-02-26 00:00:00-05:00,115.39090352525916,115.57022360247228,113.97518004854088,114.29607391357422,669500,0.0,0.0
2025-02-27 00:00:00-05:00,114.02236479970631,117.09920579247935,113.76753774604727,116.30640411376953,1140000,0.0,0.0
2025-02-28 00:00:00-05:00,118.02415013585481,118.26953702078437,115.74955095869983,117.08976745605469,1539700,0.0,0.0
2025-03-03 00:00:00-05:00,116.90100250464971,118.93020751452572,116.61785494020499,118.4771728515625,1130000,0.0,0.0
2025-03-04 00:00:00-05:00,118.9773937841069,119.43986861867492,116.11763363091315,116.31583404541016,866200,0.0,0.0
2025-03-05 00:00:00-05:00,114.83403455823361,117.60885453882524,114.69246078765914,117.42952728271484,1589000,0.0,0.0
2025-03-06 00:00:00-05:00,116.43853351984215,117.13695504976732,114.03180085219594,114.97561645507812,694500,0.0,0.0
2025-03-07 00:00:00-05:00,115.46640354713801,116.55179298838188,114.1356272206155,114.6641616821289,731200,0.0,0.0
2025-03-10 00:00:00-04:00,115.8911223925988,117.59942638339035,114.78685983062002,115.17382049560547,1451300,0.0,0.0
2025-03-11 00:00:00-04:00,115.34369620374258,115.44751648913385,112.7387632988417,113.71089935302734,939000,0.0,0.0
2025-03-12 00:00:00-04:00,113.77697726479822,114.2394449080547,111.25698405597049,111.74777221679688,797000,0.0,0.0
2025-03-13 00:00:00-04:00,112.01203992872995,112.50282089094924,109.58643403310106,110.19047546386719,898000,0.0,0.0
2025-03-14 00:00:00-04:00,110.67182343164555,112.01203990583764,109.84126106395547,111.45518493652344,1018400,0.0,0.0
2025-03-17 00:00:00-04:00,110.96439627371912,113.67314955180909,110.96439627371912,113.38056182861328,705900,0.0,0.0
2025-03-18 00:00:00-04:00,113.17293091681819,113.87135243760282,112.24798846977245,112.87090301513672,632600,0.0,0.0
2025-03-19 00:00:00-04:00,112.94641799561542,113.99405395141414,111.84215540460875,113.10686492919922,1051000,0.0,0.0
2025-03-20 00:00:00-04:00,113.26732310738726,113.880804746763,112.11586681210343,113.3050765991211,789200,0.0,0.0
2025-03-21 00:00:00-04:00,112.81427350083865,113.0974210510581,110.81338910852443,112.51225280761719,1697200,0.0,0.0
2025-03-24 00:00:00-04:00,113.12573711185246,115.03224143395089,112.76708978017813,114.7962875366211,717700,0.0,0.0
2025-03-25 00:00:00-04:00,116.0893203017094,116.19314059511173,113.56933434528932,114.41876983642578,745600,0.0,0.0
2025-03-26 00:00:00-04:00,114.9189824803751,115.4192035658223,114.25830728012657,115.34369659423828,971400,0.0,0.0
2025-03-27 00:00:00-04:00,115.65516272812884,116.8726856976904,114.98505452641507,115.08887481689453,643700,0.0,0.0
2025-03-28 00:00:00-04:00,116.61784465697447,116.61784465697447,113.89021834959331,115.42864227294922,1151100,0.0,0.0
2025-03-31 00:00:00-04:00,116.18071878323128,118.3512521740574,115.64760735758233,116.42823791503906,1480300,1.05,0.0
2025-04-01 00:00:00-04:00,116.42824296684536,116.5805574108832,114.50522136128893,116.06648254394531,1350900,0.0,0.0
2025-04-02 00:00:00-04:00,116.09504706853586,117.22791621903995,115.42865772300354,116.90424346923828,844500,0.0,0.0
2025-04-03 00:00:00-04:00,115.69520340501678,117.38974239045217,112.97251472175594,113.18195343017578,1079800,0.0,0.0
2025-04-04 00:00:00-04:00,111.98244480495258,111.98244480495258,104.97580635083868,105.12812805175781,1960400,0.0,0.0
2025-04-07 00:00:00-04:00,103.30031789341677,106.7179545687411,100.04451032535226,102.8624038696289,1920500,0.0,0.0
2025-04-08 00:00:00-04:00,105.3661221545799,105.79451421535818,100.42529788898577,101.41536712646484,1749000,0.0,0.0
2025-04-09 00:00:00-04:00,99.95882066538074,107.33673361925408,97.43604897692059,106.34666442871094,2350300,0.0,0.0
2025-04-10 00:00:00-04:00,105.40420385575358,106.83218709311346,100.75849374182647,102.87191009521484,1832100,0.0,0.0
2025-04-11 00:00:00-04:00,101.68192359285392,103.15750916986012,99.95882615194985,102.74815368652344,1358700,0.0,0.0
2025-04-14 00:00:00-04:00,103.70967186188861,106.34667788789326,103.47167463970737,105.84212493896484,1094400,0.0,0.0
2025-04-15 00:00:00-04:00,106.44186644446235,107.13682147101993,105.50892147867616,105.99443054199219,979000,0.0,0.0
2025-04-16 00:00:00-04:00,106.06107728551943,107.08921968499004,104.41413344104718,104.90916442871094,851100,0.0,0.0
2025-04-17 00:00:00-04:00,105.39469045866893,108.03170378428965,105.39469045866893,106.88931274414062,581700,0.0,0.0
2025-04-21 00:00:00-04:00,105.76596106426946,106.8321912039077,104.26181691989551,105.48988342285156,785100,0.0,0.0
2025-04-22 00:00:00-04:00,107.06066946065603,108.78376702354721,106.61323352125143,107.72706604003906,862500,0.0,0.0
2025-04-23 00:00:00-04:00,108.61240723045955,110.440231389876,107.97457642754118,108.55529022216797,815300,0.0,0.0
2025-04-24 00:00:00-04:00,108.94560958674374,109.76432060335434,108.00313536753698,108.54576873779297,684700,0.0,0.0
2025-04-25 00:00:00-04:00,108.60288661798941,109.17407845889102,107.84129265472171,108.52672576904297,950800,0.0,0.0
2025-04-28 00:00:00-04:00,108.22210064905607,109.2121699968144,107.40338959731552,108.73617553710938,960100,0.0,0.0
2025-04-29 00:00:00-04:00,108.23161984022822,108.64097535576666,106.97499478884728,107.57474517822266,1243700,0.0,0.0
2025-04-30 00:00:00-04:00,107.68897393503092,108.7647186469772,105.99442779734045,108.3363265991211,1061900,0.0,0.0
2025-05-01 00:00:00-04:00,108.63145373319104,110.32599280955648,107.54618697050533,109.31688690185547,1089500,0.0,0.0
2025-05-02 00:00:00-04:00,112.62980561225945,115.45721383691348,111.82061649141983,115.06690216064453,1793700,0.0,0.0
2025-05-05 00:00:00-04:00,114.75273441114177,115.50480645822594,113.181951389414,113.48658752441406,975300,0.0,0.0
2025-05-06 00:00:00-04:00,113.22955030355594,113.97210040616433,112.52507336145729,113.27714538574219,753500,0.0,0.0
2025-05-07 00:00:00-04:00,113.22955030355594,114.3814558810764,112.97250925997726,113.27714538574219,931400,0.0,0.0
2025-05-08 00:00:00-04:00,113.65795487300173,113.85787167163129,111.59214069073055,111.84917449951172,1418700,0.0,0.0
2025-05-09 00:00:00-04:00,111.69684912971388,112.82971087784381,111.44933000476105,112.31564331054688,763500,0.0,0.0
2025-05-12 00:00:00-04:00,113.34380170164003,113.49612341944233,112.2394982999705,113.23908233642578,562500,0.0,0.0
2025-05-13 00:00:00-04:00,113.02012310614853,113.23907648530181,110.82103107647595,111.6016616821289,949900,0.0,0.0
2025-05-14 00:00:00-04:00,111.12566359950169,111.40173397930259,109.47871966443847,110.18318939208984,684500,0.0,0.0
2025-05-15 00:00:00-04:00,110.90669587851681,112.46795693902061,110.90669587851681,112.32515716552734,796100,0.0,0.0
2025-05-16 00:00:00-04:00,112.78212549221195,114.13394797924265,112.1157289082103,113.88642883300781,1922100,0.0,0.0
2025-05-19 00:00:00-04:00,112.56316517118763,113.99114851698673,112.13477307268747,113.34379577636719,692900,0.0,0.0
2025-05-20 00:00:00-04:00,112.28708492415896,113.60083422031298,112.28708492415896,113.12483978271484,574900,0.0,0.0
2025-05-21 00:00:00-04:00,112.48699621442326,112.76306656537476,109.78334433886567,109.98326110839844,522900,0.0,0.0
2025-05-22 00:00:00-04:00,110.06895164896014,110.06895164896014,108.24112756694213,108.90752410888672,1234400,0.0,0.0
2025-05-23 00:00:00-04:00,108.73617109395167,108.96464639160642,106.52755718169234,107.60330200195312,1289400,0.0,0.0
2025-05-27 00:00:00-04:00,108.75519625302039,109.84998480323883,107.59376877868942,109.55487060546875,801400,0.0,0.0
2025-05-28 00:00:00-04:00,109.85950945137243,110.50686212871743,108.95511572957231,110.0403823852539,631300,0.0,0.0
2025-05-29 00:00:00-04:00,109.96423411565235,111.7730143835761,109.86903668325604,111.2970199584961,790100,0.0,0.0
2025-05-30 00:00:00-04:00,110.82103200128807,112.17285450426837,110.20223775994953,111.84917449951172,1314400,0.0,0.0
2025-06-02 00:00:00-04:00,110.92574118980386,112.3061294247578,110.15463252058395,112.1728515625,528600,0.0,0.0
2025-06-03 00:00:00-04:00,111.62069543650703,112.67740366731631,110.0499123423501,112.04908752441406,1774300,0.0,0.0
2025-06-04 00:00:00-04:00,112.17284981658207,112.58220531945923,111.0019003157153,111.93485260009766,662100,0.0,0.0
2025-06-05 00:00:00-04:00,111.9443673427676,111.9443673427676,109.88807516762076,110.18318939208984,674100,0.0,0.0
2025-06-06 00:00:00-04:00,110.99237377122775,111.55405095555183,109.20263739251209,110.26886749267578,595100,0.0,0.0
2025-06-09 00:00:00-04:00,110.15463289120538,112.68692680882101,109.69768229424088,111.89677429199219,1409200,0.0,0.0
2025-06-10 00:00:00-04:00,112.59172179282572,113.28667687192113,111.68733526085241,112.43940734863281,1003000,0.0,0.0
2025-06-11 00:00:00-04:00,112.69644787667266,112.80116724091077,111.17326702834453,111.78253936767578,767800,0.0,0.0
2025-06-12 00:00:00-04:00,111.84916625478473,112.89635252126708,111.4207741840278,112.80115509033203,594500,0.0,0.0
2025-06-13 00:00:00-04:00,111.94436995824286,112.59172269321175,109.55488307656107,110.54495239257812,696900,0.0,0.0
2025-06-16 00:00:00-04:00,110.97334236083769,111.83965571941414,110.30695305662401,110.5830307006836,470200,0.0,0.0
2025-06-17 00:00:00-04:00,110.47831003543186,110.72582190943776,109.7928768945878,110.33551025390625,635900,0.0,0.0
2025-06-18 00:00:00-04:00,110.13558576335106,111.24941090778482,109.67862794704338,110.0689468383789,759100,0.0,0.0
2025-06-20 00:00:00-04:00,110.07846280899163,110.78293975349231,109.43111013164663,110.0403823852539,1585800,0.0,0.0
2025-06-23 00:00:00-04:00,110.4116745587798,111.85869447451644,109.14552759307345,110.67823028564453,857700,0.0,0.0
2025-06-24 00:00:00-04:00,110.82101587188569,111.24940791187048,109.49774480347722,109.98326110839844,941200,0.0,0.0
2025-06-25 00:00:00-04:00,109.1550390838308,109.66910664331328,107.42241249859717,107.63185119628906,1629900,0.0,0.0
2025-06-26 00:00:00-04:00,107.98410511291783,108.92657212424847,107.15587212532473,108.84089660644531,954200,0.0,0.0
2025-06-27 00:00:00-04:00,108.81232311634064,109.63103406818068,107.89840747369739,108.29824829101562,1151200,0.0,0.0
2025-06-30 00:00:00-04:00,108.30786202858386,108.9708560705808,106.47262062626353,108.27903747558594,2825500,1.05,0.0
2025-07-01 00:00:00-04:00,108.06765166115716,109.83562606448957,106.82814452086453,108.54808044433594,1693900,0.0,0.0
2025-07-02 00:00:00-04:00,108.46159266730106,109.20145705234569,107.1644365000053,108.96124267578125,1025200,0.0,0.0
2025-07-03 00:00:00-04:00,108.90358319866061,110.16231148161772,108.58650580183033,109.54736328125,610700,0.0,0.0
2025-07-07 00:00:00-04:00,109.21107361537531,111.00787255804188,108.38473552862331,108.92281341552734,880300,0.0,0.0
2025-07-08 00:00:00-04:00,108.19255552773564,109.72032279994707,107.92351659445592,108.87476348876953,947000,0.0,0.0
2025-07-09 00:00:00-04:00,109.06693846156699,109.82601677728223,108.48081479159399,108.58650970458984,713600,0.0,0.0
2025-07-10 00:00:00-04:00,108.43276292084983,110.01817919638214,108.317464717309,108.9708480834961,866500,0.0,0.0
2025-07-11 00:00:00-04:00,107.8466518094223,109.75876365550938,107.52957438209762,109.30715942382812,599400,0.0,0.0
2025-07-14 00:00:00-04:00,109.30715442753802,110.56587544325521,109.1822382572227,109.63384246826172,753300,0.0,0.0
2025-07-15 00:00:00-04:00,109.72993174371983,109.72993174371983,107.76017812040921,108.07726287841797,587100,0.0,0.0
2025-07-16 00:00:00-04:00,108.18294554850604,109.80679711651578,108.08686126186737,109.63384246826172,595900,0.0,0.0
2025-07-17 00:00:00-04:00,109.9605343194893,110.47939824764067,109.20145601705087,109.681884765625,619300,0.0,0.0
2025-07-18 00:00:00-04:00,109.68189460199417,110.44097297250742,109.09577088970877,109.47050476074219,654900,0.0,0.0
2025-07-21 00:00:00-04:00,109.6914972301404,111.02708858708186,108.70180783366484,108.80750274658203,693100,0.0,0.0
2025-07-22 00:00:00-04:00,108.97085192139996,111.29612529767006,108.76906539657536,111.16160583496094,525200,0.0,0.0
2025-07-23 00:00:00-04:00,111.20004127051831,111.37299591307992,110.07583242848736,110.69078063964844,841700,0.0,0.0
2025-07-24 00:00:00-04:00,110.7196220398909,110.7196220398909,109.10538101414184,109.1534194946289,874800,0.0,0.0
2025-07-25 00:00:00-04:00,109.3071539883687,110.22957633176391,108.19255574170711,109.09576416015625,804700,0.0,0.0
2025-07-28 00:00:00-04:00,109.04771897123894,109.11497870507404,107.77938732551895,107.83704376220703,712700,0.0,0.0
2025-07-29 00:00:00-04:00,108.4712050859726,110.34487432180744,107.80821104986437,110.22957611083984,962300,0.0,0.0
2025-07-30 00:00:00-04:00,109.79718390210094,109.91248944180775,106.90500808937476,107.7313461303711,1162400,0.0,0.0
2025-07-31 00:00:00-04:00,106.96265683492285,107.86586523269291,104.38755843619968,104.9256362915039,1855900,0.0,0.0
2025-08-01 00:00:00-04:00,106.09788682791307,106.2420169237347,102.30250251225686,102.76371002197266,2037600,0.0,0.0
2025-08-04 00:00:00-04:00,102.95588615892609,103.49396403172884,101.49537860308837,101.62989807128906,847800,0.0,0.0
2025-08-05 00:00:00-04:00,102.07189840415714,103.74378844992303,101.40890436412879,103.45552825927734,1549800,0.0,0.0
2025-08-06 00:00:00-04:00,103.63808918489087,104.08969337692314,102.02384831271215,102.30249786376953,1020700,0.0,0.0
2025-08-07 00:00:00-04:00,102.6772411763514,103.23454032991475,101.99503317695967,102.7829360961914,753600,0.0,0.0
2025-08-08 00:00:00-04:00,102.95588135292883,103.05196563562106,101.15907521046461,101.38967895507812,646300,0.0,0.0
2025-08-11 00:00:00-04:00,101.37046670629113,101.51459679809207,99.9387910774599,99.97722625732422,782700,0.0,0.0
2025-08-12 00:00:00-04:00,99.94839713453467,100.81317037846101,99.33344890124509,100.74591064453125,786900,0.0,0.0
2025-08-13 00:00:00-04:00,100.97651847200164,102.96550067863427,100.25587529479091,102.81175994873047,1113400,0.0,0.0
2025-08-14 00:00:00-04:00,101.81247570374438,102.30251515780692,101.16870283769408,101.87012481689453,892700,0.0,0.0
2025-08-15 00:00:00-04:00,102.18719736042658,103.0423599799427,101.67794403990139,102.63880157470703,789500,0.0,0.0
2025-08-18 00:00:00-04:00,102.89822972201065,103.1192301802039,101.62029477410417,101.62989807128906,1086800,0.0,0.0
2025-08-19 00:00:00-04:00,102.30249913663154,104.08008404441438,102.27367458457056,104.0416488647461,988500,0.0,0.0
2025-08-20 00:00:00-04:00,104.69504437634573,105.16586255294919,103.77262194981655,104.185791015625,877500,0.0,0.0
2025-08-21 00:00:00-04:00,103.7149613118903,104.541299351666,103.25374648450536,103.79182434082031,577700,0.0,0.0
2025-08-22 00:00:00-04:00,104.65659998121234,105.69432786876102,104.29147676037609,105.15625,864800,0.0,0.0
2025-08-25 00:00:00-04:00,105.10820132920597,105.36763695940907,104.11851927721561,104.60855865478516,581600,0.0,0.0
2025-08-26 00:00:00-04:00,105.21389647442315,105.68471459781435,104.59894825957232,104.9256362915039,1549900,0.0,0.0
2025-08-27 00:00:00-04:00,105.22351060393903,106.53988073386921,104.94486103937977,106.23240661621094,705300,0.0,0.0
2025-08-28 00:00:00-04:00,106.37653280879859,106.50144164456435,105.33880495074764,106.40535736083984,604200,0.0,0.0
2025-08-29 00:00:00-04:00,106.37653153198286,107.80820713534845,105.74236940240408,107.5968246459961,714400,0.0,0.0
2025-09-02 00:00:00-04:00,106.71284060344492,107.0683605475005,104.12813869538975,104.32991790771484,890500,0.0,0.0
2025-09-03 00:00:00-04:00,103.7245676989695,105.2331137317335,103.7245676989695,105.12742614746094,774700,0.0,0.0
2025-09-04 00:00:00-04:00,105.6078648709373,106.15555342285957,104.89682495171324,106.02102661132812,644200,0.0,0.0
2025-09-05 00:00:00-04:00,106.65518932421898,107.87547520176287,106.42458556207711,107.0010986328125,995300,0.0,0.0
2025-09-08 00:00:00-04:00,105.69432856443434,106.65518609683829,105.69432856443434,106.57831573486328,651200,0.0,0.0
2025-09-09 00:00:00-04:00,105.55980637212963,107.4238722827301,105.55980637212963,107.2605209350586,1062100,0.0,0.0
2025-09-10 00:00:00-04:00,107.05875156739422,107.86587575988297,104.40678988106674,104.58934783935547,1091600,0.0,0.0
2025-09-11 00:00:00-04:00,104.58933451271754,106.64556891931852,104.58933451271754,106.42457580566406,607400,0.0,0.0
2025-09-12 00:00:00-04:00,106.38614748019668,106.45340721443652,104.964075102433,105.2235107421875,514800,0.0,0.0
2025-09-15 00:00:00-04:00,105.53097909697671,105.60784945498452,103.90712760517555,104.12812805175781,756900,0.0,0.0
2025-09-16 00:00:00-04:00,104.29147894450603,104.68542672645316,102.7156731551949,102.92706298828125,935700,0.0,0.0
2025-09-17 00:00:00-04:00,102.2928872362818,104.32990774879045,102.02384831271215,102.30249786376953,1182100,0.0,0.0
2025-09-18 00:00:00-04:00,102.14875644009892,103.53239355832275,102.08149670967197,103.11922454833984,913600,0.0,0.0
2025-09-19 00:00:00-04:00,103.10001967527461,104.57013057706615,102.7252858113184,103.72457122802734,1770800,0.0,0.0
2025-09-22 00:00:00-04:00,103.6380977711805,104.1377404805245,102.75411056885416,103.94557189941406,687200,0.0,0.0
2025-09-23 00:00:00-04:00,104.03203590032194,104.3491206273921,103.15765940748214,103.81104278564453,762400,0.0,0.0
2025-09-24 00:00:00-04:00,103.89751928084615,104.32029892850012,102.83096686481798,103.00392150878906,676900,0.0,0.0
2025-09-25 00:00:00-04:00,103.27297529367861,103.618877276067,101.74520793880629,101.8989486694336,785500,0.0,0.0
2025-09-26 00:00:00-04:00,102.5427210021603,103.42670820682271,101.9950324807106,102.81175994873047,790900,0.0,0.0
2025-09-29 00:00:00-04:00,102.52349440639384,102.59075413953367,101.81246189452114,102.3793716430664,762000,0.0,0.0
2025-09-30 00:00:00-04:00,102.56375843705331,103.66033108022593,101.91357099013324,103.62151336669922,969400,1.05,0.0
2025-10-01 00:00:00-04:00,103.46625244098847,103.94175648678018,101.98150262631947,102.46671295166016,980400,0.0,0.0
2025-10-02 00:00:00-04:00,102.08824094650338,102.37937007883221,101.05959751205856,101.33131408691406,675000,0.0,0.0
2025-10-03 00:00:00-04:00,101.68066644894937,102.18528929296659,101.05959787456004,101.1178207397461,769100,0.0,0.0
2025-10-06 00:00:00-04:00,101.5933359159339,101.86505250183312,99.73982899913022,99.91450500488281,807700,0.0,0.0
2025-10-07 00:00:00-04:00,99.95331965007082,101.0498922391445,99.33225107172731,100.3123779296875,778300,0.0,0.0
2025-10-08 00:00:00-04:00,99.76894573819196,100.48706235765178,99.50693541749105,100.01155090332031,597600,0.0,0.0
2025-10-09 00:00:00-04:00,100.32208330717214,100.66173645485833,98.63355346309132,98.9246826171875,842600,0.0,0.0
2025-10-10 00:00:00-04:00,98.97319298117118,99.47781582936513,97.62430896590584,98.66265869140625,836100,0.0,0.0
2025-10-13 00:00:00-04:00,98.55591778931694,99.25462183442964,98.4006543369152,98.79852294921875,1112500,0.0,0.0
2025-10-14 00:00:00-04:00,98.68207453013241,99.40018371089204,97.64372477010852,99.10905456542969,1478300,0.0,0.0
2025-10-15 00:00:00-04:00,99.04111681425846,100.40941331384766,98.23567340206765,98.69176483154297,927000,0.0,0.0
2025-10-16 00:00:00-04:00,99.07023254320569,99.65249080880398,98.4006473837219,98.83733367919922,871700,0.0,0.0
2025-10-17 00:00:00-04:00,98.95378211055798,99.96302034491998,98.69176442274613,99.37106323242188,898000,0.0,0.0
2025-10-20 00:00:00-04:00,99.50692256196676,100.37059624594596,99.47781113050786,100.0406494140625,541400,0.0,0.0
2025-10-21 00:00:00-04:00,100.37059952822247,101.21486808674503,99.76893611141912,100.36089324951172,546500,0.0,0.0
2025-10-22 00:00:00-04:00,100.6908439423694,101.85534570566092,99.86598790972775,101.3119125366211,705800,0.0,0.0
2025-10-23 00:00:00-04:00,101.36043432315323,102.0494395025942,100.24445649431334,101.87476348876953,1249400,0.0,0.0
2025-10-24 00:00:00-04:00,102.37937237807638,102.82576496161003,101.88445580349104,101.95238494873047,1804300,0.0,0.0
2025-10-27 00:00:00-04:00,101.69037997836888,101.82623827597082,100.45794161676594,101.07901763916016,838600,0.0,0.0
2025-10-28 00:00:00-04:00,100.46763955185858,100.7102446922441,98.11922356981981,98.42005157470703,1164400,0.0,0.0
2025-10-29 00:00:00-04:00,97.69224556216192,97.81840498569429,94.29577326965477,94.69364929199219,2364500,0.0,0.0
2025-10-30 00:00:00-04:00,95.12062422186774,96.64418427200354,94.50926190748821,96.41128540039062,2434900,0.0,0.0
2025-10-31 00:00:00-04:00,96.32395135060791,97.55638226164365,95.8581462024482,96.53744506835938,1067400,0.0,0.0
2025-11-03 00:00:00-05:00,95.40204931536091,97.09058653426277,94.98476815028357,97.03235626220703,1300500,0.0,0.0
2025-11-04 00:00:00-05:00,95.99400368602409,98.46857917006064,95.97459853172003,98.40065002441406,2318700,0.0,0.0
2025-11-05 00:00:00-05:00,98.49769323584712,99.13817440082234,97.79898920268208,98.8082275390625,1960400,0.0,0.0
2025-11-06 00:00:00-05:00,98.24538276263544,98.87615765451366,96.31424777697548,96.35306549072266,2260800,0.0,0.0
2025-11-07 00:00:00-05:00,96.5568513582841,99.3031434803426,96.4986284904751,98.7694091796875,2274300,0.0,0.0
2025-11-10 00:00:00-05:00,98.30360213575548,99.42928609472627,98.05129072623473,99.37106323242188,1295400,0.0,0.0
2025-11-11 00:00:00-05:00,99.85627809633368,100.85581009846379,98.79851582549485,100.61320495605469,1415500,0.0,0.0
2025-11-12 00:00:00-05:00,100.01153957382998,100.57438527006086,99.20609614367474,99.6524887084961,1402200,0.0,0.0
2025-11-13 00:00:00-05:00,99.21579773092995,99.88539029832836,98.55591144234465,98.75,1031100,0.0,0.0
2025-11-14 00:00:00-05:00,99.07994199663638,99.76893973570144,98.26479224463432,99.62338256835938,1363800,0.0,0.0
2025-11-17 00:00:00-05:00,100.04065405594646,100.71024662545467,98.76940546511453,99.12846374511719,1294000,0.0,0.0
2025-11-18 00:00:00-05:00,99.17698602759664,99.5360443282199,98.46858310947314,99.01201629638672,1160700,0.0,0.0
2025-11-19 00:00:00-05:00,99.25461406421574,99.61367233810118,98.5947277847936,99.13816833496094,1057400,0.0,0.0
2025-11-20 00:00:00-05:00,99.7398338040159,101.2342825021771,99.71072236894166,100.69084930419922,1492500,0.0,0.0
2025-11-21 00:00:00-05:00,100.8072892433479,102.67050242181938,100.71024866411081,102.11736297607422,1600000,0.0,0.0
2025-11-24 00:00:00-05:00,101.87476193064211,102.13677224551077,101.00138187487673,101.54481506347656,8295900,0.0,0.0
2025-11-25 00:00:00-05:00,101.63215393853838,103.77678260231932,101.41866021933203,103.03926086425781,1141600,0.0,0.0
2025-11-26 00:00:00-05:00,102.6316817199211,103.81559600180466,102.6316817199211,102.89369201660156,830400,0.0,0.0
2025-11-28 00:00:00-05:00,102.8257618946281,103.66032417051814,102.55404532177484,103.19451904296875,382300,0.0,0.0
2025-12-01 00:00:00-05:00,102.83547148649677,103.80589208007893,102.58316005912337,102.92280578613281,626100,0.0,0.0
2025-12-02 00:00:00-05:00,103.05866703927134,103.40801905530049,102.350264131678,102.86458587646484,920300,0.0,0.0
2025-12-03 00:00:00-05:00,102.99073864426208,103.61180725424592,102.19499402498766,102.4375991821289,939500,0.0,0.0
2025-12-04 00:00:00-05:00,102.37936968251981,103.28186110477998,101.31190854098189,101.41865539550781,928500,0.0,0.0
2025-12-05 00:00:00-05:00,100.92374226071422,101.90386913840359,100.39971424899083,100.80728912353516,764300,0.0,0.0
2025-12-08 00:00:00-05:00,100.47734469574688,100.81699040770646,99.43899500277257,99.6524887084961,1264000,0.0,0.0
2025-12-09 00:00:00-05:00,100.05035699350293,100.7199495406494,98.58501989334059,98.68206787109375,1031700,0.0,0.0
2025-12-10 00:00:00-05:00,98.80822676582397,100.70054400440252,98.80822676582397,100.07947540283203,1050000,0.0,0.0
2025-12-11 00:00:00-05:00,100.34149397695603,101.41866146162123,99.91450653331309,101.08871459960938,867200,0.0,0.0
2025-12-12 00:00:00-05:00,101.50598536490054,102.13676018646377,100.63260541225308,101.14693450927734,979900,0.0,0.0
2025-12-15 00:00:00-05:00,101.65156023485267,101.89416539054443,100.34149387486144,101.55451965332031,2086700,0.0,0.0
2025-12-16 00:00:00-05:00,101.86505053500039,102.55404826557627,100.90433622377168,102.29203796386719,1827200,0.0,0.0
2025-12-17 00:00:00-05:00,102.45867243761084,105.91872211575911,102.45867243761084,105.6540756225586,2204700,1.05,0.0
2025-12-18 00:00:00-05:00,106.01673970331416,106.63425313312197,105.5364440019174,105.97753143310547,2830000,0.0,0.0
2025-12-19 00:00:00-05:00,105.54625003635249,105.95792566440485,104.86012398959855,105.1541748046875,3025200,0.0,0.0
2025-12-22 00:00:00-05:00,104.98754992585866,106.61465211396688,104.39944079134018,106.3696060180664,1499100,0.0,0.0
2025-12-23 00:00:00-05:00,106.62445590130673,106.62445590130673,104.9385375673753,105.66387939453125,1051500,0.0,0.0
2025-12-24 00:00:00-05:00,106.06574267133422,107.016522643023,105.63445918441244,106.41860961914062,405700,0.0,0.0
2025-12-26 00:00:00-05:00,106.14416020494993,107.10473664436851,105.8795062525091,107.09494018554688,701700,0.0,0.0
2025-12-29 00:00:00-05:00,107.48701544094217,108.01630838956733,106.908702807129,107.81047058105469,914700,0.0,0.0
2025-12-30 00:00:00-05:00,107.830078639355,108.66323381186656,107.20276127570773,108.52600860595703,927700,0.0,0.0
2025-12-31 00:00:00-05:00,108.51620268532486,108.66323182560119,107.85948100073166,107.89868927001953,763500,0.0,0.0
2026-01-02 00:00:00-05:00,107.44781105384031,108.50640446755779,106.69306491714025,107.98690795898438,1081800,0.0,0.0
2026-01-05 00:00:00-05:00,107.81047381878678,108.72204555712612,106.84009341288137,106.9381103515625,1433900,0.0,0.0
2026-01-06 00:00:00-05:00,105.98732812630982,108.40838460000516,105.98732812630982,108.12413024902344,1121500,0.0,0.0
2026-01-07 00:00:00-05:00,108.69264420180282,109.12392771767377,106.01674505923737,106.08535766601562,2212700,0.0,0.0
2026-01-08 00:00:00-05:00,105.75208694912868,109.36896952613915,105.27179872049408,109.16313171386719,1607800,0.0,0.0
2026-01-09 00:00:00-05:00,109.01611031340195,109.39838163166696,106.2617945386686,106.6440658569336,2005000,0.0,0.0
2026-01-12 00:00:00-05:00,106.849902609804,107.04593649681586,104.54647078545426,105.252197265625,1334000,0.0,0.0
2026-01-13 00:00:00-05:00,105.43843013869592,106.01674279336392,103.59568625445486,105.46783447265625,2239000,0.0,0.0
2026-01-14 00:00:00-05:00,105.5266455988689,106.77147637265595,105.10516604965669,105.70307159423828,1571800,0.0,0.0
2026-01-15 00:00:00-05:00,106.52643504111732,106.77148112766037,105.37962115086705,106.20297241210938,1180300,0.0,0.0
2026-01-16 00:00:00-05:00,105.232591052916,107.9575023141511,104.95814063498054,107.33018493652344,802900,0.0,0.0
2026-01-20 00:00:00-05:00,106.44801848974309,106.7322728474948,104.71309548757736,105.12477111816406,1077800,0.0,0.0
2026-01-21 00:00:00-05:00,105.36981560197457,106.54603380810677,105.18357818602199,106.28138732910156,784500,0.0,0.0
2026-01-22 00:00:00-05:00,105.18358076099369,107.01652819733103,104.21320034326834,104.3602294921875,1153100,0.0,0.0
2026-01-23 00:00:00-05:00,104.01716055102,105.74227953375922,104.01716055102,105.7226791381836,711900,0.0,0.0
2026-01-26 00:00:00-05:00,105.91871724310013,106.17356726505265,104.99734904993998,105.87950897216797,1044800,0.0,0.0
2026-01-27 00:00:00-05:00,105.74228795303698,107.06554284523882,105.72268755590075,106.76168060302734,1233100,0.0,0.0
2026-01-28 00:00:00-05:00,107.2027652843577,107.2517700150362,104.50725831600667,105.09536743164062,1014900,0.0,0.0
2026-01-29 00:00:00-05:00,105.83050682308759,106.8596959168571,104.74250158237896,106.84009552001953,2103600,0.0,0.0
2026-01-30 00:00:00-05:00,106.00693933661289,107.37919892728425,105.1345758601731,106.88910675048828,1470800,0.0,0.0
2026-02-02 00:00:00-05:00,106.80088445933946,107.2027636270412,105.13457407776828,105.17378234863281,1607900,0.0,0.0
2026-02-03 00:00:00-05:00,105.00714549192321,106.11475858049062,104.06616942434363,104.80130767822266,1247400,0.0,0.0
2026-02-04 00:00:00-05:00,105.45803037701934,108.02611606008962,104.67388738580564,106.55583953857422,1561100,0.0,0.0
2026-02-05 00:00:00-05:00,106.75188735413792,106.75188735413792,102.77233357659885,104.458251953125,1910600,0.0,0.0
2026-02-06 00:00:00-05:00,105.00714385840604,106.93810817173713,102.99777048265616,104.51705169677734,2418900,0.0,0.0
2026-02-09 00:00:00-05:00,104.60526915920185,105.98732512648506,104.0661648056653,105.74227905273438,1817800,0.0,0.0
2026-02-10 00:00:00-05:00,105.71287580385177,108.55541178413534,105.33060452313983,108.22215270996094,936100,0.0,0.0
2026-02-11 00:00:00-05:00,108.47700321124394,110.27074241598177,107.33018928488892,108.56522369384766,1122700,0.0,0.0
2026-02-12 00:00:00-05:00,109.6630249862607,109.6630249862607,103.87994316669813,105.3502197265625,1786900,0.0,0.0
2026-02-13 00:00:00-05:00,105.83050892910559,107.18316068421169,105.42862974291259,106.37940979003906,1388700,0.0,0.0
2026-02-17 00:00:00-05:00,107.2713769040644,107.46741078140315,105.00714598627266,106.22257995605469,1127800,0.0,0.0
2026-02-18 00:00:00-05:00,106.42841355608324,106.95771397779285,105.85990486481595,106.41860961914062,611300,0.0,0.0
2026-02-19 00:00:00-05:00,105.66387051761878,106.93810562052631,104.99734489457647,106.4382095336914,696500,0.0,0.0
2026-02-20 00:00:00-05:00,106.67346517275116,106.99692780474307,104.99735082272016,105.07575988769531,1080500,0.0,0.0
2026-02-23 00:00:00-05:00,105.7324911898923,107.43800990795197,105.27180333727419,106.05594635009766,1209500,0.0,0.0
2026-02-24 00:00:00-05:00,105.79129613723242,106.84009308212106,105.75208786623874,106.59504699707031,1069800,0.0,0.0
2026-02-25 00:00:00-05:00,106.59504505716998,107.69285419037519,105.62466467192847,106.68325805664062,821300,0.0,0.0
2026-02-26 00:00:00-05:00,107.10473910159389,108.70244435528977,107.05573437172295,108.0555191040039,729400,0.0,0.0
2026-02-27 00:00:00-05:00,107.33018607300953,107.82027824685888,105.59526306799656,106.19316864013672,1098700,0.0,0.0
2026-03-02 00:00:00-05:00,106.11475539524643,107.31058144884199,105.88930971374366,107.11454010009766,1412700,0.0,0.0
2026-03-03 00:00:00-05:00,106.04615020751953,106.64406327612357,104.67389058321167,106.04615020751953,873400,0.0,0.0
2026-03-04 00:00:00-05:00,105.50704178118801,106.72246826914,104.88952833901685,106.59504699707031,610600,0.0,0.0
2026-03-05 00:00:00-05:00,105.64426924473653,106.79108315247291,105.60506097290624,106.48722839355469,637100,0.0,0.0
2026-03-06 00:00:00-05:00,105.49723814691198,105.78149250377288,103.54667339820506,104.41903686523438,914100,0.0,0.0
2026-03-09 00:00:00-04:00,103.19380544526179,103.81132636148831,101.06680723611333,103.02717590332031,1045000,0.0,0.0
2026-03-10 00:00:00-04:00,102.44886388478105,102.82133871988613,100.6551322267514,101.55690002441406,864800,0.0,0.0
2026-03-11 00:00:00-04:00,100.74334373723515,100.83156421516485,98.68495815016833,99.82196807861328,815300,0.0,0.0
2026-03-12 00:00:00-04:00,99.4396988894048,100.90017894894964,99.10643980137749,99.72395324707031,1171200,0.0,0.0
2026-03-13 00:00:00-04:00,101.12561781504003,101.71372693067866,98.40070651261767,98.61634826660156,721900,0.0,0.0
2026-03-16 00:00:00-04:00,99.47890421065419,99.91999164010876,98.74376597310946,98.78297424316406,960200,0.0,0.0
2026-03-17 00:00:00-04:00,98.89080416237731,100.2924681626428,98.89080416237731,99.79257202148438,827900,0.0,0.0
2026-03-18 00:00:00-04:00,99.05742594825325,99.36128817558924,98.1164498892997,98.36149597167969,803000,0.0,0.0
2026-03-19 00:00:00-04:00,99.61613715338926,99.61613715338926,96.98924268141742,97.70478057861328,982600,0.0,0.0
2026-03-20 00:00:00-04:00,97.27349185375562,97.87140489969575,94.79362666889558,95.43074798583984,2117700,0.0,0.0
2026-03-23 00:00:00-04:00,97.03824856776872,97.70477421059505,96.04826030161206,96.20509338378906,2538000,0.0,0.0
2026-03-24 00:00:00-04:00,95.50916081419308,96.79319985724594,95.04847299557368,95.9698486328125,927200,0.0,0.0
2026-03-25 00:00:00-04:00,96.66578268373569,96.66578268373569,95.20530262706927,95.41114044189453,810700,0.0,0.0
2026-03-26 00:00:00-04:00,95.21510737169906,96.60696735701168,95.21510737169906,95.73460388183594,1021900,0.0,0.0
2026-03-27 00:00:00-04:00,95.13669033994985,96.03846562275652,94.61719383248209,95.0386734008789,1366200,0.0,0.0
2026-03-30 00:00:00-04:00,95.96984993958168,96.85200984114003,95.02886641568381,95.90122985839844,1361300,0.0,0.0
2026-03-31 00:00:00-04:00,97.26871441278679,97.77407818812112,96.1588812502512,96.77325439453125,1695100,1.06,0.0
2026-04-01 00:00:00-04:00,97.41734614364125,98.06144567789971,96.66425236093033,97.3777084350586,1475700,0.0,0.0
2026-04-02 00:00:00-04:00,96.62461043231302,100.02346630360402,96.51560862850127,99.84510040283203,1414500,0.0,0.0
2026-04-06 00:00:00-04:00,99.84509840766002,101.08374837156964,99.44872890718506,100.1720962524414,1169300,0.0,0.0
2026-04-07 00:00:00-04:00,100.16219686148915,101.15311687580514,99.54782373097012,99.91446685791016,1377600,0.0,0.0
2026-04-08 00:00:00-04:00,100.96483801002894,101.777392106134,100.56846849873192,101.34138488769531,1298700,0.0,0.0
2026-04-09 00:00:00-04:00,100.89547474469258,101.29184425925864,99.58746063870836,99.92436981201172,1277800,0.0,0.0
2026-04-10 00:00:00-04:00,100.04328329915272,101.41075019126544,99.81537593052713,101.0242919921875,928800,0.0,0.0
2026-04-13 00:00:00-04:00,100.69729531573489,100.69729531573489,98.82445707973723,99.90455627441406,838900,0.0,0.0
2026-04-14 00:00:00-04:00,100.26128448138807,101.20265544399804,99.13163630220829,100.8558349609375,1053900,0.0,0.0
2026-04-15 00:00:00-04:00,100.75674404542437,101.00447404085861,99.5478204580861,100.45946502685547,951100,0.0,0.0
2026-04-16 00:00:00-04:00,100.2711941401038,101.01438411728188,98.78481418574766,99.2703628540039,1380100,0.0,0.0
2026-04-17 00:00:00-04:00,99.60727383195953,102.90703920525723,99.60727383195953,102.46112823486328,1372000,0.0,0.0
2026-04-20 00:00:00-04:00,102.0350367235178,103.99705414972753,101.64857851653348,103.80878448486328,945000,0.0,0.0
2026-04-21 00:00:00-04:00,103.58086570338486,103.74932028783888,101.46029752225901,101.54948425292969,946800,0.0,0.0
2026-04-22 00:00:00-04:00,101.91611877107565,102.06475828059556,100.16219372707528,100.55856323242188,1110200,0.0,0.0
2026-04-23 00:00:00-04:00,99.80546662093278,102.00531029692523,99.80546662093278,101.49993896484375,737900,0.0,0.0
2026-04-24 00:00:00-04:00,101.5098480647773,101.98548543507219,100.36037722634522,100.82611083984375,859300,0.0,0.0
2026-04-27 00:00:00-04:00,100.83602581151062,101.46030271769415,100.18201495350124,100.67747497558594,1049200,0.0,0.0
2026-04-28 00:00:00-04:00,101.49993494010793,105.19606983151839,100.98465987144577,104.96815490722656,1455300,0.0,0.0
2026-04-29 00:00:00-04:00,104.58169684512679,105.92934863882739,104.06641421570737,104.36369323730469,1544600,0.0,0.0
2026-04-30 00:00:00-04:00,105.0870678181831,105.51316371569847,103.53132373843991,104.06641387939453,1396300,0.0,0.0
2026-05-01 00:00:00-04:00,105.0969764032564,105.34470641179519,101.86658253519695,103.50159454345703,1792000,0.0,0.0
2026-05-04 00:00:00-04:00,102.98631710721018,105.07715893647988,102.58994759054926,103.4322280883789,834800,0.0,0.0
2026-05-05 00:00:00-04:00,103.46195864347762,104.79969910319721,102.74849504892865,103.779052734375,900000,0.0,0.0
2026-05-06 00:00:00-04:00,104.12587477558016,104.91860623464468,103.60068838842149,103.85832214355469,1501100,0.0,0.0
2026-05-07 00:00:00-04:00,103.13495709336203,104.11596579249837,102.96650250504847,103.12504577636719,2001100,0.0,0.0
2026-05-08 00:00:00-04:00,103.11513412942995,103.561052671334,102.14403675039571,102.82776641845703,1084900,0.0,0.0
2026-05-11 00:00:00-04:00,103.69977823297523,104.49250968712579,103.18449560566381,103.96732330322266,1047600,0.0,0.0
2026-05-12 00:00:00-04:00,104.42314519413594,104.52224324063332,103.05567833783462,104.2745132446289,756000,0.0,0.0
2026-05-13 00:00:00-04:00,103.65023495575821,104.58170221514683,103.08541083381658,104.39342498779297,710600,0.0,0.0
2026-05-14 00:00:00-04:00,103.74932103095159,104.02678498159916,102.39176546870848,103.04576873779297,1385800,0.0,0.0
2026-05-15 00:00:00-04:00,103.26377088292918,103.68986677951649,101.57920992997627,101.65847778320312,1694300,0.0,0.0
2026-05-18 00:00:00-04:00,102.00530641862797,103.77905411192069,101.84675559101497,103.66014099121094,834400,0.0,0.0
2026-05-19 00:00:00-04:00,103.55114341432044,104.44297295575004,102.75840436413415,104.1060562133789,1354800,0.0,0.0
2026-05-20 00:00:00-04:00,104.36369650492799,106.31581015957606,103.56105370565189,105.32489013671875,1129700,0.0,0.0
2026-05-21 00:00:00-04:00,105.04743511907834,105.59243660273316,103.14486290452285,105.20597839355469,754700,0.0,0.0
2026-05-22 00:00:00-04:00,105.49333984892986,107.01935752079252,104.98796854380377,106.49417114257812,1251800,0.0,0.0
2026-05-26 00:00:00-04:00,107.11845055503288,107.49500499374517,106.03835138321416,106.76171875,855100,0.0,0.0
2026-05-27 00:00:00-04:00,107.02927553856033,108.11928606953143,106.89054733789781,107.1085433959961,1228700,0.0,0.0
2026-05-28 00:00:00-04:00,107.08872596583024,107.81210090490264,106.49417546748182,107.03917694091797,819000,0.0,0.0
2026-05-29 00:00:00-04:00,106.62298779594074,106.92026681248285,105.06724373762522,105.5924301147461,1696400,0.0,0.0
2026-06-01 00:00:00-04:00,105.03752298419792,107.16800255675042,104.78979297715972,105.1167984008789,1007300,0.0,0.0
2026-06-02 00:00:00-04:00,105.28525145255117,105.49334374820774,104.01687504467137,105.13661193847656,1117300,0.0,0.0
2026-06-03 00:00:00-04:00,104.76997244033156,108.35709791673492,104.67087439458739,107.90127563476562,1042600,0.0,0.0
2026-06-04 00:00:00-04:00,109.00119913836409,111.022676829599,107.95082636590539,110.99295043945312,1345700,0.0,0.0
2026-06-05 00:00:00-04:00,110.58667093834723,112.53878455591648,110.14075996057908,111.57759094238281,1606800,0.0,0.0
2026-06-08 00:00:00-04:00,111.6865954312976,112.69733809336753,111.10195624372604,111.9442367553711,1998300,0.0,0.0
2026-06-09 00:00:00-04:00,112.40005918493387,114.4809897336814,111.79559736247161,114.3521728515625,1785100,0.0,0.0
2026-06-10 00:00:00-04:00,113.61889326378457,115.51154657308317,113.25225013428411,114.26298522949219,1030200,0.0,0.0
2026-06-11 00:00:00-04:00,114.26298209197115,115.5313584747061,112.91533029528539,113.40088653564453,1091500,0.0,0.0
2026-06-12 00:00:00-04:00,113.6188952698933,115.10527532799162,113.35134262576844,113.93598937988281,989000,0.0,0.0
2026-06-15 00:00:00-04:00,113.62879598658483,114.43144633736264,112.22169138366431,112.46942138671875,1221300,0.0,0.0
2026-06-16 00:00:00-04:00,112.45951199679934,113.35134153510113,110.54703603804322,111.33977508544922,1308800,0.0,0.0
2026-06-17 00:00:00-04:00,111.17131819642871,111.42895195540717,107.55445865261278,108.35710144042969,1616200,0.0,0.0
2026-06-18 00:00:00-04:00,110.2497587931138,110.2497587931138,107.91118704183631,108.0003662109375,2828900,0.0,0.0
2026-06-22 00:00:00-04:00,108.98138324151554,108.98138324151554,106.98963195547607,107.99046325683594,1182300,0.0,0.0
2026-06-23 00:00:00-04:00,108.76337965324467,109.61557144501954,108.14900654099873,109.49665832519531,936400,0.0,0.0
2026-06-24 00:00:00-04:00,109.53629986509505,110.93349316135775,109.26874722615723,110.24976348876953,876700,0.0,0.0
2026-06-25 00:00:00-04:00,110.47767085059333,112.7964276273465,110.47767085059333,112.55860137939453,938900,0.0,0.0
2026-06-26 00:00:00-04:00,113.27206619034497,115.31336659267114,113.19279833364986,115.25390625,1370400,0.0,0.0
2026-06-29 00:00:00-04:00,114.90708390395746,115.68991162214824,114.33234848147008,115.68000030517578,745600,0.0,0.0
2026-06-30 00:00:00-04:00,114.76000213623047,115.62999725341797,113.87999725341797,114.48999786376953,847000,1.06,0.0
2026-07-01 00:00:00-04:00,114.9000015258789,117.55999755859375,114.9000015258789,115.66000366210938,1147600,0.0,0.0
2026-07-02 00:00:00-04:00,115.97000122070312,117.33000183105469,115.29000091552734,117.25,808400,0.0,0.0
2026-07-06 00:00:00-04:00,116.93000030517578,117.1500015258789,116.12000274658203,116.94999694824219,571900,0.0,0.0
2026-07-07 00:00:00-04:00,118.0,119.80999755859375,117.4800033569336,117.58000183105469,776200,0.0,0.0
2026-07-08 00:00:00-04:00,117.0,117.0,113.87999725341797,113.9800033569336,943800,0.0,0.0
2026-07-09 00:00:00-04:00,114.44000244140625,114.80000305175781,113.0999984741211,113.29000091552734,706700,0.0,0.0
2026-07-10 00:00:00-04:00,113.83000183105469,114.16000366210938,112.55999755859375,112.95999908447266,670500,0.0,0.0
2026-07-13 00:00:00-04:00,113.55000305175781,114.5999984741211,112.76000213623047,114.19000244140625,712700,0.0,0.0
2026-07-14 00:00:00-04:00,114.23999786376953,114.41999816894531,112.79000091552734,112.9800033569336,1234900,0.0,0.0
2026-07-15 00:00:00-04:00,113.6500015258789,113.69999694824219,111.47000122070312,111.87000274658203,1076200,0.0,0.0
2026-07-16 00:00:00-04:00,112.69999694824219,114.86000061035156,112.19000244140625,114.56999969482422,2115800,0.0,0.0
2026-07-17 00:00:00-04:00,115.0,115.63999938964844,111.94000244140625,112.97000122070312,1047100,0.0,0.0
2026-07-20 00:00:00-04:00,113.20999908447266,113.81999969482422,112.48999786376953,112.86000061035156,782900,0.0,0.0
2026-07-21 00:00:00-04:00,112.69000244140625,112.94999694824219,111.87999725341797,112.08999633789062,836900,0.0,0.0
2026-07-22 00:00:00-04:00,112.31999969482422,112.5,111.48999786376953,112.01000213623047,730000,0.0,0.0
2026-07-23 00:00:00-04:00,112.05999755859375,113.83000183105469,112.05999755859375,112.83999633789062,713800,0.0,0.0
2026-07-24 00:00:00-04:00,113.62999725341797,113.91000366210938,112.68000030517578,113.7300033569336,792900,0.0,0.0
2026-07-27 00:00:00-04:00,113.55000305175781,113.91999816894531,112.61000061035156,112.83999633789062,614100,0.0,0.0
2026-07-28 00:00:00-04:00,113.91999816894531,115.75,113.88999938964844,115.04000091552734,1315000,0.0,0.0
2026-07-29 00:00:00-04:00,115.58999633789062,116.83999633789062,115.05000305175781,116.37000274658203,1071400,0.0,0.0
2026-07-30 00:00:00-04:00,115.16999816894531,115.3499984741211,112.6500015258789,113.29000091552734,1806900,0.0,0.0
2026-07-31 00:00:00-04:00,111.66999816894531,113.23999786376953,108.95999908447266,110.80999755859375,1874000,0.0,0.0
2026-08-03 00:00:00-04:00,110.73999786376953,111.91999816894531,109.86000061035156,110.72000122070312,1213100,0.0,0.0
2026-08-04 00:00:00-04:00,109.68000030517578,111.22000122070312,109.2300033569336,111.02999877929688,1067700,0.0,0.0
2026-08-05 00:00:00-04:00,111.51000213623047,111.98999786376953,110.38999938964844,111.91000366210938,507770,0.0,0.0
