Date,Open,High,Low,Close,Volume,Dividends,Stock Splits
2022-01-03 00:00:00-05:00,34.47702616722772,34.9859751700513,33.985624244327596,34.45069885253906,45700,0.0,0.0
2022-01-04 00:00:00-05:00,34.9684280064584,35.67920531616027,34.88945274982486,35.222904205322266,30800,0.0,0.0
2022-01-05 00:00:00-05:00,35.56512308109477,35.83714966210802,35.301873386753726,35.468597412109375,34200,0.0,0.0
2022-01-06 00:00:00-05:00,35.91612908997498,36.37243017545345,35.635328936973124,36.10918045043945,36200,0.0,0.0
2022-01-07 00:00:00-05:00,36.354869766521944,36.41629457391478,35.97754403687967,36.14426803588867,21100,0.0,0.0
2022-01-10 00:00:00-05:00,36.126723843847316,36.21447597483037,35.459824385383705,35.96877670288086,31000,0.0,0.0
2022-01-11 00:00:00-05:00,35.96878037393853,36.22325321125767,35.4949288604722,36.10918045043945,33900,0.0,0.0
2022-01-12 00:00:00-05:00,35.99509911069574,36.284672761903984,35.86347259361839,36.01264953613281,42800,0.0,0.0
2022-01-13 00:00:00-05:00,36.26713405335211,36.56548131242876,36.26713405335211,36.31100845336914,30200,0.0,0.0
2022-01-14 00:00:00-05:00,35.98632156874104,36.53914824403356,35.7669462758759,36.50404739379883,38900,0.0,0.0
2022-01-18 00:00:00-05:00,36.504042415184486,36.635668911912184,35.91611831724274,36.337318420410156,58100,0.0,0.0
2022-01-19 00:00:00-05:00,36.425088667742806,36.43386555798114,35.389639895609065,35.521263122558594,53100,0.0,0.0
2022-01-20 00:00:00-05:00,35.67043053497101,35.79328018603963,34.13480320180944,34.19622802734375,31500,0.0,0.0
2022-01-21 00:00:00-05:00,33.76625116106055,35.205352823057005,33.51177496908748,34.20500183105469,68600,0.0,0.0
2022-01-24 00:00:00-05:00,34.13479959942832,35.59145152497638,33.91542428927107,35.34574890136719,63100,0.0,0.0
2022-01-25 00:00:00-05:00,34.97720127060111,35.547575089499794,34.42437453144552,35.2931022644043,33500,0.0,0.0
2022-01-26 00:00:00-05:00,35.5563567115627,36.13550749485608,34.28397902704481,34.74028015136719,39500,0.0,0.0
2022-01-27 00:00:00-05:00,35.09128166584749,35.10882874773703,33.994404940635235,34.161128997802734,32400,0.0,0.0
2022-01-28 00:00:00-05:00,33.92419972118827,34.468249583454124,33.564424326357376,34.38050079345703,39000,0.0,0.0
2022-01-31 00:00:00-05:00,33.99439810235955,34.75782321226493,33.924196399314646,34.749046325683594,45700,0.0,0.0
2022-02-01 00:00:00-05:00,35.100049456159255,35.100049456159255,34.23132175926262,34.9859733581543,50300,0.0,0.0
2022-02-02 00:00:00-05:00,35.08249561540416,35.08249561540416,34.46824414022195,34.77537155151367,39500,0.0,0.0
2022-02-03 00:00:00-05:00,34.915784256091875,35.310660586636,34.573559218754454,34.65253448486328,39800,0.0,0.0
2022-02-04 00:00:00-05:00,34.819249889988534,35.04739874227726,34.36294883800946,34.9245491027832,34100,0.0,0.0
2022-02-07 00:00:00-05:00,34.96841792308984,35.415945364099834,34.43314505736972,35.17024612426758,34200,0.0,0.0
2022-02-08 00:00:00-05:00,35.41595439598075,36.442629350592135,34.91577890310824,36.34610366821289,54700,0.0,0.0
2022-02-09 00:00:00-05:00,36.707882797537806,36.707882797537806,34.9077871910158,35.00484848022461,49300,0.23,0.0
2022-02-10 00:00:00-05:00,35.03132480707844,35.53429317145095,34.57247582507152,34.828372955322266,42500,0.0,0.0
2022-02-11 00:00:00-05:00,34.68719496387333,35.34899591309897,34.68719496387333,34.88132095336914,34600,0.0,0.0
2022-02-14 00:00:00-05:00,35.1636850080507,35.32251748671854,34.2901097414709,34.528358459472656,33600,0.0,0.0
2022-02-15 00:00:00-05:00,34.99603392613595,35.33134734829665,34.78425614211506,35.2607536315918,47600,0.0,0.0
2022-02-16 00:00:00-05:00,35.040146416419994,35.543114767576796,34.89896237690393,35.075443267822266,24900,0.0,0.0
2022-02-17 00:00:00-05:00,34.79307914042294,36.257864979050446,34.581301374049616,34.8548469543457,44300,0.0,0.0
2022-02-18 00:00:00-05:00,34.69601536723538,35.604887537939454,34.69601536723538,35.14604187011719,43000,0.0,0.0
2022-02-22 00:00:00-05:00,34.86366221540138,35.348985460871475,32.47235630047278,32.516475677490234,193000,0.0,0.0
2022-02-23 00:00:00-05:00,33.03710076294186,34.16657662367131,32.60472604625499,33.407711029052734,85800,0.0,0.0
2022-02-24 00:00:00-05:00,32.648842903054444,34.28128370176985,32.3576489046808,34.210693359375,122000,0.0,0.0
2022-02-25 00:00:00-05:00,34.2812773127537,35.428401299242964,34.2812773127537,35.23427200317383,74700,0.0,0.0
2022-02-28 00:00:00-05:00,34.81073041581393,35.41076354251498,34.81073041581393,35.10192108154297,63700,0.0,0.0
2022-03-01 00:00:00-05:00,34.854850322566605,34.87249875197763,33.32829652249683,33.70772933959961,64000,0.0,0.0
2022-03-02 00:00:00-05:00,34.131271939382536,35.234273221378885,33.62830362407962,34.96072769165039,37400,0.0,0.0
2022-03-03 00:00:00-05:00,35.031317463311865,35.20779832187086,34.5195233101,35.18132400512695,46000,0.0,0.0
2022-03-04 00:00:00-05:00,34.8460225478886,35.49017497704857,34.51070917171862,35.47252655029297,67000,0.0,0.0
2022-03-07 00:00:00-05:00,35.15486325574673,35.60488637787254,34.85484671896507,34.9166145324707,129600,0.0,0.0
2022-03-08 00:00:00-05:00,35.031322939090806,35.50782032185414,34.65189021201181,34.78424835205078,71200,0.0,0.0
2022-03-09 00:00:00-05:00,35.4195805731525,35.666651810683405,34.82837343589123,35.119564056396484,71100,0.0,0.0
2022-03-10 00:00:00-05:00,34.96073112600452,35.38428325596747,34.85484393503706,35.243099212646484,40300,0.0,0.0
2022-03-11 00:00:00-05:00,34.978385204010195,35.860786458868546,34.978385204010195,35.16368865966797,52200,0.0,0.0
2022-03-14 00:00:00-04:00,35.42840394656386,35.604881465894394,34.898961290293514,35.128387451171875,59200,0.0,0.0
2022-03-15 00:00:00-04:00,35.16367830784227,35.39310445157719,34.87248772983122,35.23427200317383,46700,0.0,0.0
2022-03-16 00:00:00-04:00,35.137202274600554,35.657818921069804,35.08425701075731,35.60487365722656,66600,0.0,0.0
2022-03-17 00:00:00-04:00,35.243091166476,35.51663666062436,35.137203999683095,35.49016571044922,62600,0.0,0.0
2022-03-18 00:00:00-04:00,35.675480325136874,36.11668091944617,35.04015039218161,36.0902099609375,180100,0.0,0.0
2022-03-21 00:00:00-04:00,35.97550094538578,36.43435001945578,35.61371655165092,35.9049072265625,75100,0.0,0.0
2022-03-22 00:00:00-04:00,36.019615173339844,36.54023199370504,35.81666330995589,36.019615173339844,55900,0.0,0.0
2022-03-23 00:00:00-04:00,35.825483634873436,35.922548295318876,34.88131471869284,35.048973083496094,37900,0.0,0.0
2022-03-24 00:00:00-04:00,35.119561560680545,35.27839402097556,34.66071260494971,35.00484848022461,26600,0.0,0.0
2022-03-25 00:00:00-04:00,35.146043891086926,35.52547333704764,35.02250488685343,35.2607536315918,41800,0.0,0.0
2022-03-28 00:00:00-04:00,35.101922494154344,35.11074839213101,34.38717959835995,34.57248306274414,42300,0.0,0.0
2022-03-29 00:00:00-04:00,34.8548435993529,35.27839572523665,34.66071427937128,34.73130798339844,54000,0.0,0.0
2022-03-30 00:00:00-04:00,34.907788605461676,34.96073051697659,33.58418696010015,33.71654510498047,47400,0.0,0.0
2022-03-31 00:00:00-04:00,33.73418951416285,34.0342059860326,33.46064399489868,33.52241516113281,51700,0.0,0.0
2022-04-01 00:00:00-04:00,33.74301660333731,33.83125535920736,33.116509318725996,33.62830352783203,54900,0.0,0.0
2022-04-04 00:00:00-04:00,33.54888907193142,33.5753600268711,32.92238512034396,33.39005661010742,32700,0.0,0.0
2022-04-05 00:00:00-04:00,33.69007412832261,33.78713878749713,33.06357015776915,33.178279876708984,59800,0.0,0.0
2022-04-06 00:00:00-04:00,33.116513145692316,33.46947494214655,32.701786905865724,32.710609436035156,43200,0.0,0.0
2022-04-07 00:00:00-04:00,33.16063205900818,33.16063205900818,32.269405140794625,32.331172943115234,36700,0.0,0.0
2022-04-08 00:00:00-04:00,32.33117557999994,32.83414393482788,32.14587215792503,32.22528839111328,44500,0.0,0.0
2022-04-11 00:00:00-04:00,32.28705270050399,32.85178880150693,32.28705270050399,32.322349548339844,27800,0.0,0.0
2022-04-12 00:00:00-04:00,32.348818866357384,33.00179705395038,32.110570204644766,32.339996337890625,34600,0.0,0.0
2022-04-13 00:00:00-04:00,32.21645553862189,32.78119494495646,32.16351363865687,32.6753044128418,36700,0.0,0.0
2022-04-14 00:00:00-04:00,32.622377658631855,32.913568341908935,32.2164704959244,32.3576545715332,30600,0.0,0.0
2022-04-18 00:00:00-04:00,32.039986441908546,32.728258250451084,32.039986441908546,32.42824172973633,36100,0.0,0.0
2022-04-19 00:00:00-04:00,32.419419588700244,33.19593017367884,32.419419588700244,33.0988655090332,25900,0.0,0.0
2022-04-20 00:00:00-04:00,33.27534624658381,33.998914913510774,33.27534624658381,33.857730865478516,44100,0.0,0.0
2022-04-21 00:00:00-04:00,33.99009522124336,34.166576137542606,33.38123959440916,33.531246185302734,33000,0.0,0.0
2022-04-22 00:00:00-04:00,33.17827399436769,33.17827399436769,32.68413162231445,32.68413162231445,52800,0.0,0.0
2022-04-25 00:00:00-04:00,32.401774404126826,32.74591034696582,31.978222215548552,32.64884567260742,41500,0.0,0.0
2022-04-26 00:00:00-04:00,32.03115675146867,32.8694384041212,31.510540008544922,31.510540008544922,69100,0.0,0.0
2022-04-27 00:00:00-04:00,31.722319930180053,32.00468801032871,31.33406129540588,31.52819061279297,62700,0.0,0.0
2022-04-28 00:00:00-04:00,31.784088907023477,33.04592278429044,31.245823682527245,31.757617950439453,53700,0.0,0.0
2022-04-29 00:00:00-04:00,31.757614523824785,31.757614523824785,30.884036023785452,30.972274780273438,52500,0.0,0.0
2022-05-02 00:00:00-04:00,31.298771296679192,32.19882091470456,31.09581942684407,31.431129455566406,96700,0.0,0.0
2022-05-03 00:00:00-04:00,31.387006079273718,31.554661072322155,30.963453965709533,31.23699951171875,51000,0.0,0.0
2022-05-04 00:00:00-04:00,31.325239932231394,31.642904875752873,31.07816869442276,31.634078979492188,63400,0.0,0.0
2022-05-05 00:00:00-04:00,31.334065161280982,31.554665461494743,30.6016739149399,31.069345474243164,48400,0.0,0.0
2022-05-06 00:00:00-04:00,31.042872732040557,31.042872732040557,30.38989439983851,30.76932716369629,39700,0.0,0.0
2022-05-09 00:00:00-04:00,30.485081518863204,31.391107083568926,30.485081518863204,31.17792320251465,61400,0.23,0.0
2022-05-10 00:00:00-04:00,31.293394636126678,31.46216279063086,30.511725006193014,30.831499099731445,39500,0.0,0.0
2022-05-11 00:00:00-04:00,30.75156126735998,31.124632241677723,30.476202826864824,30.72491455078125,46200,0.0,0.0
2022-05-12 00:00:00-04:00,30.556148599876856,31.435524195722255,30.36961140485337,31.382230758666992,118100,0.0,0.0
2022-05-13 00:00:00-04:00,31.43552236267903,31.781943237111445,30.902567692543492,30.938098907470703,104500,0.0,0.0
2022-05-16 00:00:00-04:00,30.911448649444175,31.39999099273035,30.627205708316104,30.875917434692383,65700,0.0,0.0
2022-05-17 00:00:00-04:00,31.24898334748703,31.657582085572617,31.213452138494567,31.586523056030273,56600,0.0,0.0
2022-05-18 00:00:00-04:00,31.426644503485512,31.86189007180829,31.275638518648574,31.497703552246094,60600,0.0,0.0
2022-05-19 00:00:00-04:00,31.328930509995587,31.80859172174264,31.133512226296492,31.195690155029297,122500,0.0,0.0
2022-05-20 00:00:00-04:00,31.533226537523294,31.950709775983693,31.13350890372532,31.630935668945312,76600,0.0,0.0
2022-05-23 00:00:00-04:00,32.0484236933803,32.83897458248122,31.96848015468228,32.4925537109375,103800,0.0,0.0
2022-05-24 00:00:00-04:00,32.28824556234758,32.750141110562254,31.959590352664236,32.643550872802734,67700,0.0,0.0
2022-05-25 00:00:00-04:00,32.74126429488673,33.20315990365461,32.32378100863745,32.85673904418945,51900,0.0,0.0
2022-05-26 00:00:00-04:00,33.13210023005882,33.48740561661841,32.7412670155979,33.318634033203125,67600,0.0,0.0
2022-05-27 00:00:00-04:00,33.23868655255595,33.68281653891363,33.23868655255595,33.66505432128906,61100,0.0,0.0
2022-05-31 00:00:00-04:00,33.37192643898831,33.91376555694803,33.04327120242562,33.78052520751953,114500,0.0,0.0
2022-06-01 00:00:00-04:00,33.789405845040825,33.789405845040825,33.06103303183421,33.451866149902344,65200,0.0,0.0
2022-06-02 00:00:00-04:00,33.478517709890255,33.65617038508338,33.061037819895795,33.64728927612305,60600,0.0,0.0
2022-06-03 00:00:00-04:00,33.647287717595454,33.647287717595454,33.14097981923493,33.35416030883789,35100,0.0,0.0
2022-06-06 00:00:00-04:00,33.58510981871632,33.75387798882102,33.30086690672799,33.460750579833984,77200,0.0,0.0
2022-06-07 00:00:00-04:00,33.336391972969665,33.38968878522667,33.06103358074809,33.2120361328125,61800,0.0,0.0
2022-06-08 00:00:00-04:00,33.14985706465603,33.14985706465603,32.385953057641125,32.58137130737305,58200,0.0,0.0
2022-06-09 00:00:00-04:00,32.439254237451856,32.46590095202542,31.90629622688058,32.01288986206055,48800,0.0,0.0
2022-06-10 00:00:00-04:00,31.675348251287613,31.808588593148794,31.15127476891236,31.568758010864258,42900,0.0,0.0
2022-06-13 00:00:00-04:00,31.124637107800513,31.639826243379826,30.982515616422397,31.240108489990234,66500,0.0,0.0
2022-06-14 00:00:00-04:00,31.302289819134067,31.54211708272419,30.822628515066558,31.240108489990234,82600,0.0,0.0
2022-06-15 00:00:00-04:00,31.515461774420142,32.190541215848434,31.328928003147606,31.879648208618164,74300,0.0,0.0
2022-06-16 00:00:00-04:00,31.577638660544398,31.906293873669252,31.151274316599093,31.4621639251709,81000,0.0,0.0
2022-06-17 00:00:00-04:00,31.417759334592834,32.439259822734144,31.417759334592834,32.06618881225586,357300,0.0,0.0
2022-06-21 00:00:00-04:00,32.44813799842728,32.86562129923285,32.36819445972926,32.4925537109375,93600,0.0,0.0
2022-06-22 00:00:00-04:00,32.29713383813415,32.55473004893568,31.444405059387304,32.31489944458008,74500,0.0,0.0
2022-06-23 00:00:00-04:00,32.4836674697353,32.4836674697353,31.657585410337358,31.924062728881836,62000,0.0,0.0
2022-06-24 00:00:00-04:00,32.1194821722847,32.46590303776795,31.22234104342916,31.23122215270996,478600,0.0,0.0
2022-06-27 00:00:00-04:00,31.559873316785506,32.07506568775332,31.355573945401154,31.622051239013672,159100,0.0,0.0
2022-06-28 00:00:00-04:00,31.63981958459884,32.13724639395775,31.133511666341967,31.213455200195312,59900,0.0,0.0
2022-06-29 00:00:00-04:00,31.13350808465431,31.76417178558683,30.556141196306907,30.600553512573242,72300,0.0,0.0
2022-06-30 00:00:00-04:00,30.271908370163562,30.75156628912489,29.96989977532823,30.360733032226562,124900,0.0,0.0
2022-07-01 00:00:00-04:00,30.39625843603039,31.071334548485243,30.245252473286257,31.02692222595215,79400,0.0,0.0
2022-07-05 00:00:00-04:00,30.680500852955966,31.364461451537615,30.236370858171227,31.25786781311035,78100,0.0,0.0
2022-07-06 00:00:00-04:00,31.15128017519214,31.47105434040141,29.76559325543306,31.30228614807129,52600,0.0,0.0
2022-07-07 00:00:00-04:00,31.124637464130934,31.45329278137226,30.84039447812054,30.849275588989258,38800,0.0,0.0
2022-07-08 00:00:00-04:00,30.813739146731784,30.85815485887942,30.529496208891036,30.840389251708984,41100,0.0,0.0
2022-07-11 00:00:00-04:00,30.591676598407698,30.946981993485945,30.405142790791135,30.929216384887695,49200,0.0,0.0
2022-07-12 00:00:00-04:00,30.902568586651224,31.213458255151437,30.7160347855511,30.7426815032959,36200,0.0,0.0
2022-07-13 00:00:00-04:00,30.618323536552897,30.618323536552897,29.978775246982174,30.032072067260742,30700,0.0,0.0
2022-07-14 00:00:00-04:00,29.65900093875475,29.65900093875475,29.09939618846419,29.534645080566406,63900,0.0,0.0
2022-07-15 00:00:00-04:00,29.9787836032911,30.662744406186867,29.72118731613997,30.38738250732422,70300,0.0,0.0
2022-07-18 00:00:00-04:00,30.644973303822876,30.840391609192608,30.245255583040862,30.325199127197266,36800,0.0,0.0
2022-07-19 00:00:00-04:00,30.43178867332856,31.089102619630065,30.342964021221213,30.902568817138672,41000,0.0,0.0
2022-07-20 00:00:00-04:00,31.000274435054607,31.31116407044785,30.689381411218466,31.275632858276367,57900,0.0,0.0
2022-07-21 00:00:00-04:00,31.124633457572447,31.435523124612992,31.035805418101408,31.30228614807129,50400,0.0,0.0
2022-07-22 00:00:00-04:00,31.337814331054688,31.53323263166545,31.01804016221645,31.337814331054688,49500,0.0,0.0
2022-07-25 00:00:00-04:00,31.62205979713651,31.986246320939518,31.51546952853268,31.932952880859375,31500,0.0,0.0
2022-07-26 00:00:00-04:00,32.217190672969785,33.55846178481744,30.946978599278136,33.52293395996094,82800,0.0,0.0
2022-07-27 00:00:00-04:00,33.167632610392246,33.593997056160674,32.73238366600423,32.84785842895508,54700,0.0,0.0
2022-07-28 00:00:00-04:00,33.04327541766065,33.96706670748841,32.61691098891937,33.77164840698242,93500,0.0,0.0
2022-07-29 00:00:00-04:00,33.59399357883416,33.93153333412825,33.35416296758124,33.611759185791016,54100,0.0,0.0
2022-08-01 00:00:00-04:00,33.29198240972928,33.70946566915587,32.99885838918504,33.460750579833984,85700,0.0,0.0
2022-08-02 00:00:00-04:00,33.38969758178078,33.425228799312855,32.99886435425816,33.069923400878906,40100,0.0,0.0
2022-08-03 00:00:00-04:00,33.105453994821644,33.35416573597452,32.80344542837457,33.203163146972656,37700,0.0,0.0
2022-08-04 00:00:00-04:00,33.336393561593596,33.336393561593596,32.99885723320837,33.06103515625,27300,0.0,0.0
2022-08-05 00:00:00-04:00,32.936685797388385,33.32751901754909,32.936685797388385,33.203163146972656,31300,0.0,0.0
2022-08-08 00:00:00-04:00,33.345282504278444,33.522935188845345,33.052155066476594,33.25645446777344,38600,0.0,0.0
2022-08-09 00:00:00-04:00,33.274325524798485,33.551389364036986,33.26538952132043,33.542449951171875,38900,0.23,0.0
2022-08-10 00:00:00-04:00,33.72121072946609,34.05189750664976,33.56033534394147,33.73908615112305,37900,0.0,0.0
2022-08-11 00:00:00-04:00,33.94463659624109,34.11444792892026,33.882074346865245,34.04294967651367,31100,0.0,0.0
2022-08-12 00:00:00-04:00,34.23957906427388,34.73114110258156,34.16807739574109,34.65070343017578,41600,0.0,0.0
2022-08-15 00:00:00-04:00,34.59707783636532,34.90989252806114,34.087640371241534,34.874141693115234,42800,0.0,0.0
2022-08-16 00:00:00-04:00,34.954582097955694,35.30314424244236,34.60601995346903,35.124393463134766,53800,0.0,0.0
2022-08-17 00:00:00-04:00,35.03502198141648,35.03502198141648,34.57027128974504,34.98139572143555,50600,0.0,0.0
2022-08-18 00:00:00-04:00,35.1065083289282,35.276323056500466,34.731134864711485,35.097572326660156,29900,0.0,0.0
2022-08-19 00:00:00-04:00,34.91882838031298,34.94563980171223,34.400454913399706,34.68645477294922,38200,0.0,0.0
2022-08-22 00:00:00-04:00,34.49877303601706,34.59708615105218,33.91783717077292,34.11445999145508,40200,0.0,0.0
2022-08-23 00:00:00-04:00,34.185959355878474,34.373646157618445,33.70333322907181,33.71227264404297,39400,0.0,0.0
2022-08-24 00:00:00-04:00,33.87314925991681,33.87314925991681,33.3368968518118,33.64971160888672,34900,0.0,0.0
2022-08-25 00:00:00-04:00,33.91783939212233,34.14127706478534,33.67652629651969,34.1234016418457,42100,0.0,0.0
2022-08-26 00:00:00-04:00,34.09658368703243,34.16808195571997,33.783768959534896,33.873146057128906,61900,0.0,0.0
2022-08-29 00:00:00-04:00,33.63182984568103,33.85526745457721,33.220702054177686,33.2653923034668,49400,0.0,0.0
2022-08-30 00:00:00-04:00,33.41733279691632,33.58714758483678,33.33689511037184,33.52458190917969,46200,0.0,0.0
2022-08-31 00:00:00-04:00,33.52458083369827,33.70333162132803,33.238580937245736,33.569271087646484,109000,0.0,0.0
2022-09-01 00:00:00-04:00,33.53351974487305,33.66758027654222,33.095580492223405,33.53351974487305,65100,0.0,0.0
2022-09-02 00:00:00-04:00,33.631834308399014,33.87314736715398,33.06877050463741,33.33689498901367,49600,0.0,0.0
2022-09-06 00:00:00-04:00,33.38157761529746,33.40839244691705,32.79170246047684,33.13132858276367,56500,0.0,0.0
2022-09-07 00:00:00-04:00,32.997263588017915,33.47988962894807,32.997263588017915,33.38157653808594,45600,0.0,0.0
2022-09-08 00:00:00-04:00,33.158138327038685,33.56926610032295,33.01513840005765,33.31007766723633,39200,0.0,0.0
2022-09-09 00:00:00-04:00,33.48883571011669,33.73908478440082,32.88108503595129,33.46202087402344,35200,0.0,0.0
2022-09-12 00:00:00-04:00,33.47095860872435,33.837396195980546,33.462019194012775,33.79270935058594,29100,0.0,0.0
2022-09-13 00:00:00-04:00,33.56926941456668,33.56926941456668,32.720205772683116,32.916831970214844,44700,0.0,0.0
2022-09-14 00:00:00-04:00,32.85426703421689,33.17601776123047,32.85426703421689,33.17601776123047,41800,0.0,0.0
2022-09-15 00:00:00-04:00,33.09557718201453,33.694391740284054,33.09557718201453,33.417327880859375,38800,0.0,0.0
2022-09-16 00:00:00-04:00,33.22070526833968,33.551395416259766,32.25545647740008,33.551395416259766,119800,0.0,0.0
2022-09-19 00:00:00-04:00,33.28326283662762,34.177013141044846,32.872135105461695,34.15913772583008,46200,0.0,0.0
2022-09-20 00:00:00-04:00,33.85527441713381,34.2842743053146,33.792712146527535,34.230648040771484,36300,0.0,0.0
2022-09-21 00:00:00-04:00,34.212766836369305,34.49876671348141,33.91783095470447,34.034019470214844,47000,0.0,0.0
2022-09-22 00:00:00-04:00,34.0340166146411,34.0340166146411,33.23857590068915,33.479888916015625,40300,0.0,0.0
2022-09-23 00:00:00-04:00,33.274326781070236,33.44413812866097,32.76488932891087,33.158138275146484,41500,0.0,0.0
2022-09-26 00:00:00-04:00,32.90789107995738,33.33689088401123,32.84532882161957,32.961517333984375,47200,0.0,0.0
2022-09-27 00:00:00-04:00,33.14920122027137,33.18495205317393,32.29120168693246,32.407386779785156,43200,0.0,0.0
2022-09-28 00:00:00-04:00,32.55932020262054,33.059821544211225,32.371633478043954,32.70232009887695,52000,0.0,0.0
2022-09-29 00:00:00-04:00,32.523584429331024,32.67552380720653,32.13927139100762,32.362709045410156,40800,0.0,0.0
2022-09-30 00:00:00-04:00,32.26438891706706,32.666577289425675,31.728140026847097,31.91582679748535,67400,0.0,0.0
2022-10-03 00:00:00-04:00,31.978388217049616,32.54145192360855,31.77282603420145,32.344825744628906,58800,0.0,0.0
2022-10-04 00:00:00-04:00,32.568264992656545,33.336890920958496,32.568264992656545,33.31901550292969,41600,0.0,0.0
2022-10-05 00:00:00-04:00,33.11346252658338,33.479900174700944,32.82746257729106,33.10452651977539,31800,0.0,0.0
2022-10-06 00:00:00-04:00,32.78276560108528,33.19388997506335,32.711263931147904,33.041954040527344,35300,0.0,0.0
2022-10-07 00:00:00-04:00,32.86320078254506,32.86320078254506,31.897948767924188,32.014137268066406,40800,0.0,0.0
2022-10-10 00:00:00-04:00,31.996261377203872,32.4788873773535,31.996261377203872,32.45207595825195,32700,0.0,0.0
2022-10-11 00:00:00-04:00,32.28226389472559,32.63976542292516,32.13926396532321,32.55038833618164,37200,0.0,0.0
2022-10-12 00:00:00-04:00,32.38951997622105,33.02408201994441,32.21076919237834,32.68445587158203,54800,0.0,0.0
2022-10-13 00:00:00-04:00,32.33589557989809,33.962521328678505,32.33589557989809,33.86420822143555,57000,0.0,0.0
2022-10-14 00:00:00-04:00,33.92677123869223,33.96252208018763,33.319020570822055,33.40839767456055,44400,0.0,0.0
2022-10-17 00:00:00-04:00,33.605016205889406,33.926766919611396,33.56926877833276,33.882080078125,65300,0.0,0.0
2022-10-18 00:00:00-04:00,33.962518458952125,34.08764298145679,33.2922055946307,33.42626953125,81000,0.0,0.0
2022-10-19 00:00:00-04:00,33.36370229003337,34.21276239726394,33.31007604151255,34.16807556152344,61800,0.0,0.0
2022-10-20 00:00:00-04:00,34.275333017983826,34.275333017983826,32.85426947438628,33.05089569091797,47100,0.0,0.0
2022-10-21 00:00:00-04:00,33.292205479545196,34.82945740074565,33.05089244009716,33.5960807800293,70400,0.0,0.0
2022-10-24 00:00:00-04:00,33.739084935601504,34.00720943202009,33.70333409357558,33.95358657836914,39000,0.0,0.0
2022-10-25 00:00:00-04:00,34.06976378997476,34.46301614217208,33.55139033851532,33.93570327758789,42300,0.0,0.0
2022-10-26 00:00:00-04:00,34.203837256480895,34.507712609164244,33.51564885748072,34.096588134765625,37600,0.0,0.0
2022-10-27 00:00:00-04:00,34.15914348209707,34.7222038140045,33.94464187276038,33.998268127441406,45700,0.0,0.0
2022-10-28 00:00:00-04:00,34.22171236663979,35.1512138380745,34.14127467373894,34.945648193359375,64400,0.0,0.0
2022-10-31 00:00:00-04:00,34.695391829379204,35.30314240170382,34.695391829379204,35.115455627441406,54500,0.0,0.0
2022-11-01 00:00:00-04:00,34.90989257527402,35.884080667850355,34.614953300652274,35.23163986206055,133500,0.0,0.0
2022-11-02 00:00:00-04:00,35.16013929802409,35.642765310666675,34.74901495068577,34.86520004272461,70300,0.0,0.0
2022-11-03 00:00:00-04:00,34.65963786905545,35.15120329455459,34.45407569538629,34.86520004272461,41600,0.0,0.0
2022-11-04 00:00:00-04:00,35.035013087047325,35.68745040893555,35.035013087047325,35.68745040893555,41100,0.0,0.0
2022-11-07 00:00:00-05:00,35.55339334382422,35.93770632665507,35.312080302787116,35.63383102416992,63800,0.0,0.0
2022-11-08 00:00:00-05:00,35.71427227212571,35.90195907521845,34.91883480335257,35.10652160644531,40900,0.0,0.0
2022-11-09 00:00:00-05:00,35.04359319343083,35.439158433583046,34.88177027030743,35.15147399902344,56600,0.23,0.0
2022-11-10 00:00:00-05:00,35.89765027526617,36.43705761874422,33.704056067795676,36.0414924621582,77100,0.0,0.0
2022-11-11 00:00:00-05:00,36.158371171357665,36.25726333389993,35.205414385322655,35.232383728027344,50500,0.0,0.0
2022-11-14 00:00:00-05:00,35.37622165857978,35.68188674697389,35.03459859408573,35.403194427490234,57600,0.0,0.0
2022-11-15 00:00:00-05:00,35.52007237325621,35.82573753498461,34.98965351700604,35.49310302734375,59700,0.0,0.0
2022-11-16 00:00:00-05:00,35.62794994710354,35.62794994710354,35.00762767147332,35.088539123535156,34800,0.0,0.0
2022-11-17 00:00:00-05:00,34.81883693529644,35.14248275756836,34.746917546718635,35.14248275756836,50700,0.0,0.0
2022-11-18 00:00:00-05:00,35.654920289299575,35.84371253958969,35.07055940472313,35.376224517822266,60400,0.0,0.0
2022-11-21 00:00:00-05:00,35.5830071993959,35.85271095175306,35.22339990994017,35.717857360839844,54500,0.0,0.0
2022-11-22 00:00:00-05:00,35.95159429111827,35.960582927884126,35.07055699145288,35.82572937011719,62300,0.0,0.0
2022-11-23 00:00:00-05:00,35.92461870503093,35.95159147215045,35.4211727783756,35.52006149291992,28000,0.0,0.0
2022-11-25 00:00:00-05:00,35.654916952895334,35.7358283996582,35.06156748645711,35.7358283996582,18200,0.0,0.0
2022-11-28 00:00:00-05:00,35.627951752707,35.627951752707,34.93571005653308,35.10652160644531,29800,0.0,0.0
2022-11-29 00:00:00-05:00,34.98964589068141,35.32228375528991,34.98964589068141,35.13349151611328,44500,0.0,0.0
2022-11-30 00:00:00-05:00,35.115505917326345,35.86168613314933,34.60306795130619,35.834716796875,113000,0.0,0.0
2022-12-01 00:00:00-05:00,35.75381033136247,35.90664116413062,35.115510801327616,35.295310974121094,49900,0.0,0.0
2022-12-02 00:00:00-05:00,35.14248484090491,35.35824987836687,34.908742527334304,35.22339630126953,47300,0.0,0.0
2022-12-05 00:00:00-05:00,35.061571271944494,35.061571271944494,33.97376437093871,34.351348876953125,53100,0.0,0.0
2022-12-06 00:00:00-05:00,34.43225670747381,34.46821811268028,33.937799389024086,34.05467224121094,33200,0.0,0.0
2022-12-07 00:00:00-05:00,34.1086068763016,34.23447177960416,33.757991790771484,33.757991790771484,32400,0.0,0.0
2022-12-08 00:00:00-05:00,33.749006462397084,33.982748732499346,33.58718357176156,33.829917907714844,38700,0.0,0.0
2022-12-09 00:00:00-05:00,33.677088222094795,33.86588047695837,33.55122671885242,33.72203826904297,37100,0.0,0.0
2022-12-12 00:00:00-05:00,33.731035137742374,34.09063899398627,33.362439213147574,33.84790802001953,51100,0.0,0.0
2022-12-13 00:00:00-05:00,34.04568131406458,34.61206146187369,33.533243275869644,34.108612060546875,171800,0.0,0.0
2022-12-14 00:00:00-05:00,33.89285013325611,34.1625538196226,33.29050858521812,33.35343933105469,50800,0.0,0.0
2022-12-15 00:00:00-05:00,33.08373889869517,33.20960040274762,32.48140072088163,32.63423156738281,59000,0.0,0.0
2022-12-16 00:00:00-05:00,32.71513374535086,32.94887941183956,32.31956864059711,32.81402587890625,215800,0.0,0.0
2022-12-19 00:00:00-05:00,32.71514066979931,32.90393291229125,32.454425613328425,32.58927917480469,62300,0.0,0.0
2022-12-20 00:00:00-05:00,32.64322165478873,32.90393328474217,32.61624888450705,32.751102447509766,43100,0.0,0.0
2022-12-21 00:00:00-05:00,32.903936110278146,33.5781971242549,32.903936110278146,33.41637420654297,52300,0.0,0.0
2022-12-22 00:00:00-05:00,33.36243166410737,33.48829315678705,32.876962967084204,33.15565872192383,47600,0.0,0.0
2022-12-23 00:00:00-05:00,33.299498435534545,33.74001362707626,33.083733443118454,33.50627136230469,33100,0.0,0.0
2022-12-27 00:00:00-05:00,33.60515927430084,33.731020741743485,33.344444274902344,33.344444274902344,43900,0.0,0.0
2022-12-28 00:00:00-05:00,33.335462896375496,33.57819381958565,33.155659291117004,33.1826286315918,54100,0.0,0.0
2022-12-29 00:00:00-05:00,33.28151779968714,33.66809431599232,33.245556395968464,33.60516357421875,61300,0.0,0.0
2022-12-30 00:00:00-05:00,33.542233337771904,33.71304486380661,33.40737978652937,33.533241271972656,46000,0.0,0.0
2023-01-03 00:00:00-05:00,33.5242566218055,33.80294896429087,32.93090709882968,33.13768005371094,57400,0.0,0.0
2023-01-04 00:00:00-05:00,33.35344017037967,33.70405874389456,33.03878643327871,33.1826286315918,40100,0.0,0.0
2023-01-05 00:00:00-05:00,33.04777023556424,33.08373163724868,32.724127908808384,32.89493942260742,44500,0.0,0.0
2023-01-06 00:00:00-05:00,33.05676734826409,33.81193975160686,33.05676734826409,33.74001693725586,48500,0.0,0.0
2023-01-09 00:00:00-05:00,33.740017356232805,33.74900942287261,33.263540708380546,33.30849075317383,35800,0.0,0.0
2023-01-10 00:00:00-05:00,33.25454740278573,33.84789682737832,33.20959393483463,33.81193542480469,31400,0.0,0.0
2023-01-11 00:00:00-05:00,33.775981028230746,33.85689248607048,33.51526594969508,33.68608093261719,30700,0.0,0.0
2023-01-12 00:00:00-05:00,33.757996669329856,34.27043470369348,33.73102732945865,34.14457321166992,32400,0.0,0.0
2023-01-13 00:00:00-05:00,33.910830111740864,34.39629536504077,33.71304581221268,34.153564453125,34900,0.0,0.0
2023-01-17 00:00:00-05:00,34.027704967595355,34.090635722134984,33.784974016924735,33.874874114990234,32700,0.0,0.0
2023-01-18 00:00:00-05:00,33.605162865018855,33.71304364442995,33.27252503184342,33.380409240722656,48500,0.0,0.0
2023-01-19 00:00:00-05:00,33.15566229714021,33.63213897922621,33.07475083891156,33.452335357666016,47000,0.0,0.0
2023-01-20 00:00:00-05:00,33.74900298024815,33.9467838254763,33.407376531991616,33.892845153808594,106700,0.0,0.0
2023-01-23 00:00:00-05:00,33.811936179816215,33.91981696047797,33.4073789654994,33.542232513427734,30900,0.0,0.0
2023-01-24 00:00:00-05:00,33.41637031467249,33.838908264983324,33.182628032683205,33.74900817871094,44800,0.0,0.0
2023-01-25 00:00:00-05:00,33.61415744452063,33.72203824300669,33.37142307582541,33.461326599121094,39400,0.0,0.0
2023-01-26 00:00:00-05:00,33.64112192585077,33.77597547657445,32.966861031168875,33.17363739013672,33800,0.0,0.0
2023-01-27 00:00:00-05:00,33.1196921971665,33.5781880538519,33.1196921971665,33.39838790893555,37900,0.0,0.0
2023-01-30 00:00:00-05:00,33.35343799591,33.793956628600355,33.25454927745996,33.59617233276367,47400,0.0,0.0
2023-01-31 00:00:00-05:00,34.15357014831275,34.737927648819735,33.6860820902258,34.63004684448242,70400,0.0,0.0
2023-02-01 00:00:00-05:00,34.666001145381486,35.84370797238677,34.324374667337494,35.744815826416016,92900,0.0,0.0
2023-02-02 00:00:00-05:00,35.74481538891078,35.91563034057617,35.124496611961604,35.91563034057617,67900,0.0,0.0
2023-02-03 00:00:00-05:00,35.72683925141554,36.58989238487942,35.72683925141554,36.56291961669922,66200,0.0,0.0
2023-02-06 00:00:00-05:00,36.39210783404878,36.41907717257169,35.98755060886379,36.005531311035156,36900,0.0,0.0
2023-02-07 00:00:00-05:00,35.96057051319592,36.38310831415549,35.67288622344773,36.13138198852539,51500,0.0,0.0
2023-02-08 00:00:00-05:00,36.10441774090707,36.18532917313129,35.62794121195762,35.72683334350586,41800,0.0,0.0
2023-02-09 00:00:00-05:00,35.85349811616303,35.86254365723277,35.03021583164276,35.12973403930664,46100,0.25,0.0
2023-02-10 00:00:00-05:00,34.97593764596221,35.401150616829284,34.97593764596221,35.24734878540039,39800,0.0,0.0
2023-02-13 00:00:00-05:00,35.355913592547374,35.73588847162884,35.21115731345388,35.69969940185547,36000,0.0,0.0
2023-02-14 00:00:00-05:00,35.63637174409099,35.63637174409099,35.15687862869121,35.35591506958008,31400,0.0,0.0
2023-02-15 00:00:00-05:00,35.283540170403974,35.84445702216715,35.156881860442624,35.73589324951172,39100,0.0,0.0
2023-02-16 00:00:00-05:00,35.47351568291016,36.08871593930571,35.47351568291016,35.60017395019531,42500,0.0,0.0
2023-02-17 00:00:00-05:00,35.72683501340655,36.49583359420759,35.482564023331435,36.269657135009766,72500,0.0,0.0
2023-02-21 00:00:00-05:00,36.28775768528997,36.71297060349331,35.80826461662966,36.05253219604492,99600,0.0,0.0
2023-02-22 00:00:00-05:00,36.06158430473743,36.18824260165446,35.53685313044716,35.826358795166016,93300,0.0,0.0
2023-02-23 00:00:00-05:00,35.83540274973356,36.097768299988005,35.708744470625696,36.079673767089844,60900,0.0,0.0
2023-02-24 00:00:00-05:00,35.735884431853215,36.02539005495363,35.27448592353044,35.56399154663086,80000,0.0,0.0
2023-02-27 00:00:00-05:00,35.78112144272778,35.82635605228071,35.4463811906207,35.582088470458984,36600,0.0,0.0
2023-02-28 00:00:00-05:00,35.58209424519189,35.94397463152556,34.858326570164444,35.55495071411133,57300,0.0,0.0
2023-03-01 00:00:00-05:00,35.48257383511907,35.66351229156807,35.05736086986828,35.301631927490234,47600,0.0,0.0
2023-03-02 00:00:00-05:00,35.193062522374596,35.256391662216835,34.77689516618077,34.94879150390625,39800,0.0,0.0
2023-03-03 00:00:00-05:00,35.1116407538231,36.05253236158516,34.87641526349799,35.34686279296875,50800,0.0,0.0
2023-03-06 00:00:00-05:00,35.17496956676893,35.41924059619128,34.776896725704596,35.02116775512695,57900,0.0,0.0
2023-03-07 00:00:00-05:00,35.03021950876267,35.03021950876267,33.85409887783696,33.953617095947266,73500,0.0,0.0
2023-03-08 00:00:00-05:00,33.96266108209012,34.03503576111318,33.410789918425095,33.78171920776367,48200,0.0,0.0
2023-03-09 00:00:00-05:00,33.60077204603987,33.60077204603987,32.17133871127203,32.24371337890625,81600,0.0,0.0
2023-03-10 00:00:00-05:00,31.83660108522734,32.37037773288846,30.931895136729132,31.67375373840332,91600,0.0,0.0
2023-03-13 00:00:00-04:00,31.14902607617934,31.14902607617934,28.96868487881539,29.98195457458496,123700,0.0,0.0
2023-03-14 00:00:00-04:00,31.908975566055577,32.57845595866946,30.389069470420132,30.732858657836914,120800,0.0,0.0
2023-03-15 00:00:00-04:00,29.927668080920096,30.66047753491451,29.258184302606413,30.57905387878418,104000,0.0,0.0
2023-03-16 00:00:00-04:00,30.108615000350344,32.2708618186634,29.954816634746944,31.601381301879883,92300,0.0,0.0
2023-03-17 00:00:00-04:00,31.384251982490674,31.384251982490674,30.054336420943926,30.334793090820312,215600,0.0,0.0
2023-03-20 00:00:00-04:00,30.77809976010278,31.46567482897147,30.41621596521633,30.461450576782227,147800,0.0,0.0
2023-03-21 00:00:00-04:00,31.130931088680338,31.66470772843542,31.067601949317808,31.329967498779297,127800,0.0,0.0
2023-03-22 00:00:00-04:00,31.212355216466232,31.61947358343861,29.918625434298068,29.98195457458496,92900,0.0,0.0
2023-03-23 00:00:00-04:00,30.126707873199553,30.434308038621143,29.321520118437576,29.601980209350586,93400,0.0,0.0
2023-03-24 00:00:00-04:00,29.448176231921682,30.226223854864735,29.448176231921682,30.144800186157227,100000,0.0,0.0
2023-03-27 00:00:00-04:00,30.624295076058033,30.778096882417515,30.398118588195924,30.497636795043945,73100,0.0,0.0
2023-03-28 00:00:00-04:00,30.4704942544517,30.65143612033096,30.099564982429783,30.43430519104004,52600,0.0,0.0
2023-03-29 00:00:00-04:00,30.588113484500727,30.70572278881041,30.01814769378388,30.262418746948242,59900,0.0,0.0
2023-03-30 00:00:00-04:00,30.30764803306334,30.33478810602905,29.484365791704906,29.737682342529297,34300,0.0,0.0
2023-03-31 00:00:00-04:00,30.208133215427953,30.651440680222255,29.855298422622056,30.190038681030273,115800,0.0,0.0
2023-04-03 00:00:00-04:00,30.2624146212013,30.570014781267258,29.963860002087596,30.407167434692383,86200,0.0,0.0
2023-04-04 00:00:00-04:00,30.316694154715453,30.316694154715453,29.09534253134154,29.47532081604004,53400,0.0,0.0
2023-04-05 00:00:00-04:00,29.158673274578447,29.357709694237226,29.02296944850335,29.12248420715332,44000,0.0,0.0
2023-04-06 00:00:00-04:00,29.131529647343164,29.620071644472024,29.022965909485308,29.330562591552734,47500,0.0,0.0
2023-04-10 00:00:00-04:00,29.131524977101854,29.61101790601789,29.131524977101854,29.439125061035156,78100,0.0,0.0
2023-04-11 00:00:00-04:00,29.41199187734549,29.73768660432695,29.11344067839892,29.312477111816406,76900,0.0,0.0
2023-04-12 00:00:00-04:00,29.421040229655436,29.421040229655436,28.787745324448434,28.896310806274414,55700,0.0,0.0
2023-04-13 00:00:00-04:00,29.041057024772886,29.041057024772886,28.615845887403644,28.97772789001465,63400,0.0,0.0
2023-04-14 00:00:00-04:00,29.212958434391187,29.212958434391187,27.98255768572345,28.118263244628906,87800,0.0,0.0
2023-04-17 00:00:00-04:00,28.100167753931604,28.570615286015524,27.71114389953874,28.552520751953125,85000,0.0,0.0
2023-04-18 00:00:00-04:00,28.425859781633942,28.425859781633942,27.56638847628099,27.69304847717285,67600,0.0,0.0
2023-04-19 00:00:00-04:00,27.765428906410992,28.805840509378157,27.729239836455346,28.6068058013916,55200,0.0,0.0
2023-04-20 00:00:00-04:00,28.66108678463863,28.778697807137675,28.362533869198217,28.6158504486084,53100,0.0,0.0
2023-04-21 00:00:00-04:00,28.534427002755592,28.606803411029336,28.26301417753679,28.588708877563477,86900,0.0,0.0
2023-04-24 00:00:00-04:00,28.715370457187916,28.84202875481,28.290159225463867,28.290159225463867,37000,0.0,0.0
2023-04-25 00:00:00-04:00,28.000650488805412,28.045885097113263,26.200284088245983,26.281707763671875,115100,0.0,0.0
2023-04-26 00:00:00-04:00,26.17314203905799,26.48074218399792,25.53984721698412,26.23647117614746,73400,0.0,0.0
2023-04-27 00:00:00-04:00,26.236471024599748,26.80643498070234,26.155047355786586,26.308847427368164,59100,0.0,0.0
2023-04-28 00:00:00-04:00,26.200280769076603,26.50788089825298,25.76602237221212,26.2997989654541,68900,0.0,0.0
2023-05-01 00:00:00-04:00,26.26361503158401,26.46264972453919,25.874591186889592,25.92887306213379,59100,0.0,0.0
2023-05-02 00:00:00-04:00,25.8022174599417,26.399323326460713,24.671334875536015,25.051311492919922,114900,0.0,0.0
2023-05-03 00:00:00-04:00,25.078451030010562,25.93792246586922,24.725616223469988,24.752758026123047,105000,0.0,0.0
2023-05-04 00:00:00-04:00,24.39087273039131,24.951791205020903,23.54949760683153,24.65323829650879,154000,0.0,0.0
2023-05-05 00:00:00-04:00,25.16892083759313,25.983155898741128,24.617049621157484,25.024168014526367,92500,0.0,0.0
2023-05-08 00:00:00-04:00,25.23225112719822,25.23225112719822,24.68942887885575,24.752758026123047,57700,0.0,0.0
2023-05-09 00:00:00-04:00,24.752757686421095,24.898845379659438,24.19579726751075,24.615798950195312,61700,0.25,0.0
2023-05-10 00:00:00-04:00,24.86232196135265,24.86232196135265,24.30536329792915,24.497102737426758,46500,0.0,0.0
2023-05-11 00:00:00-04:00,24.19579485560007,24.460579861639157,23.9675326399812,24.131881713867188,53100,0.0,0.0
2023-05-12 00:00:00-04:00,24.305362721225865,24.305362721225865,23.812315474497673,24.232318878173828,40100,0.0,0.0
2023-05-15 00:00:00-04:00,24.287101047476547,24.92623423150069,24.287101047476547,24.460580825805664,58100,0.0,0.0
2023-05-16 00:00:00-04:00,24.542755270190273,24.570147365921922,24.086230790345567,24.1044921875,47700,0.0,0.0
2023-05-17 00:00:00-04:00,24.387536412679392,25.50145723683648,24.17753557391303,25.42841339111328,80700,0.0,0.0
2023-05-18 00:00:00-04:00,25.428409611286064,25.492322749105607,25.099711483639954,25.209278106689453,86100,0.0,0.0
2023-05-19 00:00:00-04:00,25.200151464651352,25.32797776085923,24.43319020439872,24.615798950195312,56800,0.0,0.0
2023-05-22 00:00:00-04:00,24.999281772577056,25.5927650375925,24.478844102089028,25.47406768798828,65500,0.0,0.0
2023-05-23 00:00:00-04:00,25.574498568640518,26.861897311402466,25.45580124256886,26.17711067199707,115600,0.0,0.0
2023-05-24 00:00:00-04:00,26.07667546704366,26.104067560323504,25.45580195138744,25.8575439453125,71900,0.0,0.0
2023-05-25 00:00:00-04:00,25.6658061693191,26.259287629905973,25.035801915340965,25.218412399291992,46900,0.0,0.0
2023-05-26 00:00:00-04:00,25.2823250020291,25.629282824264713,25.21841185647275,25.601892471313477,50400,0.0,0.0
2023-05-30 00:00:00-04:00,25.574499734407354,25.81189265586931,25.17275773335615,25.766239166259766,51000,0.0,0.0
2023-05-31 00:00:00-04:00,25.80276556591817,25.921461172494936,24.999281451465514,25.200153350830078,114900,0.0,0.0
2023-06-01 00:00:00-04:00,25.245801377419774,25.839282805673268,24.944495314367842,25.70232582092285,61400,0.0,0.0
2023-06-02 00:00:00-04:00,26.031025004897227,27.22711860646103,25.94885046250327,27.1175537109375,110700,0.0,0.0
2023-06-05 00:00:00-04:00,27.08102753401811,27.08102753401811,26.049283146170186,26.149717330932617,69400,0.0,0.0
2023-06-06 00:00:00-04:00,26.17711284411629,27.756687072120407,26.03102515490797,27.32755470275879,104200,0.0,0.0
2023-06-07 00:00:00-04:00,27.555813420988937,28.19494654439909,27.555813420988937,27.966684341430664,126200,0.0,0.0
2023-06-08 00:00:00-04:00,27.91190633712279,28.06712472947442,27.4371204615175,27.875385284423828,85500,0.0,0.0
2023-06-09 00:00:00-04:00,27.628859039373573,27.88451335013834,27.23624774628938,27.464509963989258,54100,0.0,0.0
2023-06-12 00:00:00-04:00,27.67451115077036,27.75668568954471,26.816246454797763,26.871028900146484,75200,0.0,0.0
2023-06-13 00:00:00-04:00,27.026248973943193,27.784079524529147,27.00798757718145,27.601469039916992,74400,0.0,0.0
2023-06-14 00:00:00-04:00,27.69277514394391,27.738426895766178,26.88929281795414,26.989727020263672,65800,0.0,0.0
2023-06-15 00:00:00-04:00,26.834506455152777,27.26364055017865,26.752331915318145,27.217987060546875,72900,0.0,0.0
2023-06-16 00:00:00-04:00,27.501038186880074,27.501038186880074,26.478422483331528,26.752336502075195,115800,0.0,0.0
2023-06-20 00:00:00-04:00,26.724943949462922,26.724943949462922,26.19537561296412,26.332332611083984,100300,0.0,0.0
2023-06-21 00:00:00-04:00,26.29580974535585,26.432768484609877,25.903200149536133,25.903200149536133,41700,0.0,0.0
2023-06-22 00:00:00-04:00,25.83015463557511,25.83015463557511,25.054062709695735,25.236671447753906,88100,0.0,0.0
2023-06-23 00:00:00-04:00,24.880582043645713,25.583630101004754,24.615797031847165,25.346237182617188,393700,0.0,0.0
2023-06-26 00:00:00-04:00,25.3371037855229,25.711453648078905,25.127102982918768,25.15449333190918,44700,0.0,0.0
2023-06-27 00:00:00-04:00,25.273194220014766,25.62928273922006,24.798408366739306,25.309715270996094,77000,0.0,0.0
2023-06-28 00:00:00-04:00,25.318846911681472,25.318846911681472,24.707104046822657,24.91710662841797,121800,0.0,0.0
2023-06-29 00:00:00-04:00,25.154495223861115,25.69319418688631,24.96275580049748,25.2275390625,136900,0.0,0.0
2023-06-30 00:00:00-04:00,25.382758808773932,25.382758808773932,24.78927737007827,24.816669464111328,102300,0.0,0.0
2023-07-03 00:00:00-04:00,24.82580073912413,25.309715554437293,24.82580073912413,25.081453323364258,37100,0.0,0.0
2023-07-05 00:00:00-04:00,24.981017829312353,25.537976460000696,24.716232819089637,25.06319236755371,67600,0.0,0.0
2023-07-06 00:00:00-04:00,24.716234091895938,24.971888417534707,24.067970191833417,24.360145568847656,183300,0.0,0.0
2023-07-07 00:00:00-04:00,24.414930834443723,24.962760600322987,24.414930834443723,24.688846588134766,114800,0.0,0.0
2023-07-10 00:00:00-04:00,24.69797028855096,25.69319365795676,24.378404589523594,24.524492263793945,63100,0.0,0.0
2023-07-11 00:00:00-04:00,24.66144773445955,24.889709929252955,24.351011010220336,24.725360870361328,73900,0.0,0.0
2023-07-12 00:00:00-04:00,25.181891285371663,25.45580528806387,24.771018539830592,24.78927993774414,76300,0.0,0.0
2023-07-13 00:00:00-04:00,24.898846088889904,25.401022331013092,24.86232329378865,24.953628540039062,70100,0.0,0.0
2023-07-14 00:00:00-04:00,25.090583273168665,25.090583273168665,24.542753586633886,24.60666847229004,60700,0.0,0.0
2023-07-17 00:00:00-04:00,24.597536032279613,25.45580068084698,24.597536032279613,24.889711380004883,69600,0.0,0.0
2023-07-18 00:00:00-04:00,24.944499289104442,25.693199217109335,24.944499289104442,25.54711151123047,175200,0.0,0.0
2023-07-19 00:00:00-04:00,25.747979313419844,26.460156330812776,25.647543378555692,26.359722137451172,87700,0.0,0.0
2023-07-20 00:00:00-04:00,26.60624727742157,26.60624727742157,25.948852624987623,26.304941177368164,77300,0.0,0.0
2023-07-21 00:00:00-04:00,26.396240951292132,26.761460126901888,25.87580340836043,26.003629684448242,119600,0.0,0.0
2023-07-24 00:00:00-04:00,25.875808365532432,26.4510284596281,25.702328570819912,26.250158309936523,48200,0.0,0.0
2023-07-25 00:00:00-04:00,26.222765576118153,26.451027816743668,26.094939278648727,26.204505920410156,55100,0.0,0.0
2023-07-26 00:00:00-04:00,26.432770727375203,26.989729464354372,26.405378628899694,26.752336502075195,71800,0.0,0.0
2023-07-27 00:00:00-04:00,27.017117838350917,27.017117838350917,26.113199611304182,26.314069747924805,62000,0.0,0.0
2023-07-28 00:00:00-04:00,26.44189579831763,26.880160601985118,26.3505922998269,26.396244049072266,63900,0.0,0.0
2023-07-31 00:00:00-04:00,26.396245996453487,27.007988885586734,26.094939901298467,26.898422241210938,101000,0.0,0.0
2023-08-01 00:00:00-04:00,26.934940996780288,26.962333089141634,26.624504249361607,26.907548904418945,67100,0.0,0.0
2023-08-02 00:00:00-04:00,26.64276933798046,27.802341952834936,26.61537724182152,27.63799285888672,74000,0.0,0.0
2023-08-03 00:00:00-04:00,27.601467081212324,28.11277570524091,27.437118005024743,27.820598602294922,49500,0.0,0.0
2023-08-04 00:00:00-04:00,27.72929560165688,28.24973319118162,27.72929560165688,28.240602493286133,66800,0.0,0.0
2023-08-07 00:00:00-04:00,28.30451741043143,28.742780487858116,28.076255173250534,28.67886734008789,92400,0.0,0.0
2023-08-08 00:00:00-04:00,28.012339452058562,28.359297254438232,27.564945717265235,28.26799201965332,49600,0.0,0.0
2023-08-09 00:00:00-04:00,28.332428588422466,28.332428588422466,27.881392746517104,28.0102596282959,36100,0.25,0.0
2023-08-10 00:00:00-04:00,27.982645657516386,28.148332658213203,27.4579713257629,27.660476684570312,75200,0.0,0.0
2023-08-11 00:00:00-04:00,27.623660176837518,27.798552217697086,27.49479328129877,27.76173210144043,58700,0.0,0.0
2023-08-14 00:00:00-04:00,27.63286083614207,27.63286083614207,27.246258454981938,27.596040725708008,47800,0.0,0.0
2023-08-15 00:00:00-04:00,27.292281756616713,27.292281756616713,26.82283588404803,26.924089431762695,42400,0.0,0.0
2023-08-16 00:00:00-04:00,26.81363405155554,27.246261621030083,26.78602072120079,26.85965919494629,45000,0.0,0.0
2023-08-17 00:00:00-04:00,27.016137887162515,27.365920156015843,26.85965593001457,27.117389678955078,43800,0.0,0.0
2023-08-18 00:00:00-04:00,26.89647609090357,27.24626013892742,26.89647609090357,26.93329620361328,42900,0.0,0.0
2023-08-21 00:00:00-04:00,27.135801559872128,27.30148855572735,26.519078717344144,26.546693801879883,56200,0.0,0.0
2023-08-22 00:00:00-04:00,26.482260932237768,26.776814817595273,26.252140489842265,26.32577896118164,66700,0.0,0.0
2023-08-23 00:00:00-04:00,26.399416656304872,26.601922007614025,26.19690954931613,26.270549774169922,40900,0.0,0.0
2023-08-24 00:00:00-04:00,26.132477916655656,26.583513791019946,26.11406961484792,26.463851928710938,53900,0.0,0.0
2023-08-25 00:00:00-04:00,26.55590220387203,26.730794250125115,26.07725121185297,26.18770980834961,42300,0.0,0.0
2023-08-28 00:00:00-04:00,26.224525078448032,26.629537543615616,26.224525078448032,26.344188690185547,50600,0.0,0.0
2023-08-29 00:00:00-04:00,26.353391274059135,26.537488323145904,26.031224071676657,26.08645248413086,55400,0.0,0.0
2023-08-30 00:00:00-04:00,26.0220192505849,26.049632579191798,25.801103843331777,25.975994110107422,67800,0.0,0.0
2023-08-31 00:00:00-04:00,26.0312229253831,26.712379167921874,26.0128128701492,26.629535675048828,102700,0.0,0.0
2023-09-01 00:00:00-04:00,26.767607274954663,27.108186270208698,26.767607274954663,27.034547805786133,46500,0.0,0.0
2023-09-05 00:00:00-04:00,27.03454939791281,27.59604206382265,26.960910929153506,27.043752670288086,74000,0.0,0.0
2023-09-06 00:00:00-04:00,27.062165748221886,27.255467847599355,26.40862448446709,26.417829513549805,45000,0.0,0.0
2023-09-07 00:00:00-04:00,26.334984254019787,26.8780686439813,26.316574197080154,26.795225143432617,67600,0.0,0.0
2023-09-08 00:00:00-04:00,26.99772976397901,27.32910375710621,26.574309000031686,27.025344848632812,56200,0.0,0.0
2023-09-11 00:00:00-04:00,27.03454827745021,27.237053619225446,26.454643823785542,26.620330810546875,59800,0.0,0.0
2023-09-12 00:00:00-04:00,26.611126630539033,26.859657118597674,26.38100619841353,26.48225975036621,56300,0.0,0.0
2023-09-13 00:00:00-04:00,26.454646506738655,26.509874922700366,26.11406922668179,26.288959503173828,59400,0.0,0.0
2023-09-14 00:00:00-04:00,26.408619033079198,26.730787961751545,26.390208978714053,26.592714309692383,36500,0.0,0.0
2023-09-15 00:00:00-04:00,26.61112662489432,26.68476509293168,25.975993740772374,26.095657348632812,256900,0.0,0.0
2023-09-18 00:00:00-04:00,26.10486574456141,26.233732641332878,25.359274184349868,25.44211769104004,53800,0.0,0.0
2023-09-19 00:00:00-04:00,25.350067792743953,25.607801554584878,25.1843807997436,25.313247680664062,52900,0.0,0.0
2023-09-20 00:00:00-04:00,25.51575303006473,25.755078491545284,25.285632596604145,25.313247680664062,80500,0.0,0.0
2023-09-21 00:00:00-04:00,25.119945177510974,25.3224505093232,25.083125068629062,25.23040199279785,42300,0.0,0.0
2023-09-22 00:00:00-04:00,25.23960851859062,25.405295507037835,24.816186019705565,25.055511474609375,46500,0.0,0.0
2023-09-25 00:00:00-04:00,25.046305855755026,25.38688485237888,25.046305855755026,25.3776798248291,37700,0.0,0.0
2023-09-26 00:00:00-04:00,25.083128139309274,25.690645964797806,24.86221272601159,25.073923110961914,49100,0.0,0.0
2023-09-27 00:00:00-04:00,25.073921242688634,25.35927007747667,24.79777743556209,24.972667694091797,51200,0.0,0.0
2023-09-28 00:00:00-04:00,24.991080053663214,25.313249028802083,24.972669996642782,25.14756202697754,44400,0.0,0.0
2023-09-29 00:00:00-04:00,25.258021031249577,25.340864533532283,24.853008548498547,24.93585205078125,70000,0.0,0.0
2023-10-02 00:00:00-04:00,24.917442690784206,24.954262806464595,24.57686539913936,24.80698585510254,48500,0.0,0.0
2023-10-03 00:00:00-04:00,24.613679821810504,24.613679821810504,24.245487502303288,24.328330993652344,38200,0.0,0.0
2023-10-04 00:00:00-04:00,24.3191238245792,24.687316111662142,24.07059337241847,24.63208770751953,59200,0.0,0.0
2023-10-05 00:00:00-04:00,24.67811539287257,25.05551277247153,24.530838452330517,24.991079330444336,75900,0.0,0.0
2023-10-06 00:00:00-04:00,24.79777637317344,25.16596868546121,24.567655958533656,24.8345947265625,38900,0.0,0.0
2023-10-09 00:00:00-04:00,24.659705598337204,25.009487872017097,24.586065376847213,24.779367446899414,38300,0.0,0.0
2023-10-10 00:00:00-04:00,24.90823952973245,25.073926551359566,24.85301110775004,24.89903450012207,31400,0.0,0.0
2023-10-11 00:00:00-04:00,24.963463540763772,25.1751739024649,24.65970466137711,24.73334312438965,40000,0.0,0.0
2023-10-12 00:00:00-04:00,24.78857463071362,24.78857463071362,24.199466852988778,24.57686424255371,55300,0.0,0.0
2023-10-13 00:00:00-04:00,24.4019740432866,24.42038410164153,23.996961537877084,24.098215103149414,34000,0.0,0.0
2023-10-16 00:00:00-04:00,24.28230711942655,24.622886129985165,24.190260351521655,24.355945587158203,40800,0.0,0.0
2023-10-17 00:00:00-04:00,24.411175173026006,25.165969888209425,24.09821125370417,25.064716339111328,68800,0.0,0.0
2023-10-18 00:00:00-04:00,24.88982534078588,24.88982534078588,24.21787238355589,24.429584503173828,65300,0.0,0.0
2023-10-19 00:00:00-04:00,24.40197145663005,24.63209189463409,24.300717902090796,24.512428283691406,64700,0.0,0.0
2023-10-20 00:00:00-04:00,24.632090352067614,24.632090352067614,23.803657178269006,23.914113998413086,245000,0.0,0.0
2023-10-23 00:00:00-04:00,23.89570693417799,24.29151439320958,23.72081665444567,23.960142135620117,49000,0.0,0.0
2023-10-24 00:00:00-04:00,24.0521841990008,24.162642767006037,23.030450784429377,23.711606979370117,66500,0.0,0.0
2023-10-25 00:00:00-04:00,23.59194946022864,24.263902556928894,23.59194946022864,24.17185401916504,65100,0.0,0.0
2023-10-26 00:00:00-04:00,24.245493198903873,24.89903450012207,24.245493198903873,24.89903450012207,64300,0.0,0.0
2023-10-27 00:00:00-04:00,24.862211838478945,24.926645278930664,24.503224524145317,24.926645278930664,76900,0.0,0.0
2023-10-30 00:00:00-04:00,25.156762160900378,25.607797936067833,24.87141335532083,25.009485244750977,51500,0.0,0.0
2023-10-31 00:00:00-04:00,22.87397250621866,25.570984393340378,22.87397250621866,25.156766891479492,86200,0.0,0.0
2023-11-01 00:00:00-04:00,25.073921921253284,25.211993828553137,24.135030142526993,24.457199096679688,66800,0.0,0.0
2023-11-02 00:00:00-04:00,24.678116059717578,25.248815536499023,24.678116059717578,25.248815536499023,55000,0.0,0.0
2023-11-03 00:00:00-04:00,25.810308272346553,26.647946497118813,25.331657356568247,26.29816246032715,58200,0.0,0.0
2023-11-06 00:00:00-05:00,26.39941633959548,26.408621367591774,26.077247382443513,26.279752731323242,77900,0.0,0.0
2023-11-07 00:00:00-05:00,26.095657512153153,26.417826470215207,25.80110363815799,26.08645248413086,56700,0.0,0.0
2023-11-08 00:00:00-05:00,26.012813937842267,26.012813937842267,25.442114491923594,25.893150329589844,70500,0.0,0.0
2023-11-09 00:00:00-05:00,26.051038611810135,26.125337405325062,25.642396133189504,25.902441024780273,60000,0.25,0.0
2023-11-10 00:00:00-05:00,25.958161248675868,26.236781225689366,25.71668977526695,26.097471237182617,61400,0.0,0.0
2023-11-13 00:00:00-05:00,25.95816458747688,26.283220678661245,25.76312916134342,26.1531982421875,36600,0.0,0.0
2023-11-14 00:00:00-05:00,26.413244362753133,28.177841875797476,26.320370436503893,28.168554306030273,77600,0.0,0.0
2023-11-15 00:00:00-05:00,28.112830498852077,28.64220957261026,27.462714790230187,28.1964168548584,82900,0.0,0.0
2023-11-16 00:00:00-05:00,28.261427090043185,28.34501344314693,27.59273626521324,27.73204803466797,58100,0.0,0.0
2023-11-17 00:00:00-05:00,28.029240334135853,28.233561525819223,27.611308610894245,27.84349250793457,85600,0.0,0.0
2023-11-20 00:00:00-05:00,28.02924379193934,28.1964165018591,27.314116875692704,27.648462295532227,65300,0.0,0.0
2023-11-21 00:00:00-05:00,27.462714325270937,27.639174604010357,27.081932830543554,27.146944046020508,55000,0.0,0.0
2023-11-22 00:00:00-05:00,27.434856948695934,27.61131547891452,26.942626326821205,27.026212692260742,49700,0.0,0.0
2023-11-24 00:00:00-05:00,27.007634045509498,27.369840401122676,26.849748905884283,27.146944046020508,27900,0.0,0.0
2023-11-27 00:00:00-05:00,27.01692201229091,27.01692201229091,26.543266586451207,26.84046173095703,46700,0.0,0.0
2023-11-28 00:00:00-05:00,26.738301236392843,27.072644878612444,26.218207977077483,26.9519100189209,51600,0.0,0.0
2023-11-29 00:00:00-05:00,27.18409379394107,27.444138650775923,25.28947215539881,27.128368377685547,43800,0.0,0.0
2023-11-30 00:00:00-05:00,27.286252429380394,27.369838779017712,26.515401916053868,26.76616096496582,138200,0.0,0.0
2023-12-01 00:00:00-05:00,26.794023321756207,28.04781677850475,26.747585477329885,27.927080154418945,74400,0.0,0.0
2023-12-04 00:00:00-05:00,27.77848372463784,28.280001836299206,27.77848372463784,28.038530349731445,60900,0.0,0.0
2023-12-05 00:00:00-05:00,28.029244725739314,28.06639323394644,27.499865640972214,27.685611724853516,53800,0.0,0.0
2023-12-06 00:00:00-05:00,27.824918746589027,28.660782234394187,27.81563294910021,28.001379013061523,86400,0.0,0.0
2023-12-07 00:00:00-05:00,28.131405741640368,29.060141459413806,27.95494545926503,29.022991180419922,77600,0.0,0.0
2023-12-08 00:00:00-05:00,29.106577663574242,29.5523703849067,28.71650858955264,29.34804916381836,66900,0.0,0.0
2023-12-11 00:00:00-05:00,29.310899361872192,29.3294745017525,29.06014205917937,29.11586570739746,54800,0.0,0.0
2023-12-12 00:00:00-05:00,29.283034420301956,29.283034420301956,28.72579270003095,28.790803909301758,54300,0.0,0.0
2023-12-13 00:00:00-05:00,28.809379126655188,30.527538592747295,28.71650521111498,30.499677658081055,160800,0.0,0.0
2023-12-14 00:00:00-05:00,31.17765318282602,31.762757591079414,30.741146325876418,31.168367385864258,140300,0.0,0.0
2023-12-15 00:00:00-05:00,31.465565567733268,32.078530969702626,30.722577738504558,31.10335922241211,261400,0.0,0.0
2023-12-18 00:00:00-05:00,31.10335816164799,31.484139632569182,30.759723423787285,31.066207885742188,114500,0.0,0.0
2023-12-19 00:00:00-05:00,31.038343883643783,31.948507943074972,31.038343883643783,31.83705711364746,88300,0.0,0.0
2023-12-20 00:00:00-05:00,31.89278743477188,32.46860263734975,31.242671667811884,31.270532608032227,86000,0.0,0.0
2023-12-21 00:00:00-05:00,31.409842797188386,31.50271495509627,30.759727063296022,30.917613983154297,114400,0.0,0.0
2023-12-22 00:00:00-05:00,30.917611251118238,31.400554223824557,30.676137993342376,30.926897048950195,115200,0.0,0.0
2023-12-26 00:00:00-05:00,31.14050657220599,31.391265633810242,30.880461712547728,31.019773483276367,161100,0.0,0.0
2023-12-27 00:00:00-05:00,31.21480638157668,31.21480638157668,30.759724345211648,30.926897048950195,86700,0.0,0.0
2023-12-28 00:00:00-05:00,30.926899434888877,30.945474574831234,30.64827942144488,30.69471549987793,62000,0.0,0.0
2023-12-29 00:00:00-05:00,30.601842771273994,30.70400426762542,30.044599211951358,30.100324630737305,71500,0.0,0.0
2024-01-02 00:00:00-05:00,29.970302796839437,30.704004882748105,29.821705219945528,30.341794967651367,129400,0.0,0.0
2024-01-03 00:00:00-05:00,30.23034430148095,30.332505788493048,29.62666649120227,29.7845516204834,138500,0.0,0.0
2024-01-04 00:00:00-05:00,29.886714405671842,30.32322130810379,29.793842254996957,29.868139266967773,78600,0.0,0.0
2024-01-05 00:00:00-05:00,30.202485361864554,30.50896630030808,29.914576019700185,30.03531265258789,114100,0.0,0.0
2024-01-08 00:00:00-05:00,29.933153196238653,30.434671358204707,29.70096925564464,30.18391227722168,85500,0.0,0.0
2024-01-09 00:00:00-05:00,29.81241332188385,29.961010886034316,29.53379333195739,29.849563598632812,73300,0.0,0.0
2024-01-10 00:00:00-05:00,29.700967700798458,30.137474619974704,29.357336478705236,29.803129196166992,63500,0.0,0.0
2024-01-11 00:00:00-05:00,29.53379619154138,30.091039768194303,28.670073430571094,29.060142517089844,72200,0.0,0.0
2024-01-12 00:00:00-05:00,29.236598827910655,29.431634242161685,28.530759497413637,28.911540985107422,75800,0.0,0.0
2024-01-16 00:00:00-05:00,28.57719827648173,28.967267346284462,28.41931313462294,28.447174072265625,90200,0.0,0.0
2024-01-17 00:00:00-05:00,28.10354315486481,30.4625309671495,28.10354315486481,29.34804916381836,118100,0.0,0.0
2024-01-18 00:00:00-05:00,29.31090003205223,29.40377396215446,28.948693653218715,29.283039093017578,84000,0.0,0.0
2024-01-19 00:00:00-05:00,29.4873565008791,29.68239013453905,28.911539626002895,29.608091354370117,238100,0.0,0.0
2024-01-22 00:00:00-05:00,29.942444875816022,30.555410385131836,29.942444875816022,30.555410385131836,65100,0.0,0.0
2024-01-23 00:00:00-05:00,30.64828086128851,30.64828086128851,30.007454445976983,30.026029586791992,86800,0.0,0.0
2024-01-24 00:00:00-05:00,30.32322297166782,30.434670267160886,30.109610636274773,30.174625396728516,71000,0.0,0.0
2024-01-25 00:00:00-05:00,30.49039438006794,30.55540559489084,28.846530013454426,30.09103775024414,150500,0.0,0.0
2024-01-26 00:00:00-05:00,30.32321924369768,30.41609138804982,30.016734790214223,30.39751625061035,77000,0.0,0.0
2024-01-29 00:00:00-05:00,30.323224892722674,30.834028867509435,30.323224892722674,30.750442504882812,62600,0.0,0.0
2024-01-30 00:00:00-05:00,31.029056140720517,31.72560783817115,30.546113205346657,31.58629608154297,61100,0.0,0.0
2024-01-31 00:00:00-05:00,31.149793918219363,31.781334430812063,30.769012451171875,30.769012451171875,97300,0.0,0.0
2024-02-01 00:00:00-05:00,31.038346365356844,31.121932722688058,29.422348180747605,30.174625396728516,105400,0.0,0.0
2024-02-02 00:00:00-05:00,29.738119263747553,30.332509579362814,29.68239384309147,29.886716842651367,88100,0.0,0.0
2024-02-05 00:00:00-05:00,29.55236801147963,29.626666792401245,28.874391414142053,29.227310180664062,75500,0.0,0.0
2024-02-06 00:00:00-05:00,29.27375152286507,29.70096912134328,29.04156758332094,29.283039093017578,81500,0.0,0.0
2024-02-07 00:00:00-05:00,29.273749077512434,29.6452429954661,28.800093667837988,29.440921783447266,73400,0.0,0.0
2024-02-08 00:00:00-05:00,29.469020887094054,29.81560584503809,29.33788150191313,29.562692642211914,77800,0.27,0.0
2024-02-09 00:00:00-05:00,29.572059433412036,30.424468994140625,29.403450634737794,30.424468994140625,62200,0.0,0.0
2024-02-12 00:00:00-05:00,30.396367450610967,31.408016627168873,30.330797762004437,31.164472579956055,111400,0.0,0.0
2024-02-13 00:00:00-05:00,30.508774769288053,31.68903641323231,29.197375523385794,29.49712371826172,130900,0.0,0.0
2024-02-14 00:00:00-05:00,29.778140124195343,30.152823595409288,29.047502531399502,29.984214782714844,78300,0.0,0.0
2024-02-15 00:00:00-05:00,30.265226529978946,31.47358471073447,29.937374530385554,31.389280319213867,130800,0.0,0.0
2024-02-16 00:00:00-05:00,30.98650198001997,31.286250185232216,30.536876098921134,30.9302978515625,74200,0.0,0.0
2024-02-20 00:00:00-05:00,30.65864960418262,32.213594742483934,30.574345199015905,30.752323150634766,95000,0.0,0.0
2024-02-21 00:00:00-05:00,30.46193814631064,30.827256015847553,30.26522907398771,30.761686325073242,79600,0.0,0.0
2024-02-22 00:00:00-05:00,30.6024456156816,30.6024456156816,29.796872765566757,29.899911880493164,79400,0.0,0.0
2024-02-23 00:00:00-05:00,29.88117680684792,30.20902707036598,29.15054101650275,29.76877212524414,67600,0.0,0.0
2024-02-26 00:00:00-05:00,29.60016200984857,29.974847243058782,29.300413823280405,29.328514099121094,62000,0.0,0.0
2024-02-27 00:00:00-05:00,29.53459428413564,29.834342490664653,29.010033136069627,29.14117431640625,62600,0.0,0.0
2024-02-28 00:00:00-05:00,28.766485350800743,29.365983510469142,28.766485350800743,29.188007354736328,104300,0.0,0.0
2024-02-29 00:00:00-05:00,29.6844644946572,30.09661911790583,29.188005476047707,29.469018936157227,76300,0.0,0.0
2024-03-01 00:00:00-05:00,29.347250393619156,29.459656862977692,28.719651924081194,29.150541305541992,74500,0.0,0.0
2024-03-04 00:00:00-05:00,29.609530079101784,31.670301591487345,29.309781885294466,30.911561965942383,310200,0.0,0.0
2024-03-05 00:00:00-05:00,30.53687354877262,31.604730460604543,30.53687354877262,31.183208465576172,136900,0.0,0.0
2024-03-06 00:00:00-05:00,31.183208073992386,31.84827411708547,30.583711721160302,31.37991714477539,152000,0.0,0.0
2024-03-07 00:00:00-05:00,31.632830338616447,32.2604269663375,30.564977013474284,31.37991714477539,112100,0.0,0.0
2024-03-08 00:00:00-05:00,31.773332551598756,32.07308427549518,31.482953540658816,31.492319107055664,120200,0.0,0.0
2024-03-11 00:00:00-04:00,31.3892829934613,31.63283062228342,31.248778044476374,31.323713302612305,94900,0.0,0.0
2024-03-12 00:00:00-04:00,31.164475993790557,31.370554222431135,30.73358840052428,30.799158096313477,99400,0.0,0.0
2024-03-13 00:00:00-04:00,30.77105424945802,31.417389212715225,30.38700164266943,30.518144607543945,103100,0.0,0.0
2024-03-14 00:00:00-04:00,30.508774814104413,30.508774814104413,29.684467276984737,29.871809005737305,146400,0.0,0.0
2024-03-15 00:00:00-04:00,29.72193269527179,30.518141683092836,29.72193269527179,29.97484588623047,1125100,0.0,0.0
2024-03-18 00:00:00-04:00,29.937376805413667,30.11535474174881,29.46901983321403,29.54395866394043,86400,0.0,0.0
2024-03-19 00:00:00-04:00,29.590794748231133,29.89054293573674,29.590794748231133,29.65636444091797,91300,0.0,0.0
2024-03-20 00:00:00-04:00,29.628262840246737,30.836622963296772,29.32851464806813,30.536874771118164,87100,0.0,0.0
2024-03-21 00:00:00-04:00,30.6492876990477,31.117644767440087,30.621183845113176,30.892831802368164,109300,0.0,0.0
2024-03-22 00:00:00-04:00,31.03333338431835,31.03333338431835,30.555607280784148,30.92092514038086,92500,0.0,0.0
2024-03-25 00:00:00-04:00,31.070796642571334,31.32370981048433,30.66801297509481,30.84598731994629,56700,0.0,0.0
2024-03-26 00:00:00-04:00,30.96776609226138,31.145740465684373,30.817891995357723,30.911561965942383,86400,0.0,0.0
2024-03-27 00:00:00-04:00,30.977128456675185,31.707764156865732,30.977128456675185,31.69839859008789,83000,0.0,0.0
2024-03-28 00:00:00-04:00,31.77333400858514,32.541442699702095,31.426750863531865,32.44776916503906,167100,0.0,0.0
2024-04-01 00:00:00-04:00,32.260427847197384,32.260427847197384,31.211309201095414,31.501691818237305,87600,0.0,0.0
2024-04-02 00:00:00-04:00,31.20193896550747,31.27687421380642,30.75231675587471,31.052064895629883,127900,0.0,0.0
2024-04-03 00:00:00-04:00,30.864722763022343,31.79206749424307,30.630544295280565,31.155101776123047,110200,0.0,0.0
2024-04-04 00:00:00-04:00,31.35181607880901,31.84827331348131,31.108268458316157,31.164472579956055,106900,0.0,0.0
2024-04-05 00:00:00-04:00,30.967760927643102,31.267509071460214,30.87408739940042,31.136369705200195,47200,0.0,0.0
2024-04-08 00:00:00-04:00,31.117634955369418,31.65156155911554,31.117634955369418,31.55788803100586,74200,0.0,0.0
2024-04-09 00:00:00-04:00,31.689038342484963,31.707769479184773,31.398655697710044,31.614099502563477,59200,0.0,0.0
2024-04-10 00:00:00-04:00,30.761688399618073,30.771053967525944,29.693834994101064,30.002948760986328,98300,0.0,0.0
2024-04-11 00:00:00-04:00,30.08724979102832,30.21838916671375,29.69383166397203,30.040414810180664,67000,0.0,0.0
2024-04-12 00:00:00-04:00,29.862441693132492,30.218392228909078,29.824974061985568,30.105987548828125,49100,0.0,0.0
2024-04-15 00:00:00-04:00,30.24649685738367,30.43384037786073,29.693835437280573,29.899911880493164,58300,0.0,0.0
2024-04-16 00:00:00-04:00,29.721930231280222,29.77813434903833,29.4128147301702,29.422182083129883,61200,0.0,0.0
2024-04-17 00:00:00-04:00,29.693838074340544,29.93738217129316,29.36598777770996,29.36598777770996,60800,0.0,0.0
2024-04-18 00:00:00-04:00,29.37535208657433,30.049787320926214,29.37535208657433,29.862442016601562,87600,0.0,0.0
2024-04-19 00:00:00-04:00,29.778134879314603,31.14573627626415,29.778134879314603,31.061431884765625,102000,0.0,0.0
2024-04-22 00:00:00-04:00,30.95839655017951,31.408018835065786,30.95839655017951,31.1082706451416,50200,0.0,0.0
2024-04-23 00:00:00-04:00,30.92092499495195,31.89510833148139,30.92092499495195,31.117637634277344,134100,0.0,0.0
2024-04-24 00:00:00-04:00,30.74295420710826,31.258146209427608,30.461940712505022,31.070802688598633,165300,0.0,0.0
2024-04-25 00:00:00-04:00,30.74295340048489,31.15510627687035,30.105987590347137,30.340166091918945,159200,0.0,0.0
2024-04-26 00:00:00-04:00,30.499405110115006,30.705479733147765,30.11535256361957,30.209022521972656,64400,0.0,0.0
2024-04-29 00:00:00-04:00,30.293331392055848,30.564979314029234,29.90927878878604,30.002948760986328,85700,0.0,0.0
2024-04-30 00:00:00-04:00,29.36598661708406,30.068520386897244,29.36598661708406,29.72193717956543,87700,0.0,0.0
2024-05-01 00:00:00-04:00,29.731304578225963,29.993585162876286,29.525228124555195,29.67510223388672,139100,0.0,0.0
2024-05-02 00:00:00-04:00,29.899910299557295,30.171556424581702,29.815605898464174,29.9373779296875,133100,0.0,0.0
2024-05-03 00:00:00-04:00,30.24649391756755,30.24649391756755,29.862439559253815,30.115354537963867,135000,0.0,0.0
2024-05-06 00:00:00-04:00,30.1528236289383,30.358901860967435,29.918646905829245,30.218393325805664,269000,0.0,0.0
2024-05-07 00:00:00-04:00,30.237125509838062,30.611812523453576,30.0685167110391,30.096620559692383,94200,0.0,0.0
2024-05-08 00:00:00-04:00,29.75940189325476,30.415102356891662,29.75940189325476,30.265228271484375,80500,0.0,0.0
2024-05-09 00:00:00-04:00,30.388025034419318,30.671410199669936,30.33135088408284,30.633625030517578,110200,0.27,0.0
2024-05-10 00:00:00-04:00,30.718641966396312,30.803656801124223,30.416367799228688,30.5675048828125,47800,0.0,0.0
2024-05-13 00:00:00-04:00,30.69030446726831,30.95479345905497,30.473041534423828,30.473041534423828,65100,0.0,0.0
2024-05-14 00:00:00-04:00,30.850884691502863,30.87922176698656,30.586395711276065,30.841440200805664,87600,0.0,0.0
2024-05-15 00:00:00-04:00,31.238176738817934,31.238176738817934,30.926458067709333,31.105932235717773,72500,0.0,0.0
2024-05-16 00:00:00-04:00,31.10592857736248,31.427095305715923,30.94534341148974,31.379865646362305,69700,0.0,0.0
2024-05-17 00:00:00-04:00,31.57823189258715,32.16388758703781,31.46487999120134,31.96552085876465,88400,0.0,0.0
2024-05-20 00:00:00-04:00,31.993858232735654,32.20167305671483,31.445987701416016,31.445987701416016,92400,0.0,0.0
2024-05-21 00:00:00-04:00,31.45543423998632,31.92773806822453,30.888671087457368,31.719926834106445,63900,0.0,0.0
2024-05-22 00:00:00-04:00,31.719923927519567,31.78604616914257,31.275957216572067,31.32318687438965,66100,0.0,0.0
2024-05-23 00:00:00-04:00,31.313745022170266,31.313745022170266,30.567504114253794,30.831993103027344,95500,0.0,0.0
2024-05-24 00:00:00-04:00,30.841444912512834,31.002026502642295,30.56750779634683,30.945348739624023,104400,0.0,0.0
2024-05-28 00:00:00-04:00,30.96423864782765,31.115375732738514,30.265230981387038,30.3219051361084,95300,0.0,0.0
2024-05-29 00:00:00-04:00,29.85905093079169,29.85905093079169,29.339515598118226,29.566221237182617,86100,0.0,0.0
2024-05-30 00:00:00-04:00,29.660680328748175,30.378582370547456,29.660680328748175,30.132984161376953,70200,0.0,0.0
2024-05-31 00:00:00-04:00,30.246337132778258,30.48248904330583,29.717355555975313,29.896831512451172,207100,0.0,0.0
2024-06-03 00:00:00-04:00,30.312460541209386,30.33135312718273,29.953508614500482,30.274675369262695,91500,0.0,0.0
2024-06-04 00:00:00-04:00,30.066860707528864,30.24633666120651,29.877938461373866,30.095199584960938,79200,0.0,0.0
2024-06-05 00:00:00-04:00,30.321899816068342,30.321899816068342,29.736244165217286,29.962949752807617,63900,0.0,0.0
2024-06-06 00:00:00-04:00,29.80237080649245,30.09520047688079,29.698465189554252,30.038522720336914,47100,0.0,0.0
2024-06-07 00:00:00-04:00,29.755143642425537,30.293569762921834,29.73625105532483,30.227447509765625,67200,0.0,0.0
2024-06-10 00:00:00-04:00,30.038522298428497,30.085753761551665,29.689018479797504,29.896831512451172,75800,0.0,0.0
2024-06-11 00:00:00-04:00,29.632343251875977,30.293567536538585,29.339513578424913,30.132984161376953,120800,0.0,0.0
2024-06-12 00:00:00-04:00,30.728087288790462,31.814387583764315,30.369138957690023,30.850887298583984,141900,0.0,0.0
2024-06-13 00:00:00-04:00,30.765868306808745,30.935897957902153,30.406916420790218,30.643068313598633,57700,0.0,0.0
2024-06-14 00:00:00-04:00,30.265229690247146,30.68085575517298,30.21799822716733,30.350244522094727,65500,0.0,0.0
2024-06-17 00:00:00-04:00,30.331350112413414,30.794205810881916,30.18965753339295,30.737531661987305,57700,0.0,0.0
2024-06-18 00:00:00-04:00,30.756429082069133,31.190947774411867,30.756429082069133,31.11537742614746,77400,0.0,0.0
2024-06-20 00:00:00-04:00,30.86977692246295,31.266510388255828,30.86977692246295,31.134265899658203,54600,0.0,0.0
2024-06-21 00:00:00-04:00,31.134265899658203,31.313743651376747,30.803654678164136,31.134265899658203,166300,0.0,0.0
2024-06-24 00:00:00-04:00,31.162608520244394,31.75770875602,31.162608520244394,31.36097526550293,62300,0.0,0.0
2024-06-25 00:00:00-04:00,31.285399871171755,31.956073945041904,31.285399871171755,31.54989242553711,92800,0.0,0.0
2024-06-26 00:00:00-04:00,31.41764796024923,32.645640753049044,31.342081224161678,32.27724075317383,111500,0.0,0.0
2024-06-27 00:00:00-04:00,32.324475548599835,33.20296096801758,32.078875537046336,33.20296096801758,113400,0.0,0.0
2024-06-28 00:00:00-04:00,33.45800228470674,33.69415420462723,32.91957619555941,33.39188003540039,723500,0.0,0.0
2024-07-01 00:00:00-04:00,33.14628559136903,33.67526722060661,32.655089136375395,32.73065948486328,153000,0.0,0.0
2024-07-02 00:00:00-04:00,32.83456202872272,33.19351396325953,32.532287853341955,33.080162048339844,64400,0.0,0.0
2024-07-03 00:00:00-04:00,33.07071543061135,33.07071543061135,32.551181893681836,32.598411560058594,36600,0.0,0.0
2024-07-05 00:00:00-04:00,32.70231743066367,32.70231743066367,31.99386165857499,32.07887649536133,79700,0.0,0.0
2024-07-08 00:00:00-04:00,32.381152707705674,32.664537917089476,32.182785943851115,32.19223403930664,76000,0.0,0.0
2024-07-09 00:00:00-04:00,32.12610361532974,32.51339259593199,32.12610361532974,32.45671844482422,72600,0.0,0.0
2024-07-10 00:00:00-04:00,32.485059754320794,33.13684140414706,32.485059754320794,32.87234878540039,102800,0.0,0.0
2024-07-11 00:00:00-04:00,33.325759938325085,34.57264186775952,33.01404125766276,34.32704544067383,123100,0.0,0.0
2024-07-12 00:00:00-04:00,34.75211323308163,34.978817031120855,34.374268765160394,34.70488357543945,93800,0.0,0.0
2024-07-15 00:00:00-04:00,34.95048166220477,36.23514859173665,34.95048166220477,35.77228927612305,112800,0.0,0.0
2024-07-16 00:00:00-04:00,36.01789147164484,37.28366589377715,36.01789147164484,37.20809555053711,146900,0.0,0.0
2024-07-17 00:00:00-04:00,36.87748048267099,38.143254773526145,36.499636012442735,37.88821029663086,265100,0.0,0.0
2024-07-18 00:00:00-04:00,37.6709481338003,38.07712964733958,35.4700109277204,37.03805923461914,138500,0.0,0.0
2024-07-19 00:00:00-04:00,37.226992355343356,38.01101854004842,36.934162647189765,37.07585525512695,392400,0.0,0.0
2024-07-22 00:00:00-04:00,37.1797539794467,37.91654672001641,36.32960573771868,37.69928741455078,115400,0.0,0.0
2024-07-23 00:00:00-04:00,37.548153675316215,39.012294796065206,37.25532400980954,38.511653900146484,116300,0.0,0.0
2024-07-24 00:00:00-04:00,38.37941238902003,39.25789785040158,38.16215304743215,38.228275299072266,82800,0.0,0.0
2024-07-25 00:00:00-04:00,38.35107511551684,39.3712532658701,38.067693497105196,38.90839385986328,172500,0.0,0.0
2024-07-26 00:00:00-04:00,39.333463577039716,40.410315765508564,38.92728198266745,39.446815490722656,120800,0.0,0.0
2024-07-29 00:00:00-04:00,39.22955297485138,39.39013814266171,38.360515701404644,38.407745361328125,92400,0.0,0.0
2024-07-30 00:00:00-04:00,37.68985589123203,38.965075089156265,37.585948447784716,38.49277114868164,304800,0.0,0.0
2024-07-31 00:00:00-04:00,39.20121820136152,39.20121820136152,36.83025454142238,37.160865783691406,214600,0.0,0.0
2024-08-01 00:00:00-04:00,37.274222846786095,37.31200802352292,35.460577604132,35.5833740234375,149600,0.0,0.0
2024-08-02 00:00:00-04:00,34.893804549122336,35.58336768649955,34.6482081508561,35.4605712890625,135500,0.0,0.0
2024-08-05 00:00:00-04:00,34.44983789411893,35.073278721989894,33.90196379515171,35.054386138916016,150700,0.0,0.0
2024-08-06 00:00:00-04:00,35.04494577343661,35.564482914051915,34.61987517241327,35.10162353515625,142900,0.0,0.0
2024-08-07 00:00:00-04:00,35.34721721484092,35.725061723482376,34.780454055271015,34.97882080078125,130700,0.0,0.0
2024-08-08 00:00:00-04:00,35.49836148673851,35.62115790156734,34.86547241134411,35.61171340942383,111500,0.0,0.0
2024-08-09 00:00:00-04:00,35.53559454842604,35.7639373244732,34.898143832160955,35.69733810424805,150900,0.27,0.0
2024-08-12 00:00:00-04:00,36.106446466031805,36.47750026843062,34.87911186626268,35.040855407714844,97100,0.0,0.0
2024-08-13 00:00:00-04:00,35.32628755852736,35.68782517930651,34.71737827154601,35.58317184448242,78400,0.0,0.0
2024-08-14 00:00:00-04:00,35.84005038968096,35.84005038968096,35.002801984097516,35.155029296875,47300,0.0,0.0
2024-08-15 00:00:00-04:00,35.85907714550595,36.62021729395091,35.67830835641213,36.04936218261719,122200,0.0,0.0
2024-08-16 00:00:00-04:00,35.87810623993173,36.93418475468779,35.87810623993173,36.60118865966797,89800,0.0,0.0
2024-08-19 00:00:00-04:00,36.753413590394416,36.99126896558317,36.50604196774251,36.91515350341797,61600,0.0,0.0
2024-08-20 00:00:00-04:00,37.15301010483001,37.20058045556081,36.46798906965929,36.620216369628906,103900,0.0,0.0
2024-08-21 00:00:00-04:00,36.69633186001616,36.93418726674657,36.42041871715637,36.86758804321289,50500,0.0,0.0
2024-08-22 00:00:00-04:00,36.80099105834961,37.10544570713421,36.63924748465333,36.80099105834961,34500,0.0,0.0
2024-08-23 00:00:00-04:00,37.105441489096975,38.93216917414758,34.841057120457535,38.28520584106445,169200,0.0,0.0
2024-08-26 00:00:00-04:00,38.54208249293784,38.5801402231261,37.90463184451653,38.0092887878418,95600,0.0,0.0
2024-08-27 00:00:00-04:00,38.08540642058776,38.08540642058776,37.26718324382032,37.91415023803711,64400,0.0,0.0
2024-08-28 00:00:00-04:00,37.94268807140473,38.22811377773824,37.533576561552294,37.971229553222656,79700,0.0,0.0
2024-08-29 00:00:00-04:00,38.11395079563268,38.19957888524181,37.7524095695735,38.01880645751953,61200,0.0,0.0
2024-08-30 00:00:00-04:00,38.10442768963231,38.323254183833164,37.514547417030684,38.16151428222656,103600,0.0,0.0
2024-09-03 00:00:00-04:00,37.96171751139838,38.02831672290662,37.38134984306816,37.590660095214844,81400,0.0,0.0
2024-09-04 00:00:00-04:00,37.47649914676464,37.7904700411943,37.14350301272014,37.514556884765625,63000,0.0,0.0
2024-09-05 00:00:00-04:00,37.761921558228494,37.761921558228494,36.81049996929407,37.076900482177734,49600,0.0,0.0
2024-09-06 00:00:00-04:00,37.086414406197065,37.40038528369892,36.50604663582245,36.563133239746094,63000,0.0,0.0
2024-09-09 00:00:00-04:00,36.6202159421774,36.8961254249495,36.35381544830131,36.53458786010742,52900,0.0,0.0
2024-09-10 00:00:00-04:00,36.53458022939611,36.91514658069929,36.249150929188325,36.810489654541016,48700,0.0,0.0
2024-09-11 00:00:00-04:00,36.45847218793207,36.46798843554383,35.67830683548037,36.230133056640625,49300,0.0,0.0
2024-09-12 00:00:00-04:00,36.439445106811746,36.65827163059409,36.0588786595584,36.60118865966797,47000,0.0,0.0
2024-09-13 00:00:00-04:00,37.08640979578654,37.447950983586914,37.01029796273568,37.19106674194336,56800,0.0,0.0
2024-09-16 00:00:00-04:00,37.200576649764066,37.8190020341519,36.76292366079855,37.66677474975586,71800,0.0,0.0
2024-09-17 00:00:00-04:00,37.771436247298716,38.218601907656044,37.371837309162075,37.5621223449707,97900,0.0,0.0
2024-09-18 00:00:00-04:00,37.733376623636424,38.770426205977856,37.13398006115669,37.68580627441406,65600,0.0,0.0
2024-09-19 00:00:00-04:00,38.25665886028375,38.713340759277344,37.695320012261085,38.713340759277344,82100,0.0,0.0
2024-09-20 00:00:00-04:00,38.35180248744359,38.3803439714243,37.51455053995403,37.77143478393555,226400,0.0,0.0
2024-09-23 00:00:00-04:00,37.819009015741884,37.819009015741884,36.86758740528297,37.2481575012207,49100,0.0,0.0
2024-09-24 00:00:00-04:00,37.248155379812836,37.34329608368598,36.61070104983012,36.82001495361328,44800,0.0,0.0
2024-09-25 00:00:00-04:00,36.89613018235885,36.89613018235885,36.325278647876424,36.48701858520508,77800,0.0,0.0
2024-09-26 00:00:00-04:00,36.93417839023543,36.93417839023543,36.42040996412088,36.63923645019531,53000,0.0,0.0
2024-09-27 00:00:00-04:00,36.90563827399117,36.943696002380904,36.220613680514944,36.40138244628906,49800,0.0,0.0
2024-09-30 00:00:00-04:00,36.37284836168739,36.95321613481126,36.268191402024335,36.86758804321289,45100,0.0,0.0
2024-10-01 00:00:00-04:00,36.75341285268512,36.75341285268512,35.76393364070818,35.97324752807617,45400,0.0,0.0
2024-10-02 00:00:00-04:00,35.78296611238485,36.23964803408297,35.602193689843624,35.66879653930664,28600,0.0,0.0
2024-10-03 00:00:00-04:00,35.56413943224027,36.17304865855436,34.47951941919515,35.91616439819336,56000,0.0,0.0
2024-10-04 00:00:00-04:00,36.487009171648545,36.810492592233494,36.211099724484455,36.63923645019531,48400,0.0,0.0
2024-10-07 00:00:00-04:00,36.46798937328054,36.68681589197218,36.26818809153153,36.429931640625,130600,0.0,0.0
2024-10-08 00:00:00-04:00,36.620221333880274,36.82001901166534,36.31576306328344,36.35382080078125,42800,0.0,0.0
2024-10-09 00:00:00-04:00,36.3443085948607,36.99127562214634,36.24916425003302,36.439449310302734,57200,0.0,0.0
2024-10-10 00:00:00-04:00,36.10645088243986,36.56313282043535,35.86859547956395,36.47750473022461,54900,0.0,0.0
2024-10-11 00:00:00-04:00,36.60118437894018,37.85706040382592,36.60118437894018,37.53357696533203,53600,0.0,0.0
2024-10-14 00:00:00-04:00,37.56212392360702,38.085405072033986,37.44795434907767,37.62872314453125,62500,0.0,0.0
2024-10-15 00:00:00-04:00,38.01880399921516,39.11294022576421,38.01880399921516,38.304229736328125,98700,0.0,0.0
2024-10-16 00:00:00-04:00,38.60868492832325,39.30322216470292,38.40888366163427,38.97022247314453,122400,0.0,0.0
2024-10-17 00:00:00-04:00,38.97974214875225,39.2175975367639,38.62771356133767,39.1319694519043,111500,0.0,0.0
2024-10-18 00:00:00-04:00,39.04634230049196,39.04634230049196,38.494516045008005,38.56111526489258,59900,0.0,0.0
2024-10-21 00:00:00-04:00,38.64674703000311,38.64674703000311,37.571643161323216,37.70484161376953,66100,0.0,0.0
2024-10-22 00:00:00-04:00,37.780948678360915,38.05686179744483,37.69532059414126,38.0283203125,33800,0.0,0.0
2024-10-23 00:00:00-04:00,37.79046730481876,38.25666185872431,37.619211125600486,38.01880645751953,33200,0.0,0.0
2024-10-24 00:00:00-04:00,38.04734616785671,38.04734616785671,37.600176915722464,37.95220184326172,40600,0.0,0.0
2024-10-25 00:00:00-04:00,38.142489786366724,38.142489786366724,37.20058086230382,37.2291259765625,64100,0.0,0.0
2024-10-28 00:00:00-04:00,37.65726590938379,38.91314203896244,37.02932421520935,38.713340759277344,69300,0.0,0.0
2024-10-29 00:00:00-04:00,38.399381642033404,38.6943200558224,38.06638185856774,38.27569580078125,53200,0.0,0.0
2024-10-30 00:00:00-04:00,38.608687682898214,40.378328691629086,38.43743151602343,39.265167236328125,112500,0.0,0.0
2024-10-31 00:00:00-04:00,39.27467621593561,39.54107668938371,38.446940572321175,38.52305603027344,54400,0.0,0.0
2024-11-01 00:00:00-04:00,38.656261345768975,38.913145618090105,38.209092024018986,38.380348205566406,78200,0.0,0.0
2024-11-04 00:00:00-05:00,38.313743889521476,39.23662389746987,37.990260437309615,38.6467399597168,93500,0.0,0.0
2024-11-05 00:00:00-05:00,38.6562580338334,39.36982418601662,38.48500186695862,39.265167236328125,102800,0.0,0.0
2024-11-06 00:00:00-05:00,41.61517643981574,44.317213543239816,41.61517643981574,44.30769729614258,256900,0.0,0.0
2024-11-07 00:00:00-05:00,43.8890757031279,43.9081045690408,42.10040223055124,42.48097229003906,119800,0.0,0.0
2024-11-08 00:00:00-05:00,42.18423722326138,43.28502999636606,42.165092588346035,43.11273193359375,86200,0.27,0.0
2024-11-11 00:00:00-05:00,43.792351494855,44.48154376881688,42.53840525227788,44.13694763183594,79400,0.0,0.0
2024-11-12 00:00:00-05:00,44.06037118013681,44.55812077367392,43.830642845560334,44.2805290222168,91200,0.0,0.0
2024-11-13 00:00:00-05:00,44.73998739772682,44.74955788902614,43.84978199680114,44.03165054321289,135600,0.0,0.0
2024-11-14 00:00:00-05:00,44.29009898466193,44.30924361931349,43.438182825728674,43.7732048034668,96000,0.0,0.0
2024-11-15 00:00:00-05:00,44.012510910569205,44.34753656756583,43.17973931720308,43.65834426879883,92900,0.0,0.0
2024-11-18 00:00:00-05:00,43.849778926831014,44.041217951139224,43.22759114343333,43.48603820800781,123000,0.0,0.0
2024-11-19 00:00:00-05:00,43.313744729761446,43.581762313211385,42.94043348096597,43.21802520751953,72400,0.0,0.0
2024-11-20 00:00:00-05:00,43.10315494611151,43.44775104891692,42.59583493446216,43.017005920410156,65100,0.0,0.0
2024-11-21 00:00:00-05:00,43.07444151243432,43.955072786207246,43.064871020965334,43.15102005004883,81600,0.0,0.0
2024-11-22 00:00:00-05:00,43.28502545188931,44.079507634401956,43.122297897926494,43.99335861206055,77000,0.0,0.0
2024-11-25 00:00:00-05:00,44.48153702190299,45.065435537503795,43.69662534070805,43.70619583129883,90900,0.0,0.0
2024-11-26 00:00:00-05:00,43.63919277307058,44.4336749690754,43.189303020818016,43.725341796875,59300,0.0,0.0
2024-11-27 00:00:00-05:00,44.16566012911559,44.21351988940909,43.20845031738281,43.20845031738281,45200,0.0,0.0
2024-11-29 00:00:00-05:00,43.4286091022101,43.572192037751066,42.80642490161934,43.0552978515625,57600,0.0,0.0
2024-12-02 00:00:00-05:00,42.93086201777511,43.30417694134009,42.39482681741382,42.97872543334961,67700,0.0,0.0
2024-12-03 00:00:00-05:00,42.988291345303296,43.045725246993705,42.45225255058949,42.91171646118164,94600,0.0,0.0
2024-12-04 00:00:00-05:00,42.73941709849461,43.65833758860186,42.73941709849461,43.505184173583984,75100,0.0,0.0
2024-12-05 00:00:00-05:00,43.44775103808033,44.251807393937234,43.44775103808033,43.57218933105469,108700,0.0,0.0
2024-12-06 00:00:00-05:00,43.916788342709296,43.916788342709296,42.70113141157831,43.11273193359375,70800,0.0,0.0
2024-12-09 00:00:00-05:00,43.35203670544864,43.59133917745734,42.79685321768479,42.97872543334961,84700,0.0,0.0
2024-12-10 00:00:00-05:00,43.22759815893413,43.95507606317917,42.7489932175591,43.533905029296875,121500,0.0,0.0
2024-12-11 00:00:00-05:00,43.71577034913217,43.878497915888886,43.12230128826824,43.20845031738281,138800,0.0,0.0
2024-12-12 00:00:00-05:00,43.18930375739577,43.18930375739577,42.41396618139834,42.56711959838867,52400,0.0,0.0
2024-12-13 00:00:00-05:00,42.47139683318352,42.96914635598658,42.00236608672089,42.519256591796875,53300,0.0,0.0
2024-12-16 00:00:00-05:00,42.442681888555406,42.70112896792374,42.20337944300682,42.576690673828125,65400,0.0,0.0
2024-12-17 00:00:00-05:00,42.25123726975154,42.64369311644631,41.74391727685634,41.935359954833984,88700,0.0,0.0
2024-12-18 00:00:00-05:00,41.954508546082955,42.078943194762964,39.29346273920777,39.599769592285156,133000,0.0,0.0
2024-12-19 00:00:00-05:00,40.078369258902256,40.662267762210035,39.23602734896618,39.24559783935547,71600,0.0,0.0
2024-12-20 00:00:00-05:00,38.71913175686223,39.92521433052605,38.585122987729044,39.44660949707031,267800,0.0,0.0
2024-12-23 00:00:00-05:00,39.24559857769504,39.5231902732548,38.910576635788644,38.97758102416992,89300,0.0,0.0
2024-12-24 00:00:00-05:00,39.11159021034382,39.3030328869223,38.853143144682676,39.20730972290039,31000,0.0,0.0
2024-12-26 00:00:00-05:00,38.94886491867465,39.484903713924616,38.76699637367145,39.350894927978516,62500,0.0,0.0
2024-12-27 00:00:00-05:00,39.06373483272709,39.36046754579249,38.51812551677345,38.824432373046875,534300,0.0,0.0
2024-12-30 00:00:00-05:00,38.632988350291754,38.93929519606197,38.163953938756684,38.8052864074707,119700,0.0,0.0
2024-12-31 00:00:00-05:00,39.102017180023445,39.31260449539408,38.451114252028255,38.49897766113281,63700,0.0,0.0
2025-01-02 00:00:00-05:00,38.690418272484315,39.12116341176642,37.187599182128906,37.187599182128906,86600,0.0,0.0
2025-01-03 00:00:00-05:00,37.33118456307508,37.905509018843745,36.64199229498001,37.38861846923828,81900,0.0,0.0
2025-01-06 00:00:00-05:00,37.417331729049096,37.599200278956566,36.86214828491211,36.86214828491211,72900,0.0,0.0
2025-01-07 00:00:00-05:00,36.82386170683904,37.11102391289922,36.24953364325313,36.68027877807617,84500,0.0,0.0
2025-01-08 00:00:00-05:00,36.55583990087017,36.95786990412208,36.21124744996705,36.67070770263672,85100,0.0,0.0
2025-01-10 00:00:00-05:00,36.05808653396195,36.05808653396195,35.26360440623238,35.78049850463867,131400,0.0,0.0
2025-01-13 00:00:00-05:00,35.57948755954758,36.84300789205104,35.5124831636945,36.53669738769531,107600,0.0,0.0
2025-01-14 00:00:00-05:00,36.87172577063321,37.608777831498436,36.73771696892426,37.58005905151367,101100,0.0,0.0
2025-01-15 00:00:00-05:00,38.53726520852387,38.61384374575826,37.8767917564726,38.25010299682617,95400,0.0,0.0
2025-01-16 00:00:00-05:00,38.02037699007385,38.29796507569156,37.40776326096933,37.78107452392578,86600,0.0,0.0
2025-01-17 00:00:00-05:00,38.03952084730618,38.45111772131157,37.72363984574961,38.04909133911133,69500,0.0,0.0
2025-01-21 00:00:00-05:00,38.26924975215121,38.85314835079544,37.943798253798654,38.05866241455078,58300,0.0,0.0
2025-01-22 00:00:00-05:00,37.83850213671839,37.83850213671839,37.09187966293982,37.187599182128906,83800,0.0,0.0
2025-01-23 00:00:00-05:00,36.967443256182364,37.40776256076691,36.39311880876362,37.15888595581055,71900,0.0,0.0
2025-01-24 00:00:00-05:00,36.823860389704755,37.65663185293195,36.4696901518153,37.55133819580078,93900,0.0,0.0
2025-01-27 00:00:00-05:00,37.551342715440356,38.40325891445125,37.551342715440356,38.230960845947266,105900,0.0,0.0
2025-01-28 00:00:00-05:00,38.61384350105279,39.992224299345985,38.47983471320749,39.9156494140625,114500,0.0,0.0
2025-01-29 00:00:00-05:00,39.465756445884985,40.47082592486342,38.07780161707414,39.92521667480469,85000,0.0,0.0
2025-01-30 00:00:00-05:00,41.35146353699395,41.35146353699395,39.274316400024894,39.685916900634766,550200,0.0,0.0
2025-01-31 00:00:00-05:00,40.0305160773913,40.24110341518824,39.14988475836013,39.561485290527344,112700,0.0,0.0
2025-02-03 00:00:00-05:00,38.79570924626953,39.236028497839634,38.44154266805182,39.20730972290039,88700,0.0,0.0
2025-02-04 00:00:00-05:00,39.00630183112845,39.74335386218702,39.00630183112845,39.61891555786133,79200,0.0,0.0
2025-02-05 00:00:00-05:00,39.6667757050407,39.963512079319045,38.62341680050403,39.45619201660156,182600,0.0,0.0
2025-02-06 00:00:00-05:00,39.59976690960136,39.72420520131702,39.19774056147217,39.50404739379883,153700,0.0,0.0
2025-02-07 00:00:00-05:00,39.408327513069864,39.408327513069864,38.240533986733496,38.60427474975586,156800,0.0,0.0
2025-02-10 00:00:00-05:00,38.80674383867631,38.80674383867631,38.0739970018673,38.50785827636719,117300,0.29,0.0
2025-02-11 00:00:00-05:00,38.37287434183953,39.45271301269531,38.25717826086872,39.45271301269531,129300,0.0,0.0
2025-02-12 00:00:00-05:00,38.826023034055694,39.202038060468205,38.55606428235689,38.835662841796875,96100,0.0,0.0
2025-02-13 00:00:00-05:00,39.095989229683255,39.134555823815404,38.478938435220336,39.07670593261719,80400,0.0,0.0
2025-02-14 00:00:00-05:00,39.250248377913756,39.49128405256749,38.671764229909826,38.88387680053711,60900,0.0,0.0
2025-02-18 00:00:00-05:00,38.989929551549416,39.02849614233507,38.56570808664483,38.710330963134766,108400,0.0,0.0
2025-02-19 00:00:00-05:00,38.5849877048442,38.66211720115245,38.26681887805322,38.51749801635742,112000,0.0,0.0
2025-02-20 00:00:00-05:00,38.334312436492624,38.63319799990181,37.81367816959404,38.39216232299805,121100,0.0,0.0
2025-02-21 00:00:00-05:00,38.70068430850954,39.11526593073702,37.75582497908083,37.861881256103516,128000,0.0,0.0
2025-02-24 00:00:00-05:00,38.10292053319583,38.430729203369715,37.59192607124429,38.08363723754883,105700,0.0,0.0
2025-02-25 00:00:00-05:00,38.56570467028606,38.59462777185687,38.00650018716905,38.22825622558594,115200,0.0,0.0
2025-02-26 00:00:00-05:00,37.842605599905696,38.46929990266168,37.5147968947263,37.78475570678711,91800,0.0,0.0
2025-02-27 00:00:00-05:00,37.649768378893356,38.35359204647007,37.61120179159573,38.18004608154297,122800,0.0,0.0
2025-02-28 00:00:00-05:00,38.45000825786437,38.64283751515216,38.18004582649658,38.48857116699219,153800,0.0,0.0
2025-03-03 00:00:00-05:00,38.199332691842955,38.88387680311849,37.601565248477534,38.80674362182617,196200,0.0,0.0
2025-03-04 00:00:00-05:00,38.421082063316014,38.68140101292922,37.62084559857519,37.82331466674805,171000,0.0,0.0
2025-03-05 00:00:00-05:00,37.823311150171634,38.06434678356139,37.18697722513914,37.50514602661133,83600,0.0,0.0
2025-03-06 00:00:00-05:00,37.26411790379895,37.53407669067383,36.955592525109765,37.53407669067383,81400,0.0,0.0
2025-03-07 00:00:00-05:00,37.34123988339211,37.66904849191866,36.86881210157884,37.50514602661133,109200,0.0,0.0
2025-03-10 00:00:00-04:00,37.20626883141867,37.32196493148433,36.512084875199285,36.71455764770508,142400,0.0,0.0
2025-03-11 00:00:00-04:00,36.888096328935305,37.0905690815171,36.34817879648344,36.4542350769043,110400,0.0,0.0
2025-03-12 00:00:00-04:00,36.608497619628906,36.87845638486065,36.16498920514662,36.608497619628906,99300,0.0,0.0
2025-03-13 00:00:00-04:00,36.64706066465977,37.07128578633462,36.3771018984393,36.396385192871094,85700,0.0,0.0
2025-03-14 00:00:00-04:00,36.58921373176075,37.35088729606657,36.58921373176075,37.27375411987305,124900,0.0,0.0
2025-03-17 00:00:00-04:00,37.20626436503026,37.649769093635804,36.907378824667944,37.37981033325195,89400,0.0,0.0
2025-03-18 00:00:00-04:00,37.24483475008733,37.52443334702694,36.733836601378435,37.43766403198242,96400,0.0,0.0
2025-03-19 00:00:00-04:00,37.3701705894573,37.91009184220383,37.24483468267808,37.42802047729492,185100,0.0,0.0
2025-03-20 00:00:00-04:00,37.15806213296656,37.765469411897676,36.965232849121094,36.965232849121094,177200,0.0,0.0
2025-03-21 00:00:00-04:00,36.73382951038777,37.196621168765105,36.56992704305941,36.83024597167969,722200,0.0,0.0
2025-03-24 00:00:00-04:00,37.100204413527486,37.50514619192131,36.782039288564825,37.206260681152344,138600,0.0,0.0
2025-03-25 00:00:00-04:00,36.63742454331748,37.19662910437675,36.53136825222605,36.5699348449707,128800,0.0,0.0
2025-03-26 00:00:00-04:00,36.74347686651239,37.21590470392276,36.62778077868508,36.68562698364258,95000,0.0,0.0
2025-03-27 00:00:00-04:00,36.76276002785621,37.07128537955486,36.57957057172043,36.85917282104492,70200,0.0,0.0
2025-03-28 00:00:00-04:00,36.820602770582504,37.06163840880345,36.1360624407339,36.338531494140625,71300,0.0,0.0
2025-03-31 00:00:00-04:00,35.94323716942221,36.579571177579155,35.94323716942221,36.15534973144531,128600,0.0,0.0
2025-04-01 00:00:00-04:00,36.608501893040426,36.92666709235923,35.644359129908786,36.12643051147461,95200,0.0,0.0
2025-04-02 00:00:00-04:00,35.788970533229836,36.377098078954845,35.788970533229836,36.338531494140625,81200,0.0,0.0
2025-04-03 00:00:00-04:00,35.43224435054695,35.576867227224405,34.22706597127665,34.2367057800293,149400,0.0,0.0
2025-04-04 00:00:00-04:00,33.156867472980295,33.86069121554633,31.575674004430546,33.70642852783203,165600,0.0,0.0
2025-04-07 00:00:00-04:00,32.906192265680716,34.969457110697014,32.4434041985856,33.47503662109375,223500,0.0,0.0
2025-04-08 00:00:00-04:00,34.32347949991747,36.34818142686934,33.012248484850794,33.50395965576172,167200,0.0,0.0
2025-04-09 00:00:00-04:00,33.16651019299374,35.615429844101314,32.69407865396526,34.60308074951172,186000,0.0,0.0
2025-04-10 00:00:00-04:00,33.96674809829499,34.25599018308979,32.39519441109595,33.089378356933594,108200,0.0,0.0
2025-04-11 00:00:00-04:00,33.27256407506706,34.00531461128304,32.636230018833515,33.214717864990234,79300,0.0,0.0
2025-04-14 00:00:00-04:00,33.27256019035306,33.49431622946539,32.76156577880116,33.320770263671875,88500,0.0,0.0
2025-04-15 00:00:00-04:00,33.5039554647888,34.69949391116621,33.397899189959496,34.024593353271484,154700,0.0,0.0
2025-04-16 00:00:00-04:00,33.98602657994274,34.603077254204834,33.75463073813839,34.284912109375,87800,0.0,0.0
2025-04-17 00:00:00-04:00,34.14028911660944,34.901962648795596,34.14028911660944,34.34275817871094,97100,0.0,0.0
2025-04-21 00:00:00-04:00,34.00531380188946,34.20778288816445,33.90889732420192,34.07280349731445,114800,0.0,0.0
2025-04-22 00:00:00-04:00,33.78356058653673,35.316547603776,33.78356058653673,35.07551193237305,137600,0.0,0.0
2025-04-23 00:00:00-04:00,35.48044981399243,36.155350424159224,35.12371805295621,35.422603607177734,124500,0.0,0.0
2025-04-24 00:00:00-04:00,35.29726375556375,35.76005179605547,35.03694479317858,35.67327880859375,111900,0.0,0.0
2025-04-25 00:00:00-04:00,35.33583075886846,35.33583075886846,34.8055493415525,35.21049118041992,70500,0.0,0.0
2025-04-28 00:00:00-04:00,35.35511016748743,35.66363920752147,35.08515139510913,35.4515266418457,108900,0.0,0.0
2025-04-29 00:00:00-04:00,35.451529550583835,36.56993499951606,35.171927268872594,36.377105712890625,144200,0.0,0.0
2025-04-30 00:00:00-04:00,35.91431748162762,36.76276413248566,35.42260629680505,36.55065155029297,145300,0.0,0.0
2025-05-01 00:00:00-04:00,36.4927979206576,36.82060656957646,35.89503050600991,36.54100799560547,86100,0.0,0.0
2025-05-02 00:00:00-04:00,37.05200533159741,37.717262489874685,36.762763248777404,37.45694351196289,93200,0.0,0.0
2025-05-05 00:00:00-04:00,37.08092492267494,37.61120263724734,36.6374201925171,37.186981201171875,80200,0.0,0.0
2025-05-06 00:00:00-04:00,36.27104515682855,37.350887563804754,36.27104515682855,37.02307891845703,116600,0.0,0.0
2025-05-07 00:00:00-04:00,37.34124785404761,37.736546230068534,36.87845978050452,37.052005767822266,111800,0.0,0.0
2025-05-08 00:00:00-04:00,37.14841798383652,37.87152502693479,37.11949487904462,37.68833923339844,85900,0.0,0.0
2025-05-09 00:00:00-04:00,37.70776284075134,37.88260593380104,37.367792218377986,37.68833541870117,79100,0.29,0.0
2025-05-12 00:00:00-04:00,38.77624394299454,39.04822413806966,38.41684590944022,38.475128173828125,122600,0.0,0.0
2025-05-13 00:00:00-04:00,38.6596795313723,38.892804861884315,38.2711422543875,38.57225799560547,117200,0.0,0.0
2025-05-14 00:00:00-04:00,38.4265637554079,38.72767954246057,38.232293234643656,38.348854064941406,103100,0.0,0.0
2025-05-15 00:00:00-04:00,38.35857075162776,38.805390368681614,38.33914332844254,38.737396240234375,73300,0.0,0.0
2025-05-16 00:00:00-04:00,38.688830439718224,38.88309726530923,38.174012976775934,38.397422790527344,102300,0.0,0.0
2025-05-19 00:00:00-04:00,38.193435870425155,38.68882585097142,38.0963024691503,38.64997100830078,107900,0.0,0.0
2025-05-20 00:00:00-04:00,38.572262280628536,38.86366619708978,37.9408877458628,38.58197784423828,78700,0.0,0.0
2025-05-21 00:00:00-04:00,38.271146271722216,38.86366595922613,37.29008185564499,37.30950927734375,104500,0.0,0.0
2025-05-22 00:00:00-04:00,37.11523724418428,37.64947835009202,36.43529233421003,36.9112548828125,84500,0.0,0.0
2025-05-23 00:00:00-04:00,36.39644096313541,37.066670305636265,36.04675479995179,36.81412124633789,129000,0.0,0.0
2025-05-27 00:00:00-04:00,37.23180833916286,37.77576139880162,36.84326726336176,37.610633850097656,111700,0.0,0.0
2025-05-28 00:00:00-04:00,37.503780022918185,37.75632909577406,37.25122724466047,37.40664291381836,93500,0.0,0.0
2025-05-29 00:00:00-04:00,37.3677933382322,37.931173772963376,36.83354847934661,37.26094436645508,102800,0.0,0.0
2025-05-30 00:00:00-04:00,37.18323278316138,37.474640402411424,37.05696010058162,37.12495422363281,131700,0.0,0.0
2025-06-02 00:00:00-04:00,36.96954003520334,37.11524014525667,35.949620737820254,36.707275390625,128500,0.0,0.0
2025-06-03 00:00:00-04:00,36.610136241976825,37.144381065325994,36.46443614002848,36.93068313598633,108800,0.0,0.0
2025-06-04 00:00:00-04:00,36.84325909772223,36.911253215107415,36.56156706546847,36.60042190551758,107800,0.0,0.0
2025-06-05 00:00:00-04:00,36.58099424322505,36.88211369350911,35.91076493112352,36.50328826904297,87700,0.0,0.0
2025-06-06 00:00:00-04:00,36.96953594686199,37.20265757932793,36.17303024270051,37.154090881347656,108100,0.0,0.0
2025-06-09 00:00:00-04:00,37.35807514589857,37.668906475344286,36.90154371506364,37.29008102416992,144900,0.0,0.0
2025-06-10 00:00:00-04:00,37.36779703943099,38.04773837190119,37.27065991664785,37.804901123046875,114000,0.0,0.0
2025-06-11 00:00:00-04:00,37.931177735199775,38.076881567461676,37.367797241618675,37.44550323486328,105100,0.0,0.0
2025-06-12 00:00:00-04:00,37.23180246577493,37.35807514589857,36.99867711598978,37.29008102416992,101200,0.0,0.0
2025-06-13 00:00:00-04:00,36.84326164423812,37.076383289842546,36.22159898209065,36.2993049621582,118300,0.0,0.0
2025-06-16 00:00:00-04:00,36.61013826538924,36.9792518804488,35.813632473430474,35.89134216308594,158800,0.0,0.0
2025-06-17 00:00:00-04:00,35.66793629406574,35.96905211115901,35.609654020401386,35.803924560546875,194000,0.0,0.0
2025-06-18 00:00:00-04:00,35.658214443941766,36.03703989248209,35.502798780299536,35.745635986328125,183700,0.0,0.0
2025-06-20 00:00:00-04:00,36.00790012445681,36.32844701065396,35.62907468106139,35.82334518432617,448700,0.0,0.0
2025-06-23 00:00:00-04:00,35.706785480180415,36.765555975254706,35.599940209090335,36.75584411621094,183700,0.0,0.0
2025-06-24 00:00:00-04:00,36.98896855195615,37.44550002344558,36.94039814176612,37.367794036865234,204600,0.0,0.0
2025-06-25 00:00:00-04:00,37.192953579488815,37.49406939382291,36.64899681314629,37.2512321472168,149400,0.0,0.0
2025-06-26 00:00:00-04:00,37.29008319128436,38.12544382724239,37.24151648799884,38.067161560058594,128100,0.0,0.0
2025-06-27 00:00:00-04:00,38.07687689340635,38.31971411376557,37.78547297005567,37.970027923583984,1420800,0.0,0.0
2025-06-30 00:00:00-04:00,38.21286424503866,38.30028579052759,36.75584095715778,37.40664291381836,132900,0.0,0.0
2025-07-01 00:00:00-04:00,37.34836559787976,39.00937131209765,37.34836559787976,38.79567337036133,168200,0.0,0.0
2025-07-02 00:00:00-04:00,38.42655931952632,39.09678864812097,38.42655931952632,39.05793380737305,197900,0.0,0.0
2025-07-03 00:00:00-04:00,39.28134499278576,39.708740845542586,39.00936850859629,39.543609619140625,75400,0.0,0.0
2025-07-07 00:00:00-04:00,39.27163465882147,39.82530321192091,39.16478569148617,39.66988754272461,213400,0.0,0.0
2025-07-08 00:00:00-04:00,39.71845875573813,40.029290129434415,39.631037200298415,39.77674102783203,218700,0.0,0.0
2025-07-09 00:00:00-04:00,40.02928762254055,40.02928762254055,39.34934264563665,39.71845626831055,96100,0.0,0.0
2025-07-10 00:00:00-04:00,39.533898914368386,40.11670674188758,39.533898914368386,39.932151794433594,116800,0.0,0.0
2025-07-11 00:00:00-04:00,39.63103636240294,39.83501875231552,39.14536188809554,39.213356018066406,123500,0.0,0.0
2025-07-14 00:00:00-04:00,39.1647829838686,39.854439736660844,37.58148341592733,39.78644561767578,118800,0.0,0.0
2025-07-15 00:00:00-04:00,39.786448859283816,39.786448859283816,38.44599008544854,38.504268646240234,144200,0.0,0.0
2025-07-16 00:00:00-04:00,38.61112015641684,39.17450431716638,37.63005936269362,39.01908493041992,157000,0.0,0.0
2025-07-17 00:00:00-04:00,38.9510857673239,39.69902479506694,35.862196257591,39.62131881713867,143900,0.0,0.0
2025-07-18 00:00:00-04:00,39.873871111409265,39.97100822345065,39.232780993543905,39.69902801513672,127900,0.0,0.0
2025-07-21 00:00:00-04:00,39.69902682276084,40.174989393963045,39.42705032801777,39.66988754272461,94200,0.0,0.0
2025-07-22 00:00:00-04:00,39.59217834472656,40.11670762427217,39.58246648639507,39.59217834472656,122000,0.0,0.0
2025-07-23 00:00:00-04:00,39.825303834507224,39.825303834507224,39.15507444538337,39.504756927490234,78400,0.0,0.0
2025-07-24 00:00:00-04:00,39.21335031004007,39.53389719501612,38.688824770245425,38.80538558959961,91900,0.0,0.0
2025-07-25 00:00:00-04:00,38.73739397848753,38.79567253923842,38.329425526221954,38.7762451171875,122400,0.0,0.0
2025-07-28 00:00:00-04:00,38.78596326110448,39.19392803510756,38.4848437573864,39.01908493041992,96300,0.0,0.0
2025-07-29 00:00:00-04:00,39.436762728464046,39.64074880772789,38.95108829237261,39.04822540283203,113800,0.0,0.0
2025-07-30 00:00:00-04:00,39.03851147529595,39.33963097223806,37.63005851592017,37.72719192504883,106500,0.0,0.0
2025-07-31 00:00:00-04:00,37.43578602790242,38.19343695447566,36.97925087706887,37.31922149658203,134700,0.0,0.0
2025-08-01 00:00:00-04:00,37.0472462850885,37.0472462850885,35.5125169568591,36.532432556152344,130300,0.0,0.0
2025-08-04 00:00:00-04:00,36.62957055044423,36.959829364518505,36.377021436341515,36.8238410949707,87600,0.0,0.0
2025-08-05 00:00:00-04:00,36.862689694477794,37.32893669904251,36.328448566668335,37.30950927734375,154700,0.0,0.0
2025-08-06 00:00:00-04:00,37.38722369999158,37.78547663175839,37.22209244733582,37.51349639892578,116300,0.0,0.0
2025-08-07 00:00:00-04:00,37.74661604871909,37.74661604871909,37.105525970458984,37.105525970458984,87900,0.0,0.0
2025-08-08 00:00:00-04:00,37.35022307787212,37.53618982631149,37.19361851767391,37.37958526611328,55400,0.29,0.0
2025-08-11 00:00:00-04:00,37.457889413086,37.457889413086,37.05658999421888,37.37958526611328,64700,0.0,0.0
2025-08-12 00:00:00-04:00,37.61449194753809,38.651999436567806,37.61449194753809,38.632423400878906,95600,0.0,0.0
2025-08-13 00:00:00-04:00,38.85754048767567,39.493744817493095,38.8477506033918,39.435020446777344,105200,0.0,0.0
2025-08-14 00:00:00-04:00,39.004356221630985,39.42523164749525,38.80860333552879,39.19032669067383,84800,0.0,0.0
2025-08-15 00:00:00-04:00,39.29799688172971,39.29799688172971,38.505184173583984,38.505184173583984,221200,0.0,0.0
2025-08-18 00:00:00-04:00,38.49539063287307,39.0924428535768,38.397510465239705,39.00435256958008,93800,0.0,0.0
2025-08-19 00:00:00-04:00,39.03372115400309,39.45459656921935,38.93584097968136,39.17074966430664,118500,0.0,0.0
2025-08-20 00:00:00-04:00,39.27841567993164,39.7971675316384,39.053296881384426,39.27841567993164,104300,0.0,0.0
2025-08-21 00:00:00-04:00,39.08266113694265,39.57205082938245,38.93584273571189,39.05329895019531,74500,0.0,0.0
2025-08-22 00:00:00-04:00,39.34693494062152,41.050009105875695,39.11202622795854,40.903194427490234,170200,0.0,0.0
2025-08-25 00:00:00-04:00,40.8346776152826,40.88361583835639,40.47252655029297,40.47252655029297,64000,0.0,0.0
2025-08-26 00:00:00-04:00,40.46273695733225,41.20660759252108,40.14952787580571,41.05000305175781,138900,0.0,0.0
2025-08-27 00:00:00-04:00,40.97170790595189,41.50024969900819,40.93255583230018,41.04022216796875,133300,0.0,0.0
2025-08-28 00:00:00-04:00,41.245760657457744,41.26533669224436,40.85425116296587,41.069580078125,109900,0.0,0.0
2025-08-29 00:00:00-04:00,41.21639724868318,41.451302191656005,40.844460066271665,40.89339828491211,81600,0.0,0.0
2025-09-02 00:00:00-04:00,40.482313920151654,40.71721886981097,40.120166611407875,40.38443374633789,140400,0.0,0.0
2025-09-03 00:00:00-04:00,40.14953168522974,40.74658772033479,39.84610872519765,40.364864349365234,121200,0.0,0.0
2025-09-04 00:00:00-04:00,40.53125045798048,40.844459533691406,40.35506988617474,40.844459533691406,126200,0.0,0.0
2025-09-05 00:00:00-04:00,40.95213103420627,41.23597796177329,40.22783262140546,40.41380310058594,90100,0.0,0.0
2025-09-08 00:00:00-04:00,40.46273771487392,40.92276519549284,40.03207615314879,40.9129753112793,127200,0.0,0.0
2025-09-09 00:00:00-04:00,40.7563722815045,40.96191505266194,39.83632101983761,39.953773498535156,118100,0.0,0.0
2025-09-10 00:00:00-04:00,39.895042878967935,40.13973770552471,39.80695259205763,39.86568069458008,86200,0.0,0.0
2025-09-11 00:00:00-04:00,40.06144004347063,40.25719666485854,39.542688170477625,40.11037826538086,91900,0.0,0.0
2025-09-12 00:00:00-04:00,40.061438522563265,40.1788909974382,39.669925294651,40.04186248779297,91300,0.0,0.0
2025-09-15 00:00:00-04:00,40.15931496266791,40.42358583144665,39.73843954947362,40.04186248779297,192300,0.0,0.0
2025-09-16 00:00:00-04:00,39.93419887298767,40.06144124075465,39.23926639335136,39.60141372680664,134800,0.0,0.0
2025-09-17 00:00:00-04:00,39.80695550931996,40.49210182063939,39.34693174062806,39.58183670043945,180800,0.0,0.0
2025-09-18 00:00:00-04:00,39.7384416941013,40.70743493191858,39.562261105407245,40.58019256591797,127500,0.0,0.0
2025-09-19 00:00:00-04:00,40.59976672451634,40.59976672451634,39.855896066228276,39.93419647216797,260900,0.0,0.0
2025-09-22 00:00:00-04:00,39.65034889963882,39.84610551181641,39.3371398136534,39.46438217163086,116000,0.0,0.0
2025-09-23 00:00:00-04:00,39.356719762425065,40.0418661063137,39.18053916731807,39.20011520385742,109700,0.0,0.0
2025-09-24 00:00:00-04:00,39.15117286268429,39.4741718309999,39.15117286268429,39.307777404785156,98000,0.0,0.0
2025-09-25 00:00:00-04:00,39.180537186672794,39.51332232352456,39.004356600472036,39.16096115112305,95900,0.0,0.0
2025-09-26 00:00:00-04:00,39.1805362758956,39.55247347520094,38.984783392442495,39.141387939453125,81800,0.0,0.0
2025-09-29 00:00:00-04:00,39.14138642263329,39.14138642263329,38.36814986821873,38.466026306152344,85700,0.0,0.0
2025-09-30 00:00:00-04:00,38.319215910664724,38.54433472994452,38.11366939415083,38.436668395996094,94600,0.0,0.0
2025-10-01 00:00:00-04:00,38.14303016332372,38.59326774106392,37.82003120511009,38.18217849731445,98300,0.0,0.0
2025-10-02 00:00:00-04:00,38.03536690027056,38.13324334373232,37.64385365892955,37.97663879394531,149900,0.0,0.0
2025-10-03 00:00:00-04:00,38.143036093965065,39.00435931563024,38.113670171722724,38.29964065551758,93300,0.0,0.0
2025-10-06 00:00:00-04:00,38.48560500008564,38.886904397340594,38.04515353145288,38.632423400878906,124800,0.0,0.0
2025-10-07 00:00:00-04:00,38.66178965839793,38.95542275715526,38.064733575134476,38.103885650634766,97600,0.0,0.0
2025-10-08 00:00:00-04:00,38.26048617247441,38.26048617247441,37.829824588760076,37.9472770690918,60900,0.0,0.0
2025-10-09 00:00:00-04:00,37.85918871836568,37.898340791734576,37.506827525540075,37.643856048583984,68300,0.0,0.0
2025-10-10 00:00:00-04:00,37.59491640032049,38.084306097660644,36.557408897810426,36.62592315673828,114200,0.0,0.0
2025-10-13 00:00:00-04:00,37.01743255851848,37.30127944955669,36.40080055854673,37.232765197753906,124100,0.0,0.0
2025-10-14 00:00:00-04:00,36.978280346183425,38.6226298505171,36.978280346183425,38.446449279785156,97200,0.0,0.0
2025-10-15 00:00:00-04:00,38.65200350639657,38.65200350639657,37.829828589627574,38.103885650634766,74100,0.0,0.0
2025-10-16 00:00:00-04:00,37.966851553088375,38.006003622847835,36.60634886579556,36.851043701171875,178100,0.0,0.0
2025-10-17 00:00:00-04:00,37.134889423783505,37.63406901314383,36.9195604928068,37.360008239746094,110200,0.0,0.0
2025-10-20 00:00:00-04:00,37.47746317162108,38.17239563189737,37.379582993855195,38.133243560791016,85900,0.0,0.0
2025-10-21 00:00:00-04:00,37.93748573264744,38.33878511435931,37.92769958205554,37.957061767578125,76600,0.0,0.0
2025-10-22 00:00:00-04:00,38.00600560357787,38.62263393256478,38.00600560357787,38.2604866027832,82300,0.0,0.0
2025-10-23 00:00:00-04:00,38.23112423553508,38.4170909750872,37.692792585192265,37.76131057739258,68100,0.0,0.0
2025-10-24 00:00:00-04:00,38.11367135522515,38.524760675657646,37.77110003298756,38.47582244873047,71500,0.0,0.0
2025-10-27 00:00:00-04:00,38.4660294455534,38.64221003521028,38.182182525134316,38.33878707885742,103700,0.0,0.0
2025-10-28 00:00:00-04:00,38.61284415959632,39.87547035360612,38.36814933441985,39.36650466918945,174300,0.0,0.0
2025-10-29 00:00:00-04:00,39.121813142686655,39.6503511719856,37.829824655516724,38.025577545166016,115100,0.0,0.0
2025-10-30 00:00:00-04:00,37.9472752376589,38.87711635196383,37.9472752376589,37.986427307128906,66600,0.0,0.0
2025-10-31 00:00:00-04:00,37.604696513161564,38.10387601519269,37.291487455856206,37.72215270996094,94600,0.0,0.0
2025-11-03 00:00:00-05:00,37.53618754453361,38.17239563189737,37.281706549836315,38.133243560791016,100100,0.0,0.0
2025-11-04 00:00:00-05:00,37.99621571875435,38.387728969259406,37.79067294242538,38.2604866027832,51900,0.0,0.0
2025-11-05 00:00:00-05:00,38.26048615922058,39.11202317538787,38.26048615922058,38.97499465942383,80500,0.0,0.0
2025-11-06 00:00:00-05:00,38.99457543493192,38.99457543493192,38.56391379901937,38.573699951171875,72700,0.0,0.0
2025-11-07 00:00:00-05:00,38.53454153607501,38.94563080005772,38.49539320015745,38.82817459106445,78000,0.0,0.0
2025-11-10 00:00:00-05:00,38.985937237602464,39.3901918645253,38.36476420946735,38.966217041015625,53400,0.29,0.0
2025-11-11 00:00:00-05:00,39.084533708112396,39.22257132032433,38.6704208714766,38.93663787841797,57700,0.0,0.0
2025-11-12 00:00:00-05:00,38.946495529778446,39.3901905348979,38.739439114470294,38.86761474609375,96300,0.0,0.0
2025-11-13 00:00:00-05:00,38.65070239685532,39.15355425820303,38.48308260224408,38.956356048583984,75900,0.0,0.0
2025-11-14 00:00:00-05:00,38.828180402491626,38.91691940874228,38.137988549569066,38.660560607910156,116500,0.0,0.0
2025-11-17 00:00:00-05:00,38.69014297787638,38.76902000535912,37.566114305992386,37.58583450317383,78700,0.0,0.0
2025-11-18 00:00:00-05:00,37.59569549560547,38.02952853848121,37.53653490561395,37.59569549560547,52100,0.0,0.0
2025-11-19 00:00:00-05:00,37.65485129913517,38.009807306934164,37.201298071944365,37.45765686035156,153100,0.0,0.0
2025-11-20 00:00:00-05:00,37.80275291092666,38.79859842050976,37.477375299297414,37.58583450317383,114400,0.0,0.0
2025-11-21 00:00:00-05:00,37.61541455686416,39.17327243385512,37.61541455686416,38.82817840576172,143000,0.0,0.0
2025-11-24 00:00:00-05:00,38.70000102545622,38.759161616740066,38.36476519733375,38.512664794921875,127500,0.0,0.0
2025-11-25 00:00:00-05:00,38.690142104648785,39.80430501093112,38.690142104648785,39.66626739501953,103200,0.0,0.0
2025-11-26 00:00:00-05:00,39.42963150322524,39.67612831397967,39.22257132364696,39.38032913208008,91000,0.0,0.0
2025-11-28 00:00:00-05:00,39.31131186377218,39.63668947209291,39.035236628525254,39.14369583129883,59400,0.0,0.0
2025-12-01 00:00:00-05:00,38.985940036358315,39.478933702691904,38.985940036358315,39.12397766113281,113600,0.0,0.0
2025-12-02 00:00:00-05:00,39.390191347864466,39.419769761735296,38.74929813154879,38.89719772338867,164500,0.0,0.0
2025-12-03 00:00:00-05:00,39.06481455891082,39.74514818196497,38.907056746262874,39.66626739501953,195400,0.0,0.0
2025-12-04 00:00:00-05:00,39.459212722992916,39.77472836229652,39.25215628993301,39.538089752197266,165200,0.0,0.0
2025-12-05 00:00:00-05:00,39.360607113504614,39.528226892903234,39.005654881896234,39.06481170654297,127700,0.0,0.0
2025-12-08 00:00:00-05:00,39.281735217842716,39.281735217842716,38.69014432674671,39.01551818847656,138000,0.0,0.0
2025-12-09 00:00:00-05:00,38.966215292397,39.59724650988639,38.78873729232277,39.09439468383789,138100,0.0,0.0
2025-12-10 00:00:00-05:00,39.094396014083436,40.2775777065142,39.094396014083436,39.9324836730957,241000,0.0,0.0
2025-12-11 00:00:00-05:00,39.93248596799647,40.52407684821029,39.93248596799647,40.317020416259766,125200,0.0,0.0
2025-12-12 00:00:00-05:00,40.29729819339566,40.57337718336362,40.090241771851865,40.33673858642578,168800,0.0,0.0
2025-12-15 00:00:00-05:00,40.60295640131794,41.23398765732061,40.32688116712751,41.10580825805664,226400,0.0,0.0
2025-12-16 00:00:00-05:00,41.09594719379932,41.164965997566476,40.652252197265625,40.652252197265625,165100,0.0,0.0
2025-12-17 00:00:00-05:00,40.56351347442479,41.007208473982544,40.56351347442479,40.760711669921875,123300,0.0,0.0
2025-12-18 00:00:00-05:00,40.86917391705807,41.066372127279216,40.58323670029956,40.879032135009766,118900,0.0,0.0
2025-12-19 00:00:00-05:00,40.7508546372961,40.839589878544366,39.87332282988718,40.11981964111328,263900,0.0,0.0
2025-12-22 00:00:00-05:00,40.16912355503391,40.38603819959828,39.8240257493183,39.88318634033203,90800,0.0,0.0
2025-12-23 00:00:00-05:00,39.715564982065665,39.95220357555669,39.5085085635378,39.528228759765625,79600,0.0,0.0
2025-12-24 00:00:00-05:00,39.43949076228026,39.71556599401848,39.26201275295056,39.3704719543457,58800,0.0,0.0
2025-12-26 00:00:00-05:00,39.41977030739815,39.61696851216673,39.291590910112134,39.55780792236328,103200,0.0,0.0
2025-12-29 00:00:00-05:00,39.60710754467859,39.70570853020227,39.13383409789392,39.40005111694336,93700,0.0,0.0
2025-12-30 00:00:00-05:00,39.40005006250574,39.478930848813654,39.064814243182916,39.114112854003906,105800,0.0,0.0
2025-12-31 00:00:00-05:00,39.18313566921374,39.27187467374711,38.591541051910355,38.6309814453125,152500,0.0,0.0
2026-01-02 00:00:00-05:00,38.660559846991724,39.14369526290133,38.00980840104268,38.33518600463867,144900,0.0,0.0
2026-01-05 00:00:00-05:00,38.197148679584224,39.57752860751816,38.197148679584224,39.03523635864258,189200,0.0,0.0
2026-01-06 00:00:00-05:00,38.788740548535905,39.28173419874035,38.4732249133045,39.173274993896484,129300,0.0,0.0
2026-01-07 00:00:00-05:00,39.17327291325953,39.17327291325953,38.56196187262305,38.749298095703125,84600,0.0,0.0
2026-01-08 00:00:00-05:00,38.57182314884343,40.20856195993015,38.57182314884343,40.050804138183594,191100,0.0,0.0
2026-01-09 00:00:00-05:00,40.01136519604143,40.277578448874955,39.63668898053646,39.66626739501953,127200,0.0,0.0
2026-01-12 00:00:00-05:00,39.43948914407944,39.52822814510333,38.67042030936758,38.86761474609375,108200,0.0,0.0
2026-01-13 00:00:00-05:00,38.83803834909104,38.916919136870796,38.40420530003134,38.552101135253906,94700,0.0,0.0
2026-01-14 00:00:00-05:00,38.55210293688398,39.321175608705225,38.44364749048292,39.31131362915039,108700,0.0,0.0
2026-01-15 00:00:00-05:00,39.31131142025553,40.36631749875267,39.31131142025553,40.109962463378906,92500,0.0,0.0
2026-01-16 00:00:00-05:00,40.0310811512172,40.16912252671542,39.646546722579394,39.745147705078125,117000,0.0,0.0
2026-01-20 00:00:00-05:00,39.24229153657932,39.538086957362125,39.04509333564318,39.2324333190918,81500,0.0,0.0
2026-01-21 00:00:00-05:00,39.45920909970831,41.20440693505533,39.45920909970831,41.017066955566406,140300,0.0,0.0
2026-01-22 00:00:00-05:00,40.99735334757578,41.628384611745986,40.898752361772296,41.02693176269531,130900,0.0,0.0
2026-01-23 00:00:00-05:00,40.740995504734286,40.819876295233854,39.43949255143634,39.68598937988281,97700,0.0,0.0
2026-01-26 00:00:00-05:00,39.81416957890773,40.15926364112705,39.18313828728202,40.01136779785156,99500,0.0,0.0
2026-01-27 00:00:00-05:00,40.74099458045903,42.239695714762334,40.74099458045903,41.47062683105469,190400,0.0,0.0
2026-01-28 00:00:00-05:00,41.47062594976738,41.53964475780043,40.0508018731036,40.109962463378906,131000,0.0,0.0
2026-01-29 00:00:00-05:00,40.42547738573054,41.46076324945798,40.42547738573054,40.967769622802734,328700,0.0,0.0
2026-01-30 00:00:00-05:00,40.78043395213679,41.57908123096099,40.47477654541514,41.48048400878906,176300,0.0,0.0
2026-02-02 00:00:00-05:00,41.62838320772837,42.74254610040723,41.40160658989348,42.59465026855469,156100,0.0,0.0
2026-02-03 00:00:00-05:00,42.397452539441026,43.383439807800116,41.51006249342066,42.515769958496094,184000,0.0,0.0
2026-02-04 00:00:00-05:00,42.851007371908814,43.76797586644343,42.35801371941678,43.6102180480957,204700,0.0,0.0
2026-02-05 00:00:00-05:00,43.531339505268726,44.17222897446863,43.04820408768586,43.69895553588867,150000,0.0,0.0
2026-02-06 00:00:00-05:00,44.15250748736959,44.36942588417884,43.66937584514896,43.748252868652344,150300,0.0,0.0
2026-02-09 00:00:00-05:00,43.580637573161084,43.90601141258403,43.27498016901222,43.48203659057617,113100,0.0,0.0
2026-02-10 00:00:00-05:00,43.581335245244894,43.77992946762314,42.69759493292491,42.95576477050781,97200,0.31,0.0
2026-02-11 00:00:00-05:00,43.28344692882658,43.77993060372118,42.68766803410098,42.75717544555664,145500,0.0,0.0
2026-02-12 00:00:00-05:00,43.223867524206085,43.670703589185194,42.13160495458588,42.75717544555664,131600,0.0,0.0
2026-02-13 00:00:00-05:00,42.757172016849594,43.00541383439033,42.17132117593867,42.89618682861328,85300,0.0,0.0
2026-02-17 00:00:00-05:00,42.995482516506264,43.42245875043316,42.96569471018983,43.26358413696289,72800,0.0,0.0
2026-02-18 00:00:00-05:00,43.16429059688155,43.67070226323542,42.70752275106603,42.88625717163086,75000,0.0,0.0
2026-02-19 00:00:00-05:00,42.548648614800996,42.955765068963665,42.35005817891268,42.866397857666016,83200,0.0,0.0
2026-02-20 00:00:00-05:00,42.935908247369504,43.47210771719126,42.64794681773487,43.36288070678711,99700,0.0,0.0
2026-02-23 00:00:00-05:00,43.16428947403453,43.38273970292136,41.456384516563226,41.694698333740234,114900,0.0,0.0
2026-02-24 00:00:00-05:00,41.89328746519964,42.02237427000192,41.54575043827369,41.82378005981445,88400,0.0,0.0
2026-02-25 00:00:00-05:00,42.181251417466456,42.43942504259824,41.65497994850742,42.340126037597656,78600,0.0,0.0
2026-02-26 00:00:00-05:00,42.52879108377524,43.13449795221025,41.82378142520039,42.31033706665039,82900,0.0,0.0
2026-02-27 00:00:00-05:00,41.674837251650466,42.69759232070254,40.86060439879686,41.04926681518555,179900,0.0,0.0
2026-03-02 00:00:00-05:00,40.56271222438768,41.92308013704336,40.43362920413507,41.625186920166016,110500,0.0,0.0
2026-03-03 00:00:00-05:00,40.77123872888378,41.45638480270865,40.354190492912814,41.21807098388672,156600,0.0,0.0
2026-03-04 00:00:00-05:00,41.46631134260226,41.79399235841031,41.06912670910496,41.27764892578125,95800,0.0,0.0
2026-03-05 00:00:00-05:00,41.029410490310575,41.029410490310575,40.01658334144851,40.52299880981445,115400,0.0,0.0
2026-03-06 00:00:00-05:00,39.46052216597617,39.827919006347656,39.14276914515773,39.827919006347656,155200,0.0,0.0
2026-03-09 00:00:00-04:00,39.24206795944087,40.02651303170944,38.378187473251344,39.7584114074707,197500,0.0,0.0
2026-03-10 00:00:00-04:00,39.75841052768995,40.433628576489966,39.251995097155174,40.026512145996094,151200,0.0,0.0
2026-03-11 00:00:00-04:00,39.82791843059951,39.82791843059951,39.271855387042685,39.6193962097168,93200,0.0,0.0
2026-03-12 00:00:00-04:00,38.82502133731798,39.80806066699708,38.82502133731798,39.768341064453125,127800,0.0,0.0
2026-03-13 00:00:00-04:00,40.00665440186442,40.354191450193106,39.321504523916815,39.78820037841797,103100,0.0,0.0
2026-03-16 00:00:00-04:00,40.09602267040018,40.304544904898776,39.70876600979713,39.976863861083984,105200,0.0,0.0
2026-03-17 00:00:00-04:00,40.264824461154554,40.324403864568765,39.21228151592505,39.47045135498047,183800,0.0,0.0
2026-03-18 00:00:00-04:00,39.09312197860509,39.311575999172106,38.47748330630768,38.8051643371582,185900,0.0,0.0
2026-03-19 00:00:00-04:00,38.53706361274875,39.86763999239586,38.49734401028292,39.53995895385742,231900,0.0,0.0
2026-03-20 00:00:00-04:00,40.40383873178044,40.66201235519459,40.02651387889777,40.26482391357422,1451700,0.0,0.0
2026-03-23 00:00:00-04:00,41.37694511224501,41.88336055081496,40.72158685305476,41.23793029785156,278300,0.0,0.0
2026-03-24 00:00:00-04:00,40.761305882418185,41.754273157448445,40.701730270152886,41.0294075012207,163900,0.0,0.0
2026-03-25 00:00:00-04:00,41.396804629077856,41.5556792427066,40.74144637437558,40.940040588378906,148200,0.0,0.0
2026-03-26 00:00:00-04:00,40.61236528481807,41.347158987316526,40.61236528481807,41.24786376953125,219100,0.0,0.0
2026-03-27 00:00:00-04:00,41.00954897014151,41.178355381812224,40.84074634634046,40.90032196044922,174100,0.0,0.0
2026-03-30 00:00:00-04:00,41.079058138194014,41.25779256391598,40.78116869128069,41.13863754272461,121000,0.0,0.0
2026-03-31 00:00:00-04:00,41.47624539315595,41.803922638923154,40.97976173336888,41.4961051940918,147200,0.0,0.0
2026-04-01 00:00:00-04:00,41.764208144772006,42.22097221712224,41.446458895496214,41.98265838623047,102200,0.0,0.0
2026-04-02 00:00:00-04:00,41.635118524190545,42.37984398724494,41.436524309802124,42.330196380615234,129900,0.0,0.0
2026-04-06 00:00:00-04:00,42.171321474160806,42.58836591240108,41.93300766097383,42.41956329345703,99300,0.0,0.0
2026-04-07 00:00:00-04:00,42.14153197478649,42.84654165541193,42.14153197478649,42.79689025878906,163600,0.0,0.0
2026-04-08 00:00:00-04:00,43.5316872295628,43.899084075411785,43.29337340736337,43.59126663208008,204100,0.0,0.0
2026-04-09 00:00:00-04:00,43.26358594853713,44.21683366927405,43.26358594853713,44.11753845214844,184800,0.0,0.0
2026-04-10 00:00:00-04:00,44.00830929070474,44.00830929070474,43.352951041229794,43.74020767211914,141900,0.0,0.0
2026-04-13 00:00:00-04:00,43.511826047767386,43.58133345456338,42.489070958166785,43.491966247558594,118800,0.0,0.0
2026-04-14 00:00:00-04:00,43.34302332643485,43.75013976008909,42.79688829164417,43.650840759277344,130300,0.0,0.0
2026-04-15 00:00:00-04:00,43.58133385390191,43.83950747111231,43.025274594438805,43.24372482299805,136200,0.0,0.0
2026-04-16 00:00:00-04:00,42.99548467128923,43.09478367710315,42.73731483191256,42.866397857666016,91500,0.0,0.0
2026-04-17 00:00:00-04:00,43.38273855697564,44.445213230257615,43.35295075106646,43.82957458496094,138300,0.0,0.0
2026-04-20 00:00:00-04:00,43.75014084762336,44.147325497134794,43.60119423663804,43.839508056640625,83800,0.0,0.0
2026-04-21 00:00:00-04:00,44.08775092309072,44.187046140843584,42.965696780708456,43.02527618408203,118200,0.0,0.0
2026-04-22 00:00:00-04:00,43.14442864615402,43.31323126390434,42.7770318167972,42.89618682861328,87700,0.0,0.0
2026-04-23 00:00:00-04:00,43.0749245444779,44.24662631617904,42.995485338593845,43.303306579589844,104300,0.0,0.0
2026-04-24 00:00:00-04:00,43.114638499589574,43.452247534292766,42.91604806918623,43.2238655090332,104300,0.0,0.0
2026-04-27 00:00:00-04:00,43.08485232967729,43.84943763696463,41.95287016674039,43.621055603027344,119400,0.0,0.0
2026-04-28 00:00:00-04:00,43.94873090346651,44.484934152995116,42.916047793252076,42.92597579956055,168200,0.0,0.0
2026-04-29 00:00:00-04:00,42.69759271690639,43.19407635314949,42.45927890484711,42.73731231689453,135400,0.0,0.0
2026-04-30 00:00:00-04:00,42.43942404868823,43.015343112724956,42.022375813192305,42.7671012878418,112200,0.0,0.0
2026-05-01 00:00:00-04:00,42.7968900423697,43.482039918455214,42.30040638160963,43.11463928222656,85200,0.0,0.0
2026-05-04 00:00:00-04:00,42.866396521303095,43.27351675064352,42.290477457015726,42.379844665527344,119700,0.0,0.0
2026-05-05 00:00:00-04:00,42.44935155848546,43.333091838673155,42.429491758182756,43.174217224121094,87900,0.0,0.0
2026-05-06 00:00:00-04:00,43.541615831812244,43.84943706722546,43.243726390889314,43.412532806396484,80300,0.0,0.0
2026-05-07 00:00:00-04:00,43.591266040507115,44.02817028942889,43.472107237089645,43.77000045776367,106300,0.0,0.0
2026-05-08 00:00:00-04:00,43.810001373291016,43.91999816894531,43.38999938964844,43.59000015258789,73500,0.31,0.0
2026-05-11 00:00:00-04:00,43.630001068115234,43.779998779296875,42.779998779296875,42.95000076293945,69500,0.0,0.0
2026-05-12 00:00:00-04:00,43.09000015258789,43.09000015258789,42.0,42.56999969482422,137400,0.0,0.0
2026-05-13 00:00:00-04:00,42.43000030517578,42.93000030517578,42.0099983215332,42.209999084472656,127500,0.0,0.0
2026-05-14 00:00:00-04:00,42.5,43.08000183105469,42.18000030517578,42.2400016784668,81600,0.0,0.0
2026-05-15 00:00:00-04:00,42.04999923706055,42.22999954223633,41.4900016784668,41.63999938964844,61700,0.0,0.0
2026-05-18 00:00:00-04:00,41.709999084472656,42.58000183105469,41.709999084472656,42.529998779296875,71300,0.0,0.0
2026-05-19 00:00:00-04:00,42.45000076293945,42.939998626708984,41.93000030517578,42.65999984741211,80400,0.0,0.0
2026-05-20 00:00:00-04:00,42.599998474121094,43.540000915527344,42.540000915527344,43.060001373291016,110800,0.0,0.0
2026-05-21 00:00:00-04:00,42.65999984741211,43.41999816894531,42.349998474121094,43.380001068115234,193300,0.0,0.0
2026-05-22 00:00:00-04:00,43.45000076293945,43.59000015258789,43.15999984741211,43.27000045776367,100300,0.0,0.0
2026-05-26 00:00:00-04:00,43.34000015258789,44.0099983215332,43.31999969482422,43.849998474121094,109800,0.0,0.0
2026-05-27 00:00:00-04:00,43.849998474121094,44.099998474121094,43.279998779296875,43.47999954223633,99400,0.0,0.0
2026-05-28 00:00:00-04:00,43.47999954223633,43.47999954223633,42.91999816894531,43.40999984741211,119200,0.0,0.0
2026-05-29 00:00:00-04:00,43.34000015258789,43.88999938964844,43.13999938964844,43.720001220703125,158400,0.0,0.0
2026-06-01 00:00:00-04:00,43.41999816894531,43.540000915527344,42.77000045776367,43.189998626708984,102400,0.0,0.0
2026-06-02 00:00:00-04:00,42.9900016784668,43.959999084472656,42.9900016784668,43.790000915527344,131300,0.0,0.0
2026-06-03 00:00:00-04:00,43.40999984741211,43.43000030517578,42.63999938964844,42.68000030517578,118100,0.0,0.0
2026-06-04 00:00:00-04:00,43.18000030517578,43.91999816894531,43.15999984741211,43.709999084472656,194200,0.0,0.0
2026-06-05 00:00:00-04:00,43.59000015258789,44.65999984741211,43.59000015258789,44.279998779296875,136100,0.0,0.0
2026-06-08 00:00:00-04:00,44.45000076293945,44.880001068115234,44.290000915527344,44.400001525878906,145000,0.0,0.0
2026-06-09 00:00:00-04:00,44.650001525878906,45.58000183105469,44.650001525878906,44.939998626708984,136200,0.0,0.0
2026-06-10 00:00:00-04:00,44.91999816894531,45.88999938964844,44.84000015258789,45.630001068115234,215900,0.0,0.0
2026-06-11 00:00:00-04:00,45.849998474121094,45.97999954223633,44.81999969482422,45.290000915527344,206800,0.0,0.0
2026-06-12 00:00:00-04:00,45.689998626708984,46.38999938964844,45.45000076293945,45.90999984741211,133600,0.0,0.0
2026-06-15 00:00:00-04:00,46.0,46.06999969482422,44.790000915527344,44.970001220703125,134900,0.0,0.0
2026-06-16 00:00:00-04:00,45.130001068115234,45.560001373291016,44.72999954223633,45.380001068115234,172200,0.0,0.0
2026-06-17 00:00:00-04:00,45.2599983215332,45.72999954223633,44.33000183105469,44.689998626708984,137000,0.0,0.0
2026-06-18 00:00:00-04:00,45.130001068115234,45.59000015258789,44.72999954223633,44.9900016784668,326400,0.0,0.0
2026-06-22 00:00:00-04:00,44.9900016784668,45.70000076293945,44.66999816894531,45.31999969482422,152000,0.0,0.0
2026-06-23 00:00:00-04:00,45.400001525878906,46.08000183105469,45.189998626708984,45.90999984741211,159500,0.0,0.0
2026-06-24 00:00:00-04:00,45.970001220703125,46.70000076293945,45.81999969482422,46.5099983215332,173400,0.0,0.0
2026-06-25 00:00:00-04:00,48.939998626708984,48.939998626708984,46.5099983215332,46.810001373291016,148900,0.0,0.0
2026-06-26 00:00:00-04:00,47.040000915527344,48.040000915527344,46.720001220703125,47.650001525878906,1019900,0.0,0.0
2026-06-29 00:00:00-04:00,47.43000030517578,47.459999084472656,46.88999938964844,47.06999969482422,262100,0.0,0.0
2026-06-30 00:00:00-04:00,47.06999969482422,47.720001220703125,46.66999816894531,47.459999084472656,204800,0.0,0.0
2026-07-01 00:00:00-04:00,47.650001525878906,48.4900016784668,47.61000061035156,48.060001373291016,229100,0.0,0.0
2026-07-02 00:00:00-04:00,48.11000061035156,48.349998474121094,47.29999923706055,47.599998474121094,180300,0.0,0.0
2026-07-06 00:00:00-04:00,47.52000045776367,48.2400016784668,47.16999816894531,47.47999954223633,126100,0.0,0.0
2026-07-07 00:00:00-04:00,47.52000045776367,47.880001068115234,47.290000915527344,47.65999984741211,202500,0.0,0.0
2026-07-08 00:00:00-04:00,47.56999969482422,47.56999969482422,46.43000030517578,46.56999969482422,205000,0.0,0.0
2026-07-09 00:00:00-04:00,46.47999954223633,47.02000045776367,46.47999954223633,46.720001220703125,106900,0.0,0.0
2026-07-10 00:00:00-04:00,46.630001068115234,47.130001068115234,45.5099983215332,46.970001220703125,121500,0.0,0.0
2026-07-13 00:00:00-04:00,46.970001220703125,47.599998474121094,46.959999084472656,47.369998931884766,131800,0.0,0.0
2026-07-14 00:00:00-04:00,47.369998931884766,47.709999084472656,44.849998474121094,47.20000076293945,122000,0.0,0.0
2026-07-15 00:00:00-04:00,47.279998779296875,48.11000061035156,47.279998779296875,47.83000183105469,132600,0.0,0.0
2026-07-16 00:00:00-04:00,47.95000076293945,49.38999938964844,47.689998626708984,49.34000015258789,170700,0.0,0.0
2026-07-17 00:00:00-04:00,48.849998474121094,49.27000045776367,48.13999938964844,48.56999969482422,181700,0.0,0.0
2026-07-20 00:00:00-04:00,48.369998931884766,48.68000030517578,48.209999084472656,48.459999084472656,117600,0.0,0.0
2026-07-21 00:00:00-04:00,48.220001220703125,48.5,47.779998779296875,47.9900016784668,195800,0.0,0.0
2026-07-22 00:00:00-04:00,47.9900016784668,48.060001373291016,47.2599983215332,47.560001373291016,179400,0.0,0.0
2026-07-23 00:00:00-04:00,46.970001220703125,47.7400016784668,46.619998931884766,47.65999984741211,150600,0.0,0.0
2026-07-24 00:00:00-04:00,47.869998931884766,48.619998931884766,47.779998779296875,48.43000030517578,142300,0.0,0.0
2026-07-27 00:00:00-04:00,48.790000915527344,49.02000045776367,48.56999969482422,48.83000183105469,146000,0.0,0.0
2026-07-28 00:00:00-04:00,49.75,51.16999816894531,49.09000015258789,51.02000045776367,355400,0.0,0.0
2026-07-29 00:00:00-04:00,50.65999984741211,51.45000076293945,50.560001373291016,51.310001373291016,215400,0.0,0.0
2026-07-30 00:00:00-04:00,51.529998779296875,52.22999954223633,51.0099983215332,51.11000061035156,148500,0.0,0.0
2026-07-31 00:00:00-04:00,50.90999984741211,51.22999954223633,50.540000915527344,50.880001068115234,197500,0.0,0.0
2026-08-03 00:00:00-04:00,51.540000915527344,51.95000076293945,51.0,51.099998474121094,213800,0.0,0.0
2026-08-04 00:00:00-04:00,51.09000015258789,51.61000061035156,50.58000183105469,51.189998626708984,195900,0.0,0.0
2026-08-05 00:00:00-04:00,50.970001220703125,51.310001373291016,50.7400016784668,51.040000915527344,105442,0.0,0.0
