Date,Open,High,Low,Close,Volume,Dividends,Stock Splits
2022-01-03 00:00:00-05:00,177.0,178.9499969482422,170.6999969482422,172.5,38753,0.0,0.0
2022-01-04 00:00:00-05:00,171.75,174.75,165.89999389648438,169.64999389648438,37120,0.0,0.0
2022-01-05 00:00:00-05:00,168.0,170.3249969482422,157.9499969482422,159.0,27833,0.0,0.0
2022-01-06 00:00:00-05:00,157.5,160.5,149.5500030517578,150.4499969482422,38507,0.0,0.0
2022-01-07 00:00:00-05:00,150.0,151.8000030517578,141.14999389648438,143.25,32007,0.0,0.0
2022-01-10 00:00:00-05:00,143.39999389648438,145.0500030517578,135.4499969482422,137.25,31873,0.0,0.0
2022-01-11 00:00:00-05:00,136.0500030517578,144.75,135.60000610351562,139.0500030517578,31667,0.0,0.0
2022-01-12 00:00:00-05:00,139.64999389648438,143.5500030517578,133.64999389648438,135.60000610351562,21787,0.0,0.0
2022-01-13 00:00:00-05:00,136.5,137.10000610351562,127.5,129.0,22833,0.0,0.0
2022-01-14 00:00:00-05:00,127.80000305175781,129.0,119.4749984741211,120.0,35660,0.0,0.0
2022-01-18 00:00:00-05:00,119.25,119.69999694824219,112.05000305175781,114.75,32893,0.0,0.0
2022-01-19 00:00:00-05:00,114.0,116.0999984741211,108.75,109.19999694824219,37813,0.0,0.0
2022-01-20 00:00:00-05:00,110.4000015258789,112.05000305175781,103.19999694824219,103.6500015258789,38487,0.0,0.0
2022-01-21 00:00:00-05:00,103.94999694824219,103.94999694824219,94.5,99.30000305175781,50273,0.0,0.0
2022-01-24 00:00:00-05:00,97.3499984741211,98.25,87.0,90.30000305175781,80340,0.0,0.0
2022-01-25 00:00:00-05:00,90.44999694824219,92.8499984741211,85.57499694824219,88.19999694824219,41140,0.0,0.0
2022-01-26 00:00:00-05:00,90.0,90.75,81.30000305175781,82.6500015258789,43033,0.0,0.0
2022-01-27 00:00:00-05:00,84.75,84.95999908447266,74.17500305175781,75.1500015258789,32573,0.0,0.0
2022-01-28 00:00:00-05:00,76.6500015258789,78.0,74.69999694824219,75.9000015258789,48140,0.0,0.0
2022-01-31 00:00:00-05:00,75.44999694824219,81.75,75.44999694824219,81.75,76287,0.0,0.0
2022-02-01 00:00:00-05:00,84.44999694824219,87.0,80.4000015258789,83.4000015258789,66053,0.0,0.0
2022-02-02 00:00:00-05:00,86.0999984741211,86.0999984741211,75.75,79.3499984741211,101653,0.0,0.0
2022-02-03 00:00:00-05:00,75.9000015258789,77.25,72.75,74.4000015258789,59027,0.0,0.0
2022-02-04 00:00:00-05:00,74.55000305175781,80.55000305175781,73.05000305175781,79.5,44787,0.0,0.0
2022-02-07 00:00:00-05:00,79.80000305175781,82.6500015258789,74.4000015258789,78.0,46860,0.0,0.0
2022-02-08 00:00:00-05:00,76.94999694824219,84.75,76.6500015258789,81.9000015258789,75593,0.0,0.0
2022-02-09 00:00:00-05:00,86.25,90.5999984741211,82.94999694824219,87.30000305175781,76793,0.0,0.0
2022-02-10 00:00:00-05:00,84.30000305175781,88.80000305175781,80.25,80.69999694824219,41533,0.0,0.0
2022-02-11 00:00:00-05:00,80.69999694824219,82.19999694824219,72.75,74.25,37827,0.0,0.0
2022-02-14 00:00:00-05:00,74.25,75.44999694824219,70.6500015258789,71.25,41520,0.0,0.0
2022-02-15 00:00:00-05:00,74.25,77.25,71.8499984741211,76.80000305175781,41167,0.0,0.0
2022-02-16 00:00:00-05:00,77.0999984741211,78.1500015258789,73.80000305175781,78.0,28540,0.0,0.0
2022-02-17 00:00:00-05:00,76.19999694824219,77.08499908447266,70.80000305175781,70.94999694824219,40340,0.0,0.0
2022-02-18 00:00:00-05:00,72.44999694824219,72.5999984741211,66.44999694824219,69.0,28327,0.0,0.0
2022-02-22 00:00:00-05:00,67.6500015258789,69.30000305175781,61.95000076293945,63.150001525878906,36893,0.0,0.0
2022-02-23 00:00:00-05:00,64.6500015258789,65.0999984741211,59.54999923706055,59.70000076293945,40027,0.0,0.0
2022-02-24 00:00:00-05:00,55.5,67.80000305175781,54.75,67.5,63367,0.0,0.0
2022-02-25 00:00:00-05:00,65.8499984741211,67.94999694824219,58.650001525878906,66.9000015258789,73400,0.0,0.0
2022-02-28 00:00:00-05:00,68.55000305175781,79.5,67.24500274658203,77.8499984741211,67167,0.0,0.0
2022-03-01 00:00:00-05:00,80.8499984741211,81.0,72.5999984741211,75.0,54073,0.0,0.0
2022-03-02 00:00:00-05:00,74.8499984741211,77.0999984741211,72.44999694824219,74.8499984741211,24353,0.0,0.0
2022-03-03 00:00:00-05:00,75.75,76.3499984741211,70.19999694824219,73.3499984741211,27407,0.0,0.0
2022-03-04 00:00:00-05:00,73.6500015258789,75.0,69.0,69.44999694824219,32307,0.0,0.0
2022-03-07 00:00:00-05:00,70.3499984741211,75.44999694824219,66.30000305175781,66.75,68147,0.0,0.0
2022-03-08 00:00:00-05:00,67.6500015258789,76.05000305175781,64.6500015258789,74.69999694824219,65893,0.0,0.0
2022-03-09 00:00:00-05:00,75.44999694824219,78.44999694824219,72.9000015258789,73.6500015258789,42287,0.0,0.0
2022-03-10 00:00:00-05:00,72.1500015258789,73.6500015258789,69.44999694824219,71.69999694824219,31647,0.0,0.0
2022-03-11 00:00:00-05:00,72.30000305175781,74.25,68.69999694824219,69.1500015258789,27107,0.0,0.0
2022-03-14 00:00:00-04:00,69.0,69.1500015258789,62.25,64.05000305175781,37567,0.0,0.0
2022-03-15 00:00:00-04:00,62.849998474121094,64.19999694824219,57.599998474121094,63.75,57720,0.0,0.0
2022-03-16 00:00:00-04:00,63.75,73.5,63.29999923706055,72.9000015258789,70387,0.0,0.0
2022-03-17 00:00:00-04:00,71.4000015258789,75.0,71.25,75.0,67180,0.0,0.0
2022-03-18 00:00:00-04:00,74.55000305175781,76.63500213623047,72.9000015258789,75.30000305175781,81587,0.0,0.0
2022-03-21 00:00:00-04:00,76.94999694824219,81.75,73.84500122070312,78.5999984741211,223693,0.0,0.0
2022-03-22 00:00:00-04:00,80.8499984741211,85.19999694824219,78.9000015258789,81.0,111140,0.0,0.0
2022-03-23 00:00:00-04:00,81.9000015258789,83.8499984741211,77.32499694824219,80.8499984741211,74733,0.0,0.0
2022-03-24 00:00:00-04:00,85.5,90.5999984741211,81.44999694824219,82.6500015258789,121000,0.0,0.0
2022-03-25 00:00:00-04:00,82.5,89.55000305175781,81.9000015258789,85.5,84693,0.0,0.0
2022-03-28 00:00:00-04:00,86.4000015258789,89.55000305175781,79.5,81.75,74653,0.0,0.0
2022-03-29 00:00:00-04:00,82.5,85.5,79.05000305175781,80.25,56733,0.0,0.0
2022-03-30 00:00:00-04:00,80.25,86.8499984741211,79.9800033569336,84.0,214140,0.0,0.0
2022-03-31 00:00:00-04:00,83.0999984741211,86.8499984741211,79.47000122070312,83.55000305175781,48440,0.0,0.0
2022-04-01 00:00:00-04:00,82.94999694824219,86.69999694824219,82.94999694824219,84.44999694824219,44120,0.0,0.0
2022-04-04 00:00:00-04:00,86.8499984741211,90.30000305175781,84.5999984741211,89.8499984741211,127453,0.0,0.0
2022-04-05 00:00:00-04:00,91.80000305175781,92.8499984741211,86.25,89.0999984741211,86660,0.0,0.0
2022-04-06 00:00:00-04:00,86.55000305175781,87.0,79.94999694824219,85.6500015258789,60127,0.0,0.0
2022-04-07 00:00:00-04:00,85.5,87.9000015258789,81.82499694824219,86.25,44307,0.0,0.0
2022-04-08 00:00:00-04:00,85.05000305175781,87.1500015258789,82.80000305175781,85.05000305175781,31667,0.0,0.0
2022-04-11 00:00:00-04:00,83.4000015258789,86.69999694824219,81.02999877929688,85.19999694824219,37907,0.0,0.0
2022-04-12 00:00:00-04:00,86.0999984741211,90.1500015258789,84.93000030517578,88.19999694824219,57773,0.0,0.0
2022-04-13 00:00:00-04:00,88.80000305175781,91.5,86.55000305175781,88.19999694824219,38847,0.0,0.0
2022-04-14 00:00:00-04:00,88.5,89.50499725341797,84.9000015258789,88.05000305175781,41780,0.0,0.0
2022-04-18 00:00:00-04:00,88.05000305175781,89.69999694824219,85.05000305175781,88.05000305175781,25053,0.0,0.0
2022-04-19 00:00:00-04:00,88.05000305175781,92.69999694824219,87.5999984741211,91.19999694824219,63353,0.0,0.0
2022-04-20 00:00:00-04:00,91.94999694824219,92.4000015258789,88.88999938964844,91.05000305175781,41727,0.0,0.0
2022-04-21 00:00:00-04:00,91.5,94.19999694824219,82.3499984741211,84.5999984741211,76507,0.0,0.0
2022-04-22 00:00:00-04:00,84.44999694824219,87.5999984741211,79.05000305175781,81.5999984741211,71787,0.0,0.0
2022-04-25 00:00:00-04:00,81.0,85.94999694824219,78.75,85.94999694824219,55073,0.0,0.0
2022-04-26 00:00:00-04:00,85.05000305175781,87.30000305175781,81.375,83.69999694824219,49360,0.0,0.0
2022-04-27 00:00:00-04:00,84.1500015258789,86.25,81.44999694824219,83.4000015258789,33520,0.0,0.0
2022-04-28 00:00:00-04:00,84.1500015258789,86.4000015258789,79.94999694824219,85.19999694824219,34540,0.0,0.0
2022-04-29 00:00:00-04:00,84.5999984741211,86.8499984741211,83.37000274658203,83.55000305175781,24960,0.0,0.0
2022-05-02 00:00:00-04:00,83.55000305175781,86.55000305175781,81.44999694824219,85.19999694824219,43807,0.0,0.0
2022-05-03 00:00:00-04:00,85.05000305175781,86.4000015258789,82.6500015258789,84.30000305175781,38853,0.0,0.0
2022-05-04 00:00:00-04:00,84.1500015258789,84.44999694824219,77.25,82.94999694824219,75373,0.0,0.0
2022-05-05 00:00:00-04:00,82.94999694824219,83.69999694824219,77.55000305175781,78.44999694824219,34793,0.0,0.0
2022-05-06 00:00:00-04:00,77.69999694824219,78.44999694824219,72.1500015258789,75.9000015258789,38933,0.0,0.0
2022-05-09 00:00:00-04:00,73.5,74.66999816894531,68.625,69.0,64953,0.0,0.0
2022-05-10 00:00:00-04:00,70.80000305175781,72.75,61.79999923706055,62.849998474121094,61260,0.0,0.0
2022-05-11 00:00:00-04:00,63.0,63.45000076293945,55.79999923706055,56.54999923706055,60420,0.0,0.0
2022-05-12 00:00:00-04:00,55.650001525878906,64.80000305175781,53.70000076293945,61.349998474121094,140580,0.0,0.0
2022-05-13 00:00:00-04:00,64.6500015258789,78.44999694824219,64.6500015258789,74.25,135727,0.0,0.0
2022-05-16 00:00:00-04:00,75.75,82.19999694824219,73.6500015258789,80.69999694824219,175773,0.0,0.0
2022-05-17 00:00:00-04:00,82.05000305175781,86.25,79.80000305175781,82.80000305175781,196667,0.0,0.0
2022-05-18 00:00:00-04:00,80.25,86.25,78.1500015258789,80.55000305175781,168107,0.0,0.0
2022-05-19 00:00:00-04:00,79.5,86.25,79.05000305175781,82.19999694824219,152500,0.0,0.0
2022-05-20 00:00:00-04:00,81.75,85.5,75.5999984741211,77.8499984741211,322867,0.0,0.0
2022-05-23 00:00:00-04:00,75.9000015258789,77.05500030517578,68.69999694824219,69.30000305175781,91987,0.0,0.0
2022-05-24 00:00:00-04:00,68.4000015258789,70.6500015258789,61.95000076293945,63.45000076293945,108633,0.0,0.0
2022-05-25 00:00:00-04:00,64.5,64.80000305175781,62.099998474121094,63.599998474121094,42533,0.0,0.0
2022-05-26 00:00:00-04:00,63.75,64.5,60.75,60.75,65980,0.0,0.0
2022-05-27 00:00:00-04:00,61.5,66.0,61.5,64.94999694824219,99653,0.0,0.0
2022-05-31 00:00:00-04:00,65.0999984741211,65.4749984741211,59.54999923706055,61.95000076293945,182333,0.0,0.0
2022-06-01 00:00:00-04:00,61.79999923706055,63.224998474121094,57.75,57.75,85020,0.0,0.0
2022-06-02 00:00:00-04:00,58.04999923706055,60.900001525878906,57.0,60.599998474121094,93227,0.0,0.0
2022-06-03 00:00:00-04:00,60.29999923706055,60.29999923706055,57.45000076293945,58.650001525878906,66440,0.0,0.0
2022-06-06 00:00:00-04:00,62.400001525878906,63.45000076293945,59.400001525878906,63.29999923706055,131633,0.0,0.0
2022-06-07 00:00:00-04:00,62.70000076293945,62.70000076293945,56.70000076293945,58.5,95347,0.0,0.0
2022-06-08 00:00:00-04:00,57.900001525878906,58.20000076293945,55.95000076293945,56.70000076293945,43807,0.0,0.0
2022-06-09 00:00:00-04:00,55.650001525878906,55.79999923706055,51.75,51.900001525878906,83473,0.0,0.0
2022-06-10 00:00:00-04:00,51.75,52.154998779296875,48.45000076293945,48.599998474121094,72420,0.0,0.0
2022-06-13 00:00:00-04:00,46.04999923706055,47.25,43.96500015258789,44.54999923706055,89153,0.0,0.0
2022-06-14 00:00:00-04:00,45.0,46.04999923706055,43.349998474121094,44.70000076293945,90967,0.0,0.0
2022-06-15 00:00:00-04:00,45.75,50.32500076293945,44.54999923706055,49.650001525878906,99507,0.0,0.0
2022-06-16 00:00:00-04:00,48.150001525878906,50.474998474121094,46.650001525878906,49.79999923706055,83453,0.0,0.0
2022-06-17 00:00:00-04:00,49.650001525878906,54.75,48.75,54.75,111793,0.0,0.0
2022-06-21 00:00:00-04:00,55.349998474121094,57.525001525878906,53.400001525878906,53.849998474121094,93727,0.0,0.0
2022-06-22 00:00:00-04:00,52.5,55.349998474121094,51.75,53.400001525878906,74793,0.0,0.0
2022-06-23 00:00:00-04:00,53.400001525878906,58.95000076293945,53.099998474121094,58.95000076293945,107267,0.0,0.0
2022-06-24 00:00:00-04:00,59.400001525878906,59.849998474121094,53.70000076293945,53.70000076293945,667587,0.0,0.0
2022-06-27 00:00:00-04:00,53.25,54.75,48.82500076293945,50.400001525878906,96660,0.0,0.0
2022-06-28 00:00:00-04:00,50.099998474121094,51.900001525878906,46.125,46.650001525878906,101393,0.0,0.0
2022-06-29 00:00:00-04:00,45.599998474121094,46.5,41.849998474121094,43.650001525878906,160367,0.0,0.0
2022-06-30 00:00:00-04:00,43.650001525878906,43.875,42.0,42.150001525878906,59693,0.0,0.0
2022-07-01 00:00:00-04:00,41.70000076293945,42.45000076293945,39.974998474121094,40.20000076293945,62147,0.0,0.0
2022-07-05 00:00:00-04:00,40.650001525878906,44.099998474121094,38.849998474121094,44.099998474121094,68553,0.0,0.0
2022-07-06 00:00:00-04:00,43.79999923706055,46.04999923706055,43.79999923706055,45.75,49660,0.0,0.0
2022-07-07 00:00:00-04:00,45.150001525878906,49.20000076293945,45.150001525878906,48.599998474121094,54073,0.0,0.0
2022-07-08 00:00:00-04:00,48.0,51.67499923706055,47.70000076293945,49.5,74440,0.0,0.0
2022-07-11 00:00:00-04:00,48.599998474121094,49.349998474121094,44.400001525878906,44.400001525878906,46500,0.0,0.0
2022-07-12 00:00:00-04:00,44.849998474121094,44.849998474121094,42.45000076293945,43.04999923706055,30607,0.0,0.0
2022-07-13 00:00:00-04:00,40.95000076293945,43.04999923706055,40.20000076293945,42.0,36553,0.0,0.0
2022-07-14 00:00:00-04:00,41.25,42.0,39.45000076293945,40.79999923706055,85927,0.0,0.0
2022-07-15 00:00:00-04:00,42.0,46.79999923706055,40.42499923706055,46.79999923706055,67907,0.0,0.0
2022-07-18 00:00:00-04:00,48.75,51.75,47.8650016784668,49.95000076293945,61273,0.0,0.0
2022-07-19 00:00:00-04:00,49.95000076293945,54.224998474121094,49.95000076293945,52.79999923706055,72800,0.0,0.0
2022-07-20 00:00:00-04:00,53.54999923706055,55.95000076293945,51.599998474121094,53.25,43520,0.0,0.0
2022-07-21 00:00:00-04:00,53.25,54.0,50.70000076293945,53.70000076293945,43300,0.0,0.0
2022-07-22 00:00:00-04:00,53.400001525878906,54.0,48.29999923706055,49.04999923706055,36027,0.0,0.0
2022-07-25 00:00:00-04:00,49.04999923706055,51.150001525878906,47.099998474121094,51.150001525878906,25273,0.0,0.0
2022-07-26 00:00:00-04:00,50.70000076293945,50.70000076293945,47.625,47.70000076293945,37000,0.0,0.0
2022-07-27 00:00:00-04:00,48.150001525878906,50.474998474121094,47.70000076293945,50.400001525878906,29553,0.0,0.0
2022-07-28 00:00:00-04:00,52.349998474121094,55.349998474121094,52.349998474121094,55.20000076293945,54767,0.0,0.0
2022-07-29 00:00:00-04:00,55.5,58.5,54.29999923706055,57.0,57373,0.0,0.0
2022-08-01 00:00:00-04:00,57.900001525878906,57.900001525878906,54.45000076293945,57.0,39340,0.0,0.0
2022-08-02 00:00:00-04:00,56.400001525878906,60.75,56.400001525878906,59.849998474121094,39467,0.0,0.0
2022-08-03 00:00:00-04:00,60.29999923706055,60.29999923706055,58.064998626708984,59.400001525878906,35180,0.0,0.0
2022-08-04 00:00:00-04:00,59.70000076293945,63.75,59.099998474121094,63.150001525878906,47160,0.0,0.0
2022-08-05 00:00:00-04:00,64.6500015258789,70.42500305175781,63.150001525878906,67.6500015258789,93213,0.0,0.0
2022-08-08 00:00:00-04:00,68.55000305175781,69.5999984741211,60.75,61.95000076293945,68427,0.0,0.0
2022-08-09 00:00:00-04:00,63.0,63.0,59.099998474121094,61.04999923706055,46353,0.0,0.0
2022-08-10 00:00:00-04:00,62.25,66.375,61.349998474121094,65.4000015258789,56987,0.0,0.0
2022-08-11 00:00:00-04:00,69.0,69.0,62.025001525878906,62.70000076293945,65820,0.0,0.0
2022-08-12 00:00:00-04:00,68.0999984741211,76.5,67.80000305175781,74.25,239613,0.0,0.0
2022-08-15 00:00:00-04:00,75.30000305175781,75.9000015258789,70.94999694824219,73.80000305175781,60093,0.0,0.0
2022-08-16 00:00:00-04:00,73.05000305175781,79.57499694824219,72.44999694824219,77.4000015258789,269187,0.0,0.0
2022-08-17 00:00:00-04:00,76.3499984741211,76.5,67.05000305175781,69.0,105767,0.0,0.0
2022-08-18 00:00:00-04:00,70.94999694824219,71.0999984741211,64.5,70.5,55807,0.0,0.0
2022-08-19 00:00:00-04:00,68.55000305175781,68.55000305175781,60.150001525878906,61.04999923706055,84773,0.0,0.0
2022-08-22 00:00:00-04:00,58.875,59.849998474121094,57.150001525878906,59.54999923706055,52407,0.0,0.0
2022-08-23 00:00:00-04:00,58.650001525878906,62.25,58.650001525878906,59.70000076293945,41420,0.0,0.0
2022-08-24 00:00:00-04:00,59.849998474121094,67.3499984741211,59.25,67.19999694824219,62060,0.0,0.0
2022-08-25 00:00:00-04:00,67.80000305175781,68.55000305175781,64.9800033569336,67.05000305175781,72420,0.0,0.0
2022-08-26 00:00:00-04:00,67.80000305175781,67.80000305175781,60.599998474121094,61.5,71960,0.0,0.0
2022-08-29 00:00:00-04:00,60.29999923706055,63.375,59.32500076293945,60.150001525878906,63220,0.0,0.0
2022-08-30 00:00:00-04:00,60.0,61.79999923706055,57.82500076293945,58.95000076293945,43400,0.0,0.0
2022-08-31 00:00:00-04:00,59.849998474121094,67.19999694824219,59.70000076293945,66.5999984741211,77493,0.0,0.0
2022-09-01 00:00:00-04:00,65.4000015258789,66.5999984741211,62.70000076293945,64.5,47747,0.0,0.0
2022-09-02 00:00:00-04:00,65.69999694824219,66.0,59.099998474121094,59.400001525878906,56940,0.0,0.0
2022-09-06 00:00:00-04:00,60.0,60.599998474121094,54.29999923706055,54.29999923706055,99380,0.0,0.0
2022-09-07 00:00:00-04:00,54.0,56.32500076293945,51.900001525878906,55.650001525878906,81187,0.0,0.0
2022-09-08 00:00:00-04:00,54.75,57.375,52.95000076293945,57.150001525878906,57253,0.0,0.0
2022-09-09 00:00:00-04:00,57.900001525878906,60.900001525878906,57.599998474121094,60.900001525878906,47953,0.0,0.0
2022-09-12 00:00:00-04:00,61.5,69.30000305175781,61.5,68.0999984741211,113047,0.0,0.0
2022-09-13 00:00:00-04:00,64.3499984741211,67.3499984741211,62.25,64.6500015258789,83487,0.0,0.0
2022-09-14 00:00:00-04:00,63.45000076293945,69.44999694824219,61.349998474121094,68.69999694824219,86280,0.0,0.0
2022-09-15 00:00:00-04:00,67.94999694824219,76.57499694824219,67.94999694824219,71.25,120680,0.0,0.0
2022-09-16 00:00:00-04:00,69.0,76.125,67.5,72.9000015258789,214307,0.0,0.0
2022-09-19 00:00:00-04:00,71.4000015258789,72.1500015258789,65.55000305175781,68.55000305175781,96000,0.0,0.0
2022-09-20 00:00:00-04:00,67.5,68.4000015258789,63.75,63.900001525878906,54567,0.0,0.0
2022-09-21 00:00:00-04:00,63.75,66.67500305175781,60.525001525878906,63.900001525878906,71853,0.0,0.0
2022-09-22 00:00:00-04:00,64.94999694824219,66.5250015258789,62.54999923706055,65.0999984741211,62320,0.0,0.0
2022-09-23 00:00:00-04:00,63.45000076293945,64.19999694824219,60.599998474121094,62.099998474121094,72093,0.0,0.0
2022-09-26 00:00:00-04:00,62.400001525878906,69.5999984741211,61.5,61.79999923706055,84627,0.0,0.0
2022-09-27 00:00:00-04:00,63.29999923706055,70.19999694824219,62.54999923706055,64.94999694824219,90733,0.0,0.0
2022-09-28 00:00:00-04:00,65.55000305175781,68.69999694824219,62.54999923706055,67.6500015258789,62880,0.0,0.0
2022-09-29 00:00:00-04:00,67.3499984741211,67.5,61.39500045776367,62.400001525878906,112013,0.0,0.0
2022-09-30 00:00:00-04:00,63.0,66.0,61.20000076293945,61.349998474121094,72213,0.0,0.0
2022-10-03 00:00:00-04:00,63.45000076293945,68.25,61.5,66.0,87447,0.0,0.0
2022-10-04 00:00:00-04:00,68.4000015258789,75.5999984741211,68.4000015258789,75.44999694824219,137107,0.0,0.0
2022-10-05 00:00:00-04:00,74.55000305175781,74.8499984741211,69.1500015258789,69.5999984741211,79093,0.0,0.0
2022-10-06 00:00:00-04:00,70.19999694824219,74.25,67.2750015258789,68.0999984741211,83320,0.0,0.0
2022-10-07 00:00:00-04:00,66.9000015258789,67.19999694824219,61.04999923706055,61.20000076293945,84967,0.0,0.0
2022-10-10 00:00:00-04:00,62.25,62.53499984741211,54.6150016784668,56.54999923706055,124073,0.0,0.0
2022-10-11 00:00:00-04:00,57.45000076293945,61.95000076293945,54.07500076293945,57.75,91160,0.0,0.0
2022-10-12 00:00:00-04:00,58.04999923706055,58.79999923706055,52.79999923706055,57.599998474121094,82647,0.0,0.0
2022-10-13 00:00:00-04:00,55.95000076293945,62.849998474121094,53.54999923706055,62.70000076293945,86833,0.0,0.0
2022-10-14 00:00:00-04:00,63.75,65.4000015258789,59.775001525878906,60.45000076293945,83080,0.0,0.0
2022-10-17 00:00:00-04:00,64.19999694824219,64.5,54.45000076293945,55.20000076293945,123233,0.0,0.0
2022-10-18 00:00:00-04:00,55.79999923706055,57.29999923706055,52.79999923706055,54.45000076293945,151047,0.0,0.0
2022-10-19 00:00:00-04:00,54.0,54.0,50.400001525878906,52.349998474121094,93647,0.0,0.0
2022-10-20 00:00:00-04:00,51.0,54.599998474121094,50.54999923706055,51.29999923706055,55167,0.0,0.0
2022-10-21 00:00:00-04:00,51.45000076293945,52.529998779296875,49.04999923706055,51.599998474121094,80593,0.0,0.0
2022-10-24 00:00:00-04:00,52.650001525878906,53.70000076293945,48.599998474121094,53.099998474121094,52253,0.0,0.0
2022-10-25 00:00:00-04:00,52.95000076293945,60.599998474121094,52.79999923706055,60.45000076293945,115460,0.0,0.0
2022-10-26 00:00:00-04:00,60.0,62.400001525878906,57.599998474121094,57.900001525878906,84653,0.0,0.0
2022-10-27 00:00:00-04:00,60.0,60.82500076293945,57.75,58.5,44187,0.0,0.0
2022-10-28 00:00:00-04:00,60.0,63.0,57.29999923706055,61.04999923706055,96153,0.0,0.0
2022-10-31 00:00:00-04:00,62.400001525878906,64.19999694824219,61.04999923706055,63.45000076293945,83720,0.0,0.0
2022-11-01 00:00:00-04:00,64.6500015258789,65.69999694824219,61.95000076293945,62.25,55067,0.0,0.0
2022-11-02 00:00:00-04:00,62.70000076293945,63.29999923706055,58.275001525878906,58.349998474121094,79207,0.0,0.0
2022-11-03 00:00:00-04:00,59.25,63.150001525878906,58.2599983215332,60.599998474121094,82140,0.0,0.0
2022-11-04 00:00:00-04:00,60.0,61.04999923706055,54.150001525878906,55.5,92200,0.0,0.0
2022-11-07 00:00:00-05:00,56.70000076293945,59.849998474121094,54.0,59.849998474121094,75593,0.0,0.0
2022-11-08 00:00:00-05:00,60.0,60.599998474121094,52.79999923706055,52.95000076293945,88033,0.0,0.0
2022-11-09 00:00:00-05:00,52.79999923706055,52.95000076293945,50.25,51.45000076293945,59780,0.0,0.0
2022-11-10 00:00:00-05:00,55.5,58.650001525878906,52.650001525878906,56.849998474121094,110180,0.0,0.0
2022-11-11 00:00:00-05:00,57.29999923706055,63.07500076293945,57.29999923706055,61.5,140273,0.0,0.0
2022-11-14 00:00:00-05:00,62.70000076293945,63.67499923706055,58.95000076293945,62.099998474121094,105447,0.0,0.0
2022-11-15 00:00:00-05:00,63.75,64.80000305175781,60.75,60.900001525878906,78773,0.0,0.0
2022-11-16 00:00:00-05:00,60.75,60.900001525878906,56.625,57.29999923706055,70653,0.0,0.0
2022-11-17 00:00:00-05:00,56.099998474121094,56.25,54.150001525878906,55.04999923706055,76380,0.0,0.0
2022-11-18 00:00:00-05:00,57.0,60.224998474121094,56.54999923706055,57.900001525878906,233533,0.0,0.0
2022-11-21 00:00:00-05:00,57.0,57.45000076293945,52.04999923706055,52.79999923706055,125440,0.0,0.0
2022-11-22 00:00:00-05:00,53.849998474121094,53.849998474121094,49.5,50.400001525878906,104487,0.0,0.0
2022-11-23 00:00:00-05:00,50.25,50.70000076293945,48.375,49.79999923706055,80653,0.0,0.0
2022-11-25 00:00:00-05:00,50.54999923706055,51.900001525878906,48.974998474121094,51.150001525878906,36073,0.0,0.0
2022-11-28 00:00:00-05:00,50.849998474121094,51.67499923706055,47.25,47.400001525878906,84047,0.0,0.0
2022-11-29 00:00:00-05:00,47.25,51.75,47.099998474121094,48.599998474121094,72773,0.0,0.0
2022-11-30 00:00:00-05:00,49.349998474121094,49.57500076293945,45.150001525878906,48.29999923706055,114293,0.0,0.0
2022-12-01 00:00:00-05:00,49.20000076293945,49.650001525878906,44.54999923706055,46.20000076293945,104340,0.0,0.0
2022-12-02 00:00:00-05:00,45.0,51.0,44.474998474121094,50.70000076293945,79347,0.0,0.0
2022-12-05 00:00:00-05:00,50.54999923706055,50.849998474121094,48.150001525878906,49.5,65600,0.0,0.0
2022-12-06 00:00:00-05:00,49.5,49.650001525878906,42.900001525878906,42.900001525878906,114553,0.0,0.0
2022-12-07 00:00:00-05:00,42.599998474121094,42.599998474121094,37.79999923706055,39.599998474121094,289560,0.0,0.0
2022-12-08 00:00:00-05:00,40.04999923706055,40.79999923706055,38.400001525878906,40.04999923706055,104893,0.0,0.0
2022-12-09 00:00:00-05:00,39.0,40.79999923706055,38.099998474121094,38.25,95293,0.0,0.0
2022-12-12 00:00:00-05:00,38.400001525878906,39.224998474121094,37.20000076293945,38.54999923706055,121800,0.0,0.0
2022-12-13 00:00:00-05:00,40.650001525878906,42.150001525878906,37.79999923706055,40.04999923706055,98040,0.0,0.0
2022-12-14 00:00:00-05:00,39.599998474121094,41.25,38.70000076293945,39.150001525878906,69733,0.0,0.0
2022-12-15 00:00:00-05:00,38.54999923706055,39.599998474121094,37.349998474121094,38.099998474121094,89040,0.0,0.0
2022-12-16 00:00:00-05:00,38.400001525878906,39.150001525878906,36.599998474121094,38.849998474121094,105300,0.0,0.0
2022-12-19 00:00:00-05:00,39.0,39.67499923706055,36.82500076293945,37.349998474121094,67953,0.0,0.0
2022-12-20 00:00:00-05:00,36.900001525878906,38.70000076293945,36.45000076293945,36.900001525878906,62040,0.0,0.0
2022-12-21 00:00:00-05:00,37.5,37.5,35.474998474121094,36.29999923706055,53527,0.0,0.0
2022-12-22 00:00:00-05:00,35.400001525878906,36.150001525878906,33.599998474121094,34.79999923706055,94993,0.0,0.0
2022-12-23 00:00:00-05:00,34.5,35.099998474121094,32.849998474121094,33.75,87493,0.0,0.0
2022-12-27 00:00:00-05:00,33.75,33.900001525878906,30.299999237060547,31.049999237060547,104847,0.0,0.0
2022-12-28 00:00:00-05:00,31.5,33.900001525878906,31.229999542236328,32.54999923706055,96593,0.0,0.0
2022-12-29 00:00:00-05:00,32.849998474121094,35.54999923706055,32.25,34.04999923706055,279313,0.0,0.0
2022-12-30 00:00:00-05:00,33.599998474121094,37.935001373291016,33.0,36.45000076293945,145407,0.0,0.0
2023-01-03 00:00:00-05:00,37.349998474121094,38.849998474121094,34.04999923706055,34.650001525878906,106567,0.0,0.0
2023-01-04 00:00:00-05:00,35.54999923706055,36.29999923706055,33.900001525878906,36.0,59353,0.0,0.0
2023-01-05 00:00:00-05:00,36.0,36.0,32.400001525878906,33.0,64213,0.0,0.0
2023-01-06 00:00:00-05:00,33.45000076293945,34.95000076293945,32.25,34.79999923706055,58447,0.0,0.0
2023-01-09 00:00:00-05:00,35.25,37.79999923706055,34.650001525878906,36.900001525878906,86527,0.0,0.0
2023-01-10 00:00:00-05:00,37.20000076293945,38.32500076293945,36.75,37.349998474121094,81387,0.0,0.0
2023-01-11 00:00:00-05:00,37.79999923706055,38.06999969482422,35.625,36.150001525878906,94753,0.0,0.0
2023-01-12 00:00:00-05:00,36.150001525878906,36.900001525878906,35.099998474121094,36.75,79093,0.0,0.0
2023-01-13 00:00:00-05:00,36.150001525878906,38.25,34.95000076293945,37.04999923706055,82927,0.0,0.0
2023-01-17 00:00:00-05:00,37.20000076293945,37.349998474121094,34.20000076293945,34.349998474121094,77960,0.0,0.0
2023-01-18 00:00:00-05:00,34.5,35.099998474121094,33.150001525878906,33.29999923706055,69500,0.0,0.0
2023-01-19 00:00:00-05:00,33.45000076293945,33.45000076293945,32.25,32.400001525878906,61960,0.0,0.0
2023-01-20 00:00:00-05:00,32.849998474121094,34.95000076293945,31.200000762939453,34.650001525878906,80860,0.0,0.0
2023-01-23 00:00:00-05:00,34.95000076293945,36.29999923706055,33.974998474121094,35.849998474121094,80587,0.0,0.0
2023-01-24 00:00:00-05:00,37.5,37.5,34.275001525878906,34.5,50307,0.0,0.0
2023-01-25 00:00:00-05:00,33.75,34.349998474121094,31.950000762939453,33.75,76300,0.0,0.0
2023-01-26 00:00:00-05:00,34.20000076293945,34.935001373291016,31.649999618530273,32.25,118887,0.0,0.0
2023-01-27 00:00:00-05:00,32.099998474121094,34.79999923706055,31.5,34.349998474121094,123507,0.0,0.0
2023-01-30 00:00:00-05:00,34.04999923706055,34.334999084472656,32.099998474121094,32.099998474121094,101393,0.0,0.0
2023-01-31 00:00:00-05:00,32.25,33.375,31.350000381469727,33.150001525878906,100220,0.0,0.0
2023-02-01 00:00:00-05:00,33.150001525878906,35.54999923706055,32.400001525878906,35.099998474121094,113240,0.0,0.0
2023-02-02 00:00:00-05:00,36.0,38.54999923706055,35.54999923706055,37.349998474121094,132473,0.0,0.0
2023-02-03 00:00:00-05:00,36.150001525878906,38.099998474121094,35.54999923706055,36.599998474121094,62007,0.0,0.0
2023-02-06 00:00:00-05:00,36.0,37.275001525878906,35.099998474121094,35.54999923706055,70007,0.0,0.0
2023-02-07 00:00:00-05:00,35.25,36.150001525878906,33.599998474121094,34.79999923706055,61520,0.0,0.0
2023-02-08 00:00:00-05:00,34.349998474121094,35.25,33.75,33.900001525878906,43787,0.0,0.0
2023-02-09 00:00:00-05:00,34.349998474121094,35.849998474121094,32.099998474121094,32.25,100540,0.0,0.0
2023-02-10 00:00:00-05:00,31.799999237060547,32.400001525878906,30.450000762939453,31.5,93460,0.0,0.0
2023-02-13 00:00:00-05:00,31.5,32.400001525878906,30.450000762939453,31.350000381469727,85773,0.0,0.0
2023-02-14 00:00:00-05:00,30.899999618530273,33.0,30.524999618530273,32.849998474121094,76800,0.0,0.0
2023-02-15 00:00:00-05:00,32.25,35.17499923706055,31.950000762939453,34.79999923706055,75573,0.0,0.0
2023-02-16 00:00:00-05:00,33.900001525878906,34.650001525878906,32.099998474121094,32.099998474121094,82773,0.0,0.0
2023-02-17 00:00:00-05:00,32.099998474121094,34.79999923706055,31.350000381469727,34.650001525878906,156080,0.0,0.0
2023-02-21 00:00:00-05:00,34.04999923706055,34.79999923706055,30.450000762939453,30.75,104440,0.0,0.0
2023-02-22 00:00:00-05:00,30.600000381469727,31.200000762939453,29.549999237060547,29.700000762939453,104807,0.0,0.0
2023-02-23 00:00:00-05:00,30.450000762939453,30.450000762939453,27.75,28.799999237060547,69933,0.0,0.0
2023-02-24 00:00:00-05:00,27.600000381469727,28.049999237060547,25.950000762939453,25.950000762939453,84173,0.0,0.0
2023-02-27 00:00:00-05:00,26.399999618530273,27.600000381469727,25.950000762939453,26.850000381469727,74273,0.0,0.0
2023-02-28 00:00:00-05:00,26.549999237060547,27.75,26.25,27.299999237060547,67313,0.0,0.0
2023-03-01 00:00:00-05:00,27.299999237060547,27.450000762939453,23.71500015258789,24.149999618530273,139980,0.0,0.0
2023-03-02 00:00:00-05:00,24.450000762939453,25.049999237060547,23.399999618530273,25.049999237060547,105033,0.0,0.0
2023-03-03 00:00:00-05:00,25.350000381469727,26.100000381469727,22.049999237060547,23.25,137127,0.0,0.0
2023-03-06 00:00:00-05:00,23.850000381469727,24.75,23.399999618530273,23.549999237060547,55980,0.0,0.0
2023-03-07 00:00:00-05:00,23.700000762939453,23.850000381469727,20.399999618530273,20.850000381469727,118700,0.0,0.0
2023-03-08 00:00:00-05:00,20.850000381469727,21.0,19.200000762939453,19.799999237060547,113267,0.0,0.0
2023-03-09 00:00:00-05:00,19.799999237060547,20.549999237060547,17.774999618530273,18.149999618530273,203907,0.0,0.0
2023-03-10 00:00:00-05:00,17.100000381469727,17.399999618530273,15.300000190734863,16.5,266767,0.0,0.0
2023-03-13 00:00:00-04:00,15.899999618530273,17.549999237060547,15.524999618530273,17.25,121273,0.0,0.0
2023-03-14 00:00:00-04:00,17.25,17.850000381469727,15.899999618530273,16.200000762939453,93113,0.0,0.0
2023-03-15 00:00:00-04:00,16.184999465942383,16.5,15.300000190734863,16.049999237060547,83727,0.0,0.0
2023-03-16 00:00:00-04:00,16.799999237060547,16.950000762939453,15.449999809265137,16.5,73200,0.0,0.0
2023-03-17 00:00:00-04:00,16.350000381469727,16.799999237060547,15.449999809265137,16.649999618530273,96420,0.0,0.0
2023-03-20 00:00:00-04:00,16.649999618530273,16.799999237060547,15.149999618530273,15.300000190734863,77733,0.0,0.0
2023-03-21 00:00:00-04:00,15.600000381469727,18.299999237060547,15.600000381469727,17.399999618530273,85300,0.0,0.0
2023-03-22 00:00:00-04:00,17.399999618530273,17.549999237060547,16.200000762939453,16.200000762939453,63300,0.0,0.0
2023-03-23 00:00:00-04:00,16.5,17.100000381469727,15.300000190734863,15.300000190734863,72300,0.0,0.0
2023-03-24 00:00:00-04:00,15.300000190734863,16.350000381469727,15.149999618530273,16.200000762939453,79427,0.0,0.0
2023-03-27 00:00:00-04:00,16.950000762939453,17.100000381469727,15.600000381469727,15.899999618530273,40380,0.0,0.0
2023-03-28 00:00:00-04:00,15.75,16.350000381469727,15.75,15.75,42667,0.0,0.0
2023-03-29 00:00:00-04:00,15.899999618530273,17.100000381469727,15.375,16.950000762939453,49673,0.0,0.0
2023-03-30 00:00:00-04:00,18.0,19.049999237060547,16.950000762939453,17.399999618530273,154940,0.0,0.0
2023-03-31 00:00:00-04:00,17.850000381469727,21.225000381469727,17.549999237060547,20.850000381469727,124953,0.0,0.0
2023-04-03 00:00:00-04:00,22.200000762939453,22.200000762939453,19.350000381469727,20.100000381469727,109473,0.0,0.0
2023-04-04 00:00:00-04:00,20.100000381469727,20.25,18.0,18.149999618530273,67680,0.0,0.0
2023-04-05 00:00:00-04:00,18.149999618530273,18.375,16.649999618530273,16.799999237060547,45647,0.0,0.0
2023-04-06 00:00:00-04:00,16.950000762939453,17.399999618530273,16.350000381469727,17.25,41713,0.0,0.0
2023-04-10 00:00:00-04:00,17.25,19.049999237060547,16.799999237060547,18.75,45460,0.0,0.0
2023-04-11 00:00:00-04:00,18.899999618530273,20.549999237060547,18.450000762939453,19.649999618530273,56340,0.0,0.0
2023-04-12 00:00:00-04:00,20.25,20.25,18.0,18.0,64840,0.0,0.0
2023-04-13 00:00:00-04:00,18.149999618530273,19.649999618530273,18.0,19.049999237060547,41627,0.0,0.0
2023-04-14 00:00:00-04:00,19.049999237060547,19.649999618530273,18.149999618530273,18.899999618530273,31133,0.0,0.0
2023-04-17 00:00:00-04:00,18.899999618530273,19.5,18.0,18.75,47760,0.0,0.0
2023-04-18 00:00:00-04:00,18.600000381469727,19.125,18.0,18.600000381469727,30607,0.0,0.0
2023-04-19 00:00:00-04:00,18.299999237060547,18.600000381469727,17.25,17.25,35687,0.0,0.0
2023-04-20 00:00:00-04:00,17.25,17.700000762939453,16.5,16.799999237060547,46220,0.0,0.0
2023-04-21 00:00:00-04:00,16.950000762939453,16.950000762939453,15.75,15.899999618530273,72020,0.0,0.0
2023-04-24 00:00:00-04:00,15.600000381469727,16.200000762939453,15.600000381469727,16.049999237060547,24747,0.0,0.0
2023-04-25 00:00:00-04:00,15.600000381469727,16.799999237060547,15.600000381469727,15.75,41980,0.0,0.0
2023-04-26 00:00:00-04:00,16.049999237060547,16.5,15.614999771118164,16.200000762939453,30900,0.0,0.0
2023-04-27 00:00:00-04:00,16.200000762939453,16.5,15.899999618530273,16.200000762939453,26320,0.0,0.0
2023-04-28 00:00:00-04:00,16.049999237060547,16.200000762939453,15.600000381469727,16.049999237060547,42333,0.0,0.0
2023-05-01 00:00:00-04:00,15.899999618530273,16.5,15.600000381469727,15.75,46313,0.0,0.0
2023-05-02 00:00:00-04:00,15.600000381469727,16.125,15.600000381469727,15.75,26933,0.0,0.0
2023-05-03 00:00:00-04:00,15.75,17.219999313354492,15.75,16.799999237060547,40033,0.0,0.0
2023-05-04 00:00:00-04:00,16.5,17.100000381469727,16.200000762939453,16.350000381469727,34913,0.0,0.0
2023-05-05 00:00:00-04:00,16.5,17.100000381469727,16.200000762939453,16.350000381469727,30260,0.0,0.0
2023-05-08 00:00:00-04:00,16.649999618530273,16.649999618530273,15.75,16.350000381469727,44660,0.0,0.0
2023-05-09 00:00:00-04:00,16.200000762939453,18.149999618530273,16.200000762939453,17.100000381469727,65533,0.0,0.0
2023-05-10 00:00:00-04:00,17.700000762939453,20.25,17.399999618530273,18.600000381469727,112460,0.0,0.0
2023-05-11 00:00:00-04:00,19.649999618530273,19.950000762939453,16.709999084472656,17.100000381469727,74287,0.0,0.0
2023-05-12 00:00:00-04:00,16.950000762939453,17.25,16.200000762939453,16.350000381469727,43720,0.0,0.0
2023-05-15 00:00:00-04:00,16.200000762939453,16.350000381469727,12.539999961853027,12.899999618530273,716573,0.0,0.0
2023-05-16 00:00:00-04:00,13.244999885559082,13.395000457763672,11.550000190734863,11.850000381469727,386667,0.0,0.0
2023-05-17 00:00:00-04:00,12.0,14.175000190734863,11.25,14.100000381469727,480320,0.0,0.0
2023-05-18 00:00:00-04:00,14.100000381469727,15.600000381469727,13.800000190734863,14.114999771118164,287820,0.0,0.0
2023-05-19 00:00:00-04:00,14.699999809265137,16.5,14.25,16.5,369287,0.0,0.0
2023-05-22 00:00:00-04:00,16.200000762939453,18.299999237060547,15.75,18.0,124727,0.0,0.0
2023-05-23 00:00:00-04:00,16.350000381469727,18.600000381469727,16.350000381469727,18.0,126307,0.0,0.0
2023-05-24 00:00:00-04:00,17.850000381469727,17.850000381469727,16.5,16.799999237060547,72160,0.0,0.0
2023-05-25 00:00:00-04:00,17.084999084472656,17.25,15.899999618530273,16.350000381469727,42940,0.0,0.0
2023-05-26 00:00:00-04:00,16.350000381469727,17.25,15.449999809265137,16.950000762939453,47747,0.0,0.0
2023-05-30 00:00:00-04:00,17.25,18.299999237060547,16.350000381469727,17.850000381469727,98993,0.0,0.0
2023-05-31 00:00:00-04:00,17.399999618530273,17.774999618530273,16.649999618530273,17.25,115540,0.0,0.0
2023-06-01 00:00:00-04:00,17.100000381469727,18.09000015258789,17.024999618530273,17.399999618530273,47593,0.0,0.0
2023-06-02 00:00:00-04:00,17.700000762939453,18.899999618530273,17.399999618530273,18.899999618530273,57460,0.0,0.0
2023-06-05 00:00:00-04:00,18.75,21.149999618530273,18.600000381469727,19.649999618530273,71053,0.0,0.0
2023-06-06 00:00:00-04:00,19.5,21.149999618530273,18.899999618530273,20.700000762939453,76767,0.0,0.0
2023-06-07 00:00:00-04:00,21.0,22.049999237060547,19.649999618530273,19.950000762939453,75307,0.0,0.0
2023-06-08 00:00:00-04:00,20.100000381469727,20.850000381469727,19.649999618530273,20.100000381469727,33280,0.0,0.0
2023-06-09 00:00:00-04:00,20.25,20.385000228881836,18.780000686645508,19.049999237060547,38440,0.0,0.0
2023-06-12 00:00:00-04:00,19.200000762939453,21.825000762939453,18.975000381469727,21.149999618530273,77987,0.0,0.0
2023-06-13 00:00:00-04:00,21.299999237060547,24.0,21.299999237060547,23.549999237060547,125480,0.0,0.0
2023-06-14 00:00:00-04:00,24.149999618530273,24.149999618530273,21.0,21.149999618530273,70913,0.0,0.0
2023-06-15 00:00:00-04:00,21.149999618530273,22.799999237060547,21.0,22.049999237060547,77393,0.0,0.0
2023-06-16 00:00:00-04:00,22.649999618530273,22.950000762939453,20.700000762939453,20.850000381469727,95027,0.0,0.0
2023-06-20 00:00:00-04:00,20.850000381469727,21.014999389648438,18.600000381469727,18.75,103847,0.0,0.0
2023-06-21 00:00:00-04:00,18.75,19.350000381469727,18.030000686645508,19.049999237060547,54660,0.0,0.0
2023-06-22 00:00:00-04:00,19.200000762939453,19.200000762939453,18.0,18.0,38160,0.0,0.0
2023-06-23 00:00:00-04:00,17.850000381469727,20.25,17.850000381469727,19.950000762939453,327367,0.0,0.0
2023-06-26 00:00:00-04:00,20.100000381469727,20.25,18.75,19.200000762939453,50560,0.0,0.0
2023-06-27 00:00:00-04:00,19.799999237060547,21.975000381469727,19.5,21.899999618530273,84327,0.0,0.0
2023-06-28 00:00:00-04:00,22.350000381469727,23.700000762939453,21.299999237060547,23.399999618530273,87233,0.0,0.0
2023-06-29 00:00:00-04:00,23.700000762939453,23.850000381469727,22.049999237060547,22.200000762939453,106593,0.0,0.0
2023-06-30 00:00:00-04:00,22.5,23.25,21.600000381469727,22.049999237060547,78640,0.0,0.0
2023-07-03 00:00:00-04:00,22.649999618530273,23.25,22.200000762939453,22.649999618530273,43613,0.0,0.0
2023-07-05 00:00:00-04:00,22.5,26.100000381469727,22.350000381469727,24.899999618530273,115227,0.0,0.0
2023-07-06 00:00:00-04:00,24.899999618530273,24.899999618530273,20.100000381469727,22.350000381469727,138933,0.0,0.0
2023-07-07 00:00:00-04:00,22.799999237060547,26.25,22.350000381469727,26.25,114853,0.0,0.0
2023-07-10 00:00:00-04:00,27.0,29.174999237060547,25.649999618530273,29.100000381469727,109140,0.0,0.0
2023-07-11 00:00:00-04:00,29.399999618530273,30.299999237060547,26.100000381469727,27.899999618530273,111407,0.0,0.0
2023-07-12 00:00:00-04:00,28.5,31.799999237060547,28.350000381469727,29.700000762939453,114280,0.0,0.0
2023-07-13 00:00:00-04:00,30.299999237060547,30.600000381469727,27.899999618530273,28.649999618530273,102047,0.0,0.0
2023-07-14 00:00:00-04:00,29.100000381469727,30.149999618530273,26.280000686645508,26.700000762939453,82607,0.0,0.0
2023-07-17 00:00:00-04:00,26.700000762939453,30.450000762939453,26.34000015258789,29.25,101900,0.0,0.0
2023-07-18 00:00:00-04:00,29.399999618530273,31.424999237060547,28.649999618530273,28.799999237060547,75413,0.0,0.0
2023-07-19 00:00:00-04:00,29.25,30.600000381469727,27.0,27.899999618530273,104700,0.0,0.0
2023-07-20 00:00:00-04:00,28.350000381469727,28.799999237060547,27.0,28.200000762939453,53007,0.0,0.0
2023-07-21 00:00:00-04:00,28.350000381469727,29.700000762939453,25.950000762939453,27.0,88347,0.0,0.0
2023-07-24 00:00:00-04:00,27.299999237060547,28.184999465942383,26.399999618530273,27.450000762939453,57107,0.0,0.0
2023-07-25 00:00:00-04:00,27.450000762939453,28.649999618530273,26.850000381469727,27.299999237060547,39100,0.0,0.0
2023-07-26 00:00:00-04:00,27.299999237060547,28.485000610351562,27.149999618530273,27.75,40333,0.0,0.0
2023-07-27 00:00:00-04:00,28.049999237060547,29.100000381469727,25.5,26.25,95973,0.0,0.0
2023-07-28 00:00:00-04:00,26.25,28.350000381469727,26.25,27.450000762939453,67340,0.0,0.0
2023-07-31 00:00:00-04:00,27.899999618530273,28.950000762939453,27.450000762939453,28.950000762939453,69920,0.0,0.0
2023-08-01 00:00:00-04:00,29.700000762939453,29.850000381469727,27.299999237060547,27.450000762939453,84587,0.0,0.0
2023-08-02 00:00:00-04:00,26.850000381469727,27.149999618530273,25.5,27.0,82167,0.0,0.0
2023-08-03 00:00:00-04:00,26.25,27.899999618530273,26.25,27.0,63573,0.0,0.0
2023-08-04 00:00:00-04:00,27.0,27.375,25.649999618530273,26.25,60840,0.0,0.0
2023-08-07 00:00:00-04:00,26.25,26.25,24.299999237060547,25.799999237060547,77673,0.0,0.0
2023-08-08 00:00:00-04:00,25.5,26.25,24.299999237060547,25.950000762939453,54160,0.0,0.0
2023-08-09 00:00:00-04:00,25.200000762939453,25.274999618530273,22.649999618530273,24.75,141447,0.0,0.0
2023-08-10 00:00:00-04:00,24.149999618530273,24.299999237060547,19.950000762939453,20.25,126853,0.0,0.0
2023-08-11 00:00:00-04:00,19.649999618530273,20.924999237060547,19.649999618530273,20.399999618530273,60747,0.0,0.0
2023-08-14 00:00:00-04:00,20.399999618530273,20.399999618530273,19.125,19.649999618530273,55413,0.0,0.0
2023-08-15 00:00:00-04:00,19.350000381469727,19.5,17.549999237060547,19.350000381469727,60387,0.0,0.0
2023-08-16 00:00:00-04:00,18.899999618530273,19.200000762939453,18.299999237060547,18.299999237060547,30527,0.0,0.0
2023-08-17 00:00:00-04:00,18.299999237060547,18.450000762939453,17.399999618530273,17.700000762939453,73947,0.0,0.0
2023-08-18 00:00:00-04:00,16.200000762939453,17.850000381469727,16.049999237060547,17.25,77060,0.0,0.0
2023-08-21 00:00:00-04:00,17.700000762939453,19.200000762939453,16.950000762939453,18.149999618530273,84200,0.0,0.0
2023-08-22 00:00:00-04:00,16.799999237060547,22.200000762939453,16.200000762939453,21.299999237060547,341200,0.0,0.0
2023-08-23 00:00:00-04:00,21.75,24.149999618530273,21.600000381469727,22.200000762939453,169453,0.0,0.0
2023-08-24 00:00:00-04:00,22.049999237060547,22.200000762939453,20.024999618530273,21.0,88927,0.0,0.0
2023-08-25 00:00:00-04:00,21.299999237060547,23.325000762939453,21.149999618530273,22.950000762939453,66540,0.0,0.0
2023-08-28 00:00:00-04:00,23.100000381469727,24.0,21.149999618530273,21.299999237060547,101287,0.0,0.0
2023-08-29 00:00:00-04:00,21.149999618530273,23.399999618530273,21.149999618530273,22.799999237060547,89047,0.0,0.0
2023-08-30 00:00:00-04:00,22.200000762939453,23.399999618530273,22.049999237060547,23.100000381469727,48767,0.0,0.0
2023-08-31 00:00:00-04:00,23.100000381469727,23.549999237060547,21.299999237060547,21.450000762939453,53140,0.0,0.0
2023-09-01 00:00:00-04:00,21.899999618530273,24.0,21.899999618530273,23.25,59313,0.0,0.0
2023-09-05 00:00:00-04:00,22.950000762939453,24.75,22.799999237060547,24.0,64920,0.0,0.0
2023-09-06 00:00:00-04:00,25.350000381469727,25.5,22.5,22.649999618530273,66740,0.0,0.0
2023-09-07 00:00:00-04:00,22.5,23.25,21.450000762939453,22.950000762939453,40913,0.0,0.0
2023-09-08 00:00:00-04:00,22.799999237060547,22.950000762939453,21.450000762939453,22.649999618530273,39653,0.0,0.0
2023-09-11 00:00:00-04:00,21.899999618530273,23.850000381469727,21.899999618530273,23.549999237060547,43453,0.0,0.0
2023-09-12 00:00:00-04:00,22.950000762939453,25.274999618530273,22.950000762939453,24.149999618530273,54593,0.0,0.0
2023-09-13 00:00:00-04:00,23.850000381469727,24.299999237060547,22.649999618530273,23.100000381469727,45747,0.0,0.0
2023-09-14 00:00:00-04:00,23.399999618530273,24.75,23.174999237060547,24.0,50853,0.0,0.0
2023-09-15 00:00:00-04:00,24.450000762939453,24.899999618530273,22.799999237060547,22.799999237060547,91447,0.0,0.0
2023-09-18 00:00:00-04:00,22.950000762939453,23.100000381469727,20.399999618530273,20.399999618530273,65680,0.0,0.0
2023-09-19 00:00:00-04:00,20.399999618530273,20.850000381469727,20.25,20.549999237060547,29180,0.0,0.0
2023-09-20 00:00:00-04:00,20.399999618530273,21.075000762939453,19.950000762939453,20.25,34533,0.0,0.0
2023-09-21 00:00:00-04:00,19.950000762939453,20.399999618530273,19.200000762939453,20.100000381469727,62420,0.0,0.0
2023-09-22 00:00:00-04:00,20.399999618530273,21.899999618530273,19.950000762939453,20.850000381469727,52313,0.0,0.0
2023-09-25 00:00:00-04:00,22.649999618530273,26.399999618530273,22.274999618530273,26.25,538707,0.0,0.0
2023-09-26 00:00:00-04:00,27.149999618530273,30.600000381469727,25.649999618530273,28.049999237060547,410653,0.0,0.0
2023-09-27 00:00:00-04:00,28.649999618530273,30.0,28.5,29.399999618530273,180240,0.0,0.0
2023-09-28 00:00:00-04:00,30.0,30.899999618530273,28.799999237060547,29.399999618530273,333400,0.0,0.0
2023-09-29 00:00:00-04:00,30.0,30.0,27.149999618530273,28.200000762939453,138567,0.0,0.0
2023-10-02 00:00:00-04:00,28.049999237060547,30.149999618530273,26.25,27.450000762939453,129020,0.0,0.0
2023-10-03 00:00:00-04:00,26.700000762939453,29.25,26.700000762939453,27.600000381469727,80787,0.0,0.0
2023-10-04 00:00:00-04:00,26.700000762939453,29.25,26.549999237060547,28.950000762939453,94207,0.0,0.0
2023-10-05 00:00:00-04:00,28.649999618530273,29.024999618530273,25.725000381469727,28.200000762939453,87047,0.0,0.0
2023-10-06 00:00:00-04:00,27.600000381469727,29.100000381469727,27.450000762939453,29.100000381469727,44700,0.0,0.0
2023-10-09 00:00:00-04:00,28.649999618530273,29.100000381469727,27.149999618530273,29.100000381469727,72907,0.0,0.0
2023-10-10 00:00:00-04:00,28.649999618530273,31.649999618530273,28.5,29.850000381469727,203867,0.0,0.0
2023-10-11 00:00:00-04:00,30.450000762939453,30.75,28.350000381469727,29.100000381469727,75340,0.0,0.0
2023-10-12 00:00:00-04:00,29.549999237060547,29.549999237060547,27.75,28.049999237060547,43713,0.0,0.0
2023-10-13 00:00:00-04:00,28.350000381469727,29.700000762939453,27.600000381469727,28.5,69927,0.0,0.0
2023-10-16 00:00:00-04:00,28.350000381469727,28.799999237060547,27.0,27.299999237060547,63867,0.0,0.0
2023-10-17 00:00:00-04:00,26.850000381469727,29.174999237060547,26.549999237060547,26.549999237060547,78587,0.0,0.0
2023-10-18 00:00:00-04:00,26.700000762939453,26.700000762939453,23.700000762939453,24.149999618530273,112247,0.0,0.0
2023-10-19 00:00:00-04:00,24.149999618530273,24.600000381469727,23.399999618530273,23.549999237060547,35593,0.0,0.0
2023-10-20 00:00:00-04:00,23.549999237060547,23.549999237060547,21.899999618530273,22.200000762939453,127700,0.0,0.0
2023-10-23 00:00:00-04:00,21.899999618530273,22.649999618530273,20.399999618530273,20.549999237060547,78807,0.0,0.0
2023-10-24 00:00:00-04:00,21.0,22.200000762939453,19.799999237060547,20.399999618530273,134287,0.0,0.0
2023-10-25 00:00:00-04:00,20.549999237060547,22.649999618530273,19.799999237060547,20.850000381469727,116660,0.0,0.0
2023-10-26 00:00:00-04:00,20.700000762939453,21.2549991607666,19.649999618530273,19.799999237060547,73700,0.0,0.0
2023-10-27 00:00:00-04:00,19.950000762939453,20.100000381469727,18.75,19.200000762939453,66840,0.0,0.0
2023-10-30 00:00:00-04:00,19.200000762939453,19.875,18.149999618530273,18.450000762939453,65707,0.0,0.0
2023-10-31 00:00:00-04:00,18.600000381469727,18.975000381469727,17.774999618530273,18.0,99653,0.0,0.0
2023-11-01 00:00:00-04:00,17.850000381469727,18.299999237060547,17.174999237060547,17.700000762939453,56507,0.0,0.0
2023-11-02 00:00:00-04:00,18.0,19.350000381469727,18.0,19.350000381469727,64820,0.0,0.0
2023-11-03 00:00:00-04:00,19.649999618530273,20.5049991607666,18.600000381469727,19.799999237060547,100213,0.0,0.0
2023-11-06 00:00:00-05:00,20.399999618530273,20.399999618530273,18.600000381469727,18.75,53027,0.0,0.0
2023-11-07 00:00:00-05:00,18.75,19.350000381469727,18.375,19.200000762939453,50680,0.0,0.0
2023-11-08 00:00:00-05:00,19.5,19.5,17.100000381469727,17.399999618530273,111633,0.0,0.0
2023-11-09 00:00:00-05:00,18.0,18.434999465942383,17.549999237060547,17.700000762939453,42453,0.0,0.0
2023-11-10 00:00:00-05:00,18.0,18.0,15.75,16.649999618530273,98347,0.0,0.0
2023-11-13 00:00:00-05:00,16.799999237060547,17.25,16.049999237060547,17.25,60533,0.0,0.0
2023-11-14 00:00:00-05:00,18.149999618530273,19.950000762939453,17.850000381469727,19.950000762939453,91793,0.0,0.0
2023-11-15 00:00:00-05:00,20.25,21.149999618530273,18.600000381469727,18.899999618530273,104713,0.0,0.0
2023-11-16 00:00:00-05:00,19.200000762939453,19.274999618530273,17.399999618530273,18.0,50053,0.0,0.0
2023-11-17 00:00:00-05:00,18.299999237060547,18.299999237060547,17.549999237060547,18.0,54840,0.0,0.0
2023-11-20 00:00:00-05:00,18.149999618530273,18.899999618530273,17.25,17.549999237060547,78167,0.0,0.0
2023-11-21 00:00:00-05:00,15.75,17.25,15.0,17.100000381469727,133720,0.0,0.0
2023-11-22 00:00:00-05:00,16.950000762939453,17.549999237060547,16.649999618530273,17.399999618530273,29660,0.0,0.0
2023-11-24 00:00:00-05:00,17.100000381469727,17.700000762939453,17.100000381469727,17.700000762939453,17200,0.0,0.0
2023-11-27 00:00:00-05:00,17.399999618530273,17.850000381469727,16.350000381469727,16.799999237060547,80087,0.0,0.0
2023-11-28 00:00:00-05:00,16.799999237060547,16.799999237060547,15.75,16.649999618530273,53627,0.0,0.0
2023-11-29 00:00:00-05:00,16.950000762939453,18.0,16.950000762939453,17.850000381469727,80293,0.0,0.0
2023-11-30 00:00:00-05:00,18.149999618530273,18.149999618530273,17.399999618530273,17.549999237060547,27680,0.0,0.0
2023-12-01 00:00:00-05:00,17.549999237060547,19.424999237060547,17.25,19.200000762939453,68947,0.0,0.0
2023-12-04 00:00:00-05:00,18.899999618530273,19.575000762939453,18.299999237060547,18.899999618530273,58940,0.0,0.0
2023-12-05 00:00:00-05:00,18.450000762939453,18.450000762939453,17.700000762939453,17.850000381469727,36360,0.0,0.0
2023-12-06 00:00:00-05:00,17.850000381469727,18.149999618530273,16.950000762939453,17.100000381469727,54640,0.0,0.0
2023-12-07 00:00:00-05:00,17.25,18.225000381469727,16.950000762939453,17.549999237060547,35187,0.0,0.0
2023-12-08 00:00:00-05:00,17.549999237060547,18.299999237060547,17.100000381469727,17.850000381469727,47120,0.0,0.0
2023-12-11 00:00:00-05:00,17.399999618530273,18.0,17.25,17.700000762939453,39593,0.0,0.0
2023-12-12 00:00:00-05:00,18.0,18.1200008392334,16.950000762939453,17.399999618530273,42900,0.0,0.0
2023-12-13 00:00:00-05:00,17.399999618530273,18.450000762939453,16.96500015258789,18.149999618530273,84313,0.0,0.0
2023-12-14 00:00:00-05:00,19.200000762939453,19.799999237060547,18.315000534057617,19.649999618530273,131013,0.0,0.0
2023-12-15 00:00:00-05:00,20.100000381469727,20.100000381469727,18.0,18.149999618530273,137467,0.0,0.0
2023-12-18 00:00:00-05:00,18.450000762939453,18.600000381469727,17.100000381469727,17.25,93680,0.0,0.0
2023-12-19 00:00:00-05:00,17.399999618530273,18.450000762939453,17.399999618530273,17.549999237060547,81900,0.0,0.0
2023-12-20 00:00:00-05:00,17.850000381469727,18.075000762939453,16.950000762939453,17.100000381469727,61133,0.0,0.0
2023-12-21 00:00:00-05:00,17.25,17.325000762939453,16.049999237060547,16.350000381469727,138633,0.0,0.0
2023-12-22 00:00:00-05:00,16.649999618530273,17.25,16.200000762939453,17.100000381469727,79407,0.0,0.0
2023-12-26 00:00:00-05:00,16.950000762939453,18.0,16.950000762939453,17.850000381469727,87960,0.0,0.0
2023-12-27 00:00:00-05:00,17.399999618530273,18.0,17.25,17.850000381469727,90840,0.0,0.0
2023-12-28 00:00:00-05:00,17.700000762939453,18.0,17.100000381469727,17.25,355780,0.0,0.0
2023-12-29 00:00:00-05:00,17.549999237060547,18.0,16.649999618530273,17.100000381469727,63820,0.0,0.0
2024-01-02 00:00:00-05:00,17.100000381469727,17.700000762939453,16.799999237060547,17.549999237060547,72433,0.0,0.0
2024-01-03 00:00:00-05:00,17.100000381469727,17.100000381469727,16.350000381469727,16.350000381469727,67867,0.0,0.0
2024-01-04 00:00:00-05:00,16.649999618530273,16.649999618530273,16.200000762939453,16.200000762939453,47333,0.0,0.0
2024-01-05 00:00:00-05:00,16.200000762939453,16.5,15.75,15.75,64840,0.0,0.0
2024-01-08 00:00:00-05:00,16.049999237060547,16.799999237060547,15.779999732971191,16.5,57547,0.0,0.0
2024-01-09 00:00:00-05:00,16.350000381469727,16.5,15.600000381469727,15.75,49833,0.0,0.0
2024-01-10 00:00:00-05:00,15.75,15.899999618530273,15.149999618530273,15.149999618530273,53893,0.0,0.0
2024-01-11 00:00:00-05:00,15.449999809265137,15.600000381469727,15.0,15.300000190734863,57713,0.0,0.0
2024-01-12 00:00:00-05:00,15.449999809265137,15.75,15.149999618530273,15.149999618530273,28773,0.0,0.0
2024-01-16 00:00:00-05:00,15.149999618530273,15.75,13.529999732971191,13.649999618530273,125647,0.0,0.0
2024-01-17 00:00:00-05:00,13.59000015258789,14.100000381469727,13.5,14.085000038146973,76253,0.0,0.0
2024-01-18 00:00:00-05:00,14.100000381469727,14.53499984741211,13.8149995803833,14.324999809265137,52453,0.0,0.0
2024-01-19 00:00:00-05:00,14.699999809265137,14.744999885559082,13.529999732971191,14.670000076293945,53753,0.0,0.0
2024-01-22 00:00:00-05:00,14.670000076293945,15.75,14.670000076293945,15.149999618530273,44207,0.0,0.0
2024-01-23 00:00:00-05:00,15.75,15.899999618530273,15.0,15.600000381469727,50680,0.0,0.0
2024-01-24 00:00:00-05:00,15.75,16.350000381469727,15.75,15.899999618530273,52027,0.0,0.0
2024-01-25 00:00:00-05:00,16.200000762939453,16.649999618530273,15.600000381469727,16.350000381469727,55187,0.0,0.0
2024-01-26 00:00:00-05:00,16.350000381469727,17.549999237060547,16.200000762939453,16.799999237060547,55993,0.0,0.0
2024-01-29 00:00:00-05:00,16.649999618530273,16.799999237060547,16.049999237060547,16.049999237060547,52620,0.0,0.0
2024-01-30 00:00:00-05:00,16.049999237060547,16.334999084472656,15.149999618530273,15.449999809265137,41520,0.0,0.0
2024-01-31 00:00:00-05:00,15.300000190734863,16.5,15.300000190734863,15.449999809265137,36700,0.0,0.0
2024-02-01 00:00:00-05:00,15.600000381469727,16.5,12.975000381469727,14.130000114440918,134900,0.0,0.0
2024-02-02 00:00:00-05:00,14.399999618530273,14.414999961853027,13.5,13.5,59727,0.0,0.0
2024-02-05 00:00:00-05:00,13.649999618530273,13.78499984741211,12.164999961853027,12.524999618530273,96173,0.0,0.0
2024-02-06 00:00:00-05:00,13.050000190734863,14.324999809265137,12.75,13.875,66520,0.0,0.0
2024-02-07 00:00:00-05:00,13.949999809265137,14.475000381469727,13.739999771118164,13.739999771118164,44120,0.0,0.0
2024-02-08 00:00:00-05:00,13.649999618530273,14.520000457763672,13.649999618530273,14.100000381469727,43193,0.0,0.0
2024-02-09 00:00:00-05:00,14.15999984741211,15.0,14.100000381469727,14.774999618530273,34380,0.0,0.0
2024-02-12 00:00:00-05:00,15.0,15.899999618530273,14.789999961853027,15.449999809265137,44213,0.0,0.0
2024-02-13 00:00:00-05:00,15.300000190734863,15.300000190734863,13.800000190734863,13.800000190734863,101007,0.0,0.0
2024-02-14 00:00:00-05:00,14.90999984741211,15.300000190734863,14.25,15.300000190734863,32333,0.0,0.0
2024-02-15 00:00:00-05:00,15.0,15.600000381469727,14.864999771118164,15.0,53287,0.0,0.0
2024-02-16 00:00:00-05:00,15.0,15.149999618530273,13.96500015258789,14.055000305175781,59447,0.0,0.0
2024-02-20 00:00:00-05:00,13.800000190734863,14.760000228881836,13.619999885559082,13.664999961853027,63913,0.0,0.0
2024-02-21 00:00:00-05:00,13.5600004196167,13.949999809265137,12.75,12.824999809265137,69087,0.0,0.0
2024-02-22 00:00:00-05:00,12.899999618530273,13.170000076293945,12.149999618530273,12.300000190734863,62547,0.0,0.0
2024-02-23 00:00:00-05:00,12.75,13.305000305175781,11.850000381469727,12.569999694824219,60200,0.0,0.0
2024-02-26 00:00:00-05:00,12.449999809265137,13.380000114440918,12.375,13.199999809265137,37400,0.0,0.0
2024-02-27 00:00:00-05:00,12.899999618530273,13.890000343322754,12.75,13.515000343322754,43553,0.0,0.0
2024-02-28 00:00:00-05:00,13.649999618530273,13.649999618530273,12.375,12.630000114440918,44333,0.0,0.0
2024-02-29 00:00:00-05:00,12.899999618530273,13.350000381469727,12.600000381469727,13.03499984741211,24340,0.0,0.0
2024-03-01 00:00:00-05:00,13.199999809265137,13.21500015258789,12.600000381469727,12.675000190734863,35987,0.0,0.0
2024-03-04 00:00:00-05:00,12.899999618530273,13.03499984741211,12.300000190734863,12.704999923706055,39827,0.0,0.0
2024-03-05 00:00:00-05:00,12.6899995803833,12.989999771118164,12.045000076293945,12.045000076293945,36227,0.0,0.0
2024-03-06 00:00:00-05:00,12.149999618530273,13.140000343322754,12.149999618530273,13.050000190734863,39313,0.0,0.0
2024-03-07 00:00:00-05:00,12.960000038146973,13.350000381469727,12.899999618530273,13.125,24740,0.0,0.0
2024-03-08 00:00:00-05:00,13.229999542236328,14.100000381469727,12.899999618530273,13.4399995803833,52247,0.0,0.0
2024-03-11 00:00:00-04:00,13.350000381469727,13.949999809265137,12.75,12.765000343322754,32807,0.0,0.0
2024-03-12 00:00:00-04:00,13.050000190734863,13.050000190734863,12.300000190734863,12.300000190734863,61300,0.0,0.0
2024-03-13 00:00:00-04:00,12.600000381469727,12.75,12.0,12.210000038146973,78107,0.0,0.0
2024-03-14 00:00:00-04:00,13.03499984741211,13.03499984741211,11.5649995803833,11.595000267028809,77953,0.0,0.0
2024-03-15 00:00:00-04:00,11.460000038146973,11.71500015258789,10.454999923706055,10.454999923706055,208853,0.0,0.0
2024-03-18 00:00:00-04:00,10.649999618530273,10.845000267028809,9.899999618530273,9.899999618530273,95967,0.0,0.0
2024-03-19 00:00:00-04:00,10.199999809265137,10.40999984741211,9.600000381469727,10.244999885559082,76187,0.0,0.0
2024-03-20 00:00:00-04:00,10.289999961853027,11.010000228881836,10.199999809265137,10.649999618530273,55220,0.0,0.0
2024-03-21 00:00:00-04:00,10.5,10.800000190734863,9.779999732971191,10.21500015258789,89040,0.0,0.0
2024-03-22 00:00:00-04:00,9.960000038146973,10.199999809265137,9.164999961853027,9.255000114440918,143753,0.0,0.0
2024-03-25 00:00:00-04:00,9.345000267028809,10.949999809265137,9.300000190734863,10.515000343322754,147580,0.0,0.0
2024-03-26 00:00:00-04:00,10.5,10.800000190734863,10.244999885559082,10.545000076293945,57607,0.0,0.0
2024-03-27 00:00:00-04:00,10.604999542236328,11.475000381469727,10.244999885559082,11.25,226327,0.0,0.0
2024-03-28 00:00:00-04:00,10.890000343322754,11.25,10.845000267028809,10.845000267028809,50680,0.0,0.0
2024-04-01 00:00:00-04:00,10.949999809265137,10.994999885559082,10.350000381469727,10.5,60187,0.0,0.0
2024-04-02 00:00:00-04:00,10.5,10.604999542236328,10.199999809265137,10.5,59687,0.0,0.0
2024-04-03 00:00:00-04:00,10.454999923706055,10.635000228881836,10.350000381469727,10.454999923706055,35827,0.0,0.0
2024-04-04 00:00:00-04:00,10.484999656677246,11.699999809265137,10.425000190734863,11.055000305175781,65200,0.0,0.0
2024-04-05 00:00:00-04:00,10.949999809265137,11.25,10.529999732971191,11.024999618530273,30527,0.0,0.0
2024-04-08 00:00:00-04:00,11.100000381469727,11.699999809265137,10.875,10.979999542236328,46953,0.0,0.0
2024-04-09 00:00:00-04:00,11.100000381469727,11.25,10.5600004196167,10.890000343322754,22293,0.0,0.0
2024-04-10 00:00:00-04:00,10.5,11.085000038146973,10.350000381469727,10.515000343322754,39880,0.0,0.0
2024-04-11 00:00:00-04:00,10.59000015258789,10.9350004196167,10.21500015258789,10.395000457763672,62487,0.0,0.0
2024-04-12 00:00:00-04:00,10.425000190734863,10.664999961853027,9.930000305175781,10.109999656677246,54627,0.0,0.0
2024-04-15 00:00:00-04:00,10.199999809265137,10.484999656677246,9.795000076293945,9.930000305175781,37760,0.0,0.0
2024-04-16 00:00:00-04:00,9.795000076293945,10.170000076293945,9.75,9.944999694824219,36833,0.0,0.0
2024-04-17 00:00:00-04:00,9.899999618530273,10.454999923706055,9.75,9.975000381469727,31320,0.0,0.0
2024-04-18 00:00:00-04:00,10.199999809265137,10.5,9.779999732971191,9.960000038146973,33540,0.0,0.0
2024-04-19 00:00:00-04:00,9.75,10.484999656677246,9.75,10.364999771118164,42880,0.0,0.0
2024-04-22 00:00:00-04:00,10.050000190734863,10.78499984741211,10.050000190734863,10.425000190734863,31307,0.0,0.0
2024-04-23 00:00:00-04:00,10.350000381469727,10.78499984741211,10.274999618530273,10.484999656677246,27920,0.0,0.0
2024-04-24 00:00:00-04:00,10.694999694824219,10.800000190734863,10.364999771118164,10.5600004196167,36453,0.0,0.0
2024-04-25 00:00:00-04:00,10.5,10.664999961853027,10.364999771118164,10.604999542236328,25287,0.0,0.0
2024-04-26 00:00:00-04:00,10.649999618530273,10.664999961853027,10.395000457763672,10.5600004196167,23993,0.0,0.0
2024-04-29 00:00:00-04:00,10.350000381469727,12.0,10.350000381469727,11.460000038146973,58200,0.0,0.0
2024-04-30 00:00:00-04:00,12.0,12.0,11.100000381469727,11.3100004196167,23080,0.0,0.0
2024-05-01 00:00:00-04:00,10.949999809265137,11.640000343322754,10.8149995803833,11.34000015258789,29047,0.0,0.0
2024-05-02 00:00:00-04:00,11.850000381469727,12.404999732971191,11.34000015258789,12.300000190734863,44867,0.0,0.0
2024-05-03 00:00:00-04:00,12.180000305175781,12.449999809265137,11.760000228881836,12.4350004196167,43067,0.0,0.0
2024-05-06 00:00:00-04:00,12.899999618530273,13.350000381469727,12.449999809265137,13.21500015258789,42753,0.0,0.0
2024-05-07 00:00:00-04:00,13.5,14.100000381469727,13.229999542236328,13.845000267028809,112520,0.0,0.0
2024-05-08 00:00:00-04:00,13.800000190734863,13.800000190734863,11.625,11.774999618530273,63753,0.0,0.0
2024-05-09 00:00:00-04:00,11.954999923706055,13.319999694824219,11.954999923706055,12.704999923706055,40520,0.0,0.0
2024-05-10 00:00:00-04:00,12.614999771118164,13.050000190734863,10.949999809265137,11.100000381469727,59047,0.0,0.0
2024-05-13 00:00:00-04:00,11.550000190734863,11.744999885559082,10.649999618530273,11.444999694824219,58627,0.0,0.0
2024-05-14 00:00:00-04:00,11.550000190734863,12.524999618530273,11.550000190734863,12.0,40440,0.0,0.0
2024-05-15 00:00:00-04:00,12.225000381469727,12.225000381469727,11.100000381469727,11.71500015258789,39473,0.0,0.0
2024-05-16 00:00:00-04:00,12.0,12.300000190734863,10.9350004196167,11.100000381469727,40293,0.0,0.0
2024-05-17 00:00:00-04:00,11.625,12.149999618530273,11.25,11.71500015258789,34680,0.0,0.0
2024-05-20 00:00:00-04:00,12.300000190734863,12.300000190734863,11.71500015258789,12.149999618530273,26700,0.0,0.0
2024-05-21 00:00:00-04:00,11.850000381469727,12.119999885559082,10.979999542236328,11.34000015258789,54393,0.0,0.0
2024-05-22 00:00:00-04:00,10.949999809265137,12.149999618530273,10.949999809265137,11.954999923706055,42527,0.0,0.0
2024-05-23 00:00:00-04:00,11.699999809265137,12.0,10.949999809265137,11.100000381469727,46420,0.0,0.0
2024-05-24 00:00:00-04:00,11.399999618530273,12.0,11.265000343322754,11.414999961853027,40393,0.0,0.0
2024-05-28 00:00:00-04:00,11.835000038146973,12.119999885559082,11.100000381469727,11.895000457763672,59247,0.0,0.0
2024-05-29 00:00:00-04:00,11.850000381469727,11.850000381469727,11.114999771118164,11.15999984741211,34587,0.0,0.0
2024-05-30 00:00:00-04:00,11.550000190734863,11.5649995803833,10.9350004196167,11.265000343322754,46280,0.0,0.0
2024-05-31 00:00:00-04:00,11.34000015258789,11.399999618530273,10.800000190734863,11.175000190734863,54320,0.0,0.0
2024-06-03 00:00:00-04:00,11.354999542236328,11.399999618530273,10.949999809265137,11.175000190734863,25887,0.0,0.0
2024-06-04 00:00:00-04:00,11.175000190734863,11.25,10.664999961853027,10.755000114440918,39173,0.0,0.0
2024-06-05 00:00:00-04:00,10.725000381469727,11.399999618530273,10.649999618530273,11.15999984741211,46627,0.0,0.0
2024-06-06 00:00:00-04:00,11.100000381469727,11.385000228881836,10.649999618530273,10.770000457763672,28560,0.0,0.0
2024-06-07 00:00:00-04:00,11.100000381469727,11.100000381469727,10.364999771118164,10.5,52860,0.0,0.0
2024-06-10 00:00:00-04:00,10.635000228881836,10.949999809265137,10.484999656677246,10.545000076293945,45187,0.0,0.0
2024-06-11 00:00:00-04:00,10.949999809265137,11.53499984741211,10.380000114440918,11.53499984741211,39727,0.0,0.0
2024-06-12 00:00:00-04:00,11.399999618530273,13.260000228881836,11.385000228881836,11.850000381469727,149380,0.0,0.0
2024-06-13 00:00:00-04:00,12.0,12.404999732971191,10.979999542236328,11.699999809265137,38233,0.0,0.0
2024-06-14 00:00:00-04:00,11.295000076293945,11.625,10.800000190734863,11.25,30673,0.0,0.0
2024-06-17 00:00:00-04:00,11.1899995803833,11.505000114440918,10.545000076293945,11.505000114440918,40087,0.0,0.0
2024-06-18 00:00:00-04:00,11.25,11.53499984741211,10.96500015258789,11.010000228881836,19673,0.0,0.0
2024-06-20 00:00:00-04:00,11.1899995803833,11.25,10.800000190734863,10.8149995803833,22373,0.0,0.0
2024-06-21 00:00:00-04:00,10.845000267028809,11.234999656677246,10.680000305175781,11.175000190734863,41587,0.0,0.0
2024-06-24 00:00:00-04:00,11.25,12.135000228881836,10.800000190734863,11.954999923706055,54847,0.0,0.0
2024-06-25 00:00:00-04:00,11.25,12.449999809265137,11.25,12.345000267028809,70733,0.0,0.0
2024-06-26 00:00:00-04:00,12.600000381469727,13.199999809265137,11.550000190734863,12.149999618530273,76660,0.0,0.0
2024-06-27 00:00:00-04:00,12.194999694824219,12.989999771118164,11.850000381469727,12.989999771118164,53573,0.0,0.0
2024-06-28 00:00:00-04:00,12.899999618530273,13.649999618530273,11.579999923706055,12.270000457763672,769020,0.0,0.0
2024-07-01 00:00:00-04:00,12.704999923706055,12.704999923706055,11.175000190734863,11.175000190734863,53953,0.0,0.0
2024-07-02 00:00:00-04:00,10.875,11.520000457763672,10.664999961853027,10.680000305175781,106700,0.0,0.0
2024-07-03 00:00:00-04:00,11.039999961853027,12.225000381469727,10.875,12.149999618530273,24293,0.0,0.0
2024-07-05 00:00:00-04:00,12.149999618530273,12.225000381469727,11.699999809265137,11.954999923706055,30980,0.0,0.0
2024-07-08 00:00:00-04:00,11.954999923706055,12.449999809265137,11.774999618530273,12.164999961853027,48687,0.0,0.0
2024-07-09 00:00:00-04:00,12.149999618530273,12.585000038146973,12.0,12.0,23887,0.0,0.0
2024-07-10 00:00:00-04:00,12.0,12.869999885559082,11.864999771118164,12.479999542236328,56333,0.0,0.0
2024-07-11 00:00:00-04:00,12.600000381469727,12.989999771118164,12.600000381469727,12.6899995803833,46807,0.0,0.0
2024-07-12 00:00:00-04:00,13.5,13.949999809265137,12.75,13.574999809265137,151953,0.0,0.0
2024-07-15 00:00:00-04:00,13.5,13.800000190734863,12.149999618530273,12.869999885559082,117333,0.0,0.0
2024-07-16 00:00:00-04:00,13.050000190734863,13.875,12.899999618530273,13.875,47473,0.0,0.0
2024-07-17 00:00:00-04:00,14.100000381469727,14.100000381469727,12.65999984741211,12.6899995803833,58540,0.0,0.0
2024-07-18 00:00:00-04:00,13.199999809265137,13.335000038146973,12.0600004196167,12.074999809265137,36200,0.0,0.0
2024-07-19 00:00:00-04:00,12.0,12.194999694824219,11.399999618530273,11.9399995803833,53333,0.0,0.0
2024-07-22 00:00:00-04:00,12.0,12.300000190734863,11.805000305175781,11.850000381469727,21767,0.0,0.0
2024-07-23 00:00:00-04:00,12.180000305175781,12.449999809265137,11.850000381469727,12.074999809265137,29953,0.0,0.0
2024-07-24 00:00:00-04:00,12.149999618530273,12.149999618530273,11.699999809265137,11.850000381469727,18493,0.0,0.0
2024-07-25 00:00:00-04:00,11.699999809265137,11.850000381469727,11.25,11.414999961853027,35473,0.0,0.0
2024-07-26 00:00:00-04:00,11.550000190734863,12.0,11.414999961853027,11.550000190734863,30807,0.0,0.0
2024-07-29 00:00:00-04:00,11.25,11.6850004196167,10.979999542236328,11.114999771118164,44080,0.0,0.0
2024-07-30 00:00:00-04:00,10.96500015258789,11.385000228881836,10.800000190734863,10.800000190734863,31847,0.0,0.0
2024-07-31 00:00:00-04:00,10.904999732971191,11.579999923706055,10.904999732971191,11.220000267028809,37920,0.0,0.0
2024-08-01 00:00:00-04:00,11.15999984741211,11.295000076293945,10.545000076293945,10.800000190734863,55893,0.0,0.0
2024-08-02 00:00:00-04:00,10.515000343322754,10.800000190734863,10.350000381469727,10.380000114440918,40053,0.0,0.0
2024-08-05 00:00:00-04:00,10.199999809265137,10.40999984741211,9.539999961853027,9.899999618530273,65227,0.0,0.0
2024-08-06 00:00:00-04:00,10.350000381469727,10.4399995803833,9.795000076293945,9.899999618530273,32413,0.0,0.0
2024-08-07 00:00:00-04:00,10.199999809265137,10.199999809265137,9.765000343322754,9.765000343322754,38793,0.0,0.0
2024-08-08 00:00:00-04:00,10.050000190734863,10.199999809265137,9.779999732971191,10.125,31580,0.0,0.0
2024-08-09 00:00:00-04:00,9.914999961853027,10.350000381469727,9.75,9.75,35173,0.0,0.0
2024-08-12 00:00:00-04:00,10.274999618530273,10.40999984741211,9.824999809265137,10.03499984741211,28093,0.0,0.0
2024-08-13 00:00:00-04:00,9.65999984741211,10.050000190734863,9.600000381469727,10.005000114440918,44060,0.0,0.0
2024-08-14 00:00:00-04:00,10.335000038146973,10.350000381469727,9.555000305175781,10.020000457763672,64453,0.0,0.0
2024-08-15 00:00:00-04:00,9.390000343322754,9.75,8.34000015258789,8.71500015258789,131727,0.0,0.0
2024-08-16 00:00:00-04:00,8.71500015258789,8.850000381469727,8.399999618530273,8.430000305175781,45767,0.0,0.0
2024-08-19 00:00:00-04:00,8.475000381469727,8.550000190734863,7.994999885559082,8.354999542236328,68600,0.0,0.0
2024-08-20 00:00:00-04:00,8.25,8.399999618530273,8.1899995803833,8.1899995803833,50213,0.0,0.0
2024-08-21 00:00:00-04:00,7.949999809265137,8.579999923706055,7.949999809265137,8.5649995803833,73753,0.0,0.0
2024-08-22 00:00:00-04:00,8.399999618530273,8.5649995803833,8.100000381469727,8.100000381469727,70480,0.0,0.0
2024-08-23 00:00:00-04:00,8.100000381469727,8.385000228881836,7.739999771118164,8.265000343322754,85913,0.0,0.0
2024-08-26 00:00:00-04:00,7.119999885559082,8.4399995803833,7.119999885559082,8.4399995803833,195800,0.0,0.06666666666666667
2024-08-27 00:00:00-04:00,8.0600004196167,8.399999618530273,7.175000190734863,7.230000019073486,246900,0.0,0.0
2024-08-28 00:00:00-04:00,7.329999923706055,7.349999904632568,5.710999965667725,5.96999979019165,313600,0.0,0.0
2024-08-29 00:00:00-04:00,5.960000038146973,7.050000190734863,5.835000038146973,6.880000114440918,233800,0.0,0.0
2024-08-30 00:00:00-04:00,6.730000019073486,7.760000228881836,6.730000019073486,7.489999771118164,100200,0.0,0.0
2024-09-03 00:00:00-04:00,7.349999904632568,7.39900016784668,6.849999904632568,6.849999904632568,139300,0.0,0.0
2024-09-04 00:00:00-04:00,6.849999904632568,6.849999904632568,6.03000020980835,6.119999885559082,79100,0.0,0.0
2024-09-05 00:00:00-04:00,6.110000133514404,6.28000020980835,5.78000020980835,5.800000190734863,110900,0.0,0.0
2024-09-06 00:00:00-04:00,5.940000057220459,5.940000057220459,5.599999904632568,5.800000190734863,61300,0.0,0.0
2024-09-09 00:00:00-04:00,5.739999771118164,5.820000171661377,5.199999809265137,5.559999942779541,83400,0.0,0.0
2024-09-10 00:00:00-04:00,5.53000020980835,5.889999866485596,5.5,5.849999904632568,46800,0.0,0.0
2024-09-11 00:00:00-04:00,5.71999979019165,6.170000076293945,5.690000057220459,5.880000114440918,69800,0.0,0.0
2024-09-12 00:00:00-04:00,5.869999885559082,5.949999809265137,5.25,5.329999923706055,104700,0.0,0.0
2024-09-13 00:00:00-04:00,5.320000171661377,5.704999923706055,5.309999942779541,5.420000076293945,122600,0.0,0.0
2024-09-16 00:00:00-04:00,5.440000057220459,6.059999942779541,5.440000057220459,5.809999942779541,73900,0.0,0.0
2024-09-17 00:00:00-04:00,5.920000076293945,6.369999885559082,5.809999942779541,6.150000095367432,94500,0.0,0.0
2024-09-18 00:00:00-04:00,6.210000038146973,6.749000072479248,6.119999885559082,6.449999809265137,102300,0.0,0.0
2024-09-19 00:00:00-04:00,6.769999980926514,6.769999980926514,6.309999942779541,6.340000152587891,89300,0.0,0.0
2024-09-20 00:00:00-04:00,6.329999923706055,6.329999923706055,5.610000133514404,5.630000114440918,124500,0.0,0.0
2024-09-23 00:00:00-04:00,5.630000114440918,5.809999942779541,5.619999885559082,5.789999961853027,32300,0.0,0.0
2024-09-24 00:00:00-04:00,5.849999904632568,6.230000019073486,5.849999904632568,6.079999923706055,54200,0.0,0.0
2024-09-25 00:00:00-04:00,6.050000190734863,6.050000190734863,5.789999961853027,5.860000133514404,35100,0.0,0.0
2024-09-26 00:00:00-04:00,6.039999961853027,6.539999961853027,5.914999961853027,6.519999980926514,81600,0.0,0.0
2024-09-27 00:00:00-04:00,6.610000133514404,6.927999973297119,6.559999942779541,6.619999885559082,35900,0.0,0.0
2024-09-30 00:00:00-04:00,6.610000133514404,6.610000133514404,6.21999979019165,6.320000171661377,47100,0.0,0.0
2024-10-01 00:00:00-04:00,6.25,6.320000171661377,5.920000076293945,6.130000114440918,37600,0.0,0.0
2024-10-02 00:00:00-04:00,6.099999904632568,6.360000133514404,6.039999961853027,6.360000133514404,32700,0.0,0.0
2024-10-03 00:00:00-04:00,6.269999980926514,6.458000183105469,6.019999980926514,6.269999980926514,46600,0.0,0.0
2024-10-04 00:00:00-04:00,6.360000133514404,6.53000020980835,6.139999866485596,6.519999980926514,48900,0.0,0.0
2024-10-07 00:00:00-04:00,6.429999828338623,7.179999828338623,6.429999828338623,7.119999885559082,79300,0.0,0.0
2024-10-08 00:00:00-04:00,7.090000152587891,7.179999828338623,6.679999828338623,6.96999979019165,44700,0.0,0.0
2024-10-09 00:00:00-04:00,6.880000114440918,7.355000019073486,6.880000114440918,6.980000019073486,52500,0.0,0.0
2024-10-10 00:00:00-04:00,6.900000095367432,7.420000076293945,6.820000171661377,7.340000152587891,33700,0.0,0.0
2024-10-11 00:00:00-04:00,7.349999904632568,7.860000133514404,7.210000038146973,7.849999904632568,48800,0.0,0.0
2024-10-14 00:00:00-04:00,7.900000095367432,8.520000457763672,7.71999979019165,8.279999732971191,78200,0.0,0.0
2024-10-15 00:00:00-04:00,8.279999732971191,8.739999771118164,7.659999847412109,7.889999866485596,72200,0.0,0.0
2024-10-16 00:00:00-04:00,8.010000228881836,8.199999809265137,7.849999904632568,8.130000114440918,59100,0.0,0.0
2024-10-17 00:00:00-04:00,8.100000381469727,8.239999771118164,7.639999866485596,7.679999828338623,63100,0.0,0.0
2024-10-18 00:00:00-04:00,7.889999866485596,8.5,7.830999851226807,8.489999771118164,74500,0.0,0.0
2024-10-21 00:00:00-04:00,8.460000038146973,8.609000205993652,7.800000190734863,7.880000114440918,85600,0.0,0.0
2024-10-22 00:00:00-04:00,7.840000152587891,8.050000190734863,7.610000133514404,7.929999828338623,72200,0.0,0.0
2024-10-23 00:00:00-04:00,7.880000114440918,8.239999771118164,7.190000057220459,7.420000076293945,141100,0.0,0.0
2024-10-24 00:00:00-04:00,7.5,8.008999824523926,7.380000114440918,7.460000038146973,107300,0.0,0.0
2024-10-25 00:00:00-04:00,7.519999980926514,7.840000152587891,7.440000057220459,7.829999923706055,67600,0.0,0.0
2024-10-28 00:00:00-04:00,7.860000133514404,8.65999984741211,7.860000133514404,8.149999618530273,99800,0.0,0.0
2024-10-29 00:00:00-04:00,8.149999618530273,8.5,7.840000152587891,7.929999828338623,49200,0.0,0.0
2024-10-30 00:00:00-04:00,7.869999885559082,8.130000114440918,7.699999809265137,7.730000019073486,43900,0.0,0.0
2024-10-31 00:00:00-04:00,7.690000057220459,7.800000190734863,7.315999984741211,7.489999771118164,59900,0.0,0.0
2024-11-01 00:00:00-04:00,7.610000133514404,7.710000038146973,7.300000190734863,7.679999828338623,33300,0.0,0.0
2024-11-04 00:00:00-05:00,7.650000095367432,7.909999847412109,7.494999885559082,7.829999923706055,28100,0.0,0.0
2024-11-05 00:00:00-05:00,7.900000095367432,8.649999618530273,7.900000095367432,8.619999885559082,82500,0.0,0.0
2024-11-06 00:00:00-05:00,8.699999809265137,9.069999694824219,8.100000381469727,8.15999984741211,102900,0.0,0.0
2024-11-07 00:00:00-05:00,8.119999885559082,8.989999771118164,8.119999885559082,8.729999542236328,106000,0.0,0.0
2024-11-08 00:00:00-05:00,8.710000038146973,8.866999626159668,7.90500020980835,8.270000457763672,125500,0.0,0.0
2024-11-11 00:00:00-05:00,8.390000343322754,10.119999885559082,8.192999839782715,9.850000381469727,206900,0.0,0.0
2024-11-12 00:00:00-05:00,9.850000381469727,9.850000381469727,8.300000190734863,9.100000381469727,184600,0.0,0.0
2024-11-13 00:00:00-05:00,9.239999771118164,9.538999557495117,8.579999923706055,8.899999618530273,116700,0.0,0.0
2024-11-14 00:00:00-05:00,7.25,8.104000091552734,6.949999809265137,7.329999923706055,245000,0.0,0.0
2024-11-15 00:00:00-05:00,7.25,7.291999816894531,5.125,5.210000038146973,327800,0.0,0.0
2024-11-18 00:00:00-05:00,5.590000152587891,5.699999809265137,4.679999828338623,4.909999847412109,321200,0.0,0.0
2024-11-19 00:00:00-05:00,5.010000228881836,5.489999771118164,4.900000095367432,5.170000076293945,103700,0.0,0.0
2024-11-20 00:00:00-05:00,5.139999866485596,5.329999923706055,4.920000076293945,5.210000038146973,72500,0.0,0.0
2024-11-21 00:00:00-05:00,5.199999809265137,5.406000137329102,5.0370001792907715,5.190000057220459,79200,0.0,0.0
2024-11-22 00:00:00-05:00,5.199999809265137,6.349999904632568,5.199999809265137,6.0,124700,0.0,0.0
2024-11-25 00:00:00-05:00,6.179999828338623,6.340000152587891,5.710000038146973,5.849999904632568,92300,0.0,0.0
2024-11-26 00:00:00-05:00,5.900000095367432,6.150000095367432,5.599999904632568,5.96999979019165,80800,0.0,0.0
2024-11-27 00:00:00-05:00,5.96999979019165,6.199999809265137,5.894000053405762,6.090000152587891,59300,0.0,0.0
2024-11-29 00:00:00-05:00,6.039999961853027,6.599999904632568,6.039999961853027,6.260000228881836,46000,0.0,0.0
2024-12-02 00:00:00-05:00,6.260000228881836,6.630000114440918,6.059999942779541,6.260000228881836,62900,0.0,0.0
2024-12-03 00:00:00-05:00,6.21999979019165,6.40500020980835,5.900000095367432,6.119999885559082,122700,0.0,0.0
2024-12-04 00:00:00-05:00,6.119999885559082,6.130000114440918,5.900000095367432,5.929999828338623,83000,0.0,0.0
2024-12-05 00:00:00-05:00,5.889999866485596,6.059999942779541,5.679999828338623,5.730000019073486,55900,0.0,0.0
2024-12-06 00:00:00-05:00,5.75,5.789999961853027,5.400000095367432,5.440000057220459,96700,0.0,0.0
2024-12-09 00:00:00-05:00,5.440000057220459,6.050000190734863,5.349999904632568,5.849999904632568,98700,0.0,0.0
2024-12-10 00:00:00-05:00,5.760000228881836,6.0,5.425000190734863,5.489999771118164,39200,0.0,0.0
2024-12-11 00:00:00-05:00,5.5,5.631999969482422,5.269999980926514,5.429999828338623,63600,0.0,0.0
2024-12-12 00:00:00-05:00,5.400000095367432,5.510000228881836,5.139999866485596,5.269999980926514,70700,0.0,0.0
2024-12-13 00:00:00-05:00,5.369999885559082,5.369999885559082,5.019999980926514,5.090000152587891,90300,0.0,0.0
2024-12-16 00:00:00-05:00,5.010000228881836,5.21999979019165,4.849999904632568,5.090000152587891,110500,0.0,0.0
2024-12-17 00:00:00-05:00,5.050000190734863,5.208000183105469,4.96999979019165,5.03000020980835,64200,0.0,0.0
2024-12-18 00:00:00-05:00,5.079999923706055,5.329999923706055,4.75,4.78000020980835,106600,0.0,0.0
2024-12-19 00:00:00-05:00,4.800000190734863,4.96999979019165,4.420000076293945,4.420000076293945,99400,0.0,0.0
2024-12-20 00:00:00-05:00,4.360000133514404,4.8979997634887695,4.349999904632568,4.659999847412109,118500,0.0,0.0
2024-12-23 00:00:00-05:00,4.650000095367432,5.300000190734863,4.650000095367432,4.889999866485596,116200,0.0,0.0
2024-12-24 00:00:00-05:00,4.940000057220459,5.099999904632568,4.78000020980835,5.070000171661377,60100,0.0,0.0
2024-12-26 00:00:00-05:00,5.050000190734863,5.619999885559082,5.050000190734863,5.599999904632568,89200,0.0,0.0
2024-12-27 00:00:00-05:00,5.650000095367432,6.559999942779541,5.5,6.46999979019165,197800,0.0,0.0
2024-12-30 00:00:00-05:00,6.409999847412109,6.449999809265137,5.699999809265137,6.139999866485596,131700,0.0,0.0
2024-12-31 00:00:00-05:00,6.309999942779541,6.309999942779541,5.692999839782715,5.880000114440918,84800,0.0,0.0
2025-01-02 00:00:00-05:00,5.960000038146973,6.420000076293945,5.829999923706055,6.070000171661377,68000,0.0,0.0
2025-01-03 00:00:00-05:00,6.150000095367432,6.400000095367432,5.920000076293945,6.340000152587891,65900,0.0,0.0
2025-01-06 00:00:00-05:00,6.5,6.869999885559082,6.269999980926514,6.5,125700,0.0,0.0
2025-01-07 00:00:00-05:00,6.489999771118164,6.659999847412109,6.110000133514404,6.130000114440918,78100,0.0,0.0
2025-01-08 00:00:00-05:00,6.099999904632568,6.190000057220459,5.480000019073486,5.610000133514404,69200,0.0,0.0
2025-01-10 00:00:00-05:00,5.599999904632568,5.690000057220459,5.409999847412109,5.519999980926514,34500,0.0,0.0
2025-01-13 00:00:00-05:00,5.400000095367432,5.421999931335449,4.908999919891357,5.119999885559082,72400,0.0,0.0
2025-01-14 00:00:00-05:00,5.199999809265137,5.429999828338623,5.0,5.099999904632568,38700,0.0,0.0
2025-01-15 00:00:00-05:00,5.28000020980835,5.284999847412109,5.0,5.150000095367432,40300,0.0,0.0
2025-01-16 00:00:00-05:00,5.21999979019165,5.659999847412109,5.130000114440918,5.510000228881836,75600,0.0,0.0
2025-01-17 00:00:00-05:00,5.670000076293945,6.089000225067139,5.570000171661377,5.699999809265137,123700,0.0,0.0
2025-01-21 00:00:00-05:00,5.730000019073486,5.78000020980835,5.28000020980835,5.429999828338623,67000,0.0,0.0
2025-01-22 00:00:00-05:00,5.420000076293945,5.499000072479248,5.199999809265137,5.320000171661377,49600,0.0,0.0
2025-01-23 00:00:00-05:00,5.320000171661377,5.5289998054504395,5.269000053405762,5.449999809265137,37600,0.0,0.0
2025-01-24 00:00:00-05:00,5.389999866485596,5.822000026702881,5.389999866485596,5.53000020980835,51200,0.0,0.0
2025-01-27 00:00:00-05:00,5.579999923706055,5.697999954223633,5.179999828338623,5.420000076293945,102700,0.0,0.0
2025-01-28 00:00:00-05:00,5.579999923706055,5.610000133514404,5.244999885559082,5.489999771118164,58900,0.0,0.0
2025-01-29 00:00:00-05:00,5.489999771118164,5.550000190734863,5.179999828338623,5.300000190734863,53100,0.0,0.0
2025-01-30 00:00:00-05:00,5.389999866485596,5.690000057220459,5.285999774932861,5.5,60900,0.0,0.0
2025-01-31 00:00:00-05:00,5.5,6.0,5.409999847412109,5.510000228881836,66300,0.0,0.0
2025-02-03 00:00:00-05:00,5.420000076293945,5.610000133514404,5.210999965667725,5.389999866485596,29700,0.0,0.0
2025-02-04 00:00:00-05:00,5.440000057220459,5.679999828338623,5.389999866485596,5.639999866485596,45600,0.0,0.0
2025-02-05 00:00:00-05:00,5.679999828338623,5.769999980926514,5.619999885559082,5.71999979019165,45100,0.0,0.0
2025-02-06 00:00:00-05:00,5.769999980926514,5.800000190734863,5.380000114440918,5.449999809265137,50800,0.0,0.0
2025-02-07 00:00:00-05:00,5.449999809265137,5.489999771118164,5.079999923706055,5.190000057220459,87100,0.0,0.0
2025-02-10 00:00:00-05:00,5.28000020980835,5.420000076293945,5.199999809265137,5.340000152587891,42800,0.0,0.0
2025-02-11 00:00:00-05:00,5.25,5.329999923706055,5.150000095367432,5.25,25900,0.0,0.0
2025-02-12 00:00:00-05:00,5.159999847412109,5.28000020980835,5.079999923706055,5.210000038146973,38300,0.0,0.0
2025-02-13 00:00:00-05:00,5.210000038146973,5.539999961853027,5.210000038146973,5.489999771118164,35200,0.0,0.0
2025-02-14 00:00:00-05:00,5.369999885559082,5.539999961853027,4.0,4.010000228881836,330900,0.0,0.0
2025-02-18 00:00:00-05:00,4.269999980926514,5.455999851226807,4.260000228881836,5.429999828338623,305600,0.0,0.0
2025-02-19 00:00:00-05:00,5.400000095367432,5.420000076293945,4.670000076293945,4.820000171661377,116400,0.0,0.0
2025-02-20 00:00:00-05:00,4.889999866485596,5.159999847412109,4.695000171661377,4.809999942779541,49900,0.0,0.0
2025-02-21 00:00:00-05:00,4.739999771118164,4.829999923706055,3.9800000190734863,4.050000190734863,239500,0.0,0.0
2025-02-24 00:00:00-05:00,4.199999809265137,4.369999885559082,4.0,4.300000190734863,100800,0.0,0.0
2025-02-25 00:00:00-05:00,4.309999942779541,4.309999942779541,4.039999961853027,4.159999847412109,59700,0.0,0.0
2025-02-26 00:00:00-05:00,4.190000057220459,4.360000133514404,4.130000114440918,4.159999847412109,48400,0.0,0.0
2025-02-27 00:00:00-05:00,4.170000076293945,4.179999828338623,3.549999952316284,3.640000104904175,145000,0.0,0.0
2025-02-28 00:00:00-05:00,3.6500000953674316,3.6700000762939453,3.4000000953674316,3.609999895095825,97300,0.0,0.0
2025-03-03 00:00:00-05:00,3.619999885559082,3.7300000190734863,3.2200000286102295,3.259999990463257,128400,0.0,0.0
2025-03-04 00:00:00-05:00,3.1700000762939453,3.4730000495910645,2.9200000762939453,3.440000057220459,168300,0.0,0.0
2025-03-05 00:00:00-05:00,3.369999885559082,3.496999979019165,3.299999952316284,3.3299999237060547,41000,0.0,0.0
2025-03-06 00:00:00-05:00,3.299999952316284,3.3499999046325684,3.0999999046325684,3.200000047683716,47200,0.0,0.0
2025-03-07 00:00:00-05:00,3.200000047683716,3.2699999809265137,2.9700000286102295,3.259999990463257,77800,0.0,0.0
2025-03-10 00:00:00-04:00,3.190000057220459,3.2279999256134033,2.950000047683716,3.059999942779541,81100,0.0,0.0
2025-03-11 00:00:00-04:00,3.009999990463257,3.1640000343322754,2.9700000286102295,3.119999885559082,49600,0.0,0.0
2025-03-12 00:00:00-04:00,3.119999885559082,3.3299999237060547,3.119999885559082,3.25,28800,0.0,0.0
2025-03-13 00:00:00-04:00,3.2799999713897705,3.4690001010894775,3.1600000858306885,3.2100000381469727,19300,0.0,0.0
2025-03-14 00:00:00-04:00,3.2799999713897705,3.380000114440918,3.1600000858306885,3.25,21600,0.0,0.0
2025-03-17 00:00:00-04:00,3.200000047683716,3.619999885559082,3.200000047683716,3.569999933242798,71100,0.0,0.0
2025-03-18 00:00:00-04:00,3.5399999618530273,3.5399999618530273,3.2899999618530273,3.3399999141693115,26500,0.0,0.0
2025-03-19 00:00:00-04:00,3.3499999046325684,3.509999990463257,3.3299999237060547,3.4200000762939453,31400,0.0,0.0
2025-03-20 00:00:00-04:00,3.3499999046325684,3.440000057220459,3.25,3.319999933242798,34900,0.0,0.0
2025-03-21 00:00:00-04:00,3.25,3.4700000286102295,3.180000066757202,3.4000000953674316,36300,0.0,0.0
2025-03-24 00:00:00-04:00,3.5,3.569999933242798,3.2799999713897705,3.390000104904175,36500,0.0,0.0
2025-03-25 00:00:00-04:00,3.430000066757202,3.430000066757202,3.200000047683716,3.299999952316284,23700,0.0,0.0
2025-03-26 00:00:00-04:00,3.309999942779541,3.3399999141693115,3.259999990463257,3.309999942779541,17800,0.0,0.0
2025-03-27 00:00:00-04:00,3.380000114440918,3.4800000190734863,3.259999990463257,3.4600000381469727,58800,0.0,0.0
2025-03-28 00:00:00-04:00,3.4800000190734863,3.509999990463257,3.312000036239624,3.3499999046325684,18100,0.0,0.0
2025-03-31 00:00:00-04:00,3.299999952316284,3.549999952316284,3.180000066757202,3.259999990463257,78100,0.0,0.0
2025-04-01 00:00:00-04:00,3.049999952316284,3.049999952316284,2.549999952316284,2.8499999046325684,124800,0.0,0.0
2025-04-02 00:00:00-04:00,2.859999895095825,2.859999895095825,2.509999990463257,2.5999999046325684,110100,0.0,0.0
2025-04-03 00:00:00-04:00,2.559999942779541,2.625,2.4000000953674316,2.440000057220459,74200,0.0,0.0
2025-04-04 00:00:00-04:00,2.430000066757202,2.450000047683716,2.0950000286102295,2.380000114440918,79500,0.0,0.0
2025-04-07 00:00:00-04:00,2.240000009536743,2.5199999809265137,2.200000047683716,2.390000104904175,42400,0.0,0.0
2025-04-08 00:00:00-04:00,2.4100000858306885,2.565000057220459,2.2300000190734863,2.2799999713897705,61300,0.0,0.0
2025-04-09 00:00:00-04:00,2.200000047683716,2.740000009536743,2.200000047683716,2.640000104904175,67500,0.0,0.0
2025-04-10 00:00:00-04:00,2.5799999237060547,2.7300000190734863,2.4000000953674316,2.430000066757202,31300,0.0,0.0
2025-04-11 00:00:00-04:00,2.4200000762939453,2.5399999618530273,2.3399999141693115,2.5,25800,0.0,0.0
2025-04-14 00:00:00-04:00,2.5,2.5250000953674316,2.3499999046325684,2.4200000762939453,48400,0.0,0.0
2025-04-15 00:00:00-04:00,2.4200000762939453,2.4200000762939453,2.2200000286102295,2.309999942779541,34800,0.0,0.0
2025-04-16 00:00:00-04:00,2.309999942779541,2.3310000896453857,2.119999885559082,2.2100000381469727,54100,0.0,0.0
2025-04-17 00:00:00-04:00,2.190000057220459,2.2750000953674316,2.049999952316284,2.180000066757202,78300,0.0,0.0
2025-04-21 00:00:00-04:00,2.1700000762939453,2.1700000762939453,1.9600000381469727,2.0,59500,0.0,0.0
2025-04-22 00:00:00-04:00,2.009999990463257,2.128999948501587,2.009999990463257,2.059999942779541,23500,0.0,0.0
2025-04-23 00:00:00-04:00,2.140000104904175,2.25,2.109999895095825,2.1500000953674316,31100,0.0,0.0
2025-04-24 00:00:00-04:00,2.190000057220459,2.2799999713897705,2.180000066757202,2.2799999713897705,39200,0.0,0.0
2025-04-25 00:00:00-04:00,2.259999990463257,2.3499999046325684,2.200000047683716,2.2699999809265137,30500,0.0,0.0
2025-04-28 00:00:00-04:00,2.2799999713897705,2.2899999618530273,2.180000066757202,2.240000009536743,9600,0.0,0.0
2025-04-29 00:00:00-04:00,2.200000047683716,2.390000104904175,2.190000057220459,2.3399999141693115,25500,0.0,0.0
2025-04-30 00:00:00-04:00,2.299999952316284,2.3320000171661377,2.1700000762939453,2.240000009536743,23400,0.0,0.0
2025-05-01 00:00:00-04:00,2.25,2.4000000953674316,2.2130000591278076,2.359999895095825,35400,0.0,0.0
2025-05-02 00:00:00-04:00,2.380000114440918,2.380000114440918,2.1600000858306885,2.180000066757202,45600,0.0,0.0
2025-05-05 00:00:00-04:00,2.1500000953674316,2.194000005722046,2.059999942779541,2.0799999237060547,36900,0.0,0.0
2025-05-06 00:00:00-04:00,2.059999942779541,2.130000114440918,2.0250000953674316,2.130000114440918,29000,0.0,0.0
2025-05-07 00:00:00-04:00,2.119999885559082,2.119999885559082,2.0199999809265137,2.049999952316284,22500,0.0,0.0
2025-05-08 00:00:00-04:00,2.0899999141693115,2.25,2.069999933242798,2.200000047683716,19800,0.0,0.0
2025-05-09 00:00:00-04:00,2.240000009536743,2.2899999618530273,2.180000066757202,2.25,43000,0.0,0.0
2025-05-12 00:00:00-04:00,2.4200000762939453,2.4800000190734863,2.3499999046325684,2.450000047683716,76600,0.0,0.0
2025-05-13 00:00:00-04:00,2.4800000190734863,3.180000066757202,2.4800000190734863,2.799999952316284,345600,0.0,0.0
2025-05-14 00:00:00-04:00,2.880000114440918,2.989000082015991,2.684999942779541,2.740000009536743,115000,0.0,0.0
2025-05-15 00:00:00-04:00,2.759999990463257,2.759999990463257,2.5399999618530273,2.559999942779541,118100,0.0,0.0
2025-05-16 00:00:00-04:00,2.299999952316284,2.359999895095825,1.9509999752044678,2.140000104904175,308000,0.0,0.0
2025-05-19 00:00:00-04:00,2.049999952316284,2.0999999046325684,1.9149999618530273,2.0899999141693115,171600,0.0,0.0
2025-05-20 00:00:00-04:00,1.9800000190734863,2.049999952316284,1.909999966621399,1.9600000381469727,120000,0.0,0.0
2025-05-21 00:00:00-04:00,2.0,2.0,1.7799999713897705,1.840000033378601,173400,0.0,0.0
2025-05-22 00:00:00-04:00,1.809999942779541,1.8700000047683716,1.7899999618530273,1.809999942779541,46400,0.0,0.0
2025-05-23 00:00:00-04:00,1.7699999809265137,2.0399999618530273,1.7400000095367432,2.009999990463257,110900,0.0,0.0
2025-05-27 00:00:00-04:00,1.9600000381469727,2.140000104904175,1.9500000476837158,1.9700000286102295,130400,0.0,0.0
2025-05-28 00:00:00-04:00,1.409999966621399,1.4500000476837158,1.0399999618530273,1.1100000143051147,1532800,0.0,0.0
2025-05-29 00:00:00-04:00,1.1799999475479126,1.1990000009536743,0.7599999904632568,0.8199999928474426,1140800,0.0,0.0
2025-05-30 00:00:00-04:00,0.9110000133514404,2.059999942779541,0.9110000133514404,1.7000000476837158,37690800,0.0,0.0
2025-06-02 00:00:00-04:00,1.5700000524520874,1.6200000047683716,1.3140000104904175,1.409999966621399,1339500,0.0,0.0
2025-06-03 00:00:00-04:00,1.4199999570846558,1.5180000066757202,1.3300000429153442,1.3300000429153442,613300,0.0,0.0
2025-06-04 00:00:00-04:00,1.2599999904632568,1.350000023841858,1.159999966621399,1.2699999809265137,498300,0.0,0.0
2025-06-05 00:00:00-04:00,1.2699999809265137,1.340000033378601,1.2100000381469727,1.2699999809265137,241800,0.0,0.0
2025-06-06 00:00:00-04:00,1.2699999809265137,1.3300000429153442,1.2200000286102295,1.2200000286102295,249100,0.0,0.0
2025-06-09 00:00:00-04:00,1.2400000095367432,1.340000033378601,1.2300000190734863,1.2999999523162842,290300,0.0,0.0
2025-06-10 00:00:00-04:00,1.2999999523162842,1.2999999523162842,1.2000000476837158,1.2200000286102295,191400,0.0,0.0
2025-06-11 00:00:00-04:00,1.2799999713897705,1.2799999713897705,1.2000000476837158,1.2000000476837158,102700,0.0,0.0
2025-06-12 00:00:00-04:00,1.2000000476837158,1.2000000476837158,1.090000033378601,1.100000023841858,196000,0.0,0.0
2025-06-13 00:00:00-04:00,1.090000033378601,1.1399999856948853,1.0399999618530273,1.059999942779541,200300,0.0,0.0
2025-06-16 00:00:00-04:00,1.0800000429153442,1.1200000047683716,1.024999976158142,1.090000033378601,148700,0.0,0.0
2025-06-17 00:00:00-04:00,1.0800000429153442,1.0809999704360962,0.9900000095367432,0.9929999709129333,145900,0.0,0.0
2025-06-18 00:00:00-04:00,0.9800000190734863,1.0499999523162842,0.949999988079071,0.9900000095367432,120900,0.0,0.0
2025-06-20 00:00:00-04:00,0.9620000123977661,1.0800000429153442,0.9620000123977661,1.0700000524520874,228400,0.0,0.0
2025-06-23 00:00:00-04:00,1.090000033378601,1.1299999952316284,1.0099999904632568,1.0700000524520874,288800,0.0,0.0
2025-06-24 00:00:00-04:00,1.0700000524520874,1.100000023841858,1.0399999618530273,1.0499999523162842,152400,0.0,0.0
2025-06-25 00:00:00-04:00,1.0800000429153442,1.090000033378601,1.0499999523162842,1.0700000524520874,73000,0.0,0.0
2025-06-26 00:00:00-04:00,1.1100000143051147,1.440000057220459,1.093999981880188,1.2999999523162842,1578200,0.0,0.0
2025-06-27 00:00:00-04:00,1.409999966621399,1.4199999570846558,1.1699999570846558,1.2100000381469727,423500,0.0,0.0
2025-06-30 00:00:00-04:00,1.2000000476837158,1.340000033378601,1.1799999475479126,1.3300000429153442,235100,0.0,0.0
2025-07-01 00:00:00-04:00,1.309999942779541,1.350000023841858,1.2410000562667847,1.3200000524520874,140500,0.0,0.0
2025-07-02 00:00:00-04:00,1.350000023841858,1.7300000190734863,1.340000033378601,1.7000000476837158,558200,0.0,0.0
2025-07-03 00:00:00-04:00,1.7000000476837158,1.8300000429153442,1.440000057220459,1.7400000095367432,256200,0.0,0.0
2025-07-07 00:00:00-04:00,1.7400000095367432,1.7599999904632568,1.440000057220459,1.5099999904632568,363500,0.0,0.0
2025-07-08 00:00:00-04:00,1.5099999904632568,1.559999942779541,1.4550000429153442,1.4800000190734863,131500,0.0,0.0
2025-07-09 00:00:00-04:00,1.4800000190734863,1.7599999904632568,1.4800000190734863,1.7100000381469727,210000,0.0,0.0
2025-07-10 00:00:00-04:00,1.7100000381469727,1.7369999885559082,1.559000015258789,1.600000023841858,125000,0.0,0.0
2025-07-11 00:00:00-04:00,1.7200000286102295,1.7200000286102295,1.4299999475479126,1.5399999618530273,567700,0.0,0.0
2025-07-14 00:00:00-04:00,1.5700000524520874,1.5700000524520874,1.350000023841858,1.3799999952316284,282000,0.0,0.0
2025-07-15 00:00:00-04:00,1.399999976158142,1.4049999713897705,1.2699999809265137,1.2799999713897705,231900,0.0,0.0
2025-07-16 00:00:00-04:00,1.2999999523162842,1.5449999570846558,1.2899999618530273,1.5099999904632568,426500,0.0,0.0
2025-07-17 00:00:00-04:00,1.5,1.7400000095367432,1.5,1.7100000381469727,847800,0.0,0.0
2025-07-18 00:00:00-04:00,1.690000057220459,1.75,1.5,1.559999942779541,507600,0.0,0.0
2025-07-21 00:00:00-04:00,1.5800000429153442,1.7000000476837158,1.5399999618530273,1.559999942779541,439000,0.0,0.0
2025-07-22 00:00:00-04:00,1.5499999523162842,2.119999885559082,1.5199999809265137,2.0799999237060547,1576100,0.0,0.0
2025-07-23 00:00:00-04:00,2.130000114440918,2.549999952316284,2.0999999046325684,2.490000009536743,1846200,0.0,0.0
2025-07-24 00:00:00-04:00,2.5799999237060547,2.6500000953674316,2.200000047683716,2.2100000381469727,947600,0.0,0.0
2025-07-25 00:00:00-04:00,2.2100000381469727,2.234999895095825,1.8609999418258667,1.940000057220459,564500,0.0,0.0
2025-07-28 00:00:00-04:00,1.9900000095367432,2.0299999713897705,1.8700000047683716,1.9600000381469727,247100,0.0,0.0
2025-07-29 00:00:00-04:00,1.9900000095367432,2.0360000133514404,1.7599999904632568,1.8700000047683716,281200,0.0,0.0
2025-07-30 00:00:00-04:00,1.840000033378601,1.909999966621399,1.7999999523162842,1.8799999952316284,121600,0.0,0.0
2025-07-31 00:00:00-04:00,1.8799999952316284,2.0899999141693115,1.8300000429153442,1.899999976158142,296600,0.0,0.0
2025-08-01 00:00:00-04:00,1.840000033378601,1.840000033378601,1.690000057220459,1.7100000381469727,197700,0.0,0.0
2025-08-04 00:00:00-04:00,1.75,1.909999966621399,1.7000000476837158,1.7999999523162842,159100,0.0,0.0
2025-08-05 00:00:00-04:00,1.8600000143051147,1.899999976158142,1.8029999732971191,1.840000033378601,61600,0.0,0.0
2025-08-06 00:00:00-04:00,1.9500000476837158,1.9500000476837158,1.7699999809265137,1.7899999618530273,85600,0.0,0.0
2025-08-07 00:00:00-04:00,1.809999942779541,1.909999966621399,1.75,1.840000033378601,96100,0.0,0.0
2025-08-08 00:00:00-04:00,1.8600000143051147,1.8700000047683716,1.7699999809265137,1.7899999618530273,124400,0.0,0.0
2025-08-11 00:00:00-04:00,1.809999942779541,1.850000023841858,1.7599999904632568,1.809999942779541,171200,0.0,0.0
2025-08-12 00:00:00-04:00,1.7899999618530273,1.7999999523162842,1.6399999856948853,1.7200000286102295,256500,0.0,0.0
2025-08-13 00:00:00-04:00,1.7300000190734863,1.7400000095367432,1.6480000019073486,1.690000057220459,170200,0.0,0.0
2025-08-14 00:00:00-04:00,1.7699999809265137,1.7699999809265137,1.3600000143051147,1.7100000381469727,575800,0.0,0.0
2025-08-15 00:00:00-04:00,1.9500000476837158,1.9500000476837158,1.7100000381469727,1.7400000095367432,514800,0.0,0.0
2025-08-18 00:00:00-04:00,1.7799999713897705,1.840000033378601,1.559999942779541,1.6299999952316284,282900,0.0,0.0
2025-08-19 00:00:00-04:00,1.600000023841858,1.6200000047683716,1.5499999523162842,1.5800000429153442,155700,0.0,0.0
2025-08-20 00:00:00-04:00,1.5499999523162842,1.6649999618530273,1.5399999618530273,1.6100000143051147,156300,0.0,0.0
2025-08-21 00:00:00-04:00,1.5800000429153442,1.6260000467300415,1.5199999809265137,1.5399999618530273,142300,0.0,0.0
2025-08-22 00:00:00-04:00,1.5399999618530273,1.690000057220459,1.5199999809265137,1.649999976158142,107100,0.0,0.0
2025-08-25 00:00:00-04:00,1.649999976158142,1.649999976158142,1.399999976158142,1.590000033378601,185800,0.0,0.0
2025-08-26 00:00:00-04:00,1.600000023841858,1.600000023841858,1.5399999618530273,1.5499999523162842,97900,0.0,0.0
2025-08-27 00:00:00-04:00,1.5700000524520874,1.600000023841858,1.5099999904632568,1.5099999904632568,79300,0.0,0.0
2025-08-28 00:00:00-04:00,1.5,1.5360000133514404,1.4800000190734863,1.4800000190734863,60900,0.0,0.0
2025-08-29 00:00:00-04:00,1.4700000286102295,1.5089999437332153,1.409999966621399,1.4500000476837158,99900,0.0,0.0
2025-09-02 00:00:00-04:00,1.4500000476837158,1.4700000286102295,1.350000023841858,1.399999976158142,132600,0.0,0.0
2025-09-03 00:00:00-04:00,1.399999976158142,1.4500000476837158,1.3700000047683716,1.3799999952316284,126100,0.0,0.0
2025-09-04 00:00:00-04:00,1.409999966621399,1.409999966621399,1.2599999904632568,1.2799999713897705,226800,0.0,0.0
2025-09-05 00:00:00-04:00,1.3200000524520874,1.3700000047683716,1.2899999618530273,1.3700000047683716,79600,0.0,0.0
2025-09-08 00:00:00-04:00,1.3799999952316284,1.399999976158142,1.309999942779541,1.340000033378601,84300,0.0,0.0
2025-09-09 00:00:00-04:00,1.340000033378601,1.3600000143051147,1.2200000286102295,1.3600000143051147,144100,0.0,0.0
2025-09-10 00:00:00-04:00,1.3600000143051147,1.4500000476837158,1.3600000143051147,1.4500000476837158,101600,0.0,0.0
2025-09-11 00:00:00-04:00,1.4600000381469727,1.5,1.409999966621399,1.4299999475479126,111800,0.0,0.0
2025-09-12 00:00:00-04:00,1.4299999475479126,1.4600000381469727,1.3700000047683716,1.409999966621399,128700,0.0,0.0
2025-09-15 00:00:00-04:00,1.3700000047683716,1.409999966621399,1.3600000143051147,1.399999976158142,125300,0.0,0.0
2025-09-16 00:00:00-04:00,1.399999976158142,1.75,1.399999976158142,1.5800000429153442,435000,0.0,0.0
2025-09-17 00:00:00-04:00,1.5,1.7000000476837158,1.4500000476837158,1.600000023841858,390600,0.0,0.0
2025-09-18 00:00:00-04:00,1.600000023841858,1.659999966621399,1.5,1.5,244200,0.0,0.0
2025-09-19 00:00:00-04:00,1.5199999809265137,1.5700000524520874,1.4900000095367432,1.5299999713897705,261300,0.0,0.0
2025-09-22 00:00:00-04:00,1.600000023841858,1.7599999904632568,1.5219999551773071,1.7000000476837158,365700,0.0,0.0
2025-09-23 00:00:00-04:00,1.7599999904632568,1.7699999809265137,1.649999976158142,1.649999976158142,365400,0.0,0.0
2025-09-24 00:00:00-04:00,1.659999966621399,1.7359999418258667,1.6200000047683716,1.6200000047683716,223100,0.0,0.0
2025-09-25 00:00:00-04:00,1.6699999570846558,1.8559999465942383,1.6399999856948853,1.7300000190734863,507600,0.0,0.0
2025-09-26 00:00:00-04:00,1.7100000381469727,1.7100000381469727,1.5399999618530273,1.600000023841858,263400,0.0,0.0
2025-09-29 00:00:00-04:00,1.6299999952316284,1.7100000381469727,1.5499999523162842,1.659999966621399,268400,0.0,0.0
2025-09-30 00:00:00-04:00,1.6799999475479126,1.690000057220459,1.475000023841858,1.5199999809265137,260900,0.0,0.0
2025-10-01 00:00:00-04:00,1.5199999809265137,1.600000023841858,1.4500000476837158,1.5499999523162842,224800,0.0,0.0
2025-10-02 00:00:00-04:00,1.559999942779541,1.5700000524520874,1.4700000286102295,1.5299999713897705,292300,0.0,0.0
2025-10-03 00:00:00-04:00,1.5399999618530273,1.7599999904632568,1.5399999618530273,1.7200000286102295,1000300,0.0,0.0
2025-10-06 00:00:00-04:00,1.8700000047683716,2.1500000953674316,1.7699999809265137,2.009999990463257,1566300,0.0,0.0
2025-10-07 00:00:00-04:00,1.9600000381469727,2.0999999046325684,1.7599999904632568,1.8899999856948853,1003500,0.0,0.0
2025-10-08 00:00:00-04:00,2.0,2.0,1.75,1.7899999618530273,568100,0.0,0.0
2025-10-09 00:00:00-04:00,1.7999999523162842,1.840000033378601,1.649999976158142,1.7200000286102295,8558900,0.0,0.0
2025-10-10 00:00:00-04:00,3.630000114440918,5.329999923706055,3.0399999618530273,4.159999847412109,280689200,0.0,0.0
2025-10-13 00:00:00-04:00,5.800000190734863,13.869999885559082,5.630000114440918,9.050000190734863,162649600,0.0,0.0
2025-10-14 00:00:00-04:00,10.649999618530273,10.770000457763672,6.579999923706055,7.579999923706055,30853000,0.0,0.0
2025-10-15 00:00:00-04:00,6.320000171661377,6.900000095367432,6.0,6.119999885559082,7798800,0.0,0.0
2025-10-16 00:00:00-04:00,5.389999866485596,5.670000076293945,4.525000095367432,4.550000190734863,6035000,0.0,0.0
2025-10-17 00:00:00-04:00,4.869999885559082,6.679999828338623,4.650000095367432,5.28000020980835,30573500,0.0,0.0
2025-10-20 00:00:00-04:00,5.050000190734863,5.46999979019165,4.75,4.78000020980835,3199300,0.0,0.0
2025-10-21 00:00:00-04:00,4.800000190734863,4.800000190734863,4.139999866485596,4.329999923706055,2570200,0.0,0.0
2025-10-22 00:00:00-04:00,4.139999866485596,4.840000152587891,4.039999961853027,4.739999771118164,2608300,0.0,0.0
2025-10-23 00:00:00-04:00,4.630000114440918,5.190000057220459,4.630000114440918,4.840000152587891,1261500,0.0,0.0
2025-10-24 00:00:00-04:00,4.710000038146973,4.900000095367432,4.480000019073486,4.510000228881836,1371100,0.0,0.0
2025-10-27 00:00:00-04:00,4.710000038146973,5.670000076293945,4.659999847412109,4.900000095367432,3330500,0.0,0.0
2025-10-28 00:00:00-04:00,5.110000133514404,5.289999961853027,4.5279998779296875,4.699999809265137,1475000,0.0,0.0
2025-10-29 00:00:00-04:00,4.610000133514404,4.6579999923706055,4.331999778747559,4.349999904632568,920900,0.0,0.0
2025-10-30 00:00:00-04:00,4.440000057220459,4.440000057220459,4.0,4.0,595500,0.0,0.0
2025-10-31 00:00:00-04:00,4.210000038146973,4.291999816894531,3.8399999141693115,4.130000114440918,648000,0.0,0.0
2025-11-03 00:00:00-05:00,4.019999980926514,4.256999969482422,3.7799999713897705,3.7799999713897705,584700,0.0,0.0
2025-11-04 00:00:00-05:00,3.5899999141693115,3.819999933242798,3.5,3.619999885559082,483700,0.0,0.0
2025-11-05 00:00:00-05:00,3.640000104904175,4.639999866485596,3.640000104904175,4.559999942779541,1388200,0.0,0.0
2025-11-06 00:00:00-05:00,4.489999771118164,4.489999771118164,4.079999923706055,4.179999828338623,480600,0.0,0.0
2025-11-07 00:00:00-05:00,4.110000133514404,4.510000228881836,3.799999952316284,4.440000057220459,669200,0.0,0.0
2025-11-10 00:00:00-05:00,4.639999866485596,4.75,4.190000057220459,4.289999961853027,539400,0.0,0.0
2025-11-11 00:00:00-05:00,4.28000020980835,4.409999847412109,4.054999828338623,4.25,362400,0.0,0.0
2025-11-12 00:00:00-05:00,4.300000190734863,4.495999813079834,4.170000076293945,4.400000095367432,480800,0.0,0.0
2025-11-13 00:00:00-05:00,4.409999847412109,4.670000076293945,4.190000057220459,4.25,1131200,0.0,0.0
2025-11-14 00:00:00-05:00,3.1700000762939453,3.4100000858306885,2.634999990463257,2.759999990463257,1901100,0.0,0.0
2025-11-17 00:00:00-05:00,2.6700000762939453,2.8399999141693115,2.4600000381469727,2.569999933242798,777300,0.0,0.0
2025-11-18 00:00:00-05:00,2.4800000190734863,2.6700000762939453,2.4000000953674316,2.549999952316284,450600,0.0,0.0
2025-11-19 00:00:00-05:00,2.5799999237060547,2.609999895095825,2.4600000381469727,2.5199999809265137,453600,0.0,0.0
2025-11-20 00:00:00-05:00,2.619999885559082,2.7690000534057617,2.378999948501587,2.4000000953674316,611700,0.0,0.0
2025-11-21 00:00:00-05:00,2.3499999046325684,2.4600000381469727,2.240000009536743,2.440000057220459,653000,0.0,0.0
2025-11-24 00:00:00-05:00,2.490000009536743,2.569999933242798,2.4000000953674316,2.4800000190734863,485800,0.0,0.0
2025-11-25 00:00:00-05:00,2.5199999809265137,2.6600000858306885,2.380000114440918,2.5799999237060547,669500,0.0,0.0
2025-11-26 00:00:00-05:00,2.609999895095825,2.6530001163482666,2.505000114440918,2.6500000953674316,395100,0.0,0.0
2025-11-28 00:00:00-05:00,2.700000047683716,2.8299999237060547,2.684999942779541,2.75,525100,0.0,0.0
2025-12-01 00:00:00-05:00,2.740000009536743,2.7699999809265137,2.4100000858306885,2.4100000858306885,430000,0.0,0.0
2025-12-02 00:00:00-05:00,2.450000047683716,2.4600000381469727,2.3299999237060547,2.3299999237060547,320000,0.0,0.0
2025-12-03 00:00:00-05:00,2.369999885559082,2.380000114440918,2.2300000190734863,2.2699999809265137,563600,0.0,0.0
2025-12-04 00:00:00-05:00,2.2200000286102295,2.444999933242798,2.2200000286102295,2.380000114440918,799200,0.0,0.0
2025-12-05 00:00:00-05:00,2.4100000858306885,2.4100000858306885,2.130000114440918,2.1600000858306885,521900,0.0,0.0
2025-12-08 00:00:00-05:00,2.200000047683716,2.2850000858306885,2.140000104904175,2.2300000190734863,275700,0.0,0.0
2025-12-09 00:00:00-05:00,2.240000009536743,2.369999885559082,2.2100000381469727,2.2799999713897705,419600,0.0,0.0
2025-12-10 00:00:00-05:00,2.2799999713897705,2.3550000190734863,2.200000047683716,2.309999942779541,410800,0.0,0.0
2025-12-11 00:00:00-05:00,2.2699999809265137,2.316999912261963,2.1740000247955322,2.2899999618530273,334700,0.0,0.0
2025-12-12 00:00:00-05:00,2.2200000286102295,2.25,2.0899999141693115,2.0899999141693115,291800,0.0,0.0
2025-12-15 00:00:00-05:00,2.119999885559082,2.1419999599456787,1.9299999475479126,1.9299999475479126,435300,0.0,0.0
2025-12-16 00:00:00-05:00,1.909999966621399,2.0399999618530273,1.899999976158142,1.9600000381469727,349000,0.0,0.0
2025-12-17 00:00:00-05:00,2.0399999618530273,2.180000066757202,2.005000114440918,2.059999942779541,496600,0.0,0.0
2025-12-18 00:00:00-05:00,2.1600000858306885,2.1700000762939453,1.850000023841858,1.850000023841858,437800,0.0,0.0
2025-12-19 00:00:00-05:00,1.8700000047683716,2.0,1.8700000047683716,1.9900000095367432,375200,0.0,0.0
2025-12-22 00:00:00-05:00,2.049999952316284,2.299999952316284,2.0,2.0,853900,0.0,0.0
2025-12-23 00:00:00-05:00,1.9700000286102295,2.0299999713897705,1.9149999618530273,2.0299999713897705,301400,0.0,0.0
2025-12-24 00:00:00-05:00,2.0299999713897705,2.0299999713897705,1.9199999570846558,1.940000057220459,120100,0.0,0.0
2025-12-26 00:00:00-05:00,1.940000057220459,1.9600000381469727,1.809999942779541,1.8600000143051147,447300,0.0,0.0
2025-12-29 00:00:00-05:00,1.7999999523162842,1.875,1.7300000190734863,1.7799999713897705,347200,0.0,0.0
2025-12-30 00:00:00-05:00,1.7699999809265137,1.8799999952316284,1.7450000047683716,1.8300000429153442,351700,0.0,0.0
2025-12-31 00:00:00-05:00,1.809999942779541,1.9249999523162842,1.8079999685287476,1.8799999952316284,345200,0.0,0.0
2026-01-02 00:00:00-05:00,2.049999952316284,2.109999895095825,1.975000023841858,2.009999990463257,620900,0.0,0.0
2026-01-05 00:00:00-05:00,2.0799999237060547,2.1500000953674316,1.899999976158142,1.9500000476837158,533800,0.0,0.0
2026-01-06 00:00:00-05:00,1.9700000286102295,2.0199999809265137,1.871000051498413,1.9299999475479126,302100,0.0,0.0
2026-01-07 00:00:00-05:00,1.9299999475479126,1.940000057220459,1.7999999523162842,1.809999942779541,296400,0.0,0.0
2026-01-08 00:00:00-05:00,1.8600000143051147,1.9700000286102295,1.850000023841858,1.8799999952316284,424800,0.0,0.0
2026-01-09 00:00:00-05:00,1.9500000476837158,2.0,1.8300000429153442,1.909999966621399,878300,0.0,0.0
2026-01-12 00:00:00-05:00,1.9299999475479126,1.9299999475479126,1.7999999523162842,1.840000033378601,667700,0.0,0.0
2026-01-13 00:00:00-05:00,1.909999966621399,1.9299999475479126,1.7599999904632568,1.809999942779541,645700,0.0,0.0
2026-01-14 00:00:00-05:00,1.809999942779541,1.819000005722046,1.725000023841858,1.7799999713897705,301600,0.0,0.0
2026-01-15 00:00:00-05:00,1.7999999523162842,1.8200000524520874,1.7699999809265137,1.7799999713897705,320100,0.0,0.0
2026-01-16 00:00:00-05:00,1.8300000429153442,1.934999942779541,1.7599999904632568,1.840000033378601,613100,0.0,0.0
2026-01-20 00:00:00-05:00,1.7999999523162842,1.8200000524520874,1.715000033378601,1.7799999713897705,385400,0.0,0.0
2026-01-21 00:00:00-05:00,1.7799999713897705,1.850000023841858,1.7100000381469727,1.809999942779541,366500,0.0,0.0
2026-01-22 00:00:00-05:00,1.8550000190734863,1.9570000171661377,1.8250000476837158,1.909999966621399,493500,0.0,0.0
2026-01-23 00:00:00-05:00,1.940000057220459,1.940000057220459,1.7799999713897705,1.7799999713897705,428000,0.0,0.0
2026-01-26 00:00:00-05:00,1.7799999713897705,1.840000033378601,1.6699999570846558,1.75,590700,0.0,0.0
2026-01-27 00:00:00-05:00,1.75,1.7549999952316284,1.6200000047683716,1.690000057220459,460800,0.0,0.0
2026-01-28 00:00:00-05:00,1.7200000286102295,1.7200000286102295,1.649999976158142,1.6799999475479126,217000,0.0,0.0
2026-01-29 00:00:00-05:00,1.5700000524520874,1.7350000143051147,1.5,1.7100000381469727,3152800,0.0,0.0
2026-01-30 00:00:00-05:00,1.690000057220459,1.8300000429153442,1.649999976158142,1.75,810100,0.0,0.0
2026-02-02 00:00:00-05:00,1.75,1.75,1.5499999523162842,1.6399999856948853,400000,0.0,0.0
2026-02-03 00:00:00-05:00,1.659999966621399,1.7599999904632568,1.6200000047683716,1.75,449200,0.0,0.0
2026-02-04 00:00:00-05:00,1.75,1.7899999618530273,1.559999942779541,1.6100000143051147,644800,0.0,0.0
2026-02-05 00:00:00-05:00,1.559999942779541,1.5800000429153442,1.399999976158142,1.399999976158142,483000,0.0,0.0
2026-02-06 00:00:00-05:00,1.4600000381469727,1.6150000095367432,1.4199999570846558,1.590000033378601,397000,0.0,0.0
2026-02-09 00:00:00-05:00,1.590000033378601,1.649999976158142,1.5099999904632568,1.5800000429153442,500000,0.0,0.0
2026-02-10 00:00:00-05:00,1.5800000429153442,1.6200000047683716,1.5099999904632568,1.5099999904632568,230400,0.0,0.0
2026-02-11 00:00:00-05:00,1.5199999809265137,1.5499999523162842,1.4500000476837158,1.5299999713897705,248800,0.0,0.0
2026-02-12 00:00:00-05:00,1.5099999904632568,1.5399999618530273,1.4199999570846558,1.4199999570846558,216900,0.0,0.0
2026-02-13 00:00:00-05:00,1.4500000476837158,1.4700000286102295,1.3799999952316284,1.440000057220459,171700,0.0,0.0
2026-02-17 00:00:00-05:00,1.4299999475479126,1.4700000286102295,1.3799999952316284,1.4199999570846558,180200,0.0,0.0
2026-02-18 00:00:00-05:00,1.440000057220459,1.5199999809265137,1.399999976158142,1.5,357300,0.0,0.0
2026-02-19 00:00:00-05:00,1.4800000190734863,1.6150000095367432,1.4500000476837158,1.559999942779541,495200,0.0,0.0
2026-02-20 00:00:00-05:00,1.5299999713897705,1.600000023841858,1.5,1.5399999618530273,203600,0.0,0.0
2026-02-23 00:00:00-05:00,1.5,1.5399999618530273,1.3899999856948853,1.4600000381469727,392800,0.0,0.0
2026-02-24 00:00:00-05:00,1.440000057220459,1.5199999809265137,1.399999976158142,1.4700000286102295,269100,0.0,0.0
2026-02-25 00:00:00-05:00,1.5,1.6200000047683716,1.4709999561309814,1.590000033378601,480800,0.0,0.0
2026-02-26 00:00:00-05:00,1.6100000143051147,1.7100000381469727,1.5399999618530273,1.659999966621399,717400,0.0,0.0
2026-02-27 00:00:00-05:00,1.649999976158142,1.6549999713897705,1.524999976158142,1.590000033378601,445000,0.0,0.0
2026-03-02 00:00:00-05:00,1.5,1.6100000143051147,1.4900000095367432,1.6100000143051147,323000,0.0,0.0
2026-03-03 00:00:00-05:00,1.5099999904632568,1.590000033378601,1.409999966621399,1.5099999904632568,6555700,0.0,0.0
2026-03-04 00:00:00-05:00,1.4700000286102295,1.5,1.4299999475479126,1.440000057220459,621700,0.0,0.0
2026-03-05 00:00:00-05:00,1.440000057220459,1.4490000009536743,1.3200000524520874,1.3600000143051147,967700,0.0,0.0
2026-03-06 00:00:00-05:00,1.309999942779541,1.340000033378601,1.2200000286102295,1.2999999523162842,549300,0.0,0.0
2026-03-09 00:00:00-04:00,1.2899999618530273,1.309999942779541,1.2300000190734863,1.2999999523162842,412100,0.0,0.0
2026-03-10 00:00:00-04:00,1.3300000429153442,1.3550000190734863,1.2699999809265137,1.2999999523162842,451600,0.0,0.0
2026-03-11 00:00:00-04:00,1.3200000524520874,1.340000033378601,1.2699999809265137,1.309999942779541,304700,0.0,0.0
2026-03-12 00:00:00-04:00,1.2899999618530273,1.2990000247955322,1.2400000095367432,1.2699999809265137,232800,0.0,0.0
2026-03-13 00:00:00-04:00,1.2899999618530273,1.2979999780654907,1.25,1.2699999809265137,164200,0.0,0.0
2026-03-16 00:00:00-04:00,1.2799999713897705,1.3200000524520874,1.2599999904632568,1.2999999523162842,197400,0.0,0.0
2026-03-17 00:00:00-04:00,1.3200000524520874,1.3600000143051147,1.312000036239624,1.3600000143051147,264700,0.0,0.0
2026-03-18 00:00:00-04:00,1.3600000143051147,1.3600000143051147,1.2799999713897705,1.2799999713897705,225600,0.0,0.0
2026-03-19 00:00:00-04:00,1.309999942779541,1.309999942779541,1.2300000190734863,1.2599999904632568,308300,0.0,0.0
2026-03-20 00:00:00-04:00,1.25,1.2599999904632568,1.1649999618530273,1.2300000190734863,645300,0.0,0.0
2026-03-23 00:00:00-04:00,1.2300000190734863,1.2690000534057617,1.1799999475479126,1.1799999475479126,296800,0.0,0.0
2026-03-24 00:00:00-04:00,1.1799999475479126,1.2070000171661377,1.149999976158142,1.1699999570846558,218300,0.0,0.0
2026-03-25 00:00:00-04:00,1.2000000476837158,1.25,1.2000000476837158,1.25,217200,0.0,0.0
2026-03-26 00:00:00-04:00,1.2100000381469727,1.2400000095367432,1.1699999570846558,1.2000000476837158,223200,0.0,0.0
2026-03-27 00:00:00-04:00,1.2000000476837158,1.2000000476837158,1.0950000286102295,1.1299999952316284,353500,0.0,0.0
2026-03-30 00:00:00-04:00,1.149999976158142,1.1699999570846558,1.090000033378601,1.1100000143051147,248600,0.0,0.0
2026-03-31 00:00:00-04:00,1.1200000047683716,1.2000000476837158,1.1100000143051147,1.1699999570846558,281400,0.0,0.0
2026-04-01 00:00:00-04:00,1.1799999475479126,1.2000000476837158,1.1449999809265137,1.1799999475479126,275000,0.0,0.0
2026-04-02 00:00:00-04:00,1.1200000047683716,1.2100000381469727,1.1200000047683716,1.2100000381469727,180900,0.0,0.0
2026-04-06 00:00:00-04:00,1.190000057220459,1.2100000381469727,1.1549999713897705,1.2000000476837158,220000,0.0,0.0
2026-04-07 00:00:00-04:00,1.159999966621399,1.1799999475479126,1.090000033378601,1.090000033378601,488500,0.0,0.0
2026-04-08 00:00:00-04:00,1.190000057220459,1.190000057220459,1.0800000429153442,1.100000023841858,289800,0.0,0.0
2026-04-09 00:00:00-04:00,1.1399999856948853,1.149999976158142,1.090000033378601,1.149999976158142,249600,0.0,0.0
2026-04-10 00:00:00-04:00,1.149999976158142,1.159999966621399,1.1200000047683716,1.149999976158142,124800,0.0,0.0
2026-04-13 00:00:00-04:00,1.1299999952316284,1.2100000381469727,1.100000023841858,1.2100000381469727,252200,0.0,0.0
2026-04-14 00:00:00-04:00,1.2300000190734863,1.2400000095367432,1.1699999570846558,1.2000000476837158,408100,0.0,0.0
2026-04-15 00:00:00-04:00,1.2200000286102295,1.2300000190734863,1.149999976158142,1.1699999570846558,995900,0.0,0.0
2026-04-16 00:00:00-04:00,1.1799999475479126,1.1959999799728394,1.125,1.1399999856948853,475200,0.0,0.0
2026-04-17 00:00:00-04:00,1.159999966621399,1.1799999475479126,1.1200000047683716,1.159999966621399,497700,0.0,0.0
2026-04-20 00:00:00-04:00,1.159999966621399,1.190000057220459,1.1200000047683716,1.1799999475479126,529600,0.0,0.0
2026-04-21 00:00:00-04:00,1.2000000476837158,1.2100000381469727,1.100000023841858,1.1200000047683716,734900,0.0,0.0
2026-04-22 00:00:00-04:00,1.159999966621399,1.159999966621399,1.1200000047683716,1.1399999856948853,282500,0.0,0.0
2026-04-23 00:00:00-04:00,1.159999966621399,1.159999966621399,1.100000023841858,1.1399999856948853,333100,0.0,0.0
2026-04-24 00:00:00-04:00,1.1299999952316284,1.149999976158142,1.100000023841858,1.1399999856948853,365500,0.0,0.0
2026-04-27 00:00:00-04:00,1.1399999856948853,1.190000057220459,1.1299999952316284,1.190000057220459,265600,0.0,0.0
2026-04-28 00:00:00-04:00,1.159999966621399,1.1799999475479126,1.1299999952316284,1.1699999570846558,596600,0.0,0.0
2026-04-29 00:00:00-04:00,1.159999966621399,1.159999966621399,1.0700000524520874,1.0700000524520874,715100,0.0,0.0
2026-04-30 00:00:00-04:00,1.0800000429153442,1.1299999952316284,1.0099999904632568,1.100000023841858,823300,0.0,0.0
2026-05-01 00:00:00-04:00,1.1299999952316284,1.1399999856948853,1.090000033378601,1.100000023841858,439600,0.0,0.0
2026-05-04 00:00:00-04:00,1.1200000047683716,1.128000020980835,1.0800000429153442,1.1100000143051147,411800,0.0,0.0
2026-05-05 00:00:00-04:00,1.1100000143051147,1.190000057220459,1.1100000143051147,1.149999976158142,609400,0.0,0.0
2026-05-06 00:00:00-04:00,1.149999976158142,1.1699999570846558,1.100000023841858,1.1399999856948853,732400,0.0,0.0
2026-05-07 00:00:00-04:00,1.1299999952316284,1.1699999570846558,1.0800000429153442,1.1200000047683716,926500,0.0,0.0
2026-05-08 00:00:00-04:00,1.0499999523162842,1.0499999523162842,0.5649999976158142,0.7799999713897705,7836800,0.0,0.0
2026-05-11 00:00:00-04:00,0.8199999928474426,0.8999999761581421,0.7910000085830688,0.8140000104904175,1572400,0.0,0.0
2026-05-12 00:00:00-04:00,0.8640000224113464,0.8640000224113464,0.7689999938011169,0.7730000019073486,697400,0.0,0.0
2026-05-13 00:00:00-04:00,0.800000011920929,1.090000033378601,0.7360000014305115,0.9789999723434448,3262700,0.0,0.0
2026-05-14 00:00:00-04:00,0.9700000286102295,0.9700000286102295,0.8659999966621399,0.9409999847412109,708000,0.0,0.0
2026-05-15 00:00:00-04:00,0.9279999732971191,0.9430000185966492,0.890999972820282,0.9100000262260437,286500,0.0,0.0
2026-05-18 00:00:00-04:00,0.9399999976158142,0.9399999976158142,0.8299999833106995,0.8600000143051147,539200,0.0,0.0
2026-05-19 00:00:00-04:00,0.8889999985694885,0.8899999856948853,0.8399999737739563,0.8600000143051147,293600,0.0,0.0
2026-05-20 00:00:00-04:00,0.8669999837875366,0.9100000262260437,0.8539999723434448,0.9010000228881836,243800,0.0,0.0
2026-05-21 00:00:00-04:00,0.9710000157356262,0.9789999723434448,0.9010000228881836,0.921999990940094,357500,0.0,0.0
2026-05-22 00:00:00-04:00,0.9300000071525574,0.9700000286102295,0.9100000262260437,0.9580000042915344,306000,0.0,0.0
2026-05-26 00:00:00-04:00,1.0499999523162842,1.1100000143051147,1.0099999904632568,1.0099999904632568,1902500,0.0,0.0
2026-05-27 00:00:00-04:00,1.0299999713897705,1.0499999523162842,0.9169999957084656,0.984000027179718,723800,0.0,0.0
2026-05-28 00:00:00-04:00,0.9399999976158142,1.0299999713897705,0.9399999976158142,1.0,397700,0.0,0.0
2026-05-29 00:00:00-04:00,1.0299999713897705,1.0399999618530273,0.9509999752044678,1.0099999904632568,412800,0.0,0.0
2026-06-01 00:00:00-04:00,1.0399999618530273,1.0700000524520874,1.0149999856948853,1.0199999809265137,553000,0.0,0.0
2026-06-02 00:00:00-04:00,1.0099999904632568,1.0199999809265137,0.9800000190734863,0.9800000190734863,379800,0.0,0.0
2026-06-03 00:00:00-04:00,1.0,1.0199999809265137,0.8899999856948853,0.9200000166893005,645500,0.0,0.0
2026-06-04 00:00:00-04:00,0.9900000095367432,1.0800000429153442,0.9200000166893005,1.0099999904632568,683700,0.0,0.0
2026-06-05 00:00:00-04:00,1.0099999904632568,1.0099999904632568,0.8980000019073486,0.9070000052452087,1036800,0.0,0.0
2026-06-08 00:00:00-04:00,0.9070000052452087,0.9070000052452087,0.8299999833106995,0.8569999933242798,476400,0.0,0.0
2026-06-09 00:00:00-04:00,0.9100000262260437,0.9110000133514404,0.8100000023841858,0.8410000205039978,462900,0.0,0.0
2026-06-10 00:00:00-04:00,0.8199999928474426,0.8799999952316284,0.7799999713897705,0.8410000205039978,599500,0.0,0.0
2026-06-11 00:00:00-04:00,0.8650000095367432,0.8730000257492065,0.8109999895095825,0.8730000257492065,379800,0.0,0.0
2026-06-12 00:00:00-04:00,0.8600000143051147,0.8859999775886536,0.8119999766349792,0.8270000219345093,290300,0.0,0.0
2026-06-15 00:00:00-04:00,0.8500000238418579,0.8669999837875366,0.7210000157356262,0.800000011920929,725500,0.0,0.0
2026-06-16 00:00:00-04:00,0.8019999861717224,0.8399999737739563,0.7799999713897705,0.8009999990463257,377400,0.0,0.0
2026-06-17 00:00:00-04:00,0.7900000214576721,0.8500000238418579,0.7820000052452087,0.7900000214576721,207400,0.0,0.0
2026-06-18 00:00:00-04:00,0.7900000214576721,0.7990000247955322,0.7699999809265137,0.7919999957084656,355300,0.0,0.0
2026-06-22 00:00:00-04:00,0.8080000281333923,0.8080000281333923,0.7360000014305115,0.7400000095367432,408000,0.0,0.0
2026-06-23 00:00:00-04:00,0.8069999814033508,0.8960000276565552,0.7400000095367432,0.777999997138977,2645400,0.0,0.0
2026-06-24 00:00:00-04:00,0.8009999990463257,0.8460000157356262,0.7379999756813049,0.8460000157356262,625400,0.0,0.0
2026-06-25 00:00:00-04:00,0.8500000238418579,0.8690000176429749,0.7599999904632568,0.7639999985694885,369800,0.0,0.0
2026-06-26 00:00:00-04:00,0.7570000290870667,0.8690000176429749,0.7300000190734863,0.8500000238418579,813800,0.0,0.0
2026-06-29 00:00:00-04:00,0.8799999952316284,1.100000023841858,0.8700000047683716,0.9860000014305115,3910900,0.0,0.0
2026-06-30 00:00:00-04:00,1.0199999809265137,1.0199999809265137,0.9070000052452087,0.949999988079071,1010900,0.0,0.0
2026-07-01 00:00:00-04:00,0.9900000095367432,1.0299999713897705,0.8930000066757202,0.9110000133514404,816500,0.0,0.0
2026-07-02 00:00:00-04:00,0.949999988079071,0.949999988079071,0.8519999980926514,0.8629999756813049,498900,0.0,0.0
2026-07-06 00:00:00-04:00,0.8700000047683716,0.9200000166893005,0.8519999980926514,0.8799999952316284,433300,0.0,0.0
2026-07-07 00:00:00-04:00,0.8799999952316284,0.8799999952316284,0.7099999785423279,0.7599999904632568,997600,0.0,0.0
2026-07-08 00:00:00-04:00,0.7900000214576721,0.8169999718666077,0.7699999809265137,0.8100000023841858,400200,0.0,0.0
2026-07-09 00:00:00-04:00,0.847000002861023,0.8629999756813049,0.8100000023841858,0.8240000009536743,272700,0.0,0.0
2026-07-10 00:00:00-04:00,0.8320000171661377,0.859000027179718,0.800000011920929,0.8500000238418579,309700,0.0,0.0
2026-07-13 00:00:00-04:00,0.8700000047683716,0.8700000047683716,0.8029999732971191,0.8059999942779541,264100,0.0,0.0
2026-07-14 00:00:00-04:00,0.8059999942779541,0.8989999890327454,0.8050000071525574,0.8700000047683716,412700,0.0,0.0
2026-07-15 00:00:00-04:00,0.9480000138282776,1.0609999895095825,0.9100000262260437,1.0199999809265137,2111000,0.0,0.0
2026-07-16 00:00:00-04:00,1.0099999904632568,1.0099999904632568,0.8700000047683716,0.8899999856948853,708800,0.0,0.0
2026-07-17 00:00:00-04:00,0.9089999794960022,0.9100000262260437,0.8629999756813049,0.8849999904632568,274400,0.0,0.0
2026-07-20 00:00:00-04:00,0.8999999761581421,0.8999999761581421,0.8360000252723694,0.8360000252723694,298700,0.0,0.0
2026-07-21 00:00:00-04:00,0.8399999737739563,0.8679999709129333,0.8330000042915344,0.8429999947547913,226300,0.0,0.0
2026-07-22 00:00:00-04:00,0.8849999904632568,0.9980000257492065,0.8220000267028809,0.8880000114440918,3096900,0.0,0.0
2026-07-23 00:00:00-04:00,0.8510000109672546,0.9079999923706055,0.800000011920929,0.800000011920929,914900,0.0,0.0
2026-07-24 00:00:00-04:00,0.8169999718666077,0.8169999718666077,0.75,0.7509999871253967,572300,0.0,0.0
2026-07-27 00:00:00-04:00,0.7770000100135803,0.7919999957084656,0.7509999871253967,0.7689999938011169,358900,0.0,0.0
2026-07-28 00:00:00-04:00,0.7900000214576721,0.7900000214576721,0.7149999737739563,0.75,454100,0.0,0.0
2026-07-29 00:00:00-04:00,0.75,0.75,0.7099999785423279,0.7149999737739563,299300,0.0,0.0
2026-07-30 00:00:00-04:00,0.7139999866485596,0.7960000038146973,0.7139999866485596,0.7590000033378601,596900,0.0,0.0
2026-07-31 00:00:00-04:00,0.7870000004768372,0.7870000004768372,0.746999979019165,0.746999979019165,202200,0.0,0.0
2026-08-03 00:00:00-04:00,0.7699999809265137,0.7699999809265137,0.7160000205039978,0.718999981880188,303100,0.0,0.0
2026-08-04 00:00:00-04:00,0.7400000095367432,0.75,0.7260000109672546,0.7260000109672546,234200,0.0,0.0
2026-08-05 00:00:00-04:00,0.75,0.7641000151634216,0.7260000109672546,0.7289999723434448,162640,0.0,0.0
