Date,Open,High,Low,Close,Volume,Dividends,Stock Splits
2022-01-03 00:00:00-05:00,11.840857692875307,11.915642184042344,11.832548128869272,11.899023056030273,60300,0.0,0.0
2022-01-04 00:00:00-05:00,11.97380448268301,12.115063864857845,11.940567027609132,12.106754302978516,80700,0.0,0.0
2022-01-05 00:00:00-05:00,12.123374942875106,12.248015216878681,12.040280898577032,12.056900024414062,84500,0.0,0.0
2022-01-06 00:00:00-05:00,12.123375330659202,12.206468585171601,12.031971720518936,12.17323112487793,96100,0.0,0.0
2022-01-07 00:00:00-05:00,12.22308805744695,12.339419567988699,12.19816015963214,12.297872543334961,108500,0.0,0.0
2022-01-10 00:00:00-05:00,12.289561668507446,12.289561668507446,12.131683942602532,12.239705085754395,75300,0.0,0.0
2022-01-11 00:00:00-05:00,12.272944443554575,12.3394193649292,12.2147782930191,12.3394193649292,48400,0.0,0.0
2022-01-12 00:00:00-05:00,12.322799675047085,12.45574951171875,12.281252652976306,12.45574951171875,92700,0.0,0.0
2022-01-13 00:00:00-05:00,12.430821617347489,12.464059076520469,12.380965032366252,12.42251205444336,76600,0.0,0.0
2022-01-14 00:00:00-05:00,12.32279968070939,12.37265626570594,12.231396866066504,12.356037139892578,153900,0.0,0.0
2022-01-18 00:00:00-05:00,12.27294507936438,12.27294507936438,12.040282050056327,12.048591613769531,109400,0.0,0.0
2022-01-19 00:00:00-05:00,12.131686068107967,12.131686068107967,11.998735421621005,12.031972885131836,82400,0.0,0.0
2022-01-20 00:00:00-05:00,12.007043085130395,12.106755459880377,11.923949835727166,11.932258605957031,103400,0.0,0.0
2022-01-21 00:00:00-05:00,11.881984319821278,11.915501873368694,11.496532054465225,11.563567161560059,116200,0.12,0.0
2022-01-24 00:00:00-05:00,11.20325234141498,11.421116828918457,10.977009065254814,11.421116828918457,203100,0.0,0.0
2022-01-25 00:00:00-05:00,11.295423868988259,11.530047500046933,11.144595305160669,11.429494857788086,91600,0.0,0.0
2022-01-26 00:00:00-05:00,11.53842894807035,11.664119571390076,11.412737525629131,11.454634666442871,63500,0.0,0.0
2022-01-27 00:00:00-05:00,11.563566497836714,11.714395080582106,11.370839976660012,11.471392631530762,121300,0.0,0.0
2022-01-28 00:00:00-05:00,11.47139213094961,11.714394569396973,11.354081104946944,11.714394569396973,69900,0.0,0.0
2022-01-31 00:00:00-05:00,11.789809575660948,11.798189163208008,11.630601407874092,11.798189163208008,82500,0.0,0.0
2022-02-01 00:00:00-05:00,11.77305245830042,11.923881054664728,11.747914492093292,11.88198471069336,101800,0.0,0.0
2022-02-02 00:00:00-05:00,11.848465985724529,12.074709257484837,11.806568846769965,12.032812118530273,69800,0.0,0.0
2022-02-03 00:00:00-05:00,11.940639210108008,11.974156761890821,11.898742070599125,11.907121658325195,82900,0.0,0.0
2022-02-04 00:00:00-05:00,11.890359975643117,11.949016278235732,11.798186927456578,11.915498733520508,99800,0.0,0.0
2022-02-07 00:00:00-05:00,11.8652225810475,11.923878087307731,11.79818748842971,11.856842994689941,52100,0.0,0.0
2022-02-08 00:00:00-05:00,11.865224547644033,12.02443351834031,11.840086583526215,11.957398414611816,68700,0.0,0.0
2022-02-09 00:00:00-05:00,12.05795059380526,12.15012365800989,12.007673868434543,12.124985694885254,58800,0.0,0.0
2022-02-10 00:00:00-05:00,12.024432173203934,12.124984817548158,11.881982393935937,11.898740768432617,74400,0.0,0.0
2022-02-11 00:00:00-05:00,11.856845674830579,11.990916689493126,11.72277545928955,11.72277545928955,83900,0.0,0.0
2022-02-14 00:00:00-05:00,11.773052228522339,11.806569782518185,11.597084870263771,11.647360801696777,97300,0.0,0.0
2022-02-15 00:00:00-05:00,11.70601552586712,11.789808999881123,11.655738802161586,11.73115348815918,62600,0.0,0.0
2022-02-16 00:00:00-05:00,11.680877458630679,11.781430912017484,11.647359907208896,11.747913360595703,57400,0.0,0.0
2022-02-17 00:00:00-05:00,11.739533455222901,11.747913042631914,11.613842041452033,11.664118766784668,61100,0.0,0.0
2022-02-18 00:00:00-05:00,11.647358326808423,11.731152593553775,11.61384077993455,11.706014633178711,60900,0.0,0.0
2022-02-22 00:00:00-05:00,11.68925588517357,11.697635471977037,11.4462534617227,11.488150596618652,101300,0.0,0.0
2022-02-23 00:00:00-05:00,11.521668292109307,11.62222093767315,11.362460136413574,11.362460136413574,51000,0.0,0.0
2022-02-24 00:00:00-05:00,11.136218230841687,11.429497436267752,11.002148010917157,11.395979881286621,248100,0.0,0.0
2022-02-25 00:00:00-05:00,11.488150772076924,11.773050334775013,11.488150772076924,11.697635650634766,132300,0.0,0.0
2022-02-28 00:00:00-05:00,11.580321705821007,11.69763350396888,11.49652824924788,11.638978004455566,72500,0.0,0.0
2022-03-01 00:00:00-05:00,11.555188113766514,11.605464845999565,11.50491138153346,11.580326080322266,742100,0.0,0.0
2022-03-02 00:00:00-05:00,11.605463132121175,11.949018221093064,11.605463132121175,11.840085983276367,247300,0.0,0.0
2022-03-03 00:00:00-05:00,11.92387779361554,11.990913683703535,11.764669652350015,11.823325157165527,111200,0.0,0.0
2022-03-04 00:00:00-05:00,11.714393675338307,11.731152848700422,11.588703071607922,11.689255714416504,72600,0.0,0.0
2022-03-07 00:00:00-05:00,11.647359747869066,11.647359747869066,11.53842830657959,11.53842830657959,89100,0.0,0.0
2022-03-08 00:00:00-05:00,11.546806166421494,11.647358811225116,11.412735973349996,11.4630126953125,193000,0.0,0.0
2022-03-09 00:00:00-05:00,11.55518640591274,11.756291706878539,11.55518640591274,11.714394569396973,72800,0.0,0.0
2022-03-10 00:00:00-05:00,11.622220643522317,11.722773286541237,11.479770866131839,11.61384105682373,125200,0.0,0.0
2022-03-11 00:00:00-05:00,11.689255714416504,11.81494711726826,11.689255714416504,11.689255714416504,33200,0.0,0.0
2022-03-14 00:00:00-04:00,11.7646714183285,11.823326931948708,11.647359591966643,11.664118766784668,50000,0.0,0.0
2022-03-15 00:00:00-04:00,11.706015721904707,11.86522388458252,11.706015721904707,11.86522388458252,64400,0.0,0.0
2022-03-16 00:00:00-04:00,11.932258986626124,12.041191223896677,11.873603473911759,11.990915298461914,57000,0.0,0.0
2022-03-17 00:00:00-04:00,12.016052711492193,12.292572686097966,12.016052711492193,12.259055137634277,83300,0.0,0.0
2022-03-18 00:00:00-04:00,12.267435013000153,12.300952562252009,12.18364074030981,12.292572975158691,78300,0.0,0.0
2022-03-21 00:00:00-04:00,12.267434892038985,12.435022636645789,12.267434892038985,12.342848777770996,66700,0.0,0.0
2022-03-22 00:00:00-04:00,12.518817809616218,12.577474127535986,12.401506772019705,12.409886360168457,123600,0.0,0.0
2022-03-23 00:00:00-04:00,12.401505271525012,12.460160783226367,12.267435073852539,12.267435073852539,87700,0.0,0.0
2022-03-24 00:00:00-04:00,12.317713090288052,12.418265755618874,12.25905756862546,12.401507377624512,80600,0.0,0.0
2022-03-25 00:00:00-04:00,12.460162472127973,12.569094722282335,12.41826532989606,12.543956756591797,108500,0.0,0.0
2022-03-28 00:00:00-04:00,12.552334911690634,12.560714499538047,12.460161842733541,12.502058982849121,105900,0.0,0.0
2022-03-29 00:00:00-04:00,12.569094722282335,12.65288900674616,12.451782883857286,12.543956756591797,109600,0.0,0.0
2022-03-30 00:00:00-04:00,12.485300347891517,12.560715043541471,12.40988645136308,12.518817901611328,105600,0.0,0.0
2022-03-31 00:00:00-04:00,12.460161877618354,12.552334946833506,12.409885948636084,12.426644325256348,46600,0.0,0.0
2022-04-01 00:00:00-04:00,12.435023339322454,12.443402926806657,12.284193961092585,12.35960865020752,81900,0.0,0.0
2022-04-04 00:00:00-04:00,12.183642910556713,12.367989863839961,12.183642910556713,12.326092720031738,34400,0.0,0.0
2022-04-05 00:00:00-04:00,12.309330263803435,12.351227396450769,12.049569479808374,12.05794906616211,69400,0.0,0.0
2022-04-06 00:00:00-04:00,12.066329669869633,12.158503535393963,11.95739822735781,12.032812118530273,84100,0.0,0.0
2022-04-07 00:00:00-04:00,12.03281154596694,12.150123369633318,11.957397658382932,12.09146785736084,81800,0.0,0.0
2022-04-08 00:00:00-04:00,12.091467361612434,12.225537555093482,12.032811052623435,12.208778381347656,68900,0.0,0.0
2022-04-11 00:00:00-04:00,12.15850535137815,12.250678431547916,12.08309064982035,12.133366584777832,58600,0.0,0.0
2022-04-12 00:00:00-04:00,12.183640567471695,12.217158116248068,12.049570372366205,12.083087921142578,55200,0.0,0.0
2022-04-13 00:00:00-04:00,12.066329002380371,12.133364101350818,11.9657763539247,12.066329002380371,85900,0.0,0.0
2022-04-14 00:00:00-04:00,11.990915937342962,12.057951040908588,11.907121658325195,11.907121658325195,40200,0.0,0.0
2022-04-18 00:00:00-04:00,11.865222538789682,12.024431482530916,11.865222538789682,12.007672309875488,33700,0.0,0.0
2022-04-19 00:00:00-04:00,12.024435125996098,12.150125762511376,11.965778803050267,12.133366584777832,124500,0.0,0.0
2022-04-20 00:00:00-04:00,12.166883057696829,12.242296948464467,12.11660633139695,12.18364143371582,49000,0.0,0.0
2022-04-21 00:00:00-04:00,12.25123458633907,12.285031063311902,11.98931128547095,12.031557083129883,63500,0.12,0.0
2022-04-22 00:00:00-04:00,11.97241396848863,12.014659767977554,11.828778733689244,11.845677375793457,52000,0.0,0.0
2022-04-25 00:00:00-04:00,11.668244750758173,11.761184857753847,11.490813051387128,11.727388381958008,174500,0.0,0.0
2022-04-26 00:00:00-04:00,11.744284072466145,11.744284072466145,11.499259466244867,11.516158103942871,54600,0.0,0.0
2022-04-27 00:00:00-04:00,11.55840477615636,11.64289555379224,11.465463873253999,11.473913192749023,47000,0.0,0.0
2022-04-28 00:00:00-04:00,11.516160913961922,11.718939781188965,11.465465794269365,11.718939781188965,90600,0.0,0.0
2022-04-29 00:00:00-04:00,11.786531434814684,11.786531434814684,11.33027863107255,11.338727951049805,83500,0.0,0.0
2022-05-02 00:00:00-04:00,11.262688636779785,11.45701901836814,11.093706221771464,11.262688636779785,83900,0.0,0.0
2022-05-03 00:00:00-04:00,11.245787150563284,11.524608246333566,11.22043919220493,11.228888511657715,78700,0.0,0.0
2022-05-04 00:00:00-04:00,11.186642776089828,11.575302609374953,11.178193456594803,11.473913192749023,75900,0.0,0.0
2022-05-05 00:00:00-04:00,11.473915049010602,11.473915049010602,11.144398787338265,11.34717845916748,95400,0.0,0.0
2022-05-06 00:00:00-04:00,11.304932594299316,11.321830430152513,11.144398721950244,11.304932594299316,40400,0.0,0.0
2022-05-09 00:00:00-04:00,11.161298652943676,11.186645812537401,10.992316246032715,10.992316246032715,71400,0.0,0.0
2022-05-10 00:00:00-04:00,11.076804327499977,11.211991025615175,10.899372642355974,10.958517074584961,94000,0.0,0.0
2022-05-11 00:00:00-04:00,10.899374074694869,11.059907947278171,10.823332604587161,10.941619873046875,89900,0.0,0.0
2022-05-12 00:00:00-04:00,10.874025361992574,10.874025361992574,10.645899372769573,10.7557373046875,101500,0.0,0.0
2022-05-13 00:00:00-04:00,10.814882667662374,10.924721414811682,10.789535512403777,10.87402629852295,99800,0.0,0.0
2022-05-16 00:00:00-04:00,10.882476638297522,10.958518916968218,10.789536523128676,10.91627311706543,93500,0.0,0.0
2022-05-17 00:00:00-04:00,10.975416084727255,11.068357000004765,10.958518249258704,11.051458358764648,66800,0.0,0.0
2022-05-18 00:00:00-04:00,11.009212200930854,11.009212200930854,10.747289716458422,10.87402629852295,51300,0.0,0.0
2022-05-19 00:00:00-04:00,10.772637467709913,10.772637467709913,10.603655080351134,10.696595191955566,92900,0.0,0.0
2022-05-20 00:00:00-04:00,10.696594080699315,10.772636348553723,10.485365917002184,10.645899772644043,63600,0.0,0.0
2022-05-23 00:00:00-04:00,10.671246034791045,11.00076223269603,10.671246034791045,10.890923500061035,103300,0.0,0.0
2022-05-24 00:00:00-04:00,10.806431919335214,10.899372013516471,10.662796715564177,10.890923500061035,29200,0.0,0.0
2022-05-25 00:00:00-04:00,10.814883829047591,11.043009862415971,10.814883829047591,10.966967582702637,32300,0.0,0.0
2022-05-26 00:00:00-04:00,10.992311493266964,11.228886760653829,10.992311493266964,11.195090293884277,43800,0.0,0.0
2022-05-27 00:00:00-04:00,11.228889988644402,11.406321691634016,11.203542832723475,11.372525215148926,47300,0.0,0.0
2022-05-31 00:00:00-04:00,11.296483657128396,11.448568213830045,11.220441378777572,11.364076614379883,77000,0.0,0.0
2022-06-01 00:00:00-04:00,11.364076718131992,11.406322518242769,11.169747165702676,11.288034439086914,45800,0.0,0.0
2022-06-02 00:00:00-04:00,11.347179328034247,11.389424324035645,11.161298283695832,11.389424324035645,51400,0.0,0.0
2022-06-03 00:00:00-04:00,11.271135983064132,11.313381780853158,11.186644387486083,11.220440864562988,56800,0.0,0.0
2022-06-06 00:00:00-04:00,11.304932930415319,11.355627245253725,11.203543494966901,11.237339973449707,54900,0.0,0.0
2022-06-07 00:00:00-04:00,11.220439888682769,11.389422259370317,11.186643414545259,11.338727951049805,49900,0.0,0.0
2022-06-08 00:00:00-04:00,11.2880338187168,11.304932460141037,11.203543028910323,11.220440864562988,39800,0.0,0.0
2022-06-09 00:00:00-04:00,11.203544345519983,11.220442183158436,11.026112618572048,11.068358421325684,60700,0.0,0.0
2022-06-10 00:00:00-04:00,11.000764862348312,11.000764862348312,10.671248585674876,10.721942901611328,82600,0.0,0.0
2022-06-13 00:00:00-04:00,10.629000533143033,10.629000533143033,10.248790021092068,10.341730117797852,132800,0.0,0.0
2022-06-14 00:00:00-04:00,10.299487836526566,10.383979448343592,10.04601461261894,10.079811096191406,68600,0.0,0.0
2022-06-15 00:00:00-04:00,10.105155063462302,10.265688108248439,10.029112798016222,10.147400856018066,105900,0.0,0.0
2022-06-16 00:00:00-04:00,10.096707280405166,10.096707280405166,9.699598059179667,9.724946022033691,85600,0.0,0.0
2022-06-17 00:00:00-04:00,9.708051088884625,9.758746228188073,9.572865125104633,9.640458106994629,66400,0.0,0.0
2022-06-21 00:00:00-04:00,9.72494575570685,9.860131664139738,9.72494575570685,9.834784507751465,48300,0.0,0.0
2022-06-22 00:00:00-04:00,9.767191088501844,9.83478403950007,9.674250176550634,9.817885398864746,57500,0.0,0.0
2022-06-23 00:00:00-04:00,9.826334320667709,9.843232154846191,9.733394218257292,9.843232154846191,61300,0.0,0.0
2022-06-24 00:00:00-04:00,9.83478477490209,10.096707278162741,9.784089654976896,10.054461479187012,91900,0.0,0.0
2022-06-27 00:00:00-04:00,10.130503003956319,10.299485381539986,10.122053683634253,10.181198120117188,48300,0.0,0.0
2022-06-28 00:00:00-04:00,10.257237824690202,10.358627225868606,10.06290753476976,10.113602638244629,225600,0.0,0.0
2022-06-29 00:00:00-04:00,10.088257789611816,10.147402229503879,10.079809274574306,10.088257789611816,74100,0.0,0.0
2022-06-30 00:00:00-04:00,9.953072110063271,10.138953143306606,9.919275631816445,10.096707344055176,27200,0.0,0.0
2022-07-01 00:00:00-04:00,10.122054948148666,10.274139509859149,10.054461988671038,10.198097229003906,35300,0.0,0.0
2022-07-05 00:00:00-04:00,10.105157216551122,10.138953696642396,9.96152197472029,10.122055053710938,42700,0.0,0.0
2022-07-06 00:00:00-04:00,10.164296935948164,10.206542721215333,10.06290753476976,10.113602638244629,42600,0.0,0.0
2022-07-07 00:00:00-04:00,10.172749352420254,10.291037426040477,10.172749352420254,10.20654582977295,69300,0.0,0.0
2022-07-08 00:00:00-04:00,10.248790415109669,10.350179835169774,10.231891775547242,10.316383361816406,30300,0.0,0.0
2022-07-11 00:00:00-04:00,10.257241672875558,10.291038152614373,10.189648713397931,10.198097229003906,85600,0.0,0.0
2022-07-12 00:00:00-04:00,10.15585257313443,10.29948701249687,10.071360968077313,10.130504608154297,69000,0.0,0.0
2022-07-13 00:00:00-04:00,10.088258805625738,10.189649054002945,10.054462324757223,10.130504608154297,90700,0.0,0.0
2022-07-14 00:00:00-04:00,9.953071879752672,10.096707110420908,9.953071879752672,10.088257789611816,87300,0.0,0.0
2022-07-15 00:00:00-04:00,10.138953654024423,10.291038216681715,10.138953654024423,10.24034309387207,97600,0.0,0.0
2022-07-18 00:00:00-04:00,10.274138295716975,10.367079208344187,10.206545344227116,10.223443984985352,202100,0.0,0.0
2022-07-19 00:00:00-04:00,10.324835093982438,10.476918856721035,10.299487128716278,10.460021018981934,111000,0.0,0.0
2022-07-20 00:00:00-04:00,10.460019335106129,10.552959442138672,10.443120694315734,10.552959442138672,32900,0.0,0.0
2022-07-21 00:00:00-04:00,10.595615302483953,10.595615302483953,10.442055401014018,10.527366638183594,30500,0.12,0.0
2022-07-22 00:00:00-04:00,10.535899513446461,10.604148188038815,10.382339588819477,10.484712600708008,48900,0.0,0.0
2022-07-25 00:00:00-04:00,10.467649805941898,10.501774139870802,10.339682943517287,10.416462898254395,103700,0.0,0.0
2022-07-26 00:00:00-04:00,10.407929898235038,10.433522941072038,10.314088198773923,10.356743812561035,63100,0.0,0.0
2022-07-27 00:00:00-04:00,10.365274878265863,10.62973904802635,10.365274878265863,10.604146003723145,57400,0.0,0.0
2022-07-28 00:00:00-04:00,10.535896860252176,10.749174118041992,10.527365574679422,10.749174118041992,75100,0.0,0.0
2022-07-29 00:00:00-04:00,10.834484814176921,10.919796044942077,10.791829198794344,10.860077857971191,74000,0.0,0.0
2022-08-01 00:00:00-04:00,10.84301856883073,11.022171543358555,10.825955993357425,10.877142906188965,68600,0.0,0.0
2022-08-02 00:00:00-04:00,10.808891203203029,10.90273290124995,10.740642547607422,10.740642547607422,53700,0.0,0.0
2022-08-03 00:00:00-04:00,10.766235445661545,10.834484100341797,10.706518076213358,10.834484100341797,23100,0.0,0.0
2022-08-04 00:00:00-04:00,10.749174502603104,10.800360590694511,10.732111930847168,10.732111930847168,33000,0.0,0.0
2022-08-05 00:00:00-04:00,10.672395706176758,10.757706133378825,10.65533313258337,10.672395706176758,36300,0.0,0.0
2022-08-08 00:00:00-04:00,10.663863270999824,10.851547492374118,10.663863270999824,10.732111930847168,26900,0.0,0.0
2022-08-09 00:00:00-04:00,10.715050654394807,10.817423648768193,10.680926322937012,10.680926322937012,26000,0.0,0.0
2022-08-10 00:00:00-04:00,10.766237381650942,10.928328575854954,10.766237381650942,10.868610382080078,31800,0.0,0.0
2022-08-11 00:00:00-04:00,10.877142661099139,10.970984383322694,10.783300938875582,10.902735710144043,57600,0.0,0.0
2022-08-12 00:00:00-04:00,10.902736417167537,11.064827636669438,10.8515503157584,11.056296348571777,56600,0.0,0.0
2022-08-15 00:00:00-04:00,11.039232654359507,11.201323857445347,10.962453510021737,11.150136947631836,66300,0.0,0.0
2022-08-16 00:00:00-04:00,11.098949041619807,11.30369502031145,11.098949041619807,11.2183837890625,51400,0.0,0.0
2022-08-17 00:00:00-04:00,11.10748389747052,11.20132563113507,10.67239794272054,11.141608238220215,48500,0.0,0.0
2022-08-18 00:00:00-04:00,11.175729424055227,11.192791182819303,11.107480761822469,11.133073806762695,32000,0.0,0.0
2022-08-19 00:00:00-04:00,11.090418446587885,11.124542778495394,10.979514164491416,11.013638496398926,49500,0.0,0.0
2022-08-22 00:00:00-04:00,10.87714203710446,10.91979765879116,10.663864742259275,10.715051651000977,47900,0.0,0.0
2022-08-23 00:00:00-04:00,10.66386583311837,10.75770755955799,10.66386583311837,10.723583221435547,30800,0.0,0.0
2022-08-24 00:00:00-04:00,10.723580069362667,10.825953053638635,10.663862698598724,10.808891296386719,37800,0.0,0.0
2022-08-25 00:00:00-04:00,10.757707318640957,10.919798531283853,10.757707318640957,10.877142906188965,27100,0.0,0.0
2022-08-26 00:00:00-04:00,10.928326320491411,10.979512403348167,10.629737854003906,10.629737854003906,36700,0.0,0.0
2022-08-29 00:00:00-04:00,10.561490771295068,10.612676861761573,10.493242108280903,10.58708381652832,20800,0.0,0.0
2022-08-30 00:00:00-04:00,10.59561396198248,10.59561396198248,10.356743667151838,10.45058536529541,49600,0.0,0.0
2022-08-31 00:00:00-04:00,10.424990984378967,10.510301386214472,10.339679768955415,10.373804092407227,38300,0.0,0.0
2022-09-01 00:00:00-04:00,10.305557102526729,10.407930089342642,10.237308444649454,10.399398803710938,55300,0.0,0.0
2022-09-02 00:00:00-04:00,10.493240449437746,10.561489101662698,10.237307596800122,10.271431922912598,57300,0.0,0.0
2022-09-06 00:00:00-04:00,10.237308842805634,10.305557503337281,10.134935852008162,10.186121940612793,96700,0.0,0.0
2022-09-07 00:00:00-04:00,10.134933828244547,10.416459700119002,10.134933828244547,10.373804092407227,41400,0.0,0.0
2022-09-08 00:00:00-04:00,10.322620561906076,10.459117889404297,10.220246752694162,10.459117889404297,66000,0.0,0.0
2022-09-09 00:00:00-04:00,10.493242731870042,10.65533311276428,10.493242731870042,10.544428825378418,37000,0.0,0.0
2022-09-12 00:00:00-04:00,10.587084527206482,10.70652010229273,10.587084527206482,10.612677574157715,39000,0.0,0.0
2022-09-13 00:00:00-04:00,10.527366089633569,10.527366089633569,10.20318454430488,10.314088821411133,36200,0.0,0.0
2022-09-14 00:00:00-04:00,10.297028577866097,10.348215491793034,10.228779901689114,10.33115291595459,39500,0.0,0.0
2022-09-15 00:00:00-04:00,10.33115086448262,10.41646209955767,10.28849606053333,10.322620391845703,57800,0.0,0.0
2022-09-16 00:00:00-04:00,10.228777556842125,10.237308842805634,10.083748949815321,10.186121940612793,58100,0.0,0.0
2022-09-19 00:00:00-04:00,10.06668723493738,10.27143321741627,10.01550033252355,10.220246315002441,61800,0.0,0.0
2022-09-20 00:00:00-04:00,10.117873344530844,10.126404630548697,9.930189933667398,10.024031639099121,49900,0.0,0.0
2022-09-21 00:00:00-04:00,10.07521734200155,10.134934709839769,9.853408813476562,9.853408813476562,51400,0.0,0.0
2022-09-22 00:00:00-04:00,9.819287825785924,9.86194345171179,9.674259185791016,9.674259185791016,60900,0.0,0.0
2022-09-23 00:00:00-04:00,9.657195456130372,9.657195456130372,9.469512026222665,9.503636360168457,76000,0.0,0.0
2022-09-26 00:00:00-04:00,9.503634893067504,9.520696650612384,9.230639450055893,9.324481964111328,101500,0.0,0.0
2022-09-27 00:00:00-04:00,9.401262538146048,9.443917341665774,9.136798362947323,9.281826972961426,86100,0.0,0.0
2022-09-28 00:00:00-04:00,9.324483043074917,9.503635992761412,9.273296137340948,9.42685604095459,134200,0.0,0.0
2022-09-29 00:00:00-04:00,9.358609236690352,9.367139711352104,9.213580590791013,9.264766693115234,94400,0.0,0.0
2022-09-30 00:00:00-04:00,9.222109597163229,9.418324296836293,9.222109597163229,9.281826972961426,85400,0.0,0.0
2022-10-03 00:00:00-04:00,9.341544646986721,9.606008830628415,9.341544646986721,9.520697593688965,62400,0.0,0.0
2022-10-04 00:00:00-04:00,9.614539693823547,9.8278169631958,9.614539693823547,9.8278169631958,94400,0.0,0.0
2022-10-05 00:00:00-04:00,9.682788734792785,9.84487910789571,9.665726162051294,9.810754776000977,54500,0.0,0.0
2022-10-06 00:00:00-04:00,9.776629696870378,9.836347069724853,9.60600805043746,9.657194137573242,69600,0.0,0.0
2022-10-07 00:00:00-04:00,9.580415852169471,9.60600971375723,9.375669840997361,9.452449798583984,64000,0.0,0.0
2022-10-10 00:00:00-04:00,9.426856632036108,9.54629139692371,9.27329671879397,9.350076675415039,84700,0.0,0.0
2022-10-11 00:00:00-04:00,9.273296883572787,9.435388086783783,9.256235122680664,9.256235122680664,75800,0.0,0.0
2022-10-12 00:00:00-04:00,9.29035913315673,9.358607801515138,9.213579177856445,9.213579177856445,43100,0.0,0.0
2022-10-13 00:00:00-04:00,9.128267327493681,9.554821883111032,9.085611709214296,9.486573219299316,84000,0.0,0.0
2022-10-14 00:00:00-04:00,9.588945736839463,9.623070067043624,9.435386657714844,9.435386657714844,60300,0.0,0.0
2022-10-17 00:00:00-04:00,9.597477539688843,10.006969524193206,9.563353207646813,9.844879150390625,259800,0.0,0.0
2022-10-18 00:00:00-04:00,10.03256367834452,10.100812344434896,10.024032391686154,10.083749771118164,149500,0.0,0.0
2022-10-19 00:00:00-04:00,10.100812505951124,10.100812505951124,9.93872131120337,9.989908218383789,113400,0.0,0.0
2022-10-20 00:00:00-04:00,9.930189954863897,9.99843861597596,9.810754391123677,9.8278169631958,106200,0.0,0.0
2022-10-21 00:00:00-04:00,9.810575693705822,10.03471909442418,9.793333514195623,10.000235557556152,80100,0.12,0.0
2022-10-24 00:00:00-04:00,10.103686206670282,10.112306474305868,9.948509879096525,10.095065116882324,119000,0.0,0.0
2022-10-25 00:00:00-04:00,10.026098080386467,10.250241482797561,10.026098080386467,10.189894676208496,69400,0.0,0.0
2022-10-26 00:00:00-04:00,10.189894468894293,10.33644970424661,10.172653111757034,10.258861541748047,108300,0.0,0.0
2022-10-27 00:00:00-04:00,10.327828333373358,10.474383564734953,10.293344797885473,10.396796226501465,83100,0.0,0.0
2022-10-28 00:00:00-04:00,10.353690681042211,10.689904916617719,10.353690681042211,10.664042472839355,47100,0.0,0.0
2022-10-31 00:00:00-04:00,10.655423044222248,10.733011209797192,10.58645596863394,10.638181686401367,91100,0.0,0.0
2022-11-01 00:00:00-04:00,10.672664140309944,10.724389030671945,10.543350270100325,10.629559516906738,157500,0.0,0.0
2022-11-02 00:00:00-04:00,10.595076852385231,10.810599164941605,10.448521614074707,10.448521614074707,40900,0.0,0.0
2022-11-03 00:00:00-04:00,10.431281270271937,10.431281270271937,10.276104927062988,10.276104927062988,126900,0.0,0.0
2022-11-04 00:00:00-04:00,10.37955466489546,10.483005277510744,10.319208679741308,10.45714282989502,83400,0.0,0.0
2022-11-07 00:00:00-05:00,10.465764777866923,10.55197321770471,10.448522596607894,10.543352127075195,72700,0.0,0.0
2022-11-08 00:00:00-05:00,10.61231840843679,10.707147924414501,10.526109159618997,10.65542221069336,69700,0.0,0.0
2022-11-09 00:00:00-05:00,10.55197151301322,10.629559671839427,10.45714199786581,10.474383354187012,57400,0.0,0.0
2022-11-10 00:00:00-05:00,10.707148469842847,10.801977990651228,10.655422753486768,10.784736633300781,96000,0.0,0.0
2022-11-11 00:00:00-05:00,10.836459348955389,11.017498086577298,10.827839083089358,10.931289672851562,70700,0.0,0.0
2022-11-14 00:00:00-05:00,10.948534570097356,10.983018111178273,10.819221496582031,10.819221496582031,65000,0.0,0.0
2022-11-15 00:00:00-05:00,10.931293118732906,11.051985100425217,10.801979224152262,10.896809577941895,89800,0.0,0.0
2022-11-16 00:00:00-05:00,10.922668780214696,10.922668780214696,10.845080630967118,10.862322807312012,27200,0.0,0.0
2022-11-17 00:00:00-05:00,10.776114390013552,10.905427433832802,10.750251945680159,10.853702545166016,59200,0.0,0.0
2022-11-18 00:00:00-05:00,10.957153172335246,11.155433282979358,10.896807194687437,11.112329483032227,141900,0.0,0.0
2022-11-21 00:00:00-05:00,11.086466794246906,11.17267604293849,11.034741902753819,11.07784652709961,112300,0.0,0.0
2022-11-22 00:00:00-05:00,11.077846248204397,11.258885008177035,11.077846248204397,11.224401473999023,43400,0.0,0.0
2022-11-23 00:00:00-05:00,11.233021862789228,11.310610021069536,11.20715941741323,11.241642951965332,60900,0.0,0.0
2022-11-25 00:00:00-05:00,11.28474725061082,11.362335406656026,11.215780183493369,11.293368339538574,30200,0.0,0.0
2022-11-28 00:00:00-05:00,11.258885130317541,11.336472466445533,11.20715941741323,11.241642951965332,80700,0.0,0.0
2022-11-29 00:00:00-05:00,11.198538252136856,11.353714567642964,11.198538252136856,11.319231033325195,50200,0.0,0.0
2022-11-30 00:00:00-05:00,11.27612625974372,11.52613208575668,11.20715919202651,11.474407196044922,69400,0.0,0.0
2022-12-01 00:00:00-05:00,11.491649501580417,11.569237664712324,11.396819981170514,11.483028411865234,62200,0.0,0.0
2022-12-02 00:00:00-05:00,11.362334629809666,11.448543046736239,11.35371354147134,11.396818161010742,48600,0.0,0.0
2022-12-05 00:00:00-05:00,11.336473555042314,11.38819927291364,11.241644031456008,11.250265121459961,122900,0.0,0.0
2022-12-06 00:00:00-05:00,11.30198934629289,11.30198934629289,11.02612105976107,11.10370922088623,81500,0.0,0.0
2022-12-07 00:00:00-05:00,11.103710878152102,11.12957332833643,11.03474379622558,11.086468696594238,62400,0.0,0.0
2022-12-08 00:00:00-05:00,11.09508945372153,11.172677624093751,11.09508945372153,11.13819408416748,76800,0.0,0.0
2022-12-09 00:00:00-05:00,11.095088586363826,11.138193213440074,11.0606050491333,11.0606050491333,47300,0.0,0.0
2022-12-12 00:00:00-05:00,11.09508780102608,11.164054870605469,11.051983177000883,11.164054870605469,79400,0.0,0.0
2022-12-13 00:00:00-05:00,11.310612404004868,11.431305211441108,11.120952512934345,11.198540687561035,101100,0.0,0.0
2022-12-14 00:00:00-05:00,11.14681338779979,11.30198888151642,11.077846319002997,11.155433654785156,56600,0.0,0.0
2022-12-15 00:00:00-05:00,11.051983464554421,11.060604554014231,10.827840893665769,11.008879661560059,71900,0.0,0.0
2022-12-16 00:00:00-05:00,10.853702545166016,10.922669611489919,10.793356567670669,10.853702545166016,32000,0.0,0.0
2022-12-19 00:00:00-05:00,10.784736180259763,10.896807875863097,10.776115090870505,10.827840805053711,62600,0.0,0.0
2022-12-20 00:00:00-05:00,10.776115543549373,10.94853322781569,10.776115543549373,10.784736633300781,65300,0.0,0.0
2022-12-21 00:00:00-05:00,10.853701524991859,11.017498086577298,10.853701524991859,10.931289672851562,82800,0.0,0.0
2022-12-22 00:00:00-05:00,10.931292368152272,10.931292368152272,10.681286509045592,10.836462020874023,72000,0.0,0.0
2022-12-23 00:00:00-05:00,10.801977157592773,10.862323959046261,10.776114712485455,10.801977157592773,243900,0.0,0.0
2022-12-27 00:00:00-05:00,10.827840551788302,10.922670066395039,10.78473592800258,10.810598373413086,70900,0.0,0.0
2022-12-28 00:00:00-05:00,10.836462200698756,10.85370438127271,10.655423415434347,10.6726655960083,58300,0.0,0.0
2022-12-29 00:00:00-05:00,10.707149692515095,10.95715556878805,10.707149692515095,10.896809577941895,93000,0.0,0.0
2022-12-30 00:00:00-05:00,10.827841092126409,10.948533058166504,10.810598912890763,10.948533058166504,62200,0.0,0.0
2023-01-03 00:00:00-05:00,10.948532357999817,10.983015892113505,10.82784039967806,10.965774536132812,103900,0.0,0.0
2023-01-04 00:00:00-05:00,11.01750029647552,11.198539070410318,11.000258939132971,11.051983833312988,61200,0.0,0.0
2023-01-05 00:00:00-05:00,11.034741604360189,11.051982960340881,10.905427734819629,10.965774536132812,61400,0.0,0.0
2023-01-06 00:00:00-05:00,11.069227403445186,11.267507559632651,11.01750168061445,11.25888729095459,34800,0.0,0.0
2023-01-09 00:00:00-05:00,11.301991313012461,11.327854585989684,11.198540687561035,11.198540687561035,55200,0.0,0.0
2023-01-10 00:00:00-05:00,11.164056563456509,11.301990723530798,11.164056563456509,11.233023643493652,51800,0.0,0.0
2023-01-11 00:00:00-05:00,11.215781494479033,11.388199182426149,11.215781494479033,11.33647346496582,42100,0.0,0.0
2023-01-12 00:00:00-05:00,11.4140620094539,11.422683099675895,11.345094931982768,11.362337112426758,28700,0.0,0.0
2023-01-13 00:00:00-05:00,11.284748324088026,11.37095675510939,11.051983833810368,11.3106107711792,154100,0.0,0.0
2023-01-17 00:00:00-05:00,11.224401595765439,11.293368664869643,11.20715941741323,11.241642951965332,67800,0.0,0.0
2023-01-18 00:00:00-05:00,11.207159577984656,11.250264202330447,11.07784652709961,11.07784652709961,96900,0.0,0.0
2023-01-19 00:00:00-05:00,11.034740640647321,11.06922417174941,10.896806516238968,10.974393844604492,46600,0.0,0.0
2023-01-20 00:00:00-05:00,11.000258939132971,11.095088459897914,10.939912133053125,11.051983833312988,51200,0.0,0.0
2023-01-23 00:00:00-05:00,11.099863637977798,11.239155911575574,11.004100407441184,11.152098655700684,58500,0.125,0.0
2023-01-24 00:00:00-05:00,11.073749038977246,11.230452466953782,10.960573833620641,11.125983238220215,49900,0.0,0.0
2023-01-25 00:00:00-05:00,11.056336144460262,11.13468826690191,11.030219047062232,11.117277145385742,80100,0.0,0.0
2023-01-26 00:00:00-05:00,11.178217887878418,11.221746939266874,11.091159785101507,11.178217887878418,69400,0.0,0.0
2023-01-27 00:00:00-05:00,11.169511302851403,11.265274546489161,11.108571132377154,11.213040351867676,102300,0.0,0.0
2023-01-30 00:00:00-05:00,11.09116122767892,11.204336443910057,11.09116122767892,11.134690284729004,98200,0.0,0.0
2023-01-31 00:00:00-05:00,11.256568555785455,11.265273700737119,11.125981418540599,11.230450630187988,134900,0.0,0.0
2023-02-01 00:00:00-05:00,11.221747738498637,11.369746025611514,11.15210158341583,11.256570816040039,152700,0.0,0.0
2023-02-02 00:00:00-05:00,11.308805465698242,11.33492339757579,11.25657126243853,11.308805465698242,109000,0.0,0.0
2023-02-03 00:00:00-05:00,11.2478625805863,11.31750872168456,11.186922414687196,11.230450630187988,51400,0.0,0.0
2023-02-06 00:00:00-05:00,11.125982976035337,11.213041079718923,11.125982976035337,11.18692398071289,40300,0.0,0.0
2023-02-07 00:00:00-05:00,11.160805635967805,11.352332958793003,11.152100490121605,11.334921836853027,72000,0.0,0.0
2023-02-08 00:00:00-05:00,11.23045132013812,11.334921368451187,11.23045132013812,11.300097465515137,59700,0.0,0.0
2023-02-09 00:00:00-05:00,11.343627404996695,11.361039357832457,11.169512027877131,11.18692398071289,53800,0.0,0.0
2023-02-10 00:00:00-05:00,11.186922414687196,11.256568555785455,11.134687393739755,11.230450630187988,41700,0.0,0.0
2023-02-13 00:00:00-05:00,11.273982005868055,11.378451239105525,11.247864905120602,11.361040115356445,29100,0.0,0.0
2023-02-14 00:00:00-05:00,11.334921830172114,11.404567978386122,11.28268680388782,11.343626976013184,67100,0.0,0.0
2023-02-15 00:00:00-05:00,11.256570428819172,11.34362770455412,11.247864452171388,11.317510604858398,60000,0.0,0.0
2023-02-16 00:00:00-05:00,11.30009723711264,11.30009723711264,11.213039972274782,11.273980140686035,49000,0.0,0.0
2023-02-17 00:00:00-05:00,11.204335553547814,11.247864607138824,11.169512476724533,11.239158630371094,35200,0.0,0.0
2023-02-21 00:00:00-05:00,11.117278020648683,11.143395120102912,10.986690862882297,11.021513938903809,43200,0.0,0.0
2023-02-22 00:00:00-05:00,11.02151325127448,11.047630349099268,10.91704402972775,10.95186710357666,44000,0.0,0.0
2023-02-23 00:00:00-05:00,10.969277381896973,11.038923518967957,10.882219295434519,10.969277381896973,47200,0.0,0.0
2023-02-24 00:00:00-05:00,10.92575015570341,10.934456131847016,10.838692054762513,10.873515129089355,105800,0.0,0.0
2023-02-27 00:00:00-05:00,10.977984352069882,11.0041022805007,10.847398030906119,10.873515129089355,175700,0.0,0.0
2023-02-28 00:00:00-05:00,10.86480915294575,10.94316127774304,10.86480915294575,10.873515129089355,40800,0.0,0.0
2023-03-01 00:00:00-05:00,10.847395896911621,10.890924938818655,10.795160880573695,10.847395896911621,31700,0.0,0.0
2023-03-02 00:00:00-05:00,10.829985478874113,10.925749550655375,10.803868382137194,10.899632453918457,61100,0.0,0.0
2023-03-03 00:00:00-05:00,11.012807846069336,11.056336898198575,10.986690746890838,11.012807846069336,54900,0.0,0.0
2023-03-06 00:00:00-05:00,11.056336977247513,11.152101058666043,11.047631000709899,11.108572006225586,38100,0.0,0.0
2023-03-07 00:00:00-05:00,11.108571622599266,11.108571622599266,10.882221221923828,10.882221221923828,88300,0.0,0.0
2023-03-08 00:00:00-05:00,10.890924938818655,10.9257480062948,10.812572829435476,10.847395896911621,70200,0.0,0.0
2023-03-09 00:00:00-05:00,10.882220597443762,10.925749645883046,10.621047137055603,10.629753112792969,60000,0.0,0.0
2023-03-10 00:00:00-05:00,10.655869776865499,10.69069284815274,10.4817544204293,10.490460395812988,74000,0.0,0.0
2023-03-13 00:00:00-04:00,10.446932222455999,10.577518543137668,10.385992050170898,10.385992050170898,91000,0.0,0.0
2023-03-14 00:00:00-04:00,10.499167892603754,10.603637121603837,10.429520909689401,10.55140209197998,90700,0.0,0.0
2023-03-15 00:00:00-04:00,10.333758238487396,10.38599327104886,10.281524036173607,10.325052261352539,102100,0.0,0.0
2023-03-16 00:00:00-04:00,10.237994222051846,10.525284804230804,10.237994222051846,10.438226699829102,91700,0.0,0.0
2023-03-17 00:00:00-04:00,10.342462575747335,10.368579672763168,10.229287381682,10.246699333190918,68500,0.0,0.0
2023-03-20 00:00:00-04:00,10.316344948635251,10.45563723255901,10.30763897332814,10.394696235656738,84200,0.0,0.0
2023-03-21 00:00:00-04:00,10.533990627041772,10.586224824722665,10.473049622750592,10.516578674316406,63800,0.0,0.0
2023-03-22 00:00:00-04:00,10.507871423906668,10.568812420808937,10.37728511529002,10.394696235656738,122200,0.0,0.0
2023-03-23 00:00:00-04:00,10.403404011203962,10.46434501865167,10.333757857190278,10.377286911010742,85800,0.0,0.0
2023-03-24 00:00:00-04:00,10.281523426517058,10.412109754805916,10.246700350290187,10.359874725341797,56100,0.0,0.0
2023-03-27 00:00:00-04:00,10.446931610717641,10.499166634080144,10.39469658735514,10.420814514160156,211600,0.0,0.0
2023-03-28 00:00:00-04:00,10.420817595731554,10.49916973882129,10.420817595731554,10.446934700012207,135000,0.0,0.0
2023-03-29 00:00:00-04:00,10.455637182591232,10.5775175153183,10.455637182591232,10.568812370300293,69800,0.0,0.0
2023-03-30 00:00:00-04:00,10.62975563712397,10.638461614928813,10.56881545298556,10.594932556152344,48000,0.0,0.0
2023-03-31 00:00:00-04:00,10.586222742872181,10.716809871888799,10.586222742872181,10.690691947937012,153100,0.0,0.0
2023-04-03 00:00:00-04:00,10.742928848150193,10.821280973240855,10.699399797516758,10.777751922607422,81100,0.0,0.0
2023-04-04 00:00:00-04:00,10.80386797867215,10.821279929344879,10.62975262318238,10.6732816696167,100700,0.0,0.0
2023-04-05 00:00:00-04:00,10.621048768617102,10.73422397984573,10.621048768617102,10.699400901794434,128800,0.0,0.0
2023-04-06 00:00:00-04:00,10.70810554806209,10.769045719516273,10.681988450331378,10.75163459777832,74400,0.0,0.0
2023-04-10 00:00:00-04:00,10.690692758795366,10.821279897716645,10.690692758795366,10.769044876098633,55900,0.0,0.0
2023-04-11 00:00:00-04:00,10.821281773735805,10.917045028015295,10.812575796915585,10.856104850769043,32700,0.0,0.0
2023-04-12 00:00:00-04:00,10.89092769465556,10.951867870597239,10.786458465792265,10.838692665100098,82300,0.0,0.0
2023-04-13 00:00:00-04:00,10.847397053807144,11.004101289286307,10.795162031898254,10.960572242736816,73700,0.0,0.0
2023-04-14 00:00:00-04:00,10.986690862882297,11.1085720440814,10.969279739995352,11.021513938903809,82300,0.0,0.0
2023-04-17 00:00:00-04:00,11.030219537464959,11.091159710852276,11.021513561196029,11.073748588562012,67700,0.0,0.0
2023-04-18 00:00:00-04:00,11.108571169503879,11.178217316063664,11.082453241858293,11.117277145385742,96300,0.0,0.0
2023-04-19 00:00:00-04:00,11.099865570188816,11.12598266847288,11.065042495727539,11.065042495727539,76300,0.0,0.0
2023-04-20 00:00:00-04:00,11.02547805522412,11.113400863418898,11.016685606705835,11.060647010803223,82200,0.125,0.0
2023-04-21 00:00:00-04:00,11.034270715070646,11.078232120009982,10.902386500252636,11.043063163757324,81900,0.0,0.0
2023-04-24 00:00:00-04:00,11.06064648622489,11.1046078882373,11.034269980415043,11.069438934326172,47600,0.0,0.0
2023-04-25 00:00:00-04:00,11.03426920685284,11.104607109744029,10.990307807922363,10.990307807922363,115100,0.0,0.0
2023-04-26 00:00:00-04:00,10.990308947447856,11.060646857632,10.88480208217164,10.911178588867188,115000,0.0,0.0
2023-04-27 00:00:00-04:00,10.990308369577622,11.08702278137207,10.990308369577622,11.08702278137207,96900,0.0,0.0
2023-04-28 00:00:00-04:00,11.245283032398742,11.289244431786111,11.113399672730585,11.26286792755127,88100,0.0,0.0
2023-05-01 00:00:00-04:00,11.2980375289917,11.41233600007941,11.25407612707658,11.2980375289917,186000,0.0,0.0
2023-05-02 00:00:00-04:00,11.33320629256628,11.33320629256628,11.069438723997619,11.08702278137207,105100,0.0,0.0
2023-05-03 00:00:00-04:00,11.139778114013831,11.18373952104546,11.034271240234375,11.034271240234375,65400,0.0,0.0
2023-05-04 00:00:00-04:00,10.955139992355784,10.955139992355784,10.88480208217164,10.911178588867188,68000,0.0,0.0
2023-05-05 00:00:00-04:00,10.963931001977347,11.078230300650818,10.963931001977347,11.025476455688477,35300,0.0,0.0
2023-05-08 00:00:00-04:00,11.078232120009982,11.148570032515298,11.034270715070646,11.043063163757324,45700,0.0,0.0
2023-05-09 00:00:00-04:00,11.051854038123606,11.095815440136018,11.025477532313761,11.069438934326172,94300,0.0,0.0
2023-05-10 00:00:00-04:00,11.130985664908685,11.157362173730023,10.990309833202746,11.034271240234375,73500,0.0,0.0
2023-05-11 00:00:00-04:00,10.990307284379272,11.02547623414953,10.928761831904797,10.999099731445312,82000,0.0,0.0
2023-05-12 00:00:00-04:00,11.025475145402384,11.025475145402384,10.911175860312433,10.955137252807617,63000,0.0,0.0
2023-05-15 00:00:00-04:00,10.955138554734637,11.051852958922687,10.946346107491927,11.025476455688477,44700,0.0,0.0
2023-05-16 00:00:00-04:00,11.03426868121557,11.03426868121557,10.981514837313233,10.999099731445312,42700,0.0,0.0
2023-05-17 00:00:00-04:00,11.025477959366416,11.139777273628269,11.016685510924573,11.078231811523438,56200,0.0,0.0
2023-05-18 00:00:00-04:00,11.060644412169202,11.157358807665739,11.060644412169202,11.148567199707031,65100,0.0,0.0
2023-05-19 00:00:00-04:00,11.139774807719213,11.254074096679688,11.139774807719213,11.254074096679688,179200,0.0,0.0
2023-05-22 00:00:00-04:00,11.271661086598504,11.271661086598504,11.130985260009766,11.130985260009766,43700,0.0,0.0
2023-05-23 00:00:00-04:00,11.095814133690045,11.130983083460302,10.981514837313233,10.999099731445312,65000,0.0,0.0
2023-05-24 00:00:00-04:00,10.946346143944675,11.02547649240474,10.858424186706543,10.858424186706543,72000,0.0,0.0
2023-05-25 00:00:00-04:00,10.884801521981661,10.884801521981661,10.78808711007941,10.81446361541748,41900,0.0,0.0
2023-05-26 00:00:00-04:00,10.83204886988585,10.972724698560615,10.83204886988585,10.946348190307617,30600,0.0,0.0
2023-05-30 00:00:00-04:00,10.946348190307617,10.999102045307692,10.902386784223232,10.946348190307617,26600,0.0,0.0
2023-05-31 00:00:00-04:00,10.876009111014566,10.946347017817885,10.858425053560731,10.919970512390137,34400,0.0,0.0
2023-06-01 00:00:00-04:00,10.981517147476309,11.007894494223386,10.849633767717236,10.946348190307617,73000,0.0,0.0
2023-06-02 00:00:00-04:00,11.043061095839906,11.218905844174607,11.025476201759487,11.166152000427246,52900,0.0,0.0
2023-06-05 00:00:00-04:00,11.183737419262586,11.245282874444046,11.139776020492711,11.157360076904297,50200,0.0,0.0
2023-06-06 00:00:00-04:00,11.166153323246341,11.306829138579523,11.166153323246341,11.2980375289917,37100,0.0,0.0
2023-06-07 00:00:00-04:00,11.359581123916806,11.412334126760417,11.31561972921789,11.403542518615723,67400,0.0,0.0
2023-06-08 00:00:00-04:00,11.368376637794427,11.429922103881836,11.368376637794427,11.429922103881836,25600,0.0,0.0
2023-06-09 00:00:00-04:00,11.385958671569824,11.438712517754734,11.385958671569824,11.385958671569824,40700,0.0,0.0
2023-06-12 00:00:00-04:00,11.385958703449708,11.45629660623057,11.368374647001463,11.447504997253418,78600,0.0,0.0
2023-06-13 00:00:00-04:00,11.48267430354531,11.579388713234716,11.4299204555822,11.561803817749023,89300,0.0,0.0
2023-06-14 00:00:00-04:00,11.517843246459961,11.64093416078174,11.517843246459961,11.517843246459961,67100,0.0,0.0
2023-06-15 00:00:00-04:00,11.561804491057405,11.67610380288879,11.544220433041662,11.658519744873047,64500,0.0,0.0
2023-06-16 00:00:00-04:00,11.658519744873047,11.702481147653428,11.658519744873047,11.658519744873047,40000,0.0,0.0
2023-06-20 00:00:00-04:00,11.579389019340589,11.605765524772433,11.52663516998291,11.52663516998291,61900,0.0,0.0
2023-06-21 00:00:00-04:00,11.561803808149758,11.561803808149758,11.447505341563524,11.517843246459961,56900,0.0,0.0
2023-06-22 00:00:00-04:00,11.535428233462424,11.535428233462424,11.456297874450684,11.456297874450684,30500,0.0,0.0
2023-06-23 00:00:00-04:00,11.421128360111267,11.421128360111267,11.359582901000977,11.359582901000977,60900,0.0,0.0
2023-06-26 00:00:00-04:00,11.31562094642468,11.41233535437065,11.306828498840332,11.306828498840332,41700,0.0,0.0
2023-06-27 00:00:00-04:00,11.341999599110833,11.429922414620947,11.341999599110833,11.394753456115723,112900,0.0,0.0
2023-06-28 00:00:00-04:00,11.350790452986937,11.403544302577181,11.333206395452851,11.359582901000977,58500,0.0,0.0
2023-06-29 00:00:00-04:00,11.368374988931542,11.517843246459961,11.368374988931542,11.517843246459961,50900,0.0,0.0
2023-06-30 00:00:00-04:00,11.623351529696453,11.684896994407419,11.579390124119735,11.676104545593262,50500,0.0,0.0
2023-07-03 00:00:00-04:00,11.614556662885871,11.702479455734952,11.57938771344502,11.684894561767578,61200,0.0,0.0
2023-07-05 00:00:00-04:00,11.553010564401086,11.693686354291303,11.553010564401086,11.649724960327148,73100,0.0,0.0
2023-07-06 00:00:00-04:00,11.63214162750665,11.63214162750665,11.491465818748269,11.579388618469238,57000,0.0,0.0
2023-07-07 00:00:00-04:00,11.51784294270535,11.649726301284579,11.51784294270535,11.553011894226074,86200,0.0,0.0
2023-07-10 00:00:00-04:00,11.553014231355194,11.667313556543334,11.553014231355194,11.605767250061035,56200,0.0,0.0
2023-07-11 00:00:00-04:00,11.623349329990505,11.711271286010742,11.596971988539915,11.711271286010742,50300,0.0,0.0
2023-07-12 00:00:00-04:00,11.73764918396415,11.843156039287049,11.728856736397088,11.764025688171387,118300,0.0,0.0
2023-07-13 00:00:00-04:00,11.764025813325711,11.834363717622615,11.764025813325711,11.807987213134766,74800,0.0,0.0
2023-07-14 00:00:00-04:00,11.860739662440954,11.860739662440954,11.746440363728405,11.755232810974121,58700,0.0,0.0
2023-07-17 00:00:00-04:00,11.737648061988827,11.843154907226562,11.737648061988827,11.843154907226562,61200,0.0,0.0
2023-07-18 00:00:00-04:00,11.843156936865432,11.913494845744856,11.816779592165139,11.887118339538574,108000,0.0,0.0
2023-07-19 00:00:00-04:00,11.878323050010644,11.957453388195523,11.878323050010644,11.931076049804688,58600,0.0,0.0
2023-07-20 00:00:00-04:00,11.887116794483202,12.001415252685547,11.878324347392589,12.001415252685547,52800,0.0,0.0
2023-07-21 00:00:00-04:00,12.032473825063365,12.06796781319804,11.979232419739635,12.005852699279785,62600,0.125,0.0
2023-07-24 00:00:00-04:00,12.023600302357274,12.130082268407545,12.023600302357274,12.094588279724121,63300,0.0,0.0
2023-07-25 00:00:00-04:00,12.147828839627536,12.147828839627536,12.076840862260688,12.094588279724121,51300,0.0,0.0
2023-07-26 00:00:00-04:00,12.094588633339269,12.147829194799304,12.085714924348109,12.112335205078125,63300,0.0,0.0
2023-07-27 00:00:00-04:00,12.138957218561563,12.183324074270555,12.014727822343211,12.023601531982422,78000,0.0,0.0
2023-07-28 00:00:00-04:00,12.130082853752207,12.130082853752207,12.076841445036154,12.121209144592285,70000,0.0,0.0
2023-07-31 00:00:00-04:00,12.227690248366336,12.227690248366336,12.103461713913939,12.165575981140137,93800,0.0,0.0
2023-08-01 00:00:00-04:00,12.112334440028247,12.236563819327422,12.112334440028247,12.201069831848145,82200,0.0,0.0
2023-08-02 00:00:00-04:00,12.174449965822687,12.192196537042678,12.067967999772414,12.094588279724121,70200,0.0,0.0
2023-08-03 00:00:00-04:00,12.023600653896912,12.147829194799304,12.023600653896912,12.112335205078125,52600,0.0,0.0
2023-08-04 00:00:00-04:00,12.192197927925811,12.192197927925811,11.988107681274414,11.988107681274414,67500,0.0,0.0
2023-08-07 00:00:00-04:00,12.023599760060849,12.25431109921913,12.023599760060849,12.236563682556152,48400,0.0,0.0
2023-08-08 00:00:00-04:00,12.209943540278818,12.209943540278818,12.103461577840989,12.201069831848145,56600,0.0,0.0
2023-08-09 00:00:00-04:00,12.236565644274313,12.245439354028399,12.130083665955887,12.15670394897461,62600,0.0,0.0
2023-08-10 00:00:00-04:00,12.174450058901078,12.263184608166329,12.12120865234717,12.138956069946289,73500,0.0,0.0
2023-08-11 00:00:00-04:00,12.130082853752207,12.183323416224779,12.094588863355998,12.121209144592285,54300,0.0,0.0
2023-08-14 00:00:00-04:00,12.067967279000456,12.174449238690983,12.067967279000456,12.103461265563965,41800,0.0,0.0
2023-08-15 00:00:00-04:00,12.059094939087364,12.138956629477637,11.979233248697092,11.996980667114258,65500,0.0,0.0
2023-08-16 00:00:00-04:00,11.988106048305225,12.067967732635973,11.917118072509766,11.917118072509766,67400,0.0,0.0
2023-08-17 00:00:00-04:00,11.979233348803731,11.996980767369207,11.837257385253906,11.837257385253906,79400,0.0,0.0
2023-08-18 00:00:00-04:00,11.739647818279176,11.86387720466731,11.739647818279176,11.819509506225586,23400,0.0,0.0
2023-08-21 00:00:00-04:00,11.784015378755338,11.872750774599885,11.784015378755338,11.855003356933594,42700,0.0,0.0
2023-08-22 00:00:00-04:00,11.899370604595635,11.908244313093007,11.757394653611351,11.792888641357422,52400,0.0,0.0
2023-08-23 00:00:00-04:00,11.810636245186645,11.925991072503628,11.757394839603593,11.881624221801758,60300,0.0,0.0
2023-08-24 00:00:00-04:00,11.908244639792608,11.970358908491468,11.84613037109375,11.84613037109375,36700,0.0,0.0
2023-08-25 00:00:00-04:00,11.863876942331949,11.934864919771627,11.79288896489227,11.84613037109375,63100,0.0,0.0
2023-08-28 00:00:00-04:00,11.899369827165795,11.943737520510533,11.881623257573919,11.925990104675293,42600,0.0,0.0
2023-08-29 00:00:00-04:00,11.917120272961673,12.023602256316364,11.908246562787888,12.014728546142578,32300,0.0,0.0
2023-08-30 00:00:00-04:00,12.05021930410393,12.094586996812849,12.023599026975921,12.041345596313477,51700,0.0,0.0
2023-08-31 00:00:00-04:00,12.094588929678208,12.094588929678208,11.988106957905675,11.996980667114258,70700,0.0,0.0
2023-09-01 00:00:00-04:00,12.041346154395281,12.121207835724023,12.032473292436947,12.103461265563965,46600,0.0,0.0
2023-09-05 00:00:00-04:00,12.130084385224714,12.130084385224714,11.97923469543457,11.97923469543457,29100,0.0,0.0
2023-09-06 00:00:00-04:00,12.014728546142578,12.03247596649015,11.952614267413237,12.014728546142578,59100,0.0,0.0
2023-09-07 00:00:00-04:00,11.988108405714835,12.05022268518951,11.96148727487404,11.97923469543457,32100,0.0,0.0
2023-09-08 00:00:00-04:00,11.97923469543457,12.032476110872569,11.899372995399364,11.97923469543457,44600,0.0,0.0
2023-09-11 00:00:00-04:00,11.988107221052829,12.07684177635598,11.9437395202795,11.970359802246094,64200,0.0,0.0
2023-09-12 00:00:00-04:00,11.979231334267002,12.12120727394086,11.979231334267002,12.041345596313477,48000,0.0,0.0
2023-09-13 00:00:00-04:00,12.103464100627509,12.12121067494445,11.952614410837365,11.97923469543457,75300,0.0,0.0
2023-09-14 00:00:00-04:00,12.041347364240377,12.112335344499856,12.023600792297245,12.076841354370117,45000,0.0,0.0
2023-09-15 00:00:00-04:00,12.067968913196118,12.07684177635598,11.961486092842728,11.970359802246094,54300,0.0,0.0
2023-09-18 00:00:00-04:00,11.94373946951893,12.076841725029729,11.94373946951893,12.05022144317627,24500,0.0,0.0
2023-09-19 00:00:00-04:00,12.085715220469625,12.085715220469625,11.97035953948851,11.996980667114258,31300,0.0,0.0
2023-09-20 00:00:00-04:00,12.032475063638511,12.067969055426799,11.934865951538086,11.934865951538086,43000,0.0,0.0
2023-09-21 00:00:00-04:00,11.917117193860182,11.917117193860182,11.757393836975098,11.757393836975098,40100,0.0,0.0
2023-09-22 00:00:00-04:00,11.766269594506232,11.819510158580039,11.713028184188918,11.721901893615723,40700,0.0,0.0
2023-09-25 00:00:00-04:00,11.677534914119486,11.730776327725856,11.677534914119486,11.713028907775879,42300,0.0,0.0
2023-09-26 00:00:00-04:00,11.71302659045779,11.71302659045779,11.562176935701494,11.571050643920898,48100,0.0,0.0
2023-09-27 00:00:00-04:00,11.606546223418357,11.615419932855575,11.4556965479597,11.517810821533203,69000,0.0,0.0
2023-09-28 00:00:00-04:00,11.500063252170092,11.63316549721809,11.500063252170092,11.597671508789062,35300,0.0,0.0
2023-09-29 00:00:00-04:00,11.615419932855575,11.615419932855575,11.482316830027843,11.517810821533203,44700,0.0,0.0
2023-10-02 00:00:00-04:00,11.464569815051869,11.491190096092902,11.384708125685286,11.455696105957031,58900,0.0,0.0
2023-10-03 00:00:00-04:00,11.393580572201143,11.46456854460636,11.322592599795927,11.358086585998535,79100,0.0,0.0
2023-10-04 00:00:00-04:00,11.331467121626678,11.411327961634864,11.233858017877603,11.39358139038086,58100,0.0,0.0
2023-10-05 00:00:00-04:00,11.34033998413196,11.42907537913231,11.331467121626678,11.39358139038086,40900,0.0,0.0
2023-10-06 00:00:00-04:00,11.32259385450838,11.508937514282577,11.313720145413543,11.455696105957031,35000,0.0,0.0
2023-10-09 00:00:00-04:00,11.393582063772703,11.500064036320435,11.38470835449952,11.464570045471191,39400,0.0,0.0
2023-10-10 00:00:00-04:00,11.508936975089128,11.615418940508066,11.508936975089128,11.553304672241211,51000,0.0,0.0
2023-10-11 00:00:00-04:00,11.615419527375684,11.615419527375684,11.535557837715618,11.579925537109375,34600,0.0,0.0
2023-10-12 00:00:00-04:00,11.615418846576887,11.615418846576887,11.455695476618406,11.508936882019043,43200,0.0,0.0
2023-10-13 00:00:00-04:00,11.535558027169678,11.624293427414536,11.464570045471191,11.464570045471191,32900,0.0,0.0
2023-10-16 00:00:00-04:00,11.57105122902815,11.677533194315236,11.517809823262887,11.597671508789062,86400,0.0,0.0
2023-10-17 00:00:00-04:00,11.482316970825195,11.615420075285051,11.46457039797666,11.482316970825195,132100,0.0,0.0
2023-10-18 00:00:00-04:00,11.455695069703935,11.49118905662911,11.358086817220551,11.366960525512695,57500,0.0,0.0
2023-10-19 00:00:00-04:00,11.322595426651477,11.411329991190218,11.23386001586914,11.23386001586914,56200,0.0,0.0
2023-10-20 00:00:00-04:00,11.251605945783728,11.278226226994038,11.127376556396484,11.127376556396484,56100,0.0,0.0
2023-10-23 00:00:00-04:00,11.060155868530273,11.185635208227534,11.033267560704275,11.060155868530273,35800,0.125,0.0
2023-10-24 00:00:00-04:00,11.122894818392824,11.212523645029666,11.069118206221791,11.131857872009277,75000,0.0,0.0
2023-10-25 00:00:00-04:00,11.096007313690997,11.140821730246035,10.961564064025879,10.961564064025879,86500,0.0,0.0
2023-10-26 00:00:00-04:00,10.98845226051454,11.015340566177498,10.871935129623283,10.94363784790039,104200,0.0,0.0
2023-10-27 00:00:00-04:00,10.988453839126915,10.988453839126915,10.818159217681218,10.854010581970215,74900,0.0,0.0
2023-10-30 00:00:00-04:00,10.889861560776353,11.042230067301986,10.854010197756434,11.015341758728027,92800,0.0,0.0
2023-10-31 00:00:00-04:00,11.158746414893177,11.203560829162598,11.06911844111819,11.203560829162598,81700,0.0,0.0
2023-11-01 00:00:00-04:00,11.17667122957446,11.391779367467064,11.17667122957446,11.382816314697266,44600,0.0,0.0
2023-11-02 00:00:00-04:00,11.463482212511101,11.705479511508377,11.463482212511101,11.687553405761719,29500,0.0,0.0
2023-11-03 00:00:00-04:00,11.821996495622068,11.920588373670837,11.804071243553814,11.884737014770508,66200,0.0,0.0
2023-11-06 00:00:00-05:00,11.902662947848675,11.902662947848675,11.63377731333003,11.67859172821045,42400,0.0,0.0
2023-11-07 00:00:00-05:00,11.624815948927072,11.687555621406586,11.606889839782108,11.642741203308105,65700,0.0,0.0
2023-11-08 00:00:00-05:00,11.660666963546507,11.67859221739119,11.535186767578125,11.535186767578125,58500,0.0,0.0
2023-11-09 00:00:00-05:00,11.60688743819773,11.60688743819773,11.48140811920166,11.48140811920166,35000,0.0,0.0
2023-11-10 00:00:00-05:00,11.517261858349077,11.66066731245307,11.517261858349077,11.642741203308105,34700,0.0,0.0
2023-11-13 00:00:00-05:00,11.562074465129824,11.678591600640601,11.562074465129824,11.624814987182617,39700,0.0,0.0
2023-11-14 00:00:00-05:00,11.69651788332214,11.893700796734283,11.69651788332214,11.830960273742676,53300,0.0,0.0
2023-11-15 00:00:00-05:00,11.875774618927338,11.965403448522903,11.875774618927338,11.947477340698242,42200,0.0,0.0
2023-11-16 00:00:00-05:00,11.947478171028358,11.947478171028358,11.848887135432415,11.893701553344727,80200,0.0,0.0
2023-11-17 00:00:00-05:00,11.902662266838762,11.920588373670837,11.866810907938433,11.884737014770508,62300,0.0,0.0
2023-11-20 00:00:00-05:00,11.89369989702153,12.010216170697921,11.89369989702153,11.983327865600586,51200,0.0,0.0
2023-11-21 00:00:00-05:00,11.884737977375885,11.974365954504222,11.884737977375885,11.902663230895996,58400,0.0,0.0
2023-11-22 00:00:00-05:00,11.92955207824707,11.974365638245711,11.884737663484565,11.92955207824707,105400,0.0,0.0
2023-11-24 00:00:00-05:00,11.974365224350922,11.98332827794639,11.911625558710336,11.956439971923828,62100,0.0,0.0
2023-11-27 00:00:00-05:00,11.95644009052683,12.001254504184864,11.920588730553172,11.992291450500488,36000,0.0,0.0
2023-11-28 00:00:00-05:00,12.01917933369999,12.04606763904277,11.983327974988343,12.001254081726074,36800,0.0,0.0
2023-11-29 00:00:00-05:00,12.063993756296822,12.072956809673501,12.019179344177246,12.019179344177246,46400,0.0,0.0
2023-11-30 00:00:00-05:00,11.965402313495684,12.055030279825354,11.965402313495684,12.028141975402832,49500,0.0,0.0
2023-12-01 00:00:00-05:00,12.046067179748349,12.17154735783669,12.01021582240365,12.16258430480957,47400,0.0,0.0
2023-12-04 00:00:00-05:00,12.06399303236625,12.117770494635453,12.001253372021985,12.072956085205078,34200,0.0,0.0
2023-12-05 00:00:00-05:00,12.037105754831947,12.046067953671079,11.94747692832993,11.974365234375,54600,0.0,0.0
2023-12-06 00:00:00-05:00,11.983328701583694,12.04606836944227,11.947477340698242,11.947477340698242,90800,0.0,0.0
2023-12-07 00:00:00-05:00,11.938513443312182,11.98332785494376,11.893699886444413,11.965402603149414,81900,0.0,0.0
2023-12-08 00:00:00-05:00,11.929551255405915,12.00125397217468,11.929551255405915,11.983327865600586,40700,0.0,0.0
2023-12-11 00:00:00-05:00,11.96540391440213,12.099846309266194,11.956440860140818,12.090883255004883,93700,0.0,0.0
2023-12-12 00:00:00-05:00,12.099846946563485,12.171549674902746,12.046069472927067,12.117773056030273,62700,0.0,0.0
2023-12-13 00:00:00-05:00,12.171546760655305,12.288063879999761,12.135695405069606,12.252212524414062,131700,0.0,0.0
2023-12-14 00:00:00-05:00,12.314953921944644,12.404582750946899,12.314953921944644,12.350805282592773,79700,0.0,0.0
2023-12-15 00:00:00-05:00,12.305990985252189,12.386656761169434,12.288065732139396,12.386656761169434,38800,0.0,0.0
2023-12-18 00:00:00-05:00,12.413545913612214,12.467322527673863,12.323917083824309,12.368731498718262,59900,0.0,0.0
2023-12-19 00:00:00-05:00,12.413547522897233,12.494212454447059,12.413547522897233,12.431472778320312,70600,0.0,0.0
2023-12-20 00:00:00-05:00,12.431469302342558,12.485246763102976,12.252212524414062,12.252212524414062,67000,0.0,0.0
2023-12-21 00:00:00-05:00,12.279103386328808,12.359769166897994,12.261178132182277,12.297029495239258,46400,0.0,0.0
2023-12-22 00:00:00-05:00,12.39561939239502,12.440433805794555,12.350804978995484,12.39561939239502,50800,0.0,0.0
2023-12-26 00:00:00-05:00,12.368732688352544,12.467323726790708,12.368732688352544,12.45836067199707,73500,0.0,0.0
2023-12-27 00:00:00-05:00,12.503173405765175,12.539024765342988,12.476285099772774,12.512136459350586,86200,0.0,0.0
2023-12-28 00:00:00-05:00,12.521100233253184,12.539025486691381,12.422508347669499,12.440434455871582,93300,0.0,0.0
2023-12-29 00:00:00-05:00,12.440435833413842,12.51213856463412,12.386658357616643,12.431472778320312,49600,0.0,0.0
2024-01-02 00:00:00-05:00,12.395620997969507,12.503175091201308,12.395620997969507,12.45836067199707,62400,0.0,0.0
2024-01-03 00:00:00-05:00,12.467322880263193,12.503174242239497,12.440434572471938,12.476285934448242,97700,0.0,0.0
2024-01-04 00:00:00-05:00,12.539023152130396,12.57487450709574,12.467320442199707,12.467320442199707,96700,0.0,0.0
2024-01-05 00:00:00-05:00,12.431470686609547,12.5479878189284,12.431470686609547,12.512136459350586,65200,0.0,0.0
2024-01-08 00:00:00-05:00,12.503174062357294,12.637617308907128,12.503174062357294,12.57487678527832,103800,0.0,0.0
2024-01-09 00:00:00-05:00,12.565915300914691,12.592803609848895,12.449398155847895,12.485249519348145,181700,0.0,0.0
2024-01-10 00:00:00-05:00,12.503173296732347,12.547987709504774,12.431470578202,12.494210243225098,130900,0.0,0.0
2024-01-11 00:00:00-05:00,12.512136754145574,12.512136754145574,12.341843005829675,12.449397087097168,81300,0.0,0.0
2024-01-12 00:00:00-05:00,12.458359826078144,12.54798865840085,12.449397626656989,12.476285934448242,83900,0.0,0.0
2024-01-16 00:00:00-05:00,12.48524712418303,12.49420932226584,12.332878644846295,12.341841697692871,137700,0.0,0.0
2024-01-17 00:00:00-05:00,12.332878701095467,12.404581414667575,12.225324630737305,12.225324630737305,121600,0.0,0.0
2024-01-18 00:00:00-05:00,12.261175577001422,12.33287828817282,12.252212524414062,12.252212524414062,191600,0.0,0.0
2024-01-19 00:00:00-05:00,12.305991810198378,12.449398118533479,12.297029610423124,12.332880973815918,145700,0.0,0.0
2024-01-22 00:00:00-05:00,12.43147105774203,12.494210725185292,12.341843083503637,12.350805282592773,143400,0.0,0.0
2024-01-23 00:00:00-05:00,12.421423606181056,12.493851661682129,12.421423606181056,12.493851661682129,96100,0.138,0.0
2024-01-24 00:00:00-05:00,12.53006618146196,12.62060082268814,12.48479842914359,12.602494239807129,100300,0.0,0.0
2024-01-25 00:00:00-05:00,12.665865869953569,12.720187333816273,12.65681214874139,12.68397331237793,84700,0.0,0.0
2024-01-26 00:00:00-05:00,12.711134611648044,12.801670104064817,12.629652841155036,12.783562660217285,108800,0.0,0.0
2024-01-29 00:00:00-05:00,12.819776505684825,12.837883949279785,12.72018815614384,12.837883949279785,90500,0.0,0.0
2024-01-30 00:00:00-05:00,12.747349773423036,12.910313328950856,12.738296050691375,12.846938133239746,89600,0.0,0.0
2024-01-31 00:00:00-05:00,12.88315128373741,12.919366172198734,12.72018860271377,12.729242324829102,135000,0.0,0.0
2024-02-01 00:00:00-05:00,12.729242395489644,12.819777026914124,12.68397464807217,12.810723304748535,124300,0.0,0.0
2024-02-02 00:00:00-05:00,12.810724074637719,12.9012595749136,12.77451004720947,12.865045547485352,80500,0.0,0.0
2024-02-05 00:00:00-05:00,12.78356358298261,12.819777609881294,12.720189251762541,12.801671028137207,45700,0.0,0.0
2024-02-06 00:00:00-05:00,12.76545590172081,12.874097973059273,12.76545590172081,12.837883949279785,50700,0.0,0.0
2024-02-07 00:00:00-05:00,12.874099883590615,12.991795694192755,12.874099883590615,12.955581665039062,55400,0.0,0.0
2024-02-08 00:00:00-05:00,12.901259119635482,12.991794616716419,12.8831516748551,12.973687171936035,46900,0.0,0.0
2024-02-09 00:00:00-05:00,12.973687664384238,13.00084796917526,12.919367054802196,12.96463394165039,27400,0.0,0.0
2024-02-12 00:00:00-05:00,12.955582184112183,13.100438306530698,12.955582184112183,13.046116828918457,45100,0.0,0.0
2024-02-13 00:00:00-05:00,12.901261329650879,12.991796842240754,12.81977954100212,12.901261329650879,85200,0.0,0.0
2024-02-14 00:00:00-05:00,12.901258363359725,13.037060737609863,12.865044339332327,13.037060737609863,58100,0.0,0.0
2024-02-15 00:00:00-05:00,13.03706151678849,13.254346537349674,12.99179463160663,13.209078788757324,83800,0.0,0.0
2024-02-16 00:00:00-05:00,13.14570353882337,13.254345609795823,13.14570353882337,13.190970420837402,31600,0.0,0.0
2024-02-20 00:00:00-05:00,13.190972174506802,13.281507677391941,13.109490394592285,13.109490394592285,65100,0.0,0.0
2024-02-21 00:00:00-05:00,13.1547562029788,13.218131391001625,13.100435599999713,13.127595901489258,84500,0.0,0.0
2024-02-22 00:00:00-05:00,13.227184579073533,13.317720070843604,13.209077998765782,13.290559768676758,39600,0.0,0.0
2024-02-23 00:00:00-05:00,13.326774015179511,13.435416089071001,13.308666571159037,13.335826873779297,61200,0.0,0.0
2024-02-26 00:00:00-05:00,13.471629888806461,13.489736469114211,13.272452324958568,13.290559768676758,102300,0.0,0.0
2024-02-27 00:00:00-05:00,13.290560140260643,13.299612998962402,13.20907836807156,13.299612998962402,71900,0.0,0.0
2024-02-28 00:00:00-05:00,13.245294595525362,13.408258167000959,13.227187148290026,13.34488296508789,50500,0.0,0.0
2024-02-29 00:00:00-05:00,13.408257516547348,13.417310376315243,13.353936040887158,13.39015007019043,79700,0.0,0.0
2024-03-01 00:00:00-05:00,13.399202226543972,13.435416251612585,13.362988201475359,13.417308807373047,71000,0.0,0.0
2024-03-04 00:00:00-05:00,13.37204138887186,13.435415714355097,13.326773643493652,13.326773643493652,82100,0.0,0.0
2024-03-05 00:00:00-05:00,13.28150591168633,13.308666213576835,13.163810118946897,13.190970420837402,136200,0.0,0.0
2024-03-06 00:00:00-05:00,13.272453800685577,13.32677527446956,13.218133190312129,13.263400077819824,126500,0.0,0.0
2024-03-07 00:00:00-05:00,13.344881856790531,13.344881856790531,13.227186049767347,13.263400077819824,60800,0.0,0.0
2024-03-08 00:00:00-05:00,13.28150783078168,13.335828442411682,13.272454107706494,13.30866813659668,76300,0.0,0.0
2024-03-11 00:00:00-04:00,13.245291874494962,13.33582650184095,13.245291874494962,13.326773643493652,34800,0.0,0.0
2024-03-12 00:00:00-04:00,13.317721858347568,13.498792002780496,13.290561552535266,13.426363945007324,101600,0.0,0.0
2024-03-13 00:00:00-04:00,13.417309117913808,13.498790892056682,13.39920253666566,13.462576866149902,53000,0.0,0.0
2024-03-14 00:00:00-04:00,13.525950718942017,13.525950718942017,13.290559990549015,13.335826873779297,76300,0.0,0.0
2024-03-15 00:00:00-04:00,13.272452504129067,13.362987997121314,13.227184757632942,13.236238479614258,69500,0.0,0.0
2024-03-18 00:00:00-04:00,13.30866588593866,13.4354153973247,13.272451863172707,13.281505584716797,59700,0.0,0.0
2024-03-19 00:00:00-04:00,13.272454107706494,13.32677558274705,13.272454107706494,13.30866813659668,75100,0.0,0.0
2024-03-20 00:00:00-04:00,13.317721521688398,13.40825702332149,13.317721521688398,13.399203300476074,83600,0.0,0.0
2024-03-21 00:00:00-04:00,13.408257362269309,13.516899448929065,13.408257362269309,13.426363945007324,68500,0.0,0.0
2024-03-22 00:00:00-04:00,13.435415581789634,13.489736184979167,13.435415581789634,13.480683326721191,35100,0.0,0.0
2024-03-25 00:00:00-04:00,13.453524405618513,13.471631851975431,13.39015007019043,13.39015007019043,75900,0.0,0.0
2024-03-26 00:00:00-04:00,13.408257484436035,13.444471513652578,13.408257484436035,13.408257484436035,56800,0.0,0.0
2024-03-27 00:00:00-04:00,13.498789639562737,13.535003662109375,13.462575617016098,13.535003662109375,160900,0.0,0.0
2024-03-28 00:00:00-04:00,13.51689911051004,13.652701499582049,13.51689911051004,13.634594917297363,62400,0.0,0.0
2024-04-01 00:00:00-04:00,13.661754105083563,13.661754105083563,13.553112030029297,13.553112030029297,61900,0.0,0.0
2024-04-02 00:00:00-04:00,13.498790892056682,13.507844614385998,13.453523143820588,13.462576866149902,66000,0.0,0.0
2024-04-03 00:00:00-04:00,13.399202196630885,13.507844271594188,13.399202196630885,13.435416221618652,82600,0.0,0.0
2024-04-04 00:00:00-04:00,13.4987920041228,13.562166338827987,13.299614413521494,13.30866813659668,70500,0.0,0.0
2024-04-05 00:00:00-04:00,13.33582859453024,13.399203793368889,13.29961456522697,13.39015007019043,115200,0.0,0.0
2024-04-08 00:00:00-04:00,13.381096314965706,13.46257809655557,13.381096314965706,13.408257484436035,68100,0.0,0.0
2024-04-09 00:00:00-04:00,13.43541782267216,13.444471545850618,13.33582859453024,13.39015007019043,78300,0.0,0.0
2024-04-10 00:00:00-04:00,13.209079467446376,13.317721551603807,13.209079467446376,13.263400077819824,52700,0.0,0.0
2024-04-11 00:00:00-04:00,13.272452696036197,13.362988190337502,13.218132090183783,13.299612998962402,50800,0.0,0.0
2024-04-12 00:00:00-04:00,13.236238587820429,13.236238587820429,13.100436210632324,13.100436210632324,124200,0.0,0.0
2024-04-15 00:00:00-04:00,13.163811524742432,13.245293302526017,12.955581082327065,12.96463394165039,53400,0.0,0.0
2024-04-16 00:00:00-04:00,12.937472522696778,12.955579966605077,12.874098195838622,12.883151054382324,48200,0.0,0.0
2024-04-17 00:00:00-04:00,12.910313297623292,12.928419879632157,12.846938102065966,12.865045547485352,58700,0.0,0.0
2024-04-18 00:00:00-04:00,12.874099609530484,12.991795417627149,12.865045886582154,12.892206192016602,36600,0.0,0.0
2024-04-19 00:00:00-04:00,12.855991221551937,13.037061350197082,12.855991221551937,13.00990104675293,37300,0.0,0.0
2024-04-22 00:00:00-04:00,13.117769631001947,13.227465158016937,13.072062943466728,13.172616958618164,78700,0.138,0.0
2024-04-23 00:00:00-04:00,13.126909924548492,13.236605448667655,13.126909924548492,13.209181785583496,86000,0.0,0.0
2024-04-24 00:00:00-04:00,13.163474707866259,13.181757730567112,13.108627383328715,13.15433406829834,72600,0.0,0.0
2024-04-25 00:00:00-04:00,13.035497665405273,13.072062840789728,12.971507954645565,13.035497665405273,57300,0.0,0.0
2024-04-26 00:00:00-04:00,13.072062625332938,13.12690995161434,13.02635593891008,13.053779602050781,84900,0.0,0.0
2024-04-29 00:00:00-04:00,13.053779602050781,13.081204136974016,13.017214427269002,13.053779602050781,74100,0.0,0.0
2024-04-30 00:00:00-04:00,13.126911676675311,13.20918354869163,13.008074625072032,13.026357650756836,124300,0.0,0.0
2024-05-01 00:00:00-04:00,12.989790159546805,13.136050851866539,12.971507137115593,13.017213821411133,49300,0.0,0.0
2024-05-02 00:00:00-04:00,13.117769527965935,13.117769527965935,12.980649466437317,13.035497665405273,60700,0.0,0.0
2024-05-03 00:00:00-04:00,13.126910425169408,13.136051937140268,13.035497920808506,13.108628273010254,77700,0.0,0.0
2024-05-06 00:00:00-04:00,13.172615395637266,13.172615395637266,13.099485052971131,13.1360502243042,87900,0.0,0.0
2024-05-07 00:00:00-04:00,13.20003782670279,13.245744504557488,13.181755678630333,13.218320846557617,65900,0.0,0.0
2024-05-08 00:00:00-04:00,13.218322605074167,13.309735972944859,13.172615921138823,13.28231143951416,118500,0.0,0.0
2024-05-09 00:00:00-04:00,13.254888123931066,13.300594809059744,13.227464461566862,13.245746612548828,84000,0.0,0.0
2024-05-10 00:00:00-04:00,13.218324176938822,13.291454531218719,13.218324176938822,13.273172378540039,53400,0.0,0.0
2024-05-13 00:00:00-04:00,13.300595354744539,13.382867216995033,13.236605644226074,13.236605644226074,69700,0.0,0.0
2024-05-14 00:00:00-04:00,13.291453297677506,13.291453297677506,13.172616265055948,13.245746612548828,112900,0.0,0.0
2024-05-15 00:00:00-04:00,13.282311094637134,13.328017777385698,13.264028944607185,13.318876266479492,105100,0.0,0.0
2024-05-16 00:00:00-04:00,13.300593444681994,13.410288954668726,13.273169785130916,13.34630012512207,95300,0.0,0.0
2024-05-17 00:00:00-04:00,13.39200749916656,13.401149010679609,13.36458383640994,13.382866859436035,61800,0.0,0.0
2024-05-20 00:00:00-04:00,13.34630079919811,13.428571782006571,13.318876266479492,13.318876266479492,73700,0.0,0.0
2024-05-21 00:00:00-04:00,13.273169785130916,13.382865295117648,13.273169785130916,13.34630012512207,63900,0.0,0.0
2024-05-22 00:00:00-04:00,13.37372508761184,13.419431772504902,13.30059474049594,13.309736251831055,90900,0.0,0.0
2024-05-23 00:00:00-04:00,13.364583247444848,13.364583247444848,13.181757384153483,13.190898895263672,87500,0.0,0.0
2024-05-24 00:00:00-04:00,13.181758317247441,13.282312331229965,13.181758317247441,13.236605644226074,45200,0.0,0.0
2024-05-28 00:00:00-04:00,13.264030489384606,13.29145415351462,13.08120460888024,13.108628273010254,81000,0.0,0.0
2024-05-29 00:00:00-04:00,13.099486225494601,13.099486225494601,12.98979070167665,13.008072853088379,100500,0.0,0.0
2024-05-30 00:00:00-04:00,12.980648648331199,13.062920505706673,12.980648648331199,13.017213821411133,85300,0.0,0.0
2024-05-31 00:00:00-04:00,13.081202357316467,13.300593376159668,13.072060846919063,13.300593376159668,43600,0.0,0.0
2024-06-03 00:00:00-04:00,13.25488935407877,13.300596043449353,13.218324176938822,13.273172378540039,58600,0.0,0.0
2024-06-04 00:00:00-04:00,13.282309672484773,13.300592692339599,13.126907490848222,13.218320846557617,70800,0.0,0.0
2024-06-05 00:00:00-04:00,13.200040817260742,13.218323841257712,13.117769824622084,13.200040817260742,69500,0.0,0.0
2024-06-06 00:00:00-04:00,13.17261727346659,13.291454315185547,13.17261727346659,13.291454315185547,28600,0.0,0.0
2024-06-07 00:00:00-04:00,13.282311700100832,13.382866581087884,13.282311700100832,13.35544204711914,71400,0.0,0.0
2024-06-10 00:00:00-04:00,13.30973733934965,13.337161003813234,13.264030650721965,13.291454315185547,59300,0.0,0.0
2024-06-11 00:00:00-04:00,13.218323492494045,13.254888667740648,13.145193142000839,13.236605644226074,54200,0.0,0.0
2024-06-12 00:00:00-04:00,13.355443373267981,13.392008550407928,13.236606329617501,13.273172378540039,42300,0.0,0.0
2024-06-13 00:00:00-04:00,13.245744504557488,13.245744504557488,13.154332020630463,13.218320846557617,36500,0.0,0.0
2024-06-14 00:00:00-04:00,13.163474707866259,13.227464415536735,13.136051045597487,13.15433406829834,26900,0.0,0.0
2024-06-17 00:00:00-04:00,13.181758317247441,13.273171691255223,13.117769478511521,13.236605644226074,34600,0.0,0.0
2024-06-18 00:00:00-04:00,13.23660470724965,13.273170751690406,13.172615873043293,13.190898895263672,73400,0.0,0.0
2024-06-20 00:00:00-04:00,13.181758880615234,13.218324057424576,13.154335215953873,13.181758880615234,85000,0.0,0.0
2024-06-21 00:00:00-04:00,13.172616610877109,13.218323297205727,13.136051436170721,13.209181785583496,67300,0.0,0.0
2024-06-24 00:00:00-04:00,13.181756356340664,13.300593376159668,13.163473335545856,13.300593376159668,67900,0.0,0.0
2024-06-25 00:00:00-04:00,13.236605227871499,13.337160110473633,13.21832307671453,13.337160110473633,56700,0.0,0.0
2024-06-26 00:00:00-04:00,13.245745872189104,13.264028893931666,13.172615528783782,13.227463722229004,49100,0.0,0.0
2024-06-27 00:00:00-04:00,13.245747155983361,13.273171691255223,13.200040468979472,13.236605644226074,63100,0.0,0.0
2024-06-28 00:00:00-04:00,13.264028206352467,13.39200586478646,13.254886695955063,13.300593376159668,28300,0.0,0.0
2024-07-01 00:00:00-04:00,13.346302732819936,13.355443373267981,13.25488935407877,13.273172378540039,40500,0.0,0.0
2024-07-02 00:00:00-04:00,13.264029635313303,13.291453297677506,13.218322950184625,13.245746612548828,57800,0.0,0.0
2024-07-03 00:00:00-04:00,13.209181093930601,13.309735972944859,13.200039582787035,13.28231143951416,41500,0.0,0.0
2024-07-05 00:00:00-04:00,13.282311094637134,13.355441438321852,13.25488743370098,13.318876266479492,28800,0.0,0.0
2024-07-08 00:00:00-04:00,13.373726085486819,13.428573414024902,13.364584573469616,13.40114974975586,41800,0.0,0.0
2024-07-09 00:00:00-04:00,13.419430930866746,13.483419762634288,13.346300588337428,13.446854591369629,38600,0.0,0.0
2024-07-10 00:00:00-04:00,13.410290974676727,13.51084498936553,13.373725799173293,13.483421325683594,46300,0.0,0.0
2024-07-11 00:00:00-04:00,13.501703310743945,13.602257317697898,13.483420288507325,13.59311580657959,59700,0.0,0.0
2024-07-12 00:00:00-04:00,13.629682372869292,13.821649767069532,13.629682372869292,13.803367614746094,43700,0.0,0.0
2024-07-15 00:00:00-04:00,13.775942384723574,13.977051280847412,13.775942384723574,13.876497268676758,65400,0.0,0.0
2024-07-16 00:00:00-04:00,13.94962766146748,14.068464697194827,13.903920975144263,13.967909812927246,164500,0.0,0.0
2024-07-17 00:00:00-04:00,13.903921576731133,14.07760594613519,13.903921576731133,14.004475593566895,67100,0.0,0.0
2024-07-18 00:00:00-04:00,14.068464150343125,14.141594496904627,13.913061945954311,13.97705078125,90600,0.0,0.0
2024-07-19 00:00:00-04:00,13.958769832516888,13.977051984840324,13.785084590640086,13.803367614746094,67300,0.0,0.0
2024-07-22 00:00:00-04:00,13.794224914846248,13.995333803781625,13.730236079550558,13.97705078125,131100,0.0,0.0
2024-07-23 00:00:00-04:00,13.90392167107529,14.013617200672064,13.87649800662174,13.894780158996582,79100,0.0,0.0
2024-07-24 00:00:00-04:00,13.856032540310474,13.88370745799229,13.791456559359876,13.828356742858887,85100,0.138,0.0
2024-07-25 00:00:00-04:00,13.809907090994267,13.929832907308498,13.773006907495255,13.828356742858887,82900,0.0,0.0
2024-07-26 00:00:00-04:00,13.865259327385909,13.994410431882256,13.865259327385909,13.929835319519043,36200,0.0,0.0
2024-07-29 00:00:00-04:00,13.939059257507324,14.00363524755732,13.865258880110096,13.939059257507324,36900,0.0,0.0
2024-07-30 00:00:00-04:00,13.994409563208393,14.169685234358635,13.994409563208393,14.151235580444336,77000,0.0,0.0
2024-07-31 00:00:00-04:00,14.298836041121051,14.298836041121051,14.151235293717816,14.225035667419434,122500,0.0,0.0
2024-08-01 00:00:00-04:00,14.225035662132438,14.252710582317794,14.003634541109873,14.068209648132324,70900,0.0,0.0
2024-08-02 00:00:00-04:00,13.929834405528156,13.929834405528156,13.60695710535749,13.726882934570312,108600,0.0,0.0
2024-08-05 00:00:00-04:00,13.357878872223106,13.40400432198408,13.210278136803812,13.219503402709961,133400,0.0,0.0
2024-08-06 00:00:00-04:00,13.284079758302553,13.570056869996103,13.284079758302553,13.459356307983398,116600,0.0,0.0
2024-08-07 00:00:00-04:00,13.560830695449573,13.773007418264756,13.560830695449573,13.570055961608887,122600,0.0,0.0
2024-08-08 00:00:00-04:00,13.689983078174663,13.76378345489502,13.653082889814483,13.76378345489502,85500,0.0,0.0
2024-08-09 00:00:00-04:00,13.773009629764216,13.837584743708474,13.763784362123625,13.80990982055664,37500,0.0,0.0
2024-08-12 00:00:00-04:00,13.800682727476902,13.85603344622918,13.699207436162524,13.717657089233398,123300,0.0,0.0
2024-08-13 00:00:00-04:00,13.773006907495255,13.874482192175096,13.745331110043667,13.828356742858887,38900,0.0,0.0
2024-08-14 00:00:00-04:00,13.865257186793013,13.96673335314868,13.83758226859137,13.957508087158203,40600,0.0,0.0
2024-08-15 00:00:00-04:00,14.040535102444004,14.114335478086637,14.040535102444004,14.058984756469727,55900,0.0,0.0
2024-08-16 00:00:00-04:00,14.105109459243087,14.132784378691252,14.04975874057693,14.077434539794922,45100,0.0,0.0
2024-08-19 00:00:00-04:00,14.123561447858876,14.252711671775849,14.114336180501972,14.243486404418945,92900,0.0,0.0
2024-08-20 00:00:00-04:00,14.206584930419922,14.243485116741669,14.178910010621072,14.206584930419922,32100,0.0,0.0
2024-08-21 00:00:00-04:00,14.22503604265535,14.261936230479533,14.188135854831168,14.215810775756836,47100,0.0,0.0
2024-08-22 00:00:00-04:00,14.261935142581397,14.289610061396028,14.197360038757324,14.197360038757324,52500,0.0,0.0
2024-08-23 00:00:00-04:00,14.252710098149786,14.34496100199366,14.252710098149786,14.28038501739502,47500,0.0,0.0
2024-08-26 00:00:00-04:00,14.372636665581119,14.41876211989184,14.335736478086515,14.35418701171875,61800,0.0,0.0
2024-08-27 00:00:00-04:00,14.308061069487064,14.437211281429077,14.308061069487064,14.409536361694336,94100,0.0,0.0
2024-08-28 00:00:00-04:00,14.381861441959595,14.511011653901608,14.354186522224854,14.409536361694336,91300,0.0,0.0
2024-08-29 00:00:00-04:00,14.437210866634812,14.566361954636033,14.418761213931672,14.464886665344238,119500,0.0,0.0
2024-08-30 00:00:00-04:00,14.575589262145893,14.640164375305176,14.520238536745127,14.640164375305176,133500,0.0,0.0
2024-09-03 00:00:00-04:00,14.640163668121662,14.686289123765919,14.56636329099881,14.612488746643066,78600,0.0,0.0
2024-09-04 00:00:00-04:00,14.621715575446084,14.769316345456772,14.584815382943413,14.732416152954102,107100,0.0,0.0
2024-09-05 00:00:00-04:00,14.760088958838438,14.760088958838438,14.529462568856587,14.557137489318848,81100,0.0,0.0
2024-09-06 00:00:00-04:00,14.51101282305669,14.547913892035918,14.271162033081055,14.271162033081055,67300,0.0,0.0
2024-09-09 00:00:00-04:00,14.344961874116175,14.474112091625688,14.344961874116175,14.372636795043945,49400,0.0,0.0
2024-09-10 00:00:00-04:00,14.39108728462672,14.455662393183074,14.123560703760562,14.26193618774414,112400,0.0,0.0
2024-09-11 00:00:00-04:00,14.178910833710617,14.225036289232854,13.975959357274705,14.188136100769043,110200,0.0,0.0
2024-09-12 00:00:00-04:00,14.261935313609992,14.261935313609992,14.123559838107642,14.169684410095215,100300,0.0,0.0
2024-09-13 00:00:00-04:00,14.169684240172888,14.261935142581397,14.160459853747883,14.197360038757324,109000,0.0,0.0
2024-09-16 00:00:00-04:00,14.169685236389961,14.326511253648388,14.169685236389961,14.308061599731445,72600,0.0,0.0
2024-09-17 00:00:00-04:00,14.326510722720277,14.520236920403134,14.326510722720277,14.409536361694336,102900,0.0,0.0
2024-09-18 00:00:00-04:00,14.4648883703411,14.529463482068365,14.326511999792787,14.44643783569336,68100,0.0,0.0
2024-09-19 00:00:00-04:00,14.621714389620452,14.649389311810516,14.529463475960357,14.603263854980469,42200,0.0,0.0
2024-09-20 00:00:00-04:00,14.575589022875004,14.594038677859102,14.464888453660652,14.51101303100586,21100,0.0,0.0
2024-09-23 00:00:00-04:00,14.52023796674278,14.594038344533425,14.464888123284746,14.474112510681152,48000,0.0,0.0
2024-09-24 00:00:00-04:00,14.547913014365996,14.547913014365996,14.474111760629848,14.492562294006348,84500,0.0,0.0
2024-09-25 00:00:00-04:00,14.4648883703411,14.538688749392236,14.44643783569336,14.44643783569336,41700,0.0,0.0
2024-09-26 00:00:00-04:00,14.511013480910664,14.511013480910664,14.446438366809328,14.501789093017578,52400,0.0,0.0
2024-09-27 00:00:00-04:00,14.538687835600628,14.640163130475493,14.520237302112546,14.557137489318848,62300,0.0,0.0
2024-09-30 00:00:00-04:00,14.557137692572663,14.584813493191207,14.511012237978296,14.57558822631836,70000,0.0,0.0
2024-10-01 00:00:00-04:00,14.529462480989496,14.59403758826754,14.483337027318099,14.492562294006348,114600,0.0,0.0
2024-10-02 00:00:00-04:00,14.501788891087216,14.538689081455583,14.46488870071885,14.483338356018066,65500,0.0,0.0
2024-10-03 00:00:00-04:00,14.437212280963314,14.455662815243755,14.335736981730584,14.363411903381348,84600,0.0,0.0
2024-10-04 00:00:00-04:00,14.427987186728304,14.501787560694599,14.427987186728304,14.492562294006348,70400,0.0,0.0
2024-10-07 00:00:00-04:00,14.529463981250274,14.557138904402786,14.372637950436136,14.391088485717773,58800,0.0,0.0
2024-10-08 00:00:00-04:00,14.446437170697918,14.464887704496347,14.372636795043945,14.372636795043945,114100,0.0,0.0
2024-10-09 00:00:00-04:00,14.344962780389102,14.511013196216181,14.344962780389102,14.418763160705566,139300,0.0,0.0
2024-10-10 00:00:00-04:00,14.43721261334658,14.4556631480518,14.38186276877075,14.400312423706055,55200,0.0,0.0
2024-10-11 00:00:00-04:00,14.464888119863534,14.658614331460631,14.464888119863534,14.630938529968262,57100,0.0,0.0
2024-10-14 00:00:00-04:00,14.667838966680586,14.667838966680586,14.575588932790405,14.603263854980469,145400,0.0,0.0
2024-10-15 00:00:00-04:00,14.640163797132384,14.695514520347226,14.621714142574037,14.630938529968262,119900,0.0,0.0
2024-10-16 00:00:00-04:00,14.612488586436141,14.732414417888418,14.612488586436141,14.70473861694336,112400,0.0,0.0
2024-10-17 00:00:00-04:00,14.750863109021052,14.815438214137085,14.74163784264167,14.796989440917969,46900,0.0,0.0
2024-10-18 00:00:00-04:00,14.806214332580566,14.824664867065009,14.750864488667055,14.806214332580566,26900,0.0,0.0
2024-10-21 00:00:00-04:00,14.833889758259874,14.833889758259874,14.7600893817328,14.815439224243164,67300,0.0,0.0
2024-10-22 00:00:00-04:00,14.806213290203308,14.806213290203308,14.723188530178094,14.74163818359375,85100,0.0,0.0
2024-10-23 00:00:00-04:00,14.787765766596669,14.83389034391973,14.658614662690308,14.667839050292969,83300,0.0,0.0
2024-10-24 00:00:00-04:00,14.647366049071813,14.777647898211791,14.591531604777888,14.600836753845215,54700,0.138,0.0
2024-10-25 00:00:00-04:00,14.62875566193824,14.675284959704522,14.52639102935791,14.52639102935791,60000,0.0,0.0
2024-10-28 00:00:00-04:00,14.628756373409718,14.68459082346674,14.600838260908624,14.6380615234375,84400,0.0,0.0
2024-10-29 00:00:00-04:00,14.591532401219721,14.61014358784271,14.507779842734921,14.52639102935791,138000,0.0,0.0
2024-10-30 00:00:00-04:00,14.58222556823807,14.647366049071813,14.517085087404327,14.600836753845215,73400,0.0,0.0
2024-10-31 00:00:00-04:00,14.647366041259374,14.647366041259374,14.424026489257812,14.424026489257812,114200,0.0,0.0
2024-11-01 00:00:00-04:00,14.451943315221715,14.563613088161315,14.424026093854932,14.461249351501465,135300,0.0,0.0
2024-11-04 00:00:00-05:00,14.42402624750617,14.470555541928103,14.265827178955078,14.265827178955078,120000,0.0,0.0
2024-11-05 00:00:00-05:00,14.247216625035037,14.489167369300684,14.247216625035037,14.38680362701416,47300,0.0,0.0
2024-11-06 00:00:00-05:00,14.684589550317465,14.963764438815955,14.665978364402903,14.935846328735352,164000,0.0,0.0
2024-11-07 00:00:00-05:00,14.97307006219616,15.01959846943446,14.945151952886203,14.982376098632812,105500,0.0,0.0
2024-11-08 00:00:00-05:00,14.954457691483976,15.14057486662032,14.954457691483976,15.09404468536377,98500,0.0,0.0
2024-11-11 00:00:00-05:00,14.973069438906807,15.317383898005236,14.973069438906807,15.224327087402344,70900,0.0,0.0
2024-11-12 00:00:00-05:00,15.21502129786395,15.26154970391924,15.159186855608619,15.196409225463867,102700,0.0,0.0
2024-11-13 00:00:00-05:00,15.19640930918325,15.23363345418849,15.09404468536377,15.09404468536377,117400,0.0,0.0
2024-11-14 00:00:00-05:00,15.066129460788755,15.21502250188201,15.066129460788755,15.168492317199707,81900,0.0,0.0
2024-11-15 00:00:00-05:00,15.16849120042932,15.252243751746182,15.075434387806077,15.09404468536377,121300,0.0,0.0
2024-11-18 00:00:00-05:00,15.056822232353081,15.26154970391924,15.056822232353081,15.196409225463867,48200,0.0,0.0
2024-11-19 00:00:00-05:00,15.168490869951166,15.168490869951166,14.99168150986323,15.038209915161133,153200,0.0,0.0
2024-11-20 00:00:00-05:00,15.028904423209223,15.094044902962542,14.954457907070434,14.991682052612305,85000,0.0,0.0
2024-11-21 00:00:00-05:00,15.056821659387275,15.159186278747473,15.000987219256643,15.075433731079102,129400,0.0,0.0
2024-11-22 00:00:00-05:00,15.066128268553122,15.26154970391924,15.066128268553122,15.196409225463867,150000,0.0,0.0
2024-11-25 00:00:00-05:00,15.280161315501717,15.410442268483463,15.280161315501717,15.326689720153809,94100,0.0,0.0
2024-11-26 00:00:00-05:00,15.326690424321846,15.484889492330048,15.326690424321846,15.447667121887207,194400,0.0,0.0
2024-11-27 00:00:00-05:00,15.494194738756983,15.587253322537222,15.484888702884474,15.522112846374512,98400,0.0,0.0
2024-11-29 00:00:00-05:00,15.568641662597656,15.605865807072307,15.54072532918657,15.568641662597656,82400,0.0,0.0
2024-12-02 00:00:00-05:00,15.61517184319097,15.61517184319097,15.47558307635593,15.568641662597656,139200,0.0,0.0
2024-12-03 00:00:00-05:00,15.661699834572442,15.661699834572442,15.46627840608431,15.522112846374512,128900,0.0,0.0
2024-12-04 00:00:00-05:00,15.550029261136702,15.559335297058338,15.419748308123522,15.51280689239502,148300,0.0,0.0
2024-12-05 00:00:00-05:00,15.512806810502003,15.53141888224702,15.438360298466783,15.522112846374512,111600,0.0,0.0
2024-12-06 00:00:00-05:00,15.484888784630112,15.559335297058338,15.475582748708476,15.51280689239502,49600,0.0,0.0
2024-12-09 00:00:00-05:00,15.540726286996872,15.540726286996872,15.410443548250873,15.475584030151367,44800,0.0,0.0
2024-12-10 00:00:00-05:00,15.503499314398564,15.503499314398564,15.363912339347937,15.391830444335938,92200,0.0,0.0
2024-12-11 00:00:00-05:00,15.484891571912016,15.484891571912016,15.373222670641695,15.429057121276855,78800,0.0,0.0
2024-12-12 00:00:00-05:00,15.438359713256096,15.438359713256096,15.29877273034939,15.30807876586914,156900,0.0,0.0
2024-12-13 00:00:00-05:00,15.308081254590137,15.34530362777581,15.242938995361328,15.242938995361328,51500,0.0,0.0
2024-12-16 00:00:00-05:00,15.233633452736488,15.280161859043675,15.168491198983528,15.187103271484375,67900,0.0,0.0
2024-12-17 00:00:00-05:00,15.112657138256683,15.121963174742229,15.05682269428838,15.066128730773926,54000,0.0,0.0
2024-12-18 00:00:00-05:00,15.028903776505913,15.121962361411265,14.684588432312012,14.684588432312012,73900,0.0,0.0
2024-12-19 00:00:00-05:00,14.8148716369977,14.880012119942423,14.638060486901281,14.647366523742676,87500,0.0,0.0
2024-12-20 00:00:00-05:00,14.56361333693701,14.973070065515685,14.56361333693701,14.889317512512207,45000,0.0,0.0
2024-12-23 00:00:00-05:00,14.78695338261848,14.889317118316823,14.712506868024692,14.833481788635254,120600,0.0,0.0
2024-12-24 00:00:00-05:00,14.861400455483793,14.880011641095145,14.749730679398214,14.870705604553223,229700,0.0,0.0
2024-12-26 00:00:00-05:00,14.842788132862253,15.019598386823755,14.768341616723466,14.991682052612305,59600,0.0,0.0
2024-12-27 00:00:00-05:00,14.917235621828354,14.954457992638254,14.833482181352394,14.889317512512207,61700,0.0,0.0
2024-12-30 00:00:00-05:00,14.78695338261848,14.870705045932148,14.703200831832355,14.833481788635254,62300,0.0,0.0
2024-12-31 00:00:00-05:00,14.889316395315971,14.954456870554306,14.842787104086126,14.907928466796875,45200,0.0,0.0
2025-01-02 00:00:00-05:00,14.917235226893837,15.000987777679962,14.833481788635254,14.833481788635254,64500,0.0,0.0
2025-01-03 00:00:00-05:00,14.880011476073491,14.954457992638254,14.82417703238616,14.889317512512207,88400,0.0,0.0
2025-01-06 00:00:00-05:00,14.88001114726479,15.103350692023868,14.88001114726479,14.926541328430176,63200,0.0,0.0
2025-01-07 00:00:00-05:00,14.926541097836287,14.97306950333795,14.842787660504927,14.852093696594238,54900,0.0,0.0
2025-01-08 00:00:00-05:00,14.84278838239995,14.898623714178985,14.8241771967886,14.870705604553223,65000,0.0,0.0
2025-01-10 00:00:00-05:00,14.824177189067385,14.870705596807772,14.507779046586794,14.69389533996582,136200,0.0,0.0
2025-01-13 00:00:00-05:00,14.58222587602054,14.749730987382778,14.58222587602054,14.66597843170166,91700,0.0,0.0
2025-01-14 00:00:00-05:00,14.712506459883551,14.805564156808034,14.675283203619271,14.78695297241211,89200,0.0,0.0
2025-01-15 00:00:00-05:00,14.89862181825473,15.08473720057409,14.89862181825473,15.0568208694458,63500,0.0,0.0
2025-01-16 00:00:00-05:00,15.047516033451785,15.168490952854448,15.047516033451785,15.121962547302246,56400,0.0,0.0
2025-01-17 00:00:00-05:00,15.224327576778842,15.373220608463408,15.224327576778842,15.354608535766602,27500,0.0,0.0
2025-01-21 00:00:00-05:00,15.391834032852737,15.522115003281614,15.391834032852737,15.494196891784668,45000,0.0,0.0
2025-01-22 00:00:00-05:00,15.540726286996872,15.540726286996872,15.429055621635303,15.475584030151367,78100,0.0,0.0
2025-01-23 00:00:00-05:00,15.391832514808511,15.494195363644744,15.354608369817209,15.466279029846191,73900,0.0,0.0
2025-01-24 00:00:00-05:00,15.44278094533134,15.621365033733543,15.386386630530676,15.527373313903809,42700,0.165,0.0
2025-01-27 00:00:00-05:00,15.489776993897198,15.602567424142174,15.395785267483562,15.564970016479492,74000,0.0,0.0
2025-01-28 00:00:00-05:00,15.546171263530022,15.621364277203686,15.536771912727957,15.57436752319336,91000,0.0,0.0
2025-01-29 00:00:00-05:00,15.55556882158923,15.630761835262893,15.517973211123827,15.57436752319336,62100,0.0,0.0
2025-01-30 00:00:00-05:00,15.602568503410502,15.602568503410502,15.508576770495226,15.583769798278809,115100,0.0,0.0
2025-01-31 00:00:00-05:00,15.687160883759933,15.71535714871428,15.555571740581268,15.583769798278809,120400,0.0,0.0
2025-02-03 00:00:00-05:00,15.339389563078154,15.517973647857701,15.226600935764791,15.480376243591309,71700,0.0,0.0
2025-02-04 00:00:00-05:00,15.405183165073433,15.564968547069158,15.405183165073433,15.470976829528809,50600,0.0,0.0
2025-02-05 00:00:00-05:00,15.508575059046274,15.658961098017587,15.508575059046274,15.611966133117676,32100,0.0,0.0
2025-02-06 00:00:00-05:00,15.705953108460497,15.828142862603867,15.705953108460497,15.790545463562012,36900,0.0,0.0
2025-02-07 00:00:00-05:00,15.875142604203571,15.884541956797456,15.724756548187797,15.771753311157227,37300,0.0,0.0
2025-02-10 00:00:00-05:00,15.77174980202103,15.77174980202103,15.60256507846025,15.65895938873291,58300,0.0,0.0
2025-02-11 00:00:00-05:00,15.658958152400837,15.809344163082939,15.59316449682025,15.790545463562012,43400,0.0,0.0
2025-02-12 00:00:00-05:00,15.715354856566007,15.734153558955835,15.611965578907824,15.705955505371094,32700,0.0,0.0
2025-02-13 00:00:00-05:00,15.715356623850447,15.856345114886205,15.715356623850447,15.846945762634277,75700,0.0,0.0
2025-02-14 00:00:00-05:00,15.912736575199244,15.969130885830289,15.837543563443578,15.865739822387695,36900,0.0,0.0
2025-02-18 00:00:00-05:00,15.856342643994964,15.978530618743202,15.856342643994964,15.922136306762695,56600,0.0,0.0
2025-02-19 00:00:00-05:00,15.959732118820574,15.969131469726562,15.903337806127524,15.969131469726562,48700,0.0,0.0
2025-02-20 00:00:00-05:00,15.940934425672468,15.940934425672468,15.715355367883857,15.799947738647461,41700,0.0,0.0
2025-02-21 00:00:00-05:00,15.828144112293693,15.828144112293693,15.621363779465403,15.65895938873291,58800,0.0,0.0
2025-02-24 00:00:00-05:00,15.715352458220961,15.903335867944918,15.687156201682228,15.790545463562012,131700,0.0,0.0
2025-02-25 00:00:00-05:00,15.790547622977206,15.903338042784615,15.69655769800442,15.828145027160645,55500,0.0,0.0
2025-02-26 00:00:00-05:00,15.809346702183785,15.865741017061262,15.696558072428829,15.724754333496094,69500,0.0,0.0
2025-02-27 00:00:00-05:00,15.705955505371094,15.86574089019876,15.677759244529286,15.705955505371094,107500,0.0,0.0
2025-02-28 00:00:00-05:00,15.705954761689162,15.950332502956753,15.705954761689162,15.912736892700195,62200,0.0,0.0
2025-03-03 00:00:00-05:00,15.9785328587868,16.07252458709299,15.752953786497805,15.809348106384277,103600,0.0,0.0
2025-03-04 00:00:00-05:00,15.734154692727897,15.734154692727897,15.414583900044928,15.536773681640625,125200,0.0,0.0
2025-03-05 00:00:00-05:00,15.536773369745744,15.56496963205329,15.367588624928368,15.489776611328125,153700,0.0,0.0
2025-03-06 00:00:00-05:00,15.358189333456203,15.442781706196532,15.311194367597366,15.320591926574707,90200,0.0,0.0
2025-03-07 00:00:00-05:00,15.329990575282395,15.433381646722097,15.245398206421356,15.35818862915039,132000,0.0,0.0
2025-03-10 00:00:00-04:00,15.226601160647396,15.358188492037375,15.076215126846582,15.160805702209473,127600,0.0,0.0
2025-03-11 00:00:00-04:00,15.217202379797424,15.217202379797424,15.001021775827494,15.085613250732422,111000,0.0,0.0
2025-03-12 00:00:00-04:00,15.151408069689557,15.170204979265582,15.038617648518779,15.132609367370605,56700,0.0,0.0
2025-03-13 00:00:00-04:00,15.104411125183105,15.198402842860634,15.04801681167375,15.104411125183105,69500,0.0,0.0
2025-03-14 00:00:00-04:00,15.217204598335648,15.376990012626138,15.113813508870255,15.32999324798584,36800,0.0,0.0
2025-03-17 00:00:00-04:00,15.320592244901269,15.574369368395162,15.320592244901269,15.564970016479492,41600,0.0,0.0
2025-03-18 00:00:00-04:00,15.61196785597635,15.63076476836485,15.508576770495226,15.583769798278809,63800,0.0,0.0
2025-03-19 00:00:00-04:00,15.555570477944586,15.75295328031954,15.546172918884729,15.71535587310791,82100,0.0,0.0
2025-03-20 00:00:00-04:00,15.61196570374114,15.809346702183785,15.61196570374114,15.724754333496094,50800,0.0,0.0
2025-03-21 00:00:00-04:00,15.517975367754346,15.658962063893416,15.517975367754346,15.63076400756836,61200,0.0,0.0
2025-03-24 00:00:00-04:00,15.68716086938007,15.799949514580458,15.677761516822839,15.762353897094727,58500,0.0,0.0
2025-03-25 00:00:00-04:00,15.781150064674252,15.875139989647037,15.762351362582532,15.828145027160645,70200,0.0,0.0
2025-03-26 00:00:00-04:00,16.251107658610973,16.410891256008934,16.072523565455086,16.157115936279297,829700,0.0,0.0
2025-03-27 00:00:00-04:00,16.345096132209783,16.345096132209783,16.166513847704653,16.2605037689209,479400,0.0,0.0
2025-03-28 00:00:00-04:00,16.32630061468086,16.345097524879986,16.02552674583607,16.147716522216797,338500,0.0,0.0
2025-03-31 00:00:00-04:00,16.072521933149446,16.251106008168552,15.997328921469212,16.21350860595703,309700,0.0,0.0
2025-04-01 00:00:00-04:00,16.194711934507122,16.260505603880286,16.072523947491685,16.232309341430664,151100,0.0,0.0
2025-04-02 00:00:00-04:00,16.241709013764062,16.363897003191425,16.194712254181944,16.29810333251953,175600,0.0,0.0
2025-04-03 00:00:00-04:00,15.97853131179479,16.034925626221337,15.705955505371094,15.705955505371094,599200,0.0,0.0
2025-04-04 00:00:00-04:00,15.358188852748626,15.414583168562705,14.728446649138627,14.850635528564453,556200,0.0,0.0
2025-04-07 00:00:00-04:00,14.5874605178833,14.766043719913384,14.098704981596297,14.5874605178833,402600,0.0,0.0
2025-04-08 00:00:00-04:00,15.038619303683765,15.33939140291854,14.596859610654016,14.719048500061035,520100,0.0,0.0
2025-04-09 00:00:00-04:00,14.8412379630328,15.771753249651958,14.521667147059716,15.762353897094727,344900,0.0,0.0
2025-04-10 00:00:00-04:00,15.724752752317427,15.724752752317427,14.991620458028907,15.423980712890625,146100,0.0,0.0
2025-04-11 00:00:00-04:00,15.36758792801614,15.705955609563068,15.048017156240805,15.527373313903809,152600,0.0,0.0
2025-04-14 00:00:00-04:00,15.71535713430857,15.875142542295114,15.602568489108183,15.762353897094727,110700,0.0,0.0
2025-04-15 00:00:00-04:00,15.743555191980263,15.884541894852344,15.734155839423034,15.762353897094727,100400,0.0,0.0
2025-04-16 00:00:00-04:00,15.715353401992493,15.73415210264236,15.329989002384059,15.423980712890625,112900,0.0,0.0
2025-04-17 00:00:00-04:00,15.376987279273408,15.640161943505136,15.376987279273408,15.527373313903809,77400,0.0,0.0
2025-04-21 00:00:00-04:00,15.301794493775652,15.414583125085693,15.05741673561327,15.207802772521973,213100,0.0,0.0
2025-04-22 00:00:00-04:00,15.367589188222961,15.621366314751155,15.367589188222961,15.593168258666992,100800,0.0,0.0
2025-04-23 00:00:00-04:00,15.854239584513053,16.139045546323793,15.835252037525098,15.892212867736816,200600,0.165,0.0
2025-04-24 00:00:00-04:00,15.911201138592679,16.11056495877967,15.778291925134683,16.053604125976562,111000,0.0,0.0
2025-04-25 00:00:00-04:00,16.101071400556684,16.120058948662834,15.920695125805004,16.09157943725586,89500,0.0,0.0
2025-04-28 00:00:00-04:00,16.214995330714363,16.252970427985876,15.996643953660065,16.205501556396484,124300,0.0,0.0
2025-04-29 00:00:00-04:00,16.186514231128015,16.281450164864573,16.101072071840346,16.262462615966797,145400,0.0,0.0
2025-04-30 00:00:00-04:00,16.357397644672584,16.357397644672584,15.911201134776181,16.271955490112305,182800,0.0,0.0
2025-05-01 00:00:00-04:00,16.31942502462231,16.48081556639469,16.252970415201734,16.423852920532227,152100,0.0,0.0
2025-05-02 00:00:00-04:00,16.566256804790992,16.699166016253933,16.518787935874084,16.63271141052246,227000,0.0,0.0
2025-05-05 00:00:00-04:00,16.347902175046375,16.442838093682944,16.072590002827564,16.30992889404297,248700,0.0,0.0
2025-05-06 00:00:00-04:00,16.186513216911507,16.290942918553586,16.072591552167616,16.23398208618164,137900,0.0,0.0
2025-05-07 00:00:00-04:00,16.233982205170083,16.328918133653975,16.158033824533412,16.271955490112305,71000,0.0,0.0
2025-05-08 00:00:00-04:00,16.44284237047011,16.499803212166764,16.309933136260412,16.404869079589844,203600,0.0,0.0
2025-05-09 00:00:00-04:00,16.338410974923804,16.509295293228448,16.338410974923804,16.461828231811523,144100,0.0,0.0
2025-05-12 00:00:00-04:00,16.727648468072157,16.756127980594773,16.49030953970466,16.680179595947266,292100,0.0,0.0
2025-05-13 00:00:00-04:00,16.632713187869058,16.860558350760805,16.40486802497731,16.832077026367188,233000,0.0,0.0
2025-05-14 00:00:00-04:00,16.917517840904914,16.917517840904914,16.594736766504184,16.746633529663086,243400,0.0,0.0
2025-05-15 00:00:00-04:00,16.689671134881824,16.917516258305728,16.689671134881824,16.822580337524414,206100,0.0,0.0
2025-05-16 00:00:00-04:00,16.917519727555806,16.983974342504847,16.803598047858145,16.946001052856445,119700,0.0,0.0
2025-05-19 00:00:00-04:00,16.95549482795666,16.964988603056874,16.85106511260676,16.946001052856445,96100,0.0,0.0
2025-05-20 00:00:00-04:00,16.860558350760805,16.90802541399777,16.756128638736605,16.832077026367188,121800,0.0,0.0
2025-05-21 00:00:00-04:00,16.689670997934574,16.756125598710575,16.49979915792994,16.566255569458008,111200,0.0,0.0
2025-05-22 00:00:00-04:00,16.53777684050669,16.585243902566475,16.461828454759623,16.518789291381836,77400,0.0,0.0
2025-05-23 00:00:00-04:00,16.338410081900104,16.52828193869444,16.32891811873739,16.47132110595703,77500,0.0,0.0
2025-05-27 00:00:00-04:00,16.604233213987566,16.71815671007565,16.51879104460964,16.699169158935547,91500,0.0,0.0
2025-05-28 00:00:00-04:00,16.670686972095126,16.699168297335778,16.49031067782834,16.509296417236328,202900,0.0,0.0
2025-05-29 00:00:00-04:00,16.69916489409071,16.69916489409071,16.509293052686633,16.604228973388672,70700,0.0,0.0
2025-05-30 00:00:00-04:00,16.632713748295583,16.746635428203763,16.50929648251719,16.727649688720703,76400,0.0,0.0
2025-06-02 00:00:00-04:00,16.77511542192485,16.81308870862905,16.566257818170957,16.661191940307617,88400,0.0,0.0
2025-06-03 00:00:00-04:00,16.61372588292811,16.708661821552468,16.499802394428396,16.670686721801758,71800,0.0,0.0
2025-06-04 00:00:00-04:00,16.68017813048976,16.68017813048976,16.54726892172161,16.5567626953125,79000,0.0,0.0
2025-06-05 00:00:00-04:00,16.556764057885978,16.556764057885978,16.37638596631878,16.442840576171875,99100,0.0,0.0
2025-06-06 00:00:00-04:00,16.537775148130716,16.58524220533301,16.518787600948933,16.5567626953125,101600,0.0,0.0
2025-06-09 00:00:00-04:00,16.61372588292811,16.670686721801758,16.48081665530546,16.670686721801758,102600,0.0,0.0
2025-06-10 00:00:00-04:00,16.718154252790175,16.718154252790175,16.53777616497679,16.585243225097656,87000,0.0,0.0
2025-06-11 00:00:00-04:00,16.575748997516914,16.60423031926173,16.46182733204209,16.47132110595703,149900,0.0,0.0
2025-06-12 00:00:00-04:00,16.39537440396151,16.49980230621281,16.366893079300752,16.41436195373535,140000,0.0,0.0
2025-06-13 00:00:00-04:00,16.35739775290472,16.42385236005749,16.252969860558473,16.290943145751953,94200,0.0,0.0
2025-06-16 00:00:00-04:00,16.433346694842637,16.518788852884033,16.404867182663704,16.423852920532227,81900,0.0,0.0
2025-06-17 00:00:00-04:00,16.423853149835022,16.471322022049815,16.214995544346905,16.24347686767578,64100,0.0,0.0
2025-06-18 00:00:00-04:00,16.233984099107516,16.338412002945876,16.233984099107516,16.252971649169922,94600,0.0,0.0
2025-06-20 00:00:00-04:00,16.328919144162096,16.36689243145428,16.271956497095317,16.281450271606445,35000,0.0,0.0
2025-06-23 00:00:00-04:00,16.252970415201734,16.452334243463458,16.23398286658091,16.423852920532227,91000,0.0,0.0
2025-06-24 00:00:00-04:00,16.56625902871793,16.718155808138924,16.46182931383383,16.708662033081055,78300,0.0,0.0
2025-06-25 00:00:00-04:00,16.746634206169794,16.746634206169794,16.623218760149715,16.680179595947266,127600,0.0,0.0
2025-06-26 00:00:00-04:00,16.689673836481223,16.756128448559693,16.5662583870144,16.57575035095215,302000,0.0,0.0
2025-06-27 00:00:00-04:00,16.613724879239285,16.75612787319659,16.613724879239285,16.661191940307617,84700,0.0,0.0
2025-06-30 00:00:00-04:00,16.746633744289838,16.784608840942383,16.689672910063297,16.784608840942383,101700,0.0,0.0
2025-07-01 00:00:00-04:00,16.813088226430164,16.96498680114746,16.737139844447647,16.96498680114746,105000,0.0,0.0
2025-07-02 00:00:00-04:00,16.96498534409272,16.96498534409272,16.77511350006763,16.86055564880371,102500,0.0,0.0
2025-07-03 00:00:00-04:00,16.860555987030512,16.96498568441441,16.81308711969595,16.936504364013672,57500,0.0,0.0
2025-07-07 00:00:00-04:00,16.964989442639382,16.964989442639382,16.66119405665534,16.699169158935547,116700,0.0,0.0
2025-07-08 00:00:00-04:00,16.689674271677113,16.718155596490146,16.604232107990434,16.670686721801758,137400,0.0,0.0
2025-07-09 00:00:00-04:00,16.78460761551898,16.78460761551898,16.661190371161027,16.737138748168945,89600,0.0,0.0
2025-07-10 00:00:00-04:00,16.756127518452974,16.841569675168923,16.670685361737025,16.784608840942383,82400,0.0,0.0
2025-07-11 00:00:00-04:00,16.718155913602946,16.727649688720703,16.623219973177825,16.727649688720703,61500,0.0,0.0
2025-07-14 00:00:00-04:00,16.68967190786302,16.775114059448242,16.66119058708389,16.775114059448242,66600,0.0,0.0
2025-07-15 00:00:00-04:00,16.832076608932528,16.927012543804448,16.518789291381836,16.518789291381836,123700,0.0,0.0
2025-07-16 00:00:00-04:00,16.54726993915142,16.594736999272286,16.45233400815741,16.585243225097656,129000,0.0,0.0
2025-07-17 00:00:00-04:00,16.528283928486463,16.74663532256008,16.528283928486463,16.708662033081055,66000,0.0,0.0
2025-07-18 00:00:00-04:00,16.81308993721271,16.82258371227058,16.680180707907454,16.708662033081055,48500,0.0,0.0
2025-07-21 00:00:00-04:00,16.756128311157227,16.8415704719153,16.727648798072774,16.756128311157227,76000,0.0,0.0
2025-07-22 00:00:00-04:00,16.746632180238237,16.917516477710397,16.73713840696177,16.86055564880371,143100,0.0,0.0
2025-07-23 00:00:00-04:00,16.898531500684015,17.040936310732423,16.860558212556185,17.012454986572266,102200,0.0,0.0
2025-07-24 00:00:00-04:00,17.017244338989258,17.08431651776892,17.007662338080763,17.017244338989258,62300,0.165,0.0
2025-07-25 00:00:00-04:00,17.084317807360513,17.11306381225586,17.026827625149757,17.11306381225586,38700,0.0,0.0
2025-07-28 00:00:00-04:00,17.103480873445182,17.11306287455192,16.959754512003762,16.98849868774414,86700,0.0,0.0
2025-07-29 00:00:00-04:00,16.978918784740035,17.036410798484823,16.86393841241059,16.883102416992188,87400,0.0,0.0
2025-07-30 00:00:00-04:00,16.940590168930093,16.950172169844034,16.79686381038058,16.873517990112305,78800,0.0,0.0
2025-07-31 00:00:00-04:00,17.01724512437212,17.055571302195133,16.89268093439258,16.959754943847656,130500,0.0,0.0
2025-08-01 00:00:00-04:00,17.00766479161243,17.00766479161243,16.720212033208753,16.883102416992188,85400,0.0,0.0
2025-08-04 00:00:00-04:00,16.911845394060105,16.911845394060105,16.77770102668508,16.82560920715332,118600,0.0,0.0
2025-08-05 00:00:00-04:00,16.76811807118129,16.863936254246866,16.71062789237388,16.806446075439453,75700,0.0,0.0
2025-08-06 00:00:00-04:00,16.777702573383348,16.883102773226007,16.777702573383348,16.85435676574707,46600,0.0,0.0
2025-08-07 00:00:00-04:00,16.883100343322738,16.988498700415814,16.787282159763706,16.844772338867188,60000,0.0,0.0
2025-08-08 00:00:00-04:00,16.835192760761114,16.940592960603773,16.835192760761114,16.85435676574707,75200,0.0,0.0
2025-08-11 00:00:00-04:00,16.825607985542597,16.93100816801615,16.80644581129452,16.873517990112305,91600,0.0,0.0
2025-08-12 00:00:00-04:00,16.969335452123715,17.10348164609832,16.873519091887474,17.074735641479492,102100,0.0,0.0
2025-08-13 00:00:00-04:00,17.122646145059445,17.237626511704804,17.074736135973897,17.228044509887695,69800,0.0,0.0
2025-08-14 00:00:00-04:00,17.218463025209157,17.237627029418945,17.151390838054926,17.237627029418945,49300,0.0,0.0
2025-08-15 00:00:00-04:00,17.24720608441053,17.352606261974103,17.20887808254024,17.218460083007812,154500,0.0,0.0
2025-08-18 00:00:00-04:00,17.237623733979895,17.24720573425293,17.151387559102254,17.24720573425293,55100,0.0,0.0
2025-08-19 00:00:00-04:00,17.304696685877506,17.371768863222883,17.256788509939312,17.33344268798828,48400,0.0,0.0
2025-08-20 00:00:00-04:00,17.35260756101399,17.390933738173707,17.2663713779298,17.314279556274414,95500,0.0,0.0
2025-08-21 00:00:00-04:00,17.30469842622781,17.323862429562336,17.18013605971329,17.295116424560547,59500,0.0,0.0
2025-08-22 00:00:00-04:00,17.33344397468595,17.4771703407494,17.33344397468595,17.429262161254883,58500,0.0,0.0
2025-08-25 00:00:00-04:00,17.496334343579168,17.50591634499405,17.39093415559535,17.429262161254883,70700,0.0,0.0
2025-08-26 00:00:00-04:00,17.534659381645643,17.534659381645643,17.390933024926536,17.5154972076416,78400,0.0,0.0
2025-08-27 00:00:00-04:00,17.553824756500557,17.649642944335938,17.534660753417494,17.649642944335938,55300,0.0,0.0
2025-08-28 00:00:00-04:00,17.659225981295084,17.69755216212847,17.630479974985022,17.668807983398438,38400,0.0,0.0
2025-08-29 00:00:00-04:00,17.66880581182268,17.802950169622633,17.649641809971314,17.735877990722656,65600,0.0,0.0
2025-09-02 00:00:00-04:00,17.659225818667405,17.67838982269763,17.54424362206608,17.63047981262207,74300,0.0,0.0
2025-09-03 00:00:00-04:00,17.611315454754212,17.697551643577587,17.544243269576025,17.659225463867188,43700,0.0,0.0
2025-09-04 00:00:00-04:00,17.69755110548029,17.802951294744144,17.687969103949037,17.79336929321289,57900,0.0,0.0
2025-09-05 00:00:00-04:00,17.831697925865843,17.88918810949339,17.582571360039832,17.697551727294922,65600,0.0,0.0
2025-09-08 00:00:00-04:00,17.822114181451422,17.822114181451422,17.592151641845703,17.592151641845703,58000,0.0,0.0
2025-09-09 00:00:00-04:00,17.58257190227607,17.62089808334973,17.429263522821348,17.56340789794922,179200,0.0,0.0
2025-09-10 00:00:00-04:00,17.477169555412168,17.54424173472256,17.400515375117457,17.486751556396484,76100,0.0,0.0
2025-09-11 00:00:00-04:00,17.563407273221216,17.678389467512375,17.563407273221216,17.659225463867188,74600,0.0,0.0
2025-09-12 00:00:00-04:00,17.640059651048286,17.640059651048286,17.525079296129547,17.553823471069336,37700,0.0,0.0
2025-09-15 00:00:00-04:00,17.649644447414655,17.65922644977221,17.49633606485397,17.5346622467041,67300,0.0,0.0
2025-09-16 00:00:00-04:00,17.496334863403593,17.505916865103163,17.362190494769532,17.438844680786133,211300,0.0,0.0
2025-09-17 00:00:00-04:00,17.4580078125,17.525081828069553,17.3909356245105,17.4580078125,124600,0.0,0.0
2025-09-18 00:00:00-04:00,17.47717129878916,17.544243484790115,17.429263116668476,17.44842529296875,64100,0.0,0.0
2025-09-19 00:00:00-04:00,17.448424854905745,17.496334863403593,17.400516673987855,17.438844680786133,55100,0.0,0.0
2025-09-22 00:00:00-04:00,17.38135275433645,17.486752945959605,17.38135275433645,17.477170944213867,73000,0.0,0.0
2025-09-23 00:00:00-04:00,17.419681549072266,17.61131610991323,17.3909355425351,17.419681549072266,172200,0.0,0.0
2025-09-24 00:00:00-04:00,17.41009938456504,17.4675895695233,17.362191201696497,17.3813533782959,65400,0.0,0.0
2025-09-25 00:00:00-04:00,17.371769902024067,17.4005159058538,17.30469772066789,17.35260772705078,66100,0.0,0.0
2025-09-26 00:00:00-04:00,17.429261378070407,17.4963335573808,17.314279193838434,17.486751556396484,78400,0.0,0.0
2025-09-29 00:00:00-04:00,17.40051738247533,17.458007567433587,17.352609199606782,17.3813533782959,101100,0.0,0.0
2025-09-30 00:00:00-04:00,17.371770505181953,17.458006692085455,17.36219033115262,17.400516510009766,98400,0.0,0.0
2025-10-01 00:00:00-04:00,17.36219024658203,17.390934423689895,17.323862240331643,17.36219024658203,77500,0.0,0.0
2025-10-02 00:00:00-04:00,17.34302643289686,17.371770610318702,17.285536250473232,17.295116424560547,65800,0.0,0.0
2025-10-03 00:00:00-04:00,17.25678902618716,17.410097386871417,17.25678902618716,17.34302520751953,58900,0.0,0.0
2025-10-06 00:00:00-04:00,17.33344381011495,17.486752176137713,17.33344381011495,17.390933990478516,54200,0.0,0.0
2025-10-07 00:00:00-04:00,17.38135286056895,17.46758904922769,17.343026680931718,17.37177085876465,59000,0.0,0.0
2025-10-08 00:00:00-04:00,17.41968042837769,17.429262429940284,17.333444241894238,17.36219024658203,52500,0.0,0.0
2025-10-09 00:00:00-04:00,17.400514436732244,17.41967843766739,17.199297909652387,17.218460083007812,76200,0.0,0.0
2025-10-10 00:00:00-04:00,17.208879603617852,17.285535614133988,16.81602668762207,16.81602668762207,151700,0.0,0.0
2025-10-13 00:00:00-04:00,16.921426938444757,16.99808112167067,16.921426938444757,16.959754943847656,50000,0.0,0.0
2025-10-14 00:00:00-04:00,16.95975416111809,17.132224694731594,16.873517980521438,17.017244338989258,96700,0.0,0.0
2025-10-15 00:00:00-04:00,17.103482303390628,17.295116858807614,17.103482303390628,17.266372680664062,191300,0.0,0.0
2025-10-16 00:00:00-04:00,17.25678703751543,17.27595103728746,16.98849652344587,17.05556869506836,211700,0.0,0.0
2025-10-17 00:00:00-04:00,17.045991897583008,17.113064082484666,16.96933588331829,17.045991897583008,92900,0.0,0.0
2025-10-20 00:00:00-04:00,17.06515519043243,17.15139138454417,17.06515519043243,17.103483200073242,72000,0.0,0.0
2025-10-21 00:00:00-04:00,17.11306381225586,17.180135996098393,17.103481810624075,17.11306381225586,35800,0.0,0.0
2025-10-22 00:00:00-04:00,17.103481560915046,17.132225737810792,17.017245375067986,17.036409378051758,50400,0.0,0.0
2025-10-23 00:00:00-04:00,17.0459912142703,17.065153389488366,16.99808120727539,16.99808120727539,59200,0.0,0.0
2025-10-24 00:00:00-04:00,17.118977761110287,17.196351594770338,17.080289921911408,17.1770076751709,81700,0.165,0.0
2025-10-27 00:00:00-04:00,17.293068250065836,17.302740210283226,17.080290659496658,17.11897850036621,72000,0.0,0.0
2025-10-28 00:00:00-04:00,17.07061917426892,17.11897897670147,17.022261216574208,17.0512752532959,61700,0.0,0.0
2025-10-29 00:00:00-04:00,16.973902078249505,16.973902078249505,16.75145251256989,16.79981231689453,174200,0.0,0.0
2025-10-30 00:00:00-04:00,16.857842787839175,16.925544671366566,16.780468943131016,16.828826904296875,141400,0.0,0.0
2025-10-31 00:00:00-04:00,16.925542546928018,16.964230386795112,16.76112291696835,16.81915283203125,130500,0.0,0.0
2025-11-03 00:00:00-05:00,16.88685586451156,16.88685586451156,16.74178014454173,16.780467987060547,96900,0.0,0.0
2025-11-04 00:00:00-05:00,16.712765368711963,16.915870998745195,16.654733607498653,16.838497161865234,98600,0.0,0.0
2025-11-05 00:00:00-05:00,16.828827037570917,17.03193453449955,16.809483115056192,17.022262573242188,65000,0.0,0.0
2025-11-06 00:00:00-05:00,17.03193412648519,17.08996404790122,16.944888321992174,17.002918243408203,51200,0.0,0.0
2025-11-07 00:00:00-05:00,17.002918178130336,17.20602566941358,16.915872373971506,17.186681747436523,92400,0.0,0.0
2025-11-10 00:00:00-05:00,17.186680264672365,17.32208401735408,17.089962507869238,17.3027400970459,57100,0.0,0.0
2025-11-11 00:00:00-05:00,17.28339938533617,17.39945922686817,17.215695658914928,17.37044334411621,67900,0.0,0.0
2025-11-12 00:00:00-05:00,17.380113680760783,17.534861351499995,17.380113680760783,17.476831436157227,57300,0.0,0.0
2025-11-13 00:00:00-05:00,17.525192402391404,17.650924201456846,17.496176520420363,17.534862518310547,59000,0.0,0.0
2025-11-14 00:00:00-05:00,17.505848952220774,17.505848952220774,17.33175734518485,17.37044334411621,161700,0.0,0.0
2025-11-17 00:00:00-05:00,17.399458601883996,17.457488520565576,17.235038961671307,17.24471092224121,71600,0.0,0.0
2025-11-18 00:00:00-05:00,17.177008289485,17.293068121756956,17.11897837334902,17.206024169921875,66400,0.0,0.0
2025-11-19 00:00:00-05:00,17.21569496672981,17.21569496672981,17.11897905092107,17.147993087768555,66900,0.0,0.0
2025-11-20 00:00:00-05:00,17.17700910070387,17.351100702071406,17.022261420541138,17.06094741821289,80400,0.0,0.0
2025-11-21 00:00:00-05:00,17.070619119060968,17.244710717779448,17.070619119060968,17.23503875732422,43100,0.0,0.0
2025-11-24 00:00:00-05:00,17.186681613511652,17.302741454993754,17.099635810031113,17.273727416992188,56900,0.0,0.0
2025-11-25 00:00:00-05:00,17.302739215974302,17.438144806498812,17.19635134917223,17.351099014282227,89800,0.0,0.0
2025-11-26 00:00:00-05:00,17.457489084061454,17.58322273079083,17.418803085270973,17.55420684814453,56400,0.0,0.0
2025-11-28 00:00:00-05:00,17.55420542864048,17.728297020964686,17.55420542864048,17.67026710510254,32500,0.0,0.0
2025-12-01 00:00:00-05:00,17.50584881788738,17.641252580214985,17.457489013671875,17.457489013671875,88100,0.0,0.0
2025-12-02 00:00:00-05:00,17.505847110840072,17.52519103063999,17.370441516978367,17.467159271240234,141800,0.0,0.0
2025-12-03 00:00:00-05:00,17.496176379005668,17.554206297740848,17.41880253911281,17.525192260742188,68700,0.0,0.0
2025-12-04 00:00:00-05:00,17.46715947614381,17.534861351499995,17.42847348082788,17.476831436157227,90100,0.0,0.0
2025-12-05 00:00:00-05:00,17.48650476334772,17.60256644784525,17.48650476334772,17.54453468322754,83500,0.0,0.0
2025-12-08 00:00:00-05:00,17.505847316197485,17.525191236224323,17.351099645458273,17.476831436157227,197700,0.0,0.0
2025-12-09 00:00:00-05:00,17.409130768633695,17.525192452109252,17.254383087158203,17.254383087158203,105600,0.0,0.0
2025-12-10 00:00:00-05:00,17.23503809474264,17.438145567018577,17.17700817897999,17.389785766601562,125800,0.0,0.0
2025-12-11 00:00:00-05:00,17.37044307885019,17.612236563876976,17.37044307885019,17.54453468322754,104300,0.0,0.0
2025-12-12 00:00:00-05:00,17.5832218445916,17.660595683010815,17.525191926961643,17.60256576538086,41700,0.0,0.0
2025-12-15 00:00:00-05:00,17.708953931097568,17.825015613001494,17.554206251717563,17.80567169189453,58300,0.0,0.0
2025-12-16 00:00:00-05:00,17.81534302351241,17.81534302351241,17.621907508747338,17.67993927001953,56800,0.0,0.0
2025-12-17 00:00:00-05:00,17.660597392389988,17.747643199629046,17.5928955078125,17.5928955078125,86300,0.0,0.0
2025-12-18 00:00:00-05:00,17.621908260828537,17.757313864838146,17.621908260828537,17.718626022338867,47500,0.0,0.0
2025-12-19 00:00:00-05:00,17.718626022338867,17.786327901974737,17.650924142702998,17.718626022338867,58000,0.0,0.0
2025-12-22 00:00:00-05:00,17.72829785220453,17.834687573554977,17.689611854728454,17.80567169189453,107500,0.0,0.0
2025-12-23 00:00:00-05:00,17.72829676939873,17.92173227917804,17.72829676939873,17.844358444213867,38100,0.0,0.0
2025-12-24 00:00:00-05:00,17.873374735231327,17.921734541148698,17.796000890501503,17.86370277404785,63700,0.0,0.0
2025-12-26 00:00:00-05:00,17.8540300593164,18.00877958698266,17.815344060953258,17.825016021728516,29300,0.0,0.0
2025-12-29 00:00:00-05:00,17.795998564600325,17.82501444435843,17.73796864982184,17.74764060974121,79500,0.0,0.0
2025-12-30 00:00:00-05:00,17.786327233999753,17.892716952139377,17.776655273738168,17.87337303161621,44100,0.0,0.0
2025-12-31 00:00:00-05:00,17.8346863595561,17.960418148717153,17.795998519975637,17.93140411376953,65700,0.0,0.0
2026-01-02 00:00:00-05:00,17.979762321158542,17.979762321158542,17.708952974503074,17.757312774658203,163600,0.0,0.0
2026-01-05 00:00:00-05:00,17.89271776987695,18.018449569548174,17.786328046875074,17.91206169128418,156000,0.0,0.0
2026-01-06 00:00:00-05:00,17.892718318423796,17.96042020068679,17.81534447516067,17.941076278686523,126200,0.0,0.0
2026-01-07 00:00:00-05:00,17.960418608213104,17.960418608213104,17.766984939575195,17.766984939575195,67600,0.0,0.0
2026-01-08 00:00:00-05:00,17.825014524288388,17.854028559438866,17.76698460924969,17.844358444213867,129300,0.0,0.0
2026-01-09 00:00:00-05:00,17.844359403773844,17.892717361450195,17.82501548280817,17.892717361450195,111200,0.0,0.0
2026-01-12 00:00:00-05:00,17.77665588339233,17.931405408147043,17.747641846350334,17.902389526367188,114700,0.0,0.0
2026-01-13 00:00:00-05:00,17.96041840109649,17.96041840109649,17.7186249345341,17.757312774658203,121500,0.0,0.0
2026-01-14 00:00:00-05:00,17.79599869053948,17.825014570502926,17.61223514024647,17.660594940185547,175400,0.0,0.0
2026-01-15 00:00:00-05:00,17.650923184902567,17.73796898106467,17.650923184902567,17.67026710510254,151700,0.0,0.0
2026-01-16 00:00:00-05:00,17.689610820148996,17.75731269532596,17.641251020209918,17.660594940185547,93200,0.0,0.0
2026-01-20 00:00:00-05:00,17.573551797655703,17.573551797655703,17.322086334228516,17.322086334228516,108900,0.0,0.0
2026-01-21 00:00:00-05:00,17.31241221090751,17.554205682693194,17.31241221090751,17.49617576599121,117400,0.0,0.0
2026-01-22 00:00:00-05:00,17.53486176221327,17.53486176221327,17.467159885271325,17.49617576599121,134000,0.0,0.0
2026-01-23 00:00:00-05:00,17.41793603008265,17.48639477478419,17.32013702392578,17.32013702392578,92900,0.2,0.0
2026-01-26 00:00:00-05:00,17.320136710206015,17.37881723205379,17.310358488592243,17.339696884155273,159500,0.0,0.0
2026-01-27 00:00:00-05:00,17.408155499365087,17.408155499365087,17.29079818725586,17.29079818725586,100400,0.0,0.0
2026-01-28 00:00:00-05:00,17.24189888443353,17.28101923461154,17.163660049438477,17.163660049438477,159100,0.0,0.0
2026-01-29 00:00:00-05:00,17.300579577077634,17.300579577077634,17.163660215490914,17.212560653686523,184600,0.0,0.0
2026-01-30 00:00:00-05:00,17.28101933506904,17.408156743164714,17.163660149213744,17.329917907714844,118600,0.0,0.0
2026-02-02 00:00:00-05:00,17.398378119296197,17.5939742707252,17.281018936150048,17.58419418334961,62200,0.0,0.0
2026-02-03 00:00:00-05:00,17.535295112073783,17.72111303619229,17.525515024976926,17.672212600708008,94800,0.0,0.0
2026-02-04 00:00:00-05:00,17.74067034876159,17.965608608635655,17.74067034876159,17.848249435424805,120000,0.0,0.0
2026-02-05 00:00:00-05:00,17.946050378011524,18.00472903828791,17.652653345907645,17.730892181396484,154500,0.0,0.0
2026-02-06 00:00:00-05:00,17.91670891689034,18.053626403498267,17.838470086634256,17.975387573242188,101700,0.0,0.0
2026-02-09 00:00:00-05:00,17.97538731684788,18.092746493238458,17.848249919005507,17.87759017944336,81700,0.0,0.0
2026-02-10 00:00:00-05:00,17.809129571755037,18.00472757728573,17.809129571755037,17.87759017944336,67200,0.0,0.0
2026-02-11 00:00:00-05:00,17.906928089349844,18.053625656842822,17.83846934887717,17.848249435424805,90800,0.0,0.0
2026-02-12 00:00:00-05:00,17.799351064738087,17.916708373885008,17.584192889034064,17.662431716918945,102900,0.0,0.0
2026-02-13 00:00:00-05:00,17.554855598492328,17.740671660554813,17.554855598492328,17.652652740478516,62600,0.0,0.0
2026-02-17 00:00:00-05:00,17.55485449442773,17.789570978082374,17.55485449442773,17.662431716918945,74300,0.0,0.0
2026-02-18 00:00:00-05:00,17.701552922915607,17.87759076054306,17.505954911027125,17.554855346679688,182900,0.0,0.0
2026-02-19 00:00:00-05:00,17.505955663176778,17.60375467332299,17.457057090784158,17.564634323120117,58600,0.0,0.0
2026-02-20 00:00:00-05:00,17.535295298534038,17.65265261422246,17.486394862529778,17.6037540435791,40600,0.0,0.0
2026-02-23 00:00:00-05:00,17.55485585066195,17.623314597180034,17.388598095391917,17.46683692932129,57000,0.0,0.0
2026-02-24 00:00:00-05:00,17.437495998538246,17.554855177613256,17.35925716760853,17.50595474243164,82500,0.0,0.0
2026-02-25 00:00:00-05:00,17.47661590576172,17.55485473471753,17.408155298234668,17.47661590576172,52100,0.0,0.0
2026-02-26 00:00:00-05:00,17.45705549323143,17.701552063541783,17.45705549323143,17.662431716918945,76900,0.0,0.0
2026-02-27 00:00:00-05:00,17.50595411614489,17.574412857589127,17.486393942772022,17.545074462890625,81800,0.0,0.0
2026-03-02 00:00:00-05:00,17.554855555138328,17.554855555138328,17.359257540927178,17.369037628173828,68200,0.0,0.0
2026-03-03 00:00:00-05:00,17.23212015764156,17.378817735791422,17.016961968684914,17.251678466796875,123100,0.0,0.0
2026-03-04 00:00:00-05:00,17.310358488592243,17.41793571459145,17.232119658156066,17.339696884155273,86800,0.0,0.0
2026-03-05 00:00:00-05:00,17.36903781715541,17.554855746141676,17.261458721632685,17.300579071044922,125200,0.0,0.0
2026-03-06 00:00:00-05:00,17.29079900532529,17.29079900532529,17.114761163471833,17.18321990966797,56800,0.0,0.0
2026-03-09 00:00:00-04:00,17.11476198341546,17.11476198341546,16.81158672201033,17.075641632080078,92800,0.0,0.0
2026-03-10 00:00:00-04:00,17.007181964085955,17.134321233698433,16.987623654835584,17.0169620513916,72200,0.0,0.0
2026-03-11 00:00:00-04:00,17.02674152770503,17.036521614659726,16.88982404106101,16.938722610473633,65900,0.0,0.0
2026-03-12 00:00:00-04:00,16.831144714998413,16.9387238137815,16.69422721862793,16.69422721862793,89700,0.0,0.0
2026-03-13 00:00:00-04:00,16.79202542848855,17.04630209915814,16.684446334838867,16.684446334838867,61300,0.0,0.0
2026-03-16 00:00:00-04:00,16.821365985404366,17.046302398475287,16.7529053739228,16.782245635986328,61200,0.0,0.0
2026-03-17 00:00:00-04:00,16.86048396628209,17.00718154149987,16.86048396628209,16.870264053344727,48100,0.0,0.0
2026-03-18 00:00:00-04:00,16.880045762210006,16.958284600867252,16.752906483541324,16.7724666595459,48800,0.0,0.0
2026-03-19 00:00:00-04:00,16.68444652340223,16.73334695986879,16.596427603123338,16.61598777770996,108300,0.0,0.0
2026-03-20 00:00:00-04:00,16.596428424758493,16.71378761272739,16.50840950012207,16.50840950012207,67600,0.0,0.0
2026-03-23 00:00:00-04:00,16.72356685180575,16.80180568469416,16.63554793163617,16.733346939086914,72000,0.0,0.0
2026-03-24 00:00:00-04:00,16.684447639488805,16.743128167174042,16.527969963050257,16.60620880126953,111400,0.0,0.0
2026-03-25 00:00:00-04:00,16.655108106198504,16.762685335569493,16.655108106198504,16.733346939086914,52000,0.0,0.0
2026-03-26 00:00:00-04:00,16.62576738172751,16.762684869132144,16.547528551016168,16.586647033691406,79300,0.0,0.0
2026-03-27 00:00:00-04:00,16.547530633843305,16.547530633843305,16.18567483040625,16.234575271606445,97700,0.0,0.0
2026-03-30 00:00:00-04:00,16.293253068608838,16.508409402356445,16.293253068608838,16.342151641845703,62400,0.0,0.0
2026-03-31 00:00:00-04:00,16.439951008736546,16.77246653693942,16.342151994789635,16.723567962646484,77100,0.0,0.0
2026-04-01 00:00:00-04:00,16.831143831380878,16.97784327306024,16.63554768474321,16.91916275024414,99400,0.0,0.0
2026-04-02 00:00:00-04:00,16.772465839728017,16.919163421869822,16.635548345110465,16.88004493713379,54900,0.0,0.0
2026-04-06 00:00:00-04:00,16.9093842149704,17.00718135379564,16.762684776010836,16.938722610473633,52000,0.0,0.0
2026-04-07 00:00:00-04:00,16.948502697428328,16.97784295829241,16.86048378019693,16.938722610473633,33300,0.0,0.0
2026-04-08 00:00:00-04:00,17.251679072264974,17.398378520924336,17.20278049961917,17.329917907714844,75300,0.0,0.0
2026-04-09 00:00:00-04:00,17.21256075187141,17.52551609666455,17.183220488786684,17.37881851196289,72200,0.0,0.0
2026-04-10 00:00:00-04:00,17.40815562761682,17.42771580156608,17.251677966744467,17.339696884155273,53700,0.0,0.0
2026-04-13 00:00:00-04:00,17.22233938683772,17.417935528154125,17.212559299967776,17.40815544128418,47000,0.0,0.0
2026-04-14 00:00:00-04:00,17.437495558603402,17.525514474348793,17.408155298234668,17.47661590576172,76500,0.0,0.0
2026-04-15 00:00:00-04:00,17.457056232531695,17.57441354664866,17.30057857013516,17.38859748840332,74200,0.0,0.0
2026-04-16 00:00:00-04:00,17.339697053053854,17.427715971322016,17.339697053053854,17.38859748840332,93100,0.0,0.0
2026-04-17 00:00:00-04:00,17.476617118824823,17.750452106496805,17.476617118824823,17.633094787597656,100900,0.0,0.0
2026-04-20 00:00:00-04:00,17.574414386945374,17.75045223189871,17.574414386945374,17.68199348449707,97800,0.0,0.0
2026-04-21 00:00:00-04:00,17.740672019028384,17.858031203288487,17.613534612660814,17.633094787597656,64200,0.0,0.0
2026-04-22 00:00:00-04:00,17.691771976886074,17.750450631459536,17.613533149001192,17.662431716918945,56300,0.0,0.0
2026-04-23 00:00:00-04:00,17.692100663030434,17.810774055976097,17.474534976587908,17.50420379638672,90400,0.2,0.0
2026-04-24 00:00:00-04:00,17.484424606871926,17.60309611372875,17.41519924683051,17.444866180419922,74700,0.0,0.0
2026-04-27 00:00:00-04:00,17.336084276251096,17.701990289601323,17.336084276251096,17.454755783081055,124300,0.0,0.0
2026-04-28 00:00:00-04:00,17.504203767443435,17.68221102719321,17.48442455427693,17.52398109436035,107300,0.0,0.0
2026-04-29 00:00:00-04:00,17.563539553688813,17.603096093846546,17.45475576731826,17.494314193725586,133100,0.0,0.0
2026-04-30 00:00:00-04:00,17.642654434515862,17.751438220357755,17.50420371526224,17.60309600830078,142600,0.0,0.0
2026-05-01 00:00:00-04:00,17.61298560318974,17.721769388959583,17.61298560318974,17.63276481628418,58500,0.0,0.0
2026-05-04 00:00:00-04:00,17.583318824036308,17.65254418422451,17.326194710301852,17.405309677124023,100300,0.0,0.0
2026-05-05 00:00:00-04:00,17.40530967315344,17.49431424658928,17.336084312981033,17.415199279785156,52700,0.0,0.0
2026-05-06 00:00:00-04:00,17.425088841621456,17.55364995500406,17.415199235015166,17.47453498840332,85800,0.0,0.0
2026-05-07 00:00:00-04:00,17.514091622970096,17.54376044294887,17.326194755186677,17.34597396850586,58600,0.0,0.0
2026-05-08 00:00:00-04:00,17.405309669187364,17.494314242602922,17.375640849298982,17.42508888244629,35000,0.0,0.0
2026-05-11 00:00:00-04:00,17.45475582006242,17.45475582006242,17.395420066521726,17.415199279785156,57000,0.0,0.0
2026-05-12 00:00:00-04:00,17.464645377856332,17.5239811312311,17.306415444690558,17.484424591064453,89700,0.0,0.0
2026-05-13 00:00:00-04:00,17.43497657775879,17.514091544431135,17.43497657775879,17.43497657775879,39800,0.0,0.0
2026-05-14 00:00:00-04:00,17.454755783081055,17.603096109743298,17.405309636276836,17.454755783081055,156000,0.0,0.0
2026-05-15 00:00:00-04:00,17.504203865214052,17.533870798879924,17.385530471801758,17.385530471801758,29700,0.0,0.0
2026-05-18 00:00:00-04:00,17.444866127943925,17.52398109436035,17.355861554944244,17.52398109436035,52300,0.0,0.0
2026-05-19 00:00:00-04:00,17.454755836017064,17.504203869220838,17.355861655859115,17.375640869140625,47300,0.0,0.0
2026-05-20 00:00:00-04:00,17.34597393546796,17.40530968906289,17.30641550890494,17.375640869140625,68500,0.0,0.0
2026-05-21 00:00:00-04:00,17.336084324858902,17.444866225383105,17.266857078389467,17.385530471801758,72800,0.0,0.0
2026-05-22 00:00:00-04:00,17.405309587860504,17.553649914110107,17.405309587860504,17.52398109436035,56500,0.0,0.0
2026-05-26 00:00:00-04:00,17.583318722073617,17.583318722073617,17.45475572282711,17.55364990234375,101800,0.0,0.0
2026-05-27 00:00:00-04:00,17.474535057312238,17.514091597643798,17.35586166381836,17.35586166381836,54300,0.0,0.0
2026-05-28 00:00:00-04:00,17.286636344523867,17.34597398453625,17.24707980409855,17.306415557861328,88800,0.0,0.0
2026-05-29 00:00:00-04:00,17.237190292052368,17.256969505498404,17.15807532451783,17.177854537963867,74400,0.0,0.0
2026-06-01 00:00:00-04:00,17.118516959486577,17.207521534065766,17.039401991666146,17.078960418701172,59000,0.0,0.0
2026-06-02 00:00:00-04:00,17.049291561087,17.217411103118437,17.039401954349902,17.11851692199707,93000,0.0,0.0
2026-06-03 00:00:00-04:00,17.11851697182936,17.2866365143502,17.039402003951885,17.049291610717773,138200,0.0,0.0
2026-06-04 00:00:00-04:00,17.158075340784126,17.296526062538415,17.078960373174585,17.138296127319336,186400,0.0,0.0
2026-06-05 00:00:00-04:00,17.187742176047024,17.326194783255993,17.148185635594178,17.27674674987793,110400,0.0,0.0
2026-06-08 00:00:00-04:00,17.355861607152505,17.474535000258925,17.306415460337096,17.444866180419922,124400,0.0,0.0
2026-06-09 00:00:00-04:00,17.474535000258925,17.54376036030034,17.385530426991508,17.444866180419922,76300,0.0,0.0
2026-06-10 00:00:00-04:00,17.35586165983647,17.612985773806223,17.35586165983647,17.365751266479492,89700,0.0,0.0
2026-06-11 00:00:00-04:00,17.405309587860504,17.60309606077678,17.365751161527495,17.52398109436035,56000,0.0,0.0
2026-06-12 00:00:00-04:00,17.52398107870721,17.682211011398728,17.52398107870721,17.563539505004883,55500,0.0,0.0
2026-06-15 00:00:00-04:00,17.603095988892115,17.781105134164548,17.56353944897023,17.652544021606445,70900,0.0,0.0
2026-06-16 00:00:00-04:00,17.771215539364906,17.79099475246371,17.395419921735556,17.622875213623047,153500,0.0,0.0
2026-06-17 00:00:00-04:00,17.64265452821109,17.781105248199985,17.47453498840332,17.47453498840332,97700,0.0,0.0
2026-06-18 00:00:00-04:00,17.553650004134397,17.72176954441271,17.405309677124023,17.405309677124023,58500,0.0,0.0
2026-06-22 00:00:00-04:00,17.454755763388697,17.692100663030434,17.454755763388697,17.50420379638672,75800,0.0,0.0
2026-06-23 00:00:00-04:00,17.464645281331787,17.70199017976868,17.464645281331787,17.622875213623047,74100,0.0,0.0
2026-06-24 00:00:00-04:00,17.603096000524243,17.70199017976868,17.593208280224424,17.622875213623047,81200,0.0,0.0
2026-06-25 00:00:00-04:00,17.6921006061673,17.78110517902809,17.573429099852646,17.59320831298828,49000,0.0,0.0
2026-06-26 00:00:00-04:00,17.58331871815372,17.622875258201805,17.464645325510286,17.563539505004883,136400,0.0,0.0
2026-06-29 00:00:00-04:00,17.563539456703214,17.70199017586514,17.563539456703214,17.63276481628418,94900,0.0,0.0
2026-06-30 00:00:00-04:00,17.632764768171402,17.751438160164657,17.632764768171402,17.701990127563477,51500,0.0,0.0
2026-07-01 00:00:00-04:00,17.761325780849695,17.879999172177563,17.721769241240114,17.850330352783203,49500,0.0,0.0
2026-07-02 00:00:00-04:00,17.840442566302592,17.978893283796214,17.800884140590384,17.969003677368164,99100,0.0,0.0
2026-07-06 00:00:00-04:00,17.899778217438236,18.295353041076464,17.899778217438236,18.127233505249023,106500,0.0,0.0
2026-07-07 00:00:00-04:00,18.23601733286181,18.23601733286181,17.998672438109214,18.06789779663086,44100,0.0,0.0
2026-07-08 00:00:00-04:00,17.99867264485757,17.99867264485757,17.7118797148312,17.75143814086914,99200,0.0,0.0
2026-07-09 00:00:00-04:00,17.840442657470703,17.929445343278882,17.771215412120572,17.840442657470703,188000,0.0,0.0
2026-07-10 00:00:00-04:00,17.83055299960987,17.939334898061755,17.83055299960987,17.919557571411133,39100,0.0,0.0
2026-07-13 00:00:00-04:00,17.860219889167087,17.99867249288126,17.840442562564682,17.978893280029297,77600,0.0,0.0
2026-07-14 00:00:00-04:00,17.99867245676248,18.077787421762004,17.949224424731806,18.018449783325195,71500,0.0,0.0
2026-07-15 00:00:00-04:00,17.998672445558253,18.097564737058935,17.959114019958342,18.048118591308594,57500,0.0,0.0
2026-07-16 00:00:00-04:00,18.05800818277772,18.087677001953125,17.899778253007998,18.087677001953125,57600,0.0,0.0
2026-07-17 00:00:00-04:00,18.038228992390408,18.245906954376988,17.830552916653378,18.028339385986328,51600,0.0,0.0
2026-07-20 00:00:00-04:00,18.097564744565336,18.097564744565336,17.978893240215477,18.028339385986328,44200,0.0,0.0
2026-07-21 00:00:00-04:00,18.08767701316352,18.0975647333119,17.969003622637903,18.058008193969727,90000,0.0,0.0
2026-07-22 00:00:00-04:00,18.018449779582248,18.06789781160265,17.949224421003237,18.028339385986328,38100,0.0,0.0
2026-07-23 00:00:00-04:00,17.978893339101784,17.998672552018732,17.830553014723794,17.8799991607666,76300,0.0,0.0
2026-07-24 00:00:00-04:00,18.030000686645508,18.18000030517578,17.950000762939453,18.100000381469727,54600,0.2,0.0
2026-07-27 00:00:00-04:00,18.229999542236328,18.329999923706055,18.190000534057617,18.239999771118164,43200,0.0,0.0
2026-07-28 00:00:00-04:00,18.239999771118164,18.649999618530273,18.190000534057617,18.579999923706055,142600,0.0,0.0
2026-07-29 00:00:00-04:00,18.530000686645508,18.56999969482422,18.299999237060547,18.309999465942383,101000,0.0,0.0
2026-07-30 00:00:00-04:00,18.40999984741211,18.56999969482422,18.31999969482422,18.469999313354492,92900,0.0,0.0
2026-07-31 00:00:00-04:00,18.6200008392334,18.6299991607666,18.510000228881836,18.530000686645508,121900,0.0,0.0
2026-08-03 00:00:00-04:00,18.6200008392334,18.809999465942383,18.559999465942383,18.6200008392334,97700,0.0,0.0
2026-08-04 00:00:00-04:00,18.649999618530273,18.799999237060547,18.559999465942383,18.770000457763672,112400,0.0,0.0
2026-08-05 00:00:00-04:00,18.860000610351562,18.829999923706055,18.579999923706055,18.709999084472656,74537,0.0,0.0
