Date,Open,High,Low,Close,Volume,Dividends,Stock Splits
2022-01-03 00:00:00-05:00,4.679999828338623,5.099999904632568,4.579999923706055,4.980000019073486,403300,0.0,0.0
2022-01-04 00:00:00-05:00,5.349999904632568,5.650000095367432,4.550000190734863,4.78000020980835,1545100,0.0,0.0
2022-01-05 00:00:00-05:00,4.710000038146973,4.929999828338623,4.449999809265137,4.53000020980835,520000,0.0,0.0
2022-01-06 00:00:00-05:00,4.400000095367432,4.519999980926514,4.110000133514404,4.21999979019165,228400,0.0,0.0
2022-01-07 00:00:00-05:00,4.210000038146973,4.340000152587891,4.159999847412109,4.269999980926514,74900,0.0,0.0
2022-01-10 00:00:00-05:00,4.300000190734863,4.300000190734863,4.019999980926514,4.25,126100,0.0,0.0
2022-01-11 00:00:00-05:00,4.199999809265137,4.429999828338623,4.199999809265137,4.300000190734863,175200,0.0,0.0
2022-01-12 00:00:00-05:00,4.289999961853027,4.380000114440918,4.170000076293945,4.170000076293945,154500,0.0,0.0
2022-01-13 00:00:00-05:00,4.170000076293945,4.179999828338623,3.880000114440918,3.9200000762939453,154500,0.0,0.0
2022-01-14 00:00:00-05:00,3.9000000953674316,4.039999961853027,3.799999952316284,3.990000009536743,82600,0.0,0.0
2022-01-18 00:00:00-05:00,3.950000047683716,3.950000047683716,3.7100000381469727,3.740000009536743,105500,0.0,0.0
2022-01-19 00:00:00-05:00,3.7699999809265137,3.9100000858306885,3.640000104904175,3.640000104904175,153800,0.0,0.0
2022-01-20 00:00:00-05:00,3.640000104904175,3.799999952316284,3.5799999237060547,3.6600000858306885,249300,0.0,0.0
2022-01-21 00:00:00-05:00,3.5999999046325684,3.640000104904175,3.369999885559082,3.4100000858306885,134000,0.0,0.0
2022-01-24 00:00:00-05:00,3.180000066757202,3.3499999046325684,3.0899999141693115,3.0899999141693115,321300,0.0,0.0
2022-01-25 00:00:00-05:00,3.0999999046325684,3.7300000190734863,3.0799999237060547,3.4800000190734863,189200,0.0,0.0
2022-01-26 00:00:00-05:00,3.4600000381469727,3.7200000286102295,3.4100000858306885,3.4800000190734863,196300,0.0,0.0
2022-01-27 00:00:00-05:00,3.450000047683716,3.559999942779541,3.2699999809265137,3.299999952316284,123400,0.0,0.0
2022-01-28 00:00:00-05:00,3.3299999237060547,3.4800000190734863,3.25,3.3399999141693115,83100,0.0,0.0
2022-01-31 00:00:00-05:00,3.309999942779541,3.4200000762939453,3.180000066757202,3.359999895095825,102700,0.0,0.0
2022-02-01 00:00:00-05:00,3.380000114440918,3.5899999141693115,3.380000114440918,3.4600000381469727,44200,0.0,0.0
2022-02-02 00:00:00-05:00,3.5,3.5299999713897705,3.309999942779541,3.440000057220459,35500,0.0,0.0
2022-02-03 00:00:00-05:00,3.4100000858306885,3.5,3.3399999141693115,3.3399999141693115,37800,0.0,0.0
2022-02-04 00:00:00-05:00,3.3499999046325684,3.450000047683716,3.299999952316284,3.369999885559082,36000,0.0,0.0
2022-02-07 00:00:00-05:00,3.369999885559082,3.549999952316284,3.359999895095825,3.4700000286102295,67900,0.0,0.0
2022-02-08 00:00:00-05:00,3.440000057220459,3.5999999046325684,3.319999933242798,3.5,66600,0.0,0.0
2022-02-09 00:00:00-05:00,3.490000009536743,3.75,3.490000009536743,3.680000066757202,39100,0.0,0.0
2022-02-10 00:00:00-05:00,3.5799999237060547,3.809999942779541,3.5299999713897705,3.569999933242798,31900,0.0,0.0
2022-02-11 00:00:00-05:00,3.559999942779541,3.7300000190734863,3.4700000286102295,3.5199999809265137,44900,0.0,0.0
2022-02-14 00:00:00-05:00,3.509999990463257,3.6600000858306885,3.509999990463257,3.559999942779541,39300,0.0,0.0
2022-02-15 00:00:00-05:00,3.5999999046325684,3.630000114440918,3.5399999618530273,3.569999933242798,25900,0.0,0.0
2022-02-16 00:00:00-05:00,3.5799999237060547,3.640000104904175,3.509999990463257,3.549999952316284,17900,0.0,0.0
2022-02-17 00:00:00-05:00,3.4800000190734863,3.4800000190734863,3.2300000190734863,3.2300000190734863,26800,0.0,0.0
2022-02-18 00:00:00-05:00,3.190000057220459,3.25,3.140000104904175,3.1700000762939453,20700,0.0,0.0
2022-02-22 00:00:00-05:00,3.0999999046325684,3.1700000762939453,3.049999952316284,3.049999952316284,21800,0.0,0.0
2022-02-23 00:00:00-05:00,3.0299999713897705,3.119999885559082,2.990000009536743,3.0299999713897705,19500,0.0,0.0
2022-02-24 00:00:00-05:00,2.880000114440918,3.240000009536743,2.880000114440918,2.9600000381469727,31900,0.0,0.0
2022-02-25 00:00:00-05:00,2.9800000190734863,3.130000114440918,2.9800000190734863,3.119999885559082,12000,0.0,0.0
2022-02-28 00:00:00-05:00,3.069999933242798,3.2200000286102295,3.069999933242798,3.140000104904175,20000,0.0,0.0
2022-03-01 00:00:00-05:00,3.119999885559082,3.2100000381469727,3.109999895095825,3.119999885559082,27700,0.0,0.0
2022-03-02 00:00:00-05:00,3.0999999046325684,3.25,3.0899999141693115,3.1700000762939453,20800,0.0,0.0
2022-03-03 00:00:00-05:00,3.0999999046325684,3.140000104904175,3.0399999618530273,3.140000104904175,25800,0.0,0.0
2022-03-04 00:00:00-05:00,3.0899999141693115,3.2200000286102295,3.0799999237060547,3.1600000858306885,29000,0.0,0.0
2022-03-07 00:00:00-05:00,3.069999933242798,3.1700000762939453,2.9200000762939453,2.9700000286102295,32800,0.0,0.0
2022-03-08 00:00:00-05:00,2.9600000381469727,3.1700000762939453,2.7300000190734863,2.7300000190734863,67500,0.0,0.0
2022-03-09 00:00:00-05:00,2.75,3.0199999809265137,2.430000066757202,2.740000009536743,159100,0.0,0.0
2022-03-10 00:00:00-05:00,2.5999999046325684,2.990000009536743,2.5999999046325684,2.9700000286102295,28000,0.0,0.0
2022-03-11 00:00:00-05:00,2.940000057220459,3.0,2.6600000858306885,2.690000057220459,75100,0.0,0.0
2022-03-14 00:00:00-04:00,2.700000047683716,2.8399999141693115,2.569999933242798,2.569999933242798,31900,0.0,0.0
2022-03-15 00:00:00-04:00,2.619999885559082,2.690000057220459,2.549999952316284,2.559999942779541,24800,0.0,0.0
2022-03-16 00:00:00-04:00,2.5799999237060547,2.7300000190734863,2.5799999237060547,2.5899999141693115,14400,0.0,0.0
2022-03-17 00:00:00-04:00,2.640000104904175,2.740000009536743,2.640000104904175,2.740000009536743,31600,0.0,0.0
2022-03-18 00:00:00-04:00,2.740000009536743,2.859999895095825,2.6500000953674316,2.75,16000,0.0,0.0
2022-03-21 00:00:00-04:00,2.680000066757202,2.890000104904175,2.680000066757202,2.759999990463257,15000,0.0,0.0
2022-03-22 00:00:00-04:00,2.740000009536743,2.8499999046325684,2.6600000858306885,2.7200000286102295,16700,0.0,0.0
2022-03-23 00:00:00-04:00,2.7100000381469727,2.880000114440918,2.630000114440918,2.7899999618530273,15100,0.0,0.0
2022-03-24 00:00:00-04:00,2.7799999713897705,2.880000114440918,2.759999990463257,2.819999933242798,21100,0.0,0.0
2022-03-25 00:00:00-04:00,2.8499999046325684,2.9100000858306885,2.759999990463257,2.759999990463257,27600,0.0,0.0
2022-03-28 00:00:00-04:00,2.859999895095825,2.859999895095825,2.559999942779541,2.6500000953674316,19700,0.0,0.0
2022-03-29 00:00:00-04:00,2.5799999237060547,2.759999990463257,2.5799999237060547,2.740000009536743,31000,0.0,0.0
2022-03-30 00:00:00-04:00,2.6600000858306885,2.8299999237060547,2.5999999046325684,2.5999999046325684,24700,0.0,0.0
2022-03-31 00:00:00-04:00,2.890000104904175,3.1500000953674316,2.5999999046325684,2.819999933242798,548600,0.0,0.0
2022-04-01 00:00:00-04:00,2.859999895095825,3.0,2.7200000286102295,2.9200000762939453,111500,0.0,0.0
2022-04-04 00:00:00-04:00,2.9200000762939453,2.940000057220459,2.809999942779541,2.8499999046325684,26400,0.0,0.0
2022-04-05 00:00:00-04:00,2.7899999618530273,2.9600000381469727,2.630000114440918,2.6700000762939453,30600,0.0,0.0
2022-04-06 00:00:00-04:00,2.6500000953674316,2.799999952316284,2.630000114440918,2.7699999809265137,33300,0.0,0.0
2022-04-07 00:00:00-04:00,2.7699999809265137,3.0999999046325684,2.700000047683716,3.0299999713897705,109200,0.0,0.0
2022-04-08 00:00:00-04:00,2.9700000286102295,2.990000009536743,2.8299999237060547,2.9000000953674316,54300,0.0,0.0
2022-04-11 00:00:00-04:00,2.809999942779541,2.8399999141693115,2.630000114440918,2.680000066757202,60000,0.0,0.0
2022-04-12 00:00:00-04:00,2.6600000858306885,2.75,2.5999999046325684,2.619999885559082,21900,0.0,0.0
2022-04-13 00:00:00-04:00,2.619999885559082,2.740000009536743,2.619999885559082,2.7300000190734863,20300,0.0,0.0
2022-04-14 00:00:00-04:00,2.6500000953674316,2.740000009536743,2.5999999046325684,2.630000114440918,7600,0.0,0.0
2022-04-18 00:00:00-04:00,2.609999895095825,2.630000114440918,2.5399999618530273,2.549999952316284,14800,0.0,0.0
2022-04-19 00:00:00-04:00,2.5299999713897705,2.680000066757202,2.5299999713897705,2.5999999046325684,13200,0.0,0.0
2022-04-20 00:00:00-04:00,2.5899999141693115,2.740000009536743,2.5899999141693115,2.690000057220459,16800,0.0,0.0
2022-04-21 00:00:00-04:00,2.6500000953674316,2.740000009536743,2.6500000953674316,2.700000047683716,14300,0.0,0.0
2022-04-22 00:00:00-04:00,2.6600000858306885,2.7100000381469727,2.549999952316284,2.5899999141693115,15600,0.0,0.0
2022-04-25 00:00:00-04:00,2.640000104904175,2.640000104904175,2.549999952316284,2.549999952316284,14200,0.0,0.0
2022-04-26 00:00:00-04:00,2.5399999618530273,2.5399999618530273,2.450000047683716,2.4600000381469727,32300,0.0,0.0
2022-04-27 00:00:00-04:00,2.450000047683716,2.4800000190734863,2.2100000381469727,2.2100000381469727,46600,0.0,0.0
2022-04-28 00:00:00-04:00,2.190000057220459,2.509999990463257,2.190000057220459,2.440000057220459,34100,0.0,0.0
2022-04-29 00:00:00-04:00,2.390000104904175,2.509999990463257,2.3499999046325684,2.3499999046325684,20400,0.0,0.0
2022-05-02 00:00:00-04:00,2.3299999237060547,2.4700000286102295,2.3299999237060547,2.390000104904175,15000,0.0,0.0
2022-05-03 00:00:00-04:00,2.450000047683716,2.549999952316284,2.3399999141693115,2.4100000858306885,38600,0.0,0.0
2022-05-04 00:00:00-04:00,2.390000104904175,2.4800000190734863,2.299999952316284,2.4600000381469727,17100,0.0,0.0
2022-05-05 00:00:00-04:00,2.440000057220459,2.4800000190734863,2.2899999618530273,2.4000000953674316,11600,0.0,0.0
2022-05-06 00:00:00-04:00,2.319999933242798,2.640000104904175,2.299999952316284,2.4100000858306885,35600,0.0,0.0
2022-05-09 00:00:00-04:00,2.509999990463257,2.6500000953674316,2.4200000762939453,2.619999885559082,61600,0.0,0.0
2022-05-10 00:00:00-04:00,2.690000057220459,2.690000057220459,2.5199999809265137,2.5799999237060547,21900,0.0,0.0
2022-05-11 00:00:00-04:00,2.190000057220459,2.390000104904175,2.1700000762939453,2.2100000381469727,57700,0.0,0.0
2022-05-12 00:00:00-04:00,2.2899999618530273,2.2899999618530273,2.1700000762939453,2.2300000190734863,13900,0.0,0.0
2022-05-13 00:00:00-04:00,2.2799999713897705,2.369999885559082,2.2200000286102295,2.2300000190734863,16300,0.0,0.0
2022-05-16 00:00:00-04:00,2.3499999046325684,2.3499999046325684,2.2300000190734863,2.25,9400,0.0,0.0
2022-05-17 00:00:00-04:00,2.2799999713897705,2.359999895095825,2.259999990463257,2.2799999713897705,19200,0.0,0.0
2022-05-18 00:00:00-04:00,2.259999990463257,2.5799999237060547,2.2300000190734863,2.2699999809265137,9100,0.0,0.0
2022-05-19 00:00:00-04:00,2.359999895095825,2.359999895095825,2.2300000190734863,2.2799999713897705,4500,0.0,0.0
2022-05-20 00:00:00-04:00,2.1700000762939453,2.240000009536743,2.1700000762939453,2.2100000381469727,21000,0.0,0.0
2022-05-23 00:00:00-04:00,2.2799999713897705,2.2799999713897705,2.140000104904175,2.1600000858306885,16000,0.0,0.0
2022-05-24 00:00:00-04:00,2.140000104904175,2.200000047683716,2.119999885559082,2.119999885559082,7100,0.0,0.0
2022-05-25 00:00:00-04:00,2.1600000858306885,2.190000057220459,2.119999885559082,2.190000057220459,6400,0.0,0.0
2022-05-26 00:00:00-04:00,2.1500000953674316,2.1700000762939453,2.069999933242798,2.109999895095825,32900,0.0,0.0
2022-05-27 00:00:00-04:00,2.0899999141693115,2.1600000858306885,2.069999933242798,2.0999999046325684,17700,0.0,0.0
2022-05-31 00:00:00-04:00,2.0999999046325684,2.130000114440918,2.0799999237060547,2.0899999141693115,8000,0.0,0.0
2022-06-01 00:00:00-04:00,2.0999999046325684,2.0999999046325684,2.0299999713897705,2.0899999141693115,12000,0.0,0.0
2022-06-02 00:00:00-04:00,1.9900000095367432,2.109999895095825,1.9900000095367432,2.0399999618530273,14400,0.0,0.0
2022-06-03 00:00:00-04:00,2.059999942779541,2.109999895095825,2.0299999713897705,2.049999952316284,14300,0.0,0.0
2022-06-06 00:00:00-04:00,2.049999952316284,2.0799999237060547,2.0399999618530273,2.0399999618530273,4700,0.0,0.0
2022-06-07 00:00:00-04:00,2.0299999713897705,2.0999999046325684,2.0299999713897705,2.0399999618530273,7700,0.0,0.0
2022-06-08 00:00:00-04:00,2.0399999618530273,2.130000114440918,2.0299999713897705,2.049999952316284,5600,0.0,0.0
2022-06-09 00:00:00-04:00,2.069999933242798,2.109999895095825,2.0399999618530273,2.049999952316284,9700,0.0,0.0
2022-06-10 00:00:00-04:00,2.0299999713897705,2.049999952316284,2.0,2.0,15100,0.0,0.0
2022-06-13 00:00:00-04:00,2.0,2.049999952316284,1.9700000286102295,1.9800000190734863,21600,0.0,0.0
2022-06-14 00:00:00-04:00,2.0399999618530273,2.049999952316284,1.9700000286102295,1.9700000286102295,23900,0.0,0.0
2022-06-15 00:00:00-04:00,1.9500000476837158,1.9900000095367432,1.909999966621399,1.9600000381469727,19300,0.0,0.0
2022-06-16 00:00:00-04:00,1.9199999570846558,1.9700000286102295,1.8899999856948853,1.9299999475479126,12200,0.0,0.0
2022-06-17 00:00:00-04:00,1.940000057220459,1.9900000095367432,1.899999976158142,1.940000057220459,9700,0.0,0.0
2022-06-21 00:00:00-04:00,1.899999976158142,1.9800000190734863,1.899999976158142,1.9500000476837158,5300,0.0,0.0
2022-06-22 00:00:00-04:00,1.909999966621399,2.059999942779541,1.909999966621399,2.0399999618530273,5700,0.0,0.0
2022-06-23 00:00:00-04:00,2.009999990463257,2.0399999618530273,2.0,2.009999990463257,3700,0.0,0.0
2022-06-24 00:00:00-04:00,2.059999942779541,2.140000104904175,2.049999952316284,2.0999999046325684,2700,0.0,0.0
2022-06-27 00:00:00-04:00,2.140000104904175,2.140000104904175,2.059999942779541,2.059999942779541,4700,0.0,0.0
2022-06-28 00:00:00-04:00,2.0199999809265137,2.069999933242798,2.0199999809265137,2.0399999618530273,1800,0.0,0.0
2022-06-29 00:00:00-04:00,2.069999933242798,2.140000104904175,2.0399999618530273,2.049999952316284,7300,0.0,0.0
2022-06-30 00:00:00-04:00,2.049999952316284,2.0899999141693115,2.049999952316284,2.0799999237060547,3900,0.0,0.0
2022-07-01 00:00:00-04:00,2.0799999237060547,2.140000104904175,2.0799999237060547,2.0999999046325684,10000,0.0,0.0
2022-07-05 00:00:00-04:00,2.1500000953674316,2.200000047683716,2.059999942779541,2.059999942779541,12000,0.0,0.0
2022-07-06 00:00:00-04:00,2.0899999141693115,2.1600000858306885,2.0899999141693115,2.0899999141693115,4700,0.0,0.0
2022-07-07 00:00:00-04:00,2.200000047683716,2.200000047683716,2.1500000953674316,2.1500000953674316,2800,0.0,0.0
2022-07-08 00:00:00-04:00,2.190000057220459,2.240000009536743,2.130000114440918,2.200000047683716,12500,0.0,0.0
2022-07-11 00:00:00-04:00,2.25,2.25,2.200000047683716,2.2200000286102295,5000,0.0,0.0
2022-07-12 00:00:00-04:00,2.25,2.2899999618530273,2.2200000286102295,2.2200000286102295,8100,0.0,0.0
2022-07-13 00:00:00-04:00,2.240000009536743,2.2799999713897705,2.2100000381469727,2.2799999713897705,17200,0.0,0.0
2022-07-14 00:00:00-04:00,2.2100000381469727,2.299999952316284,2.2100000381469727,2.299999952316284,4100,0.0,0.0
2022-07-15 00:00:00-04:00,2.319999933242798,2.319999933242798,2.2200000286102295,2.240000009536743,8600,0.0,0.0
2022-07-18 00:00:00-04:00,2.2100000381469727,2.4800000190734863,2.2100000381469727,2.2300000190734863,15300,0.0,0.0
2022-07-19 00:00:00-04:00,2.359999895095825,2.5299999713897705,2.359999895095825,2.4600000381469727,20100,0.0,0.0
2022-07-20 00:00:00-04:00,2.4600000381469727,2.5799999237060547,2.440000057220459,2.5199999809265137,23200,0.0,0.0
2022-07-21 00:00:00-04:00,2.5299999713897705,2.5799999237060547,2.5,2.559999942779541,7700,0.0,0.0
2022-07-22 00:00:00-04:00,2.5899999141693115,2.5899999141693115,2.4200000762939453,2.4200000762939453,12300,0.0,0.0
2022-07-25 00:00:00-04:00,2.430000066757202,2.5,2.4200000762939453,2.450000047683716,4500,0.0,0.0
2022-07-26 00:00:00-04:00,2.4800000190734863,2.5,2.4100000858306885,2.4100000858306885,14300,0.0,0.0
2022-07-27 00:00:00-04:00,2.450000047683716,2.450000047683716,2.359999895095825,2.390000104904175,3300,0.0,0.0
2022-07-28 00:00:00-04:00,2.359999895095825,2.369999885559082,2.240000009536743,2.2699999809265137,6800,0.0,0.0
2022-07-29 00:00:00-04:00,2.259999990463257,2.2899999618530273,2.240000009536743,2.2699999809265137,6000,0.0,0.0
2022-08-01 00:00:00-04:00,2.259999990463257,2.3499999046325684,2.259999990463257,2.3299999237060547,3700,0.0,0.0
2022-08-02 00:00:00-04:00,2.2899999618530273,2.309999942779541,2.2899999618530273,2.309999942779541,800,0.0,0.0
2022-08-03 00:00:00-04:00,2.3299999237060547,2.450000047683716,2.1500000953674316,2.1700000762939453,7700,0.0,0.0
2022-08-04 00:00:00-04:00,2.2799999713897705,2.2799999713897705,2.130000114440918,2.1600000858306885,15700,0.0,0.0
2022-08-05 00:00:00-04:00,2.119999885559082,2.140000104904175,2.0899999141693115,2.0899999141693115,18600,0.0,0.0
2022-08-08 00:00:00-04:00,2.130000114440918,2.2300000190734863,2.130000114440918,2.1500000953674316,5600,0.0,0.0
2022-08-09 00:00:00-04:00,2.130000114440918,2.299999952316284,2.0999999046325684,2.0999999046325684,6400,0.0,0.0
2022-08-10 00:00:00-04:00,2.200000047683716,2.4100000858306885,2.1700000762939453,2.369999885559082,22300,0.0,0.0
2022-08-11 00:00:00-04:00,2.450000047683716,2.4800000190734863,2.440000057220459,2.440000057220459,5700,0.0,0.0
2022-08-12 00:00:00-04:00,2.4200000762939453,2.5999999046325684,2.3499999046325684,2.450000047683716,6000,0.0,0.0
2022-08-15 00:00:00-04:00,2.3499999046325684,2.450000047683716,2.3499999046325684,2.3499999046325684,8500,0.0,0.0
2022-08-16 00:00:00-04:00,2.4000000953674316,2.4100000858306885,2.190000057220459,2.190000057220459,61400,0.0,0.0
2022-08-17 00:00:00-04:00,2.190000057220459,2.299999952316284,2.190000057220459,2.2799999713897705,3600,0.0,0.0
2022-08-18 00:00:00-04:00,2.190000057220459,2.299999952316284,2.119999885559082,2.299999952316284,12800,0.0,0.0
2022-08-19 00:00:00-04:00,2.380000114440918,2.390000104904175,2.299999952316284,2.359999895095825,5700,0.0,0.0
2022-08-22 00:00:00-04:00,2.6700000762939453,2.6700000762939453,2.3399999141693115,2.569999933242798,14400,0.0,0.0
2022-08-23 00:00:00-04:00,2.619999885559082,2.619999885559082,2.450000047683716,2.5999999046325684,4700,0.0,0.0
2022-08-24 00:00:00-04:00,2.5999999046325684,2.5999999046325684,2.509999990463257,2.559999942779541,8600,0.0,0.0
2022-08-25 00:00:00-04:00,2.509999990463257,2.630000114440918,2.4700000286102295,2.5799999237060547,7600,0.0,0.0
2022-08-26 00:00:00-04:00,2.5799999237060547,2.5999999046325684,2.4000000953674316,2.450000047683716,4900,0.0,0.0
2022-08-29 00:00:00-04:00,2.319999933242798,2.450000047683716,2.319999933242798,2.450000047683716,4300,0.0,0.0
2022-08-30 00:00:00-04:00,2.4100000858306885,2.4100000858306885,2.25,2.309999942779541,9500,0.0,0.0
2022-08-31 00:00:00-04:00,2.319999933242798,2.4000000953674316,2.309999942779541,2.3499999046325684,4400,0.0,0.0
2022-09-01 00:00:00-04:00,2.2699999809265137,2.390000104904175,2.2699999809265137,2.2799999713897705,14900,0.0,0.0
2022-09-02 00:00:00-04:00,2.200000047683716,2.450000047683716,2.1700000762939453,2.240000009536743,8100,0.0,0.0
2022-09-06 00:00:00-04:00,2.2200000286102295,2.240000009536743,2.0999999046325684,2.2100000381469727,6400,0.0,0.0
2022-09-07 00:00:00-04:00,2.109999895095825,2.259999990463257,2.109999895095825,2.2300000190734863,4000,0.0,0.0
2022-09-08 00:00:00-04:00,2.2200000286102295,2.299999952316284,2.1700000762939453,2.299999952316284,3500,0.0,0.0
2022-09-09 00:00:00-04:00,2.1500000953674316,2.25,2.1500000953674316,2.25,2700,0.0,0.0
2022-09-12 00:00:00-04:00,2.2899999618530273,2.4700000286102295,2.200000047683716,2.2699999809265137,6900,0.0,0.0
2022-09-13 00:00:00-04:00,2.509999990463257,2.509999990463257,2.1700000762939453,2.440000057220459,18800,0.0,0.0
2022-09-14 00:00:00-04:00,2.319999933242798,2.5199999809265137,2.319999933242798,2.390000104904175,10100,0.0,0.0
2022-09-15 00:00:00-04:00,2.319999933242798,2.5,2.240000009536743,2.5,5800,0.0,0.0
2022-09-16 00:00:00-04:00,2.259999990463257,2.630000114440918,2.259999990463257,2.630000114440918,10200,0.0,0.0
2022-09-19 00:00:00-04:00,2.509999990463257,2.609999895095825,2.4700000286102295,2.5999999046325684,5300,0.0,0.0
2022-09-20 00:00:00-04:00,2.5999999046325684,2.5999999046325684,2.509999990463257,2.5799999237060547,2900,0.0,0.0
2022-09-21 00:00:00-04:00,2.4700000286102295,2.5899999141693115,2.4000000953674316,2.569999933242798,8000,0.0,0.0
2022-09-22 00:00:00-04:00,2.5,2.5799999237060547,2.4600000381469727,2.5799999237060547,5000,0.0,0.0
2022-09-23 00:00:00-04:00,2.5799999237060547,2.5999999046325684,2.4100000858306885,2.5799999237060547,5000,0.0,0.0
2022-09-26 00:00:00-04:00,2.319999933242798,2.569999933242798,2.319999933242798,2.569999933242798,4200,0.0,0.0
2022-09-27 00:00:00-04:00,2.5799999237060547,2.5799999237060547,2.4000000953674316,2.4100000858306885,2500,0.0,0.0
2022-09-28 00:00:00-04:00,2.2100000381469727,2.5199999809265137,2.2100000381469727,2.299999952316284,16400,0.0,0.0
2022-09-29 00:00:00-04:00,2.259999990463257,2.5299999713897705,2.259999990463257,2.490000009536743,6700,0.0,0.0
2022-09-30 00:00:00-04:00,2.440000057220459,2.609999895095825,2.3399999141693115,2.4100000858306885,6800,0.0,0.0
2022-10-03 00:00:00-04:00,2.5299999713897705,2.5999999046325684,2.4800000190734863,2.5999999046325684,8900,0.0,0.0
2022-10-04 00:00:00-04:00,2.5999999046325684,2.630000114440918,2.490000009536743,2.5199999809265137,14900,0.0,0.0
2022-10-05 00:00:00-04:00,2.4600000381469727,2.5899999141693115,2.450000047683716,2.4700000286102295,4400,0.0,0.0
2022-10-06 00:00:00-04:00,2.4600000381469727,2.6700000762939453,2.450000047683716,2.5899999141693115,7200,0.0,0.0
2022-10-07 00:00:00-04:00,2.4700000286102295,2.7100000381469727,2.359999895095825,2.359999895095825,16400,0.0,0.0
2022-10-10 00:00:00-04:00,2.3499999046325684,2.5999999046325684,2.3499999046325684,2.359999895095825,20500,0.0,0.0
2022-10-11 00:00:00-04:00,2.450000047683716,2.490000009536743,2.3299999237060547,2.3299999237060547,6000,0.0,0.0
2022-10-12 00:00:00-04:00,2.490000009536743,2.559999942779541,2.2799999713897705,2.4000000953674316,23200,0.0,0.0
2022-10-13 00:00:00-04:00,2.359999895095825,2.4200000762939453,2.2100000381469727,2.369999885559082,10200,0.0,0.0
2022-10-14 00:00:00-04:00,2.3399999141693115,2.359999895095825,2.25,2.319999933242798,4700,0.0,0.0
2022-10-17 00:00:00-04:00,2.240000009536743,2.3499999046325684,2.240000009536743,2.2699999809265137,5700,0.0,0.0
2022-10-18 00:00:00-04:00,2.390000104904175,2.5199999809265137,2.3499999046325684,2.380000114440918,7000,0.0,0.0
2022-10-19 00:00:00-04:00,2.4600000381469727,2.4600000381469727,2.299999952316284,2.380000114440918,18200,0.0,0.0
2022-10-20 00:00:00-04:00,2.4000000953674316,2.490000009536743,2.4000000953674316,2.4100000858306885,5400,0.0,0.0
2022-10-21 00:00:00-04:00,2.369999885559082,2.490000009536743,2.309999942779541,2.3299999237060547,11200,0.0,0.0
2022-10-24 00:00:00-04:00,2.369999885559082,2.440000057220459,2.3499999046325684,2.3499999046325684,1900,0.0,0.0
2022-10-25 00:00:00-04:00,2.4100000858306885,2.4800000190734863,2.2899999618530273,2.299999952316284,16800,0.0,0.0
2022-10-26 00:00:00-04:00,2.2300000190734863,2.4600000381469727,2.2300000190734863,2.4100000858306885,10600,0.0,0.0
2022-10-27 00:00:00-04:00,2.380000114440918,2.5399999618530273,2.380000114440918,2.5,6900,0.0,0.0
2022-10-28 00:00:00-04:00,2.5299999713897705,2.5399999618530273,2.3399999141693115,2.5199999809265137,4700,0.0,0.0
2022-10-31 00:00:00-04:00,2.5,2.5399999618530273,2.4600000381469727,2.4600000381469727,4500,0.0,0.0
2022-11-01 00:00:00-04:00,2.319999933242798,2.5399999618530273,2.319999933242798,2.5299999713897705,6800,0.0,0.0
2022-11-02 00:00:00-04:00,2.559999942779541,2.559999942779541,2.4600000381469727,2.5399999618530273,2000,0.0,0.0
2022-11-03 00:00:00-04:00,2.5299999713897705,2.5799999237060547,2.4000000953674316,2.430000066757202,10300,0.0,0.0
2022-11-04 00:00:00-04:00,2.309999942779541,2.440000057220459,2.309999942779541,2.430000066757202,4600,0.0,0.0
2022-11-07 00:00:00-05:00,2.440000057220459,2.450000047683716,2.200000047683716,2.299999952316284,40500,0.0,0.0
2022-11-08 00:00:00-05:00,2.319999933242798,2.440000057220459,2.2699999809265137,2.299999952316284,20300,0.0,0.0
2022-11-09 00:00:00-05:00,2.369999885559082,2.430000066757202,2.2799999713897705,2.2899999618530273,17600,0.0,0.0
2022-11-10 00:00:00-05:00,2.3399999141693115,2.4100000858306885,2.2799999713897705,2.319999933242798,25700,0.0,0.0
2022-11-11 00:00:00-05:00,2.299999952316284,2.3499999046325684,2.2300000190734863,2.3499999046325684,16700,0.0,0.0
2022-11-14 00:00:00-05:00,2.309999942779541,2.3299999237060547,2.259999990463257,2.259999990463257,7700,0.0,0.0
2022-11-15 00:00:00-05:00,2.309999942779541,2.3499999046325684,2.2200000286102295,2.2899999618530273,7400,0.0,0.0
2022-11-16 00:00:00-05:00,2.2799999713897705,2.3399999141693115,2.2300000190734863,2.299999952316284,3800,0.0,0.0
2022-11-17 00:00:00-05:00,2.2200000286102295,2.319999933242798,2.2200000286102295,2.2899999618530273,10300,0.0,0.0
2022-11-18 00:00:00-05:00,2.299999952316284,2.299999952316284,2.200000047683716,2.2200000286102295,22000,0.0,0.0
2022-11-21 00:00:00-05:00,2.2799999713897705,2.5199999809265137,2.2799999713897705,2.309999942779541,29300,0.0,0.0
2022-11-22 00:00:00-05:00,2.390000104904175,2.4000000953674316,2.25,2.2699999809265137,9800,0.0,0.0
2022-11-23 00:00:00-05:00,2.2100000381469727,2.309999942779541,2.2100000381469727,2.299999952316284,22900,0.0,0.0
2022-11-25 00:00:00-05:00,2.299999952316284,2.4200000762939453,2.240000009536743,2.25,22700,0.0,0.0
2022-11-28 00:00:00-05:00,2.4700000286102295,2.4700000286102295,2.299999952316284,2.3299999237060547,21800,0.0,0.0
2022-11-29 00:00:00-05:00,2.359999895095825,2.430000066757202,2.2200000286102295,2.4000000953674316,11100,0.0,0.0
2022-11-30 00:00:00-05:00,2.240000009536743,2.3399999141693115,2.2300000190734863,2.2699999809265137,8900,0.0,0.0
2022-12-01 00:00:00-05:00,2.2300000190734863,2.3299999237060547,2.2300000190734863,2.299999952316284,14300,0.0,0.0
2022-12-02 00:00:00-05:00,2.2100000381469727,2.299999952316284,2.2100000381469727,2.25,18200,0.0,0.0
2022-12-05 00:00:00-05:00,2.2200000286102295,2.2200000286102295,2.1600000858306885,2.190000057220459,11800,0.0,0.0
2022-12-06 00:00:00-05:00,2.200000047683716,2.2200000286102295,2.1600000858306885,2.1700000762939453,6100,0.0,0.0
2022-12-07 00:00:00-05:00,2.1600000858306885,2.180000066757202,2.1600000858306885,2.180000066757202,2700,0.0,0.0
2022-12-08 00:00:00-05:00,2.1600000858306885,2.200000047683716,2.1600000858306885,2.1600000858306885,7600,0.0,0.0
2022-12-09 00:00:00-05:00,2.119999885559082,2.1600000858306885,2.0899999141693115,2.140000104904175,20300,0.0,0.0
2022-12-12 00:00:00-05:00,2.140000104904175,2.1700000762939453,2.069999933242798,2.1700000762939453,4700,0.0,0.0
2022-12-13 00:00:00-05:00,2.140000104904175,2.180000066757202,2.119999885559082,2.1500000953674316,4000,0.0,0.0
2022-12-14 00:00:00-05:00,2.140000104904175,2.2699999809265137,2.140000104904175,2.190000057220459,16800,0.0,0.0
2022-12-15 00:00:00-05:00,2.1600000858306885,2.2699999809265137,2.1600000858306885,2.259999990463257,4800,0.0,0.0
2022-12-16 00:00:00-05:00,2.1500000953674316,2.2699999809265137,2.1500000953674316,2.2699999809265137,12100,0.0,0.0
2022-12-19 00:00:00-05:00,2.180000066757202,2.259999990463257,2.140000104904175,2.1600000858306885,6700,0.0,0.0
2022-12-20 00:00:00-05:00,2.2100000381469727,2.3399999141693115,2.119999885559082,2.1600000858306885,8200,0.0,0.0
2022-12-21 00:00:00-05:00,2.0899999141693115,2.309999942779541,2.049999952316284,2.109999895095825,10400,0.0,0.0
2022-12-22 00:00:00-05:00,2.069999933242798,2.240000009536743,2.069999933242798,2.240000009536743,800,0.0,0.0
2022-12-23 00:00:00-05:00,2.0799999237060547,2.1600000858306885,2.0799999237060547,2.109999895095825,1900,0.0,0.0
2022-12-27 00:00:00-05:00,2.259999990463257,2.369999885559082,2.200000047683716,2.319999933242798,22100,0.0,0.0
2022-12-28 00:00:00-05:00,2.319999933242798,2.390000104904175,2.2799999713897705,2.369999885559082,7500,0.0,0.0
2022-12-29 00:00:00-05:00,2.319999933242798,2.4000000953674316,2.309999942779541,2.4000000953674316,13800,0.0,0.0
2022-12-30 00:00:00-05:00,2.380000114440918,2.380000114440918,2.25,2.25,8500,0.0,0.0
2023-01-03 00:00:00-05:00,2.25,2.359999895095825,2.240000009536743,2.309999942779541,17200,0.0,0.0
2023-01-04 00:00:00-05:00,2.309999942779541,2.380000114440918,2.299999952316284,2.369999885559082,17900,0.0,0.0
2023-01-05 00:00:00-05:00,2.309999942779541,2.4200000762939453,2.2699999809265137,2.4100000858306885,6600,0.0,0.0
2023-01-06 00:00:00-05:00,2.240000009536743,2.4800000190734863,2.240000009536743,2.430000066757202,8500,0.0,0.0
2023-01-09 00:00:00-05:00,2.4100000858306885,2.549999952316284,2.4100000858306885,2.509999990463257,35100,0.0,0.0
2023-01-10 00:00:00-05:00,2.509999990463257,2.7100000381469727,2.509999990463257,2.509999990463257,62400,0.0,0.0
2023-01-11 00:00:00-05:00,2.609999895095825,2.7200000286102295,2.430000066757202,2.490000009536743,17200,0.0,0.0
2023-01-12 00:00:00-05:00,2.450000047683716,2.6600000858306885,2.450000047683716,2.6600000858306885,8700,0.0,0.0
2023-01-13 00:00:00-05:00,2.700000047683716,2.799999952316284,2.559999942779541,2.75,20800,0.0,0.0
2023-01-17 00:00:00-05:00,2.7699999809265137,2.9100000858306885,2.7100000381469727,2.7100000381469727,6700,0.0,0.0
2023-01-18 00:00:00-05:00,2.5899999141693115,2.809999942779541,2.5899999141693115,2.609999895095825,20900,0.0,0.0
2023-01-19 00:00:00-05:00,2.5299999713897705,2.7300000190734863,2.5299999713897705,2.690000057220459,6100,0.0,0.0
2023-01-20 00:00:00-05:00,2.640000104904175,2.6600000858306885,2.640000104904175,2.6600000858306885,2600,0.0,0.0
2023-01-23 00:00:00-05:00,2.609999895095825,2.7799999713897705,2.609999895095825,2.609999895095825,17000,0.0,0.0
2023-01-24 00:00:00-05:00,2.5999999046325684,2.690000057220459,2.5999999046325684,2.6500000953674316,2400,0.0,0.0
2023-01-25 00:00:00-05:00,2.6500000953674316,2.75,2.6500000953674316,2.7100000381469727,5600,0.0,0.0
2023-01-26 00:00:00-05:00,2.7200000286102295,2.740000009536743,2.7200000286102295,2.740000009536743,2200,0.0,0.0
2023-01-27 00:00:00-05:00,2.75,2.7799999713897705,2.700000047683716,2.7300000190734863,3600,0.0,0.0
2023-01-30 00:00:00-05:00,2.700000047683716,2.700000047683716,2.700000047683716,2.700000047683716,2300,0.0,0.0
2023-01-31 00:00:00-05:00,2.740000009536743,2.740000009536743,2.700000047683716,2.7100000381469727,3200,0.0,0.0
2023-02-01 00:00:00-05:00,2.7100000381469727,2.7300000190734863,2.700000047683716,2.700000047683716,10600,0.0,0.0
2023-02-02 00:00:00-05:00,2.700000047683716,2.700000047683716,2.5899999141693115,2.5999999046325684,15600,0.0,0.0
2023-02-03 00:00:00-05:00,2.5999999046325684,2.75,2.5899999141693115,2.5899999141693115,32200,0.0,0.0
2023-02-06 00:00:00-05:00,2.640000104904175,2.6700000762939453,2.5799999237060547,2.5999999046325684,7300,0.0,0.0
2023-02-07 00:00:00-05:00,2.5999999046325684,2.6500000953674316,2.5899999141693115,2.5899999141693115,14500,0.0,0.0
2023-02-08 00:00:00-05:00,2.640000104904175,2.640000104904175,2.369999885559082,2.5399999618530273,29800,0.0,0.0
2023-02-09 00:00:00-05:00,2.369999885559082,2.5299999713897705,2.369999885559082,2.5299999713897705,20100,0.0,0.0
2023-02-10 00:00:00-05:00,2.440000057220459,2.7899999618530273,2.440000057220459,2.619999885559082,118200,0.0,0.0
2023-02-13 00:00:00-05:00,2.5,2.569999933242798,2.5,2.5199999809265137,5100,0.0,0.0
2023-02-14 00:00:00-05:00,2.4600000381469727,2.509999990463257,2.4600000381469727,2.5,3300,0.0,0.0
2023-02-15 00:00:00-05:00,2.4700000286102295,2.509999990463257,2.4600000381469727,2.4800000190734863,3100,0.0,0.0
2023-02-16 00:00:00-05:00,2.4700000286102295,2.490000009536743,2.4200000762939453,2.490000009536743,7300,0.0,0.0
2023-02-17 00:00:00-05:00,2.4600000381469727,2.509999990463257,2.450000047683716,2.490000009536743,5000,0.0,0.0
2023-02-21 00:00:00-05:00,2.4600000381469727,2.4600000381469727,2.4000000953674316,2.4200000762939453,7800,0.0,0.0
2023-02-22 00:00:00-05:00,2.4200000762939453,2.430000066757202,2.359999895095825,2.359999895095825,4300,0.0,0.0
2023-02-23 00:00:00-05:00,2.440000057220459,2.440000057220459,2.2799999713897705,2.319999933242798,5900,0.0,0.0
2023-02-24 00:00:00-05:00,2.2799999713897705,2.299999952316284,2.2300000190734863,2.2699999809265137,5800,0.0,0.0
2023-02-27 00:00:00-05:00,2.259999990463257,2.299999952316284,2.240000009536743,2.240000009536743,6400,0.0,0.0
2023-02-28 00:00:00-05:00,2.240000009536743,2.299999952316284,2.2200000286102295,2.299999952316284,10700,0.0,0.0
2023-03-01 00:00:00-05:00,2.259999990463257,2.3299999237060547,2.25,2.2699999809265137,3800,0.0,0.0
2023-03-02 00:00:00-05:00,2.25,2.259999990463257,2.25,2.25,800,0.0,0.0
2023-03-03 00:00:00-05:00,2.559999942779541,2.559999942779541,2.2799999713897705,2.299999952316284,4400,0.0,0.0
2023-03-06 00:00:00-05:00,2.2100000381469727,2.319999933242798,2.2100000381469727,2.2200000286102295,4600,0.0,0.0
2023-03-07 00:00:00-05:00,2.2200000286102295,2.369999885559082,2.2200000286102295,2.309999942779541,6900,0.0,0.0
2023-03-08 00:00:00-05:00,2.369999885559082,2.380000114440918,2.25,2.2699999809265137,6000,0.0,0.0
2023-03-09 00:00:00-05:00,2.2699999809265137,2.2899999618530273,2.200000047683716,2.2699999809265137,5400,0.0,0.0
2023-03-10 00:00:00-05:00,2.200000047683716,2.200000047683716,2.200000047683716,2.200000047683716,900,0.0,0.0
2023-03-13 00:00:00-04:00,2.2200000286102295,2.2200000286102295,2.069999933242798,2.1500000953674316,28600,0.0,0.0
2023-03-14 00:00:00-04:00,2.1600000858306885,2.2899999618530273,2.1500000953674316,2.1500000953674316,28300,0.0,0.0
2023-03-15 00:00:00-04:00,2.069999933242798,2.2100000381469727,2.069999933242798,2.0799999237060547,7800,0.0,0.0
2023-03-16 00:00:00-04:00,2.069999933242798,2.2899999618530273,2.069999933242798,2.200000047683716,28100,0.0,0.0
2023-03-17 00:00:00-04:00,2.1600000858306885,2.1600000858306885,1.9199999570846558,1.9199999570846558,24500,0.0,0.0
2023-03-20 00:00:00-04:00,1.9199999570846558,2.0899999141693115,1.909999966621399,2.0,43700,0.0,0.0
2023-03-21 00:00:00-04:00,2.0799999237060547,2.0899999141693115,1.9600000381469727,1.9700000286102295,14900,0.0,0.0
2023-03-22 00:00:00-04:00,1.9199999570846558,2.0799999237060547,1.9199999570846558,1.940000057220459,19800,0.0,0.0
2023-03-23 00:00:00-04:00,1.940000057220459,1.940000057220459,1.9199999570846558,1.940000057220459,4700,0.0,0.0
2023-03-24 00:00:00-04:00,1.8899999856948853,1.9700000286102295,1.8899999856948853,1.9700000286102295,3300,0.0,0.0
2023-03-27 00:00:00-04:00,1.9500000476837158,2.009999990463257,1.9500000476837158,2.0,5700,0.0,0.0
2023-03-28 00:00:00-04:00,2.0,2.0399999618530273,1.9900000095367432,1.9900000095367432,3100,0.0,0.0
2023-03-29 00:00:00-04:00,2.049999952316284,2.049999952316284,1.9800000190734863,2.0,3400,0.0,0.0
2023-03-30 00:00:00-04:00,1.9600000381469727,1.9800000190734863,1.9299999475479126,1.9500000476837158,7500,0.0,0.0
2023-03-31 00:00:00-04:00,1.9500000476837158,1.9900000095367432,1.9500000476837158,1.9500000476837158,1900,0.0,0.0
2023-04-03 00:00:00-04:00,1.9500000476837158,1.9600000381469727,1.899999976158142,1.899999976158142,3500,0.0,0.0
2023-04-04 00:00:00-04:00,1.899999976158142,1.9700000286102295,1.899999976158142,1.899999976158142,4200,0.0,0.0
2023-04-05 00:00:00-04:00,1.909999966621399,1.9600000381469727,1.899999976158142,1.9600000381469727,3700,0.0,0.0
2023-04-06 00:00:00-04:00,1.9299999475479126,2.0399999618530273,1.9299999475479126,2.009999990463257,5400,0.0,0.0
2023-04-10 00:00:00-04:00,2.2200000286102295,2.2200000286102295,1.8899999856948853,1.8899999856948853,10400,0.0,0.0
2023-04-11 00:00:00-04:00,2.259999990463257,2.259999990463257,1.899999976158142,1.9299999475479126,24000,0.0,0.0
2023-04-12 00:00:00-04:00,1.9500000476837158,1.9600000381469727,1.899999976158142,1.9299999475479126,2000,0.0,0.0
2023-04-13 00:00:00-04:00,1.9299999475479126,1.9600000381469727,1.9199999570846558,1.9600000381469727,3900,0.0,0.0
2023-04-14 00:00:00-04:00,1.899999976158142,1.9199999570846558,1.8799999952316284,1.9199999570846558,3200,0.0,0.0
2023-04-17 00:00:00-04:00,1.9500000476837158,1.9800000190734863,1.8799999952316284,1.8799999952316284,10400,0.0,0.0
2023-04-18 00:00:00-04:00,1.8799999952316284,1.909999966621399,1.8799999952316284,1.8799999952316284,9200,0.0,0.0
2023-04-19 00:00:00-04:00,1.8799999952316284,1.9299999475479126,1.8799999952316284,1.9299999475479126,3000,0.0,0.0
2023-04-20 00:00:00-04:00,1.8799999952316284,1.909999966621399,1.8799999952316284,1.909999966621399,1800,0.0,0.0
2023-04-21 00:00:00-04:00,1.9199999570846558,1.9199999570846558,1.8899999856948853,1.9199999570846558,3100,0.0,0.0
2023-04-24 00:00:00-04:00,1.9500000476837158,1.9500000476837158,1.8799999952316284,1.8799999952316284,4400,0.0,0.0
2023-04-25 00:00:00-04:00,1.8899999856948853,1.8899999856948853,1.8700000047683716,1.8799999952316284,2700,0.0,0.0
2023-04-26 00:00:00-04:00,1.8700000047683716,1.8899999856948853,1.8700000047683716,1.8899999856948853,7500,0.0,0.0
2023-04-27 00:00:00-04:00,1.8600000143051147,1.8600000143051147,1.6699999570846558,1.7200000286102295,56500,0.0,0.0
2023-04-28 00:00:00-04:00,1.7000000476837158,1.7899999618530273,1.7000000476837158,1.7100000381469727,3000,0.0,0.0
2023-05-01 00:00:00-04:00,1.7000000476837158,1.7300000190734863,1.7000000476837158,1.7000000476837158,2000,0.0,0.0
2023-05-02 00:00:00-04:00,1.659999966621399,1.6799999475479126,1.6399999856948853,1.659999966621399,4300,0.0,0.0
2023-05-03 00:00:00-04:00,1.6799999475479126,1.6799999475479126,1.6699999570846558,1.6699999570846558,3400,0.0,0.0
2023-05-04 00:00:00-04:00,1.7000000476837158,1.7000000476837158,1.690000057220459,1.7000000476837158,3700,0.0,0.0
2023-05-05 00:00:00-04:00,1.6699999570846558,1.7300000190734863,1.6699999570846558,1.7300000190734863,6800,0.0,0.0
2023-05-08 00:00:00-04:00,1.7200000286102295,1.7899999618530273,1.659999966621399,1.6799999475479126,19700,0.0,0.0
2023-05-09 00:00:00-04:00,1.6799999475479126,1.7000000476837158,1.6799999475479126,1.6799999475479126,13900,0.0,0.0
2023-05-10 00:00:00-04:00,1.600000023841858,1.809999942779541,1.600000023841858,1.690000057220459,9300,0.0,0.0
2023-05-11 00:00:00-04:00,1.6699999570846558,1.7200000286102295,1.6699999570846558,1.7200000286102295,1900,0.0,0.0
2023-05-12 00:00:00-04:00,1.690000057220459,1.7100000381469727,1.649999976158142,1.649999976158142,11900,0.0,0.0
2023-05-15 00:00:00-04:00,1.7000000476837158,1.940000057220459,1.600000023841858,1.7999999523162842,337700,0.0,0.0
2023-05-16 00:00:00-04:00,1.7000000476837158,1.8300000429153442,1.7000000476837158,1.7100000381469727,43800,0.0,0.0
2023-05-17 00:00:00-04:00,1.6699999570846558,1.7799999713897705,1.6699999570846558,1.7400000095367432,10000,0.0,0.0
2023-05-18 00:00:00-04:00,1.6799999475479126,1.7899999618530273,1.6799999475479126,1.7599999904632568,19900,0.0,0.0
2023-05-19 00:00:00-04:00,1.7699999809265137,1.7799999713897705,1.7400000095367432,1.75,6300,0.0,0.0
2023-05-22 00:00:00-04:00,1.7100000381469727,1.75,1.6699999570846558,1.7400000095367432,16000,0.0,0.0
2023-05-23 00:00:00-04:00,1.9700000286102295,2.1600000858306885,1.5499999523162842,1.7400000095367432,573000,0.0,0.0
2023-05-24 00:00:00-04:00,1.7400000095367432,1.7599999904632568,1.6100000143051147,1.6299999952316284,52200,0.0,0.0
2023-05-25 00:00:00-04:00,1.6299999952316284,1.7400000095367432,1.5700000524520874,1.600000023841858,59600,0.0,0.0
2023-05-26 00:00:00-04:00,1.6100000143051147,1.6299999952316284,1.5800000429153442,1.590000033378601,16600,0.0,0.0
2023-05-30 00:00:00-04:00,1.590000033378601,1.600000023841858,1.5800000429153442,1.590000033378601,9300,0.0,0.0
2023-05-31 00:00:00-04:00,1.5399999618530273,1.7000000476837158,1.5399999618530273,1.6100000143051147,19900,0.0,0.0
2023-06-01 00:00:00-04:00,1.6299999952316284,1.7300000190734863,1.600000023841858,1.649999976158142,17100,0.0,0.0
2023-06-02 00:00:00-04:00,1.6799999475479126,1.6799999475479126,1.6200000047683716,1.649999976158142,10100,0.0,0.0
2023-06-05 00:00:00-04:00,1.590000033378601,1.659999966621399,1.590000033378601,1.6299999952316284,48700,0.0,0.0
2023-06-06 00:00:00-04:00,1.649999976158142,1.7100000381469727,1.600000023841858,1.6200000047683716,38600,0.0,0.0
2023-06-07 00:00:00-04:00,1.7799999713897705,1.7799999713897705,1.6100000143051147,1.6200000047683716,33400,0.0,0.0
2023-06-08 00:00:00-04:00,1.6399999856948853,1.7400000095367432,1.6200000047683716,1.649999976158142,35500,0.0,0.0
2023-06-09 00:00:00-04:00,1.6699999570846558,1.690000057220459,1.590000033378601,1.590000033378601,39100,0.0,0.0
2023-06-12 00:00:00-04:00,1.6799999475479126,1.7000000476837158,1.659999966621399,1.6799999475479126,27800,0.0,0.0
2023-06-13 00:00:00-04:00,1.6200000047683716,1.8700000047683716,1.6200000047683716,1.7599999904632568,54900,0.0,0.0
2023-06-14 00:00:00-04:00,1.7400000095367432,1.7699999809265137,1.7000000476837158,1.7000000476837158,21500,0.0,0.0
2023-06-15 00:00:00-04:00,1.7699999809265137,1.7699999809265137,1.7000000476837158,1.7200000286102295,12900,0.0,0.0
2023-06-16 00:00:00-04:00,1.7300000190734863,1.7300000190734863,1.659999966621399,1.6799999475479126,13600,0.0,0.0
2023-06-20 00:00:00-04:00,1.6299999952316284,1.690000057220459,1.600000023841858,1.600000023841858,18800,0.0,0.0
2023-06-21 00:00:00-04:00,1.6100000143051147,1.6100000143051147,1.590000033378601,1.6100000143051147,31400,0.0,0.0
2023-06-22 00:00:00-04:00,1.6299999952316284,1.659999966621399,1.590000033378601,1.590000033378601,11000,0.0,0.0
2023-06-23 00:00:00-04:00,1.5800000429153442,1.600000023841858,1.5,1.5299999713897705,23800,0.0,0.0
2023-06-26 00:00:00-04:00,1.5499999523162842,1.6100000143051147,1.5,1.5,41600,0.0,0.0
2023-06-27 00:00:00-04:00,1.5,1.590000033378601,1.5,1.5499999523162842,8700,0.0,0.0
2023-06-28 00:00:00-04:00,1.5099999904632568,1.5499999523162842,1.5099999904632568,1.5199999809265137,5600,0.0,0.0
2023-06-29 00:00:00-04:00,1.5499999523162842,1.5499999523162842,1.4900000095367432,1.5,10700,0.0,0.0
2023-06-30 00:00:00-04:00,1.4900000095367432,1.4900000095367432,1.4299999475479126,1.4700000286102295,15600,0.0,0.0
2023-07-03 00:00:00-04:00,1.4700000286102295,1.5199999809265137,1.4700000286102295,1.5,6800,0.0,0.0
2023-07-05 00:00:00-04:00,1.4800000190734863,1.4900000095367432,1.4800000190734863,1.4800000190734863,8600,0.0,0.0
2023-07-06 00:00:00-04:00,1.4500000476837158,1.5299999713897705,1.4500000476837158,1.5299999713897705,10300,0.0,0.0
2023-07-07 00:00:00-04:00,1.5,1.5299999713897705,1.4800000190734863,1.5,39600,0.0,0.0
2023-07-10 00:00:00-04:00,1.5199999809265137,1.5199999809265137,1.4800000190734863,1.4800000190734863,6700,0.0,0.0
2023-07-11 00:00:00-04:00,1.440000057220459,1.5,1.4299999475479126,1.4299999475479126,29000,0.0,0.0
2023-07-12 00:00:00-04:00,1.4500000476837158,1.5199999809265137,1.4500000476837158,1.5199999809265137,11600,0.0,0.0
2023-07-13 00:00:00-04:00,1.5299999713897705,1.559999942779541,1.5,1.5199999809265137,10300,0.0,0.0
2023-07-14 00:00:00-04:00,1.559999942779541,1.5800000429153442,1.5,1.5,7600,0.0,0.0
2023-07-17 00:00:00-04:00,1.5299999713897705,1.5299999713897705,1.5099999904632568,1.5099999904632568,4300,0.0,0.0
2023-07-18 00:00:00-04:00,1.5299999713897705,1.5800000429153442,1.5199999809265137,1.5499999523162842,13300,0.0,0.0
2023-07-19 00:00:00-04:00,1.5199999809265137,1.5700000524520874,1.5199999809265137,1.5199999809265137,5400,0.0,0.0
2023-07-20 00:00:00-04:00,1.5499999523162842,1.6200000047683716,1.5499999523162842,1.5800000429153442,6900,0.0,0.0
2023-07-21 00:00:00-04:00,1.590000033378601,1.6399999856948853,1.5499999523162842,1.5499999523162842,8400,0.0,0.0
2023-07-24 00:00:00-04:00,1.5399999618530273,1.5499999523162842,1.5099999904632568,1.5099999904632568,12700,0.0,0.0
2023-07-25 00:00:00-04:00,1.5199999809265137,1.5399999618530273,1.5099999904632568,1.5099999904632568,12900,0.0,0.0
2023-07-26 00:00:00-04:00,1.5299999713897705,1.559999942779541,1.5299999713897705,1.5299999713897705,11300,0.0,0.0
2023-07-27 00:00:00-04:00,1.5399999618530273,1.5399999618530273,1.5199999809265137,1.5299999713897705,6000,0.0,0.0
2023-07-28 00:00:00-04:00,1.5499999523162842,1.559999942779541,1.5099999904632568,1.5099999904632568,14100,0.0,0.0
2023-07-31 00:00:00-04:00,1.5700000524520874,1.5700000524520874,1.5,1.5199999809265137,5100,0.0,0.0
2023-08-01 00:00:00-04:00,1.5299999713897705,1.5399999618530273,1.440000057220459,1.4500000476837158,25700,0.0,0.0
2023-08-02 00:00:00-04:00,1.4500000476837158,1.5199999809265137,1.4500000476837158,1.4800000190734863,4400,0.0,0.0
2023-08-03 00:00:00-04:00,1.4800000190734863,1.5199999809265137,1.4700000286102295,1.4800000190734863,17000,0.0,0.0
2023-08-04 00:00:00-04:00,1.5,1.5399999618530273,1.4800000190734863,1.5,16600,0.0,0.0
2023-08-07 00:00:00-04:00,1.5299999713897705,1.5299999713897705,1.4600000381469727,1.4600000381469727,22000,0.0,0.0
2023-08-08 00:00:00-04:00,1.440000057220459,1.5299999713897705,1.4299999475479126,1.4299999475479126,18600,0.0,0.0
2023-08-09 00:00:00-04:00,1.5,1.7000000476837158,1.5,1.649999976158142,83800,0.0,0.0
2023-08-10 00:00:00-04:00,1.6799999475479126,1.8200000524520874,1.659999966621399,1.7300000190734863,56600,0.0,0.0
2023-08-11 00:00:00-04:00,1.7300000190734863,1.75,1.649999976158142,1.7200000286102295,35200,0.0,0.0
2023-08-14 00:00:00-04:00,1.7400000095367432,1.75,1.6299999952316284,1.6799999475479126,28100,0.0,0.0
2023-08-15 00:00:00-04:00,1.6399999856948853,1.659999966621399,1.590000033378601,1.590000033378601,18700,0.0,0.0
2023-08-16 00:00:00-04:00,1.6200000047683716,1.75,1.6200000047683716,1.7400000095367432,74800,0.0,0.0
2023-08-17 00:00:00-04:00,1.690000057220459,1.7300000190734863,1.6200000047683716,1.6299999952316284,30700,0.0,0.0
2023-08-18 00:00:00-04:00,1.6699999570846558,1.7300000190734863,1.6200000047683716,1.659999966621399,6000,0.0,0.0
2023-08-21 00:00:00-04:00,1.6799999475479126,1.7300000190734863,1.649999976158142,1.649999976158142,10200,0.0,0.0
2023-08-22 00:00:00-04:00,1.7200000286102295,1.7200000286102295,1.6399999856948853,1.649999976158142,21700,0.0,0.0
2023-08-23 00:00:00-04:00,1.7200000286102295,1.7200000286102295,1.6100000143051147,1.6799999475479126,15400,0.0,0.0
2023-08-24 00:00:00-04:00,1.659999966621399,1.7000000476837158,1.659999966621399,1.690000057220459,3200,0.0,0.0
2023-08-25 00:00:00-04:00,1.690000057220459,1.7100000381469727,1.690000057220459,1.690000057220459,10500,0.0,0.0
2023-08-28 00:00:00-04:00,1.7200000286102295,1.7200000286102295,1.659999966621399,1.659999966621399,10700,0.0,0.0
2023-08-29 00:00:00-04:00,1.659999966621399,1.6699999570846558,1.649999976158142,1.659999966621399,4600,0.0,0.0
2023-08-30 00:00:00-04:00,1.649999976158142,1.690000057220459,1.649999976158142,1.6799999475479126,4500,0.0,0.0
2023-08-31 00:00:00-04:00,1.6699999570846558,1.6799999475479126,1.649999976158142,1.649999976158142,6200,0.0,0.0
2023-09-01 00:00:00-04:00,1.659999966621399,1.659999966621399,1.659999966621399,1.659999966621399,700,0.0,0.0
2023-09-05 00:00:00-04:00,1.6699999570846558,1.690000057220459,1.6200000047683716,1.6200000047683716,4600,0.0,0.0
2023-09-06 00:00:00-04:00,1.600000023841858,1.690000057220459,1.600000023841858,1.659999966621399,8900,0.0,0.0
2023-09-07 00:00:00-04:00,1.7000000476837158,1.7000000476837158,1.6399999856948853,1.6699999570846558,1400,0.0,0.0
2023-09-08 00:00:00-04:00,1.649999976158142,1.7300000190734863,1.6100000143051147,1.6100000143051147,22800,0.0,0.0
2023-09-11 00:00:00-04:00,1.600000023841858,1.7999999523162842,1.600000023841858,1.6399999856948853,66200,0.0,0.0
2023-09-12 00:00:00-04:00,1.659999966621399,1.8300000429153442,1.659999966621399,1.7400000095367432,52500,0.0,0.0
2023-09-13 00:00:00-04:00,1.7200000286102295,1.850000023841858,1.7200000286102295,1.7999999523162842,29600,0.0,0.0
2023-09-14 00:00:00-04:00,1.8200000524520874,1.8600000143051147,1.7999999523162842,1.850000023841858,24300,0.0,0.0
2023-09-15 00:00:00-04:00,1.7999999523162842,1.9199999570846558,1.7400000095367432,1.9199999570846558,35900,0.0,0.0
2023-09-18 00:00:00-04:00,1.8899999856948853,2.109999895095825,1.8899999856948853,2.0899999141693115,61600,0.0,0.0
2023-09-19 00:00:00-04:00,2.140000104904175,2.140000104904175,2.0799999237060547,2.109999895095825,17600,0.0,0.0
2023-09-20 00:00:00-04:00,2.1500000953674316,2.25,2.109999895095825,2.240000009536743,38900,0.0,0.0
2023-09-21 00:00:00-04:00,2.25,2.3499999046325684,2.200000047683716,2.299999952316284,70100,0.0,0.0
2023-09-22 00:00:00-04:00,2.2699999809265137,2.309999942779541,2.25,2.259999990463257,20200,0.0,0.0
2023-09-25 00:00:00-04:00,2.309999942779541,2.309999942779541,2.1500000953674316,2.1500000953674316,16400,0.0,0.0
2023-09-26 00:00:00-04:00,2.109999895095825,2.1500000953674316,2.0199999809265137,2.0799999237060547,13900,0.0,0.0
2023-09-27 00:00:00-04:00,2.130000114440918,2.130000114440918,1.8799999952316284,1.8799999952316284,13100,0.0,0.0
2023-09-28 00:00:00-04:00,1.8700000047683716,2.0399999618530273,1.840000033378601,1.909999966621399,12700,0.0,0.0
2023-09-29 00:00:00-04:00,1.8600000143051147,1.909999966621399,1.8300000429153442,1.8899999856948853,8200,0.0,0.0
2023-10-02 00:00:00-04:00,1.8899999856948853,1.899999976158142,1.7599999904632568,1.7799999713897705,6600,0.0,0.0
2023-10-03 00:00:00-04:00,1.7000000476837158,1.8700000047683716,1.6299999952316284,1.7899999618530273,9000,0.0,0.0
2023-10-04 00:00:00-04:00,1.7300000190734863,1.8700000047683716,1.7300000190734863,1.8700000047683716,3200,0.0,0.0
2023-10-05 00:00:00-04:00,1.850000023841858,1.8700000047683716,1.7999999523162842,1.809999942779541,19700,0.0,0.0
2023-10-06 00:00:00-04:00,1.7999999523162842,2.0899999141693115,1.7999999523162842,1.9800000190734863,58800,0.0,0.0
2023-10-09 00:00:00-04:00,2.0,2.190000057220459,1.909999966621399,2.069999933242798,16900,0.0,0.0
2023-10-10 00:00:00-04:00,2.0199999809265137,2.0799999237060547,1.9500000476837158,1.9500000476837158,9700,0.0,0.0
2023-10-11 00:00:00-04:00,1.9500000476837158,2.0999999046325684,1.9500000476837158,2.0999999046325684,7100,0.0,0.0
2023-10-12 00:00:00-04:00,2.180000066757202,2.190000057220459,2.0399999618530273,2.140000104904175,7500,0.0,0.0
2023-10-13 00:00:00-04:00,2.059999942779541,2.119999885559082,2.0399999618530273,2.0399999618530273,9600,0.0,0.0
2023-10-16 00:00:00-04:00,2.069999933242798,2.069999933242798,1.9800000190734863,2.0399999618530273,15700,0.0,0.0
2023-10-17 00:00:00-04:00,2.130000114440918,2.259999990463257,2.0199999809265137,2.0199999809265137,52100,0.0,0.0
2023-10-18 00:00:00-04:00,1.9700000286102295,2.2699999809265137,1.9500000476837158,2.009999990463257,21000,0.0,0.0
2023-10-19 00:00:00-04:00,2.0399999618530273,2.1600000858306885,2.009999990463257,2.0199999809265137,47000,0.0,0.0
2023-10-20 00:00:00-04:00,1.9600000381469727,2.130000114440918,1.9500000476837158,2.130000114440918,3000,0.0,0.0
2023-10-23 00:00:00-04:00,2.1600000858306885,2.1600000858306885,2.0,2.009999990463257,4900,0.0,0.0
2023-10-24 00:00:00-04:00,2.109999895095825,2.1500000953674316,1.9900000095367432,2.0899999141693115,16400,0.0,0.0
2023-10-25 00:00:00-04:00,2.059999942779541,2.119999885559082,1.899999976158142,2.0299999713897705,28400,0.0,0.0
2023-10-26 00:00:00-04:00,1.9900000095367432,2.0999999046325684,1.899999976158142,2.0399999618530273,4700,0.0,0.0
2023-10-27 00:00:00-04:00,2.069999933242798,2.0799999237060547,1.9299999475479126,2.0399999618530273,8500,0.0,0.0
2023-10-30 00:00:00-04:00,1.9700000286102295,2.0399999618530273,1.9600000381469727,1.9600000381469727,2500,0.0,0.0
2023-10-31 00:00:00-04:00,1.9600000381469727,2.119999885559082,1.850000023841858,1.9800000190734863,47700,0.0,0.0
2023-11-01 00:00:00-04:00,1.9299999475479126,1.9299999475479126,1.7799999713897705,1.7799999713897705,10000,0.0,0.0
2023-11-02 00:00:00-04:00,1.7300000190734863,2.009999990463257,1.7300000190734863,2.0,28200,0.0,0.0
2023-11-03 00:00:00-04:00,2.109999895095825,2.109999895095825,1.9700000286102295,2.0199999809265137,9600,0.0,0.0
2023-11-06 00:00:00-05:00,1.8600000143051147,2.049999952316284,1.8600000143051147,1.9700000286102295,11800,0.0,0.0
2023-11-07 00:00:00-05:00,1.9700000286102295,2.1500000953674316,1.9700000286102295,2.049999952316284,10000,0.0,0.0
2023-11-08 00:00:00-05:00,2.049999952316284,2.049999952316284,1.809999942779541,1.809999942779541,32700,0.0,0.0
2023-11-09 00:00:00-05:00,1.7599999904632568,1.840000033378601,1.600000023841858,1.6699999570846558,20300,0.0,0.0
2023-11-10 00:00:00-05:00,1.75,1.7899999618530273,1.7400000095367432,1.7699999809265137,6400,0.0,0.0
2023-11-13 00:00:00-05:00,1.75,1.75,1.6100000143051147,1.6100000143051147,8000,0.0,0.0
2023-11-14 00:00:00-05:00,1.6100000143051147,1.75,1.600000023841858,1.6799999475479126,31400,0.0,0.0
2023-11-15 00:00:00-05:00,1.6200000047683716,1.850000023841858,1.6100000143051147,1.6299999952316284,15200,0.0,0.0
2023-11-16 00:00:00-05:00,1.6399999856948853,1.7300000190734863,1.600000023841858,1.600000023841858,3400,0.0,0.0
2023-11-17 00:00:00-05:00,1.7200000286102295,1.840000033378601,1.659999966621399,1.6699999570846558,8700,0.0,0.0
2023-11-20 00:00:00-05:00,1.6100000143051147,1.7200000286102295,1.6100000143051147,1.7200000286102295,12500,0.0,0.0
2023-11-21 00:00:00-05:00,1.7000000476837158,1.7599999904632568,1.7000000476837158,1.7100000381469727,4100,0.0,0.0
2023-11-22 00:00:00-05:00,1.7300000190734863,1.7400000095367432,1.7100000381469727,1.7100000381469727,2100,0.0,0.0
2023-11-24 00:00:00-05:00,1.6100000143051147,1.7200000286102295,1.6100000143051147,1.7200000286102295,2600,0.0,0.0
2023-11-27 00:00:00-05:00,2.0999999046325684,2.0999999046325684,1.6699999570846558,1.6699999570846558,16500,0.0,0.0
2023-11-28 00:00:00-05:00,1.659999966621399,1.7200000286102295,1.659999966621399,1.7100000381469727,4800,0.0,0.0
2023-11-29 00:00:00-05:00,1.6699999570846558,1.75,1.649999976158142,1.649999976158142,4900,0.0,0.0
2023-11-30 00:00:00-05:00,1.659999966621399,1.6799999475479126,1.6399999856948853,1.6399999856948853,4400,0.0,0.0
2023-12-01 00:00:00-05:00,1.7100000381469727,1.7100000381469727,1.600000023841858,1.6799999475479126,13100,0.0,0.0
2023-12-04 00:00:00-05:00,1.690000057220459,1.7400000095367432,1.6799999475479126,1.6799999475479126,5000,0.0,0.0
2023-12-05 00:00:00-05:00,1.6299999952316284,1.690000057220459,1.6299999952316284,1.649999976158142,3700,0.0,0.0
2023-12-06 00:00:00-05:00,1.690000057220459,1.7100000381469727,1.6200000047683716,1.659999966621399,6200,0.0,0.0
2023-12-07 00:00:00-05:00,1.649999976158142,1.659999966621399,1.649999976158142,1.649999976158142,1400,0.0,0.0
2023-12-08 00:00:00-05:00,1.6799999475479126,2.0299999713897705,1.6799999475479126,1.7799999713897705,17600,0.0,0.0
2023-12-11 00:00:00-05:00,1.8600000143051147,1.8799999952316284,1.690000057220459,1.690000057220459,4400,0.0,0.0
2023-12-12 00:00:00-05:00,1.7000000476837158,1.7799999713897705,1.7000000476837158,1.7799999713897705,5000,0.0,0.0
2023-12-13 00:00:00-05:00,1.7999999523162842,1.7999999523162842,1.7200000286102295,1.7200000286102295,7600,0.0,0.0
2023-12-14 00:00:00-05:00,1.7999999523162842,1.8799999952316284,1.7200000286102295,1.7300000190734863,7100,0.0,0.0
2023-12-15 00:00:00-05:00,1.7899999618530273,2.069999933242798,1.7699999809265137,1.7699999809265137,5400,0.0,0.0
2023-12-18 00:00:00-05:00,1.7400000095367432,1.8300000429153442,1.7200000286102295,1.7200000286102295,16900,0.0,0.0
2023-12-19 00:00:00-05:00,1.75,1.75,1.7200000286102295,1.7200000286102295,11600,0.0,0.0
2023-12-20 00:00:00-05:00,1.7699999809265137,1.7699999809265137,1.7000000476837158,1.7400000095367432,34200,0.0,0.0
2023-12-21 00:00:00-05:00,1.7100000381469727,1.7100000381469727,1.690000057220459,1.7000000476837158,22100,0.0,0.0
2023-12-22 00:00:00-05:00,1.7100000381469727,1.7699999809265137,1.7000000476837158,1.7400000095367432,10200,0.0,0.0
2023-12-26 00:00:00-05:00,1.75,1.7999999523162842,1.7300000190734863,1.7599999904632568,23200,0.0,0.0
2023-12-27 00:00:00-05:00,1.7899999618530273,1.909999966621399,1.7899999618530273,1.899999976158142,28000,0.0,0.0
2023-12-28 00:00:00-05:00,1.899999976158142,1.909999966621399,1.8799999952316284,1.899999976158142,11500,0.0,0.0
2023-12-29 00:00:00-05:00,1.7899999618530273,1.899999976158142,1.7200000286102295,1.7899999618530273,13100,0.0,0.0
2024-01-02 00:00:00-05:00,1.7799999713897705,1.8899999856948853,1.7799999713897705,1.850000023841858,4700,0.0,0.0
2024-01-03 00:00:00-05:00,1.850000023841858,2.0399999618530273,1.840000033378601,2.0399999618530273,22900,0.0,0.0
2024-01-04 00:00:00-05:00,1.9800000190734863,2.0899999141693115,1.9299999475479126,2.069999933242798,13200,0.0,0.0
2024-01-05 00:00:00-05:00,2.0799999237060547,2.2699999809265137,2.0799999237060547,2.240000009536743,39100,0.0,0.0
2024-01-08 00:00:00-05:00,2.200000047683716,2.319999933242798,2.200000047683716,2.2200000286102295,20400,0.0,0.0
2024-01-09 00:00:00-05:00,2.130000114440918,2.359999895095825,2.009999990463257,2.119999885559082,30100,0.0,0.0
2024-01-10 00:00:00-05:00,2.1500000953674316,2.1500000953674316,1.8700000047683716,1.8700000047683716,40700,0.0,0.0
2024-01-11 00:00:00-05:00,1.9900000095367432,2.0299999713897705,1.8600000143051147,2.0299999713897705,7200,0.0,0.0
2024-01-12 00:00:00-05:00,1.9600000381469727,2.059999942779541,1.9600000381469727,2.059999942779541,4100,0.0,0.0
2024-01-16 00:00:00-05:00,1.9600000381469727,2.109999895095825,1.8700000047683716,1.9500000476837158,27200,0.0,0.0
2024-01-17 00:00:00-05:00,1.9500000476837158,2.009999990463257,1.9500000476837158,1.9700000286102295,4700,0.0,0.0
2024-01-18 00:00:00-05:00,1.940000057220459,1.9600000381469727,1.8799999952316284,1.9299999475479126,1400,0.0,0.0
2024-01-19 00:00:00-05:00,1.940000057220459,2.0299999713897705,1.940000057220459,2.0199999809265137,9600,0.0,0.0
2024-01-22 00:00:00-05:00,2.0299999713897705,2.0299999713897705,1.899999976158142,1.940000057220459,6500,0.0,0.0
2024-01-23 00:00:00-05:00,1.9900000095367432,1.9900000095367432,1.850000023841858,1.8600000143051147,4600,0.0,0.0
2024-01-24 00:00:00-05:00,1.850000023841858,2.009999990463257,1.840000033378601,1.9800000190734863,8000,0.0,0.0
2024-01-25 00:00:00-05:00,1.850000023841858,1.909999966621399,1.7699999809265137,1.899999976158142,21200,0.0,0.0
2024-01-26 00:00:00-05:00,1.9199999570846558,2.2100000381469727,1.9199999570846558,2.119999885559082,21300,0.0,0.0
2024-01-29 00:00:00-05:00,2.0799999237060547,2.180000066757202,2.0299999713897705,2.049999952316284,3300,0.0,0.0
2024-01-30 00:00:00-05:00,2.140000104904175,2.140000104904175,2.0199999809265137,2.109999895095825,12500,0.0,0.0
2024-01-31 00:00:00-05:00,2.049999952316284,2.1700000762939453,2.0399999618530273,2.0799999237060547,8200,0.0,0.0
2024-02-01 00:00:00-05:00,2.0899999141693115,2.0899999141693115,2.009999990463257,2.009999990463257,6400,0.0,0.0
2024-02-02 00:00:00-05:00,2.0199999809265137,2.0799999237060547,1.9900000095367432,2.0299999713897705,11800,0.0,0.0
2024-02-05 00:00:00-05:00,2.0799999237060547,2.2200000286102295,1.8200000524520874,1.9700000286102295,6600,0.0,0.0
2024-02-06 00:00:00-05:00,1.9700000286102295,1.9700000286102295,1.9700000286102295,1.9700000286102295,800,0.0,0.0
2024-02-07 00:00:00-05:00,1.9700000286102295,1.9700000286102295,1.9700000286102295,1.9700000286102295,500,0.0,0.0
2024-02-08 00:00:00-05:00,2.0,2.1700000762939453,2.0,2.0399999618530273,1800,0.0,0.0
2024-02-09 00:00:00-05:00,2.0399999618530273,2.140000104904175,2.0399999618530273,2.119999885559082,5200,0.0,0.0
2024-02-12 00:00:00-05:00,2.0399999618530273,2.130000114440918,2.0399999618530273,2.049999952316284,11000,0.0,0.0
2024-02-13 00:00:00-05:00,2.180000066757202,2.180000066757202,2.009999990463257,2.009999990463257,7500,0.0,0.0
2024-02-14 00:00:00-05:00,2.049999952316284,2.0999999046325684,2.009999990463257,2.0999999046325684,6400,0.0,0.0
2024-02-15 00:00:00-05:00,2.1700000762939453,2.1700000762939453,2.0299999713897705,2.059999942779541,3500,0.0,0.0
2024-02-16 00:00:00-05:00,2.0999999046325684,2.0999999046325684,2.0999999046325684,2.0999999046325684,7800,0.0,0.0
2024-02-20 00:00:00-05:00,2.059999942779541,2.0999999046325684,2.059999942779541,2.0999999046325684,3600,0.0,0.0
2024-02-21 00:00:00-05:00,2.0999999046325684,2.140000104904175,2.0999999046325684,2.130000114440918,5300,0.0,0.0
2024-02-22 00:00:00-05:00,2.059999942779541,2.2100000381469727,2.059999942779541,2.2100000381469727,46700,0.0,0.0
2024-02-23 00:00:00-05:00,2.0899999141693115,2.2100000381469727,1.899999976158142,2.140000104904175,32400,0.0,0.0
2024-02-26 00:00:00-05:00,2.1700000762939453,2.2300000190734863,2.1700000762939453,2.2100000381469727,4400,0.0,0.0
2024-02-27 00:00:00-05:00,2.200000047683716,2.2100000381469727,2.130000114440918,2.130000114440918,21000,0.0,0.0
2024-02-28 00:00:00-05:00,2.180000066757202,2.200000047683716,2.130000114440918,2.200000047683716,2200,0.0,0.0
2024-02-29 00:00:00-05:00,2.2300000190734863,2.2300000190734863,2.130000114440918,2.130000114440918,2700,0.0,0.0
2024-03-01 00:00:00-05:00,2.1500000953674316,2.2100000381469727,2.119999885559082,2.119999885559082,7300,0.0,0.0
2024-03-04 00:00:00-05:00,2.140000104904175,2.1700000762939453,2.0199999809265137,2.0299999713897705,12800,0.0,0.0
2024-03-05 00:00:00-05:00,2.009999990463257,2.059999942779541,1.9700000286102295,2.0,20800,0.0,0.0
2024-03-06 00:00:00-05:00,1.9900000095367432,2.049999952316284,1.8200000524520874,1.940000057220459,29800,0.0,0.0
2024-03-07 00:00:00-05:00,2.059999942779541,2.0999999046325684,2.0,2.0999999046325684,10300,0.0,0.0
2024-03-08 00:00:00-05:00,2.059999942779541,2.069999933242798,2.009999990463257,2.0299999713897705,3600,0.0,0.0
2024-03-11 00:00:00-04:00,2.009999990463257,2.049999952316284,2.0,2.0299999713897705,5400,0.0,0.0
2024-03-12 00:00:00-04:00,2.0,2.0,1.8200000524520874,1.8200000524520874,10200,0.0,0.0
2024-03-13 00:00:00-04:00,1.8300000429153442,1.8899999856948853,1.809999942779541,1.809999942779541,1100,0.0,0.0
2024-03-14 00:00:00-04:00,1.8200000524520874,1.8899999856948853,1.7999999523162842,1.7999999523162842,8900,0.0,0.0
2024-03-15 00:00:00-04:00,1.8200000524520874,1.909999966621399,1.7999999523162842,1.7999999523162842,27900,0.0,0.0
2024-03-18 00:00:00-04:00,1.850000023841858,1.940000057220459,1.850000023841858,1.8700000047683716,7600,0.0,0.0
2024-03-19 00:00:00-04:00,1.899999976158142,2.0999999046325684,1.8200000524520874,1.8300000429153442,21300,0.0,0.0
2024-03-20 00:00:00-04:00,1.850000023841858,1.8899999856948853,1.850000023841858,1.8799999952316284,3700,0.0,0.0
2024-03-21 00:00:00-04:00,1.8200000524520874,1.8799999952316284,1.7699999809265137,1.809999942779541,16600,0.0,0.0
2024-03-22 00:00:00-04:00,1.7899999618530273,1.8200000524520874,1.7699999809265137,1.809999942779541,21700,0.0,0.0
2024-03-25 00:00:00-04:00,1.75,1.7999999523162842,1.7100000381469727,1.7100000381469727,12800,0.0,0.0
2024-03-26 00:00:00-04:00,1.7000000476837158,1.8300000429153442,1.7000000476837158,1.7100000381469727,11800,0.0,0.0
2024-03-27 00:00:00-04:00,1.75,1.7999999523162842,1.7000000476837158,1.7899999618530273,4500,0.0,0.0
2024-03-28 00:00:00-04:00,1.7400000095367432,1.8700000047683716,1.6799999475479126,1.6799999475479126,4400,0.0,0.0
2024-04-01 00:00:00-04:00,1.7300000190734863,1.8200000524520874,1.6799999475479126,1.6799999475479126,9000,0.0,0.0
2024-04-02 00:00:00-04:00,1.7300000190734863,1.7899999618530273,1.7000000476837158,1.7300000190734863,5500,0.0,0.0
2024-04-03 00:00:00-04:00,1.7699999809265137,1.7699999809265137,1.7200000286102295,1.7200000286102295,20900,0.0,0.0
2024-04-04 00:00:00-04:00,1.7799999713897705,1.8300000429153442,1.649999976158142,1.7799999713897705,14900,0.0,0.0
2024-04-05 00:00:00-04:00,1.8300000429153442,1.840000033378601,1.7400000095367432,1.7599999904632568,6400,0.0,0.0
2024-04-08 00:00:00-04:00,1.7400000095367432,1.7599999904632568,1.7400000095367432,1.7599999904632568,1800,0.0,0.0
2024-04-09 00:00:00-04:00,1.8300000429153442,1.8300000429153442,1.690000057220459,1.690000057220459,5300,0.0,0.0
2024-04-10 00:00:00-04:00,1.690000057220459,1.75,1.600000023841858,1.690000057220459,22600,0.0,0.0
2024-04-11 00:00:00-04:00,1.6299999952316284,1.690000057220459,1.6299999952316284,1.6799999475479126,3500,0.0,0.0
2024-04-12 00:00:00-04:00,1.6299999952316284,1.6399999856948853,1.6299999952316284,1.6299999952316284,1000,0.0,0.0
2024-04-15 00:00:00-04:00,1.6399999856948853,1.6399999856948853,1.5499999523162842,1.5499999523162842,2900,0.0,0.0
2024-04-16 00:00:00-04:00,1.4900000095367432,1.659999966621399,1.4900000095367432,1.559999942779541,18000,0.0,0.0
2024-04-17 00:00:00-04:00,1.5800000429153442,1.7000000476837158,1.5700000524520874,1.5700000524520874,7400,0.0,0.0
2024-04-18 00:00:00-04:00,1.5700000524520874,1.649999976158142,1.5700000524520874,1.649999976158142,1400,0.0,0.0
2024-04-19 00:00:00-04:00,1.590000033378601,1.6100000143051147,1.590000033378601,1.600000023841858,800,0.0,0.0
2024-04-22 00:00:00-04:00,1.649999976158142,1.6699999570846558,1.6200000047683716,1.6200000047683716,2200,0.0,0.0
2024-04-23 00:00:00-04:00,1.690000057220459,1.7000000476837158,1.6299999952316284,1.6399999856948853,6800,0.0,0.0
2024-04-24 00:00:00-04:00,1.600000023841858,1.6799999475479126,1.600000023841858,1.6100000143051147,4500,0.0,0.0
2024-04-25 00:00:00-04:00,1.6100000143051147,1.7000000476837158,1.6100000143051147,1.7000000476837158,700,0.0,0.0
2024-04-26 00:00:00-04:00,1.6699999570846558,1.7899999618530273,1.6699999570846558,1.7599999904632568,4700,0.0,0.0
2024-04-29 00:00:00-04:00,1.7100000381469727,1.7599999904632568,1.6399999856948853,1.7000000476837158,4300,0.0,0.0
2024-04-30 00:00:00-04:00,1.6799999475479126,1.850000023841858,1.5499999523162842,1.600000023841858,28200,0.0,0.0
2024-05-01 00:00:00-04:00,1.4900000095367432,1.590000033378601,1.4199999570846558,1.4199999570846558,28300,0.0,0.0
2024-05-02 00:00:00-04:00,1.4199999570846558,1.5099999904632568,1.4199999570846558,1.5099999904632568,7900,0.0,0.0
2024-05-03 00:00:00-04:00,1.590000033378601,1.649999976158142,1.5800000429153442,1.5800000429153442,9700,0.0,0.0
2024-05-06 00:00:00-04:00,1.5299999713897705,1.7400000095367432,1.5299999713897705,1.5299999713897705,7500,0.0,0.0
2024-05-07 00:00:00-04:00,1.5700000524520874,1.840000033378601,1.5700000524520874,1.5800000429153442,8800,0.0,0.0
2024-05-08 00:00:00-04:00,1.7300000190734863,1.7999999523162842,1.649999976158142,1.6699999570846558,8100,0.0,0.0
2024-05-09 00:00:00-04:00,1.6200000047683716,1.75,1.559999942779541,1.7400000095367432,15300,0.0,0.0
2024-05-10 00:00:00-04:00,1.5800000429153442,1.7400000095367432,1.5399999618530273,1.5399999618530273,8800,0.0,0.0
2024-05-13 00:00:00-04:00,1.590000033378601,1.7400000095367432,1.5800000429153442,1.590000033378601,7700,0.0,0.0
2024-05-14 00:00:00-04:00,1.6399999856948853,1.6799999475479126,1.5299999713897705,1.5700000524520874,8600,0.0,0.0
2024-05-15 00:00:00-04:00,1.590000033378601,1.590000033378601,1.4199999570846558,1.5,27500,0.0,0.0
2024-05-16 00:00:00-04:00,1.4700000286102295,1.5800000429153442,1.4700000286102295,1.5,10900,0.0,0.0
2024-05-17 00:00:00-04:00,1.5,1.5800000429153442,1.5,1.5099999904632568,4100,0.0,0.0
2024-05-20 00:00:00-04:00,1.6100000143051147,1.6399999856948853,1.5,1.559999942779541,14600,0.0,0.0
2024-05-21 00:00:00-04:00,1.600000023841858,1.649999976158142,1.5700000524520874,1.649999976158142,5000,0.0,0.0
2024-05-22 00:00:00-04:00,1.659999966621399,1.7300000190734863,1.5700000524520874,1.5700000524520874,6100,0.0,0.0
2024-05-23 00:00:00-04:00,1.5700000524520874,1.5700000524520874,1.5700000524520874,1.5700000524520874,500,0.0,0.0
2024-05-24 00:00:00-04:00,1.6699999570846558,1.6699999570846558,1.4500000476837158,1.5499999523162842,12700,0.0,0.0
2024-05-28 00:00:00-04:00,1.5800000429153442,1.5800000429153442,1.4700000286102295,1.5099999904632568,7500,0.0,0.0
2024-05-29 00:00:00-04:00,1.4800000190734863,1.4800000190734863,1.4800000190734863,1.4800000190734863,200,0.0,0.0
2024-05-30 00:00:00-04:00,1.4500000476837158,1.4900000095367432,1.4500000476837158,1.4500000476837158,3300,0.0,0.0
2024-05-31 00:00:00-04:00,1.4800000190734863,1.5499999523162842,1.4500000476837158,1.4800000190734863,37400,0.0,0.0
2024-06-03 00:00:00-04:00,1.4500000476837158,1.5299999713897705,1.440000057220459,1.4800000190734863,20200,0.0,0.0
2024-06-04 00:00:00-04:00,1.4600000381469727,1.4800000190734863,1.4500000476837158,1.4500000476837158,7800,0.0,0.0
2024-06-05 00:00:00-04:00,1.4299999475479126,1.4700000286102295,1.4299999475479126,1.440000057220459,9600,0.0,0.0
2024-06-06 00:00:00-04:00,1.4299999475479126,1.4299999475479126,1.4299999475479126,1.4299999475479126,300,0.0,0.0
2024-06-07 00:00:00-04:00,1.4299999475479126,1.4299999475479126,1.3899999856948853,1.3899999856948853,1800,0.0,0.0
2024-06-10 00:00:00-04:00,1.3799999952316284,1.5499999523162842,1.3799999952316284,1.4199999570846558,8800,0.0,0.0
2024-06-11 00:00:00-04:00,1.440000057220459,1.590000033378601,1.440000057220459,1.5299999713897705,2100,0.0,0.0
2024-06-12 00:00:00-04:00,1.4600000381469727,1.590000033378601,1.4600000381469727,1.5099999904632568,1700,0.0,0.0
2024-06-13 00:00:00-04:00,1.4600000381469727,1.5499999523162842,1.4600000381469727,1.5499999523162842,3700,0.0,0.0
2024-06-14 00:00:00-04:00,1.5,1.5099999904632568,1.4600000381469727,1.5099999904632568,2300,0.0,0.0
2024-06-17 00:00:00-04:00,1.4600000381469727,1.5099999904632568,1.4600000381469727,1.4900000095367432,19000,0.0,0.0
2024-06-18 00:00:00-04:00,1.5099999904632568,1.5800000429153442,1.4600000381469727,1.5499999523162842,16300,0.0,0.0
2024-06-20 00:00:00-04:00,1.5499999523162842,1.5800000429153442,1.440000057220459,1.440000057220459,6100,0.0,0.0
2024-06-21 00:00:00-04:00,1.440000057220459,1.590000033378601,1.4299999475479126,1.590000033378601,19800,0.0,0.0
2024-06-24 00:00:00-04:00,1.590000033378601,1.590000033378601,1.5,1.5,4200,0.0,0.0
2024-06-25 00:00:00-04:00,1.5199999809265137,1.5499999523162842,1.4600000381469727,1.4600000381469727,7400,0.0,0.0
2024-06-26 00:00:00-04:00,1.4500000476837158,1.5299999713897705,1.4500000476837158,1.5199999809265137,8700,0.0,0.0
2024-06-27 00:00:00-04:00,1.4900000095367432,1.5199999809265137,1.4600000381469727,1.5199999809265137,6300,0.0,0.0
2024-06-28 00:00:00-04:00,1.5,1.5299999713897705,1.5,1.5299999713897705,3200,0.0,0.0
2024-07-01 00:00:00-04:00,1.4900000095367432,1.5199999809265137,1.4700000286102295,1.4800000190734863,2200,0.0,0.0
2024-07-02 00:00:00-04:00,1.4700000286102295,1.4900000095367432,1.4500000476837158,1.4500000476837158,1700,0.0,0.0
2024-07-03 00:00:00-04:00,1.5,1.5299999713897705,1.5,1.5299999713897705,1200,0.0,0.0
2024-07-05 00:00:00-04:00,1.4900000095367432,1.5,1.4700000286102295,1.4700000286102295,2000,0.0,0.0
2024-07-08 00:00:00-04:00,1.4800000190734863,1.4900000095367432,1.4800000190734863,1.4800000190734863,2500,0.0,0.0
2024-07-09 00:00:00-04:00,1.5,1.5,1.4900000095367432,1.4900000095367432,5700,0.0,0.0
2024-07-10 00:00:00-04:00,1.4900000095367432,1.5,1.4299999475479126,1.4299999475479126,21400,0.0,0.0
2024-07-11 00:00:00-04:00,1.4900000095367432,1.5,1.4299999475479126,1.440000057220459,10200,0.0,0.0
2024-07-12 00:00:00-04:00,1.4800000190734863,1.5,1.4800000190734863,1.4900000095367432,5000,0.0,0.0
2024-07-15 00:00:00-04:00,1.4800000190734863,1.5,1.4500000476837158,1.4600000381469727,11600,0.0,0.0
2024-07-16 00:00:00-04:00,1.5,1.5099999904632568,1.4600000381469727,1.4600000381469727,4100,0.0,0.0
2024-07-17 00:00:00-04:00,1.4500000476837158,1.4700000286102295,1.4500000476837158,1.4700000286102295,1900,0.0,0.0
2024-07-18 00:00:00-04:00,1.4800000190734863,1.4900000095367432,1.440000057220459,1.440000057220459,2500,0.0,0.0
2024-07-19 00:00:00-04:00,1.4800000190734863,1.4900000095367432,1.4800000190734863,1.4800000190734863,2400,0.0,0.0
2024-07-22 00:00:00-04:00,1.5,1.5,1.440000057220459,1.4800000190734863,2500,0.0,0.0
2024-07-23 00:00:00-04:00,1.4700000286102295,1.5099999904632568,1.4700000286102295,1.5,3600,0.0,0.0
2024-07-24 00:00:00-04:00,1.5,1.5199999809265137,1.4500000476837158,1.4900000095367432,4000,0.0,0.0
2024-07-25 00:00:00-04:00,1.5,1.5099999904632568,1.4800000190734863,1.4900000095367432,2300,0.0,0.0
2024-07-26 00:00:00-04:00,1.5,1.5,1.4600000381469727,1.4700000286102295,3800,0.0,0.0
2024-07-29 00:00:00-04:00,1.4700000286102295,1.5,1.4299999475479126,1.4299999475479126,13100,0.0,0.0
2024-07-30 00:00:00-04:00,1.4299999475479126,1.4800000190734863,1.4299999475479126,1.4800000190734863,1800,0.0,0.0
2024-07-31 00:00:00-04:00,1.4900000095367432,1.4900000095367432,1.409999966621399,1.4299999475479126,9000,0.0,0.0
2024-08-01 00:00:00-04:00,1.4199999570846558,1.4700000286102295,1.4199999570846558,1.4299999475479126,3100,0.0,0.0
2024-08-02 00:00:00-04:00,1.399999976158142,1.4700000286102295,1.399999976158142,1.409999966621399,2600,0.0,0.0
2024-08-05 00:00:00-04:00,1.409999966621399,1.4299999475479126,1.409999966621399,1.409999966621399,12600,0.0,0.0
2024-08-06 00:00:00-04:00,1.440000057220459,1.5,1.440000057220459,1.5,6300,0.0,0.0
2024-08-07 00:00:00-04:00,1.5,1.5099999904632568,1.4800000190734863,1.4800000190734863,5200,0.0,0.0
2024-08-08 00:00:00-04:00,1.4800000190734863,1.4800000190734863,1.399999976158142,1.4299999475479126,6200,0.0,0.0
2024-08-09 00:00:00-04:00,1.4199999570846558,1.4299999475479126,1.4199999570846558,1.4299999475479126,700,0.0,0.0
2024-08-12 00:00:00-04:00,1.4299999475479126,1.440000057220459,1.4199999570846558,1.4199999570846558,2600,0.0,0.0
2024-08-13 00:00:00-04:00,1.4199999570846558,1.4500000476837158,1.3799999952316284,1.3799999952316284,9900,0.0,0.0
2024-08-14 00:00:00-04:00,1.3799999952316284,1.4500000476837158,1.3799999952316284,1.3899999856948853,5300,0.0,0.0
2024-08-15 00:00:00-04:00,1.3899999856948853,1.4600000381469727,1.3799999952316284,1.3899999856948853,2100,0.0,0.0
2024-08-16 00:00:00-04:00,1.3799999952316284,1.440000057220459,1.3799999952316284,1.399999976158142,7700,0.0,0.0
2024-08-19 00:00:00-04:00,1.3799999952316284,1.399999976158142,1.340000033378601,1.340000033378601,5300,0.0,0.0
2024-08-20 00:00:00-04:00,1.340000033378601,1.3700000047683716,1.3200000524520874,1.350000023841858,2500,0.0,0.0
2024-08-21 00:00:00-04:00,1.3700000047683716,1.399999976158142,1.3700000047683716,1.3899999856948853,15200,0.0,0.0
2024-08-22 00:00:00-04:00,1.3200000524520874,1.399999976158142,1.3200000524520874,1.3899999856948853,4800,0.0,0.0
2024-08-23 00:00:00-04:00,1.3600000143051147,1.399999976158142,1.3600000143051147,1.3799999952316284,3900,0.0,0.0
2024-08-26 00:00:00-04:00,1.3700000047683716,1.399999976158142,1.3700000047683716,1.3700000047683716,19300,0.0,0.0
2024-08-27 00:00:00-04:00,1.399999976158142,1.409999966621399,1.3899999856948853,1.3899999856948853,3400,0.0,0.0
2024-08-28 00:00:00-04:00,1.3600000143051147,1.399999976158142,1.3600000143051147,1.3600000143051147,3500,0.0,0.0
2024-08-29 00:00:00-04:00,1.3700000047683716,1.440000057220459,1.3600000143051147,1.3600000143051147,8000,0.0,0.0
2024-08-30 00:00:00-04:00,1.350000023841858,1.399999976158142,1.350000023841858,1.350000023841858,3600,0.0,0.0
2024-09-03 00:00:00-04:00,1.3799999952316284,1.4299999475479126,1.350000023841858,1.350000023841858,5300,0.0,0.0
2024-09-04 00:00:00-04:00,1.399999976158142,1.399999976158142,1.2799999713897705,1.2799999713897705,15600,0.0,0.0
2024-09-05 00:00:00-04:00,1.2799999713897705,1.309999942779541,1.2799999713897705,1.309999942779541,3600,0.0,0.0
2024-09-06 00:00:00-04:00,1.2999999523162842,1.2999999523162842,1.2799999713897705,1.2999999523162842,3400,0.0,0.0
2024-09-09 00:00:00-04:00,1.2999999523162842,1.3600000143051147,1.2799999713897705,1.2899999618530273,8600,0.0,0.0
2024-09-10 00:00:00-04:00,1.2699999809265137,1.3200000524520874,1.2699999809265137,1.2899999618530273,8500,0.0,0.0
2024-09-11 00:00:00-04:00,1.2999999523162842,1.399999976158142,1.2999999523162842,1.350000023841858,9700,0.0,0.0
2024-09-12 00:00:00-04:00,1.309999942779541,1.399999976158142,1.2899999618530273,1.2999999523162842,12700,0.0,0.0
2024-09-13 00:00:00-04:00,1.2999999523162842,1.3600000143051147,1.2799999713897705,1.2899999618530273,8100,0.0,0.0
2024-09-16 00:00:00-04:00,1.4700000286102295,1.4700000286102295,1.25,1.25,45200,0.0,0.0
2024-09-17 00:00:00-04:00,1.2699999809265137,1.3200000524520874,1.2699999809265137,1.2799999713897705,8500,0.0,0.0
2024-09-18 00:00:00-04:00,1.309999942779541,1.3200000524520874,1.25,1.25,14000,0.0,0.0
2024-09-19 00:00:00-04:00,1.25,1.2999999523162842,1.25,1.2799999713897705,13900,0.0,0.0
2024-09-20 00:00:00-04:00,1.340000033378601,1.340000033378601,1.2200000286102295,1.2200000286102295,36800,0.0,0.0
2024-09-23 00:00:00-04:00,1.2300000190734863,1.2799999713897705,1.2200000286102295,1.2400000095367432,13800,0.0,0.0
2024-09-24 00:00:00-04:00,1.2200000286102295,1.2400000095367432,1.2200000286102295,1.2200000286102295,6300,0.0,0.0
2024-09-25 00:00:00-04:00,1.2999999523162842,1.2999999523162842,1.2400000095367432,1.2400000095367432,4200,0.0,0.0
2024-09-26 00:00:00-04:00,1.2400000095367432,1.25,1.2000000476837158,1.2300000190734863,12300,0.0,0.0
2024-09-27 00:00:00-04:00,1.2300000190734863,1.2999999523162842,1.2000000476837158,1.2300000190734863,24400,0.0,0.0
2024-09-30 00:00:00-04:00,1.25,1.5099999904632568,1.2000000476837158,1.2799999713897705,28300,0.0,0.0
2024-10-01 00:00:00-04:00,1.2400000095367432,1.2999999523162842,1.2400000095367432,1.2599999904632568,24500,0.0,0.0
2024-10-02 00:00:00-04:00,1.2300000190734863,1.309999942779541,1.2300000190734863,1.2400000095367432,7000,0.0,0.0
2024-10-03 00:00:00-04:00,1.2400000095367432,1.2999999523162842,1.2400000095367432,1.2400000095367432,5900,0.0,0.0
2024-10-04 00:00:00-04:00,1.2300000190734863,1.2999999523162842,1.2300000190734863,1.25,27200,0.0,0.0
2024-10-07 00:00:00-04:00,1.2899999618530273,1.2999999523162842,1.2400000095367432,1.2599999904632568,29200,0.0,0.0
2024-10-08 00:00:00-04:00,1.2999999523162842,1.3200000524520874,1.25,1.3200000524520874,15900,0.0,0.0
2024-10-09 00:00:00-04:00,1.2599999904632568,1.4199999570846558,1.25,1.2699999809265137,17400,0.0,0.0
2024-10-10 00:00:00-04:00,1.2400000095367432,1.409999966621399,1.2400000095367432,1.2799999713897705,14700,0.0,0.0
2024-10-11 00:00:00-04:00,1.2799999713897705,1.399999976158142,1.2599999904632568,1.309999942779541,26300,0.0,0.0
2024-10-14 00:00:00-04:00,1.3700000047683716,1.399999976158142,1.2999999523162842,1.309999942779541,13500,0.0,0.0
2024-10-15 00:00:00-04:00,1.309999942779541,1.309999942779541,1.25,1.25,12900,0.0,0.0
2024-10-16 00:00:00-04:00,1.25,1.2799999713897705,1.2400000095367432,1.2599999904632568,16000,0.0,0.0
2024-10-17 00:00:00-04:00,1.25,1.4500000476837158,1.2300000190734863,1.2799999713897705,13600,0.0,0.0
2024-10-18 00:00:00-04:00,1.25,1.3200000524520874,1.2400000095367432,1.25,13000,0.0,0.0
2024-10-21 00:00:00-04:00,1.25,1.309999942779541,1.2000000476837158,1.2200000286102295,68900,0.0,0.0
2024-10-22 00:00:00-04:00,1.190000057220459,1.2999999523162842,1.190000057220459,1.2300000190734863,30400,0.0,0.0
2024-10-23 00:00:00-04:00,1.2400000095367432,1.2999999523162842,1.2200000286102295,1.2400000095367432,9500,0.0,0.0
2024-10-24 00:00:00-04:00,1.2400000095367432,1.2799999713897705,1.2100000381469727,1.2400000095367432,6800,0.0,0.0
2024-10-25 00:00:00-04:00,1.2200000286102295,1.2699999809265137,1.2100000381469727,1.2200000286102295,21100,0.0,0.0
2024-10-28 00:00:00-04:00,1.2100000381469727,1.399999976158142,1.2100000381469727,1.25,123300,0.0,0.0
2024-10-29 00:00:00-04:00,1.2200000286102295,1.25,1.2200000286102295,1.2400000095367432,18400,0.0,0.0
2024-10-30 00:00:00-04:00,1.2200000286102295,1.3300000429153442,1.1799999475479126,1.190000057220459,46400,0.0,0.0
2024-10-31 00:00:00-04:00,1.1799999475479126,1.2100000381469727,1.1100000143051147,1.1200000047683716,206800,0.0,0.0
2024-11-01 00:00:00-04:00,1.149999976158142,1.149999976158142,1.0700000524520874,1.1200000047683716,12800,0.0,0.0
2024-11-04 00:00:00-05:00,1.1200000047683716,1.2000000476837158,1.100000023841858,1.1399999856948853,102800,0.0,0.0
2024-11-05 00:00:00-05:00,1.100000023841858,1.2100000381469727,1.100000023841858,1.1799999475479126,63000,0.0,0.0
2024-11-06 00:00:00-05:00,1.2300000190734863,1.25,1.1100000143051147,1.2000000476837158,331800,0.0,0.0
2024-11-07 00:00:00-05:00,1.2100000381469727,1.2599999904632568,1.0800000429153442,1.2000000476837158,294400,0.0,0.0
2024-11-08 00:00:00-05:00,1.159999966621399,1.2100000381469727,1.1399999856948853,1.190000057220459,107700,0.0,0.0
2024-11-11 00:00:00-05:00,1.2400000095367432,1.2400000095367432,1.190000057220459,1.2000000476837158,45100,0.0,0.0
2024-11-12 00:00:00-05:00,1.1799999475479126,1.2100000381469727,1.1799999475479126,1.2000000476837158,47600,0.0,0.0
2024-11-13 00:00:00-05:00,1.2000000476837158,1.2000000476837158,1.159999966621399,1.1799999475479126,52800,0.0,0.0
2024-11-14 00:00:00-05:00,1.149999976158142,1.2100000381469727,1.149999976158142,1.2000000476837158,30600,0.0,0.0
2024-11-15 00:00:00-05:00,1.1799999475479126,1.2000000476837158,1.0700000524520874,1.1399999856948853,119200,0.0,0.0
2024-11-18 00:00:00-05:00,1.1100000143051147,1.2000000476837158,1.090000033378601,1.1200000047683716,28900,0.0,0.0
2024-11-19 00:00:00-05:00,1.100000023841858,1.149999976158142,1.100000023841858,1.1100000143051147,17700,0.0,0.0
2024-11-20 00:00:00-05:00,1.1399999856948853,1.1399999856948853,1.090000033378601,1.090000033378601,12300,0.0,0.0
2024-11-21 00:00:00-05:00,1.100000023841858,1.1299999952316284,1.0499999523162842,1.0800000429153442,28100,0.0,0.0
2024-11-22 00:00:00-05:00,1.059999942779541,1.190000057220459,1.0499999523162842,1.059999942779541,55300,0.0,0.0
2024-11-25 00:00:00-05:00,1.0399999618530273,1.1200000047683716,1.0399999618530273,1.059999942779541,26300,0.0,0.0
2024-11-26 00:00:00-05:00,1.0700000524520874,1.1200000047683716,1.059999942779541,1.1100000143051147,23100,0.0,0.0
2024-11-27 00:00:00-05:00,1.1200000047683716,1.590000033378601,1.0700000524520874,1.3700000047683716,2146500,0.0,0.0
2024-11-29 00:00:00-05:00,1.350000023841858,1.4299999475479126,1.25,1.399999976158142,290800,0.0,0.0
2024-12-02 00:00:00-05:00,1.3899999856948853,1.3899999856948853,1.2799999713897705,1.2999999523162842,136500,0.0,0.0
2024-12-03 00:00:00-05:00,1.3700000047683716,1.3700000047683716,1.2000000476837158,1.25,120300,0.0,0.0
2024-12-04 00:00:00-05:00,1.2200000286102295,1.2400000095367432,1.1699999570846558,1.1799999475479126,69900,0.0,0.0
2024-12-05 00:00:00-05:00,1.159999966621399,1.25,1.090000033378601,1.1799999475479126,41600,0.0,0.0
2024-12-06 00:00:00-05:00,1.2100000381469727,1.2799999713897705,1.1799999475479126,1.2400000095367432,65400,0.0,0.0
2024-12-09 00:00:00-05:00,1.2200000286102295,1.2799999713897705,1.190000057220459,1.2400000095367432,6278800,0.0,0.0
2024-12-10 00:00:00-05:00,2.9100000858306885,3.049999952316284,2.2100000381469727,2.440000057220459,93532700,0.0,0.0
2024-12-11 00:00:00-05:00,2.0899999141693115,2.4800000190734863,2.0299999713897705,2.4200000762939453,2274400,0.0,0.0
2024-12-12 00:00:00-05:00,2.2300000190734863,2.319999933242798,2.0799999237060547,2.180000066757202,774300,0.0,0.0
2024-12-13 00:00:00-05:00,2.1700000762939453,2.930000066757202,2.1700000762939453,2.380000114440918,4041100,0.0,0.0
2024-12-16 00:00:00-05:00,2.309999942779541,2.359999895095825,2.119999885559082,2.119999885559082,546000,0.0,0.0
2024-12-17 00:00:00-05:00,2.119999885559082,2.2200000286102295,2.069999933242798,2.119999885559082,228900,0.0,0.0
2024-12-18 00:00:00-05:00,2.2300000190734863,2.390000104904175,2.109999895095825,2.3399999141693115,435400,0.0,0.0
2024-12-19 00:00:00-05:00,2.390000104904175,2.430000066757202,2.2300000190734863,2.319999933242798,168500,0.0,0.0
2024-12-20 00:00:00-05:00,2.3499999046325684,2.390000104904175,2.25,2.2699999809265137,189900,0.0,0.0
2024-12-23 00:00:00-05:00,2.299999952316284,2.3499999046325684,2.1700000762939453,2.25,138600,0.0,0.0
2024-12-24 00:00:00-05:00,2.2300000190734863,2.5899999141693115,2.2300000190734863,2.509999990463257,170500,0.0,0.0
2024-12-26 00:00:00-05:00,2.5399999618530273,2.5399999618530273,2.2799999713897705,2.3499999046325684,157800,0.0,0.0
2024-12-27 00:00:00-05:00,2.390000104904175,2.4000000953674316,2.240000009536743,2.319999933242798,83000,0.0,0.0
2024-12-30 00:00:00-05:00,2.3399999141693115,2.549999952316284,2.2699999809265137,2.4200000762939453,84300,0.0,0.0
2024-12-31 00:00:00-05:00,2.509999990463257,2.5299999713897705,2.299999952316284,2.369999885559082,213900,0.0,0.0
2025-01-02 00:00:00-05:00,2.440000057220459,2.440000057220459,2.2300000190734863,2.2300000190734863,67800,0.0,0.0
2025-01-03 00:00:00-05:00,2.2100000381469727,2.369999885559082,2.180000066757202,2.299999952316284,99800,0.0,0.0
2025-01-06 00:00:00-05:00,2.3399999141693115,2.3399999141693115,2.259999990463257,2.2899999618530273,60100,0.0,0.0
2025-01-07 00:00:00-05:00,2.3499999046325684,2.5,2.259999990463257,2.369999885559082,118400,0.0,0.0
2025-01-08 00:00:00-05:00,2.380000114440918,2.380000114440918,2.2100000381469727,2.2300000190734863,40800,0.0,0.0
2025-01-10 00:00:00-05:00,2.240000009536743,2.4000000953674316,2.2300000190734863,2.3299999237060547,99800,0.0,0.0
2025-01-13 00:00:00-05:00,2.3399999141693115,2.380000114440918,2.2699999809265137,2.3299999237060547,22200,0.0,0.0
2025-01-14 00:00:00-05:00,2.299999952316284,3.930000066757202,2.2899999618530273,2.6700000762939453,7471500,0.0,0.0
2025-01-15 00:00:00-05:00,2.619999885559082,2.9800000190734863,2.5,2.740000009536743,366400,0.0,0.0
2025-01-16 00:00:00-05:00,2.7300000190734863,2.950000047683716,2.700000047683716,2.7699999809265137,127800,0.0,0.0
2025-01-17 00:00:00-05:00,2.809999942779541,2.8399999141693115,2.5,2.5299999713897705,68000,0.0,0.0
2025-01-21 00:00:00-05:00,2.5199999809265137,2.5999999046325684,2.430000066757202,2.430000066757202,57000,0.0,0.0
2025-01-22 00:00:00-05:00,2.4100000858306885,2.630000114440918,2.4100000858306885,2.619999885559082,26500,0.0,0.0
2025-01-23 00:00:00-05:00,2.630000114440918,2.630000114440918,2.5,2.5,26000,0.0,0.0
2025-01-24 00:00:00-05:00,2.569999933242798,2.5899999141693115,2.450000047683716,2.5899999141693115,10400,0.0,0.0
2025-01-27 00:00:00-05:00,2.4600000381469727,2.5299999713897705,2.3299999237060547,2.359999895095825,24800,0.0,0.0
2025-01-28 00:00:00-05:00,2.319999933242798,2.5,2.299999952316284,2.359999895095825,24900,0.0,0.0
2025-01-29 00:00:00-05:00,2.3299999237060547,2.380000114440918,2.2100000381469727,2.240000009536743,20200,0.0,0.0
2025-01-30 00:00:00-05:00,2.200000047683716,2.5199999809265137,2.200000047683716,2.25,23400,0.0,0.0
2025-01-31 00:00:00-05:00,2.2899999618530273,2.380000114440918,2.2100000381469727,2.259999990463257,40600,0.0,0.0
2025-02-03 00:00:00-05:00,2.1600000858306885,2.259999990463257,2.0799999237060547,2.130000114440918,59300,0.0,0.0
2025-02-04 00:00:00-05:00,2.3499999046325684,3.7899999618530273,2.2100000381469727,3.759999990463257,18486900,0.0,0.0
2025-02-05 00:00:00-05:00,3.8399999141693115,6.429999828338623,3.8399999141693115,5.079999923706055,59626900,0.0,0.0
2025-02-06 00:00:00-05:00,5.139999866485596,6.099999904632568,5.099999904632568,5.340000152587891,3055400,0.0,0.0
2025-02-07 00:00:00-05:00,5.21999979019165,5.25,4.420000076293945,4.46999979019165,1128800,0.0,0.0
2025-02-10 00:00:00-05:00,4.340000152587891,4.699999809265137,4.119999885559082,4.519999980926514,386100,0.0,0.0
2025-02-11 00:00:00-05:00,4.599999904632568,5.230000019073486,4.519999980926514,4.599999904632568,297800,0.0,0.0
2025-02-12 00:00:00-05:00,4.639999866485596,5.289999961853027,4.519999980926514,5.199999809265137,264300,0.0,0.0
2025-02-13 00:00:00-05:00,5.28000020980835,5.28000020980835,4.639999866485596,4.639999866485596,153500,0.0,0.0
2025-02-14 00:00:00-05:00,4.75,5.239999771118164,4.599999904632568,5.150000095367432,179100,0.0,0.0
2025-02-18 00:00:00-05:00,5.300000190734863,5.300000190734863,4.599999904632568,4.820000171661377,312800,0.0,0.0
2025-02-19 00:00:00-05:00,4.940000057220459,7.190000057220459,4.840000152587891,6.190000057220459,1489200,0.0,0.0
2025-02-20 00:00:00-05:00,6.179999828338623,6.179999828338623,5.590000152587891,5.949999809265137,318100,0.0,0.0
2025-02-21 00:00:00-05:00,5.75,6.050000190734863,5.309999942779541,5.309999942779541,168400,0.0,0.0
2025-02-24 00:00:00-05:00,5.25,5.389999866485596,5.0,5.039999961853027,159900,0.0,0.0
2025-02-25 00:00:00-05:00,4.769999980926514,5.099999904632568,4.630000114440918,4.869999885559082,179300,0.0,0.0
2025-02-26 00:00:00-05:00,5.010000228881836,5.349999904632568,4.949999809265137,5.190000057220459,191900,0.0,0.0
2025-02-27 00:00:00-05:00,5.320000171661377,5.320000171661377,4.840000152587891,4.96999979019165,39400,0.0,0.0
2025-02-28 00:00:00-05:00,4.940000057220459,5.070000171661377,4.679999828338623,4.860000133514404,62400,0.0,0.0
2025-03-03 00:00:00-05:00,4.889999866485596,5.75,4.889999866485596,5.139999866485596,411900,0.0,0.0
2025-03-04 00:00:00-05:00,5.090000152587891,6.349999904632568,4.710000038146973,6.050000190734863,410600,0.0,0.0
2025-03-05 00:00:00-05:00,5.75,7.25,5.559999942779541,6.769999980926514,727300,0.0,0.0
2025-03-06 00:00:00-05:00,6.809999942779541,6.889999866485596,6.179999828338623,6.610000133514404,211400,0.0,0.0
2025-03-07 00:00:00-05:00,6.639999866485596,6.699999809265137,6.0,6.369999885559082,84000,0.0,0.0
2025-03-10 00:00:00-04:00,6.389999866485596,6.389999866485596,4.75,4.989999771118164,205700,0.0,0.0
2025-03-11 00:00:00-04:00,4.929999828338623,5.300000190734863,4.639999866485596,5.170000076293945,124700,0.0,0.0
2025-03-12 00:00:00-04:00,5.269999980926514,5.599999904632568,5.039999961853027,5.570000171661377,60000,0.0,0.0
2025-03-13 00:00:00-04:00,5.590000152587891,5.590000152587891,5.190000057220459,5.489999771118164,52700,0.0,0.0
2025-03-14 00:00:00-04:00,5.46999979019165,5.570000171661377,5.170000076293945,5.460000038146973,45300,0.0,0.0
2025-03-17 00:00:00-04:00,5.550000190734863,5.599999904632568,5.170000076293945,5.170000076293945,24000,0.0,0.0
2025-03-18 00:00:00-04:00,5.0,5.239999771118164,4.960000038146973,5.139999866485596,40300,0.0,0.0
2025-03-19 00:00:00-04:00,5.239999771118164,5.489999771118164,4.940000057220459,5.070000171661377,45600,0.0,0.0
2025-03-20 00:00:00-04:00,5.039999961853027,5.320000171661377,4.800000190734863,4.880000114440918,145500,0.0,0.0
2025-03-21 00:00:00-04:00,4.900000095367432,4.949999809265137,4.550000190734863,4.590000152587891,85500,0.0,0.0
2025-03-24 00:00:00-04:00,4.579999923706055,4.590000152587891,4.269999980926514,4.400000095367432,118900,0.0,0.0
2025-03-25 00:00:00-04:00,4.380000114440918,4.46999979019165,4.269999980926514,4.329999923706055,32900,0.0,0.0
2025-03-26 00:00:00-04:00,4.300000190734863,4.449999809265137,4.300000190734863,4.329999923706055,33500,0.0,0.0
2025-03-27 00:00:00-04:00,4.300000190734863,4.300000190734863,3.9100000858306885,4.130000114440918,85000,0.0,0.0
2025-03-28 00:00:00-04:00,4.190000057220459,4.46999979019165,4.070000171661377,4.409999847412109,69400,0.0,0.0
2025-03-31 00:00:00-04:00,4.340000152587891,4.349999904632568,4.21999979019165,4.230000019073486,46500,0.0,0.0
2025-04-01 00:00:00-04:00,4.230000019073486,4.409999847412109,4.179999828338623,4.360000133514404,33400,0.0,0.0
2025-04-02 00:00:00-04:00,4.320000171661377,4.440000057220459,4.269999980926514,4.28000020980835,14300,0.0,0.0
2025-04-03 00:00:00-04:00,4.239999771118164,4.360000133514404,4.079999923706055,4.300000190734863,23900,0.0,0.0
2025-04-04 00:00:00-04:00,4.269999980926514,4.269999980926514,4.110000133514404,4.230000019073486,45200,0.0,0.0
2025-04-07 00:00:00-04:00,4.179999828338623,4.289999961853027,4.039999961853027,4.110000133514404,9600,0.0,0.0
2025-04-08 00:00:00-04:00,4.159999847412109,4.170000076293945,3.880000114440918,3.9100000858306885,18300,0.0,0.0
2025-04-09 00:00:00-04:00,3.9600000381469727,4.239999771118164,3.859999895095825,4.150000095367432,28700,0.0,0.0
2025-04-10 00:00:00-04:00,4.199999809265137,4.400000095367432,3.7799999713897705,4.03000020980835,114900,0.0,0.0
2025-04-11 00:00:00-04:00,3.990000009536743,4.119999885559082,3.9600000381469727,4.059999942779541,14900,0.0,0.0
2025-04-14 00:00:00-04:00,3.9200000762939453,4.409999847412109,3.9200000762939453,4.190000057220459,15800,0.0,0.0
2025-04-15 00:00:00-04:00,4.199999809265137,4.239999771118164,4.099999904632568,4.099999904632568,15500,0.0,0.0
2025-04-16 00:00:00-04:00,3.9800000190734863,4.590000152587891,3.9800000190734863,4.53000020980835,33400,0.0,0.0
2025-04-17 00:00:00-04:00,4.550000190734863,4.78000020980835,4.46999979019165,4.760000228881836,25600,0.0,0.0
2025-04-21 00:00:00-04:00,4.699999809265137,4.809999942779541,4.449999809265137,4.489999771118164,30200,0.0,0.0
2025-04-22 00:00:00-04:00,4.559999942779541,5.150000095367432,4.559999942779541,4.96999979019165,43600,0.0,0.0
2025-04-23 00:00:00-04:00,5.0,5.349999904632568,4.800000190734863,5.179999828338623,74700,0.0,0.0
2025-04-24 00:00:00-04:00,5.239999771118164,5.239999771118164,4.75,4.849999904632568,26300,0.0,0.0
2025-04-25 00:00:00-04:00,4.869999885559082,5.039999961853027,4.869999885559082,4.96999979019165,17100,0.0,0.0
2025-04-28 00:00:00-04:00,5.039999961853027,5.099999904632568,4.650000095367432,4.769999980926514,18500,0.0,0.0
2025-04-29 00:00:00-04:00,4.909999847412109,4.96999979019165,4.840000152587891,4.869999885559082,6000,0.0,0.0
2025-04-30 00:00:00-04:00,4.789999961853027,4.909999847412109,4.659999847412109,4.829999923706055,15100,0.0,0.0
2025-05-01 00:00:00-04:00,4.710000038146973,4.889999866485596,4.710000038146973,4.809999942779541,5100,0.0,0.0
2025-05-02 00:00:00-04:00,4.690000057220459,4.800000190734863,4.5,4.5,21100,0.0,0.0
2025-05-05 00:00:00-04:00,4.5,4.679999828338623,4.449999809265137,4.46999979019165,11200,0.0,0.0
2025-05-06 00:00:00-04:00,4.400000095367432,4.679999828338623,4.329999923706055,4.409999847412109,18400,0.0,0.0
2025-05-07 00:00:00-04:00,4.739999771118164,4.860000133514404,4.320000171661377,4.420000076293945,20300,0.0,0.0
2025-05-08 00:00:00-04:00,4.400000095367432,4.559999942779541,4.360000133514404,4.5,8100,0.0,0.0
2025-05-09 00:00:00-04:00,4.519999980926514,4.869999885559082,4.519999980926514,4.699999809265137,32200,0.0,0.0
2025-05-12 00:00:00-04:00,4.800000190734863,5.5,4.800000190734863,5.269999980926514,89900,0.0,0.0
2025-05-13 00:00:00-04:00,5.300000190734863,5.760000228881836,5.289999961853027,5.559999942779541,71900,0.0,0.0
2025-05-14 00:00:00-04:00,5.690000057220459,5.840000152587891,4.960000038146973,4.960000038146973,35200,0.0,0.0
2025-05-15 00:00:00-04:00,5.019999980926514,5.349999904632568,5.019999980926514,5.239999771118164,12800,0.0,0.0
2025-05-16 00:00:00-04:00,5.260000228881836,5.460000038146973,4.710000038146973,4.710000038146973,75900,0.0,0.0
2025-05-19 00:00:00-04:00,4.75,5.449999809265137,4.75,5.449999809265137,57900,0.0,0.0
2025-05-20 00:00:00-04:00,5.389999866485596,5.449999809265137,4.949999809265137,5.03000020980835,46200,0.0,0.0
2025-05-21 00:00:00-04:00,5.010000228881836,5.230000019073486,4.940000057220459,4.960000038146973,17900,0.0,0.0
2025-05-22 00:00:00-04:00,5.059999942779541,5.139999866485596,4.940000057220459,5.090000152587891,11800,0.0,0.0
2025-05-23 00:00:00-04:00,5.010000228881836,5.170000076293945,4.989999771118164,5.079999923706055,11600,0.0,0.0
2025-05-27 00:00:00-04:00,5.25,5.400000095367432,5.159999847412109,5.340000152587891,37000,0.0,0.0
2025-05-28 00:00:00-04:00,5.389999866485596,6.210000038146973,5.389999866485596,5.840000152587891,70700,0.0,0.0
2025-05-29 00:00:00-04:00,5.96999979019165,5.96999979019165,5.03000020980835,5.03000020980835,93600,0.0,0.0
2025-05-30 00:00:00-04:00,5.019999980926514,5.210000038146973,4.809999942779541,4.960000038146973,23500,0.0,0.0
2025-06-02 00:00:00-04:00,5.059999942779541,5.730000019073486,5.059999942779541,5.710000038146973,40200,0.0,0.0
2025-06-03 00:00:00-04:00,5.619999885559082,5.880000114440918,5.480000019073486,5.78000020980835,33900,0.0,0.0
2025-06-04 00:00:00-04:00,5.809999942779541,5.809999942779541,5.489999771118164,5.53000020980835,16000,0.0,0.0
2025-06-05 00:00:00-04:00,5.489999771118164,5.570000171661377,5.289999961853027,5.400000095367432,15100,0.0,0.0
2025-06-06 00:00:00-04:00,5.349999904632568,5.820000171661377,5.320000171661377,5.820000171661377,20000,0.0,0.0
2025-06-09 00:00:00-04:00,5.900000095367432,6.269999980926514,5.829999923706055,5.889999866485596,84200,0.0,0.0
2025-06-10 00:00:00-04:00,5.900000095367432,6.050000190734863,5.5,5.510000228881836,59500,0.0,0.0
2025-06-11 00:00:00-04:00,5.599999904632568,5.679999828338623,5.409999847412109,5.670000076293945,9800,0.0,0.0
2025-06-12 00:00:00-04:00,5.429999828338623,5.880000114440918,5.429999828338623,5.860000133514404,12900,0.0,0.0
2025-06-13 00:00:00-04:00,5.650000095367432,5.809999942779541,5.110000133514404,5.239999771118164,56100,0.0,0.0
2025-06-16 00:00:00-04:00,5.239999771118164,5.630000114440918,5.190000057220459,5.480000019073486,42700,0.0,0.0
2025-06-17 00:00:00-04:00,5.360000133514404,5.619999885559082,5.360000133514404,5.400000095367432,25800,0.0,0.0
2025-06-18 00:00:00-04:00,5.409999847412109,5.679999828338623,5.349999904632568,5.360000133514404,14000,0.0,0.0
2025-06-20 00:00:00-04:00,5.480000019073486,5.480000019073486,4.349999904632568,4.349999904632568,207600,0.0,0.0
2025-06-23 00:00:00-04:00,4.800000190734863,4.900000095367432,3.890000104904175,3.930000066757202,265700,0.0,0.0
2025-06-24 00:00:00-04:00,3.940000057220459,4.050000190734863,3.25,3.299999952316284,184000,0.0,0.0
2025-06-25 00:00:00-04:00,3.390000104904175,3.4600000381469727,2.509999990463257,2.549999952316284,192600,0.0,0.0
2025-06-26 00:00:00-04:00,2.5799999237060547,2.809999942779541,2.5399999618530273,2.680000066757202,229800,0.0,0.0
2025-06-27 00:00:00-04:00,2.680000066757202,2.680000066757202,2.5199999809265137,2.5999999046325684,105200,0.0,0.0
2025-06-30 00:00:00-04:00,2.5999999046325684,3.5199999809265137,2.5999999046325684,3.3499999046325684,296400,0.0,0.0
2025-07-01 00:00:00-04:00,3.309999942779541,3.759999990463257,3.309999942779541,3.490000009536743,135100,0.0,0.0
2025-07-02 00:00:00-04:00,3.4100000858306885,3.640000104904175,3.299999952316284,3.4100000858306885,127800,0.0,0.0
2025-07-03 00:00:00-04:00,3.450000047683716,3.5799999237060547,3.0999999046325684,3.1500000953674316,120700,0.0,0.0
2025-07-07 00:00:00-04:00,3.2100000381469727,3.380000114440918,3.0,3.0399999618530273,130400,0.0,0.0
2025-07-08 00:00:00-04:00,3.0399999618530273,3.180000066757202,3.009999990463257,3.069999933242798,42100,0.0,0.0
2025-07-09 00:00:00-04:00,3.0799999237060547,3.0999999046325684,3.0,3.0899999141693115,48500,0.0,0.0
2025-07-10 00:00:00-04:00,3.059999942779541,3.3399999141693115,3.059999942779541,3.3399999141693115,26900,0.0,0.0
2025-07-11 00:00:00-04:00,3.2799999713897705,3.309999942779541,3.0,3.0,66200,0.0,0.0
2025-07-14 00:00:00-04:00,3.299999952316284,3.7899999618530273,3.0199999809265137,3.4000000953674316,273000,0.0,0.0
2025-07-15 00:00:00-04:00,3.5799999237060547,3.609999895095825,3.390000104904175,3.5,78300,0.0,0.0
2025-07-16 00:00:00-04:00,3.5,3.9700000286102295,3.5,3.880000114440918,97300,0.0,0.0
2025-07-17 00:00:00-04:00,3.9200000762939453,3.930000066757202,3.609999895095825,3.7100000381469727,62700,0.0,0.0
2025-07-18 00:00:00-04:00,3.759999990463257,3.759999990463257,3.119999885559082,3.2200000286102295,143400,0.0,0.0
2025-07-21 00:00:00-04:00,3.2200000286102295,3.5999999046325684,3.2200000286102295,3.5,82300,0.0,0.0
2025-07-22 00:00:00-04:00,3.5,3.569999933242798,3.2799999713897705,3.4000000953674316,30400,0.0,0.0
2025-07-23 00:00:00-04:00,3.430000066757202,3.5799999237060547,3.380000114440918,3.559999942779541,21300,0.0,0.0
2025-07-24 00:00:00-04:00,3.490000009536743,3.5999999046325684,3.259999990463257,3.359999895095825,77700,0.0,0.0
2025-07-25 00:00:00-04:00,3.4100000858306885,3.6500000953674316,3.2799999713897705,3.5199999809265137,87200,0.0,0.0
2025-07-28 00:00:00-04:00,3.5799999237060547,3.6500000953674316,3.3499999046325684,3.4800000190734863,46200,0.0,0.0
2025-07-29 00:00:00-04:00,3.490000009536743,3.5199999809265137,3.25,3.490000009536743,42900,0.0,0.0
2025-07-30 00:00:00-04:00,3.5399999618530273,3.619999885559082,3.430000066757202,3.440000057220459,36400,0.0,0.0
2025-07-31 00:00:00-04:00,3.430000066757202,3.5799999237060547,3.3299999237060547,3.450000047683716,32500,0.0,0.0
2025-08-01 00:00:00-04:00,3.4100000858306885,3.569999933242798,3.309999942779541,3.5199999809265137,32400,0.0,0.0
2025-08-04 00:00:00-04:00,3.6700000762939453,4.21999979019165,3.5999999046325684,4.010000228881836,184400,0.0,0.0
2025-08-05 00:00:00-04:00,4.010000228881836,4.099999904632568,3.630000114440918,3.7899999618530273,73300,0.0,0.0
2025-08-06 00:00:00-04:00,2.950000047683716,3.5999999046325684,2.950000047683716,3.2100000381469727,143000,0.0,0.0
2025-08-07 00:00:00-04:00,3.4600000381469727,3.4600000381469727,3.0299999713897705,3.2799999713897705,78200,0.0,0.0
2025-08-08 00:00:00-04:00,3.2100000381469727,3.490000009536743,3.180000066757202,3.2300000190734863,104400,0.0,0.0
2025-08-11 00:00:00-04:00,3.109999895095825,3.109999895095825,2.630000114440918,2.8399999141693115,243500,0.0,0.0
2025-08-12 00:00:00-04:00,2.8299999237060547,2.950000047683716,2.809999942779541,2.9100000858306885,60000,0.0,0.0
2025-08-13 00:00:00-04:00,2.9600000381469727,3.0,2.8499999046325684,2.930000066757202,46700,0.0,0.0
2025-08-14 00:00:00-04:00,2.9100000858306885,3.1600000858306885,2.75,2.990000009536743,65100,0.0,0.0
2025-08-15 00:00:00-04:00,3.0999999046325684,3.180000066757202,2.9000000953674316,3.130000114440918,71200,0.0,0.0
2025-08-18 00:00:00-04:00,3.130000114440918,3.180000066757202,3.0299999713897705,3.069999933242798,22900,0.0,0.0
2025-08-19 00:00:00-04:00,3.119999885559082,3.25,3.0299999713897705,3.0799999237060547,77200,0.0,0.0
2025-08-20 00:00:00-04:00,3.0899999141693115,3.259999990463257,3.0899999141693115,3.25,24800,0.0,0.0
2025-08-21 00:00:00-04:00,3.25,3.380000114440918,3.200000047683716,3.240000009536743,17900,0.0,0.0
2025-08-22 00:00:00-04:00,3.2699999809265137,3.369999885559082,3.240000009536743,3.2899999618530273,16000,0.0,0.0
2025-08-25 00:00:00-04:00,3.299999952316284,3.369999885559082,3.2300000190734863,3.259999990463257,17600,0.0,0.0
2025-08-26 00:00:00-04:00,3.25,3.4800000190734863,3.25,3.4000000953674316,41200,0.0,0.0
2025-08-27 00:00:00-04:00,3.4100000858306885,3.5399999618530273,3.319999933242798,3.4000000953674316,26000,0.0,0.0
2025-08-28 00:00:00-04:00,3.440000057220459,3.4700000286102295,3.3499999046325684,3.4700000286102295,12500,0.0,0.0
2025-08-29 00:00:00-04:00,3.4600000381469727,3.5299999713897705,3.359999895095825,3.490000009536743,28100,0.0,0.0
2025-09-02 00:00:00-04:00,3.359999895095825,3.690000057220459,3.3499999046325684,3.690000057220459,96300,0.0,0.0
2025-09-03 00:00:00-04:00,3.630000114440918,3.690000057220459,3.440000057220459,3.609999895095825,57600,0.0,0.0
2025-09-04 00:00:00-04:00,3.609999895095825,3.6600000858306885,3.4700000286102295,3.6600000858306885,34400,0.0,0.0
2025-09-05 00:00:00-04:00,3.6600000858306885,3.6600000858306885,3.2799999713897705,3.309999942779541,52900,0.0,0.0
2025-09-08 00:00:00-04:00,3.2699999809265137,3.4200000762939453,3.259999990463257,3.309999942779541,24400,0.0,0.0
2025-09-09 00:00:00-04:00,3.2899999618530273,3.4700000286102295,3.2899999618530273,3.4000000953674316,18200,0.0,0.0
2025-09-10 00:00:00-04:00,3.3399999141693115,3.440000057220459,3.3299999237060547,3.4000000953674316,10500,0.0,0.0
2025-09-11 00:00:00-04:00,3.4800000190734863,3.4800000190734863,3.4000000953674316,3.430000066757202,31300,0.0,0.0
2025-09-12 00:00:00-04:00,3.4100000858306885,3.569999933242798,3.4100000858306885,3.440000057220459,23300,0.0,0.0
2025-09-15 00:00:00-04:00,3.5,3.5399999618530273,3.259999990463257,3.380000114440918,31800,0.0,0.0
2025-09-16 00:00:00-04:00,3.450000047683716,3.5299999713897705,3.359999895095825,3.359999895095825,11800,0.0,0.0
2025-09-17 00:00:00-04:00,3.359999895095825,3.380000114440918,3.2100000381469727,3.2300000190734863,30000,0.0,0.0
2025-09-18 00:00:00-04:00,3.2799999713897705,3.3399999141693115,3.2300000190734863,3.309999942779541,7400,0.0,0.0
2025-09-19 00:00:00-04:00,3.3399999141693115,3.440000057220459,3.1500000953674316,3.1500000953674316,37100,0.0,0.0
2025-09-22 00:00:00-04:00,3.1700000762939453,3.390000104904175,3.130000114440918,3.2300000190734863,26400,0.0,0.0
2025-09-23 00:00:00-04:00,3.2300000190734863,3.240000009536743,2.9000000953674316,2.9800000190734863,40000,0.0,0.0
2025-09-24 00:00:00-04:00,3.0299999713897705,3.180000066757202,3.0299999713897705,3.059999942779541,15700,0.0,0.0
2025-09-25 00:00:00-04:00,3.0999999046325684,3.119999885559082,2.940000057220459,3.0299999713897705,34600,0.0,0.0
2025-09-26 00:00:00-04:00,3.049999952316284,3.0999999046325684,2.990000009536743,3.0899999141693115,12900,0.0,0.0
2025-09-29 00:00:00-04:00,3.0999999046325684,3.2200000286102295,3.059999942779541,3.1600000858306885,54000,0.0,0.0
2025-09-30 00:00:00-04:00,3.140000104904175,3.140000104904175,3.0299999713897705,3.119999885559082,42700,0.0,0.0
2025-10-01 00:00:00-04:00,3.109999895095825,3.3299999237060547,3.0999999046325684,3.119999885559082,29700,0.0,0.0
2025-10-02 00:00:00-04:00,3.119999885559082,3.319999933242798,3.119999885559082,3.240000009536743,14500,0.0,0.0
2025-10-03 00:00:00-04:00,3.240000009536743,3.25,3.0999999046325684,3.130000114440918,18200,0.0,0.0
2025-10-06 00:00:00-04:00,3.140000104904175,3.200000047683716,3.0799999237060547,3.0899999141693115,12500,0.0,0.0
2025-10-07 00:00:00-04:00,3.119999885559082,3.609999895095825,3.0799999237060547,3.559999942779541,79200,0.0,0.0
2025-10-08 00:00:00-04:00,3.559999942779541,3.680000066757202,3.4000000953674316,3.6700000762939453,45200,0.0,0.0
2025-10-09 00:00:00-04:00,3.5999999046325684,3.5999999046325684,3.5,3.549999952316284,11800,0.0,0.0
2025-10-10 00:00:00-04:00,3.5299999713897705,3.690000057220459,3.299999952316284,3.450000047683716,42100,0.0,0.0
2025-10-13 00:00:00-04:00,3.4800000190734863,3.559999942779541,3.3399999141693115,3.359999895095825,22500,0.0,0.0
2025-10-14 00:00:00-04:00,3.4800000190734863,3.4800000190734863,3.2899999618530273,3.380000114440918,22400,0.0,0.0
2025-10-15 00:00:00-04:00,3.380000114440918,3.450000047683716,3.299999952316284,3.440000057220459,31700,0.0,0.0
2025-10-16 00:00:00-04:00,3.440000057220459,3.5199999809265137,3.4000000953674316,3.450000047683716,22500,0.0,0.0
2025-10-17 00:00:00-04:00,3.450000047683716,3.559999942779541,3.369999885559082,3.440000057220459,13500,0.0,0.0
2025-10-20 00:00:00-04:00,3.4000000953674316,3.680000066757202,3.369999885559082,3.559999942779541,54300,0.0,0.0
2025-10-21 00:00:00-04:00,3.609999895095825,3.680000066757202,3.5199999809265137,3.640000104904175,27400,0.0,0.0
2025-10-22 00:00:00-04:00,3.6500000953674316,3.6500000953674316,3.4200000762939453,3.4600000381469727,30600,0.0,0.0
2025-10-23 00:00:00-04:00,3.4600000381469727,3.509999990463257,3.4100000858306885,3.509999990463257,20500,0.0,0.0
2025-10-24 00:00:00-04:00,3.5399999618530273,3.5399999618530273,3.430000066757202,3.490000009536743,11900,0.0,0.0
2025-10-27 00:00:00-04:00,3.5299999713897705,3.5299999713897705,3.190000057220459,3.190000057220459,93300,0.0,0.0
2025-10-28 00:00:00-04:00,3.180000066757202,3.380000114440918,3.180000066757202,3.299999952316284,20400,0.0,0.0
2025-10-29 00:00:00-04:00,3.259999990463257,3.2799999713897705,3.180000066757202,3.25,11000,0.0,0.0
2025-10-30 00:00:00-04:00,3.2100000381469727,3.299999952316284,3.1500000953674316,3.2100000381469727,15700,0.0,0.0
2025-10-31 00:00:00-04:00,3.4000000953674316,3.4000000953674316,2.9600000381469727,2.990000009536743,101400,0.0,0.0
2025-11-03 00:00:00-05:00,2.9600000381469727,2.990000009536743,2.640000104904175,2.759999990463257,155600,0.0,0.0
2025-11-04 00:00:00-05:00,2.680000066757202,2.859999895095825,2.6600000858306885,2.6600000858306885,43800,0.0,0.0
2025-11-05 00:00:00-05:00,2.5899999141693115,2.6600000858306885,2.2899999618530273,2.3299999237060547,109200,0.0,0.0
2025-11-06 00:00:00-05:00,2.2699999809265137,2.3299999237060547,2.180000066757202,2.190000057220459,62300,0.0,0.0
2025-11-07 00:00:00-05:00,2.25,2.25,2.0899999141693115,2.130000114440918,60700,0.0,0.0
2025-11-10 00:00:00-05:00,2.0899999141693115,2.1500000953674316,1.9600000381469727,1.9800000190734863,86800,0.0,0.0
2025-11-11 00:00:00-05:00,1.9900000095367432,2.2300000190734863,1.9800000190734863,2.0,125700,0.0,0.0
2025-11-12 00:00:00-05:00,1.9500000476837158,2.200000047683716,1.9299999475479126,2.140000104904175,67100,0.0,0.0
2025-11-13 00:00:00-05:00,2.1500000953674316,2.180000066757202,2.0199999809265137,2.0899999141693115,43200,0.0,0.0
2025-11-14 00:00:00-05:00,2.0899999141693115,2.2300000190734863,2.049999952316284,2.109999895095825,48500,0.0,0.0
2025-11-17 00:00:00-05:00,2.180000066757202,2.190000057220459,1.899999976158142,1.899999976158142,154300,0.0,0.0
2025-11-18 00:00:00-05:00,1.850000023841858,2.0399999618530273,1.850000023841858,1.9700000286102295,52900,0.0,0.0
2025-11-19 00:00:00-05:00,1.9199999570846558,2.0399999618530273,1.9199999570846558,1.9199999570846558,73100,0.0,0.0
2025-11-20 00:00:00-05:00,1.909999966621399,2.009999990463257,1.8799999952316284,1.909999966621399,67500,0.0,0.0
2025-11-21 00:00:00-05:00,1.9299999475479126,2.0199999809265137,1.9199999570846558,1.9900000095367432,50000,0.0,0.0
2025-11-24 00:00:00-05:00,2.0,2.1600000858306885,2.0,2.069999933242798,26800,0.0,0.0
2025-11-25 00:00:00-05:00,2.069999933242798,2.2200000286102295,2.059999942779541,2.109999895095825,18800,0.0,0.0
2025-11-26 00:00:00-05:00,2.1600000858306885,2.2300000190734863,2.119999885559082,2.2100000381469727,43700,0.0,0.0
2025-11-28 00:00:00-05:00,2.2300000190734863,2.5999999046325684,2.2300000190734863,2.259999990463257,37800,0.0,0.0
2025-12-01 00:00:00-05:00,2.2899999618530273,2.4700000286102295,2.109999895095825,2.1700000762939453,152300,0.0,0.0
2025-12-02 00:00:00-05:00,2.200000047683716,2.309999942779541,2.1500000953674316,2.1600000858306885,52300,0.0,0.0
2025-12-03 00:00:00-05:00,2.25,2.390000104904175,2.200000047683716,2.2799999713897705,136300,0.0,0.0
2025-12-04 00:00:00-05:00,2.2899999618530273,2.380000114440918,2.25,2.3499999046325684,102000,0.0,0.0
2025-12-05 00:00:00-05:00,2.2899999618530273,2.4200000762939453,2.2300000190734863,2.390000104904175,41700,0.0,0.0
2025-12-08 00:00:00-05:00,2.4100000858306885,2.4700000286102295,2.1700000762939453,2.1700000762939453,171600,0.0,0.0
2025-12-09 00:00:00-05:00,2.1700000762939453,2.380000114440918,2.1700000762939453,2.259999990463257,134100,0.0,0.0
2025-12-10 00:00:00-05:00,2.2799999713897705,2.7300000190734863,2.2799999713897705,2.5,224100,0.0,0.0
2025-12-11 00:00:00-05:00,2.5199999809265137,2.640000104904175,2.430000066757202,2.490000009536743,161700,0.0,0.0
2025-12-12 00:00:00-05:00,2.509999990463257,2.6600000858306885,2.4200000762939453,2.5299999713897705,102600,0.0,0.0
2025-12-15 00:00:00-05:00,2.5899999141693115,3.200000047683716,2.5799999237060547,2.9700000286102295,738300,0.0,0.0
2025-12-16 00:00:00-05:00,2.950000047683716,3.7100000381469727,2.950000047683716,3.569999933242798,602400,0.0,0.0
2025-12-17 00:00:00-05:00,3.5899999141693115,4.099999904632568,3.5299999713897705,3.890000104904175,545600,0.0,0.0
2025-12-18 00:00:00-05:00,3.950000047683716,4.559999942779541,3.950000047683716,4.380000114440918,394200,0.0,0.0
2025-12-19 00:00:00-05:00,4.420000076293945,4.559999942779541,3.880000114440918,4.409999847412109,324400,0.0,0.0
2025-12-22 00:00:00-05:00,4.420000076293945,4.590000152587891,4.119999885559082,4.349999904632568,109700,0.0,0.0
2025-12-23 00:00:00-05:00,4.329999923706055,4.329999923706055,3.930000066757202,4.260000228881836,285400,0.0,0.0
2025-12-24 00:00:00-05:00,4.289999961853027,4.289999961853027,4.130000114440918,4.199999809265137,51300,0.0,0.0
2025-12-26 00:00:00-05:00,4.130000114440918,4.269999980926514,4.050000190734863,4.119999885559082,119400,0.0,0.0
2025-12-29 00:00:00-05:00,4.099999904632568,4.119999885559082,3.859999895095825,4.070000171661377,122800,0.0,0.0
2025-12-30 00:00:00-05:00,4.019999980926514,4.110000133514404,3.7799999713897705,3.9600000381469727,379500,0.0,0.0
2025-12-31 00:00:00-05:00,3.950000047683716,4.110000133514404,3.759999990463257,3.9800000190734863,241100,0.0,0.0
2026-01-02 00:00:00-05:00,3.9700000286102295,4.110000133514404,3.799999952316284,3.9800000190734863,194800,0.0,0.0
2026-01-05 00:00:00-05:00,4.010000228881836,4.260000228881836,3.8299999237060547,4.0,239600,0.0,0.0
2026-01-06 00:00:00-05:00,4.019999980926514,4.849999904632568,3.9800000190734863,4.71999979019165,360200,0.0,0.0
2026-01-07 00:00:00-05:00,4.829999923706055,5.380000114440918,4.690000057220459,5.190000057220459,364700,0.0,0.0
2026-01-08 00:00:00-05:00,5.139999866485596,5.199999809265137,4.659999847412109,4.829999923706055,199900,0.0,0.0
2026-01-09 00:00:00-05:00,4.639999866485596,4.96999979019165,4.53000020980835,4.949999809265137,260700,0.0,0.0
2026-01-12 00:00:00-05:00,4.96999979019165,5.050000190734863,4.670000076293945,4.71999979019165,252000,0.0,0.0
2026-01-13 00:00:00-05:00,4.940000057220459,4.96999979019165,4.590000152587891,4.679999828338623,95600,0.0,0.0
2026-01-14 00:00:00-05:00,4.639999866485596,5.079999923706055,4.519999980926514,4.880000114440918,237300,0.0,0.0
2026-01-15 00:00:00-05:00,4.820000171661377,4.889999866485596,4.599999904632568,4.760000228881836,214700,0.0,0.0
2026-01-16 00:00:00-05:00,4.789999961853027,4.920000076293945,4.579999923706055,4.650000095367432,208700,0.0,0.0
2026-01-20 00:00:00-05:00,4.619999885559082,4.860000133514404,4.599999904632568,4.71999979019165,142400,0.0,0.0
2026-01-21 00:00:00-05:00,4.860000133514404,4.860000133514404,4.309999942779541,4.380000114440918,142200,0.0,0.0
2026-01-22 00:00:00-05:00,4.380000114440918,4.579999923706055,3.8399999141693115,4.039999961853027,293000,0.0,0.0
2026-01-23 00:00:00-05:00,4.079999923706055,4.159999847412109,3.890000104904175,3.930000066757202,213200,0.0,0.0
2026-01-26 00:00:00-05:00,3.9200000762939453,3.9600000381469727,3.7100000381469727,3.75,148900,0.0,0.0
2026-01-27 00:00:00-05:00,3.6600000858306885,3.890000104904175,3.6600000858306885,3.740000009536743,85500,0.0,0.0
2026-01-28 00:00:00-05:00,3.75,3.990000009536743,3.6700000762939453,3.8299999237060547,258600,0.0,0.0
2026-01-29 00:00:00-05:00,3.819999933242798,3.819999933242798,3.609999895095825,3.700000047683716,95400,0.0,0.0
2026-01-30 00:00:00-05:00,3.5799999237060547,3.9700000286102295,3.5799999237060547,3.75,228700,0.0,0.0
2026-02-02 00:00:00-05:00,3.75,4.019999980926514,3.7300000190734863,3.859999895095825,239400,0.0,0.0
2026-02-03 00:00:00-05:00,3.8299999237060547,3.9800000190734863,3.75,3.7899999618530273,228300,0.0,0.0
2026-02-04 00:00:00-05:00,4.099999904632568,4.119999885559082,3.7200000286102295,3.940000057220459,971800,0.0,0.0
2026-02-05 00:00:00-05:00,3.859999895095825,3.859999895095825,3.5899999141693115,3.5899999141693115,193900,0.0,0.0
2026-02-06 00:00:00-05:00,3.5399999618530273,3.9800000190734863,3.5399999618530273,3.9100000858306885,102800,0.0,0.0
2026-02-09 00:00:00-05:00,3.940000057220459,3.9600000381469727,3.759999990463257,3.8499999046325684,93500,0.0,0.0
2026-02-10 00:00:00-05:00,3.819999933242798,3.950000047683716,3.7100000381469727,3.859999895095825,126400,0.0,0.0
2026-02-11 00:00:00-05:00,3.859999895095825,3.9200000762939453,3.809999942779541,3.869999885559082,55500,0.0,0.0
2026-02-12 00:00:00-05:00,3.859999895095825,3.9000000953674316,3.680000066757202,3.7899999618530273,141200,0.0,0.0
2026-02-13 00:00:00-05:00,3.819999933242798,3.950000047683716,3.759999990463257,3.880000114440918,122600,0.0,0.0
2026-02-17 00:00:00-05:00,3.819999933242798,3.9700000286102295,3.809999942779541,3.8499999046325684,111900,0.0,0.0
2026-02-18 00:00:00-05:00,3.859999895095825,3.950000047683716,3.7799999713897705,3.9200000762939453,149300,0.0,0.0
2026-02-19 00:00:00-05:00,3.859999895095825,3.9700000286102295,3.799999952316284,3.9100000858306885,125900,0.0,0.0
2026-02-20 00:00:00-05:00,3.9100000858306885,3.930000066757202,3.799999952316284,3.9000000953674316,115000,0.0,0.0
2026-02-23 00:00:00-05:00,3.9100000858306885,3.940000057220459,3.7699999809265137,3.8399999141693115,69400,0.0,0.0
2026-02-24 00:00:00-05:00,3.950000047683716,3.9600000381469727,3.809999942779541,3.9200000762939453,93900,0.0,0.0
2026-02-25 00:00:00-05:00,4.0,4.110000133514404,3.930000066757202,4.099999904632568,132200,0.0,0.0
2026-02-26 00:00:00-05:00,4.099999904632568,4.519999980926514,4.070000171661377,4.480000019073486,201600,0.0,0.0
2026-02-27 00:00:00-05:00,4.440000057220459,4.929999828338623,4.320000171661377,4.920000076293945,201700,0.0,0.0
2026-03-02 00:00:00-05:00,4.869999885559082,5.03000020980835,4.739999771118164,4.840000152587891,129200,0.0,0.0
2026-03-03 00:00:00-05:00,4.710000038146973,4.800000190734863,4.489999771118164,4.579999923706055,249300,0.0,0.0
2026-03-04 00:00:00-05:00,4.579999923706055,4.579999923706055,3.630000114440918,3.6700000762939453,509600,0.0,0.0
2026-03-05 00:00:00-05:00,3.6700000762939453,3.759999990463257,3.509999990463257,3.5199999809265137,91900,0.0,0.0
2026-03-06 00:00:00-05:00,3.490000009536743,3.5899999141693115,3.369999885559082,3.5,52000,0.0,0.0
2026-03-09 00:00:00-04:00,3.440000057220459,3.549999952316284,3.299999952316284,3.4100000858306885,131400,0.0,0.0
2026-03-10 00:00:00-04:00,3.369999885559082,3.390000104904175,3.1500000953674316,3.1600000858306885,55500,0.0,0.0
2026-03-11 00:00:00-04:00,3.3299999237060547,3.3299999237060547,3.0299999713897705,3.0799999237060547,129600,0.0,0.0
2026-03-12 00:00:00-04:00,3.0199999809265137,3.119999885559082,3.0199999809265137,3.0899999141693115,50200,0.0,0.0
2026-03-13 00:00:00-04:00,3.0999999046325684,3.140000104904175,2.950000047683716,3.0399999618530273,65400,0.0,0.0
2026-03-16 00:00:00-04:00,3.0299999713897705,3.180000066757202,3.0299999713897705,3.059999942779541,28800,0.0,0.0
2026-03-17 00:00:00-04:00,3.059999942779541,3.380000114440918,2.9800000190734863,3.009999990463257,131000,0.0,0.0
2026-03-18 00:00:00-04:00,3.0299999713897705,3.200000047683716,2.7699999809265137,2.799999952316284,114100,0.0,0.0
2026-03-19 00:00:00-04:00,2.8299999237060547,2.950000047683716,2.690000057220459,2.880000114440918,129900,0.0,0.0
2026-03-20 00:00:00-04:00,2.8299999237060547,2.869999885559082,2.759999990463257,2.8299999237060547,53000,0.0,0.0
2026-03-23 00:00:00-04:00,2.8399999141693115,3.069999933242798,2.8399999141693115,3.049999952316284,20300,0.0,0.0
2026-03-24 00:00:00-04:00,2.940000057220459,3.190000057220459,2.940000057220459,3.130000114440918,21200,0.0,0.0
2026-03-25 00:00:00-04:00,3.059999942779541,3.4100000858306885,3.0299999713897705,3.3499999046325684,26700,0.0,0.0
2026-03-26 00:00:00-04:00,3.25,3.369999885559082,3.109999895095825,3.240000009536743,50600,0.0,0.0
2026-03-27 00:00:00-04:00,3.200000047683716,3.940000057220459,3.0299999713897705,3.069999933242798,54800,0.0,0.0
2026-03-30 00:00:00-04:00,3.119999885559082,3.259999990463257,3.059999942779541,3.119999885559082,35900,0.0,0.0
2026-03-31 00:00:00-04:00,3.200000047683716,3.2799999713897705,3.1500000953674316,3.25,40200,0.0,0.0
2026-04-01 00:00:00-04:00,3.2899999618530273,3.329400062561035,3.0999999046325684,3.0999999046325684,51847,0.0,0.0
