Date,Open,High,Low,Close,Volume,Dividends,Stock Splits
2022-01-03 00:00:00-05:00,15.736666679382324,17.040000915527344,15.736666679382324,16.886667251586914,408000,0.0,0.0
2022-01-04 00:00:00-05:00,17.049999237060547,18.905000686645508,16.711666107177734,18.77166748046875,598800,0.0,0.0
2022-01-05 00:00:00-05:00,18.586666107177734,18.586666107177734,17.53499984741211,17.579999923706055,349200,0.0,0.0
2022-01-06 00:00:00-05:00,17.81333351135254,17.833332061767578,16.3799991607666,16.50666618347168,408000,0.0,0.0
2022-01-07 00:00:00-05:00,16.56999969482422,16.968332290649414,15.918333053588867,16.503332138061523,206400,0.0,0.0
2022-01-10 00:00:00-05:00,16.516666412353516,16.698333740234375,16.213333129882812,16.60333251953125,116400,0.0,0.0
2022-01-11 00:00:00-05:00,16.77833366394043,17.06333351135254,16.583332061767578,16.843332290649414,113400,0.0,0.0
2022-01-12 00:00:00-05:00,16.748332977294922,17.56833267211914,16.55500030517578,17.104999542236328,252000,0.0,0.0
2022-01-13 00:00:00-05:00,17.47166633605957,18.051666259765625,16.731666564941406,16.825000762939453,345000,0.0,0.0
2022-01-14 00:00:00-05:00,16.889999389648438,18.246667861938477,16.69499969482422,17.656667709350586,307200,0.0,0.0
2022-01-18 00:00:00-05:00,17.5,17.60333251953125,16.920000076293945,17.163333892822266,169800,0.0,0.0
2022-01-19 00:00:00-05:00,16.753332138061523,17.014999389648438,16.558332443237305,16.761667251586914,67200,0.0,0.0
2022-01-20 00:00:00-05:00,16.581666946411133,17.1200008392334,16.22166633605957,16.321666717529297,109800,0.0,0.0
2022-01-21 00:00:00-05:00,16.393333435058594,16.70166778564453,16.02833366394043,16.125,126600,0.0,0.0
2022-01-24 00:00:00-05:00,15.916666984558105,16.636667251586914,15.353333473205566,16.479999542236328,238200,0.0,0.0
2022-01-25 00:00:00-05:00,16.378332138061523,17.325000762939453,15.94333267211914,16.831666946411133,126000,0.0,0.0
2022-01-26 00:00:00-05:00,16.84000015258789,17.336666107177734,16.05666732788086,16.13833236694336,89400,0.0,0.0
2022-01-27 00:00:00-05:00,16.418333053588867,16.418333053588867,15.558333396911621,15.774999618530273,100200,0.0,0.0
2022-01-28 00:00:00-05:00,15.675000190734863,16.051666259765625,15.131667137145996,15.606666564941406,172200,0.0,0.0
2022-01-31 00:00:00-05:00,15.581666946411133,16.209999084472656,15.50333309173584,16.071666717529297,148800,0.0,0.0
2022-02-01 00:00:00-05:00,16.113332748413086,17.149999618530273,16.066667556762695,16.979999542236328,151800,0.0,0.0
2022-02-02 00:00:00-05:00,16.833332061767578,16.979999542236328,16.450000762939453,16.610000610351562,153000,0.0,0.0
2022-02-03 00:00:00-05:00,16.3700008392334,16.538333892822266,16.016666412353516,16.145000457763672,84600,0.0,0.0
2022-02-04 00:00:00-05:00,16.13833236694336,16.61166763305664,15.914999961853027,16.456666946411133,158400,0.0,0.0
2022-02-07 00:00:00-05:00,16.498332977294922,16.498332977294922,16.139999389648438,16.274999618530273,75000,0.0,0.0
2022-02-08 00:00:00-05:00,16.24333381652832,16.29833221435547,15.506667137145996,15.949999809265137,240600,0.0,0.0
2022-02-09 00:00:00-05:00,15.676667213439941,15.876667022705078,15.373332977294922,15.84333324432373,198600,0.0,0.0
2022-02-10 00:00:00-05:00,15.666666984558105,16.116666793823242,15.274999618530273,15.463333129882812,267600,0.0,0.0
2022-02-11 00:00:00-05:00,15.704999923706055,15.704999923706055,14.786666870117188,15.233332633972168,207000,0.0,0.0
2022-02-14 00:00:00-05:00,15.289999961853027,15.438332557678223,14.348333358764648,14.476667404174805,141000,0.0,0.0
2022-02-15 00:00:00-05:00,14.585000038146973,14.869999885559082,14.426667213439941,14.741666793823242,133800,0.0,0.0
2022-02-16 00:00:00-05:00,14.755000114440918,14.975000381469727,14.364999771118164,14.426667213439941,117600,0.0,0.0
2022-02-17 00:00:00-05:00,14.333333015441895,14.701666831970215,14.168333053588867,14.59000015258789,124200,0.0,0.0
2022-02-18 00:00:00-05:00,14.333333015441895,14.75,14.166666984558105,14.21833324432373,103800,0.0,0.0
2022-02-22 00:00:00-05:00,14.216667175292969,14.323332786560059,13.890000343322754,13.979999542236328,118800,0.0,0.0
2022-02-23 00:00:00-05:00,14.198332786560059,14.198332786560059,13.978333473205566,14.006667137145996,202800,0.0,0.0
2022-02-24 00:00:00-05:00,13.933333396911621,14.329999923706055,13.838333129882812,14.291666984558105,87000,0.0,0.0
2022-02-25 00:00:00-05:00,14.296667098999023,14.471667289733887,14.108332633972168,14.398332595825195,71400,0.0,0.0
2022-02-28 00:00:00-05:00,14.251667022705078,15.743332862854004,14.251667022705078,15.743332862854004,860400,0.0,0.0
2022-03-01 00:00:00-05:00,15.743332862854004,16.40166664123535,15.62833309173584,16.26333236694336,372600,0.0,0.0
2022-03-02 00:00:00-05:00,16.350000381469727,16.80500030517578,16.30666732788086,16.461666107177734,219600,0.0,0.0
2022-03-03 00:00:00-05:00,16.573333740234375,16.573333740234375,15.194999694824219,15.393333435058594,267600,0.0,0.0
2022-03-04 00:00:00-05:00,15.471667289733887,15.471667289733887,14.898332595825195,15.114999771118164,393600,0.0,0.0
2022-03-07 00:00:00-05:00,15.364999771118164,16.68000030517578,15.166666984558105,16.333332061767578,403200,0.0,0.0
2022-03-08 00:00:00-05:00,16.21666717529297,16.72833251953125,16.104999542236328,16.296667098999023,255000,0.0,0.0
2022-03-09 00:00:00-05:00,16.065000534057617,16.601667404174805,16.040000915527344,16.581666946411133,267600,0.0,0.0
2022-03-10 00:00:00-05:00,16.663333892822266,17.170000076293945,16.415000915527344,16.71500015258789,180600,0.0,0.0
2022-03-11 00:00:00-05:00,16.71500015258789,16.856666564941406,15.96833324432373,15.993332862854004,167400,0.0,0.0
2022-03-14 00:00:00-04:00,15.960000038146973,15.960000038146973,15.346667289733887,15.578332901000977,216000,0.0,0.0
2022-03-15 00:00:00-04:00,15.388333320617676,15.989999771118164,15.116666793823242,15.71500015258789,193800,0.0,0.0
2022-03-16 00:00:00-04:00,15.71166706085205,16.331666946411133,15.623332977294922,16.293333053588867,184200,0.0,0.0
2022-03-17 00:00:00-04:00,16.47333335876465,17.084999084472656,16.47333335876465,16.940000534057617,223200,0.0,0.0
2022-03-18 00:00:00-04:00,16.948333740234375,17.149999618530273,16.78333282470703,16.956666946411133,700800,0.0,0.0
2022-03-21 00:00:00-04:00,16.958332061767578,17.316667556762695,16.761667251586914,17.038333892822266,214200,0.0,0.0
2022-03-22 00:00:00-04:00,17.27833366394043,17.489999771118164,17.06999969482422,17.46666717529297,200400,0.0,0.0
2022-03-23 00:00:00-04:00,16.666667938232422,17.641666412353516,16.34000015258789,17.203332901000977,199200,0.0,0.0
2022-03-24 00:00:00-04:00,17.038333892822266,17.17333221435547,16.496667861938477,17.030000686645508,147000,0.0,0.0
2022-03-25 00:00:00-04:00,17.38833236694336,17.479999542236328,17.156667709350586,17.251667022705078,180600,0.0,0.0
2022-03-28 00:00:00-04:00,17.03333282470703,17.03333282470703,16.14666748046875,16.270000457763672,135000,0.0,0.0
2022-03-29 00:00:00-04:00,16.303333282470703,16.503332138061523,16.14666748046875,16.34666633605957,145800,0.0,0.0
2022-03-30 00:00:00-04:00,16.540000915527344,16.854999542236328,16.540000915527344,16.79833221435547,156600,0.0,0.0
2022-03-31 00:00:00-04:00,16.59000015258789,16.963333129882812,16.543333053588867,16.600000381469727,207600,0.0,0.0
2022-04-01 00:00:00-04:00,16.713333129882812,17.073333740234375,16.553333282470703,17.071666717529297,157800,0.0,0.0
2022-04-04 00:00:00-04:00,17.204999923706055,17.204999923706055,16.200000762939453,16.30500030517578,221400,0.0,0.0
2022-04-05 00:00:00-04:00,16.565000534057617,16.565000534057617,15.858332633972168,15.886667251586914,195000,0.0,0.0
2022-04-06 00:00:00-04:00,15.773332595825195,15.994999885559082,15.401666641235352,15.505000114440918,283800,0.0,0.0
2022-04-07 00:00:00-04:00,15.473333358764648,15.658332824707031,14.851667404174805,14.916666984558105,248400,0.0,0.0
2022-04-08 00:00:00-04:00,14.918333053588867,15.131667137145996,14.19333267211914,14.260000228881836,248400,0.0,0.0
2022-04-11 00:00:00-04:00,14.333333015441895,14.46500015258789,14.123332977294922,14.261667251586914,350400,0.0,0.0
2022-04-12 00:00:00-04:00,14.486666679382324,15.158332824707031,14.453332901000977,15.073332786560059,231000,0.0,0.0
2022-04-13 00:00:00-04:00,15.141667366027832,15.808333396911621,15.141667366027832,15.600000381469727,188400,0.0,0.0
2022-04-14 00:00:00-04:00,15.87833309173584,15.96500015258789,15.114999771118164,15.228333473205566,245400,0.0,0.0
2022-04-18 00:00:00-04:00,15.233332633972168,15.49666690826416,14.694999694824219,14.994999885559082,226800,0.0,0.0
2022-04-19 00:00:00-04:00,15.061667442321777,15.430000305175781,14.956666946411133,14.993332862854004,250200,0.0,0.0
2022-04-20 00:00:00-04:00,14.998332977294922,15.300000190734863,14.983332633972168,15.081666946411133,314400,0.0,0.0
2022-04-21 00:00:00-04:00,15.373332977294922,15.5,14.833333015441895,14.893333435058594,212400,0.0,0.0
2022-04-22 00:00:00-04:00,14.850000381469727,14.885000228881836,14.208333015441895,14.244999885559082,180000,0.0,0.0
2022-04-25 00:00:00-04:00,14.096667289733887,14.18166732788086,13.551667213439941,13.994999885559082,163200,0.0,0.0
2022-04-26 00:00:00-04:00,14.135000228881836,14.356666564941406,13.881667137145996,13.981666564941406,251400,0.0,0.0
2022-04-27 00:00:00-04:00,14.154999732971191,14.263333320617676,13.881667137145996,14.100000381469727,192600,0.0,0.0
2022-04-28 00:00:00-04:00,14.1899995803833,14.595000267028809,13.808333396911621,14.46500015258789,130800,0.0,0.0
2022-04-29 00:00:00-04:00,14.454999923706055,14.59000015258789,13.94333267211914,14.104999542236328,210000,0.0,0.0
2022-05-02 00:00:00-04:00,14.151666641235352,14.43166732788086,13.796667098999023,14.316666603088379,275400,0.0,0.0
2022-05-03 00:00:00-04:00,14.341667175292969,14.416666984558105,14.166666984558105,14.21166706085205,187200,0.0,0.0
2022-05-04 00:00:00-04:00,14.476667404174805,15.116666793823242,14.308333396911621,14.890000343322754,378600,0.0,0.0
2022-05-05 00:00:00-04:00,14.850000381469727,14.850000381469727,13.978333473205566,14.208333015441895,169200,0.0,0.0
2022-05-06 00:00:00-04:00,14.399999618530273,14.491666793823242,14.036666870117188,14.286666870117188,118800,0.0,0.0
2022-05-09 00:00:00-04:00,14.079999923706055,14.079999923706055,13.44333267211914,13.766667366027832,303600,0.0,0.0
2022-05-10 00:00:00-04:00,13.881667137145996,14.518333435058594,13.595000267028809,14.170000076293945,216600,0.0,0.0
2022-05-11 00:00:00-04:00,14.401666641235352,14.899999618530273,13.78833293914795,13.856666564941406,255000,0.0,0.0
2022-05-12 00:00:00-04:00,13.948332786560059,14.508333206176758,13.761667251586914,14.266667366027832,264000,0.0,0.0
2022-05-13 00:00:00-04:00,14.46166706085205,14.824999809265137,14.366666793823242,14.696666717529297,220800,0.0,0.0
2022-05-16 00:00:00-04:00,14.563332557678223,15.301667213439941,14.563332557678223,15.0649995803833,206400,0.0,0.0
2022-05-17 00:00:00-04:00,15.203332901000977,15.521666526794434,15.078332901000977,15.255000114440918,186600,0.0,0.0
2022-05-18 00:00:00-04:00,15.261667251586914,15.6899995803833,15.06833267211914,15.111666679382324,319800,0.0,0.0
2022-05-19 00:00:00-04:00,14.979999542236328,15.063332557678223,14.458333015441895,14.858332633972168,216600,0.0,0.0
2022-05-20 00:00:00-04:00,14.976667404174805,14.976667404174805,14.1899995803833,14.454999923706055,136200,0.0,0.0
2022-05-23 00:00:00-04:00,14.516667366027832,14.791666984558105,14.255000114440918,14.758333206176758,109200,0.0,0.0
2022-05-24 00:00:00-04:00,14.579999923706055,14.779999732971191,14.401666641235352,14.631667137145996,219000,0.0,0.0
2022-05-25 00:00:00-04:00,14.550000190734863,15.398332595825195,14.426667213439941,15.024999618530273,234600,0.0,0.0
2022-05-26 00:00:00-04:00,15.008333206176758,15.033332824707031,14.498332977294922,14.526666641235352,172200,0.0,0.0
2022-05-27 00:00:00-04:00,14.364999771118164,14.486666679382324,14.168333053588867,14.388333320617676,237600,0.0,0.0
2022-05-31 00:00:00-04:00,14.388333320617676,14.824999809265137,14.078332901000977,14.481666564941406,296400,0.0,0.0
2022-06-01 00:00:00-04:00,14.486666679382324,14.791666984558105,14.30666732788086,14.648332595825195,162600,0.0,0.0
2022-06-02 00:00:00-04:00,14.65666675567627,15.376667022705078,14.65666675567627,15.33666706085205,108000,0.0,0.0
2022-06-03 00:00:00-04:00,15.831666946411133,15.831666946411133,15.076666831970215,15.095000267028809,107400,0.0,0.0
2022-06-06 00:00:00-04:00,15.375,15.375,14.993332862854004,15.103333473205566,300000,0.0,0.0
2022-06-07 00:00:00-04:00,15.21833324432373,15.975000381469727,15.100000381469727,15.833333015441895,339000,0.0,0.0
2022-06-08 00:00:00-04:00,15.861666679382324,16.073333740234375,15.553333282470703,15.613332748413086,137400,0.0,0.0
2022-06-09 00:00:00-04:00,15.710000038146973,15.916666984558105,15.551667213439941,15.859999656677246,253200,0.0,0.0
2022-06-10 00:00:00-04:00,15.729999542236328,15.851667404174805,15.348333358764648,15.43166732788086,242400,0.0,0.0
2022-06-13 00:00:00-04:00,15.133333206176758,15.463333129882812,14.201666831970215,14.261667251586914,235800,0.0,0.0
2022-06-14 00:00:00-04:00,14.316666603088379,14.988332748413086,14.241666793823242,14.375,250200,0.0,0.0
2022-06-15 00:00:00-04:00,14.366666793823242,14.731666564941406,14.234999656677246,14.376667022705078,285000,0.0,0.0
2022-06-16 00:00:00-04:00,14.104999542236328,14.359999656677246,13.833333015441895,14.101667404174805,315000,0.0,0.0
2022-06-17 00:00:00-04:00,14.614999771118164,14.989999771118164,13.713333129882812,14.109999656677246,1569600,0.0,0.0
2022-06-21 00:00:00-04:00,14.466667175292969,15.053333282470703,14.300000190734863,14.623332977294922,250800,0.0,0.0
2022-06-22 00:00:00-04:00,14.428333282470703,14.876667022705078,13.688332557678223,13.726667404174805,376800,0.0,0.0
2022-06-23 00:00:00-04:00,13.721667289733887,13.938332557678223,13.116666793823242,13.851667404174805,498000,0.0,0.0
2022-06-24 00:00:00-04:00,14.081666946411133,14.203332901000977,13.771666526794434,13.986666679382324,538200,0.0,0.0
2022-06-27 00:00:00-04:00,14.248332977294922,14.863332748413086,14.18166732788086,14.863332748413086,261600,0.0,0.0
2022-06-28 00:00:00-04:00,15.013333320617676,15.100000381469727,14.361666679382324,14.433333396911621,277200,0.0,0.0
2022-06-29 00:00:00-04:00,14.528332710266113,14.725000381469727,13.75,14.109999656677246,361200,0.0,0.0
2022-06-30 00:00:00-04:00,13.853333473205566,14.423333168029785,13.770000457763672,14.133333206176758,365400,0.0,0.0
2022-07-01 00:00:00-04:00,14.111666679382324,14.808333396911621,13.850000381469727,14.539999961853027,277200,0.0,0.0
2022-07-05 00:00:00-04:00,14.119999885559082,14.326666831970215,13.5,13.876667022705078,757800,0.0,0.0
2022-07-06 00:00:00-04:00,13.801667213439941,14.248332977294922,13.369999885559082,14.158332824707031,364200,0.0,0.0
2022-07-07 00:00:00-04:00,14.385000228881836,14.821666717529297,14.385000228881836,14.53166675567627,215400,0.0,0.0
2022-07-08 00:00:00-04:00,14.498332977294922,14.498332977294922,13.989999771118164,14.21500015258789,320400,0.0,0.0
2022-07-11 00:00:00-04:00,14.08666706085205,14.37833309173584,14.023332595825195,14.170000076293945,255600,0.0,0.0
2022-07-12 00:00:00-04:00,14.228333473205566,14.376667022705078,13.984999656677246,14.133333206176758,314400,0.0,0.0
2022-07-13 00:00:00-04:00,13.948332786560059,14.298333168029785,13.868332862854004,14.0649995803833,227400,0.0,0.0
2022-07-14 00:00:00-04:00,13.803333282470703,14.30666732788086,13.645000457763672,14.263333320617676,363600,0.0,0.0
2022-07-15 00:00:00-04:00,14.606666564941406,14.903332710266113,14.328332901000977,14.873332977294922,306600,0.0,0.0
2022-07-18 00:00:00-04:00,15.154999732971191,15.236666679382324,14.936667442321777,15.164999961853027,201600,0.0,0.0
2022-07-19 00:00:00-04:00,15.441666603088379,16.011667251586914,15.386667251586914,15.898332595825195,285000,0.0,0.0
2022-07-20 00:00:00-04:00,15.75333309173584,16.066667556762695,15.476667404174805,15.808333396911621,322200,0.0,0.0
2022-07-21 00:00:00-04:00,15.539999961853027,15.539999961853027,14.881667137145996,15.03833293914795,327000,0.0,0.0
2022-07-22 00:00:00-04:00,14.951666831970215,14.998332977294922,14.608332633972168,14.678333282470703,229800,0.0,0.0
2022-07-25 00:00:00-04:00,14.898332595825195,15.369999885559082,14.831666946411133,15.369999885559082,184200,0.0,0.0
2022-07-26 00:00:00-04:00,15.399999618530273,15.62166690826416,14.933333396911621,15.045000076293945,270000,0.0,0.0
2022-07-27 00:00:00-04:00,15.15666675567627,15.743332862854004,15.058333396911621,15.69333267211914,250800,0.0,0.0
2022-07-28 00:00:00-04:00,15.728333473205566,15.728333473205566,15.274999618530273,15.583333015441895,312000,0.0,0.0
2022-07-29 00:00:00-04:00,15.751667022705078,16.051666259765625,15.58666706085205,15.90999984741211,241800,0.0,0.0
2022-08-01 00:00:00-04:00,15.578332901000977,15.739999771118164,15.345000267028809,15.664999961853027,240600,0.0,0.0
2022-08-02 00:00:00-04:00,15.511667251586914,16.110000610351562,15.505000114440918,15.729999542236328,207600,0.0,0.0
2022-08-03 00:00:00-04:00,15.975000381469727,16.066667556762695,15.633333206176758,16.0049991607666,386400,0.0,0.0
2022-08-04 00:00:00-04:00,16.0049991607666,16.093332290649414,15.453332901000977,15.573332786560059,296400,0.0,0.0
2022-08-05 00:00:00-04:00,15.319999694824219,15.756667137145996,15.319999694824219,15.606666564941406,238200,0.0,0.0
2022-08-08 00:00:00-04:00,15.760000228881836,16.190000534057617,15.600000381469727,16.059999465942383,189000,0.0,3.0
2022-08-09 00:00:00-04:00,15.984999656677246,16.579999923706055,15.984999656677246,16.540000915527344,219600,0.0,0.0
2022-08-10 00:00:00-04:00,16.7549991607666,16.90999984741211,16.420000076293945,16.454999923706055,216600,0.0,0.0
2022-08-11 00:00:00-04:00,16.65999984741211,16.790000915527344,16.354999542236328,16.579999923706055,266000,0.0,0.0
2022-08-12 00:00:00-04:00,16.674999237060547,16.674999237060547,16.290000915527344,16.55500030517578,183800,0.0,0.0
2022-08-15 00:00:00-04:00,16.399999618530273,16.559999465942383,15.960000038146973,16.43000030517578,220000,0.0,0.0
2022-08-16 00:00:00-04:00,16.604999542236328,16.799999237060547,16.094999313354492,16.15999984741211,206400,0.0,0.0
2022-08-17 00:00:00-04:00,16.049999237060547,16.389999389648438,15.75,16.28499984741211,171800,0.0,0.0
2022-08-18 00:00:00-04:00,16.489999771118164,16.75,16.075000762939453,16.56999969482422,125600,0.0,0.0
2022-08-19 00:00:00-04:00,16.530000686645508,16.530000686645508,16.09000015258789,16.139999389648438,211200,0.0,0.0
2022-08-22 00:00:00-04:00,16.104999542236328,16.204999923706055,15.725000381469727,15.920000076293945,130200,0.0,0.0
2022-08-23 00:00:00-04:00,15.899999618530273,16.469999313354492,15.899999618530273,16.299999237060547,174800,0.0,0.0
2022-08-24 00:00:00-04:00,16.239999771118164,16.56999969482422,16.094999313354492,16.56999969482422,136800,0.0,0.0
2022-08-25 00:00:00-04:00,16.639999389648438,17.045000076293945,16.545000076293945,16.989999771118164,185200,0.0,0.0
2022-08-26 00:00:00-04:00,16.825000762939453,17.030000686645508,16.43000030517578,16.614999771118164,164000,0.0,0.0
2022-08-29 00:00:00-04:00,16.459999084472656,17.31999969482422,16.440000534057617,16.81999969482422,244400,0.0,0.0
2022-08-30 00:00:00-04:00,16.28499984741211,16.649999618530273,13.5649995803833,14.375,602400,0.0,0.0
2022-08-31 00:00:00-04:00,14.154999732971191,15.199999809265137,13.925000190734863,15.149999618530273,581200,0.0,0.0
2022-09-01 00:00:00-04:00,14.904999732971191,15.024999618530273,14.145000457763672,14.300000190734863,214400,0.0,0.0
2022-09-02 00:00:00-04:00,14.710000038146973,14.850000381469727,14.380000114440918,14.574999809265137,172800,0.0,0.0
2022-09-06 00:00:00-04:00,14.680000305175781,14.694999694824219,13.9399995803833,14.135000228881836,369600,0.0,0.0
2022-09-07 00:00:00-04:00,13.9399995803833,14.204999923706055,13.694999694824219,14.149999618530273,259600,0.0,0.0
2022-09-08 00:00:00-04:00,14.149999618530273,14.449999809265137,14.020000457763672,14.430000305175781,214800,0.0,0.0
2022-09-09 00:00:00-04:00,14.550000190734863,14.845000267028809,14.449999809265137,14.630000114440918,203200,0.0,0.0
2022-09-12 00:00:00-04:00,14.829999923706055,14.979999542236328,14.630000114440918,14.65999984741211,137800,0.0,0.0
2022-09-13 00:00:00-04:00,14.300000190734863,14.635000228881836,14.074999809265137,14.125,230000,0.0,0.0
2022-09-14 00:00:00-04:00,14.204999923706055,14.59000015258789,14.135000228881836,14.295000076293945,224400,0.0,0.0
2022-09-15 00:00:00-04:00,14.149999618530273,14.390000343322754,13.859999656677246,14.03499984741211,227600,0.0,0.0
2022-09-16 00:00:00-04:00,13.994999885559082,14.154999732971191,13.744999885559082,14.079999923706055,401000,0.0,0.0
2022-09-19 00:00:00-04:00,13.6899995803833,14.25,13.6899995803833,14.15999984741211,146400,0.0,0.0
2022-09-20 00:00:00-04:00,14.0600004196167,14.095000267028809,13.694999694824219,13.989999771118164,248000,0.0,0.0
2022-09-21 00:00:00-04:00,14.1899995803833,14.399999618530273,13.789999961853027,13.914999961853027,164800,0.0,0.0
2022-09-22 00:00:00-04:00,14.140000343322754,14.140000343322754,13.729999542236328,13.954999923706055,159600,0.0,0.0
2022-09-23 00:00:00-04:00,13.550000190734863,13.595000267028809,13.119999885559082,13.470000267028809,238800,0.0,0.0
2022-09-26 00:00:00-04:00,13.414999961853027,13.835000038146973,13.395000457763672,13.555000305175781,228800,0.0,0.0
2022-09-27 00:00:00-04:00,13.680000305175781,14.119999885559082,13.65999984741211,14.055000305175781,203800,0.0,0.0
2022-09-28 00:00:00-04:00,14.15999984741211,14.699999809265137,14.055000305175781,14.600000381469727,241000,0.0,0.0
2022-09-29 00:00:00-04:00,14.494999885559082,14.494999885559082,13.859999656677246,14.0,212600,0.0,0.0
2022-09-30 00:00:00-04:00,13.954999923706055,14.274999618530273,13.84000015258789,13.960000038146973,273200,0.0,0.0
2022-10-03 00:00:00-04:00,14.220000267028809,14.479999542236328,14.114999771118164,14.40999984741211,205400,0.0,0.0
2022-10-04 00:00:00-04:00,14.614999771118164,14.78499984741211,14.470000267028809,14.6850004196167,178400,0.0,0.0
2022-10-05 00:00:00-04:00,14.520000457763672,14.845000267028809,14.204999923706055,14.760000228881836,193400,0.0,0.0
2022-10-06 00:00:00-04:00,14.71500015258789,15.194999694824219,14.71500015258789,15.170000076293945,303400,0.0,0.0
2022-10-07 00:00:00-04:00,15.050000190734863,15.074999809265137,14.59000015258789,14.78499984741211,221200,0.0,0.0
2022-10-10 00:00:00-04:00,14.899999618530273,15.135000228881836,14.1899995803833,14.225000381469727,250600,0.0,0.0
2022-10-11 00:00:00-04:00,14.1899995803833,14.925000190734863,14.005000114440918,14.760000228881836,328600,0.0,0.0
2022-10-12 00:00:00-04:00,14.630000114440918,14.630000114440918,14.140000343322754,14.479999542236328,193400,0.0,0.0
2022-10-13 00:00:00-04:00,14.225000381469727,15.055000305175781,14.225000381469727,15.0,317200,0.0,0.0
2022-10-14 00:00:00-04:00,14.885000228881836,15.164999961853027,14.375,14.550000190734863,251600,0.0,0.0
2022-10-17 00:00:00-04:00,14.619999885559082,14.869999885559082,13.925000190734863,14.255000114440918,502800,0.0,0.0
2022-10-18 00:00:00-04:00,14.324999809265137,14.545000076293945,13.454999923706055,13.604999542236328,494800,0.0,0.0
2022-10-19 00:00:00-04:00,13.505000114440918,13.829999923706055,13.244999885559082,13.319999694824219,654000,0.0,0.0
2022-10-20 00:00:00-04:00,13.4399995803833,13.475000381469727,13.039999961853027,13.104999542236328,665400,0.0,0.0
2022-10-21 00:00:00-04:00,13.135000228881836,13.875,13.024999618530273,13.704999923706055,1931800,0.0,0.0
2022-10-24 00:00:00-04:00,13.704999923706055,14.25,13.5,14.045000076293945,349800,0.0,0.0
2022-10-25 00:00:00-04:00,14.050000190734863,14.645000457763672,13.880000114440918,14.510000228881836,341200,0.0,0.0
2022-10-26 00:00:00-04:00,14.680000305175781,15.005000114440918,14.5,14.755000114440918,290200,0.0,0.0
2022-10-27 00:00:00-04:00,14.9350004196167,14.9350004196167,14.479999542236328,14.529999732971191,262200,0.0,0.0
2022-10-28 00:00:00-04:00,14.6850004196167,14.710000038146973,14.140000343322754,14.699999809265137,254000,0.0,0.0
2022-10-31 00:00:00-04:00,14.5649995803833,14.994999885559082,14.5649995803833,14.994999885559082,190200,0.0,0.0
2022-11-01 00:00:00-04:00,15.225000381469727,15.234999656677246,14.899999618530273,15.03499984741211,223000,0.0,0.0
2022-11-02 00:00:00-04:00,15.135000228881836,15.164999961853027,14.475000381469727,14.520000457763672,241800,0.0,0.0
2022-11-03 00:00:00-04:00,14.300000190734863,14.90999984741211,14.28499984741211,14.699999809265137,263400,0.0,0.0
2022-11-04 00:00:00-04:00,15.09000015258789,15.210000038146973,14.654999732971191,15.204999923706055,228000,0.0,0.0
2022-11-07 00:00:00-05:00,15.319999694824219,15.4350004196167,15.074999809265137,15.404999732971191,191000,0.0,0.0
2022-11-08 00:00:00-05:00,15.510000228881836,15.510000228881836,15.104999542236328,15.154999732971191,231000,0.0,0.0
2022-11-09 00:00:00-05:00,15.069999694824219,15.125,14.104999542236328,14.130000114440918,198200,0.0,0.0
2022-11-10 00:00:00-05:00,14.625,15.324999809265137,14.475000381469727,15.225000381469727,225800,0.0,0.0
2022-11-11 00:00:00-05:00,15.145000457763672,15.8100004196167,15.145000457763672,15.609999656677246,172400,0.0,0.0
2022-11-14 00:00:00-05:00,15.574999809265137,16.104999542236328,15.225000381469727,15.890000343322754,185600,0.0,0.0
2022-11-15 00:00:00-05:00,15.895000457763672,16.485000610351562,15.854999542236328,16.420000076293945,204000,0.0,0.0
2022-11-16 00:00:00-05:00,16.329999923706055,16.459999084472656,16.225000381469727,16.274999618530273,125400,0.0,0.0
2022-11-17 00:00:00-05:00,16.065000534057617,16.31999969482422,15.930000305175781,16.309999465942383,123000,0.0,0.0
2022-11-18 00:00:00-05:00,16.399999618530273,16.540000915527344,16.045000076293945,16.315000534057617,163400,0.0,0.0
2022-11-21 00:00:00-05:00,16.239999771118164,16.239999771118164,15.710000038146973,16.114999771118164,123400,0.0,0.0
2022-11-22 00:00:00-05:00,16.204999923706055,16.700000762939453,16.204999923706055,16.575000762939453,138600,0.0,0.0
2022-11-23 00:00:00-05:00,16.420000076293945,16.524999618530273,15.845000267028809,16.094999313354492,102600,0.0,0.0
2022-11-25 00:00:00-05:00,16.010000228881836,16.3799991607666,15.90999984741211,16.219999313354492,55000,0.0,0.0
2022-11-28 00:00:00-05:00,15.979999542236328,16.229999542236328,15.520000457763672,15.550000190734863,137200,0.0,0.0
2022-11-29 00:00:00-05:00,15.609999656677246,15.664999961853027,15.204999923706055,15.210000038146973,164600,0.0,0.0
2022-11-30 00:00:00-05:00,15.15999984741211,15.289999961853027,14.755000114440918,14.755000114440918,1045400,0.0,0.0
2022-12-01 00:00:00-05:00,15.470000267028809,18.139999389648438,15.3149995803833,17.424999237060547,508200,0.0,0.0
2022-12-02 00:00:00-05:00,16.690000534057617,18.155000686645508,16.575000762939453,17.209999084472656,244000,0.0,0.0
2022-12-05 00:00:00-05:00,17.25,17.25,15.444999694824219,15.494999885559082,368000,0.0,0.0
2022-12-06 00:00:00-05:00,15.40999984741211,15.545000076293945,14.744999885559082,14.949999809265137,437200,0.0,0.0
2022-12-07 00:00:00-05:00,14.96500015258789,14.96500015258789,14.295000076293945,14.300000190734863,222400,0.0,0.0
2022-12-08 00:00:00-05:00,14.390000343322754,14.670000076293945,14.210000038146973,14.40999984741211,167600,0.0,0.0
2022-12-09 00:00:00-05:00,14.4399995803833,14.635000228881836,14.045000076293945,14.579999923706055,185600,0.0,0.0
2022-12-12 00:00:00-05:00,14.604999542236328,15.114999771118164,14.4350004196167,15.09000015258789,239400,0.0,0.0
2022-12-13 00:00:00-05:00,15.385000228881836,15.569999694824219,14.970000267028809,15.449999809265137,240400,0.0,0.0
2022-12-14 00:00:00-05:00,15.579999923706055,15.645000457763672,15.135000228881836,15.255000114440918,188400,0.0,0.0
2022-12-15 00:00:00-05:00,15.0,15.074999809265137,14.694999694824219,14.975000381469727,237800,0.0,0.0
2022-12-16 00:00:00-05:00,14.574999809265137,15.074999809265137,14.270000457763672,14.5649995803833,2253800,0.0,0.0
2022-12-19 00:00:00-05:00,14.619999885559082,14.90999984741211,14.5649995803833,14.824999809265137,211800,0.0,0.0
2022-12-20 00:00:00-05:00,14.649999618530273,15.149999618530273,14.649999618530273,14.904999732971191,142600,0.0,0.0
2022-12-21 00:00:00-05:00,15.154999732971191,15.470000267028809,14.9350004196167,15.335000038146973,196400,0.0,0.0
2022-12-22 00:00:00-05:00,15.140000343322754,15.140000343322754,14.234999656677246,14.704999923706055,189400,0.0,0.0
2022-12-23 00:00:00-05:00,14.75,15.1899995803833,14.649999618530273,15.020000457763672,140000,0.0,0.0
2022-12-27 00:00:00-05:00,15.109999656677246,15.199999809265137,14.96500015258789,15.109999656677246,107200,0.0,0.0
2022-12-28 00:00:00-05:00,15.039999961853027,15.154999732971191,14.680000305175781,14.795000076293945,148200,0.0,0.0
2022-12-29 00:00:00-05:00,14.795000076293945,15.395000457763672,14.795000076293945,15.395000457763672,96000,0.0,0.0
2022-12-30 00:00:00-05:00,15.800000190734863,16.2450008392334,15.635000228881836,15.930000305175781,242600,0.0,0.0
2023-01-03 00:00:00-05:00,15.9350004196167,16.2549991607666,14.345000267028809,14.444999694824219,261800,0.0,0.0
2023-01-04 00:00:00-05:00,14.329999923706055,14.975000381469727,14.25,14.949999809265137,146200,0.0,0.0
2023-01-05 00:00:00-05:00,14.829999923706055,15.364999771118164,14.380000114440918,14.864999771118164,114800,0.0,0.0
2023-01-06 00:00:00-05:00,15.039999961853027,15.225000381469727,14.765000343322754,15.1899995803833,106200,0.0,0.0
2023-01-09 00:00:00-05:00,15.414999961853027,15.414999961853027,15.039999961853027,15.15999984741211,106600,0.0,0.0
2023-01-10 00:00:00-05:00,15.0600004196167,15.449999809265137,15.015000343322754,15.354999542236328,131600,0.0,0.0
2023-01-11 00:00:00-05:00,15.4350004196167,15.595000267028809,15.28499984741211,15.430000305175781,82600,0.0,0.0
2023-01-12 00:00:00-05:00,15.574999809265137,15.949999809265137,15.574999809265137,15.930000305175781,102600,0.0,0.0
2023-01-13 00:00:00-05:00,15.930000305175781,16.264999389648438,15.890000343322754,16.09000015258789,108800,0.0,0.0
2023-01-17 00:00:00-05:00,16.190000534057617,16.450000762939453,15.880000114440918,15.96500015258789,121000,0.0,0.0
2023-01-18 00:00:00-05:00,16.075000762939453,16.200000762939453,15.069999694824219,15.114999771118164,145000,0.0,0.0
2023-01-19 00:00:00-05:00,15.074999809265137,15.390000343322754,14.574999809265137,15.270000457763672,311600,0.0,0.0
2023-01-20 00:00:00-05:00,15.425000190734863,15.744999885559082,15.234999656677246,15.680000305175781,317200,0.0,0.0
2023-01-23 00:00:00-05:00,15.585000038146973,15.96500015258789,15.550000190734863,15.71500015258789,104400,0.0,0.0
2023-01-24 00:00:00-05:00,15.675000190734863,15.675000190734863,15.479999542236328,15.595000267028809,85000,0.0,0.0
2023-01-25 00:00:00-05:00,15.524999618530273,16.155000686645508,15.3149995803833,16.145000457763672,137600,0.0,0.0
2023-01-26 00:00:00-05:00,16.260000228881836,16.405000686645508,15.585000038146973,15.800000190734863,216200,0.0,0.0
2023-01-27 00:00:00-05:00,15.845000267028809,16.350000381469727,15.8149995803833,15.854999542236328,117600,0.0,0.0
2023-01-30 00:00:00-05:00,15.6899995803833,16.139999389648438,15.619999885559082,15.8149995803833,126000,0.0,0.0
2023-01-31 00:00:00-05:00,15.84000015258789,16.5049991607666,15.84000015258789,16.360000610351562,204400,0.0,0.0
2023-02-01 00:00:00-05:00,16.3799991607666,17.100000381469727,16.280000686645508,16.684999465942383,303800,0.0,0.0
2023-02-02 00:00:00-05:00,16.764999389648438,16.920000076293945,16.459999084472656,16.850000381469727,203600,0.0,0.0
2023-02-03 00:00:00-05:00,16.684999465942383,17.170000076293945,16.5049991607666,16.559999465942383,267800,0.0,0.0
2023-02-06 00:00:00-05:00,16.670000076293945,16.8700008392334,16.2549991607666,16.8700008392334,277400,0.0,0.0
2023-02-07 00:00:00-05:00,16.815000534057617,16.815000534057617,16.334999084472656,16.780000686645508,223200,0.0,0.0
2023-02-08 00:00:00-05:00,16.719999313354492,16.959999084472656,16.520000457763672,16.559999465942383,174000,0.0,0.0
2023-02-09 00:00:00-05:00,16.65999984741211,16.65999984741211,16.40999984741211,16.600000381469727,374200,0.0,0.0
2023-02-10 00:00:00-05:00,16.610000610351562,17.065000534057617,16.405000686645508,17.05500030517578,211000,0.0,0.0
2023-02-13 00:00:00-05:00,16.934999465942383,17.375,16.864999771118164,17.104999542236328,136400,0.0,0.0
2023-02-14 00:00:00-05:00,16.94499969482422,17.065000534057617,16.69499969482422,16.96500015258789,98400,0.0,0.0
2023-02-15 00:00:00-05:00,16.8700008392334,17.020000457763672,16.649999618530273,16.969999313354492,116000,0.0,0.0
2023-02-16 00:00:00-05:00,16.78499984741211,17.094999313354492,16.729999542236328,16.760000228881836,141200,0.0,0.0
2023-02-17 00:00:00-05:00,16.7450008392334,16.7450008392334,16.299999237060547,16.329999923706055,146200,0.0,0.0
2023-02-21 00:00:00-05:00,16.270000457763672,16.514999389648438,15.989999771118164,16.0049991607666,181600,0.0,0.0
2023-02-22 00:00:00-05:00,16.010000228881836,16.420000076293945,15.885000228881836,16.15999984741211,199000,0.0,0.0
2023-02-23 00:00:00-05:00,16.3700008392334,16.69499969482422,16.280000686645508,16.530000686645508,126000,0.0,0.0
2023-02-24 00:00:00-05:00,16.28499984741211,16.40999984741211,16.155000686645508,16.385000228881836,111000,0.0,0.0
2023-02-27 00:00:00-05:00,16.489999771118164,16.709999084472656,16.454999923706055,16.520000457763672,84600,0.0,0.0
2023-02-28 00:00:00-05:00,16.545000076293945,16.735000610351562,16.424999237060547,16.5049991607666,234600,0.0,0.0
2023-03-01 00:00:00-05:00,16.545000076293945,16.94499969482422,16.485000610351562,16.899999618530273,166800,0.0,0.0
2023-03-02 00:00:00-05:00,16.760000228881836,16.924999237060547,16.53499984741211,16.59000015258789,119400,0.0,0.0
2023-03-03 00:00:00-05:00,16.559999465942383,16.9950008392334,16.469999313354492,16.934999465942383,110800,0.0,0.0
2023-03-06 00:00:00-05:00,16.8799991607666,16.8799991607666,15.925000190734863,16.1299991607666,310600,0.0,0.0
2023-03-07 00:00:00-05:00,16.125,16.325000762939453,16.0,16.114999771118164,151600,0.0,0.0
2023-03-08 00:00:00-05:00,16.139999389648438,16.34000015258789,15.835000038146973,16.145000457763672,178400,0.0,0.0
2023-03-09 00:00:00-05:00,16.149999618530273,16.235000610351562,15.850000381469727,15.859999656677246,128600,0.0,0.0
2023-03-10 00:00:00-05:00,15.795000076293945,15.954999923706055,15.210000038146973,15.34000015258789,213600,0.0,0.0
2023-03-13 00:00:00-04:00,14.9399995803833,15.75,14.890000343322754,15.454999923706055,215400,0.0,0.0
2023-03-14 00:00:00-04:00,15.8100004196167,16.075000762939453,15.640000343322754,15.875,221000,0.0,0.0
2023-03-15 00:00:00-04:00,15.375,15.5649995803833,15.0600004196167,15.279999732971191,223800,0.0,0.0
2023-03-16 00:00:00-04:00,15.005000114440918,15.425000190734863,14.885000228881836,15.180000305175781,187800,0.0,0.0
2023-03-17 00:00:00-04:00,15.069999694824219,15.154999732971191,14.835000038146973,14.925000190734863,1088800,0.0,0.0
2023-03-20 00:00:00-04:00,15.020000457763672,15.494999885559082,14.9399995803833,15.220000267028809,261000,0.0,0.0
2023-03-21 00:00:00-04:00,15.475000381469727,15.729999542236328,15.295000076293945,15.649999618530273,296800,0.0,0.0
2023-03-22 00:00:00-04:00,15.550000190734863,15.78499984741211,15.104999542236328,15.104999542236328,151800,0.0,0.0
2023-03-23 00:00:00-04:00,15.3100004196167,15.600000381469727,14.154999732971191,14.154999732971191,272400,0.0,0.0
2023-03-24 00:00:00-04:00,14.074999809265137,14.385000228881836,13.710000038146973,14.119999885559082,244000,0.0,0.0
2023-03-27 00:00:00-04:00,14.305000305175781,14.479999542236328,14.050000190734863,14.329999923706055,148200,0.0,0.0
2023-03-28 00:00:00-04:00,14.244999885559082,14.625,14.244999885559082,14.579999923706055,191800,0.0,0.0
2023-03-29 00:00:00-04:00,14.744999885559082,14.744999885559082,14.234999656677246,14.3100004196167,187600,0.0,0.0
2023-03-30 00:00:00-04:00,14.380000114440918,14.4350004196167,14.255000114440918,14.375,240800,0.0,0.0
2023-03-31 00:00:00-04:00,14.4350004196167,14.529999732971191,14.114999771118164,14.295000076293945,293800,0.0,0.0
2023-04-03 00:00:00-04:00,14.539999961853027,14.880000114440918,14.539999961853027,14.78499984741211,296400,0.0,0.0
2023-04-04 00:00:00-04:00,14.71500015258789,14.71500015258789,14.274999618530273,14.319999694824219,212400,0.0,0.0
2023-04-05 00:00:00-04:00,14.295000076293945,14.430000305175781,14.1850004196167,14.335000038146973,137800,0.0,0.0
2023-04-06 00:00:00-04:00,14.345000267028809,14.345000267028809,14.020000457763672,14.1850004196167,116000,0.0,0.0
2023-04-10 00:00:00-04:00,14.085000038146973,14.585000038146973,14.085000038146973,14.53499984741211,129400,0.0,0.0
2023-04-11 00:00:00-04:00,14.505000114440918,14.854999542236328,14.505000114440918,14.640000343322754,129600,0.0,0.0
2023-04-12 00:00:00-04:00,14.734999656677246,14.789999961853027,14.53499984741211,14.5649995803833,137200,0.0,0.0
2023-04-13 00:00:00-04:00,14.619999885559082,14.755000114440918,14.425000190734863,14.520000457763672,134800,0.0,0.0
2023-04-14 00:00:00-04:00,14.550000190734863,14.555000305175781,14.149999618530273,14.420000076293945,178600,0.0,0.0
2023-04-17 00:00:00-04:00,14.539999961853027,14.664999961853027,14.255000114440918,14.329999923706055,182400,0.0,0.0
2023-04-18 00:00:00-04:00,14.375,14.4399995803833,14.15999984741211,14.28499984741211,131000,0.0,0.0
2023-04-19 00:00:00-04:00,14.21500015258789,14.28499984741211,14.045000076293945,14.270000457763672,138000,0.0,0.0
2023-04-20 00:00:00-04:00,14.154999732971191,14.274999618530273,14.074999809265137,14.234999656677246,179800,0.0,0.0
2023-04-21 00:00:00-04:00,14.274999618530273,14.335000038146973,14.020000457763672,14.239999771118164,388200,0.0,0.0
2023-04-24 00:00:00-04:00,14.270000457763672,14.59000015258789,14.270000457763672,14.489999771118164,118200,0.0,0.0
2023-04-25 00:00:00-04:00,14.34000015258789,14.34000015258789,14.15999984741211,14.180000305175781,152200,0.0,0.0
2023-04-26 00:00:00-04:00,14.100000381469727,14.25,14.0,14.114999771118164,117800,0.0,0.0
2023-04-27 00:00:00-04:00,14.079999923706055,14.305000305175781,13.954999923706055,14.140000343322754,121400,0.0,0.0
2023-04-28 00:00:00-04:00,14.125,14.329999923706055,14.104999542236328,14.145000457763672,151000,0.0,0.0
2023-05-01 00:00:00-04:00,14.109999656677246,14.390000343322754,14.109999656677246,14.329999923706055,98400,0.0,0.0
2023-05-02 00:00:00-04:00,14.199999809265137,14.274999618530273,13.864999771118164,13.975000381469727,134200,0.0,0.0
2023-05-03 00:00:00-04:00,13.90999984741211,14.1899995803833,13.829999923706055,13.854999542236328,153200,0.0,0.0
2023-05-04 00:00:00-04:00,13.8149995803833,14.069999694824219,13.734999656677246,13.885000228881836,127400,0.0,0.0
2023-05-05 00:00:00-04:00,14.130000114440918,14.15999984741211,13.864999771118164,14.149999618530273,161200,0.0,0.0
2023-05-08 00:00:00-04:00,14.28499984741211,14.390000343322754,14.039999961853027,14.1899995803833,128000,0.0,0.0
2023-05-09 00:00:00-04:00,14.119999885559082,14.399999618530273,14.039999961853027,14.3149995803833,174200,0.0,0.0
2023-05-10 00:00:00-04:00,14.470000267028809,14.470000267028809,14.199999809265137,14.3149995803833,92200,0.0,0.0
2023-05-11 00:00:00-04:00,14.1850004196167,14.359999656677246,14.140000343322754,14.239999771118164,95800,0.0,0.0
2023-05-12 00:00:00-04:00,14.364999771118164,14.600000381469727,14.350000381469727,14.4399995803833,75800,0.0,0.0
2023-05-15 00:00:00-04:00,14.470000267028809,14.635000228881836,14.369999885559082,14.515000343322754,80600,0.0,0.0
2023-05-16 00:00:00-04:00,14.555000305175781,14.555000305175781,14.194999694824219,14.194999694824219,89800,0.0,0.0
2023-05-17 00:00:00-04:00,14.324999809265137,14.774999618530273,14.210000038146973,14.739999771118164,137600,0.0,0.0
2023-05-18 00:00:00-04:00,14.739999771118164,15.024999618530273,14.649999618530273,14.994999885559082,117200,0.0,0.0
2023-05-19 00:00:00-04:00,15.154999732971191,15.244999885559082,14.954999923706055,15.0600004196167,100200,0.0,0.0
2023-05-22 00:00:00-04:00,15.045000076293945,15.710000038146973,15.045000076293945,15.555000305175781,120800,0.0,0.0
2023-05-23 00:00:00-04:00,15.5600004196167,15.774999618530273,15.510000228881836,15.609999656677246,119400,0.0,0.0
2023-05-24 00:00:00-04:00,15.6850004196167,15.6850004196167,15.319999694824219,15.65999984741211,136600,0.0,0.0
2023-05-25 00:00:00-04:00,16.635000228881836,17.799999237060547,16.514999389648438,17.610000610351562,361400,0.0,0.0
2023-05-26 00:00:00-04:00,17.434999465942383,17.75,17.30500030517578,17.479999542236328,144400,0.0,0.0
2023-05-30 00:00:00-04:00,17.375,17.604999542236328,17.375,17.475000381469727,167200,0.0,0.0
2023-05-31 00:00:00-04:00,17.334999084472656,17.364999771118164,15.979999542236328,16.469999313354492,196600,0.0,0.0
2023-06-01 00:00:00-04:00,16.510000228881836,16.7450008392334,16.280000686645508,16.524999618530273,142800,0.0,0.0
2023-06-02 00:00:00-04:00,16.795000076293945,17.184999465942383,16.604999542236328,17.165000915527344,156600,0.0,0.0
2023-06-05 00:00:00-04:00,17.0049991607666,17.040000915527344,16.440000534057617,16.969999313354492,143600,0.0,0.0
2023-06-06 00:00:00-04:00,16.84000015258789,17.475000381469727,16.829999923706055,17.229999542236328,160000,0.0,0.0
2023-06-07 00:00:00-04:00,17.364999771118164,17.684999465942383,17.309999465942383,17.55500030517578,148000,0.0,0.0
2023-06-08 00:00:00-04:00,17.5049991607666,17.559999465942383,16.895000457763672,17.165000915527344,177000,0.0,0.0
2023-06-09 00:00:00-04:00,17.09000015258789,17.09000015258789,16.68000030517578,17.014999389648438,159600,0.0,0.0
2023-06-12 00:00:00-04:00,16.899999618530273,17.014999389648438,16.53499984741211,16.844999313354492,170600,0.0,0.0
2023-06-13 00:00:00-04:00,16.954999923706055,17.2549991607666,16.90999984741211,17.15999984741211,169400,0.0,0.0
2023-06-14 00:00:00-04:00,17.260000228881836,17.3700008392334,17.104999542236328,17.209999084472656,147200,0.0,0.0
2023-06-15 00:00:00-04:00,17.235000610351562,17.459999084472656,17.174999237060547,17.344999313354492,154800,0.0,0.0
2023-06-16 00:00:00-04:00,17.4950008392334,17.4950008392334,16.709999084472656,16.90999984741211,1080800,0.0,0.0
2023-06-20 00:00:00-04:00,17.010000228881836,17.125,16.770000457763672,16.78499984741211,136800,0.0,0.0
2023-06-21 00:00:00-04:00,16.7450008392334,16.850000381469727,16.510000228881836,16.520000457763672,143600,0.0,0.0
2023-06-22 00:00:00-04:00,16.510000228881836,16.510000228881836,16.21500015258789,16.479999542236328,122400,0.0,0.0
2023-06-23 00:00:00-04:00,16.290000915527344,16.485000610351562,16.290000915527344,16.46500015258789,550600,0.0,0.0
2023-06-26 00:00:00-04:00,16.5,16.829999923706055,16.4950008392334,16.579999923706055,86400,0.0,0.0
2023-06-27 00:00:00-04:00,16.625,16.795000076293945,16.454999923706055,16.68000030517578,117600,0.0,0.0
2023-06-28 00:00:00-04:00,16.709999084472656,16.979999542236328,16.665000915527344,16.774999618530273,79600,0.0,0.0
2023-06-29 00:00:00-04:00,16.78499984741211,17.25,16.78499984741211,17.21500015258789,89000,0.0,0.0
2023-06-30 00:00:00-04:00,17.290000915527344,17.559999465942383,17.19499969482422,17.405000686645508,111000,0.0,0.0
2023-07-03 00:00:00-04:00,17.350000381469727,17.584999084472656,17.209999084472656,17.43000030517578,40400,0.0,0.0
2023-07-05 00:00:00-04:00,17.405000686645508,17.405000686645508,17.020000457763672,17.184999465942383,143800,0.0,0.0
2023-07-06 00:00:00-04:00,17.079999923706055,17.229999542236328,16.924999237060547,17.190000534057617,91000,0.0,0.0
2023-07-07 00:00:00-04:00,17.21500015258789,17.725000381469727,17.21500015258789,17.545000076293945,148800,0.0,0.0
2023-07-10 00:00:00-04:00,17.489999771118164,17.65999984741211,17.454999923706055,17.625,70200,0.0,0.0
2023-07-11 00:00:00-04:00,17.709999084472656,17.709999084472656,17.469999313354492,17.645000457763672,58000,0.0,0.0
2023-07-12 00:00:00-04:00,17.8799991607666,17.8799991607666,17.415000915527344,17.549999237060547,156800,0.0,0.0
2023-07-13 00:00:00-04:00,17.459999084472656,17.7450008392334,17.459999084472656,17.520000457763672,89200,0.0,0.0
2023-07-14 00:00:00-04:00,17.5,17.575000762939453,17.309999465942383,17.5049991607666,78400,0.0,0.0
2023-07-17 00:00:00-04:00,17.489999771118164,17.649999618530273,17.420000076293945,17.46500015258789,95400,0.0,0.0
2023-07-18 00:00:00-04:00,17.4950008392334,17.895000457763672,17.4950008392334,17.825000762939453,84400,0.0,0.0
2023-07-19 00:00:00-04:00,17.834999084472656,17.9950008392334,17.739999771118164,17.940000534057617,93400,0.0,0.0
2023-07-20 00:00:00-04:00,18.010000228881836,18.010000228881836,17.53499984741211,17.905000686645508,110000,0.0,0.0
2023-07-21 00:00:00-04:00,18.059999465942383,18.059999465942383,17.65999984741211,17.8799991607666,341000,0.0,0.0
2023-07-24 00:00:00-04:00,17.90999984741211,18.280000686645508,17.90999984741211,18.040000915527344,86000,0.0,0.0
2023-07-25 00:00:00-04:00,17.9950008392334,18.204999923706055,17.989999771118164,18.135000228881836,89200,0.0,0.0
2023-07-26 00:00:00-04:00,18.1299991607666,18.274999618530273,18.114999771118164,18.21500015258789,61200,0.0,0.0
2023-07-27 00:00:00-04:00,18.2450008392334,18.315000534057617,17.905000686645508,17.9950008392334,86800,0.0,0.0
2023-07-28 00:00:00-04:00,18.030000686645508,18.290000915527344,17.989999771118164,18.225000381469727,68200,0.0,0.0
2023-07-31 00:00:00-04:00,18.2549991607666,18.549999237060547,18.2549991607666,18.510000228881836,113800,0.0,0.0
2023-08-01 00:00:00-04:00,18.450000762939453,18.649999618530273,18.25,18.600000381469727,139000,0.0,0.0
2023-08-02 00:00:00-04:00,18.454999923706055,18.514999389648438,18.06999969482422,18.40999984741211,139600,0.0,0.0
2023-08-03 00:00:00-04:00,18.3799991607666,18.725000381469727,18.315000534057617,18.575000762939453,65400,0.0,0.0
2023-08-04 00:00:00-04:00,18.56999969482422,18.69499969482422,18.209999084472656,18.21500015258789,130600,0.0,0.0
2023-08-07 00:00:00-04:00,18.2549991607666,18.735000610351562,18.19499969482422,18.674999237060547,71600,0.0,0.0
2023-08-08 00:00:00-04:00,18.434999465942383,18.905000686645508,18.360000610351562,18.889999389648438,84400,0.0,0.0
2023-08-09 00:00:00-04:00,18.885000228881836,19.219999313354492,18.829999923706055,18.94499969482422,76000,0.0,0.0
2023-08-10 00:00:00-04:00,18.940000534057617,19.079999923706055,18.690000534057617,18.979999542236328,86800,0.0,0.0
2023-08-11 00:00:00-04:00,18.90999984741211,18.9950008392334,18.649999618530273,18.719999313354492,87400,0.0,0.0
2023-08-14 00:00:00-04:00,18.6200008392334,18.80500030517578,18.354999542236328,18.780000686645508,93000,0.0,0.0
2023-08-15 00:00:00-04:00,18.674999237060547,18.735000610351562,18.44499969482422,18.475000381469727,114800,0.0,0.0
2023-08-16 00:00:00-04:00,18.540000915527344,18.780000686645508,18.440000534057617,18.440000534057617,66200,0.0,0.0
2023-08-17 00:00:00-04:00,18.475000381469727,18.614999771118164,18.075000762939453,18.174999237060547,69800,0.0,0.0
2023-08-18 00:00:00-04:00,18.049999237060547,18.479999542236328,18.049999237060547,18.450000762939453,192600,0.0,0.0
2023-08-21 00:00:00-04:00,18.395000457763672,18.545000076293945,18.299999237060547,18.34000015258789,72000,0.0,0.0
2023-08-22 00:00:00-04:00,18.350000381469727,18.514999389648438,18.0049991607666,18.09000015258789,90000,0.0,0.0
2023-08-23 00:00:00-04:00,18.020000457763672,18.040000915527344,17.7549991607666,17.934999465942383,84200,0.0,0.0
2023-08-24 00:00:00-04:00,17.809999465942383,18.06999969482422,17.469999313354492,18.065000534057617,164800,0.0,0.0
2023-08-25 00:00:00-04:00,18.34000015258789,20.024999618530273,18.334999084472656,19.969999313354492,254800,0.0,0.0
2023-08-28 00:00:00-04:00,20.06999969482422,20.364999771118164,19.780000686645508,20.280000686645508,169400,0.0,0.0
2023-08-29 00:00:00-04:00,20.264999389648438,20.815000534057617,20.114999771118164,20.670000076293945,179800,0.0,0.0
2023-08-30 00:00:00-04:00,19.229999542236328,19.690000534057617,17.864999771118164,19.415000915527344,275800,0.0,0.0
2023-08-31 00:00:00-04:00,19.325000762939453,19.895000457763672,19.09000015258789,19.7450008392334,257800,0.0,0.0
2023-09-01 00:00:00-04:00,19.895000457763672,20.19499969482422,19.649999618530273,19.719999313354492,125800,0.0,0.0
2023-09-05 00:00:00-04:00,19.594999313354492,19.780000686645508,18.940000534057617,19.415000915527344,144600,0.0,0.0
2023-09-06 00:00:00-04:00,19.4950008392334,19.4950008392334,19.125,19.155000686645508,77800,0.0,0.0
2023-09-07 00:00:00-04:00,19.174999237060547,19.575000762939453,19.014999389648438,19.4950008392334,152800,0.0,0.0
2023-09-08 00:00:00-04:00,19.649999618530273,19.950000762939453,19.610000610351562,19.7549991607666,74400,0.0,0.0
2023-09-11 00:00:00-04:00,19.790000915527344,20.260000228881836,19.71500015258789,20.075000762939453,106400,0.0,0.0
2023-09-12 00:00:00-04:00,20.059999465942383,20.209999084472656,19.809999465942383,19.875,96400,0.0,0.0
2023-09-13 00:00:00-04:00,19.790000915527344,19.834999084472656,19.559999465942383,19.825000762939453,103800,0.0,0.0
2023-09-14 00:00:00-04:00,19.969999313354492,20.274999618530273,19.885000228881836,20.25,102600,0.0,0.0
2023-09-15 00:00:00-04:00,20.155000686645508,20.174999237060547,19.530000686645508,19.594999313354492,1155800,0.0,0.0
2023-09-18 00:00:00-04:00,19.75,20.1200008392334,19.75,19.905000686645508,114200,0.0,0.0
2023-09-19 00:00:00-04:00,19.854999542236328,19.889999389648438,19.46500015258789,19.700000762939453,160400,0.0,0.0
2023-09-20 00:00:00-04:00,19.825000762939453,20.110000610351562,19.56999969482422,19.56999969482422,131600,0.0,0.0
2023-09-21 00:00:00-04:00,19.4950008392334,19.790000915527344,19.350000381469727,19.684999465942383,131200,0.0,0.0
2023-09-22 00:00:00-04:00,19.790000915527344,19.860000610351562,19.540000915527344,19.764999389648438,136400,0.0,0.0
2023-09-25 00:00:00-04:00,19.655000686645508,19.989999771118164,19.5,19.924999237060547,115000,0.0,0.0
2023-09-26 00:00:00-04:00,19.920000076293945,20.19499969482422,19.690000534057617,19.790000915527344,192800,0.0,0.0
2023-09-27 00:00:00-04:00,19.829999923706055,20.364999771118164,19.829999923706055,20.25,91000,0.0,0.0
2023-09-28 00:00:00-04:00,20.19499969482422,20.385000228881836,19.940000534057617,20.354999542236328,192200,0.0,0.0
2023-09-29 00:00:00-04:00,20.489999771118164,20.540000915527344,19.7549991607666,20.360000610351562,262200,0.0,0.0
2023-10-02 00:00:00-04:00,20.395000457763672,20.395000457763672,19.760000228881836,19.934999465942383,173600,0.0,0.0
2023-10-03 00:00:00-04:00,19.850000381469727,19.94499969482422,19.575000762939453,19.770000457763672,96600,0.0,0.0
2023-10-04 00:00:00-04:00,19.7549991607666,19.7549991607666,19.0,19.2450008392334,170600,0.0,0.0
2023-10-05 00:00:00-04:00,18.94499969482422,19.315000534057617,18.780000686645508,19.1299991607666,189400,0.0,0.0
2023-10-06 00:00:00-04:00,19.225000381469727,19.3799991607666,18.954999923706055,18.985000610351562,70600,0.0,0.0
2023-10-09 00:00:00-04:00,19.05500030517578,19.21500015258789,18.940000534057617,19.079999923706055,89200,0.0,0.0
2023-10-10 00:00:00-04:00,19.155000686645508,19.6200008392334,19.155000686645508,19.454999923706055,105600,0.0,0.0
2023-10-11 00:00:00-04:00,19.354999542236328,19.40999984741211,19.084999084472656,19.149999618530273,116000,0.0,0.0
2023-10-12 00:00:00-04:00,19.229999542236328,19.229999542236328,18.30500030517578,18.360000610351562,124200,0.0,0.0
2023-10-13 00:00:00-04:00,18.545000076293945,18.59000015258789,17.950000762939453,17.969999313354492,139200,0.0,0.0
2023-10-16 00:00:00-04:00,18.190000534057617,18.854999542236328,18.0,18.7549991607666,251600,0.0,0.0
2023-10-17 00:00:00-04:00,18.739999771118164,19.235000610351562,18.735000610351562,19.059999465942383,175400,0.0,0.0
2023-10-18 00:00:00-04:00,18.9950008392334,18.9950008392334,18.55500030517578,18.7549991607666,123600,0.0,0.0
2023-10-19 00:00:00-04:00,18.6200008392334,18.704999923706055,18.280000686645508,18.600000381469727,198800,0.0,0.0
2023-10-20 00:00:00-04:00,18.68000030517578,18.735000610351562,18.30500030517578,18.700000762939453,651200,0.0,0.0
2023-10-23 00:00:00-04:00,18.774999618530273,18.799999237060547,18.094999313354492,18.155000686645508,199200,0.0,0.0
2023-10-24 00:00:00-04:00,18.264999389648438,18.665000915527344,18.2450008392334,18.559999465942383,228600,0.0,0.0
2023-10-25 00:00:00-04:00,18.4950008392334,18.850000381469727,18.44499969482422,18.454999923706055,121800,0.0,0.0
2023-10-26 00:00:00-04:00,18.5,18.65999984741211,18.395000457763672,18.545000076293945,140200,0.0,0.0
2023-10-27 00:00:00-04:00,18.450000762939453,18.75,18.1299991607666,18.434999465942383,107000,0.0,0.0
2023-10-30 00:00:00-04:00,18.549999237060547,18.899999618530273,18.540000915527344,18.860000610351562,128400,0.0,0.0
2023-10-31 00:00:00-04:00,19.030000686645508,19.040000915527344,18.700000762939453,19.0049991607666,156000,0.0,0.0
2023-11-01 00:00:00-04:00,19.020000457763672,19.125,18.5049991607666,18.760000228881836,191800,0.0,0.0
2023-11-02 00:00:00-04:00,19.0,19.05500030517578,18.649999618530273,18.975000381469727,168800,0.0,0.0
2023-11-03 00:00:00-04:00,19.219999313354492,19.25,18.774999618530273,19.110000610351562,216600,0.0,0.0
2023-11-06 00:00:00-05:00,19.149999618530273,19.350000381469727,18.825000762939453,19.03499984741211,208200,0.0,0.0
2023-11-07 00:00:00-05:00,18.84000015258789,18.969999313354492,18.315000534057617,18.385000228881836,137800,0.0,0.0
2023-11-08 00:00:00-05:00,18.344999313354492,18.344999313354492,17.979999542236328,18.084999084472656,107600,0.0,0.0
2023-11-09 00:00:00-05:00,18.31999969482422,18.360000610351562,18.100000381469727,18.125,106200,0.0,0.0
2023-11-10 00:00:00-05:00,18.274999618530273,18.520000457763672,17.975000381469727,18.434999465942383,150400,0.0,0.0
2023-11-13 00:00:00-05:00,18.344999313354492,18.5049991607666,18.225000381469727,18.25,84000,0.0,0.0
2023-11-14 00:00:00-05:00,18.725000381469727,19.040000915527344,18.6299991607666,18.860000610351562,247400,0.0,0.0
2023-11-15 00:00:00-05:00,18.895000457763672,19.190000534057617,18.80500030517578,18.80500030517578,136000,0.0,0.0
2023-11-16 00:00:00-05:00,18.760000228881836,18.770000457763672,18.354999542236328,18.549999237060547,111800,0.0,0.0
2023-11-17 00:00:00-05:00,18.709999084472656,18.7549991607666,17.864999771118164,18.364999771118164,149000,0.0,0.0
2023-11-20 00:00:00-05:00,18.545000076293945,18.915000915527344,18.19499969482422,18.725000381469727,171600,0.0,0.0
2023-11-21 00:00:00-05:00,18.739999771118164,18.799999237060547,18.440000534057617,18.44499969482422,98400,0.0,0.0
2023-11-22 00:00:00-05:00,18.454999923706055,18.69499969482422,18.34000015258789,18.4950008392334,75600,0.0,0.0
2023-11-24 00:00:00-05:00,18.395000457763672,18.540000915527344,18.395000457763672,18.489999771118164,47000,0.0,0.0
2023-11-27 00:00:00-05:00,18.469999313354492,18.469999313354492,18.200000762939453,18.43000030517578,119000,0.0,0.0
2023-11-28 00:00:00-05:00,18.549999237060547,18.614999771118164,18.274999618530273,18.325000762939453,101600,0.0,0.0
2023-11-29 00:00:00-05:00,18.459999084472656,18.545000076293945,18.315000534057617,18.44499969482422,116200,0.0,0.0
2023-11-30 00:00:00-05:00,24.030000686645508,25.594999313354492,23.030000686645508,24.510000228881836,580400,0.0,0.0
2023-12-01 00:00:00-05:00,24.424999237060547,24.424999237060547,23.0,23.579999923706055,373800,0.0,0.0
2023-12-04 00:00:00-05:00,23.424999237060547,23.59000015258789,22.520000457763672,22.524999618530273,271000,0.0,0.0
2023-12-05 00:00:00-05:00,22.524999618530273,22.524999618530273,21.25,21.479999542236328,312200,0.0,0.0
2023-12-06 00:00:00-05:00,21.670000076293945,21.815000534057617,20.665000915527344,20.864999771118164,246200,0.0,0.0
2023-12-07 00:00:00-05:00,20.739999771118164,21.045000076293945,20.389999389648438,20.604999542236328,214000,0.0,0.0
2023-12-08 00:00:00-05:00,20.770000457763672,21.315000534057617,20.514999389648438,21.204999923706055,172000,0.0,0.0
2023-12-11 00:00:00-05:00,21.05500030517578,21.28499984741211,20.34000015258789,20.739999771118164,256600,0.0,0.0
2023-12-12 00:00:00-05:00,20.850000381469727,20.850000381469727,20.174999237060547,20.385000228881836,332000,0.0,0.0
2023-12-13 00:00:00-05:00,20.53499984741211,21.1200008392334,20.024999618530273,20.96500015258789,316600,0.0,0.0
2023-12-14 00:00:00-05:00,21.2450008392334,22.110000610351562,21.03499984741211,22.06999969482422,361600,0.0,0.0
2023-12-15 00:00:00-05:00,22.135000228881836,22.315000534057617,21.6299991607666,21.950000762939453,1531400,0.0,0.0
2023-12-18 00:00:00-05:00,22.350000381469727,22.565000534057617,22.209999084472656,22.395000457763672,246400,0.0,0.0
2023-12-19 00:00:00-05:00,22.84000015258789,23.829999923706055,22.80500030517578,23.780000686645508,547800,0.0,0.0
2023-12-20 00:00:00-05:00,23.78499984741211,24.110000610351562,23.325000762939453,23.325000762939453,331800,0.0,0.0
2023-12-21 00:00:00-05:00,23.739999771118164,23.979999542236328,23.135000228881836,23.68000030517578,214600,0.0,0.0
2023-12-22 00:00:00-05:00,24.06999969482422,24.06999969482422,23.670000076293945,23.895000457763672,288000,0.0,0.0
2023-12-26 00:00:00-05:00,24.03499984741211,24.30500030517578,23.8700008392334,24.084999084472656,192400,0.0,0.0
2023-12-27 00:00:00-05:00,24.270000457763672,24.454999923706055,23.954999923706055,24.094999313354492,149600,0.0,0.0
2023-12-28 00:00:00-05:00,24.09000015258789,24.184999465942383,23.850000381469727,23.950000762939453,181200,0.0,0.0
2023-12-29 00:00:00-05:00,23.924999237060547,24.03499984741211,23.514999389648438,23.649999618530273,301800,0.0,0.0
2024-01-02 00:00:00-05:00,23.584999084472656,24.059999465942383,23.3799991607666,23.46500015258789,357000,0.0,0.0
2024-01-03 00:00:00-05:00,23.420000076293945,23.90999984741211,23.174999237060547,23.510000228881836,237600,0.0,0.0
2024-01-04 00:00:00-05:00,23.325000762939453,23.729999542236328,23.325000762939453,23.575000762939453,209000,0.0,0.0
2024-01-05 00:00:00-05:00,23.56999969482422,23.739999771118164,23.31999969482422,23.514999389648438,247400,0.0,0.0
2024-01-08 00:00:00-05:00,23.434999465942383,23.559999465942383,23.079999923706055,23.110000610351562,227600,0.0,0.0
2024-01-09 00:00:00-05:00,23.010000228881836,23.014999389648438,22.260000228881836,22.875,232600,0.0,0.0
2024-01-10 00:00:00-05:00,22.96500015258789,22.96500015258789,22.344999313354492,22.424999237060547,328600,0.0,0.0
2024-01-11 00:00:00-05:00,22.5,22.5,21.815000534057617,21.844999313354492,406800,0.0,0.0
2024-01-12 00:00:00-05:00,22.204999923706055,22.55500030517578,21.7549991607666,22.485000610351562,424200,0.0,0.0
2024-01-16 00:00:00-05:00,22.5049991607666,22.850000381469727,22.354999542236328,22.46500015258789,252200,0.0,0.0
2024-01-17 00:00:00-05:00,22.2549991607666,22.514999389648438,22.045000076293945,22.309999465942383,241800,0.0,0.0
2024-01-18 00:00:00-05:00,22.459999084472656,22.479999542236328,22.094999313354492,22.235000610351562,197600,0.0,0.0
2024-01-19 00:00:00-05:00,22.295000076293945,22.295000076293945,21.780000686645508,21.93000030517578,393200,0.0,0.0
2024-01-22 00:00:00-05:00,21.885000228881836,22.395000457763672,21.885000228881836,22.1200008392334,221600,0.0,0.0
2024-01-23 00:00:00-05:00,22.125,22.264999389648438,20.989999771118164,21.0,318600,0.0,0.0
2024-01-24 00:00:00-05:00,21.25,21.485000610351562,20.770000457763672,20.989999771118164,318400,0.0,0.0
2024-01-25 00:00:00-05:00,21.274999618530273,21.28499984741211,20.75,20.78499984741211,197000,0.0,0.0
2024-01-26 00:00:00-05:00,20.895000457763672,21.295000076293945,20.850000381469727,20.940000534057617,177200,0.0,0.0
2024-01-29 00:00:00-05:00,21.024999618530273,21.28499984741211,20.719999313354492,21.1200008392334,230200,0.0,0.0
2024-01-30 00:00:00-05:00,21.0,21.405000686645508,20.815000534057617,21.315000534057617,235600,0.0,0.0
2024-01-31 00:00:00-05:00,21.2549991607666,21.334999084472656,20.690000534057617,20.69499969482422,179800,0.0,0.0
2024-02-01 00:00:00-05:00,21.0049991607666,21.55500030517578,20.75,20.96500015258789,209600,0.0,0.0
2024-02-02 00:00:00-05:00,20.719999313354492,20.834999084472656,20.389999389648438,20.639999389648438,171600,0.0,0.0
2024-02-05 00:00:00-05:00,20.469999313354492,20.53499984741211,20.09000015258789,20.454999923706055,238000,0.0,0.0
2024-02-06 00:00:00-05:00,20.440000534057617,20.760000228881836,20.360000610351562,20.5049991607666,138800,0.0,0.0
2024-02-07 00:00:00-05:00,20.71500015258789,21.329999923706055,20.655000686645508,21.030000686645508,173800,0.0,0.0
2024-02-08 00:00:00-05:00,21.364999771118164,21.639999389648438,21.204999923706055,21.625,203000,0.0,0.0
2024-02-09 00:00:00-05:00,21.565000534057617,21.889999389648438,21.549999237060547,21.854999542236328,145800,0.0,0.0
2024-02-12 00:00:00-05:00,22.204999923706055,22.405000686645508,22.125,22.149999618530273,188000,0.0,0.0
2024-02-13 00:00:00-05:00,21.875,22.135000228881836,20.985000610351562,21.06999969482422,217000,0.0,0.0
2024-02-14 00:00:00-05:00,21.364999771118164,21.674999237060547,21.1200008392334,21.655000686645508,196200,0.0,0.0
2024-02-15 00:00:00-05:00,21.670000076293945,22.170000076293945,21.440000534057617,22.170000076293945,209600,0.0,0.0
2024-02-16 00:00:00-05:00,22.09000015258789,22.145000457763672,21.854999542236328,22.030000686645508,172600,0.0,0.0
2024-02-20 00:00:00-05:00,21.68000030517578,21.709999084472656,20.989999771118164,21.0049991607666,171200,0.0,0.0
2024-02-21 00:00:00-05:00,21.024999618530273,21.739999771118164,20.985000610351562,21.645000457763672,156200,0.0,0.0
2024-02-22 00:00:00-05:00,21.454999923706055,21.584999084472656,20.940000534057617,21.344999313354492,203400,0.0,0.0
2024-02-23 00:00:00-05:00,21.53499984741211,21.875,21.270000457763672,21.665000915527344,132200,0.0,0.0
2024-02-26 00:00:00-05:00,21.485000610351562,21.950000762939453,21.485000610351562,21.815000534057617,175400,0.0,0.0
2024-02-27 00:00:00-05:00,22.0,22.0,21.665000915527344,21.7549991607666,120600,0.0,0.0
2024-02-28 00:00:00-05:00,21.674999237060547,21.924999237060547,21.325000762939453,21.325000762939453,92200,0.0,0.0
2024-02-29 00:00:00-05:00,21.625,22.05500030517578,21.604999542236328,21.989999771118164,219600,0.0,0.0
2024-03-01 00:00:00-05:00,21.985000610351562,22.084999084472656,21.600000381469727,21.649999618530273,132200,0.0,0.0
2024-03-04 00:00:00-05:00,21.579999923706055,21.790000915527344,21.44499969482422,21.649999618530273,111800,0.0,0.0
2024-03-05 00:00:00-05:00,21.639999389648438,21.875,21.43000030517578,21.53499984741211,125600,0.0,0.0
2024-03-06 00:00:00-05:00,21.71500015258789,21.850000381469727,21.459999084472656,21.68000030517578,112400,0.0,0.0
2024-03-07 00:00:00-05:00,21.809999465942383,22.440000534057617,21.704999923706055,22.040000915527344,128400,0.0,0.0
2024-03-08 00:00:00-05:00,22.114999771118164,22.350000381469727,21.790000915527344,21.950000762939453,111400,0.0,0.0
2024-03-11 00:00:00-04:00,21.854999542236328,22.084999084472656,21.614999771118164,21.875,174000,0.0,0.0
2024-03-12 00:00:00-04:00,21.799999237060547,21.93000030517578,21.549999237060547,21.7549991607666,125600,0.0,0.0
2024-03-13 00:00:00-04:00,21.75,22.155000686645508,21.75,21.889999389648438,177200,0.0,0.0
2024-03-14 00:00:00-04:00,21.889999389648438,21.889999389648438,21.594999313354492,21.764999389648438,250200,0.0,0.0
2024-03-15 00:00:00-04:00,21.700000762939453,22.53499984741211,21.700000762939453,22.200000762939453,1055400,0.0,0.0
2024-03-18 00:00:00-04:00,22.25,22.485000610351562,22.174999237060547,22.44499969482422,247600,0.0,0.0
2024-03-19 00:00:00-04:00,22.475000381469727,23.045000076293945,22.475000381469727,22.704999923706055,297200,0.0,0.0
2024-03-20 00:00:00-04:00,22.55500030517578,22.96500015258789,22.21500015258789,22.860000610351562,231000,0.0,0.0
2024-03-21 00:00:00-04:00,23.020000457763672,23.114999771118164,22.575000762939453,22.614999771118164,344000,0.0,0.0
2024-03-22 00:00:00-04:00,22.270000457763672,22.559999465942383,22.040000915527344,22.280000686645508,232600,0.0,0.0
2024-03-25 00:00:00-04:00,22.46500015258789,22.68000030517578,22.3700008392334,22.530000686645508,155400,0.0,0.0
2024-03-26 00:00:00-04:00,22.645000457763672,22.645000457763672,21.864999771118164,21.899999618530273,208800,0.0,0.0
2024-03-27 00:00:00-04:00,21.915000915527344,22.4950008392334,21.864999771118164,21.959999084472656,407800,0.0,0.0
2024-03-28 00:00:00-04:00,26.059999465942383,29.450000762939453,25.084999084472656,29.354999542236328,1415800,0.0,0.0
2024-04-01 00:00:00-04:00,29.479999542236328,30.15999984741211,28.5,29.454999923706055,770800,0.0,0.0
2024-04-02 00:00:00-04:00,29.56999969482422,30.395000457763672,29.09000015258789,29.950000762939453,676400,0.0,0.0
2024-04-03 00:00:00-04:00,29.96500015258789,30.260000228881836,29.03499984741211,29.815000534057617,775400,0.0,0.0
2024-04-04 00:00:00-04:00,30.075000762939453,30.299999237060547,28.899999618530273,29.0,338200,0.0,0.0
2024-04-05 00:00:00-04:00,29.084999084472656,29.719999313354492,28.700000762939453,29.399999618530273,298400,0.0,0.0
2024-04-08 00:00:00-04:00,29.600000381469727,29.674999237060547,29.1299991607666,29.204999923706055,272800,0.0,0.0
2024-04-09 00:00:00-04:00,29.440000534057617,29.565000534057617,28.649999618530273,29.045000076293945,199600,0.0,0.0
2024-04-10 00:00:00-04:00,28.389999389648438,29.084999084472656,28.184999465942383,28.899999618530273,220200,0.0,0.0
2024-04-11 00:00:00-04:00,28.825000762939453,28.924999237060547,28.059999465942383,28.559999465942383,193000,0.0,0.0
2024-04-12 00:00:00-04:00,28.770000457763672,29.045000076293945,27.959999084472656,28.360000610351562,263600,0.0,0.0
2024-04-15 00:00:00-04:00,28.434999465942383,28.639999389648438,27.149999618530273,27.354999542236328,283400,0.0,0.0
2024-04-16 00:00:00-04:00,27.225000381469727,27.489999771118164,26.81999969482422,27.325000762939453,212800,0.0,0.0
2024-04-17 00:00:00-04:00,27.704999923706055,28.924999237060547,27.270000457763672,28.575000762939453,566600,0.0,0.0
2024-04-18 00:00:00-04:00,28.5,28.815000534057617,27.459999084472656,27.649999618530273,368000,0.0,0.0
2024-04-19 00:00:00-04:00,27.530000686645508,28.315000534057617,27.530000686645508,28.1200008392334,344600,0.0,0.0
2024-04-22 00:00:00-04:00,28.03499984741211,28.334999084472656,27.649999618530273,28.135000228881836,271600,0.0,0.0
2024-04-23 00:00:00-04:00,28.104999542236328,28.885000228881836,27.989999771118164,28.405000686645508,396800,0.0,0.0
2024-04-24 00:00:00-04:00,28.170000076293945,28.684999465942383,27.264999389648438,27.985000610351562,401400,0.0,0.0
2024-04-25 00:00:00-04:00,27.684999465942383,28.110000610351562,27.40999984741211,28.110000610351562,291800,0.0,0.0
2024-04-26 00:00:00-04:00,28.334999084472656,28.55500030517578,27.985000610351562,28.520000457763672,328400,0.0,0.0
2024-04-29 00:00:00-04:00,28.53499984741211,28.655000686645508,28.239999771118164,28.600000381469727,399200,0.0,0.0
2024-04-30 00:00:00-04:00,28.610000610351562,28.610000610351562,27.614999771118164,27.665000915527344,393000,0.0,0.0
2024-05-01 00:00:00-04:00,27.795000076293945,27.899999618530273,27.020000457763672,27.46500015258789,305000,0.0,0.0
2024-05-02 00:00:00-04:00,27.690000534057617,27.885000228881836,27.225000381469727,27.799999237060547,314800,0.0,0.0
2024-05-03 00:00:00-04:00,28.260000228881836,28.614999771118164,27.725000381469727,28.565000534057617,522600,0.0,0.0
2024-05-06 00:00:00-04:00,28.735000610351562,29.479999542236328,28.645000457763672,28.795000076293945,531600,0.0,0.0
2024-05-07 00:00:00-04:00,28.8700008392334,29.25,28.75,28.80500030517578,405800,0.0,0.0
2024-05-08 00:00:00-04:00,28.575000762939453,29.18000030517578,28.575000762939453,28.90999984741211,541000,0.0,0.0
2024-05-09 00:00:00-04:00,29.0,29.780000686645508,28.954999923706055,29.764999389648438,616200,0.0,0.0
2024-05-10 00:00:00-04:00,30.0049991607666,30.204999923706055,28.975000381469727,29.584999084472656,476200,0.0,0.0
2024-05-13 00:00:00-04:00,29.75,30.045000076293945,28.780000686645508,28.950000762939453,470600,0.0,0.0
2024-05-14 00:00:00-04:00,28.954999923706055,29.360000610351562,28.530000686645508,29.079999923706055,432200,0.0,0.0
2024-05-15 00:00:00-04:00,29.184999465942383,29.739999771118164,28.360000610351562,28.510000228881836,338200,0.0,0.0
2024-05-16 00:00:00-04:00,28.44499969482422,28.469999313354492,27.969999313354492,28.174999237060547,391400,0.0,0.0
2024-05-17 00:00:00-04:00,28.315000534057617,28.530000686645508,28.049999237060547,28.299999237060547,370600,0.0,0.0
2024-05-20 00:00:00-04:00,28.299999237060547,28.600000381469727,27.770000457763672,27.850000381469727,410000,0.0,0.0
2024-05-21 00:00:00-04:00,27.81999969482422,28.18000030517578,27.334999084472656,28.09000015258789,511200,0.0,0.0
2024-05-22 00:00:00-04:00,28.28499984741211,29.954999923706055,28.174999237060547,28.969999313354492,836000,0.0,0.0
2024-05-23 00:00:00-04:00,28.920000076293945,29.204999923706055,27.674999237060547,27.829999923706055,569800,0.0,0.0
2024-05-24 00:00:00-04:00,28.0049991607666,28.530000686645508,27.8700008392334,28.010000228881836,400200,0.0,0.0
2024-05-28 00:00:00-04:00,28.135000228881836,28.325000762939453,26.934999465942383,26.950000762939453,376000,0.0,0.0
2024-05-29 00:00:00-04:00,26.764999389648438,27.174999237060547,26.219999313354492,26.315000534057617,340000,0.0,0.0
2024-05-30 00:00:00-04:00,26.014999389648438,26.100000381469727,25.065000534057617,25.125,471600,0.0,0.0
2024-05-31 00:00:00-04:00,24.954999923706055,25.40999984741211,24.700000762939453,24.9950008392334,628000,0.0,0.0
2024-06-03 00:00:00-04:00,25.344999313354492,25.364999771118164,24.540000915527344,24.55500030517578,337000,0.0,0.0
2024-06-04 00:00:00-04:00,24.43000030517578,24.489999771118164,23.360000610351562,23.635000228881836,503000,0.0,0.0
2024-06-05 00:00:00-04:00,23.799999237060547,24.219999313354492,23.670000076293945,23.895000457763672,294800,0.0,0.0
2024-06-06 00:00:00-04:00,23.834999084472656,23.94499969482422,23.334999084472656,23.385000228881836,275800,0.0,0.0
2024-06-07 00:00:00-04:00,23.270000457763672,23.7450008392334,23.165000915527344,23.375,290200,0.0,0.0
2024-06-10 00:00:00-04:00,23.19499969482422,23.719999313354492,23.19499969482422,23.530000686645508,287400,0.0,0.0
2024-06-11 00:00:00-04:00,23.3700008392334,23.3700008392334,22.719999313354492,22.834999084472656,267600,0.0,0.0
2024-06-12 00:00:00-04:00,23.260000228881836,23.809999465942383,23.059999465942383,23.274999618530273,407800,0.0,0.0
2024-06-13 00:00:00-04:00,23.155000686645508,23.479999542236328,22.764999389648438,23.03499984741211,380400,0.0,0.0
2024-06-14 00:00:00-04:00,23.0,23.200000762939453,22.604999542236328,22.924999237060547,340400,0.0,0.0
2024-06-17 00:00:00-04:00,22.895000457763672,23.09000015258789,22.575000762939453,22.81999969482422,587200,0.0,0.0
2024-06-18 00:00:00-04:00,22.799999237060547,23.1200008392334,22.434999465942383,22.645000457763672,509600,0.0,0.0
2024-06-20 00:00:00-04:00,22.600000381469727,22.780000686645508,22.114999771118164,22.43000030517578,508800,0.0,0.0
2024-06-21 00:00:00-04:00,22.450000762939453,22.649999618530273,22.03499984741211,22.03499984741211,1600000,0.0,0.0
2024-06-24 00:00:00-04:00,22.110000610351562,22.770000457763672,22.110000610351562,22.149999618530273,499000,0.0,0.0
2024-06-25 00:00:00-04:00,22.110000610351562,22.4950008392334,21.860000610351562,22.299999237060547,319800,0.0,0.0
2024-06-26 00:00:00-04:00,22.135000228881836,22.5049991607666,22.094999313354492,22.420000076293945,411000,0.0,0.0
2024-06-27 00:00:00-04:00,22.424999237060547,22.6299991607666,22.225000381469727,22.3799991607666,607600,0.0,0.0
2024-06-28 00:00:00-04:00,22.700000762939453,22.969999313354492,22.475000381469727,22.795000076293945,1042200,0.0,0.0
2024-07-01 00:00:00-04:00,22.799999237060547,22.799999237060547,22.329999923706055,22.684999465942383,348400,0.0,0.0
2024-07-02 00:00:00-04:00,22.834999084472656,22.834999084472656,22.15999984741211,22.19499969482422,287600,0.0,0.0
2024-07-03 00:00:00-04:00,22.1299991607666,22.489999771118164,21.924999237060547,22.385000228881836,149800,0.0,0.0
2024-07-05 00:00:00-04:00,22.184999465942383,22.46500015258789,21.354999542236328,21.360000610351562,257000,0.0,0.0
2024-07-08 00:00:00-04:00,21.475000381469727,21.7450008392334,21.334999084472656,21.7450008392334,244600,0.0,0.0
2024-07-09 00:00:00-04:00,21.565000534057617,21.780000686645508,21.434999465942383,21.700000762939453,252600,0.0,0.0
2024-07-10 00:00:00-04:00,21.7549991607666,22.145000457763672,21.600000381469727,22.05500030517578,231000,0.0,0.0
2024-07-11 00:00:00-04:00,22.354999542236328,23.079999923706055,21.864999771118164,23.010000228881836,364000,0.0,0.0
2024-07-12 00:00:00-04:00,23.270000457763672,23.395000457763672,22.985000610351562,23.30500030517578,271800,0.0,0.0
2024-07-15 00:00:00-04:00,23.604999542236328,23.844999313354492,23.30500030517578,23.540000915527344,273200,0.0,0.0
2024-07-16 00:00:00-04:00,23.700000762939453,24.299999237060547,23.604999542236328,24.25,273000,0.0,0.0
2024-07-17 00:00:00-04:00,23.985000610351562,24.485000610351562,23.600000381469727,23.80500030517578,430200,0.0,0.0
2024-07-18 00:00:00-04:00,23.625,24.065000534057617,23.045000076293945,23.34000015258789,309600,0.0,0.0
2024-07-19 00:00:00-04:00,23.385000228881836,23.469999313354492,22.84000015258789,23.0049991607666,205600,0.0,0.0
2024-07-22 00:00:00-04:00,23.174999237060547,23.334999084472656,22.674999237060547,23.145000457763672,198000,0.0,0.0
2024-07-23 00:00:00-04:00,23.149999618530273,23.540000915527344,22.844999313354492,23.344999313354492,232200,0.0,0.0
2024-07-24 00:00:00-04:00,23.309999465942383,23.514999389648438,22.770000457763672,22.989999771118164,192800,0.0,0.0
2024-07-25 00:00:00-04:00,23.18000030517578,24.239999771118164,22.96500015258789,24.110000610351562,229000,0.0,0.0
2024-07-26 00:00:00-04:00,24.424999237060547,24.44499969482422,23.760000228881836,24.270000457763672,248000,0.0,0.0
2024-07-29 00:00:00-04:00,24.395000457763672,24.395000457763672,23.7450008392334,24.200000762939453,239600,0.0,0.0
2024-07-30 00:00:00-04:00,24.385000228881836,25.065000534057617,24.315000534057617,25.024999618530273,249200,0.0,0.0
2024-07-31 00:00:00-04:00,25.239999771118164,26.0,25.030000686645508,25.405000686645508,407600,0.0,0.0
2024-08-01 00:00:00-04:00,25.565000534057617,25.565000534057617,24.315000534057617,24.549999237060547,264600,0.0,0.0
2024-08-02 00:00:00-04:00,23.600000381469727,23.760000228881836,23.260000228881836,23.389999389648438,299600,0.0,0.0
2024-08-05 00:00:00-04:00,22.18000030517578,22.81999969482422,21.829999923706055,22.670000076293945,259200,0.0,0.0
2024-08-06 00:00:00-04:00,22.549999237060547,22.8799991607666,21.809999465942383,21.93000030517578,226000,0.0,0.0
2024-08-07 00:00:00-04:00,22.264999389648438,22.44499969482422,21.8799991607666,21.954999923706055,267000,0.0,0.0
2024-08-08 00:00:00-04:00,22.325000762939453,22.709999084472656,22.225000381469727,22.440000534057617,152600,0.0,0.0
2024-08-09 00:00:00-04:00,22.415000915527344,22.420000076293945,21.80500030517578,21.875,135800,0.0,0.0
2024-08-12 00:00:00-04:00,21.9950008392334,22.209999084472656,21.760000228881836,22.1299991607666,152600,0.0,0.0
2024-08-13 00:00:00-04:00,22.165000915527344,22.594999313354492,21.985000610351562,22.59000015258789,155000,0.0,0.0
2024-08-14 00:00:00-04:00,22.520000457763672,22.625,22.145000457763672,22.510000228881836,234200,0.0,0.0
2024-08-15 00:00:00-04:00,22.979999542236328,23.415000915527344,22.7549991607666,23.274999618530273,189800,0.0,0.0
2024-08-16 00:00:00-04:00,23.104999542236328,23.575000762939453,22.924999237060547,23.5,361200,0.0,0.0
2024-08-19 00:00:00-04:00,23.594999313354492,23.6200008392334,23.209999084472656,23.299999237060547,228000,0.0,0.0
2024-08-20 00:00:00-04:00,23.235000610351562,23.235000610351562,22.565000534057617,22.96500015258789,317800,0.0,0.0
2024-08-21 00:00:00-04:00,23.235000610351562,23.360000610351562,23.03499984741211,23.270000457763672,184200,0.0,0.0
2024-08-22 00:00:00-04:00,23.135000228881836,23.19499969482422,22.704999923706055,23.0049991607666,214000,0.0,0.0
2024-08-23 00:00:00-04:00,23.2549991607666,24.03499984741211,23.2549991607666,23.860000610351562,263200,0.0,0.0
2024-08-26 00:00:00-04:00,24.174999237060547,24.31999969482422,23.604999542236328,23.75,279200,0.0,0.0
2024-08-27 00:00:00-04:00,23.545000076293945,23.56999969482422,22.19499969482422,22.424999237060547,420800,0.0,0.0
2024-08-28 00:00:00-04:00,22.25,22.655000686645508,22.190000534057617,22.290000915527344,307600,0.0,0.0
2024-08-29 00:00:00-04:00,22.469999313354492,23.21500015258789,22.25,22.924999237060547,282000,0.0,0.0
2024-08-30 00:00:00-04:00,22.84000015258789,23.045000076293945,22.389999389648438,22.674999237060547,302200,0.0,0.0
2024-09-03 00:00:00-04:00,22.299999237060547,22.5,21.299999237060547,21.360000610351562,314200,0.0,0.0
2024-09-04 00:00:00-04:00,21.270000457763672,21.604999542236328,21.125,21.2549991607666,201800,0.0,0.0
2024-09-05 00:00:00-04:00,21.260000228881836,21.514999389648438,21.075000762939453,21.2549991607666,197200,0.0,0.0
2024-09-06 00:00:00-04:00,21.264999389648438,21.5,20.889999389648438,21.420000076293945,278600,0.0,0.0
2024-09-09 00:00:00-04:00,21.420000076293945,21.780000686645508,21.049999237060547,21.079999923706055,217400,0.0,0.0
2024-09-10 00:00:00-04:00,21.100000381469727,21.360000610351562,20.809999465942383,21.2549991607666,200200,0.0,0.0
2024-09-11 00:00:00-04:00,21.19499969482422,21.225000381469727,20.645000457763672,21.149999618530273,184600,0.0,0.0
2024-09-12 00:00:00-04:00,21.395000457763672,21.6299991607666,21.190000534057617,21.610000610351562,203800,0.0,0.0
2024-09-13 00:00:00-04:00,21.895000457763672,21.989999771118164,21.709999084472656,21.885000228881836,153800,0.0,0.0
2024-09-16 00:00:00-04:00,22.100000381469727,22.25,21.84000015258789,22.09000015258789,197800,0.0,0.0
2024-09-17 00:00:00-04:00,22.295000076293945,22.889999389648438,22.2450008392334,22.719999313354492,239600,0.0,0.0
2024-09-18 00:00:00-04:00,22.625,23.09000015258789,22.385000228881836,22.405000686645508,251600,0.0,0.0
2024-09-19 00:00:00-04:00,22.969999313354492,23.100000381469727,22.68000030517578,22.940000534057617,175400,0.0,0.0
2024-09-20 00:00:00-04:00,22.71500015258789,23.604999542236328,22.40999984741211,23.2549991607666,1240400,0.0,0.0
2024-09-23 00:00:00-04:00,23.084999084472656,23.524999618530273,22.524999618530273,23.1299991607666,303600,0.0,0.0
2024-09-24 00:00:00-04:00,23.2450008392334,23.579999923706055,23.06999969482422,23.260000228881836,225000,0.0,0.0
2024-09-25 00:00:00-04:00,23.309999465942383,23.420000076293945,22.665000915527344,22.834999084472656,377000,0.0,0.0
2024-09-26 00:00:00-04:00,22.68000030517578,22.885000228881836,22.325000762939453,22.360000610351562,254800,0.0,0.0
2024-09-27 00:00:00-04:00,22.594999313354492,23.114999771118164,22.325000762939453,23.059999465942383,276800,0.0,0.0
2024-09-30 00:00:00-04:00,23.049999237060547,23.219999313354492,22.854999542236328,23.145000457763672,152800,0.0,0.0
2024-10-01 00:00:00-04:00,22.93000030517578,23.325000762939453,22.709999084472656,22.84000015258789,200600,0.0,0.0
2024-10-02 00:00:00-04:00,22.979999542236328,23.19499969482422,22.545000076293945,22.770000457763672,129000,0.0,0.0
2024-10-03 00:00:00-04:00,22.674999237060547,23.104999542236328,22.385000228881836,22.774999618530273,184600,0.0,0.0
2024-10-04 00:00:00-04:00,23.135000228881836,23.375,22.875,23.049999237060547,199200,0.0,0.0
2024-10-07 00:00:00-04:00,22.934999465942383,23.110000610351562,22.6200008392334,22.940000534057617,133200,0.0,0.0
2024-10-08 00:00:00-04:00,22.7549991607666,22.7549991607666,21.889999389648438,22.420000076293945,173800,0.0,0.0
2024-10-09 00:00:00-04:00,22.479999542236328,23.239999771118164,22.06999969482422,22.905000686645508,159600,0.0,0.0
2024-10-10 00:00:00-04:00,22.635000228881836,23.15999984741211,22.440000534057617,23.1299991607666,127000,0.0,0.0
2024-10-11 00:00:00-04:00,22.989999771118164,23.46500015258789,22.989999771118164,23.2549991607666,146200,0.0,0.0
2024-10-14 00:00:00-04:00,23.170000076293945,23.170000076293945,22.610000610351562,22.829999923706055,123400,0.0,0.0
2024-10-15 00:00:00-04:00,22.6200008392334,22.674999237060547,22.170000076293945,22.354999542236328,378800,0.0,0.0
2024-10-16 00:00:00-04:00,22.614999771118164,23.280000686645508,22.440000534057617,23.149999618530273,226000,0.0,0.0
2024-10-17 00:00:00-04:00,23.03499984741211,23.59000015258789,23.0049991607666,23.315000534057617,210200,0.0,0.0
2024-10-18 00:00:00-04:00,23.375,23.395000457763672,22.40999984741211,22.5049991607666,354600,0.0,0.0
2024-10-21 00:00:00-04:00,22.719999313354492,22.770000457763672,22.2549991607666,22.549999237060547,240400,0.0,0.0
2024-10-22 00:00:00-04:00,22.540000915527344,22.625,22.219999313354492,22.479999542236328,156800,0.0,0.0
2024-10-23 00:00:00-04:00,22.2549991607666,22.360000610351562,21.975000381469727,22.079999923706055,125200,0.0,0.0
2024-10-24 00:00:00-04:00,22.325000762939453,22.649999618530273,22.040000915527344,22.594999313354492,190800,0.0,0.0
2024-10-25 00:00:00-04:00,22.834999084472656,22.920000076293945,22.405000686645508,22.545000076293945,97400,0.0,0.0
2024-10-28 00:00:00-04:00,22.475000381469727,23.045000076293945,22.364999771118164,22.875,122400,0.0,0.0
2024-10-29 00:00:00-04:00,22.71500015258789,22.934999465942383,22.204999923706055,22.399999618530273,147400,0.0,0.0
2024-10-30 00:00:00-04:00,22.280000686645508,22.729999542236328,22.280000686645508,22.454999923706055,163000,0.0,0.0
2024-10-31 00:00:00-04:00,22.55500030517578,22.68000030517578,22.350000381469727,22.364999771118164,136400,0.0,0.0
2024-11-01 00:00:00-04:00,22.514999389648438,22.565000534057617,22.104999542236328,22.149999618530273,183800,0.0,0.0
2024-11-04 00:00:00-05:00,22.135000228881836,23.229999542236328,22.135000228881836,22.829999923706055,135400,0.0,0.0
2024-11-05 00:00:00-05:00,22.80500030517578,23.2450008392334,22.760000228881836,23.139999389648438,128800,0.0,0.0
2024-11-06 00:00:00-05:00,23.350000381469727,24.915000915527344,23.350000381469727,24.479999542236328,326800,0.0,0.0
2024-11-07 00:00:00-05:00,24.565000534057617,24.565000534057617,23.969999313354492,24.204999923706055,179200,0.0,0.0
2024-11-08 00:00:00-05:00,24.174999237060547,24.405000686645508,23.905000686645508,24.25,146200,0.0,0.0
2024-11-11 00:00:00-05:00,24.399999618530273,24.774999618530273,24.114999771118164,24.520000457763672,170600,0.0,0.0
2024-11-12 00:00:00-05:00,24.524999618530273,24.690000534057617,23.584999084472656,23.610000610351562,279800,0.0,0.0
2024-11-13 00:00:00-05:00,23.864999771118164,24.565000534057617,23.165000915527344,23.375,279800,0.0,0.0
2024-11-14 00:00:00-05:00,23.3700008392334,23.4950008392334,22.8799991607666,23.084999084472656,211600,0.0,0.0
2024-11-15 00:00:00-05:00,23.235000610351562,23.344999313354492,22.780000686645508,23.19499969482422,268000,0.0,0.0
2024-11-18 00:00:00-05:00,23.43000030517578,23.485000610351562,23.114999771118164,23.149999618530273,207000,0.0,0.0
2024-11-19 00:00:00-05:00,23.0049991607666,23.024999618530273,21.975000381469727,21.975000381469727,282200,0.0,0.0
2024-11-20 00:00:00-05:00,21.78499984741211,22.584999084472656,21.78499984741211,22.399999618530273,243600,0.0,0.0
2024-11-21 00:00:00-05:00,22.670000076293945,22.954999923706055,22.420000076293945,22.770000457763672,182400,0.0,0.0
2024-11-22 00:00:00-05:00,22.770000457763672,23.309999465942383,22.604999542236328,22.725000381469727,218200,0.0,0.0
2024-11-25 00:00:00-05:00,22.600000381469727,23.024999618530273,22.264999389648438,22.315000534057617,431400,0.0,0.0
2024-11-26 00:00:00-05:00,22.19499969482422,22.19499969482422,21.3700008392334,21.475000381469727,316200,0.0,0.0
2024-11-27 00:00:00-05:00,21.68000030517578,21.915000915527344,21.364999771118164,21.625,235000,0.0,0.0
2024-11-29 00:00:00-05:00,21.8700008392334,21.8700008392334,21.5,21.655000686645508,143000,0.0,0.0
2024-12-02 00:00:00-05:00,21.719999313354492,21.760000228881836,21.204999923706055,21.725000381469727,419800,0.0,0.0
2024-12-03 00:00:00-05:00,24.81999969482422,24.81999969482422,20.969999313354492,20.975000381469727,517200,0.0,0.0
2024-12-04 00:00:00-05:00,20.940000534057617,21.114999771118164,19.69499969482422,20.825000762939453,491600,0.0,0.0
2024-12-05 00:00:00-05:00,20.8799991607666,21.010000228881836,20.354999542236328,20.485000610351562,343200,0.0,0.0
2024-12-06 00:00:00-05:00,20.459999084472656,20.514999389648438,20.104999542236328,20.395000457763672,290200,0.0,0.0
2024-12-09 00:00:00-05:00,20.65999984741211,21.100000381469727,20.420000076293945,20.469999313354492,231200,0.0,0.0
2024-12-10 00:00:00-05:00,20.68000030517578,20.68000030517578,20.145000457763672,20.350000381469727,225600,0.0,0.0
2024-12-11 00:00:00-05:00,20.524999618530273,20.704999923706055,20.149999618530273,20.684999465942383,253000,0.0,0.0
2024-12-12 00:00:00-05:00,20.764999389648438,20.764999389648438,20.364999771118164,20.524999618530273,247200,0.0,0.0
2024-12-13 00:00:00-05:00,20.3700008392334,20.7450008392334,20.114999771118164,20.71500015258789,290400,0.0,0.0
2024-12-16 00:00:00-05:00,20.584999084472656,20.725000381469727,20.184999465942383,20.399999618530273,412600,0.0,0.0
2024-12-17 00:00:00-05:00,20.170000076293945,20.69499969482422,20.125,20.59000015258789,360200,0.0,0.0
2024-12-18 00:00:00-05:00,20.700000762939453,21.0,19.7549991607666,19.834999084472656,413600,0.0,0.0
2024-12-19 00:00:00-05:00,20.094999313354492,20.274999618530273,19.71500015258789,20.020000457763672,553800,0.0,0.0
2024-12-20 00:00:00-05:00,19.665000915527344,20.2549991607666,19.510000228881836,20.024999618530273,2782600,0.0,0.0
2024-12-23 00:00:00-05:00,20.155000686645508,20.809999465942383,20.03499984741211,20.59000015258789,386400,0.0,0.0
2024-12-24 00:00:00-05:00,20.690000534057617,20.760000228881836,20.434999465942383,20.69499969482422,148400,0.0,0.0
2024-12-26 00:00:00-05:00,20.549999237060547,20.829999923706055,20.354999542236328,20.790000915527344,191600,0.0,0.0
2024-12-27 00:00:00-05:00,20.625,20.84000015258789,20.5049991607666,20.78499984741211,251200,0.0,0.0
2024-12-30 00:00:00-05:00,20.760000228881836,20.989999771118164,20.510000228881836,20.78499984741211,218000,0.0,0.0
2024-12-31 00:00:00-05:00,20.920000076293945,21.28499984741211,20.770000457763672,20.844999313354492,250600,0.0,0.0
2025-01-02 00:00:00-05:00,21.094999313354492,21.375,21.020000457763672,21.354999542236328,238600,0.0,0.0
2025-01-03 00:00:00-05:00,21.584999084472656,21.75,21.3799991607666,21.6200008392334,228200,0.0,0.0
2025-01-06 00:00:00-05:00,21.69499969482422,22.174999237060547,21.604999542236328,21.81999969482422,303800,0.0,0.0
2025-01-07 00:00:00-05:00,21.860000610351562,22.225000381469727,21.700000762939453,22.065000534057617,308400,0.0,0.0
2025-01-08 00:00:00-05:00,22.079999923706055,22.329999923706055,21.834999084472656,21.924999237060547,271800,0.0,0.0
2025-01-10 00:00:00-05:00,21.950000762939453,22.200000762939453,21.2450008392334,21.3700008392334,308200,0.0,0.0
2025-01-13 00:00:00-05:00,21.3799991607666,21.43000030517578,20.56999969482422,21.110000610351562,291000,0.0,0.0
2025-01-14 00:00:00-05:00,21.204999923706055,21.360000610351562,20.905000686645508,21.059999465942383,195400,0.0,0.0
2025-01-15 00:00:00-05:00,21.469999313354492,21.559999465942383,21.295000076293945,21.510000228881836,157800,0.0,0.0
2025-01-16 00:00:00-05:00,21.3700008392334,21.405000686645508,20.665000915527344,20.954999923706055,257600,0.0,0.0
2025-01-17 00:00:00-05:00,20.989999771118164,21.059999465942383,20.700000762939453,20.8700008392334,241800,0.0,0.0
2025-01-21 00:00:00-05:00,20.764999389648438,20.829999923706055,20.600000381469727,20.71500015258789,177000,0.0,0.0
2025-01-22 00:00:00-05:00,20.510000228881836,20.850000381469727,20.309999465942383,20.600000381469727,361200,0.0,0.0
2025-01-23 00:00:00-05:00,20.524999618530273,20.709999084472656,20.454999923706055,20.600000381469727,308200,0.0,0.0
2025-01-24 00:00:00-05:00,20.75,20.75,20.469999313354492,20.520000457763672,300200,0.0,0.0
2025-01-27 00:00:00-05:00,20.540000915527344,21.15999984741211,20.334999084472656,20.825000762939453,252400,0.0,0.0
2025-01-28 00:00:00-05:00,20.93000030517578,20.979999542236328,20.559999465942383,20.725000381469727,214800,0.0,0.0
2025-01-29 00:00:00-05:00,20.55500030517578,21.024999618530273,20.55500030517578,20.975000381469727,191400,0.0,0.0
2025-01-30 00:00:00-05:00,21.209999084472656,21.31999969482422,20.934999465942383,21.18000030517578,201200,0.0,0.0
2025-01-31 00:00:00-05:00,21.125,21.125,20.655000686645508,20.860000610351562,215400,0.0,0.0
2025-02-03 00:00:00-05:00,20.655000686645508,21.229999542236328,20.575000762939453,20.65999984741211,292600,0.0,0.0
2025-02-04 00:00:00-05:00,20.440000534057617,21.15999984741211,20.3799991607666,21.09000015258789,227400,0.0,0.0
2025-02-05 00:00:00-05:00,21.03499984741211,21.260000228881836,20.885000228881836,21.075000762939453,174600,0.0,0.0
2025-02-06 00:00:00-05:00,21.104999542236328,21.219999313354492,20.834999084472656,21.075000762939453,197800,0.0,0.0
2025-02-07 00:00:00-05:00,20.975000381469727,21.030000686645508,20.149999618530273,20.19499969482422,222400,0.0,0.0
2025-02-10 00:00:00-05:00,20.28499984741211,21.149999618530273,20.219999313354492,21.1200008392334,392400,0.0,0.0
2025-02-11 00:00:00-05:00,21.104999542236328,21.594999313354492,20.94499969482422,20.9950008392334,371400,0.0,0.0
2025-02-12 00:00:00-05:00,20.690000534057617,21.084999084472656,20.670000076293945,20.875,281800,0.0,0.0
2025-02-13 00:00:00-05:00,21.079999923706055,21.7450008392334,20.934999465942383,21.5,259800,0.0,0.0
2025-02-14 00:00:00-05:00,21.53499984741211,21.8799991607666,21.489999771118164,21.7450008392334,186600,0.0,0.0
2025-02-18 00:00:00-05:00,21.94499969482422,22.049999237060547,21.594999313354492,21.614999771118164,203200,0.0,0.0
2025-02-19 00:00:00-05:00,21.46500015258789,22.03499984741211,21.46500015258789,21.729999542236328,303800,0.0,0.0
2025-02-20 00:00:00-05:00,21.670000076293945,21.670000076293945,20.7549991607666,20.844999313354492,167000,0.0,0.0
2025-02-21 00:00:00-05:00,21.014999389648438,21.03499984741211,20.479999542236328,20.635000228881836,253000,0.0,0.0
2025-02-24 00:00:00-05:00,20.639999389648438,20.790000915527344,20.200000762939453,20.2450008392334,272200,0.0,0.0
2025-02-25 00:00:00-05:00,20.28499984741211,20.28499984741211,19.790000915527344,19.809999465942383,195800,0.0,0.0
2025-02-26 00:00:00-05:00,19.684999465942383,19.829999923706055,19.5,19.649999618530273,129200,0.0,0.0
2025-02-27 00:00:00-05:00,19.645000457763672,19.645000457763672,19.389999389648438,19.46500015258789,246800,0.0,0.0
2025-02-28 00:00:00-05:00,19.25,19.40999984741211,19.0049991607666,19.309999465942383,254600,0.0,0.0
2025-03-03 00:00:00-05:00,19.28499984741211,19.28499984741211,18.274999618530273,18.424999237060547,206200,0.0,0.0
2025-03-04 00:00:00-05:00,18.155000686645508,18.579999923706055,18.0049991607666,18.315000534057617,206200,0.0,0.0
2025-03-05 00:00:00-05:00,18.174999237060547,18.395000457763672,17.954999923706055,18.34000015258789,178200,0.0,0.0
2025-03-06 00:00:00-05:00,18.2549991607666,18.815000534057617,18.135000228881836,18.799999237060547,211800,0.0,0.0
2025-03-07 00:00:00-05:00,18.78499984741211,19.110000610351562,18.530000686645508,18.565000534057617,151200,0.0,0.0
2025-03-10 00:00:00-04:00,18.510000228881836,18.71500015258789,18.174999237060547,18.184999465942383,207400,0.0,0.0
2025-03-11 00:00:00-04:00,18.354999542236328,18.549999237060547,17.93000030517578,18.219999313354492,208400,0.0,0.0
2025-03-12 00:00:00-04:00,18.325000762939453,18.360000610351562,17.889999389648438,18.059999465942383,155400,0.0,0.0
2025-03-13 00:00:00-04:00,18.19499969482422,18.264999389648438,17.700000762939453,17.934999465942383,177200,0.0,0.0
2025-03-14 00:00:00-04:00,18.1299991607666,18.1299991607666,17.825000762939453,18.059999465942383,185600,0.0,0.0
2025-03-17 00:00:00-04:00,17.979999542236328,18.420000076293945,17.940000534057617,18.334999084472656,314600,0.0,0.0
2025-03-18 00:00:00-04:00,18.334999084472656,18.524999618530273,18.024999618530273,18.18000030517578,218800,0.0,0.0
2025-03-19 00:00:00-04:00,18.229999542236328,18.450000762939453,18.06999969482422,18.3799991607666,172400,0.0,0.0
2025-03-20 00:00:00-04:00,18.165000915527344,18.459999084472656,18.145000457763672,18.329999923706055,156800,0.0,0.0
2025-03-21 00:00:00-04:00,18.110000610351562,18.44499969482422,17.899999618530273,18.354999542236328,730800,0.0,0.0
2025-03-24 00:00:00-04:00,18.704999923706055,18.979999542236328,18.389999389648438,18.454999923706055,236400,0.0,0.0
2025-03-25 00:00:00-04:00,18.43000030517578,18.645000457763672,18.2450008392334,18.30500030517578,227200,0.0,0.0
2025-03-26 00:00:00-04:00,19.9950008392334,19.9950008392334,19.014999389648438,19.30500030517578,397200,0.0,0.0
2025-03-27 00:00:00-04:00,19.229999542236328,20.075000762939453,19.229999542236328,19.709999084472656,290400,0.0,0.0
2025-03-28 00:00:00-04:00,19.579999923706055,19.665000915527344,18.774999618530273,18.950000762939453,464800,0.0,0.0
2025-03-31 00:00:00-04:00,18.844999313354492,18.975000381469727,18.55500030517578,18.78499984741211,384400,0.0,0.0
2025-04-01 00:00:00-04:00,18.6299991607666,19.559999465942383,18.6299991607666,19.209999084472656,384200,0.0,0.0
2025-04-02 00:00:00-04:00,19.0,19.584999084472656,18.764999389648438,19.155000686645508,441800,0.0,0.0
2025-04-03 00:00:00-04:00,18.5,18.959999084472656,17.860000610351562,18.145000457763672,507600,0.0,0.0
2025-04-04 00:00:00-04:00,17.674999237060547,18.100000381469727,17.094999313354492,18.06999969482422,470200,0.0,0.0
2025-04-07 00:00:00-04:00,17.5,18.815000534057617,16.725000381469727,17.924999237060547,511200,0.0,0.0
2025-04-08 00:00:00-04:00,18.209999084472656,18.350000381469727,17.184999465942383,17.4950008392334,427800,0.0,0.0
2025-04-09 00:00:00-04:00,17.229999542236328,19.31999969482422,17.200000762939453,19.014999389648438,484400,0.0,0.0
2025-04-10 00:00:00-04:00,18.6299991607666,18.9950008392334,18.434999465942383,18.815000534057617,428800,0.0,0.0
2025-04-11 00:00:00-04:00,18.950000762939453,19.795000076293945,18.645000457763672,19.6299991607666,340600,0.0,0.0
2025-04-14 00:00:00-04:00,19.7450008392334,20.065000534057617,19.565000534057617,19.8799991607666,310400,0.0,0.0
2025-04-15 00:00:00-04:00,19.690000534057617,19.950000762939453,19.344999313354492,19.625,364200,0.0,0.0
2025-04-16 00:00:00-04:00,19.69499969482422,20.06999969482422,19.639999389648438,19.78499984741211,399600,0.0,0.0
2025-04-17 00:00:00-04:00,19.864999771118164,20.295000076293945,19.864999771118164,19.985000610351562,306600,0.0,0.0
2025-04-21 00:00:00-04:00,19.780000686645508,20.229999542236328,19.780000686645508,20.174999237060547,297000,0.0,0.0
2025-04-22 00:00:00-04:00,20.43000030517578,20.575000762939453,20.094999313354492,20.235000610351562,240000,0.0,0.0
2025-04-23 00:00:00-04:00,20.485000610351562,20.5,19.809999465942383,20.03499984741211,274200,0.0,0.0
2025-04-24 00:00:00-04:00,20.100000381469727,20.360000610351562,20.010000228881836,20.204999923706055,213200,0.0,0.0
2025-04-25 00:00:00-04:00,20.065000534057617,20.270000457763672,19.90999984741211,20.260000228881836,134400,0.0,0.0
2025-04-28 00:00:00-04:00,20.260000228881836,20.68000030517578,20.21500015258789,20.53499984741211,207600,0.0,0.0
2025-04-29 00:00:00-04:00,20.625,20.829999923706055,20.25,20.264999389648438,137000,0.0,0.0
2025-04-30 00:00:00-04:00,20.25,20.25,19.639999389648438,19.860000610351562,277200,0.0,0.0
2025-05-01 00:00:00-04:00,19.80500030517578,20.200000762939453,19.719999313354492,20.049999237060547,183400,0.0,0.0
2025-05-02 00:00:00-04:00,20.229999542236328,20.395000457763672,20.079999923706055,20.290000915527344,176000,0.0,0.0
2025-05-05 00:00:00-04:00,20.225000381469727,20.389999389648438,20.05500030517578,20.135000228881836,148600,0.0,0.0
2025-05-06 00:00:00-04:00,20.094999313354492,20.30500030517578,19.854999542236328,19.860000610351562,212200,0.0,0.0
2025-05-07 00:00:00-04:00,20.114999771118164,20.114999771118164,19.549999237060547,19.65999984741211,218400,0.0,0.0
2025-05-08 00:00:00-04:00,19.75,20.344999313354492,19.75,20.2549991607666,201200,0.0,0.0
2025-05-09 00:00:00-04:00,20.235000610351562,20.649999618530273,20.235000610351562,20.579999923706055,186800,0.0,0.0
2025-05-12 00:00:00-04:00,21.139999389648438,21.459999084472656,20.584999084472656,20.655000686645508,203200,0.0,0.0
2025-05-13 00:00:00-04:00,20.860000610351562,21.510000228881836,20.670000076293945,21.34000015258789,228000,0.0,0.0
2025-05-14 00:00:00-04:00,21.309999465942383,21.309999465942383,21.024999618530273,21.125,186000,0.0,0.0
2025-05-15 00:00:00-04:00,21.040000915527344,21.295000076293945,20.854999542236328,21.295000076293945,188200,0.0,0.0
2025-05-16 00:00:00-04:00,21.299999237060547,21.459999084472656,21.0049991607666,21.344999313354492,187800,0.0,0.0
2025-05-19 00:00:00-04:00,21.155000686645508,21.155000686645508,20.90999984741211,21.049999237060547,135000,0.0,0.0
2025-05-20 00:00:00-04:00,20.969999313354492,21.3700008392334,20.610000610351562,21.270000457763672,226600,0.0,0.0
2025-05-21 00:00:00-04:00,21.030000686645508,21.06999969482422,20.725000381469727,21.0,192400,0.0,0.0
2025-05-22 00:00:00-04:00,20.954999923706055,21.0049991607666,20.479999542236328,20.8799991607666,185600,0.0,0.0
2025-05-23 00:00:00-04:00,20.65999984741211,20.899999618530273,20.53499984741211,20.790000915527344,120000,0.0,0.0
2025-05-27 00:00:00-04:00,20.924999237060547,21.385000228881836,20.899999618530273,21.325000762939453,186600,0.0,0.0
2025-05-28 00:00:00-04:00,21.809999465942383,21.809999465942383,19.440000534057617,20.030000686645508,450600,0.0,0.0
2025-05-29 00:00:00-04:00,20.030000686645508,20.6200008392334,19.985000610351562,20.55500030517578,242200,0.0,0.0
2025-05-30 00:00:00-04:00,20.514999389648438,21.145000457763672,20.334999084472656,21.06999969482422,280600,0.0,0.0
2025-06-02 00:00:00-04:00,21.020000457763672,21.020000457763672,20.489999771118164,20.850000381469727,186200,0.0,0.0
2025-06-03 00:00:00-04:00,20.864999771118164,21.760000228881836,20.864999771118164,21.600000381469727,187800,0.0,0.0
2025-06-04 00:00:00-04:00,21.635000228881836,21.68000030517578,21.235000610351562,21.485000610351562,173000,0.0,0.0
2025-06-05 00:00:00-04:00,21.540000915527344,21.69499969482422,21.239999771118164,21.34000015258789,157000,0.0,0.0
2025-06-06 00:00:00-04:00,21.684999465942383,21.7450008392334,21.454999923706055,21.735000610351562,135200,0.0,0.0
2025-06-09 00:00:00-04:00,21.80500030517578,22.079999923706055,21.690000534057617,21.895000457763672,169000,0.0,0.0
2025-06-10 00:00:00-04:00,22.25,22.545000076293945,21.93000030517578,22.405000686645508,159400,0.0,0.0
2025-06-11 00:00:00-04:00,22.454999923706055,22.8700008392334,22.25,22.760000228881836,176600,0.0,0.0
2025-06-12 00:00:00-04:00,22.575000762939453,22.735000610351562,22.225000381469727,22.545000076293945,167200,0.0,0.0
2025-06-13 00:00:00-04:00,22.610000610351562,23.53499984741211,22.55500030517578,23.5,248000,0.0,0.0
2025-06-16 00:00:00-04:00,23.514999389648438,24.0049991607666,23.385000228881836,23.860000610351562,241400,0.0,0.0
2025-06-17 00:00:00-04:00,23.985000610351562,24.34000015258789,23.825000762939453,24.219999313354492,223600,0.0,0.0
2025-06-18 00:00:00-04:00,24.264999389648438,24.920000076293945,24.084999084472656,24.764999389648438,276400,0.0,0.0
2025-06-20 00:00:00-04:00,24.844999313354492,24.844999313354492,24.15999984741211,24.53499984741211,967000,0.0,0.0
2025-06-23 00:00:00-04:00,24.434999465942383,24.674999237060547,24.219999313354492,24.25,315200,0.0,0.0
2025-06-24 00:00:00-04:00,24.110000610351562,24.875,23.815000534057617,24.584999084472656,295000,0.0,0.0
2025-06-25 00:00:00-04:00,24.524999618530273,25.049999237060547,24.325000762939453,24.600000381469727,257200,0.0,0.0
2025-06-26 00:00:00-04:00,24.790000915527344,24.790000915527344,24.424999237060547,24.670000076293945,182800,0.0,0.0
2025-06-27 00:00:00-04:00,24.610000610351562,24.655000686645508,24.270000457763672,24.655000686645508,424000,0.0,0.0
2025-06-30 00:00:00-04:00,24.639999389648438,25.065000534057617,24.329999923706055,24.354999542236328,358600,0.0,0.0
2025-07-01 00:00:00-04:00,24.350000381469727,25.200000762939453,24.15999984741211,24.850000381469727,247000,0.0,0.0
2025-07-02 00:00:00-04:00,24.875,25.729999542236328,24.6299991607666,25.704999923706055,257400,0.0,0.0
2025-07-03 00:00:00-04:00,25.704999923706055,26.385000228881836,25.65999984741211,26.3799991607666,156400,0.0,0.0
2025-07-07 00:00:00-04:00,26.18000030517578,26.420000076293945,25.905000686645508,26.389999389648438,209600,0.0,0.0
2025-07-08 00:00:00-04:00,26.475000381469727,26.81999969482422,26.34000015258789,26.524999618530273,190000,0.0,0.0
2025-07-09 00:00:00-04:00,26.5,27.020000457763672,26.354999542236328,27.020000457763672,181000,0.0,0.0
2025-07-10 00:00:00-04:00,26.854999542236328,27.3700008392334,26.854999542236328,27.165000915527344,170600,0.0,0.0
2025-07-11 00:00:00-04:00,27.094999313354492,27.5049991607666,27.059999465942383,27.34000015258789,175600,0.0,0.0
2025-07-14 00:00:00-04:00,27.364999771118164,27.614999771118164,26.989999771118164,27.440000534057617,169800,0.0,0.0
2025-07-15 00:00:00-04:00,27.5,27.68000030517578,27.045000076293945,27.09000015258789,226600,0.0,0.0
2025-07-16 00:00:00-04:00,27.334999084472656,27.354999542236328,26.530000686645508,26.610000610351562,162200,0.0,0.0
2025-07-17 00:00:00-04:00,26.469999313354492,26.954999923706055,26.469999313354492,26.594999313354492,147000,0.0,0.0
2025-07-18 00:00:00-04:00,26.854999542236328,27.020000457763672,26.489999771118164,26.68000030517578,274600,0.0,0.0
2025-07-21 00:00:00-04:00,26.90999984741211,27.479999542236328,26.854999542236328,27.190000534057617,179200,0.0,0.0
2025-07-22 00:00:00-04:00,27.235000610351562,27.565000534057617,27.014999389648438,27.014999389648438,202000,0.0,0.0
2025-07-23 00:00:00-04:00,26.975000381469727,27.665000915527344,26.975000381469727,27.600000381469727,180000,0.0,0.0
2025-07-24 00:00:00-04:00,27.395000457763672,27.440000534057617,26.75,26.774999618530273,205000,0.0,0.0
2025-07-25 00:00:00-04:00,26.979999542236328,27.31999969482422,26.635000228881836,27.059999465942383,173800,0.0,0.0
2025-07-28 00:00:00-04:00,27.145000457763672,27.3700008392334,27.024999618530273,27.174999237060547,126400,0.0,0.0
2025-07-29 00:00:00-04:00,27.399999618530273,27.399999618530273,27.014999389648438,27.165000915527344,118800,0.0,0.0
2025-07-30 00:00:00-04:00,27.024999618530273,27.235000610351562,26.5,26.71500015258789,109600,0.0,0.0
2025-07-31 00:00:00-04:00,26.450000762939453,26.645000457763672,25.829999923706055,26.139999389648438,177200,0.0,0.0
2025-08-01 00:00:00-04:00,26.104999542236328,26.104999542236328,24.875,25.4950008392334,185400,0.0,0.0
2025-08-04 00:00:00-04:00,25.434999465942383,25.834999084472656,25.34000015258789,25.635000228881836,113600,0.0,0.0
2025-08-05 00:00:00-04:00,25.65999984741211,26.1200008392334,25.479999542236328,25.975000381469727,101000,0.0,0.0
2025-08-06 00:00:00-04:00,25.899999618530273,26.204999923706055,25.565000534057617,25.735000610351562,115400,0.0,0.0
2025-08-07 00:00:00-04:00,25.80500030517578,25.924999237060547,25.600000381469727,25.739999771118164,124000,0.0,0.0
2025-08-08 00:00:00-04:00,26.024999618530273,26.280000686645508,25.65999984741211,26.260000228881836,123400,0.0,0.0
2025-08-11 00:00:00-04:00,26.454999923706055,26.71500015258789,26.03499984741211,26.625,137400,0.0,0.0
2025-08-12 00:00:00-04:00,26.895000457763672,27.385000228881836,26.834999084472656,27.125,155200,0.0,0.0
2025-08-13 00:00:00-04:00,27.190000534057617,27.614999771118164,27.030000686645508,27.405000686645508,116200,0.0,0.0
2025-08-14 00:00:00-04:00,27.315000534057617,27.5,26.760000228881836,27.489999771118164,156400,0.0,0.0
2025-08-15 00:00:00-04:00,27.53499984741211,27.579999923706055,27.0,27.5049991607666,307800,0.0,0.0
2025-08-18 00:00:00-04:00,27.524999618530273,28.479999542236328,27.450000762939453,28.165000915527344,126400,0.0,0.0
2025-08-19 00:00:00-04:00,28.104999542236328,28.204999923706055,27.6200008392334,27.979999542236328,143600,0.0,0.0
2025-08-20 00:00:00-04:00,28.020000457763672,28.28499984741211,27.885000228881836,28.139999389648438,132200,0.0,0.0
2025-08-21 00:00:00-04:00,28.09000015258789,28.690000534057617,27.725000381469727,28.55500030517578,129800,0.0,0.0
2025-08-22 00:00:00-04:00,28.739999771118164,30.040000915527344,28.739999771118164,29.950000762939453,205000,0.0,0.0
2025-08-25 00:00:00-04:00,29.96500015258789,30.7549991607666,29.954999923706055,30.34000015258789,344000,0.0,0.0
2025-08-26 00:00:00-04:00,30.145000457763672,30.709999084472656,29.81999969482422,30.489999771118164,471400,0.0,0.0
2025-08-27 00:00:00-04:00,30.489999771118164,31.0,29.860000610351562,30.420000076293945,455200,0.0,0.0
2025-08-28 00:00:00-04:00,30.395000457763672,32.474998474121094,30.395000457763672,32.05500030517578,316600,0.0,0.0
2025-08-29 00:00:00-04:00,32.025001525878906,32.025001525878906,31.125,31.28499984741211,183200,0.0,0.0
2025-09-02 00:00:00-04:00,31.104999542236328,31.594999313354492,31.040000915527344,31.344999313354492,162600,0.0,0.0
2025-09-03 00:00:00-04:00,31.28499984741211,31.43000030517578,30.69499969482422,30.854999542236328,262000,0.0,0.0
2025-09-04 00:00:00-04:00,30.764999389648438,31.84000015258789,30.575000762939453,31.799999237060547,228400,0.0,0.0
2025-09-05 00:00:00-04:00,31.764999389648438,31.764999389648438,30.68000030517578,30.834999084472656,357000,0.0,0.0
2025-09-08 00:00:00-04:00,31.104999542236328,31.290000915527344,30.520000457763672,31.0,210200,0.0,0.0
2025-09-09 00:00:00-04:00,30.774999618530273,31.290000915527344,30.450000762939453,30.5049991607666,223000,0.0,0.0
2025-09-10 00:00:00-04:00,30.475000381469727,30.7450008392334,30.225000381469727,30.479999542236328,326600,0.0,0.0
2025-09-11 00:00:00-04:00,30.295000076293945,30.920000076293945,30.295000076293945,30.864999771118164,234400,0.0,0.0
2025-09-12 00:00:00-04:00,30.75,31.149999618530273,30.19499969482422,30.415000915527344,230000,0.0,0.0
2025-09-15 00:00:00-04:00,30.4950008392334,31.014999389648438,30.325000762939453,30.549999237060547,263200,0.0,0.0
2025-09-16 00:00:00-04:00,30.56999969482422,31.520000457763672,30.31999969482422,30.459999084472656,288100,0.0,2.0
2025-09-17 00:00:00-04:00,30.579999923706055,30.959999084472656,30.020000457763672,30.079999923706055,356500,0.0,0.0
2025-09-18 00:00:00-04:00,30.200000762939453,31.229999542236328,30.149999618530273,30.799999237060547,222800,0.0,0.0
2025-09-19 00:00:00-04:00,30.889999389648438,31.079999923706055,30.149999618530273,30.530000686645508,672900,0.0,0.0
2025-09-22 00:00:00-04:00,30.469999313354492,30.8700008392334,30.25,30.520000457763672,156900,0.0,0.0
2025-09-23 00:00:00-04:00,30.75,31.079999923706055,30.489999771118164,30.59000015258789,145000,0.0,0.0
2025-09-24 00:00:00-04:00,30.799999237060547,31.5,30.780000686645508,30.829999923706055,182800,0.0,0.0
2025-09-25 00:00:00-04:00,30.610000610351562,31.100000381469727,30.420000076293945,30.770000457763672,141700,0.0,0.0
2025-09-26 00:00:00-04:00,30.790000915527344,31.1299991607666,30.520000457763672,31.1299991607666,158900,0.0,0.0
2025-09-29 00:00:00-04:00,30.93000030517578,31.100000381469727,30.299999237060547,30.799999237060547,212200,0.0,0.0
2025-09-30 00:00:00-04:00,30.6299991607666,30.780000686645508,30.420000076293945,30.6200008392334,150900,0.0,0.0
2025-10-01 00:00:00-04:00,30.6200008392334,30.989999771118164,30.43000030517578,30.799999237060547,149600,0.0,0.0
2025-10-02 00:00:00-04:00,30.649999618530273,31.239999771118164,30.489999771118164,31.239999771118164,144600,0.0,0.0
2025-10-03 00:00:00-04:00,31.399999618530273,32.29999923706055,31.020000457763672,31.6299991607666,201200,0.0,0.0
2025-10-06 00:00:00-04:00,31.829999923706055,32.83000183105469,31.770000457763672,32.02000045776367,174600,0.0,0.0
2025-10-07 00:00:00-04:00,31.950000762939453,32.029998779296875,31.15999984741211,31.440000534057617,142200,0.0,0.0
2025-10-08 00:00:00-04:00,31.520000457763672,31.790000915527344,30.829999923706055,31.040000915527344,148700,0.0,0.0
2025-10-09 00:00:00-04:00,31.06999969482422,31.450000762939453,30.40999984741211,30.56999969482422,147600,0.0,0.0
2025-10-10 00:00:00-04:00,30.31999969482422,30.84000015258789,30.309999465942383,30.59000015258789,178100,0.0,0.0
2025-10-13 00:00:00-04:00,30.8799991607666,32.0099983215332,30.510000228881836,31.690000534057617,181200,0.0,0.0
2025-10-14 00:00:00-04:00,31.530000686645508,32.95000076293945,31.530000686645508,32.869998931884766,191900,0.0,0.0
2025-10-15 00:00:00-04:00,33.18000030517578,33.650001525878906,32.5099983215332,33.349998474121094,249600,0.0,0.0
2025-10-16 00:00:00-04:00,33.34000015258789,33.77000045776367,32.220001220703125,32.33000183105469,181500,0.0,0.0
2025-10-17 00:00:00-04:00,32.220001220703125,32.40999984741211,31.520000457763672,32.02000045776367,307800,0.0,0.0
2025-10-20 00:00:00-04:00,32.25,32.81999969482422,32.04999923706055,32.369998931884766,169300,0.0,0.0
2025-10-21 00:00:00-04:00,32.36000061035156,32.459999084472656,30.770000457763672,30.969999313354492,152000,0.0,0.0
2025-10-22 00:00:00-04:00,31.1200008392334,31.299999237060547,30.459999084472656,31.290000915527344,205100,0.0,0.0
2025-10-23 00:00:00-04:00,31.6299991607666,32.189998626708984,31.520000457763672,31.850000381469727,138100,0.0,0.0
2025-10-24 00:00:00-04:00,32.150001525878906,32.43000030517578,31.700000762939453,32.099998474121094,105200,0.0,0.0
2025-10-27 00:00:00-04:00,32.029998779296875,32.34000015258789,31.639999389648438,31.790000915527344,159800,0.0,0.0
2025-10-28 00:00:00-04:00,31.479999542236328,32.119998931884766,31.479999542236328,31.969999313354492,153400,0.0,0.0
2025-10-29 00:00:00-04:00,31.969999313354492,32.599998474121094,31.700000762939453,31.790000915527344,169600,0.0,0.0
2025-10-30 00:00:00-04:00,31.729999542236328,32.2599983215332,31.520000457763672,31.989999771118164,137600,0.0,0.0
2025-10-31 00:00:00-04:00,31.8700008392334,32.33000183105469,31.739999771118164,32.029998779296875,132700,0.0,0.0
2025-11-03 00:00:00-05:00,32.2599983215332,32.380001068115234,31.139999389648438,32.27000045776367,169700,0.0,0.0
2025-11-04 00:00:00-05:00,31.969999313354492,32.16999816894531,31.459999084472656,31.75,137100,0.0,0.0
2025-11-05 00:00:00-05:00,31.8700008392334,32.790000915527344,31.75,32.34000015258789,161300,0.0,0.0
2025-11-06 00:00:00-05:00,32.310001373291016,32.66999816894531,31.690000534057617,31.709999084472656,116500,0.0,0.0
2025-11-07 00:00:00-05:00,31.760000228881836,32.2400016784668,31.0,32.040000915527344,136500,0.0,0.0
2025-11-10 00:00:00-05:00,32.43000030517578,33.33000183105469,32.06999969482422,32.93000030517578,145100,0.0,0.0
2025-11-11 00:00:00-05:00,32.869998931884766,33.970001220703125,32.720001220703125,33.720001220703125,176500,0.0,0.0
2025-11-12 00:00:00-05:00,33.70000076293945,33.90999984741211,33.25,33.290000915527344,194400,0.0,0.0
2025-11-13 00:00:00-05:00,33.29999923706055,33.59000015258789,32.25,32.68000030517578,133800,0.0,0.0
2025-11-14 00:00:00-05:00,32.61000061035156,33.369998931884766,32.2599983215332,33.22999954223633,104700,0.0,0.0
2025-11-17 00:00:00-05:00,33.189998626708984,33.47999954223633,32.09000015258789,32.15999984741211,115100,0.0,0.0
2025-11-18 00:00:00-05:00,32.06999969482422,32.279998779296875,31.84000015258789,32.02000045776367,128200,0.0,0.0
2025-11-19 00:00:00-05:00,31.760000228881836,32.369998931884766,31.229999542236328,32.06999969482422,125400,0.0,0.0
2025-11-20 00:00:00-05:00,32.290000915527344,32.880001068115234,31.559999465942383,31.690000534057617,147500,0.0,0.0
2025-11-21 00:00:00-05:00,31.75,32.54999923706055,31.709999084472656,32.34000015258789,302300,0.0,0.0
2025-11-24 00:00:00-05:00,32.38999938964844,32.61000061035156,31.739999771118164,31.809999465942383,199700,0.0,0.0
2025-11-25 00:00:00-05:00,31.829999923706055,32.93000030517578,31.829999923706055,32.689998626708984,233200,0.0,0.0
2025-11-26 00:00:00-05:00,32.459999084472656,33.560001373291016,32.459999084472656,33.0,344000,0.0,0.0
2025-11-28 00:00:00-05:00,32.95000076293945,33.189998626708984,32.459999084472656,32.9900016784668,67600,0.0,0.0
2025-12-01 00:00:00-05:00,32.9900016784668,33.38999938964844,32.88999938964844,33.369998931884766,162400,0.0,0.0
2025-12-02 00:00:00-05:00,33.540000915527344,33.7400016784668,32.34000015258789,33.689998626708984,258900,0.0,0.0
2025-12-03 00:00:00-05:00,33.66999816894531,33.779998779296875,33.099998474121094,33.5,190500,0.0,0.0
2025-12-04 00:00:00-05:00,35.220001220703125,36.5,32.81999969482422,35.06999969482422,279000,0.0,0.0
2025-12-05 00:00:00-05:00,34.529998779296875,35.91999816894531,33.15999984741211,33.68000030517578,296000,0.0,0.0
2025-12-08 00:00:00-05:00,33.68000030517578,35.0,32.20000076293945,32.279998779296875,303800,0.0,0.0
2025-12-09 00:00:00-05:00,31.93000030517578,33.709999084472656,31.93000030517578,32.59000015258789,273800,0.0,0.0
2025-12-10 00:00:00-05:00,32.38999938964844,33.810001373291016,32.2400016784668,33.29999923706055,248500,0.0,0.0
2025-12-11 00:00:00-05:00,33.189998626708984,34.5099983215332,33.09000015258789,33.310001373291016,275100,0.0,0.0
2025-12-12 00:00:00-05:00,33.45000076293945,34.65999984741211,33.040000915527344,33.380001068115234,215500,0.0,0.0
2025-12-15 00:00:00-05:00,33.66999816894531,34.25,33.2400016784668,33.560001373291016,166200,0.0,0.0
2025-12-16 00:00:00-05:00,33.33000183105469,33.709999084472656,32.9900016784668,33.119998931884766,223600,0.0,0.0
2025-12-17 00:00:00-05:00,32.97999954223633,34.34000015258789,32.97999954223633,34.060001373291016,246200,0.0,0.0
2025-12-18 00:00:00-05:00,34.220001220703125,34.459999084472656,33.7400016784668,33.90999984741211,161700,0.0,0.0
2025-12-19 00:00:00-05:00,33.7599983215332,34.0099983215332,33.31999969482422,33.90999984741211,910100,0.0,0.0
2025-12-22 00:00:00-05:00,34.150001525878906,34.970001220703125,33.83000183105469,34.36000061035156,220100,0.0,0.0
2025-12-23 00:00:00-05:00,34.36000061035156,34.70000076293945,34.08000183105469,34.33000183105469,209400,0.0,0.0
2025-12-24 00:00:00-05:00,34.22999954223633,34.33000183105469,33.68000030517578,34.130001068115234,69700,0.0,0.0
2025-12-26 00:00:00-05:00,34.04999923706055,34.2599983215332,33.63999938964844,34.18000030517578,140400,0.0,0.0
2025-12-29 00:00:00-05:00,34.02000045776367,34.20000076293945,33.20000076293945,33.27000045776367,170800,0.0,0.0
2025-12-30 00:00:00-05:00,33.470001220703125,33.790000915527344,32.720001220703125,32.72999954223633,189600,0.0,0.0
2025-12-31 00:00:00-05:00,32.7400016784668,32.849998474121094,32.060001373291016,32.31999969482422,141100,0.0,0.0
2026-01-02 00:00:00-05:00,32.209999084472656,32.81999969482422,31.899999618530273,32.400001525878906,183600,0.0,0.0
2026-01-05 00:00:00-05:00,32.5,33.40999984741211,31.68000030517578,31.920000076293945,209900,0.0,0.0
2026-01-06 00:00:00-05:00,31.65999984741211,32.150001525878906,31.299999237060547,32.040000915527344,224400,0.0,0.0
2026-01-07 00:00:00-05:00,32.0,32.209999084472656,31.260000228881836,31.8799991607666,168500,0.0,0.0
2026-01-08 00:00:00-05:00,31.8799991607666,32.7400016784668,31.709999084472656,32.70000076293945,134000,0.0,0.0
2026-01-09 00:00:00-05:00,32.779998779296875,33.599998474121094,32.0099983215332,33.099998474121094,166000,0.0,0.0
2026-01-12 00:00:00-05:00,32.939998626708984,33.7599983215332,32.68000030517578,33.540000915527344,155200,0.0,0.0
2026-01-13 00:00:00-05:00,33.709999084472656,34.040000915527344,33.33000183105469,33.59000015258789,132900,0.0,0.0
2026-01-14 00:00:00-05:00,33.7599983215332,34.029998779296875,33.099998474121094,33.400001525878906,144100,0.0,0.0
2026-01-15 00:00:00-05:00,33.38999938964844,33.849998474121094,33.22999954223633,33.7400016784668,148400,0.0,0.0
2026-01-16 00:00:00-05:00,33.72999954223633,33.91999816894531,33.02000045776367,33.59000015258789,193300,0.0,0.0
2026-01-20 00:00:00-05:00,33.40999984741211,33.84000015258789,33.150001525878906,33.529998779296875,131000,0.0,0.0
2026-01-21 00:00:00-05:00,33.779998779296875,35.220001220703125,33.779998779296875,34.9900016784668,151500,0.0,0.0
2026-01-22 00:00:00-05:00,34.959999084472656,35.18000030517578,34.560001373291016,34.560001373291016,150000,0.0,0.0
2026-01-23 00:00:00-05:00,34.630001068115234,34.93000030517578,33.939998626708984,34.0,110800,0.0,0.0
2026-01-26 00:00:00-05:00,34.130001068115234,34.130001068115234,33.36000061035156,33.400001525878906,109700,0.0,0.0
2026-01-27 00:00:00-05:00,33.290000915527344,33.790000915527344,33.150001525878906,33.459999084472656,127100,0.0,0.0
2026-01-28 00:00:00-05:00,33.709999084472656,34.06999969482422,33.349998474121094,33.599998474121094,129400,0.0,0.0
2026-01-29 00:00:00-05:00,33.90999984741211,34.45000076293945,33.54999923706055,34.380001068115234,188400,0.0,0.0
2026-01-30 00:00:00-05:00,33.91999816894531,34.25,33.25,33.810001373291016,279600,0.0,0.0
2026-02-02 00:00:00-05:00,33.47999954223633,34.7400016784668,33.47999954223633,34.310001373291016,148900,0.0,0.0
2026-02-03 00:00:00-05:00,34.15999984741211,34.54999923706055,32.70000076293945,34.52000045776367,210900,0.0,0.0
2026-02-04 00:00:00-05:00,34.779998779296875,35.25,34.02000045776367,34.36000061035156,135000,0.0,0.0
2026-02-05 00:00:00-05:00,34.279998779296875,34.900001525878906,34.0099983215332,34.59000015258789,198300,0.0,0.0
2026-02-06 00:00:00-05:00,35.0,36.18000030517578,34.61000061035156,35.540000915527344,212200,0.0,0.0
2026-02-09 00:00:00-05:00,35.68000030517578,35.91999816894531,35.18000030517578,35.36000061035156,185300,0.0,0.0
2026-02-10 00:00:00-05:00,35.29999923706055,35.529998779296875,35.040000915527344,35.11000061035156,215300,0.0,0.0
2026-02-11 00:00:00-05:00,35.61000061035156,36.279998779296875,35.25,35.68000030517578,194600,0.0,0.0
2026-02-12 00:00:00-05:00,35.88999938964844,36.0,32.81999969482422,32.88999938964844,161300,0.0,0.0
2026-02-13 00:00:00-05:00,32.650001525878906,33.4900016784668,32.27000045776367,33.16999816894531,143400,0.0,0.0
2026-02-17 00:00:00-05:00,33.33000183105469,33.380001068115234,32.630001068115234,33.099998474121094,157000,0.0,0.0
2026-02-18 00:00:00-05:00,33.36000061035156,33.939998626708984,33.11000061035156,33.5099983215332,129400,0.0,0.0
2026-02-19 00:00:00-05:00,33.459999084472656,34.220001220703125,33.36000061035156,34.119998931884766,160200,0.0,0.0
2026-02-20 00:00:00-05:00,33.810001373291016,34.220001220703125,33.58000183105469,34.18000030517578,308800,0.0,0.0
2026-02-23 00:00:00-05:00,34.380001068115234,34.5099983215332,33.11000061035156,33.83000183105469,168600,0.0,0.0
2026-02-24 00:00:00-05:00,33.93000030517578,34.349998474121094,33.70000076293945,34.349998474121094,145700,0.0,0.0
2026-02-25 00:00:00-05:00,34.619998931884766,35.18000030517578,34.209999084472656,35.13999938964844,112400,0.0,0.0
2026-02-26 00:00:00-05:00,35.13999938964844,35.7599983215332,34.83000183105469,35.75,131400,0.0,0.0
2026-02-27 00:00:00-05:00,35.40999984741211,35.630001068115234,34.849998474121094,35.560001373291016,196900,0.0,0.0
2026-03-02 00:00:00-05:00,36.06999969482422,36.36000061035156,34.900001525878906,35.849998474121094,162500,0.0,0.0
2026-03-03 00:00:00-05:00,35.599998474121094,36.5099983215332,34.47999954223633,36.16999816894531,150300,0.0,0.0
2026-03-04 00:00:00-05:00,36.15999984741211,37.83000183105469,35.9900016784668,37.540000915527344,147900,0.0,0.0
2026-03-05 00:00:00-05:00,37.349998474121094,37.599998474121094,36.68000030517578,37.290000915527344,129500,0.0,0.0
2026-03-06 00:00:00-05:00,36.869998931884766,37.65999984741211,36.09000015258789,37.380001068115234,143400,0.0,0.0
2026-03-09 00:00:00-04:00,37.2599983215332,38.150001525878906,36.720001220703125,37.349998474121094,177600,0.0,0.0
2026-03-10 00:00:00-04:00,37.34000015258789,38.66999816894531,36.939998626708984,38.04999923706055,208100,0.0,0.0
2026-03-11 00:00:00-04:00,37.790000915527344,39.849998474121094,37.709999084472656,39.65999984741211,208600,0.0,0.0
2026-03-12 00:00:00-04:00,39.38999938964844,40.36000061035156,39.119998931884766,39.54999923706055,224500,0.0,0.0
2026-03-13 00:00:00-04:00,39.84000015258789,40.66999816894531,38.83000183105469,40.33000183105469,236400,0.0,0.0
2026-03-16 00:00:00-04:00,40.25,41.119998931884766,39.77000045776367,40.040000915527344,188300,0.0,0.0
2026-03-17 00:00:00-04:00,40.529998779296875,41.4900016784668,40.529998779296875,41.18000030517578,158500,0.0,0.0
2026-03-18 00:00:00-04:00,41.209999084472656,41.790000915527344,40.529998779296875,40.84000015258789,229200,0.0,0.0
2026-03-19 00:00:00-04:00,40.7400016784668,41.75,40.2599983215332,40.68000030517578,192600,0.0,0.0
2026-03-20 00:00:00-04:00,40.880001068115234,40.880001068115234,38.380001068115234,38.709999084472656,774600,0.0,0.0
2026-03-23 00:00:00-04:00,38.79999923706055,39.959999084472656,38.709999084472656,39.40999984741211,260100,0.0,0.0
2026-03-24 00:00:00-04:00,39.04999923706055,41.150001525878906,38.90999984741211,40.7599983215332,228100,0.0,0.0
2026-03-25 00:00:00-04:00,40.81999969482422,41.41999816894531,40.279998779296875,41.380001068115234,188300,0.0,0.0
2026-03-26 00:00:00-04:00,40.560001373291016,45.0,40.560001373291016,44.08000183105469,359800,0.0,0.0
2026-03-27 00:00:00-04:00,44.439998626708984,47.7400016784668,43.97999954223633,47.72999954223633,400300,0.0,0.0
2026-03-30 00:00:00-04:00,48.63999938964844,48.63999938964844,45.810001373291016,47.63999938964844,378400,0.0,0.0
2026-03-31 00:00:00-04:00,47.97999954223633,48.65999984741211,44.970001220703125,45.56999969482422,383000,0.0,0.0
2026-04-01 00:00:00-04:00,44.630001068115234,45.099998474121094,41.970001220703125,44.459999084472656,328500,0.0,0.0
2026-04-02 00:00:00-04:00,45.04999923706055,45.900001525878906,44.459999084472656,45.40999984741211,196100,0.0,0.0
2026-04-06 00:00:00-04:00,44.9900016784668,45.38999938964844,44.61000061035156,45.0099983215332,240900,0.0,0.0
2026-04-07 00:00:00-04:00,45.119998931884766,45.97999954223633,45.040000915527344,45.869998931884766,227600,0.0,0.0
2026-04-08 00:00:00-04:00,44.560001373291016,45.45000076293945,43.04999923706055,44.529998779296875,292600,0.0,0.0
2026-04-09 00:00:00-04:00,44.68000030517578,45.31999969482422,43.93000030517578,44.279998779296875,194200,0.0,0.0
2026-04-10 00:00:00-04:00,44.02000045776367,44.29999923706055,43.349998474121094,44.209999084472656,130000,0.0,0.0
2026-04-13 00:00:00-04:00,44.7400016784668,44.880001068115234,42.68000030517578,43.08000183105469,200200,0.0,0.0
2026-04-14 00:00:00-04:00,42.68000030517578,43.060001373291016,42.099998474121094,43.040000915527344,176600,0.0,0.0
2026-04-15 00:00:00-04:00,42.810001373291016,43.43000030517578,42.47999954223633,43.11000061035156,116500,0.0,0.0
2026-04-16 00:00:00-04:00,43.0099983215332,43.72999954223633,42.36000061035156,43.56999969482422,223200,0.0,0.0
2026-04-17 00:00:00-04:00,42.58000183105469,43.060001373291016,41.380001068115234,43.04999923706055,407500,0.0,0.0
2026-04-20 00:00:00-04:00,43.20000076293945,44.22999954223633,43.11000061035156,43.709999084472656,171400,0.0,0.0
2026-04-21 00:00:00-04:00,43.849998474121094,45.27000045776367,43.68000030517578,44.95000076293945,175600,0.0,0.0
2026-04-22 00:00:00-04:00,45.209999084472656,45.40999984741211,44.66999816894531,45.400001525878906,141800,0.0,0.0
2026-04-23 00:00:00-04:00,45.72999954223633,46.849998474121094,45.290000915527344,46.54999923706055,171100,0.0,0.0
2026-04-24 00:00:00-04:00,46.33000183105469,46.75,45.59000015258789,46.7400016784668,149300,0.0,0.0
2026-04-27 00:00:00-04:00,47.11000061035156,47.56999969482422,46.529998779296875,47.25,139100,0.0,0.0
2026-04-28 00:00:00-04:00,47.189998626708984,47.959999084472656,46.7400016784668,47.279998779296875,119700,0.0,0.0
2026-04-29 00:00:00-04:00,47.599998474121094,48.83000183105469,47.29999923706055,48.40999984741211,138900,0.0,0.0
2026-04-30 00:00:00-04:00,47.869998931884766,48.90999984741211,47.7599983215332,48.5,185900,0.0,0.0
2026-05-01 00:00:00-04:00,48.43000030517578,50.11000061035156,48.43000030517578,49.970001220703125,135700,0.0,0.0
2026-05-04 00:00:00-04:00,49.97999954223633,51.36000061035156,49.4900016784668,51.15999984741211,171600,0.0,0.0
2026-05-05 00:00:00-04:00,51.130001068115234,53.36000061035156,51.099998474121094,51.130001068115234,146700,0.0,0.0
2026-05-06 00:00:00-04:00,50.310001373291016,50.310001373291016,47.560001373291016,48.02000045776367,208200,0.0,0.0
2026-05-07 00:00:00-04:00,47.970001220703125,48.93000030517578,47.029998779296875,48.68000030517578,192800,0.0,0.0
2026-05-08 00:00:00-04:00,48.584999084472656,50.220001220703125,48.35499954223633,49.68000030517578,93103,0.0,0.0
