Date,Open,High,Low,Close,Volume,Dividends,Stock Splits
2022-01-03 00:00:00-05:00,243.07000732421875,246.02000427246094,234.6699981689453,236.85000610351562,444300,0.0,0.0
2022-01-04 00:00:00-05:00,237.89999389648438,243.4600067138672,235.64500427246094,237.88999938964844,230600,0.0,0.0
2022-01-05 00:00:00-05:00,236.6199951171875,239.30999755859375,226.8000030517578,226.83999633789062,427000,0.0,0.0
2022-01-06 00:00:00-05:00,226.39999389648438,230.47000122070312,220.7030029296875,224.9499969482422,242900,0.0,0.0
2022-01-07 00:00:00-05:00,225.1199951171875,225.1199951171875,209.07000732421875,209.30999755859375,470100,0.0,0.0
2022-01-10 00:00:00-05:00,206.3300018310547,208.14999389648438,197.72000122070312,205.2899932861328,555100,0.0,0.0
2022-01-11 00:00:00-05:00,205.3000030517578,207.41799926757812,201.2100067138672,206.0500030517578,188600,0.0,0.0
2022-01-12 00:00:00-05:00,207.7100067138672,211.74000549316406,205.3820037841797,210.1300048828125,244800,0.0,0.0
2022-01-13 00:00:00-05:00,210.44000244140625,212.86000061035156,208.08999633789062,209.75,293400,0.0,0.0
2022-01-14 00:00:00-05:00,206.5,206.5,200.61000061035156,204.5500030517578,297200,0.0,0.0
2022-01-18 00:00:00-05:00,200.39999389648438,202.13999938964844,194.1999969482422,194.64999389648438,326700,0.0,0.0
2022-01-19 00:00:00-05:00,196.77999877929688,198.82000732421875,192.94000244140625,193.42999267578125,363700,0.0,0.0
2022-01-20 00:00:00-05:00,195.58999633789062,197.4600067138672,184.36000061035156,184.97999572753906,265700,0.0,0.0
2022-01-21 00:00:00-05:00,183.4600067138672,186.4199981689453,180.52000427246094,181.82000732421875,344400,0.0,0.0
2022-01-24 00:00:00-05:00,176.82000732421875,186.6199951171875,172.4149932861328,186.24000549316406,427300,0.0,0.0
2022-01-25 00:00:00-05:00,181.5,181.5,173.89999389648438,174.27999877929688,524700,0.0,0.0
2022-01-26 00:00:00-05:00,178.3300018310547,183.62399291992188,172.6999969482422,174.6300048828125,406000,0.0,0.0
2022-01-27 00:00:00-05:00,177.9199981689453,177.92999267578125,170.2100067138672,170.91000366210938,324000,0.0,0.0
2022-01-28 00:00:00-05:00,172.27000427246094,174.9199981689453,167.77000427246094,174.39999389648438,307600,0.0,0.0
2022-01-31 00:00:00-05:00,175.3699951171875,180.49000549316406,173.26499938964844,180.1199951171875,353700,0.0,0.0
2022-02-01 00:00:00-05:00,180.99000549316406,184.97999572753906,176.83999633789062,184.44000244140625,348300,0.0,0.0
2022-02-02 00:00:00-05:00,186.8300018310547,187.80999755859375,183.27999877929688,186.0800018310547,284200,0.0,0.0
2022-02-03 00:00:00-05:00,182.77000427246094,184.8000030517578,178.7899932861328,178.9499969482422,183400,0.0,0.0
2022-02-04 00:00:00-05:00,178.47999572753906,182.17999267578125,176.8699951171875,181.14999389648438,468000,0.0,0.0
2022-02-07 00:00:00-05:00,180.67999267578125,181.91000366210938,178.72000122070312,179.89999389648438,352900,0.0,0.0
2022-02-08 00:00:00-05:00,178.66000366210938,183.89999389648438,177.3000030517578,182.8699951171875,224700,0.0,0.0
2022-02-09 00:00:00-05:00,185.47999572753906,189.27000427246094,185.47999572753906,188.94000244140625,216800,0.0,0.0
2022-02-10 00:00:00-05:00,184.47000122070312,188.2100067138672,176.88999938964844,179.39999389648438,305800,0.0,0.0
2022-02-11 00:00:00-05:00,180.47999572753906,181.35000610351562,170.91000366210938,173.2899932861328,379500,0.0,0.0
2022-02-14 00:00:00-05:00,173.69000244140625,181.4499969482422,173.69000244140625,177.05999755859375,395800,0.0,0.0
2022-02-15 00:00:00-05:00,180.88999938964844,184.10000610351562,178.60000610351562,183.49000549316406,420400,0.0,0.0
2022-02-16 00:00:00-05:00,189.7899932861328,191.64999389648438,181.11000061035156,183.0,517400,0.0,0.0
2022-02-17 00:00:00-05:00,181.5500030517578,181.71499633789062,169.7899932861328,169.85000610351562,508100,0.0,0.0
2022-02-18 00:00:00-05:00,168.8699951171875,170.83999633789062,162.72999572753906,165.80999755859375,625300,0.0,0.0
2022-02-22 00:00:00-05:00,163.2100067138672,165.5399932861328,159.1999969482422,160.3300018310547,408300,0.0,0.0
2022-02-23 00:00:00-05:00,161.74000549316406,163.42999267578125,156.1699981689453,156.41000366210938,275200,0.0,0.0
2022-02-24 00:00:00-05:00,150.17999267578125,167.85000610351562,150.0,167.49000549316406,345900,0.0,0.0
2022-02-25 00:00:00-05:00,167.42999267578125,172.2899932861328,163.77000427246094,171.58999633789062,324900,0.0,0.0
2022-02-28 00:00:00-05:00,169.97000122070312,174.6649932861328,169.97000122070312,172.42999267578125,291100,0.0,0.0
2022-03-01 00:00:00-05:00,171.1300048828125,174.1439971923828,167.0399932861328,169.19000244140625,276100,0.0,0.0
2022-03-02 00:00:00-05:00,171.35000610351562,174.64999389648438,171.14999389648438,173.6199951171875,221800,0.0,0.0
2022-03-03 00:00:00-05:00,176.30999755859375,176.30999755859375,170.0800018310547,171.25,240300,0.0,0.0
2022-03-04 00:00:00-05:00,170.8800048828125,171.25999450683594,165.50999450683594,167.0,187400,0.0,0.0
2022-03-07 00:00:00-05:00,166.9199981689453,168.125,157.0,157.3699951171875,401800,0.0,0.0
2022-03-08 00:00:00-05:00,156.47000122070312,167.27999877929688,155.47000122070312,164.72999572753906,422500,0.0,0.0
2022-03-09 00:00:00-05:00,168.83999633789062,173.61500549316406,167.05999755859375,172.8699951171875,303200,0.0,0.0
2022-03-10 00:00:00-05:00,169.08999633789062,173.0500030517578,168.05999755859375,172.8000030517578,260000,0.0,0.0
2022-03-11 00:00:00-05:00,175.35000610351562,176.5399932861328,172.36000061035156,173.66000366210938,250400,0.0,0.0
2022-03-14 00:00:00-04:00,174.85000610351562,176.1999969482422,169.2899932861328,169.5800018310547,346700,0.0,0.0
2022-03-15 00:00:00-04:00,170.92999267578125,174.9499969482422,169.92999267578125,174.33999633789062,170200,0.0,0.0
2022-03-16 00:00:00-04:00,176.69000244140625,179.85000610351562,171.81500244140625,176.7100067138672,333600,0.0,0.0
2022-03-17 00:00:00-04:00,175.35000610351562,182.72000122070312,173.97500610351562,182.57000732421875,204800,0.0,0.0
2022-03-18 00:00:00-04:00,180.88999938964844,183.8249969482422,178.58999633789062,183.66000366210938,230700,0.0,0.0
2022-03-21 00:00:00-04:00,183.66000366210938,184.19000244140625,176.27499389648438,179.07000732421875,295900,0.0,0.0
2022-03-22 00:00:00-04:00,179.50999450683594,182.07000732421875,177.13400268554688,179.05999755859375,258300,0.0,0.0
2022-03-23 00:00:00-04:00,178.0800018310547,178.13999938964844,170.1199951171875,171.05999755859375,306900,0.0,0.0
2022-03-24 00:00:00-04:00,172.0399932861328,173.58999633789062,164.14999389648438,167.25999450683594,372000,0.0,0.0
2022-03-25 00:00:00-04:00,167.9199981689453,168.19000244140625,160.16000366210938,162.3699951171875,361000,0.0,0.0
2022-03-28 00:00:00-04:00,161.88999938964844,164.5,158.44000244140625,164.25,342200,0.0,0.0
2022-03-29 00:00:00-04:00,169.33999633789062,175.77999877929688,168.5800018310547,172.82000732421875,746300,0.0,0.0
2022-03-30 00:00:00-04:00,170.77999877929688,171.4980010986328,163.8699951171875,165.6199951171875,335600,0.0,0.0
2022-03-31 00:00:00-04:00,164.6999969482422,165.27000427246094,161.42999267578125,161.69000244140625,585100,0.0,0.0
2022-04-01 00:00:00-04:00,162.8300018310547,166.1199951171875,161.00999450683594,164.02000427246094,557100,0.0,0.0
2022-04-04 00:00:00-04:00,164.0,165.5800018310547,162.00999450683594,164.5800018310547,445400,0.0,0.0
2022-04-05 00:00:00-04:00,165.3300018310547,165.75999450683594,159.0330047607422,161.0,427900,0.0,0.0
2022-04-06 00:00:00-04:00,158.97999572753906,159.7899932861328,150.0,153.3000030517578,624300,0.0,0.0
2022-04-07 00:00:00-04:00,153.08999633789062,154.75,148.52999877929688,152.89999389648438,385600,0.0,0.0
2022-04-08 00:00:00-04:00,153.0399932861328,154.9499969482422,150.25,150.6699981689453,238200,0.0,0.0
2022-04-11 00:00:00-04:00,148.6199951171875,153.52000427246094,148.3699951171875,149.66000366210938,395600,0.0,0.0
2022-04-12 00:00:00-04:00,152.1300048828125,155.02000427246094,148.2100067138672,148.4600067138672,328900,0.0,0.0
2022-04-13 00:00:00-04:00,148.42999267578125,151.30499267578125,148.13099670410156,150.1699981689453,380200,0.0,0.0
2022-04-14 00:00:00-04:00,151.05999755859375,151.86000061035156,146.14500427246094,147.0,377900,0.0,0.0
2022-04-18 00:00:00-04:00,147.0500030517578,147.89999389648438,143.0399932861328,144.02000427246094,299900,0.0,0.0
2022-04-19 00:00:00-04:00,144.49000549316406,151.6300048828125,144.26499938964844,149.5399932861328,349600,0.0,0.0
2022-04-20 00:00:00-04:00,150.22999572753906,152.22000122070312,148.77000427246094,150.61000061035156,324800,0.0,0.0
2022-04-21 00:00:00-04:00,153.30999755859375,155.61000061035156,148.41000366210938,149.66000366210938,381300,0.0,0.0
2022-04-22 00:00:00-04:00,148.33999633789062,149.25999450683594,142.8800048828125,144.24000549316406,288400,0.0,0.0
2022-04-25 00:00:00-04:00,143.39999389648438,148.77000427246094,141.5800018310547,148.57000732421875,271000,0.0,0.0
2022-04-26 00:00:00-04:00,146.9499969482422,148.33999633789062,143.66000366210938,144.22999572753906,397100,0.0,0.0
2022-04-27 00:00:00-04:00,143.75999450683594,147.14999389648438,141.50999450683594,142.1300048828125,277200,0.0,0.0
2022-04-28 00:00:00-04:00,144.41000366210938,147.5,139.5399932861328,145.0,224000,0.0,0.0
2022-04-29 00:00:00-04:00,143.47999572753906,146.80999755859375,140.47999572753906,141.02999877929688,291000,0.0,0.0
2022-05-02 00:00:00-04:00,140.64999389648438,143.8699951171875,138.44000244140625,142.69000244140625,298600,0.0,0.0
2022-05-03 00:00:00-04:00,142.3000030517578,145.0,139.9199981689453,143.5399932861328,618200,0.0,0.0
2022-05-04 00:00:00-04:00,143.55999755859375,146.0050048828125,132.96499633789062,145.47000122070312,756600,0.0,0.0
2022-05-05 00:00:00-04:00,141.64999389648438,143.39500427246094,129.1999969482422,132.41000366210938,533800,0.0,0.0
2022-05-06 00:00:00-04:00,130.89999389648438,134.41000366210938,125.11000061035156,132.6699981689453,899100,0.0,0.0
2022-05-09 00:00:00-04:00,129.61000061035156,133.9199981689453,124.55999755859375,125.04000091552734,806000,0.0,0.0
2022-05-10 00:00:00-04:00,127.80000305175781,128.47000122070312,121.93000030517578,127.02999877929688,565200,0.0,0.0
2022-05-11 00:00:00-04:00,126.0199966430664,129.89999389648438,119.6500015258789,119.83000183105469,457900,0.0,0.0
2022-05-12 00:00:00-04:00,118.16000366210938,127.26000213623047,117.81999969482422,125.77999877929688,575400,0.0,0.0
2022-05-13 00:00:00-04:00,128.14999389648438,134.80999755859375,128.14999389648438,132.9600067138672,474600,0.0,0.0
2022-05-16 00:00:00-04:00,131.6199951171875,133.3000030517578,128.50999450683594,130.33999633789062,340800,0.0,0.0
2022-05-17 00:00:00-04:00,133.75999450683594,135.6300048828125,128.61000061035156,130.25,264900,0.0,0.0
2022-05-18 00:00:00-04:00,127.4800033569336,129.66000366210938,122.73999786376953,123.61000061035156,288000,0.0,0.0
2022-05-19 00:00:00-04:00,123.05999755859375,127.94499969482422,123.05999755859375,125.4000015258789,233100,0.0,0.0
2022-05-20 00:00:00-04:00,127.55000305175781,127.55000305175781,121.0199966430664,125.62999725341797,296400,0.0,0.0
2022-05-23 00:00:00-04:00,126.25,126.71800231933594,122.08000183105469,125.66999816894531,221600,0.0,0.0
2022-05-24 00:00:00-04:00,125.0,125.0,117.66000366210938,119.77999877929688,354100,0.0,0.0
2022-05-25 00:00:00-04:00,118.5,127.3499984741211,118.14600372314453,126.91000366210938,531100,0.0,0.0
2022-05-26 00:00:00-04:00,127.0,131.4149932861328,127.0,129.58999633789062,276700,0.0,0.0
2022-05-27 00:00:00-04:00,131.85000610351562,137.5399932861328,131.0399932861328,137.4499969482422,332400,0.0,0.0
2022-05-31 00:00:00-04:00,136.3300018310547,136.49000549316406,132.2899932861328,134.27000427246094,600200,0.0,0.0
2022-06-01 00:00:00-04:00,134.63999938964844,136.1699981689453,128.5800018310547,131.58999633789062,192500,0.0,0.0
2022-06-02 00:00:00-04:00,132.75999450683594,136.33999633789062,132.75999450683594,136.05999755859375,165100,0.0,0.0
2022-06-03 00:00:00-04:00,134.11000061035156,136.0399932861328,132.72999572753906,133.36000061035156,152900,0.0,0.0
2022-06-06 00:00:00-04:00,135.72999572753906,135.88999938964844,133.24000549316406,134.97999572753906,194400,0.0,0.0
2022-06-07 00:00:00-04:00,132.49000549316406,136.5500030517578,132.2100067138672,136.0399932861328,141900,0.0,0.0
2022-06-08 00:00:00-04:00,134.75,135.1699981689453,131.27000427246094,132.16000366210938,227100,0.0,0.0
2022-06-09 00:00:00-04:00,131.67999267578125,134.64999389648438,130.49000549316406,131.02000427246094,152500,0.0,0.0
2022-06-10 00:00:00-04:00,128.4199981689453,128.72000122070312,123.9000015258789,124.2300033569336,245400,0.0,0.0
2022-06-13 00:00:00-04:00,120.08999633789062,122.16500091552734,117.19000244140625,118.41000366210938,244900,0.0,0.0
2022-06-14 00:00:00-04:00,117.80999755859375,118.83000183105469,114.76000213623047,117.4000015258789,273700,0.0,0.0
2022-06-15 00:00:00-04:00,119.52999877929688,120.58999633789062,115.38999938964844,117.70999908447266,216200,0.0,0.0
2022-06-16 00:00:00-04:00,113.97000122070312,114.20999908447266,108.7699966430664,109.5199966430664,253400,0.0,0.0
2022-06-17 00:00:00-04:00,110.06999969482422,114.0199966430664,110.06999969482422,112.33999633789062,421300,0.0,0.0
2022-06-21 00:00:00-04:00,113.26000213623047,115.44999694824219,111.1500015258789,112.23999786376953,428500,0.0,0.0
2022-06-22 00:00:00-04:00,110.02999877929688,113.16999816894531,109.52999877929688,112.56999969482422,258000,0.0,0.0
2022-06-23 00:00:00-04:00,112.94000244140625,119.12000274658203,112.5,118.91000366210938,263200,0.0,0.0
2022-06-24 00:00:00-04:00,119.97000122070312,126.62999725341797,119.97000122070312,126.13999938964844,594800,0.0,0.0
2022-06-27 00:00:00-04:00,126.19999694824219,127.41999816894531,122.43000030517578,122.83000183105469,394900,0.0,0.0
2022-06-28 00:00:00-04:00,123.4000015258789,124.0,118.05999755859375,118.3499984741211,214200,0.0,0.0
2022-06-29 00:00:00-04:00,117.77999877929688,117.83999633789062,114.94999694824219,117.19999694824219,304400,0.0,0.0
2022-06-30 00:00:00-04:00,116.31999969482422,119.33999633789062,114.5,118.87000274658203,284000,0.0,0.0
2022-07-01 00:00:00-04:00,119.05000305175781,122.84300231933594,117.22000122070312,120.19000244140625,279000,0.0,0.0
2022-07-05 00:00:00-04:00,117.5199966430664,123.2249984741211,116.27999877929688,122.70999908447266,337400,0.0,0.0
2022-07-06 00:00:00-04:00,122.88999938964844,123.94999694824219,120.0199966430664,121.81999969482422,190200,0.0,0.0
2022-07-07 00:00:00-04:00,123.47000122070312,125.5,121.77999877929688,125.2300033569336,200600,0.0,0.0
2022-07-08 00:00:00-04:00,123.38999938964844,125.12200164794922,122.02999877929688,124.22000122070312,141300,0.0,0.0
2022-07-11 00:00:00-04:00,123.63999938964844,124.3499984741211,122.3499984741211,123.05999755859375,155100,0.0,0.0
2022-07-12 00:00:00-04:00,122.58999633789062,125.94999694824219,121.51000213623047,122.5,228700,0.0,0.0
2022-07-13 00:00:00-04:00,119.4000015258789,121.38500213623047,116.5999984741211,120.38999938964844,192500,0.0,0.0
2022-07-14 00:00:00-04:00,116.5,119.93000030517578,115.87000274658203,119.54000091552734,234600,0.0,0.0
2022-07-15 00:00:00-04:00,122.11000061035156,123.72000122070312,120.21499633789062,122.87999725341797,206200,0.0,0.0
2022-07-18 00:00:00-04:00,124.06999969482422,125.12000274658203,120.44000244140625,120.72000122070312,241300,0.0,0.0
2022-07-19 00:00:00-04:00,123.29000091552734,125.72000122070312,121.41999816894531,125.56999969482422,215600,0.0,0.0
2022-07-20 00:00:00-04:00,126.54000091552734,127.69999694824219,124.48999786376953,127.37000274658203,218700,0.0,0.0
2022-07-21 00:00:00-04:00,127.13999938964844,127.16000366210938,123.52999877929688,125.69999694824219,329400,0.0,0.0
2022-07-22 00:00:00-04:00,126.55999755859375,128.94000244140625,124.72000122070312,126.66000366210938,170200,0.0,0.0
2022-07-25 00:00:00-04:00,126.19000244140625,126.25,123.55000305175781,124.91999816894531,188400,0.0,0.0
2022-07-26 00:00:00-04:00,123.94000244140625,125.17500305175781,122.55400085449219,123.97000122070312,204300,0.0,0.0
2022-07-27 00:00:00-04:00,125.87999725341797,128.25999450683594,124.21499633789062,127.33000183105469,218000,0.0,0.0
2022-07-28 00:00:00-04:00,128.1199951171875,135.6300048828125,127.51499938964844,134.85000610351562,307300,0.0,0.0
2022-07-29 00:00:00-04:00,134.7100067138672,139.90499877929688,133.86000061035156,139.3300018310547,305000,0.0,0.0
2022-08-01 00:00:00-04:00,138.97000122070312,142.8300018310547,136.6699981689453,141.97000122070312,517300,0.0,0.0
2022-08-02 00:00:00-04:00,140.2899932861328,144.91000366210938,139.63999938964844,141.17999267578125,390400,0.0,0.0
2022-08-03 00:00:00-04:00,134.36000061035156,136.94000244140625,126.9800033569336,135.94000244140625,1132600,0.0,0.0
2022-08-04 00:00:00-04:00,137.1199951171875,137.50999450683594,134.1199951171875,134.85000610351562,280400,0.0,0.0
2022-08-05 00:00:00-04:00,132.49000549316406,135.44000244140625,132.0399932861328,134.83999633789062,238200,0.0,0.0
2022-08-08 00:00:00-04:00,135.89999389648438,142.13999938964844,135.89999389648438,139.7899932861328,258000,0.0,0.0
2022-08-09 00:00:00-04:00,138.38999938964844,140.4600067138672,131.33999633789062,131.77999877929688,202200,0.0,0.0
2022-08-10 00:00:00-04:00,135.61000061035156,140.94000244140625,135.61000061035156,139.3800048828125,282100,0.0,0.0
2022-08-11 00:00:00-04:00,140.1199951171875,142.1699981689453,137.67999267578125,138.00999450683594,170000,0.0,0.0
2022-08-12 00:00:00-04:00,138.7100067138672,140.88999938964844,138.22000122070312,140.22999572753906,146600,0.0,0.0
2022-08-15 00:00:00-04:00,138.69000244140625,141.01499938964844,138.69000244140625,140.1999969482422,214900,0.0,0.0
2022-08-16 00:00:00-04:00,139.27999877929688,141.8979949951172,137.8300018310547,141.0800018310547,185600,0.0,0.0
2022-08-17 00:00:00-04:00,139.5800018310547,140.3300018310547,137.77000427246094,139.1199951171875,203100,0.0,0.0
2022-08-18 00:00:00-04:00,141.94000244140625,143.97000122070312,140.22000122070312,143.22999572753906,221600,0.0,0.0
2022-08-19 00:00:00-04:00,141.3800048828125,142.86000061035156,137.8000030517578,138.2100067138672,350800,0.0,0.0
2022-08-22 00:00:00-04:00,135.02999877929688,136.3800048828125,133.97000122070312,134.39999389648438,143400,0.0,0.0
2022-08-23 00:00:00-04:00,135.00999450683594,136.25999450683594,132.1999969482422,132.1999969482422,183800,0.0,0.0
2022-08-24 00:00:00-04:00,132.10000610351562,134.1699981689453,131.33999633789062,132.0800018310547,147100,0.0,0.0
2022-08-25 00:00:00-04:00,133.41000366210938,137.52000427246094,133.41000366210938,137.3699951171875,188100,0.0,0.0
2022-08-26 00:00:00-04:00,136.7100067138672,136.9600067138672,129.25,129.63999938964844,211100,0.0,0.0
2022-08-29 00:00:00-04:00,128.24000549316406,128.85000610351562,126.16000366210938,126.30999755859375,148500,0.0,0.0
2022-08-30 00:00:00-04:00,127.75,127.75,124.30000305175781,124.70999908447266,157400,0.0,0.0
2022-08-31 00:00:00-04:00,125.56999969482422,126.80000305175781,124.0,125.16000366210938,247100,0.0,0.0
2022-09-01 00:00:00-04:00,124.23999786376953,124.23999786376953,120.9800033569336,123.26000213623047,166300,0.0,0.0
2022-09-02 00:00:00-04:00,125.52999877929688,126.59300231933594,121.1500015258789,121.9000015258789,134400,0.0,0.0
2022-09-06 00:00:00-04:00,122.9000015258789,123.51000213623047,119.2699966430664,121.55999755859375,153700,0.0,0.0
2022-09-07 00:00:00-04:00,120.62000274658203,125.16999816894531,120.62000274658203,125.12999725341797,104700,0.0,0.0
2022-09-08 00:00:00-04:00,123.63999938964844,126.54000091552734,123.0199966430664,126.52999877929688,183800,0.0,0.0
2022-09-09 00:00:00-04:00,127.27999877929688,129.58599853515625,126.5999984741211,127.86000061035156,182800,0.0,0.0
2022-09-12 00:00:00-04:00,128.11000061035156,128.88999938964844,125.48400115966797,126.0,371800,0.0,0.0
2022-09-13 00:00:00-04:00,121.72000122070312,122.05999755859375,117.31999969482422,117.37000274658203,232900,0.0,0.0
2022-09-14 00:00:00-04:00,117.37999725341797,118.06999969482422,111.5199966430664,113.06999969482422,520200,0.0,0.0
2022-09-15 00:00:00-04:00,112.87000274658203,116.27999877929688,112.27999877929688,113.30999755859375,374800,0.0,0.0
2022-09-16 00:00:00-04:00,111.62000274658203,113.7300033569336,110.7699966430664,113.66999816894531,299600,0.0,0.0
2022-09-19 00:00:00-04:00,112.48999786376953,115.8499984741211,112.48999786376953,114.62000274658203,308000,0.0,0.0
2022-09-20 00:00:00-04:00,113.8499984741211,113.8499984741211,108.44999694824219,111.33000183105469,372000,0.0,0.0
2022-09-21 00:00:00-04:00,112.01000213623047,114.86000061035156,110.37999725341797,110.38999938964844,203000,0.0,0.0
2022-09-22 00:00:00-04:00,109.0999984741211,109.19999694824219,104.56999969482422,105.05999755859375,355100,0.0,0.0
2022-09-23 00:00:00-04:00,103.47000122070312,106.58000183105469,103.08000183105469,106.41000366210938,687100,0.0,0.0
2022-09-26 00:00:00-04:00,105.83000183105469,108.38999938964844,103.18000030517578,103.3499984741211,302700,0.0,0.0
2022-09-27 00:00:00-04:00,105.2699966430664,106.5999984741211,101.38500213623047,102.19000244140625,666900,0.0,0.0
2022-09-28 00:00:00-04:00,103.29000091552734,106.83000183105469,101.05500030517578,105.56999969482422,1005000,0.0,0.0
2022-09-29 00:00:00-04:00,103.91000366210938,104.55999755859375,100.79000091552734,101.37000274658203,403200,0.0,0.0
2022-09-30 00:00:00-04:00,101.37000274658203,105.37999725341797,100.36000061035156,104.13999938964844,661000,0.0,0.0
2022-10-03 00:00:00-04:00,105.58000183105469,109.0,104.39700317382812,108.61000061035156,356500,0.0,0.0
2022-10-04 00:00:00-04:00,111.83999633789062,114.81999969482422,111.20999908447266,113.79000091552734,260900,0.0,0.0
2022-10-05 00:00:00-04:00,111.30999755859375,113.5199966430664,110.58999633789062,112.38999938964844,236800,0.0,0.0
2022-10-06 00:00:00-04:00,111.41000366210938,114.22000122070312,110.97000122070312,111.9800033569336,349400,0.0,0.0
2022-10-07 00:00:00-04:00,109.97000122070312,110.11000061035156,105.29000091552734,106.97000122070312,286700,0.0,0.0
2022-10-10 00:00:00-04:00,107.80000305175781,109.05999755859375,106.11000061035156,107.54000091552734,235700,0.0,0.0
2022-10-11 00:00:00-04:00,106.5999984741211,108.10399627685547,104.66000366210938,106.08999633789062,224000,0.0,0.0
2022-10-12 00:00:00-04:00,106.73999786376953,107.12999725341797,104.48999786376953,107.01000213623047,348300,0.0,0.0
2022-10-13 00:00:00-04:00,103.51000213623047,110.16999816894531,100.01000213623047,108.83999633789062,400300,0.0,0.0
2022-10-14 00:00:00-04:00,110.16000366210938,110.36000061035156,100.94000244140625,101.12999725341797,345600,0.0,0.0
2022-10-17 00:00:00-04:00,104.0199966430664,108.5,102.87000274658203,106.27999877929688,244400,0.0,0.0
2022-10-18 00:00:00-04:00,109.47000122070312,111.55999755859375,107.70999908447266,109.5,235000,0.0,0.0
2022-10-19 00:00:00-04:00,111.19999694824219,111.25,104.23999786376953,105.55999755859375,268500,0.0,0.0
2022-10-20 00:00:00-04:00,104.83000183105469,106.43000030517578,97.36000061035156,100.7699966430664,493700,0.0,0.0
2022-10-21 00:00:00-04:00,100.76000213623047,104.26000213623047,99.43199920654297,104.20999908447266,269500,0.0,0.0
2022-10-24 00:00:00-04:00,105.0,108.88999938964844,104.51000213623047,108.30000305175781,294700,0.0,0.0
2022-10-25 00:00:00-04:00,108.41000366210938,113.33999633789062,108.2750015258789,113.22000122070312,316700,0.0,0.0
2022-10-26 00:00:00-04:00,112.58000183105469,114.63999938964844,110.87000274658203,113.5,396400,0.0,0.0
2022-10-27 00:00:00-04:00,114.69000244140625,119.36000061035156,113.99800109863281,115.95999908447266,472000,0.0,0.0
2022-10-28 00:00:00-04:00,116.2699966430664,122.19000244140625,115.67500305175781,122.02999877929688,456700,0.0,0.0
2022-10-31 00:00:00-04:00,120.43000030517578,121.6449966430664,115.73999786376953,115.87000274658203,453300,0.0,0.0
2022-11-01 00:00:00-04:00,117.7699966430664,119.12000274658203,114.79000091552734,115.16000366210938,462200,0.0,0.0
2022-11-02 00:00:00-04:00,118.23999786376953,120.41000366210938,109.91999816894531,111.0,741000,0.0,0.0
2022-11-03 00:00:00-04:00,108.72000122070312,110.97000122070312,103.45999908447266,108.9800033569336,528400,0.0,0.0
2022-11-04 00:00:00-04:00,111.22000122070312,111.83000183105469,106.79000091552734,109.0199966430664,240500,0.0,0.0
2022-11-07 00:00:00-05:00,109.93000030517578,111.0199966430664,107.43000030517578,110.95999908447266,202500,0.0,0.0
2022-11-08 00:00:00-05:00,112.44999694824219,115.18499755859375,111.0,114.44000244140625,330300,0.0,0.0
2022-11-09 00:00:00-05:00,112.12000274658203,115.95999908447266,112.12000274658203,113.5,257700,0.0,0.0
2022-11-10 00:00:00-05:00,122.38999938964844,133.69000244140625,121.4749984741211,130.6699981689453,563200,0.0,0.0
2022-11-11 00:00:00-05:00,129.5,140.97000122070312,129.5,136.33999633789062,529600,0.0,0.0
2022-11-14 00:00:00-05:00,134.16000366210938,135.24000549316406,127.08000183105469,127.23999786376953,386400,0.0,0.0
2022-11-15 00:00:00-05:00,130.4199981689453,131.72000122070312,127.87000274658203,129.97000122070312,273700,0.0,0.0
2022-11-16 00:00:00-05:00,128.7100067138672,128.9949951171875,125.94000244140625,127.11000061035156,254500,0.0,0.0
2022-11-17 00:00:00-05:00,124.04000091552734,126.1500015258789,119.5199966430664,120.13999938964844,270700,0.0,0.0
2022-11-18 00:00:00-05:00,123.01000213623047,123.01000213623047,118.05000305175781,120.22000122070312,289700,0.0,0.0
2022-11-21 00:00:00-05:00,118.79000091552734,122.12000274658203,118.3499984741211,121.77999877929688,247900,0.0,0.0
2022-11-22 00:00:00-05:00,123.69000244140625,125.06999969482422,123.0250015258789,123.27999877929688,236600,0.0,0.0
2022-11-23 00:00:00-05:00,123.31999969482422,125.13999938964844,122.27999877929688,123.36000061035156,188700,0.0,0.0
2022-11-25 00:00:00-05:00,122.97000122070312,124.44999694824219,122.6500015258789,123.43000030517578,62500,0.0,0.0
2022-11-28 00:00:00-05:00,121.31999969482422,122.5,118.2699966430664,119.04000091552734,154700,0.0,0.0
2022-11-29 00:00:00-05:00,119.04000091552734,121.6500015258789,118.5009994506836,120.68000030517578,243900,0.0,0.0
2022-11-30 00:00:00-05:00,120.68000030517578,125.54000091552734,118.52999877929688,125.52999877929688,243800,0.0,0.0
2022-12-01 00:00:00-05:00,127.08000183105469,129.0,125.88999938964844,127.87999725341797,212900,0.0,0.0
2022-12-02 00:00:00-05:00,125.0199966430664,127.94499969482422,124.76000213623047,126.0999984741211,161800,0.0,0.0
2022-12-05 00:00:00-05:00,123.44999694824219,123.83999633789062,120.57499694824219,120.93000030517578,231500,0.0,0.0
2022-12-06 00:00:00-05:00,120.70999908447266,122.0,117.31500244140625,118.97000122070312,307600,0.0,0.0
2022-12-07 00:00:00-05:00,118.97000122070312,121.27999877929688,118.75,119.48999786376953,216900,0.0,0.0
2022-12-08 00:00:00-05:00,120.22000122070312,123.625,118.88999938964844,122.54000091552734,220900,0.0,0.0
2022-12-09 00:00:00-05:00,121.83999633789062,124.68000030517578,119.19000244140625,119.36000061035156,230000,0.0,0.0
2022-12-12 00:00:00-05:00,120.02999877929688,121.57499694824219,119.29000091552734,120.51000213623047,293200,0.0,0.0
2022-12-13 00:00:00-05:00,127.0,128.99000549316406,121.73999786376953,123.0999984741211,176200,0.0,0.0
2022-12-14 00:00:00-05:00,122.73999786376953,126.1500015258789,121.11000061035156,122.31999969482422,220500,0.0,0.0
2022-12-15 00:00:00-05:00,119.5999984741211,119.94000244140625,116.80000305175781,118.44999694824219,235000,0.0,0.0
2022-12-16 00:00:00-05:00,116.38999938964844,118.55500030517578,115.7300033569336,116.88999938964844,313000,0.0,0.0
2022-12-19 00:00:00-05:00,117.38999938964844,117.40499877929688,114.11000061035156,115.72000122070312,202000,0.0,0.0
2022-12-20 00:00:00-05:00,115.08999633789062,116.37999725341797,114.68000030517578,114.80999755859375,186500,0.0,0.0
2022-12-21 00:00:00-05:00,115.7300033569336,120.05999755859375,115.27999877929688,119.4000015258789,287900,0.0,0.0
2022-12-22 00:00:00-05:00,117.33000183105469,117.41000366210938,113.25499725341797,116.16000366210938,257400,0.0,0.0
2022-12-23 00:00:00-05:00,116.16000366210938,117.52999877929688,114.5,117.5,165500,0.0,0.0
2022-12-27 00:00:00-05:00,117.83000183105469,118.6510009765625,115.81500244140625,116.26000213623047,150400,0.0,0.0
2022-12-28 00:00:00-05:00,116.8499984741211,118.41000366210938,114.30500030517578,114.37999725341797,220600,0.0,0.0
2022-12-29 00:00:00-05:00,115.81999969482422,120.22200012207031,115.81500244140625,119.0199966430664,164100,0.0,0.0
2022-12-30 00:00:00-05:00,117.80999755859375,118.98999786376953,116.31999969482422,117.31999969482422,137900,0.0,0.0
2023-01-03 00:00:00-05:00,120.01000213623047,120.97000122070312,116.12000274658203,117.7699966430664,251800,0.0,0.0
2023-01-04 00:00:00-05:00,119.2699966430664,121.79499816894531,118.24700164794922,120.83000183105469,144500,0.0,0.0
2023-01-05 00:00:00-05:00,119.37999725341797,119.75499725341797,116.94000244140625,118.48999786376953,189100,0.0,0.0
2023-01-06 00:00:00-05:00,120.54000091552734,124.2699966430664,119.41000366210938,123.98999786376953,152400,0.0,0.0
2023-01-09 00:00:00-05:00,125.8499984741211,130.44000244140625,125.0,127.5,288100,0.0,0.0
2023-01-10 00:00:00-05:00,126.2300033569336,129.5,126.2300033569336,129.22999572753906,236600,0.0,0.0
2023-01-11 00:00:00-05:00,129.0399932861328,130.89500427246094,127.37999725341797,129.52000427246094,271500,0.0,0.0
2023-01-12 00:00:00-05:00,131.08999633789062,131.08999633789062,127.33000183105469,129.77000427246094,134800,0.0,0.0
2023-01-13 00:00:00-05:00,128.30999755859375,132.09500122070312,126.67500305175781,132.0399932861328,209300,0.0,0.0
2023-01-17 00:00:00-05:00,132.08999633789062,136.44000244140625,132.0500030517578,132.0500030517578,381000,0.0,0.0
2023-01-18 00:00:00-05:00,132.83999633789062,135.8470001220703,131.6999969482422,132.27999877929688,159200,0.0,0.0
2023-01-19 00:00:00-05:00,130.42999267578125,130.97000122070312,127.13999938964844,130.16000366210938,255100,0.0,0.0
2023-01-20 00:00:00-05:00,131.0399932861328,135.89999389648438,130.0500030517578,135.88999938964844,248000,0.0,0.0
2023-01-23 00:00:00-05:00,135.72000122070312,138.72000122070312,134.72999572753906,138.6699981689453,183300,0.0,0.0
2023-01-24 00:00:00-05:00,138.1699981689453,140.35000610351562,137.25999450683594,138.69000244140625,114900,0.0,0.0
2023-01-25 00:00:00-05:00,136.8300018310547,141.8699951171875,133.71499633789062,141.83999633789062,227700,0.0,0.0
2023-01-26 00:00:00-05:00,143.2899932861328,145.22000122070312,140.67999267578125,144.22999572753906,293700,0.0,0.0
2023-01-27 00:00:00-05:00,142.5399932861328,150.72000122070312,142.5399932861328,147.25999450683594,506200,0.0,0.0
2023-01-30 00:00:00-05:00,145.44000244140625,147.60000610351562,144.44500732421875,145.3000030517578,264600,0.0,0.0
2023-01-31 00:00:00-05:00,146.30999755859375,151.52999877929688,146.30999755859375,151.50999450683594,186200,0.0,0.0
2023-02-01 00:00:00-05:00,150.3800048828125,154.33999633789062,150.3800048828125,153.83999633789062,513100,0.0,0.0
2023-02-02 00:00:00-05:00,157.0800018310547,165.32000732421875,155.61000061035156,164.00999450683594,685000,0.0,0.0
2023-02-03 00:00:00-05:00,160.99000549316406,164.85499572753906,158.0399932861328,159.86000061035156,294100,0.0,0.0
2023-02-06 00:00:00-05:00,157.42999267578125,158.0,153.77000427246094,155.52000427246094,302100,0.0,0.0
2023-02-07 00:00:00-05:00,154.25999450683594,154.60000610351562,150.55999755859375,153.86000061035156,421900,0.0,0.0
2023-02-08 00:00:00-05:00,153.13999938964844,154.4499969482422,151.97999572753906,152.22000122070312,159000,0.0,0.0
2023-02-09 00:00:00-05:00,153.9499969482422,155.63999938964844,149.00999450683594,149.36000061035156,223900,0.0,0.0
2023-02-10 00:00:00-05:00,148.27000427246094,149.02000427246094,145.7899932861328,146.8699951171875,265400,0.0,0.0
2023-02-13 00:00:00-05:00,147.6699981689453,151.58999633789062,146.9600067138672,151.57000732421875,314200,0.0,0.0
2023-02-14 00:00:00-05:00,149.7899932861328,158.05999755859375,149.7899932861328,156.25999450683594,924800,0.0,0.0
2023-02-15 00:00:00-05:00,150.24000549316406,159.61000061035156,145.55999755859375,159.08999633789062,590900,0.0,0.0
2023-02-16 00:00:00-05:00,153.7899932861328,155.63999938964844,151.14999389648438,152.42999267578125,473000,0.0,0.0
2023-02-17 00:00:00-05:00,151.2899932861328,154.42999267578125,151.1199951171875,152.24000549316406,515200,0.0,0.0
2023-02-21 00:00:00-05:00,148.5800018310547,150.99000549316406,145.47000122070312,147.0399932861328,424000,0.0,0.0
2023-02-22 00:00:00-05:00,147.94000244140625,149.94000244140625,145.81500244140625,147.97000122070312,285000,0.0,0.0
2023-02-23 00:00:00-05:00,149.99000549316406,150.00999450683594,145.55999755859375,149.41000366210938,366300,0.0,0.0
2023-02-24 00:00:00-05:00,146.6300048828125,149.32000732421875,146.14999389648438,148.8300018310547,393100,0.0,0.0
2023-02-27 00:00:00-05:00,150.47000122070312,151.77000427246094,147.60000610351562,148.47999572753906,172000,0.0,0.0
2023-02-28 00:00:00-05:00,148.89999389648438,151.1300048828125,148.13999938964844,148.33999633789062,241100,0.0,0.0
2023-03-01 00:00:00-05:00,148.24000549316406,149.35000610351562,144.7899932861328,145.2899932861328,301000,0.0,0.0
2023-03-02 00:00:00-05:00,143.7100067138672,146.94500732421875,142.52000427246094,146.22999572753906,150400,0.0,0.0
2023-03-03 00:00:00-05:00,147.3000030517578,148.88999938964844,146.02999877929688,148.5800018310547,194900,0.0,0.0
2023-03-06 00:00:00-05:00,149.14999389648438,150.19000244140625,144.24000549316406,145.47000122070312,264900,0.0,0.0
2023-03-07 00:00:00-05:00,145.32000732421875,147.3800048828125,143.6199951171875,144.77000427246094,308600,0.0,0.0
2023-03-08 00:00:00-05:00,145.24000549316406,146.3300018310547,143.76499938964844,145.7899932861328,175800,0.0,0.0
2023-03-09 00:00:00-05:00,146.22000122070312,148.64999389648438,143.125,143.4600067138672,390800,0.0,0.0
2023-03-10 00:00:00-05:00,143.6199951171875,143.6199951171875,132.8800048828125,135.60000610351562,797900,0.0,0.0
2023-03-13 00:00:00-04:00,132.85000610351562,137.35000610351562,132.22000122070312,136.0,384400,0.0,0.0
2023-03-14 00:00:00-04:00,139.16000366210938,142.39999389648438,136.6649932861328,138.6999969482422,398100,0.0,0.0
2023-03-15 00:00:00-04:00,135.08999633789062,137.55499267578125,131.32000732421875,134.50999450683594,324500,0.0,0.0
2023-03-16 00:00:00-04:00,133.02999877929688,138.83999633789062,131.47000122070312,137.10000610351562,326800,0.0,0.0
2023-03-17 00:00:00-04:00,136.32000732421875,136.47500610351562,132.73500061035156,132.9499969482422,294800,0.0,0.0
2023-03-20 00:00:00-04:00,132.5399932861328,134.88999938964844,132.5399932861328,133.10000610351562,180000,0.0,0.0
2023-03-21 00:00:00-04:00,135.2100067138672,137.44000244140625,135.1529998779297,136.32000732421875,146900,0.0,0.0
2023-03-22 00:00:00-04:00,135.66000366210938,137.8000030517578,132.9199981689453,132.9199981689453,213000,0.0,0.0
2023-03-23 00:00:00-04:00,133.9199981689453,136.86500549316406,132.33999633789062,133.83999633789062,273700,0.0,0.0
2023-03-24 00:00:00-04:00,132.1699981689453,132.97999572753906,127.55899810791016,130.39999389648438,317300,0.0,0.0
2023-03-27 00:00:00-04:00,132.66000366210938,133.82000732421875,131.26400756835938,133.08999633789062,269400,0.0,0.0
2023-03-28 00:00:00-04:00,132.91000366210938,134.6999969482422,130.9149932861328,131.02999877929688,184000,0.0,0.0
2023-03-29 00:00:00-04:00,133.0800018310547,134.61000061035156,132.19000244140625,133.85000610351562,182900,0.0,0.0
2023-03-30 00:00:00-04:00,135.44000244140625,136.63999938964844,132.91000366210938,133.27999877929688,237200,0.0,0.0
2023-03-31 00:00:00-04:00,134.74000549316406,136.9199981689453,133.74000549316406,136.8699951171875,186800,0.0,0.0
2023-04-03 00:00:00-04:00,135.99000549316406,136.5050048828125,132.8800048828125,134.47999572753906,241800,0.0,0.0
2023-04-04 00:00:00-04:00,135.4199981689453,135.50999450683594,129.2899932861328,130.27999877929688,191800,0.0,0.0
2023-04-05 00:00:00-04:00,128.77999877929688,129.24000549316406,125.5999984741211,127.87000274658203,368500,0.0,0.0
2023-04-06 00:00:00-04:00,127.58999633789062,129.50999450683594,126.52999877929688,129.3699951171875,223300,0.0,0.0
2023-04-10 00:00:00-04:00,131.02999877929688,134.64999389648438,131.02999877929688,133.77000427246094,258500,0.0,0.0
2023-04-11 00:00:00-04:00,134.49000549316406,137.02000427246094,134.49000549316406,136.1699981689453,322000,0.0,0.0
2023-04-12 00:00:00-04:00,138.36000061035156,140.57000732421875,136.0399932861328,136.0500030517578,330600,0.0,0.0
2023-04-13 00:00:00-04:00,136.52000427246094,137.27999877929688,134.58999633789062,136.63999938964844,173100,0.0,0.0
2023-04-14 00:00:00-04:00,136.0,139.5500030517578,134.5,135.85000610351562,225900,0.0,0.0
2023-04-17 00:00:00-04:00,136.4600067138672,137.6199951171875,135.66600036621094,137.5500030517578,179400,0.0,0.0
2023-04-18 00:00:00-04:00,138.52999877929688,139.22999572753906,137.3000030517578,138.58999633789062,163500,0.0,0.0
2023-04-19 00:00:00-04:00,137.80999755859375,139.5800018310547,136.47000122070312,139.41000366210938,150300,0.0,0.0
2023-04-20 00:00:00-04:00,138.35000610351562,141.6300048828125,137.52000427246094,140.50999450683594,197400,0.0,0.0
2023-04-21 00:00:00-04:00,141.13999938964844,141.13999938964844,139.02999877929688,139.80999755859375,165900,0.0,0.0
2023-04-24 00:00:00-04:00,140.0,142.8800048828125,140.0,142.72999572753906,229300,0.0,0.0
2023-04-25 00:00:00-04:00,141.97000122070312,143.16000366210938,141.35000610351562,141.35000610351562,419900,0.0,0.0
2023-04-26 00:00:00-04:00,140.94000244140625,142.0399932861328,139.26499938964844,140.24000549316406,325000,0.0,0.0
2023-04-27 00:00:00-04:00,141.6699981689453,143.50999450683594,140.25,143.49000549316406,241000,0.0,0.0
2023-04-28 00:00:00-04:00,143.4499969482422,148.55999755859375,143.4499969482422,147.74000549316406,236500,0.0,0.0
2023-05-01 00:00:00-04:00,147.75,149.16000366210938,146.16000366210938,147.97000122070312,221400,0.0,0.0
2023-05-02 00:00:00-04:00,146.69000244140625,147.61000061035156,144.27000427246094,147.27000427246094,579300,0.0,0.0
2023-05-03 00:00:00-04:00,154.58999633789062,160.8300018310547,149.2100067138672,156.94000244140625,804100,0.0,0.0
2023-05-04 00:00:00-04:00,155.61000061035156,156.9600067138672,152.47000122070312,153.42999267578125,331500,0.0,0.0
2023-05-05 00:00:00-04:00,154.8300018310547,156.33999633789062,152.19000244140625,152.97999572753906,285100,0.0,0.0
2023-05-08 00:00:00-04:00,153.05999755859375,154.27000427246094,151.9149932861328,153.7100067138672,249800,0.0,0.0
2023-05-09 00:00:00-04:00,153.19000244140625,155.27999877929688,152.47999572753906,153.69000244140625,210800,0.0,0.0
2023-05-10 00:00:00-04:00,155.4199981689453,155.4199981689453,146.7899932861328,148.47000122070312,492600,0.0,0.0
2023-05-11 00:00:00-04:00,148.41000366210938,149.2100067138672,146.27999877929688,148.08999633789062,303900,0.0,0.0
2023-05-12 00:00:00-04:00,148.77000427246094,150.0749969482422,146.9600067138672,148.6300048828125,170500,0.0,0.0
2023-05-15 00:00:00-04:00,148.4499969482422,151.85000610351562,147.76499938964844,150.83999633789062,290000,0.0,0.0
2023-05-16 00:00:00-04:00,149.6699981689453,150.0,147.67999267578125,148.27000427246094,182500,0.0,0.0
2023-05-17 00:00:00-04:00,148.57000732421875,150.02000427246094,147.97999572753906,149.47000122070312,223800,0.0,0.0
2023-05-18 00:00:00-04:00,149.8800048828125,153.02999877929688,149.2550048828125,152.97999572753906,299400,0.0,0.0
2023-05-19 00:00:00-04:00,154.41000366210938,154.61000061035156,148.75799560546875,149.22000122070312,185700,0.0,0.0
2023-05-22 00:00:00-04:00,149.55999755859375,150.52000427246094,148.19000244140625,148.83999633789062,181900,0.0,0.0
2023-05-23 00:00:00-04:00,148.0,148.74000549316406,145.52999877929688,148.07000732421875,392700,0.0,0.0
2023-05-24 00:00:00-04:00,143.44000244140625,144.19000244140625,139.6649932861328,141.25999450683594,403800,0.0,0.0
2023-05-25 00:00:00-04:00,141.24000549316406,142.8699951171875,140.31500244140625,141.99000549316406,261700,0.0,0.0
2023-05-26 00:00:00-04:00,142.13999938964844,143.16000366210938,139.38999938964844,141.11000061035156,269200,0.0,0.0
2023-05-30 00:00:00-04:00,142.5800018310547,143.25,139.55499267578125,140.42999267578125,281200,0.0,0.0
2023-05-31 00:00:00-04:00,139.99000549316406,141.16000366210938,137.1649932861328,137.88999938964844,354400,0.0,0.0
2023-06-01 00:00:00-04:00,137.6199951171875,139.3300018310547,136.75999450683594,138.88999938964844,308300,0.0,0.0
2023-06-02 00:00:00-04:00,141.27000427246094,144.5,140.44000244140625,143.8000030517578,432800,0.0,0.0
2023-06-05 00:00:00-04:00,143.10000610351562,144.13999938964844,142.0,142.72999572753906,335600,0.0,0.0
2023-06-06 00:00:00-04:00,145.24000549316406,152.97000122070312,144.83999633789062,151.3800048828125,489000,0.0,0.0
2023-06-07 00:00:00-04:00,151.9499969482422,154.23500061035156,151.32000732421875,152.8300018310547,428700,0.0,0.0
2023-06-08 00:00:00-04:00,152.3699951171875,153.2550048828125,148.16000366210938,150.05999755859375,289800,0.0,0.0
2023-06-09 00:00:00-04:00,149.5800018310547,149.97500610351562,146.47000122070312,148.1999969482422,174100,0.0,0.0
2023-06-12 00:00:00-04:00,148.89999389648438,151.85499572753906,147.31500244140625,151.6999969482422,161900,0.0,0.0
2023-06-13 00:00:00-04:00,153.19000244140625,156.02499389648438,152.3249969482422,154.7100067138672,213200,0.0,0.0
2023-06-14 00:00:00-04:00,154.9199981689453,156.17999267578125,153.27999877929688,154.82000732421875,196000,0.0,0.0
2023-06-15 00:00:00-04:00,154.8000030517578,159.27999877929688,154.35000610351562,158.88999938964844,203900,0.0,0.0
2023-06-16 00:00:00-04:00,159.13999938964844,160.1699981689453,157.4199981689453,158.7899932861328,463200,0.0,0.0
2023-06-20 00:00:00-04:00,157.08999633789062,162.58999633789062,156.61000061035156,161.82000732421875,362700,0.0,0.0
2023-06-21 00:00:00-04:00,161.75,163.7100067138672,159.6199951171875,160.14999389648438,305500,0.0,0.0
2023-06-22 00:00:00-04:00,159.4499969482422,159.9499969482422,157.08999633789062,159.13999938964844,212700,0.0,0.0
2023-06-23 00:00:00-04:00,157.5800018310547,159.75999450683594,156.47999572753906,157.8800048828125,491800,0.0,0.0
2023-06-26 00:00:00-04:00,157.9600067138672,162.25,157.9600067138672,160.94000244140625,260600,0.0,0.0
2023-06-27 00:00:00-04:00,162.27999877929688,167.61000061035156,161.14999389648438,166.9499969482422,286700,0.0,0.0
2023-06-28 00:00:00-04:00,167.13999938964844,169.25999450683594,166.05999755859375,167.5500030517578,226900,0.0,0.0
2023-06-29 00:00:00-04:00,167.89999389648438,168.42999267578125,165.72999572753906,166.10000610351562,332100,0.0,0.0
2023-06-30 00:00:00-04:00,166.6699981689453,168.42999267578125,165.25999450683594,167.36000061035156,330000,0.0,0.0
2023-07-03 00:00:00-04:00,166.14999389648438,167.02999877929688,163.9600067138672,165.44000244140625,119400,0.0,0.0
2023-07-05 00:00:00-04:00,164.5500030517578,166.7100067138672,162.4499969482422,165.97999572753906,266000,0.0,0.0
2023-07-06 00:00:00-04:00,164.0800018310547,164.69000244140625,160.09500122070312,162.00999450683594,258700,0.0,0.0
2023-07-07 00:00:00-04:00,162.64999389648438,165.6199951171875,162.64999389648438,163.5800018310547,203100,0.0,0.0
2023-07-10 00:00:00-04:00,163.08999633789062,167.6199951171875,162.9949951171875,166.60000610351562,155000,0.0,0.0
2023-07-11 00:00:00-04:00,167.0,169.1199951171875,167.0,168.0800018310547,168400,0.0,0.0
2023-07-12 00:00:00-04:00,170.22000122070312,175.9600067138672,168.97999572753906,174.52999877929688,299100,0.0,0.0
2023-07-13 00:00:00-04:00,176.16000366210938,176.16000366210938,171.6199951171875,171.97999572753906,106600,0.0,0.0
2023-07-14 00:00:00-04:00,171.8000030517578,172.83999633789062,169.13999938964844,171.97000122070312,168200,0.0,0.0
2023-07-17 00:00:00-04:00,170.63999938964844,171.42999267578125,167.97999572753906,168.88999938964844,247300,0.0,0.0
2023-07-18 00:00:00-04:00,169.08999633789062,170.52999877929688,167.24000549316406,168.16000366210938,195300,0.0,0.0
2023-07-19 00:00:00-04:00,167.74000549316406,170.00999450683594,166.1999969482422,166.8000030517578,369200,0.0,0.0
2023-07-20 00:00:00-04:00,166.05999755859375,167.0399932861328,163.5,166.27000427246094,234500,0.0,0.0
2023-07-21 00:00:00-04:00,167.13999938964844,167.75,165.4199981689453,165.99000549316406,136400,0.0,0.0
2023-07-24 00:00:00-04:00,166.9199981689453,168.56500244140625,162.92999267578125,163.0,176300,0.0,0.0
2023-07-25 00:00:00-04:00,163.27000427246094,167.42999267578125,163.03500366210938,166.6999969482422,210600,0.0,0.0
2023-07-26 00:00:00-04:00,165.5,168.5399932861328,165.5,167.91000366210938,146200,0.0,0.0
2023-07-27 00:00:00-04:00,170.00999450683594,170.14999389648438,166.6199951171875,167.36000061035156,120800,0.0,0.0
2023-07-28 00:00:00-04:00,169.42999267578125,170.74000549316406,168.5,170.19000244140625,175900,0.0,0.0
2023-07-31 00:00:00-04:00,170.9199981689453,170.9199981689453,168.94000244140625,170.0,172800,0.0,0.0
2023-08-01 00:00:00-04:00,170.00999450683594,174.39999389648438,169.39500427246094,174.00999450683594,435000,0.0,0.0
2023-08-02 00:00:00-04:00,171.11000061035156,173.1529998779297,158.91000366210938,162.1999969482422,534100,0.0,0.0
2023-08-03 00:00:00-04:00,160.13999938964844,164.35299682617188,155.4199981689453,160.72999572753906,396200,0.0,0.0
2023-08-04 00:00:00-04:00,161.77999877929688,163.74000549316406,160.17999267578125,162.89999389648438,210000,0.0,0.0
2023-08-07 00:00:00-04:00,167.9600067138672,168.61000061035156,164.10000610351562,164.80999755859375,201900,0.0,0.0
2023-08-08 00:00:00-04:00,162.17999267578125,163.55999755859375,158.69000244140625,162.92999267578125,197000,0.0,0.0
2023-08-09 00:00:00-04:00,162.9499969482422,162.9499969482422,160.38999938964844,161.83999633789062,152900,0.0,0.0
2023-08-10 00:00:00-04:00,162.42999267578125,164.16000366210938,161.74000549316406,163.1199951171875,118000,0.0,0.0
2023-08-11 00:00:00-04:00,162.57000732421875,164.22999572753906,161.8699951171875,161.9199981689453,158500,0.0,0.0
2023-08-14 00:00:00-04:00,161.72000122070312,163.51499938964844,160.57000732421875,163.33999633789062,120800,0.0,0.0
2023-08-15 00:00:00-04:00,162.61000061035156,164.89999389648438,161.2899932861328,161.74000549316406,242000,0.0,0.0
2023-08-16 00:00:00-04:00,162.13999938964844,162.9600067138672,159.61500549316406,159.75,130700,0.0,0.0
2023-08-17 00:00:00-04:00,159.86000061035156,159.86000061035156,153.3000030517578,153.63999938964844,150600,0.0,0.0
2023-08-18 00:00:00-04:00,152.24000549316406,155.39999389648438,151.52999877929688,155.05999755859375,220900,0.0,0.0
2023-08-21 00:00:00-04:00,155.50999450683594,155.6300048828125,151.8699951171875,153.24000549316406,172000,0.0,0.0
2023-08-22 00:00:00-04:00,154.7100067138672,155.8249969482422,153.3000030517578,155.5,188900,0.0,0.0
2023-08-23 00:00:00-04:00,155.74000549316406,158.46499633789062,155.3800048828125,157.60000610351562,169800,0.0,0.0
2023-08-24 00:00:00-04:00,156.41000366210938,159.14500427246094,156.41000366210938,156.85000610351562,188000,0.0,0.0
2023-08-25 00:00:00-04:00,157.24000549316406,158.41000366210938,153.8800048828125,157.42999267578125,203100,0.0,0.0
2023-08-28 00:00:00-04:00,157.85000610351562,159.24200439453125,156.00999450683594,157.27000427246094,137800,0.0,0.0
2023-08-29 00:00:00-04:00,156.91000366210938,162.58999633789062,156.8800048828125,162.5800018310547,96900,0.0,0.0
2023-08-30 00:00:00-04:00,161.85000610351562,168.35000610351562,161.85000610351562,167.9499969482422,232700,0.0,0.0
2023-08-31 00:00:00-04:00,168.0,171.39999389648438,168.0,171.19000244140625,255600,0.0,0.0
2023-09-01 00:00:00-04:00,172.52999877929688,174.0399932861328,171.29600524902344,172.66000366210938,178900,0.0,0.0
2023-09-05 00:00:00-04:00,173.0500030517578,173.22500610351562,166.85000610351562,169.0,308300,0.0,0.0
2023-09-06 00:00:00-04:00,168.8800048828125,170.6300048828125,164.14999389648438,164.27999877929688,401100,0.0,0.0
2023-09-07 00:00:00-04:00,162.72999572753906,163.8800048828125,160.125,163.6699981689453,290300,0.0,0.0
2023-09-08 00:00:00-04:00,162.6999969482422,164.5050048828125,161.02000427246094,161.61000061035156,290400,0.0,0.0
2023-09-11 00:00:00-04:00,162.36000061035156,164.33999633789062,160.00999450683594,162.55999755859375,213900,0.0,0.0
2023-09-12 00:00:00-04:00,161.92999267578125,163.08999633789062,160.3800048828125,161.9199981689453,195700,0.0,0.0
2023-09-13 00:00:00-04:00,161.42999267578125,162.5399932861328,159.09500122070312,161.27999877929688,207400,0.0,0.0
2023-09-14 00:00:00-04:00,162.2899932861328,164.67999267578125,162.2899932861328,164.60000610351562,192000,0.0,0.0
2023-09-15 00:00:00-04:00,164.5500030517578,165.44000244140625,158.97000122070312,159.49000549316406,318100,0.0,0.0
2023-09-18 00:00:00-04:00,159.7100067138672,162.10499572753906,157.80999755859375,157.8800048828125,241800,0.0,0.0
2023-09-19 00:00:00-04:00,157.8000030517578,159.32000732421875,155.27000427246094,156.25999450683594,310900,0.0,0.0
2023-09-20 00:00:00-04:00,157.05999755859375,160.47000122070312,157.05999755859375,158.77000427246094,240300,0.0,0.0
2023-09-21 00:00:00-04:00,156.75999450683594,156.8350067138672,153.13999938964844,153.16000366210938,182800,0.0,0.0
2023-09-22 00:00:00-04:00,154.49000549316406,155.8979949951172,153.1300048828125,155.25,326300,0.0,0.0
2023-09-25 00:00:00-04:00,154.4499969482422,157.95899963378906,154.23500061035156,157.58999633789062,185700,0.0,0.0
2023-09-26 00:00:00-04:00,161.0800018310547,164.49000549316406,159.8350067138672,160.32000732421875,380200,0.0,0.0
2023-09-27 00:00:00-04:00,161.7899932861328,163.77999877929688,160.64999389648438,162.4499969482422,188600,0.0,0.0
2023-09-28 00:00:00-04:00,162.77000427246094,167.61500549316406,162.58999633789062,164.11000061035156,202900,0.0,0.0
2023-09-29 00:00:00-04:00,166.1300048828125,167.19000244140625,163.06500244140625,163.4499969482422,185700,0.0,0.0
2023-10-02 00:00:00-04:00,163.41000366210938,165.97000122070312,161.82000732421875,162.6699981689453,167200,0.0,0.0
2023-10-03 00:00:00-04:00,161.22000122070312,162.47500610351562,156.64999389648438,158.44000244140625,266100,0.0,0.0
2023-10-04 00:00:00-04:00,159.5500030517578,160.32000732421875,156.8699951171875,158.92999267578125,176700,0.0,0.0
2023-10-05 00:00:00-04:00,158.1999969482422,159.375,155.6199951171875,157.02000427246094,227900,0.0,0.0
2023-10-06 00:00:00-04:00,156.0399932861328,160.8699951171875,156.0399932861328,159.13999938964844,212200,0.0,0.0
2023-10-09 00:00:00-04:00,157.97999572753906,159.8249969482422,156.60000610351562,159.0,265800,0.0,0.0
2023-10-10 00:00:00-04:00,160.11000061035156,163.26300048828125,160.11000061035156,161.4499969482422,252100,0.0,0.0
2023-10-11 00:00:00-04:00,162.02000427246094,163.77000427246094,160.38999938964844,162.1999969482422,214300,0.0,0.0
2023-10-12 00:00:00-04:00,161.3300018310547,161.86000061035156,154.19000244140625,154.75,212400,0.0,0.0
2023-10-13 00:00:00-04:00,154.27000427246094,156.0,151.74000549316406,152.25,208500,0.0,0.0
2023-10-16 00:00:00-04:00,153.61000061035156,156.0399932861328,152.99000549316406,154.60000610351562,210800,0.0,0.0
2023-10-17 00:00:00-04:00,152.6300048828125,158.02000427246094,152.6300048828125,155.88999938964844,241700,0.0,0.0
2023-10-18 00:00:00-04:00,154.80999755859375,154.80999755859375,142.38999938964844,142.49000549316406,460800,0.0,0.0
2023-10-19 00:00:00-04:00,142.8000030517578,146.07000732421875,139.8249969482422,140.82000732421875,441500,0.0,0.0
2023-10-20 00:00:00-04:00,141.25,141.64999389648438,137.13999938964844,137.27000427246094,391700,0.0,0.0
2023-10-23 00:00:00-04:00,136.74000549316406,138.3000030517578,135.58299255371094,135.82000732421875,355400,0.0,0.0
2023-10-24 00:00:00-04:00,137.19000244140625,137.19000244140625,133.38999938964844,134.88999938964844,229100,0.0,0.0
2023-10-25 00:00:00-04:00,133.4600067138672,133.4600067138672,130.57000732421875,131.25,263400,0.0,0.0
2023-10-26 00:00:00-04:00,132.5399932861328,135.39999389648438,131.5800018310547,132.16000366210938,242200,0.0,0.0
2023-10-27 00:00:00-04:00,133.0,134.24000549316406,131.3800048828125,133.6999969482422,363100,0.0,0.0
2023-10-30 00:00:00-04:00,134.6199951171875,138.2899932861328,133.71499633789062,137.3300018310547,397500,0.0,0.0
2023-10-31 00:00:00-04:00,136.64999389648438,138.9199981689453,135.80999755859375,137.77000427246094,542900,0.0,0.0
2023-11-01 00:00:00-04:00,124.12999725341797,128.41000366210938,116.80999755859375,123.33000183105469,1784700,0.0,0.0
2023-11-02 00:00:00-04:00,126.7699966430664,131.5399932861328,126.62999725341797,127.69999694824219,762700,0.0,0.0
2023-11-03 00:00:00-04:00,129.72000122070312,133.92999267578125,127.19999694824219,127.79000091552734,546600,0.0,0.0
2023-11-06 00:00:00-05:00,127.61000061035156,128.1699981689453,125.56999969482422,126.29000091552734,531100,0.0,0.0
2023-11-07 00:00:00-05:00,125.72000122070312,127.98999786376953,125.22000122070312,126.86000061035156,365200,0.0,0.0
2023-11-08 00:00:00-05:00,126.48999786376953,128.35000610351562,126.13999938964844,126.22000122070312,264800,0.0,0.0
2023-11-09 00:00:00-05:00,127.30999755859375,127.6500015258789,123.62000274658203,124.06999969482422,341100,0.0,0.0
2023-11-10 00:00:00-05:00,125.02999877929688,126.87000274658203,124.13500213623047,126.69000244140625,206500,0.0,0.0
2023-11-13 00:00:00-05:00,126.0999984741211,127.55500030517578,125.66999816894531,126.25,277700,0.0,0.0
2023-11-14 00:00:00-05:00,130.02000427246094,136.67999267578125,128.17999267578125,136.52999877929688,382100,0.0,0.0
2023-11-15 00:00:00-05:00,136.99000549316406,142.13999938964844,136.85499572753906,139.1199951171875,663200,0.0,0.0
2023-11-16 00:00:00-05:00,138.1699981689453,139.6199951171875,135.91000366210938,137.10000610351562,399400,0.0,0.0
2023-11-17 00:00:00-05:00,138.75,139.41000366210938,137.2100067138672,138.42999267578125,289100,0.0,0.0
2023-11-20 00:00:00-05:00,138.7899932861328,140.44000244140625,137.3699951171875,138.92999267578125,464500,0.0,0.0
2023-11-21 00:00:00-05:00,137.80999755859375,139.41000366210938,137.7899932861328,138.7100067138672,198400,0.0,0.0
2023-11-22 00:00:00-05:00,139.35000610351562,140.47799682617188,137.6199951171875,139.8000030517578,196600,0.0,0.0
2023-11-24 00:00:00-05:00,139.02999877929688,141.72999572753906,138.3699951171875,140.08999633789062,134800,0.0,0.0
2023-11-27 00:00:00-05:00,139.35000610351562,140.39999389648438,138.64999389648438,139.72999572753906,244100,0.0,0.0
2023-11-28 00:00:00-05:00,139.47000122070312,139.47000122070312,136.63999938964844,137.0500030517578,224900,0.0,0.0
2023-11-29 00:00:00-05:00,138.3300018310547,139.9530029296875,137.71499633789062,138.17999267578125,437600,0.0,0.0
2023-11-30 00:00:00-05:00,138.58999633789062,142.125,138.16000366210938,140.82000732421875,496000,0.0,0.0
2023-12-01 00:00:00-05:00,140.75,147.57000732421875,140.3000030517578,147.13999938964844,467500,0.0,0.0
2023-12-04 00:00:00-05:00,146.13999938964844,147.52000427246094,141.49000549316406,143.14999389648438,345100,0.0,0.0
2023-12-05 00:00:00-05:00,142.19000244140625,145.07000732421875,141.1649932861328,143.64999389648438,337500,0.0,0.0
2023-12-06 00:00:00-05:00,144.6699981689453,148.60499572753906,144.6699981689453,145.39999389648438,245400,0.0,0.0
2023-12-07 00:00:00-05:00,145.27000427246094,147.08999633789062,144.0,146.97000122070312,227500,0.0,0.0
2023-12-08 00:00:00-05:00,145.30999755859375,146.67999267578125,142.41000366210938,145.72999572753906,418200,0.0,0.0
2023-12-11 00:00:00-05:00,145.5500030517578,146.77999877929688,143.8000030517578,144.8699951171875,215000,0.0,0.0
2023-12-12 00:00:00-05:00,144.74000549316406,148.05999755859375,143.80499267578125,146.8800048828125,229700,0.0,0.0
2023-12-13 00:00:00-05:00,146.7100067138672,152.8300018310547,145.10000610351562,152.22000122070312,379800,0.0,0.0
2023-12-14 00:00:00-05:00,155.8699951171875,171.60499572753906,155.60000610351562,169.80999755859375,972900,0.0,0.0
2023-12-15 00:00:00-05:00,169.64999389648438,170.10499572753906,165.0500030517578,166.72999572753906,936500,0.0,0.0
2023-12-18 00:00:00-05:00,167.60000610351562,167.60000610351562,161.47999572753906,163.14999389648438,423200,0.0,0.0
2023-12-19 00:00:00-05:00,162.55999755859375,164.85000610351562,161.3699951171875,162.50999450683594,329200,0.0,0.0
2023-12-20 00:00:00-05:00,162.22999572753906,168.25999450683594,161.00999450683594,163.25999450683594,434200,0.0,0.0
2023-12-21 00:00:00-05:00,165.64999389648438,165.64999389648438,161.72000122070312,162.39999389648438,285400,0.0,0.0
2023-12-22 00:00:00-05:00,162.77000427246094,165.55999755859375,161.3800048828125,164.07000732421875,252800,0.0,0.0
2023-12-26 00:00:00-05:00,164.97000122070312,167.02999877929688,163.8699951171875,165.27000427246094,186000,0.0,0.0
2023-12-27 00:00:00-05:00,165.5399932861328,167.0399932861328,164.61000061035156,165.0800018310547,262000,0.0,0.0
2023-12-28 00:00:00-05:00,164.63999938964844,166.13499450683594,164.0,164.02000427246094,164000,0.0,0.0
2023-12-29 00:00:00-05:00,163.24000549316406,164.85000610351562,162.27000427246094,162.5,215500,0.0,0.0
2024-01-02 00:00:00-05:00,160.52999877929688,162.4600067138672,159.6199951171875,160.8000030517578,252300,0.0,0.0
2024-01-03 00:00:00-05:00,156.22999572753906,157.52000427246094,154.8300018310547,154.85000610351562,412000,0.0,0.0
2024-01-04 00:00:00-05:00,155.13999938964844,155.13999938964844,152.27000427246094,152.7100067138672,359400,0.0,0.0
2024-01-05 00:00:00-05:00,151.5500030517578,155.25999450683594,151.5500030517578,152.7100067138672,267400,0.0,0.0
2024-01-08 00:00:00-05:00,151.13999938964844,154.5399932861328,151.13999938964844,154.41000366210938,248000,0.0,0.0
2024-01-09 00:00:00-05:00,152.16000366210938,154.57000732421875,151.88999938964844,153.82000732421875,165300,0.0,0.0
2024-01-10 00:00:00-05:00,154.32000732421875,155.4600067138672,152.5800018310547,155.41000366210938,186800,0.0,0.0
2024-01-11 00:00:00-05:00,154.97999572753906,157.91000366210938,153.6199951171875,157.8300018310547,290900,0.0,0.0
2024-01-12 00:00:00-05:00,159.4600067138672,160.60000610351562,156.22000122070312,156.86000061035156,224400,0.0,0.0
2024-01-16 00:00:00-05:00,154.75,157.25,153.85000610351562,155.3000030517578,267900,0.0,0.0
2024-01-17 00:00:00-05:00,153.17999267578125,155.10000610351562,152.31500244140625,153.80999755859375,279800,0.0,0.0
2024-01-18 00:00:00-05:00,155.60000610351562,158.44000244140625,154.4199981689453,158.4199981689453,255800,0.0,0.0
2024-01-19 00:00:00-05:00,158.27000427246094,159.88999938964844,156.80799865722656,159.57000732421875,254400,0.0,0.0
2024-01-22 00:00:00-05:00,160.6999969482422,163.36500549316406,160.6999969482422,162.8000030517578,168000,0.0,0.0
2024-01-23 00:00:00-05:00,163.9600067138672,163.9600067138672,156.8350067138672,157.6300048828125,220000,0.0,0.0
2024-01-24 00:00:00-05:00,159.25,159.25,153.46499633789062,154.19000244140625,215100,0.0,0.0
2024-01-25 00:00:00-05:00,156.4499969482422,157.6199951171875,154.52999877929688,155.83999633789062,277000,0.0,0.0
2024-01-26 00:00:00-05:00,156.9199981689453,157.8800048828125,155.52000427246094,156.77000427246094,141900,0.0,0.0
2024-01-29 00:00:00-05:00,156.97000122070312,160.2899932861328,155.6699981689453,158.75,288700,0.0,0.0
2024-01-30 00:00:00-05:00,158.33999633789062,160.51499938964844,157.75999450683594,157.97000122070312,152900,0.0,0.0
2024-01-31 00:00:00-05:00,157.38999938964844,159.36500549316406,154.2899932861328,154.5500030517578,169300,0.0,0.0
2024-02-01 00:00:00-05:00,156.8000030517578,159.22000122070312,154.60000610351562,159.0500030517578,172500,0.0,0.0
2024-02-02 00:00:00-05:00,156.8800048828125,160.0800018310547,155.0399932861328,158.19000244140625,241800,0.0,0.0
2024-02-05 00:00:00-05:00,155.63999938964844,155.63999938964844,148.0500030517578,150.07000732421875,563600,0.0,0.0
2024-02-06 00:00:00-05:00,150.1699981689453,155.4499969482422,150.1699981689453,154.92999267578125,270000,0.0,0.0
2024-02-07 00:00:00-05:00,156.08999633789062,159.16000366210938,154.8800048828125,157.57000732421875,174600,0.0,0.0
2024-02-08 00:00:00-05:00,158.42999267578125,161.17999267578125,157.13999938964844,160.88999938964844,214400,0.0,0.0
2024-02-09 00:00:00-05:00,160.22000122070312,161.63999938964844,159.1699981689453,160.6999969482422,233400,0.0,0.0
2024-02-12 00:00:00-05:00,160.77999877929688,163.38900756835938,160.77999877929688,163.1199951171875,271300,0.0,0.0
2024-02-13 00:00:00-05:00,155.94000244140625,157.88999938964844,152.97999572753906,153.89999389648438,487900,0.0,0.0
2024-02-14 00:00:00-05:00,161.7899932861328,168.97999572753906,155.0,166.97000122070312,723000,0.0,0.0
2024-02-15 00:00:00-05:00,169.25,170.07000732421875,165.64999389648438,168.17999267578125,484400,0.0,0.0
2024-02-16 00:00:00-05:00,165.49000549316406,169.0399932861328,164.0399932861328,165.52999877929688,420200,0.0,0.0
2024-02-20 00:00:00-05:00,162.8000030517578,164.47999572753906,161.99000549316406,163.91000366210938,248100,0.0,0.0
2024-02-21 00:00:00-05:00,162.88999938964844,163.72999572753906,161.58999633789062,163.1300048828125,223200,0.0,0.0
2024-02-22 00:00:00-05:00,163.77999877929688,167.1300048828125,163.63999938964844,165.22000122070312,421600,0.0,0.0
2024-02-23 00:00:00-05:00,164.66000366210938,168.69000244140625,163.75,167.6199951171875,273800,0.0,0.0
2024-02-26 00:00:00-05:00,167.44000244140625,169.00999450683594,165.5500030517578,165.55999755859375,214100,0.0,0.0
2024-02-27 00:00:00-05:00,166.82000732421875,167.77999877929688,163.89999389648438,164.91000366210938,293800,0.0,0.0
2024-02-28 00:00:00-05:00,163.6699981689453,165.82200622558594,163.52999877929688,165.02000427246094,295700,0.0,0.0
2024-02-29 00:00:00-05:00,166.27000427246094,169.66000366210938,165.58999633789062,168.47999572753906,493400,0.0,0.0
2024-03-01 00:00:00-05:00,168.1199951171875,171.74000549316406,166.94000244140625,171.6699981689453,239000,0.0,0.0
2024-03-04 00:00:00-05:00,171.5,175.05999755859375,171.5,175.0,309900,0.0,0.0
2024-03-05 00:00:00-05:00,173.72000122070312,174.92999267578125,170.25,170.6999969482422,542800,0.0,0.0
2024-03-06 00:00:00-05:00,173.44000244140625,175.5500030517578,171.42999267578125,175.0,343700,0.0,0.0
2024-03-07 00:00:00-05:00,176.38999938964844,179.49000549316406,176.38999938964844,179.22999572753906,277400,0.0,0.0
2024-03-08 00:00:00-05:00,180.0,183.92999267578125,180.0,182.16000366210938,626200,0.0,0.0
2024-03-11 00:00:00-04:00,180.8699951171875,182.14999389648438,177.1699981689453,179.36000061035156,519100,0.0,0.0
2024-03-12 00:00:00-04:00,179.17999267578125,179.5449981689453,176.27999877929688,176.83999633789062,447500,0.0,0.0
2024-03-13 00:00:00-04:00,176.32000732421875,177.73500061035156,174.57000732421875,175.27999877929688,324500,0.0,0.0
2024-03-14 00:00:00-04:00,175.27999877929688,175.27999877929688,167.8249969482422,168.61000061035156,368200,0.0,0.0
2024-03-15 00:00:00-04:00,166.7100067138672,171.52999877929688,166.7100067138672,170.00999450683594,397800,0.0,0.0
2024-03-18 00:00:00-04:00,170.19000244140625,172.60000610351562,169.27999877929688,170.13999938964844,251500,0.0,0.0
2024-03-19 00:00:00-04:00,169.9199981689453,178.44000244140625,169.9199981689453,175.2899932861328,315100,0.0,0.0
2024-03-20 00:00:00-04:00,175.41000366210938,179.0399932861328,174.24600219726562,178.50999450683594,183700,0.0,0.0
2024-03-21 00:00:00-04:00,179.72999572753906,188.00999450683594,179.5399932861328,185.80999755859375,422900,0.0,0.0
2024-03-22 00:00:00-04:00,185.38999938964844,185.50999450683594,182.9199981689453,185.3699951171875,190600,0.0,0.0
2024-03-25 00:00:00-04:00,185.1699981689453,186.4149932861328,181.1199951171875,181.14999389648438,225900,0.0,0.0
2024-03-26 00:00:00-04:00,182.44000244140625,182.98500061035156,180.19000244140625,180.5500030517578,208600,0.0,0.0
2024-03-27 00:00:00-04:00,182.24000549316406,183.86000061035156,181.30999755859375,183.60000610351562,240400,0.0,0.0
2024-03-28 00:00:00-04:00,180.3699951171875,180.90499877929688,174.4600067138672,174.5500030517578,559700,0.0,0.0
2024-04-01 00:00:00-04:00,174.38999938964844,175.88999938964844,171.3000030517578,173.8000030517578,381600,0.0,0.0
2024-04-02 00:00:00-04:00,171.85000610351562,172.88499450683594,164.98500061035156,165.4499969482422,359600,0.0,0.0
2024-04-03 00:00:00-04:00,165.52000427246094,167.74000549316406,165.52000427246094,167.2899932861328,238700,0.0,0.0
2024-04-04 00:00:00-04:00,169.39999389648438,172.07000732421875,166.16000366210938,167.0,198000,0.0,0.0
2024-04-05 00:00:00-04:00,165.66000366210938,169.92999267578125,165.66000366210938,169.72000122070312,204200,0.0,0.0
2024-04-08 00:00:00-04:00,171.05999755859375,174.82000732421875,171.05999755859375,174.14999389648438,265300,0.0,0.0
2024-04-09 00:00:00-04:00,176.7899932861328,181.80499267578125,176.7899932861328,180.35000610351562,427600,0.0,0.0
2024-04-10 00:00:00-04:00,175.72000122070312,175.72000122070312,170.44500732421875,171.86000061035156,380700,0.0,0.0
2024-04-11 00:00:00-04:00,171.85000610351562,174.60000610351562,171.85000610351562,173.77999877929688,243800,0.0,0.0
2024-04-12 00:00:00-04:00,172.33999633789062,172.33999633789062,167.86000061035156,169.25999450683594,283800,0.0,0.0
2024-04-15 00:00:00-04:00,171.0,171.0,165.0030059814453,166.41000366210938,187800,0.0,0.0
2024-04-16 00:00:00-04:00,164.9199981689453,167.0399932861328,163.6999969482422,163.9199981689453,206400,0.0,0.0
2024-04-17 00:00:00-04:00,164.47000122070312,164.58999633789062,160.49000549316406,160.69000244140625,198200,0.0,0.0
2024-04-18 00:00:00-04:00,160.94000244140625,161.6199951171875,157.5399932861328,158.25999450683594,228500,0.0,0.0
2024-04-19 00:00:00-04:00,157.3699951171875,159.2899932861328,154.4600067138672,155.94000244140625,255300,0.0,0.0
2024-04-22 00:00:00-04:00,157.00999450683594,159.1699981689453,154.8699951171875,157.0,235700,0.0,0.0
2024-04-23 00:00:00-04:00,157.97000122070312,163.6999969482422,156.75,162.64999389648438,202300,0.0,0.0
2024-04-24 00:00:00-04:00,162.64999389648438,166.33999633789062,162.47999572753906,163.75999450683594,249000,0.0,0.0
2024-04-25 00:00:00-04:00,161.49000549316406,163.8699951171875,159.22000122070312,162.6699981689453,272200,0.0,0.0
2024-04-26 00:00:00-04:00,162.9499969482422,165.86000061035156,161.32000732421875,162.5399932861328,191500,0.0,0.0
2024-04-29 00:00:00-04:00,164.35000610351562,165.96499633789062,160.84500122070312,161.99000549316406,390900,0.0,0.0
2024-04-30 00:00:00-04:00,159.8699951171875,160.41000366210938,156.47999572753906,156.88999938964844,402300,0.0,0.0
2024-05-01 00:00:00-04:00,143.85000610351562,149.65499877929688,134.44500732421875,143.50999450683594,1481300,0.0,0.0
2024-05-02 00:00:00-04:00,146.3300018310547,150.89999389648438,143.3699951171875,150.36000061035156,706300,0.0,0.0
2024-05-03 00:00:00-04:00,154.39999389648438,158.77999877929688,151.19000244140625,152.4199981689453,481200,0.0,0.0
2024-05-06 00:00:00-04:00,154.5800018310547,159.4600067138672,154.5800018310547,158.1199951171875,271100,0.0,0.0
2024-05-07 00:00:00-04:00,157.89999389648438,160.10000610351562,156.0500030517578,156.13999938964844,330200,0.0,0.0
2024-05-08 00:00:00-04:00,154.3800048828125,156.02999877929688,152.92999267578125,155.3699951171875,324200,0.0,0.0
2024-05-09 00:00:00-04:00,155.22999572753906,157.3800048828125,155.22999572753906,157.19000244140625,141600,0.0,0.0
2024-05-10 00:00:00-04:00,157.07000732421875,157.1750030517578,154.5800018310547,156.49000549316406,375500,0.0,0.0
2024-05-13 00:00:00-04:00,158.1699981689453,159.36000061035156,157.4199981689453,158.14999389648438,347500,0.0,0.0
2024-05-14 00:00:00-04:00,159.92999267578125,159.92999267578125,156.64999389648438,158.50999450683594,322300,0.0,0.0
2024-05-15 00:00:00-04:00,161.02000427246094,161.25,159.09500122070312,159.6999969482422,197300,0.0,0.0
2024-05-16 00:00:00-04:00,159.08999633789062,159.08999633789062,152.9600067138672,153.27999877929688,259200,0.0,0.0
2024-05-17 00:00:00-04:00,153.92999267578125,155.22500610351562,151.3350067138672,152.02000427246094,218000,0.0,0.0
2024-05-20 00:00:00-04:00,152.35000610351562,154.1999969482422,151.2429962158203,153.58999633789062,207800,0.0,0.0
2024-05-21 00:00:00-04:00,152.83999633789062,154.47000122070312,151.3800048828125,154.44000244140625,169500,0.0,0.0
2024-05-22 00:00:00-04:00,153.72000122070312,158.30999755859375,153.72000122070312,155.67999267578125,424200,0.0,0.0
2024-05-23 00:00:00-04:00,156.86000061035156,156.86000061035156,151.22999572753906,152.77999877929688,228400,0.0,0.0
2024-05-24 00:00:00-04:00,153.63999938964844,154.77000427246094,151.36000061035156,154.32000732421875,205000,0.0,0.0
2024-05-28 00:00:00-04:00,155.8000030517578,156.0,151.37899780273438,151.88999938964844,174400,0.0,0.0
2024-05-29 00:00:00-04:00,150.49000549316406,151.77999877929688,149.1300048828125,149.97000122070312,346100,0.0,0.0
2024-05-30 00:00:00-04:00,150.49000549316406,153.85000610351562,149.46499633789062,152.08999633789062,271800,0.0,0.0
2024-05-31 00:00:00-04:00,155.36000061035156,155.58999633789062,151.6300048828125,154.82000732421875,273800,0.0,0.0
2024-06-03 00:00:00-04:00,156.0800018310547,156.0800018310547,150.25999450683594,152.0800018310547,282700,0.0,0.0
2024-06-04 00:00:00-04:00,143.0500030517578,143.96499633789062,135.61000061035156,136.47000122070312,1076800,0.0,0.0
2024-06-05 00:00:00-04:00,135.8300018310547,137.07000732421875,133.83999633789062,135.97999572753906,655400,0.0,0.0
2024-06-06 00:00:00-04:00,135.30999755859375,136.5,130.82000732421875,131.5,428700,0.0,0.0
2024-06-07 00:00:00-04:00,129.83999633789062,131.32000732421875,128.02000427246094,128.13999938964844,646900,0.0,0.0
2024-06-10 00:00:00-04:00,126.66000366210938,129.3699951171875,126.66000366210938,129.0800018310547,815900,0.0,0.0
2024-06-11 00:00:00-04:00,128.91000366210938,133.25,128.2949981689453,131.1199951171875,493400,0.0,0.0
2024-06-12 00:00:00-04:00,136.77000427246094,138.63999938964844,134.16000366210938,134.52999877929688,480100,0.0,0.0
2024-06-13 00:00:00-04:00,134.02999877929688,134.3800048828125,131.36000061035156,132.08999633789062,335700,0.0,0.0
2024-06-14 00:00:00-04:00,129.5800018310547,131.3800048828125,128.34500122070312,131.2100067138672,305700,0.0,0.0
2024-06-17 00:00:00-04:00,130.5500030517578,131.64999389648438,128.82000732421875,129.88999938964844,285300,0.0,0.0
2024-06-18 00:00:00-04:00,128.97999572753906,131.07000732421875,128.3300018310547,131.02000427246094,451900,0.0,0.0
2024-06-20 00:00:00-04:00,131.1699981689453,132.5050048828125,129.78399658203125,131.3000030517578,443400,0.0,0.0
2024-06-21 00:00:00-04:00,130.92999267578125,131.85000610351562,128.22999572753906,130.8699951171875,521400,0.0,0.0
2024-06-24 00:00:00-04:00,131.24000549316406,132.97999572753906,130.7899932861328,131.30999755859375,243300,0.0,0.0
2024-06-25 00:00:00-04:00,128.77000427246094,129.4499969482422,124.01000213623047,125.45999908447266,524700,0.0,0.0
2024-06-26 00:00:00-04:00,124.41999816894531,125.94000244140625,123.76000213623047,123.95999908447266,438400,0.0,0.0
2024-06-27 00:00:00-04:00,123.62000274658203,123.9800033569336,121.62999725341797,122.19999694824219,629400,0.0,0.0
2024-06-28 00:00:00-04:00,122.79000091552734,124.68000030517578,121.05999755859375,121.41000366210938,593400,0.0,0.0
2024-07-01 00:00:00-04:00,121.93000030517578,122.02999877929688,117.23999786376953,117.45999908447266,388900,0.0,0.0
2024-07-02 00:00:00-04:00,117.16999816894531,117.73999786376953,115.55000305175781,116.56999969482422,436800,0.0,0.0
2024-07-03 00:00:00-04:00,116.55000305175781,118.58000183105469,115.80999755859375,118.01000213623047,206100,0.0,0.0
2024-07-05 00:00:00-04:00,117.11000061035156,118.37300109863281,116.1500015258789,116.44999694824219,581400,0.0,0.0
2024-07-08 00:00:00-04:00,117.1500015258789,118.31999969482422,116.29000091552734,116.30999755859375,478500,0.0,0.0
2024-07-09 00:00:00-04:00,116.19000244140625,116.8499984741211,114.5999984741211,115.63999938964844,666000,0.0,0.0
2024-07-10 00:00:00-04:00,116.05999755859375,120.25599670410156,115.54000091552734,120.16999816894531,908600,0.0,0.0
2024-07-11 00:00:00-04:00,122.97000122070312,130.27000427246094,122.44999694824219,129.5,828900,0.0,0.0
2024-07-12 00:00:00-04:00,129.94000244140625,132.68499755859375,129.74000549316406,130.22000122070312,596300,0.0,0.0
2024-07-15 00:00:00-04:00,130.6999969482422,134.9499969482422,129.8000030517578,133.91000366210938,620300,0.0,0.0
2024-07-16 00:00:00-04:00,135.0399932861328,143.5500030517578,134.35000610351562,143.4600067138672,620300,0.0,0.0
2024-07-17 00:00:00-04:00,142.4600067138672,145.63999938964844,140.19000244140625,140.22999572753906,856000,0.0,0.0
2024-07-18 00:00:00-04:00,140.3300018310547,143.9250030517578,136.77999877929688,137.1199951171875,895600,0.0,0.0
2024-07-19 00:00:00-04:00,136.58999633789062,136.58999633789062,132.5500030517578,135.16000366210938,553000,0.0,0.0
2024-07-22 00:00:00-04:00,137.64999389648438,139.27000427246094,133.9149932861328,139.17999267578125,354800,0.0,0.0
2024-07-23 00:00:00-04:00,138.52999877929688,140.6199951171875,138.375,138.9600067138672,231000,0.0,0.0
2024-07-24 00:00:00-04:00,138.02000427246094,139.72000122070312,134.85000610351562,134.86000061035156,341400,0.0,0.0
2024-07-25 00:00:00-04:00,135.1999969482422,144.30999755859375,135.1999969482422,141.94000244140625,672300,0.0,0.0
2024-07-26 00:00:00-04:00,145.33999633789062,148.02000427246094,144.85000610351562,145.5,489600,0.0,0.0
2024-07-29 00:00:00-04:00,145.52999877929688,146.0,140.85000610351562,142.17999267578125,906600,0.0,0.0
2024-07-30 00:00:00-04:00,143.97999572753906,145.4149932861328,141.8300018310547,143.5800018310547,704000,0.0,0.0
2024-07-31 00:00:00-04:00,140.0,153.22000122070312,137.8699951171875,146.67999267578125,1336300,0.0,0.0
2024-08-01 00:00:00-04:00,142.6699981689453,144.5399932861328,137.2449951171875,139.58999633789062,721400,0.0,0.0
2024-08-02 00:00:00-04:00,136.10000610351562,137.1699981689453,130.31500244140625,135.49000549316406,928500,0.0,0.0
2024-08-05 00:00:00-04:00,129.0399932861328,135.0399932861328,127.12000274658203,132.7100067138672,477600,0.0,0.0
2024-08-06 00:00:00-04:00,132.55999755859375,137.6300048828125,131.72500610351562,135.7899932861328,450700,0.0,0.0
2024-08-07 00:00:00-04:00,138.07000732421875,138.34500122070312,129.77000427246094,129.99000549316406,793700,0.0,0.0
2024-08-08 00:00:00-04:00,131.3699951171875,134.9600067138672,130.0800018310547,133.33999633789062,325600,0.0,0.0
2024-08-09 00:00:00-04:00,134.1300048828125,134.1300048828125,131.03500366210938,133.05999755859375,279400,0.0,0.0
2024-08-12 00:00:00-04:00,132.6300048828125,132.6300048828125,129.7050018310547,130.5399932861328,252300,0.0,0.0
2024-08-13 00:00:00-04:00,131.74000549316406,136.32000732421875,130.8350067138672,135.97999572753906,261400,0.0,0.0
2024-08-14 00:00:00-04:00,136.7100067138672,136.7100067138672,132.1999969482422,133.8000030517578,307600,0.0,0.0
2024-08-15 00:00:00-04:00,136.32000732421875,138.85499572753906,135.17999267578125,138.0,304100,0.0,0.0
2024-08-16 00:00:00-04:00,137.7100067138672,139.1649932861328,135.67999267578125,136.08999633789062,243100,0.0,0.0
2024-08-19 00:00:00-04:00,136.83999633789062,138.6699981689453,136.1300048828125,137.6300048828125,236200,0.0,0.0
2024-08-20 00:00:00-04:00,137.4600067138672,138.07000732421875,134.22999572753906,136.55999755859375,391800,0.0,0.0
2024-08-21 00:00:00-04:00,138.0,139.91900634765625,136.86500549316406,139.41000366210938,217600,0.0,0.0
2024-08-22 00:00:00-04:00,139.57000732421875,139.72999572753906,136.88999938964844,137.1999969482422,139200,0.0,0.0
2024-08-23 00:00:00-04:00,137.3699951171875,144.72000122070312,137.16000366210938,144.61000061035156,303200,0.0,0.0
2024-08-26 00:00:00-04:00,145.8300018310547,147.66000366210938,144.05999755859375,144.9199981689453,359300,0.0,0.0
2024-08-27 00:00:00-04:00,143.47000122070312,144.9199981689453,137.92999267578125,140.00999450683594,358500,0.0,0.0
2024-08-28 00:00:00-04:00,139.2100067138672,141.18499755859375,138.61000061035156,139.25999450683594,379600,0.0,0.0
2024-08-29 00:00:00-04:00,141.22999572753906,141.72000122070312,138.60000610351562,140.44000244140625,213000,0.0,0.0
2024-08-30 00:00:00-04:00,141.60000610351562,141.92999267578125,139.52999877929688,141.86000061035156,309000,0.0,0.0
2024-09-03 00:00:00-04:00,140.91000366210938,141.0500030517578,134.0500030517578,134.32000732421875,287500,0.0,0.0
2024-09-04 00:00:00-04:00,132.8699951171875,136.1199951171875,131.92999267578125,135.80999755859375,342800,0.0,0.0
2024-09-05 00:00:00-04:00,135.39999389648438,136.42300415039062,133.73500061035156,134.7100067138672,148300,0.0,0.0
2024-09-06 00:00:00-04:00,135.44000244140625,138.1999969482422,134.41000366210938,135.72000122070312,361900,0.0,0.0
2024-09-09 00:00:00-04:00,135.86000061035156,137.2899932861328,134.1300048828125,134.3000030517578,461400,0.0,0.0
2024-09-10 00:00:00-04:00,135.30999755859375,135.30999755859375,131.89999389648438,133.08999633789062,359300,0.0,0.0
2024-09-11 00:00:00-04:00,132.17999267578125,132.63999938964844,128.47999572753906,132.10000610351562,461100,0.0,0.0
2024-09-12 00:00:00-04:00,132.9499969482422,136.1699981689453,131.72999572753906,135.8300018310547,244900,0.0,0.0
2024-09-13 00:00:00-04:00,137.64999389648438,142.00999450683594,137.3300018310547,141.0399932861328,255300,0.0,0.0
2024-09-16 00:00:00-04:00,141.85000610351562,142.6300048828125,139.77999877929688,141.6300048828125,150200,0.0,0.0
2024-09-17 00:00:00-04:00,143.08999633789062,148.02999877929688,142.97999572753906,146.9199981689453,184600,0.0,0.0
2024-09-18 00:00:00-04:00,147.60000610351562,152.86300659179688,145.5500030517578,146.97000122070312,274800,0.0,0.0
2024-09-19 00:00:00-04:00,152.49000549316406,155.07000732421875,149.47000122070312,153.52000427246094,350600,0.0,0.0
2024-09-20 00:00:00-04:00,152.25,152.25,148.08900451660156,149.17999267578125,315300,0.0,0.0
2024-09-23 00:00:00-04:00,150.9600067138672,151.3800048828125,147.7100067138672,149.00999450683594,246500,0.0,0.0
2024-09-24 00:00:00-04:00,150.0,151.2100067138672,149.14999389648438,150.4600067138672,190700,0.0,0.0
2024-09-25 00:00:00-04:00,151.0,151.0,147.3300018310547,147.4199981689453,202500,0.0,0.0
2024-09-26 00:00:00-04:00,150.72999572753906,151.2729949951172,148.94000244140625,150.82000732421875,149800,0.0,0.0
2024-09-27 00:00:00-04:00,152.49000549316406,154.18499755859375,151.17999267578125,151.19000244140625,288900,0.0,0.0
2024-09-30 00:00:00-04:00,150.0800018310547,152.1199951171875,148.77000427246094,150.91000366210938,193800,0.0,0.0
2024-10-01 00:00:00-04:00,150.91000366210938,150.91000366210938,146.00999450683594,149.7100067138672,207000,0.0,0.0
2024-10-02 00:00:00-04:00,148.36000061035156,150.5800018310547,147.94500732421875,149.16000366210938,176800,0.0,0.0
2024-10-03 00:00:00-04:00,148.0800018310547,148.64500427246094,146.52999877929688,147.02000427246094,214000,0.0,0.0
2024-10-04 00:00:00-04:00,149.22000122070312,149.36000061035156,143.97999572753906,144.02000427246094,211300,0.0,0.0
2024-10-07 00:00:00-04:00,142.49000549316406,146.9149932861328,141.4949951171875,146.74000549316406,220300,0.0,0.0
2024-10-08 00:00:00-04:00,146.11000061035156,147.10499572753906,143.52999877929688,144.0,282300,0.0,0.0
2024-10-09 00:00:00-04:00,144.3699951171875,145.2899932861328,141.00999450683594,143.2899932861328,193100,0.0,0.0
2024-10-10 00:00:00-04:00,141.33999633789062,141.97500610351562,139.02999877929688,139.85000610351562,258200,0.0,0.0
2024-10-11 00:00:00-04:00,142.27999877929688,148.36000061035156,141.875,148.32000732421875,304400,0.0,0.0
2024-10-14 00:00:00-04:00,148.63999938964844,148.77000427246094,145.22999572753906,146.36000061035156,255400,0.0,0.0
2024-10-15 00:00:00-04:00,146.38999938964844,147.88999938964844,145.16000366210938,146.08999633789062,514600,0.0,0.0
2024-10-16 00:00:00-04:00,149.4199981689453,149.51499938964844,146.38999938964844,147.30999755859375,354500,0.0,0.0
2024-10-17 00:00:00-04:00,147.91000366210938,147.91000366210938,145.4530029296875,145.8699951171875,192400,0.0,0.0
2024-10-18 00:00:00-04:00,146.0,146.64500427246094,143.85000610351562,145.02000427246094,252100,0.0,0.0
2024-10-21 00:00:00-04:00,145.30999755859375,145.30999755859375,141.64999389648438,142.07000732421875,403300,0.0,0.0
2024-10-22 00:00:00-04:00,141.1300048828125,141.8300018310547,138.5800018310547,139.1999969482422,242000,0.0,0.0
2024-10-23 00:00:00-04:00,138.72999572753906,140.9980010986328,138.36000061035156,139.19000244140625,336500,0.0,0.0
2024-10-24 00:00:00-04:00,140.72999572753906,142.8699951171875,138.61500549316406,142.86000061035156,318500,0.0,0.0
2024-10-25 00:00:00-04:00,144.27999877929688,144.97999572753906,140.64999389648438,141.44000244140625,268600,0.0,0.0
2024-10-28 00:00:00-04:00,142.9600067138672,145.91000366210938,142.3000030517578,145.6300048828125,406600,0.0,0.0
2024-10-29 00:00:00-04:00,144.25,145.91000366210938,142.85000610351562,142.97999572753906,580900,0.0,0.0
2024-10-30 00:00:00-04:00,140.0,148.63999938964844,139.3000030517578,148.1999969482422,684900,0.0,0.0
2024-10-31 00:00:00-04:00,146.05999755859375,146.94000244140625,139.6999969482422,139.74000549316406,475900,0.0,0.0
2024-11-01 00:00:00-04:00,141.77999877929688,143.3730010986328,141.0,141.9600067138672,525900,0.0,0.0
2024-11-04 00:00:00-05:00,142.5,146.3699951171875,142.14999389648438,145.97999572753906,491500,0.0,0.0
2024-11-05 00:00:00-05:00,145.14999389648438,148.1999969482422,143.39999389648438,147.75,379800,0.0,0.0
2024-11-06 00:00:00-05:00,152.0,153.75,149.69000244140625,150.52000427246094,513600,0.0,0.0
2024-11-07 00:00:00-05:00,149.42999267578125,153.7100067138672,147.74000549316406,152.5399932861328,270900,0.0,0.0
2024-11-08 00:00:00-05:00,151.97999572753906,154.00999450683594,150.6699981689453,151.92999267578125,272700,0.0,0.0
2024-11-11 00:00:00-05:00,153.9199981689453,154.33999633789062,150.74000549316406,152.39999389648438,251900,0.0,0.0
2024-11-12 00:00:00-05:00,152.1199951171875,152.97500610351562,147.44000244140625,147.4600067138672,221900,0.0,0.0
2024-11-13 00:00:00-05:00,148.5800018310547,149.0449981689453,143.8000030517578,144.0500030517578,326200,0.0,0.0
2024-11-14 00:00:00-05:00,144.8800048828125,145.14999389648438,142.25999450683594,142.77999877929688,284700,0.0,0.0
2024-11-15 00:00:00-05:00,142.7899932861328,143.16000366210938,139.47000122070312,140.60000610351562,341900,0.0,0.0
2024-11-18 00:00:00-05:00,140.0,141.7899932861328,137.75,140.0500030517578,251800,0.0,0.0
2024-11-19 00:00:00-05:00,138.82000732421875,138.97000122070312,137.36000061035156,138.47000122070312,231900,0.0,0.0
2024-11-20 00:00:00-05:00,138.47999572753906,140.10000610351562,135.7100067138672,139.5399932861328,337900,0.0,0.0
2024-11-21 00:00:00-05:00,140.0800018310547,144.13999938964844,139.1300048828125,143.13999938964844,278400,0.0,0.0
2024-11-22 00:00:00-05:00,143.75,149.07000732421875,140.89999389648438,148.77000427246094,527800,0.0,0.0
2024-11-25 00:00:00-05:00,151.6699981689453,160.7449951171875,150.99000549316406,156.30999755859375,518800,0.0,0.0
2024-11-26 00:00:00-05:00,154.57000732421875,154.57000732421875,150.11000061035156,151.4600067138672,223000,0.0,0.0
2024-11-27 00:00:00-05:00,152.07000732421875,154.4199981689453,151.75,152.9199981689453,346700,0.0,0.0
2024-11-29 00:00:00-05:00,153.67999267578125,155.66000366210938,153.2100067138672,153.25,196800,0.0,0.0
2024-12-02 00:00:00-05:00,152.6999969482422,154.02999877929688,150.16000366210938,151.49000549316406,336700,0.0,0.0
2024-12-03 00:00:00-05:00,153.11000061035156,153.11000061035156,149.8699951171875,151.07000732421875,160500,0.0,0.0
2024-12-04 00:00:00-05:00,150.63999938964844,151.75,147.33999633789062,148.5500030517578,236900,0.0,0.0
2024-12-05 00:00:00-05:00,148.5500030517578,148.6999969482422,144.7899932861328,144.86000061035156,242500,0.0,0.0
2024-12-06 00:00:00-05:00,148.9499969482422,151.7449951171875,147.86500549316406,151.0500030517578,391000,0.0,0.0
2024-12-09 00:00:00-05:00,153.30999755859375,156.92999267578125,151.94000244140625,153.11000061035156,221000,0.0,0.0
2024-12-10 00:00:00-05:00,151.11000061035156,152.0500030517578,147.0800018310547,147.5500030517578,205900,0.0,0.0
2024-12-11 00:00:00-05:00,149.82000732421875,150.22000122070312,146.8300018310547,147.1199951171875,192400,0.0,0.0
2024-12-12 00:00:00-05:00,146.25999450683594,147.22000122070312,144.49000549316406,145.0800018310547,177200,0.0,0.0
2024-12-13 00:00:00-05:00,144.00999450683594,144.00999450683594,140.00999450683594,141.2899932861328,259100,0.0,0.0
2024-12-16 00:00:00-05:00,140.6199951171875,143.0800018310547,138.83999633789062,140.8000030517578,275600,0.0,0.0
2024-12-17 00:00:00-05:00,139.6199951171875,142.25999450683594,139.23399353027344,140.1999969482422,355200,0.0,0.0
2024-12-18 00:00:00-05:00,140.92999267578125,142.32000732421875,135.05999755859375,135.41000366210938,432200,0.0,0.0
2024-12-19 00:00:00-05:00,135.82000732421875,137.38999938964844,132.6300048828125,132.97999572753906,460400,0.0,0.0
2024-12-20 00:00:00-05:00,132.2899932861328,136.2899932861328,132.02000427246094,135.6300048828125,522300,0.0,0.0
2024-12-23 00:00:00-05:00,134.9600067138672,135.75999450683594,133.5800018310547,134.25,339800,0.0,0.0
2024-12-24 00:00:00-05:00,134.10000610351562,134.97999572753906,132.7100067138672,134.52000427246094,136400,0.0,0.0
2024-12-26 00:00:00-05:00,133.1699981689453,135.30999755859375,132.6199951171875,135.14999389648438,233300,0.0,0.0
2024-12-27 00:00:00-05:00,134.4600067138672,135.75,132.1199951171875,133.7100067138672,254700,0.0,0.0
2024-12-30 00:00:00-05:00,133.33999633789062,133.33999633789062,130.02999877929688,131.3000030517578,249800,0.0,0.0
2024-12-31 00:00:00-05:00,131.89999389648438,134.0399932861328,131.5800018310547,131.77000427246094,192200,0.0,0.0
2025-01-02 00:00:00-05:00,133.32000732421875,134.072998046875,128.59800720214844,129.0399932861328,219100,0.0,0.0
2025-01-03 00:00:00-05:00,129.41000366210938,130.3300018310547,127.30000305175781,130.3300018310547,365900,0.0,0.0
2025-01-06 00:00:00-05:00,131.92999267578125,135.0,130.27999877929688,131.3800048828125,413500,0.0,0.0
2025-01-07 00:00:00-05:00,131.02000427246094,132.21499633789062,127.73999786376953,129.24000549316406,282600,0.0,0.0
2025-01-08 00:00:00-05:00,127.93000030517578,130.14999389648438,126.2699966430664,129.47000122070312,196600,0.0,0.0
2025-01-10 00:00:00-05:00,126.48999786376953,128.3000030517578,125.7300033569336,128.1300048828125,251200,0.0,0.0
2025-01-13 00:00:00-05:00,126.88999938964844,131.75999450683594,126.88999938964844,131.5800018310547,401800,0.0,0.0
2025-01-14 00:00:00-05:00,134.1199951171875,136.97999572753906,132.10000610351562,136.5500030517578,337200,0.0,0.0
2025-01-15 00:00:00-05:00,141.60000610351562,142.19500732421875,137.72999572753906,138.00999450683594,411100,0.0,0.0
2025-01-16 00:00:00-05:00,137.69000244140625,139.08999633789062,134.27000427246094,138.86000061035156,348100,0.0,0.0
2025-01-17 00:00:00-05:00,140.9499969482422,143.14999389648438,140.9499969482422,142.80999755859375,381900,0.0,0.0
2025-01-21 00:00:00-05:00,144.75999450683594,148.6699981689453,144.75999450683594,145.47999572753906,320800,0.0,0.0
2025-01-22 00:00:00-05:00,144.7899932861328,147.38999938964844,144.52999877929688,147.25,225700,0.0,0.0
2025-01-23 00:00:00-05:00,145.77999877929688,147.9199981689453,144.6999969482422,146.6699981689453,211200,0.0,0.0
2025-01-24 00:00:00-05:00,146.99000549316406,148.43499755859375,145.67999267578125,147.5800018310547,282000,0.0,0.0
2025-01-27 00:00:00-05:00,148.17999267578125,151.7949981689453,147.375,147.6999969482422,311300,0.0,0.0
2025-01-28 00:00:00-05:00,147.02999877929688,149.02999877929688,145.2899932861328,145.38999938964844,276600,0.0,0.0
2025-01-29 00:00:00-05:00,145.69000244140625,146.625,141.6699981689453,142.49000549316406,321200,0.0,0.0
2025-01-30 00:00:00-05:00,143.99000549316406,145.30999755859375,142.42999267578125,143.5500030517578,251500,0.0,0.0
2025-01-31 00:00:00-05:00,143.6199951171875,145.05999755859375,141.6199951171875,142.3000030517578,251300,0.0,0.0
2025-02-03 00:00:00-05:00,138.66000366210938,139.2550048828125,134.56500244140625,135.97999572753906,367800,0.0,0.0
2025-02-04 00:00:00-05:00,136.02999877929688,138.71299743652344,136.02999877929688,136.82000732421875,238500,0.0,0.0
2025-02-05 00:00:00-05:00,138.24000549316406,138.24000549316406,135.13999938964844,135.8300018310547,476700,0.0,0.0
2025-02-06 00:00:00-05:00,136.82000732421875,137.90499877929688,135.61000061035156,137.35000610351562,399300,0.0,0.0
2025-02-07 00:00:00-05:00,136.82000732421875,137.08999633789062,132.60499572753906,133.1300048828125,303600,0.0,0.0
2025-02-10 00:00:00-05:00,134.8000030517578,134.8000030517578,129.25,134.0800018310547,630000,0.0,0.0
2025-02-11 00:00:00-05:00,133.4499969482422,136.10000610351562,132.2100067138672,133.16000366210938,530600,0.0,0.0
2025-02-12 00:00:00-05:00,134.3699951171875,139.00999450683594,132.0,136.8800048828125,958100,0.0,0.0
2025-02-13 00:00:00-05:00,136.6199951171875,145.83999633789062,136.47000122070312,141.16000366210938,815600,0.0,0.0
2025-02-14 00:00:00-05:00,142.8000030517578,147.8699951171875,142.8000030517578,146.08999633789062,499000,0.0,0.0
2025-02-18 00:00:00-05:00,145.41000366210938,146.30999755859375,142.96499633789062,143.39999389648438,385200,0.0,0.0
2025-02-19 00:00:00-05:00,140.83999633789062,141.80499267578125,138.52999877929688,140.97999572753906,366500,0.0,0.0
2025-02-20 00:00:00-05:00,141.50999450683594,141.83999633789062,138.75,140.85000610351562,339400,0.0,0.0
2025-02-21 00:00:00-05:00,142.8699951171875,142.8699951171875,133.4499969482422,134.6199951171875,354800,0.0,0.0
2025-02-24 00:00:00-05:00,134.38999938964844,134.39999389648438,130.56500244140625,131.7100067138672,434200,0.0,0.0
2025-02-25 00:00:00-05:00,131.75,134.1699981689453,130.50999450683594,132.2899932861328,511900,0.0,0.0
2025-02-26 00:00:00-05:00,132.67999267578125,133.89999389648438,129.52999877929688,129.52999877929688,337500,0.0,0.0
2025-02-27 00:00:00-05:00,128.91000366210938,130.02999877929688,124.30000305175781,124.4800033569336,381000,0.0,0.0
2025-02-28 00:00:00-05:00,124.77999877929688,126.61000061035156,124.06999969482422,126.30999755859375,495200,0.0,0.0
2025-03-03 00:00:00-05:00,126.80999755859375,126.97000122070312,124.41999816894531,124.5,850900,0.0,0.0
2025-03-04 00:00:00-05:00,121.88999938964844,124.06999969482422,119.1449966430664,122.06999969482422,649900,0.0,0.0
2025-03-05 00:00:00-05:00,122.69000244140625,124.69999694824219,121.05500030517578,124.13999938964844,532900,0.0,0.0
2025-03-06 00:00:00-05:00,122.66000366210938,125.2699966430664,121.26000213623047,125.16000366210938,583500,0.0,0.0
2025-03-07 00:00:00-05:00,125.2300033569336,129.07000732421875,123.94000244140625,129.07000732421875,633400,0.0,0.0
2025-03-10 00:00:00-04:00,128.00999450683594,132.05999755859375,126.87999725341797,127.12999725341797,528400,0.0,0.0
2025-03-11 00:00:00-04:00,126.2699966430664,126.87999725341797,122.71499633789062,124.44999694824219,417000,0.0,0.0
2025-03-12 00:00:00-04:00,124.70999908447266,126.80999755859375,123.23999786376953,123.27999877929688,300100,0.0,0.0
2025-03-13 00:00:00-04:00,122.7699966430664,125.05000305175781,120.0,120.25,614300,0.0,0.0
2025-03-14 00:00:00-04:00,122.23999786376953,122.93000030517578,120.0,122.61000061035156,408300,0.0,0.0
2025-03-17 00:00:00-04:00,121.62000274658203,124.8499984741211,121.08000183105469,123.63999938964844,259900,0.0,0.0
2025-03-18 00:00:00-04:00,122.80000305175781,124.55000305175781,121.02999877929688,123.88999938964844,386600,0.0,0.0
2025-03-19 00:00:00-04:00,123.80000305175781,124.69000244140625,121.5,122.6500015258789,609300,0.0,0.0
2025-03-20 00:00:00-04:00,121.33000183105469,124.94999694824219,120.94999694824219,121.87999725341797,475400,0.0,0.0
2025-03-21 00:00:00-04:00,118.91999816894531,122.41999816894531,117.87999725341797,122.0,890300,0.0,0.0
2025-03-24 00:00:00-04:00,123.95999908447266,128.4499969482422,123.78500366210938,128.3000030517578,457400,0.0,0.0
2025-03-25 00:00:00-04:00,127.37000274658203,129.3699951171875,126.11000061035156,127.48999786376953,268100,0.0,0.0
2025-03-26 00:00:00-04:00,127.94999694824219,128.94000244140625,125.7699966430664,126.69999694824219,386400,0.0,0.0
2025-03-27 00:00:00-04:00,126.79000091552734,128.22000122070312,125.25499725341797,126.30000305175781,371000,0.0,0.0
2025-03-28 00:00:00-04:00,126.16999816894531,126.16999816894531,120.5199966430664,121.9000015258789,369000,0.0,0.0
2025-03-31 00:00:00-04:00,119.9000015258789,122.19000244140625,118.75,121.44000244140625,560600,0.0,0.0
2025-04-01 00:00:00-04:00,120.01000213623047,121.6500015258789,119.2699966430664,120.08999633789062,508100,0.0,0.0
2025-04-02 00:00:00-04:00,118.51000213623047,122.72000122070312,118.3949966430664,122.6500015258789,676300,0.0,0.0
2025-04-03 00:00:00-04:00,117.04000091552734,117.375,110.75499725341797,114.41999816894531,1057100,0.0,0.0
2025-04-04 00:00:00-04:00,110.12000274658203,113.25,106.23999786376953,111.4000015258789,894800,0.0,0.0
2025-04-07 00:00:00-04:00,107.41999816894531,114.08499908447266,104.52999877929688,109.55999755859375,828600,0.0,0.0
2025-04-08 00:00:00-04:00,112.80999755859375,113.80500030517578,103.69999694824219,104.79000091552734,651700,0.0,0.0
2025-04-09 00:00:00-04:00,103.23999786376953,116.41000366210938,101.25,114.18000030517578,1055000,0.0,0.0
2025-04-10 00:00:00-04:00,111.62999725341797,112.79000091552734,108.16999816894531,111.05000305175781,785300,0.0,0.0
2025-04-11 00:00:00-04:00,111.33999633789062,113.86000061035156,108.80999755859375,113.83999633789062,597900,0.0,0.0
2025-04-14 00:00:00-04:00,116.91000366210938,116.91000366210938,113.23999786376953,114.95999908447266,750000,0.0,0.0
2025-04-15 00:00:00-04:00,114.62000274658203,117.8499984741211,113.62000274658203,113.91999816894531,518700,0.0,0.0
2025-04-16 00:00:00-04:00,112.8499984741211,115.0,108.33000183105469,109.98999786376953,558600,0.0,0.0
2025-04-17 00:00:00-04:00,109.69000244140625,112.86000061035156,109.08999633789062,112.18000030517578,428900,0.0,0.0
2025-04-21 00:00:00-04:00,111.26000213623047,112.28700256347656,106.73999786376953,109.91999816894531,690500,0.0,0.0
2025-04-22 00:00:00-04:00,111.23999786376953,114.08000183105469,110.73999786376953,113.94999694824219,803000,0.0,0.0
2025-04-23 00:00:00-04:00,117.29000091552734,120.49500274658203,113.95500183105469,114.3499984741211,552400,0.0,0.0
2025-04-24 00:00:00-04:00,114.87999725341797,117.16000366210938,113.91000366210938,117.05000305175781,315000,0.0,0.0
2025-04-25 00:00:00-04:00,116.25,116.34500122070312,114.29000091552734,114.98999786376953,445900,0.0,0.0
2025-04-28 00:00:00-04:00,114.5999984741211,116.8550033569336,113.68000030517578,115.0199966430664,461900,0.0,0.0
2025-04-29 00:00:00-04:00,114.73999786376953,115.83999633789062,112.95999908447266,114.11000061035156,737700,0.0,0.0
2025-04-30 00:00:00-04:00,109.9000015258789,116.95999908447266,108.11499786376953,114.80999755859375,1125300,0.0,0.0
2025-05-01 00:00:00-04:00,115.43000030517578,118.55999755859375,113.55500030517578,116.91000366210938,991000,0.0,0.0
2025-05-02 00:00:00-04:00,118.66999816894531,122.08000183105469,117.68199920654297,121.81999969482422,783800,0.0,0.0
2025-05-05 00:00:00-04:00,120.69999694824219,123.91500091552734,120.3499984741211,120.80000305175781,545400,0.0,0.0
2025-05-06 00:00:00-04:00,119.18000030517578,120.94000244140625,117.94999694824219,117.94999694824219,549000,0.0,0.0
2025-05-07 00:00:00-04:00,118.38999938964844,119.06999969482422,116.80599975585938,118.37000274658203,600100,0.0,0.0
2025-05-08 00:00:00-04:00,120.0199966430664,122.33499908447266,119.20999908447266,121.36000061035156,454200,0.0,0.0
2025-05-09 00:00:00-04:00,121.94999694824219,122.18499755859375,120.08999633789062,120.66000366210938,258500,0.0,0.0
2025-05-12 00:00:00-04:00,126.8499984741211,127.77999877929688,121.37999725341797,127.30000305175781,1245300,0.0,0.0
2025-05-13 00:00:00-04:00,128.14999389648438,128.60000610351562,126.18000030517578,126.94000244140625,587100,0.0,0.0
2025-05-14 00:00:00-04:00,126.51000213623047,128.4550018310547,124.40499877929688,124.41999816894531,323800,0.0,0.0
2025-05-15 00:00:00-04:00,123.94000244140625,124.13999938964844,122.31500244140625,122.8499984741211,632300,0.0,0.0
2025-05-16 00:00:00-04:00,123.13999938964844,125.73999786376953,122.19999694824219,125.4800033569336,280500,0.0,0.0
2025-05-19 00:00:00-04:00,122.04000091552734,124.2699966430664,122.04000091552734,123.31999969482422,378900,0.0,0.0
2025-05-20 00:00:00-04:00,123.9800033569336,124.11000061035156,121.2699966430664,121.54000091552734,278500,0.0,0.0
2025-05-21 00:00:00-04:00,120.0,120.55699920654297,115.83499908447266,115.94000244140625,346400,0.0,0.0
2025-05-22 00:00:00-04:00,115.37999725341797,116.62999725341797,113.9000015258789,115.7699966430664,375900,0.0,0.0
2025-05-23 00:00:00-04:00,113.69999694824219,116.19000244140625,112.88999938964844,115.79000091552734,432200,0.0,0.0
2025-05-27 00:00:00-04:00,118.37999725341797,119.5,115.19999694824219,118.97000122070312,628500,0.0,0.0
2025-05-28 00:00:00-04:00,119.02999877929688,119.52999877929688,116.67500305175781,117.02999877929688,361800,0.0,0.0
2025-05-29 00:00:00-04:00,117.94999694824219,118.01499938964844,116.29000091552734,117.45999908447266,275300,0.0,0.0
2025-05-30 00:00:00-04:00,117.16999816894531,117.80999755859375,116.05999755859375,116.80999755859375,372700,0.0,0.0
2025-06-02 00:00:00-04:00,116.30999755859375,117.47000122070312,112.2300033569336,114.18000030517578,563300,0.0,0.0
2025-06-03 00:00:00-04:00,114.5199966430664,120.31999969482422,113.45999908447266,119.98999786376953,521600,0.0,0.0
2025-06-04 00:00:00-04:00,119.83999633789062,121.08000183105469,118.5,119.97000122070312,453600,0.0,0.0
2025-06-05 00:00:00-04:00,119.72000122070312,123.77999877929688,119.18499755859375,123.58999633789062,576300,0.0,0.0
2025-06-06 00:00:00-04:00,125.5199966430664,126.25,121.42500305175781,122.0,468900,0.0,0.0
2025-06-09 00:00:00-04:00,123.91999816894531,125.05999755859375,122.61499786376953,124.29000091552734,308300,0.0,0.0
2025-06-10 00:00:00-04:00,125.66000366210938,126.50499725341797,124.5199966430664,125.86000061035156,353500,0.0,0.0
2025-06-11 00:00:00-04:00,126.95999908447266,128.52999877929688,123.0999984741211,123.69999694824219,606600,0.0,0.0
2025-06-12 00:00:00-04:00,122.26000213623047,124.73999786376953,121.12000274658203,123.27999877929688,612600,0.0,0.0
2025-06-13 00:00:00-04:00,121.08999633789062,122.16999816894531,117.91000366210938,118.7699966430664,286700,0.0,0.0
2025-06-16 00:00:00-04:00,120.16999816894531,120.37000274658203,118.16999816894531,119.66000366210938,414000,0.0,0.0
2025-06-17 00:00:00-04:00,118.26000213623047,119.8499984741211,116.51000213623047,116.69000244140625,349600,0.0,0.0
2025-06-18 00:00:00-04:00,116.9000015258789,119.9000015258789,115.73999786376953,116.95999908447266,397400,0.0,0.0
2025-06-20 00:00:00-04:00,118.2300033569336,119.33000183105469,116.41000366210938,116.58000183105469,568500,0.0,0.0
2025-06-23 00:00:00-04:00,115.63999938964844,121.18000030517578,115.30999755859375,121.01000213623047,404900,0.0,0.0
2025-06-24 00:00:00-04:00,122.0,122.73999786376953,120.47000122070312,121.81999969482422,249700,0.0,0.0
2025-06-25 00:00:00-04:00,121.47000122070312,122.37000274658203,119.5,120.30999755859375,478000,0.0,0.0
2025-06-26 00:00:00-04:00,120.56999969482422,121.55999755859375,119.36799621582031,121.19000244140625,292200,0.0,0.0
2025-06-27 00:00:00-04:00,122.61000061035156,122.81999969482422,118.98999786376953,120.54000091552734,541500,0.0,0.0
2025-06-30 00:00:00-04:00,120.69999694824219,121.5199966430664,118.76000213623047,120.94000244140625,571700,0.0,0.0
2025-07-01 00:00:00-04:00,120.33000183105469,129.7100067138672,120.1050033569336,126.2699966430664,553000,0.0,0.0
2025-07-02 00:00:00-04:00,125.0,129.0800018310547,124.25,128.99000549316406,754700,0.0,0.0
2025-07-03 00:00:00-04:00,129.07000732421875,130.3300018310547,128.05999755859375,129.74000549316406,415100,0.0,0.0
2025-07-07 00:00:00-04:00,128.0,129.39999389648438,125.48999786376953,126.52999877929688,539400,0.0,0.0
2025-07-08 00:00:00-04:00,126.94999694824219,130.52000427246094,126.94999694824219,128.60000610351562,787700,0.0,0.0
2025-07-09 00:00:00-04:00,129.64999389648438,130.77000427246094,127.02999877929688,129.83999633789062,427900,0.0,0.0
2025-07-10 00:00:00-04:00,130.38999938964844,133.36000061035156,129.3350067138672,131.3800048828125,299400,0.0,0.0
2025-07-11 00:00:00-04:00,130.1300048828125,130.1300048828125,128.24000549316406,129.24000549316406,318300,0.0,0.0
2025-07-14 00:00:00-04:00,128.89999389648438,129.55999755859375,126.88999938964844,127.02999877929688,317800,0.0,0.0
2025-07-15 00:00:00-04:00,128.00999450683594,128.77999877929688,121.97000122070312,121.97000122070312,308300,0.0,0.0
2025-07-16 00:00:00-04:00,122.7300033569336,123.91999816894531,121.82499694824219,123.75,409800,0.0,0.0
2025-07-17 00:00:00-04:00,123.93000030517578,126.19999694824219,123.86499786376953,125.37999725341797,386900,0.0,0.0
2025-07-18 00:00:00-04:00,126.5,126.58000183105469,123.20999908447266,124.37000274658203,660900,0.0,0.0
2025-07-21 00:00:00-04:00,124.79000091552734,126.22000122070312,123.12999725341797,123.16000366210938,822100,0.0,0.0
2025-07-22 00:00:00-04:00,124.29000091552734,128.8300018310547,123.95500183105469,128.66000366210938,745900,0.0,0.0
2025-07-23 00:00:00-04:00,129.55999755859375,131.58999633789062,128.39999389648438,131.39999389648438,1166200,0.0,0.0
2025-07-24 00:00:00-04:00,131.77999877929688,132.97999572753906,129.30999755859375,131.25,754100,0.0,0.0
2025-07-25 00:00:00-04:00,132.5500030517578,132.91000366210938,130.76499938964844,132.75999450683594,660000,0.0,0.0
2025-07-28 00:00:00-04:00,132.47999572753906,134.49000549316406,130.89999389648438,131.0,870100,0.0,0.0
2025-07-29 00:00:00-04:00,130.97999572753906,132.05999755859375,127.52999877929688,128.57000732421875,751700,0.0,0.0
2025-07-30 00:00:00-04:00,131.1300048828125,142.82000732421875,126.15499877929688,142.22000122070312,1662100,0.0,0.0
2025-07-31 00:00:00-04:00,141.25999450683594,142.0,137.4149932861328,137.8300018310547,949300,0.0,0.0
2025-08-01 00:00:00-04:00,135.83999633789062,136.89500427246094,132.88499450683594,136.3699951171875,729200,0.0,0.0
2025-08-04 00:00:00-04:00,136.88999938964844,137.88499450683594,135.05499267578125,137.5,519300,0.0,0.0
2025-08-05 00:00:00-04:00,137.77999877929688,139.38999938964844,135.84500122070312,138.66000366210938,537400,0.0,0.0
2025-08-06 00:00:00-04:00,138.91000366210938,138.91000366210938,135.10000610351562,136.1300048828125,617600,0.0,0.0
2025-08-07 00:00:00-04:00,137.75999450683594,138.02999877929688,133.8000030517578,133.92999267578125,554300,0.0,0.0
2025-08-08 00:00:00-04:00,134.67999267578125,134.67999267578125,131.5500030517578,132.3000030517578,488500,0.0,0.0
2025-08-11 00:00:00-04:00,132.27999877929688,132.52999877929688,128.52999877929688,131.6199951171875,679500,0.0,0.0
2025-08-12 00:00:00-04:00,132.27000427246094,138.0399932861328,131.84500122070312,137.94000244140625,378100,0.0,0.0
2025-08-13 00:00:00-04:00,138.63999938964844,146.7100067138672,137.39999389648438,146.1999969482422,942500,0.0,0.0
2025-08-14 00:00:00-04:00,143.35000610351562,143.36500549316406,140.52000427246094,141.3300018310547,592900,0.0,0.0
2025-08-15 00:00:00-04:00,142.27999877929688,142.27999877929688,139.36500549316406,139.61000061035156,394500,0.0,0.0
2025-08-18 00:00:00-04:00,140.49000549316406,140.8000030517578,138.75,140.4600067138672,347100,0.0,0.0
2025-08-19 00:00:00-04:00,141.35000610351562,143.36000061035156,139.51499938964844,142.5,386100,0.0,0.0
2025-08-20 00:00:00-04:00,141.77999877929688,141.77999877929688,137.3300018310547,137.8300018310547,552800,0.0,0.0
2025-08-21 00:00:00-04:00,137.91000366210938,138.94000244140625,136.64500427246094,138.02999877929688,442200,0.0,0.0
2025-08-22 00:00:00-04:00,138.0,147.4499969482422,137.7449951171875,147.22000122070312,562400,0.0,0.0
2025-08-25 00:00:00-04:00,146.02999877929688,147.19000244140625,143.69000244140625,144.3800048828125,713000,0.0,0.0
2025-08-26 00:00:00-04:00,144.24000549316406,145.5399932861328,143.4199981689453,143.6699981689453,346600,0.0,0.0
2025-08-27 00:00:00-04:00,140.89999389648438,145.80999755859375,140.8000030517578,145.0500030517578,476300,0.0,0.0
2025-08-28 00:00:00-04:00,145.17999267578125,146.1999969482422,142.7899932861328,144.9600067138672,510500,0.0,0.0
2025-08-29 00:00:00-04:00,145.07000732421875,145.9600067138672,142.28500366210938,143.24000549316406,326100,0.0,0.0
2025-09-02 00:00:00-04:00,140.41000366210938,142.41000366210938,139.9600067138672,141.8699951171875,350800,0.0,0.0
2025-09-03 00:00:00-04:00,141.47999572753906,143.9499969482422,140.16000366210938,142.8699951171875,458200,0.0,0.0
2025-09-04 00:00:00-04:00,143.74000549316406,147.67999267578125,142.83999633789062,147.38999938964844,516200,0.0,0.0
2025-09-05 00:00:00-04:00,149.25999450683594,154.0,148.4499969482422,152.97000122070312,809100,0.0,0.0
2025-09-08 00:00:00-04:00,152.64999389648438,153.25,150.77000427246094,151.99000549316406,641900,0.0,0.0
2025-09-09 00:00:00-04:00,150.0,151.28500366210938,141.92999267578125,142.50999450683594,803600,0.0,0.0
2025-09-10 00:00:00-04:00,143.61000061035156,145.1699981689453,141.9199981689453,143.22999572753906,554600,0.0,0.0
2025-09-11 00:00:00-04:00,142.25,144.02000427246094,141.22999572753906,141.99000549316406,902000,0.0,0.0
2025-09-12 00:00:00-04:00,140.72999572753906,141.27000427246094,139.3249969482422,139.5800018310547,358100,0.0,0.0
2025-09-15 00:00:00-04:00,140.1199951171875,140.1199951171875,137.0800018310547,138.39999389648438,494300,0.0,0.0
2025-09-16 00:00:00-04:00,139.41000366210938,141.42999267578125,138.5399932861328,140.9199981689453,504300,0.0,0.0
2025-09-17 00:00:00-04:00,141.38999938964844,142.18299865722656,135.13999938964844,135.88999938964844,735400,0.0,0.0
2025-09-18 00:00:00-04:00,137.10000610351562,138.52499389648438,135.60499572753906,136.35000610351562,404700,0.0,0.0
2025-09-19 00:00:00-04:00,138.8000030517578,138.8000030517578,134.47000122070312,135.2899932861328,634000,0.0,0.0
2025-09-22 00:00:00-04:00,134.5,135.22999572753906,133.10000610351562,134.10000610351562,485200,0.0,0.0
2025-09-23 00:00:00-04:00,134.77999877929688,136.27499389648438,133.6199951171875,134.00999450683594,456500,0.0,0.0
2025-09-24 00:00:00-04:00,133.67999267578125,134.5500030517578,130.22000122070312,130.58999633789062,319400,0.0,0.0
2025-09-25 00:00:00-04:00,128.9199981689453,130.19500732421875,127.08999633789062,128.3800048828125,554900,0.0,0.0
2025-09-26 00:00:00-04:00,128.8300018310547,129.14999389648438,127.5199966430664,129.0800018310547,364500,0.0,0.0
2025-09-29 00:00:00-04:00,130.13999938964844,131.7050018310547,127.16000366210938,127.83000183105469,585700,0.0,0.0
2025-09-30 00:00:00-04:00,128.72000122070312,128.88999938964844,126.3499984741211,128.8000030517578,522300,0.0,0.0
2025-10-01 00:00:00-04:00,128.75,130.1999969482422,125.4000015258789,127.52999877929688,407600,0.0,0.0
2025-10-02 00:00:00-04:00,127.45999908447266,128.8000030517578,126.56999969482422,128.6300048828125,501100,0.0,0.0
2025-10-03 00:00:00-04:00,128.61000061035156,130.2100067138672,126.87000274658203,127.4800033569336,329900,0.0,0.0
2025-10-06 00:00:00-04:00,128.5,128.5,123.8499984741211,124.94000244140625,638400,0.0,0.0
2025-10-07 00:00:00-04:00,125.33999633789062,126.36499786376953,122.81999969482422,123.16999816894531,643500,0.0,0.0
2025-10-08 00:00:00-04:00,123.1500015258789,123.94999694824219,120.08999633789062,121.41000366210938,597900,0.0,0.0
2025-10-09 00:00:00-04:00,121.5999984741211,121.5999984741211,118.0,118.80999755859375,472100,0.0,0.0
2025-10-10 00:00:00-04:00,118.97000122070312,119.37000274658203,116.08000183105469,116.98999786376953,538900,0.0,0.0
2025-10-13 00:00:00-04:00,117.44999694824219,120.3499984741211,117.44999694824219,120.05000305175781,738300,0.0,0.0
2025-10-14 00:00:00-04:00,119.08000183105469,125.31999969482422,118.8949966430664,124.05000305175781,554500,0.0,0.0
2025-10-15 00:00:00-04:00,122.30999755859375,122.80999755859375,119.38999938964844,122.30000305175781,881400,0.0,0.0
2025-10-16 00:00:00-04:00,123.31999969482422,123.31999969482422,118.38999938964844,120.88999938964844,677000,0.0,0.0
2025-10-17 00:00:00-04:00,120.86000061035156,120.9800033569336,119.04000091552734,120.01000213623047,405400,0.0,0.0
2025-10-20 00:00:00-04:00,120.7300033569336,122.87999725341797,118.75499725341797,121.26000213623047,408700,0.0,0.0
2025-10-21 00:00:00-04:00,120.54000091552734,123.94000244140625,120.33999633789062,122.66000366210938,517100,0.0,0.0
2025-10-22 00:00:00-04:00,122.27999877929688,123.47000122070312,120.06999969482422,120.5999984741211,564300,0.0,0.0
2025-10-23 00:00:00-04:00,121.66000366210938,124.5199966430664,121.38999938964844,124.19999694824219,552800,0.0,0.0
2025-10-24 00:00:00-04:00,125.7699966430664,126.31999969482422,124.69499969482422,125.06999969482422,595300,0.0,0.0
2025-10-27 00:00:00-04:00,126.5999984741211,127.2699966430664,123.19999694824219,124.41000366210938,734700,0.0,0.0
2025-10-28 00:00:00-04:00,123.80999755859375,125.18000030517578,122.51000213623047,123.23999786376953,795600,0.0,0.0
2025-10-29 00:00:00-04:00,127.7699966430664,137.31500244140625,125.0199966430664,132.14999389648438,1633400,0.0,0.0
2025-10-30 00:00:00-04:00,130.6699981689453,133.0,128.9199981689453,129.72999572753906,828600,0.0,0.0
2025-10-31 00:00:00-04:00,129.74000549316406,131.44000244140625,128.85499572753906,129.77000427246094,669600,0.0,0.0
2025-11-03 00:00:00-05:00,128.27999877929688,128.27999877929688,124.61000061035156,124.72000122070312,933700,0.0,0.0
2025-11-04 00:00:00-05:00,123.98999786376953,126.37000274658203,122.91000366210938,125.6500015258789,672800,0.0,0.0
2025-11-05 00:00:00-05:00,125.9800033569336,127.53700256347656,124.08000183105469,124.19000244140625,716200,0.0,0.0
2025-11-06 00:00:00-05:00,125.36000061035156,125.54000091552734,122.08000183105469,122.13999938964844,556400,0.0,0.0
2025-11-07 00:00:00-05:00,121.55000305175781,124.2699966430664,121.50499725341797,122.87000274658203,480100,0.0,0.0
2025-11-10 00:00:00-05:00,123.29000091552734,124.87000274658203,122.26000213623047,123.77999877929688,474400,0.0,0.0
2025-11-11 00:00:00-05:00,124.33000183105469,125.81999969482422,122.76000213623047,125.26000213623047,425400,0.0,0.0
2025-11-12 00:00:00-05:00,124.5999984741211,126.81999969482422,124.5999984741211,126.41000366210938,624400,0.0,0.0
2025-11-13 00:00:00-05:00,125.45999908447266,128.17999267578125,125.45999908447266,127.0199966430664,746500,0.0,0.0
2025-11-14 00:00:00-05:00,126.73999786376953,128.61599731445312,125.58000183105469,128.5399932861328,760800,0.0,0.0
2025-11-17 00:00:00-05:00,129.3800048828125,132.9149932861328,127.5999984741211,128.6999969482422,1337100,0.0,0.0
2025-11-18 00:00:00-05:00,126.97000122070312,128.86500549316406,125.5999984741211,127.41000366210938,632800,0.0,0.0
2025-11-19 00:00:00-05:00,127.44999694824219,130.0449981689453,124.91999816894531,126.43000030517578,910600,0.0,0.0
2025-11-20 00:00:00-05:00,127.22000122070312,128.30499267578125,123.86100006103516,125.11000061035156,565400,0.0,0.0
2025-11-21 00:00:00-05:00,126.55999755859375,133.60000610351562,124.73999786376953,131.10000610351562,780200,0.0,0.0
2025-11-24 00:00:00-05:00,129.75,131.1300048828125,128.3000030517578,129.27000427246094,566700,0.0,0.0
2025-11-25 00:00:00-05:00,130.7100067138672,135.4949951171875,128.27999877929688,135.13999938964844,708500,0.0,0.0
2025-11-26 00:00:00-05:00,135.02999877929688,137.0800018310547,134.1999969482422,135.6199951171875,480800,0.0,0.0
2025-11-28 00:00:00-05:00,135.25999450683594,136.02000427246094,133.7899932861328,134.27999877929688,203900,0.0,0.0
2025-12-01 00:00:00-05:00,132.38999938964844,134.6699981689453,131.3699951171875,133.0,543500,0.0,0.0
2025-12-02 00:00:00-05:00,130.75,134.39999389648438,130.75,133.14999389648438,580900,0.0,0.0
2025-12-03 00:00:00-05:00,132.9600067138672,135.75999450683594,131.99000549316406,133.97000122070312,792700,0.0,0.0
2025-12-04 00:00:00-05:00,134.1199951171875,134.55499267578125,129.74000549316406,130.25,551500,0.0,0.0
2025-12-05 00:00:00-05:00,120.12999725341797,132.57000732421875,120.12999725341797,131.36000061035156,423600,0.0,0.0
2025-12-08 00:00:00-05:00,132.86000061035156,133.02999877929688,126.66999816894531,126.69999694824219,742900,0.0,0.0
2025-12-09 00:00:00-05:00,125.91999816894531,128.19000244140625,125.02999877929688,125.58999633789062,832900,0.0,0.0
2025-12-10 00:00:00-05:00,125.8499984741211,130.1699981689453,124.38999938964844,129.8800048828125,654500,0.0,0.0
2025-12-11 00:00:00-05:00,131.13999938964844,132.8699951171875,128.82000732421875,131.22000122070312,407600,0.0,0.0
2025-12-12 00:00:00-05:00,132.33999633789062,132.33999633789062,129.1199951171875,129.8699951171875,447500,0.0,0.0
2025-12-15 00:00:00-05:00,130.0,131.72999572753906,126.79000091552734,128.08999633789062,482100,0.0,0.0
2025-12-16 00:00:00-05:00,127.8499984741211,129.0800018310547,126.3499984741211,127.19999694824219,367000,0.0,0.0
2025-12-17 00:00:00-05:00,126.29000091552734,129.9499969482422,126.0999984741211,127.55000305175781,440200,0.0,0.0
2025-12-18 00:00:00-05:00,130.82000732421875,131.74000549316406,127.41000366210938,127.66000366210938,576500,0.0,0.0
2025-12-19 00:00:00-05:00,126.94999694824219,128.7899932861328,125.30999755859375,128.57000732421875,625500,0.0,0.0
2025-12-22 00:00:00-05:00,127.94999694824219,129.1699981689453,127.06999969482422,127.97000122070312,368600,0.0,0.0
2025-12-23 00:00:00-05:00,127.70999908447266,127.70999908447266,125.31999969482422,126.02999877929688,328200,0.0,0.0
2025-12-24 00:00:00-05:00,126.5,127.88999938964844,125.9000015258789,127.33999633789062,129100,0.0,0.0
2025-12-26 00:00:00-05:00,126.66000366210938,127.5199966430664,126.20999908447266,127.20999908447266,251800,0.0,0.0
2025-12-29 00:00:00-05:00,127.41000366210938,127.9800033569336,125.81999969482422,126.5199966430664,305800,0.0,0.0
2025-12-30 00:00:00-05:00,126.25,127.86000061035156,125.72000122070312,126.68000030517578,316400,0.0,0.0
2025-12-31 00:00:00-05:00,126.43000030517578,127.55999755859375,124.54000091552734,124.55999755859375,280400,0.0,0.0
2026-01-02 00:00:00-05:00,124.51000213623047,125.83000183105469,123.15799713134766,125.05999755859375,563900,0.0,0.0
2026-01-05 00:00:00-05:00,125.47000122070312,132.27999877929688,125.47000122070312,131.85000610351562,921100,0.0,0.0
2026-01-06 00:00:00-05:00,131.24000549316406,131.58999633789062,128.02000427246094,129.89999389648438,512000,0.0,0.0
2026-01-07 00:00:00-05:00,130.83999633789062,131.15499877929688,127.47000122070312,129.0399932861328,534600,0.0,0.0
2026-01-08 00:00:00-05:00,127.75,133.56500244140625,127.75,133.22000122070312,662700,0.0,0.0
2026-01-09 00:00:00-05:00,137.05999755859375,142.6199951171875,135.13999938964844,140.4600067138672,1251500,0.0,0.0
2026-01-12 00:00:00-05:00,138.99000549316406,145.9600067138672,138.3000030517578,145.24000549316406,1383300,0.0,0.0
2026-01-13 00:00:00-05:00,146.36000061035156,148.8300018310547,145.61500549316406,147.8000030517578,1208100,0.0,0.0
2026-01-14 00:00:00-05:00,148.50999450683594,148.50999450683594,142.8800048828125,148.33999633789062,827900,0.0,0.0
2026-01-15 00:00:00-05:00,149.9600067138672,151.97000122070312,147.8800048828125,149.80999755859375,829600,0.0,0.0
2026-01-16 00:00:00-05:00,149.77999877929688,150.7899932861328,147.52000427246094,147.52999877929688,715000,0.0,0.0
2026-01-20 00:00:00-05:00,144.7100067138672,145.66000366210938,142.6300048828125,142.6699981689453,529800,0.0,0.0
2026-01-21 00:00:00-05:00,143.60000610351562,149.4199981689453,142.60000610351562,147.83999633789062,523500,0.0,0.0
2026-01-22 00:00:00-05:00,148.9199981689453,149.83999633789062,146.05499267578125,148.4499969482422,512300,0.0,0.0
2026-01-23 00:00:00-05:00,148.33999633789062,149.0800018310547,145.9499969482422,147.5,438400,0.0,0.0
2026-01-26 00:00:00-05:00,147.5,147.7899932861328,145.63999938964844,146.6199951171875,491900,0.0,0.0
2026-01-27 00:00:00-05:00,146.02999877929688,147.49000549316406,144.05999755859375,144.3800048828125,480300,0.0,0.0
2026-01-28 00:00:00-05:00,144.08999633789062,145.25999450683594,143.14999389648438,144.3699951171875,304300,0.0,0.0
2026-01-29 00:00:00-05:00,144.67999267578125,146.10000610351562,139.81500244140625,143.16000366210938,709300,0.0,0.0
2026-01-30 00:00:00-05:00,141.58999633789062,143.88499450683594,140.75999450683594,143.5399932861328,588000,0.0,0.0
2026-02-02 00:00:00-05:00,143.02999877929688,145.0,141.47000122070312,144.2100067138672,443100,0.0,0.0
2026-02-03 00:00:00-05:00,143.85000610351562,149.3000030517578,143.85000610351562,147.08999633789062,591500,0.0,0.0
2026-02-04 00:00:00-05:00,147.8000030517578,152.2949981689453,146.3800048828125,149.5500030517578,683700,0.0,0.0
2026-02-05 00:00:00-05:00,148.42999267578125,149.5050048828125,146.60499572753906,148.02999877929688,410800,0.0,0.0
2026-02-06 00:00:00-05:00,148.8300018310547,152.22799682617188,148.8300018310547,150.00999450683594,729100,0.0,0.0
2026-02-09 00:00:00-05:00,150.1300048828125,151.4199981689453,145.58999633789062,145.64999389648438,983200,0.0,0.0
2026-02-10 00:00:00-05:00,147.75999450683594,149.72999572753906,146.32000732421875,148.77999877929688,999200,0.0,0.0
2026-02-11 00:00:00-05:00,153.4499969482422,167.59800720214844,146.87600708007812,163.25,2111500,0.0,0.0
2026-02-12 00:00:00-05:00,166.4600067138672,168.55999755859375,159.10000610351562,159.2100067138672,784000,0.0,0.0
2026-02-13 00:00:00-05:00,158.19000244140625,161.0,156.4600067138672,157.0399932861328,695400,0.0,0.0
2026-02-17 00:00:00-05:00,155.47000122070312,156.99000549316406,151.8300018310547,153.52999877929688,622300,0.0,0.0
2026-02-18 00:00:00-05:00,152.86000061035156,156.31500244140625,152.33999633789062,152.38999938964844,626500,0.0,0.0
2026-02-19 00:00:00-05:00,151.57000732421875,154.76499938964844,150.2899932861328,150.4199981689453,706400,0.0,0.0
2026-02-20 00:00:00-05:00,150.39999389648438,155.41000366210938,150.0050048828125,151.39999389648438,592100,0.0,0.0
2026-02-23 00:00:00-05:00,150.9499969482422,151.27999877929688,145.77000427246094,146.72999572753906,488800,0.0,0.0
2026-02-24 00:00:00-05:00,147.30999755859375,150.24000549316406,146.91000366210938,148.27999877929688,527100,0.0,0.0
2026-02-25 00:00:00-05:00,148.10000610351562,148.73399353027344,139.59800720214844,140.41000366210938,1143500,0.0,0.0
2026-02-26 00:00:00-05:00,141.30999755859375,147.1300048828125,139.61000061035156,147.00999450683594,772800,0.0,0.0
2026-02-27 00:00:00-05:00,144.8000030517578,144.8000030517578,141.5399932861328,142.88999938964844,528600,0.0,0.0
2026-03-02 00:00:00-05:00,140.77000427246094,142.7100067138672,137.59500122070312,141.86000061035156,489400,0.0,0.0
2026-03-03 00:00:00-05:00,137.41000366210938,140.80999755859375,135.42999267578125,140.13999938964844,370600,0.0,0.0
2026-03-04 00:00:00-05:00,140.42999267578125,140.7899932861328,138.4199981689453,139.22000122070312,289100,0.0,0.0
2026-03-05 00:00:00-05:00,137.75,140.3800048828125,134.85000610351562,135.47000122070312,438900,0.0,0.0
2026-03-06 00:00:00-05:00,133.14999389648438,134.8000030517578,130.75,130.8800048828125,440700,0.0,0.0
2026-03-09 00:00:00-04:00,128.3699951171875,134.1699981689453,126.86000061035156,134.08999633789062,995800,0.0,0.0
2026-03-10 00:00:00-04:00,133.25,136.82000732421875,132.6199951171875,135.1999969482422,1052300,0.0,0.0
2026-03-11 00:00:00-04:00,134.5800018310547,135.32000732421875,131.6750030517578,135.32000732421875,486700,0.0,0.0
2026-03-12 00:00:00-04:00,133.8300018310547,134.42999267578125,129.99000549316406,130.36000061035156,476400,0.0,0.0
2026-03-13 00:00:00-04:00,131.52000427246094,132.14999389648438,128.47000122070312,129.80999755859375,521000,0.0,0.0
2026-03-16 00:00:00-04:00,130.9600067138672,131.05999755859375,128.82000732421875,129.0399932861328,468100,0.0,0.0
2026-03-17 00:00:00-04:00,130.77000427246094,131.80999755859375,129.6199951171875,131.0399932861328,384000,0.0,0.0
2026-03-18 00:00:00-04:00,129.14999389648438,131.34500122070312,129.14999389648438,129.60000610351562,497800,0.0,0.0
2026-03-19 00:00:00-04:00,127.5,131.14500427246094,125.0,130.2899932861328,1000600,0.0,0.0
2026-03-20 00:00:00-04:00,129.8800048828125,130.16000366210938,126.51000213623047,127.44999694824219,706800,0.0,0.0
2026-03-23 00:00:00-04:00,131.27999877929688,135.875,129.64999389648438,134.13999938964844,724100,0.0,0.0
2026-03-24 00:00:00-04:00,132.7899932861328,141.22000122070312,131.1699981689453,140.02000427246094,778400,0.0,0.0
2026-03-25 00:00:00-04:00,141.11000061035156,141.94500732421875,133.71499633789062,136.3000030517578,762400,0.0,0.0
2026-03-26 00:00:00-04:00,134.3800048828125,136.6699981689453,132.2100067138672,133.49000549316406,420500,0.0,0.0
2026-03-27 00:00:00-04:00,133.22999572753906,133.22999572753906,129.89999389648438,130.4600067138672,378600,0.0,0.0
2026-03-30 00:00:00-04:00,131.38999938964844,131.82000732421875,128.51499938964844,129.99000549316406,492300,0.0,0.0
2026-03-31 00:00:00-04:00,127.5,135.17999267578125,126.96499633789062,133.11000061035156,684400,0.0,0.0
2026-04-01 00:00:00-04:00,132.9499969482422,133.36500549316406,127.87999725341797,128.4199981689453,1050900,0.0,0.0
2026-04-02 00:00:00-04:00,125.16999816894531,131.38499450683594,123.83000183105469,126.73999786376953,724100,0.0,0.0
2026-04-06 00:00:00-04:00,126.44999694824219,131.38999938964844,124.51000213623047,130.3699951171875,554400,0.0,0.0
2026-04-07 00:00:00-04:00,129.52999877929688,130.77000427246094,128.3699951171875,129.7100067138672,461200,0.0,0.0
2026-04-08 00:00:00-04:00,134.3699951171875,138.1699981689453,133.33999633789062,134.1999969482422,751700,0.0,0.0
2026-04-09 00:00:00-04:00,133.47000122070312,136.81500244140625,131.13999938964844,134.61000061035156,783500,0.0,0.0
2026-04-10 00:00:00-04:00,131.94000244140625,136.0749969482422,131.94000244140625,135.47999572753906,413600,0.0,0.0
2026-04-13 00:00:00-04:00,135.22000122070312,138.07000732421875,134.19000244140625,137.75999450683594,358900,0.0,0.0
2026-04-14 00:00:00-04:00,138.3300018310547,139.3000030517578,137.0,137.52999877929688,528400,0.0,0.0
2026-04-15 00:00:00-04:00,136.75,138.6199951171875,134.0500030517578,137.72000122070312,572600,0.0,0.0
2026-04-16 00:00:00-04:00,139.8000030517578,140.4499969482422,134.22999572753906,134.4499969482422,808000,0.0,0.0
2026-04-17 00:00:00-04:00,136.72999572753906,145.30499267578125,136.4550018310547,144.35000610351562,615000,0.0,0.0
2026-04-20 00:00:00-04:00,143.55999755859375,148.2899932861328,140.625,148.11000061035156,484200,0.0,0.0
2026-04-21 00:00:00-04:00,149.3699951171875,150.82000732421875,143.19000244140625,143.6699981689453,528200,0.0,0.0
2026-04-22 00:00:00-04:00,145.3300018310547,145.99000549316406,141.64999389648438,143.42999267578125,562900,0.0,0.0
2026-04-23 00:00:00-04:00,144.1199951171875,147.32000732421875,142.99000549316406,144.39999389648438,481800,0.0,0.0
2026-04-24 00:00:00-04:00,144.27999877929688,145.33999633789062,141.0399932861328,145.08999633789062,363200,0.0,0.0
2026-04-27 00:00:00-04:00,146.92999267578125,146.92999267578125,142.77999877929688,142.83999633789062,540700,0.0,0.0
2026-04-28 00:00:00-04:00,142.80999755859375,143.17999267578125,140.1999969482422,142.94000244140625,804500,0.0,0.0
2026-04-29 00:00:00-04:00,138.0,141.58999633789062,118.12000274658203,120.97000122070312,3582300,0.0,0.0
2026-04-30 00:00:00-04:00,124.68000030517578,129.97000122070312,123.4800033569336,126.05000305175781,1421800,0.0,0.0
2026-05-01 00:00:00-04:00,126.55000305175781,128.91000366210938,124.91999816894531,125.61000061035156,1117600,0.0,0.0
2026-05-04 00:00:00-04:00,127.05999755859375,127.06999969482422,122.9749984741211,125.43000030517578,919700,0.0,0.0
2026-05-05 00:00:00-04:00,124.41999816894531,126.06999969482422,120.91200256347656,121.05999755859375,1186800,0.0,0.0
2026-05-06 00:00:00-04:00,123.72000122070312,124.9800033569336,121.5999984741211,122.22000122070312,1103700,0.0,0.0
2026-05-07 00:00:00-04:00,124.87000274658203,127.15499877929688,124.48999786376953,124.98999786376953,878500,0.0,0.0
2026-05-08 00:00:00-04:00,125.0,125.11000061035156,120.0199966430664,121.0,710412,0.0,0.0
