Date,Open,High,Low,Close,Volume,Dividends,Stock Splits
2022-01-03 00:00:00-05:00,52032.0,62112.0,50112.0,58176.0,196,0.0,0.0
2022-01-04 00:00:00-05:00,58051.19921875,58176.0,54528.0,55200.0,100,0.0,0.0
2022-01-05 00:00:00-05:00,54528.0,57600.0,54048.0,54816.0,53,0.0,0.0
2022-01-06 00:00:00-05:00,54816.0,55680.0,51504.0,54048.0,56,0.0,0.0
2022-01-07 00:00:00-05:00,54432.0,56160.0,51168.0,51456.0,70,0.0,0.0
2022-01-10 00:00:00-05:00,51264.0,51408.0,48672.0,49344.0,93,0.0,0.0
2022-01-11 00:00:00-05:00,48768.0,50784.0,48192.0,49440.0,143,0.0,0.0
2022-01-12 00:00:00-05:00,50688.0,54624.0,48960.0,52512.0,145,0.0,0.0
2022-01-13 00:00:00-05:00,52032.0,53280.0,49440.0,51072.0,145,0.0,0.0
2022-01-14 00:00:00-05:00,50016.0,56160.0,50016.0,54240.0,218,0.0,0.0
2022-01-18 00:00:00-05:00,52800.0,54240.0,48960.0,49440.0,101,0.0,0.0
2022-01-19 00:00:00-05:00,50208.0,52416.0,48192.0,48288.0,87,0.0,0.0
2022-01-20 00:00:00-05:00,49344.0,52416.0,47424.0,48000.0,158,0.0,0.0
2022-01-21 00:00:00-05:00,49728.0,49728.0,44832.0,45216.0,160,0.0,0.0
2022-01-24 00:00:00-05:00,43497.6015625,44256.0,37152.0,43104.0,281,0.0,0.0
2022-01-25 00:00:00-05:00,41184.0,43776.0,40896.0,43200.0,74,0.0,0.0
2022-01-26 00:00:00-05:00,43872.0,47808.0,43488.0,43968.0,114,0.0,0.0
2022-01-27 00:00:00-05:00,43200.0,43920.0,39552.0,40272.0,112,0.0,0.0
2022-01-28 00:00:00-05:00,39648.0,40656.0,36576.0,36960.0,159,0.0,0.0
2022-01-31 00:00:00-05:00,35616.0,41184.0,35616.0,41088.0,197,0.0,0.0
2022-02-01 00:00:00-05:00,40608.0,43776.0,40128.0,43776.0,101,0.0,0.0
2022-02-02 00:00:00-05:00,44496.0,44496.0,39360.0,40512.0,203,0.0,0.0
2022-02-03 00:00:00-05:00,38688.0,41376.0,38534.3984375,39360.0,114,0.0,0.0
2022-02-04 00:00:00-05:00,39072.0,43104.0,38976.0,41472.0,112,0.0,0.0
2022-02-07 00:00:00-05:00,41280.0,42720.0,38976.0,39168.0,152,0.0,0.0
2022-02-08 00:00:00-05:00,39264.0,41520.0,38592.0,40704.0,95,0.0,0.0
2022-02-09 00:00:00-05:00,40896.0,43008.0,40896.0,42144.0,169,0.0,0.0
2022-02-10 00:00:00-05:00,41011.19921875,44304.0,40800.0,42144.0,123,0.0,0.0
2022-02-11 00:00:00-05:00,42048.0,45984.0,42048.0,44064.0,162,0.0,0.0
2022-02-14 00:00:00-05:00,43776.0,44380.80078125,39936.0,40800.0,158,0.0,0.0
2022-02-15 00:00:00-05:00,41760.0,45696.0,41280.0,45600.0,120,0.0,0.0
2022-02-16 00:00:00-05:00,44256.0,47232.0,44064.0,46656.0,78,0.0,0.0
2022-02-17 00:00:00-05:00,49324.80078125,53952.0,46272.0,48192.0,451,0.0,0.0
2022-02-18 00:00:00-05:00,47808.0,51216.0,46560.0,47232.0,185,0.0,0.0
2022-02-22 00:00:00-05:00,47980.80078125,53472.0,47232.0,48576.0,316,0.0,0.0
2022-02-23 00:00:00-05:00,50976.0,50976.0,44544.0,45504.0,291,0.0,0.0
2022-02-24 00:00:00-05:00,43872.0,50112.0,42432.0,50112.0,273,0.0,0.0
2022-02-25 00:00:00-05:00,49152.0,52704.0,47577.6015625,52608.0,185,0.0,0.0
2022-02-28 00:00:00-05:00,51936.0,55872.0,51744.0,55200.0,171,0.0,0.0
2022-03-01 00:00:00-05:00,54624.0,55296.0,50208.0,52128.0,144,0.0,0.0
2022-03-02 00:00:00-05:00,50880.0,51734.3984375,49536.0,50496.0,119,0.0,0.0
2022-03-03 00:00:00-05:00,51552.0,52896.0,45888.0,46848.0,155,0.0,0.0
2022-03-04 00:00:00-05:00,45792.0,48768.0,45024.0,45696.0,149,0.0,0.0
2022-03-07 00:00:00-05:00,46080.0,56592.0,44160.0,54336.0,436,0.0,0.0
2022-03-08 00:00:00-05:00,52992.0,53184.0,49056.0,50112.0,230,0.0,0.0
2022-03-09 00:00:00-05:00,52320.0,54912.0,50976.0,53952.0,198,0.0,0.0
2022-03-10 00:00:00-05:00,52608.0,55680.0,51264.0,55392.0,221,0.0,0.0
2022-03-11 00:00:00-05:00,54816.0,59712.0,50352.0,52320.0,363,0.0,0.0
2022-03-14 00:00:00-04:00,50486.3984375,50496.0,37824.0,38208.0,648,0.0,0.0
2022-03-15 00:00:00-04:00,38592.0,40608.0,37056.0,38784.0,222,0.0,0.0
2022-03-16 00:00:00-04:00,43008.0,43478.3984375,39360.0,41376.0,486,0.0,0.0
2022-03-17 00:00:00-04:00,41952.0,46560.0,41712.0,45504.0,474,0.0,0.0
2022-03-18 00:00:00-04:00,44928.0,47616.0,44064.0,47136.0,420,0.0,0.0
2022-03-21 00:00:00-04:00,46905.6015625,50496.0,46368.0,48960.0,363,0.0,0.0
2022-03-22 00:00:00-04:00,50592.0,55766.3984375,48864.0,54144.0,380,0.0,0.0
2022-03-23 00:00:00-04:00,52992.0,55296.0,50880.0,51840.0,163,0.0,0.0
2022-03-24 00:00:00-04:00,52320.0,57312.0,52320.0,54528.0,149,0.0,0.0
2022-03-25 00:00:00-04:00,53472.0,54432.0,51840.0,52896.0,114,0.0,0.0
2022-03-28 00:00:00-04:00,53184.0,54528.0,51648.0,53472.0,130,0.0,0.0
2022-03-29 00:00:00-04:00,53568.0,56640.0,53040.0,54720.0,116,0.0,0.0
2022-03-30 00:00:00-04:00,55968.0,55968.0,48768.0,49536.0,279,0.0,0.0
2022-03-31 00:00:00-04:00,47904.0,48576.0,43104.0,47904.0,228,0.0,0.0
2022-04-01 00:00:00-04:00,48000.0,49440.0,46080.0,47136.0,101,0.0,0.0
2022-04-04 00:00:00-04:00,47424.0,48000.0,44256.0,47520.0,131,0.0,0.0
2022-04-05 00:00:00-04:00,47040.0,47040.0,42048.0,43488.0,225,0.0,0.0
2022-04-06 00:00:00-04:00,42528.0,42998.3984375,40368.0,40704.0,164,0.0,0.0
2022-04-07 00:00:00-04:00,40320.0,41280.0,39168.0,40224.0,206,0.0,0.0
2022-04-08 00:00:00-04:00,38976.0,42432.0,38976.0,40704.0,157,0.0,0.0
2022-04-11 00:00:00-04:00,39168.0,42336.0,38592.0,41184.0,105,0.0,0.0
2022-04-12 00:00:00-04:00,41856.0,43680.0,41376.0,42912.0,165,0.0,0.0
2022-04-13 00:00:00-04:00,43104.0,44352.0,42048.0,44352.0,121,0.0,0.0
2022-04-14 00:00:00-04:00,43872.0,43968.0,42240.0,43200.0,103,0.0,0.0
2022-04-18 00:00:00-04:00,42048.0,43488.0,40608.0,41088.0,101,0.0,0.0
2022-04-19 00:00:00-04:00,41280.0,43248.0,40416.0,43008.0,106,0.0,0.0
2022-04-20 00:00:00-04:00,43200.0,43776.0,42144.0,42720.0,158,0.0,0.0
2022-04-21 00:00:00-04:00,43200.0,43200.0,37056.0,37248.0,281,0.0,0.0
2022-04-22 00:00:00-04:00,38016.0,38208.0,35520.0,36096.0,189,0.0,0.0
2022-04-25 00:00:00-04:00,35040.0,35952.0,33984.0,34176.0,206,0.0,0.0
2022-04-26 00:00:00-04:00,34944.0,34944.0,17760.0,29760.0,1769,0.0,0.0
2022-04-27 00:00:00-04:00,27648.0,29856.0,27552.0,28704.0,253,0.0,0.0
2022-04-28 00:00:00-04:00,29568.0,29568.0,25536.0,27552.0,206,0.0,0.0
2022-04-29 00:00:00-04:00,27360.0,28800.0,24144.0,24768.0,249,0.0,0.0
2022-05-02 00:00:00-04:00,24288.0,26016.0,23952.0,25152.0,196,0.0,0.0
2022-05-03 00:00:00-04:00,24768.0,25440.0,23136.0,23424.0,248,0.0,0.0
2022-05-04 00:00:00-04:00,23232.0,24576.0,21696.0,24480.0,319,0.0,0.0
2022-05-05 00:00:00-04:00,24288.0,24672.0,21600.0,22080.0,318,0.0,0.0
2022-05-06 00:00:00-04:00,21792.0,24384.0,20352.0,22752.0,452,0.0,0.0
2022-05-09 00:00:00-04:00,23136.0,23328.0,19104.0,19104.0,471,0.0,0.0
2022-05-10 00:00:00-04:00,19776.0,20544.0,16896.0,17376.0,661,0.0,0.0
2022-05-11 00:00:00-04:00,17280.0,19392.0,15936.0,16512.0,419,0.0,0.0
2022-05-12 00:00:00-04:00,16512.0,20112.0,15840.0,19488.0,466,0.0,0.0
2022-05-13 00:00:00-04:00,19872.0,23808.0,19872.0,23616.0,433,0.0,0.0
2022-05-16 00:00:00-04:00,26496.0,31584.0,23760.0,24192.0,1291,0.0,0.0
2022-05-17 00:00:00-04:00,24864.0,27792.0,24624.0,27456.0,462,0.0,0.0
2022-05-18 00:00:00-04:00,26784.0,32160.0,26688.0,29952.0,696,0.0,0.0
2022-05-19 00:00:00-04:00,31584.0,31680.0,27168.0,27264.0,441,0.0,0.0
2022-05-20 00:00:00-04:00,28704.0,28800.0,25968.0,26688.0,256,0.0,0.0
2022-05-23 00:00:00-04:00,26976.0,26976.0,25056.0,25344.0,205,0.0,0.0
2022-05-24 00:00:00-04:00,25248.0,25728.0,22272.0,24960.0,328,0.0,0.0
2022-05-25 00:00:00-04:00,25824.0,29328.0,25152.0,28800.0,259,0.0,0.0
2022-05-26 00:00:00-04:00,28224.0,32448.0,28128.0,29280.0,279,0.0,0.0
2022-05-27 00:00:00-04:00,29952.0,31296.0,29376.0,30624.0,212,0.0,0.0
2022-05-31 00:00:00-04:00,31200.0,32256.0,29664.0,31680.0,227,0.0,0.0
2022-06-01 00:00:00-04:00,30336.0,33888.0,30048.0,30240.0,264,0.0,0.0
2022-06-02 00:00:00-04:00,30624.0,33792.0,30067.19921875,32832.0,261,0.0,0.0
2022-06-03 00:00:00-04:00,31968.0,33216.0,30240.0,30624.0,129,0.0,0.0
2022-06-06 00:00:00-04:00,31680.0,31920.0,27360.0,27552.0,318,0.0,0.0
2022-06-07 00:00:00-04:00,27984.0,28128.0,24288.0,26112.0,362,0.0,0.0
2022-06-08 00:00:00-04:00,26400.0,28521.599609375,26400.0,27456.0,199,0.0,0.0
2022-06-09 00:00:00-04:00,26976.0,28320.0,26400.0,27072.0,180,0.0,0.0
2022-06-10 00:00:00-04:00,25632.0,26390.400390625,24576.0,24576.0,197,0.0,0.0
2022-06-13 00:00:00-04:00,24000.0,24096.0,21792.0,21888.0,263,0.0,0.0
2022-06-14 00:00:00-04:00,22752.0,23040.0,21696.0,22560.0,177,0.0,0.0
2022-06-15 00:00:00-04:00,23040.0,24960.0,21984.0,24000.0,432,0.0,0.0
2022-06-16 00:00:00-04:00,23616.0,23616.0,21792.0,21792.0,323,0.0,0.0
2022-06-17 00:00:00-04:00,23424.0,24480.0,22560.0,24000.0,553,0.0,0.0
2022-06-21 00:00:00-04:00,24672.0,26976.0,24192.0,24480.0,391,0.0,0.0
2022-06-22 00:00:00-04:00,23616.0,25008.0,23040.0,23328.0,384,0.0,0.0
2022-06-23 00:00:00-04:00,23520.0,24048.0,22704.0,23328.0,178,0.0,0.0
2022-06-24 00:00:00-04:00,24576.0,24960.0,21936.0,23808.0,1624,0.0,0.0
2022-06-27 00:00:00-04:00,23616.0,24240.0,21792.0,21792.0,225,0.0,0.0
2022-06-28 00:00:00-04:00,22080.0,23136.0,21120.0,21504.0,192,0.0,0.0
2022-06-29 00:00:00-04:00,21120.0,23616.0,21120.0,23136.0,354,0.0,0.0
2022-06-30 00:00:00-04:00,22464.0,25056.0,22464.0,24960.0,270,0.0,0.0
2022-07-01 00:00:00-04:00,24192.0,34368.0,24192.0,34080.0,1621,0.0,0.0
2022-07-05 00:00:00-04:00,36000.0,61440.0,32256.0,50688.0,10538,0.0,0.0
2022-07-06 00:00:00-04:00,47712.0,48000.0,41760.0,43584.0,1268,0.0,0.0
2022-07-07 00:00:00-04:00,49824.0,61536.0,49612.80078125,52800.0,6543,0.0,0.0
2022-07-08 00:00:00-04:00,52800.0,58944.0,49056.0,51840.0,2690,0.0,0.0
2022-07-11 00:00:00-04:00,50400.0,53856.0,46272.0,52512.0,869,0.0,0.0
2022-07-12 00:00:00-04:00,52128.0,56918.3984375,51168.0,55104.0,888,0.0,0.0
2022-07-13 00:00:00-04:00,53376.0,58176.0,53040.0,56640.0,1221,0.0,0.0
2022-07-14 00:00:00-04:00,56448.0,71328.0,54624.0,67200.0,2208,0.0,0.0
2022-07-15 00:00:00-04:00,67200.0,73536.0,62880.0,72192.0,1179,0.0,0.0
2022-07-18 00:00:00-04:00,73440.0,75360.0,61728.0,64320.0,1250,0.0,0.0
2022-07-19 00:00:00-04:00,66144.0,68160.0,50208.0,53184.0,1678,0.0,0.0
2022-07-20 00:00:00-04:00,54432.0,56160.0,42720.0,44544.0,1675,0.0,0.0
2022-07-21 00:00:00-04:00,44832.0,47424.0,32640.0,32736.0,2677,0.0,0.0
2022-07-22 00:00:00-04:00,27072.0,29760.0,18720.0,24960.0,12616,0.0,0.0
2022-07-25 00:00:00-04:00,25056.0,25824.0,22080.0,22080.0,2928,0.0,0.0
2022-07-26 00:00:00-04:00,19200.0,22176.0,19200.0,20640.0,1637,0.0,0.0
2022-07-27 00:00:00-04:00,21696.0,24864.0,21216.0,22944.0,2579,0.0,0.0
2022-07-28 00:00:00-04:00,21984.0,22560.0,21216.0,21216.0,1128,0.0,0.0
2022-07-29 00:00:00-04:00,21120.0,22080.0,19968.0,21216.0,1242,0.0,0.0
2022-08-01 00:00:00-04:00,21216.0,21216.0,19200.0,19200.0,1267,0.0,0.0
2022-08-02 00:00:00-04:00,22272.0,27744.0,20832.0,23232.0,6790,0.0,0.0
2022-08-03 00:00:00-04:00,24576.0,28704.0,23616.0,28512.0,2907,0.0,0.0
2022-08-04 00:00:00-04:00,29788.80078125,32256.0,26112.0,26592.0,2752,0.0,0.0
2022-08-05 00:00:00-04:00,26496.0,27523.19921875,25152.0,26112.0,1309,0.0,0.0
2022-08-08 00:00:00-04:00,26880.0,30048.0,26304.0,26880.0,1660,0.0,0.0
2022-08-09 00:00:00-04:00,26880.0,26976.0,23904.0,24096.0,967,0.0,0.0
2022-08-10 00:00:00-04:00,25152.0,25248.0,24288.0,24864.0,815,0.0,0.0
2022-08-11 00:00:00-04:00,25056.0,25728.0,24192.0,24384.0,933,0.0,0.0
2022-08-12 00:00:00-04:00,24096.0,26016.0,22656.0,25824.0,993,0.0,0.0
2022-08-15 00:00:00-04:00,25536.0,26976.0,25056.0,26784.0,1136,0.0,0.0
2022-08-16 00:00:00-04:00,25440.0,25440.0,21120.0,22272.0,2367,0.0,0.0
2022-08-17 00:00:00-04:00,23040.0,23040.0,20736.0,20928.0,1259,0.0,0.0
2022-08-18 00:00:00-04:00,21168.0,21168.0,19584.0,20256.0,950,0.0,0.0
2022-08-19 00:00:00-04:00,19776.0,19824.0,19008.0,19200.0,1088,0.0,0.0
2022-08-22 00:00:00-04:00,18432.0,18816.0,17280.0,17472.0,1198,0.0,0.0
2022-08-23 00:00:00-04:00,18336.0,18336.0,16224.0,16800.0,1451,0.0,0.0
2022-08-24 00:00:00-04:00,17088.0,17088.0,16128.0,16608.0,1354,0.0,0.0
2022-08-25 00:00:00-04:00,16800.0,16896.0,15936.0,16704.0,1502,0.0,0.0
2022-08-26 00:00:00-04:00,16800.0,16848.0,14208.0,14400.0,2204,0.0,0.0
2022-08-29 00:00:00-04:00,13920.0,14208.0,13152.0,13440.0,1758,0.0,0.0
2022-08-30 00:00:00-04:00,13152.0,13248.0,10272.0,11424.0,4849,0.0,0.0
2022-08-31 00:00:00-04:00,10752.0,12000.0,10368.0,10752.0,3279,0.0,0.0
2022-09-01 00:00:00-04:00,10848.0,11712.0,9792.0,10272.0,2446,0.0,0.0
2022-09-02 00:00:00-04:00,10560.0,10560.0,9792.0,10080.0,1565,0.0,0.0
2022-09-06 00:00:00-04:00,10464.0,10464.0,9072.0,9696.0,2180,0.0,0.0
2022-09-07 00:00:00-04:00,9417.599609375,9696.0,9129.599609375,9600.0,2573,0.0,0.0
2022-09-08 00:00:00-04:00,9600.0,9696.0,8448.0,8764.7998046875,3766,0.0,0.0
2022-09-09 00:00:00-04:00,8784.0,11712.0,8640.0,10656.0,6047,0.0,0.0
2022-09-12 00:00:00-04:00,12000.0,12000.0,9504.0,9888.0,5701,0.0,0.0
2022-09-13 00:00:00-04:00,9504.0,9696.0,8832.0,8918.400390625,5500,0.0,0.0
2022-09-14 00:00:00-04:00,9120.0,9312.0,8467.2001953125,9091.2001953125,4542,0.0,0.0
2022-09-15 00:00:00-04:00,9120.0,11232.0,9024.0,10176.0,4550,0.0,0.0
2022-09-16 00:00:00-04:00,11040.0,11040.0,9129.599609375,9264.0,4239,0.0,0.0
2022-09-19 00:00:00-04:00,9388.7998046875,9792.0,8668.7998046875,9043.2001953125,2999,0.0,0.0
2022-09-20 00:00:00-04:00,8889.599609375,9590.400390625,8160.0,8169.60009765625,2726,0.0,0.0
2022-09-21 00:00:00-04:00,8179.2001953125,8736.0,7680.0,7747.2001953125,3271,0.0,0.0
2022-09-22 00:00:00-04:00,8160.0,8256.0,7084.7998046875,7152.0,3449,0.0,0.0
2022-09-23 00:00:00-04:00,6921.60009765625,7670.39990234375,6777.60009765625,7363.2001953125,1871,0.0,0.0
2022-09-26 00:00:00-04:00,9072.0,10752.0,7996.7998046875,8064.0,10464,0.0,0.0
2022-09-27 00:00:00-04:00,9379.2001953125,9436.7998046875,8313.599609375,8544.0,4373,0.0,0.0
2022-09-28 00:00:00-04:00,8419.2001953125,8544.0,7776.0,7920.0,2667,0.0,0.0
2022-09-29 00:00:00-04:00,7776.0,7833.60009765625,6672.0,6748.7998046875,2991,0.0,0.0
2022-09-30 00:00:00-04:00,6720.0,6912.0,6038.39990234375,6105.60009765625,2960,0.0,0.0
2022-10-03 00:00:00-04:00,5760.0,6508.7998046875,5664.0,6163.2001953125,2660,0.0,0.0
2022-10-04 00:00:00-04:00,6297.60009765625,6729.60009765625,6288.0,6710.39990234375,2094,0.0,0.0
2022-10-05 00:00:00-04:00,6432.0,6518.39990234375,5952.0,6220.7998046875,1870,0.0,0.0
2022-10-06 00:00:00-04:00,6240.0,6988.7998046875,6240.0,6816.0,3233,0.0,0.0
2022-10-07 00:00:00-04:00,6528.0,6816.0,6048.0,6124.7998046875,2516,0.0,0.0
2022-10-10 00:00:00-04:00,6307.2001953125,6489.60009765625,5952.0,6432.0,1584,0.0,0.0
2022-10-11 00:00:00-04:00,6297.60009765625,6432.0,5088.0,5145.60009765625,3695,0.0,0.0
2022-10-12 00:00:00-04:00,5203.2001953125,5424.0,4800.0,5289.60009765625,3172,0.0,0.0
2022-10-13 00:00:00-04:00,4896.0,5088.0,4800.0,5030.39990234375,2305,0.0,0.0
2022-10-14 00:00:00-04:00,5184.0,5347.2001953125,4761.60009765625,4819.2001953125,1740,0.0,0.0
2022-10-17 00:00:00-04:00,5020.7998046875,5260.7998046875,4896.0,5020.7998046875,1286,0.0,0.0
2022-10-18 00:00:00-04:00,5212.7998046875,5376.0,4953.60009765625,5059.2001953125,1068,0.0,0.0
2022-10-19 00:00:00-04:00,5203.2001953125,5222.39990234375,4809.60009765625,4934.39990234375,995,0.0,0.0
2022-10-20 00:00:00-04:00,5040.0,5472.0,4809.60009765625,4886.39990234375,2046,0.0,0.0
2022-10-21 00:00:00-04:00,4896.0,5184.0,4828.7998046875,5088.0,1755,0.0,0.0
2022-10-24 00:00:00-04:00,4992.0,4992.0,4368.0,4416.0,2428,0.0,0.0
2022-10-25 00:00:00-04:00,4435.2001953125,5644.7998046875,4435.2001953125,5529.60009765625,4527,0.0,0.0
2022-10-26 00:00:00-04:00,5414.39990234375,5817.60009765625,5011.2001953125,5433.60009765625,3181,0.0,0.0
2022-10-27 00:00:00-04:00,5568.0,5568.0,4857.60009765625,4934.39990234375,2475,0.0,0.0
2022-10-28 00:00:00-04:00,4905.60009765625,5126.39990234375,4809.60009765625,4896.0,1847,0.0,0.0
2022-10-31 00:00:00-04:00,4972.7998046875,5280.0,4857.60009765625,5184.0,1764,0.0,0.0
2022-11-01 00:00:00-04:00,5414.39990234375,5587.2001953125,5126.39990234375,5174.39990234375,1300,0.0,0.0
2022-11-02 00:00:00-04:00,5251.2001953125,5875.2001953125,5088.0,5395.2001953125,1735,0.0,0.0
2022-11-03 00:00:00-04:00,5328.0,5683.2001953125,5280.0,5376.0,819,0.0,0.0
2022-11-04 00:00:00-04:00,5558.39990234375,5836.7998046875,5395.2001953125,5577.60009765625,1517,0.0,0.0
2022-11-07 00:00:00-05:00,5760.0,7200.0,5760.0,6624.0,4601,0.0,0.0
2022-11-08 00:00:00-05:00,8064.0,8179.2001953125,6115.2001953125,6326.39990234375,3040,0.0,0.0
2022-11-09 00:00:00-05:00,6432.0,6451.2001953125,5376.0,5395.2001953125,2075,0.0,0.0
2022-11-10 00:00:00-05:00,5616.0,5952.0,5472.0,5942.39990234375,1560,0.0,0.0
2022-11-11 00:00:00-05:00,5760.0,6240.0,5500.7998046875,6048.0,2427,0.0,0.0
2022-11-14 00:00:00-05:00,6057.60009765625,6124.7998046875,5424.0,5424.0,1783,0.0,0.0
2022-11-15 00:00:00-05:00,5664.0,5884.7998046875,4800.0,4896.0,3737,0.0,0.0
2022-11-16 00:00:00-05:00,5088.0,5088.0,4435.2001953125,4521.60009765625,2411,0.0,0.0
2022-11-17 00:00:00-05:00,4588.7998046875,4588.7998046875,3811.199951171875,4003.199951171875,3791,0.0,0.0
2022-11-18 00:00:00-05:00,4032.0,4080.0,3475.199951171875,3504.0,3285,0.0,0.0
2022-11-21 00:00:00-05:00,3504.0,3532.800048828125,3062.39990234375,3264.0,3235,0.0,0.0
2022-11-22 00:00:00-05:00,3168.0,3244.800048828125,2937.60009765625,3187.199951171875,2988,0.0,0.0
2022-11-23 00:00:00-05:00,3321.60009765625,3504.0,3100.800048828125,3120.0,3105,0.0,0.0
2022-11-25 00:00:00-05:00,3120.0,3427.199951171875,3033.60009765625,3081.60009765625,1809,0.0,0.0
2022-11-28 00:00:00-05:00,3072.0,3120.0,2860.800048828125,2918.39990234375,2543,0.0,0.0
2022-11-29 00:00:00-05:00,3024.0,3696.0,2976.0,3408.0,3113,0.0,0.0
2022-11-30 00:00:00-05:00,3638.39990234375,3676.800048828125,3062.39990234375,3081.60009765625,3239,0.0,0.0
2022-12-01 00:00:00-05:00,3177.60009765625,3302.39990234375,2956.800048828125,2985.60009765625,3542,0.0,0.0
2022-12-02 00:00:00-05:00,2995.199951171875,3081.60009765625,2880.0,2985.60009765625,1932,0.0,0.0
2022-12-05 00:00:00-05:00,3091.199951171875,3264.0,2860.800048828125,2870.39990234375,3066,0.0,0.0
2022-12-06 00:00:00-05:00,2889.60009765625,2937.60009765625,2352.0,2496.0,4092,0.0,0.0
2022-12-07 00:00:00-05:00,2457.60009765625,2563.199951171875,2352.0,2400.0,2069,0.0,0.0
2022-12-08 00:00:00-05:00,2496.0,2640.0,2400.0,2534.39990234375,2182,0.0,0.0
2022-12-09 00:00:00-05:00,2611.199951171875,2870.39990234375,2572.800048828125,2832.0,2518,0.0,0.0
2022-12-12 00:00:00-05:00,3177.60009765625,5270.39990234375,3100.800048828125,4406.39990234375,15810,0.0,0.0
2022-12-13 00:00:00-05:00,5558.39990234375,6393.60009765625,4713.60009765625,5107.2001953125,15307,0.0,0.0
2022-12-14 00:00:00-05:00,5040.0,5260.7998046875,4320.0,4896.0,6066,0.0,0.0
2022-12-15 00:00:00-05:00,4828.7998046875,5443.2001953125,4521.60009765625,4608.0,5911,0.0,0.0
2022-12-16 00:00:00-05:00,3484.800048828125,4012.800048828125,3360.0,3388.800048828125,5982,0.0,0.0
2022-12-19 00:00:00-05:00,3360.0,3408.0,2947.199951171875,3129.60009765625,3104,0.0,0.0
2022-12-20 00:00:00-05:00,3004.800048828125,3888.0,3004.800048828125,3446.39990234375,5628,0.0,0.0
2022-12-21 00:00:00-05:00,3552.0,3811.199951171875,3369.60009765625,3696.0,2904,0.0,0.0
2022-12-22 00:00:00-05:00,3744.0,3840.0,3264.0,3408.0,2700,0.0,0.0
2022-12-23 00:00:00-05:00,3465.60009765625,3676.800048828125,3206.39990234375,3360.0,2647,0.0,0.0
2022-12-27 00:00:00-05:00,3273.60009765625,3321.60009765625,3004.800048828125,3100.800048828125,2119,0.0,0.0
2022-12-28 00:00:00-05:00,3168.0,3216.0,2956.800048828125,3024.0,2247,0.0,0.0
2022-12-29 00:00:00-05:00,3072.0,3206.39990234375,2630.39990234375,2812.800048828125,2927,0.0,0.0
2022-12-30 00:00:00-05:00,2880.0,3043.199951171875,2678.39990234375,2784.0,2871,0.0,0.0
2023-01-03 00:00:00-05:00,2937.60009765625,3072.0,2601.60009765625,2601.60009765625,3226,0.0,0.0
2023-01-04 00:00:00-05:00,2726.39990234375,2956.800048828125,2582.39990234375,2851.199951171875,2903,0.0,0.0
2023-01-05 00:00:00-05:00,2851.199951171875,3350.39990234375,2688.0,3244.800048828125,3234,0.0,0.0
2023-01-06 00:00:00-05:00,3177.60009765625,3379.199951171875,3014.39990234375,3110.39990234375,2608,0.0,0.0
2023-01-09 00:00:00-05:00,3244.800048828125,3667.199951171875,3120.0,3580.800048828125,2537,0.0,0.0
2023-01-10 00:00:00-05:00,3417.60009765625,3600.0,3264.0,3590.39990234375,1767,0.0,0.0
2023-01-11 00:00:00-05:00,3676.800048828125,4656.0,3513.60009765625,4492.7998046875,4424,0.0,0.0
2023-01-12 00:00:00-05:00,4521.60009765625,4761.60009765625,3888.0,4387.2001953125,4124,0.0,0.0
2023-01-13 00:00:00-05:00,4224.0,5280.0,4176.0,4838.39990234375,5061,0.0,0.0
2023-01-17 00:00:00-05:00,5184.0,5184.0,4464.0,4560.0,3849,0.0,0.0
2023-01-18 00:00:00-05:00,5654.39990234375,6240.0,5097.60009765625,5731.2001953125,10671,0.0,0.0
2023-01-19 00:00:00-05:00,5635.2001953125,6240.0,5184.0,5606.39990234375,5812,0.0,0.0
2023-01-20 00:00:00-05:00,5635.2001953125,6124.7998046875,5568.0,5884.7998046875,5172,0.0,0.0
2023-01-23 00:00:00-05:00,5952.0,9456.0,5760.0,8870.400390625,14764,0.0,0.0
2023-01-24 00:00:00-05:00,8563.2001953125,10848.0,7968.0,9024.0,13310,0.0,0.0
2023-01-25 00:00:00-05:00,9187.2001953125,9273.599609375,7881.60009765625,8188.7998046875,6771,0.0,0.0
2023-01-26 00:00:00-05:00,8928.0,8956.7998046875,7296.0,7622.39990234375,7837,0.0,0.0
2023-01-27 00:00:00-05:00,7920.0,9024.0,7776.0,8419.2001953125,5837,0.0,0.0
2023-01-30 00:00:00-05:00,8553.599609375,8592.0,7545.60009765625,7584.0,4610,0.0,0.0
2023-01-31 00:00:00-05:00,7670.39990234375,8640.0,7392.0,8160.0,6682,0.0,0.0
2023-02-01 00:00:00-05:00,8160.0,9014.400390625,8092.7998046875,8563.2001953125,5884,0.0,0.0
2023-02-02 00:00:00-05:00,8889.599609375,10560.0,8880.0,9504.0,7302,0.0,0.0
2023-02-03 00:00:00-05:00,9696.0,10560.0,9600.0,10368.0,3943,0.0,0.0
2023-02-06 00:00:00-05:00,12432.0,12672.0,7344.0,7603.2001953125,20303,0.0,0.0
2023-02-07 00:00:00-05:00,8016.0,8169.60009765625,6336.0,7680.0,13576,0.0,0.0
2023-02-08 00:00:00-05:00,7699.2001953125,8160.0,6528.0,6883.2001953125,7801,0.0,0.0
2023-02-09 00:00:00-05:00,7008.0,7036.7998046875,6144.0,6825.60009765625,7395,0.0,0.0
2023-02-10 00:00:00-05:00,6547.2001953125,7036.7998046875,6259.2001953125,6624.0,4741,0.0,0.0
2023-02-13 00:00:00-05:00,6806.39990234375,7104.0,6432.0,6883.2001953125,3659,0.0,0.0
2023-02-14 00:00:00-05:00,6816.0,6864.0,6144.0,6537.60009765625,4856,0.0,0.0
2023-02-15 00:00:00-05:00,6480.0,6720.0,6220.7998046875,6316.7998046875,3579,0.0,0.0
2023-02-16 00:00:00-05:00,6336.0,6912.0,6019.2001953125,6019.2001953125,5213,0.0,0.0
2023-02-17 00:00:00-05:00,6048.0,6048.0,5280.0,5635.2001953125,5286,0.0,0.0
2023-02-21 00:00:00-05:00,6048.0,6096.0,5500.7998046875,5817.60009765625,5117,0.0,0.0
2023-02-22 00:00:00-05:00,5952.0,6144.0,5299.2001953125,5606.39990234375,3687,0.0,0.0
2023-02-23 00:00:00-05:00,5664.0,5721.60009765625,5289.60009765625,5548.7998046875,4468,0.0,0.0
2023-02-24 00:00:00-05:00,5376.0,5712.0,5212.7998046875,5347.2001953125,3687,0.0,0.0
2023-02-27 00:00:00-05:00,5500.7998046875,5587.2001953125,4905.60009765625,4934.39990234375,4373,0.0,0.0
2023-02-28 00:00:00-05:00,4896.0,5260.7998046875,4848.0,5107.2001953125,3781,0.0,0.0
2023-03-01 00:00:00-05:00,5376.0,5424.0,4848.0,5030.39990234375,4281,0.0,0.0
2023-03-02 00:00:00-05:00,5088.0,5088.0,4809.60009765625,4876.7998046875,2675,0.0,0.0
2023-03-03 00:00:00-05:00,4924.7998046875,5740.7998046875,4876.7998046875,5472.0,6246,0.0,0.0
2023-03-06 00:00:00-05:00,5577.60009765625,5932.7998046875,5251.2001953125,5664.0,5219,0.0,0.0
2023-03-07 00:00:00-05:00,5692.7998046875,5760.0,5280.0,5366.39990234375,3472,0.0,0.0
2023-03-08 00:00:00-05:00,5203.2001953125,5404.7998046875,4800.0,4934.39990234375,4146,0.0,0.0
2023-03-09 00:00:00-05:00,4896.0,5232.0,4809.60009765625,5068.7998046875,4128,0.0,0.0
2023-03-10 00:00:00-05:00,4896.0,4992.0,4329.60009765625,4512.0,4849,0.0,0.0
2023-03-13 00:00:00-04:00,4166.39990234375,4416.0,3456.0,4032.0,8896,0.0,0.0
2023-03-14 00:00:00-04:00,4128.0,4224.0,3667.199951171875,3696.0,7455,0.0,0.0
2023-03-15 00:00:00-04:00,3619.199951171875,4128.0,3465.60009765625,4080.0,7189,0.0,0.0
2023-03-16 00:00:00-04:00,3974.39990234375,4108.7998046875,3696.0,4080.0,5822,0.0,0.0
2023-03-17 00:00:00-04:00,4012.800048828125,4454.39990234375,3945.60009765625,4329.60009765625,9506,0.0,0.0
2023-03-20 00:00:00-04:00,4416.0,4876.7998046875,4147.2001953125,4867.2001953125,5386,0.0,0.0
2023-03-21 00:00:00-04:00,4924.7998046875,5260.7998046875,4704.0,4886.39990234375,5437,0.0,0.0
2023-03-22 00:00:00-04:00,4867.2001953125,4896.0,4531.2001953125,4598.39990234375,3164,0.0,0.0
2023-03-23 00:00:00-04:00,4723.2001953125,4723.2001953125,3744.0,3753.60009765625,8508,0.0,0.0
2023-03-24 00:00:00-04:00,3859.199951171875,3878.39990234375,3552.0,3580.800048828125,4878,0.0,0.0
2023-03-27 00:00:00-04:00,3811.199951171875,3840.0,3273.60009765625,3417.60009765625,5794,0.0,0.0
2023-03-28 00:00:00-04:00,3456.0,3475.199951171875,3273.60009765625,3340.800048828125,3435,0.0,0.0
2023-03-29 00:00:00-04:00,3494.39990234375,3715.199951171875,3360.0,3408.0,6038,0.0,0.0
2023-03-30 00:00:00-04:00,3840.0,3878.39990234375,3216.0,3369.60009765625,19110,0.0,0.0
2023-03-31 00:00:00-04:00,3436.800048828125,3446.39990234375,3264.0,3398.39990234375,4767,0.0,0.0
2023-04-03 00:00:00-04:00,3398.39990234375,3436.800048828125,2880.0,2889.60009765625,9229,0.0,0.0
2023-04-04 00:00:00-04:00,2899.199951171875,2995.199951171875,2860.800048828125,2928.0,4849,0.0,0.0
2023-04-05 00:00:00-04:00,2908.800048828125,2908.800048828125,2659.199951171875,2716.800048828125,4613,0.0,0.0
2023-04-06 00:00:00-04:00,2745.60009765625,2841.60009765625,2726.39990234375,2736.0,3151,0.0,0.0
2023-04-10 00:00:00-04:00,2784.0,2784.0,2592.0,2630.39990234375,5724,0.0,0.0
2023-04-11 00:00:00-04:00,2688.0,2880.0,2640.0,2697.60009765625,5609,0.0,0.0
2023-04-12 00:00:00-04:00,2880.0,2880.0,2505.60009765625,2630.39990234375,5700,0.0,0.0
2023-04-13 00:00:00-04:00,2668.800048828125,3177.60009765625,2611.199951171875,2976.0,9723,0.0,0.0
2023-04-14 00:00:00-04:00,2716.800048828125,2764.800048828125,2515.199951171875,2572.800048828125,6938,0.0,0.0
2023-04-17 00:00:00-04:00,2688.0,2803.199951171875,2409.60009765625,2476.800048828125,7928,0.0,0.0
2023-04-18 00:00:00-04:00,2534.39990234375,2534.39990234375,2400.0,2409.60009765625,6201,0.0,0.0
2023-04-19 00:00:00-04:00,2361.60009765625,2409.60009765625,2150.39990234375,2227.199951171875,7019,0.0,0.0
2023-04-20 00:00:00-04:00,2179.199951171875,2304.0,2160.0,2198.39990234375,5192,0.0,0.0
2023-04-21 00:00:00-04:00,2198.39990234375,2227.199951171875,1920.0,2092.800048828125,6072,0.0,0.0
2023-04-24 00:00:00-04:00,2044.800048828125,2054.39990234375,1920.0,1958.4000244140625,4091,0.0,0.0
2023-04-25 00:00:00-04:00,1929.5999755859375,1939.199951171875,1737.5999755859375,1920.0,6313,0.0,0.0
2023-04-26 00:00:00-04:00,1920.0,1996.800048828125,1920.0,1968.0,2472,0.0,0.0
2023-04-27 00:00:00-04:00,1977.5999755859375,1996.800048828125,1747.199951171875,1795.199951171875,3851,0.0,0.0
2023-04-28 00:00:00-04:00,1785.5999755859375,1804.800048828125,1632.0,1641.5999755859375,4799,0.0,0.0
2023-05-01 00:00:00-04:00,1632.0,1680.0,1420.800048828125,1468.800048828125,4553,0.0,0.0
2023-05-02 00:00:00-04:00,1555.199951171875,1622.4000244140625,1420.800048828125,1449.5999755859375,5769,0.0,0.0
2023-05-03 00:00:00-04:00,1478.4000244140625,1728.0,1440.0,1699.199951171875,5710,0.0,0.0
2023-05-04 00:00:00-04:00,1728.0,2198.39990234375,1728.0,2169.60009765625,10934,0.0,0.0
2023-05-05 00:00:00-04:00,2323.199951171875,2486.39990234375,2064.0,2304.0,11763,0.0,0.0
2023-05-08 00:00:00-04:00,2304.0,2572.800048828125,2044.800048828125,2544.0,9058,0.0,0.0
2023-05-09 00:00:00-04:00,2476.800048828125,2486.39990234375,2256.0,2342.39990234375,6094,0.0,0.0
2023-05-10 00:00:00-04:00,2592.0,2630.39990234375,1824.0,1900.800048828125,17918,0.0,0.0
2023-05-11 00:00:00-04:00,1872.0,2016.0,1814.4000244140625,1862.4000244140625,7955,0.0,0.0
2023-05-12 00:00:00-04:00,1939.199951171875,2390.39990234375,1920.0,2332.800048828125,16192,0.0,0.0
2023-05-15 00:00:00-04:00,2419.199951171875,2678.39990234375,2188.800048828125,2611.199951171875,13399,0.0,0.0
2023-05-16 00:00:00-04:00,2496.0,2668.800048828125,2256.0,2390.39990234375,8412,0.0,0.0
2023-05-17 00:00:00-04:00,2332.800048828125,2544.0,2304.0,2448.0,4887,0.0,0.0
2023-05-18 00:00:00-04:00,2371.199951171875,2419.199951171875,2092.800048828125,2102.39990234375,7102,0.0,0.0
2023-05-19 00:00:00-04:00,2179.199951171875,2304.0,2102.39990234375,2140.800048828125,5621,0.0,0.0
2023-05-22 00:00:00-04:00,2217.60009765625,2236.800048828125,2112.0,2150.39990234375,5466,0.0,0.0
2023-05-23 00:00:00-04:00,2160.0,2323.199951171875,2140.800048828125,2236.800048828125,5046,0.0,0.0
2023-05-24 00:00:00-04:00,2227.199951171875,2227.199951171875,2016.0,2073.60009765625,5624,0.0,0.0
2023-05-25 00:00:00-04:00,2054.39990234375,2092.800048828125,1728.0,1987.199951171875,6114,0.0,0.0
2023-05-26 00:00:00-04:00,2092.800048828125,2208.0,2006.4000244140625,2112.0,5555,0.0,0.0
2023-05-30 00:00:00-04:00,2236.800048828125,2438.39990234375,2188.800048828125,2400.0,10263,0.0,0.0
2023-05-31 00:00:00-04:00,2601.60009765625,2620.800048828125,2208.0,2371.199951171875,9499,0.0,0.0
2023-06-01 00:00:00-04:00,2208.0,2294.39990234375,2054.39990234375,2102.39990234375,6852,0.0,0.0
2023-06-02 00:00:00-04:00,2160.0,2380.800048828125,2140.800048828125,2304.0,6631,0.0,0.0
2023-06-05 00:00:00-04:00,2380.800048828125,2678.39990234375,2275.199951171875,2611.199951171875,10586,0.0,0.0
2023-06-06 00:00:00-04:00,2659.199951171875,3571.199951171875,2467.199951171875,3436.800048828125,26413,0.0,0.0
2023-06-07 00:00:00-04:00,3801.60009765625,3936.0,3072.0,3206.39990234375,24772,0.0,0.0
2023-06-08 00:00:00-04:00,3264.0,3264.0,2755.199951171875,2966.39990234375,13660,0.0,0.0
2023-06-09 00:00:00-04:00,2956.800048828125,3216.0,2880.0,3148.800048828125,8524,0.0,0.0
2023-06-12 00:00:00-04:00,3312.0,3369.60009765625,2956.800048828125,3033.60009765625,9929,0.0,0.0
2023-06-13 00:00:00-04:00,2985.60009765625,3254.39990234375,2899.199951171875,3168.0,7701,0.0,0.0
2023-06-14 00:00:00-04:00,3168.0,3360.0,3072.0,3350.39990234375,6734,0.0,0.0
2023-06-15 00:00:00-04:00,3350.39990234375,4012.800048828125,3331.199951171875,3840.0,16650,0.0,0.0
2023-06-16 00:00:00-04:00,3888.0,4694.39990234375,3849.60009765625,4320.0,27785,0.0,0.0
2023-06-20 00:00:00-04:00,2784.0,3196.800048828125,2563.199951171875,2697.60009765625,22520,0.0,0.0
2023-06-21 00:00:00-04:00,2688.0,2688.0,2112.0,2352.0,19601,0.0,0.0
2023-06-22 00:00:00-04:00,2275.199951171875,2313.60009765625,2121.60009765625,2236.800048828125,6268,0.0,0.0
2023-06-23 00:00:00-04:00,2179.199951171875,2342.39990234375,2150.39990234375,2179.199951171875,10595,0.0,0.0
2023-06-26 00:00:00-04:00,2198.39990234375,2515.199951171875,2198.39990234375,2265.60009765625,8370,0.0,0.0
2023-06-27 00:00:00-04:00,2361.60009765625,2419.199951171875,2256.0,2275.199951171875,7813,0.0,0.0
2023-06-28 00:00:00-04:00,2284.800048828125,2352.0,2092.800048828125,2112.0,7307,0.0,0.0
2023-06-29 00:00:00-04:00,2102.39990234375,2112.0,1977.5999755859375,2016.0,6811,0.0,0.0
2023-06-30 00:00:00-04:00,1977.5999755859375,2016.0,1881.5999755859375,1920.0,6732,0.0,0.0
2023-07-03 00:00:00-04:00,1939.199951171875,2092.800048828125,1920.0,2016.0,5094,0.0,0.0
2023-07-05 00:00:00-04:00,2044.800048828125,2064.0,1900.800048828125,1929.5999755859375,6470,0.0,0.0
2023-07-06 00:00:00-04:00,1852.800048828125,1929.5999755859375,1776.0,1920.0,6398,0.0,0.0
2023-07-07 00:00:00-04:00,1862.4000244140625,1891.199951171875,1824.0,1872.0,4477,0.0,0.0
2023-07-10 00:00:00-04:00,1843.199951171875,1929.5999755859375,1824.0,1920.0,5853,0.0,0.0
2023-07-11 00:00:00-04:00,1900.800048828125,2246.39990234375,1900.800048828125,2160.0,9844,0.0,0.0
2023-07-12 00:00:00-04:00,2112.0,2332.800048828125,2112.0,2198.39990234375,6538,0.0,0.0
2023-07-13 00:00:00-04:00,2208.0,2323.199951171875,2160.0,2265.60009765625,3595,0.0,0.0
2023-07-14 00:00:00-04:00,2236.800048828125,2486.39990234375,2169.60009765625,2438.39990234375,6190,0.0,0.0
2023-07-17 00:00:00-04:00,2496.0,2764.800048828125,2428.800048828125,2755.199951171875,9316,0.0,0.0
2023-07-18 00:00:00-04:00,2755.199951171875,3187.199951171875,2649.60009765625,3024.0,13337,0.0,0.0
2023-07-19 00:00:00-04:00,3110.39990234375,3312.0,2716.800048828125,2822.39990234375,15347,0.0,0.0
2023-07-20 00:00:00-04:00,2793.60009765625,2947.199951171875,2659.199951171875,2745.60009765625,4487,0.0,0.0
2023-07-21 00:00:00-04:00,2764.800048828125,2841.60009765625,2544.0,2784.0,4593,0.0,0.0
2023-07-24 00:00:00-04:00,2688.0,2803.199951171875,2592.0,2793.60009765625,3178,0.0,0.0
2023-07-25 00:00:00-04:00,2812.800048828125,2976.0,2515.199951171875,2592.0,4791,0.0,0.0
2023-07-26 00:00:00-04:00,2544.0,2736.0,2544.0,2649.60009765625,2891,0.0,0.0
2023-07-27 00:00:00-04:00,2620.800048828125,2745.60009765625,2457.60009765625,2486.39990234375,3046,0.0,0.0
2023-07-28 00:00:00-04:00,2515.199951171875,2630.39990234375,2380.800048828125,2467.199951171875,4763,0.0,0.0
2023-07-31 00:00:00-04:00,2688.0,2918.39990234375,2601.60009765625,2899.199951171875,8216,0.0,0.0
2023-08-01 00:00:00-04:00,3072.0,3302.39990234375,2947.199951171875,3129.60009765625,11812,0.0,0.0
2023-08-02 00:00:00-04:00,3062.39990234375,3206.39990234375,2812.800048828125,3168.0,5874,0.0,0.0
2023-08-03 00:00:00-04:00,3052.800048828125,3350.39990234375,3004.800048828125,3206.39990234375,4717,0.0,0.0
2023-08-04 00:00:00-04:00,3254.39990234375,3331.199951171875,3091.199951171875,3129.60009765625,4589,0.0,0.0
2023-08-07 00:00:00-04:00,3110.39990234375,3148.800048828125,2745.60009765625,2784.0,6112,0.0,0.0
2023-08-08 00:00:00-04:00,2774.39990234375,2774.39990234375,2601.60009765625,2620.800048828125,3067,0.0,0.0
2023-08-09 00:00:00-04:00,2668.800048828125,2688.0,2438.39990234375,2640.0,3772,0.0,0.0
2023-08-10 00:00:00-04:00,2832.0,2832.0,2476.800048828125,2524.800048828125,3736,0.0,0.0
2023-08-11 00:00:00-04:00,2438.39990234375,2640.0,2428.800048828125,2553.60009765625,2853,0.0,0.0
2023-08-14 00:00:00-04:00,2697.60009765625,2716.800048828125,2496.0,2572.800048828125,3293,0.0,0.0
2023-08-15 00:00:00-04:00,2582.39990234375,2592.0,2265.60009765625,2323.199951171875,4943,0.0,0.0
2023-08-16 00:00:00-04:00,2323.199951171875,2400.0,2083.199951171875,2102.39990234375,5277,0.0,0.0
2023-08-17 00:00:00-04:00,2121.60009765625,2640.0,2121.60009765625,2640.0,6541,0.0,0.0
2023-08-18 00:00:00-04:00,2390.39990234375,2592.0,2313.60009765625,2390.39990234375,4879,0.0,0.0
2023-08-21 00:00:00-04:00,2448.0,2448.0,1920.0,1968.0,10128,0.0,0.0
2023-08-22 00:00:00-04:00,2035.199951171875,2131.199951171875,1708.800048828125,1776.0,10413,0.0,0.0
2023-08-23 00:00:00-04:00,1814.4000244140625,1843.199951171875,1632.0,1728.0,7216,0.0,0.0
2023-08-24 00:00:00-04:00,1699.199951171875,1804.800048828125,1612.800048828125,1776.0,7079,0.0,0.0
2023-08-25 00:00:00-04:00,1728.0,1948.800048828125,1449.5999755859375,1497.5999755859375,12672,0.0,0.0
2023-08-28 00:00:00-04:00,1270.800048828125,1344.0,1112.8800048828125,1137.5999755859375,34293,0.0,0.0125
2023-08-29 00:00:00-04:00,1134.0,1165.199951171875,999.5999755859375,1012.7999877929688,29248,0.0,0.0
2023-08-30 00:00:00-04:00,981.5999755859375,1020.0,861.5999755859375,1015.2000122070312,27998,0.0,0.0
2023-08-31 00:00:00-04:00,1009.2000122070312,1100.4000244140625,900.0,903.0,19746,0.0,0.0
2023-09-01 00:00:00-04:00,908.4000244140625,909.5999755859375,842.4000244140625,871.7999877929688,15758,0.0,0.0
2023-09-05 00:00:00-04:00,868.7999877929688,868.7999877929688,744.0,751.2000122070312,24262,0.0,0.0
2023-09-06 00:00:00-04:00,716.4000244140625,726.0,608.4000244140625,612.0,30817,0.0,0.0
2023-09-07 00:00:00-04:00,563.4000244140625,565.2000122070312,463.32000732421875,466.79998779296875,41423,0.0,0.0
2023-09-08 00:00:00-04:00,501.6000061035156,525.5999755859375,416.3999938964844,451.20001220703125,117513,0.0,0.0
2023-09-11 00:00:00-04:00,474.0,475.20001220703125,420.0,426.6000061035156,31316,0.0,0.0
2023-09-12 00:00:00-04:00,421.20001220703125,552.0,405.4800109863281,465.6000061035156,84321,0.0,0.0
2023-09-13 00:00:00-04:00,465.6000061035156,654.0,460.79998779296875,614.4000244140625,176918,0.0,0.0
2023-09-14 00:00:00-04:00,609.5999755859375,627.5999755859375,541.2000122070312,563.4000244140625,80534,0.0,0.0
2023-09-15 00:00:00-04:00,566.4000244140625,693.5999755859375,556.7999877929688,613.2000122070312,146438,0.0,0.0
2023-09-18 00:00:00-04:00,609.5999755859375,624.0,550.7999877929688,561.5999755859375,35233,0.0,0.0
2023-09-19 00:00:00-04:00,500.3999938964844,546.0,480.0,492.0,33897,0.0,0.0
2023-09-20 00:00:00-04:00,486.0,526.7999877929688,462.0,468.0,20098,0.0,0.0
2023-09-21 00:00:00-04:00,458.3999938964844,483.6000061035156,438.0,439.20001220703125,16112,0.0,0.0
2023-09-22 00:00:00-04:00,464.3999938964844,520.7999877929688,445.20001220703125,470.3999938964844,45033,0.0,0.0
2023-09-25 00:00:00-04:00,465.6000061035156,465.6000061035156,353.3999938964844,356.3999938964844,51115,0.0,0.0
2023-09-26 00:00:00-04:00,338.3999938964844,381.6000061035156,294.0,295.20001220703125,48772,0.0,0.0
2023-09-27 00:00:00-04:00,218.39999389648438,259.20001220703125,157.1999969482422,164.39999389648438,164453,0.0,0.0
2023-09-28 00:00:00-04:00,170.39999389648438,182.39999389648438,155.39999389648438,156.0,90408,0.0,0.0
2023-09-29 00:00:00-04:00,156.0,170.39999389648438,148.8000030517578,159.60000610351562,63392,0.0,0.0
2023-10-02 00:00:00-04:00,162.0,162.0,140.39999389648438,143.39999389648438,50881,0.0,0.0
2023-10-03 00:00:00-04:00,144.0,145.1999969482422,121.19999694824219,142.8000030517578,67786,0.0,0.0
2023-10-04 00:00:00-04:00,139.1999969482422,158.39999389648438,138.0,141.60000610351562,33741,0.0,0.0
2023-10-05 00:00:00-04:00,140.39999389648438,148.8000030517578,135.60000610351562,136.8000030517578,26695,0.0,0.0
2023-10-06 00:00:00-04:00,134.39999389648438,139.1999969482422,129.60000610351562,135.60000610351562,32863,0.0,0.0
2023-10-09 00:00:00-04:00,132.0,135.60000610351562,130.8000030517578,133.1999969482422,22726,0.0,0.0
2023-10-10 00:00:00-04:00,136.8000030517578,146.39999389648438,132.0,145.1999969482422,44598,0.0,0.0
2023-10-11 00:00:00-04:00,146.39999389648438,147.47999572753906,129.60000610351562,135.60000610351562,42475,0.0,0.0
2023-10-12 00:00:00-04:00,138.0,138.0,130.8000030517578,132.0,22367,0.0,0.0
2023-10-13 00:00:00-04:00,129.60000610351562,132.0,123.5999984741211,126.0,22175,0.0,0.0
2023-10-16 00:00:00-04:00,133.1999969482422,139.1999969482422,127.19999694824219,129.60000610351562,38311,0.0,0.0
2023-10-17 00:00:00-04:00,133.1999969482422,166.8000030517578,132.0,165.60000610351562,106291,0.0,0.0
2023-10-18 00:00:00-04:00,153.60000610351562,210.0,148.8000030517578,208.8000030517578,169408,0.0,0.0
2023-10-19 00:00:00-04:00,194.39999389648438,206.39999389648438,138.0,141.60000610351562,137383,0.0,0.0
2023-10-20 00:00:00-04:00,144.0,148.8000030517578,127.19999694824219,140.39999389648438,60413,0.0,0.0
2023-10-23 00:00:00-04:00,134.39999389648438,138.60000610351562,132.0,132.60000610351562,24918,0.0,0.0
2023-10-24 00:00:00-04:00,138.0,139.1999969482422,123.5999984741211,126.0,49430,0.0,0.0
2023-10-25 00:00:00-04:00,127.19999694824219,130.1999969482422,123.5999984741211,126.5999984741211,27553,0.0,0.0
2023-10-26 00:00:00-04:00,128.39999389648438,134.39999389648438,123.5999984741211,128.39999389648438,37956,0.0,0.0
2023-10-27 00:00:00-04:00,129.60000610351562,130.1999969482422,123.5999984741211,126.0,21838,0.0,0.0
2023-10-30 00:00:00-04:00,130.8000030517578,133.1999969482422,123.5999984741211,128.39999389648438,35832,0.0,0.0
2023-10-31 00:00:00-04:00,129.60000610351562,130.8000030517578,126.0,127.19999694824219,17535,0.0,0.0
2023-11-01 00:00:00-04:00,127.19999694824219,128.39999389648438,124.80000305175781,127.19999694824219,20616,0.0,0.0
2023-11-02 00:00:00-04:00,128.39999389648438,134.39999389648438,127.80000305175781,133.1999969482422,24584,0.0,0.0
2023-11-03 00:00:00-04:00,133.1999969482422,141.60000610351562,132.0,134.39999389648438,32190,0.0,0.0
2023-11-06 00:00:00-05:00,140.39999389648438,140.39999389648438,121.19999694824219,123.0,42468,0.0,0.0
2023-11-07 00:00:00-05:00,124.80000305175781,130.8000030517578,121.19999694824219,127.80000305175781,19522,0.0,0.0
2023-11-08 00:00:00-05:00,127.19999694824219,134.39999389648438,126.0,127.19999694824219,17141,0.0,0.0
2023-11-09 00:00:00-05:00,128.39999389648438,132.0,111.95999908447266,113.04000091552734,37891,0.0,0.0
2023-11-10 00:00:00-05:00,116.4000015258789,117.0,92.4000015258789,94.80000305175781,75855,0.0,0.0
2023-11-13 00:00:00-05:00,94.80000305175781,106.08000183105469,94.80000305175781,105.12000274658203,53515,0.0,0.0
2023-11-14 00:00:00-05:00,103.55999755859375,108.0,93.5999984741211,99.4800033569336,29800,0.0,0.0
2023-11-15 00:00:00-05:00,99.0,99.0,79.55999755859375,81.0,109561,0.0,0.0
2023-11-16 00:00:00-05:00,79.19999694824219,79.19999694824219,62.400001525878906,62.63999938964844,112516,0.0,0.0
2023-11-17 00:00:00-05:00,63.2400016784668,76.31999969482422,62.63999938964844,68.16000366210938,136822,0.0,0.0
2023-11-20 00:00:00-05:00,69.5999984741211,70.31999969482422,65.16000366210938,66.83999633789062,66516,0.0,0.0
2023-11-21 00:00:00-05:00,66.36000061035156,67.80000305175781,56.400001525878906,61.20000076293945,83276,0.0,0.0
2023-11-22 00:00:00-05:00,61.31999969482422,62.400001525878906,58.20000076293945,58.79999923706055,41683,0.0,0.0
2023-11-24 00:00:00-05:00,63.599998474121094,65.4000015258789,59.400001525878906,59.52000045776367,62913,0.0,0.0
2023-11-27 00:00:00-05:00,59.880001068115234,59.880001068115234,52.79999923706055,53.279998779296875,83258,0.0,0.0
2023-11-28 00:00:00-05:00,56.400001525878906,56.7599983215332,54.0,54.119998931884766,46996,0.0,0.0
2023-11-29 00:00:00-05:00,52.79999923706055,56.040000915527344,52.79999923706055,54.0,56125,0.0,0.0
2023-11-30 00:00:00-05:00,54.84000015258789,54.959999084472656,45.0,46.439998626708984,109012,0.0,0.0
2023-12-01 00:00:00-05:00,45.84000015258789,45.84000015258789,40.79999923706055,45.47999954223633,109416,0.0,0.0
2023-12-04 00:00:00-05:00,46.20000076293945,47.15999984741211,40.91999816894531,42.720001220703125,83810,0.0,0.0
2023-12-05 00:00:00-05:00,42.599998474121094,43.20000076293945,37.20000076293945,37.20000076293945,88821,0.0,0.0
2023-12-06 00:00:00-05:00,36.599998474121094,37.79999923706055,31.68000030517578,31.920000076293945,117423,0.0,0.0
2023-12-07 00:00:00-05:00,31.31999969482422,32.400001525878906,30.0,30.360000610351562,108275,0.0,0.0
2023-12-08 00:00:00-05:00,30.0,43.79999923706055,28.920000076293945,35.52000045776367,744925,0.0,0.0
2023-12-11 00:00:00-05:00,37.20000076293945,39.84000015258789,30.719999313354492,30.959999084472656,241507,0.0,0.0
2023-12-12 00:00:00-05:00,30.600000381469727,31.799999237060547,26.8799991607666,30.479999542236328,130685,0.0,0.0
2023-12-13 00:00:00-05:00,30.0,34.20000076293945,28.440000534057617,31.68000030517578,135288,0.0,0.0
2023-12-14 00:00:00-05:00,28.920000076293945,33.959999084472656,28.920000076293945,31.440000534057617,104339,0.0,0.0
2023-12-15 00:00:00-05:00,32.279998779296875,34.79999923706055,31.559999465942383,32.040000915527344,137624,0.0,0.0
2023-12-18 00:00:00-05:00,32.52000045776367,34.31999969482422,31.68000030517578,33.0,104085,0.0,0.0
2023-12-19 00:00:00-05:00,33.0,35.52000045776367,32.400001525878906,33.959999084472656,97854,0.0,0.0
2023-12-20 00:00:00-05:00,33.720001220703125,35.63999938964844,30.479999542236328,30.719999313354492,87309,0.0,0.0
2023-12-21 00:00:00-05:00,30.719999313354492,45.959999084472656,30.719999313354492,43.68000030517578,277606,0.0,0.0
2023-12-22 00:00:00-05:00,42.959999084472656,47.15999984741211,39.2400016784668,41.52000045776367,172658,0.0,0.0
2023-12-26 00:00:00-05:00,41.279998779296875,53.279998779296875,39.2400016784668,40.68000030517578,255219,0.0,0.0
2023-12-27 00:00:00-05:00,41.040000915527344,45.0,39.599998474121094,40.20000076293945,111064,0.0,0.0
2023-12-28 00:00:00-05:00,36.0,38.040000915527344,30.1200008392334,31.079999923706055,217707,0.0,0.0
2023-12-29 00:00:00-05:00,31.68000030517578,31.799999237060547,27.600000381469727,27.719999313354492,215568,0.0,0.0
2024-01-02 00:00:00-05:00,29.040000915527344,29.639999389648438,24.0,24.0,196899,0.0,0.0
2024-01-03 00:00:00-05:00,24.1200008392334,24.239999771118164,20.399999618530273,21.239999771118164,195279,0.0,0.0
2024-01-04 00:00:00-05:00,23.040000915527344,24.600000381469727,20.639999389648438,20.760000228881836,202553,0.0,0.0
2024-01-05 00:00:00-05:00,20.8799991607666,21.1200008392334,18.600000381469727,19.079999923706055,151207,0.0,0.0
2024-01-08 00:00:00-05:00,19.799999237060547,23.040000915527344,19.200000762939453,22.68000030517578,214445,0.0,0.0
2024-01-09 00:00:00-05:00,22.799999237060547,24.719999313354492,21.0,21.360000610351562,177108,0.0,0.0
2024-01-10 00:00:00-05:00,22.799999237060547,23.280000686645508,19.440000534057617,20.280000686645508,101436,0.0,0.0
2024-01-11 00:00:00-05:00,20.15999984741211,21.239999771118164,19.200000762939453,20.520000457763672,90212,0.0,0.0
2024-01-12 00:00:00-05:00,20.520000457763672,21.360000610351562,20.15999984741211,20.520000457763672,62023,0.0,0.0
2024-01-16 00:00:00-05:00,20.639999389648438,22.559999465942383,19.799999237060547,19.920000076293945,98873,0.0,0.0
2024-01-17 00:00:00-05:00,19.440000534057617,20.15999984741211,19.079999923706055,19.559999465942383,82999,0.0,0.0
2024-01-18 00:00:00-05:00,19.559999465942383,20.8799991607666,19.200000762939453,19.31999969482422,148581,0.0,0.0
2024-01-19 00:00:00-05:00,19.799999237060547,19.799999237060547,18.719999313354492,18.719999313354492,60083,0.0,0.0
2024-01-22 00:00:00-05:00,18.84000015258789,19.799999237060547,17.399999618530273,17.639999389648438,113613,0.0,0.0
2024-01-23 00:00:00-05:00,17.8799991607666,18.0,15.960000038146973,17.639999389648438,104906,0.0,0.0
2024-01-24 00:00:00-05:00,17.760000228881836,18.600000381469727,17.15999984741211,17.399999618530273,59839,0.0,0.0
2024-01-25 00:00:00-05:00,17.280000686645508,17.399999618530273,15.720000267028809,16.31999969482422,81738,0.0,0.0
2024-01-26 00:00:00-05:00,16.31999969482422,17.520000457763672,16.200000762939453,16.559999465942383,39889,0.0,0.0
2024-01-29 00:00:00-05:00,16.920000076293945,18.479999542236328,16.799999237060547,17.639999389648438,76703,0.0,0.0
2024-01-30 00:00:00-05:00,18.0,18.0,16.799999237060547,16.920000076293945,40755,0.0,0.0
2024-01-31 00:00:00-05:00,16.68000030517578,17.15999984741211,16.079999923706055,16.200000762939453,43602,0.0,0.0
2024-02-01 00:00:00-05:00,16.31999969482422,16.31999969482422,15.0,15.239999771118164,78264,0.0,0.0
2024-02-02 00:00:00-05:00,15.239999771118164,15.359999656677246,12.0,14.15999984741211,159410,0.0,0.0
2024-02-05 00:00:00-05:00,13.920000076293945,13.920000076293945,12.359999656677246,12.84000015258789,94195,0.0,0.0
2024-02-06 00:00:00-05:00,13.079999923706055,13.680000305175781,11.520000457763672,12.479999542236328,160992,0.0,0.0
2024-02-07 00:00:00-05:00,12.239999771118164,12.359999656677246,10.800000190734863,10.920000076293945,139762,0.0,0.0
2024-02-08 00:00:00-05:00,11.15999984741211,11.279999732971191,10.079999923706055,10.680000305175781,164188,0.0,0.0
2024-02-09 00:00:00-05:00,10.680000305175781,11.15999984741211,10.4399995803833,10.680000305175781,85068,0.0,0.0
2024-02-12 00:00:00-05:00,11.279999732971191,11.399999618530273,9.600000381469727,9.960000038146973,143602,0.0,0.0
2024-02-13 00:00:00-05:00,9.960000038146973,9.960000038146973,8.399999618530273,8.640000343322754,184703,0.0,0.0
2024-02-14 00:00:00-05:00,8.760000228881836,8.880000114440918,7.440000057220459,7.679999828338623,247364,0.0,0.0
2024-02-15 00:00:00-05:00,7.800000190734863,18.0,7.800000190734863,13.079999923706055,1434787,0.0,0.0
2024-02-16 00:00:00-05:00,12.960000038146973,14.640000343322754,11.15999984741211,11.279999732971191,408548,0.0,0.0
2024-02-20 00:00:00-05:00,11.520000457763672,12.600000381469727,8.399999618530273,9.720000267028809,337126,0.0,0.0
2024-02-21 00:00:00-05:00,9.600000381469727,9.84000015258789,8.399999618530273,8.880000114440918,224818,0.0,0.0
2024-02-22 00:00:00-05:00,9.239999771118164,10.5600004196167,9.119999885559082,9.600000381469727,219638,0.0,0.0
2024-02-23 00:00:00-05:00,9.239999771118164,10.319999694824219,8.880000114440918,10.319999694824219,98738,0.0,0.0
2024-02-26 00:00:00-05:00,10.319999694824219,11.279999732971191,8.760000228881836,9.359999656677246,270008,0.0,0.0
2024-02-27 00:00:00-05:00,9.600000381469727,9.84000015258789,9.0,9.84000015258789,145792,0.0,0.0
2024-02-28 00:00:00-05:00,9.84000015258789,9.84000015258789,7.440000057220459,7.559999942779541,392843,0.0,0.0
2024-02-29 00:00:00-05:00,8.039999961853027,8.399999618530273,7.199999809265137,8.399999618530273,320323,0.0,0.0
2024-03-01 00:00:00-05:00,7.599999904632568,9.399999618530273,6.840000152587891,7.920000076293945,354095,0.0,0.3333333333333333
2024-03-04 00:00:00-05:00,8.15999984741211,8.239999771118164,7.239999771118164,7.360000133514404,175743,0.0,0.0
2024-03-05 00:00:00-05:00,7.199999809265137,7.239999771118164,6.400000095367432,7.0,340048,0.0,0.0
2024-03-06 00:00:00-05:00,7.159999847412109,7.28000020980835,6.400000095367432,6.519999980926514,243300,0.0,0.0
2024-03-07 00:00:00-05:00,6.400000095367432,6.440000057220459,5.880000114440918,5.920000076293945,229048,0.0,0.0
2024-03-08 00:00:00-05:00,5.840000152587891,5.880000114440918,5.199999809265137,5.320000171661377,335123,0.0,0.0
2024-03-11 00:00:00-04:00,5.400000095367432,5.480000019073486,4.920000076293945,5.159999847412109,195670,0.0,0.0
2024-03-12 00:00:00-04:00,5.119999885559082,5.199999809265137,3.8399999141693115,4.039999961853027,687928,0.0,0.0
2024-03-13 00:00:00-04:00,4.0,5.480000019073486,4.0,4.320000171661377,782665,0.0,0.0
2024-03-14 00:00:00-04:00,4.400000095367432,4.480000019073486,4.039999961853027,4.28000020980835,229480,0.0,0.0
2024-03-15 00:00:00-04:00,4.28000020980835,4.400000095367432,3.8399999141693115,3.880000114440918,259678,0.0,0.0
2024-03-18 00:00:00-04:00,4.0,4.760000228881836,3.9200000762939453,4.199999809265137,425093,0.0,0.0
2024-03-19 00:00:00-04:00,4.28000020980835,4.320000171661377,3.5999999046325684,3.680000066757202,479458,0.0,0.0
2024-03-20 00:00:00-04:00,3.759999990463257,3.799999952316284,3.440000057220459,3.680000066757202,343650,0.0,0.0
2024-03-21 00:00:00-04:00,3.680000066757202,6.0,3.559999942779541,5.440000057220459,2570258,0.0,0.0
2024-03-22 00:00:00-04:00,6.880000114440918,6.920000076293945,5.079999923706055,5.28000020980835,1900280,0.0,0.0
2024-03-25 00:00:00-04:00,5.239999771118164,5.400000095367432,4.039999961853027,4.559999942779541,601035,0.0,0.0
2024-03-26 00:00:00-04:00,4.559999942779541,4.800000190734863,4.0,4.0,473745,0.0,0.0
2024-03-27 00:00:00-04:00,4.0,4.159999847412109,3.5199999809265137,3.799999952316284,481600,0.0,0.0
2024-03-28 00:00:00-04:00,3.799999952316284,4.800000190734863,3.5199999809265137,4.0,555618,0.0,0.0
2024-04-01 00:00:00-04:00,4.0,4.0,3.5999999046325684,3.799999952316284,215170,0.0,0.0
2024-04-02 00:00:00-04:00,3.8399999141693115,3.8399999141693115,3.4800000190734863,3.5999999046325684,362943,0.0,0.0
2024-04-03 00:00:00-04:00,3.640000104904175,3.8399999141693115,3.559999942779541,3.5999999046325684,368630,0.0,0.0
2024-04-04 00:00:00-04:00,3.5999999046325684,3.640000104904175,3.2799999713897705,3.440000057220459,423465,0.0,0.0
2024-04-05 00:00:00-04:00,3.319999933242798,3.4000000953674316,3.119999885559082,3.119999885559082,512195,0.0,0.0
2024-04-08 00:00:00-04:00,3.359999895095825,4.199999809265137,3.240000009536743,3.5999999046325684,1348835,0.0,0.0
2024-04-09 00:00:00-04:00,4.0,4.599999904632568,3.680000066757202,4.480000019073486,1991955,0.0,0.0
2024-04-10 00:00:00-04:00,4.28000020980835,4.360000133514404,3.5999999046325684,3.640000104904175,1055418,0.0,0.0
2024-04-11 00:00:00-04:00,3.640000104904175,3.640000104904175,3.200000047683716,3.319999933242798,588680,0.0,0.0
2024-04-12 00:00:00-04:00,3.4000000953674316,3.5999999046325684,3.1600000858306885,3.200000047683716,616743,0.0,0.0
2024-04-15 00:00:00-04:00,3.200000047683716,3.200000047683716,2.799999952316284,2.880000114440918,588718,0.0,0.0
2024-04-16 00:00:00-04:00,2.799999952316284,2.8399999141693115,2.5999999046325684,2.640000104904175,585593,0.0,0.0
2024-04-17 00:00:00-04:00,2.759999990463257,2.759999990463257,2.440000057220459,2.440000057220459,568675,0.0,0.0
2024-04-18 00:00:00-04:00,2.4800000190734863,2.8399999141693115,2.440000057220459,2.4800000190734863,676603,0.0,0.0
2024-04-19 00:00:00-04:00,2.5199999809265137,2.559999942779541,2.240000009536743,2.359999895095825,742548,0.0,0.0
2024-04-22 00:00:00-04:00,2.359999895095825,2.5999999046325684,2.0399999618530273,2.240000009536743,933595,0.0,0.0
2024-04-23 00:00:00-04:00,2.2799999713897705,2.4800000190734863,2.0,2.1600000858306885,1625015,0.0,0.0
2024-04-24 00:00:00-04:00,2.200000047683716,2.200000047683716,1.9199999570846558,2.0,1495920,0.0,0.0
2024-04-25 00:00:00-04:00,2.0,2.0,1.7999999523162842,1.9600000381469727,773295,0.0,0.0
2024-04-26 00:00:00-04:00,2.0,2.0799999237060547,1.840000033378601,1.8799999952316284,1688188,0.0,0.0
2024-04-29 00:00:00-04:00,1.7999999523162842,1.7999999523162842,1.5199999809265137,1.6799999475479126,2020400,0.0,0.0
2024-04-30 00:00:00-04:00,1.6799999475479126,1.9600000381469727,1.600000023841858,1.7599999904632568,1788473,0.0,0.0
2024-05-01 00:00:00-04:00,1.9600000381469727,1.9600000381469727,1.6399999856948853,1.840000033378601,2003593,0.0,0.0
2024-05-02 00:00:00-04:00,1.8799999952316284,1.9600000381469727,1.600000023841858,1.600000023841858,2912515,0.0,0.0
2024-05-03 00:00:00-04:00,1.6399999856948853,1.7599999904632568,1.5199999809265137,1.6399999856948853,2132318,0.0,0.0
2024-05-06 00:00:00-04:00,1.6399999856948853,1.7599999904632568,1.600000023841858,1.6399999856948853,1728795,0.0,0.0
2024-05-07 00:00:00-04:00,1.9199999570846558,2.0799999237060547,1.6799999475479126,1.7599999904632568,4422883,0.0,0.0
2024-05-08 00:00:00-04:00,1.6799999475479126,1.7200000286102295,1.600000023841858,1.6799999475479126,1488240,0.0,0.0
2024-05-09 00:00:00-04:00,1.6799999475479126,1.6799999475479126,1.559999942779541,1.6399999856948853,1983515,0.0,0.0
2024-05-10 00:00:00-04:00,1.6799999475479126,1.9199999570846558,1.600000023841858,1.840000033378601,2533813,0.0,0.0
2024-05-13 00:00:00-04:00,1.9199999570846558,2.799999952316284,1.7999999523162842,2.440000057220459,7286795,0.0,0.0
2024-05-14 00:00:00-04:00,4.0,14.399999618530273,3.5999999046325684,11.399999618530273,38543268,0.0,0.0
2024-05-15 00:00:00-04:00,23.959999084472656,39.20000076293945,15.520000457763672,28.200000762939453,3366143,0.0,0.0
2024-05-16 00:00:00-04:00,32.47999954223633,94.0,30.200000762939453,66.0,2842525,0.0,0.0
2024-05-17 00:00:00-04:00,108.0,156.0,36.0,41.20000076293945,3275400,0.0,0.0
2024-05-20 00:00:00-04:00,78.4000015258789,90.0,48.0,72.0,17541083,0.0,0.0
2024-05-21 00:00:00-04:00,59.20000076293945,66.4000015258789,49.599998474121094,55.599998474121094,5709205,0.0,0.0
2024-05-22 00:00:00-04:00,50.79999923706055,53.20000076293945,40.0,44.79999923706055,5103348,0.0,0.0
2024-05-23 00:00:00-04:00,47.400001525878906,58.79999923706055,45.20000076293945,47.599998474121094,5028443,0.0,0.0
2024-05-24 00:00:00-04:00,54.400001525878906,54.79999923706055,45.20000076293945,46.400001525878906,2811583,0.0,0.0
2024-05-28 00:00:00-04:00,50.0,50.0,45.20000076293945,46.79999923706055,2532788,0.0,0.0
2024-05-29 00:00:00-04:00,32.79999923706055,35.119998931884766,15.640000343322754,17.760000228881836,10448020,0.0,0.0
2024-05-30 00:00:00-04:00,17.68000030517578,30.559999465942383,17.1200008392334,22.600000381469727,14493603,0.0,0.0
2024-05-31 00:00:00-04:00,26.399999618530273,27.68000030517578,20.239999771118164,23.31999969482422,5596115,0.0,0.0
2024-06-03 00:00:00-04:00,28.799999237060547,29.760000228881836,24.399999618530273,25.0,5721208,0.0,0.0
2024-06-04 00:00:00-04:00,23.639999389648438,23.639999389648438,20.399999618530273,22.280000686645508,2539875,0.0,0.0
2024-06-05 00:00:00-04:00,20.1200008392334,23.799999237060547,18.15999984741211,21.280000686645508,2980805,0.0,0.0
2024-06-06 00:00:00-04:00,22.0,23.1200008392334,20.0,21.760000228881836,4189660,0.0,0.0
2024-06-07 00:00:00-04:00,24.399999618530273,31.399999618530273,23.440000534057617,24.440000534057617,10494198,0.0,0.0
2024-06-10 00:00:00-04:00,25.479999542236328,25.8799991607666,21.040000915527344,22.399999618530273,2085110,0.0,0.0
2024-06-11 00:00:00-04:00,21.84000015258789,23.040000915527344,20.479999542236328,22.399999618530273,1604868,0.0,0.0
2024-06-12 00:00:00-04:00,21.799999237060547,22.440000534057617,20.760000228881836,20.84000015258789,1520603,0.0,0.0
2024-06-13 00:00:00-04:00,21.040000915527344,21.1200008392334,19.280000686645508,20.360000610351562,1383403,0.0,0.0
2024-06-14 00:00:00-04:00,20.040000915527344,23.1200008392334,19.600000381469727,20.600000381469727,1515258,0.0,0.0
2024-06-17 00:00:00-04:00,20.799999237060547,22.079999923706055,20.200000762939453,20.479999542236328,978350,0.0,0.0
2024-06-18 00:00:00-04:00,19.84000015258789,20.399999618530273,18.600000381469727,18.959999084472656,1072570,0.0,0.0
2024-06-20 00:00:00-04:00,18.760000228881836,18.799999237060547,16.0,16.280000686645508,1560565,0.0,0.0
2024-06-21 00:00:00-04:00,16.520000457763672,17.1200008392334,15.239999771118164,15.84000015258789,1074758,0.0,0.0
2024-06-24 00:00:00-04:00,15.279999732971191,15.319999694824219,11.0,13.039999961853027,3113890,0.0,0.0
2024-06-25 00:00:00-04:00,8.760000228881836,11.800000190734863,8.600000381469727,10.600000381469727,4098138,0.0,0.0
2024-06-26 00:00:00-04:00,12.119999885559082,24.0,11.800000190734863,18.360000610351562,16650140,0.0,0.0
2024-06-27 00:00:00-04:00,24.600000381469727,27.600000381469727,20.0,24.0,14392420,0.0,0.0
2024-06-28 00:00:00-04:00,21.280000686645508,23.8799991607666,18.31999969482422,20.280000686645508,4941090,0.0,0.0
2024-07-01 00:00:00-04:00,19.639999389648438,21.520000457763672,18.0,18.399999618530273,2279080,0.0,0.0
2024-07-02 00:00:00-04:00,17.799999237060547,17.799999237060547,15.359999656677246,17.360000610351562,2067933,0.0,0.0
2024-07-03 00:00:00-04:00,16.719999313354492,18.760000228881836,16.600000381469727,16.959999084472656,1362178,0.0,0.0
2024-07-05 00:00:00-04:00,16.280000686645508,16.719999313354492,15.479999542236328,16.0,1181953,0.0,0.0
2024-07-08 00:00:00-04:00,15.800000190734863,16.920000076293945,14.399999618530273,16.600000381469727,1873930,0.0,0.0
2024-07-09 00:00:00-04:00,16.0,16.799999237060547,15.479999542236328,15.600000381469727,1230223,0.0,0.0
2024-07-10 00:00:00-04:00,15.5600004196167,17.559999465942383,15.199999809265137,15.960000038146973,1962823,0.0,0.0
2024-07-11 00:00:00-04:00,16.0,17.200000762939453,16.0,16.200000762939453,1128050,0.0,0.0
2024-07-12 00:00:00-04:00,16.1200008392334,17.600000381469727,16.0,16.8799991607666,1196795,0.0,0.0
2024-07-15 00:00:00-04:00,16.520000457763672,21.8799991607666,16.440000534057617,20.600000381469727,5447928,0.0,0.0
2024-07-16 00:00:00-04:00,20.760000228881836,21.799999237060547,19.360000610351562,19.559999465942383,1960305,0.0,0.0
2024-07-17 00:00:00-04:00,18.799999237060547,19.920000076293945,18.239999771118164,18.440000534057617,1136935,0.0,0.0
2024-07-18 00:00:00-04:00,18.959999084472656,19.079999923706055,16.399999618530273,16.68000030517578,1304785,0.0,0.0
2024-07-19 00:00:00-04:00,16.84000015258789,16.84000015258789,15.600000381469727,16.040000915527344,741478,0.0,0.0
2024-07-22 00:00:00-04:00,16.280000686645508,16.280000686645508,14.479999542236328,15.84000015258789,1294348,0.0,0.0
2024-07-23 00:00:00-04:00,15.600000381469727,16.399999618530273,15.0,15.479999542236328,692865,0.0,0.0
2024-07-24 00:00:00-04:00,15.15999984741211,15.15999984741211,13.880000114440918,14.279999732971191,731775,0.0,0.0
2024-07-25 00:00:00-04:00,13.720000267028809,14.880000114440918,13.039999961853027,14.399999618530273,720938,0.0,0.0
2024-07-26 00:00:00-04:00,14.0,14.880000114440918,13.720000267028809,14.279999732971191,564513,0.0,0.0
2024-07-29 00:00:00-04:00,14.119999885559082,14.279999732971191,12.399999618530273,13.600000381469727,1159178,0.0,0.0
2024-07-30 00:00:00-04:00,12.880000114440918,12.960000038146973,12.239999771118164,12.640000343322754,594298,0.0,0.0
2024-07-31 00:00:00-04:00,14.600000381469727,16.280000686645508,13.199999809265137,14.0,3630968,0.0,0.0
2024-08-01 00:00:00-04:00,13.399999618530273,13.4399995803833,12.119999885559082,12.319999694824219,950198,0.0,0.0
2024-08-02 00:00:00-04:00,12.0,12.199999809265137,11.199999809265137,12.199999809265137,705118,0.0,0.0
2024-08-05 00:00:00-04:00,10.0,10.760000228881836,9.239999771118164,10.399999618530273,1096450,0.0,0.0
2024-08-06 00:00:00-04:00,10.800000190734863,11.119999885559082,10.0,10.399999618530273,791960,0.0,0.0
2024-08-07 00:00:00-04:00,10.399999618530273,10.640000343322754,8.880000114440918,9.119999885559082,754328,0.0,0.0
2024-08-08 00:00:00-04:00,9.479999542236328,10.0,9.0,9.399999618530273,886120,0.0,0.0
2024-08-09 00:00:00-04:00,9.399999618530273,9.520000457763672,8.600000381469727,8.920000076293945,896520,0.0,0.0
2024-08-12 00:00:00-04:00,9.239999771118164,9.239999771118164,7.920000076293945,8.520000457763672,1211620,0.0,0.0
2024-08-13 00:00:00-04:00,8.15999984741211,8.319999694824219,7.599999904632568,7.679999828338623,1006825,0.0,0.0
2024-08-14 00:00:00-04:00,7.519999980926514,7.559999942779541,6.039999961853027,6.71999979019165,1504825,0.0,0.0
2024-08-15 00:00:00-04:00,5.400000095367432,5.480000019073486,4.800000190734863,5.079999923706055,3269903,0.0,0.0
2024-08-16 00:00:00-04:00,5.599999904632568,5.800000190734863,4.880000114440918,5.119999885559082,2742123,0.0,0.0
2024-08-19 00:00:00-04:00,4.869999885559082,4.989999771118164,3.799999952316284,3.990000009536743,5542100,0.0,0.025
2024-08-20 00:00:00-04:00,3.9700000286102295,3.9700000286102295,2.9000000953674316,3.0,6707100,0.0,0.0
2024-08-21 00:00:00-04:00,2.7899999618530273,3.7090001106262207,2.6700000762939453,3.5899999141693115,10380400,0.0,0.0
2024-08-22 00:00:00-04:00,3.5999999046325684,8.890000343322754,3.2699999809265137,8.039999961853027,153400700,0.0,0.0
2024-08-23 00:00:00-04:00,10.5,11.399999618530273,6.659999847412109,7.230000019073486,77861900,0.0,0.0
2024-08-26 00:00:00-04:00,6.579999923706055,7.98199987411499,5.929999828338623,7.579999923706055,26678700,0.0,0.0
2024-08-27 00:00:00-04:00,7.309999942779541,7.809999942779541,6.809999942779541,7.079999923706055,8599300,0.0,0.0
2024-08-28 00:00:00-04:00,6.809999942779541,7.230000019073486,6.110000133514404,6.25,4616100,0.0,0.0
2024-08-29 00:00:00-04:00,6.159999847412109,6.619999885559082,5.360000133514404,5.489999771118164,3873400,0.0,0.0
2024-08-30 00:00:00-04:00,5.460000038146973,5.590000152587891,4.940000057220459,5.025000095367432,4639300,0.0,0.0
2024-09-03 00:00:00-04:00,5.070000171661377,5.090000152587891,3.359999895095825,3.430000066757202,7067400,0.0,0.0
2024-09-04 00:00:00-04:00,3.450000047683716,6.480000019073486,3.450000047683716,5.239999771118164,69569300,0.0,0.0
2024-09-05 00:00:00-04:00,6.039999961853027,6.460000038146973,4.809999942779541,5.210000038146973,20096300,0.0,0.0
2024-09-06 00:00:00-04:00,5.980000019073486,6.519999980926514,4.5,4.800000190734863,20462100,0.0,0.0
2024-09-09 00:00:00-04:00,4.550000190734863,4.550000190734863,4.1519999504089355,4.480000019073486,4143900,0.0,0.0
2024-09-10 00:00:00-04:00,4.349999904632568,4.820000171661377,4.110000133514404,4.190000057220459,4958100,0.0,0.0
2024-09-11 00:00:00-04:00,4.119999885559082,4.159999847412109,3.865000009536743,3.9800000190734863,3290800,0.0,0.0
2024-09-12 00:00:00-04:00,4.059999942779541,4.190000057220459,3.9049999713897705,4.039999961853027,3638600,0.0,0.0
2024-09-13 00:00:00-04:00,4.0,4.159999847412109,3.9200000762939453,3.990000009536743,4026200,0.0,0.0
2024-09-16 00:00:00-04:00,4.019999980926514,4.019999980926514,3.5999999046325684,3.6449999809265137,4025900,0.0,0.0
2024-09-17 00:00:00-04:00,3.75,3.819999933242798,3.5,3.559999942779541,3660200,0.0,0.0
2024-09-18 00:00:00-04:00,3.5199999809265137,4.050000190734863,3.25,3.9200000762939453,6081200,0.0,0.0
2024-09-19 00:00:00-04:00,4.110000133514404,4.130000114440918,3.6600000858306885,3.700000047683716,4672100,0.0,0.0
2024-09-20 00:00:00-04:00,3.5,3.5299999713897705,3.309999942779541,3.369999885559082,4857700,0.0,0.0
2024-09-23 00:00:00-04:00,3.3299999237060547,3.3299999237060547,2.9700000286102295,3.0999999046325684,3704500,0.0,0.0
2024-09-24 00:00:00-04:00,3.0799999237060547,3.1410000324249268,2.890000104904175,2.940000057220459,4053800,0.0,0.0
2024-09-25 00:00:00-04:00,2.880000114440918,2.9100000858306885,2.7100000381469727,2.744999885559082,4077600,0.0,0.0
2024-09-26 00:00:00-04:00,2.930000066757202,3.5999999046325684,2.7899999618530273,3.009999990463257,26677200,0.0,0.0
2024-09-27 00:00:00-04:00,3.059999942779541,3.0799999237060547,2.759999990463257,2.7799999713897705,6606700,0.0,0.0
2024-09-30 00:00:00-04:00,2.8499999046325684,3.190000057220459,2.809999942779541,2.869999885559082,7554300,0.0,0.0
2024-10-01 00:00:00-04:00,2.869999885559082,2.9049999713897705,2.700000047683716,2.7899999618530273,3458500,0.0,0.0
2024-10-02 00:00:00-04:00,2.880000114440918,3.0,2.799999952316284,2.940000057220459,5247300,0.0,0.0
2024-10-03 00:00:00-04:00,2.930000066757202,2.930000066757202,2.691999912261963,2.799999952316284,6193300,0.0,0.0
2024-10-04 00:00:00-04:00,2.7699999809265137,2.7899999618530273,2.6500000953674316,2.700000047683716,3862300,0.0,0.0
2024-10-07 00:00:00-04:00,2.6500000953674316,2.680000066757202,2.434999942779541,2.4800000190734863,5024400,0.0,0.0
2024-10-08 00:00:00-04:00,2.359999895095825,2.430000066757202,2.2699999809265137,2.3299999237060547,4151300,0.0,0.0
2024-10-09 00:00:00-04:00,2.3499999046325684,2.950000047683716,2.25,2.450000047683716,27971300,0.0,0.0
2024-10-10 00:00:00-04:00,2.6500000953674316,2.950000047683716,2.5,2.75,27949200,0.0,0.0
2024-10-11 00:00:00-04:00,2.640000104904175,2.6500000953674316,2.4600000381469727,2.509999990463257,5551600,0.0,0.0
2024-10-14 00:00:00-04:00,2.4820001125335693,2.490000009536743,2.3399999141693115,2.430000066757202,3770000,0.0,0.0
2024-10-15 00:00:00-04:00,2.3499999046325684,2.380000114440918,2.2300000190734863,2.2799999713897705,4066800,0.0,0.0
2024-10-16 00:00:00-04:00,2.2200000286102295,2.450000047683716,2.180000066757202,2.309999942779541,4691100,0.0,0.0
2024-10-17 00:00:00-04:00,2.2699999809265137,2.2799999713897705,2.2100000381469727,2.2300000190734863,2246200,0.0,0.0
2024-10-18 00:00:00-04:00,2.2300000190734863,2.319999933242798,2.2100000381469727,2.240000009536743,2392400,0.0,0.0
2024-10-21 00:00:00-04:00,2.2100000381469727,2.2899999618530273,2.183000087738037,2.2200000286102295,2316300,0.0,0.0
2024-10-22 00:00:00-04:00,2.2100000381469727,2.2309999465942383,2.0899999141693115,2.119999885559082,3272500,0.0,0.0
2024-10-23 00:00:00-04:00,2.119999885559082,2.1600000858306885,2.0,2.0199999809265137,3441000,0.0,0.0
2024-10-24 00:00:00-04:00,2.0199999809265137,2.069999933242798,1.899999976158142,2.0,3315500,0.0,0.0
2024-10-25 00:00:00-04:00,2.4000000953674316,2.509999990463257,2.069999933242798,2.1600000858306885,35789500,0.0,0.0
2024-10-28 00:00:00-04:00,2.0999999046325684,2.2799999713897705,2.0199999809265137,2.240000009536743,6459600,0.0,0.0
2024-10-29 00:00:00-04:00,2.1600000858306885,2.200000047683716,2.0799999237060547,2.0899999141693115,3322400,0.0,0.0
2024-10-30 00:00:00-04:00,2.059999942779541,2.1600000858306885,2.009999990463257,2.0299999713897705,3088200,0.0,0.0
2024-10-31 00:00:00-04:00,2.1500000953674316,2.1600000858306885,2.009999990463257,2.049999952316284,4872700,0.0,0.0
2024-11-01 00:00:00-04:00,2.0799999237060547,2.119999885559082,2.0,2.0199999809265137,3590000,0.0,0.0
2024-11-04 00:00:00-05:00,1.8899999856948853,1.9800000190734863,1.809999942779541,1.940000057220459,3201900,0.0,0.0
2024-11-05 00:00:00-05:00,1.940000057220459,2.0,1.899999976158142,1.909999966621399,2568500,0.0,0.0
2024-11-06 00:00:00-05:00,1.899999976158142,1.9500000476837158,1.809999942779541,1.8200000524520874,4726500,0.0,0.0
2024-11-07 00:00:00-05:00,1.8799999952316284,2.0899999141693115,1.7699999809265137,1.7899999618530273,7846200,0.0,0.0
2024-11-08 00:00:00-05:00,1.7899999618530273,1.7999999523162842,1.659999966621399,1.6799999475479126,5063600,0.0,0.0
2024-11-11 00:00:00-05:00,1.6019999980926514,1.649999976158142,1.559999942779541,1.5800000429153442,6504800,0.0,0.0
2024-11-12 00:00:00-05:00,1.559999942779541,1.5870000123977661,1.4600000381469727,1.4700000286102295,7124200,0.0,0.0
2024-11-13 00:00:00-05:00,1.6299999952316284,1.649999976158142,1.409999966621399,1.4199999570846558,10931900,0.0,0.0
2024-11-14 00:00:00-05:00,1.3799999952316284,1.4600000381469727,1.350000023841858,1.3799999952316284,5026400,0.0,0.0
2024-11-15 00:00:00-05:00,1.3300000429153442,1.3600000143051147,1.2400000095367432,1.2599999904632568,5479900,0.0,0.0
2024-11-18 00:00:00-05:00,1.25,1.4800000190734863,1.25,1.2799999713897705,6646400,0.0,0.0
2024-11-19 00:00:00-05:00,1.2699999809265137,1.3300000429153442,1.2000000476837158,1.2699999809265137,4024800,0.0,0.0
2024-11-20 00:00:00-05:00,1.3289999961853027,1.5850000381469727,1.2599999904632568,1.4700000286102295,16061500,0.0,0.0
2024-11-21 00:00:00-05:00,1.5,1.5700000524520874,1.399999976158142,1.5700000524520874,6641500,0.0,0.0
2024-11-22 00:00:00-05:00,1.5490000247955322,1.5700000524520874,1.4800000190734863,1.5099999904632568,3492200,0.0,0.0
2024-11-25 00:00:00-05:00,1.5499999523162842,1.7000000476837158,1.3899999856948853,1.4199999570846558,9652000,0.0,0.0
2024-11-26 00:00:00-05:00,1.399999976158142,1.4390000104904175,1.284999966621399,1.340000033378601,6498600,0.0,0.0
2024-11-27 00:00:00-05:00,1.309999942779541,1.3600000143051147,1.2100000381469727,1.2300000190734863,6518600,0.0,0.0
2024-11-29 00:00:00-05:00,1.225000023841858,1.225000023841858,0.9929999709129333,1.100000023841858,9127000,0.0,0.0
2024-12-02 00:00:00-05:00,1.1100000143051147,1.1699999570846558,1.100000023841858,1.1299999952316284,4880000,0.0,0.0
2024-12-03 00:00:00-05:00,1.100000023841858,1.1200000047683716,1.0199999809265137,1.0700000524520874,6146300,0.0,0.0
2024-12-04 00:00:00-05:00,1.0499999523162842,1.1799999475479126,1.0499999523162842,1.149999976158142,6450800,0.0,0.0
2024-12-05 00:00:00-05:00,1.159999966621399,1.25,1.0700000524520874,1.2200000286102295,8769900,0.0,0.0
2024-12-06 00:00:00-05:00,1.2200000286102295,1.3049999475479126,1.149999976158142,1.1799999475479126,7259500,0.0,0.0
2024-12-09 00:00:00-05:00,1.1799999475479126,1.3799999952316284,1.149999976158142,1.350000023841858,10755600,0.0,0.0
2024-12-10 00:00:00-05:00,1.2999999523162842,1.2999999523162842,1.2000000476837158,1.2300000190734863,3729700,0.0,0.0
2024-12-11 00:00:00-05:00,1.2400000095367432,1.2450000047683716,1.159999966621399,1.1799999475479126,3071800,0.0,0.0
2024-12-12 00:00:00-05:00,1.1799999475479126,1.2200000286102295,1.1200000047683716,1.1699999570846558,2409200,0.0,0.0
2024-12-13 00:00:00-05:00,1.149999976158142,1.25,1.1399999856948853,1.2400000095367432,2746900,0.0,0.0
2024-12-16 00:00:00-05:00,1.25,1.2899999618530273,1.1799999475479126,1.2000000476837158,3960400,0.0,0.0
2024-12-17 00:00:00-05:00,1.2000000476837158,1.215000033378601,1.1050000190734863,1.1299999952316284,4764200,0.0,0.0
2024-12-18 00:00:00-05:00,1.100000023841858,1.159999966621399,1.0549999475479126,1.090000033378601,4438900,0.0,0.0
2024-12-19 00:00:00-05:00,1.100000023841858,1.1299999952316284,1.0700000524520874,1.100000023841858,2793100,0.0,0.0
2024-12-20 00:00:00-05:00,1.100000023841858,1.1799999475479126,1.059999942779541,1.159999966621399,4661600,0.0,0.0
2024-12-23 00:00:00-05:00,1.2899999618530273,1.350000023841858,1.090000033378601,1.1100000143051147,22134700,0.0,0.0
2024-12-24 00:00:00-05:00,1.100000023841858,1.309999942779541,1.100000023841858,1.2400000095367432,7874900,0.0,0.0
2024-12-26 00:00:00-05:00,1.2100000381469727,1.3899999856948853,1.2100000381469727,1.3200000524520874,11446300,0.0,0.0
2024-12-27 00:00:00-05:00,1.409999966621399,1.7699999809265137,1.3250000476837158,1.7599999904632568,32822000,0.0,0.0
2024-12-30 00:00:00-05:00,2.2850000858306885,3.240000009536743,2.190000057220459,3.140000104904175,159235700,0.0,0.0
2024-12-31 00:00:00-05:00,4.21999979019165,4.460000038146973,2.115000009536743,2.430000066757202,159522900,0.0,0.0
2025-01-02 00:00:00-05:00,2.799999952316284,3.819999933242798,2.5799999237060547,3.690000057220459,93167000,0.0,0.0
2025-01-03 00:00:00-05:00,3.0799999237060547,3.4700000286102295,2.950000047683716,3.180000066757202,37577100,0.0,0.0
2025-01-06 00:00:00-05:00,3.059999942779541,3.0899999141693115,2.240000009536743,2.4100000858306885,41546300,0.0,0.0
2025-01-07 00:00:00-05:00,2.4200000762939453,2.700000047683716,2.0999999046325684,2.1500000953674316,24817600,0.0,0.0
2025-01-08 00:00:00-05:00,2.130000114440918,2.134999990463257,1.8550000190734863,2.0799999237060547,18436700,0.0,0.0
2025-01-10 00:00:00-05:00,1.909999966621399,1.9800000190734863,1.5399999618530273,1.559999942779541,18261300,0.0,0.0
2025-01-13 00:00:00-05:00,1.590000033378601,1.840000033378601,1.3600000143051147,1.4299999475479126,20335800,0.0,0.0
2025-01-14 00:00:00-05:00,1.4800000190734863,1.5549999475479126,1.3799999952316284,1.399999976158142,8562000,0.0,0.0
2025-01-15 00:00:00-05:00,1.4299999475479126,1.659999966621399,1.4299999475479126,1.5499999523162842,13760900,0.0,0.0
2025-01-16 00:00:00-05:00,1.5549999475479126,1.6399999856948853,1.4700000286102295,1.5299999713897705,7561600,0.0,0.0
2025-01-17 00:00:00-05:00,1.5499999523162842,1.649999976158142,1.4900000095367432,1.5099999904632568,7538000,0.0,0.0
2025-01-21 00:00:00-05:00,1.5,1.5399999618530273,1.4199999570846558,1.4700000286102295,7470400,0.0,0.0
2025-01-22 00:00:00-05:00,1.4700000286102295,1.5,1.399999976158142,1.4199999570846558,5603900,0.0,0.0
2025-01-23 00:00:00-05:00,1.409999966621399,1.440000057220459,1.3600000143051147,1.409999966621399,3873800,0.0,0.0
2025-01-24 00:00:00-05:00,1.4249999523162842,1.6200000047683716,1.399999976158142,1.4500000476837158,9961600,0.0,0.0
2025-01-27 00:00:00-05:00,1.5,1.5,1.2999999523162842,1.3600000143051147,7851600,0.0,0.0
2025-01-28 00:00:00-05:00,1.3650000095367432,1.3799999952316284,1.3200000524520874,1.350000023841858,9894000,0.0,0.0
2025-01-29 00:00:00-05:00,1.5149999856948853,1.5399999618530273,1.3600000143051147,1.3700000047683716,28883100,0.0,0.0
2025-01-30 00:00:00-05:00,1.3799999952316284,1.399999976158142,1.2000000476837158,1.25,14785000,0.0,0.0
2025-01-31 00:00:00-05:00,1.2000000476837158,1.340000033378601,1.2000000476837158,1.3200000524520874,7300900,0.0,0.0
2025-02-03 00:00:00-05:00,1.25,1.3799999952316284,1.2300000190734863,1.3200000524520874,5738200,0.0,0.0
2025-02-04 00:00:00-05:00,1.2999999523162842,1.399999976158142,1.2799999713897705,1.3700000047683716,5540200,0.0,0.0
2025-02-05 00:00:00-05:00,1.350000023841858,1.4199999570846558,1.3300000429153442,1.3899999856948853,6515800,0.0,0.0
2025-02-06 00:00:00-05:00,1.3990000486373901,1.4199999570846558,1.2899999618530273,1.3300000429153442,4563300,0.0,0.0
2025-02-07 00:00:00-05:00,1.2999999523162842,1.350000023841858,1.2799999713897705,1.309999942779541,3535500,0.0,0.0
2025-02-10 00:00:00-05:00,1.340000033378601,1.5399999618530273,1.3350000381469727,1.5199999809265137,13606200,0.0,0.0
2025-02-11 00:00:00-05:00,1.475000023841858,1.5099999904632568,1.399999976158142,1.409999966621399,4841400,0.0,0.0
2025-02-12 00:00:00-05:00,1.3899999856948853,1.4900000095367432,1.3700000047683716,1.4600000381469727,3336400,0.0,0.0
2025-02-13 00:00:00-05:00,1.4700000286102295,1.809999942779541,1.440000057220459,1.7699999809265137,21432500,0.0,0.0
2025-02-14 00:00:00-05:00,1.9500000476837158,2.0199999809265137,1.590000033378601,1.600000023841858,36756900,0.0,0.0
2025-02-18 00:00:00-05:00,1.5700000524520874,1.600000023841858,1.4900000095367432,1.5800000429153442,7256600,0.0,0.0
2025-02-19 00:00:00-05:00,1.6699999570846558,1.8600000143051147,1.5700000524520874,1.7300000190734863,20366800,0.0,0.0
2025-02-20 00:00:00-05:00,1.7100000381469727,1.7300000190734863,1.6299999952316284,1.659999966621399,7586900,0.0,0.0
2025-02-21 00:00:00-05:00,1.690000057220459,1.8200000524520874,1.5700000524520874,1.600000023841858,10641000,0.0,0.0
2025-02-24 00:00:00-05:00,1.5499999523162842,1.565000057220459,1.4600000381469727,1.4900000095367432,6529700,0.0,0.0
2025-02-25 00:00:00-05:00,1.4800000190734863,1.5,1.315000057220459,1.3700000047683716,7366800,0.0,0.0
2025-02-26 00:00:00-05:00,1.434999942779541,1.4700000286102295,1.3600000143051147,1.3899999856948853,4371400,0.0,0.0
2025-02-27 00:00:00-05:00,1.399999976158142,1.4299999475479126,1.340000033378601,1.3700000047683716,3733800,0.0,0.0
2025-02-28 00:00:00-05:00,1.350000023841858,1.399999976158142,1.3300000429153442,1.3600000143051147,3049800,0.0,0.0
2025-03-03 00:00:00-05:00,1.378999948501587,1.4700000286102295,1.2799999713897705,1.2999999523162842,4601700,0.0,0.0
2025-03-04 00:00:00-05:00,1.2799999713897705,1.3600000143051147,1.2400000095367432,1.309999942779541,4158300,0.0,0.0
2025-03-05 00:00:00-05:00,1.309999942779541,1.4500000476837158,1.2999999523162842,1.3799999952316284,4563600,0.0,0.0
2025-03-06 00:00:00-05:00,1.3600000143051147,1.3899999856948853,1.2999999523162842,1.3200000524520874,3662000,0.0,0.0
2025-03-07 00:00:00-05:00,1.3250000476837158,1.4500000476837158,1.2799999713897705,1.4500000476837158,4080300,0.0,0.0
2025-03-10 00:00:00-04:00,1.3799999952316284,1.4800000190734863,1.2400000095367432,1.2599999904632568,3903500,0.0,0.0
2025-03-11 00:00:00-04:00,1.274999976158142,1.309999942779541,1.2100000381469727,1.2899999618530273,4736600,0.0,0.0
2025-03-12 00:00:00-04:00,1.315000057220459,1.315000057220459,1.1799999475479126,1.2899999618530273,5849000,0.0,0.0
2025-03-13 00:00:00-04:00,1.2799999713897705,1.2899999618530273,1.2000000476837158,1.2300000190734863,3257100,0.0,0.0
2025-03-14 00:00:00-04:00,1.25,1.2999999523162842,1.2100000381469727,1.2999999523162842,4261800,0.0,0.0
2025-03-17 00:00:00-04:00,1.2999999523162842,1.3200000524520874,1.25,1.2599999904632568,3429300,0.0,0.0
2025-03-18 00:00:00-04:00,1.25,1.25,1.2000000476837158,1.2100000381469727,4147400,0.0,0.0
2025-03-19 00:00:00-04:00,1.225000023841858,1.25,1.1799999475479126,1.2400000095367432,5736400,0.0,0.0
2025-03-20 00:00:00-04:00,1.2400000095367432,1.3600000143051147,1.2109999656677246,1.2899999618530273,7126000,0.0,0.0
2025-03-21 00:00:00-04:00,1.25,1.2899999618530273,1.25,1.2599999904632568,3332100,0.0,0.0
2025-03-24 00:00:00-04:00,1.2699999809265137,1.4199999570846558,1.2300000190734863,1.3799999952316284,9170300,0.0,0.0
2025-03-25 00:00:00-04:00,1.5099999904632568,1.5099999904632568,1.25,1.309999942779541,28267100,0.0,0.0
2025-03-26 00:00:00-04:00,1.309999942779541,1.3799999952316284,1.2699999809265137,1.2899999618530273,6955600,0.0,0.0
2025-03-27 00:00:00-04:00,1.2799999713897705,1.2899999618530273,1.2200000286102295,1.2799999713897705,5784900,0.0,0.0
2025-03-28 00:00:00-04:00,1.2549999952316284,1.2599999904632568,1.184999942779541,1.2100000381469727,6529300,0.0,0.0
2025-03-31 00:00:00-04:00,1.1799999475479126,1.1799999475479126,1.065000057220459,1.1299999952316284,6863900,0.0,0.0
2025-04-01 00:00:00-04:00,1.1449999809265137,1.1699999570846558,1.100000023841858,1.1299999952316284,2574300,0.0,0.0
2025-04-02 00:00:00-04:00,1.1299999952316284,1.2000000476837158,1.0800000429153442,1.1799999475479126,5621300,0.0,0.0
2025-04-03 00:00:00-04:00,1.1200000047683716,1.159999966621399,1.100000023841858,1.1100000143051147,3009900,0.0,0.0
2025-04-04 00:00:00-04:00,1.0700000524520874,1.1200000047683716,0.9850000143051147,1.1100000143051147,5768800,0.0,0.0
2025-04-07 00:00:00-04:00,1.0199999809265137,1.149999976158142,1.0199999809265137,1.0800000429153442,4639200,0.0,0.0
2025-04-08 00:00:00-04:00,1.090000033378601,1.128999948501587,0.9800000190734863,1.0,6561500,0.0,0.0
2025-04-09 00:00:00-04:00,0.9980000257492065,1.100000023841858,0.9800000190734863,1.100000023841858,5370400,0.0,0.0
2025-04-10 00:00:00-04:00,1.0800000429153442,1.090000033378601,1.0099999904632568,1.0399999618530273,4114900,0.0,0.0
2025-04-11 00:00:00-04:00,1.0299999713897705,1.065000057220459,1.0149999856948853,1.0299999713897705,3622800,0.0,0.0
2025-04-14 00:00:00-04:00,1.0449999570846558,1.0700000524520874,1.0199999809265137,1.0499999523162842,3002300,0.0,0.0
2025-04-15 00:00:00-04:00,1.0449999570846558,1.059999942779541,1.0,1.0199999809265137,2678900,0.0,0.0
2025-04-16 00:00:00-04:00,0.9900000095367432,1.0099999904632568,0.8500000238418579,0.8650000095367432,10889000,0.0,0.0
2025-04-17 00:00:00-04:00,0.9070000052452087,0.9739999771118164,0.8820000290870667,0.9290000200271606,14751000,0.0,0.0
2025-04-21 00:00:00-04:00,0.9070000052452087,0.9160000085830688,0.8399999737739563,0.8690000176429749,5536500,0.0,0.0
2025-04-22 00:00:00-04:00,0.8799999952316284,0.8949999809265137,0.8309999704360962,0.8659999966621399,3363700,0.0,0.0
2025-04-23 00:00:00-04:00,0.8899999856948853,0.9300000071525574,0.8799999952316284,0.8980000019073486,6168400,0.0,0.0
2025-04-24 00:00:00-04:00,0.9020000100135803,1.1799999475479126,0.8999999761581421,1.1399999856948853,18542800,0.0,0.0
2025-04-25 00:00:00-04:00,1.1799999475479126,1.1799999475479126,1.0199999809265137,1.0499999523162842,12300900,0.0,0.0
2025-04-28 00:00:00-04:00,1.1399999856948853,1.3799999952316284,1.1299999952316284,1.309999942779541,27586500,0.0,0.0
2025-04-29 00:00:00-04:00,1.2799999713897705,1.3600000143051147,1.1799999475479126,1.2999999523162842,12045700,0.0,0.0
2025-04-30 00:00:00-04:00,1.375,1.3799999952316284,1.159999966621399,1.25,16344600,0.0,0.0
2025-05-01 00:00:00-04:00,1.2599999904632568,1.2899999618530273,1.1699999570846558,1.190000057220459,6867100,0.0,0.0
2025-05-02 00:00:00-04:00,1.190000057220459,1.274999976158142,1.159999966621399,1.1699999570846558,9292800,0.0,0.0
2025-05-05 00:00:00-04:00,1.190000057220459,1.25,1.1100000143051147,1.1200000047683716,8184300,0.0,0.0
2025-05-06 00:00:00-04:00,1.1200000047683716,1.1699999570846558,1.0800000429153442,1.1100000143051147,4727300,0.0,0.0
2025-05-07 00:00:00-04:00,1.125,1.159999966621399,1.090000033378601,1.1399999856948853,6620300,0.0,0.0
2025-05-08 00:00:00-04:00,1.1649999618530273,1.2300000190734863,1.1200000047683716,1.2200000286102295,7201600,0.0,0.0
2025-05-09 00:00:00-04:00,1.2100000381469727,1.2200000286102295,1.1449999809265137,1.190000057220459,6043100,0.0,0.0
2025-05-12 00:00:00-04:00,1.2300000190734863,1.2699999809265137,1.2000000476837158,1.2400000095367432,6998600,0.0,0.0
2025-05-13 00:00:00-04:00,1.2350000143051147,1.2599999904632568,1.1699999570846558,1.1799999475479126,5004600,0.0,0.0
2025-05-14 00:00:00-04:00,1.1799999475479126,1.2200000286102295,1.1399999856948853,1.149999976158142,5231900,0.0,0.0
2025-05-15 00:00:00-04:00,1.149999976158142,1.149999976158142,1.090000033378601,1.1399999856948853,4089800,0.0,0.0
2025-05-16 00:00:00-04:00,1.149999976158142,1.159999966621399,1.1200000047683716,1.149999976158142,2424900,0.0,0.0
2025-05-19 00:00:00-04:00,1.1200000047683716,1.149999976158142,1.100000023841858,1.1299999952316284,2997200,0.0,0.0
2025-05-20 00:00:00-04:00,1.1349999904632568,1.2000000476837158,1.1100000143051147,1.1399999856948853,4927000,0.0,0.0
2025-05-21 00:00:00-04:00,1.1299999952316284,1.1399999856948853,1.0800000429153442,1.100000023841858,2731700,0.0,0.0
2025-05-22 00:00:00-04:00,1.1200000047683716,1.149999976158142,1.090000033378601,1.1299999952316284,3407400,0.0,0.0
2025-05-23 00:00:00-04:00,1.1299999952316284,1.2200000286102295,1.1200000047683716,1.190000057220459,5944100,0.0,0.0
2025-05-27 00:00:00-04:00,1.2100000381469727,1.2400000095367432,1.149999976158142,1.2200000286102295,6313000,0.0,0.0
2025-05-28 00:00:00-04:00,1.2300000190734863,1.409999966621399,1.215000033378601,1.3200000524520874,16795200,0.0,0.0
2025-05-29 00:00:00-04:00,1.3799999952316284,1.4199999570846558,1.2300000190734863,1.2400000095367432,6739200,0.0,0.0
2025-05-30 00:00:00-04:00,1.2300000190734863,1.2690000534057617,1.1399999856948853,1.149999976158142,6951100,0.0,0.0
2025-06-02 00:00:00-04:00,1.1699999570846558,1.2400000095367432,1.149999976158142,1.190000057220459,4175800,0.0,0.0
2025-06-03 00:00:00-04:00,1.2100000381469727,1.2899999618530273,1.2000000476837158,1.2100000381469727,5323000,0.0,0.0
2025-06-04 00:00:00-04:00,1.2200000286102295,1.2999999523162842,1.1799999475479126,1.2899999618530273,6840600,0.0,0.0
2025-06-05 00:00:00-04:00,1.2999999523162842,1.340000033378601,1.2000000476837158,1.2300000190734863,5851800,0.0,0.0
2025-06-06 00:00:00-04:00,1.2400000095367432,1.2999999523162842,1.2200000286102295,1.2400000095367432,4415900,0.0,0.0
2025-06-09 00:00:00-04:00,1.2799999713897705,1.5,1.274999976158142,1.4800000190734863,13186900,0.0,0.0
2025-06-10 00:00:00-04:00,1.4800000190734863,1.590000033378601,1.4700000286102295,1.4900000095367432,11427500,0.0,0.0
2025-06-11 00:00:00-04:00,1.5299999713897705,1.7999999523162842,1.5299999713897705,1.7200000286102295,19791500,0.0,0.0
2025-06-12 00:00:00-04:00,1.8300000429153442,1.9500000476837158,1.5099999904632568,1.5299999713897705,23559700,0.0,0.0
2025-06-13 00:00:00-04:00,1.5549999475479126,1.6399999856948853,1.5,1.5,9910800,0.0,0.0
2025-06-16 00:00:00-04:00,1.565000057220459,1.7899999618530273,1.5399999618530273,1.6799999475479126,16116200,0.0,0.0
2025-06-17 00:00:00-04:00,1.6799999475479126,1.7100000381469727,1.5,1.5,8602300,0.0,0.0
2025-06-18 00:00:00-04:00,1.5399999618530273,1.5950000286102295,1.5,1.5099999904632568,6478900,0.0,0.0
2025-06-20 00:00:00-04:00,1.5099999904632568,1.5499999523162842,1.3700000047683716,1.399999976158142,11367000,0.0,0.0
2025-06-23 00:00:00-04:00,1.4149999618530273,1.4900000095367432,1.350000023841858,1.3799999952316284,9544700,0.0,0.0
2025-06-24 00:00:00-04:00,1.4249999523162842,1.4600000381469727,1.3899999856948853,1.4199999570846558,6443300,0.0,0.0
2025-06-25 00:00:00-04:00,1.4500000476837158,1.5499999523162842,1.4299999475479126,1.5299999713897705,9115900,0.0,0.0
2025-06-26 00:00:00-04:00,1.5199999809265137,1.6399999856948853,1.5,1.5399999618530273,8824100,0.0,0.0
2025-06-27 00:00:00-04:00,1.559999942779541,1.590000033378601,1.4299999475479126,1.4700000286102295,18851000,0.0,0.0
2025-06-30 00:00:00-04:00,1.5,1.7300000190734863,1.4700000286102295,1.6799999475479126,14893600,0.0,0.0
2025-07-01 00:00:00-04:00,1.659999966621399,1.8200000524520874,1.600000023841858,1.7100000381469727,13614500,0.0,0.0
2025-07-02 00:00:00-04:00,1.7000000476837158,1.7400000095367432,1.600000023841858,1.6299999952316284,7775700,0.0,0.0
2025-07-03 00:00:00-04:00,1.6299999952316284,1.899999976158142,1.6299999952316284,1.8899999856948853,12169700,0.0,0.0
2025-07-07 00:00:00-04:00,1.875,1.9900000095367432,1.8229999542236328,1.899999976158142,14635000,0.0,0.0
2025-07-08 00:00:00-04:00,1.9249999523162842,2.190000057220459,1.8600000143051147,1.9299999475479126,20590900,0.0,0.0
2025-07-09 00:00:00-04:00,1.9600000381469727,1.9600000381469727,1.7400000095367432,1.7799999713897705,12650600,0.0,0.0
2025-07-10 00:00:00-04:00,1.7450000047683716,1.7999999523162842,1.7000000476837158,1.7400000095367432,7448600,0.0,0.0
2025-07-11 00:00:00-04:00,1.7400000095367432,1.8899999856948853,1.725000023841858,1.75,10852600,0.0,0.0
2025-07-14 00:00:00-04:00,1.7999999523162842,2.059999942779541,1.774999976158142,2.0399999618530273,15955000,0.0,0.0
2025-07-15 00:00:00-04:00,2.049999952316284,2.1500000953674316,1.9500000476837158,2.0299999713897705,14664400,0.0,0.0
2025-07-16 00:00:00-04:00,2.0450000762939453,2.309999942779541,1.9800000190734863,2.259999990463257,21947000,0.0,0.0
2025-07-17 00:00:00-04:00,2.259999990463257,2.5299999713897705,2.140000104904175,2.4800000190734863,27848300,0.0,0.0
2025-07-18 00:00:00-04:00,2.440000057220459,2.440000057220459,1.909999966621399,1.9199999570846558,35470100,0.0,0.0
2025-07-21 00:00:00-04:00,2.049999952316284,2.1500000953674316,2.009999990463257,2.049999952316284,16098000,0.0,0.0
2025-07-22 00:00:00-04:00,2.0799999237060547,3.190000057220459,2.049999952316284,2.940000057220459,117878900,0.0,0.0
2025-07-23 00:00:00-04:00,2.9200000762939453,3.109999895095825,2.569999933242798,2.740000009536743,39688600,0.0,0.0
2025-07-24 00:00:00-04:00,2.9049999713897705,3.609999895095825,2.880000114440918,3.0,63648300,0.0,0.0
2025-07-25 00:00:00-04:00,3.259999990463257,3.309999942779541,2.7699999809265137,2.9100000858306885,29756400,0.0,0.0
2025-07-28 00:00:00-04:00,2.9200000762939453,2.984999895095825,2.609999895095825,2.690000057220459,19722600,0.0,0.0
2025-07-29 00:00:00-04:00,2.694999933242798,2.7100000381469727,2.3299999237060547,2.369999885559082,18544400,0.0,0.0
2025-07-30 00:00:00-04:00,2.240000009536743,2.569999933242798,2.2200000286102295,2.3399999141693115,18188200,0.0,0.0
2025-07-31 00:00:00-04:00,2.3499999046325684,2.4700000286102295,2.072000026702881,2.130000114440918,18834800,0.0,0.0
2025-08-01 00:00:00-04:00,2.2149999141693115,2.2149999141693115,2.0,2.009999990463257,12876100,0.0,0.0
2025-08-04 00:00:00-04:00,2.119999885559082,2.5,2.0899999141693115,2.4100000858306885,26947700,0.0,0.0
2025-08-05 00:00:00-04:00,2.424999952316284,2.440000057220459,2.2699999809265137,2.319999933242798,13161900,0.0,0.0
2025-08-06 00:00:00-04:00,2.319999933242798,2.3299999237060547,2.1600000858306885,2.2899999618530273,8790300,0.0,0.0
2025-08-07 00:00:00-04:00,2.3299999237060547,2.5399999618530273,2.2850000858306885,2.3499999046325684,12288400,0.0,0.0
2025-08-08 00:00:00-04:00,2.380000114440918,2.569999933242798,2.369999885559082,2.4700000286102295,9855600,0.0,0.0
2025-08-11 00:00:00-04:00,2.3299999237060547,2.5799999237060547,2.2699999809265137,2.4600000381469727,15330100,0.0,0.0
2025-08-12 00:00:00-04:00,2.5,2.640000104904175,2.450000047683716,2.5799999237060547,12032700,0.0,0.0
2025-08-13 00:00:00-04:00,2.619999885559082,2.7699999809265137,2.5910000801086426,2.759999990463257,12342800,0.0,0.0
2025-08-14 00:00:00-04:00,2.7149999141693115,3.049999952316284,2.6700000762939453,3.0,18574800,0.0,0.0
2025-08-15 00:00:00-04:00,2.9649999141693115,2.990000009536743,2.7100000381469727,2.7699999809265137,15625600,0.0,0.0
2025-08-18 00:00:00-04:00,2.869999885559082,2.9600000381469727,2.4800000190734863,2.5799999237060547,22186100,0.0,0.0
2025-08-19 00:00:00-04:00,2.5,2.691999912261963,2.490000009536743,2.494999885559082,9193200,0.0,0.0
2025-08-20 00:00:00-04:00,2.444999933242798,2.450000047683716,2.2699999809265137,2.3299999237060547,12920400,0.0,0.0
2025-08-21 00:00:00-04:00,2.299999952316284,2.315000057220459,2.1500000953674316,2.200000047683716,10361700,0.0,0.0
2025-08-22 00:00:00-04:00,2.2699999809265137,2.4700000286102295,2.2049999237060547,2.4600000381469727,16260400,0.0,0.0
2025-08-25 00:00:00-04:00,2.4100000858306885,2.4700000286102295,2.319999933242798,2.4100000858306885,11090900,0.0,0.0
2025-08-26 00:00:00-04:00,2.390000104904175,2.4200000762939453,2.25,2.2899999618530273,10180200,0.0,0.0
2025-08-27 00:00:00-04:00,2.390000104904175,2.5,2.3499999046325684,2.380000114440918,11072300,0.0,0.0
2025-08-28 00:00:00-04:00,2.380000114440918,2.430000066757202,2.2950000762939453,2.380000114440918,7618400,0.0,0.0
2025-08-29 00:00:00-04:00,2.369999885559082,2.4100000858306885,2.200000047683716,2.2300000190734863,9772900,0.0,0.0
2025-09-02 00:00:00-04:00,2.1600000858306885,2.2200000286102295,2.0299999713897705,2.0799999237060547,12983100,0.0,0.0
2025-09-03 00:00:00-04:00,2.0999999046325684,2.0999999046325684,2.0,2.0899999141693115,9457200,0.0,0.0
2025-09-04 00:00:00-04:00,2.0999999046325684,2.1080000400543213,1.899999976158142,1.909999966621399,12675300,0.0,0.0
2025-09-05 00:00:00-04:00,1.8899999856948853,2.0199999809265137,1.774999976158142,1.809999942779541,15886900,0.0,0.0
2025-09-08 00:00:00-04:00,1.809999942779541,1.8700000047683716,1.6699999570846558,1.75,15168700,0.0,0.0
2025-09-09 00:00:00-04:00,1.75,1.7699999809265137,1.5800000429153442,1.6200000047683716,14343800,0.0,0.0
2025-09-10 00:00:00-04:00,1.7999999523162842,1.9199999570846558,1.6699999570846558,1.6699999570846558,22618000,0.0,0.0
2025-09-11 00:00:00-04:00,1.6449999809265137,1.909999966621399,1.6299999952316284,1.8799999952316284,25067500,0.0,0.0
2025-09-12 00:00:00-04:00,1.7999999523162842,1.8200000524520874,1.690000057220459,1.7200000286102295,13209400,0.0,0.0
2025-09-15 00:00:00-04:00,1.7300000190734863,1.7999999523162842,1.7300000190734863,1.7350000143051147,5522800,0.0,0.0
2025-09-16 00:00:00-04:00,1.7200000286102295,1.75,1.6200000047683716,1.7400000095367432,8441700,0.0,0.0
2025-09-17 00:00:00-04:00,1.7100000381469727,1.7999999523162842,1.6699999570846558,1.7000000476837158,13346400,0.0,0.0
2025-09-18 00:00:00-04:00,1.7000000476837158,1.7300000190734863,1.649999976158142,1.6799999475479126,8929200,0.0,0.0
2025-09-19 00:00:00-04:00,1.7100000381469727,1.8049999475479126,1.6699999570846558,1.7699999809265137,14890600,0.0,0.0
2025-09-22 00:00:00-04:00,1.7300000190734863,1.75,1.590000033378601,1.649999976158142,18098600,0.0,0.0
2025-09-23 00:00:00-04:00,1.6449999809265137,1.7400000095367432,1.6200000047683716,1.6399999856948853,9448100,0.0,0.0
2025-09-24 00:00:00-04:00,1.6549999713897705,1.7100000381469727,1.6399999856948853,1.649999976158142,7699700,0.0,0.0
2025-09-25 00:00:00-04:00,1.625,1.6399999856948853,1.4800000190734863,1.5099999904632568,16614900,0.0,0.0
2025-09-26 00:00:00-04:00,1.5299999713897705,1.5399999618530273,1.3700000047683716,1.3799999952316284,14647700,0.0,0.0
2025-09-29 00:00:00-04:00,1.409999966621399,1.409999966621399,1.315000057220459,1.350000023841858,12238700,0.0,0.0
2025-09-30 00:00:00-04:00,1.315000057220459,1.3600000143051147,1.2799999713897705,1.2999999523162842,8940400,0.0,0.0
2025-10-01 00:00:00-04:00,1.2899999618530273,1.399999976158142,1.2699999809265137,1.3700000047683716,9032000,0.0,0.0
2025-10-02 00:00:00-04:00,1.3899999856948853,1.4500000476837158,1.3509999513626099,1.409999966621399,9499100,0.0,0.0
2025-10-03 00:00:00-04:00,1.4199999570846558,1.559999942779541,1.399999976158142,1.5399999618530273,13533500,0.0,0.0
2025-10-06 00:00:00-04:00,1.590000033378601,1.6799999475479126,1.559999942779541,1.6200000047683716,11861000,0.0,0.0
2025-10-07 00:00:00-04:00,1.6349999904632568,1.6399999856948853,1.4500000476837158,1.4700000286102295,10229800,0.0,0.0
2025-10-08 00:00:00-04:00,1.5,1.5800000429153442,1.5,1.5099999904632568,6436200,0.0,0.0
2025-10-09 00:00:00-04:00,1.5199999809265137,1.534999966621399,1.3799999952316284,1.440000057220459,11002100,0.0,0.0
2025-10-10 00:00:00-04:00,1.4199999570846558,1.437999963760376,1.350000023841858,1.350000023841858,7364000,0.0,0.0
2025-10-13 00:00:00-04:00,1.3899999856948853,1.5,1.3899999856948853,1.4800000190734863,7023900,0.0,0.0
2025-10-14 00:00:00-04:00,1.4199999570846558,1.5199999809265137,1.399999976158142,1.5,6437100,0.0,0.0
2025-10-15 00:00:00-04:00,1.5,1.5199999809265137,1.4299999475479126,1.4700000286102295,3507400,0.0,0.0
2025-10-16 00:00:00-04:00,1.4700000286102295,1.5700000524520874,1.399999976158142,1.409999966621399,6401700,0.0,0.0
2025-10-17 00:00:00-04:00,1.409999966621399,1.409999966621399,1.3300000429153442,1.350000023841858,7279800,0.0,0.0
2025-10-20 00:00:00-04:00,1.3799999952316284,1.4850000143051147,1.378999948501587,1.4600000381469727,5280800,0.0,0.0
2025-10-21 00:00:00-04:00,1.4600000381469727,1.4600000381469727,1.3700000047683716,1.399999976158142,5547600,0.0,0.0
2025-10-22 00:00:00-04:00,1.3899999856948853,1.4299999475479126,1.3300000429153442,1.3799999952316284,5202900,0.0,0.0
2025-10-23 00:00:00-04:00,1.399999976158142,1.4500000476837158,1.3650000095367432,1.440000057220459,3403900,0.0,0.0
2025-10-24 00:00:00-04:00,1.4800000190734863,1.5199999809265137,1.4600000381469727,1.4900000095367432,6180600,0.0,0.0
2025-10-27 00:00:00-04:00,1.5399999618530273,1.5700000524520874,1.4500000476837158,1.5499999523162842,6843700,0.0,0.0
2025-10-28 00:00:00-04:00,1.559999942779541,1.5700000524520874,1.4199999570846558,1.4299999475479126,6290900,0.0,0.0
2025-10-29 00:00:00-04:00,1.440000057220459,1.4500000476837158,1.3600000143051147,1.3700000047683716,5373100,0.0,0.0
2025-10-30 00:00:00-04:00,1.3700000047683716,1.409999966621399,1.350000023841858,1.350000023841858,4426900,0.0,0.0
2025-10-31 00:00:00-04:00,1.3849999904632568,1.3899999856948853,1.3300000429153442,1.3799999952316284,3996000,0.0,0.0
2025-11-03 00:00:00-05:00,1.3849999904632568,1.4179999828338623,1.2899999618530273,1.309999942779541,6488000,0.0,0.0
2025-11-04 00:00:00-05:00,1.2799999713897705,1.309999942779541,1.2200000286102295,1.2400000095367432,7237400,0.0,0.0
2025-11-05 00:00:00-05:00,1.2400000095367432,1.2899999618530273,1.2300000190734863,1.2699999809265137,5032600,0.0,0.0
2025-11-06 00:00:00-05:00,1.2599999904632568,1.2599999904632568,1.159999966621399,1.159999966621399,8203200,0.0,0.0
2025-11-07 00:00:00-05:00,1.1399999856948853,1.2050000429153442,1.0850000381469727,1.190000057220459,8456400,0.0,0.0
2025-11-10 00:00:00-05:00,1.2050000429153442,1.2300000190734863,1.1100000143051147,1.159999966621399,6314800,0.0,0.0
2025-11-11 00:00:00-05:00,1.159999966621399,1.1699999570846558,1.1100000143051147,1.1200000047683716,4842600,0.0,0.0
2025-11-12 00:00:00-05:00,1.1200000047683716,1.149999976158142,1.0800000429153442,1.1100000143051147,4727700,0.0,0.0
2025-11-13 00:00:00-05:00,1.1299999952316284,1.2200000286102295,1.0299999713897705,1.059999942779541,11702800,0.0,0.0
2025-11-14 00:00:00-05:00,1.0,1.090000033378601,1.0,1.0099999904632568,7316800,0.0,0.0
2025-11-17 00:00:00-05:00,1.0199999809265137,1.1180000305175781,0.9419999718666077,1.0199999809265137,11933800,0.0,0.0
2025-11-18 00:00:00-05:00,1.065000057220459,1.149999976158142,1.0,1.1100000143051147,6877900,0.0,0.0
2025-11-19 00:00:00-05:00,1.149999976158142,1.149999976158142,1.0199999809265137,1.0199999809265137,5783200,0.0,0.0
2025-11-20 00:00:00-05:00,1.0499999523162842,1.1100000143051147,1.0299999713897705,1.0399999618530273,6768100,0.0,0.0
2025-11-21 00:00:00-05:00,1.0299999713897705,1.1349999904632568,1.0099999904632568,1.1200000047683716,6888500,0.0,0.0
2025-11-24 00:00:00-05:00,1.125,1.190000057220459,1.1200000047683716,1.1799999475479126,5468800,0.0,0.0
2025-11-25 00:00:00-05:00,1.159999966621399,1.1699999570846558,1.1200000047683716,1.149999976158142,3765700,0.0,0.0
2025-11-26 00:00:00-05:00,1.149999976158142,1.2000000476837158,1.13100004196167,1.1799999475479126,4586500,0.0,0.0
2025-11-28 00:00:00-05:00,1.1799999475479126,1.2200000286102295,1.125,1.149999976158142,4757300,0.0,0.0
2025-12-01 00:00:00-05:00,1.1200000047683716,1.1299999952316284,1.0499999523162842,1.0499999523162842,4704400,0.0,0.0
2025-12-02 00:00:00-05:00,1.059999942779541,1.1100000143051147,1.0499999523162842,1.0700000524520874,3784900,0.0,0.0
2025-12-03 00:00:00-05:00,1.0700000524520874,1.1100000143051147,1.059999942779541,1.1100000143051147,3209100,0.0,0.0
2025-12-04 00:00:00-05:00,1.1150000095367432,1.2000000476837158,1.100000023841858,1.2000000476837158,6634200,0.0,0.0
2025-12-05 00:00:00-05:00,1.190000057220459,1.190000057220459,1.1150000095367432,1.1299999952316284,4563800,0.0,0.0
2025-12-08 00:00:00-05:00,1.159999966621399,1.2100000381469727,1.1399999856948853,1.149999976158142,5014100,0.0,0.0
2025-12-09 00:00:00-05:00,1.149999976158142,1.1699999570846558,1.090000033378601,1.1699999570846558,5541200,0.0,0.0
2025-12-10 00:00:00-05:00,1.159999966621399,1.1799999475479126,1.1200000047683716,1.159999966621399,4375500,0.0,0.0
2025-12-11 00:00:00-05:00,1.1399999856948853,1.1449999809265137,1.100000023841858,1.1100000143051147,3678400,0.0,0.0
2025-12-12 00:00:00-05:00,1.1200000047683716,1.1299999952316284,1.059999942779541,1.0700000524520874,4649500,0.0,0.0
2025-12-15 00:00:00-05:00,1.090000033378601,1.090000033378601,1.0199999809265137,1.059999942779541,3984100,0.0,0.0
2025-12-16 00:00:00-05:00,1.0499999523162842,1.1200000047683716,1.0499999523162842,1.0800000429153442,3141600,0.0,0.0
2025-12-17 00:00:00-05:00,1.090000033378601,1.1200000047683716,1.0199999809265137,1.0299999713897705,4900400,0.0,0.0
2025-12-18 00:00:00-05:00,1.0499999523162842,1.149999976158142,1.0499999523162842,1.090000033378601,5768500,0.0,0.0
2025-12-19 00:00:00-05:00,1.1100000143051147,1.149999976158142,1.090000033378601,1.1200000047683716,11331400,0.0,0.0
2025-12-22 00:00:00-05:00,1.149999976158142,1.309999942779541,1.149999976158142,1.2300000190734863,12472000,0.0,0.0
2025-12-23 00:00:00-05:00,1.2350000143051147,1.2899999618530273,1.1699999570846558,1.190000057220459,5941400,0.0,0.0
2025-12-24 00:00:00-05:00,1.190000057220459,1.2100000381469727,1.149999976158142,1.190000057220459,2512600,0.0,0.0
2025-12-26 00:00:00-05:00,1.1699999570846558,1.184999942779541,1.1200000047683716,1.1200000047683716,3138900,0.0,0.0
2025-12-29 00:00:00-05:00,1.1100000143051147,1.1399999856948853,1.0800000429153442,1.0800000429153442,4320300,0.0,0.0
2025-12-30 00:00:00-05:00,1.090000033378601,1.100000023841858,1.0199999809265137,1.0299999713897705,7639400,0.0,0.0
2025-12-31 00:00:00-05:00,1.0399999618530273,1.0499999523162842,1.0099999904632568,1.0199999809265137,6692300,0.0,0.0
2026-01-02 00:00:00-05:00,1.0399999618530273,1.100000023841858,1.0299999713897705,1.0700000524520874,5559000,0.0,0.0
2026-01-05 00:00:00-05:00,1.1200000047683716,1.2699999809265137,1.1100000143051147,1.190000057220459,15795700,0.0,0.0
2026-01-06 00:00:00-05:00,1.215000033378601,1.2899999618530273,1.190000057220459,1.2599999904632568,8913400,0.0,0.0
2026-01-07 00:00:00-05:00,1.2999999523162842,1.3300000429153442,1.225000023841858,1.2300000190734863,5928700,0.0,0.0
2026-01-08 00:00:00-05:00,1.1549999713897705,1.1790000200271606,1.1100000143051147,1.1100000143051147,8216200,0.0,0.0
2026-01-09 00:00:00-05:00,1.1200000047683716,1.1299999952316284,1.0800000429153442,1.090000033378601,5499100,0.0,0.0
2026-01-12 00:00:00-05:00,1.1100000143051147,1.1399999856948853,1.090000033378601,1.100000023841858,4511400,0.0,0.0
2026-01-13 00:00:00-05:00,1.100000023841858,1.125,1.0800000429153442,1.090000033378601,3728500,0.0,0.0
2026-01-14 00:00:00-05:00,1.0950000286102295,1.100000023841858,1.0499999523162842,1.0800000429153442,4142100,0.0,0.0
2026-01-15 00:00:00-05:00,1.0700000524520874,1.0800000429153442,1.0499999523162842,1.0700000524520874,5340500,0.0,0.0
2026-01-16 00:00:00-05:00,1.0800000429153442,1.0880000591278076,1.0399999618530273,1.059999942779541,9569900,0.0,0.0
2026-01-20 00:00:00-05:00,1.0399999618530273,1.059999942779541,1.0099999904632568,1.0099999904632568,7949200,0.0,0.0
2026-01-21 00:00:00-05:00,1.0299999713897705,1.059999942779541,1.0,1.0399999618530273,5892900,0.0,0.0
2026-01-22 00:00:00-05:00,1.0299999713897705,1.059999942779541,1.0099999904632568,1.0299999713897705,4639900,0.0,0.0
2026-01-23 00:00:00-05:00,1.0399999618530273,1.0499999523162842,1.0099999904632568,1.0199999809265137,3272600,0.0,0.0
2026-01-26 00:00:00-05:00,1.0950000286102295,1.1200000047683716,1.0499999523162842,1.0499999523162842,10855800,0.0,0.0
2026-01-27 00:00:00-05:00,1.0700000524520874,1.0700000524520874,1.0099999904632568,1.0199999809265137,7173900,0.0,0.0
2026-01-28 00:00:00-05:00,1.0299999713897705,1.059999942779541,1.0199999809265137,1.0399999618530273,5681300,0.0,0.0
2026-01-29 00:00:00-05:00,1.0499999523162842,1.0499999523162842,1.0,1.0099999904632568,10991700,0.0,0.0
2026-01-30 00:00:00-05:00,1.0149999856948853,1.059999942779541,1.0099999904632568,1.0399999618530273,8132500,0.0,0.0
2026-02-02 00:00:00-05:00,1.0299999713897705,1.0800000429153442,1.0,1.059999942779541,12161800,0.0,0.0
2026-02-03 00:00:00-05:00,1.059999942779541,1.090000033378601,1.0199999809265137,1.0700000524520874,6796900,0.0,0.0
2026-02-04 00:00:00-05:00,1.0850000381469727,1.1200000047683716,1.0099999904632568,1.0399999618530273,9763400,0.0,0.0
2026-02-05 00:00:00-05:00,1.0199999809265137,1.0199999809265137,0.6359999775886536,0.8209999799728394,34035900,0.0,0.0
2026-02-06 00:00:00-05:00,0.8410000205039978,0.8650000095367432,0.6800000071525574,0.7699999809265137,22754900,0.0,0.0
2026-02-09 00:00:00-05:00,0.800000011920929,0.8399999737739563,0.7200000286102295,0.746999979019165,24526500,0.0,0.0
2026-02-10 00:00:00-05:00,0.7609999775886536,0.8080000281333923,0.7020000219345093,0.7020000219345093,14049800,0.0,0.0
2026-02-11 00:00:00-05:00,0.7099999785423279,0.7289999723434448,0.6299999952316284,0.6499999761581421,17880800,0.0,0.0
2026-02-12 00:00:00-05:00,0.6570000052452087,0.6610000133514404,0.6000000238418579,0.6240000128746033,16940900,0.0,0.0
2026-02-13 00:00:00-05:00,0.628000020980835,0.6549999713897705,0.6100000143051147,0.6100000143051147,9328000,0.0,0.0
2026-02-17 00:00:00-05:00,0.6190000176429749,0.6299999952316284,0.5350000262260437,0.5440000295639038,28063100,0.0,0.0
2026-02-18 00:00:00-05:00,0.5540000200271606,0.5950000286102295,0.5109999775886536,0.515999972820282,21538700,0.0,0.0
2026-02-19 00:00:00-05:00,0.5360000133514404,0.5370000004768372,0.4699999988079071,0.48899999260902405,16660700,0.0,0.0
2026-02-20 00:00:00-05:00,0.48500001430511475,0.48500001430511475,0.4390000104904175,0.44699999690055847,19728800,0.0,0.0
2026-02-23 00:00:00-05:00,0.4690000116825104,0.6140000224113464,0.46399998664855957,0.5249999761581421,67624100,0.0,0.0
2026-02-24 00:00:00-05:00,0.5379999876022339,0.546999990940094,0.4699999988079071,0.4970000088214874,24088700,0.0,0.0
2026-02-25 00:00:00-05:00,0.5059999823570251,0.5839999914169312,0.5,0.5619999766349792,21749300,0.0,0.0
2026-02-26 00:00:00-05:00,0.550000011920929,0.5509999990463257,0.5040000081062317,0.5149999856948853,11905200,0.0,0.0
2026-02-27 00:00:00-05:00,0.5,0.5139999985694885,0.4819999933242798,0.49000000953674316,13408700,0.0,0.0
2026-03-02 00:00:00-05:00,0.46299999952316284,0.4699999988079071,0.4399999976158142,0.460999995470047,20466300,0.0,0.0
2026-03-03 00:00:00-05:00,0.4399999976158142,0.4749999940395355,0.4399999976158142,0.46000000834465027,14981300,0.0,0.0
2026-03-04 00:00:00-05:00,0.46799999475479126,0.48899999260902405,0.4399999976158142,0.4399999976158142,7446900,0.0,0.0
2026-03-05 00:00:00-05:00,0.44600000977516174,0.5,0.4399999976158142,0.46000000834465027,9537800,0.0,0.0
2026-03-06 00:00:00-05:00,0.4519999921321869,0.4790000021457672,0.4449999928474426,0.4449999928474426,8753700,0.0,0.0
2026-03-09 00:00:00-04:00,0.4440000057220459,0.4560000002384186,0.3799999952316284,0.4350000023841858,20563800,0.0,0.0
2026-03-10 00:00:00-04:00,0.4359999895095825,0.4359999895095825,0.40299999713897705,0.4099999964237213,8651200,0.0,0.0
2026-03-11 00:00:00-04:00,0.42800000309944153,0.43799999356269836,0.36000001430511475,0.36899998784065247,21899100,0.0,0.0
2026-03-12 00:00:00-04:00,0.367000013589859,0.36899998784065247,0.33500000834465027,0.34599998593330383,17254100,0.0,0.0
2026-03-13 00:00:00-04:00,0.35499998927116394,0.3799999952316284,0.3499999940395355,0.3529999852180481,11037400,0.0,0.0
2026-03-16 00:00:00-04:00,0.36500000953674316,0.4399999976158142,0.3569999933242798,0.3569999933242798,23625000,0.0,0.0
2026-03-17 00:00:00-04:00,0.36500000953674316,0.3799999952316284,0.3479999899864197,0.3529999852180481,14844400,0.0,0.0
2026-03-18 00:00:00-04:00,0.3619999885559082,0.3619999885559082,0.3179999887943268,0.32600000500679016,16224600,0.0,0.0
2026-03-19 00:00:00-04:00,0.3190000057220459,0.3199999928474426,0.30000001192092896,0.3009999990463257,13714500,0.0,0.0
2026-03-20 00:00:00-04:00,0.3050000071525574,0.32899999618530273,0.27000001072883606,0.27000001072883606,19481700,0.0,0.0
2026-03-23 00:00:00-04:00,0.3230000138282776,0.36000001430511475,0.30000001192092896,0.3499999940395355,235100000,0.0,0.0
2026-03-24 00:00:00-04:00,0.32600000500679016,0.33500000834465027,0.27799999713897705,0.28999999165534973,47985200,0.0,0.0
2026-03-25 00:00:00-04:00,0.28700000047683716,0.30000001192092896,0.25999999046325684,0.289000004529953,31053700,0.0,0.0
2026-03-26 00:00:00-04:00,0.2770000100135803,0.2849999964237213,0.25200000405311584,0.25999999046325684,23398400,0.0,0.0
2026-03-27 00:00:00-04:00,0.2549999952316284,0.2549999952316284,0.2329999953508377,0.24199999868869781,26587000,0.0,0.0
2026-03-30 00:00:00-04:00,0.24199999868869781,0.2630000114440918,0.22599999606609344,0.2540000081062317,20260100,0.0,0.0
2026-03-31 00:00:00-04:00,0.25600001215934753,0.28600001335144043,0.2460000067949295,0.2750000059604645,27456600,0.0,0.0
2026-04-01 00:00:00-04:00,0.27799999713897705,0.2849999964237213,0.23999999463558197,0.25,20843400,0.0,0.0
2026-04-02 00:00:00-04:00,0.23999999463558197,0.24899999797344208,0.23100000619888306,0.23600000143051147,15792800,0.0,0.0
2026-04-06 00:00:00-04:00,0.24300000071525574,0.2540000081062317,0.22200000286102295,0.22200000286102295,15847800,0.0,0.0
2026-04-07 00:00:00-04:00,0.22499999403953552,0.22599999606609344,0.20600000023841858,0.22300000488758087,19266000,0.0,0.0
2026-04-08 00:00:00-04:00,0.23899999260902405,0.24300000071525574,0.20999999344348907,0.2160000056028366,17195600,0.0,0.0
2026-04-09 00:00:00-04:00,0.21299999952316284,0.25999999046325684,0.21299999952316284,0.25699999928474426,24323100,0.0,0.0
2026-04-10 00:00:00-04:00,0.25,0.3499999940395355,0.24500000476837158,0.3199999928474426,70647900,0.0,0.0
2026-04-13 00:00:00-04:00,0.3659999966621399,0.37599998712539673,0.296999990940094,0.3440000116825104,106586900,0.0,0.0
2026-04-14 00:00:00-04:00,0.33000001311302185,0.3540000021457672,0.3059999942779541,0.3100000023841858,20921700,0.0,0.0
2026-04-15 00:00:00-04:00,0.3100000023841858,0.3230000138282776,0.27900001406669617,0.30399999022483826,25833600,0.0,0.0
2026-04-16 00:00:00-04:00,0.3109999895095825,0.3370000123977661,0.3009999990463257,0.3019999861717224,21978300,0.0,0.0
2026-04-17 00:00:00-04:00,0.3070000112056732,0.3199999928474426,0.2750000059604645,0.296999990940094,30987700,0.0,0.0
2026-04-20 00:00:00-04:00,0.3019999861717224,0.3050000071525574,0.2800000011920929,0.28700000047683716,15834800,0.0,0.0
2026-04-21 00:00:00-04:00,0.29499998688697815,0.593999981880188,0.28700000047683716,0.5320000052452087,590430500,0.0,0.0
2026-04-22 00:00:00-04:00,0.5,0.5879999995231628,0.4009999930858612,0.4230000078678131,187268700,0.0,0.0
2026-04-23 00:00:00-04:00,0.4129999876022339,0.4129999876022339,0.3499999940395355,0.39399999380111694,37767400,0.0,0.0
2026-04-24 00:00:00-04:00,0.3959999978542328,0.4189999997615814,0.3619999885559082,0.3709999918937683,17333800,0.0,0.0
2026-04-27 00:00:00-04:00,0.36899998784065247,0.38999998569488525,0.3400000035762787,0.35899999737739563,19511200,0.0,0.0
2026-04-28 00:00:00-04:00,0.3499999940395355,0.39399999380111694,0.34200000762939453,0.3889999985694885,10432800,0.0,0.0
2026-04-29 00:00:00-04:00,0.38999998569488525,0.39500001072883606,0.3569999933242798,0.3840000033378601,7682100,0.0,0.0
2026-04-30 00:00:00-04:00,0.38999998569488525,0.4490000009536743,0.3799999952316284,0.4359999895095825,24003600,0.0,0.0
2026-05-01 00:00:00-04:00,0.4320000112056732,0.4729999899864197,0.4009999930858612,0.4099999964237213,20400600,0.0,0.0
2026-05-04 00:00:00-04:00,0.42500001192092896,0.4449999928474426,0.3930000066757202,0.3959999978542328,11392600,0.0,0.0
2026-05-05 00:00:00-04:00,0.4000000059604645,0.4009999930858612,0.3199999928474426,0.33399999141693115,22167700,0.0,0.0
2026-05-06 00:00:00-04:00,0.3409999907016754,0.39800000190734863,0.33899998664855957,0.39800000190734863,16038000,0.0,0.0
2026-05-07 00:00:00-04:00,0.382999986410141,0.38999998569488525,0.3630000054836273,0.375,9040300,0.0,0.0
2026-05-08 00:00:00-04:00,0.38600000739097595,0.4169999957084656,0.367000013589859,0.4050000011920929,14923600,0.0,0.0
2026-05-11 00:00:00-04:00,0.4259999990463257,0.4440000057220459,0.38999998569488525,0.3959999978542328,15153400,0.0,0.0
2026-05-12 00:00:00-04:00,0.39899998903274536,0.4339999854564667,0.3799999952316284,0.41100001335144043,13772200,0.0,0.0
2026-05-13 00:00:00-04:00,0.4099999964237213,0.4320000112056732,0.38199999928474426,0.4099999964237213,11804900,0.0,0.0
2026-05-14 00:00:00-04:00,0.414000004529953,0.42100000381469727,0.36899998784065247,0.3880000114440918,14796600,0.0,0.0
2026-05-15 00:00:00-04:00,0.3880000114440918,0.3930000066757202,0.36000001430511475,0.36000001430511475,9203000,0.0,0.0
2026-05-18 00:00:00-04:00,0.38999998569488525,0.38999998569488525,0.34200000762939453,0.3479999899864197,13150200,0.0,0.0
2026-05-19 00:00:00-04:00,0.3440000116825104,0.3449999988079071,0.31700000166893005,0.3179999887943268,13641600,0.0,0.0
2026-05-20 00:00:00-04:00,0.32199999690055847,0.33799999952316284,0.30000001192092896,0.3319999873638153,9552400,0.0,0.0
2026-05-21 00:00:00-04:00,0.3310000002384186,0.36000001430511475,0.32499998807907104,0.35199999809265137,9888700,0.0,0.0
2026-05-22 00:00:00-04:00,0.34700000286102295,0.35499998927116394,0.3160000145435333,0.31700000166893005,11273500,0.0,0.0
2026-05-26 00:00:00-04:00,0.3199999928474426,0.3199999928474426,0.30000001192092896,0.3019999861717224,12843500,0.0,0.0
2026-05-27 00:00:00-04:00,0.3019999861717224,0.31299999356269836,0.2879999876022339,0.3089999854564667,8550200,0.0,0.0
2026-05-28 00:00:00-04:00,0.3050000071525574,0.3190000057220459,0.30000001192092896,0.3149999976158142,5716700,0.0,0.0
2026-05-29 00:00:00-04:00,0.3149999976158142,0.38999998569488525,0.31200000643730164,0.36399999260902405,34008700,0.0,0.0
2026-06-01 00:00:00-04:00,0.4000000059604645,0.453000009059906,0.3840000033378601,0.4020000100135803,48979200,0.0,0.0
2026-06-02 00:00:00-04:00,0.3880000114440918,0.41499999165534973,0.375,0.3799999952316284,14450900,0.0,0.0
2026-06-03 00:00:00-04:00,0.3700000047683716,0.3720000088214874,0.33399999141693115,0.34200000762939453,12438500,0.0,0.0
2026-06-04 00:00:00-04:00,0.33799999952316284,0.3499999940395355,0.33000001311302185,0.3330000042915344,11637400,0.0,0.0
2026-06-05 00:00:00-04:00,0.33500000834465027,0.335999995470047,0.29499998688697815,0.3019999861717224,15720500,0.0,0.0
2026-06-08 00:00:00-04:00,0.32499998807907104,0.33500000834465027,0.31200000643730164,0.32199999690055847,7436600,0.0,0.0
2026-06-09 00:00:00-04:00,0.33000001311302185,0.35499998927116394,0.3100000023841858,0.3100000023841858,13569700,0.0,0.0
2026-06-10 00:00:00-04:00,0.3089999854564667,0.33799999952316284,0.30000001192092896,0.30000001192092896,7388900,0.0,0.0
2026-06-11 00:00:00-04:00,0.3050000071525574,0.32600000500679016,0.3019999861717224,0.3190000057220459,8166200,0.0,0.0
2026-06-12 00:00:00-04:00,0.3199999928474426,0.33799999952316284,0.2980000078678131,0.30000001192092896,13142700,0.0,0.0
2026-06-15 00:00:00-04:00,0.31700000166893005,0.37599998712539673,0.30799999833106995,0.3190000057220459,27527300,0.0,0.0
2026-06-16 00:00:00-04:00,0.33000001311302185,0.3440000116825104,0.3199999928474426,0.3230000138282776,12456100,0.0,0.0
2026-06-17 00:00:00-04:00,0.3319999873638153,0.3440000116825104,0.2879999876022339,0.2939999997615814,26360400,0.0,0.0
2026-06-18 00:00:00-04:00,0.3019999861717224,0.3100000023841858,0.28299999237060547,0.29100000858306885,25130100,0.0,0.0
2026-06-22 00:00:00-04:00,0.30399999022483826,0.30399999022483826,0.2800000011920929,0.28299999237060547,14691300,0.0,0.0
2026-06-23 00:00:00-04:00,0.2800000011920929,0.2800000011920929,0.26499998569488525,0.2669999897480011,13063400,0.0,0.0
2026-06-24 00:00:00-04:00,0.27000001072883606,0.2750000059604645,0.25200000405311584,0.2540000081062317,12796700,0.0,0.0
2026-06-25 00:00:00-04:00,0.25999999046325684,0.2630000114440918,0.22599999606609344,0.2370000034570694,17797100,0.0,0.0
2026-06-26 00:00:00-04:00,0.23499999940395355,0.24400000274181366,0.22499999403953552,0.23999999463558197,33523300,0.0,0.0
2026-06-29 00:00:00-04:00,0.24300000071525574,0.26499998569488525,0.23199999332427979,0.2590000033378601,13721300,0.0,0.0
2026-06-30 00:00:00-04:00,0.25699999928474426,0.25999999046325684,0.23000000417232513,0.23100000619888306,13294700,0.0,0.0
2026-07-01 00:00:00-04:00,0.2370000034570694,0.25,0.2329999953508377,0.24799999594688416,9788400,0.0,0.0
2026-07-02 00:00:00-04:00,0.25,0.2669999897480011,0.23399999737739563,0.24199999868869781,12999500,0.0,0.0
2026-07-06 00:00:00-04:00,0.24199999868869781,0.25,0.23000000417232513,0.24500000476837158,10651600,0.0,0.0
2026-07-07 00:00:00-04:00,0.24199999868869781,0.24199999868869781,0.22100000083446503,0.23000000417232513,15580100,0.0,0.0
2026-07-08 00:00:00-04:00,0.22499999403953552,0.22599999606609344,0.20600000023841858,0.21400000154972076,16544200,0.0,0.0
2026-07-09 00:00:00-04:00,0.21400000154972076,0.2160000056028366,0.20399999618530273,0.21400000154972076,11195100,0.0,0.0
2026-07-10 00:00:00-04:00,0.21199999749660492,0.21400000154972076,0.1899999976158142,0.1899999976158142,36293200,0.0,0.0
2026-07-13 00:00:00-04:00,0.19300000369548798,0.19300000369548798,0.16500000655651093,0.17000000178813934,36553900,0.0,0.0
2026-07-14 00:00:00-04:00,0.16300000250339508,0.16300000250339508,0.14900000393390656,0.15800000727176666,30846900,0.0,0.0
2026-07-15 00:00:00-04:00,0.1599999964237213,0.16500000655651093,0.13199999928474426,0.13600000739097595,38785000,0.0,0.0
2026-07-16 00:00:00-04:00,0.13300000131130219,0.13500000536441803,0.11500000208616257,0.12399999797344208,40509200,0.0,0.0
2026-07-17 00:00:00-04:00,0.13899999856948853,0.1469999998807907,0.12800000607967377,0.1340000033378601,86885100,0.0,0.0
2026-07-20 00:00:00-04:00,0.14100000262260437,0.1420000046491623,0.10899999737739563,0.10999999940395355,156798700,0.0,0.0
2026-07-21 00:00:00-04:00,0.10899999737739563,0.11900000274181366,0.10499999672174454,0.1120000034570694,60818200,0.0,0.0
2026-07-23 00:00:00-04:00,11.550000190734863,14.25,10.800000190734863,10.800000190734863,368705,0.0,0.0
2026-07-24 00:00:00-04:00,10.25,10.25,6.400000095367432,6.489999771118164,1113200,0.0,0.006666666666666667
2026-07-27 00:00:00-04:00,6.519999980926514,6.670000076293945,4.840000152587891,5.119999885559082,1012600,0.0,0.0
2026-07-28 00:00:00-04:00,5.010000228881836,5.099999904632568,3.674999952316284,4.630000114440918,1399300,0.0,0.0
2026-07-29 00:00:00-04:00,4.510000228881836,4.980000019073486,3.9000000953674316,4.619999885559082,783500,0.0,0.0
2026-07-30 00:00:00-04:00,5.099999904632568,6.429999828338623,4.659999847412109,5.349999904632568,3029300,0.0,0.0
2026-07-31 00:00:00-04:00,5.159999847412109,9.300000190734863,4.914999961853027,5.929999828338623,9765400,0.0,0.0
2026-08-03 00:00:00-04:00,6.079999923706055,6.179999828338623,4.769999980926514,4.929999828338623,2793300,0.0,0.0
2026-08-04 00:00:00-04:00,5.010000228881836,5.28000020980835,4.78000020980835,5.079999923706055,961200,0.0,0.0
2026-08-05 00:00:00-04:00,5.019999980926514,5.090000152587891,4.829999923706055,4.849999904632568,693000,0.0,0.0
2026-08-06 00:00:00-04:00,4.690000057220459,4.730000019073486,4.329999923706055,4.380000114440918,593400,0.0,0.0
2026-08-07 00:00:00-04:00,4.400000095367432,4.710000038146973,4.019999980926514,4.099999904632568,782500,0.0,0.0
2026-08-10 00:00:00-04:00,4.099999904632568,4.489999771118164,4.090000152587891,4.369999885559082,560300,0.0,0.0
2026-08-11 00:00:00-04:00,4.300000190734863,4.550000190734863,4.059999942779541,4.150000095367432,527600,0.0,0.0
2026-08-12 00:00:00-04:00,4.300000190734863,4.320000171661377,3.759999990463257,3.819999933242798,703600,0.0,0.0
2026-08-13 00:00:00-04:00,3.9100000858306885,5.159999847412109,3.819999933242798,4.679999828338623,4035900,0.0,0.0
2026-08-14 00:00:00-04:00,4.559999942779541,4.659999847412109,3.9200000762939453,3.9200000762939453,707600,0.0,0.0
2026-08-17 00:00:00-04:00,3.950000047683716,4.070000171661377,3.7200000286102295,3.7200000286102295,579400,0.0,0.0
2026-08-18 00:00:00-04:00,3.700000047683716,3.7249999046325684,3.2699999809265137,3.309999942779541,813300,0.0,0.0
2026-08-19 00:00:00-04:00,3.5,3.549999952316284,3.180000066757202,3.2300000190734863,959400,0.0,0.0
2026-08-20 00:00:00-04:00,3.200000047683716,3.3350000381469727,3.1489999294281006,3.240000009536743,608225,0.0,0.0
