Date,Open,High,Low,Close,Volume,Dividends,Stock Splits
2022-01-03 00:00:00-05:00,11.350000381469727,11.595000267028809,11.199999809265137,11.210000038146973,46200,0.0,0.0
2022-01-04 00:00:00-05:00,11.34000015258789,11.467000007629395,11.210000038146973,11.279999732971191,11600,0.0,0.0
2022-01-05 00:00:00-05:00,11.239999771118164,11.699999809265137,11.239999771118164,11.699999809265137,24000,0.0,0.0
2022-01-06 00:00:00-05:00,11.5,11.739999771118164,11.4399995803833,11.630000114440918,84200,0.0,0.0
2022-01-07 00:00:00-05:00,11.760000228881836,11.760000228881836,11.630000114440918,11.630000114440918,5800,0.0,0.0
2022-01-10 00:00:00-05:00,11.630000114440918,11.722999572753906,11.229999542236328,11.40999984741211,20800,0.0,0.0
2022-01-11 00:00:00-05:00,11.680000305175781,11.680000305175781,11.359999656677246,11.40999984741211,10500,0.0,0.0
2022-01-12 00:00:00-05:00,11.399999618530273,11.430000305175781,11.260000228881836,11.260000228881836,28200,0.0,0.0
2022-01-13 00:00:00-05:00,11.479999542236328,11.609999656677246,11.239999771118164,11.289999961853027,12900,0.0,0.0
2022-01-14 00:00:00-05:00,11.229999542236328,11.34000015258789,11.210000038146973,11.279999732971191,11100,0.0,0.0
2022-01-18 00:00:00-05:00,11.350000381469727,11.350000381469727,11.1850004196167,11.210000038146973,11500,0.0,0.0
2022-01-19 00:00:00-05:00,11.239999771118164,11.279000282287598,11.225000381469727,11.260000228881836,7700,0.0,0.0
2022-01-20 00:00:00-05:00,11.40999984741211,11.40999984741211,11.180000305175781,11.1899995803833,8500,0.0,0.0
2022-01-21 00:00:00-05:00,11.140000343322754,11.199999809265137,11.029999732971191,11.039999961853027,26600,0.0,0.0
2022-01-24 00:00:00-05:00,10.979999542236328,11.25,10.970000267028809,11.239999771118164,20200,0.0,0.0
2022-01-25 00:00:00-05:00,11.079999923706055,11.640000343322754,11.069999694824219,11.430000305175781,12700,0.0,0.0
2022-01-26 00:00:00-05:00,11.479999542236328,11.720000267028809,11.25,11.279999732971191,8800,0.0,0.0
2022-01-27 00:00:00-05:00,11.324999809265137,11.600000381469727,11.260000228881836,11.279999732971191,11900,0.0,0.0
2022-01-28 00:00:00-05:00,11.220000267028809,11.390000343322754,11.199999809265137,11.270000457763672,4400,0.0,0.0
2022-01-31 00:00:00-05:00,11.3149995803833,11.5600004196167,11.3149995803833,11.5600004196167,13300,0.0,0.0
2022-02-01 00:00:00-05:00,11.4399995803833,11.649999618530273,11.350000381469727,11.510000228881836,28300,0.0,0.0
2022-02-02 00:00:00-05:00,11.460000038146973,11.5600004196167,11.390000343322754,11.5,12100,0.0,0.0
2022-02-03 00:00:00-05:00,11.569999694824219,11.619999885559082,11.430000305175781,11.5,8700,0.0,0.0
2022-02-04 00:00:00-05:00,11.479999542236328,11.579000473022461,11.399999618530273,11.510000228881836,7400,0.0,0.0
2022-02-07 00:00:00-05:00,11.609999656677246,11.65999984741211,11.510000228881836,11.600000381469727,11800,0.0,0.0
2022-02-08 00:00:00-05:00,11.550000190734863,11.670000076293945,11.550000190734863,11.630000114440918,9300,0.0,0.0
2022-02-09 00:00:00-05:00,11.609999656677246,11.630000114440918,11.520000457763672,11.630000114440918,10500,0.0,0.0
2022-02-10 00:00:00-05:00,11.5600004196167,11.619999885559082,11.104999542236328,11.220000267028809,9700,0.0,0.0
2022-02-11 00:00:00-05:00,11.260000228881836,11.270000457763672,11.260000228881836,11.260000228881836,9500,0.0,0.0
2022-02-14 00:00:00-05:00,11.15999984741211,11.579999923706055,11.109999656677246,11.180000305175781,7000,0.0,0.0
2022-02-15 00:00:00-05:00,11.319999694824219,11.34000015258789,11.100000381469727,11.229999542236328,7500,0.0,0.0
2022-02-16 00:00:00-05:00,11.227999687194824,11.227999687194824,10.949999809265137,11.010000228881836,15400,0.0,0.0
2022-02-17 00:00:00-05:00,11.0,11.039999961853027,10.880000114440918,10.899999618530273,11800,0.0,0.0
2022-02-18 00:00:00-05:00,10.859999656677246,10.925000190734863,10.859999656677246,10.899999618530273,7400,0.0,0.0
2022-02-22 00:00:00-05:00,10.859999656677246,10.920000076293945,10.854999542236328,10.859999656677246,9400,0.0,0.0
2022-02-23 00:00:00-05:00,10.979999542236328,11.09000015258789,10.8100004196167,10.8100004196167,35000,0.0,0.0
2022-02-24 00:00:00-05:00,10.609999656677246,10.612000465393066,10.510000228881836,10.550000190734863,14800,0.0,0.0
2022-02-25 00:00:00-05:00,10.628999710083008,10.630000114440918,10.550000190734863,10.630000114440918,9700,0.0,0.0
2022-02-28 00:00:00-05:00,10.579999923706055,10.609999656677246,10.5,10.5600004196167,20500,0.0,0.0
2022-03-01 00:00:00-05:00,10.569999694824219,10.569999694824219,10.359999656677246,10.359999656677246,17500,0.0,0.0
2022-03-02 00:00:00-05:00,10.460000038146973,10.479999542236328,10.359999656677246,10.479999542236328,5300,0.0,0.0
2022-03-03 00:00:00-05:00,10.569999694824219,10.649999618530273,10.510000228881836,10.5600004196167,12500,0.0,0.0
2022-03-04 00:00:00-05:00,10.520000457763672,10.529999732971191,10.420000076293945,10.5,11400,0.0,0.0
2022-03-07 00:00:00-05:00,10.399999618530273,10.420000076293945,10.260000228881836,10.300000190734863,29400,0.0,0.0
2022-03-08 00:00:00-05:00,10.329999923706055,10.4350004196167,10.3100004196167,10.350000381469727,31100,0.0,0.0
2022-03-09 00:00:00-05:00,10.489999771118164,10.520000457763672,10.319999694824219,10.369999885559082,14200,0.0,0.0
2022-03-10 00:00:00-05:00,10.300000190734863,10.619999885559082,10.279999732971191,10.470000267028809,19500,0.0,0.0
2022-03-11 00:00:00-05:00,10.470000267028809,10.470000267028809,10.279999732971191,10.329999923706055,14800,0.0,0.0
2022-03-14 00:00:00-04:00,10.350000381469727,10.600000381469727,10.350000381469727,10.550000190734863,6900,0.0,0.0
2022-03-15 00:00:00-04:00,10.630000114440918,10.630000114440918,10.449999809265137,10.460000038146973,6900,0.0,0.0
2022-03-16 00:00:00-04:00,10.48799991607666,10.609999656677246,10.475000381469727,10.5600004196167,11300,0.0,0.0
2022-03-17 00:00:00-04:00,10.479999542236328,10.550000190734863,10.479999542236328,10.550000190734863,15300,0.0,0.0
2022-03-18 00:00:00-04:00,10.550000190734863,11.09000015258789,10.479999542236328,11.050000190734863,68100,0.0,0.0
2022-03-21 00:00:00-04:00,11.039999961853027,11.100000381469727,10.579999923706055,10.649999618530273,15200,0.0,0.0
2022-03-22 00:00:00-04:00,10.720000267028809,11.0,10.640000343322754,10.800000190734863,7400,0.0,0.0
2022-03-23 00:00:00-04:00,10.9350004196167,10.9350004196167,10.6899995803833,10.720000267028809,4400,0.0,0.0
2022-03-24 00:00:00-04:00,10.600000381469727,10.699999809265137,10.569999694824219,10.619999885559082,6300,0.0,0.0
2022-03-25 00:00:00-04:00,10.600000381469727,10.670000076293945,10.430000305175781,10.539999961853027,14600,0.0,0.0
2022-03-28 00:00:00-04:00,10.5,10.579999923706055,10.5,10.550000190734863,8200,0.0,0.0
2022-03-29 00:00:00-04:00,10.550999641418457,10.550999641418457,10.300000190734863,10.359999656677246,23000,0.0,0.0
2022-03-30 00:00:00-04:00,10.53499984741211,10.5600004196167,10.399999618530273,10.460000038146973,10900,0.0,0.0
2022-03-31 00:00:00-04:00,10.460000038146973,10.520000457763672,10.40999984741211,10.520000457763672,16200,0.0,0.0
2022-04-01 00:00:00-04:00,10.40999984741211,10.470000267028809,10.350000381469727,10.430000305175781,10100,0.0,0.0
2022-04-04 00:00:00-04:00,10.460000038146973,10.475000381469727,10.3100004196167,10.34000015258789,12700,0.0,0.0
2022-04-05 00:00:00-04:00,10.300000190734863,10.317999839782715,10.300000190734863,10.3100004196167,22300,0.0,0.0
2022-04-06 00:00:00-04:00,10.300000190734863,10.300000190734863,10.149999618530273,10.170000076293945,26600,0.0,0.0
2022-04-07 00:00:00-04:00,10.3149995803833,10.3149995803833,10.180000305175781,10.199999809265137,6000,0.0,0.0
2022-04-08 00:00:00-04:00,10.15999984741211,10.25,10.149999618530273,10.220000267028809,18600,0.0,0.0
2022-04-11 00:00:00-04:00,10.15999984741211,10.1899995803833,10.149999618530273,10.1899995803833,10900,0.0,0.0
2022-04-12 00:00:00-04:00,10.21500015258789,10.3100004196167,10.15999984741211,10.199999809265137,12000,0.0,0.0
2022-04-13 00:00:00-04:00,10.232999801635742,10.350000381469727,10.213000297546387,10.350000381469727,7100,0.0,0.0
2022-04-14 00:00:00-04:00,10.380000114440918,10.470000267028809,10.289999961853027,10.3100004196167,10000,0.0,0.0
2022-04-18 00:00:00-04:00,10.335000038146973,10.399999618530273,10.15999984741211,10.229999542236328,17200,0.0,0.0
2022-04-19 00:00:00-04:00,10.28499984741211,10.319999694824219,10.180000305175781,10.300000190734863,16500,0.0,0.0
2022-04-20 00:00:00-04:00,10.25,10.479999542236328,10.229999542236328,10.479999542236328,23200,0.0,0.0
2022-04-21 00:00:00-04:00,10.40999984741211,10.40999984741211,10.380000114440918,10.399999618530273,17200,0.0,0.0
2022-04-22 00:00:00-04:00,10.48900032043457,10.720000267028809,10.40999984741211,10.420000076293945,9600,0.0,0.0
2022-04-25 00:00:00-04:00,10.380000114440918,10.449999809265137,10.3149995803833,10.449999809265137,13900,0.0,0.0
2022-04-26 00:00:00-04:00,10.369999885559082,10.489999771118164,10.279999732971191,10.279999732971191,14000,0.0,0.0
2022-04-27 00:00:00-04:00,10.350000381469727,10.380000114440918,10.300000190734863,10.350000381469727,5100,0.0,0.0
2022-04-28 00:00:00-04:00,10.399999618530273,10.399999618530273,10.300000190734863,10.380000114440918,9600,0.0,0.0
2022-04-29 00:00:00-04:00,10.399999618530273,10.399999618530273,10.260000228881836,10.399999618530273,20500,0.0,0.0
2022-05-02 00:00:00-04:00,10.399999618530273,10.399999618530273,10.229999542236328,10.350000381469727,10800,0.0,0.0
2022-05-03 00:00:00-04:00,10.380000114440918,10.399999618530273,10.270000457763672,10.399999618530273,9600,0.0,0.0
2022-05-04 00:00:00-04:00,10.399999618530273,10.399999618530273,10.197999954223633,10.359999656677246,28900,0.0,0.0
2022-05-05 00:00:00-04:00,10.300000190734863,10.329999923706055,10.199999809265137,10.25,20800,0.0,0.0
2022-05-06 00:00:00-04:00,10.260000228881836,10.260000228881836,10.149999618530273,10.1899995803833,32100,0.0,0.0
2022-05-09 00:00:00-04:00,10.149999618530273,10.15999984741211,9.859999656677246,10.0,29200,0.0,0.0
2022-05-10 00:00:00-04:00,10.069999694824219,10.09000015258789,9.979999542236328,10.0600004196167,27400,0.0,0.0
2022-05-11 00:00:00-04:00,10.039999961853027,10.050000190734863,9.949999809265137,10.020000457763672,14700,0.0,0.0
2022-05-12 00:00:00-04:00,10.020000457763672,10.020000457763672,9.850000381469727,9.880000114440918,10800,0.0,0.0
2022-05-13 00:00:00-04:00,9.930000305175781,10.020000457763672,9.8100004196167,9.880000114440918,11900,0.0,0.0
2022-05-16 00:00:00-04:00,9.84000015258789,9.842000007629395,9.65999984741211,9.6899995803833,25300,0.0,0.0
2022-05-17 00:00:00-04:00,9.8100004196167,9.920000076293945,9.628000259399414,9.800000190734863,7100,0.0,0.0
2022-05-18 00:00:00-04:00,9.949999809265137,9.949999809265137,9.710000038146973,9.760000228881836,9000,0.0,0.0
2022-05-19 00:00:00-04:00,9.899999618530273,9.949999809265137,9.720000267028809,9.720000267028809,19800,0.0,0.0
2022-05-20 00:00:00-04:00,9.789999961853027,9.789999961853027,9.609999656677246,9.729999542236328,11700,0.0,0.0
2022-05-23 00:00:00-04:00,9.84000015258789,9.899999618530273,9.75,9.829999923706055,5200,0.0,0.0
2022-05-24 00:00:00-04:00,9.869999885559082,9.946999549865723,9.800000190734863,9.8100004196167,5300,0.0,0.0
2022-05-25 00:00:00-04:00,9.720000267028809,9.899999618530273,9.720000267028809,9.869999885559082,9200,0.0,0.0
2022-05-26 00:00:00-04:00,9.75,9.960000038146973,9.75,9.899999618530273,8200,0.0,0.0
2022-05-27 00:00:00-04:00,9.979999542236328,10.020000457763672,9.970000267028809,10.0,7600,0.0,0.0
2022-05-31 00:00:00-04:00,10.0,10.175000190734863,10.0,10.09000015258789,11000,0.0,0.0
2022-06-01 00:00:00-04:00,10.119999885559082,10.119999885559082,10.050000190734863,10.119999885559082,5600,0.0,0.0
2022-06-02 00:00:00-04:00,10.170000076293945,10.25,10.069999694824219,10.25,16100,0.0,0.0
2022-06-03 00:00:00-04:00,10.130000114440918,10.229999542236328,10.119999885559082,10.15999984741211,6200,0.0,0.0
2022-06-06 00:00:00-04:00,10.09000015258789,10.300000190734863,10.069999694824219,10.300000190734863,10000,0.0,0.0
2022-06-07 00:00:00-04:00,10.3100004196167,10.34000015258789,10.229999542236328,10.229999542236328,7800,0.0,0.0
2022-06-08 00:00:00-04:00,10.119999885559082,10.180000305175781,10.119999885559082,10.180000305175781,5100,0.0,0.0
2022-06-09 00:00:00-04:00,10.180000305175781,10.319999694824219,10.180000305175781,10.199999809265137,7500,0.0,0.0
2022-06-10 00:00:00-04:00,10.0649995803833,10.119999885559082,10.0649995803833,10.079999923706055,3200,0.0,0.0
2022-06-13 00:00:00-04:00,10.079999923706055,10.229999542236328,10.079999923706055,10.140000343322754,7600,0.0,0.0
2022-06-14 00:00:00-04:00,10.239999771118164,10.239999771118164,10.095000267028809,10.15999984741211,8600,0.0,0.0
2022-06-15 00:00:00-04:00,10.229999542236328,10.229999542236328,10.170000076293945,10.170000076293945,4900,0.0,0.0
2022-06-16 00:00:00-04:00,10.029999732971191,10.180000305175781,9.789999961853027,10.029999732971191,16400,0.0,0.0
2022-06-17 00:00:00-04:00,10.029999732971191,10.1899995803833,10.029999732971191,10.1899995803833,19900,0.0,0.0
2022-06-21 00:00:00-04:00,10.125,10.229999542236328,10.020000457763672,10.170000076293945,39400,0.0,0.0
2022-06-22 00:00:00-04:00,10.010000228881836,10.210000038146973,10.010000228881836,10.0600004196167,10500,0.0,0.0
2022-06-23 00:00:00-04:00,9.930000305175781,10.100000381469727,9.930000305175781,10.100000381469727,11100,0.0,0.0
2022-06-24 00:00:00-04:00,10.100000381469727,10.100000381469727,9.819999694824219,10.0,49300,0.0,0.0
2022-06-27 00:00:00-04:00,10.09000015258789,10.09000015258789,9.90999984741211,9.9399995803833,9500,0.0,0.0
2022-06-28 00:00:00-04:00,10.0,10.0,9.90999984741211,9.989999771118164,26600,0.0,0.0
2022-06-29 00:00:00-04:00,9.90999984741211,9.90999984741211,9.859999656677246,9.869999885559082,11700,0.0,0.0
2022-06-30 00:00:00-04:00,9.829999923706055,9.949999809265137,9.699999809265137,9.800000190734863,26900,0.0,0.0
2022-07-01 00:00:00-04:00,9.710000038146973,9.789999961853027,9.710000038146973,9.789999961853027,11600,0.0,0.0
2022-07-05 00:00:00-04:00,9.729999542236328,9.869999885559082,9.609999656677246,9.670000076293945,21600,0.0,0.0
2022-07-06 00:00:00-04:00,9.845000267028809,9.970000267028809,9.760000228881836,9.779999732971191,3200,0.0,0.0
2022-07-07 00:00:00-04:00,9.720000267028809,10.050000190734863,9.720000267028809,9.979999542236328,8800,0.0,0.0
2022-07-08 00:00:00-04:00,9.869999885559082,9.907999992370605,9.609999656677246,9.739999771118164,8400,0.0,0.0
2022-07-11 00:00:00-04:00,9.529999732971191,9.600000381469727,9.510000228881836,9.529999732971191,11600,0.0,0.0
2022-07-12 00:00:00-04:00,9.5,9.649999618530273,9.479999542236328,9.550000190734863,10700,0.0,0.0
2022-07-13 00:00:00-04:00,9.555000305175781,9.555000305175781,9.510000228881836,9.510000228881836,3300,0.0,0.0
2022-07-14 00:00:00-04:00,9.532999992370605,9.532999992370605,9.390000343322754,9.390000343322754,6100,0.0,0.0
2022-07-15 00:00:00-04:00,9.59000015258789,9.899999618530273,9.59000015258789,9.899999618530273,12400,0.0,0.0
2022-07-18 00:00:00-04:00,9.819999694824219,9.86299991607666,9.460000038146973,9.630000114440918,8200,0.0,0.0
2022-07-19 00:00:00-04:00,9.75,9.850000381469727,9.75,9.800000190734863,6000,0.0,0.0
2022-07-20 00:00:00-04:00,9.6899995803833,9.949999809265137,9.6899995803833,9.9399995803833,6200,0.0,0.0
2022-07-21 00:00:00-04:00,9.850000381469727,9.850000381469727,9.65999984741211,9.65999984741211,9300,0.0,0.0
2022-07-22 00:00:00-04:00,9.710000038146973,10.039999961853027,9.710000038146973,9.829999923706055,6400,0.0,0.0
2022-07-25 00:00:00-04:00,9.67300033569336,9.930000305175781,9.645000457763672,9.880000114440918,6600,0.0,0.0
2022-07-26 00:00:00-04:00,9.835000038146973,10.0,9.600000381469727,9.600000381469727,6600,0.0,0.0
2022-07-27 00:00:00-04:00,9.710000038146973,9.84000015258789,9.550000190734863,9.710000038146973,9200,0.0,0.0
2022-07-28 00:00:00-04:00,9.788000106811523,9.788000106811523,9.729999542236328,9.729999542236328,4000,0.0,0.0
2022-07-29 00:00:00-04:00,9.694999694824219,9.71500015258789,9.694999694824219,9.710000038146973,4500,0.0,0.0
2022-08-01 00:00:00-04:00,9.789999961853027,9.899999618530273,9.635000228881836,9.6899995803833,11100,0.0,0.0
2022-08-02 00:00:00-04:00,9.720000267028809,9.779999732971191,9.720000267028809,9.75,1600,0.0,0.0
2022-08-03 00:00:00-04:00,9.859999656677246,9.859999656677246,9.859999656677246,9.859999656677246,2600,0.0,0.0
2022-08-04 00:00:00-04:00,9.859999656677246,10.020000457763672,9.845000267028809,10.0,4000,0.0,0.0
2022-08-05 00:00:00-04:00,9.90999984741211,9.928000450134277,9.720000267028809,9.8100004196167,6200,0.0,0.0
2022-08-08 00:00:00-04:00,10.079999923706055,10.079999923706055,9.739999771118164,9.8100004196167,19300,0.0,0.0
2022-08-09 00:00:00-04:00,9.6899995803833,9.979000091552734,9.550000190734863,9.829999923706055,8800,0.0,0.0
2022-08-10 00:00:00-04:00,9.899999618530273,9.989999771118164,9.8100004196167,9.880000114440918,6800,0.0,0.0
2022-08-11 00:00:00-04:00,9.869999885559082,9.880000114440918,9.869999885559082,9.880000114440918,2800,0.0,0.0
2022-08-12 00:00:00-04:00,9.920000076293945,10.069999694824219,9.920000076293945,10.069999694824219,6600,0.0,0.0
2022-08-15 00:00:00-04:00,10.0,10.0,9.609999656677246,9.899999618530273,8800,0.0,0.0
2022-08-16 00:00:00-04:00,9.899999618530273,10.0,9.75,9.75,17800,0.0,0.0
2022-08-17 00:00:00-04:00,9.720000267028809,9.819999694824219,9.720000267028809,9.819999694824219,2300,0.0,0.0
2022-08-18 00:00:00-04:00,9.670000076293945,10.100000381469727,9.619999885559082,9.979999542236328,28700,0.0,0.0
2022-08-19 00:00:00-04:00,9.789999961853027,10.0,9.609999656677246,9.770000457763672,10400,0.0,0.0
2022-08-22 00:00:00-04:00,9.829000473022461,9.90999984741211,9.630000114440918,9.760000228881836,4900,0.0,0.0
2022-08-23 00:00:00-04:00,9.75,9.75,9.65999984741211,9.699999809265137,6600,0.0,0.0
2022-08-24 00:00:00-04:00,9.770000457763672,9.770000457763672,9.770000457763672,9.770000457763672,3500,0.0,0.0
2022-08-25 00:00:00-04:00,9.710000038146973,9.829999923706055,9.65999984741211,9.729999542236328,12000,0.0,0.0
2022-08-26 00:00:00-04:00,9.670000076293945,9.852999687194824,9.609999656677246,9.65999984741211,18000,0.0,0.0
2022-08-29 00:00:00-04:00,9.859999656677246,9.859999656677246,9.399999618530273,9.399999618530273,14400,0.0,0.0
2022-08-30 00:00:00-04:00,9.449999809265137,9.46500015258789,9.149999618530273,9.359999656677246,9600,0.0,0.0
2022-08-31 00:00:00-04:00,9.430000305175781,9.800000190734863,9.15999984741211,9.350000381469727,19300,0.0,0.0
2022-09-01 00:00:00-04:00,9.399999618530273,9.4399995803833,9.220000267028809,9.4399995803833,10500,0.0,0.0
2022-09-02 00:00:00-04:00,9.510000228881836,9.510000228881836,9.260000228881836,9.260000228881836,10900,0.0,0.0
2022-09-06 00:00:00-04:00,9.300000190734863,9.425000190734863,9.140000343322754,9.199999809265137,11900,0.0,0.0
2022-09-07 00:00:00-04:00,9.130000114440918,9.380000114440918,9.130000114440918,9.380000114440918,10700,0.0,0.0
2022-09-08 00:00:00-04:00,9.380000114440918,9.380000114440918,9.380000114440918,9.380000114440918,2400,0.0,0.0
2022-09-09 00:00:00-04:00,9.619999885559082,9.729999542236328,9.550000190734863,9.550000190734863,4300,0.0,0.0
2022-09-12 00:00:00-04:00,9.609999656677246,9.609999656677246,9.609999656677246,9.609999656677246,2200,0.0,0.0
2022-09-13 00:00:00-04:00,9.420000076293945,9.430000305175781,9.359999656677246,9.359999656677246,7700,0.0,0.0
2022-09-14 00:00:00-04:00,9.390000343322754,9.664999961853027,9.270000457763672,9.300000190734863,12100,0.0,0.0
2022-09-15 00:00:00-04:00,9.329999923706055,9.569999694824219,9.319999694824219,9.449999809265137,10600,0.0,0.0
2022-09-16 00:00:00-04:00,9.449999809265137,9.449999809265137,9.354999542236328,9.380000114440918,20500,0.0,0.0
2022-09-19 00:00:00-04:00,9.300000190734863,9.470000267028809,9.25,9.470000267028809,14000,0.0,0.0
2022-09-20 00:00:00-04:00,9.260000228881836,9.420000076293945,9.260000228881836,9.359999656677246,6700,0.0,0.0
2022-09-21 00:00:00-04:00,9.420999526977539,9.470000267028809,9.25,9.470000267028809,4700,0.0,0.0
2022-09-22 00:00:00-04:00,9.569000244140625,9.569000244140625,9.449999809265137,9.449999809265137,4500,0.0,0.0
2022-09-23 00:00:00-04:00,9.364999771118164,9.420000076293945,9.359999656677246,9.359999656677246,5800,0.0,0.0
2022-09-26 00:00:00-04:00,9.550000190734863,9.550000190734863,9.550000190734863,9.550000190734863,5100,0.0,0.0
2022-09-27 00:00:00-04:00,9.420000076293945,9.420000076293945,9.420000076293945,9.420000076293945,2700,0.0,0.0
2022-09-28 00:00:00-04:00,9.300000190734863,9.75,9.300000190734863,9.609999656677246,11500,0.0,0.0
2022-09-29 00:00:00-04:00,9.680000305175781,9.989999771118164,9.5,9.680000305175781,6600,0.0,0.0
2022-09-30 00:00:00-04:00,9.645000457763672,9.789999961853027,9.479999542236328,9.520000457763672,11900,0.0,0.0
2022-10-03 00:00:00-04:00,9.479999542236328,9.930000305175781,9.40999984741211,9.899999618530273,35000,0.0,0.0
2022-10-04 00:00:00-04:00,9.8100004196167,9.949999809265137,9.8100004196167,9.949999809265137,28300,0.0,0.0
2022-10-05 00:00:00-04:00,9.9399995803833,9.9399995803833,9.774999618530273,9.789999961853027,3100,0.0,0.0
2022-10-06 00:00:00-04:00,9.800000190734863,10.029000282287598,9.734999656677246,9.760000228881836,24400,0.0,0.0
2022-10-07 00:00:00-04:00,9.800000190734863,10.220000267028809,9.800000190734863,10.220000267028809,23500,0.0,0.0
2022-10-10 00:00:00-04:00,10.149999618530273,10.149999618530273,10.069999694824219,10.069999694824219,3000,0.0,0.0
2022-10-11 00:00:00-04:00,10.149999618530273,10.149999618530273,9.970000267028809,9.970000267028809,3700,0.0,0.0
2022-10-12 00:00:00-04:00,9.821999549865723,10.069999694824219,9.821999549865723,10.069999694824219,3200,0.0,0.0
2022-10-13 00:00:00-04:00,10.069999694824219,10.220000267028809,10.069999694824219,10.210000038146973,10300,0.0,0.0
2022-10-14 00:00:00-04:00,10.220000267028809,10.220000267028809,9.800000190734863,9.850000381469727,17700,0.0,0.0
2022-10-17 00:00:00-04:00,9.850000381469727,10.104999542236328,9.850000381469727,10.0,19300,0.0,0.0
2022-10-18 00:00:00-04:00,10.0,10.0,9.84000015258789,9.979999542236328,19100,0.0,0.0
2022-10-19 00:00:00-04:00,10.199999809265137,10.199999809265137,9.979999542236328,9.979999542236328,17500,0.0,0.0
2022-10-20 00:00:00-04:00,9.979999542236328,10.0,9.979999542236328,10.0,7600,0.0,0.0
2022-10-21 00:00:00-04:00,10.0,10.109999656677246,9.9399995803833,9.989999771118164,22500,0.0,0.0
2022-10-24 00:00:00-04:00,9.989999771118164,10.0,9.970000267028809,10.0,11800,0.0,0.0
2022-10-25 00:00:00-04:00,9.979999542236328,10.0,9.829999923706055,10.0,11000,0.0,0.0
2022-10-26 00:00:00-04:00,9.989999771118164,10.0,9.90999984741211,9.90999984741211,11800,0.0,0.0
2022-10-27 00:00:00-04:00,9.942000389099121,10.069999694824219,9.925000190734863,10.0,198100,0.0,0.0
2022-10-28 00:00:00-04:00,9.9399995803833,10.199999809265137,9.9399995803833,10.199999809265137,18400,0.0,0.0
2022-10-31 00:00:00-04:00,10.050000190734863,10.46500015258789,10.050000190734863,10.3100004196167,23800,0.0,0.0
2022-11-01 00:00:00-04:00,10.399999618530273,10.489999771118164,10.163999557495117,10.470000267028809,8000,0.0,0.0
2022-11-02 00:00:00-04:00,10.274999618530273,10.489999771118164,10.270000457763672,10.289999961853027,16600,0.0,0.0
2022-11-03 00:00:00-04:00,10.050000190734863,10.489999771118164,10.039999961853027,10.359999656677246,3800,0.0,0.0
2022-11-04 00:00:00-04:00,10.173999786376953,10.489999771118164,10.173999786376953,10.489999771118164,5000,0.0,0.0
2022-11-07 00:00:00-05:00,10.479999542236328,10.489999771118164,10.449999809265137,10.489999771118164,3300,0.0,0.0
2022-11-08 00:00:00-05:00,10.444999694824219,10.5,10.199999809265137,10.329999923706055,10400,0.0,0.0
2022-11-09 00:00:00-05:00,10.329999923706055,10.479999542236328,10.039999961853027,10.380000114440918,7600,0.0,0.0
2022-11-10 00:00:00-05:00,10.5,10.850000381469727,10.449999809265137,10.850000381469727,37900,0.0,0.0
2022-11-11 00:00:00-05:00,10.850000381469727,11.0,10.850000381469727,11.0,11400,0.0,0.0
2022-11-14 00:00:00-05:00,10.979999542236328,10.979999542236328,10.84000015258789,10.869999885559082,4300,0.0,0.0
2022-11-15 00:00:00-05:00,11.0,11.329999923706055,10.989999771118164,11.319999694824219,11200,0.0,0.0
2022-11-16 00:00:00-05:00,11.4399995803833,11.460000038146973,11.199999809265137,11.3100004196167,12400,0.0,0.0
2022-11-17 00:00:00-05:00,11.210000038146973,11.300000190734863,11.008999824523926,11.300000190734863,13500,0.0,0.0
2022-11-18 00:00:00-05:00,11.5,11.5,11.085000038146973,11.25,23500,0.0,0.0
2022-11-21 00:00:00-05:00,11.25,11.479999542236328,11.178999900817871,11.329999923706055,15200,0.0,0.0
2022-11-22 00:00:00-05:00,11.489999771118164,11.739999771118164,11.274999618530273,11.729999542236328,9600,0.0,0.0
2022-11-23 00:00:00-05:00,11.59000015258789,11.600000381469727,11.270000457763672,11.5,3400,0.0,0.0
2022-11-25 00:00:00-05:00,11.390000343322754,11.489999771118164,11.390000343322754,11.399999618530273,1600,0.0,0.0
2022-11-28 00:00:00-05:00,11.359999656677246,11.550000190734863,10.949999809265137,11.420000076293945,13200,0.0,0.0
2022-11-29 00:00:00-05:00,11.699999809265137,11.75,11.569999694824219,11.630000114440918,7900,0.0,0.0
2022-11-30 00:00:00-05:00,11.699999809265137,11.75,11.699999809265137,11.75,8800,0.0,0.0
2022-12-01 00:00:00-05:00,11.760000228881836,11.819999694824219,11.654999732971191,11.680000305175781,14300,0.0,0.0
2022-12-02 00:00:00-05:00,11.739999771118164,11.930000305175781,11.569999694824219,11.829999923706055,22300,0.0,0.0
2022-12-05 00:00:00-05:00,11.489999771118164,11.970000267028809,11.225000381469727,11.8100004196167,18900,0.0,0.0
2022-12-06 00:00:00-05:00,11.739999771118164,11.880000114440918,11.40999984741211,11.880000114440918,23300,0.0,0.0
2022-12-07 00:00:00-05:00,11.4350004196167,11.890000343322754,11.4350004196167,11.729999542236328,6700,0.0,0.0
2022-12-08 00:00:00-05:00,11.600000381469727,11.739999771118164,11.600000381469727,11.739999771118164,4400,0.0,0.0
2022-12-09 00:00:00-05:00,11.609999656677246,11.699999809265137,11.609999656677246,11.609999656677246,6000,0.0,0.0
2022-12-12 00:00:00-05:00,11.4399995803833,11.680000305175781,11.4399995803833,11.670000076293945,8800,0.0,0.0
2022-12-13 00:00:00-05:00,11.729999542236328,11.729999542236328,11.510000228881836,11.729999542236328,8800,0.0,0.0
2022-12-14 00:00:00-05:00,11.649999618530273,11.739999771118164,11.579999923706055,11.739999771118164,9400,0.0,0.0
2022-12-15 00:00:00-05:00,11.460000038146973,11.579999923706055,11.460000038146973,11.520000457763672,8100,0.0,0.0
2022-12-16 00:00:00-05:00,11.449999809265137,11.729999542236328,11.359999656677246,11.729999542236328,51000,0.0,0.0
2022-12-19 00:00:00-05:00,11.609999656677246,11.609999656677246,11.479999542236328,11.5,6800,0.0,0.0
2022-12-20 00:00:00-05:00,11.5600004196167,11.5600004196167,11.449999809265137,11.449999809265137,4700,0.0,0.0
2022-12-21 00:00:00-05:00,11.437000274658203,11.569999694824219,11.390000343322754,11.569999694824219,3900,0.0,0.0
2022-12-22 00:00:00-05:00,11.550000190734863,11.550000190734863,11.550000190734863,11.550000190734863,8500,0.0,0.0
2022-12-23 00:00:00-05:00,11.579999923706055,11.600000381469727,11.529999732971191,11.529999732971191,3000,0.0,0.0
2022-12-27 00:00:00-05:00,11.510000228881836,11.5600004196167,11.479999542236328,11.479999542236328,3300,0.0,0.0
2022-12-28 00:00:00-05:00,11.425000190734863,11.569999694824219,11.260000228881836,11.460000038146973,7300,0.0,0.0
2022-12-29 00:00:00-05:00,11.510000228881836,11.510000228881836,11.430000305175781,11.5,6300,0.0,0.0
2022-12-30 00:00:00-05:00,11.510000228881836,11.527999877929688,11.359999656677246,11.399999618530273,2900,0.0,0.0
2023-01-03 00:00:00-05:00,11.4399995803833,11.739999771118164,11.4399995803833,11.619999885559082,8200,0.0,0.0
2023-01-04 00:00:00-05:00,11.609999656677246,11.675000190734863,11.479999542236328,11.479999542236328,5400,0.0,0.0
2023-01-05 00:00:00-05:00,11.479999542236328,11.710000038146973,11.479999542236328,11.520000457763672,2800,0.0,0.0
2023-01-06 00:00:00-05:00,11.600000381469727,11.680000305175781,11.34000015258789,11.449999809265137,10200,0.0,0.0
2023-01-09 00:00:00-05:00,11.51099967956543,11.585000038146973,11.34000015258789,11.34000015258789,3300,0.0,0.0
2023-01-10 00:00:00-05:00,11.3100004196167,11.380000114440918,11.210000038146973,11.279999732971191,8900,0.0,0.0
2023-01-11 00:00:00-05:00,11.289999961853027,11.569999694824219,11.210000038146973,11.210000038146973,10800,0.0,0.0
2023-01-12 00:00:00-05:00,11.279999732971191,11.279999732971191,11.210000038146973,11.279999732971191,7200,0.0,0.0
2023-01-13 00:00:00-05:00,11.300000190734863,11.399999618530273,11.180000305175781,11.399999618530273,8200,0.0,0.0
2023-01-17 00:00:00-05:00,11.3100004196167,11.48900032043457,11.3100004196167,11.380000114440918,2700,0.0,0.0
2023-01-18 00:00:00-05:00,11.399999618530273,11.40999984741211,11.399999618530273,11.40999984741211,2500,0.0,0.0
2023-01-19 00:00:00-05:00,10.970000267028809,11.394000053405762,10.970000267028809,11.199999809265137,23300,0.0,0.0
2023-01-20 00:00:00-05:00,11.270000457763672,11.399999618530273,11.0600004196167,11.0600004196167,25700,0.0,0.0
2023-01-23 00:00:00-05:00,11.180000305175781,11.180000305175781,11.029999732971191,11.0600004196167,5800,0.0,0.0
2023-01-24 00:00:00-05:00,11.085000038146973,11.085000038146973,10.9350004196167,11.050000190734863,5100,0.0,0.0
2023-01-25 00:00:00-05:00,10.954999923706055,11.029999732971191,10.954999923706055,11.029999732971191,7500,0.0,0.0
2023-01-26 00:00:00-05:00,10.859999656677246,10.979999542236328,10.859999656677246,10.979999542236328,3700,0.0,0.0
2023-01-27 00:00:00-05:00,10.9350004196167,10.970000267028809,10.904999732971191,10.970000267028809,2300,0.0,0.0
2023-01-30 00:00:00-05:00,10.890000343322754,10.899999618530273,10.8100004196167,10.880000114440918,8600,0.0,0.0
2023-01-31 00:00:00-05:00,11.15999984741211,11.369999885559082,11.069999694824219,11.25,11000,0.0,0.0
2023-02-01 00:00:00-05:00,11.350000381469727,11.649999618530273,11.350000381469727,11.510000228881836,14500,0.0,0.0
2023-02-02 00:00:00-05:00,11.579999923706055,11.579999923706055,11.369999885559082,11.399999618530273,13500,0.0,0.0
2023-02-03 00:00:00-05:00,11.420999526977539,11.5,11.289999961853027,11.359999656677246,12400,0.0,0.0
2023-02-06 00:00:00-05:00,11.350000381469727,11.470000267028809,11.319999694824219,11.319999694824219,3300,0.0,0.0
2023-02-07 00:00:00-05:00,11.220000267028809,11.354999542236328,11.170000076293945,11.329999923706055,11000,0.0,0.0
2023-02-08 00:00:00-05:00,11.350000381469727,11.399999618530273,11.350000381469727,11.350000381469727,2600,0.0,0.0
2023-02-09 00:00:00-05:00,11.34000015258789,11.364999771118164,11.25,11.300000190734863,7400,0.0,0.0
2023-02-10 00:00:00-05:00,11.3100004196167,11.5,11.3100004196167,11.5,4000,0.0,0.0
2023-02-13 00:00:00-05:00,11.5,11.739999771118164,11.5,11.739999771118164,9300,0.0,0.0
2023-02-14 00:00:00-05:00,11.65999984741211,11.65999984741211,11.399999618530273,11.520000457763672,3200,0.0,0.0
2023-02-15 00:00:00-05:00,11.449999809265137,11.880000114440918,11.449999809265137,11.880000114440918,7700,0.0,0.0
2023-02-16 00:00:00-05:00,11.595000267028809,11.720000267028809,11.59000015258789,11.720000267028809,5600,0.0,0.0
2023-02-17 00:00:00-05:00,11.75,11.800000190734863,11.614999771118164,11.800000190734863,14800,0.0,0.0
2023-02-21 00:00:00-05:00,11.675000190734863,11.800000190734863,11.5,11.5,9300,0.0,0.0
2023-02-22 00:00:00-05:00,11.600000381469727,11.600000381469727,11.340999603271484,11.359999656677246,15800,0.0,0.0
2023-02-23 00:00:00-05:00,11.399999618530273,11.5,11.324000358581543,11.329999923706055,9900,0.0,0.0
2023-02-24 00:00:00-05:00,11.270000457763672,11.635000228881836,11.15999984741211,11.210000038146973,11000,0.0,0.0
2023-02-27 00:00:00-05:00,11.399999618530273,11.399999618530273,11.107000350952148,11.15999984741211,8900,0.0,0.0
2023-02-28 00:00:00-05:00,11.399999618530273,11.399999618530273,11.220000267028809,11.3100004196167,15000,0.0,0.0
2023-03-01 00:00:00-05:00,11.524999618530273,11.529999732971191,11.199999809265137,11.199999809265137,8400,0.0,0.0
2023-03-02 00:00:00-05:00,11.449999809265137,11.489999771118164,11.3100004196167,11.319999694824219,3200,0.0,0.0
2023-03-03 00:00:00-05:00,11.40999984741211,11.4399995803833,11.260000228881836,11.260000228881836,6300,0.0,0.0
2023-03-06 00:00:00-05:00,11.260000228881836,11.355999946594238,11.079999923706055,11.1899995803833,27500,0.0,0.0
2023-03-07 00:00:00-05:00,11.1899995803833,11.210000038146973,11.140000343322754,11.170000076293945,5000,0.0,0.0
2023-03-08 00:00:00-05:00,11.09000015258789,11.15999984741211,11.0,11.079999923706055,7500,0.0,0.0
2023-03-09 00:00:00-05:00,11.029999732971191,11.100000381469727,10.90999984741211,10.949999809265137,9200,0.0,0.0
2023-03-10 00:00:00-05:00,10.899999618530273,11.114999771118164,10.510000228881836,10.880000114440918,12400,0.0,0.0
2023-03-13 00:00:00-04:00,10.710000038146973,10.710000038146973,10.039999961853027,10.140000343322754,15100,0.0,0.0
2023-03-14 00:00:00-04:00,10.380000114440918,10.399999618530273,10.210000038146973,10.210000038146973,16700,0.0,0.0
2023-03-15 00:00:00-04:00,10.140000343322754,10.1899995803833,10.050000190734863,10.149999618530273,13300,0.0,0.0
2023-03-16 00:00:00-04:00,10.149999618530273,10.170000076293945,9.789999961853027,9.989999771118164,30600,0.0,0.0
2023-03-17 00:00:00-04:00,9.869999885559082,10.0,9.75,9.800000190734863,63800,0.0,0.0
2023-03-20 00:00:00-04:00,9.90999984741211,10.0,9.890000343322754,10.0,16900,0.0,0.0
2023-03-21 00:00:00-04:00,9.9399995803833,10.0,9.9399995803833,9.989999771118164,21300,0.0,0.0
2023-03-22 00:00:00-04:00,9.92199993133545,10.0,9.869999885559082,9.920000076293945,10100,0.0,0.0
2023-03-23 00:00:00-04:00,9.835000038146973,9.899999618530273,9.8100004196167,9.880000114440918,8600,0.0,0.0
2023-03-24 00:00:00-04:00,9.845000267028809,9.890000343322754,9.845000267028809,9.890000343322754,6200,0.0,0.0
2023-03-27 00:00:00-04:00,9.812999725341797,9.899999618530273,9.760000228881836,9.84000015258789,10900,0.0,0.0
2023-03-28 00:00:00-04:00,9.755000114440918,9.899999618530273,9.755000114440918,9.890000343322754,5600,0.0,0.0
2023-03-29 00:00:00-04:00,9.779999732971191,9.899999618530273,9.779999732971191,9.890000343322754,5600,0.0,0.0
2023-03-30 00:00:00-04:00,9.899999618530273,9.899999618530273,9.76099967956543,9.850000381469727,7700,0.0,0.0
2023-03-31 00:00:00-04:00,9.829999923706055,9.859999656677246,9.789999961853027,9.859999656677246,18200,0.0,0.0
2023-04-03 00:00:00-04:00,9.8100004196167,9.835000038146973,9.65999984741211,9.6899995803833,94000,0.0,0.0
2023-04-04 00:00:00-04:00,9.52299976348877,9.52299976348877,9.0,9.010000228881836,41700,0.0,0.0
2023-04-05 00:00:00-04:00,9.100000381469727,9.260000228881836,8.930000305175781,9.069999694824219,14100,0.0,0.0
2023-04-06 00:00:00-04:00,9.229999542236328,9.229999542236328,9.130000114440918,9.140000343322754,3500,0.0,0.0
2023-04-10 00:00:00-04:00,9.09000015258789,9.119999885559082,9.050000190734863,9.100000381469727,12700,0.0,0.0
2023-04-11 00:00:00-04:00,9.100000381469727,9.270000457763672,9.0600004196167,9.0600004196167,6600,0.0,0.0
2023-04-12 00:00:00-04:00,9.0600004196167,9.0600004196167,8.90999984741211,9.010000228881836,10100,0.0,0.0
2023-04-13 00:00:00-04:00,8.935999870300293,8.949999809265137,8.899999618530273,8.930000305175781,4300,0.0,0.0
2023-04-14 00:00:00-04:00,9.015000343322754,9.039999961853027,8.890000343322754,8.970000267028809,7700,0.0,0.0
2023-04-17 00:00:00-04:00,8.819999694824219,9.289999961853027,8.760000228881836,9.020000457763672,36100,0.0,0.0
2023-04-18 00:00:00-04:00,8.850000381469727,9.010000228881836,8.572999954223633,8.579999923706055,7800,0.0,0.0
2023-04-19 00:00:00-04:00,8.765000343322754,9.041000366210938,8.630999565124512,8.859999656677246,5800,0.0,0.0
2023-04-20 00:00:00-04:00,9.0,9.159000396728516,8.690999984741211,9.029999732971191,4600,0.0,0.0
2023-04-21 00:00:00-04:00,8.90999984741211,9.140000343322754,8.75,8.75,32900,0.0,0.0
2023-04-24 00:00:00-04:00,8.550000190734863,9.149999618530273,8.520000457763672,8.8100004196167,24600,0.0,0.0
2023-04-25 00:00:00-04:00,8.604999542236328,8.989999771118164,8.604999542236328,8.640000343322754,12100,0.0,0.0
2023-04-26 00:00:00-04:00,8.5600004196167,8.833999633789062,8.210000038146973,8.369999885559082,16700,0.0,0.0
2023-04-27 00:00:00-04:00,8.350000381469727,9.298999786376953,8.329999923706055,8.779999732971191,40900,0.0,0.0
2023-04-28 00:00:00-04:00,8.699999809265137,9.164999961853027,8.609999656677246,8.819999694824219,14700,0.0,0.0
2023-05-01 00:00:00-04:00,9.0,9.010000228881836,8.770000457763672,8.800000190734863,5000,0.0,0.0
2023-05-02 00:00:00-04:00,8.65999984741211,8.8100004196167,8.210000038146973,8.350000381469727,21100,0.0,0.0
2023-05-03 00:00:00-04:00,8.430000305175781,8.75,8.430000305175781,8.5600004196167,12800,0.0,0.0
2023-05-04 00:00:00-04:00,8.5,8.630000114440918,8.15999984741211,8.520000457763672,17700,0.0,0.0
2023-05-05 00:00:00-04:00,8.710000038146973,8.979999542236328,8.350000381469727,8.65999984741211,45200,0.0,0.0
2023-05-08 00:00:00-04:00,8.710000038146973,8.802000045776367,8.579000473022461,8.609999656677246,4900,0.0,0.0
2023-05-09 00:00:00-04:00,8.380000114440918,8.529999732971191,8.350000381469727,8.449999809265137,4800,0.0,0.0
2023-05-10 00:00:00-04:00,8.239999771118164,8.359999656677246,8.199999809265137,8.21500015258789,8400,0.0,0.0
2023-05-11 00:00:00-04:00,8.241999626159668,8.241999626159668,7.960000038146973,8.149999618530273,7600,0.0,0.0
2023-05-12 00:00:00-04:00,8.079999923706055,8.199999809265137,7.980000019073486,8.109999656677246,6100,0.0,0.0
2023-05-15 00:00:00-04:00,8.350000381469727,8.369999885559082,7.96999979019165,8.260000228881836,4900,0.0,0.0
2023-05-16 00:00:00-04:00,8.369999885559082,8.369999885559082,8.140000343322754,8.220000267028809,5800,0.0,0.0
2023-05-17 00:00:00-04:00,8.069999694824219,8.399999618530273,8.069999694824219,8.399999618530273,8700,0.0,0.0
2023-05-18 00:00:00-04:00,8.38700008392334,8.600000381469727,8.350000381469727,8.430000305175781,9100,0.0,0.0
2023-05-19 00:00:00-04:00,8.529999732971191,8.529999732971191,8.359999656677246,8.359999656677246,7000,0.0,0.0
2023-05-22 00:00:00-04:00,8.449999809265137,8.600000381469727,8.329999923706055,8.600000381469727,13300,0.0,0.0
2023-05-23 00:00:00-04:00,8.5600004196167,8.600000381469727,8.34000015258789,8.529999732971191,7700,0.0,0.0
2023-05-24 00:00:00-04:00,8.600000381469727,8.725000381469727,8.510000228881836,8.600000381469727,18700,0.0,0.0
2023-05-25 00:00:00-04:00,8.555000305175781,8.699999809265137,8.465999603271484,8.680000305175781,3400,0.0,0.0
2023-05-26 00:00:00-04:00,8.619000434875488,8.619000434875488,8.359999656677246,8.579999923706055,6200,0.0,0.0
2023-05-30 00:00:00-04:00,8.53499984741211,8.619999885559082,8.479999542236328,8.479999542236328,3700,0.0,0.0
2023-05-31 00:00:00-04:00,8.364999771118164,8.6899995803833,8.333999633789062,8.539999961853027,7700,0.0,0.0
2023-06-01 00:00:00-04:00,8.529999732971191,8.699999809265137,8.510000228881836,8.579999923706055,7200,0.0,0.0
2023-06-02 00:00:00-04:00,8.510000228881836,9.180000305175781,8.510000228881836,9.170000076293945,24500,0.0,0.0
2023-06-05 00:00:00-04:00,9.199999809265137,9.199999809265137,8.699999809265137,8.880000114440918,9700,0.0,0.0
2023-06-06 00:00:00-04:00,8.899999618530273,9.149999618530273,8.59000015258789,8.8100004196167,23200,0.0,0.0
2023-06-07 00:00:00-04:00,9.229999542236328,9.59000015258789,9.180000305175781,9.59000015258789,18600,0.0,0.0
2023-06-08 00:00:00-04:00,9.5,9.524999618530273,9.239999771118164,9.239999771118164,8300,0.0,0.0
2023-06-09 00:00:00-04:00,9.031000137329102,9.199999809265137,8.729999542236328,8.859999656677246,22800,0.0,0.0
2023-06-12 00:00:00-04:00,8.880000114440918,9.0,8.859999656677246,8.859999656677246,7900,0.0,0.0
2023-06-13 00:00:00-04:00,8.960000038146973,8.979999542236328,8.649999618530273,8.869999885559082,25800,0.0,0.0
2023-06-14 00:00:00-04:00,8.720000267028809,8.824999809265137,8.5,8.65999984741211,12700,0.0,0.0
2023-06-15 00:00:00-04:00,8.600000381469727,8.90999984741211,8.510000228881836,8.850000381469727,10800,0.0,0.0
2023-06-16 00:00:00-04:00,8.949999809265137,8.970000267028809,8.520000457763672,8.520000457763672,38000,0.0,0.0
2023-06-20 00:00:00-04:00,8.600000381469727,8.84000015258789,8.541999816894531,8.84000015258789,7200,0.0,0.0
2023-06-21 00:00:00-04:00,8.84000015258789,8.930000305175781,8.600000381469727,8.850000381469727,8300,0.0,0.0
2023-06-22 00:00:00-04:00,8.694999694824219,8.920000076293945,8.609999656677246,8.850000381469727,11700,0.0,0.0
2023-06-23 00:00:00-04:00,8.729999542236328,8.989999771118164,8.649999618530273,8.90999984741211,72200,0.0,0.0
2023-06-26 00:00:00-04:00,8.835000038146973,8.949999809265137,8.670000076293945,8.949999809265137,12000,0.0,0.0
2023-06-27 00:00:00-04:00,8.899999618530273,9.039999961853027,8.829999923706055,8.960000038146973,12800,0.0,0.0
2023-06-28 00:00:00-04:00,8.899999618530273,8.960000038146973,8.8100004196167,8.960000038146973,2700,0.0,0.0
2023-06-29 00:00:00-04:00,8.930000305175781,9.09000015258789,8.930000305175781,8.989999771118164,4700,0.0,0.0
2023-06-30 00:00:00-04:00,8.979999542236328,8.989999771118164,8.850000381469727,8.949999809265137,15100,0.0,0.0
2023-07-03 00:00:00-04:00,9.069999694824219,9.079999923706055,9.0,9.079999923706055,3800,0.0,0.0
2023-07-05 00:00:00-04:00,8.989999771118164,8.989999771118164,8.960000038146973,8.960000038146973,3300,0.0,0.0
2023-07-06 00:00:00-04:00,8.975000381469727,8.984999656677246,8.914999961853027,8.949999809265137,11200,0.0,0.0
2023-07-07 00:00:00-04:00,8.869999885559082,9.220000267028809,8.869999885559082,9.149999618530273,31400,0.0,0.0
2023-07-10 00:00:00-04:00,9.289999961853027,9.289999961853027,9.029999732971191,9.109999656677246,6600,0.0,0.0
2023-07-11 00:00:00-04:00,9.031999588012695,9.300000190734863,9.031999588012695,9.100000381469727,6900,0.0,0.0
2023-07-12 00:00:00-04:00,9.09000015258789,9.220000267028809,8.961999893188477,9.100000381469727,6300,0.0,0.0
2023-07-13 00:00:00-04:00,9.180000305175781,9.289999961853027,9.180000305175781,9.289999961853027,4400,0.0,0.0
2023-07-14 00:00:00-04:00,9.289999961853027,9.300000190734863,9.0600004196167,9.0600004196167,8300,0.0,0.0
2023-07-17 00:00:00-04:00,9.289999961853027,9.300000190734863,9.199999809265137,9.300000190734863,2700,0.0,0.0
2023-07-18 00:00:00-04:00,9.300000190734863,9.729999542236328,9.220000267028809,9.729999542236328,19400,0.0,0.0
2023-07-19 00:00:00-04:00,9.585000038146973,9.710000038146973,9.585000038146973,9.710000038146973,3300,0.0,0.0
2023-07-20 00:00:00-04:00,9.5,9.739999771118164,9.5,9.680000305175781,6200,0.0,0.0
2023-07-21 00:00:00-04:00,9.710000038146973,10.0,9.560999870300293,9.649999618530273,28600,0.0,0.0
2023-07-24 00:00:00-04:00,9.739999771118164,9.979999542236328,9.649999618530273,9.720000267028809,17800,0.0,0.0
2023-07-25 00:00:00-04:00,9.729999542236328,9.729999542236328,9.520000457763672,9.579999923706055,5600,0.0,0.0
2023-07-26 00:00:00-04:00,9.609999656677246,9.699999809265137,9.399999618530273,9.640000343322754,14500,0.0,0.0
2023-07-27 00:00:00-04:00,9.640000343322754,9.899999618530273,9.449999809265137,9.600000381469727,12100,0.0,0.0
2023-07-28 00:00:00-04:00,9.84000015258789,9.84000015258789,9.84000015258789,9.84000015258789,6000,0.0,0.0
2023-07-31 00:00:00-04:00,9.899999618530273,9.96500015258789,9.649999618530273,9.829999923706055,8500,0.0,0.0
2023-08-01 00:00:00-04:00,9.590999603271484,9.989999771118164,9.590999603271484,9.819999694824219,5000,0.0,0.0
2023-08-02 00:00:00-04:00,9.65999984741211,9.859999656677246,9.649999618530273,9.65999984741211,121000,0.0,0.0
2023-08-03 00:00:00-04:00,9.619999885559082,10.0,9.5600004196167,9.979999542236328,20900,0.0,0.0
2023-08-04 00:00:00-04:00,9.970000267028809,10.029999732971191,9.649999618530273,9.760000228881836,24100,0.0,0.0
2023-08-07 00:00:00-04:00,9.720000267028809,9.788999557495117,9.710000038146973,9.710000038146973,2600,0.0,0.0
2023-08-08 00:00:00-04:00,9.640000343322754,9.800000190734863,9.600000381469727,9.6899995803833,8000,0.0,0.0
2023-08-09 00:00:00-04:00,9.640000343322754,9.800000190734863,9.640000343322754,9.649999618530273,9500,0.0,0.0
2023-08-10 00:00:00-04:00,9.539999961853027,9.800000190734863,9.529999732971191,9.649999618530273,6100,0.0,0.0
2023-08-11 00:00:00-04:00,9.420000076293945,9.75,9.420000076293945,9.75,4500,0.0,0.0
2023-08-14 00:00:00-04:00,9.630000114440918,9.630000114440918,9.4399995803833,9.550000190734863,3200,0.0,0.0
2023-08-15 00:00:00-04:00,9.479999542236328,9.479999542236328,9.260000228881836,9.4399995803833,5400,0.0,0.0
2023-08-16 00:00:00-04:00,9.420000076293945,9.489999771118164,9.40999984741211,9.430000305175781,3300,0.0,0.0
2023-08-17 00:00:00-04:00,9.550000190734863,9.550000190734863,9.399999618530273,9.4399995803833,9100,0.0,0.0
2023-08-18 00:00:00-04:00,9.260000228881836,9.5600004196167,9.0600004196167,9.279999732971191,18300,0.0,0.0
2023-08-21 00:00:00-04:00,9.119999885559082,9.180000305175781,9.020000457763672,9.130000114440918,9100,0.0,0.0
2023-08-22 00:00:00-04:00,9.010000228881836,9.239999771118164,8.949999809265137,8.949999809265137,9500,0.0,0.0
2023-08-23 00:00:00-04:00,9.071999549865723,9.170000076293945,9.071999549865723,9.170000076293945,3500,0.0,0.0
2023-08-24 00:00:00-04:00,9.010000228881836,9.260000228881836,9.010000228881836,9.170000076293945,5600,0.0,0.0
2023-08-25 00:00:00-04:00,9.170000076293945,9.170000076293945,9.170000076293945,9.170000076293945,2600,0.0,0.0
2023-08-28 00:00:00-04:00,9.081000328063965,9.081000328063965,9.0,9.0,6600,0.0,0.0
2023-08-29 00:00:00-04:00,9.029999732971191,9.170000076293945,9.029999732971191,9.170000076293945,3800,0.0,0.0
2023-08-30 00:00:00-04:00,9.020000457763672,9.029999732971191,9.010000228881836,9.010000228881836,6500,0.0,0.0
2023-08-31 00:00:00-04:00,9.020000457763672,9.119999885559082,9.0,9.010000228881836,11400,0.0,0.0
2023-09-01 00:00:00-04:00,9.0,9.170000076293945,9.0,9.050000190734863,7500,0.0,0.0
2023-09-05 00:00:00-04:00,8.920000076293945,8.979999542236328,8.90999984741211,8.979999542236328,5700,0.0,0.0
2023-09-06 00:00:00-04:00,8.90999984741211,9.0,8.496000289916992,8.8100004196167,13100,0.0,0.0
2023-09-07 00:00:00-04:00,8.890000343322754,8.890000343322754,8.710000038146973,8.710000038146973,40000,0.0,0.0
2023-09-08 00:00:00-04:00,8.8100004196167,8.90999984741211,8.75,8.850000381469727,14000,0.0,0.0
2023-09-11 00:00:00-04:00,8.9399995803833,8.970000267028809,8.760000228881836,8.850000381469727,14300,0.0,0.0
2023-09-12 00:00:00-04:00,8.859999656677246,8.90999984741211,8.859999656677246,8.90999984741211,3400,0.0,0.0
2023-09-13 00:00:00-04:00,8.760000228881836,8.8149995803833,8.550000190734863,8.6899995803833,13700,0.0,0.0
2023-09-14 00:00:00-04:00,8.800000190734863,8.899999618530273,8.760000228881836,8.899999618530273,13000,0.0,0.0
2023-09-15 00:00:00-04:00,8.890000343322754,9.34000015258789,8.890000343322754,9.34000015258789,76900,0.0,0.0
2023-09-18 00:00:00-04:00,9.1899995803833,9.489999771118164,9.055000305175781,9.109999656677246,9400,0.0,0.0
2023-09-19 00:00:00-04:00,9.210000038146973,9.300000190734863,9.100000381469727,9.100000381469727,15200,0.0,0.0
2023-09-20 00:00:00-04:00,9.100000381469727,9.100000381469727,9.069999694824219,9.069999694824219,6600,0.0,0.0
2023-09-21 00:00:00-04:00,9.119999885559082,9.239999771118164,8.760000228881836,8.869999885559082,13300,0.0,0.0
2023-09-22 00:00:00-04:00,9.010000228881836,9.199999809265137,8.800000190734863,8.960000038146973,5900,0.0,0.0
2023-09-25 00:00:00-04:00,9.12600040435791,9.260000228881836,8.880000114440918,9.020000457763672,7000,0.0,0.0
2023-09-26 00:00:00-04:00,8.928000450134277,8.970000267028809,8.84000015258789,8.84000015258789,6100,0.0,0.0
2023-09-27 00:00:00-04:00,8.930000305175781,9.3100004196167,8.569999694824219,9.199999809265137,8400,0.0,0.0
2023-09-28 00:00:00-04:00,9.270000457763672,9.270000457763672,9.069999694824219,9.069999694824219,3800,0.0,0.0
2023-09-29 00:00:00-04:00,8.90999984741211,9.163999557495117,8.40999984741211,8.539999961853027,26800,0.0,0.0
2023-10-02 00:00:00-04:00,8.300000190734863,8.59000015258789,8.300000190734863,8.430000305175781,11800,0.0,0.0
2023-10-03 00:00:00-04:00,8.449999809265137,8.602999687194824,8.449999809265137,8.5,4800,0.0,0.0
2023-10-04 00:00:00-04:00,8.529000282287598,8.710000038146973,8.5,8.5,6300,0.0,0.0
2023-10-05 00:00:00-04:00,8.630000114440918,8.899999618530273,8.399999618530273,8.460000038146973,27300,0.0,0.0
2023-10-06 00:00:00-04:00,8.539999961853027,8.630000114440918,8.5,8.600000381469727,13500,0.0,0.0
2023-10-09 00:00:00-04:00,8.470000267028809,8.859999656677246,8.4350004196167,8.609999656677246,24300,0.0,0.0
2023-10-10 00:00:00-04:00,8.574999809265137,8.619999885559082,8.380000114440918,8.489999771118164,12400,0.0,0.0
2023-10-11 00:00:00-04:00,8.600000381469727,8.675000190734863,8.449999809265137,8.529999732971191,11600,0.0,0.0
2023-10-12 00:00:00-04:00,8.449999809265137,8.550000190734863,8.449999809265137,8.550000190734863,10600,0.0,0.0
2023-10-13 00:00:00-04:00,8.630000114440918,8.630000114440918,8.4350004196167,8.550000190734863,6500,0.0,0.0
2023-10-16 00:00:00-04:00,8.449999809265137,8.59000015258789,8.369999885559082,8.380000114440918,32600,0.0,0.0
2023-10-17 00:00:00-04:00,8.489999771118164,8.699999809265137,8.420000076293945,8.479999542236328,12600,0.0,0.0
2023-10-18 00:00:00-04:00,8.489999771118164,8.829999923706055,8.399999618530273,8.399999618530273,57100,0.0,0.0
2023-10-19 00:00:00-04:00,8.550000190734863,8.550000190734863,8.3100004196167,8.40999984741211,9700,0.0,0.0
2023-10-20 00:00:00-04:00,8.449999809265137,8.649999618530273,8.449999809265137,8.510000228881836,14500,0.0,0.0
2023-10-23 00:00:00-04:00,8.293000221252441,8.5,8.293000221252441,8.40999984741211,4500,0.0,0.0
2023-10-24 00:00:00-04:00,8.375,8.375,8.260000228881836,8.300000190734863,5600,0.0,0.0
2023-10-25 00:00:00-04:00,8.199999809265137,8.270000457763672,8.109999656677246,8.15999984741211,20700,0.0,0.0
2023-10-26 00:00:00-04:00,8.15999984741211,8.270000457763672,8.119999885559082,8.210000038146973,16600,0.0,0.0
2023-10-27 00:00:00-04:00,8.329999923706055,8.329999923706055,8.199999809265137,8.229999542236328,5700,0.0,0.0
2023-10-30 00:00:00-04:00,8.350000381469727,8.350000381469727,7.809999942779541,7.949999809265137,25500,0.0,0.0
2023-10-31 00:00:00-04:00,7.860000133514404,8.199999809265137,7.860000133514404,8.199999809265137,7600,0.0,0.0
2023-11-01 00:00:00-04:00,8.1899995803833,8.1899995803833,8.029999732971191,8.140000343322754,12100,0.0,0.0
2023-11-02 00:00:00-04:00,8.13700008392334,8.25,8.069999694824219,8.180000305175781,10100,0.0,0.0
2023-11-03 00:00:00-04:00,8.380000114440918,8.380000114440918,8.178000450134277,8.300000190734863,10000,0.0,0.0
2023-11-06 00:00:00-05:00,8.300000190734863,8.59000015258789,8.220000267028809,8.399999618530273,14000,0.0,0.0
2023-11-07 00:00:00-05:00,8.239999771118164,8.781999588012695,8.239999771118164,8.569999694824219,7100,0.0,0.0
2023-11-08 00:00:00-05:00,8.489999771118164,8.494999885559082,8.020000457763672,8.100000381469727,19800,0.0,0.0
2023-11-09 00:00:00-05:00,8.100000381469727,8.140000343322754,7.940000057220459,8.010000228881836,46800,0.0,0.0
2023-11-10 00:00:00-05:00,8.039999961853027,8.050000190734863,7.920000076293945,7.96999979019165,14400,0.0,0.0
2023-11-13 00:00:00-05:00,7.880000114440918,8.0,7.840000152587891,7.909999847412109,22800,0.0,0.0
2023-11-14 00:00:00-05:00,7.949999809265137,8.199999809265137,7.929999828338623,8.09000015258789,41500,0.0,0.0
2023-11-15 00:00:00-05:00,8.376999855041504,8.449999809265137,7.980000019073486,8.100000381469727,25300,0.0,0.0
2023-11-16 00:00:00-05:00,8.100000381469727,8.295000076293945,8.100000381469727,8.130000114440918,10600,0.0,0.0
2023-11-17 00:00:00-05:00,8.220000267028809,8.329999923706055,8.1899995803833,8.25,13900,0.0,0.0
2023-11-20 00:00:00-05:00,8.329999923706055,8.449999809265137,8.329999923706055,8.390000343322754,4800,0.0,0.0
2023-11-21 00:00:00-05:00,8.34000015258789,8.722000122070312,8.34000015258789,8.470000267028809,4700,0.0,0.0
2023-11-22 00:00:00-05:00,8.5,8.701000213623047,8.449999809265137,8.520000457763672,15000,0.0,0.0
2023-11-24 00:00:00-05:00,8.739999771118164,8.739999771118164,8.380000114440918,8.5,4500,0.0,0.0
2023-11-27 00:00:00-05:00,8.291999816894531,8.489999771118164,8.291999816894531,8.369999885559082,5400,0.0,0.0
2023-11-28 00:00:00-05:00,8.3100004196167,8.479999542236328,8.300000190734863,8.359999656677246,9300,0.0,0.0
2023-11-29 00:00:00-05:00,8.300000190734863,8.604999542236328,8.300000190734863,8.539999961853027,12100,0.0,0.0
2023-11-30 00:00:00-05:00,8.482000350952148,8.489999771118164,8.15999984741211,8.274999618530273,30500,0.0,0.0
2023-12-01 00:00:00-05:00,8.300000190734863,8.369999885559082,7.96999979019165,8.199999809265137,39500,0.0,0.0
2023-12-04 00:00:00-05:00,8.180000305175781,9.239999771118164,8.180000305175781,9.029999732971191,66300,0.0,0.0
2023-12-05 00:00:00-05:00,9.079999923706055,9.369999885559082,9.020000457763672,9.0600004196167,13300,0.0,0.0
2023-12-06 00:00:00-05:00,9.0,9.020000457763672,8.8100004196167,8.8100004196167,15000,0.0,0.0
2023-12-07 00:00:00-05:00,8.930000305175781,8.930000305175781,8.71500015258789,8.789999961853027,9200,0.0,0.0
2023-12-08 00:00:00-05:00,8.6899995803833,9.029999732971191,8.6899995803833,8.899999618530273,7300,0.0,0.0
2023-12-11 00:00:00-05:00,8.960000038146973,8.960000038146973,8.399999618530273,8.449999809265137,28100,0.0,0.0
2023-12-12 00:00:00-05:00,8.3100004196167,8.645000457763672,8.300000190734863,8.350000381469727,20700,0.0,0.0
2023-12-13 00:00:00-05:00,8.329999923706055,9.220000267028809,8.329999923706055,9.0,22300,0.0,0.0
2023-12-14 00:00:00-05:00,9.210000038146973,9.5,8.789999961853027,9.25,55600,0.0,0.0
2023-12-15 00:00:00-05:00,9.329999923706055,9.880000114440918,9.300000190734863,9.720000267028809,68200,0.0,0.0
2023-12-18 00:00:00-05:00,9.789999961853027,9.850000381469727,9.260000228881836,9.369999885559082,20000,0.0,0.0
2023-12-19 00:00:00-05:00,9.625,9.800000190734863,9.482000350952148,9.75,19400,0.0,0.0
2023-12-20 00:00:00-05:00,9.807999610900879,10.170000076293945,9.807999610900879,10.029999732971191,20200,0.0,0.0
2023-12-21 00:00:00-05:00,10.199999809265137,10.489999771118164,10.199999809265137,10.239999771118164,10100,0.0,0.0
2023-12-22 00:00:00-05:00,10.270000457763672,10.729999542236328,9.930000305175781,10.729999542236328,19200,0.0,0.0
2023-12-26 00:00:00-05:00,10.850000381469727,11.0,10.84000015258789,10.90999984741211,10600,0.0,0.0
2023-12-27 00:00:00-05:00,10.687000274658203,10.930000305175781,10.687000274658203,10.739999771118164,12300,0.0,0.0
2023-12-28 00:00:00-05:00,10.8100004196167,10.8100004196167,10.569999694824219,10.710000038146973,13200,0.0,0.0
2023-12-29 00:00:00-05:00,10.640000343322754,10.640000343322754,10.010000228881836,10.010000228881836,10900,0.0,0.0
2024-01-02 00:00:00-05:00,9.795000076293945,10.010000228881836,9.670000076293945,9.899999618530273,14600,0.0,0.0
2024-01-03 00:00:00-05:00,9.9399995803833,9.9399995803833,9.550000190734863,9.680000305175781,18100,0.0,0.0
2024-01-04 00:00:00-05:00,9.779999732971191,9.84000015258789,9.779999732971191,9.779999732971191,7300,0.0,0.0
2024-01-05 00:00:00-05:00,9.6899995803833,9.869999885559082,9.460000038146973,9.720000267028809,36900,0.0,0.0
2024-01-08 00:00:00-05:00,9.710000038146973,9.916999816894531,9.579999923706055,9.579999923706055,8200,0.0,0.0
2024-01-09 00:00:00-05:00,9.460000038146973,10.069999694824219,9.460000038146973,9.600000381469727,18800,0.0,0.0
2024-01-10 00:00:00-05:00,9.619999885559082,9.779999732971191,9.5,9.680000305175781,8500,0.0,0.0
2024-01-11 00:00:00-05:00,9.640000343322754,9.770000457763672,9.640000343322754,9.71500015258789,11600,0.0,0.0
2024-01-12 00:00:00-05:00,9.859999656677246,9.859999656677246,9.6850004196167,9.8100004196167,5000,0.0,0.0
2024-01-16 00:00:00-05:00,9.619999885559082,9.899999618530273,9.579999923706055,9.75,12100,0.0,0.0
2024-01-17 00:00:00-05:00,9.75,9.899999618530273,9.635000228881836,9.760000228881836,11900,0.0,0.0
2024-01-18 00:00:00-05:00,9.850000381469727,9.875,9.760000228881836,9.760000228881836,5700,0.0,0.0
2024-01-19 00:00:00-05:00,9.800000190734863,10.050000190734863,9.75,10.050000190734863,6900,0.0,0.0
2024-01-22 00:00:00-05:00,10.569999694824219,10.569999694824219,10.010000228881836,10.5,10500,0.0,0.0
2024-01-23 00:00:00-05:00,10.449999809265137,10.449999809265137,10.100000381469727,10.100000381469727,4800,0.0,0.0
2024-01-24 00:00:00-05:00,10.0,10.0,9.470000267028809,9.510000228881836,20500,0.0,0.0
2024-01-25 00:00:00-05:00,9.510000228881836,9.510000228881836,9.489999771118164,9.510000228881836,10500,0.0,0.0
2024-01-26 00:00:00-05:00,9.510000228881836,9.90999984741211,9.510000228881836,9.880000114440918,14600,0.0,0.0
2024-01-29 00:00:00-05:00,9.800000190734863,10.369999885559082,9.800000190734863,10.369999885559082,9600,0.0,0.0
2024-01-30 00:00:00-05:00,10.449999809265137,10.5,9.800000190734863,9.800000190734863,9000,0.0,0.0
2024-01-31 00:00:00-05:00,10.170000076293945,10.289999961853027,9.75,9.75,14400,0.0,0.0
2024-02-01 00:00:00-05:00,9.800000190734863,9.960000038146973,9.755000114440918,9.84000015258789,10500,0.0,0.0
2024-02-02 00:00:00-05:00,9.649999618530273,9.880000114440918,9.640999794006348,9.8100004196167,8600,0.0,0.0
2024-02-05 00:00:00-05:00,9.520000457763672,10.460000038146973,9.520000457763672,9.609999656677246,14900,0.0,0.0
2024-02-06 00:00:00-05:00,9.5600004196167,9.649999618530273,9.510000228881836,9.59000015258789,4700,0.0,0.0
2024-02-07 00:00:00-05:00,9.475000381469727,9.5,9.260000228881836,9.449999809265137,15700,0.0,0.0
2024-02-08 00:00:00-05:00,9.3100004196167,9.649999618530273,9.260000228881836,9.5600004196167,9600,0.0,0.0
2024-02-09 00:00:00-05:00,9.381999969482422,10.0,9.381999969482422,9.899999618530273,9500,0.0,0.0
2024-02-12 00:00:00-05:00,9.944999694824219,9.979999542236328,9.369999885559082,9.460000038146973,66000,0.0,0.0
2024-02-13 00:00:00-05:00,9.260000228881836,9.359999656677246,8.805000305175781,8.930000305175781,37000,0.0,0.0
2024-02-14 00:00:00-05:00,8.8100004196167,9.460000038146973,8.8100004196167,9.460000038146973,11200,0.0,0.0
2024-02-15 00:00:00-05:00,9.529999732971191,9.619999885559082,9.430000305175781,9.619999885559082,12000,0.0,0.0
2024-02-16 00:00:00-05:00,9.5600004196167,9.770000457763672,9.369999885559082,9.40999984741211,10600,0.0,0.0
2024-02-20 00:00:00-05:00,9.270000457763672,9.630000114440918,9.260000228881836,9.260000228881836,14700,0.0,0.0
2024-02-21 00:00:00-05:00,9.260000228881836,9.260000228881836,9.020000457763672,9.210000038146973,12400,0.0,0.0
2024-02-22 00:00:00-05:00,9.0600004196167,9.229000091552734,9.020000457763672,9.149999618530273,12900,0.0,0.0
2024-02-23 00:00:00-05:00,9.220000267028809,9.260000228881836,9.210000038146973,9.260000228881836,3600,0.0,0.0
2024-02-26 00:00:00-05:00,9.072999954223633,9.210000038146973,9.072999954223633,9.210000038146973,4300,0.0,0.0
2024-02-27 00:00:00-05:00,9.220000267028809,9.279999732971191,9.210000038146973,9.279999732971191,3600,0.0,0.0
2024-02-28 00:00:00-05:00,9.130000114440918,9.300000190734863,9.130000114440918,9.25,8300,0.0,0.0
2024-02-29 00:00:00-05:00,9.359999656677246,9.359999656677246,9.25,9.319999694824219,16200,0.0,0.0
2024-03-01 00:00:00-05:00,9.1899995803833,9.319999694824219,9.1899995803833,9.25,12500,0.0,0.0
2024-03-04 00:00:00-05:00,9.289999961853027,9.289999961853027,9.074999809265137,9.15999984741211,9800,0.0,0.0
2024-03-05 00:00:00-05:00,9.170000076293945,9.329999923706055,9.119999885559082,9.300000190734863,6500,0.0,0.0
2024-03-06 00:00:00-05:00,9.180000305175781,9.369999885559082,9.180000305175781,9.369999885559082,5800,0.0,0.0
2024-03-07 00:00:00-05:00,9.369999885559082,9.470000267028809,9.369999885559082,9.40999984741211,4900,0.0,0.0
2024-03-08 00:00:00-05:00,9.479999542236328,9.479999542236328,9.359999656677246,9.4399995803833,8700,0.0,0.0
2024-03-11 00:00:00-04:00,9.5,9.5,9.40999984741211,9.40999984741211,4400,0.0,0.0
2024-03-12 00:00:00-04:00,9.375,9.420000076293945,9.270000457763672,9.329999923706055,6200,0.0,0.0
2024-03-13 00:00:00-04:00,9.300000190734863,9.380000114440918,9.300000190734863,9.380000114440918,6300,0.0,0.0
2024-03-14 00:00:00-04:00,9.289999961853027,9.300000190734863,9.154999732971191,9.210000038146973,26500,0.0,0.0
2024-03-15 00:00:00-04:00,9.0600004196167,9.279999732971191,9.0600004196167,9.260000228881836,51200,0.0,0.0
2024-03-18 00:00:00-04:00,9.083000183105469,9.300000190734863,9.083000183105469,9.260000228881836,5100,0.0,0.0
2024-03-19 00:00:00-04:00,9.220000267028809,9.34000015258789,9.220000267028809,9.300000190734863,6100,0.0,0.0
2024-03-20 00:00:00-04:00,9.229999542236328,9.350000381469727,9.161999702453613,9.350000381469727,11400,0.0,0.0
2024-03-21 00:00:00-04:00,9.260000228881836,9.359999656677246,9.260000228881836,9.359999656677246,10100,0.0,0.0
2024-03-22 00:00:00-04:00,9.289999961853027,9.37399959564209,9.28499984741211,9.300000190734863,5300,0.0,0.0
2024-03-25 00:00:00-04:00,9.260000228881836,9.90999984741211,9.109999656677246,9.760000228881836,77200,0.0,0.0
2024-03-26 00:00:00-04:00,9.770000457763672,9.770000457763672,9.59000015258789,9.770000457763672,7900,0.0,0.0
2024-03-27 00:00:00-04:00,9.75,9.930000305175781,9.680000305175781,9.899999618530273,12300,0.0,0.0
2024-03-28 00:00:00-04:00,9.729999542236328,9.8100004196167,9.729999542236328,9.8100004196167,8300,0.0,0.0
2024-04-01 00:00:00-04:00,9.670000076293945,9.944000244140625,9.40999984741211,9.460000038146973,12500,0.0,0.0
2024-04-02 00:00:00-04:00,9.350000381469727,9.630000114440918,9.270000457763672,9.430000305175781,16000,0.0,0.0
2024-04-03 00:00:00-04:00,9.399999618530273,9.399999618530273,9.180000305175781,9.329999923706055,20000,0.0,0.0
2024-04-04 00:00:00-04:00,9.380000114440918,9.380000114440918,9.229999542236328,9.300000190734863,9300,0.0,0.0
2024-04-05 00:00:00-04:00,9.279999732971191,9.380000114440918,9.279999732971191,9.3100004196167,15900,0.0,0.0
2024-04-08 00:00:00-04:00,9.300000190734863,9.350000381469727,9.119999885559082,9.350000381469727,6700,0.0,0.0
2024-04-09 00:00:00-04:00,9.220000267028809,9.3100004196167,9.220000267028809,9.300000190734863,4100,0.0,0.0
2024-04-10 00:00:00-04:00,9.300000190734863,9.369999885559082,9.0600004196167,9.119999885559082,25700,0.0,0.0
2024-04-11 00:00:00-04:00,9.199999809265137,9.199999809265137,9.079999923706055,9.095000267028809,30200,0.0,0.0
2024-04-12 00:00:00-04:00,9.140000343322754,9.140000343322754,9.010000228881836,9.010000228881836,9600,0.0,0.0
2024-04-15 00:00:00-04:00,9.069999694824219,9.069999694824219,8.90999984741211,8.90999984741211,36600,0.0,0.0
2024-04-16 00:00:00-04:00,8.970000267028809,9.069999694824219,8.859999656677246,8.859999656677246,7600,0.0,0.0
2024-04-17 00:00:00-04:00,9.0600004196167,9.0600004196167,8.84000015258789,8.949999809265137,7800,0.0,0.0
2024-04-18 00:00:00-04:00,8.970000267028809,9.079999923706055,8.871999740600586,9.024999618530273,13000,0.0,0.0
2024-04-19 00:00:00-04:00,8.979999542236328,9.100000381469727,8.979999542236328,9.100000381469727,10900,0.0,0.0
2024-04-22 00:00:00-04:00,9.079999923706055,9.100000381469727,8.960000038146973,9.09000015258789,10000,0.0,0.0
2024-04-23 00:00:00-04:00,9.079999923706055,9.09000015258789,8.899999618530273,8.949999809265137,11100,0.0,0.0
2024-04-24 00:00:00-04:00,8.829999923706055,9.0,8.8100004196167,8.949999809265137,10700,0.0,0.0
2024-04-25 00:00:00-04:00,8.890000343322754,8.989999771118164,8.880000114440918,8.960000038146973,14400,0.0,0.0
2024-04-26 00:00:00-04:00,8.979999542236328,9.0,8.869999885559082,9.0,22100,0.0,0.0
2024-04-29 00:00:00-04:00,9.0,9.0,8.819999694824219,8.890000343322754,15400,0.0,0.0
2024-04-30 00:00:00-04:00,8.850000381469727,8.899999618530273,8.760000228881836,8.854999542236328,20600,0.0,0.0
2024-05-01 00:00:00-04:00,8.944999694824219,8.944999694824219,8.800000190734863,8.890000343322754,13200,0.0,0.0
2024-05-02 00:00:00-04:00,8.899999618530273,8.989999771118164,8.890000343322754,8.989999771118164,13900,0.0,0.0
2024-05-03 00:00:00-04:00,9.0,9.270000457763672,8.930000305175781,9.149999618530273,19100,0.0,0.0
2024-05-06 00:00:00-04:00,9.569999694824219,9.569999694824219,8.760000228881836,8.800000190734863,84600,0.0,0.0
2024-05-07 00:00:00-04:00,8.9399995803833,9.130000114440918,8.916000366210938,9.0600004196167,14300,0.0,0.0
2024-05-08 00:00:00-04:00,9.109999656677246,9.21500015258789,9.079999923706055,9.199999809265137,14800,0.0,0.0
2024-05-09 00:00:00-04:00,9.079999923706055,9.350000381469727,9.079999923706055,9.329999923706055,13800,0.0,0.0
2024-05-10 00:00:00-04:00,9.5,9.5,9.300000190734863,9.3100004196167,4900,0.0,0.0
2024-05-13 00:00:00-04:00,9.289999961853027,9.289999961853027,9.119999885559082,9.199999809265137,3100,0.0,0.0
2024-05-14 00:00:00-04:00,9.210000038146973,9.255000114440918,8.970000267028809,9.130000114440918,16100,0.0,0.0
2024-05-15 00:00:00-04:00,9.170000076293945,9.211000442504883,9.100000381469727,9.100000381469727,6600,0.0,0.0
2024-05-16 00:00:00-04:00,9.15999984741211,9.25,9.020000457763672,9.1899995803833,13000,0.0,0.0
2024-05-17 00:00:00-04:00,9.279999732971191,9.279999732971191,9.25,9.25,5900,0.0,0.0
2024-05-20 00:00:00-04:00,9.092000007629395,9.3100004196167,9.092000007629395,9.3100004196167,6100,0.0,0.0
2024-05-21 00:00:00-04:00,9.32699966430664,9.470000267028809,9.319999694824219,9.390000343322754,9000,0.0,0.0
2024-05-22 00:00:00-04:00,9.390000343322754,9.970000267028809,9.390000343322754,9.850000381469727,52300,0.0,0.0
2024-05-23 00:00:00-04:00,9.970000267028809,9.970000267028809,9.8100004196167,9.949999809265137,18700,0.0,0.0
2024-05-24 00:00:00-04:00,9.949999809265137,10.100000381469727,9.90999984741211,10.100000381469727,17100,0.0,0.0
2024-05-28 00:00:00-04:00,10.0,10.149999618530273,9.979999542236328,10.09000015258789,17400,0.0,0.0
2024-05-29 00:00:00-04:00,9.869999885559082,10.0,9.859999656677246,9.899999618530273,15500,0.0,0.0
2024-05-30 00:00:00-04:00,10.050000190734863,10.069999694824219,9.90999984741211,10.069999694824219,5300,0.0,0.0
2024-05-31 00:00:00-04:00,9.9399995803833,10.0600004196167,9.9399995803833,10.0,9700,0.0,0.0
2024-06-03 00:00:00-04:00,10.100000381469727,10.100000381469727,9.829999923706055,9.989999771118164,11100,0.0,0.0
2024-06-04 00:00:00-04:00,9.880000114440918,9.989999771118164,9.8100004196167,9.989999771118164,16700,0.0,0.0
2024-06-05 00:00:00-04:00,9.979999542236328,10.010000228881836,9.979999542236328,10.010000228881836,13300,0.0,0.0
2024-06-06 00:00:00-04:00,9.979999542236328,9.979999542236328,9.979999542236328,9.979999542236328,3500,0.0,0.0
2024-06-07 00:00:00-04:00,9.970000267028809,10.100000381469727,9.880000114440918,9.880000114440918,18300,0.0,0.0
2024-06-10 00:00:00-04:00,9.8100004196167,10.75,9.265000343322754,10.739999771118164,117900,0.0,0.0
2024-06-11 00:00:00-04:00,10.59000015258789,10.600000381469727,10.119999885559082,10.300000190734863,29100,0.0,0.0
2024-06-12 00:00:00-04:00,10.5,10.9399995803833,10.289999961853027,10.640000343322754,68200,0.0,0.0
2024-06-13 00:00:00-04:00,10.65999984741211,10.65999984741211,10.279999732971191,10.279999732971191,9300,0.0,0.0
2024-06-14 00:00:00-04:00,10.1899995803833,10.25100040435791,9.989999771118164,10.010000228881836,14800,0.0,0.0
2024-06-17 00:00:00-04:00,10.020000457763672,10.020000457763672,9.75,9.850000381469727,86700,0.0,0.0
2024-06-18 00:00:00-04:00,9.779999732971191,9.880000114440918,9.779999732971191,9.819999694824219,10100,0.0,0.0
2024-06-20 00:00:00-04:00,9.819999694824219,9.930000305175781,9.5600004196167,9.930000305175781,19300,0.0,0.0
2024-06-21 00:00:00-04:00,9.930000305175781,9.930000305175781,9.760000228881836,9.859999656677246,106800,0.0,0.0
2024-06-24 00:00:00-04:00,10.050000190734863,10.109999656677246,9.989999771118164,10.079999923706055,62400,0.0,0.0
2024-06-25 00:00:00-04:00,10.079999923706055,10.170000076293945,10.0600004196167,10.0600004196167,6600,0.0,0.0
2024-06-26 00:00:00-04:00,10.0,10.079999923706055,9.989999771118164,10.010000228881836,23800,0.0,0.0
2024-06-27 00:00:00-04:00,10.079999923706055,10.229999542236328,10.069999694824219,10.229999542236328,15300,0.0,0.0
2024-06-28 00:00:00-04:00,10.3100004196167,10.3100004196167,9.90999984741211,10.010000228881836,194500,0.0,0.0
2024-07-01 00:00:00-04:00,10.0,10.390000343322754,9.960000038146973,10.390000343322754,56200,0.0,0.0
2024-07-02 00:00:00-04:00,10.170000076293945,10.630000114440918,10.170000076293945,10.5,28800,0.0,0.0
2024-07-03 00:00:00-04:00,10.40999984741211,10.75,10.40999984741211,10.59000015258789,28000,0.0,0.0
2024-07-05 00:00:00-04:00,10.600000381469727,10.609999656677246,10.260000228881836,10.350000381469727,32200,0.0,0.0
2024-07-08 00:00:00-04:00,10.430000305175781,10.430000305175781,10.279999732971191,10.279999732971191,19300,0.0,0.0
2024-07-09 00:00:00-04:00,10.140000343322754,10.350000381469727,10.140000343322754,10.25,17500,0.0,0.0
2024-07-10 00:00:00-04:00,10.350000381469727,10.5,10.210000038146973,10.5,19900,0.0,0.0
2024-07-11 00:00:00-04:00,10.680000305175781,10.850000381469727,10.260000228881836,10.800000190734863,26500,0.0,0.0
2024-07-12 00:00:00-04:00,10.920000076293945,10.920000076293945,10.510000228881836,10.75,27000,0.0,0.0
2024-07-15 00:00:00-04:00,10.739999771118164,11.119000434875488,10.739999771118164,10.850000381469727,59100,0.0,0.0
2024-07-16 00:00:00-04:00,10.989999771118164,11.09000015258789,10.8100004196167,10.989999771118164,29800,0.0,0.0
2024-07-17 00:00:00-04:00,10.989999771118164,11.149999618530273,10.550000190734863,10.899999618530273,64700,0.0,0.0
2024-07-18 00:00:00-04:00,11.085000038146973,11.119999885559082,10.819999694824219,11.119999885559082,17500,0.0,0.0
2024-07-19 00:00:00-04:00,11.109999656677246,11.119999885559082,10.949999809265137,10.979999542236328,21900,0.0,0.0
2024-07-22 00:00:00-04:00,11.029999732971191,11.199999809265137,10.859999656677246,11.0,33200,0.0,0.0
2024-07-23 00:00:00-04:00,11.050000190734863,11.3100004196167,11.050000190734863,11.149999618530273,29000,0.0,0.0
2024-07-24 00:00:00-04:00,11.246000289916992,11.380000114440918,11.109999656677246,11.300000190734863,14900,0.0,0.0
2024-07-25 00:00:00-04:00,11.329999923706055,11.399999618530273,11.109999656677246,11.329999923706055,30100,0.0,0.0
2024-07-26 00:00:00-04:00,11.390000343322754,11.399999618530273,11.220000267028809,11.25,29200,0.0,0.0
2024-07-29 00:00:00-04:00,11.289999961853027,11.399999618530273,10.920000076293945,11.050000190734863,55600,0.0,0.0
2024-07-30 00:00:00-04:00,11.069999694824219,11.34000015258789,11.020000457763672,11.149999618530273,25000,0.0,0.0
2024-07-31 00:00:00-04:00,11.140000343322754,11.399999618530273,11.010000228881836,11.149999618530273,53000,0.0,0.0
2024-08-01 00:00:00-04:00,11.140999794006348,11.180000305175781,10.869999885559082,11.0,26300,0.0,0.0
2024-08-02 00:00:00-04:00,10.850000381469727,11.109999656677246,10.819999694824219,10.930000305175781,20800,0.0,0.0
2024-08-05 00:00:00-04:00,10.6899995803833,10.930000305175781,10.510000228881836,10.520000457763672,39800,0.0,0.0
2024-08-06 00:00:00-04:00,10.460000038146973,10.59000015258789,10.3100004196167,10.460000038146973,22000,0.0,0.0
2024-08-07 00:00:00-04:00,10.380000114440918,10.5600004196167,10.170000076293945,10.25,37600,0.0,0.0
2024-08-08 00:00:00-04:00,10.069999694824219,10.635000228881836,10.069999694824219,10.40999984741211,64300,0.0,0.0
2024-08-09 00:00:00-04:00,10.260000228881836,10.470000267028809,10.260000228881836,10.399999618530273,38300,0.0,0.0
2024-08-12 00:00:00-04:00,10.300000190734863,10.59000015258789,10.210000038146973,10.359999656677246,78300,0.0,0.0
2024-08-13 00:00:00-04:00,10.260000228881836,10.5,10.260000228881836,10.350000381469727,61200,0.0,0.0
2024-08-14 00:00:00-04:00,10.5600004196167,10.65999984741211,10.210000038146973,10.449999809265137,34000,0.0,0.0
2024-08-15 00:00:00-04:00,10.600000381469727,10.800000190734863,10.489999771118164,10.5,55100,0.0,0.0
2024-08-16 00:00:00-04:00,10.520000457763672,10.6850004196167,10.329999923706055,10.350000381469727,101000,0.0,0.0
2024-08-19 00:00:00-04:00,10.4399995803833,10.699999809265137,10.34000015258789,10.699999809265137,27700,0.0,0.0
2024-08-20 00:00:00-04:00,10.670000076293945,11.0,10.640000343322754,10.979999542236328,20500,0.0,0.0
2024-08-21 00:00:00-04:00,10.859999656677246,11.0,10.779999732971191,10.880000114440918,7400,0.0,0.0
2024-08-22 00:00:00-04:00,10.925000190734863,10.944999694824219,10.850000381469727,10.850000381469727,5100,0.0,0.0
2024-08-23 00:00:00-04:00,10.979999542236328,11.199999809265137,10.979999542236328,11.170000076293945,22500,0.0,0.0
2024-08-26 00:00:00-04:00,11.199999809265137,11.199999809265137,11.029999732971191,11.079999923706055,15300,0.0,0.0
2024-08-27 00:00:00-04:00,11.079999923706055,11.079999923706055,10.699999809265137,10.890000343322754,8400,0.0,0.0
2024-08-28 00:00:00-04:00,10.84000015258789,11.085000038146973,10.84000015258789,11.0,12000,0.0,0.0
2024-08-29 00:00:00-04:00,11.039999961853027,11.199999809265137,10.949999809265137,11.0,43300,0.0,0.0
2024-08-30 00:00:00-04:00,11.085000038146973,11.199999809265137,10.970000267028809,11.0,45300,0.0,0.0
2024-09-03 00:00:00-04:00,10.960000038146973,11.039999961853027,10.729999542236328,10.9399995803833,22000,0.0,0.0
2024-09-04 00:00:00-04:00,10.831000328063965,11.09000015258789,10.831000328063965,10.859999656677246,11500,0.0,0.0
2024-09-05 00:00:00-04:00,10.920000076293945,11.0,10.760000228881836,10.930000305175781,15300,0.0,0.0
2024-09-06 00:00:00-04:00,10.920000076293945,11.1899995803833,10.899999618530273,11.029999732971191,27600,0.0,0.0
2024-09-09 00:00:00-04:00,11.0600004196167,11.142999649047852,10.949999809265137,10.989999771118164,17700,0.0,0.0
2024-09-10 00:00:00-04:00,11.010000228881836,11.130000114440918,10.883000373840332,10.960000038146973,19800,0.0,0.0
2024-09-11 00:00:00-04:00,10.890000343322754,11.050000190734863,10.859999656677246,10.970000267028809,12700,0.0,0.0
2024-09-12 00:00:00-04:00,10.949999809265137,11.1899995803833,10.880000114440918,11.069999694824219,10700,0.0,0.0
2024-09-13 00:00:00-04:00,11.140000343322754,11.199999809265137,10.920000076293945,11.170000076293945,15600,0.0,0.0
2024-09-16 00:00:00-04:00,11.109999656677246,11.350000381469727,11.079999923706055,11.329999923706055,15500,0.0,0.0
2024-09-17 00:00:00-04:00,11.350000381469727,11.399999618530273,11.319999694824219,11.319999694824219,14700,0.0,0.0
2024-09-18 00:00:00-04:00,11.270000457763672,11.399999618530273,11.125,11.210000038146973,20500,0.0,0.0
2024-09-19 00:00:00-04:00,11.359999656677246,11.399999618530273,11.125,11.149999618530273,40000,0.0,0.0
2024-09-20 00:00:00-04:00,10.920000076293945,11.029999732971191,10.819999694824219,10.819999694824219,133900,0.0,0.0
2024-09-23 00:00:00-04:00,10.859999656677246,11.276000022888184,10.859999656677246,11.069999694824219,45800,0.0,0.0
2024-09-24 00:00:00-04:00,11.149999618530273,11.345000267028809,10.960000038146973,11.0,45200,0.0,0.0
2024-09-25 00:00:00-04:00,11.010000228881836,11.140000343322754,10.95300006866455,11.069999694824219,13900,0.0,0.0
2024-09-26 00:00:00-04:00,11.119999885559082,11.25,10.859999656677246,11.0,35000,0.0,0.0
2024-09-27 00:00:00-04:00,10.925000190734863,11.119999885559082,10.890000343322754,11.0,44700,0.0,0.0
2024-09-30 00:00:00-04:00,11.039999961853027,11.0600004196167,10.899999618530273,10.970000267028809,32600,0.0,0.0
2024-10-01 00:00:00-04:00,11.050000190734863,11.069999694824219,10.960000038146973,10.960000038146973,14800,0.0,0.0
2024-10-02 00:00:00-04:00,10.984999656677246,11.010000228881836,10.90999984741211,10.920000076293945,13900,0.0,0.0
2024-10-03 00:00:00-04:00,10.920000076293945,10.970000267028809,10.850000381469727,10.880000114440918,17100,0.0,0.0
2024-10-04 00:00:00-04:00,10.989999771118164,10.989999771118164,10.850000381469727,10.90999984741211,11500,0.0,0.0
2024-10-07 00:00:00-04:00,10.9399995803833,10.9399995803833,10.847999572753906,10.859999656677246,6400,0.0,0.0
2024-10-08 00:00:00-04:00,10.859999656677246,10.890000343322754,10.819999694824219,10.829999923706055,30300,0.0,0.0
2024-10-09 00:00:00-04:00,10.8100004196167,10.90999984741211,10.8100004196167,10.8100004196167,23000,0.0,0.0
2024-10-10 00:00:00-04:00,10.770000457763672,10.899999618530273,10.699999809265137,10.729999542236328,28700,0.0,0.0
2024-10-11 00:00:00-04:00,10.710000038146973,10.989999771118164,10.710000038146973,10.989999771118164,19300,0.0,0.0
2024-10-14 00:00:00-04:00,11.010000228881836,11.079999923706055,10.899999618530273,10.9399995803833,15500,0.0,0.0
2024-10-15 00:00:00-04:00,10.989999771118164,11.239999771118164,10.989999771118164,11.130000114440918,47000,0.0,0.0
2024-10-16 00:00:00-04:00,11.0600004196167,11.239999771118164,10.9399995803833,11.0,70800,0.0,0.0
2024-10-17 00:00:00-04:00,11.015000343322754,11.180999755859375,10.9350004196167,11.119999885559082,25100,0.0,0.0
2024-10-18 00:00:00-04:00,11.15999984741211,11.25,11.100000381469727,11.220000267028809,20800,0.0,0.0
2024-10-21 00:00:00-04:00,11.210000038146973,11.25,11.04800033569336,11.09000015258789,20700,0.0,0.0
2024-10-22 00:00:00-04:00,11.220000267028809,11.399999618530273,11.119999885559082,11.3100004196167,20900,0.0,0.0
2024-10-23 00:00:00-04:00,11.229999542236328,11.229999542236328,11.09000015258789,11.130000114440918,12600,0.0,0.0
2024-10-24 00:00:00-04:00,11.20300006866455,11.25,11.067999839782715,11.119999885559082,13500,0.0,0.0
2024-10-25 00:00:00-04:00,11.369999885559082,11.369999885559082,11.09000015258789,11.09000015258789,13100,0.0,0.0
2024-10-28 00:00:00-04:00,11.09000015258789,11.34000015258789,11.09000015258789,11.289999961853027,13700,0.0,0.0
2024-10-29 00:00:00-04:00,11.220000267028809,11.399999618530273,11.220000267028809,11.329999923706055,18300,0.0,0.0
2024-10-30 00:00:00-04:00,11.369999885559082,11.369999885559082,11.253000259399414,11.260000228881836,23000,0.0,0.0
2024-10-31 00:00:00-04:00,11.359999656677246,11.399999618530273,11.199999809265137,11.199999809265137,15300,0.0,0.0
2024-11-01 00:00:00-04:00,11.147000312805176,11.180000305175781,11.128000259399414,11.15999984741211,11700,0.0,0.0
2024-11-04 00:00:00-05:00,11.130000114440918,11.34000015258789,11.119999885559082,11.329999923706055,13200,0.0,0.0
2024-11-05 00:00:00-05:00,11.220000267028809,11.395999908447266,11.039999961853027,11.130000114440918,36500,0.0,0.0
2024-11-06 00:00:00-05:00,11.300000190734863,11.625,11.0600004196167,11.149999618530273,93200,0.0,0.0
2024-11-07 00:00:00-05:00,11.329999923706055,11.449999809265137,11.180000305175781,11.300000190734863,24200,0.0,0.0
2024-11-08 00:00:00-05:00,11.350000381469727,11.829999923706055,11.210000038146973,11.5,35900,0.0,0.0
2024-11-11 00:00:00-05:00,11.569999694824219,11.859999656677246,11.399999618530273,11.5,40300,0.0,0.0
2024-11-12 00:00:00-05:00,11.5600004196167,11.829999923706055,11.420000076293945,11.5,47600,0.0,0.0
2024-11-13 00:00:00-05:00,11.65999984741211,11.847999572753906,11.36400032043457,11.5,72800,0.0,0.0
2024-11-14 00:00:00-05:00,11.510000228881836,11.600000381469727,11.40999984741211,11.470000267028809,22400,0.0,0.0
2024-11-15 00:00:00-05:00,11.460000038146973,11.539999961853027,11.40999984741211,11.529999732971191,28800,0.0,0.0
2024-11-18 00:00:00-05:00,11.569999694824219,11.680000305175781,11.510000228881836,11.529999732971191,41800,0.0,0.0
2024-11-19 00:00:00-05:00,11.59000015258789,11.85200023651123,11.569999694824219,11.649999618530273,42400,0.0,0.0
2024-11-20 00:00:00-05:00,11.680000305175781,11.800000190734863,11.520000457763672,11.680000305175781,27800,0.0,0.0
2024-11-21 00:00:00-05:00,11.729999542236328,11.850000381469727,11.614999771118164,11.800000190734863,16600,0.0,0.0
2024-11-22 00:00:00-05:00,11.789999961853027,11.970000267028809,11.760000228881836,11.800000190734863,43400,0.0,0.0
2024-11-25 00:00:00-05:00,11.800000190734863,12.0,11.770000457763672,11.850000381469727,67800,0.0,0.0
2024-11-26 00:00:00-05:00,11.819999694824219,11.970000267028809,11.770000457763672,11.779999732971191,24100,0.0,0.0
2024-11-27 00:00:00-05:00,11.890000343322754,11.90999984741211,11.609999656677246,11.699999809265137,47900,0.0,0.0
2024-11-29 00:00:00-05:00,11.680000305175781,11.979999542236328,11.640000343322754,11.779999732971191,29000,0.0,0.0
2024-12-02 00:00:00-05:00,11.739999771118164,11.869999885559082,11.694999694824219,11.779999732971191,23400,0.0,0.0
2024-12-03 00:00:00-05:00,11.829999923706055,11.871999740600586,11.739999771118164,11.800000190734863,29800,0.0,0.0
2024-12-04 00:00:00-05:00,11.930000305175781,11.930000305175781,11.680000305175781,11.770000457763672,8700,0.0,0.0
2024-12-05 00:00:00-05:00,11.670000076293945,11.890000343322754,11.670000076293945,11.84000015258789,35600,0.0,0.0
2024-12-06 00:00:00-05:00,11.899999618530273,11.899999618530273,11.670000076293945,11.800000190734863,39000,0.0,0.0
2024-12-09 00:00:00-05:00,11.647000312805176,11.979999542236328,11.647000312805176,11.869999885559082,17000,0.0,0.0
2024-12-10 00:00:00-05:00,11.8100004196167,11.979999542236328,11.8100004196167,11.899999618530273,21000,0.0,0.0
2024-12-11 00:00:00-05:00,11.970000267028809,11.970000267028809,11.829999923706055,11.869999885559082,9700,0.0,0.0
2024-12-12 00:00:00-05:00,11.800000190734863,11.800000190734863,11.720000267028809,11.729999542236328,17000,0.0,0.0
2024-12-13 00:00:00-05:00,11.65999984741211,11.880000114440918,11.545000076293945,11.869999885559082,11100,0.0,0.0
2024-12-16 00:00:00-05:00,11.880000114440918,11.935999870300293,11.65999984741211,11.680000305175781,11200,0.0,0.0
2024-12-17 00:00:00-05:00,11.680000305175781,11.779999732971191,11.680000305175781,11.770000457763672,17000,0.0,0.0
2024-12-18 00:00:00-05:00,11.770000457763672,11.770000457763672,11.369999885559082,11.369999885559082,97400,0.0,0.0
2024-12-19 00:00:00-05:00,11.380000114440918,11.444999694824219,11.3100004196167,11.3100004196167,21400,0.0,0.0
2024-12-20 00:00:00-05:00,11.260000228881836,11.430000305175781,11.260000228881836,11.3100004196167,39300,0.0,0.0
2024-12-23 00:00:00-05:00,11.180000305175781,11.380000114440918,11.180000305175781,11.319999694824219,16700,0.0,0.0
2024-12-24 00:00:00-05:00,11.479999542236328,11.484999656677246,11.3100004196167,11.430000305175781,8000,0.0,0.0
2024-12-26 00:00:00-05:00,11.399999618530273,11.680000305175781,11.399999618530273,11.460000038146973,16600,0.0,0.0
2024-12-27 00:00:00-05:00,11.600000381469727,11.704999923706055,11.359999656677246,11.399999618530273,18400,0.0,0.0
2024-12-30 00:00:00-05:00,11.399999618530273,11.539999961853027,11.354999542236328,11.460000038146973,11100,0.0,0.0
2024-12-31 00:00:00-05:00,11.40999984741211,11.682000160217285,11.40999984741211,11.520000457763672,13600,0.0,0.0
2025-01-02 00:00:00-05:00,11.529999732971191,11.550000190734863,11.267999649047852,11.3100004196167,16500,0.0,0.0
2025-01-03 00:00:00-05:00,11.3100004196167,11.40999984741211,11.3100004196167,11.40999984741211,6200,0.0,0.0
2025-01-06 00:00:00-05:00,11.359999656677246,11.359999656677246,11.199999809265137,11.199999809265137,23500,0.0,0.0
2025-01-07 00:00:00-05:00,11.170000076293945,11.220000267028809,11.029999732971191,11.069999694824219,22000,0.0,0.0
2025-01-08 00:00:00-05:00,11.020000457763672,11.085000038146973,11.0,11.020000457763672,12500,0.0,0.0
2025-01-10 00:00:00-05:00,10.920000076293945,11.0,10.819999694824219,10.84000015258789,32800,0.0,0.0
2025-01-13 00:00:00-05:00,10.760000228881836,10.90999984741211,10.760000228881836,10.850000381469727,8100,0.0,0.0
2025-01-14 00:00:00-05:00,10.9350004196167,11.109999656677246,10.899999618530273,11.109999656677246,11000,0.0,0.0
2025-01-15 00:00:00-05:00,11.119999885559082,11.229999542236328,11.119999885559082,11.229999542236328,7800,0.0,0.0
2025-01-16 00:00:00-05:00,11.199999809265137,11.260000228881836,11.114999771118164,11.210000038146973,28500,0.0,0.0
2025-01-17 00:00:00-05:00,11.1899995803833,11.210000038146973,11.074999809265137,11.130000114440918,29000,0.0,0.0
2025-01-21 00:00:00-05:00,11.1899995803833,11.36299991607666,11.149999618530273,11.279999732971191,16300,0.0,0.0
2025-01-22 00:00:00-05:00,11.300000190734863,11.699999809265137,11.300000190734863,11.520000457763672,25000,0.0,0.0
2025-01-23 00:00:00-05:00,11.569999694824219,11.680000305175781,11.456000328063965,11.579999923706055,27100,0.0,0.0
2025-01-24 00:00:00-05:00,11.640000343322754,11.848999977111816,11.515000343322754,11.800000190734863,22500,0.0,0.0
2025-01-27 00:00:00-05:00,11.819999694824219,11.949999809265137,11.670000076293945,11.699999809265137,57700,0.0,0.0
2025-01-28 00:00:00-05:00,11.720000267028809,11.819999694824219,11.5600004196167,11.600000381469727,14300,0.0,0.0
2025-01-29 00:00:00-05:00,11.600000381469727,11.670000076293945,11.5600004196167,11.65999984741211,6500,0.0,0.0
2025-01-30 00:00:00-05:00,11.78499984741211,11.8149995803833,11.729999542236328,11.789999961853027,6600,0.0,0.0
2025-01-31 00:00:00-05:00,11.75,11.779000282287598,11.520000457763672,11.579999923706055,17400,0.0,0.0
2025-02-03 00:00:00-05:00,11.520000457763672,11.520000457763672,11.329999923706055,11.329999923706055,6600,0.0,0.0
2025-02-04 00:00:00-05:00,11.300000190734863,11.359999656677246,11.239999771118164,11.359999656677246,10400,0.0,0.0
2025-02-05 00:00:00-05:00,11.479999542236328,11.479999542236328,11.300000190734863,11.420000076293945,13900,0.0,0.0
2025-02-06 00:00:00-05:00,11.390000343322754,11.470000267028809,11.390000343322754,11.4399995803833,9700,0.0,0.0
2025-02-07 00:00:00-05:00,11.399999618530273,11.75,11.359999656677246,11.524999618530273,79600,0.0,0.0
2025-02-10 00:00:00-05:00,11.600000381469727,11.720000267028809,11.420000076293945,11.579999923706055,14100,0.0,0.0
2025-02-11 00:00:00-05:00,11.680000305175781,11.779999732971191,11.510000228881836,11.579999923706055,29200,0.0,0.0
2025-02-12 00:00:00-05:00,11.449999809265137,11.739999771118164,11.369999885559082,11.539999961853027,21000,0.0,0.0
2025-02-13 00:00:00-05:00,11.569999694824219,12.0,11.5,11.989999771118164,22200,0.0,0.0
2025-02-14 00:00:00-05:00,12.0,12.029999732971191,11.869999885559082,11.869999885559082,27600,0.0,0.0
2025-02-18 00:00:00-05:00,11.850000381469727,12.050000190734863,11.579999923706055,11.989999771118164,12100,0.0,0.0
2025-02-19 00:00:00-05:00,11.880000114440918,11.930000305175781,11.829999923706055,11.920000076293945,6500,0.0,0.0
2025-02-20 00:00:00-05:00,11.859999656677246,11.880000114440918,11.645000457763672,11.75,20500,0.0,0.0
2025-02-21 00:00:00-05:00,11.829999923706055,11.829999923706055,11.670000076293945,11.75,20300,0.0,0.0
2025-02-24 00:00:00-05:00,11.75,12.010000228881836,11.729999542236328,11.729999542236328,16300,0.0,0.0
2025-02-25 00:00:00-05:00,11.850000381469727,12.015000343322754,11.84000015258789,11.960000038146973,20500,0.0,0.0
2025-02-26 00:00:00-05:00,11.960000038146973,12.039999961853027,11.74899959564209,12.039999961853027,8400,0.0,0.0
2025-02-27 00:00:00-05:00,11.920000076293945,12.050000190734863,11.869999885559082,11.899999618530273,42100,0.0,0.0
2025-02-28 00:00:00-05:00,11.859999656677246,12.100000381469727,11.835000038146973,11.899999618530273,17300,0.0,0.0
2025-03-03 00:00:00-05:00,11.890000343322754,12.0600004196167,11.864999771118164,11.899999618530273,143400,0.0,0.0
2025-03-04 00:00:00-05:00,11.850000381469727,12.149999618530273,11.789999961853027,11.859999656677246,10800,0.0,0.0
2025-03-05 00:00:00-05:00,11.890000343322754,11.930000305175781,11.739999771118164,11.739999771118164,12300,0.0,0.0
2025-03-06 00:00:00-05:00,11.75,12.020000457763672,11.609999656677246,11.800000190734863,30400,0.0,0.0
2025-03-07 00:00:00-05:00,11.75,12.020000457763672,11.75,12.010000228881836,25800,0.0,0.0
2025-03-10 00:00:00-04:00,11.864999771118164,12.199999809265137,11.845000267028809,11.930000305175781,19700,0.0,0.0
2025-03-11 00:00:00-04:00,12.020000457763672,12.039999961853027,11.829999923706055,11.829999923706055,25800,0.0,0.0
2025-03-12 00:00:00-04:00,11.819999694824219,11.970000267028809,11.755000114440918,11.800000190734863,28400,0.0,0.0
2025-03-13 00:00:00-04:00,11.899999618530273,11.949999809265137,11.800000190734863,11.819999694824219,16200,0.0,0.0
2025-03-14 00:00:00-04:00,11.899999618530273,12.050000190734863,11.850000381469727,12.0,25200,0.0,0.0
2025-03-17 00:00:00-04:00,11.960000038146973,12.005000114440918,11.904999732971191,11.979999542236328,21600,0.0,0.0
2025-03-18 00:00:00-04:00,12.043999671936035,12.043999671936035,11.770000457763672,11.859999656677246,19900,0.0,0.0
2025-03-19 00:00:00-04:00,11.795000076293945,11.984999656677246,11.770000457763672,11.930000305175781,18900,0.0,0.0
2025-03-20 00:00:00-04:00,11.774999618530273,12.039999961853027,11.765000343322754,11.949999809265137,11200,0.0,0.0
2025-03-21 00:00:00-04:00,11.789999961853027,11.970000267028809,11.670000076293945,11.680000305175781,62200,0.0,0.0
2025-03-24 00:00:00-04:00,11.800000190734863,11.979999542236328,11.739999771118164,11.90999984741211,10300,0.0,0.0
2025-03-25 00:00:00-04:00,11.899999618530273,11.920000076293945,11.869999885559082,11.899999618530273,7900,0.0,0.0
2025-03-26 00:00:00-04:00,11.869999885559082,11.869999885559082,11.710000038146973,11.800000190734863,11000,0.0,0.0
2025-03-27 00:00:00-04:00,11.720000267028809,11.869999885559082,11.645000457763672,11.770000457763672,7700,0.0,0.0
2025-03-28 00:00:00-04:00,11.6899995803833,11.734000205993652,11.510000228881836,11.510000228881836,6100,0.0,0.0
2025-03-31 00:00:00-04:00,11.489999771118164,11.779999732971191,11.489999771118164,11.710000038146973,16800,0.0,0.0
2025-04-01 00:00:00-04:00,11.630000114440918,11.6899995803833,11.5600004196167,11.5600004196167,6300,0.0,0.0
2025-04-02 00:00:00-04:00,11.460000038146973,11.489999771118164,11.416000366210938,11.489999771118164,8000,0.0,0.0
2025-04-03 00:00:00-04:00,11.3100004196167,11.3100004196167,11.15999984741211,11.1899995803833,17700,0.0,0.0
2025-04-04 00:00:00-04:00,11.010000228881836,11.375,10.760000228881836,11.1899995803833,18100,0.0,0.0
2025-04-07 00:00:00-04:00,11.130000114440918,11.149999618530273,10.595000267028809,11.050000190734863,32900,0.0,0.0
2025-04-08 00:00:00-04:00,11.229999542236328,11.279999732971191,10.9399995803833,11.069999694824219,13500,0.0,0.0
2025-04-09 00:00:00-04:00,11.538000106811523,11.920000076293945,11.079999923706055,11.3100004196167,24300,0.0,0.0
2025-04-10 00:00:00-04:00,11.09000015258789,11.949999809265137,10.930000305175781,11.079999923706055,15000,0.0,0.0
2025-04-11 00:00:00-04:00,10.930000305175781,11.109999656677246,10.930000305175781,11.079999923706055,7400,0.0,0.0
2025-04-14 00:00:00-04:00,11.109999656677246,11.538999557495117,10.949999809265137,11.199999809265137,14300,0.0,0.0
2025-04-15 00:00:00-04:00,11.069999694824219,11.4399995803833,11.069999694824219,11.149999618530273,15300,0.0,0.0
2025-04-16 00:00:00-04:00,11.175000190734863,11.460000038146973,11.050000190734863,11.15999984741211,14900,0.0,0.0
2025-04-17 00:00:00-04:00,11.100000381469727,11.395000457763672,10.899999618530273,11.260000228881836,15600,0.0,0.0
2025-04-21 00:00:00-04:00,11.130000114440918,11.130000114440918,10.899999618530273,11.0600004196167,13000,0.0,0.0
2025-04-22 00:00:00-04:00,11.050000190734863,11.385000228881836,11.050000190734863,11.270000457763672,7800,0.0,0.0
2025-04-23 00:00:00-04:00,11.4399995803833,11.4399995803833,11.0,11.199999809265137,20600,0.0,0.0
2025-04-24 00:00:00-04:00,11.079999923706055,11.369999885559082,10.90999984741211,11.069999694824219,21500,0.0,0.0
2025-04-25 00:00:00-04:00,11.029999732971191,11.220000267028809,10.899999618530273,11.0600004196167,12000,0.0,0.0
2025-04-28 00:00:00-04:00,10.930000305175781,11.15999984741211,10.859999656677246,11.069999694824219,11200,0.0,0.0
2025-04-29 00:00:00-04:00,11.029999732971191,11.37600040435791,11.029999732971191,11.300000190734863,15200,0.0,0.0
2025-04-30 00:00:00-04:00,11.15999984741211,11.5600004196167,11.15999984741211,11.220000267028809,17900,0.0,0.0
2025-05-01 00:00:00-04:00,11.3100004196167,11.59000015258789,11.100000381469727,11.5,13100,0.0,0.0
2025-05-02 00:00:00-04:00,11.755000114440918,11.84000015258789,11.755000114440918,11.760000228881836,8300,0.0,0.0
2025-05-05 00:00:00-04:00,11.710000038146973,11.710000038146973,11.520000457763672,11.520000457763672,9400,0.0,0.0
2025-05-06 00:00:00-04:00,11.520000457763672,11.690999984741211,11.289999961853027,11.289999961853027,9200,0.0,0.0
2025-05-07 00:00:00-04:00,11.088000297546387,11.550000190734863,11.088000297546387,11.399999618530273,12600,0.0,0.0
2025-05-08 00:00:00-04:00,11.5600004196167,11.5600004196167,11.350000381469727,11.494999885559082,9400,0.0,0.0
2025-05-09 00:00:00-04:00,11.420000076293945,11.630000114440918,11.420000076293945,11.630000114440918,6200,0.0,0.0
2025-05-12 00:00:00-04:00,11.899999618530273,11.899999618530273,11.531000137329102,11.65999984741211,13800,0.0,0.0
2025-05-13 00:00:00-04:00,11.789999961853027,11.789999961853027,11.40999984741211,11.789999961853027,11300,0.0,0.0
2025-05-14 00:00:00-04:00,11.649999618530273,11.82699966430664,11.5600004196167,11.5600004196167,10000,0.0,0.0
2025-05-15 00:00:00-04:00,11.529999732971191,11.880000114440918,11.520000457763672,11.880000114440918,10000,0.0,0.0
2025-05-16 00:00:00-04:00,11.899999618530273,11.899999618530273,11.609999656677246,11.819999694824219,14200,0.0,0.0
2025-05-19 00:00:00-04:00,11.640000343322754,11.65999984741211,11.640000343322754,11.65999984741211,3600,0.0,0.0
2025-05-20 00:00:00-04:00,11.600000381469727,11.760000228881836,11.569999694824219,11.760000228881836,5700,0.0,0.0
2025-05-21 00:00:00-04:00,11.609999656677246,11.829999923706055,11.51099967956543,11.779999732971191,15900,0.0,0.0
2025-05-22 00:00:00-04:00,11.600000381469727,11.744999885559082,11.59000015258789,11.59000015258789,7800,0.0,0.0
2025-05-23 00:00:00-04:00,11.470000267028809,11.699999809265137,11.366999626159668,11.520000457763672,12900,0.0,0.0
2025-05-27 00:00:00-04:00,11.550000190734863,11.850000381469727,11.529999732971191,11.789999961853027,9000,0.0,0.0
2025-05-28 00:00:00-04:00,11.65999984741211,11.65999984741211,11.414999961853027,11.5600004196167,14400,0.0,0.0
2025-05-29 00:00:00-04:00,11.470000267028809,11.571000099182129,11.40999984741211,11.460000038146973,15200,0.0,0.0
2025-05-30 00:00:00-04:00,11.369999885559082,11.699999809265137,11.369999885559082,11.399999618530273,12700,0.0,0.0
2025-06-02 00:00:00-04:00,11.371000289916992,11.654999732971191,11.3100004196167,11.34000015258789,13400,0.0,0.0
2025-06-03 00:00:00-04:00,11.319999694824219,11.489999771118164,11.319999694824219,11.479999542236328,9100,0.0,0.0
2025-06-04 00:00:00-04:00,11.40999984741211,11.425000190734863,11.319999694824219,11.390000343322754,9400,0.0,0.0
2025-06-05 00:00:00-04:00,11.5,11.5,11.239999771118164,11.3100004196167,15400,0.0,0.0
2025-06-06 00:00:00-04:00,11.4399995803833,11.524999618530273,11.354999542236328,11.470000267028809,7400,0.0,0.0
2025-06-09 00:00:00-04:00,11.350000381469727,11.439000129699707,11.329999923706055,11.40999984741211,9100,0.0,0.0
2025-06-10 00:00:00-04:00,11.319000244140625,11.649999618530273,11.319000244140625,11.510000228881836,9600,0.0,0.0
2025-06-11 00:00:00-04:00,11.520000457763672,11.529999732971191,11.369999885559082,11.460000038146973,14100,0.0,0.0
2025-06-12 00:00:00-04:00,11.468000411987305,11.5,11.430000305175781,11.460000038146973,6000,0.0,0.0
2025-06-13 00:00:00-04:00,11.430000305175781,11.5649995803833,11.40999984741211,11.40999984741211,268500,0.0,0.0
2025-06-16 00:00:00-04:00,11.529999732971191,11.550000190734863,11.420000076293945,11.529999732971191,9900,0.0,0.0
2025-06-17 00:00:00-04:00,11.40999984741211,11.6899995803833,11.40999984741211,11.520000457763672,10600,0.0,0.0
2025-06-18 00:00:00-04:00,11.5600004196167,11.670000076293945,11.5600004196167,11.579999923706055,16200,0.0,0.0
2025-06-20 00:00:00-04:00,11.6899995803833,11.6899995803833,11.399999618530273,11.399999618530273,101700,0.0,0.0
2025-06-23 00:00:00-04:00,11.399999618530273,11.970000267028809,11.399999618530273,11.869999885559082,36100,0.0,0.0
2025-06-24 00:00:00-04:00,11.979999542236328,12.270000457763672,11.850000381469727,12.119999885559082,13100,0.0,0.0
2025-06-25 00:00:00-04:00,11.845000267028809,12.390000343322754,11.5,12.270000457763672,11300,0.0,0.0
2025-06-26 00:00:00-04:00,12.239999771118164,12.425000190734863,12.199999809265137,12.199999809265137,17700,0.0,0.0
2025-06-27 00:00:00-04:00,12.210000038146973,12.649999618530273,12.210000038146973,12.329999923706055,80200,0.0,0.0
2025-06-30 00:00:00-04:00,12.520000457763672,12.520000457763672,11.989999771118164,12.029999732971191,28900,0.0,0.0
2025-07-01 00:00:00-04:00,11.892999649047852,12.40999984741211,11.892999649047852,12.25,21500,0.0,0.0
2025-07-02 00:00:00-04:00,12.199999809265137,12.479999542236328,12.0600004196167,12.3100004196167,22900,0.0,0.0
2025-07-03 00:00:00-04:00,12.369999885559082,12.579999923706055,12.369999885559082,12.5,10500,0.0,0.0
2025-07-07 00:00:00-04:00,12.359999656677246,12.470000267028809,11.90999984741211,12.300000190734863,15000,0.0,0.0
2025-07-08 00:00:00-04:00,12.270000457763672,12.649999618530273,12.270000457763672,12.510000228881836,16200,0.0,0.0
2025-07-09 00:00:00-04:00,12.470000267028809,12.579999923706055,12.390000343322754,12.5600004196167,16000,0.0,0.0
2025-07-10 00:00:00-04:00,12.40999984741211,12.640000343322754,12.40999984741211,12.489999771118164,9200,0.0,0.0
2025-07-11 00:00:00-04:00,12.359999656677246,12.420000076293945,12.270000457763672,12.270000457763672,14500,0.0,0.0
2025-07-14 00:00:00-04:00,11.904999732971191,12.470000267028809,11.904999732971191,12.390000343322754,9600,0.0,0.0
2025-07-15 00:00:00-04:00,12.260000228881836,12.444999694824219,12.020000457763672,12.020000457763672,14200,0.0,0.0
2025-07-16 00:00:00-04:00,12.390000343322754,12.420000076293945,11.989999771118164,12.170000076293945,15400,0.0,0.0
2025-07-17 00:00:00-04:00,12.390999794006348,12.390999794006348,12.218000411987305,12.279999732971191,17800,0.0,0.0
2025-07-18 00:00:00-04:00,12.34000015258789,12.34000015258789,12.039999961853027,12.109999656677246,20600,0.0,0.0
2025-07-21 00:00:00-04:00,12.029999732971191,12.369999885559082,12.029999732971191,12.149999618530273,19300,0.0,0.0
2025-07-22 00:00:00-04:00,12.498000144958496,12.5600004196167,12.329999923706055,12.430000305175781,23600,0.0,0.0
2025-07-23 00:00:00-04:00,12.369999885559082,12.649999618530273,12.369999885559082,12.609999656677246,7600,0.0,0.0
2025-07-24 00:00:00-04:00,12.416999816894531,12.520000457763672,12.380000114440918,12.399999618530273,11800,0.0,0.0
2025-07-25 00:00:00-04:00,12.369999885559082,12.47700023651123,12.279999732971191,12.369999885559082,10100,0.0,0.0
2025-07-28 00:00:00-04:00,12.265000343322754,12.420000076293945,12.260000228881836,12.34000015258789,12000,0.0,0.0
2025-07-29 00:00:00-04:00,12.470000267028809,12.470000267028809,12.220000267028809,12.220000267028809,8500,0.0,0.0
2025-07-30 00:00:00-04:00,12.289999961853027,12.324999809265137,12.010000228881836,12.079999923706055,15400,0.0,0.0
2025-07-31 00:00:00-04:00,12.170000076293945,12.479000091552734,12.109999656677246,12.270000457763672,21600,0.0,0.0
2025-08-01 00:00:00-04:00,12.420000076293945,12.420000076293945,12.149999618530273,12.300000190734863,24900,0.0,0.0
2025-08-04 00:00:00-04:00,12.390000343322754,12.5,12.309000015258789,12.359999656677246,210000,0.0,0.0
2025-08-05 00:00:00-04:00,12.350000381469727,12.4399995803833,12.204999923706055,12.350000381469727,20100,0.0,0.0
2025-08-06 00:00:00-04:00,12.319999694824219,12.470000267028809,12.319999694824219,12.390000343322754,7700,0.0,0.0
2025-08-07 00:00:00-04:00,12.369999885559082,12.449999809265137,12.300000190734863,12.369999885559082,26600,0.0,0.0
2025-08-08 00:00:00-04:00,12.369999885559082,12.470000267028809,12.35200023651123,12.40999984741211,4200,0.0,0.0
2025-08-11 00:00:00-04:00,12.380000114440918,12.53499984741211,12.359999656677246,12.489999771118164,6500,0.0,0.0
2025-08-12 00:00:00-04:00,12.579999923706055,12.850000381469727,12.5600004196167,12.779999732971191,22100,0.0,0.0
2025-08-13 00:00:00-04:00,13.029999732971191,13.029999732971191,12.741999626159668,13.029999732971191,23300,0.0,0.0
2025-08-14 00:00:00-04:00,13.020000457763672,13.020000457763672,12.789999961853027,12.789999961853027,9500,0.0,0.0
2025-08-15 00:00:00-04:00,12.819999694824219,12.819999694824219,12.489999771118164,12.550000190734863,18500,0.0,0.0
2025-08-18 00:00:00-04:00,12.550000190734863,12.65999984741211,12.510000228881836,12.550000190734863,17300,0.0,0.0
2025-08-19 00:00:00-04:00,12.600000381469727,12.779999732971191,12.569999694824219,12.619999885559082,6300,0.0,0.0
2025-08-20 00:00:00-04:00,12.847999572753906,12.854999542236328,12.619999885559082,12.8100004196167,12200,0.0,0.0
2025-08-21 00:00:00-04:00,12.890000343322754,12.890000343322754,12.65999984741211,12.699999809265137,5800,0.0,0.0
2025-08-22 00:00:00-04:00,13.0,13.40999984741211,13.0,13.220000267028809,22400,0.0,0.0
2025-08-25 00:00:00-04:00,13.3100004196167,13.3100004196167,12.729999542236328,12.899999618530273,11000,0.0,0.0
2025-08-26 00:00:00-04:00,13.022000312805176,13.079999923706055,12.819999694824219,13.050000190734863,8800,0.0,0.0
2025-08-27 00:00:00-04:00,12.970000267028809,13.079999923706055,12.774999618530273,12.8100004196167,16600,0.0,0.0
2025-08-28 00:00:00-04:00,12.819999694824219,12.970000267028809,12.819999694824219,12.880000114440918,4600,0.0,0.0
2025-08-29 00:00:00-04:00,12.880000114440918,13.119999885559082,12.880000114440918,13.109999656677246,8700,0.0,0.0
2025-09-02 00:00:00-04:00,12.9399995803833,13.166000366210938,12.9399995803833,13.050000190734863,15000,0.0,0.0
2025-09-03 00:00:00-04:00,12.920000076293945,13.100000381469727,12.90999984741211,13.0,14900,0.0,0.0
2025-09-04 00:00:00-04:00,13.104999542236328,13.256999969482422,13.069999694824219,13.199999809265137,9100,0.0,0.0
2025-09-05 00:00:00-04:00,13.149999618530273,13.25,13.149999618530273,13.229999542236328,5200,0.0,0.0
2025-09-08 00:00:00-04:00,13.140000343322754,13.300000190734863,13.140000343322754,13.15999984741211,12300,0.0,0.0
2025-09-09 00:00:00-04:00,13.213000297546387,13.300000190734863,13.1850004196167,13.279999732971191,208900,0.0,0.0
2025-09-10 00:00:00-04:00,13.279999732971191,13.350000381469727,13.220000267028809,13.300000190734863,11200,0.0,0.0
2025-09-11 00:00:00-04:00,13.199999809265137,13.420000076293945,13.199999809265137,13.369999885559082,11600,0.0,0.0
2025-09-12 00:00:00-04:00,13.166999816894531,13.4399995803833,13.166999816894531,13.350000381469727,6700,0.0,0.0
2025-09-15 00:00:00-04:00,13.354999542236328,13.420000076293945,13.289999961853027,13.369999885559082,6900,0.0,0.0
2025-09-16 00:00:00-04:00,13.329999923706055,13.449999809265137,13.3100004196167,13.34000015258789,10200,0.0,0.0
2025-09-17 00:00:00-04:00,13.380000114440918,13.625,13.15999984741211,13.25,98800,0.0,0.0
2025-09-18 00:00:00-04:00,13.25,13.619999885559082,13.25,13.579999923706055,22900,0.0,0.0
2025-09-19 00:00:00-04:00,13.539999961853027,13.649999618530273,13.0,13.289999961853027,82900,0.0,0.0
2025-09-22 00:00:00-04:00,13.270000457763672,13.539999961853027,13.239999771118164,13.350000381469727,36600,0.0,0.0
2025-09-23 00:00:00-04:00,13.569999694824219,13.569999694824219,13.220000267028809,13.300000190734863,38000,0.0,0.0
2025-09-24 00:00:00-04:00,13.3100004196167,13.510000228881836,13.239999771118164,13.34000015258789,11500,0.0,0.0
2025-09-25 00:00:00-04:00,13.3100004196167,13.472999572753906,13.109999656677246,13.170000076293945,6300,0.0,0.0
2025-09-26 00:00:00-04:00,13.210000038146973,13.210000038146973,12.819999694824219,13.069999694824219,19400,0.0,0.0
2025-09-29 00:00:00-04:00,13.0,13.112000465393066,12.8100004196167,12.84000015258789,16300,0.0,0.0
2025-09-30 00:00:00-04:00,12.760000228881836,13.0600004196167,12.720000267028809,13.0600004196167,119600,0.0,0.0
2025-10-01 00:00:00-04:00,13.010000228881836,13.140000343322754,13.010000228881836,13.140000343322754,20400,0.0,0.0
2025-10-02 00:00:00-04:00,13.050000190734863,13.206000328063965,13.010000228881836,13.100000381469727,28000,0.0,0.0
2025-10-03 00:00:00-04:00,13.0600004196167,13.289999961853027,13.0600004196167,13.109999656677246,9500,0.0,0.0
2025-10-06 00:00:00-04:00,13.109999656677246,13.194999694824219,13.050000190734863,13.0600004196167,20800,0.0,0.0
2025-10-07 00:00:00-04:00,13.109999656677246,13.109999656677246,13.010000228881836,13.010000228881836,19200,0.0,0.0
2025-10-08 00:00:00-04:00,13.010000228881836,13.279999732971191,13.010000228881836,13.119999885559082,15400,0.0,0.0
2025-10-09 00:00:00-04:00,13.0600004196167,13.149999618530273,13.050000190734863,13.119999885559082,13600,0.0,0.0
2025-10-10 00:00:00-04:00,13.050000190734863,13.15999984741211,12.970000267028809,13.010000228881836,25200,0.0,0.0
2025-10-13 00:00:00-04:00,13.185999870300293,13.185999870300293,13.010000228881836,13.069999694824219,17100,0.0,0.0
2025-10-14 00:00:00-04:00,13.010000228881836,13.180000305175781,13.010000228881836,13.130000114440918,21600,0.0,0.0
2025-10-15 00:00:00-04:00,13.109999656677246,13.175000190734863,13.050000190734863,13.119999885559082,18900,0.0,0.0
2025-10-16 00:00:00-04:00,13.029999732971191,13.109999656677246,12.920000076293945,13.010000228881836,23600,0.0,0.0
2025-10-17 00:00:00-04:00,13.010000228881836,13.133999824523926,12.8100004196167,13.010000228881836,40800,0.0,0.0
2025-10-20 00:00:00-04:00,12.640000343322754,13.157999992370605,12.640000343322754,13.050000190734863,12600,0.0,0.0
2025-10-21 00:00:00-04:00,13.130000114440918,13.130000114440918,13.010000228881836,13.130000114440918,12200,0.0,0.0
2025-10-22 00:00:00-04:00,13.239999771118164,13.489999771118164,13.0600004196167,13.170000076293945,14500,0.0,0.0
2025-10-23 00:00:00-04:00,13.149999618530273,13.329000473022461,13.029999732971191,13.119999885559082,7000,0.0,0.0
2025-10-24 00:00:00-04:00,13.274999618530273,13.355999946594238,13.109999656677246,13.239999771118164,7100,0.0,0.0
2025-10-27 00:00:00-04:00,13.229999542236328,13.244999885559082,13.029999732971191,13.15999984741211,12600,0.0,0.0
2025-10-28 00:00:00-04:00,13.15999984741211,13.255000114440918,13.079999923706055,13.15999984741211,5900,0.0,0.0
2025-10-29 00:00:00-04:00,13.130000114440918,13.149999618530273,12.899999618530273,13.0600004196167,27500,0.0,0.0
2025-10-30 00:00:00-04:00,13.0600004196167,13.194999694824219,13.0600004196167,13.109999656677246,12500,0.0,0.0
2025-10-31 00:00:00-04:00,13.010000228881836,13.140000343322754,13.010000228881836,13.140000343322754,9600,0.0,0.0
2025-11-03 00:00:00-05:00,13.25,13.25,13.109999656677246,13.109999656677246,6400,0.0,0.0
2025-11-04 00:00:00-05:00,13.130000114440918,13.170000076293945,13.010000228881836,13.130000114440918,8100,0.0,0.0
2025-11-05 00:00:00-05:00,13.119999885559082,13.399999618530273,13.119999885559082,13.399999618530273,13900,0.0,0.0
2025-11-06 00:00:00-05:00,13.289999961853027,13.36299991607666,13.069999694824219,13.149999618530273,27200,0.0,0.0
2025-11-07 00:00:00-05:00,13.210000038146973,13.420000076293945,13.1850004196167,13.34000015258789,11100,0.0,0.0
2025-11-10 00:00:00-05:00,13.359999656677246,13.449999809265137,13.260000228881836,13.279999732971191,7000,0.0,0.0
2025-11-11 00:00:00-05:00,13.350000381469727,13.489999771118164,13.350000381469727,13.470000267028809,4100,0.0,0.0
2025-11-12 00:00:00-05:00,13.319999694824219,13.34000015258789,13.229999542236328,13.300000190734863,10500,0.0,0.0
2025-11-13 00:00:00-05:00,13.279999732971191,13.520000457763672,13.25,13.430000305175781,9900,0.0,0.0
2025-11-14 00:00:00-05:00,13.34000015258789,13.373000144958496,13.270000457763672,13.369999885559082,6500,0.0,0.0
2025-11-17 00:00:00-05:00,13.25,13.288000106811523,13.15999984741211,13.260000228881836,21400,0.0,0.0
2025-11-18 00:00:00-05:00,13.147000312805176,13.28499984741211,13.119999885559082,13.229999542236328,9500,0.0,0.0
2025-11-19 00:00:00-05:00,13.520000457763672,13.520000457763672,13.109999656677246,13.109999656677246,18400,0.0,0.0
2025-11-20 00:00:00-05:00,13.25,13.25,13.0,13.020000457763672,13000,0.0,0.0
2025-11-21 00:00:00-05:00,13.0,13.460000038146973,13.0,13.399999618530273,20100,0.0,0.0
2025-11-24 00:00:00-05:00,13.229999542236328,13.416999816894531,13.130000114440918,13.15999984741211,9900,0.0,0.0
2025-11-25 00:00:00-05:00,13.149999618530273,13.449999809265137,13.050000190734863,13.420000076293945,16200,0.0,0.0
2025-11-26 00:00:00-05:00,13.350000381469727,13.489999771118164,13.260000228881836,13.390000343322754,15100,0.0,0.0
2025-11-28 00:00:00-05:00,13.479999542236328,13.479999542236328,13.260000228881836,13.300000190734863,6700,0.0,0.0
2025-12-01 00:00:00-05:00,13.260000228881836,13.40999984741211,13.260000228881836,13.319999694824219,6500,0.0,0.0
2025-12-02 00:00:00-05:00,13.260000228881836,13.369000434875488,13.260000228881836,13.260000228881836,6300,0.0,0.0
2025-12-03 00:00:00-05:00,13.380000114440918,13.489999771118164,13.350000381469727,13.479999542236328,11200,0.0,0.0
2025-12-04 00:00:00-05:00,13.425000190734863,13.520000457763672,13.369999885559082,13.520000457763672,5100,0.0,0.0
2025-12-05 00:00:00-05:00,13.449999809265137,13.520000457763672,13.449999809265137,13.470000267028809,7700,0.0,0.0
2025-12-08 00:00:00-05:00,13.520000457763672,13.630999565124512,13.520000457763672,13.520000457763672,4700,0.0,0.0
2025-12-09 00:00:00-05:00,13.619999885559082,13.75,13.59000015258789,13.65999984741211,7600,0.0,0.0
2025-12-10 00:00:00-05:00,13.595000267028809,14.220000267028809,13.595000267028809,13.890000343322754,24000,0.0,0.0
2025-12-11 00:00:00-05:00,14.020000457763672,14.460000038146973,14.020000457763672,14.460000038146973,14700,0.0,0.0
2025-12-12 00:00:00-05:00,14.489999771118164,14.930000305175781,14.454999923706055,14.710000038146973,24000,0.0,0.0
2025-12-15 00:00:00-05:00,14.739999771118164,14.942000389099121,14.4399995803833,14.4399995803833,15700,0.0,0.0
2025-12-16 00:00:00-05:00,14.5600004196167,14.666000366210938,14.300000190734863,14.520000457763672,55500,0.0,0.0
2025-12-17 00:00:00-05:00,14.420000076293945,14.619999885559082,14.229999542236328,14.399999618530273,21600,0.0,0.0
2025-12-18 00:00:00-05:00,14.390000343322754,14.550000190734863,14.170000076293945,14.3100004196167,25300,0.0,0.0
2025-12-19 00:00:00-05:00,14.319999694824219,14.680000305175781,14.0649995803833,14.630000114440918,71900,0.0,0.0
2025-12-22 00:00:00-05:00,14.479999542236328,14.579999923706055,13.914999961853027,14.0,26400,0.0,0.0
2025-12-23 00:00:00-05:00,13.930000305175781,14.0600004196167,13.829999923706055,13.880000114440918,14400,0.0,0.0
2025-12-24 00:00:00-05:00,13.800000190734863,13.859999656677246,13.800000190734863,13.819999694824219,4100,0.0,0.0
2025-12-26 00:00:00-05:00,13.880000114440918,14.331000328063965,13.760000228881836,13.859999656677246,6800,0.0,0.0
2025-12-29 00:00:00-05:00,13.805000305175781,13.9399995803833,13.59000015258789,13.739999771118164,7000,0.0,0.0
2025-12-30 00:00:00-05:00,13.739999771118164,13.739999771118164,13.399999618530273,13.40999984741211,13400,0.0,0.0
2025-12-31 00:00:00-05:00,13.619999885559082,13.619999885559082,13.359999656677246,13.479999542236328,8000,0.0,0.0
2026-01-02 00:00:00-05:00,13.479999542236328,13.479999542236328,13.170000076293945,13.3100004196167,12200,0.0,0.0
2026-01-05 00:00:00-05:00,13.220000267028809,13.677000045776367,13.220000267028809,13.449999809265137,8200,0.0,0.0
2026-01-06 00:00:00-05:00,13.359999656677246,13.552000045776367,13.119999885559082,13.350000381469727,13000,0.0,0.0
2026-01-07 00:00:00-05:00,13.229999542236328,13.25,13.170000076293945,13.180000305175781,11900,0.0,0.0
2026-01-08 00:00:00-05:00,13.140000343322754,13.600000381469727,13.140000343322754,13.489999771118164,8000,0.0,0.0
2026-01-09 00:00:00-05:00,13.420000076293945,14.045000076293945,13.359999656677246,13.380000114440918,7700,0.0,0.0
2026-01-12 00:00:00-05:00,13.625,13.625,13.279999732971191,13.470000267028809,6300,0.0,0.0
2026-01-13 00:00:00-05:00,13.489999771118164,13.494999885559082,13.319999694824219,13.420000076293945,3600,0.0,0.0
2026-01-14 00:00:00-05:00,13.420000076293945,13.979999542236328,13.319999694824219,13.380000114440918,8100,0.0,0.0
2026-01-15 00:00:00-05:00,13.359999656677246,13.529999732971191,13.359999656677246,13.529999732971191,8200,0.0,0.0
2026-01-16 00:00:00-05:00,13.539999961853027,13.6899995803833,13.40999984741211,13.420000076293945,14600,0.0,0.0
2026-01-20 00:00:00-05:00,13.399999618530273,13.494999885559082,13.07800006866455,13.40999984741211,13400,0.0,0.0
2026-01-21 00:00:00-05:00,13.510000228881836,13.869999885559082,13.510000228881836,13.869999885559082,10900,0.0,0.0
2026-01-22 00:00:00-05:00,13.920000076293945,14.11299991607666,13.899999618530273,14.0,8000,0.0,0.0
2026-01-23 00:00:00-05:00,13.875,13.875,13.550000190734863,13.550000190734863,10100,0.0,0.0
2026-01-26 00:00:00-05:00,13.5600004196167,13.781999588012695,13.550000190734863,13.680000305175781,6800,0.0,0.0
2026-01-27 00:00:00-05:00,13.609999656677246,13.8100004196167,13.539999961853027,13.720000267028809,11200,0.0,0.0
2026-01-28 00:00:00-05:00,13.65999984741211,13.65999984741211,13.520000457763672,13.600000381469727,10900,0.0,0.0
2026-01-29 00:00:00-05:00,13.579999923706055,13.989999771118164,13.579999923706055,13.989999771118164,5900,0.0,0.0
2026-01-30 00:00:00-05:00,13.989999771118164,14.25,13.989999771118164,14.149999618530273,13200,0.0,0.0
2026-02-02 00:00:00-05:00,14.100000381469727,14.859999656677246,14.0,14.229999542236328,29000,0.0,0.0
2026-02-03 00:00:00-05:00,14.149999618530273,14.479999542236328,14.149999618530273,14.380000114440918,9600,0.0,0.0
2026-02-04 00:00:00-05:00,14.479999542236328,15.180000305175781,14.479999542236328,14.949999809265137,12400,0.0,0.0
2026-02-05 00:00:00-05:00,14.979999542236328,15.100000381469727,14.460000038146973,14.970000267028809,10000,0.0,0.0
2026-02-06 00:00:00-05:00,15.119999885559082,15.125,14.890000343322754,14.890000343322754,12900,0.0,0.0
2026-02-09 00:00:00-05:00,14.625,14.720000267028809,14.5649995803833,14.630000114440918,5500,0.0,0.0
2026-02-10 00:00:00-05:00,14.895000457763672,14.895000457763672,14.5600004196167,14.5600004196167,6300,0.0,0.0
2026-02-11 00:00:00-05:00,14.6899995803833,14.6899995803833,14.520000457763672,14.520000457763672,6100,0.0,0.0
2026-02-12 00:00:00-05:00,14.6899995803833,14.880000114440918,14.65999984741211,14.65999984741211,2900,0.0,0.0
2026-02-13 00:00:00-05:00,14.869999885559082,14.960000038146973,14.59000015258789,14.59000015258789,6000,0.0,0.0
2026-02-17 00:00:00-05:00,14.65999984741211,14.729999542236328,14.630000114440918,14.630000114440918,8100,0.0,0.0
2026-02-18 00:00:00-05:00,14.789999961853027,14.789999961853027,14.649999618530273,14.720000267028809,11300,0.0,0.0
2026-02-19 00:00:00-05:00,14.600000381469727,14.619999885559082,14.5,14.5,11500,0.0,0.0
2026-02-20 00:00:00-05:00,14.59000015258789,14.59000015258789,14.449999809265137,14.449999809265137,6700,0.0,0.0
2026-02-23 00:00:00-05:00,14.5649995803833,14.5649995803833,14.069999694824219,14.069999694824219,17200,0.0,0.0
2026-02-24 00:00:00-05:00,14.380000114440918,14.380000114440918,14.100000381469727,14.130000114440918,8100,0.0,0.0
2026-02-25 00:00:00-05:00,14.432000160217285,14.432000160217285,14.329999923706055,14.40999984741211,4600,0.0,0.0
2026-02-26 00:00:00-05:00,14.489999771118164,14.6899995803833,14.489999771118164,14.680000305175781,5000,0.0,0.0
2026-02-27 00:00:00-05:00,14.75,14.75,14.039999961853027,14.109999656677246,20900,0.0,0.0
2026-03-02 00:00:00-05:00,14.0,14.614999771118164,14.0,14.279999732971191,14000,0.0,0.0
2026-03-03 00:00:00-05:00,14.260000228881836,14.4399995803833,14.229999542236328,14.4399995803833,11900,0.0,0.0
2026-03-04 00:00:00-05:00,14.550000190734863,14.71500015258789,14.550000190734863,14.710000038146973,6000,0.0,0.0
2026-03-05 00:00:00-05:00,14.569999694824219,14.569999694824219,14.390000343322754,14.390000343322754,8600,0.0,0.0
2026-03-06 00:00:00-05:00,14.130000114440918,14.4399995803833,13.819999694824219,14.029999732971191,19700,0.0,0.0
2026-03-09 00:00:00-04:00,14.1899995803833,14.1899995803833,13.65999984741211,13.949999809265137,15300,0.0,0.0
2026-03-10 00:00:00-04:00,13.819999694824219,14.225000381469727,13.755000114440918,13.779999732971191,10900,0.0,0.0
2026-03-11 00:00:00-04:00,13.800000190734863,13.899999618530273,13.619999885559082,13.779999732971191,9200,0.0,0.0
2026-03-12 00:00:00-04:00,13.5600004196167,13.668999671936035,13.559000015258789,13.600000381469727,9100,0.0,0.0
2026-03-13 00:00:00-04:00,13.600000381469727,13.850000381469727,13.5,13.699999809265137,24000,0.0,0.0
2026-03-16 00:00:00-04:00,13.579999923706055,13.699999809265137,13.529999732971191,13.539999961853027,11000,0.0,0.0
2026-03-17 00:00:00-04:00,13.489999771118164,13.680000305175781,13.489999771118164,13.670000076293945,25100,0.0,0.0
2026-03-18 00:00:00-04:00,13.529999732971191,13.8149995803833,13.460000038146973,13.529999732971191,27600,0.0,0.0
2026-03-19 00:00:00-04:00,13.949999809265137,13.949999809265137,13.420000076293945,13.510000228881836,8800,0.0,0.0
2026-03-20 00:00:00-04:00,13.479999542236328,14.140000343322754,13.40999984741211,13.510000228881836,99100,0.0,0.0
2026-03-23 00:00:00-04:00,13.739999771118164,14.239999771118164,13.720000267028809,14.039999961853027,23800,0.0,0.0
2026-03-24 00:00:00-04:00,13.989999771118164,14.260000228881836,13.760000228881836,13.760000228881836,12200,0.0,0.0
2026-03-25 00:00:00-04:00,13.899999618530273,14.25,13.680000305175781,13.770000457763672,10600,0.0,0.0
2026-03-26 00:00:00-04:00,13.579999923706055,14.489999771118164,13.40999984741211,13.520000457763672,23600,0.0,0.0
2026-03-27 00:00:00-04:00,13.420000076293945,13.949999809265137,13.40999984741211,13.600000381469727,7700,0.0,0.0
2026-03-30 00:00:00-04:00,13.699999809265137,13.9399995803833,13.65999984741211,13.829999923706055,17200,0.0,0.0
2026-03-31 00:00:00-04:00,14.0,14.104999542236328,13.819999694824219,13.920000076293945,10200,0.0,0.0
2026-04-01 00:00:00-04:00,13.930000305175781,13.930000305175781,13.710000038146973,13.710000038146973,6200,0.0,0.0
2026-04-02 00:00:00-04:00,13.734999656677246,14.0,13.734999656677246,14.0,8400,0.0,0.0
2026-04-06 00:00:00-04:00,13.984999656677246,14.09000015258789,13.789999961853027,13.789999961853027,6900,0.0,0.0
2026-04-07 00:00:00-04:00,13.859999656677246,14.029999732971191,13.75,13.899999618530273,13200,0.0,0.0
2026-04-08 00:00:00-04:00,14.100000381469727,14.390000343322754,14.100000381469727,14.1899995803833,11800,0.0,0.0
2026-04-09 00:00:00-04:00,14.15999984741211,14.390000343322754,13.920000076293945,14.390000343322754,10200,0.0,0.0
2026-04-10 00:00:00-04:00,14.479999542236328,14.479999542236328,14.029999732971191,14.40999984741211,9900,0.0,0.0
2026-04-13 00:00:00-04:00,14.520000457763672,14.545000076293945,14.149999618530273,14.329999923706055,9300,0.0,0.0
2026-04-14 00:00:00-04:00,14.220000267028809,14.569999694824219,14.220000267028809,14.569999694824219,6200,0.0,0.0
2026-04-15 00:00:00-04:00,14.420000076293945,14.729999542236328,14.324999809265137,14.390000343322754,8500,0.0,0.0
2026-04-16 00:00:00-04:00,14.229999542236328,14.229999542236328,14.029999732971191,14.100000381469727,6000,0.0,0.0
2026-04-17 00:00:00-04:00,14.210000038146973,14.380000114440918,14.140000343322754,14.380000114440918,9700,0.0,0.0
2026-04-20 00:00:00-04:00,14.430000305175781,14.430000305175781,14.09000015258789,14.180000305175781,7300,0.0,0.0
2026-04-21 00:00:00-04:00,14.1899995803833,14.1899995803833,13.710000038146973,14.100000381469727,11500,0.0,0.0
2026-04-22 00:00:00-04:00,14.010000228881836,14.375,14.010000228881836,14.1899995803833,6100,0.0,0.0
2026-04-23 00:00:00-04:00,14.395000457763672,14.395000457763672,14.0600004196167,14.25,2300,0.0,0.0
2026-04-24 00:00:00-04:00,14.109999656677246,14.404999732971191,14.0600004196167,14.359999656677246,9900,0.0,0.0
2026-04-27 00:00:00-04:00,14.239999771118164,14.359999656677246,14.239999771118164,14.270000457763672,6700,0.0,0.0
2026-04-28 00:00:00-04:00,14.380000114440918,14.579999923706055,14.229999542236328,14.229999542236328,8000,0.0,0.0
2026-04-29 00:00:00-04:00,14.210000038146973,14.475000381469727,13.760000228881836,14.050000190734863,21800,0.0,0.0
2026-04-30 00:00:00-04:00,14.020000457763672,14.229999542236328,14.020000457763672,14.229999542236328,12600,0.0,0.0
2026-05-01 00:00:00-04:00,14.265000343322754,14.354999542236328,14.265000343322754,14.34000015258789,7800,0.0,0.0
2026-05-04 00:00:00-04:00,14.25,14.359999656677246,14.109999656677246,14.220000267028809,15600,0.0,0.0
2026-05-05 00:00:00-04:00,14.329999923706055,14.361000061035156,14.265000343322754,14.350000381469727,8700,0.0,0.0
2026-05-06 00:00:00-04:00,14.300000190734863,14.609999656677246,14.199999809265137,14.609999656677246,16800,0.0,0.0
2026-05-07 00:00:00-04:00,14.699999809265137,14.890000343322754,14.569999694824219,14.890000343322754,4800,0.0,0.0
2026-05-08 00:00:00-04:00,14.770000457763672,15.0,14.59000015258789,14.59000015258789,5800,0.0,0.0
2026-05-11 00:00:00-04:00,14.470000267028809,14.625,14.364999771118164,14.520000457763672,7200,0.0,0.0
2026-05-12 00:00:00-04:00,14.399999618530273,14.880000114440918,14.399999618530273,14.699999809265137,4400,0.0,0.0
2026-05-13 00:00:00-04:00,14.539999961853027,14.899999618530273,14.539999961853027,14.800000190734863,39200,0.0,0.0
2026-05-14 00:00:00-04:00,14.800000190734863,15.149999618530273,14.729999542236328,14.84000015258789,12400,0.0,0.0
2026-05-15 00:00:00-04:00,14.710000038146973,14.729999542236328,14.670000076293945,14.720000267028809,11400,0.0,0.0
2026-05-18 00:00:00-04:00,14.800000190734863,14.800000190734863,14.65999984741211,14.710000038146973,6800,0.0,0.0
2026-05-19 00:00:00-04:00,14.59000015258789,15.020000457763672,14.59000015258789,14.930000305175781,163100,0.0,0.0
2026-05-20 00:00:00-04:00,14.9399995803833,15.140000343322754,14.880000114440918,14.960000038146973,17800,0.0,0.0
2026-05-21 00:00:00-04:00,14.800000190734863,14.970000267028809,14.770000457763672,14.970000267028809,9400,0.0,0.0
2026-05-22 00:00:00-04:00,15.015000343322754,15.015000343322754,14.800000190734863,14.84000015258789,10000,0.0,0.0
2026-05-26 00:00:00-04:00,14.850000381469727,14.954999923706055,14.760000228881836,14.869999885559082,66700,0.0,0.0
2026-05-27 00:00:00-04:00,14.989999771118164,15.0,14.9399995803833,15.0,9600,0.0,0.0
2026-05-28 00:00:00-04:00,15.0,15.0,14.890000343322754,15.0,8000,0.0,0.0
2026-05-29 00:00:00-04:00,15.069999694824219,15.069999694824219,14.880000114440918,14.930000305175781,10900,0.0,0.0
2026-06-01 00:00:00-04:00,14.920000076293945,16.90999984741211,14.920000076293945,16.360000610351562,43700,0.0,0.0
2026-06-02 00:00:00-04:00,16.360000610351562,17.040000915527344,16.0,16.790000915527344,34200,0.0,0.0
2026-06-03 00:00:00-04:00,16.799999237060547,16.850000381469727,15.710000038146973,15.819999694824219,29500,0.0,0.0
2026-06-04 00:00:00-04:00,16.079999923706055,16.420000076293945,15.90999984741211,16.139999389648438,13200,0.0,0.0
2026-06-05 00:00:00-04:00,16.049999237060547,16.43000030517578,16.049999237060547,16.200000762939453,14900,0.0,0.0
2026-06-08 00:00:00-04:00,16.290000915527344,16.469999313354492,16.045000076293945,16.079999923706055,21600,0.0,0.0
2026-06-09 00:00:00-04:00,16.190000534057617,16.575000762939453,16.190000534057617,16.540000915527344,9900,0.0,0.0
2026-06-10 00:00:00-04:00,16.540000915527344,16.795000076293945,16.540000915527344,16.559999465942383,17000,0.0,0.0
2026-06-11 00:00:00-04:00,16.600000381469727,16.93000030517578,16.600000381469727,16.809999465942383,11100,0.0,0.0
2026-06-12 00:00:00-04:00,16.639999389648438,16.950000762939453,16.6200008392334,16.8700008392334,10400,0.0,0.0
2026-06-15 00:00:00-04:00,16.84000015258789,16.860000610351562,16.690000534057617,16.729999542236328,6700,0.0,0.0
2026-06-16 00:00:00-04:00,16.860000610351562,16.93000030517578,16.760000228881836,16.81999969482422,13700,0.0,0.0
2026-06-17 00:00:00-04:00,16.799999237060547,17.139999389648438,16.389999389648438,16.549999237060547,31900,0.0,0.0
2026-06-18 00:00:00-04:00,16.84000015258789,17.139999389648438,16.829999923706055,17.100000381469727,79100,0.0,0.0
2026-06-22 00:00:00-04:00,17.059999465942383,19.420000076293945,16.81999969482422,17.049999237060547,16800,0.0,0.0
2026-06-23 00:00:00-04:00,17.170000076293945,18.239999771118164,16.65999984741211,17.040000915527344,17000,0.0,0.0
2026-06-24 00:00:00-04:00,17.329999923706055,17.40999984741211,16.829999923706055,17.229999542236328,16900,0.0,0.0
2026-06-25 00:00:00-04:00,17.0,17.329999923706055,16.979999542236328,17.239999771118164,9800,0.0,0.0
2026-06-26 00:00:00-04:00,17.469999313354492,17.469999313354492,16.799999237060547,16.799999237060547,131500,0.0,0.0
2026-06-29 00:00:00-04:00,16.809999465942383,17.489999771118164,16.78499984741211,17.0,17400,0.0,0.0
2026-06-30 00:00:00-04:00,17.170000076293945,17.40999984741211,16.829999923706055,17.06999969482422,13800,0.0,0.0
2026-07-01 00:00:00-04:00,17.5,17.5,17.06999969482422,17.270000457763672,27000,0.0,0.0
2026-07-02 00:00:00-04:00,17.639999389648438,17.639999389648438,17.010000228881836,17.290000915527344,10800,0.0,0.0
2026-07-06 00:00:00-04:00,17.0,17.292999267578125,16.915000915527344,17.030000686645508,11400,0.0,0.0
2026-07-07 00:00:00-04:00,17.315000534057617,17.315000534057617,16.90999984741211,16.950000762939453,9200,0.0,0.0
2026-07-08 00:00:00-04:00,16.8799991607666,16.8799991607666,16.489999771118164,16.780000686645508,15100,0.0,0.0
2026-07-09 00:00:00-04:00,16.68000030517578,17.19499969482422,16.68000030517578,16.889999389648438,12000,0.0,0.0
2026-07-10 00:00:00-04:00,16.81999969482422,17.155000686645508,16.739999771118164,16.860000610351562,9200,0.0,0.0
2026-07-13 00:00:00-04:00,17.1200008392334,17.34000015258789,16.889999389648438,16.889999389648438,5100,0.0,0.0
2026-07-14 00:00:00-04:00,16.850000381469727,17.299999237060547,16.719999313354492,16.780000686645508,12000,0.0,0.0
2026-07-15 00:00:00-04:00,17.479999542236328,17.479999542236328,16.93000030517578,16.989999771118164,11000,0.0,0.0
2026-07-16 00:00:00-04:00,17.489999771118164,17.549999237060547,17.489999771118164,17.549999237060547,8400,0.0,0.0
2026-07-17 00:00:00-04:00,17.399999618530273,17.635000228881836,17.149999618530273,17.170000076293945,11100,0.0,0.0
2026-07-20 00:00:00-04:00,17.079999923706055,17.520000457763672,17.010000228881836,17.200000762939453,10300,0.0,0.0
2026-07-23 00:00:00-04:00,17.15999984741211,17.360000610351562,17.010000228881836,17.280000686645508,19100,0.0,0.0
2026-07-24 00:00:00-04:00,17.86199951171875,17.86199951171875,17.665000915527344,17.739999771118164,9200,0.0,0.0
2026-07-27 00:00:00-04:00,17.93199920654297,17.940000534057617,17.684999465942383,17.940000534057617,5400,0.0,0.0
2026-07-28 00:00:00-04:00,17.94499969482422,18.40999984741211,17.94499969482422,18.020000457763672,10800,0.0,0.0
2026-07-29 00:00:00-04:00,17.770000457763672,17.84000015258789,17.610000610351562,17.760000228881836,8500,0.0,0.0
2026-07-30 00:00:00-04:00,17.825000762939453,17.825000762939453,17.5,17.6299991607666,5900,0.0,0.0
2026-08-03 00:00:00-04:00,17.280000686645508,17.940000534057617,17.280000686645508,17.450000762939453,8000,0.0,0.0
2026-08-04 00:00:00-04:00,17.579999923706055,17.649999618530273,17.110000610351562,17.170000076293945,15200,0.0,0.0
2026-08-05 00:00:00-04:00,17.1200008392334,17.290000915527344,16.979999542236328,17.170000076293945,11400,0.0,0.0
2026-08-06 00:00:00-04:00,17.15999984741211,17.469999313354492,17.06399917602539,17.270000457763672,5900,0.0,0.0
2026-08-07 00:00:00-04:00,17.34000015258789,17.350000381469727,17.290000915527344,17.31999969482422,7400,0.0,0.0
2026-08-10 00:00:00-04:00,17.190000534057617,17.209999084472656,17.049999237060547,17.1200008392334,5600,0.0,0.0
2026-08-11 00:00:00-04:00,17.209999084472656,17.40999984741211,17.079999923706055,17.079999923706055,7700,0.0,0.0
2026-08-12 00:00:00-04:00,17.030000686645508,17.420000076293945,17.030000686645508,17.329999923706055,7200,0.0,0.0
2026-08-13 00:00:00-04:00,17.200000762939453,17.34000015258789,17.200000762939453,17.290000915527344,4800,0.0,0.0
2026-08-14 00:00:00-04:00,17.729999542236328,17.729999542236328,17.329999923706055,17.420000076293945,6100,0.0,0.0
2026-08-17 00:00:00-04:00,17.3799991607666,17.3799991607666,17.100000381469727,17.100000381469727,8800,0.0,0.0
2026-08-18 00:00:00-04:00,17.5,17.5,17.260000228881836,17.280000686645508,6000,0.0,0.0
2026-08-19 00:00:00-04:00,17.43000030517578,17.469999313354492,17.190000534057617,17.190000534057617,8700,0.0,0.0
2026-08-20 00:00:00-04:00,17.25,17.264999389648438,17.1200008392334,17.1200008392334,5371,0.0,0.0
