Date,Open,High,Low,Close,Volume,Dividends,Stock Splits
2022-01-03 00:00:00-05:00,4.409999847412109,4.420000076293945,4.380000114440918,4.400000095367432,9600,0.0,0.0
2022-01-04 00:00:00-05:00,4.400000095367432,4.440000057220459,4.369999885559082,4.420000076293945,32300,0.0,0.0
2022-01-05 00:00:00-05:00,4.369999885559082,4.409999847412109,4.019999980926514,4.199999809265137,65100,0.0,0.0
2022-01-06 00:00:00-05:00,4.050000190734863,4.389999866485596,4.010000228881836,4.239999771118164,42000,0.0,0.0
2022-01-07 00:00:00-05:00,4.199999809265137,4.199999809265137,4.050000190734863,4.150000095367432,30900,0.0,0.0
2022-01-10 00:00:00-05:00,4.170000076293945,4.190000057220459,3.740000009536743,4.170000076293945,97600,0.0,0.0
2022-01-11 00:00:00-05:00,4.190000057220459,4.190000057220459,3.9000000953674316,4.050000190734863,13500,0.0,0.0
2022-01-12 00:00:00-05:00,4.0,4.150000095367432,4.0,4.059999942779541,43400,0.0,0.0
2022-01-13 00:00:00-05:00,4.0,4.139999866485596,3.9100000858306885,4.039999961853027,38300,0.0,0.0
2022-01-14 00:00:00-05:00,4.0,4.050000190734863,3.7699999809265137,3.9000000953674316,54900,0.0,0.0
2022-01-18 00:00:00-05:00,3.8499999046325684,3.9000000953674316,3.5199999809265137,3.549999952316284,52200,0.0,0.0
2022-01-19 00:00:00-05:00,3.5,3.5199999809265137,3.0299999713897705,3.059999942779541,167100,0.0,0.0
2022-01-20 00:00:00-05:00,2.9200000762939453,3.049999952316284,1.559999942779541,2.440000057220459,384100,0.0,0.0
2022-01-21 00:00:00-05:00,2.440000057220459,2.5199999809265137,1.850000023841858,2.0399999618530273,255700,0.0,0.0
2022-01-24 00:00:00-05:00,2.0299999713897705,2.299999952316284,1.8700000047683716,2.299999952316284,41000,0.0,0.0
2022-01-25 00:00:00-05:00,2.299999952316284,2.690000057220459,2.299999952316284,2.680000066757202,82200,0.0,0.0
2022-01-26 00:00:00-05:00,2.7100000381469727,2.8499999046325684,2.700000047683716,2.799999952316284,54200,0.0,0.0
2022-01-27 00:00:00-05:00,2.799999952316284,2.799999952316284,2.6500000953674316,2.740000009536743,36100,0.0,0.0
2022-01-28 00:00:00-05:00,2.609999895095825,2.799999952316284,2.5,2.799999952316284,10000,0.0,0.0
2022-01-31 00:00:00-05:00,2.7799999713897705,2.9600000381469727,2.75,2.950000047683716,31000,0.0,0.0
2022-02-01 00:00:00-05:00,3.0,3.299999952316284,2.9800000190734863,3.190000057220459,61800,0.0,0.0
2022-02-02 00:00:00-05:00,3.200000047683716,3.25,3.200000047683716,3.2300000190734863,17300,0.0,0.0
2022-02-03 00:00:00-05:00,3.2300000190734863,3.240000009536743,3.2200000286102295,3.2300000190734863,18400,0.0,0.0
2022-02-04 00:00:00-05:00,3.200000047683716,3.559999942779541,2.0,3.5,93700,0.0,0.0
2022-02-07 00:00:00-05:00,3.559999942779541,3.8299999237060547,3.559999942779541,3.7300000190734863,44600,0.0,0.0
2022-02-08 00:00:00-05:00,3.7200000286102295,3.740000009536743,3.6500000953674316,3.740000009536743,15600,0.0,0.0
2022-02-09 00:00:00-05:00,3.680000066757202,3.869999885559082,3.680000066757202,3.799999952316284,44100,0.0,0.0
2022-02-10 00:00:00-05:00,3.799999952316284,3.869999885559082,3.799999952316284,3.819999933242798,8800,0.0,0.0
2022-02-11 00:00:00-05:00,3.809999942779541,3.890000104904175,3.75,3.8299999237060547,37100,0.0,0.0
2022-02-14 00:00:00-05:00,3.5799999237060547,3.890000104904175,3.5799999237060547,3.75,24500,0.0,0.0
2022-02-15 00:00:00-05:00,3.7799999713897705,3.7799999713897705,3.549999952316284,3.7699999809265137,8700,0.0,0.0
2022-02-16 00:00:00-05:00,3.75,3.75,3.549999952316284,3.75,8700,0.0,0.0
2022-02-17 00:00:00-05:00,3.869999885559082,3.869999885559082,3.5999999046325684,3.690000057220459,9400,0.0,0.0
2022-02-18 00:00:00-05:00,3.609999895095825,3.680000066757202,3.609999895095825,3.680000066757202,7000,0.0,0.0
2022-02-22 00:00:00-05:00,3.680000066757202,3.740000009536743,3.630000114440918,3.640000104904175,3100,0.0,0.0
2022-02-23 00:00:00-05:00,3.640000104904175,3.640000104904175,3.4000000953674316,3.549999952316284,26300,0.0,0.0
2022-02-24 00:00:00-05:00,3.3499999046325684,3.450000047683716,3.1500000953674316,3.180000066757202,39200,0.0,0.0
2022-02-25 00:00:00-05:00,3.0999999046325684,3.490000009536743,3.0999999046325684,3.319999933242798,33300,0.0,0.0
2022-02-28 00:00:00-05:00,3.319999933242798,3.490000009536743,3.200000047683716,3.390000104904175,5300,0.0,0.0
2022-03-01 00:00:00-05:00,3.309999942779541,3.4000000953674316,3.1600000858306885,3.299999952316284,8700,0.0,0.0
2022-03-02 00:00:00-05:00,3.319999933242798,3.4100000858306885,3.299999952316284,3.3299999237060547,39400,0.0,0.0
2022-03-03 00:00:00-05:00,3.309999942779541,3.390000104904175,3.299999952316284,3.3399999141693115,13100,0.0,0.0
2022-03-04 00:00:00-05:00,3.259999990463257,3.2899999618530273,3.259999990463257,3.259999990463257,2200,0.0,0.0
2022-03-07 00:00:00-05:00,3.259999990463257,3.319999933242798,3.1700000762939453,3.25,19300,0.0,0.0
2022-03-08 00:00:00-05:00,3.1600000858306885,3.5199999809265137,3.1600000858306885,3.3499999046325684,54100,0.0,0.0
2022-03-09 00:00:00-05:00,3.3499999046325684,3.5999999046325684,3.3499999046325684,3.490000009536743,12400,0.0,0.0
2022-03-10 00:00:00-05:00,3.490000009536743,3.490000009536743,3.440000057220459,3.4600000381469727,2600,0.0,0.0
2022-03-11 00:00:00-05:00,3.4600000381469727,3.5,3.430000066757202,3.490000009536743,8200,0.0,0.0
2022-03-14 00:00:00-04:00,3.4800000190734863,3.4800000190734863,3.059999942779541,3.4000000953674316,8000,0.0,0.0
2022-03-15 00:00:00-04:00,3.299999952316284,3.4000000953674316,3.25,3.25,6400,0.0,0.0
2022-03-16 00:00:00-04:00,3.200000047683716,3.390000104904175,3.009999990463257,3.0999999046325684,18000,0.0,0.0
2022-03-17 00:00:00-04:00,3.0999999046325684,3.369999885559082,2.5399999618530273,3.200000047683716,173300,0.0,0.0
2022-03-18 00:00:00-04:00,3.240000009536743,3.319999933242798,3.240000009536743,3.25,2400,0.0,0.0
2022-03-21 00:00:00-04:00,3.259999990463257,3.319999933242798,3.180000066757202,3.200000047683716,9400,0.0,0.0
2022-03-22 00:00:00-04:00,3.240000009536743,3.319999933242798,3.1500000953674316,3.309999942779541,9600,0.0,0.0
2022-03-23 00:00:00-04:00,3.3299999237060547,3.3299999237060547,3.109999895095825,3.200000047683716,8500,0.0,0.0
2022-03-24 00:00:00-04:00,3.130000114440918,3.299999952316284,3.009999990463257,3.1500000953674316,15100,0.0,0.0
2022-03-25 00:00:00-04:00,3.109999895095825,3.119999885559082,3.0799999237060547,3.119999885559082,6200,0.0,0.0
2022-03-28 00:00:00-04:00,3.0999999046325684,3.490000009536743,2.8499999046325684,3.0299999713897705,18000,0.0,0.0
2022-03-29 00:00:00-04:00,3.1500000953674316,3.4000000953674316,3.1500000953674316,3.390000104904175,189000,0.0,0.0
2022-03-30 00:00:00-04:00,3.4000000953674316,3.8299999237060547,3.380000114440918,3.6600000858306885,72300,0.0,0.0
2022-03-31 00:00:00-04:00,3.5799999237060547,3.75,3.490000009536743,3.700000047683716,39200,0.0,0.0
2022-04-01 00:00:00-04:00,3.5,3.5999999046325684,3.299999952316284,3.450000047683716,22700,0.0,0.0
2022-04-04 00:00:00-04:00,3.2100000381469727,3.549999952316284,3.2100000381469727,3.4000000953674316,16600,0.0,0.0
2022-04-05 00:00:00-04:00,3.4000000953674316,3.4600000381469727,3.2200000286102295,3.2899999618530273,14000,0.0,0.0
2022-04-06 00:00:00-04:00,3.2899999618530273,3.359999895095825,3.2300000190734863,3.25,5800,0.0,0.0
2022-04-07 00:00:00-04:00,3.180000066757202,3.3299999237060547,3.0999999046325684,3.3299999237060547,28100,0.0,0.0
2022-04-08 00:00:00-04:00,3.299999952316284,3.319999933242798,3.25,3.25,3000,0.0,0.0
2022-04-11 00:00:00-04:00,3.0999999046325684,3.25,3.0999999046325684,3.2200000286102295,11600,0.0,0.0
2022-04-12 00:00:00-04:00,3.109999895095825,3.2200000286102295,3.059999942779541,3.1700000762939453,14200,0.0,0.0
2022-04-13 00:00:00-04:00,3.0999999046325684,3.1700000762939453,3.0999999046325684,3.1700000762939453,3600,0.0,0.0
2022-04-14 00:00:00-04:00,3.130000114440918,3.130000114440918,3.0,3.0,5300,0.0,0.0
2022-04-18 00:00:00-04:00,3.049999952316284,3.069999933242798,3.0199999809265137,3.0399999618530273,6900,0.0,0.0
2022-04-19 00:00:00-04:00,3.0299999713897705,3.0299999713897705,2.9100000858306885,2.9800000190734863,24500,0.0,0.0
2022-04-20 00:00:00-04:00,2.9700000286102295,3.0399999618530273,2.819999933242798,2.9000000953674316,18500,0.0,0.0
2022-04-21 00:00:00-04:00,2.890000104904175,3.1500000953674316,2.6500000953674316,3.1500000953674316,42800,0.0,0.0
2022-04-22 00:00:00-04:00,3.049999952316284,3.1700000762939453,2.8499999046325684,2.869999885559082,9600,0.0,0.0
2022-04-25 00:00:00-04:00,2.869999885559082,3.1700000762939453,2.6500000953674316,3.0,38000,0.0,0.0
2022-04-26 00:00:00-04:00,3.049999952316284,3.0999999046325684,3.0,3.0,5700,0.0,0.0
2022-04-27 00:00:00-04:00,3.0199999809265137,3.049999952316284,2.759999990463257,2.890000104904175,20600,0.0,0.0
2022-04-28 00:00:00-04:00,2.7899999618530273,2.9000000953674316,2.7899999618530273,2.9000000953674316,22700,0.0,0.0
2022-04-29 00:00:00-04:00,2.8499999046325684,2.8499999046325684,2.680000066757202,2.75,14200,0.0,0.0
2022-05-02 00:00:00-04:00,2.740000009536743,2.8499999046325684,2.4600000381469727,2.700000047683716,33000,0.0,0.0
2022-05-03 00:00:00-04:00,2.3499999046325684,2.799999952316284,2.3499999046325684,2.5999999046325684,30700,0.0,0.0
2022-05-04 00:00:00-04:00,2.509999990463257,2.740000009536743,2.509999990463257,2.700000047683716,11100,0.0,0.0
2022-05-05 00:00:00-04:00,2.700000047683716,2.8399999141693115,2.619999885559082,2.8399999141693115,16100,0.0,0.0
2022-05-06 00:00:00-04:00,2.8399999141693115,2.8399999141693115,2.700000047683716,2.799999952316284,12500,0.0,0.0
2022-05-09 00:00:00-04:00,2.690000057220459,2.75,2.5,2.509999990463257,34200,0.0,0.0
2022-05-10 00:00:00-04:00,2.509999990463257,2.5799999237060547,2.309999942779541,2.549999952316284,9500,0.0,0.0
2022-05-11 00:00:00-04:00,2.450000047683716,2.5899999141693115,2.450000047683716,2.549999952316284,6500,0.0,0.0
2022-05-12 00:00:00-04:00,2.5299999713897705,3.0,2.450000047683716,2.9700000286102295,56800,0.0,0.0
2022-05-13 00:00:00-04:00,2.990000009536743,3.450000047683716,2.809999942779541,3.450000047683716,90200,0.0,0.0
2022-05-16 00:00:00-04:00,3.4000000953674316,3.4000000953674316,3.200000047683716,3.2699999809265137,3600,0.0,0.0
2022-05-17 00:00:00-04:00,3.200000047683716,3.450000047683716,3.200000047683716,3.450000047683716,21400,0.0,0.0
2022-05-18 00:00:00-04:00,3.450000047683716,3.4800000190734863,3.3499999046325684,3.3499999046325684,14200,0.0,0.0
2022-05-19 00:00:00-04:00,3.25,3.440000057220459,3.25,3.3299999237060547,12200,0.0,0.0
2022-05-20 00:00:00-04:00,3.309999942779541,3.440000057220459,3.0,3.25,35400,0.0,0.0
2022-05-23 00:00:00-04:00,3.200000047683716,3.240000009536743,3.009999990463257,3.1700000762939453,7400,0.0,0.0
2022-05-24 00:00:00-04:00,3.059999942779541,3.1500000953674316,3.059999942779541,3.130000114440918,1600,0.0,0.0
2022-05-25 00:00:00-04:00,3.0999999046325684,3.140000104904175,3.0199999809265137,3.0899999141693115,3000,0.0,0.0
2022-05-26 00:00:00-04:00,3.0399999618530273,3.200000047683716,3.0299999713897705,3.0999999046325684,4500,0.0,0.0
2022-05-27 00:00:00-04:00,3.0999999046325684,3.25,3.0999999046325684,3.200000047683716,30500,0.0,0.0
2022-05-31 00:00:00-04:00,3.1500000953674316,3.2799999713897705,3.0199999809265137,3.200000047683716,24400,0.0,0.0
2022-06-01 00:00:00-04:00,3.1500000953674316,3.2300000190734863,2.799999952316284,3.2100000381469727,16100,0.0,0.0
2022-06-02 00:00:00-04:00,2.8499999046325684,3.190000057220459,2.8499999046325684,3.119999885559082,8400,0.0,0.0
2022-06-03 00:00:00-04:00,3.0,3.200000047683716,2.8499999046325684,3.200000047683716,33100,0.0,0.0
2022-06-06 00:00:00-04:00,3.200000047683716,3.200000047683716,2.8499999046325684,3.0,21600,0.0,0.0
2022-06-07 00:00:00-04:00,3.0,3.140000104904175,2.950000047683716,2.9700000286102295,8500,0.0,0.0
2022-06-08 00:00:00-04:00,2.930000066757202,3.009999990463257,2.9100000858306885,3.009999990463257,31900,0.0,0.0
2022-06-09 00:00:00-04:00,2.9100000858306885,3.140000104904175,2.9000000953674316,2.990000009536743,56800,0.0,0.0
2022-06-10 00:00:00-04:00,2.990000009536743,2.990000009536743,2.990000009536743,2.990000009536743,0,0.0,0.0
2022-06-13 00:00:00-04:00,2.9100000858306885,3.0,2.799999952316284,2.950000047683716,33700,0.0,0.0
2022-06-14 00:00:00-04:00,2.9000000953674316,2.9200000762939453,2.7899999618530273,2.8499999046325684,10200,0.0,0.0
2022-06-15 00:00:00-04:00,2.8499999046325684,3.0,2.7200000286102295,3.0,23900,0.0,0.0
2022-06-16 00:00:00-04:00,2.930000066757202,2.990000009536743,2.859999895095825,2.990000009536743,16700,0.0,0.0
2022-06-17 00:00:00-04:00,2.9000000953674316,2.990000009536743,2.75,2.890000104904175,39500,0.0,0.0
2022-06-21 00:00:00-04:00,2.869999885559082,2.869999885559082,2.809999942779541,2.8399999141693115,26500,0.0,0.0
2022-06-22 00:00:00-04:00,2.75,2.8399999141693115,2.75,2.819999933242798,37000,0.0,0.0
2022-06-23 00:00:00-04:00,2.859999895095825,3.240000009536743,2.759999990463257,3.1500000953674316,36500,0.0,0.0
2022-06-24 00:00:00-04:00,3.0999999046325684,3.0999999046325684,2.9100000858306885,3.0,24500,0.0,0.0
2022-06-27 00:00:00-04:00,2.9000000953674316,3.0999999046325684,2.9000000953674316,3.0899999141693115,800,0.0,0.0
2022-06-28 00:00:00-04:00,3.0,3.0899999141693115,2.950000047683716,3.0899999141693115,107200,0.0,0.0
2022-06-29 00:00:00-04:00,3.0,3.0399999618530273,3.0,3.0399999618530273,1900,0.0,0.0
2022-06-30 00:00:00-04:00,3.0,3.0,2.9600000381469727,2.9600000381469727,200,0.0,0.0
2022-07-01 00:00:00-04:00,3.0,3.0,2.950000047683716,2.950000047683716,3000,0.0,0.0
2022-07-05 00:00:00-04:00,2.9800000190734863,3.0899999141693115,2.950000047683716,3.0899999141693115,13900,0.0,0.0
2022-07-06 00:00:00-04:00,3.0899999141693115,3.0899999141693115,3.0399999618530273,3.0899999141693115,5000,0.0,0.0
2022-07-07 00:00:00-04:00,2.9100000858306885,3.25,2.9100000858306885,3.25,28000,0.0,0.0
2022-07-08 00:00:00-04:00,3.1500000953674316,3.25,3.0999999046325684,3.2300000190734863,29800,0.0,0.0
2022-07-11 00:00:00-04:00,3.2300000190734863,3.240000009536743,3.180000066757202,3.240000009536743,4700,0.0,0.0
2022-07-12 00:00:00-04:00,3.240000009536743,3.240000009536743,3.200000047683716,3.240000009536743,5800,0.0,0.0
2022-07-13 00:00:00-04:00,3.240000009536743,3.240000009536743,3.2300000190734863,3.240000009536743,2400,0.0,0.0
2022-07-14 00:00:00-04:00,3.2100000381469727,3.2300000190734863,3.059999942779541,3.2200000286102295,10000,0.0,0.0
2022-07-15 00:00:00-04:00,3.1600000858306885,3.2200000286102295,3.1600000858306885,3.200000047683716,4400,0.0,0.0
2022-07-18 00:00:00-04:00,3.0999999046325684,3.200000047683716,3.0999999046325684,3.200000047683716,3300,0.0,0.0
2022-07-19 00:00:00-04:00,3.200000047683716,3.200000047683716,2.7799999713897705,3.190000057220459,44300,0.0,0.0
2022-07-20 00:00:00-04:00,3.190000057220459,3.190000057220459,3.0399999618530273,3.190000057220459,1800,0.0,0.0
2022-07-21 00:00:00-04:00,3.059999942779541,3.190000057220459,3.059999942779541,3.190000057220459,2000,0.0,0.0
2022-07-22 00:00:00-04:00,3.049999952316284,3.130000114440918,2.9600000381469727,3.130000114440918,3500,0.0,0.0
2022-07-25 00:00:00-04:00,3.069999933242798,3.130000114440918,2.799999952316284,3.130000114440918,10500,0.0,0.0
2022-07-26 00:00:00-04:00,3.0,3.0799999237060547,3.0,3.0799999237060547,10700,0.0,0.0
2022-07-27 00:00:00-04:00,3.0,3.0999999046325684,3.0,3.0999999046325684,14000,0.0,0.0
2022-07-28 00:00:00-04:00,3.0899999141693115,3.0899999141693115,3.0899999141693115,3.0899999141693115,1200,0.0,0.0
2022-07-29 00:00:00-04:00,3.0899999141693115,3.0899999141693115,3.049999952316284,3.0799999237060547,1900,0.0,0.0
2022-08-01 00:00:00-04:00,3.0,3.0799999237060547,3.0,3.069999933242798,7400,0.0,0.0
2022-08-02 00:00:00-04:00,3.0,3.130000114440918,3.0,3.0999999046325684,4600,0.0,0.0
2022-08-03 00:00:00-04:00,3.0999999046325684,3.0999999046325684,2.5199999809265137,3.049999952316284,57500,0.0,0.0
2022-08-04 00:00:00-04:00,3.0799999237060547,3.0799999237060547,2.9000000953674316,3.0799999237060547,5900,0.0,0.0
2022-08-05 00:00:00-04:00,3.059999942779541,3.140000104904175,2.9100000858306885,3.0999999046325684,32600,0.0,0.0
2022-08-08 00:00:00-04:00,3.069999933242798,3.0999999046325684,3.069999933242798,3.0999999046325684,600,0.0,0.0
2022-08-09 00:00:00-04:00,3.0999999046325684,3.0999999046325684,3.049999952316284,3.0899999141693115,1500,0.0,0.0
2022-08-10 00:00:00-04:00,3.059999942779541,3.059999942779541,2.880000114440918,3.0199999809265137,16200,0.0,0.0
2022-08-11 00:00:00-04:00,3.0,3.0899999141693115,2.950000047683716,3.0899999141693115,2400,0.0,0.0
2022-08-12 00:00:00-04:00,3.0899999141693115,3.0899999141693115,3.0899999141693115,3.0899999141693115,400,0.0,0.0
2022-08-15 00:00:00-04:00,3.0299999713897705,3.0899999141693115,3.009999990463257,3.0899999141693115,800,0.0,0.0
2022-08-16 00:00:00-04:00,3.049999952316284,3.0899999141693115,2.809999942779541,3.059999942779541,24300,0.0,0.0
2022-08-17 00:00:00-04:00,3.069999933242798,3.140000104904175,2.950000047683716,3.140000104904175,53700,0.0,0.0
2022-08-18 00:00:00-04:00,3.119999885559082,3.140000104904175,3.109999895095825,3.109999895095825,7700,0.0,0.0
2022-08-19 00:00:00-04:00,3.119999885559082,3.140000104904175,2.9600000381469727,3.0999999046325684,19800,0.0,0.0
2022-08-22 00:00:00-04:00,3.049999952316284,3.0899999141693115,3.0,3.049999952316284,6300,0.0,0.0
2022-08-23 00:00:00-04:00,3.049999952316284,3.049999952316284,2.569999933242798,2.759999990463257,64600,0.0,0.0
2022-08-24 00:00:00-04:00,3.0,3.0,2.5999999046325684,2.7799999713897705,8300,0.0,0.0
2022-08-25 00:00:00-04:00,2.75,2.809999942779541,2.740000009536743,2.799999952316284,44900,0.0,0.0
2022-08-26 00:00:00-04:00,2.799999952316284,2.799999952316284,2.799999952316284,2.799999952316284,2000,0.0,0.0
2022-08-29 00:00:00-04:00,2.799999952316284,2.799999952316284,2.759999990463257,2.759999990463257,11800,0.0,0.0
2022-08-30 00:00:00-04:00,2.799999952316284,2.799999952316284,2.700000047683716,2.7799999713897705,8100,0.0,0.0
2022-08-31 00:00:00-04:00,2.7799999713897705,2.7799999713897705,2.700000047683716,2.740000009536743,4500,0.0,0.0
2022-09-01 00:00:00-04:00,2.700000047683716,2.7899999618530273,2.509999990463257,2.700000047683716,24500,0.0,0.0
2022-09-02 00:00:00-04:00,2.700000047683716,2.700000047683716,2.6500000953674316,2.700000047683716,1900,0.0,0.0
2022-09-06 00:00:00-04:00,2.609999895095825,2.6600000858306885,2.609999895095825,2.6600000858306885,600,0.0,0.0
2022-09-07 00:00:00-04:00,2.640000104904175,2.6600000858306885,2.630000114440918,2.6600000858306885,500,0.0,0.0
2022-09-08 00:00:00-04:00,2.619999885559082,2.619999885559082,2.450000047683716,2.5899999141693115,17100,0.0,0.0
2022-09-09 00:00:00-04:00,2.5999999046325684,2.5999999046325684,2.5999999046325684,2.5999999046325684,3100,0.0,0.0
2022-09-12 00:00:00-04:00,2.630000114440918,2.630000114440918,2.450000047683716,2.490000009536743,5600,0.0,0.0
2022-09-13 00:00:00-04:00,2.490000009536743,2.490000009536743,2.3299999237060547,2.4000000953674316,9800,0.0,0.0
2022-09-14 00:00:00-04:00,2.4000000953674316,2.450000047683716,2.3399999141693115,2.3399999141693115,8700,0.0,0.0
2022-09-15 00:00:00-04:00,2.359999895095825,2.359999895095825,2.309999942779541,2.359999895095825,5600,0.0,0.0
2022-09-16 00:00:00-04:00,2.3299999237060547,2.390000104904175,2.25,2.390000104904175,22200,0.0,0.0
2022-09-19 00:00:00-04:00,2.299999952316284,2.390000104904175,2.299999952316284,2.319999933242798,5000,0.0,0.0
2022-09-20 00:00:00-04:00,2.309999942779541,2.390000104904175,2.309999942779541,2.390000104904175,700,0.0,0.0
2022-09-21 00:00:00-04:00,2.359999895095825,2.359999895095825,2.2799999713897705,2.3499999046325684,12700,0.0,0.0
2022-09-22 00:00:00-04:00,2.2699999809265137,2.4000000953674316,2.119999885559082,2.3499999046325684,39800,0.0,0.0
2022-09-23 00:00:00-04:00,2.369999885559082,2.380000114440918,2.359999895095825,2.380000114440918,900,0.0,0.0
2022-09-26 00:00:00-04:00,2.369999885559082,2.390000104904175,2.309999942779541,2.390000104904175,9500,0.0,0.0
2022-09-27 00:00:00-04:00,2.3499999046325684,2.390000104904175,2.1700000762939453,2.390000104904175,7900,0.0,0.0
2022-09-28 00:00:00-04:00,2.2899999618530273,2.4000000953674316,2.2899999618530273,2.380000114440918,3200,0.0,0.0
2022-09-29 00:00:00-04:00,2.2799999713897705,2.380000114440918,2.2799999713897705,2.380000114440918,1500,0.0,0.0
2022-09-30 00:00:00-04:00,2.3399999141693115,2.369999885559082,2.3399999141693115,2.369999885559082,300,0.0,0.0
2022-10-03 00:00:00-04:00,2.3499999046325684,2.380000114440918,2.2100000381469727,2.380000114440918,16100,0.0,0.0
2022-10-04 00:00:00-04:00,2.2100000381469727,2.490000009536743,2.2100000381469727,2.490000009536743,17500,0.0,0.0
2022-10-05 00:00:00-04:00,2.3499999046325684,2.450000047683716,2.3499999046325684,2.450000047683716,1300,0.0,0.0
2022-10-06 00:00:00-04:00,2.4000000953674316,2.5,2.4000000953674316,2.5,7100,0.0,0.0
2022-10-07 00:00:00-04:00,2.490000009536743,2.490000009536743,2.490000009536743,2.490000009536743,800,0.0,0.0
2022-10-10 00:00:00-04:00,2.450000047683716,2.5,2.25,2.440000057220459,28600,0.0,0.0
2022-10-11 00:00:00-04:00,2.490000009536743,2.5,2.4000000953674316,2.490000009536743,8700,0.0,0.0
2022-10-12 00:00:00-04:00,2.440000057220459,2.4800000190734863,2.4100000858306885,2.4800000190734863,4700,0.0,0.0
2022-10-13 00:00:00-04:00,2.440000057220459,2.4700000286102295,2.440000057220459,2.4700000286102295,7300,0.0,0.0
2022-10-14 00:00:00-04:00,2.4700000286102295,2.4800000190734863,2.440000057220459,2.440000057220459,4900,0.0,0.0
2022-10-17 00:00:00-04:00,2.4200000762939453,2.4700000286102295,2.359999895095825,2.450000047683716,5400,0.0,0.0
2022-10-18 00:00:00-04:00,2.4000000953674316,2.4700000286102295,2.359999895095825,2.4700000286102295,1600,0.0,0.0
2022-10-19 00:00:00-04:00,2.4700000286102295,2.4700000286102295,2.4700000286102295,2.4700000286102295,300,0.0,0.0
2022-10-20 00:00:00-04:00,2.4700000286102295,2.4700000286102295,2.369999885559082,2.4700000286102295,1700,0.0,0.0
2022-10-21 00:00:00-04:00,2.4700000286102295,2.4700000286102295,2.4700000286102295,2.4700000286102295,0,0.0,0.0
2022-10-24 00:00:00-04:00,2.4000000953674316,2.4200000762939453,2.25,2.4100000858306885,19800,0.0,0.0
2022-10-25 00:00:00-04:00,2.4100000858306885,2.4100000858306885,2.2899999618530273,2.390000104904175,6700,0.0,0.0
2022-10-26 00:00:00-04:00,2.390000104904175,2.390000104904175,2.390000104904175,2.390000104904175,100,0.0,0.0
2022-10-27 00:00:00-04:00,2.369999885559082,2.4000000953674316,2.299999952316284,2.4000000953674316,900,0.0,0.0
2022-10-28 00:00:00-04:00,2.380000114440918,2.4000000953674316,2.3499999046325684,2.3499999046325684,2000,0.0,0.0
2022-10-31 00:00:00-04:00,2.380000114440918,2.380000114440918,2.380000114440918,2.380000114440918,1300,0.0,0.0
2022-11-01 00:00:00-04:00,2.3499999046325684,2.380000114440918,2.200000047683716,2.380000114440918,2800,0.0,0.0
2022-11-02 00:00:00-04:00,2.4000000953674316,2.5,2.319999933242798,2.450000047683716,46600,0.0,0.0
2022-11-03 00:00:00-04:00,2.4000000953674316,2.4000000953674316,2.25,2.3399999141693115,10500,0.0,0.0
2022-11-04 00:00:00-04:00,2.2799999713897705,2.490000009536743,2.200000047683716,2.4200000762939453,51100,0.0,0.0
2022-11-07 00:00:00-05:00,2.259999990463257,2.4200000762939453,2.259999990463257,2.299999952316284,2500,0.0,0.0
2022-11-08 00:00:00-05:00,2.299999952316284,2.3399999141693115,2.259999990463257,2.3399999141693115,3600,0.0,0.0
2022-11-09 00:00:00-05:00,2.299999952316284,2.299999952316284,2.1500000953674316,2.1500000953674316,8000,0.0,0.0
2022-11-10 00:00:00-05:00,2.1700000762939453,2.1700000762939453,1.9600000381469727,2.049999952316284,10400,0.0,0.0
2022-11-11 00:00:00-05:00,1.9700000286102295,2.009999990463257,1.7699999809265137,2.009999990463257,17400,0.0,0.0
2022-11-14 00:00:00-05:00,1.850000023841858,1.9900000095367432,1.7999999523162842,1.899999976158142,18700,0.0,0.0
2022-11-15 00:00:00-05:00,1.7999999523162842,1.850000023841858,1.7000000476837158,1.7000000476837158,13200,0.0,0.0
2022-11-16 00:00:00-05:00,1.600000023841858,1.7000000476837158,1.3600000143051147,1.399999976158142,48100,0.0,0.0
2022-11-17 00:00:00-05:00,1.440000057220459,1.4800000190734863,1.2599999904632568,1.4800000190734863,95600,0.0,0.0
2022-11-18 00:00:00-05:00,1.399999976158142,1.4700000286102295,1.3700000047683716,1.4700000286102295,107800,0.0,0.0
2022-11-21 00:00:00-05:00,1.4700000286102295,1.4700000286102295,1.340000033378601,1.4299999475479126,25500,0.0,0.0
2022-11-22 00:00:00-05:00,1.309999942779541,1.399999976158142,1.2699999809265137,1.3700000047683716,13000,0.0,0.0
2022-11-23 00:00:00-05:00,1.309999942779541,1.4500000476837158,1.309999942779541,1.399999976158142,5200,0.0,0.0
2022-11-25 00:00:00-05:00,1.3899999856948853,1.440000057220459,1.350000023841858,1.399999976158142,14600,0.0,0.0
2022-11-28 00:00:00-05:00,1.399999976158142,1.5,1.3899999856948853,1.5,5200,0.0,0.0
2022-11-29 00:00:00-05:00,1.5099999904632568,1.5399999618530273,1.4500000476837158,1.5399999618530273,5100,0.0,0.0
2022-11-30 00:00:00-05:00,1.5399999618530273,1.559999942779541,1.5,1.559999942779541,10200,0.0,0.0
2022-12-01 00:00:00-05:00,1.5099999904632568,1.5099999904632568,1.1799999475479126,1.2699999809265137,68900,0.0,0.0
2022-12-02 00:00:00-05:00,1.2899999618530273,1.3700000047683716,1.2799999713897705,1.3600000143051147,6200,0.0,0.0
2022-12-05 00:00:00-05:00,1.3600000143051147,1.399999976158142,1.309999942779541,1.3600000143051147,2400,0.0,0.0
2022-12-06 00:00:00-05:00,1.2599999904632568,1.2599999904632568,1.1799999475479126,1.2000000476837158,176700,0.0,0.0
2022-12-07 00:00:00-05:00,1.1799999475479126,1.2000000476837158,1.1200000047683716,1.190000057220459,10300,0.0,0.0
2022-12-08 00:00:00-05:00,1.1799999475479126,1.2000000476837158,1.1299999952316284,1.1799999475479126,132300,0.0,0.0
2022-12-09 00:00:00-05:00,1.2000000476837158,1.2000000476837158,1.100000023841858,1.1200000047683716,31000,0.0,0.0
2022-12-12 00:00:00-05:00,1.1100000143051147,1.3300000429153442,1.100000023841858,1.3300000429153442,63700,0.0,0.0
2022-12-13 00:00:00-05:00,1.2899999618530273,1.3899999856948853,1.2899999618530273,1.3200000524520874,12600,0.0,0.0
2022-12-14 00:00:00-05:00,1.2899999618530273,1.399999976158142,1.1200000047683716,1.25,12700,0.0,0.0
2022-12-15 00:00:00-05:00,1.2200000286102295,1.2400000095367432,1.090000033378601,1.1200000047683716,498100,0.0,0.0
2022-12-16 00:00:00-05:00,1.1200000047683716,1.2899999618530273,1.100000023841858,1.2000000476837158,107800,0.0,0.0
2022-12-19 00:00:00-05:00,1.190000057220459,1.190000057220459,1.100000023841858,1.1299999952316284,31800,0.0,0.0
2022-12-20 00:00:00-05:00,1.1299999952316284,1.190000057220459,1.1299999952316284,1.1699999570846558,5400,0.0,0.0
2022-12-21 00:00:00-05:00,1.149999976158142,1.1799999475479126,1.100000023841858,1.149999976158142,7200,0.0,0.0
2022-12-22 00:00:00-05:00,1.1399999856948853,1.1799999475479126,1.1100000143051147,1.1699999570846558,9100,0.0,0.0
2022-12-23 00:00:00-05:00,1.149999976158142,1.1799999475479126,1.100000023841858,1.1799999475479126,5200,0.0,0.0
2022-12-27 00:00:00-05:00,1.1799999475479126,1.1799999475479126,1.1100000143051147,1.159999966621399,4500,0.0,0.0
2022-12-28 00:00:00-05:00,1.1699999570846558,1.2300000190734863,1.149999976158142,1.149999976158142,3700,0.0,0.0
2022-12-29 00:00:00-05:00,1.1200000047683716,1.1699999570846558,1.1100000143051147,1.149999976158142,5300,0.0,0.0
2022-12-30 00:00:00-05:00,1.1299999952316284,1.149999976158142,1.1100000143051147,1.1299999952316284,14300,0.0,0.0
2023-01-03 00:00:00-05:00,1.1299999952316284,1.1399999856948853,1.100000023841858,1.1299999952316284,23000,0.0,0.0
2023-01-04 00:00:00-05:00,1.1299999952316284,1.190000057220459,1.100000023841858,1.1799999475479126,27400,0.0,0.0
2023-01-05 00:00:00-05:00,1.1699999570846558,1.2899999618530273,1.149999976158142,1.2899999618530273,13200,0.0,0.0
2023-01-06 00:00:00-05:00,1.2000000476837158,1.2899999618530273,1.1799999475479126,1.2000000476837158,10100,0.0,0.0
2023-01-09 00:00:00-05:00,1.2799999713897705,1.2799999713897705,1.149999976158142,1.190000057220459,2000,0.0,0.0
2023-01-10 00:00:00-05:00,1.159999966621399,1.1699999570846558,1.100000023841858,1.100000023841858,17000,0.0,0.0
2023-01-11 00:00:00-05:00,1.100000023841858,1.1200000047683716,1.100000023841858,1.1200000047683716,5700,0.0,0.0
2023-01-12 00:00:00-05:00,1.1100000143051147,1.149999976158142,1.1100000143051147,1.149999976158142,4600,0.0,0.0
2023-01-13 00:00:00-05:00,1.100000023841858,1.149999976158142,1.100000023841858,1.1200000047683716,9300,0.0,0.0
2023-01-17 00:00:00-05:00,1.100000023841858,1.1399999856948853,1.100000023841858,1.1399999856948853,1400,0.0,0.0
2023-01-18 00:00:00-05:00,1.1399999856948853,1.1399999856948853,1.100000023841858,1.1299999952316284,13700,0.0,0.0
2023-01-19 00:00:00-05:00,1.1200000047683716,1.1299999952316284,1.1100000143051147,1.1100000143051147,3200,0.0,0.0
2023-01-20 00:00:00-05:00,1.1200000047683716,1.1200000047683716,1.090000033378601,1.1200000047683716,8100,0.0,0.0
2023-01-23 00:00:00-05:00,1.1200000047683716,1.1200000047683716,1.0399999618530273,1.100000023841858,28700,0.0,0.0
2023-01-24 00:00:00-05:00,1.100000023841858,1.100000023841858,1.100000023841858,1.100000023841858,1700,0.0,0.0
2023-01-25 00:00:00-05:00,1.059999942779541,1.1399999856948853,1.059999942779541,1.100000023841858,1600,0.0,0.0
2023-01-26 00:00:00-05:00,1.090000033378601,1.1200000047683716,1.090000033378601,1.090000033378601,700,0.0,0.0
2023-01-27 00:00:00-05:00,1.090000033378601,1.1399999856948853,1.0,1.1399999856948853,17400,0.0,0.0
2023-01-30 00:00:00-05:00,1.100000023841858,1.1399999856948853,1.0399999618530273,1.0800000429153442,2100,0.0,0.0
2023-01-31 00:00:00-05:00,1.0800000429153442,1.1399999856948853,1.0700000524520874,1.100000023841858,2600,0.0,0.0
2023-02-01 00:00:00-05:00,1.100000023841858,1.100000023841858,1.0800000429153442,1.090000033378601,5100,0.0,0.0
2023-02-02 00:00:00-05:00,1.1399999856948853,1.2000000476837158,1.100000023841858,1.100000023841858,11600,0.0,0.0
2023-02-03 00:00:00-05:00,1.0800000429153442,1.1799999475479126,1.0800000429153442,1.100000023841858,1800,0.0,0.0
2023-02-06 00:00:00-05:00,1.100000023841858,1.100000023841858,1.090000033378601,1.100000023841858,7000,0.0,0.0
2023-02-07 00:00:00-05:00,1.0800000429153442,1.1799999475479126,1.0800000429153442,1.100000023841858,19300,0.0,0.0
2023-02-08 00:00:00-05:00,1.100000023841858,1.100000023841858,1.090000033378601,1.090000033378601,8600,0.0,0.0
2023-02-09 00:00:00-05:00,1.090000033378601,1.2400000095367432,1.0800000429153442,1.2300000190734863,68800,0.0,0.0
2023-02-10 00:00:00-05:00,1.100000023841858,1.3700000047683716,1.100000023841858,1.309999942779541,62900,0.0,0.0
2023-02-13 00:00:00-05:00,1.2599999904632568,1.5499999523162842,1.2599999904632568,1.5499999523162842,24100,0.0,0.0
2023-02-14 00:00:00-05:00,1.5499999523162842,1.649999976158142,1.4900000095367432,1.5700000524520874,14700,0.0,0.0
2023-02-15 00:00:00-05:00,1.6100000143051147,1.6100000143051147,1.399999976158142,1.600000023841858,2900,0.0,0.0
2023-02-16 00:00:00-05:00,1.5199999809265137,1.5800000429153442,1.4900000095367432,1.5800000429153442,4500,0.0,0.0
2023-02-17 00:00:00-05:00,1.5499999523162842,1.5499999523162842,1.4700000286102295,1.4800000190734863,46100,0.0,0.0
2023-02-21 00:00:00-05:00,1.4700000286102295,1.4700000286102295,1.4700000286102295,1.4700000286102295,200,0.0,0.0
2023-02-22 00:00:00-05:00,1.5,1.5399999618530273,1.4900000095367432,1.5,5600,0.0,0.0
2023-02-23 00:00:00-05:00,1.4800000190734863,1.4800000190734863,1.4700000286102295,1.4800000190734863,500,0.0,0.0
2023-02-24 00:00:00-05:00,1.4800000190734863,1.4800000190734863,1.4700000286102295,1.4700000286102295,1200,0.0,0.0
2023-02-27 00:00:00-05:00,1.4299999475479126,1.4700000286102295,1.25,1.4700000286102295,7300,0.0,0.0
2023-02-28 00:00:00-05:00,1.409999966621399,1.440000057220459,1.399999976158142,1.4299999475479126,6400,0.0,0.0
2023-03-01 00:00:00-05:00,1.399999976158142,1.399999976158142,1.399999976158142,1.399999976158142,1900,0.0,0.0
2023-03-02 00:00:00-05:00,1.440000057220459,1.5,1.409999966621399,1.5,1800,0.0,0.0
2023-03-03 00:00:00-05:00,1.600000023841858,1.75,1.590000033378601,1.75,21100,0.0,0.0
2023-03-06 00:00:00-05:00,1.7699999809265137,1.7999999523162842,1.5299999713897705,1.7699999809265137,10900,0.0,0.0
2023-03-07 00:00:00-05:00,1.75,1.75,1.7300000190734863,1.75,2300,0.0,0.0
2023-03-08 00:00:00-05:00,1.7300000190734863,1.7899999618530273,1.7100000381469727,1.7300000190734863,3300,0.0,0.0
2023-03-09 00:00:00-05:00,1.7899999618530273,1.7899999618530273,1.7699999809265137,1.7899999618530273,400,0.0,0.0
2023-03-10 00:00:00-05:00,1.7999999523162842,1.7999999523162842,1.690000057220459,1.7200000286102295,9700,0.0,0.0
2023-03-13 00:00:00-04:00,1.649999976158142,1.7100000381469727,1.649999976158142,1.7100000381469727,900,0.0,0.0
2023-03-14 00:00:00-04:00,1.6799999475479126,1.6799999475479126,1.649999976158142,1.649999976158142,3200,0.0,0.0
2023-03-15 00:00:00-04:00,1.649999976158142,1.649999976158142,1.559999942779541,1.5700000524520874,3900,0.0,0.0
2023-03-16 00:00:00-04:00,1.5399999618530273,1.5399999618530273,1.4800000190734863,1.5,4600,0.0,0.0
2023-03-17 00:00:00-04:00,1.4900000095367432,1.5299999713897705,1.4900000095367432,1.5,2800,0.0,0.0
2023-03-20 00:00:00-04:00,1.5299999713897705,1.5299999713897705,1.25,1.309999942779541,8100,0.0,0.0
2023-03-21 00:00:00-04:00,1.350000023841858,1.350000023841858,1.2400000095367432,1.2999999523162842,3400,0.0,0.0
2023-03-22 00:00:00-04:00,1.2999999523162842,1.2999999523162842,1.2999999523162842,1.2999999523162842,0,0.0,0.0
2023-03-23 00:00:00-04:00,1.2999999523162842,1.3200000524520874,1.2999999523162842,1.2999999523162842,3100,0.0,0.0
2023-03-24 00:00:00-04:00,1.2999999523162842,1.2999999523162842,1.2999999523162842,1.2999999523162842,1100,0.0,0.0
2023-03-27 00:00:00-04:00,1.2599999904632568,1.2599999904632568,1.1399999856948853,1.1399999856948853,15900,0.0,0.0
2023-03-28 00:00:00-04:00,1.1299999952316284,1.2300000190734863,1.1299999952316284,1.149999976158142,3100,0.0,0.0
2023-03-29 00:00:00-04:00,1.149999976158142,1.2200000286102295,1.1399999856948853,1.149999976158142,6100,0.0,0.0
2023-03-30 00:00:00-04:00,1.1100000143051147,1.2799999713897705,1.0800000429153442,1.149999976158142,20900,0.0,0.0
2023-03-31 00:00:00-04:00,1.159999966621399,1.2899999618530273,1.159999966621399,1.2799999713897705,6600,0.0,0.0
2023-04-03 00:00:00-04:00,1.2999999523162842,1.340000033378601,1.2899999618530273,1.2899999618530273,2500,0.0,0.0
2023-04-04 00:00:00-04:00,1.2899999618530273,1.2899999618530273,1.2899999618530273,1.2899999618530273,0,0.0,0.0
2023-04-05 00:00:00-04:00,1.2799999713897705,1.3300000429153442,1.2799999713897705,1.3200000524520874,4100,0.0,0.0
2023-04-06 00:00:00-04:00,1.3200000524520874,1.4500000476837158,1.1699999570846558,1.4500000476837158,18300,0.0,0.0
2023-04-10 00:00:00-04:00,1.309999942779541,1.4500000476837158,1.2300000190734863,1.2599999904632568,36400,0.0,0.0
2023-04-11 00:00:00-04:00,1.25,1.4199999570846558,1.25,1.399999976158142,7200,0.0,0.0
2023-04-12 00:00:00-04:00,1.350000023841858,1.399999976158142,1.350000023841858,1.399999976158142,7200,0.0,0.0
2023-04-13 00:00:00-04:00,1.3799999952316284,1.3799999952316284,1.3799999952316284,1.3799999952316284,100,0.0,0.0
2023-04-14 00:00:00-04:00,1.350000023841858,1.3700000047683716,1.350000023841858,1.3700000047683716,300,0.0,0.0
2023-04-17 00:00:00-04:00,1.3600000143051147,1.3600000143051147,1.159999966621399,1.2400000095367432,12300,0.0,0.0
2023-04-18 00:00:00-04:00,1.2799999713897705,1.340000033378601,1.2300000190734863,1.2599999904632568,6000,0.0,0.0
2023-04-19 00:00:00-04:00,1.2000000476837158,1.2799999713897705,1.149999976158142,1.2799999713897705,61900,0.0,0.0
2023-04-20 00:00:00-04:00,1.2799999713897705,1.2799999713897705,1.2799999713897705,1.2799999713897705,0,0.0,0.0
2023-04-21 00:00:00-04:00,1.2000000476837158,1.2599999904632568,1.149999976158142,1.2599999904632568,1700,0.0,0.0
2023-04-24 00:00:00-04:00,1.2000000476837158,1.2000000476837158,1.1399999856948853,1.1799999475479126,15800,0.0,0.0
2023-04-25 00:00:00-04:00,1.1399999856948853,1.149999976158142,1.059999942779541,1.149999976158142,45500,0.0,0.0
2023-04-26 00:00:00-04:00,1.100000023841858,1.100000023841858,0.8299999833106995,0.8999999761581421,140600,0.0,0.0
2023-04-27 00:00:00-04:00,0.8600000143051147,1.0,0.8199999928474426,0.8899999856948853,23200,0.0,0.0
2023-04-28 00:00:00-04:00,0.8899999856948853,0.9399999976158142,0.8700000047683716,0.9399999976158142,2000,0.0,0.0
2023-05-01 00:00:00-04:00,0.9300000071525574,0.9399999976158142,0.9300000071525574,0.9300000071525574,14400,0.0,0.0
2023-05-02 00:00:00-04:00,0.8999999761581421,0.8999999761581421,0.8399999737739563,0.8399999737739563,34100,0.0,0.0
2023-05-03 00:00:00-04:00,0.8299999833106995,0.8500000238418579,0.8299999833106995,0.8500000238418579,9900,0.0,0.0
2023-05-04 00:00:00-04:00,0.800000011920929,0.8500000238418579,0.7900000214576721,0.800000011920929,64900,0.0,0.0
2023-05-05 00:00:00-04:00,0.8100000023841858,0.8100000023841858,0.7799999713897705,0.800000011920929,11500,0.0,0.0
2023-05-08 00:00:00-04:00,0.75,0.8199999928474426,0.6700000166893005,0.699999988079071,80700,0.0,0.0
2023-05-09 00:00:00-04:00,0.75,0.75,0.699999988079071,0.699999988079071,1400,0.0,0.0
2023-05-10 00:00:00-04:00,0.699999988079071,0.75,0.6800000071525574,0.6800000071525574,24800,0.0,0.0
2023-05-11 00:00:00-04:00,0.699999988079071,0.699999988079071,0.6899999976158142,0.6899999976158142,400,0.0,0.0
2023-05-12 00:00:00-04:00,0.699999988079071,0.75,0.46000000834465027,0.5,197400,0.0,0.0
2023-05-15 00:00:00-04:00,0.44999998807907104,0.6000000238418579,0.3199999928474426,0.5,590500,0.0,0.0
2023-05-16 00:00:00-04:00,0.5299999713897705,0.6200000047683716,0.5199999809265137,0.6100000143051147,57900,0.0,0.0
2023-05-17 00:00:00-04:00,0.6200000047683716,1.190000057220459,0.5799999833106995,1.0099999904632568,162000,0.0,0.0
2023-05-18 00:00:00-04:00,0.949999988079071,1.100000023841858,0.9200000166893005,1.0700000524520874,60900,0.0,0.0
2023-05-19 00:00:00-04:00,1.0700000524520874,1.2100000381469727,1.0399999618530273,1.2000000476837158,32900,0.0,0.0
2023-05-22 00:00:00-04:00,1.2200000286102295,1.2599999904632568,1.090000033378601,1.1200000047683716,5000,0.0,0.0
2023-05-23 00:00:00-04:00,1.1200000047683716,1.149999976158142,1.1200000047683716,1.1299999952316284,6900,0.0,0.0
2023-05-24 00:00:00-04:00,1.1399999856948853,1.190000057220459,1.1399999856948853,1.190000057220459,2400,0.0,0.0
2023-05-25 00:00:00-04:00,1.190000057220459,1.190000057220459,1.1399999856948853,1.1799999475479126,37200,0.0,0.0
2023-05-26 00:00:00-04:00,1.190000057220459,1.2599999904632568,1.1200000047683716,1.1299999952316284,36900,0.0,0.0
2023-05-30 00:00:00-04:00,1.1100000143051147,1.2000000476837158,1.1100000143051147,1.1799999475479126,12700,0.0,0.0
2023-05-31 00:00:00-04:00,1.1799999475479126,1.2200000286102295,1.1299999952316284,1.2000000476837158,15200,0.0,0.0
2023-06-01 00:00:00-04:00,1.1399999856948853,1.2699999809265137,1.1399999856948853,1.2699999809265137,6400,0.0,0.0
2023-06-02 00:00:00-04:00,1.2699999809265137,1.399999976158142,1.2599999904632568,1.399999976158142,24300,0.0,0.0
2023-06-05 00:00:00-04:00,1.4199999570846558,1.4199999570846558,1.2799999713897705,1.2799999713897705,4200,0.0,0.0
2023-06-06 00:00:00-04:00,1.2999999523162842,1.4900000095367432,1.2999999523162842,1.4500000476837158,4100,0.0,0.0
2023-06-07 00:00:00-04:00,1.4500000476837158,1.4500000476837158,1.4500000476837158,1.4500000476837158,500,0.0,0.0
2023-06-08 00:00:00-04:00,1.4500000476837158,1.4500000476837158,1.2599999904632568,1.2999999523162842,3200,0.0,0.0
2023-06-09 00:00:00-04:00,1.3799999952316284,1.3799999952316284,1.2999999523162842,1.3799999952316284,4800,0.0,0.0
2023-06-12 00:00:00-04:00,1.440000057220459,1.440000057220459,1.350000023841858,1.3700000047683716,800,0.0,0.0
2023-06-13 00:00:00-04:00,1.350000023841858,1.350000023841858,1.2599999904632568,1.2599999904632568,1700,0.0,0.0
2023-06-14 00:00:00-04:00,1.2699999809265137,1.2699999809265137,1.159999966621399,1.159999966621399,4000,0.0,0.0
2023-06-15 00:00:00-04:00,1.2000000476837158,1.2000000476837158,1.2000000476837158,1.2000000476837158,200,0.0,0.0
2023-06-16 00:00:00-04:00,1.2100000381469727,1.4500000476837158,1.2100000381469727,1.2699999809265137,2700,0.0,0.0
2023-06-20 00:00:00-04:00,1.2200000286102295,1.2599999904632568,1.2200000286102295,1.25,2600,0.0,0.0
2023-06-21 00:00:00-04:00,1.2400000095367432,1.2400000095367432,1.2400000095367432,1.2400000095367432,500,0.0,0.0
2023-06-22 00:00:00-04:00,1.2300000190734863,1.2699999809265137,1.2300000190734863,1.2599999904632568,2600,0.0,0.0
2023-06-23 00:00:00-04:00,1.2599999904632568,1.2599999904632568,1.2300000190734863,1.25,10100,0.0,0.0
2023-06-26 00:00:00-04:00,1.2999999523162842,1.3799999952316284,1.2799999713897705,1.2999999523162842,3700,0.0,0.0
2023-06-27 00:00:00-04:00,1.2799999713897705,1.2999999523162842,1.25,1.2899999618530273,5800,0.0,0.0
2023-06-28 00:00:00-04:00,1.2899999618530273,1.3899999856948853,1.2899999618530273,1.350000023841858,10100,0.0,0.0
2023-06-29 00:00:00-04:00,1.3300000429153442,1.399999976158142,1.3300000429153442,1.399999976158142,6400,0.0,0.0
2023-06-30 00:00:00-04:00,1.399999976158142,1.399999976158142,1.3899999856948853,1.3899999856948853,200,0.0,0.0
2023-07-03 00:00:00-04:00,1.399999976158142,1.4500000476837158,1.25,1.25,3600,0.0,0.0
2023-07-05 00:00:00-04:00,1.25,1.25,1.2000000476837158,1.2300000190734863,3600,0.0,0.0
2023-07-06 00:00:00-04:00,1.190000057220459,1.2000000476837158,1.100000023841858,1.190000057220459,2800,0.0,0.0
2023-07-07 00:00:00-04:00,1.159999966621399,1.1699999570846558,1.149999976158142,1.149999976158142,2400,0.0,0.0
2023-07-10 00:00:00-04:00,1.149999976158142,1.149999976158142,1.149999976158142,1.149999976158142,400,0.0,0.0
2023-07-11 00:00:00-04:00,1.149999976158142,1.149999976158142,1.1100000143051147,1.149999976158142,3500,0.0,0.0
2023-07-12 00:00:00-04:00,1.149999976158142,1.149999976158142,1.149999976158142,1.149999976158142,0,0.0,0.0
2023-07-13 00:00:00-04:00,1.1299999952316284,1.1299999952316284,1.1200000047683716,1.1299999952316284,2600,0.0,0.0
2023-07-14 00:00:00-04:00,1.159999966621399,1.1699999570846558,1.0299999713897705,1.100000023841858,6100,0.0,0.0
2023-07-17 00:00:00-04:00,1.1299999952316284,1.2100000381469727,1.1299999952316284,1.2100000381469727,6400,0.0,0.0
2023-07-18 00:00:00-04:00,1.1799999475479126,1.25,1.1799999475479126,1.2300000190734863,5500,0.0,0.0
2023-07-19 00:00:00-04:00,1.2100000381469727,1.2400000095367432,1.2000000476837158,1.2400000095367432,8200,0.0,0.0
2023-07-20 00:00:00-04:00,1.2400000095367432,1.2400000095367432,1.2400000095367432,1.2400000095367432,800,0.0,0.0
2023-07-21 00:00:00-04:00,1.2000000476837158,1.25,1.1799999475479126,1.2300000190734863,1200,0.0,0.0
2023-07-24 00:00:00-04:00,1.190000057220459,1.399999976158142,1.190000057220459,1.399999976158142,2600,0.0,0.0
2023-07-25 00:00:00-04:00,1.2899999618530273,1.2999999523162842,1.2100000381469727,1.25,9700,0.0,0.0
2023-07-26 00:00:00-04:00,1.3300000429153442,1.399999976158142,1.2999999523162842,1.350000023841858,2900,0.0,0.0
2023-07-27 00:00:00-04:00,1.3899999856948853,1.409999966621399,1.3300000429153442,1.399999976158142,9300,0.0,0.0
2023-07-28 00:00:00-04:00,1.3899999856948853,1.3899999856948853,1.3799999952316284,1.3799999952316284,1400,0.0,0.0
2023-07-31 00:00:00-04:00,1.350000023841858,1.3600000143051147,1.2999999523162842,1.2999999523162842,1600,0.0,0.0
2023-08-01 00:00:00-04:00,1.309999942779541,1.309999942779541,1.309999942779541,1.309999942779541,200,0.0,0.0
2023-08-02 00:00:00-04:00,1.3700000047683716,1.399999976158142,1.3700000047683716,1.399999976158142,3500,0.0,0.0
2023-08-03 00:00:00-04:00,1.4299999475479126,1.4299999475479126,1.2999999523162842,1.399999976158142,2300,0.0,0.0
2023-08-04 00:00:00-04:00,1.2999999523162842,1.350000023841858,1.25,1.2699999809265137,2900,0.0,0.0
2023-08-07 00:00:00-04:00,1.149999976158142,1.2799999713897705,1.149999976158142,1.2799999713897705,800,0.0,0.0
2023-08-08 00:00:00-04:00,1.25,1.25,1.2300000190734863,1.25,1300,0.0,0.0
2023-08-09 00:00:00-04:00,1.25,1.25,1.149999976158142,1.149999976158142,3000,0.0,0.0
2023-08-10 00:00:00-04:00,1.149999976158142,1.2100000381469727,1.149999976158142,1.2100000381469727,3700,0.0,0.0
2023-08-11 00:00:00-04:00,1.1399999856948853,1.1699999570846558,1.1399999856948853,1.159999966621399,1800,0.0,0.0
2023-08-14 00:00:00-04:00,1.159999966621399,1.159999966621399,1.159999966621399,1.159999966621399,0,0.0,0.0
2023-08-15 00:00:00-04:00,1.1399999856948853,1.1399999856948853,1.1200000047683716,1.1399999856948853,1500,0.0,0.0
2023-08-16 00:00:00-04:00,1.1399999856948853,1.1399999856948853,1.1200000047683716,1.1200000047683716,5400,0.0,0.0
2023-08-17 00:00:00-04:00,1.149999976158142,1.149999976158142,1.0,1.0,6900,0.0,0.0
2023-08-18 00:00:00-04:00,1.1100000143051147,1.1399999856948853,0.8600000143051147,1.0800000429153442,4700,0.0,0.0
2023-08-21 00:00:00-04:00,1.0,1.0099999904632568,0.8999999761581421,1.0,61700,0.0,0.0
2023-08-22 00:00:00-04:00,0.949999988079071,1.0,0.8799999952316284,1.0,65400,0.0,0.0
2023-08-23 00:00:00-04:00,1.0499999523162842,1.1200000047683716,1.0499999523162842,1.1200000047683716,2300,0.0,0.0
2023-08-24 00:00:00-04:00,1.1200000047683716,1.1200000047683716,0.9900000095367432,1.059999942779541,4100,0.0,0.0
2023-08-25 00:00:00-04:00,1.0499999523162842,1.0499999523162842,0.9900000095367432,0.9900000095367432,1200,0.0,0.0
2023-08-28 00:00:00-04:00,1.0,1.0,1.0,1.0,3100,0.0,0.0
2023-08-29 00:00:00-04:00,1.0,1.0700000524520874,1.0,1.0700000524520874,3800,0.0,0.0
2023-08-30 00:00:00-04:00,1.0499999523162842,1.090000033378601,1.0,1.0800000429153442,11800,0.0,0.0
2023-08-31 00:00:00-04:00,1.0,1.0199999809265137,1.0,1.0099999904632568,7100,0.0,0.0
2023-09-01 00:00:00-04:00,1.0,1.1200000047683716,1.0,1.1200000047683716,7400,0.0,0.0
2023-09-05 00:00:00-04:00,1.100000023841858,1.100000023841858,0.9599999785423279,0.9599999785423279,8000,0.0,0.0
2023-09-06 00:00:00-04:00,0.9800000190734863,1.0,0.9800000190734863,1.0,16500,0.0,0.0
2023-09-07 00:00:00-04:00,1.0,1.0,1.0,1.0,3300,0.0,0.0
2023-09-08 00:00:00-04:00,1.0,1.0,1.0,1.0,3700,0.0,0.0
2023-09-11 00:00:00-04:00,0.9700000286102295,0.9800000190734863,0.8899999856948853,0.9300000071525574,15400,0.0,0.0
2023-09-12 00:00:00-04:00,0.9300000071525574,0.9700000286102295,0.9300000071525574,0.9700000286102295,2000,0.0,0.0
2023-09-13 00:00:00-04:00,0.9399999976158142,0.9399999976158142,0.9399999976158142,0.9399999976158142,2400,0.0,0.0
2023-09-14 00:00:00-04:00,0.9399999976158142,0.9399999976158142,0.9399999976158142,0.9399999976158142,0,0.0,0.0
2023-09-15 00:00:00-04:00,0.9300000071525574,0.9599999785423279,0.9300000071525574,0.9599999785423279,1600,0.0,0.0
2023-09-18 00:00:00-04:00,0.9399999976158142,0.9399999976158142,0.9399999976158142,0.9399999976158142,300,0.0,0.0
2023-09-19 00:00:00-04:00,0.9399999976158142,0.9399999976158142,0.9399999976158142,0.9399999976158142,0,0.0,0.0
2023-09-20 00:00:00-04:00,0.9700000286102295,0.9700000286102295,0.9700000286102295,0.9700000286102295,7500,0.0,0.0
2023-09-21 00:00:00-04:00,0.9599999785423279,0.9599999785423279,0.9300000071525574,0.9300000071525574,2600,0.0,0.0
2023-09-22 00:00:00-04:00,0.8600000143051147,0.9100000262260437,0.8600000143051147,0.9100000262260437,2000,0.0,0.0
2023-09-25 00:00:00-04:00,0.8600000143051147,0.9300000071525574,0.8600000143051147,0.8799999952316284,4100,0.0,0.0
2023-09-26 00:00:00-04:00,0.8799999952316284,0.8799999952316284,0.8799999952316284,0.8799999952316284,0,0.0,0.0
2023-09-27 00:00:00-04:00,0.8799999952316284,0.8799999952316284,0.8799999952316284,0.8799999952316284,0,0.0,0.0
2023-09-28 00:00:00-04:00,0.8999999761581421,0.8999999761581421,0.8500000238418579,0.8799999952316284,4300,0.0,0.0
2023-09-29 00:00:00-04:00,0.8799999952316284,0.8799999952316284,0.8799999952316284,0.8799999952316284,0,0.0,0.0
2023-10-02 00:00:00-04:00,0.8799999952316284,0.8799999952316284,0.8799999952316284,0.8799999952316284,0,0.0,0.0
2023-10-03 00:00:00-04:00,0.8999999761581421,0.8999999761581421,0.8999999761581421,0.8999999761581421,300,0.0,0.0
2023-10-04 00:00:00-04:00,0.8500000238418579,0.8500000238418579,0.8500000238418579,0.8500000238418579,100,0.0,0.0
2023-10-05 00:00:00-04:00,0.8799999952316284,0.8799999952316284,0.8799999952316284,0.8799999952316284,100,0.0,0.0
2023-10-06 00:00:00-04:00,0.8999999761581421,0.8999999761581421,0.8500000238418579,0.8500000238418579,1000,0.0,0.0
2023-10-09 00:00:00-04:00,0.8500000238418579,0.8999999761581421,0.8500000238418579,0.8999999761581421,3000,0.0,0.0
2023-10-10 00:00:00-04:00,0.8999999761581421,0.8999999761581421,0.8999999761581421,0.8999999761581421,2000,0.0,0.0
2023-10-11 00:00:00-04:00,0.8799999952316284,0.8999999761581421,0.8799999952316284,0.8999999761581421,900,0.0,0.0
2023-10-12 00:00:00-04:00,0.8999999761581421,0.8999999761581421,0.8999999761581421,0.8999999761581421,0,0.0,0.0
2023-10-13 00:00:00-04:00,0.9300000071525574,0.949999988079071,0.9300000071525574,0.9300000071525574,1600,0.0,0.0
2023-10-16 00:00:00-04:00,0.9100000262260437,0.9700000286102295,0.9100000262260437,0.9700000286102295,4300,0.0,0.0
2023-10-17 00:00:00-04:00,1.0,1.0,1.0,1.0,100,0.0,0.0
2023-10-18 00:00:00-04:00,1.0,1.0,1.0,1.0,100,0.0,0.0
2023-10-19 00:00:00-04:00,0.9200000166893005,0.949999988079071,0.9200000166893005,0.949999988079071,5700,0.0,0.0
2023-10-20 00:00:00-04:00,0.949999988079071,0.949999988079071,0.949999988079071,0.949999988079071,0,0.0,0.0
2023-10-23 00:00:00-04:00,0.949999988079071,0.949999988079071,0.949999988079071,0.949999988079071,0,0.0,0.0
2023-10-24 00:00:00-04:00,0.9300000071525574,0.9700000286102295,0.9300000071525574,0.9700000286102295,600,0.0,0.0
2023-10-25 00:00:00-04:00,0.9300000071525574,0.9300000071525574,0.9100000262260437,0.9100000262260437,12100,0.0,0.0
2023-10-26 00:00:00-04:00,0.9300000071525574,0.9300000071525574,0.9100000262260437,0.9100000262260437,2700,0.0,0.0
2023-10-27 00:00:00-04:00,0.9100000262260437,0.9100000262260437,0.9100000262260437,0.9100000262260437,4800,0.0,0.0
2023-10-30 00:00:00-04:00,0.8399999737739563,0.8399999737739563,0.8399999737739563,0.8399999737739563,500,0.0,0.0
2023-10-31 00:00:00-04:00,0.8100000023841858,0.9100000262260437,0.8100000023841858,0.8700000047683716,5200,0.0,0.0
2023-11-01 00:00:00-04:00,0.8100000023841858,0.8199999928474426,0.8100000023841858,0.8199999928474426,2000,0.0,0.0
2023-11-02 00:00:00-04:00,0.8199999928474426,0.8999999761581421,0.8100000023841858,0.8999999761581421,15600,0.0,0.0
2023-11-03 00:00:00-04:00,0.8899999856948853,0.8899999856948853,0.8899999856948853,0.8899999856948853,2200,0.0,0.0
2023-11-06 00:00:00-05:00,0.9300000071525574,0.9300000071525574,0.9300000071525574,0.9300000071525574,400,0.0,0.0
2023-11-07 00:00:00-05:00,0.9300000071525574,0.949999988079071,0.9300000071525574,0.949999988079071,8100,0.0,0.0
2023-11-08 00:00:00-05:00,0.9900000095367432,0.9900000095367432,0.9900000095367432,0.9900000095367432,2500,0.0,0.0
2023-11-09 00:00:00-05:00,1.0,1.0,0.9599999785423279,0.9599999785423279,7100,0.0,0.0
2023-11-10 00:00:00-05:00,0.9800000190734863,0.9800000190734863,0.9599999785423279,0.9599999785423279,600,0.0,0.0
2023-11-13 00:00:00-05:00,1.0,1.0,0.949999988079071,0.949999988079071,6000,0.0,0.0
2023-11-14 00:00:00-05:00,0.8500000238418579,0.9800000190734863,0.6399999856948853,0.6700000166893005,33900,0.0,0.0
2023-11-15 00:00:00-05:00,0.6399999856948853,0.8500000238418579,0.6399999856948853,0.8500000238418579,23800,0.0,0.0
2023-11-16 00:00:00-05:00,0.8500000238418579,0.8500000238418579,0.6399999856948853,0.7099999785423279,31000,0.0,0.0
2023-11-17 00:00:00-05:00,0.6600000262260437,0.8399999737739563,0.6600000262260437,0.800000011920929,9100,0.0,0.0
2023-11-20 00:00:00-05:00,0.7799999713897705,0.7799999713897705,0.7799999713897705,0.7799999713897705,100,0.0,0.0
2023-11-21 00:00:00-05:00,0.75,0.800000011920929,0.75,0.800000011920929,600,0.0,0.0
2023-11-22 00:00:00-05:00,0.7699999809265137,0.7699999809265137,0.7300000190734863,0.7300000190734863,700,0.0,0.0
2023-11-24 00:00:00-05:00,0.7300000190734863,0.7300000190734863,0.7300000190734863,0.7300000190734863,0,0.0,0.0
2023-11-27 00:00:00-05:00,0.800000011920929,0.800000011920929,0.7300000190734863,0.7300000190734863,2400,0.0,0.0
2023-11-28 00:00:00-05:00,0.7300000190734863,0.75,0.7300000190734863,0.75,1600,0.0,0.0
2023-11-29 00:00:00-05:00,0.7300000190734863,0.7599999904632568,0.7300000190734863,0.7400000095367432,2900,0.0,0.0
2023-11-30 00:00:00-05:00,0.75,0.75,0.75,0.75,100,0.0,0.0
2023-12-01 00:00:00-05:00,0.7200000286102295,0.7200000286102295,0.6200000047683716,0.699999988079071,12700,0.0,0.0
2023-12-04 00:00:00-05:00,0.699999988079071,0.699999988079071,0.6000000238418579,0.6399999856948853,12500,0.0,0.0
2023-12-05 00:00:00-05:00,0.6399999856948853,0.6399999856948853,0.6399999856948853,0.6399999856948853,100,0.0,0.0
2023-12-06 00:00:00-05:00,0.699999988079071,0.699999988079071,0.6100000143051147,0.699999988079071,8600,0.0,0.0
2023-12-07 00:00:00-05:00,0.6100000143051147,0.6899999976158142,0.6100000143051147,0.6100000143051147,1600,0.0,0.0
2023-12-08 00:00:00-05:00,0.6100000143051147,0.6600000262260437,0.6100000143051147,0.6600000262260437,1500,0.0,0.0
2023-12-11 00:00:00-05:00,0.6200000047683716,0.6700000166893005,0.6200000047683716,0.6399999856948853,4900,0.0,0.0
2023-12-12 00:00:00-05:00,0.6499999761581421,0.6499999761581421,0.6499999761581421,0.6499999761581421,300,0.0,0.0
2023-12-13 00:00:00-05:00,0.6499999761581421,0.6499999761581421,0.6499999761581421,0.6499999761581421,0,0.0,0.0
2023-12-14 00:00:00-05:00,0.6200000047683716,0.6700000166893005,0.6200000047683716,0.6499999761581421,7500,0.0,0.0
2023-12-15 00:00:00-05:00,0.6700000166893005,0.7300000190734863,0.6499999761581421,0.7300000190734863,30400,0.0,0.0
2023-12-18 00:00:00-05:00,0.6800000071525574,0.7200000286102295,0.6399999856948853,0.6399999856948853,46800,0.0,0.0
2023-12-19 00:00:00-05:00,0.6200000047683716,0.6299999952316284,0.41999998688697815,0.6000000238418579,34700,0.0,0.0
2023-12-20 00:00:00-05:00,0.6200000047683716,0.6200000047683716,0.5199999809265137,0.550000011920929,10700,0.0,0.0
2023-12-21 00:00:00-05:00,0.550000011920929,0.6000000238418579,0.44999998807907104,0.6000000238418579,2200,0.0,0.0
2023-12-22 00:00:00-05:00,0.5799999833106995,0.5799999833106995,0.5799999833106995,0.5799999833106995,200,0.0,0.0
2023-12-26 00:00:00-05:00,0.5799999833106995,0.6000000238418579,0.5799999833106995,0.6000000238418579,4100,0.0,0.0
2023-12-27 00:00:00-05:00,0.6000000238418579,0.6200000047683716,0.5899999737739563,0.6100000143051147,35100,0.0,0.0
2023-12-28 00:00:00-05:00,0.6100000143051147,0.6700000166893005,0.6100000143051147,0.6600000262260437,14600,0.0,0.0
2023-12-29 00:00:00-05:00,0.6100000143051147,0.6299999952316284,0.5799999833106995,0.6000000238418579,1800,0.0,0.0
2024-01-02 00:00:00-05:00,0.6000000238418579,0.6000000238418579,0.6000000238418579,0.6000000238418579,0,0.0,0.0
2024-01-03 00:00:00-05:00,0.6299999952316284,0.6299999952316284,0.6299999952316284,0.6299999952316284,1400,0.0,0.0
2024-01-04 00:00:00-05:00,0.6100000143051147,0.6200000047683716,0.6000000238418579,0.6100000143051147,11700,0.0,0.0
2024-01-05 00:00:00-05:00,0.6000000238418579,0.6100000143051147,0.550000011920929,0.550000011920929,6300,0.0,0.0
2024-01-08 00:00:00-05:00,0.550000011920929,0.800000011920929,0.550000011920929,0.550000011920929,24800,0.0,0.0
2024-01-09 00:00:00-05:00,0.5099999904632568,0.5600000023841858,0.5099999904632568,0.5299999713897705,3100,0.0,0.0
2024-01-10 00:00:00-05:00,0.5299999713897705,0.5299999713897705,0.5099999904632568,0.5099999904632568,21300,0.0,0.0
2024-01-11 00:00:00-05:00,0.5099999904632568,0.5099999904632568,0.46000000834465027,0.47999998927116394,7900,0.0,0.0
2024-01-12 00:00:00-05:00,0.5,0.5400000214576721,0.5,0.5400000214576721,3100,0.0,0.0
2024-01-16 00:00:00-05:00,0.5400000214576721,0.5400000214576721,0.4699999988079071,0.5099999904632568,700,0.0,0.0
2024-01-17 00:00:00-05:00,0.5099999904632568,0.5400000214576721,0.4699999988079071,0.5099999904632568,21600,0.0,0.0
2024-01-18 00:00:00-05:00,0.5099999904632568,0.5099999904632568,0.5099999904632568,0.5099999904632568,200,0.0,0.0
2024-01-19 00:00:00-05:00,0.5,0.5199999809265137,0.4699999988079071,0.5099999904632568,5800,0.0,0.0
2024-01-22 00:00:00-05:00,0.5199999809265137,0.5199999809265137,0.5,0.5099999904632568,9300,0.0,0.0
2024-01-23 00:00:00-05:00,0.5099999904632568,0.5099999904632568,0.4300000071525574,0.4300000071525574,5600,0.0,0.0
2024-01-24 00:00:00-05:00,0.44999998807907104,0.5,0.4300000071525574,0.5,15500,0.0,0.0
2024-01-25 00:00:00-05:00,0.41999998688697815,0.5099999904632568,0.41999998688697815,0.5,17900,0.0,0.0
2024-01-26 00:00:00-05:00,0.4699999988079071,0.49000000953674316,0.4399999976158142,0.47999998927116394,13100,0.0,0.0
2024-01-29 00:00:00-05:00,0.5,0.550000011920929,0.44999998807907104,0.4699999988079071,69100,0.0,0.0
2024-01-30 00:00:00-05:00,0.5,0.5099999904632568,0.4699999988079071,0.49000000953674316,23200,0.0,0.0
2024-01-31 00:00:00-05:00,0.44999998807907104,0.5299999713897705,0.44999998807907104,0.5299999713897705,4800,0.0,0.0
2024-02-01 00:00:00-05:00,0.4699999988079071,0.4699999988079071,0.44999998807907104,0.4699999988079071,13000,0.0,0.0
2024-02-02 00:00:00-05:00,0.44999998807907104,0.5099999904632568,0.44999998807907104,0.46000000834465027,9300,0.0,0.0
2024-02-05 00:00:00-05:00,0.47999998927116394,0.47999998927116394,0.44999998807907104,0.44999998807907104,5200,0.0,0.0
2024-02-06 00:00:00-05:00,0.47999998927116394,0.5099999904632568,0.46000000834465027,0.5099999904632568,8700,0.0,0.0
2024-02-07 00:00:00-05:00,0.4699999988079071,0.5099999904632568,0.4699999988079071,0.5099999904632568,3000,0.0,0.0
2024-02-08 00:00:00-05:00,0.5099999904632568,0.5099999904632568,0.5099999904632568,0.5099999904632568,0,0.0,0.0
2024-02-09 00:00:00-05:00,0.550000011920929,0.7599999904632568,0.5199999809265137,0.6800000071525574,10300,0.0,0.0
2024-02-12 00:00:00-05:00,0.6800000071525574,0.7599999904632568,0.5199999809265137,0.7200000286102295,16200,0.0,0.0
2024-02-13 00:00:00-05:00,0.7599999904632568,0.9100000262260437,0.5699999928474426,0.8600000143051147,34800,0.0,0.0
2024-02-14 00:00:00-05:00,0.8600000143051147,0.8600000143051147,0.6399999856948853,0.75,4800,0.0,0.0
2024-02-15 00:00:00-05:00,0.7699999809265137,0.8600000143051147,0.75,0.75,8900,0.0,0.0
2024-02-16 00:00:00-05:00,0.800000011920929,0.9800000190734863,0.800000011920929,0.9800000190734863,35500,0.0,0.0
2024-02-20 00:00:00-05:00,0.9800000190734863,0.9800000190734863,0.8999999761581421,0.8999999761581421,1700,0.0,0.0
2024-02-21 00:00:00-05:00,0.8799999952316284,0.8799999952316284,0.800000011920929,0.800000011920929,12000,0.0,0.0
2024-02-22 00:00:00-05:00,0.8199999928474426,0.8199999928474426,0.8199999928474426,0.8199999928474426,300,0.0,0.0
2024-02-23 00:00:00-05:00,0.8299999833106995,0.8500000238418579,0.8299999833106995,0.8500000238418579,400,0.0,0.0
2024-02-26 00:00:00-05:00,0.8500000238418579,0.8500000238418579,0.8199999928474426,0.8399999737739563,12300,0.0,0.0
2024-02-27 00:00:00-05:00,0.8500000238418579,0.8799999952316284,0.8500000238418579,0.8600000143051147,4000,0.0,0.0
2024-02-28 00:00:00-05:00,0.8999999761581421,0.8999999761581421,0.7400000095367432,0.7400000095367432,32800,0.0,0.0
2024-02-29 00:00:00-05:00,0.7599999904632568,0.8500000238418579,0.7599999904632568,0.8500000238418579,900,0.0,0.0
2024-03-01 00:00:00-05:00,0.800000011920929,0.9800000190734863,0.800000011920929,0.9800000190734863,4900,0.0,0.0
2024-03-04 00:00:00-05:00,0.8700000047683716,0.8999999761581421,0.7099999785423279,0.800000011920929,12300,0.0,0.0
2024-03-05 00:00:00-05:00,0.7900000214576721,0.7900000214576721,0.7200000286102295,0.75,2500,0.0,0.0
2024-03-06 00:00:00-05:00,0.7599999904632568,0.7599999904632568,0.5400000214576721,0.6499999761581421,30300,0.0,0.0
2024-03-07 00:00:00-05:00,0.5899999737739563,0.5899999737739563,0.4000000059604645,0.5,34000,0.0,0.0
2024-03-08 00:00:00-05:00,0.49000000953674316,0.49000000953674316,0.49000000953674316,0.49000000953674316,400,0.0,0.0
2024-03-11 00:00:00-04:00,0.5,0.5,0.44999998807907104,0.46000000834465027,3600,0.0,0.0
2024-03-12 00:00:00-04:00,0.47999998927116394,0.5,0.46000000834465027,0.5,1400,0.0,0.0
2024-03-13 00:00:00-04:00,0.47999998927116394,0.6399999856948853,0.47999998927116394,0.6399999856948853,7500,0.0,0.0
2024-03-14 00:00:00-04:00,0.75,0.75,0.6399999856948853,0.6399999856948853,1300,0.0,0.0
2024-03-15 00:00:00-04:00,0.6600000262260437,0.6800000071525574,0.5799999833106995,0.6299999952316284,4000,0.0,0.0
2024-03-18 00:00:00-04:00,0.6299999952316284,0.6299999952316284,0.6299999952316284,0.6299999952316284,0,0.0,0.0
2024-03-19 00:00:00-04:00,0.6200000047683716,0.6499999761581421,0.6000000238418579,0.6499999761581421,4700,0.0,0.0
2024-03-20 00:00:00-04:00,0.8500000238418579,0.8500000238418579,0.7699999809265137,0.8299999833106995,1000,0.0,0.0
2024-03-21 00:00:00-04:00,0.8299999833106995,0.8299999833106995,0.6499999761581421,0.75,5000,0.0,0.0
2024-03-22 00:00:00-04:00,0.75,0.75,0.75,0.75,0,0.0,0.0
2024-03-25 00:00:00-04:00,0.6899999976158142,0.6899999976158142,0.6700000166893005,0.6700000166893005,500,0.0,0.0
2024-03-26 00:00:00-04:00,0.6700000166893005,0.6700000166893005,0.6700000166893005,0.6700000166893005,0,0.0,0.0
2024-03-27 00:00:00-04:00,0.7200000286102295,0.7200000286102295,0.7200000286102295,0.7200000286102295,1000,0.0,0.0
2024-03-28 00:00:00-04:00,0.6700000166893005,0.75,0.6700000166893005,0.699999988079071,2600,0.0,0.0
2024-04-01 00:00:00-04:00,0.800000011920929,0.800000011920929,0.6899999976158142,0.7099999785423279,1400,0.0,0.0
2024-04-02 00:00:00-04:00,0.7099999785423279,0.7099999785423279,0.7099999785423279,0.7099999785423279,0,0.0,0.0
2024-04-03 00:00:00-04:00,0.7300000190734863,0.7300000190734863,0.6700000166893005,0.699999988079071,7500,0.0,0.0
2024-04-04 00:00:00-04:00,0.800000011920929,0.800000011920929,0.7400000095367432,0.7699999809265137,5700,0.0,0.0
2024-04-05 00:00:00-04:00,0.7699999809265137,0.7699999809265137,0.7699999809265137,0.7699999809265137,20100,0.0,0.0
2024-04-08 00:00:00-04:00,0.7699999809265137,0.800000011920929,0.7699999809265137,0.800000011920929,6000,0.0,0.0
2024-04-09 00:00:00-04:00,0.7699999809265137,0.800000011920929,0.7699999809265137,0.7699999809265137,4900,0.0,0.0
2024-04-10 00:00:00-04:00,0.7799999713897705,0.8199999928474426,0.7699999809265137,0.8100000023841858,14400,0.0,0.0
2024-04-11 00:00:00-04:00,0.8199999928474426,0.9100000262260437,0.8199999928474426,0.8899999856948853,27400,0.0,0.0
2024-04-12 00:00:00-04:00,0.9100000262260437,0.9800000190734863,0.8899999856948853,0.9399999976158142,8600,0.0,0.0
2024-04-15 00:00:00-04:00,0.8600000143051147,0.9399999976158142,0.8600000143051147,0.9300000071525574,9200,0.0,0.0
2024-04-16 00:00:00-04:00,0.8600000143051147,0.9200000166893005,0.8600000143051147,0.9200000166893005,7900,0.0,0.0
2024-04-17 00:00:00-04:00,0.9300000071525574,0.949999988079071,0.9300000071525574,0.949999988079071,14800,0.0,0.0
2024-04-18 00:00:00-04:00,0.9599999785423279,0.9800000190734863,0.9599999785423279,0.9800000190734863,9700,0.0,0.0
2024-04-19 00:00:00-04:00,0.9800000190734863,0.9800000190734863,0.9700000286102295,0.9700000286102295,4000,0.0,0.0
2024-04-22 00:00:00-04:00,0.9800000190734863,0.9900000095367432,0.9700000286102295,0.9900000095367432,51800,0.0,0.0
2024-04-23 00:00:00-04:00,1.0,1.1699999570846558,0.9900000095367432,1.0700000524520874,66700,0.0,0.0
2024-04-24 00:00:00-04:00,1.059999942779541,1.190000057220459,1.059999942779541,1.159999966621399,48600,0.0,0.0
2024-04-25 00:00:00-04:00,1.159999966621399,1.159999966621399,1.1399999856948853,1.149999976158142,5700,0.0,0.0
2024-04-26 00:00:00-04:00,1.2799999713897705,1.3700000047683716,1.149999976158142,1.3700000047683716,54700,0.0,0.0
2024-04-29 00:00:00-04:00,1.3799999952316284,1.4199999570846558,1.25,1.3899999856948853,12200,0.0,0.0
2024-04-30 00:00:00-04:00,1.1699999570846558,1.350000023841858,1.1699999570846558,1.350000023841858,10100,0.0,0.0
2024-05-01 00:00:00-04:00,1.350000023841858,1.4199999570846558,1.090000033378601,1.2999999523162842,39400,0.0,0.0
2024-05-02 00:00:00-04:00,1.399999976158142,1.4199999570846558,1.399999976158142,1.399999976158142,55900,0.0,0.0
2024-05-03 00:00:00-04:00,1.4199999570846558,1.4199999570846558,1.3200000524520874,1.4199999570846558,2700,0.0,0.0
2024-05-06 00:00:00-04:00,1.4199999570846558,1.4700000286102295,1.350000023841858,1.4700000286102295,4100,0.0,0.0
2024-05-07 00:00:00-04:00,1.4500000476837158,1.4800000190734863,1.2400000095367432,1.4800000190734863,2800,0.0,0.0
2024-05-08 00:00:00-04:00,1.4700000286102295,1.4800000190734863,1.440000057220459,1.4800000190734863,2000,0.0,0.0
2024-05-09 00:00:00-04:00,1.399999976158142,1.440000057220459,1.399999976158142,1.440000057220459,7100,0.0,0.0
2024-05-10 00:00:00-04:00,1.409999966621399,1.4299999475479126,1.3799999952316284,1.4299999475479126,22600,0.0,0.0
2024-05-13 00:00:00-04:00,1.3899999856948853,1.399999976158142,1.350000023841858,1.350000023841858,7800,0.0,0.0
2024-05-14 00:00:00-04:00,1.350000023841858,1.350000023841858,1.350000023841858,1.350000023841858,1800,0.0,0.0
2024-05-15 00:00:00-04:00,1.3700000047683716,1.3899999856948853,1.340000033378601,1.340000033378601,3600,0.0,0.0
2024-05-16 00:00:00-04:00,1.3700000047683716,1.399999976158142,1.2400000095367432,1.399999976158142,21900,0.0,0.0
2024-05-17 00:00:00-04:00,1.399999976158142,1.4299999475479126,1.3899999856948853,1.399999976158142,5100,0.0,0.0
2024-05-20 00:00:00-04:00,1.440000057220459,1.5,1.440000057220459,1.4900000095367432,20900,0.0,0.0
2024-05-21 00:00:00-04:00,1.5,1.5,1.2699999809265137,1.340000033378601,20400,0.0,0.0
2024-05-22 00:00:00-04:00,1.309999942779541,1.399999976158142,1.2899999618530273,1.3799999952316284,16500,0.0,0.0
2024-05-23 00:00:00-04:00,1.3700000047683716,1.3799999952316284,1.309999942779541,1.3700000047683716,13300,0.0,0.0
2024-05-24 00:00:00-04:00,1.350000023841858,1.5800000429153442,1.350000023841858,1.5499999523162842,24700,0.0,0.0
2024-05-28 00:00:00-04:00,1.5800000429153442,1.5800000429153442,1.559999942779541,1.559999942779541,15500,0.0,0.0
2024-05-29 00:00:00-04:00,1.559999942779541,1.600000023841858,1.559999942779541,1.600000023841858,9000,0.0,0.0
2024-05-30 00:00:00-04:00,1.559999942779541,1.590000033378601,1.5,1.5499999523162842,6000,0.0,0.0
2024-05-31 00:00:00-04:00,1.5199999809265137,1.600000023841858,1.5199999809265137,1.600000023841858,4800,0.0,0.0
2024-06-03 00:00:00-04:00,1.559999942779541,1.600000023841858,1.5199999809265137,1.600000023841858,30600,0.0,0.0
2024-06-04 00:00:00-04:00,1.5700000524520874,1.6799999475479126,1.5199999809265137,1.6799999475479126,30000,0.0,0.0
2024-06-05 00:00:00-04:00,1.7300000190734863,1.75,1.7000000476837158,1.7100000381469727,11800,0.0,0.0
2024-06-06 00:00:00-04:00,1.7599999904632568,1.7599999904632568,1.5299999713897705,1.5700000524520874,14000,0.0,0.0
2024-06-07 00:00:00-04:00,1.5,1.5,1.4900000095367432,1.5,4800,0.0,0.0
2024-06-10 00:00:00-04:00,1.4800000190734863,1.4800000190734863,1.399999976158142,1.4600000381469727,25000,0.0,0.0
2024-06-11 00:00:00-04:00,1.4600000381469727,1.4600000381469727,1.4500000476837158,1.4600000381469727,600,0.0,0.0
2024-06-12 00:00:00-04:00,1.4800000190734863,1.5,1.440000057220459,1.5,1800,0.0,0.0
2024-06-13 00:00:00-04:00,1.5,1.5499999523162842,1.4700000286102295,1.4700000286102295,4000,0.0,0.0
2024-06-14 00:00:00-04:00,1.5099999904632568,1.5499999523162842,1.4700000286102295,1.5499999523162842,1700,0.0,0.0
2024-06-17 00:00:00-04:00,1.5499999523162842,1.5499999523162842,1.4900000095367432,1.4900000095367432,1800,0.0,0.0
2024-06-18 00:00:00-04:00,1.5399999618530273,1.5499999523162842,1.399999976158142,1.4800000190734863,7200,0.0,0.0
2024-06-20 00:00:00-04:00,1.4900000095367432,1.4900000095367432,1.3300000429153442,1.399999976158142,1700,0.0,0.0
2024-06-21 00:00:00-04:00,1.4500000476837158,1.5499999523162842,1.4500000476837158,1.4900000095367432,14500,0.0,0.0
2024-06-24 00:00:00-04:00,1.5399999618530273,1.649999976158142,1.4800000190734863,1.5,12800,0.0,0.0
2024-06-25 00:00:00-04:00,1.600000023841858,1.600000023841858,1.5,1.5499999523162842,13500,0.0,0.0
2024-06-26 00:00:00-04:00,1.5399999618530273,1.600000023841858,1.5299999713897705,1.5299999713897705,3900,0.0,0.0
2024-06-27 00:00:00-04:00,1.5700000524520874,1.6100000143051147,1.5700000524520874,1.600000023841858,700,0.0,0.0
2024-06-28 00:00:00-04:00,1.600000023841858,1.600000023841858,1.5399999618530273,1.5499999523162842,6500,0.0,0.0
2024-07-01 00:00:00-04:00,1.559999942779541,1.559999942779541,1.4800000190734863,1.5499999523162842,3600,0.0,0.0
2024-07-02 00:00:00-04:00,1.5499999523162842,1.590000033378601,1.440000057220459,1.4700000286102295,6800,0.0,0.0
2024-07-03 00:00:00-04:00,1.4600000381469727,1.4600000381469727,1.4600000381469727,1.4600000381469727,1000,0.0,0.0
2024-07-05 00:00:00-04:00,1.4500000476837158,1.4600000381469727,1.4500000476837158,1.4600000381469727,1700,0.0,0.0
2024-07-08 00:00:00-04:00,1.440000057220459,1.4600000381469727,1.440000057220459,1.4500000476837158,1100,0.0,0.0
2024-07-09 00:00:00-04:00,1.4299999475479126,1.4600000381469727,1.4299999475479126,1.4600000381469727,1800,0.0,0.0
2024-07-10 00:00:00-04:00,1.4500000476837158,1.4600000381469727,1.4500000476837158,1.4500000476837158,8500,0.0,0.0
2024-07-11 00:00:00-04:00,1.4500000476837158,1.4600000381469727,1.4500000476837158,1.4600000381469727,2900,0.0,0.0
2024-07-12 00:00:00-04:00,1.4900000095367432,1.5199999809265137,1.4900000095367432,1.5099999904632568,12300,0.0,0.0
2024-07-15 00:00:00-04:00,1.5,1.5199999809265137,1.5,1.5099999904632568,14600,0.0,0.0
2024-07-16 00:00:00-04:00,1.5299999713897705,1.5399999618530273,1.2799999713897705,1.399999976158142,10500,0.0,0.0
2024-07-17 00:00:00-04:00,1.399999976158142,1.4199999570846558,1.2799999713897705,1.3300000429153442,22900,0.0,0.0
2024-07-18 00:00:00-04:00,1.399999976158142,1.4900000095367432,1.350000023841858,1.4900000095367432,13600,0.0,0.0
2024-07-19 00:00:00-04:00,1.4900000095367432,1.5499999523162842,1.4900000095367432,1.5099999904632568,8700,0.0,0.0
2024-07-22 00:00:00-04:00,1.4900000095367432,1.5,1.4600000381469727,1.5,1600,0.0,0.0
2024-07-23 00:00:00-04:00,1.5,1.5,1.4900000095367432,1.5,2200,0.0,0.0
2024-07-24 00:00:00-04:00,1.5199999809265137,1.5800000429153442,1.5199999809265137,1.5800000429153442,9300,0.0,0.0
2024-07-25 00:00:00-04:00,1.590000033378601,1.600000023841858,1.559999942779541,1.559999942779541,15000,0.0,0.0
2024-07-26 00:00:00-04:00,1.600000023841858,1.600000023841858,1.600000023841858,1.600000023841858,10000,0.0,0.0
2024-07-29 00:00:00-04:00,1.600000023841858,1.600000023841858,1.5800000429153442,1.590000033378601,1200,0.0,0.0
2024-07-30 00:00:00-04:00,1.559999942779541,1.590000033378601,1.559999942779541,1.590000033378601,7000,0.0,0.0
2024-07-31 00:00:00-04:00,1.5800000429153442,1.5800000429153442,1.5399999618530273,1.5499999523162842,2800,0.0,0.0
2024-08-01 00:00:00-04:00,1.5299999713897705,1.5499999523162842,1.4700000286102295,1.5499999523162842,1400,0.0,0.0
2024-08-02 00:00:00-04:00,1.5499999523162842,1.590000033378601,1.5399999618530273,1.5399999618530273,6900,0.0,0.0
2024-08-05 00:00:00-04:00,1.5700000524520874,1.590000033378601,1.5399999618530273,1.5499999523162842,1000,0.0,0.0
2024-08-06 00:00:00-04:00,1.590000033378601,1.600000023841858,1.5,1.5299999713897705,4800,0.0,0.0
2024-08-07 00:00:00-04:00,1.5,1.600000023841858,1.3799999952316284,1.3799999952316284,4700,0.0,0.0
2024-08-08 00:00:00-04:00,1.4199999570846558,1.4500000476837158,1.340000033378601,1.340000033378601,4900,0.0,0.0
2024-08-09 00:00:00-04:00,1.2100000381469727,1.3899999856948853,1.2100000381469727,1.3899999856948853,1600,0.0,0.0
2024-08-12 00:00:00-04:00,1.3899999856948853,1.3899999856948853,1.3899999856948853,1.3899999856948853,300,0.0,0.0
2024-08-13 00:00:00-04:00,1.399999976158142,1.4199999570846558,1.399999976158142,1.399999976158142,2400,0.0,0.0
2024-08-14 00:00:00-04:00,1.399999976158142,1.4800000190734863,1.399999976158142,1.4500000476837158,2600,0.0,0.0
2024-08-15 00:00:00-04:00,1.4600000381469727,1.4800000190734863,1.4600000381469727,1.4800000190734863,1700,0.0,0.0
2024-08-16 00:00:00-04:00,1.5,1.5,1.5,1.5,7100,0.0,0.0
2024-08-19 00:00:00-04:00,1.4700000286102295,1.5099999904632568,1.4700000286102295,1.5099999904632568,10200,0.0,0.0
2024-08-20 00:00:00-04:00,1.5499999523162842,1.600000023841858,1.5299999713897705,1.5299999713897705,5500,0.0,0.0
2024-08-21 00:00:00-04:00,1.5499999523162842,1.600000023841858,1.5199999809265137,1.600000023841858,27500,0.0,0.0
2024-08-22 00:00:00-04:00,1.590000033378601,1.600000023841858,1.590000033378601,1.600000023841858,22400,0.0,0.0
2024-08-23 00:00:00-04:00,1.649999976158142,1.649999976158142,1.4600000381469727,1.5399999618530273,24400,0.0,0.0
2024-08-26 00:00:00-04:00,1.4199999570846558,1.5,1.4199999570846558,1.5,14000,0.0,0.0
2024-08-27 00:00:00-04:00,1.5499999523162842,1.5499999523162842,1.5199999809265137,1.5399999618530273,7600,0.0,0.0
2024-08-28 00:00:00-04:00,1.5199999809265137,1.5299999713897705,1.4900000095367432,1.5299999713897705,5300,0.0,0.0
2024-08-29 00:00:00-04:00,1.2400000095367432,1.4500000476837158,1.2400000095367432,1.4500000476837158,4600,0.0,0.0
2024-08-30 00:00:00-04:00,1.3700000047683716,1.4700000286102295,1.3700000047683716,1.4700000286102295,1300,0.0,0.0
2024-09-03 00:00:00-04:00,1.4800000190734863,1.4900000095367432,1.4600000381469727,1.4900000095367432,5900,0.0,0.0
2024-09-04 00:00:00-04:00,1.5,1.5199999809265137,1.5,1.5199999809265137,11500,0.0,0.0
2024-09-05 00:00:00-04:00,1.5099999904632568,1.5099999904632568,1.5099999904632568,1.5099999904632568,100,0.0,0.0
2024-09-06 00:00:00-04:00,1.5199999809265137,1.5199999809265137,1.5099999904632568,1.5199999809265137,7400,0.0,0.0
2024-09-09 00:00:00-04:00,1.5199999809265137,1.5199999809265137,1.5099999904632568,1.5099999904632568,5500,0.0,0.0
2024-09-10 00:00:00-04:00,1.5,1.5199999809265137,1.5,1.5199999809265137,8100,0.0,0.0
2024-09-11 00:00:00-04:00,1.590000033378601,1.590000033378601,1.559999942779541,1.559999942779541,2000,0.0,0.0
2024-09-12 00:00:00-04:00,1.5700000524520874,1.6200000047683716,1.5299999713897705,1.5299999713897705,17100,0.0,0.0
2024-09-13 00:00:00-04:00,1.6100000143051147,1.6100000143051147,1.5199999809265137,1.5199999809265137,14700,0.0,0.0
2024-09-16 00:00:00-04:00,1.5299999713897705,1.5700000524520874,1.5299999713897705,1.5700000524520874,1300,0.0,0.0
2024-09-17 00:00:00-04:00,1.6299999952316284,1.6299999952316284,1.5700000524520874,1.6100000143051147,4200,0.0,0.0
2024-09-18 00:00:00-04:00,1.5299999713897705,1.590000033378601,1.5299999713897705,1.590000033378601,1500,0.0,0.0
2024-09-19 00:00:00-04:00,1.590000033378601,1.590000033378601,1.5499999523162842,1.5700000524520874,6900,0.0,0.0
2024-09-20 00:00:00-04:00,1.5700000524520874,1.590000033378601,1.5499999523162842,1.5499999523162842,9200,0.0,0.0
2024-09-23 00:00:00-04:00,1.5499999523162842,1.600000023841858,1.5299999713897705,1.5800000429153442,39400,0.0,0.0
2024-09-24 00:00:00-04:00,1.600000023841858,1.600000023841858,1.5499999523162842,1.600000023841858,26700,0.0,0.0
2024-09-25 00:00:00-04:00,1.649999976158142,1.649999976158142,1.5299999713897705,1.5299999713897705,6800,0.0,0.0
2024-09-26 00:00:00-04:00,1.600000023841858,1.649999976158142,1.600000023841858,1.649999976158142,15900,0.0,0.0
2024-09-27 00:00:00-04:00,1.649999976158142,1.649999976158142,1.6100000143051147,1.649999976158142,12600,0.0,0.0
2024-09-30 00:00:00-04:00,1.6200000047683716,1.6200000047683716,1.6200000047683716,1.6200000047683716,300,0.0,0.0
2024-10-01 00:00:00-04:00,1.6100000143051147,1.6100000143051147,1.6100000143051147,1.6100000143051147,4000,0.0,0.0
2024-10-02 00:00:00-04:00,1.649999976158142,1.649999976158142,1.6299999952316284,1.6299999952316284,200,0.0,0.0
2024-10-03 00:00:00-04:00,1.6299999952316284,1.6399999856948853,1.6100000143051147,1.6399999856948853,19400,0.0,0.0
2024-10-04 00:00:00-04:00,1.659999966621399,1.659999966621399,1.6399999856948853,1.6399999856948853,2000,0.0,0.0
2024-10-07 00:00:00-04:00,1.649999976158142,1.649999976158142,1.6399999856948853,1.649999976158142,3300,0.0,0.0
2024-10-08 00:00:00-04:00,1.6200000047683716,1.6699999570846558,1.6200000047683716,1.6699999570846558,2600,0.0,0.0
2024-10-09 00:00:00-04:00,1.649999976158142,1.649999976158142,1.6399999856948853,1.6399999856948853,500,0.0,0.0
2024-10-10 00:00:00-04:00,1.659999966621399,1.659999966621399,1.6399999856948853,1.6399999856948853,2400,0.0,0.0
2024-10-11 00:00:00-04:00,1.649999976158142,1.649999976158142,1.6399999856948853,1.649999976158142,3500,0.0,0.0
2024-10-14 00:00:00-04:00,1.6399999856948853,1.6399999856948853,1.5399999618530273,1.5399999618530273,5500,0.0,0.0
2024-10-15 00:00:00-04:00,1.6299999952316284,1.649999976158142,1.5,1.649999976158142,7300,0.0,0.0
2024-10-16 00:00:00-04:00,1.649999976158142,1.6699999570846558,1.5499999523162842,1.6100000143051147,6800,0.0,0.0
2024-10-17 00:00:00-04:00,1.559999942779541,1.6399999856948853,1.559999942779541,1.5700000524520874,6200,0.0,0.0
2024-10-18 00:00:00-04:00,1.600000023841858,1.6100000143051147,1.600000023841858,1.600000023841858,6200,0.0,0.0
2024-10-21 00:00:00-04:00,1.590000033378601,1.600000023841858,1.5,1.5,6500,0.0,0.0
2024-10-22 00:00:00-04:00,1.5700000524520874,1.600000023841858,1.5199999809265137,1.600000023841858,1600,0.0,0.0
2024-10-23 00:00:00-04:00,1.5399999618530273,1.600000023841858,1.5199999809265137,1.5499999523162842,4800,0.0,0.0
2024-10-24 00:00:00-04:00,1.5499999523162842,1.5499999523162842,1.5299999713897705,1.5399999618530273,3500,0.0,0.0
2024-10-25 00:00:00-04:00,1.5499999523162842,1.5499999523162842,1.4600000381469727,1.5399999618530273,8000,0.0,0.0
2024-10-28 00:00:00-04:00,1.5,1.5399999618530273,1.5,1.5,15200,0.0,0.0
2024-10-29 00:00:00-04:00,1.4199999570846558,1.5,1.2699999809265137,1.3300000429153442,32900,0.0,0.0
2024-10-30 00:00:00-04:00,1.350000023841858,1.590000033378601,1.2599999904632568,1.2999999523162842,85200,0.0,0.0
2024-10-31 00:00:00-04:00,1.600000023841858,2.0,1.600000023841858,1.8799999952316284,400000,0.0,0.0
2024-11-01 00:00:00-04:00,1.8799999952316284,1.9700000286102295,1.649999976158142,1.7599999904632568,114900,0.0,0.0
2024-11-04 00:00:00-05:00,1.7599999904632568,1.8200000524520874,1.7000000476837158,1.7899999618530273,29800,0.0,0.0
2024-11-05 00:00:00-05:00,1.8200000524520874,1.8200000524520874,1.6399999856948853,1.6699999570846558,43500,0.0,0.0
2024-11-06 00:00:00-05:00,1.7000000476837158,1.840000033378601,1.7000000476837158,1.809999942779541,29400,0.0,0.0
2024-11-07 00:00:00-05:00,1.8200000524520874,1.9800000190734863,1.8200000524520874,1.9299999475479126,67300,0.0,0.0
2024-11-08 00:00:00-05:00,1.9700000286102295,1.9800000190734863,1.8700000047683716,1.909999966621399,32100,0.0,0.0
2024-11-11 00:00:00-05:00,1.8600000143051147,2.0,1.840000033378601,1.9900000095367432,109800,0.0,0.0
2024-11-12 00:00:00-05:00,2.0,2.009999990463257,1.9700000286102295,2.0,251100,0.0,0.0
2024-11-13 00:00:00-05:00,1.9900000095367432,2.2899999618530273,1.9900000095367432,2.240000009536743,426900,0.0,0.0
2024-11-14 00:00:00-05:00,2.2300000190734863,2.450000047683716,2.2300000190734863,2.4000000953674316,131800,0.0,0.0
2024-11-15 00:00:00-05:00,2.4000000953674316,2.5,2.309999942779541,2.4000000953674316,147400,0.0,0.0
2024-11-18 00:00:00-05:00,2.4000000953674316,2.4800000190734863,2.4000000953674316,2.450000047683716,25800,0.0,0.0
2024-11-19 00:00:00-05:00,2.4700000286102295,2.690000057220459,2.4200000762939453,2.690000057220459,78100,0.0,0.0
2024-11-20 00:00:00-05:00,2.690000057220459,2.690000057220459,2.3499999046325684,2.559999942779541,36300,0.0,0.0
2024-11-21 00:00:00-05:00,2.559999942779541,2.5999999046325684,2.319999933242798,2.450000047683716,53700,0.0,0.0
2024-11-22 00:00:00-05:00,2.4600000381469727,2.6500000953674316,2.4600000381469727,2.6500000953674316,43300,0.0,0.0
2024-11-25 00:00:00-05:00,2.640000104904175,2.680000066757202,2.240000009536743,2.5799999237060547,120100,0.0,0.0
2024-11-26 00:00:00-05:00,2.430000066757202,2.5999999046325684,2.309999942779541,2.569999933242798,28600,0.0,0.0
2024-11-27 00:00:00-05:00,2.5199999809265137,2.7300000190734863,2.5199999809265137,2.680000066757202,42700,0.0,0.0
2024-11-29 00:00:00-05:00,2.700000047683716,2.75,2.680000066757202,2.7200000286102295,101100,0.0,0.0
2024-12-02 00:00:00-05:00,2.7899999618530273,2.9000000953674316,2.759999990463257,2.880000114440918,90500,0.0,0.0
2024-12-03 00:00:00-05:00,2.9000000953674316,2.9100000858306885,2.759999990463257,2.8399999141693115,54700,0.0,0.0
2024-12-04 00:00:00-05:00,2.8499999046325684,2.8499999046325684,2.569999933242798,2.7100000381469727,65900,0.0,0.0
2024-12-05 00:00:00-05:00,2.6700000762939453,2.759999990463257,2.549999952316284,2.6500000953674316,15800,0.0,0.0
2024-12-06 00:00:00-05:00,2.6500000953674316,2.819999933242798,2.5799999237060547,2.7300000190734863,105700,0.0,0.0
2024-12-09 00:00:00-05:00,2.7300000190734863,2.7300000190734863,2.549999952316284,2.6500000953674316,19500,0.0,0.0
2024-12-10 00:00:00-05:00,2.6500000953674316,2.7200000286102295,2.549999952316284,2.7100000381469727,44300,0.0,0.0
2024-12-11 00:00:00-05:00,2.7300000190734863,2.740000009536743,2.680000066757202,2.700000047683716,11800,0.0,0.0
2024-12-12 00:00:00-05:00,2.700000047683716,2.700000047683716,2.5,2.6700000762939453,23400,0.0,0.0
2024-12-13 00:00:00-05:00,2.6700000762939453,2.6700000762939453,2.390000104904175,2.5199999809265137,16200,0.0,0.0
2024-12-16 00:00:00-05:00,2.509999990463257,2.7799999713897705,2.4800000190734863,2.549999952316284,18600,0.0,0.0
2024-12-17 00:00:00-05:00,2.5999999046325684,2.6600000858306885,2.4000000953674316,2.4700000286102295,37400,0.0,0.0
2024-12-18 00:00:00-05:00,2.430000066757202,2.6600000858306885,2.4200000762939453,2.490000009536743,55100,0.0,0.0
2024-12-19 00:00:00-05:00,2.569999933242798,2.569999933242798,2.4100000858306885,2.5299999713897705,22300,0.0,0.0
2024-12-20 00:00:00-05:00,2.5199999809265137,2.5199999809265137,2.299999952316284,2.450000047683716,13900,0.0,0.0
2024-12-23 00:00:00-05:00,2.380000114440918,2.4800000190734863,2.380000114440918,2.4000000953674316,17500,0.0,0.0
2024-12-24 00:00:00-05:00,2.4000000953674316,2.4200000762939453,2.25,2.299999952316284,41100,0.0,0.0
2024-12-26 00:00:00-05:00,2.4200000762939453,2.569999933242798,2.359999895095825,2.380000114440918,24300,0.0,0.0
2024-12-27 00:00:00-05:00,2.4200000762939453,2.440000057220459,2.25,2.299999952316284,12900,0.0,0.0
2024-12-30 00:00:00-05:00,2.359999895095825,2.359999895095825,2.2200000286102295,2.259999990463257,4600,0.0,0.0
2024-12-31 00:00:00-05:00,2.2799999713897705,2.440000057220459,2.059999942779541,2.440000057220459,174100,0.0,0.0
2025-01-02 00:00:00-05:00,2.3499999046325684,2.4800000190734863,2.200000047683716,2.3299999237060547,41800,0.0,0.0
2025-01-03 00:00:00-05:00,2.309999942779541,2.369999885559082,2.2799999713897705,2.3399999141693115,38500,0.0,0.0
2025-01-06 00:00:00-05:00,2.299999952316284,2.7300000190734863,2.299999952316284,2.6500000953674316,54300,0.0,0.0
2025-01-07 00:00:00-05:00,2.619999885559082,2.640000104904175,2.559999942779541,2.640000104904175,13500,0.0,0.0
2025-01-08 00:00:00-05:00,2.640000104904175,2.640000104904175,2.549999952316284,2.630000114440918,4700,0.0,0.0
2025-01-10 00:00:00-05:00,2.700000047683716,2.700000047683716,2.2899999618530273,2.440000057220459,33400,0.0,0.0
2025-01-13 00:00:00-05:00,2.25,2.619999885559082,2.25,2.5999999046325684,85500,0.0,0.0
2025-01-14 00:00:00-05:00,2.559999942779541,2.690000057220459,2.5,2.6600000858306885,32400,0.0,0.0
2025-01-15 00:00:00-05:00,2.690000057220459,2.75,2.6700000762939453,2.7200000286102295,28600,0.0,0.0
2025-01-16 00:00:00-05:00,2.75,2.759999990463257,2.5199999809265137,2.7200000286102295,42500,0.0,0.0
2025-01-17 00:00:00-05:00,2.609999895095825,2.690000057220459,2.609999895095825,2.640000104904175,10700,0.0,0.0
2025-01-21 00:00:00-05:00,2.6500000953674316,2.7799999713897705,2.5899999141693115,2.690000057220459,23100,0.0,0.0
2025-01-22 00:00:00-05:00,2.700000047683716,2.75,2.5899999141693115,2.6700000762939453,11300,0.0,0.0
2025-01-23 00:00:00-05:00,2.690000057220459,2.799999952316284,2.569999933242798,2.7899999618530273,42100,0.0,0.0
2025-01-24 00:00:00-05:00,2.799999952316284,3.0,2.7799999713897705,3.0,43300,0.0,0.0
2025-01-27 00:00:00-05:00,2.8499999046325684,3.1500000953674316,2.8499999046325684,2.9600000381469727,71900,0.0,0.0
2025-01-28 00:00:00-05:00,2.950000047683716,2.950000047683716,2.930000066757202,2.950000047683716,7400,0.0,0.0
2025-01-29 00:00:00-05:00,2.950000047683716,2.950000047683716,2.9000000953674316,2.950000047683716,2900,0.0,0.0
2025-01-30 00:00:00-05:00,2.9000000953674316,2.9200000762939453,2.809999942779541,2.859999895095825,9800,0.0,0.0
2025-01-31 00:00:00-05:00,2.9200000762939453,2.940000057220459,2.809999942779541,2.940000057220459,20200,0.0,0.0
2025-02-03 00:00:00-05:00,2.940000057220459,2.940000057220459,2.559999942779541,2.7899999618530273,14500,0.0,0.0
2025-02-04 00:00:00-05:00,2.75,2.799999952316284,2.5,2.7200000286102295,32900,0.0,0.0
2025-02-05 00:00:00-05:00,2.740000009536743,2.950000047683716,2.5999999046325684,2.859999895095825,18900,0.0,0.0
2025-02-06 00:00:00-05:00,2.8499999046325684,2.890000104904175,2.7699999809265137,2.880000114440918,3800,0.0,0.0
2025-02-07 00:00:00-05:00,2.880000114440918,2.9000000953674316,2.8299999237060547,2.8299999237060547,3900,0.0,0.0
2025-02-10 00:00:00-05:00,2.799999952316284,2.940000057220459,2.799999952316284,2.9200000762939453,35900,0.0,0.0
2025-02-11 00:00:00-05:00,2.940000057220459,2.940000057220459,2.700000047683716,2.880000114440918,4600,0.0,0.0
2025-02-12 00:00:00-05:00,2.7799999713897705,2.9200000762939453,2.7799999713897705,2.8499999046325684,4600,0.0,0.0
2025-02-13 00:00:00-05:00,2.6500000953674316,2.890000104904175,2.6500000953674316,2.890000104904175,11700,0.0,0.0
2025-02-14 00:00:00-05:00,2.819999933242798,2.890000104904175,2.819999933242798,2.869999885559082,1400,0.0,0.0
2025-02-18 00:00:00-05:00,2.890000104904175,2.9000000953674316,2.759999990463257,2.799999952316284,17700,0.0,0.0
2025-02-19 00:00:00-05:00,2.759999990463257,2.8499999046325684,2.259999990463257,2.630000114440918,44500,0.0,0.0
2025-02-20 00:00:00-05:00,2.569999933242798,2.6500000953674316,2.3499999046325684,2.5399999618530273,40400,0.0,0.0
2025-02-21 00:00:00-05:00,2.3299999237060547,2.630000114440918,2.3299999237060547,2.5799999237060547,11900,0.0,0.0
2025-02-24 00:00:00-05:00,2.4200000762939453,2.880000114440918,2.4200000762939453,2.7799999713897705,25700,0.0,0.0
2025-02-25 00:00:00-05:00,2.799999952316284,2.819999933242798,2.5999999046325684,2.700000047683716,14500,0.0,0.0
2025-02-26 00:00:00-05:00,2.740000009536743,2.8499999046325684,2.390000104904175,2.759999990463257,31400,0.0,0.0
2025-02-27 00:00:00-05:00,2.509999990463257,2.8499999046325684,2.490000009536743,2.8499999046325684,33700,0.0,0.0
2025-02-28 00:00:00-05:00,2.819999933242798,2.8499999046325684,2.4000000953674316,2.8299999237060547,26300,0.0,0.0
2025-03-03 00:00:00-05:00,2.7899999618530273,2.7899999618530273,2.4800000190734863,2.5999999046325684,13500,0.0,0.0
2025-03-04 00:00:00-05:00,2.569999933242798,2.5999999046325684,2.4600000381469727,2.509999990463257,34200,0.0,0.0
2025-03-05 00:00:00-05:00,2.6700000762939453,2.6700000762939453,2.5399999618530273,2.640000104904175,2800,0.0,0.0
2025-03-06 00:00:00-05:00,2.630000114440918,2.630000114440918,2.309999942779541,2.3299999237060547,45400,0.0,0.0
2025-03-07 00:00:00-05:00,2.390000104904175,2.549999952316284,2.369999885559082,2.509999990463257,12800,0.0,0.0
2025-03-10 00:00:00-04:00,2.549999952316284,2.549999952316284,2.3399999141693115,2.369999885559082,22000,0.0,0.0
2025-03-11 00:00:00-04:00,2.359999895095825,2.4100000858306885,2.200000047683716,2.3399999141693115,36300,0.0,0.0
2025-03-12 00:00:00-04:00,2.299999952316284,2.4200000762939453,2.299999952316284,2.4000000953674316,2800,0.0,0.0
2025-03-13 00:00:00-04:00,2.4200000762939453,2.4700000286102295,2.380000114440918,2.4100000858306885,3700,0.0,0.0
2025-03-14 00:00:00-04:00,2.4700000286102295,2.7799999713897705,2.4000000953674316,2.6600000858306885,53700,0.0,0.0
2025-03-17 00:00:00-04:00,2.640000104904175,2.8299999237060547,2.640000104904175,2.7699999809265137,27800,0.0,0.0
2025-03-18 00:00:00-04:00,2.7200000286102295,2.759999990463257,2.7200000286102295,2.75,600,0.0,0.0
2025-03-19 00:00:00-04:00,2.690000057220459,2.799999952316284,2.5999999046325684,2.7200000286102295,42400,0.0,0.0
2025-03-20 00:00:00-04:00,2.740000009536743,2.75,2.509999990463257,2.619999885559082,7500,0.0,0.0
2025-03-21 00:00:00-04:00,2.549999952316284,2.890000104904175,2.5399999618530273,2.819999933242798,45900,0.0,0.0
2025-03-24 00:00:00-04:00,2.75,2.890000104904175,2.740000009536743,2.859999895095825,8300,0.0,0.0
2025-03-25 00:00:00-04:00,2.890000104904175,2.890000104904175,2.859999895095825,2.869999885559082,2900,0.0,0.0
2025-03-26 00:00:00-04:00,2.869999885559082,2.940000057220459,2.8499999046325684,2.930000066757202,70800,0.0,0.0
2025-03-27 00:00:00-04:00,2.940000057220459,2.9600000381469727,2.2699999809265137,2.3299999237060547,579800,0.0,0.0
2025-03-28 00:00:00-04:00,2.3499999046325684,2.3499999046325684,1.7300000190734863,2.0899999141693115,308000,0.0,0.0
2025-03-31 00:00:00-04:00,2.049999952316284,2.049999952316284,1.940000057220459,2.049999952316284,44700,0.0,0.0
2025-04-01 00:00:00-04:00,2.0,2.0899999141693115,1.899999976158142,2.0799999237060547,14800,0.0,0.0
2025-04-02 00:00:00-04:00,2.0799999237060547,2.0799999237060547,2.0299999713897705,2.049999952316284,10500,0.0,0.0
2025-04-03 00:00:00-04:00,2.049999952316284,2.049999952316284,1.7599999904632568,1.840000033378601,71300,0.0,0.0
2025-04-04 00:00:00-04:00,1.7999999523162842,1.8300000429153442,1.5,1.75,86000,0.0,0.0
2025-04-07 00:00:00-04:00,1.5199999809265137,1.7300000190734863,1.340000033378601,1.7300000190734863,85400,0.0,0.0
2025-04-08 00:00:00-04:00,16.559999465942383,16.559999465942383,1.3600000143051147,1.7899999618530273,2194900,0.0,0.0
2025-04-09 00:00:00-04:00,1.7899999618530273,2.1500000953674316,1.559999942779541,1.7599999904632568,995600,0.0,0.0
2025-04-10 00:00:00-04:00,1.7300000190734863,1.840000033378601,1.659999966621399,1.6799999475479126,119100,0.0,0.0
2025-04-11 00:00:00-04:00,1.6399999856948853,2.0799999237060547,1.6299999952316284,1.7599999904632568,252200,0.0,0.0
2025-04-14 00:00:00-04:00,1.7699999809265137,2.390000104904175,1.7699999809265137,2.2100000381469727,357000,0.0,0.0
2025-04-15 00:00:00-04:00,2.2300000190734863,2.369999885559082,2.0999999046325684,2.2799999713897705,77000,0.0,0.0
2025-04-16 00:00:00-04:00,2.2200000286102295,2.359999895095825,2.0999999046325684,2.190000057220459,87700,0.0,0.0
2025-04-17 00:00:00-04:00,2.2799999713897705,2.369999885559082,2.200000047683716,2.240000009536743,49400,0.0,0.0
2025-04-21 00:00:00-04:00,2.25,2.3499999046325684,2.0799999237060547,2.25,39900,0.0,0.0
2025-04-22 00:00:00-04:00,2.190000057220459,2.3499999046325684,2.1700000762939453,2.2799999713897705,50800,0.0,0.0
2025-04-23 00:00:00-04:00,2.259999990463257,2.440000057220459,2.1500000953674316,2.390000104904175,59400,0.0,0.0
2025-04-24 00:00:00-04:00,2.2899999618530273,2.5799999237060547,2.2899999618530273,2.5399999618530273,52000,0.0,0.0
2025-04-25 00:00:00-04:00,2.4700000286102295,2.5799999237060547,2.4700000286102295,2.490000009536743,37500,0.0,0.0
2025-04-28 00:00:00-04:00,2.380000114440918,3.2100000381469727,2.380000114440918,3.119999885559082,340100,0.0,0.0
2025-04-29 00:00:00-04:00,2.990000009536743,3.049999952316284,2.7200000286102295,3.0,150200,0.0,0.0
2025-04-30 00:00:00-04:00,3.0399999618530273,3.2899999618530273,2.859999895095825,3.0999999046325684,110000,0.0,0.0
2025-05-01 00:00:00-04:00,3.0999999046325684,3.0999999046325684,2.9800000190734863,3.069999933242798,52400,0.0,0.0
2025-05-02 00:00:00-04:00,3.009999990463257,3.25,2.9200000762939453,3.130000114440918,132300,0.0,0.0
2025-05-05 00:00:00-04:00,3.25,3.25,3.009999990463257,3.0899999141693115,74800,0.0,0.0
2025-05-06 00:00:00-04:00,2.640000104904175,2.9700000286102295,2.5799999237060547,2.819999933242798,87200,0.0,0.0
2025-05-07 00:00:00-04:00,2.740000009536743,3.190000057220459,2.740000009536743,3.0399999618530273,75100,0.0,0.0
2025-05-08 00:00:00-04:00,3.200000047683716,3.5,3.0,3.359999895095825,131600,0.0,0.0
2025-05-09 00:00:00-04:00,3.3299999237060547,3.4700000286102295,3.069999933242798,3.4000000953674316,82000,0.0,0.0
2025-05-12 00:00:00-04:00,3.4700000286102295,3.5,3.3399999141693115,3.4000000953674316,48900,0.0,0.0
2025-05-13 00:00:00-04:00,3.380000114440918,3.9000000953674316,3.240000009536743,3.9000000953674316,181400,0.0,0.0
2025-05-14 00:00:00-04:00,3.9600000381469727,3.9800000190734863,3.7200000286102295,3.9600000381469727,150500,0.0,0.0
2025-05-15 00:00:00-04:00,3.9700000286102295,3.990000009536743,3.569999933242798,3.7699999809265137,93000,0.0,0.0
2025-05-16 00:00:00-04:00,3.809999942779541,3.880000114440918,3.6500000953674316,3.7100000381469727,31000,0.0,0.0
2025-05-19 00:00:00-04:00,3.7100000381469727,3.9000000953674316,3.5999999046325684,3.8299999237060547,42200,0.0,0.0
2025-05-20 00:00:00-04:00,3.9000000953674316,3.9000000953674316,3.7100000381469727,3.9000000953674316,64200,0.0,0.0
2025-05-21 00:00:00-04:00,3.8499999046325684,3.9000000953674316,3.680000066757202,3.9000000953674316,34400,0.0,0.0
2025-05-22 00:00:00-04:00,3.799999952316284,3.890000104904175,3.700000047683716,3.869999885559082,34400,0.0,0.0
2025-05-23 00:00:00-04:00,3.740000009536743,3.9000000953674316,3.6600000858306885,3.740000009536743,69000,0.0,0.0
2025-05-27 00:00:00-04:00,3.8299999237060547,4.119999885559082,3.680000066757202,4.019999980926514,168900,0.0,0.0
2025-05-28 00:00:00-04:00,4.019999980926514,4.190000057220459,3.7799999713897705,4.150000095367432,88500,0.0,0.0
2025-05-29 00:00:00-04:00,4.150000095367432,4.309999942779541,4.090000152587891,4.150000095367432,58700,0.0,0.0
2025-05-30 00:00:00-04:00,4.03000020980835,4.150000095367432,3.8499999046325684,3.859999895095825,41500,0.0,0.0
2025-06-02 00:00:00-04:00,3.869999885559082,4.119999885559082,3.869999885559082,4.03000020980835,51900,0.0,0.0
2025-06-03 00:00:00-04:00,4.190000057220459,4.289999961853027,4.099999904632568,4.170000076293945,91800,0.0,0.0
2025-06-04 00:00:00-04:00,4.239999771118164,4.28000020980835,4.0,4.159999847412109,80900,0.0,0.0
2025-06-05 00:00:00-04:00,4.239999771118164,4.269999980926514,3.9200000762939453,3.950000047683716,88900,0.0,0.0
2025-06-06 00:00:00-04:00,4.090000152587891,4.090000152587891,3.5,3.8399999141693115,145100,0.0,0.0
2025-06-09 00:00:00-04:00,3.930000066757202,4.28000020980835,3.809999942779541,3.990000009536743,123300,0.0,0.0
2025-06-10 00:00:00-04:00,4.010000228881836,4.25,3.9000000953674316,4.050000190734863,105100,0.0,0.0
2025-06-11 00:00:00-04:00,4.010000228881836,4.230000019073486,3.950000047683716,3.950000047683716,95600,0.0,0.0
2025-06-12 00:00:00-04:00,3.9100000858306885,4.199999809265137,3.799999952316284,4.119999885559082,105400,0.0,0.0
2025-06-13 00:00:00-04:00,4.139999866485596,4.28000020980835,4.010000228881836,4.070000171661377,123600,0.0,0.0
2025-06-16 00:00:00-04:00,3.990000009536743,4.28000020980835,3.990000009536743,4.110000133514404,142600,0.0,0.0
2025-06-17 00:00:00-04:00,4.079999923706055,4.349999904632568,3.9700000286102295,4.289999961853027,227200,0.0,0.0
2025-06-18 00:00:00-04:00,4.179999828338623,4.690000057220459,4.110000133514404,4.599999904632568,269500,0.0,0.0
2025-06-20 00:00:00-04:00,4.710000038146973,5.300000190734863,4.599999904632568,5.210000038146973,1555800,0.0,0.0
2025-06-23 00:00:00-04:00,5.130000114440918,5.630000114440918,4.760000228881836,5.199999809265137,272000,0.0,0.0
2025-06-24 00:00:00-04:00,5.199999809265137,5.289999961853027,4.96999979019165,5.199999809265137,282300,0.0,0.0
2025-06-25 00:00:00-04:00,5.289999961853027,5.329999923706055,4.78000020980835,4.809999942779541,159200,0.0,0.0
2025-06-26 00:00:00-04:00,4.840000152587891,4.920000076293945,4.25,4.590000152587891,193700,0.0,0.0
2025-06-27 00:00:00-04:00,4.46999979019165,4.75,4.199999809265137,4.360000133514404,2304700,0.0,0.0
2025-06-30 00:00:00-04:00,4.25,4.449999809265137,4.159999847412109,4.360000133514404,127600,0.0,0.0
2025-07-01 00:00:00-04:00,4.300000190734863,4.400000095367432,4.199999809265137,4.340000152587891,96100,0.0,0.0
2025-07-02 00:00:00-04:00,4.300000190734863,4.340000152587891,4.150000095367432,4.179999828338623,71800,0.0,0.0
2025-07-03 00:00:00-04:00,4.159999847412109,4.230000019073486,3.950000047683716,3.950000047683716,55800,0.0,0.0
2025-07-07 00:00:00-04:00,3.950000047683716,3.950000047683716,3.640000104904175,3.6700000762939453,100000,0.0,0.0
2025-07-08 00:00:00-04:00,3.6500000953674316,3.819999933242798,3.5299999713897705,3.7899999618530273,91000,0.0,0.0
2025-07-09 00:00:00-04:00,3.7100000381469727,3.7899999618530273,3.7100000381469727,3.7699999809265137,26300,0.0,0.0
2025-07-10 00:00:00-04:00,3.75,3.859999895095825,3.7100000381469727,3.740000009536743,45100,0.0,0.0
2025-07-11 00:00:00-04:00,3.690000057220459,3.7300000190734863,3.3399999141693115,3.390000104904175,81400,0.0,0.0
2025-07-14 00:00:00-04:00,3.299999952316284,3.5899999141693115,3.2799999713897705,3.549999952316284,99300,0.0,0.0
2025-07-15 00:00:00-04:00,3.5,3.5899999141693115,3.440000057220459,3.5799999237060547,32100,0.0,0.0
2025-07-16 00:00:00-04:00,3.5399999618530273,3.880000114440918,3.3299999237060547,3.799999952316284,58100,0.0,0.0
2025-07-17 00:00:00-04:00,3.7799999713897705,4.230000019073486,3.7100000381469727,4.110000133514404,84800,0.0,0.0
2025-07-18 00:00:00-04:00,4.159999847412109,4.210000038146973,3.990000009536743,3.990000009536743,47600,0.0,0.0
2025-07-21 00:00:00-04:00,3.950000047683716,4.199999809265137,3.950000047683716,4.199999809265137,93000,0.0,0.0
2025-07-22 00:00:00-04:00,4.119999885559082,4.5,4.119999885559082,4.480000019073486,138800,0.0,0.0
2025-07-23 00:00:00-04:00,4.46999979019165,4.46999979019165,4.21999979019165,4.440000057220459,66900,0.0,0.0
2025-07-24 00:00:00-04:00,4.329999923706055,4.5,4.329999923706055,4.46999979019165,92600,0.0,0.0
2025-07-25 00:00:00-04:00,4.46999979019165,4.46999979019165,4.099999904632568,4.340000152587891,76000,0.0,0.0
2025-07-28 00:00:00-04:00,4.199999809265137,4.300000190734863,3.990000009536743,4.269999980926514,92600,0.0,0.0
2025-07-29 00:00:00-04:00,4.389999866485596,4.389999866485596,3.809999942779541,3.8499999046325684,48400,0.0,0.0
2025-07-30 00:00:00-04:00,3.7799999713897705,4.099999904632568,3.5799999237060547,3.7300000190734863,94100,0.0,0.0
2025-07-31 00:00:00-04:00,3.640000104904175,3.819999933242798,3.380000114440918,3.430000066757202,88400,0.0,0.0
2025-08-01 00:00:00-04:00,3.009999990463257,3.009999990463257,2.740000009536743,2.7799999713897705,110500,0.0,0.0
2025-08-04 00:00:00-04:00,2.690000057220459,2.7300000190734863,2.5,2.5399999618530273,58300,0.0,0.0
2025-08-05 00:00:00-04:00,2.5399999618530273,2.9600000381469727,2.5,2.950000047683716,101700,0.0,0.0
2025-08-06 00:00:00-04:00,2.890000104904175,3.259999990463257,2.680000066757202,3.0399999618530273,87500,0.0,0.0
2025-08-07 00:00:00-04:00,3.0799999237060547,3.140000104904175,2.9600000381469727,3.0999999046325684,60600,0.0,0.0
2025-08-08 00:00:00-04:00,3.0999999046325684,3.390000104904175,3.069999933242798,3.319999933242798,77600,0.0,0.0
2025-08-11 00:00:00-04:00,3.3299999237060547,3.690000057220459,3.259999990463257,3.5299999713897705,58500,0.0,0.0
2025-08-12 00:00:00-04:00,3.640000104904175,3.8399999141693115,3.569999933242798,3.7899999618530273,74100,0.0,0.0
2025-08-13 00:00:00-04:00,3.8499999046325684,3.880000114440918,3.559999942779541,3.6600000858306885,54700,0.0,0.0
2025-08-14 00:00:00-04:00,3.640000104904175,3.680000066757202,3.5,3.630000114440918,25200,0.0,0.0
2025-08-15 00:00:00-04:00,3.6500000953674316,3.9100000858306885,3.5999999046325684,3.9000000953674316,43400,0.0,0.0
2025-08-18 00:00:00-04:00,3.9200000762939453,3.9200000762939453,3.509999990463257,3.5799999237060547,66000,0.0,0.0
2025-08-19 00:00:00-04:00,3.619999885559082,3.619999885559082,3.2799999713897705,3.369999885559082,31800,0.0,0.0
2025-08-20 00:00:00-04:00,3.3399999141693115,3.7300000190734863,3.2699999809265137,3.5,26600,0.0,0.0
2025-08-21 00:00:00-04:00,3.5,3.559999942779541,3.309999942779541,3.4800000190734863,48300,0.0,0.0
2025-08-22 00:00:00-04:00,3.5,3.7699999809265137,3.450000047683716,3.75,102700,0.0,0.0
2025-08-25 00:00:00-04:00,3.75,3.75,3.440000057220459,3.5,43300,0.0,0.0
2025-08-26 00:00:00-04:00,3.4100000858306885,3.549999952316284,3.4100000858306885,3.5199999809265137,21100,0.0,0.0
2025-08-27 00:00:00-04:00,3.4200000762939453,3.6500000953674316,3.380000114440918,3.5899999141693115,74100,0.0,0.0
2025-08-28 00:00:00-04:00,3.6500000953674316,3.6500000953674316,3.490000009536743,3.5299999713897705,23600,0.0,0.0
2025-08-29 00:00:00-04:00,3.509999990463257,3.75,3.509999990463257,3.6600000858306885,33900,0.0,0.0
2025-09-02 00:00:00-04:00,3.630000114440918,3.7300000190734863,3.5199999809265137,3.630000114440918,43800,0.0,0.0
2025-09-03 00:00:00-04:00,3.5399999618530273,3.640000104904175,3.4700000286102295,3.5,16200,0.0,0.0
2025-09-04 00:00:00-04:00,3.490000009536743,3.5299999713897705,3.4000000953674316,3.5299999713897705,17700,0.0,0.0
2025-09-05 00:00:00-04:00,3.5399999618530273,3.549999952316284,3.130000114440918,3.259999990463257,52200,0.0,0.0
2025-09-08 00:00:00-04:00,3.259999990463257,3.309999942779541,3.200000047683716,3.309999942779541,13000,0.0,0.0
2025-09-09 00:00:00-04:00,3.200000047683716,3.3299999237060547,3.200000047683716,3.2300000190734863,9700,0.0,0.0
2025-09-10 00:00:00-04:00,3.2200000286102295,3.369999885559082,3.2200000286102295,3.3299999237060547,12600,0.0,0.0
2025-09-11 00:00:00-04:00,3.2799999713897705,3.430000066757202,3.2200000286102295,3.390000104904175,27600,0.0,0.0
2025-09-12 00:00:00-04:00,3.259999990463257,3.390000104904175,3.259999990463257,3.369999885559082,6600,0.0,0.0
2025-09-15 00:00:00-04:00,3.3499999046325684,3.430000066757202,3.180000066757202,3.430000066757202,15600,0.0,0.0
2025-09-16 00:00:00-04:00,3.319999933242798,3.4100000858306885,3.1600000858306885,3.2799999713897705,35100,0.0,0.0
2025-09-17 00:00:00-04:00,3.2799999713897705,3.369999885559082,3.240000009536743,3.25,18700,0.0,0.0
2025-09-18 00:00:00-04:00,3.299999952316284,3.4700000286102295,3.299999952316284,3.440000057220459,26800,0.0,0.0
2025-09-19 00:00:00-04:00,3.440000057220459,3.4800000190734863,3.359999895095825,3.4600000381469727,115500,0.0,0.0
2025-09-22 00:00:00-04:00,3.3399999141693115,3.440000057220459,3.3399999141693115,3.369999885559082,15600,0.0,0.0
2025-09-23 00:00:00-04:00,3.4000000953674316,3.450000047683716,3.25,3.3399999141693115,20600,0.0,0.0
2025-09-24 00:00:00-04:00,3.200000047683716,3.490000009536743,3.200000047683716,3.430000066757202,26900,0.0,0.0
2025-09-25 00:00:00-04:00,3.5,3.5,3.2200000286102295,3.2300000190734863,15500,0.0,0.0
2025-09-26 00:00:00-04:00,3.3499999046325684,3.4000000953674316,3.200000047683716,3.309999942779541,25100,0.0,0.0
2025-09-29 00:00:00-04:00,3.3299999237060547,3.380000114440918,3.200000047683716,3.200000047683716,11500,0.0,0.0
2025-09-30 00:00:00-04:00,3.180000066757202,3.309999942779541,3.109999895095825,3.2200000286102295,19600,0.0,0.0
2025-10-01 00:00:00-04:00,3.130000114440918,3.2899999618530273,3.130000114440918,3.240000009536743,18700,0.0,0.0
2025-10-02 00:00:00-04:00,3.200000047683716,4.550000190734863,3.1600000858306885,4.360000133514404,372100,0.0,0.0
2025-10-03 00:00:00-04:00,4.349999904632568,4.5,4.0,4.03000020980835,55300,0.0,0.0
2025-10-06 00:00:00-04:00,3.9800000190734863,4.190000057220459,3.6700000762939453,3.6700000762939453,29600,0.0,0.0
2025-10-07 00:00:00-04:00,3.5899999141693115,3.9000000953674316,3.5,3.5399999618530273,37300,0.0,0.0
2025-10-08 00:00:00-04:00,3.509999990463257,3.8499999046325684,3.509999990463257,3.759999990463257,36900,0.0,0.0
2025-10-09 00:00:00-04:00,3.690000057220459,3.8499999046325684,3.640000104904175,3.640000104904175,11400,0.0,0.0
2025-10-10 00:00:00-04:00,3.5999999046325684,3.859999895095825,3.549999952316284,3.559999942779541,19100,0.0,0.0
2025-10-13 00:00:00-04:00,3.5899999141693115,3.740000009536743,3.430000066757202,3.5899999141693115,28000,0.0,0.0
2025-10-14 00:00:00-04:00,3.4600000381469727,3.8399999141693115,3.4600000381469727,3.75,22800,0.0,0.0
2025-10-15 00:00:00-04:00,3.7699999809265137,4.0,3.630000114440918,3.9800000190734863,28200,0.0,0.0
2025-10-16 00:00:00-04:00,3.9000000953674316,3.9700000286102295,3.819999933242798,3.9100000858306885,26500,0.0,0.0
2025-10-17 00:00:00-04:00,3.859999895095825,3.9100000858306885,3.7799999713897705,3.819999933242798,13500,0.0,0.0
2025-10-20 00:00:00-04:00,3.869999885559082,3.880000114440918,3.4800000190734863,3.880000114440918,23300,0.0,0.0
2025-10-21 00:00:00-04:00,3.880000114440918,3.880000114440918,3.609999895095825,3.740000009536743,13100,0.0,0.0
2025-10-22 00:00:00-04:00,3.690000057220459,3.7899999618530273,3.6500000953674316,3.75,24900,0.0,0.0
2025-10-23 00:00:00-04:00,3.700000047683716,3.799999952316284,3.609999895095825,3.700000047683716,8500,0.0,0.0
2025-10-24 00:00:00-04:00,3.690000057220459,3.7100000381469727,3.609999895095825,3.700000047683716,7500,0.0,0.0
2025-10-27 00:00:00-04:00,3.700000047683716,3.799999952316284,3.569999933242798,3.5799999237060547,13800,0.0,0.0
2025-10-28 00:00:00-04:00,3.5799999237060547,3.690000057220459,3.509999990463257,3.690000057220459,12400,0.0,0.0
2025-10-29 00:00:00-04:00,3.6500000953674316,3.7899999618530273,3.5,3.509999990463257,12800,0.0,0.0
2025-10-30 00:00:00-04:00,3.5,3.5999999046325684,3.2799999713897705,3.2799999713897705,29900,0.0,0.0
2025-10-31 00:00:00-04:00,3.25,3.4200000762939453,3.200000047683716,3.2699999809265137,32800,0.0,0.0
2025-11-03 00:00:00-05:00,3.3299999237060547,3.3299999237060547,3.200000047683716,3.2300000190734863,21300,0.0,0.0
2025-11-04 00:00:00-05:00,3.200000047683716,3.2899999618530273,3.0999999046325684,3.1700000762939453,26500,0.0,0.0
2025-11-05 00:00:00-05:00,3.119999885559082,3.4000000953674316,3.119999885559082,3.2799999713897705,56500,0.0,0.0
2025-11-06 00:00:00-05:00,3.240000009536743,3.2699999809265137,3.0299999713897705,3.0799999237060547,42200,0.0,0.0
2025-11-07 00:00:00-05:00,3.069999933242798,3.140000104904175,2.890000104904175,2.940000057220459,29500,0.0,0.0
2025-11-10 00:00:00-05:00,3.1700000762939453,3.1700000762939453,2.7300000190734863,2.809999942779541,32400,0.0,0.0
2025-11-11 00:00:00-05:00,2.390000104904175,2.390000104904175,1.409999966621399,2.130000114440918,356000,0.0,0.0
2025-11-12 00:00:00-05:00,2.0,2.1500000953674316,1.850000023841858,1.940000057220459,74400,0.0,0.0
2025-11-13 00:00:00-05:00,1.899999976158142,2.0899999141693115,1.600000023841858,1.6399999856948853,64300,0.0,0.0
2025-11-14 00:00:00-05:00,1.600000023841858,1.8700000047683716,1.600000023841858,1.8300000429153442,72500,0.0,0.0
2025-11-17 00:00:00-05:00,1.8799999952316284,1.9900000095367432,1.7999999523162842,1.8799999952316284,42200,0.0,0.0
2025-11-18 00:00:00-05:00,1.8300000429153442,1.909999966621399,1.8300000429153442,1.8700000047683716,13800,0.0,0.0
2025-11-19 00:00:00-05:00,1.8899999856948853,2.0399999618530273,1.840000033378601,1.9600000381469727,43200,0.0,0.0
2025-11-20 00:00:00-05:00,2.0,2.259999990463257,2.0,2.059999942779541,44900,0.0,0.0
2025-11-21 00:00:00-05:00,2.0,2.259999990463257,2.0,2.2100000381469727,50600,0.0,0.0
2025-11-24 00:00:00-05:00,2.200000047683716,2.2899999618530273,2.0899999141693115,2.140000104904175,39100,0.0,0.0
2025-11-25 00:00:00-05:00,2.109999895095825,2.299999952316284,2.049999952316284,2.25,24500,0.0,0.0
2025-11-26 00:00:00-05:00,2.2300000190734863,2.2899999618530273,2.1500000953674316,2.1700000762939453,36000,0.0,0.0
2025-11-28 00:00:00-05:00,2.0199999809265137,2.2899999618530273,2.0199999809265137,2.2899999618530273,9800,0.0,0.0
2025-12-01 00:00:00-05:00,2.25,2.25,2.0999999046325684,2.119999885559082,13200,0.0,0.0
2025-12-02 00:00:00-05:00,2.1700000762939453,2.180000066757202,2.0199999809265137,2.0399999618530273,54300,0.0,0.0
2025-12-03 00:00:00-05:00,2.049999952316284,2.1700000762939453,1.9800000190734863,2.119999885559082,37300,0.0,0.0
2025-12-04 00:00:00-05:00,2.0999999046325684,2.2300000190734863,2.0399999618530273,2.1700000762939453,32200,0.0,0.0
2025-12-05 00:00:00-05:00,2.1700000762939453,2.299999952316284,2.0199999809265137,2.049999952316284,85500,0.0,0.0
2025-12-08 00:00:00-05:00,2.059999942779541,2.1700000762939453,1.9700000286102295,1.9700000286102295,19600,0.0,0.0
2025-12-09 00:00:00-05:00,2.0199999809265137,2.130000114440918,2.0199999809265137,2.069999933242798,13100,0.0,0.0
2025-12-10 00:00:00-05:00,2.119999885559082,2.2899999618530273,2.0799999237060547,2.2100000381469727,44900,0.0,0.0
2025-12-11 00:00:00-05:00,2.259999990463257,2.299999952316284,2.109999895095825,2.190000057220459,62900,0.0,0.0
2025-12-12 00:00:00-05:00,2.2200000286102295,2.2200000286102295,1.9800000190734863,2.059999942779541,28700,0.0,0.0
2025-12-15 00:00:00-05:00,2.0899999141693115,2.0899999141693115,1.899999976158142,2.0199999809265137,40300,0.0,0.0
2025-12-16 00:00:00-05:00,1.899999976158142,2.0799999237060547,1.899999976158142,2.0199999809265137,49400,0.0,0.0
2025-12-17 00:00:00-05:00,1.9700000286102295,2.0399999618530273,1.8799999952316284,2.0399999618530273,55900,0.0,0.0
2025-12-18 00:00:00-05:00,2.0899999141693115,2.0899999141693115,1.7599999904632568,2.0299999713897705,32300,0.0,0.0
2025-12-19 00:00:00-05:00,2.0299999713897705,2.0799999237060547,2.009999990463257,2.0399999618530273,35900,0.0,0.0
2025-12-22 00:00:00-05:00,2.049999952316284,2.059999942779541,1.8899999856948853,1.9299999475479126,35500,0.0,0.0
2025-12-23 00:00:00-05:00,1.9199999570846558,1.9199999570846558,1.7999999523162842,1.7999999523162842,25800,0.0,0.0
2025-12-24 00:00:00-05:00,1.840000033378601,1.9500000476837158,1.8300000429153442,1.8899999856948853,17500,0.0,0.0
2025-12-26 00:00:00-05:00,1.8899999856948853,1.9299999475479126,1.7999999523162842,1.809999942779541,16600,0.0,0.0
2025-12-29 00:00:00-05:00,1.7999999523162842,1.850000023841858,1.6799999475479126,1.7200000286102295,17600,0.0,0.0
2025-12-30 00:00:00-05:00,1.6399999856948853,1.7000000476837158,1.5299999713897705,1.659999966621399,117300,0.0,0.0
2025-12-31 00:00:00-05:00,1.659999966621399,1.659999966621399,1.5800000429153442,1.600000023841858,33000,0.0,0.0
2026-01-02 00:00:00-05:00,1.6200000047683716,1.6399999856948853,1.5,1.5,39900,0.0,0.0
2026-01-05 00:00:00-05:00,1.5199999809265137,1.6399999856948853,1.5199999809265137,1.5800000429153442,24200,0.0,0.0
2026-01-06 00:00:00-05:00,1.5800000429153442,1.6299999952316284,1.440000057220459,1.5299999713897705,47600,0.0,0.0
2026-01-07 00:00:00-05:00,1.5199999809265137,1.559999942779541,1.5,1.5,18300,0.0,0.0
2026-01-08 00:00:00-05:00,1.5099999904632568,1.559999942779541,1.5,1.5299999713897705,43600,0.0,0.0
2026-01-09 00:00:00-05:00,1.5199999809265137,1.559999942779541,1.5099999904632568,1.5099999904632568,11600,0.0,0.0
2026-01-12 00:00:00-05:00,1.5,1.5499999523162842,1.5,1.5399999618530273,27400,0.0,0.0
2026-01-13 00:00:00-05:00,1.5399999618530273,1.559999942779541,1.5099999904632568,1.5199999809265137,44700,0.0,0.0
2026-01-14 00:00:00-05:00,1.5399999618530273,1.559999942779541,1.5,1.5199999809265137,24600,0.0,0.0
2026-01-15 00:00:00-05:00,1.5,1.6100000143051147,1.5,1.559999942779541,41700,0.0,0.0
2026-01-16 00:00:00-05:00,1.5700000524520874,1.600000023841858,1.5299999713897705,1.5299999713897705,21800,0.0,0.0
2026-01-20 00:00:00-05:00,1.5099999904632568,1.659999966621399,1.5099999904632568,1.5199999809265137,40500,0.0,0.0
2026-01-21 00:00:00-05:00,1.5499999523162842,1.6299999952316284,1.5499999523162842,1.6299999952316284,25800,0.0,0.0
2026-01-22 00:00:00-05:00,1.6200000047683716,1.6299999952316284,1.559999942779541,1.559999942779541,23600,0.0,0.0
2026-01-23 00:00:00-05:00,1.559999942779541,1.590000033378601,1.4700000286102295,1.4800000190734863,29000,0.0,0.0
2026-01-26 00:00:00-05:00,1.4900000095367432,1.5199999809265137,1.4900000095367432,1.5199999809265137,26500,0.0,0.0
2026-01-27 00:00:00-05:00,1.5099999904632568,1.559999942779541,1.5,1.559999942779541,19300,0.0,0.0
2026-01-28 00:00:00-05:00,1.5199999809265137,1.5299999713897705,1.4500000476837158,1.4500000476837158,37100,0.0,0.0
2026-01-29 00:00:00-05:00,1.4500000476837158,1.4900000095367432,1.3200000524520874,1.3200000524520874,76000,0.0,0.0
2026-01-30 00:00:00-05:00,1.3200000524520874,1.3799999952316284,1.2599999904632568,1.350000023841858,42200,0.0,0.0
2026-02-02 00:00:00-05:00,1.350000023841858,1.5299999713897705,1.350000023841858,1.4800000190734863,31400,0.0,0.0
2026-02-03 00:00:00-05:00,1.4600000381469727,1.5,1.3700000047683716,1.4199999570846558,23100,0.0,0.0
2026-02-04 00:00:00-05:00,1.409999966621399,1.4299999475479126,1.340000033378601,1.399999976158142,17600,0.0,0.0
2026-02-05 00:00:00-05:00,1.3700000047683716,1.4500000476837158,1.309999942779541,1.3300000429153442,130300,0.0,0.0
2026-02-06 00:00:00-05:00,1.3799999952316284,1.4299999475479126,1.340000033378601,1.3700000047683716,32000,0.0,0.0
2026-02-09 00:00:00-05:00,1.4199999570846558,1.4299999475479126,1.3799999952316284,1.3899999856948853,10300,0.0,0.0
2026-02-10 00:00:00-05:00,1.399999976158142,1.4700000286102295,1.3799999952316284,1.440000057220459,33800,0.0,0.0
2026-02-11 00:00:00-05:00,1.4500000476837158,1.4500000476837158,1.2999999523162842,1.2999999523162842,19600,0.0,0.0
2026-02-12 00:00:00-05:00,1.3300000429153442,1.3300000429153442,1.2599999904632568,1.2599999904632568,19600,0.0,0.0
2026-02-13 00:00:00-05:00,1.2599999904632568,1.3600000143051147,1.2599999904632568,1.3300000429153442,13300,0.0,0.0
2026-02-17 00:00:00-05:00,1.3200000524520874,1.3799999952316284,1.2999999523162842,1.3700000047683716,7100,0.0,0.0
2026-02-18 00:00:00-05:00,1.3899999856948853,1.409999966621399,1.3200000524520874,1.3200000524520874,12200,0.0,0.0
2026-02-19 00:00:00-05:00,1.309999942779541,1.3300000429153442,1.25,1.25,22000,0.0,0.0
2026-02-20 00:00:00-05:00,1.25,1.2999999523162842,1.2400000095367432,1.2699999809265137,13200,0.0,0.0
2026-02-23 00:00:00-05:00,1.2400000095367432,1.2400000095367432,1.159999966621399,1.159999966621399,28000,0.0,0.0
2026-02-24 00:00:00-05:00,1.159999966621399,1.2400000095367432,1.159999966621399,1.2300000190734863,10600,0.0,0.0
2026-02-25 00:00:00-05:00,1.25,1.3300000429153442,1.25,1.3300000429153442,18000,0.0,0.0
2026-02-26 00:00:00-05:00,1.3200000524520874,1.350000023841858,1.2699999809265137,1.309999942779541,11400,0.0,0.0
2026-02-27 00:00:00-05:00,1.2999999523162842,1.3300000429153442,1.1799999475479126,1.2799999713897705,35700,0.0,0.0
2026-03-02 00:00:00-05:00,1.2300000190734863,1.3300000429153442,1.2300000190734863,1.2899999618530273,13200,0.0,0.0
2026-03-03 00:00:00-05:00,1.2300000190734863,1.2300000190734863,1.159999966621399,1.1799999475479126,19000,0.0,0.0
2026-03-04 00:00:00-05:00,1.2200000286102295,1.2300000190734863,1.1699999570846558,1.1799999475479126,11200,0.0,0.0
2026-03-05 00:00:00-05:00,1.149999976158142,1.190000057220459,1.059999942779541,1.0800000429153442,45500,0.0,0.0
2026-03-06 00:00:00-05:00,1.0499999523162842,1.090000033378601,1.0099999904632568,1.0099999904632568,26300,0.0,0.0
2026-03-09 00:00:00-04:00,1.0299999713897705,1.0299999713897705,0.9700000286102295,1.0099999904632568,29400,0.0,0.0
2026-03-10 00:00:00-04:00,0.9900000095367432,1.100000023841858,0.9900000095367432,1.0800000429153442,44000,0.0,0.0
2026-03-11 00:00:00-04:00,1.0800000429153442,1.090000033378601,1.0299999713897705,1.0499999523162842,21000,0.0,0.0
2026-03-12 00:00:00-04:00,1.0199999809265137,1.0700000524520874,1.0,1.0099999904632568,33100,0.0,0.0
2026-03-13 00:00:00-04:00,1.0199999809265137,1.0199999809265137,0.9399999976158142,0.949999988079071,31000,0.0,0.0
2026-03-16 00:00:00-04:00,0.9399999976158142,1.0,0.9300000071525574,0.949999988079071,29800,0.0,0.0
2026-03-17 00:00:00-04:00,1.0,1.0,0.949999988079071,0.9599999785423279,21000,0.0,0.0
2026-03-18 00:00:00-04:00,0.949999988079071,0.9700000286102295,0.8100000023841858,0.8100000023841858,40200,0.0,0.0
2026-03-19 00:00:00-04:00,0.800000011920929,0.9399999976158142,0.800000011920929,0.8600000143051147,24400,0.0,0.0
2026-03-20 00:00:00-04:00,0.8700000047683716,0.8999999761581421,0.7799999713897705,0.8799999952316284,112400,0.0,0.0
2026-03-23 00:00:00-04:00,0.8700000047683716,1.0,0.800000011920929,0.8600000143051147,46300,0.0,0.0
2026-03-24 00:00:00-04:00,0.8299999833106995,0.9800000190734863,0.8299999833106995,0.8999999761581421,45600,0.0,0.0
2026-03-25 00:00:00-04:00,0.949999988079071,0.9599999785423279,0.8799999952316284,0.8799999952316284,32500,0.0,0.0
2026-03-26 00:00:00-04:00,0.8700000047683716,0.9399999976158142,0.8600000143051147,0.9399999976158142,11900,0.0,0.0
2026-03-27 00:00:00-04:00,0.8999999761581421,0.9300000071525574,0.8299999833106995,0.9100000262260437,22100,0.0,0.0
2026-03-30 00:00:00-04:00,0.9700000286102295,0.9700000286102295,0.8999999761581421,0.8999999761581421,31400,0.0,0.0
2026-03-31 00:00:00-04:00,0.9700000286102295,0.9700000286102295,0.800000011920929,0.949999988079071,60600,0.0,0.0
2026-04-01 00:00:00-04:00,0.9900000095367432,1.1699999570846558,0.9399999976158142,1.0800000429153442,54200,0.0,0.0
2026-04-02 00:00:00-04:00,1.100000023841858,1.4800000190734863,1.059999942779541,1.399999976158142,161200,0.0,0.0
2026-04-06 00:00:00-04:00,1.3899999856948853,1.4800000190734863,1.3600000143051147,1.409999966621399,46300,0.0,0.0
2026-04-07 00:00:00-04:00,1.4299999475479126,1.4900000095367432,1.2100000381469727,1.2100000381469727,108300,0.0,0.0
2026-04-08 00:00:00-04:00,1.25,1.350000023841858,1.25,1.309999942779541,23200,0.0,0.0
2026-04-09 00:00:00-04:00,1.2699999809265137,1.2699999809265137,1.149999976158142,1.149999976158142,24100,0.0,0.0
2026-04-10 00:00:00-04:00,1.1699999570846558,1.190000057220459,1.100000023841858,1.1100000143051147,20800,0.0,0.0
2026-04-13 00:00:00-04:00,1.0800000429153442,1.2599999904632568,1.059999942779541,1.190000057220459,48300,0.0,0.0
2026-04-14 00:00:00-04:00,1.1799999475479126,1.2200000286102295,1.0800000429153442,1.100000023841858,22600,0.0,0.0
2026-04-15 00:00:00-04:00,1.149999976158142,1.2000000476837158,1.0800000429153442,1.149999976158142,35200,0.0,0.0
2026-04-16 00:00:00-04:00,1.149999976158142,1.2100000381469727,1.1299999952316284,1.2100000381469727,32500,0.0,0.0
2026-04-17 00:00:00-04:00,1.2400000095367432,1.2699999809265137,1.2100000381469727,1.25,25400,0.0,0.0
2026-04-20 00:00:00-04:00,1.25,1.2599999904632568,1.2000000476837158,1.2200000286102295,12800,0.0,0.0
2026-04-21 00:00:00-04:00,1.2200000286102295,1.2400000095367432,1.090000033378601,1.100000023841858,39000,0.0,0.0
2026-04-22 00:00:00-04:00,1.159999966621399,1.2000000476837158,1.1299999952316284,1.149999976158142,18600,0.0,0.0
2026-04-23 00:00:00-04:00,1.1200000047683716,1.159999966621399,1.059999942779541,1.1100000143051147,41400,0.0,0.0
2026-04-24 00:00:00-04:00,1.149999976158142,1.2300000190734863,1.059999942779541,1.2100000381469727,120000,0.0,0.0
2026-04-27 00:00:00-04:00,1.2100000381469727,1.4900000095367432,1.2100000381469727,1.3899999856948853,95000,0.0,0.0
2026-04-28 00:00:00-04:00,1.3799999952316284,1.3899999856948853,1.2699999809265137,1.3700000047683716,37300,0.0,0.0
2026-04-29 00:00:00-04:00,1.340000033378601,1.350000023841858,1.2599999904632568,1.2999999523162842,29000,0.0,0.0
2026-04-30 00:00:00-04:00,1.2300000190734863,1.340000033378601,1.1699999570846558,1.340000033378601,16500,0.0,0.0
2026-05-01 00:00:00-04:00,1.399999976158142,1.399999976158142,1.2799999713897705,1.340000033378601,19100,0.0,0.0
2026-05-04 00:00:00-04:00,1.3200000524520874,1.350000023841858,1.2000000476837158,1.2899999618530273,17100,0.0,0.0
2026-05-05 00:00:00-04:00,1.2899999618530273,1.2899999618530273,1.2599999904632568,1.2799999713897705,16700,0.0,0.0
2026-05-06 00:00:00-04:00,1.2799999713897705,1.2799999713897705,1.159999966621399,1.2599999904632568,78300,0.0,0.0
2026-05-07 00:00:00-04:00,1.25,1.350000023841858,1.2400000095367432,1.2999999523162842,15600,0.0,0.0
2026-05-08 00:00:00-04:00,1.309999942779541,1.3799999952316284,1.2899999618530273,1.350000023841858,21800,0.0,0.0
2026-05-11 00:00:00-04:00,1.3700000047683716,1.5299999713897705,1.309999942779541,1.5,113500,0.0,0.0
2026-05-12 00:00:00-04:00,1.5,1.5,1.2100000381469727,1.2400000095367432,88200,0.0,0.0
2026-05-13 00:00:00-04:00,1.2200000286102295,1.3300000429153442,1.2200000286102295,1.3200000524520874,21000,0.0,0.0
2026-05-14 00:00:00-04:00,1.3899999856948853,1.4800000190734863,1.2899999618530273,1.309999942779541,27700,0.0,0.0
2026-05-15 00:00:00-04:00,1.2699999809265137,1.2899999618530273,1.2100000381469727,1.2100000381469727,24800,0.0,0.0
2026-05-18 00:00:00-04:00,1.2100000381469727,1.3200000524520874,1.2000000476837158,1.25,42000,0.0,0.0
2026-05-19 00:00:00-04:00,1.2300000190734863,1.2300000190734863,1.1399999856948853,1.190000057220459,17800,0.0,0.0
2026-05-20 00:00:00-04:00,1.190000057220459,1.409999966621399,1.190000057220459,1.3600000143051147,63200,0.0,0.0
2026-05-21 00:00:00-04:00,1.350000023841858,1.3700000047683716,1.1799999475479126,1.2599999904632568,29200,0.0,0.0
2026-05-22 00:00:00-04:00,1.2100000381469727,1.2799999713897705,1.2000000476837158,1.25,14600,0.0,0.0
2026-05-26 00:00:00-04:00,1.25,1.309999942779541,1.190000057220459,1.2799999713897705,75400,0.0,0.0
2026-05-27 00:00:00-04:00,1.2899999618530273,1.3200000524520874,1.190000057220459,1.2300000190734863,52900,0.0,0.0
2026-05-28 00:00:00-04:00,1.2200000286102295,1.3200000524520874,1.2100000381469727,1.3200000524520874,15900,0.0,0.0
2026-05-29 00:00:00-04:00,1.2899999618530273,1.2899999618530273,1.2300000190734863,1.2300000190734863,54600,0.0,0.0
2026-06-01 00:00:00-04:00,1.2100000381469727,1.3200000524520874,1.1799999475479126,1.2999999523162842,41800,0.0,0.0
2026-06-02 00:00:00-04:00,1.2799999713897705,1.399999976158142,1.2799999713897705,1.3899999856948853,27900,0.0,0.0
2026-06-03 00:00:00-04:00,1.3600000143051147,1.3600000143051147,1.2400000095367432,1.2599999904632568,29900,0.0,0.0
2026-06-04 00:00:00-04:00,1.2699999809265137,1.3700000047683716,1.2000000476837158,1.350000023841858,18400,0.0,0.0
2026-06-05 00:00:00-04:00,1.3200000524520874,1.3700000047683716,1.2799999713897705,1.309999942779541,21700,0.0,0.0
2026-06-08 00:00:00-04:00,1.2799999713897705,1.350000023841858,1.2000000476837158,1.2000000476837158,25000,0.0,0.0
2026-06-09 00:00:00-04:00,1.2100000381469727,1.2599999904632568,1.149999976158142,1.2200000286102295,40600,0.0,0.0
2026-06-10 00:00:00-04:00,1.2000000476837158,1.25,1.100000023841858,1.1200000047683716,53700,0.0,0.0
2026-06-11 00:00:00-04:00,1.1200000047683716,1.2699999809265137,1.100000023841858,1.25,50000,0.0,0.0
2026-06-12 00:00:00-04:00,1.2400000095367432,1.3600000143051147,1.190000057220459,1.3300000429153442,39500,0.0,0.0
2026-06-15 00:00:00-04:00,1.3700000047683716,1.3700000047683716,1.2400000095367432,1.2599999904632568,57900,0.0,0.0
2026-06-16 00:00:00-04:00,1.2599999904632568,1.3600000143051147,1.2100000381469727,1.3600000143051147,43400,0.0,0.0
2026-06-17 00:00:00-04:00,1.340000033378601,1.3600000143051147,1.2799999713897705,1.2799999713897705,21200,0.0,0.0
2026-06-18 00:00:00-04:00,1.350000023841858,1.3600000143051147,1.2999999523162842,1.340000033378601,48300,0.0,0.0
2026-06-22 00:00:00-04:00,1.3200000524520874,1.3200000524520874,1.25,1.2899999618530273,26600,0.0,0.0
2026-06-23 00:00:00-04:00,1.25,1.3200000524520874,1.2200000286102295,1.2999999523162842,60300,0.0,0.0
2026-06-24 00:00:00-04:00,1.309999942779541,1.309999942779541,1.090000033378601,1.1100000143051147,119600,0.0,0.0
2026-06-25 00:00:00-04:00,1.1399999856948853,1.1399999856948853,1.0099999904632568,1.0499999523162842,86200,0.0,0.0
2026-06-26 00:00:00-04:00,1.0199999809265137,1.090000033378601,0.8299999833106995,0.8299999833106995,1771900,0.0,0.0
2026-06-29 00:00:00-04:00,0.8399999737739563,0.8899999856948853,0.7699999809265137,0.800000011920929,239800,0.0,0.0
2026-06-30 00:00:00-04:00,0.7900000214576721,0.8500000238418579,0.699999988079071,0.7400000095367432,157100,0.0,0.0
2026-07-01 00:00:00-04:00,0.7599999904632568,0.8399999737739563,0.7099999785423279,0.7300000190734863,64000,0.0,0.0
2026-07-02 00:00:00-04:00,0.7300000190734863,0.75,0.6800000071525574,0.6800000071525574,49500,0.0,0.0
2026-07-06 00:00:00-04:00,0.7099999785423279,0.7599999904632568,0.6899999976158142,0.7200000286102295,63000,0.0,0.0
2026-07-07 00:00:00-04:00,0.7099999785423279,0.7699999809265137,0.7099999785423279,0.7200000286102295,16000,0.0,0.0
2026-07-08 00:00:00-04:00,0.7200000286102295,0.7599999904632568,0.6899999976158142,0.699999988079071,48400,0.0,0.0
2026-07-09 00:00:00-04:00,0.699999988079071,0.7699999809265137,0.6800000071525574,0.699999988079071,47500,0.0,0.0
2026-07-10 00:00:00-04:00,0.75,0.75,0.6800000071525574,0.6800000071525574,44000,0.0,0.0
2026-07-13 00:00:00-04:00,0.75,0.75,0.6700000166893005,0.6800000071525574,109000,0.0,0.0
2026-07-14 00:00:00-04:00,0.6800000071525574,0.6899999976158142,0.6100000143051147,0.6399999856948853,141300,0.0,0.0
2026-07-15 00:00:00-04:00,0.7099999785423279,0.8999999761581421,0.6499999761581421,0.8299999833106995,1475700,0.0,0.0
2026-07-16 00:00:00-04:00,0.7599999904632568,0.800000011920929,0.7200000286102295,0.7799999713897705,145700,0.0,0.0
2026-07-17 00:00:00-04:00,0.7699999809265137,0.800000011920929,0.75,0.7799999713897705,26500,0.0,0.0
2026-07-20 00:00:00-04:00,0.75,0.8600000143051147,0.7300000190734863,0.7300000190734863,64700,0.0,0.0
2026-07-23 00:00:00-04:00,0.8600000143051147,1.0199999809265137,0.8600000143051147,1.0,101900,0.0,0.0
2026-07-24 00:00:00-04:00,0.9800000190734863,1.100000023841858,0.8600000143051147,0.9399999976158142,81500,0.0,0.0
2026-07-27 00:00:00-04:00,0.949999988079071,1.0,0.9300000071525574,0.9300000071525574,22000,0.0,0.0
2026-07-28 00:00:00-04:00,0.9200000166893005,1.0,0.8999999761581421,0.9100000262260437,32300,0.0,0.0
2026-07-29 00:00:00-04:00,0.8999999761581421,0.9900000095367432,0.8999999761581421,0.9300000071525574,16000,0.0,0.0
2026-07-30 00:00:00-04:00,0.9300000071525574,0.9599999785423279,0.7900000214576721,0.8199999928474426,30400,0.0,0.0
2026-08-03 00:00:00-04:00,0.8399999737739563,1.0299999713897705,0.8399999737739563,0.9900000095367432,24500,0.0,0.0
2026-08-04 00:00:00-04:00,1.0199999809265137,1.1399999856948853,1.0,1.059999942779541,49900,0.0,0.0
2026-08-05 00:00:00-04:00,1.100000023841858,1.1200000047683716,1.0199999809265137,1.0700000524520874,20200,0.0,0.0
2026-08-06 00:00:00-04:00,1.0499999523162842,1.0499999523162842,1.0199999809265137,1.0299999713897705,4100,0.0,0.0
2026-08-07 00:00:00-04:00,1.0499999523162842,1.0800000429153442,1.0499999523162842,1.0700000524520874,8800,0.0,0.0
2026-08-10 00:00:00-04:00,1.0499999523162842,1.1399999856948853,1.0299999713897705,1.0399999618530273,42300,0.0,0.0
2026-08-11 00:00:00-04:00,0.9900000095367432,1.059999942779541,0.9300000071525574,1.0199999809265137,58400,0.0,0.0
2026-08-12 00:00:00-04:00,1.0700000524520874,1.0800000429153442,0.9300000071525574,1.0499999523162842,30300,0.0,0.0
2026-08-13 00:00:00-04:00,1.0700000524520874,1.0700000524520874,0.9900000095367432,1.0099999904632568,10700,0.0,0.0
2026-08-14 00:00:00-04:00,1.0199999809265137,1.0499999523162842,1.0199999809265137,1.0199999809265137,2900,0.0,0.0
2026-08-17 00:00:00-04:00,1.0199999809265137,1.0199999809265137,0.9399999976158142,0.9399999976158142,9200,0.0,0.0
2026-08-18 00:00:00-04:00,0.949999988079071,0.949999988079071,0.8199999928474426,0.8899999856948853,20800,0.0,0.0
2026-08-19 00:00:00-04:00,0.949999988079071,1.100000023841858,0.8999999761581421,0.9399999976158142,43700,0.0,0.0
2026-08-20 00:00:00-04:00,0.800000011920929,1.0099999904632568,0.800000011920929,0.9907000064849854,20155,0.0,0.0
