Date,Open,High,Low,Close,Volume,Dividends,Stock Splits
2022-01-03 00:00:00-05:00,53.0,53.72999954223633,50.130001068115234,52.900001525878906,1032100,0.0,0.0
2022-01-04 00:00:00-05:00,52.900001525878906,53.224998474121094,49.099998474121094,50.40999984741211,634200,0.0,0.0
2022-01-05 00:00:00-05:00,49.689998626708984,50.79999923706055,45.3849983215332,45.83000183105469,535600,0.0,0.0
2022-01-06 00:00:00-05:00,45.33000183105469,45.7599983215332,42.9900016784668,44.349998474121094,835300,0.0,0.0
2022-01-07 00:00:00-05:00,44.45000076293945,46.0,41.68000030517578,43.09000015258789,520200,0.0,0.0
2022-01-10 00:00:00-05:00,41.9900016784668,44.7599983215332,40.2599983215332,44.41999816894531,1110900,0.0,0.0
2022-01-11 00:00:00-05:00,44.689998626708984,47.7400016784668,44.15999984741211,47.06999969482422,541300,0.0,0.0
2022-01-12 00:00:00-05:00,48.0,49.65999984741211,45.8489990234375,46.689998626708984,736100,0.0,0.0
2022-01-13 00:00:00-05:00,46.779998779296875,46.779998779296875,44.630001068115234,45.02000045776367,301600,0.0,0.0
2022-01-14 00:00:00-05:00,44.5,45.18000030517578,42.029998779296875,43.4900016784668,1233000,0.0,0.0
2022-01-18 00:00:00-05:00,42.13999938964844,42.64500045776367,39.39500045776367,40.04999923706055,1702300,0.0,0.0
2022-01-19 00:00:00-05:00,39.970001220703125,41.16999816894531,38.66899871826172,39.13999938964844,1410700,0.0,0.0
2022-01-20 00:00:00-05:00,40.61000061035156,41.0,38.529998779296875,38.56999969482422,1629900,0.0,0.0
2022-01-21 00:00:00-05:00,38.36000061035156,39.36000061035156,36.95000076293945,37.16999816894531,1630100,0.0,0.0
2022-01-24 00:00:00-05:00,35.54999923706055,36.650001525878906,31.610000610351562,36.22999954223633,2511400,0.0,0.0
2022-01-25 00:00:00-05:00,35.22999954223633,35.81999969482422,31.93000030517578,33.689998626708984,1399400,0.0,0.0
2022-01-26 00:00:00-05:00,35.47999954223633,36.4900016784668,34.130001068115234,34.38999938964844,677500,0.0,0.0
2022-01-27 00:00:00-05:00,34.90999984741211,36.06999969482422,33.27000045776367,33.4900016784668,1298900,0.0,0.0
2022-01-28 00:00:00-05:00,33.58000183105469,35.5,32.66999816894531,35.459999084472656,1326900,0.0,0.0
2022-01-31 00:00:00-05:00,35.09000015258789,39.7599983215332,34.814998626708984,39.310001373291016,1566400,0.0,0.0
2022-02-01 00:00:00-05:00,40.79999923706055,41.220001220703125,38.659000396728516,40.90999984741211,1284100,0.0,0.0
2022-02-02 00:00:00-05:00,41.08000183105469,41.40999984741211,38.47999954223633,39.25,758600,0.0,0.0
2022-02-03 00:00:00-05:00,37.790000915527344,37.790000915527344,32.5099983215332,33.220001220703125,1640700,0.0,0.0
2022-02-04 00:00:00-05:00,33.060001373291016,36.7400016784668,32.779998779296875,36.47999954223633,1440400,0.0,0.0
2022-02-07 00:00:00-05:00,36.70000076293945,39.26499938964844,36.47999954223633,37.91999816894531,909600,0.0,0.0
2022-02-08 00:00:00-05:00,37.45000076293945,41.61899948120117,37.45000076293945,41.4900016784668,858000,0.0,0.0
2022-02-09 00:00:00-05:00,42.189998626708984,44.220001220703125,42.189998626708984,43.880001068115234,763800,0.0,0.0
2022-02-10 00:00:00-05:00,42.439998626708984,46.70000076293945,42.0,42.90999984741211,951600,0.0,0.0
2022-02-11 00:00:00-05:00,42.939998626708984,45.33000183105469,42.38999938964844,43.5099983215332,1393100,0.0,0.0
2022-02-14 00:00:00-05:00,43.66999816894531,45.18000030517578,41.619998931884766,42.58000183105469,896900,0.0,0.0
2022-02-15 00:00:00-05:00,44.959999084472656,44.959999084472656,41.77000045776367,44.20000076293945,599600,0.0,0.0
2022-02-16 00:00:00-05:00,43.75,43.810001373291016,40.5,41.61000061035156,1777700,0.0,0.0
2022-02-17 00:00:00-05:00,26.0,26.18000030517578,16.65999984741211,17.100000381469727,20105300,0.0,0.0
2022-02-18 00:00:00-05:00,16.684999465942383,20.690000534057617,16.60300064086914,20.65999984741211,15290700,0.0,0.0
2022-02-22 00:00:00-05:00,19.34000015258789,21.350000381469727,19.209999084472656,20.670000076293945,4630400,0.0,0.0
2022-02-23 00:00:00-05:00,20.790000915527344,21.190000534057617,19.15999984741211,19.31999969482422,2432600,0.0,0.0
2022-02-24 00:00:00-05:00,18.239999771118164,21.829999923706055,17.950000762939453,21.6299991607666,2527800,0.0,0.0
2022-02-25 00:00:00-05:00,21.559999465942383,21.868999481201172,20.75,21.239999771118164,1227200,0.0,0.0
2022-02-28 00:00:00-05:00,20.520000457763672,21.6299991607666,20.299999237060547,21.440000534057617,2006200,0.0,0.0
2022-03-01 00:00:00-05:00,21.04199981689453,21.8700008392334,20.549999237060547,21.290000915527344,1384300,0.0,0.0
2022-03-02 00:00:00-05:00,21.31999969482422,22.059999465942383,20.829999923706055,21.81999969482422,1142400,0.0,0.0
2022-03-03 00:00:00-05:00,21.989999771118164,21.989999771118164,20.020000457763672,20.280000686645508,1011800,0.0,0.0
2022-03-04 00:00:00-05:00,20.1200008392334,20.719999313354492,19.09000015258789,19.31999969482422,1032800,0.0,0.0
2022-03-07 00:00:00-05:00,19.469999313354492,19.709999084472656,18.6200008392334,18.68000030517578,1208000,0.0,0.0
2022-03-08 00:00:00-05:00,18.40999984741211,19.459999084472656,18.030000686645508,18.690000534057617,883700,0.0,0.0
2022-03-09 00:00:00-05:00,19.610000610351562,20.079999923706055,19.200000762939453,19.459999084472656,939600,0.0,0.0
2022-03-10 00:00:00-05:00,19.450000762939453,19.450000762939453,18.40999984741211,18.649999618530273,873300,0.0,0.0
2022-03-11 00:00:00-05:00,18.940000534057617,18.969999313354492,16.690000534057617,16.729999542236328,1850600,0.0,0.0
2022-03-14 00:00:00-04:00,16.770000457763672,16.969999313354492,15.17199993133545,15.4399995803833,1396800,0.0,0.0
2022-03-15 00:00:00-04:00,15.789999961853027,16.049999237060547,15.25,15.710000038146973,1533500,0.0,0.0
2022-03-16 00:00:00-04:00,16.309999465942383,17.600000381469727,16.2549991607666,17.15999984741211,2492600,0.0,0.0
2022-03-17 00:00:00-04:00,17.15999984741211,18.25,16.920000076293945,17.979999542236328,3078800,0.0,0.0
2022-03-18 00:00:00-04:00,17.889999389648438,18.420000076293945,17.655000686645508,17.969999313354492,2649500,0.0,0.0
2022-03-21 00:00:00-04:00,18.110000610351562,18.25,17.079999923706055,17.469999313354492,1196000,0.0,0.0
2022-03-22 00:00:00-04:00,17.469999313354492,18.440000534057617,17.32699966430664,18.020000457763672,1104000,0.0,0.0
2022-03-23 00:00:00-04:00,17.84000015258789,18.850000381469727,17.420000076293945,18.100000381469727,1010000,0.0,0.0
2022-03-24 00:00:00-04:00,18.18000030517578,18.270000457763672,17.280000686645508,17.799999237060547,768100,0.0,0.0
2022-03-25 00:00:00-04:00,17.780000686645508,17.969999313354492,16.600000381469727,17.020000457763672,1089700,0.0,0.0
2022-03-28 00:00:00-04:00,17.190000534057617,18.059999465942383,16.920000076293945,17.899999618530273,698400,0.0,0.0
2022-03-29 00:00:00-04:00,18.049999237060547,19.469999313354492,18.049999237060547,19.350000381469727,861600,0.0,0.0
2022-03-30 00:00:00-04:00,19.290000915527344,19.731000900268555,18.700000762939453,18.780000686645508,555400,0.0,0.0
2022-03-31 00:00:00-04:00,18.829999923706055,19.040000915527344,18.350000381469727,18.43000030517578,574500,0.0,0.0
2022-04-01 00:00:00-04:00,18.450000762939453,18.8700008392334,18.020000457763672,18.739999771118164,753700,0.0,0.0
2022-04-04 00:00:00-04:00,18.969999313354492,20.18000030517578,18.809999465942383,19.6200008392334,631200,0.0,0.0
2022-04-05 00:00:00-04:00,19.510000228881836,19.75,18.780000686645508,19.15999984741211,612000,0.0,0.0
2022-04-06 00:00:00-04:00,18.690000534057617,18.799999237060547,17.799999237060547,18.469999313354492,580000,0.0,0.0
2022-04-07 00:00:00-04:00,18.420000076293945,18.860000610351562,17.559999465942383,18.09000015258789,616400,0.0,0.0
2022-04-08 00:00:00-04:00,18.15999984741211,18.15999984741211,17.329999923706055,17.6200008392334,512600,0.0,0.0
2022-04-11 00:00:00-04:00,17.329999923706055,18.389999389648438,17.0,18.15999984741211,652300,0.0,0.0
2022-04-12 00:00:00-04:00,18.43000030517578,19.41900062561035,18.309999465942383,18.899999618530273,756500,0.0,0.0
2022-04-13 00:00:00-04:00,18.860000610351562,20.459999084472656,18.719999313354492,20.299999237060547,700900,0.0,0.0
2022-04-14 00:00:00-04:00,20.149999618530273,20.860000610351562,19.934999465942383,20.479999542236328,759000,0.0,0.0
2022-04-18 00:00:00-04:00,20.190000534057617,20.350000381469727,19.260000228881836,20.229999542236328,909800,0.0,0.0
2022-04-19 00:00:00-04:00,19.979999542236328,21.084999084472656,19.549999237060547,20.799999237060547,732500,0.0,0.0
2022-04-20 00:00:00-04:00,21.079999923706055,21.079999923706055,19.899999618530273,20.75,800100,0.0,0.0
2022-04-21 00:00:00-04:00,21.079999923706055,21.5,19.399999618530273,20.040000915527344,1150000,0.0,0.0
2022-04-22 00:00:00-04:00,20.18000030517578,20.56999969482422,18.56999969482422,18.81999969482422,1089300,0.0,0.0
2022-04-25 00:00:00-04:00,18.350000381469727,18.799999237060547,17.510000228881836,18.68000030517578,1247600,0.0,0.0
2022-04-26 00:00:00-04:00,18.325000762939453,18.610000610351562,17.600000381469727,17.940000534057617,603600,0.0,0.0
2022-04-27 00:00:00-04:00,17.959999084472656,18.68000030517578,17.450000762939453,17.520000457763672,887900,0.0,0.0
2022-04-28 00:00:00-04:00,17.8700008392334,18.65999984741211,17.219999313354492,18.209999084472656,1404000,0.0,0.0
2022-04-29 00:00:00-04:00,18.09000015258789,19.190000534057617,17.3700008392334,17.459999084472656,684300,0.0,0.0
2022-05-02 00:00:00-04:00,17.3700008392334,17.940000534057617,16.829999923706055,17.260000228881836,1288800,0.0,0.0
2022-05-03 00:00:00-04:00,17.3799991607666,17.6200008392334,16.510000228881836,16.690000534057617,1338000,0.0,0.0
2022-05-04 00:00:00-04:00,16.6200008392334,17.030000686645508,15.3100004196167,16.920000076293945,3492800,0.0,0.0
2022-05-05 00:00:00-04:00,16.479999542236328,18.229999542236328,16.18000030517578,16.809999465942383,1899300,0.0,0.0
2022-05-06 00:00:00-04:00,16.450000762939453,17.3700008392334,15.270000457763672,16.81999969482422,1227200,0.0,0.0
2022-05-09 00:00:00-04:00,16.6299991607666,17.06999969482422,15.15999984741211,15.300000190734863,1252500,0.0,0.0
2022-05-10 00:00:00-04:00,16.0,16.489999771118164,14.456000328063965,14.680000305175781,1671000,0.0,0.0
2022-05-11 00:00:00-04:00,14.449999809265137,15.039999961853027,14.074999809265137,14.289999961853027,1113400,0.0,0.0
2022-05-12 00:00:00-04:00,13.760000228881836,15.5600004196167,13.640000343322754,15.5,1273000,0.0,0.0
2022-05-13 00:00:00-04:00,16.0,17.049999237060547,15.795000076293945,17.040000915527344,978400,0.0,0.0
2022-05-16 00:00:00-04:00,17.100000381469727,17.579999923706055,16.65999984741211,16.8799991607666,766400,0.0,0.0
2022-05-17 00:00:00-04:00,16.989999771118164,17.770000457763672,16.1299991607666,17.770000457763672,890700,0.0,0.0
2022-05-18 00:00:00-04:00,17.739999771118164,18.7450008392334,17.139999389648438,17.809999465942383,876400,0.0,0.0
2022-05-19 00:00:00-04:00,17.719999313354492,19.56999969482422,17.68000030517578,18.84000015258789,1141700,0.0,0.0
2022-05-20 00:00:00-04:00,18.90999984741211,19.69499969482422,18.149999618530273,19.049999237060547,704100,0.0,0.0
2022-05-23 00:00:00-04:00,18.729999542236328,19.0,18.211999893188477,18.59000015258789,467300,0.0,0.0
2022-05-24 00:00:00-04:00,18.049999237060547,18.290000915527344,16.899999618530273,17.280000686645508,710700,0.0,0.0
2022-05-25 00:00:00-04:00,17.219999313354492,18.156999588012695,17.219999313354492,17.90999984741211,467600,0.0,0.0
2022-05-26 00:00:00-04:00,17.68000030517578,18.559999465942383,17.5,18.030000686645508,738800,0.0,0.0
2022-05-27 00:00:00-04:00,18.290000915527344,19.31999969482422,18.149999618530273,19.1200008392334,521900,0.0,0.0
2022-05-31 00:00:00-04:00,19.014999389648438,19.579999923706055,18.190000534057617,18.84000015258789,1290300,0.0,0.0
2022-06-01 00:00:00-04:00,18.8799991607666,19.344999313354492,18.1200008392334,18.579999923706055,651900,0.0,0.0
2022-06-02 00:00:00-04:00,18.329999923706055,19.739999771118164,18.329999923706055,19.329999923706055,674800,0.0,0.0
2022-06-03 00:00:00-04:00,18.979999542236328,19.209999084472656,18.360000610351562,18.540000915527344,426100,0.0,0.0
2022-06-06 00:00:00-04:00,18.979999542236328,19.610000610351562,18.360000610351562,18.700000762939453,710400,0.0,0.0
2022-06-07 00:00:00-04:00,18.6299991607666,19.170000076293945,18.010000228881836,18.81999969482422,643400,0.0,0.0
2022-06-08 00:00:00-04:00,18.760000228881836,19.575000762939453,18.549999237060547,19.280000686645508,481900,0.0,0.0
2022-06-09 00:00:00-04:00,19.510000228881836,19.549999237060547,18.040000915527344,18.100000381469727,481600,0.0,0.0
2022-06-10 00:00:00-04:00,17.399999618530273,17.530000686645508,16.469999313354492,16.670000076293945,609400,0.0,0.0
2022-06-13 00:00:00-04:00,15.850000381469727,16.3700008392334,14.970000267028809,15.170000076293945,873200,0.0,0.0
2022-06-14 00:00:00-04:00,15.300000190734863,15.760000228881836,14.670000076293945,14.949999809265137,730100,0.0,0.0
2022-06-15 00:00:00-04:00,15.229999542236328,16.260000228881836,15.109999656677246,15.630000114440918,817100,0.0,0.0
2022-06-16 00:00:00-04:00,15.130000114440918,15.630000114440918,14.430000305175781,14.949999809265137,827700,0.0,0.0
2022-06-17 00:00:00-04:00,15.119999885559082,15.760000228881836,14.699999809265137,14.789999961853027,1427200,0.0,0.0
2022-06-21 00:00:00-04:00,15.109999656677246,16.274999618530273,15.0,15.40999984741211,1005600,0.0,0.0
2022-06-22 00:00:00-04:00,15.09000015258789,16.479999542236328,15.020000457763672,15.699999809265137,1067800,0.0,0.0
2022-06-23 00:00:00-04:00,16.010000228881836,16.729999542236328,15.520000457763672,16.309999465942383,633100,0.0,0.0
2022-06-24 00:00:00-04:00,16.5,16.799999237060547,15.550000190734863,15.930000305175781,7287600,0.0,0.0
2022-06-27 00:00:00-04:00,16.219999313354492,16.34000015258789,15.520000457763672,16.260000228881836,710100,0.0,0.0
2022-06-28 00:00:00-04:00,16.18000030517578,16.34000015258789,14.720000267028809,14.789999961853027,709500,0.0,0.0
2022-06-29 00:00:00-04:00,14.729999542236328,14.760000228881836,13.869999885559082,14.140000343322754,722400,0.0,0.0
2022-06-30 00:00:00-04:00,13.920000076293945,14.569999694824219,13.420000076293945,14.289999961853027,733800,0.0,0.0
2022-07-01 00:00:00-04:00,14.4399995803833,14.970000267028809,13.90999984741211,14.75,682800,0.0,0.0
2022-07-05 00:00:00-04:00,15.0,15.880000114440918,14.369999885559082,15.829999923706055,688800,0.0,0.0
2022-07-06 00:00:00-04:00,15.789999961853027,16.25,15.579999923706055,16.030000686645508,508400,0.0,0.0
2022-07-07 00:00:00-04:00,16.149999618530273,17.270000457763672,15.9399995803833,17.229999542236328,452000,0.0,0.0
2022-07-08 00:00:00-04:00,16.93000030517578,17.420000076293945,16.670000076293945,16.809999465942383,354900,0.0,0.0
2022-07-11 00:00:00-04:00,16.799999237060547,16.799999237060547,15.390000343322754,15.489999771118164,435900,0.0,0.0
2022-07-12 00:00:00-04:00,15.550000190734863,15.710000038146973,14.359999656677246,14.789999961853027,579000,0.0,0.0
2022-07-13 00:00:00-04:00,14.5600004196167,14.84000015258789,13.989999771118164,14.550000190734863,397800,0.0,0.0
2022-07-14 00:00:00-04:00,14.260000228881836,14.5,13.75,14.15999984741211,537600,0.0,0.0
2022-07-15 00:00:00-04:00,14.569999694824219,14.675000190734863,13.970000267028809,14.619999885559082,387400,0.0,0.0
2022-07-18 00:00:00-04:00,14.710000038146973,15.199999809265137,14.574999809265137,14.670000076293945,600700,0.0,0.0
2022-07-19 00:00:00-04:00,14.989999771118164,15.34000015258789,14.640000343322754,15.15999984741211,306500,0.0,0.0
2022-07-20 00:00:00-04:00,15.239999771118164,16.610000610351562,15.239999771118164,16.459999084472656,578100,0.0,0.0
2022-07-21 00:00:00-04:00,16.3700008392334,16.950000762939453,16.25,16.90999984741211,584700,0.0,0.0
2022-07-22 00:00:00-04:00,16.739999771118164,17.020000457763672,15.6899995803833,15.9399995803833,354300,0.0,0.0
2022-07-25 00:00:00-04:00,15.890000343322754,16.1200008392334,15.420000076293945,15.5600004196167,332900,0.0,0.0
2022-07-26 00:00:00-04:00,15.390000343322754,15.390000343322754,13.789999961853027,13.960000038146973,451500,0.0,0.0
2022-07-27 00:00:00-04:00,14.260000228881836,14.979999542236328,13.9399995803833,14.899999618530273,505500,0.0,0.0
2022-07-28 00:00:00-04:00,14.779999732971191,15.324000358581543,14.380000114440918,14.729999542236328,304900,0.0,0.0
2022-07-29 00:00:00-04:00,14.640000343322754,14.880000114440918,14.319999694824219,14.779999732971191,285300,0.0,0.0
2022-08-01 00:00:00-04:00,14.550000190734863,14.869999885559082,14.199999809265137,14.520000457763672,369500,0.0,0.0
2022-08-02 00:00:00-04:00,14.300000190734863,15.119999885559082,14.300000190734863,14.869999885559082,442600,0.0,0.0
2022-08-03 00:00:00-04:00,15.020000457763672,16.610000610351562,14.989999771118164,16.1200008392334,868100,0.0,0.0
2022-08-04 00:00:00-04:00,16.100000381469727,18.43000030517578,15.420000076293945,18.15999984741211,2908800,0.0,0.0
2022-08-05 00:00:00-04:00,17.600000381469727,19.190000534057617,17.440000534057617,18.280000686645508,1162800,0.0,0.0
2022-08-08 00:00:00-04:00,18.309999465942383,19.239999771118164,18.309999465942383,18.459999084472656,506200,0.0,0.0
2022-08-09 00:00:00-04:00,17.93000030517578,18.084999084472656,16.530000686645508,17.540000915527344,973500,0.0,0.0
2022-08-10 00:00:00-04:00,18.149999618530273,18.77899932861328,17.81999969482422,18.690000534057617,1014800,0.0,0.0
2022-08-11 00:00:00-04:00,18.969999313354492,19.100000381469727,18.020000457763672,18.030000686645508,446800,0.0,0.0
2022-08-12 00:00:00-04:00,18.149999618530273,18.75,17.895000457763672,18.559999465942383,540100,0.0,0.0
2022-08-15 00:00:00-04:00,18.31999969482422,18.829999923706055,17.979999542236328,18.3700008392334,372500,0.0,0.0
2022-08-16 00:00:00-04:00,18.31999969482422,18.420000076293945,17.760000228881836,18.190000534057617,370800,0.0,0.0
2022-08-17 00:00:00-04:00,17.540000915527344,17.850000381469727,17.260000228881836,17.760000228881836,386800,0.0,0.0
2022-08-18 00:00:00-04:00,17.59000015258789,18.065000534057617,17.559999465942383,17.600000381469727,226700,0.0,0.0
2022-08-19 00:00:00-04:00,17.280000686645508,17.280000686645508,15.84000015258789,16.0,553900,0.0,0.0
2022-08-22 00:00:00-04:00,15.739999771118164,15.960000038146973,15.270000457763672,15.369999885559082,638000,0.0,0.0
2022-08-23 00:00:00-04:00,15.390000343322754,15.970000267028809,15.390000343322754,15.630000114440918,500700,0.0,0.0
2022-08-24 00:00:00-04:00,15.739999771118164,16.184999465942383,15.6899995803833,15.970000267028809,656500,0.0,0.0
2022-08-25 00:00:00-04:00,16.149999618530273,16.475000381469727,16.040000915527344,16.399999618530273,293500,0.0,0.0
2022-08-26 00:00:00-04:00,16.520000457763672,16.56999969482422,15.479999542236328,15.670000076293945,411200,0.0,0.0
2022-08-29 00:00:00-04:00,15.380000114440918,16.1200008392334,15.229999542236328,15.260000228881836,296200,0.0,0.0
2022-08-30 00:00:00-04:00,15.600000381469727,15.699999809265137,14.65999984741211,15.020000457763672,475700,0.0,0.0
2022-08-31 00:00:00-04:00,15.329999923706055,15.585000038146973,14.949999809265137,15.149999618530273,637900,0.0,0.0
2022-09-01 00:00:00-04:00,14.9399995803833,14.9399995803833,14.0600004196167,14.789999961853027,591000,0.0,0.0
2022-09-02 00:00:00-04:00,15.039999961853027,15.3100004196167,14.609999656677246,14.850000381469727,350800,0.0,0.0
2022-09-06 00:00:00-04:00,15.010000228881836,15.5600004196167,14.92199993133545,15.010000228881836,565800,0.0,0.0
2022-09-07 00:00:00-04:00,14.970000267028809,15.600000381469727,14.970000267028809,15.550000190734863,428900,0.0,0.0
2022-09-08 00:00:00-04:00,15.279999732971191,16.145000457763672,15.234999656677246,16.139999389648438,402300,0.0,0.0
2022-09-09 00:00:00-04:00,16.440000534057617,17.350000381469727,16.385000228881836,17.25,525800,0.0,0.0
2022-09-12 00:00:00-04:00,17.25,17.729999542236328,17.059999465942383,17.68000030517578,471600,0.0,0.0
2022-09-13 00:00:00-04:00,16.65999984741211,17.049999237060547,16.190000534057617,16.579999923706055,483900,0.0,0.0
2022-09-14 00:00:00-04:00,16.579999923706055,16.920000076293945,16.09000015258789,16.81999969482422,423100,0.0,0.0
2022-09-15 00:00:00-04:00,16.6200008392334,17.56999969482422,16.43000030517578,16.59000015258789,610100,0.0,0.0
2022-09-16 00:00:00-04:00,16.229999542236328,16.299999237060547,15.65999984741211,15.770000457763672,1897000,0.0,0.0
2022-09-19 00:00:00-04:00,15.739999771118164,16.270000457763672,15.350000381469727,16.25,299100,0.0,0.0
2022-09-20 00:00:00-04:00,15.90999984741211,16.18000030517578,15.869999885559082,16.0,346000,0.0,0.0
2022-09-21 00:00:00-04:00,16.1200008392334,16.5,15.8100004196167,15.979999542236328,388700,0.0,0.0
2022-09-22 00:00:00-04:00,15.649999618530273,16.18000030517578,15.149999618530273,15.25,347000,0.0,0.0
2022-09-23 00:00:00-04:00,14.84000015258789,15.119999885559082,14.380000114440918,15.010000228881836,517200,0.0,0.0
2022-09-26 00:00:00-04:00,15.050000190734863,15.739999771118164,14.920000076293945,15.0,317300,0.0,0.0
2022-09-27 00:00:00-04:00,15.539999961853027,15.920000076293945,15.010000228881836,15.15999984741211,340800,0.0,0.0
2022-09-28 00:00:00-04:00,15.329999923706055,16.399999618530273,15.329999923706055,16.229999542236328,333600,0.0,0.0
2022-09-29 00:00:00-04:00,16.1200008392334,16.1200008392334,15.5,15.789999961853027,258900,0.0,0.0
2022-09-30 00:00:00-04:00,15.6899995803833,16.190000534057617,15.420000076293945,15.470000267028809,296400,0.0,0.0
2022-10-03 00:00:00-04:00,15.630000114440918,16.0,15.199999809265137,15.930000305175781,260800,0.0,0.0
2022-10-04 00:00:00-04:00,16.489999771118164,16.93000030517578,16.309999465942383,16.899999618530273,362700,0.0,0.0
2022-10-05 00:00:00-04:00,16.399999618530273,17.295000076293945,16.229999542236328,17.229999542236328,206200,0.0,0.0
2022-10-06 00:00:00-04:00,17.149999618530273,17.729999542236328,17.020000457763672,17.5,302000,0.0,0.0
2022-10-07 00:00:00-04:00,16.90999984741211,17.049999237060547,15.579999923706055,15.890000343322754,419800,0.0,0.0
2022-10-10 00:00:00-04:00,15.930000305175781,16.06999969482422,14.640000343322754,14.850000381469727,392600,0.0,0.0
2022-10-11 00:00:00-04:00,14.829999923706055,15.649999618530273,14.180000305175781,15.329999923706055,397300,0.0,0.0
2022-10-12 00:00:00-04:00,15.430000305175781,15.449999809265137,14.09000015258789,14.75,375600,0.0,0.0
2022-10-13 00:00:00-04:00,14.0,15.0600004196167,13.59000015258789,14.890000343322754,475600,0.0,0.0
2022-10-14 00:00:00-04:00,15.15999984741211,15.196000099182129,14.279999732971191,14.289999961853027,312900,0.0,0.0
2022-10-17 00:00:00-04:00,15.109999656677246,15.680000305175781,15.079999923706055,15.470000267028809,301500,0.0,0.0
2022-10-18 00:00:00-04:00,16.040000915527344,16.239999771118164,15.399999618530273,15.579999923706055,221900,0.0,0.0
2022-10-19 00:00:00-04:00,15.279999732971191,15.390000343322754,14.90999984741211,15.0600004196167,191900,0.0,0.0
2022-10-20 00:00:00-04:00,14.880000114440918,15.890000343322754,14.880000114440918,15.260000228881836,232300,0.0,0.0
2022-10-21 00:00:00-04:00,15.3100004196167,15.329999923706055,14.579999923706055,15.260000228881836,210500,0.0,0.0
2022-10-24 00:00:00-04:00,15.300000190734863,15.300000190734863,14.59000015258789,15.0,311300,0.0,0.0
2022-10-25 00:00:00-04:00,15.15999984741211,16.15999984741211,15.15999984741211,16.049999237060547,341500,0.0,0.0
2022-10-26 00:00:00-04:00,15.819999694824219,16.3799991607666,15.609999656677246,15.989999771118164,454700,0.0,0.0
2022-10-27 00:00:00-04:00,16.06999969482422,16.65999984741211,15.770000457763672,16.100000381469727,713700,0.0,0.0
2022-10-28 00:00:00-04:00,16.139999389648438,16.719999313354492,15.890000343322754,16.489999771118164,378800,0.0,0.0
2022-10-31 00:00:00-04:00,16.110000610351562,16.860000610351562,16.110000610351562,16.799999237060547,563500,0.0,0.0
2022-11-01 00:00:00-04:00,17.350000381469727,17.440000534057617,16.34000015258789,16.34000015258789,522200,0.0,0.0
2022-11-02 00:00:00-04:00,16.290000915527344,16.3700008392334,14.630000114440918,14.880000114440918,980200,0.0,0.0
2022-11-03 00:00:00-04:00,16.399999618530273,17.434999465942383,14.350000381469727,14.390000343322754,1259900,0.0,0.0
2022-11-04 00:00:00-04:00,14.40999984741211,14.40999984741211,13.5,13.90999984741211,767400,0.0,0.0
2022-11-07 00:00:00-05:00,14.15999984741211,14.170000076293945,13.312999725341797,13.829999923706055,588700,0.0,0.0
2022-11-08 00:00:00-05:00,14.050000190734863,14.739999771118164,13.571999549865723,14.109999656677246,576100,0.0,0.0
2022-11-09 00:00:00-05:00,14.260000228881836,14.260000228881836,13.359999656677246,13.489999771118164,443000,0.0,0.0
2022-11-10 00:00:00-05:00,14.739999771118164,15.289999961853027,14.59000015258789,15.119999885559082,609600,0.0,0.0
2022-11-11 00:00:00-05:00,15.039999961853027,16.440000534057617,15.039999961853027,16.100000381469727,725000,0.0,0.0
2022-11-14 00:00:00-05:00,15.850000381469727,15.850000381469727,14.600000381469727,14.770000457763672,727800,0.0,0.0
2022-11-15 00:00:00-05:00,15.380000114440918,15.550000190734863,14.819999694824219,14.9399995803833,508500,0.0,0.0
2022-11-16 00:00:00-05:00,14.5600004196167,14.708999633789062,14.020000457763672,14.239999771118164,426300,0.0,0.0
2022-11-17 00:00:00-05:00,13.8100004196167,14.09000015258789,13.380000114440918,13.84000015258789,447300,0.0,0.0
2022-11-18 00:00:00-05:00,14.260000228881836,14.569999694824219,13.5,13.890000343322754,523900,0.0,0.0
2022-11-21 00:00:00-05:00,13.59000015258789,13.859999656677246,13.380000114440918,13.739999771118164,304000,0.0,0.0
2022-11-22 00:00:00-05:00,13.779999732971191,13.779999732971191,13.149999618530273,13.40999984741211,395400,0.0,0.0
2022-11-23 00:00:00-05:00,13.460000038146973,14.15999984741211,13.1899995803833,14.020000457763672,454800,0.0,0.0
2022-11-25 00:00:00-05:00,13.880000114440918,14.130000114440918,13.850000381469727,14.0,103800,0.0,0.0
2022-11-28 00:00:00-05:00,13.8100004196167,14.489999771118164,13.8100004196167,14.199999809265137,315100,0.0,0.0
2022-11-29 00:00:00-05:00,14.210000038146973,14.329999923706055,13.670000076293945,13.920000076293945,286900,0.0,0.0
2022-11-30 00:00:00-05:00,13.890000343322754,14.470000267028809,13.829999923706055,14.319999694824219,551300,0.0,0.0
2022-12-01 00:00:00-05:00,13.890000343322754,14.229999542236328,13.279999732971191,13.970000267028809,884400,0.0,0.0
2022-12-02 00:00:00-05:00,13.699999809265137,13.914999961853027,13.130000114440918,13.390000343322754,812600,0.0,0.0
2022-12-05 00:00:00-05:00,13.390000343322754,13.470000267028809,12.630000114440918,12.789999961853027,771600,0.0,0.0
2022-12-06 00:00:00-05:00,12.8100004196167,12.8100004196167,12.0,12.289999961853027,719900,0.0,0.0
2022-12-07 00:00:00-05:00,12.300000190734863,12.539999961853027,12.164999961853027,12.350000381469727,342300,0.0,0.0
2022-12-08 00:00:00-05:00,12.350000381469727,12.704999923706055,12.149999618530273,12.600000381469727,554800,0.0,0.0
2022-12-09 00:00:00-05:00,12.430000305175781,12.819999694824219,12.329999923706055,12.449999809265137,299900,0.0,0.0
2022-12-12 00:00:00-05:00,12.449999809265137,13.15999984741211,12.390000343322754,13.149999618530273,549600,0.0,0.0
2022-12-13 00:00:00-05:00,13.850000381469727,14.050000190734863,12.947999954223633,13.020000457763672,1077800,0.0,0.0
2022-12-14 00:00:00-05:00,13.0,13.989999771118164,13.0,13.300000190734863,896300,0.0,0.0
2022-12-15 00:00:00-05:00,12.880000114440918,13.109999656677246,12.65999984741211,12.829999923706055,725700,0.0,0.0
2022-12-16 00:00:00-05:00,12.680000305175781,12.850000381469727,12.550000190734863,12.760000228881836,896400,0.0,0.0
2022-12-19 00:00:00-05:00,12.6899995803833,12.90999984741211,12.109999656677246,12.199999809265137,859100,0.0,0.0
2022-12-20 00:00:00-05:00,12.039999961853027,12.380000114440918,11.890000343322754,12.010000228881836,791200,0.0,0.0
2022-12-21 00:00:00-05:00,11.989999771118164,12.289999961853027,11.637999534606934,11.979999542236328,605700,0.0,0.0
2022-12-22 00:00:00-05:00,11.680000305175781,11.800000190734863,11.34000015258789,11.5600004196167,574600,0.0,0.0
2022-12-23 00:00:00-05:00,11.510000228881836,11.510000228881836,10.970000267028809,11.100000381469727,612300,0.0,0.0
2022-12-27 00:00:00-05:00,11.020000457763672,11.069999694824219,10.510000228881836,10.930000305175781,434900,0.0,0.0
2022-12-28 00:00:00-05:00,10.90999984741211,11.279999732971191,10.90999984741211,11.270000457763672,341200,0.0,0.0
2022-12-29 00:00:00-05:00,11.460000038146973,12.100000381469727,11.399999618530273,12.039999961853027,517700,0.0,0.0
2022-12-30 00:00:00-05:00,11.760000228881836,12.170000076293945,11.699999809265137,12.079999923706055,427400,0.0,0.0
2023-01-03 00:00:00-05:00,12.359999656677246,12.600000381469727,11.864999771118164,12.0600004196167,547400,0.0,0.0
2023-01-04 00:00:00-05:00,12.600000381469727,12.699999809265137,12.020000457763672,12.4399995803833,856600,0.0,0.0
2023-01-05 00:00:00-05:00,12.300000190734863,12.300000190734863,11.84000015258789,12.0,461100,0.0,0.0
2023-01-06 00:00:00-05:00,12.100000381469727,12.100000381469727,11.4399995803833,11.859999656677246,383600,0.0,0.0
2023-01-09 00:00:00-05:00,12.020000457763672,12.385000228881836,11.75,12.130000114440918,382500,0.0,0.0
2023-01-10 00:00:00-05:00,11.989999771118164,12.329999923706055,11.949999809265137,12.260000228881836,180600,0.0,0.0
2023-01-11 00:00:00-05:00,12.4399995803833,12.579999923706055,12.140000343322754,12.569999694824219,287400,0.0,0.0
2023-01-12 00:00:00-05:00,11.630000114440918,12.5,10.968000411987305,12.479999542236328,799900,0.0,0.0
2023-01-13 00:00:00-05:00,12.319999694824219,12.550000190734863,12.239999771118164,12.539999961853027,477400,0.0,0.0
2023-01-17 00:00:00-05:00,12.329999923706055,12.819999694824219,12.053000450134277,12.75,431300,0.0,0.0
2023-01-18 00:00:00-05:00,12.98799991607666,13.390000343322754,12.585000038146973,12.640000343322754,485200,0.0,0.0
2023-01-19 00:00:00-05:00,12.4399995803833,12.729000091552734,12.289999961853027,12.539999961853027,338300,0.0,0.0
2023-01-20 00:00:00-05:00,12.720000267028809,13.170000076293945,12.562000274658203,13.15999984741211,402900,0.0,0.0
2023-01-23 00:00:00-05:00,13.220000267028809,13.399999618530273,13.020000457763672,13.369999885559082,405500,0.0,0.0
2023-01-24 00:00:00-05:00,13.350000381469727,13.65999984741211,13.204999923706055,13.34000015258789,238400,0.0,0.0
2023-01-25 00:00:00-05:00,13.079999923706055,13.470000267028809,12.670000076293945,13.4399995803833,270500,0.0,0.0
2023-01-26 00:00:00-05:00,13.800000190734863,14.239999771118164,13.579999923706055,14.210000038146973,374600,0.0,0.0
2023-01-27 00:00:00-05:00,14.079999923706055,14.937999725341797,13.970000267028809,14.800000190734863,502000,0.0,0.0
2023-01-30 00:00:00-05:00,14.569999694824219,14.739999771118164,14.180000305175781,14.300000190734863,428700,0.0,0.0
2023-01-31 00:00:00-05:00,14.399999618530273,14.630000114440918,14.300000190734863,14.380000114440918,375700,0.0,0.0
2023-02-01 00:00:00-05:00,14.489999771118164,15.109999656677246,14.1899995803833,15.010000228881836,437100,0.0,0.0
2023-02-02 00:00:00-05:00,15.529999732971191,16.09000015258789,15.170000076293945,15.430000305175781,641600,0.0,0.0
2023-02-03 00:00:00-05:00,14.960000038146973,15.279999732971191,14.770000457763672,15.020000457763672,574700,0.0,0.0
2023-02-06 00:00:00-05:00,14.819999694824219,15.270000457763672,14.734999656677246,15.109999656677246,261200,0.0,0.0
2023-02-07 00:00:00-05:00,15.09000015258789,15.614999771118164,14.510000228881836,15.529999732971191,402300,0.0,0.0
2023-02-08 00:00:00-05:00,15.399999618530273,15.819999694824219,15.220000267028809,15.609999656677246,450300,0.0,0.0
2023-02-09 00:00:00-05:00,15.859999656677246,15.949999809265137,15.109999656677246,15.25,409900,0.0,0.0
2023-02-10 00:00:00-05:00,15.0600004196167,15.375,14.5,14.65999984741211,284800,0.0,0.0
2023-02-13 00:00:00-05:00,14.819999694824219,15.4399995803833,14.600000381469727,15.180000305175781,385200,0.0,0.0
2023-02-14 00:00:00-05:00,15.010000228881836,15.8100004196167,14.729999542236328,15.789999961853027,258200,0.0,0.0
2023-02-15 00:00:00-05:00,15.699999809265137,16.950000762939453,15.635000228881836,16.739999771118164,911100,0.0,0.0
2023-02-16 00:00:00-05:00,15.3100004196167,15.430000305175781,14.260000228881836,14.449999809265137,1641000,0.0,0.0
2023-02-17 00:00:00-05:00,14.34000015258789,14.59000015258789,14.100000381469727,14.520000457763672,890200,0.0,0.0
2023-02-21 00:00:00-05:00,14.119999885559082,14.470000267028809,13.71500015258789,13.859999656677246,653400,0.0,0.0
2023-02-22 00:00:00-05:00,13.859999656677246,14.34000015258789,13.859999656677246,14.279999732971191,445800,0.0,0.0
2023-02-23 00:00:00-05:00,14.029999732971191,14.097999572753906,12.880000114440918,13.739999771118164,1289400,0.0,0.0
2023-02-24 00:00:00-05:00,13.399999618530273,13.600000381469727,13.210000038146973,13.420000076293945,452400,0.0,0.0
2023-02-27 00:00:00-05:00,13.579999923706055,13.614999771118164,13.199999809265137,13.300000190734863,372900,0.0,0.0
2023-02-28 00:00:00-05:00,13.270000457763672,13.550000190734863,13.140000343322754,13.199999809265137,485400,0.0,0.0
2023-03-01 00:00:00-05:00,13.220000267028809,13.300000190734863,12.640000343322754,12.84000015258789,730200,0.0,0.0
2023-03-02 00:00:00-05:00,12.760000228881836,13.420000076293945,12.640000343322754,13.359999656677246,646000,0.0,0.0
2023-03-03 00:00:00-05:00,13.880000114440918,13.880000114440918,13.380000114440918,13.680000305175781,557800,0.0,0.0
2023-03-06 00:00:00-05:00,13.539999961853027,13.850000381469727,13.501999855041504,13.6899995803833,499100,0.0,0.0
2023-03-07 00:00:00-05:00,13.75,13.9350004196167,13.380000114440918,13.420000076293945,378300,0.0,0.0
2023-03-08 00:00:00-05:00,13.420000076293945,13.529999732971191,13.15999984741211,13.239999771118164,328700,0.0,0.0
2023-03-09 00:00:00-05:00,13.199999809265137,13.470000267028809,12.539999961853027,12.569999694824219,379300,0.0,0.0
2023-03-10 00:00:00-05:00,12.470000267028809,12.600000381469727,11.399999618530273,11.6899995803833,1083000,0.0,0.0
2023-03-13 00:00:00-04:00,11.550000190734863,11.994999885559082,11.279999732971191,11.949999809265137,610000,0.0,0.0
2023-03-14 00:00:00-04:00,12.279999732971191,12.40999984741211,11.949999809265137,12.279999732971191,1012000,0.0,0.0
2023-03-15 00:00:00-04:00,11.930000305175781,12.369999885559082,11.869999885559082,12.369999885559082,604200,0.0,0.0
2023-03-16 00:00:00-04:00,12.279999732971191,12.619999885559082,12.119999885559082,12.279999732971191,602000,0.0,0.0
2023-03-17 00:00:00-04:00,12.239999771118164,12.329999923706055,11.880000114440918,12.050000190734863,881900,0.0,0.0
2023-03-20 00:00:00-04:00,12.0,12.164999961853027,11.760000228881836,12.100000381469727,610700,0.0,0.0
2023-03-21 00:00:00-04:00,12.100000381469727,12.5600004196167,12.100000381469727,12.460000038146973,635300,0.0,0.0
2023-03-22 00:00:00-04:00,11.770000457763672,12.09000015258789,11.199999809265137,11.479999542236328,1525800,0.0,0.0
2023-03-23 00:00:00-04:00,11.550000190734863,11.960000038146973,11.470000267028809,11.640000343322754,553700,0.0,0.0
2023-03-24 00:00:00-04:00,11.529999732971191,11.609999656677246,11.180000305175781,11.59000015258789,647200,0.0,0.0
2023-03-27 00:00:00-04:00,11.649999618530273,11.829999923706055,11.420000076293945,11.65999984741211,506700,0.0,0.0
2023-03-28 00:00:00-04:00,11.569999694824219,11.720000267028809,11.470000267028809,11.539999961853027,302200,0.0,0.0
2023-03-29 00:00:00-04:00,11.600000381469727,11.869999885559082,11.489999771118164,11.789999961853027,582100,0.0,0.0
2023-03-30 00:00:00-04:00,11.989999771118164,11.989999771118164,11.706000328063965,11.869999885559082,513800,0.0,0.0
2023-03-31 00:00:00-04:00,11.920000076293945,12.569999694824219,11.920000076293945,12.4399995803833,615900,0.0,0.0
2023-04-03 00:00:00-04:00,12.420000076293945,12.8149995803833,12.220000267028809,12.760000228881836,392600,0.0,0.0
2023-04-04 00:00:00-04:00,12.850000381469727,12.850000381469727,12.430000305175781,12.619999885559082,530200,0.0,0.0
2023-04-05 00:00:00-04:00,12.539999961853027,12.579999923706055,11.71500015258789,11.949999809265137,559100,0.0,0.0
2023-04-06 00:00:00-04:00,11.65999984741211,11.760000228881836,11.369999885559082,11.729999542236328,664700,0.0,0.0
2023-04-10 00:00:00-04:00,11.729999542236328,11.78499984741211,11.380000114440918,11.729999542236328,462400,0.0,0.0
2023-04-11 00:00:00-04:00,11.710000038146973,11.755000114440918,11.300000190734863,11.329999923706055,463400,0.0,0.0
2023-04-12 00:00:00-04:00,11.539999961853027,11.65999984741211,10.954999923706055,11.079999923706055,700700,0.0,0.0
2023-04-13 00:00:00-04:00,11.109999656677246,11.529999732971191,11.109999656677246,11.460000038146973,543400,0.0,0.0
2023-04-14 00:00:00-04:00,11.380000114440918,11.630000114440918,11.119999885559082,11.369999885559082,317200,0.0,0.0
2023-04-17 00:00:00-04:00,11.390000343322754,11.520000457763672,11.270000457763672,11.4399995803833,369700,0.0,0.0
2023-04-18 00:00:00-04:00,11.59000015258789,11.770000457763672,11.15999984741211,11.75,516100,0.0,0.0
2023-04-19 00:00:00-04:00,11.609999656677246,12.170000076293945,11.470000267028809,12.0600004196167,513700,0.0,0.0
2023-04-20 00:00:00-04:00,11.949999809265137,12.414999961853027,11.880000114440918,12.15999984741211,335100,0.0,0.0
2023-04-21 00:00:00-04:00,12.1899995803833,12.390000343322754,12.09000015258789,12.289999961853027,368400,0.0,0.0
2023-04-24 00:00:00-04:00,12.239999771118164,12.359999656677246,11.729999542236328,11.90999984741211,342300,0.0,0.0
2023-04-25 00:00:00-04:00,11.739999771118164,11.75,11.039999961853027,11.069999694824219,398200,0.0,0.0
2023-04-26 00:00:00-04:00,11.289999961853027,11.777999877929688,11.255000114440918,11.510000228881836,618500,0.0,0.0
2023-04-27 00:00:00-04:00,11.630000114440918,11.760000228881836,11.449999809265137,11.65999984741211,181600,0.0,0.0
2023-04-28 00:00:00-04:00,11.520000457763672,11.710000038146973,11.279999732971191,11.350000381469727,328600,0.0,0.0
2023-05-01 00:00:00-04:00,11.289999961853027,11.420000076293945,11.119999885559082,11.180000305175781,306900,0.0,0.0
2023-05-02 00:00:00-04:00,11.15999984741211,11.15999984741211,10.711999893188477,10.859999656677246,459500,0.0,0.0
2023-05-03 00:00:00-04:00,10.850000381469727,11.279999732971191,10.71500015258789,10.930000305175781,367200,0.0,0.0
2023-05-04 00:00:00-04:00,10.859999656677246,11.270000457763672,10.859999656677246,11.15999984741211,314800,0.0,0.0
2023-05-05 00:00:00-04:00,11.229999542236328,11.734999656677246,11.229999542236328,11.65999984741211,457600,0.0,0.0
2023-05-08 00:00:00-04:00,11.640000343322754,11.769000053405762,11.4399995803833,11.600000381469727,598900,0.0,0.0
2023-05-09 00:00:00-04:00,11.5,11.899999618530273,11.489999771118164,11.630000114440918,572000,0.0,0.0
2023-05-10 00:00:00-04:00,9.3100004196167,10.869999885559082,9.199999809265137,10.6899995803833,2287500,0.0,0.0
2023-05-11 00:00:00-04:00,10.579999923706055,10.670000076293945,9.725000381469727,10.270000457763672,817600,0.0,0.0
2023-05-12 00:00:00-04:00,10.25,10.319999694824219,9.90999984741211,9.979999542236328,728600,0.0,0.0
2023-05-15 00:00:00-04:00,9.890000343322754,10.630000114440918,9.835000038146973,10.329999923706055,667000,0.0,0.0
2023-05-16 00:00:00-04:00,9.460000038146973,9.6899995803833,8.5,8.989999771118164,2914800,0.0,0.0
2023-05-17 00:00:00-04:00,8.899999618530273,9.34000015258789,8.579999923706055,9.199999809265137,2132800,0.0,0.0
2023-05-18 00:00:00-04:00,9.220000267028809,9.399999618530273,8.864999771118164,9.09000015258789,1537100,0.0,0.0
2023-05-19 00:00:00-04:00,9.170000076293945,9.260000228881836,8.949999809265137,9.09000015258789,915200,0.0,0.0
2023-05-22 00:00:00-04:00,9.09000015258789,9.529999732971191,8.880000114440918,9.390000343322754,1111400,0.0,0.0
2023-05-23 00:00:00-04:00,9.25,9.600000381469727,9.210000038146973,9.369999885559082,706200,0.0,0.0
2023-05-24 00:00:00-04:00,9.229999542236328,9.34000015258789,8.90999984741211,9.319999694824219,812500,0.0,0.0
2023-05-25 00:00:00-04:00,9.359999656677246,9.489999771118164,9.010000228881836,9.130000114440918,646900,0.0,0.0
2023-05-26 00:00:00-04:00,9.140000343322754,9.5600004196167,9.130000114440918,9.380000114440918,605300,0.0,0.0
2023-05-30 00:00:00-04:00,9.300000190734863,9.470000267028809,9.140000343322754,9.239999771118164,652900,0.0,0.0
2023-05-31 00:00:00-04:00,9.210000038146973,9.800000190734863,9.15999984741211,9.739999771118164,1959500,0.0,0.0
2023-06-01 00:00:00-04:00,9.430000305175781,9.710000038146973,9.390000343322754,9.600000381469727,1006100,0.0,0.0
2023-06-02 00:00:00-04:00,9.729999542236328,9.885000228881836,9.550000190734863,9.850000381469727,682900,0.0,0.0
2023-06-05 00:00:00-04:00,9.779999732971191,9.84000015258789,9.479999542236328,9.829999923706055,690400,0.0,0.0
2023-06-06 00:00:00-04:00,9.739999771118164,10.338000297546387,9.739999771118164,10.289999961853027,849300,0.0,0.0
2023-06-07 00:00:00-04:00,10.34000015258789,10.494999885559082,10.0,10.119999885559082,1150200,0.0,0.0
2023-06-08 00:00:00-04:00,10.140000343322754,10.270000457763672,9.989999771118164,10.180000305175781,762500,0.0,0.0
2023-06-09 00:00:00-04:00,10.180000305175781,10.59000015258789,10.15999984741211,10.34000015258789,1092500,0.0,0.0
2023-06-12 00:00:00-04:00,10.449999809265137,10.869999885559082,10.260000228881836,10.819999694824219,1042500,0.0,0.0
2023-06-13 00:00:00-04:00,10.890000343322754,11.210000038146973,10.779999732971191,11.130000114440918,722100,0.0,0.0
2023-06-14 00:00:00-04:00,11.130000114440918,11.187999725341797,10.789999961853027,10.930000305175781,655700,0.0,0.0
2023-06-15 00:00:00-04:00,10.819999694824219,11.130000114440918,10.680000305175781,11.09000015258789,484600,0.0,0.0
2023-06-16 00:00:00-04:00,11.170000076293945,11.180000305175781,10.899999618530273,10.970000267028809,1107200,0.0,0.0
2023-06-20 00:00:00-04:00,10.819999694824219,10.949999809265137,10.579999923706055,10.920000076293945,504600,0.0,0.0
2023-06-21 00:00:00-04:00,10.84000015258789,10.899999618530273,10.539999961853027,10.84000015258789,485000,0.0,0.0
2023-06-22 00:00:00-04:00,10.800000190734863,10.829999923706055,10.59000015258789,10.739999771118164,361900,0.0,0.0
2023-06-23 00:00:00-04:00,10.520000457763672,10.8100004196167,10.5,10.630000114440918,2613500,0.0,0.0
2023-06-26 00:00:00-04:00,10.59000015258789,10.829999923706055,10.539999961853027,10.630000114440918,448600,0.0,0.0
2023-06-27 00:00:00-04:00,10.770000457763672,10.880000114440918,10.640000343322754,10.819999694824219,311400,0.0,0.0
2023-06-28 00:00:00-04:00,10.760000228881836,11.199999809265137,10.729999542236328,11.170000076293945,340200,0.0,0.0
2023-06-29 00:00:00-04:00,11.119999885559082,11.260000228881836,10.779999732971191,10.84000015258789,367600,0.0,0.0
2023-06-30 00:00:00-04:00,10.979999542236328,11.0649995803833,10.779999732971191,11.0,437100,0.0,0.0
2023-07-03 00:00:00-04:00,10.989999771118164,11.071000099182129,10.829999923706055,10.960000038146973,205700,0.0,0.0
2023-07-05 00:00:00-04:00,10.779999732971191,10.979999542236328,10.704999923706055,10.789999961853027,371200,0.0,0.0
2023-07-06 00:00:00-04:00,10.619999885559082,10.920000076293945,10.510000228881836,10.850000381469727,432600,0.0,0.0
2023-07-07 00:00:00-04:00,10.890000343322754,11.085000038146973,10.800000190734863,10.8100004196167,333500,0.0,0.0
2023-07-10 00:00:00-04:00,10.729999542236328,11.140000343322754,10.729999542236328,11.130000114440918,314500,0.0,0.0
2023-07-11 00:00:00-04:00,11.210000038146973,11.710000038146973,11.039999961853027,11.710000038146973,603100,0.0,0.0
2023-07-12 00:00:00-04:00,12.0,12.050000190734863,11.642000198364258,12.020000457763672,676100,0.0,0.0
2023-07-13 00:00:00-04:00,12.119999885559082,12.274999618530273,11.979999542236328,12.119999885559082,469000,0.0,0.0
2023-07-14 00:00:00-04:00,12.119999885559082,12.25,11.739999771118164,11.779999732971191,314500,0.0,0.0
2023-07-17 00:00:00-04:00,11.779999732971191,11.949999809265137,11.699999809265137,11.800000190734863,271200,0.0,0.0
2023-07-18 00:00:00-04:00,11.800000190734863,11.800000190734863,11.430000305175781,11.59000015258789,316300,0.0,0.0
2023-07-19 00:00:00-04:00,11.670000076293945,11.970000267028809,11.670000076293945,11.869999885559082,372200,0.0,0.0
2023-07-20 00:00:00-04:00,11.789999961853027,11.899999618530273,11.3100004196167,11.359999656677246,407900,0.0,0.0
2023-07-21 00:00:00-04:00,11.520000457763672,11.609999656677246,11.194000244140625,11.260000228881836,271100,0.0,0.0
2023-07-24 00:00:00-04:00,11.300000190734863,11.350000381469727,11.005000114440918,11.039999961853027,268300,0.0,0.0
2023-07-25 00:00:00-04:00,11.039999961853027,11.319999694824219,11.039999961853027,11.199999809265137,274000,0.0,0.0
2023-07-26 00:00:00-04:00,11.119999885559082,11.380000114440918,11.085000038146973,11.3100004196167,272700,0.0,0.0
2023-07-27 00:00:00-04:00,11.449999809265137,11.539999961853027,10.859999656677246,10.920000076293945,269700,0.0,0.0
2023-07-28 00:00:00-04:00,11.130000114440918,11.319999694824219,11.020000457763672,11.100000381469727,229100,0.0,0.0
2023-07-31 00:00:00-04:00,11.15999984741211,11.600000381469727,11.109999656677246,11.579999923706055,256300,0.0,0.0
2023-08-01 00:00:00-04:00,11.4399995803833,11.59000015258789,11.15999984741211,11.569999694824219,357700,0.0,0.0
2023-08-02 00:00:00-04:00,11.380000114440918,11.449999809265137,11.0600004196167,11.289999961853027,409000,0.0,0.0
2023-08-03 00:00:00-04:00,11.130000114440918,11.5,11.010000228881836,11.40999984741211,518900,0.0,0.0
2023-08-04 00:00:00-04:00,11.460000038146973,11.574999809265137,11.145000457763672,11.369999885559082,269000,0.0,0.0
2023-08-07 00:00:00-04:00,11.09000015258789,11.210000038146973,10.470000267028809,10.760000228881836,880200,0.0,0.0
2023-08-08 00:00:00-04:00,10.5600004196167,10.84000015258789,10.350000381469727,10.6899995803833,659900,0.0,0.0
2023-08-09 00:00:00-04:00,11.140000343322754,11.595999717712402,10.9399995803833,11.40999984741211,954100,0.0,0.0
2023-08-10 00:00:00-04:00,11.449999809265137,11.482000350952148,10.760000228881836,11.050000190734863,699600,0.0,0.0
2023-08-11 00:00:00-04:00,10.979999542236328,11.569999694824219,10.970000267028809,11.350000381469727,429000,0.0,0.0
2023-08-14 00:00:00-04:00,11.329999923706055,11.529999732971191,11.265000343322754,11.470000267028809,328800,0.0,0.0
2023-08-15 00:00:00-04:00,11.380000114440918,11.470000267028809,11.279999732971191,11.369999885559082,365700,0.0,0.0
2023-08-16 00:00:00-04:00,11.359999656677246,11.609999656677246,11.239999771118164,11.239999771118164,364400,0.0,0.0
2023-08-17 00:00:00-04:00,11.1899995803833,11.300000190734863,11.149999618530273,11.220000267028809,460300,0.0,0.0
2023-08-18 00:00:00-04:00,11.069999694824219,11.5600004196167,11.020000457763672,11.4399995803833,816400,0.0,0.0
2023-08-21 00:00:00-04:00,11.420000076293945,11.6899995803833,11.390000343322754,11.600000381469727,290900,0.0,0.0
2023-08-22 00:00:00-04:00,11.1899995803833,11.630000114440918,11.1899995803833,11.59000015258789,261900,0.0,0.0
2023-08-23 00:00:00-04:00,11.369999885559082,11.670000076293945,11.369999885559082,11.600000381469727,631100,0.0,0.0
2023-08-24 00:00:00-04:00,11.670000076293945,11.720000267028809,11.180000305175781,11.520000457763672,350900,0.0,0.0
2023-08-25 00:00:00-04:00,11.5,11.850000381469727,11.397000312805176,11.779999732971191,426600,0.0,0.0
2023-08-28 00:00:00-04:00,11.850000381469727,11.920000076293945,11.5600004196167,11.729999542236328,407300,0.0,0.0
2023-08-29 00:00:00-04:00,11.670000076293945,11.819999694824219,11.505000114440918,11.579999923706055,300200,0.0,0.0
2023-08-30 00:00:00-04:00,11.529999732971191,11.734999656677246,11.479999542236328,11.645000457763672,302500,0.0,0.0
2023-08-31 00:00:00-04:00,11.649999618530273,11.869999885559082,11.640000343322754,11.680000305175781,653800,0.0,0.0
2023-09-01 00:00:00-04:00,11.789999961853027,12.260000228881836,11.729999542236328,12.100000381469727,725800,0.0,0.0
2023-09-05 00:00:00-04:00,12.050000190734863,12.25,11.949999809265137,12.1899995803833,489100,0.0,0.0
2023-09-06 00:00:00-04:00,12.199999809265137,12.739999771118164,12.199999809265137,12.710000038146973,500200,0.0,0.0
2023-09-07 00:00:00-04:00,12.550000190734863,12.699999809265137,12.399999618530273,12.6899995803833,453200,0.0,0.0
2023-09-08 00:00:00-04:00,12.739999771118164,12.819999694824219,12.640000343322754,12.649999618530273,647800,0.0,0.0
2023-09-11 00:00:00-04:00,12.699999809265137,12.699999809265137,12.420000076293945,12.539999961853027,653600,0.0,0.0
2023-09-12 00:00:00-04:00,12.420000076293945,12.729999542236328,12.369999885559082,12.460000038146973,512800,0.0,0.0
2023-09-13 00:00:00-04:00,12.40999984741211,12.475000381469727,11.515000343322754,11.680000305175781,782200,0.0,0.0
2023-09-14 00:00:00-04:00,11.760000228881836,11.850000381469727,11.454999923706055,11.59000015258789,604500,0.0,0.0
2023-09-15 00:00:00-04:00,11.569999694824219,11.579999923706055,11.265000343322754,11.449999809265137,1580000,0.0,0.0
2023-09-18 00:00:00-04:00,11.369999885559082,11.720000267028809,11.34000015258789,11.630000114440918,714800,0.0,0.0
2023-09-19 00:00:00-04:00,11.579999923706055,11.789999961853027,11.369999885559082,11.75,780600,0.0,0.0
2023-09-20 00:00:00-04:00,11.819999694824219,12.109999656677246,11.710000038146973,11.869999885559082,427900,0.0,0.0
2023-09-21 00:00:00-04:00,11.789999961853027,12.010000228881836,11.520000457763672,12.0,992500,0.0,0.0
2023-09-22 00:00:00-04:00,12.220000267028809,12.319999694824219,11.979999542236328,11.989999771118164,769000,0.0,0.0
2023-09-25 00:00:00-04:00,11.880000114440918,12.079999923706055,11.779999732971191,12.029999732971191,455300,0.0,0.0
2023-09-26 00:00:00-04:00,12.0,12.09000015258789,11.210000038146973,11.260000228881836,1046800,0.0,0.0
2023-09-27 00:00:00-04:00,11.149999618530273,11.579999923706055,11.109999656677246,11.5,693500,0.0,0.0
2023-09-28 00:00:00-04:00,11.460000038146973,11.71500015258789,11.279999732971191,11.520000457763672,400400,0.0,0.0
2023-09-29 00:00:00-04:00,11.670000076293945,11.84000015258789,11.390000343322754,11.569999694824219,597200,0.0,0.0
2023-10-02 00:00:00-04:00,11.5,11.65999984741211,11.399999618530273,11.550000190734863,619400,0.0,0.0
2023-10-03 00:00:00-04:00,11.489999771118164,11.489999771118164,10.795000076293945,10.850000381469727,572600,0.0,0.0
2023-10-04 00:00:00-04:00,10.890000343322754,10.960000038146973,10.579999923706055,10.789999961853027,566600,0.0,0.0
2023-10-05 00:00:00-04:00,10.829999923706055,10.850000381469727,10.609999656677246,10.770000457763672,388100,0.0,0.0
2023-10-06 00:00:00-04:00,10.649999618530273,10.869999885559082,10.59000015258789,10.630000114440918,565800,0.0,0.0
2023-10-09 00:00:00-04:00,10.529999732971191,10.930000305175781,10.479999542236328,10.84000015258789,361300,0.0,0.0
2023-10-10 00:00:00-04:00,10.880000114440918,11.319999694824219,10.880000114440918,10.989999771118164,334100,0.0,0.0
2023-10-11 00:00:00-04:00,11.020000457763672,11.130000114440918,10.819999694824219,10.84000015258789,223400,0.0,0.0
2023-10-12 00:00:00-04:00,10.859999656677246,10.869999885559082,10.3100004196167,10.420000076293945,302900,0.0,0.0
2023-10-13 00:00:00-04:00,10.460000038146973,10.460000038146973,10.050000190734863,10.050000190734863,475300,0.0,0.0
2023-10-16 00:00:00-04:00,10.170000076293945,10.470000267028809,10.140000343322754,10.369999885559082,451100,0.0,0.0
2023-10-17 00:00:00-04:00,10.220000267028809,10.694999694824219,10.220000267028809,10.489999771118164,477800,0.0,0.0
2023-10-18 00:00:00-04:00,10.390000343322754,10.600000381469727,10.210000038146973,10.34000015258789,294400,0.0,0.0
2023-10-19 00:00:00-04:00,10.359999656677246,10.5600004196167,10.289999961853027,10.34000015258789,275500,0.0,0.0
2023-10-20 00:00:00-04:00,10.369999885559082,10.395000457763672,10.1899995803833,10.319999694824219,387200,0.0,0.0
2023-10-23 00:00:00-04:00,10.229999542236328,10.324999809265137,9.994999885559082,10.25,520300,0.0,0.0
2023-10-24 00:00:00-04:00,10.399999618530273,10.680000305175781,10.350000381469727,10.479999542236328,293900,0.0,0.0
2023-10-25 00:00:00-04:00,10.40999984741211,10.40999984741211,10.0,10.09000015258789,481400,0.0,0.0
2023-10-26 00:00:00-04:00,10.100000381469727,10.241000175476074,9.975000381469727,10.050000190734863,344900,0.0,0.0
2023-10-27 00:00:00-04:00,10.15999984741211,10.170000076293945,9.930000305175781,10.020000457763672,273300,0.0,0.0
2023-10-30 00:00:00-04:00,10.170000076293945,10.300000190734863,10.0,10.210000038146973,351200,0.0,0.0
2023-10-31 00:00:00-04:00,10.210000038146973,10.239999771118164,9.930000305175781,9.960000038146973,319000,0.0,0.0
2023-11-01 00:00:00-04:00,9.920000076293945,9.920000076293945,9.657999992370605,9.869999885559082,524500,0.0,0.0
2023-11-02 00:00:00-04:00,10.15999984741211,10.319999694824219,10.0,10.220000267028809,336300,0.0,0.0
2023-11-03 00:00:00-04:00,10.380000114440918,10.805000305175781,10.260000228881836,10.75,498000,0.0,0.0
2023-11-06 00:00:00-05:00,10.949999809265137,11.239999771118164,10.399999618530273,10.470000267028809,1000600,0.0,0.0
2023-11-07 00:00:00-05:00,10.460000038146973,11.279999732971191,10.449999809265137,11.149999618530273,860800,0.0,0.0
2023-11-08 00:00:00-05:00,10.479999542236328,10.800000190734863,9.75,10.489999771118164,833900,0.0,0.0
2023-11-09 00:00:00-05:00,10.59000015258789,10.59000015258789,10.230999946594238,10.25,437900,0.0,0.0
2023-11-10 00:00:00-05:00,10.25,10.399999618530273,10.170000076293945,10.270000457763672,345600,0.0,0.0
2023-11-13 00:00:00-05:00,10.149999618530273,10.380000114440918,10.149999618530273,10.25,284300,0.0,0.0
2023-11-14 00:00:00-05:00,10.640000343322754,10.9399995803833,10.579999923706055,10.90999984741211,531800,0.0,0.0
2023-11-15 00:00:00-05:00,10.890000343322754,11.239999771118164,10.65999984741211,10.760000228881836,442600,0.0,0.0
2023-11-16 00:00:00-05:00,10.649999618530273,10.649999618530273,10.239999771118164,10.479999542236328,294700,0.0,0.0
2023-11-17 00:00:00-05:00,10.569999694824219,10.600000381469727,10.390000343322754,10.460000038146973,358000,0.0,0.0
2023-11-20 00:00:00-05:00,10.449999809265137,10.8100004196167,10.390000343322754,10.630000114440918,256100,0.0,0.0
2023-11-21 00:00:00-05:00,10.520000457763672,10.59000015258789,10.380000114440918,10.5600004196167,286100,0.0,0.0
2023-11-22 00:00:00-05:00,10.619999885559082,10.800000190734863,10.489999771118164,10.5,168000,0.0,0.0
2023-11-24 00:00:00-05:00,10.5,10.619999885559082,10.449999809265137,10.5600004196167,100000,0.0,0.0
2023-11-27 00:00:00-05:00,10.5,10.59000015258789,10.46500015258789,10.520000457763672,313900,0.0,0.0
2023-11-28 00:00:00-05:00,10.550000190734863,10.550000190734863,10.34000015258789,10.420000076293945,351900,0.0,0.0
2023-11-29 00:00:00-05:00,10.5600004196167,10.800000190734863,10.5,10.53499984741211,352600,0.0,0.0
2023-11-30 00:00:00-05:00,10.609999656677246,10.670000076293945,10.399999618530273,10.649999618530273,367300,0.0,0.0
2023-12-01 00:00:00-05:00,10.649999618530273,11.270000457763672,10.555000305175781,11.25,442000,0.0,0.0
2023-12-04 00:00:00-05:00,11.119999885559082,11.670000076293945,11.119999885559082,11.470000267028809,549400,0.0,0.0
2023-12-05 00:00:00-05:00,11.369999885559082,11.460000038146973,11.199999809265137,11.359999656677246,457800,0.0,0.0
2023-12-06 00:00:00-05:00,11.399999618530273,11.680000305175781,11.329999923706055,11.369999885559082,441900,0.0,0.0
2023-12-07 00:00:00-05:00,11.380000114440918,11.380000114440918,11.029999732971191,11.289999961853027,416900,0.0,0.0
2023-12-08 00:00:00-05:00,11.239999771118164,12.079999923706055,11.170000076293945,12.029999732971191,705300,0.0,0.0
2023-12-11 00:00:00-05:00,11.960000038146973,12.369999885559082,11.930000305175781,12.279999732971191,606900,0.0,0.0
2023-12-12 00:00:00-05:00,12.069999694824219,12.104999542236328,11.09000015258789,11.479999542236328,972300,0.0,0.0
2023-12-13 00:00:00-05:00,11.479999542236328,12.274999618530273,11.470000267028809,12.140000343322754,625500,0.0,0.0
2023-12-14 00:00:00-05:00,12.34000015258789,13.270000457763672,12.300000190734863,12.880000114440918,1115900,0.0,0.0
2023-12-15 00:00:00-05:00,13.010000228881836,13.40999984741211,12.9399995803833,13.1899995803833,1516100,0.0,0.0
2023-12-18 00:00:00-05:00,13.1899995803833,13.220000267028809,12.880000114440918,13.039999961853027,458700,0.0,0.0
2023-12-19 00:00:00-05:00,13.140000343322754,13.449999809265137,12.989999771118164,13.140000343322754,361900,0.0,0.0
2023-12-20 00:00:00-05:00,13.119999885559082,13.25,12.84000015258789,12.859999656677246,480000,0.0,0.0
2023-12-21 00:00:00-05:00,13.149999618530273,13.149999618530273,12.970000267028809,13.100000381469727,390600,0.0,0.0
2023-12-22 00:00:00-05:00,13.069999694824219,13.279999732971191,13.039999961853027,13.069999694824219,321400,0.0,0.0
2023-12-26 00:00:00-05:00,13.109999656677246,13.229999542236328,13.045000076293945,13.1899995803833,293100,0.0,0.0
2023-12-27 00:00:00-05:00,13.25,13.265000343322754,12.970000267028809,13.010000228881836,283300,0.0,0.0
2023-12-28 00:00:00-05:00,12.890000343322754,13.220000267028809,12.85200023651123,13.130000114440918,349700,0.0,0.0
2023-12-29 00:00:00-05:00,13.0600004196167,13.130000114440918,12.699999809265137,12.720000267028809,397800,0.0,0.0
2024-01-02 00:00:00-05:00,12.609999656677246,12.6850004196167,12.40999984741211,12.59000015258789,532000,0.0,0.0
2024-01-03 00:00:00-05:00,12.380000114440918,12.404999732971191,12.0,12.029999732971191,383700,0.0,0.0
2024-01-04 00:00:00-05:00,12.09000015258789,12.109999656677246,11.75,11.8100004196167,409500,0.0,0.0
2024-01-05 00:00:00-05:00,11.710000038146973,11.989999771118164,11.6899995803833,11.770000457763672,312300,0.0,0.0
2024-01-08 00:00:00-05:00,11.789999961853027,12.390000343322754,11.789999961853027,12.3100004196167,340900,0.0,0.0
2024-01-09 00:00:00-05:00,12.109999656677246,12.300000190734863,12.020000457763672,12.279999732971191,251800,0.0,0.0
2024-01-10 00:00:00-05:00,12.220000267028809,12.359999656677246,12.0,12.329999923706055,275700,0.0,0.0
2024-01-11 00:00:00-05:00,12.329999923706055,12.5,12.229999542236328,12.5,244800,0.0,0.0
2024-01-12 00:00:00-05:00,12.640000343322754,12.770000457763672,12.489999771118164,12.680000305175781,279000,0.0,0.0
2024-01-16 00:00:00-05:00,12.579999923706055,12.652999877929688,12.239999771118164,12.5,317400,0.0,0.0
2024-01-17 00:00:00-05:00,12.449999809265137,12.449999809265137,12.045000076293945,12.34000015258789,285100,0.0,0.0
2024-01-18 00:00:00-05:00,12.319999694824219,12.600000381469727,12.131999969482422,12.3100004196167,296600,0.0,0.0
2024-01-19 00:00:00-05:00,12.350000381469727,12.390000343322754,11.930000305175781,12.359999656677246,303800,0.0,0.0
2024-01-22 00:00:00-05:00,12.59000015258789,13.050000190734863,12.59000015258789,12.819999694824219,352400,0.0,0.0
2024-01-23 00:00:00-05:00,13.0,13.0,12.670000076293945,12.850000381469727,287500,0.0,0.0
2024-01-24 00:00:00-05:00,13.069999694824219,13.069999694824219,12.75,12.800000190734863,278600,0.0,0.0
2024-01-25 00:00:00-05:00,12.960000038146973,13.420000076293945,12.829999923706055,13.399999618530273,386500,0.0,0.0
2024-01-26 00:00:00-05:00,13.399999618530273,13.510000228881836,13.130000114440918,13.130000114440918,327600,0.0,0.0
2024-01-29 00:00:00-05:00,13.199999809265137,13.640000343322754,13.197999954223633,13.5600004196167,265500,0.0,0.0
2024-01-30 00:00:00-05:00,13.460000038146973,13.475000381469727,13.154999732971191,13.1899995803833,219300,0.0,0.0
2024-01-31 00:00:00-05:00,13.0600004196167,13.279999732971191,12.869999885559082,12.960000038146973,329500,0.0,0.0
2024-02-01 00:00:00-05:00,12.199999809265137,13.069999694824219,12.1899995803833,13.0,644200,0.0,0.0
2024-02-02 00:00:00-05:00,12.890000343322754,13.210000038146973,12.760000228881836,13.149999618530273,348600,0.0,0.0
2024-02-05 00:00:00-05:00,13.020000457763672,13.239999771118164,12.819999694824219,13.210000038146973,264800,0.0,0.0
2024-02-06 00:00:00-05:00,13.25,13.4399995803833,13.109999656677246,13.279999732971191,312800,0.0,0.0
2024-02-07 00:00:00-05:00,13.319999694824219,13.319999694824219,13.031000137329102,13.09000015258789,293800,0.0,0.0
2024-02-08 00:00:00-05:00,13.119999885559082,13.640000343322754,13.119999885559082,13.619999885559082,324500,0.0,0.0
2024-02-09 00:00:00-05:00,13.800000190734863,14.420000076293945,13.710000038146973,14.140000343322754,905000,0.0,0.0
2024-02-12 00:00:00-05:00,14.199999809265137,14.420000076293945,14.109999656677246,14.289999961853027,438300,0.0,0.0
2024-02-13 00:00:00-05:00,13.699999809265137,14.0,13.539999961853027,13.75,393900,0.0,0.0
2024-02-14 00:00:00-05:00,14.029999732971191,14.300000190734863,14.010000228881836,14.229999542236328,395800,0.0,0.0
2024-02-15 00:00:00-05:00,14.359999656677246,14.399999618530273,14.109999656677246,14.260000228881836,264500,0.0,0.0
2024-02-16 00:00:00-05:00,14.109999656677246,14.300000190734863,13.84000015258789,14.100000381469727,307900,0.0,0.0
2024-02-20 00:00:00-05:00,13.920000076293945,14.300000190734863,13.829999923706055,14.069999694824219,567500,0.0,0.0
2024-02-21 00:00:00-05:00,9.220000267028809,12.350000381469727,9.0600004196167,11.800000190734863,3766300,0.0,0.0
2024-02-22 00:00:00-05:00,11.8100004196167,11.9399995803833,11.260000228881836,11.8100004196167,1437200,0.0,0.0
2024-02-23 00:00:00-05:00,11.979999542236328,12.100000381469727,11.770000457763672,12.069999694824219,596600,0.0,0.0
2024-02-26 00:00:00-05:00,12.079999923706055,12.279999732971191,11.979999542236328,12.194999694824219,421900,0.0,0.0
2024-02-27 00:00:00-05:00,12.130000114440918,12.164999961853027,11.850000381469727,12.0,882200,0.0,0.0
2024-02-28 00:00:00-05:00,11.869999885559082,11.991999626159668,11.479999542236328,11.760000228881836,412700,0.0,0.0
2024-02-29 00:00:00-05:00,11.899999618530273,12.119999885559082,11.699999809265137,11.859999656677246,1291100,0.0,0.0
2024-03-01 00:00:00-05:00,11.90999984741211,11.90999984741211,11.3100004196167,11.369999885559082,552800,0.0,0.0
2024-03-04 00:00:00-05:00,11.3100004196167,11.36299991607666,11.050000190734863,11.279999732971191,551900,0.0,0.0
2024-03-05 00:00:00-05:00,11.279999732971191,11.279999732971191,10.9399995803833,11.095000267028809,566200,0.0,0.0
2024-03-06 00:00:00-05:00,11.100000381469727,11.260000228881836,11.039999961853027,11.104999542236328,525000,0.0,0.0
2024-03-07 00:00:00-05:00,11.149999618530273,11.270000457763672,11.069999694824219,11.149999618530273,391200,0.0,0.0
2024-03-08 00:00:00-05:00,11.270000457763672,11.369999885559082,11.100000381469727,11.114999771118164,312800,0.0,0.0
2024-03-11 00:00:00-04:00,11.020000457763672,11.289999961853027,11.020000457763672,11.149999618530273,453500,0.0,0.0
2024-03-12 00:00:00-04:00,11.180000305175781,11.239999771118164,11.039999961853027,11.109999656677246,466200,0.0,0.0
2024-03-13 00:00:00-04:00,11.100000381469727,11.34000015258789,11.039999961853027,11.130000114440918,490600,0.0,0.0
2024-03-14 00:00:00-04:00,11.109999656677246,11.279999732971191,10.85200023651123,11.050000190734863,420500,0.0,0.0
2024-03-15 00:00:00-04:00,10.930000305175781,11.100000381469727,10.630000114440918,10.770000457763672,623200,0.0,0.0
2024-03-18 00:00:00-04:00,10.699999809265137,11.039999961853027,10.539999961853027,10.899999618530273,343600,0.0,0.0
2024-03-19 00:00:00-04:00,10.819999694824219,11.319999694824219,10.819999694824219,11.229999542236328,416600,0.0,0.0
2024-03-20 00:00:00-04:00,11.1899995803833,11.640000343322754,11.1899995803833,11.550000190734863,364300,0.0,0.0
2024-03-21 00:00:00-04:00,11.539999961853027,11.829999923706055,11.430000305175781,11.510000228881836,304000,0.0,0.0
2024-03-22 00:00:00-04:00,11.520000457763672,11.579999923706055,11.239999771118164,11.300000190734863,297800,0.0,0.0
2024-03-25 00:00:00-04:00,11.34000015258789,11.359999656677246,11.010000228881836,11.029999732971191,228000,0.0,0.0
2024-03-26 00:00:00-04:00,11.15999984741211,11.15999984741211,10.800000190734863,10.84000015258789,248100,0.0,0.0
2024-03-27 00:00:00-04:00,10.90999984741211,10.970000267028809,10.75,10.9399995803833,364100,0.0,0.0
2024-03-28 00:00:00-04:00,10.930000305175781,11.180000305175781,10.850000381469727,10.880000114440918,413400,0.0,0.0
2024-04-01 00:00:00-04:00,10.869999885559082,10.9399995803833,10.649999618530273,10.760000228881836,282900,0.0,0.0
2024-04-02 00:00:00-04:00,10.569999694824219,10.630000114440918,10.479999542236328,10.529999732971191,314400,0.0,0.0
2024-04-03 00:00:00-04:00,10.449999809265137,10.600000381469727,10.449999809265137,10.489999771118164,273500,0.0,0.0
2024-04-04 00:00:00-04:00,10.649999618530273,10.710000038146973,10.392999649047852,10.470000267028809,449600,0.0,0.0
2024-04-05 00:00:00-04:00,10.40999984741211,10.449999809265137,10.354999542236328,10.390000343322754,205500,0.0,0.0
2024-04-08 00:00:00-04:00,10.354999542236328,10.494000434875488,10.354999542236328,10.449999809265137,210400,0.0,0.0
2024-04-09 00:00:00-04:00,10.489999771118164,10.680000305175781,10.470000267028809,10.550000190734863,153600,0.0,0.0
2024-04-10 00:00:00-04:00,10.199999809265137,10.420000076293945,10.180000305175781,10.319999694824219,355800,0.0,0.0
2024-04-11 00:00:00-04:00,10.369999885559082,10.385000228881836,10.239999771118164,10.350000381469727,381600,0.0,0.0
2024-04-12 00:00:00-04:00,10.260000228881836,10.300000190734863,10.109999656677246,10.15999984741211,338100,0.0,0.0
2024-04-15 00:00:00-04:00,10.1899995803833,10.1899995803833,9.630000114440918,9.630000114440918,242400,0.0,0.0
2024-04-16 00:00:00-04:00,9.59000015258789,9.789999961853027,9.489999771118164,9.670000076293945,211400,0.0,0.0
2024-04-17 00:00:00-04:00,9.630000114440918,9.704999923706055,9.489999771118164,9.489999771118164,243500,0.0,0.0
2024-04-18 00:00:00-04:00,9.539999961853027,9.649999618530273,9.399999618530273,9.460000038146973,295400,0.0,0.0
2024-04-19 00:00:00-04:00,9.40999984741211,9.479999542236328,9.345000267028809,9.460000038146973,296600,0.0,0.0
2024-04-22 00:00:00-04:00,9.520000457763672,9.9399995803833,9.470000267028809,9.84000015258789,342700,0.0,0.0
2024-04-23 00:00:00-04:00,9.859999656677246,10.170000076293945,9.760000228881836,9.829999923706055,283300,0.0,0.0
2024-04-24 00:00:00-04:00,9.84000015258789,9.930000305175781,9.739999771118164,9.90999984741211,185100,0.0,0.0
2024-04-25 00:00:00-04:00,9.710000038146973,9.829999923706055,9.630000114440918,9.819999694824219,250200,0.0,0.0
2024-04-26 00:00:00-04:00,9.899999618530273,10.020000457763672,9.800000190734863,9.920000076293945,277000,0.0,0.0
2024-04-29 00:00:00-04:00,9.949999809265137,10.119999885559082,9.850000381469727,9.949999809265137,225100,0.0,0.0
2024-04-30 00:00:00-04:00,9.890000343322754,10.010000228881836,9.770000457763672,9.789999961853027,338600,0.0,0.0
2024-05-01 00:00:00-04:00,9.850000381469727,10.069999694824219,9.739999771118164,9.800000190734863,253500,0.0,0.0
2024-05-02 00:00:00-04:00,9.920000076293945,9.920000076293945,9.6850004196167,9.869999885559082,314200,0.0,0.0
2024-05-03 00:00:00-04:00,10.109999656677246,10.149999618530273,9.84000015258789,10.050000190734863,248700,0.0,0.0
2024-05-06 00:00:00-04:00,10.100000381469727,10.164999961853027,9.930000305175781,10.069999694824219,263000,0.0,0.0
2024-05-07 00:00:00-04:00,10.020000457763672,10.164999961853027,9.989999771118164,10.0,253500,0.0,0.0
2024-05-08 00:00:00-04:00,9.399999618530273,9.640000343322754,9.199999809265137,9.4399995803833,789300,0.0,0.0
2024-05-09 00:00:00-04:00,9.489999771118164,9.520000457763672,9.175000190734863,9.260000228881836,651300,0.0,0.0
2024-05-10 00:00:00-04:00,9.489999771118164,9.489999771118164,8.760000228881836,9.119999885559082,895800,0.0,0.0
2024-05-13 00:00:00-04:00,9.229999542236328,9.229999542236328,8.859999656677246,8.979999542236328,667400,0.0,0.0
2024-05-14 00:00:00-04:00,9.09000015258789,9.359999656677246,9.09000015258789,9.335000038146973,759900,0.0,0.0
2024-05-15 00:00:00-04:00,9.40999984741211,9.5600004196167,9.34000015258789,9.489999771118164,444200,0.0,0.0
2024-05-16 00:00:00-04:00,9.430000305175781,9.489999771118164,8.989999771118164,9.140000343322754,783700,0.0,0.0
2024-05-17 00:00:00-04:00,9.199999809265137,9.300000190734863,9.0,9.300000190734863,485100,0.0,0.0
2024-05-20 00:00:00-04:00,9.270000457763672,9.520000457763672,9.180000305175781,9.510000228881836,606500,0.0,0.0
2024-05-21 00:00:00-04:00,9.449999809265137,9.569999694824219,9.380000114440918,9.5600004196167,484300,0.0,0.0
2024-05-22 00:00:00-04:00,9.5600004196167,9.739999771118164,9.510000228881836,9.680000305175781,461700,0.0,0.0
2024-05-23 00:00:00-04:00,9.729999542236328,9.729999542236328,9.333000183105469,9.430000305175781,549500,0.0,0.0
2024-05-24 00:00:00-04:00,9.4399995803833,9.760000228881836,9.4399995803833,9.75,2865500,0.0,0.0
2024-05-28 00:00:00-04:00,9.579999923706055,9.670000076293945,9.260000228881836,9.510000228881836,786900,0.0,0.0
2024-05-29 00:00:00-04:00,9.399999618530273,9.40999984741211,9.130000114440918,9.140000343322754,991000,0.0,0.0
2024-05-30 00:00:00-04:00,9.029999732971191,9.229999542236328,9.029999732971191,9.199999809265137,1391100,0.0,0.0
2024-05-31 00:00:00-04:00,9.270000457763672,9.354999542236328,8.859999656677246,8.920000076293945,1504700,0.0,0.0
2024-06-03 00:00:00-04:00,9.010000228881836,9.140000343322754,8.510000228881836,8.630000114440918,3201300,0.0,0.0
2024-06-04 00:00:00-04:00,8.640000343322754,8.670000076293945,8.460000038146973,8.569999694824219,1328100,0.0,0.0
2024-06-05 00:00:00-04:00,8.649999618530273,8.760000228881836,8.380000114440918,8.739999771118164,2071200,0.0,0.0
2024-06-06 00:00:00-04:00,8.6899995803833,8.859999656677246,8.4399995803833,8.470000267028809,536400,0.0,0.0
2024-06-07 00:00:00-04:00,8.390000343322754,8.520000457763672,8.260000228881836,8.3100004196167,705900,0.0,0.0
2024-06-10 00:00:00-04:00,8.239999771118164,8.4399995803833,8.199999809265137,8.40999984741211,422300,0.0,0.0
2024-06-11 00:00:00-04:00,8.359999656677246,8.430000305175781,8.270000457763672,8.380000114440918,437400,0.0,0.0
2024-06-12 00:00:00-04:00,8.550000190734863,8.84000015258789,8.449999809265137,8.710000038146973,702400,0.0,0.0
2024-06-13 00:00:00-04:00,8.710000038146973,8.710000038146973,8.239999771118164,8.350000381469727,363400,0.0,0.0
2024-06-14 00:00:00-04:00,8.34000015258789,8.34000015258789,8.210000038146973,8.300000190734863,395200,0.0,0.0
2024-06-17 00:00:00-04:00,8.260000228881836,8.449999809265137,8.244999885559082,8.420000076293945,360800,0.0,0.0
2024-06-18 00:00:00-04:00,8.4399995803833,8.4399995803833,8.204999923706055,8.25,354900,0.0,0.0
2024-06-20 00:00:00-04:00,8.210000038146973,8.40999984741211,8.121000289916992,8.34000015258789,354200,0.0,0.0
2024-06-21 00:00:00-04:00,8.350000381469727,8.524999618530273,8.3100004196167,8.470000267028809,832800,0.0,0.0
2024-06-24 00:00:00-04:00,8.399999618530273,8.539999961853027,8.399999618530273,8.479999542236328,319500,0.0,0.0
2024-06-25 00:00:00-04:00,8.470000267028809,8.5600004196167,8.300000190734863,8.529999732971191,373300,0.0,0.0
2024-06-26 00:00:00-04:00,8.5,8.75,8.4399995803833,8.680000305175781,385200,0.0,0.0
2024-06-27 00:00:00-04:00,8.649999618530273,8.930000305175781,8.619999885559082,8.829999923706055,440100,0.0,0.0
2024-06-28 00:00:00-04:00,8.899999618530273,8.960000038146973,8.670000076293945,8.899999618530273,1910000,0.0,0.0
2024-07-01 00:00:00-04:00,8.890000343322754,8.890000343322754,8.550000190734863,8.579999923706055,551100,0.0,0.0
2024-07-02 00:00:00-04:00,8.579999923706055,8.670000076293945,8.529999732971191,8.579999923706055,391100,0.0,0.0
2024-07-03 00:00:00-04:00,8.619999885559082,8.654999732971191,8.489999771118164,8.5,277800,0.0,0.0
2024-07-05 00:00:00-04:00,8.460000038146973,8.880000114440918,8.359999656677246,8.59000015258789,369400,0.0,0.0
2024-07-08 00:00:00-04:00,8.649999618530273,8.649999618530273,8.489999771118164,8.600000381469727,320500,0.0,0.0
2024-07-09 00:00:00-04:00,8.59000015258789,8.59000015258789,8.15999984741211,8.210000038146973,315700,0.0,0.0
2024-07-10 00:00:00-04:00,8.239999771118164,8.239999771118164,8.0,8.210000038146973,395500,0.0,0.0
2024-07-11 00:00:00-04:00,8.40999984741211,8.609999656677246,8.380000114440918,8.5,382300,0.0,0.0
2024-07-12 00:00:00-04:00,8.40999984741211,8.5,8.050000190734863,8.069999694824219,563400,0.0,0.0
2024-07-15 00:00:00-04:00,8.079999923706055,8.199999809265137,8.029999732971191,8.130000114440918,532400,0.0,0.0
2024-07-16 00:00:00-04:00,8.300000190734863,8.460000038146973,8.140000343322754,8.430000305175781,472500,0.0,0.0
2024-07-17 00:00:00-04:00,8.350000381469727,8.460000038146973,8.170000076293945,8.199999809265137,2299900,0.0,0.0
2024-07-18 00:00:00-04:00,8.1899995803833,8.359999656677246,8.079999923706055,8.109999656677246,1087300,0.0,0.0
2024-07-19 00:00:00-04:00,8.149999618530273,8.149999618530273,7.889999866485596,7.889999866485596,663100,0.0,0.0
2024-07-22 00:00:00-04:00,7.96999979019165,8.329999923706055,7.880000114440918,8.329999923706055,1008900,0.0,0.0
2024-07-23 00:00:00-04:00,8.119999885559082,8.470000267028809,8.119999885559082,8.430000305175781,445000,0.0,0.0
2024-07-24 00:00:00-04:00,8.34000015258789,8.694999694824219,8.130000114440918,8.149999618530273,420100,0.0,0.0
2024-07-25 00:00:00-04:00,8.1899995803833,8.720000267028809,8.15999984741211,8.529999732971191,319200,0.0,0.0
2024-07-26 00:00:00-04:00,8.649999618530273,8.779999732971191,8.600000381469727,8.770000457763672,326300,0.0,0.0
2024-07-29 00:00:00-04:00,8.789999961853027,8.789999961853027,8.460000038146973,8.550000190734863,258100,0.0,0.0
2024-07-30 00:00:00-04:00,8.600000381469727,8.739999771118164,8.4399995803833,8.65999984741211,316100,0.0,0.0
2024-07-31 00:00:00-04:00,8.710000038146973,8.819999694824219,8.520000457763672,8.5600004196167,318400,0.0,0.0
2024-08-01 00:00:00-04:00,8.569999694824219,8.59000015258789,8.079999923706055,8.199999809265137,729300,0.0,0.0
2024-08-02 00:00:00-04:00,7.829999923706055,8.069999694824219,7.71999979019165,7.940000057220459,697600,0.0,0.0
2024-08-05 00:00:00-04:00,7.420000076293945,7.800000190734863,7.369999885559082,7.71999979019165,802900,0.0,0.0
2024-08-06 00:00:00-04:00,7.690000057220459,7.869999885559082,7.670000076293945,7.730000019073486,590700,0.0,0.0
2024-08-07 00:00:00-04:00,7.929999828338623,8.119999885559082,7.760000228881836,7.78000020980835,422100,0.0,0.0
2024-08-08 00:00:00-04:00,7.909999847412109,8.010000228881836,7.78000020980835,7.980000019073486,408000,0.0,0.0
2024-08-09 00:00:00-04:00,8.399999618530273,8.399999618530273,7.559999942779541,7.949999809265137,766400,0.0,0.0
2024-08-12 00:00:00-04:00,7.889999866485596,8.079999923706055,7.869999885559082,8.0,633900,0.0,0.0
2024-08-13 00:00:00-04:00,8.079999923706055,8.630000114440918,8.039999961853027,8.619999885559082,854400,0.0,0.0
2024-08-14 00:00:00-04:00,8.630000114440918,8.720000267028809,8.329999923706055,8.34000015258789,450100,0.0,0.0
2024-08-15 00:00:00-04:00,8.5649995803833,8.739999771118164,8.4399995803833,8.489999771118164,503700,0.0,0.0
2024-08-16 00:00:00-04:00,8.449999809265137,8.649999618530273,8.430000305175781,8.579999923706055,1349300,0.0,0.0
2024-08-19 00:00:00-04:00,8.520000457763672,8.640000343322754,8.359999656677246,8.619999885559082,396300,0.0,0.0
2024-08-20 00:00:00-04:00,8.569999694824219,8.90999984741211,8.5600004196167,8.760000228881836,537000,0.0,0.0
2024-08-21 00:00:00-04:00,8.819999694824219,8.920000076293945,8.569999694824219,8.899999618530273,455700,0.0,0.0
2024-08-22 00:00:00-04:00,8.850000381469727,8.899999618530273,8.489999771118164,8.5,466500,0.0,0.0
2024-08-23 00:00:00-04:00,8.609999656677246,8.859999656677246,8.579999923706055,8.8100004196167,341700,0.0,0.0
2024-08-26 00:00:00-04:00,8.899999618530273,8.989999771118164,8.869999885559082,8.930000305175781,281200,0.0,0.0
2024-08-27 00:00:00-04:00,8.84000015258789,8.9399995803833,8.779999732971191,8.890000343322754,277700,0.0,0.0
2024-08-28 00:00:00-04:00,8.869999885559082,8.960000038146973,8.779999732971191,8.829999923706055,326700,0.0,0.0
2024-08-29 00:00:00-04:00,8.960000038146973,9.229999542236328,8.859999656677246,8.979999542236328,814600,0.0,0.0
2024-08-30 00:00:00-04:00,9.069999694824219,9.119999885559082,8.760000228881836,8.8100004196167,626300,0.0,0.0
2024-09-03 00:00:00-04:00,8.59000015258789,8.84000015258789,8.470000267028809,8.579999923706055,383000,0.0,0.0
2024-09-04 00:00:00-04:00,8.5600004196167,8.819999694824219,8.449999809265137,8.699999809265137,290400,0.0,0.0
2024-09-05 00:00:00-04:00,8.720000267028809,8.75,8.5,8.640000343322754,318700,0.0,0.0
2024-09-06 00:00:00-04:00,8.720000267028809,8.770000457763672,8.359999656677246,8.579999923706055,548800,0.0,0.0
2024-09-09 00:00:00-04:00,8.670000076293945,8.850000381469727,8.600000381469727,8.710000038146973,656600,0.0,0.0
2024-09-10 00:00:00-04:00,8.75,8.75,8.5600004196167,8.699999809265137,432100,0.0,0.0
2024-09-11 00:00:00-04:00,8.630000114440918,8.718999862670898,8.430000305175781,8.5600004196167,470700,0.0,0.0
2024-09-12 00:00:00-04:00,8.600000381469727,8.800000190734863,8.470000267028809,8.760000228881836,320700,0.0,0.0
2024-09-13 00:00:00-04:00,8.800000190734863,9.0,8.75,8.84000015258789,500700,0.0,0.0
2024-09-16 00:00:00-04:00,8.869999885559082,8.920000076293945,8.75,8.859999656677246,301800,0.0,0.0
2024-09-17 00:00:00-04:00,8.949999809265137,9.020000457763672,8.710000038146973,8.890000343322754,292200,0.0,0.0
2024-09-18 00:00:00-04:00,8.899999618530273,9.180000305175781,8.819999694824219,8.84000015258789,403500,0.0,0.0
2024-09-19 00:00:00-04:00,9.079999923706055,9.25,8.9399995803833,9.050000190734863,491500,0.0,0.0
2024-09-20 00:00:00-04:00,9.050000190734863,9.119999885559082,8.890000343322754,9.050000190734863,1030100,0.0,0.0
2024-09-23 00:00:00-04:00,9.050000190734863,9.050000190734863,8.699999809265137,8.729999542236328,468200,0.0,0.0
2024-09-24 00:00:00-04:00,8.800000190734863,8.850000381469727,8.5600004196167,8.600000381469727,342200,0.0,0.0
2024-09-25 00:00:00-04:00,8.579999923706055,8.770000457763672,8.489999771118164,8.640000343322754,635000,0.0,0.0
2024-09-26 00:00:00-04:00,8.800000190734863,8.899999618530273,8.699999809265137,8.829999923706055,406000,0.0,0.0
2024-09-27 00:00:00-04:00,8.899999618530273,9.050000190734863,8.84000015258789,8.949999809265137,447300,0.0,0.0
2024-09-30 00:00:00-04:00,8.899999618530273,9.09000015258789,8.8100004196167,8.970000267028809,313900,0.0,0.0
2024-10-01 00:00:00-04:00,8.979999542236328,8.979999542236328,8.600000381469727,8.65999984741211,311500,0.0,0.0
2024-10-02 00:00:00-04:00,8.600000381469727,8.710000038146973,8.510000228881836,8.510000228881836,234000,0.0,0.0
2024-10-03 00:00:00-04:00,8.4399995803833,8.600000381469727,8.359999656677246,8.579999923706055,375200,0.0,0.0
2024-10-04 00:00:00-04:00,8.760000228881836,9.069999694824219,8.75,8.979999542236328,461800,0.0,0.0
2024-10-07 00:00:00-04:00,8.930000305175781,8.989999771118164,8.510000228881836,8.630000114440918,430900,0.0,0.0
2024-10-08 00:00:00-04:00,8.630000114440918,8.729999542236328,8.510000228881836,8.569999694824219,352100,0.0,0.0
2024-10-09 00:00:00-04:00,8.609999656677246,8.760000228881836,8.550000190734863,8.6899995803833,381100,0.0,0.0
2024-10-10 00:00:00-04:00,8.539999961853027,8.640000343322754,8.460000038146973,8.539999961853027,262800,0.0,0.0
2024-10-11 00:00:00-04:00,8.529999732971191,8.6899995803833,8.529999732971191,8.529999732971191,261300,0.0,0.0
2024-10-14 00:00:00-04:00,8.65999984741211,8.708999633789062,8.470000267028809,8.640000343322754,389100,0.0,0.0
2024-10-15 00:00:00-04:00,8.609999656677246,9.045000076293945,8.609999656677246,8.949999809265137,334800,0.0,0.0
2024-10-16 00:00:00-04:00,9.0,9.020000457763672,8.829999923706055,8.899999618530273,274200,0.0,0.0
2024-10-17 00:00:00-04:00,8.890000343322754,8.970000267028809,8.720000267028809,8.9399995803833,381600,0.0,0.0
2024-10-18 00:00:00-04:00,8.960000038146973,9.130000114440918,8.930000305175781,9.020000457763672,295100,0.0,0.0
2024-10-21 00:00:00-04:00,8.979999542236328,9.0,8.829999923706055,8.949999809265137,372400,0.0,0.0
2024-10-22 00:00:00-04:00,8.930000305175781,9.069000244140625,8.869999885559082,9.029999732971191,344200,0.0,0.0
2024-10-23 00:00:00-04:00,8.979999542236328,9.050000190734863,8.890000343322754,9.0,450500,0.0,0.0
2024-10-24 00:00:00-04:00,9.0600004196167,9.149999618530273,8.994999885559082,9.029999732971191,216400,0.0,0.0
2024-10-25 00:00:00-04:00,9.109999656677246,9.300000190734863,9.0649995803833,9.109999656677246,282800,0.0,0.0
2024-10-28 00:00:00-04:00,9.239999771118164,9.260000228881836,8.960000038146973,9.010000228881836,543500,0.0,0.0
2024-10-29 00:00:00-04:00,8.949999809265137,9.28499984741211,8.949999809265137,9.239999771118164,188700,0.0,0.0
2024-10-30 00:00:00-04:00,9.239999771118164,9.489999771118164,9.199999809265137,9.210000038146973,434000,0.0,0.0
2024-10-31 00:00:00-04:00,9.210000038146973,9.239999771118164,8.979999542236328,8.989999771118164,360200,0.0,0.0
2024-11-01 00:00:00-04:00,9.0600004196167,9.3100004196167,8.960000038146973,9.300000190734863,483400,0.0,0.0
2024-11-04 00:00:00-05:00,9.289999961853027,9.449999809265137,9.220000267028809,9.279999732971191,326600,0.0,0.0
2024-11-05 00:00:00-05:00,9.220000267028809,9.444999694824219,9.220000267028809,9.420000076293945,254000,0.0,0.0
2024-11-06 00:00:00-05:00,9.710000038146973,10.050000190734863,9.59000015258789,9.970000267028809,678100,0.0,0.0
2024-11-07 00:00:00-05:00,9.979999542236328,10.520000457763672,9.927000045776367,10.489999771118164,827000,0.0,0.0
2024-11-08 00:00:00-05:00,11.0,11.0,9.619999885559082,9.890000343322754,1129300,0.0,0.0
2024-11-11 00:00:00-05:00,9.920000076293945,10.630000114440918,9.899999618530273,10.279999732971191,621600,0.0,0.0
2024-11-12 00:00:00-05:00,10.199999809265137,10.569999694824219,9.90999984741211,10.5,435200,0.0,0.0
2024-11-13 00:00:00-05:00,10.479999542236328,10.529999732971191,10.25,10.25,346900,0.0,0.0
2024-11-14 00:00:00-05:00,10.300000190734863,10.300000190734863,9.90999984741211,10.069999694824219,351700,0.0,0.0
2024-11-15 00:00:00-05:00,10.079999923706055,10.100000381469727,9.569999694824219,9.59000015258789,386200,0.0,0.0
2024-11-18 00:00:00-05:00,9.539999961853027,9.8100004196167,9.399999618530273,9.760000228881836,796400,0.0,0.0
2024-11-19 00:00:00-05:00,9.59000015258789,10.520000457763672,9.59000015258789,10.489999771118164,535300,0.0,0.0
2024-11-20 00:00:00-05:00,10.34000015258789,10.550000190734863,10.140000343322754,10.335000038146973,361100,0.0,0.0
2024-11-21 00:00:00-05:00,10.430000305175781,10.630000114440918,10.265000343322754,10.479999542236328,363400,0.0,0.0
2024-11-22 00:00:00-05:00,10.5,10.859999656677246,10.5,10.734999656677246,358200,0.0,0.0
2024-11-25 00:00:00-05:00,10.859999656677246,11.010000228881836,10.720000267028809,10.8100004196167,402200,0.0,0.0
2024-11-26 00:00:00-05:00,10.800000190734863,10.819999694824219,10.539999961853027,10.579999923706055,205500,0.0,0.0
2024-11-27 00:00:00-05:00,10.630000114440918,10.713000297546387,10.300000190734863,10.4399995803833,396400,0.0,0.0
2024-11-29 00:00:00-05:00,10.5,10.569999694824219,10.34000015258789,10.34000015258789,231100,0.0,0.0
2024-12-02 00:00:00-05:00,10.350000381469727,10.930000305175781,10.279999732971191,10.779999732971191,720400,0.0,0.0
2024-12-03 00:00:00-05:00,10.670000076293945,10.739999771118164,10.4399995803833,10.529999732971191,204600,0.0,0.0
2024-12-04 00:00:00-05:00,10.649999618530273,11.220000267028809,10.539999961853027,11.170000076293945,378500,0.0,0.0
2024-12-05 00:00:00-05:00,11.140000343322754,11.390000343322754,10.829999923706055,11.25,418700,0.0,0.0
2024-12-06 00:00:00-05:00,11.390000343322754,11.550000190734863,11.239999771118164,11.460000038146973,374700,0.0,0.0
2024-12-09 00:00:00-05:00,11.550000190734863,11.71500015258789,11.350000381469727,11.510000228881836,376300,0.0,0.0
2024-12-10 00:00:00-05:00,11.479999542236328,11.600000381469727,11.100000381469727,11.109999656677246,284100,0.0,0.0
2024-12-11 00:00:00-05:00,11.09000015258789,11.399999618530273,10.949999809265137,11.289999961853027,288300,0.0,0.0
2024-12-12 00:00:00-05:00,11.180000305175781,11.40999984741211,11.109999656677246,11.390000343322754,347100,0.0,0.0
2024-12-13 00:00:00-05:00,11.850000381469727,12.119999885559082,11.470000267028809,11.760000228881836,639300,0.0,0.0
2024-12-16 00:00:00-05:00,11.770000457763672,11.909000396728516,11.40999984741211,11.890000343322754,413800,0.0,0.0
2024-12-17 00:00:00-05:00,11.829999923706055,11.90999984741211,11.609999656677246,11.680000305175781,345500,0.0,0.0
2024-12-18 00:00:00-05:00,11.739999771118164,11.989999771118164,10.979999542236328,11.119999885559082,481000,0.0,0.0
2024-12-19 00:00:00-05:00,11.220000267028809,11.350000381469727,10.949999809265137,10.960000038146973,389600,0.0,0.0
2024-12-20 00:00:00-05:00,10.680000305175781,11.270000457763672,10.5600004196167,11.010000228881836,985000,0.0,0.0
2024-12-23 00:00:00-05:00,10.989999771118164,11.09000015258789,10.829999923706055,10.920000076293945,267100,0.0,0.0
2024-12-24 00:00:00-05:00,10.949999809265137,11.050000190734863,10.758000373840332,11.020000457763672,122800,0.0,0.0
2024-12-26 00:00:00-05:00,10.979999542236328,11.199000358581543,10.899999618530273,11.130000114440918,175800,0.0,0.0
2024-12-27 00:00:00-05:00,11.069999694824219,11.079999923706055,10.585000038146973,10.6899995803833,191100,0.0,0.0
2024-12-30 00:00:00-05:00,10.550000190734863,10.600000381469727,10.369999885559082,10.529999732971191,199000,0.0,0.0
2024-12-31 00:00:00-05:00,10.609999656677246,10.760000228881836,10.449999809265137,10.550000190734863,371700,0.0,0.0
2025-01-02 00:00:00-05:00,10.699999809265137,10.819999694824219,10.520000457763672,10.699999809265137,290100,0.0,0.0
2025-01-03 00:00:00-05:00,10.800000190734863,10.90999984741211,10.664999961853027,10.890000343322754,245900,0.0,0.0
2025-01-06 00:00:00-05:00,11.760000228881836,11.829999923706055,11.470000267028809,11.510000228881836,405100,0.0,0.0
2025-01-07 00:00:00-05:00,11.510000228881836,11.630000114440918,10.479999542236328,10.600000381469727,398800,0.0,0.0
2025-01-08 00:00:00-05:00,10.479999542236328,10.760000228881836,10.369999885559082,10.670000076293945,278300,0.0,0.0
2025-01-10 00:00:00-05:00,10.380000114440918,10.460000038146973,10.050000190734863,10.210000038146973,323800,0.0,0.0
2025-01-13 00:00:00-05:00,10.612000465393066,10.612000465393066,10.1899995803833,10.25,426400,0.0,0.0
2025-01-14 00:00:00-05:00,10.300000190734863,10.609999656677246,10.300000190734863,10.4399995803833,335000,0.0,0.0
2025-01-15 00:00:00-05:00,10.760000228881836,10.949999809265137,10.71399974822998,10.850000381469727,300200,0.0,0.0
2025-01-16 00:00:00-05:00,10.869999885559082,10.90999984741211,10.550000190734863,10.640000343322754,325100,0.0,0.0
2025-01-17 00:00:00-05:00,10.850000381469727,10.979999542236328,10.739999771118164,10.899999618530273,382500,0.0,0.0
2025-01-21 00:00:00-05:00,11.0,11.329999923706055,10.979999542236328,11.300000190734863,494900,0.0,0.0
2025-01-22 00:00:00-05:00,11.369999885559082,11.40999984741211,11.029999732971191,11.039999961853027,337300,0.0,0.0
2025-01-23 00:00:00-05:00,10.880000114440918,11.319999694824219,10.829999923706055,11.260000228881836,328700,0.0,0.0
2025-01-24 00:00:00-05:00,11.300000190734863,11.430000305175781,11.140000343322754,11.380000114440918,407700,0.0,0.0
2025-01-27 00:00:00-05:00,11.010000228881836,11.699999809265137,10.78499984741211,11.300000190734863,369700,0.0,0.0
2025-01-28 00:00:00-05:00,11.34000015258789,12.699999809265137,11.34000015258789,12.510000228881836,1029200,0.0,0.0
2025-01-29 00:00:00-05:00,12.399999618530273,12.399999618530273,11.59000015258789,11.970000267028809,573600,0.0,0.0
2025-01-30 00:00:00-05:00,11.819999694824219,12.039999961853027,11.781000137329102,11.899999618530273,433600,0.0,0.0
2025-01-31 00:00:00-05:00,12.020000457763672,12.34000015258789,11.960000038146973,12.180000305175781,590000,0.0,0.0
2025-02-03 00:00:00-05:00,11.789999961853027,12.390000343322754,11.706000328063965,12.25,561600,0.0,0.0
2025-02-04 00:00:00-05:00,12.34000015258789,12.65999984741211,12.25,12.609999656677246,440900,0.0,0.0
2025-02-05 00:00:00-05:00,12.130000114440918,12.329999923706055,11.770000457763672,12.300000190734863,857600,0.0,0.0
2025-02-06 00:00:00-05:00,12.260000228881836,12.5600004196167,11.930000305175781,12.390000343322754,639900,0.0,0.0
2025-02-07 00:00:00-05:00,12.399999618530273,12.5,12.020000457763672,12.220000267028809,434600,0.0,0.0
2025-02-10 00:00:00-05:00,12.430000305175781,12.649999618530273,12.359999656677246,12.539999961853027,411600,0.0,0.0
2025-02-11 00:00:00-05:00,12.420000076293945,12.630000114440918,12.26099967956543,12.449999809265137,381300,0.0,0.0
2025-02-12 00:00:00-05:00,12.229999542236328,12.470000267028809,12.109999656677246,12.350000381469727,466800,0.0,0.0
2025-02-13 00:00:00-05:00,12.479999542236328,12.479999542236328,11.96500015258789,12.460000038146973,454900,0.0,0.0
2025-02-14 00:00:00-05:00,12.460000038146973,12.479999542236328,11.8100004196167,12.039999961853027,689700,0.0,0.0
2025-02-18 00:00:00-05:00,12.204999923706055,12.204999923706055,11.8100004196167,12.109999656677246,703500,0.0,0.0
2025-02-19 00:00:00-05:00,12.100000381469727,12.1899995803833,11.729999542236328,11.850000381469727,1175300,0.0,0.0
2025-02-20 00:00:00-05:00,14.600000381469727,14.880000114440918,13.105999946594238,14.4399995803833,4087700,0.0,0.0
2025-02-21 00:00:00-05:00,14.045000076293945,14.045000076293945,12.970000267028809,13.420000076293945,3305400,0.0,0.0
2025-02-24 00:00:00-05:00,13.5600004196167,13.600000381469727,12.460000038146973,12.800000190734863,1949700,0.0,0.0
2025-02-25 00:00:00-05:00,12.65999984741211,12.994999885559082,12.350000381469727,12.819999694824219,933200,0.0,0.0
2025-02-26 00:00:00-05:00,12.760000228881836,13.25,12.725000381469727,12.779999732971191,891800,0.0,0.0
2025-02-27 00:00:00-05:00,12.850000381469727,13.020000457763672,12.140000343322754,12.220000267028809,801200,0.0,0.0
2025-02-28 00:00:00-05:00,12.220000267028809,12.640000343322754,12.119999885559082,12.59000015258789,996400,0.0,0.0
2025-03-03 00:00:00-05:00,12.9399995803833,12.949999809265137,12.149999618530273,12.270000457763672,897000,0.0,0.0
2025-03-04 00:00:00-05:00,12.0,12.670000076293945,11.789999961853027,12.510000228881836,855100,0.0,0.0
2025-03-05 00:00:00-05:00,12.40999984741211,12.859999656677246,12.390000343322754,12.760000228881836,814200,0.0,0.0
2025-03-06 00:00:00-05:00,12.470000267028809,12.960000038146973,11.930000305175781,12.1899995803833,1285700,0.0,0.0
2025-03-07 00:00:00-05:00,12.199999809265137,12.760000228881836,12.130000114440918,12.59000015258789,1357000,0.0,0.0
2025-03-10 00:00:00-04:00,12.25,12.33899974822998,11.729999542236328,12.0,1222000,0.0,0.0
2025-03-11 00:00:00-04:00,12.140000343322754,12.270000457763672,11.800000190734863,12.010000228881836,1039500,0.0,0.0
2025-03-12 00:00:00-04:00,12.329999923706055,12.359999656677246,11.960000038146973,12.109999656677246,710700,0.0,0.0
2025-03-13 00:00:00-04:00,12.0600004196167,12.135000228881836,11.25,11.399999618530273,1077500,0.0,0.0
2025-03-14 00:00:00-04:00,11.579999923706055,11.994999885559082,11.53499984741211,11.75,779400,0.0,0.0
2025-03-17 00:00:00-04:00,11.710000038146973,12.180000305175781,11.6899995803833,11.9399995803833,745300,0.0,0.0
2025-03-18 00:00:00-04:00,12.109999656677246,12.270000457763672,11.770000457763672,12.15999984741211,622700,0.0,0.0
2025-03-19 00:00:00-04:00,11.75,11.920000076293945,11.524999618530273,11.640000343322754,1401000,0.0,0.0
2025-03-20 00:00:00-04:00,11.4399995803833,12.0600004196167,11.319999694824219,11.789999961853027,1254600,0.0,0.0
2025-03-21 00:00:00-04:00,11.59000015258789,11.895000457763672,11.510000228881836,11.649999618530273,1303400,0.0,0.0
2025-03-24 00:00:00-04:00,11.989999771118164,11.989999771118164,11.630000114440918,11.800000190734863,2033100,0.0,0.0
2025-03-25 00:00:00-04:00,11.800000190734863,12.199999809265137,11.720000267028809,12.0,1049800,0.0,0.0
2025-03-26 00:00:00-04:00,12.0,12.039999961853027,11.454999923706055,11.510000228881836,559200,0.0,0.0
2025-03-27 00:00:00-04:00,11.40999984741211,11.479999542236328,10.899999618530273,10.920000076293945,701400,0.0,0.0
2025-03-28 00:00:00-04:00,10.869999885559082,10.9350004196167,10.364999771118164,10.550000190734863,1027200,0.0,0.0
2025-03-31 00:00:00-04:00,10.300000190734863,10.449999809265137,10.119999885559082,10.1899995803833,883600,0.0,0.0
2025-04-01 00:00:00-04:00,10.09000015258789,10.364999771118164,10.029999732971191,10.329999923706055,821900,0.0,0.0
2025-04-02 00:00:00-04:00,10.050000190734863,10.479999542236328,10.050000190734863,10.220000267028809,1150600,0.0,0.0
2025-04-03 00:00:00-04:00,9.579999923706055,9.6899995803833,8.970000267028809,9.050000190734863,1833800,0.0,0.0
2025-04-04 00:00:00-04:00,8.630000114440918,8.9399995803833,8.149999618530273,8.880000114440918,2538700,0.0,0.0
2025-04-07 00:00:00-04:00,8.5,9.619999885559082,8.319999694824219,8.9399995803833,1879100,0.0,0.0
2025-04-08 00:00:00-04:00,9.369999885559082,9.5,8.305000305175781,8.479999542236328,1080900,0.0,0.0
2025-04-09 00:00:00-04:00,8.420000076293945,9.920000076293945,8.329999923706055,9.600000381469727,2169000,0.0,0.0
2025-04-10 00:00:00-04:00,9.210000038146973,9.399999618530273,8.819999694824219,9.010000228881836,844700,0.0,0.0
2025-04-11 00:00:00-04:00,9.1899995803833,9.1899995803833,8.515000343322754,8.770000457763672,835300,0.0,0.0
2025-04-14 00:00:00-04:00,9.020000457763672,9.109999656677246,8.510000228881836,8.579999923706055,558300,0.0,0.0
2025-04-15 00:00:00-04:00,8.510000228881836,8.71500015258789,8.4350004196167,8.489999771118164,1068100,0.0,0.0
2025-04-16 00:00:00-04:00,8.3100004196167,8.46500015258789,8.154999732971191,8.300000190734863,1184100,0.0,0.0
2025-04-17 00:00:00-04:00,8.260000228881836,8.380000114440918,8.154999732971191,8.180000305175781,891300,0.0,0.0
2025-04-21 00:00:00-04:00,8.010000228881836,8.0600004196167,7.550000190734863,7.710000038146973,1246300,0.0,0.0
2025-04-22 00:00:00-04:00,7.829999923706055,8.069999694824219,7.650000095367432,7.940000057220459,1192900,0.0,0.0
2025-04-23 00:00:00-04:00,8.359999656677246,8.8100004196167,8.289999961853027,8.359999656677246,1140000,0.0,0.0
2025-04-24 00:00:00-04:00,8.40999984741211,8.904999732971191,8.385000228881836,8.869999885559082,820600,0.0,0.0
2025-04-25 00:00:00-04:00,8.760000228881836,9.15999984741211,8.704999923706055,9.130000114440918,796800,0.0,0.0
2025-04-28 00:00:00-04:00,9.239999771118164,9.395000457763672,9.010000228881836,9.149999618530273,795800,0.0,0.0
2025-04-29 00:00:00-04:00,9.119999885559082,9.399999618530273,9.09000015258789,9.260000228881836,624600,0.0,0.0
2025-04-30 00:00:00-04:00,9.020000457763672,9.229999542236328,8.8100004196167,9.1899995803833,786000,0.0,0.0
2025-05-01 00:00:00-04:00,9.350000381469727,9.539999961853027,9.170000076293945,9.380000114440918,812900,0.0,0.0
2025-05-02 00:00:00-04:00,9.520000457763672,9.619999885559082,9.399999618530273,9.4399995803833,640900,0.0,0.0
2025-05-05 00:00:00-04:00,9.25,9.640000343322754,9.25,9.420000076293945,855000,0.0,0.0
2025-05-06 00:00:00-04:00,9.199999809265137,9.515000343322754,9.09000015258789,9.369999885559082,873200,0.0,0.0
2025-05-07 00:00:00-04:00,9.470000267028809,9.685999870300293,9.244999885559082,9.420000076293945,1060300,0.0,0.0
2025-05-08 00:00:00-04:00,9.979999542236328,10.930000305175781,9.670000076293945,10.5,3562600,0.0,0.0
2025-05-09 00:00:00-04:00,10.5,10.789999961853027,10.460000038146973,10.640000343322754,1677000,0.0,0.0
2025-05-12 00:00:00-04:00,11.300000190734863,12.020000457763672,10.890000343322754,11.970000267028809,5009900,0.0,0.0
2025-05-13 00:00:00-04:00,11.40999984741211,11.869999885559082,10.649999618530273,11.800000190734863,3333100,0.0,0.0
2025-05-14 00:00:00-04:00,11.800000190734863,12.420000076293945,11.795000076293945,12.3100004196167,2613700,0.0,0.0
2025-05-15 00:00:00-04:00,12.104999542236328,12.3100004196167,11.96500015258789,12.140000343322754,1755100,0.0,0.0
2025-05-16 00:00:00-04:00,12.069999694824219,12.319999694824219,12.010000228881836,12.1899995803833,1954200,0.0,0.0
2025-05-19 00:00:00-04:00,11.824999809265137,11.970000267028809,11.579999923706055,11.765000343322754,1224200,0.0,0.0
2025-05-20 00:00:00-04:00,11.619999885559082,12.239999771118164,11.479999542236328,12.180000305175781,2102000,0.0,0.0
2025-05-21 00:00:00-04:00,12.0,12.164999961853027,11.845000267028809,11.979999542236328,1541300,0.0,0.0
2025-05-22 00:00:00-04:00,11.970000267028809,12.385000228881836,11.779999732971191,12.3100004196167,1517000,0.0,0.0
2025-05-23 00:00:00-04:00,11.989999771118164,12.225000381469727,11.970000267028809,12.039999961853027,920000,0.0,0.0
2025-05-27 00:00:00-04:00,12.289999961853027,12.6850004196167,12.119999885559082,12.640000343322754,1487300,0.0,0.0
2025-05-28 00:00:00-04:00,12.630000114440918,12.789999961853027,12.5,12.600000381469727,1740400,0.0,0.0
2025-05-29 00:00:00-04:00,12.760000228881836,12.760000228881836,12.279999732971191,12.390000343322754,1315500,0.0,0.0
2025-05-30 00:00:00-04:00,12.3100004196167,12.505000114440918,12.210000038146973,12.390000343322754,1203200,0.0,0.0
2025-06-02 00:00:00-04:00,12.390000343322754,12.449999809265137,11.930000305175781,12.1899995803833,1357700,0.0,0.0
2025-06-03 00:00:00-04:00,12.479999542236328,12.869999885559082,12.3100004196167,12.8100004196167,2414700,0.0,0.0
2025-06-04 00:00:00-04:00,12.729999542236328,12.979999542236328,12.630000114440918,12.899999618530273,1606200,0.0,0.0
2025-06-05 00:00:00-04:00,12.9399995803833,13.335000038146973,12.779999732971191,12.970000267028809,1224400,0.0,0.0
2025-06-06 00:00:00-04:00,13.149999618530273,13.149999618530273,12.6850004196167,12.739999771118164,910600,0.0,0.0
2025-06-09 00:00:00-04:00,12.789999961853027,12.84000015258789,12.649999618530273,12.6899995803833,876200,0.0,0.0
2025-06-10 00:00:00-04:00,12.6899995803833,12.812000274658203,12.5600004196167,12.649999618530273,1024000,0.0,0.0
2025-06-11 00:00:00-04:00,12.6899995803833,12.699999809265137,12.289999961853027,12.3100004196167,1834500,0.0,0.0
2025-06-12 00:00:00-04:00,12.199999809265137,12.319999694824219,12.0600004196167,12.1899995803833,1458000,0.0,0.0
2025-06-13 00:00:00-04:00,11.8100004196167,11.979999542236328,11.364999771118164,11.369999885559082,1009000,0.0,0.0
2025-06-16 00:00:00-04:00,11.779999732971191,12.135000228881836,11.5,12.130000114440918,1760500,0.0,0.0
2025-06-17 00:00:00-04:00,12.0,12.319999694824219,11.84000015258789,11.859999656677246,1264100,0.0,0.0
2025-06-18 00:00:00-04:00,11.819999694824219,12.0,11.619999885559082,11.729999542236328,1025000,0.0,0.0
2025-06-20 00:00:00-04:00,11.84000015258789,11.980999946594238,11.529999732971191,11.609999656677246,1481200,0.0,0.0
2025-06-23 00:00:00-04:00,11.520000457763672,11.819999694824219,11.319999694824219,11.8100004196167,892500,0.0,0.0
2025-06-24 00:00:00-04:00,12.09000015258789,12.289999961853027,11.84000015258789,12.1899995803833,1236900,0.0,0.0
2025-06-25 00:00:00-04:00,12.300000190734863,12.430000305175781,12.039999961853027,12.095000267028809,1208400,0.0,0.0
2025-06-26 00:00:00-04:00,12.149999618530273,12.430000305175781,11.779999732971191,12.369999885559082,1072600,0.0,0.0
2025-06-27 00:00:00-04:00,12.479999542236328,12.479999542236328,12.100000381469727,12.329999923706055,2296300,0.0,0.0
2025-06-30 00:00:00-04:00,12.449999809265137,12.710000038146973,12.34000015258789,12.399999618530273,991900,0.0,0.0
2025-07-01 00:00:00-04:00,12.329999923706055,12.5649995803833,11.869999885559082,12.4399995803833,1199300,0.0,0.0
2025-07-02 00:00:00-04:00,12.369999885559082,12.5,12.069999694824219,12.260000228881836,1224800,0.0,0.0
2025-07-03 00:00:00-04:00,12.449999809265137,12.859999656677246,12.404999732971191,12.720000267028809,1272500,0.0,0.0
2025-07-07 00:00:00-04:00,12.59000015258789,12.890000343322754,12.53499984741211,12.710000038146973,801000,0.0,0.0
2025-07-08 00:00:00-04:00,12.760000228881836,12.96500015258789,12.619999885559082,12.899999618530273,1157100,0.0,0.0
2025-07-09 00:00:00-04:00,13.0,13.329999923706055,12.869999885559082,13.289999961853027,1308600,0.0,0.0
2025-07-10 00:00:00-04:00,13.210000038146973,13.270000457763672,12.649999618530273,12.859999656677246,952600,0.0,0.0
2025-07-11 00:00:00-04:00,12.8100004196167,12.836000442504883,12.029999732971191,12.0600004196167,1472700,0.0,0.0
2025-07-14 00:00:00-04:00,11.970000267028809,12.489999771118164,11.949999809265137,12.449999809265137,1467400,0.0,0.0
2025-07-15 00:00:00-04:00,12.609999656677246,12.824999809265137,12.399999618530273,12.649999618530273,1092400,0.0,0.0
2025-07-16 00:00:00-04:00,12.829999923706055,12.84000015258789,12.404999732971191,12.5,1272000,0.0,0.0
2025-07-17 00:00:00-04:00,12.520000457763672,12.979999542236328,12.520000457763672,12.84000015258789,1355800,0.0,0.0
2025-07-18 00:00:00-04:00,12.979999542236328,13.085000038146973,12.569999694824219,12.59000015258789,1132800,0.0,0.0
2025-07-21 00:00:00-04:00,12.710000038146973,12.8149995803833,12.479999542236328,12.619999885559082,1198100,0.0,0.0
2025-07-22 00:00:00-04:00,12.579999923706055,12.6850004196167,12.390000343322754,12.609999656677246,1056600,0.0,0.0
2025-07-23 00:00:00-04:00,12.619999885559082,12.789999961853027,12.3100004196167,12.75,946500,0.0,0.0
2025-07-24 00:00:00-04:00,12.720000267028809,12.84000015258789,12.449999809265137,12.699999809265137,1088200,0.0,0.0
2025-07-25 00:00:00-04:00,12.720000267028809,12.960000038146973,12.668000221252441,12.720000267028809,775400,0.0,0.0
2025-07-28 00:00:00-04:00,12.770000457763672,13.164999961853027,12.729999542236328,13.039999961853027,704100,0.0,0.0
2025-07-29 00:00:00-04:00,13.180000305175781,13.239999771118164,12.609999656677246,12.779999732971191,859700,0.0,0.0
2025-07-30 00:00:00-04:00,12.84000015258789,12.979999542236328,12.550000190734863,12.720000267028809,924500,0.0,0.0
2025-07-31 00:00:00-04:00,12.859999656677246,12.90999984741211,12.1899995803833,12.229999542236328,947300,0.0,0.0
2025-08-01 00:00:00-04:00,11.930000305175781,11.930000305175781,11.369999885559082,11.550000190734863,1251900,0.0,0.0
2025-08-04 00:00:00-04:00,11.739999771118164,11.994999885559082,11.65999984741211,11.960000038146973,1071800,0.0,0.0
2025-08-05 00:00:00-04:00,12.079999923706055,12.375,11.8100004196167,12.229999542236328,2272100,0.0,0.0
2025-08-06 00:00:00-04:00,12.289999961853027,12.63599967956543,12.079999923706055,12.220000267028809,1766500,0.0,0.0
2025-08-07 00:00:00-04:00,13.8100004196167,14.489999771118164,11.920000076293945,12.600000381469727,4769100,0.0,0.0
2025-08-08 00:00:00-04:00,12.710000038146973,12.800000190734863,11.3149995803833,11.529999732971191,3469000,0.0,0.0
2025-08-11 00:00:00-04:00,11.59000015258789,11.59000015258789,11.149999618530273,11.199999809265137,1793000,0.0,0.0
2025-08-12 00:00:00-04:00,11.220000267028809,11.40999984741211,11.043000221252441,11.229999542236328,1627200,0.0,0.0
2025-08-13 00:00:00-04:00,11.380000114440918,11.670000076293945,11.119999885559082,11.640000343322754,2229800,0.0,0.0
2025-08-14 00:00:00-04:00,11.470000267028809,11.515000343322754,11.0,11.359999656677246,2667700,0.0,0.0
2025-08-15 00:00:00-04:00,11.449999809265137,11.630000114440918,11.369999885559082,11.470000267028809,1915000,0.0,0.0
2025-08-18 00:00:00-04:00,11.470000267028809,11.729999542236328,11.428999900817871,11.670000076293945,1478100,0.0,0.0
2025-08-19 00:00:00-04:00,11.6899995803833,11.6899995803833,11.104999542236328,11.149999618530273,1432700,0.0,0.0
2025-08-20 00:00:00-04:00,11.050000190734863,11.140000343322754,10.59000015258789,10.859999656677246,1714900,0.0,0.0
2025-08-21 00:00:00-04:00,10.760000228881836,10.979999542236328,10.729999542236328,10.930000305175781,1680700,0.0,0.0
2025-08-22 00:00:00-04:00,10.970000267028809,11.595000267028809,10.9399995803833,11.550000190734863,2258900,0.0,0.0
2025-08-25 00:00:00-04:00,11.520000457763672,11.550000190734863,11.104999542236328,11.140000343322754,1144800,0.0,0.0
2025-08-26 00:00:00-04:00,11.130000114440918,11.286999702453613,10.960000038146973,11.039999961853027,2202400,0.0,0.0
2025-08-27 00:00:00-04:00,11.100000381469727,11.5,11.100000381469727,11.449999809265137,1648300,0.0,0.0
2025-08-28 00:00:00-04:00,11.470000267028809,11.949999809265137,11.460000038146973,11.720000267028809,1441400,0.0,0.0
2025-08-29 00:00:00-04:00,11.699999809265137,11.84000015258789,11.380000114440918,11.430000305175781,1341600,0.0,0.0
2025-09-02 00:00:00-04:00,11.050000190734863,11.289999961853027,10.725000381469727,10.760000228881836,2786100,0.0,0.0
2025-09-03 00:00:00-04:00,10.779999732971191,11.1899995803833,10.75,11.15999984741211,2138900,0.0,0.0
2025-09-04 00:00:00-04:00,11.079999923706055,11.09000015258789,10.675000190734863,10.890000343322754,1303600,0.0,0.0
2025-09-05 00:00:00-04:00,11.119999885559082,11.470000267028809,11.029999732971191,11.430000305175781,1782000,0.0,0.0
2025-09-08 00:00:00-04:00,11.510000228881836,11.789999961853027,11.279999732971191,11.329999923706055,1954400,0.0,0.0
2025-09-09 00:00:00-04:00,11.505000114440918,11.529999732971191,11.039999961853027,11.399999618530273,2399200,0.0,0.0
2025-09-10 00:00:00-04:00,11.59000015258789,11.59000015258789,10.970000267028809,11.1899995803833,1402900,0.0,0.0
2025-09-11 00:00:00-04:00,11.1899995803833,11.40999984741211,11.130000114440918,11.34000015258789,1530300,0.0,0.0
2025-09-12 00:00:00-04:00,11.319999694824219,11.34000015258789,10.9399995803833,11.069999694824219,1190800,0.0,0.0
2025-09-15 00:00:00-04:00,11.199999809265137,11.3100004196167,10.835000038146973,10.869999885559082,2008900,0.0,0.0
2025-09-16 00:00:00-04:00,10.829999923706055,11.0649995803833,10.670000076293945,11.050000190734863,1741200,0.0,0.0
2025-09-17 00:00:00-04:00,11.0600004196167,11.710000038146973,11.039999961853027,11.449999809265137,2762100,0.0,0.0
2025-09-18 00:00:00-04:00,11.520000457763672,12.017000198364258,11.520000457763672,11.960000038146973,1378700,0.0,0.0
2025-09-19 00:00:00-04:00,12.079999923706055,12.15999984741211,11.850000381469727,12.069999694824219,2474500,0.0,0.0
2025-09-22 00:00:00-04:00,12.069999694824219,12.430000305175781,11.899999618530273,12.300000190734863,1091000,0.0,0.0
2025-09-23 00:00:00-04:00,12.300000190734863,12.319999694824219,11.720000267028809,11.739999771118164,997600,0.0,0.0
2025-09-24 00:00:00-04:00,11.829999923706055,11.949999809265137,11.645000457763672,11.739999771118164,690600,0.0,0.0
2025-09-25 00:00:00-04:00,11.515000343322754,11.6899995803833,11.40999984741211,11.59000015258789,728800,0.0,0.0
2025-09-26 00:00:00-04:00,11.59000015258789,11.729999542236328,11.369999885559082,11.380000114440918,1024100,0.0,0.0
2025-09-29 00:00:00-04:00,11.489999771118164,11.6899995803833,11.4350004196167,11.449999809265137,798200,0.0,0.0
2025-09-30 00:00:00-04:00,11.449999809265137,11.505000114440918,10.609999656677246,10.720000267028809,1274100,0.0,0.0
2025-10-01 00:00:00-04:00,10.649999618530273,10.914999961853027,9.979999542236328,10.029999732971191,2205300,0.0,0.0
2025-10-02 00:00:00-04:00,10.149999618530273,10.220000267028809,10.039999961853027,10.220000267028809,1355700,0.0,0.0
2025-10-03 00:00:00-04:00,10.220000267028809,10.399999618530273,10.119999885559082,10.140000343322754,916500,0.0,0.0
2025-10-06 00:00:00-04:00,10.25,10.520000457763672,9.920000076293945,10.270000457763672,1242300,0.0,0.0
2025-10-07 00:00:00-04:00,10.329999923706055,10.335000038146973,9.84000015258789,10.069999694824219,1440000,0.0,0.0
2025-10-08 00:00:00-04:00,10.140000343322754,10.369999885559082,10.0600004196167,10.300000190734863,685600,0.0,0.0
2025-10-09 00:00:00-04:00,10.258999824523926,10.46500015258789,10.100000381469727,10.359999656677246,794800,0.0,0.0
2025-10-10 00:00:00-04:00,10.430000305175781,10.430000305175781,9.890000343322754,9.9399995803833,1130400,0.0,0.0
2025-10-13 00:00:00-04:00,10.130000114440918,10.130000114440918,9.899999618530273,10.0600004196167,671400,0.0,0.0
2025-10-14 00:00:00-04:00,9.850000381469727,10.289999961853027,9.779999732971191,10.149999618530273,834800,0.0,0.0
2025-10-15 00:00:00-04:00,10.3100004196167,10.34000015258789,10.0,10.100000381469727,692700,0.0,0.0
2025-10-16 00:00:00-04:00,10.149999618530273,10.319999694824219,9.550000190734863,9.600000381469727,953900,0.0,0.0
2025-10-17 00:00:00-04:00,9.489999771118164,9.739999771118164,9.399999618530273,9.6899995803833,1361800,0.0,0.0
2025-10-20 00:00:00-04:00,9.75,10.020000457763672,9.729999542236328,9.90999984741211,707600,0.0,0.0
2025-10-21 00:00:00-04:00,9.899999618530273,10.300000190734863,9.729999542236328,10.130000114440918,779600,0.0,0.0
2025-10-22 00:00:00-04:00,10.100000381469727,10.100000381469727,9.739999771118164,9.859999656677246,843100,0.0,0.0
2025-10-23 00:00:00-04:00,9.859999656677246,10.050000190734863,9.789999961853027,9.979999542236328,871400,0.0,0.0
2025-10-24 00:00:00-04:00,10.1899995803833,10.279999732971191,10.020000457763672,10.140000343322754,1113800,0.0,0.0
2025-10-27 00:00:00-04:00,10.390000343322754,10.399999618530273,10.020000457763672,10.039999961853027,1024400,0.0,0.0
2025-10-28 00:00:00-04:00,10.0600004196167,10.335000038146973,10.010000228881836,10.020000457763672,1211200,0.0,0.0
2025-10-29 00:00:00-04:00,9.930000305175781,10.085000038146973,9.720000267028809,9.739999771118164,842000,0.0,0.0
2025-10-30 00:00:00-04:00,9.640000343322754,9.970000267028809,9.532999992370605,9.75,878100,0.0,0.0
2025-10-31 00:00:00-04:00,10.3100004196167,10.489999771118164,9.899999618530273,10.050000190734863,4493600,0.0,0.0
2025-11-03 00:00:00-05:00,10.079999923706055,10.079999923706055,9.65999984741211,9.930000305175781,4022600,0.0,0.0
2025-11-04 00:00:00-05:00,9.75,9.779999732971191,9.3100004196167,9.479999542236328,1462900,0.0,0.0
2025-11-05 00:00:00-05:00,9.569999694824219,9.704999923706055,9.404999732971191,9.640000343322754,1815900,0.0,0.0
2025-11-06 00:00:00-05:00,10.045000076293945,10.239999771118164,9.6899995803833,9.90999984741211,5313400,0.0,0.0
2025-11-07 00:00:00-05:00,9.65999984741211,10.069999694824219,9.635000228881836,10.010000228881836,1741100,0.0,0.0
2025-11-10 00:00:00-05:00,10.109999656677246,10.829999923706055,10.055000305175781,10.729999542236328,2072800,0.0,0.0
2025-11-11 00:00:00-05:00,10.630000114440918,11.329999923706055,10.550000190734863,11.180000305175781,2607000,0.0,0.0
2025-11-12 00:00:00-05:00,11.229999542236328,11.420000076293945,10.885000228881836,11.039999961853027,1879700,0.0,0.0
2025-11-13 00:00:00-05:00,11.119999885559082,11.529999732971191,10.8100004196167,10.829999923706055,1950000,0.0,0.0
2025-11-14 00:00:00-05:00,10.5600004196167,10.949999809265137,10.539999961853027,10.729999542236328,1028500,0.0,0.0
2025-11-17 00:00:00-05:00,10.6899995803833,10.6899995803833,9.9399995803833,9.960000038146973,1172400,0.0,0.0
2025-11-18 00:00:00-05:00,9.899999618530273,9.970000267028809,9.75,9.869999885559082,1475500,0.0,0.0
2025-11-19 00:00:00-05:00,9.869999885559082,9.927000045776367,9.369999885559082,9.819999694824219,1479100,0.0,0.0
2025-11-20 00:00:00-05:00,10.0,10.220000267028809,9.850000381469727,9.930000305175781,1819900,0.0,0.0
2025-11-21 00:00:00-05:00,9.880000114440918,10.149999618530273,9.670000076293945,10.039999961853027,1085600,0.0,0.0
2025-11-24 00:00:00-05:00,10.0600004196167,10.140000343322754,9.9399995803833,9.979999542236328,940300,0.0,0.0
2025-11-25 00:00:00-05:00,9.960000038146973,10.319999694824219,9.954999923706055,10.220000267028809,833200,0.0,0.0
2025-11-26 00:00:00-05:00,10.25,10.265000343322754,10.020000457763672,10.119999885559082,668400,0.0,0.0
2025-11-28 00:00:00-05:00,10.140000343322754,10.350000381469727,9.98799991607666,10.279999732971191,431500,0.0,0.0
2025-12-01 00:00:00-05:00,10.15999984741211,10.380000114440918,10.130000114440918,10.25,825100,0.0,0.0
2025-12-02 00:00:00-05:00,10.380000114440918,10.579999923706055,10.300000190734863,10.425000190734863,775500,0.0,0.0
2025-12-03 00:00:00-05:00,10.40999984741211,10.670000076293945,10.29800033569336,10.640000343322754,1044200,0.0,0.0
2025-12-04 00:00:00-05:00,10.670000076293945,11.095000267028809,10.640000343322754,10.989999771118164,1188600,0.0,0.0
2025-12-05 00:00:00-05:00,10.9399995803833,11.3100004196167,10.869999885559082,11.15999984741211,1214700,0.0,0.0
2025-12-08 00:00:00-05:00,11.15999984741211,11.375,11.09000015258789,11.140000343322754,894200,0.0,0.0
2025-12-09 00:00:00-05:00,11.029999732971191,11.454999923706055,11.029999732971191,11.34000015258789,726200,0.0,0.0
2025-12-10 00:00:00-05:00,11.289999961853027,11.65999984741211,11.289999961853027,11.470000267028809,1144300,0.0,0.0
2025-12-11 00:00:00-05:00,11.430000305175781,11.710000038146973,11.229999542236328,11.289999961853027,874000,0.0,0.0
2025-12-12 00:00:00-05:00,11.329999923706055,11.430000305175781,11.180000305175781,11.25,761600,0.0,0.0
2025-12-15 00:00:00-05:00,11.329999923706055,11.329999923706055,10.710000038146973,10.75,1100900,0.0,0.0
2025-12-16 00:00:00-05:00,10.710000038146973,11.045000076293945,10.680000305175781,11.020000457763672,1073600,0.0,0.0
2025-12-17 00:00:00-05:00,11.15999984741211,11.84000015258789,11.119999885559082,11.489999771118164,1641100,0.0,0.0
2025-12-18 00:00:00-05:00,11.670000076293945,11.979999542236328,11.529999732971191,11.890000343322754,1382600,0.0,0.0
2025-12-19 00:00:00-05:00,11.869999885559082,11.949999809265137,11.399999618530273,11.449999809265137,1619800,0.0,0.0
2025-12-22 00:00:00-05:00,11.449999809265137,11.9399995803833,11.449999809265137,11.859999656677246,1309200,0.0,0.0
2025-12-23 00:00:00-05:00,11.739999771118164,11.930000305175781,11.345000267028809,11.609999656677246,1644000,0.0,0.0
2025-12-24 00:00:00-05:00,11.579999923706055,12.050000190734863,11.579999923706055,11.9399995803833,1205200,0.0,0.0
2025-12-26 00:00:00-05:00,11.890000343322754,12.0,11.845000267028809,11.930000305175781,588200,0.0,0.0
2025-12-29 00:00:00-05:00,11.8100004196167,12.0,11.75,11.829999923706055,665100,0.0,0.0
2025-12-30 00:00:00-05:00,11.779999732971191,11.970000267028809,11.710000038146973,11.75,500200,0.0,0.0
2025-12-31 00:00:00-05:00,11.720000267028809,11.770000457763672,11.550000190734863,11.579999923706055,723100,0.0,0.0
2026-01-02 00:00:00-05:00,11.699999809265137,11.699999809265137,10.90999984741211,10.930000305175781,1034400,0.0,0.0
2026-01-05 00:00:00-05:00,10.949999809265137,11.180000305175781,10.880000114440918,10.989999771118164,1125000,0.0,0.0
2026-01-06 00:00:00-05:00,10.979999542236328,11.4399995803833,10.859999656677246,11.369999885559082,904500,0.0,0.0
2026-01-07 00:00:00-05:00,11.4399995803833,11.9399995803833,11.430000305175781,11.640000343322754,1239100,0.0,0.0
2026-01-08 00:00:00-05:00,11.539999961853027,11.640000343322754,11.015000343322754,11.130000114440918,1313500,0.0,0.0
2026-01-09 00:00:00-05:00,11.109999656677246,11.192999839782715,10.770000457763672,10.899999618530273,1375300,0.0,0.0
2026-01-12 00:00:00-05:00,10.880000114440918,10.989999771118164,10.65999984741211,10.880000114440918,860200,0.0,0.0
2026-01-13 00:00:00-05:00,10.920000076293945,10.920000076293945,10.1899995803833,10.5,1355400,0.0,0.0
2026-01-14 00:00:00-05:00,10.4399995803833,10.545000076293945,10.050000190734863,10.229999542236328,904400,0.0,0.0
2026-01-15 00:00:00-05:00,10.850000381469727,11.050000190734863,10.180000305175781,10.220000267028809,1818500,0.0,0.0
2026-01-16 00:00:00-05:00,10.260000228881836,10.260000228881836,9.930000305175781,9.949999809265137,1365600,0.0,0.0
2026-01-20 00:00:00-05:00,9.699999809265137,10.029999732971191,9.630000114440918,9.829999923706055,2137900,0.0,0.0
2026-01-21 00:00:00-05:00,9.829999923706055,9.883999824523926,9.539999961853027,9.8100004196167,1763000,0.0,0.0
2026-01-22 00:00:00-05:00,9.899999618530273,10.545000076293945,9.890000343322754,10.460000038146973,1188000,0.0,0.0
2026-01-23 00:00:00-05:00,10.460000038146973,10.710000038146973,10.164999961853027,10.25,1183700,0.0,0.0
2026-01-26 00:00:00-05:00,10.3100004196167,10.609999656677246,10.229999542236328,10.5,792000,0.0,0.0
2026-01-27 00:00:00-05:00,10.520000457763672,10.520000457763672,9.890000343322754,10.029999732971191,1481800,0.0,0.0
2026-01-28 00:00:00-05:00,10.15999984741211,10.270000457763672,9.864999771118164,9.899999618530273,1004700,0.0,0.0
2026-01-29 00:00:00-05:00,9.710000038146973,9.789999961853027,9.09000015258789,9.369999885559082,1415500,0.0,0.0
2026-01-30 00:00:00-05:00,9.319999694824219,9.460000038146973,9.140000343322754,9.170000076293945,1293300,0.0,0.0
2026-02-02 00:00:00-05:00,9.180000305175781,9.324999809265137,8.949999809265137,9.0600004196167,1171000,0.0,0.0
2026-02-03 00:00:00-05:00,8.949999809265137,8.949999809265137,7.894999980926514,8.220000267028809,2363900,0.0,0.0
2026-02-04 00:00:00-05:00,8.210000038146973,8.239999771118164,7.619999885559082,7.909999847412109,2322200,0.0,0.0
2026-02-05 00:00:00-05:00,7.820000171661377,8.029999732971191,7.255000114440918,7.309999942779541,1689700,0.0,0.0
2026-02-06 00:00:00-05:00,7.429999828338623,7.650000095367432,7.070000171661377,7.230000019073486,2758300,0.0,0.0
2026-02-09 00:00:00-05:00,7.239999771118164,7.40500020980835,7.050000190734863,7.25,3600400,0.0,0.0
2026-02-10 00:00:00-05:00,7.480000019073486,7.5,7.175000190734863,7.309999942779541,3238800,0.0,0.0
2026-02-11 00:00:00-05:00,7.289999961853027,7.355000019073486,6.573999881744385,6.710000038146973,3285000,0.0,0.0
2026-02-12 00:00:00-05:00,6.75,6.769999980926514,5.994999885559082,6.210000038146973,3668000,0.0,0.0
2026-02-13 00:00:00-05:00,6.260000228881836,6.53000020980835,6.199999809265137,6.340000152587891,3495000,0.0,0.0
