Date,Open,High,Low,Close,Volume,Dividends,Stock Splits
2022-01-03 00:00:00-05:00,82.4000015258789,83.69999694824219,81.23999786376953,82.11000061035156,354800,0.0,0.0
2022-01-04 00:00:00-05:00,82.16000366210938,84.4800033569336,78.3499984741211,79.5999984741211,317800,0.0,0.0
2022-01-05 00:00:00-05:00,78.27999877929688,78.66999816894531,70.47000122070312,70.55000305175781,361700,0.0,0.0
2022-01-06 00:00:00-05:00,70.44000244140625,72.95999908447266,67.44000244140625,70.95999908447266,332100,0.0,0.0
2022-01-07 00:00:00-05:00,69.9000015258789,71.04000091552734,67.33000183105469,67.98999786376953,281900,0.0,0.0
2022-01-10 00:00:00-05:00,66.30999755859375,67.0999984741211,64.01000213623047,65.98999786376953,358700,0.0,0.0
2022-01-11 00:00:00-05:00,65.79000091552734,66.45999908447266,64.0999984741211,66.0199966430664,269900,0.0,0.0
2022-01-12 00:00:00-05:00,66.63999938964844,67.87999725341797,64.86000061035156,65.18000030517578,301000,0.0,0.0
2022-01-13 00:00:00-05:00,65.18000030517578,65.3499984741211,60.72999954223633,61.0,485600,0.0,0.0
2022-01-14 00:00:00-05:00,59.70000076293945,61.04999923706055,56.09000015258789,57.130001068115234,424700,0.0,0.0
2022-01-18 00:00:00-05:00,54.869998931884766,55.83000183105469,52.58000183105469,52.689998626708984,574400,0.0,0.0
2022-01-19 00:00:00-05:00,52.81999969482422,53.630001068115234,50.77000045776367,51.83000183105469,571400,0.0,0.0
2022-01-20 00:00:00-05:00,54.900001525878906,57.220001220703125,50.540000915527344,51.099998474121094,791900,0.0,0.0
2022-01-21 00:00:00-05:00,50.22999954223633,52.79999923706055,48.65999984741211,48.68000030517578,526700,0.0,0.0
2022-01-24 00:00:00-05:00,47.130001068115234,51.0,44.130001068115234,50.52000045776367,897400,0.0,0.0
2022-01-25 00:00:00-05:00,49.09000015258789,49.7400016784668,47.349998474121094,48.959999084472656,384800,0.0,0.0
2022-01-26 00:00:00-05:00,50.29999923706055,51.709999084472656,47.150001525878906,48.220001220703125,465800,0.0,0.0
2022-01-27 00:00:00-05:00,48.40999984741211,49.38999938964844,43.650001525878906,44.150001525878906,672900,0.0,0.0
2022-01-28 00:00:00-05:00,44.56999969482422,46.150001525878906,42.529998779296875,46.11000061035156,868900,0.0,0.0
2022-01-31 00:00:00-05:00,46.099998474121094,50.619998931884766,46.099998474121094,50.61000061035156,340200,0.0,0.0
2022-02-01 00:00:00-05:00,51.099998474121094,51.95000076293945,48.2400016784668,50.0,401600,0.0,0.0
2022-02-02 00:00:00-05:00,51.7599983215332,51.9900016784668,48.959999084472656,49.279998779296875,618300,0.0,0.0
2022-02-03 00:00:00-05:00,48.06999969482422,50.09000015258789,47.5,47.63999938964844,315300,0.0,0.0
2022-02-04 00:00:00-05:00,47.369998931884766,48.279998779296875,46.18000030517578,47.029998779296875,387400,0.0,0.0
2022-02-07 00:00:00-05:00,46.540000915527344,49.459999084472656,46.5,48.560001373291016,347600,0.0,0.0
2022-02-08 00:00:00-05:00,48.0099983215332,51.11000061035156,47.59000015258789,50.5,401600,0.0,0.0
2022-02-09 00:00:00-05:00,51.900001525878906,55.150001525878906,51.5099983215332,54.16999816894531,441700,0.0,0.0
2022-02-10 00:00:00-05:00,52.040000915527344,56.34000015258789,52.040000915527344,53.72999954223633,412400,0.0,0.0
2022-02-11 00:00:00-05:00,53.45000076293945,54.970001220703125,51.54999923706055,52.279998779296875,338000,0.0,0.0
2022-02-14 00:00:00-05:00,51.869998931884766,53.7400016784668,51.22999954223633,52.459999084472656,295900,0.0,0.0
2022-02-15 00:00:00-05:00,53.54999923706055,56.54999923706055,53.54999923706055,56.06999969482422,243500,0.0,0.0
2022-02-16 00:00:00-05:00,55.11000061035156,56.650001525878906,54.099998474121094,55.779998779296875,273100,0.0,0.0
2022-02-17 00:00:00-05:00,54.88999938964844,55.61000061035156,53.88999938964844,54.59000015258789,278000,0.0,0.0
2022-02-18 00:00:00-05:00,54.59000015258789,55.59000015258789,53.40999984741211,53.59000015258789,403300,0.0,0.0
2022-02-22 00:00:00-05:00,52.40999984741211,54.560001373291016,51.91999816894531,52.70000076293945,319200,0.0,0.0
2022-02-23 00:00:00-05:00,53.66999816894531,54.189998626708984,51.81999969482422,51.88999938964844,346900,0.0,0.0
2022-02-24 00:00:00-05:00,50.0099983215332,58.79999923706055,50.0099983215332,58.56999969482422,374800,0.0,0.0
2022-02-25 00:00:00-05:00,58.29999923706055,59.34000015258789,56.040000915527344,58.41999816894531,413300,0.0,0.0
2022-02-28 00:00:00-05:00,60.04999923706055,65.37999725341797,60.04999923706055,64.25,693200,0.0,0.0
2022-03-01 00:00:00-05:00,64.5,65.83000183105469,59.560001373291016,64.2300033569336,680400,0.0,0.0
2022-03-02 00:00:00-05:00,64.94000244140625,65.81999969482422,63.04999923706055,64.77999877929688,372000,0.0,0.0
2022-03-03 00:00:00-05:00,64.87999725341797,65.2699966430664,61.560001373291016,62.380001068115234,299200,0.0,0.0
2022-03-04 00:00:00-05:00,62.400001525878906,63.90999984741211,60.31999969482422,63.189998626708984,341100,0.0,0.0
2022-03-07 00:00:00-05:00,64.0,70.5,63.150001525878906,70.0199966430664,760400,0.0,0.0
2022-03-08 00:00:00-05:00,70.75,77.0999984741211,70.70999908447266,76.70999908447266,804900,0.0,0.0
2022-03-09 00:00:00-05:00,74.83999633789062,79.18000030517578,71.12000274658203,76.86000061035156,583500,0.0,0.0
2022-03-10 00:00:00-05:00,74.27999877929688,79.83000183105469,73.75,77.68000030517578,739600,0.0,0.0
2022-03-11 00:00:00-05:00,78.37999725341797,79.87999725341797,74.56999969482422,75.41000366210938,316000,0.0,0.0
2022-03-14 00:00:00-04:00,74.19000244140625,74.2300033569336,66.55000305175781,68.66999816894531,484800,0.0,0.0
2022-03-15 00:00:00-04:00,68.19999694824219,70.4000015258789,66.62999725341797,70.38999938964844,249300,0.0,0.0
2022-03-16 00:00:00-04:00,71.37000274658203,73.8499984741211,70.20999908447266,73.5199966430664,335900,0.0,0.0
2022-03-17 00:00:00-04:00,73.26000213623047,76.83000183105469,73.26000213623047,75.94000244140625,407400,0.0,0.0
2022-03-18 00:00:00-04:00,75.58999633789062,78.56999969482422,73.30999755859375,76.58999633789062,556100,0.0,0.0
2022-03-21 00:00:00-04:00,75.97000122070312,76.75,74.08999633789062,75.80000305175781,345400,0.0,0.0
2022-03-22 00:00:00-04:00,74.77999877929688,78.18000030517578,74.43000030517578,75.80000305175781,416800,0.0,0.0
2022-03-23 00:00:00-04:00,74.79000091552734,78.29000091552734,73.54000091552734,76.91000366210938,290800,0.0,0.0
2022-03-24 00:00:00-04:00,79.4800033569336,86.7300033569336,79.25,83.41000366210938,948700,0.0,0.0
2022-03-25 00:00:00-04:00,83.30000305175781,83.9800033569336,82.08999633789062,82.97000122070312,380100,0.0,0.0
2022-03-28 00:00:00-04:00,83.05000305175781,84.88999938964844,79.52999877929688,83.36000061035156,344500,0.0,0.0
2022-03-29 00:00:00-04:00,84.6500015258789,85.55000305175781,82.54000091552734,83.41000366210938,391300,0.0,0.0
2022-03-30 00:00:00-04:00,83.66999816894531,84.13999938964844,81.30000305175781,81.63999938964844,334300,0.0,0.0
2022-03-31 00:00:00-04:00,81.43000030517578,82.0,79.30999755859375,79.5,607500,0.0,0.0
2022-04-01 00:00:00-04:00,79.72000122070312,80.9800033569336,78.45999908447266,80.0199966430664,266100,0.0,0.0
2022-04-04 00:00:00-04:00,80.27999877929688,81.87000274658203,78.91999816894531,81.12999725341797,322800,0.0,0.0
2022-04-05 00:00:00-04:00,81.75,82.0,78.12999725341797,79.3499984741211,362500,0.0,0.0
2022-04-06 00:00:00-04:00,77.55000305175781,78.4800033569336,75.68000030517578,76.62999725341797,293700,0.0,0.0
2022-04-07 00:00:00-04:00,77.02999877929688,80.0,73.66000366210938,75.63999938964844,466100,0.0,0.0
2022-04-08 00:00:00-04:00,75.37999725341797,75.37999725341797,69.11000061035156,69.27999877929688,671700,0.0,0.0
2022-04-11 00:00:00-04:00,63.4900016784668,63.4900016784668,59.34000015258789,60.900001525878906,1035700,0.0,0.0
2022-04-12 00:00:00-04:00,61.560001373291016,62.2599983215332,58.93000030517578,59.40999984741211,584800,0.0,0.0
2022-04-13 00:00:00-04:00,59.209999084472656,59.7599983215332,57.58000183105469,59.06999969482422,557000,0.0,0.0
2022-04-14 00:00:00-04:00,59.52000045776367,60.2599983215332,57.02000045776367,57.08000183105469,509000,0.0,0.0
2022-04-18 00:00:00-04:00,56.66999816894531,57.54999923706055,54.91999816894531,56.5,440000,0.0,0.0
2022-04-19 00:00:00-04:00,56.4900016784668,57.88999938964844,55.5,56.47999954223633,505200,0.0,0.0
2022-04-20 00:00:00-04:00,57.47999954223633,58.290000915527344,56.13999938964844,56.209999084472656,530200,0.0,0.0
2022-04-21 00:00:00-04:00,57.15999984741211,58.33000183105469,52.04999923706055,52.849998474121094,479200,0.0,0.0
2022-04-22 00:00:00-04:00,52.7599983215332,54.290000915527344,51.54999923706055,51.790000915527344,303500,0.0,0.0
2022-04-25 00:00:00-04:00,50.869998931884766,53.939998626708984,50.709999084472656,53.689998626708984,591600,0.0,0.0
2022-04-26 00:00:00-04:00,53.18000030517578,53.33000183105469,50.5099983215332,50.779998779296875,339800,0.0,0.0
2022-04-27 00:00:00-04:00,51.33000183105469,53.43000030517578,50.650001525878906,51.72999954223633,574400,0.0,0.0
2022-04-28 00:00:00-04:00,52.29999923706055,53.150001525878906,50.189998626708984,51.790000915527344,561400,0.0,0.0
2022-04-29 00:00:00-04:00,51.189998626708984,53.04999923706055,50.189998626708984,50.439998626708984,345000,0.0,0.0
2022-05-02 00:00:00-04:00,50.09000015258789,52.290000915527344,49.5,51.849998474121094,504200,0.0,0.0
2022-05-03 00:00:00-04:00,53.88999938964844,59.790000915527344,53.59000015258789,58.31999969482422,999400,0.0,0.0
2022-05-04 00:00:00-04:00,57.79999923706055,63.130001068115234,57.43000030517578,62.84000015258789,724200,0.0,0.0
2022-05-05 00:00:00-04:00,61.56999969482422,62.130001068115234,59.04999923706055,59.880001068115234,577300,0.0,0.0
2022-05-06 00:00:00-04:00,59.150001525878906,60.31999969482422,55.09000015258789,56.2400016784668,388400,0.0,0.0
2022-05-09 00:00:00-04:00,54.65999984741211,55.43000030517578,51.279998779296875,51.849998474121094,343600,0.0,0.0
2022-05-10 00:00:00-04:00,53.439998626708984,54.52000045776367,50.560001373291016,52.63999938964844,445600,0.0,0.0
2022-05-11 00:00:00-04:00,52.52000045776367,53.2599983215332,48.9900016784668,49.189998626708984,420700,0.0,0.0
2022-05-12 00:00:00-04:00,47.880001068115234,50.5,47.2599983215332,49.099998474121094,551600,0.0,0.0
2022-05-13 00:00:00-04:00,50.400001525878906,52.83000183105469,49.380001068115234,52.47999954223633,530900,0.0,0.0
2022-05-16 00:00:00-04:00,52.16999816894531,52.7400016784668,50.130001068115234,50.439998626708984,298300,0.0,0.0
2022-05-17 00:00:00-04:00,52.08000183105469,53.470001220703125,51.040000915527344,53.400001525878906,212200,0.0,0.0
2022-05-18 00:00:00-04:00,52.529998779296875,55.0099983215332,51.09000015258789,52.08000183105469,229500,0.0,0.0
2022-05-19 00:00:00-04:00,52.31999969482422,56.5099983215332,52.119998931884766,55.43000030517578,273300,0.0,0.0
2022-05-20 00:00:00-04:00,56.209999084472656,56.22999954223633,53.22999954223633,55.439998626708984,228200,0.0,0.0
2022-05-23 00:00:00-04:00,56.0099983215332,56.9900016784668,53.7599983215332,56.11000061035156,207700,0.0,0.0
2022-05-24 00:00:00-04:00,55.5,56.15999984741211,53.4900016784668,55.68000030517578,250900,0.0,0.0
2022-05-25 00:00:00-04:00,55.11000061035156,56.38999938964844,53.790000915527344,54.459999084472656,300600,0.0,0.0
2022-05-26 00:00:00-04:00,54.56999969482422,58.20000076293945,53.77000045776367,57.75,367600,0.0,0.0
2022-05-27 00:00:00-04:00,58.119998931884766,63.099998474121094,57.880001068115234,62.540000915527344,484700,0.0,0.0
2022-05-31 00:00:00-04:00,62.369998931884766,62.369998931884766,57.720001220703125,58.720001220703125,566200,0.0,0.0
2022-06-01 00:00:00-04:00,59.060001373291016,60.45000076293945,56.68000030517578,58.2599983215332,314700,0.0,0.0
2022-06-02 00:00:00-04:00,59.04999923706055,63.75,58.790000915527344,63.619998931884766,245600,0.0,0.0
2022-06-03 00:00:00-04:00,62.65999984741211,62.869998931884766,59.33000183105469,59.400001525878906,261000,0.0,0.0
2022-06-06 00:00:00-04:00,61.150001525878906,61.900001525878906,58.369998931884766,59.400001525878906,354100,0.0,0.0
2022-06-07 00:00:00-04:00,58.220001220703125,58.81999969482422,55.79999923706055,58.779998779296875,558100,0.0,0.0
2022-06-08 00:00:00-04:00,58.52000045776367,59.65999984741211,55.16999816894531,55.91999816894531,371200,0.0,0.0
2022-06-09 00:00:00-04:00,50.9900016784668,56.33000183105469,50.5,54.650001525878906,1126900,0.0,0.0
2022-06-10 00:00:00-04:00,53.38999938964844,56.029998779296875,51.79999923706055,52.060001373291016,380500,0.0,0.0
2022-06-13 00:00:00-04:00,49.59000015258789,50.119998931884766,45.72999954223633,45.869998931884766,562100,0.0,0.0
2022-06-14 00:00:00-04:00,45.630001068115234,46.2599983215332,44.4900016784668,45.959999084472656,564500,0.0,0.0
2022-06-15 00:00:00-04:00,46.869998931884766,48.810001373291016,45.61000061035156,47.880001068115234,645900,0.0,0.0
2022-06-16 00:00:00-04:00,46.0,47.040000915527344,44.20000076293945,44.63999938964844,416500,0.0,0.0
2022-06-17 00:00:00-04:00,45.290000915527344,46.779998779296875,44.900001525878906,45.119998931884766,732000,0.0,0.0
2022-06-21 00:00:00-04:00,46.16999816894531,47.099998474121094,45.29999923706055,45.630001068115234,270100,0.0,0.0
2022-06-22 00:00:00-04:00,44.459999084472656,45.61000061035156,44.150001525878906,45.34000015258789,388500,0.0,0.0
2022-06-23 00:00:00-04:00,46.11000061035156,48.130001068115234,44.83000183105469,47.959999084472656,328600,0.0,0.0
2022-06-24 00:00:00-04:00,48.599998474121094,49.5099983215332,47.040000915527344,47.2400016784668,456900,0.0,0.0
2022-06-27 00:00:00-04:00,47.7599983215332,48.34000015258789,46.470001220703125,47.86000061035156,518200,0.0,0.0
2022-06-28 00:00:00-04:00,48.099998474121094,48.88999938964844,45.439998626708984,45.470001220703125,297700,0.0,0.0
2022-06-29 00:00:00-04:00,45.220001220703125,45.220001220703125,42.400001525878906,43.09000015258789,728300,0.0,0.0
2022-06-30 00:00:00-04:00,42.40999984741211,45.63999938964844,42.0,45.560001373291016,768700,0.0,0.0
2022-07-01 00:00:00-04:00,45.779998779296875,46.15999984741211,44.95000076293945,45.869998931884766,409300,0.0,0.0
2022-07-05 00:00:00-04:00,44.70000076293945,44.70000076293945,41.779998779296875,42.619998931884766,518700,0.0,0.0
2022-07-06 00:00:00-04:00,42.43000030517578,43.38999938964844,40.72999954223633,41.400001525878906,673500,0.0,0.0
2022-07-07 00:00:00-04:00,41.869998931884766,44.7599983215332,41.869998931884766,44.529998779296875,438900,0.0,0.0
2022-07-08 00:00:00-04:00,44.2400016784668,47.38999938964844,43.63999938964844,47.31999969482422,339400,0.0,0.0
2022-07-11 00:00:00-04:00,47.09000015258789,47.09000015258789,44.34000015258789,44.38999938964844,206800,0.0,0.0
2022-07-12 00:00:00-04:00,44.41999816894531,45.349998474121094,43.400001525878906,44.470001220703125,171200,0.0,0.0
2022-07-13 00:00:00-04:00,44.36000061035156,46.720001220703125,42.93000030517578,45.56999969482422,245600,0.0,0.0
2022-07-14 00:00:00-04:00,44.06999969482422,45.0,42.5099983215332,43.65999984741211,224900,0.0,0.0
2022-07-15 00:00:00-04:00,43.43000030517578,44.220001220703125,41.34000015258789,43.720001220703125,476600,0.0,0.0
2022-07-18 00:00:00-04:00,44.93000030517578,46.380001068115234,44.25,44.439998626708984,290800,0.0,0.0
2022-07-19 00:00:00-04:00,44.95000076293945,46.38999938964844,44.5099983215332,46.06999969482422,213400,0.0,0.0
2022-07-20 00:00:00-04:00,46.06999969482422,47.95000076293945,46.0,47.029998779296875,190400,0.0,0.0
2022-07-21 00:00:00-04:00,46.5,47.709999084472656,45.279998779296875,47.29999923706055,197700,0.0,0.0
2022-07-22 00:00:00-04:00,47.880001068115234,48.0099983215332,44.72999954223633,45.38999938964844,200700,0.0,0.0
2022-07-25 00:00:00-04:00,45.970001220703125,46.63999938964844,45.02000045776367,46.5,227600,0.0,0.0
2022-07-26 00:00:00-04:00,45.81999969482422,47.0099983215332,44.630001068115234,45.43000030517578,277100,0.0,0.0
2022-07-27 00:00:00-04:00,46.47999954223633,49.7599983215332,46.25,49.36000061035156,323200,0.0,0.0
2022-07-28 00:00:00-04:00,53.79999923706055,56.63999938964844,52.7400016784668,54.650001525878906,548700,0.0,0.0
2022-07-29 00:00:00-04:00,54.65999984741211,57.459999084472656,53.83000183105469,57.220001220703125,639200,0.0,0.0
2022-08-01 00:00:00-04:00,56.650001525878906,58.439998626708984,55.630001068115234,57.810001373291016,412500,0.0,0.0
2022-08-02 00:00:00-04:00,59.2599983215332,65.3499984741211,59.099998474121094,64.0,803200,0.0,0.0
2022-08-03 00:00:00-04:00,64.83000183105469,64.95999908447266,60.56999969482422,63.970001220703125,506000,0.0,0.0
2022-08-04 00:00:00-04:00,63.66999816894531,68.55999755859375,63.43000030517578,66.91000366210938,405400,0.0,0.0
2022-08-05 00:00:00-04:00,66.54000091552734,67.1500015258789,64.5199966430664,65.94000244140625,396800,0.0,0.0
2022-08-08 00:00:00-04:00,67.06999969482422,71.2699966430664,67.06999969482422,69.7300033569336,661400,0.0,0.0
2022-08-09 00:00:00-04:00,68.72000122070312,70.4000015258789,66.51000213623047,67.9000015258789,521000,0.0,0.0
2022-08-10 00:00:00-04:00,70.68000030517578,71.62000274658203,68.48999786376953,70.6500015258789,370500,0.0,0.0
2022-08-11 00:00:00-04:00,72.2699966430664,72.36000061035156,69.33999633789062,69.72000122070312,230300,0.0,0.0
2022-08-12 00:00:00-04:00,69.88999938964844,70.37999725341797,68.4800033569336,70.0199966430664,223000,0.0,0.0
2022-08-15 00:00:00-04:00,68.80999755859375,70.91000366210938,67.55000305175781,70.20999908447266,279000,0.0,0.0
2022-08-16 00:00:00-04:00,70.01000213623047,70.12999725341797,68.37999725341797,68.72000122070312,235700,0.0,0.0
2022-08-17 00:00:00-04:00,67.63999938964844,68.12999725341797,65.83000183105469,67.05000305175781,226500,0.0,0.0
2022-08-18 00:00:00-04:00,68.0,71.83999633789062,68.0,70.91000366210938,346000,0.0,0.0
2022-08-19 00:00:00-04:00,69.01000213623047,69.06999969482422,65.01000213623047,65.7300033569336,188000,0.0,0.0
2022-08-22 00:00:00-04:00,63.70000076293945,64.63999938964844,62.630001068115234,63.63999938964844,323900,0.0,0.0
2022-08-23 00:00:00-04:00,63.900001525878906,64.73999786376953,62.09000015258789,63.22999954223633,234900,0.0,0.0
2022-08-24 00:00:00-04:00,63.5099983215332,66.0999984741211,62.84000015258789,65.37999725341797,187900,0.0,0.0
2022-08-25 00:00:00-04:00,66.62000274658203,68.30999755859375,65.58000183105469,68.30999755859375,231100,0.0,0.0
2022-08-26 00:00:00-04:00,68.44000244140625,69.43000030517578,66.06999969482422,66.91000366210938,450500,0.0,0.0
2022-08-29 00:00:00-04:00,65.9000015258789,68.5199966430664,65.11000061035156,67.25,345300,0.0,0.0
2022-08-30 00:00:00-04:00,68.0,68.41999816894531,65.4800033569336,67.11000061035156,348300,0.0,0.0
2022-08-31 00:00:00-04:00,67.25,69.4000015258789,66.75,68.8499984741211,212500,0.0,0.0
2022-09-01 00:00:00-04:00,67.58000183105469,68.31999969482422,64.01000213623047,66.08000183105469,338000,0.0,0.0
2022-09-02 00:00:00-04:00,67.41000366210938,67.63999938964844,64.4000015258789,64.4800033569336,164300,0.0,0.0
2022-09-06 00:00:00-04:00,64.80999755859375,67.29000091552734,63.779998779296875,66.73999786376953,185600,0.0,0.0
2022-09-07 00:00:00-04:00,66.5,72.31999969482422,65.86000061035156,72.16000366210938,386000,0.0,0.0
2022-09-08 00:00:00-04:00,71.37999725341797,74.66999816894531,71.05000305175781,74.5,375500,0.0,0.0
2022-09-09 00:00:00-04:00,75.11000061035156,76.26000213623047,74.33999633789062,74.73999786376953,326600,0.0,0.0
2022-09-12 00:00:00-04:00,74.4800033569336,74.9800033569336,69.47000122070312,73.06999969482422,379200,0.0,0.0
2022-09-13 00:00:00-04:00,69.29000091552734,73.37999725341797,69.01000213623047,72.33000183105469,242200,0.0,0.0
2022-09-14 00:00:00-04:00,71.94000244140625,76.5,71.62999725341797,76.33999633789062,353900,0.0,0.0
2022-09-15 00:00:00-04:00,75.2300033569336,76.54000091552734,73.2699966430664,73.69999694824219,416900,0.0,0.0
2022-09-16 00:00:00-04:00,72.05999755859375,73.66000366210938,71.29000091552734,73.16999816894531,357900,0.0,0.0
2022-09-19 00:00:00-04:00,71.0999984741211,73.5999984741211,70.88999938964844,72.12999725341797,238200,0.0,0.0
2022-09-20 00:00:00-04:00,71.31999969482422,71.31999969482422,68.4000015258789,68.4800033569336,326300,0.0,0.0
2022-09-21 00:00:00-04:00,68.94000244140625,71.69999694824219,67.5999984741211,69.1500015258789,169200,0.0,0.0
2022-09-22 00:00:00-04:00,69.08999633789062,69.08999633789062,65.66000366210938,66.4800033569336,206200,0.0,0.0
2022-09-23 00:00:00-04:00,64.29000091552734,65.11000061035156,62.369998931884766,65.0199966430664,297400,0.0,0.0
2022-09-26 00:00:00-04:00,66.98999786376953,70.70999908447266,66.75,68.22000122070312,696100,0.0,0.0
2022-09-27 00:00:00-04:00,68.94000244140625,69.55000305175781,65.06999969482422,66.23999786376953,407100,0.0,0.0
2022-09-28 00:00:00-04:00,66.91000366210938,71.1500015258789,66.13999938964844,69.88999938964844,311000,0.0,0.0
2022-09-29 00:00:00-04:00,68.69999694824219,68.69999694824219,62.029998779296875,63.810001373291016,382900,0.0,0.0
2022-09-30 00:00:00-04:00,63.959999084472656,68.66999816894531,63.310001373291016,66.4800033569336,274200,0.0,0.0
2022-10-03 00:00:00-04:00,67.98999786376953,70.3499984741211,65.0,69.30999755859375,356100,0.0,0.0
2022-10-04 00:00:00-04:00,71.38999938964844,72.81999969482422,70.06999969482422,71.80999755859375,229800,0.0,0.0
2022-10-05 00:00:00-04:00,70.5999984741211,70.69000244140625,67.30999755859375,69.2300033569336,210100,0.0,0.0
2022-10-06 00:00:00-04:00,68.91999816894531,70.80000305175781,65.55000305175781,65.80000305175781,310400,0.0,0.0
2022-10-07 00:00:00-04:00,65.0,65.44999694824219,61.310001373291016,61.709999084472656,562900,0.0,0.0
2022-10-10 00:00:00-04:00,61.130001068115234,63.290000915527344,60.810001373291016,62.349998474121094,266800,0.0,0.0
2022-10-11 00:00:00-04:00,61.33000183105469,63.5,59.47999954223633,62.5,493400,0.0,0.0
2022-10-12 00:00:00-04:00,63.029998779296875,63.029998779296875,59.20000076293945,62.2400016784668,431400,0.0,0.0
2022-10-13 00:00:00-04:00,60.45000076293945,64.44999694824219,59.689998626708984,63.29999923706055,505500,0.0,0.0
2022-10-14 00:00:00-04:00,63.4900016784668,64.68000030517578,61.45000076293945,61.459999084472656,377800,0.0,0.0
2022-10-17 00:00:00-04:00,63.52000045776367,66.68000030517578,63.5,64.73999786376953,395900,0.0,0.0
2022-10-18 00:00:00-04:00,67.66000366210938,68.86000061035156,62.63999938964844,62.7400016784668,418300,0.0,0.0
2022-10-19 00:00:00-04:00,61.54999923706055,61.63999938964844,59.20000076293945,60.52000045776367,367900,0.0,0.0
2022-10-20 00:00:00-04:00,60.369998931884766,60.369998931884766,55.220001220703125,55.27000045776367,362500,0.0,0.0
2022-10-21 00:00:00-04:00,55.0,56.72999954223633,53.709999084472656,55.9900016784668,342600,0.0,0.0
2022-10-24 00:00:00-04:00,56.22999954223633,57.970001220703125,54.560001373291016,57.15999984741211,276700,0.0,0.0
2022-10-25 00:00:00-04:00,57.470001220703125,62.09000015258789,56.79999923706055,61.72999954223633,311400,0.0,0.0
2022-10-26 00:00:00-04:00,61.68000030517578,63.06999969482422,60.63999938964844,61.0099983215332,655900,0.0,0.0
2022-10-27 00:00:00-04:00,61.58000183105469,61.790000915527344,59.75,60.060001373291016,461500,0.0,0.0
2022-10-28 00:00:00-04:00,60.5,60.66999816894531,56.83000183105469,59.150001525878906,337300,0.0,0.0
2022-10-31 00:00:00-04:00,58.90999984741211,61.16999816894531,57.9900016784668,60.47999954223633,372400,0.0,0.0
2022-11-01 00:00:00-04:00,62.150001525878906,62.18000030517578,59.61000061035156,60.08000183105469,336800,0.0,0.0
2022-11-02 00:00:00-04:00,60.0099983215332,61.0,51.56999969482422,52.0,738500,0.0,0.0
2022-11-03 00:00:00-04:00,52.310001373291016,55.290000915527344,51.720001220703125,52.099998474121094,624500,0.0,0.0
2022-11-04 00:00:00-04:00,53.040000915527344,53.86000061035156,50.61000061035156,52.939998626708984,381200,0.0,0.0
2022-11-07 00:00:00-05:00,53.75,54.689998626708984,51.400001525878906,53.0,305700,0.0,0.0
2022-11-08 00:00:00-05:00,53.79999923706055,56.15999984741211,52.959999084472656,55.720001220703125,287800,0.0,0.0
2022-11-09 00:00:00-05:00,54.900001525878906,56.36000061035156,54.380001068115234,55.040000915527344,305400,0.0,0.0
2022-11-10 00:00:00-05:00,59.369998931884766,62.58000183105469,58.2599983215332,61.939998626708984,486300,0.0,0.0
2022-11-11 00:00:00-05:00,61.959999084472656,65.12000274658203,60.66999816894531,61.15999984741211,276000,0.0,0.0
2022-11-14 00:00:00-05:00,60.209999084472656,61.88999938964844,59.470001220703125,59.849998474121094,450900,0.0,0.0
2022-11-15 00:00:00-05:00,62.38999938964844,64.87999725341797,60.66999816894531,63.61000061035156,324700,0.0,0.0
2022-11-16 00:00:00-05:00,62.70000076293945,64.41999816894531,62.31999969482422,62.689998626708984,213400,0.0,0.0
2022-11-17 00:00:00-05:00,60.900001525878906,62.720001220703125,60.36000061035156,62.68000030517578,325600,0.0,0.0
2022-11-18 00:00:00-05:00,64.62000274658203,65.72000122070312,63.06999969482422,64.55999755859375,331100,0.0,0.0
2022-11-21 00:00:00-05:00,64.16999816894531,64.7300033569336,62.38999938964844,62.97999954223633,186900,0.0,0.0
2022-11-22 00:00:00-05:00,63.150001525878906,63.77000045776367,62.27000045776367,63.45000076293945,230500,0.0,0.0
2022-11-23 00:00:00-05:00,62.810001373291016,64.0,62.61000061035156,63.630001068115234,164500,0.0,0.0
2022-11-25 00:00:00-05:00,63.56999969482422,65.66999816894531,63.33000183105469,64.88999938964844,64600,0.0,0.0
2022-11-28 00:00:00-05:00,64.0999984741211,64.61000061035156,61.0099983215332,61.65999984741211,247300,0.0,0.0
2022-11-29 00:00:00-05:00,61.61000061035156,62.7400016784668,60.970001220703125,62.0099983215332,141600,0.0,0.0
2022-11-30 00:00:00-05:00,62.720001220703125,65.52999877929688,62.25,65.5199966430664,228800,0.0,0.0
2022-12-01 00:00:00-05:00,65.56999969482422,66.31999969482422,63.22999954223633,65.38999938964844,227300,0.0,0.0
2022-12-02 00:00:00-05:00,64.41999816894531,68.75,64.18000030517578,67.63999938964844,196800,0.0,0.0
2022-12-05 00:00:00-05:00,67.16000366210938,68.38999938964844,66.18000030517578,66.87999725341797,228800,0.0,0.0
2022-12-06 00:00:00-05:00,66.8499984741211,67.0,61.41999816894531,61.90999984741211,199000,0.0,0.0
2022-12-07 00:00:00-05:00,61.58000183105469,62.79999923706055,61.02000045776367,62.68000030517578,217200,0.0,0.0
2022-12-08 00:00:00-05:00,63.060001373291016,63.68000030517578,61.34000015258789,63.0,332100,0.0,0.0
2022-12-09 00:00:00-05:00,62.369998931884766,63.099998474121094,60.65999984741211,61.060001373291016,245600,0.0,0.0
2022-12-12 00:00:00-05:00,61.130001068115234,62.11000061035156,59.52000045776367,59.70000076293945,263700,0.0,0.0
2022-12-13 00:00:00-05:00,62.650001525878906,64.66999816894531,61.939998626708984,63.63999938964844,213100,0.0,0.0
2022-12-14 00:00:00-05:00,63.189998626708984,65.41999816894531,63.189998626708984,64.02999877929688,198400,0.0,0.0
2022-12-15 00:00:00-05:00,62.81999969482422,63.77000045776367,61.34000015258789,61.81999969482422,147200,0.0,0.0
2022-12-16 00:00:00-05:00,61.5099983215332,62.16999816894531,58.720001220703125,60.34000015258789,465700,0.0,0.0
2022-12-19 00:00:00-05:00,60.279998779296875,60.279998779296875,56.2599983215332,56.70000076293945,239700,0.0,0.0
2022-12-20 00:00:00-05:00,56.369998931884766,58.560001373291016,56.02000045776367,56.310001373291016,240100,0.0,0.0
2022-12-21 00:00:00-05:00,56.630001068115234,59.9900016784668,55.689998626708984,59.630001068115234,301700,0.0,0.0
2022-12-22 00:00:00-05:00,58.45000076293945,58.5,54.599998474121094,55.130001068115234,172600,0.0,0.0
2022-12-23 00:00:00-05:00,55.16999816894531,56.349998474121094,54.13999938964844,56.33000183105469,186100,0.0,0.0
2022-12-27 00:00:00-05:00,56.08000183105469,57.40999984741211,54.4900016784668,56.529998779296875,192500,0.0,0.0
2022-12-28 00:00:00-05:00,56.7400016784668,56.90999984741211,54.970001220703125,55.2400016784668,122800,0.0,0.0
2022-12-29 00:00:00-05:00,56.189998626708984,57.869998931884766,55.81999969482422,57.65999984741211,121000,0.0,0.0
2022-12-30 00:00:00-05:00,57.0,57.59000015258789,56.2599983215332,57.13999938964844,147900,0.0,0.0
2023-01-03 00:00:00-05:00,57.54999923706055,57.61000061035156,54.709999084472656,55.619998931884766,270300,0.0,0.0
2023-01-04 00:00:00-05:00,56.52000045776367,58.47999954223633,55.93000030517578,57.619998931884766,269200,0.0,0.0
2023-01-05 00:00:00-05:00,57.22999954223633,57.22999954223633,52.84000015258789,52.95000076293945,230600,0.0,0.0
2023-01-06 00:00:00-05:00,53.68000030517578,55.310001373291016,52.36000061035156,55.27000045776367,433700,0.0,0.0
2023-01-09 00:00:00-05:00,56.27000045776367,58.38999938964844,56.09000015258789,56.560001373291016,281200,0.0,0.0
2023-01-10 00:00:00-05:00,56.43000030517578,57.59000015258789,55.95000076293945,57.439998626708984,252900,0.0,0.0
2023-01-11 00:00:00-05:00,58.29999923706055,60.650001525878906,58.29999923706055,59.029998779296875,183300,0.0,0.0
2023-01-12 00:00:00-05:00,59.40999984741211,60.45000076293945,58.40999984741211,60.06999969482422,253800,0.0,0.0
2023-01-13 00:00:00-05:00,59.369998931884766,60.279998779296875,57.79999923706055,59.70000076293945,292100,0.0,0.0
2023-01-17 00:00:00-05:00,60.0099983215332,62.439998626708984,59.61000061035156,60.900001525878906,190200,0.0,0.0
2023-01-18 00:00:00-05:00,61.58000183105469,62.959999084472656,60.06999969482422,61.20000076293945,164600,0.0,0.0
2023-01-19 00:00:00-05:00,60.099998474121094,60.83000183105469,58.560001373291016,59.52000045776367,226500,0.0,0.0
2023-01-20 00:00:00-05:00,60.2400016784668,61.75,59.5099983215332,61.75,157800,0.0,0.0
2023-01-23 00:00:00-05:00,62.09000015258789,65.26000213623047,61.099998474121094,64.26000213623047,237500,0.0,0.0
2023-01-24 00:00:00-05:00,62.40999984741211,65.16000366210938,62.38999938964844,64.13999938964844,195900,0.0,0.0
2023-01-25 00:00:00-05:00,62.7599983215332,63.16999816894531,60.880001068115234,63.06999969482422,166300,0.0,0.0
2023-01-26 00:00:00-05:00,64.19000244140625,64.19000244140625,61.31999969482422,62.91999816894531,255100,0.0,0.0
2023-01-27 00:00:00-05:00,62.68000030517578,65.16000366210938,62.68000030517578,64.58000183105469,145100,0.0,0.0
2023-01-30 00:00:00-05:00,63.45000076293945,65.33999633789062,62.58000183105469,62.61000061035156,173200,0.0,0.0
2023-01-31 00:00:00-05:00,62.619998931884766,64.48999786376953,62.619998931884766,64.47000122070312,346700,0.0,0.0
2023-02-01 00:00:00-05:00,64.3499984741211,65.86000061035156,62.810001373291016,64.30999755859375,256700,0.0,0.0
2023-02-02 00:00:00-05:00,65.5199966430664,65.63999938964844,60.560001373291016,62.09000015258789,305300,0.0,0.0
2023-02-03 00:00:00-05:00,60.65999984741211,63.29999923706055,60.06999969482422,60.15999984741211,255300,0.0,0.0
2023-02-06 00:00:00-05:00,59.0,59.0,55.959999084472656,56.43000030517578,499000,0.0,0.0
2023-02-07 00:00:00-05:00,56.439998626708984,57.310001373291016,53.849998474121094,56.709999084472656,757300,0.0,0.0
2023-02-08 00:00:00-05:00,56.869998931884766,57.34000015258789,54.52000045776367,54.77000045776367,283200,0.0,0.0
2023-02-09 00:00:00-05:00,55.970001220703125,57.0,53.79999923706055,54.33000183105469,229600,0.0,0.0
2023-02-10 00:00:00-05:00,53.9900016784668,54.45000076293945,52.70000076293945,53.970001220703125,267200,0.0,0.0
2023-02-13 00:00:00-05:00,54.43000030517578,55.4900016784668,53.25,55.06999969482422,349700,0.0,0.0
2023-02-14 00:00:00-05:00,54.61000061035156,55.630001068115234,53.529998779296875,55.25,227200,0.0,0.0
2023-02-15 00:00:00-05:00,55.15999984741211,60.06999969482422,55.15999984741211,59.939998626708984,351000,0.0,0.0
2023-02-16 00:00:00-05:00,58.88999938964844,59.439998626708984,55.939998626708984,56.08000183105469,219400,0.0,0.0
2023-02-17 00:00:00-05:00,55.83000183105469,55.83000183105469,54.68000030517578,55.20000076293945,277800,0.0,0.0
2023-02-21 00:00:00-05:00,54.150001525878906,54.689998626708984,51.52000045776367,51.88999938964844,348100,0.0,0.0
2023-02-22 00:00:00-05:00,52.09000015258789,52.95000076293945,50.75,51.47999954223633,226600,0.0,0.0
2023-02-23 00:00:00-05:00,52.279998779296875,53.099998474121094,51.310001373291016,52.33000183105469,230000,0.0,0.0
2023-02-24 00:00:00-05:00,50.790000915527344,51.34000015258789,49.630001068115234,50.2400016784668,225500,0.0,0.0
2023-02-27 00:00:00-05:00,50.97999954223633,53.38999938964844,50.34000015258789,51.79999923706055,330800,0.0,0.0
2023-02-28 00:00:00-05:00,46.52000045776367,48.310001373291016,42.849998474121094,43.95000076293945,1944600,0.0,0.0
2023-03-01 00:00:00-05:00,45.59000015258789,47.349998474121094,44.20000076293945,46.689998626708984,807000,0.0,0.0
2023-03-02 00:00:00-05:00,45.5099983215332,46.02000045776367,43.0099983215332,44.2400016784668,682900,0.0,0.0
2023-03-03 00:00:00-05:00,45.31999969482422,46.22999954223633,44.779998779296875,45.720001220703125,263300,0.0,0.0
2023-03-06 00:00:00-05:00,46.0,47.349998474121094,45.5099983215332,46.459999084472656,350800,0.0,0.0
2023-03-07 00:00:00-05:00,46.63999938964844,47.310001373291016,44.869998931884766,45.709999084472656,451900,0.0,0.0
2023-03-08 00:00:00-05:00,45.7400016784668,46.040000915527344,44.58000183105469,45.70000076293945,367800,0.0,0.0
2023-03-09 00:00:00-05:00,46.189998626708984,47.0,44.349998474121094,44.5099983215332,334600,0.0,0.0
2023-03-10 00:00:00-05:00,45.97999954223633,46.68000030517578,44.119998931884766,46.04999923706055,612900,0.0,0.0
2023-03-13 00:00:00-04:00,45.02000045776367,46.0,43.5099983215332,45.65999984741211,256500,0.0,0.0
2023-03-14 00:00:00-04:00,47.150001525878906,47.810001373291016,43.75,44.540000915527344,370800,0.0,0.0
2023-03-15 00:00:00-04:00,43.380001068115234,44.150001525878906,42.27000045776367,43.7400016784668,409300,0.0,0.0
2023-03-16 00:00:00-04:00,43.38999938964844,44.2400016784668,41.95000076293945,44.09000015258789,479900,0.0,0.0
2023-03-17 00:00:00-04:00,45.2400016784668,45.2400016784668,41.47999954223633,43.150001525878906,739700,0.0,0.0
2023-03-20 00:00:00-04:00,43.15999984741211,43.70000076293945,42.34000015258789,42.75,369000,0.0,0.0
2023-03-21 00:00:00-04:00,43.84000015258789,45.7400016784668,43.18000030517578,45.279998779296875,561900,0.0,0.0
2023-03-22 00:00:00-04:00,45.02000045776367,45.880001068115234,43.5099983215332,43.56999969482422,535700,0.0,0.0
2023-03-23 00:00:00-04:00,43.91999816894531,45.529998779296875,42.650001525878906,43.4900016784668,255800,0.0,0.0
2023-03-24 00:00:00-04:00,42.849998474121094,43.54999923706055,42.040000915527344,43.5,244900,0.0,0.0
2023-03-27 00:00:00-04:00,44.400001525878906,44.650001525878906,43.130001068115234,44.47999954223633,333600,0.0,0.0
2023-03-28 00:00:00-04:00,44.58000183105469,45.709999084472656,44.27000045776367,45.459999084472656,287000,0.0,0.0
2023-03-29 00:00:00-04:00,46.13999938964844,46.709999084472656,44.619998931884766,45.880001068115234,369500,0.0,0.0
2023-03-30 00:00:00-04:00,46.849998474121094,48.11000061035156,46.400001525878906,46.7599983215332,332400,0.0,0.0
2023-03-31 00:00:00-04:00,47.2599983215332,50.59000015258789,47.130001068115234,49.220001220703125,559700,0.0,0.0
2023-04-03 00:00:00-04:00,49.08000183105469,49.4900016784668,46.88999938964844,47.400001525878906,426800,0.0,0.0
2023-04-04 00:00:00-04:00,47.540000915527344,47.540000915527344,45.27000045776367,45.900001525878906,310500,0.0,0.0
2023-04-05 00:00:00-04:00,45.290000915527344,45.88999938964844,43.790000915527344,44.369998931884766,213500,0.0,0.0
2023-04-06 00:00:00-04:00,44.5099983215332,44.65999984741211,43.5099983215332,44.54999923706055,196900,0.0,0.0
2023-04-10 00:00:00-04:00,44.13999938964844,45.33000183105469,43.959999084472656,44.9900016784668,371600,0.0,0.0
2023-04-11 00:00:00-04:00,45.09000015258789,46.560001373291016,45.09000015258789,46.18000030517578,326200,0.0,0.0
2023-04-12 00:00:00-04:00,47.25,47.560001373291016,45.16999816894531,45.5,198000,0.0,0.0
2023-04-13 00:00:00-04:00,46.18000030517578,47.099998474121094,45.279998779296875,47.0099983215332,275600,0.0,0.0
2023-04-14 00:00:00-04:00,46.900001525878906,46.959999084472656,44.95000076293945,45.79999923706055,175900,0.0,0.0
2023-04-17 00:00:00-04:00,45.88999938964844,47.45000076293945,45.88999938964844,47.25,187900,0.0,0.0
2023-04-18 00:00:00-04:00,47.5099983215332,47.79999923706055,45.83000183105469,46.54999923706055,274400,0.0,0.0
2023-04-19 00:00:00-04:00,45.77000045776367,45.95000076293945,44.79999923706055,44.900001525878906,513100,0.0,0.0
2023-04-20 00:00:00-04:00,44.0099983215332,44.33000183105469,42.810001373291016,43.7599983215332,702900,0.0,0.0
2023-04-21 00:00:00-04:00,43.959999084472656,44.220001220703125,43.34000015258789,43.560001373291016,302200,0.0,0.0
2023-04-24 00:00:00-04:00,43.22999954223633,47.0,42.75,46.619998931884766,529300,0.0,0.0
2023-04-25 00:00:00-04:00,45.75,46.41999816894531,42.93000030517578,43.540000915527344,289700,0.0,0.0
2023-04-26 00:00:00-04:00,43.04999923706055,43.04999923706055,40.84000015258789,40.93000030517578,333600,0.0,0.0
2023-04-27 00:00:00-04:00,41.650001525878906,42.130001068115234,40.93000030517578,41.349998474121094,327100,0.0,0.0
2023-04-28 00:00:00-04:00,41.060001373291016,42.150001525878906,40.7599983215332,41.599998474121094,487000,0.0,0.0
2023-05-01 00:00:00-04:00,41.689998626708984,42.88999938964844,40.61000061035156,40.779998779296875,549400,0.0,0.0
2023-05-02 00:00:00-04:00,44.630001068115234,47.619998931884766,44.0,44.869998931884766,1151200,0.0,0.0
2023-05-03 00:00:00-04:00,44.95000076293945,45.33000183105469,41.86000061035156,42.279998779296875,428200,0.0,0.0
2023-05-04 00:00:00-04:00,41.9900016784668,42.119998931884766,39.619998931884766,41.33000183105469,331900,0.0,0.0
2023-05-05 00:00:00-04:00,42.97999954223633,43.599998474121094,42.02000045776367,43.029998779296875,326600,0.0,0.0
2023-05-08 00:00:00-04:00,43.15999984741211,43.18000030517578,41.34000015258789,42.36000061035156,259200,0.0,0.0
2023-05-09 00:00:00-04:00,41.29999923706055,42.5,40.52000045776367,42.130001068115234,356200,0.0,0.0
2023-05-10 00:00:00-04:00,42.91999816894531,43.0,41.25,41.58000183105469,260800,0.0,0.0
2023-05-11 00:00:00-04:00,41.31999969482422,41.7400016784668,39.81999969482422,40.720001220703125,380200,0.0,0.0
2023-05-12 00:00:00-04:00,41.04999923706055,43.380001068115234,41.04999923706055,43.220001220703125,447700,0.0,0.0
2023-05-15 00:00:00-04:00,43.349998474121094,46.06999969482422,43.0099983215332,43.650001525878906,357900,0.0,0.0
2023-05-16 00:00:00-04:00,43.290000915527344,43.459999084472656,41.869998931884766,42.470001220703125,326300,0.0,0.0
2023-05-17 00:00:00-04:00,43.220001220703125,44.349998474121094,42.290000915527344,44.29999923706055,326400,0.0,0.0
2023-05-18 00:00:00-04:00,44.08000183105469,44.25,42.119998931884766,43.59000015258789,256900,0.0,0.0
2023-05-19 00:00:00-04:00,44.470001220703125,45.04999923706055,42.86000061035156,43.209999084472656,307100,0.0,0.0
2023-05-22 00:00:00-04:00,43.15999984741211,45.529998779296875,43.15999984741211,45.27000045776367,195700,0.0,0.0
2023-05-23 00:00:00-04:00,45.150001525878906,46.81999969482422,45.0,45.72999954223633,234000,0.0,0.0
2023-05-24 00:00:00-04:00,45.150001525878906,45.220001220703125,43.47999954223633,44.34000015258789,287800,0.0,0.0
2023-05-25 00:00:00-04:00,44.349998474121094,44.349998474121094,42.61000061035156,42.869998931884766,302600,0.0,0.0
2023-05-26 00:00:00-04:00,43.06999969482422,44.029998779296875,42.7599983215332,43.25,203700,0.0,0.0
2023-05-30 00:00:00-04:00,43.939998626708984,44.88999938964844,43.04999923706055,43.72999954223633,243700,0.0,0.0
2023-05-31 00:00:00-04:00,43.41999816894531,43.849998474121094,42.279998779296875,43.08000183105469,291400,0.0,0.0
2023-06-01 00:00:00-04:00,43.22999954223633,45.0,43.119998931884766,44.15999984741211,242600,0.0,0.0
2023-06-02 00:00:00-04:00,45.150001525878906,46.5,44.54999923706055,45.97999954223633,274400,0.0,0.0
2023-06-05 00:00:00-04:00,45.720001220703125,46.119998931884766,45.060001373291016,45.27000045776367,200600,0.0,0.0
2023-06-06 00:00:00-04:00,45.150001525878906,47.939998626708984,44.83000183105469,47.4900016784668,264300,0.0,0.0
2023-06-07 00:00:00-04:00,47.91999816894531,49.619998931884766,47.290000915527344,49.08000183105469,285900,0.0,0.0
2023-06-08 00:00:00-04:00,49.040000915527344,49.04999923706055,47.09000015258789,47.959999084472656,199300,0.0,0.0
2023-06-09 00:00:00-04:00,48.150001525878906,48.150001525878906,45.84000015258789,47.13999938964844,294100,0.0,0.0
2023-06-12 00:00:00-04:00,47.4900016784668,48.650001525878906,46.7400016784668,47.939998626708984,209100,0.0,0.0
2023-06-13 00:00:00-04:00,48.52000045776367,51.4900016784668,48.52000045776367,51.0,347600,0.0,0.0
2023-06-14 00:00:00-04:00,51.09000015258789,52.16999816894531,49.34000015258789,49.68000030517578,364600,0.0,0.0
2023-06-15 00:00:00-04:00,49.04999923706055,49.65999984741211,48.310001373291016,49.209999084472656,260100,0.0,0.0
2023-06-16 00:00:00-04:00,49.56999969482422,49.7599983215332,46.5099983215332,46.54999923706055,624600,0.0,0.0
2023-06-20 00:00:00-04:00,46.27000045776367,46.459999084472656,45.45000076293945,45.90999984741211,274500,0.0,0.0
2023-06-21 00:00:00-04:00,45.5,46.619998931884766,45.4900016784668,46.47999954223633,232400,0.0,0.0
2023-06-22 00:00:00-04:00,46.2400016784668,46.849998474121094,45.43000030517578,46.619998931884766,420500,0.0,0.0
2023-06-23 00:00:00-04:00,45.47999954223633,47.84000015258789,45.209999084472656,47.130001068115234,645200,0.0,0.0
2023-06-26 00:00:00-04:00,46.59000015258789,47.939998626708984,44.66999816894531,44.689998626708984,398200,0.0,0.0
2023-06-27 00:00:00-04:00,45.34000015258789,47.18000030517578,44.459999084472656,46.16999816894531,246300,0.0,0.0
2023-06-28 00:00:00-04:00,46.029998779296875,48.959999084472656,45.709999084472656,47.43000030517578,305600,0.0,0.0
2023-06-29 00:00:00-04:00,47.459999084472656,48.93000030517578,47.400001525878906,48.84000015258789,335700,0.0,0.0
2023-06-30 00:00:00-04:00,49.16999816894531,49.689998626708984,48.16999816894531,48.630001068115234,257200,0.0,0.0
2023-07-03 00:00:00-04:00,48.81999969482422,49.650001525878906,47.38999938964844,47.58000183105469,113600,0.0,0.0
2023-07-05 00:00:00-04:00,47.279998779296875,47.75,46.58000183105469,47.20000076293945,213200,0.0,0.0
2023-07-06 00:00:00-04:00,46.38999938964844,46.439998626708984,45.130001068115234,46.400001525878906,299500,0.0,0.0
2023-07-07 00:00:00-04:00,46.45000076293945,48.119998931884766,46.439998626708984,46.4900016784668,152500,0.0,0.0
2023-07-10 00:00:00-04:00,46.470001220703125,50.91999816894531,46.470001220703125,50.869998931884766,379200,0.0,0.0
2023-07-11 00:00:00-04:00,51.54999923706055,52.72999954223633,50.810001373291016,52.130001068115234,449700,0.0,0.0
2023-07-12 00:00:00-04:00,53.2400016784668,55.310001373291016,52.86000061035156,54.75,490500,0.0,0.0
2023-07-13 00:00:00-04:00,55.0,56.630001068115234,54.33000183105469,54.880001068115234,516400,0.0,0.0
2023-07-14 00:00:00-04:00,54.849998474121094,54.849998474121094,52.7599983215332,53.81999969482422,330400,0.0,0.0
2023-07-17 00:00:00-04:00,53.79999923706055,56.36000061035156,53.029998779296875,55.13999938964844,323200,0.0,0.0
2023-07-18 00:00:00-04:00,56.619998931884766,59.34000015258789,55.900001525878906,59.060001373291016,767800,0.0,0.0
2023-07-19 00:00:00-04:00,59.88999938964844,63.189998626708984,59.5099983215332,63.0099983215332,937400,0.0,0.0
2023-07-20 00:00:00-04:00,62.43000030517578,63.13999938964844,61.130001068115234,61.13999938964844,475400,0.0,0.0
2023-07-21 00:00:00-04:00,61.380001068115234,61.380001068115234,58.400001525878906,59.04999923706055,632900,0.0,0.0
2023-07-24 00:00:00-04:00,58.88999938964844,60.209999084472656,57.779998779296875,58.38999938964844,239800,0.0,0.0
2023-07-25 00:00:00-04:00,57.88999938964844,59.2400016784668,57.54999923706055,57.97999954223633,237600,0.0,0.0
2023-07-26 00:00:00-04:00,57.349998474121094,59.209999084472656,57.349998474121094,58.689998626708984,255100,0.0,0.0
2023-07-27 00:00:00-04:00,59.11000061035156,59.11000061035156,56.130001068115234,56.59000015258789,172500,0.0,0.0
2023-07-28 00:00:00-04:00,56.959999084472656,57.90999984741211,56.15999984741211,57.41999816894531,243300,0.0,0.0
2023-07-31 00:00:00-04:00,58.20000076293945,59.65999984741211,57.5,58.209999084472656,380900,0.0,0.0
2023-08-01 00:00:00-04:00,56.27000045776367,56.470001220703125,51.86000061035156,52.68000030517578,918500,0.0,0.0
2023-08-02 00:00:00-04:00,52.25,52.689998626708984,50.380001068115234,51.209999084472656,469700,0.0,0.0
2023-08-03 00:00:00-04:00,50.91999816894531,53.310001373291016,50.52000045776367,52.02000045776367,503500,0.0,0.0
2023-08-04 00:00:00-04:00,52.13999938964844,52.13999938964844,49.869998931884766,50.029998779296875,330800,0.0,0.0
2023-08-07 00:00:00-04:00,49.970001220703125,51.380001068115234,49.29999923706055,51.369998931884766,715400,0.0,0.0
2023-08-08 00:00:00-04:00,50.68000030517578,52.0099983215332,49.599998474121094,51.4900016784668,310000,0.0,0.0
2023-08-09 00:00:00-04:00,50.4900016784668,51.650001525878906,50.220001220703125,51.0,172400,0.0,0.0
2023-08-10 00:00:00-04:00,50.849998474121094,51.939998626708984,49.65999984741211,50.119998931884766,225300,0.0,0.0
2023-08-11 00:00:00-04:00,50.0,50.61000061035156,49.75,50.150001525878906,226100,0.0,0.0
2023-08-14 00:00:00-04:00,49.709999084472656,51.150001525878906,48.9900016784668,51.13999938964844,310200,0.0,0.0
2023-08-15 00:00:00-04:00,50.5099983215332,50.810001373291016,48.79999923706055,49.13999938964844,319500,0.0,0.0
2023-08-16 00:00:00-04:00,48.45000076293945,49.209999084472656,47.34000015258789,47.36000061035156,356200,0.0,0.0
2023-08-17 00:00:00-04:00,47.709999084472656,47.970001220703125,46.220001220703125,46.56999969482422,318600,0.0,0.0
2023-08-18 00:00:00-04:00,46.2599983215332,47.9900016784668,46.040000915527344,47.41999816894531,303600,0.0,0.0
2023-08-21 00:00:00-04:00,47.810001373291016,48.0,46.849998474121094,47.369998931884766,164100,0.0,0.0
2023-08-22 00:00:00-04:00,47.88999938964844,47.88999938964844,44.970001220703125,45.220001220703125,415200,0.0,0.0
2023-08-23 00:00:00-04:00,45.02000045776367,45.56999969482422,44.119998931884766,45.029998779296875,462800,0.0,0.0
2023-08-24 00:00:00-04:00,45.029998779296875,45.029998779296875,42.97999954223633,43.36000061035156,331700,0.0,0.0
2023-08-25 00:00:00-04:00,43.5099983215332,43.9900016784668,41.77000045776367,42.20000076293945,423400,0.0,0.0
2023-08-28 00:00:00-04:00,42.869998931884766,43.880001068115234,42.13999938964844,42.369998931884766,271700,0.0,0.0
2023-08-29 00:00:00-04:00,42.349998474121094,44.959999084472656,42.06999969482422,44.63999938964844,264500,0.0,0.0
2023-08-30 00:00:00-04:00,44.2400016784668,44.349998474121094,43.33000183105469,43.369998931884766,243100,0.0,0.0
2023-08-31 00:00:00-04:00,43.36000061035156,44.130001068115234,43.04999923706055,43.4900016784668,259300,0.0,0.0
2023-09-01 00:00:00-04:00,44.290000915527344,45.459999084472656,43.959999084472656,44.08000183105469,246500,0.0,0.0
2023-09-05 00:00:00-04:00,43.25,43.84000015258789,42.45000076293945,43.40999984741211,309500,0.0,0.0
2023-09-06 00:00:00-04:00,43.34000015258789,43.47999954223633,42.459999084472656,42.4900016784668,205000,0.0,0.0
2023-09-07 00:00:00-04:00,42.58000183105469,42.58000183105469,41.279998779296875,41.70000076293945,196200,0.0,0.0
2023-09-08 00:00:00-04:00,41.529998779296875,42.25,40.41999816894531,40.939998626708984,220600,0.0,0.0
2023-09-11 00:00:00-04:00,41.2599983215332,42.91999816894531,40.779998779296875,42.70000076293945,335100,0.0,0.0
2023-09-12 00:00:00-04:00,42.130001068115234,43.900001525878906,42.060001373291016,43.529998779296875,361600,0.0,0.0
2023-09-13 00:00:00-04:00,43.970001220703125,44.939998626708984,42.349998474121094,44.13999938964844,562700,0.0,0.0
2023-09-14 00:00:00-04:00,44.81999969482422,47.099998474121094,44.540000915527344,46.790000915527344,483400,0.0,0.0
2023-09-15 00:00:00-04:00,46.650001525878906,47.02000045776367,45.9900016784668,46.75,636000,0.0,0.0
2023-09-18 00:00:00-04:00,46.79999923706055,47.560001373291016,43.52000045776367,43.54999923706055,422600,0.0,0.0
2023-09-19 00:00:00-04:00,43.5099983215332,44.689998626708984,43.11000061035156,43.25,383200,0.0,0.0
2023-09-20 00:00:00-04:00,43.43000030517578,43.810001373291016,41.63999938964844,41.720001220703125,281900,0.0,0.0
2023-09-21 00:00:00-04:00,40.79999923706055,41.41999816894531,39.810001373291016,41.16999816894531,569500,0.0,0.0
2023-09-22 00:00:00-04:00,41.58000183105469,42.36000061035156,41.0,41.9900016784668,386700,0.0,0.0
2023-09-25 00:00:00-04:00,41.689998626708984,42.400001525878906,41.380001068115234,42.0,298100,0.0,0.0
2023-09-26 00:00:00-04:00,41.380001068115234,42.81999969482422,40.43000030517578,40.47999954223633,252700,0.0,0.0
2023-09-27 00:00:00-04:00,40.47999954223633,41.13999938964844,39.29999923706055,39.529998779296875,323700,0.0,0.0
2023-09-28 00:00:00-04:00,39.599998474121094,40.08000183105469,37.70000076293945,38.47999954223633,398600,0.0,0.0
2023-09-29 00:00:00-04:00,39.22999954223633,40.33000183105469,37.7599983215332,38.560001373291016,371300,0.0,0.0
2023-10-02 00:00:00-04:00,38.27000045776367,38.869998931884766,35.130001068115234,35.40999984741211,333200,0.0,0.0
2023-10-03 00:00:00-04:00,34.9900016784668,35.279998779296875,33.77000045776367,33.81999969482422,306400,0.0,0.0
2023-10-04 00:00:00-04:00,33.65999984741211,35.33000183105469,33.54999923706055,35.22999954223633,398200,0.0,0.0
2023-10-05 00:00:00-04:00,34.790000915527344,34.9900016784668,32.9900016784668,33.09000015258789,331400,0.0,0.0
2023-10-06 00:00:00-04:00,32.52000045776367,33.439998626708984,31.6299991607666,33.189998626708984,647500,0.0,0.0
2023-10-09 00:00:00-04:00,32.709999084472656,34.06999969482422,31.739999771118164,32.56999969482422,339800,0.0,0.0
2023-10-10 00:00:00-04:00,32.709999084472656,35.84000015258789,32.709999084472656,35.790000915527344,292400,0.0,0.0
2023-10-11 00:00:00-04:00,36.380001068115234,36.689998626708984,35.22999954223633,35.5,302900,0.0,0.0
2023-10-12 00:00:00-04:00,34.599998474121094,35.029998779296875,33.18000030517578,33.369998931884766,375700,0.0,0.0
2023-10-13 00:00:00-04:00,33.31999969482422,33.90999984741211,32.599998474121094,33.29999923706055,313100,0.0,0.0
2023-10-16 00:00:00-04:00,33.66999816894531,34.70000076293945,33.540000915527344,34.369998931884766,272700,0.0,0.0
2023-10-17 00:00:00-04:00,33.79999923706055,35.290000915527344,33.66999816894531,34.689998626708984,256700,0.0,0.0
2023-10-18 00:00:00-04:00,34.15999984741211,34.619998931884766,32.650001525878906,32.90999984741211,455700,0.0,0.0
2023-10-19 00:00:00-04:00,32.75,33.119998931884766,31.3700008392334,31.6299991607666,273000,0.0,0.0
2023-10-20 00:00:00-04:00,30.780000686645508,31.270000457763672,29.540000915527344,29.540000915527344,657800,0.0,0.0
2023-10-23 00:00:00-04:00,29.280000686645508,29.5,28.149999618530273,28.540000915527344,363100,0.0,0.0
2023-10-24 00:00:00-04:00,29.190000534057617,29.93000030517578,29.010000228881836,29.729999542236328,511600,0.0,0.0
2023-10-25 00:00:00-04:00,30.360000610351562,30.360000610351562,27.709999084472656,28.0,576300,0.0,0.0
2023-10-26 00:00:00-04:00,28.350000381469727,28.700000762939453,27.06999969482422,27.459999084472656,420000,0.0,0.0
2023-10-27 00:00:00-04:00,26.350000381469727,27.65999984741211,25.489999771118164,27.260000228881836,608400,0.0,0.0
2023-10-30 00:00:00-04:00,27.979999542236328,28.559999465942383,26.889999389648438,27.6299991607666,381300,0.0,0.0
2023-10-31 00:00:00-04:00,27.75,28.420000076293945,25.440000534057617,26.149999618530273,949600,0.0,0.0
2023-11-01 00:00:00-04:00,26.170000076293945,26.229999542236328,24.950000762939453,25.530000686645508,762200,0.0,0.0
2023-11-02 00:00:00-04:00,26.549999237060547,27.829999923706055,26.299999237060547,27.139999389648438,640000,0.0,0.0
2023-11-03 00:00:00-04:00,28.649999618530273,30.270000457763672,27.59000015258789,29.809999465942383,1003200,0.0,0.0
2023-11-06 00:00:00-05:00,30.260000228881836,30.31999969482422,25.940000534057617,26.610000610351562,1153700,0.0,0.0
2023-11-07 00:00:00-05:00,21.549999237060547,23.0,18.399999618530273,22.649999618530273,3625600,0.0,0.0
2023-11-08 00:00:00-05:00,23.059999465942383,23.059999465942383,20.010000228881836,21.709999084472656,1130200,0.0,0.0
2023-11-09 00:00:00-05:00,22.25,23.110000610351562,22.0,22.719999313354492,1114600,0.0,0.0
2023-11-10 00:00:00-05:00,22.549999237060547,22.860000610351562,21.43000030517578,22.290000915527344,837200,0.0,0.0
2023-11-13 00:00:00-05:00,21.93000030517578,23.020000457763672,21.68000030517578,22.510000228881836,613500,0.0,0.0
2023-11-14 00:00:00-05:00,24.3799991607666,27.530000686645508,24.3799991607666,27.149999618530273,1256600,0.0,0.0
2023-11-15 00:00:00-05:00,27.270000457763672,29.389999389648438,27.0,28.020000457763672,785400,0.0,0.0
2023-11-16 00:00:00-05:00,27.34000015258789,27.84000015258789,26.0,26.059999465942383,508600,0.0,0.0
2023-11-17 00:00:00-05:00,27.030000686645508,29.649999618530273,26.940000534057617,28.940000534057617,762700,0.0,0.0
2023-11-20 00:00:00-05:00,28.90999984741211,29.709999084472656,28.1299991607666,29.299999237060547,450000,0.0,0.0
2023-11-21 00:00:00-05:00,28.709999084472656,28.75,27.56999969482422,27.75,268700,0.0,0.0
2023-11-22 00:00:00-05:00,28.540000915527344,28.8700008392334,27.860000610351562,28.700000762939453,362000,0.0,0.0
2023-11-24 00:00:00-05:00,28.700000762939453,29.200000762939453,27.950000762939453,28.530000686645508,213100,0.0,0.0
2023-11-27 00:00:00-05:00,28.100000381469727,28.219999313354492,27.149999618530273,27.5,347200,0.0,0.0
2023-11-28 00:00:00-05:00,27.280000686645508,28.889999389648438,26.780000686645508,28.56999969482422,297500,0.0,0.0
2023-11-29 00:00:00-05:00,29.110000610351562,30.209999084472656,28.309999465942383,28.34000015258789,388100,0.0,0.0
2023-11-30 00:00:00-05:00,28.729999542236328,30.68000030517578,28.399999618530273,29.959999084472656,1067200,0.0,0.0
2023-12-01 00:00:00-05:00,29.40999984741211,31.75,28.65999984741211,31.719999313354492,561300,0.0,0.0
2023-12-04 00:00:00-05:00,31.6299991607666,32.70000076293945,31.459999084472656,32.36000061035156,441000,0.0,0.0
2023-12-05 00:00:00-05:00,31.979999542236328,32.150001525878906,29.729999542236328,30.350000381469727,596000,0.0,0.0
2023-12-06 00:00:00-05:00,30.850000381469727,31.719999313354492,29.829999923706055,30.219999313354492,390600,0.0,0.0
2023-12-07 00:00:00-05:00,30.489999771118164,32.22999954223633,30.280000686645508,32.040000915527344,607600,0.0,0.0
2023-12-08 00:00:00-05:00,31.799999237060547,32.619998931884766,30.93000030517578,31.75,410000,0.0,0.0
2023-12-11 00:00:00-05:00,31.6200008392334,32.72999954223633,31.18000030517578,31.68000030517578,354600,0.0,0.0
2023-12-12 00:00:00-05:00,31.549999237060547,31.549999237060547,29.1200008392334,29.280000686645508,496600,0.0,0.0
2023-12-13 00:00:00-05:00,29.209999084472656,33.38999938964844,29.079999923706055,33.189998626708984,484700,0.0,0.0
2023-12-14 00:00:00-05:00,34.81999969482422,37.29999923706055,34.41999816894531,36.52000045776367,768700,0.0,0.0
2023-12-15 00:00:00-05:00,36.279998779296875,36.279998779296875,33.70000076293945,33.86000061035156,1461200,0.0,0.0
2023-12-18 00:00:00-05:00,33.810001373291016,34.02000045776367,31.729999542236328,32.040000915527344,464600,0.0,0.0
2023-12-19 00:00:00-05:00,32.54999923706055,33.849998474121094,32.31999969482422,33.060001373291016,361300,0.0,0.0
2023-12-20 00:00:00-05:00,33.08000183105469,33.33000183105469,30.559999465942383,30.670000076293945,376600,0.0,0.0
2023-12-21 00:00:00-05:00,31.540000915527344,32.15999984741211,31.09000015258789,31.459999084472656,326100,0.0,0.0
2023-12-22 00:00:00-05:00,31.59000015258789,32.38999938964844,31.229999542236328,31.389999389648438,297900,0.0,0.0
2023-12-26 00:00:00-05:00,31.360000610351562,32.72999954223633,31.059999465942383,32.380001068115234,187600,0.0,0.0
2023-12-27 00:00:00-05:00,32.439998626708984,32.77000045776367,31.920000076293945,32.29999923706055,257800,0.0,0.0
2023-12-28 00:00:00-05:00,31.989999771118164,32.83000183105469,31.989999771118164,32.529998779296875,275900,0.0,0.0
2023-12-29 00:00:00-05:00,32.52000045776367,32.709999084472656,31.350000381469727,31.670000076293945,272000,0.0,0.0
2024-01-02 00:00:00-05:00,31.25,32.61000061035156,30.940000534057617,31.389999389648438,370400,0.0,0.0
2024-01-03 00:00:00-05:00,30.489999771118164,30.489999771118164,28.889999389648438,29.5,404200,0.0,0.0
2024-01-04 00:00:00-05:00,29.200000762939453,29.850000381469727,29.020000457763672,29.18000030517578,418200,0.0,0.0
2024-01-05 00:00:00-05:00,28.670000076293945,30.0,28.209999084472656,28.690000534057617,251900,0.0,0.0
2024-01-08 00:00:00-05:00,28.559999465942383,29.309999465942383,28.260000228881836,29.010000228881836,316800,0.0,0.0
2024-01-09 00:00:00-05:00,28.229999542236328,28.290000915527344,27.280000686645508,27.559999465942383,348900,0.0,0.0
2024-01-10 00:00:00-05:00,27.43000030517578,27.43000030517578,26.280000686645508,26.770000457763672,375300,0.0,0.0
2024-01-11 00:00:00-05:00,26.700000762939453,27.030000686645508,25.559999465942383,25.959999084472656,584100,0.0,0.0
2024-01-12 00:00:00-05:00,26.540000915527344,27.25,25.649999618530273,26.049999237060547,674400,0.0,0.0
2024-01-16 00:00:00-05:00,25.3799991607666,25.440000534057617,23.110000610351562,23.729999542236328,518800,0.0,0.0
2024-01-17 00:00:00-05:00,23.469999313354492,23.469999313354492,21.40999984741211,21.549999237060547,1001500,0.0,0.0
2024-01-18 00:00:00-05:00,21.59000015258789,21.899999618530273,20.440000534057617,21.559999465942383,680500,0.0,0.0
2024-01-19 00:00:00-05:00,21.6200008392334,21.760000228881836,20.309999465942383,21.709999084472656,838600,0.0,0.0
2024-01-22 00:00:00-05:00,21.979999542236328,23.270000457763672,21.90999984741211,22.8799991607666,777000,0.0,0.0
2024-01-23 00:00:00-05:00,23.8700008392334,24.010000228881836,22.520000457763672,23.6200008392334,499600,0.0,0.0
2024-01-24 00:00:00-05:00,24.399999618530273,24.399999618530273,21.899999618530273,22.049999237060547,380600,0.0,0.0
2024-01-25 00:00:00-05:00,22.700000762939453,23.100000381469727,21.969999313354492,23.049999237060547,268600,0.0,0.0
2024-01-26 00:00:00-05:00,23.309999465942383,23.670000076293945,21.969999313354492,22.06999969482422,291500,0.0,0.0
2024-01-29 00:00:00-05:00,21.979999542236328,22.90999984741211,21.209999084472656,22.780000686645508,375400,0.0,0.0
2024-01-30 00:00:00-05:00,22.170000076293945,22.170000076293945,21.18000030517578,21.3700008392334,605000,0.0,0.0
2024-01-31 00:00:00-05:00,21.18000030517578,22.15999984741211,20.350000381469727,20.43000030517578,642700,0.0,0.0
2024-02-01 00:00:00-05:00,21.059999465942383,22.0,20.65999984741211,21.81999969482422,472900,0.0,0.0
2024-02-02 00:00:00-05:00,21.100000381469727,21.309999465942383,20.139999389648438,21.100000381469727,396600,0.0,0.0
2024-02-05 00:00:00-05:00,20.270000457763672,20.290000915527344,19.229999542236328,20.209999084472656,505500,0.0,0.0
2024-02-06 00:00:00-05:00,20.18000030517578,21.540000915527344,20.18000030517578,21.510000228881836,343900,0.0,0.0
2024-02-07 00:00:00-05:00,22.079999923706055,22.309999465942383,20.6299991607666,21.940000534057617,367600,0.0,0.0
2024-02-08 00:00:00-05:00,21.780000686645508,22.43000030517578,21.6299991607666,22.389999389648438,288300,0.0,0.0
2024-02-09 00:00:00-05:00,22.5,23.270000457763672,21.950000762939453,22.850000381469727,351900,0.0,0.0
2024-02-12 00:00:00-05:00,22.989999771118164,25.40999984741211,22.950000762939453,24.899999618530273,472800,0.0,0.0
2024-02-13 00:00:00-05:00,23.149999618530273,23.270000457763672,21.6200008392334,21.920000076293945,601600,0.0,0.0
2024-02-14 00:00:00-05:00,22.360000610351562,23.899999618530273,21.489999771118164,23.65999984741211,427200,0.0,0.0
2024-02-15 00:00:00-05:00,24.020000457763672,24.389999389648438,23.389999389648438,23.979999542236328,482700,0.0,0.0
2024-02-16 00:00:00-05:00,23.299999237060547,23.959999084472656,22.959999084472656,22.989999771118164,313800,0.0,0.0
2024-02-20 00:00:00-05:00,22.1200008392334,22.709999084472656,21.899999618530273,22.639999389648438,357100,0.0,0.0
2024-02-21 00:00:00-05:00,22.219999313354492,22.579999923706055,21.81999969482422,22.34000015258789,297700,0.0,0.0
2024-02-22 00:00:00-05:00,22.299999237060547,22.299999237060547,20.149999618530273,20.510000228881836,462500,0.0,0.0
2024-02-23 00:00:00-05:00,20.690000534057617,20.979999542236328,19.770000457763672,20.260000228881836,484000,0.0,0.0
2024-02-26 00:00:00-05:00,19.989999771118164,20.610000610351562,19.209999084472656,19.540000915527344,614000,0.0,0.0
2024-02-27 00:00:00-05:00,20.110000610351562,20.600000381469727,19.799999237060547,20.34000015258789,424400,0.0,0.0
2024-02-28 00:00:00-05:00,20.239999771118164,20.899999618530273,19.670000076293945,20.3700008392334,592000,0.0,0.0
2024-02-29 00:00:00-05:00,22.899999618530273,24.68000030517578,20.610000610351562,20.959999084472656,1359100,0.0,0.0
2024-03-01 00:00:00-05:00,21.040000915527344,21.040000915527344,19.079999923706055,19.540000915527344,1012300,0.0,0.0
2024-03-04 00:00:00-05:00,19.469999313354492,19.8799991607666,18.06999969482422,18.110000610351562,859400,0.0,0.0
2024-03-05 00:00:00-05:00,18.0,19.229999542236328,17.549999237060547,18.469999313354492,893100,0.0,0.0
2024-03-06 00:00:00-05:00,19.270000457763672,20.299999237060547,18.799999237060547,19.6200008392334,567800,0.0,0.0
2024-03-07 00:00:00-05:00,19.8799991607666,20.860000610351562,19.709999084472656,20.309999465942383,557000,0.0,0.0
2024-03-08 00:00:00-05:00,21.030000686645508,21.719999313354492,20.739999771118164,21.1299991607666,543200,0.0,0.0
2024-03-11 00:00:00-04:00,20.940000534057617,21.989999771118164,20.940000534057617,21.31999969482422,414600,0.0,0.0
2024-03-12 00:00:00-04:00,22.010000228881836,22.110000610351562,20.239999771118164,20.809999465942383,1028700,0.0,0.0
2024-03-13 00:00:00-04:00,20.469999313354492,21.309999465942383,20.3700008392334,20.610000610351562,397000,0.0,0.0
2024-03-14 00:00:00-04:00,20.6200008392334,20.6200008392334,19.540000915527344,20.18000030517578,884400,0.0,0.0
2024-03-15 00:00:00-04:00,20.1200008392334,21.350000381469727,20.010000228881836,21.25,1026800,0.0,0.0
2024-03-18 00:00:00-04:00,21.229999542236328,21.540000915527344,20.700000762939453,21.010000228881836,320200,0.0,0.0
2024-03-19 00:00:00-04:00,20.530000686645508,20.809999465942383,19.920000076293945,19.940000534057617,420500,0.0,0.0
2024-03-20 00:00:00-04:00,19.6299991607666,20.479999542236328,18.959999084472656,20.110000610351562,1078800,0.0,0.0
2024-03-21 00:00:00-04:00,20.260000228881836,21.350000381469727,20.049999237060547,20.360000610351562,372500,0.0,0.0
2024-03-22 00:00:00-04:00,20.299999237060547,20.329999923706055,19.389999389648438,19.739999771118164,403300,0.0,0.0
2024-03-25 00:00:00-04:00,19.790000915527344,20.420000076293945,19.510000228881836,19.68000030517578,374100,0.0,0.0
2024-03-26 00:00:00-04:00,20.0,20.989999771118164,19.549999237060547,20.610000610351562,417500,0.0,0.0
2024-03-27 00:00:00-04:00,20.920000076293945,23.1200008392334,20.59000015258789,22.739999771118164,904500,0.0,0.0
2024-03-28 00:00:00-04:00,22.639999389648438,24.440000534057617,22.639999389648438,24.1299991607666,655800,0.0,0.0
2024-04-01 00:00:00-04:00,24.549999237060547,24.989999771118164,23.56999969482422,24.989999771118164,671400,0.0,0.0
2024-04-02 00:00:00-04:00,24.479999542236328,24.479999542236328,23.389999389648438,23.860000610351562,453600,0.0,0.0
2024-04-03 00:00:00-04:00,23.489999771118164,23.959999084472656,23.200000762939453,23.489999771118164,505700,0.0,0.0
2024-04-04 00:00:00-04:00,23.90999984741211,24.850000381469727,22.649999618530273,22.790000915527344,665000,0.0,0.0
2024-04-05 00:00:00-04:00,22.40999984741211,22.729999542236328,21.530000686645508,22.5,483200,0.0,0.0
2024-04-08 00:00:00-04:00,23.0,23.450000762939453,22.829999923706055,22.90999984741211,265900,0.0,0.0
2024-04-09 00:00:00-04:00,23.290000915527344,24.6200008392334,23.290000915527344,24.1200008392334,500100,0.0,0.0
2024-04-10 00:00:00-04:00,22.389999389648438,23.290000915527344,21.799999237060547,23.1200008392334,497700,0.0,0.0
2024-04-11 00:00:00-04:00,22.81999969482422,23.0,21.850000381469727,22.639999389648438,467900,0.0,0.0
2024-04-12 00:00:00-04:00,22.520000457763672,22.770000457763672,20.829999923706055,20.920000076293945,653800,0.0,0.0
2024-04-15 00:00:00-04:00,20.829999923706055,21.229999542236328,19.739999771118164,20.100000381469727,509500,0.0,0.0
2024-04-16 00:00:00-04:00,19.6299991607666,19.809999465942383,19.15999984741211,19.440000534057617,455600,0.0,0.0
2024-04-17 00:00:00-04:00,19.6200008392334,19.850000381469727,18.610000610351562,18.610000610351562,530100,0.0,0.0
2024-04-18 00:00:00-04:00,18.850000381469727,19.170000076293945,18.31999969482422,18.559999465942383,444300,0.0,0.0
2024-04-19 00:00:00-04:00,18.329999923706055,18.950000762939453,18.329999923706055,18.799999237060547,816000,0.0,0.0
2024-04-22 00:00:00-04:00,18.979999542236328,19.219999313354492,18.489999771118164,19.09000015258789,408500,0.0,0.0
2024-04-23 00:00:00-04:00,18.989999771118164,21.40999984741211,18.8700008392334,20.889999389648438,547500,0.0,0.0
2024-04-24 00:00:00-04:00,20.56999969482422,21.6299991607666,20.56999969482422,21.290000915527344,486200,0.0,0.0
2024-04-25 00:00:00-04:00,20.8799991607666,21.040000915527344,19.979999542236328,20.979999542236328,314700,0.0,0.0
2024-04-26 00:00:00-04:00,21.079999923706055,22.299999237060547,21.079999923706055,21.479999542236328,359100,0.0,0.0
2024-04-29 00:00:00-04:00,21.809999465942383,22.469999313354492,21.670000076293945,21.719999313354492,357100,0.0,0.0
2024-04-30 00:00:00-04:00,21.059999465942383,21.15999984741211,20.3700008392334,20.93000030517578,461400,0.0,0.0
2024-05-01 00:00:00-04:00,20.979999542236328,21.649999618530273,20.350000381469727,20.489999771118164,303800,0.0,0.0
2024-05-02 00:00:00-04:00,21.200000762939453,21.75,20.559999465942383,21.450000762939453,362300,0.0,0.0
2024-05-03 00:00:00-04:00,22.469999313354492,23.979999542236328,21.920000076293945,22.40999984741211,447900,0.0,0.0
2024-05-06 00:00:00-04:00,22.649999618530273,22.889999389648438,22.209999084472656,22.690000534057617,339800,0.0,0.0
2024-05-07 00:00:00-04:00,22.790000915527344,23.030000686645508,22.229999542236328,22.239999771118164,381400,0.0,0.0
2024-05-08 00:00:00-04:00,23.799999237060547,28.93000030517578,23.760000228881836,26.940000534057617,1555600,0.0,0.0
2024-05-09 00:00:00-04:00,27.0,28.399999618530273,26.09000015258789,27.959999084472656,480500,0.0,0.0
2024-05-10 00:00:00-04:00,28.68000030517578,28.8799991607666,27.020000457763672,27.6200008392334,601000,0.0,0.0
2024-05-13 00:00:00-04:00,27.959999084472656,29.65999984741211,27.959999084472656,28.559999465942383,936700,0.0,0.0
2024-05-14 00:00:00-04:00,29.860000610351562,31.139999389648438,29.809999465942383,29.979999542236328,836600,0.0,0.0
2024-05-15 00:00:00-04:00,30.65999984741211,30.959999084472656,27.68000030517578,28.049999237060547,670100,0.0,0.0
2024-05-16 00:00:00-04:00,28.040000915527344,28.040000915527344,26.25,27.399999618530273,599200,0.0,0.0
2024-05-17 00:00:00-04:00,27.239999771118164,27.719999313354492,26.8700008392334,27.350000381469727,365000,0.0,0.0
2024-05-20 00:00:00-04:00,27.520000457763672,28.31999969482422,26.889999389648438,27.940000534057617,490000,0.0,0.0
2024-05-21 00:00:00-04:00,27.540000915527344,30.3799991607666,27.079999923706055,29.700000762939453,800800,0.0,0.0
2024-05-22 00:00:00-04:00,29.280000686645508,31.8700008392334,29.25,31.610000610351562,546300,0.0,0.0
2024-05-23 00:00:00-04:00,31.489999771118164,33.099998474121094,30.719999313354492,32.22999954223633,709200,0.0,0.0
2024-05-24 00:00:00-04:00,32.380001068115234,34.79999923706055,32.130001068115234,33.959999084472656,595100,0.0,0.0
2024-05-28 00:00:00-04:00,34.709999084472656,35.09000015258789,33.72999954223633,34.689998626708984,880500,0.0,0.0
2024-05-29 00:00:00-04:00,33.13999938964844,34.529998779296875,32.7599983215332,34.150001525878906,515900,0.0,0.0
2024-05-30 00:00:00-04:00,34.63999938964844,36.4900016784668,34.11000061035156,36.380001068115234,364300,0.0,0.0
2024-05-31 00:00:00-04:00,36.7400016784668,36.900001525878906,35.189998626708984,36.52000045776367,503200,0.0,0.0
2024-06-03 00:00:00-04:00,37.619998931884766,37.77000045776367,36.380001068115234,36.54999923706055,486800,0.0,0.0
2024-06-04 00:00:00-04:00,34.900001525878906,35.619998931884766,34.099998474121094,34.689998626708984,345900,0.0,0.0
2024-06-05 00:00:00-04:00,35.220001220703125,36.2599983215332,34.79999923706055,36.099998474121094,234400,0.0,0.0
2024-06-06 00:00:00-04:00,35.900001525878906,36.040000915527344,35.0099983215332,35.52000045776367,383900,0.0,0.0
2024-06-07 00:00:00-04:00,34.25,34.95000076293945,32.779998779296875,33.459999084472656,570600,0.0,0.0
2024-06-10 00:00:00-04:00,33.04999923706055,34.970001220703125,33.02000045776367,34.5099983215332,342500,0.0,0.0
2024-06-11 00:00:00-04:00,34.09000015258789,34.79999923706055,33.0099983215332,34.65999984741211,229500,0.0,0.0
2024-06-12 00:00:00-04:00,36.619998931884766,37.130001068115234,34.869998931884766,35.54999923706055,430900,0.0,0.0
2024-06-13 00:00:00-04:00,35.369998931884766,35.5099983215332,33.54999923706055,34.54999923706055,282800,0.0,0.0
2024-06-14 00:00:00-04:00,34.029998779296875,34.43000030517578,32.95000076293945,32.97999954223633,274300,0.0,0.0
2024-06-17 00:00:00-04:00,32.869998931884766,33.4900016784668,32.41999816894531,32.65999984741211,357300,0.0,0.0
2024-06-18 00:00:00-04:00,32.4900016784668,33.68000030517578,32.31999969482422,33.380001068115234,314500,0.0,0.0
2024-06-20 00:00:00-04:00,32.880001068115234,33.56999969482422,32.29999923706055,33.369998931884766,318200,0.0,0.0
2024-06-21 00:00:00-04:00,33.060001373291016,33.06999969482422,31.799999237060547,31.979999542236328,595100,0.0,0.0
2024-06-24 00:00:00-04:00,31.959999084472656,32.40999984741211,31.15999984741211,31.860000610351562,357600,0.0,0.0
2024-06-25 00:00:00-04:00,31.549999237060547,32.09000015258789,30.860000610351562,31.459999084472656,350800,0.0,0.0
2024-06-26 00:00:00-04:00,31.200000762939453,31.780000686645508,30.440000534057617,30.729999542236328,234800,0.0,0.0
2024-06-27 00:00:00-04:00,30.690000534057617,31.079999923706055,30.020000457763672,30.729999542236328,399900,0.0,0.0
2024-06-28 00:00:00-04:00,30.959999084472656,31.079999923706055,28.40999984741211,28.809999465942383,1226000,0.0,0.0
2024-07-01 00:00:00-04:00,29.1299991607666,29.1299991607666,25.989999771118164,26.0,477100,0.0,0.0
2024-07-02 00:00:00-04:00,26.0,26.989999771118164,25.770000457763672,26.899999618530273,624500,0.0,0.0
2024-07-03 00:00:00-04:00,27.079999923706055,28.239999771118164,26.65999984741211,27.139999389648438,364800,0.0,0.0
2024-07-05 00:00:00-04:00,27.15999984741211,27.3700008392334,26.219999313354492,27.290000915527344,344500,0.0,0.0
2024-07-08 00:00:00-04:00,27.780000686645508,28.860000610351562,26.110000610351562,26.329999923706055,524200,0.0,0.0
2024-07-09 00:00:00-04:00,25.8700008392334,26.15999984741211,24.5,25.799999237060547,716100,0.0,0.0
2024-07-10 00:00:00-04:00,26.059999465942383,27.299999237060547,25.200000762939453,27.100000381469727,411900,0.0,0.0
2024-07-11 00:00:00-04:00,28.8700008392334,32.290000915527344,28.8700008392334,31.56999969482422,821300,0.0,0.0
2024-07-12 00:00:00-04:00,32.08000183105469,33.849998474121094,31.790000915527344,33.310001373291016,524200,0.0,0.0
2024-07-15 00:00:00-04:00,32.66999816894531,32.66999816894531,30.5,31.170000076293945,529900,0.0,0.0
2024-07-16 00:00:00-04:00,31.510000228881836,33.65999984741211,30.389999389648438,33.59000015258789,572000,0.0,0.0
2024-07-17 00:00:00-04:00,33.0,34.0,31.809999465942383,32.630001068115234,454900,0.0,0.0
2024-07-18 00:00:00-04:00,32.7599983215332,33.83000183105469,31.59000015258789,32.0099983215332,479200,0.0,0.0
2024-07-19 00:00:00-04:00,32.029998779296875,32.650001525878906,31.360000610351562,31.510000228881836,2165900,0.0,0.0
2024-07-22 00:00:00-04:00,33.31999969482422,33.31999969482422,31.229999542236328,32.810001373291016,445500,0.0,0.0
2024-07-23 00:00:00-04:00,32.2599983215332,32.70000076293945,31.520000457763672,32.34000015258789,513900,0.0,0.0
2024-07-24 00:00:00-04:00,32.5099983215332,33.439998626708984,31.450000762939453,31.5,361800,0.0,0.0
2024-07-25 00:00:00-04:00,31.309999465942383,33.029998779296875,30.950000762939453,32.310001373291016,409000,0.0,0.0
2024-07-26 00:00:00-04:00,33.2400016784668,34.650001525878906,30.850000381469727,30.889999389648438,521800,0.0,0.0
2024-07-29 00:00:00-04:00,30.850000381469727,31.90999984741211,30.229999542236328,30.979999542236328,364400,0.0,0.0
2024-07-30 00:00:00-04:00,31.020000457763672,32.16999816894531,30.5,30.809999465942383,362900,0.0,0.0
2024-07-31 00:00:00-04:00,31.18000030517578,33.0,30.739999771118164,31.56999969482422,461400,0.0,0.0
2024-08-01 00:00:00-04:00,31.860000610351562,33.040000915527344,28.719999313354492,29.049999237060547,469400,0.0,0.0
2024-08-02 00:00:00-04:00,27.93000030517578,28.420000076293945,26.600000381469727,27.40999984741211,519300,0.0,0.0
2024-08-05 00:00:00-04:00,25.40999984741211,27.809999465942383,24.989999771118164,26.850000381469727,780200,0.0,0.0
2024-08-06 00:00:00-04:00,26.6200008392334,30.0,24.75,28.729999542236328,919900,0.0,0.0
2024-08-07 00:00:00-04:00,29.540000915527344,30.959999084472656,27.790000915527344,27.920000076293945,488800,0.0,0.0
2024-08-08 00:00:00-04:00,28.270000457763672,29.40999984741211,27.1200008392334,28.950000762939453,382200,0.0,0.0
2024-08-09 00:00:00-04:00,29.110000610351562,29.110000610351562,26.420000076293945,26.719999313354492,316700,0.0,0.0
2024-08-12 00:00:00-04:00,26.649999618530273,27.389999389648438,26.1200008392334,26.68000030517578,471800,0.0,0.0
2024-08-13 00:00:00-04:00,27.31999969482422,28.469999313354492,27.229999542236328,28.459999084472656,216300,0.0,0.0
2024-08-14 00:00:00-04:00,28.229999542236328,28.260000228881836,26.350000381469727,27.100000381469727,345300,0.0,0.0
2024-08-15 00:00:00-04:00,27.65999984741211,28.610000610351562,27.450000762939453,28.0,412000,0.0,0.0
2024-08-16 00:00:00-04:00,27.860000610351562,28.6299991607666,27.549999237060547,27.850000381469727,260200,0.0,0.0
2024-08-19 00:00:00-04:00,27.989999771118164,29.3700008392334,27.989999771118164,29.260000228881836,309200,0.0,0.0
2024-08-20 00:00:00-04:00,29.170000076293945,29.3700008392334,27.270000457763672,27.790000915527344,228900,0.0,0.0
2024-08-21 00:00:00-04:00,28.020000457763672,28.520000457763672,27.530000686645508,28.209999084472656,171800,0.0,0.0
2024-08-22 00:00:00-04:00,28.219999313354492,28.540000915527344,27.239999771118164,27.549999237060547,145800,0.0,0.0
2024-08-23 00:00:00-04:00,27.829999923706055,29.719999313354492,27.6299991607666,29.68000030517578,224500,0.0,0.0
2024-08-26 00:00:00-04:00,30.049999237060547,30.5,29.68000030517578,30.09000015258789,226500,0.0,0.0
2024-08-27 00:00:00-04:00,30.229999542236328,30.350000381469727,29.31999969482422,29.6200008392334,181600,0.0,0.0
2024-08-28 00:00:00-04:00,29.450000762939453,29.8799991607666,28.6299991607666,28.989999771118164,144500,0.0,0.0
2024-08-29 00:00:00-04:00,29.389999389648438,30.360000610351562,28.8700008392334,29.979999542236328,198500,0.0,0.0
2024-08-30 00:00:00-04:00,30.260000228881836,30.709999084472656,29.6299991607666,30.450000762939453,188800,0.0,0.0
2024-09-03 00:00:00-04:00,30.229999542236328,30.5,28.389999389648438,29.520000457763672,326400,0.0,0.0
2024-09-04 00:00:00-04:00,28.260000228881836,29.530000686645508,28.110000610351562,29.290000915527344,236100,0.0,0.0
2024-09-05 00:00:00-04:00,30.110000610351562,31.959999084472656,30.049999237060547,31.639999389648438,276000,0.0,0.0
2024-09-06 00:00:00-04:00,31.440000534057617,31.549999237060547,28.190000534057617,29.40999984741211,341000,0.0,0.0
2024-09-09 00:00:00-04:00,29.649999618530273,30.389999389648438,29.219999313354492,30.09000015258789,283000,0.0,0.0
2024-09-10 00:00:00-04:00,30.09000015258789,30.799999237060547,28.59000015258789,30.59000015258789,321900,0.0,0.0
2024-09-11 00:00:00-04:00,31.219999313354492,34.33000183105469,31.040000915527344,33.2599983215332,483700,0.0,0.0
2024-09-12 00:00:00-04:00,33.2599983215332,33.869998931884766,31.899999618530273,33.22999954223633,238700,0.0,0.0
2024-09-13 00:00:00-04:00,33.95000076293945,34.52000045776367,33.43000030517578,34.279998779296875,219800,0.0,0.0
2024-09-16 00:00:00-04:00,34.380001068115234,34.959999084472656,33.540000915527344,34.779998779296875,419700,0.0,0.0
2024-09-17 00:00:00-04:00,35.0099983215332,36.939998626708984,34.83000183105469,36.25,275300,0.0,0.0
2024-09-18 00:00:00-04:00,36.11000061035156,38.34000015258789,35.40999984741211,36.29999923706055,319900,0.0,0.0
2024-09-19 00:00:00-04:00,37.63999938964844,37.63999938964844,35.630001068115234,35.7400016784668,297100,0.0,0.0
2024-09-20 00:00:00-04:00,35.41999816894531,37.209999084472656,34.849998474121094,36.06999969482422,571400,0.0,0.0
2024-09-23 00:00:00-04:00,38.70000076293945,38.86000061035156,36.880001068115234,37.790000915527344,356700,0.0,0.0
2024-09-24 00:00:00-04:00,38.029998779296875,38.560001373291016,37.16999816894531,37.75,421000,0.0,0.0
2024-09-25 00:00:00-04:00,37.61000061035156,37.61000061035156,36.29999923706055,36.38999938964844,224900,0.0,0.0
2024-09-26 00:00:00-04:00,37.529998779296875,39.060001373291016,36.59000015258789,38.779998779296875,260800,0.0,0.0
2024-09-27 00:00:00-04:00,39.0,39.68000030517578,38.22999954223633,38.599998474121094,231500,0.0,0.0
2024-09-30 00:00:00-04:00,38.38999938964844,38.709999084472656,37.630001068115234,37.939998626708984,237200,0.0,0.0
2024-10-01 00:00:00-04:00,37.790000915527344,37.790000915527344,36.470001220703125,37.310001373291016,242300,0.0,0.0
2024-10-02 00:00:00-04:00,37.25,37.439998626708984,36.279998779296875,36.70000076293945,298300,0.0,0.0
2024-10-03 00:00:00-04:00,35.849998474121094,36.209999084472656,34.2599983215332,34.29999923706055,352500,0.0,0.0
2024-10-04 00:00:00-04:00,34.95000076293945,35.150001525878906,34.119998931884766,34.68000030517578,229000,0.0,0.0
2024-10-07 00:00:00-04:00,34.470001220703125,35.0,34.279998779296875,34.84000015258789,172500,0.0,0.0
2024-10-08 00:00:00-04:00,34.45000076293945,34.52000045776367,33.47999954223633,33.540000915527344,128100,0.0,0.0
2024-10-09 00:00:00-04:00,33.58000183105469,35.099998474121094,33.58000183105469,34.900001525878906,257100,0.0,0.0
2024-10-10 00:00:00-04:00,34.349998474121094,34.5,33.0099983215332,33.220001220703125,140000,0.0,0.0
2024-10-11 00:00:00-04:00,33.06999969482422,35.15999984741211,33.06999969482422,34.79999923706055,204300,0.0,0.0
2024-10-14 00:00:00-04:00,34.790000915527344,35.0,34.31999969482422,34.939998626708984,184500,0.0,0.0
2024-10-15 00:00:00-04:00,34.25,34.25,31.829999923706055,33.29999923706055,385800,0.0,0.0
2024-10-16 00:00:00-04:00,34.16999816894531,35.2599983215332,33.90999984741211,34.810001373291016,1011200,0.0,0.0
2024-10-17 00:00:00-04:00,34.63999938964844,34.63999938964844,30.170000076293945,30.899999618530273,799800,0.0,0.0
2024-10-18 00:00:00-04:00,31.440000534057617,32.27000045776367,30.600000381469727,31.850000381469727,708900,0.0,0.0
2024-10-21 00:00:00-04:00,31.290000915527344,32.290000915527344,30.719999313354492,30.739999771118164,256400,0.0,0.0
2024-10-22 00:00:00-04:00,30.90999984741211,31.229999542236328,29.93000030517578,29.979999542236328,369000,0.0,0.0
2024-10-23 00:00:00-04:00,29.84000015258789,30.8799991607666,29.549999237060547,30.780000686645508,328600,0.0,0.0
2024-10-24 00:00:00-04:00,31.530000686645508,31.90999984741211,30.709999084472656,31.559999465942383,329700,0.0,0.0
2024-10-25 00:00:00-04:00,31.84000015258789,32.130001068115234,30.219999313354492,30.510000228881836,222000,0.0,0.0
2024-10-28 00:00:00-04:00,31.09000015258789,33.099998474121094,30.979999542236328,31.739999771118164,219900,0.0,0.0
2024-10-29 00:00:00-04:00,30.93000030517578,30.959999084472656,29.75,30.15999984741211,319900,0.0,0.0
2024-10-30 00:00:00-04:00,29.950000762939453,31.1299991607666,29.920000076293945,29.989999771118164,232400,0.0,0.0
2024-10-31 00:00:00-04:00,30.0,31.5,29.760000228881836,30.770000457763672,260100,0.0,0.0
2024-11-01 00:00:00-04:00,31.34000015258789,32.66999816894531,30.770000457763672,32.33000183105469,346200,0.0,0.0
2024-11-04 00:00:00-05:00,32.7599983215332,34.2599983215332,32.7599983215332,33.47999954223633,552600,0.0,0.0
2024-11-05 00:00:00-05:00,33.189998626708984,35.52000045776367,32.90999984741211,35.400001525878906,334600,0.0,0.0
2024-11-06 00:00:00-05:00,33.25,33.349998474121094,29.010000228881836,32.150001525878906,902700,0.0,0.0
2024-11-07 00:00:00-05:00,32.0099983215332,33.29999923706055,30.940000534057617,31.639999389648438,610000,0.0,0.0
2024-11-08 00:00:00-05:00,32.0,32.0,25.5,26.479999542236328,1048800,0.0,0.0
2024-11-11 00:00:00-05:00,27.450000762939453,28.65999984741211,26.989999771118164,28.600000381469727,649800,0.0,0.0
2024-11-12 00:00:00-05:00,27.690000534057617,28.899999618530273,25.93000030517578,26.450000762939453,409600,0.0,0.0
2024-11-13 00:00:00-05:00,27.100000381469727,28.09000015258789,25.770000457763672,26.280000686645508,379000,0.0,0.0
2024-11-14 00:00:00-05:00,26.40999984741211,27.329999923706055,25.670000076293945,26.780000686645508,400800,0.0,0.0
2024-11-15 00:00:00-05:00,27.200000762939453,27.200000762939453,25.31999969482422,25.489999771118164,354600,0.0,0.0
2024-11-18 00:00:00-05:00,27.389999389648438,28.31999969482422,26.649999618530273,26.670000076293945,386600,0.0,0.0
2024-11-19 00:00:00-05:00,26.3700008392334,26.979999542236328,26.15999984741211,26.530000686645508,271000,0.0,0.0
2024-11-20 00:00:00-05:00,26.670000076293945,27.15999984741211,26.229999542236328,26.75,253900,0.0,0.0
2024-11-21 00:00:00-05:00,26.670000076293945,27.219999313354492,26.030000686645508,26.1299991607666,292300,0.0,0.0
2024-11-22 00:00:00-05:00,26.149999618530273,26.540000915527344,25.65999984741211,26.3700008392334,286100,0.0,0.0
2024-11-25 00:00:00-05:00,27.31999969482422,28.489999771118164,26.940000534057617,27.200000762939453,451300,0.0,0.0
2024-11-26 00:00:00-05:00,26.809999465942383,27.09000015258789,25.899999618530273,26.190000534057617,317900,0.0,0.0
2024-11-27 00:00:00-05:00,26.920000076293945,29.0,26.920000076293945,28.530000686645508,318100,0.0,0.0
2024-11-29 00:00:00-05:00,28.84000015258789,29.56999969482422,28.040000915527344,28.170000076293945,234900,0.0,0.0
2024-12-02 00:00:00-05:00,28.25,29.049999237060547,27.899999618530273,28.709999084472656,336600,0.0,0.0
2024-12-03 00:00:00-05:00,28.479999542236328,28.780000686645508,27.610000610351562,28.1299991607666,374300,0.0,0.0
2024-12-04 00:00:00-05:00,28.350000381469727,28.829999923706055,27.6299991607666,27.84000015258789,295600,0.0,0.0
2024-12-05 00:00:00-05:00,27.969999313354492,28.540000915527344,27.18000030517578,27.299999237060547,240800,0.0,0.0
2024-12-06 00:00:00-05:00,27.829999923706055,27.93000030517578,27.09000015258789,27.780000686645508,178400,0.0,0.0
2024-12-09 00:00:00-05:00,27.8700008392334,28.649999618530273,27.09000015258789,27.170000076293945,344700,0.0,0.0
2024-12-10 00:00:00-05:00,26.8700008392334,27.56999969482422,26.0,26.59000015258789,331300,0.0,0.0
2024-12-11 00:00:00-05:00,26.959999084472656,27.149999618530273,25.8799991607666,25.90999984741211,326100,0.0,0.0
2024-12-12 00:00:00-05:00,25.760000228881836,26.049999237060547,25.06999969482422,25.15999984741211,298800,0.0,0.0
2024-12-13 00:00:00-05:00,25.09000015258789,25.420000076293945,24.530000686645508,25.0,225000,0.0,0.0
2024-12-16 00:00:00-05:00,24.719999313354492,25.350000381469727,24.100000381469727,24.309999465942383,295500,0.0,0.0
2024-12-17 00:00:00-05:00,24.0,24.56999969482422,23.75,23.920000076293945,319500,0.0,0.0
2024-12-18 00:00:00-05:00,23.989999771118164,25.200000762939453,22.489999771118164,22.899999618530273,308400,0.0,0.0
2024-12-19 00:00:00-05:00,23.280000686645508,23.280000686645508,21.889999389648438,22.100000381469727,376000,0.0,0.0
2024-12-20 00:00:00-05:00,21.790000915527344,22.979999542236328,21.760000228881836,22.350000381469727,560500,0.0,0.0
2024-12-23 00:00:00-05:00,22.350000381469727,22.969999313354492,22.149999618530273,22.850000381469727,243700,0.0,0.0
2024-12-24 00:00:00-05:00,22.989999771118164,23.540000915527344,22.5,23.530000686645508,148800,0.0,0.0
2024-12-26 00:00:00-05:00,23.219999313354492,23.940000534057617,22.899999618530273,23.469999313354492,213100,0.0,0.0
2024-12-27 00:00:00-05:00,23.18000030517578,23.610000610351562,22.690000534057617,23.18000030517578,376400,0.0,0.0
2024-12-30 00:00:00-05:00,22.8700008392334,23.229999542236328,22.440000534057617,22.969999313354492,347700,0.0,0.0
2024-12-31 00:00:00-05:00,23.18000030517578,23.600000381469727,23.09000015258789,23.479999542236328,375000,0.0,0.0
2025-01-02 00:00:00-05:00,23.950000762939453,25.3799991607666,23.950000762939453,25.139999389648438,329900,0.0,0.0
2025-01-03 00:00:00-05:00,25.559999465942383,27.579999923706055,25.440000534057617,27.510000228881836,415300,0.0,0.0
2025-01-06 00:00:00-05:00,28.049999237060547,28.8700008392334,27.84000015258789,27.90999984741211,282100,0.0,0.0
2025-01-07 00:00:00-05:00,28.200000762939453,28.59000015258789,27.34000015258789,28.170000076293945,228100,0.0,0.0
2025-01-08 00:00:00-05:00,27.6200008392334,27.729999542236328,26.459999084472656,27.100000381469727,193600,0.0,0.0
2025-01-10 00:00:00-05:00,26.690000534057617,26.719999313354492,25.299999237060547,25.670000076293945,226200,0.0,0.0
2025-01-13 00:00:00-05:00,25.420000076293945,25.420000076293945,23.530000686645508,24.190000534057617,531600,0.0,0.0
2025-01-14 00:00:00-05:00,24.639999389648438,25.100000381469727,23.459999084472656,23.940000534057617,298200,0.0,0.0
2025-01-15 00:00:00-05:00,24.299999237060547,24.979999542236328,23.270000457763672,23.350000381469727,476500,0.0,0.0
2025-01-16 00:00:00-05:00,23.440000534057617,24.959999084472656,23.40999984741211,24.690000534057617,383900,0.0,0.0
2025-01-17 00:00:00-05:00,25.229999542236328,25.299999237060547,22.559999465942383,23.049999237060547,2116900,0.0,0.0
2025-01-21 00:00:00-05:00,23.420000076293945,24.280000686645508,22.989999771118164,24.200000762939453,410400,0.0,0.0
2025-01-22 00:00:00-05:00,24.200000762939453,24.200000762939453,22.700000762939453,23.049999237060547,325400,0.0,0.0
2025-01-23 00:00:00-05:00,22.920000076293945,23.1200008392334,22.18000030517578,22.670000076293945,561500,0.0,0.0
2025-01-24 00:00:00-05:00,22.520000457763672,23.0,22.459999084472656,22.649999618530273,264000,0.0,0.0
2025-01-27 00:00:00-05:00,22.34000015258789,22.6299991607666,21.270000457763672,22.0,338000,0.0,0.0
2025-01-28 00:00:00-05:00,22.3700008392334,22.3700008392334,21.3799991607666,21.489999771118164,238300,0.0,0.0
2025-01-29 00:00:00-05:00,21.899999618530273,22.280000686645508,21.479999542236328,22.020000457763672,272600,0.0,0.0
2025-01-30 00:00:00-05:00,22.489999771118164,22.719999313354492,22.1299991607666,22.5,165600,0.0,0.0
2025-01-31 00:00:00-05:00,22.68000030517578,22.989999771118164,22.200000762939453,22.6299991607666,244100,0.0,0.0
2025-02-03 00:00:00-05:00,21.280000686645508,22.0,20.530000686645508,20.8700008392334,479900,0.0,0.0
2025-02-04 00:00:00-05:00,20.780000686645508,21.299999237060547,20.389999389648438,20.479999542236328,385600,0.0,0.0
2025-02-05 00:00:00-05:00,20.43000030517578,21.110000610351562,20.139999389648438,20.190000534057617,199200,0.0,0.0
2025-02-06 00:00:00-05:00,20.6200008392334,21.59000015258789,20.579999923706055,21.110000610351562,229800,0.0,0.0
2025-02-07 00:00:00-05:00,20.959999084472656,21.25,20.290000915527344,20.729999542236328,275500,0.0,0.0
2025-02-10 00:00:00-05:00,20.850000381469727,21.219999313354492,20.450000762939453,20.670000076293945,307400,0.0,0.0
2025-02-11 00:00:00-05:00,20.200000762939453,20.520000457763672,19.8799991607666,19.93000030517578,192200,0.0,0.0
2025-02-12 00:00:00-05:00,19.3799991607666,19.760000228881836,19.0,19.06999969482422,275400,0.0,0.0
2025-02-13 00:00:00-05:00,19.290000915527344,19.389999389648438,18.90999984741211,19.079999923706055,387600,0.0,0.0
2025-02-14 00:00:00-05:00,19.479999542236328,19.829999923706055,18.989999771118164,19.6200008392334,274200,0.0,0.0
2025-02-18 00:00:00-05:00,19.450000762939453,19.450000762939453,18.649999618530273,19.059999465942383,958800,0.0,0.0
2025-02-19 00:00:00-05:00,19.200000762939453,19.65999984741211,18.8700008392334,19.040000915527344,398300,0.0,0.0
2025-02-20 00:00:00-05:00,19.149999618530273,19.850000381469727,18.969999313354492,19.59000015258789,353200,0.0,0.0
2025-02-21 00:00:00-05:00,20.0,20.219999313354492,18.610000610351562,18.690000534057617,243200,0.0,0.0
2025-02-24 00:00:00-05:00,18.770000457763672,18.989999771118164,18.010000228881836,18.299999237060547,365300,0.0,0.0
2025-02-25 00:00:00-05:00,18.389999389648438,18.540000915527344,17.8799991607666,18.389999389648438,254500,0.0,0.0
2025-02-26 00:00:00-05:00,18.3700008392334,19.329999923706055,18.190000534057617,18.25,412700,0.0,0.0
2025-02-27 00:00:00-05:00,18.09000015258789,18.43000030517578,17.829999923706055,18.329999923706055,761900,0.0,0.0
2025-02-28 00:00:00-05:00,16.290000915527344,16.489999771118164,11.779999732971191,11.800000190734863,3509600,0.0,0.0
2025-03-03 00:00:00-05:00,12.050000190734863,12.149999618530273,10.399999618530273,10.5600004196167,2080300,0.0,0.0
2025-03-04 00:00:00-05:00,10.039999961853027,10.34000015258789,9.390000343322754,9.59000015258789,2144400,0.0,0.0
2025-03-05 00:00:00-05:00,9.760000228881836,10.149999618530273,9.539999961853027,9.930000305175781,1760800,0.0,0.0
2025-03-06 00:00:00-05:00,9.680000305175781,9.739999771118164,9.039999961853027,9.289999961853027,1101800,0.0,0.0
2025-03-07 00:00:00-05:00,10.109999656677246,11.380000114440918,10.039999961853027,11.09000015258789,1991400,0.0,0.0
2025-03-10 00:00:00-04:00,10.890000343322754,11.3100004196167,10.050000190734863,10.34000015258789,1213800,0.0,0.0
2025-03-11 00:00:00-04:00,10.460000038146973,10.680000305175781,9.930000305175781,10.319999694824219,788900,0.0,0.0
2025-03-12 00:00:00-04:00,10.529999732971191,10.600000381469727,10.020000457763672,10.5600004196167,749300,0.0,0.0
2025-03-13 00:00:00-04:00,10.390000343322754,10.720000267028809,9.729999542236328,10.0,814300,0.0,0.0
2025-03-14 00:00:00-04:00,10.149999618530273,10.579999923706055,10.0,10.539999961853027,894400,0.0,0.0
2025-03-17 00:00:00-04:00,10.399999618530273,11.859999656677246,10.399999618530273,11.5600004196167,720500,0.0,0.0
2025-03-18 00:00:00-04:00,11.390000343322754,12.460000038146973,11.25,12.039999961853027,797900,0.0,0.0
2025-03-19 00:00:00-04:00,11.920000076293945,13.15999984741211,11.800000190734863,12.899999618530273,1047200,0.0,0.0
2025-03-20 00:00:00-04:00,12.770000457763672,13.670000076293945,12.449999809265137,12.789999961853027,1064900,0.0,0.0
2025-03-21 00:00:00-04:00,12.600000381469727,13.65999984741211,12.529999732971191,13.40999984741211,1217800,0.0,0.0
2025-03-24 00:00:00-04:00,13.6899995803833,13.739999771118164,12.880000114440918,12.90999984741211,895000,0.0,0.0
2025-03-25 00:00:00-04:00,12.979999542236328,13.34000015258789,12.65999984741211,12.770000457763672,534400,0.0,0.0
2025-03-26 00:00:00-04:00,12.8100004196167,13.1899995803833,12.069999694824219,12.34000015258789,317900,0.0,0.0
2025-03-27 00:00:00-04:00,12.25,12.489999771118164,12.100000381469727,12.300000190734863,317400,0.0,0.0
2025-03-28 00:00:00-04:00,12.319999694824219,12.75,12.149999618530273,12.359999656677246,623200,0.0,0.0
2025-03-31 00:00:00-04:00,11.979999542236328,12.359999656677246,11.819999694824219,12.079999923706055,694400,0.0,0.0
2025-04-01 00:00:00-04:00,12.109999656677246,12.40999984741211,11.739999771118164,12.020000457763672,619900,0.0,0.0
2025-04-02 00:00:00-04:00,11.8100004196167,12.229999542236328,11.770000457763672,12.180000305175781,369600,0.0,0.0
2025-04-03 00:00:00-04:00,11.479999542236328,11.770000457763672,10.960000038146973,11.229999542236328,467000,0.0,0.0
2025-04-04 00:00:00-04:00,10.75,10.850000381469727,10.039999961853027,10.819999694824219,715700,0.0,0.0
2025-04-07 00:00:00-04:00,10.039999961853027,11.149999618530273,9.899999618530273,10.100000381469727,679600,0.0,0.0
2025-04-08 00:00:00-04:00,10.619999885559082,10.75,9.140000343322754,9.279999732971191,861200,0.0,0.0
2025-04-09 00:00:00-04:00,9.039999961853027,11.149999618530273,9.0,10.8100004196167,794600,0.0,0.0
2025-04-10 00:00:00-04:00,10.5,10.770000457763672,9.739999771118164,10.220000267028809,683700,0.0,0.0
2025-04-11 00:00:00-04:00,10.1899995803833,10.1899995803833,9.550000190734863,9.989999771118164,374900,0.0,0.0
2025-04-14 00:00:00-04:00,10.260000228881836,10.399999618530273,9.850000381469727,10.09000015258789,411000,0.0,0.0
2025-04-15 00:00:00-04:00,9.729999542236328,10.029999732971191,9.510000228881836,9.579999923706055,517200,0.0,0.0
2025-04-16 00:00:00-04:00,9.550000190734863,10.619999885559082,9.5,10.1899995803833,1196100,0.0,0.0
2025-04-17 00:00:00-04:00,10.079999923706055,10.470000267028809,9.630000114440918,9.949999809265137,2691600,0.0,0.0
2025-04-21 00:00:00-04:00,9.6899995803833,9.6899995803833,8.489999771118164,8.65999984741211,789500,0.0,0.0
2025-04-22 00:00:00-04:00,8.720000267028809,9.789999961853027,8.670000076293945,9.680000305175781,889000,0.0,0.0
2025-04-23 00:00:00-04:00,10.140000343322754,10.489999771118164,9.359999656677246,9.40999984741211,843400,0.0,0.0
2025-04-24 00:00:00-04:00,9.449999809265137,10.09000015258789,9.40999984741211,10.0600004196167,542600,0.0,0.0
2025-04-25 00:00:00-04:00,10.0600004196167,10.899999618530273,9.989999771118164,10.75,622000,0.0,0.0
2025-04-28 00:00:00-04:00,10.649999618530273,10.930000305175781,10.40999984741211,10.720000267028809,422900,0.0,0.0
2025-04-29 00:00:00-04:00,10.800000190734863,11.09000015258789,10.550000190734863,10.859999656677246,435000,0.0,0.0
2025-04-30 00:00:00-04:00,10.420000076293945,10.630000114440918,10.15999984741211,10.630000114440918,533300,0.0,0.0
2025-05-01 00:00:00-04:00,10.850000381469727,11.550000190734863,10.850000381469727,11.0600004196167,546300,0.0,0.0
2025-05-02 00:00:00-04:00,11.3100004196167,12.0600004196167,11.210000038146973,12.0,881800,0.0,0.0
2025-05-05 00:00:00-04:00,11.829999923706055,12.079999923706055,11.479999542236328,11.630000114440918,592900,0.0,0.0
2025-05-06 00:00:00-04:00,14.0,15.59000015258789,12.920000076293945,13.0,2133800,0.0,0.0
2025-05-07 00:00:00-04:00,12.869999885559082,13.5600004196167,12.369999885559082,12.670000076293945,730200,0.0,0.0
2025-05-08 00:00:00-04:00,12.9399995803833,13.5,12.510000228881836,13.1899995803833,648500,0.0,0.0
2025-05-09 00:00:00-04:00,13.210000038146973,13.819999694824219,13.140000343322754,13.359999656677246,473800,0.0,0.0
2025-05-12 00:00:00-04:00,14.010000228881836,14.850000381469727,13.6899995803833,14.550000190734863,890900,0.0,0.0
2025-05-13 00:00:00-04:00,14.680000305175781,15.600000381469727,14.529999732971191,14.569999694824219,1072200,0.0,0.0
2025-05-14 00:00:00-04:00,14.3100004196167,14.729999542236328,13.960000038146973,14.210000038146973,401400,0.0,0.0
2025-05-15 00:00:00-04:00,13.970000267028809,14.90999984741211,13.619999885559082,14.760000228881836,404400,0.0,0.0
2025-05-16 00:00:00-04:00,14.739999771118164,15.149999618530273,14.5,14.960000038146973,449500,0.0,0.0
2025-05-19 00:00:00-04:00,14.479999542236328,14.949999809265137,14.260000228881836,14.680000305175781,381900,0.0,0.0
2025-05-20 00:00:00-04:00,14.680000305175781,15.270000457763672,14.5,14.65999984741211,392200,0.0,0.0
2025-05-21 00:00:00-04:00,14.350000381469727,14.75,14.140000343322754,14.15999984741211,376900,0.0,0.0
2025-05-22 00:00:00-04:00,13.75,13.770000457763672,12.949999809265137,13.649999618530273,567300,0.0,0.0
2025-05-23 00:00:00-04:00,13.34000015258789,13.819999694824219,13.34000015258789,13.649999618530273,247800,0.0,0.0
2025-05-27 00:00:00-04:00,13.979999542236328,14.329999923706055,13.539999961853027,14.1899995803833,341900,0.0,0.0
2025-05-28 00:00:00-04:00,14.279999732971191,14.4399995803833,13.720000267028809,14.0600004196167,354300,0.0,0.0
2025-05-29 00:00:00-04:00,14.369999885559082,14.470000267028809,13.819999694824219,14.359999656677246,614200,0.0,0.0
2025-05-30 00:00:00-04:00,14.220000267028809,14.3100004196167,13.760000228881836,13.779999732971191,552500,0.0,0.0
2025-06-02 00:00:00-04:00,13.600000381469727,13.829999923706055,12.960000038146973,13.529999732971191,384000,0.0,0.0
2025-06-03 00:00:00-04:00,13.699999809265137,15.420000076293945,13.359999656677246,15.329999923706055,675600,0.0,0.0
2025-06-04 00:00:00-04:00,15.300000190734863,15.430000305175781,14.680000305175781,14.829999923706055,315700,0.0,0.0
2025-06-05 00:00:00-04:00,14.779999732971191,15.130000114440918,14.579999923706055,14.850000381469727,235800,0.0,0.0
2025-06-06 00:00:00-04:00,15.329999923706055,15.729999542236328,15.029999732971191,15.510000228881836,415200,0.0,0.0
2025-06-09 00:00:00-04:00,15.960000038146973,16.3799991607666,15.640000343322754,15.970000267028809,439700,0.0,0.0
2025-06-10 00:00:00-04:00,16.100000381469727,16.270000457763672,15.289999961853027,15.630000114440918,389400,0.0,0.0
2025-06-11 00:00:00-04:00,15.859999656677246,16.09000015258789,15.520000457763672,15.869999885559082,333100,0.0,0.0
2025-06-12 00:00:00-04:00,15.40999984741211,16.200000762939453,15.399999618530273,16.010000228881836,208500,0.0,0.0
2025-06-13 00:00:00-04:00,15.649999618530273,16.110000610351562,15.449999809265137,15.850000381469727,361200,0.0,0.0
2025-06-16 00:00:00-04:00,16.290000915527344,16.899999618530273,16.15999984741211,16.530000686645508,450500,0.0,0.0
2025-06-17 00:00:00-04:00,16.06999969482422,16.559999465942383,15.640000343322754,16.049999237060547,388200,0.0,0.0
2025-06-18 00:00:00-04:00,16.09000015258789,16.6200008392334,15.9399995803833,16.100000381469727,431100,0.0,0.0
2025-06-20 00:00:00-04:00,16.15999984741211,16.260000228881836,14.979999542236328,15.0,1189300,0.0,0.0
2025-06-23 00:00:00-04:00,14.729999542236328,15.039999961853027,14.079999923706055,14.369999885559082,606000,0.0,0.0
2025-06-24 00:00:00-04:00,14.880000114440918,15.3100004196167,14.470000267028809,14.890000343322754,459900,0.0,0.0
2025-06-25 00:00:00-04:00,14.920000076293945,15.149999618530273,14.430000305175781,14.8100004196167,418700,0.0,0.0
2025-06-26 00:00:00-04:00,15.069999694824219,15.989999771118164,14.989999771118164,15.5600004196167,359900,0.0,0.0
2025-06-27 00:00:00-04:00,15.670000076293945,15.670000076293945,14.680000305175781,15.15999984741211,664000,0.0,0.0
2025-06-30 00:00:00-04:00,15.279999732971191,15.460000038146973,14.880000114440918,15.1899995803833,374300,0.0,0.0
2025-07-01 00:00:00-04:00,15.0600004196167,16.559999465942383,15.010000228881836,15.920000076293945,403200,0.0,0.0
2025-07-02 00:00:00-04:00,16.020000457763672,16.889999389648438,16.020000457763672,16.270000457763672,406800,0.0,0.0
2025-07-03 00:00:00-04:00,16.420000076293945,17.0,16.290000915527344,16.809999465942383,255300,0.0,0.0
2025-07-07 00:00:00-04:00,16.610000610351562,16.899999618530273,15.989999771118164,16.06999969482422,401500,0.0,0.0
2025-07-08 00:00:00-04:00,16.06999969482422,16.610000610351562,15.8100004196167,16.479999542236328,874700,0.0,0.0
2025-07-09 00:00:00-04:00,16.760000228881836,16.760000228881836,16.0,16.440000534057617,382000,0.0,0.0
2025-07-10 00:00:00-04:00,16.459999084472656,17.81999969482422,16.280000686645508,17.760000228881836,551800,0.0,0.0
2025-07-11 00:00:00-04:00,17.43000030517578,18.649999618530273,17.110000610351562,17.959999084472656,1565200,0.0,0.0
2025-07-14 00:00:00-04:00,18.0,18.850000381469727,17.639999389648438,18.579999923706055,987400,0.0,0.0
2025-07-15 00:00:00-04:00,18.979999542236328,19.8700008392334,17.969999313354492,18.34000015258789,1018600,0.0,0.0
2025-07-16 00:00:00-04:00,18.010000228881836,18.489999771118164,17.309999465942383,18.299999237060547,1388200,0.0,0.0
2025-07-17 00:00:00-04:00,18.209999084472656,18.5,17.809999465942383,18.360000610351562,990000,0.0,0.0
2025-07-18 00:00:00-04:00,18.440000534057617,18.670000076293945,18.06999969482422,18.209999084472656,2860200,0.0,0.0
2025-07-21 00:00:00-04:00,18.670000076293945,18.809999465942383,17.799999237060547,17.829999923706055,558800,0.0,0.0
2025-07-22 00:00:00-04:00,18.0,19.719999313354492,17.93000030517578,19.239999771118164,958800,0.0,0.0
2025-07-23 00:00:00-04:00,19.520000457763672,19.68000030517578,18.959999084472656,19.610000610351562,441700,0.0,0.0
2025-07-24 00:00:00-04:00,19.559999465942383,19.59000015258789,18.670000076293945,18.780000686645508,382600,0.0,0.0
2025-07-25 00:00:00-04:00,18.81999969482422,18.979999542236328,18.040000915527344,18.1200008392334,450800,0.0,0.0
2025-07-28 00:00:00-04:00,18.139999389648438,18.139999389648438,17.739999771118164,17.90999984741211,351100,0.0,0.0
2025-07-29 00:00:00-04:00,17.950000762939453,18.170000076293945,17.420000076293945,17.8799991607666,775100,0.0,0.0
2025-07-30 00:00:00-04:00,18.1299991607666,18.290000915527344,16.389999389648438,16.709999084472656,642500,0.0,0.0
2025-07-31 00:00:00-04:00,16.709999084472656,17.329999923706055,16.610000610351562,16.920000076293945,485500,0.0,0.0
2025-08-01 00:00:00-04:00,16.5,16.5,15.520000457763672,15.869999885559082,625000,0.0,0.0
2025-08-04 00:00:00-04:00,16.079999923706055,16.780000686645508,15.899999618530273,16.700000762939453,670200,0.0,0.0
2025-08-05 00:00:00-04:00,21.649999618530273,25.06999969482422,20.790000915527344,24.8799991607666,3224600,0.0,0.0
2025-08-06 00:00:00-04:00,24.889999389648438,24.959999084472656,19.889999389648438,20.3700008392334,1633700,0.0,0.0
2025-08-07 00:00:00-04:00,20.690000534057617,21.649999618530273,19.84000015258789,20.010000228881836,663000,0.0,0.0
2025-08-08 00:00:00-04:00,20.149999618530273,20.530000686645508,19.59000015258789,20.110000610351562,624700,0.0,0.0
2025-08-11 00:00:00-04:00,20.290000915527344,20.729999542236328,19.1299991607666,19.579999923706055,440500,0.0,0.0
2025-08-12 00:00:00-04:00,19.719999313354492,20.030000686645508,19.260000228881836,19.68000030517578,514100,0.0,0.0
2025-08-13 00:00:00-04:00,20.0,21.059999465942383,19.8700008392334,20.65999984741211,746600,0.0,0.0
2025-08-14 00:00:00-04:00,20.010000228881836,20.639999389648438,19.790000915527344,20.399999618530273,543900,0.0,0.0
2025-08-15 00:00:00-04:00,20.799999237060547,22.40999984741211,20.06999969482422,21.43000030517578,657400,0.0,0.0
2025-08-18 00:00:00-04:00,22.149999618530273,22.889999389648438,21.889999389648438,22.770000457763672,645700,0.0,0.0
2025-08-19 00:00:00-04:00,22.920000076293945,22.989999771118164,22.200000762939453,22.5,453500,0.0,0.0
2025-08-20 00:00:00-04:00,22.459999084472656,22.959999084472656,22.18000030517578,22.639999389648438,1258600,0.0,0.0
2025-08-21 00:00:00-04:00,22.329999923706055,22.979999542236328,22.040000915527344,22.719999313354492,348000,0.0,0.0
2025-08-22 00:00:00-04:00,23.079999923706055,24.520000457763672,22.600000381469727,24.360000610351562,787400,0.0,0.0
2025-08-25 00:00:00-04:00,24.209999084472656,25.040000915527344,23.809999465942383,24.780000686645508,519500,0.0,0.0
2025-08-26 00:00:00-04:00,24.780000686645508,25.600000381469727,24.670000076293945,25.100000381469727,501700,0.0,0.0
2025-08-27 00:00:00-04:00,24.899999618530273,25.530000686645508,24.40999984741211,24.540000915527344,601800,0.0,0.0
2025-08-28 00:00:00-04:00,24.760000228881836,25.43000030517578,24.40999984741211,25.290000915527344,469000,0.0,0.0
2025-08-29 00:00:00-04:00,25.40999984741211,25.899999618530273,24.979999542236328,25.43000030517578,430300,0.0,0.0
2025-09-02 00:00:00-04:00,26.43000030517578,26.729999542236328,24.8799991607666,25.459999084472656,642800,0.0,0.0
2025-09-03 00:00:00-04:00,25.389999389648438,26.079999923706055,25.3700008392334,25.649999618530273,527400,0.0,0.0
2025-09-04 00:00:00-04:00,25.610000610351562,26.040000915527344,25.459999084472656,26.0,356800,0.0,0.0
2025-09-05 00:00:00-04:00,26.3799991607666,26.68000030517578,25.229999542236328,25.93000030517578,474500,0.0,0.0
2025-09-08 00:00:00-04:00,25.920000076293945,26.0,23.770000457763672,24.270000457763672,675100,0.0,0.0
2025-09-09 00:00:00-04:00,28.540000915527344,28.6299991607666,24.670000076293945,24.8700008392334,765200,0.0,0.0
2025-09-10 00:00:00-04:00,26.049999237060547,28.459999084472656,26.049999237060547,28.020000457763672,1219500,0.0,0.0
2025-09-11 00:00:00-04:00,27.639999389648438,28.149999618530273,26.90999984741211,27.329999923706055,670900,0.0,0.0
2025-09-12 00:00:00-04:00,27.06999969482422,27.850000381469727,26.84000015258789,27.389999389648438,736800,0.0,0.0
2025-09-15 00:00:00-04:00,28.0,29.219999313354492,27.709999084472656,28.799999237060547,700800,0.0,0.0
2025-09-16 00:00:00-04:00,28.610000610351562,29.459999084472656,28.15999984741211,28.3700008392334,561600,0.0,0.0
2025-09-17 00:00:00-04:00,28.3700008392334,30.049999237060547,28.3700008392334,29.040000915527344,579200,0.0,0.0
2025-09-18 00:00:00-04:00,29.1299991607666,31.399999618530273,28.84000015258789,31.270000457763672,724000,0.0,0.0
2025-09-19 00:00:00-04:00,31.649999618530273,32.540000915527344,30.239999771118164,30.809999465942383,1460300,0.0,0.0
2025-09-22 00:00:00-04:00,30.809999465942383,32.58000183105469,30.350000381469727,32.150001525878906,618000,0.0,0.0
2025-09-23 00:00:00-04:00,32.619998931884766,33.7400016784668,31.450000762939453,31.479999542236328,830900,0.0,0.0
2025-09-24 00:00:00-04:00,31.940000534057617,32.68000030517578,31.25,31.610000610351562,549500,0.0,0.0
2025-09-25 00:00:00-04:00,32.61000061035156,35.310001373291016,32.61000061035156,34.84000015258789,1394900,0.0,0.0
2025-09-26 00:00:00-04:00,34.5,35.4900016784668,34.22999954223633,34.790000915527344,723500,0.0,0.0
2025-09-29 00:00:00-04:00,35.150001525878906,35.709999084472656,33.65999984741211,34.15999984741211,673200,0.0,0.0
2025-09-30 00:00:00-04:00,34.15999984741211,34.380001068115234,32.75,33.58000183105469,881400,0.0,0.0
2025-10-01 00:00:00-04:00,33.72999954223633,38.0,33.59000015258789,37.540000915527344,906700,0.0,0.0
2025-10-02 00:00:00-04:00,37.02000045776367,37.970001220703125,36.22999954223633,36.34000015258789,895600,0.0,0.0
2025-10-03 00:00:00-04:00,36.27000045776367,37.630001068115234,36.099998474121094,37.33000183105469,589900,0.0,0.0
2025-10-06 00:00:00-04:00,38.04999923706055,39.29999923706055,37.599998474121094,38.25,556100,0.0,0.0
2025-10-07 00:00:00-04:00,39.349998474121094,39.70000076293945,37.7599983215332,38.849998474121094,556600,0.0,0.0
2025-10-08 00:00:00-04:00,39.22999954223633,39.83000183105469,38.529998779296875,38.59000015258789,777100,0.0,0.0
2025-10-09 00:00:00-04:00,38.560001373291016,40.880001068115234,38.029998779296875,39.529998779296875,586400,0.0,0.0
2025-10-10 00:00:00-04:00,39.650001525878906,40.68000030517578,37.97999954223633,38.18000030517578,662100,0.0,0.0
2025-10-13 00:00:00-04:00,41.0,44.93000030517578,40.20000076293945,41.709999084472656,923800,0.0,0.0
2025-10-14 00:00:00-04:00,40.5,42.900001525878906,40.04999923706055,41.540000915527344,454300,0.0,0.0
2025-10-15 00:00:00-04:00,44.13999938964844,44.36000061035156,41.81999969482422,43.22999954223633,1063400,0.0,0.0
2025-10-16 00:00:00-04:00,43.22999954223633,44.59000015258789,41.93000030517578,42.61000061035156,906800,0.0,0.0
2025-10-17 00:00:00-04:00,41.369998931884766,42.119998931884766,39.709999084472656,39.93000030517578,1642100,0.0,0.0
2025-10-20 00:00:00-04:00,40.849998474121094,42.209999084472656,40.369998931884766,40.56999969482422,573700,0.0,0.0
2025-10-21 00:00:00-04:00,38.689998626708984,39.72999954223633,37.189998626708984,38.11000061035156,827300,0.0,0.0
2025-10-22 00:00:00-04:00,37.849998474121094,39.0,37.279998779296875,38.31999969482422,724700,0.0,0.0
2025-10-23 00:00:00-04:00,38.34000015258789,40.0,37.849998474121094,39.650001525878906,425800,0.0,0.0
2025-10-24 00:00:00-04:00,41.0,42.619998931884766,40.77000045776367,42.470001220703125,482800,0.0,0.0
2025-10-27 00:00:00-04:00,42.5,42.83000183105469,41.150001525878906,41.54999923706055,324200,0.0,0.0
2025-10-28 00:00:00-04:00,41.540000915527344,42.06999969482422,40.52000045776367,40.79999923706055,286600,0.0,0.0
2025-10-29 00:00:00-04:00,40.97999954223633,41.689998626708984,39.310001373291016,39.54999923706055,446200,0.0,0.0
2025-10-30 00:00:00-04:00,39.0,39.900001525878906,38.599998474121094,38.970001220703125,391400,0.0,0.0
2025-10-31 00:00:00-04:00,39.380001068115234,40.04999923706055,38.5,39.52000045776367,379800,0.0,0.0
2025-11-03 00:00:00-05:00,39.619998931884766,40.72999954223633,38.22999954223633,40.0,449100,0.0,0.0
2025-11-04 00:00:00-05:00,36.599998474121094,38.779998779296875,34.189998626708984,36.279998779296875,1448600,0.0,0.0
2025-11-05 00:00:00-05:00,36.29999923706055,37.75,35.02000045776367,37.439998626708984,841700,0.0,0.0
2025-11-06 00:00:00-05:00,37.38999938964844,37.970001220703125,35.95000076293945,36.599998474121094,472200,0.0,0.0
2025-11-07 00:00:00-05:00,35.290000915527344,36.22999954223633,33.41999816894531,35.27000045776367,744200,0.0,0.0
2025-11-10 00:00:00-05:00,36.70000076293945,36.959999084472656,35.18000030517578,35.90999984741211,432900,0.0,0.0
2025-11-11 00:00:00-05:00,35.43000030517578,36.119998931884766,34.310001373291016,35.09000015258789,320000,0.0,0.0
2025-11-12 00:00:00-05:00,35.18000030517578,35.369998931884766,32.95000076293945,33.720001220703125,559500,0.0,0.0
2025-11-13 00:00:00-05:00,33.290000915527344,33.939998626708984,31.450000762939453,31.520000457763672,553200,0.0,0.0
2025-11-14 00:00:00-05:00,31.489999771118164,33.22999954223633,30.600000381469727,32.15999984741211,757000,0.0,0.0
2025-11-17 00:00:00-05:00,31.90999984741211,32.0099983215332,30.59000015258789,31.079999923706055,395500,0.0,0.0
2025-11-18 00:00:00-05:00,30.489999771118164,31.799999237060547,30.010000228881836,31.139999389648438,541000,0.0,0.0
2025-11-19 00:00:00-05:00,31.09000015258789,32.2400016784668,30.6200008392334,31.030000686645508,421300,0.0,0.0
2025-11-20 00:00:00-05:00,32.5,32.790000915527344,30.239999771118164,30.520000457763672,430400,0.0,0.0
2025-11-21 00:00:00-05:00,30.489999771118164,31.75,29.75,31.440000534057617,500800,0.0,0.0
2025-11-24 00:00:00-05:00,31.850000381469727,32.88999938964844,31.299999237060547,32.54999923706055,340800,0.0,0.0
2025-11-25 00:00:00-05:00,32.75,33.63999938964844,31.84000015258789,33.27000045776367,272400,0.0,0.0
2025-11-26 00:00:00-05:00,33.599998474121094,34.720001220703125,33.38999938964844,34.650001525878906,616400,0.0,0.0
2025-11-28 00:00:00-05:00,34.65999984741211,34.79999923706055,34.099998474121094,34.709999084472656,161100,0.0,0.0
2025-12-01 00:00:00-05:00,34.09000015258789,35.220001220703125,33.5,34.95000076293945,439600,0.0,0.0
2025-12-02 00:00:00-05:00,35.4900016784668,36.400001525878906,34.56999969482422,35.06999969482422,632900,0.0,0.0
2025-12-03 00:00:00-05:00,35.279998779296875,35.36000061035156,33.790000915527344,34.97999954223633,637900,0.0,0.0
2025-12-04 00:00:00-05:00,35.02000045776367,36.02000045776367,34.0,34.060001373291016,429600,0.0,0.0
2025-12-05 00:00:00-05:00,33.90999984741211,33.959999084472656,32.5,33.25,559000,0.0,0.0
2025-12-08 00:00:00-05:00,33.56999969482422,33.56999969482422,32.36000061035156,32.5,387000,0.0,0.0
2025-12-09 00:00:00-05:00,32.220001220703125,33.0,31.84000015258789,32.29999923706055,572100,0.0,0.0
2025-12-10 00:00:00-05:00,32.15999984741211,32.41999816894531,31.15999984741211,31.65999984741211,468900,0.0,0.0
2025-12-11 00:00:00-05:00,31.309999465942383,32.31999969482422,30.690000534057617,32.11000061035156,594500,0.0,0.0
2025-12-12 00:00:00-05:00,32.02000045776367,32.15999984741211,29.780000686645508,30.059999465942383,438600,0.0,0.0
2025-12-15 00:00:00-05:00,30.479999542236328,30.790000915527344,29.260000228881836,29.649999618530273,609900,0.0,0.0
2025-12-16 00:00:00-05:00,29.34000015258789,29.81999969482422,28.690000534057617,29.600000381469727,617700,0.0,0.0
2025-12-17 00:00:00-05:00,29.809999465942383,30.600000381469727,29.049999237060547,29.1299991607666,436000,0.0,0.0
2025-12-18 00:00:00-05:00,30.110000610351562,30.510000228881836,29.049999237060547,29.56999969482422,662900,0.0,0.0
2025-12-19 00:00:00-05:00,29.510000228881836,30.25,29.290000915527344,29.6200008392334,848700,0.0,0.0
2025-12-22 00:00:00-05:00,30.010000228881836,31.110000610351562,29.670000076293945,30.84000015258789,471300,0.0,0.0
2025-12-23 00:00:00-05:00,30.579999923706055,30.59000015258789,29.770000457763672,30.329999923706055,260300,0.0,0.0
2025-12-24 00:00:00-05:00,29.850000381469727,30.420000076293945,29.520000457763672,30.34000015258789,210000,0.0,0.0
2025-12-26 00:00:00-05:00,30.309999465942383,30.34000015258789,29.719999313354492,30.18000030517578,177500,0.0,0.0
2025-12-29 00:00:00-05:00,29.829999923706055,30.899999618530273,29.829999923706055,30.06999969482422,258100,0.0,0.0
2025-12-30 00:00:00-05:00,30.239999771118164,30.65999984741211,29.350000381469727,29.40999984741211,274000,0.0,0.0
2025-12-31 00:00:00-05:00,29.5,29.5,28.719999313354492,29.290000915527344,480600,0.0,0.0
2026-01-02 00:00:00-05:00,29.969999313354492,31.1200008392334,29.65999984741211,30.670000076293945,314700,0.0,0.0
2026-01-05 00:00:00-05:00,30.950000762939453,31.040000915527344,29.739999771118164,30.920000076293945,309200,0.0,0.0
2026-01-06 00:00:00-05:00,30.920000076293945,30.920000076293945,29.510000228881836,30.459999084472656,590000,0.0,0.0
2026-01-07 00:00:00-05:00,30.290000915527344,30.290000915527344,29.059999465942383,29.260000228881836,472300,0.0,0.0
2026-01-08 00:00:00-05:00,29.219999313354492,30.100000381469727,28.989999771118164,29.280000686645508,429000,0.0,0.0
2026-01-09 00:00:00-05:00,29.809999465942383,30.68000030517578,29.65999984741211,30.290000915527344,315300,0.0,0.0
2026-01-12 00:00:00-05:00,30.43000030517578,31.81999969482422,30.270000457763672,31.06999969482422,373600,0.0,0.0
2026-01-13 00:00:00-05:00,31.6200008392334,31.799999237060547,31.020000457763672,31.579999923706055,303700,0.0,0.0
2026-01-14 00:00:00-05:00,30.829999923706055,31.260000228881836,30.06999969482422,30.639999389648438,735200,0.0,0.0
2026-01-15 00:00:00-05:00,30.780000686645508,31.709999084472656,30.350000381469727,31.31999969482422,468300,0.0,0.0
2026-01-16 00:00:00-05:00,31.579999923706055,33.81999969482422,31.059999465942383,33.13999938964844,1887400,0.0,0.0
2026-01-20 00:00:00-05:00,32.22999954223633,32.599998474121094,30.690000534057617,31.15999984741211,652000,0.0,0.0
2026-01-21 00:00:00-05:00,31.709999084472656,32.560001373291016,30.889999389648438,31.899999618530273,666000,0.0,0.0
2026-01-22 00:00:00-05:00,32.34000015258789,33.290000915527344,32.130001068115234,32.720001220703125,525500,0.0,0.0
2026-01-23 00:00:00-05:00,33.470001220703125,33.849998474121094,32.209999084472656,32.5099983215332,431600,0.0,0.0
2026-01-26 00:00:00-05:00,32.36000061035156,32.720001220703125,31.860000610351562,31.8700008392334,288700,0.0,0.0
2026-01-27 00:00:00-05:00,32.06999969482422,33.83000183105469,31.860000610351562,33.02000045776367,432100,0.0,0.0
2026-01-28 00:00:00-05:00,33.83000183105469,34.0099983215332,32.709999084472656,33.310001373291016,407400,0.0,0.0
2026-01-29 00:00:00-05:00,33.4900016784668,33.70000076293945,31.639999389648438,32.369998931884766,445200,0.0,0.0
2026-01-30 00:00:00-05:00,31.899999618530273,33.209999084472656,30.940000534057617,31.34000015258789,446000,0.0,0.0
2026-02-02 00:00:00-05:00,30.8799991607666,31.540000915527344,29.93000030517578,30.56999969482422,375800,0.0,0.0
2026-02-03 00:00:00-05:00,31.209999084472656,32.13999938964844,30.1200008392334,31.440000534057617,383400,0.0,0.0
2026-02-04 00:00:00-05:00,31.920000076293945,32.7599983215332,29.0,30.030000686645508,315800,0.0,0.0
2026-02-05 00:00:00-05:00,29.25,29.559999465942383,26.290000915527344,26.6299991607666,752700,0.0,0.0
2026-02-06 00:00:00-05:00,27.809999465942383,31.540000915527344,27.43000030517578,30.920000076293945,903700,0.0,0.0
2026-02-09 00:00:00-05:00,31.15999984741211,32.7599983215332,30.389999389648438,32.36000061035156,555600,0.0,0.0
2026-02-10 00:00:00-05:00,32.029998779296875,33.849998474121094,31.40999984741211,32.75,436800,0.0,0.0
2026-02-11 00:00:00-05:00,33.43000030517578,33.72999954223633,31.31999969482422,33.689998626708984,556000,0.0,0.0
2026-02-12 00:00:00-05:00,34.02000045776367,34.119998931884766,33.0,33.290000915527344,387200,0.0,0.0
2026-02-13 00:00:00-05:00,33.45000076293945,34.150001525878906,32.189998626708984,32.68000030517578,434700,0.0,0.0
