Date,Open,High,Low,Close,Volume,Dividends,Stock Splits
2022-01-03 00:00:00-05:00,35.541057143305416,35.58423075234522,34.703475293405255,35.290645599365234,517000,0.0,0.0
2022-01-04 00:00:00-05:00,35.45469786343636,35.66193243389972,35.04022542857553,35.10930252075195,485000,0.0,0.0
2022-01-05 00:00:00-05:00,34.38397601825495,34.75527487044776,34.004043764493694,34.06448745727539,684500,0.0,0.0
2022-01-06 00:00:00-05:00,34.29763246062561,34.677564754640215,34.04722096746539,34.25445556640625,483800,0.0,0.0
2022-01-07 00:00:00-05:00,34.25444845466738,34.841618519652066,33.99540361280564,34.57394027709961,491100,0.0,0.0
2022-01-10 00:00:00-05:00,34.72073892733383,34.87616652606914,33.94360422759188,34.18537902832031,472100,0.0,0.0
2022-01-11 00:00:00-05:00,34.4012397752533,34.4012397752533,32.96785492186498,33.390960693359375,503700,0.0,0.0
2022-01-12 00:00:00-05:00,33.34779335818067,33.57230132688858,33.09738518468461,33.35643005371094,389600,0.0,0.0
2022-01-13 00:00:00-05:00,33.37370318263756,33.71909527473805,33.26144918808601,33.434146881103516,344500,0.0,0.0
2022-01-14 00:00:00-05:00,33.390978752351174,33.95224557850397,33.19237750612636,33.857261657714844,334700,0.0,0.0
2022-01-18 00:00:00-05:00,33.68454854795962,34.17673803053095,33.14055536721332,33.79680252075195,559900,0.0,0.0
2022-01-19 00:00:00-05:00,33.79681667429796,33.92634079668042,33.287360176961,33.304630279541016,352100,0.0,0.0
2022-01-20 00:00:00-05:00,33.34779757136116,33.92633436941572,33.123292868223416,33.408241271972656,461100,0.0,0.0
2022-01-21 00:00:00-05:00,33.45141997271973,33.805448792810274,33.05421425506085,33.06285095214844,570400,0.0,0.0
2022-01-24 00:00:00-05:00,32.91605789667739,33.788179872633755,32.631109467596396,33.55503845214844,859200,0.0,0.0
2022-01-25 00:00:00-05:00,33.157829061422795,33.848616480632806,32.77789351040661,33.416873931884766,728900,0.0,0.0
2022-01-26 00:00:00-05:00,33.77953890751932,34.21128149225629,33.30462272309554,33.75363540649414,968800,0.0,0.0
2022-01-27 00:00:00-05:00,33.91768950858142,34.61711353950296,33.8227056322167,33.99540328979492,643300,0.0,0.0
2022-01-28 00:00:00-05:00,33.86588850251951,34.496232264243204,33.53776322452141,34.4703254699707,610400,0.0,0.0
2022-01-31 00:00:00-05:00,34.142200230625164,34.746640434380545,33.58957031654052,34.720733642578125,2185200,0.0,0.0
2022-02-01 00:00:00-05:00,34.79845185994678,34.93660935605534,34.18537817683596,34.58258056640625,575100,0.0,0.0
2022-02-02 00:00:00-05:00,34.38397901343618,34.75527789797276,34.24582151876684,34.461692810058594,559800,0.0,0.0
2022-02-03 00:00:00-05:00,34.65165939585567,35.040228365459875,33.97813875056359,34.738006591796875,556100,0.0,0.0
2022-02-04 00:00:00-05:00,34.625749938800986,34.84162120598537,33.8745188513009,34.53076934814453,431000,0.0,0.0
2022-02-07 00:00:00-05:00,34.487594892364065,34.91933745718856,33.9954086319789,34.74664306640625,475100,0.0,0.0
2022-02-08 00:00:00-05:00,34.91934178059065,34.91934178059065,34.37534845319212,34.478965759277344,472500,0.0,0.0
2022-02-09 00:00:00-05:00,34.660294991874316,35.02296048443978,34.487597295125745,34.96251678466797,485500,0.0,0.0
2022-02-10 00:00:00-05:00,34.47032205499392,34.902064585505975,34.081756412680356,34.27172088623047,495500,0.0,0.0
2022-02-11 00:00:00-05:00,34.32353394182948,35.06613168118535,34.25445355029202,34.67756271362305,564400,0.0,0.0
2022-02-14 00:00:00-05:00,34.755273061809554,35.01431791652691,34.332163940421765,34.79844665527344,577100,0.0,0.0
2022-02-15 00:00:00-05:00,34.858899128844484,35.29064176014429,34.625757712670406,34.84162902832031,394200,0.0,0.0
2022-02-16 00:00:00-05:00,34.64302114866273,35.04022679643569,34.41851647290778,34.8934326171875,535300,0.0,0.0
2022-02-17 00:00:00-05:00,34.70346484190192,35.00568660203209,34.487593567780756,34.8934326171875,516600,0.0,0.0
2022-02-18 00:00:00-05:00,34.74664061532891,34.97977868522601,34.461688961557144,34.53076934814453,967700,0.0,0.0
2022-02-22 00:00:00-05:00,34.50485840323924,35.10929853739256,34.10765610997101,34.979774475097656,425900,0.0,0.0
2022-02-23 00:00:00-05:00,35.04886158330098,35.20428917032591,34.54803862645749,34.67756271362305,536700,0.0,0.0
2022-02-24 00:00:00-05:00,34.76391245576003,35.860539047243456,34.62575495649867,35.79146194458008,961200,0.0,0.0
2022-02-25 00:00:00-05:00,35.86053383419256,37.613410762802424,35.86053383419256,37.5529670715332,639800,0.0,0.0
2022-02-28 00:00:00-05:00,37.129866045704134,37.96744779893382,36.88809122783777,37.665225982666016,602600,0.0,0.0
2022-03-01 00:00:00-05:00,37.68249112943926,37.73430142385758,36.42180361066995,36.78446578979492,1066200,0.0,0.0
2022-03-02 00:00:00-05:00,37.052149261361336,37.76020685154867,36.680850367246684,37.58750915527344,442700,0.0,0.0
2022-03-03 00:00:00-05:00,37.8206558765456,38.66687108411874,37.69976846031159,38.649600982666016,386700,0.0,0.0
2022-03-04 00:00:00-05:00,38.36465047811575,39.11588173422278,38.17468266629805,39.07270812988281,406800,0.0,0.0
2022-03-07 00:00:00-05:00,39.10723840564305,39.31447297145341,38.75320966961082,39.236759185791016,384000,0.0,0.0
2022-03-08 00:00:00-05:00,39.40082935731518,39.7980317462604,38.92591317106029,39.331748962402344,617800,0.0,0.0
2022-03-09 00:00:00-05:00,39.33175563968926,39.33175563968926,37.932910344569976,38.00198745727539,751900,0.0,0.0
2022-03-10 00:00:00-05:00,37.7688447932529,38.94318191998593,37.54433679251277,38.528709411621094,511900,0.0,0.0
2022-03-11 00:00:00-05:00,38.46826934173283,38.71868086853202,37.8120219650172,38.019256591796875,363900,0.0,0.0
2022-03-14 00:00:00-04:00,38.442368514426754,38.442368514426754,37.24212439442978,37.596153259277344,429500,0.0,0.0
2022-03-15 00:00:00-04:00,37.64229098718068,38.0080054690423,37.354946978657566,37.81644058227539,272500,0.363,0.0
2022-03-16 00:00:00-04:00,37.90350865470777,38.0515369533297,37.11984056392862,37.93833923339844,417100,0.0,0.0
2022-03-17 00:00:00-04:00,37.71195617060622,38.67848004915412,37.45073008932708,37.868690490722656,484600,0.0,0.0
2022-03-18 00:00:00-04:00,38.1124956802553,38.12120166568502,37.46814314475185,37.84256362915039,1020400,0.0,0.0
2022-03-21 00:00:00-04:00,37.94705044137643,38.687182006712476,37.94705044137643,38.5478630065918,357400,0.0,0.0
2022-03-22 00:00:00-04:00,38.695893658102925,38.991946991920365,38.26923061095945,38.46950149536133,450000,0.0,0.0
2022-03-23 00:00:00-04:00,38.486914693647485,38.52174527728991,37.87739276641422,38.12990951538086,443500,0.0,0.0
2022-03-24 00:00:00-04:00,38.3127695056571,38.71331129875288,38.0080101677859,38.539161682128906,260100,0.0,0.0
2022-03-25 00:00:00-04:00,38.80039248718095,39.645012749852974,38.58270627033067,39.63630676269531,309800,0.0,0.0
2022-03-28 00:00:00-04:00,39.505696883571375,40.02814583903849,39.27059535185543,39.9584846496582,302500,0.0,0.0
2022-03-29 00:00:00-04:00,40.11520741689556,40.4635066199344,39.636298503937674,40.38513946533203,384700,0.0,0.0
2022-03-30 00:00:00-04:00,40.38514066514653,40.672484692807096,40.15003919435471,40.36772537231445,451700,0.0,0.0
2022-03-31 00:00:00-04:00,40.23710945737437,40.66377579715776,39.88010428393408,39.932350158691406,383500,0.0,0.0
2022-04-01 00:00:00-04:00,39.94106104547391,41.12527444562237,39.932355059426186,41.073028564453125,742700,0.0,0.0
2022-04-04 00:00:00-04:00,40.89888275151375,40.89888275151375,39.49698314577965,40.12392044067383,740800,0.0,0.0
2022-04-05 00:00:00-04:00,40.10649854965139,40.6550652708227,39.67112623795072,39.949764251708984,402000,0.0,0.0
2022-04-06 00:00:00-04:00,40.010714147482936,40.76826100263624,39.88881043764527,40.66377258300781,333600,0.0,0.0
2022-04-07 00:00:00-04:00,40.66378141001141,40.689902690181995,39.932355670585785,40.062965393066406,336800,0.0,0.0
2022-04-08 00:00:00-04:00,40.07167603975699,40.59412159039089,39.94106299128461,40.20228576660156,318000,0.0,0.0
2022-04-11 00:00:00-04:00,40.44609170682069,41.11656551989868,39.70595672383088,39.90623092651367,387700,0.0,0.0
2022-04-12 00:00:00-04:00,39.9236424634069,40.237111081348,39.592761874804516,39.80173873901367,511200,0.0,0.0
2022-04-13 00:00:00-04:00,39.88881287118723,40.132620305736786,39.261875671914446,39.4099006652832,350700,0.0,0.0
2022-04-14 00:00:00-04:00,39.7233706057886,40.184867535998826,39.6188821762585,39.87139892578125,469600,0.0,0.0
2022-04-18 00:00:00-04:00,39.967183143184755,40.707314811099224,39.60146864116498,39.89752197265625,546100,0.0,0.0
2022-04-19 00:00:00-04:00,40.028140440631354,40.524464722329775,40.028140440631354,40.35031509399414,321600,0.0,0.0
2022-04-20 00:00:00-04:00,40.70731495294446,41.2820063252974,40.53316534764381,40.74214553833008,384000,0.0,0.0
2022-04-21 00:00:00-04:00,40.92500403159178,41.36037641490659,40.089089852818,40.12392044067383,601600,0.0,0.0
2022-04-22 00:00:00-04:00,40.06297552916061,40.33290767185212,39.71467952613097,39.92365646362305,619300,0.0,0.0
2022-04-25 00:00:00-04:00,39.94976841545867,40.17616057962272,38.33018271567113,38.88745880126953,547300,0.0,0.0
2022-04-26 00:00:00-04:00,38.7655495034406,39.53180567186688,38.67847305155864,38.861331939697266,506200,0.0,0.0
2022-04-27 00:00:00-04:00,38.86134299315381,39.18351765268674,38.321478802811335,38.39113998413086,763000,0.0,0.0
2022-04-28 00:00:00-04:00,38.63493916684425,38.78296748449999,38.08637242925095,38.452083587646484,713400,0.0,0.0
2022-04-29 00:00:00-04:00,38.40855281053436,38.55657782888128,37.38107370351402,37.58134460449219,2904100,0.0,0.0
2022-05-02 00:00:00-04:00,37.781608343598926,38.00800380379113,36.876033146084346,37.25916290283203,528800,0.0,0.0
2022-05-03 00:00:00-04:00,37.459437118488424,38.20827808646922,37.19821437472539,38.16474151611328,683500,0.0,0.0
2022-05-04 00:00:00-04:00,38.330178738264465,38.896160750758085,38.13861385810782,38.835208892822266,539200,0.0,0.0
2022-05-05 00:00:00-04:00,39.20092829304222,39.20092829304222,37.26787392213224,37.60746383666992,598700,0.0,0.0
2022-05-06 00:00:00-04:00,37.37236453183792,38.29535519858832,37.37236453183792,38.103790283203125,511800,0.0,0.0
2022-05-09 00:00:00-04:00,37.87739656785959,38.85262975633266,37.74678352690558,38.49562454223633,594000,0.0,0.0
2022-05-10 00:00:00-04:00,38.52174884868765,39.02677907181562,37.590048918823875,38.18215560913086,499900,0.0,0.0
2022-05-11 00:00:00-04:00,38.18214944854254,38.8961597560689,37.816438310279935,38.112491607666016,471500,0.0,0.0
2022-05-12 00:00:00-04:00,38.10378532713708,38.199567772371495,37.23304065646403,38.0167121887207,490800,0.0,0.0
2022-05-13 00:00:00-04:00,38.156027724545744,38.44337503405202,37.71194944450433,38.330177307128906,406700,0.0,0.0
2022-05-16 00:00:00-04:00,38.40854435479206,38.991941635079705,38.216979482278745,38.861331939697266,386100,0.0,0.0
2022-05-17 00:00:00-04:00,39.15738649470994,39.54921891511128,38.43466686812112,39.53180694580078,333300,0.0,0.0
2022-05-18 00:00:00-04:00,39.862693922637085,40.3154815949871,39.41861555797075,39.653717041015625,431300,0.0,0.0
2022-05-19 00:00:00-04:00,39.401182845378685,39.836555031515466,39.16608146626969,39.6275749206543,579800,0.0,0.0
2022-05-20 00:00:00-04:00,39.6014648528762,39.70595327704612,38.35629978262527,39.105140686035156,569700,0.0,0.0
2022-05-23 00:00:00-04:00,39.48826945295497,39.92364178792306,39.13126427114622,39.496978759765625,353800,0.0,0.0
2022-05-24 00:00:00-04:00,39.47086457953499,40.17616576315649,38.96583098578476,40.08038330078125,428600,0.0,0.0
2022-05-25 00:00:00-04:00,40.02812771945988,40.428669412197834,39.76690169916164,40.21098327636719,447700,0.0,0.0
2022-05-26 00:00:00-04:00,40.49833792118336,40.56799909738826,40.03684425452282,40.21969985961914,356600,0.0,0.0
2022-05-27 00:00:00-04:00,40.11520958878376,40.41126293090727,40.010721150865926,40.298065185546875,312600,0.0,0.0
2022-05-31 00:00:00-04:00,40.03684213182508,40.22840703460436,39.610179075888084,39.984596252441406,698900,0.0,0.0
2022-06-01 00:00:00-04:00,40.15873989742621,40.15873989742621,39.488266158909866,39.96717834472656,348600,0.0,0.0
2022-06-02 00:00:00-04:00,40.15874330468921,40.585409655082614,39.20092549504396,40.55057907104492,315300,0.0,0.0
2022-06-03 00:00:00-04:00,40.30676810826045,40.48962367605861,39.967178247598994,40.17615509033203,263200,0.0,0.0
2022-06-06 00:00:00-04:00,40.594119391659945,41.064322354739176,40.237114176350374,40.65507125854492,464800,0.0,0.0
2022-06-07 00:00:00-04:00,40.62894632618502,40.881463078650434,40.184868004286656,40.81180191040039,269500,0.0,0.0
2022-06-08 00:00:00-04:00,40.689902337300055,40.97724970319525,40.376433691460804,40.43738555908203,313200,0.0,0.0
2022-06-09 00:00:00-04:00,40.51574764514475,40.79438566840191,39.94976561361556,40.08908462524414,378700,0.0,0.0
2022-06-10 00:00:00-04:00,39.80173729534487,40.507041660129886,39.53180857872982,40.08908462524414,327000,0.0,0.0
2022-06-13 00:00:00-04:00,39.67113574205973,39.88011264162996,38.11250169557513,38.33889389038086,643500,0.0,0.0
2022-06-14 00:00:00-04:00,38.04301477796471,38.30640907583185,36.90163390514009,37.410865783691406,582600,0.363,0.0
2022-06-15 00:00:00-04:00,37.65669838032801,38.446884588864926,37.35818396257407,37.68303680419922,821800,0.0,0.0
2022-06-16 00:00:00-04:00,37.305499474980074,37.36695801758675,36.655790575544614,37.182579040527344,630500,0.0,0.0
2022-06-17 00:00:00-04:00,37.5425612717791,37.78839885255348,35.988533909020745,36.28704833984375,1151200,0.0,0.0
2022-06-21 00:00:00-04:00,36.418749667905224,37.40209010133748,36.00609641358279,37.05967712402344,453100,0.0,0.0
2022-06-22 00:00:00-04:00,36.79627615842333,37.84107497149782,36.778716092332985,37.481101989746094,417700,0.0,0.0
2022-06-23 00:00:00-04:00,37.753267480111184,38.016661699659466,37.287937580601245,37.463531494140625,536800,0.0,0.0
2022-06-24 00:00:00-04:00,37.53377735153706,38.66637634912027,37.48987886658788,38.37664031982422,857400,0.0,0.0
2022-06-27 00:00:00-04:00,38.55223825772122,39.23706401232566,38.49077970791004,39.122928619384766,269300,0.0,0.0
2022-06-28 00:00:00-04:00,39.44778049122521,39.86921197240519,39.08780755838983,39.263404846191406,374700,0.0,0.0
2022-06-29 00:00:00-04:00,39.245845804361345,39.40388303257373,38.490779791622096,38.806854248046875,392400,0.0,0.0
2022-06-30 00:00:00-04:00,38.56102164617049,39.184392281533896,38.47322466333969,39.09659194946289,308700,0.0,0.0
2022-07-01 00:00:00-04:00,39.04391368055935,39.95701365623323,38.877094730306936,39.939456939697266,366200,0.0,0.0
2022-07-05 00:00:00-04:00,39.68483362954082,39.790190655363574,37.44597757268038,37.85862731933594,451600,0.0,0.0
2022-07-06 00:00:00-04:00,37.858632029493734,38.82441549228462,37.68303473178267,38.59613800048828,328800,0.0,0.0
2022-07-07 00:00:00-04:00,38.771740867397966,38.938556482103046,38.39420779532404,38.50834655761719,243900,0.0,0.0
2022-07-08 00:00:00-04:00,38.62247860796022,38.62247860796022,38.201043766460955,38.367862701416016,186600,0.0,0.0
2022-07-11 00:00:00-04:00,38.44688034057617,38.71905295514441,38.06934734368504,38.44688034057617,214100,0.0,0.0
2022-07-12 00:00:00-04:00,38.19227320251472,38.8332006037745,37.920097176264484,38.174713134765625,264400,0.0,0.0
2022-07-13 00:00:00-04:00,37.867413794780795,38.51711944330049,37.83229366533652,38.218605041503906,231700,0.0,0.0
2022-07-14 00:00:00-04:00,37.568900389426254,38.28006460871573,37.50744183588864,38.201045989990234,262500,0.0,0.0
2022-07-15 00:00:00-04:00,38.57858049229864,38.71905766992858,37.9288748017252,38.68394088745117,331500,0.0,0.0
2022-07-18 00:00:00-04:00,38.90342446941396,38.90342446941396,38.03421990319516,38.0605583190918,255500,0.0,0.0
2022-07-19 00:00:00-04:00,38.44687949116712,38.83319083676385,38.44687949116712,38.71027374267578,269400,0.0,0.0
2022-07-20 00:00:00-04:00,38.38543257773296,38.38543257773296,37.639144731498746,37.95521926879883,358600,0.0,0.0
2022-07-21 00:00:00-04:00,37.56890594302661,37.68304135975989,37.02455388945359,37.67426300048828,264300,0.0,0.0
2022-07-22 00:00:00-04:00,37.867416687426505,38.060570715645056,37.39330495143161,37.92009353637695,297400,0.0,0.0
2022-07-25 00:00:00-04:00,38.174709149847054,38.9736737282072,37.92887492550243,38.92977523803711,390900,0.0,0.0
2022-07-26 00:00:00-04:00,38.894650206884116,39.32486339453601,38.64003430703381,39.263404846191406,266100,0.0,0.0
2022-07-27 00:00:00-04:00,39.114143487726544,39.79897253160463,39.052684943296896,39.67605209350586,430300,0.0,0.0
2022-07-28 00:00:00-04:00,39.93946380955777,40.82622551371669,39.614607560683524,40.69452667236328,466500,0.0,0.0
2022-07-29 00:00:00-04:00,40.63306143815877,41.045714614056934,40.49258426008027,40.55404281616211,988400,0.0,0.0
2022-08-01 00:00:00-04:00,40.40477585619823,40.44867433395393,39.5970297986889,40.17649841308594,372900,0.0,0.0
2022-08-02 00:00:00-04:00,40.25553125664646,40.42235022007969,39.957016813347366,40.13261413574219,319800,0.0,0.0
2022-08-03 00:00:00-04:00,39.81652897123833,40.00090795249926,39.21950024439211,39.68483352661133,332200,0.0,0.0
2022-08-04 00:00:00-04:00,39.70239016438958,40.949124348695044,39.43021424352158,40.17649841308594,362000,0.0,0.0
2022-08-05 00:00:00-04:00,39.75508226559538,39.834100895597714,38.92100082019788,39.2370719909668,391100,0.0,0.0
2022-08-08 00:00:00-04:00,39.377543115593234,39.84287646467735,39.149268969228146,39.40388488769531,358000,0.0,0.0
2022-08-09 00:00:00-04:00,39.5180204250282,39.913113515547415,39.12293068374892,39.64971923828125,376300,0.0,0.0
2022-08-10 00:00:00-04:00,40.03603357023897,40.19407081808583,39.62338373351903,39.913116455078125,389800,0.0,0.0
2022-08-11 00:00:00-04:00,40.16772193915377,40.431116167267575,39.88676764926714,39.95700454711914,323900,0.0,0.0
2022-08-12 00:00:00-04:00,40.10626796813449,40.87011232148507,40.0184709985042,40.82621383666992,288200,0.0,0.0
2022-08-15 00:00:00-04:00,40.659396136765174,41.42324045032779,40.5013589202709,41.11594772338867,417300,0.0,0.0
2022-08-16 00:00:00-04:00,41.028152400498385,41.49348240054292,40.98425391262926,41.40568542480469,352300,0.0,0.0
2022-08-17 00:00:00-04:00,41.37934416231905,41.52859968067955,41.01937122771113,41.326663970947266,403200,0.0,0.0
2022-08-18 00:00:00-04:00,41.326663931889925,41.6427383813425,41.0544879672525,41.26520538330078,304700,0.0,0.0
2022-08-19 00:00:00-04:00,41.15985326154744,41.59884486056366,41.10717306393906,41.43202590942383,334600,0.0,0.0
2022-08-22 00:00:00-04:00,41.221305712054196,41.35300116270918,40.48379980097166,40.597938537597656,280200,0.0,0.0
2022-08-23 00:00:00-04:00,40.466246727841416,40.69452089128588,40.19407072402208,40.2906494140625,256800,0.0,0.0
2022-08-24 00:00:00-04:00,40.13261096475362,40.14139267226169,39.61460074670051,39.939456939697266,223800,0.0,0.0
2022-08-25 00:00:00-04:00,39.87799538101326,40.68574166752249,39.807758466539475,40.615501403808594,231900,0.0,0.0
2022-08-26 00:00:00-04:00,40.67696124127051,40.7120780221021,39.957011971763826,40.08871078491211,218400,0.0,0.0
2022-08-29 00:00:00-04:00,40.009687266143075,40.22918302834453,39.55313567885529,39.98334884643555,172700,0.0,0.0
2022-08-30 00:00:00-04:00,40.0711518542415,40.0711518542415,39.16683024935889,39.2546272277832,345700,0.0,0.0
2022-08-31 00:00:00-04:00,39.07025542051723,39.219510968420906,38.64004214559184,38.754180908203125,507700,0.0,0.0
2022-09-01 00:00:00-04:00,38.55224008826848,39.37754304580569,38.53468002331153,39.280967712402344,363900,0.0,0.0
2022-09-02 00:00:00-04:00,39.526806979098424,39.948238544249804,38.89465795675119,39.070255279541016,435500,0.0,0.0
2022-09-06 00:00:00-04:00,39.26341244818336,39.83409955748257,39.02635656613957,39.20195388793945,418500,0.0,0.0
2022-09-07 00:00:00-04:00,39.20194717116261,40.41356145058173,39.149266978876646,40.37844467163086,330400,0.0,0.0
2022-09-08 00:00:00-04:00,40.115046403601895,40.47501933857134,39.85165214495785,40.07114791870117,366500,0.0,0.0
2022-09-09 00:00:00-04:00,39.26341258757753,39.51802518838894,38.59614343221707,38.88587951660156,493800,0.0,0.0
2022-09-12 00:00:00-04:00,39.140493631427056,40.09749212781939,39.070253366055034,39.913116455078125,437500,0.0,0.0
2022-09-13 00:00:00-04:00,39.3951022807813,39.68483832260693,38.42932217317559,38.666378021240234,428200,0.0,0.0
2022-09-14 00:00:00-04:00,38.61369877743985,39.54436212800728,38.543461866603785,39.52680206298828,394300,0.0,0.0
2022-09-15 00:00:00-04:00,39.21951074504144,39.45656662792684,38.789300821806734,38.88587951660156,417200,0.0,0.0
2022-09-16 00:00:00-04:00,38.78051423422901,39.51802021622138,38.683938900825666,39.280967712402344,991600,0.0,0.0
2022-09-19 00:00:00-04:00,38.9473399496438,39.89556017753527,38.9473399496438,39.851661682128906,378000,0.0,0.0
2022-09-20 00:00:00-04:00,39.482905474676926,39.614600944795704,38.74539945459541,39.245849609375,410000,0.0,0.0
2022-09-21 00:00:00-04:00,39.570699784209786,39.82531569819206,38.517119348163035,38.5346794128418,467000,0.0,0.0
2022-09-22 00:00:00-04:00,38.51712224088283,39.00879404109424,38.02545378991155,38.73661804199219,330800,0.0,0.0
2022-09-23 00:00:00-04:00,38.47973143184346,38.586031468803434,37.5141947270043,37.88623809814453,670600,0.39,0.0
2022-09-26 00:00:00-04:00,37.79765065020896,38.16969398115221,37.283880710184754,37.514190673828125,535700,0.0,0.0
2022-09-27 00:00:00-04:00,37.62048947854829,37.74450279180209,36.31834293116471,36.4157829284668,429900,0.0,0.0
2022-09-28 00:00:00-04:00,36.77010726928711,37.089000586436896,36.39806731868533,36.77010726928711,545500,0.0,0.0
2022-09-29 00:00:00-04:00,36.64609777890843,36.64609777890843,34.874471057851665,35.1756477355957,521600,0.0,0.0
2022-09-30 00:00:00-04:00,35.39709467265875,35.40595469696281,34.192388179604954,34.28097152709961,885700,0.0,0.0
2022-10-03 00:00:00-04:00,34.99848458544099,35.875441304127996,34.15696459147153,35.38824462890625,612500,0.0,0.0
2022-10-04 00:00:00-04:00,35.38824576239784,36.53094585152397,35.38824576239784,36.30063247680664,452700,0.0,0.0
2022-10-05 00:00:00-04:00,35.87543609161644,36.13232274128339,35.40595615741151,35.85771942138672,404800,0.0,0.0
2022-10-06 00:00:00-04:00,35.715985313261946,35.715985313261946,34.92761216420222,35.21992874145508,446600,0.0,0.0
2022-10-07 00:00:00-04:00,35.104789818277,35.16679649271347,34.28983964422426,34.5201530456543,533300,0.0,0.0
2022-10-10 00:00:00-04:00,34.68844974584968,35.14907308132567,34.68844974584968,34.79474639892578,373100,0.0,0.0
2022-10-11 00:00:00-04:00,34.75931659619239,35.70713659005936,34.67959326123584,35.35280990600586,559100,0.0,0.0
2022-10-12 00:00:00-04:00,35.17564656044918,35.17564656044918,34.28983322951401,34.34298324584961,426300,0.0,0.0
2022-10-13 00:00:00-04:00,34.00637563373509,35.69827908005259,33.72291561816116,35.556549072265625,538500,0.0,0.0
2022-10-14 00:00:00-04:00,35.86657797955717,36.04373791639207,34.73273478498053,34.97190475463867,364300,0.0,0.0
2022-10-17 00:00:00-04:00,35.49454124891897,36.291774628696736,35.14021455143778,35.81343460083008,411400,0.0,0.0
2022-10-18 00:00:00-04:00,36.265199303684476,36.67267603495595,36.088039327342905,36.43350601196289,479000,0.0,0.0
2022-10-19 00:00:00-04:00,35.89315527137167,36.61066525984918,35.875438599903255,36.48664855957031,376800,0.0,0.0
2022-10-20 00:00:00-04:00,36.70810205561756,36.70810205561756,35.999452089121,36.11460876464844,420200,0.0,0.0
2022-10-21 00:00:00-04:00,36.31834445046786,37.5850577101666,35.99945112926965,37.2750244140625,604200,0.0,0.0
2022-10-24 00:00:00-04:00,37.310456563464015,37.88623658037972,36.97384993057177,37.37246322631836,542400,0.0,0.0
2022-10-25 00:00:00-04:00,37.34588756522372,38.33799748777408,37.17758425933421,38.0722541809082,731600,0.0,0.0
2022-10-26 00:00:00-04:00,38.4000095025458,38.97578956365283,37.957102802958836,38.66575622558594,616700,0.0,0.0
2022-10-27 00:00:00-04:00,38.993499608346696,39.74643951800294,38.993499608346696,39.36553955078125,545100,0.0,0.0
2022-10-28 00:00:00-04:00,39.36554343266607,40.14506011444343,39.34782676045412,40.10962677001953,528000,0.0,0.0
2022-10-31 00:00:00-04:00,40.04761885121473,40.07419554825425,39.47184222837236,39.54270553588867,2695000,0.0,0.0
2022-11-01 00:00:00-04:00,39.70215490759627,40.33994161425961,39.2149582307217,39.959041595458984,492400,0.0,0.0
2022-11-02 00:00:00-04:00,39.959042850293955,40.79170622638938,39.40983949070378,39.4364128112793,579600,0.0,0.0
2022-11-03 00:00:00-04:00,38.940353324973934,39.45412668031459,38.594886665608186,39.20609664916992,296200,0.0,0.0
2022-11-04 00:00:00-04:00,39.232679759749594,39.77302652209939,38.798629668630994,39.223819732666016,366700,0.0,0.0
2022-11-07 00:00:00-05:00,39.214948960268764,39.32124559321408,37.85965590811163,38.43543243408203,571100,0.0,0.0
2022-11-08 00:00:00-05:00,38.710047096466454,39.34783046052207,38.435443720023464,39.12637710571289,582400,0.0,0.0
2022-11-09 00:00:00-05:00,39.00236249895554,39.63129257427854,38.789769177555876,38.90492248535156,395900,0.0,0.0
2022-11-10 00:00:00-05:00,40.20705942903726,40.82712932668738,39.44525955870505,40.747406005859375,479600,0.0,0.0
2022-11-11 00:00:00-05:00,40.853710365377324,40.853710365377324,39.923607032589025,39.97675704956055,507400,0.0,0.0
2022-11-14 00:00:00-05:00,39.97676214121438,40.10077548416652,39.37440872192383,39.37440872192383,394800,0.0,0.0
2022-11-15 00:00:00-05:00,39.66672156186834,40.286791595667715,39.40983825311546,39.959041595458984,427200,0.0,0.0
2022-11-16 00:00:00-05:00,39.99447610902089,40.40194945946071,39.5338527384372,39.70215606689453,466200,0.0,0.0
2022-11-17 00:00:00-05:00,41.456059905384635,41.456059905384635,39.51613008184603,40.375370025634766,863300,0.0,0.0
2022-11-18 00:00:00-05:00,41.278893062390615,42.501316203634886,41.0485831211375,42.4747428894043,855500,0.0,0.0
2022-11-21 00:00:00-05:00,42.47475674725613,43.635170235378006,42.08499665612859,43.34285354614258,547700,0.0,0.0
2022-11-22 00:00:00-05:00,43.41370919520061,44.219799178800315,43.41370919520061,44.1932258605957,4538100,0.0,0.0
2022-11-23 00:00:00-05:00,44.00721230832056,44.38811236078175,43.298562226687004,43.626312255859375,483300,0.0,0.0
2022-11-25 00:00:00-05:00,43.79460790614941,44.14893457431935,43.62630459727893,43.971771240234375,268100,0.0,0.0
2022-11-28 00:00:00-05:00,43.70603044802114,43.70603044802114,42.864507096941516,43.24540710449219,377600,0.0,0.0
2022-11-29 00:00:00-05:00,43.15682604345533,43.28969601402569,42.979662703585205,43.236549377441406,261600,0.0,0.0
2022-11-30 00:00:00-05:00,43.192260908542366,44.0869343557928,42.6962075555576,44.069217681884766,597300,0.0,0.0
2022-12-01 00:00:00-05:00,44.06921526824682,44.42354196878119,42.85565189444787,43.015098571777344,498300,0.0,0.0
2022-12-02 00:00:00-05:00,42.625338426976455,43.254268487928705,42.21786508767939,43.20111846923828,697400,0.0,0.0
2022-12-05 00:00:00-05:00,42.84678932991061,43.227689327729685,42.52789599414489,43.15682601928711,465000,0.0,0.0
2022-12-06 00:00:00-05:00,43.24540325312879,44.00720320038551,43.05938327878269,43.936336517333984,519500,0.0,0.0
2022-12-07 00:00:00-05:00,43.83890648355678,44.39696649044308,42.173576351835436,44.166656494140625,644700,0.0,0.0
2022-12-08 00:00:00-05:00,44.05149829460182,44.308384981780165,43.635164931182416,44.15779495239258,687200,0.0,0.0
2022-12-09 00:00:00-05:00,43.874327531582075,44.58298080806386,43.85661086175911,44.2109375,486900,0.0,0.0
2022-12-12 00:00:00-05:00,44.47668713955003,44.955027155740304,43.98063383011692,44.919593811035156,498800,0.0,0.0
2022-12-13 00:00:00-05:00,45.59803496020468,45.90154248459269,44.38399124145508,44.38399124145508,846400,0.39,0.0
2022-12-14 00:00:00-05:00,44.58930074224943,45.13383528183851,44.04476620266034,44.52681350708008,513600,0.0,0.0
2022-12-15 00:00:00-05:00,44.4464764829058,44.62501291679005,43.40204055812746,43.839454650878906,515200,0.0,0.0
2022-12-16 00:00:00-05:00,43.33955644570099,43.83052912035105,42.83965848109707,43.3574104309082,1966600,0.0,0.0
2022-12-19 00:00:00-05:00,43.54486197155806,43.74125235755286,42.93784023784568,43.312767028808594,439400,0.0,0.0
2022-12-20 00:00:00-05:00,43.321697664337165,43.67877051835075,43.161015220560955,43.4288215637207,310300,0.0,0.0
2022-12-21 00:00:00-05:00,43.66092082852767,44.21438074190416,43.643066843541405,43.96443176269531,450600,0.0,0.0
2022-12-22 00:00:00-05:00,43.75910783043437,43.83944904514411,42.643259517965,43.56271743774414,327400,0.0,0.0
2022-12-23 00:00:00-05:00,43.30384826899014,44.39291752434527,43.30384826899014,44.31257629394531,286000,0.0,0.0
2022-12-27 00:00:00-05:00,44.383993331835256,44.52682181104448,43.866237966389605,44.21438217163086,372500,0.0,0.0
2022-12-28 00:00:00-05:00,44.383987829221375,44.517887596398474,43.87516122229032,43.910865783691406,308200,0.0,0.0
2022-12-29 00:00:00-05:00,44.15189158003855,44.81247537465026,43.86623464326033,44.64286422729492,388000,0.0,0.0
2022-12-30 00:00:00-05:00,44.5446682314885,44.66964270390943,44.000133682826736,44.294715881347656,376400,0.0,0.0
2023-01-03 00:00:00-05:00,44.46432905164728,44.63393678552459,43.41096787108498,43.910865783691406,466300,0.0,0.0
2023-01-04 00:00:00-05:00,44.18759129710691,44.633930603138296,43.919788394547815,44.02690887451172,684800,0.0,0.0
2023-01-05 00:00:00-05:00,43.99121124674546,44.053698491844855,43.3217021304238,44.01799392700195,507100,0.0,0.0
2023-01-06 00:00:00-05:00,44.64285981709367,45.562321183984466,44.52681403913477,45.06241989135742,466400,0.0,0.0
2023-01-09 00:00:00-05:00,45.06241927559156,45.55339186763648,44.9642240761228,45.37485885620117,385200,0.0,0.0
2023-01-10 00:00:00-05:00,45.276672374022716,45.50876737675409,44.90174548616486,45.49091339111328,284100,0.0,0.0
2023-01-11 00:00:00-05:00,45.52661035034573,45.81226724090439,45.29451540375384,45.598026275634766,422500,0.0,0.0
2023-01-12 00:00:00-05:00,45.70515190191953,46.00866280795751,45.464128234892385,45.660518646240234,403700,0.0,0.0
2023-01-13 00:00:00-05:00,45.517689970994475,45.767638925863295,45.089201183649195,45.606956481933594,374200,0.0,0.0
2023-01-17 00:00:00-05:00,45.678368494738336,46.0532953281145,44.92852163858416,45.07135009765625,321500,0.0,0.0
2023-01-18 00:00:00-05:00,45.178472946044785,45.178472946044785,44.017991229919176,44.134037017822266,368100,0.0,0.0
2023-01-19 00:00:00-05:00,44.11618025681118,44.160816916594065,43.75018212156512,43.821598052978516,333600,0.0,0.0
2023-01-20 00:00:00-05:00,44.02691433980679,44.24115873162856,43.36633399184624,44.223304748535156,378100,0.0,0.0
2023-01-23 00:00:00-05:00,44.178683466077516,44.31258326761688,43.482391557932765,43.535953521728516,904400,0.0,0.0
2023-01-24 00:00:00-05:00,43.384188843765635,44.05369795188115,43.12531457665519,43.72340774536133,465900,0.0,0.0
2023-01-25 00:00:00-05:00,43.53594311508581,44.437547155682076,43.196724236064796,44.25901412963867,494100,0.0,0.0
2023-01-26 00:00:00-05:00,44.41077260753087,44.58038036243572,43.97335847447163,44.21438217163086,355700,0.0,0.0
2023-01-27 00:00:00-05:00,44.187598969753935,44.64286364262579,44.04477050323539,44.134037017822266,319000,0.0,0.0
2023-01-30 00:00:00-05:00,43.946575914907896,44.348282046822824,43.55379847775736,43.607357025146484,410200,0.0,0.0
2023-01-31 00:00:00-05:00,43.732334758916785,44.57145158291617,43.625210853921665,44.562522888183594,1935500,0.0,0.0
2023-02-01 00:00:00-05:00,44.214376405873274,44.98208065849802,43.901940212502325,44.46432876586914,871700,0.0,0.0
2023-02-02 00:00:00-05:00,46.18718660307802,47.32088528950467,45.749772644342364,46.63352584838867,1480000,0.0,0.0
2023-02-03 00:00:00-05:00,46.642462264617635,47.436945765999646,45.856904051940354,47.42802047729492,876300,0.0,0.0
2023-02-06 00:00:00-05:00,47.285189939044656,47.78508781167595,46.106854374558225,46.776363372802734,648800,0.0,0.0
2023-02-07 00:00:00-05:00,46.437148429422905,47.008462277756585,45.97295507632701,46.85670852661133,574400,0.0,0.0
2023-02-08 00:00:00-05:00,46.312174104409685,46.47285655044901,45.81227278280965,46.11578369140625,447800,0.0,0.0
2023-02-09 00:00:00-05:00,46.321099652157216,46.41036957006597,45.08027673826859,45.348079681396484,536600,0.0,0.0
2023-02-10 00:00:00-05:00,45.41057029685393,45.84798441387382,45.25881653307729,45.821205139160156,489500,0.0,0.0
2023-02-13 00:00:00-05:00,45.767638335997496,46.15149045762691,44.98208010972113,46.133636474609375,365700,0.0,0.0
2023-02-14 00:00:00-05:00,45.84798004995356,46.267540142129796,45.33022475277445,45.63373565673828,386100,0.0,0.0
2023-02-15 00:00:00-05:00,45.28559572876119,46.14256657109708,45.23203377412791,46.062225341796875,403600,0.0,0.0
2023-02-16 00:00:00-05:00,45.29452384551739,45.80335048948871,44.749989232246485,45.33915710449219,633800,0.0,0.0
2023-02-17 00:00:00-05:00,45.58910449413983,46.29432153944348,45.3659348017247,46.151493072509766,394800,0.0,0.0
2023-02-21 00:00:00-05:00,45.678369980690235,45.97295560259025,45.3748624749254,45.42842102050781,286600,0.0,0.0
2023-02-22 00:00:00-05:00,45.56232594972639,46.17827308473936,45.16061981589215,45.70515441894531,398200,0.0,0.0
2023-02-23 00:00:00-05:00,45.910469086700516,46.23183398646069,45.69622468509399,46.12471008300781,324200,0.0,0.0
2023-02-24 00:00:00-05:00,45.72300353308973,45.99973174724491,45.428417931222526,45.910465240478516,283400,0.0,0.0
2023-02-27 00:00:00-05:00,46.16934529134097,46.62460994812998,45.70515194022913,45.874759674072266,298000,0.0,0.0
2023-02-28 00:00:00-05:00,45.749780895983676,46.31216939999358,45.53553652126125,45.55339050292969,718500,0.0,0.0
2023-03-01 00:00:00-05:00,45.205250143186014,45.26773738158678,44.232230195560994,44.517887115478516,472400,0.0,0.0
2023-03-02 00:00:00-05:00,44.44647442843694,45.15169143676758,44.25901271390827,45.15169143676758,330100,0.0,0.0
2023-03-03 00:00:00-05:00,45.3748603614791,45.95509947849067,44.901738330643106,45.83905029296875,353400,0.0,0.0
2023-03-06 00:00:00-05:00,45.73193383095639,46.21398119301409,45.50876413429627,45.99973678588867,388400,0.0,0.0
2023-03-07 00:00:00-05:00,46.22290611484071,46.2764680675208,45.16954488256059,45.544471740722656,308700,0.0,0.0
2023-03-08 00:00:00-05:00,45.70515834321813,46.14256907793897,45.31237746516721,45.89262008666992,285900,0.0,0.0
2023-03-09 00:00:00-05:00,45.90154065159117,45.99973586099515,45.20525230170729,45.24988555908203,361000,0.0,0.0
2023-03-10 00:00:00-05:00,45.25881205124017,45.36593254478643,43.99120649062949,44.303646087646484,380100,0.0,0.0
2023-03-13 00:00:00-04:00,44.01798649993919,46.18719594323913,44.01798649993919,45.13383483886719,478500,0.0,0.0
2023-03-14 00:00:00-04:00,46.123427717391095,47.05903151347186,45.95250148670704,46.54624938964844,471900,0.39,0.0
2023-03-15 00:00:00-04:00,46.105423987199714,46.852108598534905,45.82654116276662,46.555233001708984,442900,0.0,0.0
2023-03-16 00:00:00-04:00,46.10542576699979,47.52682395496887,46.0334546746502,47.0770149230957,445700,0.0,0.0
2023-03-17 00:00:00-04:00,47.01403763287,47.01403763287,46.29434388152263,46.87909698486328,1500700,0.0,0.0
2023-03-20 00:00:00-04:00,47.08600889202301,47.787709873121,46.95106481176393,47.19396209716797,390300,0.0,0.0
2023-03-21 00:00:00-04:00,47.44585907244134,47.45485374326667,45.98847531125194,46.5372428894043,520300,0.0,0.0
2023-03-22 00:00:00-04:00,46.62720611297668,46.62720611297668,45.23279536212173,45.286773681640625,432400,0.0,0.0
2023-03-23 00:00:00-04:00,45.304770522838226,45.934503913355,44.621058807955706,44.98090744018555,453800,0.0,0.0
2023-03-24 00:00:00-04:00,45.0528768370575,46.30334546756348,44.818974205414634,46.25836181640625,409400,0.0,0.0
2023-03-27 00:00:00-04:00,46.690177287511666,47.292919722399006,46.48326211995435,46.93307113647461,366500,0.0,0.0
2023-03-28 00:00:00-04:00,46.67218305534258,47.09500118404387,46.52824431182867,47.03202819824219,272800,0.0,0.0
2023-03-29 00:00:00-04:00,47.14898501055177,47.517828298402236,47.10400479140332,47.36489486694336,355200,0.0,0.0
2023-03-30 00:00:00-04:00,47.59878914346611,47.90465940652506,47.31091165256007,47.472843170166016,284000,0.0,0.0
2023-03-31 00:00:00-04:00,47.751719360229586,47.91364742358033,47.40086549962157,47.85967254638672,474600,0.0,0.0
2023-04-03 00:00:00-04:00,47.670760159966115,47.93164677636292,47.12199262132837,47.34689712524414,413800,0.0,0.0
2023-04-04 00:00:00-04:00,47.21195398949067,47.7607215390464,46.89708905045235,47.67076110839844,360200,0.0,0.0
2023-04-05 00:00:00-04:00,47.86867149723357,49.24508932888117,47.86867149723357,49.22709655761719,593100,0.0,0.0
2023-04-06 00:00:00-04:00,49.478992360162,49.68590409821931,48.78628605530727,49.29007339477539,401000,0.0,0.0
2023-04-10 00:00:00-04:00,49.18211813521166,49.775869354650595,48.84026574021241,49.748878479003906,486000,0.0,0.0
2023-04-11 00:00:00-04:00,49.649921154799905,50.10872830252047,49.649921154799905,49.892818450927734,396300,0.0,0.0
2023-04-12 00:00:00-04:00,49.80285776698367,50.23467403625125,49.20011186512201,49.389034271240234,341300,0.0,0.0
2023-04-13 00:00:00-04:00,49.23609921445745,49.38003797614885,48.057598243766655,49.173126220703125,479000,0.0,0.0
2023-04-14 00:00:00-04:00,48.858256814575135,49.101154096326226,47.85968024463303,47.985626220703125,576900,0.0,0.0
2023-04-17 00:00:00-04:00,48.20153974254872,48.57937769962922,47.86867857262078,48.48041915893555,285100,0.0,0.0
2023-04-18 00:00:00-04:00,48.561389349145486,48.561389349145486,47.64377838608848,48.05760192871094,239800,0.0,0.0
2023-04-19 00:00:00-04:00,48.22852482656712,48.39045635218034,48.03960585727521,48.318485260009766,550700,0.0,0.0
2023-04-20 00:00:00-04:00,48.32747715244246,48.38145203286418,47.93164305990926,48.15654754638672,367200,0.0,0.0
2023-04-21 00:00:00-04:00,48.39944852916473,48.489412389742796,47.71574034762336,47.96763229370117,455300,0.0,0.0
2023-04-24 00:00:00-04:00,48.12057290543091,48.17454779423001,47.63477831561519,47.84169006347656,290900,0.0,0.0
2023-04-25 00:00:00-04:00,47.63477221144671,47.84168393279333,47.06801192928933,47.18496322631836,392300,0.0,0.0
2023-04-26 00:00:00-04:00,46.69917338425623,46.82511936364556,45.718589561019996,46.02445983886719,648800,0.0,0.0
2023-04-27 00:00:00-04:00,46.024460413672614,46.41129645906855,45.55665860454797,46.40230178833008,619500,0.0,0.0
2023-04-28 00:00:00-04:00,46.37529875334947,46.87908597688033,46.21336726834918,46.45626449584961,2198900,0.0,0.0
2023-05-01 00:00:00-04:00,46.61820900889767,47.175971262122545,46.08743420012493,46.4832649230957,415700,0.0,0.0
2023-05-02 00:00:00-04:00,46.45627732321948,46.45627732321948,45.41272048272363,46.168399810791016,665800,0.0,0.0
2023-05-03 00:00:00-04:00,46.42029020795065,47.616783866872524,46.41129553739079,46.82511901855469,607800,0.0,0.0
2023-05-04 00:00:00-04:00,46.10542521530479,47.032030711709226,44.68402704434408,46.015464782714844,939600,0.0,0.0
2023-05-05 00:00:00-04:00,46.11442014016689,46.56422916913827,45.43970659670982,45.77256774902344,627600,0.0,0.0
2023-05-08 00:00:00-04:00,45.9165073418874,46.01546587915661,45.0798622581376,45.169822692871094,468500,0.0,0.0
2023-05-09 00:00:00-04:00,45.04388161438917,45.26878615747351,44.8369698465641,45.06187438964844,382800,0.0,0.0
2023-05-10 00:00:00-04:00,45.46669303061991,45.565651556410096,44.738001239431426,45.331748962402344,425600,0.0,0.0
2023-05-11 00:00:00-04:00,45.25978908499911,45.43071529323916,44.61206293710707,44.83696746826172,359700,0.0,0.0
2023-05-12 00:00:00-04:00,45.07086153685325,45.2867713721475,44.85495513332942,45.25078582763672,340400,0.0,0.0
2023-05-15 00:00:00-04:00,45.45770385280694,45.55666239802341,44.53109825990885,44.7290153503418,329500,0.0,0.0
2023-05-16 00:00:00-04:00,44.81896979597987,44.81896979597987,44.225222035889296,44.261207580566406,419500,0.0,0.0
2023-05-17 00:00:00-04:00,44.477117522262404,44.648047157187136,43.928353365261344,44.44113540649414,473900,0.0,0.0
2023-05-18 00:00:00-04:00,43.7664171005402,44.0812820280323,43.442554071250996,44.05429458618164,412400,0.0,0.0
2023-05-19 00:00:00-04:00,44.35116388275765,44.54008282707427,44.14425216777705,44.37815475463867,557400,0.0,0.0
2023-05-22 00:00:00-04:00,44.486114501953125,44.755999238140554,44.1352640017324,44.486114501953125,490800,0.0,0.0
2023-05-23 00:00:00-04:00,44.45012934031308,44.97190947566254,44.38715634904962,44.49510955810547,407800,0.0,0.0
2023-05-24 00:00:00-04:00,44.46812524932385,44.53109824502767,43.78441353629536,43.802406311035156,431900,0.0,0.0
2023-05-25 00:00:00-04:00,43.79340258882256,44.162245815332675,43.145676559138394,43.96432876586914,491500,0.0,0.0
2023-05-26 00:00:00-04:00,43.910355076664544,44.27020021154811,43.56849928152043,44.04529571533203,518700,0.0,0.0
2023-05-30 00:00:00-04:00,44.08127959287347,44.45911748499129,43.63147061743599,43.82938766479492,384900,0.0,0.0
2023-05-31 00:00:00-04:00,43.87437194221937,44.02730536079217,43.298616949382186,43.58649444580078,456200,0.0,0.0
2023-06-01 00:00:00-04:00,43.58649987769944,43.91036295947389,43.16367825074159,43.802406311035156,480400,0.0,0.0
2023-06-02 00:00:00-04:00,43.68545205296119,45.322756566061514,43.49652966162624,45.30476379394531,426000,0.0,0.0
2023-06-05 00:00:00-04:00,44.88194541787788,45.17882103123516,43.96433456536986,44.117271423339844,570400,0.0,0.0
2023-06-06 00:00:00-04:00,44.36915788754979,44.86394708337641,44.036300200433,44.5220947265625,411100,0.0,0.0
2023-06-07 00:00:00-04:00,44.59407151848716,45.62863376595815,44.37816508380667,45.35874557495117,536200,0.0,0.0
2023-06-08 00:00:00-04:00,45.27778510347491,45.57465732134924,44.95392200632397,45.25979232788086,391500,0.0,0.0
2023-06-09 00:00:00-04:00,45.19681185668085,45.19681185668085,44.62105342817579,44.82796859741211,271500,0.0,0.0
2023-06-12 00:00:00-04:00,44.73800032642023,44.73800032642023,42.87579144093486,43.89236068725586,1073800,0.0,0.0
2023-06-13 00:00:00-04:00,43.62937312243931,44.07373602737345,43.53868434429335,43.72005844116211,523300,0.39,0.0
2023-06-14 00:00:00-04:00,43.59310006857577,44.01932870133089,43.2394224624272,43.438934326171875,729900,0.0,0.0
2023-06-15 00:00:00-04:00,43.43892607022036,43.58402463643285,42.96735486517409,43.175933837890625,766400,0.0,0.0
2023-06-16 00:00:00-04:00,43.50241153292243,43.50241153292243,42.84946617936434,43.067115783691406,1324200,0.0,0.0
2023-06-20 00:00:00-04:00,43.021774559454116,43.65658222990948,42.740647968689565,43.148738861083984,605400,0.0,0.0
2023-06-21 00:00:00-04:00,43.166871435820646,43.78354132428294,42.51392949347843,43.438934326171875,459000,0.0,0.0
2023-06-22 00:00:00-04:00,43.5930966377289,43.5930966377289,42.45044573399096,42.81319046020508,549500,0.0,0.0
2023-06-23 00:00:00-04:00,42.83133008209651,42.85853498640686,41.59799034848654,41.69774627685547,2318400,0.0,0.0
2023-06-26 00:00:00-04:00,41.79750321465255,42.20559408627955,41.588924204581716,41.90632629394531,664600,0.0,0.0
2023-06-27 00:00:00-04:00,42.11490921393777,42.47765745782205,41.842849760736385,42.28721618652344,401700,0.0,0.0
2023-06-28 00:00:00-04:00,42.02422211172332,42.15118295390543,41.63426897677913,42.1330451965332,493000,0.0,0.0
2023-06-29 00:00:00-04:00,41.951666113884045,42.912946384226466,41.87004794508683,42.81319046020508,531600,0.0,0.0
2023-06-30 00:00:00-04:00,42.94014324497976,43.103379552001236,42.45043778333776,42.804115295410156,460300,0.0,0.0
2023-07-03 00:00:00-04:00,42.71343783255779,43.19407973453368,42.71343783255779,42.99456787109375,290400,0.0,0.0
2023-07-05 00:00:00-04:00,42.85853280246805,43.16686772015874,42.550197884777354,42.677162170410156,596200,0.0,0.0
2023-07-06 00:00:00-04:00,42.48672172127747,42.48672172127747,41.80657140476124,42.05142593383789,517000,0.0,0.0
2023-07-07 00:00:00-04:00,41.65240318237542,41.697745842227796,40.446268365647704,41.18083190917969,1001900,0.0,0.0
2023-07-10 00:00:00-04:00,41.11735250106538,41.588923785816775,41.00852942286838,41.38941192626953,775800,0.0,0.0
2023-07-11 00:00:00-04:00,41.55265140026962,41.88819126795793,41.18083601731134,41.824710845947266,567400,0.0,0.0
2023-07-12 00:00:00-04:00,42.44138006484976,42.5592737578126,41.833780761547985,42.260005950927734,508600,0.0,0.0
2023-07-13 00:00:00-04:00,42.22373187246843,42.4141731262207,42.024220010771764,42.4141731262207,710100,0.0,0.0
2023-07-14 00:00:00-04:00,42.29628483510221,42.29628483510221,41.57079178104168,41.87005615234375,526900,0.0,0.0
2023-07-17 00:00:00-04:00,41.80656328874034,41.888181449254475,41.434747992936586,41.597984313964844,476100,0.0,0.0
2023-07-18 00:00:00-04:00,41.7068108042995,42.21465406098011,41.19896408819616,41.66146469116211,586300,0.0,0.0
2023-07-19 00:00:00-04:00,41.80657572632744,42.14211907461224,41.507311355025365,41.87005615234375,624500,0.0,0.0
2023-07-20 00:00:00-04:00,42.060497111469466,42.441379633352184,41.6796111301633,42.31441879272461,602200,0.0,0.0
2023-07-21 00:00:00-04:00,42.47765029144956,42.65902438279221,42.00607903772789,42.1058349609375,732800,0.0,0.0
2023-07-24 00:00:00-04:00,42.10583811469418,42.33255488099797,41.697747243462686,41.96980667114258,607100,0.0,0.0
2023-07-25 00:00:00-04:00,41.60706828476661,41.806576717222136,41.335008815473564,41.56172561645508,790400,0.0,0.0
2023-07-26 00:00:00-04:00,41.56171891582707,42.250936357547964,41.56171891582707,41.89725875854492,665000,0.0,0.0
2023-07-27 00:00:00-04:00,41.70681884544803,41.89726010342067,40.46440844570638,40.518821716308594,785500,0.0,0.0
2023-07-28 00:00:00-04:00,40.8634298994434,40.935977463444445,40.22862228217404,40.4825439453125,703700,0.0,0.0
2023-07-31 00:00:00-04:00,40.6004333815562,40.79994521567925,40.40999215412393,40.53695297241211,4642700,0.0,0.0
2023-08-01 00:00:00-04:00,40.62763946672266,40.890631717653726,39.693567596877166,39.7933235168457,778800,0.0,0.0
2023-08-02 00:00:00-04:00,39.77518576235843,40.12886332630292,39.46685085492065,39.7933235168457,895100,0.0,0.0
2023-08-03 00:00:00-04:00,40.15607183860859,40.428134720954944,39.530334819943135,40.17420959472656,923200,0.0,0.0
2023-08-04 00:00:00-04:00,39.91122016714641,40.86343340443657,39.83867259692271,40.40999984741211,938400,0.0,0.0
2023-08-07 00:00:00-04:00,40.41906638366107,40.67298806472984,39.784258721565685,40.210487365722656,654400,0.0,0.0
2023-08-08 00:00:00-04:00,40.18328301791603,40.18328301791603,39.21293548386873,39.457786560058594,446500,0.0,0.0
2023-08-09 00:00:00-04:00,39.29455669307727,39.711714766922995,39.27641893428957,39.43965530395508,426900,0.0,0.0
2023-08-10 00:00:00-04:00,39.37616925728612,39.71171258730623,39.2038657473957,39.27641677856445,449200,0.0,0.0
2023-08-11 00:00:00-04:00,39.34896021841243,39.82053149322052,39.14944836307198,39.78425598144531,488000,0.0,0.0
2023-08-14 00:00:00-04:00,39.69357179728138,39.738914458586294,39.01342149943782,39.2310676574707,457800,0.0,0.0
2023-08-15 00:00:00-04:00,39.09504690306276,39.09504690306276,38.623475527556835,38.77764129638672,303100,0.0,0.0
2023-08-16 00:00:00-04:00,38.93180608104168,39.18572776986123,38.78670747894142,39.08597183227539,403800,0.0,0.0
2023-08-17 00:00:00-04:00,39.022486049993454,39.46685240381366,38.95900563650815,39.12224197387695,395400,0.0,0.0
2023-08-18 00:00:00-04:00,39.122250244723524,39.51220341538655,39.0406320587842,39.25828170776367,514700,0.0,0.0
2023-08-21 00:00:00-04:00,39.122246348618965,39.13131695694435,38.55998971226638,38.87739181518555,339800,0.0,0.0
2023-08-22 00:00:00-04:00,38.85019062224573,39.05876966115992,38.70509200998265,39.004356384277344,282200,0.0,0.0
2023-08-23 00:00:00-04:00,39.222003558894436,39.240141316711465,38.587195872992936,38.7050895690918,362600,0.0,0.0
2023-08-24 00:00:00-04:00,38.54185125486793,39.07690297537126,38.20631140081704,38.224449157714844,378500,0.0,0.0
2023-08-25 00:00:00-04:00,38.41489444083275,38.67788675427019,38.224453162587885,38.48744201660156,343000,0.0,0.0
2023-08-28 00:00:00-04:00,38.68694535046851,39.01341801780611,38.6143977907396,38.65974044799805,311600,0.0,0.0
2023-08-29 00:00:00-04:00,38.73229296009121,38.777635623147226,38.360477587954335,38.67788314819336,350200,0.0,0.0
2023-08-30 00:00:00-04:00,38.63254112180746,39.04970266065419,38.63254112180746,38.81391525268555,435900,0.0,0.0
2023-08-31 00:00:00-04:00,38.99528558759005,39.08597091448947,38.19724156506591,38.242584228515625,521000,0.0,0.0
2023-09-01 00:00:00-04:00,38.51464782993326,38.66881358035642,38.01586814462648,38.31513595581055,378500,0.0,0.0
2023-09-05 00:00:00-04:00,38.16096694594647,38.17003409425781,37.28130480454747,37.49895095825195,500700,0.0,0.0
2023-09-06 00:00:00-04:00,37.55335846463637,37.63497662460882,37.23595643108948,37.526153564453125,316700,0.0,0.0
2023-09-07 00:00:00-04:00,37.74380916956267,38.25165601027934,37.62591893286167,38.197242736816406,404200,0.0,0.0
2023-09-08 00:00:00-04:00,38.27885061216928,38.43301978243161,38.0249289898815,38.15188980102539,430600,0.0,0.0
2023-09-11 00:00:00-04:00,38.17910108815644,38.46023111659624,37.91611227511243,38.32419967651367,535300,0.0,0.0
2023-09-12 00:00:00-04:00,38.35141417287937,38.74136734008789,38.15190228470094,38.74136734008789,657600,0.0,0.0
2023-09-13 00:00:00-04:00,38.70509167576235,39.19480078520551,38.46023712104077,38.93180847167969,762800,0.0,0.0
2023-09-14 00:00:00-04:00,39.24919840831233,39.70263185927499,39.24919840831233,39.49405288696289,597300,0.0,0.0
2023-09-15 00:00:00-04:00,39.30361507825207,39.60287938295523,39.22199691161976,39.484989166259766,1869500,0.0,0.0
2023-09-18 00:00:00-04:00,39.430581919784366,39.457786826339394,38.995286117786414,39.076904296875,526200,0.0,0.0
2023-09-19 00:00:00-04:00,39.18679562999725,39.28753345062808,38.73805538177103,38.747215270996094,748700,0.42,0.0
2023-09-20 00:00:00-04:00,38.857107681347834,38.9578454972965,38.58237040642583,38.61899948120117,472400,0.0,0.0
2023-09-21 00:00:00-04:00,38.75637501989538,39.21427170348911,38.17942422039444,38.89374542236328,767400,0.0,0.0
2023-09-22 00:00:00-04:00,38.8113219929847,39.21426979730935,38.53658469487815,38.87542724609375,689100,0.0,0.0
2023-09-25 00:00:00-04:00,38.756373202892384,38.96700524825357,38.45416322249565,38.802162170410156,477100,0.0,0.0
2023-09-26 00:00:00-04:00,38.646478274035346,38.646478274035346,37.80394661455402,37.84973907470703,848100,0.0,0.0
2023-09-27 00:00:00-04:00,37.849737661961385,38.106158660571,37.60247305895608,37.64826202392578,550200,0.0,0.0
2023-09-28 00:00:00-04:00,37.81311103477096,38.02374310151083,37.21784391619876,37.309425354003906,613400,0.0,0.0
2023-09-29 00:00:00-04:00,37.712368633696656,37.858895422968736,36.98889108327079,37.208683013916016,522300,0.0,0.0
2023-10-02 00:00:00-04:00,37.12626603358807,37.4925813049937,35.84415384998174,36.027313232421875,571800,0.0,0.0
2023-10-03 00:00:00-04:00,36.01815537015426,36.64089165555855,35.64267673001529,36.540157318115234,672700,0.0,0.0
2023-10-04 00:00:00-04:00,36.58594265680994,37.062155587121204,36.146362296555125,37.0346794128418,633200,0.0,0.0
2023-10-05 00:00:00-04:00,37.034677987106235,37.66657756909386,36.88815120599551,37.58415603637695,793400,0.0,0.0
2023-10-06 00:00:00-04:00,37.23615835512054,38.197740696750344,36.81489424255501,37.895530700683594,754500,0.0,0.0
2023-10-09 00:00:00-04:00,37.694050650229975,38.64647648432866,37.694050650229975,38.39921188354492,661200,0.0,0.0
2023-10-10 00:00:00-04:00,38.41753225477379,38.866269046043804,38.39921596830723,38.60984802246094,603700,0.0,0.0
2023-10-11 00:00:00-04:00,38.72889815601572,38.98531915323579,38.40836841601654,38.967002868652344,477200,0.0,0.0
2023-10-12 00:00:00-04:00,39.01279007753138,39.18679302650574,38.344261440957354,38.59152603149414,419500,0.0,0.0
2023-10-13 00:00:00-04:00,38.76553400948935,38.93037359775779,38.188583223389486,38.50910949707031,474300,0.0,0.0
2023-10-16 00:00:00-04:00,38.82963597448762,39.07689708267894,38.58237137282223,38.967002868652344,485300,0.0,0.0
2023-10-17 00:00:00-04:00,38.747216841278174,39.54395605591454,38.747216841278174,39.44321823120117,751400,0.0,0.0
2023-10-18 00:00:00-04:00,39.54395129479988,40.148374676832866,39.32415938611794,39.809532165527344,950800,0.0,0.0
2023-10-19 00:00:00-04:00,39.66301002840163,39.88279846930794,38.74721670651867,38.91205978393555,616900,0.0,0.0
2023-10-20 00:00:00-04:00,39.02195378975483,39.241742229452235,38.57321352737172,38.6281623840332,560800,0.0,0.0
2023-10-23 00:00:00-04:00,38.344267100465494,38.591531727497866,37.9504756752074,37.96879196166992,323300,0.0,0.0
2023-10-24 00:00:00-04:00,38.30763748763494,38.46332068018704,37.886369891811405,38.18858337402344,501900,0.0,0.0
2023-10-25 00:00:00-04:00,37.968788851807645,38.197737173625306,37.584157348021556,38.06952667236328,382100,0.0,0.0
2023-10-26 00:00:00-04:00,38.25268799623342,38.6831119813034,37.94131812280554,38.01457977294922,292900,0.0,0.0
2023-10-27 00:00:00-04:00,37.80394233564736,37.831418507324074,36.91562530350724,37.24530792236328,385200,0.0,0.0
2023-10-30 00:00:00-04:00,37.520048678287395,37.55667775139996,36.906465415123726,37.24530792236328,353600,0.0,0.0
2023-10-31 00:00:00-04:00,37.40099609341512,37.47425773607148,36.9339430777431,37.16289138793945,940500,0.0,0.0
2023-11-01 00:00:00-04:00,37.31857416929501,38.26184007946615,37.01636072614857,38.19773483276367,486400,0.0,0.0
2023-11-02 00:00:00-04:00,38.490791090591536,39.1043744151614,38.40836955426049,38.92121505737305,486200,0.0,0.0
2023-11-03 00:00:00-04:00,39.53479616631826,39.82785324433637,39.13184836093908,39.44321823120117,400800,0.0,0.0
2023-11-06 00:00:00-05:00,39.21426717515089,39.21426717515089,38.65563272671994,38.756370544433594,339100,0.0,0.0
2023-11-07 00:00:00-05:00,38.5823731351208,38.71058363958701,38.362581203554264,38.41753005981445,386700,0.0,0.0
2023-11-08 00:00:00-05:00,38.353424303724715,38.353424303724715,37.73068458152053,37.92300033569336,379000,0.0,0.0
2023-11-09 00:00:00-05:00,38.1153131101541,38.17941835653353,37.56583857162353,37.66657638549805,517100,0.0,0.0
2023-11-10 00:00:00-05:00,37.794796545351346,37.794796545351346,37.40100507774063,37.57500457763672,369500,0.0,0.0
2023-11-13 00:00:00-05:00,37.57499381960164,37.79478572438801,37.172046069879414,37.712364196777344,481500,0.0,0.0
2023-11-14 00:00:00-05:00,38.582371220939045,39.40658306310502,38.582371220939045,39.324161529541016,453500,0.0,0.0
2023-11-15 00:00:00-05:00,39.06774068712426,39.65384781989818,38.88458133476388,38.967002868652344,346600,0.0,0.0
2023-11-16 00:00:00-05:00,39.260058655468164,39.37911276525685,38.921216105195725,39.15932083129883,357100,0.0,0.0
2023-11-17 00:00:00-05:00,39.36079483654478,39.498165226218376,38.93953076530778,39.388267517089844,408000,0.0,0.0
2023-11-20 00:00:00-05:00,39.25090438372376,39.25090438372376,38.600691929680146,38.78384780883789,409200,0.0,0.0
2023-11-21 00:00:00-05:00,38.26184007946615,38.97616117532413,37.831419636388695,38.19773483276367,600700,0.0,0.0
2023-11-22 00:00:00-05:00,38.63732196231119,39.113534945509656,38.26184681121859,39.095218658447266,435300,0.0,0.0
2023-11-24 00:00:00-05:00,39.223426108716936,39.223426108716936,38.82963473641401,39.12268829345703,145600,0.0,0.0
2023-11-27 00:00:00-05:00,39.03111046774498,39.15016457796774,38.66479523444506,38.83879470825195,458000,0.0,0.0
2023-11-28 00:00:00-05:00,38.73805779894883,38.95784973890107,38.40837163575767,38.54574203491211,433000,0.0,0.0
2023-11-29 00:00:00-05:00,38.57321250614412,38.912058539707566,38.26184264692111,38.353424072265625,406700,0.0,0.0
2023-11-30 00:00:00-05:00,38.37174325050278,38.71974221262799,38.10616233719057,38.646480560302734,465800,0.0,0.0
2023-12-01 00:00:00-05:00,38.564060494237374,39.46153760379212,38.39921740335236,39.37911605834961,439700,0.0,0.0
2023-12-04 00:00:00-05:00,39.24174223598038,40.23995709124732,39.24174223598038,40.157535552978516,430400,0.0,0.0
2023-12-05 00:00:00-05:00,40.06595511416806,40.157533042753684,39.50732066676324,39.75458526611328,516600,0.0,0.0
2023-12-06 00:00:00-05:00,39.97438320469218,40.59712299457028,39.70880228094058,40.58796310424805,470500,0.0,0.0
2023-12-07 00:00:00-05:00,40.66122825292762,40.85354402799965,40.45059269721113,40.58796310424805,426600,0.0,0.0
2023-12-08 00:00:00-05:00,40.50553631146133,40.71616834641708,40.185010061196955,40.42311477661133,296500,0.0,0.0
2023-12-11 00:00:00-05:00,40.38648528631307,40.661226085743614,39.98353747047565,40.359012603759766,539600,0.0,0.0
2023-12-12 00:00:00-05:00,40.24805898485705,40.49770278579322,39.87821906009456,40.451473236083984,493900,0.42,0.0
2023-12-13 00:00:00-05:00,40.386748591094694,41.76440813104204,40.23881192518582,41.63496398925781,697100,0.0,0.0
2023-12-14 00:00:00-05:00,42.097271946092576,42.4116378426213,41.339095994538965,41.36683654785156,602400,0.0,0.0
2023-12-15 00:00:00-05:00,41.36683312905305,41.422307176915965,40.201828744692854,40.37750244140625,1529700,0.0,0.0
2023-12-18 00:00:00-05:00,40.59016384776742,40.756593041976586,40.33127203061515,40.48845672607422,471500,0.0,0.0
2023-12-19 00:00:00-05:00,40.70111452412811,41.22813911786972,40.70111452412811,41.1171875,527400,0.0,0.0
2023-12-20 00:00:00-05:00,41.18191164612167,41.61647364096196,40.57167242645646,40.63639450073242,527600,0.0,0.0
2023-12-21 00:00:00-05:00,40.775078077018534,41.20964354489967,40.70111151294042,41.163414001464844,317400,0.0,0.0
2023-12-22 00:00:00-05:00,41.45929402591068,41.99556316535713,41.24663527000185,41.6627082824707,339800,0.0,0.0
2023-12-26 00:00:00-05:00,41.56100049213837,41.75516671916795,41.43155634078532,41.459293365478516,366300,0.0,0.0
2023-12-27 00:00:00-05:00,41.56099938769081,41.597984437691295,41.15417089186251,41.31135559082031,300700,0.0,0.0
2023-12-28 00:00:00-05:00,41.13568489694415,41.79215371047808,41.13568489694415,41.39457321166992,345500,0.0,0.0
2023-12-29 00:00:00-05:00,41.32060237568832,41.561001686902166,41.015484514026056,41.21889877319336,361500,0.0,0.0
2024-01-02 00:00:00-05:00,41.00623031040719,42.097264491809106,41.00623031040719,41.856868743896484,516000,0.0,0.0
2024-01-03 00:00:00-05:00,41.93083800128481,42.374651533299385,41.60722764157458,41.83837890625,612600,0.0,0.0
2024-01-04 00:00:00-05:00,41.83837699107923,42.26369445211168,41.67194780596423,41.903099060058594,497300,0.0,0.0
2024-01-05 00:00:00-05:00,41.68119898531401,42.16199052637414,41.43155518875097,41.57024383544922,391500,0.0,0.0
2024-01-08 00:00:00-05:00,41.634962018678216,41.6627025670964,41.26512213495469,41.59798049926758,389600,0.0,0.0
2024-01-09 00:00:00-05:00,41.274369233953756,41.274369233953756,40.562422915885016,40.64563751220703,534400,0.0,0.0
2024-01-10 00:00:00-05:00,40.69187269294445,40.83980938165363,40.49770645034282,40.73810577392578,346700,0.0,0.0
2024-01-11 00:00:00-05:00,40.49770496071764,40.49770496071764,39.57309980852277,39.7117919921875,447100,0.0,0.0
2024-01-12 00:00:00-05:00,40.21107848013605,40.3775041578882,39.619328236764005,39.69329833984375,300400,0.0,0.0
2024-01-16 00:00:00-05:00,39.480642904927805,39.517627959578576,38.861155584338704,38.972110748291016,387100,0.0,0.0
2024-01-17 00:00:00-05:00,38.60225900443564,39.24023518888893,38.2971376594222,38.89813232421875,340500,0.0,0.0
2024-01-18 00:00:00-05:00,38.65773933824997,38.740953935831115,38.195436802152166,38.36186599731445,376600,0.0,0.0
2024-01-19 00:00:00-05:00,38.500556151109976,38.6854778782157,38.04750162314395,38.583770751953125,299100,0.0,0.0
2024-01-22 00:00:00-05:00,38.833410597984994,39.08305437507977,38.602259344425555,38.999839782714844,573000,0.0,0.0
2024-01-23 00:00:00-05:00,39.10154913718187,39.286470856033844,38.89813489373586,39.1662712097168,496900,0.0,0.0
2024-01-24 00:00:00-05:00,39.52686998634706,39.693299194772464,38.46357265775019,38.54678726196289,628500,0.0,0.0
2024-01-25 00:00:00-05:00,38.842657100245006,39.03682684383992,38.54678376259079,38.77793502807617,613000,0.0,0.0
2024-01-26 00:00:00-05:00,39.0738095803482,39.14777968060533,38.39884828740016,38.40809631347656,438700,0.0,0.0
2024-01-29 00:00:00-05:00,38.55603666215747,38.93512464438958,38.22317823344852,38.92587661743164,388900,0.0,0.0
2024-01-30 00:00:00-05:00,38.8703938454786,38.96285293178652,38.50979847095443,38.51904296875,625600,0.0,0.0
2024-01-31 00:00:00-05:00,38.75943724101278,38.8796368703298,37.64066611446622,37.75162124633789,852400,0.0,0.0
2024-02-01 00:00:00-05:00,37.87182298183187,38.48206218954472,37.75162686172415,38.33412551879883,477500,0.0,0.0
2024-02-02 00:00:00-05:00,37.834832372806,38.158446217383116,37.42800746980703,37.723880767822266,677400,0.0,0.0
2024-02-05 00:00:00-05:00,37.44650800115368,37.44650800115368,36.46642528742095,36.50341033935547,1259400,0.0,0.0
2024-02-06 00:00:00-05:00,38.26015753843448,38.574523393082266,37.16912330919146,37.825592041015625,1192000,0.0,0.0
2024-02-07 00:00:00-05:00,37.93654993854256,38.02901257409206,37.35405120648082,37.446510314941406,730900,0.0,0.0
2024-02-08 00:00:00-05:00,37.36329504249748,38.075241451676305,37.298572962307475,38.04750442504883,720600,0.0,0.0
2024-02-09 00:00:00-05:00,37.92730212921878,38.34337513516516,37.92730212921878,38.16769790649414,787000,0.0,0.0
2024-02-12 00:00:00-05:00,38.13995608254052,39.083053601650285,38.13995608254052,38.953609466552734,680600,0.0,0.0
2024-02-13 00:00:00-05:00,38.084483862920465,38.35262019591057,37.29857091680589,37.594444274902344,611900,0.0,0.0
2024-02-14 00:00:00-05:00,37.71464294826472,38.29714162288479,37.501984198105056,38.223175048828125,568300,0.0,0.0
2024-02-15 00:00:00-05:00,38.426589038688036,39.24023898322337,38.38960398836684,39.15702438354492,554800,0.0,0.0
2024-02-16 00:00:00-05:00,38.888890440472224,39.20325630476177,38.53753952695133,38.90738296508789,427800,0.0,0.0
2024-02-20 00:00:00-05:00,38.72246547808267,39.4159193550615,38.51905121216713,38.85190963745117,513600,0.0,0.0
2024-02-21 00:00:00-05:00,38.842655181884766,39.21249859923092,38.48205978987079,38.842655181884766,871800,0.0,0.0
2024-02-22 00:00:00-05:00,38.463571894198516,38.509804972245675,37.992024831079846,38.50055694580078,874700,0.0,0.0
2024-02-23 00:00:00-05:00,38.435834206381635,38.55603385847237,38.195438429288764,38.297142028808594,324700,0.0,0.0
2024-02-26 00:00:00-05:00,38.03825347976742,38.05674600512992,37.45575127565895,37.80710220336914,453100,0.0,0.0
2024-02-27 00:00:00-05:00,38.00126791426745,38.250911712646484,37.82559421633636,38.250911712646484,338400,0.0,0.0
2024-02-28 00:00:00-05:00,38.047501349241074,38.528292898330754,38.047501349241074,38.223175048828125,461700,0.0,0.0
2024-02-29 00:00:00-05:00,38.60226443671747,38.75020111742732,38.223176471955405,38.47282028198242,441000,0.0,0.0
2024-03-01 00:00:00-05:00,38.3988512657459,38.824172321036734,37.87182660534579,38.620758056640625,352400,0.0,0.0
2024-03-04 00:00:00-05:00,38.54678400309569,39.138534209184634,38.26940318820025,39.036827087402344,546500,0.0,0.0
2024-03-05 00:00:00-05:00,39.009086199597434,39.49912927966616,38.7317053871008,38.93511962890625,520700,0.0,0.0
2024-03-06 00:00:00-05:00,39.24948915865396,39.378933314778024,38.94436776742833,39.3511962890625,450400,0.0,0.0
2024-03-07 00:00:00-05:00,39.65631024527368,39.90595403337842,39.52686610190567,39.739524841308594,382600,0.0,0.0
2024-03-08 00:00:00-05:00,40.02615594825977,40.07238549821484,39.72103456979686,39.776512145996094,330600,0.0,0.0
2024-03-11 00:00:00-04:00,39.77651016186361,40.266549715702645,39.77651016186361,40.22956466674805,303900,0.0,0.0
2024-03-12 00:00:00-04:00,39.97748916981283,40.09886040590999,39.529353330531464,39.930809020996094,457000,0.42,0.0
2024-03-13 00:00:00-04:00,39.98682811023646,40.30425455291956,39.482673945738945,39.529354095458984,407100,0.0,0.0
2024-03-14 00:00:00-04:00,39.19325101700408,39.37997517591199,38.47436532016226,38.96918487548828,539500,0.0,0.0
2024-03-15 00:00:00-04:00,38.76379136037735,39.39865141972732,38.53972163764959,38.94117736816406,1580900,0.0,0.0
2024-03-18 00:00:00-04:00,38.9131706303879,38.969188952360916,38.35300165652762,38.52104949951172,652500,0.0,0.0
2024-03-19 00:00:00-04:00,38.586402419123665,39.13723317429075,38.586402419123665,39.03453826904297,520400,0.0,0.0
2024-03-20 00:00:00-04:00,38.894495490984504,39.464002597938816,38.81046979386883,39.2119255065918,383800,0.0,0.0
2024-03-21 00:00:00-04:00,39.24927326103189,39.501350366564395,38.95051600146761,39.00653076171875,511100,0.0,0.0
2024-03-22 00:00:00-04:00,39.23992937115076,39.333293227066896,39.01586323988591,39.258602142333984,473700,0.0,0.0
2024-03-25 00:00:00-04:00,39.48267605523226,39.576036359660414,39.17458063997816,39.286617279052734,197500,0.0,0.0
2024-03-26 00:00:00-04:00,39.44532692248955,39.44532692248955,38.66108832760741,38.829139709472656,249400,0.0,0.0
2024-03-27 00:00:00-04:00,39.043876596423004,39.57603819152388,38.71711195433212,39.55736541748047,568000,0.0,0.0
2024-03-28 00:00:00-04:00,39.62271833655488,40.1642180992835,39.62271833655488,40.061519622802734,407300,0.0,0.0
2024-04-01 00:00:00-04:00,40.061514041982555,40.061514041982555,39.529352521140616,39.82810974121094,328300,0.0,0.0
2024-04-02 00:00:00-04:00,39.53869046595772,40.332267292494834,39.3706390702895,40.26691436767578,590400,0.0,0.0
2024-04-03 00:00:00-04:00,39.99616125404488,40.108194321572455,39.79076432902182,39.856117248535156,365300,0.0,0.0
2024-04-04 00:00:00-04:00,40.21089825364727,40.37894965853081,39.70674403899665,40.061519622802734,443400,0.0,0.0
2024-04-05 00:00:00-04:00,39.809445348492474,40.080195249124536,39.41732775017106,39.94015121459961,419000,0.0,0.0
2024-04-08 00:00:00-04:00,40.01484344571671,40.33227351299576,39.94015234213677,40.080196380615234,263900,0.0,0.0
2024-04-09 00:00:00-04:00,40.23890559171879,40.434967938188706,39.893468176028684,40.07085418701172,243000,0.0,0.0
2024-04-10 00:00:00-04:00,39.32395716325623,39.32395716325623,38.65175517205444,39.015865325927734,392600,0.0,0.0
2024-04-11 00:00:00-04:00,39.27728127901559,39.27728127901559,38.595741046974744,39.09055709838867,355600,0.0,0.0
2024-04-12 00:00:00-04:00,39.04387270346656,39.314622557899,38.79179562121571,39.015865325927734,280800,0.0,0.0
2024-04-15 00:00:00-04:00,39.07187865685946,39.2586028104023,38.465029609678965,38.81980514526367,385700,0.0,0.0
2024-04-16 00:00:00-04:00,38.54905679477561,38.623744322207266,37.923531390383154,38.53971862792969,382300,0.0,0.0
2024-04-17 00:00:00-04:00,38.77312867764812,39.06255134776994,38.5583971074807,38.79180145263672,366700,0.0,0.0
2024-04-18 00:00:00-04:00,38.87582017465063,39.59470585594727,38.76378710631533,39.38930892944336,688000,0.0,0.0
2024-04-19 00:00:00-04:00,39.38931337707744,40.50965487133459,39.38931337707744,40.48164749145508,450300,0.0,0.0
2024-04-22 00:00:00-04:00,40.416291824409114,40.8457549069645,40.098861815244874,40.640357971191406,509400,0.0,0.0
2024-04-23 00:00:00-04:00,40.50965529510876,40.82708532911115,40.38828404524881,40.55633544921875,442500,0.0,0.0
2024-04-24 00:00:00-04:00,40.182888814476634,40.82708345921202,39.94014632587445,40.799076080322266,492400,0.0,0.0
2024-04-25 00:00:00-04:00,40.64036021524397,40.64036021524397,40.12687140892494,40.425628662109375,449000,0.0,0.0
2024-04-26 00:00:00-04:00,40.45363994224156,41.0231435123899,40.294923146831344,40.462974548339844,487200,0.0,0.0
2024-04-29 00:00:00-04:00,40.60301950322953,40.948456920283704,40.45364087195198,40.59368133544922,384700,0.0,0.0
2024-04-30 00:00:00-04:00,40.45364225534583,41.0231458580579,40.108201265011104,40.78974151611328,770300,0.0,0.0
2024-05-01 00:00:00-04:00,41.060486481036406,41.592648031903366,40.771063849621996,41.14451217651367,490900,0.0,0.0
2024-05-02 00:00:00-04:00,41.32190148655316,41.63933152142541,41.163188249850776,41.5926513671875,335300,0.0,0.0
2024-05-03 00:00:00-04:00,42.01277334716296,42.08746443150649,41.36857877130122,41.732688903808594,367000,0.0,0.0
2024-05-06 00:00:00-04:00,41.938086396619134,42.12481056441626,41.55530345529531,41.77937316894531,339400,0.0,0.0
2024-05-07 00:00:00-04:00,41.03247690679551,42.01277426058236,40.164212620492776,41.87273025512695,902000,0.0,0.0
2024-05-08 00:00:00-04:00,41.79804574846715,41.966097142560244,41.23787324766778,41.25654602050781,519500,0.0,0.0
2024-05-09 00:00:00-04:00,41.209863257611886,41.48061310443374,40.976458954103464,41.38725280761719,455800,0.0,0.0
2024-05-10 00:00:00-04:00,41.44326756112031,41.536631419403896,41.0138044974169,41.38725280761719,427500,0.0,0.0
2024-05-13 00:00:00-04:00,41.65800125823331,41.779372499576986,41.191192626953125,41.191192626953125,442100,0.0,0.0
2024-05-14 00:00:00-04:00,41.67667311835016,41.695345890568596,40.883099887136005,41.051151275634766,409400,0.0,0.0
2024-05-15 00:00:00-04:00,41.50862263868235,41.53663357835686,41.08849415823673,41.191192626953125,416500,0.0,0.0
2024-05-16 00:00:00-04:00,41.21920610994091,41.63933105484192,41.18186056238206,41.52729797363281,394900,0.0,0.0
2024-05-17 00:00:00-04:00,41.49928807479225,41.49928807479225,41.11650513921664,41.18185806274414,365900,0.0,0.0
2024-05-20 00:00:00-04:00,41.10716581972015,41.5646398330546,40.92977982675669,41.555301666259766,366500,0.0,0.0
2024-05-21 00:00:00-04:00,41.47128028555233,41.69535001285948,41.37791997669706,41.611324310302734,379500,0.0,0.0
2024-05-22 00:00:00-04:00,41.34057645989512,41.415267559823384,40.780407456303806,40.83642578125,328400,0.0,0.0
2024-05-23 00:00:00-04:00,40.58434727035723,40.58434727035723,39.54803144390721,39.64139175415039,459600,0.0,0.0
2024-05-24 00:00:00-04:00,39.8187784397635,40.07085197141901,39.67873442309507,39.7720947265625,579800,0.0,0.0
2024-05-28 00:00:00-04:00,39.84678666033155,39.96815790657718,39.314625084096505,39.361305236816406,400800,0.0,0.0
2024-05-29 00:00:00-04:00,39.02520353562495,39.146574785281516,38.819810145591674,39.00653076171875,316900,0.0,0.0
2024-05-30 00:00:00-04:00,39.267942366986674,39.64138712582545,39.165243900829196,39.53868865966797,288200,0.0,0.0
2024-05-31 00:00:00-04:00,39.61337995579308,40.62168472755266,39.23993163353122,40.57500457763672,840300,0.0,0.0
2024-06-03 00:00:00-04:00,40.84575085018266,41.54596372190008,40.54699364316725,41.09782791137695,597700,0.0,0.0
2024-06-04 00:00:00-04:00,40.92044589374206,41.75136467877776,40.80840925916608,41.6299934387207,555200,0.0,0.0
2024-06-05 00:00:00-04:00,41.555301879663915,41.61132019631921,40.70571033179446,41.051151275634766,887300,0.0,0.0
2024-06-06 00:00:00-04:00,40.87375416502056,41.0511436875727,40.490971308965676,40.5656623840332,581300,0.0,0.0
2024-06-07 00:00:00-04:00,40.21089335526249,40.53765795747072,39.772092122468244,40.416290283203125,413500,0.0,0.0
2024-06-10 00:00:00-04:00,40.18287952797832,40.612342525217166,39.977482633009096,40.5656623840332,572200,0.0,0.0
2024-06-11 00:00:00-04:00,40.26691462438923,40.63102479683592,40.080190454515524,40.32292938232422,351700,0.0,0.0
2024-06-12 00:00:00-04:00,41.07716188653854,41.23743728364735,39.99295717735407,40.15323257446289,570300,0.42,0.0
2024-06-13 00:00:00-04:00,40.16265779198117,40.2569384926405,39.672412534316614,39.71955108642578,515800,0.0,0.0
2024-06-14 00:00:00-04:00,39.41785658280624,39.83268084003112,39.36128816736802,39.67240905761719,609800,0.0,0.0
2024-06-17 00:00:00-04:00,39.427284059778316,39.90810661460825,39.32357709318987,39.464996337890625,476800,0.0,0.0
2024-06-18 00:00:00-04:00,39.31415082188219,39.69126281368288,39.31415082188219,39.464996337890625,419800,0.0,0.0
2024-06-20 00:00:00-04:00,39.44613883914416,40.11551556858094,39.40842656233178,39.68183517456055,399800,0.0,0.0
2024-06-21 00:00:00-04:00,39.89867929929273,39.9363915798176,39.43671645040665,39.66298294067383,1038100,0.0,0.0
2024-06-24 00:00:00-04:00,39.71011806860227,40.37006853511083,39.71011806860227,40.21922302246094,354300,0.0,0.0
2024-06-25 00:00:00-04:00,40.134374423070426,40.219225253420205,39.700693999700825,39.87039566040039,283900,0.0,0.0
2024-06-26 00:00:00-04:00,39.7478317903486,40.068378965933704,39.59698627221684,39.98352813720703,441200,0.0,0.0
2024-06-27 00:00:00-04:00,40.04952170441404,40.31350045463766,39.88924991933277,40.17208480834961,314500,0.0,0.0
2024-06-28 00:00:00-04:00,40.492631276047376,40.52091368552868,40.16265424752253,40.294647216796875,2942800,0.0,0.0
2024-07-01 00:00:00-04:00,40.407785512992724,40.596343324850075,39.78554725137228,40.08723831176758,451700,0.0,0.0
2024-07-02 00:00:00-04:00,40.247501526530726,40.44548916477884,39.870389579721724,40.238075256347656,405600,0.0,0.0
2024-07-03 00:00:00-04:00,40.24750338900195,40.47377344471039,39.92695624133864,39.93638610839844,177100,0.0,0.0
2024-07-05 00:00:00-04:00,39.80440099722609,40.077806031705656,39.75725884976739,39.84210968017578,296400,0.0,0.0
2024-07-08 00:00:00-04:00,39.908109352310134,40.200370536627695,39.57813229085216,39.62527084350586,366400,0.0,0.0
2024-07-09 00:00:00-04:00,39.62527412909382,39.84211436643329,39.29530063671664,39.71012496948242,323900,0.0,0.0
2024-07-10 00:00:00-04:00,39.93639250626218,40.23808356457773,39.73840842357531,40.14380645751953,332500,0.0,0.0
2024-07-11 00:00:00-04:00,40.54919896165913,41.718254454222766,40.3606447565329,41.64282989501953,555300,0.0,0.0
2024-07-12 00:00:00-04:00,41.953944147641415,42.45361918550522,41.840810923235345,42.1236457824707,469700,0.0,0.0
2024-07-15 00:00:00-04:00,42.21793156610854,42.34049468238418,41.69940028463005,41.95395278930664,601700,0.0,0.0
2024-07-16 00:00:00-04:00,42.227358615782336,43.15128786935308,41.850243020004505,43.00986862182617,593800,0.0,0.0
2024-07-17 00:00:00-04:00,43.06643801075302,44.00922342500516,42.67046626661783,43.462406158447266,779700,0.0,0.0
2024-07-18 00:00:00-04:00,43.22670980488423,43.896090182298366,43.03815559918656,43.462406158447266,413800,0.0,0.0
2024-07-19 00:00:00-04:00,43.59440018442055,43.59440018442055,42.70817957201777,43.29270553588867,422000,0.0,0.0
2024-07-22 00:00:00-04:00,43.34927325254082,43.622681887944005,43.07586461713763,43.41526794433594,477200,0.0,0.0
2024-07-23 00:00:00-04:00,43.30213537581486,43.584970287409085,43.07586528867487,43.32099151611328,477600,0.0,0.0
2024-07-24 00:00:00-04:00,43.434116428605414,43.78294596610046,42.80245203377816,43.443546295166016,587900,0.0,0.0
2024-07-25 00:00:00-04:00,43.660391216875254,44.339194228949474,43.62267893941537,43.91494369506836,618400,0.0,0.0
2024-07-26 00:00:00-04:00,44.32976922520655,44.358051635889694,43.867802804217064,44.3109130859375,314700,0.0,0.0
2024-07-29 00:00:00-04:00,44.358046270317544,44.358046270317544,43.79237654643327,43.94322204589844,364500,0.0,0.0
2024-07-30 00:00:00-04:00,44.05636044691597,44.367481349109575,43.69810099493446,44.32033920288086,287500,0.0,0.0
2024-07-31 00:00:00-04:00,44.26377600318327,44.6314617400151,44.009223509274854,44.075218200683594,836700,0.0,0.0
2024-08-01 00:00:00-04:00,44.25434503102523,44.65974303753193,43.67924896258724,44.23548889160156,471800,0.0,0.0
2024-08-02 00:00:00-04:00,43.896089930678336,44.45233346575625,43.54725673996714,44.12235641479492,520800,0.0,0.0
2024-08-05 00:00:00-04:00,43.764096087632545,43.83009437367339,42.2179286231054,42.42534255981445,682600,0.0,0.0
2024-08-06 00:00:00-04:00,39.98352937102512,42.27449822089944,39.9081084078523,41.011165618896484,860200,0.0,0.0
2024-08-07 00:00:00-04:00,41.557981537541025,42.0199443626338,41.199722083888894,41.83138656616211,718100,0.0,0.0
2024-08-08 00:00:00-04:00,41.99166333485536,42.07651416624003,41.548553038019776,41.61454772949219,410300,0.0,0.0
2024-08-09 00:00:00-04:00,41.67111426256198,42.001087704984435,41.359993362757265,41.916236877441406,312300,0.0,0.0
2024-08-12 00:00:00-04:00,41.869096475803474,41.897378884919725,41.37884767129153,41.59568786621094,313000,0.0,0.0
2024-08-13 00:00:00-04:00,41.83138147227453,42.24620929328604,41.623971158209166,42.05765151977539,593600,0.0,0.0
2024-08-14 00:00:00-04:00,41.97280028444916,42.33105969091546,41.77481624262845,42.1236457824707,345500,0.0,0.0
2024-08-15 00:00:00-04:00,42.61389643604065,42.689317390169016,41.97280214196718,42.44419479370117,350300,0.0,0.0
2024-08-16 00:00:00-04:00,42.49133882828557,42.849598296883904,42.20850391999888,42.774173736572266,315600,0.0,0.0
2024-08-19 00:00:00-04:00,42.72703533933651,42.953305424649905,42.529051262462914,42.764747619628906,681400,0.0,0.0
2024-08-20 00:00:00-04:00,42.68932144434728,43.10414931899106,42.604470615119304,43.00986862182617,410500,0.0,0.0
2024-08-21 00:00:00-04:00,43.25499483801402,43.25499483801402,42.88730911017311,43.00986862182617,261900,0.0,0.0
2024-08-22 00:00:00-04:00,43.057003328662745,43.23613483906525,42.811880730796865,43.038150787353516,227200,0.0,0.0
2024-08-23 00:00:00-04:00,43.29270455939616,43.70753244399516,43.15128890491636,43.47183609008789,322200,0.0,0.0
2024-08-26 00:00:00-04:00,43.65096353079205,43.962084440723565,43.50011800985459,43.52840042114258,320400,0.0,0.0
2024-08-27 00:00:00-04:00,43.41526908173684,43.594400618251626,43.21728500116466,43.22671127319336,436000,0.0,0.0
2024-08-28 00:00:00-04:00,43.22670533082469,43.58496475816332,42.95330032228471,42.96272659301758,419400,0.0,0.0
2024-08-29 00:00:00-04:00,43.132427879661805,43.160710288066184,42.73645977623834,43.038150787353516,479500,0.0,0.0
2024-08-30 00:00:00-04:00,43.22670497117761,43.688671354937064,43.06643319496835,43.6603889465332,565100,0.0,0.0
2024-09-03 00:00:00-04:00,43.51896971163282,43.87722913599073,43.51896971163282,43.6603889465332,347300,0.0,0.0
2024-09-04 00:00:00-04:00,43.86779911448779,44.06578676193955,43.45297487478228,43.66981506347656,387500,0.0,0.0
2024-09-05 00:00:00-04:00,43.99978812335852,44.07521267347623,43.63210243263593,43.7452392578125,317000,0.0,0.0
2024-09-06 00:00:00-04:00,43.924373027666086,44.00922385964441,43.38698562395035,43.39641189575195,364200,0.0,0.0
2024-09-09 00:00:00-04:00,43.35870217566442,43.61325106907371,43.1512882365774,43.56611251831055,372300,0.0,0.0
2024-09-10 00:00:00-04:00,43.71695755525711,44.27320107957051,43.53782962576125,44.25434494018555,307200,0.0,0.0
2024-09-11 00:00:00-04:00,44.0375048514832,44.04693471942171,43.24556497736891,43.641536712646484,424300,0.0,0.0
2024-09-12 00:00:00-04:00,43.67925179079412,44.018651533073495,43.60382722821575,43.782955169677734,415400,0.0,0.0
2024-09-13 00:00:00-04:00,44.13178534841952,44.91429535104472,44.028078380211646,44.904869079589844,474000,0.0,0.0
2024-09-16 00:00:00-04:00,45.140563207549654,45.46111036786897,45.0180001060168,45.25369644165039,600300,0.0,0.0
2024-09-17 00:00:00-04:00,45.45168424003251,45.894794538342154,45.16884933328973,45.27255630493164,312900,0.0,0.0
2024-09-18 00:00:00-04:00,45.23484587147818,45.545966799103944,44.933154812445316,44.9614372253418,401100,0.0,0.0
2024-09-19 00:00:00-04:00,45.225419599326386,45.39512126958751,44.574895331178375,44.9614372253418,474000,0.0,0.0
2024-09-20 00:00:00-04:00,44.80116195725965,45.074570582241506,44.395763953718514,44.9142951965332,1141000,0.0,0.0
2024-09-23 00:00:00-04:00,45.13320743571723,45.13320743571723,44.94285517717505,45.07610321044922,574700,0.45,0.0
2024-09-24 00:00:00-04:00,44.85718902389858,45.22838095990939,44.74297332763672,44.74297332763672,738700,0.0,0.0
2024-09-25 00:00:00-04:00,45.02851310454906,45.07610116702731,44.59069348983442,44.676353454589844,715000,0.0,0.0
2024-09-26 00:00:00-04:00,44.71442082969427,44.80008078577694,44.28612104928094,44.352745056152344,632600,0.0,0.0
2024-09-27 00:00:00-04:00,44.69538620008369,44.828634217760545,44.45744227402183,44.65731430053711,606600,0.0,0.0
2024-09-30 00:00:00-04:00,44.704908691393285,45.104652768576244,44.657316998716496,44.9238166809082,496700,0.0,0.0
2024-10-01 00:00:00-04:00,44.914296205778385,44.914296205778385,44.35274836966998,44.60021209716797,615800,0.0,0.0
2024-10-02 00:00:00-04:00,44.286122040600695,44.409853897875564,43.86734204078688,44.03866195678711,415000,0.0,0.0
2024-10-03 00:00:00-04:00,43.99107409775314,44.01011004747693,43.62939831447353,43.74361038208008,272400,0.0,0.0
2024-10-04 00:00:00-04:00,43.63891267629662,43.81975237585496,43.362900493512235,43.68650436401367,313000,0.0,0.0
2024-10-07 00:00:00-04:00,43.48663171080661,43.51518745155092,42.90605156647096,43.13447570800781,359600,0.0,0.0
2024-10-08 00:00:00-04:00,43.16302615289526,43.420006025262786,42.94411817956058,43.0107421875,254100,0.0,0.0
2024-10-09 00:00:00-04:00,42.89653113598449,43.58181081184358,42.89653113598449,43.267723083496094,383200,0.0,0.0
2024-10-10 00:00:00-04:00,43.143994920839845,43.239171040083164,42.82990719201171,43.03929901123047,349200,0.0,0.0
2024-10-11 00:00:00-04:00,43.05833183907065,43.55325198013274,43.02977610077925,43.47711181640625,234600,0.0,0.0
2024-10-14 00:00:00-04:00,43.46759591937743,43.87685977442395,43.362903638720006,43.81975555419922,216600,0.0,0.0
2024-10-15 00:00:00-04:00,43.991070810791676,44.81911459285702,43.96251507297156,44.36226272583008,385600,0.0,0.0
2024-10-16 00:00:00-04:00,44.73346203799643,45.352117752518645,44.562142105689865,45.34259796142578,450700,0.0,0.0
2024-10-17 00:00:00-04:00,45.114168894383624,45.171273111778454,44.43840539907728,44.74297332763672,319000,0.0,0.0
2024-10-18 00:00:00-04:00,44.80960266230474,44.83815477208313,44.53358683199283,44.75249481201172,393300,0.0,0.0
2024-10-21 00:00:00-04:00,44.86670264824268,44.895254755326896,44.12431881816588,44.36226272583008,338800,0.0,0.0
2024-10-22 00:00:00-04:00,44.2194983794999,44.6002101137649,44.02914251236741,44.5431022644043,279400,0.0,0.0
2024-10-23 00:00:00-04:00,44.41937162467072,44.695387458047705,44.20046364222092,44.50503158569336,322500,0.0,0.0
2024-10-24 00:00:00-04:00,44.66683465041315,44.723942500448516,44.01011071331948,44.181427001953125,305700,0.0,0.0
2024-10-25 00:00:00-04:00,44.44792475960244,44.44792475960244,43.724573213211954,43.781681060791016,348400,0.0,0.0
2024-10-28 00:00:00-04:00,44.04817427970403,44.40033387121865,43.78167826946449,44.152870178222656,240200,0.0,0.0
2024-10-29 00:00:00-04:00,43.781682722216864,44.019626650054995,43.55325495396832,43.90541458129883,315400,0.0,0.0
2024-10-30 00:00:00-04:00,44.15287402387521,44.4764779062383,43.981554107874985,44.03866195678711,358700,0.0,0.0
2024-10-31 00:00:00-04:00,43.97204231158505,44.295646226058,43.629402445585875,43.6769905090332,572400,0.0,0.0
2024-11-01 00:00:00-04:00,43.70553676759856,43.83878841043618,42.97267270103975,43.04881286621094,412800,0.0,0.0
2024-11-04 00:00:00-05:00,42.820390561537565,43.362902422878804,42.668106593981015,42.99170684814453,446900,0.0,0.0
2024-11-05 00:00:00-05:00,42.744241868389764,43.591321567857726,42.620510024311685,43.48662567138672,399500,0.0,0.0
2024-11-06 00:00:00-05:00,44.40034123992142,45.352117012432174,44.39082144898391,44.676353454589844,1048900,0.0,0.0
2024-11-07 00:00:00-05:00,44.49551614752762,44.96188786082248,44.04818038485053,44.14336013793945,609900,0.0,0.0
2024-11-08 00:00:00-05:00,44.438405747208144,44.89525764362628,44.21949777376213,44.562137603759766,697000,0.0,0.0
2024-11-11 00:00:00-05:00,44.80007733173035,45.42824908432639,44.657309539021156,45.266448974609375,413300,0.0,0.0
2024-11-12 00:00:00-05:00,45.428260190180794,46.04691593551579,45.31404810653346,45.447296142578125,764300,0.0,0.0
2024-11-13 00:00:00-05:00,45.74234473484038,46.037392899363205,45.39018508641392,45.42825698852539,363900,0.0,0.0
2024-11-14 00:00:00-05:00,45.55198434694795,45.666196411242886,44.90477659804986,44.99043655395508,471100,0.0,0.0
2024-11-15 00:00:00-05:00,45.20934770899254,45.789931492067936,44.99043972419525,45.69475173950195,394600,0.0,0.0
2024-11-18 00:00:00-05:00,45.57101739602613,46.33243716076318,45.57101739602613,46.113529205322266,309800,0.0,0.0
2024-11-19 00:00:00-05:00,45.856557326716306,46.40858539060195,45.53295341659836,46.38955307006836,427500,0.0,0.0
2024-11-20 00:00:00-05:00,46.17063793696887,46.49424182249367,45.93269401028111,46.437137603759766,363000,0.0,0.0
2024-11-21 00:00:00-05:00,46.72267026887156,47.569750079276666,46.551350348706904,47.44601821899414,460200,0.0,0.0
2024-11-22 00:00:00-05:00,47.58878849731275,48.692848245220944,47.52216448387542,48.578636169433594,472800,0.0,0.0
2024-11-25 00:00:00-05:00,48.73092078075895,49.30198479785434,48.626224863786284,49.01645278930664,585600,0.0,0.0
2024-11-26 00:00:00-05:00,48.13129742203163,48.940305324208516,46.817845924048456,48.26454544067383,594700,0.0,0.0
2024-11-27 00:00:00-05:00,48.73091924255897,49.44475105676422,47.46505574928154,49.12114715576172,613700,0.0,0.0
2024-11-29 00:00:00-05:00,49.24487811907634,49.29246617967198,48.9498263342053,49.092594146728516,273300,0.0,0.0
2024-12-02 00:00:00-05:00,49.254393465378705,49.254393465378705,48.25502968643131,48.54056167602539,499900,0.0,0.0
2024-12-03 00:00:00-05:00,48.63573531275094,49.11162314802535,47.69347943211978,47.75058364868164,401400,0.0,0.0
2024-12-04 00:00:00-05:00,47.76010375784368,47.79817565629677,47.30325186861482,47.6839599609375,455100,0.0,0.0
2024-12-05 00:00:00-05:00,47.78866161454505,47.93142943554884,47.3508456218803,47.398433685302734,332600,0.0,0.0
2024-12-06 00:00:00-05:00,47.50312250946476,47.50312250946476,46.64652297283407,46.808326721191406,469000,0.0,0.0
2024-12-09 00:00:00-05:00,46.760745847860306,46.80833391148631,46.02787804966295,46.18967819213867,515700,0.0,0.0
2024-12-10 00:00:00-05:00,46.05642389930918,46.64652379565496,45.57101990714682,46.380027770996094,634700,0.0,0.0
2024-12-11 00:00:00-05:00,46.40885105611168,46.49530941996484,45.97655923684587,45.98616409301758,672300,0.45,0.0
2024-12-12 00:00:00-05:00,46.60097897529988,46.725864096957686,45.93813394110457,45.9477424621582,681100,0.0,0.0
2024-12-13 00:00:00-05:00,45.68836141897363,45.95734134025199,45.52504956349991,45.67875289916992,421900,0.0,0.0
2024-12-16 00:00:00-05:00,45.832463621489126,46.13987034237275,45.60191041311499,45.794036865234375,616100,0.0,0.0
2024-12-17 00:00:00-05:00,45.573083172523035,46.03419319980692,45.32331661529388,45.64993667602539,819900,0.0,0.0
2024-12-18 00:00:00-05:00,45.525054190702,45.755611049929286,43.594155611053424,43.61336898803711,537400,0.0,0.0
2024-12-19 00:00:00-05:00,43.80549607413277,44.65086635098556,43.661401241497515,44.21857452392578,522300,0.0,0.0
2024-12-20 00:00:00-05:00,44.0360482906725,44.86220510309369,43.98801668486172,44.67967987060547,1440100,0.0,0.0
2024-12-23 00:00:00-05:00,44.63164921872182,44.63164921872182,44.045654087406454,44.574012756347656,430000,0.0,0.0
2024-12-24 00:00:00-05:00,44.574016430065676,44.9966997354788,44.449131310334316,44.98709487915039,117700,0.0,0.0
2024-12-26 00:00:00-05:00,44.73732475138764,44.97748647054458,44.5548031640761,44.8718147277832,455600,0.0,0.0
2024-12-27 00:00:00-05:00,44.55479912880261,44.9102374148817,44.41070064452846,44.68928909301758,385700,0.0,0.0
2024-12-30 00:00:00-05:00,44.612439949333854,44.9294551798776,44.266610149527544,44.69889831542969,278800,0.0,0.0
2024-12-31 00:00:00-05:00,44.89102831170079,45.1215851755666,44.53558999179399,44.814178466796875,429500,0.0,0.0
2025-01-02 00:00:00-05:00,44.93905772024667,45.28489116680659,44.237785971201,44.60283279418945,389000,0.0,0.0
2025-01-03 00:00:00-05:00,44.58362333823986,45.006306663105896,44.39149322163633,44.900638580322266,324600,0.0,0.0
2025-01-06 00:00:00-05:00,44.69889155384027,44.89102163438722,43.78628008425109,43.88234329223633,492700,0.0,0.0
2025-01-07 00:00:00-05:00,43.80549234990674,44.29542426711413,43.61336592272715,43.86313247680664,510300,0.0,0.0
2025-01-08 00:00:00-05:00,43.48848192885193,44.6220454682549,43.48848192885193,44.593223571777344,503400,0.0,0.0
2025-01-10 00:00:00-05:00,43.98801896343965,44.17054054080586,43.20028886069333,43.469268798828125,499900,0.0,0.0
2025-01-13 00:00:00-05:00,43.430840139634924,43.91116353068926,43.13304198251029,43.8535270690918,584800,0.0,0.0
2025-01-14 00:00:00-05:00,43.91116602395588,44.276212847965915,43.719035923709704,44.189754486083984,510400,0.0,0.0
2025-01-15 00:00:00-05:00,44.910238172714905,45.22725337763679,44.23778467571613,44.641258239746094,605800,0.0,0.0
2025-01-16 00:00:00-05:00,44.6316505319999,45.56347912328595,44.49716056306724,45.54426574707031,744600,0.0,0.0
2025-01-17 00:00:00-05:00,45.60190864776233,45.85167522459481,45.20804357284151,45.4674186706543,826800,0.0,0.0
2025-01-21 00:00:00-05:00,45.870886448940766,46.37042324373605,45.76521471057949,45.9093132019043,354200,0.0,0.0
2025-01-22 00:00:00-05:00,45.5634798732025,45.5634798732025,44.68929139617535,44.78535461425781,499300,0.0,0.0
2025-01-23 00:00:00-05:00,44.86221243383173,44.92945742587035,44.362675589703954,44.852603912353516,482700,0.0,0.0
2025-01-24 00:00:00-05:00,44.545196862462646,45.121587215902224,44.48756039232272,45.02552032470703,447400,0.0,0.0
2025-01-27 00:00:00-05:00,45.3905640667941,46.149475964552195,44.842995650583056,45.98616409301758,749600,0.0,0.0
2025-01-28 00:00:00-05:00,45.70757761261484,46.283964240776776,45.32331741745568,45.54426574707031,410700,0.0,0.0
2025-01-29 00:00:00-05:00,45.4962373399316,45.755612440227125,44.97748713934054,45.179222106933594,515200,0.0,0.0
2025-01-30 00:00:00-05:00,45.669153779321626,46.1110504667966,45.419383537129995,46.00537872314453,419500,0.0,0.0
2025-01-31 00:00:00-05:00,45.736394924191934,46.24553655764092,43.57493961521936,46.06301498413086,1133300,0.0,0.0
2025-02-03 00:00:00-05:00,45.30410785162895,46.3992447359913,45.17922272801199,46.197509765625,511300,0.0,0.0
2025-02-04 00:00:00-05:00,45.55386900493239,45.832457453421505,44.506767522236785,44.68928909301758,843300,0.0,0.0
2025-02-05 00:00:00-05:00,45.18882756776386,45.890099310889504,44.97748409341096,45.131187438964844,685700,0.0,0.0
2025-02-06 00:00:00-05:00,45.361746310103825,45.438596154015436,44.86220949865894,45.10237121582031,453200,0.0,0.0
2025-02-07 00:00:00-05:00,44.99670285913548,45.10237460896871,44.25700427488012,44.324249267578125,487600,0.0,0.0
2025-02-10 00:00:00-05:00,44.391496895844305,44.41071027555263,43.84392840017809,44.007240295410156,555900,0.0,0.0
2025-02-11 00:00:00-05:00,43.920780336800455,44.305036923392066,43.74786359023216,44.16094207763672,438900,0.0,0.0
2025-02-12 00:00:00-05:00,43.6998272175798,44.12251051618818,43.42123874903983,44.02644729614258,423800,0.0,0.0
2025-02-13 00:00:00-05:00,44.04565517820197,44.689290452407896,43.90156035412133,44.593223571777344,414000,0.0,0.0
2025-02-14 00:00:00-05:00,44.631649740993396,44.98709169781801,43.8631330288723,43.872737884521484,375100,0.0,0.0
2025-02-18 00:00:00-05:00,43.73825249185469,44.60283617376433,43.73825249185469,44.47795104980469,384200,0.0,0.0
2025-02-19 00:00:00-05:00,44.276211479003976,44.74693002682426,44.25699810311573,44.5836181640625,521200,0.0,0.0
2025-02-20 00:00:00-05:00,44.353063811336426,44.871813995751076,44.189755603970866,44.622047424316406,568800,0.0,0.0
2025-02-21 00:00:00-05:00,44.96788199633452,45.26568018529055,44.766143365449764,45.05434036254883,539200,0.0,0.0
2025-02-24 00:00:00-05:00,45.24646862120608,46.0245939483201,45.0351287899944,45.73640060424805,654600,0.0,0.0
2025-02-25 00:00:00-05:00,45.94774120903745,46.322392899216034,45.746002582760795,45.92852783203125,646900,0.0,0.0
2025-02-26 00:00:00-05:00,45.6019059980701,46.226324236158085,45.534661013423346,46.13986587524414,540500,0.0,0.0
2025-02-27 00:00:00-05:00,45.592300474714996,46.17829566336655,45.30410714091604,45.9477424621582,475500,0.0,0.0
2025-02-28 00:00:00-05:00,46.2359315918118,46.56255165097223,46.00537474699049,46.47609329223633,531800,0.0,0.0
2025-03-03 00:00:00-05:00,46.341602472640794,47.302249256642185,46.341602472640794,47.23500061035156,422600,0.0,0.0
2025-03-04 00:00:00-05:00,47.10051278526498,47.484772982141436,46.34160457652806,46.49530792236328,872400,0.0,0.0
2025-03-05 00:00:00-05:00,46.17829351498547,46.84113851834283,46.15908013834914,46.3896369934082,440600,0.0,0.0
2025-03-06 00:00:00-05:00,46.23593207213101,46.3127819114853,45.160005004556666,45.53466033935547,581400,0.0,0.0
2025-03-07 00:00:00-05:00,45.621119883831554,46.28396488185654,45.39056303062725,45.9093132019043,645300,0.0,0.0
2025-03-10 00:00:00-04:00,45.90931044096944,46.620187005159075,45.34252869486204,45.68836212158203,766800,0.0,0.0
2025-03-11 00:00:00-04:00,46.027801220901026,47.33706456258158,45.73685504483246,47.01702117919922,1458600,0.45,0.0
2025-03-12 00:00:00-04:00,47.04611718322931,47.04611718322931,46.037503965979376,46.53211212158203,616100,0.0,0.0
2025-03-13 00:00:00-04:00,46.63879275823384,47.12370430543961,46.144184607899824,46.60969924926758,511200,0.0,0.0
2025-03-14 00:00:00-04:00,46.62909347473545,47.82197536834168,46.522412348549466,47.72499084472656,502300,0.0,0.0
2025-03-17 00:00:00-04:00,47.657104829205586,48.11292285368896,47.31766823623801,47.75408935546875,513500,0.0,0.0
2025-03-18 00:00:00-04:00,47.69589628007485,47.76378359530981,47.307965593376906,47.608612060546875,707800,0.0,0.0
2025-03-19 00:00:00-04:00,47.68619607323189,47.95774903429445,47.31766598967326,47.792877197265625,839700,0.0,0.0
2025-03-20 00:00:00-04:00,47.64740573787328,48.015935819681765,47.57951842282534,47.69589614868164,630400,0.0,0.0
2025-03-21 00:00:00-04:00,47.76378537417671,47.94805042245116,46.803658923610975,47.01702117919922,1991300,0.0,0.0
2025-03-24 00:00:00-04:00,47.18189385518871,47.434046225679005,46.91034087975907,47.03641891479492,707900,0.0,0.0
2025-03-25 00:00:00-04:00,46.8909457750669,46.978230002738705,46.18297535043186,46.444828033447266,551600,0.0,0.0
2025-03-26 00:00:00-04:00,46.551508256439064,46.949135574812885,46.44482712475168,46.78426742553711,484100,0.0,0.0
2025-03-27 00:00:00-04:00,47.00732471134872,47.2109866652229,46.71637483486406,46.92973709106445,352300,0.0,0.0
2025-03-28 00:00:00-04:00,47.32736246200024,48.015935915767976,46.91033826896767,47.88016128540039,743300,0.0,0.0
2025-03-31 00:00:00-04:00,47.71529581716079,48.539643947402574,47.27887469544044,47.57952117919922,1061600,0.0,0.0
2025-04-01 00:00:00-04:00,47.550422177616284,47.68619681045602,47.01702024878248,47.62800979614258,904300,0.0,0.0
2025-04-02 00:00:00-04:00,47.511638952641846,48.10322798151372,47.39525750798807,48.06443786621094,954000,0.0,0.0
2025-04-03 00:00:00-04:00,48.06443413122219,48.82089496477965,47.637709599815196,48.24869918823242,695500,0.0,0.0
2025-04-04 00:00:00-04:00,47.64740909657874,48.122620335412364,45.97931221020103,46.415733337402344,1080500,0.0,0.0
2025-04-07 00:00:00-04:00,45.523494720458984,46.83275811768161,44.80582770235015,45.523494720458984,1015200,0.0,0.0
2025-04-08 00:00:00-04:00,46.25086218210495,46.745474033533355,44.990092895429925,45.43621063232422,927900,0.0,0.0
2025-04-09 00:00:00-04:00,44.912508025044254,47.02672262874484,44.13664660382531,46.04719924926758,808400,0.0,0.0
2025-04-10 00:00:00-04:00,45.39742141245789,46.66788732726353,45.222852955531955,46.18297576904297,621300,0.0,0.0
2025-04-11 00:00:00-04:00,46.23146673188836,46.619397462886845,45.397421949530404,46.3769416809082,657500,0.0,0.0
2025-04-14 00:00:00-04:00,46.86185101966928,47.30796874942686,46.34784597014779,47.230384826660156,395400,0.0,0.0
2025-04-15 00:00:00-04:00,47.19159267277865,47.77348506249918,47.04611772555772,47.26918029785156,375500,0.0,0.0
2025-04-16 00:00:00-04:00,47.754092816886214,48.6657252323505,47.30797136290171,48.20021057128906,752800,0.0,0.0
2025-04-17 00:00:00-04:00,48.00624305786859,48.917875432572714,47.734693775952785,48.2390022277832,415500,0.0,0.0
2025-04-21 00:00:00-04:00,48.05472915126752,48.229297588110164,47.307964993569826,47.686195373535156,331200,0.0,0.0
2025-04-22 00:00:00-04:00,48.03533829211953,48.75300903385084,47.74439209396205,48.46206283569336,764000,0.0,0.0
2025-04-23 00:00:00-04:00,48.31658383342344,48.84998576856066,47.36615769273245,47.82197570800781,510300,0.0,0.0
2025-04-24 00:00:00-04:00,47.763784031282064,48.064430501196235,47.492234767863614,47.889862060546875,517600,0.0,0.0
2025-04-25 00:00:00-04:00,47.62801062676843,47.84137288185547,47.36615795904743,47.64740753173828,443400,0.0,0.0
2025-04-28 00:00:00-04:00,47.62801084954015,47.9480505340863,47.19158973463054,47.744388580322266,530400,0.0,0.0
2025-04-29 00:00:00-04:00,47.56012463117563,47.792880098120996,47.24978154219418,47.58921813964844,822200,0.0,0.0
2025-04-30 00:00:00-04:00,47.61831011983283,47.79287856422988,46.37693780374831,47.463138580322266,889200,0.0,0.0
2025-05-01 00:00:00-04:00,47.43404769897461,47.77348430432775,46.98792996063004,47.43404769897461,670300,0.0,0.0
2025-05-02 00:00:00-04:00,47.64741196189369,48.07413281216203,47.29827503913701,48.02564239501953,424700,0.0,0.0
2025-05-05 00:00:00-04:00,47.9771462037436,48.103220533224494,47.356460060024254,47.618309020996094,564100,0.0,0.0
2025-05-06 00:00:00-04:00,48.782101990957585,49.23792003930701,47.09461184101909,47.26918029785156,1035400,0.0,0.0
2025-05-07 00:00:00-04:00,47.24978242376224,47.57952242440487,46.94913593213523,47.337066650390625,1025800,0.0,0.0
2025-05-08 00:00:00-04:00,47.511635529137344,47.628013265823576,46.4642248002166,46.53211212158203,524600,0.0,0.0
2025-05-09 00:00:00-04:00,46.541810525355366,46.72607557588849,45.63987477878015,45.853233337402344,648300,0.0,0.0
2025-05-12 00:00:00-04:00,45.85323497975995,46.01810683052661,44.757337540563185,44.89311218261719,886900,0.0,0.0
2025-05-13 00:00:00-04:00,44.92220499884647,45.11617035575246,44.50518077635211,44.78643035888672,645600,0.0,0.0
2025-05-14 00:00:00-04:00,44.650654651555314,44.70884166752912,43.680831589790415,44.126949310302734,653100,0.0,0.0
2025-05-15 00:00:00-04:00,44.45668904862532,44.93190397402652,44.04936144119839,44.84461975097656,585300,0.0,0.0
2025-05-16 00:00:00-04:00,44.854316173170396,45.222849968962464,44.776728553179915,45.203453063964844,616800,0.0,0.0
2025-05-19 00:00:00-04:00,45.15496280729764,45.68836474804066,45.04828167923277,45.659271240234375,510000,0.0,0.0
2025-05-20 00:00:00-04:00,45.56228809193862,45.795047260167685,45.261641603722204,45.329532623291016,886500,0.0,0.0
2025-05-21 00:00:00-04:00,45.27134422501863,45.27134422501863,44.48578615404044,44.66035461425781,498600,0.0,0.0
2025-05-22 00:00:00-04:00,44.32091730249749,44.48578545701864,43.71962800427092,44.09785842895508,501000,0.0,0.0
2025-05-23 00:00:00-04:00,44.34031378720341,44.59246616806791,43.92328955380392,44.359710693359375,431900,0.0,0.0
2025-05-27 00:00:00-04:00,44.60216613077033,44.91250922773587,44.282122731010006,44.80582809448242,464600,0.0,0.0
2025-05-28 00:00:00-04:00,44.67975146997307,44.72824188673781,43.92329060961448,43.932987213134766,460300,0.0,0.0
2025-05-29 00:00:00-04:00,43.836008277197266,44.35971367992283,43.79721446227349,44.34031677246094,518200,0.0,0.0
2025-05-30 00:00:00-04:00,44.35971291948628,44.59246840587531,44.10755682638612,44.505184173583984,605600,0.0,0.0
2025-06-02 00:00:00-04:00,44.22393518270448,44.64095944281337,44.02027320439506,44.4276008605957,591600,0.0,0.0
2025-06-03 00:00:00-04:00,44.49548645715344,44.786432657655176,44.10755572343001,44.66035461425781,895300,0.0,0.0
2025-06-04 00:00:00-04:00,44.379102420202486,44.466386645203265,43.38018583375695,43.41897964477539,524000,0.0,0.0
2025-06-05 00:00:00-04:00,43.40927828893581,43.40927828893581,42.846782841142684,43.3026008605957,528500,0.0,0.0
2025-06-06 00:00:00-04:00,43.60324266925442,43.60324266925442,43.069840741100506,43.370487213134766,433000,0.0,0.0
2025-06-09 00:00:00-04:00,43.37048766139208,43.6808307391467,43.10863499586514,43.564449310302734,578200,0.0,0.0
2025-06-10 00:00:00-04:00,43.77017879468643,44.13264341625814,43.55465747195919,43.9954948425293,488500,0.45,0.0
2025-06-11 00:00:00-04:00,44.024879107612165,44.20121404123157,43.7309887972525,43.86813735961914,756000,0.0,0.0
2025-06-12 00:00:00-04:00,43.83875256767454,44.01508751383559,43.63302970949275,43.96610641479492,559300,0.0,0.0
2025-06-13 00:00:00-04:00,43.9367127944603,43.99549235288284,43.57424819339998,43.721195220947266,815500,0.0,0.0
2025-06-16 00:00:00-04:00,43.81915685578797,44.024879702115975,43.280357323349726,43.486080169677734,541200,0.0,0.0
2025-06-17 00:00:00-04:00,43.39791437019751,43.5546561263334,42.90809591514558,43.368526458740234,593900,0.0,0.0
2025-06-18 00:00:00-04:00,43.43710255094611,43.52527002600492,43.192193313229225,43.329341888427734,447100,0.0,0.0
2025-06-20 00:00:00-04:00,43.35872709603164,43.62322950470623,43.26076490186394,43.388118743896484,936500,0.0,0.0
2025-06-23 00:00:00-04:00,43.58404565147252,44.36775439397108,43.58404565147252,44.35795593261719,480300,0.0,0.0
2025-06-24 00:00:00-04:00,44.09345467675314,44.406941918914114,44.054272041373906,44.21101379394531,511000,0.0,0.0
2025-06-25 00:00:00-04:00,44.093455500596754,44.093455500596754,43.17259815416167,43.495880126953125,532700,0.0,0.0
2025-06-26 00:00:00-04:00,43.58404873866127,44.08366192957506,43.58404873866127,44.04447555541992,685100,0.0,0.0
2025-06-27 00:00:00-04:00,43.95630559501599,44.40694139826621,43.740788023393485,43.77017593383789,1350500,0.0,0.0
2025-06-30 00:00:00-04:00,43.789770362497116,43.995493215482306,43.47628685213352,43.907325744628906,815100,0.0,0.0
2025-07-01 00:00:00-04:00,43.730990792447336,44.759608794145144,43.60363694857444,44.31877517700195,736500,0.0,0.0
2025-07-02 00:00:00-04:00,44.32856896265721,44.35795687330598,43.721195141467646,44.13264083862305,667900,0.0,0.0
2025-07-03 00:00:00-04:00,44.41673861365742,44.52449927402101,44.21101575497329,44.45592498779297,264600,0.0,0.0
2025-07-07 00:00:00-04:00,44.22080955128248,44.87716822470404,44.05427307023145,44.26979064941406,576100,0.0,0.0
2025-07-08 00:00:00-04:00,43.88773504756413,44.58327639207317,43.71140009585502,44.387351989746094,557400,0.0,0.0
2025-07-09 00:00:00-04:00,44.46571859049568,44.91635067062546,44.23060782565329,44.80859375,580300,0.0,0.0
2025-07-10 00:00:00-04:00,44.61266659930566,45.27882000932656,44.35795890528798,45.07309341430664,625600,0.0,0.0
2025-07-11 00:00:00-04:00,45.01431893386672,45.082893221914006,44.49510880534217,44.798797607421875,560900,0.0,0.0
2025-07-14 00:00:00-04:00,44.759609033355545,45.33759495922985,44.710627935302114,45.29841232299805,512500,0.0,0.0
2025-07-15 00:00:00-04:00,45.25922376062228,45.494334514714076,44.798793239750246,44.975128173828125,826600,0.0,0.0
2025-07-16 00:00:00-04:00,44.93594249215408,45.50413367446303,44.93594249215408,45.288612365722656,866500,0.0,0.0
2025-07-17 00:00:00-04:00,45.171057971335195,45.47474301806814,44.60286677664304,44.857574462890625,853300,0.0,0.0
2025-07-18 00:00:00-04:00,44.88696508305673,45.30820927364343,44.66164903132731,44.798797607421875,443000,0.0,0.0
2025-07-21 00:00:00-04:00,44.79879211696886,45.651075118972685,44.79879211696886,45.53351974487305,533600,0.0,0.0
2025-07-22 00:00:00-04:00,45.562909839172846,46.1800821225747,45.523727203939224,45.85680389404297,504100,0.0,0.0
2025-07-23 00:00:00-04:00,45.78822747634698,45.91557757470063,44.81838536193202,45.122074127197266,491000,0.0,0.0
2025-07-24 00:00:00-04:00,45.10248674285278,45.23963531996101,44.84777903935026,44.95553970336914,587200,0.0,0.0
2025-07-25 00:00:00-04:00,45.04370588858681,45.28861512269418,44.9261505025804,45.024112701416016,624300,0.0,0.0
2025-07-28 00:00:00-04:00,44.95553536747887,45.09268393135934,44.45592220805459,44.51469802856445,560600,0.0,0.0
2025-07-29 00:00:00-04:00,44.779200644749444,44.779200644749444,44.289382207409325,44.59307098388672,440800,0.0,0.0
2025-07-30 00:00:00-04:00,44.720425512054625,45.24942659238771,44.70083232581737,44.90655517578125,706200,0.0,0.0
2025-07-31 00:00:00-04:00,44.534290838633424,45.12207519789904,44.514697652956094,44.975128173828125,712300,0.0,0.0
2025-08-01 00:00:00-04:00,45.22003846932871,45.25922484161932,44.583272999169935,44.828182220458984,749400,0.0,0.0
2025-08-04 00:00:00-04:00,44.945741848040946,45.55311567737418,44.945741848040946,45.269020080566406,803700,0.0,0.0
2025-08-05 00:00:00-04:00,45.0339098200294,45.749044313846376,44.72042630868547,45.70985794067383,935000,0.0,0.0
2025-08-06 00:00:00-04:00,45.69026350917923,46.082119756191474,45.298410999185116,45.57270812988281,690000,0.0,0.0
2025-08-07 00:00:00-04:00,45.60209473474116,46.40539665479923,45.435558263591126,46.258453369140625,695800,0.0,0.0
2025-08-08 00:00:00-04:00,46.46417655260048,46.48376973823583,45.817616374706084,46.003746032714844,709300,0.0,0.0
2025-08-11 00:00:00-04:00,46.08212313578516,46.26825281140648,45.98415719833836,46.23886489868164,486200,0.0,0.0
2025-08-12 00:00:00-04:00,46.56214201186368,46.718883770929835,45.964562887605744,46.59153366088867,526800,0.0,0.0
2025-08-13 00:00:00-04:00,46.66990189998344,46.92460958988947,46.327030475515606,46.68949508666992,525300,0.0,0.0
2025-08-14 00:00:00-04:00,46.669900137215585,46.7188812335726,46.180081699609175,46.52295684814453,666900,0.0,0.0
2025-08-15 00:00:00-04:00,46.297637848393826,46.522957622016726,45.660876111124345,46.013545989990234,756500,0.0,0.0
2025-08-18 00:00:00-04:00,46.02334154303266,46.16049011238957,45.259225949748,45.29841232299805,538200,0.0,0.0
2025-08-19 00:00:00-04:00,45.366988639562926,45.83721392856908,45.34739545206037,45.827415466308594,404000,0.0,0.0
2025-08-20 00:00:00-04:00,46.15069597875322,46.620921252722376,45.75883971526979,46.02334213256836,458000,0.0,0.0
2025-08-21 00:00:00-04:00,46.023342648168644,46.21927078210535,45.94497363680496,46.052730560302734,379400,0.0,0.0
2025-08-22 00:00:00-04:00,46.229066478334836,47.03236848103478,46.229066478334836,46.93440628051758,492200,0.0,0.0
2025-08-25 00:00:00-04:00,46.718883222513846,46.87562497974007,46.35641860961914,46.35641860961914,482900,0.0,0.0
2025-08-26 00:00:00-04:00,46.25845798827367,46.39560656339054,45.7098599507878,45.749046325683594,908700,0.0,0.0
2025-08-27 00:00:00-04:00,45.837211478639404,46.52295805650315,45.592302253475076,46.45438003540039,723000,0.0,0.0
2025-08-28 00:00:00-04:00,46.32703165044062,46.38580747497247,45.79802680754394,46.131103515625,558300,0.0,0.0
2025-08-29 00:00:00-04:00,46.16048996461435,46.44458556424032,46.101714141945685,46.327030181884766,574200,0.0,0.0
2025-09-02 00:00:00-04:00,46.111509250338216,46.552346609111844,46.111509250338216,46.27804946899414,566500,0.0,0.0
2025-09-03 00:00:00-04:00,46.11150693405619,46.346621425931225,45.72944915465006,45.87639617919922,426200,0.0,0.0
2025-09-04 00:00:00-04:00,46.14089769572774,46.14089769572774,45.22983505606144,45.89598846435547,699600,0.0,0.0
2025-09-05 00:00:00-04:00,45.88619227969123,46.23886215957135,45.63148833145458,46.091915130615234,469600,0.0,0.0
2025-09-08 00:00:00-04:00,46.04293373484686,46.18988076285045,45.151464316269916,45.31800079345703,416100,0.0,0.0
2025-09-09 00:00:00-04:00,45.40616791694626,45.78822943944136,45.22983297949256,45.57270812988281,527000,0.0,0.0
2025-09-10 00:00:00-04:00,45.45515394474722,45.964561847420505,45.337594825344254,45.91558074951172,549400,0.0,0.0
2025-09-11 00:00:00-04:00,45.866600356812334,46.493567388528355,45.749044972620155,46.434791564941406,581500,0.0,0.0
2025-09-12 00:00:00-04:00,46.22906643642776,46.43479303655683,46.07232467353128,46.23886489868164,409500,0.0,0.0
2025-09-15 00:00:00-04:00,46.22906584348806,46.6013289269744,46.091917269840025,46.20947265625,782600,0.0,0.0
2025-09-16 00:00:00-04:00,46.01354975652872,46.03314294440491,45.102487073887545,45.112281799316406,710000,0.0,0.0
2025-09-17 00:00:00-04:00,45.35718609377306,45.99395155071343,45.122075338946324,45.46494674682617,540900,0.0,0.0
2025-09-18 00:00:00-04:00,45.29841307890251,46.10171505884208,45.22983505606144,45.89598846435547,596900,0.0,0.0
2025-09-19 00:00:00-04:00,46.10171526693128,46.150696366023155,45.641284714027314,45.974361419677734,1269900,0.0,0.0
2025-09-22 00:00:00-04:00,45.979306146341834,46.216824675556545,45.81106684353767,46.07827377319336,851900,0.475,0.0
2025-09-23 00:00:00-04:00,45.9199314475156,46.85020453113093,45.840757342410065,46.77103042602539,552700,0.0,0.0
2025-09-24 00:00:00-04:00,46.8403071666742,47.05802839368723,46.454339087637415,46.87989044189453,584700,0.0,0.0
2025-09-25 00:00:00-04:00,47.0976188907261,47.24606845315982,46.70175590772233,46.79082489013672,619800,0.0,0.0
2025-09-26 00:00:00-04:00,46.978858142551154,47.42419924751053,46.899684041527046,47.285648345947266,536900,0.0,0.0
2025-09-29 00:00:00-04:00,47.18668668947948,47.503375557846795,46.90958487346535,47.49348068237305,518800,0.0,0.0
2025-09-30 00:00:00-04:00,47.424201288545596,47.80027073413748,47.2955490316879,47.651824951171875,591800,0.0,0.0
2025-10-01 00:00:00-04:00,47.67161516186109,47.72110086522269,47.176788330078125,47.176788330078125,601100,0.0,0.0
2025-10-02 00:00:00-04:00,46.99865191173162,47.02834031215529,46.41475612694962,46.563201904296875,570900,0.0,0.0
2025-10-03 00:00:00-04:00,46.582995979504396,46.88978996334298,46.464238601179034,46.493927001953125,553600,0.0,0.0
2025-10-06 00:00:00-04:00,46.602790551512115,46.721547932504045,45.820963261588005,45.94961929321289,547900,0.0,0.0
2025-10-07 00:00:00-04:00,45.95951213302264,46.533513036980516,45.80116770697028,46.06837463378906,440000,0.0,0.0
2025-10-08 00:00:00-04:00,46.26630666144799,46.26630666144799,45.07872156429017,45.99909973144531,660700,0.0,0.0
2025-10-09 00:00:00-04:00,46.00899931847362,46.177238624921515,45.32613589170998,45.53396224975586,425800,0.0,0.0
2025-10-10 00:00:00-04:00,45.68241262744182,45.74179320590703,45.1578973976343,45.2271728515625,490300,0.0,0.0
2025-10-13 00:00:00-04:00,45.17769103431446,45.326136817997,44.58389657389696,44.66307067871094,459700,0.0,0.0
2025-10-14 00:00:00-04:00,44.791723755128345,45.38551822640234,44.78182887946024,45.24696731567383,531100,0.0,0.0
2025-10-15 00:00:00-04:00,45.256862618822176,45.860551971466506,45.24696774306061,45.74179458618164,419000,0.0,0.0
2025-10-16 00:00:00-04:00,45.63292949507102,46.22672016313211,45.48447994044125,45.92982482910156,552100,0.0,0.0
2025-10-17 00:00:00-04:00,46.028790778120296,46.23662091911206,45.84075793889164,46.216827392578125,434300,0.0,0.0
2025-10-20 00:00:00-04:00,46.365273290875706,46.632480236886366,46.00900113809066,46.54341125488281,370500,0.0,0.0
2025-10-21 00:00:00-04:00,46.56320287720149,46.56320287720149,45.55375571418692,45.613136291503906,524000,0.0,0.0
2025-10-22 00:00:00-04:00,45.86054914842391,45.949618125712036,45.32613528469515,45.682411193847656,516700,0.0,0.0
2025-10-23 00:00:00-04:00,45.86055054106383,45.86055054106383,44.85110335955434,45.712100982666016,909400,0.0,0.0
2025-10-24 00:00:00-04:00,45.91003357995898,45.91003357995898,45.365724811374776,45.573551177978516,394800,0.0,0.0
2025-10-27 00:00:00-04:00,45.41520613820513,45.474586717260046,44.989654759717766,45.23706817626953,491700,0.0,0.0
2025-10-28 00:00:00-04:00,45.08861983970722,45.08861983970722,44.583894384378,44.94017028808594,551100,0.0,0.0
2025-10-29 00:00:00-04:00,44.920377895058735,45.14799777811391,43.65362245015026,43.83176040649414,852000,0.0,0.0
2025-10-30 00:00:00-04:00,43.94062242896413,44.435449241113595,43.861448326910306,44.306793212890625,537700,0.0,0.0
2025-10-31 00:00:00-04:00,43.95051823621947,44.03958721530453,43.5645539185939,43.84165573120117,649200,0.0,0.0
2025-11-03 00:00:00-05:00,43.54476010758604,43.9604128237758,43.01034623657434,43.67341613769531,755300,0.0,0.0
2025-11-04 00:00:00-05:00,43.86144822831529,44.40575696541037,43.26765756516229,44.385963439941406,622900,0.0,0.0
2025-11-05 00:00:00-05:00,44.24741373699732,44.445345221826415,44.049482252168225,44.168243408203125,416300,0.0,0.0
2025-11-06 00:00:00-05:00,44.35627565347727,44.94017144959447,44.27710532573425,44.72244644165039,684600,0.0,0.0
2025-11-07 00:00:00-05:00,44.82141352889237,45.464686119238415,44.73234455173936,45.27665328979492,540800,0.0,0.0
2025-11-10 00:00:00-05:00,45.088620071901964,45.46468572754905,44.74223904141151,45.187583923339844,418200,0.0,0.0
2025-11-11 00:00:00-05:00,45.27665621028424,45.71210247377058,45.12820664704408,45.662620544433594,347800,0.0,0.0
2025-11-12 00:00:00-05:00,45.672517871107374,45.70220627280287,45.38551740395392,45.55375671386719,370200,0.0,0.0
2025-11-13 00:00:00-05:00,45.415206619864385,46.19703393051476,45.375619566741264,46.13765335083008,543800,0.0,0.0
2025-11-14 00:00:00-05:00,46.22672233274252,46.40486029656739,45.6824135656017,46.13765335083008,641500,0.0,0.0
2025-11-17 00:00:00-05:00,46.434548311029396,46.48403401463464,45.91993172564297,46.048583984375,500300,0.0,0.0
2025-11-18 00:00:00-05:00,46.28610318714878,46.4345489743978,45.70220736341925,45.90013885498047,637500,0.0,0.0
2025-11-19 00:00:00-05:00,45.69230561925077,46.1277556262528,45.524066316711945,45.672515869140625,955000,0.0,0.0
2025-11-20 00:00:00-05:00,45.0292400033732,47.760682351268265,44.9698594267039,47.54296112060547,1117000,0.0,0.0
2025-11-21 00:00:00-05:00,47.87944604402249,48.80971914314049,47.582550695387305,48.324790954589844,1064700,0.0,0.0
2025-11-24 00:00:00-05:00,48.08727009016833,48.3247886227529,47.56275487371487,47.790374755859375,696700,0.0,0.0
2025-11-25 00:00:00-05:00,47.948719118773354,48.28520150391393,47.335134925362524,47.38461685180664,528800,0.0,0.0
2025-11-26 00:00:00-05:00,47.26585569806597,47.503374230318315,47.12730479393085,47.38461685180664,593600,0.0,0.0
2025-11-28 00:00:00-05:00,47.48358241714173,47.69140878083946,47.255962527106725,47.582550048828125,306500,0.0,0.0
2025-12-01 00:00:00-05:00,47.394512835162,47.691408175997566,46.45434110982512,46.76113510131836,557200,0.0,0.0
2025-12-02 00:00:00-05:00,46.95906703384654,47.127306344337114,45.87044574011727,45.88034439086914,447700,0.0,0.0
2025-12-03 00:00:00-05:00,45.98920785743408,46.25641480487362,45.306344400012186,45.41520690917969,482300,0.0,0.0
2025-12-04 00:00:00-05:00,45.14799751568666,45.474585025495124,44.46513787049032,44.55420684814453,484400,0.0,0.0
2025-12-05 00:00:00-05:00,44.50472392494995,44.851101177386894,44.346379498803216,44.61358642578125,868200,0.0,0.0
2025-12-08 00:00:00-05:00,44.573999358104004,44.613586408432525,44.04948037932344,44.12865447998047,584400,0.0,0.0
2025-12-09 00:00:00-05:00,44.41565787746392,44.831310607790826,44.34638242240944,44.51462173461914,481000,0.0,0.0
2025-12-10 00:00:00-05:00,44.49482639792553,45.02924026537172,44.405757420017835,44.88079071044922,938800,0.0,0.0
2025-12-11 00:00:00-05:00,45.21727255404667,45.672516088575016,45.029239725265356,45.43499755859375,484400,0.0,0.0
2025-12-12 00:00:00-05:00,45.599998474121094,46.0099983215332,45.5099983215332,45.810001373291016,609400,0.475,0.0
2025-12-15 00:00:00-05:00,45.95000076293945,46.310001373291016,45.75,46.290000915527344,712300,0.0,0.0
2025-12-16 00:00:00-05:00,46.529998779296875,46.59000015258789,45.97999954223633,46.310001373291016,782100,0.0,0.0
2025-12-17 00:00:00-05:00,47.220001220703125,47.90999984741211,46.939998626708984,47.61000061035156,793700,0.0,0.0
2025-12-18 00:00:00-05:00,47.630001068115234,48.02000045776367,47.189998626708984,47.75,716200,0.0,0.0
2025-12-19 00:00:00-05:00,47.5099983215332,47.7599983215332,46.119998931884766,46.310001373291016,1516500,0.0,0.0
2025-12-22 00:00:00-05:00,46.04999923706055,46.470001220703125,45.880001068115234,46.41999816894531,536800,0.0,0.0
2025-12-23 00:00:00-05:00,46.439998626708984,46.650001525878906,46.13999938964844,46.18000030517578,539200,0.0,0.0
2025-12-24 00:00:00-05:00,46.20000076293945,46.40999984741211,45.97999954223633,46.34000015258789,272400,0.0,0.0
2025-12-26 00:00:00-05:00,46.33000183105469,46.4900016784668,45.93000030517578,46.04999923706055,315000,0.0,0.0
2025-12-29 00:00:00-05:00,46.27000045776367,46.650001525878906,46.0099983215332,46.41999816894531,412900,0.0,0.0
2025-12-30 00:00:00-05:00,46.380001068115234,46.59000015258789,46.31999969482422,46.349998474121094,309000,0.0,0.0
2025-12-31 00:00:00-05:00,46.29999923706055,46.45000076293945,46.0099983215332,46.119998931884766,434000,0.0,0.0
2026-01-02 00:00:00-05:00,46.029998779296875,46.2599983215332,45.439998626708984,45.97999954223633,424700,0.0,0.0
2026-01-05 00:00:00-05:00,45.70000076293945,45.849998474121094,44.63999938964844,45.7400016784668,583500,0.0,0.0
2026-01-06 00:00:00-05:00,45.56999969482422,45.86000061035156,45.41999816894531,45.810001373291016,524000,0.0,0.0
2026-01-07 00:00:00-05:00,46.08000183105469,46.29999923706055,45.66999816894531,46.220001220703125,472300,0.0,0.0
2026-01-08 00:00:00-05:00,46.0,46.939998626708984,46.0,46.56999969482422,423600,0.0,0.0
2026-01-09 00:00:00-05:00,46.63999938964844,47.119998931884766,46.36000061035156,46.470001220703125,403700,0.0,0.0
2026-01-12 00:00:00-05:00,46.31999969482422,46.939998626708984,46.189998626708984,46.689998626708984,409700,0.0,0.0
2026-01-13 00:00:00-05:00,46.61000061035156,47.20000076293945,46.40999984741211,46.959999084472656,378100,0.0,0.0
2026-01-14 00:00:00-05:00,47.150001525878906,47.54999923706055,47.040000915527344,47.220001220703125,392300,0.0,0.0
2026-01-15 00:00:00-05:00,47.31999969482422,47.7599983215332,47.279998779296875,47.54999923706055,408100,0.0,0.0
2026-01-16 00:00:00-05:00,47.25,48.27000045776367,47.2400016784668,48.11000061035156,610600,0.0,0.0
2026-01-20 00:00:00-05:00,48.04999923706055,48.2599983215332,47.290000915527344,48.029998779296875,459300,0.0,0.0
2026-01-21 00:00:00-05:00,48.27000045776367,48.43000030517578,47.290000915527344,47.970001220703125,499100,0.0,0.0
2026-01-22 00:00:00-05:00,48.04999923706055,48.5,47.779998779296875,48.33000183105469,647300,0.0,0.0
2026-01-23 00:00:00-05:00,48.290000915527344,48.33000183105469,47.560001373291016,47.93000030517578,458300,0.0,0.0
2026-01-26 00:00:00-05:00,48.2400016784668,48.970001220703125,48.099998474121094,48.58000183105469,491400,0.0,0.0
2026-01-27 00:00:00-05:00,48.369998931884766,49.060001373291016,48.369998931884766,48.939998626708984,358600,0.0,0.0
2026-01-28 00:00:00-05:00,48.900001525878906,49.119998931884766,48.5,48.70000076293945,416900,0.0,0.0
2026-01-29 00:00:00-05:00,48.88999938964844,49.349998474121094,48.560001373291016,49.2599983215332,680000,0.0,0.0
2026-01-30 00:00:00-05:00,49.040000915527344,49.599998474121094,48.68000030517578,49.47999954223633,1180900,0.0,0.0
2026-02-02 00:00:00-05:00,49.81999969482422,50.09000015258789,49.22999954223633,50.04999923706055,710000,0.0,0.0
2026-02-03 00:00:00-05:00,51.130001068115234,52.310001373291016,50.470001220703125,51.810001373291016,1379700,0.0,0.0
2026-02-04 00:00:00-05:00,52.310001373291016,52.779998779296875,51.7599983215332,51.869998931884766,852800,0.0,0.0
2026-02-05 00:00:00-05:00,51.79999923706055,52.97999954223633,51.79999923706055,52.77000045776367,664900,0.0,0.0
2026-02-06 00:00:00-05:00,53.189998626708984,53.650001525878906,52.38999938964844,52.41999816894531,972900,0.0,0.0
2026-02-09 00:00:00-05:00,52.29999923706055,52.400001525878906,51.43000030517578,51.7599983215332,510300,0.0,0.0
2026-02-10 00:00:00-05:00,51.959999084472656,52.7599983215332,51.470001220703125,52.470001220703125,556900,0.0,0.0
2026-02-11 00:00:00-05:00,52.529998779296875,52.93000030517578,52.20000076293945,52.849998474121094,446500,0.0,0.0
2026-02-12 00:00:00-05:00,53.029998779296875,54.18000030517578,52.75,53.7400016784668,492000,0.0,0.0
2026-02-13 00:00:00-05:00,53.689998626708984,54.279998779296875,53.5,54.22999954223633,432400,0.0,0.0
