Date,Open,High,Low,Close,Volume,Dividends,Stock Splits
2022-01-03 00:00:00-05:00,9.649999618530273,9.649999618530273,9.645000457763672,9.649999618530273,24600,0.0,0.0
2022-01-04 00:00:00-05:00,9.649999618530273,9.65999984741211,9.630000114440918,9.649999618530273,5400,0.0,0.0
2022-01-05 00:00:00-05:00,9.649999618530273,9.65999984741211,9.649999618530273,9.65999984741211,13100,0.0,0.0
2022-01-06 00:00:00-05:00,9.65999984741211,9.65999984741211,9.65999984741211,9.65999984741211,100,0.0,0.0
2022-01-07 00:00:00-05:00,9.649999618530273,9.670000076293945,9.640999794006348,9.670000076293945,1800,0.0,0.0
2022-01-10 00:00:00-05:00,9.670000076293945,9.670000076293945,9.670000076293945,9.670000076293945,0,0.0,0.0
2022-01-11 00:00:00-05:00,9.670000076293945,9.670000076293945,9.670000076293945,9.670000076293945,0,0.0,0.0
2022-01-12 00:00:00-05:00,9.65999984741211,9.670000076293945,9.65999984741211,9.670000076293945,300,0.0,0.0
2022-01-13 00:00:00-05:00,9.65999984741211,9.670000076293945,9.65999984741211,9.670000076293945,400,0.0,0.0
2022-01-14 00:00:00-05:00,9.670000076293945,9.670000076293945,9.670000076293945,9.670000076293945,300,0.0,0.0
2022-01-18 00:00:00-05:00,9.640000343322754,9.640000343322754,9.640000343322754,9.640000343322754,700,0.0,0.0
2022-01-19 00:00:00-05:00,9.640000343322754,9.649999618530273,9.640000343322754,9.649999618530273,300,0.0,0.0
2022-01-20 00:00:00-05:00,9.630000114440918,9.630000114440918,9.630000114440918,9.630000114440918,700,0.0,0.0
2022-01-21 00:00:00-05:00,9.630000114440918,9.630000114440918,9.600000381469727,9.600000381469727,31700,0.0,0.0
2022-01-24 00:00:00-05:00,9.619999885559082,9.619999885559082,9.600000381469727,9.600000381469727,6200,0.0,0.0
2022-01-25 00:00:00-05:00,9.600000381469727,9.630000114440918,9.59000015258789,9.630000114440918,120800,0.0,0.0
2022-01-26 00:00:00-05:00,9.609999656677246,9.609999656677246,9.600000381469727,9.600000381469727,8700,0.0,0.0
2022-01-27 00:00:00-05:00,9.600000381469727,9.600000381469727,9.600000381469727,9.600000381469727,300,0.0,0.0
2022-01-28 00:00:00-05:00,9.600000381469727,9.600000381469727,9.600000381469727,9.600000381469727,200,0.0,0.0
2022-01-31 00:00:00-05:00,9.600000381469727,9.600000381469727,9.600000381469727,9.600000381469727,13400,0.0,0.0
2022-02-01 00:00:00-05:00,9.609999656677246,9.630000114440918,9.609999656677246,9.630000114440918,11600,0.0,0.0
2022-02-02 00:00:00-05:00,9.640000343322754,9.640000343322754,9.640000343322754,9.640000343322754,100100,0.0,0.0
2022-02-03 00:00:00-05:00,9.640000343322754,9.640000343322754,9.640000343322754,9.640000343322754,0,0.0,0.0
2022-02-04 00:00:00-05:00,9.640000343322754,9.640000343322754,9.640000343322754,9.640000343322754,0,0.0,0.0
2022-02-07 00:00:00-05:00,9.640000343322754,9.640000343322754,9.630000114440918,9.630000114440918,8500,0.0,0.0
2022-02-08 00:00:00-05:00,9.649999618530273,9.649999618530273,9.649999618530273,9.649999618530273,17800,0.0,0.0
2022-02-09 00:00:00-05:00,9.649999618530273,9.649999618530273,9.649999618530273,9.649999618530273,0,0.0,0.0
2022-02-10 00:00:00-05:00,9.609999656677246,9.630000114440918,9.609999656677246,9.630000114440918,500900,0.0,0.0
2022-02-11 00:00:00-05:00,9.609999656677246,9.614999771118164,9.600000381469727,9.600000381469727,23600,0.0,0.0
2022-02-14 00:00:00-05:00,9.59000015258789,9.619999885559082,9.59000015258789,9.619999885559082,600,0.0,0.0
2022-02-15 00:00:00-05:00,9.600000381469727,9.640000343322754,9.600000381469727,9.609999656677246,6400,0.0,0.0
2022-02-16 00:00:00-05:00,9.625,9.640000343322754,9.625,9.630000114440918,8600,0.0,0.0
2022-02-17 00:00:00-05:00,9.630000114440918,9.630000114440918,9.630000114440918,9.630000114440918,1300,0.0,0.0
2022-02-18 00:00:00-05:00,9.630000114440918,9.640000343322754,9.630000114440918,9.630000114440918,18000,0.0,0.0
2022-02-22 00:00:00-05:00,9.630000114440918,9.630000114440918,9.630000114440918,9.630000114440918,25900,0.0,0.0
2022-02-23 00:00:00-05:00,9.630000114440918,9.640000343322754,9.630000114440918,9.640000343322754,50600,0.0,0.0
2022-02-24 00:00:00-05:00,9.600000381469727,9.649999618530273,9.600000381469727,9.640000343322754,14900,0.0,0.0
2022-02-25 00:00:00-05:00,9.640000343322754,9.640000343322754,9.640000343322754,9.640000343322754,0,0.0,0.0
2022-02-28 00:00:00-05:00,9.630000114440918,9.640000343322754,9.630000114440918,9.640000343322754,10900,0.0,0.0
2022-03-01 00:00:00-05:00,9.65999984741211,9.694999694824219,9.630000114440918,9.6899995803833,806800,0.0,0.0
2022-03-02 00:00:00-05:00,9.630000114440918,9.680000305175781,9.630000114440918,9.680000305175781,8500,0.0,0.0
2022-03-03 00:00:00-05:00,9.670000076293945,9.680000305175781,9.670000076293945,9.680000305175781,4200,0.0,0.0
2022-03-04 00:00:00-05:00,9.680000305175781,9.680000305175781,9.680000305175781,9.680000305175781,1300,0.0,0.0
2022-03-07 00:00:00-05:00,9.649999618530273,9.6899995803833,9.649999618530273,9.6899995803833,6800,0.0,0.0
2022-03-08 00:00:00-05:00,9.6899995803833,9.6899995803833,9.6899995803833,9.6899995803833,1400,0.0,0.0
2022-03-09 00:00:00-05:00,9.6899995803833,9.6899995803833,9.6899995803833,9.6899995803833,6000,0.0,0.0
2022-03-10 00:00:00-05:00,9.6899995803833,9.6899995803833,9.680000305175781,9.6899995803833,4100,0.0,0.0
2022-03-11 00:00:00-05:00,9.6899995803833,9.6899995803833,9.680000305175781,9.680000305175781,14800,0.0,0.0
2022-03-14 00:00:00-04:00,9.680000305175781,9.680000305175781,9.680000305175781,9.680000305175781,0,0.0,0.0
2022-03-15 00:00:00-04:00,9.670000076293945,9.675000190734863,9.670000076293945,9.670000076293945,800,0.0,0.0
2022-03-16 00:00:00-04:00,9.670000076293945,9.670000076293945,9.670000076293945,9.670000076293945,500,0.0,0.0
2022-03-17 00:00:00-04:00,9.670000076293945,9.670000076293945,9.670000076293945,9.670000076293945,0,0.0,0.0
2022-03-18 00:00:00-04:00,9.670000076293945,9.670000076293945,9.670000076293945,9.670000076293945,0,0.0,0.0
2022-03-21 00:00:00-04:00,9.670000076293945,9.670000076293945,9.670000076293945,9.670000076293945,0,0.0,0.0
2022-03-22 00:00:00-04:00,9.670000076293945,9.670000076293945,9.670000076293945,9.670000076293945,0,0.0,0.0
2022-03-23 00:00:00-04:00,9.670000076293945,9.670000076293945,9.670000076293945,9.670000076293945,3000,0.0,0.0
2022-03-24 00:00:00-04:00,9.670000076293945,9.670000076293945,9.670000076293945,9.670000076293945,0,0.0,0.0
2022-03-25 00:00:00-04:00,9.670000076293945,9.670000076293945,9.670000076293945,9.670000076293945,0,0.0,0.0
2022-03-28 00:00:00-04:00,9.699999809265137,9.699999809265137,9.6899995803833,9.6899995803833,600,0.0,0.0
2022-03-29 00:00:00-04:00,9.680000305175781,9.680000305175781,9.670000076293945,9.670000076293945,40700,0.0,0.0
2022-03-30 00:00:00-04:00,9.680000305175781,9.6850004196167,9.670000076293945,9.680000305175781,188600,0.0,0.0
2022-03-31 00:00:00-04:00,9.670000076293945,9.670000076293945,9.670000076293945,9.670000076293945,30300,0.0,0.0
2022-04-01 00:00:00-04:00,9.670000076293945,9.670000076293945,9.670000076293945,9.670000076293945,0,0.0,0.0
2022-04-04 00:00:00-04:00,9.680000305175781,9.699999809265137,9.680000305175781,9.699999809265137,1400,0.0,0.0
2022-04-05 00:00:00-04:00,9.670000076293945,9.699999809265137,9.670000076293945,9.699999809265137,11800,0.0,0.0
2022-04-06 00:00:00-04:00,9.670000076293945,9.699999809265137,9.670000076293945,9.699999809265137,136400,0.0,0.0
2022-04-07 00:00:00-04:00,9.720000267028809,9.720000267028809,9.720000267028809,9.720000267028809,1100,0.0,0.0
2022-04-08 00:00:00-04:00,9.699999809265137,9.699999809265137,9.680000305175781,9.699999809265137,2000,0.0,0.0
2022-04-11 00:00:00-04:00,9.680000305175781,9.699999809265137,9.680000305175781,9.699999809265137,400,0.0,0.0
2022-04-12 00:00:00-04:00,9.699999809265137,9.699999809265137,9.699999809265137,9.699999809265137,10200,0.0,0.0
2022-04-13 00:00:00-04:00,9.710000038146973,9.715999603271484,9.699999809265137,9.715999603271484,7400,0.0,0.0
2022-04-14 00:00:00-04:00,9.729999542236328,9.729999542236328,9.729999542236328,9.729999542236328,100,0.0,0.0
2022-04-18 00:00:00-04:00,9.729999542236328,9.729999542236328,9.720000267028809,9.729999542236328,13100,0.0,0.0
2022-04-19 00:00:00-04:00,9.729999542236328,9.729999542236328,9.729999542236328,9.729999542236328,0,0.0,0.0
2022-04-20 00:00:00-04:00,9.720000267028809,9.725000381469727,9.699999809265137,9.725000381469727,5000,0.0,0.0
2022-04-21 00:00:00-04:00,9.729999542236328,9.729999542236328,9.729999542236328,9.729999542236328,200,0.0,0.0
2022-04-22 00:00:00-04:00,9.729999542236328,9.729999542236328,9.729999542236328,9.729999542236328,0,0.0,0.0
2022-04-25 00:00:00-04:00,9.739999771118164,9.739999771118164,9.739999771118164,9.739999771118164,1000,0.0,0.0
2022-04-26 00:00:00-04:00,9.739999771118164,9.739999771118164,9.739999771118164,9.739999771118164,0,0.0,0.0
2022-04-27 00:00:00-04:00,9.75,9.760000228881836,9.75,9.760000228881836,1600,0.0,0.0
2022-04-28 00:00:00-04:00,9.729000091552734,9.744999885559082,9.720000267028809,9.720000267028809,9400,0.0,0.0
2022-04-29 00:00:00-04:00,9.729999542236328,9.729999542236328,9.729999542236328,9.729999542236328,100,0.0,0.0
2022-05-02 00:00:00-04:00,9.729999542236328,9.739999771118164,9.729999542236328,9.729999542236328,60400,0.0,0.0
2022-05-03 00:00:00-04:00,9.729999542236328,9.729999542236328,9.729999542236328,9.729999542236328,46800,0.0,0.0
2022-05-04 00:00:00-04:00,9.720000267028809,9.729999542236328,9.710000038146973,9.729999542236328,1246600,0.0,0.0
2022-05-05 00:00:00-04:00,9.734999656677246,9.739999771118164,9.734999656677246,9.739999771118164,4000,0.0,0.0
2022-05-06 00:00:00-04:00,9.739999771118164,9.739999771118164,9.739999771118164,9.739999771118164,0,0.0,0.0
2022-05-09 00:00:00-04:00,9.729999542236328,9.729999542236328,9.720000267028809,9.720000267028809,92500,0.0,0.0
2022-05-10 00:00:00-04:00,9.6899995803833,9.6899995803833,9.6899995803833,9.6899995803833,80000,0.0,0.0
2022-05-11 00:00:00-04:00,9.6899995803833,9.6899995803833,9.6899995803833,9.6899995803833,0,0.0,0.0
2022-05-12 00:00:00-04:00,9.6899995803833,9.6899995803833,9.6899995803833,9.6899995803833,0,0.0,0.0
2022-05-13 00:00:00-04:00,9.6899995803833,9.6899995803833,9.6899995803833,9.6899995803833,0,0.0,0.0
2022-05-16 00:00:00-04:00,9.6850004196167,9.6850004196167,9.6850004196167,9.6850004196167,500,0.0,0.0
2022-05-17 00:00:00-04:00,9.6899995803833,9.6899995803833,9.6899995803833,9.6899995803833,500,0.0,0.0
2022-05-18 00:00:00-04:00,9.670000076293945,9.699999809265137,9.670000076293945,9.699999809265137,2300,0.0,0.0
2022-05-19 00:00:00-04:00,9.699999809265137,9.699999809265137,9.699999809265137,9.699999809265137,0,0.0,0.0
2022-05-20 00:00:00-04:00,9.699999809265137,9.699999809265137,9.699999809265137,9.699999809265137,0,0.0,0.0
2022-05-23 00:00:00-04:00,9.699999809265137,9.699999809265137,9.699999809265137,9.699999809265137,0,0.0,0.0
2022-05-24 00:00:00-04:00,9.699999809265137,9.699999809265137,9.699999809265137,9.699999809265137,0,0.0,0.0
2022-05-25 00:00:00-04:00,9.720000267028809,9.720000267028809,9.699999809265137,9.699999809265137,8400,0.0,0.0
2022-05-26 00:00:00-04:00,9.680000305175781,9.699999809265137,9.680000305175781,9.699999809265137,5600,0.0,0.0
2022-05-27 00:00:00-04:00,9.6899995803833,9.6899995803833,9.6899995803833,9.6899995803833,15500,0.0,0.0
2022-05-31 00:00:00-04:00,9.699999809265137,9.725000381469727,9.699999809265137,9.725000381469727,171200,0.0,0.0
2022-06-01 00:00:00-04:00,9.699999809265137,9.699999809265137,9.699999809265137,9.699999809265137,3200,0.0,0.0
2022-06-02 00:00:00-04:00,9.904999732971191,9.904999732971191,9.699999809265137,9.699999809265137,4700,0.0,0.0
2022-06-03 00:00:00-04:00,9.699999809265137,9.699999809265137,9.699999809265137,9.699999809265137,7000,0.0,0.0
2022-06-06 00:00:00-04:00,9.770000457763672,9.770000457763672,9.699999809265137,9.699999809265137,7700,0.0,0.0
2022-06-07 00:00:00-04:00,9.739999771118164,9.739999771118164,9.739999771118164,9.739999771118164,200,0.0,0.0
2022-06-08 00:00:00-04:00,9.739999771118164,9.739999771118164,9.739999771118164,9.739999771118164,0,0.0,0.0
2022-06-09 00:00:00-04:00,9.739999771118164,9.739999771118164,9.739999771118164,9.739999771118164,0,0.0,0.0
2022-06-10 00:00:00-04:00,9.739999771118164,9.739999771118164,9.739999771118164,9.739999771118164,0,0.0,0.0
2022-06-13 00:00:00-04:00,9.670000076293945,9.720000267028809,9.670000076293945,9.720000267028809,200,0.0,0.0
2022-06-14 00:00:00-04:00,9.6899995803833,9.710000038146973,9.680000305175781,9.710000038146973,4700,0.0,0.0
2022-06-15 00:00:00-04:00,9.75,9.75,9.670000076293945,9.670000076293945,2900,0.0,0.0
2022-06-16 00:00:00-04:00,9.640000343322754,9.6899995803833,9.640000343322754,9.6899995803833,6700,0.0,0.0
2022-06-17 00:00:00-04:00,9.6899995803833,9.6899995803833,9.6899995803833,9.6899995803833,600,0.0,0.0
2022-06-21 00:00:00-04:00,9.699999809265137,9.699999809265137,9.699999809265137,9.699999809265137,500,0.0,0.0
2022-06-22 00:00:00-04:00,9.649999618530273,9.6899995803833,9.649999618530273,9.6899995803833,200,0.0,0.0
2022-06-23 00:00:00-04:00,9.6899995803833,9.6899995803833,9.6899995803833,9.6899995803833,0,0.0,0.0
2022-06-24 00:00:00-04:00,9.699999809265137,9.699999809265137,9.699999809265137,9.699999809265137,600,0.0,0.0
2022-06-27 00:00:00-04:00,9.75,9.75,9.75,9.75,400,0.0,0.0
2022-06-28 00:00:00-04:00,9.75,9.75,9.75,9.75,0,0.0,0.0
2022-06-29 00:00:00-04:00,9.75,9.75,9.75,9.75,0,0.0,0.0
2022-06-30 00:00:00-04:00,9.75,9.75,9.75,9.75,0,0.0,0.0
2022-07-01 00:00:00-04:00,9.75,9.75,9.75,9.75,0,0.0,0.0
2022-07-05 00:00:00-04:00,9.630000114440918,9.699999809265137,9.630000114440918,9.699999809265137,3600,0.0,0.0
2022-07-06 00:00:00-04:00,9.710000038146973,9.710000038146973,9.699999809265137,9.699999809265137,2600,0.0,0.0
2022-07-07 00:00:00-04:00,9.715999603271484,9.715999603271484,9.710000038146973,9.710000038146973,1100,0.0,0.0
2022-07-08 00:00:00-04:00,9.710000038146973,9.710000038146973,9.710000038146973,9.710000038146973,0,0.0,0.0
2022-07-11 00:00:00-04:00,9.699999809265137,9.720000267028809,9.699999809265137,9.710000038146973,5100,0.0,0.0
2022-07-12 00:00:00-04:00,9.739999771118164,9.75,9.739999771118164,9.75,900,0.0,0.0
2022-07-13 00:00:00-04:00,9.75,9.75,9.75,9.75,0,0.0,0.0
2022-07-14 00:00:00-04:00,9.720000267028809,9.720000267028809,9.720000267028809,9.720000267028809,4000,0.0,0.0
2022-07-15 00:00:00-04:00,9.720000267028809,9.720000267028809,9.720000267028809,9.720000267028809,0,0.0,0.0
2022-07-18 00:00:00-04:00,9.720000267028809,9.720000267028809,9.720000267028809,9.720000267028809,700,0.0,0.0
2022-07-19 00:00:00-04:00,9.720000267028809,9.720000267028809,9.720000267028809,9.720000267028809,0,0.0,0.0
2022-07-20 00:00:00-04:00,9.720000267028809,9.720000267028809,9.720000267028809,9.720000267028809,0,0.0,0.0
2022-07-21 00:00:00-04:00,9.720000267028809,9.720000267028809,9.720000267028809,9.720000267028809,0,0.0,0.0
2022-07-22 00:00:00-04:00,9.720000267028809,9.720000267028809,9.720000267028809,9.720000267028809,0,0.0,0.0
2022-07-25 00:00:00-04:00,9.8100004196167,9.8100004196167,9.760000228881836,9.760000228881836,200,0.0,0.0
2022-07-26 00:00:00-04:00,9.753000259399414,9.753000259399414,9.739999771118164,9.739999771118164,700,0.0,0.0
2022-07-27 00:00:00-04:00,9.739999771118164,9.739999771118164,9.739999771118164,9.739999771118164,200,0.0,0.0
2022-07-28 00:00:00-04:00,9.739999771118164,9.739999771118164,9.739999771118164,9.739999771118164,300,0.0,0.0
2022-07-29 00:00:00-04:00,9.739999771118164,9.760000228881836,9.734999656677246,9.739999771118164,191400,0.0,0.0
2022-08-01 00:00:00-04:00,9.739999771118164,9.739999771118164,9.739999771118164,9.739999771118164,200,0.0,0.0
2022-08-02 00:00:00-04:00,9.739999771118164,9.739999771118164,9.739999771118164,9.739999771118164,0,0.0,0.0
2022-08-03 00:00:00-04:00,9.755999565124512,9.755999565124512,9.755999565124512,9.755999565124512,300,0.0,0.0
2022-08-04 00:00:00-04:00,9.755999565124512,9.755999565124512,9.755999565124512,9.755999565124512,0,0.0,0.0
2022-08-05 00:00:00-04:00,9.755999565124512,9.755999565124512,9.755999565124512,9.755999565124512,0,0.0,0.0
2022-08-08 00:00:00-04:00,9.739999771118164,9.75,9.739999771118164,9.739999771118164,600,0.0,0.0
2022-08-09 00:00:00-04:00,9.739999771118164,9.743000030517578,9.739999771118164,9.743000030517578,47900,0.0,0.0
2022-08-10 00:00:00-04:00,9.743000030517578,9.743000030517578,9.743000030517578,9.743000030517578,0,0.0,0.0
2022-08-11 00:00:00-04:00,9.75,9.75,9.75,9.75,3100,0.0,0.0
2022-08-12 00:00:00-04:00,9.75,9.75,9.75,9.75,0,0.0,0.0
2022-08-15 00:00:00-04:00,9.75,9.75,9.75,9.75,0,0.0,0.0
2022-08-16 00:00:00-04:00,9.75,9.75,9.75,9.75,0,0.0,0.0
2022-08-17 00:00:00-04:00,9.75,9.75,9.729999542236328,9.729999542236328,10200,0.0,0.0
2022-08-18 00:00:00-04:00,9.75,9.75,9.75,9.75,800,0.0,0.0
2022-08-19 00:00:00-04:00,9.75,9.75,9.75,9.75,0,0.0,0.0
2022-08-22 00:00:00-04:00,9.75,9.75,9.75,9.75,0,0.0,0.0
2022-08-23 00:00:00-04:00,9.75,9.75,9.75,9.75,100,0.0,0.0
2022-08-24 00:00:00-04:00,9.760000228881836,9.760000228881836,9.760000228881836,9.760000228881836,100,0.0,0.0
2022-08-25 00:00:00-04:00,9.739999771118164,9.739999771118164,9.739999771118164,9.739999771118164,200,0.0,0.0
2022-08-26 00:00:00-04:00,9.739999771118164,9.739999771118164,9.739999771118164,9.739999771118164,0,0.0,0.0
2022-08-29 00:00:00-04:00,9.789999961853027,9.789999961853027,9.729999542236328,9.729999542236328,1900,0.0,0.0
2022-08-30 00:00:00-04:00,9.729999542236328,9.75,9.729999542236328,9.75,400,0.0,0.0
2022-08-31 00:00:00-04:00,9.75,9.75,9.734999656677246,9.739999771118164,51700,0.0,0.0
2022-09-01 00:00:00-04:00,9.710000038146973,9.729999542236328,9.710000038146973,9.729999542236328,1800,0.0,0.0
2022-09-02 00:00:00-04:00,9.729999542236328,9.75,9.729999542236328,9.739999771118164,12000,0.0,0.0
2022-09-06 00:00:00-04:00,9.760000228881836,9.770000457763672,9.760000228881836,9.770000457763672,26200,0.0,0.0
2022-09-07 00:00:00-04:00,9.770000457763672,9.770000457763672,9.770000457763672,9.770000457763672,0,0.0,0.0
2022-09-08 00:00:00-04:00,9.770000457763672,9.770000457763672,9.770000457763672,9.770000457763672,0,0.0,0.0
2022-09-09 00:00:00-04:00,9.710000038146973,9.729999542236328,9.710000038146973,9.729999542236328,4300,0.0,0.0
2022-09-12 00:00:00-04:00,9.75,9.75,9.75,9.75,200,0.0,0.0
2022-09-13 00:00:00-04:00,9.729999542236328,9.729999542236328,9.710000038146973,9.710000038146973,400,0.0,0.0
2022-09-14 00:00:00-04:00,9.710000038146973,9.734999656677246,9.710000038146973,9.734999656677246,3500,0.0,0.0
2022-09-15 00:00:00-04:00,9.729999542236328,9.729999542236328,9.729999542236328,9.729999542236328,2700,0.0,0.0
2022-09-16 00:00:00-04:00,9.729999542236328,9.729999542236328,9.729999542236328,9.729999542236328,1300,0.0,0.0
2022-09-19 00:00:00-04:00,9.739999771118164,9.75,9.739999771118164,9.739999771118164,15300,0.0,0.0
2022-09-20 00:00:00-04:00,9.739999771118164,9.739999771118164,9.739999771118164,9.739999771118164,0,0.0,0.0
2022-09-21 00:00:00-04:00,9.739999771118164,9.739999771118164,9.739999771118164,9.739999771118164,0,0.0,0.0
2022-09-22 00:00:00-04:00,9.720000267028809,9.720000267028809,9.720000267028809,9.720000267028809,22000,0.0,0.0
2022-09-23 00:00:00-04:00,9.739999771118164,9.739999771118164,9.699999809265137,9.720000267028809,13000,0.0,0.0
2022-09-26 00:00:00-04:00,9.739999771118164,9.739999771118164,9.725000381469727,9.739999771118164,500,0.0,0.0
2022-09-27 00:00:00-04:00,9.729999542236328,9.729999542236328,9.729999542236328,9.729999542236328,200,0.0,0.0
2022-09-28 00:00:00-04:00,9.760000228881836,9.760000228881836,9.75,9.75,18300,0.0,0.0
2022-09-29 00:00:00-04:00,9.75,9.760000228881836,9.75,9.760000228881836,3200,0.0,0.0
2022-09-30 00:00:00-04:00,9.760000228881836,9.760000228881836,9.760000228881836,9.760000228881836,0,0.0,0.0
2022-10-03 00:00:00-04:00,9.739999771118164,9.739999771118164,9.720000267028809,9.720000267028809,3000,0.0,0.0
2022-10-04 00:00:00-04:00,9.75,9.75,9.739999771118164,9.739999771118164,800,0.0,0.0
2022-10-05 00:00:00-04:00,9.739999771118164,9.739999771118164,9.739999771118164,9.739999771118164,0,0.0,0.0
2022-10-06 00:00:00-04:00,9.760000228881836,9.760000228881836,9.720000267028809,9.720000267028809,245600,0.0,0.0
2022-10-07 00:00:00-04:00,9.729999542236328,9.739999771118164,9.720000267028809,9.720000267028809,61800,0.0,0.0
2022-10-10 00:00:00-04:00,9.720000267028809,9.720000267028809,9.720000267028809,9.720000267028809,0,0.0,0.0
2022-10-11 00:00:00-04:00,9.720000267028809,9.720000267028809,9.720000267028809,9.720000267028809,0,0.0,0.0
2022-10-12 00:00:00-04:00,9.739999771118164,9.739999771118164,9.739999771118164,9.739999771118164,400,0.0,0.0
2022-10-13 00:00:00-04:00,9.770000457763672,9.770000457763672,9.760000228881836,9.760000228881836,400,0.0,0.0
2022-10-14 00:00:00-04:00,9.800000190734863,9.8100004196167,9.779999732971191,9.779999732971191,15900,0.0,0.0
2022-10-17 00:00:00-04:00,9.850000381469727,9.850000381469727,9.770000457763672,9.770000457763672,700,0.0,0.0
2022-10-18 00:00:00-04:00,9.760000228881836,9.760000228881836,9.720000267028809,9.760000228881836,9000,0.0,0.0
2022-10-19 00:00:00-04:00,9.770000457763672,9.770000457763672,9.75,9.75,1300,0.0,0.0
2022-10-20 00:00:00-04:00,9.75,9.75,9.75,9.75,0,0.0,0.0
2022-10-21 00:00:00-04:00,9.760000228881836,9.8100004196167,9.760000228881836,9.795000076293945,63400,0.0,0.0
2022-10-24 00:00:00-04:00,9.800000190734863,9.819999694824219,9.800000190734863,9.8100004196167,63100,0.0,0.0
2022-10-25 00:00:00-04:00,9.789999961853027,9.789999961853027,9.789999961853027,9.789999961853027,200,0.0,0.0
2022-10-26 00:00:00-04:00,9.779999732971191,9.800000190734863,9.760000228881836,9.800000190734863,8500,0.0,0.0
2022-10-27 00:00:00-04:00,9.800000190734863,9.800000190734863,9.800000190734863,9.800000190734863,0,0.0,0.0
2022-10-28 00:00:00-04:00,9.779999732971191,9.829999923706055,9.779999732971191,9.819999694824219,12900,0.0,0.0
2022-10-31 00:00:00-04:00,9.819999694824219,9.819999694824219,9.819999694824219,9.819999694824219,0,0.0,0.0
2022-11-01 00:00:00-04:00,9.829999923706055,9.829999923706055,9.8149995803833,9.829999923706055,24600,0.0,0.0
2022-11-02 00:00:00-04:00,9.829999923706055,9.829999923706055,9.829999923706055,9.829999923706055,0,0.0,0.0
2022-11-03 00:00:00-04:00,9.84000015258789,9.84000015258789,9.819999694824219,9.84000015258789,92100,0.0,0.0
2022-11-04 00:00:00-04:00,9.819999694824219,9.819999694824219,9.814000129699707,9.814000129699707,200,0.0,0.0
2022-11-07 00:00:00-05:00,9.84000015258789,9.869999885559082,9.84000015258789,9.869999885559082,30300,0.0,0.0
2022-11-08 00:00:00-05:00,9.869999885559082,9.869999885559082,9.869999885559082,9.869999885559082,0,0.0,0.0
2022-11-09 00:00:00-05:00,9.850000381469727,9.850000381469727,9.84000015258789,9.84000015258789,400,0.0,0.0
2022-11-10 00:00:00-05:00,9.819999694824219,9.819999694824219,9.819999694824219,9.819999694824219,600,0.0,0.0
2022-11-11 00:00:00-05:00,9.979999542236328,9.979999542236328,9.819999694824219,9.84000015258789,4300,0.0,0.0
2022-11-14 00:00:00-05:00,9.84000015258789,9.84000015258789,9.829999923706055,9.829999923706055,54700,0.0,0.0
2022-11-15 00:00:00-05:00,9.84000015258789,9.859999656677246,9.829999923706055,9.829999923706055,900,0.0,0.0
2022-11-16 00:00:00-05:00,9.84000015258789,9.850000381469727,9.84000015258789,9.850000381469727,700,0.0,0.0
2022-11-17 00:00:00-05:00,9.850000381469727,9.864999771118164,9.84000015258789,9.84000015258789,116800,0.0,0.0
2022-11-18 00:00:00-05:00,9.84000015258789,9.864999771118164,9.84000015258789,9.84000015258789,64500,0.0,0.0
2022-11-21 00:00:00-05:00,9.84000015258789,9.84000015258789,9.8100004196167,9.8100004196167,17700,0.0,0.0
2022-11-22 00:00:00-05:00,9.819999694824219,9.875,9.819999694824219,9.850000381469727,17700,0.0,0.0
2022-11-23 00:00:00-05:00,9.850000381469727,9.850000381469727,9.850000381469727,9.850000381469727,0,0.0,0.0
2022-11-25 00:00:00-05:00,9.829999923706055,9.829999923706055,9.824999809265137,9.829999923706055,1100,0.0,0.0
2022-11-28 00:00:00-05:00,9.829999923706055,9.829999923706055,9.829999923706055,9.829999923706055,0,0.0,0.0
2022-11-29 00:00:00-05:00,9.84000015258789,9.880000114440918,9.84000015258789,9.880000114440918,24400,0.0,0.0
2022-11-30 00:00:00-05:00,9.880000114440918,9.880000114440918,9.880000114440918,9.880000114440918,0,0.0,0.0
2022-12-01 00:00:00-05:00,9.859999656677246,9.859999656677246,9.829999923706055,9.829999923706055,4600,0.0,0.0
2022-12-02 00:00:00-05:00,9.850000381469727,9.850000381469727,9.850000381469727,9.850000381469727,100,0.0,0.0
2022-12-05 00:00:00-05:00,9.869999885559082,9.899999618530273,9.869999885559082,9.899999618530273,4400,0.0,0.0
2022-12-06 00:00:00-05:00,9.899999618530273,9.899999618530273,9.890000343322754,9.890000343322754,400,0.0,0.0
2022-12-07 00:00:00-05:00,9.895000457763672,9.899999618530273,9.890000343322754,9.890000343322754,10600,0.0,0.0
2022-12-08 00:00:00-05:00,9.890000343322754,9.890000343322754,9.890000343322754,9.890000343322754,1700,0.0,0.0
2022-12-09 00:00:00-05:00,9.899999618530273,9.899999618530273,9.899999618530273,9.899999618530273,200,0.0,0.0
2022-12-12 00:00:00-05:00,9.890000343322754,9.920000076293945,9.890000343322754,9.90999984741211,271800,0.0,0.0
2022-12-13 00:00:00-05:00,9.899999618530273,9.930000305175781,9.899999618530273,9.914999961853027,112100,0.0,0.0
2022-12-14 00:00:00-05:00,9.914999961853027,9.914999961853027,9.914999961853027,9.914999961853027,0,0.0,0.0
2022-12-15 00:00:00-05:00,9.899999618530273,9.920000076293945,9.899999618530273,9.90999984741211,4700,0.0,0.0
2022-12-16 00:00:00-05:00,9.920000076293945,9.949999809265137,9.90999984741211,9.90999984741211,104900,0.0,0.0
2022-12-19 00:00:00-05:00,9.920000076293945,9.930000305175781,9.90999984741211,9.930000305175781,11700,0.0,0.0
2022-12-20 00:00:00-05:00,9.899999618530273,9.899999618530273,9.899999618530273,9.899999618530273,400,0.0,0.0
2022-12-21 00:00:00-05:00,9.890000343322754,9.960000038146973,9.890000343322754,9.960000038146973,400,0.0,0.0
2022-12-22 00:00:00-05:00,9.9399995803833,9.954999923706055,9.920000076293945,9.949999809265137,8100,0.0,0.0
2022-12-23 00:00:00-05:00,9.899999618530273,9.9350004196167,9.899999618530273,9.90999984741211,2600,0.0,0.0
2022-12-27 00:00:00-05:00,9.930000305175781,9.930000305175781,9.930000305175781,9.930000305175781,200,0.0,0.0
2022-12-28 00:00:00-05:00,9.920000076293945,9.960000038146973,9.920000076293945,9.960000038146973,3900,0.0,0.0
2022-12-29 00:00:00-05:00,9.920000076293945,9.920000076293945,9.90999984741211,9.90999984741211,4500,0.0,0.0
2022-12-30 00:00:00-05:00,9.9399995803833,9.9399995803833,9.930000305175781,9.9399995803833,3600,0.0,0.0
2023-01-03 00:00:00-05:00,9.930000305175781,9.960000038146973,9.930000305175781,9.960000038146973,26200,0.0,0.0
2023-01-04 00:00:00-05:00,9.979999542236328,9.979999542236328,9.949999809265137,9.960000038146973,47700,0.0,0.0
2023-01-05 00:00:00-05:00,9.96500015258789,9.989999771118164,9.96500015258789,9.970000267028809,48200,0.0,0.0
2023-01-06 00:00:00-05:00,9.970000267028809,9.970000267028809,9.970000267028809,9.970000267028809,0,0.0,0.0
2023-01-09 00:00:00-05:00,9.970000267028809,9.970000267028809,9.970000267028809,9.970000267028809,0,0.0,0.0
2023-01-10 00:00:00-05:00,10.020000457763672,10.020000457763672,9.970000267028809,9.970000267028809,70100,0.0,0.0
2023-01-11 00:00:00-05:00,10.020000457763672,10.020000457763672,9.970000267028809,9.989999771118164,1200,0.0,0.0
2023-01-12 00:00:00-05:00,10.010000228881836,10.010000228881836,9.984999656677246,9.989999771118164,5100,0.0,0.0
2023-01-13 00:00:00-05:00,10.020000457763672,10.020000457763672,10.0,10.010000228881836,7200,0.0,0.0
2023-01-17 00:00:00-05:00,9.989999771118164,10.010000228881836,9.989999771118164,10.010000228881836,6900,0.0,0.0
2023-01-18 00:00:00-05:00,9.989999771118164,10.029999732971191,9.989999771118164,10.020000457763672,18500,0.0,0.0
2023-01-19 00:00:00-05:00,10.020000457763672,10.020000457763672,10.010000228881836,10.020000457763672,20400,0.0,0.0
2023-01-20 00:00:00-05:00,10.029999732971191,10.029999732971191,10.015000343322754,10.020000457763672,312400,0.0,0.0
2023-01-23 00:00:00-05:00,10.010000228881836,10.031000137329102,10.010000228881836,10.020000457763672,42700,0.0,0.0
2023-01-24 00:00:00-05:00,10.020000457763672,10.020000457763672,10.020000457763672,10.020000457763672,0,0.0,0.0
2023-01-25 00:00:00-05:00,10.119999885559082,10.119999885559082,10.024999618530273,10.029999732971191,225000,0.0,0.0
2023-01-26 00:00:00-05:00,10.020000457763672,10.029999732971191,10.020000457763672,10.029999732971191,800,0.0,0.0
2023-01-27 00:00:00-05:00,10.029999732971191,10.029999732971191,10.029999732971191,10.029999732971191,0,0.0,0.0
2023-01-30 00:00:00-05:00,10.069999694824219,10.069999694824219,10.020000457763672,10.029999732971191,5700,0.0,0.0
2023-01-31 00:00:00-05:00,10.069999694824219,10.069999694824219,10.020000457763672,10.050000190734863,500,0.0,0.0
2023-02-01 00:00:00-05:00,10.069999694824219,10.069999694824219,10.029999732971191,10.050000190734863,300,0.0,0.0
2023-02-02 00:00:00-05:00,10.069999694824219,10.069999694824219,10.050000190734863,10.050000190734863,700,0.0,0.0
2023-02-03 00:00:00-05:00,10.029999732971191,10.029999732971191,10.029999732971191,10.029999732971191,200,0.0,0.0
2023-02-06 00:00:00-05:00,10.055000305175781,10.069999694824219,10.045000076293945,10.069999694824219,61100,0.0,0.0
2023-02-07 00:00:00-05:00,10.069999694824219,10.069999694824219,10.069999694824219,10.069999694824219,0,0.0,0.0
2023-02-08 00:00:00-05:00,10.029999732971191,10.029999732971191,10.029999732971191,10.029999732971191,200,0.0,0.0
2023-02-09 00:00:00-05:00,10.029999732971191,10.050000190734863,10.029999732971191,10.050000190734863,155800,0.0,0.0
2023-02-10 00:00:00-05:00,10.09000015258789,10.09000015258789,10.0600004196167,10.0600004196167,300,0.0,0.0
2023-02-13 00:00:00-05:00,10.029999732971191,10.0600004196167,10.029999732971191,10.050000190734863,15400,0.0,0.0
2023-02-14 00:00:00-05:00,10.100000381469727,10.100000381469727,10.039999961853027,10.069999694824219,4400,0.0,0.0
2023-02-15 00:00:00-05:00,10.050000190734863,10.0600004196167,10.050000190734863,10.0600004196167,2900,0.0,0.0
2023-02-16 00:00:00-05:00,10.069999694824219,10.079999923706055,10.0649995803833,10.069999694824219,33100,0.0,0.0
2023-02-17 00:00:00-05:00,10.069999694824219,10.069999694824219,10.069999694824219,10.069999694824219,0,0.0,0.0
2023-02-21 00:00:00-05:00,10.0600004196167,10.069999694824219,10.0600004196167,10.069999694824219,25100,0.0,0.0
2023-02-22 00:00:00-05:00,10.0600004196167,10.0600004196167,10.0600004196167,10.0600004196167,500,0.0,0.0
2023-02-23 00:00:00-05:00,10.069999694824219,10.079999923706055,10.069999694824219,10.079999923706055,42400,0.0,0.0
2023-02-24 00:00:00-05:00,10.079999923706055,10.079999923706055,10.069999694824219,10.074999809265137,6700,0.0,0.0
2023-02-27 00:00:00-05:00,10.109999656677246,10.149999618530273,10.109999656677246,10.114999771118164,117100,0.0,0.0
2023-02-28 00:00:00-05:00,10.199999809265137,10.199999809265137,10.130000114440918,10.135000228881836,670900,0.0,0.0
2023-03-01 00:00:00-05:00,10.140000343322754,10.140000343322754,10.09000015258789,10.119999885559082,185800,0.0,0.0
2023-03-02 00:00:00-05:00,10.119999885559082,10.130000114440918,10.100000381469727,10.114999771118164,194600,0.0,0.0
2023-03-03 00:00:00-05:00,10.119999885559082,10.140000343322754,10.100000381469727,10.12399959564209,1269400,0.0,0.0
2023-03-06 00:00:00-05:00,10.130000114440918,10.149999618530273,10.100000381469727,10.149999618530273,150000,0.0,0.0
2023-03-07 00:00:00-05:00,10.140000343322754,10.140000343322754,10.119999885559082,10.125,149100,0.0,0.0
2023-03-08 00:00:00-05:00,10.130000114440918,10.140000343322754,10.119999885559082,10.119999885559082,42100,0.0,0.0
2023-03-09 00:00:00-05:00,10.100000381469727,10.130000114440918,10.100000381469727,10.130000114440918,33300,0.0,0.0
2023-03-10 00:00:00-05:00,10.100000381469727,10.130000114440918,10.100000381469727,10.119999885559082,345200,0.0,0.0
2023-03-13 00:00:00-04:00,10.100000381469727,10.130000114440918,10.0600004196167,10.119999885559082,83800,0.0,0.0
2023-03-14 00:00:00-04:00,10.09000015258789,10.119999885559082,10.09000015258789,10.109999656677246,26500,0.0,0.0
2023-03-15 00:00:00-04:00,10.109999656677246,10.140000343322754,10.100000381469727,10.109999656677246,82500,0.0,0.0
2023-03-16 00:00:00-04:00,10.119999885559082,10.119999885559082,10.100000381469727,10.114999771118164,52000,0.0,0.0
2023-03-17 00:00:00-04:00,10.100000381469727,10.119999885559082,10.100000381469727,10.119999885559082,8000,0.0,0.0
2023-03-20 00:00:00-04:00,10.119999885559082,10.130000114440918,10.119999885559082,10.128999710083008,24000,0.0,0.0
2023-03-21 00:00:00-04:00,10.149999618530273,10.149999618530273,10.119999885559082,10.125,13900,0.0,0.0
2023-03-22 00:00:00-04:00,10.130000114440918,10.140000343322754,10.109999656677246,10.140000343322754,3199800,0.0,0.0
2023-03-23 00:00:00-04:00,10.149999618530273,10.149999618530273,10.119999885559082,10.130000114440918,1692900,0.0,0.0
2023-03-24 00:00:00-04:00,10.130000114440918,10.145000457763672,10.130000114440918,10.145000457763672,8400,0.0,0.0
2023-03-27 00:00:00-04:00,10.15999984741211,10.15999984741211,10.130000114440918,10.140000343322754,364000,0.0,0.0
2023-03-28 00:00:00-04:00,10.130000114440918,10.140000343322754,10.119999885559082,10.130000114440918,163400,0.0,0.0
2023-03-29 00:00:00-04:00,10.15999984741211,10.15999984741211,10.121999740600586,10.125,167900,0.0,0.0
2023-03-30 00:00:00-04:00,10.130000114440918,10.140000343322754,10.125,10.140000343322754,263500,0.0,0.0
2023-03-31 00:00:00-04:00,10.100000381469727,10.140000343322754,10.100000381469727,10.130000114440918,49500,0.0,0.0
2023-04-03 00:00:00-04:00,10.149999618530273,10.149999618530273,10.130000114440918,10.140000343322754,12900,0.0,0.0
2023-04-04 00:00:00-04:00,10.149999618530273,10.149999618530273,10.130000114440918,10.140000343322754,245200,0.0,0.0
2023-04-05 00:00:00-04:00,10.140000343322754,10.145000457763672,10.130000114440918,10.140000343322754,297200,0.0,0.0
2023-04-06 00:00:00-04:00,10.140000343322754,10.14900016784668,10.135000228881836,10.145000457763672,62300,0.0,0.0
2023-04-10 00:00:00-04:00,10.140000343322754,10.149999618530273,10.109999656677246,10.125,122100,0.0,0.0
2023-04-11 00:00:00-04:00,10.119999885559082,10.140000343322754,10.119999885559082,10.121999740600586,810300,0.0,0.0
2023-04-12 00:00:00-04:00,10.119999885559082,10.140000343322754,10.119999885559082,10.140000343322754,72100,0.0,0.0
2023-04-13 00:00:00-04:00,10.130000114440918,10.140000343322754,10.130000114440918,10.135000228881836,221700,0.0,0.0
2023-04-14 00:00:00-04:00,10.149999618530273,10.149999618530273,10.130000114440918,10.135000228881836,10600,0.0,0.0
2023-04-17 00:00:00-04:00,10.149999618530273,10.149999618530273,10.130000114440918,10.138999938964844,5700,0.0,0.0
2023-04-18 00:00:00-04:00,10.149999618530273,10.149999618530273,10.130000114440918,10.149999618530273,139300,0.0,0.0
2023-04-19 00:00:00-04:00,10.149999618530273,10.180000305175781,10.140000343322754,10.170000076293945,100200,0.0,0.0
2023-04-20 00:00:00-04:00,10.170000076293945,10.170000076293945,10.151000022888184,10.170000076293945,10200,0.0,0.0
2023-04-21 00:00:00-04:00,10.220000267028809,10.220000267028809,10.15999984741211,10.168999671936035,4500,0.0,0.0
2023-04-24 00:00:00-04:00,10.180000305175781,10.180000305175781,10.149999618530273,10.149999618530273,9300,0.0,0.0
2023-04-25 00:00:00-04:00,10.140000343322754,10.149999618530273,10.140000343322754,10.149999618530273,109700,0.0,0.0
2023-04-26 00:00:00-04:00,10.140000343322754,10.154999732971191,10.140000343322754,10.154999732971191,73900,0.0,0.0
2023-04-27 00:00:00-04:00,10.149999618530273,10.15999984741211,10.145000457763672,10.154999732971191,207900,0.0,0.0
2023-04-28 00:00:00-04:00,10.140000343322754,10.149999618530273,10.140000343322754,10.140999794006348,10800,0.0,0.0
2023-05-01 00:00:00-04:00,10.119999885559082,10.149999618530273,10.119999885559082,10.145000457763672,11200,0.0,0.0
2023-05-02 00:00:00-04:00,10.149999618530273,10.149999618530273,10.130000114440918,10.140000343322754,190000,0.0,0.0
2023-05-03 00:00:00-04:00,10.130000114440918,10.156000137329102,10.130000114440918,10.149999618530273,137500,0.0,0.0
2023-05-04 00:00:00-04:00,10.15999984741211,10.15999984741211,10.149999618530273,10.15999984741211,917400,0.0,0.0
2023-05-05 00:00:00-04:00,10.149999618530273,10.15999984741211,10.149999618530273,10.15999984741211,7500,0.0,0.0
2023-05-08 00:00:00-04:00,10.15999984741211,10.15999984741211,10.152000427246094,10.154999732971191,7600,0.0,0.0
2023-05-09 00:00:00-04:00,10.149999618530273,10.15999984741211,10.149999618530273,10.149999618530273,410500,0.0,0.0
2023-05-10 00:00:00-04:00,10.15999984741211,10.170000076293945,10.149999618530273,10.15999984741211,410100,0.0,0.0
2023-05-11 00:00:00-04:00,10.149999618530273,10.170000076293945,10.149999618530273,10.15999984741211,471300,0.0,0.0
2023-05-12 00:00:00-04:00,10.170000076293945,10.199999809265137,10.170000076293945,10.1899995803833,13527500,0.0,0.0
2023-05-15 00:00:00-04:00,10.180000305175781,10.180000305175781,10.114999771118164,10.130000114440918,3350000,0.0,0.0
2023-05-16 00:00:00-04:00,10.119999885559082,10.130000114440918,10.119999885559082,10.119999885559082,23400,0.0,0.0
2023-05-17 00:00:00-04:00,10.140000343322754,10.140000343322754,10.119999885559082,10.119999885559082,16000,0.0,0.0
2023-05-18 00:00:00-04:00,10.119999885559082,10.130000114440918,10.119999885559082,10.119999885559082,17300,0.0,0.0
2023-05-19 00:00:00-04:00,10.119999885559082,10.130000114440918,10.109999656677246,10.114999771118164,102400,0.0,0.0
2023-05-22 00:00:00-04:00,10.100000381469727,10.119999885559082,10.100000381469727,10.114999771118164,12900,0.0,0.0
2023-05-23 00:00:00-04:00,10.100000381469727,10.119999885559082,10.100000381469727,10.114999771118164,11900,0.0,0.0
2023-05-24 00:00:00-04:00,10.109999656677246,10.119999885559082,10.109999656677246,10.109999656677246,14400,0.0,0.0
2023-05-25 00:00:00-04:00,10.100000381469727,10.119999885559082,10.100000381469727,10.109999656677246,12200,0.0,0.0
2023-05-26 00:00:00-04:00,10.119999885559082,10.119999885559082,10.109999656677246,10.114999771118164,34700,0.0,0.0
2023-05-30 00:00:00-04:00,10.140000343322754,10.140000343322754,10.119999885559082,10.125,10500,0.0,0.0
2023-05-31 00:00:00-04:00,10.130000114440918,10.149999618530273,10.100000381469727,10.109999656677246,765900,0.0,0.0
2023-06-01 00:00:00-04:00,10.130000114440918,10.130000114440918,10.109999656677246,10.119999885559082,19300,0.0,0.0
2023-06-02 00:00:00-04:00,10.130000114440918,10.140000343322754,10.100000381469727,10.119999885559082,1720400,0.0,0.0
2023-06-05 00:00:00-04:00,10.140000343322754,10.140000343322754,10.125,10.135000228881836,9100,0.0,0.0
2023-06-06 00:00:00-04:00,10.140000343322754,10.149999618530273,10.121000289916992,10.149999618530273,653200,0.0,0.0
2023-06-07 00:00:00-04:00,10.149999618530273,10.149999618530273,10.130000114440918,10.149999618530273,217400,0.0,0.0
2023-06-08 00:00:00-04:00,10.140000343322754,10.220000267028809,10.140000343322754,10.220000267028809,2351200,0.0,0.0
2023-06-09 00:00:00-04:00,10.220000267028809,10.220000267028809,10.1899995803833,10.220000267028809,912200,0.0,0.0
2023-06-12 00:00:00-04:00,10.220000267028809,10.220000267028809,10.210000038146973,10.21500015258789,16000,0.0,0.0
2023-06-13 00:00:00-04:00,10.210000038146973,10.220000267028809,10.210000038146973,10.220000267028809,122000,0.0,0.0
2023-06-14 00:00:00-04:00,10.220000267028809,10.220000267028809,10.1899995803833,10.1899995803833,415300,0.0,0.0
2023-06-15 00:00:00-04:00,10.180000305175781,10.199999809265137,10.170000076293945,10.194999694824219,148200,0.0,0.0
2023-06-16 00:00:00-04:00,10.210000038146973,10.210000038146973,10.149999618530273,10.15999984741211,1643200,0.0,0.0
2023-06-20 00:00:00-04:00,10.180000305175781,10.199999809265137,10.180000305175781,10.194999694824219,16900,0.0,0.0
2023-06-21 00:00:00-04:00,10.1899995803833,10.199999809265137,10.1899995803833,10.199999809265137,6400,0.0,0.0
2023-06-22 00:00:00-04:00,10.1899995803833,10.210000038146973,10.1899995803833,10.199999809265137,101000,0.0,0.0
2023-06-23 00:00:00-04:00,10.149999618530273,10.199999809265137,10.149999618530273,10.1899995803833,72600,0.0,0.0
2023-06-26 00:00:00-04:00,10.199999809265137,10.199999809265137,10.1899995803833,10.194999694824219,21700,0.0,0.0
2023-06-27 00:00:00-04:00,10.199999809265137,10.199999809265137,10.1899995803833,10.1899995803833,5600,0.0,0.0
2023-06-28 00:00:00-04:00,10.1899995803833,10.199999809265137,10.1899995803833,10.1899995803833,140500,0.0,0.0
2023-06-29 00:00:00-04:00,10.199999809265137,10.220000267028809,10.1899995803833,10.210000038146973,925800,0.0,0.0
2023-06-30 00:00:00-04:00,10.220000267028809,10.300000190734863,10.210000038146973,10.270000457763672,768900,0.0,0.0
2023-07-03 00:00:00-04:00,10.289999961853027,10.289999961853027,10.260000228881836,10.270000457763672,452700,0.0,0.0
2023-07-05 00:00:00-04:00,10.279999732971191,10.279999732971191,10.260000228881836,10.260000228881836,333300,0.0,0.0
2023-07-06 00:00:00-04:00,10.270000457763672,10.270000457763672,10.229999542236328,10.25,839300,0.0,0.0
2023-07-07 00:00:00-04:00,10.260000228881836,10.260000228881836,10.210000038146973,10.220000267028809,609400,0.0,0.0
2023-07-10 00:00:00-04:00,10.239999771118164,10.239999771118164,10.180000305175781,10.1899995803833,1787100,0.0,0.0
2023-07-11 00:00:00-04:00,10.199999809265137,10.199999809265137,10.170000076293945,10.180000305175781,975800,0.0,0.0
2023-07-12 00:00:00-04:00,10.1899995803833,10.220000267028809,10.170000076293945,10.1899995803833,438600,0.0,0.0
2023-07-13 00:00:00-04:00,10.199999809265137,10.199999809265137,10.170000076293945,10.1899995803833,396200,0.0,0.0
2023-07-14 00:00:00-04:00,9.850000381469727,9.9399995803833,9.25,9.829999923706055,348000,0.0,0.0
2023-07-17 00:00:00-04:00,10.050000190734863,10.28499984741211,9.619999885559082,10.25,1265000,0.0,0.0
2023-07-18 00:00:00-04:00,10.550000190734863,14.34000015258789,8.9399995803833,8.989999771118164,5123600,0.0,0.0
2023-07-19 00:00:00-04:00,9.65999984741211,16.31999969482422,9.149999618530273,13.890000343322754,16474800,0.0,0.0
2023-07-20 00:00:00-04:00,19.5,35.57500076293945,17.31999969482422,29.799999237060547,15948600,0.0,0.0
2023-07-21 00:00:00-04:00,29.790000915527344,31.100000381469727,20.030000686645508,21.110000610351562,6774700,0.0,0.0
2023-07-24 00:00:00-04:00,19.610000610351562,21.93000030517578,17.75,17.979999542236328,2686600,0.0,0.0
2023-07-25 00:00:00-04:00,17.690000534057617,17.84000015258789,14.119999885559082,14.65999984741211,2255700,0.0,0.0
2023-07-26 00:00:00-04:00,14.319999694824219,14.760000228881836,12.0600004196167,12.460000038146973,2219700,0.0,0.0
2023-07-27 00:00:00-04:00,13.270000457763672,15.5,12.460000038146973,13.5600004196167,3663900,0.0,0.0
2023-07-28 00:00:00-04:00,13.420000076293945,13.970000267028809,12.199999809265137,13.5600004196167,638000,0.0,0.0
2023-07-31 00:00:00-04:00,14.210000038146973,14.489999771118164,13.699999809265137,14.020000457763672,736700,0.0,0.0
2023-08-01 00:00:00-04:00,13.649999618530273,13.960000038146973,12.520000457763672,12.680000305175781,567900,0.0,0.0
2023-08-02 00:00:00-04:00,12.510000228881836,13.0,11.050000190734863,11.369999885559082,484100,0.0,0.0
2023-08-03 00:00:00-04:00,11.3100004196167,11.8100004196167,11.039999961853027,11.239999771118164,379700,0.0,0.0
2023-08-04 00:00:00-04:00,11.0,11.329999923706055,10.0,10.359999656677246,473000,0.0,0.0
2023-08-07 00:00:00-04:00,10.34000015258789,10.649999618530273,10.119999885559082,10.640000343322754,218600,0.0,0.0
2023-08-08 00:00:00-04:00,10.430000305175781,12.270000457763672,10.380000114440918,11.630000114440918,1340000,0.0,0.0
2023-08-09 00:00:00-04:00,11.199999809265137,11.319999694824219,10.510000228881836,10.699999809265137,316900,0.0,0.0
2023-08-10 00:00:00-04:00,10.510000228881836,12.050000190734863,10.510000228881836,11.8100004196167,299500,0.0,0.0
2023-08-11 00:00:00-04:00,11.569999694824219,12.300000190734863,11.260000228881836,11.449999809265137,230000,0.0,0.0
2023-08-14 00:00:00-04:00,11.359999656677246,11.600000381469727,11.0600004196167,11.5,139900,0.0,0.0
2023-08-15 00:00:00-04:00,11.399999618530273,12.170000076293945,11.180000305175781,11.989999771118164,153500,0.0,0.0
2023-08-16 00:00:00-04:00,11.819999694824219,11.899999618530273,11.5600004196167,11.579999923706055,105000,0.0,0.0
2023-08-17 00:00:00-04:00,11.5600004196167,12.479999542236328,11.5,12.149999618530273,286700,0.0,0.0
2023-08-18 00:00:00-04:00,12.479999542236328,12.479999542236328,11.619999885559082,11.8100004196167,186100,0.0,0.0
2023-08-21 00:00:00-04:00,11.75,11.989999771118164,10.789999961853027,10.859999656677246,238900,0.0,0.0
2023-08-22 00:00:00-04:00,10.84000015258789,11.260000228881836,10.710000038146973,11.199999809265137,180100,0.0,0.0
2023-08-23 00:00:00-04:00,11.010000228881836,12.229999542236328,11.0,12.15999984741211,169100,0.0,0.0
2023-08-24 00:00:00-04:00,12.119999885559082,12.119999885559082,11.279999732971191,11.829999923706055,84200,0.0,0.0
2023-08-25 00:00:00-04:00,11.630000114440918,11.630000114440918,11.239999771118164,11.5600004196167,91300,0.0,0.0
2023-08-28 00:00:00-04:00,11.300000190734863,11.779999732971191,11.300000190734863,11.539999961853027,172900,0.0,0.0
2023-08-29 00:00:00-04:00,11.5600004196167,11.84000015258789,11.399999618530273,11.489999771118164,72900,0.0,0.0
2023-08-30 00:00:00-04:00,11.4399995803833,11.819999694824219,11.25,11.649999618530273,91400,0.0,0.0
2023-08-31 00:00:00-04:00,11.850000381469727,11.989999771118164,11.430000305175781,11.649999618530273,134300,0.0,0.0
2023-09-01 00:00:00-04:00,11.649999618530273,12.5,11.649999618530273,12.260000228881836,368600,0.0,0.0
2023-09-05 00:00:00-04:00,12.0600004196167,12.649999618530273,11.399999618530273,11.399999618530273,209700,0.0,0.0
2023-09-06 00:00:00-04:00,11.399999618530273,11.890000343322754,11.270000457763672,11.600000381469727,103400,0.0,0.0
2023-09-07 00:00:00-04:00,11.300000190734863,12.109999656677246,11.300000190734863,11.90999984741211,126300,0.0,0.0
2023-09-08 00:00:00-04:00,11.890000343322754,12.09000015258789,11.699999809265137,11.859999656677246,69000,0.0,0.0
2023-09-11 00:00:00-04:00,11.819999694824219,12.119999885559082,11.649999618530273,11.699999809265137,80600,0.0,0.0
2023-09-12 00:00:00-04:00,11.550000190734863,12.029999732971191,11.550000190734863,11.789999961853027,76600,0.0,0.0
2023-09-13 00:00:00-04:00,11.770000457763672,12.100000381469727,11.75,11.8100004196167,77600,0.0,0.0
2023-09-14 00:00:00-04:00,11.75,11.970000267028809,11.520000457763672,11.670000076293945,85500,0.0,0.0
2023-09-15 00:00:00-04:00,11.739999771118164,11.859999656677246,11.0,11.619999885559082,892700,0.0,0.0
2023-09-18 00:00:00-04:00,11.390000343322754,11.399999618530273,10.890000343322754,11.199999809265137,118200,0.0,0.0
2023-09-19 00:00:00-04:00,11.229999542236328,11.430000305175781,10.960000038146973,11.25,71300,0.0,0.0
2023-09-20 00:00:00-04:00,11.350000381469727,11.399999618530273,11.119999885559082,11.210000038146973,26100,0.0,0.0
2023-09-21 00:00:00-04:00,11.029999732971191,11.399999618530273,10.835000038146973,11.0,58800,0.0,0.0
2023-09-22 00:00:00-04:00,10.899999618530273,11.045000076293945,10.600000381469727,10.710000038146973,52600,0.0,0.0
2023-09-25 00:00:00-04:00,10.59000015258789,10.729999542236328,10.109999656677246,10.119999885559082,114500,0.0,0.0
2023-09-26 00:00:00-04:00,10.0,10.449999809265137,9.460000038146973,9.609999656677246,169600,0.0,0.0
2023-09-27 00:00:00-04:00,9.619999885559082,9.880000114440918,9.369999885559082,9.649999618530273,50900,0.0,0.0
2023-09-28 00:00:00-04:00,9.5,9.739999771118164,9.430000305175781,9.510000228881836,59600,0.0,0.0
2023-09-29 00:00:00-04:00,9.449999809265137,9.630000114440918,9.0,9.079999923706055,114900,0.0,0.0
2023-10-02 00:00:00-04:00,9.420000076293945,9.420000076293945,8.5,8.5600004196167,94400,0.0,0.0
2023-10-03 00:00:00-04:00,8.5,8.5,7.863999843597412,8.449999809265137,140800,0.0,0.0
2023-10-04 00:00:00-04:00,8.380000114440918,8.449999809265137,7.88100004196167,8.449999809265137,70100,0.0,0.0
2023-10-05 00:00:00-04:00,8.4399995803833,8.46500015258789,8.050000190734863,8.210000038146973,60800,0.0,0.0
2023-10-06 00:00:00-04:00,8.09000015258789,8.217000007629395,7.940000057220459,8.109999656677246,91300,0.0,0.0
2023-10-09 00:00:00-04:00,8.0,8.149999618530273,7.199999809265137,7.239999771118164,133700,0.0,0.0
2023-10-10 00:00:00-04:00,7.130000114440918,7.2270002365112305,6.190000057220459,6.300000190734863,265400,0.0,0.0
2023-10-11 00:00:00-04:00,6.300000190734863,6.414000034332275,5.050000190734863,5.059999942779541,313700,0.0,0.0
2023-10-12 00:00:00-04:00,5.210000038146973,5.315999984741211,4.300000190734863,4.550000190734863,223100,0.0,0.0
2023-10-13 00:00:00-04:00,4.809999942779541,6.110000133514404,4.800000190734863,5.849999904632568,1032800,0.0,0.0
2023-10-16 00:00:00-04:00,6.21999979019165,6.230000019073486,5.710000038146973,6.070000171661377,220100,0.0,0.0
2023-10-17 00:00:00-04:00,6.170000076293945,6.449999809265137,6.070000171661377,6.190000057220459,215600,0.0,0.0
2023-10-18 00:00:00-04:00,6.239999771118164,6.239999771118164,5.550000190734863,5.630000114440918,152000,0.0,0.0
2023-10-19 00:00:00-04:00,5.659999847412109,6.076000213623047,5.659999847412109,5.849999904632568,140300,0.0,0.0
2023-10-20 00:00:00-04:00,5.900000095367432,5.900000095367432,5.400000095367432,5.579999923706055,145400,0.0,0.0
2023-10-23 00:00:00-04:00,5.599999904632568,5.96999979019165,5.5,5.929999828338623,72200,0.0,0.0
2023-10-24 00:00:00-04:00,6.5,6.540999889373779,5.789999961853027,5.849999904632568,157800,0.0,0.0
2023-10-25 00:00:00-04:00,6.21999979019165,6.610000133514404,6.0,6.380000114440918,341100,0.0,0.0
2023-10-26 00:00:00-04:00,6.699999809265137,6.699999809265137,6.260000228881836,6.409999847412109,189400,0.0,0.0
2023-10-27 00:00:00-04:00,6.389999866485596,6.46999979019165,6.039999961853027,6.449999809265137,111100,0.0,0.0
2023-10-30 00:00:00-04:00,6.460000038146973,6.619999885559082,6.03000020980835,6.119999885559082,106300,0.0,0.0
2023-10-31 00:00:00-04:00,5.96999979019165,6.190000057220459,5.829999923706055,5.920000076293945,71900,0.0,0.0
2023-11-01 00:00:00-04:00,6.0,6.230000019073486,5.96999979019165,6.099999904632568,90800,0.0,0.0
2023-11-02 00:00:00-04:00,6.340000152587891,6.420000076293945,6.050000190734863,6.269999980926514,170100,0.0,0.0
2023-11-03 00:00:00-04:00,6.329999923706055,6.889999866485596,6.329999923706055,6.570000171661377,147500,0.0,0.0
2023-11-06 00:00:00-05:00,6.860000133514404,6.920000076293945,6.5,6.650000095367432,172700,0.0,0.0
2023-11-07 00:00:00-05:00,6.659999847412109,6.840000152587891,6.380000114440918,6.46999979019165,180500,0.0,0.0
2023-11-08 00:00:00-05:00,6.5,6.989999771118164,6.494999885559082,6.900000095367432,785300,0.0,0.0
2023-11-09 00:00:00-05:00,6.869999885559082,6.920000076293945,6.269999980926514,6.320000171661377,181800,0.0,0.0
2023-11-10 00:00:00-05:00,6.239999771118164,6.650000095367432,6.21999979019165,6.550000190734863,107700,0.0,0.0
2023-11-13 00:00:00-05:00,6.599999904632568,6.840000152587891,6.394999980926514,6.78000020980835,98100,0.0,0.0
2023-11-14 00:00:00-05:00,6.760000228881836,7.010000228881836,6.460000038146973,6.460000038146973,214100,0.0,0.0
2023-11-15 00:00:00-05:00,6.579999923706055,6.599999904632568,5.760000228881836,5.920000076293945,248700,0.0,0.0
2023-11-16 00:00:00-05:00,5.809999942779541,6.070000171661377,5.809999942779541,6.039999961853027,62900,0.0,0.0
2023-11-17 00:00:00-05:00,5.960000038146973,6.120999813079834,5.760000228881836,5.789999961853027,132000,0.0,0.0
2023-11-20 00:00:00-05:00,5.789999961853027,5.849999904632568,5.309999942779541,5.349999904632568,206600,0.0,0.0
2023-11-21 00:00:00-05:00,5.269999980926514,5.389999866485596,5.070000171661377,5.360000133514404,121400,0.0,0.0
2023-11-22 00:00:00-05:00,5.519999980926514,5.639999866485596,5.256999969482422,5.420000076293945,93600,0.0,0.0
2023-11-24 00:00:00-05:00,5.420000076293945,5.800000190734863,5.349999904632568,5.730000019073486,53200,0.0,0.0
2023-11-27 00:00:00-05:00,5.670000076293945,5.809999942779541,5.590000152587891,5.679999828338623,87400,0.0,0.0
2023-11-28 00:00:00-05:00,5.710000038146973,6.03000020980835,5.460000038146973,5.980000019073486,128400,0.0,0.0
2023-11-29 00:00:00-05:00,6.079999923706055,6.119999885559082,5.699999809265137,5.760000228881836,91700,0.0,0.0
2023-11-30 00:00:00-05:00,5.960000038146973,5.960000038146973,5.53000020980835,5.710000038146973,73800,0.0,0.0
2023-12-01 00:00:00-05:00,5.679999828338623,6.099999904632568,5.5,6.0,192800,0.0,0.0
2023-12-04 00:00:00-05:00,6.0,6.559999942779541,6.0,6.179999828338623,155600,0.0,0.0
2023-12-05 00:00:00-05:00,6.150000095367432,6.236000061035156,5.599999904632568,5.769999980926514,159000,0.0,0.0
2023-12-06 00:00:00-05:00,5.809999942779541,5.929999828338623,5.449999809265137,5.579999923706055,107500,0.0,0.0
2023-12-07 00:00:00-05:00,5.650000095367432,5.71999979019165,5.300000190734863,5.360000133514404,85200,0.0,0.0
2023-12-08 00:00:00-05:00,5.389999866485596,5.389999866485596,4.914999961853027,5.210000038146973,172400,0.0,0.0
2023-12-11 00:00:00-05:00,5.28000020980835,5.400000095367432,5.0,5.179999828338623,217200,0.0,0.0
2023-12-12 00:00:00-05:00,5.070000171661377,5.150000095367432,4.699999809265137,4.909999847412109,160800,0.0,0.0
2023-12-13 00:00:00-05:00,4.800000190734863,4.960000038146973,4.619999885559082,4.760000228881836,153600,0.0,0.0
2023-12-14 00:00:00-05:00,5.0,5.645999908447266,5.0,5.300000190734863,221000,0.0,0.0
2023-12-15 00:00:00-05:00,5.25,5.363999843597412,5.070000171661377,5.190000057220459,98700,0.0,0.0
2023-12-18 00:00:00-05:00,5.21999979019165,5.340000152587891,5.070000171661377,5.110000133514404,77500,0.0,0.0
2023-12-19 00:00:00-05:00,5.059999942779541,5.380000114440918,4.900000095367432,5.340000152587891,272200,0.0,0.0
2023-12-20 00:00:00-05:00,5.210000038146973,5.949999809265137,5.199999809265137,5.400000095367432,160400,0.0,0.0
2023-12-21 00:00:00-05:00,5.369999885559082,5.550000190734863,5.317999839782715,5.409999847412109,63600,0.0,0.0
2023-12-22 00:00:00-05:00,5.440000057220459,5.760000228881836,5.439000129699707,5.570000171661377,103100,0.0,0.0
2023-12-26 00:00:00-05:00,5.679999828338623,5.679999828338623,5.380000114440918,5.590000152587891,71400,0.0,0.0
2023-12-27 00:00:00-05:00,5.599999904632568,5.75,5.53000020980835,5.670000076293945,71400,0.0,0.0
2023-12-28 00:00:00-05:00,5.679999828338623,5.679999828338623,5.300000190734863,5.380000114440918,96500,0.0,0.0
2023-12-29 00:00:00-05:00,5.489999771118164,5.5,5.150000095367432,5.239999771118164,112200,0.0,0.0
2024-01-02 00:00:00-05:00,5.119999885559082,5.119999885559082,4.849999904632568,5.070000171661377,103500,0.0,0.0
2024-01-03 00:00:00-05:00,5.0,5.110000133514404,4.869999885559082,5.059999942779541,71900,0.0,0.0
2024-01-04 00:00:00-05:00,5.0,5.190000057220459,4.909999847412109,4.909999847412109,55200,0.0,0.0
2024-01-05 00:00:00-05:00,5.0,5.119999885559082,4.910999774932861,5.03000020980835,74200,0.0,0.0
2024-01-08 00:00:00-05:00,4.940000057220459,5.110000133514404,4.794000148773193,5.03000020980835,124600,0.0,0.0
2024-01-09 00:00:00-05:00,5.119999885559082,5.25,5.0,5.090000152587891,57600,0.0,0.0
2024-01-10 00:00:00-05:00,5.090000152587891,5.199999809265137,5.050000190734863,5.119999885559082,57200,0.0,0.0
2024-01-11 00:00:00-05:00,5.019999980926514,5.190000057220459,4.849999904632568,4.96999979019165,159300,0.0,0.0
2024-01-12 00:00:00-05:00,4.920000076293945,5.119999885559082,4.920000076293945,5.110000133514404,116400,0.0,0.0
2024-01-16 00:00:00-05:00,5.010000228881836,5.71999979019165,5.010000228881836,5.420000076293945,793200,0.0,0.0
2024-01-17 00:00:00-05:00,5.369999885559082,5.539999961853027,4.909999847412109,5.010000228881836,514100,0.0,0.0
2024-01-18 00:00:00-05:00,5.170000076293945,5.28000020980835,5.0970001220703125,5.150000095367432,155800,0.0,0.0
2024-01-19 00:00:00-05:00,5.269999980926514,5.269999980926514,4.96999979019165,5.090000152587891,122900,0.0,0.0
2024-01-22 00:00:00-05:00,5.070000171661377,6.670000076293945,5.070000171661377,6.340000152587891,1272700,0.0,0.0
2024-01-23 00:00:00-05:00,6.260000228881836,6.820000171661377,5.53000020980835,6.320000171661377,806900,0.0,0.0
2024-01-24 00:00:00-05:00,5.96999979019165,6.119999885559082,5.849999904632568,6.050000190734863,317200,0.0,0.0
2024-01-25 00:00:00-05:00,5.809999942779541,6.260000228881836,5.400000095367432,5.460000038146973,245800,0.0,0.0
2024-01-26 00:00:00-05:00,5.429999828338623,5.889999866485596,5.309999942779541,5.389999866485596,188800,0.0,0.0
2024-01-29 00:00:00-05:00,5.400000095367432,5.408999919891357,5.159999847412109,5.28000020980835,98000,0.0,0.0
2024-01-30 00:00:00-05:00,5.340000152587891,5.510000228881836,4.929999828338623,5.039999961853027,302300,0.0,0.0
2024-01-31 00:00:00-05:00,5.099999904632568,5.119999885559082,4.822999954223633,4.96999979019165,232000,0.0,0.0
2024-02-01 00:00:00-05:00,4.960000038146973,5.054999828338623,4.849999904632568,4.889999866485596,165800,0.0,0.0
2024-02-02 00:00:00-05:00,4.960000038146973,5.0,4.730000019073486,4.880000114440918,93200,0.0,0.0
2024-02-05 00:00:00-05:00,4.849999904632568,4.929999828338623,4.710000038146973,4.900000095367432,175100,0.0,0.0
2024-02-06 00:00:00-05:00,4.920000076293945,4.920000076293945,4.730000019073486,4.869999885559082,115000,0.0,0.0
2024-02-07 00:00:00-05:00,4.820000171661377,4.829999923706055,4.519999980926514,4.570000171661377,244700,0.0,0.0
2024-02-08 00:00:00-05:00,4.5,4.670000076293945,4.400000095367432,4.570000171661377,152300,0.0,0.0
2024-02-09 00:00:00-05:00,4.46999979019165,4.650000095367432,4.360000133514404,4.619999885559082,94700,0.0,0.0
2024-02-12 00:00:00-05:00,4.639999866485596,4.940000057220459,4.622000217437744,4.769999980926514,103800,0.0,0.0
2024-02-13 00:00:00-05:00,4.809999942779541,4.889999866485596,4.659999847412109,4.75,83700,0.0,0.0
2024-02-14 00:00:00-05:00,4.800000190734863,4.900000095367432,4.730000019073486,4.75,103600,0.0,0.0
2024-02-15 00:00:00-05:00,4.900000095367432,4.929999828338623,4.699999809265137,4.739999771118164,230600,0.0,0.0
2024-02-16 00:00:00-05:00,4.710000038146973,4.849999904632568,4.550000190734863,4.650000095367432,148300,0.0,0.0
2024-02-20 00:00:00-05:00,4.599999904632568,4.763000011444092,4.550000190734863,4.619999885559082,85900,0.0,0.0
2024-02-21 00:00:00-05:00,4.699999809265137,4.769999980926514,4.599999904632568,4.75,85300,0.0,0.0
2024-02-22 00:00:00-05:00,4.75,4.78000020980835,4.510000228881836,4.510000228881836,82900,0.0,0.0
2024-02-23 00:00:00-05:00,4.5,4.760000228881836,4.5,4.590000152587891,53400,0.0,0.0
2024-02-26 00:00:00-05:00,4.690000057220459,4.699999809265137,4.5,4.650000095367432,96400,0.0,0.0
2024-02-27 00:00:00-05:00,4.570000171661377,4.650000095367432,4.519999980926514,4.579999923706055,69000,0.0,0.0
2024-02-28 00:00:00-05:00,4.570000171661377,4.679999828338623,4.5,4.559999942779541,90600,0.0,0.0
2024-02-29 00:00:00-05:00,4.510000228881836,4.690000057220459,4.510000228881836,4.679999828338623,54600,0.0,0.0
2024-03-01 00:00:00-05:00,4.550000190734863,4.71999979019165,4.550000190734863,4.659999847412109,109000,0.0,0.0
2024-03-04 00:00:00-05:00,4.699999809265137,4.744999885559082,4.313000202178955,4.599999904632568,258000,0.0,0.0
2024-03-05 00:00:00-05:00,4.5,4.599999904632568,4.389999866485596,4.539999961853027,72000,0.0,0.0
2024-03-06 00:00:00-05:00,4.650000095367432,4.650000095367432,4.310999870300293,4.570000171661377,85800,0.0,0.0
2024-03-07 00:00:00-05:00,4.46999979019165,4.800000190734863,4.46999979019165,4.760000228881836,93900,0.0,0.0
2024-03-08 00:00:00-05:00,4.800000190734863,4.809999942779541,4.610000133514404,4.690000057220459,43600,0.0,0.0
2024-03-11 00:00:00-04:00,4.690000057220459,4.889999866485596,4.619999885559082,4.659999847412109,87200,0.0,0.0
2024-03-12 00:00:00-04:00,4.699999809265137,4.880000114440918,4.690000057220459,4.860000133514404,74100,0.0,0.0
2024-03-13 00:00:00-04:00,4.949999809265137,4.949999809265137,4.820000171661377,4.840000152587891,155300,0.0,0.0
2024-03-14 00:00:00-04:00,4.989999771118164,5.03000020980835,4.400000095367432,4.659999847412109,373200,0.0,0.0
2024-03-15 00:00:00-04:00,4.889999866485596,4.889999866485596,4.53000020980835,4.650000095367432,140400,0.0,0.0
2024-03-18 00:00:00-04:00,4.679999828338623,5.09499979019165,4.559999942779541,4.929999828338623,103100,0.0,0.0
2024-03-19 00:00:00-04:00,5.0,5.139999866485596,4.889999866485596,4.889999866485596,114400,0.0,0.0
2024-03-20 00:00:00-04:00,4.909999847412109,5.139999866485596,4.880000114440918,5.0,144000,0.0,0.0
2024-03-21 00:00:00-04:00,4.889999866485596,5.03000020980835,4.769999980926514,4.849999904632568,95500,0.0,0.0
2024-03-22 00:00:00-04:00,4.900000095367432,5.050000190734863,4.849999904632568,5.0,57200,0.0,0.0
2024-03-25 00:00:00-04:00,4.940000057220459,5.170000076293945,4.860000133514404,5.039999961853027,104000,0.0,0.0
2024-03-26 00:00:00-04:00,5.010000228881836,5.75,5.010000228881836,5.449999809265137,415700,0.0,0.0
2024-03-27 00:00:00-04:00,5.480000019073486,5.699999809265137,5.309999942779541,5.639999866485596,174300,0.0,0.0
2024-03-28 00:00:00-04:00,5.679999828338623,5.699999809265137,5.340000152587891,5.380000114440918,98900,0.0,0.0
2024-04-01 00:00:00-04:00,5.46999979019165,5.489999771118164,4.829999923706055,4.909999847412109,161300,0.0,0.0
2024-04-02 00:00:00-04:00,4.800000190734863,5.182000160217285,4.679999828338623,5.099999904632568,129300,0.0,0.0
2024-04-03 00:00:00-04:00,4.949999809265137,5.150000095367432,4.909999847412109,4.960000038146973,50500,0.0,0.0
2024-04-04 00:00:00-04:00,4.909999847412109,5.099999904632568,4.710000038146973,4.829999923706055,104200,0.0,0.0
2024-04-05 00:00:00-04:00,4.860000133514404,4.947999954223633,4.752999782562256,4.800000190734863,39400,0.0,0.0
2024-04-08 00:00:00-04:00,4.920000076293945,4.96999979019165,4.78000020980835,4.869999885559082,42900,0.0,0.0
2024-04-09 00:00:00-04:00,4.800000190734863,5.090000152587891,4.730999946594238,4.960000038146973,56100,0.0,0.0
2024-04-10 00:00:00-04:00,4.900000095367432,4.960000038146973,4.71999979019165,4.739999771118164,37600,0.0,0.0
2024-04-11 00:00:00-04:00,4.869999885559082,4.960000038146973,4.570000171661377,4.659999847412109,83000,0.0,0.0
2024-04-12 00:00:00-04:00,4.559999942779541,4.650000095367432,4.400000095367432,4.53000020980835,87300,0.0,0.0
2024-04-15 00:00:00-04:00,4.510000228881836,4.619999885559082,4.360000133514404,4.53000020980835,70000,0.0,0.0
2024-04-16 00:00:00-04:00,4.519999980926514,4.559999942779541,4.09499979019165,4.139999866485596,131000,0.0,0.0
2024-04-17 00:00:00-04:00,4.170000076293945,4.320000171661377,3.9700000286102295,4.010000228881836,92700,0.0,0.0
2024-04-18 00:00:00-04:00,4.0,4.210000038146973,3.859999895095825,4.0,92600,0.0,0.0
2024-04-19 00:00:00-04:00,4.0,4.139999866485596,3.869999885559082,3.930000066757202,87900,0.0,0.0
2024-04-22 00:00:00-04:00,3.8499999046325684,3.940000057220459,3.6600000858306885,3.859999895095825,116600,0.0,0.0
2024-04-23 00:00:00-04:00,3.8399999141693115,4.159999847412109,3.8399999141693115,4.159999847412109,42800,0.0,0.0
2024-04-24 00:00:00-04:00,4.150000095367432,4.309999942779541,4.099999904632568,4.28000020980835,55600,0.0,0.0
2024-04-25 00:00:00-04:00,4.260000228881836,4.348999977111816,4.204999923706055,4.300000190734863,42500,0.0,0.0
2024-04-26 00:00:00-04:00,4.320000171661377,4.3460001945495605,4.039999961853027,4.050000190734863,42900,0.0,0.0
2024-04-29 00:00:00-04:00,4.139999866485596,4.199999809265137,4.060999870300293,4.199999809265137,50000,0.0,0.0
2024-04-30 00:00:00-04:00,4.199999809265137,4.21999979019165,4.03000020980835,4.139999866485596,40100,0.0,0.0
2024-05-01 00:00:00-04:00,4.119999885559082,4.21999979019165,4.039999961853027,4.059999942779541,80100,0.0,0.0
2024-05-02 00:00:00-04:00,4.03000020980835,4.070000171661377,3.9600000381469727,4.0,32100,0.0,0.0
2024-05-03 00:00:00-04:00,4.050000190734863,4.103000164031982,3.7799999713897705,4.010000228881836,97100,0.0,0.0
2024-05-06 00:00:00-04:00,4.0,4.360000133514404,4.0,4.079999923706055,83900,0.0,0.0
2024-05-07 00:00:00-04:00,4.070000171661377,4.179999828338623,3.9200000762939453,3.9800000190734863,35200,0.0,0.0
2024-05-08 00:00:00-04:00,4.010000228881836,4.010000228881836,3.871000051498413,3.990000009536743,38300,0.0,0.0
2024-05-09 00:00:00-04:00,4.0,4.150000095367432,3.9600000381469727,4.110000133514404,45400,0.0,0.0
2024-05-10 00:00:00-04:00,4.039999961853027,4.130000114440918,3.864000082015991,3.950000047683716,78700,0.0,0.0
2024-05-13 00:00:00-04:00,4.03000020980835,4.159999847412109,3.819999933242798,4.0,101900,0.0,0.0
2024-05-14 00:00:00-04:00,4.139999866485596,4.239999771118164,3.930000066757202,3.9600000381469727,163800,0.0,0.0
2024-05-15 00:00:00-04:00,3.9700000286102295,4.130000114440918,3.890000104904175,3.9700000286102295,134000,0.0,0.0
2024-05-16 00:00:00-04:00,4.0,4.03000020980835,3.759999990463257,3.9100000858306885,148100,0.0,0.0
2024-05-17 00:00:00-04:00,4.0,4.0,3.759999990463257,3.809999942779541,62000,0.0,0.0
2024-05-20 00:00:00-04:00,3.819999933242798,3.8970000743865967,3.549999952316284,3.7300000190734863,212700,0.0,0.0
2024-05-21 00:00:00-04:00,3.7100000381469727,3.7899999618530273,3.5999999046325684,3.740000009536743,103500,0.0,0.0
2024-05-22 00:00:00-04:00,3.740000009536743,3.799999952316284,3.5,3.6600000858306885,183700,0.0,0.0
2024-05-23 00:00:00-04:00,3.680000066757202,3.680000066757202,3.4000000953674316,3.5899999141693115,199400,0.0,0.0
2024-05-24 00:00:00-04:00,3.6600000858306885,3.6700000762939453,3.5859999656677246,3.6600000858306885,89200,0.0,0.0
2024-05-28 00:00:00-04:00,3.630000114440918,3.630000114440918,3.4800000190734863,3.5299999713897705,55400,0.0,0.0
2024-05-29 00:00:00-04:00,3.509999990463257,3.5799999237060547,3.2899999618530273,3.3299999237060547,81000,0.0,0.0
2024-05-30 00:00:00-04:00,3.3499999046325684,3.4700000286102295,3.3499999046325684,3.440000057220459,67800,0.0,0.0
2024-05-31 00:00:00-04:00,3.4200000762939453,3.5299999713897705,3.309999942779541,3.359999895095825,86800,0.0,0.0
2024-06-03 00:00:00-04:00,3.380000114440918,3.486999988555908,3.259999990463257,3.380000114440918,88000,0.0,0.0
2024-06-04 00:00:00-04:00,3.390000104904175,3.3980000019073486,3.0299999713897705,3.2300000190734863,135300,0.0,0.0
2024-06-05 00:00:00-04:00,3.2899999618530273,3.308000087738037,3.0999999046325684,3.2799999713897705,101400,0.0,0.0
2024-06-06 00:00:00-04:00,3.2799999713897705,3.2899999618530273,3.1700000762939453,3.2200000286102295,35600,0.0,0.0
2024-06-07 00:00:00-04:00,3.1700000762939453,3.450000047683716,3.1700000762939453,3.440000057220459,117100,0.0,0.0
2024-06-10 00:00:00-04:00,3.4200000762939453,3.4800000190734863,3.240000009536743,3.4000000953674316,45500,0.0,0.0
2024-06-11 00:00:00-04:00,3.299999952316284,3.630000114440918,3.299999952316284,3.609999895095825,35300,0.0,0.0
2024-06-12 00:00:00-04:00,3.5399999618530273,3.5899999141693115,3.4100000858306885,3.5,49000,0.0,0.0
2024-06-13 00:00:00-04:00,3.440000057220459,3.7149999141693115,3.309999942779541,3.4200000762939453,117700,0.0,0.0
2024-06-14 00:00:00-04:00,3.390000104904175,3.450000047683716,3.259999990463257,3.3299999237060547,43100,0.0,0.0
2024-06-17 00:00:00-04:00,3.359999895095825,3.509000062942505,3.319999933242798,3.380000114440918,171200,0.0,0.0
2024-06-18 00:00:00-04:00,3.450000047683716,3.450000047683716,3.109999895095825,3.109999895095825,76500,0.0,0.0
2024-06-20 00:00:00-04:00,3.2049999237060547,3.2799999713897705,3.0299999713897705,3.0799999237060547,60600,0.0,0.0
2024-06-21 00:00:00-04:00,3.059999942779541,3.140000104904175,2.864000082015991,3.0,162400,0.0,0.0
2024-06-24 00:00:00-04:00,3.0,3.6500000953674316,3.0,3.559999942779541,192200,0.0,0.0
2024-06-25 00:00:00-04:00,3.609999895095825,3.740000009536743,3.4200000762939453,3.690000057220459,90700,0.0,0.0
2024-06-26 00:00:00-04:00,3.7300000190734863,3.869999885559082,3.700000047683716,3.759999990463257,134400,0.0,0.0
2024-06-27 00:00:00-04:00,3.7799999713897705,4.076000213623047,3.75,4.039999961853027,107800,0.0,0.0
2024-06-28 00:00:00-04:00,4.099999904632568,4.119999885559082,3.609999895095825,3.7699999809265137,103300,0.0,0.0
2024-07-01 00:00:00-04:00,3.7899999618530273,3.825000047683716,3.609999895095825,3.619999885559082,32200,0.0,0.0
2024-07-02 00:00:00-04:00,3.559999942779541,3.640000104904175,3.4200000762939453,3.4800000190734863,46600,0.0,0.0
2024-07-03 00:00:00-04:00,3.4100000858306885,3.5899999141693115,3.4100000858306885,3.4200000762939453,32400,0.0,0.0
2024-07-05 00:00:00-04:00,3.3499999046325684,3.569999933242798,3.2699999809265137,3.490000009536743,49900,0.0,0.0
2024-07-08 00:00:00-04:00,3.5,3.6500000953674316,3.5,3.569999933242798,48100,0.0,0.0
2024-07-09 00:00:00-04:00,3.5799999237060547,3.799999952316284,3.5250000953674316,3.5999999046325684,49600,0.0,0.0
2024-07-10 00:00:00-04:00,3.609999895095825,3.990000009536743,3.609999895095825,3.809999942779541,55200,0.0,0.0
2024-07-11 00:00:00-04:00,3.8399999141693115,4.039999961853027,3.684999942779541,3.890000104904175,47100,0.0,0.0
2024-07-12 00:00:00-04:00,3.799999952316284,4.079999923706055,3.7699999809265137,3.930000066757202,29800,0.0,0.0
2024-07-15 00:00:00-04:00,4.340000152587891,4.400000095367432,3.809999942779541,3.930000066757202,186500,0.0,0.0
2024-07-16 00:00:00-04:00,3.880000114440918,4.0,3.8299999237060547,3.8299999237060547,43100,0.0,0.0
2024-07-17 00:00:00-04:00,3.819999933242798,3.933000087738037,3.690000057220459,3.759999990463257,54000,0.0,0.0
2024-07-18 00:00:00-04:00,3.7300000190734863,3.7829999923706055,3.569999933242798,3.640000104904175,64300,0.0,0.0
2024-07-19 00:00:00-04:00,3.5999999046325684,3.5999999046325684,3.190000057220459,3.25,215700,0.0,0.0
2024-07-22 00:00:00-04:00,3.3399999141693115,3.3499999046325684,3.0899999141693115,3.0999999046325684,192700,0.0,0.0
2024-07-23 00:00:00-04:00,3.200000047683716,3.200000047683716,2.9200000762939453,2.9200000762939453,214800,0.0,0.0
2024-07-24 00:00:00-04:00,2.9200000762939453,2.9600000381469727,2.6700000762939453,2.7899999618530273,388600,0.0,0.0
2024-07-25 00:00:00-04:00,2.799999952316284,2.9700000286102295,2.75,2.809999942779541,168700,0.0,0.0
2024-07-26 00:00:00-04:00,2.8399999141693115,2.8399999141693115,2.6600000858306885,2.7200000286102295,156300,0.0,0.0
2024-07-29 00:00:00-04:00,2.75,2.7799999713897705,2.640000104904175,2.700000047683716,63800,0.0,0.0
2024-07-30 00:00:00-04:00,2.680000066757202,2.700000047683716,2.569999933242798,2.640000104904175,115800,0.0,0.0
2024-07-31 00:00:00-04:00,2.6500000953674316,2.697999954223633,2.549999952316284,2.619999885559082,92300,0.0,0.0
2024-08-01 00:00:00-04:00,2.630000114440918,2.6600000858306885,2.4600000381469727,2.509999990463257,91600,0.0,0.0
2024-08-02 00:00:00-04:00,2.509999990463257,2.7699999809265137,2.509999990463257,2.700000047683716,152000,0.0,0.0
2024-08-05 00:00:00-04:00,2.4549999237060547,2.630000114440918,2.3589999675750732,2.5799999237060547,107900,0.0,0.0
2024-08-06 00:00:00-04:00,2.619999885559082,2.6700000762939453,2.509999990463257,2.569999933242798,51600,0.0,0.0
2024-08-07 00:00:00-04:00,2.559999942779541,2.6500000953674316,2.4600000381469727,2.5199999809265137,40700,0.0,0.0
2024-08-08 00:00:00-04:00,2.569999933242798,2.6700000762939453,2.5280001163482666,2.6500000953674316,46700,0.0,0.0
2024-08-09 00:00:00-04:00,2.700000047683716,2.7300000190734863,2.5999999046325684,2.690000057220459,71100,0.0,0.0
2024-08-12 00:00:00-04:00,2.75,2.75,2.6640000343322754,2.75,72200,0.0,0.0
2024-08-13 00:00:00-04:00,2.7200000286102295,2.75,2.6500000953674316,2.690000057220459,61000,0.0,0.0
2024-08-14 00:00:00-04:00,2.700000047683716,2.869999885559082,2.640000104904175,2.700000047683716,121800,0.0,0.0
2024-08-15 00:00:00-04:00,2.680000066757202,2.75,2.619999885559082,2.75,84400,0.0,0.0
2024-08-16 00:00:00-04:00,2.7100000381469727,2.799999952316284,2.6600000858306885,2.7300000190734863,116800,0.0,0.0
2024-08-19 00:00:00-04:00,2.7799999713897705,2.8399999141693115,2.690000057220459,2.8399999141693115,102000,0.0,0.0
2024-08-20 00:00:00-04:00,2.7899999618530273,2.8499999046325684,2.7300000190734863,2.7899999618530273,51900,0.0,0.0
2024-08-21 00:00:00-04:00,2.759999990463257,2.8499999046325684,2.690000057220459,2.7799999713897705,91800,0.0,0.0
2024-08-22 00:00:00-04:00,2.7899999618530273,2.8399999141693115,2.7200000286102295,2.8399999141693115,68600,0.0,0.0
2024-08-23 00:00:00-04:00,2.8299999237060547,2.8499999046325684,2.809999942779541,2.8399999141693115,42200,0.0,0.0
2024-08-26 00:00:00-04:00,2.8399999141693115,2.8399999141693115,2.690000057220459,2.7200000286102295,132500,0.0,0.0
2024-08-27 00:00:00-04:00,2.690000057220459,2.75,2.690000057220459,2.75,71900,0.0,0.0
2024-08-28 00:00:00-04:00,2.7899999618530273,2.7899999618530273,2.6500000953674316,2.680000066757202,116500,0.0,0.0
2024-08-29 00:00:00-04:00,2.690000057220459,2.759999990463257,2.5999999046325684,2.640000104904175,90900,0.0,0.0
2024-08-30 00:00:00-04:00,2.6700000762939453,2.690000057220459,2.609999895095825,2.690000057220459,37900,0.0,0.0
2024-09-03 00:00:00-04:00,2.640000104904175,2.690000057220459,2.559999942779541,2.640000104904175,88700,0.0,0.0
2024-09-04 00:00:00-04:00,2.640000104904175,2.7100000381469727,2.5980000495910645,2.700000047683716,49200,0.0,0.0
2024-09-05 00:00:00-04:00,2.700000047683716,2.700000047683716,2.619999885559082,2.640000104904175,26900,0.0,0.0
2024-09-06 00:00:00-04:00,2.6500000953674316,2.6549999713897705,2.559999942779541,2.5999999046325684,37800,0.0,0.0
2024-09-09 00:00:00-04:00,2.5899999141693115,2.640000104904175,2.569999933242798,2.619999885559082,31000,0.0,0.0
2024-09-10 00:00:00-04:00,2.569999933242798,2.700000047683716,2.569999933242798,2.700000047683716,71100,0.0,0.0
2024-09-11 00:00:00-04:00,2.700000047683716,2.75,2.640000104904175,2.75,61800,0.0,0.0
2024-09-12 00:00:00-04:00,2.7100000381469727,2.75,2.6500000953674316,2.75,34200,0.0,0.0
2024-09-13 00:00:00-04:00,2.740000009536743,2.799999952316284,2.700000047683716,2.7699999809265137,137600,0.0,0.0
2024-09-16 00:00:00-04:00,2.75,2.7799999713897705,2.690000057220459,2.700000047683716,24600,0.0,0.0
2024-09-17 00:00:00-04:00,2.7100000381469727,2.799999952316284,2.640000104904175,2.7300000190734863,40700,0.0,0.0
2024-09-18 00:00:00-04:00,2.740000009536743,2.740000009536743,2.5799999237060547,2.5799999237060547,77400,0.0,0.0
2024-09-19 00:00:00-04:00,2.5899999141693115,2.677000045776367,2.556999921798706,2.5899999141693115,84000,0.0,0.0
2024-09-20 00:00:00-04:00,2.5999999046325684,2.625,2.515000104904175,2.549999952316284,186800,0.0,0.0
2024-09-23 00:00:00-04:00,2.549999952316284,2.549999952316284,2.4149999618530273,2.4600000381469727,83000,0.0,0.0
2024-09-24 00:00:00-04:00,2.490000009536743,2.490000009536743,2.380000114440918,2.4000000953674316,62200,0.0,0.0
2024-09-25 00:00:00-04:00,2.369999885559082,2.440000057220459,2.369999885559082,2.4100000858306885,32500,0.0,0.0
2024-09-26 00:00:00-04:00,2.4100000858306885,2.4700000286102295,2.259999990463257,2.299999952316284,96500,0.0,0.0
2024-09-27 00:00:00-04:00,2.3299999237060547,2.5250000953674316,2.3299999237060547,2.509999990463257,45500,0.0,0.0
2024-09-30 00:00:00-04:00,2.509999990463257,2.5999999046325684,2.430000066757202,2.4600000381469727,41100,0.0,0.0
2024-10-01 00:00:00-04:00,2.4000000953674316,2.430000066757202,2.2799999713897705,2.319999933242798,54800,0.0,0.0
2024-10-02 00:00:00-04:00,2.359999895095825,2.390000104904175,2.25,2.299999952316284,55900,0.0,0.0
2024-10-03 00:00:00-04:00,2.299999952316284,2.378999948501587,2.2799999713897705,2.299999952316284,38200,0.0,0.0
2024-10-04 00:00:00-04:00,2.299999952316284,2.5,2.2799999713897705,2.4100000858306885,95500,0.0,0.0
2024-10-07 00:00:00-04:00,2.4200000762939453,2.4200000762939453,2.319999933242798,2.390000104904175,33400,0.0,0.0
2024-10-08 00:00:00-04:00,2.4000000953674316,2.450000047683716,2.359999895095825,2.430000066757202,29100,0.0,0.0
2024-10-09 00:00:00-04:00,2.4200000762939453,2.450000047683716,2.390000104904175,2.4200000762939453,27000,0.0,0.0
2024-10-10 00:00:00-04:00,2.390000104904175,2.5299999713897705,2.359999895095825,2.4700000286102295,42900,0.0,0.0
2024-10-11 00:00:00-04:00,2.430000066757202,2.5799999237060547,2.4200000762939453,2.4800000190734863,54200,0.0,0.0
2024-10-14 00:00:00-04:00,2.450000047683716,2.75,2.440000057220459,2.7100000381469727,172700,0.0,0.0
2024-10-15 00:00:00-04:00,2.6600000858306885,2.8499999046325684,2.619999885559082,2.640000104904175,145000,0.0,0.0
2024-10-16 00:00:00-04:00,2.619999885559082,2.6600000858306885,2.5799999237060547,2.630000114440918,78800,0.0,0.0
2024-10-17 00:00:00-04:00,2.619999885559082,2.700000047683716,2.619999885559082,2.700000047683716,53400,0.0,0.0
2024-10-18 00:00:00-04:00,2.6500000953674316,2.759999990463257,2.6500000953674316,2.740000009536743,57500,0.0,0.0
2024-10-21 00:00:00-04:00,2.75,2.75,2.694999933242798,2.75,40500,0.0,0.0
2024-10-22 00:00:00-04:00,2.700000047683716,3.0,2.700000047683716,2.819999933242798,472100,0.0,0.0
2024-10-23 00:00:00-04:00,2.7899999618530273,2.9000000953674316,2.6500000953674316,2.740000009536743,458600,0.0,0.0
2024-10-24 00:00:00-04:00,2.799999952316284,2.8299999237060547,2.6500000953674316,2.7300000190734863,85000,0.0,0.0
2024-10-25 00:00:00-04:00,2.700000047683716,2.819999933242798,2.640000104904175,2.6700000762939453,76800,0.0,0.0
2024-10-28 00:00:00-04:00,2.690000057220459,2.950000047683716,2.690000057220459,2.859999895095825,239700,0.0,0.0
2024-10-29 00:00:00-04:00,3.0,3.390000104904175,2.9800000190734863,3.299999952316284,1386700,0.0,0.0
2024-10-30 00:00:00-04:00,3.299999952316284,3.299999952316284,3.009999990463257,3.0999999046325684,256300,0.0,0.0
2024-10-31 00:00:00-04:00,3.0999999046325684,3.1500000953674316,3.009999990463257,3.0999999046325684,246200,0.0,0.0
2024-11-01 00:00:00-04:00,3.0999999046325684,3.1700000762939453,2.7699999809265137,2.799999952316284,255300,0.0,0.0
2024-11-04 00:00:00-05:00,2.8299999237060547,3.0,2.8010001182556152,2.990000009536743,195700,0.0,0.0
2024-11-05 00:00:00-05:00,3.0,3.0,2.868000030517578,2.9800000190734863,235500,0.0,0.0
2024-11-06 00:00:00-05:00,3.1500000953674316,3.200000047683716,2.9100000858306885,3.0,764200,0.0,0.0
2024-11-07 00:00:00-05:00,2.950000047683716,3.11899995803833,2.9100000858306885,2.940000057220459,144200,0.0,0.0
2024-11-08 00:00:00-05:00,2.940000057220459,3.0,2.8310000896453857,2.930000066757202,236100,0.0,0.0
2024-11-11 00:00:00-05:00,3.0,3.0,2.822999954223633,2.9100000858306885,162200,0.0,0.0
2024-11-12 00:00:00-05:00,2.8499999046325684,2.940000057220459,2.7699999809265137,2.9000000953674316,177100,0.0,0.0
2024-11-13 00:00:00-05:00,2.8299999237060547,2.871999979019165,2.5399999618530273,2.549999952316284,416600,0.0,0.0
2024-11-14 00:00:00-05:00,2.5299999713897705,2.549999952316284,2.4549999237060547,2.4600000381469727,129700,0.0,0.0
2024-11-15 00:00:00-05:00,2.4700000286102295,2.4700000286102295,2.2339999675750732,2.319999933242798,505700,0.0,0.0
2024-11-18 00:00:00-05:00,2.109999895095825,2.1600000858306885,2.0,2.009999990463257,591600,0.0,0.0
2024-11-19 00:00:00-05:00,2.059999942779541,2.4700000286102295,2.059999942779541,2.2799999713897705,621800,0.0,0.0
2024-11-20 00:00:00-05:00,2.25,2.299999952316284,2.1549999713897705,2.200000047683716,226100,0.0,0.0
2024-11-21 00:00:00-05:00,2.200000047683716,2.2200000286102295,2.1679999828338623,2.190000057220459,98100,0.0,0.0
2024-11-22 00:00:00-05:00,2.200000047683716,2.200000047683716,2.119999885559082,2.140000104904175,158700,0.0,0.0
2024-11-25 00:00:00-05:00,2.119999885559082,2.200000047683716,2.0899999141693115,2.0999999046325684,122900,0.0,0.0
2024-11-26 00:00:00-05:00,2.0999999046325684,2.190000057220459,2.0,2.0199999809265137,191700,0.0,0.0
2024-11-27 00:00:00-05:00,2.0799999237060547,2.240000009536743,2.0399999618530273,2.0799999237060547,382800,0.0,0.0
2024-11-29 00:00:00-05:00,2.109999895095825,2.109999895095825,2.0,2.0399999618530273,166300,0.0,0.0
2024-12-02 00:00:00-05:00,2.049999952316284,2.1500000953674316,2.049999952316284,2.059999942779541,243000,0.0,0.0
2024-12-03 00:00:00-05:00,4.389999866485596,7.769999980926514,3.5899999141693115,7.630000114440918,173162000,0.0,0.0
2024-12-04 00:00:00-05:00,5.179999828338623,5.690000057220459,4.550000190734863,4.75,28144000,0.0,0.0
2024-12-05 00:00:00-05:00,4.949999809265137,5.579999923706055,4.090000152587891,4.300000190734863,12985800,0.0,0.0
2024-12-06 00:00:00-05:00,4.210000038146973,4.440000057220459,3.809999942779541,4.019999980926514,5554000,0.0,0.0
2024-12-09 00:00:00-05:00,4.070000171661377,4.650000095367432,4.070000171661377,4.5,4136100,0.0,0.0
2024-12-10 00:00:00-05:00,4.400000095367432,4.71999979019165,4.170000076293945,4.210000038146973,2853300,0.0,0.0
2024-12-11 00:00:00-05:00,4.179999828338623,4.239999771118164,3.950000047683716,4.099999904632568,1856000,0.0,0.0
2024-12-12 00:00:00-05:00,4.099999904632568,4.409999847412109,3.809999942779541,4.130000114440918,1896700,0.0,0.0
2024-12-13 00:00:00-05:00,4.159999847412109,4.360000133514404,4.039999961853027,4.289999961853027,1384300,0.0,0.0
2024-12-16 00:00:00-05:00,4.400000095367432,4.760000228881836,4.179999828338623,4.230000019073486,2958600,0.0,0.0
2024-12-17 00:00:00-05:00,4.119999885559082,4.289999961853027,4.0,4.110000133514404,1554200,0.0,0.0
2024-12-18 00:00:00-05:00,4.130000114440918,4.289999961853027,3.799999952316284,3.8399999141693115,1498300,0.0,0.0
2024-12-19 00:00:00-05:00,3.880000114440918,3.9000000953674316,3.569999933242798,3.6500000953674316,1456100,0.0,0.0
2024-12-20 00:00:00-05:00,3.6700000762939453,3.9100000858306885,3.5199999809265137,3.8399999141693115,1456900,0.0,0.0
2024-12-23 00:00:00-05:00,3.869999885559082,3.890000104904175,3.5,3.799999952316284,1441600,0.0,0.0
2024-12-24 00:00:00-05:00,3.880000114440918,4.059999942779541,3.799999952316284,3.890000104904175,633900,0.0,0.0
2024-12-26 00:00:00-05:00,3.9800000190734863,4.840000152587891,3.8299999237060547,4.639999866485596,3914900,0.0,0.0
2024-12-27 00:00:00-05:00,4.71999979019165,5.179999828338623,4.380000114440918,4.989999771118164,4491700,0.0,0.0
2024-12-30 00:00:00-05:00,4.900000095367432,5.090000152587891,4.5,4.820000171661377,1979700,0.0,0.0
2024-12-31 00:00:00-05:00,4.860000133514404,4.949999809265137,4.519999980926514,4.539999961853027,1642100,0.0,0.0
2025-01-02 00:00:00-05:00,4.650000095367432,4.78000020980835,4.267000198364258,4.449999809265137,1219900,0.0,0.0
2025-01-03 00:00:00-05:00,4.559999942779541,4.690000057220459,4.320000171661377,4.619999885559082,1061600,0.0,0.0
2025-01-06 00:00:00-05:00,4.690000057220459,4.900000095367432,4.409999847412109,4.429999828338623,1600100,0.0,0.0
2025-01-07 00:00:00-05:00,4.440000057220459,4.440000057220459,4.0879998207092285,4.230000019073486,1404600,0.0,0.0
2025-01-08 00:00:00-05:00,4.050000190734863,4.139999866485596,3.875999927520752,4.050000190734863,1027000,0.0,0.0
2025-01-10 00:00:00-05:00,4.0,4.099999904632568,3.9000000953674316,3.9100000858306885,795500,0.0,0.0
2025-01-13 00:00:00-05:00,3.8499999046325684,4.03000020980835,3.630000114440918,3.940000057220459,1688900,0.0,0.0
2025-01-14 00:00:00-05:00,3.940000057220459,4.15500020980835,3.619999885559082,3.6600000858306885,1402900,0.0,0.0
2025-01-15 00:00:00-05:00,3.819999933242798,4.369999885559082,3.5799999237060547,4.130000114440918,2723600,0.0,0.0
2025-01-16 00:00:00-05:00,4.139999866485596,4.739999771118164,3.9600000381469727,4.579999923706055,2188300,0.0,0.0
2025-01-17 00:00:00-05:00,4.699999809265137,4.989999771118164,4.460000038146973,4.639999866485596,2198400,0.0,0.0
2025-01-21 00:00:00-05:00,4.699999809265137,4.989999771118164,4.269999980926514,4.710000038146973,2341000,0.0,0.0
2025-01-22 00:00:00-05:00,4.679999828338623,4.736000061035156,4.28000020980835,4.320000171661377,1635300,0.0,0.0
2025-01-23 00:00:00-05:00,4.269999980926514,4.440000057220459,4.119999885559082,4.360000133514404,1221800,0.0,0.0
2025-01-24 00:00:00-05:00,4.420000076293945,4.519999980926514,4.139999866485596,4.179999828338623,1128300,0.0,0.0
2025-01-27 00:00:00-05:00,4.099999904632568,4.179999828338623,3.7899999618530273,3.890000104904175,1335300,0.0,0.0
2025-01-28 00:00:00-05:00,3.9700000286102295,4.031000137329102,3.759999990463257,3.9700000286102295,951100,0.0,0.0
2025-01-29 00:00:00-05:00,4.010000228881836,4.065000057220459,3.869999885559082,3.9200000762939453,840800,0.0,0.0
2025-01-30 00:00:00-05:00,3.9100000858306885,3.990000009536743,3.759999990463257,3.940000057220459,826200,0.0,0.0
2025-01-31 00:00:00-05:00,3.9000000953674316,4.150000095367432,3.8399999141693115,3.950000047683716,946400,0.0,0.0
2025-02-03 00:00:00-05:00,3.799999952316284,3.9200000762939453,3.7100000381469727,3.7200000286102295,921800,0.0,0.0
2025-02-04 00:00:00-05:00,3.75,3.938999891281128,3.700000047683716,3.809999942779541,612800,0.0,0.0
2025-02-05 00:00:00-05:00,3.8399999141693115,3.88100004196167,3.759999990463257,3.7699999809265137,535200,0.0,0.0
2025-02-06 00:00:00-05:00,3.880000114440918,4.099999904632568,3.7070000171661377,3.950000047683716,1091100,0.0,0.0
2025-02-07 00:00:00-05:00,3.9800000190734863,4.099999904632568,3.8499999046325684,3.8499999046325684,753600,0.0,0.0
2025-02-10 00:00:00-05:00,4.0,4.159999847412109,3.890000104904175,3.9200000762939453,753300,0.0,0.0
2025-02-11 00:00:00-05:00,3.9000000953674316,4.010000228881836,3.7799999713897705,3.809999942779541,490900,0.0,0.0
2025-02-12 00:00:00-05:00,3.740000009536743,3.869999885559082,3.609999895095825,3.7699999809265137,867400,0.0,0.0
2025-02-13 00:00:00-05:00,3.7799999713897705,3.9600000381469727,3.75,3.859999895095825,729900,0.0,0.0
2025-02-14 00:00:00-05:00,3.8499999046325684,3.9700000286102295,3.5999999046325684,3.640000104904175,1335800,0.0,0.0
2025-02-18 00:00:00-05:00,3.5999999046325684,3.625,3.359999895095825,3.4100000858306885,1690700,0.0,0.0
2025-02-19 00:00:00-05:00,3.3499999046325684,3.440000057220459,3.259999990463257,3.309999942779541,1130100,0.0,0.0
2025-02-20 00:00:00-05:00,3.2899999618530273,3.2899999618530273,3.119999885559082,3.2100000381469727,659700,0.0,0.0
2025-02-21 00:00:00-05:00,3.2300000190734863,3.319999933242798,3.069999933242798,3.0999999046325684,896800,0.0,0.0
2025-02-24 00:00:00-05:00,3.0999999046325684,3.119999885559082,2.930000066757202,2.990000009536743,513400,0.0,0.0
2025-02-25 00:00:00-05:00,3.0399999618530273,3.0899999141693115,2.819999933242798,2.869999885559082,1071200,0.0,0.0
2025-02-26 00:00:00-05:00,2.869999885559082,2.9000000953674316,2.75,2.7699999809265137,1063100,0.0,0.0
2025-02-27 00:00:00-05:00,2.799999952316284,2.940000057220459,2.7049999237060547,2.7200000286102295,1178000,0.0,0.0
2025-02-28 00:00:00-05:00,2.690000057220459,2.7300000190734863,2.5999999046325684,2.6600000858306885,584200,0.0,0.0
2025-03-03 00:00:00-05:00,2.6600000858306885,2.7100000381469727,2.5299999713897705,2.569999933242798,624700,0.0,0.0
2025-03-04 00:00:00-05:00,2.5199999809265137,2.6500000953674316,2.450000047683716,2.569999933242798,716300,0.0,0.0
2025-03-05 00:00:00-05:00,2.5899999141693115,2.799999952316284,2.5899999141693115,2.7300000190734863,834200,0.0,0.0
2025-03-06 00:00:00-05:00,2.6700000762939453,2.7100000381469727,2.5850000381469727,2.609999895095825,321400,0.0,0.0
2025-03-07 00:00:00-05:00,2.609999895095825,2.755000114440918,2.565000057220459,2.700000047683716,368400,0.0,0.0
2025-03-10 00:00:00-04:00,2.6700000762939453,2.6989998817443848,2.4100000858306885,2.4600000381469727,702100,0.0,0.0
2025-03-11 00:00:00-04:00,2.4600000381469727,2.509999990463257,2.309999942779541,2.490000009536743,680800,0.0,0.0
2025-03-12 00:00:00-04:00,2.549999952316284,2.5899999141693115,2.4700000286102295,2.509999990463257,465100,0.0,0.0
2025-03-13 00:00:00-04:00,2.509999990463257,2.559999942779541,2.3550000190734863,2.359999895095825,774800,0.0,0.0
2025-03-14 00:00:00-04:00,2.3299999237060547,2.6700000762939453,2.2200000286102295,2.6500000953674316,1083800,0.0,0.0
2025-03-17 00:00:00-04:00,2.690000057220459,2.859999895095825,2.6600000858306885,2.7799999713897705,815400,0.0,0.0
2025-03-18 00:00:00-04:00,2.759999990463257,2.880000114440918,2.6700000762939453,2.8499999046325684,425300,0.0,0.0
2025-03-19 00:00:00-04:00,2.809999942779541,2.880000114440918,2.740000009536743,2.740000009536743,467900,0.0,0.0
2025-03-20 00:00:00-04:00,2.690000057220459,2.809999942779541,2.609999895095825,2.7100000381469727,374400,0.0,0.0
2025-03-21 00:00:00-04:00,2.640000104904175,2.7200000286102295,2.5799999237060547,2.6600000858306885,729700,0.0,0.0
2025-03-24 00:00:00-04:00,2.7300000190734863,2.7750000953674316,2.6649999618530273,2.7300000190734863,529500,0.0,0.0
2025-03-25 00:00:00-04:00,2.7200000286102295,2.7300000190734863,2.5,2.5,514100,0.0,0.0
2025-03-26 00:00:00-04:00,2.5,2.555000066757202,2.430000066757202,2.4800000190734863,434300,0.0,0.0
2025-03-27 00:00:00-04:00,2.430000066757202,2.490000009536743,2.380000114440918,2.4700000286102295,352600,0.0,0.0
2025-03-28 00:00:00-04:00,2.450000047683716,2.506999969482422,2.2699999809265137,2.3399999141693115,574700,0.0,0.0
2025-03-31 00:00:00-04:00,2.259999990463257,2.319999933242798,2.200000047683716,2.2899999618530273,674100,0.0,0.0
2025-04-01 00:00:00-04:00,2.309999942779541,2.3499999046325684,2.184999942779541,2.200000047683716,703000,0.0,0.0
2025-04-02 00:00:00-04:00,2.069999933242798,2.194999933242798,2.059999942779541,2.180000066757202,850100,0.0,0.0
2025-04-03 00:00:00-04:00,2.049999952316284,2.0899999141693115,1.9500000476837158,2.0,830200,0.0,0.0
2025-04-04 00:00:00-04:00,1.850000023841858,1.909999966621399,1.7999999523162842,1.8300000429153442,940000,0.0,0.0
2025-04-07 00:00:00-04:00,1.659999966621399,1.8700000047683716,1.6299999952316284,1.8200000524520874,987600,0.0,0.0
2025-04-08 00:00:00-04:00,1.9500000476837158,1.9800000190734863,1.7350000143051147,1.7599999904632568,810300,0.0,0.0
2025-04-09 00:00:00-04:00,1.75,2.009000062942505,1.7300000190734863,1.9700000286102295,1154400,0.0,0.0
2025-04-10 00:00:00-04:00,1.909999966621399,1.9299999475479126,1.7699999809265137,1.809999942779541,463700,0.0,0.0
2025-04-11 00:00:00-04:00,1.840000033378601,1.850000023841858,1.7400000095367432,1.809999942779541,564700,0.0,0.0
2025-04-14 00:00:00-04:00,1.8700000047683716,1.8700000047683716,1.7400000095367432,1.75,379900,0.0,0.0
2025-04-15 00:00:00-04:00,1.7400000095367432,1.809999942779541,1.7300000190734863,1.809999942779541,376200,0.0,0.0
2025-04-16 00:00:00-04:00,1.7999999523162842,1.850000023841858,1.7799999713897705,1.8300000429153442,686800,0.0,0.0
2025-04-17 00:00:00-04:00,1.840000033378601,1.850000023841858,1.7699999809265137,1.840000033378601,335200,0.0,0.0
2025-04-21 00:00:00-04:00,1.840000033378601,1.899999976158142,1.809999942779541,1.850000023841858,335100,0.0,0.0
2025-04-22 00:00:00-04:00,1.8700000047683716,1.899999976158142,1.7999999523162842,1.8799999952316284,363900,0.0,0.0
2025-04-23 00:00:00-04:00,1.9600000381469727,2.109999895095825,1.9450000524520874,1.9700000286102295,586900,0.0,0.0
2025-04-24 00:00:00-04:00,2.0,2.130000114440918,1.9299999475479126,2.0999999046325684,933400,0.0,0.0
2025-04-25 00:00:00-04:00,2.130000114440918,2.130000114440918,2.0,2.0299999713897705,464000,0.0,0.0
2025-04-28 00:00:00-04:00,2.0199999809265137,2.049999952316284,1.7999999523162842,1.899999976158142,1048400,0.0,0.0
2025-04-29 00:00:00-04:00,1.9299999475479126,1.9579999446868896,1.8300000429153442,1.8600000143051147,543300,0.0,0.0
2025-04-30 00:00:00-04:00,1.8200000524520874,1.8700000047683716,1.7599999904632568,1.8700000047683716,553000,0.0,0.0
2025-05-01 00:00:00-04:00,1.9199999570846558,1.9199999570846558,1.7699999809265137,1.7999999523162842,546200,0.0,0.0
2025-05-02 00:00:00-04:00,1.8300000429153442,1.8799999952316284,1.7799999713897705,1.8300000429153442,664900,0.0,0.0
2025-05-05 00:00:00-04:00,1.7999999523162842,1.8300000429153442,1.7300000190734863,1.7599999904632568,655300,0.0,0.0
2025-05-06 00:00:00-04:00,1.7300000190734863,1.7599999904632568,1.7100000381469727,1.7300000190734863,651500,0.0,0.0
2025-05-07 00:00:00-04:00,1.75,1.8200000524520874,1.7200000286102295,1.809999942779541,500400,0.0,0.0
2025-05-08 00:00:00-04:00,1.809999942779541,1.9550000429153442,1.7899999618530273,1.940000057220459,1219100,0.0,0.0
2025-05-09 00:00:00-04:00,1.7999999523162842,2.2950000762939453,1.7999999523162842,2.0899999141693115,1619900,0.0,0.0
2025-05-12 00:00:00-04:00,2.1600000858306885,2.1600000858306885,1.899999976158142,2.0999999046325684,1564400,0.0,0.0
2025-05-13 00:00:00-04:00,2.1500000953674316,2.2300000190734863,2.0299999713897705,2.1500000953674316,1514000,0.0,0.0
2025-05-14 00:00:00-04:00,2.140000104904175,2.1500000953674316,1.9600000381469727,1.9900000095367432,1044600,0.0,0.0
2025-05-15 00:00:00-04:00,1.9900000095367432,2.0299999713897705,1.909999966621399,1.9600000381469727,842600,0.0,0.0
2025-05-16 00:00:00-04:00,1.940000057220459,2.0199999809265137,1.9299999475479126,2.0,637500,0.0,0.0
2025-05-19 00:00:00-04:00,1.9600000381469727,2.065000057220459,1.9600000381469727,1.9700000286102295,699900,0.0,0.0
2025-05-20 00:00:00-04:00,1.9800000190734863,2.0299999713897705,1.9199999570846558,1.940000057220459,482100,0.0,0.0
2025-05-21 00:00:00-04:00,1.9900000095367432,2.0799999237060547,1.965000033378601,2.0399999618530273,1454200,0.0,0.0
2025-05-22 00:00:00-04:00,2.059999942779541,2.134999990463257,1.965000033378601,2.119999885559082,843600,0.0,0.0
2025-05-23 00:00:00-04:00,2.049999952316284,2.109999895095825,1.940000057220459,1.9900000095367432,991000,0.0,0.0
2025-05-27 00:00:00-04:00,2.0,2.8299999237060547,1.9800000190734863,2.75,8202700,0.0,0.0
2025-05-28 00:00:00-04:00,2.6700000762939453,2.694999933242798,2.2100000381469727,2.359999895095825,2704400,0.0,0.0
2025-05-29 00:00:00-04:00,2.4000000953674316,2.4200000762939453,2.2200000286102295,2.369999885559082,1361200,0.0,0.0
2025-05-30 00:00:00-04:00,2.359999895095825,2.359999895095825,2.121000051498413,2.1500000953674316,1255700,0.0,0.0
2025-06-02 00:00:00-04:00,2.1700000762939453,2.3399999141693115,2.0899999141693115,2.2899999618530273,1388000,0.0,0.0
2025-06-03 00:00:00-04:00,2.299999952316284,2.430000066757202,2.259999990463257,2.319999933242798,1500400,0.0,0.0
2025-06-04 00:00:00-04:00,2.309999942779541,2.5199999809265137,2.309999942779541,2.450000047683716,1409800,0.0,0.0
2025-06-05 00:00:00-04:00,2.4700000286102295,2.4700000286102295,2.299999952316284,2.299999952316284,803900,0.0,0.0
2025-06-06 00:00:00-04:00,2.3399999141693115,2.509999990463257,2.25,2.5,836900,0.0,0.0
2025-06-09 00:00:00-04:00,2.5399999618530273,2.625999927520752,2.490000009536743,2.5299999713897705,719100,0.0,0.0
2025-06-10 00:00:00-04:00,2.5799999237060547,2.6070001125335693,2.4600000381469727,2.4800000190734863,367000,0.0,0.0
2025-06-11 00:00:00-04:00,2.5299999713897705,2.5299999713897705,2.3399999141693115,2.3499999046325684,571000,0.0,0.0
2025-06-12 00:00:00-04:00,2.3299999237060547,2.3450000286102295,2.240000009536743,2.25,398500,0.0,0.0
2025-06-13 00:00:00-04:00,2.2100000381469727,2.2330000400543213,2.119999885559082,2.119999885559082,546800,0.0,0.0
2025-06-16 00:00:00-04:00,2.1500000953674316,2.190000057220459,2.1050000190734863,2.130000114440918,435400,0.0,0.0
2025-06-17 00:00:00-04:00,2.109999895095825,2.1600000858306885,2.0799999237060547,2.0999999046325684,282900,0.0,0.0
2025-06-18 00:00:00-04:00,2.0799999237060547,2.109999895095825,2.009999990463257,2.0299999713897705,448300,0.0,0.0
2025-06-20 00:00:00-04:00,2.0399999618530273,2.0399999618530273,1.899999976158142,1.909999966621399,779300,0.0,0.0
2025-06-23 00:00:00-04:00,1.909999966621399,1.9199999570846558,1.7599999904632568,1.850000023841858,795800,0.0,0.0
2025-06-24 00:00:00-04:00,1.8799999952316284,1.9900000095367432,1.850000023841858,1.9600000381469727,485600,0.0,0.0
2025-06-25 00:00:00-04:00,1.9600000381469727,2.0,1.8839999437332153,1.909999966621399,399300,0.0,0.0
2025-06-26 00:00:00-04:00,1.9199999570846558,2.0850000381469727,1.906999945640564,2.0399999618530273,668500,0.0,0.0
2025-06-27 00:00:00-04:00,2.049999952316284,2.0989999771118164,1.9800000190734863,2.059999942779541,578300,0.0,0.0
2025-06-30 00:00:00-04:00,2.0999999046325684,2.130000114440918,2.009999990463257,2.049999952316284,621000,0.0,0.0
2025-07-01 00:00:00-04:00,2.0299999713897705,2.200000047683716,2.009999990463257,2.140000104904175,535800,0.0,0.0
2025-07-02 00:00:00-04:00,2.140000104904175,2.200000047683716,2.130000114440918,2.1700000762939453,261800,0.0,0.0
2025-07-03 00:00:00-04:00,2.180000066757202,2.2300000190734863,2.140000104904175,2.140000104904175,228200,0.0,0.0
2025-07-07 00:00:00-04:00,2.119999885559082,2.1449999809265137,2.069999933242798,2.130000114440918,231800,0.0,0.0
2025-07-08 00:00:00-04:00,2.140000104904175,2.2950000762939453,2.140000104904175,2.2300000190734863,471900,0.0,0.0
2025-07-09 00:00:00-04:00,2.25,2.2669999599456787,2.1500000953674316,2.25,538600,0.0,0.0
2025-07-10 00:00:00-04:00,2.259999990463257,2.3489999771118164,2.240000009536743,2.319999933242798,333000,0.0,0.0
2025-07-11 00:00:00-04:00,2.299999952316284,2.3399999141693115,2.240000009536743,2.309999942779541,399700,0.0,0.0
2025-07-14 00:00:00-04:00,2.299999952316284,2.630000114440918,2.259999990463257,2.5,1638000,0.0,0.0
2025-07-15 00:00:00-04:00,2.5999999046325684,2.5999999046325684,2.450000047683716,2.490000009536743,778000,0.0,0.0
2025-07-16 00:00:00-04:00,2.5199999809265137,2.5250000953674316,2.3399999141693115,2.4100000858306885,937100,0.0,0.0
2025-07-17 00:00:00-04:00,2.4100000858306885,2.4700000286102295,2.3299999237060547,2.390000104904175,725100,0.0,0.0
2025-07-18 00:00:00-04:00,2.4200000762939453,2.4600000381469727,2.3499999046325684,2.4100000858306885,321800,0.0,0.0
2025-07-21 00:00:00-04:00,2.4600000381469727,2.5799999237060547,2.2750000953674316,2.2899999618530273,1109900,0.0,0.0
2025-07-22 00:00:00-04:00,2.2899999618530273,2.305000066757202,2.200000047683716,2.25,813100,0.0,0.0
2025-07-23 00:00:00-04:00,2.2699999809265137,2.359999895095825,2.2200000286102295,2.25,553500,0.0,0.0
2025-07-24 00:00:00-04:00,2.240000009536743,2.296999931335449,2.200000047683716,2.2300000190734863,632600,0.0,0.0
2025-07-25 00:00:00-04:00,2.2100000381469727,2.250999927520752,2.1649999618530273,2.240000009536743,386700,0.0,0.0
2025-07-28 00:00:00-04:00,2.2300000190734863,2.319999933242798,2.180000066757202,2.180000066757202,684100,0.0,0.0
2025-07-29 00:00:00-04:00,2.1700000762939453,2.180000066757202,1.9700000286102295,1.9800000190734863,1069500,0.0,0.0
2025-07-30 00:00:00-04:00,2.0299999713897705,2.2699999809265137,2.009999990463257,2.0899999141693115,1412300,0.0,0.0
2025-07-31 00:00:00-04:00,2.0999999046325684,2.0999999046325684,2.0,2.0399999618530273,509800,0.0,0.0
2025-08-01 00:00:00-04:00,2.0,2.0299999713897705,1.9299999475479126,1.9700000286102295,616800,0.0,0.0
2025-08-04 00:00:00-04:00,2.0199999809265137,2.109999895095825,1.9800000190734863,2.0899999141693115,479400,0.0,0.0
2025-08-05 00:00:00-04:00,2.0899999141693115,2.109999895095825,2.015000104904175,2.069999933242798,580500,0.0,0.0
2025-08-06 00:00:00-04:00,2.059999942779541,2.059999942779541,1.9700000286102295,2.0399999618530273,592700,0.0,0.0
2025-08-07 00:00:00-04:00,2.059999942779541,2.069999933242798,1.9600000381469727,2.0,509800,0.0,0.0
2025-08-08 00:00:00-04:00,2.0199999809265137,2.0350000858306885,1.9600000381469727,1.9900000095367432,351300,0.0,0.0
2025-08-11 00:00:00-04:00,2.0,2.0199999809265137,1.934999942779541,1.9600000381469727,638300,0.0,0.0
2025-08-12 00:00:00-04:00,1.9800000190734863,2.0199999809265137,1.9500000476837158,1.9800000190734863,1174700,0.0,0.0
2025-08-13 00:00:00-04:00,1.7400000095367432,1.7400000095367432,1.600000023841858,1.690000057220459,2697200,0.0,0.0
2025-08-14 00:00:00-04:00,1.7000000476837158,1.7100000381469727,1.6100000143051147,1.6399999856948853,435300,0.0,0.0
2025-08-15 00:00:00-04:00,1.659999966621399,1.659999966621399,1.5499999523162842,1.559999942779541,1072300,0.0,0.0
2025-08-18 00:00:00-04:00,1.600000023841858,1.850000023841858,1.590000033378601,1.8300000429153442,1548300,0.0,0.0
2025-08-19 00:00:00-04:00,1.7999999523162842,2.190000057220459,1.6399999856948853,2.1600000858306885,5438700,0.0,0.0
2025-08-20 00:00:00-04:00,2.069999933242798,2.1600000858306885,1.659999966621399,1.7100000381469727,3139800,0.0,0.0
2025-08-21 00:00:00-04:00,1.7200000286102295,1.7339999675750732,1.6349999904632568,1.6799999475479126,974900,0.0,0.0
2025-08-22 00:00:00-04:00,1.6799999475479126,1.7000000476837158,1.5700000524520874,1.649999976158142,1696500,0.0,0.0
2025-08-25 00:00:00-04:00,1.6699999570846558,1.7599999904632568,1.6399999856948853,1.7000000476837158,763200,0.0,0.0
2025-08-26 00:00:00-04:00,1.7000000476837158,1.7699999809265137,1.6699999570846558,1.75,775600,0.0,0.0
2025-08-27 00:00:00-04:00,1.7300000190734863,1.7489999532699585,1.659999966621399,1.659999966621399,559200,0.0,0.0
2025-08-28 00:00:00-04:00,1.690000057220459,1.690000057220459,1.649999976158142,1.659999966621399,330900,0.0,0.0
2025-08-29 00:00:00-04:00,1.649999976158142,1.7000000476837158,1.6449999809265137,1.659999966621399,480200,0.0,0.0
2025-09-02 00:00:00-04:00,1.6399999856948853,1.6440000534057617,1.5800000429153442,1.6100000143051147,638800,0.0,0.0
2025-09-03 00:00:00-04:00,1.6299999952316284,1.7599999904632568,1.590999960899353,1.649999976158142,1008300,0.0,0.0
2025-09-04 00:00:00-04:00,1.6399999856948853,1.6699999570846558,1.6200000047683716,1.659999966621399,370700,0.0,0.0
2025-09-05 00:00:00-04:00,1.6299999952316284,1.659999966621399,1.5800000429153442,1.6100000143051147,841900,0.0,0.0
2025-09-08 00:00:00-04:00,1.600000023841858,1.7000000476837158,1.5800000429153442,1.7000000476837158,677700,0.0,0.0
2025-09-09 00:00:00-04:00,1.6799999475479126,1.7790000438690186,1.649999976158142,1.7599999904632568,1103300,0.0,0.0
2025-09-10 00:00:00-04:00,1.9199999570846558,2.0290000438690186,1.8250000476837158,1.9700000286102295,3369900,0.0,0.0
2025-09-11 00:00:00-04:00,2.0,2.140000104904175,1.9600000381469727,1.9800000190734863,1815200,0.0,0.0
2025-09-12 00:00:00-04:00,1.9600000381469727,2.0199999809265137,1.909999966621399,1.9600000381469727,895700,0.0,0.0
2025-09-15 00:00:00-04:00,1.9600000381469727,2.1600000858306885,1.9600000381469727,2.0199999809265137,1600900,0.0,0.0
2025-09-16 00:00:00-04:00,2.0199999809265137,2.0199999809265137,1.9500000476837158,2.0,917600,0.0,0.0
2025-09-17 00:00:00-04:00,1.9700000286102295,2.1600000858306885,1.9600000381469727,2.0899999141693115,1548700,0.0,0.0
2025-09-18 00:00:00-04:00,2.109999895095825,2.2100000381469727,2.1040000915527344,2.1700000762939453,838600,0.0,0.0
2025-09-19 00:00:00-04:00,2.190000057220459,2.384999990463257,2.1549999713897705,2.2899999618530273,1862500,0.0,0.0
2025-09-22 00:00:00-04:00,2.4000000953674316,2.444999933242798,2.2300000190734863,2.3499999046325684,1427900,0.0,0.0
2025-09-23 00:00:00-04:00,2.369999885559082,2.694999933242798,2.3499999046325684,2.4100000858306885,3238500,0.0,0.0
2025-09-24 00:00:00-04:00,2.619999885559082,2.8399999141693115,2.5169999599456787,2.8299999237060547,4120400,0.0,0.0
2025-09-25 00:00:00-04:00,2.700000047683716,2.7139999866485596,2.059999942779541,2.119999885559082,8367700,0.0,0.0
2025-09-26 00:00:00-04:00,2.0,2.069999933242798,1.850000023841858,2.0199999809265137,2629700,0.0,0.0
2025-09-29 00:00:00-04:00,2.0299999713897705,2.0399999618530273,1.9500000476837158,1.9700000286102295,995200,0.0,0.0
2025-09-30 00:00:00-04:00,1.9600000381469727,1.9700000286102295,1.8600000143051147,1.909999966621399,973700,0.0,0.0
2025-10-01 00:00:00-04:00,1.909999966621399,1.9600000381469727,1.8350000381469727,1.8799999952316284,753300,0.0,0.0
2025-10-02 00:00:00-04:00,1.8799999952316284,1.9199999570846558,1.871000051498413,1.9199999570846558,490400,0.0,0.0
2025-10-03 00:00:00-04:00,1.940000057220459,2.0399999618530273,1.9049999713897705,1.9299999475479126,1017700,0.0,0.0
2025-10-06 00:00:00-04:00,1.9700000286102295,2.369999885559082,1.899999976158142,2.3399999141693115,6025100,0.0,0.0
2025-10-07 00:00:00-04:00,2.2899999618530273,2.2990000247955322,2.115000009536743,2.190000057220459,1836100,0.0,0.0
2025-10-08 00:00:00-04:00,2.190000057220459,2.2149999141693115,2.0999999046325684,2.119999885559082,782000,0.0,0.0
2025-10-09 00:00:00-04:00,2.119999885559082,2.2100000381469727,2.069999933242798,2.1700000762939453,961300,0.0,0.0
2025-10-10 00:00:00-04:00,2.180000066757202,2.200000047683716,1.9800000190734863,1.9900000095367432,1350300,0.0,0.0
2025-10-13 00:00:00-04:00,1.9900000095367432,2.390000104904175,1.9839999675750732,2.390000104904175,2814900,0.0,0.0
2025-10-14 00:00:00-04:00,2.25,2.5,2.1700000762939453,2.3299999237060547,1968800,0.0,0.0
2025-10-15 00:00:00-04:00,2.390000104904175,2.3919999599456787,2.1600000858306885,2.180000066757202,1013300,0.0,0.0
2025-10-16 00:00:00-04:00,2.2100000381469727,2.2300000190734863,2.0350000858306885,2.059999942779541,752100,0.0,0.0
2025-10-17 00:00:00-04:00,2.0299999713897705,2.0999999046325684,1.9900000095367432,2.0299999713897705,807800,0.0,0.0
2025-10-20 00:00:00-04:00,2.0399999618530273,2.0950000286102295,2.0199999809265137,2.0299999713897705,557500,0.0,0.0
2025-10-21 00:00:00-04:00,2.0199999809265137,2.0490000247955322,1.9500000476837158,1.9500000476837158,712000,0.0,0.0
2025-10-22 00:00:00-04:00,1.9700000286102295,2.177999973297119,1.9500000476837158,2.0899999141693115,2112600,0.0,0.0
2025-10-23 00:00:00-04:00,2.109999895095825,2.1549999713897705,2.0299999713897705,2.0999999046325684,1406200,0.0,0.0
2025-10-24 00:00:00-04:00,2.1600000858306885,2.2699999809265137,2.130000114440918,2.180000066757202,1234600,0.0,0.0
2025-10-27 00:00:00-04:00,2.240000009536743,2.3399999141693115,2.2200000286102295,2.240000009536743,886500,0.0,0.0
2025-10-28 00:00:00-04:00,2.240000009536743,2.25,2.119999885559082,2.119999885559082,628400,0.0,0.0
2025-10-29 00:00:00-04:00,2.140000104904175,2.1500000953674316,2.0299999713897705,2.069999933242798,618500,0.0,0.0
2025-10-30 00:00:00-04:00,2.0399999618530273,2.049999952316284,1.9900000095367432,2.0,674000,0.0,0.0
2025-10-31 00:00:00-04:00,2.0399999618530273,2.069999933242798,1.9900000095367432,2.049999952316284,320800,0.0,0.0
2025-11-03 00:00:00-05:00,2.049999952316284,2.0799999237060547,1.9850000143051147,2.009999990463257,359900,0.0,0.0
2025-11-04 00:00:00-05:00,1.9900000095367432,1.9900000095367432,1.899999976158142,1.899999976158142,475000,0.0,0.0
2025-11-05 00:00:00-05:00,1.9199999570846558,1.9700000286102295,1.8899999856948853,1.940000057220459,690200,0.0,0.0
2025-11-06 00:00:00-05:00,1.8049999475479126,1.8899999856948853,1.75,1.75,1429300,0.0,0.0
2025-11-07 00:00:00-05:00,1.75,1.8200000524520874,1.6699999570846558,1.7999999523162842,673700,0.0,0.0
2025-11-10 00:00:00-05:00,1.899999976158142,1.9500000476837158,1.8200000524520874,1.840000033378601,591600,0.0,0.0
2025-11-11 00:00:00-05:00,1.850000023841858,1.8600000143051147,1.7699999809265137,1.7999999523162842,348400,0.0,0.0
2025-11-12 00:00:00-05:00,1.8300000429153442,1.840000033378601,1.7400000095367432,1.7699999809265137,387500,0.0,0.0
2025-11-13 00:00:00-05:00,1.7599999904632568,1.7999999523162842,1.590000033378601,1.659999966621399,1053900,0.0,0.0
2025-11-14 00:00:00-05:00,1.600000023841858,1.649999976158142,1.5700000524520874,1.5800000429153442,660700,0.0,0.0
2025-11-17 00:00:00-05:00,1.590000033378601,1.590000033378601,1.4199999570846558,1.4900000095367432,1392700,0.0,0.0
2025-11-18 00:00:00-05:00,1.4700000286102295,1.5449999570846558,1.4500000476837158,1.4800000190734863,479500,0.0,0.0
2025-11-19 00:00:00-05:00,1.4800000190734863,1.5130000114440918,1.3799999952316284,1.409999966621399,483600,0.0,0.0
2025-11-20 00:00:00-05:00,1.4500000476837158,1.4809999465942383,1.2999999523162842,1.2999999523162842,961800,0.0,0.0
2025-11-21 00:00:00-05:00,1.2699999809265137,1.3300000429153442,1.2300000190734863,1.2999999523162842,850600,0.0,0.0
2025-11-24 00:00:00-05:00,1.2999999523162842,1.340000033378601,1.2599999904632568,1.3300000429153442,600100,0.0,0.0
2025-11-25 00:00:00-05:00,1.3300000429153442,1.3300000429153442,1.2400000095367432,1.2799999713897705,794200,0.0,0.0
2025-11-26 00:00:00-05:00,1.2899999618530273,1.2999999523162842,1.2300000190734863,1.2799999713897705,707200,0.0,0.0
2025-11-28 00:00:00-05:00,1.2899999618530273,1.3450000286102295,1.2899999618530273,1.2999999523162842,302400,0.0,0.0
2025-12-01 00:00:00-05:00,1.2899999618530273,1.2999999523162842,1.25,1.25,632900,0.0,0.0
2025-12-02 00:00:00-05:00,1.2699999809265137,1.3600000143051147,1.2690000534057617,1.2999999523162842,645700,0.0,0.0
2025-12-03 00:00:00-05:00,1.350000023841858,1.440000057220459,1.274999976158142,1.4199999570846558,614700,0.0,0.0
2025-12-04 00:00:00-05:00,1.4299999475479126,1.4900000095367432,1.3799999952316284,1.4800000190734863,338300,0.0,0.0
2025-12-05 00:00:00-05:00,1.4900000095367432,1.4900000095367432,1.399999976158142,1.4600000381469727,614900,0.0,0.0
2025-12-08 00:00:00-05:00,1.440000057220459,1.4600000381469727,1.3700000047683716,1.3899999856948853,576700,0.0,0.0
2025-12-09 00:00:00-05:00,1.3799999952316284,1.409999966621399,1.3450000286102295,1.350000023841858,344800,0.0,0.0
2025-12-10 00:00:00-05:00,1.3700000047683716,1.4900000095367432,1.3600000143051147,1.440000057220459,620300,0.0,0.0
2025-12-11 00:00:00-05:00,1.4199999570846558,1.4600000381469727,1.3899999856948853,1.399999976158142,348400,0.0,0.0
2025-12-12 00:00:00-05:00,1.399999976158142,1.4299999475479126,1.3700000047683716,1.3899999856948853,358200,0.0,0.0
2025-12-15 00:00:00-05:00,1.3899999856948853,1.440000057220459,1.284999966621399,1.2999999523162842,507300,0.0,0.0
2025-12-16 00:00:00-05:00,1.309999942779541,1.3300000429153442,1.2699999809265137,1.2899999618530273,330500,0.0,0.0
2025-12-17 00:00:00-05:00,1.2599999904632568,1.3200000524520874,1.1799999475479126,1.1799999475479126,735900,0.0,0.0
2025-12-18 00:00:00-05:00,0.9509999752044678,1.100000023841858,0.9200000166893005,1.059999942779541,1636700,0.0,0.0
2025-12-19 00:00:00-05:00,1.0800000429153442,1.090000033378601,1.0199999809265137,1.0199999809265137,453900,0.0,0.0
2025-12-22 00:00:00-05:00,1.0199999809265137,1.1799999475479126,1.0,1.0499999523162842,1033700,0.0,0.0
2025-12-23 00:00:00-05:00,1.0800000429153442,1.215000033378601,1.0700000524520874,1.0800000429153442,1361500,0.0,0.0
2025-12-24 00:00:00-05:00,1.0800000429153442,1.1299999952316284,1.065000057220459,1.1200000047683716,273500,0.0,0.0
2025-12-26 00:00:00-05:00,1.1200000047683716,1.1299999952316284,1.0800000429153442,1.090000033378601,222700,0.0,0.0
2025-12-29 00:00:00-05:00,1.059999942779541,1.1200000047683716,1.0299999713897705,1.0499999523162842,403400,0.0,0.0
2025-12-30 00:00:00-05:00,1.0399999618530273,1.0800000429153442,1.0199999809265137,1.0199999809265137,611400,0.0,0.0
2025-12-31 00:00:00-05:00,1.0199999809265137,1.1200000047683716,1.0,1.0299999713897705,1068900,0.0,0.0
2026-01-02 00:00:00-05:00,1.0800000429153442,1.1050000190734863,1.0499999523162842,1.0700000524520874,326000,0.0,0.0
2026-01-05 00:00:00-05:00,1.090000033378601,1.159999966621399,1.0700000524520874,1.090000033378601,511300,0.0,0.0
2026-01-06 00:00:00-05:00,1.090000033378601,1.1399999856948853,1.090000033378601,1.1200000047683716,273700,0.0,0.0
2026-01-07 00:00:00-05:00,1.159999966621399,1.3359999656677246,1.159999966621399,1.1799999475479126,1802000,0.0,0.0
2026-01-08 00:00:00-05:00,1.1799999475479126,1.2319999933242798,1.1399999856948853,1.1399999856948853,353200,0.0,0.0
2026-01-09 00:00:00-05:00,1.1399999856948853,1.1749999523162842,1.100000023841858,1.1100000143051147,495200,0.0,0.0
2026-01-12 00:00:00-05:00,1.100000023841858,1.159999966621399,1.100000023841858,1.1100000143051147,337500,0.0,0.0
2026-01-13 00:00:00-05:00,1.1399999856948853,1.1399999856948853,1.0800000429153442,1.0800000429153442,307200,0.0,0.0
2026-01-14 00:00:00-05:00,1.0700000524520874,1.1169999837875366,1.0700000524520874,1.0800000429153442,212600,0.0,0.0
2026-01-15 00:00:00-05:00,1.0800000429153442,1.1150000095367432,1.0499999523162842,1.0499999523162842,316600,0.0,0.0
2026-01-16 00:00:00-05:00,1.0800000429153442,1.0850000381469727,1.0399999618530273,1.0399999618530273,304100,0.0,0.0
2026-01-20 00:00:00-05:00,1.0099999904632568,1.059999942779541,1.0099999904632568,1.0199999809265137,423300,0.0,0.0
2026-01-21 00:00:00-05:00,1.0499999523162842,1.0549999475479126,1.0099999904632568,1.0199999809265137,287500,0.0,0.0
2026-01-22 00:00:00-05:00,1.2999999523162842,1.3300000429153442,1.0399999618530273,1.100000023841858,54600400,0.0,0.0
2026-01-23 00:00:00-05:00,1.090000033378601,1.1399999856948853,1.0099999904632568,1.059999942779541,2989700,0.0,0.0
2026-01-26 00:00:00-05:00,0.9800000190734863,1.0299999713897705,0.9399999976158142,0.9649999737739563,1922100,0.0,0.0
2026-01-27 00:00:00-05:00,0.9399999976158142,0.9599999785423279,0.9229999780654907,0.9599999785423279,769600,0.0,0.0
2026-01-28 00:00:00-05:00,0.949999988079071,0.949999988079071,0.8899999856948853,0.9190000295639038,741200,0.0,0.0
2026-01-29 00:00:00-05:00,0.9100000262260437,0.9129999876022339,0.8379999995231628,0.8790000081062317,1152400,0.0,0.0
2026-01-30 00:00:00-05:00,0.8799999952316284,0.8799999952316284,0.8019999861717224,0.8080000281333923,836900,0.0,0.0
2026-02-02 00:00:00-05:00,0.8389999866485596,0.8389999866485596,0.7770000100135803,0.7900000214576721,547100,0.0,0.0
2026-02-03 00:00:00-05:00,0.800000011920929,0.8100000023841858,0.7099999785423279,0.7599999904632568,757100,0.0,0.0
2026-02-04 00:00:00-05:00,0.7639999985694885,0.7639999985694885,0.6899999976158142,0.6909999847412109,489500,0.0,0.0
2026-02-05 00:00:00-05:00,0.7110000252723694,0.7110000252723694,0.6209999918937683,0.6499999761581421,1080500,0.0,0.0
2026-02-06 00:00:00-05:00,0.699999988079071,0.8100000023841858,0.6869999766349792,0.7910000085830688,1048100,0.0,0.0
2026-02-09 00:00:00-05:00,0.7699999809265137,0.800000011920929,0.7360000014305115,0.7639999985694885,440100,0.0,0.0
2026-02-10 00:00:00-05:00,0.75,0.8050000071525574,0.75,0.7599999904632568,296200,0.0,0.0
2026-02-11 00:00:00-05:00,0.800000011920929,0.800000011920929,0.7260000109672546,0.7429999709129333,311100,0.0,0.0
2026-02-12 00:00:00-05:00,0.7590000033378601,0.7639999985694885,0.699999988079071,0.7039999961853027,281700,0.0,0.0
2026-02-13 00:00:00-05:00,0.7260000109672546,0.800000011920929,0.7200000286102295,0.7519999742507935,367900,0.0,0.0
