Date,Open,High,Low,Close,Volume,Dividends,Stock Splits
2022-01-03 00:00:00-05:00,16.383833425418803,16.57544058751656,15.700711133441128,15.761802673339844,3252400,0.0,0.0
2022-01-04 00:00:00-05:00,15.878434054198948,15.92008829211405,15.32304986499104,15.678495407104492,2329900,0.0,0.0
2022-01-05 00:00:00-05:00,15.628511308872554,16.22554975752391,15.134219701633679,15.167542457580566,3061100,0.0,0.0
2022-01-06 00:00:00-05:00,15.16476469954722,15.731256798523118,15.161987185525382,15.47577953338623,2119200,0.0,0.0
2022-01-07 00:00:00-05:00,15.692380227025003,16.29219512532046,15.550757721019831,15.711819648742676,2238800,0.0,0.0
2022-01-10 00:00:00-05:00,15.63128733803779,16.356063831718846,15.42579473404755,16.289417266845703,2755100,0.0,0.0
2022-01-11 00:00:00-05:00,16.461588344631267,17.12249587921068,16.07837398615827,17.061403274536133,6782000,0.0,0.0
2022-01-12 00:00:00-05:00,17.14470831853645,17.666768630704247,16.911446944838293,17.550138473510742,6078800,0.0,0.0
2022-01-13 00:00:00-05:00,17.49459983238833,17.938906705994373,17.286330786764662,17.669546127319336,3780700,0.0,0.0
2022-01-14 00:00:00-05:00,17.216909073607667,17.74174693878107,16.966985776234033,17.68898582458496,2479100,0.0,0.0
2022-01-18 00:00:00-05:00,17.386302759719833,18.033325868975652,17.30743809220239,17.589017868041992,3122900,0.0,0.0
2022-01-19 00:00:00-05:00,17.702870113368366,17.955570923297966,17.011416367549277,17.086393356323242,2950200,0.0,0.0
2022-01-20 00:00:00-05:00,17.344647112327554,17.60567834623564,16.98364761915408,17.033632278442383,2719200,0.0,0.0
2022-01-21 00:00:00-05:00,16.800370872987447,16.98642405848338,15.85621737540912,16.139463424682617,5136600,0.0,0.0
2022-01-24 00:00:00-05:00,15.689603322250935,16.008949654304445,14.578834945454409,15.96174144744873,5941600,0.0,0.0
2022-01-25 00:00:00-05:00,15.47855653354546,16.218605099113923,15.409133515661317,15.889540672302246,2511200,0.0,0.0
2022-01-26 00:00:00-05:00,16.57266593805458,17.0947274244108,16.26720502735151,16.500465393066406,3955400,0.0,0.0
2022-01-27 00:00:00-05:00,16.872570782374105,17.411294110465526,16.82814009071503,17.097501754760742,3407200,0.0,0.0
2022-01-28 00:00:00-05:00,17.633446468853737,18.17827775161446,17.253008629046228,18.16383934020996,4606500,0.0,0.0
2022-01-31 00:00:00-05:00,18.044434717238097,18.74421792075218,17.552918483109647,18.527618408203125,4592400,0.0,0.0
2022-02-01 00:00:00-05:00,18.585932622182288,19.380132209826453,18.56927177388654,19.04134750366211,3751400,0.0,0.0
2022-02-02 00:00:00-05:00,19.22462387611515,19.29959980647881,18.522061125099743,18.933046340942383,3279200,0.0,0.0
2022-02-03 00:00:00-05:00,18.74421444496541,19.61616736224883,18.52205994483541,19.077444076538086,3050700,0.0,0.0
2022-02-04 00:00:00-05:00,19.132985654187348,19.355138057678126,18.64146946256396,19.13576316833496,2296900,0.0,0.0
2022-02-07 00:00:00-05:00,19.160756655447347,20.149339944058966,19.099664048870626,19.699480056762695,4421500,0.0,0.0
2022-02-08 00:00:00-05:00,19.949398382020323,20.121568237532802,19.468992261096467,19.796669006347656,3320100,0.0,0.0
2022-02-09 00:00:00-05:00,20.05214642744854,20.557545968249453,19.646716212838804,20.293739318847656,3537500,0.0,0.0
2022-02-10 00:00:00-05:00,20.132677422951694,20.799138892401512,19.943846708584623,20.368715286254883,3135500,0.0,0.0
2022-02-11 00:00:00-05:00,20.41036768182982,20.882443365797325,19.188522117968585,19.502315521240234,4809300,0.0,0.0
2022-02-14 00:00:00-05:00,19.282938820801164,19.888307643325376,18.763653865598314,19.08300018310547,3716400,0.0,0.0
2022-02-15 00:00:00-05:00,19.43844715970225,20.121569477079927,19.410678373198625,20.041038513183594,2747300,0.0,0.0
2022-02-16 00:00:00-05:00,19.952177552789152,20.340946928039347,19.732800533050664,19.977170944213867,1803000,0.0,0.0
2022-02-17 00:00:00-05:00,19.75501974417045,20.335397450008898,19.66060542837623,19.832773208618164,2000400,0.0,0.0
2022-02-18 00:00:00-05:00,19.854985344049,20.063254421084476,19.110770424030648,19.39957046508789,3271000,0.0,0.0
2022-02-22 00:00:00-05:00,18.952483588208327,19.296821158354927,18.79975210378482,19.105215072631836,2536100,0.0,0.0
2022-02-23 00:00:00-05:00,19.305155094566626,19.59951018005698,18.510957586902418,18.60259437561035,2732500,0.0,0.0
2022-02-24 00:00:00-05:00,17.633447460192574,18.780315012615965,17.441840302213393,18.663684844970703,3336700,0.0,0.0
2022-02-25 00:00:00-05:00,19.02746112190688,19.688369653668257,18.783092844803505,19.466215133666992,2893800,0.0,0.0
2022-02-28 00:00:00-05:00,19.68281218485606,20.243751324925487,19.041344212859432,19.380128860473633,3634600,0.0,0.0
2022-03-01 00:00:00-05:00,19.474544720620905,19.507868532775984,18.435976939278852,18.771984100341797,3107400,0.0,0.0
2022-03-02 00:00:00-05:00,18.985806874283913,19.827213475747335,18.84418333069808,19.57173728942871,3002300,0.0,0.0
2022-03-03 00:00:00-05:00,19.688369429924922,20.807468203709607,19.688369429924922,20.615859985351562,4264400,0.0,0.0
2022-03-04 00:00:00-05:00,20.826904522709075,20.918543411078343,19.333199540503596,19.96050453186035,3792500,0.0,0.0
2022-03-07 00:00:00-05:00,20.11046180969335,20.27152373965594,18.858071936939343,19.144094467163086,5597700,0.0,0.0
2022-03-08 00:00:00-05:00,19.23850761095931,20.213207437780508,19.03301605805706,19.630054473876953,4392800,0.0,0.0
2022-03-09 00:00:00-05:00,20.8407924199836,21.50725174805803,20.05214577444914,20.86578369140625,10140800,0.0,0.0
2022-03-10 00:00:00-05:00,21.090712985447883,21.368405070146988,20.026319173949283,21.31842041015625,6171800,0.0,0.0
2022-03-11 00:00:00-05:00,21.42949764197596,22.329221520726666,21.146530187661117,21.884912490844727,7818400,0.0,0.0
2022-03-14 00:00:00-04:00,22.23202846690065,23.292812185969947,22.190376347512796,22.920705795288086,8805700,0.0,0.0
2022-03-15 00:00:00-04:00,23.11231538704177,23.670475006103516,22.270906509018467,23.670475006103516,8323300,0.0,0.0
2022-03-16 00:00:00-04:00,23.88151775357986,24.78401697101166,23.81764764599855,24.609071731567383,7110700,0.0,0.0
2022-03-17 00:00:00-04:00,24.79790472716518,25.333850550855793,23.631596666576115,24.145326614379883,9799600,0.0,0.0
2022-03-18 00:00:00-04:00,24.15920932476337,24.2702865729695,23.204503035302668,23.46497917175293,7271300,0.0,0.0
2022-03-21 00:00:00-04:00,24.120330024850286,24.639614886443525,23.745446206061036,24.43967628479004,11979700,0.0,0.0
2022-03-22 00:00:00-04:00,25.496290430305937,26.872979944350618,25.434339297140852,26.597640991210938,12256800,17.0,0.0
2022-03-23 00:00:00-04:00,26.157100709712278,27.172408173771686,25.99878173104219,26.170867919921875,5343100,0.0,0.0
2022-03-24 00:00:00-04:00,25.83357788614676,25.929945731980293,24.0232330660983,24.732227325439453,7903000,0.0,0.0
2022-03-25 00:00:00-04:00,24.219415307576945,24.43624299732581,23.33489225059416,23.54139518737793,6283300,0.0,0.0
2022-03-28 00:00:00-04:00,23.7410117406483,25.456708625665257,23.682500440881036,24.897428512573242,6283600,0.0,0.0
2022-03-29 00:00:00-04:00,24.73566762451486,25.499040065681754,23.782308748995153,25.454986572265625,4929400,0.0,0.0
2022-03-30 00:00:00-04:00,25.42745571967958,25.54791815917093,24.9215245022893,25.066076278686523,2612600,0.0,0.0
2022-03-31 00:00:00-04:00,25.131467153687993,25.454990045589287,24.780412465786558,25.0247745513916,2794900,0.0,0.0
2022-04-01 00:00:00-04:00,24.887110455001846,25.203751122898048,24.178116007363897,24.56702995300293,3294100,0.0,0.0
2022-04-04 00:00:00-04:00,24.436242400558655,24.57046943748146,22.722262552873794,23.121503829956055,7154600,0.0,0.0
2022-04-05 00:00:00-04:00,23.05955034672675,23.162803115027955,21.121859405199455,21.290504455566406,8799300,0.0,0.0
2022-04-06 00:00:00-04:00,20.815547628924445,21.14939529364806,19.483600742346223,20.385332107543945,9542700,0.0,0.0
2022-04-07 00:00:00-04:00,20.15129313390692,21.132185231304792,20.055269268350813,20.57462501525879,5308800,0.0,0.0
2022-04-08 00:00:00-04:00,20.75359463081969,21.201018470416486,19.84842088725619,19.886280059814453,4687500,0.0,0.0
2022-04-11 00:00:00-04:00,19.614384443341624,19.796107417314854,18.619725165871483,19.02240753173828,6319700,0.0,0.0
2022-04-12 00:00:00-04:00,19.254722892191857,19.473273079621723,18.79181064023783,18.895063400268555,3835300,0.0,0.0
2022-04-13 00:00:00-04:00,19.118777029353247,19.597176467096098,18.99143360582563,19.24612045288086,3424100,0.0,0.0
2022-04-14 00:00:00-04:00,19.483600446374123,19.483600446374123,18.657586132705976,18.987991333007812,5911000,0.0,0.0
2022-04-18 00:00:00-04:00,18.943249618143412,19.614386075147195,18.763246545791088,19.55931854248047,5401300,0.0,0.0
2022-04-19 00:00:00-04:00,20.02394889075855,20.78801198370471,19.8587463082403,20.71917724609375,7438000,0.0,0.0
2022-04-20 00:00:00-04:00,20.929124985841508,21.290505758267052,19.89316528358623,20.4438419342041,4149700,0.0,0.0
2022-04-21 00:00:00-04:00,20.474820984277198,20.64002361366931,19.087805026130578,19.28398323059082,4174400,0.0,0.0
2022-04-22 00:00:00-04:00,19.287418629186334,19.61782376700512,18.671349813333823,18.7642765045166,3036500,0.0,0.0
2022-04-25 00:00:00-04:00,18.29276128448729,18.340945204361045,16.592549002058114,17.711109161376953,8309100,0.0,0.0
2022-04-26 00:00:00-04:00,18.40633808542979,18.561215913632154,17.742085310072294,18.103466033935547,4192700,0.0,0.0
2022-04-27 00:00:00-04:00,18.32029542119462,19.676334110301415,18.292762313823186,19.48703956604004,4651400,0.0,0.0
2022-04-28 00:00:00-04:00,19.86562937074928,20.122037415611178,19.054070344144908,19.814002990722656,3667400,0.0,0.0
2022-04-29 00:00:00-04:00,19.95855986125128,20.39910015301698,19.087802717608994,19.146312713623047,2551600,0.0,0.0
2022-05-02 00:00:00-04:00,19.094685015057625,19.803680647323855,18.661028359187217,19.772705078125,2778200,0.0,0.0
2022-05-03 00:00:00-04:00,19.7899108735785,21.67253411942338,19.745168098770318,21.503889083862305,5364800,0.0,0.0
2022-05-04 00:00:00-04:00,21.534867439905568,22.378088788249812,21.45914909009629,22.33334732055664,4193300,0.0,0.0
2022-05-05 00:00:00-04:00,22.16814371363938,22.715376524049148,21.58545830256097,22.60179901123047,4688300,0.0,0.0
2022-05-06 00:00:00-04:00,22.677520660351288,23.138713070953067,21.927224675859858,22.770448684692383,4458600,0.0,0.0
2022-05-09 00:00:00-04:00,21.903127857080758,22.061446820908145,19.518013397784213,20.45416259765625,6397000,0.0,0.0
2022-05-10 00:00:00-04:00,20.987633496475976,21.5864940701895,20.409423740102074,20.9222412109375,3610300,0.0,0.0
2022-05-11 00:00:00-04:00,20.698524984299375,21.311151349101774,20.127198934011673,20.151290893554688,2788900,0.0,0.0
2022-05-12 00:00:00-04:00,19.793353059547062,20.474815529494673,19.16007582580115,20.416305541992188,3381000,0.0,0.0
2022-05-13 00:00:00-04:00,21.015165832129952,22.09586557395173,20.987631411745486,21.906572341918945,4018700,0.0,0.0
2022-05-16 00:00:00-04:00,22.11307750647068,23.240586666097144,22.054568826535338,22.76356315612793,4234600,0.0,0.0
2022-05-17 00:00:00-04:00,23.42093319980596,23.668735125597223,22.243861579618905,22.384973526000977,5591900,0.0,0.0
2022-05-18 00:00:00-04:00,22.594915491641736,22.594915491641736,20.49890581009487,21.09776496887207,11488600,0.0,0.0
2022-05-19 00:00:00-04:00,21.04269999857553,22.539849390119183,20.946332148207034,21.94443130493164,6401500,0.0,0.0
2022-05-20 00:00:00-04:00,22.37120281360763,23.009643680036625,21.810201513896818,22.2679500579834,5702900,0.0,0.0
2022-05-23 00:00:00-04:00,22.49510562929932,24.243501845937523,22.415944831242427,23.9991397857666,7664200,0.0,0.0
2022-05-24 00:00:00-04:00,23.627431635574368,24.57390556934895,23.47255250727895,24.03699493408203,7723000,0.0,0.0
2022-05-25 00:00:00-04:00,24.098951554004312,24.49131052630172,23.334890991707162,24.195322036743164,6127800,0.0,0.0
2022-05-26 00:00:00-04:00,24.092063081366895,24.38460903647534,23.70658912676749,23.930301666259766,5514600,0.0,0.0
2022-05-27 00:00:00-04:00,24.009258368890706,24.655245725731397,23.09410619079352,24.414794921875,6027800,2.85,0.0
2022-05-31 00:00:00-04:00,24.235359006818484,24.594241865472533,22.369169237041,22.85007095336914,16300600,0.0,0.0
2022-06-01 00:00:00-04:00,22.932612479011244,23.402748091566977,22.311744002883284,23.0761661529541,4096100,0.0,0.0
2022-06-02 00:00:00-04:00,23.004386276469344,24.26765522976278,22.918255173581553,23.81905174255371,3591400,0.0,0.0
2022-06-03 00:00:00-04:00,23.68626604116898,24.3501987083476,23.38480578764042,24.29636573791504,2475000,0.0,0.0
2022-06-06 00:00:00-04:00,24.479394871156188,24.834688067961583,23.872882077552894,24.1276912689209,3673200,0.0,0.0
2022-06-07 00:00:00-04:00,23.81546506153032,24.902879609467618,23.603722765873197,24.59065055847168,4452200,0.0,0.0
2022-06-08 00:00:00-04:00,22.97926875862772,23.0682721009136,20.869038557749242,20.98029136657715,15285900,0.0,0.0
2022-06-09 00:00:00-04:00,20.60705050305459,20.671649519035206,18.84134771699589,18.931068420410156,11780800,0.0,0.0
2022-06-10 00:00:00-04:00,18.629608187984992,19.6129477729263,18.380184723461714,18.70856285095215,6153500,0.0,0.0
2022-06-13 00:00:00-04:00,17.653447118336594,18.188183173864033,17.111534610465746,17.30891990661621,6105700,0.0,0.0
2022-06-14 00:00:00-04:00,17.63909294790251,18.471701065616664,17.535016590930876,17.926198959350586,5308500,0.0,0.0
2022-06-15 00:00:00-04:00,18.231247065066864,18.59371948157095,17.73957798276012,18.5685977935791,4242800,0.0,0.0
2022-06-16 00:00:00-04:00,17.868775730210494,18.030273271153117,17.087845824817048,17.51348114013672,4664500,0.0,0.0
2022-06-17 00:00:00-04:00,17.682155717967408,18.615250450233493,17.61755670445353,18.09128189086914,6148100,0.0,0.0
2022-06-21 00:00:00-04:00,18.460931342606624,18.79110424129463,18.234836156916998,18.42145538330078,2863600,0.0,0.0
2022-06-22 00:00:00-04:00,17.980029488868425,18.173826548367597,17.262263818749457,17.27303123474121,3888100,0.0,0.0
2022-06-23 00:00:00-04:00,17.226376958424776,17.42017402777412,16.61627583400801,17.05052375793457,5408600,0.0,0.0
2022-06-24 00:00:00-04:00,16.975159116349506,17.122301035160497,16.393769262636493,16.634220123291016,4682100,0.0,0.0
2022-06-27 00:00:00-04:00,16.932090852237597,17.54936971502959,16.845958376650405,17.215608596801758,4238500,0.0,0.0
2022-06-28 00:00:00-04:00,17.294561316566597,17.35198250873439,16.82980875636932,16.989511489868164,3429600,0.0,0.0
2022-06-29 00:00:00-04:00,17.190486777364036,17.463237104732542,16.77418278146732,16.903379440307617,2996300,0.0,0.0
2022-06-30 00:00:00-04:00,16.777771509243028,17.25508630770956,16.178437868613752,16.950035095214844,3720300,0.0,0.0
2022-07-01 00:00:00-04:00,16.379412484144343,16.612686876126666,15.24534277242705,15.532448768615723,6745800,0.0,0.0
2022-07-05 00:00:00-04:00,15.410427061710285,15.414016656395205,14.739316603701056,15.245341300964355,3898500,0.0,0.0
2022-07-06 00:00:00-04:00,15.177155930797094,15.327886069428796,14.595764732856315,15.091023445129395,3592800,0.0,0.0
2022-07-07 00:00:00-04:00,15.945163701860052,16.429654958201873,15.618580392474762,15.780077934265137,3521500,0.0,0.0
2022-07-08 00:00:00-04:00,15.95592929048129,16.351418571423892,15.740600153625406,15.988228797912598,2786300,0.0,0.0
2022-07-11 00:00:00-04:00,15.97028485972096,16.01335041309314,15.654467607256713,15.74418830871582,1934200,0.0,0.0
2022-07-12 00:00:00-04:00,15.790844022360998,16.1856145753083,15.611402613015988,15.93439769744873,2346700,0.0,0.0
2022-07-13 00:00:00-04:00,15.715478667160898,16.91594074244607,15.676001338793416,16.745471954345703,5715000,0.0,0.0
2022-07-14 00:00:00-04:00,16.38658994700557,16.66292989011871,15.887743032838356,16.01694107055664,2718500,0.0,0.0
2022-07-15 00:00:00-04:00,16.149724654256087,16.666515350341797,16.077947826431345,16.666515350341797,2142700,0.0,0.0
2022-07-18 00:00:00-04:00,16.967979934429863,17.38428396664251,16.87467100006727,17.140243530273438,2799100,0.0,0.0
2022-07-19 00:00:00-04:00,17.17972013674346,18.044627674490595,17.17972013674346,18.026683807373047,3372800,0.0,0.0
2022-07-20 00:00:00-04:00,17.944139641685847,18.631041832876797,17.80417557152537,18.432220458984375,2461400,0.0,0.0
2022-07-21 00:00:00-04:00,18.30302274939146,18.4070990896707,17.41299357213593,17.96208381652832,2949100,0.0,0.0
2022-07-22 00:00:00-04:00,17.71445724113011,17.836477461764645,16.28251410394922,16.289691925048828,3118900,0.0,0.0
2022-07-25 00:00:00-04:00,16.476311263191658,16.734707348175554,15.977464330592833,16.67728614807129,2464800,0.0,0.0
2022-07-26 00:00:00-04:00,16.58038752096274,16.71676338381304,16.052829306827434,16.189205169677734,2164900,0.0,0.0
2022-07-27 00:00:00-04:00,16.415299023259102,16.88543459070442,16.074360107130534,16.813657760620117,1776300,0.0,0.0
2022-07-28 00:00:00-04:00,17.585256033613554,17.68574277285916,16.83877920199148,17.337627410888672,3288000,0.0,0.0
2022-07-29 00:00:00-04:00,17.308917677228756,17.94414041210063,17.032577750598897,17.879541397094727,2135800,0.0,0.0
2022-08-01 00:00:00-04:00,17.944138962680018,18.10025346450583,17.624733508188978,17.847240447998047,1814500,0.0,0.0
2022-08-02 00:00:00-04:00,17.944140417461934,18.207919500643307,17.319683728561383,17.954906463623047,2152000,0.0,0.0
2022-08-03 00:00:00-04:00,18.051806843906668,18.098461997121635,17.37710671144723,17.62114715576172,3007900,0.0,0.0
2022-08-04 00:00:00-04:00,17.692922177811614,18.20074168019281,17.409404430648692,17.954906463623047,2463000,0.0,0.0
2022-08-05 00:00:00-04:00,17.73598630491175,18.20253501346287,17.491947274370194,17.922605514526367,1927600,0.0,0.0
2022-08-08 00:00:00-04:00,17.944139740073926,19.16434179001064,17.847241221194018,18.71573829650879,2999200,0.0,0.0
2022-08-09 00:00:00-04:00,18.787515123611783,18.931068799561416,18.407100209695095,18.414278030395508,2050300,0.0,0.0
2022-08-10 00:00:00-04:00,18.733684538423443,18.866470806013,18.154088148936385,18.809049606323242,2266600,0.0,0.0
2022-08-11 00:00:00-04:00,18.916713285677183,19.232530553477694,18.762393562151328,19.053089141845703,2140500,0.0,0.0
2022-08-12 00:00:00-04:00,18.787517564108665,18.81263925530876,17.346603070286953,18.611665725708008,6364800,0.0,0.0
2022-08-15 00:00:00-04:00,18.037450359116374,18.23124741508501,17.69866625040357,18.148704528808594,3210300,0.0,0.0
2022-08-16 00:00:00-04:00,18.299435127855286,18.697793897919436,17.922607081234403,18.267135620117188,4075300,0.0,0.0
2022-08-17 00:00:00-04:00,17.23714017999208,17.47041454400503,16.440421307222994,17.16895294189453,11596600,0.0,0.0
2022-08-18 00:00:00-04:00,17.427349800074524,18.63678449016776,17.377105056535328,18.468109130859375,6302000,0.0,0.0
2022-08-19 00:00:00-04:00,18.123581244394348,18.20612412340214,17.122297912424163,17.62832260131836,6093100,0.0,0.0
2022-08-22 00:00:00-04:00,17.542191212292188,18.565006619315273,17.348394176531222,18.274311065673828,6771900,0.0,0.0
2022-08-23 00:00:00-04:00,18.324556540294175,18.47528666145873,17.22996288837858,17.466825485229492,7572400,0.0,0.0
2022-08-24 00:00:00-04:00,17.592436303093777,17.86877624352752,17.368134536738076,17.5098934173584,4871200,0.0,0.0
2022-08-25 00:00:00-04:00,17.6498579017769,17.692923458568046,16.9105587702105,17.319684982299805,7597100,0.0,0.0
2022-08-26 00:00:00-04:00,17.124635175157266,17.614251474605872,16.340452194213867,16.340452194213867,7887200,4.75,0.0
2022-08-29 00:00:00-04:00,15.96627425753886,16.2648208920673,15.65976619720459,15.65976619720459,6507100,0.0,0.0
2022-08-30 00:00:00-04:00,15.53636743182627,15.619961649230738,14.545193388118475,14.628786087036133,7854000,0.0,0.0
2022-08-31 00:00:00-04:00,14.728298637627754,14.883542623553017,14.366062164306639,14.36606216430664,6007700,0.0,0.0
2022-09-01 00:00:00-04:00,14.091401336614245,14.37004363906937,13.904311631977237,13.960040092468262,5248800,0.0,0.0
2022-09-02 00:00:00-04:00,13.960042966930008,14.003830057328043,13.53809643585173,13.665477752685547,4395400,0.0,0.0
2022-09-06 00:00:00-04:00,13.665475800859186,13.788874108733909,13.14003230961831,13.16391658782959,5906900,0.0,0.0
2022-09-07 00:00:00-04:00,13.092264890805554,13.116149168321998,12.487210952679382,12.530997276306152,7362400,0.0,0.0
2022-09-08 00:00:00-04:00,12.483229441277258,12.606628496912315,12.001573838244767,12.523035049438477,10163600,0.0,0.0
2022-09-09 00:00:00-04:00,12.897214438777182,13.092264044516574,12.682260510484019,12.761873245239258,6506700,0.0,0.0
2022-09-12 00:00:00-04:00,12.964885063223717,13.191780384031562,12.841485240938848,12.948962211608887,5283200,0.0,0.0
2022-09-13 00:00:00-04:00,12.642454607218292,13.589842237519601,12.606628951187584,13.0444974899292,8100000,0.0,0.0
2022-09-14 00:00:00-04:00,13.179836652881342,13.267410802650314,12.475266538752228,12.550898551940918,4884200,0.0,0.0
2022-09-15 00:00:00-04:00,12.339926492528148,12.391674237300737,12.06128268738665,12.272255897521973,4644300,0.0,0.0
2022-09-16 00:00:00-04:00,11.742834815409285,11.93390448781448,11.496035919120033,11.754776954650879,5234700,0.0,0.0
2022-09-19 00:00:00-04:00,11.59953137950895,11.667201978712566,11.328848982694481,11.440306663513184,3988600,0.0,0.0
2022-09-20 00:00:00-04:00,11.364673992673143,11.794581081045273,11.277100593664423,11.464189529418945,4186900,0.0,0.0
2022-09-21 00:00:00-04:00,11.42040351528113,11.4522484575226,10.772358219386039,10.803406715393066,6029300,0.0,0.0
2022-09-22 00:00:00-04:00,10.894961488286318,11.191915211311262,10.44395653940247,10.500879287719727,5595400,0.0,0.0
2022-09-23 00:00:00-04:00,9.95951615283067,10.07893450585529,9.536773998703852,9.89980697631836,9350600,0.0,0.0
2022-09-26 00:00:00-04:00,9.931652472774935,10.090877205400442,9.533590261589461,9.605240821838379,4909000,0.0,0.0
2022-09-27 00:00:00-04:00,9.820193095763223,10.051069108276678,9.637084115221773,9.939611434936523,4719000,0.0,0.0
2022-09-28 00:00:00-04:00,9.852038628205383,10.168498081178075,9.76048451206066,10.10679817199707,4205400,0.0,0.0
2022-09-29 00:00:00-04:00,9.760483176848327,9.891843643551514,9.069845168976835,9.171351432800293,6417000,0.0,0.0
2022-09-30 00:00:00-04:00,9.231061659812845,9.569414646078974,9.183293866769205,9.354460716247559,3622300,0.0,0.0
2022-10-03 00:00:00-04:00,9.497763505834396,9.967476982308899,9.469899275745794,9.653007507324219,5539700,0.0,0.0
2022-10-04 00:00:00-04:00,9.85203854744051,10.258062136462517,9.81223217923855,10.23019790649414,3606900,0.0,0.0
2022-10-05 00:00:00-04:00,9.919709579285962,10.066992920299226,9.581356573641994,9.979418754577637,3152900,0.0,0.0
2022-10-06 00:00:00-04:00,9.951554304601434,10.050273401383903,9.65300767546339,9.871941566467285,2301400,0.0,0.0
2022-10-07 00:00:00-04:00,9.712716300432021,9.840096066851856,9.469898905410446,9.553491592407227,3272400,0.0,0.0
2022-10-10 00:00:00-04:00,9.684853247800499,9.824175168961121,9.57618198226167,9.700776100158691,2588300,0.0,0.0
2022-10-11 00:00:00-04:00,9.513685528866258,9.784367920758836,9.075816998407284,9.537569046020508,3340500,0.0,0.0
2022-10-12 00:00:00-04:00,9.55747326007965,9.911748365742499,9.457957712714276,9.820194244384766,2933300,0.0,0.0
2022-10-13 00:00:00-04:00,9.653007434113182,11.038263576460304,9.593298261627124,10.687969207763672,8725600,0.0,0.0
2022-10-14 00:00:00-04:00,10.672046550727432,10.747678575513625,10.130682516542583,10.222236633300781,5396500,0.0,0.0
2022-10-17 00:00:00-04:00,10.357577025083645,10.469033937938212,9.627132606193445,9.716696739196777,4587700,0.0,0.0
2022-10-18 00:00:00-04:00,9.951554356868034,10.194372526133483,9.56145360829721,9.76048469543457,3967300,0.0,0.0
2022-10-19 00:00:00-04:00,9.796310873380005,9.863981476978987,9.286790989855705,9.358442306518555,3849000,0.0,0.0
2022-10-20 00:00:00-04:00,9.362422735172778,9.585337345274027,9.010137611777665,9.175333023071289,3966600,0.0,0.0
2022-10-21 00:00:00-04:00,9.155430639538277,9.485822236595357,9.107662841264897,9.390287399291992,2512700,0.0,0.0
2022-10-24 00:00:00-04:00,9.41416976195565,9.633104401543592,8.968340575991908,9.589317321777344,3097100,0.0,0.0
2022-10-25 00:00:00-04:00,9.497763724386175,9.772426078074032,9.382325329370401,9.720678329467773,2821000,0.0,0.0
2022-10-26 00:00:00-04:00,9.63708480546108,9.97145709018709,9.374363833068264,9.684852600097656,3614200,0.0,0.0
2022-10-27 00:00:00-04:00,9.617182953326589,9.662960016464796,9.254946402195195,9.270869255065918,3681600,0.0,0.0
2022-10-28 00:00:00-04:00,9.155429989355044,9.203197784236142,8.890718279573845,9.187274932861328,3853400,0.0,0.0
2022-10-31 00:00:00-04:00,9.167371849853971,9.469899183610154,9.123584769144573,9.350480079650879,3093800,0.0,0.0
2022-11-01 00:00:00-04:00,9.465919410739705,9.975438541976475,9.366403860514598,9.963497161865234,4302800,0.0,0.0
2022-11-02 00:00:00-04:00,9.6331053616338,9.672910973486768,9.055914878845215,9.055914878845215,5229000,0.0,0.0
2022-11-03 00:00:00-04:00,9.063874392616025,9.294750385172543,8.9563974411044,9.016106605529785,3150800,0.0,0.0
2022-11-04 00:00:00-04:00,9.239022754488973,9.414170324781864,8.962369663229717,9.223100662231445,4094200,0.0,0.0
2022-11-07 00:00:00-05:00,9.513685547442442,10.066992470506756,9.446014949337165,9.80427074432373,4307500,0.0,0.0
2022-11-08 00:00:00-05:00,9.804271244142514,10.039127993113556,9.641065809670211,9.788349151611328,2801700,0.0,0.0
2022-11-09 00:00:00-05:00,9.71271695723315,9.718688406167653,9.19523643134826,9.223100662231445,2947600,0.0,0.0
2022-11-10 00:00:00-05:00,9.6370847497485,10.190391681098715,9.513685689912121,9.875922203063965,5018200,0.0,0.0
2022-11-11 00:00:00-05:00,9.97145646516816,10.883019145002223,9.97145646516816,10.779522895812988,5088200,0.0,0.0
2022-11-14 00:00:00-05:00,10.886999748337477,10.906902551763542,10.321751475663755,10.437189102172852,3964700,0.0,0.0
2022-11-15 00:00:00-05:00,10.69593165866896,10.86709776707417,10.469832012999598,10.49690055847168,3750900,0.0,0.0
2022-11-16 00:00:00-05:00,11.233313942640315,11.695065989998751,10.54665732032042,10.727775573730469,10436800,0.0,0.0
2022-11-17 00:00:00-05:00,10.72379614597462,10.727776859182338,10.05505151194596,10.178450584411621,5676200,0.0,0.0
2022-11-18 00:00:00-05:00,10.230198488606556,10.270004099830185,9.430093403269044,9.863981246948242,7100000,0.0,0.0
2022-11-21 00:00:00-05:00,9.800291649667221,9.84407797516547,9.457957916399991,9.700776100158691,3313800,0.0,0.0
2022-11-22 00:00:00-05:00,9.784368083630756,10.051069767229958,9.704755346133583,9.915728569030762,3596200,0.0,0.0
2022-11-23 00:00:00-05:00,9.98738033586191,10.285926976210328,9.919709733679866,10.2381591796875,4408400,0.0,0.0
2022-11-25 00:00:00-05:00,10.349616483236993,10.445151313511516,10.118740453596054,10.218255996704102,4001400,0.0,0.0
2022-11-28 00:00:00-05:00,10.330691994019388,10.344184717685412,9.512152297089267,9.53913688659668,7160200,2.95,0.0
2022-11-29 00:00:00-05:00,9.561624546884943,10.222752550984385,9.363735559970804,9.633584022521973,5266600,0.0,0.0
2022-11-30 00:00:00-05:00,9.588609568956484,9.588609568956484,9.00843616319562,9.453685760498047,8467200,0.0,0.0
2022-12-01 00:00:00-05:00,9.399715373354796,9.59760436185979,9.012933403152527,9.035420417785645,4545400,0.0,0.0
2022-12-02 00:00:00-05:00,8.994943264733998,9.017430279765978,8.63964259402118,8.72509479522705,4774400,0.0,0.0
2022-12-05 00:00:00-05:00,8.904993460179908,9.150105697664804,8.599166110739942,8.801551818847656,5115200,0.0,0.0
2022-12-06 00:00:00-05:00,8.779066070001212,8.864517425430062,8.531704580651246,8.635147094726562,3862100,0.0,0.0
2022-12-07 00:00:00-05:00,8.54519655987204,8.605463032970976,7.942535260181404,7.956027984619141,6700400,0.0,0.0
2022-12-08 00:00:00-05:00,8.086454578379524,8.59017182781174,7.902058292080831,8.369795799255371,5171200,0.0,0.0
2022-12-09 00:00:00-05:00,8.369795987396278,8.558689852951332,8.24836403286273,8.351805686950684,2745000,0.0,0.0
2022-12-12 00:00:00-05:00,8.25286152135747,8.329318581799328,8.009997614839314,8.068465232849121,3855100,0.0,0.0
2022-12-13 00:00:00-05:00,8.32032218000493,8.455245980334627,7.978514246968476,8.15841293334961,3655200,0.0,0.0
2022-12-14 00:00:00-05:00,8.095449339711381,8.162911245977375,7.852585447764194,8.032485008239746,3310600,0.0,0.0
2022-12-15 00:00:00-05:00,7.965022824033665,8.174155349161175,7.888566620437329,8.131429672241211,2702400,0.0,0.0
2022-12-16 00:00:00-05:00,8.252860348286486,8.33831254671046,7.879570249265471,7.893062114715576,3790300,0.0,0.0
2022-12-19 00:00:00-05:00,7.915550740772066,7.929042607507231,7.30029656916759,7.326382160186768,5054700,0.0,0.0
2022-12-20 00:00:00-05:00,7.546757862686565,7.771631448916294,7.452310510401259,7.641204357147217,4085100,0.0,0.0
2022-12-21 00:00:00-05:00,7.726657004148276,8.018992511482207,7.672686962908691,7.97401762008667,2876100,0.0,0.0
2022-12-22 00:00:00-05:00,7.870575110538053,7.933539436918482,7.605673723995344,7.929041862487793,2808000,0.0,0.0
2022-12-23 00:00:00-05:00,8.00549967250145,8.072962437544613,7.771631784665727,7.875073432922363,1936100,0.0,0.0
2022-12-27 00:00:00-05:00,7.816605830921025,7.8750734463481535,7.4882905861599625,7.690677165985107,2897500,0.0,0.0
2022-12-28 00:00:00-05:00,7.645701593940749,7.834595432339329,7.569244543688357,7.627711296081543,2890200,0.0,0.0
2022-12-29 00:00:00-05:00,7.627712410321515,8.180902140756244,7.5692456493876294,8.131429672241211,4549900,0.0,0.0
2022-12-30 00:00:00-05:00,7.98301312059425,7.98301312059425,7.672687299940785,7.731154918670654,4140200,0.0,0.0
2023-01-03 00:00:00-05:00,7.812108417839938,7.960524943879921,7.558001036438662,7.627711296081543,4783800,0.0,0.0
2023-01-04 00:00:00-05:00,7.645702707048014,7.9155512094499505,7.560250495425373,7.731154918670654,2603800,0.0,0.0
2023-01-05 00:00:00-05:00,7.690676922382408,7.74464610340984,7.519772514204651,7.66818904876709,3410000,0.0,0.0
2023-01-06 00:00:00-05:00,7.659194764912396,7.780625851259589,7.560249836553992,7.704168796539307,3160400,0.0,0.0
2023-01-09 00:00:00-05:00,7.852584787531381,8.158412985236657,7.668188525589895,7.6726861000061035,4061800,0.0,0.0
2023-01-10 00:00:00-05:00,7.668188723802414,7.949280698396706,7.577339948590675,7.884068012237549,3192100,0.0,0.0
2023-01-11 00:00:00-05:00,7.785123691209354,7.870575898296054,7.69292555071373,7.834596157073975,4009800,0.0,0.0
2023-01-12 00:00:00-05:00,7.825601177422449,7.915550961345293,7.650200042380088,7.708666801452637,4495500,0.0,0.0
2023-01-13 00:00:00-05:00,7.645702791804434,7.717662278866024,7.564748154403956,7.650200366973877,3918800,0.0,0.0
2023-01-17 00:00:00-05:00,7.668189764578325,8.0999475422249,7.668189764578325,8.054972648620605,4743500,0.0,0.0
2023-01-18 00:00:00-05:00,8.266354560926786,8.3652995107204,8.072963952691229,8.122435569763184,4992400,0.0,0.0
2023-01-19 00:00:00-05:00,8.032485121648593,8.102195387383647,7.672686853442257,7.875073432922363,4055500,0.0,0.0
2023-01-20 00:00:00-05:00,7.992007371600288,8.279845284269296,7.915550318819503,8.275347709655762,3206300,0.0,0.0
2023-01-23 00:00:00-05:00,8.25286134156238,8.644140927550993,8.131429390948792,8.450750350952148,4164000,0.0,0.0
2023-01-24 00:00:00-05:00,8.320322865435589,8.545196456393308,8.212383644714844,8.40577507019043,2803100,0.0,0.0
2023-01-25 00:00:00-05:00,8.158413667954461,8.257358597741796,7.906555484342909,8.252861022949219,4351900,0.0,0.0
2023-01-26 00:00:00-05:00,8.365296899474044,8.481331399759917,8.072961432698051,8.24836254119873,2749200,0.0,0.0
2023-01-27 00:00:00-05:00,8.185399512956678,8.439506067353218,8.16291163790518,8.369795799255371,3032800,0.0,0.0
2023-01-30 00:00:00-05:00,8.2888414066129,8.590172078498966,8.279846256329794,8.419267654418945,3393900,0.0,0.0
2023-01-31 00:00:00-05:00,8.441754268027076,8.563186205219862,8.423763970150535,8.522708892822266,2457200,0.0,0.0
2023-02-01 00:00:00-05:00,8.68012168322086,9.303021734682938,8.60366461551514,9.1703462600708,5699900,0.0,0.0
2023-02-02 00:00:00-05:00,9.45818425325896,10.290215915892077,9.45818425325896,9.894438743591309,9363900,0.0,0.0
2023-02-03 00:00:00-05:00,9.777504186925935,10.546572357726573,9.566123308243455,10.276723861694336,6107200,0.0,0.0
2023-02-06 00:00:00-05:00,10.164285758489957,10.330691723557832,9.853959984892947,10.006874084472656,3740700,0.0,0.0
2023-02-07 00:00:00-05:00,10.00687498323016,10.065341740520777,9.480670736315856,9.719037055969238,4425000,0.0,0.0
2023-02-08 00:00:00-05:00,9.768508584031617,10.123809273197699,9.651574212577893,9.799991607666016,3947900,0.0,0.0
2023-02-09 00:00:00-05:00,9.916924795608441,10.425139580152345,9.854860324118151,10.263230323791504,4406700,0.0,0.0
2023-02-10 00:00:00-05:00,10.020368394847678,10.2902160412458,9.8449663952992,10.101322174072266,3550100,0.0,0.0
2023-02-13 00:00:00-05:00,9.741523916624955,9.849463137622292,9.206324528583233,9.431198120117188,5866700,0.0,0.0
2023-02-14 00:00:00-05:00,9.2692894142411,9.57961434277032,9.084893143842704,9.534640312194824,3411300,0.0,0.0
2023-02-15 00:00:00-05:00,9.444689909183182,9.71453836386762,9.327755550225772,9.651573181152344,2175000,0.0,0.0
2023-02-16 00:00:00-05:00,9.638082585425924,9.660569602184456,9.489666044475383,9.557127952575684,1961400,0.0,0.0
2023-02-17 00:00:00-05:00,10.006874599659053,10.276723075035015,9.920972896475138,9.966397285461426,4500000,0.0,0.0
2023-02-21 00:00:00-05:00,9.948408490090818,10.15978936630758,9.808986239775251,9.840468406677246,3681300,0.0,0.0
2023-02-22 00:00:00-05:00,9.822478623865905,9.835971348280646,9.49866095833422,9.799991607666016,2610700,0.0,0.0
2023-02-23 00:00:00-05:00,9.871950764685677,10.366671967433307,9.804488002652224,10.263230323791504,4419200,0.0,0.0
2023-02-24 00:00:00-05:00,10.25423601507178,10.87443814329487,10.065342153107709,10.784937858581543,5491500,0.0,0.0
2023-02-27 00:00:00-05:00,11.041293286885539,11.221192851027421,10.782689164624802,11.036796569824219,4971400,0.0,0.0
2023-02-28 00:00:00-05:00,11.104258800324885,11.243680194546338,10.537577215580784,10.641018867492676,13248200,0.0,0.0
2023-03-01 00:00:00-05:00,10.735465534365478,10.919861809029754,10.457071406218718,10.771445274353027,3025500,0.0,0.0
2023-03-02 00:00:00-05:00,10.816418973461008,10.816418973461008,9.988884121361973,10.204763412475586,4793700,0.0,0.0
2023-03-03 00:00:00-05:00,10.263230814326928,10.398155487017961,9.997879901641726,10.078834533691406,2878600,0.0,0.0
2023-03-06 00:00:00-05:00,10.14179904174132,10.14179904174132,9.624589932037885,9.696549415588379,3857400,0.0,0.0
2023-03-07 00:00:00-05:00,9.66956440229485,9.830124303930834,9.498660850766912,9.728031158447266,2421500,0.0,0.0
2023-03-08 00:00:00-05:00,9.76400944990081,9.844964067811336,9.593105923731011,9.692049980163574,3187600,0.0,0.0
2023-03-09 00:00:00-05:00,9.660568808182163,9.716787203282605,9.098384857177734,9.098384857177734,4143000,0.0,0.0
2023-03-10 00:00:00-05:00,9.084893011152944,9.129867041071568,8.689115028401826,8.801551818847656,5014400,0.0,0.0
2023-03-13 00:00:00-04:00,10.029361573793862,10.969333230149457,9.33225380162185,9.381726264953613,18661600,0.0,0.0
2023-03-14 00:00:00-04:00,9.728031685816138,10.452124961792402,9.64258033433208,10.353180885314941,8683400,0.0,0.0
2023-03-15 00:00:00-04:00,10.443129376945244,10.870389547873309,10.182276042707757,10.825414657592773,7217700,0.0,0.0
2023-03-16 00:00:00-04:00,10.906370460667837,11.093015975152683,10.654512248983558,11.032299995422363,5000700,0.0,0.0
2023-03-17 00:00:00-04:00,11.108756397848365,11.180715882613278,10.650014039103516,10.784937858581543,5051800,0.0,0.0
2023-03-20 00:00:00-04:00,10.789435541131256,10.807425841414132,10.164287189321806,10.191271781921387,6067700,0.0,0.0
2023-03-21 00:00:00-04:00,10.377916060441043,10.793931840323665,10.299209792743905,10.510591506958008,4556800,0.0,0.0
2023-03-22 00:00:00-04:00,10.6949882196514,11.131242674228528,10.560063551329588,10.771445274353027,5716800,0.0,0.0
2023-03-23 00:00:00-04:00,10.991821569653638,11.297649796268708,10.703982784579324,10.964836120605469,5168000,0.0,0.0
2023-03-24 00:00:00-04:00,10.82541422641751,10.882981980744717,10.323946235650967,10.416144371032715,3776200,0.0,0.0
2023-03-27 00:00:00-04:00,10.461120858460216,10.488105452548352,9.814384453765163,10.07433795928955,3560800,0.0,0.0
2023-03-28 00:00:00-04:00,10.114814274844077,10.299210555479597,9.964149376837488,10.078834533691406,2251200,0.0,0.0
2023-03-29 00:00:00-04:00,10.27672329705179,10.578053943796997,10.254235423220253,10.542074203491211,2524700,0.0,0.0
2023-03-30 00:00:00-04:00,10.748958069425496,10.901872188341715,10.69498888499902,10.789435386657715,2774700,0.0,0.0
2023-03-31 00:00:00-04:00,10.951344183003853,10.952693541229994,10.587049201459013,10.6050386428833,4209500,0.0,0.0
2023-04-03 00:00:00-04:00,10.60953683076058,10.717476059017555,10.195769360196474,10.555566787719727,7501600,0.0,0.0
2023-04-04 00:00:00-04:00,11.223404843944156,12.291947608169282,11.149201173327624,12.082939147949219,15686500,6.4,0.0
2023-04-05 00:00:00-04:00,11.804671546533136,11.804671546533136,10.747259294498148,10.895668983459473,10270400,0.0,0.0
2023-04-06 00:00:00-04:00,10.951321741466069,11.09973143854427,10.605035200324398,10.753443717956543,4925800,0.0,0.0
2023-04-10 00:00:00-04:00,10.728709920968958,10.976057458799158,10.43189287557272,10.90185260772705,4951200,0.0,0.0
2023-04-11 00:00:00-04:00,11.099731662876174,12.429225692215937,11.068812483924132,12.37357234954834,9868100,0.0,0.0
2023-04-12 00:00:00-04:00,12.416857342173348,12.713674367218283,12.181877492207608,12.268448829650879,5952600,0.0,0.0
2023-04-13 00:00:00-04:00,12.50961168724657,12.834255360621578,12.447774516259441,12.583816528320312,4946600,0.0,0.0
2023-04-14 00:00:00-04:00,12.985759197451113,13.517557332483799,12.930105849392056,13.387699127197266,6985200,0.0,0.0
2023-04-17 00:00:00-04:00,13.48045312333939,13.53610646648226,13.019768557757512,13.33204460144043,3513100,0.0,0.0
2023-04-18 00:00:00-04:00,13.332044055962276,13.529304047339537,13.177451704545216,13.313493728637695,2389600,0.0,0.0
2023-04-19 00:00:00-04:00,13.02904451019738,13.449535937411754,12.726043612221414,13.17745304107666,4140800,0.0,0.0
2023-04-20 00:00:00-04:00,12.985758245381291,13.2021877853602,12.559083001359568,12.620920181274414,3556600,0.0,0.0
2023-04-21 00:00:00-04:00,12.336469255070286,12.336469255070286,11.87269223314202,11.903610229492188,4810000,0.0,0.0
2023-04-24 00:00:00-04:00,11.903612113810917,11.903612113810917,11.415099673915178,11.427467346191406,4488800,0.0,0.0
2023-04-25 00:00:00-04:00,11.30379377743079,11.39036512152862,10.827649026000529,10.864750862121582,4737700,0.0,0.0
2023-04-26 00:00:00-04:00,11.03789467306577,11.073141240282808,10.339136549606236,10.382423400878906,6982900,0.0,0.0
2023-04-27 00:00:00-04:00,10.537016190014564,10.567934191310872,10.32058664260197,10.37005615234375,4360100,0.0,0.0
2023-04-28 00:00:00-04:00,10.326770741631993,10.66068964602782,10.308219232714267,10.555566787719727,3160200,0.0,0.0
2023-05-01 00:00:00-04:00,10.537014829603487,10.54938132085771,10.224737631375934,10.45044231414795,3169100,0.0,0.0
2023-05-02 00:00:00-04:00,10.326769318752103,10.425708327121919,10.227830310382288,10.376238822937012,2685500,0.0,0.0
2023-05-03 00:00:00-04:00,10.382423171183907,10.592667689769334,10.302034485759235,10.326769828796387,2716600,0.0,0.0
2023-05-04 00:00:00-04:00,10.277300142654468,10.351503811577663,10.01449243498252,10.110340118408203,3096100,0.0,0.0
2023-05-05 00:00:00-04:00,10.184543328199188,10.815280382842168,10.184543328199188,10.802912712097168,3529700,0.0,0.0
2023-05-08 00:00:00-04:00,10.86475056114482,10.988424917383764,10.691607877745586,10.908036231994629,2168700,0.0,0.0
2023-05-09 00:00:00-04:00,10.827648870129268,10.858566869877377,10.515371647221365,10.710158348083496,2119300,0.0,0.0
2023-05-10 00:00:00-04:00,10.8585663166386,10.88948549425748,10.549381617125972,10.691607475280762,2220100,0.0,0.0
2023-05-11 00:00:00-04:00,10.747260166100908,10.796729673284663,10.58030131650954,10.648321151733398,2010900,0.0,0.0
2023-05-12 00:00:00-04:00,10.75344321497354,10.832594656564321,10.530831038660843,10.574116706848145,1696700,0.0,0.0
2023-05-15 00:00:00-04:00,10.635954535382668,10.945139246533955,10.357687823568082,10.908036231994629,3101700,0.0,0.0
2023-05-16 00:00:00-04:00,10.821464291991422,11.016250979492149,10.413340590191996,10.475177764892578,3184000,0.0,0.0
2023-05-17 00:00:00-04:00,10.580300458447143,10.94513848663125,10.561748952465479,10.895668983459473,2277300,0.0,0.0
2023-05-18 00:00:00-04:00,10.858567088718637,11.087364301582474,10.821465252383947,11.056445121765137,1629000,0.0,0.0
2023-05-19 00:00:00-04:00,11.099732002385945,11.10900716663222,10.737985263981743,10.827649116516113,2500100,0.0,0.0
2023-05-22 00:00:00-04:00,9.931013759448257,9.931013759448257,8.966357677493857,9.077664375305176,16061500,0.0,0.0
2023-05-23 00:00:00-04:00,8.564416039489537,8.867416890285561,8.007883250764747,8.817947387695312,12779800,0.0,0.0
2023-05-24 00:00:00-04:00,8.688090869884721,9.04365318484869,8.582968016455643,8.910703659057617,5238700,0.0,0.0
2023-05-25 00:00:00-04:00,8.873601454115606,8.955226199063695,8.688090509309124,8.76229476928711,3625700,0.0,0.0
2023-05-26 00:00:00-04:00,8.873601537177155,8.910703372651923,8.453110136976179,8.521130561828613,2603300,0.0,0.0
2023-05-30 00:00:00-04:00,8.347986178841214,8.620068431858677,8.267598093018952,8.366537094116211,4316500,0.0,0.0
2023-05-31 00:00:00-04:00,8.236679935276795,8.317068025271666,7.828556239705133,7.871841907501221,5519100,0.0,0.0
2023-06-01 00:00:00-04:00,7.927496036237552,8.416007870504297,7.890394200063044,8.18102741241455,4152800,0.0,0.0
2023-06-02 00:00:00-04:00,8.385089792966056,9.003459227589058,8.385089792966056,8.774662017822266,4640600,0.0,0.0
2023-06-05 00:00:00-04:00,8.787029487039035,8.830315157753528,8.347987174987793,8.347987174987793,2443200,0.0,0.0
2023-06-06 00:00:00-04:00,8.323251872435401,8.723955084137481,8.224312866061851,8.558232307434082,2589100,0.0,0.0
2023-06-07 00:00:00-04:00,8.657171506071982,8.799396183461834,8.484028241072984,8.490211486816406,2365900,0.0,0.0
2023-06-08 00:00:00-04:00,8.626252748208428,8.73755942551531,8.360354315352984,8.47784423828125,2680200,0.0,0.0
2023-06-09 00:00:00-04:00,8.40982405563236,8.40982405563236,7.946047006749465,7.989332675933838,5791500,0.0,0.0
2023-06-12 00:00:00-04:00,8.007883763913762,8.181027034074738,7.810005740872645,8.174843788146973,3677400,0.0,0.0
2023-06-13 00:00:00-04:00,8.372721334489254,8.425282755082357,8.088271397701224,8.205761909484863,3239800,0.0,0.0
2023-06-14 00:00:00-04:00,8.187211503901649,8.47166147891808,8.137741994309494,8.360355377197266,3272900,0.0,0.0
2023-06-15 00:00:00-04:00,8.24286393144732,8.366537691651633,8.12722868553786,8.279966354370117,2071300,0.0,0.0
2023-06-16 00:00:00-04:00,8.18720968911741,8.193393523876484,7.995515529369675,8.038801193237305,2979600,0.0,0.0
2023-06-20 00:00:00-04:00,7.93986351511246,8.054261528546686,7.683240227204959,7.754352569580078,3584700,0.0,0.0
2023-06-21 00:00:00-04:00,7.680148159598267,7.810005759967243,7.605943900776427,7.630678653717041,2163900,0.0,0.0
2023-06-22 00:00:00-04:00,7.6183114352958965,7.664689615824391,7.440220967646743,7.537923336029053,1980300,0.0,0.0
2023-06-23 00:00:00-04:00,7.4204330276355694,7.55956638279295,7.37220017049588,7.531739711761475,1877300,0.0,0.0
2023-06-26 00:00:00-04:00,7.482269975211919,7.567604664619363,7.386422293620024,7.476086139678955,2206400,0.0,0.0
2023-06-27 00:00:00-04:00,7.438984055777298,7.7481687698629065,7.284391698734494,7.704883098602295,2805800,0.0,0.0
2023-06-28 00:00:00-04:00,7.6306784747085175,7.853291245951751,7.549671762665306,7.847107410430908,2275200,0.0,0.0
2023-06-29 00:00:00-04:00,7.878025907593612,7.958413999269833,7.7667198181152335,7.766719818115234,1590100,0.0,0.0
2023-06-30 00:00:00-04:00,7.853290951222804,7.896577208521188,7.643045269188628,7.661596775054932,1651600,0.0,0.0
2023-07-03 00:00:00-04:00,7.667780585616261,8.062918607949953,7.661597339594875,7.915128707885742,2531200,0.0,0.0
2023-07-05 00:00:00-04:00,7.878026028953138,8.088271719695435,7.810005607128343,7.939863204956055,2222900,0.0,0.0
2023-07-06 00:00:00-04:00,7.785270868184811,7.878026042627166,7.587392848188843,7.828556537628174,2192600,0.0,0.0
2023-07-07 00:00:00-04:00,7.847107940762849,8.075905152712766,7.847107940762849,7.859475612640381,2055100,0.0,0.0
2023-07-10 00:00:00-04:00,7.915128219966659,8.010975309204643,7.803821542320614,7.884209632873535,1593800,0.0,0.0
2023-07-11 00:00:00-04:00,7.995516615109841,8.4067322468616,7.983148943912244,8.273782730102539,3941800,0.0,0.0
2023-07-12 00:00:00-04:00,8.051169604960558,8.514946639631843,7.890393424740992,7.9027605056762695,5807200,0.0,0.0
2023-07-13 00:00:00-04:00,8.001699512050465,8.032618098973149,7.7419849151796996,7.9027605056762695,2820700,0.0,0.0
2023-07-14 00:00:00-04:00,7.933679348920238,7.967689854606302,7.673964153935601,7.878026008605957,2442700,0.0,0.0
2023-07-17 00:00:00-04:00,7.754352516869035,7.946047296884807,7.68633209284952,7.915128707885742,2165700,0.0,0.0
2023-07-18 00:00:00-04:00,7.933679438567899,8.378905576390027,7.924403685169701,8.273782730102539,3541700,0.0,0.0
2023-07-19 00:00:00-04:00,8.409825010285648,8.92925486863098,8.381998337016048,8.805581092834473,5413900,0.0,0.0
2023-07-20 00:00:00-04:00,8.811764432392494,9.108581477574441,8.78084584275528,8.916887283325195,3766900,0.0,0.0
2023-07-21 00:00:00-04:00,8.87360114307793,8.923070647995914,8.440742090461043,8.514946937561035,3020200,0.0,0.0
2023-07-24 00:00:00-04:00,8.471662013386913,8.657172980922736,8.44445395831162,8.582968711853027,1771100,0.0,0.0
2023-07-25 00:00:00-04:00,8.657172029297435,8.799396715283116,8.391272985400496,8.440742492675781,2087900,0.0,0.0
2023-07-26 00:00:00-04:00,8.372721919429845,8.824131902481959,8.360354837691407,8.780845642089844,2475800,0.0,0.0
2023-07-27 00:00:00-04:00,8.960173000387186,9.349745816454853,8.845774984789767,8.898336410522461,4573400,0.0,0.0
2023-07-28 00:00:00-04:00,9.040561050638917,9.516705797692461,9.040561050638917,9.411582946777344,3689800,0.0,0.0
2023-07-31 00:00:00-04:00,9.411582504157941,9.516705350129214,9.170418224037428,9.362112998962402,2599400,0.0,0.0
2023-08-01 00:00:00-04:00,9.188968576802734,9.433224759714697,9.01582531925028,9.368295669555664,2028800,0.0,0.0
2023-08-02 00:00:00-04:00,9.176602967187943,9.263174314980573,8.799397215612366,9.238439559936523,2503700,0.0,0.0
2023-08-03 00:00:00-04:00,9.102397449216808,9.529072062430613,9.059111191555266,9.504337310791016,2765000,0.0,0.0
2023-08-04 00:00:00-04:00,9.491970577125166,9.565556215313046,9.145683451777842,9.300275802612305,1586100,0.0,0.0
2023-08-07 00:00:00-04:00,9.306459564555679,9.380663821602427,8.910702937250006,8.96635627746582,2017200,0.0,0.0
2023-08-08 00:00:00-04:00,8.780844926797965,9.083845776245001,8.558232166132935,8.978723526000977,2003600,0.0,0.0
2023-08-09 00:00:00-04:00,8.978723542133203,8.978723542133203,8.620068764721776,8.756110191345215,1848800,0.0,0.0
2023-08-10 00:00:00-04:00,8.811764018962078,8.923070700544546,8.694274091520713,8.787029266357422,1381700,0.0,0.0
2023-08-11 00:00:00-04:00,8.657171209415507,8.889059723953423,8.595334036316201,8.817947387695312,1425900,0.0,0.0
2023-08-14 00:00:00-04:00,8.749926936826826,8.749926936826826,8.509381273495846,8.607702255249023,1990100,0.0,0.0
2023-08-15 00:00:00-04:00,8.490212552353634,8.508764061081175,8.218130244636953,8.310885429382324,3634200,0.0,0.0
2023-08-16 00:00:00-04:00,7.785270885660988,7.881117978096313,7.389514255057652,7.457535266876221,8744700,0.0,0.0
2023-08-17 00:00:00-04:00,7.507004431173683,7.905852371731347,7.500820595884915,7.661596775054932,3434300,0.0,0.0
2023-08-18 00:00:00-04:00,7.463718542498749,7.791454752314018,7.3956981201318355,7.66778039932251,2325300,0.0,0.0
2023-08-21 00:00:00-04:00,7.5564745074668975,7.816189712073928,7.542870186743832,7.803822040557861,2099100,0.0,0.0
2023-08-22 00:00:00-04:00,7.803821914475884,7.89657768017867,7.513188125497331,7.599760055541992,2158100,0.0,0.0
2023-08-23 00:00:00-04:00,7.5255555547586654,7.6554131507873535,7.445167462957763,7.6554131507873535,1699400,0.0,0.0
2023-08-24 00:00:00-04:00,7.636862560164154,7.665307260934132,7.488453451421938,7.531739711761475,1863500,0.0,0.0
2023-08-25 00:00:00-04:00,7.488453224228224,7.5502904001383095,7.252854751662368,7.333860874176025,2389000,0.0,0.0
2023-08-28 00:00:00-04:00,7.401882942467725,7.52555672222311,7.247290570342719,7.296760082244873,1768400,0.0,0.0
2023-08-29 00:00:00-04:00,7.296758500722424,7.571932674751424,7.253472244897715,7.5441060066223145,2008000,0.0,0.0
2023-08-30 00:00:00-04:00,7.544106348361141,7.544106348361141,7.445167341519369,7.482269763946533,1219400,0.0,0.0
2023-08-31 00:00:00-04:00,7.426617055291662,7.513188398762012,7.358596040024332,7.463718891143799,2905900,0.0,0.0
2023-09-01 00:00:00-04:00,7.568841934204102,7.735801968941855,7.556474851847451,7.568841934204102,1705800,0.0,0.0
2023-09-05 00:00:00-04:00,7.500821184790567,7.525555938164626,7.204003554578823,7.228738307952881,2538500,0.0,0.0
2023-09-06 00:00:00-04:00,7.191636262512035,7.296759108709368,7.1421667572101155,7.234921932220459,1566300,0.0,0.0
2023-09-07 00:00:00-04:00,7.142166941960529,7.173085531004772,6.986337937256264,7.018493175506592,2340100,0.0,0.0
2023-09-08 00:00:00-04:00,6.993758760955635,7.15762628829782,6.901002989330318,7.074146270751953,1391300,0.0,0.0
2023-09-11 00:00:00-04:00,7.080329250534455,7.191635927134567,7.018492666652277,7.067962169647217,1657600,0.0,0.0
2023-09-12 00:00:00-04:00,7.018492767945514,7.241105534635565,6.998086582922517,7.1792683601379395,1275000,0.0,0.0
2023-09-13 00:00:00-04:00,7.241105394711542,7.367871069231409,6.97520637512207,6.97520637512207,2369500,0.0,0.0
2023-09-14 00:00:00-04:00,7.142167412764764,7.253473515048972,6.944288783671476,6.956656455993652,2414500,0.0,0.0
2023-09-15 00:00:00-04:00,6.987574894680785,7.074146240155642,6.802063941955566,6.802063941955566,3431700,0.0,0.0
2023-09-18 00:00:00-04:00,7.117431862375633,7.437746991265143,7.061778522591994,7.142166614532471,4506700,0.0,0.0
2023-09-19 00:00:00-04:00,7.135983822236424,7.290576193246506,7.114340984650708,7.284392356872559,2027200,0.0,0.0
2023-09-20 00:00:00-04:00,7.352412106729618,7.432800196527144,7.064870251994659,7.067962169647217,2209500,0.0,0.0
2023-09-21 00:00:00-04:00,6.956656219883826,7.092697662195121,6.845349531654308,6.870084285736084,2162300,0.0,0.0
2023-09-22 00:00:00-04:00,6.876268073054002,7.1669018737516135,6.860809073008372,7.061779022216797,2437200,0.0,0.0
2023-09-25 00:00:00-04:00,6.925736818753761,6.944287734711768,6.598001218121722,6.734042644500732,3624100,0.0,0.0
2023-09-26 00:00:00-04:00,6.684573158281312,6.79587924402126,6.492878393842144,6.511429309844971,2163400,0.0,0.0
2023-09-27 00:00:00-04:00,6.554716146176028,6.604185653038085,6.189878090776076,6.3321027755737305,3013800,0.0,0.0
2023-09-28 00:00:00-04:00,6.282632556388108,6.452684482953637,6.220795974683074,6.387755393981934,1565400,0.0,0.0
2023-09-29 00:00:00-04:00,6.363021302941961,6.545440328868745,6.363021302941961,6.461960315704346,1401200,0.0,0.0
2023-10-02 00:00:00-04:00,6.424858194140862,6.4866947794970535,6.097121991833318,6.1342244148254395,2123700,0.0,0.0
2023-10-03 00:00:00-04:00,6.047652829379927,6.084755254468508,5.8683257191850355,5.89924430847168,2635600,0.0,0.0
2023-10-04 00:00:00-04:00,5.874509773569046,5.954897872816232,5.646331177660911,5.92397928237915,2320700,0.0,0.0
2023-10-05 00:00:00-04:00,5.948713606724312,5.991999276373068,5.738467914619465,5.763202667236328,1835900,0.0,0.0
2023-10-06 00:00:00-04:00,5.695182436000236,6.07547949138668,5.6704476825537125,6.041469573974609,2215600,0.0,0.0
2023-10-09 00:00:00-04:00,5.775570532132198,6.1125819164179855,5.738468107100893,6.041469573974609,3466600,0.0,0.0
2023-10-10 00:00:00-04:00,5.905428798011958,6.1342254405043395,5.894297774391646,5.973449230194092,1797100,0.0,0.0
2023-10-11 00:00:00-04:00,5.893060472669743,5.976540486826772,5.831223883819494,5.89924430847168,1590700,0.0,0.0
2023-10-12 00:00:00-04:00,5.967264642918421,5.967264642918421,5.596243346256428,5.645712852478027,3160600,0.0,0.0
2023-10-13 00:00:00-04:00,5.670447433279719,6.09093881310878,5.667355515519445,6.035285472869873,3314800,0.0,0.0
2023-10-16 00:00:00-04:00,5.948713953984084,6.078571560233888,5.923979199923315,5.991999626159668,1645400,0.0,0.0
2023-10-17 00:00:00-04:00,5.90542772164745,6.047652396575348,5.855958218218355,5.911611557006836,1588900,0.0,0.0
2023-10-18 00:00:00-04:00,5.82503920710413,5.846682039563469,5.602426457878548,5.670446872711182,1908000,0.0,0.0
2023-10-19 00:00:00-04:00,5.602426549717712,5.614793630015941,5.348894621789909,5.410731792449951,2851500,0.0,0.0
2023-10-20 00:00:00-04:00,5.348894971295129,5.410732145995711,5.237588882446289,5.237588882446289,1785100,0.0,0.0
2023-10-23 00:00:00-04:00,5.120098481524881,5.178843739815381,4.9469552141520055,4.977873802185059,3437900,0.0,0.0
2023-10-24 00:00:00-04:00,5.045893868269705,5.364354300024887,5.039710033154543,5.262323379516602,3829000,0.0,0.0
2023-10-25 00:00:00-04:00,5.194303261702995,5.256140443992133,5.104639996079128,5.2499566078186035,1082200,0.0,0.0
2023-10-26 00:00:00-04:00,5.274690576511035,5.491120092537594,5.234496826820782,5.404548168182373,2240200,0.0,0.0
2023-10-27 00:00:00-04:00,5.441651103855184,5.460202021639246,4.999516866894263,5.033527374267578,2341400,0.0,0.0
2023-10-30 00:00:00-04:00,5.095363887115089,5.169568146862625,4.8232816013741235,4.88511848449707,2826000,0.0,0.0
2023-10-31 00:00:00-04:00,4.885118857963631,4.928404532028118,4.776904083079334,4.786179542541504,1939800,0.0,0.0
2023-11-01 00:00:00-04:00,4.786179542541504,4.875843398501461,4.730526490906944,4.786179542541504,1563800,0.0,0.0
2023-11-02 00:00:00-04:00,4.885118981111533,5.095364405102812,4.86718609152286,5.0829973220825195,3017500,0.0,0.0
2023-11-03 00:00:00-04:00,4.8603839419192845,4.916036991711437,4.736709875451271,4.878934860229492,3915400,0.0,0.0
2023-11-06 00:00:00-05:00,4.8913023993178975,4.897486235533704,4.742893868477017,4.786179542541504,1706400,0.0,0.0
2023-11-07 00:00:00-05:00,4.779995640682025,4.779995640682025,4.480086388649847,4.668689250946045,3051600,0.0,0.0
2023-11-08 00:00:00-05:00,4.637770594554377,4.68105655958703,4.47081086494488,4.551198959350586,2475500,0.0,0.0
2023-11-09 00:00:00-05:00,4.606852063807916,4.687240159222711,4.563566393093424,4.637770652770996,2014300,0.0,0.0
2023-11-10 00:00:00-05:00,4.674872678451794,4.681056514051239,4.452259609517467,4.56974983215332,1870300,0.0,0.0
2023-11-13 00:00:00-05:00,4.520280074675718,4.520280074675718,4.34404489798258,4.408973693847656,2614000,0.0,0.0
2023-11-14 00:00:00-05:00,4.507913208067245,4.8696593551841305,4.489362289931855,4.823281764984131,4995300,0.0,0.0
2023-11-15 00:00:00-05:00,4.5883011463192815,4.73052612479872,4.186360964106825,4.637770652770996,10321800,0.0,0.0
2023-11-16 00:00:00-05:00,4.582117018031297,4.90366908429908,4.421341132328154,4.495545387268066,6658200,0.0,0.0
2023-11-17 00:00:00-05:00,4.365688244021669,4.71197509765625,4.251289932140189,4.71197509765625,5311400,0.0,0.0
2023-11-20 00:00:00-05:00,4.606852096566634,4.631586849968377,4.297667384183329,4.340953350067139,5304300,0.0,0.0
2023-11-21 00:00:00-05:00,4.3162191122830835,4.464627650422498,4.235831006693457,4.291484355926514,3777200,0.0,0.0
2023-11-22 00:00:00-05:00,4.322401950496185,4.353320538340857,4.238922235093981,4.266748905181885,2939700,0.0,0.0
2023-11-24 00:00:00-05:00,4.266748905181885,4.316218409844155,4.24201415285075,4.266748905181885,1341400,0.0,0.0
2023-11-27 00:00:00-05:00,4.2481976552594425,4.254381490717311,4.075054390500176,4.099789142608643,3397300,0.0,0.0
2023-11-28 00:00:00-05:00,4.050319891881834,4.136891529679571,3.951380582394326,4.07505464553833,5147500,0.0,0.0
2023-11-29 00:00:00-05:00,4.099789593601386,4.501729801871205,4.099789593601386,4.285300254821777,4758900,0.0,0.0
2023-11-30 00:00:00-05:00,4.31003488850063,4.365688232733159,4.189453035812189,4.328586101531982,3101900,0.0,0.0
2023-12-01 00:00:00-05:00,4.28530014544716,4.749077228953363,4.204912341734181,4.71197509765625,5333100,0.0,0.0
2023-12-04 00:00:00-05:00,4.761444073830067,5.02115925874107,4.7490766981134245,4.984057426452637,5391300,0.0,0.0
2023-12-05 00:00:00-05:00,4.8665673341886,4.88511854679281,4.464627146471571,4.507913112640381,4492400,0.0,0.0
2023-12-06 00:00:00-05:00,4.551198640962997,4.655702861518113,4.458443176588488,4.489361763000488,2991900,0.0,0.0
2023-12-07 00:00:00-05:00,4.452259805790545,4.501729608182393,4.365688167612477,4.458443641662598,2591100,0.0,0.0
2023-12-08 00:00:00-05:00,4.476994405742966,4.637770594554377,4.452259652827597,4.551198959350586,2348000,0.0,0.0
2023-12-11 00:00:00-05:00,4.501729686972611,4.7676284420326835,4.495545850992328,4.71197509765625,2898400,0.0,0.0
2023-12-12 00:00:00-05:00,4.637770716285291,4.6563219288895015,4.467719064382526,4.507913112640381,3040400,0.0,0.0
2023-12-13 00:00:00-05:00,4.476993758112888,4.690331339723987,4.3069424301342805,4.66250467300415,4630200,0.0,0.0
2023-12-14 00:00:00-05:00,4.779995213657078,5.129373941026534,4.7676278381245965,5.052077770233154,5987900,0.0,0.0
2023-12-15 00:00:00-05:00,5.3241605686758415,6.041469601317567,5.3241605686758415,5.961081504821777,13026300,0.0,0.0
2023-12-18 00:00:00-05:00,6.412490875672468,6.771145095508583,5.855958628264161,6.041469573974609,13318100,0.0,0.0
2023-12-19 00:00:00-05:00,6.060019934605891,6.060019934605891,5.726100498909393,5.967264175415039,7924400,0.0,0.0
2023-12-20 00:00:00-05:00,6.084755139159323,6.727859307297615,5.967264620041185,6.189877986907959,10078600,0.0,0.0
2023-12-21 00:00:00-05:00,6.523797023734654,6.616552194088919,6.214612336256453,6.492878437042236,7472000,0.0,0.0
2023-12-22 00:00:00-05:00,6.802063288397539,7.380238927389453,6.721675196949717,7.160717487335205,11969000,0.0,0.0
2023-12-26 00:00:00-05:00,6.647471102272592,6.715491524507187,5.874509346194383,6.338286399841309,17195100,0.0,0.0
2023-12-27 00:00:00-05:00,6.560899698636692,6.659839306704343,6.068677905455464,6.257898807525635,7832600,0.0,0.0
2023-12-28 00:00:00-05:00,6.2269799299620185,6.418674711464859,6.029101902389828,6.041469573974609,5333900,0.0,0.0
2023-12-29 00:00:00-05:00,6.121856733252621,6.33210242048792,5.886876883696352,6.103305816650391,5937400,0.0,0.0
2024-01-02 00:00:00-05:00,6.4310414807587195,6.969023374088401,6.307367719537016,6.919553279876709,10229200,0.0,0.0
2024-01-03 00:00:00-05:00,7.1298000992304456,7.76053726604775,6.882452537570583,7.581210136413574,15071300,0.0,0.0
2024-01-04 00:00:00-05:00,7.946047662163226,8.533498521258325,7.64304618371111,8.416007995605469,18982400,0.0,0.0
2024-01-05 00:00:00-05:00,8.286149916241124,9.423949732978883,8.211945657287316,9.02200984954834,21657200,0.0,0.0
2024-01-08 00:00:00-05:00,8.007884511741626,8.484029286303562,7.63686318389117,8.453110694885254,17984500,0.0,0.0
2024-01-09 00:00:00-05:00,8.168659984328091,8.341803255163779,7.785271018330413,7.952230453491211,8325400,0.0,0.0
2024-01-10 00:00:00-05:00,7.976966003374994,8.484029374634495,7.890394654170096,7.97078275680542,8650200,0.0,0.0
2024-01-11 00:00:00-05:00,8.100638926580574,8.669538790203914,7.946046585155166,8.484027862548828,10255400,0.0,0.0
2024-01-12 00:00:00-05:00,9.275540528217954,9.504337123813906,8.162475546887203,8.323251724243164,20186800,0.0,0.0
2024-01-16 00:00:00-05:00,8.719009185595759,8.885968624785223,8.125374510111925,8.230497360229492,8596600,0.0,0.0
2024-01-17 00:00:00-05:00,8.26759900373662,8.632437052763732,8.001699966705397,8.589151382446289,10621000,0.0,0.0
2024-01-18 00:00:00-05:00,8.725191537749756,8.855049128136018,8.446925441128618,8.484027862548828,6040100,0.0,0.0
2024-01-19 00:00:00-05:00,8.255232189936788,8.360355041023851,7.9151288828741135,7.958414554595947,10173000,0.0,0.0
2024-01-22 00:00:00-05:00,7.976965677657806,8.397457092819728,7.7914553142374885,8.125374794006348,7401600,0.0,0.0
2024-01-23 00:00:00-05:00,8.230497150769564,8.660263704315712,7.983149031607681,8.527314186096191,6849700,0.0,0.0
2024-01-24 00:00:00-05:00,8.360355416178233,8.904520024229162,8.286150561720941,8.69427490234375,7757800,0.0,0.0
2024-01-25 00:00:00-05:00,8.669539243046518,8.73137582901285,8.255231699207748,8.53349781036377,5939400,0.0,0.0
2024-01-26 00:00:00-05:00,8.347987857114322,8.39127353136575,7.865659834936846,8.310885429382324,8089900,0.0,0.0
2024-01-29 00:00:00-05:00,9.269357625134107,9.300276214615298,8.533498262041567,8.93543815612793,17666900,0.0,0.0
2024-01-30 00:00:00-05:00,8.811763595260874,9.213703453190595,8.59533407808457,9.170417785644531,7610500,0.0,0.0
2024-01-31 00:00:00-05:00,9.046744690772055,9.652746439667075,9.040560855034832,9.275541305541992,10651700,0.0,0.0
2024-02-01 00:00:00-05:00,9.337378061652764,9.665113674520699,7.7296174054334115,8.199578285217285,26067300,0.0,0.0
2024-02-02 00:00:00-05:00,8.100639212162086,8.434558657824109,7.995516369108949,8.156291961669922,5554800,0.0,0.0
2024-02-05 00:00:00-05:00,8.286150141325868,8.40364066348651,7.976965425758141,8.15010929107666,5009200,0.0,0.0
2024-02-06 00:00:00-05:00,8.181026687364838,8.24904769719478,7.643045392729049,7.692514896392822,7283000,0.0,0.0
2024-02-07 00:00:00-05:00,7.729618504362286,8.276875636004677,7.507005703736965,8.193395614624023,6694600,0.0,0.0
2024-02-08 00:00:00-05:00,7.513188160167278,7.692515267019211,7.151442028620082,7.550290584564209,11158000,0.0,0.0
2024-02-09 00:00:00-05:00,7.593576399803719,7.680148331899589,7.299851275759699,7.352412700653076,5502600,0.0,0.0
2024-02-12 00:00:00-05:00,7.296759200196457,7.646137659487164,7.204003434300118,7.488453388214111,4384200,0.0,0.0
2024-02-13 00:00:00-05:00,7.346229594147027,7.5379238053370985,7.2460539210036305,7.296760082244873,4078000,0.0,0.0
2024-02-14 00:00:00-05:00,7.321493572054461,7.513187750093926,7.1916359783374375,7.451351165771484,3959300,0.0,0.0
2024-02-15 00:00:00-05:00,7.513188076638447,7.8934857110176155,7.494637159507739,7.760536193847656,5040000,0.0,0.0
2024-02-16 00:00:00-05:00,7.91512893998739,7.983149366001522,7.729617990276153,7.797638416290283,3435900,0.0,0.0
2024-02-20 00:00:00-05:00,7.847107242950475,7.884209665560646,7.494636881907359,7.834740161895752,3941500,0.0,0.0
2024-02-21 00:00:00-05:00,7.859475455645099,8.014067812687903,7.624495002173272,7.704883098602295,4380700,0.0,0.0
2024-02-22 00:00:00-05:00,7.72961690804308,7.868750248277043,7.636861741035751,7.735800743103027,2226500,0.0,0.0
2024-02-23 00:00:00-05:00,7.6121276824457045,7.667780433875041,7.309126223918748,7.618310928344727,3260700,0.0,0.0
2024-02-26 00:00:00-05:00,7.389514809562446,7.556474844129675,7.309126710295601,7.537923336029053,3597300,0.0,0.0
2024-02-27 00:00:00-05:00,7.58739313140706,7.896577844053352,7.58739313140706,7.754352569580078,3671700,0.0,0.0
2024-02-28 00:00:00-05:00,7.785271408957838,8.125374721742098,7.698699474334718,7.698699474334717,4170300,0.0,0.0
2024-02-29 00:00:00-05:00,7.698699423795257,7.7617732530391415,7.333861359188441,7.364779949188232,4614200,0.0,0.0
2024-03-01 00:00:00-05:00,7.37714716365808,7.530502865180873,7.2720243180107556,7.426616668701172,5053200,0.0,0.0
2024-03-04 00:00:00-05:00,7.438983253311456,7.457534758755974,6.771144390106201,6.771144390106201,7152400,0.0,0.0
2024-03-05 00:00:00-05:00,6.709307657744628,6.851532324633987,6.6041848214685945,6.678389072418213,4536700,0.0,0.0
2024-03-06 00:00:00-05:00,6.734042975792128,7.043227675676969,6.672205799925954,6.901002407073975,4317800,0.0,0.0
2024-03-07 00:00:00-05:00,6.845349023143687,6.94428803212105,6.771144766410664,6.919553279876709,2853700,0.0,0.0
2024-03-08 00:00:00-05:00,6.925736957772283,7.111247890245014,6.746409860650677,6.795879364013672,4983700,0.0,0.0
2024-03-11 00:00:00-04:00,6.79587971999062,7.061778756787102,6.771144967013485,7.0555949211120605,4770300,0.0,0.0
2024-03-12 00:00:00-04:00,7.080329831698769,7.296759367358744,6.9010027211919205,7.2101874351501465,8030400,0.0,0.0
2024-03-13 00:00:00-04:00,6.536163935139409,6.80206294818906,6.0723869159446995,6.2269792556762695,19760600,0.0,0.0
2024-03-14 00:00:00-04:00,6.121856922175688,6.143500346889723,5.645712783204391,5.744651794433594,11380800,0.0,0.0
2024-03-15 00:00:00-04:00,5.744651726332842,5.941293097278225,5.7322846449373115,5.84359073638916,6072200,0.0,0.0
2024-03-18 00:00:00-04:00,5.8374071298983905,5.957989569144001,5.701366280594018,5.89924430847168,4011100,0.0,0.0
2024-03-19 00:00:00-04:00,5.7632029692806,5.911612082482788,5.701366379359152,5.719917297363281,3218000,0.0,0.0
2024-03-20 00:00:00-04:00,5.701365729268102,6.103305581957508,5.614793805581669,6.047652244567871,3528100,0.0,0.0
2024-03-21 00:00:00-04:00,6.103305581957508,6.279540757209371,6.010550412790102,6.047652244567871,2977100,0.0,0.0
2024-03-22 00:00:00-04:00,6.004367381626337,6.041469808095447,5.886877445633103,5.92397928237915,1923600,0.0,0.0
2024-03-25 00:00:00-04:00,5.905428575328029,6.022918515525564,5.854722415441644,5.917795658111572,1897800,0.0,0.0
2024-03-26 00:00:00-04:00,5.911611408418739,6.10021366435553,5.911611408418739,6.047652244567871,2320500,0.0,0.0
2024-03-27 00:00:00-04:00,6.121857236063047,6.254806760365173,6.02291821976092,6.196062088012695,3565000,0.0,0.0
2024-03-28 00:00:00-04:00,6.165143625258353,6.2980931523050385,6.128041198517601,6.257898807525635,1968400,0.0,0.0
2024-04-01 00:00:00-04:00,6.257898195512334,6.647470984436786,6.21461252665062,6.598001480102539,4431100,0.0,0.0
2024-04-02 00:00:00-04:00,6.511430197241896,6.573267378642655,6.2578988150003045,6.288817405700684,3474600,0.0,0.0
2024-04-03 00:00:00-04:00,6.332102471781356,6.919553279876709,6.3011838840451775,6.919553279876709,5670100,0.0,0.0
2024-04-04 00:00:00-04:00,6.956655545849761,7.105064055961037,6.820614116719594,6.938104629516602,3982300,0.0,0.0
2024-04-05 00:00:00-04:00,6.913370078136415,7.018492923275103,6.839165820930815,6.901002407073975,2166500,0.0,0.0
2024-04-08 00:00:00-04:00,6.89481938522884,6.907187057750841,6.653655668280668,6.777329444885254,2397100,0.0,0.0
2024-04-09 00:00:00-04:00,6.777328675281799,6.8206143447473035,6.400123552040784,6.418674468994141,3246900,0.0,0.0
2024-04-10 00:00:00-04:00,6.282632786247775,6.529980891286431,6.1836937801215095,6.443408966064453,2708300,0.0,0.0
2024-04-11 00:00:00-04:00,6.480511129042757,6.696940658275329,6.452685048158078,6.610368728637695,2390800,0.0,0.0
2024-04-12 00:00:00-04:00,6.6351037859306095,6.659839129581971,6.239347723077638,6.2455315589904785,3365200,0.0,0.0
2024-04-15 00:00:00-04:00,6.233163761849616,6.480511296159903,6.20224517263007,6.3321027755737305,2348300,0.0,0.0
2024-04-16 00:00:00-04:00,6.251714006444401,6.329010176310186,6.1404079228492945,6.2269792556762695,2857800,0.0,0.0
2024-04-17 00:00:00-04:00,6.307367855787733,6.461960208085095,6.226979761826343,6.319735527038574,2155000,0.0,0.0
2024-04-18 00:00:00-04:00,6.319735558211829,6.359929310529276,6.06311227572129,6.0971221923828125,1951800,0.0,0.0
2024-04-19 00:00:00-04:00,6.109490287306163,6.307368324231685,6.029102187374403,6.288817405700684,3513200,0.0,0.0
2024-04-22 00:00:00-04:00,6.307367196947532,6.857716125939366,6.285724364242301,6.839165210723877,4704800,0.0,0.0
2024-04-23 00:00:00-04:00,6.789695246485452,7.216370432412576,6.734042499807237,7.123615264892578,3620400,0.0,0.0
2024-04-24 00:00:00-04:00,7.092698097229004,7.204004202562479,6.999942321440836,7.092698097229004,2324900,0.0,0.0
2024-04-25 00:00:00-04:00,6.999941413600428,7.098880423164347,6.832981982392069,7.043227672576904,2321300,0.0,0.0
2024-04-26 00:00:00-04:00,7.358595763656316,8.40364039971902,7.34622868207776,8.174843788146973,13559800,0.0,0.0
2024-04-29 00:00:00-04:00,8.038802797950629,8.21194607770711,7.93367994495343,8.082088470458984,2890500,0.0,0.0
2024-04-30 00:00:00-04:00,7.995517569623738,8.242865125874093,7.908945630074567,8.193395614624023,2382200,0.0,0.0
2024-05-01 00:00:00-04:00,8.2490474472134,8.564415965805194,8.181026439444787,8.261414527893066,3704400,0.0,0.0
2024-05-02 00:00:00-04:00,8.354170897370668,8.385089485914227,7.599760049633764,7.741985321044922,4886200,0.0,0.0
2024-05-03 00:00:00-04:00,7.840923943709172,8.007883370006637,7.797637686005905,7.964597702026367,2598900,0.0,0.0
2024-05-06 00:00:00-04:00,8.038802961080565,8.582968155366633,8.026435288842597,8.298518180847168,6918700,0.0,0.0
2024-05-07 00:00:00-04:00,8.391273417525184,8.762295330919347,8.372722498772399,8.69427490234375,4360300,0.0,0.0
2024-05-08 00:00:00-04:00,8.62625310401316,9.154959253305252,8.553904114613324,9.13949966430664,4467000,0.0,0.0
2024-05-09 00:00:00-04:00,9.275541354055472,10.05468696932966,9.275541354055472,10.042319297790527,10624600,0.0,0.0
2024-05-10 00:00:00-04:00,10.382423050141766,11.192486654027306,10.339136200331403,10.877118110656738,14148200,0.0,0.0
2024-05-13 00:00:00-04:00,11.000792622689476,11.885059908563775,10.976057279587277,11.668631553649902,8266100,0.0,0.0
2024-05-14 00:00:00-04:00,11.63771115231896,12.243712841314085,11.538772149195102,11.77375316619873,7297900,0.0,0.0
2024-05-15 00:00:00-04:00,11.82940490440072,11.965446913461394,10.870932903298623,11.563507080078125,7488400,0.0,0.0
2024-05-16 00:00:00-04:00,11.680997534760328,11.798488050463911,11.520221349967535,11.718100547790527,4679500,0.0,0.0
2024-05-17 00:00:00-04:00,11.718099968372755,11.829405463621626,11.483118948584552,11.58205795288086,3705700,0.0,0.0
2024-05-20 00:00:00-04:00,11.724283784339098,12.092214348706298,11.489303920743696,11.860325813293457,6995400,0.0,0.0
2024-05-21 00:00:00-04:00,10.719432581087322,11.674813315456223,10.62976991782698,11.28524112701416,9622900,0.0,0.0
2024-05-22 00:00:00-04:00,11.223404946924427,11.817040214533975,10.580301351414015,11.76138687133789,6837200,0.0,0.0
2024-05-23 00:00:00-04:00,11.736652023291837,12.021102587126753,11.439834966682815,12.002551078796387,5348000,0.0,0.0
2024-05-24 00:00:00-04:00,12.058202913239212,13.17126732575982,12.002549574668583,13.010492324829102,9755500,0.0,0.0
2024-05-28 00:00:00-04:00,13.573208633519497,13.814372319107207,12.917736228443854,13.647412300109863,7212600,0.0,0.0
2024-05-29 00:00:00-04:00,13.443351219909486,13.879301619365373,13.103248506370823,13.140350341796875,5323100,0.0,0.0
2024-05-30 00:00:00-04:00,13.251656693262788,13.631953740263985,12.92392048016887,13.406249046325684,3904100,0.0,0.0
2024-05-31 00:00:00-04:00,13.91331301789929,14.550233993985964,13.85147583526384,13.938048362731934,8716500,0.0,0.0
2024-06-03 00:00:00-04:00,13.832923662234663,13.888575821797675,12.633286725017939,13.264023780822754,10423400,0.0,0.0
2024-06-04 00:00:00-04:00,13.564060118642097,13.807837767556268,13.092130186960066,13.301529884338379,5849000,0.23,0.0
2024-06-05 00:00:00-04:00,13.439045122741094,14.889211661507987,13.439045122741094,14.876709938049316,7972100,0.0,0.0
2024-06-06 00:00:00-04:00,13.532805763291725,13.576560603487428,11.754476720210738,12.088890075683594,20201800,0.0,0.0
2024-06-07 00:00:00-04:00,11.995128997368486,12.56394427894815,11.938872436137098,12.21390438079834,8832500,0.0,0.0
2024-06-10 00:00:00-04:00,12.395174288982524,12.99524386321362,12.213904079005873,12.83897590637207,4963300,0.0,0.0
2024-06-11 00:00:00-04:00,11.901368077511231,11.907617746576474,10.526209590559931,11.032517433166504,12958400,0.0,0.0
2024-06-12 00:00:00-04:00,11.395059746787757,11.816983968555958,11.226290058080476,11.538825988769531,4689800,0.0,0.0
2024-06-13 00:00:00-04:00,11.751350651451537,11.788855821968852,11.276297080531942,11.732599258422852,4061400,0.0,0.0
2024-06-14 00:00:00-04:00,11.595082050673238,11.907617967858284,11.563828935846697,11.582581520080566,3973400,0.0,0.0
2024-06-17 00:00:00-04:00,11.682592350234035,11.845111162336744,11.38880783933574,11.776352882385254,2389100,0.0,0.0
2024-06-18 00:00:00-04:00,11.926371839136095,12.157648967392646,11.626337612395197,11.882616996765137,3343000,0.0,0.0
2024-06-20 00:00:00-04:00,12.213905114579573,12.988994103163119,12.19515252896586,12.601449012756348,5282200,0.0,0.0
2024-06-21 00:00:00-04:00,12.288912299466272,12.55144252039223,12.00888014329391,12.282661437988281,3780300,0.0,0.0
2024-06-24 00:00:00-04:00,12.47018422379502,12.979616937004776,12.288912810090954,12.657705307006836,4305500,0.0,0.0
2024-06-25 00:00:00-04:00,12.595197265165178,13.020246304679064,12.595197265165178,12.945237159729004,2583000,0.0,0.0
2024-06-26 00:00:00-04:00,13.070251736007402,13.554682160848081,12.970240339610482,13.501551628112793,2935100,0.0,0.0
2024-06-27 00:00:00-04:00,13.507801030644348,14.126621926107065,13.357783952250031,13.576558113098145,3140200,0.0,0.0
2024-06-28 00:00:00-04:00,13.645317928921049,14.139125244275323,13.601563091809636,13.857842445373535,3889300,0.0,0.0
2024-07-01 00:00:00-04:00,13.995357118489565,14.364149573180228,13.789083473682062,14.357898712158203,3426200,0.0,0.0
2024-07-02 00:00:00-04:00,14.37040272604765,14.864210095473393,13.907849666716588,14.114123344421387,3750600,0.0,0.0
2024-07-03 00:00:00-04:00,14.357900946018242,14.607930656880553,14.201632972844308,14.207883834838867,1781700,0.0,0.0
2024-07-05 00:00:00-04:00,13.589061152438768,13.951602758447534,13.045249339540556,13.820338249206543,6443600,0.0,0.0
2024-07-08 00:00:00-04:00,12.882730024100209,12.926484858815588,11.657588690920422,11.726346969604492,11356800,0.0,0.0
2024-07-09 00:00:00-04:00,11.720096865292124,12.213904185486788,11.56382890708823,12.12639331817627,5661200,0.0,0.0
2024-07-10 00:00:00-04:00,12.126393888651526,12.632701763226569,12.03263334776429,12.395174980163574,5948300,0.0,0.0
2024-07-11 00:00:00-04:00,11.563829146826027,11.628836676013599,11.029393004824115,11.170034408569336,8092000,0.0,0.0
2024-07-12 00:00:00-04:00,10.93875634710838,10.994388175271393,10.460576808305472,10.65747356414795,9290700,0.0,0.0
2024-07-15 00:00:00-04:00,11.038769323557496,11.395060104986056,10.826244788629934,11.320052146911621,4361900,0.0,0.0
2024-07-16 00:00:00-04:00,11.432565447141036,11.526325992250559,11.173160040367003,11.438815116882324,2445500,0.0,0.0
2024-07-17 00:00:00-04:00,11.245042589103381,11.463817977980714,11.051270646831437,11.195036888122559,4832700,0.0,0.0
2024-07-18 00:00:00-04:00,11.407561305571953,11.588832715026756,10.895002577393456,10.945008277893066,4923700,0.0,0.0
2024-07-19 00:00:00-04:00,10.694978280266552,10.694978280266552,10.32618584355186,10.582465171813965,4071000,0.0,0.0
2024-07-22 00:00:00-04:00,10.9387580441757,11.257544850244992,10.644974685906355,11.095026016235352,5061000,0.0,0.0
2024-07-23 00:00:00-04:00,11.063772247674777,11.59508236762898,11.007515685665282,11.432564735412598,3229100,0.0,0.0
2024-07-24 00:00:00-04:00,11.332551841445614,11.507572384409412,11.001264531996519,11.082523345947266,2561900,0.0,0.0
2024-07-25 00:00:00-04:00,11.09502371839719,11.148154245623454,10.838744392674567,10.863746643066406,2738600,0.0,0.0
2024-07-26 00:00:00-04:00,10.838745689464828,10.838745689464828,10.332437838098313,10.644973754882812,3652700,0.0,0.0
2024-07-29 00:00:00-04:00,11.470068087878522,11.838860555527495,11.282545827318264,11.745100021362305,5805100,0.0,0.0
2024-07-30 00:00:00-04:00,11.570079655914686,11.945122990401089,11.42631342190103,11.876364707946777,3403400,0.0,0.0
2024-07-31 00:00:00-04:00,12.338917986343638,12.751465305626411,12.076387765688246,12.30766487121582,5376800,0.0,0.0
2024-08-01 00:00:00-04:00,12.345169454403509,12.607699687958503,11.788855870630057,12.076388359069824,3508900,0.0,0.0
2024-08-02 00:00:00-04:00,11.845112072356484,12.157647998358186,11.570080123650603,11.87011432647705,4438400,0.0,0.0
2024-08-05 00:00:00-04:00,10.794991064038227,12.063886148095216,10.701230525606075,11.632587432861328,3530400,0.0,0.0
2024-08-06 00:00:00-04:00,11.613834813408031,12.063886111868875,11.383183627266968,11.70134449005127,2928900,0.0,0.0
2024-08-07 00:00:00-04:00,12.001379211583666,12.077011889473667,11.37630740248514,11.563828468322754,2734400,0.0,0.0
2024-08-08 00:00:00-04:00,11.507572754293747,11.776353842680034,11.29004801582985,11.7638521194458,2322100,0.0,0.0
2024-08-09 00:00:00-04:00,11.807605653329304,11.813856514255455,11.357554396714843,11.451314926147461,2505300,0.0,0.0
2024-08-12 00:00:00-04:00,11.732598348895953,11.970125115942356,11.532575557229535,11.638837814331055,2552200,0.0,0.0
2024-08-13 00:00:00-04:00,11.657590398183238,12.126394311184415,11.529450709652117,12.057637214660645,2203300,0.0,0.0
2024-08-14 00:00:00-04:00,12.226403844570193,12.232654705520385,11.707594308002358,11.913867950439453,2978500,0.0,0.0
2024-08-15 00:00:00-04:00,12.007628995761532,12.035757275130136,11.795105675479707,11.838860511779785,2596500,0.0,0.0
2024-08-16 00:00:00-04:00,11.832609142546582,12.05450934124425,11.77010172527447,11.913867950439453,4284500,0.0,0.0
2024-08-19 00:00:00-04:00,13.77658384479713,14.85233170254152,13.326531359618476,13.907848358154297,27212000,0.0,0.0
2024-08-20 00:00:00-04:00,13.764081335078709,14.60167764324476,13.664069942363048,14.089118957519531,7967100,0.0,0.0
2024-08-21 00:00:00-04:00,14.245388117528346,14.37040177292542,13.22652032838899,13.626565933227539,8120400,0.0,0.0
2024-08-22 00:00:00-04:00,13.68907330399553,14.089120099513833,13.082754037482863,13.270275115966797,5590100,0.0,0.0
2024-08-23 00:00:00-04:00,12.963990161700616,13.407791799807994,12.507687992557079,12.607699394226074,6436300,0.0,0.0
2024-08-26 00:00:00-04:00,12.68270864982923,12.895231986017095,12.320165825397677,12.407676696777344,6237300,0.0,0.0
2024-08-27 00:00:00-04:00,12.501437193910155,12.60769945774759,12.307665251228935,12.488935470581055,3837700,0.0,0.0
2024-08-28 00:00:00-04:00,12.326415194892492,12.388922611959627,11.701343408680765,12.007628440856934,8647400,0.0,0.0
2024-08-29 00:00:00-04:00,12.368910090385436,12.559403731639854,12.037190003261143,12.217829704284668,6282500,0.93,0.0
2024-08-30 00:00:00-04:00,12.066748943177199,12.086454317256663,11.724518414737341,12.00106143951416,5360600,0.0,0.0
2024-09-03 00:00:00-04:00,11.71203661819362,11.758017492705772,11.25222536730236,11.409875869750977,5304100,0.0,0.0
2024-09-04 00:00:00-04:00,11.429581075378346,11.84341144569224,11.258794077632832,11.377031326293945,4085400,0.0,0.0
2024-09-05 00:00:00-04:00,11.377032559737115,11.39673918761208,10.858103887879512,10.956634521484375,6710100,0.0,0.0
2024-09-06 00:00:00-04:00,10.917221932199178,10.969771684158053,10.575647918024035,10.62819766998291,4297300,0.0,0.0
2024-09-09 00:00:00-04:00,10.628197744250208,10.913936944217959,10.569079116272754,10.713590621948242,3309000,0.0,0.0
2024-09-10 00:00:00-04:00,10.772708892822266,10.825258643406379,10.444929776570676,10.772708892822266,3803100,0.0,0.0
2024-09-11 00:00:00-04:00,11.061733648183992,12.135720398940132,11.05516477245303,12.099592208862305,7708500,0.0,0.0
2024-09-12 00:00:00-04:00,12.28351665193382,12.53312765880865,12.086454143773253,12.237534523010254,4318100,0.0,0.0
2024-09-13 00:00:00-04:00,12.276947385401646,12.283516260752965,11.863117008462734,12.020766258239746,3012000,0.0,0.0
2024-09-16 00:00:00-04:00,12.13243504367855,12.296653174359616,11.961648037424053,12.17184829711914,2905800,0.0,0.0
2024-09-17 00:00:00-04:00,12.388615682328714,12.9732318031686,12.099591433121248,12.940388679504395,4758100,0.0,0.0
2024-09-18 00:00:00-04:00,12.802445555810205,12.891123498374515,12.395185285757375,12.559403419494629,3994600,0.0,0.0
2024-09-19 00:00:00-04:00,12.927251212963734,13.439610969539748,12.82872058692103,13.406767845153809,4670300,0.0,0.0
2024-09-20 00:00:00-04:00,13.078331140343595,13.354217635513798,13.032350266629368,13.176861763000488,4124200,0.0,0.0
2024-09-23 00:00:00-04:00,13.610397890994582,14.667963027954102,13.465886390525064,14.667963027954102,10712500,0.0,0.0
2024-09-24 00:00:00-04:00,14.884731508567,15.686115548381618,14.858457258727714,15.541604042053223,11155800,0.0,0.0
2024-09-25 00:00:00-04:00,15.37081695952731,15.686115473401172,15.246010827953729,15.45621109008789,3974200,0.0,0.0
2024-09-26 00:00:00-04:00,15.278854230393515,15.65327134831659,14.530019994547361,15.449641227722168,5383700,0.0,0.0
2024-09-27 00:00:00-04:00,15.554740120017723,16.507204439374533,15.502190373107586,15.922588348388672,7431200,0.0,0.0
2024-09-30 00:00:00-04:00,16.81593658705528,17.210060345518468,16.520343454986666,16.855348587036133,8670200,0.0,0.0
2024-10-01 00:00:00-04:00,15.81749130642673,16.126220960769146,15.368846973923343,15.975140571594238,8344500,0.0,0.0
2024-10-02 00:00:00-04:00,15.751802264361585,16.080238514675468,15.318266514178044,15.377385139465332,4762500,0.0,0.0
2024-10-03 00:00:00-04:00,15.535034731270644,15.581015606865268,14.175308825498629,14.234427452087402,7794400,0.0,0.0
2024-10-04 00:00:00-04:00,12.677639213889169,12.75646446804999,11.955080439692049,12.447734832763672,21472000,0.0,0.0
2024-10-07 00:00:00-04:00,12.651365729651529,12.726905924145418,12.16528018276585,12.336067199707031,6903500,0.0,0.0
2024-10-08 00:00:00-04:00,12.336066991013091,12.999508419600728,12.33278192663394,12.76960277557373,5669200,0.0,0.0
2024-10-09 00:00:00-04:00,12.697345409554586,12.697345409554586,12.224397659301758,12.224397659301758,4312200,0.0,0.0
2024-10-10 00:00:00-04:00,12.533127284106191,12.565970408041922,12.198122157845278,12.224397659301758,3109200,0.0,0.0
2024-10-11 00:00:00-04:00,12.309791313825224,13.006075859069824,12.303222438044573,13.006075859069824,4562800,0.0,0.0
2024-10-14 00:00:00-04:00,13.203137271691084,14.089915381895121,13.163725273182083,13.912559509277344,7493500,0.0,0.0
2024-10-15 00:00:00-04:00,13.695792422567548,13.866579429734724,13.47902453902554,13.610398292541504,3905200,0.0,0.0
2024-10-16 00:00:00-04:00,13.91256042992725,14.076778562947384,13.794323173691167,13.905991554260254,3599800,0.0,0.0
2024-10-17 00:00:00-04:00,13.787754025683729,13.919129030658842,13.597261646643208,13.781185150146484,3012400,0.0,0.0
2024-10-18 00:00:00-04:00,14.273839967997732,15.31826740496195,14.168740462016359,15.022675514221191,9326800,0.0,0.0
2024-10-21 00:00:00-04:00,15.581016377335722,16.448089192552256,15.403661741684228,16.22475242614746,9888200,0.0,0.0
2024-10-22 00:00:00-04:00,16.014551684928414,16.415244328020606,15.916021056283508,15.988277435302734,4254100,0.0,0.0
2024-10-23 00:00:00-04:00,15.699252780914819,15.722243218596255,14.68110088881303,14.75992488861084,5153400,0.0,0.0
2024-10-24 00:00:00-04:00,15.31826607685682,15.4824841973255,14.576000723607716,14.884730339050293,3923800,0.0,0.0
2024-10-25 00:00:00-04:00,14.970124577376891,15.23944219676685,14.74678783160695,14.976692199707031,2289700,0.0,0.0
2024-10-28 00:00:00-04:00,14.943849530321684,15.186892909117141,14.438057399372273,14.937280654907227,2718100,0.0,0.0
2024-10-29 00:00:00-04:00,14.746788561945499,14.871593438556584,14.516882929574441,14.523451805114746,4344200,0.0,0.0
2024-10-30 00:00:00-04:00,14.293546178534516,14.605560875958437,14.103052546443209,14.254134178161621,2948100,0.0,0.0
2024-10-31 00:00:00-04:00,14.779630888367436,15.699252115288887,14.766493137996527,15.626996994018555,5414600,0.0,0.0
2024-11-01 00:00:00-04:00,16.126219931212944,16.57946232268602,15.876608923855034,15.96200180053711,6263000,0.0,0.0
2024-11-04 00:00:00-05:00,15.856902145942545,16.388969786336208,15.784647021095855,15.791215896606445,4069900,0.0,0.0
2024-11-05 00:00:00-05:00,16.211613732104848,16.57946198655317,16.01783629172062,16.297006607055664,3480500,0.0,0.0
2024-11-06 00:00:00-05:00,14.891301210084775,15.810922557388547,14.727083067606065,15.797784805297852,6792600,0.0,0.0
2024-11-07 00:00:00-05:00,16.36269375734535,16.743679754495883,16.31014400783786,16.625442504882812,5262200,0.0,0.0
2024-11-08 00:00:00-05:00,16.599169144857612,16.674709335511775,16.17876987341562,16.270732879638672,4639900,0.0,0.0
2024-11-11 00:00:00-05:00,16.290438475023553,16.35612597953674,15.489054428040493,15.640134811401367,4207200,0.0,0.0
2024-11-12 00:00:00-05:00,15.5678792154037,15.896315475197998,15.44964196141617,15.876608848571777,4068200,0.0,0.0
2024-11-13 00:00:00-05:00,16.224752730772835,16.651719644133177,16.060534590796937,16.428382873535156,5139700,0.0,0.0
2024-11-14 00:00:00-05:00,16.94074239070044,18.050856014561433,16.632011513593234,16.651718139648438,8418700,0.0,0.0
2024-11-15 00:00:00-05:00,16.717406054695388,17.23305088018287,16.494069298739486,17.144372940063477,3529500,0.0,0.0
2024-11-18 00:00:00-05:00,17.604182620366448,17.866932624488083,17.275746368099277,17.47937774658203,4008700,0.0,0.0
2024-11-19 00:00:00-05:00,17.026134648670865,17.847225244666017,16.855347654357693,17.591045379638672,6109800,0.0,0.0
2024-11-20 00:00:00-05:00,19.489409318615074,19.804707853409017,17.68300974030789,17.742128372192383,25396800,0.0,0.0
2024-11-21 00:00:00-05:00,17.078687067136944,17.150943451805727,15.31169947745997,15.916022300720215,17386000,0.0,0.0
2024-11-22 00:00:00-05:00,16.152496417676485,16.421814068163567,15.600723364755389,15.620429992675781,8407400,0.0,0.0
2024-11-25 00:00:00-05:00,15.009536382607708,15.035810630244633,14.155601408923204,14.602274894714355,14643600,0.0,0.0
2024-11-26 00:00:00-05:00,14.516882654038696,14.937280657559675,13.800891521238979,13.860010147094727,10209300,0.0,0.0
2024-11-27 00:00:00-05:00,13.879716664018913,14.523452726054497,13.689224272810462,14.516883850097656,10078400,0.0,0.0
2024-11-29 00:00:00-05:00,15.009538745786305,15.088362753992362,14.267272026683319,14.477472305297852,8382700,0.0,0.0
2024-12-02 00:00:00-05:00,15.31195195504626,16.42196990226067,14.981308215351271,15.595359802246094,12696500,3.65,0.0
2024-12-03 00:00:00-05:00,15.674085866667632,16.19760578285402,15.28046241144935,15.390676498413086,5989000,0.0,0.0
2024-12-04 00:00:00-05:00,15.406421796994854,15.599297950735712,15.044288938940108,15.390676498413086,5328400,0.0,0.0
2024-12-05 00:00:00-05:00,15.68983142880157,16.57154714243085,15.658340831109067,16.2330322265625,6221700,0.0,0.0
2024-12-06 00:00:00-05:00,16.327500497759473,16.5321848715943,16.020474687784382,16.500694274902344,4905500,0.0,0.0
2024-12-09 00:00:00-05:00,16.453460542053897,16.453460542053897,15.508765126678485,16.217287063598633,8258300,0.0,0.0
2024-12-10 00:00:00-05:00,16.17792297846452,16.77229522090232,15.81579013004368,16.012601852416992,6254300,0.0,0.0
2024-12-11 00:00:00-05:00,15.926004387926358,15.926004387926358,14.745134040795906,15.036416053771973,10631700,0.0,0.0
2024-12-12 00:00:00-05:00,15.052161538418801,15.618978771497801,14.760879521837312,15.587488174438477,6509500,0.0,0.0
2024-12-13 00:00:00-05:00,15.902388144521689,16.04409132667656,15.359187357487917,15.650467872619629,3876700,0.0,0.0
2024-12-16 00:00:00-05:00,15.272589487074029,15.524508253627568,15.074204134112549,15.359187126159668,4257600,0.0,0.0
2024-12-17 00:00:00-05:00,15.185993614785195,15.193864762517467,14.296403765606627,14.50108814239502,6379900,0.0,0.0
2024-12-18 00:00:00-05:00,14.485342690214647,14.800241150567386,14.233423921932458,14.32789421081543,4662800,0.0,0.0
2024-12-19 00:00:00-05:00,14.485342160623526,14.619174189074764,14.194061658529463,14.469596862792969,3608900,0.0,0.0
2024-12-20 00:00:00-05:00,14.327894149508031,14.595558215051131,14.18776309646837,14.398746490478516,3313700,0.0,0.0
2024-12-23 00:00:00-05:00,14.55619414109506,16.15036871912901,14.445980062101905,16.11494255065918,7167200,0.0,0.0
2024-12-24 00:00:00-05:00,16.146433720353322,17.083257929808433,16.146433720353322,16.92580795288086,3820900,0.0,0.0
2024-12-26 00:00:00-05:00,17.154109471235035,17.154109471235035,16.728995454240096,17.099000930786133,3476300,0.0,0.0
2024-12-27 00:00:00-05:00,17.043893780175967,17.398155458683046,16.650270360303292,17.240705490112305,3097100,0.0,0.0
2024-12-30 00:00:00-05:00,16.97304213397849,17.028149174750634,16.501482026610358,16.886445999145508,2675900,0.0,0.0
2024-12-31 00:00:00-05:00,16.97304350641818,17.240707584572682,16.689635630737335,16.902191162109375,2401700,0.0,0.0
2025-01-02 00:00:00-05:00,17.27219774093353,18.586900149456607,17.1777274504201,18.350725173950195,6385700,0.0,0.0
2025-01-03 00:00:00-05:00,18.303490867836853,18.303490867836853,17.571350992874684,17.705183029174805,3344700,0.0,0.0
2025-01-06 00:00:00-05:00,18.059443657830816,18.10667804969919,16.815593660565824,16.886445999145508,5052000,0.0,0.0
2025-01-07 00:00:00-05:00,16.33537180662092,16.97304132176951,16.028346021837187,16.933679580688477,6297800,0.0,0.0
2025-01-08 00:00:00-05:00,16.626656112778498,16.626656112778498,16.099200600400824,16.311756134033203,3824000,0.0,0.0
2025-01-10 00:00:00-05:00,14.666408186036659,15.217481582831414,14.595557350815705,15.028542518615723,9620700,0.0,0.0
2025-01-13 00:00:00-05:00,14.815986879415027,14.815986879415027,14.044485253748196,14.406618118286133,7915000,0.0,0.0
2025-01-14 00:00:00-05:00,14.571939693589881,14.705771721090114,13.96575924540916,14.225550651550293,5859700,0.0,0.0
2025-01-15 00:00:00-05:00,14.359383607873173,14.398746854716023,13.627243733693804,13.784693717956543,9599700,0.0,0.0
2025-01-16 00:00:00-05:00,13.72171404053507,13.72171404053507,13.084044456481934,13.084044456481934,7104400,0.0,0.0
2025-01-17 00:00:00-05:00,12.588078187366676,13.131278987640025,12.359776608480287,13.068299293518066,6381000,0.0,0.0
2025-01-21 00:00:00-05:00,13.068298580044441,13.249365003065316,12.595950149140807,12.784889221191406,6144200,0.0,0.0
2025-01-22 00:00:00-05:00,12.839996018295627,13.210003007874246,12.737654585966924,13.005318641662598,4332300,0.0,0.0
2025-01-23 00:00:00-05:00,13.375324324559669,13.658733682144062,13.178512604360343,13.430431365966797,5994000,0.0,0.0
2025-01-24 00:00:00-05:00,13.509155987252036,13.642988013412921,13.210002841362291,13.280855178833008,4192700,0.0,0.0
2025-01-27 00:00:00-05:00,13.14702344133774,14.27278521369827,13.01319141223834,13.950014114379883,7365400,0.0,0.0
2025-01-28 00:00:00-05:00,13.950015242214524,13.997251139753903,13.296600341796875,13.296600341796875,4968300,0.0,0.0
2025-01-29 00:00:00-05:00,13.532774116711757,14.091718673706055,13.422558533846919,14.091718673706055,3959500,0.0,0.0
2025-01-30 00:00:00-05:00,14.146826545415765,14.280658581249545,13.753203087263975,14.233424186706543,3133800,0.0,0.0
2025-01-31 00:00:00-05:00,14.225550829763232,14.548321929268381,13.973632069325483,14.012993812561035,3488500,0.0,0.0
2025-02-03 00:00:00-05:00,13.351706118664099,13.721713106458498,13.107660010784594,13.524901390075684,4295000,0.0,0.0
2025-02-04 00:00:00-05:00,13.69809527120984,14.22555073546275,13.572135891825944,13.831927299499512,3795400,0.0,0.0
2025-02-05 00:00:00-05:00,13.63511648030286,14.406618105272806,13.627243830878145,14.217679023742676,3766700,0.0,0.0
2025-02-06 00:00:00-05:00,14.768752119131141,14.784497417605396,13.981505214070127,14.257041931152344,5903500,0.0,0.0
2025-02-07 00:00:00-05:00,14.170444425934459,14.319233443735303,14.052357689362536,14.241296768188477,3401000,0.0,0.0
2025-02-10 00:00:00-05:00,14.406617460659419,15.784299515699963,14.402681886900327,15.24897289276123,8905800,0.0,0.0
2025-02-11 00:00:00-05:00,15.9338765685833,16.91006251332142,15.697703106723234,16.366863250732422,10288200,0.0,0.0
2025-02-12 00:00:00-05:00,15.831534760059208,16.31962697007539,15.378867217083068,15.595359802246094,5474800,0.0,0.0
2025-02-13 00:00:00-05:00,15.516636504941697,15.689831793163863,15.06003333867719,15.493020057678223,4383700,0.0,0.0
2025-02-14 00:00:00-05:00,15.973241396222337,16.04094348098277,15.571745270028273,15.847280502319336,3434800,0.0,0.0
2025-02-18 00:00:00-05:00,15.933876888746218,16.296011239302917,15.410358487200677,15.626851081848145,4965800,0.0,0.0
2025-02-19 00:00:00-05:00,15.705577054165245,16.225159914458875,15.618979410264847,16.13068962097168,2967500,0.0,0.0
2025-02-20 00:00:00-05:00,16.122815978257762,16.42984328701321,15.634723746376643,16.390480041503906,4350600,0.0,0.0
2025-02-21 00:00:00-05:00,16.54792995941386,16.94155340372977,16.374734682920124,16.461332321166992,4886400,0.0,0.0
2025-02-24 00:00:00-05:00,16.50069466625495,17.38241187433586,16.170052402473235,17.201345443725586,7029100,0.0,0.0
2025-02-25 00:00:00-05:00,17.319431455022755,17.705182248152656,16.870700971209484,17.429645538330078,5820300,0.0,0.0
2025-02-26 00:00:00-05:00,17.642202665514684,17.94922847178212,17.083258094970972,17.1619815826416,4744300,0.0,0.0
2025-02-27 00:00:00-05:00,17.177726743599933,17.201344690645055,15.823662645652613,16.02834701538086,5189000,0.0,0.0
2025-02-28 00:00:00-05:00,15.7764295923456,16.153519451762833,15.571745205242115,15.918132781982422,4622000,0.0,0.0
2025-03-03 00:00:00-05:00,16.32750068823513,16.437714774834134,15.477274087839472,15.587488174438477,3087900,0.0,0.0
2025-03-04 00:00:00-05:00,14.98918100552011,15.512699389069828,14.823858383335725,15.193863868713379,5007900,0.0,0.0
2025-03-05 00:00:00-05:00,15.508764620566621,15.595360759011923,14.815986503678365,14.8947114944458,3893900,0.0,0.0
2025-03-06 00:00:00-05:00,14.98918243250511,16.256648982663055,14.894712139184051,15.563872337341309,10068500,0.0,0.0
2025-03-07 00:00:00-05:00,15.894515087992144,17.114747163681145,15.697703366006545,16.335372924804688,7831700,0.0,0.0
2025-03-10 00:00:00-04:00,16.414098658631364,16.610910389546476,15.831536115309147,16.2330322265625,6449000,0.0,0.0
2025-03-11 00:00:00-04:00,16.296012391811868,16.532185875120405,15.973241263898155,15.988985061645508,6829300,0.0,0.0
2025-03-12 00:00:00-04:00,15.792172661914128,16.292074632095254,14.461726459425543,15.256844520568848,14908700,0.0,0.0
2025-03-13 00:00:00-04:00,15.304080688291934,15.319824485657806,14.028740005286627,14.14682674407959,10246300,0.0,0.0
2025-03-14 00:00:00-04:00,14.194062451277446,14.359383583068846,13.61149991299856,14.359383583068848,8496700,0.0,0.0
2025-03-17 00:00:00-04:00,14.997051979173378,15.311951922249714,14.343637149932139,14.508959770202637,10368400,0.0,0.0
2025-03-18 00:00:00-04:00,14.8632210221859,14.977372184678435,14.571940505923807,14.753006935119629,8557200,0.0,0.0
2025-03-19 00:00:00-04:00,14.776624080375841,14.965563148607057,14.52470532273422,14.86322021484375,6534800,0.0,0.0
2025-03-20 00:00:00-04:00,14.682154894932328,14.729389290138641,14.068103252587182,14.14682674407959,8707700,0.0,0.0
2025-03-21 00:00:00-04:00,14.233424309388909,14.477470435111316,13.9893781836665,14.028739929199219,10070700,0.0,0.0
2025-03-24 00:00:00-04:00,14.5937189134789,15.522583581324259,14.260476917215495,14.95760440826416,14908100,3.17,0.0
2025-03-25 00:00:00-04:00,14.785237281740638,14.909724496177123,14.306440724630448,14.555415153503418,7050500,0.0,0.0
2025-03-26 00:00:00-04:00,14.641598743877259,15.024635625946319,14.49796014140935,14.813965797424316,4726000,0.0,0.0
2025-03-27 00:00:00-04:00,14.62244797743481,15.005484875772225,14.526688296234456,14.737359046936035,5257200,0.0,0.0
2025-03-28 00:00:00-04:00,15.101244533640923,15.474705280634899,14.689479183640385,14.823541641235352,6008400,0.0,0.0
2025-03-31 00:00:00-04:00,14.478808015847983,14.512323629280488,13.846796696172266,13.971283912658691,7118600,0.0,0.0
2025-04-01 00:00:00-04:00,14.191530016380574,14.976757010729477,14.148438252101524,14.804389953613281,5996800,0.0,0.0
2025-04-02 00:00:00-04:00,14.708630028116458,15.465128558119417,14.483595973164679,15.445976257324219,5854900,0.0,0.0
2025-04-03 00:00:00-04:00,13.932980711854357,13.980860552676731,12.76471679665567,12.91793155670166,11602800,0.0,0.0
2025-04-04 00:00:00-04:00,11.682635709083243,12.333799313315511,11.519844808025175,11.989066123962402,10496400,0.0,0.0
2025-04-07 00:00:00-04:00,11.491117614691618,13.157329449646227,11.251719331052207,12.266768455505371,11745100,0.0,0.0
2025-04-08 00:00:00-04:00,12.77429308212688,12.908355541964339,11.012321496560135,11.21341609954834,9126100,0.0,0.0
2025-04-09 00:00:00-04:00,10.820802393639287,13.02326674312494,10.567039889131257,12.879627227783203,13277900,0.0,0.0
2025-04-10 00:00:00-04:00,12.487014404370088,12.49659055486547,11.730515866642426,12.065673828125,6775200,0.0,0.0
2025-04-11 00:00:00-04:00,12.381679937470162,13.291393263174427,12.266768867055815,13.205209732055664,6594000,0.0,0.0
2025-04-14 00:00:00-04:00,13.645702369384345,13.885100656566527,13.262665475185653,13.616974830627441,6275900,0.0,0.0
2025-04-15 00:00:00-04:00,13.693581823644244,13.865947964561167,12.860475917311232,13.25308895111084,6021200,0.0,0.0
2025-04-16 00:00:00-04:00,13.066358499984174,13.176481489096357,12.716836318753389,12.908354759216309,3270000,0.0,0.0
2025-04-17 00:00:00-04:00,13.1190262009369,13.214785882898195,12.889204060108204,13.205209732055664,3060200,0.0,0.0
2025-04-21 00:00:00-04:00,12.994538871341085,13.013691172866471,12.247616463259108,12.40083122253418,4055800,0.0,0.0
2025-04-22 00:00:00-04:00,12.582774149745227,12.67853291551214,12.12312896907531,12.467863082885742,4263900,0.0,0.0
2025-04-23 00:00:00-04:00,13.272240660365014,13.626550014411919,12.927507456943372,13.186058044433594,5443600,0.0,0.0
2025-04-24 00:00:00-04:00,13.21478562419286,13.573883054669666,13.032842414674697,13.502063751220703,3921200,0.0,0.0
2025-04-25 00:00:00-04:00,13.406304093084998,14.11971087987918,13.27224072339063,13.73188591003418,4097000,0.0,0.0
2025-04-28 00:00:00-04:00,13.746248929353367,13.971283899151722,13.554730486187086,13.856372833251953,3389200,0.0,0.0
2025-04-29 00:00:00-04:00,13.760613813059194,14.210682860945377,13.72709819805644,14.095771789550781,2811700,0.0,0.0
2025-04-30 00:00:00-04:00,13.7797652887446,14.746933643304077,13.631337698014178,14.699054718017578,5023500,0.0,0.0
2025-05-01 00:00:00-04:00,14.699055285449699,14.82354159187853,14.24898624717316,14.392624855041504,3803500,0.0,0.0
2025-05-02 00:00:00-04:00,14.641598716478105,14.991119984866051,14.373472899531514,14.756509780883789,3644200,0.0,0.0
2025-05-05 00:00:00-04:00,14.79481342926989,15.005484170063614,14.296865484849766,14.383049011230469,3685000,0.0,0.0
2025-05-06 00:00:00-04:00,14.296866232195415,14.30835743052899,12.841324184417328,12.889204025268555,9784600,0.0,0.0
2025-05-07 00:00:00-04:00,13.013690641925365,13.310543997601599,12.78386851238919,13.023266792297363,4069500,0.0,0.0
2025-05-08 00:00:00-04:00,13.358424234949716,13.798917119657792,13.128602098553849,13.645702362060547,4176000,0.0,0.0
2025-05-09 00:00:00-04:00,13.703158693709238,13.789341312077912,13.553774027365645,13.664855003356934,2460000,0.0,0.0
2025-05-12 00:00:00-04:00,15.991806592057904,16.772243706770276,15.33106679655122,15.570465087890625,15962900,0.0,0.0
2025-05-13 00:00:00-04:00,15.848165037735916,16.547209387230627,15.656647514057493,16.384418487548828,8473200,0.0,0.0
2025-05-14 00:00:00-04:00,17.466498102764525,18.108085559359264,17.06622488424887,17.504802703857422,11553700,0.0,0.0
2025-05-15 00:00:00-04:00,17.308497420970895,17.5622590286436,17.15049366991609,17.265405654907227,4229200,0.0,0.0
2025-05-16 00:00:00-04:00,17.48565164637298,17.89741700507463,17.44734704255699,17.552682876586914,8666700,0.0,0.0
2025-05-19 00:00:00-04:00,17.954871611416085,19.91793684367865,17.72504947396564,18.548580169677734,21786500,0.0,0.0
2025-05-20 00:00:00-04:00,18.290028848027838,18.3953628486031,17.62928908776521,18.050630569458008,8963800,0.0,0.0
2025-05-21 00:00:00-04:00,17.61971280952267,18.23257364020736,17.150492406108146,17.332435607910156,6921600,0.0,0.0
2025-05-22 00:00:00-04:00,17.236676612548997,17.768141100336827,17.198372010040625,17.514379501342773,4344600,0.0,0.0
2025-05-23 00:00:00-04:00,16.958973621675153,17.62450238777234,16.901518544722403,17.284555435180664,5889300,0.0,0.0
2025-05-27 00:00:00-04:00,17.23667584290281,17.23667584290281,16.719574690913056,16.78660774230957,7370800,0.0,0.0
2025-05-28 00:00:00-04:00,16.604665049212958,16.671696276195377,16.298235539313932,16.336538314819336,5176900,0.0,0.0
2025-05-29 00:00:00-04:00,16.67169566287437,16.824910412187396,16.164170664235055,16.49932861328125,4883500,0.0,0.0
2025-05-30 00:00:00-04:00,16.72915146647227,16.834487296140505,16.164171368829134,16.71000099182129,8678500,0.0,0.0
2025-06-02 00:00:00-04:00,17.100000381469727,17.489999771118164,16.93000030517578,16.93000030517578,5403900,0.74,0.0
2025-06-03 00:00:00-04:00,16.850000381469727,16.8700008392334,16.420000076293945,16.760000228881836,6896400,0.0,0.0
2025-06-04 00:00:00-04:00,16.850000381469727,17.219999313354492,16.520000457763672,16.540000915527344,4905400,0.0,0.0
2025-06-05 00:00:00-04:00,16.75,17.15999984741211,16.299999237060547,17.15999984741211,6813400,0.0,0.0
2025-06-06 00:00:00-04:00,17.510000228881836,17.700000762939453,17.209999084472656,17.559999465942383,4197700,0.0,0.0
2025-06-09 00:00:00-04:00,17.600000381469727,17.649999618530273,17.270000457763672,17.3799991607666,3982300,0.0,0.0
2025-06-10 00:00:00-04:00,17.3700008392334,17.520000457763672,16.815000534057617,17.030000686645508,5191900,0.0,0.0
2025-06-11 00:00:00-04:00,17.209999084472656,17.309999465942383,16.464000701904297,16.799999237060547,7234800,0.0,0.0
2025-06-12 00:00:00-04:00,16.540000915527344,16.635000228881836,16.25,16.56999969482422,5642300,0.0,0.0
2025-06-13 00:00:00-04:00,17.059999465942383,17.600000381469727,16.639999389648438,17.510000228881836,10391400,0.0,0.0
2025-06-16 00:00:00-04:00,18.229999542236328,19.09000015258789,17.81999969482422,18.020000457763672,13262700,0.0,0.0
2025-06-17 00:00:00-04:00,18.049999237060547,18.209999084472656,17.290000915527344,17.399999618530273,7304100,0.0,0.0
2025-06-18 00:00:00-04:00,17.309999465942383,18.030000686645508,17.21500015258789,17.719999313354492,5213000,0.0,0.0
2025-06-20 00:00:00-04:00,17.65999984741211,17.700000762939453,16.40999984741211,16.530000686645508,10443900,0.0,0.0
2025-06-23 00:00:00-04:00,16.520000457763672,16.6200008392334,16.15999984741211,16.399999618530273,6796100,0.0,0.0
2025-06-24 00:00:00-04:00,16.139999389648438,16.270000457763672,15.569999694824219,15.609999656677246,7766000,0.0,0.0
2025-06-25 00:00:00-04:00,15.704999923706055,16.0,15.324999809265137,15.359999656677246,5556200,0.0,0.0
2025-06-26 00:00:00-04:00,15.40999984741211,15.739999771118164,15.119999885559082,15.670000076293945,5812000,0.0,0.0
2025-06-27 00:00:00-04:00,16.25,16.889999389648438,16.139999389648438,16.530000686645508,7694100,0.0,0.0
2025-06-30 00:00:00-04:00,16.299999237060547,16.360000610351562,15.911999702453613,16.09000015258789,4848400,0.0,0.0
2025-07-01 00:00:00-04:00,15.989999771118164,16.3700008392334,15.845000267028809,16.200000762939453,3905900,0.0,0.0
2025-07-02 00:00:00-04:00,16.329999923706055,16.56999969482422,16.110000610351562,16.139999389648438,3566800,0.0,0.0
2025-07-03 00:00:00-04:00,16.200000762939453,16.239999771118164,15.600000381469727,15.760000228881836,4262900,0.0,0.0
2025-07-07 00:00:00-04:00,15.899999618530273,16.459999084472656,15.770000457763672,15.880000114440918,5359800,0.0,0.0
2025-07-08 00:00:00-04:00,16.1200008392334,17.06999969482422,16.079999923706055,16.510000228881836,9403500,0.0,0.0
2025-07-09 00:00:00-04:00,16.40999984741211,16.5,15.829999923706055,15.859999656677246,6336100,0.0,0.0
2025-07-10 00:00:00-04:00,16.020000457763672,16.299999237060547,15.91100025177002,16.040000915527344,4997800,0.0,0.0
2025-07-11 00:00:00-04:00,16.0,16.1200008392334,15.739999771118164,15.9399995803833,4376000,0.0,0.0
2025-07-14 00:00:00-04:00,15.850000381469727,15.899999618530273,15.609999656677246,15.75,3692100,0.0,0.0
2025-07-15 00:00:00-04:00,15.789999961853027,15.949999809265137,15.5600004196167,15.569999694824219,3360800,0.0,0.0
2025-07-16 00:00:00-04:00,15.600000381469727,15.779999732971191,15.359999656677246,15.59000015258789,4072200,0.0,0.0
2025-07-17 00:00:00-04:00,15.550000190734863,15.774999618530273,15.399999618530273,15.399999618530273,3340900,0.0,0.0
2025-07-18 00:00:00-04:00,15.40999984741211,15.529999732971191,15.25,15.479999542236328,3976800,0.0,0.0
2025-07-21 00:00:00-04:00,15.479999542236328,15.619999885559082,15.229999542236328,15.430000305175781,2995300,0.0,0.0
2025-07-22 00:00:00-04:00,15.430000305175781,15.854999542236328,15.369999885559082,15.699999809265137,4262100,0.0,0.0
2025-07-23 00:00:00-04:00,15.989999771118164,16.68000030517578,15.96500015258789,16.559999465942383,5984100,0.0,0.0
2025-07-24 00:00:00-04:00,16.43000030517578,16.530000686645508,16.280000686645508,16.489999771118164,3422700,0.0,0.0
2025-07-25 00:00:00-04:00,16.510000228881836,16.739999771118164,16.309999465942383,16.729999542236328,3216400,0.0,0.0
2025-07-28 00:00:00-04:00,16.56999969482422,16.635000228881836,16.299999237060547,16.549999237060547,2660700,0.0,0.0
2025-07-29 00:00:00-04:00,16.350000381469727,16.469999313354492,16.18000030517578,16.3799991607666,2295800,0.0,0.0
2025-07-30 00:00:00-04:00,16.229999542236328,16.2450008392334,15.800000190734863,15.9399995803833,3773300,0.0,0.0
2025-07-31 00:00:00-04:00,15.859999656677246,16.18000030517578,15.770000457763672,15.850000381469727,2577800,0.0,0.0
2025-08-01 00:00:00-04:00,15.760000228881836,15.789999961853027,15.305000305175781,15.420000076293945,4695400,0.0,0.0
2025-08-04 00:00:00-04:00,15.520000457763672,15.789999961853027,15.329999923706055,15.760000228881836,2491600,0.0,0.0
2025-08-05 00:00:00-04:00,15.869999885559082,16.079999923706055,15.699999809265137,15.90999984741211,2971600,0.0,0.0
2025-08-06 00:00:00-04:00,15.960000038146973,16.270000457763672,15.75,15.789999961853027,3027000,0.0,0.0
2025-08-07 00:00:00-04:00,16.18000030517578,16.3700008392334,15.75,15.930000305175781,3786100,0.0,0.0
2025-08-08 00:00:00-04:00,15.9399995803833,16.02899932861328,15.475000381469727,15.5,3326300,0.0,0.0
2025-08-11 00:00:00-04:00,17.84000015258789,18.360000610351562,17.232999801635742,17.809999465942383,23441500,0.0,0.0
2025-08-12 00:00:00-04:00,17.90999984741211,18.1200008392334,17.21500015258789,17.34000015258789,8670100,0.0,0.0
2025-08-13 00:00:00-04:00,17.5,17.780000686645508,17.334999084472656,17.40999984741211,4841400,0.0,0.0
2025-08-14 00:00:00-04:00,17.420000076293945,17.420000076293945,16.799999237060547,16.959999084472656,4345400,0.0,0.0
2025-08-15 00:00:00-04:00,16.8799991607666,16.8799991607666,16.290000915527344,16.309999465942383,4760500,0.0,0.0
2025-08-18 00:00:00-04:00,16.309999465942383,16.510000228881836,16.1200008392334,16.170000076293945,4929500,0.0,0.0
2025-08-19 00:00:00-04:00,16.170000076293945,16.280000686645508,15.4399995803833,15.550000190734863,9580200,0.0,0.0
2025-08-20 00:00:00-04:00,14.425000190734863,15.569999694824219,13.800000190734863,15.329999923706055,14116800,0.0,0.0
2025-08-21 00:00:00-04:00,15.149999618530273,15.430000305175781,14.539999961853027,14.699999809265137,7601700,0.0,0.0
2025-08-22 00:00:00-04:00,14.649999618530273,14.949999809265137,14.300000190734863,14.369999885559082,7414600,0.0,0.0
2025-08-25 00:00:00-04:00,14.319999694824219,14.380000114440918,14.095000267028809,14.140000343322754,5640400,0.0,0.0
2025-08-26 00:00:00-04:00,14.09000015258789,14.524999618530273,13.980999946594238,14.470000267028809,6079200,0.0,0.0
2025-08-27 00:00:00-04:00,14.319999694824219,14.579999923706055,14.210000038146973,14.210000038146973,3337800,0.0,0.0
2025-08-28 00:00:00-04:00,14.0600004196167,14.130000114440918,13.6899995803833,13.859999656677246,5490700,0.0,0.0
2025-08-29 00:00:00-04:00,13.800000190734863,13.939000129699707,13.600000381469727,13.609999656677246,3503900,0.0,0.0
2025-09-02 00:00:00-04:00,13.4399995803833,14.0,13.390000343322754,13.65999984741211,3965900,0.0,0.0
2025-09-03 00:00:00-04:00,13.510000228881836,13.649999618530273,13.430000305175781,13.510000228881836,3248600,0.0,0.0
2025-09-04 00:00:00-04:00,13.550000190734863,13.600000381469727,13.319999694824219,13.329999923706055,3123100,0.0,0.0
2025-09-05 00:00:00-04:00,13.3100004196167,13.489999771118164,13.119999885559082,13.489999771118164,3216500,0.0,0.0
2025-09-08 00:00:00-04:00,13.680000305175781,13.680000305175781,13.170000076293945,13.380000114440918,3131800,0.0,0.0
2025-09-09 00:00:00-04:00,13.345000267028809,13.548999786376953,13.270000457763672,13.300000190734863,3905400,0.0,0.0
2025-09-10 00:00:00-04:00,13.300000190734863,13.550000190734863,13.140000343322754,13.199999809265137,3184400,0.0,0.0
2025-09-11 00:00:00-04:00,13.1850004196167,13.600000381469727,13.130000114440918,13.539999961853027,4101200,0.0,0.0
2025-09-12 00:00:00-04:00,13.630000114440918,13.97599983215332,13.600000381469727,13.630000114440918,3836900,0.0,0.0
2025-09-15 00:00:00-04:00,14.890000343322754,15.204999923706055,14.4399995803833,14.619999885559082,10389400,0.0,0.0
2025-09-16 00:00:00-04:00,14.800000190734863,14.800000190734863,14.420000076293945,14.520000457763672,5064900,0.0,0.0
2025-09-17 00:00:00-04:00,14.510000228881836,15.0,14.380000114440918,14.770000457763672,5286300,0.0,0.0
2025-09-18 00:00:00-04:00,14.8100004196167,15.449999809265137,14.770000457763672,15.199999809265137,5775400,0.0,0.0
2025-09-19 00:00:00-04:00,14.789999961853027,14.800000190734863,14.319999694824219,14.369999885559082,7083200,0.0,0.0
2025-09-22 00:00:00-04:00,14.270000457763672,14.6899995803833,14.15999984741211,14.649999618530273,3281900,0.0,0.0
2025-09-23 00:00:00-04:00,14.600000381469727,14.649999618530273,14.300000190734863,14.390000343322754,3692600,0.0,0.0
2025-09-24 00:00:00-04:00,14.460000038146973,14.600000381469727,14.40999984741211,14.529999732971191,3522200,0.0,0.0
2025-09-25 00:00:00-04:00,14.3100004196167,14.3100004196167,13.920000076293945,14.079999923706055,4269300,0.0,0.0
2025-09-26 00:00:00-04:00,14.079999923706055,14.220000267028809,13.9399995803833,13.9399995803833,2648400,0.0,0.0
2025-09-29 00:00:00-04:00,13.960000038146973,14.0,13.470000267028809,13.609999656677246,4762100,0.0,0.0
2025-09-30 00:00:00-04:00,13.479999542236328,13.6899995803833,13.420000076293945,13.550000190734863,4211500,0.0,0.0
2025-10-01 00:00:00-04:00,13.539999961853027,13.800000190734863,13.5,13.710000038146973,3905400,0.0,0.0
2025-10-02 00:00:00-04:00,13.800000190734863,13.930000305175781,13.539999961853027,13.789999961853027,2984900,0.0,0.0
2025-10-03 00:00:00-04:00,13.84000015258789,14.100000381469727,13.800000190734863,13.90999984741211,3108900,0.0,0.0
2025-10-06 00:00:00-04:00,13.800000190734863,13.869999885559082,13.479999542236328,13.699999809265137,6354300,0.0,0.0
2025-10-07 00:00:00-04:00,13.670000076293945,13.949999809265137,13.475000381469727,13.5,3007800,0.0,0.0
2025-10-08 00:00:00-04:00,13.479999542236328,13.645000457763672,13.362000465393066,13.630000114440918,3154400,0.0,0.0
2025-10-09 00:00:00-04:00,13.600000381469727,13.710000038146973,12.90999984741211,12.920000076293945,6430200,0.0,0.0
2025-10-10 00:00:00-04:00,12.920000076293945,13.039999961853027,12.329999923706055,12.4399995803833,6012500,0.0,0.0
2025-10-13 00:00:00-04:00,12.600000381469727,12.920000076293945,12.460000038146973,12.720000267028809,4228500,0.0,0.0
2025-10-14 00:00:00-04:00,12.699999809265137,13.569999694824219,12.520000457763672,13.430000305175781,6306000,0.0,0.0
2025-10-15 00:00:00-04:00,13.489999771118164,13.789999961853027,13.40999984741211,13.579999923706055,4011300,0.0,0.0
2025-10-16 00:00:00-04:00,13.5600004196167,13.789999961853027,13.300000190734863,13.319999694824219,3495800,0.0,0.0
2025-10-17 00:00:00-04:00,13.329999923706055,13.720000267028809,13.1899995803833,13.449999809265137,3147500,0.0,0.0
2025-10-20 00:00:00-04:00,13.649999618530273,13.930000305175781,13.404999732971191,13.430000305175781,3229200,0.0,0.0
2025-10-21 00:00:00-04:00,13.430000305175781,13.739999771118164,13.40999984741211,13.640000343322754,2627800,0.0,0.0
2025-10-22 00:00:00-04:00,13.699999809265137,13.949999809265137,13.545000076293945,13.9399995803833,3618300,0.0,0.0
2025-10-23 00:00:00-04:00,14.050000190734863,14.140000343322754,13.699999809265137,13.779999732971191,3137500,0.0,0.0
2025-10-24 00:00:00-04:00,13.800000190734863,14.029999732971191,13.5600004196167,13.720000267028809,2146200,0.0,0.0
2025-10-27 00:00:00-04:00,13.9350004196167,14.550000190734863,13.9350004196167,14.350000381469727,5654600,0.0,0.0
2025-10-28 00:00:00-04:00,14.859999656677246,15.300000190734863,14.770000457763672,14.829999923706055,5755400,0.0,0.0
2025-10-29 00:00:00-04:00,15.079999923706055,15.319999694824219,15.020000457763672,15.119999885559082,4868300,0.0,0.0
2025-10-30 00:00:00-04:00,14.8100004196167,14.904999732971191,14.557000160217285,14.729999542236328,3217000,0.0,0.0
2025-10-31 00:00:00-04:00,14.640000343322754,15.5,14.550000190734863,15.380000114440918,4065800,0.0,0.0
2025-11-03 00:00:00-05:00,15.449999809265137,15.625,15.130000114440918,15.319999694824219,3685100,0.0,0.0
2025-11-04 00:00:00-05:00,15.0,15.0600004196167,14.279999732971191,14.350000381469727,4150900,0.0,0.0
2025-11-05 00:00:00-05:00,14.609999656677246,15.239999771118164,14.600000381469727,15.109999656677246,2958200,0.0,0.0
2025-11-06 00:00:00-05:00,15.069999694824219,15.460000038146973,14.625,14.65999984741211,4221800,0.0,0.0
2025-11-07 00:00:00-05:00,14.40999984741211,14.789999961853027,14.1899995803833,14.729999542236328,2854200,0.0,0.0
2025-11-10 00:00:00-05:00,15.199999809265137,15.425000190734863,14.930000305175781,15.25,5468300,0.0,0.0
2025-11-11 00:00:00-05:00,15.104999542236328,15.515999794006348,14.819999694824219,15.40999984741211,5107200,0.0,0.0
2025-11-12 00:00:00-05:00,15.520000457763672,15.758000373840332,15.510000228881836,15.699999809265137,4558400,0.0,0.0
2025-11-13 00:00:00-05:00,15.6899995803833,16.479999542236328,15.6899995803833,16.010000228881836,7932100,0.0,0.0
2025-11-14 00:00:00-05:00,15.789999961853027,16.299999237060547,15.300000190734863,16.020000457763672,4509500,0.0,0.0
2025-11-17 00:00:00-05:00,16.540000915527344,17.5,16.540000915527344,17.010000228881836,10929900,0.0,0.0
2025-11-18 00:00:00-05:00,16.540000915527344,17.010000228881836,16.1299991607666,16.989999771118164,4798100,0.0,0.0
2025-11-19 00:00:00-05:00,17.219999313354492,17.2549991607666,16.40999984741211,16.75,4380400,0.0,0.0
2025-11-20 00:00:00-05:00,16.520000457763672,17.59000015258789,16.260000228881836,16.75,7661000,0.0,0.0
2025-11-21 00:00:00-05:00,16.559999465942383,17.239999771118164,16.450000762939453,16.899999618530273,5633500,0.0,0.0
2025-11-24 00:00:00-05:00,17.0,17.389999389648438,17.0,17.170000076293945,4948500,0.0,0.0
2025-11-25 00:00:00-05:00,18.360000610351562,19.559999465942383,18.049999237060547,19.510000228881836,16279600,0.0,0.0
2025-11-26 00:00:00-05:00,19.649999618530273,20.299999237060547,19.479999542236328,19.700000762939453,9756000,0.0,0.0
2025-11-28 00:00:00-05:00,19.899999618530273,20.600000381469727,19.80900001525879,20.40999984741211,4351800,0.0,0.0
2025-12-01 00:00:00-05:00,19.940000534057617,20.229999542236328,19.020000457763672,19.299999237060547,5574900,0.0,0.0
2025-12-02 00:00:00-05:00,19.209999084472656,19.885000228881836,18.81999969482422,19.600000381469727,5823300,0.0,0.0
2025-12-03 00:00:00-05:00,19.440000534057617,19.934999465942383,18.90999984741211,19.8700008392334,3992000,0.0,0.0
2025-12-04 00:00:00-05:00,20.700000762939453,21.0,20.3799991607666,20.399999618530273,7356700,0.0,0.0
2025-12-05 00:00:00-05:00,20.579999923706055,20.600000381469727,19.81999969482422,20.030000686645508,4873000,0.0,0.0
2025-12-08 00:00:00-05:00,20.06999969482422,20.700000762939453,20.020000457763672,20.079999923706055,3818400,0.0,0.0
2025-12-09 00:00:00-05:00,20.100000381469727,20.43000030517578,19.822999954223633,19.8700008392334,3670100,0.0,0.0
2025-12-10 00:00:00-05:00,20.030000686645508,20.225000381469727,19.81999969482422,19.84000015258789,2356600,0.0,0.0
2025-12-11 00:00:00-05:00,19.860000610351562,19.979999542236328,19.520000457763672,19.829999923706055,2635800,0.0,0.0
2025-12-12 00:00:00-05:00,19.75,19.899999618530273,18.562000274658203,18.760000228881836,4282300,0.0,0.0
2025-12-15 00:00:00-05:00,19.59000015258789,20.40999984741211,19.420000076293945,20.399999618530273,6216200,0.0,0.0
2025-12-16 00:00:00-05:00,20.3700008392334,21.0,19.860000610351562,20.020000457763672,4570800,0.0,0.0
2025-12-17 00:00:00-05:00,20.549999237060547,20.850000381469727,19.420000076293945,19.559999465942383,4888000,0.0,0.0
2025-12-18 00:00:00-05:00,19.8799991607666,20.18000030517578,19.25,19.25,3182700,0.0,0.0
2025-12-19 00:00:00-05:00,19.479999542236328,19.549999237060547,19.0,19.239999771118164,3063100,0.0,0.0
2025-12-22 00:00:00-05:00,19.350000381469727,20.139999389648438,19.299999237060547,19.8799991607666,4094900,0.0,0.0
2025-12-23 00:00:00-05:00,21.290000915527344,22.139999389648438,20.719999313354492,21.030000686645508,9646100,0.0,0.0
2025-12-24 00:00:00-05:00,21.010000228881836,21.25,20.711000442504883,21.06999969482422,2023800,0.0,0.0
2025-12-26 00:00:00-05:00,21.170000076293945,21.510000228881836,20.700000762939453,21.350000381469727,2969600,0.0,0.0
2025-12-29 00:00:00-05:00,21.149999618530273,21.40999984741211,20.850000381469727,21.209999084472656,3480700,0.0,0.0
2025-12-30 00:00:00-05:00,21.190000534057617,21.34000015258789,20.979999542236328,21.010000228881836,2771700,0.0,0.0
2025-12-31 00:00:00-05:00,21.100000381469727,21.40999984741211,20.68199920654297,21.229999542236328,3267100,0.0,0.0
2026-01-02 00:00:00-05:00,21.670000076293945,22.200000762939453,21.34000015258789,21.90999984741211,4149400,0.0,0.0
2026-01-05 00:00:00-05:00,21.700000762939453,21.854999542236328,20.10099983215332,20.920000076293945,7656300,0.0,0.0
2026-01-06 00:00:00-05:00,20.90999984741211,22.450000762939453,20.899999618530273,22.299999237060547,6071800,0.0,0.0
2026-01-07 00:00:00-05:00,22.1200008392334,22.5,21.8799991607666,22.350000381469727,3178500,0.0,0.0
2026-01-08 00:00:00-05:00,22.350000381469727,22.639999389648438,22.350000381469727,22.5,2091000,0.0,0.0
2026-01-09 00:00:00-05:00,22.514999389648438,22.562999725341797,21.829999923706055,22.399999618530273,3274400,0.0,0.0
2026-01-12 00:00:00-05:00,22.31999969482422,24.46500015258789,22.31999969482422,23.270000457763672,6136400,0.0,0.0
2026-01-13 00:00:00-05:00,23.3700008392334,23.5,21.459999084472656,21.56999969482422,4250600,0.0,0.0
2026-01-14 00:00:00-05:00,21.93000030517578,22.84000015258789,21.75,22.729999542236328,3889000,0.0,0.0
2026-01-15 00:00:00-05:00,22.100000381469727,22.93000030517578,21.799999237060547,22.700000762939453,4253900,0.0,0.0
2026-01-16 00:00:00-05:00,22.280000686645508,22.479999542236328,21.229999542236328,21.360000610351562,3658600,0.0,0.0
2026-01-20 00:00:00-05:00,21.700000762939453,21.739999771118164,21.06999969482422,21.530000686645508,4367700,0.0,0.0
2026-01-21 00:00:00-05:00,21.530000686645508,22.724000930786133,21.530000686645508,22.469999313354492,3714800,0.0,0.0
2026-01-22 00:00:00-05:00,22.260000228881836,22.709999084472656,22.014999389648438,22.059999465942383,2439700,0.0,0.0
2026-01-23 00:00:00-05:00,22.190000534057617,23.0,22.084999084472656,22.100000381469727,2047600,0.0,0.0
2026-01-26 00:00:00-05:00,22.399999618530273,23.21500015258789,22.229999542236328,22.959999084472656,3936200,0.0,0.0
2026-01-27 00:00:00-05:00,23.239999771118164,23.40999984741211,22.614999771118164,22.719999313354492,3029800,0.0,0.0
2026-01-28 00:00:00-05:00,22.59000015258789,23.5,22.510000228881836,23.239999771118164,2775100,0.0,0.0
2026-01-29 00:00:00-05:00,23.450000762939453,23.639999389648438,22.649999618530273,23.18000030517578,2324200,0.0,0.0
2026-01-30 00:00:00-05:00,22.719999313354492,22.950000762939453,21.920000076293945,22.030000686645508,3114800,0.0,0.0
2026-02-02 00:00:00-05:00,21.950000762939453,22.440000534057617,21.3799991607666,22.43000030517578,2922100,0.0,0.0
2026-02-03 00:00:00-05:00,22.549999237060547,22.610000610351562,21.270000457763672,21.760000228881836,3081700,0.0,0.0
2026-02-04 00:00:00-05:00,21.649999618530273,22.01799964904785,21.135000228881836,21.530000686645508,1879500,0.0,0.0
2026-02-05 00:00:00-05:00,20.700000762939453,20.850000381469727,20.06999969482422,20.329999923706055,3868500,0.0,0.0
2026-02-06 00:00:00-05:00,20.34000015258789,20.829999923706055,20.18000030517578,20.68000030517578,2269700,0.0,0.0
2026-02-09 00:00:00-05:00,20.760000228881836,21.55500030517578,20.549999237060547,21.219999313354492,2060800,0.0,0.0
2026-02-10 00:00:00-05:00,21.1200008392334,21.3799991607666,20.579999923706055,20.729999542236328,2150000,0.0,0.0
2026-02-11 00:00:00-05:00,20.8700008392334,21.200000762939453,20.709999084472656,21.139999389648438,1049900,0.0,0.0
2026-02-12 00:00:00-05:00,21.780000686645508,21.850000381469727,20.579999923706055,21.18000030517578,2009300,0.0,0.0
2026-02-13 00:00:00-05:00,20.739999771118164,22.219999313354492,20.6299991607666,22.200000762939453,2047400,0.0,0.0
