Date,Open,High,Low,Close,Volume,Dividends,Stock Splits
2022-01-03 00:00:00-05:00,7.101812839508056,7.1217990019701825,7.055178248646878,7.101812839508057,487600,0.0,0.0
2022-01-04 00:00:00-05:00,7.101814256219374,7.135124957200364,7.055179656055254,7.121800422668457,557000,0.0,0.0
2022-01-05 00:00:00-05:00,7.108476680023762,7.121800579500303,6.961909973689073,6.975234508514404,512300,0.0,0.0
2022-01-06 00:00:00-05:00,6.961909973689073,6.99522067540361,6.875302403370792,6.975234508514404,734900,0.0,0.0
2022-01-07 00:00:00-05:00,6.988558190820136,7.008544992437039,6.941923591078238,6.981895923614502,485600,0.0,0.0
2022-01-10 00:00:00-05:00,6.955246074604377,6.975232872153552,6.875300790453595,6.961908340454102,446600,0.0,0.0
2022-01-11 00:00:00-05:00,6.981895342565363,7.075165169635804,6.9485852800068715,7.068502902984619,501400,0.0,0.0
2022-01-12 00:00:00-05:00,7.088489622938768,7.141786484849317,7.06850282321078,7.115138053894043,461600,0.0,0.0
2022-01-13 00:00:00-05:00,7.141785432856249,7.148447063102269,7.061840151766456,7.088488578796387,452100,0.0,0.0
2022-01-14 00:00:00-05:00,7.0485163542514195,7.095150947570801,6.995219494643932,7.095150947570801,429700,0.0,0.0
2022-01-18 00:00:00-05:00,7.048517324973304,7.048517324973304,6.955247490140736,6.981895923614502,712400,0.0,0.0
2022-01-19 00:00:00-05:00,7.001882942816275,7.048517544007353,6.941923806799867,6.975234508514404,549700,0.0,0.0
2022-01-20 00:00:00-05:00,7.021867652822589,7.0551783476258905,6.895287774988433,6.901949405670166,431300,0.0,0.0
2022-01-21 00:00:00-05:00,6.874452513266888,6.89457268299578,6.277548601368011,6.297669410705566,4199900,0.069,0.0
2022-01-24 00:00:00-05:00,6.210480637847491,6.364736325586819,5.855020711162882,6.33790922164917,3766400,0.0,0.0
2022-01-25 00:00:00-05:00,6.2909623975618505,6.431804863164305,6.1568268683234795,6.358029842376709,1166500,0.0,0.0
2022-01-26 00:00:00-05:00,6.51228693755315,6.5391140465186215,6.317790237651304,6.431805610656738,934000,0.0,0.0
2022-01-27 00:00:00-05:00,6.465339912149175,6.559234477432829,6.411685692098871,6.438512802124023,772600,0.0,0.0
2022-01-28 00:00:00-05:00,6.472043037542141,6.5324041654136575,6.371441584161909,6.525697231292725,674800,0.0,0.0
2022-01-31 00:00:00-05:00,6.572645887504223,6.706781387329102,6.55252572243262,6.706781387329102,700300,0.0,0.0
2022-02-01 00:00:00-05:00,6.7067833002425745,6.834211901519357,6.63971521139667,6.740317344665527,663900,0.0,0.0
2022-02-02 00:00:00-05:00,6.79397198719552,6.861039440650835,6.7671448778916465,6.81409215927124,536600,0.0,0.0
2022-02-03 00:00:00-05:00,6.7403161705863965,6.800677312111812,6.633007758811696,6.659834861755371,728100,0.0,0.0
2022-02-04 00:00:00-05:00,6.565941414841306,6.599475462274935,6.418391989898593,6.438512802124023,3540700,0.0,0.0
2022-02-07 00:00:00-05:00,6.425096776355059,6.465337747725554,6.3647356391035865,6.378149509429932,1224400,0.0,0.0
2022-02-08 00:00:00-05:00,6.378152057158207,6.472046628514287,6.364738181473741,6.44521951675415,732200,0.0,0.0
2022-02-09 00:00:00-05:00,6.49216650252583,6.5994749340372145,6.49216650252583,6.579354763031006,884000,0.0,0.0
2022-02-10 00:00:00-05:00,6.5324075342753405,6.592768693276022,6.458633139723824,6.472046375274658,913400,0.0,0.0
2022-02-11 00:00:00-05:00,6.485459594196073,6.532406873286738,6.351324054216525,6.371444225311279,887400,0.0,0.0
2022-02-14 00:00:00-05:00,6.404978259864414,6.404978259864414,6.284255954273432,6.304376125335693,770700,0.0,0.0
2022-02-15 00:00:00-05:00,6.378153038411051,6.431807270185809,6.371446099536983,6.391566276550293,467900,0.0,0.0
2022-02-16 00:00:00-05:00,6.404978501691267,6.458632719622209,6.344617346616776,6.431805610656738,637200,0.0,0.0
2022-02-17 00:00:00-05:00,6.390596622250538,6.424373688712864,6.316287591428586,6.336553573608398,503500,0.069,0.0
2022-02-18 00:00:00-05:00,6.356820080561132,6.377086064413957,6.241978431655104,6.289266586303711,852500,0.0,0.0
2022-02-22 00:00:00-05:00,6.221712661534439,6.282511259425516,6.04607241079222,6.13389253616333,1096500,0.0,0.0
2022-02-23 00:00:00-05:00,6.194689919830731,6.2149559004074035,6.079848289489746,6.079848289489746,860700,0.0,0.0
2022-02-24 00:00:00-05:00,5.931231650629743,6.181180978500026,5.897454575135028,6.174426078796387,1391900,0.0,0.0
2022-02-25 00:00:00-05:00,6.235222749182262,6.323042869567871,6.187935239837702,6.323042869567871,881500,0.0,0.0
2022-02-28 00:00:00-05:00,6.275755215055048,6.336553808088254,6.187935096700859,6.282510757446289,932400,0.0,0.0
2022-03-01 00:00:00-05:00,6.262245106134064,6.289266632885973,6.147403456377448,6.2082014083862305,733700,0.0,0.0
2022-03-02 00:00:00-05:00,6.241977916362677,6.336553573608398,6.214956392041607,6.336553573608398,622700,0.0,0.0
2022-03-03 00:00:00-05:00,6.3703290219234665,6.3703290219234665,6.22846589421196,6.302774906158447,616400,0.0,0.0
2022-03-04 00:00:00-05:00,6.241980421176263,6.248735966028418,6.133894280518629,6.201448440551758,670100,0.0,0.0
2022-03-07 00:00:00-05:00,6.160914113773419,6.167669656759403,5.978518962860107,5.978518962860107,1219600,0.0,0.0
2022-03-08 00:00:00-05:00,5.992028467172148,6.0798485795189166,5.917719438683624,5.937985420227051,1033200,0.0,0.0
2022-03-09 00:00:00-05:00,6.039316867861205,6.160914063643361,6.025806426243205,6.13389253616333,699900,0.0,0.0
2022-03-10 00:00:00-05:00,6.120381239660989,6.147402763366699,6.059582650262153,6.147402763366699,497800,0.0,0.0
2022-03-11 00:00:00-05:00,6.160913629456517,6.174424714366363,6.0730935102744805,6.086604595184326,324400,0.0,0.0
2022-03-14 00:00:00-04:00,6.113625644920587,6.127136084534892,5.917719438683624,5.937985420227051,739600,0.0,0.0
2022-03-15 00:00:00-04:00,5.965007407971662,6.093360137639249,5.965007407971662,6.086604595184326,502200,0.0,0.0
2022-03-16 00:00:00-04:00,6.154158028988635,6.28926629983753,6.147403130841376,6.282510757446289,567000,0.0,0.0
2022-03-17 00:00:00-04:00,6.275755458732282,6.444640159606933,6.268999916078735,6.444640159606934,450600,0.0,0.0
2022-03-18 00:00:00-04:00,6.444642032458007,6.485174655914307,6.404109409001708,6.485174655914307,415400,0.0,0.0
2022-03-21 00:00:00-04:00,6.505436639444232,6.545968593696584,6.424372086695731,6.4513936042785645,435000,0.0,0.0
2022-03-22 00:00:00-04:00,6.485172462039663,6.525704427540174,6.478416919708252,6.478416919708252,521900,0.0,0.0
2022-03-23 00:00:00-04:00,6.430107475106244,6.464129338248057,6.355259895324707,6.355259895324707,483000,0.069,0.0
2022-03-24 00:00:00-04:00,6.396085657726941,6.443716526031494,6.3552599407951185,6.443716526031494,379700,0.0,0.0
2022-03-25 00:00:00-04:00,6.46412858603109,6.545780658721924,6.423302225229178,6.545780658721924,513500,0.0,0.0
2022-03-28 00:00:00-04:00,6.518562858606249,6.579802071195028,6.511758357449064,6.572997570037842,553600,0.0,0.0
2022-03-29 00:00:00-04:00,6.607016254735794,6.702277278460625,6.607016254735794,6.681863784790039,735100,0.0,0.0
2022-03-30 00:00:00-04:00,6.68186944698617,6.702282957955104,6.586608991450549,6.66145658493042,438900,0.0,0.0
2022-03-31 00:00:00-04:00,6.70228194500141,6.709085798716232,6.5661944880955865,6.607020854949951,930400,0.0,0.0
2022-04-01 00:00:00-04:00,6.627432747539937,6.675063610076904,6.579802533915962,6.675063610076904,384500,0.0,0.0
2022-04-04 00:00:00-04:00,6.675061284940992,6.688669634559196,6.613822089377157,6.627430438995361,446300,0.0,0.0
2022-04-05 00:00:00-04:00,6.620625892350447,6.634234890784027,6.498148151012035,6.56619119644165,613700,0.0,0.0
2022-04-06 00:00:00-04:00,6.491346330284806,6.504955334333796,6.389281395569493,6.4641289710998535,640200,0.0,0.0
2022-04-07 00:00:00-04:00,6.450520379578084,6.464129384497405,6.341650935875798,6.443716526031494,419500,0.0,0.0
2022-04-08 00:00:00-04:00,6.443716526031494,6.464129384497405,6.402890160186601,6.443716526031494,416000,0.0,0.0
2022-04-11 00:00:00-04:00,6.436909566751682,6.443714066614222,6.3756703658144716,6.389279365539551,429500,0.0,0.0
2022-04-12 00:00:00-04:00,6.430106129908712,6.484540839982482,6.389280421809849,6.402888774871826,478600,0.0,0.0
2022-04-13 00:00:00-04:00,6.430105722098179,6.52536678314209,6.402888368787474,6.52536678314209,426100,0.0,0.0
2022-04-14 00:00:00-04:00,6.566191024679666,6.620625719164531,6.423299789428711,6.423299789428711,549800,0.0,0.0
2022-04-18 00:00:00-04:00,6.450518919267184,6.4573234201863965,6.232780081155762,6.280410289764404,767700,0.0,0.0
2022-04-19 00:00:00-04:00,6.2940184138622675,6.375670466767157,6.273605562864254,6.368865966796875,503700,0.0,0.0
2022-04-20 00:00:00-04:00,6.416496716076886,6.443714066614222,6.3756703658144716,6.389279365539551,398500,0.0,0.0
2022-04-21 00:00:00-04:00,6.457143469436355,6.470852563510307,6.326903480291659,6.333758354187012,363600,0.069,0.0
2022-04-22 00:00:00-04:00,6.340613213609668,6.340613213609668,6.18295503667693,6.210373878479004,481300,0.0,0.0
2022-04-25 00:00:00-04:00,6.1418253963711935,6.258355617523193,6.086987722148681,6.258355617523193,790900,0.0,0.0
2022-04-26 00:00:00-04:00,6.217225218827294,6.244644047928984,6.066421985626221,6.066421985626221,722900,0.0,0.0
2022-04-27 00:00:00-04:00,6.121259194106809,6.2309345024558365,6.039002712845039,6.134968280792236,1001200,0.0,0.0
2022-04-28 00:00:00-04:00,6.230935911179412,6.230935911179412,6.155533629354799,6.224081039428711,520600,0.0,0.0
2022-04-29 00:00:00-04:00,6.2172264357437195,6.2377910518825,6.100696225823613,6.107551097869873,723200,0.0,0.0
2022-05-02 00:00:00-04:00,6.100694197053593,6.121258806353666,5.94989098448456,6.086985111236572,706200,0.0,0.0
2022-05-03 00:00:00-04:00,6.100694982984654,6.1692423820495605,6.066421937168647,6.1692423820495605,553300,0.0,0.0
2022-05-04 00:00:00-04:00,6.182953949511808,6.217227005450514,6.052713983564827,6.203517913818359,655400,0.0,0.0
2022-05-05 00:00:00-04:00,6.169244514323794,6.176099387342822,6.039005195545627,6.1418256759643555,813100,0.0,0.0
2022-05-06 00:00:00-04:00,6.09384382945028,6.100698049829257,5.929330119736112,5.956748962402344,925300,0.0,0.0
2022-05-09 00:00:00-04:00,5.888200725124882,5.9293286520857,5.682559129170958,5.703123092651367,1509600,0.0,0.0
2022-05-10 00:00:00-04:00,5.7648151395755525,5.819652806604461,5.60715701029658,5.634575843811035,1289700,0.0,0.0
2022-05-11 00:00:00-04:00,5.641430568755212,5.709977985558251,5.552319842114522,5.559174060821533,756500,0.0,0.0
2022-05-12 00:00:00-04:00,5.538609246193371,5.607156652463277,5.435788463646768,5.511190414428711,1031600,0.0,0.0
2022-05-13 00:00:00-04:00,5.586592876734697,5.730541928530783,5.54546494977388,5.703123092651367,1065600,0.0,0.0
2022-05-16 00:00:00-04:00,5.709978212357213,5.723687957749015,5.620866828460425,5.6619954109191895,1065400,0.0,0.0
2022-05-17 00:00:00-04:00,5.764814364345359,5.840216636657715,5.70997670469081,5.840216636657715,757100,0.0,0.0
2022-05-18 00:00:00-04:00,5.805943754132632,5.805943754132632,5.668849585676606,5.689413547515869,597200,0.0,0.0
2022-05-19 00:00:00-04:00,5.675704617369337,5.730542292612197,5.620866942126476,5.682559490203857,809400,0.0,0.0
2022-05-20 00:00:00-04:00,5.771670759187039,5.8196535606250634,5.579738899718302,5.6619954109191895,659700,0.0,0.0
2022-05-23 00:00:00-04:00,5.730428218841553,5.74425345262757,5.675128602144343,5.730428218841553,1022200,0.069,0.0
2022-05-24 00:00:00-04:00,5.702778410492948,5.737340835734561,5.619828985447135,5.730428218841553,681000,0.0,0.0
2022-05-25 00:00:00-04:00,5.71660324147117,5.771902854271814,5.688952775847464,5.758077621459961,1085600,0.0,0.0
2022-05-26 00:00:00-04:00,5.744252671557526,5.903238883138124,5.744252671557526,5.889414310455322,579600,0.0,0.0
2022-05-27 00:00:00-04:00,5.923977779828154,6.0000152587890625,5.917065821105505,6.0000152587890625,608600,0.0,0.0
2022-05-31 00:00:00-04:00,6.013839653950792,6.041489465677463,5.944715454245871,5.986189842224121,543200,0.0,0.0
2022-06-01 00:00:00-04:00,6.027663333400047,6.034575290129777,5.861763846643036,5.889414310455322,1026700,0.0,0.0
2022-06-02 00:00:00-04:00,5.875590595317437,6.000015077699213,5.868677977579892,5.986189842224121,685700,0.0,0.0
2022-06-03 00:00:00-04:00,5.951627116273486,5.951627116273486,5.854853109662789,5.896327495574951,889900,0.0,0.0
2022-06-06 00:00:00-04:00,5.923976440108353,5.972364095565105,5.896326633800229,5.9032392501831055,434600,0.0,0.0
2022-06-07 00:00:00-04:00,5.889415830792529,5.986189842224121,5.868677977579892,5.986189842224121,689700,0.0,0.0
2022-06-08 00:00:00-04:00,5.95162698105344,5.986189408010642,5.937802405804638,5.9447150230407715,357300,0.0,0.0
2022-06-09 00:00:00-04:00,5.910152569045009,5.9378023786395815,5.854852949855866,5.861764907836914,392300,0.0,0.0
2022-06-10 00:00:00-04:00,5.7857289801973675,5.7857289801973675,5.69586692048008,5.7442545890808105,993700,0.0,0.0
2022-06-13 00:00:00-04:00,5.585266058106942,5.599091290650113,5.509228927177932,5.536879062652588,967200,0.0,0.0
2022-06-14 00:00:00-04:00,5.564529429944016,5.571442046913044,5.41245515274259,5.440104961395264,657300,0.0,0.0
2022-06-15 00:00:00-04:00,5.453930468509641,5.523054997781218,5.405543462825414,5.460843086242676,732600,0.0,0.0
2022-06-16 00:00:00-04:00,5.357154657860616,5.391717077820513,5.260380343429239,5.28803014755249,1168000,0.0,0.0
2022-06-17 00:00:00-04:00,5.28803016797168,5.350242062683387,5.246555461626654,5.322592258453369,729700,0.0,0.0
2022-06-21 00:00:00-04:00,5.39171697828299,5.460841487314997,5.37789207647659,5.426279067993164,653800,0.0,0.0
2022-06-22 00:00:00-04:00,5.3488722969449976,5.453478730669786,5.3488722969449976,5.397688388824463,425400,0.069,0.0
2022-06-23 00:00:00-04:00,5.425582872486128,5.446503956419063,5.36979253941749,5.439530372619629,449800,0.0,0.0
2022-06-24 00:00:00-04:00,5.474399049336895,5.55808405155422,5.474399049336895,5.516241550445557,841800,0.0,0.0
2022-06-27 00:00:00-04:00,5.523214329589835,5.565056822082537,5.516240414573766,5.537161827087402,607000,0.0,0.0
2022-06-28 00:00:00-04:00,5.579005036326101,5.627821117571802,5.460451126098633,5.460451126098633,817300,0.0,0.0
2022-06-29 00:00:00-04:00,5.474398452694777,5.5022934503936725,5.383739543906061,5.4674248695373535,1723900,0.0,0.0
2022-06-30 00:00:00-04:00,5.460452170247146,5.460452170247146,5.369793241262726,5.376767158508301,1288200,0.0,0.0
2022-07-01 00:00:00-04:00,5.397687188614963,5.488346099853516,5.3767661060427505,5.488346099853516,722200,0.0,0.0
2022-07-05 00:00:00-04:00,5.40466049774359,5.453476905822754,5.341896592003891,5.453476905822754,734300,0.0,0.0
2022-07-06 00:00:00-04:00,5.460451589340554,5.481373006316892,5.425583004426179,5.474399089813232,626800,0.0,0.0
2022-07-07 00:00:00-04:00,5.50229442457132,5.592953681945801,5.474399421933632,5.592953681945801,691800,0.0,0.0
2022-07-08 00:00:00-04:00,5.5580857256196055,5.620849994988816,5.544138221049138,5.579007148742676,534200,0.0,0.0
2022-07-11 00:00:00-04:00,5.572033230190073,5.60690215788361,5.5511121396017415,5.579007148742676,479600,0.0,0.0
2022-07-12 00:00:00-04:00,5.599926019199925,5.620847766563156,5.537162439783266,5.572031021118164,704600,0.0,0.0
2022-07-13 00:00:00-04:00,5.474400246532468,5.579006688447807,5.446505239693006,5.565059185028076,443300,0.0,0.0
2022-07-14 00:00:00-04:00,5.495321840496979,5.5580854415893555,5.453479328923821,5.5580854415893555,537600,0.0,0.0
2022-07-15 00:00:00-04:00,5.606899846782254,5.64874267578125,5.572030933461293,5.64874267578125,368600,0.0,0.0
2022-07-18 00:00:00-04:00,5.690585697529841,5.690585697529841,5.599926775256779,5.606900691986084,500500,0.0,0.0
2022-07-19 00:00:00-04:00,5.64177087712581,5.781245917677178,5.64177087712581,5.746376991271973,422600,0.0,0.0
2022-07-20 00:00:00-04:00,5.746375438234277,5.906772190320992,5.746375438234277,5.850982189178467,708300,0.0,0.0
2022-07-21 00:00:00-04:00,5.81512068691441,5.878404383944528,5.808088941494124,5.857309818267822,319100,0.069,0.0
2022-07-22 00:00:00-04:00,5.871372796000723,5.899499104639716,5.786993199499649,5.79402494430542,342500,0.0,0.0
2022-07-25 00:00:00-04:00,5.822153328092391,5.850279646756245,5.716679800749023,5.73777437210083,476900,0.0,0.0
2022-07-26 00:00:00-04:00,5.70261545432645,5.7729315757751465,5.70261545432645,5.7729315757751465,392900,0.0,0.0
2022-07-27 00:00:00-04:00,5.779963438753526,5.927626760310216,5.7729316923498155,5.871374130249023,545900,0.0,0.0
2022-07-28 00:00:00-04:00,5.8994991402232015,6.012004375457764,5.892467395375017,6.012004375457764,497700,0.0,0.0
2022-07-29 00:00:00-04:00,6.068258898164243,6.103416962858707,6.026069086414025,6.054195404052734,737500,0.0,0.0
2022-08-01 00:00:00-04:00,6.026071145434636,6.159671702806098,5.99794481818557,6.124513626098633,721400,0.0,0.0
2022-08-02 00:00:00-04:00,6.13857293636771,6.1877944837827314,6.082320314108389,6.117478370666504,724400,0.0,0.0
2022-08-03 00:00:00-04:00,6.17373371279984,6.23701810836792,6.131544562810752,6.23701810836792,500800,0.0,0.0
2022-08-04 00:00:00-04:00,6.244046922041991,6.279204977564064,6.215920611741159,6.265141487121582,371600,0.0,0.0
2022-08-05 00:00:00-04:00,6.237015016791965,6.293267635950304,6.047162594778595,6.061225414276123,794000,0.0,0.0
2022-08-08 00:00:00-04:00,6.13857361691712,6.293268680572509,6.1034162270454555,6.29326868057251,624200,0.0,0.0
2022-08-09 00:00:00-04:00,6.258111267273869,6.258111267273869,6.173732315804557,6.194827556610107,474200,0.0,0.0
2022-08-10 00:00:00-04:00,6.286236837036273,6.293268583135426,6.222953133896545,6.258110523223877,517700,0.0,0.0
2022-08-11 00:00:00-04:00,6.321394688324437,6.342489925925696,6.258110316689051,6.300300121307373,467900,0.0,0.0
2022-08-12 00:00:00-04:00,6.3284263034388415,6.462026119232178,6.307331736857616,6.462026119232178,518600,0.0,0.0
2022-08-15 00:00:00-04:00,6.440931117378443,6.553436358987548,6.4057730617295645,6.483120918273926,493900,0.0,0.0
2022-08-16 00:00:00-04:00,6.490153607852637,6.518280595837763,6.300301133043155,6.314363956451416,663200,0.0,0.0
2022-08-17 00:00:00-04:00,6.237014839510908,6.2792046379725175,6.187793966792444,6.208888530731201,504000,0.0,0.0
2022-08-18 00:00:00-04:00,6.2370167512452275,6.314363956451416,6.229985004248945,6.314363956451416,384100,0.0,0.0
2022-08-19 00:00:00-04:00,6.293270615727485,6.293270615727485,6.21592339540795,6.251081466674805,310900,0.0,0.0
2022-08-22 00:00:00-04:00,6.194826167097667,6.194826167097667,6.047162867501482,6.103415489196777,856000,0.0,0.0
2022-08-23 00:00:00-04:00,6.109792812976167,6.180672351272006,6.095617310891424,6.138144493103027,377300,0.069,0.0
2022-08-24 00:00:00-04:00,6.159413040135316,6.20194093252267,6.109797728981669,6.17358922958374,311800,0.0,0.0
2022-08-25 00:00:00-04:00,6.194852837798458,6.286996041339459,6.123973918430092,6.17358922958374,466800,0.0,0.0
2022-08-26 00:00:00-04:00,6.194850352897288,6.265729919792098,6.131058877883487,6.145235061645508,958700,0.0,0.0
2022-08-29 00:00:00-04:00,6.088532915433188,6.180676100732801,6.046005031464988,6.1310601234436035,479000,0.0,0.0
2022-08-30 00:00:00-04:00,6.166499254545898,6.17358734710878,6.010564597951045,6.0743560791015625,396600,0.0,0.0
2022-08-31 00:00:00-04:00,6.138146305196016,6.194849682189611,6.081442928202422,6.109794616699219,411600,0.0,0.0
2022-09-01 00:00:00-04:00,6.060181605797295,6.116885004077213,5.982213926194037,6.10270881652832,518800,0.0,0.0
2022-09-02 00:00:00-04:00,6.173587440293404,6.209027227685034,6.046004476066621,6.081444263458252,355700,0.0,0.0
2022-09-06 00:00:00-04:00,6.095618723101677,6.11688231913375,5.97512388565738,5.996387481689453,522300,0.0,0.0
2022-09-07 00:00:00-04:00,5.982211970809498,6.04600344201257,5.783750141700302,5.911333084106445,1257600,0.0,0.0
2022-09-08 00:00:00-04:00,5.904244804968833,5.904244804968833,5.8121016468220015,5.8758931159973145,895500,0.0,0.0
2022-09-09 00:00:00-04:00,5.875892448186156,5.932595819684701,5.86880435775946,5.918420314788818,463400,0.0,0.0
2022-09-12 00:00:00-04:00,5.953861598172207,6.017653083488541,5.953861598172207,6.003477573394775,480700,0.0,0.0
2022-09-13 00:00:00-04:00,5.897156424173311,5.897156424173311,5.7837496738557554,5.79083776473999,645000,0.0,0.0
2022-09-14 00:00:00-04:00,5.833365533142413,5.882981498265299,5.797926427143002,5.840453624725342,434200,0.0,0.0
2022-09-15 00:00:00-04:00,5.819190317329097,5.854630101060766,5.783750533597428,5.805014133453369,295800,0.0,0.0
2022-09-16 00:00:00-04:00,5.727047058962102,5.755398750305176,5.677431768101132,5.755398750305176,435500,0.0,0.0
2022-09-19 00:00:00-04:00,5.698695183365656,5.755398564218439,5.698695183365656,5.719958782196045,349300,0.0,0.0
2022-09-20 00:00:00-04:00,5.670341681748672,5.684517860412598,5.620726070361039,5.684517860412598,432600,0.0,0.0
2022-09-21 00:00:00-04:00,5.705782846477971,5.712870937541684,5.592375755310059,5.592375755310059,557300,0.0,0.0
2022-09-22 00:00:00-04:00,5.598811496201961,5.598811496201961,5.513006037024752,5.541607856750488,580600,0.069,0.0
2022-09-23 00:00:00-04:00,5.4987053692317165,5.4987053692317165,5.2984922813769835,5.334244728088379,1119300,0.0,0.0
2022-09-26 00:00:00-04:00,5.291342500766831,5.355696433634104,5.162633953111019,5.241289138793945,794500,0.0,0.0
2022-09-27 00:00:00-04:00,5.269890620992269,5.298492442848787,5.119730885765246,5.1411824226379395,892400,0.0,0.0
2022-09-28 00:00:00-04:00,5.141183337122668,5.312794298786966,5.13403270990632,5.298493385314941,778800,0.0,0.0
2022-09-29 00:00:00-04:00,5.234139031363032,5.24128931705341,5.141182930663592,5.2126874923706055,602200,0.0,0.0
2022-09-30 00:00:00-04:00,5.198386280627848,5.312793572769775,5.184085369110107,5.184085369110107,932700,0.0,0.0
2022-10-03 00:00:00-04:00,5.226986190237609,5.4200485955337,5.212685283954954,5.369995594024658,785800,0.0,0.0
2022-10-04 00:00:00-04:00,5.462952979714478,5.584510890653147,5.462952979714478,5.570209980010986,592100,0.0,0.0
2022-10-05 00:00:00-04:00,5.505855264829601,5.6059619721614675,5.434350717421537,5.577360153198242,667300,0.0,0.0
2022-10-06 00:00:00-04:00,5.534456164308929,5.55590769544772,5.391447093252053,5.398597717285156,816600,0.0,0.0
2022-10-07 00:00:00-04:00,5.348545112876591,5.348545112876591,5.226987215158397,5.262739658355713,919700,0.0,0.0
2022-10-10 00:00:00-04:00,5.248439943704434,5.284192054077618,5.162634128695373,5.2126874923706055,624100,0.0,0.0
2022-10-11 00:00:00-04:00,5.191235995349291,5.284191749734293,5.148332919835442,5.184085369110107,777000,0.0,0.0
2022-10-12 00:00:00-04:00,5.191235015189517,5.25558893438834,5.1697834814828685,5.176933765411377,790000,0.0,0.0
2022-10-13 00:00:00-04:00,5.098279618126923,5.348545726330836,5.069677796672796,5.319943904876709,720800,0.0,0.0
2022-10-14 00:00:00-04:00,5.355696615784631,5.412900606110887,5.198386580029203,5.2126874923706055,475300,0.0,0.0
2022-10-17 00:00:00-04:00,5.291341996611066,5.3413950128542975,5.277041086118627,5.334244728088379,702900,0.0,0.0
2022-10-18 00:00:00-04:00,5.448653104889891,5.462954018250731,5.348546711364015,5.391449451446533,445800,0.0,0.0
2022-10-19 00:00:00-04:00,5.377148579891414,5.398600120579787,5.241289731426842,5.298493385314941,903000,0.0,0.0
2022-10-20 00:00:00-04:00,5.327093973436398,5.3771473294288485,5.262740048258211,5.277040958404541,578700,0.0,0.0
2022-10-21 00:00:00-04:00,5.269101318753039,5.406242005520527,5.261883206723947,5.391806125640869,582600,0.069,0.0
2022-10-24 00:00:00-04:00,5.449549198150635,5.456766964953297,5.377369465053162,5.449549198150635,603400,0.0,0.0
2022-10-25 00:00:00-04:00,5.449550230150785,5.615563028192132,5.442332117802729,5.6011271476745605,763300,0.0,0.0
2022-10-26 00:00:00-04:00,5.579472182124422,5.651651572129053,5.565036304123495,5.5866899490356445,526900,0.0,0.0
2022-10-27 00:00:00-04:00,5.608344299672173,5.6805236943299,5.550600783945992,5.579472541809082,673100,0.0,0.0
2022-10-28 00:00:00-04:00,5.557818940044853,5.6516523317519995,5.557818940044853,5.629998683929443,645400,0.0,0.0
2022-10-31 00:00:00-04:00,5.637216451810787,5.6805240916344255,5.601126924047018,5.629998683929443,640800,0.0,0.0
2022-11-01 00:00:00-04:00,5.687741248326584,5.709394892511986,5.651651382446289,5.651651382446289,459100,0.0,0.0
2022-11-02 00:00:00-04:00,5.572255053082827,5.579473165444642,5.391806374179932,5.399024486541748,1577500,0.0,0.0
2022-11-03 00:00:00-04:00,5.326843639387107,5.413458899171015,5.319625528982558,5.362933158874512,686500,0.0,0.0
2022-11-04 00:00:00-04:00,5.463985869217684,5.463985869217684,5.326844838271671,5.391806125640869,917400,0.0,0.0
2022-11-07 00:00:00-05:00,5.399024625015213,5.463986261223515,5.362934750637589,5.4423322677612305,594300,0.0,0.0
2022-11-08 00:00:00-05:00,5.47842264268316,5.5145121761796085,5.427896882773835,5.5000762939453125,479000,0.0,0.0
2022-11-09 00:00:00-05:00,5.463984783554373,5.478420660565703,5.370151410891502,5.384587287902832,611600,0.0,0.0
2022-11-10 00:00:00-05:00,5.550602452330033,5.608345985412598,5.543384338605408,5.608345985412598,543900,0.0,0.0
2022-11-11 00:00:00-05:00,5.615561860744464,5.6733053708101595,5.586689761533147,5.651651382446289,549800,0.0,0.0
2022-11-14 00:00:00-05:00,5.63721667687922,5.666088437914364,5.6011271476745605,5.6011271476745605,626500,0.0,0.0
2022-11-15 00:00:00-05:00,5.687741248326584,5.709394892511986,5.6299977382608875,5.651651382446289,690800,0.0,0.0
2022-11-16 00:00:00-05:00,5.629997987038538,5.666087510335084,5.615562108884224,5.658869743347168,704800,0.0,0.0
2022-11-17 00:00:00-05:00,5.615563058620841,5.6805243492126465,5.6083449462336725,5.6805243492126465,629100,0.0,0.0
2022-11-18 00:00:00-05:00,5.716613520130321,5.731049398951721,5.651651893344772,5.709395408630371,532100,0.0,0.0
2022-11-21 00:00:00-05:00,5.68774186739944,5.702177746487114,5.658870109224094,5.673305988311768,540200,0.0,0.0
2022-11-22 00:00:00-05:00,5.676940849976402,5.727822647277467,5.662403243119511,5.7060160636901855,699500,0.055,0.0
2022-11-23 00:00:00-05:00,5.684209551896484,5.735091000133733,5.669671945742432,5.698747158050537,581300,0.0,0.0
2022-11-25 00:00:00-05:00,5.698747637206849,5.720553874969482,5.6769410528403155,5.720553874969482,237600,0.0,0.0
2022-11-28 00:00:00-05:00,5.698746952400676,5.727822163659549,5.647865159395721,5.68420934677124,576200,0.0,0.0
2022-11-29 00:00:00-05:00,5.662402353196786,5.70601516691312,5.640596119640535,5.6551337242126465,513000,0.0,0.0
2022-11-30 00:00:00-05:00,5.706017398058776,5.815049648284912,5.662404567289116,5.815049648284912,793500,0.0,0.0
2022-12-01 00:00:00-05:00,5.829585962454029,5.873198434330369,5.793241427148047,5.85866117477417,562000,0.0,0.0
2022-12-02 00:00:00-05:00,5.793241089347296,5.8368539052844675,5.771434854680636,5.822316646575928,481100,0.0,0.0
2022-12-05 00:00:00-05:00,5.764165457226328,5.807778269974376,5.6987464114061686,5.713284015655518,469600,0.0,0.0
2022-12-06 00:00:00-05:00,5.735090656264267,5.735090656264267,5.6333274192875065,5.662402629852295,501800,0.0,0.0
2022-12-07 00:00:00-05:00,5.647865429539983,5.713284831303464,5.647865429539983,5.669672012329102,641000,0.0,0.0
2022-12-08 00:00:00-05:00,5.684208933356869,5.713284142501092,5.640596119640535,5.6551337242126465,629100,0.0,0.0
2022-12-09 00:00:00-05:00,5.6333270771557045,5.698746470255254,5.58244528845563,5.626058101654053,605500,0.0,0.0
2022-12-12 00:00:00-05:00,5.662402695030323,5.676940300480055,5.611520902654334,5.633327484130859,798800,0.0,0.0
2022-12-13 00:00:00-05:00,5.727822234768225,5.785972658007884,5.669671811528566,5.676940441131592,786900,0.0,0.0
2022-12-14 00:00:00-05:00,5.676941655287462,5.764167308802336,5.669673024129857,5.742361068725586,700000,0.0,0.0
2022-12-15 00:00:00-05:00,5.676940229639388,5.676940229639388,5.589714598029456,5.640596389770508,754700,0.0,0.0
2022-12-16 00:00:00-05:00,5.567906578351597,5.618788356947297,5.546100349384697,5.560637950897217,480800,0.0,0.0
2022-12-19 00:00:00-05:00,5.5679076662695515,5.582445270622586,5.502488619982811,5.524294853210449,547200,0.0,0.0
2022-12-20 00:00:00-05:00,5.517026695560552,5.546101906750016,5.495220113866526,5.50248908996582,681300,0.0,0.0
2022-12-21 00:00:00-05:00,5.524295535179218,5.5824459597699665,5.50975792903153,5.538833141326904,781600,0.0,0.0
2022-12-22 00:00:00-05:00,5.505884481246673,5.527849599602642,5.410702883576994,5.461954593658447,1007900,0.055,0.0
2022-12-23 00:00:00-05:00,5.454633606953348,5.491242026781397,5.432668834355531,5.4692769050598145,644000,0.0,0.0
2022-12-27 00:00:00-05:00,5.432670593261719,5.513208933484627,5.432670593261719,5.432670593261719,783900,0.0,0.0
2022-12-28 00:00:00-05:00,5.43999122358736,5.469277824724868,5.403383146727389,5.418026447296143,1116400,0.0,0.0
2022-12-29 00:00:00-05:00,5.45463277116522,5.5132063037399,5.447311297795705,5.461954593658447,1330700,0.0,0.0
2022-12-30 00:00:00-05:00,5.469276612644024,5.535171625161918,5.432668543896997,5.527850151062012,1441800,0.0,0.0
2023-01-03 00:00:00-05:00,5.527850734476939,5.557137332214996,5.491242312742475,5.51320743560791,513700,0.0,0.0
2023-01-04 00:00:00-05:00,5.564458964398453,5.608388862247465,5.52052906654944,5.557137489318848,612800,0.0,0.0
2023-01-05 00:00:00-05:00,5.54249382019043,5.571780416802171,5.491242101557997,5.54249382019043,483400,0.0,0.0
2023-01-06 00:00:00-05:00,5.586423557100061,5.6303534507751465,5.549815137808942,5.6303534507751465,407000,0.0,0.0
2023-01-09 00:00:00-05:00,5.666961193084717,5.73285620434692,5.6523178960401985,5.666961193084717,599500,0.0,0.0
2023-01-10 00:00:00-05:00,5.681606660115569,5.70357143815983,5.637676405779341,5.696249961853027,491500,0.0,0.0
2023-01-11 00:00:00-05:00,5.7328573907762275,5.784109115600586,5.72553591530064,5.784109115600586,457300,0.0,0.0
2023-01-12 00:00:00-05:00,5.79142951965332,5.813394640264127,5.747499627555455,5.79142951965332,432800,0.0,0.0
2023-01-13 00:00:00-05:00,5.776785489152625,5.776785489152625,5.74017742494556,5.769464015960693,511100,0.0,0.0
2023-01-17 00:00:00-05:00,5.813395715750558,5.820717191226145,5.769465815525599,5.784109115600586,658600,0.0,0.0
2023-01-18 00:00:00-05:00,5.80607373590323,5.8207170355866715,5.718213937802585,5.740179061889648,623700,0.0,0.0
2023-01-19 00:00:00-05:00,5.740179159494734,5.754822459427167,5.696249259697434,5.71821403503418,595100,0.0,0.0
2023-01-20 00:00:00-05:00,5.72553591530064,5.798752415675572,5.72553591530064,5.784109115600586,497400,0.0,0.0
2023-01-23 00:00:00-05:00,5.795167237684557,5.861523874256225,5.795167237684557,5.84677791595459,596800,0.055,0.0
2023-01-24 00:00:00-05:00,5.765677226578677,5.846779848255568,5.765677226578677,5.817287921905518,638700,0.0,0.0
2023-01-25 00:00:00-05:00,5.795167200210466,5.809913158416748,5.743556170702795,5.809913158416748,503400,0.0,0.0
2023-01-26 00:00:00-05:00,5.8394060134887695,5.854151974065401,5.795168131758876,5.8394060134887695,626900,0.0,0.0
2023-01-27 00:00:00-05:00,5.846778640640816,5.868897756620538,5.817286720382134,5.832032680511475,617700,0.0,0.0
2023-01-30 00:00:00-05:00,5.817286687255979,5.832032647301351,5.787794767165237,5.795167922973633,565600,0.0,0.0
2023-01-31 00:00:00-05:00,5.846779097464856,5.861525058746338,5.802541213620412,5.861525058746338,693700,0.0,0.0
2023-02-01 00:00:00-05:00,5.854152232858511,5.920508882601047,5.80254119277303,5.891016960144043,854800,0.0,0.0
2023-02-02 00:00:00-05:00,5.927881997038996,5.9721202319827995,5.905763231138541,5.950000762939453,1077700,0.0,0.0
2023-02-03 00:00:00-05:00,5.90576203232492,5.9426271034376805,5.868896961212158,5.868896961212158,545300,0.0,0.0
2023-02-06 00:00:00-05:00,5.854151796491197,5.861524600770157,5.802540760252793,5.832032680511475,575700,0.0,0.0
2023-02-07 00:00:00-05:00,5.817287154001533,5.913136429343968,5.809914349173005,5.891016960144043,533500,0.0,0.0
2023-02-08 00:00:00-05:00,5.891016981309301,5.898390137735766,5.817287174901893,5.861525058746338,611900,0.0,0.0
2023-02-09 00:00:00-05:00,5.905762062543262,5.905762062543262,5.787794045321638,5.809913158416748,675500,0.0,0.0
2023-02-10 00:00:00-05:00,5.809913916103174,5.839405836361856,5.795167955973833,5.832032680511475,401000,0.0,0.0
2023-02-13 00:00:00-05:00,5.84677791595459,5.913135255669014,5.832031957652955,5.84677791595459,839000,0.0,0.0
2023-02-14 00:00:00-05:00,5.832033136183375,5.920508903872264,5.809914370046878,5.861525058746338,609100,0.0,0.0
2023-02-15 00:00:00-05:00,5.817285999351321,5.868897029192731,5.817285999351321,5.84677791595459,692800,0.0,0.0
2023-02-16 00:00:00-05:00,5.802540071538295,5.8615239050547565,5.78779411315918,5.78779411315918,587800,0.0,0.0
2023-02-17 00:00:00-05:00,5.750929163142812,5.787793881831494,5.736183205353066,5.773047924041748,714100,0.0,0.0
2023-02-21 00:00:00-05:00,5.7396352579425445,5.761910841582493,5.687659132154924,5.70250940322876,540100,0.055,0.0
2023-02-22 00:00:00-05:00,5.680234776026854,5.739635866621586,5.680234776026854,5.695085048675537,573600,0.0,0.0
2023-02-23 00:00:00-05:00,5.7544858718283995,5.7544858718283995,5.680234512035844,5.724785327911377,522800,0.0,0.0
2023-02-24 00:00:00-05:00,5.6802348317497895,5.6802348317497895,5.613408427145938,5.635684013366699,702900,0.0,0.0
2023-02-27 00:00:00-05:00,5.702510626184463,5.702510626184463,5.6505348433085505,5.672810077667236,536300,0.0,0.0
2023-02-28 00:00:00-05:00,5.695084361710487,5.695084361710487,5.643108236680462,5.657958507537842,477800,0.0,0.0
2023-03-01 00:00:00-05:00,5.672809595530161,5.695085182054092,5.643109049537211,5.680234909057617,1012800,0.0,0.0
2023-03-02 00:00:00-05:00,5.643108917375932,5.695085048675537,5.643108917375932,5.695085048675537,410700,0.0,0.0
2023-03-03 00:00:00-05:00,5.739636756430634,5.791612895788037,5.724786481479731,5.7619123458862305,500000,0.0,0.0
2023-03-06 00:00:00-05:00,5.761911264549525,5.799036767930207,5.761911264549525,5.769336223602295,383900,0.0,0.0
2023-03-07 00:00:00-05:00,5.75448544514001,5.76933571599739,5.657958507537842,5.657958507537842,429000,0.0,0.0
2023-03-08 00:00:00-05:00,5.680234086611673,5.695084357457965,5.64310823246675,5.665383815765381,619800,0.0,0.0
2023-03-09 00:00:00-05:00,5.665384480620936,5.7025099850643,5.583707804352053,5.591133117675781,865300,0.0,0.0
2023-03-10 00:00:00-05:00,5.598559653885604,5.6059849693008195,5.509457993254182,5.568859100341797,682200,0.0,0.0
2023-03-13 00:00:00-04:00,5.5168818686039165,5.53915745640605,5.450055813314428,5.4723310470581055,850600,0.0,0.0
2023-03-14 00:00:00-04:00,5.509458266091331,5.568859376120583,5.5020329503084024,5.539158821105957,577800,0.0,0.0
2023-03-15 00:00:00-04:00,5.472331175737392,5.479756489865525,5.420355393074321,5.464906215667725,841500,0.0,0.0
2023-03-16 00:00:00-04:00,5.450055284319387,5.546581877936987,5.427779698679373,5.531731605529785,492800,0.0,0.0
2023-03-17 00:00:00-04:00,5.5317324878406415,5.5465827626164605,5.457481113961545,5.487181663513184,459400,0.0,0.0
2023-03-20 00:00:00-04:00,5.509456373948193,5.546581877936987,5.509456373948193,5.531731605529785,520400,0.0,0.0
2023-03-21 00:00:00-04:00,5.587834485465919,5.617756284264397,5.5728737644125435,5.610275745391846,526600,0.055,0.0
2023-03-22 00:00:00-04:00,5.60279507126063,5.655157772029206,5.565393447875977,5.565393447875977,530500,0.0,0.0
2023-03-23 00:00:00-04:00,5.610276617764012,5.65515878790311,5.572874630968872,5.6027960777282715,539900,0.0,0.0
2023-03-24 00:00:00-04:00,5.5953145027160645,5.61027522237473,5.542951805564892,5.5953145027160645,635300,0.0,0.0
2023-03-27 00:00:00-04:00,5.610274411564604,5.647676383651691,5.595313694068097,5.640195846557617,469600,0.0,0.0
2023-03-28 00:00:00-04:00,5.632717005317772,5.632717005317772,5.580354303285094,5.610275745391846,646100,0.0,0.0
2023-03-29 00:00:00-04:00,5.6476774751241035,5.7000398181356235,5.6476774751241035,5.685079097747803,566200,0.0,0.0
2023-03-30 00:00:00-04:00,5.737442105894596,5.767363548278809,5.729961566952678,5.767363548278809,564700,0.0,0.0
2023-03-31 00:00:00-04:00,5.767362827189714,5.84964696180424,5.767362827189714,5.842166423797607,1415800,0.0,0.0
2023-04-03 00:00:00-04:00,5.834686054729515,5.834686054729515,5.774842822677198,5.782323360443115,788400,0.0,0.0
2023-04-04 00:00:00-04:00,5.782325664037071,5.797286388837366,5.7374434896361866,5.774845123291016,900100,0.0,0.0
2023-04-05 00:00:00-04:00,5.737442493438721,5.789804842802122,5.715001231788868,5.737442493438721,494800,0.0,0.0
2023-04-06 00:00:00-04:00,5.744922161102295,5.782324141601323,5.729961440241029,5.744922161102295,661400,0.0,0.0
2023-04-10 00:00:00-04:00,5.744921821847631,5.797284520115753,5.737441640204584,5.789803981781006,661500,0.0,0.0
2023-04-11 00:00:00-04:00,5.827205960071336,5.827205960071336,5.774843261803214,5.789803981781006,488200,0.0,0.0
2023-04-12 00:00:00-04:00,5.842165887305949,5.842165887305949,5.782323015515062,5.804764270782471,362700,0.0,0.0
2023-04-13 00:00:00-04:00,5.834686325600796,5.849647045135498,5.804764886531392,5.849647045135498,476600,0.0,0.0
2023-04-14 00:00:00-04:00,5.84964696180424,5.8720878624407655,5.827205704476029,5.842166423797607,561300,0.0,0.0
2023-04-17 00:00:00-04:00,5.819726467132568,5.857128093157293,5.80476574538433,5.819726467132568,470300,0.0,0.0
2023-04-18 00:00:00-04:00,5.8646077646702,5.872087946091706,5.827205787487601,5.849647045135498,490100,0.0,0.0
2023-04-19 00:00:00-04:00,5.819725559880901,5.849646998712848,5.81224502182707,5.834686279296875,321200,0.0,0.0
2023-04-20 00:00:00-04:00,5.819726429153867,5.849647872455081,5.812245889982694,5.827206611633301,448400,0.0,0.0
2023-04-21 00:00:00-04:00,5.838506219702258,5.846039948544199,5.800838293948478,5.823439121246338,539500,0.055,0.0
2023-04-24 00:00:00-04:00,5.853574572613605,5.868641674298492,5.830973740472253,5.861108303070068,519400,0.0,0.0
2023-04-25 00:00:00-04:00,5.846040423842916,5.846040423842916,5.763171195983887,5.763171195983887,619500,0.0,0.0
2023-04-26 00:00:00-04:00,5.770704266154334,5.800838463949294,5.740570068359375,5.740570068359375,546300,0.0,0.0
2023-04-27 00:00:00-04:00,5.7782387717561505,5.838507175445557,5.770705041680964,5.838507175445557,594200,0.0,0.0
2023-04-28 00:00:00-04:00,5.853572851996749,5.898774143764809,5.830972026498752,5.883707046508789,553800,0.0,0.0
2023-05-01 00:00:00-04:00,5.891242207489839,5.913842679256294,5.861108005649217,5.868641376495361,495000,0.0,0.0
2023-05-02 00:00:00-04:00,5.838507176647208,5.85357427757266,5.755637941943207,5.79330587387085,644400,0.0,0.0
2023-05-03 00:00:00-04:00,5.808373634012809,5.853574941919251,5.785772800445557,5.785772800445557,756300,0.0,0.0
2023-05-04 00:00:00-04:00,5.778238295664802,5.793305395345716,5.755637466529433,5.763171195983887,579600,0.0,0.0
2023-05-05 00:00:00-04:00,5.815906343660263,5.876175106569528,5.815906343660263,5.868641376495361,430200,0.0,0.0
2023-05-08 00:00:00-04:00,5.876175106569528,5.883708477415672,5.861108005649217,5.868641376495361,677500,0.0,0.0
2023-05-09 00:00:00-04:00,5.868641376495361,5.876175106569528,5.846040904728906,5.868641376495361,416100,0.0,0.0
2023-05-10 00:00:00-04:00,5.891242506439844,5.906309608124732,5.84604120138518,5.861108303070068,469200,0.0,0.0
2023-05-11 00:00:00-04:00,5.86864024446255,5.876173973083496,5.838506048434672,5.876173973083496,450000,0.0,0.0
2023-05-12 00:00:00-04:00,5.898774435423201,5.898774435423201,5.815905216803747,5.846039772033691,538500,0.0,0.0
2023-05-15 00:00:00-04:00,5.876173677494746,5.8912407747507665,5.861106580238727,5.883707046508789,424100,0.0,0.0
2023-05-16 00:00:00-04:00,5.883707342476489,5.891241071097435,5.8535731464486105,5.876173973083496,476200,0.0,0.0
2023-05-17 00:00:00-04:00,5.906309783455172,5.921376885587332,5.868641848510749,5.913843154907227,505200,0.0,0.0
2023-05-18 00:00:00-04:00,5.913842024798912,5.959043322557627,5.906308654786451,5.951509952545166,377300,0.0,0.0
2023-05-19 00:00:00-04:00,5.962888717651367,5.993234177853447,5.955302171727637,5.962888717651367,447400,0.055,0.0
2023-05-22 00:00:00-04:00,5.97806224494883,5.993234977073209,5.940130233764648,5.940130233764648,460800,0.0,0.0
2023-05-23 00:00:00-04:00,5.940130737513101,5.955303470924193,5.894612537279826,5.909785270690918,466000,0.0,0.0
2023-05-24 00:00:00-04:00,5.894612136012238,5.909784868390467,5.788403009364637,5.818748474121094,772500,0.0,0.0
2023-05-25 00:00:00-04:00,5.841507911682129,5.85668064541066,5.795989710496535,5.841507911682129,516200,0.0,0.0
2023-05-26 00:00:00-04:00,5.85668029936356,5.924957777980969,5.849094113820784,5.8946123123168945,452000,0.0,0.0
2023-05-30 00:00:00-04:00,5.9249574824447055,5.940130214519929,5.871852739308193,5.887025833129883,319800,0.0,0.0
2023-05-31 00:00:00-04:00,5.902198565205105,5.902198565205105,5.841507275157747,5.887025833129883,532100,0.0,0.0
2023-06-01 00:00:00-04:00,5.894612537279826,5.932544551680805,5.841507789467756,5.909785270690918,651200,0.0,0.0
2023-06-02 00:00:00-04:00,5.940129441626597,5.993234177853447,5.917370527348248,5.962888717651367,535300,0.0,0.0
2023-06-05 00:00:00-04:00,5.970477256746399,5.993236541748047,5.940131784575245,5.993236541748047,439400,0.0,0.0
2023-06-06 00:00:00-04:00,6.0008199124845865,6.031165370413363,5.985647183520198,6.015992641448975,544200,0.0,0.0
2023-06-07 00:00:00-04:00,6.008409277833624,6.023582013919201,5.97806380566247,5.993236541748047,633400,0.0,0.0
2023-06-08 00:00:00-04:00,6.008407094701921,6.038752555847168,6.000820548542393,6.038752555847168,325600,0.0,0.0
2023-06-09 00:00:00-04:00,6.053926789554705,6.084272619980977,6.023581320874954,6.031167507171631,469400,0.0,0.0
2023-06-12 00:00:00-04:00,6.031166009687641,6.053925286419792,6.0235798252745445,6.038752555847168,473400,0.0,0.0
2023-06-13 00:00:00-04:00,6.076687265621555,6.0918596411953185,6.046341429234249,6.084273815155029,475900,0.0,0.0
2023-06-14 00:00:00-04:00,6.076686014543357,6.114618030908038,6.038753998178676,6.091858386993408,408500,0.0,0.0
2023-06-15 00:00:00-04:00,6.084271563091461,6.16013485986622,6.07668501636611,6.152548313140869,454900,0.0,0.0
2023-06-16 00:00:00-04:00,6.167720768641813,6.182893137030265,6.1070298481023215,6.114616394042969,399900,0.0,0.0
2023-06-20 00:00:00-04:00,6.114618880767642,6.114618880767642,6.053927573799476,6.076686859130859,491200,0.0,0.0
2023-06-21 00:00:00-04:00,6.072865667220946,6.088143302494868,6.042310396673104,6.065227031707764,353800,0.055,0.0
2023-06-22 00:00:00-04:00,6.072866466126326,6.080505466892001,6.027033554275093,6.042311191558838,421400,0.0,0.0
2023-06-23 00:00:00-04:00,6.027032875036303,6.049949510503048,5.973561332693174,5.9964776039123535,598700,0.0,0.0
2023-06-26 00:00:00-04:00,5.9735613555859,6.011755262513428,5.958283719965376,5.9659223556518555,373700,0.0,0.0
2023-06-27 00:00:00-04:00,5.973560315591065,6.019393214473144,5.958282682630371,6.004115581512451,550100,0.0,0.0
2023-06-28 00:00:00-04:00,6.019395351409912,6.034672989794297,5.988840074641141,6.019395351409912,560200,0.0,0.0
2023-06-29 00:00:00-04:00,6.019395169010257,6.027033805847168,5.996478530004284,6.027033805847168,326200,0.0,0.0
2023-06-30 00:00:00-04:00,6.080505397049775,6.095783034158037,6.019394848616728,6.049950122833252,755600,0.0,0.0
2023-07-03 00:00:00-04:00,6.065225898384844,6.080503530804051,6.04230926763229,6.072864532470703,382500,0.0,0.0
2023-07-05 00:00:00-04:00,6.034671624138345,6.057587894405119,6.011754989624023,6.011754989624023,814500,0.0,0.0
2023-07-06 00:00:00-04:00,5.965921352444945,5.98119898549644,5.920088453290461,5.943005084991455,774500,0.0,0.0
2023-07-07 00:00:00-04:00,5.950644720031332,6.011755262513428,5.9430060843448524,5.9659223556518555,500900,0.0,0.0
2023-07-10 00:00:00-04:00,5.981199968350379,5.9964776039123535,5.950644697226429,5.9964776039123535,524400,0.0,0.0
2023-07-11 00:00:00-04:00,6.019395351409912,6.019395351409912,5.988840074641141,6.019395351409912,441500,0.0,0.0
2023-07-12 00:00:00-04:00,6.065225898384844,6.103419797309116,6.049948265965638,6.072864532470703,454600,0.0,0.0
2023-07-13 00:00:00-04:00,6.103420238780328,6.133975505828857,6.080503970617688,6.133975505828857,551200,0.0,0.0
2023-07-14 00:00:00-04:00,6.149254754728261,6.172171027553447,6.118699481462954,6.126338481903076,406000,0.0,0.0
2023-07-17 00:00:00-04:00,6.095783388348077,6.141616302335943,6.095783388348077,6.11870002746582,495100,0.0,0.0
2023-07-18 00:00:00-04:00,6.126337622976385,6.179809161570044,6.126337622976385,6.172170162200928,510900,0.0,0.0
2023-07-19 00:00:00-04:00,6.187450002466633,6.195088275613998,6.164532997538657,6.179811000823975,393300,0.0,0.0
2023-07-20 00:00:00-04:00,6.179808770649167,6.179808770649167,6.118698236552107,6.133975505828857,530800,0.0,0.0
2023-07-21 00:00:00-04:00,6.176279463311987,6.176279463311987,6.1301304687027365,6.137822151184082,406000,0.055,0.0
2023-07-24 00:00:00-04:00,6.145513235715725,6.183970913156486,6.145513235715725,6.153204917907715,510700,0.0,0.0
2023-07-25 00:00:00-04:00,6.160896317715341,6.191662311553955,6.1532046358759,6.191662311553955,573500,0.0,0.0
2023-07-26 00:00:00-04:00,6.183970792032001,6.191662474073334,6.145513115344505,6.168588161468506,540100,0.0,0.0
2023-07-27 00:00:00-04:00,6.207045226213268,6.230120272789236,6.145513235715725,6.153204917907715,650100,0.0,0.0
2023-07-28 00:00:00-04:00,6.199353993393396,6.222428305392569,6.160896317715341,6.191662311553955,550500,0.0,0.0
2023-07-31 00:00:00-04:00,6.222427486257051,6.2301191670839415,6.183969815641658,6.2070441246032715,529200,0.0,0.0
2023-08-01 00:00:00-04:00,6.191662774244383,6.199354456658608,6.1608967781066895,6.1608967781066895,465400,0.0,0.0
2023-08-02 00:00:00-04:00,6.137822191420599,6.137822191420599,6.076290198204892,6.083981513977051,742200,0.0,0.0
2023-08-03 00:00:00-04:00,6.083981513977051,6.099364512280977,6.030141203293111,6.083981513977051,638600,0.0,0.0
2023-08-04 00:00:00-04:00,6.091671993018934,6.153203974078189,6.05321432147713,6.068597316741943,707000,0.0,0.0
2023-08-07 00:00:00-04:00,6.107056684709491,6.16089736647204,6.0685990024848655,6.114748001098633,515300,0.0,0.0
2023-08-08 00:00:00-04:00,6.099364458435792,6.107056140899658,6.06090714639528,6.107056140899658,643300,0.0,0.0
2023-08-09 00:00:00-04:00,6.099363307271572,6.1147463025363855,6.068597316741943,6.068597316741943,715100,0.0,0.0
2023-08-10 00:00:00-04:00,6.091673851013184,6.15320585084004,6.076290851056469,6.091673851013184,362600,0.0,0.0
2023-08-11 00:00:00-04:00,6.091672882074246,6.091672882074246,6.045523889544542,6.060906887054443,456100,0.0,0.0
2023-08-14 00:00:00-04:00,6.076290663131036,6.076290663131036,6.022449981567878,6.053215980529785,379500,0.0,0.0
2023-08-15 00:00:00-04:00,6.0455241741390955,6.0532154898763215,6.014758177670977,6.022449493408203,485000,0.0,0.0
2023-08-16 00:00:00-04:00,6.0301406655769005,6.045523662509104,5.960916996002197,5.960916996002197,504100,0.0,0.0
2023-08-17 00:00:00-04:00,5.960917759831361,5.999375440469606,5.907077080289742,5.922460079193115,700300,0.0,0.0
2023-08-18 00:00:00-04:00,5.899385764217867,5.945534760927988,5.884002765314494,5.922460079193115,590500,0.0,0.0
2023-08-21 00:00:00-04:00,5.949573516845703,5.949573516845703,5.903092517034192,5.949573516845703,519200,0.055,0.0
2023-08-22 00:00:00-04:00,5.972815436795699,5.972815436795699,5.926334427370616,5.934081077575684,441700,0.0,0.0
2023-08-23 00:00:00-04:00,5.9573208924027625,5.972814559936523,5.934080206403035,5.972814559936523,610500,0.0,0.0
2023-08-24 00:00:00-04:00,5.988307200285689,5.996053848024688,5.895345211029053,5.895345211029053,460700,0.0,0.0
2023-08-25 00:00:00-04:00,5.918586409133049,5.941827094623337,5.879852425846786,5.926333427429199,498800,0.0,0.0
2023-08-28 00:00:00-04:00,5.957319196125145,5.996053169231411,5.949572179865052,5.988306522369385,375300,0.0,0.0
2023-08-29 00:00:00-04:00,5.9883059246810495,6.065774232559596,5.965065247618471,6.050280570983887,472000,0.0,0.0
2023-08-30 00:00:00-04:00,6.058030175551569,6.081270493148565,6.042536507354177,6.065776824951172,446700,0.0,0.0
2023-08-31 00:00:00-04:00,6.112257782049421,6.112257782049421,6.05028310974141,6.058030128479004,544800,0.0,0.0
2023-09-01 00:00:00-04:00,6.0967641139724185,6.120004800787015,6.034789441664408,6.058030128479004,466600,0.0,0.0
2023-09-05 00:00:00-04:00,6.0425363789451465,6.112257699652682,6.011549043208868,6.019295692443848,342600,0.0,0.0
2023-09-06 00:00:00-04:00,6.011548481812162,6.0192951303237106,5.949573446729049,5.980560779571533,439400,0.0,0.0
2023-09-07 00:00:00-04:00,5.94957271951793,5.972813401008178,5.934079054990466,5.957319736480713,321200,0.0,0.0
2023-09-08 00:00:00-04:00,5.94957271951793,5.9883070655356425,5.94957271951793,5.957319736480713,319000,0.0,0.0
2023-09-11 00:00:00-04:00,5.972814882348505,6.027042906342978,5.9650678634643555,5.9650678634643555,405300,0.0,0.0
2023-09-12 00:00:00-04:00,5.949574747384045,5.9805620870007665,5.934081077575684,5.934081077575684,442200,0.0,0.0
2023-09-13 00:00:00-04:00,5.949574019568296,5.965067687481305,5.903093015829268,5.910840034484863,507200,0.0,0.0
2023-09-14 00:00:00-04:00,5.93408052672414,5.996055200204571,5.918586858354033,5.9650678634643555,675400,0.0,0.0
2023-09-15 00:00:00-04:00,5.957320964933089,5.980561281817596,5.9340802786504065,5.941827297210693,606600,0.0,0.0
2023-09-18 00:00:00-04:00,5.94182686824286,5.949573516845703,5.926333201639022,5.949573516845703,565700,0.0,0.0
2023-09-19 00:00:00-04:00,5.94957271951793,5.957319736480713,5.926332407425784,5.957319736480713,459700,0.0,0.0
2023-09-20 00:00:00-04:00,5.965067687481305,5.980561355394315,5.910840034484863,5.910840034484863,432300,0.0,0.0
2023-09-21 00:00:00-04:00,5.8913310703183175,5.8913310703183175,5.805497005690367,5.828906059265137,737200,0.055,0.0
2023-09-22 00:00:00-04:00,5.875726045970838,5.875726045970838,5.81330102285496,5.836710453033447,641300,0.0,0.0
2023-09-25 00:00:00-04:00,5.782088447038485,5.821104038286944,5.758679389953613,5.758679389953613,741200,0.0,0.0
2023-09-26 00:00:00-04:00,5.766483064773937,5.766483064773937,5.672846079611131,5.688452243804932,1185700,0.0,0.0
2023-09-27 00:00:00-04:00,5.688451221528262,5.719663544306671,5.665042165484575,5.680648326873779,1024200,0.0,0.0
2023-09-28 00:00:00-04:00,5.696254322217259,5.727466644085827,5.672844894775718,5.704057216644287,567700,0.0,0.0
2023-09-29 00:00:00-04:00,5.758680171674996,5.758680171674996,5.711861679069545,5.7508769035339355,776200,0.0,0.0
2023-10-02 00:00:00-04:00,5.680649347748183,5.719664572192534,5.672846079611131,5.688452243804932,782800,0.0,0.0
2023-10-03 00:00:00-04:00,5.657239978798677,5.6806494113918005,5.594815321324093,5.602618217468262,729900,0.0,0.0
2023-10-04 00:00:00-04:00,5.618222887415608,5.657238473999412,5.594813833129494,5.626026153564453,627900,0.0,0.0
2023-10-05 00:00:00-04:00,5.633829047633088,5.665041740148257,5.602616727198129,5.626026153564453,673800,0.0,0.0
2023-10-06 00:00:00-04:00,5.610420428427084,5.750875881276522,5.59481426699937,5.743072986602783,452500,0.0,0.0
2023-10-09 00:00:00-04:00,5.735270023345947,5.7430732905128545,5.704057698838833,5.735270023345947,420500,0.0,0.0
2023-10-10 00:00:00-04:00,5.758679630569037,5.797694851367419,5.74307346783363,5.774285793304443,374900,0.0,0.0
2023-10-11 00:00:00-04:00,5.789892264169283,5.813301323478053,5.774286100603339,5.797695159912109,394600,0.0,0.0
2023-10-12 00:00:00-04:00,5.805497708211856,5.805497708211856,5.758679223316629,5.782088279724121,436600,0.0,0.0
2023-10-13 00:00:00-04:00,5.805498118775256,5.821104281510663,5.758679630569037,5.774285793304443,505500,0.0,0.0
2023-10-16 00:00:00-04:00,5.797694851367419,5.805498118775256,5.766482525896606,5.774285793304443,375100,0.0,0.0
2023-10-17 00:00:00-04:00,5.758679395620733,5.805497881916806,5.7274670714233515,5.789891719818115,515400,0.0,0.0
2023-10-18 00:00:00-04:00,5.750874984308021,5.766481143301632,5.711859772864086,5.719662666320801,484400,0.0,0.0
2023-10-19 00:00:00-04:00,5.711860955217273,5.735270012513265,5.665042468545032,5.672845363616943,613700,0.0,0.0
2023-10-20 00:00:00-04:00,5.6767756801481655,5.692500805996686,5.5745625495910645,5.5745625495910645,953800,0.055,0.0
2023-10-23 00:00:00-04:00,5.566700729589177,5.574563481285851,5.511662967379,5.527388095855713,668700,0.0,0.0
2023-10-24 00:00:00-04:00,5.535249728961446,5.59815023441746,5.535249728961446,5.566699981689453,586100,0.0,0.0
2023-10-25 00:00:00-04:00,5.566699914282005,5.5824250404555915,5.4566240310668945,5.4566240310668945,730700,0.0,0.0
2023-10-26 00:00:00-04:00,5.440900000854656,5.4644875074079815,5.346549224808041,5.354411602020264,1356800,0.0,0.0
2023-10-27 00:00:00-04:00,5.370136245214966,5.409449252467133,5.330823612879423,5.338685989379883,585400,0.0,0.0
2023-10-30 00:00:00-04:00,5.3544105044722246,5.425173759460449,5.338685378354461,5.425173759460449,982200,0.0,0.0
2023-10-31 00:00:00-04:00,5.448761955366509,5.511662842767893,5.43303682724532,5.480212211608887,665800,0.0,0.0
2023-11-01 00:00:00-04:00,5.511662509117214,5.574563017794262,5.50379975807428,5.558837890625,877900,0.0,0.0
2023-11-02 00:00:00-04:00,5.598149627999701,5.684638001091188,5.550974254017948,5.6531877517700195,885500,0.0,0.0
2023-11-03 00:00:00-04:00,5.7003653682979065,5.7789910225324705,5.7003653682979065,5.739678382873535,630500,0.0,0.0
2023-11-06 00:00:00-05:00,5.731814536110674,5.763264791802414,5.661051273345947,5.661051273345947,739400,0.0,0.0
2023-11-07 00:00:00-05:00,5.6767754660227,5.692500591278076,5.653187965597915,5.692500591278076,641000,0.0,0.0
2023-11-08 00:00:00-05:00,5.7160884666194205,5.7160884666194205,5.668913090853292,5.692500591278076,717600,0.0,0.0
2023-11-09 00:00:00-05:00,5.700364078799834,5.716089206089514,5.637463569641113,5.637463569641113,772100,0.0,0.0
2023-11-10 00:00:00-05:00,5.661050340767324,5.708226091450012,5.629600090256571,5.692500591278076,674900,0.0,0.0
2023-11-13 00:00:00-05:00,5.661050340767324,5.731813591874797,5.661050340767324,5.692500591278076,525800,0.0,0.0
2023-11-14 00:00:00-05:00,5.763264964163396,5.826165477428031,5.763264964163396,5.802577972412109,513200,0.0,0.0
2023-11-15 00:00:00-05:00,5.810440554177884,5.865478692685199,5.810440554177884,5.841890811920166,611600,0.0,0.0
2023-11-16 00:00:00-05:00,5.826165024884239,5.8733404061683965,5.826165024884239,5.849752902984619,315600,0.0,0.0
2023-11-17 00:00:00-05:00,5.86547871339815,5.904791723173152,5.849753584471479,5.889066219329834,515300,0.0,0.0
2023-11-20 00:00:00-05:00,5.881203970212776,5.967692368648501,5.87334121812014,5.951967239379883,511500,0.0,0.0
2023-11-21 00:00:00-05:00,5.932167135761768,5.9796881675720215,5.924247215567117,5.9796881675720215,708200,0.055,0.0
2023-11-22 00:00:00-05:00,5.971767574954912,6.019288226758994,5.971767574954912,6.003448009490967,674700,0.0,0.0
2023-11-24 00:00:00-05:00,6.019286473442151,6.035126686096191,6.011366555945361,6.035126686096191,177200,0.0,0.0
2023-11-27 00:00:00-05:00,6.019286602408649,6.035126815402075,5.995526471748745,6.027206897735596,564500,0.0,0.0
2023-11-28 00:00:00-05:00,6.019286473442151,6.0588871939074815,6.011366555945361,6.035126686096191,690900,0.0,0.0
2023-11-29 00:00:00-05:00,6.043047583619003,6.082647930371201,6.043047583619003,6.074728012084961,467500,0.0,0.0
2023-11-30 00:00:00-05:00,6.0826472936884475,6.114327718838352,6.0747273762312,6.090567588806152,645700,0.0,0.0
2023-12-01 00:00:00-05:00,6.066808526239585,6.146009985640751,6.066808526239585,6.13016939163208,845300,0.0,0.0
2023-12-04 00:00:00-05:00,6.066807081113495,6.130167931413304,6.066807081113495,6.090567588806152,402200,0.0,0.0
2023-12-05 00:00:00-05:00,6.0509689593504055,6.098489613495234,6.0509689593504055,6.066809177398682,517000,0.0,0.0
2023-12-06 00:00:00-05:00,6.074728173179654,6.090568387832697,6.0430477438735695,6.058887958526611,500000,0.0,0.0
2023-12-07 00:00:00-05:00,6.082647640525733,6.106408149573232,6.043047295660539,6.098487854003906,579000,0.0,0.0
2023-12-08 00:00:00-05:00,6.058887958526611,6.082648091675922,6.050967662369837,6.058887958526611,631900,0.0,0.0
2023-12-11 00:00:00-05:00,6.058887163869455,6.0668070813269805,6.027206738718436,6.043046951293945,808700,0.0,0.0
2023-12-12 00:00:00-05:00,6.043047110729021,6.0588873237224465,6.019286602408649,6.027206897735596,723100,0.0,0.0
2023-12-13 00:00:00-05:00,6.035126470704355,6.1697684622885935,6.027206553490223,6.161848545074463,853000,0.0,0.0
2023-12-14 00:00:00-05:00,6.1618501382117605,6.193530570580105,6.13808962510523,6.146009922027588,753900,0.0,0.0
2023-12-15 00:00:00-05:00,6.122249408921058,6.193530570580105,6.098488895814527,6.146009922027588,510400,0.0,0.0
2023-12-18 00:00:00-05:00,6.146008679629274,6.17768910559351,6.1301680889866885,6.169768810272217,498400,0.0,0.0
2023-12-19 00:00:00-05:00,6.17768910559351,6.201449236236453,6.161848892611392,6.169768810272217,719700,0.0,0.0
2023-12-20 00:00:00-05:00,6.1380885765295785,6.193529512533425,6.098487854003906,6.098487854003906,661100,0.0,0.0
2023-12-21 00:00:00-05:00,6.102477713250053,6.15831713446232,6.102477713250053,6.13438606262207,818100,0.055,0.0
2023-12-22 00:00:00-05:00,6.142361696928518,6.190224591523632,6.134384801414299,6.166293144226074,829000,0.0,0.0
2023-12-26 00:00:00-05:00,6.158316932557032,6.190225661260426,6.158316932557032,6.174271106719971,448300,0.0,0.0
2023-12-27 00:00:00-05:00,6.182246268243694,6.2141546056496,6.174268993703525,6.206177711486816,521900,0.0,0.0
2023-12-28 00:00:00-05:00,6.214157150700318,6.230111325937413,6.182248800226129,6.190226078033447,672900,0.0,0.0
2023-12-29 00:00:00-05:00,6.190224859979528,6.214155927937471,6.14236196330871,6.158316135406494,681300,0.0,0.0
2024-01-02 00:00:00-05:00,6.102475967512285,6.174269542872542,6.086521797390292,6.118430137634277,754800,0.0,0.0
2024-01-03 00:00:00-05:00,6.094499743246793,6.1104539161200515,6.0546145012523915,6.078545570373535,564700,0.0,0.0
2024-01-04 00:00:00-05:00,6.0705683656839975,6.142361949777129,6.062591089463946,6.1104536056518555,682300,0.0,0.0
2024-01-05 00:00:00-05:00,6.094498692262579,6.1662926480002564,6.094498692262579,6.118430137634277,886600,0.0,0.0
2024-01-08 00:00:00-05:00,6.1343851219835415,6.190224915010936,6.1343851219835415,6.182247638702393,580500,0.0,0.0
2024-01-09 00:00:00-05:00,6.15034044975194,6.190226078033447,6.134386274514845,6.190226078033447,441000,0.0,0.0
2024-01-10 00:00:00-05:00,6.198201026922005,6.23808664266459,6.182246856700456,6.214155197143555,544300,0.0,0.0
2024-01-11 00:00:00-05:00,6.158316036548634,6.20617893245112,6.158316036548634,6.198201656341553,964700,0.0,0.0
2024-01-12 00:00:00-05:00,6.182247484499877,6.222133104292796,6.182247484499877,6.198201656341553,513000,0.0,0.0
2024-01-16 00:00:00-05:00,6.166293776465766,6.190225226217051,6.142362326714481,6.150339603424072,600900,0.0,0.0
2024-01-17 00:00:00-05:00,6.118431203865789,6.142362273030429,6.094499754323664,6.126408100128174,584800,0.0,0.0
2024-01-18 00:00:00-05:00,6.150339603424072,6.166293776465766,6.134385430382379,6.150339603424072,438200,0.0,0.0
2024-01-19 00:00:00-05:00,6.190226078033447,6.198202975463223,6.15034044975194,6.190226078033447,443400,0.0,0.0
2024-01-22 00:00:00-05:00,6.194241449660509,6.226377561264784,6.194241449660509,6.2103095054626465,484600,0.055,0.0
2024-01-23 00:00:00-05:00,6.210310527353939,6.218344365030622,6.17014018969233,6.186208248138428,559800,0.0,0.0
2024-01-24 00:00:00-05:00,6.234412335204285,6.2665484496667645,6.194242000579834,6.194242000579834,565700,0.0,0.0
2024-01-25 00:00:00-05:00,6.210309907178271,6.2344121839868745,6.202275687211172,6.226377964019775,500800,0.0,0.0
2024-01-26 00:00:00-05:00,6.21834470455648,6.258515044411417,6.21834470455648,6.234413146972656,553600,0.0,0.0
2024-01-29 00:00:00-05:00,6.234413389127127,6.290651407397109,6.234413389127127,6.282617568969727,521200,0.0,0.0
2024-01-30 00:00:00-05:00,6.266547533576479,6.2986836433410645,6.266547533576479,6.2986836433410645,435600,0.0,0.0
2024-01-31 00:00:00-05:00,6.274582606298261,6.298684884918992,6.218344211578369,6.218344211578369,722600,0.0,0.0
2024-02-01 00:00:00-05:00,6.226379159908166,6.306719459546493,6.202276878470285,6.274583339691162,557000,0.0,0.0
2024-02-02 00:00:00-05:00,6.274581505854103,6.2826157250162025,6.2504796145531145,6.258513450622559,605200,0.0,0.0
2024-02-05 00:00:00-05:00,6.2424468304780385,6.266549110412598,6.2263787715525805,6.266549110412598,521800,0.0,0.0
2024-02-06 00:00:00-05:00,6.266549509022194,6.2986856289172595,6.266549509022194,6.282617568969727,504200,0.0,0.0
2024-02-07 00:00:00-05:00,6.306718274268905,6.3549224449924635,6.298684437361327,6.322786331176758,665600,0.0,0.0
2024-02-08 00:00:00-05:00,6.354922932958589,6.354922932958589,6.258514584108707,6.3308210372924805,673700,0.0,0.0
2024-02-09 00:00:00-05:00,6.322788000237027,6.379026405806413,6.322788000237027,6.370992183685303,407300,0.0,0.0
2024-02-12 00:00:00-05:00,6.379025780418368,6.41116189956665,6.379025780418368,6.41116189956665,372900,0.0,0.0
2024-02-13 00:00:00-05:00,6.306717479235887,6.354921643882766,6.290649424353595,6.2986836433410645,633900,0.0,0.0
2024-02-14 00:00:00-05:00,6.322786655987274,6.354922771453857,6.314752818666986,6.354922771453857,425000,0.0,0.0
2024-02-15 00:00:00-05:00,6.370991636645666,6.403127756185176,6.370991636645666,6.39509391784668,430200,0.0,0.0
2024-02-16 00:00:00-05:00,6.379026405806413,6.395094466955838,6.362958344656988,6.370992183685303,563800,0.0,0.0
2024-02-20 00:00:00-05:00,6.370991384840416,6.395093665088819,6.31475336941539,6.338855266571045,436400,0.0,0.0
2024-02-21 00:00:00-05:00,6.318628276710346,6.39953253147463,6.3105380441248755,6.39144229888916,513100,0.055,0.0
2024-02-22 00:00:00-05:00,6.439984321594238,6.456165171215053,6.3995320046512605,6.439984321594238,674100,0.0,0.0
2024-02-23 00:00:00-05:00,6.464255525384649,6.464255525384649,6.423803593458541,6.431893825531006,475100,0.0,0.0
2024-02-26 00:00:00-05:00,6.423805222563239,6.456166930623951,6.383352894596353,6.399533748626709,477500,0.0,0.0
2024-02-27 00:00:00-05:00,6.407622743531719,6.431893825531006,6.399532125677362,6.431893825531006,374300,0.0,0.0
2024-02-28 00:00:00-05:00,6.415714956096971,6.423805576448855,6.399534101175216,6.4076247215271,385600,0.0,0.0
2024-02-29 00:00:00-05:00,6.456167286292364,6.456167286292364,6.4076247215271,6.4076247215271,579200,0.0,0.0
2024-03-01 00:00:00-05:00,6.4318946906140795,6.512799336911671,6.4318946906140795,6.488528251647949,700000,0.0,0.0
2024-03-04 00:00:00-05:00,6.504709844892555,6.520891085580986,6.488529375768148,6.49661922454834,499900,0.0,0.0
2024-03-05 00:00:00-05:00,6.464256023253426,6.496617725599526,6.448075172080375,6.456165790557861,416700,0.0,0.0
2024-03-06 00:00:00-05:00,6.488529375768148,6.5289809343611775,6.472348135079717,6.49661922454834,454400,0.0,0.0
2024-03-07 00:00:00-05:00,6.512799312030426,6.553251635024679,6.512799312030426,6.528979778289795,399000,0.0,0.0
2024-03-08 00:00:00-05:00,6.537070397201423,6.5775227201956765,6.512799312030426,6.528979778289795,403000,0.0,0.0
2024-03-11 00:00:00-04:00,6.51280046523677,6.537071554705393,6.49661922454834,6.49661922454834,400900,0.0,0.0
2024-03-12 00:00:00-04:00,6.496618776933897,6.553252343877351,6.4885289287110925,6.545161724090576,462000,0.0,0.0
2024-03-13 00:00:00-04:00,6.537070553748348,6.585613496816714,6.528979934642969,6.569432258605957,446100,0.0,0.0
2024-03-14 00:00:00-04:00,6.58561405146048,6.58561405146048,6.545161724090576,6.545161724090576,370700,0.0,0.0
2024-03-15 00:00:00-04:00,6.528979373767307,6.545160610588006,6.504708290100098,6.504708290100098,323800,0.0,0.0
2024-03-18 00:00:00-04:00,6.537069992177656,6.553251228998355,6.488527824843237,6.504708290100098,664600,0.0,0.0
2024-03-19 00:00:00-04:00,6.520889930942054,6.537070397201423,6.472346989036172,6.528979778289795,484000,0.0,0.0
2024-03-20 00:00:00-04:00,6.5249067257762645,6.56563663482666,6.492322565478428,6.56563663482666,476400,0.055,0.0
2024-03-21 00:00:00-04:00,6.573783068336508,6.598221483871417,6.573783068336508,6.5819292068481445,566400,0.0,0.0
2024-03-22 00:00:00-04:00,6.57378199515002,6.57378199515002,6.541198223281382,6.56563663482666,514200,0.0,0.0
2024-03-25 00:00:00-04:00,6.549345374998257,6.565637651885552,6.533053874969482,6.533053874969482,562000,0.0,0.0
2024-03-26 00:00:00-04:00,6.533055274487348,6.581930561902307,6.533055274487348,6.541200637817383,655100,0.0,0.0
2024-03-27 00:00:00-04:00,6.5493438292531225,6.598219871520996,6.5493438292531225,6.598219871520996,453700,0.0,0.0
2024-03-28 00:00:00-04:00,6.5982213574944835,6.647096633911133,6.590075219138872,6.647096633911133,854200,0.0,0.0
2024-04-01 00:00:00-04:00,6.630803640746799,6.647095136930532,6.590073734999961,6.598219871520996,608400,0.0,0.0
2024-04-02 00:00:00-04:00,6.524907790983742,6.590075345359781,6.524907790983742,6.5819292068481445,563700,0.0,0.0
2024-04-03 00:00:00-04:00,6.590073734999961,6.630803640746799,6.557489965774158,6.598219871520996,556000,0.0,0.0
2024-04-04 00:00:00-04:00,6.606367123767527,6.655243180037353,6.524908065795898,6.524908065795898,686100,0.0,0.0
2024-04-05 00:00:00-04:00,6.5330541398641016,6.5900755575646315,6.516761862316206,6.557491779327393,594100,0.0,0.0
2024-04-08 00:00:00-04:00,6.573783068336508,6.6226591225478,6.573783068336508,6.5819292068481445,431600,0.0,0.0
2024-04-09 00:00:00-04:00,6.606367404824948,6.622659683227539,6.565638262535657,6.622659683227539,384000,0.0,0.0
2024-04-10 00:00:00-04:00,6.5900752819384385,6.614512920379639,6.5574915050639975,6.614512920379639,632900,0.0,0.0
2024-04-11 00:00:00-04:00,6.655242772266745,6.655242772266745,6.606366718991584,6.647096633911133,723500,0.0,0.0
2024-04-12 00:00:00-04:00,6.598220768781077,6.614512267180213,6.484177172553362,6.49232292175293,460900,0.0,0.0
2024-04-15 00:00:00-04:00,6.541198157747826,6.557490431948119,6.410863071579053,6.419009208679199,536400,0.0,0.0
2024-04-16 00:00:00-04:00,6.419010014465515,6.459739539791486,6.402718126649278,6.410863876342773,330800,0.0,0.0
2024-04-17 00:00:00-04:00,6.459739748210869,6.484177774938326,6.402718333228901,6.4271559715271,349900,0.0,0.0
2024-04-18 00:00:00-04:00,6.45973947978168,6.45973947978168,6.3864261795043005,6.4027180671691895,391900,0.0,0.0
2024-04-19 00:00:00-04:00,6.39457115266544,6.4190091754100225,6.345695495605469,6.345695495605469,448800,0.0,0.0
2024-04-22 00:00:00-04:00,6.375272031486054,6.4163495789335325,6.375272031486054,6.391703128814697,313900,0.066,0.0
2024-04-23 00:00:00-04:00,6.432780725689454,6.498505115509033,6.367056335869874,6.498505115509033,348000,0.0,0.0
2024-04-24 00:00:00-04:00,6.52315266947893,6.539583768727056,6.465643626236336,6.514936923980713,573000,0.0,0.0
2024-04-25 00:00:00-04:00,6.465642920599243,6.498505115509033,6.432780725689454,6.498505115509033,400200,0.0,0.0
2024-04-26 00:00:00-04:00,6.53136744311712,6.621739068577527,6.53136744311712,6.605307579040527,424500,0.0,0.0
2024-04-29 00:00:00-04:00,6.621739398294085,6.629954359975088,6.572445710725149,6.588877201080322,486300,0.0,0.0
2024-04-30 00:00:00-04:00,6.597091843451892,6.621739077791688,6.556014294797052,6.572445392608643,519400,0.0,0.0
2024-05-01 00:00:00-04:00,6.564229488372803,6.629953878022612,6.523151940715803,6.564229488372803,636600,0.0,0.0
2024-05-02 00:00:00-04:00,6.6135226859196745,6.629953390375349,6.564229005559709,6.597091197967529,350000,0.0,0.0
2024-05-03 00:00:00-04:00,6.6546006143332,6.712109255103888,6.6546006143332,6.68746280670166,513700,0.0,0.0
2024-05-06 00:00:00-04:00,6.695678236344948,6.736756175558017,6.687463275299553,6.720325469970703,442000,0.0,0.0
2024-05-07 00:00:00-04:00,6.7285399477100665,6.777833627924325,6.695677755399383,6.75318717956543,496800,0.0,0.0
2024-05-08 00:00:00-04:00,6.74497127532959,6.777833466859353,6.736755531573037,6.74497127532959,346100,0.0,0.0
2024-05-09 00:00:00-04:00,6.769618186929707,6.8189118693499795,6.769618186929707,6.810696125030518,379100,0.0,0.0
2024-05-10 00:00:00-04:00,6.835343690766381,6.835343690766381,6.8024814916183365,6.818912982940674,258500,0.0,0.0
2024-05-13 00:00:00-04:00,6.851774862641177,6.851774862641177,6.786050467409329,6.802481174468994,320200,0.0,0.0
2024-05-14 00:00:00-04:00,6.802480380711055,6.835342574492403,6.802480380711055,6.810696125030518,224300,0.0,0.0
2024-05-15 00:00:00-04:00,6.851774523613165,6.884636719603057,6.8353430338699415,6.876420974731445,362200,0.0,0.0
2024-05-16 00:00:00-04:00,6.917498915592948,6.9257146604645605,6.859990268484776,6.876420974731445,413300,0.0,0.0
2024-05-17 00:00:00-04:00,6.884636410211325,6.884636410211325,6.8271277656875595,6.851774215698242,484200,0.0,0.0
2024-05-20 00:00:00-04:00,6.851775631338882,6.892853578841452,6.843559885139031,6.884637832641602,371200,0.0,0.0
2024-05-21 00:00:00-04:00,6.868205547332764,6.901067744841663,6.818912642817709,6.868205547332764,653100,0.0,0.0
2024-05-22 00:00:00-04:00,6.85999059677124,6.89285279433376,6.851774851506462,6.85999059677124,408800,0.0,0.0
2024-05-23 00:00:00-04:00,6.9063635272937365,6.9063635272937365,6.76558627248885,6.7821478843688965,600700,0.066,0.0
2024-05-24 00:00:00-04:00,6.806991503503234,6.85667712900409,6.806991503503234,6.831834316253662,314900,0.0,0.0
2024-05-28 00:00:00-04:00,6.840114153614377,6.856675762233774,6.782146549099936,6.806990146636963,487100,0.0,0.0
2024-05-29 00:00:00-04:00,6.732461959806399,6.856676807472485,6.732461959806399,6.740743160247803,658200,0.0,0.0
2024-05-30 00:00:00-04:00,6.724180213409402,6.790428232084278,6.724180213409402,6.765585422515869,501300,0.0,0.0
2024-05-31 00:00:00-04:00,6.823554125613839,6.864959346153555,6.757306088645852,6.848397731781006,447200,0.0,0.0
2024-06-03 00:00:00-04:00,6.840116529725284,6.856678144097833,6.80699251124129,6.848397731781006,418400,0.0,0.0
2024-06-04 00:00:00-04:00,6.848398129851103,6.873240947723389,6.831835724776952,6.873240947723389,381000,0.0,0.0
2024-06-05 00:00:00-04:00,6.9063634742118625,6.947768688201904,6.873239460967583,6.947768688201904,748300,0.0,0.0
2024-06-06 00:00:00-04:00,6.947768149719586,6.98089216039661,6.931205749511719,6.931205749511719,416400,0.0,0.0
2024-06-07 00:00:00-04:00,6.939487487456142,6.972611500700422,6.922925085964617,6.947768688201904,436900,0.0,0.0
2024-06-10 00:00:00-04:00,6.964329319807757,6.980891718968321,6.8732384936406365,6.898081302642822,549500,0.0,0.0
2024-06-11 00:00:00-04:00,6.873240317904973,6.93120715087492,6.873240317904973,6.92292594909668,308600,0.0,0.0
2024-06-12 00:00:00-04:00,6.956049099208896,6.989173112453177,6.947768688201904,6.947768688201904,265400,0.0,0.0
2024-06-13 00:00:00-04:00,6.972611904144287,6.980893105369209,6.939487888983411,6.972611904144287,323200,0.0,0.0
2024-06-14 00:00:00-04:00,6.931206628567459,6.972611844599666,6.914645015997862,6.95604944229126,447900,0.0,0.0
2024-06-17 00:00:00-04:00,6.95604898343006,7.005735397338867,6.939487371952962,7.005735397338867,330800,0.0,0.0
2024-06-18 00:00:00-04:00,6.980892555007014,7.0057353669844,6.972611354434967,6.9974541664123535,331300,0.0,0.0
2024-06-20 00:00:00-04:00,7.005735919305162,7.005735919305162,6.964330702919364,6.972611904144287,667300,0.0,0.0
2024-06-21 00:00:00-04:00,6.994312900705999,6.994312900705999,6.960927191231574,6.977619647979736,225500,0.066,0.0
2024-06-24 00:00:00-04:00,6.985967089551309,7.0110061755844715,6.97762046221419,6.994313716888428,359700,0.0,0.0
2024-06-25 00:00:00-04:00,7.019351550622194,7.036044802318243,7.002659094904197,7.01100492477417,460200,0.0,0.0
2024-06-26 00:00:00-04:00,7.011003295389549,7.036043167114259,6.9943108435509425,7.036043167114258,444500,0.0,0.0
2024-06-27 00:00:00-04:00,7.03604417000641,7.069429874420166,7.019350919810542,7.069429874420166,409300,0.0,0.0
2024-06-28 00:00:00-04:00,7.111162340011384,7.119508169291044,7.052736759185791,7.052736759185791,740900,0.0,0.0
2024-07-01 00:00:00-04:00,7.077776865135896,7.09447011807144,7.027698698285487,7.04439115524292,508500,0.0,0.0
2024-07-02 00:00:00-04:00,7.061083500388784,7.094469205989615,7.052736874994074,7.077775955200195,354200,0.0,0.0
2024-07-03 00:00:00-04:00,7.111161960777235,7.119507789611816,7.1028153359647,7.119507789611816,282500,0.0,0.0
2024-07-05 00:00:00-04:00,7.119508131257218,7.144548006896416,7.102815676809077,7.13620138168335,316800,0.0,0.0
2024-07-08 00:00:00-04:00,7.119509924354609,7.136203178985051,7.094470838387136,7.111164093017578,566700,0.0,0.0
2024-07-09 00:00:00-04:00,7.127854756470284,7.19462616621883,7.111162302022143,7.13620138168335,784500,0.0,0.0
2024-07-10 00:00:00-04:00,7.161241100313358,7.194626808166504,7.144548644375816,7.194626808166504,563800,0.0,0.0
2024-07-11 00:00:00-04:00,7.1862795221453,7.194626147336461,7.161240442549809,7.177933692932129,584300,0.0,0.0
2024-07-12 00:00:00-04:00,7.202973343745159,7.253051506907492,7.177934262163991,7.244705677032471,362700,0.0,0.0
2024-07-15 00:00:00-04:00,7.278090611689051,7.286436440677924,7.2363582828328195,7.261397361755371,497700,0.0,0.0
2024-07-16 00:00:00-04:00,7.278089986132059,7.344861388171792,7.278089986132059,7.319822311401367,831500,0.0,0.0
2024-07-17 00:00:00-04:00,7.278090443115126,7.29478289668421,7.194625787335858,7.202972412109375,616700,0.0,0.0
2024-07-18 00:00:00-04:00,7.211319873072281,7.269744661305652,7.044390542157436,7.061083793640137,781000,0.0,0.0
2024-07-19 00:00:00-04:00,7.044388995044629,7.086121318607944,6.9943108435509425,7.036043167114258,1070400,0.0,0.0
2024-07-22 00:00:00-04:00,7.069430511905293,7.161241008327629,7.0443906343535225,7.12785530090332,681400,0.0,0.0
2024-07-23 00:00:00-04:00,7.132901668548584,7.19178230173586,7.099255936231941,7.132901668548584,373800,0.066,0.0
2024-07-24 00:00:00-04:00,7.099255664612347,7.099255664612347,6.998318471524305,7.023553371429443,405600,0.0,0.0
2024-07-25 00:00:00-04:00,7.023553572808849,7.107667501705182,6.9814962072719196,6.998318672180176,564100,0.0,0.0
2024-07-26 00:00:00-04:00,7.0319644041742135,7.074021769711143,6.973084573729029,6.998318672180176,481600,0.0,0.0
2024-07-29 00:00:00-04:00,7.015141637583978,7.074021465497072,6.973084273855701,7.057199001312256,536000,0.0,0.0
2024-07-30 00:00:00-04:00,7.0992545755841725,7.141311933463619,7.006729029991294,7.040374755859375,750200,0.0,0.0
2024-07-31 00:00:00-04:00,7.124491441618769,7.2170170127959885,7.048788336938498,7.116079807281494,733400,0.0,0.0
2024-08-01 00:00:00-04:00,7.132901395641695,7.174958759972755,7.01514173812773,7.023553371429443,629400,0.0,0.0
2024-08-02 00:00:00-04:00,6.964672744283977,6.981496010896555,6.779621624610643,6.838501453399658,1093300,0.0,0.0
2024-08-05 00:00:00-04:00,6.560924375178454,6.695507307645285,6.4768096412979075,6.611392974853516,1245000,0.0,0.0
2024-08-06 00:00:00-04:00,6.695507446250474,6.79644464769012,6.6618617124372586,6.745976448059082,678300,0.0,0.0
2024-08-07 00:00:00-04:00,6.838502275323422,6.838502275323422,6.6955077006399195,6.703918933868408,641700,0.0,0.0
2024-08-08 00:00:00-04:00,6.7712085463962985,6.821676731109619,6.745974454039637,6.821676731109619,479800,0.0,0.0
2024-08-09 00:00:00-04:00,6.830089245628729,6.880558239044116,6.796443517410949,6.8721466064453125,385800,0.0,0.0
2024-08-12 00:00:00-04:00,6.888969898223877,6.9478505313215395,6.838501700914489,6.888969898223877,359400,0.0,0.0
2024-08-13 00:00:00-04:00,6.939438743183553,6.998318572792548,6.922615476336688,6.989907741546631,426500,0.0,0.0
2024-08-14 00:00:00-04:00,7.015141839639412,7.031964304308761,6.939438743183553,6.989907741546631,467800,0.0,0.0
2024-08-15 00:00:00-04:00,7.04037678449238,7.0824341544903495,7.0067310489295265,7.065610885620117,349900,0.0,0.0
2024-08-16 00:00:00-04:00,7.048788441727,7.116079913070363,7.040376807264677,7.082434177398682,423600,0.0,0.0
2024-08-19 00:00:00-04:00,7.08243404906073,7.12449141843263,7.0740224147508295,7.09925651550293,392900,0.0,0.0
2024-08-20 00:00:00-04:00,7.09925651550293,7.1413138848748305,7.09925651550293,7.09925651550293,443800,0.0,0.0
2024-08-21 00:00:00-04:00,7.09925662118297,7.132902356745824,7.048788418927496,7.065610885620117,579100,0.0,0.0
2024-08-22 00:00:00-04:00,7.070697789220482,7.130043913726982,7.028307353774278,7.03678560256958,633100,0.066,0.0
2024-08-23 00:00:00-04:00,7.070697217978519,7.180912017822266,7.062218969868176,7.180912017822266,430700,0.0,0.0
2024-08-26 00:00:00-04:00,7.180911540789182,7.189388979806123,7.130042864036604,7.146999359130859,647200,0.0,0.0
2024-08-27 00:00:00-04:00,7.147000476099733,7.18939010339986,7.121565729483281,7.163956165313721,480500,0.0,0.0
2024-08-28 00:00:00-04:00,7.130042863840212,7.1554767979507075,7.113087177276611,7.113087177276611,458400,0.0,0.0
2024-08-29 00:00:00-04:00,7.146999606677312,7.206345724502369,7.138521358836528,7.189389228820801,436700,0.0,0.0
2024-08-30 00:00:00-04:00,7.240256699915692,7.265690630666345,7.163954099133652,7.214822769165039,478600,0.0,0.0
2024-09-03 00:00:00-04:00,7.180911308061484,7.21482348862074,7.036784338552104,7.05374002456665,559800,0.0,0.0
2024-09-04 00:00:00-04:00,7.045263846585483,7.087653473472623,7.036785597795933,7.070697784423828,386700,0.0,0.0
2024-09-05 00:00:00-04:00,7.045263851364883,7.087653478280779,7.019829104978976,7.03678560256958,457600,0.0,0.0
2024-09-06 00:00:00-04:00,7.045262496540808,7.0622181823404775,6.918091214657599,6.92656946182251,565100,0.0,0.0
2024-09-09 00:00:00-04:00,6.943527120952157,7.028307999635439,6.943527120952157,7.019829750061035,543400,0.0,0.0
2024-09-10 00:00:00-04:00,7.045264335914164,7.045264335914164,6.968961708569225,7.00287389755249,326500,0.0,0.0
2024-09-11 00:00:00-04:00,7.028306958171734,7.062219142913818,6.918092155627393,7.062219142913818,592900,0.0,0.0
2024-09-12 00:00:00-04:00,7.070697388354419,7.113087821397339,7.045263451940771,7.096131324768066,455100,0.0,0.0
2024-09-13 00:00:00-04:00,7.138522227227583,7.172434414185872,7.121565729483281,7.163956165313721,374900,0.0,0.0
2024-09-16 00:00:00-04:00,7.130043110995745,7.189389228820801,7.113087423844393,7.189389228820801,441300,0.0,0.0
2024-09-17 00:00:00-04:00,7.206345953623056,7.231779889423846,7.138521585800787,7.180912017822266,491600,0.0,0.0
2024-09-18 00:00:00-04:00,7.1809111465567685,7.2402572590681835,7.155476405311754,7.172432899475098,361900,0.0,0.0
2024-09-19 00:00:00-04:00,7.2572146296362945,7.274170317317118,7.231779885319697,7.248736381530762,442600,0.0,0.0
2024-09-20 00:00:00-04:00,7.2709511570826075,7.28803874973696,7.2025991568249665,7.228230953216553,468100,0.066,0.0
2024-09-23 00:00:00-04:00,7.236774921417236,7.288038512531924,7.228230717958091,7.236774921417236,512500,0.0,0.0
2024-09-24 00:00:00-04:00,7.253862749608139,7.262406953345374,7.194054953087732,7.228230953216553,348900,0.0,0.0
2024-09-25 00:00:00-04:00,7.236773610930684,7.27094960375834,7.202597618103027,7.202597618103027,392400,0.0,0.0
2024-09-26 00:00:00-04:00,7.253864053948503,7.288040060222619,7.236776458221575,7.279496669769287,402600,0.0,0.0
2024-09-27 00:00:00-04:00,7.30512807452665,7.38202428817749,7.288039664906365,7.38202428817749,568100,0.0,0.0
2024-09-30 00:00:00-04:00,7.399110200885152,7.450374603271484,7.3393024104511255,7.450374603271484,892200,0.0,0.0
2024-10-01 00:00:00-04:00,7.42474247394073,7.433286677359993,7.296582681932144,7.356390476226807,799300,0.0,0.0
2024-10-02 00:00:00-04:00,7.347847347647838,7.356390736549342,7.305127143859863,7.305127143859863,484400,0.0,0.0
2024-10-03 00:00:00-04:00,7.305126182140571,7.339302177707661,7.262405983976706,7.2880377769470215,456700,0.0,0.0
2024-10-04 00:00:00-04:00,7.347846380304435,7.356389768081202,7.27095018657348,7.2880377769470215,421100,0.0,0.0
2024-10-07 00:00:00-04:00,7.305126061475952,7.330757854022886,7.219685666559511,7.245317459106445,533400,0.0,0.0
2024-10-08 00:00:00-04:00,7.2965826988220215,7.339302901197133,7.2624066998859504,7.2965826988220215,557200,0.0,0.0
2024-10-09 00:00:00-04:00,7.3307589402046025,7.390566736615699,7.262406940071888,7.305127143859863,857700,0.0,0.0
2024-10-10 00:00:00-04:00,7.313670036676445,7.322213424046629,7.245317233975198,7.270949840545654,473100,0.0,0.0
2024-10-11 00:00:00-04:00,7.305128337454354,7.339304343104774,7.296584132336688,7.3136725425720215,408900,0.0,0.0
2024-10-14 00:00:00-04:00,7.330757860525059,7.3563896530947295,7.30512606795539,7.339302062988281,339800,0.0,0.0
2024-10-15 00:00:00-04:00,7.364936278044449,7.364936278044449,7.253864053948503,7.279496669769287,394900,0.0,0.0
2024-10-16 00:00:00-04:00,7.279495106764029,7.305126902261062,7.185510498574767,7.2965826988220215,727800,0.0,0.0
2024-10-17 00:00:00-04:00,7.330760137987107,7.3563919385198595,7.296584132336688,7.3136725425720215,586300,0.0,0.0
2024-10-18 00:00:00-04:00,7.330759048461913,7.347847456157504,7.305127251738655,7.330759048461914,388300,0.0,0.0
2024-10-21 00:00:00-04:00,7.33075832285369,7.4076545202323025,7.2965823256654225,7.399110317230225,536100,0.0,0.0
2024-10-22 00:00:00-04:00,7.399110442192952,7.407654645339332,7.296582448896567,7.36493444442749,617700,0.0,0.0
2024-10-23 00:00:00-04:00,7.318440934655353,7.37010087901057,7.223731994628906,7.223731994628906,516300,0.066,0.0
2024-10-24 00:00:00-04:00,7.2753919480664395,7.284002076625963,7.23234212637587,7.258172512054443,332700,0.0,0.0
2024-10-25 00:00:00-04:00,7.301221391776668,7.344271212754609,7.240952135071773,7.2495622634887695,305400,0.0,0.0
2024-10-28 00:00:00-04:00,7.284001956049715,7.292612084466711,7.232342006654777,7.2495622634887695,385600,0.0,0.0
2024-10-29 00:00:00-04:00,7.249562143197224,7.266781578638456,7.215122451207735,7.240952014923096,428600,0.0,0.0
2024-10-30 00:00:00-04:00,7.258172271471353,7.275391706912584,7.223732579481863,7.240952014923096,361700,0.0,0.0
2024-10-31 00:00:00-04:00,7.232340826975666,7.292610894956849,7.1118023332271125,7.137631893157959,674400,0.0,0.0
2024-11-01 00:00:00-04:00,7.163463829921805,7.223733917900566,7.163463829921805,7.1806840896606445,373600,0.0,0.0
2024-11-04 00:00:00-05:00,7.180682303150413,7.223732120679801,7.15485274107557,7.1892924308776855,383300,0.0,0.0
2024-11-05 00:00:00-05:00,7.2065117394748475,7.284001245454194,7.189292305427748,7.223731994628906,563900,0.0,0.0
2024-11-06 00:00:00-05:00,7.361490005912552,7.361490005912552,7.258170948772519,7.344269752502441,497600,0.0,0.0
2024-11-07 00:00:00-05:00,7.370100253951488,7.430369499665334,7.32705044082436,7.39592981338501,383300,0.0,0.0
2024-11-08 00:00:00-05:00,7.378711106506867,7.438981185962152,7.370101798962165,7.404541492462158,412400,0.0,0.0
2024-11-11 00:00:00-05:00,7.43897891045565,7.464808467402886,7.3442691664711,7.3700995445251465,467700,0.0,0.0
2024-11-12 00:00:00-05:00,7.404541633522004,7.447590635386802,7.284002293422167,7.327052116394043,695800,0.0,0.0
2024-11-13 00:00:00-05:00,7.327050924067227,7.378710046341356,7.266780853271484,7.266780853271484,507500,0.0,0.0
2024-11-14 00:00:00-05:00,7.301221883655354,7.318442141649465,7.189293491122018,7.206512928009033,625600,0.0,0.0
2024-11-15 00:00:00-05:00,7.215122699737549,7.2323421357719155,7.154853441956683,7.215122699737549,451900,0.0,0.0
2024-11-18 00:00:00-05:00,7.197900422967533,7.309829599659871,7.180680991764694,7.292610168457031,458100,0.0,0.0
2024-11-19 00:00:00-05:00,7.28400075199373,7.327050565855474,7.258171192119445,7.275390625,475400,0.0,0.0
2024-11-20 00:00:00-05:00,7.309831277321689,7.309831277321689,7.197902074940749,7.232341766357422,566000,0.0,0.0
2024-11-21 00:00:00-05:00,7.272260788166061,7.298294902576858,7.228870045741682,7.280939102172852,768900,0.066,0.0
2024-11-22 00:00:00-05:00,7.306974767417281,7.324330571504887,7.280940647480998,7.2982964515686035,382500,0.0,0.0
2024-11-25 00:00:00-05:00,7.33300744616933,7.33300744616933,7.220191845137852,7.246226787567139,711300,0.0,0.0
2024-11-26 00:00:00-05:00,7.263584858430128,7.263584858430128,7.228872418618186,7.237550735473633,466900,0.0,0.0
2024-11-27 00:00:00-05:00,7.263582588243742,7.33300744616933,7.220191845137852,7.246226787567139,749400,0.0,0.0
2024-11-29 00:00:00-05:00,7.28961694610059,7.333007690653135,7.272261144845341,7.324329376220703,342800,0.0,0.0
2024-12-02 00:00:00-05:00,7.324329382515875,7.3763984415456045,7.289616952365927,7.367720127105713,621500,0.0,0.0
2024-12-03 00:00:00-05:00,7.376398684938065,7.4197894309596295,7.324329624190259,7.385076999664307,457600,0.0,0.0
2024-12-04 00:00:00-05:00,7.428466427596256,7.428466427596256,7.385075689273842,7.402431488037109,410600,0.0,0.0
2024-12-05 00:00:00-05:00,7.40243256354346,7.4545016226174186,7.367720133364027,7.411110877990723,455900,0.0,0.0
2024-12-06 00:00:00-05:00,7.437144524239717,7.471856952227866,7.419788724050426,7.454501152038574,373800,0.0,0.0
2024-12-09 00:00:00-05:00,7.463179343272859,7.4892134569336815,7.428466915855246,7.445822715759277,340200,0.0,0.0
2024-12-10 00:00:00-05:00,7.463180539234876,7.4805363419201445,7.411111475959701,7.419789791107178,360800,0.0,0.0
2024-12-11 00:00:00-05:00,7.454502224087399,7.454502224087399,7.393755673274432,7.419789791107178,753600,0.0,0.0
2024-12-12 00:00:00-05:00,7.411110268783038,7.411110268783038,7.341685414131031,7.359041213989258,527900,0.0,0.0
2024-12-13 00:00:00-05:00,7.359041806340816,7.40243255089336,7.298295260533022,7.324329376220703,568300,0.0,0.0
2024-12-16 00:00:00-05:00,7.315652249032639,7.3590421681086005,7.29829561931453,7.306973934173584,521500,0.0,0.0
2024-12-17 00:00:00-05:00,7.306974767417281,7.324330571504887,7.254905699934964,7.2982964515686035,798000,0.0,0.0
2024-12-18 00:00:00-05:00,7.298295971369199,7.359042523093557,7.116055488586426,7.116055488586426,739700,0.0,0.0
2024-12-19 00:00:00-05:00,7.168124430606973,7.194158548387088,7.081342934527014,7.107377052307129,702500,0.0,0.0
2024-12-20 00:00:00-05:00,7.11605619976198,7.194159389847295,7.037953009676665,7.142090320587158,827600,0.0,0.0
2024-12-23 00:00:00-05:00,7.138588673847314,7.2085747718811035,7.129840203018066,7.2085747718811035,577000,0.066,0.0
2024-12-24 00:00:00-05:00,7.21732643527982,7.296061038970947,7.208577960580702,7.296061038970947,262600,0.0,0.0
2024-12-26 00:00:00-05:00,7.278562127939431,7.313555183004515,7.269814489898342,7.287310600280762,391900,0.0,0.0
2024-12-27 00:00:00-05:00,7.287309340744141,7.296057811573389,7.164833252034961,7.2085747718811035,589100,0.0,0.0
2024-12-30 00:00:00-05:00,7.138590452510987,7.182331983255846,7.112345867784193,7.156087398529053,729800,0.0,0.0
2024-12-31 00:00:00-05:00,7.234821927963231,7.261066512475831,7.1473388671875,7.1473388671875,653200,0.0,0.0
2025-01-02 00:00:00-05:00,7.199828033633988,7.208576506568488,7.147338864627589,7.164834976196289,484500,0.0,0.0
2025-01-03 00:00:00-05:00,7.208576795342918,7.296059859591873,7.191080683073326,7.226073741912842,618300,0.0,0.0
2025-01-06 00:00:00-05:00,7.261066434389556,7.357297132767746,7.252317961546005,7.278562545776367,603100,0.0,0.0
2025-01-07 00:00:00-05:00,7.322304923870361,7.339801871584215,7.217325740488394,7.243570327758789,685400,0.0,0.0
2025-01-08 00:00:00-05:00,7.269815749329571,7.313556450013434,7.217325740488394,7.243570327758789,703700,0.0,0.0
2025-01-10 00:00:00-05:00,7.191080456264879,7.217325040991672,7.129841979501953,7.156087398529053,670100,0.0,0.0
2025-01-13 00:00:00-05:00,7.1298415597001235,7.226073088532806,7.112345449012527,7.199827671051025,506900,0.0,0.0
2025-01-14 00:00:00-05:00,7.226073323638671,7.252317907674083,7.164834848488998,7.234821796417236,478300,0.0,0.0
2025-01-15 00:00:00-05:00,7.319480806549856,7.3723922438120795,7.2930250879187435,7.337117671966553,499000,0.066,0.0
2025-01-16 00:00:00-05:00,7.381212077430719,7.381212077430719,7.328300633140571,7.3547563552856445,380500,0.0,0.0
2025-01-17 00:00:00-05:00,7.425305138972846,7.442942005854796,7.398849418143822,7.434123992919922,518800,0.0,0.0
2025-01-21 00:00:00-05:00,7.469397480832735,7.504672050476074,7.442940922841172,7.504672050476074,635700,0.0,0.0
2025-01-22 00:00:00-05:00,7.531126274664019,7.54876397649565,7.487032861096856,7.539945125579834,613400,0.0,0.0
2025-01-23 00:00:00-05:00,7.548764368026187,7.575220081133893,7.539945516652965,7.557582378387451,432500,0.0,0.0
2025-01-24 00:00:00-05:00,7.557584125749096,7.59285869838573,7.469398114663586,7.531128406524658,550000,0.0,0.0
2025-01-27 00:00:00-05:00,7.434120267787726,7.487031682932616,7.416482568731576,7.478212833404541,749900,0.0,0.0
2025-01-28 00:00:00-05:00,7.513489413844302,7.539945125579834,7.478214010181041,7.539945125579834,398300,0.0,0.0
2025-01-29 00:00:00-05:00,7.548765472783268,7.548765472783268,7.46057862816888,7.504672050476074,456900,0.0,0.0
2025-01-30 00:00:00-05:00,7.522308826446533,7.54876538412738,7.442940835428132,7.522308826446533,624200,0.0,0.0
2025-01-31 00:00:00-05:00,7.5575839412191606,7.592858512994512,7.451760225893106,7.487034797668457,926100,0.0,0.0
2025-02-03 00:00:00-05:00,7.425304822023784,7.487035114993952,7.337117968341687,7.4605793952941895,1113300,0.0,0.0
2025-02-04 00:00:00-05:00,7.487034797668457,7.522309369443809,7.460579079089976,7.487034797668457,575100,0.0,0.0
2025-02-05 00:00:00-05:00,7.504671962338039,7.531127679006816,7.469397393108979,7.522308826446533,504600,0.0,0.0
2025-02-06 00:00:00-05:00,7.5487655707581975,7.575221288081049,7.522309012423255,7.566402435302734,400700,0.0,0.0
2025-02-07 00:00:00-05:00,7.566401918928705,7.566401918928705,7.434122500329853,7.469397068023682,732500,0.0,0.0
2025-02-10 00:00:00-05:00,7.495852783541046,7.5311273512348755,7.451759363670751,7.469397068023682,596000,0.0,0.0
2025-02-11 00:00:00-05:00,7.460575975360171,7.522306240033137,7.4517571258320965,7.478212833404541,704200,0.0,0.0
2025-02-12 00:00:00-05:00,7.451760041791249,7.451760041791249,7.398848605941507,7.442941188812256,1086400,0.0,0.0
2025-02-13 00:00:00-05:00,7.442939447529693,7.539945125579834,7.434121437625791,7.539945125579834,407000,0.0,0.0
2025-02-14 00:00:00-05:00,7.563053297491612,7.571940754834299,7.518616858332761,7.554165840148926,415700,0.066,0.0
2025-02-18 00:00:00-05:00,7.5541664959023835,7.589715480804443,7.527504969114502,7.589715480804443,540200,0.0,0.0
2025-02-19 00:00:00-05:00,7.545278382806239,7.571940754834299,7.518616858332761,7.554165840148926,546600,0.0,0.0
2025-02-20 00:00:00-05:00,7.580827364622404,7.5897148219650905,7.518616858332761,7.554165840148926,520900,0.0,0.0
2025-02-21 00:00:00-05:00,7.57194200385543,7.580828615109415,7.447520123197692,7.474181652069092,593400,0.0,0.0
2025-02-24 00:00:00-05:00,7.500842209776706,7.509729667434719,7.420857633518425,7.429744243621826,762400,0.0,0.0
2025-02-25 00:00:00-05:00,7.456406890725928,7.474180959140795,7.394195532387289,7.420857906341553,383800,0.0,0.0
2025-02-26 00:00:00-05:00,7.465292930603027,7.491955302519555,7.4208573391846375,7.465292930603027,509200,0.0,0.0
2025-02-27 00:00:00-05:00,7.483068404542398,7.491955862512208,7.367533993598793,7.3764214515686035,556000,0.0,0.0
2025-02-28 00:00:00-05:00,7.403082552295647,7.456406449494097,7.358646112556037,7.438631534576416,952500,0.0,0.0
2025-03-03 00:00:00-05:00,7.465293838023587,7.509730282397889,7.376421796829664,7.403083324432373,855700,0.0,0.0
2025-03-04 00:00:00-05:00,7.37642066396056,7.4208571015103235,7.2875477888610325,7.367533206939697,689900,0.0,0.0
2025-03-05 00:00:00-05:00,7.394194967268109,7.491955302519555,7.376420900211669,7.465292930603027,690100,0.0,0.0
2025-03-06 00:00:00-05:00,7.4386323104208785,7.4564072271924715,7.340872810841159,7.403083324432373,687100,0.0,0.0
2025-03-07 00:00:00-05:00,7.367533735124959,7.447519158937852,7.314209836731494,7.429744243621826,675300,0.0,0.0
2025-03-10 00:00:00-04:00,7.394195845021851,7.420858220103429,7.2342258323057775,7.314210414886475,947800,0.0,0.0
2025-03-11 00:00:00-04:00,7.3230975134553615,7.340872429303113,7.20756310310889,7.243112087249756,756000,0.0,0.0
2025-03-12 00:00:00-04:00,7.296436345720101,7.331985331607527,7.243112443111625,7.314210414886475,618600,0.0,0.0
2025-03-13 00:00:00-04:00,7.305322296438133,7.314208905409998,7.20756196975708,7.20756196975708,473800,0.0,0.0
2025-03-14 00:00:00-04:00,7.266698774096591,7.374220729484834,7.266698774096591,7.3563008308410645,658100,0.066,0.0
2025-03-17 00:00:00-04:00,7.4011030197143555,7.445904055111444,7.356301984317268,7.4011030197143555,572600,0.0,0.0
2025-03-18 00:00:00-04:00,7.392142295837402,7.392142295837402,7.356301640098536,7.392142295837402,421300,0.0,0.0
2025-03-19 00:00:00-04:00,7.39214261168306,7.463823926223536,7.383182233738333,7.454863548278809,571300,0.0,0.0
2025-03-20 00:00:00-04:00,7.39214297048401,7.454863910124116,7.383182592104363,7.436944007873535,433400,0.0,0.0
2025-03-21 00:00:00-04:00,7.392142986792476,7.427983645881424,7.3652627061029445,7.410063743591309,387600,0.0,0.0
2025-03-24 00:00:00-04:00,7.463824288503765,7.472784666883412,7.4100637272433065,7.436944007873535,476100,0.0,0.0
2025-03-25 00:00:00-04:00,7.4727857966008715,7.517586840763308,7.454865037132359,7.508626461029053,745600,0.0,0.0
2025-03-26 00:00:00-04:00,7.499664964059321,7.508625342458737,7.38318260839306,7.410063743591309,528400,0.0,0.0
2025-03-27 00:00:00-04:00,7.410063181958447,7.410063181958447,7.35630177014542,7.383182048797607,356500,0.0,0.0
2025-03-28 00:00:00-04:00,7.356302062023898,7.383182341742624,7.293581124510642,7.3115010261535645,586600,0.0,0.0
2025-03-31 00:00:00-04:00,7.212939316524398,7.302540532336247,7.177098659297925,7.293581008911133,776900,0.0,0.0
2025-04-01 00:00:00-04:00,7.221899694458185,7.329421666137606,7.195018560656825,7.293581008911133,635600,0.0,0.0
2025-04-02 00:00:00-04:00,7.221899550694138,7.374221699992919,7.212939172938723,7.329421520233154,460900,0.0,0.0
2025-04-03 00:00:00-04:00,7.168138242337905,7.230859178515589,7.12333720742156,7.18605899810791,1695200,0.0,0.0
2025-04-04 00:00:00-04:00,6.988935818459108,7.141258415986545,6.666369438171387,6.666369438171387,1784300,0.0,0.0
2025-04-07 00:00:00-04:00,6.523006074186158,6.666368704194313,6.039156343399955,6.46028470993042,2374200,0.0,0.0
2025-04-08 00:00:00-04:00,6.567806513888776,6.800771208927861,6.3886032309774246,6.44236421585083,1920800,0.0,0.0
2025-04-09 00:00:00-04:00,6.478204852948716,7.078536489777627,6.40652353999977,7.024775505065918,1368300,0.0,0.0
2025-04-10 00:00:00-04:00,6.997894854189992,7.015815182568348,6.729089928514658,6.881412506103516,974400,0.0,0.0
2025-04-11 00:00:00-04:00,6.890373394354176,6.944134383471821,6.782851416118885,6.908293724060059,683800,0.0,0.0
2025-04-14 00:00:00-04:00,7.024775948463396,7.033735899520394,6.926213923310286,6.997895240783691,561500,0.0,0.0
2025-04-15 00:00:00-04:00,7.03042716127578,7.075609595358401,6.985244296297424,7.003317356109619,511600,0.066,0.0
2025-04-16 00:00:00-04:00,6.876805305480957,6.985243654389199,6.831622444654675,6.876805305480957,624000,0.0,0.0
2025-04-17 00:00:00-04:00,6.9310245276973035,6.958133899663329,6.876805352869553,6.912951469421387,435400,0.0,0.0
2025-04-21 00:00:00-04:00,6.894878121426223,6.903914434736631,6.6960740578490885,6.73222017288208,1122900,0.0,0.0
2025-04-22 00:00:00-04:00,6.840660403411467,6.958135086799579,6.831623657283888,6.9219889640808105,628800,0.0,0.0
2025-04-23 00:00:00-04:00,7.066574282733905,7.10272040748276,7.021391411349938,7.039464473724365,649100,0.0,0.0
2025-04-24 00:00:00-04:00,7.075609502136814,7.129828680859059,7.03946338298865,7.102719306945801,523700,0.0,0.0
2025-04-25 00:00:00-04:00,7.129828994702879,7.220194296551026,7.129828994702879,7.184048175811768,387000,0.0,0.0
2025-04-28 00:00:00-04:00,7.202121053363789,7.247304349484558,7.138865559123628,7.21115779876709,643500,0.0,0.0
2025-04-29 00:00:00-04:00,7.211156223895049,7.292484760284424,7.184046424501495,7.292484760284424,477400,0.0,0.0
2025-04-30 00:00:00-04:00,7.2201937508170015,7.337668849788182,7.17501131875589,7.301522731781006,1060500,0.0,0.0
2025-05-01 00:00:00-04:00,7.400923323498222,7.446106180244069,7.355741328543687,7.418996810913086,591300,0.0,0.0
2025-05-02 00:00:00-04:00,7.4551436552995005,7.545509377656054,7.428034283309094,7.446106910705566,515000,0.0,0.0
2025-05-05 00:00:00-04:00,7.446106980156496,7.527435958677681,7.428034352591458,7.4641804695129395,577800,0.0,0.0
2025-05-06 00:00:00-04:00,7.428033676175652,7.509362647290812,7.409960188465026,7.473216533660889,541900,0.0,0.0
2025-05-07 00:00:00-04:00,7.500325903435499,7.509362647290812,7.44610630209495,7.473216533660889,405700,0.0,0.0
2025-05-08 00:00:00-04:00,7.500327110290527,7.545509975046002,7.4551442455350525,7.500327110290527,479100,0.0,0.0
2025-05-09 00:00:00-04:00,7.545510019593697,7.554545903164966,7.509363899934208,7.536473274230957,622800,0.0,0.0
2025-05-12 00:00:00-04:00,7.6720199090398165,7.681056653108691,7.599727680071513,7.635873794555664,694200,0.0,0.0
2025-05-13 00:00:00-04:00,7.644912350167394,7.699131965637207,7.635875603957167,7.699131965637207,664100,0.0,0.0
2025-05-14 00:00:00-04:00,7.717203889535558,7.735277380300867,7.68105776979641,7.726240634918213,535800,0.0,0.0
2025-05-15 00:00:00-04:00,7.704383560588212,7.740810871124268,7.649742160536334,7.740810871124268,429900,0.066,0.0
2025-05-16 00:00:00-04:00,7.7681322281091125,7.7681322281091125,7.7134916888773475,7.759026050567627,443500,0.0,0.0
2025-05-19 00:00:00-04:00,7.677063294810068,7.749917915882179,7.677063294810068,7.740810871124268,566700,0.0,0.0
2025-05-20 00:00:00-04:00,7.740811175149361,7.804558753967285,7.740811175149361,7.804558753967285,548000,0.0,0.0
2025-05-21 00:00:00-04:00,7.777236603809951,7.795450689630489,7.686167911698088,7.72259521484375,548000,0.0,0.0
2025-05-22 00:00:00-04:00,7.713490962982178,7.749918275207186,7.6861698274417,7.713490962982178,431200,0.0,0.0
2025-05-23 00:00:00-04:00,7.649742515216691,7.713490962982178,7.631529293352003,7.713490962982178,374000,0.0,0.0
2025-05-27 00:00:00-04:00,7.777238487116121,7.813665799082882,7.7499182202649575,7.804558753967285,636600,0.0,0.0
2025-05-28 00:00:00-04:00,7.804558447438467,7.804558447438467,7.740810871124268,7.740810871124268,360300,0.0,0.0
2025-05-29 00:00:00-04:00,7.786345532231717,7.804558753967285,7.7499182202649575,7.804558753967285,429600,0.0,0.0
2025-05-30 00:00:00-04:00,7.804557462008803,7.831878592832879,7.768130156072182,7.8227715492248535,633400,0.0,0.0
2025-06-02 00:00:00-04:00,7.813665644580947,7.868307045698459,7.768131288398956,7.8592000007629395,524500,0.0,0.0
2025-06-03 00:00:00-04:00,7.8592000007629395,7.868307045698459,7.8227726895164675,7.8592000007629395,510400,0.0,0.0
2025-06-04 00:00:00-04:00,7.859201135793697,7.913841676306823,7.859201135793697,7.895628452301025,920300,0.0,0.0
2025-06-05 00:00:00-04:00,7.913840105296495,7.9229471497393815,7.859199575630295,7.877412796020508,684100,0.0,0.0
2025-06-06 00:00:00-04:00,7.913840293884277,7.922947338544186,7.90473411771995,7.913840293884277,507800,0.0,0.0
2025-06-09 00:00:00-04:00,7.922947883605957,7.941161974178819,7.904734661528735,7.922947883605957,527700,0.0,0.0
2025-06-10 00:00:00-04:00,7.941161139077714,7.959374359239613,7.932054094748989,7.950267314910889,481500,0.0,0.0
2025-06-11 00:00:00-04:00,7.968481403568337,7.986695492225786,7.932054094748989,7.950267314910889,506600,0.0,0.0
2025-06-12 00:00:00-04:00,7.959373543610127,7.9775876304011035,7.950266500214639,7.968480587005615,667800,0.0,0.0
2025-06-13 00:00:00-04:00,7.9229468776015395,7.977588273886473,7.88651956957676,7.904733657836914,548400,0.0,0.0
2025-06-16 00:00:00-04:00,7.9469467128616404,7.97447630680192,7.901063472861167,7.937769889831543,596000,0.066,0.0
2025-06-17 00:00:00-04:00,7.891887247634816,7.919416840607617,7.846004009246826,7.846004009246826,457000,0.0,0.0
2025-06-18 00:00:00-04:00,7.836827369949954,7.88271060941178,7.8001209534104925,7.827650547027588,568300,0.0,0.0
2025-06-20 00:00:00-04:00,7.800119271212694,7.827648858892673,7.754236041646186,7.772589683532715,577000,0.0,0.0
2025-06-23 00:00:00-04:00,7.763414981071168,7.836827818350561,7.7083549155365985,7.790944576263428,663000,0.0,0.0
2025-06-24 00:00:00-04:00,7.864355511836416,7.910238742828369,7.8276491020728205,7.910238742828369,486400,0.0,0.0
2025-06-25 00:00:00-04:00,7.928592954216486,7.928592954216486,7.891886541818953,7.901062488555908,466400,0.0,0.0
2025-06-26 00:00:00-04:00,7.90106174198837,7.928592205047607,7.891885796118444,7.928592205047607,497300,0.0,0.0
2025-06-27 00:00:00-04:00,7.946946773632308,8.01118278503418,7.919417179481509,8.01118278503418,519800,0.0,0.0
2025-06-30 00:00:00-04:00,8.047889893033425,8.047889893033425,7.983653007953398,8.029536247253418,1382900,0.0,0.0
2025-07-01 00:00:00-04:00,8.029536369804932,8.057065963745117,7.992829952834682,8.057065963745117,604500,0.0,0.0
2025-07-02 00:00:00-04:00,8.038711675599044,8.084594906939305,8.01118121170498,8.066241264343262,420000,0.0,0.0
2025-07-03 00:00:00-04:00,8.102950978465891,8.148834228515625,8.093774153425903,8.148834228515625,443800,0.0,0.0
2025-07-07 00:00:00-04:00,8.10294926573687,8.112126088837142,8.01118278503418,8.01118278503418,667200,0.0,0.0
2025-07-08 00:00:00-04:00,8.038713192834997,8.075419609805248,8.029536369804932,8.057065963745117,460100,0.0,0.0
2025-07-09 00:00:00-04:00,8.102950978465891,8.148834228515625,8.07542137849613,8.148834228515625,663800,0.0,0.0
2025-07-10 00:00:00-04:00,8.148831493255278,8.203890674713472,8.13965467129561,8.176361083984375,749700,0.0,0.0
2025-07-11 00:00:00-04:00,8.15800952911377,8.167185477288895,8.139655882463439,8.15800952911377,565600,0.0,0.0
2025-07-14 00:00:00-04:00,8.148830723915776,8.148830723915776,8.075417905469223,8.0845947265625,749500,0.0,0.0
2025-07-15 00:00:00-04:00,8.099388555014803,8.12712593943624,8.05315899314204,8.080896377563477,564900,0.066,0.0
2025-07-16 00:00:00-04:00,8.053158976279544,8.0716502719366,8.006929414503581,8.043912887573242,557800,0.0,0.0
2025-07-17 00:00:00-04:00,8.025422340267271,8.108635382872308,8.016176250698793,8.090143203735352,692400,0.0,0.0
2025-07-18 00:00:00-04:00,8.090142499708058,8.164109446307801,8.043912937644329,8.154863357543945,803000,0.0,0.0
2025-07-21 00:00:00-04:00,8.136372334195192,8.154863630586478,8.090142770583597,8.108634948730469,565800,0.0,0.0
2025-07-22 00:00:00-04:00,8.090142466289139,8.099388555014803,8.062405081867704,8.080896377563477,327600,0.0,0.0
2025-07-23 00:00:00-04:00,8.127125775232,8.210338808570588,8.099388391370983,8.201092720031738,686400,0.0,0.0
2025-07-24 00:00:00-04:00,8.201093225172063,8.219585403388775,8.182601928710938,8.182601928710938,542300,0.0,0.0
2025-07-25 00:00:00-04:00,8.21033931428042,8.219585403388775,8.182601928710938,8.182601928710938,378700,0.0,0.0
2025-07-28 00:00:00-04:00,8.210341447850517,8.210341447850517,8.15486578053985,8.173357963562012,378700,0.0,0.0
2025-07-29 00:00:00-04:00,8.164109735147067,8.164109735147067,8.099388875021411,8.145618438720703,423500,0.0,0.0
2025-07-30 00:00:00-04:00,8.127127429476605,8.136373519897461,8.053160469621186,8.136373519897461,781800,0.0,0.0
2025-07-31 00:00:00-04:00,8.13637276982211,8.182602335908866,8.071651024598395,8.090143203735352,772700,0.0,0.0
2025-08-01 00:00:00-04:00,8.034668448907347,8.0531606301176,7.89598061685337,7.905226707458496,900200,0.0,0.0
2025-08-04 00:00:00-04:00,7.905224622599137,8.00692894716567,7.886732446265858,7.988437652587891,618300,0.0,0.0
2025-08-05 00:00:00-04:00,7.979192030140225,8.053158976279544,7.960699852727619,8.043912887573242,453900,0.0,0.0
2025-08-06 00:00:00-04:00,8.080897100648517,8.099389279754538,8.034667534639096,8.053159713745117,431000,0.0,0.0
2025-08-07 00:00:00-04:00,8.117879651552443,8.182601389288697,8.108634444809148,8.12712574005127,753700,0.0,0.0
2025-08-08 00:00:00-04:00,8.164109750494223,8.182601928710938,8.127126275816385,8.182601928710938,603800,0.0,0.0
2025-08-11 00:00:00-04:00,8.201092919607675,8.201092919607675,8.136372061771787,8.154863357543945,595400,0.0,0.0
2025-08-12 00:00:00-04:00,8.16410924763187,8.201092720031738,8.154863159093019,8.201092720031738,610100,0.0,0.0
2025-08-13 00:00:00-04:00,8.201093456834077,8.219585635573152,8.191847367464538,8.210339546203613,593800,0.0,0.0
2025-08-14 00:00:00-04:00,8.191846631492886,8.284305753370326,8.17335533617072,8.201092720031738,464000,0.0,0.0
2025-08-15 00:00:00-04:00,8.215998542703534,8.234629351946777,8.197368621826172,8.197368621826172,447200,0.066,0.0
2025-08-18 00:00:00-04:00,8.18805151061662,8.225312232971191,8.18805151061662,8.225312232971191,265200,0.0,0.0
2025-08-19 00:00:00-04:00,8.225313947325155,8.225313947325155,8.169423296327187,8.197368621826172,426500,0.0,0.0
2025-08-20 00:00:00-04:00,8.206681916524829,8.225311832612475,8.132159587077293,8.169421195983887,433400,0.0,0.0
2025-08-21 00:00:00-04:00,8.122846624801687,8.141476544447926,8.085585897143387,8.132161140441895,445600,0.0,0.0
2025-08-22 00:00:00-04:00,8.132159895757724,8.234627547409021,8.113529978962925,8.215996742248535,293100,0.0,0.0
2025-08-25 00:00:00-04:00,8.215996830291125,8.234627635651258,8.206682315976753,8.225312232971191,305300,0.0,0.0
2025-08-26 00:00:00-04:00,8.225314226105134,8.23462963104248,8.188053494721652,8.23462963104248,532600,0.0,0.0
2025-08-27 00:00:00-04:00,8.206684684807314,8.290520668029785,8.197369279438389,8.290520668029785,405800,0.0,0.0
2025-08-28 00:00:00-04:00,8.281205456538492,8.327780702745267,8.262574647363081,8.318466186523438,595200,0.0,0.0
2025-08-29 00:00:00-04:00,8.337096107332972,8.355726916508383,8.281205456538492,8.318466186523438,546000,0.0,0.0
2025-09-02 00:00:00-04:00,8.225313381562342,8.281204917081796,8.215997977581464,8.25325870513916,587700,0.0,0.0
2025-09-03 00:00:00-04:00,8.281205177307129,8.309150501762089,8.243944448578565,8.281205177307129,472900,0.0,0.0
2025-09-04 00:00:00-04:00,8.27188929816375,8.346410751342773,8.27188929816375,8.346410751342773,537000,0.0,0.0
2025-09-05 00:00:00-04:00,8.355727894279422,8.365042411591219,8.318467159934299,8.327781677246094,436700,0.0,0.0
2025-09-08 00:00:00-04:00,8.36504086587997,8.38367167379288,8.337095542376423,8.374356269836426,351800,0.0,0.0
2025-09-09 00:00:00-04:00,8.383671565207027,8.383671565207027,8.35572624206543,8.35572624206543,335100,0.0,0.0
2025-09-10 00:00:00-04:00,8.40230256866481,8.40230256866481,8.374356356506217,8.383671760559082,361900,0.0,0.0
2025-09-11 00:00:00-04:00,8.420932942111177,8.439563751220703,8.411617537556413,8.439563751220703,375900,0.0,0.0
2025-09-12 00:00:00-04:00,8.439562535015446,8.439562535015446,8.411616325378418,8.411616325378418,387600,0.0,0.0
2025-09-15 00:00:00-04:00,8.436014504195448,8.49231755458822,8.436014504195448,8.454782485961914,410100,0.066,0.0
2025-09-16 00:00:00-04:00,8.492317389284734,8.492317389284734,8.426630349287331,8.445398330688477,374200,0.0,0.0
2025-09-17 00:00:00-04:00,8.454782677515912,8.464166668611751,8.379712538562487,8.40786361694336,389400,0.0,0.0
2025-09-18 00:00:00-04:00,8.426631137511007,8.445399120667703,8.398480057682656,8.436015129089355,397000,0.0,0.0
2025-09-19 00:00:00-04:00,8.445397628627875,8.520467758178711,8.426629648786898,8.520467758178711,457300,0.0,0.0
2025-09-22 00:00:00-04:00,8.520467837797002,8.520467837797002,8.464165687561035,8.464165687561035,400600,0.0,0.0
2025-09-23 00:00:00-04:00,8.482933563704988,8.501701545471455,8.417247417335608,8.454782485961914,407500,0.0,0.0
2025-09-24 00:00:00-04:00,8.464165874714254,8.473548970023359,8.389094847895478,8.41724681854248,313100,0.0,0.0
2025-09-25 00:00:00-04:00,8.39847962584752,8.40786361694336,8.342177469085774,8.40786361694336,382000,0.0,0.0
2025-09-26 00:00:00-04:00,8.407863287853571,8.445398355861135,8.379712210574553,8.389095306396484,468800,0.0,0.0
2025-09-29 00:00:00-04:00,8.398478652410349,8.482932772670843,8.398478652410349,8.464165687561035,415500,0.0,0.0
2025-09-30 00:00:00-04:00,8.492317012212608,8.539236068725586,8.464165936267447,8.539236068725586,578900,0.0,0.0
2025-10-01 00:00:00-04:00,8.520468007594928,8.614306119733627,8.492316931915944,8.595538139343262,633400,0.0,0.0
2025-10-02 00:00:00-04:00,8.623689215022248,8.623689215022248,8.57677105385946,8.595538139343262,561600,0.0,0.0
2025-10-03 00:00:00-04:00,8.595537623824322,8.661223761437936,8.558002560201327,8.623688697814941,582200,0.0,0.0
2025-10-06 00:00:00-04:00,8.63307519043056,8.67061026493608,8.59554011592504,8.661226272583008,663100,0.0,0.0
2025-10-07 00:00:00-04:00,8.679991740702686,8.689375730335062,8.623688697814941,8.623688697814941,755400,0.0,0.0
2025-10-08 00:00:00-04:00,8.633074565990682,8.689377621129884,8.604923485874433,8.679993629455566,380300,0.0,0.0
2025-10-09 00:00:00-04:00,8.679994351793708,8.69876233670419,8.604924201965332,8.604924201965332,317800,0.0,0.0
2025-10-10 00:00:00-04:00,8.595538769583909,8.614306751350375,8.407863426452375,8.454782485961914,663700,0.0,0.0
2025-10-13 00:00:00-04:00,8.520467923349749,8.548618998750394,8.46416577254846,8.529851913452148,316100,0.0,0.0
2025-10-14 00:00:00-04:00,8.464165936267447,8.558003154386835,8.42662997513181,8.539236068725586,482800,0.0,0.0
2025-10-15 00:00:00-04:00,8.592169761657715,8.63943160100839,8.526003727433537,8.592169761657715,424100,0.066,0.0
2025-10-16 00:00:00-04:00,8.573264393973638,8.64888297396335,8.535455103978782,8.582716941833496,601900,0.0,0.0
2025-10-17 00:00:00-04:00,8.573263901731979,8.601621543683375,8.535454613907978,8.563812255859375,461100,0.0,0.0
2025-10-20 00:00:00-04:00,8.601621252958774,8.67723982605096,8.601621252958774,8.658334732055664,418800,0.0,0.0
2025-10-21 00:00:00-04:00,8.658334237552667,8.677239330468236,8.611072406708189,8.639430046081543,295800,0.0,0.0
2025-10-22 00:00:00-04:00,8.686692538914455,8.686692538914455,8.544907922307042,8.592169761657715,864700,0.0,0.0
2025-10-23 00:00:00-04:00,8.582717023427438,8.66778815208576,8.582717023427438,8.620526313781738,447200,0.0,0.0
2025-10-24 00:00:00-04:00,8.64888199844937,8.724500569910006,8.64888199844937,8.686691284179688,360000,0.0,0.0
2025-10-27 00:00:00-04:00,8.743406649693998,8.790668487548828,8.715049907558933,8.790668487548828,539100,0.0,0.0
2025-10-28 00:00:00-04:00,8.79066854380024,8.79066854380024,8.715049963326463,8.724501609802246,347000,0.0,0.0
2025-10-29 00:00:00-04:00,8.752858759316654,8.771762952645345,8.667787635726208,8.705596923828125,472100,0.0,0.0
2025-10-30 00:00:00-04:00,8.648882185058017,8.724500758150203,8.639430539504867,8.658334732055664,508000,0.0,0.0
2025-10-31 00:00:00-04:00,8.705597007311873,8.752858843253627,8.677240266324638,8.743406295776367,572700,0.0,0.0
2025-11-03 00:00:00-05:00,8.76231180148372,8.771763447959504,8.705597415406094,8.724501609802246,440000,0.0,0.0
2025-11-04 00:00:00-05:00,8.648882728927939,8.715049660627765,8.639431082780437,8.677240371704102,467200,0.0,0.0
2025-11-05 00:00:00-05:00,8.63943121960857,8.72450144495071,8.611073576383289,8.648882865905762,696300,0.0,0.0
2025-11-06 00:00:00-05:00,8.62997954502813,8.696145583025844,8.611074447631836,8.611074447631836,369000,0.0,0.0
2025-11-07 00:00:00-05:00,8.60162076169485,8.639430046081543,8.554358930850373,8.639430046081543,399200,0.0,0.0
2025-11-10 00:00:00-05:00,8.686692452350519,8.781216130109927,8.686692452350519,8.762311935424805,363200,0.0,0.0
2025-11-11 00:00:00-05:00,8.762312096303225,8.837930679321289,8.762312096303225,8.837930679321289,359300,0.0,0.0
2025-11-12 00:00:00-05:00,8.837929945787549,8.866286686704607,8.828477398333684,8.847381591796875,292500,0.0,0.0
2025-11-13 00:00:00-05:00,8.837931205597144,8.837931205597144,8.715050775514426,8.752860069274902,492600,0.0,0.0
2025-11-14 00:00:00-05:00,8.682409571201871,8.730010683049,8.434884515929358,8.625288963317871,797300,0.066,0.0
2025-11-17 00:00:00-05:00,8.634808205017263,8.682409315462305,8.54912638779932,8.606247901916504,423500,0.0,0.0
2025-11-18 00:00:00-05:00,8.568166886378414,8.577687289707475,8.453924770176577,8.50152587890625,611300,0.0,0.0
2025-11-19 00:00:00-05:00,8.511044630461997,8.57768654002535,8.453924031311185,8.520565032958984,339100,0.0,0.0
2025-11-20 00:00:00-05:00,8.568167284008215,8.606247991176069,8.368243344398063,8.377763748168945,1231000,0.0,0.0
2025-11-21 00:00:00-05:00,8.425364702777971,8.472964904917825,8.349203289855412,8.444404602050781,531000,0.0,0.0
2025-11-24 00:00:00-05:00,8.492005323352108,8.568166732788086,8.492005323352108,8.568166732788086,483500,0.0,0.0
2025-11-25 00:00:00-05:00,8.596727624992171,8.65384913995154,8.549126513845312,8.615768432617188,328900,0.0,0.0
2025-11-26 00:00:00-05:00,8.663369358736757,8.758570671081543,8.634808147909228,8.758570671081543,611100,0.0,0.0
2025-11-28 00:00:00-05:00,8.806171184224773,8.863292694091797,8.77761088324906,8.863292694091797,512000,0.0,0.0
2025-12-01 00:00:00-05:00,8.80617069338975,8.853771797639832,8.70144899037201,8.749049186706543,454900,0.0,0.0
2025-12-02 00:00:00-05:00,8.796651713481968,8.81569252142735,8.701450397502144,8.787131309509277,514000,0.0,0.0
2025-12-03 00:00:00-05:00,8.73952994788847,8.834731251258464,8.73952994788847,8.76809024810791,462100,0.0,0.0
2025-12-04 00:00:00-05:00,8.806172005721635,8.85377311706543,8.79665160186974,8.85377311706543,358100,0.0,0.0
2025-12-05 00:00:00-05:00,8.85377311706543,8.910893724345437,8.844252713213534,8.85377311706543,459400,0.0,0.0
2025-12-08 00:00:00-05:00,8.853771695640946,8.901372799342644,8.80617059193925,8.815690994262695,411300,0.0,0.0
2025-12-09 00:00:00-05:00,8.787130610804967,8.863292928614788,8.787130610804967,8.806171417236328,334400,0.0,0.0
2025-12-10 00:00:00-05:00,8.796650527162175,8.84425163269043,8.76809022701145,8.84425163269043,409300,0.0,0.0
2025-12-11 00:00:00-05:00,8.806171265587254,8.882332674169897,8.806171265587254,8.872812271118164,419700,0.0,0.0
2025-12-12 00:00:00-05:00,8.86329243806796,8.882332335529918,8.80617092985094,8.84425163269043,320100,0.0,0.0
2025-12-15 00:00:00-05:00,8.840416236137605,8.859592367975528,8.811650666762876,8.830827713012695,404400,0.066,0.0
2025-12-16 00:00:00-05:00,8.850005692439092,8.85959421756577,8.792476370503207,8.802064895629883,399800,0.0,0.0
2025-12-17 00:00:00-05:00,8.830829556597825,8.85959421756577,8.773299320249855,8.802064895629883,288000,0.0,0.0
2025-12-18 00:00:00-05:00,8.850004196166992,8.907534422788316,8.821239540062296,8.850004196166992,397000,0.0,0.0
2025-12-19 00:00:00-05:00,8.869183097701839,8.945889472961426,8.850006046680882,8.945889472961426,357300,0.0,0.0
2025-12-22 00:00:00-05:00,8.9458891893321,8.99383090095238,8.936300664125625,8.955477714538574,299900,0.0,0.0
2025-12-23 00:00:00-05:00,8.9650663661175,9.013007164001465,8.945889315434227,9.013007164001465,295300,0.0,0.0
2025-12-24 00:00:00-05:00,9.01300564602798,9.041771217208177,8.993829512986464,9.032182693481445,246700,0.0,0.0
2025-12-26 00:00:00-05:00,9.05135928241247,9.099300989048862,9.032183148405112,9.080124855041504,417200,0.0,0.0
2025-12-29 00:00:00-05:00,9.06094846191074,9.070536986813861,8.965065956115723,8.965065956115723,929100,0.0,0.0
2025-12-30 00:00:00-05:00,8.993829300611377,9.08971179237874,8.993829300611377,9.070535659790039,461500,0.0,0.0
2025-12-31 00:00:00-05:00,9.108889645868594,9.137654304504395,9.060947938534252,9.137654304504395,1042300,0.0,0.0
2026-01-02 00:00:00-05:00,9.137653847882964,9.156830895623202,9.080124533486183,9.089712142944336,538100,0.0,0.0
2026-01-05 00:00:00-05:00,9.099301852356266,9.195185274726107,9.089713327236865,9.176008224487305,580300,0.0,0.0
2026-01-06 00:00:00-05:00,9.166420178365193,9.310244390676067,9.147243129037323,9.252714157104492,570400,0.0,0.0
2026-01-07 00:00:00-05:00,9.243125808816544,9.28147898999786,9.214360237121582,9.214360237121582,612400,0.0,0.0
2026-01-08 00:00:00-05:00,9.214359462443252,9.271889686584473,9.176006284486402,9.271889686584473,572200,0.0,0.0
2026-01-09 00:00:00-05:00,9.271890773249915,9.32942008972168,9.271890773249915,9.32942008972168,367800,0.0,0.0
2026-01-12 00:00:00-05:00,9.29106567730331,9.358184423517743,9.281478068768571,9.339007377624512,614700,0.0,0.0
2026-01-13 00:00:00-05:00,9.36777294646436,9.377360554999099,9.29106567730331,9.339007377624512,576500,0.0,0.0
2026-01-14 00:00:00-05:00,9.329418713344682,9.339007236146038,9.262300882558906,9.281477928161621,490100,0.0,0.0
2026-01-15 00:00:00-05:00,9.34519636976064,9.34519636976064,9.287271195596514,9.29692554473877,510100,0.066,0.0
2026-01-16 00:00:00-05:00,9.31623361191673,9.31623361191673,9.229347229003906,9.229347229003906,1542100,0.0,0.0
2026-01-20 00:00:00-05:00,9.171421658870278,9.210038134290578,9.103843057057105,9.15211296081543,508300,0.0,0.0
2026-01-21 00:00:00-05:00,9.171421407101988,9.239000007060035,9.15211270957719,9.21969223022461,623100,0.0,0.0
2026-01-22 00:00:00-05:00,9.267963728996529,9.31623363494873,9.258309379530312,9.31623363494873,303900,0.0,0.0
2026-01-23 00:00:00-05:00,9.29692554473877,9.325887671476128,9.277616846454258,9.29692554473877,361800,0.0,0.0
2026-01-26 00:00:00-05:00,9.287271507239522,9.354850112124156,9.267963728996529,9.31623363494873,621100,0.0,0.0
2026-01-27 00:00:00-05:00,9.316232724694892,9.345195770263672,9.316232724694892,9.345195770263672,379900,0.0,0.0
2026-01-28 00:00:00-05:00,9.36450385097943,9.374158199816137,9.325887376321985,9.335541725158691,404900,0.0,0.0
2026-01-29 00:00:00-05:00,9.345196731394815,9.37415885925293,9.24865507761517,9.37415885925293,592600,0.0,0.0
2026-01-30 00:00:00-05:00,9.345196386898103,9.403120640479042,9.325887688578183,9.354849815368652,591800,0.0,0.0
2026-02-02 00:00:00-05:00,9.335541442461773,9.422428737982266,9.325887093917418,9.403120040893555,465900,0.0,0.0
2026-02-03 00:00:00-05:00,9.403120325636875,9.403120325636875,9.296925250501248,9.335541725158691,570900,0.0,0.0
2026-02-04 00:00:00-05:00,9.335542310801426,9.354850088996686,9.229347229003906,9.229347229003906,656600,0.0,0.0
2026-02-05 00:00:00-05:00,9.210037881462211,9.267963053347232,9.15211270957719,9.21969223022461,628900,0.0,0.0
2026-02-06 00:00:00-05:00,9.229346650023064,9.393465976800169,9.219692301186358,9.335541725158691,521400,0.0,0.0
2026-02-09 00:00:00-05:00,9.345196731394815,9.422429686142753,9.306580254020846,9.37415885925293,369000,0.0,0.0
2026-02-10 00:00:00-05:00,9.403120640479042,9.422429338798963,9.354849815368652,9.354849815368652,371200,0.0,0.0
2026-02-11 00:00:00-05:00,9.412774989639002,9.422429338798963,9.335542037738144,9.354849815368652,343500,0.0,0.0
2026-02-12 00:00:00-05:00,9.364504147355742,9.383812845640252,9.2486547197169,9.29692554473877,445700,0.0,0.0
2026-02-13 00:00:00-05:00,9.287271499633789,9.34519667569421,9.229347244262806,9.287271499633789,413600,0.0,0.0
2026-02-17 00:00:00-05:00,9.283384564644445,9.312546769089048,9.19589702426087,9.273663520812988,510300,0.066,0.0
2026-02-18 00:00:00-05:00,9.293104786917546,9.409754521433287,9.293104786917546,9.38059139251709,564300,0.0,0.0
2026-02-19 00:00:00-05:00,9.36115002835461,9.380591186822759,9.322266784368647,9.351428985595703,416400,0.0,0.0
2026-02-20 00:00:00-05:00,9.34170814767851,9.41947463735567,9.34170814767851,9.38059139251709,274000,0.0,0.0
2026-02-23 00:00:00-05:00,9.361150537468829,9.40003378356949,9.293105088555102,9.331988334655762,398500,0.0,0.0
2026-02-24 00:00:00-05:00,9.341707942836797,9.380591186822759,9.31254574160974,9.351428985595703,663300,0.0,0.0
2026-02-25 00:00:00-05:00,9.409754956818343,9.43891716003418,9.390312869974634,9.43891716003418,438900,0.0,0.0
2026-02-26 00:00:00-05:00,9.458356857299805,9.47779894113722,9.380590376049312,9.458356857299805,857400,0.0,0.0
2026-02-27 00:00:00-05:00,9.429195438666257,9.448637524112106,9.361149993705103,9.390312194824219,622600,0.0,0.0
2026-03-02 00:00:00-05:00,9.283383575031289,9.380591221834173,9.244500330900202,9.312545776367188,484900,0.0,0.0
2026-03-03 00:00:00-05:00,9.195895708759906,9.195895708759906,8.99175845275061,9.13757038116455,781400,0.0,0.0
2026-03-04 00:00:00-05:00,9.157012193295957,9.215336592104434,9.137570108993396,9.186174392700195,336900,0.0,0.0
2026-03-05 00:00:00-05:00,9.157013217058283,9.195896462960985,9.059804638776678,9.10840892791748,493000,0.0,0.0
2026-03-06 00:00:00-05:00,9.040363347876285,9.059804507020049,8.943154771008382,9.001480102539062,411300,0.0,0.0
2026-03-09 00:00:00-04:00,8.894549369812012,8.913991453573146,8.768179533562948,8.894549369812012,793500,0.0,0.0
2026-03-10 00:00:00-04:00,8.875108652533271,9.011200464450788,8.84594645249724,8.952875137329102,479600,0.0,0.0
2026-03-11 00:00:00-04:00,8.962596893310547,9.011201181940317,8.913992604680777,8.962596893310547,297100,0.0,0.0
2026-03-12 00:00:00-04:00,8.91399223785986,8.923713280595722,8.807063548914362,8.826504707336426,449200,0.0,0.0
2026-03-13 00:00:00-04:00,8.845946383930002,8.884829626026523,8.72929573059082,8.72929573059082,326900,0.0,0.0
2026-03-16 00:00:00-04:00,8.833100930569817,8.852686033587252,8.744965632207247,8.784136772155762,683900,0.066,0.0
2026-03-17 00:00:00-04:00,8.833100481821555,8.872271619780058,8.774343307927003,8.80372142791748,599000,0.0,0.0
2026-03-18 00:00:00-04:00,8.744964515684604,8.793927733933584,8.705793380737305,8.705793380737305,673400,0.0,0.0
2026-03-19 00:00:00-04:00,8.598072761897376,8.666622954092738,8.53931652163118,8.58828067779541,392400,0.0,0.0
2026-03-20 00:00:00-04:00,8.59807330518838,8.676415586435963,8.36304646144563,8.392424583435059,799500,0.0,0.0
2026-03-23 00:00:00-04:00,8.568695529513288,8.647037813927172,8.441389083862305,8.441389083862305,997600,0.0,0.0
2026-03-24 00:00:00-04:00,8.412010698770306,8.480559962019688,8.392424661319815,8.431595802307129,440100,0.0,0.0
2026-03-25 00:00:00-04:00,8.500144777773336,8.568694031170368,8.451180625098228,8.529522895812988,489700,0.0,0.0
2026-03-26 00:00:00-04:00,8.431595831860356,8.480559991744538,8.323875427246094,8.323875427246094,566000,0.0,0.0
2026-03-27 00:00:00-04:00,8.294497176514495,8.30428926120885,8.118226577224892,8.137812614440918,619200,0.0,0.0
2026-03-30 00:00:00-04:00,8.176982959448813,8.29449636957152,8.079054650723105,8.10843276977539,667700,0.0,0.0
2026-03-31 00:00:00-04:00,8.26511762224474,8.480559349060059,8.235739502106068,8.480559349060059,1079700,0.0,0.0
2026-04-01 00:00:00-04:00,8.519730644310464,8.715586338702295,8.519730644310464,8.66662311553955,827200,0.0,0.0
2026-04-02 00:00:00-04:00,8.578487982074664,8.69600140093565,8.480559666067025,8.63724422454834,687100,0.0,0.0
2026-04-06 00:00:00-04:00,8.627451451139807,8.7057937241245,8.58828031464746,8.6470365524292,584800,0.0,0.0
2026-04-07 00:00:00-04:00,8.598072398335376,8.67641467132007,8.549108244241552,8.6470365524292,475700,0.0,0.0
2026-04-08 00:00:00-04:00,8.862479287781564,8.950614588488403,8.862479287781564,8.901650428771973,550500,0.0,0.0
2026-04-09 00:00:00-04:00,8.882063862649787,9.097505592230545,8.872271778420272,8.989785194396973,868400,0.0,0.0
2026-04-10 00:00:00-04:00,9.02895580278094,9.077919956707282,8.950613530064219,8.970198631286621,444900,0.0,0.0
2026-04-13 00:00:00-04:00,8.960406558319356,9.077920913696289,8.882064277343838,9.077920913696289,446200,0.0,0.0
2026-04-14 00:00:00-04:00,9.146469965278863,9.224812244448879,9.126883928529542,9.215019226074219,421700,0.0,0.0
2026-04-15 00:00:00-04:00,9.240659288876689,9.240659288876689,9.132178033629888,9.181488037109375,408200,0.066,0.0
2026-04-16 00:00:00-04:00,9.21107393830083,9.21107393830083,9.102591739301536,9.13217830657959,385800,0.0,0.0
2026-04-17 00:00:00-04:00,9.181488734178828,9.319555625791489,9.171626544632163,9.191349983215332,491600,0.0,0.0
2026-04-20 00:00:00-04:00,9.171626334217867,9.230797589120034,9.151901955577053,9.161764144897461,490200,0.0,0.0
2026-04-21 00:00:00-04:00,9.161764210154741,9.191349837816558,9.07300638665915,9.082868576049805,484100,0.0,0.0
2026-04-22 00:00:00-04:00,9.14204073918439,9.161764177385006,9.112454171118255,9.122316360473633,338200,0.0,0.0
2026-04-23 00:00:00-04:00,9.122315922947678,9.142040300712411,9.013834666771935,9.063143730163574,384900,0.0,0.0
2026-04-24 00:00:00-04:00,9.06314437356935,9.151902198791504,9.023696555749522,9.151902198791504,342200,0.0,0.0
2026-04-27 00:00:00-04:00,9.122316537409002,9.191349983215332,9.122316537409002,9.191349983215332,365500,0.0,0.0
2026-04-28 00:00:00-04:00,9.122316360473633,9.132178549829012,9.092730732917639,9.122316360473633,370800,0.0,0.0
2026-04-29 00:00:00-04:00,9.122316360473633,9.151901988029627,9.092730732917639,9.122316360473633,446600,0.0,0.0
2026-04-30 00:00:00-04:00,9.211074296227821,9.339279937884223,9.181488668310237,9.270245552062988,870700,0.0,0.0
2026-05-01 00:00:00-04:00,9.309693336486816,9.368865532622584,9.270245519233022,9.309693336486816,445600,0.0,0.0
2026-05-04 00:00:00-04:00,9.25052264877717,9.289970468452779,9.201212639055107,9.211074829101562,443300,0.0,0.0
2026-05-05 00:00:00-04:00,9.260383576084328,9.309692638572432,9.260383576084328,9.29983139038086,388700,0.0,0.0
2026-05-06 00:00:00-04:00,9.368866359437849,9.487209821643205,9.368866359437849,9.467486381530762,478100,0.0,0.0
2026-05-07 00:00:00-04:00,9.487208704435885,9.497070893585859,9.349140877866628,9.359003067016602,538100,0.0,0.0
2026-05-08 00:00:00-04:00,9.398451107884485,9.418175486656171,9.349141101465419,9.388589859008789,343000,0.0,0.0
2026-05-11 00:00:00-04:00,9.388589390910822,9.418175017083117,9.368865013122559,9.368865013122559,335600,0.0,0.0
2026-05-12 00:00:00-04:00,9.319555817105696,9.408313643827398,9.25052236988223,9.260384559631348,467700,0.0,0.0
2026-05-13 00:00:00-04:00,9.28010719409557,9.546380651176532,9.240659379029143,9.368865013122559,394600,0.0,0.0
2026-05-14 00:00:00-04:00,9.378727946677547,9.408313575198909,9.339280128479004,9.339280128479004,412800,0.0,0.0
2026-05-15 00:00:00-04:00,9.255857646048407,9.285651862139286,9.116821759401413,9.146615028381348,605200,0.066,0.0
2026-05-18 00:00:00-04:00,9.156546744779135,9.226064690464053,9.087027851983242,9.16647720336914,645200,0.0,0.0
2026-05-19 00:00:00-04:00,9.166476568331031,9.206202188382834,9.116821437488102,9.186339378356934,519400,0.0,0.0
2026-05-20 00:00:00-04:00,9.196270930839965,9.285651683167995,9.156546257262056,9.255857467651367,352800,0.0,0.0
2026-05-21 00:00:00-04:00,9.255857620378476,9.335306968845257,9.18633967724778,9.325376510620117,376800,0.0,0.0
2026-05-22 00:00:00-04:00,9.335307447571791,9.365101665107927,9.29558277130127,9.29558277130127,336600,0.0,0.0
2026-05-26 00:00:00-04:00,9.355169766726922,9.394894440906,9.345238361404418,9.384963035583496,326100,0.0,0.0
2026-05-27 00:00:00-04:00,9.39489428156056,9.424687549911816,9.345238202901188,9.375031471252441,340400,0.0,0.0
2026-05-28 00:00:00-04:00,9.355170225162862,9.474344253540039,9.345238819353684,9.474344253540039,427100,0.0,0.0
2026-05-29 00:00:00-04:00,9.4842750233846,9.553792965165373,9.474343618241369,9.494206428527832,488200,0.0,0.0
2026-06-01 00:00:00-04:00,9.454482078552246,9.51406861722855,9.434619267586173,9.454482078552246,614300,0.0,0.0
2026-06-02 00:00:00-04:00,9.45448190689286,9.533931255092723,9.434619096287426,9.50413703918457,377400,0.0,0.0
2026-06-03 00:00:00-04:00,9.504137058120731,9.514068463443236,9.375031630260992,9.384963035583496,369100,0.0,0.0
2026-06-04 00:00:00-04:00,9.335306949967077,9.47434378305825,9.325376491762018,9.444550514221191,387600,0.0,0.0
2026-06-05 00:00:00-04:00,9.375031649420407,9.424687729023471,9.245927168407762,9.265789031982422,579100,0.0,0.0
2026-06-08 00:00:00-04:00,9.315445257391316,9.37503179615889,9.28565198800753,9.335307121276855,601400,0.0,0.0
2026-06-09 00:00:00-04:00,9.384963352928951,9.454482245426272,9.216133245181268,9.404826164245605,575400,0.0,0.0
2026-06-10 00:00:00-04:00,9.394894293399812,9.47434364051056,9.315444946289062,9.315444946289062,585600,0.0,0.0
2026-06-11 00:00:00-04:00,9.384962866174131,9.50413688656014,9.31544492439336,9.494206428527832,342700,0.0,0.0
2026-06-12 00:00:00-04:00,9.533931573481059,9.573656248907607,9.484275492420133,9.52400016784668,379100,0.0,0.0
2026-06-15 00:00:00-04:00,9.609999656677246,9.670000076293945,9.609999656677246,9.609999656677246,443400,0.066,0.0
2026-06-16 00:00:00-04:00,9.630000114440918,9.640000343322754,9.579999923706055,9.59000015258789,326300,0.0,0.0
2026-06-17 00:00:00-04:00,9.619999885559082,9.649999618530273,9.479999542236328,9.510000228881836,531900,0.0,0.0
2026-06-18 00:00:00-04:00,9.579999923706055,9.630000114440918,9.470000267028809,9.600000381469727,480600,0.0,0.0
2026-06-22 00:00:00-04:00,9.630000114440918,9.640000343322754,9.5,9.550000190734863,446600,0.0,0.0
2026-06-23 00:00:00-04:00,9.449999809265137,9.510000228881836,9.40999984741211,9.460000038146973,431800,0.0,0.0
2026-06-24 00:00:00-04:00,9.479999542236328,9.569999694824219,9.399999618530273,9.40999984741211,390200,0.0,0.0
2026-06-25 00:00:00-04:00,9.489999771118164,9.5600004196167,9.460000038146973,9.479999542236328,428700,0.0,0.0
2026-06-26 00:00:00-04:00,9.460000038146973,9.539999961853027,9.430000305175781,9.510000228881836,353200,0.0,0.0
2026-06-29 00:00:00-04:00,9.569999694824219,9.65999984741211,9.5600004196167,9.640000343322754,637900,0.0,0.0
2026-06-30 00:00:00-04:00,9.625,9.8100004196167,9.619999885559082,9.8100004196167,689190,0.0,0.0
