Date,Open,High,Low,Close,Volume,Dividends,Stock Splits
2022-01-03 00:00:00-05:00,123.55417500036114,123.85262522739829,119.89389719684053,121.07009887695312,417800,0.0,0.0
2022-01-04 00:00:00-05:00,121.73723232531016,124.23008175859853,121.62311858716197,123.18553924560547,590300,0.0,0.0
2022-01-05 00:00:00-05:00,123.74729191336205,125.49404888693786,121.88643461039749,121.95665740966797,687500,0.0,0.0
2022-01-06 00:00:00-05:00,122.00933162481303,123.51908845453858,121.19301662633791,123.15042877197266,475100,0.0,0.0
2022-01-07 00:00:00-05:00,122.93097698489798,123.44885506168461,121.89520743769525,121.95665740966797,450400,0.0,0.0
2022-01-10 00:00:00-05:00,121.70209359940387,121.89520294186791,119.82367731749542,121.16665649414062,597900,0.0,0.0
2022-01-11 00:00:00-05:00,121.0437665504757,121.06132559756014,118.96346815752614,120.6136703491211,563200,0.0,0.0
2022-01-12 00:00:00-05:00,121.58798916927788,122.71152709097558,120.82432465217803,121.91275787353516,608100,0.0,0.0
2022-01-13 00:00:00-05:00,121.75479241505454,123.65075468840145,121.45634212762975,122.00933837890625,483900,0.0,0.0
2022-01-14 00:00:00-05:00,120.95600629018992,121.75477556624614,119.92902296110171,121.22811126708984,498600,0.0,0.0
2022-01-18 00:00:00-05:00,120.09579925578093,120.85945042778877,118.02427356968245,119.87635803222656,639500,0.0,0.0
2022-01-19 00:00:00-05:00,120.2976894390269,121.08767253895729,117.91016769633605,117.92772674560547,542500,0.0,0.0
2022-01-20 00:00:00-05:00,118.10327990400293,118.744044584663,115.0486615453829,115.42609405517578,567000,0.0,0.0
2022-01-21 00:00:00-05:00,115.38218905091249,116.69883635098444,114.27621014055848,114.61853790283203,555400,0.0,0.0
2022-01-24 00:00:00-05:00,112.91566433565679,118.88446770721147,112.45922288540106,118.4806900024414,915400,0.0,0.0
2022-01-25 00:00:00-05:00,116.27752341264707,117.06750650621818,113.89000168917548,115.56653594970703,745000,0.0,0.0
2022-01-26 00:00:00-05:00,116.74272170894741,118.1208189129495,115.14518329872548,115.89128875732422,956900,0.0,0.0
2022-01-27 00:00:00-05:00,117.4361560531993,118.44559368978297,113.53889128140952,114.01287841796875,587600,0.0,0.0
2022-01-28 00:00:00-05:00,113.74956558044478,114.67122152898091,111.28304802041077,114.39911651611328,625200,0.0,0.0
2022-01-31 00:00:00-05:00,113.5213329392008,116.97972869115033,113.27555984558674,116.94461059570312,1185100,0.0,0.0
2022-02-01 00:00:00-05:00,117.58537894150196,118.0944707410157,115.48752159739152,117.86625671386719,574200,0.0,0.0
2022-02-02 00:00:00-05:00,117.83993888868768,119.12148154745255,116.7427327537837,118.70893096923828,615000,0.0,0.0
2022-02-03 00:00:00-05:00,118.550936108228,118.6738226697371,116.17220051180959,116.53207397460938,439500,0.0,0.0
2022-02-04 00:00:00-05:00,115.58406092317584,116.10195232755886,112.81033437061446,113.95143127441406,507800,0.0,0.0
2022-02-07 00:00:00-05:00,114.10943173063889,114.18842735351996,112.46801572939785,112.53823852539062,558800,0.0,0.0
2022-02-08 00:00:00-05:00,113.22289463793015,115.29442025287749,112.77522598533261,114.21475982666016,477000,0.0,0.0
2022-02-09 00:00:00-05:00,115.03107260971781,117.04993420367622,115.03107260971781,115.95272827148438,425300,0.0,0.0
2022-02-10 00:00:00-05:00,113.80221773457355,114.5132185780074,111.1162591937009,111.81847381591797,743300,0.0,0.0
2022-02-11 00:00:00-05:00,112.16957291015682,113.06489012592382,110.6861481452179,111.20403289794922,503500,0.0,0.0
2022-02-14 00:00:00-05:00,110.98459862930405,112.92445160209802,110.58082756971629,111.52880859375,795800,0.0,0.0
2022-02-15 00:00:00-05:00,113.0824415032045,113.84609259805153,111.98523549629648,113.24043273925781,619200,0.0,0.0
2022-02-16 00:00:00-05:00,112.60843894732912,114.60975498944795,111.98523344724019,114.0743179321289,698600,0.0,0.0
2022-02-17 00:00:00-05:00,114.44300957745327,117.60295566805276,111.97648527466096,112.0115966796875,903000,0.0,0.0
2022-02-18 00:00:00-05:00,112.89813310496307,113.12636058313531,111.02849601462971,111.353271484375,930500,0.0,0.0
2022-02-22 00:00:00-05:00,110.75638598300846,111.116266144215,107.72809946600455,108.48297119140625,915300,0.0,0.0
2022-02-23 00:00:00-05:00,108.40395539564614,109.51871377174,104.16434970289681,104.31356811523438,1178700,0.0,0.0
2022-02-24 00:00:00-05:00,102.0665122775511,106.32367115269483,101.49596369294484,106.08667755126953,962900,0.0,0.0
2022-02-25 00:00:00-05:00,106.1919975673376,108.60585097457046,106.02522009803903,108.36885070800781,618700,0.0,0.0
2022-02-28 00:00:00-05:00,106.77133402368722,107.42087824833209,105.3317999599794,107.22777557373047,922700,0.0,0.0
2022-03-01 00:00:00-05:00,107.1750903266065,108.6321832394027,105.01578952909169,105.56877899169922,766900,0.0,0.0
2022-03-02 00:00:00-05:00,107.26286900538538,110.0892730786993,106.60454532483642,109.650390625,939900,0.0,0.0
2022-03-03 00:00:00-05:00,110.18528744006342,110.85720476078149,108.64695662894496,109.47801208496094,677000,0.895,0.0
2022-03-04 00:00:00-05:00,107.95734244391419,108.45243578515307,106.64003666375164,108.38170623779297,838500,0.0,0.0
2022-03-07 00:00:00-05:00,108.41708325874966,108.63810806036223,104.4740016073983,104.84532165527344,1245700,0.0,0.0
2022-03-08 00:00:00-05:00,105.46417969106717,108.46127502209717,104.62428152094172,105.87970733642578,895900,0.0,0.0
2022-03-09 00:00:00-05:00,107.73632851102059,108.83260962488012,107.10861889158726,107.42689514160156,666000,0.0,0.0
2022-03-10 00:00:00-05:00,106.03883871184544,108.76185856956816,105.20778347385917,108.53199768066406,959100,0.0,0.0
2022-03-11 00:00:00-05:00,109.00942151111843,109.6282881818305,107.46224808919743,107.58602142333984,626200,0.0,0.0
2022-03-14 00:00:00-04:00,108.79722824633596,110.42397402542286,107.51528730643564,107.94849395751953,761600,0.0,0.0
2022-03-15 00:00:00-04:00,108.85913021440766,110.3886247722301,108.65579117914882,110.09687042236328,727900,0.0,0.0
2022-03-16 00:00:00-04:00,110.98096597730748,113.2707795537591,110.98096597730748,113.2265853881836,1097300,0.0,0.0
2022-03-17 00:00:00-04:00,112.21869939878559,113.42106797317732,112.21869939878559,113.20889282226562,1083200,0.0,0.0
2022-03-18 00:00:00-04:00,113.38570044761481,114.53503188315162,110.81296903604837,114.04877471923828,1806600,0.0,0.0
2022-03-21 00:00:00-04:00,114.0487915486196,114.93289070791123,111.95347411284759,113.41223907470703,1124300,0.0,0.0
2022-03-22 00:00:00-04:00,114.26098106179248,114.36706864481408,112.72264365656581,113.30615234375,546900,0.0,0.0
2022-03-23 00:00:00-04:00,112.91713665175236,113.14700430338,111.90926423056904,112.71379089355469,663100,0.0,0.0
2022-03-24 00:00:00-04:00,113.35917699618527,113.93383596090625,112.67841697607365,113.2442398071289,524300,0.0,0.0
2022-03-25 00:00:00-04:00,113.60672418924176,113.84543470217083,112.53696518333577,113.64208221435547,433800,0.0,0.0
2022-03-28 00:00:00-04:00,113.42991365458174,113.77471175310801,111.96230595714937,112.84640502929688,540000,0.0,0.0
2022-03-29 00:00:00-04:00,113.6067322614233,115.33072277667266,113.2884560516633,115.18042755126953,542800,0.0,0.0
2022-03-30 00:00:00-04:00,114.5704167272425,115.18044735837705,113.35036895525712,113.89850616455078,586500,0.0,0.0
2022-03-31 00:00:00-04:00,113.53601634566023,114.08415352649575,111.40534080552106,111.41417694091797,911800,0.0,0.0
2022-04-01 00:00:00-04:00,112.4662250285368,113.1381421096674,110.91020900991738,111.33457946777344,687900,0.0,0.0
2022-04-04 00:00:00-04:00,111.29038752304356,114.72953908057902,110.37976656818729,114.29632568359375,1435200,0.0,0.0
2022-04-05 00:00:00-04:00,113.64207659797172,114.61459086904135,112.00650158425618,112.1921615600586,854900,0.0,0.0
2022-04-06 00:00:00-04:00,111.42301460979226,113.12932623625743,110.79530502375415,112.81989288330078,718200,0.0,0.0
2022-04-07 00:00:00-04:00,112.71380007081576,114.6765080312687,111.38765133021506,114.2256088256836,595200,0.0,0.0
2022-04-08 00:00:00-04:00,114.26981447950621,116.94863380935831,113.39455146954451,116.7187728881836,992200,0.0,0.0
2022-04-11 00:00:00-04:00,116.70106975015807,117.98301062132722,115.3749212302699,115.5163803100586,460700,0.0,0.0
2022-04-12 00:00:00-04:00,116.34744390327486,117.74430857317469,115.91423049914053,116.42700958251953,567400,0.0,0.0
2022-04-13 00:00:00-04:00,116.4093428855599,117.08125343745259,115.33074075601928,116.2767333984375,568600,0.0,0.0
2022-04-14 00:00:00-04:00,116.54195043267309,117.70011810114435,115.70204549115721,115.7639389038086,444400,0.0,0.0
2022-04-18 00:00:00-04:00,115.20694628385885,117.00166629540358,115.20694628385885,115.94075012207031,481300,0.0,0.0
2022-04-19 00:00:00-04:00,116.1087459791712,118.45160339090774,116.09990984394527,118.3101577758789,558700,0.0,0.0
2022-04-20 00:00:00-04:00,119.64513945168682,122.07641211141005,119.64513945168682,121.71392822265625,779200,0.0,0.0
2022-04-21 00:00:00-04:00,122.88093118747221,124.75521684699545,121.73159973029479,122.12060546875,994500,0.0,0.0
2022-04-22 00:00:00-04:00,121.8995938184689,122.12945473851508,117.98302761080386,118.15100860595703,890500,0.0,0.0
2022-04-25 00:00:00-04:00,118.09794636259265,118.84058628696133,115.3483979254437,118.61072540283203,790800,0.0,0.0
2022-04-26 00:00:00-04:00,117.47910154889104,119.85733046496783,117.34647857976056,118.41624450683594,677500,0.0,0.0
2022-04-27 00:00:00-04:00,118.61956777863948,120.29936406581092,118.14216022793067,118.40737915039062,696200,0.0,0.0
2022-04-28 00:00:00-04:00,118.46929201694631,118.97323503295131,115.26000762526829,117.753173828125,816100,0.0,0.0
2022-04-29 00:00:00-04:00,117.26689454386744,118.62840111137496,114.74720691774982,114.97708129882812,1261500,0.0,0.0
2022-05-02 00:00:00-04:00,115.7020449814266,117.22269651371786,113.3945457891936,115.36609649658203,744500,0.0,0.0
2022-05-03 00:00:00-04:00,115.72857389105134,117.01052845689375,114.80028057134821,116.49774932861328,749100,0.0,0.0
2022-05-04 00:00:00-04:00,116.5242886797012,119.68051611812555,115.24234741210269,119.51253509521484,779900,0.0,0.0
2022-05-05 00:00:00-04:00,118.23058150851737,118.96438545881932,113.88081509021593,115.19812774658203,775100,0.0,0.0
2022-05-06 00:00:00-04:00,114.4908352177863,116.39164291602289,112.9613407833083,115.63131713867188,747500,0.0,0.0
2022-05-09 00:00:00-04:00,114.22558189836222,117.88575101996754,114.00455716036606,116.64801788330078,714200,0.0,0.0
2022-05-10 00:00:00-04:00,118.03606526646267,118.40738526737006,114.3847451790659,115.77277374267578,823600,0.0,0.0
2022-05-11 00:00:00-04:00,115.73742003116631,117.11661251176982,114.13720276866398,114.27864837646484,648100,0.0,0.0
2022-05-12 00:00:00-04:00,114.53503210945897,117.37298244305777,113.97804540330492,117.31993865966797,832600,0.0,0.0
2022-05-13 00:00:00-04:00,118.08911460431374,119.70700396724594,117.41719070379737,119.15886688232422,628000,0.0,0.0
2022-05-16 00:00:00-04:00,118.84943605595973,121.05968381559848,117.28459035513835,120.47618865966797,627100,0.0,0.0
2022-05-17 00:00:00-04:00,121.12158003701097,122.46541448331371,120.68836660957413,121.66088104248047,709000,0.0,0.0
2022-05-18 00:00:00-04:00,120.16672684817458,120.16672684817458,115.16272358752884,116.24132537841797,912300,0.0,0.0
2022-05-19 00:00:00-04:00,115.09199844863069,118.3631754585429,114.8798233277489,116.70106506347656,956600,0.0,0.0
2022-05-20 00:00:00-04:00,117.36414502818556,117.36414502818556,110.9986347755604,113.64208221435547,999000,0.0,0.0
2022-05-23 00:00:00-04:00,114.4377916396498,115.50754401457478,113.1293219811807,114.61460876464844,1055600,0.0,0.0
2022-05-24 00:00:00-04:00,114.27865999063967,116.31209088882345,113.10281315774347,115.7551040649414,788600,0.0,0.0
2022-05-25 00:00:00-04:00,114.95056690875774,117.85924696520868,114.49966774123622,117.7354736328125,1083500,0.0,0.0
2022-05-26 00:00:00-04:00,119.35336251391816,120.68834711961011,118.62839487368446,120.27281951904297,635700,0.0,0.0
2022-05-27 00:00:00-04:00,120.90940124131308,123.07545506468647,120.5999746167477,123.04891967773438,630800,0.0,0.0
2022-05-31 00:00:00-04:00,121.58129640086504,122.21784875036799,120.45848691073067,120.88285064697266,1326900,0.0,0.0
2022-06-01 00:00:00-04:00,121.58131202457415,121.83769482788246,119.56556715554309,120.0783462524414,621300,0.0,0.0
2022-06-02 00:00:00-04:00,120.45658367631844,121.80042387920957,119.424222598456,121.7292251586914,562900,0.895,0.0
2022-06-03 00:00:00-04:00,121.37324623836075,122.02291589681019,120.5544813146156,120.99055480957031,494400,0.0,0.0
2022-06-06 00:00:00-04:00,121.72034839245788,124.39913444631799,120.80368679749246,124.29234313964844,721100,0.0,0.0
2022-06-07 00:00:00-04:00,122.92176874074867,125.38697172820488,122.26320436429413,125.3157730102539,660500,0.0,0.0
2022-06-08 00:00:00-04:00,124.74618534408827,125.37806542028596,123.97192142488414,124.11431884765625,457900,0.0,0.0
2022-06-09 00:00:00-04:00,124.14991752448852,126.37482644069799,123.81172702369945,124.23001098632812,809300,0.0,0.0
2022-06-10 00:00:00-04:00,122.12079306842766,122.5479717478845,120.9104421601621,120.97273254394531,838000,0.0,0.0
2022-06-13 00:00:00-04:00,118.50756684177952,118.99704958154246,116.23815674270996,117.12812042236328,919900,0.0,0.0
2022-06-14 00:00:00-04:00,117.67099767746387,118.87245406533808,116.62083348410225,117.86679077148438,881900,0.0,0.0
2022-06-15 00:00:00-04:00,118.43634769227535,119.11271508344889,116.38053411958516,117.84896850585938,772400,0.0,0.0
2022-06-16 00:00:00-04:00,115.81097109287631,115.92665713011046,113.65725395586001,114.19123077392578,832300,0.0,0.0
2022-06-17 00:00:00-04:00,114.01325093209675,115.15240338952762,112.98088977387238,113.22118377685547,1724900,0.0,0.0
2022-06-21 00:00:00-04:00,114.40480982950476,116.62081023773735,113.10545715362403,116.41612243652344,818100,0.0,0.0
2022-06-22 00:00:00-04:00,115.47276598196491,117.4039851784498,115.02778422480897,117.13699340820312,741000,0.0,0.0
2022-06-23 00:00:00-04:00,117.6709836567427,118.72113414520896,116.77212534476227,118.62323760986328,627600,0.0,0.0
2022-06-24 00:00:00-04:00,119.67340635658297,121.81822189133635,118.89914237024941,121.70252227783203,1195500,0.0,0.0
2022-06-27 00:00:00-04:00,122.12082794162788,123.11758300491877,121.26645675897194,122.04962921142578,571300,0.0,0.0
2022-06-28 00:00:00-04:00,122.34328521326361,123.50913524248132,120.2785633449044,120.5455551147461,649900,0.0,0.0
2022-06-29 00:00:00-04:00,120.86594191784808,120.86594191784808,118.41854226944825,118.81902313232422,681800,0.0,0.0
2022-06-30 00:00:00-04:00,117.80449185744487,119.57552452771259,117.06582034913528,118.36517333984375,845500,0.0,0.0
2022-07-01 00:00:00-04:00,118.00025480490005,119.55769089821084,116.83440481638411,118.6766357421875,1008700,0.0,0.0
2022-07-05 00:00:00-04:00,117.37730470896236,120.40317567297102,116.98571853202222,120.35868835449219,684700,0.0,0.0
2022-07-06 00:00:00-04:00,120.61676668489154,121.39993900532083,118.8279447218386,120.41207885742188,842000,0.0,0.0
2022-07-07 00:00:00-04:00,121.03503228599153,123.1798475143207,121.03503228599153,122.78826141357422,773800,0.0,0.0
2022-07-08 00:00:00-04:00,123.01968644836204,123.27778354281581,121.97843048122368,122.04962921142578,567600,0.0,0.0
2022-07-11 00:00:00-04:00,121.70252624381972,123.30446349168452,121.40883661673057,122.4678955078125,562400,0.0,0.0
2022-07-12 00:00:00-04:00,122.414491997754,123.98082299515927,121.18633792333827,121.88050842285156,754200,0.0,0.0
2022-07-13 00:00:00-04:00,121.20416393626114,122.98409141645055,120.56338895701144,122.19202423095703,871000,0.0,0.0
2022-07-14 00:00:00-04:00,120.2963832436535,121.93391307740518,119.78020270436423,121.64913177490234,638600,0.0,0.0
2022-07-15 00:00:00-04:00,122.9840759926379,123.60704781662157,122.04961146677874,123.2955551147461,579000,0.0,0.0
2022-07-18 00:00:00-04:00,123.50913491247343,124.2122136905035,122.57467051040709,122.9306640625,830800,0.0,0.0
2022-07-19 00:00:00-04:00,124.27453356438528,126.34815066567518,123.65156167510196,126.18795013427734,716600,0.0,0.0
2022-07-20 00:00:00-04:00,125.48485994558355,126.9532943641042,125.25347431241386,126.83760833740234,610200,0.0,0.0
2022-07-21 00:00:00-04:00,126.37482853263974,126.95329942852337,125.14667444503667,126.86431121826172,650500,0.0,0.0
2022-07-22 00:00:00-04:00,127.49621603665855,129.2761437335087,127.26483032478546,128.59088134765625,1017100,0.0,0.0
2022-07-25 00:00:00-04:00,129.04468767571677,129.31167940065367,128.1725273820353,128.62640380859375,737600,0.0,0.0
2022-07-26 00:00:00-04:00,127.2914974212549,128.31495016793835,126.28583416981012,127.02450561523438,901700,0.0,0.0
2022-07-27 00:00:00-04:00,129.8634961182526,130.3351757734169,126.48163148178278,130.26397705078125,1112400,0.0,0.0
2022-07-28 00:00:00-04:00,130.3796734694627,133.70814237712636,129.9613894716093,133.1474609375,1111900,0.0,0.0
2022-07-29 00:00:00-04:00,133.26315962823384,136.74290712136457,132.9338638489565,136.04873657226562,2084700,0.0,0.0
2022-08-01 00:00:00-04:00,135.22107180065697,137.17009426093506,134.97188307858886,136.1021270751953,960800,0.0,0.0
2022-08-02 00:00:00-04:00,136.1020867334038,136.1020867334038,133.6902936925987,134.17086791992188,843800,0.0,0.0
2022-08-03 00:00:00-04:00,134.82061366621338,135.27449029097278,133.7526463001009,134.41122436523438,728900,0.0,0.0
2022-08-04 00:00:00-04:00,134.2510141780541,134.9629741925762,133.3432475058416,133.43223571777344,847600,0.0,0.0
2022-08-05 00:00:00-04:00,132.58677203606243,134.6158879379449,132.19518588310848,134.36669921875,684400,0.0,0.0
2022-08-08 00:00:00-04:00,135.27444183869721,136.46698957997387,134.8383548677389,135.18544006347656,616400,0.0,0.0
2022-08-09 00:00:00-04:00,135.19437929240104,136.14663332206533,134.56249913532977,135.33677673339844,925200,0.0,0.0
2022-08-10 00:00:00-04:00,136.9654100160797,138.4783591921855,136.95651526766525,137.90878295898438,803700,0.0,0.0
2022-08-11 00:00:00-04:00,138.83433413620358,140.20487222886044,138.4605510200244,139.37721252441406,1025000,0.0,0.0
2022-08-12 00:00:00-04:00,139.2437073460333,140.7032470703125,139.2437073460333,140.7032470703125,552000,0.0,0.0
2022-08-15 00:00:00-04:00,140.08028044894644,141.92251181967086,139.74210347839397,141.04144287109375,530400,0.0,0.0
2022-08-16 00:00:00-04:00,141.06814957146136,142.6166913900925,140.97025301545992,141.63772583007812,662700,0.0,0.0
2022-08-17 00:00:00-04:00,140.89013457768812,143.58672318465443,140.24935970278852,142.91925048828125,648400,0.0,0.0
2022-08-18 00:00:00-04:00,142.89255267904002,143.68461973561332,141.7355972892741,142.3674774169922,610900,0.0,0.0
2022-08-19 00:00:00-04:00,141.88689972392578,143.3197417589936,141.29062570159874,142.2606964111328,1757100,0.0,0.0
2022-08-22 00:00:00-04:00,140.96132876131674,141.66439400378732,138.4160324178174,139.67977905273438,866000,0.0,0.0
2022-08-23 00:00:00-04:00,139.99127213320665,141.29061133940328,139.51068420123096,140.3828582763672,641400,0.0,0.0
2022-08-24 00:00:00-04:00,139.6797894697654,140.6587548978768,138.6652314714351,139.96458435058594,722800,0.0,0.0
2022-08-25 00:00:00-04:00,140.27604494078366,142.30516066935473,139.87556407483828,142.1449737548828,694000,0.0,0.0
2022-08-26 00:00:00-04:00,142.44759743005187,142.7679849272412,139.14583948101503,139.2081298828125,716400,0.0,0.0
2022-08-29 00:00:00-04:00,138.2736236363475,140.46293980540318,137.32136975980262,139.85775756835938,717300,0.0,0.0
2022-08-30 00:00:00-04:00,139.9734790006604,140.64095172488015,138.54953175708468,139.02122497558594,910600,0.0,0.0
2022-08-31 00:00:00-04:00,139.0212195256772,139.88447172177422,138.22024414015291,138.8432159423828,937700,0.0,0.0
2022-09-01 00:00:00-04:00,138.48071013291099,140.36936872138077,138.18532595653943,140.33355712890625,822500,0.895,0.0
2022-09-02 00:00:00-04:00,141.2107525788535,142.96515187374442,140.23509836649828,140.75425720214844,1455400,0.0,0.0
2022-09-06 00:00:00-04:00,140.79902203521897,141.5598477018085,138.82980771364618,140.87957763671875,1110200,0.0,0.0
2022-09-07 00:00:00-04:00,141.12124526331573,145.3461116494509,141.12124526331573,144.96121215820312,1572500,0.0,0.0
2022-09-08 00:00:00-04:00,144.1735239140181,145.06862242620608,143.5022000298771,144.95225524902344,1327000,0.0,0.0
2022-09-09 00:00:00-04:00,145.31030977372333,146.34862747288682,145.16709071353776,145.72206115722656,971500,0.0,0.0
2022-09-12 00:00:00-04:00,146.35756012349222,147.68231582156602,145.54303081687505,146.0353240966797,925200,0.0,0.0
2022-09-13 00:00:00-04:00,143.89605837352562,144.9343761166212,141.15705860766332,141.37188720703125,1093000,0.0,0.0
2022-09-14 00:00:00-04:00,142.05216496060973,142.25803384313573,138.99987502966394,139.8949737548828,898200,0.0,0.0
2022-09-15 00:00:00-04:00,140.17247246578523,140.4678430399371,137.54087990380955,138.2122039794922,1002700,0.0,0.0
2022-09-16 00:00:00-04:00,137.19177866183136,139.43847143422872,136.66366005986603,138.453857421875,2068200,0.0,0.0
2022-09-19 00:00:00-04:00,137.9883873247223,141.9715728975104,137.9883873247223,141.89996337890625,1037600,0.0,0.0
2022-09-20 00:00:00-04:00,140.59312276971306,141.19283710363788,138.8745216939026,140.6647186279297,720200,0.0,0.0
2022-09-21 00:00:00-04:00,141.69410717116662,143.44849272983024,139.2683840230519,139.27734375,675800,0.0,0.0
2022-09-22 00:00:00-04:00,139.49216235070085,139.49216235070085,137.50504236883404,138.13162231445312,810400,0.0,0.0
2022-09-23 00:00:00-04:00,136.95009333178564,137.36184472000366,134.00522478540108,135.19569396972656,920800,0.0,0.0
2022-09-26 00:00:00-04:00,135.15988341397411,135.92966872676263,133.1638174368361,133.48605346679688,972000,0.0,0.0
2022-09-27 00:00:00-04:00,134.5870255125741,135.39260878615494,132.20605996799688,133.04745483398438,744600,0.0,0.0
2022-09-28 00:00:00-04:00,133.95150712282887,137.6572149768138,133.15486987295185,136.6547088623047,828100,0.0,0.0
2022-09-29 00:00:00-04:00,135.25835393744043,135.30311160037004,133.36074922069113,133.9962615966797,861900,0.0,0.0
2022-09-30 00:00:00-04:00,134.27371915427557,135.64321874710657,132.77890631955543,133.65611267089844,905000,0.0,0.0
2022-10-03 00:00:00-04:00,134.9182001601154,137.9346915509169,134.29163390886222,136.86952209472656,804800,0.0,0.0
2022-10-04 00:00:00-04:00,138.42699007662546,140.25299883025755,138.2390270231789,140.0560760498047,784200,0.0,0.0
2022-10-05 00:00:00-04:00,139.3041779154741,141.9089040579255,138.6686519983207,140.98695373535156,771500,0.0,0.0
2022-10-06 00:00:00-04:00,140.98700228223117,141.8552491813897,139.95764416044443,140.3783416748047,604400,0.0,0.0
2022-10-07 00:00:00-04:00,139.37584353038972,139.37584353038972,137.0306753301138,137.72885131835938,679100,0.0,0.0
2022-10-10 00:00:00-04:00,138.5075531761768,139.16097128695077,137.22755516009425,138.292724609375,560700,0.0,0.0
2022-10-11 00:00:00-04:00,138.65972712092145,141.37187478073585,138.47175040573202,140.33355712890625,1221600,0.0,0.0
2022-10-12 00:00:00-04:00,140.33353912079033,140.77214229453534,138.63285746574772,138.6686553955078,653000,0.0,0.0
2022-10-13 00:00:00-04:00,136.70839027437458,141.14808485023588,135.73273618594118,140.11871337890625,714000,0.0,0.0
2022-10-14 00:00:00-04:00,140.951188425712,141.39873775997586,138.2121886853166,138.28379821777344,907200,0.0,0.0
2022-10-17 00:00:00-04:00,139.6711834748997,142.02529722991375,139.51901834758124,141.64041137695312,845600,0.0,0.0
2022-10-18 00:00:00-04:00,144.2451197370933,145.31924887792582,141.96262945812268,143.77967834472656,854500,0.0,0.0
2022-10-19 00:00:00-04:00,143.19785254096544,144.0123954444445,141.29130204565132,142.29380798339844,868300,0.0,0.0
2022-10-20 00:00:00-04:00,144.78222212320543,144.78222212320543,138.46282716359116,141.30923461914062,1358900,0.0,0.0
2022-10-21 00:00:00-04:00,142.09689929857507,145.32820571241393,141.08543353454417,145.3192596435547,998600,0.0,0.0
2022-10-24 00:00:00-04:00,146.4202490165521,152.7127918722112,146.4202490165521,152.65908813476562,1331600,0.0,0.0
2022-10-25 00:00:00-04:00,152.11305061855532,153.96589752514095,150.4929244193412,153.64366149902344,1441700,0.0,0.0
2022-10-26 00:00:00-04:00,154.31497542852202,154.72672674673836,151.54912435057983,153.31246948242188,995000,0.0,0.0
2022-10-27 00:00:00-04:00,154.40451828643566,156.82128192799036,154.40451828643566,156.62435913085938,1043300,0.0,0.0
2022-10-28 00:00:00-04:00,157.08084293889732,160.79549630402263,156.98238155615783,160.09732055664062,864200,0.0,0.0
2022-10-31 00:00:00-04:00,159.27386478396244,160.94769498152957,158.34295448787768,159.20225524902344,1841600,0.0,0.0
2022-11-01 00:00:00-04:00,159.70349290378448,161.09089848565682,157.94910727072806,160.44642639160156,822500,0.0,0.0
2022-11-02 00:00:00-04:00,159.95413988954368,160.28533570627715,156.70494079589844,156.70494079589844,1101900,0.0,0.0
2022-11-03 00:00:00-04:00,155.5860538142762,159.14854261506454,155.10269289499104,158.4772186279297,802200,0.0,0.0
2022-11-04 00:00:00-04:00,160.25845612538123,160.88503610624875,157.56421410851243,159.50657653808594,599600,0.0,0.0
2022-11-07 00:00:00-05:00,159.64979882805406,161.26097916063776,159.19330342470607,161.1356658935547,680500,0.0,0.0
2022-11-08 00:00:00-05:00,161.6995713392352,163.1138288948881,159.94518557215733,161.6279754638672,692800,0.0,0.0
2022-11-09 00:00:00-05:00,161.18044373157088,162.32616907633346,159.13960594945638,159.667724609375,978000,0.0,0.0
2022-11-10 00:00:00-05:00,163.54348416098884,163.8030567659624,161.40419888397685,163.08697509765625,1092700,0.0,0.0
2022-11-11 00:00:00-05:00,163.41819997656316,164.23272953182612,158.6383618433825,159.2917938232422,1163000,0.0,0.0
2022-11-14 00:00:00-05:00,159.12171345623958,163.05119654204788,158.79947735010415,160.9119110107422,884600,0.0,0.0
2022-11-15 00:00:00-05:00,162.25449970642683,162.98847333252965,159.77507317793584,162.397705078125,921200,0.0,0.0
2022-11-16 00:00:00-05:00,159.6140152748681,163.66881151003864,158.57569744939724,161.02825927734375,937400,0.0,0.0
2022-11-17 00:00:00-05:00,159.9541069690367,160.67018853535865,158.02965056403383,160.58067321777344,883900,0.0,0.0
2022-11-18 00:00:00-05:00,162.28141095880466,162.80951595914536,160.24058684043428,161.7264404296875,786000,0.0,0.0
2022-11-21 00:00:00-05:00,161.8606898699017,164.46543020891372,161.29677335206242,163.1675262451172,621000,0.0,0.0
2022-11-22 00:00:00-05:00,164.30432467770686,165.48586158585678,163.48083546511285,164.68922424316406,722300,0.0,0.0
2022-11-23 00:00:00-05:00,164.6623679941491,165.59326466159163,164.42963358369644,164.62655639648438,575500,0.0,0.0
2022-11-25 00:00:00-05:00,165.16359295371922,166.58679641062736,164.67128600563518,166.57785034179688,404400,0.0,0.0
2022-11-28 00:00:00-05:00,165.6380125359566,166.0318581382456,163.8388554580566,164.00892639160156,828000,0.0,0.0
2022-11-29 00:00:00-05:00,163.74936230243438,164.44753821257981,161.31469268721648,161.61007690429688,1212200,0.0,0.0
2022-11-30 00:00:00-05:00,161.15352231964738,164.09840393066406,159.90038992652458,164.09840393066406,1679700,0.0,0.0
2022-12-01 00:00:00-05:00,164.71459804675771,166.76543406954514,164.1299350593884,166.31568908691406,841900,0.895,0.0
2022-12-02 00:00:00-05:00,165.63205394657743,168.86121908764642,164.45372448522153,168.45645141601562,864500,0.0,0.0
2022-12-05 00:00:00-05:00,166.99027237883885,167.01725597426312,164.78652516006755,166.33364868164062,980800,0.0,0.0
2022-12-06 00:00:00-05:00,166.28866111552932,167.7548337597318,162.69970589584818,164.30079650878906,951900,0.0,0.0
2022-12-07 00:00:00-05:00,164.06695674507225,166.1717735995799,163.64419538253077,164.48072814941406,800000,0.0,0.0
2022-12-08 00:00:00-05:00,165.2632512446528,167.57494653665512,165.08335603606352,166.9722900390625,971800,0.0,0.0
2022-12-09 00:00:00-05:00,166.0008488937128,167.0712439746797,163.65317991637903,163.94100952148438,910400,0.0,0.0
2022-12-12 00:00:00-05:00,160.4959794552024,163.72515869140625,159.47056149785024,163.72515869140625,1116900,0.0,0.0
2022-12-13 00:00:00-05:00,166.22573145395862,166.22573145395862,159.34462568304227,160.1541748046875,1398200,0.0,0.0
2022-12-14 00:00:00-05:00,160.46898247000863,162.7716879967474,159.70442433868246,161.0806427001953,851300,0.0,0.0
2022-12-15 00:00:00-05:00,160.0462226796056,161.13461143890984,159.1557365107553,160.7928009033203,893800,0.0,0.0
2022-12-16 00:00:00-05:00,159.2456666508104,160.18114372005627,157.09588659809387,159.03878784179688,1663600,0.0,0.0
2022-12-19 00:00:00-05:00,159.33563908813647,159.9652792681761,157.31178682899923,158.1932830810547,604800,0.0,0.0
2022-12-20 00:00:00-05:00,158.40915300465957,159.14672752118378,157.58162401594012,157.97740173339844,712100,0.0,0.0
2022-12-21 00:00:00-05:00,158.849935270986,160.630921580647,158.2202813076071,160.0732421875,494300,0.0,0.0
2022-12-22 00:00:00-05:00,158.96686777046386,159.11078946803772,156.01654159584197,157.40176391601562,615600,0.0,0.0
2022-12-23 00:00:00-05:00,157.401711089117,158.84088640645658,156.57418219349384,158.82290649414062,385200,0.0,0.0
2022-12-27 00:00:00-05:00,159.47953896009977,160.33405149654308,158.8588888228029,159.4705352783203,545400,0.0,0.0
2022-12-28 00:00:00-05:00,159.47055503738449,160.43301579856146,157.50967368395584,157.58163452148438,428500,0.0,0.0
2022-12-29 00:00:00-05:00,158.04035980706564,158.74196077388558,157.34774879746755,157.62660217285156,454700,0.0,0.0
2022-12-30 00:00:00-05:00,157.23084532199942,157.23084532199942,154.78423157061758,156.07049560546875,680800,0.0,0.0
2023-01-03 00:00:00-05:00,155.77363147356624,155.77363147356624,151.94181000196227,152.7423553466797,1924400,0.0,0.0
2023-01-04 00:00:00-05:00,152.65242099486903,155.02707353338596,152.49050569274561,154.6582794189453,1133500,0.0,0.0
2023-01-05 00:00:00-05:00,154.3344892623863,154.4424236657403,150.57461408573346,151.6270294189453,995700,0.0,0.0
2023-01-06 00:00:00-05:00,152.95826276608616,154.11859871719304,152.05877285123134,153.66885375976562,1042300,0.0,0.0
2023-01-09 00:00:00-05:00,154.05563582157404,155.64772302946972,153.12015865890095,153.28207397460938,874100,0.0,0.0
2023-01-10 00:00:00-05:00,153.40801021594427,153.80378798093093,151.1952589503949,152.68841552734375,917800,0.0,0.0
2023-01-11 00:00:00-05:00,153.04820106105356,154.00167188457178,152.04976672261725,152.15771484375,1150100,0.0,0.0
2023-01-12 00:00:00-05:00,152.31961153601372,152.61644484060483,150.70052702239227,151.96881103515625,1038800,0.0,0.0
2023-01-13 00:00:00-05:00,151.31218868608832,153.0032340522435,151.20425429254695,152.5175018310547,1075000,0.0,0.0
2023-01-17 00:00:00-05:00,153.06617888165033,153.50693382833123,151.17725852114341,151.60000610351562,798000,0.0,0.0
2023-01-18 00:00:00-05:00,152.040782154376,152.91328848669258,149.21638431603864,149.49522399902344,834700,0.0,0.0
2023-01-19 00:00:00-05:00,149.12643992343976,149.12643992343976,145.0607550365442,145.15069580078125,1024400,0.0,0.0
2023-01-20 00:00:00-05:00,145.54644714124527,145.76232964140885,143.90037910595262,145.48348999023438,1347700,0.0,0.0
2023-01-23 00:00:00-05:00,146.3380101643532,147.45336882683168,145.08771978536032,146.3470001220703,768700,0.0,0.0
2023-01-24 00:00:00-05:00,146.7068118653912,149.98994459281428,145.76234470164042,148.81161499023438,816200,0.0,0.0
2023-01-25 00:00:00-05:00,148.10101979203984,149.88201983543493,147.45338590810124,149.73809814453125,653200,0.0,0.0
2023-01-26 00:00:00-05:00,150.2148010339898,151.28519612360537,149.6481180512226,151.1053009033203,722900,0.0,0.0
2023-01-27 00:00:00-05:00,151.24024298656127,151.24024298656127,148.5507630355751,149.26136779785156,832900,0.0,0.0
2023-01-30 00:00:00-05:00,149.2073898840378,150.88943161491764,149.17140260175464,149.864013671875,662000,0.0,0.0
2023-01-31 00:00:00-05:00,150.34973750092624,150.96139779523955,149.225375079516,150.95240783691406,938800,0.0,0.0
2023-02-01 00:00:00-05:00,150.36773523759578,152.1936987616814,149.07246749683742,151.6270294189453,857800,0.0,0.0
2023-02-02 00:00:00-05:00,151.59998191119408,153.74077170326663,150.79943665934627,153.58786010742188,1178300,0.0,0.0
2023-02-03 00:00:00-05:00,153.3990049077589,153.72282182794288,151.34816898830255,151.37515258789062,847900,0.0,0.0
2023-02-06 00:00:00-05:00,151.18624391525148,152.58944577645693,150.32272768713474,152.17567443847656,1443200,0.0,0.0
2023-02-07 00:00:00-05:00,151.7169819106619,152.46356028354958,149.65715577833603,151.98683166503906,642500,0.0,0.0
2023-02-08 00:00:00-05:00,151.11429009040467,153.3540246881469,150.38570553063172,152.42755126953125,975100,0.0,0.0
2023-02-09 00:00:00-05:00,153.22809172325947,154.2894830909094,151.67196449932354,152.2386474609375,864700,0.0,0.0
2023-02-10 00:00:00-05:00,152.11271684018791,155.93554839501925,151.95080154315372,155.647705078125,940400,0.0,0.0
2023-02-13 00:00:00-05:00,155.62977554102378,159.5605427494922,155.3329421713153,158.12135314941406,1150800,0.0,0.0
2023-02-14 00:00:00-05:00,157.95941213308782,159.77638546191454,157.31177834707287,158.85890197753906,912400,0.0,0.0
2023-02-15 00:00:00-05:00,159.11076015023613,161.7642524816017,159.0387993147087,161.62033081054688,932200,0.0,0.0
2023-02-16 00:00:00-05:00,160.90076332326618,162.32195906191455,160.17217867484166,161.14361572265625,832000,0.0,0.0
2023-02-17 00:00:00-05:00,161.21556432408462,162.56479911876565,160.57693420733955,162.0341033935547,850000,0.0,0.0
2023-02-21 00:00:00-05:00,160.19013384077303,160.5229543970591,156.81704711914062,156.81704711914062,1140200,0.0,0.0
2023-02-22 00:00:00-05:00,157.92342362845312,158.56205367148678,156.12444410985208,156.43026733398438,988300,0.0,0.0
2023-02-23 00:00:00-05:00,157.43773780675053,162.58282184217288,157.43773780675053,161.69232177734375,1476800,0.0,0.0
2023-02-24 00:00:00-05:00,160.89173474974746,162.16900860774356,158.88587635603963,160.84677124023438,1116300,0.0,0.0
2023-02-27 00:00:00-05:00,162.4928277986494,163.140461556321,159.88431285395146,160.41500854492188,1285700,0.0,0.0
2023-02-28 00:00:00-05:00,160.54995895589047,161.51240602239832,158.53509661670907,159.0837860107422,1698000,0.0,0.0
2023-03-01 00:00:00-05:00,157.50065636508037,157.950401227659,152.52647928297083,153.1920928955078,1777000,0.0,0.0
2023-03-02 00:00:00-05:00,152.30568920987784,154.7660268304832,150.92175102355185,154.61224365234375,2607800,0.95,0.0
2023-03-03 00:00:00-05:00,155.20922667287755,155.851452882702,153.99715254392342,155.39918518066406,1280200,0.0,0.0
2023-03-06 00:00:00-05:00,155.39915513781315,157.35295454540253,155.18206171404356,157.03636169433594,1375400,0.0,0.0
2023-03-07 00:00:00-05:00,157.40727760573364,157.54295241508555,153.78008127840127,153.9790802001953,839800,0.0,0.0
2023-03-08 00:00:00-05:00,154.12377733034063,154.5127347069202,152.03430288565698,152.6132049560547,841500,0.0,0.0
2023-03-09 00:00:00-05:00,152.69460274188282,153.2915993561325,149.11265066061154,149.42922973632812,808100,0.0,0.0
2023-03-10 00:00:00-05:00,149.5830063036078,150.41517716874648,147.05031836714826,147.4302215576172,1028000,0.0,0.0
2023-03-13 00:00:00-04:00,145.8201852176883,148.9589109455966,145.2955529311758,146.98703002929688,1466800,0.0,0.0
2023-03-14 00:00:00-04:00,148.41618692738672,149.23931754728576,146.47142731546757,148.1629180908203,1736900,0.0,0.0
2023-03-15 00:00:00-04:00,146.93275304437776,147.8010994201086,144.61714430627308,147.556884765625,1459200,0.0,0.0
2023-03-16 00:00:00-04:00,146.75185204949253,149.1036361893878,145.85635688959425,148.94082641601562,1487200,0.0,0.0
2023-03-17 00:00:00-04:00,148.20812482127823,148.64229793113975,145.1326963042973,146.59805297851562,6637000,0.0,0.0
2023-03-20 00:00:00-04:00,147.40310439899315,149.96292760084089,147.2221862655896,149.022216796875,1236800,0.0,0.0
2023-03-21 00:00:00-04:00,150.39711355911956,151.12074468157806,148.9950808472529,150.0805206298828,1197500,0.0,0.0
2023-03-22 00:00:00-04:00,149.87245961546063,150.39709175814153,147.06839459819366,147.10458374023438,1261700,0.0,0.0
2023-03-23 00:00:00-04:00,147.09554202037262,147.7829977562729,138.35774056445106,139.56076049804688,1929600,0.0,0.0
2023-03-24 00:00:00-04:00,141.17988759272401,142.69950044729154,140.03112376439967,141.9035186767578,1619900,0.0,0.0
2023-03-27 00:00:00-04:00,143.21509456858797,144.50857359294199,142.11156025306875,143.8482666015625,1187300,0.0,0.0
2023-03-28 00:00:00-04:00,144.10153830708592,146.4623763505098,144.0472683891867,145.937744140625,987600,0.0,0.0
2023-03-29 00:00:00-04:00,146.2995608210104,147.02317810058594,144.5085707883507,147.02317810058594,1037500,0.0,0.0
2023-03-30 00:00:00-04:00,149.36595313518777,149.9358011208662,148.21718917326268,148.67849731445312,1021100,0.0,0.0
2023-03-31 00:00:00-04:00,149.26643435488344,151.45540834877212,149.26643435488344,151.3378143310547,799000,0.0,0.0
2023-04-03 00:00:00-04:00,151.22023069866466,152.99312626288886,151.22023069866466,152.21522521972656,837200,0.0,0.0
2023-04-04 00:00:00-04:00,152.19710091357484,152.54082873590468,148.13574634854558,149.1035919189453,721700,0.0,0.0
2023-04-05 00:00:00-04:00,148.92271795883224,148.92271795883224,146.33574598460706,146.67947387695312,745000,0.0,0.0
2023-04-06 00:00:00-04:00,146.4623763340805,147.23123697654094,145.38597695548205,146.7880096435547,859800,0.0,0.0
2023-04-10 00:00:00-04:00,146.72469804781514,149.20311629054285,146.65233355722316,149.04934692382812,719200,0.0,0.0
2023-04-11 00:00:00-04:00,149.36592815982178,150.9759999937184,149.26642871830617,149.5830078125,675800,0.0,0.0
2023-04-12 00:00:00-04:00,149.61014978875858,151.86244790577214,149.32974602281655,150.71368408203125,730200,0.0,0.0
2023-04-13 00:00:00-04:00,150.35187983437555,150.35187983437555,146.95987198190127,148.55184936523438,910900,0.0,0.0
2023-04-14 00:00:00-04:00,148.8413289291115,150.9308038611536,148.37096657404334,149.3116912841797,1037400,0.0,0.0
2023-04-17 00:00:00-04:00,149.5829998378924,151.6815283826662,148.97696283628449,150.42422485351562,1212100,0.0,0.0
2023-04-18 00:00:00-04:00,150.73180283383206,151.8715126530335,150.1529006364749,150.57803344726562,902400,0.0,0.0
2023-04-19 00:00:00-04:00,150.6594029683228,150.6594029683228,149.53778798792052,150.60513305664062,1038400,0.0,0.0
2023-04-20 00:00:00-04:00,150.0805231114527,153.78912404905168,149.97198327202972,152.52276611328125,1296500,0.0,0.0
2023-04-21 00:00:00-04:00,153.78008066811964,153.7891348567851,150.36999165351716,150.62326049804688,934300,0.0,0.0
2023-04-24 00:00:00-04:00,150.58703000106837,151.33779594197173,150.1980864545171,151.23829650878906,653100,0.0,0.0
2023-04-25 00:00:00-04:00,150.92174644482816,151.2383255733483,149.14885087707552,149.37498474121094,703200,0.0,0.0
2023-04-26 00:00:00-04:00,148.3437849472446,149.2844955593462,147.48447919730202,147.81915283203125,663800,0.0,0.0
2023-04-27 00:00:00-04:00,147.90961533218024,151.64533671583044,147.8462912365034,151.60916137695312,983200,0.0,0.0
2023-04-28 00:00:00-04:00,151.57297758136684,152.43228330342055,150.95788643786435,152.24232482910156,766500,0.0,0.0
2023-05-01 00:00:00-04:00,152.58606997139637,155.3720404978274,152.58606997139637,154.60317993164062,965200,0.0,0.0
2023-05-02 00:00:00-04:00,154.5850748095893,155.2001659809812,151.83529361391447,154.6393585205078,1760300,0.0,0.0
2023-05-03 00:00:00-04:00,156.02331835393514,156.6383958097473,155.2182823884662,155.56199645996094,1407100,0.0,0.0
2023-05-04 00:00:00-04:00,155.57106972691767,156.43037571421365,153.57204014613396,154.9559783935547,1761700,0.0,0.0
2023-05-05 00:00:00-04:00,155.54392539395926,157.79620987945455,155.3720614464314,157.1449432373047,821500,0.0,0.0
2023-05-08 00:00:00-04:00,156.8916575966669,157.25348002692857,155.00118198068594,156.13185119628906,1045500,0.0,0.0
2023-05-09 00:00:00-04:00,155.70673953564852,156.72886906153417,154.9469330324617,156.6836395263672,682300,0.0,0.0
2023-05-10 00:00:00-04:00,157.38011275893993,158.21228363655004,155.49867754786368,157.10874938964844,682800,0.0,0.0
2023-05-11 00:00:00-04:00,156.40320401776842,157.19014532206586,154.70267321553953,155.2544403076172,695100,0.0,0.0
2023-05-12 00:00:00-04:00,155.4353777298252,156.22233300392145,153.38209207280704,154.35897827148438,510800,0.0,0.0
2023-05-15 00:00:00-04:00,154.01525400336834,154.38610304601457,151.71772624509754,152.34185791015625,749800,0.0,0.0
2023-05-16 00:00:00-04:00,151.45541382883366,151.45541382883366,149.24834518264282,149.7548828125,720900,0.0,0.0
2023-05-17 00:00:00-04:00,150.1076375626974,150.65036428989353,149.3840065271405,150.47850036621094,617100,0.0,0.0
2023-05-18 00:00:00-04:00,150.25238070095364,150.25238070095364,147.51163945456557,149.04934692382812,621000,0.0,0.0
2023-05-19 00:00:00-04:00,149.1488230209613,150.06239869268072,148.15382868375147,149.040283203125,689100,0.0,0.0
2023-05-22 00:00:00-04:00,149.42021357394356,149.89057587373247,146.92368689223875,147.59304809570312,763900,0.0,0.0
2023-05-23 00:00:00-04:00,146.09152875109808,147.10461793200685,144.90658941295038,145.15081787109375,600000,0.0,0.0
2023-05-24 00:00:00-04:00,145.883456264326,145.883456264326,143.1155803752709,143.20603942871094,552800,0.0,0.0
2023-05-25 00:00:00-04:00,142.80804075059044,143.98392562500092,141.85827590408582,143.41407775878906,676400,0.0,0.0
2023-05-26 00:00:00-04:00,143.25127701581073,143.41410057642963,141.93970335344483,142.2020263671875,758900,0.0,0.0
2023-05-30 00:00:00-04:00,141.71357793381384,142.78093702204157,140.7095429568554,142.64524841308594,931500,0.0,0.0
2023-05-31 00:00:00-04:00,133.69938805070737,135.84313273702685,131.429008948363,134.71246337890625,2550900,0.0,0.0
2023-06-01 00:00:00-04:00,136.8699846866587,137.44349094999384,134.65784544295224,135.84129333496094,1276400,0.95,0.0
2023-06-02 00:00:00-04:00,136.4238982820445,139.74664213654887,136.01424702324167,139.6009979248047,1020300,0.0,0.0
2023-06-05 00:00:00-04:00,139.72845492251892,139.72845492251892,137.4434866911064,138.37203979492188,843500,0.0,0.0
2023-06-06 00:00:00-04:00,138.02608639455656,139.76484341190422,137.8076131463673,138.64512634277344,643600,0.0,0.0
2023-06-07 00:00:00-04:00,138.40844881729487,139.81038385597168,137.71659361178416,139.610107421875,922600,0.0,0.0
2023-06-08 00:00:00-04:00,139.71932650165286,140.38388635432344,138.85450413077754,140.32925415039062,752100,0.0,0.0
2023-06-09 00:00:00-04:00,140.63877624711677,142.57779575317127,139.6556049708953,141.8495330810547,849500,0.0,0.0
2023-06-12 00:00:00-04:00,142.34111343882097,144.11627803163,141.66745517944102,143.95242309570312,994800,0.0,0.0
2023-06-13 00:00:00-04:00,143.66110404876733,145.0903480070164,143.3606894481662,144.86276245117188,879700,0.0,0.0
2023-06-14 00:00:00-04:00,144.97204340294834,146.20101133659426,143.91604276714992,144.48956298828125,716900,0.0,0.0
2023-06-15 00:00:00-04:00,145.52732320016352,147.52097509483914,145.09946120036003,147.15682983398438,794200,0.0,0.0
2023-06-16 00:00:00-04:00,148.80458268832118,148.96843766144295,146.41037760462618,146.9929962158203,1382000,0.0,0.0
2023-06-20 00:00:00-04:00,146.60153361552923,147.02029723039445,144.06168443783233,145.2815399169922,913100,0.0,0.0
2023-06-21 00:00:00-04:00,144.4531330066459,147.6848514757623,144.30748877188992,146.9929962158203,794800,0.0,0.0
2023-06-22 00:00:00-04:00,147.129504475961,147.8850901819788,145.99157670618473,147.01116943359375,592300,0.0,0.0
2023-06-23 00:00:00-04:00,146.76538821595142,146.76538821595142,144.36208507503895,145.35435485839844,1330200,0.0,0.0
2023-06-26 00:00:00-04:00,145.71848326807662,148.74081216231204,145.71848326807662,148.06715393066406,890900,0.0,0.0
2023-06-27 00:00:00-04:00,148.65890567350309,150.93476150472412,148.43132009038098,150.1609649658203,925400,0.0,0.0
2023-06-28 00:00:00-04:00,150.30664469477648,150.998499966333,149.09588755150986,150.33395385742188,776700,0.0,0.0
2023-06-29 00:00:00-04:00,150.25200698510815,151.763178613238,149.73310518034285,151.17144775390625,543900,0.0,0.0
2023-06-30 00:00:00-04:00,152.18191758099934,154.4395625504523,151.12591720034266,154.05722045898438,823600,0.0,0.0
2023-07-03 00:00:00-04:00,153.40175844351995,153.9479693173943,152.1454956587602,152.9283905029297,631600,0.0,0.0
2023-07-05 00:00:00-04:00,152.79185606713767,152.901106594383,151.42634254770627,151.99986267089844,796300,0.0,0.0
2023-07-06 00:00:00-04:00,151.22608160318362,151.9361475947286,149.14140352866787,150.27023315429688,892800,0.0,0.0
2023-07-07 00:00:00-04:00,149.91513272825625,150.870994726497,149.6875471996617,150.5887908935547,926000,0.0,0.0
2023-07-10 00:00:00-04:00,150.58883226833737,153.52923421626303,150.44317415624442,151.91793823242188,708500,0.0,0.0
2023-07-11 00:00:00-04:00,152.46412012329606,154.57612086601193,152.0271597212834,153.6111602783203,673700,0.0,0.0
2023-07-12 00:00:00-04:00,154.7490962887586,155.27709650230733,153.43820112280613,154.53060913085938,755500,0.0,0.0
2023-07-13 00:00:00-04:00,153.52010537890743,153.88423669627846,149.96066410512034,149.99708557128906,999900,0.0,0.0
2023-07-14 00:00:00-04:00,149.81503038974864,151.36260943288272,149.30522706276957,151.06219482421875,1161000,0.0,0.0
2023-07-17 00:00:00-04:00,150.65257868792352,152.30939474174778,150.47049908336658,151.72677612304688,702700,0.0,0.0
2023-07-18 00:00:00-04:00,152.13638954935408,153.4017646977236,151.5082511860052,152.27294921875,905000,0.0,0.0
2023-07-19 00:00:00-04:00,152.7372441504104,153.70220485540327,151.85421092624392,153.00125122070312,997500,0.0,0.0
2023-07-20 00:00:00-04:00,146.21010840361456,146.8200362072348,140.81177019520328,141.25784301757812,2260700,0.0,0.0
2023-07-21 00:00:00-04:00,141.1030471502544,143.77034324496836,140.08346828684432,142.29559326171875,1485400,0.0,0.0
2023-07-24 00:00:00-04:00,142.8053832691216,143.75214698100788,141.99517922816983,143.42442321777344,904300,0.0,0.0
2023-07-25 00:00:00-04:00,142.96928580069007,144.0616939720968,141.59465979910811,143.67935180664062,691900,0.0,0.0
2023-07-26 00:00:00-04:00,143.196865458317,144.35300422123387,143.1058256600188,143.80679321289062,648400,0.0,0.0
2023-07-27 00:00:00-04:00,143.85231701648578,144.06169188938694,141.3943951936741,141.8404541015625,1134800,0.0,0.0
2023-07-28 00:00:00-04:00,142.8053909819006,143.3242927561806,141.62195711420705,142.31381225585938,669800,0.0,0.0
2023-07-31 00:00:00-04:00,142.86914858087627,143.114944935659,140.8572856226983,141.75852966308594,1703900,0.0,0.0
2023-08-01 00:00:00-04:00,141.97698048402358,142.98746091624278,141.3761512776835,142.71435546875,945300,0.0,0.0
2023-08-02 00:00:00-04:00,142.34114804009465,142.92376666066204,141.12129247370726,141.4217071533203,800900,0.0,0.0
2023-08-03 00:00:00-04:00,141.35795747861025,142.4867869811469,140.34747692533355,141.731201171875,931300,0.0,0.0
2023-08-04 00:00:00-04:00,142.33200870754672,143.37889668259209,141.47628481594182,141.55821228027344,660800,0.0,0.0
2023-08-07 00:00:00-04:00,142.38663534935876,143.0967011965575,141.95877337851846,142.44125366210938,743400,0.0,0.0
2023-08-08 00:00:00-04:00,141.3579528969023,141.97699289136506,139.21864291042849,141.43988037109375,1034100,0.0,0.0
2023-08-09 00:00:00-04:00,141.61285393606983,142.90553840794118,141.14858433759832,142.47767639160156,1213100,0.0,0.0
2023-08-10 00:00:00-04:00,141.67655793135134,143.852275186121,141.40345249918258,142.1681365966797,952600,0.0,0.0
2023-08-11 00:00:00-04:00,142.50497427205497,144.3802910353862,142.24098112300783,143.82498168945312,696500,0.0,0.0
2023-08-14 00:00:00-04:00,143.19685134393563,143.73394998507547,141.90416690170954,143.0511932373047,1067300,0.0,0.0
2023-08-15 00:00:00-04:00,142.82359368085108,142.9146334612685,140.7753236379415,140.90277099609375,862200,0.0,0.0
2023-08-16 00:00:00-04:00,141.70387044059214,143.51544253178926,141.5673107759148,142.42303466796875,898100,0.0,0.0
2023-08-17 00:00:00-04:00,142.5687045661659,143.45173768617283,140.43850697161594,140.47491455078125,565300,0.0,0.0
2023-08-18 00:00:00-04:00,139.50997567874865,142.05893722949028,139.50997567874865,140.98472595214844,646200,0.0,0.0
2023-08-21 00:00:00-04:00,140.81172824124678,141.28511008612142,139.145814198704,140.08346557617188,776900,0.0,0.0
2023-08-22 00:00:00-04:00,139.86498342423658,140.3929835987273,139.05477937336917,139.3916015625,542100,0.0,0.0
2023-08-23 00:00:00-04:00,139.26418500206856,140.6843170106333,139.26418500206856,140.5204620361328,630000,0.0,0.0
2023-08-24 00:00:00-04:00,140.11081081324144,140.83908755658382,138.78170471483733,138.86363220214844,544700,0.0,0.0
2023-08-25 00:00:00-04:00,139.6283288685969,140.42032235190354,138.7543940081676,139.3188018798828,666200,0.0,0.0
2023-08-28 00:00:00-04:00,139.2277746591541,140.6661173777598,138.9273599877944,139.70115661621094,549400,0.0,0.0
2023-08-29 00:00:00-04:00,139.7466579326894,141.15769144203514,138.89094773810356,141.1030731201172,780500,0.0,0.0
2023-08-30 00:00:00-04:00,140.84816788033228,143.31518784160176,140.6752006133098,141.76760864257812,517100,0.0,0.0
2023-08-31 00:00:00-04:00,141.85866994965716,142.14087389519406,139.89232686429014,139.9469451904297,996500,0.0,0.0
2023-09-01 00:00:00-04:00,140.920978093009,141.19408353649186,139.94690525242146,141.17587280273438,575300,0.0,0.0
2023-09-05 00:00:00-04:00,140.65697481174394,140.65697481174394,138.26278416095695,138.68153381347656,892800,0.0,0.0
2023-09-06 00:00:00-04:00,138.144428516222,138.9273233619592,137.46167186787164,138.17173767089844,824500,0.0,0.0
2023-09-07 00:00:00-04:00,137.96107406425728,138.49238593151983,136.88925266573165,138.33665466308594,1055800,0.95,0.0
2023-09-08 00:00:00-04:00,138.16259699850616,138.56565872005726,137.03581338920384,137.40225219726562,694000,0.0,0.0
2023-09-11 00:00:00-04:00,137.76869177573903,138.04351741665363,135.945695203278,136.2296905517578,698100,0.0,0.0
2023-09-12 00:00:00-04:00,136.13809133524853,136.1564167740494,134.2967831148654,134.91970825195312,892600,0.0,0.0
2023-09-13 00:00:00-04:00,135.3410949867615,136.63275173055953,135.17619401163475,136.00982666015625,684600,0.0,0.0
2023-09-14 00:00:00-04:00,136.66024857752097,137.66793804610776,136.25718676830058,137.5946502685547,566300,0.0,0.0
2023-09-15 00:00:00-04:00,137.68623251530929,137.68623251530929,136.23883068518225,136.339599609375,932400,0.0,0.0
2023-09-18 00:00:00-04:00,136.220505244617,137.07246323606714,135.50596704699356,135.6433868408203,483500,0.0,0.0
2023-09-19 00:00:00-04:00,135.10289046710858,136.42204220124,134.15933326415285,136.0739288330078,797000,0.0,0.0
2023-09-20 00:00:00-04:00,136.6235958433302,138.00686579151233,135.84492552801342,136.7335205078125,796300,0.0,0.0
2023-09-21 00:00:00-04:00,136.10145379363573,136.1564161315648,133.3898619706839,133.41734313964844,780500,0.0,0.0
2023-09-22 00:00:00-04:00,133.270753274413,134.93801856302247,133.16082861035966,134.0677490234375,569800,0.0,0.0
2023-09-25 00:00:00-04:00,133.8387302663312,135.5151373094831,133.8387302663312,134.65403747558594,732900,0.0,0.0
2023-09-26 00:00:00-04:00,133.95779248007568,134.3150615687189,130.8614650379046,130.99887084960938,850200,0.0,0.0
2023-09-27 00:00:00-04:00,131.68592721136108,131.91494621520692,129.78048742197836,130.3667755126953,1074600,0.0,0.0
2023-09-28 00:00:00-04:00,130.4858853935518,131.40196151793427,129.6980593674544,131.237060546875,1018900,0.0,0.0
2023-09-29 00:00:00-04:00,132.61117620817862,133.3806907846588,131.80503871494162,132.26307678222656,994000,0.0,0.0
2023-10-02 00:00:00-04:00,131.548568103557,133.87539585830345,130.91647319201834,132.99595642089844,1329000,0.0,0.0
2023-10-03 00:00:00-04:00,132.79441649925283,132.79441649925283,127.94836541299993,128.77284240722656,1419500,0.0,0.0
2023-10-04 00:00:00-04:00,128.9926767058975,131.48440487992724,128.41554427509868,131.00804138183594,999200,0.0,0.0
2023-10-05 00:00:00-04:00,131.1271209397126,131.7775410643057,130.2202006477841,130.7148895263672,691700,0.0,0.0
2023-10-06 00:00:00-04:00,130.38510206170426,132.83102336630543,129.8354508564904,131.96990966796875,810400,0.0,0.0
2023-10-09 00:00:00-04:00,132.29968462546722,134.74560569028273,132.0523402095483,134.37918090820312,1231100,0.0,0.0
2023-10-10 00:00:00-04:00,134.8189242956801,136.1197507414294,134.5257871985738,135.24948120117188,1080200,0.0,0.0
2023-10-11 00:00:00-04:00,135.49684101059648,135.789978140883,133.69216968625472,134.4525146484375,871400,0.0,0.0
2023-10-12 00:00:00-04:00,134.36090118334718,135.89991654369396,133.3532257007263,134.91970825195312,1092700,0.0,0.0
2023-10-13 00:00:00-04:00,135.38688620465678,136.00066951758137,133.7745972348854,134.6998291015625,769200,0.0,0.0
2023-10-16 00:00:00-04:00,136.11973690127604,137.75952085841226,135.93652448693638,137.12742614746094,986400,0.0,0.0
2023-10-17 00:00:00-04:00,136.46786607640533,138.24505605554413,135.93654022854435,137.6038055419922,813800,0.0,0.0
2023-10-18 00:00:00-04:00,137.04498150172572,137.7045573703537,135.90904217726393,136.24798583984375,910700,0.0,0.0
2023-10-19 00:00:00-04:00,130.33931055929048,131.76838708449264,119.00745331281283,119.19982147216797,2671200,0.0,0.0
2023-10-20 00:00:00-04:00,119.63954036134582,122.1587495544367,117.6150060957579,117.83486938476562,1873000,0.0,0.0
2023-10-23 00:00:00-04:00,117.46844473615663,118.7692712353528,116.20426212288089,117.49592590332031,1770700,0.0,0.0
2023-10-24 00:00:00-04:00,118.41200223623551,118.97997897417932,117.50509576224162,117.9814453125,1429100,0.0,0.0
2023-10-25 00:00:00-04:00,117.86236469023548,118.86088437180548,116.92796307260367,117.65165710449219,974000,0.0,0.0
2023-10-26 00:00:00-04:00,117.87151304539996,118.76010800278884,116.75389905730697,118.10968780517578,1260700,0.0,0.0
2023-10-27 00:00:00-04:00,118.14633080820234,118.62269427423591,115.92026569847165,116.45159149169922,889100,0.0,0.0
2023-10-30 00:00:00-04:00,116.87299300140195,117.724937082982,115.74621629922756,116.81802368164062,973100,0.0,0.0
2023-10-31 00:00:00-04:00,116.9646002632942,118.60437737055584,116.74474394959783,118.04557037353516,2163400,0.0,0.0
2023-11-01 00:00:00-04:00,118.01808137926196,118.35702505099633,116.93711134072687,117.97227478027344,1051200,0.0,0.0
2023-11-02 00:00:00-04:00,118.70513985763267,119.85939068368849,117.18445021347146,119.72198486328125,1251000,0.0,0.0
2023-11-03 00:00:00-04:00,121.49917676173793,123.27636661975599,121.36175696077697,122.77252197265625,842400,0.0,0.0
2023-11-06 00:00:00-05:00,122.56182087565651,123.1664344840878,121.79232027122357,122.46105194091797,940000,0.0,0.0
2023-11-07 00:00:00-05:00,122.51602925281169,124.28404951161014,122.112953510562,124.16495513916016,1016600,0.0,0.0
2023-11-08 00:00:00-05:00,124.17411773542146,124.21075462888568,122.76335271834016,123.17559814453125,1025800,0.0,0.0
2023-11-09 00:00:00-05:00,123.77105648229944,124.36650042361754,123.14811739490472,123.70692443847656,874800,0.0,0.0
2023-11-10 00:00:00-05:00,124.02753531628292,125.08101717796191,123.24886508585155,124.73291778564453,735600,0.0,0.0
2023-11-13 00:00:00-05:00,124.0825120762953,124.696281421163,123.1114735910356,124.02754974365234,767500,0.0,0.0
2023-11-14 00:00:00-05:00,125.91466542224977,127.12389266324061,125.91466542224977,126.65668487548828,952100,0.0,0.0
2023-11-15 00:00:00-05:00,126.95899154122078,127.82010536733173,126.05208508972287,126.2994155883789,792100,0.0,0.0
2023-11-16 00:00:00-05:00,125.56655094016077,126.69332056827419,125.12682437164867,125.93297576904297,1042100,0.0,0.0
2023-11-17 00:00:00-05:00,126.92234744327334,127.27961656593898,125.30088881969291,125.87802124023438,1481400,0.0,0.0
2023-11-20 00:00:00-05:00,125.74977894092329,126.35437858569618,124.5863582987923,125.82306671142578,709500,0.0,0.0
2023-11-21 00:00:00-05:00,125.37416881916033,126.60170737194804,125.27339989448603,125.93297576904297,648900,0.0,0.0
2023-11-22 00:00:00-05:00,126.60173077197543,126.63838164856463,125.34671082396451,126.20782470703125,879200,0.0,0.0
2023-11-24 00:00:00-05:00,126.20782367050103,126.79411188718888,125.86886596679688,125.86886596679688,407700,0.0,0.0
2023-11-27 00:00:00-05:00,125.50241710475713,125.50241710475713,123.72522735595703,123.72522735595703,984700,0.0,0.0
2023-11-28 00:00:00-05:00,124.03669736100021,124.2382352196523,122.89160224511869,123.083984375,935000,0.0,0.0
2023-11-29 00:00:00-05:00,123.23057495350254,124.00923134046425,122.46106031821614,122.62596130371094,786600,0.0,0.0
2023-11-30 00:00:00-05:00,123.33636792058653,123.63161435415607,121.58338797517305,122.50601196289062,1837200,0.95,0.0
2023-12-01 00:00:00-05:00,123.1518481500461,124.78489657950503,122.28457933351848,124.27745056152344,1423300,0.0,0.0
2023-12-04 00:00:00-05:00,123.82534167658979,126.98071326304549,123.82534167658979,126.6947021484375,2150800,0.0,0.0
2023-12-05 00:00:00-05:00,126.18728118210934,126.18728118210934,123.45630810441897,123.65928649902344,1325000,0.0,0.0
2023-12-06 00:00:00-05:00,124.54501426587693,126.63013936137105,124.09292345431261,125.93817138671875,1058100,0.0,0.0
2023-12-07 00:00:00-05:00,125.42151288172171,125.72598050097497,123.88995361328125,123.88995361328125,1018700,0.0,0.0
2023-12-08 00:00:00-05:00,124.36971121531425,124.99708874351039,122.52446331620908,122.6905288696289,1188300,0.0,0.0
2023-12-11 00:00:00-05:00,124.08370541207783,125.44918497461994,123.81613657138134,125.10781860351562,1055000,0.0,0.0
2023-12-12 00:00:00-05:00,124.960197233784,125.15394039068718,124.14828360604676,125.135498046875,711700,0.0,0.0
2023-12-13 00:00:00-05:00,125.63369200482339,127.2482837942399,124.60957893526856,126.96227264404297,1008400,0.0,0.0
2023-12-14 00:00:00-05:00,128.24473071569145,130.61588105548847,127.77419756320471,129.0474090576172,1258900,0.0,0.0
2023-12-15 00:00:00-05:00,128.2078559444235,129.2042776210866,126.67629650216496,127.68195343017578,2662200,0.0,0.0
2023-12-18 00:00:00-05:00,127.92180047993867,129.01050402278588,127.19293377977407,128.80752563476562,853900,0.0,0.0
2023-12-19 00:00:00-05:00,129.11199590475562,129.61020663600786,127.69114715903335,128.19859313964844,906200,0.0,0.0
2023-12-20 00:00:00-05:00,127.67272208573361,128.82600216216025,126.20573912914323,126.2611083984375,793200,0.0,0.0
2023-12-21 00:00:00-05:00,127.56195723064528,128.02326911513381,126.4548115234971,127.7557144165039,759400,0.0,0.0
2023-12-22 00:00:00-05:00,127.71882659506548,129.09354134819577,127.34978264644789,128.2262725830078,452400,0.0,0.0
2023-12-26 00:00:00-05:00,128.23551497500037,128.68759172551816,127.30365572393306,127.89413452148438,484400,0.0,0.0
2023-12-27 00:00:00-05:00,128.02328123093068,128.77983955058892,127.40512493658989,128.0325164794922,520000,0.0,0.0
2023-12-28 00:00:00-05:00,127.84803309503766,127.9679646594149,126.87003968668893,127.68195343017578,603000,0.0,0.0
2023-12-29 00:00:00-05:00,127.42360157950358,128.11556958154748,126.98996717197272,127.7834243774414,705800,0.0,0.0
2024-01-02 00:00:00-05:00,127.50661003367075,129.84084718896017,127.10065329742523,127.40512084960938,790600,0.0,0.0
2024-01-03 00:00:00-05:00,126.95305796077305,128.0786602777353,125.33846608884961,125.61524200439453,1145500,0.0,0.0
2024-01-04 00:00:00-05:00,124.7387408580185,126.37178900331257,124.55421890489504,125.62446594238281,984400,0.0,0.0
2024-01-05 00:00:00-05:00,124.86790130865441,127.06375045053846,124.73873454019781,126.04885864257812,818500,0.0,0.0
2024-01-08 00:00:00-05:00,126.30720823478593,127.75573453771756,125.48607351419452,127.74651336669922,866000,0.0,0.0
2024-01-09 00:00:00-05:00,126.8699955046367,128.0786445257383,125.76284974424985,126.583984375,912900,0.0,0.0
2024-01-10 00:00:00-05:00,126.89770116228541,127.75574881911598,126.51020076434187,127.01764678955078,787400,0.0,0.0
2024-01-11 00:00:00-05:00,127.0729999371402,127.88491356443407,125.93817635580902,127.71883392333984,904500,0.0,0.0
2024-01-12 00:00:00-05:00,128.54918544751547,129.43489647862927,127.64501799713429,128.06019592285156,699500,0.0,0.0
2024-01-16 00:00:00-05:00,127.75574229244273,129.01051145516345,127.54354272115067,128.9828338623047,988000,0.0,0.0
2024-01-17 00:00:00-05:00,128.34620409710834,129.26882794538656,126.43636597367353,127.30363464355469,734200,0.0,0.0
2024-01-18 00:00:00-05:00,127.11911666514844,129.04739718960707,126.71315990671017,128.65989685058594,760900,0.0,0.0
2024-01-19 00:00:00-05:00,129.02894328273322,132.2304489756662,128.49381979258735,131.09561157226562,1268100,0.0,0.0
2024-01-22 00:00:00-05:00,131.05874342727745,132.92244786922666,130.9572542230593,132.4611358642578,977200,0.0,0.0
2024-01-23 00:00:00-05:00,133.20844338540005,133.71587526865704,131.21557237968221,131.95367431640625,910300,0.0,0.0
2024-01-24 00:00:00-05:00,132.4242109479793,132.46112378876182,130.29295193181426,130.7081298828125,701400,0.0,0.0
2024-01-25 00:00:00-05:00,131.4923553466797,131.9444320242222,130.6527642624968,131.4923553466797,640800,0.0,0.0
2024-01-26 00:00:00-05:00,132.27657417784312,132.27657417784312,131.42776194249006,131.59384155273438,648600,0.0,0.0
2024-01-29 00:00:00-05:00,131.84296742085712,132.56261303344994,130.74505665773498,131.6953582763672,710600,0.0,0.0
2024-01-30 00:00:00-05:00,131.52004435894293,132.34117909552722,130.64355443892302,132.16587829589844,719800,0.0,0.0
2024-01-31 00:00:00-05:00,132.74711718576805,133.06080589981457,128.8905423713608,129.37953186035156,1154500,0.0,0.0
2024-02-01 00:00:00-05:00,129.48103714725553,131.64920898369326,128.58609082141732,131.63075256347656,804600,0.0,0.0
2024-02-02 00:00:00-05:00,131.3355273632884,132.50724966539275,130.0438453623227,131.3632049560547,945800,0.0,0.0
2024-02-05 00:00:00-05:00,130.16377748077338,131.06794493297016,128.60454088543653,129.2965087890625,880400,0.0,0.0
2024-02-06 00:00:00-05:00,128.4200448987187,130.4405938384465,128.16171128870218,130.38523864746094,846100,0.0,0.0
2024-02-07 00:00:00-05:00,130.77274640717573,131.87065727234562,130.3114343522193,131.73226928710938,962800,0.0,0.0
2024-02-08 00:00:00-05:00,130.3759753833112,131.34473325178126,130.27448619560244,131.29859924316406,1255300,0.0,0.0
2024-02-09 00:00:00-05:00,131.3355223668959,132.12897951163418,130.486695960607,132.10128784179688,867100,0.0,0.0
2024-02-12 00:00:00-05:00,132.4334335229478,134.59238423164723,132.3411795762613,133.90963745117188,1113400,0.0,0.0
2024-02-13 00:00:00-05:00,131.94445034066086,132.4888091883552,130.80040561520934,131.39088439941406,1218400,0.0,0.0
2024-02-14 00:00:00-05:00,131.9721057888716,133.00545404642736,131.30782958646606,132.8947296142578,1481600,0.0,0.0
2024-02-15 00:00:00-05:00,124.55421159440694,132.7655576904932,124.55421159440694,132.59027099609375,2619900,0.0,0.0
2024-02-16 00:00:00-05:00,132.01825919883584,133.31916236257695,131.6030812320167,131.87063598632812,1161500,0.0,0.0
2024-02-20 00:00:00-05:00,131.114118225861,133.78050145026182,130.29298329732586,133.1162109375,1146800,0.0,0.0
2024-02-21 00:00:00-05:00,133.43910145640015,134.68463529594223,132.21200995892627,133.28225708007812,1426900,0.0,0.0
2024-02-22 00:00:00-05:00,133.4760102925133,135.3397146850927,132.94088669154993,134.81381225585938,1125100,0.0,0.0
2024-02-23 00:00:00-05:00,134.96141825063688,136.64060044747097,134.79535271193794,136.4376220703125,1332300,0.0,0.0
2024-02-26 00:00:00-05:00,137.31411596765165,137.99686271800363,136.77899241923365,136.9358367919922,1051700,0.0,0.0
2024-02-27 00:00:00-05:00,138.0061070105849,139.16860824480435,137.33259539633977,138.9195098876953,820800,0.0,0.0
2024-02-28 00:00:00-05:00,139.3623751646684,140.82934412643425,139.24242952490866,140.00820922851562,1154700,0.0,0.0
2024-02-29 00:00:00-05:00,140.61185574527394,140.9276395201183,138.02994819517326,138.6243438720703,2080700,1.0,0.0
2024-03-01 00:00:00-05:00,138.23429687023486,138.83798916228824,137.25911253038956,138.57794189453125,1141000,0.0,0.0
2024-03-04 00:00:00-05:00,138.66149560110497,139.85956924286202,138.57791203408917,139.28375244140625,820700,0.0,0.0
2024-03-05 00:00:00-05:00,139.2465933819937,140.32393991804446,138.5128917928359,139.25588989257812,1079500,0.0,0.0
2024-03-06 00:00:00-05:00,139.9617351440932,140.60257085018847,138.83796270221038,139.1537322998047,776000,0.0,0.0
2024-03-07 00:00:00-05:00,140.09177635104615,141.74493994789353,139.74814552058723,140.07321166992188,1080800,0.0,0.0
2024-03-08 00:00:00-05:00,139.9060116363293,140.5747085267303,139.36733835397794,140.20321655273438,1021300,0.0,0.0
2024-03-11 00:00:00-04:00,140.37968108931835,141.70779267328348,140.11035150500328,141.58705139160156,1280000,0.0,0.0
2024-03-12 00:00:00-04:00,142.0049820463903,143.39809834182844,141.33628509085904,143.035888671875,870500,0.0,0.0
2024-03-13 00:00:00-04:00,143.47239565814692,143.87176302111362,142.48792910371057,142.55294799804688,1200200,0.0,0.0
2024-03-14 00:00:00-04:00,142.5622278696813,142.72011267553543,140.67687836773146,141.04837036132812,829200,0.0,0.0
2024-03-15 00:00:00-04:00,140.29609020959603,143.76030195016122,140.29609020959603,142.71083068847656,1693600,0.0,0.0
2024-03-18 00:00:00-04:00,143.03589370028106,143.89963320300348,142.33005318752294,142.5343780517578,988600,0.0,0.0
2024-03-19 00:00:00-04:00,142.81298505330486,144.20610121138458,142.59936370557847,144.02035522460938,804400,0.0,0.0
2024-03-20 00:00:00-04:00,144.4568628075551,144.71692421446,143.20306667366066,144.24325561523438,895000,0.0,0.0
2024-03-21 00:00:00-04:00,144.54045399240047,146.46294697903994,144.27111025771225,146.16575622558594,624100,0.0,0.0
2024-03-22 00:00:00-04:00,146.23076500344482,146.5279699366567,144.64262042756636,144.77264404296875,588700,0.0,0.0
2024-03-25 00:00:00-04:00,144.7726360268345,144.92122431370183,142.5250769870352,142.6643829345703,844700,0.0,0.0
2024-03-26 00:00:00-04:00,142.61792106867242,142.8222458747944,141.22480512048168,141.66131591796875,946000,0.0,0.0
2024-03-27 00:00:00-04:00,142.292880925795,144.196794874895,142.05139840508264,144.1317901611328,754900,0.0,0.0
2024-03-28 00:00:00-04:00,144.40113192492893,144.80049926603346,143.52811018398984,143.89031982421875,954300,0.0,0.0
2024-04-01 00:00:00-04:00,143.80673077288787,144.53115002573227,142.48791587228624,143.28663635253906,733400,0.0,0.0
2024-04-02 00:00:00-04:00,143.44453277471635,144.40113812644245,142.3114637650291,142.83155822753906,847200,0.0,0.0
2024-04-03 00:00:00-04:00,142.48791561017273,143.35165497713533,141.92138115229707,142.20928955078125,703000,0.0,0.0
2024-04-04 00:00:00-04:00,143.08232526314393,143.08232526314393,138.1878394952623,138.2435760498047,806500,0.0,0.0
2024-04-05 00:00:00-04:00,138.59648303545467,139.85029328393367,138.35501466255604,139.30233764648438,613200,0.0,0.0
2024-04-08 00:00:00-04:00,139.6088297563482,140.56543511306532,139.52523201110697,139.69241333007812,582300,0.0,0.0
2024-04-09 00:00:00-04:00,139.831697827656,140.6397005927381,138.3457158938442,139.76669311523438,610200,0.0,0.0
2024-04-10 00:00:00-04:00,138.3085680132949,138.91226017396366,137.30552269673873,137.71417236328125,738500,0.0,0.0
2024-04-11 00:00:00-04:00,137.98352358088377,138.49432152030025,135.23443469303604,135.6988067626953,884000,0.0,0.0
2024-04-12 00:00:00-04:00,134.5471596636617,135.5873627420119,134.18495001420797,135.0208282470703,924800,0.0,0.0
2024-04-15 00:00:00-04:00,137.0176223059296,137.2776695322921,134.01778269156216,134.4357147216797,1177600,0.0,0.0
2024-04-16 00:00:00-04:00,134.36141424534375,135.48520090034668,134.01778344532724,134.24996948242188,1100400,0.0,0.0
2024-04-17 00:00:00-04:00,134.95581770046243,135.4573475054972,133.46983548044167,133.80418395996094,1763200,0.0,0.0
2024-04-18 00:00:00-04:00,144.7726690768307,152.73200052676395,144.7726690768307,148.8126983642578,3914700,0.0,0.0
2024-04-19 00:00:00-04:00,149.5277872237545,151.32025638007514,148.84051154719398,150.81874084472656,3396400,0.0,0.0
2024-04-22 00:00:00-04:00,151.20885532087016,151.88683468335117,149.48139037765523,151.46890258789062,1447200,0.0,0.0
2024-04-23 00:00:00-04:00,151.02306808116282,152.18399812478177,149.4534883947485,151.7382049560547,1113200,0.0,0.0
2024-04-24 00:00:00-04:00,151.450291322151,152.06325159358443,149.73210924855772,150.27078247070312,1161700,0.0,0.0
2024-04-25 00:00:00-04:00,149.6299627424584,150.0850524538852,147.62387208228472,149.5928192138672,1452100,0.0,0.0
2024-04-26 00:00:00-04:00,149.17487807748088,150.5865731273791,148.43189410843945,148.53404235839844,1003700,0.0,0.0
2024-04-29 00:00:00-04:00,149.0541442798323,150.51226513364904,149.0541442798323,149.87142944335938,1055700,0.0,0.0
2024-04-30 00:00:00-04:00,148.9148330776397,148.94269426831926,145.73852979657264,146.00787353515625,1559000,0.0,0.0
2024-05-01 00:00:00-04:00,145.69207855110437,147.80961390897568,145.14412294786354,145.59921264648438,838700,0.0,0.0
2024-05-02 00:00:00-04:00,146.49080813003303,146.49080813003303,144.87480240838033,145.18128967285156,752600,0.0,0.0
2024-05-03 00:00:00-04:00,145.88713150701253,147.01090398264057,145.81283027508084,146.19361877441406,670500,0.0,0.0
2024-05-06 00:00:00-04:00,147.39167271685122,148.3854356177246,144.36397232208054,145.52490234375,913800,0.0,0.0
2024-05-07 00:00:00-04:00,146.01717235197262,146.5094056715379,143.81605301084053,143.8810577392578,1181700,0.0,0.0
2024-05-08 00:00:00-04:00,143.0637467127385,143.95534735764446,142.5808099444463,143.35166931152344,928700,0.0,0.0
2024-05-09 00:00:00-04:00,143.80673086231465,144.54972896535074,143.35165532998153,144.27110290527344,704300,0.0,0.0
2024-05-10 00:00:00-04:00,144.86550083922765,144.86550083922765,143.10089271674462,144.2061004638672,753500,0.0,0.0
2024-05-13 00:00:00-04:00,144.71692436418158,146.37937020441748,144.54974304324915,146.30506896972656,877000,0.0,0.0
2024-05-14 00:00:00-04:00,147.34525576540977,147.34525576540977,143.890326345937,144.4940185546875,678800,0.0,0.0
2024-05-15 00:00:00-04:00,144.88407660993224,145.9707054839255,143.61170175407437,143.96461486816406,557500,0.0,0.0
2024-05-16 00:00:00-04:00,143.71387199559916,144.1596652106513,142.62724306243473,143.11947631835938,602300,0.0,0.0
2024-05-17 00:00:00-04:00,143.8067453370105,143.8067453370105,141.3548612702571,141.99569702148438,581800,0.0,0.0
2024-05-20 00:00:00-04:00,141.94925605792105,142.50650823055238,140.9462106500915,141.10409545898438,561800,0.0,0.0
2024-05-21 00:00:00-04:00,141.0112399940101,141.280569588783,139.43237761657034,140.7140350341797,845200,0.0,0.0
2024-05-22 00:00:00-04:00,140.38895158615276,141.141231986281,138.39214341006823,138.93081665039062,895100,0.0,0.0
2024-05-23 00:00:00-04:00,138.39215674975236,138.39215674975236,135.18799235777666,135.27157592773438,731100,0.0,0.0
2024-05-24 00:00:00-04:00,135.85670477513523,136.21891445782666,134.60289439654292,134.8722381591797,468600,0.0,0.0
2024-05-28 00:00:00-04:00,134.63075636793113,135.36445800087589,131.52874017924375,131.66806030273438,709600,0.0,0.0
2024-05-29 00:00:00-04:00,130.4606954842104,131.47302323448233,129.2347463700557,129.31834411621094,815200,0.0,0.0
2024-05-30 00:00:00-04:00,129.72698697311176,131.04581624788793,129.3926526556619,130.65573120117188,651600,0.0,0.0
2024-05-31 00:00:00-04:00,130.6836006457559,134.13851597983842,130.46997927949042,133.8691864013672,1500300,0.0,0.0
2024-06-03 00:00:00-04:00,134.61216787300245,135.08582224730995,132.74538322115268,133.84130859375,812400,0.0,0.0
2024-06-04 00:00:00-04:00,133.29336969294957,134.4635822668841,133.29336969294957,134.4542999267578,860600,0.0,0.0
2024-06-05 00:00:00-04:00,134.59358615931802,134.8164898332832,132.43890733035943,132.80111694335938,696600,0.0,0.0
2024-06-06 00:00:00-04:00,132.8011335641602,134.33355577137206,132.68967462747312,134.30569458007812,818700,0.0,0.0
2024-06-07 00:00:00-04:00,133.77261242312142,136.85881243681166,133.36113145546187,135.7833251953125,916600,1.0,0.0
2024-06-10 00:00:00-04:00,135.26893893532903,135.4653395539268,132.34172349598254,133.23953247070312,813000,0.0,0.0
2024-06-11 00:00:00-04:00,132.94026088352143,133.08055111984385,131.76189995743832,132.83738708496094,767500,0.0,0.0
2024-06-12 00:00:00-04:00,133.99706173316895,134.30568314651785,133.00574012857652,133.53880310058594,598900,0.0,0.0
2024-06-13 00:00:00-04:00,132.79998587931274,133.16471766408918,130.48066617791878,131.78060913085938,1033600,0.0,0.0
2024-06-14 00:00:00-04:00,129.75123060446805,129.80734100343432,126.11325894616087,127.84339141845703,1159300,0.0,0.0
2024-06-17 00:00:00-04:00,127.84337125374802,131.11661053229412,127.60956844813758,130.83604431152344,975700,0.0,0.0
2024-06-18 00:00:00-04:00,130.86410336598783,132.31368365756128,130.28427695743494,130.3123321533203,777300,0.0,0.0
2024-06-20 00:00:00-04:00,130.05983056546674,132.92157460114234,130.05983056546674,132.257568359375,806700,0.0,0.0
2024-06-21 00:00:00-04:00,132.21082685687054,132.70648774152917,131.46266917676223,132.26693725585938,1589500,0.0,0.0
2024-06-24 00:00:00-04:00,132.51009459326315,133.69781696871613,132.31369393661646,132.84677124023438,640500,0.0,0.0
2024-06-25 00:00:00-04:00,132.41657303726046,132.41657303726046,129.91956041848914,130.08790588378906,640700,0.0,0.0
2024-06-26 00:00:00-04:00,129.20879938300786,129.57353122696335,128.28293503903208,129.1246337890625,603100,0.0,0.0
2024-06-27 00:00:00-04:00,129.1246357679197,129.56417196643443,127.31032349626737,128.49803161621094,872200,0.0,0.0
2024-06-28 00:00:00-04:00,128.02106942634623,129.6950913109137,127.73115621758241,129.35842895507812,1300600,0.0,0.0
2024-07-01 00:00:00-04:00,129.35843524807007,129.7418610398216,125.1406231070739,125.17803955078125,1224600,0.0,0.0
2024-07-02 00:00:00-04:00,124.99097714458108,127.50669767602452,124.7384803830527,127.1700210571289,1025500,0.0,0.0
2024-07-03 00:00:00-04:00,126.18806105454753,126.84272041802976,123.7752283207368,124.73849487304688,645200,0.0,0.0
2024-07-05 00:00:00-04:00,124.19606593660423,124.47663218616051,122.23211645990241,123.86873626708984,1439300,0.0,0.0
2024-07-08 00:00:00-04:00,124.36438658523693,125.2528344083821,123.6162147398864,124.2708740234375,838700,0.0,0.0
2024-07-09 00:00:00-04:00,124.03706067616567,124.2708634660882,122.34433076035685,122.55006408691406,924300,0.0,0.0
2024-07-10 00:00:00-04:00,123.03638171075082,123.95288468008766,122.15728091008086,123.89677429199219,757800,0.0,0.0
2024-07-11 00:00:00-04:00,124.44858759726066,127.73117446738534,124.44858759726066,127.66570281982422,1163500,0.0,0.0
2024-07-12 00:00:00-04:00,128.87212362500404,130.03177653675434,127.60023565036096,129.3303680419922,1017700,0.0,0.0
2024-07-15 00:00:00-04:00,128.69443449759123,132.94028774946435,128.46997863622892,132.07989501953125,1402600,0.0,0.0
2024-07-16 00:00:00-04:00,132.79065802006264,133.92225570512795,131.54682527493225,132.53814697265625,1392900,0.0,0.0
2024-07-17 00:00:00-04:00,132.3230464620445,134.8200588166026,132.10793759746713,134.72653198242188,927900,0.0,0.0
2024-07-18 00:00:00-04:00,133.73519798948638,134.96032234518066,131.10725687166465,131.17271423339844,965800,0.0,0.0
2024-07-19 00:00:00-04:00,131.50940633234936,131.8180277688273,128.52608004992078,129.30230712890625,3266000,0.0,0.0
2024-07-22 00:00:00-04:00,129.83538535789418,130.2375193636912,128.24552901581282,129.40518188476562,1245400,0.0,0.0
2024-07-23 00:00:00-04:00,127.18874624048966,130.24689141413197,125.6830553649232,128.3203582763672,2069300,0.0,0.0
2024-07-24 00:00:00-04:00,128.16136583849482,128.19878228634659,125.98233580261746,126.94560241699219,1269900,0.0,0.0
2024-07-25 00:00:00-04:00,126.74916468803185,131.55614937778935,126.70240127698456,129.0310821533203,1072500,0.0,0.0
2024-07-26 00:00:00-04:00,129.52675796360032,134.2682858448838,129.34906554309114,132.77194213867188,988200,0.0,0.0
2024-07-29 00:00:00-04:00,132.2482213277159,134.0999355376186,131.64968672097007,133.53880310058594,810000,0.0,0.0
2024-07-30 00:00:00-04:00,134.3805137343251,137.83144570824086,134.3618055127056,137.5602264404297,939600,0.0,0.0
2024-07-31 00:00:00-04:00,137.8314294734804,139.23424625567966,136.40055749725235,137.57891845703125,2488100,0.0,0.0
2024-08-01 00:00:00-04:00,138.05588673752808,139.55223051691212,133.17408263827267,134.18411254882812,1113800,0.0,0.0
2024-08-02 00:00:00-04:00,134.08123694562337,134.08123694562337,131.49071196879447,133.28631591796875,1062200,0.0,0.0
2024-08-05 00:00:00-04:00,132.6784233901094,132.6784233901094,128.2922800825866,129.38648986816406,1062200,0.0,0.0
2024-08-06 00:00:00-04:00,129.3864849210264,132.5849057522123,129.20879249648416,130.96697998046875,804800,0.0,0.0
2024-08-07 00:00:00-04:00,131.66838477999673,132.72517805230729,128.18005083510315,128.3390350341797,809400,0.0,0.0
2024-08-08 00:00:00-04:00,128.7598923534988,130.4245816919954,128.35775832101984,129.51742553710938,744200,0.0,0.0
2024-08-09 00:00:00-04:00,129.39583888325095,129.51742092138502,127.54412446419938,128.2922821044922,513600,0.0,0.0
2024-08-12 00:00:00-04:00,128.3857976075308,128.5821982463895,126.54343032710567,126.84270477294922,856800,0.0,0.0
2024-08-13 00:00:00-04:00,127.19810750001722,128.32037268548947,126.49669889419437,127.98369598388672,463500,0.0,0.0
2024-08-14 00:00:00-04:00,128.18005371126335,128.63831236843086,127.78726669234467,128.3016357421875,451700,0.0,0.0
2024-08-15 00:00:00-04:00,129.9195318108819,130.8827981579581,129.04979228728854,129.58285522460938,588600,0.0,0.0
2024-08-16 00:00:00-04:00,129.85411737810642,130.42459694148687,129.32103999436976,129.86346435546875,624100,0.0,0.0
2024-08-19 00:00:00-04:00,130.22819150001342,130.4993965355626,129.1994532199429,129.6951141357422,583900,0.0,0.0
2024-08-20 00:00:00-04:00,129.54546255436549,130.5461311420804,129.2648963335383,130.49002075195312,582700,0.0,0.0
2024-08-21 00:00:00-04:00,131.47199523503207,134.64236070520923,130.92022403917545,134.35244750976562,828400,0.0,0.0
2024-08-22 00:00:00-04:00,133.71649943816772,133.98771868976152,131.69645399999737,132.2014617919922,498000,0.0,0.0
2024-08-23 00:00:00-04:00,133.18343832284614,134.26828680409034,132.4072112683451,132.99639892578125,525000,0.0,0.0
2024-08-26 00:00:00-04:00,133.96903234095006,135.128699608082,132.6410338724019,133.7352294921875,798200,0.0,0.0
2024-08-27 00:00:00-04:00,133.6416826681397,133.89419370271264,132.8748168593285,133.46400451660156,649300,0.0,0.0
2024-08-28 00:00:00-04:00,133.59492968448416,134.24021344511726,132.69712062633977,133.27694702148438,755700,0.0,0.0
2024-08-29 00:00:00-04:00,134.05316542714823,134.26827427037455,132.58489131354884,133.0618438720703,476800,0.0,0.0
2024-08-30 00:00:00-04:00,133.52010343554295,134.12798499114928,132.36978341588414,133.9783477783203,821900,0.0,0.0
2024-09-03 00:00:00-04:00,133.72587867122587,135.08193230102694,132.3604637948196,133.9129180908203,739500,0.0,0.0
2024-09-04 00:00:00-04:00,134.05317024881484,134.82939725877597,130.32168668634182,132.05181884765625,742100,0.0,0.0
2024-09-05 00:00:00-04:00,132.2201555278177,132.69710807190677,126.26285086282243,128.44189453125,1620500,0.0,0.0
2024-09-06 00:00:00-04:00,128.41364498283937,129.80790548710374,126.28457053883722,126.52008819580078,932300,1.0,0.0
2024-09-09 00:00:00-04:00,127.0947414832202,128.91293074668857,125.52148538805957,128.69625854492188,824100,0.0,0.0
2024-09-10 00:00:00-04:00,128.91294585176138,128.9600522598013,126.91576064961359,127.8955078125,726600,0.0,0.0
2024-09-11 00:00:00-04:00,127.17955526816884,127.45274946936236,124.64538257062561,127.2266616821289,775900,0.0,0.0
2024-09-12 00:00:00-04:00,127.23605293412565,128.3477037170345,125.49323094906559,128.31944274902344,669300,0.0,0.0
2024-09-13 00:00:00-04:00,129.1202240300144,129.8644680262419,128.24410506910598,129.3934326171875,874300,0.0,0.0
2024-09-16 00:00:00-04:00,130.30724246074183,131.34351173574558,128.95065818268756,129.3934326171875,756200,0.0,0.0
2024-09-17 00:00:00-04:00,129.97748210539115,131.1833313259391,129.22382274883455,129.3745574951172,529900,0.0,0.0
2024-09-18 00:00:00-04:00,131.32464062603665,132.92617220367816,129.86444264326258,130.0905303955078,489700,0.0,0.0
2024-09-19 00:00:00-04:00,131.5224862771448,131.88989326195164,130.19416318789789,131.0797119140625,528000,0.0,0.0
2024-09-20 00:00:00-04:00,130.5615629200296,130.6463458253082,128.0933425117625,129.08251953125,1358200,0.0,0.0
2024-09-23 00:00:00-04:00,129.18615480120226,129.93979983279,128.22523869861308,129.7608184814453,932200,0.0,0.0
2024-09-24 00:00:00-04:00,129.44050638858383,131.79568310143912,129.12020580560142,131.56959533691406,846500,0.0,0.0
2024-09-25 00:00:00-04:00,132.0406313427274,132.0406313427274,130.04343170529083,130.49563598632812,888300,0.0,0.0
2024-09-26 00:00:00-04:00,131.13624346723233,133.4254828287361,130.74057548342424,133.30300903320312,686400,0.0,0.0
2024-09-27 00:00:00-04:00,134.09432875062626,135.26250149567966,132.8602185370248,133.0580596923828,618200,0.0,0.0
2024-09-30 00:00:00-04:00,133.1522654495005,133.1522654495005,130.8630406144265,131.5884246826172,680700,0.0,0.0
2024-10-01 00:00:00-04:00,131.46596696169178,132.37034676933675,130.01517005692688,131.56016540527344,764900,0.0,0.0
2024-10-02 00:00:00-04:00,130.70289442442478,131.5884288097898,129.89271304537576,130.7311553955078,666300,0.0,0.0
2024-10-03 00:00:00-04:00,129.86444917567013,130.03401499838353,128.41365227645255,128.65859985351562,553400,0.0,0.0
2024-10-04 00:00:00-04:00,129.49704985468088,130.29780135635002,128.3853989099079,128.78106689453125,649600,0.0,0.0
2024-10-07 00:00:00-04:00,128.14986737507246,128.65859356807508,126.99112451856641,127.17012023925781,619800,0.0,0.0
2024-10-08 00:00:00-04:00,126.23745972836,126.52008378182762,125.06928701562683,125.92657470703125,716900,0.0,0.0
2024-10-09 00:00:00-04:00,126.36935925284239,127.1512796348784,125.40844314331095,126.01136779785156,807700,0.0,0.0
2024-10-10 00:00:00-04:00,126.01135501159688,126.7744442526775,125.30480207992889,125.70989990234375,613200,0.0,0.0
2024-10-11 00:00:00-04:00,125.9360109765545,129.76083029693666,125.9360109765545,129.289794921875,864500,0.0,0.0
2024-10-14 00:00:00-04:00,128.97889758391136,131.51306996072964,128.7527954504341,131.36233520507812,1025500,0.0,0.0
2024-10-15 00:00:00-04:00,131.38118925326455,134.00956024347119,131.38118925326455,132.27615356445312,1153900,0.0,0.0
2024-10-16 00:00:00-04:00,133.98128784446553,135.47917671515947,133.3312568015606,134.86683654785156,879700,0.0,0.0
2024-10-17 00:00:00-04:00,134.8291660477579,135.6299319643489,133.94361721054693,135.30963134765625,750400,0.0,0.0
2024-10-18 00:00:00-04:00,135.93136573298722,135.93136573298722,134.19795921284702,134.87625122070312,852000,0.0,0.0
2024-10-21 00:00:00-04:00,135.3472890733017,135.8560152761492,134.21680716399015,134.8291473388672,990100,0.0,0.0
2024-10-22 00:00:00-04:00,113.46298900253137,115.44133588848774,106.20904083745332,106.55760955810547,6715600,0.0,0.0
2024-10-23 00:00:00-04:00,107.40546568493725,109.75121934778784,106.59528443492931,109.50627899169922,2768400,0.0,0.0
2024-10-24 00:00:00-04:00,107.79171978370411,109.14830379118438,106.38803655717044,106.55760955810547,2219400,0.0,0.0
2024-10-25 00:00:00-04:00,106.45399613254337,108.30045396403223,106.45399613254337,107.62216186523438,2138100,0.0,0.0
2024-10-28 00:00:00-04:00,108.95046889665102,112.18177141834563,108.68669027241937,111.49405670166016,3932700,0.0,0.0
2024-10-29 00:00:00-04:00,110.40125530444148,111.65420373307835,109.82659166661999,110.48603820800781,2502000,0.0,0.0
2024-10-30 00:00:00-04:00,111.25853682769876,112.11582452678643,109.2142453432366,109.5345458984375,1532400,0.0,0.0
2024-10-31 00:00:00-04:00,109.28019860106035,110.19400830831646,107.47142462506021,108.05550384521484,2763100,0.0,0.0
2024-11-01 00:00:00-04:00,108.20623670277273,108.82799960160034,106.72718605242719,107.02864837646484,1318700,0.0,0.0
2024-11-04 00:00:00-05:00,107.40548354592728,110.0338616865375,107.37722257464584,109.32730865478516,1216400,0.0,0.0
2024-11-05 00:00:00-05:00,109.30845611444158,109.93022619195645,108.58306487810289,109.8454360961914,1068300,0.0,0.0
2024-11-06 00:00:00-05:00,113.04846794478418,116.39282132978859,112.19118027957079,116.13845825195312,2574200,0.0,0.0
2024-11-07 00:00:00-05:00,116.05369608086134,117.56100781854728,115.2906138984787,115.91238403320312,1696100,0.0,0.0
2024-11-08 00:00:00-05:00,115.66743973389173,116.18558149537691,115.08336049814014,115.31887817382812,1220300,0.0,0.0
2024-11-11 00:00:00-05:00,116.08194032308836,117.36315691232882,114.95145129217887,115.27175903320312,957900,0.0,0.0
2024-11-12 00:00:00-05:00,115.00798471074864,116.02542272033689,114.36737639220365,115.5920639038086,1534900,0.0,0.0
2024-11-13 00:00:00-05:00,115.30002494905622,117.26895632231667,115.0268236012149,116.51529693603516,1438700,0.0,0.0
2024-11-14 00:00:00-05:00,117.74941319457587,119.03062990431374,116.63776949605122,116.67545318603516,1430000,0.0,0.0
2024-11-15 00:00:00-05:00,117.25011496032614,117.71172757706977,115.29060623782225,115.51670837402344,1077400,0.0,0.0
2024-11-18 00:00:00-05:00,115.97832757763203,117.75884067362287,115.7333871765507,116.99576568603516,905800,0.0,0.0
2024-11-19 00:00:00-05:00,115.63917214590276,116.81676045696084,114.16954423367945,114.23548889160156,1053800,0.0,0.0
2024-11-20 00:00:00-05:00,114.62173828678715,114.62173828678715,112.81296430023399,113.76445770263672,1043100,0.0,0.0
2024-11-21 00:00:00-05:00,114.48042111866823,115.65800941978263,113.32167825533168,115.58264923095703,973500,0.0,0.0
2024-11-22 00:00:00-05:00,116.15732088243303,117.81536014943974,115.87469679576441,117.57042694091797,953300,0.0,0.0
2024-11-25 00:00:00-05:00,119.2002042573292,123.0344388977794,119.03063124420716,121.96989440917969,1648800,0.0,0.0
2024-11-26 00:00:00-05:00,121.19738289445209,121.55537433999422,119.96327264779764,120.49083709716797,917500,0.0,0.0
2024-11-27 00:00:00-05:00,120.58503737874047,121.27274489508123,119.25671437639969,119.52050018310547,908000,0.0,0.0
2024-11-29 00:00:00-05:00,119.19076968801305,120.28357503891571,119.01178116065564,119.38861083984375,554500,0.0,0.0
2024-12-02 00:00:00-05:00,120.19877962420497,121.09374378364448,119.21903256410253,120.14225769042969,3119700,0.0,0.0
2024-12-03 00:00:00-05:00,119.87848793813535,120.50967353667747,118.80452799250509,119.99153900146484,924000,0.0,0.0
2024-12-04 00:00:00-05:00,119.39804108447828,120.13285509636137,118.4936540554353,118.59728240966797,796600,0.0,0.0
2024-12-05 00:00:00-05:00,118.5784444211176,118.85164579311699,116.6848802565311,117.4008560180664,1144200,0.0,0.0
2024-12-06 00:00:00-05:00,118.70192214141234,119.30972403771608,116.49863845591872,117.21090698242188,931700,1.0,0.0
2024-12-09 00:00:00-05:00,117.9516585611992,121.16161984677657,117.8566908787033,119.58512878417969,1291100,0.0,0.0
2024-12-10 00:00:00-05:00,119.29072764329183,120.17394086336851,117.03046490330529,119.09129333496094,928300,0.0,0.0
2024-12-11 00:00:00-05:00,119.16728045069935,119.16728045069935,116.64109784054436,116.80254364013672,1473900,0.0,0.0
2024-12-12 00:00:00-05:00,116.66958902004417,116.75506501519077,113.98196057351493,115.6534194946289,937600,0.0,0.0
2024-12-13 00:00:00-05:00,115.53945618431356,116.33719346160517,114.2288774493771,115.12158966064453,936500,0.0,0.0
2024-12-16 00:00:00-05:00,115.05510926690775,115.27353422134142,112.5479246658767,112.6144027709961,1376700,0.0,0.0
2024-12-17 00:00:00-05:00,112.03508673387589,113.63056844919078,111.53175149107729,112.52892303466797,1280300,0.0,0.0
2024-12-18 00:00:00-05:00,112.39596073379992,113.67804250350254,109.71783163320599,109.77481079101562,1280900,0.0,0.0
2024-12-19 00:00:00-05:00,109.82231209865454,111.30382835304114,108.77765301554679,108.85363006591797,1589100,0.0,0.0
2024-12-20 00:00:00-05:00,108.60669620676259,110.80048076207542,107.77097048225521,109.90777587890625,2689400,0.0,0.0
2024-12-23 00:00:00-05:00,109.07205277750683,111.58873636593775,108.6162049758291,110.33514404296875,1134100,0.0,0.0
2024-12-24 00:00:00-05:00,110.25917003077966,111.3893051147461,109.7558347483453,111.3893051147461,346600,0.0,0.0
2024-12-26 00:00:00-05:00,110.47760542309324,111.74069675972576,110.38263772952348,110.68653869628906,884900,0.0,0.0
2024-12-27 00:00:00-05:00,110.15469546633199,111.731186553843,109.7938153689165,111.07589721679688,846200,0.0,0.0
2024-12-30 00:00:00-05:00,110.34464403511325,111.12339067882651,109.53740056365017,109.99325561523438,1295300,0.0,0.0
2024-12-31 00:00:00-05:00,110.26867020367187,111.55075215816157,110.24018062066084,110.88597106933594,880000,0.0,0.0
2025-01-02 00:00:00-05:00,111.45577009014949,112.8613091382504,110.0407321004133,110.2211685180664,1041400,0.0,0.0
2025-01-03 00:00:00-05:00,110.45859339754469,111.32281596321518,109.07204496131668,110.98092651367188,1218100,0.0,0.0
2025-01-06 00:00:00-05:00,111.24684642249383,113.20320832471049,110.9904329408283,111.46527862548828,1076700,0.0,0.0
2025-01-07 00:00:00-05:00,112.30100833495482,113.24120079458078,110.47760258126496,110.74351501464844,848200,0.0,0.0
2025-01-08 00:00:00-05:00,110.17368995620659,110.85746885282866,109.11003308973117,110.66752624511719,941100,0.0,0.0
2025-01-10 00:00:00-05:00,109.43292973049677,110.84796771343777,109.02456218897518,110.07872009277344,1245000,0.0,0.0
2025-01-13 00:00:00-05:00,110.11670462093942,111.52225094938134,109.37594655759192,110.6485366821289,1301500,0.0,0.0
2025-01-14 00:00:00-05:00,110.71502188785412,111.87364652099745,110.2971553655873,111.13288116455078,1208400,0.0,0.0
2025-01-15 00:00:00-05:00,112.73785312830394,113.16521855979191,111.09489124010523,111.47476196289062,1225000,0.0,0.0
2025-01-16 00:00:00-05:00,113.1272292231477,113.94396431327579,111.68369440291544,113.4121322631836,1625900,0.0,0.0
2025-01-17 00:00:00-05:00,112.06358249521247,113.0797519788632,110.7245141756587,112.55741882324219,2448100,0.0,0.0
2025-01-21 00:00:00-05:00,112.55740978954505,114.34283407232115,112.1205526606191,114.02943420410156,1451200,0.0,0.0
2025-01-22 00:00:00-05:00,114.17189977225362,114.17189977225362,109.7368427312659,111.74069213867188,4289800,0.0,0.0
2025-01-23 00:00:00-05:00,112.5479210875378,112.89930224103846,111.18986220135983,112.36747741699219,1223500,0.0,0.0
2025-01-24 00:00:00-05:00,112.253508006118,112.6333859726747,110.77199190667336,111.33231353759766,1311800,0.0,0.0
2025-01-27 00:00:00-05:00,112.02558934174023,114.2288729556984,112.02558934174023,114.09591674804688,1705100,0.0,0.0
2025-01-28 00:00:00-05:00,113.42164303357973,113.56409819123908,111.33232487314365,111.40829467773438,1438300,0.0,0.0
2025-01-29 00:00:00-05:00,111.2373481200006,111.69320316794763,110.002753680124,110.48709106445312,1755800,0.0,0.0
2025-01-30 00:00:00-05:00,111.11388498106986,112.55741260644842,110.69601847965272,112.21553039550781,1573800,0.0,0.0
2025-01-31 00:00:00-05:00,111.52225503547028,112.28201101039517,109.95526286566891,110.40161895751953,2336500,0.0,0.0
2025-02-03 00:00:00-05:00,108.67318061733128,110.52507583706749,107.59053306647475,110.08821868896484,1258500,0.0,0.0
2025-02-04 00:00:00-05:00,109.53740705413159,112.29151367528333,109.53740705413159,111.60773468017578,1308200,0.0,0.0
2025-02-05 00:00:00-05:00,112.05408407496245,112.8233390209689,111.64571649109268,112.386474609375,1519600,0.0,0.0
2025-02-06 00:00:00-05:00,113.09874172006433,114.15289971989392,111.26584433260888,112.10157012939453,1973100,0.0,0.0
2025-02-07 00:00:00-05:00,112.05408085858073,113.64956262353475,111.25634359888873,111.81665802001953,1440900,0.0,0.0
2025-02-10 00:00:00-05:00,112.60489494127752,113.07974058195856,111.65520365991546,112.48143768310547,1462300,0.0,0.0
2025-02-11 00:00:00-05:00,111.45577387490843,115.87183996123244,111.45577387490843,115.57743072509766,2011900,0.0,0.0
2025-02-12 00:00:00-05:00,114.05793136441456,116.14725671250402,114.05793136441456,116.10926818847656,1229300,0.0,0.0
2025-02-13 00:00:00-05:00,116.90700995709997,118.5214896853566,116.29920804040135,118.40752410888672,1572200,0.0,0.0
2025-02-14 00:00:00-05:00,119.07229522531722,120.31639578288511,117.885181074,118.61644744873047,1973800,0.0,0.0
2025-02-18 00:00:00-05:00,118.12259850396259,118.12259850396259,112.64288302005333,115.52994537353516,3047300,0.0,0.0
2025-02-19 00:00:00-05:00,114.28585611839154,116.39417212148955,113.48811884455453,115.92882537841797,1754700,0.0,0.0
2025-02-20 00:00:00-05:00,116.53662608395094,117.60028301708789,115.58693472258332,117.06845092773438,1709100,0.0,0.0
2025-02-21 00:00:00-05:00,117.2963801782685,117.2963801782685,115.49196517167684,115.51095581054688,1466200,0.0,0.0
2025-02-24 00:00:00-05:00,115.67240695116112,116.36567756489522,114.43780532330418,116.03328704833984,1150300,0.0,0.0
2025-02-25 00:00:00-05:00,116.51763420168221,118.0181410300013,116.26121347932938,116.93549346923828,1229300,0.0,0.0
2025-02-26 00:00:00-05:00,117.14442773688832,117.39134951910039,115.03611175965689,115.95731353759766,2195300,0.0,0.0
2025-02-27 00:00:00-05:00,115.72938598836821,117.09694382138154,115.39699547216908,116.51763153076172,1182600,0.0,0.0
2025-02-28 00:00:00-05:00,117.41034365113549,118.74941198564558,117.41034365113549,118.59745788574219,1814400,0.0,0.0
2025-03-03 00:00:00-05:00,119.42369396455827,120.38288431064763,117.39135494114899,117.76173400878906,1813500,0.0,0.0
2025-03-04 00:00:00-05:00,116.82153195052146,118.41701366680195,116.29919882339371,116.6885757446289,1409800,0.0,0.0
2025-03-05 00:00:00-05:00,116.62210176424279,118.33154186281953,116.26121441071732,117.40084838867188,1528400,0.0,0.0
2025-03-06 00:00:00-05:00,114.8461781400784,120.00300259038154,114.5042886658153,119.59463500976562,1289900,0.0,0.0
2025-03-07 00:00:00-05:00,119.2786452823603,122.39059517492964,118.61795204438899,121.76820373535156,1428400,1.03,0.0
2025-03-10 00:00:00-04:00,122.00759943199306,126.37390270883118,120.81069548063859,123.53964233398438,1762000,0.0,0.0
2025-03-11 00:00:00-04:00,122.63955758645479,122.63955758645479,118.32112645908137,118.33070373535156,2433500,0.0,0.0
2025-03-12 00:00:00-04:00,117.29657741203748,117.3061546883366,115.23790132700684,116.17627716064453,1458300,0.0,0.0
2025-03-13 00:00:00-04:00,116.20499916848723,117.4019029937186,114.0601495591626,114.35697937011719,1430600,0.0,0.0
2025-03-14 00:00:00-04:00,114.93149602040458,117.23913018784455,114.366560900435,116.81781768798828,944300,0.0,0.0
2025-03-17 00:00:00-04:00,116.69333453865865,118.60838060264065,116.69333453865865,118.23494720458984,1471200,0.0,0.0
2025-03-18 00:00:00-04:00,118.15835183545052,118.90521868355225,117.41148498734879,118.70413970947266,1280200,0.0,0.0
2025-03-19 00:00:00-04:00,118.4934746905438,119.69995575106466,118.18706761385988,119.29779052734375,1333800,0.0,0.0
2025-03-20 00:00:00-04:00,118.29239552018926,119.55632562241942,115.3911019199783,115.611328125,1687100,0.0,0.0
2025-03-21 00:00:00-04:00,114.60594580760147,115.4198390073226,112.70046951840146,113.7345962524414,3064500,0.0,0.0
2025-03-24 00:00:00-04:00,114.13675138784394,115.92732222715273,114.13675138784394,115.5443115234375,831000,0.0,0.0
2025-03-25 00:00:00-04:00,115.49643404968973,115.8219883833173,112.5568385496732,112.88239288330078,1830700,0.0,0.0
2025-03-26 00:00:00-04:00,113.09305288841465,114.35698307661212,112.97814748755253,113.42818450927734,2176600,0.0,0.0
2025-03-27 00:00:00-04:00,113.46648006136425,116.47310181780509,112.66216421558462,115.42940521240234,2353600,0.0,0.0
2025-03-28 00:00:00-04:00,114.96978711964053,115.58260125948891,112.96856754223703,113.43775177001953,1016000,0.0,0.0
2025-03-31 00:00:00-04:00,113.14093139308646,114.76871771780206,112.74834342111684,114.07929992675781,1109900,0.0,0.0
2025-04-01 00:00:00-04:00,111.07268091842325,113.70586947467898,110.92905099065408,113.41860961914062,1540000,0.0,0.0
2025-04-02 00:00:00-04:00,112.71960998367092,115.41024730592106,112.36532383981147,114.96978759765625,1078500,0.0,0.0
2025-04-03 00:00:00-04:00,113.58138304889579,114.93148670579208,112.26957388404517,113.63883209228516,1545300,0.0,0.0
2025-04-04 00:00:00-04:00,114.04099529149543,114.82616391059325,111.43653139244284,111.8482666015625,1751400,0.0,0.0
2025-04-07 00:00:00-04:00,108.93739583412086,109.92365072702839,104.23596138618008,105.65309143066406,2877600,0.0,0.0
2025-04-08 00:00:00-04:00,108.23841502090269,109.33956807667602,100.17607205465846,101.05699157714844,2526600,0.0,0.0
2025-04-09 00:00:00-04:00,100.3101173947295,109.90449520176448,99.59197510271031,109.13848114013672,2578500,0.0,0.0
2025-04-10 00:00:00-04:00,107.81709756826045,109.0714577732539,104.36043865793899,108.47779083251953,1979500,0.0,0.0
2025-04-11 00:00:00-04:00,108.86079673012092,110.4502811773863,106.70636989061929,110.35453033447266,1263900,0.0,0.0
2025-04-14 00:00:00-04:00,111.49399432260509,111.95360132878018,110.33539222516492,111.29291534423828,1177900,0.0,0.0
2025-04-15 00:00:00-04:00,111.28333272014609,112.25043306942894,109.42573562070251,109.45446014404297,1076400,0.0,0.0
2025-04-16 00:00:00-04:00,109.48318837588401,109.81832730706492,106.8117053402325,107.40536499023438,1005900,0.0,0.0
2025-04-17 00:00:00-04:00,107.9319930901181,109.57893380922295,107.63516329957734,109.25337219238281,1632700,0.0,0.0
2025-04-21 00:00:00-04:00,108.48736592376783,108.87036930458284,105.9499283466017,107.07022857666016,2080000,0.0,0.0
2025-04-22 00:00:00-04:00,111.13969678530752,113.52392706275232,107.69261536983966,110.06726837158203,2671800,0.0,0.0
2025-04-23 00:00:00-04:00,110.29708966884819,113.78247321399421,110.16303701752116,111.20673370361328,1846100,0.0,0.0
2025-04-24 00:00:00-04:00,110.74712773361311,112.21213694058216,108.97570411467085,112.11637878417969,1141400,0.0,0.0
2025-04-25 00:00:00-04:00,111.66634622163637,112.20255681834752,110.517314121842,111.68549346923828,1171400,0.0,0.0
2025-04-28 00:00:00-04:00,112.03978278543619,113.57181832278151,111.06310510796989,112.52811431884766,1717800,0.0,0.0
2025-04-29 00:00:00-04:00,111.42696107887639,113.48562981282056,111.34078020474281,113.23667907714844,1142600,0.0,0.0
2025-04-30 00:00:00-04:00,112.68131435754486,113.07389501464786,110.5651892647376,112.55683898925781,1265400,0.0,0.0
2025-05-01 00:00:00-04:00,112.08764618900246,113.23667823520596,111.21630400998625,112.03019714355469,844100,0.0,0.0
2025-05-02 00:00:00-04:00,113.45690599921784,115.40067665356466,113.12177438731688,115.18045043945312,1135800,0.0,0.0
2025-05-05 00:00:00-04:00,114.75913482910629,115.07511918543513,113.05474498755713,113.6579818725586,968700,0.0,0.0
2025-05-06 00:00:00-04:00,112.61428933634944,113.45690701169431,112.02062240045474,112.04934692382812,978200,0.0,0.0
2025-05-07 00:00:00-04:00,112.03978023117183,112.76749252899454,110.76627275199981,111.03437805175781,1087500,0.0,0.0
2025-05-08 00:00:00-04:00,111.7142065942071,113.64840714410433,111.4269540775603,112.58555603027344,1002900,0.0,0.0
2025-05-09 00:00:00-04:00,112.6525836654849,113.27497508347957,111.80038877042111,112.4323501586914,769700,0.0,0.0
2025-05-12 00:00:00-04:00,115.05597353383396,117.42104933783843,114.73998917312512,116.80823516845703,1219400,0.0,0.0
2025-05-13 00:00:00-04:00,117.2774239451189,117.4402011069646,116.00391656176402,116.05178833007812,1017500,0.0,0.0
2025-05-14 00:00:00-04:00,115.34323317856214,119.47973272960402,114.43358914441949,118.9626693725586,3003500,0.0,0.0
2025-05-15 00:00:00-04:00,119.06798879200748,122.17993867799449,118.85733255395084,122.0650405883789,1693700,0.0,0.0
2025-05-16 00:00:00-04:00,122.20866580028142,124.09499470701289,122.05546590909442,123.2044906616211,2063000,0.0,0.0
2025-05-19 00:00:00-04:00,121.60543156877945,123.87475660060217,121.60543156877945,123.60665130615234,1132100,0.0,0.0
2025-05-20 00:00:00-04:00,123.43430249203905,123.76942680023981,122.47677942179249,122.58210754394531,1062000,0.0,0.0
2025-05-21 00:00:00-04:00,121.52881916154774,122.10333150877932,119.67122948234305,119.77655029296875,1295000,0.0,0.0
2025-05-22 00:00:00-04:00,119.47014768701435,122.12249062544753,119.47014768701435,121.5000991821289,924400,0.0,0.0
2025-05-23 00:00:00-04:00,119.63294025307377,121.32775295125192,119.27865407082336,120.84899139404297,978600,0.0,0.0
2025-05-27 00:00:00-04:00,122.11291066964695,122.27568783123344,120.59045256071279,121.86395263671875,1146100,0.0,0.0
2025-05-28 00:00:00-04:00,122.21824034886842,122.93638262950122,120.46597143084733,120.5904541015625,834800,0.0,0.0
2025-05-29 00:00:00-04:00,120.67663561154292,121.32775161438553,119.46058448397294,121.002197265625,1153900,0.0,0.0
2025-05-30 00:00:00-04:00,120.72451541705159,121.91184202751872,119.47973245238721,121.14582061767578,2359400,0.0,0.0
2025-06-02 00:00:00-04:00,120.49469878528565,122.8597819206091,119.48930395196192,122.82148742675781,1131700,0.0,0.0
2025-06-03 00:00:00-04:00,122.46720017074996,123.4821795764627,121.62457520711516,122.32357025146484,998100,0.0,0.0
2025-06-04 00:00:00-04:00,122.21823991091222,122.5533715129424,120.84898167519944,120.91600799560547,691300,0.0,0.0
2025-06-05 00:00:00-04:00,120.89686779161406,121.27030121353229,119.90104289805825,120.80111694335938,735000,0.0,0.0
2025-06-06 00:00:00-04:00,121.41895881010232,121.92097343222399,120.6852564630847,120.9362564086914,664100,1.03,0.0
2025-06-09 00:00:00-04:00,120.91695404052734,121.53481253780548,118.70617611273825,120.91695404052734,791700,0.0,0.0
2025-06-10 00:00:00-04:00,121.1389962776961,122.81879854979836,120.45355239526617,122.16232299804688,1063000,0.0,0.0
2025-06-11 00:00:00-04:00,121.56377209085502,121.86305259091529,118.84133081716672,119.03441619873047,980100,0.0,0.0
2025-06-12 00:00:00-04:00,118.06900875040621,118.40689895377884,116.48574548421384,117.9048843383789,1501400,0.0,0.0
2025-06-13 00:00:00-04:00,116.47610151505646,117.66354540574879,115.05695514751042,115.53965759277344,1231200,0.0,0.0
2025-06-16 00:00:00-04:00,116.36989301497925,116.53401005979968,115.71341747024358,116.3312759399414,1351800,0.0,0.0
2025-06-17 00:00:00-04:00,115.44311054421706,116.42782022323688,114.97971298820792,115.2017593383789,1210200,0.0,0.0
2025-06-18 00:00:00-04:00,115.58793160125568,115.8678925398887,114.56459740154884,114.75768280029297,987300,0.0,0.0
2025-06-20 00:00:00-04:00,115.1245338326424,115.66515821738474,114.41013627202506,115.62654113769531,1665400,0.0,0.0
2025-06-23 00:00:00-04:00,115.58791924235547,117.21944833593165,114.97970950816102,117.09394836425781,1123000,0.0,0.0
2025-06-24 00:00:00-04:00,117.41254045389255,117.69250874411672,116.53401850538346,117.00706481933594,740500,0.0,0.0
2025-06-25 00:00:00-04:00,117.02638004376313,117.02638004376313,114.65148493678602,115.02799224853516,681100,0.0,0.0
2025-06-26 00:00:00-04:00,115.22106936942085,115.8678888624112,113.25164255746638,114.94110107421875,922300,0.0,0.0
2025-06-27 00:00:00-04:00,115.5203419302119,116.45677839944766,115.13417853703152,116.31197357177734,1000800,0.0,0.0
2025-06-30 00:00:00-04:00,116.08028304345399,117.31600013623371,115.42380741723291,117.11326599121094,1174000,0.0,0.0
2025-07-01 00:00:00-04:00,116.8815622113927,122.09474975479378,116.45678173019982,121.00383758544922,1688000,0.0,0.0
2025-07-02 00:00:00-04:00,121.0134968361965,123.2339309440166,120.14463099550801,123.0601577758789,1040200,0.0,0.0
2025-07-03 00:00:00-04:00,122.89604028991424,123.53320366056026,122.12371346411747,123.00223541259766,495200,0.0,0.0
2025-07-07 00:00:00-04:00,122.39402719536311,123.30151012236226,120.39563942613968,121.18727111816406,895600,0.0,0.0
2025-07-08 00:00:00-04:00,120.92661224730392,122.47125851727517,120.09636349617166,122.2974853515625,998800,0.0,0.0
2025-07-09 00:00:00-04:00,122.22990518860695,122.22990518860695,120.26047846648756,120.91695404052734,1101600,0.0,0.0
2025-07-10 00:00:00-04:00,120.46320895625985,122.77052582352304,120.07704556576326,121.66030883789062,1428100,0.0,0.0
2025-07-11 00:00:00-04:00,120.46321670947393,120.73352889058307,118.95718749160613,120.23152160644531,896100,0.0,0.0
2025-07-14 00:00:00-04:00,120.52113507119365,120.90729847509712,118.89926203261687,120.10601806640625,1106900,0.0,0.0
2025-07-15 00:00:00-04:00,120.16393905948595,120.48252441762428,117.96281724953806,118.00143432617188,731800,0.0,0.0
2025-07-16 00:00:00-04:00,117.70215401836015,118.35862959131269,116.21542971004249,118.31036376953125,784600,0.0,0.0
2025-07-17 00:00:00-04:00,118.20416676499498,119.56538371097442,117.8373082249441,119.25645446777344,945200,0.0,0.0
2025-07-18 00:00:00-04:00,119.81639607752132,120.19290337838594,117.52838393995953,118.65791320800781,1460600,0.0,0.0
2025-07-21 00:00:00-04:00,118.976496882465,120.8493847307518,118.45517735669068,119.60401153564453,1570300,0.0,0.0
2025-07-22 00:00:00-04:00,118.1172836871384,128.86223717642764,118.1172836871384,128.6981201171875,3074000,0.0,0.0
2025-07-23 00:00:00-04:00,129.24842448877567,130.52275141267896,128.05131700069956,130.02073669433594,1596900,0.0,0.0
2025-07-24 00:00:00-04:00,129.86627107773438,129.89523204621813,128.32161734768889,128.60159301757812,1304300,0.0,0.0
2025-07-25 00:00:00-04:00,128.17679610855132,129.1614983728526,127.36584490201616,129.07461547851562,823100,0.0,0.0
2025-07-28 00:00:00-04:00,128.71741533373137,129.1228835555052,127.22103504541136,128.46641540527344,1192800,0.0,0.0
2025-07-29 00:00:00-04:00,128.23473149816502,128.9684339010916,127.50102909523844,128.8429412841797,1353700,0.0,0.0
2025-07-30 00:00:00-04:00,128.8622287298083,129.1422043714438,126.50663865811255,127.46239471435547,1975100,0.0,0.0
2025-07-31 00:00:00-04:00,125.93705701098285,127.42378869711831,123.89040348716424,124.42137908935547,2190600,0.0,0.0
2025-08-01 00:00:00-04:00,124.67237908724641,125.55090101747322,121.64100851197792,123.86144256591797,1655900,0.0,0.0
2025-08-04 00:00:00-04:00,123.50423237562481,127.00864903504441,123.45595919099998,126.71902465820312,1241800,0.0,0.0
2025-08-05 00:00:00-04:00,127.25001698213265,128.4181633878683,126.51631456431559,127.98373413085938,1277700,0.0,0.0
2025-08-06 00:00:00-04:00,128.3795409839056,129.20978979688513,127.71340923814284,128.83328247070312,958000,0.0,0.0
2025-08-07 00:00:00-04:00,129.54768688897332,130.0014283739522,127.18244781187882,129.33529663085938,747200,0.0,0.0
2025-08-08 00:00:00-04:00,129.39321598405965,129.39321598405965,128.31196722319106,128.48573303222656,627300,0.0,0.0
2025-08-11 00:00:00-04:00,128.73672995030432,129.39319811276005,127.30792030688741,128.7849884033203,779300,0.0,0.0
2025-08-12 00:00:00-04:00,129.26769744578567,130.18484379489797,128.7077756223074,130.0979461669922,847000,0.0,0.0
2025-08-13 00:00:00-04:00,130.36826144526634,133.73752959691805,129.99175415171626,133.27413940429688,1321900,0.0,0.0
2025-08-14 00:00:00-04:00,131.92258164464886,133.10037687211664,131.034410850821,133.00384521484375,968700,0.0,0.0
2025-08-15 00:00:00-04:00,133.7471812981699,134.09472763304447,132.47285455756912,133.0327911376953,1285400,0.0,0.0
2025-08-18 00:00:00-04:00,133.3224250858156,133.3224250858156,132.18323962235158,132.3956298828125,1250600,0.0,0.0
2025-08-19 00:00:00-04:00,133.00382804207774,134.96359867570033,132.78177432410823,133.94992065429688,680900,0.0,0.0
2025-08-20 00:00:00-04:00,134.24918898964305,134.78981332012827,132.06737944706822,132.2508087158203,635800,0.0,0.0
2025-08-21 00:00:00-04:00,131.430202941495,132.0770223605467,130.46479818513586,131.61363220214844,642900,0.0,0.0
2025-08-22 00:00:00-04:00,132.2604535284008,135.9386433462235,132.24114130834104,134.67396545410156,943400,0.0,0.0
2025-08-25 00:00:00-04:00,134.05612512418577,134.780178799839,133.48653976809018,134.43263244628906,791800,0.0,0.0
2025-08-26 00:00:00-04:00,134.57742790373732,135.79384742178493,133.86303775469597,133.94992065429688,859900,0.0,0.0
2025-08-27 00:00:00-04:00,134.13334940736758,135.17598839124514,133.5154909055411,135.01187133789062,1924200,0.0,0.0
2025-08-28 00:00:00-04:00,135.15667121586188,135.15667121586188,133.6216811281854,134.49053955078125,755700,0.0,0.0
2025-08-29 00:00:00-04:00,135.0987547152239,135.62973031966672,133.872686452403,134.50985717773438,675900,0.0,0.0
2025-09-02 00:00:00-04:00,133.7954544413851,134.36503976668067,131.3240203857422,131.3240203857422,1022300,0.0,0.0
2025-09-03 00:00:00-04:00,131.41092077133118,132.12532575752599,130.5517109309331,131.5557403564453,711200,0.0,0.0
2025-09-04 00:00:00-04:00,137.81155652071521,138.51629800909092,132.4921805528858,136.3634490966797,3464900,0.0,0.0
2025-09-05 00:00:00-04:00,136.58710707440693,138.25008233392938,134.2628414308699,135.66323852539062,2049900,1.03,0.0
2025-09-08 00:00:00-04:00,135.2353359300465,136.22728633172986,133.95164850355877,136.0036163330078,1480900,0.0,0.0
2025-09-09 00:00:00-04:00,135.4979102734209,135.89663731490643,133.78632213996107,135.12835693359375,1019300,0.0,0.0
2025-09-10 00:00:00-04:00,134.47679158596543,135.8869082993758,134.2142134214038,135.6535186767578,1825100,0.0,0.0
2025-09-11 00:00:00-04:00,135.94525769941936,139.16423307004143,134.92414840725272,138.8433074951172,1125900,0.0,0.0
2025-09-12 00:00:00-04:00,137.84164197250774,138.58073387777372,136.73299669505025,137.394287109375,856700,0.0,0.0
2025-09-15 00:00:00-04:00,137.16087398109795,137.16087398109795,135.15753394291158,135.21588134765625,1454500,0.0,0.0
2025-09-16 00:00:00-04:00,136.19811954614798,136.86914441550877,135.0894742782397,135.7896728515625,1884900,0.0,0.0
2025-09-17 00:00:00-04:00,136.26618645793522,138.20145957407414,135.22562305958218,135.40066528320312,1693600,0.0,0.0
2025-09-18 00:00:00-04:00,134.64211537160094,135.76049506662258,133.78632868257796,134.11697387695312,952400,0.0,0.0
2025-09-19 00:00:00-04:00,134.68103212757336,134.93387585014722,132.91108155220405,133.5529327392578,1444800,0.0,0.0
2025-09-22 00:00:00-04:00,137.11225081170005,137.5693252336028,133.65015171749494,134.16558837890625,1437100,0.0,0.0
2025-09-23 00:00:00-04:00,134.09751766889224,135.91608104823632,133.9419146954948,134.84634399414062,1572400,0.0,0.0
2025-09-24 00:00:00-04:00,133.99054051474144,135.8382775696129,133.99054051474144,134.79771423339844,911500,0.0,0.0
2025-09-25 00:00:00-04:00,134.21421293498284,134.84634445188712,132.23032695433812,132.51234436035156,941600,0.0,0.0
2025-09-26 00:00:00-04:00,132.60960841532022,134.5157078701012,132.23033541655224,133.9030303955078,728700,0.0,0.0
2025-09-29 00:00:00-04:00,134.0100023737806,135.5465484147171,133.34869712771518,135.3909454345703,1220400,0.0,0.0
2025-09-30 00:00:00-04:00,135.1769869727819,135.9744410690661,134.1072350970631,134.78799438476562,1033100,0.0,0.0
2025-10-01 00:00:00-04:00,134.82688645992084,135.66323387161876,133.8252164578905,134.36981201171875,801400,0.0,0.0
2025-10-02 00:00:00-04:00,134.6323978911158,136.88858172056464,134.18504303817028,136.5287628173828,1163800,0.0,0.0
2025-10-03 00:00:00-04:00,136.21756187035794,136.74270333546198,135.51736335747543,135.88690185546875,717700,0.0,0.0
2025-10-06 00:00:00-04:00,135.54654970783233,135.6826986069804,134.2823014505333,134.64212036132812,935800,0.0,0.0
2025-10-07 00:00:00-04:00,134.68101222138247,134.68101222138247,131.95801972895805,132.2692108154297,820700,0.0,0.0
2025-10-08 00:00:00-04:00,132.16223883232837,132.16223883232837,129.89633555293275,130.0032958984375,928600,0.0,0.0
2025-10-09 00:00:00-04:00,129.11834566780266,129.39064346104234,126.73573255739687,127.90272521972656,1028700,0.0,0.0
2025-10-10 00:00:00-04:00,127.90271845876231,128.77795919946496,126.42451991708695,126.75516510009766,1017500,0.0,0.0
2025-10-13 00:00:00-04:00,126.64818805157165,128.23336175729239,126.64818805157165,128.0777587890625,957700,0.0,0.0
2025-10-14 00:00:00-04:00,127.6984840100753,130.30478175390772,127.26086365238665,129.98385620117188,736300,0.0,0.0
2025-10-15 00:00:00-04:00,130.0421994124481,131.59819934420923,129.16695872527941,129.8768768310547,652600,0.0,0.0
2025-10-16 00:00:00-04:00,130.01304933544208,130.47012384198024,128.7876943438215,130.09085083007812,818200,0.0,0.0
2025-10-17 00:00:00-04:00,130.40203190824448,130.85910637951676,129.27393258173774,129.43927001953125,1314700,0.0,0.0
2025-10-20 00:00:00-04:00,129.8477288600455,129.8477288600455,127.69850519783284,128.18475341796875,1668500,0.0,0.0
2025-10-21 00:00:00-04:00,129.34200652573887,133.10556241823394,127.02746060781388,130.8104705810547,2768800,0.0,0.0
2025-10-22 00:00:00-04:00,130.81046924920943,131.02441961788716,129.03079927654423,129.2058563232422,1347300,0.0,0.0
2025-10-23 00:00:00-04:00,129.342020171694,130.0033105956602,126.36618358561155,129.59486389160156,1614900,0.0,0.0
2025-10-24 00:00:00-04:00,130.23669519766256,130.3047770575083,127.25113944533784,127.32892608642578,1293500,0.0,0.0
2025-10-27 00:00:00-04:00,127.37757254333637,127.8151929494191,126.22029946919241,127.80547332763672,1181800,0.0,0.0
2025-10-28 00:00:00-04:00,127.21225152011645,129.31284730237346,126.8329785182465,128.03887939453125,921700,0.0,0.0
2025-10-29 00:00:00-04:00,127.15389279610264,128.17501689154273,125.0922053631457,125.59789276123047,1013000,0.0,0.0
2025-10-30 00:00:00-04:00,125.26724970011682,127.9513490638175,124.72265413041417,124.86852264404297,713300,0.0,0.0
2025-10-31 00:00:00-04:00,123.983559469104,124.84908805975739,123.02079014544212,123.80850982666016,1050800,0.0,0.0
2025-11-03 00:00:00-05:00,122.82629128375838,123.47786205390902,119.64622408214613,120.21027374267578,1616100,0.0,0.0
2025-11-04 00:00:00-05:00,119.65594687057832,120.08384762122913,118.25554980994512,119.3155746459961,1392700,0.0,0.0
2025-11-05 00:00:00-05:00,119.2377762309397,121.84406670558815,119.09190029677436,121.16331481933594,1612600,0.0,0.0
2025-11-06 00:00:00-05:00,120.59927403198529,121.84406816863446,120.07412511441925,121.59121704101562,1130300,0.0,0.0
2025-11-07 00:00:00-05:00,121.5620365651944,123.70152544091867,121.4939621215002,123.17638397216797,935500,0.0,0.0
2025-11-10 00:00:00-05:00,123.14720710475143,123.75988453872034,121.46479261552709,121.71764373779297,1288900,0.0,0.0
2025-11-11 00:00:00-05:00,122.26223597696429,123.99327820318139,121.57176449457197,123.78905487060547,788300,0.0,0.0
2025-11-12 00:00:00-05:00,123.74042745323916,125.35476745722706,123.46812967566709,123.60427856445312,1294000,0.0,0.0
2025-11-13 00:00:00-05:00,125.21861968611854,126.64819045069001,123.75988263889884,124.21695709228516,1094300,0.0,0.0
2025-11-14 00:00:00-05:00,124.32392227581475,125.06302895398366,123.37088006561966,123.75988006591797,1043400,0.0,0.0
2025-11-17 00:00:00-05:00,123.63344790250189,124.42117492502577,122.50535608958474,123.09857940673828,1119400,0.0,0.0
2025-11-18 00:00:00-05:00,122.35948892368287,123.62373713063035,121.60094296733767,122.73876190185547,1222100,0.0,0.0
2025-11-19 00:00:00-05:00,122.45672934502694,122.95270452347292,120.90073678668028,121.95103454589844,1087600,0.0,0.0
2025-11-20 00:00:00-05:00,122.05801855203822,123.74043307687994,121.28974554779668,121.59121704101562,909000,0.0,0.0
2025-11-21 00:00:00-05:00,122.16499747360497,126.62875969942202,122.15527043236463,125.02413177490234,1156600,0.0,0.0
2025-11-24 00:00:00-05:00,124.78100658857605,125.12138625298124,122.95271608800047,123.030517578125,1168000,0.0,0.0
2025-11-25 00:00:00-05:00,123.98355738065251,125.82158230513126,123.44868884076487,125.32559967041016,2084200,0.0,0.0
2025-11-26 00:00:00-05:00,125.00467355734057,126.66764883517489,124.86852466271387,126.28837585449219,1103600,0.0,0.0
2025-11-28 00:00:00-05:00,126.61901841250278,127.44564622352009,126.16194395310963,126.81351470947266,315400,0.0,0.0
2025-12-01 00:00:00-05:00,125.6659744871246,128.1069348855086,125.6659744871246,126.37589263916016,901000,0.0,0.0
2025-12-02 00:00:00-05:00,126.39534700076001,126.39534700076001,124.50870177908708,125.40339660644531,847800,0.0,0.0
2025-12-03 00:00:00-05:00,125.94800435002415,127.38730971679489,125.90911102294922,125.90911102294922,1092200,0.0,0.0
2025-12-04 00:00:00-05:00,126.11331374954516,127.03719711088038,125.44230376374017,126.74544525146484,771100,0.0,0.0
2025-12-05 00:00:00-05:00,126.48077691199681,127.86292339203668,125.86321891935687,127.66687774658203,861600,1.03,0.0
2025-12-08 00:00:00-05:00,127.18655694926906,127.66688150851196,125.52994352531285,125.83381652832031,1614200,0.0,0.0
2025-12-09 00:00:00-05:00,125.07903420860423,125.26528281481554,122.18731968182625,124.0301742553711,2058200,0.0,0.0
2025-12-10 00:00:00-05:00,124.36345969152025,129.32348050003574,124.36345969152025,128.64712524414062,1508900,0.0,0.0
2025-12-11 00:00:00-05:00,129.39211680149097,131.48003983622294,129.37250774725769,131.3134002685547,1104500,0.0,0.0
2025-12-12 00:00:00-05:00,131.83290601019456,132.33282462971485,128.81375532746745,128.95098876953125,867900,0.0,0.0
2025-12-15 00:00:00-05:00,129.40189412575432,129.99984305145685,128.5196812649647,129.3038787841797,2209800,0.0,0.0
2025-12-16 00:00:00-05:00,129.50972586999515,129.67636541792263,126.78465099010045,126.90229034423828,883000,0.0,0.0
2025-12-17 00:00:00-05:00,126.0592850927107,127.69628948844864,125.16726016555074,125.52994537353516,1224600,0.0,0.0
2025-12-18 00:00:00-05:00,125.73580493732257,126.11809920370733,122.7558645818821,123.44203186035156,1035700,0.0,0.0
2025-12-19 00:00:00-05:00,123.51064785819615,123.9223482228445,122.76566090407363,122.98131561279297,1870100,0.0,0.0
2025-12-22 00:00:00-05:00,122.51080173638208,123.47143591028394,121.84423604322755,122.7166519165039,989900,0.0,0.0
2025-12-23 00:00:00-05:00,123.46163045844676,123.58906686327802,121.16786491543138,121.41292572021484,650300,0.0,0.0
2025-12-24 00:00:00-05:00,121.19727084224239,123.47143480823698,120.97181909021461,123.0107192993164,487400,0.0,0.0
2025-12-26 00:00:00-05:00,122.83427316673873,123.65768134476859,122.49118954200216,123.4126205444336,580000,0.0,0.0
2025-12-29 00:00:00-05:00,123.62827863186165,123.98116679230365,121.60897249629626,121.96186065673828,630000,0.0,0.0
2025-12-30 00:00:00-05:00,121.56976242921391,122.24613265295093,121.17767111906261,121.5795669555664,724500,0.0,0.0
2025-12-31 00:00:00-05:00,121.2658830696199,121.93244873209674,120.51109911057766,120.53070068359375,665900,0.0,0.0
2026-01-02 00:00:00-05:00,120.68755189945213,122.35396243667562,119.89354977970416,121.55016326904297,893900,0.0,0.0
2026-01-05 00:00:00-05:00,120.56011144346294,121.3149029103484,120.1386065600322,120.9424057006836,1135800,0.0,0.0
2026-01-06 00:00:00-05:00,120.36406816259385,122.42257746787794,119.58967510667671,122.040283203125,1025300,0.0,0.0
2026-01-07 00:00:00-05:00,122.04027739597605,122.87348261338884,119.75630896388732,120.13860321044922,739000,0.0,0.0
2026-01-08 00:00:00-05:00,119.15836366544491,124.80456671782535,119.00152863883943,124.22622680664062,1236800,0.0,0.0
2026-01-09 00:00:00-05:00,124.95159843837601,125.96124770981429,123.46162462761002,125.80440521240234,1518600,0.0,0.0
2026-01-12 00:00:00-05:00,125.4025090229669,127.09833299748503,124.82416166382858,126.6572265625,1264100,0.0,0.0
2026-01-13 00:00:00-05:00,126.54939318016129,129.39209225433487,126.40234773729662,129.36268615722656,869400,0.0,0.0
2026-01-14 00:00:00-05:00,129.480332568884,131.51924040668817,129.31369300448554,131.15655517578125,889100,0.0,0.0
2026-01-15 00:00:00-05:00,130.68603767781812,133.70517373480482,130.3331495084226,133.4699249267578,1775800,0.0,0.0
2026-01-16 00:00:00-05:00,132.68572620751914,134.4109489336404,132.32304099330597,134.23451232910156,961600,0.0,0.0
2026-01-20 00:00:00-05:00,131.72507567374885,132.7641309911044,128.37264598749258,129.36268615722656,1096900,0.0,0.0
2026-01-21 00:00:00-05:00,129.95084907062434,133.60715204297057,129.48032156221126,133.54833984375,866700,0.0,0.0
2026-01-22 00:00:00-05:00,134.2541139632251,135.27356030020698,133.34248001817608,134.136474609375,801900,0.0,0.0
2026-01-23 00:00:00-05:00,134.58739136937453,135.37158890346367,133.91102118318918,134.91087341308594,824000,0.0,0.0
2026-01-26 00:00:00-05:00,135.56763300034507,137.33207369257613,134.48935953361394,136.43023681640625,929600,0.0,0.0
2026-01-27 00:00:00-05:00,136.66550014241147,136.96937313010727,134.499171125876,136.6262969970703,1376400,0.0,0.0
2026-01-28 00:00:00-05:00,136.7929465918133,138.09667189072997,135.45981519239902,137.253662109375,1278400,0.0,0.0
2026-01-29 00:00:00-05:00,138.19468650285754,138.76322937165284,134.99909895479217,136.1361846923828,986300,0.0,0.0
2026-01-30 00:00:00-05:00,134.783435591039,136.24400329589844,133.56792867816327,136.24400329589844,2047300,0.0,0.0
2026-02-02 00:00:00-05:00,136.4596601680265,138.48875578023802,134.72462554503116,138.46914672851562,865500,0.0,0.0
2026-02-03 00:00:00-05:00,138.17508211137556,142.33130352796098,137.56732118253024,140.01792907714844,1279500,0.0,0.0
2026-02-04 00:00:00-05:00,141.41968976519965,145.37006863984064,140.93936521557507,145.0269775390625,1340900,0.0,0.0
2026-02-05 00:00:00-05:00,143.96831450315045,144.58587250766251,141.9686249493519,143.3213653564453,1434900,0.0,0.0
2026-02-06 00:00:00-05:00,143.2135377274488,145.64453667920915,142.65479192305722,145.57591247558594,883500,0.0,0.0
2026-02-09 00:00:00-05:00,144.94855752687272,146.33070403176976,142.8508376724012,143.13511657714844,1203200,0.0,0.0
2026-02-10 00:00:00-05:00,144.9779719465433,145.19362665999535,143.39977970209443,143.78207397460938,838000,0.0,0.0
2026-02-11 00:00:00-05:00,145.90920784273146,146.84043590109403,144.4584371221478,146.31109619140625,1005400,0.0,0.0
2026-02-12 00:00:00-05:00,147.03649115458515,148.57548027485265,143.6056396943115,144.69371032714844,1884600,0.0,0.0
2026-02-13 00:00:00-05:00,144.8897460960359,146.34050185497128,143.448787384538,144.25259399414062,1203400,0.0,0.0
2026-02-17 00:00:00-05:00,134.6658212914538,134.6658212914538,123.05973742423735,123.25578308105469,4107600,0.0,0.0
2026-02-18 00:00:00-05:00,120.70714787977822,121.86383516287894,117.00182975488366,118.52120971679688,2668000,0.0,0.0
2026-02-19 00:00:00-05:00,117.8938477339114,118.69764686804095,115.80593238613473,117.01163482666016,1916400,0.0,0.0
2026-02-20 00:00:00-05:00,116.25684842891704,117.62919048025249,114.08070720844637,115.7275161743164,2276900,0.0,0.0
2026-02-23 00:00:00-05:00,114.96291884373639,115.81573310183812,113.45334345054238,113.86505126953125,1506500,0.0,0.0
2026-02-24 00:00:00-05:00,115.8549531016456,118.61923879114363,115.51186197828096,116.47250366210938,2379000,0.0,0.0
2026-02-25 00:00:00-05:00,115.83533510632098,116.88419501267745,113.58078027327818,114.61003112792969,2098500,0.0,0.0
2026-02-26 00:00:00-05:00,114.92371348768422,115.66870043194933,113.15928017168237,114.55122375488281,1336400,0.0,0.0
2026-02-27 00:00:00-05:00,113.61019077393199,117.2076815989926,112.78678257964636,116.90380859375,1468200,0.0,0.0
2026-03-02 00:00:00-05:00,115.19818313896454,116.28625374182552,113.83564562342916,116.20783996582031,1133200,0.0,0.0
2026-03-03 00:00:00-05:00,113.70821084600824,115.05114671814583,111.59088195084202,114.11991119384766,1123200,0.0,0.0
2026-03-04 00:00:00-05:00,114.24734869909913,114.73747030230648,112.9338189135991,113.3553237915039,1280800,0.0,0.0
2026-03-05 00:00:00-05:00,113.07104980889993,114.81588148030053,113.07104980889993,114.79627990722656,1294500,0.0,0.0
2026-03-06 00:00:00-05:00,113.74078994754487,114.54205764175458,111.96018668578144,114.27496337890625,1099700,1.063,0.0
2026-03-09 00:00:00-04:00,112.69220490380243,113.32530658494547,109.57615308579595,110.6346206665039,1584700,0.0,0.0
2026-03-10 00:00:00-04:00,110.42688930881086,110.59506284582629,107.71642215613348,107.7856674194336,1813400,0.0,0.0
2026-03-11 00:00:00-04:00,107.92415819168423,113.54294151009108,106.97450562976347,108.02307891845703,3380000,0.0,0.0
2026-03-12 00:00:00-04:00,107.27127003315897,108.1516772879256,105.6192630346581,105.85668182373047,3482700,0.0,0.0
2026-03-13 00:00:00-04:00,106.84591134274707,106.84591134274707,103.88813099353465,104.60037231445312,1722400,0.0,0.0
2026-03-16 00:00:00-04:00,104.59047878877747,105.3521766513245,102.30537010680172,102.8890151977539,2414400,0.0,0.0
2026-03-17 00:00:00-04:00,103.54189753543243,104.09586716195714,101.47442652699684,101.71183776855469,2981700,0.0,0.0
2026-03-18 00:00:00-04:00,100.2774717411238,101.33593934745288,99.39706445862427,99.63447570800781,2052200,0.0,0.0
2026-03-19 00:00:00-04:00,98.72439584715899,99.43662961611892,97.08228308529036,98.02204132080078,2242800,0.0,0.0
2026-03-20 00:00:00-04:00,97.93301283753719,98.88266538969562,95.04448538132601,95.34124755859375,3982800,0.0,0.0
2026-03-23 00:00:00-04:00,97.45818422012604,101.61292268744104,96.4096109268018,99.97080993652344,2776900,0.0,0.0
2026-03-24 00:00:00-04:00,98.70460404776608,102.29548597834201,98.42762299963553,101.89979553222656,2155800,0.0,0.0
2026-03-25 00:00:00-04:00,102.85934007729865,104.54101500117191,102.37461570690128,103.98705291748047,2328000,0.0,0.0
2026-03-26 00:00:00-04:00,103.33416270601185,105.3323960200723,103.26491744545534,104.14532470703125,1821500,0.0,0.0
2026-03-27 00:00:00-04:00,103.9474886623831,104.56080170284342,103.05718701813838,103.88813018798828,3343500,0.0,0.0
2026-03-30 00:00:00-04:00,103.63093420735399,104.49155281093834,102.29548556093508,103.22534942626953,1883900,0.0,0.0
2026-03-31 00:00:00-04:00,104.7784259923146,104.90702972369571,102.72084176188982,104.61026000976562,2577700,0.0,0.0
2026-04-01 00:00:00-04:00,104.61026605826876,104.80810751421635,103.43308901802766,104.0464096069336,2871300,0.0,0.0
2026-04-02 00:00:00-04:00,104.21457077035964,105.02573277762748,101.82065454734571,102.3548355102539,1938000,0.0,0.0
2026-04-06 00:00:00-04:00,101.17766041027227,104.03651238838678,101.17766041027227,104.01673126220703,1611100,0.0,0.0
2026-04-07 00:00:00-04:00,103.43308940302694,104.16511939652686,102.38451609769974,102.7208480834961,1308500,0.0,0.0
2026-04-08 00:00:00-04:00,105.47088620524073,106.55902924502023,104.69928645799642,106.25237274169922,1893600,0.0,0.0
2026-04-09 00:00:00-04:00,105.99517690469183,107.96372727899366,104.69929048687086,107.38997650146484,2196500,0.0,0.0
2026-04-10 00:00:00-04:00,108.06264588629294,108.34952126943249,105.83689562998688,106.3512954711914,1812300,0.0,0.0
2026-04-13 00:00:00-04:00,106.30183014206307,108.67596523156853,105.4412040023067,108.60671997070312,2348800,0.0,0.0
2026-04-14 00:00:00-04:00,108.30995323782749,109.39809631590093,107.55814968405608,108.71553802490234,1611600,0.0,0.0
2026-04-15 00:00:00-04:00,108.31984629713244,109.28928751168696,107.07342403475306,109.24971771240234,2142500,0.0,0.0
2026-04-16 00:00:00-04:00,109.48713167631341,110.62473890566555,108.99252049374012,109.98174285888672,1380400,0.0,0.0
2026-04-17 00:00:00-04:00,110.72365968774157,114.5816284231631,110.72365968774157,112.56361389160156,2036100,0.0,0.0
2026-04-20 00:00:00-04:00,112.52404269018736,112.52404269018736,110.5159225204939,111.37654113769531,2170900,0.0,0.0
2026-04-21 00:00:00-04:00,113.51326113161834,115.51148689570887,109.675081249987,113.76056671142578,2866900,0.0,0.0
2026-04-22 00:00:00-04:00,113.64186320600123,114.61130444984454,110.29829431069334,110.53570556640625,2483500,0.0,0.0
2026-04-23 00:00:00-04:00,110.6939796802898,111.1193455819394,107.99339941220427,108.60671997070312,1639700,0.0,0.0
2026-04-24 00:00:00-04:00,108.18135952988807,108.7056461810724,107.14267301730825,107.56803894042969,1110900,0.0,0.0
2026-04-27 00:00:00-04:00,107.12288750032101,108.46823047890962,104.45198266907857,105.41152954101562,1698700,0.0,0.0
2026-04-28 00:00:00-04:00,106.44032526401521,106.83601572056195,103.79910335335491,104.27393341064453,977400,0.0,0.0
2026-04-29 00:00:00-04:00,102.93847761861512,103.71006986125369,101.74151945411586,102.16688537597656,1106600,0.0,0.0
2026-04-30 00:00:00-04:00,102.79009996944632,106.08420472185661,102.77031129565547,106.0743179321289,2223400,0.0,0.0
2026-05-01 00:00:00-04:00,106.5293567019029,106.86568867641648,103.12642942148638,103.85845184326172,1752000,0.0,0.0
2026-05-04 00:00:00-04:00,102.95826653672654,104.74875661925954,102.36473462153246,102.404296875,1262800,0.0,0.0
2026-05-05 00:00:00-04:00,101.82065735888638,103.95737372235222,101.28647638122801,103.16600036621094,1071500,0.0,0.0
2026-05-06 00:00:00-04:00,104.70918614698839,105.66873305152842,103.13632620445449,104.35306549072266,1340200,0.0,0.0
2026-05-07 00:00:00-04:00,104.30360865627908,105.5203479396969,103.91781253742293,104.11565399169922,1342200,0.0,0.0
2026-05-08 00:00:00-04:00,105.22358032814631,105.53023683059965,103.37373188273813,103.59136199951172,955300,0.0,0.0
2026-05-11 00:00:00-04:00,103.0374018109939,103.23524325869441,99.89167449068397,100.3269271850586,1473600,0.0,0.0
2026-05-12 00:00:00-04:00,100.78197161799035,101.22712620960797,99.4663116111453,99.65425872802734,1367400,0.0,0.0
2026-05-13 00:00:00-04:00,99.41684249564148,99.9114536523362,97.49774879257237,97.80441284179688,1526400,0.0,0.0
2026-05-14 00:00:00-04:00,98.35838071860755,98.99148243271304,95.70726446060284,96.14252471923828,2024700,0.0,0.0
2026-05-15 00:00:00-04:00,96.14251971102985,96.66680633316561,91.82950979137743,91.86907958984375,1740200,0.0,0.0
2026-05-18 00:00:00-04:00,92.30433830841561,93.24410410225414,91.11727446555078,92.16584777832031,2060800,0.0,0.0
2026-05-19 00:00:00-04:00,91.1172680347161,92.27465633189885,90.01923066133739,91.473388671875,1379500,0.0,0.0
2026-05-20 00:00:00-04:00,91.13705383661883,94.52020006322185,89.80160515233308,93.94644927978516,1478200,0.0,0.0
2026-05-21 00:00:00-04:00,93.0165742713673,96.9635692459076,92.46261218291741,96.56788635253906,1564500,0.0,0.0
2026-05-22 00:00:00-04:00,96.54809891793575,97.68570611888026,96.12273300965798,96.81519317626953,959100,0.0,0.0
2026-05-26 00:00:00-04:00,95.47973415575879,96.41949987969413,94.53997597899074,96.0040283203125,1542200,0.0,0.0
2026-05-27 00:00:00-04:00,96.94378710267932,100.01037477710612,96.94378710267932,97.3394775390625,1784000,0.0,0.0
2026-05-28 00:00:00-04:00,96.6964881496505,98.29903113059446,96.03371096291181,98.19021606445312,1364500,0.0,0.0
2026-05-29 00:00:00-04:00,97.8736645323118,98.39795118530797,96.8349780161425,97.63624572753906,2427200,0.0,0.0
2026-06-01 00:00:00-04:00,96.45907469466502,97.54721778414034,95.41049385818789,96.2117691040039,1867500,0.0,0.0
2026-06-02 00:00:00-04:00,97.09217207643458,98.358375436649,96.43928172354238,98.27923583984375,1338400,0.0,0.0
2026-06-03 00:00:00-04:00,97.61646224077144,98.68482419491691,96.95368507459823,97.22077178955078,1330000,0.0,0.0
2026-06-04 00:00:00-04:00,98.67492541750302,99.16953657247798,96.12273004651212,97.5669937133789,1468400,0.0,0.0
2026-06-05 00:00:00-04:00,97.66000366210938,98.9800033569336,96.94999694824219,98.1500015258789,1383700,1.063,0.0
2026-06-08 00:00:00-04:00,96.87999725341797,98.66000366210938,96.06999969482422,97.06999969482422,1374800,0.0,0.0
2026-06-09 00:00:00-04:00,97.5199966430664,100.2300033569336,97.22000122070312,99.41000366210938,1095100,0.0,0.0
2026-06-10 00:00:00-04:00,99.55000305175781,100.02999877929688,97.47000122070312,98.43000030517578,1048500,0.0,0.0
2026-06-11 00:00:00-04:00,99.0199966430664,102.43000030517578,98.80999755859375,102.26000213623047,1924000,0.0,0.0
2026-06-12 00:00:00-04:00,103.22000122070312,103.83000183105469,101.43000030517578,103.75,1514900,0.0,0.0
2026-06-15 00:00:00-04:00,104.5,105.77999877929688,104.4800033569336,104.63999938964844,2239900,0.0,0.0
2026-06-16 00:00:00-04:00,106.4800033569336,108.05999755859375,105.66000366210938,107.2699966430664,2004900,0.0,0.0
2026-06-17 00:00:00-04:00,106.63999938964844,109.56999969482422,105.47000122070312,106.12000274658203,3281000,0.0,0.0
2026-06-18 00:00:00-04:00,107.12000274658203,111.30999755859375,107.12000274658203,108.69999694824219,3660500,0.0,0.0
2026-06-22 00:00:00-04:00,106.68000030517578,107.88999938964844,105.0199966430664,105.11000061035156,2110200,0.0,0.0
2026-06-23 00:00:00-04:00,105.5,107.68000030517578,104.80999755859375,106.47000122070312,1649200,0.0,0.0
2026-06-24 00:00:00-04:00,107.54000091552734,110.97000122070312,107.45999908447266,110.7300033569336,1255800,0.0,0.0
2026-06-25 00:00:00-04:00,110.81999969482422,114.58999633789062,110.19000244140625,112.98999786376953,1397900,0.0,0.0
2026-06-26 00:00:00-04:00,112.66999816894531,116.62000274658203,112.66999816894531,116.0199966430664,2841500,0.0,0.0
2026-06-29 00:00:00-04:00,114.91999816894531,117.19999694824219,114.37999725341797,117.18000030517578,1653000,0.0,0.0
2026-06-30 00:00:00-04:00,117.1500015258789,118.33499908447266,116.06500244140625,117.9800033569336,1206140,0.0,0.0
