Date,Open,High,Low,Close,Volume,Dividends,Stock Splits
2025-05-14 00:00:00-04:00,2.5,4.190000057220459,2.109999895095825,2.5999999046325684,807200,0.0,0.0
2025-05-15 00:00:00-04:00,2.6500000953674316,3.0,1.600000023841858,1.7899999618530273,1571700,0.0,0.0
2025-05-16 00:00:00-04:00,1.8600000143051147,2.0799999237060547,1.7400000095367432,2.0299999713897705,635200,0.0,0.0
2025-05-19 00:00:00-04:00,1.899999976158142,2.0299999713897705,1.75,1.8899999856948853,577400,0.0,0.0
2025-05-20 00:00:00-04:00,1.850000023841858,1.8899999856948853,1.690000057220459,1.75,252200,0.0,0.0
2025-05-21 00:00:00-04:00,1.75,1.7699999809265137,1.559999942779541,1.7400000095367432,186300,0.0,0.0
2025-05-22 00:00:00-04:00,1.6799999475479126,1.850000023841858,1.6100000143051147,1.6799999475479126,127500,0.0,0.0
2025-05-23 00:00:00-04:00,1.7100000381469727,1.8200000524520874,1.6799999475479126,1.7100000381469727,128400,0.0,0.0
2025-05-27 00:00:00-04:00,1.8619999885559082,1.9900000095367432,1.5199999809265137,1.5800000429153442,319900,0.0,0.0
2025-05-28 00:00:00-04:00,1.6950000524520874,1.7100000381469727,1.649999976158142,1.684999942779541,41900,0.0,0.0
2025-05-29 00:00:00-04:00,1.690000057220459,1.7079999446868896,1.5199999809265137,1.6399999856948853,60700,0.0,0.0
2025-05-30 00:00:00-04:00,1.6399999856948853,1.7000000476837158,1.5700000524520874,1.649999976158142,85500,0.0,0.0
2025-06-02 00:00:00-04:00,1.6699999570846558,1.7599999904632568,1.6100000143051147,1.6790000200271606,44000,0.0,0.0
2025-06-03 00:00:00-04:00,1.659999966621399,2.069999933242798,1.6399999856948853,1.9199999570846558,435800,0.0,0.0
2025-06-04 00:00:00-04:00,4.760000228881836,6.46999979019165,3.680000066757202,4.480000019073486,116715200,0.0,0.0
2025-06-05 00:00:00-04:00,4.829999923706055,4.900000095367432,3.2360000610351562,3.569999933242798,4100100,0.0,0.0
2025-06-06 00:00:00-04:00,3.880000114440918,3.940000057220459,3.2200000286102295,3.4000000953674316,1016400,0.0,0.0
2025-06-09 00:00:00-04:00,3.9000000953674316,5.73799991607666,3.809999942779541,5.510000228881836,7535900,0.0,0.0
2025-06-10 00:00:00-04:00,5.070000171661377,8.479999542236328,4.5,7.289999961853027,9844500,0.0,0.0
2025-06-11 00:00:00-04:00,7.355000019073486,7.583000183105469,6.03000020980835,6.460000038146973,1638400,0.0,0.0
2025-06-12 00:00:00-04:00,6.610000133514404,6.949999809265137,5.800000190734863,5.869999885559082,1145100,0.0,0.0
2025-06-13 00:00:00-04:00,5.78000020980835,5.854000091552734,2.609999895095825,2.9000000953674316,2585800,0.0,0.0
2025-06-16 00:00:00-04:00,4.079999923706055,4.269999980926514,3.5299999713897705,4.119999885559082,7134900,0.0,0.0
2025-06-17 00:00:00-04:00,3.740000009536743,4.849999904632568,3.740000009536743,4.639999866485596,1592600,0.0,0.0
2025-06-18 00:00:00-04:00,4.650000095367432,4.989999771118164,4.130000114440918,4.289999961853027,836900,0.0,0.0
2025-06-20 00:00:00-04:00,4.409999847412109,4.75,3.859999895095825,4.159999847412109,650600,0.0,0.0
2025-06-23 00:00:00-04:00,4.099999904632568,4.138999938964844,3.299999952316284,3.6700000762939453,737400,0.0,0.0
2025-06-24 00:00:00-04:00,3.9000000953674316,4.0,3.640000104904175,3.890000104904175,1288200,0.0,0.0
2025-06-25 00:00:00-04:00,3.8399999141693115,4.349999904632568,3.759999990463257,3.859999895095825,543500,0.0,0.0
2025-06-26 00:00:00-04:00,3.819999933242798,4.03000020980835,3.799999952316284,3.9100000858306885,229300,0.0,0.0
2025-06-27 00:00:00-04:00,3.950000047683716,4.03000020980835,3.6500000953674316,3.7100000381469727,373600,0.0,0.0
2025-06-30 00:00:00-04:00,3.700000047683716,3.7699999809265137,3.309999942779541,3.380000114440918,328700,0.0,0.0
2025-07-01 00:00:00-04:00,3.430000066757202,3.7039999961853027,3.390000104904175,3.440000057220459,141900,0.0,0.0
2025-07-02 00:00:00-04:00,3.4700000286102295,3.878000020980835,3.4700000286102295,3.7899999618530273,334300,0.0,0.0
2025-07-03 00:00:00-04:00,3.9800000190734863,4.300000190734863,3.8299999237060547,4.300000190734863,433200,0.0,0.0
2025-07-07 00:00:00-04:00,4.639999866485596,5.25,4.5,4.96999979019165,1329500,0.0,0.0
2025-07-08 00:00:00-04:00,5.28000020980835,5.445000171661377,5.010000228881836,5.199999809265137,485800,0.0,0.0
2025-07-09 00:00:00-04:00,5.309999942779541,5.699999809265137,5.300000190734863,5.519999980926514,347700,0.0,0.0
2025-07-10 00:00:00-04:00,5.550000190734863,5.570000171661377,4.440000057220459,4.599999904632568,10920200,0.0,0.0
2025-07-11 00:00:00-04:00,4.860000133514404,5.230000019073486,4.660999774932861,4.840000152587891,1661300,0.0,0.0
2025-07-14 00:00:00-04:00,4.96999979019165,5.054999828338623,4.5,4.650000095367432,628700,0.0,0.0
2025-07-15 00:00:00-04:00,4.760000228881836,4.870999813079834,4.179999828338623,4.300000190734863,510700,0.0,0.0
2025-07-16 00:00:00-04:00,4.409999847412109,4.452000141143799,4.03000020980835,4.25,456100,0.0,0.0
2025-07-17 00:00:00-04:00,4.269999980926514,4.380000114440918,4.139999866485596,4.21999979019165,278900,0.0,0.0
2025-07-18 00:00:00-04:00,4.300000190734863,4.377999782562256,4.150000095367432,4.21999979019165,216200,0.0,0.0
2025-07-21 00:00:00-04:00,4.260000228881836,4.579999923706055,4.0,4.389999866485596,1014000,0.0,0.0
2025-07-22 00:00:00-04:00,4.300000190734863,4.369999885559082,4.150000095367432,4.170000076293945,196300,0.0,0.0
2025-07-23 00:00:00-04:00,4.260000228881836,4.260000228881836,4.119999885559082,4.170000076293945,137400,0.0,0.0
2025-07-24 00:00:00-04:00,4.0,4.150000095367432,3.799999952316284,3.809999942779541,279900,0.0,0.0
2025-07-25 00:00:00-04:00,3.869999885559082,3.950000047683716,3.819999933242798,3.9100000858306885,151100,0.0,0.0
2025-07-28 00:00:00-04:00,4.130000114440918,4.269999980926514,3.859999895095825,3.940000057220459,246400,0.0,0.0
2025-07-29 00:00:00-04:00,3.9800000190734863,4.03000020980835,3.7899999618530273,3.880000114440918,124500,0.0,0.0
2025-07-30 00:00:00-04:00,3.880000114440918,4.150000095367432,3.8299999237060547,3.9200000762939453,158000,0.0,0.0
2025-07-31 00:00:00-04:00,3.9200000762939453,3.990000009536743,3.819999933242798,3.819999933242798,109500,0.0,0.0
2025-08-01 00:00:00-04:00,3.7799999713897705,3.8299999237060547,3.6110000610351562,3.740000009536743,128500,0.0,0.0
2025-08-04 00:00:00-04:00,3.8399999141693115,3.9149999618530273,3.7899999618530273,3.869999885559082,101100,0.0,0.0
2025-08-05 00:00:00-04:00,3.869999885559082,3.9000000953674316,3.8299999237060547,3.890000104904175,85300,0.0,0.0
2025-08-06 00:00:00-04:00,3.8399999141693115,3.930000066757202,3.8299999237060547,3.8499999046325684,83200,0.0,0.0
2025-08-07 00:00:00-04:00,3.799999952316284,3.859999895095825,3.700000047683716,3.8399999141693115,79400,0.0,0.0
2025-08-08 00:00:00-04:00,3.8299999237060547,3.9700000286102295,3.799999952316284,3.9000000953674316,143500,0.0,0.0
2025-08-11 00:00:00-04:00,3.799999952316284,3.869999885559082,3.5,3.509999990463257,322900,0.0,0.0
2025-08-12 00:00:00-04:00,3.5199999809265137,3.5199999809265137,2.9700000286102295,3.0,306300,0.0,0.0
2025-08-13 00:00:00-04:00,2.9700000286102295,3.0399999618530273,2.7699999809265137,2.819999933242798,284400,0.0,0.0
2025-08-14 00:00:00-04:00,2.7699999809265137,2.7799999713897705,2.5299999713897705,2.5999999046325684,145900,0.0,0.0
2025-08-15 00:00:00-04:00,2.559999942779541,2.678999900817871,2.490000009536743,2.640000104904175,173800,0.0,0.0
2025-08-18 00:00:00-04:00,2.559999942779541,2.559999942779541,2.4800000190734863,2.5199999809265137,126700,0.0,0.0
2025-08-19 00:00:00-04:00,2.4800000190734863,2.5799999237060547,2.359999895095825,2.4100000858306885,181900,0.0,0.0
2025-08-20 00:00:00-04:00,2.3399999141693115,2.3399999141693115,2.0899999141693115,2.1600000858306885,159000,0.0,0.0
2025-08-21 00:00:00-04:00,2.1500000953674316,2.2300000190734863,2.0399999618530273,2.1600000858306885,763300,0.0,0.0
2025-08-22 00:00:00-04:00,2.140000104904175,2.140000104904175,1.9600000381469727,1.9600000381469727,254100,0.0,0.0
2025-08-25 00:00:00-04:00,1.9299999475479126,2.109999895095825,1.9199999570846558,2.059999942779541,450600,0.0,0.0
2025-08-26 00:00:00-04:00,1.9700000286102295,1.9800000190734863,1.8799999952316284,1.8899999856948853,211200,0.0,0.0
2025-08-27 00:00:00-04:00,1.8949999809265137,1.8949999809265137,1.840000033378601,1.8600000143051147,143500,0.0,0.0
2025-08-28 00:00:00-04:00,1.7799999713897705,1.899999976158142,1.7699999809265137,1.850000023841858,317200,0.0,0.0
2025-08-29 00:00:00-04:00,1.7699999809265137,1.8200000524520874,1.7300000190734863,1.7300000190734863,186000,0.0,0.0
2025-09-02 00:00:00-04:00,1.7699999809265137,2.200000047683716,1.7309999465942383,2.140000104904175,1446800,0.0,0.0
2025-09-03 00:00:00-04:00,2.1500000953674316,2.1700000762939453,2.009999990463257,2.049999952316284,223700,0.0,0.0
2025-09-04 00:00:00-04:00,2.049999952316284,2.299999952316284,2.0299999713897705,2.2300000190734863,252800,0.0,0.0
2025-09-05 00:00:00-04:00,2.4000000953674316,3.1500000953674316,2.4000000953674316,2.440000057220459,4083000,0.0,0.0
2025-09-08 00:00:00-04:00,2.490000009536743,2.549999952316284,2.299999952316284,2.4200000762939453,265400,0.0,0.0
2025-09-09 00:00:00-04:00,2.390000104904175,2.5299999713897705,2.0999999046325684,2.180000066757202,322300,0.0,0.0
2025-09-10 00:00:00-04:00,2.1700000762939453,2.380000114440918,2.1700000762939453,2.309999942779541,168500,0.0,0.0
2025-09-11 00:00:00-04:00,2.369999885559082,2.371999979019165,2.069999933242798,2.0999999046325684,216500,0.0,0.0
2025-09-12 00:00:00-04:00,2.069999933242798,2.200000047683716,2.0199999809265137,2.1500000953674316,133800,0.0,0.0
2025-09-15 00:00:00-04:00,2.0799999237060547,2.3399999141693115,2.0799999237060547,2.2899999618530273,131300,0.0,0.0
2025-09-16 00:00:00-04:00,2.2799999713897705,2.440000057220459,2.25,2.359999895095825,130200,0.0,0.0
2025-09-17 00:00:00-04:00,2.309999942779541,2.5,2.309999942779541,2.359999895095825,121900,0.0,0.0
2025-09-18 00:00:00-04:00,2.3399999141693115,2.390000104904175,2.25,2.3399999141693115,160000,0.0,0.0
2025-09-19 00:00:00-04:00,2.259999990463257,2.325000047683716,2.240000009536743,2.2799999713897705,58200,0.0,0.0
2025-09-22 00:00:00-04:00,2.299999952316284,2.619999885559082,2.299999952316284,2.4600000381469727,291500,0.0,0.0
2025-09-23 00:00:00-04:00,2.4200000762939453,2.4700000286102295,2.3299999237060547,2.3399999141693115,89600,0.0,0.0
2025-09-24 00:00:00-04:00,2.309999942779541,2.390000104904175,2.25,2.299999952316284,128700,0.0,0.0
2025-09-25 00:00:00-04:00,2.369999885559082,2.4549999237060547,2.3299999237060547,2.4100000858306885,120000,0.0,0.0
2025-09-26 00:00:00-04:00,2.430000066757202,2.6500000953674316,2.430000066757202,2.5799999237060547,184200,0.0,0.0
2025-09-29 00:00:00-04:00,2.5799999237060547,2.6600000858306885,2.4210000038146973,2.509999990463257,310900,0.0,0.0
2025-09-30 00:00:00-04:00,2.509999990463257,2.5399999618530273,2.4100000858306885,2.4200000762939453,57200,0.0,0.0
2025-10-01 00:00:00-04:00,2.4100000858306885,2.490000009536743,2.380000114440918,2.430000066757202,92100,0.0,0.0
2025-10-02 00:00:00-04:00,2.5,2.609999895095825,2.450000047683716,2.5899999141693115,122900,0.0,0.0
2025-10-03 00:00:00-04:00,2.7100000381469727,2.9100000858306885,2.680000066757202,2.9000000953674316,266500,0.0,0.0
2025-10-06 00:00:00-04:00,3.059999942779541,3.187000036239624,2.749000072479248,2.8499999046325684,534100,0.0,0.0
2025-10-07 00:00:00-04:00,2.990000009536743,2.990000009536743,2.700000047683716,2.7699999809265137,167100,0.0,0.0
2025-10-08 00:00:00-04:00,2.7699999809265137,2.7899999618530273,2.549999952316284,2.630000114440918,122700,0.0,0.0
2025-10-09 00:00:00-04:00,2.5799999237060547,2.609999895095825,2.3299999237060547,2.440000057220459,127200,0.0,0.0
2025-10-10 00:00:00-04:00,2.5299999713897705,2.690000057220459,2.4200000762939453,2.4200000762939453,133600,0.0,0.0
2025-10-13 00:00:00-04:00,2.559999942779541,2.694999933242798,2.5199999809265137,2.6700000762939453,142200,0.0,0.0
2025-10-14 00:00:00-04:00,2.8499999046325684,3.065000057220459,2.6600000858306885,3.0,408100,0.0,0.0
2025-10-15 00:00:00-04:00,3.240000009536743,3.25,2.940000057220459,3.009999990463257,212800,0.0,0.0
2025-10-16 00:00:00-04:00,3.1600000858306885,3.3299999237060547,2.450000047683716,2.450000047683716,462400,0.0,0.0
2025-10-17 00:00:00-04:00,2.4100000858306885,2.430000066757202,2.140000104904175,2.184999942779541,161000,0.0,0.0
2025-10-20 00:00:00-04:00,2.2300000190734863,2.318000078201294,2.180000066757202,2.200000047683716,84300,0.0,0.0
2025-10-21 00:00:00-04:00,2.180000066757202,2.2690000534057617,2.180000066757202,2.240000009536743,38200,0.0,0.0
2025-10-22 00:00:00-04:00,2.200000047683716,2.25,2.115000009536743,2.1500000953674316,63300,0.0,0.0
2025-10-23 00:00:00-04:00,2.109999895095825,2.259999990463257,2.009999990463257,2.180000066757202,117600,0.0,0.0
2025-10-24 00:00:00-04:00,2.190000057220459,2.190000057220459,2.0399999618530273,2.069999933242798,76700,0.0,0.0
2025-10-27 00:00:00-04:00,2.069999933242798,2.1089999675750732,1.9800000190734863,2.0299999713897705,69800,0.0,0.0
2025-10-28 00:00:00-04:00,1.9600000381469727,2.109999895095825,1.9199999570846558,2.069999933242798,94400,0.0,0.0
2025-10-29 00:00:00-04:00,2.069999933242798,2.109999895095825,1.9900000095367432,2.0,28600,0.0,0.0
2025-10-30 00:00:00-04:00,2.0,2.0179998874664307,1.8899999856948853,1.940000057220459,122200,0.0,0.0
2025-10-31 00:00:00-04:00,1.9500000476837158,1.9759999513626099,1.899999976158142,1.9199999570846558,44700,0.0,0.0
2025-11-03 00:00:00-05:00,1.9500000476837158,1.965000033378601,1.8200000524520874,1.909999966621399,66500,0.0,0.0
2025-11-04 00:00:00-05:00,1.850000023841858,1.8600000143051147,1.715000033378601,1.7400000095367432,90100,0.0,0.0
2025-11-05 00:00:00-05:00,1.7400000095367432,1.774999976158142,1.6799999475479126,1.7599999904632568,70900,0.0,0.0
2025-11-06 00:00:00-05:00,1.7300000190734863,1.7599999904632568,1.690000057220459,1.7000000476837158,33500,0.0,0.0
2025-11-07 00:00:00-05:00,1.6299999952316284,1.659999966621399,1.4950000047683716,1.659999966621399,119400,0.0,0.0
2025-11-10 00:00:00-05:00,1.6699999570846558,1.7300000190734863,1.5,1.5800000429153442,148600,0.0,0.0
2025-11-11 00:00:00-05:00,1.6200000047683716,1.649999976158142,1.5700000524520874,1.5700000524520874,37600,0.0,0.0
2025-11-12 00:00:00-05:00,1.5700000524520874,1.6440000534057617,1.5099999904632568,1.5199999809265137,41900,0.0,0.0
2025-11-13 00:00:00-05:00,1.5099999904632568,1.531999945640564,1.309999942779541,1.3700000047683716,140700,0.0,0.0
2025-11-14 00:00:00-05:00,1.3600000143051147,1.3600000143051147,1.100000023841858,1.149999976158142,192600,0.0,0.0
2025-11-17 00:00:00-05:00,1.2000000476837158,1.899999976158142,1.2000000476837158,1.3899999856948853,2477400,0.0,0.0
2025-11-18 00:00:00-05:00,1.4800000190734863,1.4800000190734863,1.2000000476837158,1.340000033378601,275800,0.0,0.0
2025-11-19 00:00:00-05:00,1.2999999523162842,1.3450000286102295,1.2599999904632568,1.2599999904632568,95200,0.0,0.0
2025-11-20 00:00:00-05:00,1.2200000286102295,1.2200000286102295,0.9279999732971191,0.9729999899864197,396700,0.0,0.0
2025-11-21 00:00:00-05:00,0.9990000128746033,1.0,0.6650000214576721,0.7409999966621399,457100,0.0,0.0
2025-11-24 00:00:00-05:00,0.7519999742507935,1.2000000476837158,0.7519999742507935,0.8999999761581421,3009200,0.0,0.0
2025-11-25 00:00:00-05:00,0.7580000162124634,0.7889999747276306,0.48500001430511475,0.5090000033378601,2459900,0.0,0.0
2025-11-26 00:00:00-05:00,0.5799999833106995,0.8600000143051147,0.5699999928474426,0.6600000262260437,10799600,0.0,0.0
2025-11-28 00:00:00-05:00,0.699999988079071,0.7979999780654907,0.6800000071525574,0.75,22097800,0.0,0.0
2025-12-01 00:00:00-05:00,0.7160000205039978,0.8159999847412109,0.699999988079071,0.7269999980926514,2308100,0.0,0.0
2025-12-02 00:00:00-05:00,0.7009999752044678,0.7900000214576721,0.7009999752044678,0.7799999713897705,746100,0.0,0.0
2025-12-03 00:00:00-05:00,0.734000027179718,0.7900000214576721,0.7300000190734863,0.7680000066757202,585000,0.0,0.0
2025-12-04 00:00:00-05:00,0.7799999713897705,0.8100000023841858,0.7360000014305115,0.8100000023841858,951900,0.0,0.0
2025-12-05 00:00:00-05:00,0.8100000023841858,0.8100000023841858,0.7300000190734863,0.7300000190734863,472200,0.0,0.0
2025-12-08 00:00:00-05:00,0.7409999966621399,0.7720000147819519,0.6679999828338623,0.6990000009536743,433700,0.0,0.0
2025-12-09 00:00:00-05:00,0.6959999799728394,0.7200000286102295,0.6600000262260437,0.6610000133514404,407100,0.0,0.0
2025-12-10 00:00:00-05:00,0.6639999747276306,0.6899999976158142,0.6150000095367432,0.6740000247955322,274300,0.0,0.0
2025-12-11 00:00:00-05:00,0.6869999766349792,0.6869999766349792,0.6200000047683716,0.6389999985694885,374200,0.0,0.0
2025-12-12 00:00:00-05:00,0.6499999761581421,0.6499999761581421,0.6000000238418579,0.6190000176429749,269800,0.0,0.0
2025-12-15 00:00:00-05:00,0.6000000238418579,0.625,0.46700000762939453,0.5360000133514404,2279100,0.0,0.0
2025-12-16 00:00:00-05:00,0.5339999794960022,0.5400000214576721,0.4569999873638153,0.48399999737739563,1299300,0.0,0.0
2025-12-17 00:00:00-05:00,0.48399999737739563,0.4860000014305115,0.41999998688697815,0.42800000309944153,817500,0.0,0.0
2025-12-18 00:00:00-05:00,0.45500001311302185,0.46000000834465027,0.4129999876022339,0.4189999997615814,623400,0.0,0.0
2025-12-19 00:00:00-05:00,0.4399999976158142,0.44999998807907104,0.42100000381469727,0.4309999942779541,448600,0.0,0.0
2025-12-22 00:00:00-05:00,0.45899999141693115,0.4659999907016754,0.4020000100135803,0.414000004529953,1054100,0.0,0.0
2025-12-23 00:00:00-05:00,0.4099999964237213,0.42500001192092896,0.39399999380111694,0.4230000078678131,545900,0.0,0.0
2025-12-24 00:00:00-05:00,0.42800000309944153,0.42800000309944153,0.4020000100135803,0.4099999964237213,497900,0.0,0.0
2025-12-26 00:00:00-05:00,0.42800000309944153,0.4300000071525574,0.38999998569488525,0.38999998569488525,966900,0.0,0.0
2025-12-29 00:00:00-05:00,0.39500001072883606,0.4099999964237213,0.3840000033378601,0.40299999713897705,591400,0.0,0.0
2025-12-30 00:00:00-05:00,0.41499999165534973,0.41999998688697815,0.3840000033378601,0.3840000033378601,480000,0.0,0.0
2025-12-31 00:00:00-05:00,0.4050000011920929,0.4180000126361847,0.3880000114440918,0.4099999964237213,277100,0.0,0.0
2026-01-02 00:00:00-05:00,0.4350000023841858,0.49900001287460327,0.41999998688697815,0.44200000166893005,517100,0.0,0.0
2026-01-05 00:00:00-05:00,0.4699999988079071,0.4699999988079071,0.42100000381469727,0.4230000078678131,450800,0.0,0.0
2026-01-06 00:00:00-05:00,0.4189999997615814,0.47999998927116394,0.4000000059604645,0.4020000100135803,1291100,0.0,0.0
2026-01-07 00:00:00-05:00,0.4259999990463257,0.49000000953674316,0.4129999876022339,0.47699999809265137,936800,0.0,0.0
2026-01-08 00:00:00-05:00,0.4740000069141388,0.47699999809265137,0.42100000381469727,0.42899999022483826,406500,0.0,0.0
2026-01-09 00:00:00-05:00,0.453000009059906,0.4690000116825104,0.4410000145435333,0.45500001311302185,277300,0.0,0.0
2026-01-12 00:00:00-05:00,0.44699999690055847,0.46799999475479126,0.44699999690055847,0.46299999952316284,207700,0.0,0.0
2026-01-13 00:00:00-05:00,0.4519999921321869,0.4699999988079071,0.4519999921321869,0.4620000123977661,233300,0.0,0.0
2026-01-14 00:00:00-05:00,0.4650000035762787,0.5,0.4620000123977661,0.48100000619888306,283100,0.0,0.0
2026-01-15 00:00:00-05:00,0.48899999260902405,0.5389999747276306,0.4819999933242798,0.5360000133514404,404500,0.0,0.0
2026-01-16 00:00:00-05:00,0.5360000133514404,0.6890000104904175,0.5360000133514404,0.671999990940094,1621300,0.0,0.0
2026-01-20 00:00:00-05:00,0.7099999785423279,0.7789999842643738,0.6869999766349792,0.7710000276565552,556100,0.0,0.0
2026-01-21 00:00:00-05:00,0.8889999985694885,0.8999999761581421,0.75,0.7950000166893005,1339900,0.0,0.0
2026-01-22 00:00:00-05:00,0.7950000166893005,0.8360000252723694,0.7950000166893005,0.7950000166893005,152000,0.0,0.0
2026-01-23 00:00:00-05:00,0.8100000023841858,0.8880000114440918,0.8019999861717224,0.8809999823570251,314200,0.0,0.0
2026-01-26 00:00:00-05:00,0.8109999895095825,0.8299999833106995,0.699999988079071,0.699999988079071,523800,0.0,0.0
2026-01-27 00:00:00-05:00,0.7739999890327454,0.8199999928474426,0.7400000095367432,0.7850000262260437,208300,0.0,0.0
2026-01-28 00:00:00-05:00,0.7979999780654907,0.8270000219345093,0.7960000038146973,0.8059999942779541,108500,0.0,0.0
2026-01-29 00:00:00-05:00,0.8299999833106995,0.8450000286102295,0.7789999842643738,0.8169999718666077,169300,0.0,0.0
2026-01-30 00:00:00-05:00,0.8180000185966492,0.8610000014305115,0.8180000185966492,0.8550000190734863,81700,0.0,0.0
2026-02-02 00:00:00-05:00,0.8600000143051147,0.8629999756813049,0.8360000252723694,0.8510000109672546,188100,0.0,0.0
2026-02-03 00:00:00-05:00,0.8550000190734863,0.8700000047683716,0.8149999976158142,0.8339999914169312,221800,0.0,0.0
2026-02-04 00:00:00-05:00,0.8289999961853027,0.8640000224113464,0.8240000009536743,0.8410000205039978,125400,0.0,0.0
2026-02-05 00:00:00-05:00,0.8240000009536743,0.8489999771118164,0.7279999852180481,0.7509999871253967,164800,0.0,0.0
2026-02-06 00:00:00-05:00,0.75,0.8090000152587891,0.746999979019165,0.7699999809265137,71600,0.0,0.0
2026-02-09 00:00:00-05:00,0.800000011920929,0.8399999737739563,0.800000011920929,0.800000011920929,64600,0.0,0.0
2026-02-10 00:00:00-05:00,0.8199999928474426,0.824999988079071,0.7519999742507935,0.7519999742507935,82100,0.0,0.0
2026-02-11 00:00:00-05:00,0.7720000147819519,0.7839999794960022,0.7519999742507935,0.7590000033378601,63600,0.0,0.0
2026-02-12 00:00:00-05:00,0.7699999809265137,0.7760000228881836,0.75,0.7699999809265137,129500,0.0,0.0
2026-02-13 00:00:00-05:00,0.7680000066757202,0.8420000076293945,0.7680000066757202,0.8389999866485596,161000,0.0,0.0
2026-02-17 00:00:00-05:00,0.847000002861023,0.847000002861023,0.8109999895095825,0.8320000171661377,113500,0.0,0.0
2026-02-18 00:00:00-05:00,0.8320000171661377,0.8859999775886536,0.7919999957084656,0.7919999957084656,242400,0.0,0.0
2026-02-19 00:00:00-05:00,0.828000009059906,0.828000009059906,0.7620000243186951,0.7670000195503235,217600,0.0,0.0
2026-02-20 00:00:00-05:00,0.7720000147819519,0.7990000247955322,0.7450000047683716,0.746999979019165,252900,0.0,0.0
2026-02-23 00:00:00-05:00,0.7400000095367432,0.753000020980835,0.6710000038146973,0.7260000109672546,309200,0.0,0.0
2026-02-24 00:00:00-05:00,0.7289999723434448,0.7289999723434448,0.6830000281333923,0.6850000023841858,116600,0.0,0.0
2026-02-25 00:00:00-05:00,0.6769999861717224,0.6899999976158142,0.6729999780654907,0.6859999895095825,133500,0.0,0.0
2026-02-26 00:00:00-05:00,0.6859999895095825,0.6859999895095825,0.6359999775886536,0.6470000147819519,69000,0.0,0.0
2026-02-27 00:00:00-05:00,0.6269999742507935,0.6499999761581421,0.6269999742507935,0.6489999890327454,110300,0.0,0.0
2026-03-02 00:00:00-05:00,0.6439999938011169,0.6539999842643738,0.5989999771118164,0.6119999885559082,162500,0.0,0.0
2026-03-03 00:00:00-05:00,0.6399999856948853,0.6439999938011169,0.6129999756813049,0.6129999756813049,38400,0.0,0.0
2026-03-04 00:00:00-05:00,0.6299999952316284,0.6299999952316284,0.6100000143051147,0.6200000047683716,44900,0.0,0.0
2026-03-05 00:00:00-05:00,0.6499999761581421,0.7300000190734863,0.6110000014305115,0.6129999756813049,347200,0.0,0.0
2026-03-06 00:00:00-05:00,0.6489999890327454,0.7200000286102295,0.6299999952316284,0.6299999952316284,287500,0.0,0.0
2026-03-09 00:00:00-04:00,0.6200000047683716,0.6570000052452087,0.6179999709129333,0.6539999842643738,66000,0.0,0.0
2026-03-10 00:00:00-04:00,0.640999972820282,0.703000009059906,0.640999972820282,0.6690000295639038,90300,0.0,0.0
2026-03-11 00:00:00-04:00,0.6549999713897705,0.7670000195503235,0.6019999980926514,0.6019999980926514,501600,0.0,0.0
2026-03-12 00:00:00-04:00,0.6209999918937683,0.6370000243186951,0.6200000047683716,0.6269999742507935,67200,0.0,0.0
2026-03-13 00:00:00-04:00,0.6000000238418579,0.6299999952316284,0.6000000238418579,0.6150000095367432,140400,0.0,0.0
2026-03-16 00:00:00-04:00,0.6200000047683716,0.6439999938011169,0.6000000238418579,0.621999979019165,191200,0.0,0.0
2026-03-17 00:00:00-04:00,0.6320000290870667,0.6600000262260437,0.6290000081062317,0.6399999856948853,162800,0.0,0.0
2026-03-18 00:00:00-04:00,0.6499999761581421,0.699999988079071,0.6470000147819519,0.6859999895095825,411300,0.0,0.0
2026-03-19 00:00:00-04:00,0.6650000214576721,0.699999988079071,0.6600000262260437,0.6819999814033508,472600,0.0,0.0
2026-03-20 00:00:00-04:00,0.699999988079071,0.7400000095367432,0.6499999761581421,0.7070000171661377,326000,0.0,0.0
2026-03-23 00:00:00-04:00,0.6850000023841858,0.7200000286102295,0.6800000071525574,0.6809999942779541,313300,0.0,0.0
2026-03-24 00:00:00-04:00,0.6650000214576721,0.675000011920929,0.6600000262260437,0.6679999828338623,120100,0.0,0.0
2026-03-25 00:00:00-04:00,0.6890000104904175,0.6890000104904175,0.6039999723434448,0.6200000047683716,168600,0.0,0.0
2026-03-26 00:00:00-04:00,0.6499999761581421,0.6499999761581421,0.5899999737739563,0.5979999899864197,108600,0.0,0.0
2026-03-27 00:00:00-04:00,0.5899999737739563,0.6000000238418579,0.550000011920929,0.5740000009536743,97700,0.0,0.0
2026-03-30 00:00:00-04:00,0.5740000009536743,0.5740000009536743,0.5249999761581421,0.5260000228881836,90100,0.0,0.0
2026-03-31 00:00:00-04:00,0.5320000052452087,0.5320000052452087,0.5,0.5189999938011169,97100,0.0,0.0
2026-04-01 00:00:00-04:00,0.5170000195503235,0.5350000262260437,0.4350000023841858,0.46299999952316284,274100,0.0,0.0
2026-04-02 00:00:00-04:00,0.46399998664855957,0.4819999933242798,0.46299999952316284,0.4790000021457672,77900,0.0,0.0
2026-04-06 00:00:00-04:00,0.48899999260902405,0.5049999952316284,0.46799999475479126,0.49900001287460327,207300,0.0,0.0
2026-04-07 00:00:00-04:00,0.5139999985694885,0.6190000176429749,0.5099999904632568,0.5709999799728394,489000,0.0,0.0
2026-04-08 00:00:00-04:00,0.5619999766349792,0.6740000247955322,0.5619999766349792,0.6299999952316284,208900,0.0,0.0
2026-04-09 00:00:00-04:00,0.6700000166893005,0.7099999785423279,0.6499999761581421,0.6850000023841858,246300,0.0,0.0
2026-04-10 00:00:00-04:00,0.6000000238418579,0.6019999980926514,0.38600000739097595,0.453000009059906,8475200,0.0,0.0
2026-04-13 00:00:00-04:00,0.4309999942779541,0.43799999356269836,0.3580000102519989,0.39899998903274536,1403000,0.0,0.0
2026-04-14 00:00:00-04:00,0.37400001287460327,0.39500001072883606,0.36000001430511475,0.3889999985694885,708900,0.0,0.0
2026-04-15 00:00:00-04:00,0.3880000114440918,0.39399999380111694,0.3709999918937683,0.382999986410141,375700,0.0,0.0
2026-04-16 00:00:00-04:00,0.4050000011920929,0.4050000011920929,0.3630000054836273,0.3709999918937683,516300,0.0,0.0
2026-04-17 00:00:00-04:00,0.3700000047683716,0.37299999594688416,0.36000001430511475,0.367000013589859,375900,0.0,0.0
2026-04-20 00:00:00-04:00,0.36000001430511475,0.3700000047683716,0.3269999921321869,0.3319999873638153,540600,0.0,0.0
2026-04-21 00:00:00-04:00,0.3400000035762787,0.3790000081062317,0.3400000035762787,0.35100001096725464,373400,0.0,0.0
2026-04-22 00:00:00-04:00,0.3499999940395355,0.3610000014305115,0.33500000834465027,0.35100001096725464,452500,0.0,0.0
2026-04-23 00:00:00-04:00,0.34599998593330383,0.3529999852180481,0.3199999928474426,0.32600000500679016,307800,0.0,0.0
2026-04-24 00:00:00-04:00,0.32199999690055847,0.32199999690055847,0.30000001192092896,0.30000001192092896,223100,0.0,0.0
2026-04-27 00:00:00-04:00,0.29899999499320984,0.3330000042915344,0.2800000011920929,0.30000001192092896,1366400,0.0,0.0
2026-04-28 00:00:00-04:00,0.3089999854564667,0.34599998593330383,0.29600000381469727,0.3330000042915344,508200,0.0,0.0
2026-04-29 00:00:00-04:00,0.32600000500679016,0.36000001430511475,0.32600000500679016,0.3490000069141388,365100,0.0,0.0
2026-04-30 00:00:00-04:00,0.35199999809265137,0.4309999942779541,0.35199999809265137,0.40299999713897705,816600,0.0,0.0
2026-05-01 00:00:00-04:00,0.38100001215934753,0.44699999690055847,0.38100001215934753,0.4129999876022339,456500,0.0,0.0
2026-05-04 00:00:00-04:00,0.3100000023841858,0.3179999887943268,0.2800000011920929,0.3070000112056732,10204600,0.0,0.0
2026-05-05 00:00:00-04:00,0.31200000643730164,0.33000001311302185,0.296999990940094,0.30399999022483826,973000,0.0,0.0
2026-05-06 00:00:00-04:00,0.3100000023841858,0.3179999887943268,0.2939999997615814,0.31299999356269836,326800,0.0,0.0
2026-05-07 00:00:00-04:00,0.31200000643730164,0.3160000145435333,0.3009999990463257,0.3140000104904175,276000,0.0,0.0
2026-05-08 00:00:00-04:00,0.30799999833106995,0.3190000057220459,0.29899999499320984,0.3100000023841858,317700,0.0,0.0
2026-05-11 00:00:00-04:00,0.30399999022483826,0.3059999942779541,0.27900001406669617,0.28700000047683716,649700,0.0,0.0
2026-05-12 00:00:00-04:00,0.30000001192092896,0.30300000309944153,0.28600001335144043,0.28700000047683716,382000,0.0,0.0
2026-05-13 00:00:00-04:00,0.289000004529953,0.2980000078678131,0.27799999713897705,0.28200000524520874,249700,0.0,0.0
2026-05-14 00:00:00-04:00,0.28700000047683716,0.28999999165534973,0.2709999978542328,0.28299999237060547,551600,0.0,0.0
2026-05-15 00:00:00-04:00,0.2759999930858612,0.28299999237060547,0.26499998569488525,0.27300000190734863,196800,0.0,0.0
2026-05-18 00:00:00-04:00,0.27000001072883606,0.2709999978542328,0.25099998712539673,0.2529999911785126,341700,0.0,0.0
2026-05-19 00:00:00-04:00,0.25,0.26100000739097595,0.23999999463558197,0.25200000405311584,257200,0.0,0.0
2026-05-20 00:00:00-04:00,0.25099998712539673,0.25999999046325684,0.24899999797344208,0.25999999046325684,206900,0.0,0.0
2026-05-21 00:00:00-04:00,0.2549999952316284,0.27300000190734863,0.25200000405311584,0.2669999897480011,232800,0.0,0.0
2026-05-22 00:00:00-04:00,0.2750000059604645,0.2750000059604645,0.2669999897480011,0.27000001072883606,275100,0.0,0.0
2026-05-26 00:00:00-04:00,0.27000001072883606,0.27799999713897705,0.25699999928474426,0.25699999928474426,254100,0.0,0.0
2026-05-27 00:00:00-04:00,0.25999999046325684,0.25999999046325684,0.24500000476837158,0.2529999911785126,354300,0.0,0.0
2026-05-28 00:00:00-04:00,0.26100000739097595,0.28200000524520874,0.25200000405311584,0.27900001406669617,450200,0.0,0.0
2026-05-29 00:00:00-04:00,0.28299999237060547,0.28700000047683716,0.2549999952316284,0.26600000262260437,400300,0.0,0.0
2026-06-01 00:00:00-04:00,0.26600000262260437,0.2720000147819519,0.25999999046325684,0.2709999978542328,510800,0.0,0.0
2026-06-02 00:00:00-04:00,0.27000001072883606,0.27300000190734863,0.24699999392032623,0.2540000081062317,951600,0.0,0.0
2026-06-03 00:00:00-04:00,0.2460000067949295,0.25,0.20399999618530273,0.22300000488758087,747900,0.0,0.0
2026-06-04 00:00:00-04:00,0.2280000001192093,0.24400000274181366,0.2199999988079071,0.23199999332427979,2200200,0.0,0.0
2026-06-05 00:00:00-04:00,0.22100000083446503,0.23499999940395355,0.19200000166893005,0.19900000095367432,970300,0.0,0.0
2026-06-08 00:00:00-04:00,0.20999999344348907,0.2290000021457672,0.1899999976158142,0.2280000001192093,1933200,0.0,0.0
2026-06-09 00:00:00-04:00,0.23499999940395355,0.25200000405311584,0.20499999821186066,0.22699999809265137,3397200,0.0,0.0
2026-06-10 00:00:00-04:00,0.2280000001192093,0.32499998807907104,0.22300000488758087,0.2409999966621399,5929300,0.0,0.0
2026-06-11 00:00:00-04:00,0.23999999463558197,0.24699999392032623,0.2199999988079071,0.2280000001192093,1318900,0.0,0.0
2026-06-12 00:00:00-04:00,0.2199999988079071,0.23499999940395355,0.20999999344348907,0.210999995470047,669800,0.0,0.0
2026-06-15 00:00:00-04:00,0.21299999952316284,0.2280000001192093,0.210999995470047,0.21799999475479126,632000,0.0,0.0
2026-06-16 00:00:00-04:00,0.21699999272823334,0.22200000286102295,0.20000000298023224,0.2160000056028366,553800,0.0,0.0
2026-06-17 00:00:00-04:00,0.21699999272823334,0.22300000488758087,0.20600000023841858,0.20800000429153442,425000,0.0,0.0
2026-06-18 00:00:00-04:00,0.20999999344348907,0.2160000056028366,0.2029999941587448,0.2070000022649765,273800,0.0,0.0
2026-06-22 00:00:00-04:00,0.20000000298023224,0.20999999344348907,0.1770000010728836,0.18299999833106995,1097400,0.0,0.0
2026-06-23 00:00:00-04:00,0.1770000010728836,0.1889999955892563,0.17299999296665192,0.1850000023841858,12877300,0.0,0.0
2026-06-24 00:00:00-04:00,0.17800000309944153,0.19499999284744263,0.16200000047683716,0.17900000512599945,7561400,0.0,0.0
2026-06-25 00:00:00-04:00,0.17599999904632568,0.18000000715255737,0.15649999678134918,0.17100000381469727,1501378,0.0,0.0
