Date,Open,High,Low,Close,Volume,Dividends,Stock Splits
2022-01-03 00:00:00-05:00,35.400001525878906,36.20000076293945,34.400001525878906,35.79999923706055,49200,0.0,0.0
2022-01-04 00:00:00-05:00,35.20000076293945,38.400001525878906,35.20000076293945,37.599998474121094,94160,0.0,0.0
2022-01-05 00:00:00-05:00,37.20000076293945,39.0,35.599998474121094,36.20000076293945,86285,0.0,0.0
2022-01-06 00:00:00-05:00,36.20000076293945,36.20000076293945,32.400001525878906,33.0,99135,0.0,0.0
2022-01-07 00:00:00-05:00,33.0,33.79999923706055,31.200000762939453,32.20000076293945,81355,0.0,0.0
2022-01-10 00:00:00-05:00,31.799999237060547,31.799999237060547,29.399999618530273,30.600000381469727,83105,0.0,0.0
2022-01-11 00:00:00-05:00,30.799999237060547,31.799999237060547,29.600000381469727,30.799999237060547,71175,0.0,0.0
2022-01-12 00:00:00-05:00,31.200000762939453,31.799999237060547,30.0,30.0,44410,0.0,0.0
2022-01-13 00:00:00-05:00,30.399999618530273,32.0,29.799999237060547,30.0,58055,0.0,0.0
2022-01-14 00:00:00-05:00,30.0,30.200000762939453,28.600000381469727,29.600000381469727,42010,0.0,0.0
2022-01-18 00:00:00-05:00,29.200000762939453,29.600000381469727,27.600000381469727,28.0,64695,0.0,0.0
2022-01-19 00:00:00-05:00,28.200000762939453,29.0,27.0,28.799999237060547,55270,0.0,0.0
2022-01-20 00:00:00-05:00,29.0,30.799999237060547,27.399999618530273,27.799999237060547,57305,0.0,0.0
2022-01-21 00:00:00-05:00,27.799999237060547,28.0,26.399999618530273,27.0,49870,0.0,0.0
2022-01-24 00:00:00-05:00,27.0,29.399999618530273,26.0,28.799999237060547,75285,0.0,0.0
2022-01-25 00:00:00-05:00,29.0,31.799999237060547,29.0,31.399999618530273,43835,0.0,0.0
2022-01-26 00:00:00-05:00,31.799999237060547,33.0,29.600000381469727,30.0,60175,0.0,0.0
2022-01-27 00:00:00-05:00,30.0,30.600000381469727,27.600000381469727,27.600000381469727,33235,0.0,0.0
2022-01-28 00:00:00-05:00,27.799999237060547,29.799999237060547,26.399999618530273,28.799999237060547,54550,0.0,0.0
2022-01-31 00:00:00-05:00,28.600000381469727,30.200000762939453,28.600000381469727,29.799999237060547,34790,0.0,0.0
2022-02-01 00:00:00-05:00,30.0,30.399999618530273,28.600000381469727,30.399999618530273,39340,0.0,0.0
2022-02-02 00:00:00-05:00,30.200000762939453,30.399999618530273,28.0,29.600000381469727,48960,0.0,0.0
2022-02-03 00:00:00-05:00,32.0,36.0,31.399999618530273,31.600000381469727,202135,0.0,0.0
2022-02-04 00:00:00-05:00,31.200000762939453,31.799999237060547,28.600000381469727,29.200000762939453,113460,0.0,0.0
2022-02-07 00:00:00-05:00,29.399999618530273,33.400001525878906,29.200000762939453,30.799999237060547,69415,0.0,0.0
2022-02-08 00:00:00-05:00,31.399999618530273,34.0,31.0,33.0,62840,0.0,0.0
2022-02-09 00:00:00-05:00,34.0,34.0,31.0,33.0,72515,0.0,0.0
2022-02-10 00:00:00-05:00,32.0,36.400001525878906,32.0,33.599998474121094,105435,0.0,0.0
2022-02-11 00:00:00-05:00,34.20000076293945,35.0,32.400001525878906,34.79999923706055,75800,0.0,0.0
2022-02-14 00:00:00-05:00,35.0,35.0,32.599998474121094,33.599998474121094,43220,0.0,0.0
2022-02-15 00:00:00-05:00,33.79999923706055,36.0,33.79999923706055,36.0,34205,0.0,0.0
2022-02-16 00:00:00-05:00,35.599998474121094,38.400001525878906,35.20000076293945,37.400001525878906,53665,0.0,0.0
2022-02-17 00:00:00-05:00,37.79999923706055,40.0,37.0,38.79999923706055,70685,0.0,0.0
2022-02-18 00:00:00-05:00,39.0,39.0,36.599998474121094,38.0,45190,0.0,0.0
2022-02-22 00:00:00-05:00,37.400001525878906,37.400001525878906,33.79999923706055,34.20000076293945,51735,0.0,0.0
2022-02-23 00:00:00-05:00,34.79999923706055,35.400001525878906,32.79999923706055,34.20000076293945,32575,0.0,0.0
2022-02-24 00:00:00-05:00,32.0,34.400001525878906,30.600000381469727,34.400001525878906,55545,0.0,0.0
2022-02-25 00:00:00-05:00,34.599998474121094,36.400001525878906,33.79999923706055,36.20000076293945,37990,0.0,0.0
2022-02-28 00:00:00-05:00,36.599998474121094,37.0,35.20000076293945,36.20000076293945,35100,0.0,0.0
2022-03-01 00:00:00-05:00,36.599998474121094,37.0,34.0,34.79999923706055,20920,0.0,0.0
2022-03-02 00:00:00-05:00,35.20000076293945,35.400001525878906,33.79999923706055,35.0,24785,0.0,0.0
2022-03-03 00:00:00-05:00,35.20000076293945,35.20000076293945,32.20000076293945,33.0,34925,0.0,0.0
2022-03-04 00:00:00-05:00,32.20000076293945,33.20000076293945,31.399999618530273,32.20000076293945,33375,0.0,0.0
2022-03-07 00:00:00-05:00,30.799999237060547,34.20000076293945,30.799999237060547,33.20000076293945,55570,0.0,0.0
2022-03-08 00:00:00-05:00,33.20000076293945,37.79999923706055,32.79999923706055,37.400001525878906,46745,0.0,0.0
2022-03-09 00:00:00-05:00,37.79999923706055,41.0,37.599998474121094,39.400001525878906,39810,0.0,0.0
2022-03-10 00:00:00-05:00,38.0,41.0,36.599998474121094,38.599998474121094,28095,0.0,0.0
2022-03-11 00:00:00-05:00,39.400001525878906,39.400001525878906,37.400001525878906,37.599998474121094,28895,0.0,0.0
2022-03-14 00:00:00-04:00,39.599998474121094,39.599998474121094,33.20000076293945,34.0,52465,0.0,0.0
2022-03-15 00:00:00-04:00,34.400001525878906,37.79999923706055,34.0,37.79999923706055,40960,0.0,0.0
2022-03-16 00:00:00-04:00,38.599998474121094,41.0,38.599998474121094,39.20000076293945,52215,0.0,0.0
2022-03-17 00:00:00-04:00,40.0,41.79999923706055,39.400001525878906,40.20000076293945,49620,0.0,0.0
2022-03-18 00:00:00-04:00,40.20000076293945,44.20000076293945,40.0,42.599998474121094,120880,0.0,0.0
2022-03-21 00:00:00-04:00,42.400001525878906,43.599998474121094,40.20000076293945,40.20000076293945,31665,0.0,0.0
2022-03-22 00:00:00-04:00,40.20000076293945,44.599998474121094,40.0,43.599998474121094,34930,0.0,0.0
2022-03-23 00:00:00-04:00,43.0,45.599998474121094,42.20000076293945,44.79999923706055,36995,0.0,0.0
2022-03-24 00:00:00-04:00,44.599998474121094,45.0,42.400001525878906,44.20000076293945,47430,0.0,0.0
2022-03-25 00:00:00-04:00,44.20000076293945,44.400001525878906,41.0,41.79999923706055,50240,0.0,0.0
2022-03-28 00:00:00-04:00,41.79999923706055,43.0,40.79999923706055,42.599998474121094,26410,0.0,0.0
2022-03-29 00:00:00-04:00,43.400001525878906,44.400001525878906,42.0,43.599998474121094,36565,0.0,0.0
2022-03-30 00:00:00-04:00,44.0,46.79999923706055,35.400001525878906,44.20000076293945,159625,0.0,0.0
2022-03-31 00:00:00-04:00,44.20000076293945,45.0,42.20000076293945,42.400001525878906,32495,0.0,0.0
2022-04-01 00:00:00-04:00,42.20000076293945,42.79999923706055,40.20000076293945,40.400001525878906,29215,0.0,0.0
2022-04-04 00:00:00-04:00,40.79999923706055,42.400001525878906,39.400001525878906,42.20000076293945,27510,0.0,0.0
2022-04-05 00:00:00-04:00,43.0,43.0,39.79999923706055,40.599998474121094,30670,0.0,0.0
2022-04-06 00:00:00-04:00,39.79999923706055,41.400001525878906,39.0,41.0,23720,0.0,0.0
2022-04-07 00:00:00-04:00,41.0,41.0,37.400001525878906,38.0,35525,0.0,0.0
2022-04-08 00:00:00-04:00,38.20000076293945,39.400001525878906,36.79999923706055,37.20000076293945,17255,0.0,0.0
2022-04-11 00:00:00-04:00,37.20000076293945,38.0,36.0,36.599998474121094,24325,0.0,0.0
2022-04-12 00:00:00-04:00,37.20000076293945,38.400001525878906,34.79999923706055,35.400001525878906,19260,0.0,0.0
2022-04-13 00:00:00-04:00,35.400001525878906,37.0,35.0,36.20000076293945,16910,0.0,0.0
2022-04-14 00:00:00-04:00,36.400001525878906,37.0,35.400001525878906,35.400001525878906,11010,0.0,0.0
2022-04-18 00:00:00-04:00,35.400001525878906,36.20000076293945,33.20000076293945,33.400001525878906,28820,0.0,0.0
2022-04-19 00:00:00-04:00,32.599998474121094,35.400001525878906,32.599998474121094,34.0,23215,0.0,0.0
2022-04-20 00:00:00-04:00,34.599998474121094,34.599998474121094,31.399999618530273,31.600000381469727,32450,0.0,0.0
2022-04-21 00:00:00-04:00,32.20000076293945,32.400001525878906,28.399999618530273,29.799999237060547,43035,0.0,0.0
2022-04-22 00:00:00-04:00,30.600000381469727,30.799999237060547,29.0,30.0,16560,0.0,0.0
2022-04-25 00:00:00-04:00,30.200000762939453,30.200000762939453,28.399999618530273,29.799999237060547,22475,0.0,0.0
2022-04-26 00:00:00-04:00,29.600000381469727,29.600000381469727,28.0,28.799999237060547,18610,0.0,0.0
2022-04-27 00:00:00-04:00,29.399999618530273,31.0,27.799999237060547,28.0,35850,0.0,0.0
2022-04-28 00:00:00-04:00,27.799999237060547,29.200000762939453,27.200000762939453,27.600000381469727,26430,0.0,0.0
2022-04-29 00:00:00-04:00,27.399999618530273,29.0,26.799999237060547,27.0,25740,0.0,0.0
2022-05-02 00:00:00-04:00,26.600000381469727,27.0,25.0,25.799999237060547,51055,0.0,0.0
2022-05-03 00:00:00-04:00,26.399999618530273,26.600000381469727,24.399999618530273,25.600000381469727,42915,0.0,0.0
2022-05-04 00:00:00-04:00,25.399999618530273,26.399999618530273,23.600000381469727,26.200000762939453,56040,0.0,0.0
2022-05-05 00:00:00-04:00,26.200000762939453,26.200000762939453,24.399999618530273,25.200000762939453,30560,0.0,0.0
2022-05-06 00:00:00-04:00,25.0,26.0,24.200000762939453,24.399999618530273,22860,0.0,0.0
2022-05-09 00:00:00-04:00,25.0,25.600000381469727,23.200000762939453,25.0,36455,0.0,0.0
2022-05-10 00:00:00-04:00,25.200000762939453,25.600000381469727,14.800000190734863,14.800000190734863,179690,0.0,0.0
2022-05-11 00:00:00-04:00,15.600000381469727,17.799999237060547,15.600000381469727,17.799999237060547,91230,0.0,0.0
2022-05-12 00:00:00-04:00,18.399999618530273,19.399999618530273,17.399999618530273,18.399999618530273,57230,0.0,0.0
2022-05-13 00:00:00-04:00,18.399999618530273,22.0,18.399999618530273,21.200000762939453,47625,0.0,0.0
2022-05-16 00:00:00-04:00,21.0,22.0,19.399999618530273,19.600000381469727,42140,0.0,0.0
2022-05-17 00:00:00-04:00,20.0,21.0,18.799999237060547,18.799999237060547,26850,0.0,0.0
2022-05-18 00:00:00-04:00,18.0,18.600000381469727,16.600000381469727,16.799999237060547,32175,0.0,0.0
2022-05-19 00:00:00-04:00,16.0,19.799999237060547,16.0,18.799999237060547,44305,0.0,0.0
2022-05-20 00:00:00-04:00,19.0,19.399999618530273,17.0,17.600000381469727,33205,0.0,0.0
2022-05-23 00:00:00-04:00,18.200000762939453,18.200000762939453,16.200000762939453,16.399999618530273,39195,0.0,0.0
2022-05-24 00:00:00-04:00,16.399999618530273,16.399999618530273,14.800000190734863,15.0,40250,0.0,0.0
2022-05-25 00:00:00-04:00,15.0,15.399999618530273,13.600000381469727,14.199999809265137,37440,0.0,0.0
2022-05-26 00:00:00-04:00,14.399999618530273,15.800000190734863,14.199999809265137,14.600000381469727,40680,0.0,0.0
2022-05-27 00:00:00-04:00,14.800000190734863,16.600000381469727,14.600000381469727,15.399999618530273,46705,0.0,0.0
2022-05-31 00:00:00-04:00,16.0,16.399999618530273,14.399999618530273,15.399999618530273,42765,0.0,0.0
2022-06-01 00:00:00-04:00,15.199999809265137,16.0,13.800000190734863,13.800000190734863,46240,0.0,0.0
2022-06-02 00:00:00-04:00,14.199999809265137,14.199999809265137,13.0,13.199999809265137,75585,0.0,0.0
2022-06-03 00:00:00-04:00,13.399999618530273,13.399999618530273,12.600000381469727,13.199999809265137,45460,0.0,0.0
2022-06-06 00:00:00-04:00,13.199999809265137,13.800000190734863,12.399999618530273,13.199999809265137,61335,0.0,0.0
2022-06-07 00:00:00-04:00,13.0,13.399999618530273,12.399999618530273,12.800000190734863,54840,0.0,0.0
2022-06-08 00:00:00-04:00,12.600000381469727,12.800000190734863,11.800000190734863,12.0,68065,0.0,0.0
2022-06-09 00:00:00-04:00,12.399999618530273,12.399999618530273,10.800000190734863,11.199999809265137,170340,0.0,0.0
2022-06-10 00:00:00-04:00,15.800000190734863,16.200000762939453,12.600000381469727,13.0,998400,0.0,0.0
2022-06-13 00:00:00-04:00,11.800000190734863,11.800000190734863,10.0,11.399999618530273,137910,0.0,0.0
2022-06-14 00:00:00-04:00,11.600000381469727,11.600000381469727,10.199999809265137,11.0,111305,0.0,0.0
2022-06-15 00:00:00-04:00,10.399999618530273,12.399999618530273,10.199999809265137,11.800000190734863,85420,0.0,0.0
2022-06-16 00:00:00-04:00,10.800000190734863,13.199999809265137,10.800000190734863,12.800000190734863,202220,0.0,0.0
2022-06-17 00:00:00-04:00,12.600000381469727,13.0,11.600000381469727,12.800000190734863,132980,0.0,0.0
2022-06-21 00:00:00-04:00,12.600000381469727,14.0,12.0,13.199999809265137,85440,0.0,0.0
2022-06-22 00:00:00-04:00,13.0,19.0,12.600000381469727,18.0,224530,0.0,0.0
2022-06-23 00:00:00-04:00,15.0,21.0,14.800000190734863,19.200000762939453,194635,0.0,0.0
2022-06-24 00:00:00-04:00,19.799999237060547,20.0,17.399999618530273,18.200000762939453,253815,0.0,0.0
2022-06-27 00:00:00-04:00,17.399999618530273,19.600000381469727,16.0,19.399999618530273,68900,0.0,0.0
2022-06-28 00:00:00-04:00,19.0,19.200000762939453,18.0,18.799999237060547,26415,0.0,0.0
2022-06-29 00:00:00-04:00,18.399999618530273,19.399999618530273,18.0,18.0,31565,0.0,0.0
2022-06-30 00:00:00-04:00,18.200000762939453,21.600000381469727,17.799999237060547,21.600000381469727,96530,0.0,0.0
2022-07-01 00:00:00-04:00,20.600000381469727,21.399999618530273,20.0,20.600000381469727,17940,0.0,0.0
2022-07-05 00:00:00-04:00,20.399999618530273,20.799999237060547,18.200000762939453,20.399999618530273,53990,0.0,0.0
2022-07-06 00:00:00-04:00,19.399999618530273,22.200000762939453,19.399999618530273,21.799999237060547,36205,0.0,0.0
2022-07-07 00:00:00-04:00,22.399999618530273,26.399999618530273,22.200000762939453,23.600000381469727,54530,0.0,0.0
2022-07-08 00:00:00-04:00,23.600000381469727,27.200000762939453,22.0,26.200000762939453,51640,0.0,0.0
2022-07-11 00:00:00-04:00,26.600000381469727,26.799999237060547,23.399999618530273,24.0,19890,0.0,0.0
2022-07-12 00:00:00-04:00,23.799999237060547,24.200000762939453,22.0,22.799999237060547,17875,0.0,0.0
2022-07-13 00:00:00-04:00,21.600000381469727,22.200000762939453,20.399999618530273,20.799999237060547,23230,0.0,0.0
2022-07-14 00:00:00-04:00,21.200000762939453,22.399999618530273,20.600000381469727,20.799999237060547,17650,0.0,0.0
2022-07-15 00:00:00-04:00,21.200000762939453,23.600000381469727,20.399999618530273,21.799999237060547,19260,0.0,0.0
2022-07-18 00:00:00-04:00,22.600000381469727,23.200000762939453,18.799999237060547,19.399999618530273,38665,0.0,0.0
2022-07-19 00:00:00-04:00,19.600000381469727,20.799999237060547,19.399999618530273,20.0,12225,0.0,0.0
2022-07-20 00:00:00-04:00,19.600000381469727,21.399999618530273,19.600000381469727,21.0,18870,0.0,0.0
2022-07-21 00:00:00-04:00,21.799999237060547,21.799999237060547,19.799999237060547,20.200000762939453,22080,0.0,0.0
2022-07-22 00:00:00-04:00,20.799999237060547,21.399999618530273,18.799999237060547,19.0,13725,0.0,0.0
2022-07-25 00:00:00-04:00,19.600000381469727,20.0,17.799999237060547,18.200000762939453,24915,0.0,0.0
2022-07-26 00:00:00-04:00,18.799999237060547,18.799999237060547,16.200000762939453,16.399999618530273,15045,0.0,0.0
2022-07-27 00:00:00-04:00,17.0,17.600000381469727,16.200000762939453,16.399999618530273,12785,0.0,0.0
2022-07-28 00:00:00-04:00,16.0,16.600000381469727,15.199999809265137,15.600000381469727,18165,0.0,0.0
2022-07-29 00:00:00-04:00,15.199999809265137,16.0,15.199999809265137,15.199999809265137,31215,0.0,0.0
2022-08-01 00:00:00-04:00,16.0,16.0,14.399999618530273,14.800000190734863,16320,0.0,0.0
2022-08-02 00:00:00-04:00,14.600000381469727,15.600000381469727,14.600000381469727,15.0,48755,0.0,0.0
2022-08-03 00:00:00-04:00,15.600000381469727,15.600000381469727,14.800000190734863,15.399999618530273,34365,0.0,0.0
2022-08-04 00:00:00-04:00,16.0,16.0,14.800000190734863,15.0,27420,0.0,0.0
2022-08-05 00:00:00-04:00,15.199999809265137,15.600000381469727,14.600000381469727,15.399999618530273,27935,0.0,0.0
2022-08-08 00:00:00-04:00,15.600000381469727,16.0,15.0,15.399999618530273,21285,0.0,0.0
2022-08-09 00:00:00-04:00,15.600000381469727,15.600000381469727,13.800000190734863,14.0,37530,0.0,0.0
2022-08-10 00:00:00-04:00,14.199999809265137,15.0,14.0,15.0,18725,0.0,0.0
2022-08-11 00:00:00-04:00,15.199999809265137,16.399999618530273,14.600000381469727,14.600000381469727,29655,0.0,0.0
2022-08-12 00:00:00-04:00,15.0,15.199999809265137,14.0,14.600000381469727,18785,0.0,0.0
2022-08-15 00:00:00-04:00,19.399999618530273,26.799999237060547,19.399999618530273,25.399999618530273,1127845,0.0,0.0
2022-08-16 00:00:00-04:00,25.0,25.799999237060547,22.600000381469727,24.0,164935,0.0,0.0
2022-08-17 00:00:00-04:00,24.0,30.0,22.200000762939453,29.799999237060547,169035,0.0,0.0
2022-08-18 00:00:00-04:00,30.0,30.0,26.0,27.600000381469727,51380,0.0,0.0
2022-08-19 00:00:00-04:00,27.600000381469727,33.599998474121094,26.600000381469727,31.399999618530273,113090,0.0,0.0
2022-08-22 00:00:00-04:00,29.799999237060547,30.799999237060547,28.0,28.600000381469727,71900,0.0,0.0
2022-08-23 00:00:00-04:00,26.200000762939453,30.799999237060547,23.600000381469727,27.600000381469727,107405,0.0,0.0
2022-08-24 00:00:00-04:00,27.399999618530273,29.0,25.399999618530273,28.799999237060547,42895,0.0,0.0
2022-08-25 00:00:00-04:00,29.0,33.400001525878906,28.399999618530273,32.79999923706055,80440,0.0,0.0
2022-08-26 00:00:00-04:00,32.599998474121094,34.599998474121094,30.200000762939453,30.399999618530273,50695,0.0,0.0
2022-08-29 00:00:00-04:00,31.600000381469727,31.600000381469727,29.0,29.200000762939453,20875,0.0,0.0
2022-08-30 00:00:00-04:00,29.399999618530273,30.600000381469727,27.399999618530273,28.0,20880,0.0,0.0
2022-08-31 00:00:00-04:00,27.799999237060547,28.600000381469727,27.0,28.0,8270,0.0,0.0
2022-09-01 00:00:00-04:00,27.399999618530273,28.600000381469727,27.0,27.600000381469727,17530,0.0,0.0
2022-09-02 00:00:00-04:00,27.200000762939453,29.0,27.0,27.200000762939453,9380,0.0,0.0
2022-09-06 00:00:00-04:00,27.200000762939453,27.600000381469727,25.600000381469727,26.0,10325,0.0,0.0
2022-09-07 00:00:00-04:00,26.200000762939453,27.200000762939453,25.600000381469727,26.399999618530273,9180,0.0,0.0
2022-09-08 00:00:00-04:00,26.399999618530273,28.0,26.200000762939453,26.399999618530273,4885,0.0,0.0
2022-09-09 00:00:00-04:00,27.200000762939453,28.0,27.0,27.200000762939453,6480,0.0,0.0
2022-09-12 00:00:00-04:00,27.200000762939453,28.0,25.399999618530273,27.200000762939453,10205,0.0,0.0
2022-09-13 00:00:00-04:00,26.399999618530273,26.600000381469727,25.200000762939453,25.399999618530273,8700,0.0,0.0
2022-09-14 00:00:00-04:00,25.0,25.799999237060547,23.799999237060547,23.799999237060547,14795,0.0,0.0
2022-09-15 00:00:00-04:00,24.600000381469727,25.399999618530273,23.399999618530273,23.600000381469727,18385,0.0,0.0
2022-09-16 00:00:00-04:00,23.0,26.0,20.200000762939453,25.600000381469727,101855,0.0,0.0
2022-09-19 00:00:00-04:00,23.399999618530273,24.200000762939453,17.200000762939453,20.799999237060547,147130,0.0,0.0
2022-09-20 00:00:00-04:00,20.600000381469727,21.399999618530273,20.0,20.399999618530273,14645,0.0,0.0
2022-09-21 00:00:00-04:00,20.399999618530273,20.799999237060547,19.0,19.200000762939453,9075,0.0,0.0
2022-09-22 00:00:00-04:00,19.799999237060547,20.600000381469727,18.399999618530273,18.799999237060547,11325,0.0,0.0
2022-09-23 00:00:00-04:00,18.399999618530273,19.600000381469727,18.200000762939453,19.600000381469727,19355,0.0,0.0
2022-09-26 00:00:00-04:00,19.399999618530273,19.600000381469727,18.200000762939453,18.200000762939453,9600,0.0,0.0
2022-09-27 00:00:00-04:00,18.399999618530273,20.399999618530273,18.399999618530273,19.200000762939453,14700,0.0,0.0
2022-09-28 00:00:00-04:00,19.0,21.0,19.0,20.799999237060547,13255,0.0,0.0
2022-09-29 00:00:00-04:00,20.200000762939453,20.600000381469727,19.200000762939453,19.399999618530273,11225,0.0,0.0
2022-09-30 00:00:00-04:00,19.799999237060547,22.0,19.399999618530273,20.200000762939453,17115,0.0,0.0
2022-10-03 00:00:00-04:00,21.600000381469727,21.799999237060547,20.200000762939453,20.399999618530273,22840,0.0,0.0
2022-10-04 00:00:00-04:00,20.799999237060547,21.600000381469727,20.200000762939453,21.399999618530273,14800,0.0,0.0
2022-10-05 00:00:00-04:00,21.200000762939453,22.0,20.399999618530273,22.0,5240,0.0,0.0
2022-10-06 00:00:00-04:00,21.399999618530273,24.0,21.200000762939453,22.600000381469727,18755,0.0,0.0
2022-10-07 00:00:00-04:00,22.200000762939453,22.200000762939453,21.0,21.799999237060547,5645,0.0,0.0
2022-10-10 00:00:00-04:00,21.799999237060547,21.799999237060547,19.600000381469727,20.200000762939453,7660,0.0,0.0
2022-10-11 00:00:00-04:00,20.799999237060547,21.799999237060547,20.200000762939453,21.0,2725,0.0,0.0
2022-10-12 00:00:00-04:00,21.0,21.200000762939453,19.600000381469727,20.600000381469727,7535,0.0,0.0
2022-10-13 00:00:00-04:00,19.399999618530273,21.399999618530273,19.399999618530273,21.0,5460,0.0,0.0
2022-10-14 00:00:00-04:00,20.600000381469727,21.0,19.600000381469727,20.600000381469727,2570,0.0,0.0
2022-10-17 00:00:00-04:00,19.799999237060547,21.200000762939453,19.600000381469727,20.399999618530273,4715,0.0,0.0
2022-10-18 00:00:00-04:00,20.0,21.0,19.399999618530273,20.200000762939453,5675,0.0,0.0
2022-10-19 00:00:00-04:00,19.600000381469727,20.600000381469727,19.399999618530273,20.0,4480,0.0,0.0
2022-10-20 00:00:00-04:00,20.0,20.799999237060547,19.600000381469727,20.0,3995,0.0,0.0
2022-10-21 00:00:00-04:00,19.600000381469727,20.200000762939453,19.600000381469727,20.0,9080,0.0,0.0
2022-10-24 00:00:00-04:00,19.799999237060547,20.200000762939453,19.799999237060547,20.0,3800,0.0,0.0
2022-10-25 00:00:00-04:00,19.799999237060547,21.799999237060547,19.799999237060547,21.600000381469727,8030,0.0,0.0
2022-10-26 00:00:00-04:00,21.0,23.0,20.399999618530273,21.399999618530273,10970,0.0,0.0
2022-10-27 00:00:00-04:00,22.799999237060547,23.0,21.399999618530273,22.799999237060547,10150,0.0,0.0
2022-10-28 00:00:00-04:00,23.0,23.0,21.399999618530273,22.799999237060547,5565,0.0,0.0
2022-10-31 00:00:00-04:00,23.399999618530273,23.399999618530273,21.600000381469727,23.399999618530273,17930,0.0,0.0
2022-11-01 00:00:00-04:00,26.200000762939453,28.0,24.399999618530273,26.399999618530273,57945,0.0,0.0
2022-11-02 00:00:00-04:00,26.200000762939453,27.600000381469727,25.0,26.600000381469727,19950,0.0,0.0
2022-11-03 00:00:00-04:00,26.399999618530273,30.0,25.399999618530273,28.399999618530273,19370,0.0,0.0
2022-11-04 00:00:00-04:00,28.399999618530273,29.399999618530273,26.200000762939453,26.200000762939453,30690,0.0,0.0
2022-11-07 00:00:00-05:00,27.0,27.399999618530273,24.399999618530273,25.200000762939453,18880,0.0,0.0
2022-11-08 00:00:00-05:00,26.0,26.0,23.399999618530273,23.799999237060547,13555,0.0,0.0
2022-11-09 00:00:00-05:00,23.799999237060547,25.0,23.399999618530273,24.600000381469727,5900,0.0,0.0
2022-11-10 00:00:00-05:00,25.399999618530273,26.799999237060547,24.600000381469727,25.200000762939453,15540,0.0,0.0
2022-11-11 00:00:00-05:00,26.0,26.399999618530273,24.399999618530273,25.399999618530273,7625,0.0,0.0
2022-11-14 00:00:00-05:00,24.600000381469727,26.200000762939453,24.399999618530273,24.600000381469727,37520,0.0,0.0
2022-11-15 00:00:00-05:00,24.799999237060547,26.600000381469727,24.799999237060547,25.799999237060547,15250,0.0,0.0
2022-11-16 00:00:00-05:00,26.399999618530273,27.799999237060547,25.799999237060547,27.399999618530273,12960,0.0,0.0
2022-11-17 00:00:00-05:00,27.600000381469727,28.399999618530273,26.399999618530273,27.0,7925,0.0,0.0
2022-11-18 00:00:00-05:00,26.399999618530273,28.799999237060547,26.399999618530273,28.799999237060547,13290,0.0,0.0
2022-11-21 00:00:00-05:00,28.799999237060547,28.799999237060547,27.600000381469727,28.399999618530273,7525,0.0,0.0
2022-11-22 00:00:00-05:00,28.200000762939453,29.799999237060547,28.0,28.799999237060547,12405,0.0,0.0
2022-11-23 00:00:00-05:00,28.200000762939453,29.399999618530273,27.200000762939453,27.399999618530273,11295,0.0,0.0
2022-11-25 00:00:00-05:00,27.399999618530273,28.600000381469727,26.0,27.399999618530273,10760,0.0,0.0
2022-11-28 00:00:00-05:00,26.799999237060547,27.799999237060547,24.799999237060547,24.799999237060547,18565,0.0,0.0
2022-11-29 00:00:00-05:00,25.0,26.600000381469727,25.0,26.399999618530273,4030,0.0,0.0
2022-11-30 00:00:00-05:00,25.600000381469727,26.200000762939453,24.799999237060547,26.0,8540,0.0,0.0
2022-12-01 00:00:00-05:00,26.0,26.399999618530273,24.399999618530273,25.600000381469727,5955,0.0,0.0
2022-12-02 00:00:00-05:00,24.799999237060547,26.799999237060547,24.799999237060547,26.600000381469727,9425,0.0,0.0
2022-12-05 00:00:00-05:00,25.799999237060547,27.0,25.200000762939453,26.200000762939453,3780,0.0,0.0
2022-12-06 00:00:00-05:00,25.399999618530273,25.799999237060547,25.0,25.399999618530273,4150,0.0,0.0
2022-12-07 00:00:00-05:00,24.600000381469727,26.0,23.600000381469727,24.0,9925,0.0,0.0
2022-12-08 00:00:00-05:00,23.600000381469727,24.200000762939453,22.799999237060547,23.399999618530273,11145,0.0,0.0
2022-12-09 00:00:00-05:00,23.200000762939453,23.399999618530273,22.0,22.600000381469727,9450,0.0,0.0
2022-12-12 00:00:00-05:00,24.0,24.399999618530273,22.600000381469727,24.200000762939453,6320,0.0,0.0
2022-12-13 00:00:00-05:00,24.799999237060547,25.0,23.200000762939453,23.399999618530273,8050,0.0,0.0
2022-12-14 00:00:00-05:00,23.399999618530273,25.0,23.0,23.600000381469727,8550,0.0,0.0
2022-12-15 00:00:00-05:00,23.0,24.0,22.399999618530273,22.399999618530273,6195,0.0,0.0
2022-12-16 00:00:00-05:00,22.399999618530273,23.0,19.399999618530273,22.0,34645,0.0,0.0
2022-12-19 00:00:00-05:00,21.600000381469727,22.0,20.0,20.399999618530273,14315,0.0,0.0
2022-12-20 00:00:00-05:00,19.600000381469727,22.799999237060547,19.600000381469727,22.799999237060547,16050,0.0,0.0
2022-12-21 00:00:00-05:00,21.799999237060547,23.600000381469727,21.399999618530273,23.399999618530273,7955,0.0,0.0
2022-12-22 00:00:00-05:00,23.399999618530273,24.799999237060547,22.799999237060547,24.200000762939453,12390,0.0,0.0
2022-12-23 00:00:00-05:00,23.600000381469727,24.399999618530273,23.200000762939453,24.200000762939453,5620,0.0,0.0
2022-12-27 00:00:00-05:00,23.600000381469727,24.0,21.0,23.600000381469727,41935,0.0,0.0
2022-12-28 00:00:00-05:00,22.200000762939453,24.0,21.399999618530273,23.399999618530273,16085,0.0,0.0
2022-12-29 00:00:00-05:00,22.200000762939453,23.799999237060547,22.200000762939453,23.399999618530273,6050,0.0,0.0
2022-12-30 00:00:00-05:00,21.799999237060547,24.600000381469727,21.799999237060547,24.399999618530273,8955,0.0,0.0
2023-01-03 00:00:00-05:00,24.0,26.0,23.799999237060547,25.399999618530273,8440,0.0,0.0
2023-01-04 00:00:00-05:00,25.200000762939453,27.799999237060547,24.799999237060547,27.600000381469727,16355,0.0,0.0
2023-01-05 00:00:00-05:00,28.0,32.20000076293945,27.0,31.200000762939453,49875,0.0,0.0
2023-01-06 00:00:00-05:00,32.0,32.20000076293945,26.200000762939453,30.0,25870,0.0,0.0
2023-01-09 00:00:00-05:00,28.799999237060547,31.799999237060547,28.600000381469727,31.600000381469727,13130,0.0,0.0
2023-01-10 00:00:00-05:00,32.0,32.79999923706055,31.200000762939453,32.20000076293945,13500,0.0,0.0
2023-01-11 00:00:00-05:00,32.400001525878906,33.20000076293945,30.799999237060547,32.20000076293945,16435,0.0,0.0
2023-01-12 00:00:00-05:00,32.79999923706055,33.400001525878906,31.600000381469727,33.400001525878906,5440,0.0,0.0
2023-01-13 00:00:00-05:00,34.0,34.79999923706055,30.399999618530273,30.799999237060547,15400,0.0,0.0
2023-01-17 00:00:00-05:00,30.600000381469727,31.799999237060547,30.399999618530273,30.600000381469727,2905,0.0,0.0
2023-01-18 00:00:00-05:00,31.0,32.20000076293945,29.600000381469727,29.799999237060547,12595,0.0,0.0
2023-01-19 00:00:00-05:00,29.799999237060547,30.200000762939453,27.399999618530273,27.399999618530273,62800,0.0,0.0
2023-01-20 00:00:00-05:00,27.0,29.399999618530273,26.0,28.399999618530273,17380,0.0,0.0
2023-01-23 00:00:00-05:00,28.0,31.200000762939453,28.0,30.200000762939453,11565,0.0,0.0
2023-01-24 00:00:00-05:00,30.200000762939453,34.400001525878906,30.200000762939453,32.599998474121094,17400,0.0,0.0
2023-01-25 00:00:00-05:00,33.0,33.0,31.200000762939453,32.20000076293945,3205,0.0,0.0
2023-01-26 00:00:00-05:00,31.399999618530273,33.79999923706055,31.399999618530273,32.599998474121094,5910,0.0,0.0
2023-01-27 00:00:00-05:00,32.20000076293945,33.400001525878906,31.0,32.599998474121094,8640,0.0,0.0
2023-01-30 00:00:00-05:00,32.0,33.400001525878906,30.600000381469727,31.200000762939453,14050,0.0,0.0
2023-01-31 00:00:00-05:00,30.799999237060547,35.0,30.799999237060547,32.79999923706055,18335,0.0,0.0
2023-02-01 00:00:00-05:00,34.79999923706055,37.0,33.0,35.79999923706055,55805,0.0,0.0
2023-02-02 00:00:00-05:00,36.400001525878906,36.79999923706055,33.400001525878906,34.400001525878906,14680,0.0,0.0
2023-02-03 00:00:00-05:00,34.0,35.0,32.79999923706055,33.599998474121094,8700,0.0,0.0
2023-02-06 00:00:00-05:00,33.400001525878906,35.0,33.0,33.20000076293945,11620,0.0,0.0
2023-02-07 00:00:00-05:00,33.400001525878906,34.20000076293945,32.0,33.0,7825,0.0,0.0
2023-02-08 00:00:00-05:00,32.20000076293945,32.599998474121094,30.200000762939453,30.799999237060547,11720,0.0,0.0
2023-02-09 00:00:00-05:00,31.0,31.600000381469727,27.799999237060547,28.0,25920,0.0,0.0
2023-02-10 00:00:00-05:00,28.399999618530273,29.0,27.399999618530273,28.399999618530273,7235,0.0,0.0
2023-02-13 00:00:00-05:00,27.799999237060547,29.799999237060547,27.799999237060547,29.200000762939453,5480,0.0,0.0
2023-02-14 00:00:00-05:00,28.799999237060547,30.600000381469727,28.799999237060547,29.799999237060547,3985,0.0,0.0
2023-02-15 00:00:00-05:00,29.799999237060547,31.399999618530273,29.799999237060547,30.200000762939453,4955,0.0,0.0
2023-02-16 00:00:00-05:00,30.399999618530273,31.399999618530273,29.200000762939453,30.399999618530273,4400,0.0,0.0
2023-02-17 00:00:00-05:00,29.799999237060547,31.600000381469727,27.0,29.600000381469727,10500,0.0,0.0
2023-02-21 00:00:00-05:00,28.600000381469727,29.399999618530273,28.0,28.399999618530273,4705,0.0,0.0
2023-02-22 00:00:00-05:00,27.799999237060547,29.399999618530273,27.799999237060547,28.0,3250,0.0,0.0
2023-02-23 00:00:00-05:00,28.0,29.200000762939453,27.600000381469727,28.600000381469727,5235,0.0,0.0
2023-02-24 00:00:00-05:00,28.799999237060547,29.200000762939453,27.600000381469727,28.0,2110,0.0,0.0
2023-02-27 00:00:00-05:00,28.0,28.600000381469727,27.600000381469727,27.600000381469727,3270,0.0,0.0
2023-02-28 00:00:00-05:00,28.0,28.799999237060547,27.600000381469727,28.799999237060547,8655,0.0,0.0
2023-03-01 00:00:00-05:00,28.200000762939453,28.799999237060547,27.200000762939453,28.600000381469727,9510,0.0,0.0
2023-03-02 00:00:00-05:00,29.0,29.0,27.600000381469727,28.399999618530273,7315,0.0,0.0
2023-03-03 00:00:00-05:00,27.399999618530273,28.0,26.399999618530273,27.799999237060547,14945,0.0,0.0
2023-03-06 00:00:00-05:00,27.799999237060547,28.0,25.0,26.0,17480,0.0,0.0
2023-03-07 00:00:00-05:00,25.200000762939453,26.200000762939453,24.200000762939453,25.200000762939453,8485,0.0,0.0
2023-03-08 00:00:00-05:00,25.600000381469727,25.600000381469727,22.799999237060547,23.799999237060547,25280,0.0,0.0
2023-03-09 00:00:00-05:00,24.799999237060547,24.799999237060547,22.0,22.799999237060547,30185,0.0,0.0
2023-03-10 00:00:00-05:00,22.200000762939453,23.600000381469727,21.600000381469727,23.399999618530273,26590,0.0,0.0
2023-03-13 00:00:00-04:00,22.799999237060547,23.200000762939453,21.0,22.799999237060547,25800,0.0,0.0
2023-03-14 00:00:00-04:00,22.200000762939453,23.399999618530273,21.600000381469727,21.600000381469727,15310,0.0,0.0
2023-03-15 00:00:00-04:00,22.0,22.399999618530273,20.200000762939453,20.799999237060547,38350,0.0,0.0
2023-03-16 00:00:00-04:00,21.0,21.799999237060547,20.0,20.0,21265,0.0,0.0
2023-03-17 00:00:00-04:00,20.0,20.200000762939453,15.600000381469727,15.600000381469727,326055,0.0,0.0
2023-03-20 00:00:00-04:00,16.799999237060547,20.0,16.0,18.799999237060547,44080,0.0,0.0
2023-03-21 00:00:00-04:00,19.0,22.600000381469727,18.799999237060547,22.200000762939453,21745,0.0,0.0
2023-03-22 00:00:00-04:00,22.200000762939453,23.399999618530273,22.0,22.200000762939453,10150,0.0,0.0
2023-03-23 00:00:00-04:00,21.799999237060547,23.0,20.399999618530273,20.399999618530273,9785,0.0,0.0
2023-03-24 00:00:00-04:00,20.200000762939453,21.799999237060547,20.200000762939453,21.600000381469727,6780,0.0,0.0
2023-03-27 00:00:00-04:00,21.200000762939453,22.200000762939453,21.200000762939453,21.799999237060547,6570,0.0,0.0
2023-03-28 00:00:00-04:00,22.0,22.399999618530273,21.600000381469727,21.600000381469727,2465,0.0,0.0
2023-03-29 00:00:00-04:00,22.200000762939453,22.600000381469727,21.200000762939453,22.399999618530273,3300,0.0,0.0
2023-03-30 00:00:00-04:00,22.799999237060547,23.0,21.399999618530273,22.799999237060547,7835,0.0,0.0
2023-03-31 00:00:00-04:00,23.600000381469727,23.600000381469727,22.200000762939453,22.200000762939453,1990,0.0,0.0
2023-04-03 00:00:00-04:00,22.0,22.600000381469727,21.600000381469727,21.799999237060547,4910,0.0,0.0
2023-04-04 00:00:00-04:00,21.600000381469727,22.399999618530273,21.200000762939453,22.399999618530273,3985,0.0,0.0
2023-04-05 00:00:00-04:00,22.399999618530273,22.399999618530273,21.399999618530273,22.399999618530273,2215,0.0,0.0
2023-04-06 00:00:00-04:00,22.399999618530273,22.399999618530273,21.399999618530273,21.600000381469727,4825,0.0,0.0
2023-04-10 00:00:00-04:00,21.600000381469727,22.600000381469727,21.600000381469727,21.799999237060547,4930,0.0,0.0
2023-04-11 00:00:00-04:00,21.399999618530273,22.200000762939453,21.399999618530273,22.200000762939453,3260,0.0,0.0
2023-04-12 00:00:00-04:00,22.399999618530273,22.799999237060547,22.200000762939453,22.600000381469727,3495,0.0,0.0
2023-04-13 00:00:00-04:00,22.200000762939453,22.799999237060547,21.600000381469727,22.600000381469727,3770,0.0,0.0
2023-04-14 00:00:00-04:00,22.0,22.399999618530273,21.0,21.0,5150,0.0,0.0
2023-04-17 00:00:00-04:00,21.0,22.399999618530273,21.0,22.399999618530273,6155,0.0,0.0
2023-04-18 00:00:00-04:00,21.399999618530273,22.600000381469727,21.200000762939453,21.600000381469727,1935,0.0,0.0
2023-04-19 00:00:00-04:00,21.600000381469727,21.799999237060547,19.399999618530273,20.200000762939453,15275,0.0,0.0
2023-04-20 00:00:00-04:00,20.600000381469727,21.399999618530273,20.0,20.600000381469727,5455,0.0,0.0
2023-04-21 00:00:00-04:00,20.0,21.399999618530273,20.0,20.799999237060547,4545,0.0,0.0
2023-04-24 00:00:00-04:00,21.200000762939453,22.200000762939453,20.600000381469727,22.200000762939453,10230,0.0,0.0
2023-04-25 00:00:00-04:00,22.0,22.200000762939453,21.600000381469727,22.200000762939453,7015,0.0,0.0
2023-04-26 00:00:00-04:00,21.399999618530273,22.399999618530273,21.200000762939453,22.200000762939453,5620,0.0,0.0
2023-04-27 00:00:00-04:00,22.399999618530273,22.399999618530273,21.399999618530273,22.399999618530273,11870,0.0,0.0
2023-04-28 00:00:00-04:00,22.399999618530273,25.200000762939453,22.399999618530273,25.0,9870,0.0,0.0
2023-05-01 00:00:00-04:00,25.200000762939453,26.399999618530273,23.200000762939453,23.799999237060547,13335,0.0,0.0
2023-05-02 00:00:00-04:00,24.0,24.399999618530273,21.799999237060547,23.600000381469727,15220,0.0,0.0
2023-05-03 00:00:00-04:00,25.0,26.0,22.200000762939453,22.600000381469727,21835,0.0,0.0
2023-05-04 00:00:00-04:00,22.399999618530273,22.399999618530273,20.0,21.0,18215,0.0,0.0
2023-05-05 00:00:00-04:00,21.600000381469727,22.399999618530273,21.600000381469727,22.200000762939453,5225,0.0,0.0
2023-05-08 00:00:00-04:00,20.600000381469727,21.399999618530273,20.600000381469727,20.600000381469727,6540,0.0,0.0
2023-05-09 00:00:00-04:00,21.0,21.799999237060547,20.399999618530273,21.0,7355,0.0,0.0
2023-05-10 00:00:00-04:00,21.0,21.799999237060547,20.600000381469727,20.600000381469727,2925,0.0,0.0
2023-05-11 00:00:00-04:00,20.399999618530273,21.0,20.200000762939453,20.399999618530273,4660,0.0,0.0
2023-05-12 00:00:00-04:00,20.200000762939453,20.799999237060547,20.0,20.399999618530273,7260,0.0,0.0
2023-05-15 00:00:00-04:00,20.600000381469727,21.799999237060547,20.399999618530273,21.0,8695,0.0,0.0
2023-05-16 00:00:00-04:00,21.0,21.399999618530273,20.399999618530273,20.799999237060547,4040,0.0,0.0
2023-05-17 00:00:00-04:00,20.799999237060547,20.799999237060547,20.200000762939453,20.799999237060547,4385,0.0,0.0
2023-05-18 00:00:00-04:00,20.399999618530273,21.0,20.200000762939453,20.399999618530273,5690,0.0,0.0
2023-05-19 00:00:00-04:00,20.399999618530273,20.799999237060547,20.0,20.200000762939453,5990,0.0,0.0
2023-05-22 00:00:00-04:00,20.799999237060547,20.799999237060547,20.200000762939453,20.399999618530273,4390,0.0,0.0
2023-05-23 00:00:00-04:00,20.0,20.799999237060547,20.0,20.399999618530273,4685,0.0,0.0
2023-05-24 00:00:00-04:00,20.200000762939453,20.600000381469727,20.200000762939453,20.399999618530273,2975,0.0,0.0
2023-05-25 00:00:00-04:00,21.0,21.0,20.0,20.200000762939453,5600,0.0,0.0
2023-05-26 00:00:00-04:00,20.200000762939453,20.600000381469727,19.600000381469727,20.0,9380,0.0,0.0
2023-05-30 00:00:00-04:00,20.399999618530273,20.399999618530273,19.399999618530273,19.600000381469727,4460,0.0,0.0
2023-05-31 00:00:00-04:00,19.0,20.0,18.799999237060547,19.200000762939453,9815,0.0,0.0
2023-06-01 00:00:00-04:00,19.799999237060547,20.799999237060547,19.200000762939453,20.799999237060547,5145,0.0,0.0
2023-06-02 00:00:00-04:00,21.0,22.600000381469727,21.0,22.0,13645,0.0,0.0
2023-06-05 00:00:00-04:00,22.600000381469727,22.600000381469727,21.0,21.799999237060547,7250,0.0,0.0
2023-06-06 00:00:00-04:00,21.200000762939453,23.0,21.200000762939453,22.399999618530273,10175,0.0,0.0
2023-06-07 00:00:00-04:00,22.200000762939453,22.399999618530273,21.200000762939453,21.600000381469727,2665,0.0,0.0
2023-06-08 00:00:00-04:00,20.799999237060547,21.799999237060547,20.799999237060547,21.600000381469727,3450,0.0,0.0
2023-06-09 00:00:00-04:00,22.0,22.0,21.200000762939453,21.600000381469727,5070,0.0,0.0
2023-06-12 00:00:00-04:00,21.0,21.799999237060547,20.600000381469727,21.200000762939453,4830,0.0,0.0
2023-06-13 00:00:00-04:00,20.799999237060547,23.0,20.799999237060547,21.600000381469727,12955,0.0,0.0
2023-06-14 00:00:00-04:00,21.799999237060547,22.399999618530273,21.0,22.0,9845,0.0,0.0
2023-06-15 00:00:00-04:00,21.200000762939453,22.0,20.600000381469727,21.399999618530273,7660,0.0,0.0
2023-06-16 00:00:00-04:00,21.0,22.399999618530273,20.799999237060547,22.399999618530273,13410,0.0,0.0
2023-06-20 00:00:00-04:00,21.799999237060547,22.399999618530273,21.600000381469727,22.0,8345,0.0,0.0
2023-06-21 00:00:00-04:00,22.200000762939453,22.200000762939453,21.0,21.200000762939453,10225,0.0,0.0
2023-06-22 00:00:00-04:00,21.200000762939453,21.600000381469727,20.399999618530273,21.200000762939453,2795,0.0,0.0
2023-06-23 00:00:00-04:00,20.799999237060547,21.0,20.0,20.799999237060547,5735,0.0,0.0
2023-06-26 00:00:00-04:00,20.200000762939453,21.600000381469727,20.0,21.600000381469727,3845,0.0,0.0
2023-06-27 00:00:00-04:00,21.600000381469727,22.200000762939453,21.200000762939453,21.399999618530273,7530,0.0,0.0
2023-06-28 00:00:00-04:00,21.0,22.0,21.0,21.600000381469727,4200,0.0,0.0
2023-06-29 00:00:00-04:00,22.0,23.600000381469727,22.0,23.600000381469727,9210,0.0,0.0
2023-06-30 00:00:00-04:00,23.600000381469727,23.600000381469727,21.799999237060547,22.200000762939453,4950,0.0,0.0
2023-07-03 00:00:00-04:00,21.0,22.799999237060547,21.0,22.200000762939453,6150,0.0,0.0
2023-07-05 00:00:00-04:00,22.600000381469727,22.799999237060547,22.0,22.799999237060547,2685,0.0,0.0
2023-07-06 00:00:00-04:00,22.799999237060547,23.399999618530273,21.399999618530273,23.399999618530273,6460,0.0,0.0
2023-07-07 00:00:00-04:00,22.600000381469727,23.799999237060547,22.600000381469727,23.600000381469727,4185,0.0,0.0
2023-07-10 00:00:00-04:00,22.799999237060547,24.200000762939453,22.799999237060547,23.799999237060547,6110,0.0,0.0
2023-07-11 00:00:00-04:00,24.200000762939453,24.200000762939453,23.0,24.200000762939453,4680,0.0,0.0
2023-07-12 00:00:00-04:00,24.0,24.0,22.600000381469727,23.399999618530273,3995,0.0,0.0
2023-07-13 00:00:00-04:00,23.0,23.600000381469727,22.399999618530273,23.200000762939453,3145,0.0,0.0
2023-07-14 00:00:00-04:00,23.0,23.399999618530273,22.200000762939453,22.200000762939453,3860,0.0,0.0
2023-07-17 00:00:00-04:00,22.600000381469727,24.399999618530273,22.600000381469727,24.200000762939453,11740,0.0,0.0
2023-07-18 00:00:00-04:00,23.600000381469727,25.600000381469727,23.600000381469727,25.600000381469727,10160,0.0,0.0
2023-07-19 00:00:00-04:00,25.399999618530273,25.600000381469727,24.200000762939453,25.399999618530273,4420,0.0,0.0
2023-07-20 00:00:00-04:00,25.0,25.600000381469727,24.600000381469727,25.200000762939453,4780,0.0,0.0
2023-07-21 00:00:00-04:00,25.0,25.399999618530273,24.799999237060547,25.0,6985,0.0,0.0
2023-07-24 00:00:00-04:00,25.0,25.600000381469727,24.799999237060547,25.600000381469727,12930,0.0,0.0
2023-07-25 00:00:00-04:00,25.600000381469727,27.0,25.600000381469727,26.399999618530273,5380,0.0,0.0
2023-07-26 00:00:00-04:00,26.600000381469727,28.0,26.200000762939453,27.600000381469727,5735,0.0,0.0
2023-07-27 00:00:00-04:00,28.0,28.0,26.0,26.399999618530273,3930,0.0,0.0
2023-07-28 00:00:00-04:00,27.0,27.0,26.0,26.600000381469727,2710,0.0,0.0
2023-07-31 00:00:00-04:00,25.200000762939453,27.600000381469727,25.200000762939453,26.399999618530273,7915,0.0,0.0
2023-08-01 00:00:00-04:00,27.799999237060547,27.799999237060547,26.600000381469727,27.399999618530273,4435,0.0,0.0
2023-08-02 00:00:00-04:00,27.399999618530273,27.399999618530273,25.600000381469727,25.600000381469727,5470,0.0,0.0
2023-08-03 00:00:00-04:00,25.600000381469727,26.600000381469727,25.200000762939453,25.399999618530273,2810,0.0,0.0
2023-08-04 00:00:00-04:00,25.399999618530273,26.0,25.0,25.600000381469727,3350,0.0,0.0
2023-08-07 00:00:00-04:00,26.200000762939453,26.200000762939453,25.0,25.0,1530,0.0,0.0
2023-08-08 00:00:00-04:00,25.0,25.0,24.0,24.0,4820,0.0,0.0
2023-08-09 00:00:00-04:00,24.0,24.600000381469727,23.0,24.200000762939453,5750,0.0,0.0
2023-08-10 00:00:00-04:00,24.600000381469727,25.399999618530273,23.799999237060547,25.399999618530273,3860,0.0,0.0
2023-08-11 00:00:00-04:00,25.0,25.399999618530273,24.200000762939453,25.399999618530273,2905,0.0,0.0
2023-08-14 00:00:00-04:00,25.0,25.399999618530273,23.799999237060547,25.0,2990,0.0,0.0
2023-08-15 00:00:00-04:00,24.399999618530273,25.200000762939453,24.200000762939453,24.600000381469727,1675,0.0,0.0
2023-08-16 00:00:00-04:00,23.600000381469727,24.799999237060547,23.600000381469727,24.600000381469727,2805,0.0,0.0
2023-08-17 00:00:00-04:00,23.600000381469727,24.600000381469727,23.600000381469727,24.0,4365,0.0,0.0
2023-08-18 00:00:00-04:00,23.799999237060547,24.799999237060547,23.399999618530273,23.600000381469727,1855,0.0,0.0
2023-08-21 00:00:00-04:00,23.799999237060547,25.0,23.600000381469727,24.399999618530273,2095,0.0,0.0
2023-08-22 00:00:00-04:00,24.200000762939453,25.0,23.600000381469727,25.0,4605,0.0,0.0
2023-08-23 00:00:00-04:00,23.399999618530273,23.799999237060547,19.799999237060547,23.200000762939453,26800,0.0,0.0
2023-08-24 00:00:00-04:00,22.600000381469727,22.799999237060547,21.799999237060547,22.200000762939453,5995,0.0,0.0
2023-08-25 00:00:00-04:00,21.0,22.200000762939453,21.0,21.600000381469727,14600,0.0,0.0
2023-08-28 00:00:00-04:00,21.600000381469727,22.0,20.200000762939453,20.399999618530273,2995,0.0,0.0
2023-08-29 00:00:00-04:00,20.399999618530273,22.200000762939453,20.399999618530273,21.600000381469727,5055,0.0,0.0
2023-08-30 00:00:00-04:00,22.200000762939453,22.600000381469727,21.600000381469727,22.0,1880,0.0,0.0
2023-08-31 00:00:00-04:00,21.799999237060547,22.399999618530273,21.399999618530273,21.600000381469727,7660,0.0,0.0
2023-09-01 00:00:00-04:00,20.799999237060547,22.0,20.799999237060547,21.200000762939453,3605,0.0,0.0
2023-09-05 00:00:00-04:00,20.799999237060547,21.600000381469727,20.399999618530273,20.600000381469727,3965,0.0,0.0
2023-09-06 00:00:00-04:00,20.799999237060547,21.600000381469727,19.600000381469727,20.0,6120,0.0,0.0
2023-09-07 00:00:00-04:00,19.200000762939453,20.399999618530273,19.200000762939453,19.399999618530273,3740,0.0,0.0
2023-09-08 00:00:00-04:00,20.200000762939453,20.399999618530273,19.399999618530273,19.799999237060547,3360,0.0,0.0
2023-09-11 00:00:00-04:00,20.0,20.200000762939453,18.799999237060547,18.799999237060547,7045,0.0,0.0
2023-09-12 00:00:00-04:00,19.0,20.0,18.399999618530273,18.399999618530273,8705,0.0,0.0
2023-09-13 00:00:00-04:00,18.0,18.600000381469727,17.200000762939453,17.399999618530273,11570,0.0,0.0
2023-09-14 00:00:00-04:00,18.0,18.399999618530273,17.600000381469727,17.600000381469727,9635,0.0,0.0
2023-09-15 00:00:00-04:00,17.799999237060547,18.399999618530273,17.0,17.600000381469727,5630,0.0,0.0
2023-09-18 00:00:00-04:00,17.399999618530273,18.200000762939453,17.0,17.0,4180,0.0,0.0
2023-09-19 00:00:00-04:00,17.799999237060547,18.0,16.200000762939453,16.399999618530273,13140,0.0,0.0
2023-09-20 00:00:00-04:00,18.0,18.399999618530273,16.399999618530273,17.200000762939453,10575,0.0,0.0
2023-09-21 00:00:00-04:00,16.0,17.200000762939453,15.399999618530273,16.200000762939453,17185,0.0,0.0
2023-09-22 00:00:00-04:00,16.0,16.0,15.199999809265137,15.399999618530273,6640,0.0,0.0
2023-09-25 00:00:00-04:00,16.0,16.0,15.199999809265137,15.199999809265137,4720,0.0,0.0
2023-09-26 00:00:00-04:00,15.199999809265137,15.399999618530273,14.0,14.199999809265137,10475,0.0,0.0
2023-09-27 00:00:00-04:00,14.399999618530273,14.800000190734863,14.0,14.199999809265137,6630,0.0,0.0
2023-09-28 00:00:00-04:00,14.600000381469727,14.800000190734863,14.0,14.0,6615,0.0,0.0
2023-09-29 00:00:00-04:00,14.399999618530273,14.800000190734863,14.0,14.0,5625,0.0,0.0
2023-10-02 00:00:00-04:00,14.399999618530273,14.399999618530273,13.399999618530273,13.399999618530273,6250,0.0,0.0
2023-10-03 00:00:00-04:00,13.600000381469727,14.0,13.399999618530273,13.600000381469727,2565,0.0,0.0
2023-10-04 00:00:00-04:00,14.600000381469727,14.600000381469727,13.399999618530273,13.800000190734863,4845,0.0,0.0
2023-10-05 00:00:00-04:00,14.0,14.399999618530273,13.600000381469727,13.600000381469727,3725,0.0,0.0
2023-10-06 00:00:00-04:00,14.0,14.199999809265137,13.399999618530273,13.399999618530273,4795,0.0,0.0
2023-10-09 00:00:00-04:00,14.0,14.0,12.0,12.800000190734863,13140,0.0,0.0
2023-10-10 00:00:00-04:00,13.0,13.399999618530273,12.0,12.0,7665,0.0,0.0
2023-10-11 00:00:00-04:00,12.199999809265137,13.0,10.800000190734863,11.199999809265137,14585,0.0,0.0
2023-10-12 00:00:00-04:00,11.399999618530273,11.800000190734863,10.600000381469727,11.800000190734863,16615,0.0,0.0
2023-10-13 00:00:00-04:00,11.399999618530273,12.199999809265137,11.399999618530273,12.199999809265137,4140,0.0,0.0
2023-10-16 00:00:00-04:00,12.800000190734863,12.800000190734863,12.0,12.0,4970,0.0,0.0
2023-10-17 00:00:00-04:00,12.0,13.600000381469727,12.0,12.800000190734863,7680,0.0,0.0
2023-10-18 00:00:00-04:00,13.800000190734863,13.800000190734863,12.0,12.0,3280,0.0,0.0
2023-10-19 00:00:00-04:00,12.0,12.0,10.0,10.600000381469727,20660,0.0,0.0
2023-10-20 00:00:00-04:00,11.0,11.399999618530273,10.399999618530273,10.600000381469727,4840,0.0,0.0
2023-10-23 00:00:00-04:00,11.0,12.199999809265137,10.399999618530273,10.600000381469727,6770,0.0,0.0
2023-10-24 00:00:00-04:00,10.199999809265137,11.199999809265137,10.0,10.600000381469727,10400,0.0,0.0
2023-10-25 00:00:00-04:00,11.0,11.800000190734863,10.399999618530273,10.800000190734863,6070,0.0,0.0
2023-10-26 00:00:00-04:00,11.0,11.800000190734863,11.0,11.600000381469727,6240,0.0,0.0
2023-10-27 00:00:00-04:00,12.0,12.399999618530273,11.399999618530273,11.399999618530273,5095,0.0,0.0
2023-10-30 00:00:00-04:00,11.600000381469727,12.399999618530273,11.0,11.0,4470,0.0,0.0
2023-10-31 00:00:00-04:00,11.399999618530273,12.0,11.399999618530273,11.600000381469727,9550,0.0,0.0
2023-11-01 00:00:00-04:00,13.199999809265137,13.199999809265137,10.0,10.199999809265137,19040,0.0,0.0
2023-11-02 00:00:00-04:00,11.199999809265137,11.199999809265137,10.199999809265137,10.600000381469727,11245,0.0,0.0
2023-11-03 00:00:00-04:00,10.600000381469727,12.0,10.199999809265137,12.0,7150,0.0,0.0
2023-11-06 00:00:00-05:00,11.600000381469727,12.199999809265137,10.199999809265137,10.600000381469727,19460,0.0,0.0
2023-11-07 00:00:00-05:00,11.199999809265137,11.199999809265137,9.800000190734863,9.800000190734863,16965,0.0,0.0
2023-11-08 00:00:00-05:00,10.399999618530273,10.600000381469727,9.399999618530273,9.399999618530273,18305,0.0,0.0
2023-11-09 00:00:00-05:00,9.600000381469727,10.0,8.0,8.0,23785,0.0,0.0
2023-11-10 00:00:00-05:00,8.600000381469727,8.800000190734863,7.400000095367432,8.0,45670,0.0,0.0
2023-11-13 00:00:00-05:00,7.800000190734863,9.0,7.599999904632568,9.0,36925,0.0,0.0
2023-11-14 00:00:00-05:00,8.800000190734863,10.600000381469727,8.800000190734863,9.600000381469727,34880,0.0,0.0
2023-11-15 00:00:00-05:00,9.600000381469727,10.199999809265137,9.199999809265137,9.600000381469727,9155,0.0,0.0
2023-11-16 00:00:00-05:00,9.800000190734863,9.800000190734863,9.0,9.0,7715,0.0,0.0
2023-11-17 00:00:00-05:00,9.0,9.199999809265137,7.599999904632568,8.399999618530273,20475,0.0,0.0
2023-11-20 00:00:00-05:00,7.599999904632568,8.0,7.400000095367432,7.599999904632568,33590,0.0,0.0
2023-11-21 00:00:00-05:00,7.400000095367432,7.599999904632568,7.0,7.0,18765,0.0,0.0
2023-11-22 00:00:00-05:00,7.0,7.199999809265137,6.199999809265137,6.800000190734863,41835,0.0,0.0
2023-11-24 00:00:00-05:00,6.800000190734863,7.599999904632568,6.800000190734863,7.199999809265137,11685,0.0,0.0
2023-11-27 00:00:00-05:00,7.400000095367432,7.599999904632568,7.0,7.0,17270,0.0,0.0
2023-11-28 00:00:00-05:00,7.0,7.400000095367432,6.599999904632568,6.599999904632568,32510,0.0,0.0
2023-11-29 00:00:00-05:00,6.050000190734863,8.5600004196167,6.050000190734863,7.5,97100,0.0,0.05
2023-11-30 00:00:00-05:00,7.96999979019165,7.96999979019165,6.75,6.869999885559082,38200,0.0,0.0
2023-12-01 00:00:00-05:00,6.769999980926514,7.150000095367432,6.75,7.019999980926514,37100,0.0,0.0
2023-12-04 00:00:00-05:00,7.019999980926514,7.360000133514404,6.139999866485596,6.820000171661377,48200,0.0,0.0
2023-12-05 00:00:00-05:00,6.679999828338623,6.730000019073486,6.519999980926514,6.71999979019165,14500,0.0,0.0
2023-12-06 00:00:00-05:00,6.619999885559082,7.079999923706055,6.619999885559082,7.0,21700,0.0,0.0
2023-12-07 00:00:00-05:00,7.019999980926514,10.800000190734863,6.690000057220459,8.699999809265137,296700,0.0,0.0
2023-12-08 00:00:00-05:00,8.9399995803833,9.90999984741211,8.779999732971191,9.800000190734863,54200,0.0,0.0
2023-12-11 00:00:00-05:00,9.899999618530273,10.75,9.34000015258789,9.430000305175781,56300,0.0,0.0
2023-12-12 00:00:00-05:00,9.239999771118164,9.420000076293945,8.8100004196167,8.8100004196167,18200,0.0,0.0
2023-12-13 00:00:00-05:00,9.050000190734863,9.3100004196167,8.800000190734863,9.3100004196167,29700,0.0,0.0
2023-12-14 00:00:00-05:00,7.960000038146973,8.6899995803833,7.320000171661377,7.349999904632568,90700,0.0,0.0
2023-12-15 00:00:00-05:00,7.570000171661377,7.760000228881836,6.449999809265137,7.099999904632568,68100,0.0,0.0
2023-12-18 00:00:00-05:00,6.989999771118164,7.090000152587891,6.619999885559082,6.679999828338623,34500,0.0,0.0
2023-12-19 00:00:00-05:00,6.590000152587891,7.019999980926514,6.380000114440918,6.429999828338623,51500,0.0,0.0
2023-12-20 00:00:00-05:00,6.28000020980835,6.429999828338623,5.699999809265137,6.0,114100,0.0,0.0
2023-12-21 00:00:00-05:00,6.0,6.130000114440918,5.829999923706055,5.989999771118164,48200,0.0,0.0
2023-12-22 00:00:00-05:00,6.0,6.21999979019165,5.849999904632568,5.920000076293945,38300,0.0,0.0
2023-12-26 00:00:00-05:00,5.920000076293945,9.1899995803833,5.920000076293945,7.829999923706055,342400,0.0,0.0
2023-12-27 00:00:00-05:00,7.960000038146973,10.25,7.960000038146973,9.979999542236328,163500,0.0,0.0
2023-12-28 00:00:00-05:00,10.550000190734863,13.220000267028809,10.199999809265137,10.4399995803833,179000,0.0,0.0
2023-12-29 00:00:00-05:00,10.670000076293945,11.0,9.220000267028809,9.449999809265137,99300,0.0,0.0
2024-01-02 00:00:00-05:00,9.479999542236328,9.539999961853027,8.59000015258789,9.010000228881836,69500,0.0,0.0
2024-01-03 00:00:00-05:00,8.760000228881836,8.859999656677246,7.449999809265137,7.599999904632568,89100,0.0,0.0
2024-01-04 00:00:00-05:00,7.800000190734863,7.800000190734863,7.440000057220459,7.699999809265137,27300,0.0,0.0
2024-01-05 00:00:00-05:00,7.710000038146973,8.619999885559082,7.550000190734863,8.59000015258789,35300,0.0,0.0
2024-01-08 00:00:00-05:00,8.539999961853027,10.34000015258789,8.420000076293945,9.979999542236328,42300,0.0,0.0
2024-01-09 00:00:00-05:00,9.680000305175781,10.979999542236328,9.550000190734863,10.9399995803833,28900,0.0,0.0
2024-01-10 00:00:00-05:00,10.619999885559082,11.140000343322754,10.520000457763672,10.789999961853027,19200,0.0,0.0
2024-01-11 00:00:00-05:00,10.550000190734863,10.979999542236328,10.050000190734863,10.369999885559082,17700,0.0,0.0
2024-01-12 00:00:00-05:00,9.949999809265137,10.720000267028809,9.069999694824219,9.079999923706055,31000,0.0,0.0
2024-01-16 00:00:00-05:00,9.109999656677246,9.789999961853027,8.460000038146973,9.170000076293945,50600,0.0,0.0
2024-01-17 00:00:00-05:00,9.050000190734863,9.369999885559082,8.680000305175781,9.25,26700,0.0,0.0
2024-01-18 00:00:00-05:00,9.069999694824219,9.619999885559082,9.069999694824219,9.399999618530273,20800,0.0,0.0
2024-01-19 00:00:00-05:00,9.40999984741211,10.100000381469727,9.109999656677246,9.34000015258789,25000,0.0,0.0
2024-01-22 00:00:00-05:00,9.720000267028809,10.65999984741211,9.399999618530273,10.0,36700,0.0,0.0
2024-01-23 00:00:00-05:00,9.9399995803833,11.9399995803833,9.9399995803833,11.289999961853027,54000,0.0,0.0
2024-01-24 00:00:00-05:00,11.3100004196167,12.34000015258789,10.75,11.8100004196167,30000,0.0,0.0
2024-01-25 00:00:00-05:00,12.029999732971191,13.0,11.779999732971191,12.880000114440918,41400,0.0,0.0
2024-01-26 00:00:00-05:00,13.0,14.319999694824219,13.0,13.75,36100,0.0,0.0
2024-01-29 00:00:00-05:00,13.510000228881836,14.329999923706055,13.350000381469727,14.140000343322754,21800,0.0,0.0
2024-01-30 00:00:00-05:00,14.569999694824219,15.25,13.779999732971191,13.800000190734863,36800,0.0,0.0
2024-01-31 00:00:00-05:00,13.609999656677246,13.800000190734863,11.399999618530273,11.510000228881836,85600,0.0,0.0
2024-02-01 00:00:00-05:00,11.8100004196167,13.25,11.579999923706055,13.0,36600,0.0,0.0
2024-02-02 00:00:00-05:00,12.649999618530273,13.289999961853027,12.0600004196167,12.5,10600,0.0,0.0
2024-02-05 00:00:00-05:00,12.569999694824219,12.890000343322754,12.100000381469727,12.890000343322754,17200,0.0,0.0
2024-02-06 00:00:00-05:00,12.5,12.880000114440918,12.350000381469727,12.880000114440918,7100,0.0,0.0
2024-02-07 00:00:00-05:00,12.65999984741211,12.899999618530273,12.300000190734863,12.520000457763672,7500,0.0,0.0
2024-02-08 00:00:00-05:00,12.369999885559082,12.770000457763672,12.119999885559082,12.350000381469727,25400,0.0,0.0
2024-02-09 00:00:00-05:00,12.1899995803833,13.0,11.760000228881836,11.859999656677246,38300,0.0,0.0
2024-02-12 00:00:00-05:00,12.359999656677246,12.359999656677246,10.3100004196167,10.40999984741211,49800,0.0,0.0
2024-02-13 00:00:00-05:00,10.100000381469727,10.130000114440918,9.380000114440918,9.739999771118164,39500,0.0,0.0
2024-02-14 00:00:00-05:00,9.739999771118164,10.319999694824219,9.579999923706055,10.100000381469727,15500,0.0,0.0
2024-02-15 00:00:00-05:00,10.0,10.479999542236328,9.8100004196167,10.34000015258789,10900,0.0,0.0
2024-02-16 00:00:00-05:00,10.5600004196167,10.5600004196167,10.020000457763672,10.069999694824219,5000,0.0,0.0
2024-02-20 00:00:00-05:00,10.09000015258789,10.399999618530273,10.079999923706055,10.220000267028809,4000,0.0,0.0
2024-02-21 00:00:00-05:00,10.09000015258789,10.550000190734863,10.050000190734863,10.050000190734863,3800,0.0,0.0
2024-02-22 00:00:00-05:00,10.350000381469727,10.5,9.859999656677246,9.9399995803833,9700,0.0,0.0
2024-02-23 00:00:00-05:00,9.899999618530273,10.359999656677246,8.739999771118164,9.479999542236328,34300,0.0,0.0
2024-02-26 00:00:00-05:00,9.8100004196167,10.539999961853027,8.020000457763672,8.300000190734863,88300,0.0,0.0
2024-02-27 00:00:00-05:00,8.710000038146973,8.890000343322754,8.0,8.59000015258789,25200,0.0,0.0
2024-02-28 00:00:00-05:00,8.59000015258789,8.65999984741211,8.220000267028809,8.350000381469727,7500,0.0,0.0
2024-02-29 00:00:00-05:00,8.59000015258789,8.59000015258789,8.25,8.390000343322754,10000,0.0,0.0
2024-03-01 00:00:00-05:00,8.680000305175781,8.6899995803833,8.25,8.25,12600,0.0,0.0
2024-03-04 00:00:00-05:00,8.550000190734863,8.859999656677246,8.350000381469727,8.829999923706055,35700,0.0,0.0
2024-03-05 00:00:00-05:00,8.829999923706055,8.989999771118164,8.470000267028809,8.8100004196167,6200,0.0,0.0
2024-03-06 00:00:00-05:00,8.979999542236328,9.300000190734863,8.84000015258789,8.899999618530273,5100,0.0,0.0
2024-03-07 00:00:00-05:00,8.899999618530273,9.390000343322754,8.720000267028809,8.770000457763672,8800,0.0,0.0
2024-03-08 00:00:00-05:00,9.079999923706055,9.369999885559082,8.949999809265137,9.039999961853027,7100,0.0,0.0
2024-03-11 00:00:00-04:00,9.020000457763672,9.890000343322754,9.020000457763672,9.619999885559082,6200,0.0,0.0
2024-03-12 00:00:00-04:00,9.479999542236328,9.850000381469727,8.819999694824219,8.819999694824219,25100,0.0,0.0
2024-03-13 00:00:00-04:00,9.020000457763672,9.369999885559082,8.430000305175781,8.699999809265137,22100,0.0,0.0
2024-03-14 00:00:00-04:00,8.4399995803833,8.779999732971191,7.800000190734863,7.800000190734863,16400,0.0,0.0
2024-03-15 00:00:00-04:00,8.300000190734863,8.300000190734863,7.670000076293945,7.800000190734863,22200,0.0,0.0
2024-03-18 00:00:00-04:00,7.860000133514404,7.860000133514404,7.579999923706055,7.639999866485596,40600,0.0,0.0
2024-03-19 00:00:00-04:00,7.460000038146973,7.800000190734863,7.460000038146973,7.71999979019165,15800,0.0,0.0
2024-03-20 00:00:00-04:00,7.860000133514404,8.039999961853027,7.630000114440918,7.900000095367432,20000,0.0,0.0
2024-03-21 00:00:00-04:00,7.809999942779541,8.140000343322754,7.679999828338623,7.679999828338623,14400,0.0,0.0
2024-03-22 00:00:00-04:00,7.659999847412109,7.889999866485596,7.659999847412109,7.800000190734863,4000,0.0,0.0
2024-03-25 00:00:00-04:00,7.820000171661377,7.820000171661377,7.170000076293945,7.360000133514404,12600,0.0,0.0
2024-03-26 00:00:00-04:00,7.199999809265137,7.349999904632568,7.099999904632568,7.099999904632568,4600,0.0,0.0
2024-03-27 00:00:00-04:00,6.960000038146973,7.099999904632568,6.880000114440918,6.880000114440918,5700,0.0,0.0
2024-03-28 00:00:00-04:00,6.880000114440918,7.5,6.880000114440918,7.5,5400,0.0,0.0
2024-04-01 00:00:00-04:00,7.559999942779541,8.170000076293945,7.559999942779541,7.880000114440918,8600,0.0,0.0
2024-04-02 00:00:00-04:00,7.610000133514404,7.650000095367432,7.150000095367432,7.440000057220459,8700,0.0,0.0
2024-04-03 00:00:00-04:00,7.139999866485596,7.900000095367432,7.050000190734863,7.409999847412109,20500,0.0,0.0
2024-04-04 00:00:00-04:00,7.269999980926514,7.559999942779541,7.260000228881836,7.320000171661377,6500,0.0,0.0
2024-04-05 00:00:00-04:00,7.349999904632568,7.570000171661377,6.900000095367432,6.949999809265137,13600,0.0,0.0
2024-04-08 00:00:00-04:00,6.949999809265137,7.28000020980835,6.929999828338623,6.929999828338623,6700,0.0,0.0
2024-04-09 00:00:00-04:00,7.0,7.070000171661377,6.949999809265137,6.960000038146973,5600,0.0,0.0
2024-04-10 00:00:00-04:00,6.78000020980835,6.980000019073486,6.690000057220459,6.789999961853027,6200,0.0,0.0
2024-04-11 00:00:00-04:00,6.800000190734863,7.0,6.800000190734863,7.0,3600,0.0,0.0
2024-04-12 00:00:00-04:00,6.96999979019165,7.0,6.610000133514404,6.809999942779541,10300,0.0,0.0
2024-04-15 00:00:00-04:00,6.849999904632568,6.960000038146973,5.909999847412109,6.010000228881836,35200,0.0,0.0
2024-04-16 00:00:00-04:00,5.900000095367432,6.170000076293945,5.900000095367432,5.909999847412109,4800,0.0,0.0
2024-04-17 00:00:00-04:00,5.989999771118164,5.989999771118164,5.699999809265137,5.699999809265137,13700,0.0,0.0
2024-04-18 00:00:00-04:00,5.570000171661377,5.769999980926514,5.460000038146973,5.5,27200,0.0,0.0
2024-04-19 00:00:00-04:00,5.679999828338623,5.869999885559082,5.409999847412109,5.409999847412109,7500,0.0,0.0
2024-04-22 00:00:00-04:00,5.360000133514404,5.760000228881836,5.360000133514404,5.449999809265137,27500,0.0,0.0
2024-04-23 00:00:00-04:00,5.510000228881836,5.900000095367432,5.420000076293945,5.449999809265137,17500,0.0,0.0
2024-04-24 00:00:00-04:00,5.570000171661377,5.769999980926514,5.340000152587891,5.550000190734863,21200,0.0,0.0
2024-04-25 00:00:00-04:00,5.550000190734863,5.570000171661377,5.340000152587891,5.559999942779541,16000,0.0,0.0
2024-04-26 00:00:00-04:00,5.440000057220459,5.75,5.440000057220459,5.650000095367432,12100,0.0,0.0
2024-04-29 00:00:00-04:00,5.699999809265137,5.699999809265137,5.349999904632568,5.400000095367432,19700,0.0,0.0
2024-04-30 00:00:00-04:00,5.46999979019165,5.639999866485596,5.25,5.25,36800,0.0,0.0
2024-05-01 00:00:00-04:00,5.78000020980835,5.78000020980835,5.159999847412109,5.190000057220459,17300,0.0,0.0
2024-05-02 00:00:00-04:00,5.230000019073486,5.539999961853027,5.230000019073486,5.400000095367432,11500,0.0,0.0
2024-05-03 00:00:00-04:00,5.550000190734863,5.550000190734863,5.230000019073486,5.510000228881836,7800,0.0,0.0
2024-05-06 00:00:00-04:00,5.75,5.75,5.53000020980835,5.550000190734863,6500,0.0,0.0
2024-05-07 00:00:00-04:00,5.75,5.940000057220459,5.590000152587891,5.809999942779541,15100,0.0,0.0
2024-05-08 00:00:00-04:00,5.610000133514404,6.559999942779541,5.610000133514404,6.199999809265137,4500,0.0,0.0
2024-05-09 00:00:00-04:00,6.239999771118164,6.920000076293945,6.230000019073486,6.78000020980835,5000,0.0,0.0
2024-05-10 00:00:00-04:00,6.769999980926514,6.789999961853027,6.309999942779541,6.599999904632568,13700,0.0,0.0
2024-05-13 00:00:00-04:00,6.46999979019165,6.800000190734863,6.349999904632568,6.510000228881836,9000,0.0,0.0
2024-05-14 00:00:00-04:00,6.510000228881836,6.78000020980835,6.460000038146973,6.550000190734863,9100,0.0,0.0
2024-05-15 00:00:00-04:00,6.610000133514404,6.840000152587891,6.360000133514404,6.480000019073486,7600,0.0,0.0
2024-05-16 00:00:00-04:00,6.5,6.599999904632568,6.230000019073486,6.25,17200,0.0,0.0
2024-05-17 00:00:00-04:00,5.679999828338623,6.510000228881836,5.679999828338623,6.25,18000,0.0,0.0
2024-05-20 00:00:00-04:00,6.25,6.46999979019165,5.739999771118164,5.829999923706055,5100,0.0,0.0
2024-05-21 00:00:00-04:00,6.059999942779541,6.059999942779541,5.300000190734863,5.309999942779541,13700,0.0,0.0
2024-05-22 00:00:00-04:00,5.300000190734863,5.590000152587891,5.130000114440918,5.190000057220459,16900,0.0,0.0
2024-05-23 00:00:00-04:00,5.360000133514404,5.360000133514404,5.099999904632568,5.099999904632568,7700,0.0,0.0
2024-05-24 00:00:00-04:00,5.239999771118164,5.239999771118164,4.940000057220459,4.940000057220459,23400,0.0,0.0
2024-05-28 00:00:00-04:00,5.110000133514404,5.110000133514404,4.510000228881836,4.550000190734863,25300,0.0,0.0
2024-05-29 00:00:00-04:00,4.769999980926514,4.769999980926514,4.349999904632568,4.460000038146973,24600,0.0,0.0
2024-05-30 00:00:00-04:00,4.519999980926514,4.639999866485596,4.409999847412109,4.409999847412109,16700,0.0,0.0
2024-05-31 00:00:00-04:00,4.409999847412109,4.53000020980835,4.28000020980835,4.28000020980835,12200,0.0,0.0
2024-06-03 00:00:00-04:00,4.269999980926514,4.510000228881836,4.199999809265137,4.340000152587891,44500,0.0,0.0
2024-06-04 00:00:00-04:00,4.489999771118164,4.489999771118164,4.010000228881836,4.21999979019165,22200,0.0,0.0
2024-06-05 00:00:00-04:00,4.239999771118164,4.599999904632568,4.03000020980835,4.199999809265137,36100,0.0,0.0
2024-06-06 00:00:00-04:00,4.300000190734863,4.690000057220459,4.150000095367432,4.150000095367432,7600,0.0,0.0
2024-06-07 00:00:00-04:00,4.110000133514404,4.429999828338623,3.869999885559082,4.21999979019165,20600,0.0,0.0
2024-06-10 00:00:00-04:00,4.199999809265137,4.519999980926514,4.159999847412109,4.389999866485596,9600,0.0,0.0
2024-06-11 00:00:00-04:00,4.369999885559082,4.71999979019165,4.21999979019165,4.579999923706055,9400,0.0,0.0
2024-06-12 00:00:00-04:00,4.849999904632568,4.880000114440918,4.550000190734863,4.550000190734863,13600,0.0,0.0
2024-06-13 00:00:00-04:00,4.460000038146973,4.96999979019165,4.460000038146973,4.900000095367432,29900,0.0,0.0
2024-06-14 00:00:00-04:00,4.760000228881836,4.880000114440918,4.260000228881836,4.699999809265137,21100,0.0,0.0
2024-06-17 00:00:00-04:00,4.599999904632568,4.710000038146973,4.539999961853027,4.599999904632568,3500,0.0,0.0
2024-06-18 00:00:00-04:00,4.579999923706055,4.869999885559082,4.340000152587891,4.670000076293945,27700,0.0,0.0
2024-06-20 00:00:00-04:00,4.550000190734863,4.949999809265137,4.5,4.710000038146973,22100,0.0,0.0
2024-06-21 00:00:00-04:00,4.929999828338623,4.980000019073486,4.909999847412109,4.960000038146973,10500,0.0,0.0
2024-06-24 00:00:00-04:00,4.949999809265137,5.230000019073486,4.760000228881836,5.070000171661377,45100,0.0,0.0
2024-06-25 00:00:00-04:00,14.1899995803833,24.270000457763672,12.819999694824219,20.520000457763672,44456800,0.0,0.0
2024-06-26 00:00:00-04:00,17.059999465942383,21.399999618530273,17.059999465942383,19.860000610351562,1659300,0.0,0.0
2024-06-27 00:00:00-04:00,19.5,25.780000686645508,19.010000228881836,24.0,872400,0.0,0.0
2024-06-28 00:00:00-04:00,24.0,24.0,21.93000030517578,23.0,288000,0.0,0.0
2024-07-01 00:00:00-04:00,22.93000030517578,22.93000030517578,18.0,19.0,359400,0.0,0.0
2024-07-02 00:00:00-04:00,18.170000076293945,20.899999618530273,18.170000076293945,19.25,232400,0.0,0.0
2024-07-03 00:00:00-04:00,19.25,22.0,19.149999618530273,21.299999237060547,149700,0.0,0.0
2024-07-05 00:00:00-04:00,21.209999084472656,23.799999237060547,21.209999084472656,23.0,188800,0.0,0.0
2024-07-08 00:00:00-04:00,23.68000030517578,23.68000030517578,21.56999969482422,21.959999084472656,136000,0.0,0.0
2024-07-09 00:00:00-04:00,21.739999771118164,22.5,21.110000610351562,21.530000686645508,58400,0.0,0.0
2024-07-10 00:00:00-04:00,21.350000381469727,22.0,20.049999237060547,20.049999237060547,66100,0.0,0.0
2024-07-11 00:00:00-04:00,19.899999618530273,21.889999389648438,19.899999618530273,21.31999969482422,71500,0.0,0.0
2024-07-12 00:00:00-04:00,21.31999969482422,21.770000457763672,19.770000457763672,20.610000610351562,96500,0.0,0.0
2024-07-15 00:00:00-04:00,20.329999923706055,21.299999237060547,20.209999084472656,20.84000015258789,77100,0.0,0.0
2024-07-16 00:00:00-04:00,20.780000686645508,21.84000015258789,20.780000686645508,20.989999771118164,71000,0.0,0.0
2024-07-17 00:00:00-04:00,21.0,21.190000534057617,20.600000381469727,21.190000534057617,52100,0.0,0.0
2024-07-18 00:00:00-04:00,21.190000534057617,23.0,20.690000534057617,22.739999771118164,78400,0.0,0.0
2024-07-19 00:00:00-04:00,22.729999542236328,28.959999084472656,22.729999542236328,28.350000381469727,278900,0.0,0.0
2024-07-22 00:00:00-04:00,28.0,28.780000686645508,26.950000762939453,28.309999465942383,166900,0.0,0.0
2024-07-23 00:00:00-04:00,28.0,31.299999237060547,27.510000228881836,31.290000915527344,127400,0.0,0.0
2024-07-24 00:00:00-04:00,30.0,34.84000015258789,29.959999084472656,34.5,198700,0.0,0.0
2024-07-25 00:00:00-04:00,32.31999969482422,34.279998779296875,32.0,34.0,89700,0.0,0.0
2024-07-26 00:00:00-04:00,33.810001373291016,35.5,33.529998779296875,33.75,67000,0.0,0.0
2024-07-29 00:00:00-04:00,33.5,34.0,30.31999969482422,31.170000076293945,100700,0.0,0.0
2024-07-30 00:00:00-04:00,31.760000228881836,31.93000030517578,25.829999923706055,26.190000534057617,200100,0.0,0.0
2024-07-31 00:00:00-04:00,25.770000457763672,27.290000915527344,25.0,26.969999313354492,115000,0.0,0.0
2024-08-01 00:00:00-04:00,26.68000030517578,27.100000381469727,24.290000915527344,25.25,101900,0.0,0.0
2024-08-02 00:00:00-04:00,24.030000686645508,25.0,22.6200008392334,23.989999771118164,166500,0.0,0.0
2024-08-05 00:00:00-04:00,22.030000686645508,23.8799991607666,21.079999923706055,23.59000015258789,185900,0.0,0.0
2024-08-06 00:00:00-04:00,24.0,26.0,23.229999542236328,25.670000076293945,32400,0.0,0.0
2024-08-07 00:00:00-04:00,26.0,28.100000381469727,25.049999237060547,25.40999984741211,74500,0.0,0.0
2024-08-08 00:00:00-04:00,25.5,26.0,22.510000228881836,22.510000228881836,83100,0.0,0.0
2024-08-09 00:00:00-04:00,23.030000686645508,23.6200008392334,20.510000228881836,21.5,120700,0.0,0.0
2024-08-12 00:00:00-04:00,22.049999237060547,22.329999923706055,21.030000686645508,22.049999237060547,28700,0.0,0.0
2024-08-13 00:00:00-04:00,21.709999084472656,25.0,21.709999084472656,23.5,67300,0.0,0.0
2024-08-14 00:00:00-04:00,24.079999923706055,25.350000381469727,22.760000228881836,22.760000228881836,94200,0.0,0.0
2024-08-15 00:00:00-04:00,23.100000381469727,24.81999969482422,23.0,24.139999389648438,52900,0.0,0.0
2024-08-16 00:00:00-04:00,23.6200008392334,24.600000381469727,22.5,22.770000457763672,63700,0.0,0.0
2024-08-19 00:00:00-04:00,22.799999237060547,23.290000915527344,22.0,23.100000381469727,34200,0.0,0.0
2024-08-20 00:00:00-04:00,23.559999465942383,23.56999969482422,22.280000686645508,22.700000762939453,65400,0.0,0.0
2024-08-21 00:00:00-04:00,22.639999389648438,23.75,22.219999313354492,22.360000610351562,47500,0.0,0.0
2024-08-22 00:00:00-04:00,22.459999084472656,23.200000762939453,19.229999542236328,19.399999618530273,258500,0.0,0.0
2024-08-23 00:00:00-04:00,20.0,23.600000381469727,20.0,23.059999465942383,131500,0.0,0.0
2024-08-26 00:00:00-04:00,22.90999984741211,23.170000076293945,21.25,21.59000015258789,91600,0.0,0.0
2024-08-27 00:00:00-04:00,21.899999618530273,23.219999313354492,21.530000686645508,22.399999618530273,65300,0.0,0.0
2024-08-28 00:00:00-04:00,23.5,24.600000381469727,20.489999771118164,22.3700008392334,228200,0.0,0.0
2024-08-29 00:00:00-04:00,21.93000030517578,23.799999237060547,21.5,22.799999237060547,132600,0.0,0.0
2024-08-30 00:00:00-04:00,22.649999618530273,23.200000762939453,20.8799991607666,21.0,96200,0.0,0.0
2024-09-03 00:00:00-04:00,21.100000381469727,21.139999389648438,19.040000915527344,19.899999618530273,83200,0.0,0.0
2024-09-04 00:00:00-04:00,19.899999618530273,19.899999618530273,19.299999237060547,19.649999618530273,44300,0.0,0.0
2024-09-05 00:00:00-04:00,19.530000686645508,19.6200008392334,18.280000686645508,18.639999389648438,68500,0.0,0.0
2024-09-06 00:00:00-04:00,18.700000762939453,19.950000762939453,17.299999237060547,19.399999618530273,89100,0.0,0.0
2024-09-09 00:00:00-04:00,19.56999969482422,20.799999237060547,18.450000762939453,20.639999389648438,92500,0.0,0.0
2024-09-10 00:00:00-04:00,20.75,20.989999771118164,19.729999542236328,20.110000610351562,51900,0.0,0.0
2024-09-11 00:00:00-04:00,20.110000610351562,20.770000457763672,19.209999084472656,19.440000534057617,70800,0.0,0.0
2024-09-12 00:00:00-04:00,19.670000076293945,21.5,19.670000076293945,21.5,76500,0.0,0.0
2024-09-13 00:00:00-04:00,22.139999389648438,25.479999542236328,22.139999389648438,24.520000457763672,159500,0.0,0.0
2024-09-16 00:00:00-04:00,24.600000381469727,24.899999618530273,22.969999313354492,23.309999465942383,78800,0.0,0.0
2024-09-17 00:00:00-04:00,23.59000015258789,24.670000076293945,22.81999969482422,23.809999465942383,60600,0.0,0.0
2024-09-18 00:00:00-04:00,23.600000381469727,24.110000610351562,23.010000228881836,23.299999237060547,44900,0.0,0.0
2024-09-19 00:00:00-04:00,23.5,26.450000762939453,23.360000610351562,25.829999923706055,80800,0.0,0.0
2024-09-20 00:00:00-04:00,26.020000457763672,26.020000457763672,23.709999084472656,24.100000381469727,50100,0.0,0.0
2024-09-23 00:00:00-04:00,24.079999923706055,24.399999618530273,23.010000228881836,23.600000381469727,69600,0.0,0.0
2024-09-24 00:00:00-04:00,23.56999969482422,25.5,23.399999618530273,25.31999969482422,49800,0.0,0.0
2024-09-25 00:00:00-04:00,25.31999969482422,28.360000610351562,24.510000228881836,26.850000381469727,66800,0.0,0.0
2024-09-26 00:00:00-04:00,26.81999969482422,26.81999969482422,25.670000076293945,26.309999465942383,39400,0.0,0.0
2024-09-27 00:00:00-04:00,26.670000076293945,29.280000686645508,26.549999237060547,27.760000228881836,77700,0.0,0.0
2024-09-30 00:00:00-04:00,27.459999084472656,28.209999084472656,26.610000610351562,27.510000228881836,69900,0.0,0.0
2024-10-01 00:00:00-04:00,27.40999984741211,27.40999984741211,25.1200008392334,26.219999313354492,103100,0.0,0.0
2024-10-02 00:00:00-04:00,26.3700008392334,28.200000762939453,25.799999237060547,27.850000381469727,47800,0.0,0.0
2024-10-03 00:00:00-04:00,27.780000686645508,28.030000686645508,26.290000915527344,26.290000915527344,40300,0.0,0.0
2024-10-04 00:00:00-04:00,26.989999771118164,27.389999389648438,26.25,27.290000915527344,39300,0.0,0.0
2024-10-07 00:00:00-04:00,27.290000915527344,27.850000381469727,25.799999237060547,26.489999771118164,52200,0.0,0.0
2024-10-08 00:00:00-04:00,25.950000762939453,26.850000381469727,25.020000457763672,25.020000457763672,22100,0.0,0.0
2024-10-09 00:00:00-04:00,25.030000686645508,27.229999542236328,25.030000686645508,26.989999771118164,38000,0.0,0.0
2024-10-10 00:00:00-04:00,26.75,28.0,26.030000686645508,27.309999465942383,46900,0.0,0.0
2024-10-11 00:00:00-04:00,27.530000686645508,29.0,26.540000915527344,26.90999984741211,99600,0.0,0.0
2024-10-14 00:00:00-04:00,26.700000762939453,27.200000762939453,25.299999237060547,26.940000534057617,32300,0.0,0.0
2024-10-15 00:00:00-04:00,27.260000228881836,28.0,26.520000457763672,26.690000534057617,17800,0.0,0.0
2024-10-16 00:00:00-04:00,26.989999771118164,27.690000534057617,26.34000015258789,27.0,8200,0.0,0.0
2024-10-17 00:00:00-04:00,27.25,27.25,25.600000381469727,26.489999771118164,10600,0.0,0.0
2024-10-18 00:00:00-04:00,26.170000076293945,26.5,25.690000534057617,26.399999618530273,44800,0.0,0.0
2024-10-21 00:00:00-04:00,26.399999618530273,26.489999771118164,24.5,25.540000915527344,30900,0.0,0.0
2024-10-22 00:00:00-04:00,25.829999923706055,26.549999237060547,25.399999618530273,25.950000762939453,41100,0.0,0.0
2024-10-23 00:00:00-04:00,25.899999618530273,25.899999618530273,23.940000534057617,24.1200008392334,57700,0.0,0.0
2024-10-24 00:00:00-04:00,24.1299991607666,25.030000686645508,23.049999237060547,24.1200008392334,74800,0.0,0.0
2024-10-25 00:00:00-04:00,24.110000610351562,24.5,23.18000030517578,23.790000915527344,10800,0.0,0.0
2024-10-28 00:00:00-04:00,24.190000534057617,25.010000228881836,23.770000457763672,24.899999618530273,39100,0.0,0.0
2024-10-29 00:00:00-04:00,25.010000228881836,25.079999923706055,23.649999618530273,23.829999923706055,40700,0.0,0.0
2024-10-30 00:00:00-04:00,23.809999465942383,24.600000381469727,23.809999465942383,24.360000610351562,8100,0.0,0.0
2024-10-31 00:00:00-04:00,24.020000457763672,24.100000381469727,22.899999618530273,23.479999542236328,18300,0.0,0.0
2024-11-01 00:00:00-04:00,23.8700008392334,24.360000610351562,22.5,22.780000686645508,49900,0.0,0.0
2024-11-04 00:00:00-05:00,22.420000076293945,23.309999465942383,21.610000610351562,21.799999237060547,51800,0.0,0.0
2024-11-05 00:00:00-05:00,22.260000228881836,23.649999618530273,21.649999618530273,23.3700008392334,42100,0.0,0.0
2024-11-06 00:00:00-05:00,24.360000610351562,24.360000610351562,19.010000228881836,20.459999084472656,147400,0.0,0.0
2024-11-07 00:00:00-05:00,20.010000228881836,20.600000381469727,18.850000381469727,19.0,65000,0.0,0.0
2024-11-08 00:00:00-05:00,19.0,19.700000762939453,18.450000762939453,18.989999771118164,66700,0.0,0.0
2024-11-11 00:00:00-05:00,19.0,19.829999923706055,18.100000381469727,19.18000030517578,65900,0.0,0.0
2024-11-12 00:00:00-05:00,19.25,19.84000015258789,18.25,18.780000686645508,76600,0.0,0.0
2024-11-13 00:00:00-05:00,18.690000534057617,18.989999771118164,17.43000030517578,17.790000915527344,69300,0.0,0.0
2024-11-14 00:00:00-05:00,18.15999984741211,18.790000915527344,17.600000381469727,18.0,69100,0.0,0.0
2024-11-15 00:00:00-05:00,17.760000228881836,17.850000381469727,17.0,17.360000610351562,59600,0.0,0.0
2024-11-18 00:00:00-05:00,17.649999618530273,18.56999969482422,17.40999984741211,18.280000686645508,29900,0.0,0.0
2024-11-19 00:00:00-05:00,18.68000030517578,19.479999542236328,18.59000015258789,18.610000610351562,47500,0.0,0.0
2024-11-20 00:00:00-05:00,18.899999618530273,19.90999984741211,18.899999618530273,19.049999237060547,18300,0.0,0.0
2024-11-21 00:00:00-05:00,19.010000228881836,21.989999771118164,19.0,21.40999984741211,90300,0.0,0.0
2024-11-22 00:00:00-05:00,21.780000686645508,22.969999313354492,21.010000228881836,22.5,63300,0.0,0.0
2024-11-25 00:00:00-05:00,22.959999084472656,23.010000228881836,20.770000457763672,21.25,53700,0.0,0.0
2024-11-26 00:00:00-05:00,21.510000228881836,23.25,21.510000228881836,23.049999237060547,38100,0.0,0.0
2024-11-27 00:00:00-05:00,22.899999618530273,24.889999389648438,21.989999771118164,24.360000610351562,48800,0.0,0.0
2024-11-29 00:00:00-05:00,24.8799991607666,25.889999389648438,24.59000015258789,25.010000228881836,35800,0.0,0.0
2024-12-02 00:00:00-05:00,25.0,25.739999771118164,24.040000915527344,25.40999984741211,92900,0.0,0.0
2024-12-03 00:00:00-05:00,25.239999771118164,25.239999771118164,24.100000381469727,24.649999618530273,48400,0.0,0.0
2024-12-04 00:00:00-05:00,24.489999771118164,24.709999084472656,22.799999237060547,23.389999389648438,80300,0.0,0.0
2024-12-05 00:00:00-05:00,23.450000762939453,24.389999389648438,23.270000457763672,23.59000015258789,43200,0.0,0.0
2024-12-06 00:00:00-05:00,23.600000381469727,24.3799991607666,23.170000076293945,24.3799991607666,7100,0.0,0.0
2024-12-09 00:00:00-05:00,24.950000762939453,25.75,24.100000381469727,24.18000030517578,25500,0.0,0.0
2024-12-10 00:00:00-05:00,23.860000610351562,24.040000915527344,22.25,23.020000457763672,24000,0.0,0.0
2024-12-11 00:00:00-05:00,22.6200008392334,23.81999969482422,21.899999618530273,23.59000015258789,28100,0.0,0.0
2024-12-12 00:00:00-05:00,23.25,24.639999389648438,22.670000076293945,23.489999771118164,14500,0.0,0.0
2024-12-13 00:00:00-05:00,23.790000915527344,23.790000915527344,21.959999084472656,22.790000915527344,19000,0.0,0.0
2024-12-16 00:00:00-05:00,23.030000686645508,24.350000381469727,22.260000228881836,24.010000228881836,19300,0.0,0.0
2024-12-17 00:00:00-05:00,24.049999237060547,24.329999923706055,22.270000457763672,23.0,40100,0.0,0.0
2024-12-18 00:00:00-05:00,22.700000762939453,23.959999084472656,21.6200008392334,21.950000762939453,16100,0.0,0.0
2024-12-19 00:00:00-05:00,21.5,24.489999771118164,21.489999771118164,23.6200008392334,60800,0.0,0.0
2024-12-20 00:00:00-05:00,23.5,25.5,23.469999313354492,25.309999465942383,33900,0.0,0.0
2024-12-23 00:00:00-05:00,25.149999618530273,26.5,24.540000915527344,25.989999771118164,33900,0.0,0.0
2024-12-24 00:00:00-05:00,26.0,27.1299991607666,25.809999465942383,26.1200008392334,15400,0.0,0.0
2024-12-26 00:00:00-05:00,26.040000915527344,26.299999237060547,25.399999618530273,25.84000015258789,10400,0.0,0.0
2024-12-27 00:00:00-05:00,25.5,25.950000762939453,25.139999389648438,25.510000228881836,14000,0.0,0.0
2024-12-30 00:00:00-05:00,25.780000686645508,25.780000686645508,24.549999237060547,25.0,15000,0.0,0.0
2024-12-31 00:00:00-05:00,24.18000030517578,25.0,23.149999618530273,23.719999313354492,28900,0.0,0.0
2025-01-02 00:00:00-05:00,23.600000381469727,24.420000076293945,23.100000381469727,23.729999542236328,24500,0.0,0.0
2025-01-03 00:00:00-05:00,23.899999618530273,23.899999618530273,22.350000381469727,22.950000762939453,35000,0.0,0.0
2025-01-06 00:00:00-05:00,23.469999313354492,24.799999237060547,23.25,24.40999984741211,12200,0.0,0.0
2025-01-07 00:00:00-05:00,24.40999984741211,24.40999984741211,23.040000915527344,23.75,15600,0.0,0.0
2025-01-08 00:00:00-05:00,23.399999618530273,23.399999618530273,22.260000228881836,23.15999984741211,18300,0.0,0.0
2025-01-10 00:00:00-05:00,22.81999969482422,23.110000610351562,22.440000534057617,22.440000534057617,18100,0.0,0.0
2025-01-13 00:00:00-05:00,22.3799991607666,23.25,22.0,22.799999237060547,28400,0.0,0.0
2025-01-14 00:00:00-05:00,22.799999237060547,23.25,22.489999771118164,23.100000381469727,18100,0.0,0.0
2025-01-15 00:00:00-05:00,23.200000762939453,24.959999084472656,22.959999084472656,23.049999237060547,37500,0.0,0.0
2025-01-16 00:00:00-05:00,22.350000381469727,23.610000610351562,22.350000381469727,23.549999237060547,18300,0.0,0.0
2025-01-17 00:00:00-05:00,23.649999618530273,25.25,23.260000228881836,24.5,20400,0.0,0.0
2025-01-21 00:00:00-05:00,24.700000762939453,25.190000534057617,23.709999084472656,23.709999084472656,24900,0.0,0.0
2025-01-22 00:00:00-05:00,24.3799991607666,24.920000076293945,23.979999542236328,24.549999237060547,20900,0.0,0.0
2025-01-23 00:00:00-05:00,24.84000015258789,24.979999542236328,22.75,24.979999542236328,43000,0.0,0.0
2025-01-24 00:00:00-05:00,24.5,25.020000457763672,23.979999542236328,24.760000228881836,21700,0.0,0.0
2025-01-27 00:00:00-05:00,25.229999542236328,25.229999542236328,23.110000610351562,23.709999084472656,27000,0.0,0.0
2025-01-28 00:00:00-05:00,23.059999465942383,23.739999771118164,22.56999969482422,22.649999618530273,49100,0.0,0.0
2025-01-29 00:00:00-05:00,22.260000228881836,22.610000610351562,21.5,22.459999084472656,13100,0.0,0.0
2025-01-30 00:00:00-05:00,22.459999084472656,23.670000076293945,22.389999389648438,23.440000534057617,10000,0.0,0.0
2025-01-31 00:00:00-05:00,23.40999984741211,23.959999084472656,22.6200008392334,23.610000610351562,11000,0.0,0.0
2025-02-03 00:00:00-05:00,22.530000686645508,25.149999618530273,22.530000686645508,25.09000015258789,35000,0.0,0.0
2025-02-04 00:00:00-05:00,25.270000457763672,27.350000381469727,25.030000686645508,25.09000015258789,60600,0.0,0.0
2025-02-05 00:00:00-05:00,25.540000915527344,26.0,24.969999313354492,25.579999923706055,7600,0.0,0.0
2025-02-06 00:00:00-05:00,25.540000915527344,25.540000915527344,24.219999313354492,24.40999984741211,16600,0.0,0.0
2025-02-07 00:00:00-05:00,24.3799991607666,24.3799991607666,23.31999969482422,24.299999237060547,17700,0.0,0.0
2025-02-10 00:00:00-05:00,24.75,26.0,23.40999984741211,25.899999618530273,34000,0.0,0.0
2025-02-11 00:00:00-05:00,25.639999389648438,27.030000686645508,24.0,26.790000915527344,72500,0.0,0.0
2025-02-12 00:00:00-05:00,22.889999389648438,23.600000381469727,20.989999771118164,21.100000381469727,112400,0.0,0.0
2025-02-13 00:00:00-05:00,20.989999771118164,22.780000686645508,20.989999771118164,22.6200008392334,40900,0.0,0.0
2025-02-14 00:00:00-05:00,23.0,23.959999084472656,22.219999313354492,23.950000762939453,21800,0.0,0.0
2025-02-18 00:00:00-05:00,23.5,24.450000762939453,22.5,22.899999618530273,40900,0.0,0.0
2025-02-19 00:00:00-05:00,23.25,24.18000030517578,23.010000228881836,23.450000762939453,36600,0.0,0.0
2025-02-20 00:00:00-05:00,22.81999969482422,23.229999542236328,22.31999969482422,22.3700008392334,14100,0.0,0.0
2025-02-21 00:00:00-05:00,22.75,22.75,20.700000762939453,21.610000610351562,29200,0.0,0.0
2025-02-24 00:00:00-05:00,21.8799991607666,21.8799991607666,20.25,20.350000381469727,27100,0.0,0.0
2025-02-25 00:00:00-05:00,21.200000762939453,21.56999969482422,20.350000381469727,21.440000534057617,22800,0.0,0.0
2025-02-26 00:00:00-05:00,21.700000762939453,22.270000457763672,21.170000076293945,21.290000915527344,17300,0.0,0.0
2025-02-27 00:00:00-05:00,21.510000228881836,21.8799991607666,20.959999084472656,21.459999084472656,16300,0.0,0.0
2025-02-28 00:00:00-05:00,21.459999084472656,22.489999771118164,21.030000686645508,22.489999771118164,17900,0.0,0.0
2025-03-03 00:00:00-05:00,22.5,22.5,21.25,21.479999542236328,17200,0.0,0.0
2025-03-04 00:00:00-05:00,21.010000228881836,21.170000076293945,19.790000915527344,20.09000015258789,37600,0.0,0.0
2025-03-05 00:00:00-05:00,20.389999389648438,20.739999771118164,19.1299991607666,19.299999237060547,14800,0.0,0.0
2025-03-06 00:00:00-05:00,19.0,19.809999465942383,19.0,19.3799991607666,14500,0.0,0.0
2025-03-07 00:00:00-05:00,19.040000915527344,19.93000030517578,17.5,19.110000610351562,23200,0.0,0.0
2025-03-10 00:00:00-04:00,19.110000610351562,19.75,18.09000015258789,19.020000457763672,30600,0.0,0.0
2025-03-11 00:00:00-04:00,18.940000534057617,19.0,18.0,18.700000762939453,20800,0.0,0.0
2025-03-12 00:00:00-04:00,19.299999237060547,19.90999984741211,18.610000610351562,19.200000762939453,25900,0.0,0.0
2025-03-13 00:00:00-04:00,18.700000762939453,18.899999618530273,17.530000686645508,17.530000686645508,40100,0.0,0.0
2025-03-14 00:00:00-04:00,17.75,18.549999237060547,17.5,18.290000915527344,16100,0.0,0.0
2025-03-17 00:00:00-04:00,18.489999771118164,18.899999618530273,17.84000015258789,18.25,13300,0.0,0.0
2025-03-18 00:00:00-04:00,18.0,18.18000030517578,17.65999984741211,17.799999237060547,12700,0.0,0.0
2025-03-19 00:00:00-04:00,17.899999618530273,18.520000457763672,17.760000228881836,17.809999465942383,28300,0.0,0.0
2025-03-20 00:00:00-04:00,17.969999313354492,18.209999084472656,17.5,18.209999084472656,6000,0.0,0.0
2025-03-21 00:00:00-04:00,18.280000686645508,18.459999084472656,17.5,17.700000762939453,22600,0.0,0.0
2025-03-24 00:00:00-04:00,17.75,18.1200008392334,17.510000228881836,17.799999237060547,8500,0.0,0.0
2025-03-25 00:00:00-04:00,17.510000228881836,18.25,17.510000228881836,18.25,3400,0.0,0.0
2025-03-26 00:00:00-04:00,18.510000228881836,18.729999542236328,17.639999389648438,18.68000030517578,6800,0.0,0.0
2025-03-27 00:00:00-04:00,18.1200008392334,19.469999313354492,18.1200008392334,18.8700008392334,9100,0.0,0.0
2025-03-28 00:00:00-04:00,18.719999313354492,18.899999618530273,18.0,18.200000762939453,28100,0.0,0.0
2025-03-31 00:00:00-04:00,17.90999984741211,18.149999618530273,16.829999923706055,18.149999618530273,21900,0.0,0.0
2025-04-01 00:00:00-04:00,18.149999618530273,18.270000457763672,17.459999084472656,18.010000228881836,10700,0.0,0.0
2025-04-02 00:00:00-04:00,17.809999465942383,19.09000015258789,17.559999465942383,18.760000228881836,10500,0.0,0.0
2025-04-03 00:00:00-04:00,18.690000534057617,19.229999542236328,17.389999389648438,17.469999313354492,6800,0.0,0.0
2025-04-04 00:00:00-04:00,16.950000762939453,18.110000610351562,16.40999984741211,17.81999969482422,30900,0.0,0.0
2025-04-07 00:00:00-04:00,17.360000610351562,17.81999969482422,16.1200008392334,16.959999084472656,17800,0.0,0.0
2025-04-08 00:00:00-04:00,17.450000762939453,17.450000762939453,15.359999656677246,15.510000228881836,14300,0.0,0.0
2025-04-09 00:00:00-04:00,15.489999771118164,17.25,15.0,17.030000686645508,13100,0.0,0.0
2025-04-10 00:00:00-04:00,16.510000228881836,16.959999084472656,15.899999618530273,16.450000762939453,12700,0.0,0.0
2025-04-11 00:00:00-04:00,16.329999923706055,16.329999923706055,15.75,16.1299991607666,15400,0.0,0.0
2025-04-14 00:00:00-04:00,15.930000305175781,16.809999465942383,15.920000076293945,16.010000228881836,7300,0.0,0.0
2025-04-15 00:00:00-04:00,16.049999237060547,17.809999465942383,16.049999237060547,17.540000915527344,16100,0.0,0.0
2025-04-16 00:00:00-04:00,17.25,17.68000030517578,16.84000015258789,17.68000030517578,9000,0.0,0.0
2025-04-17 00:00:00-04:00,17.299999237060547,17.989999771118164,16.600000381469727,16.989999771118164,5200,0.0,0.0
2025-04-21 00:00:00-04:00,16.59000015258789,17.670000076293945,16.59000015258789,17.549999237060547,4700,0.0,0.0
2025-04-22 00:00:00-04:00,17.959999084472656,18.100000381469727,16.8700008392334,17.690000534057617,11900,0.0,0.0
2025-04-23 00:00:00-04:00,17.989999771118164,17.989999771118164,17.479999542236328,17.479999542236328,4400,0.0,0.0
2025-04-24 00:00:00-04:00,17.950000762939453,18.75,17.170000076293945,18.75,9500,0.0,0.0
2025-04-25 00:00:00-04:00,17.65999984741211,19.0,17.65999984741211,18.18000030517578,14100,0.0,0.0
2025-04-28 00:00:00-04:00,18.559999465942383,19.5,18.479999542236328,18.479999542236328,14200,0.0,0.0
2025-04-29 00:00:00-04:00,19.079999923706055,19.079999923706055,17.770000457763672,18.0,4900,0.0,0.0
2025-04-30 00:00:00-04:00,17.860000610351562,19.420000076293945,17.860000610351562,18.959999084472656,3600,0.0,0.0
2025-05-01 00:00:00-04:00,19.5,19.5,18.690000534057617,19.469999313354492,5500,0.0,0.0
2025-05-02 00:00:00-04:00,19.479999542236328,19.479999542236328,19.0,19.31999969482422,2700,0.0,0.0
2025-05-05 00:00:00-04:00,18.81999969482422,18.850000381469727,18.149999618530273,18.290000915527344,3800,0.0,0.0
2025-05-06 00:00:00-04:00,18.149999618530273,18.510000228881836,17.75,18.479999542236328,5400,0.0,0.0
2025-05-07 00:00:00-04:00,17.540000915527344,19.030000686645508,17.5,18.670000076293945,4300,0.0,0.0
2025-05-08 00:00:00-04:00,18.5,19.600000381469727,18.5,19.049999237060547,14000,0.0,0.0
2025-05-09 00:00:00-04:00,19.170000076293945,19.229999542236328,18.889999389648438,19.110000610351562,2700,0.0,0.0
2025-05-12 00:00:00-04:00,19.68000030517578,19.68000030517578,18.860000610351562,19.1299991607666,4700,0.0,0.0
2025-05-13 00:00:00-04:00,20.690000534057617,23.559999465942383,20.030000686645508,21.049999237060547,89200,0.0,0.0
2025-05-14 00:00:00-04:00,21.469999313354492,22.0,19.5,21.25,29900,0.0,0.0
2025-05-15 00:00:00-04:00,21.56999969482422,22.0,20.690000534057617,20.959999084472656,22800,0.0,0.0
2025-05-16 00:00:00-04:00,20.1299991607666,21.540000915527344,20.1299991607666,20.719999313354492,7400,0.0,0.0
2025-05-19 00:00:00-04:00,21.030000686645508,22.420000076293945,19.780000686645508,21.5,12300,0.0,0.0
2025-05-20 00:00:00-04:00,21.75,22.139999389648438,21.6200008392334,21.799999237060547,2700,0.0,0.0
2025-05-21 00:00:00-04:00,21.440000534057617,21.989999771118164,20.959999084472656,21.25,7500,0.0,0.0
2025-05-22 00:00:00-04:00,21.350000381469727,22.549999237060547,20.549999237060547,22.309999465942383,16000,0.0,0.0
2025-05-23 00:00:00-04:00,22.329999923706055,23.950000762939453,22.010000228881836,23.3700008392334,24900,0.0,0.0
2025-05-27 00:00:00-04:00,23.600000381469727,24.5,23.399999618530273,23.799999237060547,20100,0.0,0.0
2025-05-28 00:00:00-04:00,23.110000610351562,23.979999542236328,22.190000534057617,23.479999542236328,10200,0.0,0.0
2025-05-29 00:00:00-04:00,22.90999984741211,22.90999984741211,21.799999237060547,22.5,6200,0.0,0.0
2025-05-30 00:00:00-04:00,22.489999771118164,22.56999969482422,21.420000076293945,21.760000228881836,5500,0.0,0.0
2025-06-02 00:00:00-04:00,22.190000534057617,22.489999771118164,22.170000076293945,22.270000457763672,2500,0.0,0.0
2025-06-03 00:00:00-04:00,21.799999237060547,22.940000534057617,21.799999237060547,22.31999969482422,5400,0.0,0.0
2025-06-04 00:00:00-04:00,22.3799991607666,22.75,21.850000381469727,22.75,4800,0.0,0.0
2025-06-05 00:00:00-04:00,22.219999313354492,22.639999389648438,21.90999984741211,22.149999618530273,3400,0.0,0.0
2025-06-06 00:00:00-04:00,22.700000762939453,23.09000015258789,22.25,23.09000015258789,5300,0.0,0.0
2025-06-09 00:00:00-04:00,23.0,23.450000762939453,22.270000457763672,22.850000381469727,6100,0.0,0.0
2025-06-10 00:00:00-04:00,22.780000686645508,23.299999237060547,22.1299991607666,22.1299991607666,9000,0.0,0.0
2025-06-11 00:00:00-04:00,22.110000610351562,22.739999771118164,21.68000030517578,22.489999771118164,4200,0.0,0.0
2025-06-12 00:00:00-04:00,22.6200008392334,23.0,22.5,22.59000015258789,3600,0.0,0.0
2025-06-13 00:00:00-04:00,22.600000381469727,22.959999084472656,22.5,22.959999084472656,4700,0.0,0.0
2025-06-16 00:00:00-04:00,22.81999969482422,23.329999923706055,22.09000015258789,22.25,11000,0.0,0.0
2025-06-17 00:00:00-04:00,22.969999313354492,23.68000030517578,22.25,22.309999465942383,12400,0.0,0.0
2025-06-18 00:00:00-04:00,22.75,22.75,21.510000228881836,21.559999465942383,26400,0.0,0.0
2025-06-20 00:00:00-04:00,21.579999923706055,21.780000686645508,20.75,20.75,7800,0.0,0.0
2025-06-23 00:00:00-04:00,20.760000228881836,21.510000228881836,20.75,20.75,9100,0.0,0.0
2025-06-24 00:00:00-04:00,21.440000534057617,21.59000015258789,20.760000228881836,21.0,13100,0.0,0.0
2025-06-25 00:00:00-04:00,21.200000762939453,21.90999984741211,20.799999237060547,21.010000228881836,5500,0.0,0.0
2025-06-26 00:00:00-04:00,21.0,22.0,21.0,21.940000534057617,5700,0.0,0.0
2025-06-27 00:00:00-04:00,22.139999389648438,22.649999618530273,21.510000228881836,22.649999618530273,12800,0.0,0.0
2025-06-30 00:00:00-04:00,22.56999969482422,22.649999618530273,22.059999465942383,22.299999237060547,12200,0.0,0.0
2025-07-01 00:00:00-04:00,22.09000015258789,22.670000076293945,21.799999237060547,22.010000228881836,11200,0.0,0.0
2025-07-02 00:00:00-04:00,21.889999389648438,22.520000457763672,21.760000228881836,22.31999969482422,7200,0.0,0.0
2025-07-03 00:00:00-04:00,22.520000457763672,23.18000030517578,22.489999771118164,23.18000030517578,8300,0.0,0.0
2025-07-07 00:00:00-04:00,23.0,23.75,22.790000915527344,23.459999084472656,6000,0.0,0.0
2025-07-08 00:00:00-04:00,23.260000228881836,24.010000228881836,23.030000686645508,23.25,13600,0.0,0.0
2025-07-09 00:00:00-04:00,23.450000762939453,23.450000762939453,22.280000686645508,23.399999618530273,2800,0.0,0.0
2025-07-10 00:00:00-04:00,23.229999542236328,24.200000762939453,23.0,23.649999618530273,12500,0.0,0.0
2025-07-11 00:00:00-04:00,23.329999923706055,23.639999389648438,23.09000015258789,23.09000015258789,4400,0.0,0.0
2025-07-14 00:00:00-04:00,23.09000015258789,24.0,22.6299991607666,22.75,12900,0.0,0.0
2025-07-15 00:00:00-04:00,23.290000915527344,23.5,22.079999923706055,22.959999084472656,8200,0.0,0.0
2025-07-16 00:00:00-04:00,22.739999771118164,23.25,22.260000228881836,22.799999237060547,6700,0.0,0.0
2025-07-17 00:00:00-04:00,22.84000015258789,23.610000610351562,22.829999923706055,23.299999237060547,8600,0.0,0.0
2025-07-18 00:00:00-04:00,23.5,23.5,21.93000030517578,22.440000534057617,21100,0.0,0.0
2025-07-21 00:00:00-04:00,22.450000762939453,22.450000762939453,20.68000030517578,21.0,24900,0.0,0.0
2025-07-22 00:00:00-04:00,21.0,21.739999771118164,21.0,21.690000534057617,13800,0.0,0.0
2025-07-23 00:00:00-04:00,21.510000228881836,21.690000534057617,21.18000030517578,21.510000228881836,9500,0.0,0.0
2025-07-24 00:00:00-04:00,21.540000915527344,21.59000015258789,20.59000015258789,21.190000534057617,5500,0.0,0.0
2025-07-25 00:00:00-04:00,21.100000381469727,21.420000076293945,20.049999237060547,20.31999969482422,21900,0.0,0.0
2025-07-28 00:00:00-04:00,20.31999969482422,20.649999618530273,19.520000457763672,20.059999465942383,36700,0.0,0.0
2025-07-29 00:00:00-04:00,20.079999923706055,20.079999923706055,19.510000228881836,19.75,9100,0.0,0.0
2025-07-30 00:00:00-04:00,19.520000457763672,19.829999923706055,19.0,19.1299991607666,27500,0.0,0.0
2025-07-31 00:00:00-04:00,19.18000030517578,19.18000030517578,18.510000228881836,18.700000762939453,13200,0.0,0.0
2025-08-01 00:00:00-04:00,18.690000534057617,19.719999313354492,18.200000762939453,18.93000030517578,10300,0.0,0.0
2025-08-04 00:00:00-04:00,19.010000228881836,19.350000381469727,18.829999923706055,19.31999969482422,5500,0.0,0.0
2025-08-05 00:00:00-04:00,19.25,19.75,19.25,19.309999465942383,6300,0.0,0.0
2025-08-06 00:00:00-04:00,19.75,19.81999969482422,19.270000457763672,19.780000686645508,3900,0.0,0.0
2025-08-07 00:00:00-04:00,19.899999618530273,19.989999771118164,19.65999984741211,19.75,3700,0.0,0.0
2025-08-08 00:00:00-04:00,19.799999237060547,19.850000381469727,19.299999237060547,19.420000076293945,6200,0.0,0.0
2025-08-11 00:00:00-04:00,19.450000762939453,19.549999237060547,18.90999984741211,18.950000762939453,11800,0.0,0.0
2025-08-12 00:00:00-04:00,19.3799991607666,19.43000030517578,18.989999771118164,19.34000015258789,3900,0.0,0.0
2025-08-13 00:00:00-04:00,19.6200008392334,19.75,19.170000076293945,19.260000228881836,5000,0.0,0.0
2025-08-14 00:00:00-04:00,19.510000228881836,19.770000457763672,19.15999984741211,19.450000762939453,2900,0.0,0.0
2025-08-15 00:00:00-04:00,19.280000686645508,19.760000228881836,19.229999542236328,19.56999969482422,11400,0.0,0.0
2025-08-18 00:00:00-04:00,19.31999969482422,19.799999237060547,19.260000228881836,19.260000228881836,4100,0.0,0.0
2025-08-19 00:00:00-04:00,19.719999313354492,19.719999313354492,19.190000534057617,19.360000610351562,4300,0.0,0.0
2025-08-20 00:00:00-04:00,19.719999313354492,19.84000015258789,18.559999465942383,18.989999771118164,16300,0.0,0.0
2025-08-21 00:00:00-04:00,19.549999237060547,19.549999237060547,19.0,19.040000915527344,2800,0.0,0.0
2025-08-22 00:00:00-04:00,19.040000915527344,20.5,19.040000915527344,19.950000762939453,14300,0.0,0.0
2025-08-25 00:00:00-04:00,20.5,20.5,20.1299991607666,20.25,2000,0.0,0.0
2025-08-26 00:00:00-04:00,20.420000076293945,22.489999771118164,20.3799991607666,22.489999771118164,8400,0.0,0.0
2025-08-27 00:00:00-04:00,22.450000762939453,22.59000015258789,22.0,22.549999237060547,12600,0.0,0.0
2025-08-28 00:00:00-04:00,22.850000381469727,22.850000381469727,20.959999084472656,20.969999313354492,13600,0.0,0.0
2025-08-29 00:00:00-04:00,20.989999771118164,22.239999771118164,20.65999984741211,22.149999618530273,5000,0.0,0.0
2025-09-02 00:00:00-04:00,22.149999618530273,22.440000534057617,22.100000381469727,22.110000610351562,18400,0.0,0.0
2025-09-03 00:00:00-04:00,23.450000762939453,25.579999923706055,22.5,24.06999969482422,78000,0.0,0.0
2025-09-04 00:00:00-04:00,24.06999969482422,24.15999984741211,22.0,22.489999771118164,39800,0.0,0.0
2025-09-05 00:00:00-04:00,22.600000381469727,24.25,22.540000915527344,24.170000076293945,44100,0.0,0.0
2025-09-08 00:00:00-04:00,24.260000228881836,26.139999389648438,24.200000762939453,26.139999389648438,36200,0.0,0.0
2025-09-09 00:00:00-04:00,26.290000915527344,26.790000915527344,26.100000381469727,26.690000534057617,23600,0.0,0.0
2025-09-10 00:00:00-04:00,26.770000457763672,28.209999084472656,26.770000457763672,27.3700008392334,32400,0.0,0.0
2025-09-11 00:00:00-04:00,27.459999084472656,28.950000762939453,27.459999084472656,28.3799991607666,21800,0.0,0.0
2025-09-12 00:00:00-04:00,28.579999923706055,29.049999237060547,27.6299991607666,29.049999237060547,37200,0.0,0.0
2025-09-15 00:00:00-04:00,29.010000228881836,30.290000915527344,29.010000228881836,29.59000015258789,63400,0.0,0.0
2025-09-16 00:00:00-04:00,29.829999923706055,29.829999923706055,27.709999084472656,28.450000762939453,28900,0.0,0.0
2025-09-17 00:00:00-04:00,28.729999542236328,28.760000228881836,27.5,28.479999542236328,17800,0.0,0.0
2025-09-18 00:00:00-04:00,28.239999771118164,30.0,28.0,28.469999313354492,60300,0.0,0.0
2025-09-19 00:00:00-04:00,28.780000686645508,29.079999923706055,27.84000015258789,28.270000457763672,17800,0.0,0.0
2025-09-22 00:00:00-04:00,28.0,28.469999313354492,27.5,27.6299991607666,12400,0.0,0.0
2025-09-23 00:00:00-04:00,27.700000762939453,28.059999465942383,27.5,27.770000457763672,11800,0.0,0.0
2025-09-24 00:00:00-04:00,27.950000762939453,27.950000762939453,27.229999542236328,27.520000457763672,17100,0.0,0.0
2025-09-25 00:00:00-04:00,27.149999618530273,27.440000534057617,26.5,26.559999465942383,9500,0.0,0.0
2025-09-26 00:00:00-04:00,26.559999465942383,29.31999969482422,26.559999465942383,28.639999389648438,14600,0.0,0.0
2025-09-29 00:00:00-04:00,28.700000762939453,28.780000686645508,28.239999771118164,28.530000686645508,4600,0.0,0.0
2025-09-30 00:00:00-04:00,28.299999237060547,29.239999771118164,28.15999984741211,29.149999618530273,10900,0.0,0.0
2025-10-01 00:00:00-04:00,28.280000686645508,29.899999618530273,28.280000686645508,29.649999618530273,10100,0.0,0.0
2025-10-02 00:00:00-04:00,29.8700008392334,29.8700008392334,29.0,29.450000762939453,5200,0.0,0.0
2025-10-03 00:00:00-04:00,29.229999542236328,29.81999969482422,28.40999984741211,29.579999923706055,8500,0.0,0.0
2025-10-06 00:00:00-04:00,29.510000228881836,30.5,29.209999084472656,30.149999618530273,27400,0.0,0.0
2025-10-07 00:00:00-04:00,30.149999618530273,30.93000030517578,29.8799991607666,30.079999923706055,25800,0.0,0.0
2025-10-08 00:00:00-04:00,30.079999923706055,30.790000915527344,29.75,30.790000915527344,4900,0.0,0.0
2025-10-09 00:00:00-04:00,30.31999969482422,30.6200008392334,29.8799991607666,30.100000381469727,4700,0.0,0.0
2025-10-10 00:00:00-04:00,30.0,30.889999389648438,29.209999084472656,29.260000228881836,14400,0.0,0.0
2025-10-13 00:00:00-04:00,29.5,30.790000915527344,28.739999771118164,30.790000915527344,41500,0.0,0.0
2025-10-14 00:00:00-04:00,30.530000686645508,30.889999389648438,30.280000686645508,30.34000015258789,10300,0.0,0.0
2025-10-15 00:00:00-04:00,30.700000762939453,31.5,29.8700008392334,29.8700008392334,15400,0.0,0.0
2025-10-16 00:00:00-04:00,30.3700008392334,30.469999313354492,29.850000381469727,30.450000762939453,7000,0.0,0.0
2025-10-17 00:00:00-04:00,29.809999465942383,30.299999237060547,29.329999923706055,30.290000915527344,4400,0.0,0.0
2025-10-20 00:00:00-04:00,30.200000762939453,30.5,29.950000762939453,30.489999771118164,10900,0.0,0.0
2025-10-21 00:00:00-04:00,30.079999923706055,30.469999313354492,30.0,30.469999313354492,3900,0.0,0.0
2025-10-22 00:00:00-04:00,30.0,30.1200008392334,29.5,29.889999389648438,4500,0.0,0.0
2025-10-23 00:00:00-04:00,29.700000762939453,29.8799991607666,29.559999465942383,29.559999465942383,2600,0.0,0.0
2025-10-24 00:00:00-04:00,29.510000228881836,30.5,29.510000228881836,30.459999084472656,29400,0.0,0.0
2025-10-27 00:00:00-04:00,30.329999923706055,30.329999923706055,29.209999084472656,29.850000381469727,10300,0.0,0.0
2025-10-28 00:00:00-04:00,29.860000610351562,30.420000076293945,29.75,30.040000915527344,4500,0.0,0.0
2025-10-29 00:00:00-04:00,29.950000762939453,30.100000381469727,29.850000381469727,30.100000381469727,3500,0.0,0.0
2025-10-30 00:00:00-04:00,29.799999237060547,30.5,29.799999237060547,30.459999084472656,14500,0.0,0.0
2025-10-31 00:00:00-04:00,30.0,30.0,29.600000381469727,29.93000030517578,3500,0.0,0.0
2025-11-03 00:00:00-05:00,30.100000381469727,30.239999771118164,29.459999084472656,29.5,6200,0.0,0.0
2025-11-04 00:00:00-05:00,29.15999984741211,29.420000076293945,28.75,29.350000381469727,5400,0.0,0.0
2025-11-05 00:00:00-05:00,28.920000076293945,29.639999389648438,28.760000228881836,29.010000228881836,5100,0.0,0.0
2025-11-06 00:00:00-05:00,29.010000228881836,29.549999237060547,28.700000762939453,29.059999465942383,4700,0.0,0.0
2025-11-07 00:00:00-05:00,29.0,29.0,27.5,27.5,5600,0.0,0.0
2025-11-10 00:00:00-05:00,28.0,28.0,27.5,27.5,7400,0.0,0.0
2025-11-11 00:00:00-05:00,27.950000762939453,28.25,27.389999389648438,27.950000762939453,6100,0.0,0.0
2025-11-12 00:00:00-05:00,30.0,30.0,27.0,28.0,37000,0.0,0.0
2025-11-13 00:00:00-05:00,28.010000228881836,29.0,26.75,27.209999084472656,24200,0.0,0.0
2025-11-14 00:00:00-05:00,26.75,26.75,26.100000381469727,26.149999618530273,10700,0.0,0.0
2025-11-17 00:00:00-05:00,26.489999771118164,27.510000228881836,26.280000686645508,26.950000762939453,20300,0.0,0.0
2025-11-18 00:00:00-05:00,26.049999237060547,26.739999771118164,25.84000015258789,25.84000015258789,14400,0.0,0.0
2025-11-19 00:00:00-05:00,26.1200008392334,26.670000076293945,26.1200008392334,26.670000076293945,5700,0.0,0.0
2025-11-20 00:00:00-05:00,26.0,27.0,26.0,26.940000534057617,12000,0.0,0.0
2025-11-21 00:00:00-05:00,27.0,27.0,26.719999313354492,26.790000915527344,6600,0.0,0.0
2025-11-24 00:00:00-05:00,26.6299991607666,26.899999618530273,26.6299991607666,26.899999618530273,5100,0.0,0.0
2025-11-25 00:00:00-05:00,26.899999618530273,27.0,26.75,26.979999542236328,17900,0.0,0.0
2025-11-26 00:00:00-05:00,26.979999542236328,27.709999084472656,26.56999969482422,27.030000686645508,9900,0.0,0.0
2025-11-28 00:00:00-05:00,27.09000015258789,27.100000381469727,26.860000610351562,26.860000610351562,1600,0.0,0.0
2025-12-01 00:00:00-05:00,26.75,27.229999542236328,26.75,26.75,3600,0.0,0.0
2025-12-02 00:00:00-05:00,26.75,26.760000228881836,26.5,26.530000686645508,6000,0.0,0.0
2025-12-03 00:00:00-05:00,26.549999237060547,27.5,26.5,27.479999542236328,4500,0.0,0.0
2025-12-04 00:00:00-05:00,27.5,29.040000915527344,27.479999542236328,28.940000534057617,6700,0.0,0.0
2025-12-05 00:00:00-05:00,28.700000762939453,28.899999618530273,28.09000015258789,28.899999618530273,3400,0.0,0.0
2025-12-08 00:00:00-05:00,28.420000076293945,29.25,28.079999923706055,29.229999542236328,5600,0.0,0.0
2025-12-09 00:00:00-05:00,28.809999465942383,29.5,28.809999465942383,29.5,14500,0.0,0.0
2025-12-10 00:00:00-05:00,29.1299991607666,30.239999771118164,29.110000610351562,29.8799991607666,9500,0.0,0.0
2025-12-11 00:00:00-05:00,28.959999084472656,29.149999618530273,28.540000915527344,28.540000915527344,3700,0.0,0.0
2025-12-12 00:00:00-05:00,29.6200008392334,30.170000076293945,29.0,29.0,3800,0.0,0.0
2025-12-15 00:00:00-05:00,29.450000762939453,29.5,28.520000457763672,28.520000457763672,3400,0.0,0.0
2025-12-16 00:00:00-05:00,28.31999969482422,28.760000228881836,27.920000076293945,27.920000076293945,4800,0.0,0.0
2025-12-17 00:00:00-05:00,28.270000457763672,28.950000762939453,27.850000381469727,28.75,8800,0.0,0.0
2025-12-18 00:00:00-05:00,28.670000076293945,29.0,28.260000228881836,28.700000762939453,3600,0.0,0.0
2025-12-19 00:00:00-05:00,28.8700008392334,29.0,28.040000915527344,29.0,5500,0.0,0.0
2025-12-22 00:00:00-05:00,29.0,29.0,28.610000610351562,28.610000610351562,2600,0.0,0.0
2025-12-23 00:00:00-05:00,28.690000534057617,28.93000030517578,28.200000762939453,28.479999542236328,4300,0.0,0.0
2025-12-24 00:00:00-05:00,27.709999084472656,28.059999465942383,27.709999084472656,28.059999465942383,1000,0.0,0.0
2025-12-26 00:00:00-05:00,27.780000686645508,27.950000762939453,27.25,27.389999389648438,3100,0.0,0.0
2025-12-29 00:00:00-05:00,27.420000076293945,27.420000076293945,26.209999084472656,26.639999389648438,5200,0.0,0.0
2025-12-30 00:00:00-05:00,27.0,27.0,26.520000457763672,26.600000381469727,1700,0.0,0.0
2025-12-31 00:00:00-05:00,26.270000457763672,27.75,26.270000457763672,27.75,6200,0.0,0.0
2026-01-02 00:00:00-05:00,27.690000534057617,27.690000534057617,26.5,26.739999771118164,10900,0.0,0.0
2026-01-05 00:00:00-05:00,26.75,26.75,25.469999313354492,25.709999084472656,12000,0.0,0.0
2026-01-06 00:00:00-05:00,25.450000762939453,25.979999542236328,25.450000762939453,25.65999984741211,3700,0.0,0.0
2026-01-07 00:00:00-05:00,24.979999542236328,25.5,24.979999542236328,25.200000762939453,5800,0.0,0.0
2026-01-08 00:00:00-05:00,25.260000228881836,25.5,24.0,24.0,89500,0.0,0.0
2026-01-09 00:00:00-05:00,24.43000030517578,25.700000762939453,24.0,25.0,26000,0.0,0.0
2026-01-12 00:00:00-05:00,24.989999771118164,25.200000762939453,23.780000686645508,25.020000457763672,22400,0.0,0.0
2026-01-13 00:00:00-05:00,25.530000686645508,25.530000686645508,24.510000228881836,24.950000762939453,16900,0.0,0.0
2026-01-14 00:00:00-05:00,24.959999084472656,24.989999771118164,24.389999389648438,24.799999237060547,3100,0.0,0.0
2026-01-15 00:00:00-05:00,24.75,25.0,24.75,24.790000915527344,3200,0.0,0.0
2026-01-16 00:00:00-05:00,24.760000228881836,24.780000686645508,23.75,23.75,6600,0.0,0.0
2026-01-20 00:00:00-05:00,23.6299991607666,23.90999984741211,23.1299991607666,23.809999465942383,12600,0.0,0.0
2026-01-21 00:00:00-05:00,24.18000030517578,24.18000030517578,23.850000381469727,23.850000381469727,1500,0.0,0.0
2026-01-22 00:00:00-05:00,23.8799991607666,24.850000381469727,23.8799991607666,24.709999084472656,69000,0.0,0.0
2026-01-23 00:00:00-05:00,24.420000076293945,25.0,24.420000076293945,24.979999542236328,8700,0.0,0.0
2026-01-26 00:00:00-05:00,25.0,25.0,24.649999618530273,25.0,8800,0.0,0.0
2026-01-27 00:00:00-05:00,24.889999389648438,24.93000030517578,24.459999084472656,24.920000076293945,3100,0.0,0.0
2026-01-28 00:00:00-05:00,24.549999237060547,24.75,23.84000015258789,24.010000228881836,16400,0.0,0.0
2026-01-29 00:00:00-05:00,24.1200008392334,24.399999618530273,22.809999465942383,23.489999771118164,6700,0.0,0.0
2026-01-30 00:00:00-05:00,22.950000762939453,23.600000381469727,22.549999237060547,22.559999465942383,17200,0.0,0.0
2026-02-02 00:00:00-05:00,22.549999237060547,23.18000030517578,22.549999237060547,23.1200008392334,5100,0.0,0.0
2026-02-03 00:00:00-05:00,23.100000381469727,23.5,23.0,23.0,3600,0.0,0.0
2026-02-04 00:00:00-05:00,23.010000228881836,23.969999313354492,22.93000030517578,23.040000915527344,21200,0.0,0.0
2026-02-05 00:00:00-05:00,22.969999313354492,22.969999313354492,21.190000534057617,21.56999969482422,47800,0.0,0.0
2026-02-06 00:00:00-05:00,21.56999969482422,22.540000915527344,21.5,22.049999237060547,14800,0.0,0.0
2026-02-09 00:00:00-05:00,21.850000381469727,22.75,21.68000030517578,22.5,15500,0.0,0.0
2026-02-10 00:00:00-05:00,22.5,23.0,21.8700008392334,21.8700008392334,8000,0.0,0.0
2026-02-11 00:00:00-05:00,21.889999389648438,22.34000015258789,21.510000228881836,22.219999313354492,10000,0.0,0.0
2026-02-12 00:00:00-05:00,22.079999923706055,22.079999923706055,21.489999771118164,21.940000534057617,7400,0.0,0.0
2026-02-13 00:00:00-05:00,21.719999313354492,22.450000762939453,21.719999313354492,22.100000381469727,5200,0.0,0.0
2026-02-17 00:00:00-05:00,21.920000076293945,22.31999969482422,21.670000076293945,21.690000534057617,18000,0.0,0.0
2026-02-18 00:00:00-05:00,21.84000015258789,23.0,21.84000015258789,23.0,9500,0.0,0.0
2026-02-19 00:00:00-05:00,23.270000457763672,23.270000457763672,22.6200008392334,22.6200008392334,1900,0.0,0.0
2026-02-20 00:00:00-05:00,22.6200008392334,23.049999237060547,22.450000762939453,22.559999465942383,3900,0.0,0.0
2026-02-23 00:00:00-05:00,22.75,23.030000686645508,22.75,22.829999923706055,2400,0.0,0.0
2026-02-24 00:00:00-05:00,22.670000076293945,22.979999542236328,22.510000228881836,22.979999542236328,1400,0.0,0.0
2026-02-25 00:00:00-05:00,22.81999969482422,23.1299991607666,22.5,23.1299991607666,4900,0.0,0.0
2026-02-26 00:00:00-05:00,23.100000381469727,23.1200008392334,22.75,22.75,1000,0.0,0.0
2026-02-27 00:00:00-05:00,22.81999969482422,22.889999389648438,22.540000915527344,22.889999389648438,4500,0.0,0.0
2026-03-02 00:00:00-05:00,22.799999237060547,22.940000534057617,22.75,22.760000228881836,2300,0.0,0.0
2026-03-03 00:00:00-05:00,22.5,22.5,21.5,22.200000762939453,7000,0.0,0.0
2026-03-04 00:00:00-05:00,22.260000228881836,22.260000228881836,22.260000228881836,22.260000228881836,500,0.0,0.0
2026-03-05 00:00:00-05:00,22.3799991607666,23.020000457763672,21.729999542236328,21.729999542236328,9500,0.0,0.0
2026-03-06 00:00:00-05:00,22.0,22.059999465942383,20.610000610351562,20.989999771118164,6500,0.0,0.0
2026-03-09 00:00:00-04:00,20.020000457763672,20.649999618530273,19.420000076293945,19.469999313354492,22600,0.0,0.0
2026-03-10 00:00:00-04:00,19.5,21.239999771118164,19.309999465942383,21.239999771118164,21300,0.0,0.0
2026-03-11 00:00:00-04:00,22.09000015258789,22.09000015258789,20.860000610351562,21.34000015258789,9600,0.0,0.0
2026-03-12 00:00:00-04:00,20.6200008392334,22.3799991607666,20.6200008392334,21.0,5000,0.0,0.0
2026-03-13 00:00:00-04:00,20.790000915527344,22.709999084472656,20.790000915527344,22.360000610351562,11000,0.0,0.0
2026-03-16 00:00:00-04:00,22.350000381469727,24.790000915527344,22.1299991607666,24.0,21700,0.0,0.0
2026-03-17 00:00:00-04:00,24.010000228881836,24.950000762939453,24.010000228881836,24.479999542236328,16600,0.0,0.0
2026-03-18 00:00:00-04:00,24.5,24.68000030517578,24.020000457763672,24.020000457763672,5300,0.0,0.0
2026-03-19 00:00:00-04:00,24.0,24.200000762939453,23.0,24.0,16000,0.0,0.0
2026-03-20 00:00:00-04:00,23.59000015258789,23.790000915527344,22.950000762939453,23.309999465942383,11900,0.0,0.0
2026-03-23 00:00:00-04:00,23.309999465942383,24.34000015258789,23.299999237060547,23.950000762939453,4800,0.0,0.0
2026-03-24 00:00:00-04:00,23.959999084472656,24.610000610351562,23.739999771118164,24.209999084472656,2700,0.0,0.0
2026-03-25 00:00:00-04:00,24.690000534057617,25.0,24.0,24.6200008392334,7600,0.0,0.0
2026-03-26 00:00:00-04:00,24.170000076293945,24.299999237060547,23.59000015258789,23.600000381469727,6300,0.0,0.0
2026-03-27 00:00:00-04:00,23.200000762939453,24.1200008392334,23.0,23.850000381469727,15000,0.0,0.0
2026-03-30 00:00:00-04:00,23.940000534057617,24.25,23.799999237060547,24.149999618530273,9200,0.0,0.0
2026-03-31 00:00:00-04:00,24.079999923706055,25.0,24.079999923706055,24.690000534057617,13800,0.0,0.0
2026-04-01 00:00:00-04:00,23.799999237060547,25.0,23.799999237060547,24.700000762939453,3100,0.0,0.0
2026-04-02 00:00:00-04:00,24.1299991607666,24.75,23.920000076293945,24.440000534057617,3400,0.0,0.0
2026-04-06 00:00:00-04:00,24.59000015258789,25.0,23.559999465942383,24.739999771118164,9000,0.0,0.0
2026-04-07 00:00:00-04:00,25.0,25.0,24.739999771118164,24.969999313354492,4700,0.0,0.0
2026-04-08 00:00:00-04:00,24.399999618530273,25.0,24.399999618530273,24.510000228881836,3200,0.0,0.0
2026-04-09 00:00:00-04:00,24.3799991607666,24.75,24.280000686645508,24.540000915527344,1200,0.0,0.0
2026-04-10 00:00:00-04:00,24.40999984741211,25.0,24.40999984741211,25.0,5200,0.0,0.0
2026-04-13 00:00:00-04:00,24.600000381469727,25.0,24.5,24.5,4400,0.0,0.0
2026-04-14 00:00:00-04:00,24.479999542236328,24.5,24.0,24.200000762939453,10800,0.0,0.0
2026-04-15 00:00:00-04:00,24.459999084472656,26.770000457763672,24.459999084472656,26.760000228881836,26100,0.0,0.0
2026-04-16 00:00:00-04:00,26.3799991607666,26.700000762939453,26.0,26.030000686645508,10700,0.0,0.0
2026-04-17 00:00:00-04:00,26.010000228881836,28.309999465942383,26.0,27.010000228881836,10900,0.0,0.0
2026-04-20 00:00:00-04:00,26.0,28.0,26.0,27.899999618530273,48300,0.0,0.0
2026-04-21 00:00:00-04:00,27.690000534057617,27.899999618530273,27.579999923706055,27.579999923706055,2600,0.0,0.0
2026-04-22 00:00:00-04:00,27.799999237060547,27.799999237060547,27.520000457763672,27.520000457763672,1300,0.0,0.0
2026-04-23 00:00:00-04:00,27.510000228881836,27.690000534057617,27.049999237060547,27.09000015258789,3800,0.0,0.0
2026-04-24 00:00:00-04:00,27.3799991607666,27.739999771118164,27.3799991607666,27.5,3600,0.0,0.0
2026-04-27 00:00:00-04:00,27.979999542236328,28.229999542236328,27.559999465942383,27.850000381469727,6700,0.0,0.0
2026-04-28 00:00:00-04:00,28.149999618530273,28.149999618530273,27.829999923706055,27.829999923706055,5800,0.0,0.0
2026-04-29 00:00:00-04:00,27.700000762939453,28.209999084472656,27.700000762939453,27.81999969482422,7500,0.0,0.0
2026-04-30 00:00:00-04:00,27.149999618530273,27.770000457763672,26.8700008392334,27.5,16900,0.0,0.0
2026-05-01 00:00:00-04:00,27.350000381469727,27.469999313354492,27.0,27.0,3400,0.0,0.0
2026-05-04 00:00:00-04:00,27.68000030517578,27.780000686645508,26.59000015258789,26.59000015258789,3500,0.0,0.0
2026-05-05 00:00:00-04:00,26.559999465942383,26.959999084472656,26.520000457763672,26.760000228881836,4300,0.0,0.0
2026-05-06 00:00:00-04:00,27.020000457763672,27.209999084472656,26.850000381469727,26.850000381469727,7300,0.0,0.0
2026-05-07 00:00:00-04:00,26.389999389648438,28.0,26.389999389648438,27.989999771118164,31200,0.0,0.0
2026-05-08 00:00:00-04:00,27.010000228881836,27.979999542236328,27.010000228881836,27.979999542236328,8600,0.0,0.0
2026-05-11 00:00:00-04:00,27.299999237060547,27.75,27.0,27.0,9300,0.0,0.0
2026-05-12 00:00:00-04:00,27.450000762939453,27.450000762939453,25.520000457763672,25.520000457763672,12000,0.0,0.0
2026-05-13 00:00:00-04:00,26.5,29.0,26.5,28.049999237060547,34100,0.0,0.0
2026-05-14 00:00:00-04:00,28.760000228881836,28.950000762939453,27.579999923706055,28.889999389648438,12100,0.0,0.0
2026-05-15 00:00:00-04:00,28.8799991607666,28.8799991607666,28.010000228881836,28.299999237060547,7100,0.0,0.0
2026-05-18 00:00:00-04:00,28.100000381469727,28.450000762939453,27.899999618530273,28.0,5300,0.0,0.0
2026-05-19 00:00:00-04:00,27.649999618530273,28.190000534057617,27.649999618530273,28.190000534057617,4500,0.0,0.0
2026-05-20 00:00:00-04:00,27.479999542236328,28.420000076293945,27.479999542236328,28.0,6300,0.0,0.0
2026-05-21 00:00:00-04:00,27.65999984741211,28.5,27.65999984741211,28.020000457763672,2500,0.0,0.0
2026-05-22 00:00:00-04:00,28.309999465942383,28.84000015258789,28.010000228881836,28.799999237060547,4100,0.0,0.0
2026-05-26 00:00:00-04:00,28.799999237060547,29.649999618530273,28.75,29.510000228881836,6700,0.0,0.0
2026-05-27 00:00:00-04:00,29.8799991607666,29.8799991607666,29.020000457763672,29.3799991607666,7700,0.0,0.0
2026-05-28 00:00:00-04:00,29.0,29.5,28.149999618530273,29.149999618530273,12000,0.0,0.0
2026-05-29 00:00:00-04:00,28.989999771118164,29.0,28.239999771118164,28.239999771118164,2800,0.0,0.0
2026-06-01 00:00:00-04:00,27.93000030517578,28.200000762939453,27.40999984741211,27.40999984741211,3700,0.0,0.0
2026-06-02 00:00:00-04:00,27.260000228881836,28.06999969482422,26.549999237060547,27.1200008392334,5400,0.0,0.0
2026-06-03 00:00:00-04:00,27.40999984741211,27.40999984741211,26.389999389648438,27.0,2800,0.0,0.0
2026-06-04 00:00:00-04:00,27.93000030517578,27.93000030517578,26.510000228881836,27.450000762939453,5900,0.0,0.0
2026-06-05 00:00:00-04:00,27.25,28.049999237060547,26.6299991607666,27.280000686645508,8800,0.0,0.0
2026-06-08 00:00:00-04:00,26.739999771118164,27.350000381469727,26.739999771118164,26.989999771118164,4300,0.0,0.0
2026-06-09 00:00:00-04:00,26.989999771118164,26.989999771118164,26.989999771118164,26.989999771118164,1500,0.0,0.0
2026-06-10 00:00:00-04:00,27.079999923706055,28.0,26.59000015258789,27.1200008392334,6500,0.0,0.0
2026-06-11 00:00:00-04:00,27.75,27.799999237060547,27.469999313354492,27.770000457763672,8000,0.0,0.0
2026-06-12 00:00:00-04:00,27.420000076293945,27.5,27.049999237060547,27.209999084472656,3200,0.0,0.0
2026-06-15 00:00:00-04:00,27.020000457763672,27.579999923706055,27.020000457763672,27.1299991607666,1700,0.0,0.0
2026-06-16 00:00:00-04:00,27.1299991607666,27.690000534057617,27.1299991607666,27.5,3400,0.0,0.0
2026-06-17 00:00:00-04:00,27.280000686645508,28.100000381469727,27.280000686645508,27.559999465942383,16500,0.0,0.0
2026-06-18 00:00:00-04:00,28.170000076293945,28.170000076293945,27.420000076293945,27.420000076293945,7100,0.0,0.0
2026-06-22 00:00:00-04:00,27.1299991607666,27.31999969482422,27.0,27.31999969482422,5200,0.0,0.0
2026-06-23 00:00:00-04:00,27.299999237060547,27.510000228881836,26.6299991607666,27.200000762939453,4000,0.0,0.0
2026-06-24 00:00:00-04:00,27.260000228881836,27.260000228881836,26.040000915527344,26.040000915527344,13900,0.0,0.0
2026-06-25 00:00:00-04:00,26.290000915527344,27.3700008392334,26.280000686645508,26.5,3339,0.0,0.0
