Date,Open,High,Low,Close,Volume,Dividends,Stock Splits
2022-01-03 00:00:00-05:00,43.38545324104028,44.393137610743715,42.25867775669767,42.68007278442383,240100,0.0,0.0
2022-01-04 00:00:00-05:00,42.661750327000576,43.46789991045437,42.661750327000576,42.918251037597656,128500,0.0,0.0
2022-01-05 00:00:00-05:00,43.00069566081142,43.53202252381871,41.98385212031656,42.05713653564453,159100,0.0,0.0
2022-01-06 00:00:00-05:00,42.27698812020023,43.12894067824406,41.49831996248921,42.8907585144043,140200,0.0,0.0
2022-01-07 00:00:00-05:00,42.8541157868235,43.00893524609411,41.57160904073915,41.77314376831055,144900,0.0,0.0
2022-01-10 00:00:00-05:00,41.50749206542969,41.727348810611915,40.45400105320499,41.50749206542969,158800,0.0,0.0
2022-01-11 00:00:00-05:00,41.90140998902777,41.90140998902777,40.79295293381302,41.186866760253906,118900,0.0,0.0
2022-01-12 00:00:00-05:00,41.80063252476525,42.14873958544301,41.493743794650406,41.6632194519043,113700,0.0,0.0
2022-01-13 00:00:00-05:00,41.55329098305002,42.54265322359142,41.52580976637264,41.72734451293945,94300,0.0,0.0
2022-01-14 00:00:00-05:00,41.324275256874074,42.35486291005436,41.00273031556251,41.88308334350586,91900,0.0,0.0
2022-01-18 00:00:00-05:00,41.58077735832384,41.58077735832384,40.34407353057918,40.69218063354492,144600,0.0,0.0
2022-01-19 00:00:00-05:00,41.23265960035492,41.4112979835767,40.09672510294091,40.234134674072266,121800,0.0,0.0
2022-01-20 00:00:00-05:00,40.05092427134383,40.472319238926254,38.50275048567852,38.6126823425293,193900,0.0,0.0
2022-01-21 00:00:00-05:00,38.35617475997514,39.59288183036513,37.201918322170464,38.145477294921875,290300,0.0,0.0
2022-01-24 00:00:00-05:00,37.458422206505205,38.750091817261946,36.661435466564136,38.48442840576172,300000,0.0,0.0
2022-01-25 00:00:00-05:00,37.84317759087662,38.30121652010484,36.70723950878438,37.989749908447266,198200,0.0,0.0
2022-01-26 00:00:00-05:00,38.46611001317882,39.4829534794607,37.83401406748835,38.5943603515625,187300,0.0,0.0
2022-01-27 00:00:00-05:00,38.914982751644764,40.124205112986544,37.859660782735695,38.145477294921875,127200,0.0,0.0
2022-01-28 00:00:00-05:00,38.1912889401984,38.27373609647976,36.19423870543658,37.69660949707031,296500,0.0,0.0
2022-01-31 00:00:00-05:00,37.36681957513869,38.566879426012854,37.168947105842555,38.55772018432617,193300,0.0,0.0
2022-02-01 00:00:00-05:00,38.73177712822551,39.3180664952489,38.25083826991426,38.88751220703125,194300,0.0,0.0
2022-02-02 00:00:00-05:00,39.02492547440883,39.25394499830691,38.22793850972048,38.878353118896484,215200,0.0,0.0
2022-02-03 00:00:00-05:00,38.484425793526384,39.11652169484995,37.476741638761574,37.48590087890625,261800,0.0,0.0
2022-02-04 00:00:00-05:00,37.28437047751558,37.53171192487806,36.39577381416442,37.14695739746094,220000,0.0,0.0
2022-02-07 00:00:00-05:00,37.128631407023846,37.79736776891177,36.652270540769564,37.46758270263672,128200,0.0,0.0
2022-02-08 00:00:00-05:00,37.46758488031118,38.649322632573224,37.46758488031118,38.603519439697266,191500,0.0,0.0
2022-02-09 00:00:00-05:00,38.95163743996565,39.794427532543054,38.603526817372234,38.71345520019531,178900,0.0,0.0
2022-02-10 00:00:00-05:00,37.9530985270746,39.09819562602191,37.632472737192955,37.86149215698242,243100,0.0,0.0
2022-02-11 00:00:00-05:00,37.63247926116568,39.01575525889302,37.614157285059136,38.52107238769531,157500,0.0,0.0
2022-02-14 00:00:00-05:00,37.65079901806752,37.96501585182677,37.07367247668066,37.52254867553711,408800,0.0,0.0
2022-02-15 00:00:00-05:00,37.632479900947494,38.43771032134568,37.421778919420014,38.136322021484375,159900,0.0,0.0
2022-02-16 00:00:00-05:00,37.97142405381789,38.456944150953355,37.6966014232612,37.91645812988281,119800,0.0,0.0
2022-02-17 00:00:00-05:00,37.38514648021219,38.03556105704675,37.146964230247704,37.705772399902344,186700,0.0,0.0
2022-02-18 00:00:00-05:00,36.30417213903156,36.30417213903156,29.88246339844198,31.32986831665039,904200,0.0,0.0
2022-02-22 00:00:00-05:00,31.26573287563464,33.76662457698024,31.082516636745336,33.565086364746094,660900,0.0,0.0
2022-02-23 00:00:00-05:00,33.665861251222836,34.2613132562112,32.126850171602165,32.18181610107422,280300,0.0,0.0
2022-02-24 00:00:00-05:00,31.375669052641555,33.14369973429681,31.00557418455222,33.042930603027344,382200,0.0,0.0
2022-02-25 00:00:00-05:00,33.28111336703167,35.63085203422909,33.244469410594746,35.47053909301758,405900,0.0,0.0
2022-02-28 00:00:00-05:00,35.16265666712085,36.95479494040649,35.006420715450695,36.81694030761719,458300,0.125,0.0
2022-03-01 00:00:00-05:00,36.97317125380578,37.30402793711319,36.104674213062644,36.302268981933594,412100,0.0,0.0
2022-03-02 00:00:00-05:00,36.908837201749336,37.9381663451789,36.75260127630019,37.75436019897461,199400,0.0,0.0
2022-03-03 00:00:00-05:00,38.01169024871229,39.37187601606074,37.763547753159365,39.12373352050781,347300,0.0,0.0
2022-03-04 00:00:00-05:00,38.618258688613686,39.78544587753038,38.25983181679622,39.36268615722656,382900,0.0,0.0
2022-03-07 00:00:00-05:00,39.25240471963523,40.539068912561525,38.19550524518952,38.25983810424805,494800,0.0,0.0
2022-03-08 00:00:00-05:00,37.86465438632384,39.18807791320308,37.304036380044934,37.44189453125,322900,0.0,0.0
2022-03-09 00:00:00-05:00,38.1495538152801,40.66773848676447,37.88303344785688,40.107120513916016,453000,0.0,0.0
2022-03-10 00:00:00-05:00,39.509737570694234,42.119824947957184,39.05940407524057,42.05548858642578,418800,0.0,0.0
2022-03-11 00:00:00-05:00,42.34958836226086,44.81262533435534,42.23930045605108,43.7557258605957,820600,0.0,0.0
2022-03-14 00:00:00-04:00,44.555291294149754,46.26471517583338,43.72815308118771,45.152671813964844,610600,0.0,0.0
2022-03-15 00:00:00-04:00,45.382434139532876,45.979811168299186,44.36229382959983,45.419193267822266,395100,0.0,0.0
2022-03-16 00:00:00-04:00,45.952245783292206,47.2802654059591,45.85023174155925,47.192955017089844,473000,0.0,0.0
2022-03-17 00:00:00-04:00,47.46866162416581,52.247691407139335,47.33080351255498,52.238502502441406,605600,0.0,0.0
2022-03-18 00:00:00-04:00,52.05470140713783,52.47746121024187,48.92075850868744,49.35271072387695,747800,0.0,0.0
2022-03-21 00:00:00-04:00,49.444610068846856,50.85993991742915,48.34175559584925,50.234989166259766,315500,0.0,0.0
2022-03-22 00:00:00-04:00,50.464754269957155,50.464754269957155,46.87128892587518,48.09362030029297,467100,0.0,0.0
2022-03-23 00:00:00-04:00,48.13957143594849,49.31594775166791,47.90061780564426,48.17633056640625,226500,0.0,0.0
2022-03-24 00:00:00-04:00,48.461238825190975,49.46299794092443,47.34000288669714,49.34352111816406,238000,0.0,0.0
2022-03-25 00:00:00-04:00,49.24242850024856,50.17066232693431,48.27283582910295,50.1338996887207,197800,0.0,0.0
2022-03-28 00:00:00-04:00,49.82141839197786,49.82141839197786,47.56975790253812,47.92818832397461,259200,0.0,0.0
2022-03-29 00:00:00-04:00,47.58814320810564,48.74614173099145,46.68747963801559,48.3509521484375,230500,0.0,0.0
2022-03-30 00:00:00-04:00,48.48879572884296,49.15970142978715,46.82532710336089,47.183753967285156,305400,0.0,0.0
2022-03-31 00:00:00-04:00,46.88966571070108,48.1074007613326,46.41176199813379,46.95399856567383,252600,0.0,0.0
2022-04-01 00:00:00-04:00,47.385953379254474,48.13956987023602,46.549622712146764,47.11023712158203,165900,0.0,0.0
2022-04-04 00:00:00-04:00,47.48704691156229,48.543949918007556,46.50366917778846,48.17633056640625,268700,0.0,0.0
2022-04-05 00:00:00-04:00,48.2682390004413,48.93914136273683,46.034959592995456,46.053340911865234,309300,0.0,0.0
2022-04-06 00:00:00-04:00,45.93386162669531,45.952242944578494,44.11415322679535,44.60124588012695,290400,0.0,0.0
2022-04-07 00:00:00-04:00,44.87695808648323,45.41735405872012,43.571912681751684,44.47257614135742,129400,0.0,0.0
2022-04-08 00:00:00-04:00,44.80343289696038,45.61219328269483,44.3485067138062,45.06076431274414,211300,0.0,0.0
2022-04-11 00:00:00-04:00,44.92291310616399,45.943053447346166,44.31634364733647,45.097530364990234,308100,0.0,0.0
2022-04-12 00:00:00-04:00,45.72247343729226,47.02751521740493,45.63057037042248,46.145233154296875,237800,0.0,0.0
2022-04-13 00:00:00-04:00,46.51284775358905,47.12401325382408,44.729898986339606,46.67827606201172,223000,0.0,0.0
2022-04-14 00:00:00-04:00,46.75180178878483,47.4502777073646,45.9522339005607,46.51285171508789,152800,0.0,0.0
2022-04-18 00:00:00-04:00,46.4577202532507,48.74614365887412,46.4577202532507,48.20390701293945,211700,0.0,0.0
2022-04-19 00:00:00-04:00,47.882229961608004,49.35270366172441,47.86385215182282,49.1505126953125,234800,0.0,0.0
2022-04-20 00:00:00-04:00,49.251613491042406,50.07875525569485,48.42447172638996,48.74613952636719,151200,0.0,0.0
2022-04-21 00:00:00-04:00,48.99428113898419,49.15970948881919,45.37324226579339,45.841957092285156,169100,0.0,0.0
2022-04-22 00:00:00-04:00,45.48353242481277,46.159027463274676,43.45244058577044,44.187679290771484,163600,0.0,0.0
2022-04-25 00:00:00-04:00,43.36972909617363,43.69139692602818,41.54083164405968,43.37892150878906,213700,0.0,0.0
2022-04-26 00:00:00-04:00,43.22267641301799,43.96710397331106,41.853301605588726,41.89006423950195,174500,0.0,0.0
2022-04-27 00:00:00-04:00,42.43230281478282,42.43230281478282,41.196189765613916,41.44892501831055,164200,0.0,0.0
2022-04-28 00:00:00-04:00,42.220921772929344,42.27606572947521,40.79640286800308,42.0646858215332,129200,0.0,0.0
2022-04-29 00:00:00-04:00,41.90844668736248,42.662063236575676,40.76883295698657,40.934261322021484,183600,0.0,0.0
2022-05-02 00:00:00-04:00,40.66773146986469,42.129012808677984,40.548254666951564,41.70625305175781,179200,0.0,0.0
2022-05-03 00:00:00-04:00,41.95439924986508,43.29620390368702,41.357018688677464,43.04806137084961,152000,0.0,0.0
2022-05-04 00:00:00-04:00,43.553536674479226,44.72072410275967,42.5058260632657,44.27958297729492,190800,0.0,0.0
2022-05-05 00:00:00-04:00,44.30715154987246,45.751892275421284,42.11982732257469,43.29620361328125,232600,0.0,0.0
2022-05-06 00:00:00-04:00,43.24106420342039,44.996439917973326,41.82573413877735,42.71720886230469,242500,0.0,0.0
2022-05-09 00:00:00-04:00,42.193345753494796,43.12157943967508,41.246730750990054,41.623538970947266,221800,0.0,0.0
2022-05-10 00:00:00-04:00,42.37715581347085,42.99291413974078,40.30011262548367,41.58677673339844,183300,0.0,0.0
2022-05-11 00:00:00-04:00,41.5592118320427,43.342157690176776,41.209973785605555,41.476497650146484,306100,0.0,0.0
2022-05-12 00:00:00-04:00,40.842350071252014,41.45535279089419,39.35349846153737,40.46554183959961,235500,0.0,0.0
2022-05-13 00:00:00-04:00,41.40297002098246,43.057250058983,41.40297002098246,42.625301361083984,223100,0.0,0.0
2022-05-16 00:00:00-04:00,42.62069010048709,43.44084984482933,41.74523738454182,42.804996490478516,165900,0.125,0.0
2022-05-17 00:00:00-04:00,43.523791886645164,44.11356958117443,42.8510764841132,43.49614715576172,276400,0.0,0.0
2022-05-18 00:00:00-04:00,43.652807156688525,44.611197708344974,41.984842703216955,42.34423828125,332300,0.0,0.0
2022-05-19 00:00:00-04:00,41.87425575434358,43.08145941194858,40.61084161161703,41.84661102294922,206400,0.0,0.0
2022-05-20 00:00:00-04:00,42.316586997081416,42.73588415159825,39.64415645853783,40.40902328491211,194100,0.0,0.0
2022-05-23 00:00:00-04:00,40.86057100365471,42.03091253952631,40.399806785532924,41.34897994995117,219100,0.0,0.0
2022-05-24 00:00:00-04:00,40.731565364203796,41.17389867623803,39.22947274194922,40.178646087646484,177000,0.0,0.0
2022-05-25 00:00:00-04:00,39.644157095309666,41.33055244799698,39.644157095309666,41.03566360473633,128400,0.0,0.0
2022-05-26 00:00:00-04:00,41.26604649879107,42.173752664403956,41.04027299296452,41.88347244262695,146600,0.0,0.0
2022-05-27 00:00:00-04:00,42.32580433052161,43.24272420468253,42.04012922969585,43.063026428222656,104200,0.0,0.0
2022-05-31 00:00:00-04:00,42.93401190351629,43.23811447308109,41.91480233554501,42.69441604614258,136200,0.0,0.0
2022-06-01 00:00:00-04:00,42.86950703222511,43.19204060703075,42.23365362102872,42.9616584777832,139700,0.0,0.0
2022-06-02 00:00:00-04:00,43.13675159286747,44.02141813466137,42.80960938778802,43.49614715576172,412300,0.0,0.0
2022-06-03 00:00:00-04:00,43.05380719468708,43.330265006619555,41.984834410623534,42.44559860229492,103500,0.0,0.0
2022-06-06 00:00:00-04:00,42.91557980497187,43.099886198771074,41.69916252738998,42.92479705810547,175700,0.0,0.0
2022-06-07 00:00:00-04:00,42.64833763495238,43.901616950939776,42.5930481750632,43.85554122924805,157300,0.0,0.0
2022-06-08 00:00:00-04:00,43.35791810986241,43.59751750441862,42.390313823483815,42.56540298461914,118700,0.0,0.0
2022-06-09 00:00:00-04:00,42.325803188258064,42.353447917628216,41.10938588104123,41.14624786376953,106000,0.0,0.0
2022-06-10 00:00:00-04:00,39.90218618765673,40.34083538788579,37.884039894507126,38.206573486328125,195200,0.0,0.0
2022-06-13 00:00:00-04:00,36.93486398690738,37.107186554251655,35.36826483300821,35.82902908325195,337900,0.0,0.0
2022-06-14 00:00:00-04:00,35.782956273168864,37.29426257449591,35.22082327967105,36.97172546386719,313000,0.0,0.0
2022-06-15 00:00:00-04:00,37.20210619930177,37.20210619930177,34.09655600181363,35.1839599609375,242100,0.0,0.0
2022-06-16 00:00:00-04:00,34.09655264545645,34.19331271085131,31.719007557404286,32.050758361816406,342800,0.0,0.0
2022-06-17 00:00:00-04:00,32.52073946682153,32.529953204459716,30.954140416929565,31.138446807861328,358200,0.0,0.0
2022-06-21 00:00:00-04:00,31.857240251838366,32.64975533146098,31.38726225934362,31.497844696044922,180500,0.0,0.0
2022-06-22 00:00:00-04:00,30.714544468676586,31.60842466143159,30.14319430712777,31.092370986938477,191200,0.0,0.0
2022-06-23 00:00:00-04:00,30.92649744839894,31.368830702592987,28.438369817624242,28.92677879333496,637400,0.0,0.0
2022-06-24 00:00:00-04:00,29.22166909501349,32.179774858179144,28.770120322334442,32.152130126953125,752900,0.0,0.0
2022-06-27 00:00:00-04:00,32.11526860457829,32.490332102951186,31.138450590089292,31.912534713745117,204800,0.0,0.0
2022-06-28 00:00:00-04:00,32.38251135193992,32.96307529884726,30.78826744788847,30.944929122924805,170400,0.0,0.0
2022-06-29 00:00:00-04:00,30.935706086128935,30.935706086128935,29.737719947448767,30.76983070373535,222400,0.0,0.0
2022-06-30 00:00:00-04:00,30.03262185130743,30.843568128806993,29.359906291290155,30.815919876098633,294100,0.0,0.0
2022-07-01 00:00:00-04:00,30.438088141076445,31.34118573560318,29.627145514574433,30.465736389160156,160100,0.0,0.0
2022-07-05 00:00:00-04:00,29.68243285436016,30.078690400107416,28.641106397722446,29.710081100463867,354500,0.0,0.0
2022-07-06 00:00:00-04:00,29.71008216829098,30.115553467077863,28.751691627137493,29.369115829467773,377800,0.0,0.0
2022-07-07 00:00:00-04:00,29.912814658344576,31.24903170392712,29.912814658344576,30.944929122924805,303700,0.0,0.0
2022-07-08 00:00:00-04:00,31.101586713089894,32.08762192172857,31.018649007907566,31.73744010925293,172100,0.0,0.0
2022-07-11 00:00:00-04:00,31.304322526618986,31.90331390905065,30.622389927839865,30.834341049194336,122800,0.0,0.0
2022-07-12 00:00:00-04:00,30.84356242033541,31.90331816860032,30.788269440505385,30.99100685119629,120300,0.0,0.0
2022-07-13 00:00:00-04:00,30.58553276390812,30.80670117318404,29.967189271023823,30.55788803100586,80100,0.0,0.0
2022-07-14 00:00:00-04:00,29.811442292698512,30.309068471695884,29.387540072968243,30.216917037963867,113500,0.0,0.0
2022-07-15 00:00:00-04:00,31.046291887809407,31.295104988529676,30.253780382056572,30.852771759033203,177200,0.0,0.0
2022-07-18 00:00:00-04:00,31.387260941581225,31.806554567285865,30.908065715524398,31.018648147583008,196500,0.0,0.0
2022-07-19 00:00:00-04:00,31.543924150592343,33.04601678119751,31.543924150592343,32.76034164428711,194400,0.0,0.0
2022-07-20 00:00:00-04:00,32.52995578708416,33.52520826791975,32.27192892850558,33.4238395690918,183900,0.0,0.0
2022-07-21 00:00:00-04:00,32.87091610120765,33.350111287559535,31.88488100161783,33.33168029785156,130400,0.0,0.0
2022-07-22 00:00:00-04:00,33.746365602056585,33.82008955395039,32.63592582063037,33.07365036010742,159200,0.0,0.0
2022-07-25 00:00:00-04:00,33.33168860405649,34.29929647041655,33.23492852049103,34.17949676513672,156700,0.0,0.0
2022-07-26 00:00:00-04:00,33.92146289641403,34.243996441938826,33.230316571416324,33.41461944580078,131400,0.0,0.0
2022-07-27 00:00:00-04:00,33.52520971133126,35.05494696727774,33.42384100813893,34.76927185058594,130400,0.0,0.0
2022-07-28 00:00:00-04:00,34.92593463234207,35.84746321350833,34.66790423917578,35.80138397216797,168700,0.0,0.0
2022-07-29 00:00:00-04:00,35.755301492987385,36.63075418281691,35.755301492987385,36.206851959228516,117300,0.0,0.0
2022-08-01 00:00:00-04:00,35.709231458985435,35.8658896257589,34.474383056305776,35.58943176269531,145900,0.0,0.0
2022-08-02 00:00:00-04:00,35.5709977059798,35.91196577256404,34.49281107829233,34.889068603515625,97800,0.0,0.0
2022-08-03 00:00:00-04:00,35.34061340367681,35.746088157187046,34.82455973972114,35.50648880004883,155600,0.0,0.0
2022-08-04 00:00:00-04:00,35.276119232177734,35.52493241515947,34.56654167671571,35.276119232177734,136400,0.0,0.0
2022-08-05 00:00:00-04:00,35.78295333962617,38.381663428198785,35.395909541672665,36.42802047729492,162700,0.0,0.0
2022-08-08 00:00:00-04:00,36.77820495159976,37.31269320758545,35.547965158899856,35.8382453918457,384200,0.0,0.0
2022-08-09 00:00:00-04:00,35.312973459209,36.01333711994446,34.67712003055785,34.898284912109375,270500,0.0,0.0
2022-08-10 00:00:00-04:00,35.80138370687159,36.32389164592505,35.32679705354417,35.99490737915039,209700,0.0,0.0
2022-08-11 00:00:00-04:00,36.40958676795688,36.86113724597495,35.81059539692098,36.197635650634766,161100,0.0,0.0
2022-08-12 00:00:00-04:00,36.65840200563462,37.11916624810002,36.247401088794376,36.9072151184082,131500,0.0,0.0
2022-08-15 00:00:00-04:00,36.31066395323678,36.33378728597541,35.274802858425005,35.82048034667969,148700,0.145,0.0
2022-08-16 00:00:00-04:00,35.737244454414814,37.10606190443504,35.59851503006764,37.04132080078125,197200,0.0,0.0
2022-08-17 00:00:00-04:00,36.30142492839901,36.30142492839901,35.080587480573,35.672508239746094,188500,0.0,0.0
2022-08-18 00:00:00-04:00,35.58002112957647,36.708368727869676,35.58002112957647,36.49564743041992,104500,0.0,0.0
2022-08-19 00:00:00-04:00,36.39390636531682,36.39390636531682,35.32104925051255,35.57076644897461,154800,0.0,0.0
2022-08-22 00:00:00-04:00,35.01583872659192,35.03433668729505,34.3684242144834,35.006587982177734,130500,0.0,0.0
2022-08-23 00:00:00-04:00,35.24706137634952,36.33841646725825,35.145324346635476,35.691001892089844,151400,0.0,0.0
2022-08-24 00:00:00-04:00,35.459787863283324,36.36616699044849,35.35805081862046,35.77424621582031,96800,0.0,0.0
2022-08-25 00:00:00-04:00,35.755741113405115,37.40202088024212,35.755741113405115,37.355777740478516,125400,0.0,0.0
2022-08-26 00:00:00-04:00,37.781227398474,37.781227398474,36.31067269657878,36.449405670166016,129100,0.0,0.0
2022-08-29 00:00:00-04:00,36.35691930903707,36.58998731725133,35.90372798716104,35.92222595214844,83900,0.0,0.0
2022-08-30 00:00:00-04:00,35.84822831142102,35.986961262391794,32.9811112351127,33.859745025634766,353100,0.0,0.0
2022-08-31 00:00:00-04:00,33.68401761943122,33.933734825192126,32.93486953027419,33.53603744506836,229100,0.0,0.0
2022-09-01 00:00:00-04:00,32.92562043095825,32.976488949200494,32.12005404417114,32.953369140625,178700,0.0,0.0
2022-09-02 00:00:00-04:00,33.28632340140339,33.64702485193861,32.27820737210275,32.490928649902344,252100,0.0,0.0
2022-09-06 00:00:00-04:00,32.62965996682317,32.75452033962397,31.72328091531428,32.42618942260742,150100,0.0,0.0
2022-09-07 00:00:00-04:00,32.083980142724045,32.61578509488673,31.64929037511438,32.50017547607422,195500,0.0,0.0
2022-09-08 00:00:00-04:00,32.2042160131455,32.66665450101734,31.81576937683346,32.47243118286133,102900,0.0,0.0
2022-09-09 00:00:00-04:00,32.99035930046957,33.99847532282328,32.99035930046957,33.563785552978516,129800,0.0,0.0
2022-09-12 00:00:00-04:00,34.05397698202872,34.13721606812349,33.295577987888045,33.693275451660156,101200,0.0,0.0
2022-09-13 00:00:00-04:00,32.66665309040957,33.66921935012297,32.08397963297679,32.250457763671875,141100,0.0,0.0
2022-09-14 00:00:00-04:00,32.24122004375775,32.24122004375775,31.29784486797744,32.056243896484375,153900,0.0,0.0
2022-09-15 00:00:00-04:00,31.649287360811325,32.39843536136661,31.464311282703452,31.60304069519043,156600,0.0,0.0
2022-09-16 00:00:00-04:00,31.381071966391275,31.603040435798658,30.530183425329092,31.149852752685547,416300,0.0,0.0
2022-09-19 00:00:00-04:00,30.557932001007174,32.50017197668022,30.520936080220498,32.36144256591797,149400,0.0,0.0
2022-09-20 00:00:00-04:00,31.954503486734932,31.954503486734932,31.048124341122723,31.510562896728516,125000,0.0,0.0
2022-09-21 00:00:00-04:00,32.00074310692326,32.2412131050646,31.066618880010882,31.103614807128906,130600,0.0,0.0
2022-09-22 00:00:00-04:00,31.28859422044567,31.28859422044567,30.539442493718845,30.659677505493164,87900,0.0,0.0
2022-09-23 00:00:00-04:00,30.012258683898917,30.1093703433503,29.33709714832241,29.540571212768555,148300,0.0,0.0
2022-09-26 00:00:00-04:00,29.216861196284277,30.15098530600823,29.096626212297412,29.170618057250977,135800,0.0,0.0
2022-09-27 00:00:00-04:00,29.67005557199184,29.89664944696671,28.772923761503552,28.99489402770996,159100,0.0,0.0
2022-09-28 00:00:00-04:00,29.457330566009386,30.289719449990468,29.14287226876233,30.132492065429688,136800,0.0,0.0
2022-09-29 00:00:00-04:00,29.70704449772826,29.8735226189387,29.030036058764356,29.71629524230957,113600,0.0,0.0
2022-09-30 00:00:00-04:00,29.79953490285773,30.50151542694844,29.411084769504402,29.688547134399414,157500,0.0,0.0
2022-10-03 00:00:00-04:00,30.465446460711544,31.317259486136248,30.456199243283923,30.937135696411133,94000,0.0,0.0
2022-10-04 00:00:00-04:00,31.67704163548729,32.57417357868981,31.67704163548729,32.546424865722656,109000,0.0,0.0
2022-10-05 00:00:00-04:00,31.797267493398206,32.16721612120629,31.39957016061372,31.945247650146484,114000,0.0,0.0
2022-10-06 00:00:00-04:00,31.575294080832673,32.174613159617564,31.325576915974363,31.72327423095703,87700,0.0,0.0
2022-10-07 00:00:00-04:00,31.44581912580053,31.593799309973377,30.169487832231024,30.280475616455078,160900,0.0,0.0
2022-10-10 00:00:00-04:00,30.077000014366746,30.197235010447017,29.34634634852422,29.466581344604492,157000,0.0,0.0
2022-10-11 00:00:00-04:00,29.346349238018945,29.688552768729085,28.893159681850126,29.09663200378418,204900,0.0,0.0
2022-10-12 00:00:00-04:00,29.041137253751316,29.38796612644117,28.384475434875366,29.189117431640625,152600,0.0,0.0
2022-10-13 00:00:00-04:00,28.523202758485255,31.103610067700785,28.513953778115066,30.863140106201172,151600,0.0,0.0
2022-10-14 00:00:00-04:00,31.04811616290615,31.04811616290615,29.475826546432632,29.53131866455078,115200,0.0,0.0
2022-10-17 00:00:00-04:00,30.1047455045911,30.717940815594286,29.975263289692442,30.446949005126953,121100,0.0,0.0
2022-10-18 00:00:00-04:00,31.057362287483024,31.714023919045417,30.622669095374945,31.159095764160156,105300,0.0,0.0
2022-10-19 00:00:00-04:00,30.576432853338318,31.492059046595312,30.41920193918654,30.71516227722168,86500,0.0,0.0
2022-10-20 00:00:00-04:00,30.66891855150842,31.464313267868103,30.243476014705713,30.335962295532227,89000,0.0,0.0
2022-10-21 00:00:00-04:00,30.631926139577384,32.01924167976998,30.419204846789622,31.61229705810547,120700,0.0,0.0
2022-10-24 00:00:00-04:00,31.769524877237664,32.1949709965378,31.288591921726056,31.66779136657715,118200,0.0,0.0
2022-10-25 00:00:00-04:00,31.686289714068522,33.24933436086946,31.686289714068522,32.916378021240234,137900,0.0,0.0
2022-10-26 00:00:00-04:00,33.20308606992198,33.73951290109126,32.65740849290235,33.221580505371094,102200,0.0,0.0
2022-10-27 00:00:00-04:00,33.46205327812375,34.22045220694653,33.221583259837836,33.39731216430664,104500,0.0,0.0
2022-10-28 00:00:00-04:00,33.38805870003182,34.50716256519279,33.32331759148438,34.15570831298828,117500,0.0,0.0
2022-10-31 00:00:00-04:00,33.97073545037034,34.1279663919531,33.45557963966092,33.647029876708984,154000,0.0,0.0
2022-11-01 00:00:00-04:00,34.2666921197066,34.2666921197066,33.28632475841284,34.03547286987305,117000,0.0,0.0
2022-11-02 00:00:00-04:00,33.85049654202407,35.15457296139404,33.19383472356046,33.24932861328125,154400,0.0,0.0
2022-11-03 00:00:00-04:00,32.68515258681852,33.41580624715379,31.66223957922454,32.999610900878906,86500,0.0,0.0
2022-11-04 00:00:00-04:00,34.55339710043277,36.06094724124057,33.94297856613711,34.18344497680664,232900,0.0,0.0
2022-11-07 00:00:00-05:00,34.044726373193875,34.747631397246884,33.660901540630704,34.211204528808594,186500,0.0,0.0
2022-11-08 00:00:00-05:00,34.22044675713343,35.46440736960237,34.14645490848262,34.91410446166992,155300,0.0,0.0
2022-11-09 00:00:00-05:00,34.608893972167,34.84936395628381,33.51754241084085,33.563785552978516,111000,0.0,0.0
2022-11-10 00:00:00-05:00,35.14532683521383,36.37541496794672,34.771677139284336,36.264427185058594,157500,0.0,0.0
2022-11-11 00:00:00-05:00,36.73611217112523,37.1615547050241,36.1256935487104,36.68061828613281,151500,0.0,0.0
2022-11-14 00:00:00-05:00,36.34180683021449,37.288640023701944,35.58990613307423,36.50889587402344,135500,0.145,0.0
2022-11-15 00:00:00-05:00,37.13083444491607,37.58568872493811,36.406784306383344,36.9823112487793,156400,0.0,0.0
2022-11-16 00:00:00-05:00,36.7780884873764,37.27935557445212,36.33251892366647,36.83378601074219,143200,0.0,0.0
2022-11-17 00:00:00-05:00,36.072603970643016,36.471760699213156,35.49707706429131,35.99834060668945,82400,0.0,0.0
2022-11-18 00:00:00-05:00,36.80594408283426,36.80594408283426,36.13758787479035,36.36965560913086,120100,0.0,0.0
2022-11-21 00:00:00-05:00,36.10973676533784,37.047288747173475,35.599184975104755,36.88948440551758,107500,0.0,0.0
2022-11-22 00:00:00-05:00,37.325770388421496,38.18906257052845,37.325770388421496,38.086952209472656,100000,0.0,0.0
2022-11-23 00:00:00-05:00,37.84560246379349,38.28189089049232,37.41859872846864,38.012691497802734,75300,0.0,0.0
2022-11-25 00:00:00-05:00,38.25403562697133,38.38399296155869,37.53926674566907,37.94770812988281,47400,0.0,0.0
2022-11-28 00:00:00-05:00,37.539266724511755,37.7156404279853,37.121547732451184,37.669227600097656,102900,0.0,0.0
2022-11-29 00:00:00-05:00,37.78990231849118,38.09159102792673,37.3814644531623,37.55783462524414,85500,0.0,0.0
2022-11-30 00:00:00-05:00,37.678516026993265,38.291174680234114,36.908049479167104,38.2076301574707,148200,0.0,0.0
2022-12-01 00:00:00-05:00,38.393283292640035,38.616066315786945,37.854884494735785,38.086952209472656,81000,0.0,0.0
2022-12-02 00:00:00-05:00,37.52998329392668,38.356143619748764,37.37217543941565,38.05909729003906,94400,0.0,0.0
2022-12-05 00:00:00-05:00,37.78061732171571,38.151923468458506,37.35361365947927,37.54854965209961,141800,0.0,0.0
2022-12-06 00:00:00-05:00,37.34433392581296,37.93842667230319,37.07513454347455,37.910579681396484,152200,0.0,0.0
2022-12-07 00:00:00-05:00,37.83631396064179,38.14264500582183,37.67850963390434,37.73420715332031,96300,0.0,0.0
2022-12-08 00:00:00-05:00,38.17049558850774,38.570580090137476,37.381466798394634,37.455726623535156,188400,0.0,0.0
2022-12-09 00:00:00-05:00,37.19580959035027,37.947710191256604,37.19580959035027,37.55783462524414,217600,0.0,0.0
2022-12-12 00:00:00-05:00,37.62280981275239,38.54179935099752,37.26913819940285,38.11479568481445,262400,0.0,0.0
2022-12-13 00:00:00-05:00,39.38652682719721,39.915640852891656,38.88525978988506,39.293701171875,319500,0.0,0.0
2022-12-14 00:00:00-05:00,39.06164638189093,39.887807026515475,37.93008236080142,38.02198028564453,296000,0.0,0.0
2022-12-15 00:00:00-05:00,37.40931265215821,37.40931265215821,35.673447242072875,35.99834060668945,305600,0.0,0.0
2022-12-16 00:00:00-05:00,35.43208998221545,36.504245020289,35.43208998221545,36.453189849853516,1047200,0.0,0.0
2022-12-19 00:00:00-05:00,36.202558934832915,37.18652719605271,35.31141987244813,35.55276870727539,137100,0.0,0.0
2022-12-20 00:00:00-05:00,35.562057478584315,36.09117157891025,35.40424959299166,35.840538024902344,87400,0.0,0.0
2022-12-21 00:00:00-05:00,36.21184990644924,36.341810820069426,35.608475885183196,35.692020416259766,149100,0.0,0.0
2022-12-22 00:00:00-05:00,35.40424935160966,35.70593808351075,34.69876506967573,35.283573150634766,125600,0.0,0.0
2022-12-23 00:00:00-05:00,35.20930666534262,36.09116450677481,35.20930666534262,35.89622497558594,81500,0.0,0.0
2022-12-27 00:00:00-05:00,35.91479372726881,36.0911674345057,35.4877900358765,35.812686920166016,74300,0.0,0.0
2022-12-28 00:00:00-05:00,35.90551103816449,35.9704897040215,34.828717165441816,34.89369583129883,88300,0.0,0.0
2022-12-29 00:00:00-05:00,35.07006461148116,35.914790775492285,34.9772389613544,35.61774444580078,89300,0.0,0.0
2022-12-30 00:00:00-05:00,35.31142014899443,35.81268720341357,34.98373997963075,35.29285430908203,126300,0.0,0.0
2023-01-03 00:00:00-05:00,35.42281374451545,35.729144809597784,34.31817276236932,34.35530090332031,131900,0.0,0.0
2023-01-04 00:00:00-05:00,34.54095606151788,34.967959785141694,34.01184198201182,34.08610534667969,104100,0.0,0.0
2023-01-05 00:00:00-05:00,33.816911186185514,34.20678328771186,33.26923118089422,34.19750213623047,112000,0.0,0.0
2023-01-06 00:00:00-05:00,34.782313197741125,36.0911750793457,34.782313197741125,36.0911750793457,100500,0.0,0.0
2023-01-09 00:00:00-05:00,36.49032477231816,37.121549171053466,36.26753823232314,36.694541931152344,70200,0.0,0.0
2023-01-10 00:00:00-05:00,36.45319793626514,37.74349389479561,36.35108757274303,37.585689544677734,109800,0.0,0.0
2023-01-11 00:00:00-05:00,37.9198602461186,38.75066302571016,37.9198602461186,38.699607849121094,96000,0.0,0.0
2023-01-12 00:00:00-05:00,38.98737219237087,39.99918746948242,38.931674671595864,39.99918746948242,124900,0.0,0.0
2023-01-13 00:00:00-05:00,39.71142692097411,40.71396116623459,39.48771613289228,40.07345199584961,107000,0.0,0.0
2023-01-17 00:00:00-05:00,40.25910723164412,40.44476211658512,39.36796803321423,39.54433822631836,65600,0.0,0.0
2023-01-18 00:00:00-05:00,39.674292604329004,40.45404016007708,38.80171585083008,38.80171585083008,77500,0.0,0.0
2023-01-19 00:00:00-05:00,38.33758133737565,38.59749955578312,37.650662964111106,38.57893371582031,79200,0.0,0.0
2023-01-20 00:00:00-05:00,38.72745606140076,39.44686375385737,38.17977618803037,39.349395751953125,76800,0.0,0.0
2023-01-23 00:00:00-05:00,39.34011664371094,39.88315420009584,39.26585328160429,39.75783920288086,53600,0.0,0.0
2023-01-24 00:00:00-05:00,39.13589507824806,40.03167650279404,39.11732923812973,39.70214080810547,42800,0.0,0.0
2023-01-25 00:00:00-05:00,39.349399261543525,39.66501148012812,38.75530650681303,39.600032806396484,81600,0.0,0.0
2023-01-26 00:00:00-05:00,39.60931393565782,40.14771270751953,38.91218306422314,40.14771270751953,73200,0.0,0.0
2023-01-27 00:00:00-05:00,39.92492266007409,40.630410400009694,39.92492266007409,40.17555618286133,65600,0.0,0.0
2023-01-30 00:00:00-05:00,39.64644739419201,40.27767185930766,39.46079251485112,39.7299919128418,57700,0.0,0.0
2023-01-31 00:00:00-05:00,39.62787976859545,40.2312572140287,39.228723035352914,40.138431549072266,121800,0.0,0.0
2023-02-01 00:00:00-05:00,40.11057840021731,41.02956800405552,39.822816732980456,40.509735107421875,588400,0.0,0.0
2023-02-02 00:00:00-05:00,40.454042299852894,41.10382901311959,40.08273257135307,40.59328079223633,126300,0.0,0.0
2023-02-03 00:00:00-05:00,40.18484842113205,41.37303404916306,40.18484842113205,40.71396255493164,160800,0.0,0.0
2023-02-06 00:00:00-05:00,40.26838979799744,40.950669428026245,39.79496968933279,39.93421173095703,158700,0.0,0.0
2023-02-07 00:00:00-05:00,39.72999415941104,40.472610177694214,39.45151359518891,40.44476318359375,129400,0.0,0.0
2023-02-08 00:00:00-05:00,40.04560710432718,40.19877265668108,39.460795430567565,39.65573501586914,75500,0.0,0.0
2023-02-09 00:00:00-05:00,40.11986638576251,40.11986638576251,38.39792442189874,38.541805267333984,68800,0.0,0.0
2023-02-10 00:00:00-05:00,38.30973010568463,39.46542607208481,38.27259842987083,39.37723922729492,100400,0.0,0.0
2023-02-13 00:00:00-05:00,39.34939722632407,39.77640092906722,39.21943988558241,39.46078872680664,78100,0.0,0.0
2023-02-14 00:00:00-05:00,39.19159672243923,39.4515114293009,38.532521722640666,38.903831481933594,82600,0.0,0.0
2023-02-15 00:00:00-05:00,38.32830250928688,39.35404132712087,38.012690292947795,39.024505615234375,88400,0.0,0.0
2023-02-16 00:00:00-05:00,38.448969654004195,39.19158902676913,38.448969654004195,38.8945426940918,113000,0.0,0.0
2023-02-17 00:00:00-05:00,40.834633166612235,40.834633166612235,37.882731803191014,39.21015930175781,267300,0.0,0.0
2023-02-21 00:00:00-05:00,38.634629486397735,38.996654529782475,37.27007382603001,37.6228141784668,183400,0.0,0.0
2023-02-22 00:00:00-05:00,37.51142380559574,38.968808714024014,37.409313448521935,38.53252029418945,208900,0.0,0.0
2023-02-23 00:00:00-05:00,38.79244084311486,39.40509948097783,38.36543708907421,38.96881103515625,124300,0.0,0.0
2023-02-24 00:00:00-05:00,38.170492318782244,38.69032521452528,37.610744460601516,38.57893371582031,125400,0.0,0.0
2023-02-27 00:00:00-05:00,38.92239917643044,39.01893943515543,38.18906431451523,38.2076301574707,80400,0.0,0.0
2023-02-28 00:00:00-05:00,38.1890566794712,38.588213370530354,37.89201033371626,38.198341369628906,182400,0.0,0.0
2023-03-01 00:00:00-05:00,38.30972964806514,38.63462295487614,37.980193996564985,38.254032135009766,98500,0.0,0.0
2023-03-02 00:00:00-05:00,37.86744521880801,38.57542046423876,37.550718609479055,38.491580963134766,144800,0.145,0.0
2023-03-03 00:00:00-05:00,38.705840877054584,39.23682325714949,38.10965038386561,38.87351989746094,109800,0.0,0.0
2023-03-06 00:00:00-05:00,38.677896031603815,38.677896031603815,35.64104578358434,36.237239837646484,182200,0.0,0.0
2023-03-07 00:00:00-05:00,36.13476398026812,36.13476398026812,34.77283851612129,35.007591247558594,375500,0.0,0.0
2023-03-08 00:00:00-05:00,35.175275619602324,36.2279265938671,34.87718033453947,36.21861267089844,149700,0.0,0.0
2023-03-09 00:00:00-05:00,36.2279221515109,36.37790081259084,35.165957384498164,35.37089920043945,116400,0.0,0.0
2023-03-10 00:00:00-05:00,35.147326353916256,35.147326353916256,33.692247263420604,34.001522064208984,111100,0.0,0.0
2023-03-13 00:00:00-04:00,33.17244502537449,33.68479602629206,32.66940794654963,32.781192779541016,154000,0.0,0.0
2023-03-14 00:00:00-04:00,33.90837117448404,34.59771516297764,33.36341253130651,33.740692138671875,223400,0.0,0.0
2023-03-15 00:00:00-04:00,32.520356554017326,32.79982038093755,31.672647598666614,32.38062286376953,169600,0.0,0.0
2023-03-16 00:00:00-04:00,31.737855519290168,33.33080252155728,31.504968405967773,32.94886779785156,163800,0.0,0.0
2023-03-17 00:00:00-04:00,32.70666790993955,32.82777020811293,31.57017761994811,32.110477447509766,605600,0.0,0.0
2023-03-20 00:00:00-04:00,32.51104543908954,33.04202782214062,32.464465169269616,32.585567474365234,120400,0.0,0.0
2023-03-21 00:00:00-04:00,33.24696444706024,33.847813651676304,32.94886921348607,32.9768180847168,165800,0.0,0.0
2023-03-22 00:00:00-04:00,33.0327104424508,33.479853316127425,32.4365199442153,32.50172805786133,118500,0.0,0.0
2023-03-23 00:00:00-04:00,32.62282784504703,33.27491248474647,32.1943164017154,32.76255798339844,319800,0.0,0.0
2023-03-24 00:00:00-04:00,32.49241254752787,33.62889929663789,31.98006158525301,33.61027145385742,150400,0.0,0.0
2023-03-27 00:00:00-04:00,34.00152067842145,34.17851361636439,33.46122083589739,33.824527740478516,146600,0.0,0.0
2023-03-28 00:00:00-04:00,33.74068859917383,34.446801838605666,33.74068859917383,34.20646286010742,88600,0.0,0.0
2023-03-29 00:00:00-04:00,34.64429050743657,34.90978171133323,34.51387427444534,34.66292190551758,135700,0.0,0.0
2023-03-30 00:00:00-04:00,34.96101420900428,35.02622231998151,34.61634225761388,34.9423828125,135400,0.0,0.0
2023-03-31 00:00:00-04:00,35.20322480528929,35.687630536171035,34.933074840332445,35.650367736816406,235400,0.0,0.0
2023-04-03 00:00:00-04:00,35.92982250047666,36.33038860787515,35.22184726040912,36.02297592163086,158100,0.0,0.0
2023-04-04 00:00:00-04:00,35.985721303958314,36.237239837646484,35.43610752002692,36.237239837646484,185400,0.0,0.0
2023-04-05 00:00:00-04:00,35.81804160553991,37.010422584010165,35.81804160553991,36.97315979003906,181200,0.0,0.0
2023-04-06 00:00:00-04:00,36.814801586436296,36.87069578246454,35.752836736931314,36.0416145324707,95000,0.0,0.0
2023-04-10 00:00:00-04:00,35.86462052712648,36.889322549328334,35.459395613311905,35.92982864379883,450800,0.0,0.0
2023-04-11 00:00:00-04:00,35.88324835013748,36.64245909208141,35.845985557587035,36.07887268066406,164500,0.0,0.0
2023-04-12 00:00:00-04:00,37.26194668948831,38.2959662786938,36.79617235586971,37.38304901123047,196500,0.0,0.0
2023-04-13 00:00:00-04:00,37.40167398251059,37.74634593514579,37.03836707972827,37.72771453857422,125900,0.0,0.0
2023-04-14 00:00:00-04:00,37.68114159739184,38.19349261690342,36.796169716285,37.09426498413086,85800,0.0,0.0
2023-04-17 00:00:00-04:00,37.01974105834961,37.22467932357013,36.75890504708829,37.01974105834961,80200,0.0,0.0
2023-04-18 00:00:00-04:00,37.16878646750635,37.16878646750635,36.62848663330078,36.62848663330078,195500,0.0,0.0
2023-04-19 00:00:00-04:00,36.56327962518153,37.20604682847711,35.90188102494722,37.05699920654297,134200,0.0,0.0
2023-04-20 00:00:00-04:00,36.69369438485651,37.08401200744532,36.60054095745849,36.963844299316406,127000,0.0,0.0
2023-04-21 00:00:00-04:00,36.926590649888006,36.926590649888006,35.91120240410919,36.10682678222656,123800,0.0,0.0
2023-04-24 00:00:00-04:00,36.13476223916957,36.58190503175138,35.94845185386673,36.51669692993164,83000,0.0,0.0
2023-04-25 00:00:00-04:00,35.87393113034705,36.069559015840426,34.94238263141378,35.11006164550781,273600,0.0,0.0
2023-04-26 00:00:00-04:00,34.62565982502288,34.99828068719297,34.17851692256431,34.39277267456055,144600,0.0,0.0
2023-04-27 00:00:00-04:00,34.56045260369781,34.788684575646016,33.36807149954391,34.523193359375,274800,0.0,0.0
2023-04-28 00:00:00-04:00,34.43935508860578,35.55721063746124,34.43935508860578,35.10075378417969,113800,0.0,0.0
2023-05-01 00:00:00-04:00,34.961013884143874,35.324317228662714,34.634973332287345,34.877174377441406,130300,0.0,0.0
2023-05-02 00:00:00-04:00,34.541822190599426,34.72812905909204,33.73137238763849,34.4672966003418,106900,0.0,0.0
2023-05-03 00:00:00-04:00,34.513874000232626,34.933071569785206,33.82453004459131,33.88042068481445,182200,0.0,0.0
2023-05-04 00:00:00-04:00,33.47985354889519,33.684795366679374,32.59488527081047,32.65077590942383,145800,0.0,0.0
2023-05-05 00:00:00-04:00,33.87110468675477,34.970332222400984,33.25628280695059,34.69086837768555,165600,0.0,0.0
2023-05-08 00:00:00-04:00,34.718812558678174,35.03553918659969,32.25020764515085,32.42720413208008,264300,0.0,0.0
2023-05-09 00:00:00-04:00,32.04527374898931,32.3377792462673,31.504973847052387,31.607444763183594,110400,0.0,0.0
2023-05-10 00:00:00-04:00,32.10115797378333,32.399253186436525,31.67264654979127,32.268836975097656,173000,0.0,0.0
2023-05-11 00:00:00-04:00,31.691279624527382,32.04526904090644,31.38386692129876,31.644702911376953,129900,0.0,0.0
2023-05-12 00:00:00-04:00,31.672648677880797,31.858959086701073,31.01125010246552,31.225505828857422,86200,0.0,0.0
2023-05-15 00:00:00-04:00,31.37987933970594,31.847677170402758,31.16469276586711,31.791540145874023,113200,0.145,0.0
2023-05-16 00:00:00-04:00,31.37051909740404,31.66055501613637,30.95885832124772,31.23953628540039,150600,0.0,0.0
2023-05-17 00:00:00-04:00,31.492151210592716,31.875745305944882,31.202115257906204,31.800899505615234,107600,0.0,0.0
2023-05-18 00:00:00-04:00,31.585705124576133,32.633574741017775,31.389230909873536,32.47452163696289,118300,0.0,0.0
2023-05-19 00:00:00-04:00,32.83005385278923,32.961036682128906,32.231273164942436,32.961036682128906,129600,0.0,0.0
2023-05-22 00:00:00-04:00,32.96103854751306,33.260428908380035,32.44646158783636,33.04524230957031,126800,0.0,0.0
2023-05-23 00:00:00-04:00,33.017172751007415,33.8825980503063,32.60550836330877,33.47561264038086,140900,0.0,0.0
2023-05-24 00:00:00-04:00,33.251067999407496,33.82178187819128,33.1013728483342,33.363338470458984,145700,0.0,0.0
2023-05-25 00:00:00-04:00,33.08265582115441,33.41011280241611,32.24061848503374,32.315467834472656,95200,0.0,0.0
2023-05-26 00:00:00-04:00,32.32483130909689,32.48855984577179,31.988016279928857,32.01608657836914,127000,0.0,0.0
2023-05-30 00:00:00-04:00,32.10028982261558,32.1938479652161,31.41730538839155,31.660558700561523,127800,0.0,0.0
2023-05-31 00:00:00-04:00,31.623133290592506,31.796219776349282,30.72496229377666,30.781099319458008,188400,0.0,0.0
2023-06-01 00:00:00-04:00,30.8278760949008,31.305028286123704,30.687535325651346,31.202112197875977,156100,0.0,0.0
2023-06-02 00:00:00-04:00,31.91316848026625,33.157508850097656,31.871064819749282,33.157508850097656,258100,0.0,0.0
2023-06-05 00:00:00-04:00,32.848763139397036,33.141604314609594,32.156420802850754,32.95167922973633,174000,0.0,0.0
2023-06-06 00:00:00-04:00,32.72713545521158,34.20069931985781,32.72713545521158,34.05568313598633,147700,0.0,0.0
2023-06-07 00:00:00-04:00,34.26150737817074,35.77717470950839,34.26150737817074,35.234527587890625,279100,0.0,0.0
2023-06-08 00:00:00-04:00,35.15969003163643,35.15969003163643,33.79371752288351,34.111820220947266,109300,0.0,0.0
2023-06-09 00:00:00-04:00,33.90599142312079,33.94809151858581,32.98910445082897,33.22300338745117,122500,0.0,0.0
2023-06-12 00:00:00-04:00,32.99846579090632,33.65338359441266,32.914262022326724,33.06395721435547,180200,0.0,0.0
2023-06-13 00:00:00-04:00,33.09201545547091,33.97147760584023,33.09201545547091,33.410118103027344,157300,0.0,0.0
2023-06-14 00:00:00-04:00,33.72822174672665,33.891950268169126,32.848763139397036,32.95167922973633,157100,0.0,0.0
2023-06-15 00:00:00-04:00,32.69907639934814,33.4756191162501,32.54938120277577,33.325923919677734,143700,0.0,0.0
2023-06-16 00:00:00-04:00,33.653382839499756,33.80307802817053,32.70842906119093,33.3539924621582,933200,0.0,0.0
2023-06-20 00:00:00-04:00,32.9329699527031,32.99846136737293,32.40903506632994,32.961036682128906,124500,0.0,0.0
2023-06-21 00:00:00-04:00,32.68035792629644,33.58320791513053,32.596154170948694,33.1949348449707,119900,0.0,0.0
2023-06-22 00:00:00-04:00,32.9610310954742,33.0686261550606,32.45580863735459,32.764556884765625,105000,0.0,0.0
2023-06-23 00:00:00-04:00,32.23127388561401,32.783275513755385,31.67927225747263,31.726051330566406,481600,0.0,0.0
2023-06-26 00:00:00-04:00,31.482792195143446,32.343538401961375,31.482792195143446,31.92251968383789,133700,0.0,0.0
2023-06-27 00:00:00-04:00,31.903809786675517,32.409032287101425,31.576352741407312,32.27804946899414,134900,0.0,0.0
2023-06-28 00:00:00-04:00,32.2593321387293,32.38096055202384,31.866383745181082,32.3528938293457,91200,0.0,0.0
2023-06-29 00:00:00-04:00,32.343547938827996,33.35399316026574,32.343547938827996,33.00782012939453,136000,0.0,0.0
2023-06-30 00:00:00-04:00,33.26978576099012,33.26978576099012,32.71778413226425,32.72713851928711,168800,0.0,0.0
2023-07-03 00:00:00-04:00,32.4651742788108,33.82646428278157,32.4651742788108,33.65338134765625,78100,0.0,0.0
2023-07-05 00:00:00-04:00,33.53173903104591,33.53173903104591,32.54936458210581,32.624210357666016,179000,0.0,0.0
2023-07-06 00:00:00-04:00,32.07222025771909,32.46517231745484,31.267607364511342,32.455814361572266,152100,0.0,0.0
2023-07-07 00:00:00-04:00,32.48388657114147,33.78436413219558,32.48388657114147,33.59724426269531,150200,0.0,0.0
2023-07-10 00:00:00-04:00,33.353987507642195,33.99954724370098,33.353987507642195,33.92469787597656,120300,0.0,0.0
2023-07-11 00:00:00-04:00,34.13989065652178,34.383143982357076,33.681447166390605,33.999549865722656,135400,0.0,0.0
2023-07-12 00:00:00-04:00,34.7573865086983,35.03806454386782,34.476704904513944,34.73867416381836,190300,0.0,0.0
2023-07-13 00:00:00-04:00,34.75738233667667,35.421654439613626,34.72931203821868,35.356163024902344,132900,0.0,0.0
2023-07-14 00:00:00-04:00,35.10354876649912,35.10354876649912,34.34571501486416,34.953853607177734,99600,0.0,0.0
2023-07-17 00:00:00-04:00,34.66382633702453,35.197115698439134,34.57026817744882,35.047420501708984,86300,0.0,0.0
2023-07-18 00:00:00-04:00,34.879005237194804,35.75846744616334,34.879005237194804,35.38422775268555,75800,0.0,0.0
2023-07-19 00:00:00-04:00,35.22517776489258,35.4871434056617,35.01466660154809,35.22517776489258,115500,0.0,0.0
2023-07-20 00:00:00-04:00,35.4684314404432,35.646193331562436,35.0941917476494,35.552635192871094,104200,0.0,0.0
2023-07-21 00:00:00-04:00,35.6368398339394,35.6368398339394,35.112904964766074,35.20646667480469,85800,0.0,0.0
2023-07-24 00:00:00-04:00,35.04741200110678,35.93154960000899,35.04741200110678,35.84267044067383,88900,0.0,0.0
2023-07-25 00:00:00-04:00,35.75847114427727,36.787625054254164,35.75847114427727,36.72213363647461,92000,0.0,0.0
2023-07-26 00:00:00-04:00,36.7221301915768,37.15250334490192,36.609859710060306,37.04958724975586,106400,0.0,0.0
2023-07-27 00:00:00-04:00,37.20863587541226,37.676433655738265,37.06829511370893,37.33961868286133,119600,0.0,0.0
2023-07-28 00:00:00-04:00,37.62029485046485,37.7288249867739,36.68002392635804,36.75019073486328,96100,0.0,0.0
2023-07-31 00:00:00-04:00,36.76890728798822,37.61094477670357,36.694061493999115,37.52674102783203,96000,0.0,0.0
2023-08-01 00:00:00-04:00,37.16186424513386,37.68579557973867,37.03088141148266,37.67644119262695,99800,0.0,0.0
2023-08-02 00:00:00-04:00,37.23671285396679,37.35834130966808,36.82037300035085,37.18993377685547,102900,0.0,0.0
2023-08-03 00:00:00-04:00,36.95603193418805,37.44254214995784,36.535013135058946,36.8437614440918,176500,0.0,0.0
2023-08-04 00:00:00-04:00,36.81569222877944,38.22376486604153,35.515214675746165,37.161865234375,243700,0.0,0.0
2023-08-07 00:00:00-04:00,36.98409638960612,37.14782849015139,33.700157096419815,33.86856460571289,277200,0.0,0.0
2023-08-08 00:00:00-04:00,33.185583457670546,34.130533625075216,33.12009203859372,33.65338134765625,185000,0.0,0.0
2023-08-09 00:00:00-04:00,33.653377388717026,34.98192152686119,33.54110333863767,34.879005432128906,319700,0.0,0.0
2023-08-10 00:00:00-04:00,35.12226048205963,35.215818616589054,34.523479855437586,35.07548141479492,113400,0.0,0.0
2023-08-11 00:00:00-04:00,34.93514795697341,35.42072312831963,34.62265929665434,35.30002975463867,100200,0.0,0.0
2023-08-14 00:00:00-04:00,35.00875311981796,35.03694296022083,34.37453726606519,34.46379852294922,111700,0.16,0.0
2023-08-15 00:00:00-04:00,34.06917044567115,34.21950310769798,32.570542729151185,32.60342788696289,162800,0.0,0.0
2023-08-16 00:00:00-04:00,32.50947167460799,32.6504101304393,31.889348920535102,31.936330795288086,131800,0.0,0.0
2023-08-17 00:00:00-04:00,32.124235185126686,32.38731999188905,31.87054818443414,32.0396728515625,165300,0.0,0.0
2023-08-18 00:00:00-04:00,31.729624611293996,32.51887214323816,31.729624611293996,32.50008010864258,210300,0.0,0.0
2023-08-21 00:00:00-04:00,32.43430170339062,32.76315326639275,31.729616710489,31.757802963256836,225600,0.0,0.0
2023-08-22 00:00:00-04:00,31.870551041914197,32.22759243610968,31.07190949659044,31.100095748901367,161900,0.0,0.0
2023-08-23 00:00:00-04:00,31.0813125561728,31.0813125561728,30.376627455604098,30.489376068115234,120800,0.0,0.0
2023-08-24 00:00:00-04:00,30.329640959977013,30.94976361061625,30.329640959977013,30.508163452148438,119800,0.0,0.0
2023-08-25 00:00:00-04:00,30.658497312418746,31.053119203694532,30.57393496654345,30.85580825805664,85700,0.0,0.0
2023-08-28 00:00:00-04:00,30.921584483783843,31.325604259724113,30.827627896724543,30.97796058654785,126700,0.0,0.0
2023-08-29 00:00:00-04:00,31.015537793974076,31.36318501463459,30.926280120962254,31.00614356994629,130200,0.0,0.0
2023-08-30 00:00:00-04:00,30.82762336730957,31.212851052394765,30.790039304322352,30.82762336730957,99300,0.0,0.0
2023-08-31 00:00:00-04:00,30.855813266572202,31.175270671265036,30.705480581082277,31.081314086914062,248500,0.0,0.0
2023-09-01 00:00:00-04:00,31.30680547976091,32.19000939414125,31.226942039547357,31.832971572875977,296900,0.0,0.0
2023-09-05 00:00:00-04:00,31.588684834971414,31.588684834971414,30.414209603020517,30.451793670654297,205300,0.0,0.0
2023-09-06 00:00:00-04:00,30.58333341418828,31.006145201966966,29.982002686775868,30.17931365966797,156800,0.0,0.0
2023-09-07 00:00:00-04:00,29.99139590520929,30.118239429708403,28.629004086906335,28.826316833496094,235300,0.0,0.0
2023-09-08 00:00:00-04:00,28.948463493930458,29.02362983314062,28.309548714590633,28.863901138305664,219400,0.0,0.0
2023-09-11 00:00:00-04:00,29.173958655439556,29.474625764645868,28.347129033415488,28.572628021240234,203200,0.0,0.0
2023-09-12 00:00:00-04:00,28.60081946788282,28.807526449943154,28.159215662785158,28.582027435302734,276600,0.0,0.0
2023-09-13 00:00:00-04:00,28.741753132403783,29.004836184784477,28.18740077381685,28.271963119506836,283600,0.0,0.0
2023-09-14 00:00:00-04:00,28.582025459929536,29.747104517770357,28.582025459929536,29.709522247314453,194800,0.0,0.0
2023-09-15 00:00:00-04:00,29.493419594108317,29.878647302562285,28.910880919322405,29.57798194885254,1275600,0.0,0.0
2023-09-18 00:00:00-04:00,29.765897634885654,30.038374929977586,29.014232485173377,29.267919540405273,294900,0.0,0.0
2023-09-19 00:00:00-04:00,29.29610371720189,29.709519405310026,29.042416695491905,29.061208724975586,181100,0.0,0.0
2023-09-20 00:00:00-04:00,29.249126028132917,29.662541749946257,28.910878430382652,28.967252731323242,85600,0.0,0.0
2023-09-21 00:00:00-04:00,28.66658818002846,29.197451421910493,28.24377643125396,29.033023834228516,163500,0.0,0.0
2023-09-22 00:00:00-04:00,29.108191695748445,29.286712420388987,28.75115203857422,28.75115203857422,126500,0.0,0.0
2023-09-25 00:00:00-04:00,28.5256558058205,28.976653877411984,28.5256558058205,28.854507446289062,93300,0.0,0.0
2023-09-26 00:00:00-04:00,28.56323355939594,28.910878971264765,28.18740189258285,28.206193923950195,141300,0.0,0.0
2023-09-27 00:00:00-04:00,28.478672943485662,28.89208869819281,28.281361978441,28.75115203857422,181900,0.0,0.0
2023-09-28 00:00:00-04:00,28.82631373274928,29.29610371720189,28.82631373274928,29.061208724975586,170000,0.0,0.0
2023-09-29 00:00:00-04:00,29.314900748883506,29.44174248927579,28.986047345230908,29.202150344848633,207300,0.0,0.0
2023-10-02 00:00:00-04:00,28.854501011790127,28.95785538552215,27.369964679769993,28.037067413330078,194500,0.0,0.0
2023-10-03 00:00:00-04:00,27.586071546404355,27.90552891493626,26.996015016199628,27.116281509399414,151600,0.0,0.0
2023-10-04 00:00:00-04:00,27.32298781675112,27.32298781675112,26.444480970683813,27.088092803955078,138100,0.0,0.0
2023-10-05 00:00:00-04:00,27.041111937847337,27.210234825552327,26.458571573174964,26.768632888793945,157800,0.0,0.0
2023-10-06 00:00:00-04:00,26.5713240845286,27.15386270373561,26.430385645330315,27.097488403320312,146700,0.0,0.0
2023-10-09 00:00:00-04:00,27.012927732299516,27.839757427404646,26.93776139638087,27.727008819580078,105000,0.0,0.0
2023-10-10 00:00:00-04:00,27.877343319812365,28.516258113078866,27.877343319812365,28.30954933166504,107500,0.0,0.0
2023-10-11 00:00:00-04:00,28.206194959335434,28.57263062391587,27.698820846433154,27.849153518676758,117800,0.0,0.0
2023-10-12 00:00:00-04:00,27.96190450567024,27.96190450567024,27.369968028196286,27.755197525024414,120400,0.0,0.0
2023-10-13 00:00:00-04:00,27.745801382419245,27.839757960035026,27.03172028147688,27.050512313842773,84300,0.0,0.0
2023-10-16 00:00:00-04:00,27.407553971629767,27.797478815136177,27.238429252188155,27.379365921020508,91800,0.0,0.0
2023-10-17 00:00:00-04:00,27.069302060421546,28.281361244313924,26.91427227649741,27.9337158203125,147100,0.0,0.0
2023-10-18 00:00:00-04:00,27.55788282954716,27.999484808445295,27.07869678839043,27.088092803955078,122100,0.0,0.0
2023-10-19 00:00:00-04:00,26.975344940230425,27.332386396759357,26.54313893634549,26.740449905395508,143000,0.0,0.0
2023-10-20 00:00:00-04:00,26.78742776954688,26.853198087117573,26.24247140553818,26.28944969177246,146300,0.0,0.0
2023-10-23 00:00:00-04:00,26.110931943353222,26.39280525763473,25.5189954744125,25.641141891479492,167800,0.0,0.0
2023-10-24 00:00:00-04:00,26.007577069263448,26.204888027127712,25.56597328186035,25.56597328186035,107400,0.0,0.0
2023-10-25 00:00:00-04:00,25.26530711835938,25.772681208529338,25.14785961142449,25.58476448059082,140400,0.0,0.0
2023-10-26 00:00:00-04:00,25.81966002240639,26.57132515742335,25.758588607868344,26.36461639404297,149300,0.0,0.0
2023-10-27 00:00:00-04:00,26.467971462279397,27.078698168248764,25.97938938066118,26.10153579711914,146300,0.0,0.0
2023-10-30 00:00:00-04:00,26.477368762020845,26.571327134903843,26.073349013098785,26.28005599975586,100800,0.0,0.0
2023-10-31 00:00:00-04:00,26.430387681283644,26.430387681283644,25.800868936482658,25.88543128967285,106800,0.0,0.0
2023-11-01 00:00:00-04:00,25.706910891382876,26.12972084108444,25.237120863643316,25.58476448059082,186800,0.0,0.0
2023-11-02 00:00:00-04:00,26.073350432200993,26.39280784212625,25.791477090317297,26.37401580810547,117300,0.0,0.0
2023-11-03 00:00:00-04:00,24.98343661675452,26.08274547647421,22.737840606122216,24.316333770751953,338000,0.0,0.0
2023-11-06 00:00:00-05:00,24.25056469643092,24.25056469643092,23.33917253871172,23.874732971191406,352300,0.0,0.0
2023-11-07 00:00:00-05:00,23.630438676785896,23.92170800008205,22.935149631955873,23.113670349121094,311200,0.0,0.0
2023-11-08 00:00:00-05:00,23.08548311337954,23.42373252788108,22.59690102401217,22.888172149658203,257700,0.0,0.0
2023-11-09 00:00:00-05:00,23.273398349350188,23.367356713097514,22.479452057397374,22.587505340576172,162200,0.0,0.0
2023-11-10 00:00:00-05:00,22.73783867517335,23.226418955252026,22.51233787869792,23.113670349121094,141400,0.0,0.0
2023-11-13 00:00:00-05:00,22.84886447899734,23.482504422740885,22.801578642951604,23.21769905090332,127100,0.16,0.0
2023-11-14 00:00:00-05:00,23.870256814395532,24.693043805265653,23.870256814395532,24.522811889648438,173400,0.0,0.0
2023-11-15 00:00:00-05:00,24.61738456592092,25.241567033404625,24.484980967112225,24.948389053344727,218700,0.0,0.0
2023-11-16 00:00:00-05:00,24.9105585788641,24.98621699853911,24.409320421117773,24.69304084777832,133900,0.0,0.0
2023-11-17 00:00:00-05:00,25.052417356408515,25.563113031211184,24.801799184795527,25.534740447998047,257800,0.0,0.0
2023-11-20 00:00:00-05:00,25.875203460937954,25.875203460937954,25.43260091671898,25.761714935302734,156300,0.0,0.0
2023-11-21 00:00:00-05:00,25.203737710179826,25.47800064133503,24.6835862388817,24.70250129699707,178800,0.0,0.0
2023-11-22 00:00:00-05:00,24.749787351071653,25.071336126438485,24.5795554342493,24.938934326171875,149000,0.0,0.0
2023-11-24 00:00:00-05:00,24.730871506120018,25.667145215021417,24.730871506120018,25.165908813476562,59400,0.0,0.0
2023-11-27 00:00:00-05:00,24.891643251661247,25.156448619556855,24.664667995110296,25.014589309692383,137000,0.0,0.0
2023-11-28 00:00:00-05:00,24.96730363007573,25.033504526285675,24.59373936850346,24.65521240234375,130700,0.0,0.0
2023-11-29 00:00:00-05:00,24.787613015756822,25.146991869287376,24.69304134214893,24.986217498779297,148000,0.0,0.0
2023-11-30 00:00:00-05:00,24.99567647292415,25.18482163492115,24.560639173036662,24.711956024169922,161800,0.0,0.0
2023-12-01 00:00:00-05:00,24.607924752931563,25.421252308611926,24.475521166413223,25.232107162475586,193700,0.0,0.0
2023-12-04 00:00:00-05:00,25.024047618372062,25.903577955751253,24.853817511255375,25.7428035736084,147500,0.0,0.0
2023-12-05 00:00:00-05:00,25.56311461806316,25.582027870873667,24.853816228255138,24.90110206604004,167500,0.0,0.0
2023-12-06 00:00:00-05:00,25.26048028708658,25.78063354588245,24.85381737341745,24.948389053344727,171700,0.0,0.0
2023-12-07 00:00:00-05:00,25.05241686382585,25.827916084680663,25.05241686382585,25.818458557128906,133100,0.0,0.0
2023-12-08 00:00:00-05:00,25.818459707936906,26.25349697551405,25.563113668013624,25.667142868041992,120500,0.0,0.0
2023-12-11 00:00:00-05:00,25.544201323609034,25.544201323609034,25.09025075573699,25.241567611694336,131400,0.0,0.0
2023-12-12 00:00:00-05:00,25.326679758922246,25.388150982268744,24.976758454757764,25.26047706604004,195100,0.0,0.0
2023-12-13 00:00:00-05:00,25.19427798403562,26.641247334571368,25.061876196452673,26.376441955566406,301500,0.0,0.0
2023-12-14 00:00:00-05:00,26.953337208978063,27.698573440543033,26.953337208978063,27.42620277404785,249200,0.0,0.0
2023-12-15 00:00:00-05:00,27.577517571427272,28.192242399796243,27.397828164912426,27.766664505004883,932900,0.0,0.0
2023-12-18 00:00:00-05:00,27.974728477434887,28.939374722411042,27.91798511121249,28.324649810791016,380300,0.0,0.0
2023-12-19 00:00:00-05:00,28.646199942471686,29.071777915449893,28.37193701878067,28.608369827270508,187600,0.0,0.0
2023-12-20 00:00:00-05:00,28.334105528037632,29.317666829449006,28.230076323963072,28.523252487182617,175300,0.0,0.0
2023-12-21 00:00:00-05:00,28.797514459127225,29.194721617316535,28.57999492204713,29.09069061279297,119600,0.0,0.0
2023-12-22 00:00:00-05:00,29.317666511383386,29.762159515561002,29.081233716936744,29.223093032836914,118100,0.0,0.0
2023-12-26 00:00:00-05:00,29.402782560036776,29.620300298733852,29.242008187121744,29.42169761657715,104200,0.0,0.0
2023-12-27 00:00:00-05:00,29.393323653289944,29.49735465554412,29.07177492253975,29.156890869140625,101300,0.0,0.0
2023-12-28 00:00:00-05:00,29.062321234335386,29.37441247849144,28.840075614483144,28.977205276489258,90200,0.0,0.0
2023-12-29 00:00:00-05:00,28.873172811538776,28.939373703774546,28.315191285781523,28.334104537963867,98400,0.0,0.0
2024-01-02 00:00:00-05:00,28.08821626537006,28.892086310927088,27.946355147835018,28.17333221435547,290000,0.0,0.0
2024-01-03 00:00:00-05:00,27.89906835186869,27.89906835186869,27.161397420640636,27.24651336669922,128300,0.0,0.0
2024-01-04 00:00:00-05:00,27.369460444754452,27.416746281511298,26.872951943451362,27.057369232177734,119600,0.0,0.0
2024-01-05 00:00:00-05:00,26.88713749334993,27.23705701664192,26.63178964413314,26.71690559387207,182600,0.0,0.0
2024-01-08 00:00:00-05:00,26.537216280771997,26.94388097487143,26.44264280244949,26.934423446655273,143700,0.0,0.0
2024-01-09 00:00:00-05:00,26.471015223324997,26.471015223324997,25.544199109944476,25.563114166259766,113600,0.0,0.0
2024-01-10 00:00:00-05:00,25.364509204297075,25.364509204297075,24.9247440743746,25.288850784301758,125500,0.0,0.0
2024-01-11 00:00:00-05:00,25.20373794145332,25.20373794145332,24.522812077604705,24.957847595214844,159700,0.0,0.0
2024-01-12 00:00:00-05:00,25.43071066181989,25.534741668066438,24.593738357350357,24.645753860473633,82200,0.0,0.0
2024-01-16 00:00:00-05:00,24.44715094586562,24.62684037206893,24.163430514412124,24.210718154907227,118500,0.0,0.0
2024-01-17 00:00:00-05:00,23.747306941386842,23.955367120364684,23.075836966411277,23.586532592773438,135500,0.0,0.0
2024-01-18 00:00:00-05:00,23.718941100696032,23.88917302452216,23.47305074448488,23.794599533081055,101400,0.0,0.0
2024-01-19 00:00:00-05:00,23.860794960219,24.02156931762162,23.454130303033615,23.851337432861328,149000,0.0,0.0
2024-01-22 00:00:00-05:00,23.945913638766665,24.522810246631135,23.945913638766665,24.380950927734375,133600,0.0,0.0
2024-01-23 00:00:00-05:00,24.730872155649692,25.137536887172555,24.333664953213315,24.343122482299805,125100,0.0,0.0
2024-01-24 00:00:00-05:00,24.475524692783246,24.80653100101112,23.99320332814862,24.239091873168945,183500,0.0,0.0
2024-01-25 00:00:00-05:00,24.484981014434105,24.693043039890238,24.116146411255208,24.570096969604492,262200,0.0,0.0
2024-01-26 00:00:00-05:00,24.853816228255138,24.920017122689632,24.42823647283469,24.90110206604004,123400,0.0,0.0
2024-01-29 00:00:00-05:00,24.806529714329383,25.061877579189698,24.55591151576602,24.929475784301758,134200,0.0,0.0
2024-01-30 00:00:00-05:00,24.73087128813068,25.014591739255195,24.55118184946907,24.929475784301758,133400,0.0,0.0
2024-01-31 00:00:00-05:00,24.81598831359495,24.91056180138283,23.955373002019826,24.00265884399414,242100,0.0,0.0
2024-02-01 00:00:00-05:00,24.23909016408807,24.740328355710574,24.116145900246618,24.65521240234375,157100,0.0,0.0
2024-02-02 00:00:00-05:00,24.191802997965667,24.191802997965667,23.700022361898792,23.81351089477539,232900,0.0,0.0
2024-02-05 00:00:00-05:00,23.283902707279406,23.84188245022584,23.20824428418166,23.785139083862305,225400,0.0,0.0
2024-02-06 00:00:00-05:00,23.794595445004003,24.12560170625904,23.747309609327143,23.91754150390625,165500,0.0,0.0
2024-02-07 00:00:00-05:00,23.898629630882795,24.09723233178202,23.733125576294196,24.00265884399414,108800,0.0,0.0
2024-02-08 00:00:00-05:00,23.898629839535047,24.248549402414227,23.685839941114324,24.239091873168945,126700,0.0,0.0
2024-02-09 00:00:00-05:00,24.248546442730003,24.617382822920263,23.91754197874252,24.58901023864746,132600,0.0,0.0
2024-02-12 00:00:00-05:00,24.589012408481146,25.742803879804686,24.589012408481146,25.421255111694336,140200,0.0,0.0
2024-02-13 00:00:00-05:00,24.54172543971048,24.74978565499115,24.07831556285592,24.418779373168945,200300,0.0,0.0
2024-02-14 00:00:00-05:00,24.494437233311846,24.89164440158562,24.335555087537966,24.86327362060547,127000,0.0,0.0
2024-02-15 00:00:00-05:00,25.08079091446532,26.25349734193806,25.08079091446532,25.9224910736084,188300,0.0,0.0
2024-02-16 00:00:00-05:00,26.792562726544283,27.67209296230956,26.310239635839487,27.40728759765625,241600,0.0,0.0
2024-02-20 00:00:00-05:00,26.858766775243314,27.293804082344092,25.86574969773632,26.121097564697266,393400,0.0,0.0
2024-02-21 00:00:00-05:00,25.950864818883012,26.608147718974895,25.643501455146648,25.771175384521484,248000,0.0,0.0
2024-02-22 00:00:00-05:00,25.657686549460525,26.58450449230182,25.638773296461434,26.29132652282715,187500,0.0,0.0
2024-02-23 00:00:00-05:00,26.21566931292531,26.57504819413142,26.026524147304528,26.5183048248291,195500,0.0,0.0
2024-02-26 00:00:00-05:00,26.329155378076532,26.371713352008815,25.487455231236957,25.648229598999023,268400,0.0,0.0
2024-02-27 00:00:00-05:00,25.93194909748178,26.37644210389491,25.752259667723674,26.017065048217773,191900,0.0,0.0
2024-02-28 00:00:00-05:00,25.771175609935415,26.1116394245796,25.629316288446716,26.00760841369629,224700,0.0,0.0
2024-02-29 00:00:00-05:00,26.499387500497548,26.565588392994304,25.809004187547014,26.461557388305664,169700,0.0,0.0
2024-03-01 00:00:00-05:00,26.442532700476505,26.547162010408858,25.84805128352143,25.938413619995117,103300,0.16,0.0
2024-03-04 00:00:00-05:00,25.957437805553624,26.47106881323469,25.94792588505039,26.157182693481445,141700,0.0,0.0
2024-03-05 00:00:00-05:00,25.938416275542185,26.04304378197288,25.20601465945985,25.215526580810547,116400,0.0,0.0
2024-03-06 00:00:00-05:00,25.576968656078677,25.576968656078677,25.001511062923154,25.272594451904297,173900,0.0,0.0
2024-03-07 00:00:00-05:00,25.605505069821813,25.96694899292587,25.57696930712409,25.63404083251953,85400,0.0,0.0
2024-03-08 00:00:00-05:00,25.700622276497988,26.06206619695664,25.510387488332345,25.56745719909668,93100,0.0,0.0
2024-03-11 00:00:00-04:00,25.348686956746032,25.824272084693284,25.348686956746032,25.767202377319336,78100,0.0,0.0
2024-03-12 00:00:00-04:00,25.767201895966256,25.785273274181993,25.386734163558568,25.472339630126953,162300,0.0,0.0
2024-03-13 00:00:00-04:00,25.45331834647885,26.01450898847602,25.45331834647885,25.87183380126953,122900,0.0,0.0
2024-03-14 00:00:00-04:00,25.69110881055048,25.69110881055048,24.368982736376246,24.644821166992188,146500,0.0,0.0
2024-03-15 00:00:00-04:00,24.625797903785074,25.405757241056453,24.625797903785074,24.977731704711914,268200,0.0,0.0
2024-03-18 00:00:00-04:00,24.977732614836885,24.977732614836885,24.340448433126006,24.359472274780273,134500,0.0,0.0
2024-03-19 00:00:00-04:00,24.292892608243232,24.7209181948067,24.292892608243232,24.41654396057129,136400,0.0,0.0
2024-03-20 00:00:00-04:00,24.207281919939067,25.8860967149452,24.207281919939067,25.757688522338867,142600,0.0,0.0
2024-03-21 00:00:00-04:00,25.94792541505422,26.13815837903311,25.491362310235615,25.862319946289062,141600,0.0,0.0
2024-03-22 00:00:00-04:00,25.96694860995601,25.96694860995601,25.434293746948242,25.434293746948242,60800,0.0,0.0
2024-03-25 00:00:00-04:00,25.60550465059821,25.75388734861283,25.367712074650683,25.386735916137695,74300,0.0,0.0
2024-03-26 00:00:00-04:00,25.615014068424788,25.672083773096002,25.063335418701172,25.063335418701172,59500,0.0,0.0
2024-03-27 00:00:00-04:00,25.32966932388689,26.242793936720588,25.16797026818789,26.20474624633789,103100,0.0,0.0
2024-03-28 00:00:00-04:00,26.356929299611146,27.289077613347505,26.318883429331358,27.203472137451172,222400,0.0,0.0
2024-04-01 00:00:00-04:00,27.136890272470364,27.469798437881032,25.776716405060725,25.87183380126953,154000,0.0,0.0
2024-04-02 00:00:00-04:00,25.662573644124542,26.566186133173808,25.595992014992913,26.100112915039062,229300,0.0,0.0
2024-04-03 00:00:00-04:00,26.090603343736557,26.404489490914376,25.93936687868418,26.394977569580078,107900,0.0,0.0
2024-04-04 00:00:00-04:00,26.67081587605075,27.05128363025841,26.22376467742006,26.3474178314209,130700,0.0,0.0
2024-04-05 00:00:00-04:00,26.252301590638837,27.127378370800578,26.128648431215055,27.0607967376709,289600,0.0,0.0
2024-04-08 00:00:00-04:00,27.24151702024562,27.27480783586371,26.613744762571102,26.62325668334961,89000,0.0,0.0
2024-04-09 00:00:00-04:00,26.67081858315301,28.13562003908397,26.566189259795962,28.107084274291992,114000,0.0,0.0
2024-04-10 00:00:00-04:00,27.374680652763747,27.526867748764403,26.499603943653337,26.927629470825195,111700,0.0,0.0
2024-04-11 00:00:00-04:00,26.927632767583003,27.00467878699307,26.39497786636762,26.60423469543457,119400,0.0,0.0
2024-04-12 00:00:00-04:00,26.452048725649433,26.509120256766995,25.957441488792387,26.119138717651367,73800,0.0,0.0
2024-04-15 00:00:00-04:00,26.01451067578613,26.214255587988053,25.58648327219122,25.719648361206055,72400,0.0,0.0
2024-04-16 00:00:00-04:00,25.367712450752286,25.985972794539506,25.28210697700492,25.65306282043457,186700,0.0,0.0
2024-04-17 00:00:00-04:00,25.814761464315218,25.900366936793397,25.32966439167666,25.386735916137695,86200,0.0,0.0
2024-04-18 00:00:00-04:00,25.462829684360713,25.947926761123632,25.367712290330328,25.52941131591797,92100,0.0,0.0
2024-04-19 00:00:00-04:00,25.443806307486394,25.976461183887658,25.443806307486394,25.795740127563477,120300,0.0,0.0
2024-04-22 00:00:00-04:00,25.32015400109822,25.586480522075167,25.110895375515355,25.253570556640625,129200,0.0,0.0
2024-04-23 00:00:00-04:00,25.24405772202631,25.957435364769452,25.23454580241749,25.843294143676758,107300,0.0,0.0
2024-04-24 00:00:00-04:00,25.529410963412563,25.832834520931048,25.11089552398568,25.339176177978516,90000,0.0,0.0
2024-04-25 00:00:00-04:00,25.225035575180446,25.225035575180446,24.502145964329127,24.63530921936035,85500,0.0,0.0
2024-04-26 00:00:00-04:00,24.625797506251285,25.03480100924553,24.625797506251285,24.739938735961914,78900,0.0,0.0
2024-04-29 00:00:00-04:00,24.82554647490324,25.14894453874149,24.725674023656758,24.96822166442871,125600,0.0,0.0
2024-04-30 00:00:00-04:00,24.79701113229757,24.79701113229757,23.99802788033424,24.02656364440918,119700,0.0,0.0
2024-05-01 00:00:00-04:00,23.998026367210805,24.79700956879665,23.998026367210805,24.264354705810547,92100,0.0,0.0
2024-05-02 00:00:00-04:00,24.464098059100685,24.559215446485396,24.026560617029585,24.492633819580078,89800,0.0,0.0
2024-05-03 00:00:00-04:00,22.675898561106802,23.398788157844983,20.499620960528528,21.049396514892578,378300,0.0,0.0
2024-05-06 00:00:00-04:00,21.29670269828358,22.647364613457796,21.29670269828358,22.076662063598633,230200,0.0,0.0
2024-05-07 00:00:00-04:00,22.190802515807352,23.15148471440706,22.095685125153388,22.732969284057617,162800,0.0,0.0
2024-05-08 00:00:00-04:00,22.59980643045863,23.303672231163688,22.495177117443905,22.942228317260742,107000,0.0,0.0
2024-05-09 00:00:00-04:00,23.09441412746701,23.646092795224806,22.942227033893364,23.351228713989258,148800,0.0,0.0
2024-05-10 00:00:00-04:00,23.31318337492732,23.693651117465677,23.026880559593558,23.665115356445312,125000,0.0,0.0
2024-05-13 00:00:00-04:00,23.923596721114283,24.076768864371,23.531092875774437,23.971464157104492,127500,0.16,0.0
2024-05-14 00:00:00-04:00,24.277808443617936,24.363968002444338,23.818290187891794,23.971464157104492,96600,0.0,0.0
2024-05-15 00:00:00-04:00,24.2490863708635,24.29695197771744,23.933168618142258,24.000181198120117,72400,0.0,0.0
2024-05-16 00:00:00-04:00,23.894876074193217,23.937955853272292,23.377920551200248,23.76085090637207,97900,0.0,0.0
2024-05-17 00:00:00-04:00,23.914021527518607,24.07676714636057,23.67468984251312,23.789569854736328,68500,0.0,0.0
2024-05-20 00:00:00-04:00,23.703411803406027,23.77042438729913,23.397067519348433,23.406641006469727,94500,0.0,0.0
2024-05-21 00:00:00-04:00,23.291759961992504,23.291759961992504,22.324859716762674,22.430166244506836,109800,0.0,0.0
2024-05-22 00:00:00-04:00,22.315287325638455,22.688646021445244,22.166902839393114,22.516326904296875,114100,0.0,0.0
2024-05-23 00:00:00-04:00,22.68864582579307,22.68864582579307,21.635585983599693,21.95150375366211,122200,0.0,0.0
2024-05-24 00:00:00-04:00,22.171686655369545,22.384213303747167,21.980220581278708,22.056808471679688,82100,0.0,0.0
2024-05-28 00:00:00-04:00,22.18125972128793,22.461755743337882,21.616436821975935,21.77918243408203,108300,0.0,0.0
2024-05-29 00:00:00-04:00,21.578144766702046,21.673875976257932,21.233506569242355,21.38667869567871,115800,0.0,0.0
2024-05-30 00:00:00-04:00,21.501557713057334,22.171687161723792,21.401038843544118,22.0472354888916,104800,0.0,0.0
2024-05-31 00:00:00-04:00,22.17168523057982,22.889680223347185,22.0118118541487,22.688642501831055,157900,0.0,0.0
2024-06-03 00:00:00-04:00,22.927974993562046,23.224745756682147,22.679069834638305,22.851388931274414,225000,0.0,0.0
2024-06-04 00:00:00-04:00,22.822667863162337,22.880106951853847,22.4569691059713,22.75565528869629,150300,0.0,0.0
2024-06-05 00:00:00-04:00,22.774801861016993,23.023705182968985,22.44931065421125,22.7269344329834,133100,0.0,0.0
2024-06-06 00:00:00-04:00,22.602483168215123,23.07157301543316,22.444523391868834,22.75565528869629,134900,0.0,0.0
2024-06-07 00:00:00-04:00,22.497179236070043,22.975842624071532,22.458885288571082,22.564191818237305,119300,0.0,0.0
2024-06-10 00:00:00-04:00,22.267420442026133,22.8992559514579,22.267420442026133,22.717363357543945,142200,0.0,0.0
2024-06-11 00:00:00-04:00,22.60248547525597,23.24389447997301,22.50675243369482,23.138587951660156,147500,0.0,0.0
2024-06-12 00:00:00-04:00,23.92359265964062,24.507562497889637,23.49279676460018,23.51194190979004,152000,0.0,0.0
2024-06-13 00:00:00-04:00,23.282185892465044,23.282185892465044,22.42059219654782,22.93754768371582,124700,0.0,0.0
2024-06-14 00:00:00-04:00,22.688644896051777,22.870535665392115,21.79833071891687,21.932355880737305,120100,0.0,0.0
2024-06-17 00:00:00-04:00,21.77918198159924,22.181259260451608,21.587715915114973,22.14296531677246,92200,0.0,0.0
2024-06-18 00:00:00-04:00,22.075956737359203,22.420594989033127,21.721746823988617,22.104677200317383,114900,0.0,0.0
2024-06-20 00:00:00-04:00,21.941930571124853,22.382300027524614,21.941930571124853,22.229127883911133,71900,0.0,0.0
2024-06-21 00:00:00-04:00,22.133393712297696,22.3535784111376,21.721742946493517,21.75046157836914,614800,0.0,0.0
2024-06-24 00:00:00-04:00,21.941927984153807,22.382297388633656,21.941927984153807,22.17168617248535,131200,0.0,0.0
2024-06-25 00:00:00-04:00,21.941928238533194,22.162112943325788,21.434544425529758,21.5972900390625,116300,0.0,0.0
2024-06-26 00:00:00-04:00,21.40582678189425,21.750463171332438,21.185640240972553,21.721744537353516,113700,0.0,0.0
2024-06-27 00:00:00-04:00,21.865344902701924,21.865344902701924,21.25265631694479,21.654733657836914,124100,0.0,0.0
2024-06-28 00:00:00-04:00,21.951502350000688,22.12382145464436,21.616437627188645,21.94192886352539,293700,0.0,0.0
2024-07-01 00:00:00-04:00,21.999367704778713,22.095100742480792,20.869721876996994,21.12820053100586,136700,0.0,0.0
2024-07-02 00:00:00-04:00,21.26222488751786,21.300518831538938,20.89844154909638,21.214359283447266,83200,0.0,0.0
2024-07-03 00:00:00-04:00,21.31009090643961,21.530275592113433,21.166492277780836,21.204784393310547,46600,0.0,0.0
2024-07-05 00:00:00-04:00,21.051613575346845,21.089907519189797,20.33361856189318,20.36233901977539,139300,0.0,0.0
2024-07-08 00:00:00-04:00,20.58252716064453,20.99417799601039,20.414995693207754,20.58252716064453,125800,0.0,0.0
2024-07-09 00:00:00-04:00,20.448500383395455,20.448500383395455,19.969836998585304,20.008129119873047,88000,0.0,0.0
2024-07-10 00:00:00-04:00,20.20916918978761,20.764418656833662,19.979410978522615,20.745271682739258,111800,0.0,0.0
2024-07-11 00:00:00-04:00,20.821856992811757,22.372727144662463,20.821856992811757,22.18126106262207,158300,0.0,0.0
2024-07-12 00:00:00-04:00,22.554618331362565,22.73651093007079,22.075954943361076,22.564191818237305,115600,0.0,0.0
2024-07-15 00:00:00-04:00,22.62163339023075,23.31090991302925,22.458887747454003,22.908832550048828,113200,0.0,0.0
2024-07-16 00:00:00-04:00,23.205599202330482,24.287379405815933,23.076359877527047,23.981033325195312,132200,0.0,0.0
2024-07-17 00:00:00-04:00,23.885302219046032,25.551050480503473,23.885302219046032,25.474464416503906,194700,0.0,0.0
2024-07-18 00:00:00-04:00,25.407451651654657,26.479656539753154,25.09153208578252,25.51275634765625,163900,0.0,0.0
2024-07-19 00:00:00-04:00,25.340436889156685,26.546668740632196,24.50756368934753,24.98622703552246,149100,0.0,0.0
2024-07-22 00:00:00-04:00,25.10110565524574,25.60848946841258,24.800505857401387,25.369157791137695,161700,0.0,0.0
2024-07-23 00:00:00-04:00,25.21598629520313,26.029714383505826,25.177692349421434,25.819101333618164,128400,0.0,0.0
2024-07-24 00:00:00-04:00,25.685075709842373,26.15416558143254,24.89049460882951,24.9383602142334,117100,0.0,0.0
2024-07-25 00:00:00-04:00,24.93836173254469,26.288192337820508,24.909643097936215,25.905261993408203,119800,0.0,0.0
2024-07-26 00:00:00-04:00,26.202035612257028,26.470085950640968,25.88611783776454,26.383926391601562,110200,0.0,0.0
2024-07-29 00:00:00-04:00,26.47008493769606,26.63283056232529,26.05843413269532,26.15416717529297,125800,0.0,0.0
2024-07-30 00:00:00-04:00,26.173316025068917,27.12106938021178,26.154169049985775,26.651979446411133,158800,0.0,0.0
2024-07-31 00:00:00-04:00,26.690270571312695,27.21680141064895,26.245115286011025,26.776430130004883,158900,0.0,0.0
2024-08-01 00:00:00-04:00,26.651974809011072,26.939172081462132,25.282997370019203,25.598915100097656,146300,0.0,0.0
2024-08-02 00:00:00-04:00,26.61368481080258,27.293387801099747,25.493612360671303,26.096729278564453,217600,0.0,0.0
2024-08-05 00:00:00-04:00,24.77561602043627,26.489231816319517,23.406640272240956,26.297765731811523,294200,0.0,0.0
2024-08-06 00:00:00-04:00,26.230753749280293,27.331679195462907,26.120661387257627,27.245519638061523,311900,0.0,0.0
2024-08-07 00:00:00-04:00,27.647596547862115,27.7624765646537,26.45093807524773,26.613683700561523,135000,0.0,0.0
2024-08-08 00:00:00-04:00,27.235949703482298,27.379548366268764,26.686442833496606,26.929603576660156,142100,0.0,0.0
2024-08-09 00:00:00-04:00,26.80515159516416,27.030123987500936,26.288194223655662,26.651979446411133,97600,0.0,0.0
2024-08-12 00:00:00-04:00,26.39349748163607,26.92002827527209,26.010567157327213,26.64240264892578,193500,0.0,0.0
2024-08-13 00:00:00-04:00,26.81571726446489,26.950517408040763,26.103199333898665,26.69054412841797,139500,0.16,0.0
2024-08-14 00:00:00-04:00,26.883118010479947,27.094947075199578,26.04542692285755,27.07569122314453,218400,0.0,0.0
2024-08-15 00:00:00-04:00,27.74006566421822,28.31778348056882,27.210492070530186,28.019296646118164,166400,0.0,0.0
2024-08-16 00:00:00-04:00,27.836351937520437,28.64997000731106,27.68229409988569,28.51998519897461,236700,0.0,0.0
2024-08-19 00:00:00-04:00,28.2696409697769,28.442956497569345,27.87486752825602,28.31778335571289,138000,0.0,0.0
2024-08-20 00:00:00-04:00,28.182983453768447,28.23112584012788,27.48009432844054,27.88449478149414,110300,0.0,0.0
2024-08-21 00:00:00-04:00,28.009669059831797,28.28889821776092,27.947082485816114,28.09632682800293,88200,0.0,0.0
2024-08-22 00:00:00-04:00,28.009668414930616,28.356299479634234,28.009668414930616,28.173355102539062,73200,0.0,0.0
2024-08-23 00:00:00-04:00,28.39481358469454,29.43952030361921,28.1926133506207,29.18436050415039,151400,0.0,0.0
2024-08-26 00:00:00-04:00,29.51173309909422,29.723564008969348,28.924388265884748,28.93401527404785,84000,0.0,0.0
2024-08-27 00:00:00-04:00,28.895502478548575,29.242133549836645,28.779958175947755,28.789587020874023,83800,0.0,0.0
2024-08-28 00:00:00-04:00,28.558499545798007,28.876244074447932,28.500728314183753,28.70292854309082,115000,0.0,0.0
2024-08-29 00:00:00-04:00,28.462213639438485,29.049560324340074,28.16372679278175,28.789587020874023,101100,0.0,0.0
2024-08-30 00:00:00-04:00,28.86661581881612,28.89550235346988,28.30815567111071,28.46221351623535,93500,0.0,0.0
2024-09-03 00:00:00-04:00,27.83635130750237,28.028924518444448,26.757946468466628,26.815717697143555,106700,0.0,0.0
2024-09-04 00:00:00-04:00,26.767574864453294,26.86386147491825,26.3246590274346,26.594261169433594,107500,0.0,0.0
2024-09-05 00:00:00-04:00,26.69054613398137,26.83979047309352,26.38243044750475,26.623146057128906,110800,0.0,0.0
2024-09-06 00:00:00-04:00,26.48834452232426,26.58463112845642,25.862484337236612,25.987655639648438,147400,0.0,0.0
2024-09-09 00:00:00-04:00,25.94914275643822,26.555745268362816,25.73249834628147,26.536487579345703,125300,0.0,0.0
2024-09-10 00:00:00-04:00,26.46908769760813,26.46908769760813,25.832636314013197,26.401687622070312,99300,0.0,0.0
2024-09-11 00:00:00-04:00,26.247628448158586,26.247628448158586,25.66991065838083,26.16097068786621,88100,0.0,0.0
2024-09-12 00:00:00-04:00,26.237999182686853,26.517230147258775,25.69879677792717,25.804710388183594,107400,0.0,0.0
2024-09-13 00:00:00-04:00,26.276517121133537,26.825348423354843,26.093572741554976,26.42094612121582,145200,0.0,0.0
2024-09-16 00:00:00-04:00,26.825346278516363,26.883117506627265,26.26688617607304,26.78683090209961,114500,0.0,0.0
2024-09-17 00:00:00-04:00,27.03717366977893,28.240751560770715,26.878302343155354,27.508975982666016,118000,0.0,0.0
2024-09-18 00:00:00-04:00,27.470465639981715,28.072254655466214,26.940890204446752,27.354921340942383,194500,0.0,0.0
2024-09-19 00:00:00-04:00,28.077068067607325,28.163725832474547,27.552307974362186,28.048181533813477,88000,0.0,0.0
2024-09-20 00:00:00-04:00,27.749694887080558,27.84116799312939,27.19123475218113,27.287521362304688,648200,0.0,0.0
2024-09-23 00:00:00-04:00,27.595634287267156,27.749692113460824,27.239376252887112,27.499347686767578,90100,0.0,0.0
2024-09-24 00:00:00-04:00,27.73043749024182,28.616271006996133,27.648595064507873,28.3370418548584,128200,0.0,0.0
2024-09-25 00:00:00-04:00,28.548868760061605,28.58738413619533,27.870050866075566,28.07706642150879,124400,0.0,0.0
2024-09-26 00:00:00-04:00,28.491096730931417,29.415443693968655,28.14446570153537,29.21324348449707,129900,0.0,0.0
2024-09-27 00:00:00-04:00,29.521361591452763,30.04130817874356,28.81847246701682,29.434703826904297,160500,0.0,0.0
2024-09-30 00:00:00-04:00,29.242129660959225,29.579130005989352,29.11695653007877,29.25175666809082,140800,0.0,0.0
2024-10-01 00:00:00-04:00,29.059188484084608,29.376933013101834,28.89550179722638,29.097702026367188,83500,0.0,0.0
2024-10-02 00:00:00-04:00,29.155477167488247,29.656164271846176,28.982161623608224,29.588764190673828,114900,0.0,0.0
2024-10-03 00:00:00-04:00,29.271018825247168,30.513112297510588,29.208432250249583,30.031681060791016,153900,0.0,0.0
2024-10-04 00:00:00-04:00,30.51311098439976,30.850113202903685,30.397566684493086,30.81159782409668,100700,0.0,0.0
2024-10-07 00:00:00-04:00,30.657537682619363,30.80196666928495,30.089448743422412,30.2242488861084,92400,0.0,0.0
2024-10-08 00:00:00-04:00,29.80059247645828,29.903617256259317,28.59701445780511,29.502103805541992,167000,0.0,0.0
2024-10-09 00:00:00-04:00,29.51173526411765,30.26276867542625,29.43470633756147,29.588764190673828,98800,0.0,0.0
2024-10-10 00:00:00-04:00,29.251758813480897,29.935392070354382,28.94364314027594,29.51173210144043,123000,0.0,0.0
2024-10-11 00:00:00-04:00,29.665790201141146,29.810219194672587,29.155474301562435,29.540618896484375,97700,0.0,0.0
2024-10-14 00:00:00-04:00,29.434703374137268,29.434703374137268,28.65959884566222,29.37693214416504,93500,0.0,0.0
2024-10-15 00:00:00-04:00,29.116959458319627,29.36730390874309,28.741443700941595,28.90513038635254,135100,0.0,0.0
2024-10-16 00:00:00-04:00,29.251760194504335,29.550248873963767,29.0688176527233,29.29027557373047,69100,0.0,0.0
2024-10-17 00:00:00-04:00,29.05918724757799,29.540618442967915,28.8194339833577,29.482847213745117,90100,0.0,0.0
2024-10-18 00:00:00-04:00,29.482848108740132,29.482848108740132,28.943643831244813,28.972530364990234,59400,0.0,0.0
2024-10-21 00:00:00-04:00,29.059186920704466,29.059186920704466,28.202239990234375,28.202239990234375,96800,0.0,0.0
2024-10-22 00:00:00-04:00,28.231126884643274,28.30815580757693,27.73043796731732,28.163726806640625,71600,0.0,0.0
2024-10-23 00:00:00-04:00,27.971151519909856,28.24075364856839,27.845980218059193,28.06743812561035,83500,0.0,0.0
2024-10-24 00:00:00-04:00,28.07706913807281,28.09632682800293,27.509942474277306,28.09632682800293,151800,0.0,0.0
2024-10-25 00:00:00-04:00,28.182982996179003,28.279269603848842,27.63415171992949,27.826723098754883,86500,0.0,0.0
2024-10-28 00:00:00-04:00,27.923009324048405,28.41888286746332,27.499349358011262,27.93263816833496,142700,0.0,0.0
2024-10-29 00:00:00-04:00,27.63415324367037,27.826724633114104,27.23937978331917,27.306779861450195,97700,0.0,0.0
2024-10-30 00:00:00-04:00,27.258632455861555,28.182981261477046,27.258632455861555,27.460834503173828,122600,0.0,0.0
2024-10-31 00:00:00-04:00,27.489721853410124,27.720810454520823,27.2201215463049,27.316408157348633,125700,0.0,0.0
2024-11-01 00:00:00-04:00,29.848735661778804,30.262766805123192,27.446393064159643,27.874868392944336,239800,0.0,0.0
2024-11-04 00:00:00-05:00,27.64377878994051,29.336492177608992,27.64377878994051,28.683671951293945,187500,0.0,0.0
2024-11-05 00:00:00-05:00,28.4237012274354,28.625901469390882,27.561938855639703,28.539243698120117,189500,0.0,0.0
2024-11-06 00:00:00-05:00,29.877622776573524,30.81159870105404,29.299904933625882,30.532367706298828,223000,0.0,0.0
2024-11-07 00:00:00-05:00,30.52273791778718,30.811595894694246,29.84873352298505,29.954648971557617,144500,0.0,0.0
2024-11-08 00:00:00-05:00,29.858365463374376,30.214623549402514,29.425076616567814,29.86799430847168,113400,0.0,0.0
2024-11-11 00:00:00-05:00,29.97390510924504,30.16166481619185,29.425073845976257,29.916133880615234,133700,0.0,0.0
2024-11-12 00:00:00-05:00,29.80967118747471,30.10970492885063,29.05475210586987,29.1031436920166,95100,0.16,0.0
2024-11-13 00:00:00-05:00,29.480602933553556,29.703209027222563,29.141858141923755,29.335426330566406,108000,0.0,0.0
2024-11-14 00:00:00-05:00,29.432211068399482,29.432211068399482,28.445007223828622,28.812789916992188,94800,0.0,0.0
2024-11-15 00:00:00-05:00,29.064430338692578,29.2192856271701,28.386937067087924,28.69664764404297,91200,0.0,0.0
2024-11-18 00:00:00-05:00,28.6966485070972,28.909575919673095,28.454686880821473,28.754718780517578,91600,0.0,0.0
2024-11-19 00:00:00-05:00,28.338546812503495,28.338546812503495,27.903015139444545,28.15465545654297,83400,0.0,0.0
2024-11-20 00:00:00-05:00,28.377258395061705,28.987002709016345,27.95140542852425,28.948287963867188,146400,0.0,0.0
2024-11-21 00:00:00-05:00,29.083784757470255,30.254879908749146,28.938608160804762,30.129058837890625,159800,0.0,0.0
2024-11-22 00:00:00-05:00,30.332309000404237,30.854945142594424,29.93549208906814,30.661376953125,154800,0.0,0.0
2024-11-25 00:00:00-05:00,30.971085798014258,31.578891761838516,30.811390250778373,31.300153732299805,158300,0.0,0.0
2024-11-26 00:00:00-05:00,30.951728752897925,31.43565197359747,30.559752125584467,30.88397979736328,149100,0.0,0.0
2024-11-27 00:00:00-05:00,30.88398225440371,31.38242262065213,30.535556917053736,30.603307723999023,80000,0.0,0.0
2024-11-29 00:00:00-05:00,30.719446479393053,31.600188458067038,30.612982777856725,31.425975799560547,102800,0.0,0.0
2024-12-02 00:00:00-05:00,31.600190441861454,31.900220500981366,30.893661077339512,31.813114166259766,152200,0.0,0.0
2024-12-03 00:00:00-05:00,31.938933936191287,31.938933936191287,31.10658537015787,31.532440185546875,106400,0.0,0.0
2024-12-04 00:00:00-05:00,31.629222836096403,31.629222836096403,30.274238151535954,31.12594223022461,113100,0.0,0.0
2024-12-05 00:00:00-05:00,30.88398392899869,31.000124483732243,30.56459463445016,30.651700973510742,93600,0.0,0.0
2024-12-06 00:00:00-05:00,30.80655441834698,30.86946495854388,30.06131216069363,30.46780776977539,88100,0.0,0.0
2024-12-09 00:00:00-05:00,30.632342184709195,31.67761635915356,30.603307970376775,30.622663497924805,131800,0.0,0.0
2024-12-10 00:00:00-05:00,30.806553425895867,30.806553425895867,30.080668564921865,30.52587890625,90900,0.0,0.0
2024-12-11 00:00:00-05:00,30.53555475122777,30.821069527745063,30.148416540531592,30.400056838989258,153000,0.0,0.0
2024-12-12 00:00:00-05:00,30.264561931594713,30.52588094201765,30.02260029513365,30.158098220825195,87200,0.0,0.0
2024-12-13 00:00:00-05:00,29.887098439022612,29.96452608344933,29.490281530583104,29.954849243164062,89100,0.0,0.0
2024-12-16 00:00:00-05:00,29.635459396232402,29.741921251462163,29.26670939311879,29.480602264404297,86100,0.0,0.0
2024-12-17 00:00:00-05:00,29.23864111718629,29.412853778011023,28.64825602286105,29.132179260253906,118100,0.0,0.0
2024-12-18 00:00:00-05:00,29.27735856581193,29.64513944794322,27.699769478481805,27.796552658081055,170100,0.0,0.0
2024-12-19 00:00:00-05:00,28.06754854495682,28.527276002397322,27.302948922642198,27.361021041870117,134900,0.0,0.0
2024-12-20 00:00:00-05:00,27.041630415354984,27.796549467287836,26.86741775844106,27.14809226989746,552200,0.0,0.0
2024-12-23 00:00:00-05:00,26.96420368027523,27.186807928924317,26.693205999732424,26.954524993896484,122000,0.0,0.0
2024-12-24 00:00:00-05:00,27.051311973503054,27.56426946663293,26.654495033299607,27.525556564331055,67800,0.0,0.0
2024-12-26 00:00:00-05:00,27.215845231990482,27.660086434761514,27.215845231990482,27.602983474731445,80700,0.0,0.0
2024-12-27 00:00:00-05:00,27.554590475337488,27.946568990683385,27.090024576719166,27.254558563232422,77900,0.0,0.0
2024-12-30 00:00:00-05:00,27.148094423165926,27.380379214822042,26.644815630633016,27.099702835083008,87500,0.0,0.0
2024-12-31 00:00:00-05:00,27.17712721004851,27.75299516136125,27.119056942139625,27.573944091796875,109800,0.0,0.0
2025-01-02 00:00:00-05:00,27.69008942626648,28.115940564368096,26.645782577207356,26.760955810546875,127100,0.0,0.0
2025-01-03 00:00:00-05:00,27.022271202201303,27.094860419643414,26.40285010517174,26.712560653686523,93100,0.0,0.0
2025-01-06 00:00:00-05:00,26.97388298516951,27.544910726443767,26.94484692536748,27.06098747253418,138300,0.0,0.0
2025-01-07 00:00:00-05:00,26.98355931412334,27.477161245274587,26.402852897258985,26.586742401123047,177600,0.0,0.0
2025-01-08 00:00:00-05:00,26.3254252409064,26.431887099409206,25.793108564309655,26.335102081298828,121600,0.0,0.0
2025-01-10 00:00:00-05:00,26.209282944451296,26.209282944451296,25.318864097463173,25.647932052612305,113100,0.0,0.0
2025-01-13 00:00:00-05:00,25.75439590394052,28.251439795078717,25.75439590394052,28.04819107055664,264000,0.0,0.0
2025-01-14 00:00:00-05:00,28.212723531549752,29.112821021688386,28.183689319623085,29.074108123779297,181700,0.0,0.0
2025-01-15 00:00:00-05:00,29.86774506363882,29.86774506363882,29.19993042859651,29.722566604614258,109100,0.0,0.0
2025-01-16 00:00:00-05:00,29.848388978307632,30.09035062576731,29.45641044485544,29.867746353149414,101100,0.0,0.0
2025-01-17 00:00:00-05:00,30.254879889143716,30.65169678124853,30.09034592075729,30.564590454101562,110400,0.0,0.0
2025-01-21 00:00:00-05:00,30.787194784019256,31.300154062528183,30.4871629040713,30.88397979736328,135600,0.0,0.0
2025-01-22 00:00:00-05:00,30.58394840542314,30.95947330325926,29.95000831162396,30.100025177001953,134600,0.0,0.0
2025-01-23 00:00:00-05:00,29.945170059819343,30.767839921961205,29.867742416677796,30.73880386352539,93300,0.0,0.0
2025-01-24 00:00:00-05:00,30.680734508652897,30.7823579471813,30.254881535650146,30.61298370361328,116400,0.0,0.0
2025-01-27 00:00:00-05:00,30.96140954577863,31.52760071245748,30.79494093599672,31.271121978759766,125000,0.0,0.0
2025-01-28 00:00:00-05:00,31.08722740169861,31.396937974932772,30.72041387229863,30.80655288696289,91100,0.0,0.0
2025-01-29 00:00:00-05:00,30.64201952799248,31.048516971030953,30.554913196772905,30.84526824951172,82600,0.0,0.0
2025-01-30 00:00:00-05:00,30.903338047173524,31.2324059942794,29.870646411284905,30.187131881713867,120100,0.0,0.0
2025-01-31 00:00:00-05:00,30.00324090721255,30.554913105949606,29.829028245291237,30.27423858642578,152600,0.0,0.0
2025-02-03 00:00:00-05:00,29.72256320431969,29.795152425527686,28.696646497635474,29.55803108215332,165800,0.0,0.0
2025-02-04 00:00:00-05:00,29.43221102005379,30.10002560158072,29.34607200484419,30.00324058532715,91200,0.0,0.0
2025-02-05 00:00:00-05:00,29.799993300628874,29.799993300628874,29.28703401379105,29.412853240966797,87100,0.0,0.0
2025-02-06 00:00:00-05:00,29.664495961684363,29.97904682431906,29.08862793728353,29.316072463989258,72200,0.0,0.0
2025-02-07 00:00:00-05:00,29.31607138731917,29.31607138731917,28.299831454144165,28.36758041381836,96200,0.0,0.0
2025-02-10 00:00:00-05:00,29.103142221075203,29.103142221075203,28.37725738943806,28.50307846069336,99200,0.0,0.0
2025-02-11 00:00:00-05:00,28.657933856638156,29.248318933401094,28.58050621479938,29.074108123779297,92400,0.0,0.0
2025-02-12 00:00:00-05:00,28.677290271478117,28.899896363932626,28.386937067087924,28.69664764404297,88600,0.0,0.0
2025-02-13 00:00:00-05:00,28.94828721104271,28.94828721104271,28.532112941615505,28.77407455444336,77500,0.0,0.0
2025-02-14 00:00:00-05:00,29.08378842061797,29.44189246044915,28.638579888633018,28.73536491394043,67500,0.0,0.0
2025-02-18 00:00:00-05:00,28.783756663382178,29.63546267559083,28.783756663382178,29.441892623901367,138700,0.0,0.0
2025-02-19 00:00:00-05:00,28.98700169037901,29.558031239117845,28.770203186407727,29.257997512817383,127100,0.0,0.0
2025-02-20 00:00:00-05:00,29.25799926815212,29.858064910733418,28.299831454144165,28.36758041381836,147300,0.0,0.0
2025-02-21 00:00:00-05:00,28.87086018843146,30.032276693340783,27.27004277340343,28.812789916992188,196600,0.0,0.0
2025-02-24 00:00:00-05:00,29.083784263265862,29.403173508910978,27.632014629238867,27.777193069458008,266100,0.0,0.0
2025-02-25 00:00:00-05:00,27.854624162745193,28.445009298482624,27.767517826222807,27.941730499267578,236400,0.0,0.0
2025-02-26 00:00:00-05:00,27.87397683918812,27.9997979106363,27.409410989273123,27.632015228271484,142000,0.0,0.0
2025-02-27 00:00:00-05:00,27.293270872120484,27.767515415332728,26.480279699179324,26.780311584472656,326100,0.0,0.0
2025-02-28 00:00:00-05:00,26.819025294934267,27.099701662528954,26.606099732153268,27.022274017333984,175400,0.0,0.0
2025-03-03 00:00:00-05:00,26.857739099168192,27.544909195435395,25.88505422512306,25.9576416015625,238800,0.0,0.0
2025-03-04 00:00:00-05:00,25.647933540644846,25.70116539618687,24.8736570400903,24.989797592163086,196500,0.0,0.0
2025-03-05 00:00:00-05:00,25.134974013684563,25.84150339182878,25.052707943761774,25.60921859741211,184600,0.0,0.0
2025-03-06 00:00:00-05:00,25.44468536519879,26.131855493949754,25.44468536519879,25.851179122924805,127700,0.0,0.0
2025-03-07 00:00:00-05:00,25.851179546400616,25.98667931388298,25.309186014533342,25.435007095336914,102700,0.0,0.0
2025-03-10 00:00:00-04:00,25.17208691948261,25.327890788214802,23.828276230006693,24.188573837280273,176700,0.16,0.0
2025-03-11 00:00:00-04:00,24.188574253372256,24.412542086361398,23.57509488452364,23.818538665771484,150700,0.0,0.0
2025-03-12 00:00:00-04:00,23.876964448229952,23.876964448229952,22.981091336323704,23.107681274414062,180100,0.0,0.0
2025-03-13 00:00:00-04:00,22.990830448075954,23.55561992546277,22.601318926571732,22.942140579223633,129000,0.0,0.0
2025-03-14 00:00:00-04:00,23.15637078977115,23.497190563050367,23.00056693417823,23.419288635253906,104400,0.0,0.0
2025-03-17 00:00:00-04:00,23.25374961816133,23.76985111304566,23.156373589638243,23.467981338500977,140300,0.0,0.0
2025-03-18 00:00:00-04:00,23.175845509973602,23.536143096676085,22.40656418419641,22.85449981689453,228700,0.0,0.0
2025-03-19 00:00:00-04:00,22.883713627977595,23.107681443258535,22.49420398024368,22.97135353088379,161600,0.0,0.0
2025-03-20 00:00:00-04:00,22.669484073354667,23.05899372602498,22.601318258974896,22.69869613647461,143300,0.0,0.0
2025-03-21 00:00:00-04:00,22.328662780769246,22.51368056518598,21.88559519566263,22.406564712524414,377800,0.0,0.0
2025-03-24 00:00:00-04:00,22.796075262322866,22.796075262322866,22.25855135500363,22.45525360107422,149800,0.0,0.0
2025-03-25 00:00:00-04:00,22.357876271693343,22.464992131193277,21.978104562308015,22.02679443359375,178800,0.0,0.0
2025-03-26 00:00:00-04:00,22.085219204068814,22.270236990095693,21.86125138048966,22.231285095214844,118600,0.0,0.0
2025-03-27 00:00:00-04:00,22.12416991384166,22.55263148390649,21.91967803148965,22.45525360107422,144400,0.0,0.0
2025-03-28 00:00:00-04:00,22.34813727512306,22.34813727512306,21.763871896279813,21.97810173034668,168200,0.0,0.0
2025-03-31 00:00:00-04:00,21.754135719224166,22.21180934414898,21.598331852980458,22.056005477905273,122400,0.0,0.0
2025-04-01 00:00:00-04:00,21.656756213040303,21.918702673982317,21.315934584714366,21.841773986816406,114900,0.0,0.0
2025-04-02 00:00:00-04:00,21.559381050699795,21.95862871035507,21.471741139328763,21.94889259338379,174200,0.0,0.0
2025-04-03 00:00:00-04:00,20.936164752675566,20.99459073891009,20.186357476239483,20.225309371948242,238700,0.0,0.0
2025-04-04 00:00:00-04:00,19.329435734457753,19.865011286218802,18.706218419468538,19.826061248779297,365700,0.0,0.0
2025-04-07 00:00:00-04:00,18.891238434154655,20.303213211526874,18.21446496999189,18.706220626831055,443100,0.0,0.0
2025-04-08 00:00:00-04:00,19.436548679186032,19.611828481505214,17.956412047295267,18.19985580444336,281900,0.0,0.0
2025-04-09 00:00:00-04:00,18.151167017412288,20.960508364750957,18.00023306770009,20.556392669677734,314800,0.0,0.0
2025-04-10 00:00:00-04:00,19.962388419389693,19.962388419389693,19.154155206458764,19.60209083557129,199600,0.0,0.0
2025-04-11 00:00:00-04:00,19.40733843062015,20.14740774438871,19.15415667664707,19.952651977539062,186200,0.0,0.0
2025-04-14 00:00:00-04:00,20.332423594685498,20.332423594685498,19.5826181673103,20.011077880859375,195000,0.0,0.0
2025-04-15 00:00:00-04:00,19.855272451027197,20.132798188558187,19.621566664544705,19.738420486450195,160800,0.0,0.0
2025-04-16 00:00:00-04:00,19.436550201367176,19.738421821148503,19.144418412842438,19.417076110839844,154800,0.0,0.0
2025-04-17 00:00:00-04:00,19.193107361937965,19.942914675031247,19.173633270460133,19.426815032958984,196200,0.0,0.0
2025-04-21 00:00:00-04:00,19.232057282543455,19.55340297550294,19.0275654130822,19.504714965820312,182500,0.0,0.0
2025-04-22 00:00:00-04:00,19.845536486897128,20.488229786450127,19.782242440230306,20.42980194091797,186900,0.0,0.0
2025-04-23 00:00:00-04:00,20.94590182746635,21.325673507681373,20.002313925171467,20.15714454650879,169200,0.0,0.0
2025-04-24 00:00:00-04:00,20.069504957461234,20.79009829250058,19.772503261416738,20.692720413208008,145600,0.0,0.0
2025-04-25 00:00:00-04:00,20.400587862796144,20.624555676587132,20.210700169543614,20.546653747558594,165000,0.0,0.0
2025-04-28 00:00:00-04:00,20.54665288386867,20.87286661754795,20.14740528221394,20.459012985229492,319200,0.0,0.0
2025-04-29 00:00:00-04:00,20.322686501831093,20.989721903866087,20.322686501831093,20.887475967407227,171600,0.0,0.0
2025-04-30 00:00:00-04:00,20.56613122448449,20.91668900253386,19.991603758649937,20.85826301574707,197700,0.0,0.0
2025-05-01 00:00:00-04:00,20.78035928712373,21.10170497270488,20.639161462026195,20.74140739440918,202200,0.0,0.0
2025-05-02 00:00:00-04:00,22.572105873365896,23.67247085860462,21.905070486614925,22.143644332885742,566800,0.0,0.0
2025-05-05 00:00:00-04:00,21.578855985992313,22.328663255922002,21.335412211910874,21.99757957458496,270300,0.0,0.0
2025-05-06 00:00:00-04:00,21.793083863585704,22.44746153081525,21.58859200340674,22.07547950744629,452200,0.0,0.0
2025-05-07 00:00:00-04:00,22.2020731656957,22.67922463414619,21.890465408010375,22.172861099243164,305100,0.0,0.0
2025-05-08 00:00:00-04:00,22.47472838795439,22.697722966614595,21.914806983593497,22.659746170043945,250900,0.0,0.0
2025-05-09 00:00:00-04:00,22.65974635242868,22.776598320867894,22.328662679636647,22.503942489624023,135600,0.0,0.0
2025-05-12 00:00:00-04:00,23.750374037775263,24.276213482033665,23.448504277550217,23.57509422302246,215500,0.0,0.0
2025-05-13 00:00:00-04:00,23.849565083225784,23.849565083225784,23.344735181879404,23.43785858154297,171200,0.16,0.0
2025-05-14 00:00:00-04:00,23.428057703475197,23.428057703475197,22.75168228149414,22.75168228149414,203100,0.0,0.0
2025-05-15 00:00:00-04:00,22.63405113317718,22.849706207877187,22.545828177689685,22.771286010742188,154300,0.0,0.0
2025-05-16 00:00:00-04:00,22.820300230805916,23.104572749623774,22.585039634985446,23.01634979248047,159100,0.0,0.0
2025-05-19 00:00:00-04:00,23.516280507499975,24.32008805329104,23.369242861021018,23.918184280395508,306600,0.0,0.0
2025-05-20 00:00:00-04:00,23.898577297213283,23.99660301208496,23.64861350049125,23.99660301208496,237400,0.0,0.0
2025-05-21 00:00:00-04:00,23.761341097383678,23.908378726675327,23.339831855645368,23.594697952270508,230200,0.0,0.0
2025-05-22 00:00:00-04:00,23.545688226911412,23.545688226911412,23.07516702145058,23.133981704711914,162500,0.0,0.0
2025-05-23 00:00:00-04:00,22.7418805149011,22.85950988046554,22.467408879108984,22.59484100341797,122800,0.0,0.0
2025-05-27 00:00:00-04:00,22.957535829615082,23.535885513577092,22.91832479424169,23.48687171936035,145300,0.0,0.0
2025-05-28 00:00:00-04:00,23.47707018912487,23.495694121639126,23.197698113615896,23.36924171447754,132100,0.0,0.0
2025-05-29 00:00:00-04:00,23.52608311116666,23.611365057742272,23.219264046493183,23.54568862915039,110500,0.0,0.0
2025-05-30 00:00:00-04:00,23.447662972378524,23.526083174840586,22.884016481773923,23.045759201049805,136500,0.0,0.0
2025-06-02 00:00:00-04:00,23.18299306851723,23.18299306851723,22.781089314861326,23.03595542907715,121100,0.0,0.0
2025-06-03 00:00:00-04:00,22.99674436734222,23.526082112318193,22.88891776237991,23.36924171447754,119300,0.0,0.0
2025-06-04 00:00:00-04:00,23.398649548049193,23.643712898754973,23.251610041877736,23.290821075439453,123200,0.0,0.0
2025-06-05 00:00:00-04:00,23.163387096633905,23.40845044745167,22.986943054580504,23.124177932739258,131000,0.0,0.0
2025-06-06 00:00:00-04:00,23.61430621309743,23.61430621309743,23.241808847927704,23.398651123046875,116400,0.0,0.0
2025-06-09 00:00:00-04:00,23.712330177245224,24.12403667843064,23.565292541754356,23.937788009643555,132100,0.0,0.0
2025-06-10 00:00:00-04:00,24.133840441780965,24.574953366623216,24.094629406851848,24.114234924316406,157500,0.0,0.0
2025-06-11 00:00:00-04:00,24.271073605008944,24.388702962091916,24.011307060906205,24.320085525512695,138000,0.0,0.0
2025-06-12 00:00:00-04:00,23.986800253629294,24.163246166461313,23.85936813307561,23.99660301208496,124700,0.0,0.0
2025-06-13 00:00:00-04:00,23.712330651614238,23.947591247043047,23.388847099188997,23.516279220581055,107200,0.0,0.0
2025-06-16 00:00:00-04:00,23.908379864698478,24.075023017743753,23.69272478945135,23.79075050354004,130400,0.0,0.0
2025-06-17 00:00:00-04:00,23.663316871957527,23.869171061623476,23.320229671989306,23.34963607788086,96700,0.0,0.0
2025-06-18 00:00:00-04:00,23.21240165032087,23.643713685425393,23.21240165032087,23.26141357421875,103100,0.0,0.0
2025-06-20 00:00:00-04:00,23.37904599515893,23.37904599515893,22.88891925257566,22.957536697387695,483200,0.0,0.0
2025-06-23 00:00:00-04:00,22.89872053449207,23.236907291969956,22.6144461446847,23.202598571777344,227800,0.0,0.0
2025-06-24 00:00:00-04:00,23.330030680174865,23.565293146620867,23.212401316636885,23.36924171447754,95800,0.0,0.0
2025-06-25 00:00:00-04:00,23.27121568975945,23.27121568975945,22.98694317357546,23.143783569335938,96800,0.0,0.0
2025-06-26 00:00:00-04:00,23.300624593061066,23.428056716918945,23.06340269346396,23.428056716918945,107500,0.0,0.0
2025-06-27 00:00:00-04:00,23.38884796973188,23.927986620612582,23.38884796973188,23.673120498657227,301000,0.0,0.0
2025-06-30 00:00:00-04:00,23.65351469552705,23.65351469552705,23.08496777485033,23.28101921081543,148700,0.0,0.0
2025-07-01 00:00:00-04:00,23.19279537910765,24.7317929235773,23.124177940006707,24.310283660888672,207800,0.0,0.0
2025-07-02 00:00:00-04:00,24.359297231773944,24.653372502304425,24.0750228498675,24.604360580444336,173400,0.0,0.0
2025-07-03 00:00:00-04:00,24.594557932054705,24.79060935974121,24.476926701505807,24.79060935974121,90900,0.0,0.0
2025-07-07 00:00:00-04:00,24.329889115994423,24.66317542194106,23.888776207313278,23.957393646240234,164600,0.0,0.0
2025-07-08 00:00:00-04:00,24.124036331596482,25.025869517909012,24.124036331596482,24.378902435302734,170200,0.0,0.0
2025-07-09 00:00:00-04:00,24.427914446868073,24.457322721526182,23.727033126505248,24.231863021850586,234000,0.0,0.0
2025-07-10 00:00:00-04:00,24.271075217029367,24.271075217029367,23.05556118489289,23.075166702270508,310500,0.0,0.0
2025-07-11 00:00:00-04:00,22.849707563902303,22.872254096419578,22.173334024605136,22.673261642456055,243700,0.0,0.0
2025-07-14 00:00:00-04:00,22.653656005859375,22.810496395670544,22.384084833041808,22.653656005859375,196100,0.0,0.0
2025-07-15 00:00:00-04:00,22.653658670675377,22.712473356351875,21.938072204589844,21.938072204589844,222900,0.0,0.0
2025-07-16 00:00:00-04:00,21.987085281635537,22.01159124405885,21.428341111769683,21.46755027770996,213800,0.0,0.0
2025-07-17 00:00:00-04:00,21.398931603711162,21.889058302714794,21.398931603711162,21.75182342529297,232200,0.0,0.0
2025-07-18 00:00:00-04:00,21.9184663436881,21.92434650288269,21.418536891680628,21.545969009399414,173000,0.0,0.0
2025-07-21 00:00:00-04:00,21.830244415877768,21.87435589517895,21.41363558476992,21.55577278137207,264900,0.0,0.0
2025-07-22 00:00:00-04:00,21.565575074613765,22.266456414113513,21.53616679915269,21.810638427734375,446900,0.0,0.0
2025-07-23 00:00:00-04:00,22.173331525362403,22.338993084529058,21.643993820687378,22.22234344482422,275800,0.0,0.0
2025-07-24 00:00:00-04:00,21.889058772613925,21.889058772613925,21.251894424167997,21.496957778930664,262800,0.0,0.0
2025-07-25 00:00:00-04:00,21.516563296036082,21.536166943456482,21.085251268141985,21.496957778930664,198900,0.0,0.0
2025-07-28 00:00:00-04:00,21.47735301292424,21.47735301292424,20.9382143614658,20.948017120361328,199600,0.0,0.0
2025-07-29 00:00:00-04:00,21.095054986413732,21.095054986413732,20.791175066509805,20.82058334350586,226600,0.0,0.0
2025-07-30 00:00:00-04:00,20.83038540398195,20.83038540398195,19.97756409654574,20.016775131225586,208500,0.0,0.0
2025-07-31 00:00:00-04:00,19.771712043352178,19.946196662814543,19.52664868231394,19.722700119018555,231200,0.0,0.0
2025-08-01 00:00:00-04:00,19.78151443375554,19.78151443375554,18.173899413583303,18.811063766479492,404300,0.0,0.0
2025-08-04 00:00:00-04:00,18.81106514865685,19.036523004454732,18.526790736810263,18.546396255493164,304800,0.0,0.0
2025-08-05 00:00:00-04:00,18.722840730899453,18.98750960351809,18.242516778564713,18.291528701782227,280000,0.0,0.0
2025-08-06 00:00:00-04:00,18.291530054924056,18.448370464444622,17.63476013892474,17.67397117614746,238500,0.0,0.0
2025-08-07 00:00:00-04:00,17.93863632857844,18.144490513167355,17.82100696854332,18.026859283447266,232200,0.0,0.0
2025-08-08 00:00:00-04:00,18.026859750003922,18.157234755835653,17.654364274005452,17.77199363708496,183500,0.0,0.0
2025-08-11 00:00:00-04:00,17.84061386083788,18.281726799512185,17.615154142295786,17.928836822509766,298800,0.0,0.0
2025-08-12 00:00:00-04:00,17.998059871202567,18.85346190507846,17.770610437874907,18.729848861694336,358700,0.16,0.0
2025-08-13 00:00:00-04:00,18.86829314455668,19.847308132459954,18.73479084354462,19.817642211914062,273600,0.0,0.0
2025-08-14 00:00:00-04:00,19.629749721216648,19.629749721216648,19.164963516996657,19.471525192260742,232400,0.0,0.0
2025-08-15 00:00:00-04:00,19.59019358459076,19.59019358459076,19.135298513591568,19.21441078186035,282600,0.0,0.0
2025-08-18 00:00:00-04:00,19.204521368485292,20.244848725817377,19.155076908507695,19.837419509887695,202800,0.0,0.0
2025-08-19 00:00:00-04:00,19.81764325390335,20.24287052229563,19.81764325390335,20.134092330932617,225200,0.0,0.0
2025-08-20 00:00:00-04:00,20.13409185495257,20.381317926310295,19.778085708618164,19.778085708618164,215000,0.0,0.0
2025-08-21 00:00:00-04:00,19.63964031285798,19.64952958235695,19.46163723424708,19.51108169555664,203300,0.0,0.0
2025-08-22 00:00:00-04:00,19.639640822864177,20.870825671585763,19.639640822864177,20.668100357055664,242200,0.0,0.0
2025-08-25 00:00:00-04:00,20.6186549220128,20.6186549220128,20.321982501887607,20.41098403930664,196500,0.0,0.0
2025-08-26 00:00:00-04:00,20.371428776546143,20.628544118607806,20.282427239440747,20.35165023803711,204600,0.0,0.0
2025-08-27 00:00:00-04:00,20.153868927663808,20.62854442807536,20.153868927663808,20.588987350463867,158300,0.0,0.0
2025-08-28 00:00:00-04:00,20.707655767807672,20.954881833228825,20.302205171411796,20.846101760864258,175700,0.0,0.0
2025-08-29 00:00:00-04:00,20.885659949554775,21.231774950638343,20.885659949554775,21.221885681152344,206400,0.0,0.0
2025-09-02 00:00:00-04:00,20.964772615698678,20.964772615698678,20.282428097743914,20.776880264282227,240700,0.0,0.0
2025-09-03 00:00:00-04:00,21.03399521728393,21.03399521728393,20.39120779024315,20.480207443237305,201700,0.0,0.0
2025-09-04 00:00:00-04:00,20.391207287710543,20.846102355696765,20.144969576303478,20.806547164916992,195900,0.0,0.0
2025-09-05 00:00:00-04:00,20.86588013434578,21.57789051812093,20.717544873499104,20.95488166809082,196500,0.0,0.0
2025-09-08 00:00:00-04:00,20.984548901886654,21.033995249386976,20.371429282365014,20.99443817138672,162500,0.0,0.0
2025-09-09 00:00:00-04:00,20.885658873035517,20.969714830056052,20.391206741333008,20.391206741333008,177900,0.0,0.0
2025-09-10 00:00:00-04:00,20.272538041626035,20.623598613564855,20.272538041626035,20.41098403930664,160900,0.0,0.0
2025-09-11 00:00:00-04:00,20.381318962623094,21.607560112564904,20.381318962623094,21.577892303466797,276600,0.0,0.0
2025-09-12 00:00:00-04:00,21.45922471319011,21.52844771449309,21.192220091434052,21.231775283813477,211300,0.0,0.0
2025-09-15 00:00:00-04:00,21.231774498449386,21.488889841053552,20.826323889085,20.865880966186523,152200,0.0,0.0
2025-09-16 00:00:00-04:00,20.885660449465902,20.930161220125413,20.554376515403913,20.608766555786133,158800,0.0,0.0
2025-09-17 00:00:00-04:00,20.71754512837936,21.60360326023002,20.55932059670497,20.677988052368164,201100,0.0,0.0
2025-09-18 00:00:00-04:00,20.776878764335965,20.99443702287991,20.598875695443105,20.846101760864258,140600,0.0,0.0
2025-09-19 00:00:00-04:00,20.925214751507056,20.925214751507056,20.13409206921738,20.183536529541016,678200,0.0,0.0
2025-09-22 00:00:00-04:00,19.975867900564413,20.020368670149157,19.62480543553577,19.738529205322266,251700,0.0,0.0
2025-09-23 00:00:00-04:00,19.69897366077981,20.06486908038872,19.17485370463333,19.21441078186035,191000,0.0,0.0
2025-09-24 00:00:00-04:00,19.234189554554412,19.52097082319942,19.135298746468614,19.392414093017578,201700,0.0,0.0
2025-09-25 00:00:00-04:00,19.342967709967578,19.372635518193817,18.700180287881288,18.878183364868164,184600,0.0,0.0
2025-09-26 00:00:00-04:00,18.89796079703499,19.357801423594736,18.89796079703499,19.244075775146484,178300,0.0,0.0
2025-09-29 00:00:00-04:00,19.313301180217984,19.313301180217984,18.888072039948458,19.145187377929688,224800,0.0,0.0
2025-09-30 00:00:00-04:00,19.125409484365022,19.23913325354239,18.8633504460948,19.16496467590332,208200,0.0,0.0
2025-10-01 00:00:00-04:00,18.96718541173439,19.224300764697364,18.749625251281316,18.779293060302734,202400,0.0,0.0
2025-10-02 00:00:00-04:00,18.808960734189075,19.194632817769964,18.808960734189075,19.174854278564453,227600,0.0,0.0
2025-10-03 00:00:00-04:00,19.263855145456656,19.80775363748493,19.197599116237946,19.382524490356445,312500,0.0,0.0
2025-10-06 00:00:00-04:00,19.48141605998321,20.0352019567795,19.313302248396887,19.975868225097656,310400,0.0,0.0
2025-10-07 00:00:00-04:00,20.005534114671352,20.519764818222118,19.881921073597724,20.20331573486328,352200,0.0,0.0
2025-10-08 00:00:00-04:00,20.30220577794978,20.47031958290605,20.064868974397147,20.35165023803711,179600,0.0,0.0
2025-10-09 00:00:00-04:00,20.401095435792623,20.450541783853094,20.010479660134127,20.430763244628906,249400,0.0,0.0
2025-10-10 00:00:00-04:00,20.51976370666925,20.72248900760098,20.097501535967176,20.341760635375977,371200,0.0,0.0
2025-10-13 00:00:00-04:00,20.5593214566566,21.14277326274468,20.361539840698242,20.361539840698242,280200,0.0,0.0
2025-10-14 00:00:00-04:00,20.10442376345296,20.371428369433186,19.87697623370027,20.282426834106445,295300,0.0,0.0
2025-10-15 00:00:00-04:00,20.37142893208479,20.653266506341986,19.20452155773591,19.501192092895508,310700,0.0,0.0
2025-10-16 00:00:00-04:00,19.63963966427859,19.7632526996556,18.96718445003802,19.26385498046875,316300,0.0,0.0
2025-10-17 00:00:00-04:00,19.174854575406858,19.80775463648381,19.174854575406858,19.41219139099121,300100,0.0,0.0
2025-10-20 00:00:00-04:00,19.520970172463155,19.669305436554417,18.897961308805755,18.91773796081543,173500,0.0,0.0
2025-10-21 00:00:00-04:00,18.91773746319289,19.313300671944774,18.858403736354173,19.01662826538086,132200,0.0,0.0
2025-10-22 00:00:00-04:00,18.97707348348203,19.342967007389213,18.863349718690056,19.31330108642578,157500,0.0,0.0
2025-10-23 00:00:00-04:00,19.422079539761324,20.173647022159503,19.412190270576254,20.00553321838379,168500,0.0,0.0
2025-10-24 00:00:00-04:00,20.203315605232387,20.247816375180772,19.83742017608061,19.85719871520996,193900,0.0,0.0
2025-10-27 00:00:00-04:00,19.916531048557438,20.20034721796935,19.520969724659682,19.530858993530273,144400,0.0,0.0
2025-10-28 00:00:00-04:00,19.333078546914603,19.708863241773134,19.03640800776127,19.45174789428711,230300,0.0,0.0
2025-10-29 00:00:00-04:00,19.303413232333508,19.53086077858956,18.917739255871776,19.184743881225586,309000,0.0,0.0
2025-10-30 00:00:00-04:00,18.937517401500436,19.115520481366993,18.240339929479966,18.373842239379883,464900,0.0,0.0
2025-10-31 00:00:00-04:00,18.304619570243045,18.55184565538487,18.10189425587416,18.383731842041016,431900,0.0,0.0
2025-11-03 00:00:00-05:00,18.30461847961817,18.556788241516518,17.998058680439634,18.52217674255371,377600,0.0,0.0
2025-11-04 00:00:00-05:00,18.235396237788255,18.541956049677708,18.185949889944595,18.373842239379883,361800,0.0,0.0
2025-11-05 00:00:00-05:00,18.502399030345217,18.799071459796345,18.31450856649668,18.660625457763672,302800,0.0,0.0
2025-11-06 00:00:00-05:00,18.640845960074984,18.640845960074984,17.909057022953014,17.948612213134766,416800,0.0,0.0
2025-11-07 00:00:00-05:00,17.51349474440662,17.612385554448743,14.63578424376695,15.209348678588867,1152500,0.0,0.0
2025-11-10 00:00:00-05:00,15.328016310471755,16.4355899318596,15.271648608180785,16.06969451904297,735000,0.0,0.0
2025-11-11 00:00:00-05:00,16.27736473083496,16.6037049777787,16.079584992118427,16.27736473083496,454000,0.0,0.0
2025-11-12 00:00:00-05:00,16.287252999048015,16.544368341133985,15.960914658359137,15.990582466125488,410600,0.0,0.0
2025-11-13 00:00:00-05:00,15.990582512582026,16.47514539039539,15.906524666759111,16.02025032043457,330200,0.0,0.0
2025-11-14 00:00:00-05:00,15.941138045565243,16.08452773466174,15.486241089612676,15.535686492919922,353400,0.0,0.0
2025-11-17 00:00:00-05:00,15.506019886106689,15.515908212458525,14.24022168999288,14.260000228881836,336700,0.0,0.0
2025-11-18 00:00:00-05:00,14.270000457763672,14.510000228881836,14.100000381469727,14.300000190734863,510200,0.16,0.0
2025-11-19 00:00:00-05:00,14.369999885559082,14.710000038146973,14.199999809265137,14.369999885559082,403200,0.0,0.0
2025-11-20 00:00:00-05:00,14.609999656677246,14.720000267028809,14.270000457763672,14.380000114440918,360200,0.0,0.0
2025-11-21 00:00:00-05:00,14.430000305175781,15.149999618530273,14.390000343322754,14.720000267028809,466600,0.0,0.0
2025-11-24 00:00:00-05:00,14.5600004196167,14.727999687194824,14.380000114440918,14.640000343322754,558300,0.0,0.0
2025-11-25 00:00:00-05:00,14.800000190734863,15.329999923706055,14.6899995803833,15.170000076293945,433100,0.0,0.0
2025-11-26 00:00:00-05:00,15.0600004196167,15.329999923706055,15.0600004196167,15.09000015258789,485800,0.0,0.0
2025-11-28 00:00:00-05:00,15.100000381469727,15.454999923706055,15.050000190734863,15.390000343322754,315800,0.0,0.0
2025-12-01 00:00:00-05:00,15.25,15.651000022888184,15.229999542236328,15.279999732971191,466400,0.0,0.0
2025-12-02 00:00:00-05:00,15.470000267028809,15.475000381469727,15.050000190734863,15.350000381469727,435700,0.0,0.0
2025-12-03 00:00:00-05:00,15.350000381469727,16.0,15.335000038146973,15.859999656677246,479000,0.0,0.0
2025-12-04 00:00:00-05:00,15.800000190734863,15.960000038146973,15.609999656677246,15.729999542236328,440100,0.0,0.0
2025-12-05 00:00:00-05:00,15.720000267028809,16.135000228881836,15.609999656677246,16.020000457763672,451800,0.0,0.0
2025-12-08 00:00:00-05:00,15.9399995803833,16.049999237060547,15.199999809265137,15.319999694824219,827900,0.0,0.0
2025-12-09 00:00:00-05:00,15.460000038146973,15.970000267028809,15.364999771118164,15.949999809265137,762800,0.0,0.0
2025-12-10 00:00:00-05:00,15.90999984741211,16.860000610351562,15.84000015258789,16.729999542236328,829500,0.0,0.0
2025-12-11 00:00:00-05:00,16.700000762939453,17.290000915527344,16.530000686645508,16.700000762939453,595300,0.0,0.0
2025-12-12 00:00:00-05:00,16.8799991607666,16.8799991607666,16.125,16.299999237060547,374400,0.0,0.0
2025-12-15 00:00:00-05:00,16.329999923706055,16.399999618530273,15.795000076293945,15.970000267028809,545000,0.0,0.0
2025-12-16 00:00:00-05:00,15.90999984741211,16.40999984741211,15.6899995803833,16.06999969482422,506100,0.0,0.0
2025-12-17 00:00:00-05:00,16.0,16.60300064086914,15.960000038146973,16.350000381469727,509000,0.0,0.0
2025-12-18 00:00:00-05:00,16.3799991607666,16.579999923706055,16.15999984741211,16.420000076293945,521800,0.0,0.0
2025-12-19 00:00:00-05:00,16.290000915527344,16.6200008392334,16.125,16.559999465942383,5356300,0.0,0.0
2025-12-22 00:00:00-05:00,16.649999618530273,17.375,16.549999237060547,16.850000381469727,662600,0.0,0.0
2025-12-23 00:00:00-05:00,16.729999542236328,16.959999084472656,16.704999923706055,16.809999465942383,428700,0.0,0.0
2025-12-24 00:00:00-05:00,16.809999465942383,17.222999572753906,16.799999237060547,17.110000610351562,241500,0.0,0.0
2025-12-26 00:00:00-05:00,17.149999618530273,17.395000457763672,17.0049991607666,17.3799991607666,359500,0.0,0.0
2025-12-29 00:00:00-05:00,17.309999465942383,17.329999923706055,17.155000686645508,17.18000030517578,315000,0.0,0.0
2025-12-30 00:00:00-05:00,17.139999389648438,17.684999465942383,17.100000381469727,17.559999465942383,369700,0.0,0.0
2025-12-31 00:00:00-05:00,17.469999313354492,17.690000534057617,17.25,17.299999237060547,390100,0.0,0.0
2026-01-02 00:00:00-05:00,17.469999313354492,17.56999969482422,17.038000106811523,17.219999313354492,294400,0.0,0.0
2026-01-05 00:00:00-05:00,17.190000534057617,17.479999542236328,16.6299991607666,16.65999984741211,468200,0.0,0.0
2026-01-06 00:00:00-05:00,16.899999618530273,17.84000015258789,16.420000076293945,17.81999969482422,595700,0.0,0.0
2026-01-07 00:00:00-05:00,17.850000381469727,17.975000381469727,17.450000762939453,17.760000228881836,398400,0.0,0.0
2026-01-08 00:00:00-05:00,17.6200008392334,18.440000534057617,17.600000381469727,18.18000030517578,337300,0.0,0.0
2026-01-09 00:00:00-05:00,18.260000228881836,18.65999984741211,17.940000534057617,18.489999771118164,343300,0.0,0.0
2026-01-12 00:00:00-05:00,18.389999389648438,18.829999923706055,18.219999313354492,18.260000228881836,263000,0.0,0.0
2026-01-13 00:00:00-05:00,18.3799991607666,18.549999237060547,18.1299991607666,18.209999084472656,229300,0.0,0.0
2026-01-14 00:00:00-05:00,18.31999969482422,18.739999771118164,18.121999740600586,18.440000534057617,322900,0.0,0.0
2026-01-15 00:00:00-05:00,18.25,18.25,17.649999618530273,17.940000534057617,296700,0.0,0.0
2026-01-16 00:00:00-05:00,17.709999084472656,17.809999465942383,16.639999389648438,17.0,464300,0.0,0.0
2026-01-20 00:00:00-05:00,16.709999084472656,16.756000518798828,16.094999313354492,16.170000076293945,362500,0.0,0.0
2026-01-21 00:00:00-05:00,16.360000610351562,17.239999771118164,16.280000686645508,17.020000457763672,262800,0.0,0.0
2026-01-22 00:00:00-05:00,17.040000915527344,17.399999618530273,16.96500015258789,17.100000381469727,297400,0.0,0.0
2026-01-23 00:00:00-05:00,17.100000381469727,17.235000610351562,16.899999618530273,17.06999969482422,324000,0.0,0.0
2026-01-26 00:00:00-05:00,17.0,17.375,16.684999465942383,16.780000686645508,336000,0.0,0.0
2026-01-27 00:00:00-05:00,16.75,16.790000915527344,16.459999084472656,16.510000228881836,227400,0.0,0.0
2026-01-28 00:00:00-05:00,16.649999618530273,16.665000915527344,16.1299991607666,16.3700008392334,279900,0.0,0.0
2026-01-29 00:00:00-05:00,16.209999084472656,16.424999237060547,15.9399995803833,16.049999237060547,445200,0.0,0.0
2026-01-30 00:00:00-05:00,16.0,16.229999542236328,15.6899995803833,15.84000015258789,373300,0.0,0.0
2026-02-02 00:00:00-05:00,15.760000228881836,16.59000015258789,15.550000190734863,16.420000076293945,330800,0.0,0.0
2026-02-03 00:00:00-05:00,16.25,17.40999984741211,16.25,17.25,351600,0.0,0.0
2026-02-04 00:00:00-05:00,17.469999313354492,18.469999313354492,17.21500015258789,18.15999984741211,369700,0.0,0.0
2026-02-05 00:00:00-05:00,18.040000915527344,18.190000534057617,17.540000915527344,17.84000015258789,309500,0.0,0.0
2026-02-06 00:00:00-05:00,17.899999618530273,18.604999542236328,17.610000610351562,18.5,399000,0.0,0.0
2026-02-09 00:00:00-05:00,18.459999084472656,19.0,17.950000762939453,18.860000610351562,317500,0.0,0.0
2026-02-10 00:00:00-05:00,18.93000030517578,19.405000686645508,18.850000381469727,18.969999313354492,274200,0.0,0.0
2026-02-11 00:00:00-05:00,19.100000381469727,19.5,18.65999984741211,18.860000610351562,216900,0.0,0.0
