Date,Open,High,Low,Close,Volume,Dividends,Stock Splits
2022-01-03 00:00:00-05:00,52.464495721123384,54.54832605746351,52.40446795598337,54.11097717285156,30508500,0.0,0.0
2022-01-04 00:00:00-05:00,54.93420911080083,55.50876796241153,54.488289575743146,54.531166076660156,30303600,0.0,0.0
2022-01-05 00:00:00-05:00,54.96851634319318,55.23435917701615,53.83655961113103,53.89658737182617,25149100,0.0,0.0
2022-01-06 00:00:00-05:00,55.07142481798072,56.00614375652017,54.46256666570807,55.66313171386719,33334200,0.0,0.0
2022-01-07 00:00:00-05:00,55.89465895589419,57.06949534635613,55.89465895589419,56.409183502197266,26548200,0.0,0.0
2022-01-10 00:00:00-05:00,56.99232095997621,57.43824709306243,55.92896921132792,56.62357711791992,28693700,0.0,0.0
2022-01-11 00:00:00-05:00,56.92371139198996,57.695501528043984,56.74362811733318,57.549720764160156,23453000,0.0,0.0
2022-01-12 00:00:00-05:00,58.12427097536051,58.87033583671143,57.3867833770232,57.695499420166016,27976200,0.0,0.0
2022-01-13 00:00:00-05:00,57.909878012431,58.690245286475374,57.47252924848818,58.124263763427734,29222000,0.0,0.0
2022-01-14 00:00:00-05:00,56.049024105675414,57.523999457277725,55.80891305635139,57.39536666870117,35994400,0.0,0.0
2022-01-18 00:00:00-05:00,57.18955059120458,57.31817682028444,55.82605368014714,55.99756622314453,26353600,0.0,0.0
2022-01-19 00:00:00-05:00,56.306285875763834,56.306285875763834,54.85703587135861,55.08856964111328,22817100,0.0,0.0
2022-01-20 00:00:00-05:00,55.13144474272654,56.12619130157991,54.6254942006922,55.277225494384766,22794100,0.0,0.0
2022-01-21 00:00:00-05:00,54.87418794748443,55.268653742554136,53.81083299554542,54.25675582885742,28637900,0.0,0.0
2022-01-24 00:00:00-05:00,52.747469860521576,53.85370114435504,51.478306580112786,53.767948150634766,38601700,0.0,0.0
2022-01-25 00:00:00-05:00,53.14194720881909,55.27722770615601,52.4216108705117,54.977088928222656,34371100,0.0,0.0
2022-01-26 00:00:00-05:00,55.48303728018308,56.409185420545576,54.77127819121627,55.525917053222656,31803400,0.0,0.0
2022-01-27 00:00:00-05:00,55.92896153320291,56.469211326103135,54.79700491293489,55.011390686035156,24674000,0.0,0.0
2022-01-28 00:00:00-05:00,54.55688655183642,55.491608583659946,53.87943004555117,55.47446060180664,20953500,0.0,0.0
2022-01-31 00:00:00-05:00,54.891338710435484,55.954690381562266,54.53974287949852,55.84321212768555,23067400,0.0,0.0
2022-02-01 00:00:00-05:00,56.117619925120565,57.189548749836135,55.77460139270472,57.07806396484375,26868400,0.0,0.0
2022-02-02 00:00:00-05:00,56.897971611694345,57.28386985242292,56.237666439940945,56.79507064819336,18194200,0.0,0.0
2022-02-03 00:00:00-05:00,56.8208075642199,56.92370854886428,55.76602667387258,55.96326446533203,18219100,0.0,0.0
2022-02-04 00:00:00-05:00,56.213907560735926,57.61407181907867,56.041044112385165,57.11277770996094,23267900,0.51,0.0
2022-02-07 00:00:00-05:00,57.121429486471285,57.72644180811305,56.61149702952584,57.354793548583984,20081600,0.0,0.0
2022-02-08 00:00:00-05:00,57.959791563207496,58.74630549845675,57.5622154816992,58.011653900146484,23191000,0.0,0.0
2022-02-09 00:00:00-05:00,58.262292459347194,58.93644339434963,58.028928462421106,58.633934020996094,20902700,0.0,0.0
2022-02-10 00:00:00-05:00,58.729019172268885,59.247603006550555,58.09808561812948,58.340087890625,22522300,0.0,0.0
2022-02-11 00:00:00-05:00,58.124014654913346,59.73160874761553,57.56221988590366,58.0375862121582,27226700,0.0,0.0
2022-02-14 00:00:00-05:00,57.79557684455036,58.09807965411657,56.888061821785044,57.44121170043945,24544000,0.0,0.0
2022-02-15 00:00:00-05:00,58.0462192223171,58.322794139291396,57.5017076150389,57.907928466796875,15487600,0.0,0.0
2022-02-16 00:00:00-05:00,57.51035323514438,58.27957743973558,57.415279987919284,57.86471176147461,13067400,0.0,0.0
2022-02-17 00:00:00-05:00,57.32885231348749,57.59678241696356,55.49653931774011,55.928688049316406,23150000,0.0,0.0
2022-02-18 00:00:00-05:00,55.41011110200421,56.15340745068148,55.05574927263868,55.436038970947266,18114800,0.0,0.0
2022-02-22 00:00:00-05:00,54.51123566890668,55.6261800839958,54.51123566890668,55.2199592590332,19057000,0.0,0.0
2022-02-23 00:00:00-05:00,55.67804644857676,55.9719110437535,54.485318206436666,54.640892028808594,17563500,0.0,0.0
2022-02-24 00:00:00-05:00,52.2813572785236,52.77400659025874,50.44904420280811,52.436927795410156,46453500,0.0,0.0
2022-02-25 00:00:00-05:00,52.99008647292824,54.35567495178136,52.730794558090444,53.56916427612305,30518900,0.0,0.0
2022-02-28 00:00:00-05:00,51.797349764036035,52.220853695356865,50.47497563578254,51.19234085083008,48212900,0.0,0.0
2022-03-01 00:00:00-05:00,50.46633051436361,51.270127453395276,50.06010963417701,50.639190673828125,51389000,0.0,0.0
2022-03-02 00:00:00-05:00,49.23903122145309,51.73685054965712,48.340161001113664,51.477561950683594,60206500,0.0,0.0
2022-03-03 00:00:00-05:00,50.7774725736701,50.98490540168683,49.25631059066827,49.80081558227539,54027300,0.0,0.0
2022-03-04 00:00:00-05:00,48.322876153893745,48.97109931995226,47.70058085942685,48.91059875488281,54263000,0.0,0.0
2022-03-07 00:00:00-05:00,47.562283717220296,48.63401391800771,46.73255902456524,48.01171875,49710700,0.0,0.0
2022-03-08 00:00:00-05:00,48.88466850771233,49.51560529637118,47.328930347147086,47.42400360107422,43858100,0.0,0.0
2022-03-09 00:00:00-05:00,49.178531909719204,49.50696260482774,48.23644744841629,48.35744857788086,32757100,0.0,0.0
2022-03-10 00:00:00-05:00,47.553656476363834,47.856159331091774,46.62885826672832,47.432655334472656,31942500,0.0,0.0
2022-03-11 00:00:00-05:00,47.85614760604168,48.1327225188972,46.73256161043701,46.81034851074219,20550900,0.0,0.0
2022-03-14 00:00:00-04:00,47.277074307543856,47.76972362292997,46.52513639938085,46.870853424072266,25046000,0.0,0.0
2022-03-15 00:00:00-04:00,47.06964447440343,48.07222951527644,46.974571214978944,47.631439208984375,20747100,0.0,0.0
2022-03-16 00:00:00-04:00,48.41794346652502,49.731675984049375,48.374729253501364,49.09209442138672,31659800,0.0,0.0
2022-03-17 00:00:00-04:00,48.150014256423994,49.524247451056404,47.56229167651621,49.51560592651367,21432300,0.0,0.0
2022-03-18 00:00:00-04:00,49.21308969705233,49.80945697592653,49.03158804567007,49.56745147705078,30900500,0.0,0.0
2022-03-21 00:00:00-04:00,49.982331787540836,49.982331787540836,49.04888879702135,49.247676849365234,21661200,0.0,0.0
2022-03-22 00:00:00-04:00,49.97368417519154,50.3453323861827,49.53289387452229,49.69710922241211,23407400,0.0,0.0
2022-03-23 00:00:00-04:00,49.36866875544976,49.697102705192464,48.400656547665704,48.70315933227539,23070200,0.0,0.0
2022-03-24 00:00:00-04:00,48.92788288366419,48.953810754080465,48.57352103416384,48.76366424560547,16770200,0.0,0.0
2022-03-25 00:00:00-04:00,48.85874006261788,49.46374901465448,48.780953150255556,49.040245056152344,21206300,0.0,0.0
2022-03-28 00:00:00-04:00,48.57351414850945,48.642656225495905,47.30299592568346,48.33150863647461,25546300,0.0,0.0
2022-03-29 00:00:00-04:00,49.506959816843064,49.61067789085767,48.51301966861966,48.806880950927734,21463500,0.0,0.0
2022-03-30 00:00:00-04:00,48.409307837901956,48.789600897601524,47.14743411461495,47.510440826416016,32222400,0.0,0.0
2022-03-31 00:00:00-04:00,47.11285562174672,47.415361727197585,46.11891546763673,46.15348815917969,29202400,0.0,0.0
2022-04-01 00:00:00-04:00,46.21398975281675,46.44735048039262,44.74468329976499,45.22869110107422,40073100,0.0,0.0
2022-04-04 00:00:00-04:00,45.15955135908346,45.80777458433346,44.64961562333877,45.63491439819336,29296200,0.0,0.0
2022-04-05 00:00:00-04:00,44.995325783785425,45.35832912496442,44.44217265427022,44.58046340942383,23065500,0.0,0.0
2022-04-06 00:00:00-04:00,44.087820842538406,44.15696623580781,43.56060205551138,43.67295837402344,25196600,0.0,0.0
2022-04-07 00:00:00-04:00,43.69888268076229,43.74209689625064,42.385150088310105,43.24080276489258,28689900,0.0,0.0
2022-04-08 00:00:00-04:00,43.07659355031412,44.33846728532842,43.06795202480143,43.9754638671875,26853300,0.0,0.0
2022-04-11 00:00:00-04:00,43.897667975208954,45.15954145225187,43.54330615502476,43.69023513793945,20895700,0.0,0.0
2022-04-12 00:00:00-04:00,43.73344771841527,44.18288276819675,43.25808480133025,43.508731842041016,18755500,0.0,0.0
2022-04-13 00:00:00-04:00,42.59257937648858,43.3704484385727,42.523437291544035,43.344520568847656,21194200,0.0,0.0
2022-04-14 00:00:00-04:00,43.78531221714676,44.85704259229457,43.45687823648372,44.018672943115234,34043100,0.0,0.0
2022-04-18 00:00:00-04:00,43.94088082009907,45.98926477558986,43.889021788137825,45.21139907836914,28396300,0.0,0.0
2022-04-19 00:00:00-04:00,45.574409225870525,45.96334378115588,45.37562118584323,45.738624572753906,19996800,0.0,0.0
2022-04-20 00:00:00-04:00,46.15348360590173,46.654774395686346,45.712690074798914,45.89419174194336,20532800,0.0,0.0
2022-04-21 00:00:00-04:00,46.27449050867499,46.47327854476424,45.39290663317041,45.487979888916016,15952900,0.0,0.0
2022-04-22 00:00:00-04:00,45.32376875264246,45.4620562483418,44.226110313076575,44.27796936035156,23073900,0.0,0.0
2022-04-25 00:00:00-04:00,43.88902224295323,44.28660156471018,42.93829639304246,44.1915283203125,22079300,0.0,0.0
2022-04-26 00:00:00-04:00,43.672946703493935,44.5977446606227,43.405016618757315,43.413658142089844,18335800,0.0,0.0
2022-04-27 00:00:00-04:00,43.00743570178163,43.75073196787459,42.817292522269874,42.86914825439453,24707500,0.0,0.0
2022-04-28 00:00:00-04:00,43.13708922057572,43.24080400011714,42.359220131431535,43.23216247558594,20112100,0.0,0.0
2022-04-29 00:00:00-04:00,43.36313772870342,43.58143785889846,41.957284357288046,42.09699630737305,21844900,0.51,0.0
2022-05-02 00:00:00-04:00,42.31530729669404,42.66458892703843,41.72153052370646,42.533607482910156,25904000,0.0,0.0
2022-05-03 00:00:00-04:00,43.0749872537885,44.36732374377642,42.85668710350008,43.74734878540039,25374500,0.0,0.0
2022-05-04 00:00:00-04:00,43.80847475931077,45.7557151288724,43.694961073781755,45.607269287109375,26643600,0.0,0.0
2022-05-05 00:00:00-04:00,44.917438241687584,45.51994879526264,44.26253778327711,44.803924560546875,25756000,0.0,0.0
2022-05-06 00:00:00-04:00,44.74279785162255,45.406428807009945,44.16648561923495,45.07461166381836,25912900,0.0,0.0
2022-05-09 00:00:00-04:00,44.524495023089116,44.725330738651344,43.30201298897621,43.56397247314453,28888400,0.0,0.0
2022-05-10 00:00:00-04:00,44.13155306587772,44.26253113930191,41.616734750386485,42.56852340698242,31054700,0.0,0.0
2022-05-11 00:00:00-04:00,42.74316685533497,43.60763351964529,41.52941864461912,41.616737365722656,30179000,0.0,0.0
2022-05-12 00:00:00-04:00,41.26745721277739,41.3897080898443,39.64330696083814,40.656219482421875,36301500,0.0,0.0
2022-05-13 00:00:00-04:00,40.8745152088024,41.782641166244574,40.8745152088024,41.59926986694336,21739400,0.0,0.0
2022-05-16 00:00:00-04:00,41.55561753790496,41.974753434765375,41.040429040118944,41.442100524902344,16919100,0.0,0.0
2022-05-17 00:00:00-04:00,43.52031713346648,45.065882563089694,43.3980695849645,44.57688903808594,46643400,0.0,0.0
2022-05-18 00:00:00-04:00,44.297470308247114,44.58562813290157,42.79556406555515,43.06625747680664,32181600,0.0,0.0
2022-05-19 00:00:00-04:00,42.4899385296758,43.92198689534331,42.42881475779943,43.46792221069336,27279400,0.0,0.0
2022-05-20 00:00:00-04:00,43.88706134628515,44.29746670033765,42.35896027344659,43.44173049926758,29025500,0.0,0.0
2022-05-23 00:00:00-04:00,44.83884979385537,46.80355115771264,44.66421233742038,46.07879638671875,35166800,0.0,0.0
2022-05-24 00:00:00-04:00,45.816827075607584,46.288352770566,44.96109106424458,46.00019836425781,24344800,0.0,0.0
2022-05-25 00:00:00-04:00,45.89542213362321,46.384412310067894,45.423893036912325,46.017669677734375,23507900,0.0,0.0
2022-05-26 00:00:00-04:00,46.681308862507045,47.37113821849195,46.42807985876631,47.23142623901367,19140700,0.0,0.0
2022-05-27 00:00:00-04:00,47.15283540078973,47.15283540078973,46.31456357088144,46.82101821899414,19509300,0.0,0.0
2022-05-31 00:00:00-04:00,46.30583233544482,47.030590519711176,45.790643786085695,46.63764953613281,25805400,0.0,0.0
2022-06-01 00:00:00-04:00,46.71623974677225,46.92580939071398,45.170674032066,45.746986389160156,23902000,0.0,0.0
2022-06-02 00:00:00-04:00,45.755711176761885,45.843029901318445,45.057148056326085,45.78190612792969,17473600,0.0,0.0
2022-06-03 00:00:00-04:00,45.46755869076805,45.6945927306772,44.72533945251817,44.82139205932617,16550000,0.0,0.0
2022-06-06 00:00:00-04:00,45.231793216659284,45.904158120042936,44.85631666891262,44.88251495361328,18473200,0.0,0.0
2022-06-07 00:00:00-04:00,44.559427117534085,45.607268540545824,44.38478965619551,45.493751525878906,15528800,0.0,0.0
2022-06-08 00:00:00-04:00,45.144464283477426,45.502476337531306,44.585616524075796,44.8912353515625,13207700,0.0,0.0
2022-06-09 00:00:00-04:00,45.00475557326871,45.057145472600105,43.6250971536176,43.63383102416992,14272900,0.0,0.0
2022-06-10 00:00:00-04:00,42.54233487392374,42.917811403487214,41.363512049365426,41.660400390625,28910800,0.0,0.0
2022-06-13 00:00:00-04:00,40.743535713018105,41.04915455949235,39.64330453471521,39.89653015136719,30308400,0.0,0.0
2022-06-14 00:00:00-04:00,40.33312941405338,40.804658477859796,39.774281633688226,40.132293701171875,25223600,0.0,0.0
2022-06-15 00:00:00-04:00,40.57763323819871,42.07080547544138,40.56016882635426,41.5468864440918,30001500,0.0,0.0
2022-06-16 00:00:00-04:00,40.86578970751908,41.206337427674015,40.13230102910993,40.94437789916992,24744900,0.0,0.0
2022-06-17 00:00:00-04:00,41.14521113931264,41.29365697270893,40.158496864426176,40.62129211425781,35111400,0.0,0.0
2022-06-21 00:00:00-04:00,41.878700256347656,42.21051741924335,41.49449318893935,41.878700256347656,20289700,0.0,0.0
2022-06-22 00:00:00-04:00,41.328578176944035,41.90489033065803,40.98802720934436,41.21506118774414,19752800,0.0,0.0
2022-06-23 00:00:00-04:00,40.92690784477942,40.96183666536407,39.80921223403607,40.472843170166016,24137200,0.0,0.0
2022-06-24 00:00:00-04:00,39.783028356678514,42.14066777540413,39.75683006845057,41.79138946533203,27322600,0.0,0.0
2022-06-27 00:00:00-04:00,41.96601821511619,42.26290652533117,41.2587245943405,41.76518249511719,21198200,0.0,0.0
2022-06-28 00:00:00-04:00,42.26291153356653,42.88288317716115,40.988036090982575,41.22380065917969,21643600,0.0,0.0
2022-06-29 00:00:00-04:00,41.26746237127339,41.73899153448591,40.717348345188334,41.127750396728516,20981000,0.0,0.0
2022-06-30 00:00:00-04:00,40.35933259395498,40.78719902043495,39.52105749063445,40.15849685668945,21207900,0.0,0.0
2022-07-01 00:00:00-04:00,39.94019986245621,41.07536006018053,39.59091826423511,40.92691421508789,16539600,0.0,0.0
2022-07-05 00:00:00-04:00,39.896528704761344,40.73480369654472,39.23289780605313,40.69987487792969,19156800,0.0,0.0
2022-07-06 00:00:00-04:00,40.42919206618687,40.76100926751179,39.69570333909812,40.298213958740234,14952800,0.0,0.0
2022-07-07 00:00:00-04:00,40.96183704218373,41.30238471852766,40.699877547380375,40.97930145263672,15598900,0.0,0.0
2022-07-08 00:00:00-04:00,41.26745824905635,41.52942108978214,40.673684914799985,40.88325119018555,11789900,0.0,0.0
2022-07-11 00:00:00-04:00,40.53397709910492,40.86579431582603,40.24582258455498,40.3331413269043,12778200,0.0,0.0
2022-07-12 00:00:00-04:00,39.800490543326845,40.97931018668531,39.730632886625926,40.2807502746582,16966700,0.0,0.0
2022-07-13 00:00:00-04:00,39.90526592934787,39.975120241454405,38.99713655499259,39.73062515258789,21793600,0.0,0.0
2022-07-14 00:00:00-04:00,38.839963911168454,38.839963911168454,37.93183444978417,38.54307556152344,27337600,0.0,0.0
2022-07-15 00:00:00-04:00,41.040425640230694,44.201410682395185,40.3331319991874,43.64256286621094,86566200,0.0,0.0
2022-07-18 00:00:00-04:00,44.23633402113848,44.9698225217229,43.424257347955894,43.72114562988281,26042500,0.0,0.0
2022-07-19 00:00:00-04:00,44.428453776238285,45.76444981823307,44.384794406231244,45.519954681396484,28113600,0.0,0.0
2022-07-20 00:00:00-04:00,44.96983236351293,45.799373626708984,44.92617299829126,45.799373626708984,24546500,0.0,0.0
2022-07-21 00:00:00-04:00,45.50248352948492,45.956548238515374,45.2230596056194,45.9216194152832,18261900,0.0,0.0
2022-07-22 00:00:00-04:00,45.860487888783695,46.297088112403884,44.96109249404463,45.32783508300781,14903400,0.0,0.0
2022-07-25 00:00:00-04:00,45.78190713681821,46.41061262666678,45.46755439189393,45.546142578125,16794700,0.0,0.0
2022-07-26 00:00:00-04:00,45.20559826295477,46.104993870768524,44.74280298219565,44.88251495361328,18960800,0.0,0.0
2022-07-27 00:00:00-04:00,45.14446921655148,46.026400308666844,44.81265207402482,45.7120475769043,17087300,0.0,0.0
2022-07-28 00:00:00-04:00,45.485021729772825,46.035139068783394,44.8039262926143,45.607269287109375,12729200,0.0,0.0
2022-07-29 00:00:00-04:00,45.60726876688543,46.07462754884613,45.413269258671306,45.765995025634766,16783500,0.51,0.0
2022-08-01 00:00:00-04:00,45.40445091242652,46.03935255958919,45.09581503703605,45.783626556396484,13051800,0.0,0.0
2022-08-02 00:00:00-04:00,45.64253885121907,45.942354745290636,44.7342745385209,44.75191116333008,17378500,0.0,0.0
2022-08-03 00:00:00-04:00,45.184003803352915,45.66017925726512,44.822461374430084,45.51027297973633,13570600,0.0,0.0
2022-08-04 00:00:00-04:00,45.466183299453476,45.63372620400177,45.034094363518115,45.201637268066406,10152200,0.0,0.0
2022-08-05 00:00:00-04:00,45.078176879285245,46.15398736380968,44.89299737865654,45.55435562133789,13868800,0.0,0.0
2022-08-08 00:00:00-04:00,45.82772347764765,45.99526637396152,45.33390805568341,45.386817932128906,11594400,0.0,0.0
2022-08-09 00:00:00-04:00,45.53671711289261,45.95116933757956,45.342717626640535,45.93353271484375,9739300,0.0,0.0
2022-08-10 00:00:00-04:00,46.56844054506707,47.970520182389045,46.506714043612305,46.903526306152344,32416200,0.0,0.0
2022-08-11 00:00:00-04:00,47.52961047470065,48.03224243571619,47.39733748965793,47.61779022216797,13450300,0.0,0.0
2022-08-12 00:00:00-04:00,47.77652179559514,47.97052129830419,47.29152640266463,47.952884674072266,15493600,0.0,0.0
2022-08-15 00:00:00-04:00,47.397344199564756,47.785339852726835,47.150438180629095,47.67952346801758,11595200,0.0,0.0
2022-08-16 00:00:00-04:00,47.45025443914787,48.111612735396214,47.38852793393873,47.77652359008789,14708000,0.0,0.0
2022-08-17 00:00:00-04:00,47.10633877855219,47.635427360614614,47.00052240767642,47.40615463256836,13370800,0.0,0.0
2022-08-18 00:00:00-04:00,47.265071478139106,47.3708912273227,46.771259437317944,47.22098159790039,10573300,0.0,0.0
2022-08-19 00:00:00-04:00,46.86825715879896,47.09752654439891,46.18044227431495,46.3920783996582,14798800,0.0,0.0
2022-08-22 00:00:00-04:00,45.46618033279154,45.651359851605534,44.96354828810081,45.19281768798828,16749600,0.0,0.0
2022-08-23 00:00:00-04:00,45.2016315112977,45.57199388976564,44.84890912077433,44.92827224731445,11126100,0.0,0.0
2022-08-24 00:00:00-04:00,44.91063134314919,45.228083819055904,44.64608873450752,44.98117446899414,11159300,0.0,0.0
2022-08-25 00:00:00-04:00,45.15753648764443,46.074620653427,45.03408349683557,45.90707778930664,12569000,0.0,0.0
2022-08-26 00:00:00-04:00,46.1010766606351,46.15398653007695,43.87009597205355,43.896549224853516,20049700,0.0,0.0
2022-08-29 00:00:00-04:00,43.799550100080474,43.84364334049442,43.23519160673844,43.53500747680664,15103100,0.0,0.0
2022-08-30 00:00:00-04:00,43.94945643606335,43.94945643606335,42.94419252436388,43.27928161621094,16735500,0.0,0.0
2022-08-31 00:00:00-04:00,43.45564763818324,43.693737026279074,42.917742357356595,43.04119873046875,16582100,0.0,0.0
2022-09-01 00:00:00-04:00,43.00591405534741,43.00591405534741,42.159376476251055,42.988277435302734,14470900,0.0,0.0
2022-09-02 00:00:00-04:00,43.48209824082257,44.22281955779492,42.873646545262794,43.06764602661133,15568100,0.0,0.0
2022-09-06 00:00:00-04:00,43.18228955218351,43.296922570320135,41.99184257896148,42.520931243896484,15544500,0.0,0.0
2022-09-07 00:00:00-04:00,42.09765793817354,42.97946892388957,41.97420157454606,42.882469177246094,15413900,0.0,0.0
2022-09-08 00:00:00-04:00,42.67965986669129,44.046466439951494,42.43275046386676,44.002376556396484,18088800,0.0,0.0
2022-09-09 00:00:00-04:00,44.363913014908135,44.98117802931547,44.31100314345521,44.68136215209961,18711800,0.0,0.0
2022-09-12 00:00:00-04:00,45.201632821140045,45.53672196111316,44.70782078732934,44.85772705078125,13506500,0.0,0.0
2022-09-13 00:00:00-04:00,44.002359848294276,44.26690241301756,42.82954988077138,43.2087287902832,22148200,0.0,0.0
2022-09-14 00:00:00-04:00,43.323380351679276,43.658466148229444,42.06239020762747,42.706111907958984,25701700,0.0,0.0
2022-09-15 00:00:00-04:00,42.6443807274612,43.429191983465444,42.57383423243779,42.71492385864258,16556900,0.0,0.0
2022-09-16 00:00:00-04:00,42.31811093010486,42.53856367781279,41.859568811211325,42.423927307128906,19995600,0.0,0.0
2022-09-19 00:00:00-04:00,41.87720454557599,42.75019552421304,41.833111305896985,42.5385627746582,14716100,0.0,0.0
2022-09-20 00:00:00-04:00,42.16819744023356,42.300470422248715,41.32165977409326,41.665565490722656,16650200,0.0,0.0
2022-09-21 00:00:00-04:00,41.66557366358801,42.08884257968402,40.83667245671363,40.85430908203125,18641800,0.0,0.0
2022-09-22 00:00:00-04:00,41.10121165014788,41.330481032299446,40.11358426236553,40.19294738769531,18443100,0.0,0.0
2022-09-23 00:00:00-04:00,39.66385855147903,39.77849492386098,38.182415795830195,39.028953552246094,30918000,0.0,0.0
2022-09-26 00:00:00-04:00,38.52632652323127,38.95841545101627,37.54751900816362,37.909061431884766,23684400,0.0,0.0
2022-09-27 00:00:00-04:00,38.12069402350421,38.26178366707557,37.106613261535784,37.55633544921875,21255500,0.0,0.0
2022-09-28 00:00:00-04:00,37.55633123268545,38.4645955009631,37.43287822890115,38.270599365234375,19818100,0.0,0.0
2022-09-29 00:00:00-04:00,37.82969221736833,37.9884184621617,37.04487762307142,37.379966735839844,20982200,0.0,0.0
2022-09-30 00:00:00-04:00,37.3799726765123,37.89142473853912,36.69216108232412,36.74506759643555,22266400,0.0,0.0
2022-10-03 00:00:00-04:00,36.639249455112626,37.84732968472167,36.2071639125668,37.52988052368164,22001000,0.0,0.0
2022-10-04 00:00:00-04:00,38.42050677124673,39.461044068300346,38.332327012720356,39.16122817993164,20660000,0.0,0.0
2022-10-05 00:00:00-04:00,38.58804573340117,38.79968184171913,38.01487063358996,38.658592224121094,15458500,0.0,0.0
2022-10-06 00:00:00-04:00,38.28822852445777,38.62331761586958,37.73269006692969,37.97077941894531,17738400,0.0,0.0
2022-10-07 00:00:00-04:00,37.653323433328886,37.73268654325609,36.98314531308998,37.20359802246094,18101300,0.0,0.0
2022-10-10 00:00:00-04:00,37.468152821791165,37.57396920542733,36.62161166117526,36.6833381652832,13768800,0.0,0.0
2022-10-11 00:00:00-04:00,36.39234681117357,36.64807285373152,35.642805310280515,35.66926193237305,20176100,0.0,0.0
2022-10-12 00:00:00-04:00,35.616345090169325,36.47170282070948,35.316529221185085,36.013160705566406,20862200,0.0,0.0
2022-10-13 00:00:00-04:00,35.448795721389004,38.07659156760092,35.2812495123306,37.873775482177734,27964900,0.0,0.0
2022-10-14 00:00:00-04:00,37.997232587100484,39.17003935871708,37.74150661358589,38.12068557739258,28885100,0.0,0.0
2022-10-17 00:00:00-04:00,39.0730497307993,39.17886611734544,38.085418910227716,38.43814468383789,20835400,0.0,0.0
2022-10-18 00:00:00-04:00,39.38167937766277,39.637405376622624,38.49105174204931,38.93195724487305,21302100,0.0,0.0
2022-10-19 00:00:00-04:00,38.64977839148202,38.88786440528563,37.8208738847507,38.217689514160156,15142800,0.0,0.0
2022-10-20 00:00:00-04:00,38.261776594398484,38.746771944283665,37.67096487235552,37.84732437133789,15421600,0.0,0.0
2022-10-21 00:00:00-04:00,37.86496329621373,39.08186342346285,37.635693915291846,39.028953552246094,18783600,0.0,0.0
2022-10-24 00:00:00-04:00,39.08186505172104,39.390497570405515,38.77323253303656,39.16122817993164,14392300,0.0,0.0
2022-10-25 00:00:00-04:00,38.8437760172763,40.20176583941497,38.72032300868954,39.96367645263672,20085700,0.0,0.0
2022-10-26 00:00:00-04:00,40.12240053918196,40.54566941593427,39.87549453537029,40.04303741455078,16516200,0.0,0.0
2022-10-27 00:00:00-04:00,40.4486675045913,40.68675686575278,39.99012540500347,40.069488525390625,15687900,0.0,0.0
2022-10-28 00:00:00-04:00,40.175308392512285,40.810209993833396,39.70794629811541,40.677940368652344,13457900,0.0,0.0
2022-10-31 00:00:00-04:00,40.307588274924484,40.7573138609723,40.184135247803184,40.43986129760742,15600400,0.0,0.0
2022-11-01 00:00:00-04:00,40.827848275458024,40.986574523197795,40.56330565050573,40.75730514526367,15505200,0.0,0.0
2022-11-02 00:00:00-04:00,40.67794062007941,41.45393184469509,40.15767201793111,40.16648864746094,20306800,0.0,0.0
2022-11-03 00:00:00-04:00,39.822586811960115,40.04303957406438,39.24940828495216,39.31113815307617,16025800,0.0,0.0
2022-11-04 00:00:00-04:00,39.79281953465317,40.5421128326509,39.489534071111954,40.25666809082031,15204100,0.51,0.0
2022-11-07 00:00:00-05:00,40.56887382052193,40.90784074090885,40.32802917204463,40.79187774658203,11792300,0.0,0.0
2022-11-08 00:00:00-05:00,40.85431812839363,41.50548917705976,40.702677093655005,41.13976287841797,16737100,0.0,0.0
2022-11-09 00:00:00-05:00,40.79187497452499,40.90783796097141,40.27450767066414,40.461830139160156,13299000,0.0,0.0
2022-11-10 00:00:00-05:00,41.666056268131115,43.49468793662079,41.53225594279001,43.191402435302734,27915500,0.0,0.0
2022-11-11 00:00:00-05:00,43.262762154037006,45.109234410864005,43.20923998616887,44.770267486572266,26009200,0.0,0.0
2022-11-14 00:00:00-05:00,44.54726882685129,44.58295027631701,43.72661590576172,43.72661590576172,19631600,0.0,0.0
2022-11-15 00:00:00-05:00,44.44914229397312,44.97542827053674,43.2538411647806,43.73552703857422,19839400,0.0,0.0
2022-11-16 00:00:00-05:00,43.601730934191096,43.67309042494938,42.941637780134144,43.14680099487305,18052100,0.0,0.0
2022-11-17 00:00:00-05:00,42.53131187661766,43.048679250015915,42.28154855171988,43.03976058959961,11962700,0.0,0.0
2022-11-18 00:00:00-05:00,43.46792789197849,43.77121338869068,42.95947917730954,43.405487060546875,12884300,0.0,0.0
2022-11-21 00:00:00-05:00,43.40549338994692,43.74446038341118,43.066526396482665,43.60173797607422,9884100,0.0,0.0
2022-11-22 00:00:00-05:00,43.833650522048096,44.31533981197099,43.824731862354625,44.003135681152344,13132000,0.0,0.0
2022-11-23 00:00:00-05:00,44.01206170551233,44.12802471755075,42.68295660597458,43.030845642089844,22863300,0.0,0.0
2022-11-25 00:00:00-05:00,42.995165518288466,43.289528985288726,42.93272467974991,43.07544708251953,6823600,0.0,0.0
2022-11-28 00:00:00-05:00,42.73647671510574,42.986240049478305,41.77310142340424,42.129905700683594,18987100,0.0,0.0
2022-11-29 00:00:00-05:00,42.12990389785699,42.727556225949705,42.11206317434093,42.433189392089844,12224700,0.0,0.0
2022-11-30 00:00:00-05:00,41.996108167793565,43.20032821325986,41.20221119698396,43.18248748779297,23993100,0.0,0.0
2022-12-01 00:00:00-05:00,43.066521816862235,43.414407435079355,42.23694684906592,42.620513916015625,19797600,0.0,0.0
2022-12-02 00:00:00-05:00,42.17451014173842,42.32615461230447,41.75526498780529,42.138832092285156,12745400,0.0,0.0
2022-12-05 00:00:00-05:00,41.871217213063126,42.03178031696029,40.47967484964771,40.71159744262695,20397500,0.0,0.0
2022-12-06 00:00:00-05:00,40.72052377109785,40.93460566353985,39.42710014433382,40.12287139892578,22160800,0.0,0.0
2022-12-07 00:00:00-05:00,39.819584609133564,40.54211862925623,39.525221165745215,39.846343994140625,20233400,0.0,0.0
2022-12-08 00:00:00-05:00,40.00691155512932,40.4707602291573,39.48062204063321,39.86418914794922,15622200,0.0,0.0
2022-12-09 00:00:00-05:00,39.78389738529723,40.31018676491428,39.73929728250319,40.01582336425781,14030600,0.0,0.0
2022-12-12 00:00:00-05:00,39.828507480000816,40.85432362505145,39.569822077121415,40.82756423950195,19045100,0.0,0.0
2022-12-13 00:00:00-05:00,41.7820211363508,42.682955617147286,41.24681300556857,41.559017181396484,25655400,0.0,0.0
2022-12-14 00:00:00-05:00,41.48765993819056,41.960430701026894,40.782969930575135,41.014892578125,16587500,0.0,0.0
2022-12-15 00:00:00-05:00,40.220987198028666,40.37262823049039,39.364652960813586,39.80173873901367,20201900,0.0,0.0
2022-12-16 00:00:00-05:00,39.427097504024964,39.83742393936912,39.07921190002579,39.56089782714844,26955400,0.0,0.0
2022-12-19 00:00:00-05:00,39.56981579083196,39.67685671879509,38.784841045972975,39.186248779296875,18019100,0.0,0.0
2022-12-20 00:00:00-05:00,39.38249768725255,39.739301954321114,39.070290125451166,39.0792121887207,14412700,0.0,0.0
2022-12-21 00:00:00-05:00,39.43601426352005,40.04258522686414,39.400332817965705,39.97122573852539,22492300,0.0,0.0
2022-12-22 00:00:00-05:00,39.64117714612976,39.64117714612976,38.27639419118571,39.23977279663086,24476100,0.0,0.0
2022-12-23 00:00:00-05:00,39.24869491410165,39.56982114420571,39.14165397165703,39.48061752319336,15143800,0.0,0.0
2022-12-27 00:00:00-05:00,39.49845061321295,39.730376580248674,39.22192794844593,39.59657287597656,14777800,0.0,0.0
2022-12-28 00:00:00-05:00,39.63225698459708,40.02474265929487,39.41817172390842,39.80173873901367,12882200,0.0,0.0
2022-12-29 00:00:00-05:00,39.99798723287192,40.354794901712,39.828505461696444,40.28343200683594,14124100,0.0,0.0
2022-12-30 00:00:00-05:00,40.07827072321195,40.39047489644274,39.92662626566394,40.34587478637695,11802800,0.0,0.0
2023-01-03 00:00:00-05:00,40.80972361609312,41.70173943283833,40.6224011112415,40.836483001708984,19564000,0.0,0.0
2023-01-04 00:00:00-05:00,41.51441597303577,42.40643176926204,41.336012133236466,41.889060974121094,21507200,0.0,0.0
2023-01-05 00:00:00-05:00,41.657140153719496,41.889062773481754,41.005969002835435,41.70174026489258,12314900,0.0,0.0
2023-01-06 00:00:00-05:00,41.97825571117683,42.5402230938707,41.576848007274414,42.20125961303711,16736300,0.0,0.0
2023-01-09 00:00:00-05:00,42.71863728287727,43.1022043595622,42.34399226998705,42.40643310546875,16745500,0.0,0.0
2023-01-10 00:00:00-05:00,42.42426535055864,43.004073478821475,42.103139173541855,42.98623275756836,12429900,0.0,0.0
2023-01-11 00:00:00-05:00,43.004080604059695,43.47685128867532,42.69187643732597,43.45008850097656,17143700,0.0,0.0
2023-01-12 00:00:00-05:00,43.7622954860343,44.136940481111374,43.30736553170337,43.78905487060547,16287800,0.0,0.0
2023-01-13 00:00:00-05:00,43.27168815468068,44.80595653281208,42.58483893242189,44.5294303894043,28037000,0.0,0.0
2023-01-17 00:00:00-05:00,44.47590017491567,45.26087488771555,44.3688592513242,44.8773078918457,28193500,0.0,0.0
2023-01-18 00:00:00-05:00,44.81487641790365,45.02895830974407,43.92286059543779,44.092342376708984,18952000,0.0,0.0
2023-01-19 00:00:00-05:00,43.396569307961,44.24398158162379,43.236006194414955,44.038818359375,14869100,0.0,0.0
2023-01-20 00:00:00-05:00,44.31534368644061,45.59092650862867,43.94069529393308,45.57308578491211,19957300,0.0,0.0
2023-01-23 00:00:00-05:00,45.537406528842226,46.643507633106225,45.38576547410933,46.366981506347656,18531200,0.0,0.0
2023-01-24 00:00:00-05:00,45.86744689941406,46.3402175470657,44.975431175323365,45.86744689941406,13303200,0.0,0.0
2023-01-25 00:00:00-05:00,45.35900068104119,46.33129800940259,45.35900068104119,46.29561996459961,20719000,0.0,0.0
2023-01-26 00:00:00-05:00,46.45617953169369,46.616739227983075,45.94772744949281,46.554298400878906,22393300,0.0,0.0
2023-01-27 00:00:00-05:00,46.34913750016661,46.55430071409886,46.0815334560276,46.25993728637695,18294000,0.0,0.0
2023-01-30 00:00:00-05:00,45.88528574048823,46.42049719465577,45.796085532845204,46.16181182861328,11126200,0.0,0.0
2023-01-31 00:00:00-05:00,46.25993989937809,46.5810661315918,46.05477667385716,46.5810661315918,34823400,0.0,0.0
2023-02-01 00:00:00-05:00,45.974493192756654,47.04491278777149,45.85853019091444,46.51862335205078,22111900,0.0,0.0
2023-02-02 00:00:00-05:00,46.902192363805504,47.482000591728934,46.143976892685316,46.5810661315918,22331700,0.0,0.0
2023-02-03 00:00:00-05:00,45.959495255106106,46.42791858628634,45.51809522346299,45.89643859863281,20050600,0.51,0.0
2023-02-06 00:00:00-05:00,45.40099910611496,45.932479177330755,44.95959900507244,45.815372467041016,16152000,0.0,0.0
2023-02-07 00:00:00-05:00,45.716287455077705,46.62610762446407,45.57215742518489,46.058597564697266,14361000,0.0,0.0
2023-02-08 00:00:00-05:00,45.73430048292599,46.40090052927646,45.58116040546881,46.07661056518555,13242300,0.0,0.0
2023-02-09 00:00:00-05:00,46.256772861560776,46.35586289853964,44.91456264156763,45.02265930175781,16794900,0.0,0.0
2023-02-10 00:00:00-05:00,44.87852615117826,45.211826168083384,44.27498278444922,45.13976287841797,16519900,0.0,0.0
2023-02-13 00:00:00-05:00,45.03166627803533,46.01355308472229,44.96860617455027,45.94148635864258,11626900,0.0,0.0
2023-02-14 00:00:00-05:00,45.87842864330405,46.61709538709162,45.48207196791309,46.49098205566406,16283300,0.0,0.0
2023-02-15 00:00:00-05:00,45.79735237829709,46.734199118250004,45.77032907652183,46.68014907836914,9216600,0.0,0.0
2023-02-16 00:00:00-05:00,46.256767822935835,46.689161289258855,46.03156446754407,46.355857849121094,9398000,0.0,0.0
2023-02-17 00:00:00-05:00,46.17569420958887,46.472964286419604,45.86941751058014,46.31982421875,12297700,0.0,0.0
2023-02-21 00:00:00-05:00,45.707275058919876,45.860411692945526,44.52720822573359,44.896541595458984,22899200,0.0,0.0
2023-02-22 00:00:00-05:00,44.941586343637624,45.47306646239244,44.473162896910424,45.07670974731445,14431500,0.0,0.0
2023-02-23 00:00:00-05:00,45.34694698572814,45.599173639728086,44.77042695582516,45.38298034667969,12550700,0.0,0.0
2023-02-24 00:00:00-05:00,45.040673126058486,45.346949840768914,44.72538978870834,45.20281982421875,14547300,0.0,0.0
2023-02-27 00:00:00-05:00,45.491073593497646,46.1126335599735,45.39198357645146,45.46405029296875,14190200,0.0,0.0
2023-02-28 00:00:00-05:00,45.4730652489748,45.82438196556283,45.26587855550829,45.662235260009766,12932400,0.0,0.0
2023-03-01 00:00:00-05:00,45.45505216624022,46.42793247660337,45.31092213170469,46.39189910888672,15966000,0.0,0.0
2023-03-02 00:00:00-05:00,46.10363496436711,46.34685502045784,45.455048148125165,46.301815032958984,18104500,0.0,0.0
2023-03-03 00:00:00-05:00,46.37388211594737,47.193622326216726,46.37388211594737,47.157588958740234,15879900,0.0,0.0
2023-03-06 00:00:00-05:00,47.16659463926925,47.247667990398014,46.8513078576215,47.00444793701172,12693300,0.0,0.0
2023-03-07 00:00:00-05:00,46.662136979985334,46.95940707402238,45.69826684361845,46.013553619384766,30953800,0.0,0.0
2023-03-08 00:00:00-05:00,45.9955388542241,46.18470886576793,45.310918665307156,45.653228759765625,12847700,0.0,0.0
2023-03-09 00:00:00-05:00,45.56314708563996,45.78835045375088,43.60838006354522,43.77953338623047,29460100,0.0,0.0
2023-03-10 00:00:00-05:00,43.31110863843898,44.48216533648283,42.45533524652337,43.545318603515625,29770800,0.0,0.0
2023-03-13 00:00:00-04:00,42.338239746637264,42.55443652541434,40.17628570419138,40.30240249633789,50709200,0.0,0.0
2023-03-14 00:00:00-04:00,42.52740585241701,43.2300427412967,41.94187912073666,42.69856262207031,42165900,0.0,0.0
2023-03-15 00:00:00-04:00,40.93296555394678,40.987015602809834,39.72587528665255,40.37446212768555,41832800,0.0,0.0
2023-03-16 00:00:00-04:00,40.230335426304585,41.518499155223026,39.365555190988076,41.095115661621094,28877300,0.0,0.0
2023-03-17 00:00:00-04:00,40.51858967035847,40.51858967035847,39.473646177399225,39.86099624633789,37130200,0.0,0.0
2023-03-20 00:00:00-04:00,40.275368921884905,41.20320912123797,39.55471884204561,39.71686553955078,31899900,0.0,0.0
2023-03-21 00:00:00-04:00,41.05007337236564,41.45544015884782,40.49156993117407,40.599666595458984,29835600,0.0,0.0
2023-03-22 00:00:00-04:00,40.69875839062928,40.81586511984591,39.34753800166106,39.37456130981445,21672000,0.0,0.0
2023-03-23 00:00:00-04:00,39.91504278216037,40.401479404003204,38.83406602055221,39.140342712402344,24112600,0.0,0.0
2023-03-24 00:00:00-04:00,38.59084446418172,38.84307110525361,37.84316772624682,38.83406448364258,25453900,0.0,0.0
2023-03-27 00:00:00-04:00,39.689837590139604,40.536600905304866,39.52769091161197,40.33842086791992,29335200,0.0,0.0
2023-03-28 00:00:00-04:00,40.28437647122549,40.74378979464967,40.077189800949455,40.73478317260742,16206000,0.0,0.0
2023-03-29 00:00:00-04:00,41.06808636073447,41.44642636985635,40.95097964710264,41.39237976074219,15047000,0.0,0.0
2023-03-30 00:00:00-04:00,41.86980637864611,42.01393638505178,41.2032063876438,41.50047302246094,14226400,0.0,0.0
2023-03-31 00:00:00-04:00,41.97790284752179,42.311206277949196,41.73468625475531,42.239139556884766,16009200,0.0,0.0
2023-04-03 00:00:00-04:00,42.4643382122979,42.7796249276118,41.824761597027745,42.076988220214844,16633100,0.0,0.0
2023-04-04 00:00:00-04:00,42.24815381211887,42.35625046812346,41.12213695610644,41.51849365234375,15542400,0.0,0.0
2023-04-05 00:00:00-04:00,40.959996468981956,41.60857993975276,40.81586642699608,41.23023986816406,11739100,0.0,0.0
2023-04-06 00:00:00-04:00,41.25725595484872,41.626589337554165,41.005029284610075,41.31130599975586,11918100,0.0,0.0
2023-04-10 00:00:00-04:00,41.248248425629846,42.122035129608236,41.23023174439011,41.90584182739258,11777100,0.0,0.0
2023-04-11 00:00:00-04:00,42.04096478874205,42.67153493190551,41.96890149496011,42.51839828491211,14177300,0.0,0.0
2023-04-12 00:00:00-04:00,42.77062733138497,42.91475736324511,41.90584714022415,42.266170501708984,14330900,0.0,0.0
2023-04-13 00:00:00-04:00,42.24815520216173,42.869715290052014,41.959895152444716,42.60847854614258,15578900,0.0,0.0
2023-04-14 00:00:00-04:00,43.3921839942302,44.941584290599046,43.25706403305687,44.644317626953125,33064500,0.0,0.0
2023-04-17 00:00:00-04:00,44.82447405310838,44.869517472957625,44.22093071402987,44.761417388916016,19590400,0.0,0.0
2023-04-18 00:00:00-04:00,44.977616169945,45.3109161867663,44.54522612306938,45.11273956298828,16616200,0.0,0.0
2023-04-19 00:00:00-04:00,44.79745415527845,45.44604096350472,44.4821708103522,45.4010009765625,14894000,0.0,0.0
2023-04-20 00:00:00-04:00,44.8695203064721,45.08571361554699,44.22994012932636,44.500186920166016,20410200,0.0,0.0
2023-04-21 00:00:00-04:00,44.10382870506838,44.33804214243949,43.52730860743311,44.16688537597656,14377300,0.0,0.0
2023-04-24 00:00:00-04:00,44.16688537597656,44.419115495940126,43.91465869234384,44.16688537597656,11208800,0.0,0.0
2023-04-25 00:00:00-04:00,43.68945060237971,43.8245739890842,42.98681723870945,43.148963928222656,15374000,0.0,0.0
2023-04-26 00:00:00-04:00,43.058883486934135,43.11293353260005,41.7887366225961,42.212120056152344,16984600,0.0,0.0
2023-04-27 00:00:00-04:00,42.37426732241353,42.65351730458798,41.83377716753225,42.365257263183594,16541400,0.0,0.0
2023-04-28 00:00:00-04:00,42.06472353844034,43.102911913618364,41.92812227323472,42.86613082885742,15222100,0.51,0.0
2023-05-01 00:00:00-04:00,43.60379878359338,44.05914337226164,42.95720682744178,43.03006362915039,18314800,0.0,0.0
2023-05-02 00:00:00-04:00,42.638465566938976,42.85703249068984,41.49099877075629,41.891700744628906,19450100,0.0,0.0
2023-05-03 00:00:00-04:00,42.0100947614882,42.4381163332806,41.554750150727656,41.5911750793457,14533500,0.0,0.0
2023-05-04 00:00:00-04:00,41.01744191453167,41.34529057847787,40.14318112667752,40.88994598388672,20601800,0.0,0.0
2023-05-05 00:00:00-04:00,41.70956195740221,42.347045050817336,41.59117139636715,42.18312072753906,13384500,0.0,0.0
2023-05-08 00:00:00-04:00,42.693109878541414,42.93899637487089,42.13758892098262,42.21955108642578,8760900,0.0,0.0
2023-05-09 00:00:00-04:00,41.80973635746679,42.58382070129968,41.70045463840875,42.365257263183594,10188800,0.0,0.0
2023-05-10 00:00:00-04:00,42.93899282047643,42.97541774454435,41.518316561729954,42.22865295410156,11840000,0.0,0.0
2023-05-11 00:00:00-04:00,41.654920595318856,42.010088785347065,41.37260572616667,41.91901779174805,11222800,0.0,0.0
2023-05-12 00:00:00-04:00,42.19222691594895,42.23776067533397,41.04475672502869,41.39081954956055,12812800,0.0,0.0
2023-05-15 00:00:00-04:00,41.609388119449875,42.174017922318285,41.554748991045805,41.93723678588867,11911300,0.0,0.0
2023-05-16 00:00:00-04:00,41.827960955703084,42.037419083475115,41.21779730175494,41.23601150512695,9201200,0.0,0.0
2023-05-17 00:00:00-04:00,41.69134554122205,42.90256370171783,41.69134554122205,42.875244140625,16359100,0.0,0.0
2023-05-18 00:00:00-04:00,42.784178721766004,42.784178721766004,41.76420777802717,42.24687194824219,17618000,0.0,0.0
2023-05-19 00:00:00-04:00,42.31062238647121,42.55650890471763,41.54564326548361,41.62760543823242,15416200,0.0,0.0
2023-05-22 00:00:00-04:00,41.86437902779168,41.98276610947857,41.39082027903447,41.70045471191406,14471000,0.0,0.0
2023-05-23 00:00:00-04:00,41.745990197481795,42.63846513525565,41.7095617982249,41.80973815917969,13797100,0.0,0.0
2023-05-24 00:00:00-04:00,41.12671963050835,41.19957642605375,40.26156429042438,40.51655960083008,23744900,0.0,0.0
2023-05-25 00:00:00-04:00,40.3435293051674,40.798873887559814,39.96104152347943,40.279781341552734,18109400,0.0,0.0
2023-05-26 00:00:00-04:00,40.48924143219675,40.6622746054136,40.061219865931726,40.616737365722656,11962600,0.0,0.0
2023-05-30 00:00:00-04:00,40.735125196319366,40.88083532112207,40.297994821911246,40.70780563354492,12431100,0.0,0.0
2023-05-31 00:00:00-04:00,40.252450785700816,40.44369462431779,39.806211688258685,40.361732482910156,18154100,0.0,0.0
2023-06-01 00:00:00-04:00,40.68958652363966,41.29974651199629,40.35263255206962,40.835296630859375,15757100,0.0,0.0
2023-06-02 00:00:00-04:00,41.40903634739429,42.51096937409561,41.30885998605719,42.18312072753906,19455600,0.0,0.0
2023-06-05 00:00:00-04:00,42.219557013151885,42.328838757749075,41.718678586910386,42.11027526855469,11004700,0.0,0.0
2023-06-06 00:00:00-04:00,42.06473058067193,43.26683998054627,42.02830565492074,43.002742767333984,14189200,0.0,0.0
2023-06-07 00:00:00-04:00,43.23041374180169,43.877002184792225,42.94809886328316,43.72218322753906,15457400,0.0,0.0
2023-06-08 00:00:00-04:00,43.467191807227756,43.94075057224426,43.285053286220894,43.80414581298828,12058600,0.0,0.0
2023-06-09 00:00:00-04:00,43.80414383584694,44.23216881979326,43.631114159402124,43.98628234863281,11744000,0.0,0.0
2023-06-12 00:00:00-04:00,43.95896234525745,44.16842041695231,43.68575631582951,44.122886657714844,13801000,0.0,0.0
2023-06-13 00:00:00-04:00,44.12289010124741,45.00625621620585,44.12289010124741,44.341453552246094,14062700,0.0,0.0
2023-06-14 00:00:00-04:00,44.46894729519766,44.86964922039475,43.3123718026026,43.931640625,22053000,0.0,0.0
2023-06-15 00:00:00-04:00,43.83146782747247,44.25038398422043,43.33058951188224,44.22306442260742,14926100,0.0,0.0
2023-06-16 00:00:00-04:00,44.478053862786325,44.478053862786325,43.85878502360068,43.886104583740234,18223000,0.0,0.0
2023-06-20 00:00:00-04:00,43.631116201212464,43.631116201212464,42.87524602768286,43.35791015625,12777700,0.0,0.0
2023-06-21 00:00:00-04:00,43.25773960720285,43.576479456812294,43.0118530915025,43.175777435302734,10550700,0.0,0.0
2023-06-22 00:00:00-04:00,43.002745615731676,43.03917054389556,42.28330030593946,42.46543884277344,11841900,0.0,0.0
2023-06-23 00:00:00-04:00,41.982773072351684,42.11937784957344,41.745995395704945,41.90991973876953,13249100,0.0,0.0
2023-06-26 00:00:00-04:00,42.00099004995347,42.52008267929517,41.900813669904366,42.11027526855469,13253900,0.0,0.0
2023-06-27 00:00:00-04:00,42.07383530893495,42.447217684948754,41.80062928546197,42.25597381591797,11863300,0.0,0.0
2023-06-28 00:00:00-04:00,42.22865023843936,42.24686443630361,41.727771956182856,42.10115432739258,13394900,0.0,0.0
2023-06-29 00:00:00-04:00,42.046514670903136,42.611144422127516,41.900804551813714,42.155799865722656,18840800,0.0,0.0
2023-06-30 00:00:00-04:00,42.6020352820547,42.62024948106153,41.919018452313324,41.92812728881836,15228200,0.0,0.0
2023-07-03 00:00:00-04:00,41.96455808737372,43.06649113529737,41.90991548722746,42.56561279296875,10159900,0.0,0.0
2023-07-05 00:00:00-04:00,42.53828854102743,42.847922985006356,42.26508249610563,42.6202507019043,11852900,0.0,0.0
2023-07-06 00:00:00-04:00,42.34704686706016,42.34704686706016,41.0811894627886,41.32707595825195,17431400,0.0,0.0
2023-07-07 00:00:00-04:00,41.19046530976731,42.21043607292631,41.172251111889096,41.6549186706543,13160700,0.0,0.0
2023-07-10 00:00:00-04:00,41.52742711175952,42.24687243052205,41.47278798183061,41.5911750793457,14307600,0.0,0.0
2023-07-11 00:00:00-04:00,41.709564070611385,42.44722356273703,41.554748576340074,42.374366760253906,14131700,0.0,0.0
2023-07-12 00:00:00-04:00,43.039163754828046,43.95896165744759,43.00273883240989,43.1484489440918,17960500,0.0,0.0
2023-07-13 00:00:00-04:00,43.31237584046923,43.57647304528665,42.929884603211065,43.42165756225586,26210700,0.0,0.0
2023-07-14 00:00:00-04:00,44.15020910380351,44.21395706570271,41.60938556866671,41.66402816772461,38634500,0.0,0.0
2023-07-17 00:00:00-04:00,41.718675438787415,42.45633150165941,41.636713268023435,42.128482818603516,18521400,0.0,0.0
2023-07-18 00:00:00-04:00,42.57471214734434,43.40343902558387,42.5109641931723,42.82059860229492,24678000,0.0,0.0
2023-07-19 00:00:00-04:00,42.87524182767772,43.567363972050096,42.45632222750188,43.275943756103516,15789100,0.0,0.0
2023-07-20 00:00:00-04:00,43.15756323332451,43.60380249678154,43.0118530915025,43.175777435302734,17647200,0.0,0.0
2023-07-21 00:00:00-04:00,43.2941624853099,43.348801610266904,42.63846519379888,42.847923278808594,18251600,0.0,0.0
2023-07-24 00:00:00-04:00,42.7841735166672,43.56736669879233,42.7841735166672,43.4034423828125,19006200,0.0,0.0
2023-07-25 00:00:00-04:00,43.2486230052015,43.51272018025148,42.857026449434244,42.88434600830078,14729900,0.0,0.0
2023-07-26 00:00:00-04:00,43.157555714958484,43.48540434544529,42.8206017220707,43.248626708984375,12267900,0.0,0.0
2023-07-27 00:00:00-04:00,43.34879879332574,44.73304661100547,43.20308867957015,43.60379409790039,25162700,0.0,0.0
2023-07-28 00:00:00-04:00,44.0045045182911,44.040932922247556,42.884357151658726,43.175777435302734,20871700,0.0,0.0
2023-07-31 00:00:00-04:00,43.339694423709595,43.758610576101056,43.130236347513865,43.4034423828125,14377200,0.0,0.0
2023-08-01 00:00:00-04:00,43.102911913618364,43.23040781741141,42.62935321809931,42.86613082885742,15219100,0.0,0.0
2023-08-02 00:00:00-04:00,42.27418793174079,42.51096905201697,41.84616640109337,42.174015045166016,13101100,0.0,0.0
2023-08-03 00:00:00-04:00,41.86438331645238,42.31972791298024,41.62760218081589,42.08294677734375,13467100,0.0,0.0
2023-08-04 00:00:00-04:00,42.1290097890867,43.013414145791515,41.97239805509774,42.1105842590332,18329500,0.53,0.0
2023-08-07 00:00:00-04:00,42.331687667968,42.598852585828666,42.036886211815045,42.22113800048828,16972000,0.0,0.0
2023-08-08 00:00:00-04:00,41.4749104819507,41.6683732349768,40.664204903252596,41.603885650634766,18524500,0.0,0.0
2023-08-09 00:00:00-04:00,41.474912010268255,41.63152371678141,40.91294574231416,40.940582275390625,13957100,0.0,0.0
2023-08-10 00:00:00-04:00,41.18932079000283,41.44727464601315,40.76554422454922,40.84845733642578,12112300,0.0,0.0
2023-08-11 00:00:00-04:00,40.57208809481372,41.10641439193634,40.51681150643121,41.06035232543945,11973200,0.0,0.0
2023-08-14 00:00:00-04:00,40.60893928239862,40.912951733689624,40.51681163480255,40.62736129760742,14280300,0.0,0.0
2023-08-15 00:00:00-04:00,40.21279244965148,40.21279244965148,39.779801364232796,39.807437896728516,17125100,0.0,0.0
2023-08-16 00:00:00-04:00,39.63241144282875,39.7613866486226,39.21784577112651,39.28233337402344,13963600,0.0,0.0
2023-08-17 00:00:00-04:00,39.46657886735473,39.68768169503376,38.775637363034306,39.11650085449219,16123600,0.0,0.0
2023-08-18 00:00:00-04:00,38.83092196485697,39.4297359503021,38.77564536794826,38.92304611206055,12908700,0.0,0.0
2023-08-21 00:00:00-04:00,39.26389948458346,39.39287466292273,38.388706256025515,38.75720977783203,14486300,0.0,0.0
2023-08-22 00:00:00-04:00,38.97831432457511,39.042801916608255,37.74383204031025,37.789894104003906,20507900,0.0,0.0
2023-08-23 00:00:00-04:00,37.82674353983283,37.98335525254258,37.55957866182323,37.84516906738281,16214500,0.0,0.0
2023-08-24 00:00:00-04:00,37.78989248473288,38.38870631571195,37.51351660010331,37.84516906738281,15579600,0.0,0.0
2023-08-25 00:00:00-04:00,38.01099098257678,38.379494497160415,37.56878887366239,37.99256896972656,16881900,0.0,0.0
2023-08-28 00:00:00-04:00,38.213665799655296,38.56374376447498,37.90965340691668,38.06626510620117,14125900,0.0,0.0
2023-08-29 00:00:00-04:00,38.047847211782326,38.480838373162705,38.010996152449856,38.434776306152344,13199700,0.0,0.0
2023-08-30 00:00:00-04:00,38.407128965776444,38.545318654892995,38.08469104358419,38.112327575683594,18211400,0.0,0.0
2023-08-31 00:00:00-04:00,38.241305211528804,38.39792043691822,37.78067757050465,38.038631439208984,17795700,0.0,0.0
2023-09-01 00:00:00-04:00,38.31501388549805,38.52690221495492,38.121551086556195,38.31501388549805,12413500,0.0,0.0
2023-09-05 00:00:00-04:00,38.25973060702402,38.628234124297286,37.94650367163474,38.103118896484375,15843400,0.0,0.0
2023-09-06 00:00:00-04:00,37.78988965349134,38.222880732700744,37.68855101671384,38.112327575683594,13675200,0.0,0.0
2023-09-07 00:00:00-04:00,37.83596260212194,38.11233854559482,37.49509905564908,37.522735595703125,12406100,0.0,0.0
2023-09-08 00:00:00-04:00,37.41217857961505,37.48587717673391,37.108162641435754,37.39375305175781,15055400,0.0,0.0
2023-09-11 00:00:00-04:00,37.596430343877344,38.11233106663964,37.338476468186094,37.39375305175781,11404200,0.0,0.0
2023-09-12 00:00:00-04:00,37.375332248246536,38.74800437548459,37.36612124030867,38.397926330566406,24774700,0.0,0.0
2023-09-13 00:00:00-04:00,38.63744454962483,39.52185227491587,38.39791972701701,39.03358459472656,31031900,0.0,0.0
2023-09-14 00:00:00-04:00,39.420512511597785,40.01932630823054,39.36523593211837,39.742950439453125,19422800,0.0,0.0
2023-09-15 00:00:00-04:00,39.38366807577948,39.835084764932965,39.30075494978438,39.34681701660156,22983200,0.0,0.0
2023-09-18 00:00:00-04:00,39.2454823111364,39.41130857981729,39.06123402532277,39.28233337402344,10467400,0.0,0.0
2023-09-19 00:00:00-04:00,39.42051818806199,39.485005782919124,39.12571675034071,39.31917953491211,11031700,0.0,0.0
2023-09-20 00:00:00-04:00,39.56792221406665,39.733748475933666,38.94146822797141,38.9691047668457,11240700,0.0,0.0
2023-09-21 00:00:00-04:00,38.74799763355238,39.02437350963762,38.407130655880984,38.42555618286133,12260100,0.0,0.0
2023-09-22 00:00:00-04:00,38.462408939480554,38.56374758520353,37.64249228126388,37.6977653503418,15438200,0.0,0.0
2023-09-25 00:00:00-04:00,37.541154742885965,37.85438169603705,37.38454302346552,37.789894104003906,10866800,0.0,0.0
2023-09-26 00:00:00-04:00,37.46745672515463,37.80832376523078,36.90549386376676,37.052894592285156,21786500,0.0,0.0
2023-09-27 00:00:00-04:00,37.11737890841556,37.430605868101736,36.79493742721229,37.273990631103516,15083400,0.0,0.0
2023-09-28 00:00:00-04:00,37.29242155082744,38.093912837475415,37.2279339481265,37.955726623535156,14409800,0.0,0.0
2023-09-29 00:00:00-04:00,38.18603679659363,38.591387904933846,37.69776904788358,37.8912353515625,16916100,0.0,0.0
2023-10-02 00:00:00-04:00,37.76225340071014,37.817526465317776,37.11737403724584,37.31083679199219,16178900,0.0,0.0
2023-10-03 00:00:00-04:00,37.03446412828019,37.3476910739432,36.47249782744567,36.72123718261719,19283400,0.0,0.0
2023-10-04 00:00:00-04:00,36.5646253501655,36.78572819118812,36.0579355859471,36.67517852783203,23342000,0.0,0.0
2023-10-05 00:00:00-04:00,36.5001376153813,36.73966598510742,36.10399751601999,36.73966598510742,18734100,0.0,0.0
2023-10-06 00:00:00-04:00,36.555415122188464,37.63328227009818,36.39879987430906,37.37533187866211,17080000,0.0,0.0
2023-10-09 00:00:00-04:00,37.016040016917586,37.780680125282416,36.80415170943552,37.531944274902344,14859700,0.0,0.0
2023-10-10 00:00:00-04:00,37.9004467441188,38.471624110378606,37.9004467441188,38.176822662353516,18902100,0.0,0.0
2023-10-11 00:00:00-04:00,38.36107376230774,38.69272626400315,38.10312337846038,38.259735107421875,12763900,0.0,0.0
2023-10-12 00:00:00-04:00,38.1399744373844,38.499263476117626,37.882020539226644,38.259735107421875,18112500,0.0,0.0
2023-10-13 00:00:00-04:00,39.57712580101501,39.90877826255977,38.09390424483427,38.167606353759766,32082900,0.0,0.0
2023-10-16 00:00:00-04:00,38.64666198113307,38.69272404499126,37.3384775788373,37.725406646728516,25044200,0.0,0.0
2023-10-17 00:00:00-04:00,37.449036810466,38.38871431105422,37.4029712248418,37.955726623535156,20258100,0.0,0.0
2023-10-18 00:00:00-04:00,37.71619458537772,37.71619458537772,37.00682750990112,37.283206939697266,23232600,0.0,0.0
2023-10-19 00:00:00-04:00,37.08973530149731,37.54115192616971,36.877847012956366,36.905487060546875,17483300,0.0,0.0
2023-10-20 00:00:00-04:00,36.82257718539293,37.07131654972762,36.44486263532402,36.55541229248047,21396500,0.0,0.0
2023-10-23 00:00:00-04:00,36.46329380891595,36.50014135746577,35.735501131817465,35.8276252746582,21333500,0.0,0.0
2023-10-24 00:00:00-04:00,35.855256913935776,36.205334934641165,35.68943418234933,35.864471435546875,17181000,0.0,0.0
2023-10-25 00:00:00-04:00,35.65257711042692,35.790763282490566,35.24722257136357,35.569664001464844,15570100,0.0,0.0
2023-10-26 00:00:00-04:00,35.46832909181794,36.61989821817566,35.44069255736458,36.242183685302734,25109600,0.0,0.0
2023-10-27 00:00:00-04:00,36.23297399729546,36.269821539804326,35.16431443540372,35.22880554199219,20654700,0.0,0.0
2023-10-30 00:00:00-04:00,35.514393414841486,35.901322493370664,35.38541822676853,35.864471435546875,21777500,0.0,0.0
2023-10-31 00:00:00-04:00,35.965813073977486,36.41722626971781,35.85525989132588,36.38037872314453,16373100,0.0,0.0
2023-11-01 00:00:00-04:00,36.42643164877283,36.70280750740814,36.18690332746176,36.48170471191406,16011000,0.0,0.0
2023-11-02 00:00:00-04:00,36.84100210867606,38.11233193086294,36.7857255238509,38.09390640258789,23283600,0.0,0.0
2023-11-03 00:00:00-04:00,38.784491415133274,39.63371855910564,38.76582665197635,39.437740325927734,20287700,0.53,0.0
2023-11-06 00:00:00-05:00,39.54038915309546,39.54038915309546,38.97112641708024,39.23242950439453,20843900,0.0,0.0
2023-11-07 00:00:00-05:00,38.91513728742603,39.34441611708622,38.868477164191525,39.157772064208984,11463200,0.0,0.0
2023-11-08 00:00:00-05:00,39.0551216770903,39.34442016682459,38.75649258572438,39.02712631225586,14761600,0.0,0.0
2023-11-09 00:00:00-05:00,39.26976399522145,39.45640450414461,38.53252188118065,38.72849655151367,19128400,0.0,0.0
2023-11-10 00:00:00-05:00,38.91513301163005,39.33508119447726,38.70049362038343,39.26975631713867,11912500,0.0,0.0
2023-11-13 00:00:00-05:00,39.15777240590942,40.04432899485818,39.12977704371226,39.84835433959961,16332100,0.0,0.0
2023-11-14 00:00:00-05:00,40.230974341569095,41.78011399182948,40.2216401805774,41.39749526977539,26218500,0.0,0.0
2023-11-15 00:00:00-05:00,41.5094823982977,42.20006438937575,41.5094823982977,41.88277053833008,18894900,0.0,0.0
2023-11-16 00:00:00-05:00,41.77077629372759,42.08807010172914,41.36016224334755,41.68678665161133,14744800,0.0,0.0
2023-11-17 00:00:00-05:00,41.93876226707241,42.35871054463428,41.66813209703443,42.33071517944336,15573100,0.0,0.0
2023-11-20 00:00:00-05:00,42.25605718944747,42.68533963950626,42.190732295731074,42.23739242553711,19670300,0.0,0.0
2023-11-21 00:00:00-05:00,42.10674216123292,42.30272040010231,41.7147928033735,42.0787467956543,14466700,0.0,0.0
2023-11-22 00:00:00-05:00,42.28404614858597,42.293376748372,41.845433199926525,42.01341247558594,9441200,0.0,0.0
2023-11-24 00:00:00-05:00,41.89210250095002,42.48003009462419,41.84544237191484,42.20939636230469,5941000,0.0,0.0
2023-11-27 00:00:00-05:00,41.957423659799176,42.172063082211935,41.864103410033394,42.06941223144531,14679700,0.0,0.0
2023-11-28 00:00:00-05:00,42.02274653892229,42.03208069941652,41.58413711405116,41.86410140991211,14064700,0.0,0.0
2023-11-29 00:00:00-05:00,42.209390890539645,42.95596353814027,42.14406600637079,42.694664001464844,14027600,0.0,0.0
2023-11-30 00:00:00-05:00,42.73199870657021,43.08661853222849,42.536024030294904,43.02129364013672,16249000,0.0,0.0
2023-12-01 00:00:00-05:00,42.92796861270613,44.10382009963743,42.825314205128954,44.07582473754883,20053400,0.0,0.0
2023-12-04 00:00:00-05:00,43.66521046664965,44.309128711304965,43.581220820830325,44.20647430419922,19351000,0.0,0.0
2023-12-05 00:00:00-05:00,43.870517445644616,44.215810203109534,43.31058882479562,43.58122253417969,14813100,0.0,0.0
2023-12-06 00:00:00-05:00,44.60775922383978,45.83960502932272,44.589094461945876,44.663753509521484,33903400,0.0,0.0
2023-12-07 00:00:00-05:00,44.73841036185316,45.50364782314924,44.5890958220866,45.26101303100586,14896800,0.0,0.0
2023-12-08 00:00:00-05:00,45.27034231115064,45.88626521470577,45.18635266248679,45.62496566772461,17591600,0.0,0.0
2023-12-11 00:00:00-05:00,45.49431196173356,45.68095600484642,44.90638447190669,44.934383392333984,17666000,0.0,0.0
2023-12-12 00:00:00-05:00,44.80373152039383,44.89705532494046,44.52376722663223,44.85039520263672,14735600,0.0,0.0
2023-12-13 00:00:00-05:00,44.79440366749045,46.222224145211115,44.66375389305057,46.04491424560547,22212500,0.0,0.0
2023-12-14 00:00:00-05:00,46.670172211911684,48.10732698788408,46.670172211911684,46.88481521606445,51664900,0.0,0.0
2023-12-15 00:00:00-05:00,46.37154011251713,46.75415884658522,45.91426588786817,46.502193450927734,35156100,0.0,0.0
2023-12-18 00:00:00-05:00,46.81015238480864,47.183440511553194,46.24088959349593,46.343544006347656,17871400,0.0,0.0
2023-12-19 00:00:00-05:00,46.11956552345182,47.88334799718589,45.88626135898287,47.528724670410156,23161500,0.0,0.0
2023-12-20 00:00:00-05:00,47.314081775257485,47.67803567538474,46.539510297601,46.72615432739258,17452100,0.0,0.0
2023-12-21 00:00:00-05:00,47.04345046624269,47.28608522516704,46.63283642808649,47.220760345458984,13089000,0.0,0.0
2023-12-22 00:00:00-05:00,47.342082627001204,47.836686337391384,47.304753104723666,47.463401794433594,14440600,0.0,0.0
2023-12-26 00:00:00-05:00,47.482075160768915,48.088663987984866,47.398085500392575,47.911354064941406,11501500,0.0,0.0
2023-12-27 00:00:00-05:00,47.724705419247286,48.1353230796009,47.52873075040914,48.02333450317383,9901300,0.0,0.0
2023-12-28 00:00:00-05:00,47.967341618186175,48.34062617634095,47.967341618186175,48.07932662963867,10218500,0.0,0.0
2023-12-29 00:00:00-05:00,48.11665394099837,48.163314063629834,47.79936012318958,48.00466537475586,13149400,0.0,0.0
2024-01-02 00:00:00-05:00,47.8740155686565,49.600468584136415,47.771361162986885,49.4978141784668,24784900,0.0,0.0
2024-01-03 00:00:00-05:00,49.69379291712264,50.73899470094386,48.741911386165306,50.05774688720703,30897600,0.0,0.0
2024-01-04 00:00:00-05:00,50.31904990797737,51.093621587851935,50.07641509786058,50.17906951904297,23714300,0.0,0.0
2024-01-05 00:00:00-05:00,50.42169991242039,51.0189580634117,50.29105013688346,50.70166778564453,17782200,0.0,0.0
2024-01-08 00:00:00-05:00,50.38437300828159,50.47769325765631,49.47915163760164,50.40303421020508,17359500,0.0,0.0
2024-01-09 00:00:00-05:00,50.25371737091952,50.30971165394039,49.71245354147434,49.90842819213867,17237400,0.0,0.0
2024-01-10 00:00:00-05:00,49.50715185971301,49.66580057114911,49.096537738246084,49.479156494140625,16532700,0.0,0.0
2024-01-11 00:00:00-05:00,48.37795513072934,48.65791943603507,47.83668772185755,48.6019287109375,25444400,0.0,0.0
2024-01-12 00:00:00-05:00,48.80723260518148,50.25371777544245,47.846020545190235,49.10586166381836,37908000,0.0,0.0
2024-01-16 00:00:00-05:00,48.32197041878293,48.732588137189026,47.47274317381578,48.40596008300781,21209400,0.0,0.0
2024-01-17 00:00:00-05:00,47.69670756712351,48.23797141852931,47.59405315738984,47.93001174926758,17393500,0.0,0.0
2024-01-18 00:00:00-05:00,48.01400635678446,48.1353255408139,47.13678026294963,47.696712493896484,15788100,0.0,0.0
2024-01-19 00:00:00-05:00,47.70603851154457,48.228641164888444,47.23943014389661,48.07932662963867,18211000,0.0,0.0
2024-01-22 00:00:00-05:00,48.517939683522776,49.55380727040082,48.48061015968771,49.31117248535156,21573200,0.0,0.0
2024-01-23 00:00:00-05:00,49.37649406488078,49.8431024017479,49.077865014080956,49.740447998046875,12962500,0.0,0.0
2024-01-24 00:00:00-05:00,49.96442428894672,50.06707869824193,49.45115580240994,49.703121185302734,14402200,0.0,0.0
2024-01-25 00:00:00-05:00,49.83377919474854,50.17906841847454,49.49782057277096,50.14173889160156,15634000,0.0,0.0
2024-01-26 00:00:00-05:00,50.26305258906989,50.38437175819845,50.02974841148226,50.08573913574219,14041200,0.0,0.0
2024-01-29 00:00:00-05:00,49.899098836741835,50.6083419730083,49.87109991456315,50.49635696411133,12158300,0.0,0.0
2024-01-30 00:00:00-05:00,51.364250147824535,53.379998160838085,51.33625122490729,53.27734375,40086100,0.0,0.0
2024-01-31 00:00:00-05:00,52.95071423089684,54.079905521807106,52.390782105530654,52.41877746582031,28967800,0.0,0.0
2024-02-01 00:00:00-05:00,52.27879825593184,52.81073147278579,51.18693290137857,52.31612777709961,21178700,0.0,0.0
2024-02-02 00:00:00-05:00,52.382079018889165,52.740087049888295,51.80738655075709,52.32555389404297,19283100,0.53,0.0
2024-02-05 00:00:00-05:00,51.76027440311069,51.94869986050677,50.978313606704475,51.345741271972656,14040600,0.0,0.0
2024-02-06 00:00:00-05:00,51.23268815212116,51.78854128256478,50.9783143201639,51.20442199707031,14832700,0.0,0.0
2024-02-07 00:00:00-05:00,51.3457408563023,51.53416631217298,50.65799099720348,51.383426666259766,13383300,0.0,0.0
2024-02-08 00:00:00-05:00,51.044261632425616,51.33632126910979,50.48840851352133,51.14789581298828,15822200,0.0,0.0
2024-02-09 00:00:00-05:00,51.147897474284896,51.28921387552853,50.431881436550114,50.86526107788086,13843300,0.0,0.0
2024-02-12 00:00:00-05:00,50.469563125605106,51.383424206790075,49.932552938123514,50.7993049621582,17162300,0.0,0.0
2024-02-13 00:00:00-05:00,50.2057756340143,50.36593494686158,49.21654641265792,49.70644760131836,17672100,0.0,0.0
2024-02-14 00:00:00-05:00,50.53551656203097,50.96889261751939,50.48841109407211,50.855838775634766,14891900,0.0,0.0
2024-02-15 00:00:00-05:00,51.08195173656055,52.269026100257356,51.00658011020928,52.014652252197266,16865000,0.0,0.0
2024-02-16 00:00:00-05:00,51.779121708380956,52.0052329952543,51.3928511051566,51.67548751831055,11527500,0.0,0.0
2024-02-20 00:00:00-05:00,51.42111343610465,52.43860516653338,51.21384507138612,52.212493896484375,16537900,0.0,0.0
2024-02-21 00:00:00-05:00,52.061752656761776,52.25017811039159,51.797959178030005,52.12770462036133,9317200,0.0,0.0
2024-02-22 00:00:00-05:00,52.23133519182349,53.201725019889565,52.20307263165731,52.66471481323242,12904800,0.0,0.0
2024-02-23 00:00:00-05:00,52.74951043888265,53.07925231441012,52.523399157151744,52.6929817199707,11668900,0.0,0.0
2024-02-26 00:00:00-05:00,52.72124434118104,53.239411686408495,52.13712862077464,52.15597152709961,12307100,0.0,0.0
2024-02-27 00:00:00-05:00,52.45744377062573,52.683551428218365,52.024067765309496,52.4857063293457,11039300,0.0,0.0
2024-02-28 00:00:00-05:00,52.3067099786917,52.928511497422384,51.80738555129311,51.86391067504883,13448100,0.0,0.0
2024-02-29 00:00:00-05:00,52.28786585327708,52.42918584720398,51.47763888845188,52.278446197509766,23744600,0.0,0.0
2024-03-01 00:00:00-05:00,52.269026232229606,52.71182555336892,51.88275563099647,52.382080078125,12922400,0.0,0.0
2024-03-04 00:00:00-05:00,52.203073502052966,53.29593683833852,52.090019665586645,52.89082336425781,14314700,0.0,0.0
2024-03-05 00:00:00-05:00,52.52339802542964,54.22864327306979,52.52339802542964,53.00387954711914,19653900,0.0,0.0
2024-03-06 00:00:00-05:00,53.76700149432113,54.21922045774676,52.768349037224844,53.97426986694336,17845000,0.0,0.0
2024-03-07 00:00:00-05:00,54.20980052749172,54.756230424481735,53.729315410464416,54.3793830871582,14720300,0.0,0.0
2024-03-08 00:00:00-05:00,54.68085798146109,55.01059982424634,53.94599908424225,54.1815299987793,13028000,0.0,0.0
2024-03-11 00:00:00-04:00,53.84237544840171,54.209803147464676,53.35247065167875,54.08732604980469,9176900,0.0,0.0
2024-03-12 00:00:00-04:00,54.18154038901102,54.577234270150896,53.77643044472379,54.12501525878906,10954000,0.0,0.0
2024-03-13 00:00:00-04:00,54.17211408005726,54.991760712884904,54.134428268591975,54.41706466674805,12982800,0.0,0.0
2024-03-14 00:00:00-04:00,54.954073982889575,55.2743925722918,53.3618827214304,53.78583908081055,18833600,0.0,0.0
2024-03-15 00:00:00-04:00,53.18288581250137,54.407645955043655,53.18288581250137,54.27574920654297,26164300,0.0,0.0
2024-03-18 00:00:00-04:00,54.50185448126167,55.26497597030506,54.22864134027085,55.23671340942383,13994600,0.0,0.0
2024-03-19 00:00:00-04:00,55.19902963384196,55.8867795273332,55.15192416599784,55.45340347290039,13455300,0.0,0.0
2024-03-20 00:00:00-04:00,55.10481996195942,56.84774746958289,55.07655380547122,56.64990234375,20269900,0.0,0.0
2024-03-21 00:00:00-04:00,56.81948229720288,57.98771368610523,56.81948229720288,57.78044891357422,17892100,0.0,0.0
2024-03-22 00:00:00-04:00,57.50722944670273,58.10076476878172,57.07385342279587,57.29996109008789,16206800,0.0,0.0
2024-03-25 00:00:00-04:00,57.36591086003364,57.95944979052291,57.07385481648997,57.42243957519531,12040300,0.0,0.0
2024-03-26 00:00:00-04:00,57.61086145568484,58.36455964147219,57.46954147351127,58.09134292602539,17947400,0.0,0.0
2024-03-27 00:00:00-04:00,58.43993678922947,59.12768671578107,58.14788071820661,59.11826705932617,16684400,0.0,0.0
2024-03-28 00:00:00-04:00,59.09942134714011,59.7023799613081,58.9581049435227,59.57990646362305,19012000,0.0,0.0
2024-04-01 00:00:00-04:00,59.919067155932865,60.201707147073364,59.372637267155916,59.78717041015625,14223900,0.0,0.0
2024-04-02 00:00:00-04:00,59.0240541175403,59.9096491448663,59.0240541175403,59.20305633544922,16062000,0.0,0.0
2024-04-03 00:00:00-04:00,59.221896431995745,59.72122084357449,57.95945052864094,58.11960983276367,18079900,0.0,0.0
2024-04-04 00:00:00-04:00,58.55299303765472,59.10884619901481,57.23401833797817,57.38475799560547,13401100,0.0,0.0
2024-04-05 00:00:00-04:00,57.299961428035346,58.44935345761791,56.92311052177059,58.03481674194336,12686300,0.0,0.0
2024-04-08 00:00:00-04:00,58.10077032256324,58.71315220168941,58.09135066632423,58.15729904174805,10708300,0.0,0.0
2024-04-09 00:00:00-04:00,58.17613419654624,58.49645637474543,57.38475020299042,58.09134292602539,10301200,0.0,0.0
2024-04-10 00:00:00-04:00,57.01732843678935,57.76160704427916,56.49916110529122,56.69700622558594,18088000,0.0,0.0
2024-04-11 00:00:00-04:00,56.85716211285278,57.365909757782596,56.05635842999097,57.196327209472656,18181900,0.0,0.0
2024-04-12 00:00:00-04:00,58.684884048942266,58.97694008545124,55.349765406985625,56.2259407043457,28561900,0.0,0.0
2024-04-15 00:00:00-04:00,56.6970043040846,57.38475417078896,54.82217656800923,55.1707649230957,19242300,0.0,0.0
2024-04-16 00:00:00-04:00,54.81276166201126,55.16134645338663,53.45610471623257,53.71989822387695,23211400,0.0,0.0
2024-04-17 00:00:00-04:00,54.162692480138695,55.48166348883204,54.04021539423086,54.8033332824707,15971600,0.0,0.0
2024-04-18 00:00:00-04:00,55.10481927712329,55.557038242228444,54.57722868754218,54.94465637207031,12272500,0.0,0.0
2024-04-19 00:00:00-04:00,54.859864958421234,55.99983382147842,54.859864958421234,55.71719741821289,13410100,0.0,0.0
2024-04-22 00:00:00-04:00,55.99983079191811,57.526073756033384,55.77372311910473,57.42243957519531,14513100,0.0,0.0
2024-04-23 00:00:00-04:00,57.54491545704096,59.13710316465558,57.488386743062065,59.04288864135742,17427800,0.0,0.0
2024-04-24 00:00:00-04:00,58.53414709423831,59.09941988253295,58.26093035586531,58.854469299316406,10123000,0.0,0.0
2024-04-25 00:00:00-04:00,58.26092687502356,58.816779974334025,57.56375379012432,58.21382141113281,13339100,0.0,0.0
2024-04-26 00:00:00-04:00,57.950026474904554,59.570480368523356,57.950026474904554,59.033470153808594,16364100,0.0,0.0
2024-04-29 00:00:00-04:00,59.10884640873536,59.69296213487399,58.37398743051766,58.65662384033203,10857100,0.0,0.0
2024-04-30 00:00:00-04:00,58.32687879705003,58.73199228024333,57.74276310259885,57.78044891357422,11163400,0.0,0.0
2024-05-01 00:00:00-04:00,57.92176679521307,58.66604540838618,57.356493991792654,57.79928970336914,14086600,0.0,0.0
2024-05-02 00:00:00-04:00,58.59067648688657,58.59067648688657,57.45070757752373,57.97829818725586,11292500,0.0,0.0
2024-05-03 00:00:00-04:00,58.45344273550395,59.06164289282153,58.35841338677726,58.462947845458984,11048900,0.53,0.0
2024-05-06 00:00:00-04:00,58.976119359632904,59.81238784022084,58.653014475043804,59.68885040283203,13386700,0.0,0.0
2024-05-07 00:00:00-04:00,59.69835019551383,60.021455070940824,58.890589819515064,58.919097900390625,10158200,0.0,0.0
2024-05-08 00:00:00-04:00,58.57698957216221,59.82189446415792,58.453448506510696,59.631832122802734,9755200,0.0,0.0
2024-05-09 00:00:00-04:00,59.280211878876976,60.278034517219695,59.19468401701119,60.173500061035156,11563000,0.0,0.0
2024-05-10 00:00:00-04:00,60.42058043079298,60.74368164954227,59.9834360242617,60.37306213378906,9548700,0.0,0.0
2024-05-13 00:00:00-04:00,60.458592266642064,60.77219563800241,60.22101527323716,60.24952697753906,6617900,0.0,0.0
2024-05-14 00:00:00-04:00,60.35406166040659,60.791206111267876,60.08797657085948,60.43008804321289,8322500,0.0,0.0
2024-05-15 00:00:00-04:00,60.46810185095841,61.19033436929252,60.439590144546706,61.047786712646484,9461300,0.0,0.0
2024-05-16 00:00:00-04:00,60.91474178406137,61.26635835666609,60.278037159589736,60.952754974365234,11682200,0.0,0.0
2024-05-17 00:00:00-04:00,61.18082361510854,61.342381477884366,60.7246798562485,60.88623046875,8418400,0.0,0.0
2024-05-20 00:00:00-04:00,60.886234002825006,61.057289734894844,59.7933783396163,60.021453857421875,11792100,0.0,0.0
2024-05-21 00:00:00-04:00,60.116486099800454,61.65598413733347,60.05946993645991,61.52294158935547,11197200,0.0,0.0
2024-05-22 00:00:00-04:00,61.09530469076733,61.75101955769474,60.47760301542882,60.648658752441406,8855300,0.0,0.0
2024-05-23 00:00:00-04:00,60.62965157881781,60.84822199066471,59.39425186505221,59.88841247558594,11535000,0.0,0.0
2024-05-24 00:00:00-04:00,60.18300862740028,60.79120517998359,60.12598884116906,60.42058563232422,9424600,0.0,0.0
2024-05-28 00:00:00-04:00,60.08797600768581,60.411080881309346,59.25170393034181,59.346736907958984,8404400,0.0,0.0
2024-05-29 00:00:00-04:00,58.500957016849654,59.09014691378848,58.15884558471193,58.928592681884766,7224200,0.0,0.0
2024-05-30 00:00:00-04:00,59.014131661381505,59.37524975504077,58.54848272165824,58.85258102416992,10061500,0.0,0.0
2024-05-31 00:00:00-04:00,58.91909493171778,59.28971446497597,58.386921156317364,59.21369171142578,17351600,0.0,0.0
2024-06-03 00:00:00-04:00,59.793382882218516,59.869409268975346,58.27289139845833,58.843074798583984,11373900,0.0,0.0
2024-06-04 00:00:00-04:00,57.98779389481383,58.947603368163705,57.74071178772044,57.99729537963867,10424200,0.0,0.0
2024-06-05 00:00:00-04:00,58.23487466343997,58.78605505849322,57.90226830445089,58.70052719116211,8780700,0.0,0.0
2024-06-06 00:00:00-04:00,58.72903326661112,58.96661026495917,58.206364595272866,58.86207580566406,8537900,0.0,0.0
2024-06-07 00:00:00-04:00,58.5389738646915,59.479780420167565,58.51997089399601,58.71002960205078,8260800,0.0,0.0
2024-06-10 00:00:00-04:00,58.20636659805635,58.59599274374804,57.72171109981055,58.37742233276367,9302300,0.0,0.0
2024-06-11 00:00:00-04:00,57.750220792160924,57.769227388229645,55.973145748817664,56.20121765136719,16966800,0.0,0.0
2024-06-12 00:00:00-04:00,57.88325944429253,58.16835111586315,56.92344997080605,57.02798080444336,15398500,0.0,0.0
2024-06-13 00:00:00-04:00,56.780901708177495,57.370091639734376,56.21071837120467,57.2370491027832,9358200,0.0,0.0
2024-06-14 00:00:00-04:00,56.48630955811235,56.85693274516317,55.7450704342858,56.381778717041016,10511000,0.0,0.0
2024-06-17 00:00:00-04:00,56.2772378520955,57.52213894414194,55.925621301164966,57.075496673583984,15527500,0.0,0.0
2024-06-18 00:00:00-04:00,57.37009370845309,58.56748383446508,57.10400862495593,57.75971984863281,15768100,0.0,0.0
2024-06-20 00:00:00-04:00,57.41761130778464,57.98779831948933,57.35109003352306,57.60767364501953,9519200,0.0,0.0
2024-06-21 00:00:00-04:00,57.20853978376824,57.26555594114763,56.39127436004999,57.008975982666016,18976200,0.0,0.0
2024-06-24 00:00:00-04:00,57.11351322505546,58.710031063389025,56.86643472335179,58.29189682006836,13290500,0.0,0.0
2024-06-25 00:00:00-04:00,58.15885566667716,58.757550776703276,57.835750771995826,58.51997375488281,11643100,0.0,0.0
2024-06-26 00:00:00-04:00,58.18736089684535,58.358416634181765,57.55065624964452,58.20636749267578,12409300,0.0,0.0
2024-06-27 00:00:00-04:00,58.44394040444964,58.85257312330474,57.93077322842641,58.491455078125,11285100,0.0,0.0
2024-06-28 00:00:00-04:00,58.94760451747118,60.42058482851365,58.73853922101286,60.30654525756836,20053200,0.0,0.0
2024-07-01 00:00:00-04:00,60.4871069494375,61.104808612761886,59.859903800969434,60.278038024902344,15334400,0.0,0.0
2024-07-02 00:00:00-04:00,60.144995735408024,61.49443139001472,60.135490625086895,61.46592330932617,10965600,0.0,0.0
2024-07-03 00:00:00-04:00,61.46592011082554,61.979087287340235,61.20934014770543,61.25685119628906,6574100,0.0,0.0
2024-07-05 00:00:00-04:00,61.29487059340796,61.35188675759283,60.582139539996234,60.84822463989258,7226200,0.0,0.0
2024-07-08 00:00:00-04:00,61.10481097439965,61.64648627696011,61.028784589762196,61.52294158935547,10349000,0.0,0.0
2024-07-09 00:00:00-04:00,61.57996103760678,63.44256383963392,61.52293762766309,63.24300003051758,16904300,0.0,0.0
2024-07-10 00:00:00-04:00,62.967415057204924,63.66113589155432,62.92940186418541,63.65163803100586,9817100,0.0,0.0
2024-07-11 00:00:00-04:00,62.900887501123705,63.19548065476484,62.06461183874963,62.44473648071289,20112300,0.0,0.0
2024-07-12 00:00:00-04:00,63.30001698286633,63.37604336356021,60.20201084720057,61.31386947631836,30125400,0.0,0.0
2024-07-15 00:00:00-04:00,61.46592390236654,62.2926945016855,60.70567820052507,61.9030647277832,16656600,0.0,0.0
2024-07-16 00:00:00-04:00,61.77001961957821,64.16479257470871,61.484924321224156,63.927215576171875,21170200,0.0,0.0
2024-07-17 00:00:00-04:00,63.518579260262015,64.44037912255277,63.30951760359099,64.25032043457031,17215300,0.0,0.0
2024-07-18 00:00:00-04:00,64.19331210681055,64.38337081797127,61.617970893849616,61.665489196777344,15796200,0.0,0.0
2024-07-19 00:00:00-04:00,61.70350091076309,62.70132724613857,61.342386468099306,61.9030647277832,8583100,0.0,0.0
2024-07-22 00:00:00-04:00,61.90306118116876,62.387720280607105,60.96225831189685,61.294864654541016,9925100,0.0,0.0
2024-07-23 00:00:00-04:00,61.304378449821726,61.80804059007937,61.08580439353182,61.44692611694336,6961200,0.0,0.0
2024-07-24 00:00:00-04:00,61.199838267780095,61.45641824444155,60.401579381673834,60.49660873413086,11591100,0.0,0.0
2024-07-25 00:00:00-04:00,60.639159486677,62.387726487256785,60.192513532002586,61.17133331298828,12819700,0.0,0.0
2024-07-26 00:00:00-04:00,61.34238295456902,62.387720281584684,61.23784849684,61.94107437133789,9661300,0.0,0.0
2024-07-29 00:00:00-04:00,62.05512070483797,62.093126647906416,60.952759848695344,61.10481262207031,7901900,0.0,0.0
2024-07-30 00:00:00-04:00,61.77952862193848,62.93890560788729,61.77952862193848,62.59679412841797,13554300,0.0,0.0
2024-07-31 00:00:00-04:00,62.6348024665088,62.74883478397786,61.608468107640206,61.65597915649414,15046500,0.0,0.0
2024-08-01 00:00:00-04:00,61.84604383242975,61.979086366927326,58.87157889991901,60.1354866027832,18052700,0.0,0.0
2024-08-02 00:00:00-04:00,56.70487176629616,57.58865842065967,55.497983899720246,55.840091705322266,30289300,0.0,0.0
2024-08-05 00:00:00-04:00,51.88716005365002,54.59281409511429,51.34026910823034,53.930789947509766,27977300,0.56,0.0
2024-08-06 00:00:00-04:00,54.10348903071178,55.32199331479285,53.81565420880705,54.266597747802734,16643100,0.0,0.0
2024-08-07 00:00:00-04:00,55.811311106151756,56.079960106939915,53.60457263264038,53.834842681884766,19221200,0.0,0.0
2024-08-08 00:00:00-04:00,54.54483750052068,55.99361187794872,54.50646220722561,55.64820861816406,17933300,0.0,0.0
2024-08-09 00:00:00-04:00,55.676992112644946,56.089556718940415,55.12051191858362,55.49469757080078,11421000,0.0,0.0
2024-08-12 00:00:00-04:00,55.93604456264572,56.300637306352556,55.38915727709471,55.49469757080078,15123500,0.0,0.0
2024-08-13 00:00:00-04:00,55.86888376548492,55.92645219716133,55.42753676935465,55.79212951660156,7478500,0.0,0.0
2024-08-14 00:00:00-04:00,56.00320734351334,57.11617142029659,55.91685652462419,56.87630844116211,12419500,0.0,0.0
2024-08-15 00:00:00-04:00,57.893326962644466,58.53615796962219,57.663056899536656,58.0660285949707,14159000,0.0,0.0
2024-08-16 00:00:00-04:00,57.88373376451629,59.025480185831775,57.88373376451629,58.91034698486328,9939700,0.0,0.0
2024-08-19 00:00:00-04:00,59.00629646452645,59.53399431879081,58.86237720426398,59.51480484008789,8882500,0.0,0.0
2024-08-20 00:00:00-04:00,59.09264669134347,59.198186993133255,58.61292070867629,58.82400131225586,8661300,0.0,0.0
2024-08-21 00:00:00-04:00,58.910348350009414,58.958320213189744,57.451981017212354,58.07562255859375,14414900,0.0,0.0
2024-08-22 00:00:00-04:00,58.28670220926664,58.28670220926664,57.672653586409844,57.9700813293457,7848500,0.0,0.0
2024-08-23 00:00:00-04:00,58.40183412944146,59.927362744632276,58.27710802192345,59.620338439941406,13299700,0.0,0.0
2024-08-26 00:00:00-04:00,59.83142175077041,60.06168815978156,59.07345386273666,59.2845344543457,9384200,0.0,0.0
2024-08-27 00:00:00-04:00,59.399670550848974,59.65872301861297,58.96791643790898,59.17899703979492,7294800,0.0,0.0
2024-08-28 00:00:00-04:00,58.86237641674548,59.47642874696698,58.6704889523212,59.08305358886719,7692900,0.0,0.0
2024-08-29 00:00:00-04:00,59.4956100520607,59.69709773045138,58.68967031855346,59.37088394165039,8368000,0.0,0.0
2024-08-30 00:00:00-04:00,59.43804663747669,60.15763557095699,59.159804704793174,60.100067138671875,10806500,0.0,0.0
2024-09-03 00:00:00-04:00,59.52439460531901,59.86020129418753,58.49778140218562,58.96791076660156,11055200,0.0,0.0
2024-09-04 00:00:00-04:00,59.073455969403376,59.55318194197285,57.960491859442946,58.488189697265625,11436800,0.0,0.0
2024-09-05 00:00:00-04:00,59.1118322486719,59.284533883777435,57.89332789432444,58.17156982421875,10243900,0.0,0.0
2024-09-06 00:00:00-04:00,58.23872979934475,58.6033225382453,56.415769764860464,56.69401168823242,14094000,0.0,0.0
2024-09-09 00:00:00-04:00,57.48076293079005,58.20994476118753,55.811315021695336,57.12576675415039,19811700,0.0,0.0
2024-09-10 00:00:00-04:00,57.46157418394357,57.46157418394357,54.391327346370495,55.60023880004883,22482300,0.0,0.0
2024-09-11 00:00:00-04:00,55.25483494637313,55.25483494637313,53.90200791673704,54.976593017578125,16569400,0.0,0.0
2024-09-12 00:00:00-04:00,55.04375019985041,55.51388320471689,54.525648995734564,55.005374908447266,12937800,0.0,0.0
2024-09-13 00:00:00-04:00,55.369963881782326,55.916851128632686,55.10131854228201,55.33158493041992,10379400,0.0,0.0
2024-09-16 00:00:00-04:00,55.58104530557636,56.406174472415024,55.58104530557636,56.02239227294922,9912700,0.0,0.0
2024-09-17 00:00:00-04:00,56.473341593797414,57.0010394271098,56.37739420409237,56.88590621948242,10630400,0.0,0.0
2024-09-18 00:00:00-04:00,57.32724927345622,58.41143091213594,56.885902291345324,57.471168518066406,13638700,0.0,0.0
2024-09-19 00:00:00-04:00,58.44980572204372,60.60857241323575,58.14278141876455,60.464656829833984,21860600,0.0,0.0
2024-09-20 00:00:00-04:00,59.984931174268716,60.10966094180514,59.17899145945058,59.620338439941406,18331800,0.0,0.0
2024-09-23 00:00:00-04:00,59.697096284809255,60.32073780181399,59.64912076348562,60.04249954223633,11508200,0.0,0.0
2024-09-24 00:00:00-04:00,60.13844456885031,60.349525155192325,58.64169830755131,58.881561279296875,12046200,0.0,0.0
2024-09-25 00:00:00-04:00,58.6416978156545,58.80480653828292,57.672653028339056,57.931705474853516,12763800,0.0,0.0
2024-09-26 00:00:00-04:00,58.574533242540056,59.48601320920082,58.39223871321521,59.20777130126953,12844500,0.0,0.0
2024-09-27 00:00:00-04:00,59.49561266283646,60.07128601775665,59.284535726715845,59.361289978027344,8144600,0.0,0.0
2024-09-30 00:00:00-04:00,59.178989719752266,60.10006260674788,58.756832228217185,60.061683654785156,11316400,0.0,0.0
2024-10-01 00:00:00-04:00,59.69709366838586,59.821819770309226,58.53615417957836,59.30371856689453,13550100,0.0,0.0
2024-10-02 00:00:00-04:00,59.19818759153681,59.994530827604365,58.824001906876966,59.51480484008789,7380800,0.0,0.0
2024-10-03 00:00:00-04:00,59.00629586806262,59.15980803611537,58.45940854062355,58.82400131225586,7939800,0.0,0.0
2024-10-04 00:00:00-04:00,59.93696207055859,60.37830907135539,59.30372395549667,60.100067138671875,10097900,0.0,0.0
2024-10-07 00:00:00-04:00,59.95614702691511,60.47424823833871,59.55317535134309,60.061683654785156,6954300,0.0,0.0
2024-10-08 00:00:00-04:00,60.34952549849965,60.79087249061773,59.956150368999886,60.67573928833008,8245700,0.0,0.0
2024-10-09 00:00:00-04:00,60.608570234652305,61.64477996598661,60.48384413219109,61.52005386352539,8636400,0.0,0.0
2024-10-10 00:00:00-04:00,61.4049174380642,61.5104577255138,60.55100589054405,60.906002044677734,8708600,0.0,0.0
2024-10-11 00:00:00-04:00,61.5200638096367,63.41977463751099,61.50087067074795,63.074371337890625,15512400,0.0,0.0
2024-10-14 00:00:00-04:00,63.14152123121467,63.736383988227615,62.98801274813685,63.33341598510742,14682900,0.0,0.0
2024-10-15 00:00:00-04:00,64.04341507974691,64.43679387700064,59.994526842825124,60.100067138671875,35348100,0.0,0.0
2024-10-16 00:00:00-04:00,60.867629449621816,61.827085044811184,60.82925415382918,61.6447868347168,20208800,0.0,0.0
2024-10-17 00:00:00-04:00,62.10532224447316,62.52747608610365,61.18424567539261,61.376136779785156,13439600,0.0,0.0
2024-10-18 00:00:00-04:00,61.52005985870854,61.52005985870854,60.18641861304121,60.301551818847656,13841200,0.0,0.0
2024-10-21 00:00:00-04:00,60.243987090708195,60.35912029660017,59.22696673527633,59.322914123535156,12188500,0.0,0.0
2024-10-22 00:00:00-04:00,59.092643748953705,61.107491311823374,58.81440181445669,60.982765197753906,14347300,0.0,0.0
2024-10-23 00:00:00-04:00,60.61817408049854,61.049928187058526,60.08087967455514,60.54141616821289,8720500,0.0,0.0
2024-10-24 00:00:00-04:00,60.455065626355854,60.73330756964943,59.86020644346718,60.445472717285156,11420300,0.0,0.0
2024-10-25 00:00:00-04:00,61.06910808238983,61.15545889015198,59.18857978668289,59.255741119384766,9697800,0.0,0.0
2024-10-28 00:00:00-04:00,59.82182072568586,61.7407244045854,59.697094621770574,61.558433532714844,14637700,0.0,0.0
2024-10-29 00:00:00-04:00,61.47208510287028,62.297214351502426,61.24181868837958,62.06694793701172,13134100,0.0,0.0
2024-10-30 00:00:00-04:00,61.5968050752557,62.585046617285336,61.539240307383984,61.8846435546875,11717600,0.0,0.0
2024-10-31 00:00:00-04:00,61.94220548101731,62.38355242787283,61.4912619666112,61.56801986694336,10042800,0.0,0.0
2024-11-01 00:00:00-04:00,61.72154126829528,62.182074072005015,61.10748898997256,61.126678466796875,11557700,0.0,0.0
2024-11-04 00:00:00-05:00,60.97180774041657,61.59130160769437,60.23615600366815,60.35231018066406,9419600,0.56,0.0
2024-11-05 00:00:00-05:00,60.98148484773684,61.69777692936736,60.72013518386386,61.6300163269043,12649800,0.0,0.0
2024-11-06 00:00:00-05:00,66.20848600931262,67.8443338948504,66.10200978549672,66.81829833984375,41957700,0.0,0.0
2024-11-07 00:00:00-05:00,66.01487011982519,66.74084013163389,65.58897273466263,65.9277572631836,18582000,0.0,0.0
2024-11-08 00:00:00-05:00,66.5182191870749,66.91507898750432,65.90839959831703,66.43109893798828,14973300,0.0,0.0
2024-11-11 00:00:00-05:00,67.27322292499606,67.95079200047684,66.98283195839056,67.56361389160156,19173100,0.0,0.0
2024-11-12 00:00:00-05:00,67.30226308729442,67.74752383728183,66.66341327555574,66.80860137939453,15766500,0.0,0.0
2024-11-13 00:00:00-05:00,66.85699523704831,67.55392760125714,66.60532357553988,66.6827621459961,10525300,0.0,0.0
2024-11-14 00:00:00-05:00,67.07964744995154,67.07964744995154,65.3082784419555,65.96649169921875,15043500,0.0,0.0
2024-11-15 00:00:00-05:00,65.82128643171697,66.75052723632375,65.71481023051678,66.55693817138672,15372900,0.0,0.0
2024-11-18 00:00:00-05:00,66.47949867487034,67.06027324662368,66.17943341287014,66.78924560546875,11519000,0.0,0.0
2024-11-19 00:00:00-05:00,65.82127931603254,66.68276311628473,65.5308883650706,66.40205383300781,14428200,0.0,0.0
2024-11-20 00:00:00-05:00,66.9247619660837,67.26354653038547,65.82128802238671,66.09231567382812,10495600,0.0,0.0
2024-11-21 00:00:00-05:00,66.59565662216403,67.24418810497507,66.21815278082929,66.7408447265625,11390300,0.0,0.0
2024-11-22 00:00:00-05:00,66.70212969459219,67.95079164356981,66.25686157881609,67.60232543945312,16671600,0.0,0.0
2024-11-25 00:00:00-05:00,68.1831119167602,68.9090819929269,67.78624473034664,68.4831771850586,19558100,0.0,0.0
2024-11-26 00:00:00-05:00,68.10566922983882,68.22182709360361,67.10867156694212,67.51521301269531,11605200,0.0,0.0
2024-11-27 00:00:00-05:00,67.53457524073282,68.14439485098728,67.42810642023971,67.9120864868164,9736100,0.0,0.0
2024-11-29 00:00:00-05:00,68.01855275077423,68.8122797347291,67.97015917690533,68.59933471679688,8606500,0.0,0.0
2024-12-02 00:00:00-05:00,68.97683661176943,69.3543404480315,68.6090070590377,69.10266876220703,11932600,0.0,0.0
2024-12-03 00:00:00-05:00,69.87704733687426,70.46750363391698,68.98651836407124,69.1317138671875,17544200,0.0,0.0
2024-12-04 00:00:00-05:00,69.20914459228516,69.42209698800714,68.24118452805739,69.20914459228516,12331900,0.0,0.0
2024-12-05 00:00:00-05:00,69.5285707365446,70.5158867178985,69.34465596763644,69.91575622558594,14307600,0.0,0.0
2024-12-06 00:00:00-05:00,69.99319528254252,70.27390460902498,69.41242067617698,69.83832550048828,8781100,0.0,0.0
2024-12-09 00:00:00-05:00,69.98351434190727,70.46749436533692,69.5382462215968,69.55760955810547,11957500,0.0,0.0
2024-12-10 00:00:00-05:00,69.69312870420259,71.02891101245126,69.28658722581599,70.17710876464844,16833400,0.0,0.0
2024-12-11 00:00:00-05:00,70.66109075533869,70.91276246143134,68.98651645107397,69.65441131591797,22533600,0.0,0.0
2024-12-12 00:00:00-05:00,69.55761106401172,70.01255347747686,69.12203198747449,69.14138793945312,8893000,0.0,0.0
2024-12-13 00:00:00-05:00,69.41240942652108,69.60600585389999,68.49285039755422,68.7348403930664,9819900,0.0,0.0
2024-12-16 00:00:00-05:00,68.98651049500528,69.47049052688673,68.56061308871506,69.199462890625,11833800,0.0,0.0
2024-12-17 00:00:00-05:00,68.62837145240567,69.0639505363517,68.5315769209676,68.84132385253906,12639000,0.0,0.0
2024-12-18 00:00:00-05:00,68.89940222346642,69.18011154684976,65.74385013762061,65.93744659423828,18028000,0.0,0.0
2024-12-19 00:00:00-05:00,66.99251835288266,67.60233056383726,66.13103444544457,66.22782897949219,13464300,0.0,0.0
2024-12-20 00:00:00-05:00,66.10199424766158,68.00887677237971,65.85032256098603,66.97315979003906,27720100,0.0,0.0
2024-12-23 00:00:00-05:00,67.13770901012899,67.64104498188829,66.66341065799729,67.5345687866211,8248000,0.0,0.0
2024-12-24 00:00:00-05:00,67.85400076368808,68.92843705330218,67.69913098961771,68.72516632080078,6544900,0.0,0.0
2024-12-26 00:00:00-05:00,68.27990429067897,69.18010745205612,68.2508666701425,69.06394958496094,6341700,0.0,0.0
2024-12-27 00:00:00-05:00,68.58965249913318,69.23818398639231,68.27990556604304,68.72516632080078,7743100,0.0,0.0
2024-12-30 00:00:00-05:00,67.93144908697518,68.56062471207763,67.55394518890381,68.13471984863281,6664400,0.0,0.0
2024-12-31 00:00:00-05:00,68.28959702986747,68.68645688311793,67.9024114617313,68.13471984863281,6393000,0.0,0.0
2025-01-02 00:00:00-05:00,68.66709497054744,68.8800473837946,67.41842549873887,67.69913482666016,9827400,0.0,0.0
2025-01-03 00:00:00-05:00,68.60900845153596,68.81227918403735,67.61201074143173,68.72516632080078,11342900,0.0,0.0
2025-01-06 00:00:00-05:00,69.91576186073985,71.61936633391257,69.57696991492922,70.40941619873047,19199700,0.0,0.0
2025-01-07 00:00:00-05:00,71.53225783831348,71.90976171275315,70.40942049950317,71.31930541992188,18309400,0.0,0.0
2025-01-08 00:00:00-05:00,71.09666526786421,71.11602860513003,70.36102092064925,70.91275787353516,13742800,0.0,0.0
2025-01-10 00:00:00-05:00,70.13838577471829,70.13838577471829,68.74452091095885,69.11235046386719,13217700,0.0,0.0
2025-01-13 00:00:00-05:00,68.7058190248112,70.66109540161472,68.7058190248112,70.43846130371094,16720600,0.0,0.0
2025-01-14 00:00:00-05:00,70.97083980993123,71.61937135547244,70.79660668285075,71.14507293701172,19576000,0.0,0.0
2025-01-15 00:00:00-05:00,73.75856033748936,76.71084174342444,73.4294574318834,75.76223754882812,44903000,0.0,0.0
2025-01-16 00:00:00-05:00,75.33632429548496,76.23652733977767,75.26856739472952,75.99453735351562,21463100,0.0,0.0
2025-01-17 00:00:00-05:00,76.03326654274818,77.87238476997221,75.65576270579594,77.4271240234375,22084800,0.0,0.0
2025-01-21 00:00:00-05:00,77.85303801732259,79.22753970838268,77.35937625491786,79.05330657958984,21297400,0.0,0.0
2025-01-22 00:00:00-05:00,78.85970995148213,79.64375526356051,78.62740159696807,79.07266235351562,14725700,0.0,0.0
2025-01-23 00:00:00-05:00,79.37272661874053,80.1180526315144,79.17913755657699,79.3533706665039,14435200,0.0,0.0
2025-01-24 00:00:00-05:00,78.87906667888014,79.48888626977599,78.73387118652639,78.86939239501953,16025200,0.0,0.0
2025-01-27 00:00:00-05:00,78.16277200833765,78.80162916952804,77.64975437674782,78.47251892089844,12782800,0.0,0.0
2025-01-28 00:00:00-05:00,78.6177107370216,78.79194382877485,76.9334624400393,77.37872314453125,16521700,0.0,0.0
2025-01-29 00:00:00-05:00,77.32064556840963,78.98553802379247,77.32064556840963,78.04661560058594,10573000,0.0,0.0
2025-01-30 00:00:00-05:00,78.68547618181199,79.97286486702026,78.39508520238402,79.23721313476562,10775500,0.0,0.0
2025-01-31 00:00:00-05:00,79.0726708645407,79.70183908469755,78.47253288375465,78.82099914550781,12818300,0.0,0.0
2025-02-03 00:00:00-05:00,76.51104944472459,77.88532791490158,74.94184133893295,77.59292602539062,20998500,0.56,0.0
2025-02-04 00:00:00-05:00,78.08025224726629,78.20695575820116,76.37459202517586,76.4915542602539,13417700,0.0,0.0
2025-02-05 00:00:00-05:00,77.03735965851556,77.58316852528648,76.22838763377428,77.44671630859375,10736100,0.0,0.0
2025-02-06 00:00:00-05:00,78.20694640664897,80.40968656931906,77.90480329726984,80.2439956665039,19545700,0.0,0.0
2025-02-07 00:00:00-05:00,80.34146966167187,80.80931116350139,79.28883185962177,79.64945983886719,10310300,0.0,0.0
2025-02-10 00:00:00-05:00,79.56173817725644,79.74692652718709,78.0412662736659,78.6845474243164,10681600,0.0,0.0
2025-02-11 00:00:00-05:00,78.42137637751073,79.46426538753342,78.18745936261355,79.0549087524414,9993800,0.0,0.0
2025-02-12 00:00:00-05:00,78.13872583373882,79.23035099959928,77.98278363066622,79.21085357666016,10448100,0.0,0.0
2025-02-13 00:00:00-05:00,79.33756012366906,80.04905986369351,78.73326645952027,80.01982116699219,11108400,0.0,0.0
2025-02-14 00:00:00-05:00,80.32196936608197,82.52470206210117,80.14652975492149,82.46622467041016,16035000,0.0,0.0
2025-02-18 00:00:00-05:00,81.81321300250015,82.59293892562624,81.43309503480738,82.48572540283203,17907000,0.0,0.0
2025-02-19 00:00:00-05:00,81.9301566870519,82.0958550227672,81.33561175442252,81.81320190429688,9710800,0.0,0.0
2025-02-20 00:00:00-05:00,81.71573283893063,81.9301598637454,78.88921641680922,79.2790756225586,15160300,0.0,0.0
2025-02-21 00:00:00-05:00,79.72743140875228,79.83464492696176,77.59291719214842,77.63190460205078,14907800,0.0,0.0
2025-02-24 00:00:00-05:00,78.1874599282429,78.64555268629272,75.11727027066661,76.5500259399414,12830000,0.0,0.0
2025-02-25 00:00:00-05:00,77.17381426050493,77.55393222391028,74.52272979238364,76.16016387939453,14501400,0.0,0.0
2025-02-26 00:00:00-05:00,76.8034412676662,78.06074989393757,76.48180071857912,77.06659698486328,13115000,0.0,0.0
2025-02-27 00:00:00-05:00,77.54417830215235,78.33366031133382,76.66698763697623,76.87166595458984,8485900,0.0,0.0
2025-02-28 00:00:00-05:00,77.2128013465799,77.94379857098794,75.64359337663026,77.92430114746094,21233600,0.0,0.0
2025-03-03 00:00:00-05:00,77.9730427394401,78.39214814160815,74.31805636102885,75.2147445678711,20121100,0.0,0.0
2025-03-04 00:00:00-05:00,72.65137514192661,72.96326697971075,68.84043954529125,70.51686096191406,33983900,0.0,0.0
2025-03-05 00:00:00-05:00,70.76052517943029,71.66696197549615,69.8833270806427,71.11140441894531,17214200,0.0,0.0
2025-03-06 00:00:00-05:00,69.99053335137688,70.555839560546,68.26538346570419,68.79170227050781,18550800,0.0,0.0
2025-03-07 00:00:00-05:00,68.40183924358654,68.94764806110096,66.34530003119652,68.67474365234375,18212900,0.0,0.0
2025-03-10 00:00:00-04:00,66.75466434665977,66.98858881208885,64.37649177017038,65.70203399658203,22378400,0.0,0.0
2025-03-11 00:00:00-04:00,65.58507081827459,66.73517339707662,64.49344563694257,65.78974914550781,21269200,0.0,0.0
2025-03-12 00:00:00-04:00,67.04706856388422,67.35896042598272,65.17571739129322,66.22834777832031,16131100,0.0,0.0
2025-03-13 00:00:00-04:00,66.66694222045416,67.38819066675015,65.03925700183295,65.5265884399414,17125200,0.0,0.0
2025-03-14 00:00:00-04:00,66.24784077215625,67.2517424037718,65.86772282302198,67.03731536865234,12727300,0.0,0.0
2025-03-17 00:00:00-04:00,67.1445315085655,68.57728726637674,66.93985317689081,68.16793060302734,12531700,0.0,0.0
2025-03-18 00:00:00-04:00,68.19716070387435,68.70398211324975,67.82678406232367,68.44082641601562,12289900,0.0,0.0
2025-03-19 00:00:00-04:00,68.577290741691,70.35117714218921,67.9047708777581,69.62992858886719,14400600,0.0,0.0
2025-03-20 00:00:00-04:00,69.18157664170108,71.1309024622089,68.75272258164124,70.00028991699219,15315600,0.0,0.0
2025-03-21 00:00:00-04:00,69.47396628916489,70.41939043705575,68.9768861569165,70.15623474121094,21724000,0.0,0.0
2025-03-24 00:00:00-04:00,71.40379621581717,72.46617505989637,70.82874131794516,72.16403198242188,15310600,0.0,0.0
2025-03-25 00:00:00-04:00,72.46619053727343,72.90479333666714,71.85215554142826,72.5831527709961,10922200,0.0,0.0
2025-03-26 00:00:00-04:00,72.9242848035798,73.158201839682,71.2088758546239,71.38431549072266,12345800,0.0,0.0
2025-03-27 00:00:00-04:00,71.14063308385177,71.14063308385177,69.94180204797642,70.0295181274414,13155800,0.0,0.0
2025-03-28 00:00:00-04:00,69.77611217508789,70.37065712818261,67.91450993664573,68.54804229736328,13630700,0.0,0.0
2025-03-31 00:00:00-04:00,67.739076579929,69.3960006585279,66.67669750936476,69.19132232666016,15568400,0.0,0.0
2025-04-01 00:00:00-04:00,68.59677405636207,69.08410551937254,67.52464632495663,68.75272369384766,10957100,0.0,0.0
2025-04-02 00:00:00-04:00,67.90476131445932,70.13674021019138,67.83653521005212,69.94181060791016,9731700,0.0,0.0
2025-04-03 00:00:00-04:00,64.49344280533276,65.10748519616084,61.3062983696509,61.45249557495117,39469500,0.0,0.0
2025-04-04 00:00:00-04:00,58.72344229533867,58.88913321092993,54.88327163974932,56.65715789794922,51730500,0.0,0.0
2025-04-07 00:00:00-04:00,54.73707141085227,59.77608082220881,54.10353900280622,57.35891342163086,37487700,0.0,0.0
2025-04-08 00:00:00-04:00,59.68835566840268,61.07237515621224,56.11134100969103,57.28093719482422,30272300,0.0,0.0
2025-04-09 00:00:00-04:00,55.321865597375854,64.08408686734451,54.64934952235887,62.524627685546875,49437900,0.0,0.0
2025-04-10 00:00:00-04:00,60.51681905539942,60.9164306920173,57.58308538921117,60.02948760986328,25912800,0.0,0.0
2025-04-11 00:00:00-04:00,59.33747820175898,60.73124644170923,58.40179899506207,60.07822036743164,24776000,0.0,0.0
2025-04-14 00:00:00-04:00,61.74489044498154,62.797528114200944,61.111361819360596,61.618186950683594,20385900,0.0,0.0
2025-04-15 00:00:00-04:00,62.56361340283095,64.61040398834895,62.22247915988204,62.70006561279297,24738400,0.0,0.0
2025-04-16 00:00:00-04:00,61.46224090247276,62.202983035461884,59.746832197586805,60.52656173706055,21922600,0.0,0.0
2025-04-17 00:00:00-04:00,60.60454138061731,62.16400058386413,60.27315583517186,61.647430419921875,14656300,0.0,0.0
2025-04-21 00:00:00-04:00,61.16009701829893,61.54021495468101,60.38036744135569,61.10161590576172,15136000,0.0,0.0
2025-04-22 00:00:00-04:00,61.91058823927643,63.323850196676325,61.900839528111206,62.914493560791016,13252300,0.0,0.0
2025-04-23 00:00:00-04:00,64.78583859921372,67.07629473065408,64.48369550566208,64.62014770507812,17243900,0.0,0.0
2025-04-24 00:00:00-04:00,64.58116811231687,66.60846136434364,64.11332663194882,66.43302917480469,13672300,0.0,0.0
2025-04-25 00:00:00-04:00,66.14063226370871,66.96909433261386,66.0431674502061,66.6961898803711,12253400,0.0,0.0
2025-04-28 00:00:00-04:00,66.92036448840754,67.64161301917959,66.05290758577318,66.54998779296875,14304800,0.0,0.0
2025-04-29 00:00:00-04:00,66.30632640412308,67.35896428758511,66.24784900040486,67.1347885131836,8862800,0.0,0.0
2025-04-30 00:00:00-04:00,65.79950125662837,66.92036519460453,65.02951659377673,66.64745330810547,15756500,0.0,0.0
2025-05-01 00:00:00-04:00,66.48175454694413,67.15427431768263,66.169862720937,66.41352844238281,9682300,0.0,0.0
2025-05-02 00:00:00-04:00,67.81705595196026,69.0353847491595,67.60262889387897,68.80146026611328,13291200,0.0,0.0
2025-05-05 00:00:00-04:00,68.06460905149454,69.6954910127582,68.02530987821159,69.00776672363281,10318500,0.56,0.0
2025-05-06 00:00:00-04:00,68.23162077566246,69.0372350401973,67.95653407492624,68.25127410888672,7744300,0.0,0.0
2025-05-07 00:00:00-04:00,68.52637253622143,69.44988447148684,68.42812833993935,69.0176010131836,11619200,0.0,0.0
2025-05-08 00:00:00-04:00,69.75443743438497,70.97268184856924,69.70531159290091,70.38320922851562,12698400,0.0,0.0
2025-05-09 00:00:00-04:00,70.77619428738087,70.99233599951387,70.03935162995533,70.19654083251953,8941900,0.0,0.0
2025-05-12 00:00:00-04:00,73.29128135535666,74.3228640720381,72.98672212276834,73.5958480834961,18464100,0.0,0.0
2025-05-13 00:00:00-04:00,73.81197928948654,74.93197948135305,73.71373510513087,74.2442626953125,12397800,0.0,0.0
2025-05-14 00:00:00-04:00,74.30320897772663,74.52917735160545,73.65479135344772,73.96917724609375,11372000,0.0,0.0
2025-05-15 00:00:00-04:00,73.2814574794167,74.83374119954631,73.16356744711157,74.62742614746094,12627700,0.0,0.0
2025-05-16 00:00:00-04:00,74.05759286147959,74.55864794160203,73.80215948346094,74.39163208007812,14008700,0.0,0.0
2025-05-19 00:00:00-04:00,73.6842676226944,74.98111043303177,73.47795257281702,74.79444122314453,12691700,0.0,0.0
2025-05-20 00:00:00-04:00,74.51935560127757,74.71585148186587,74.096898827452,74.5684814453125,8930900,0.0,0.0
2025-05-21 00:00:00-04:00,73.66462648678895,74.09690245413819,71.9158467939401,72.13198852539062,17143800,0.0,0.0
2025-05-22 00:00:00-04:00,71.93550013073659,72.61339783473106,71.64076004320373,72.13198852539062,12067800,0.0,0.0
2025-05-23 00:00:00-04:00,70.3930369648885,72.11233650522502,70.3930369648885,71.80776977539062,9851900,0.0,0.0
2025-05-27 00:00:00-04:00,72.85900291893222,74.22461732813771,72.20075113891126,74.1460189819336,12148500,0.0,0.0
2025-05-28 00:00:00-04:00,74.24425741081863,74.42109992829204,73.47794233361734,73.71372985839844,9993200,0.0,0.0
2025-05-29 00:00:00-04:00,74.27374299930118,74.39164053023691,73.36988441544865,74.20497131347656,11879200,0.0,0.0
2025-05-30 00:00:00-04:00,73.98882292991969,74.19513796882808,73.17338944153438,73.99864959716797,12512200,0.0,0.0
2025-06-02 00:00:00-04:00,73.84145833613083,74.56847428562459,72.996544869604,74.47023010253906,9073400,0.0,0.0
2025-06-03 00:00:00-04:00,74.30321101636811,75.39373875105638,74.11654930644343,75.18742370605469,9802600,0.0,0.0
2025-06-04 00:00:00-04:00,75.15795183115951,76.21900706770816,75.01058179904699,75.05970764160156,10119600,0.0,0.0
2025-06-05 00:00:00-04:00,75.26602904045937,75.91444674270635,74.3326979175631,75.3249740600586,14760500,0.0,0.0
2025-06-06 00:00:00-04:00,76.34672305070005,77.0344473622775,76.12076216638475,76.88707733154297,11515200,0.0,0.0
2025-06-09 00:00:00-04:00,77.22110940790836,77.52567613823145,76.73970763459603,76.79865264892578,9288000,0.0,0.0
2025-06-10 00:00:00-04:00,76.46462154454483,76.94602332187105,76.1600548116823,76.6611099243164,10942400,0.0,0.0
2025-06-11 00:00:00-04:00,76.8281241995013,77.53549434485546,76.49409246172355,77.00496673583984,9030500,0.0,0.0
2025-06-12 00:00:00-04:00,76.43514063500776,76.88706985524507,75.98320391922003,76.85759735107422,6739700,0.0,0.0
2025-06-13 00:00:00-04:00,75.68847191725885,75.8751411057283,74.77478680374853,75.02040100097656,11987200,0.0,0.0
2025-06-16 00:00:00-04:00,75.77689706238041,76.92637731779762,75.60005452274325,76.70040893554688,10396600,0.0,0.0
2025-06-17 00:00:00-04:00,76.14041202280534,76.62181381942091,75.75725442001212,76.00286865234375,8078600,0.0,0.0
2025-06-18 00:00:00-04:00,76.04216335503861,77.58462034350866,75.9046199926694,76.97549438476562,14866100,0.0,0.0
2025-06-20 00:00:00-04:00,77.49619485012,77.87935242801044,76.95584807144041,77.07373809814453,17336500,0.0,0.0
2025-06-23 00:00:00-04:00,76.99514328941098,78.05619095298508,76.15022982887281,77.9677734375,12007200,0.0,0.0
2025-06-24 00:00:00-04:00,78.59655246144354,80.02111197658667,78.47865493435289,79.716552734375,18393000,0.0,0.0
2025-06-25 00:00:00-04:00,79.71655358600178,81.25901064471391,79.65760856960242,81.18041229248047,13221900,0.0,0.0
2025-06-26 00:00:00-04:00,81.21970385040959,83.30251501592535,81.21970385040959,82.88988494873047,18600500,0.0,0.0
2025-06-27 00:00:00-04:00,83.00778246894563,83.08638082090692,82.3397114683775,82.89971160888672,21872400,0.0,0.0
2025-06-30 00:00:00-04:00,83.4105901608372,83.9411177726394,83.1256767677091,83.6267318725586,18035200,0.0,0.0
2025-07-01 00:00:00-04:00,83.50883668222231,84.9628761954377,83.28286829668666,84.75655364990234,17088900,0.0,0.0
2025-07-02 00:00:00-04:00,84.97269326091894,85.40497668572095,83.96076387608801,85.23796081542969,13420200,0.0,0.0
2025-07-03 00:00:00-04:00,85.60146390649015,87.24217256684317,85.32637718371508,87.16357421875,13229900,0.0,0.0
2025-07-07 00:00:00-04:00,86.58392576139478,87.27165010352148,85.61129550822368,86.06322479248047,12407300,0.0,0.0
2025-07-08 00:00:00-04:00,86.07305308322738,86.24989563218818,83.98042250015087,84.06884002685547,18075600,0.0,0.0
2025-07-09 00:00:00-04:00,85.12005995884113,85.12005995884113,84.08847727933721,84.28497314453125,9929400,0.0,0.0
2025-07-10 00:00:00-04:00,84.324281719204,85.55235290527344,84.25551003260618,85.55235290527344,9586100,0.0,0.0
2025-07-11 00:00:00-04:00,84.41269329491773,85.43444934915114,84.11796072837323,85.20848846435547,10256000,0.0,0.0
2025-07-14 00:00:00-04:00,84.96287831199355,85.99445358761187,84.70743741231837,85.96498107910156,13450800,0.0,0.0
2025-07-15 00:00:00-04:00,87.09480125357689,90.18954183025696,86.57410032235327,89.12848663330078,39270900,0.0,0.0
2025-07-16 00:00:00-04:00,89.87515127414652,90.01269462636796,86.68216667726918,88.44075775146484,23321000,0.0,0.0
2025-07-17 00:00:00-04:00,88.54883765653517,91.56498003828027,88.30322343165186,91.4569091796875,23949200,0.0,0.0
2025-07-18 00:00:00-04:00,91.51585247910974,92.15445089863853,91.11304159298139,91.81058502197266,16603700,0.0,0.0
2025-07-21 00:00:00-04:00,91.94813972457064,92.42954901310819,90.90673778591255,91.0246353149414,11894500,0.0,0.0
2025-07-22 00:00:00-04:00,91.92848777088913,92.82252710824646,91.0934009419016,92.35094451904297,15282600,0.0,0.0
2025-07-23 00:00:00-04:00,92.84217167592583,94.3060302734375,92.82252583710557,94.3060302734375,22339800,0.0,0.0
2025-07-24 00:00:00-04:00,94.6007730471451,95.20989900581519,93.62814284320751,93.71656036376953,15644400,0.0,0.0
2025-07-25 00:00:00-04:00,93.7165649204321,94.50253345399246,92.77340717749055,94.38463592529297,13543400,0.0,0.0
2025-07-28 00:00:00-04:00,94.38463835114452,94.51235505552125,93.40218140671892,93.87376403808594,19370700,0.0,0.0
2025-07-29 00:00:00-04:00,94.31585611485694,94.42392696629928,92.70462750587221,92.82252502441406,13169900,0.0,0.0
2025-07-30 00:00:00-04:00,93.23516425740763,94.30603871440638,92.92077833928813,94.12919616699219,13998000,0.0,0.0
2025-07-31 00:00:00-04:00,93.79515860746307,94.46322957909362,91.90884321540658,92.05620574951172,14638800,0.0,0.0
2025-08-01 00:00:00-04:00,90.23865523729702,90.4154977604457,86.39725306160983,90.21900939941406,17725600,0.0,0.0
2025-08-04 00:00:00-04:00,90.73324837125521,91.79139058452664,90.51568515163629,91.0595932006836,11611400,0.6,0.0
2025-08-05 00:00:00-04:00,91.30682728310529,91.69250481158953,88.68619231262045,90.50579833984375,19836100,0.0,0.0
2025-08-06 00:00:00-04:00,90.86180410276154,91.6034927740086,90.59479950084541,91.20793151855469,13153600,0.0,0.0
2025-08-07 00:00:00-04:00,92.20673731782973,92.21662861308016,90.09045282509591,90.2190170288086,12964000,0.0,0.0
2025-08-08 00:00:00-04:00,90.95081259609312,92.25618438338665,90.32778927032628,91.702392578125,10772600,0.0,0.0
2025-08-11 00:00:00-04:00,91.99907074237228,92.13751870454749,89.79378709854716,91.28704833984375,12133300,0.0,0.0
2025-08-12 00:00:00-04:00,92.18696812433843,94.69882159322152,91.9792961799819,94.67903900146484,21046400,0.0,0.0
2025-08-13 00:00:00-04:00,94.93615821098963,95.13393885599,93.53189601488226,93.60111999511719,16605000,0.0,0.0
2025-08-14 00:00:00-04:00,93.41321947998343,94.43180409746294,93.18577250153436,94.40213775634766,13288800,0.0,0.0
2025-08-15 00:00:00-04:00,94.40213832662678,94.44169596330204,92.55285842250908,92.6517562866211,12000400,0.0,0.0
2025-08-18 00:00:00-04:00,92.31551882269454,93.31432838608188,92.29574377706453,93.1758804321289,8780700,0.0,0.0
2025-08-19 00:00:00-04:00,92.92864928071273,93.3044355000571,92.3946325196355,92.7011947631836,11504400,0.0,0.0
2025-08-20 00:00:00-04:00,92.49352338318968,92.71108660693623,89.67510785930833,92.13751220703125,13447400,0.0,0.0
2025-08-21 00:00:00-04:00,91.82106282662953,91.83095412220639,90.44646699051373,91.5639419555664,17635200,0.0,0.0
2025-08-22 00:00:00-04:00,91.92984581555244,94.56037215951585,91.81117290140251,94.20436096191406,20124400,0.0,0.0
2025-08-25 00:00:00-04:00,94.17469727580718,94.39225297394626,93.82856981931928,93.9472427368164,8647000,0.0,0.0
2025-08-26 00:00:00-04:00,93.63078009732102,94.67903102668824,92.98798172663741,94.65925598144531,11031100,0.0,0.0
2025-08-27 00:00:00-04:00,94.09557577112473,96.37008328628608,94.03623554387863,95.79651641845703,11315600,0.0,0.0
2025-08-28 00:00:00-04:00,96.2909784000308,96.40964376832993,95.47017439333811,95.7470703125,10878900,0.0,0.0
2025-08-29 00:00:00-04:00,95.57895505735698,95.91518365731424,94.98560558723672,95.49983978271484,8362600,0.0,0.0
2025-09-02 00:00:00-04:00,93.96701357247755,93.96701357247755,91.92984428826064,93.72967529296875,15128800,0.0,0.0
2025-09-03 00:00:00-04:00,93.83845024474181,94.18457011628573,92.36496419454207,93.97689819335938,14158800,0.0,0.0
2025-09-04 00:00:00-04:00,94.24391520445846,96.07341251547905,94.24391520445846,96.00418853759766,12900100,0.0,0.0
2025-09-05 00:00:00-04:00,96.29097414358324,96.89421488859794,93.1066561242853,94.34280395507812,17020800,0.0,0.0
2025-09-08 00:00:00-04:00,94.79770300436806,94.90648461425761,93.59122154548216,94.8075942993164,11398800,0.0,0.0
2025-09-09 00:00:00-04:00,94.44169316916,97.05243675370396,94.39224423856699,96.26129913330078,18101600,0.0,0.0
2025-09-10 00:00:00-04:00,96.4195302610671,97.2897756129193,95.44050329712742,96.09318542480469,12238300,0.0,0.0
2025-09-11 00:00:00-04:00,96.27118828515192,97.94246251000193,95.81628680424396,97.72489929199219,13426500,0.0,0.0
2025-09-12 00:00:00-04:00,97.68534590111206,98.59514890245254,97.3491173094701,98.3380355834961,9502900,0.0,0.0
2025-09-15 00:00:00-04:00,98.69404962077905,99.05994456405087,98.298480790756,98.68415832519531,10620100,0.0,0.0
2025-09-16 00:00:00-04:00,98.75337945048487,99.73240642923965,98.11058106338112,99.52473449707031,12350700,0.0,0.0
2025-09-17 00:00:00-04:00,99.37639380382734,101.07733441767209,99.29728607713618,100.63232421875,14371600,0.0,0.0
2025-09-18 00:00:00-04:00,100.83999714328091,101.5619032548668,100.56310123500974,101.2751235961914,11677600,0.0,0.0
2025-09-19 00:00:00-04:00,101.40368156068341,101.98713972564595,100.74110812238258,101.54212951660156,24745700,0.0,0.0
2025-09-22 00:00:00-04:00,100.63232293549687,102.65960081510399,100.57298271017575,102.34314727783203,11474500,0.0,0.0
2025-09-23 00:00:00-04:00,102.38270701751908,104.41987623402723,101.2751233867252,101.85858154296875,15747900,0.0,0.0
2025-09-24 00:00:00-04:00,102.24426000001324,102.9167247298026,100.49387797040515,100.52354431152344,12272400,0.0,0.0
2025-09-25 00:00:00-04:00,99.91041339897171,101.1267862125735,99.04016802194252,100.97844696044922,11232900,0.0,0.0
2025-09-26 00:00:00-04:00,101.37401407791508,103.16395373416472,101.37401407791508,102.27392578125,11296300,0.0,0.0
2025-09-29 00:00:00-04:00,102.99584218745613,103.23318046628458,101.73991172459118,102.01681518554688,10748700,0.0,0.0
2025-09-30 00:00:00-04:00,101.9574737417256,102.47171547537924,98.0413582359264,100.37520599365234,17789100,0.0,0.0
2025-10-01 00:00:00-04:00,99.82141039821778,100.0191910299397,97.527120363945,97.61611938476562,13793300,0.0,0.0
2025-10-02 00:00:00-04:00,97.98202232595055,98.34791725088782,95.62839205491724,96.26129913330078,14511900,0.0,0.0
2025-10-03 00:00:00-04:00,96.26129917060216,97.487563237187,96.22174907992944,96.65686798095703,13863600,0.0,0.0
2025-10-06 00:00:00-04:00,98.10068992247851,98.9511602430901,95.96463037048376,96.96343994140625,10398000,0.0,0.0
2025-10-07 00:00:00-04:00,97.3590079286033,97.76446807108609,95.60862577982073,96.71621704101562,8519400,0.0,0.0
2025-10-08 00:00:00-04:00,97.10188875656695,97.10188875656695,95.51961346569797,95.6283950805664,8496000,0.0,0.0
2025-10-09 00:00:00-04:00,95.94484901346027,96.22175247186313,94.40213889802614,94.85704040527344,11300600,0.0,0.0
2025-10-10 00:00:00-04:00,95.13394041245193,96.81510610185211,92.62209449149006,92.88909912109375,18619500,0.0,0.0
2025-10-13 00:00:00-04:00,94.51091634655349,95.88551210313314,94.3526933507182,95.03504180908203,18463600,0.0,0.0
2025-10-14 00:00:00-04:00,94.31313845701717,100.09830884784948,93.9867936160085,98.73359680175781,33164600,0.0,0.0
2025-10-15 00:00:00-04:00,100.06864137179268,101.01800199817443,97.74467741961867,98.67426300048828,15730100,0.0,0.0
2025-10-16 00:00:00-04:00,99.0994996276693,99.58406747081692,94.18457458405756,95.19327545166016,20534000,0.0,0.0
2025-10-17 00:00:00-04:00,95.14383048507717,96.92388647570971,94.22413614739169,95.99430084228516,14007800,0.0,0.0
2025-10-20 00:00:00-04:00,96.38986275787111,98.49625590817705,96.04374288033458,98.1995849609375,11302700,0.0,0.0
2025-10-21 00:00:00-04:00,97.83368912065028,98.29848193547643,96.88432844444806,97.16122436523438,9150100,0.0,0.0
2025-10-22 00:00:00-04:00,97.1018888173446,97.38867602537292,93.9472370738809,95.23283386230469,14369200,0.0,0.0
2025-10-23 00:00:00-04:00,95.74706404077308,96.44919508832697,95.23282987384891,95.6185073852539,8189100,0.0,0.0
2025-10-24 00:00:00-04:00,96.31075267671201,98.40726218979981,96.27119503931249,97.68534851074219,11870700,0.0,0.0
2025-10-27 00:00:00-04:00,98.19959043834479,100.10820306361688,98.00180225097199,99.87085723876953,13214200,0.0,0.0
2025-10-28 00:00:00-04:00,99.88074855204039,100.40487404518731,99.0203869127241,100.26642608642578,8766400,0.0,0.0
2025-10-29 00:00:00-04:00,100.16752663784624,100.81032498486584,97.93256936529919,98.02157592773438,11878800,0.0,0.0
2025-10-30 00:00:00-04:00,97.53700628565721,100.33564680143029,97.22055274094826,99.10939025878906,9584000,0.0,0.0
2025-10-31 00:00:00-04:00,98.79293695968148,100.38509598244494,98.6149313687872,100.10820007324219,11190300,0.0,0.0
2025-11-03 00:00:00-05:00,100.19773021521773,101.11295784839143,98.53639161351113,101.08311462402344,10829100,0.6,0.0
2025-11-04 00:00:00-05:00,99.6306877450178,102.01824439972857,98.17825928094513,100.4862289428711,13449100,0.0,0.0
2025-11-05 00:00:00-05:00,100.72498359181292,101.74964146978097,98.49660089478692,101.16270446777344,9992400,0.0,0.0
2025-11-06 00:00:00-05:00,100.94384470594748,101.80932860215137,99.45162271681413,100.32705688476562,9282500,0.0,0.0
2025-11-07 00:00:00-05:00,99.49141032788395,100.30715799675578,96.86510038957306,100.26736450195312,14887100,0.0,0.0
2025-11-10 00:00:00-05:00,100.734934366822,102.36642979831136,99.78985588807906,100.96373748779297,11270600,0.0,0.0
2025-11-11 00:00:00-05:00,101.1129600968135,101.56062365195451,99.78985479496697,100.2375259399414,9639500,0.0,0.0
2025-11-12 00:00:00-05:00,100.68519003285375,103.32145037900571,100.65534680766275,102.33658599853516,15069200,0.0,0.0
2025-11-13 00:00:00-05:00,101.91875619955994,103.03295132178528,99.94902747489076,100.14798736572266,11427000,0.0,0.0
2025-11-14 00:00:00-05:00,99.31234315107659,101.02342547420245,97.64105432265518,99.7799072265625,10134500,0.0,0.0
2025-11-17 00:00:00-05:00,99.56105391496206,99.76001381286835,96.7158833538672,97.68085479736328,11389600,0.0,0.0
2025-11-18 00:00:00-05:00,96.99442535069647,99.05369130839485,95.88023024509722,97.81017303466797,10463700,0.0,0.0
2025-11-19 00:00:00-05:00,97.6609514652699,100.06840107443342,97.58136447244631,99.31234741210938,8426800,0.0,0.0
2025-11-20 00:00:00-05:00,100.54591350651766,102.32663259005018,96.95463211517645,97.12374877929688,12633700,0.0,0.0
2025-11-21 00:00:00-05:00,97.62115786325057,98.81493998481298,95.33308874579772,98.18820190429688,14404700,0.0,0.0
2025-11-24 00:00:00-05:00,98.20810141023195,100.09825072370236,98.08872092238646,99.1730728149414,17389200,0.0,0.0
2025-11-25 00:00:00-05:00,99.83959595742618,101.22238767324502,99.01389800054636,100.64539337158203,10881900,0.0,0.0
2025-11-26 00:00:00-05:00,101.19254404318905,102.76435295941603,100.93389011764751,101.96849822998047,11384100,0.0,0.0
2025-11-28 00:00:00-05:00,102.26695037006019,103.82880908703667,101.97845320707299,103.06279754638672,5865200,0.0,0.0
2025-12-01 00:00:00-05:00,102.56538807712334,103.80890637968263,101.87897113519732,102.14756774902344,9663700,0.0,0.0
2025-12-02 00:00:00-05:00,103.06279253052908,103.65967978118307,102.47585555117205,102.65492248535156,8056900,0.0,0.0
2025-12-03 00:00:00-05:00,102.565386660361,106.43521495728389,102.565386660361,106.16661834716797,14003600,0.0,0.0
2025-12-04 00:00:00-05:00,106.10693365590082,108.14629912381025,106.0770828410972,107.23107147216797,12811300,0.0,0.0
2025-12-05 00:00:00-05:00,107.11168963444986,108.80287906320093,106.95252324000073,108.31541442871094,14936300,0.0,0.0
2025-12-08 00:00:00-05:00,108.6337562369122,109.67831465046908,107.18132776547284,108.35520935058594,11394800,0.0,0.0
2025-12-09 00:00:00-05:00,108.23583360913348,109.28038440543446,106.45511452991573,108.86256408691406,15822700,0.0,0.0
2025-12-10 00:00:00-05:00,108.79292909429876,111.32970944956399,108.69344914876221,110.51395416259766,16584300,0.0,0.0
2025-12-11 00:00:00-05:00,110.69301941039426,111.75747075003285,110.53385301793267,111.16058349609375,10829700,0.0,0.0
2025-12-12 00:00:00-05:00,112.71249778645955,112.84182095277426,110.61343836264793,111.22027587890625,11227900,0.0,0.0
2025-12-15 00:00:00-05:00,111.8669043207642,112.9313556923302,111.63810120164416,112.21509552001953,10692100,0.0,0.0
2025-12-16 00:00:00-05:00,112.215094921872,112.79208164733836,109.97676197201949,110.70297241210938,12418200,0.0,0.0
2025-12-17 00:00:00-05:00,111.30981254177988,112.4240077017439,110.38463459739165,110.88204193115234,9949700,0.0,0.0
2025-12-18 00:00:00-05:00,111.63809656374926,113.25964164302475,111.53861662088059,112.24493408203125,21155800,0.0,0.0
2025-12-19 00:00:00-05:00,112.61301595518779,115.01052291781848,112.4637998287448,114.26441192626953,37660800,0.0,0.0
2025-12-22 00:00:00-05:00,114.61259016257618,118.03475484540095,114.27435683872325,117.47765350341797,20178100,0.0,0.0
2025-12-23 00:00:00-05:00,117.54730051225037,119.64635240226677,117.45776324869361,118.78086853027344,16135000,0.0,0.0
2025-12-24 00:00:00-05:00,119.08925905488144,122.20302613034798,118.63164523352374,120.9296646118164,13529600,0.0,0.0
2025-12-26 00:00:00-05:00,121.0192033586009,121.4071804638503,119.0494670174757,119.79557800292969,10603700,0.0,0.0
2025-12-29 00:00:00-05:00,119.73588836925133,119.94479852884383,117.36823230403634,117.51744842529297,11000600,0.0,0.0
2025-12-30 00:00:00-05:00,117.67662022000245,117.79600070462156,115.92574439475423,116.60221862792969,8636100,0.0,0.0
2025-12-31 00:00:00-05:00,116.79124027427012,117.01010070948152,115.76658240926534,116.08492279052734,6203300,0.0,0.0
2026-01-02 00:00:00-05:00,116.60222384578958,118.10439608767719,115.98543603240635,118.0844955444336,9245400,0.0,0.0
2026-01-05 00:00:00-05:00,118.69132877000635,123.4564916658842,118.68138608857954,122.66064453125,19993400,0.0,0.0
2026-01-06 00:00:00-05:00,123.03867343417369,123.52613047650084,121.57629471735895,121.86479187011719,11940100,0.0,0.0
2026-01-07 00:00:00-05:00,121.67577457984056,121.94437877939352,120.07412242344431,120.74065399169922,11595800,0.0,0.0
2026-01-08 00:00:00-05:00,120.2531867677152,121.78520217080231,119.53692662729118,119.97463989257812,14801500,0.0,0.0
2026-01-09 00:00:00-05:00,120.31288351313691,121.10873066146543,119.5269790464063,120.69091033935547,7565700,0.0,0.0
2026-01-12 00:00:00-05:00,116.29382877369083,118.12428400268841,116.06501807514958,117.08967590332031,19926900,0.0,0.0
2026-01-13 00:00:00-05:00,117.10958015183947,117.61693774129886,114.94088394199676,115.69694519042969,18332300,0.0,0.0
2026-01-14 00:00:00-05:00,117.29859846900479,118.1342391279265,109.89717507931685,111.82711791992188,27984600,0.0,0.0
2026-01-15 00:00:00-05:00,113.25964772409198,117.3483365911369,112.16535311411609,116.8509292602539,18719700,0.0,0.0
2026-01-16 00:00:00-05:00,117.18916409921127,118.73112219088084,116.39330937524217,117.42791748046875,17153800,0.0,0.0
2026-01-20 00:00:00-05:00,113.86648389177762,115.91579964137505,111.80721787053001,112.21509552001953,20451300,0.0,0.0
2026-01-21 00:00:00-05:00,112.5533245504234,114.99061731293581,112.5533245504234,113.26959228515625,14199900,0.0,0.0
2026-01-22 00:00:00-05:00,113.975912686087,116.03517868160021,113.45861241424392,115.06026458740234,11271500,0.0,0.0
2026-01-23 00:00:00-05:00,114.37384088813965,115.03041460677103,112.61301471713566,113.00099182128906,12164400,0.0,0.0
2026-01-26 00:00:00-05:00,113.30938935440474,114.88119831188725,113.26959585790517,114.22461700439453,11728700,0.0,0.0
2026-01-27 00:00:00-05:00,114.30420102806102,115.36865236481408,113.11041893358569,114.19477081298828,11976800,0.0,0.0
2026-01-28 00:00:00-05:00,114.00575359770286,115.10999842983188,112.55332516756769,113.60782623291016,11378300,0.0,0.0
2026-01-29 00:00:00-05:00,114.24451198899314,115.75663452352852,112.81198403870548,114.60264587402344,14443200,0.0,0.0
2026-01-30 00:00:00-05:00,113.82668881924782,116.04512879685352,113.5879354317828,115.11000061035156,12396600,0.0,0.0
2026-02-02 00:00:00-05:00,114.95999908447266,116.9800033569336,114.5999984741211,116.2300033569336,11773700,0.6,0.0
2026-02-03 00:00:00-05:00,117.0,118.91999816894531,115.37999725341797,117.70999908447266,15332100,0.0,0.0
2026-02-04 00:00:00-05:00,117.77999877929688,119.94000244140625,116.93000030517578,117.43000030517578,12408300,0.0,0.0
2026-02-05 00:00:00-05:00,116.41000366210938,116.41000366210938,112.91999816894531,115.73999786376953,18704600,0.0,0.0
2026-02-06 00:00:00-05:00,117.36000061035156,122.97000122070312,117.36000061035156,122.69000244140625,15248800,0.0,0.0
2026-02-09 00:00:00-05:00,122.19000244140625,125.16000366210938,121.69000244140625,123.7699966430664,12887500,0.0,0.0
2026-02-10 00:00:00-05:00,123.72000122070312,125.0,119.5,122.1500015258789,12121300,0.0,0.0
2026-02-11 00:00:00-05:00,123.58999633789062,124.23999786376953,117.36000061035156,117.38999938964844,13763800,0.0,0.0
