Date,Open,High,Low,Close,Volume,Dividends,Stock Splits
2022-01-03 00:00:00-05:00,18.769914627075195,18.769914627075195,18.769914627075195,18.769914627075195,200,0.0,0.0
2022-01-04 00:00:00-05:00,18.065179319937304,18.585668926736616,18.065179319937304,18.424455642700195,4000,0.0,0.0
2022-01-05 00:00:00-05:00,18.53960757841711,18.544212918980303,18.0006931207845,18.419849395751953,4200,0.0,0.0
2022-01-06 00:00:00-05:00,18.19415211549496,19.345680730399703,18.19415211549496,18.977191925048828,5600,0.0,0.0
2022-01-07 00:00:00-05:00,18.940340133315047,19.20288848876953,18.442880738751356,19.20288848876953,106800,0.0,0.0
2022-01-10 00:00:00-05:00,18.8850689743093,19.62665367126465,17.503234659115936,19.62665367126465,15600,0.0,0.0
2022-01-11 00:00:00-05:00,18.691611532158323,18.769914627075195,18.691611532158323,18.769914627075195,1600,0.0,0.0
2022-01-12 00:00:00-05:00,18.65476417541504,18.65476417541504,18.65476417541504,18.65476417541504,3800,0.0,0.0
2022-01-13 00:00:00-05:00,18.19415184320437,18.677793502807617,18.19415184320437,18.677793502807617,1000,0.0,0.0
2022-01-14 00:00:00-05:00,18.203364555265384,18.977191925048828,18.19415211549496,18.977191925048828,9200,0.0,0.0
2022-01-18 00:00:00-05:00,18.977191925048828,18.977191925048828,18.977191925048828,18.977191925048828,600,0.0,0.0
2022-01-19 00:00:00-05:00,18.977191925048828,18.977191925048828,18.977191925048828,18.977191925048828,0,0.0,0.0
2022-01-20 00:00:00-05:00,18.88506507873535,18.88506507873535,18.88506507873535,18.88506507873535,1200,0.0,0.0
2022-01-21 00:00:00-05:00,18.93112791489997,18.93112791489997,17.802631385940444,18.769914627075195,8600,0.0,0.0
2022-01-24 00:00:00-05:00,18.769912242889404,18.88506507873535,17.73353672027588,18.88506507873535,14800,0.0,0.0
2022-01-25 00:00:00-05:00,18.885067987506705,18.885067987506705,18.81597557252005,18.880462646484375,4200,0.0,0.0
2022-01-26 00:00:00-05:00,18.769914186000822,18.8850670337677,18.424455642700195,18.424455642700195,3200,0.0,0.0
2022-01-27 00:00:00-05:00,18.576457977294922,18.576457977294922,18.576457977294922,18.576457977294922,1800,0.0,0.0
2022-01-28 00:00:00-05:00,18.2125729390973,18.88506507873535,18.2125729390973,18.88506507873535,6000,0.0,0.0
2022-01-31 00:00:00-05:00,18.475121264258632,18.88506507873535,18.475121264258632,18.88506507873535,1800,0.0,0.0
2022-02-01 00:00:00-05:00,18.654759407043457,18.88506507873535,18.654759407043457,18.88506507873535,2800,0.0,0.0
2022-02-02 00:00:00-05:00,18.67318344116211,18.67318344116211,18.67318344116211,18.67318344116211,1000,0.0,0.0
2022-02-03 00:00:00-05:00,18.67318344116211,18.67318344116211,18.67318344116211,18.67318344116211,1000,0.0,0.0
2022-02-04 00:00:00-05:00,18.88506507873535,18.88506507873535,18.792942458640027,18.88506507873535,4800,0.0,0.0
2022-02-07 00:00:00-05:00,18.931127548217773,18.931127548217773,18.931127548217773,18.931127548217773,600,0.0,0.0
2022-02-08 00:00:00-05:00,18.9311272002762,18.9311272002762,18.369182506004584,18.848217010498047,19600,0.0,0.0
2022-02-09 00:00:00-05:00,18.848217010498047,18.848217010498047,18.848217010498047,18.848217010498047,0,0.0,0.0
2022-02-10 00:00:00-05:00,19.5990153282987,19.5990153282987,18.691612036893034,18.880462646484375,11000,0.0,0.0
2022-02-11 00:00:00-05:00,18.64554786682129,18.64554786682129,18.64554786682129,18.64554786682129,2200,0.0,0.0
2022-02-14 00:00:00-05:00,18.857430421236746,18.857430421236746,18.59027671813965,18.59027671813965,2200,0.0,0.0
2022-02-15 00:00:00-05:00,18.88506507873535,18.88506507873535,18.74688202713878,18.88506507873535,14200,0.0,0.0
2022-02-16 00:00:00-05:00,18.765306902576413,18.88506507873535,18.484333701977448,18.88506507873535,5400,0.0,0.0
2022-02-17 00:00:00-05:00,18.885064947783416,18.885064947783416,18.839004516601562,18.839004516601562,4000,0.0,0.0
2022-02-18 00:00:00-05:00,18.88506507873535,18.88506507873535,18.663971844762273,18.88506507873535,3000,0.0,0.0
2022-02-22 00:00:00-05:00,18.88506507873535,18.88506507873535,18.88506507873535,18.88506507873535,0,0.0,0.0
2022-02-23 00:00:00-05:00,18.700824737548828,18.700824737548828,18.700824737548828,18.700824737548828,1400,0.0,0.0
2022-02-24 00:00:00-05:00,18.581066131591797,18.581066131591797,18.581066131591797,18.581066131591797,1400,0.0,0.0
2022-02-25 00:00:00-05:00,18.77452069637853,18.77452069637853,18.719247817993164,18.719247817993164,2400,0.0,0.0
2022-02-28 00:00:00-05:00,18.862035751342773,18.862035751342773,18.862035751342773,18.862035751342773,1000,0.0,0.0
2022-03-01 00:00:00-05:00,18.954612731933594,18.954612731933594,18.954612731933594,18.954612731933594,1000,0.1,0.0
2022-03-02 00:00:00-05:00,18.899065290248338,18.977752685546875,18.815748185981292,18.977752685546875,6000,0.0,0.0
2022-03-03 00:00:00-05:00,18.973124742294978,18.977752685546875,18.834261724705488,18.977752685546875,8600,0.0,0.0
2022-03-04 00:00:00-05:00,18.949979728885655,19.024039180932295,18.949979728885655,18.977752685546875,6200,0.0,0.0
2022-03-07 00:00:00-05:00,18.903693233500235,19.037926542121212,18.797232881540477,18.977752685546875,33800,0.0,0.0
2022-03-08 00:00:00-05:00,18.977752685546875,18.977752685546875,18.755574329406954,18.977752685546875,14400,0.0,0.0
2022-03-09 00:00:00-05:00,18.815748185981292,19.024039180932295,18.746316677186545,18.977752685546875,21200,0.0,0.0
2022-03-10 00:00:00-05:00,18.977755476213453,18.977755476213453,18.746319433820606,18.755577087402344,16600,0.0,0.0
2022-03-11 00:00:00-05:00,18.97775189541898,18.97775189541898,18.834260940551758,18.834260940551758,16400,0.0,0.0
2022-03-14 00:00:00-04:00,18.9777544384035,19.024040938064115,18.83426346430875,19.019412994384766,25600,0.0,0.0
2022-03-15 00:00:00-04:00,18.977753663344256,19.02404016111451,18.866663596692256,18.87592124938965,24400,0.0,0.0
2022-03-16 00:00:00-04:00,18.977757529665073,19.024044036865234,18.862039495947602,19.024044036865234,51800,0.0,0.0
2022-03-17 00:00:00-04:00,18.889807638027932,18.977752685546875,18.875920276839015,18.977752685546875,55400,0.0,0.0
2022-03-18 00:00:00-04:00,18.81111847701278,18.977752685546875,18.676885168391802,18.977752685546875,76400,0.0,0.0
2022-03-21 00:00:00-04:00,18.97775438308898,18.97775438308898,18.542655284110346,18.871294021606445,47400,0.0,0.0
2022-03-22 00:00:00-04:00,18.514881653420318,18.945352793119675,18.46859515557345,18.53802490234375,60400,0.0,0.0
2022-03-23 00:00:00-04:00,18.283446144368316,18.811120003741735,18.283446144368316,18.561168670654297,2600,0.0,0.0
2022-03-24 00:00:00-04:00,18.561168670654297,18.561168670654297,18.561168670654297,18.561168670654297,0,0.0,0.0
2022-03-25 00:00:00-04:00,18.352880671120438,18.459341049194336,18.352880671120438,18.459341049194336,2200,0.0,0.0
2022-03-28 00:00:00-04:00,18.468600691461464,18.579689025878906,18.445455669883696,18.579689025878906,1800,0.0,0.0
2022-03-29 00:00:00-04:00,18.579689025878906,18.579689025878906,18.579689025878906,18.579689025878906,200,0.0,0.0
2022-03-30 00:00:00-04:00,18.514880995022324,18.732431411743164,18.514880995022324,18.732431411743164,1600,0.0,0.0
2022-03-31 00:00:00-04:00,18.306587660774177,18.70928581547867,18.283444413394214,18.519508361816406,6400,0.0,0.0
2022-04-01 00:00:00-04:00,18.39916456581531,18.39916456581531,18.283446549678107,18.288074493408203,11400,0.0,0.0
2022-04-04 00:00:00-04:00,18.23716160021792,18.723176956176758,18.149214770416766,18.723176956176758,6800,0.0,0.0
2022-04-05 00:00:00-04:00,18.44545677958558,18.463972091674805,18.44545677958558,18.463972091674805,2200,0.0,0.0
2022-04-06 00:00:00-04:00,18.33436510299507,18.66300388706295,18.283448886871337,18.51488494873047,7200,0.0,0.0
2022-04-07 00:00:00-04:00,18.28807464453917,18.700032268594104,18.22790254696666,18.42230796813965,47400,0.0,0.0
2022-04-08 00:00:00-04:00,18.403793334960938,18.403793334960938,18.403793334960938,18.403793334960938,1400,0.0,0.0
2022-04-11 00:00:00-04:00,18.394539716490826,18.394539716490826,16.755971908569336,16.755971908569336,35400,0.0,0.0
2022-04-12 00:00:00-04:00,16.802254552555468,18.51488143878656,16.802254552555468,18.431564331054688,29000,0.0,0.0
2022-04-13 00:00:00-04:00,18.514882523081784,18.514882523081784,18.283446491543263,18.49173927307129,3400,0.0,0.0
2022-04-14 00:00:00-04:00,18.052009637254017,18.052009637254017,17.85760422716607,18.02423667907715,10600,0.0,0.0
2022-04-18 00:00:00-04:00,18.02423667907715,18.02423667907715,18.02423667907715,18.02423667907715,0,0.0,0.0
2022-04-19 00:00:00-04:00,18.32973289489746,18.32973289489746,18.32973289489746,18.32973289489746,2000,0.0,0.0
2022-04-20 00:00:00-04:00,18.32973289489746,18.32973289489746,18.32973289489746,18.32973289489746,0,0.0,0.0
2022-04-21 00:00:00-04:00,18.32973289489746,18.32973289489746,18.32973289489746,18.32973289489746,0,0.0,0.0
2022-04-22 00:00:00-04:00,18.052011489868164,18.052011489868164,18.052011489868164,18.052011489868164,1400,0.0,0.0
2022-04-25 00:00:00-04:00,18.052011489868164,18.052011489868164,18.052011489868164,18.052011489868164,0,0.0,0.0
2022-04-26 00:00:00-04:00,18.32973289489746,18.32973289489746,18.32973289489746,18.32973289489746,3000,0.0,0.0
2022-04-27 00:00:00-04:00,18.32973289489746,18.32973289489746,18.32973289489746,18.32973289489746,400,0.0,0.0
2022-04-28 00:00:00-04:00,17.04295212337812,17.589141392073564,17.04295212337812,17.538225173950195,10600,0.0,0.0
2022-04-29 00:00:00-04:00,18.26030158996582,18.26030158996582,16.941115270080985,18.26030158996582,4200,0.0,0.0
2022-05-02 00:00:00-04:00,18.23715941518559,18.260302664464707,17.38084506612451,17.968692779541016,11600,0.0,0.0
2022-05-03 00:00:00-04:00,17.58913803100586,17.58913803100586,17.58913803100586,17.58913803100586,1400,0.0,0.0
2022-05-04 00:00:00-04:00,17.908517865043212,18.26030158996582,17.718740406974863,18.26030158996582,4200,0.0,0.0
2022-05-05 00:00:00-04:00,18.255671880952384,18.26030158996582,18.255671880952384,18.26030158996582,3600,0.0,0.0
2022-05-06 00:00:00-04:00,17.47804934287812,17.598397075089178,17.177183543784267,17.565996170043945,7000,0.0,0.0
2022-05-09 00:00:00-04:00,17.269757920280327,17.45027774875471,17.12626693998991,17.177183151245117,7200,0.0,0.0
2022-05-10 00:00:00-04:00,17.177183151245117,17.177183151245117,17.177183151245117,17.177183151245117,600,0.0,0.0
2022-05-11 00:00:00-04:00,17.24198768085606,17.380848973464495,17.24198768085606,17.292903900146484,3000,0.0,0.0
2022-05-12 00:00:00-04:00,17.24198424021403,17.357702255249023,17.24198424021403,17.357702255249023,1000,0.0,0.0
2022-05-13 00:00:00-04:00,17.515077887181015,17.515077887181015,17.255868911743164,17.255868911743164,1000,0.0,0.0
2022-05-16 00:00:00-04:00,17.473420017643978,17.58913803100586,17.42713351858593,17.58913803100586,9200,0.0,0.0
2022-05-17 00:00:00-04:00,17.575252374939616,17.575252374939616,17.265127182006836,17.265127182006836,1600,0.0,0.0
2022-05-18 00:00:00-04:00,17.311417055346993,17.417877425286736,17.03832244873047,17.03832244873047,22200,0.0,0.0
2022-05-19 00:00:00-04:00,16.89483243168064,17.57525501519147,16.714312586843157,17.57062530517578,13200,0.0,0.0
2022-05-20 00:00:00-04:00,17.42713428415091,17.589138803687614,17.40398926788838,17.556737899780273,4800,0.0,0.0
2022-05-23 00:00:00-04:00,17.704854222207665,17.945547877114517,17.126264214945977,17.57525062561035,7400,0.0,0.0
2022-05-24 00:00:00-04:00,17.51044794443535,17.51044794443535,16.945743560791016,16.945743560791016,10400,0.0,0.0
2022-05-25 00:00:00-04:00,16.945743560791016,16.945743560791016,16.945743560791016,16.945743560791016,1000,0.0,0.0
2022-05-26 00:00:00-04:00,16.357897687123,17.135522842407227,16.357897687123,17.135522842407227,2800,0.0,0.0
2022-05-27 00:00:00-04:00,17.265127240449242,18.260302861648118,17.265127240449242,17.58913803100586,8800,0.0,0.0
2022-05-31 00:00:00-04:00,17.58913803100586,17.58913803100586,17.58913803100586,17.58913803100586,1000,0.0,0.0
2022-06-01 00:00:00-04:00,17.49142225457165,17.49142225457165,17.212230272120213,17.268068313598633,9200,0.1,0.0
2022-06-02 00:00:00-04:00,17.449542731732027,17.449542731732027,17.035407201575072,17.19826889038086,6200,0.0,0.0
2022-06-03 00:00:00-04:00,17.05402385900379,17.05402385900379,16.518903732299805,16.518903732299805,15800,0.0,0.0
2022-06-06 00:00:00-04:00,16.532860538297772,17.603100645216337,16.532860538297772,17.565874099731445,5800,0.0,0.0
2022-06-07 00:00:00-04:00,17.221532402803508,17.221532402803508,17.151735305786133,17.151735305786133,1600,0.0,0.0
2022-06-08 00:00:00-04:00,16.830664768446525,16.867891311645508,16.75156102673761,16.867891311645508,7200,0.0,0.0
2022-06-09 00:00:00-04:00,16.867891311645508,16.867891311645508,16.867891311645508,16.867891311645508,600,0.0,0.0
2022-06-10 00:00:00-04:00,16.937688846768797,17.216880798339844,16.937688846768797,17.216880798339844,4600,0.0,0.0
2022-06-13 00:00:00-04:00,17.672895431518555,17.672895431518555,17.672895431518555,17.672895431518555,2000,0.0,0.0
2022-06-14 00:00:00-04:00,16.844625066501152,17.677550305597293,16.844625066501152,16.951648712158203,1400,0.0,0.0
2022-06-15 00:00:00-04:00,17.677550305597293,17.677550305597293,16.951648712158203,16.951648712158203,2000,0.0,0.0
2022-06-16 00:00:00-04:00,16.951648712158203,16.951648712158203,16.951648712158203,16.951648712158203,1400,0.0,0.0
2022-06-17 00:00:00-04:00,17.193617479255877,18.100994110107422,17.193617479255877,18.100994110107422,22800,0.0,0.0
2022-06-21 00:00:00-04:00,17.700815059224713,18.12425718896424,17.565871514292777,17.62636375427246,21400,0.0,0.0
2022-06-22 00:00:00-04:00,18.08703134518648,18.147523587494703,17.4635009765625,17.4635009765625,69200,0.0,0.0
2022-06-23 00:00:00-04:00,17.44954286646992,17.45884950233915,17.30994687855002,17.32390594482422,3000,0.0,0.0
2022-06-24 00:00:00-04:00,16.937688085599774,16.937688085599774,16.33742346413249,16.360689163208008,9200,0.0,0.0
2022-06-27 00:00:00-04:00,16.7562150741846,17.216883827903306,16.75156264336538,16.946996688842773,6200,0.0,0.0
2022-06-28 00:00:00-04:00,17.21688174640415,17.21688174640415,16.658496037454874,16.74690818786621,6600,0.0,0.0
2022-06-29 00:00:00-04:00,16.379303699085664,17.668243408203125,16.379303699085664,17.668243408203125,7400,0.0,0.0
2022-06-30 00:00:00-04:00,17.537952288198646,17.668243408203125,17.09124444119266,17.668243408203125,3600,0.0,0.0
2022-07-01 00:00:00-04:00,16.286240250004745,17.67755126953125,16.286240250004745,17.67755126953125,3000,0.0,0.0
2022-07-05 00:00:00-04:00,16.821355061424953,17.035402297973633,16.751556200565755,17.035402297973633,3600,0.0,0.0
2022-07-06 00:00:00-04:00,17.123815536499023,17.123815536499023,17.123815536499023,17.123815536499023,1200,0.0,0.0
2022-07-07 00:00:00-04:00,17.123815536499023,17.123815536499023,17.123815536499023,17.123815536499023,1600,0.0,0.0
2022-07-08 00:00:00-04:00,17.123815536499023,17.123815536499023,17.123815536499023,17.123815536499023,0,0.0,0.0
2022-07-11 00:00:00-04:00,17.123815536499023,17.123815536499023,17.123815536499023,17.123815536499023,1400,0.0,0.0
2022-07-12 00:00:00-04:00,17.123815536499023,17.123815536499023,17.123815536499023,17.123815536499023,600,0.0,0.0
2022-07-13 00:00:00-04:00,17.100553512573242,17.100553512573242,17.100553512573242,17.100553512573242,2200,0.0,0.0
2022-07-14 00:00:00-04:00,17.184309005737305,17.184309005737305,17.184309005737305,17.184309005737305,600,0.0,0.0
2022-07-15 00:00:00-04:00,16.96560951894233,17.309947967529297,16.942343815335235,17.309947967529297,5000,0.0,0.0
2022-07-18 00:00:00-04:00,17.309947967529297,17.309947967529297,17.309947967529297,17.309947967529297,1400,0.0,0.0
2022-07-19 00:00:00-04:00,16.928381811946156,17.221532821655273,16.928381811946156,17.221532821655273,2400,0.0,0.0
2022-07-20 00:00:00-04:00,17.221532821655273,17.221532821655273,17.221532821655273,17.221532821655273,0,0.0,0.0
2022-07-21 00:00:00-04:00,17.221532821655273,17.221532821655273,17.221532821655273,17.221532821655273,1600,0.0,0.0
2022-07-22 00:00:00-04:00,17.00283432006836,17.00283432006836,17.00283432006836,17.00283432006836,400,0.0,0.0
2022-07-25 00:00:00-04:00,17.03075408935547,17.03075408935547,17.03075408935547,17.03075408935547,400,0.0,0.0
2022-07-26 00:00:00-04:00,16.844621907479265,17.40300750732422,16.844621907479265,17.40300750732422,1400,0.0,0.0
2022-07-27 00:00:00-04:00,17.12381786778097,17.12381786778097,16.635231018066406,16.635231018066406,3600,0.0,0.0
2022-07-28 00:00:00-04:00,16.495638025716943,17.25411213072374,16.495638025716943,16.518903732299805,1400,0.0,0.0
2022-07-29 00:00:00-04:00,16.104764525564594,16.356038360721826,15.639443397521973,15.639443397521973,4000,0.0,0.0
2022-08-01 00:00:00-04:00,15.448663711547852,15.448663711547852,15.448663711547852,15.448663711547852,600,0.0,0.0
2022-08-02 00:00:00-04:00,16.542164257243694,16.542164257243694,15.174120903015137,15.174120903015137,1200,0.0,0.0
2022-08-03 00:00:00-04:00,15.239268298183017,15.290453910827637,15.239268298183017,15.290453910827637,1400,0.0,0.0
2022-08-04 00:00:00-04:00,15.034527415283701,16.565432692481327,15.034527415283701,16.4491024017334,20400,0.0,0.0
2022-08-05 00:00:00-04:00,16.286242776327963,16.630581261767976,16.193178176879883,16.193178176879883,2800,0.0,0.0
2022-08-08 00:00:00-04:00,16.193178176879883,16.193178176879883,16.193178176879883,16.193178176879883,0,0.0,0.0
2022-08-09 00:00:00-04:00,16.267629911299654,16.718992076206455,15.993090312293399,16.188526153564453,5400,0.0,0.0
2022-08-10 00:00:00-04:00,16.188526153564453,16.188526153564453,16.188526153564453,16.188526153564453,200,0.0,0.0
2022-08-11 00:00:00-04:00,16.188526153564453,16.188526153564453,16.188526153564453,16.188526153564453,200,0.0,0.0
2022-08-12 00:00:00-04:00,16.225746961361732,16.225746961361732,15.820918083879052,15.872103691101074,2400,0.0,0.0
2022-08-15 00:00:00-04:00,16.09080811609493,16.28624217010765,15.68132495880127,15.68132495880127,6400,0.0,0.0
2022-08-16 00:00:00-04:00,15.057791341256594,16.286238782560247,15.03452564086477,15.839530944824219,19200,0.0,0.0
2022-08-17 00:00:00-04:00,15.844184875488281,15.844184875488281,15.844184875488281,15.844184875488281,400,0.0,0.0
2022-08-18 00:00:00-04:00,16.27228404741413,16.75156434824769,16.262977409769057,16.518903732299805,7600,0.0,0.0
2022-08-19 00:00:00-04:00,17.07728682891292,17.62171173095703,17.07728682891292,17.62171173095703,1000,0.0,0.0
2022-08-22 00:00:00-04:00,17.62171173095703,17.62171173095703,17.62171173095703,17.62171173095703,0,0.0,0.0
2022-08-23 00:00:00-04:00,17.67755126953125,17.67755126953125,17.67755126953125,17.67755126953125,600,0.0,0.0
2022-08-24 00:00:00-04:00,16.802744396841653,16.802744396841653,16.286237716674805,16.286237716674805,3000,0.0,0.0
2022-08-25 00:00:00-04:00,16.286237716674805,16.286237716674805,16.286237716674805,16.286237716674805,0,0.0,0.0
2022-08-26 00:00:00-04:00,16.751562118530273,16.751562118530273,16.751562118530273,16.751562118530273,600,0.0,0.0
2022-08-29 00:00:00-04:00,16.28624166548489,16.95630354070057,16.28624166548489,16.309507369995117,6400,0.0,0.0
2022-08-30 00:00:00-04:00,16.28624166548489,16.751562855927315,16.28624166548489,16.309507369995117,1600,0.0,0.0
2022-08-31 00:00:00-04:00,16.07684292818088,16.07684292818088,15.546377182006836,15.546377182006836,3800,0.0,0.0
2022-09-01 00:00:00-04:00,15.906832975643315,16.618380760524683,15.906832975643315,16.41708755493164,3000,0.1,0.0
2022-09-02 00:00:00-04:00,16.393680737215107,16.393680737215107,15.68213299594504,16.09876251220703,6200,0.0,0.0
2022-09-06 00:00:00-04:00,16.056633496762515,16.92734337339425,15.691497788142442,16.85244369506836,19000,0.0,0.0
2022-09-07 00:00:00-04:00,16.82903492012048,17.31588363647461,16.82903492012048,17.31588363647461,6600,0.0,0.0
2022-09-08 00:00:00-04:00,17.142679073065654,17.784009441686326,16.819674557403882,17.774646759033203,19200,0.0,0.0
2022-09-09 00:00:00-04:00,17.788691470895298,18.561095893799674,17.788691470895298,18.48151397705078,30800,0.0,0.0
2022-09-12 00:00:00-04:00,17.86826981951381,18.537686443056028,16.080038524467206,18.29426383972168,34000,0.0,0.0
2022-09-13 00:00:00-04:00,18.444063186645508,18.490874813646236,18.444063186645508,18.444063186645508,18800,0.0,0.0
2022-09-14 00:00:00-04:00,18.1304178731288,18.490873081668926,17.886993506877715,18.373842239379883,28400,0.0,0.0
2022-09-15 00:00:00-04:00,18.52832623545367,18.52832623545367,17.840184221212212,18.233407974243164,34200,0.0,0.0
2022-09-16 00:00:00-04:00,17.671657424866027,18.83728541557349,17.671657424866027,18.415973663330078,183000,0.0,0.0
2022-09-19 00:00:00-04:00,20.255701864090792,20.255701864090792,17.156725129950317,17.64825439453125,37000,0.0,0.0
2022-09-20 00:00:00-04:00,17.395464552728026,18.49087332223467,17.081822748472405,18.26617431640625,42000,0.0,0.0
2022-09-21 00:00:00-04:00,17.69506228881943,18.397247314453125,16.623059387772255,18.397247314453125,1600,0.0,0.0
2022-09-22 00:00:00-04:00,17.821459792092078,18.47683334350586,17.737197427317472,18.47683334350586,23600,0.0,0.0
2022-09-23 00:00:00-04:00,18.373842239379883,18.495553529630957,18.25213094912881,18.373842239379883,14000,0.0,0.0
2022-09-26 00:00:00-04:00,18.490875244140625,18.907504805693804,18.490875244140625,18.490875244140625,10800,0.0,0.0
2022-09-27 00:00:00-04:00,18.490873769928662,18.771747087577346,18.490873769928662,18.53768539428711,7400,0.0,0.0
2022-09-28 00:00:00-04:00,19.207104531668016,19.207104531668016,18.359802232270535,18.509601593017578,7600,0.0,0.0
2022-09-29 00:00:00-04:00,18.16318874537189,18.233407974243164,18.16318874537189,18.233407974243164,4200,0.0,0.0
2022-09-30 00:00:00-04:00,18.130419021930436,19.146247725954957,17.793369603341795,18.022750854492188,13400,0.0,0.0
2022-10-03 00:00:00-04:00,18.724940632629213,18.841971511583147,18.256817116813483,18.48619842529297,12600,0.0,0.0
2022-10-04 00:00:00-04:00,19.47393131933229,20.12462429836976,19.193058013916016,19.193058013916016,8000,0.0,0.0
2022-10-05 00:00:00-04:00,19.04793985893957,19.169652938842773,18.93559124675861,19.169652938842773,4600,0.0,0.0
2022-10-06 00:00:00-04:00,17.35333416181257,19.628414154052734,17.35333416181257,19.628414154052734,4400,0.0,0.0
2022-10-07 00:00:00-04:00,19.64245917548027,19.64245917548027,18.81856270422361,19.066667556762695,5000,0.0,0.0
2022-10-10 00:00:00-04:00,18.724937952878697,19.38031149552915,18.724937952878697,19.146249771118164,8200,0.0,0.0
2022-10-11 00:00:00-04:00,18.958995686401153,19.40371322631836,18.958995686401153,19.40371322631836,2600,0.0,0.0
2022-10-12 00:00:00-04:00,19.370946884155273,19.370946884155273,19.370946884155273,19.370946884155273,1600,0.0,0.0
2022-10-13 00:00:00-04:00,18.95899869456889,19.352222442626953,18.95899869456889,19.352222442626953,1800,0.0,0.0
2022-10-14 00:00:00-04:00,17.41887262401724,19.661184310913086,17.41887262401724,19.661184310913086,4600,0.0,0.0
2022-10-17 00:00:00-04:00,19.66118271531662,20.9251162470225,19.61437108981787,19.965463638305664,15400,0.0,0.0
2022-10-18 00:00:00-04:00,20.22293139969676,20.22293139969676,19.993550146123464,20.082494735717773,8200,0.0,0.0
2022-10-19 00:00:00-04:00,19.79694242021643,19.88588523864746,19.408399074216383,19.88588523864746,6600,0.0,0.0
2022-10-20 00:00:00-04:00,19.95141799754377,20.265061591392765,19.619050825624633,20.21356773376465,7200,0.0,0.0
2022-10-21 00:00:00-04:00,20.199528930203776,20.784683281765307,20.073135375976562,20.073135375976562,7000,0.0,0.0
2022-10-24 00:00:00-04:00,20.58807115779239,20.59275339277616,19.895248597396513,19.89992904663086,5600,0.0,0.0
2022-10-25 00:00:00-04:00,19.876522381659125,19.876522381659125,19.193062534616054,19.806304931640625,2600,0.0,0.0
2022-10-26 00:00:00-04:00,19.558194221187463,20.10121726989746,18.724935177239956,20.10121726989746,9600,0.0,0.0
2022-10-27 00:00:00-04:00,22.10478751043833,22.10478751043833,20.38677370454842,21.35110855102539,16800,0.0,0.0
2022-10-28 00:00:00-04:00,21.571128323715904,22.366936719186583,20.75659277687933,20.850217819213867,8200,0.0,0.0
2022-10-31 00:00:00-04:00,20.714462338105562,21.547721494616727,20.714462338105562,20.75191307067871,3200,0.0,0.0
2022-11-01 00:00:00-04:00,21.580489473005127,22.231182542673338,20.75659301947974,20.892349243164062,9800,0.0,0.0
2022-11-02 00:00:00-04:00,21.299614875568025,22.465242936905625,20.897028462529747,21.205989837646484,10400,0.0,0.0
2022-11-03 00:00:00-04:00,21.065550298757557,21.20130649592927,21.065550298757557,21.1872615814209,9000,0.0,0.0
2022-11-04 00:00:00-04:00,21.205989720414344,21.987756729125977,20.906391029320925,21.987756729125977,10600,0.0,0.0
2022-11-07 00:00:00-05:00,21.552399683990313,21.720924377441406,21.341743817176443,21.720924377441406,5400,0.0,0.0
2022-11-08 00:00:00-05:00,21.9924373626709,21.9924373626709,21.9924373626709,21.9924373626709,1200,0.0,0.0
2022-11-09 00:00:00-05:00,21.463457414483162,21.908175006580493,21.463457414483162,21.617938995361328,3000,0.0,0.0
2022-11-10 00:00:00-05:00,21.93158230010799,21.93158230010799,21.8707275390625,21.8707275390625,3600,0.0,0.0
2022-11-11 00:00:00-05:00,22.198408143728884,22.198408143728884,21.861360549926758,21.861360549926758,2400,0.0,0.0
2022-11-14 00:00:00-05:00,21.936260213632657,21.936260213632657,21.861360549926758,21.861360549926758,1800,0.0,0.0
2022-11-15 00:00:00-05:00,22.17032814025879,22.17032814025879,22.17032814025879,22.17032814025879,1600,0.0,0.0
2022-11-16 00:00:00-05:00,22.08138084411621,22.08138084411621,22.08138084411621,22.08138084411621,400,0.0,0.0
2022-11-17 00:00:00-05:00,22.170325926335252,22.170325926335252,22.1656436920166,22.1656436920166,1800,0.0,0.0
2022-11-18 00:00:00-05:00,22.170325926335252,22.170325926335252,22.1656436920166,22.1656436920166,1200,0.0,0.0
2022-11-21 00:00:00-05:00,22.170331416144894,22.170331416144894,21.772425330741132,22.123517990112305,11000,0.0,0.0
2022-11-22 00:00:00-05:00,22.170328151670788,22.170328151670788,21.777104359645403,22.095428466796875,5200,0.0,0.0
2022-11-23 00:00:00-05:00,22.095423671657397,22.170323340276614,22.095423671657397,22.15159797668457,11200,0.0,0.0
2022-11-25 00:00:00-05:00,22.15159797668457,22.15159797668457,22.15159797668457,22.15159797668457,1400,0.0,0.0
2022-11-28 00:00:00-05:00,22.17032858922026,22.17032858922026,22.067340850830078,22.067340850830078,3200,0.0,0.0
2022-11-29 00:00:00-05:00,22.170325741281662,22.170325741281662,22.16096305847168,22.16096305847168,2000,0.0,0.0
2022-11-30 00:00:00-05:00,22.1609654564357,22.17032814025879,22.1609654564357,22.17032814025879,2200,0.0,0.0
2022-12-01 00:00:00-05:00,22.27381289958633,22.27381289958633,22.076242446899414,22.076242446899414,2800,0.115,0.0
2022-12-02 00:00:00-05:00,22.250295117013078,22.273815155029297,22.076244682336426,22.273815155029297,4800,0.0,0.0
2022-12-05 00:00:00-05:00,22.278523429356223,22.278523429356223,22.231481552124023,22.231481552124023,2800,0.0,0.0
2022-12-06 00:00:00-05:00,22.27381376824129,22.27381376824129,22.250293731689453,22.250293731689453,2400,0.0,0.0
2022-12-07 00:00:00-05:00,22.273815155029297,22.273815155029297,22.231478368814557,22.273815155029297,9200,0.0,0.0
2022-12-08 00:00:00-05:00,22.273815932381407,22.273815932381407,21.648174285888672,21.648174285888672,8400,0.0,0.0
2022-12-09 00:00:00-05:00,21.939825744755296,22.015090942382812,21.403560987351263,22.015090942382812,2000,0.0,0.0
2022-12-12 00:00:00-05:00,22.038609875475256,22.156211853027344,22.038609875475256,22.156211853027344,1200,0.0,0.0
2022-12-13 00:00:00-05:00,22.01509337343723,22.278522491455078,22.01509337343723,22.278522491455078,16400,0.0,0.0
2022-12-14 00:00:00-05:00,22.278518562438066,22.278518562438066,22.212661743164062,22.212661743164062,5400,0.0,0.0
2022-12-15 00:00:00-05:00,22.27381289958633,22.27381289958633,22.076242446899414,22.076242446899414,2800,0.0,0.0
2022-12-16 00:00:00-05:00,22.06213382471346,22.22207260131836,21.873969924779242,22.22207260131836,20800,0.0,0.0
2022-12-19 00:00:00-05:00,22.278519382321274,22.278519382321274,22.099763870239258,22.099763870239258,9200,0.0,0.0
2022-12-20 00:00:00-05:00,22.217367009551605,22.217367009551605,22.118581771850586,22.118581771850586,4000,0.0,0.0
2022-12-21 00:00:00-05:00,22.222069830799363,22.222069830799363,22.113874435424805,22.113874435424805,4600,0.0,0.0
2022-12-22 00:00:00-05:00,22.189141443242104,22.189141443242104,21.765775378217512,21.921009063720703,3400,0.0,0.0
2022-12-23 00:00:00-05:00,22.104471988191413,22.109175278473714,21.95864486694336,21.95864486694336,3000,0.0,0.0
2022-12-27 00:00:00-05:00,22.109175727285077,22.109175727285077,22.029207229614258,22.029207229614258,4600,0.0,0.0
2022-12-28 00:00:00-05:00,22.10917230852633,22.10917230852633,22.00568199157715,22.00568199157715,1600,0.0,0.0
2022-12-29 00:00:00-05:00,22.062132242909094,22.099763943519463,21.878671646118164,21.878671646118164,6400,0.0,0.0
2022-12-30 00:00:00-05:00,21.99627188118586,21.99627188118586,21.91160011291504,21.91160011291504,1200,0.0,0.0
2023-01-03 00:00:00-05:00,22.024494982668287,22.104465248797815,22.024494982668287,22.038606643676758,5400,0.0,0.0
2023-01-04 00:00:00-05:00,22.10917172318875,22.250293736997204,21.75636579143574,22.12328338623047,15200,0.0,0.0
2023-01-05 00:00:00-05:00,22.22207419129455,22.22207419129455,22.01979861245495,22.09035873413086,7000,0.0,0.0
2023-01-06 00:00:00-05:00,22.09035226162845,22.179730901812906,22.09035226162845,22.109169006347656,8800,0.0,0.0
2023-01-09 00:00:00-05:00,22.226773118211728,22.24088478088379,22.226773118211728,22.24088478088379,6600,0.0,0.0
2023-01-10 00:00:00-05:00,22.240889927570464,22.269115053909783,22.22677826163287,22.231481552124023,7800,0.0,0.0
2023-01-11 00:00:00-05:00,22.264409693927757,22.264409693927757,22.109174205186935,22.132694244384766,14000,0.0,0.0
2023-01-12 00:00:00-05:00,22.2173656661291,22.2549991607666,22.2173656661291,22.2549991607666,6600,0.0,0.0
2023-01-13 00:00:00-05:00,22.254998238019567,22.73481450797058,22.146804637118418,22.24088478088379,24400,0.0,0.0
2023-01-17 00:00:00-05:00,22.34437629023598,22.61250866216171,22.26911109451058,22.54665184020996,9800,0.0,0.0
2023-01-18 00:00:00-05:00,22.603098258413237,22.603098258413237,22.24088397574512,22.480792999267578,10600,0.0,0.0
2023-01-19 00:00:00-05:00,22.30203669092922,22.574874112541107,22.273811573170327,22.339670181274414,10000,0.0,0.0
2023-01-20 00:00:00-05:00,22.41023236862921,22.574876212509608,22.245590319212567,22.438457489013672,7800,0.0,0.0
2023-01-23 00:00:00-05:00,22.438459038228014,22.57487777114268,22.109173122196147,22.56076431274414,16400,0.0,0.0
2023-01-24 00:00:00-05:00,22.574876440211252,22.574876440211252,22.570171356201172,22.570171356201172,4400,0.0,0.0
2023-01-25 00:00:00-05:00,22.579580003387704,22.86182403564453,22.579580003387704,22.86182403564453,6800,0.0,0.0
2023-01-26 00:00:00-05:00,22.9229759391507,22.9229759391507,22.579578399658203,22.579578399658203,9200,0.0,0.0
2023-01-27 00:00:00-05:00,22.461978127090163,22.57958010681315,21.864559854761744,22.066835403442383,16400,0.0,0.0
2023-01-30 00:00:00-05:00,21.855149827082535,22.45256805419922,20.679130118852132,22.45256805419922,4600,0.0,0.0
2023-01-31 00:00:00-05:00,22.438457489013672,22.485497561857354,22.391415621706233,22.438457489013672,7600,0.0,0.0
2023-02-01 00:00:00-05:00,22.509020124224282,22.69718402564213,22.509020124224282,22.607807159423828,7400,0.0,0.0
2023-02-02 00:00:00-05:00,22.922977283563817,22.922977283563817,22.250293827397925,22.697181701660156,10800,0.0,0.0
2023-02-03 00:00:00-05:00,22.90416258681105,22.913570961207235,22.382011266302303,22.636030197143555,7400,0.0,0.0
2023-02-06 00:00:00-05:00,22.918275284609226,23.82145766308453,22.904161826251638,23.802640914916992,28400,0.0,0.0
2023-02-07 00:00:00-05:00,23.769713792472448,24.24012175539944,23.661520176334914,24.04725456237793,34800,0.0,0.0
2023-02-08 00:00:00-05:00,24.141335656074705,24.922212775009104,24.141335656074705,24.414173126220703,25200,0.0,0.0
2023-02-09 00:00:00-05:00,24.409466934149993,24.555294036865234,23.77912024305184,24.555294036865234,19000,0.0,0.0
2023-02-10 00:00:00-05:00,24.9222116440318,24.9222116440318,24.54588566303227,24.555294036865234,8200,0.0,0.0
2023-02-13 00:00:00-05:00,22.099764094839564,24.828129700165963,21.23891852545712,24.555294036865234,9600,0.0,0.0
2023-02-14 00:00:00-05:00,24.531774873721027,25.049222891727016,24.531774873721027,25.016294479370117,13400,0.0,0.0
2023-02-15 00:00:00-05:00,25.213861634511108,25.213861634511108,25.02569955930649,25.119781494140625,7600,0.0,0.0
2023-02-16 00:00:00-05:00,25.133894781745,25.96181191400783,24.795200512223776,25.02099609375,25200,0.0,0.0
2023-02-17 00:00:00-05:00,25.36909756584054,25.590189847624515,25.049220058160458,25.25619888305664,9600,0.0,0.0
2023-02-21 00:00:00-05:00,25.486698150634766,25.486698150634766,25.425544626019583,25.486698150634766,7200,0.0,0.0
2023-02-22 00:00:00-05:00,25.67486544309514,25.67486544309514,25.566670041068416,25.576078414916992,2600,0.0,0.0
2023-02-23 00:00:00-05:00,25.49140466020198,25.731313705444336,25.49140466020198,25.731313705444336,7000,0.0,0.0
2023-02-24 00:00:00-05:00,25.43495671827755,25.47259021414853,25.166824340820312,25.166824340820312,5200,0.0,0.0
2023-02-27 00:00:00-05:00,25.33146287265059,25.58548355102539,25.307942838237427,25.58548355102539,5200,0.0,0.0
2023-02-28 00:00:00-05:00,25.538443595441517,25.538443595441517,25.524330139160156,25.524330139160156,4000,0.0,0.0
2023-03-01 00:00:00-05:00,25.3596890781166,25.590189731962727,25.31735229657195,25.571372985839844,11400,0.0,0.0
2023-03-02 00:00:00-05:00,25.48161767742127,25.486342753762965,24.418702563704368,25.462722778320312,7400,0.115,0.0
2023-03-03 00:00:00-05:00,24.8060770076013,25.297380447387695,24.8060770076013,25.297380447387695,7000,0.0,0.0
2023-03-06 00:00:00-05:00,25.16982552321724,25.476890563964844,24.820245614332745,25.476890563964844,9800,0.0,0.0
2023-03-07 00:00:00-05:00,25.259588845451884,25.344622202418325,25.18400383949157,25.297380447387695,6400,0.0,0.0
2023-03-08 00:00:00-05:00,25.311552645918926,25.311552645918926,25.042279160540854,25.29265594482422,21000,0.0,0.0
2023-03-09 00:00:00-05:00,24.092744655518736,25.287933176467238,24.092744655518736,24.919456481933594,20400,0.0,0.0
2023-03-10 00:00:00-05:00,24.739935192574947,25.08951689853368,24.187220289662946,25.037551879882812,16800,0.0,0.0
2023-03-13 00:00:00-04:00,24.815522861920204,24.815522861920204,23.10068787383329,23.43609619140625,34800,0.0,0.0
2023-03-14 00:00:00-04:00,24.045502322933682,24.881660615989908,23.62033556198256,24.139982223510742,29400,0.0,0.0
2023-03-15 00:00:00-04:00,23.884883574903633,23.884883574903633,23.384131820500627,23.445545196533203,7600,0.0,0.0
2023-03-16 00:00:00-04:00,23.38413293616836,24.333669662475586,23.185722976257964,24.333669662475586,15600,0.0,0.0
2023-03-17 00:00:00-04:00,24.196673672480653,24.418703613695094,23.30854850135683,24.258085250854492,58200,0.0,0.0
2023-03-20 00:00:00-04:00,24.149430922024955,24.149430922024955,22.444042381537777,22.585765838623047,24200,0.0,0.0
2023-03-21 00:00:00-04:00,22.439318521885564,22.958965177346432,22.439318521885564,22.66135025024414,19200,0.0,0.0
2023-03-22 00:00:00-04:00,22.363733432241542,23.147928488545457,22.363733432241542,22.59048843383789,7800,0.0,0.0
2023-03-23 00:00:00-04:00,22.387353175429645,22.533799900859442,22.292871475219727,22.292871475219727,12400,0.0,0.0
2023-03-24 00:00:00-04:00,22.203113650466946,22.32593859263572,22.203113650466946,22.273975372314453,6800,0.0,0.0
2023-03-27 00:00:00-04:00,22.292869641633057,22.37790298461914,21.867704728791022,22.37790298461914,8000,0.0,0.0
2023-03-28 00:00:00-04:00,22.103910446166992,22.103910446166992,22.103910446166992,22.103910446166992,4200,0.0,0.0
2023-03-29 00:00:00-04:00,22.434594829823634,22.65190147790727,22.03777313232422,22.03777313232422,9000,0.0,0.0
2023-03-30 00:00:00-04:00,21.348055940640748,21.96690930309259,21.348055940640748,21.76849937438965,9400,0.0,0.0
2023-03-31 00:00:00-04:00,21.277199737255366,21.470886426160924,20.78589630126953,20.78589630126953,20400,0.0,0.0
2023-04-03 00:00:00-04:00,20.696134648334656,21.14491949517362,20.592204615379995,20.78116798400879,18000,0.0,0.0
2023-04-04 00:00:00-04:00,20.606379986118235,20.606379986118235,19.184436595703502,19.897769927978516,19400,0.0,0.0
2023-04-05 00:00:00-04:00,19.562359459698946,19.888319402034547,18.7923361095019,19.47260284423828,25200,0.0,0.0
2023-04-06 00:00:00-04:00,19.37339595751582,19.883596005411903,18.89626603309895,19.415912628173828,10600,0.0,0.0
2023-04-10 00:00:00-04:00,19.378124273389865,19.793842700214633,19.368675922542863,19.47732925415039,15400,0.0,0.0
2023-04-11 00:00:00-04:00,19.38757155900759,20.15759318879928,19.08523155686993,19.81273651123047,50200,0.0,0.0
2023-04-12 00:00:00-04:00,19.798564368332475,20.544967805891805,19.656842721302674,19.97335433959961,9400,0.0,0.0
2023-04-13 00:00:00-04:00,19.94028753126097,20.23318099975586,19.94028753126097,20.23318099975586,6800,0.0,0.0
2023-04-14 00:00:00-04:00,20.152867080687766,20.502448785304953,20.07728209078247,20.19066047668457,28400,0.0,0.0
2023-04-17 00:00:00-04:00,20.14342191306933,21.3055419921875,19.874150231373378,21.3055419921875,12200,0.0,0.0
2023-04-18 00:00:00-04:00,21.074061941208274,21.352781949969593,20.54969024658203,20.54969024658203,6800,0.0,0.0
2023-04-19 00:00:00-04:00,20.313485524740564,20.313485524740564,19.604875564575195,19.604875564575195,6600,0.0,0.0
2023-04-20 00:00:00-04:00,19.302533760417226,20.31348358540319,18.57975224672109,18.89154052734375,14200,0.0,0.0
2023-04-21 00:00:00-04:00,18.631720487174626,19.36867562304736,18.631720487174626,18.92461395263672,16400,0.0,0.0
2023-04-24 00:00:00-04:00,17.951456303984074,18.849029840018765,17.951456303984074,18.291589736938477,13000,0.0,0.0
2023-04-25 00:00:00-04:00,17.535737093436413,17.535737093436413,16.283860355865347,17.00191879272461,21600,0.0,0.0
2023-04-26 00:00:00-04:00,17.00663908863184,17.762488993957923,16.80350408868389,17.36566734313965,19800,0.0,0.0
2023-04-27 00:00:00-04:00,17.979799615754487,18.02231629075527,17.455427891441,17.549909591674805,10000,0.0,0.0
2023-04-28 00:00:00-04:00,17.33732208163502,17.33732208163502,17.0302570796338,17.15308380126953,10400,0.0,0.0
2023-05-01 00:00:00-04:00,17.143638131508773,17.143638131508773,16.59092140197754,16.59092140197754,16400,0.0,0.0
2023-05-02 00:00:00-04:00,16.619266621678655,16.619266621678655,15.395733287038126,15.513834953308105,18400,0.0,0.0
2023-05-03 00:00:00-04:00,15.367389580797308,16.109067965594903,14.592642870722514,15.239839553833008,26000,0.0,0.0
2023-05-04 00:00:00-04:00,14.932775770743552,14.937499945772503,12.698291440527697,13.954894065856934,29000,0.0,0.0
2023-05-05 00:00:00-04:00,14.148582147525175,15.21149730682373,14.148582147525175,15.21149730682373,17800,0.0,0.0
2023-05-08 00:00:00-04:00,15.211496489807393,15.47131982104074,14.739089777714545,15.438251495361328,19400,0.0,0.0
2023-05-09 00:00:00-04:00,15.287080947069597,15.35321759607236,14.087167508598387,14.181649208068848,15000,0.0,0.0
2023-05-10 00:00:00-04:00,15.272908353716996,15.660281675084903,14.6493307986616,15.164253234863281,30200,0.0,0.0
2023-05-11 00:00:00-04:00,14.946947781166028,15.117014482427505,14.93277615675709,14.970568656921387,8600,0.0,0.0
2023-05-12 00:00:00-04:00,14.956396164401996,15.254012892264932,14.876086988745488,15.01308536529541,8200,0.0,0.0
2023-05-15 00:00:00-04:00,14.909155557238833,16.562579947933298,14.909155557238833,15.901209831237793,19200,0.0,0.0
2023-05-16 00:00:00-04:00,15.674452881934316,16.61454111170868,14.97529125213623,14.97529125213623,13800,0.0,0.0
2023-05-17 00:00:00-04:00,14.743812357235056,15.806727409362793,14.691848234063348,15.806727409362793,46200,0.0,0.0
2023-05-18 00:00:00-04:00,15.825623437425449,16.071275121958486,15.117013432764608,15.334320068359375,31400,0.0,0.0
2023-05-19 00:00:00-04:00,14.833568705539683,15.258734512501983,14.597365379333496,14.597365379333496,14000,0.0,0.0
2023-05-22 00:00:00-04:00,14.620988589151372,15.02253358703719,13.326593361766122,14.786330223083496,37000,0.0,0.0
2023-05-23 00:00:00-04:00,14.956395522922199,15.400457156523641,14.531229688111933,15.060324668884277,9600,0.0,0.0
2023-05-24 00:00:00-04:00,14.644608494507064,14.852467706076348,14.616264343261719,14.616264343261719,7200,0.0,0.0
2023-05-25 00:00:00-04:00,14.857191887761255,15.518560222669624,14.672952651977539,14.672952651977539,7200,0.0,0.0
2023-05-26 00:00:00-04:00,14.890260141999809,15.211496858169102,14.791054261514907,15.06505012512207,10000,0.0,0.0
2023-05-30 00:00:00-04:00,16.41613145214335,16.794056420120338,15.471318131156682,15.693349838256836,17800,0.0,0.0
2023-05-31 00:00:00-04:00,15.258734928338276,15.272908353716996,14.88080995652671,15.164253234863281,11200,0.0,0.0
2023-06-01 00:00:00-04:00,15.183289074326957,15.183289074326957,14.912074089050293,14.912074089050293,10000,0.115,0.0
2023-06-02 00:00:00-04:00,14.997719707616033,15.85418809718763,14.997719707616033,15.240385055541992,23000,0.0,0.0
2023-06-05 00:00:00-04:00,15.292727049247118,15.60676555922509,15.08336864762651,15.321276664733887,28000,0.0,0.0
2023-06-06 00:00:00-04:00,15.454502982641285,15.592490053982157,15.226111527539466,15.478293418884277,33800,0.0,0.0
2023-06-07 00:00:00-04:00,15.51160078889845,15.611523527821921,15.19280494189181,15.392646789550781,47800,0.0,0.0
2023-06-08 00:00:00-04:00,15.69716987425296,15.701927235379939,15.592489778520378,15.621039390563965,38800,0.0,0.0
2023-06-09 00:00:00-04:00,16.368070728677456,16.439442037888412,15.411679575442689,15.69717025756836,34800,0.0,0.0
2023-06-12 00:00:00-04:00,15.687655228890543,16.03024153926116,15.226113094872112,15.321276664733887,67400,0.0,0.0
2023-06-13 00:00:00-04:00,15.497324763992742,15.835153640176575,15.392644678095996,15.487808227539062,62000,0.0,0.0
2023-06-14 00:00:00-04:00,15.592490475299856,15.935078574756472,15.44498686245737,15.635313987731934,49800,0.0,0.0
2023-06-15 00:00:00-04:00,15.763783126529182,15.963624956753728,15.46401856609854,15.640069961547852,53400,0.0,0.0
2023-06-16 00:00:00-04:00,15.839913829435178,16.14443575506222,15.183287292868211,15.892253875732422,180000,0.0,0.0
2023-06-20 00:00:00-04:00,16.149193600166047,16.149193600166047,15.621039390563965,15.621039390563965,42200,0.0,0.0
2023-06-21 00:00:00-04:00,15.83515574259568,16.158710764603963,15.559183409173304,15.820881843566895,75800,0.0,0.0
2023-06-22 00:00:00-04:00,15.949349669320272,16.101610616728617,15.440226786093557,16.096853256225586,72600,0.0,0.0
2023-06-23 00:00:00-04:00,15.90177109512863,16.477509879726217,15.33079330245084,16.092098236083984,1200800,0.0,0.0
2023-06-26 00:00:00-04:00,15.906529294907552,16.720174233080588,15.906529294907552,16.6345272064209,72000,0.0,0.0
2023-06-27 00:00:00-04:00,16.629767464914835,17.490993154597657,16.439440362889965,17.333974838256836,53600,0.0,0.0
2023-06-28 00:00:00-04:00,17.272118938985923,18.913684359633233,17.19123109724637,18.48069190979004,49400,0.0,0.0
2023-06-29 00:00:00-04:00,18.41883620549963,18.41883620549963,17.57188433938581,17.962053298950195,25400,0.0,0.0
2023-06-30 00:00:00-04:00,17.990601852815832,18.004875750588866,17.548092870913663,17.60519027709961,12800,0.0,0.0
2023-07-03 00:00:00-04:00,17.805035470766168,17.805035470766168,17.19599151611328,17.19599151611328,7000,0.0,0.0
2023-07-05 00:00:00-04:00,17.195988269900347,17.36728230358358,16.396617322774475,16.472747802734375,38000,0.0,0.0
2023-07-06 00:00:00-04:00,16.534603745230502,16.534603745230502,15.849429452099304,16.111127853393555,24800,0.0,0.0
2023-07-07 00:00:00-04:00,16.258630747257783,16.64880151071079,15.95410881830371,16.420408248901367,57200,0.0,0.0
2023-07-10 00:00:00-04:00,16.534607012534742,16.82961244237376,16.439443443688383,16.51081657409668,13000,0.0,0.0
2023-07-11 00:00:00-04:00,16.4775089257934,16.4775089257934,15.86846319905225,16.149194717407227,17200,0.0,0.0
2023-07-12 00:00:00-04:00,16.510816039705695,16.648803119312106,16.201534904738786,16.263391494750977,40600,0.0,0.0
2023-07-13 00:00:00-04:00,16.41565186498063,17.2245394213463,16.130162993366387,16.663076400756836,41600,0.0,0.0
2023-07-14 00:00:00-04:00,16.553635230282058,16.553635230282058,16.268144607543945,16.268144607543945,11000,0.0,0.0
2023-07-17 00:00:00-04:00,16.415651627834325,17.272120045398196,16.20153406966987,17.08179473876953,38800,0.0,0.0
2023-07-18 00:00:00-04:00,17.248328517277937,18.038182936775737,16.981870926749654,17.510026931762695,19000,0.0,0.0
2023-07-19 00:00:00-04:00,17.762210536849818,18.970781687532167,17.37679895844578,18.666259765625,24200,0.0,0.0
2023-07-20 00:00:00-04:00,18.647226217060773,20.084190587688905,18.32367122949715,19.68926429748535,55000,0.0,0.0
2023-07-21 00:00:00-04:00,19.665475069024637,19.803460321959665,18.870861448904535,19.32764434814453,65000,0.0,0.0
2023-07-24 00:00:00-04:00,19.451354620201776,19.95571831565277,19.222963204604298,19.432321548461914,45800,0.0,0.0
2023-07-25 00:00:00-04:00,19.617892397788438,19.713055955643984,19.00408935546875,19.00408935546875,61200,0.0,0.0
2023-07-26 00:00:00-04:00,19.13255924976584,19.71305529978696,18.79473035495748,19.613134384155273,58000,0.0,0.0
2023-07-27 00:00:00-04:00,19.613133629194675,21.05961270743881,19.394256917305952,21.054855346679688,49600,0.0,0.0
2023-07-28 00:00:00-04:00,20.94541946830914,22.244396864170273,20.94541946830914,21.982698440551758,37000,0.0,0.0
2023-07-31 00:00:00-04:00,21.982698255093677,22.10165224801616,21.197601175767733,21.43075180053711,63400,0.0,0.0
2023-08-01 00:00:00-04:00,21.516399327823063,21.687693372084123,21.111954653296912,21.21663475036621,36600,0.0,0.0
2023-08-02 00:00:00-04:00,21.0881626618663,21.792370046818338,20.93590170377363,21.3736515045166,37600,0.0,0.0
2023-08-03 00:00:00-04:00,21.483092702228852,21.64962757290593,21.17381158229261,21.397445678710938,14400,0.0,0.0
2023-08-04 00:00:00-04:00,21.606802675103168,22.277703106226937,20.69799426393418,22.268186569213867,55400,0.0,0.0
2023-08-07 00:00:00-04:00,22.396656662984824,23.771764470629638,21.982697293940486,23.243608474731445,72000,0.0,0.0
2023-08-08 00:00:00-04:00,23.196029353190063,23.695635776239982,22.391900989046626,22.52988624572754,50000,0.0,0.0
2023-08-09 00:00:00-04:00,22.558436551136214,23.43393806621375,22.45851562647644,23.32925796508789,32000,0.0,0.0
2023-08-10 00:00:00-04:00,22.8391660709971,23.31498203080954,22.8391660709971,23.07707405090332,42000,0.0,0.0
2023-08-11 00:00:00-04:00,22.83916621709227,23.31498217994836,22.634565207856642,23.19127082824707,49200,0.0,0.0
2023-08-14 00:00:00-04:00,23.029492190112695,23.524339387555447,22.586983221318622,22.696420669555664,56800,0.0,0.0
2023-08-15 00:00:00-04:00,22.510854858874676,23.02949435409375,22.173024130727256,22.439481735229492,49800,0.0,0.0
2023-08-16 00:00:00-04:00,22.948601950744685,22.948601950744685,22.44899559020996,22.44899559020996,20400,0.0,0.0
2023-08-17 00:00:00-04:00,22.577468414338735,23.314982813797215,22.45851442039079,23.06755828857422,42400,0.0,0.0
2023-08-18 00:00:00-04:00,22.862956865440673,23.167478794093583,22.653598493265264,22.934329986572266,51200,0.0,0.0
2023-08-21 00:00:00-04:00,22.539404390967075,22.948606459159336,22.439483462248706,22.648841857910156,36200,0.0,0.0
2023-08-22 00:00:00-04:00,22.239635898305067,22.95335974617618,21.701963424682617,21.701963424682617,58800,0.0,0.0
2023-08-23 00:00:00-04:00,21.76858073773939,22.311010655871318,21.33558827545041,22.0302791595459,21200,0.0,0.0
2023-08-24 00:00:00-04:00,21.67341634553944,22.058827921781823,21.42123447070457,21.74003028869629,26000,0.0,0.0
2023-08-25 00:00:00-04:00,22.28721756948131,22.867713567608266,21.583010231883097,21.854225158691406,44600,0.0,0.0
2023-08-28 00:00:00-04:00,21.649626338718754,22.035037922578084,21.563979320083348,21.897050857543945,36200,0.0,0.0
2023-08-29 00:00:00-04:00,21.64962245088146,22.24914965857241,21.63534855537015,22.10640525817871,37800,0.0,0.0
2023-08-30 00:00:00-04:00,21.86374317776448,23.124654351147292,21.86374317776448,22.829648971557617,30800,0.0,0.0
2023-08-31 00:00:00-04:00,22.56190790966625,22.963518561039887,22.136392231487314,22.22723388671875,41000,0.115,0.0
2023-09-01 00:00:00-04:00,22.45672500985752,22.920488357543945,22.18898397263575,22.920488357543945,41200,0.0,0.0
2023-09-05 00:00:00-04:00,22.915708276693987,22.915708276693987,20.974589843960175,22.724464416503906,11000,0.0,0.0
2023-09-06 00:00:00-04:00,22.145957106389293,22.647970021304808,21.959495322892405,22.112489700317383,44800,0.0,0.0
2023-09-07 00:00:00-04:00,22.055115166676966,22.232014556777056,21.299703904144877,21.792156219482422,55200,0.0,0.0
2023-09-08 00:00:00-04:00,21.395326832501553,22.289388024101626,21.036745935867447,22.05989646911621,26600,0.0,0.0
2023-09-11 00:00:00-04:00,22.064676228789928,22.471067139003235,21.921242426280234,22.193763732910156,27400,0.0,0.0
2023-09-12 00:00:00-04:00,21.911685019330125,22.040772541974274,21.490949574188832,21.878215789794922,39400,0.0,0.0
2023-09-13 00:00:00-04:00,21.620036025510103,21.92124263646068,21.395324768337844,21.696533203125,34600,0.0,0.0
2023-09-14 00:00:00-04:00,21.61047465352297,21.83518409729004,21.61047465352297,21.83518409729004,23800,0.0,0.0
2023-09-15 00:00:00-04:00,21.74912934205121,22.676658018658582,21.55310517448543,22.490196228027344,79800,0.0,0.0
2023-09-18 00:00:00-04:00,22.23679542541504,22.514098855408026,22.050333654685755,22.23679542541504,42600,0.0,0.0
2023-09-19 00:00:00-04:00,22.016866479590888,22.303732288477402,21.39532662942521,21.524415969848633,23200,0.0,0.0
2023-09-20 00:00:00-04:00,21.87821387118638,21.87821387118638,21.275798797607422,21.275798797607422,11000,0.0,0.0
2023-09-21 00:00:00-04:00,21.060649052312456,21.299702961700422,20.66860078682312,21.15627098083496,29600,0.0,0.0
2023-09-22 00:00:00-04:00,21.342734243645978,21.342734243645978,20.859846115112305,20.859846115112305,12600,0.0,0.0
2023-09-25 00:00:00-04:00,20.72597527037142,21.67741072660385,20.72597527037142,21.605693817138672,24600,0.0,0.0
2023-09-26 00:00:00-04:00,21.03674652157553,21.328392617438535,21.027184145205307,21.084556579589844,15600,0.0,0.0
2023-09-27 00:00:00-04:00,20.816816351733543,21.43835619569878,20.735537068350343,20.988935470581055,24800,0.0,0.0
2023-09-28 00:00:00-04:00,20.67816608348659,21.749128551339197,20.67816608348659,21.380985260009766,20200,0.0,0.0
2023-09-29 00:00:00-04:00,21.11324109969354,21.11324109969354,20.63991355895996,20.63991355895996,5000,0.0,0.0
2023-10-02 00:00:00-04:00,21.232767832337927,21.41922958697901,20.238304532973288,20.319581985473633,48000,0.0,0.0
2023-10-03 00:00:00-04:00,20.486918411926318,20.529948186693815,18.99044231755599,19.162561416625977,23000,0.0,0.0
2023-10-04 00:00:00-04:00,19.27252871797605,20.486921310424805,19.081284842210685,20.486921310424805,16400,0.0,0.0
2023-10-05 00:00:00-04:00,20.09487079964412,21.271017405908584,19.511580507909336,21.05108642578125,34400,0.0,0.0
2023-10-06 00:00:00-04:00,21.051088556348773,21.275799834861587,20.606448099286297,20.984153747558594,32200,0.0,0.0
2023-10-09 00:00:00-04:00,20.883751302712838,20.965028762817383,20.0900923344507,20.965028762817383,5400,0.0,0.0
2023-10-10 00:00:00-04:00,21.11324164819702,22.069457305857824,21.065431594848633,21.065431594848633,33200,0.0,0.0
2023-10-11 00:00:00-04:00,21.34751576290169,21.663066864013672,21.14670952191952,21.663066864013672,16400,0.0,0.0
2023-10-12 00:00:00-04:00,21.49572774390255,21.519632770796278,21.132366593142592,21.34273338317871,18600,0.0,0.0
2023-10-13 00:00:00-04:00,20.51560603853993,21.48138403286563,20.51560603853993,21.031963348388672,17400,0.0,0.0
2023-10-16 00:00:00-04:00,21.280580091880903,21.3714217527318,20.812034606933594,20.812034606933594,12200,0.0,0.0
2023-10-17 00:00:00-04:00,21.242332674126708,21.514854012376535,21.089338302612305,21.089338302612305,21200,0.0,0.0
2023-10-18 00:00:00-04:00,21.094120961373157,21.094120961373157,20.018378139249247,20.22396469116211,10600,0.0,0.0
2023-10-19 00:00:00-04:00,20.11399776948839,20.13790279801245,19.707606813069066,19.755416870117188,8000,0.0,0.0
2023-10-20 00:00:00-04:00,20.051841239446247,20.353049675597298,19.143437479135606,19.454206466674805,18600,0.0,0.0
2023-10-23 00:00:00-04:00,19.46376800558615,19.49723540551641,18.985660207912193,19.119531631469727,4800,0.0,0.0
2023-10-24 00:00:00-04:00,19.239061534901193,20.65426039558848,19.239061534901193,20.549076080322266,14600,0.0,0.0
2023-10-25 00:00:00-04:00,20.725975101754706,20.725975101754706,20.281334643896226,20.553857803344727,19400,0.0,0.0
2023-10-26 00:00:00-04:00,21.074993962999574,21.4957275390625,20.826377673233324,21.4957275390625,19200,0.0,0.0
2023-10-27 00:00:00-04:00,21.089338306908207,21.82084275985025,20.271774291992188,20.271774291992188,14400,0.0,0.0
2023-10-30 00:00:00-04:00,20.39129709679494,21.371417659410632,20.39129709679494,21.008054733276367,22400,0.0,0.0
2023-10-31 00:00:00-04:00,20.812035236467285,21.189740895825498,20.78334993119342,21.084556579589844,12400,0.0,0.0
2023-11-01 00:00:00-04:00,20.91721545385522,21.66784452537808,20.72597161159968,21.30448341369629,16000,0.0,0.0
2023-11-02 00:00:00-04:00,21.11324043012345,21.992958857371782,20.812032004663482,21.42401123046875,22800,0.0,0.0
2023-11-03 00:00:00-04:00,21.64872669017254,21.64872669017254,21.01284408569336,21.01284408569336,12000,0.0,0.0
2023-11-06 00:00:00-05:00,20.926780894883418,20.926780894883418,20.644697189331055,20.644697189331055,4000,0.0,0.0
2023-11-07 00:00:00-05:00,21.05586729862337,21.992958119925532,21.05586729862337,21.323606491088867,14200,0.0,0.0
2023-11-08 00:00:00-05:00,20.67337989807129,20.67337989807129,20.67337989807129,20.67337989807129,6000,0.0,0.0
2023-11-09 00:00:00-05:00,20.43911014298528,20.941123009800044,19.650231478107326,19.659793853759766,12200,0.0,0.0
2023-11-10 00:00:00-05:00,19.975347301976463,20.735538929216936,19.941879895178953,20.343490600585938,11800,0.0,0.0
2023-11-13 00:00:00-05:00,20.745100630302673,20.764225383231732,20.463016908027956,20.759443283081055,5400,0.0,0.0
2023-11-14 00:00:00-05:00,20.76900314110344,23.13085695017659,20.429547025040705,22.834428787231445,22000,0.0,0.0
2023-11-15 00:00:00-05:00,22.800961344973473,23.14041928426823,22.188983917236328,22.188983917236328,18800,0.0,0.0
2023-11-16 00:00:00-05:00,22.471066561612215,22.471066561612215,22.351539611816406,22.351539611816406,8400,0.0,0.0
2023-11-17 00:00:00-05:00,22.609721096727505,22.85833740234375,22.609721096727505,22.85833740234375,20200,0.0,0.0
2023-11-20 00:00:00-05:00,22.896584394188405,22.896584394188405,22.633625444332623,22.887022018432617,5800,0.0,0.0
2023-11-21 00:00:00-05:00,22.279823476009657,22.662311187534613,21.997739791870117,21.997739791870117,5200,0.0,0.0
2023-11-22 00:00:00-05:00,22.136394961474533,22.136394961474533,22.131614685058594,22.131614685058594,6000,0.0,0.0
2023-11-24 00:00:00-05:00,22.90614891052246,22.90614891052246,22.90614891052246,22.90614891052246,2400,0.0,0.0
2023-11-27 00:00:00-05:00,22.494976277374235,22.62406562893133,22.399354332831546,22.600160598754883,15200,0.0,0.0
2023-11-28 00:00:00-05:00,22.1698638137224,22.800966124321885,22.1698638137224,22.308515548706055,7800,0.0,0.0
2023-11-29 00:00:00-05:00,22.471070206601546,22.94917808333775,22.456727553927237,22.89180564880371,25200,0.0,0.0
2023-11-30 00:00:00-05:00,22.667093529150716,22.901367182620344,22.375447443257876,22.85833740234375,12800,0.0,0.0
2023-12-01 00:00:00-05:00,22.714205257253845,23.73269465604994,22.714205257253845,23.3915958404541,39800,0.115,0.0
2023-12-04 00:00:00-05:00,23.42042366932016,23.646221160888672,23.199431393507872,23.646221160888672,11400,0.0,0.0
2023-12-05 00:00:00-05:00,23.30032287159772,23.73270073011131,23.30032287159772,23.54533576965332,8600,0.0,0.0
2023-12-06 00:00:00-05:00,21.378643114494768,23.545331756360582,21.378643114494768,23.348360061645508,18200,0.0,0.0
2023-12-07 00:00:00-05:00,23.444444289051805,24.496562957763672,23.348360132949175,24.496562957763672,10200,0.0,0.0
2023-12-08 00:00:00-05:00,24.020948542197974,24.38126277033094,22.464390270296253,24.232332229614258,25200,0.0,0.0
2023-12-11 00:00:00-05:00,24.44371795654297,24.44371795654297,23.862409604086118,24.44371795654297,19400,0.0,0.0
2023-12-12 00:00:00-05:00,24.323616127904664,24.323616127904664,23.972910454108327,24.280378341674805,10800,0.0,0.0
2023-12-13 00:00:00-05:00,23.9681044973571,26.302941216362846,23.9681044973571,25.942626953125,56800,0.0,0.0
2023-12-14 00:00:00-05:00,26.423042216941997,26.78335642899121,25.60632963643322,26.749727249145508,34000,0.0,0.0
2023-12-15 00:00:00-05:00,27.05719762413129,27.936365263756105,26.16361800112018,27.864301681518555,93400,0.0,0.0
2023-12-18 00:00:00-05:00,27.81145342807767,27.931558168625703,26.620014621759548,27.552026748657227,40400,0.0,0.0
2023-12-19 00:00:00-05:00,27.210932865689415,27.768218852841272,26.66325547880865,27.287799835205078,36800,0.0,0.0
2023-12-20 00:00:00-05:00,26.740123304458507,28.94044335535305,26.28853007317702,28.25824737548828,42000,0.0,0.0
2023-12-21 00:00:00-05:00,28.215007571039816,28.964461868695384,28.104511421267727,28.584930419921875,26000,0.0,0.0
2023-12-22 00:00:00-05:00,29.209475633396128,30.737208241846652,28.79631498885688,30.122272491455078,37400,0.0,0.0
2023-12-26 00:00:00-05:00,30.256789146016526,30.751621974419947,29.3632094907622,30.42013168334961,27800,0.0,0.0
2023-12-27 00:00:00-05:00,30.660338600428304,30.7420107785253,29.834017383379088,30.439346313476562,21400,0.0,0.0
2023-12-28 00:00:00-05:00,29.90128025702199,30.70357913124621,29.545769380065227,30.36248207092285,14800,0.0,0.0
2023-12-29 00:00:00-05:00,29.93490830691207,30.31443792101687,28.940441131591797,28.940441131591797,18200,0.0,0.0
2024-01-02 00:00:00-05:00,27.917147242830215,28.921222985120604,27.864300861764463,28.2246150970459,40800,0.0,0.0
2024-01-03 00:00:00-05:00,28.349523718264223,28.349523718264223,25.67359009768111,25.798500061035156,25800,0.0,0.0
2024-01-04 00:00:00-05:00,25.942628512152652,25.942628512152652,23.97771453857422,23.97771453857422,21600,0.0,0.0
2024-01-05 00:00:00-05:00,24.117033409325124,24.98659059912558,24.0113406461946,24.48215103149414,47800,0.0,0.0
2024-01-08 00:00:00-05:00,24.607061532068517,25.07306671142578,24.020949771202215,25.07306671142578,14400,0.0,0.0
2024-01-09 00:00:00-05:00,24.640690905931727,25.442989754828723,24.232333657067514,24.986591339111328,16200,0.0,0.0
2024-01-10 00:00:00-05:00,24.82805550678219,24.981789449087398,24.554216807510215,24.650300979614258,12400,0.0,0.0
2024-01-11 00:00:00-05:00,24.583039816757875,24.583039816757875,23.94888687133789,23.94888687133789,11200,0.0,0.0
2024-01-12 00:00:00-05:00,24.510975837483315,25.22199568643984,22.819900859159855,23.5261173248291,20400,0.0,0.0
2024-01-16 00:00:00-05:00,23.194629696599392,24.01614761352539,22.49802358379852,24.01614761352539,19000,0.0,0.0
2024-01-17 00:00:00-05:00,24.222723057039097,24.222723057039097,23.54533239748594,23.924863815307617,13400,0.0,0.0
2024-01-18 00:00:00-05:00,23.94408091270047,23.94408091270047,23.521311717000142,23.684654235839844,8200,0.0,0.0
2024-01-19 00:00:00-05:00,23.872017010753165,24.112226486206055,23.852801645533106,24.112226486206055,12000,0.0,0.0
2024-01-22 00:00:00-05:00,24.04497137131571,24.81364289609347,24.04497137131571,24.64069175720215,27800,0.0,0.0
2024-01-23 00:00:00-05:00,24.85207353564882,25.00580746214274,24.85207353564882,24.924137115478516,10200,0.0,0.0
2024-01-24 00:00:00-05:00,24.97218078976972,24.97218078976972,24.55902013355307,24.66471290588379,8000,0.0,0.0
2024-01-25 00:00:00-05:00,25.409360571500887,26.029101520233358,24.986591339111328,24.986591339111328,15200,0.0,0.0
2024-01-26 00:00:00-05:00,25.22680060355938,25.22680060355938,25.101892471313477,25.101892471313477,5200,0.0,0.0
2024-01-29 00:00:00-05:00,24.837665080321,25.149936361076527,24.755992889404297,24.755992889404297,12000,0.0,0.0
2024-01-30 00:00:00-05:00,24.438916237073457,24.731972146921365,23.064917479024512,24.04977798461914,25600,0.0,0.0
2024-01-31 00:00:00-05:00,24.049775198105205,24.972178775356102,23.319538116455078,23.319538116455078,22600,0.0,0.0
2024-02-01 00:00:00-05:00,24.458130755163072,24.458130755163072,23.78074005125172,24.366851806640625,10400,0.0,0.0
2024-02-02 00:00:00-05:00,24.107426633308748,24.145859202029715,22.344287872314453,22.344287872314453,15600,0.0,0.0
2024-02-05 00:00:00-05:00,22.19535709919599,22.291441261106087,21.138434983490857,21.311386108398438,20400,0.0,0.0
2024-02-06 00:00:00-05:00,21.388255693978998,21.388255693978998,20.60997736911699,21.26334571838379,16800,0.0,0.0
2024-02-07 00:00:00-05:00,20.662822419163696,20.955878331257637,19.697180940403992,20.79253578186035,23200,0.0,0.0
2024-02-08 00:00:00-05:00,20.715667337934704,21.44110107421875,20.715667337934704,21.44110107421875,10600,0.0,0.0
2024-02-09 00:00:00-05:00,21.868671663128815,23.204235808932186,21.6188535796237,22.051231384277344,27000,0.0,0.0
2024-02-12 00:00:00-05:00,22.05123070649324,23.900842945059836,22.05123070649324,23.21864891052246,28400,0.0,0.0
2024-02-13 00:00:00-05:00,22.51724003306767,22.51724003306767,21.018333131997277,21.148046493530273,22600,0.0,0.0
2024-02-14 00:00:00-05:00,23.737500888141124,23.737500888141124,22.1761392584163,22.988046646118164,16800,0.0,0.0
2024-02-15 00:00:00-05:00,23.82878306562575,23.82878306562575,21.89269496843144,22.483610153198242,30600,0.0,0.0
2024-02-16 00:00:00-05:00,22.704600964772954,22.704600964772954,22.041624069213867,22.041624069213867,22800,0.0,0.0
2024-02-20 00:00:00-05:00,21.24893405272709,22.051234807545285,21.138437892751547,21.148046493530273,11600,0.0,0.0
2024-02-21 00:00:00-05:00,21.55159550090062,21.72454662503823,20.65801591462493,21.354623794555664,16000,0.0,0.0
2024-02-22 00:00:00-05:00,21.191284138528044,21.66209457760756,21.138437750926215,21.4747314453125,15200,0.0,0.0
2024-02-23 00:00:00-05:00,21.239321207383504,21.618852615356445,21.224909225422177,21.618852615356445,3800,0.0,0.0
2024-02-26 00:00:00-05:00,21.239322039176205,21.258539237645806,21.023133138025496,21.229713439941406,6800,0.0,0.0
2024-02-27 00:00:00-05:00,21.38344924290905,21.787001282995497,21.13843635515978,21.258541107177734,23800,0.0,0.0
2024-02-28 00:00:00-05:00,21.859062617843684,21.86386600106275,21.258538919551274,21.38825225830078,14800,0.0,0.0
2024-02-29 00:00:00-05:00,21.993578397738194,22.099271150559332,21.455509700258666,22.089662551879883,14000,0.0,0.0
2024-03-01 00:00:00-05:00,22.210375343985632,22.210375343985632,21.466810162160765,21.534406661987305,9800,0.115,0.0
2024-03-04 00:00:00-05:00,21.92067347980208,22.857371167424652,21.486121961805555,21.7275390625,8200,0.0,0.0
2024-03-05 00:00:00-05:00,21.949642017987333,22.210372924804688,21.949642017987333,22.210372924804688,4400,0.0,0.0
2024-03-06 00:00:00-05:00,22.567673979216732,23.349864959716797,22.017241379151404,23.349864959716797,8600,0.0,0.0
2024-03-07 00:00:00-05:00,23.12292920160531,23.12292920160531,22.224857308177842,22.30694007873535,9200,0.0,0.0
2024-03-08 00:00:00-05:00,22.780117735121458,22.780117735121458,21.73236656188965,21.73236656188965,10800,0.0,0.0
2024-03-11 00:00:00-04:00,21.582691002591176,22.693209391683233,21.582691002591176,21.824108123779297,8000,0.0,0.0
2024-03-12 00:00:00-04:00,21.862729821203118,22.664234440143236,21.862729821203118,22.28279685974121,6000,0.0,0.0
2024-03-13 00:00:00-04:00,22.867031404827955,22.867031404827955,22.099324839069137,22.495248794555664,15400,0.0,0.0
2024-03-14 00:00:00-04:00,22.490421823170152,22.997397452779392,21.853078874046208,21.867565155029297,19200,0.0,0.0
2024-03-15 00:00:00-04:00,21.72754017945438,22.86219987430155,21.72754017945438,22.741491317749023,53000,0.0,0.0
2024-03-18 00:00:00-04:00,22.277971843812168,22.437308029288847,21.534406661987305,21.534406661987305,16600,0.0,0.0
2024-03-19 00:00:00-04:00,21.486124233766038,21.486124233766038,21.244707107543945,21.244707107543945,12400,0.0,0.0
2024-03-20 00:00:00-04:00,21.297816592810232,22.210372924804688,21.297816592810232,22.210372924804688,10000,0.0,0.0
2024-03-21 00:00:00-04:00,22.210375019843728,22.210375019843728,21.891704495407588,21.939987182617188,14400,0.0,0.0
2024-03-22 00:00:00-04:00,22.16209058049652,22.16209058049652,21.210906614363193,21.7275390625,8800,0.0,0.0
2024-03-25 00:00:00-04:00,22.162092365857298,22.210375053139277,21.389556476280404,21.94481658935547,18000,0.0,0.0
2024-03-26 00:00:00-04:00,21.500606290003127,22.142776658707135,21.500606290003127,21.9110164642334,8000,0.0,0.0
2024-03-27 00:00:00-04:00,21.495782262551355,22.210376772467626,21.486125355974114,22.205549240112305,19000,0.0,0.0
2024-03-28 00:00:00-04:00,22.18140221009178,22.210372924804688,22.18140221009178,22.210372924804688,6800,0.0,0.0
2024-04-01 00:00:00-04:00,22.210374234253887,23.794069894603442,22.191060423306602,23.050506591796875,17200,0.0,0.0
2024-04-02 00:00:00-04:00,22.413164140692267,22.451791763305664,22.239345364531243,22.451791763305664,8400,0.0,0.0
2024-04-03 00:00:00-04:00,22.08966454538007,22.12346279187069,21.988269805908203,21.988269805908203,7200,0.0,0.0
2024-04-04 00:00:00-04:00,23.518852803347645,23.518852803347645,22.44696216083049,22.683549880981445,10800,0.0,0.0
2024-04-05 00:00:00-04:00,22.002754047100275,22.471103804121274,22.002754047100275,22.253828048706055,3800,0.0,0.0
2024-04-08 00:00:00-04:00,22.8139172839876,22.8139172839876,21.761338519091346,22.68838119506836,6000,0.0,0.0
2024-04-09 00:00:00-04:00,22.31176728661592,22.78977394104004,22.31176728661592,22.78977394104004,3000,0.0,0.0
2024-04-10 00:00:00-04:00,22.451790021813434,23.567137673065705,22.210372924804688,22.210372924804688,13000,0.0,0.0
2024-04-11 00:00:00-04:00,22.572498574043678,22.572498574043678,22.239343643188477,22.239343643188477,7200,0.0,0.0
2024-04-12 00:00:00-04:00,22.263484954833984,22.263484954833984,22.263484954833984,22.263484954833984,3400,0.0,0.0
2024-04-15 00:00:00-04:00,22.17174736530977,22.770462631943182,21.968957869075737,21.993099212646484,14000,0.0,0.0
2024-04-16 00:00:00-04:00,22.30694013198144,22.403507339158196,22.123462622532237,22.210372924804688,12400,0.0,0.0
2024-04-17 00:00:00-04:00,22.171747333160493,22.44213516961359,21.99309918075625,22.017240524291992,13200,0.0,0.0
2024-04-18 00:00:00-04:00,21.891703447240566,21.891703447240566,20.786012649536133,20.786012649536133,24600,0.0,0.0
2024-04-19 00:00:00-04:00,20.61219183763497,21.099855422973633,20.61219183763497,21.099855422973633,7800,0.0,0.0
2024-04-22 00:00:00-04:00,21.693742751216682,21.717884095066697,21.244706756513775,21.655115127563477,18000,0.0,0.0
2024-04-23 00:00:00-04:00,21.63097356584127,21.997928619384766,20.723244679665015,21.997928619384766,8600,0.0,0.0
2024-04-24 00:00:00-04:00,21.8482494984795,21.8482494984795,21.713056499819878,21.75168228149414,7400,0.0,0.0
2024-04-25 00:00:00-04:00,20.279036751198777,21.25436207311373,20.279036751198777,21.24953269958496,10200,0.0,0.0
2024-04-26 00:00:00-04:00,21.433009963334886,21.669599533081055,21.433009963334886,21.669599533081055,5200,0.0,0.0
2024-04-29 00:00:00-04:00,21.519921912061537,22.007585525512695,20.82464127009528,22.007585525512695,5800,0.0,0.0
2024-04-30 00:00:00-04:00,20.88257980186174,21.04191597693134,20.43354383449552,20.863265991210938,17000,0.0,0.0
2024-05-01 00:00:00-04:00,21.244706450575563,22.08000946044922,21.177109952022363,22.08000946044922,14200,0.0,0.0
2024-05-02 00:00:00-04:00,22.76563554351087,23.89546775817871,21.843422202956056,23.89546775817871,21800,0.0,0.0
2024-05-03 00:00:00-04:00,23.977547771653818,27.98507150952754,23.17604302407907,25.04461097717285,24400,0.0,0.0
2024-05-06 00:00:00-04:00,25.030126419368436,25.22808837890625,23.557482394331878,25.22808837890625,42000,0.0,0.0
2024-05-07 00:00:00-04:00,24.595574405900994,24.62454512205766,23.296751022338867,23.296751022338867,14000,0.0,0.0
2024-05-08 00:00:00-04:00,23.29675323067206,23.36434973291215,22.944284439086914,22.944284439086914,13800,0.0,0.0
2024-05-09 00:00:00-04:00,22.934625245406956,23.489885330200195,22.934625245406956,23.489885330200195,9200,0.0,0.0
2024-05-10 00:00:00-04:00,23.924434661865234,23.987203624690352,23.919607130201612,23.924434661865234,7400,0.0,0.0
2024-05-13 00:00:00-04:00,24.310705865535382,24.3783042135836,23.542999267578125,23.542999267578125,9600,0.0,0.0
2024-05-14 00:00:00-04:00,24.450722261902172,24.450722261902172,23.65887451171875,23.65887451171875,7000,0.0,0.0
2024-05-15 00:00:00-04:00,23.900297454080658,24.04997674767316,23.538171735079437,23.542999267578125,12800,0.0,0.0
2024-05-16 00:00:00-04:00,23.861667569701893,24.750082656630052,23.393319603227678,23.977548599243164,44800,0.0,0.0
2024-05-17 00:00:00-04:00,24.0885983970683,24.233448291423635,23.89546581854996,23.900293350219727,6000,0.0,0.0
2024-05-20 00:00:00-04:00,23.987203681204573,24.6293722222269,23.82786750793457,23.82786750793457,6000,0.0,0.0
2024-05-21 00:00:00-04:00,23.992035196872674,23.992035196872674,23.658880199985685,23.673364639282227,5600,0.0,0.0
2024-05-22 00:00:00-04:00,23.658878038313564,24.103084660243134,23.658878038313564,23.992033004760742,13800,0.0,0.0
2024-05-23 00:00:00-04:00,23.287094795486812,23.67819118659882,22.335910768757476,22.427650451660156,23800,0.0,0.0
2024-05-24 00:00:00-04:00,22.258656891036626,23.958233573010634,22.258656891036626,23.093961715698242,7600,0.0,0.0
2024-05-28 00:00:00-04:00,23.436773062776105,23.7168159476101,23.4174592522727,23.7071590423584,10000,0.0,0.0
2024-05-29 00:00:00-04:00,23.59128084476944,23.59128084476944,22.461448669433594,22.461448669433594,9800,0.0,0.0
2024-05-30 00:00:00-04:00,22.673894267612532,23.53816795349121,22.673894267612532,23.53816795349121,7000,0.0,0.0
2024-05-31 00:00:00-04:00,23.54299916001341,23.673364639282227,23.54299916001341,23.673364639282227,6000,0.0,0.0
2024-06-03 00:00:00-04:00,23.856837019133664,23.856837019133664,22.813915252685547,22.813915252685547,11800,0.0,0.0
2024-06-04 00:00:00-04:00,22.56646700955873,23.0662201894329,21.639742647048223,21.82411766052246,16600,0.115,0.0
2024-06-05 00:00:00-04:00,21.809563681156394,22.29475975036621,21.63974394640729,22.29475975036621,7400,0.0,0.0
2024-06-06 00:00:00-04:00,22.498540895985272,22.765398360138864,21.93571353761774,22.309314727783203,57600,0.0,0.0
2024-06-07 00:00:00-04:00,22.629541666277618,22.629541666277618,22.29960823059082,22.29960823059082,8200,0.0,0.0
2024-06-10 00:00:00-04:00,22.411203989788035,22.411203989788035,22.221977833971483,22.31901741027832,10400,0.0,0.0
2024-06-11 00:00:00-04:00,22.163754230025262,22.24623666458933,21.95026864861598,22.22197723388672,9200,0.0,0.0
2024-06-12 00:00:00-04:00,22.6392458461618,22.76054484916328,22.076418546269952,22.236534118652344,16400,0.0,0.0
2024-06-13 00:00:00-04:00,22.319016358035597,22.319016358035597,22.21227264404297,22.21227264404297,6200,0.0,0.0
2024-06-14 00:00:00-04:00,22.0764195149726,22.08612365774364,21.649446487426758,21.649446487426758,8800,0.0,0.0
2024-06-17 00:00:00-04:00,21.775599073788463,22.386945277673608,21.736782501668248,22.377241134643555,38600,0.0,0.0
2024-06-18 00:00:00-04:00,22.076420291548153,22.707174786845748,21.91630470650763,22.149200439453125,34000,0.0,0.0
2024-06-20 00:00:00-04:00,21.83381985369237,22.745988845825195,21.83381985369237,22.745988845825195,6800,0.0,0.0
2024-06-21 00:00:00-04:00,22.63439527326772,22.68776528120333,22.12493796706722,22.396648406982422,42200,0.0,0.0
2024-06-24 00:00:00-04:00,22.70717241488221,22.99343812872886,22.70717241488221,22.770248413085938,7200,0.0,0.0
2024-06-25 00:00:00-04:00,22.469431366078307,22.469431366078307,22.10068130493164,22.10068130493164,6000,0.0,0.0
2024-06-26 00:00:00-04:00,22.221978580830257,23.20207481780505,22.027901272569803,22.755695343017578,38200,0.0,0.0
2024-06-27 00:00:00-04:00,22.804213316041057,24.187021255493164,22.40635272115042,24.187021255493164,17400,0.0,0.0
2024-06-28 00:00:00-04:00,24.211283439493947,25.657167434692383,24.15791157828553,25.657167434692383,107200,0.0,0.0
2024-07-01 00:00:00-04:00,25.341788286446157,25.341788286446157,23.05166244506836,23.05166244506836,45400,0.0,0.0
2024-07-02 00:00:00-04:00,23.05166027569505,24.44902522120677,22.59557671922196,24.303466796875,52800,0.0,0.0
2024-07-03 00:00:00-04:00,24.25980273073789,24.66736749064933,23.337929486619423,23.9007568359375,8000,0.0,0.0
2024-07-05 00:00:00-04:00,23.784308939793846,24.172465382636837,23.53200678922692,23.77460479736328,53800,0.0,0.0
2024-07-08 00:00:00-04:00,23.968683943594773,24.206428955071665,22.9352159107157,23.39615249633789,47400,0.0,0.0
2024-07-09 00:00:00-04:00,23.386450275697058,23.46893271681884,22.896401222513987,23.206928253173828,43600,0.0,0.0
2024-07-10 00:00:00-04:00,23.206927470009088,23.44467249299957,22.954625307230202,23.337928771972656,18000,0.0,0.0
2024-07-11 00:00:00-04:00,23.643603085601885,25.419420538884875,23.58538007836134,25.34178924560547,35400,0.0,0.0
2024-07-12 00:00:00-04:00,25.589239082026513,25.763908095670523,25.201080782703976,25.652313232421875,26400,0.0,0.0
2024-07-15 00:00:00-04:00,25.70568654558002,26.768265230363742,25.40001251537471,26.588743209838867,34400,0.0,0.0
2024-07-16 00:00:00-04:00,26.656668847272016,28.796383235467054,26.656668847272016,28.655677795410156,44600,0.0,0.0
2024-07-17 00:00:00-04:00,28.413080015384534,28.413080015384534,26.46744291007966,26.93808364868164,67200,0.0,0.0
2024-07-18 00:00:00-04:00,26.17147445649725,27.767769916540903,26.17147445649725,26.928380966186523,40800,0.0,0.0
2024-07-19 00:00:00-04:00,26.923527943974683,28.413079576186448,26.923527943974683,28.18988800048828,22200,0.0,0.0
2024-07-22 00:00:00-04:00,28.277224343177082,28.277224343177082,27.563987429927828,27.83084487915039,29200,0.0,0.0
2024-07-23 00:00:00-04:00,27.534874581572627,29.334951400756836,27.534874581572627,29.334951400756836,32600,0.0,0.0
2024-07-24 00:00:00-04:00,29.271879309087172,29.90748496575096,28.757570817048148,28.91768455505371,17600,0.0,0.0
2024-07-25 00:00:00-04:00,28.96620538570753,30.829358345163744,28.820646936709217,30.51883316040039,31400,0.0,0.0
2024-07-26 00:00:00-04:00,30.77598423631715,30.77598423631715,29.59695773897322,30.09185791015625,23000,0.0,0.0
2024-07-29 00:00:00-04:00,29.79103804213426,29.79103804213426,28.587750216157747,28.96135139465332,23600,0.0,0.0
2024-07-30 00:00:00-04:00,28.699347542967267,29.189394746682268,27.947292173102316,28.616863250732422,76800,0.0,0.0
2024-07-31 00:00:00-04:00,27.53002425217058,30.446051651762726,27.53002425217058,30.174341201782227,30000,0.0,0.0
2024-08-01 00:00:00-04:00,30.615867601421225,30.615867601421225,26.860451506924218,27.234052658081055,34600,0.0,0.0
2024-08-02 00:00:00-04:00,25.95798643788876,27.088494025379855,25.351491427657717,26.83133888244629,24400,0.0,0.0
2024-08-05 00:00:00-04:00,25.613498203066342,25.919170361401378,24.65281031070782,25.09918975830078,27000,0.0,0.0
2024-08-06 00:00:00-04:00,24.89055503604193,25.75905634140475,23.98323901218921,25.366046905517578,37800,0.0,0.0
2024-08-07 00:00:00-04:00,25.6474613359962,26.467441925022477,24.914814325798126,24.963335037231445,16600,0.0,0.0
2024-08-08 00:00:00-04:00,24.890556478746383,26.782821774862754,24.890556478746383,26.74400520324707,21200,0.0,0.0
2024-08-09 00:00:00-04:00,26.035619419024815,26.23454972128785,25.35634422302246,25.35634422302246,9200,0.0,0.0
2024-08-12 00:00:00-04:00,26.685782356397297,26.685782356397297,25.744502699596104,25.948284149169922,9200,0.0,0.0
2024-08-13 00:00:00-04:00,26.011360307523706,26.486852210230293,25.841540580993904,26.287921905517578,7000,0.0,0.0
2024-08-14 00:00:00-04:00,25.826986758028124,25.826986758028124,25.39516254895849,25.521312713623047,5000,0.0,0.0
2024-08-15 00:00:00-04:00,26.438332789853792,27.719250027485636,26.350997355390167,27.452392578125,19000,0.0,0.0
2024-08-16 00:00:00-04:00,27.4184266690656,28.117110132447117,26.49655532836914,26.49655532836914,52400,0.0,0.0
2024-08-19 00:00:00-04:00,26.661523535103203,27.23890617299645,26.219995200037527,26.802230834960938,32400,0.0,0.0
2024-08-20 00:00:00-04:00,26.088990016939263,26.685780894846168,26.088990016939263,26.651817321777344,8800,0.0,0.0
2024-08-21 00:00:00-04:00,26.34614563720468,26.918677134974732,26.200587189659565,26.91382598876953,19600,0.0,0.0
2024-08-22 00:00:00-04:00,26.355848734579908,26.875008349109894,26.355848734579908,26.491703033447266,11000,0.0,0.0
2024-08-23 00:00:00-04:00,26.632411699583045,28.96135244034737,26.632411699583045,28.815793991088867,29000,0.0,0.0
2024-08-26 00:00:00-04:00,28.73816151447458,30.072450637817383,28.248114323559584,30.072450637817383,35400,0.0,0.0
2024-08-27 00:00:00-04:00,28.650822523165733,28.650822523165733,28.170479534856728,28.3548526763916,25200,0.0,0.0
2024-08-28 00:00:00-04:00,28.26266947794548,28.738161377529398,27.656174424770683,28.408227920532227,12600,0.0,0.0
2024-08-29 00:00:00-04:00,28.5828990817718,28.835201248555578,28.5828990817718,28.772125244140625,11200,0.0,0.0
2024-08-30 00:00:00-04:00,28.26751931038341,28.26751931038341,27.68043257040259,27.87451171875,15800,0.0,0.0
2024-09-03 00:00:00-04:00,27.923030596328946,28.3160400390625,27.141864707555058,28.3160400390625,39200,0.0,0.0
2024-09-04 00:00:00-04:00,28.583952255041392,28.583952255041392,27.755855111403353,27.877634048461914,16000,0.115,0.0
2024-09-05 00:00:00-04:00,27.83866786930403,27.83866786930403,26.577037911224473,27.356422424316406,14400,0.0,0.0
2024-09-06 00:00:00-04:00,26.888792366472423,27.7899558476572,26.61600685119629,26.61600685119629,25800,0.0,0.0
2024-09-09 00:00:00-04:00,26.96185811674812,27.375907651379038,26.791368334264327,27.17131805419922,15400,0.0,0.0
2024-09-10 00:00:00-04:00,26.684203769910972,27.302841078381558,26.48448635994798,27.249258041381836,72800,0.0,0.0
2024-09-11 00:00:00-04:00,26.76701495540872,26.76701495540872,26.34809504859652,26.693946838378906,16200,0.0,0.0
2024-09-12 00:00:00-04:00,26.640362245112836,27.146963119506836,26.56242379199063,27.146963119506836,32600,0.0,0.0
2024-09-13 00:00:00-04:00,27.268738659219707,28.549853564299216,27.064150942178383,28.467042922973633,41800,0.0,0.0
2024-09-16 00:00:00-04:00,28.695992688915982,29.75790531803148,28.369625983646227,28.94929313659668,30000,0.0,0.0
2024-09-17 00:00:00-04:00,29.29514423070175,29.29514423070175,28.695992013222472,28.963905334472656,21600,0.0,0.0
2024-09-18 00:00:00-04:00,29.119782251188102,29.12952479027969,28.184520796787904,28.769060134887695,34800,0.0,0.0
2024-09-19 00:00:00-04:00,29.44127747830281,29.826099395751953,29.222076860853868,29.826099395751953,21200,0.0,0.0
2024-09-20 00:00:00-04:00,29.402311961721242,29.592286839179376,28.56447213477827,29.095428466796875,60600,0.0,0.0
2024-09-23 00:00:00-04:00,29.19284875264628,29.19284875264628,27.643820428440712,28.496273040771484,61400,0.0,0.0
2024-09-24 00:00:00-04:00,28.74470254052964,28.74470254052964,27.785085678100586,27.785085678100586,21200,0.0,0.0
2024-09-25 00:00:00-04:00,27.819180710970375,28.676503611241227,27.78995309709102,27.97505760192871,22600,0.0,0.0
2024-09-26 00:00:00-04:00,28.218617928055533,28.22348826835902,26.84007934725917,27.712017059326172,24000,0.0,0.0
2024-09-27 00:00:00-04:00,27.84354021661223,29.226949220721,27.522043849512276,29.056459426879883,43400,0.0,0.0
2024-09-30 00:00:00-04:00,29.173362114550734,29.689705481057512,28.983387268422515,29.382822036743164,21600,0.0,0.0
2024-10-01 00:00:00-04:00,29.4705076331436,29.811489084836385,28.49140563517087,28.50114631652832,36600,0.0,0.0
2024-10-02 00:00:00-04:00,28.15529324228549,28.15529324228549,26.67933294330731,26.98134422302246,29200,0.0,0.0
2024-10-03 00:00:00-04:00,26.591649970509074,26.737784329934527,25.661258923721345,25.76842498779297,30000,0.0,0.0
2024-10-04 00:00:00-04:00,25.85123519854993,27.034926733934913,25.787909624643106,26.61600685119629,61200,0.0,0.0
2024-10-07 00:00:00-04:00,26.35783647855694,26.92776107788086,25.87559101449881,26.92776107788086,39800,0.0,0.0
2024-10-08 00:00:00-04:00,27.37590738872215,27.47333091700642,27.107994079589844,27.107994079589844,18600,0.0,0.0
2024-10-09 00:00:00-04:00,27.185933164583393,27.648691682877036,27.034926599311174,27.093379974365234,21000,0.0,0.0
2024-10-10 00:00:00-04:00,26.674461684283337,26.674461684283337,25.81713865230509,26.54294204711914,11200,0.0,0.0
2024-10-11 00:00:00-04:00,27.08363814917949,27.4782026221401,27.08363814917949,27.468460083007812,25000,0.0,0.0
2024-10-14 00:00:00-04:00,27.27848565925424,27.517173226380436,26.70856104723766,27.249258041381836,35600,0.0,0.0
2024-10-15 00:00:00-04:00,27.336937849774372,27.62433624267578,27.18593314282231,27.62433624267578,40400,0.0,0.0
2024-10-16 00:00:00-04:00,27.663306379828956,27.975060190593688,27.478201857862665,27.960447311401367,28400,0.0,0.0
2024-10-17 00:00:00-04:00,28.091965089401107,28.11145016583975,27.804568573827382,28.014026641845703,19600,0.0,0.0
2024-10-18 00:00:00-04:00,28.121192493329783,28.121192493329783,27.663304349647927,27.809438705444336,10400,0.0,0.0
2024-10-21 00:00:00-04:00,27.765600590216504,27.765600590216504,26.4309024810791,26.4309024810791,10800,0.0,0.0
2024-10-22 00:00:00-04:00,26.430902008393037,27.712017059326172,26.20682919044711,27.712017059326172,31400,0.0,0.0
2024-10-23 00:00:00-04:00,26.791368962905427,27.22003138660772,26.620879176421205,26.96185874938965,14000,0.0,0.0
2024-10-24 00:00:00-04:00,26.835208622371766,27.4976863861084,26.76214051147169,27.4976863861084,13400,0.0,0.0
2024-10-25 00:00:00-04:00,27.47333172535287,27.5220425618286,25.81713727038789,25.89020538330078,42400,0.0,0.0
2024-10-28 00:00:00-04:00,26.469869565743597,27.911731719970703,26.041207191335854,27.911731719970703,31400,0.0,0.0
2024-10-29 00:00:00-04:00,27.01056928043903,28.0578670501709,26.908275416743205,28.0578670501709,15000,0.0,0.0
2024-10-30 00:00:00-04:00,27.473330173668376,28.252714662456462,27.332066154388286,27.79482650756836,13000,0.0,0.0
2024-10-31 00:00:00-04:00,26.903405912537313,27.765601117593885,25.778167724609375,25.778167724609375,24400,0.0,0.0
2024-11-01 00:00:00-04:00,25.734328193168572,27.12260745762147,25.37873202965678,25.92430305480957,61800,0.0,0.0
2024-11-04 00:00:00-05:00,25.485897623903174,26.304252288191748,25.110818247920974,25.948657989501953,28400,0.0,0.0
2024-11-05 00:00:00-05:00,25.91456136102749,27.176191378259862,25.91456136102749,26.937503814697266,16800,0.0,0.0
2024-11-06 00:00:00-05:00,28.73983297599846,30.663940809590773,28.73983297599846,29.860198974609375,63200,0.0,0.0
2024-11-07 00:00:00-05:00,29.71406454582707,29.71406454582707,28.74957546060218,29.080814361572266,31200,0.0,0.0
2024-11-08 00:00:00-05:00,29.35846931075765,30.245019912719727,29.35846931075765,30.245019912719727,38800,0.0,0.0
2024-11-11 00:00:00-05:00,30.17195013377002,32.20322386153424,29.811485504454982,31.077985763549805,54000,0.0,0.0
2024-11-12 00:00:00-05:00,31.38974054845508,31.418966304607263,30.44960513124509,30.98543357849121,51800,0.0,0.0
2024-11-13 00:00:00-05:00,31.058501058363515,31.594329526852185,30.449606338398585,30.469091415405273,46400,0.0,0.0
2024-11-14 00:00:00-05:00,30.639584425800173,31.07798752891348,29.58254217827947,29.811487197875977,40800,0.0,0.0
2024-11-15 00:00:00-05:00,30.13298342017639,30.13298342017639,28.812900059759436,28.837255477905273,45600,0.0,0.0
2024-11-18 00:00:00-05:00,29.358468187048807,29.358468187048807,28.78854176005921,29.02722930908203,30800,0.0,0.0
2024-11-19 00:00:00-05:00,28.491403727405217,29.178236925479613,28.491403727405217,29.12952423095703,36600,0.0,0.0
2024-11-20 00:00:00-05:00,29.056458803736884,29.226948593921687,28.398851345454037,28.63753890991211,46800,0.0,0.0
2024-11-21 00:00:00-05:00,28.56934183223551,29.027230005971212,27.82405340981768,28.67650604248047,32400,0.0,0.0
2024-11-22 00:00:00-05:00,28.808026922700883,28.98825924094762,28.73983101083451,28.983388900756836,28000,0.0,0.0
2024-11-25 00:00:00-05:00,29.670222862859102,30.298602681491047,28.924936294555664,28.924936294555664,55800,0.0,0.0
2024-11-26 00:00:00-05:00,28.739830529820086,29.42179335346838,28.062739904480264,28.476787567138672,33800,0.0,0.0
2024-11-27 00:00:00-05:00,30.73213304731183,31.31180012662216,28.491401318318136,28.764184951782227,65000,0.0,0.0
2024-11-29 00:00:00-05:00,28.418335979788978,29.051586151123047,28.3501400647806,29.051586151123047,31600,0.0,0.0
2024-12-02 00:00:00-05:00,28.881095819314947,30.01607465099193,28.06274113823831,29.217205047607422,71800,0.0,0.0
2024-12-03 00:00:00-05:00,28.837256516587725,28.837256516587725,28.447564237620195,28.647281646728516,23800,0.0,0.0
2024-12-04 00:00:00-05:00,28.705983787179807,29.05820504247572,28.128733114836926,28.750011444091797,30000,0.125,0.0
2024-12-05 00:00:00-05:00,28.720659936694073,28.798931121826172,28.720659936694073,28.798931121826172,12600,0.0,0.0
2024-12-06 00:00:00-05:00,28.4662780582743,28.979934692382812,28.422250400097347,28.979934692382812,30000,0.0,0.0
2024-12-09 00:00:00-05:00,29.07777233549254,29.07777233549254,28.41735932757372,28.798931121826172,14200,0.0,0.0
2024-12-10 00:00:00-05:00,28.539657889772933,29.17561149597168,28.226573152329376,29.17561149597168,37400,0.0,0.0
2024-12-11 00:00:00-05:00,29.29301754318656,29.93875524405103,29.229421626336112,29.82624053955078,41400,0.0,0.0
2024-12-12 00:00:00-05:00,29.67948201210473,29.738186799744028,29.07288080222314,29.10712432861328,18600,0.0,0.0
2024-12-13 00:00:00-05:00,29.156043095225826,29.420209040991963,28.764687175275373,28.940797805786133,28200,0.0,0.0
2024-12-16 00:00:00-05:00,28.984825825010365,29.22942351129737,28.87231111325421,28.979934692382812,14400,0.0,0.0
2024-12-17 00:00:00-05:00,28.686416430783297,28.96525764465332,28.686416430783297,28.96525764465332,16200,0.0,0.0
2024-12-18 00:00:00-05:00,28.9652576042209,29.229423553665516,26.480146078331497,26.524173736572266,38600,0.0,0.0
2024-12-19 00:00:00-05:00,26.8617175855295,26.905745243300192,26.416549875240186,26.900854110717773,20200,0.0,0.0
2024-12-20 00:00:00-05:00,26.426333034681495,27.79118850924667,26.426333034681495,27.71291732788086,95000,0.0,0.0
2024-12-23 00:00:00-05:00,27.575941174659818,28.221678883099834,26.58287521788794,26.798120498657227,29800,0.0,0.0
2024-12-24 00:00:00-05:00,26.73452726830514,27.39494026026947,26.73452726830514,27.1112060546875,59400,0.0,0.0
2024-12-26 00:00:00-05:00,26.71984931613427,28.37333011061468,26.46546751189635,27.47810173034668,28400,0.0,0.0
2024-12-27 00:00:00-05:00,27.02804449972716,27.150343343617326,26.558417387060654,26.84214973449707,20000,0.0,0.0
2024-12-30 00:00:00-05:00,26.851935798864368,27.712920766862695,26.817692269400702,26.925315856933594,28200,0.0,0.0
2024-12-31 00:00:00-05:00,27.933055822823754,27.933055822823754,27.184587478637695,27.184587478637695,17400,0.0,0.0
2025-01-02 00:00:00-05:00,27.272642954509205,27.889028323952363,25.981167425289403,26.406766891479492,55000,0.0,0.0
2025-01-03 00:00:00-05:00,26.406768007962796,26.514391595325563,26.171954435097806,26.509498596191406,42000,0.0,0.0
2025-01-06 00:00:00-05:00,26.895960823923453,27.028043795820793,26.362737803804052,26.514389038085938,55600,0.0,0.0
2025-01-07 00:00:00-05:00,26.352950927057275,26.563305060445053,25.712106262853045,26.20130157470703,35400,0.0,0.0
2025-01-08 00:00:00-05:00,25.863758755924128,26.030085256797335,25.68764812368988,25.692541122436523,27600,0.0,0.0
2025-01-10 00:00:00-05:00,25.672972666765244,25.946922744418742,24.141790643716693,25.208236694335938,63800,0.0,0.0
2025-01-13 00:00:00-05:00,25.14464289841773,25.7610282468035,24.948964002922303,25.428375244140625,21400,0.0,2.0
2025-01-14 00:00:00-05:00,25.624053683876085,25.898001893338428,25.19356124112241,25.487077713012695,27000,0.0,0.0
2025-01-15 00:00:00-05:00,26.10346225615543,26.10346225615543,24.958745146639014,25.408803939819336,36100,0.0,0.0
2025-01-16 00:00:00-05:00,25.65340243637872,27.981973252483755,25.26204654555958,26.152381896972656,54400,0.0,0.0
2025-01-17 00:00:00-05:00,26.152383209246324,26.40676501757615,25.633837327690912,25.976272583007812,29200,0.0,0.0
2025-01-21 00:00:00-05:00,26.299139551413095,27.003582005715582,25.937136060069466,26.142597198486328,32600,0.0,0.0
2025-01-22 00:00:00-05:00,25.85886645113919,26.26000648809715,25.428374021428635,25.50664520263672,13400,0.0,0.0
2025-01-23 00:00:00-05:00,25.32075123877657,25.868651390487976,25.32075123877657,25.653404235839844,11600,0.0,0.0
2025-01-24 00:00:00-05:00,25.438158567081484,26.13281507836218,25.438158567081484,25.878435134887695,13600,0.0,0.0
2025-01-27 00:00:00-05:00,25.65340287703376,26.211087130429114,25.65340287703376,26.093679428100586,15800,0.0,0.0
2025-01-28 00:00:00-05:00,25.819730102925423,26.044761383293498,25.73167479020143,25.907785415649414,15600,0.0,0.0
2025-01-29 00:00:00-05:00,25.8980009931264,26.034976959228516,25.35988685798826,26.034976959228516,15600,0.0,0.0
2025-01-30 00:00:00-05:00,26.113249512242373,26.113249512242373,25.19356168922546,25.428375244140625,15100,0.0,0.0
2025-01-31 00:00:00-05:00,25.24247948203967,25.614268995555364,24.811988914781324,25.31096839904785,21600,0.0,0.0
2025-02-03 00:00:00-05:00,24.567390251488447,25.477293870600185,24.567390251488447,25.359886169433594,36200,0.0,0.0
2025-02-04 00:00:00-05:00,25.076153129180742,25.72189271598662,24.909826633484055,25.5457820892334,26100,0.0,0.0
2025-02-05 00:00:00-05:00,25.75124287892598,26.70028305053711,25.44794228499058,26.70028305053711,25100,0.0,0.0
2025-02-06 00:00:00-05:00,26.299143872912182,26.612230496344434,26.093682700733755,26.41655158996582,13600,0.0,0.0
2025-02-07 00:00:00-05:00,26.181737144018747,26.504606022423808,25.55556765041677,26.367631912231445,18300,0.0,0.0
2025-02-10 00:00:00-05:00,26.12303253377811,26.416548998418786,25.89800125367928,26.33827781677246,11400,0.0,0.0
2025-02-11 00:00:00-05:00,26.064328091675026,26.553523449948997,25.9469222507233,26.543739318847656,15900,0.0,0.0
2025-02-12 00:00:00-05:00,25.946923126693914,26.26979199940953,25.447943620473,25.496862411499023,12600,0.0,0.0
2025-02-13 00:00:00-05:00,25.829513943141414,26.064327485717993,25.43815803884712,26.034976959228516,10400,0.0,0.0
2025-02-14 00:00:00-05:00,26.064327602915434,26.20130356963346,25.98605642170463,26.103464126586914,7100,0.0,0.0
2025-02-18 00:00:00-05:00,26.30892433788724,26.30892433788724,25.927352576378286,26.054542541503906,6600,0.0,0.0
2025-02-19 00:00:00-05:00,25.712108612060547,25.917569766067977,25.320750833915024,25.712108612060547,18200,0.0,0.0
2025-02-20 00:00:00-05:00,25.604485970137024,25.604485970137024,25.15442525531087,25.330535888671875,15000,0.0,0.0
2025-02-21 00:00:00-05:00,25.624053159788357,25.624053159788357,24.70436537193973,24.880475997924805,20700,0.0,0.0
2025-02-24 00:00:00-05:00,25.076151995257884,25.26204674466163,24.929393768310547,24.929393768310547,9300,0.0,0.0
2025-02-25 00:00:00-05:00,25.164208930683376,25.584917243614107,24.93917951041464,25.05658721923828,23200,0.0,0.0
2025-02-26 00:00:00-05:00,24.948964793939286,25.751244931869106,24.85112534308953,25.7414608001709,12400,0.0,0.0
2025-02-27 00:00:00-05:00,25.487077654895806,25.487077654895806,24.763068741902764,24.821773529052734,9500,0.0,0.0
2025-02-28 00:00:00-05:00,25.095722290958197,25.438159425684244,24.92939578929882,24.997882843017578,24800,0.0,0.0
2025-03-03 00:00:00-05:00,24.723933784437254,24.811989097965697,24.215170165413408,24.518470764160156,33600,0.0,0.0
2025-03-04 00:00:00-05:00,24.341443380246478,25.010218690427756,24.115240518233218,24.911869049072266,20000,0.13,0.0
2025-03-05 00:00:00-05:00,24.64632442482148,24.64632442482148,24.11523938777901,24.144742965698242,12100,0.0,0.0
2025-03-06 00:00:00-05:00,23.977548888573534,23.977548888573534,23.259599737009353,23.584152221679688,17100,0.0,0.0
2025-03-07 00:00:00-05:00,23.11207825159438,23.53498040910213,23.05306921534271,23.49563980102539,19300,0.0,0.0
2025-03-10 00:00:00-04:00,23.357951967149326,23.68250448786886,22.81703172457126,23.554651260375977,21100,0.0,0.0
2025-03-11 00:00:00-04:00,23.751348475896272,23.93821261528724,23.112078592137504,23.21042823791504,17200,0.0,0.0
2025-03-12 00:00:00-04:00,23.34811427571097,23.800521850585938,22.984223061438662,23.800521850585938,17800,0.0,0.0
2025-03-13 00:00:00-04:00,23.948047767451342,23.948047767451342,23.21042823791504,23.21042823791504,6200,0.0,0.0
2025-03-14 00:00:00-04:00,24.09557011621975,24.09557011621975,23.298941588639536,23.93821144104004,14600,0.0,0.0
2025-03-17 00:00:00-04:00,24.990548816097498,24.990548816097498,23.357951119498466,23.780853271484375,7800,0.0,0.0
2025-03-18 00:00:00-04:00,23.46613538174346,23.623494056696803,23.416959623405933,23.613658905029297,9600,0.0,0.0
2025-03-19 00:00:00-04:00,23.19075777475665,23.80052407371039,23.19075777475665,23.731678009033203,7100,0.0,0.0
2025-03-20 00:00:00-04:00,23.72184442388599,24.30210338312972,23.72184442388599,24.016891479492188,7500,0.0,0.0
2025-03-21 00:00:00-04:00,23.67266725293888,24.154578415496594,23.67266725293888,23.751346588134766,37700,0.0,0.0
2025-03-24 00:00:00-04:00,23.81035532628275,24.34144223918852,23.81035532628275,24.144742965698242,8700,0.0,0.0
2025-03-25 00:00:00-04:00,23.849697295840222,23.957882090035785,23.623494431488954,23.869367599487305,9300,0.0,0.0
2025-03-26 00:00:00-04:00,24.085735312015032,24.085735312015032,23.869367599487305,23.869367599487305,6200,0.0,0.0
2025-03-27 00:00:00-04:00,23.76118278503418,24.08573529148077,23.60382410771846,23.76118278503418,10000,0.0,0.0
2025-03-28 00:00:00-04:00,23.57431930353522,23.810357326029564,23.171087447291118,23.190757751464844,17700,0.0,0.0
2025-03-31 00:00:00-04:00,23.112077692289127,23.544814991343948,22.649836813754167,23.00389289855957,22400,0.0,0.0
2025-04-01 00:00:00-04:00,22.856368250084834,23.515308380126953,22.669504127154394,23.515308380126953,8800,0.0,0.0
2025-04-02 00:00:00-04:00,23.27926998793604,23.377619623408236,22.640000171161674,23.259599685668945,31300,0.0,0.0
2025-04-03 00:00:00-04:00,22.443302449786728,23.11207776613648,21.941720962524414,21.941720962524414,20900,0.0,0.0
2025-04-04 00:00:00-04:00,21.50898402593475,22.25643675251489,20.722188819006462,22.089242935180664,14000,0.0,0.0
2025-04-07 00:00:00-04:00,21.538489516967964,23.02356370267123,21.538489516967964,22.413799285888672,22900,0.0,0.0
2025-04-08 00:00:00-04:00,22.787523800062026,23.003891498489097,21.636837373785276,21.676177978515625,35100,0.0,0.0
2025-04-09 00:00:00-04:00,22.089243933667312,23.928376007476967,21.80403204171271,23.161251068115234,17000,0.0,0.0
2025-04-10 00:00:00-04:00,22.246606247842468,22.37445947661461,20.7516968567801,20.997570037841797,28500,0.0,0.0
2025-04-11 00:00:00-04:00,20.62384072570198,21.233607009767045,20.62384072570198,20.987733840942383,8400,0.0,0.0
2025-04-14 00:00:00-04:00,20.86971337040849,21.036907196044922,20.62384020775864,21.036907196044922,17400,0.0,0.0
2025-04-15 00:00:00-04:00,21.33195500925195,21.872875188653328,21.1057502857018,21.65650749206543,13100,0.0,0.0
2025-04-16 00:00:00-04:00,21.449973067502533,21.774525550267434,21.29261440166884,21.764690399169922,11900,0.0,0.0
2025-04-17 00:00:00-04:00,21.73518771400962,23.289106009805963,21.73518771400962,23.141582489013672,17400,0.0,0.0
2025-04-21 00:00:00-04:00,22.777690421626325,23.633329882471475,20.751696016915904,21.440139770507812,21000,0.0,0.0
2025-04-22 00:00:00-04:00,21.89254817806643,22.817031860351562,21.666345302614126,22.817031860351562,10800,0.0,0.0
2025-04-23 00:00:00-04:00,23.623494297767042,23.623494297767042,21.922052435056752,22.679340362548828,16600,0.0,0.0
2025-04-24 00:00:00-04:00,23.249765175998164,23.249765175998164,22.423631216619853,22.797359466552734,12700,0.0,0.0
2025-04-25 00:00:00-04:00,22.36462251290776,22.974388777934383,22.059740318326124,22.836698532104492,12900,0.0,0.0
2025-04-28 00:00:00-04:00,22.925212657968576,22.925212657968576,22.394127613729232,22.68917465209961,15600,0.0,0.0
2025-04-29 00:00:00-04:00,22.6891744940354,23.082571167743076,22.561321278529142,22.77768898010254,10600,0.0,0.0
2025-04-30 00:00:00-04:00,22.43346459358702,23.42679229655193,22.43346459358702,23.33827781677246,15200,0.0,0.0
2025-05-01 00:00:00-04:00,23.780853290914088,24.54797638038653,23.328445682886247,23.8890380859375,101400,0.0,0.0
2025-05-02 00:00:00-04:00,24.252927246507372,26.544464918189107,23.96771536936068,26.2100772857666,40500,0.0,0.0
2025-05-05 00:00:00-04:00,26.13140016487974,26.308429147129413,24.872530737083704,25.60031509399414,25900,0.0,0.0
2025-05-06 00:00:00-04:00,25.58064583165418,26.200245418889654,25.069229167859618,26.04288673400879,15900,0.0,0.0
2025-05-07 00:00:00-04:00,26.10189797825268,26.22975120788852,24.862696912226824,25.32493782043457,23000,0.0,0.0
2025-05-08 00:00:00-04:00,25.15774257182944,25.875691774953367,23.780853200887595,25.05939292907715,50400,0.0,0.0
2025-05-09 00:00:00-04:00,25.344605689649693,25.590478848744013,24.67583039677501,25.374109268188477,24700,0.0,0.0
2025-05-12 00:00:00-04:00,26.308428694251877,27.488620638358064,26.101896135758157,26.40677833557129,24000,0.0,0.0
2025-05-13 00:00:00-04:00,26.731331023946048,26.731331023946048,25.875691577163913,26.426448822021484,23200,0.0,0.0
2025-05-14 00:00:00-04:00,26.328099650913657,26.534632214531648,25.993711987649206,26.05272102355957,14500,0.0,0.0
2025-05-15 00:00:00-04:00,26.180576673658432,26.495294039615285,25.58064552238851,26.328100204467773,29600,0.0,0.0
2025-05-16 00:00:00-04:00,26.328097955233172,26.544465656878142,25.93470128139536,26.396942138671875,20600,0.0,0.0
2025-05-19 00:00:00-04:00,26.082225492830283,26.475622177124023,25.98387585279101,26.475622177124023,11400,0.0,0.0
2025-05-20 00:00:00-04:00,26.32809865499679,26.475622177124023,26.101895796010812,26.475622177124023,6800,0.0,0.0
2025-05-21 00:00:00-04:00,26.062555091559663,26.534631110935425,25.265926574380146,25.718332290649414,18800,0.0,0.0
2025-05-22 00:00:00-04:00,25.5806449089415,25.89536226735115,25.069228263594116,25.079063415527344,18600,0.0,0.0
2025-05-23 00:00:00-04:00,24.60698527324808,25.128235150082144,24.587314971064043,24.734838485717773,15300,0.0,0.0
2025-05-27 00:00:00-04:00,25.68882961931198,26.1412353515625,25.551139368565956,26.1412353515625,14700,0.0,0.0
2025-05-28 00:00:00-04:00,26.07239039201285,26.082225543622265,25.324935752467486,25.413450241088867,16000,0.0,0.0
2025-05-29 00:00:00-04:00,25.482294041383252,25.590478831588495,24.980712572063492,25.15774154663086,10400,0.0,0.0
2025-05-30 00:00:00-04:00,24.606987039241236,25.45278945936033,24.587316735645505,25.147907257080078,16400,0.0,0.0
2025-06-02 00:00:00-04:00,24.980712300675883,25.25609091099603,24.469295685451314,24.48896598815918,20900,0.0,0.0
2025-06-03 00:00:00-04:00,24.370948814409324,25.295430565109424,23.987385401039802,24.80368423461914,24400,0.0,0.0
2025-06-04 00:00:00-04:00,23.172513167778938,23.92384059568112,22.984680839407698,23.370229721069336,228100,0.13,0.0
2025-06-05 00:00:00-04:00,23.43943131453541,24.259961540649403,23.340573977705954,23.69646453857422,91300,0.0,0.0
2025-06-06 00:00:00-04:00,23.923841052158945,24.24018905192587,23.745894830894347,24.052356719970703,108200,0.0,0.0
2025-06-09 00:00:00-04:00,23.973268856694975,24.507107501263985,23.765666196417747,24.368703842163086,40300,0.0,0.0
2025-06-10 00:00:00-04:00,24.12155683731476,24.61585104252852,23.94361062174457,24.25007438659668,46100,0.0,0.0
2025-06-11 00:00:00-04:00,24.467565178871155,24.467565178871155,23.27137400853947,23.726123809814453,71100,0.0,0.0
2025-06-12 00:00:00-04:00,23.478974924210515,23.923840466481295,23.478974924210515,23.548175811767578,28500,0.0,0.0
2025-06-13 00:00:00-04:00,23.241715782187235,23.52840546570862,22.78696409323146,22.796850204467773,55700,0.0,0.0
2025-06-16 00:00:00-04:00,23.152741957569276,24.546651544289933,22.786963395359702,22.87593650817871,60400,0.0,0.0
2025-06-17 00:00:00-04:00,22.747419108771833,23.23182719421099,22.579359006837212,22.638673782348633,102000,0.0,0.0
2025-06-18 00:00:00-04:00,22.737535012171875,23.923841940953125,22.737535012171875,23.3306884765625,84500,0.0,0.0
2025-06-20 00:00:00-04:00,23.528404528794603,23.62726375163818,22.964909409843916,23.577835083007812,51800,0.0,0.0
2025-06-23 00:00:00-04:00,23.528402546041892,24.437903925509442,23.528402546041892,24.161100387573242,125100,0.0,0.0
2025-06-24 00:00:00-04:00,24.319276055168928,25.782386497080985,24.131443723188262,25.32763671875,163100,0.0,0.0
2025-06-25 00:00:00-04:00,25.26832045386809,25.44626667796861,24.230303327392196,24.793798446655273,59800,0.0,0.0
2025-06-26 00:00:00-04:00,25.11014517083825,25.238662719726562,24.32916130949544,25.238662719726562,25800,0.0,0.0
2025-06-27 00:00:00-04:00,25.406722283253494,25.89113036629174,24.744367988980237,25.545124053955078,329200,0.0,0.0
2025-06-30 00:00:00-04:00,25.50557961342165,25.643983269705938,24.922312314632542,25.545124053955078,52500,0.0,0.0
2025-07-01 00:00:00-04:00,25.327637002577582,26.513942015158616,25.327637002577582,26.187707901000977,107000,0.0,0.0
2025-07-02 00:00:00-04:00,26.18770741251743,27.087322737370936,25.84170108320851,26.84017562866211,219800,0.0,0.0
2025-07-03 00:00:00-04:00,26.988464273222036,27.334470612229058,26.642459819797867,27.10709571838379,53200,0.0,0.0
2025-07-07 00:00:00-04:00,27.037894395013314,27.215840617116854,26.36565394954786,26.830289840698242,103300,0.0,0.0
2025-07-08 00:00:00-04:00,27.018122472968574,27.54207503434875,26.939035471777498,27.28504180908203,191200,0.0,0.0
2025-07-09 00:00:00-04:00,27.285041860909093,27.453101974457216,27.008236413423113,27.225727081298828,119900,0.0,0.0
2025-07-10 00:00:00-04:00,27.30481291466148,28.016595896286283,26.998349147688103,27.492643356323242,171400,0.0,0.0
2025-07-11 00:00:00-04:00,27.423443532633353,27.680476757364534,26.899490972344843,26.939035415649414,121300,0.0,0.0
2025-07-14 00:00:00-04:00,26.859947660306485,27.700248201101758,26.859947660306485,27.54207420349121,163800,0.0,0.0
2025-07-15 00:00:00-04:00,27.354242052491625,27.8188779378026,26.939034834662504,27.304813385009766,140700,0.0,0.0
2025-07-16 00:00:00-04:00,27.60138925395675,27.690362364189763,27.018121924910456,27.591503143310547,75200,0.0,0.0
2025-07-17 00:00:00-04:00,27.710135658762987,28.342831679963336,27.700249547733872,28.25385856628418,160400,0.0,0.0
2025-07-18 00:00:00-04:00,28.501005085912713,28.501005085912713,27.80899241309008,28.21431541442871,60200,0.0,0.0
2025-07-21 00:00:00-04:00,28.29340216316676,28.421917831531154,27.591503385780662,27.70024871826172,26800,0.0,0.0
2025-07-22 00:00:00-04:00,27.808990526051968,28.224197724454214,27.63104620009333,27.749675750732422,27100,0.0,0.0
2025-07-23 00:00:00-04:00,27.927623629080152,27.927623629080152,27.02800829311393,27.235610961914062,24900,0.0,0.0
2025-07-24 00:00:00-04:00,27.472872977813665,27.472872977813665,26.583141895203497,26.6820011138916,36100,0.0,0.0
2025-07-25 00:00:00-04:00,27.018121433957052,27.028007544423613,25.950446016144696,26.09873390197754,29000,0.0,0.0
2025-07-28 00:00:00-04:00,26.17782025365706,26.958805990983578,25.950445375289615,26.118505477905273,32500,0.0,0.0
2025-07-29 00:00:00-04:00,26.424968005042906,27.15652320932334,25.762613688445615,26.09873390197754,39200,0.0,0.0
2025-07-30 00:00:00-04:00,26.494170939513456,26.494170939513456,24.971745636122176,25.169462203979492,37200,0.0,0.0
2025-07-31 00:00:00-04:00,24.971743774199453,25.288091767650208,24.259960788935253,24.704824447631836,40000,0.0,0.0
2025-08-01 00:00:00-04:00,24.4873362039265,24.4873362039265,23.419660760112933,23.58772087097168,56500,0.0,0.0
2025-08-04 00:00:00-04:00,23.775550591420508,24.259960573368275,23.627262706505956,24.13144302368164,26900,0.0,0.0
2025-08-05 00:00:00-04:00,24.141330066491395,24.240189288780233,23.380116506125045,23.755781173706055,34900,0.0,0.0
2025-08-06 00:00:00-04:00,23.637147864601776,24.042468946976985,23.231826782226562,23.231826782226562,26000,0.0,0.0
2025-08-07 00:00:00-04:00,23.330687292574343,23.508633511419383,22.96490874432811,23.192283630371094,38600,0.0,0.0
2025-08-08 00:00:00-04:00,23.478974032890633,23.98315433313,22.945135402431532,23.45920181274414,36400,0.0,0.0
2025-08-11 00:00:00-04:00,23.528404987676296,23.577835542853567,23.241715309979657,23.390003204345703,20800,0.0,0.0
2025-08-12 00:00:00-04:00,23.567949472985063,24.81357118188481,22.71776277827979,24.54665184020996,40500,0.0,0.0
2025-08-13 00:00:00-04:00,24.961857682503794,25.199118677770528,24.833342017161186,25.110145568847656,18200,0.0,0.0
2025-08-14 00:00:00-04:00,24.694938267691096,24.694938267691096,24.190757947453278,24.35881805419922,15000,0.0,0.0
2025-08-15 00:00:00-04:00,24.516992527999392,24.516992527999392,23.834867862847222,24.170988082885742,55900,0.0,0.0
2025-08-18 00:00:00-04:00,24.02269761915546,24.477449268455146,23.686577408763483,24.25007438659668,33700,0.0,0.0
2025-08-19 00:00:00-04:00,24.586195149381506,24.586195149381506,24.04247038008053,24.34893226623535,24000,0.0,0.0
2025-08-20 00:00:00-04:00,24.418135611523397,24.94208628630357,24.220417166138112,24.853113174438477,24600,0.0,0.0
2025-08-21 00:00:00-04:00,25.040946367677062,25.040946367677062,24.61585301542978,25.00140380859375,24200,0.0,0.0
2025-08-22 00:00:00-04:00,25.297978095262806,26.197593416452868,25.209004985643325,26.148164749145508,55400,0.0,0.0
2025-08-25 00:00:00-04:00,26.138279226265034,26.939035345261917,24.961858439187647,25.782386779785156,82800,0.0,0.0
2025-08-26 00:00:00-04:00,26.06907725504229,26.56337146106023,25.99987448231027,26.39531135559082,21200,0.0,0.0
2025-08-27 00:00:00-04:00,26.316224385240737,26.929148145409894,26.108619837995676,26.335994720458984,17400,0.0,0.0
2025-08-28 00:00:00-04:00,26.375540529787425,26.58314320221514,26.118507302793926,26.237138748168945,30800,0.0,0.0
2025-08-29 00:00:00-04:00,26.415082336608258,26.830289555237993,26.256908337661958,26.375539779663086,23200,0.0,0.0
2025-09-02 00:00:00-04:00,25.732959039059665,26.504056853454294,24.774026998270383,26.21736717224121,44900,0.0,0.0
2025-09-03 00:00:00-04:00,26.059191990210483,26.385426101344528,26.059191990210483,26.078962326049805,20600,0.0,0.0
2025-09-04 00:00:00-04:00,26.32610997689225,26.642459869384766,26.029534191810164,26.642459869384766,20000,0.0,0.0
2025-09-05 00:00:00-04:00,26.59303009967637,26.939036449539326,25.960334067183812,26.44474220275879,24400,0.0,0.0
2025-09-08 00:00:00-04:00,26.375201260541008,26.55401649264629,26.126847192570597,26.385135650634766,23500,0.13,0.0
2025-09-09 00:00:00-04:00,26.494411477221682,26.67322670548228,25.779152458970422,25.938098907470703,22900,0.0,0.0
2025-09-10 00:00:00-04:00,26.097045937972254,26.15665038379134,25.64007346724947,25.82882308959961,19400,0.0,0.0
2025-09-11 00:00:00-04:00,25.938099729325092,26.50434670689789,25.77915327578856,26.464609146118164,21700,0.0,0.0
2025-09-12 00:00:00-04:00,26.097045141330376,26.385134866321007,25.87849235534668,25.87849235534668,20400,0.0,0.0
2025-09-15 00:00:00-04:00,26.02750597390841,26.44474086613962,25.46125713140163,25.779151916503906,37500,0.0,0.0
2025-09-16 00:00:00-04:00,25.779151916503906,25.987768415223968,25.540730353979427,25.779151916503906,33700,0.0,0.0
2025-09-17 00:00:00-04:00,25.90829638628928,26.623555422442767,25.65000792731384,25.848691940307617,55900,0.0,0.0
2025-09-18 00:00:00-04:00,25.967899402054336,26.653357124860083,25.967899402054336,26.54408073425293,38500,0.0,0.0
2025-09-19 00:00:00-04:00,26.573885438961184,26.822239508484184,25.83875762054804,25.868560791015625,325200,0.0,0.0
2025-09-22 00:00:00-04:00,25.838756659966247,26.16658394375765,25.42152176288708,26.14671516418457,76200,0.0,0.0
2025-09-23 00:00:00-04:00,26.176517911390583,26.305661186950676,25.381783794404136,25.47119140625,57900,0.0,0.0
2025-09-24 00:00:00-04:00,25.49106083296099,25.49106083296099,25.212903600732037,25.381784439086914,23800,0.0,0.0
2025-09-25 00:00:00-04:00,25.23277190913505,25.500994746474877,25.193036245153827,25.242706298828125,19200,0.0,0.0
2025-09-26 00:00:00-04:00,25.40165355997293,25.580468790607842,25.351983504703746,25.48112678527832,28700,0.0,0.0
2025-09-29 00:00:00-04:00,25.49106010670643,25.580467718275926,24.736063550559088,24.895009994506836,30700,0.0,0.0
2025-09-30 00:00:00-04:00,24.78573694836384,25.163234301123456,24.726130607303496,25.044023513793945,26000,0.0,0.0
2025-10-01 00:00:00-04:00,24.855274473493093,25.05395658217195,24.666524859675764,24.93474769592285,28100,0.0,0.0
2025-10-02 00:00:00-04:00,24.904945795066283,24.904945795066283,24.33869881957341,24.46784210205078,24000,0.0,0.0
2025-10-03 00:00:00-04:00,24.706263635254004,24.93474892414528,24.467842061429607,24.736064910888672,19800,0.0,0.0
2025-10-06 00:00:00-04:00,24.934747446804646,25.25264033334767,24.527446949072512,24.587051391601562,23800,0.0,0.0
2025-10-07 00:00:00-04:00,24.706262269236262,24.875143102729545,24.318828654286335,24.33869743347168,19400,0.0,0.0
2025-10-08 00:00:00-04:00,24.28902738029939,24.736063543223207,24.110212157213436,24.33869743347168,24700,0.0,0.0
2025-10-09 00:00:00-04:00,24.298960390890915,24.298960390890915,23.891659882901017,24.20955467224121,26500,0.0,0.0
2025-10-10 00:00:00-04:00,24.179751392739686,24.32876344953222,23.275742767435037,23.34528160095215,33100,0.0,0.0
2025-10-13 00:00:00-04:00,23.593635972098532,23.971133313944012,23.345281909234338,23.712846755981445,28900,0.0,0.0
2025-10-14 00:00:00-04:00,23.355215608216366,24.895009994506836,23.355215608216366,24.895009994506836,29700,0.0,0.0
2025-10-15 00:00:00-04:00,24.895010338631824,25.053956784776698,24.26915894378527,24.438039779663086,12300,0.0,0.0
2025-10-16 00:00:00-04:00,24.249289767107207,24.249289767107207,23.11679588317787,23.494293212890625,19600,0.0,0.0
2025-10-17 00:00:00-04:00,23.65323973524986,24.07047462463379,23.474424511972305,24.07047462463379,27900,0.0,0.0
2025-10-20 00:00:00-04:00,24.130081277106278,24.55724866687619,24.130081277106278,24.438039779663086,14600,0.0,0.0
2025-10-21 00:00:00-04:00,24.338698008912534,24.58705207022797,24.169817171426395,24.229421615600586,23700,0.0,0.0
2025-10-22 00:00:00-04:00,24.41817048760969,24.567182540893555,24.08040882294437,24.567182540893555,21000,0.0,0.0
2025-10-23 00:00:00-04:00,24.587051416603753,24.587051416603753,23.603569587314528,24.318828582763672,13700,0.0,0.0
2025-10-24 00:00:00-04:00,24.587052109258618,24.587052109258618,24.20955476916799,24.517513275146484,19100,0.0,0.0
2025-10-27 00:00:00-04:00,24.587052416573357,24.89501092640104,23.2658088675552,24.328763961791992,25700,0.0,0.0
2025-10-28 00:00:00-04:00,24.3287637237666,24.3287637237666,23.832055598998497,23.981067657470703,16300,0.0,0.0
2025-10-29 00:00:00-04:00,23.941331516236783,24.62678924531448,23.09692734198036,23.285676956176758,33400,0.0,0.0
2025-10-30 00:00:00-04:00,23.68304324321803,24.418171031271356,23.61350440979004,23.61350440979004,26000,0.0,0.0
2025-10-31 00:00:00-04:00,23.593636032022236,24.47777589173117,23.593636032022236,24.28902816772461,21800,0.0,0.0
2025-11-03 00:00:00-05:00,24.368501345568887,24.934748306086085,24.338698175881774,24.557249069213867,19900,0.0,0.0
2025-11-04 00:00:00-05:00,24.64665608037055,25.03408969765782,24.457908361344305,24.93474769592285,40000,0.0,0.0
2025-11-05 00:00:00-05:00,25.044022169786253,25.977833953581577,24.88507572507102,25.7592830657959,22800,0.0,0.0
2025-11-06 00:00:00-05:00,25.689745439229117,25.848691891406975,25.242707358234416,25.272510528564453,22800,0.0,0.0
2025-11-07 00:00:00-05:00,25.411588334164147,26.484477839402693,25.332115107657263,26.15665054321289,26000,0.0,0.0
2025-11-10 00:00:00-05:00,26.226188930006757,26.752700230834275,25.789085244315817,26.305662155151367,15300,0.0,0.0
2025-11-11 00:00:00-05:00,26.325530769910223,26.47454282927224,25.977834701538086,25.977834701538086,9300,0.0,0.0
2025-11-12 00:00:00-05:00,26.176519365165092,26.176519365165092,25.76921884182069,25.888427734375,13800,0.0,0.0
2025-11-13 00:00:00-05:00,26.275859990491565,26.375200097466163,25.97783398519451,26.047372817993164,14100,0.0,0.0
2025-11-14 00:00:00-05:00,25.91822944458238,26.295726776123047,25.72947983141651,26.295726776123047,15600,0.0,0.0
2025-11-17 00:00:00-05:00,26.414938695611674,26.454674361007037,24.944683074951172,24.944683074951172,19500,0.0,0.0
2025-11-18 00:00:00-05:00,24.84534146437409,25.302312045039038,24.84534146437409,25.063892364501953,14300,0.0,0.0
2025-11-19 00:00:00-05:00,24.994353347105534,25.292377471923828,24.93474890110011,25.292377471923828,21700,0.0,0.0
2025-11-20 00:00:00-05:00,25.669876227718934,25.928164681866132,25.5009953882685,25.709611892700195,23600,0.0,0.0
2025-11-21 00:00:00-05:00,25.789084945575663,26.822238755278732,25.789084945575663,26.49441146850586,34400,0.0,0.0
2025-11-24 00:00:00-05:00,26.563949784098963,26.782500672749197,25.928164002722937,26.067241668701172,18900,0.0,0.0
2025-11-25 00:00:00-05:00,26.29572752118498,27.219604939163727,26.29572752118498,27.070592880249023,25200,0.0,0.0
2025-11-26 00:00:00-05:00,27.348749317462214,28.034205147487352,26.881842479710254,27.120262145996094,24900,0.0,0.0
2025-11-28 00:00:00-05:00,27.030854847667708,27.3388152447994,26.822238347795693,26.931514739990234,10800,0.0,0.0
2025-12-01 00:00:00-05:00,27.299077541224907,27.537497209011327,26.732830593383273,26.89177703857422,12000,0.0,0.0
2025-12-02 00:00:00-05:00,27.21960404159612,27.21960404159612,26.623553930800952,26.81230354309082,12300,0.0,0.0
2025-12-03 00:00:00-05:00,26.921580179871206,27.64677357215701,26.762633734843938,27.15999984741211,16100,0.0,0.0
2025-12-04 00:00:00-05:00,27.059999465942383,27.5,27.049999237060547,27.3700008392334,25600,0.18,0.0
2025-12-05 00:00:00-05:00,27.450000762939453,27.479999542236328,27.020000457763672,27.149999618530273,28300,0.0,0.0
2025-12-08 00:00:00-05:00,27.260000228881836,28.06999969482422,27.0,27.25,30600,0.0,0.0
2025-12-09 00:00:00-05:00,27.829999923706055,27.920000076293945,27.389999389648438,27.579999923706055,21300,0.0,0.0
2025-12-10 00:00:00-05:00,27.770000457763672,29.309999465942383,27.739999771118164,28.8700008392334,62600,0.0,0.0
2025-12-11 00:00:00-05:00,28.780000686645508,29.0,28.649999618530273,28.649999618530273,36800,0.0,0.0
2025-12-12 00:00:00-05:00,28.75,29.09000015258789,28.5,28.700000762939453,53000,0.0,0.0
2025-12-15 00:00:00-05:00,29.010000228881836,29.56999969482422,28.989999771118164,29.239999771118164,54300,0.0,0.0
2025-12-16 00:00:00-05:00,29.200000762939453,29.700000762939453,28.950000762939453,28.950000762939453,40600,0.0,0.0
2025-12-17 00:00:00-05:00,29.100000381469727,29.959999084472656,29.100000381469727,29.649999618530273,37500,0.0,0.0
2025-12-18 00:00:00-05:00,29.989999771118164,30.25,29.719999313354492,29.719999313354492,40900,0.0,0.0
2025-12-19 00:00:00-05:00,29.6200008392334,30.1299991607666,29.139999389648438,29.850000381469727,75500,0.0,0.0
2025-12-22 00:00:00-05:00,29.719999313354492,30.229999542236328,28.950000762939453,29.059999465942383,39800,0.0,0.0
2025-12-23 00:00:00-05:00,29.059999465942383,29.299999237060547,28.56999969482422,28.56999969482422,47300,0.0,0.0
2025-12-24 00:00:00-05:00,28.56999969482422,28.8700008392334,28.190000534057617,28.729999542236328,12000,0.0,0.0
2025-12-26 00:00:00-05:00,28.780000686645508,28.93000030517578,28.459999084472656,28.68000030517578,20400,0.0,0.0
2025-12-29 00:00:00-05:00,28.600000381469727,28.81999969482422,28.479999542236328,28.649999618530273,24100,0.0,0.0
2025-12-30 00:00:00-05:00,28.309999465942383,28.829999923706055,28.15999984741211,28.5,21100,0.0,0.0
2025-12-31 00:00:00-05:00,28.510000228881836,28.670000076293945,28.219999313354492,28.549999237060547,39800,0.0,0.0
2026-01-02 00:00:00-05:00,28.790000915527344,28.790000915527344,27.979999542236328,28.3799991607666,32200,0.0,0.0
2026-01-05 00:00:00-05:00,28.350000381469727,29.270000457763672,28.350000381469727,29.010000228881836,51900,0.0,0.0
2026-01-06 00:00:00-05:00,29.0,29.040000915527344,28.65999984741211,28.959999084472656,32800,0.0,0.0
2026-01-07 00:00:00-05:00,29.18000030517578,29.18000030517578,28.350000381469727,28.75,32800,0.0,0.0
2026-01-08 00:00:00-05:00,28.639999389648438,29.709999084472656,28.639999389648438,29.190000534057617,31300,0.0,0.0
2026-01-09 00:00:00-05:00,29.190000534057617,29.350000381469727,28.81999969482422,28.940000534057617,23800,0.0,0.0
2026-01-12 00:00:00-05:00,28.850000381469727,29.59000015258789,28.6299991607666,29.06999969482422,37900,0.0,0.0
2026-01-13 00:00:00-05:00,28.690000534057617,29.190000534057617,28.690000534057617,28.979999542236328,27100,0.0,0.0
2026-01-14 00:00:00-05:00,29.1200008392334,29.360000610351562,28.850000381469727,29.100000381469727,32300,0.0,0.0
2026-01-15 00:00:00-05:00,29.229999542236328,30.15999984741211,29.229999542236328,29.860000610351562,27400,0.0,0.0
2026-01-16 00:00:00-05:00,29.799999237060547,29.950000762939453,29.520000457763672,29.739999771118164,36000,0.0,0.0
2026-01-20 00:00:00-05:00,29.40999984741211,29.700000762939453,29.059999465942383,29.139999389648438,36800,0.0,0.0
2026-01-21 00:00:00-05:00,29.56999969482422,30.489999771118164,29.56999969482422,30.489999771118164,62000,0.0,0.0
2026-01-22 00:00:00-05:00,30.399999618530273,31.489999771118164,30.399999618530273,30.829999923706055,29900,0.0,0.0
2026-01-23 00:00:00-05:00,30.75,30.75,29.549999237060547,29.780000686645508,34300,0.0,0.0
2026-01-26 00:00:00-05:00,29.700000762939453,30.079999923706055,29.450000762939453,29.799999237060547,28600,0.0,0.0
2026-01-27 00:00:00-05:00,29.790000915527344,30.139999389648438,29.579999923706055,29.84000015258789,13300,0.0,0.0
2026-01-28 00:00:00-05:00,29.760000228881836,29.899999618530273,29.329999923706055,29.700000762939453,32200,0.0,0.0
2026-01-29 00:00:00-05:00,29.649999618530273,30.780000686645508,29.649999618530273,30.760000228881836,24100,0.0,0.0
2026-01-30 00:00:00-05:00,30.479999542236328,31.1299991607666,30.0,30.81999969482422,63600,0.0,0.0
2026-02-02 00:00:00-05:00,30.969999313354492,32.65999984741211,30.969999313354492,31.850000381469727,62700,0.0,0.0
2026-02-03 00:00:00-05:00,31.950000762939453,32.709999084472656,31.479999542236328,32.09000015258789,78800,0.0,0.0
2026-02-04 00:00:00-05:00,32.380001068115234,32.90999984741211,32.0,32.560001373291016,69500,0.0,0.0
2026-02-05 00:00:00-05:00,33.93000030517578,35.06999969482422,33.04999923706055,34.06999969482422,164500,0.0,0.0
2026-02-06 00:00:00-05:00,34.61000061035156,35.43000030517578,34.04999923706055,35.209999084472656,101700,0.0,0.0
2026-02-09 00:00:00-05:00,35.209999084472656,36.040000915527344,35.040000915527344,35.560001373291016,100600,0.0,0.0
2026-02-10 00:00:00-05:00,35.68000030517578,36.34000015258789,35.189998626708984,35.40999984741211,127700,0.0,0.0
2026-02-11 00:00:00-05:00,35.689998626708984,35.779998779296875,34.900001525878906,34.959999084472656,49200,0.0,0.0
