Date,Open,High,Low,Close,Volume,Dividends,Stock Splits
2022-01-03 00:00:00-05:00,70.26000213623047,71.45999908447266,69.6500015258789,70.81999969482422,14000,0.0,0.0
2022-01-04 00:00:00-05:00,71.0,73.58999633789062,70.94999694824219,72.9000015258789,14700,0.0,0.0
2022-01-05 00:00:00-05:00,73.29000091552734,73.5199966430664,72.36000061035156,72.61000061035156,13200,0.0,0.0
2022-01-06 00:00:00-05:00,72.87000274658203,73.5,72.69000244140625,73.06999969482422,15300,0.0,0.0
2022-01-07 00:00:00-05:00,73.05999755859375,74.01000213623047,72.30000305175781,73.30000305175781,16100,0.0,0.0
2022-01-10 00:00:00-05:00,73.5199966430664,73.5199966430664,72.44999694824219,73.0999984741211,18300,0.0,0.0
2022-01-11 00:00:00-05:00,73.37999725341797,73.37999725341797,71.83000183105469,72.31999969482422,14900,0.0,0.0
2022-01-12 00:00:00-05:00,72.91000366210938,73.86000061035156,72.38999938964844,72.41999816894531,23700,0.0,0.0
2022-01-13 00:00:00-05:00,73.1500015258789,76.01000213623047,73.1500015258789,75.9000015258789,28900,0.0,0.0
2022-01-14 00:00:00-05:00,75.16999816894531,75.95999908447266,74.12000274658203,74.48999786376953,32600,0.0,0.0
2022-01-18 00:00:00-05:00,74.26000213623047,74.4000015258789,70.04000091552734,70.4000015258789,28100,0.0,0.0
2022-01-19 00:00:00-05:00,71.66000366210938,71.70999908447266,68.91000366210938,70.94000244140625,34800,0.0,0.0
2022-01-20 00:00:00-05:00,71.2300033569336,72.16999816894531,70.0,70.01000213623047,12400,0.0,0.0
2022-01-21 00:00:00-05:00,69.12999725341797,70.44000244140625,68.63999938964844,69.3499984741211,25200,0.0,0.0
2022-01-24 00:00:00-05:00,68.5,69.19999694824219,67.31999969482422,68.58000183105469,67200,0.0,0.0
2022-01-25 00:00:00-05:00,66.0,69.44999694824219,65.02999877929688,69.23999786376953,48500,0.0,0.0
2022-01-26 00:00:00-05:00,69.55000305175781,70.87000274658203,68.20999908447266,69.08000183105469,22400,0.0,0.0
2022-01-27 00:00:00-05:00,68.75,68.75,66.9000015258789,67.69999694824219,17900,0.0,0.0
2022-01-28 00:00:00-05:00,68.12000274658203,70.4800033569336,65.9000015258789,67.2300033569336,14000,0.0,0.0
2022-01-31 00:00:00-05:00,67.33999633789062,71.70999908447266,66.48999786376953,70.95999908447266,34600,0.0,0.0
2022-02-01 00:00:00-05:00,71.18000030517578,73.29000091552734,70.97000122070312,71.27999877929688,24200,0.0,0.0
2022-02-02 00:00:00-05:00,70.87000274658203,71.81999969482422,69.33999633789062,70.06999969482422,47900,0.0,0.0
2022-02-03 00:00:00-05:00,69.68000030517578,70.70999908447266,67.22000122070312,67.72000122070312,23500,0.0,0.0
2022-02-04 00:00:00-05:00,67.95999908447266,70.16000366210938,67.08000183105469,70.01000213623047,36100,0.0,0.0
2022-02-07 00:00:00-05:00,70.26000213623047,71.33000183105469,69.75,70.80000305175781,26800,0.0,0.0
2022-02-08 00:00:00-05:00,70.76000213623047,72.62999725341797,70.76000213623047,72.62999725341797,9600,0.0,0.0
2022-02-09 00:00:00-05:00,73.38999938964844,74.2300033569336,72.62000274658203,73.2300033569336,22800,0.0,0.0
2022-02-10 00:00:00-05:00,72.69000244140625,73.2300033569336,71.25,72.01000213623047,28600,0.0,0.0
2022-02-11 00:00:00-05:00,72.86000061035156,73.08999633789062,71.52999877929688,72.31999969482422,20000,0.0,0.0
2022-02-14 00:00:00-05:00,71.94999694824219,72.51000213623047,70.72000122070312,72.18000030517578,10300,0.0,0.0
2022-02-15 00:00:00-05:00,72.91999816894531,74.68000030517578,72.91999816894531,74.44999694824219,12600,0.0,0.0
2022-02-16 00:00:00-05:00,74.23999786376953,74.94999694824219,72.5,73.22000122070312,16400,0.0,0.0
2022-02-17 00:00:00-05:00,73.30000305175781,73.8499984741211,72.0,72.83999633789062,12400,0.0,0.0
2022-02-18 00:00:00-05:00,72.2699966430664,74.38999938964844,72.25,73.80000305175781,18200,0.0,0.0
2022-02-22 00:00:00-05:00,72.94000244140625,73.23999786376953,71.2699966430664,72.94999694824219,18500,0.0,0.0
2022-02-23 00:00:00-05:00,72.80000305175781,73.16000366210938,71.79000091552734,72.02999877929688,15400,0.0,0.0
2022-02-24 00:00:00-05:00,70.0,70.38999938964844,68.06999969482422,69.88999938964844,60600,0.0,0.0
2022-02-25 00:00:00-05:00,70.83999633789062,71.05000305175781,70.0,70.38999938964844,13900,0.0,0.0
2022-02-28 00:00:00-05:00,69.2300033569336,70.0,69.0199966430664,69.13999938964844,14500,0.0,0.0
2022-03-01 00:00:00-05:00,68.58999633789062,69.19999694824219,65.97000122070312,67.0,32200,0.0,0.0
2022-03-02 00:00:00-05:00,67.91000366210938,70.1500015258789,67.91000366210938,69.66000366210938,26700,0.0,0.0
2022-03-03 00:00:00-05:00,70.0,70.0,67.93000030517578,68.5,7900,0.0,0.0
2022-03-04 00:00:00-05:00,67.38999938964844,67.62999725341797,66.58999633789062,66.58999633789062,8700,0.0,0.0
2022-03-07 00:00:00-05:00,67.05000305175781,67.83000183105469,65.72000122070312,66.16999816894531,17600,0.0,0.0
2022-03-08 00:00:00-05:00,65.44000244140625,67.19000244140625,64.5,64.79000091552734,24500,0.0,0.0
2022-03-09 00:00:00-05:00,66.77999877929688,67.11000061035156,64.41000366210938,65.5,33000,0.0,0.0
2022-03-10 00:00:00-05:00,64.19999694824219,64.19999694824219,61.91999816894531,62.310001373291016,21700,0.0,0.0
2022-03-11 00:00:00-05:00,62.310001373291016,62.310001373291016,58.81999969482422,58.83000183105469,23700,0.0,0.0
2022-03-14 00:00:00-04:00,58.900001525878906,59.63999938964844,57.22999954223633,57.650001525878906,42000,0.0,0.0
2022-03-15 00:00:00-04:00,57.56999969482422,57.61000061035156,56.099998474121094,57.349998474121094,22100,0.0,0.0
2022-03-16 00:00:00-04:00,57.34000015258789,58.959999084472656,57.15999984741211,58.66999816894531,22300,0.0,0.0
2022-03-17 00:00:00-04:00,58.66999816894531,61.61000061035156,58.029998779296875,61.41999816894531,19000,0.0,0.0
2022-03-18 00:00:00-04:00,60.38999938964844,62.95000076293945,60.380001068115234,62.540000915527344,49400,0.0,0.0
2022-03-21 00:00:00-04:00,62.20000076293945,63.31999969482422,61.540000915527344,63.2599983215332,32800,0.0,0.0
2022-03-22 00:00:00-04:00,63.16999816894531,65.38999938964844,63.11000061035156,64.44999694824219,33700,0.0,0.0
2022-03-23 00:00:00-04:00,64.18000030517578,66.83999633789062,64.18000030517578,66.0,37700,0.0,0.0
2022-03-24 00:00:00-04:00,65.83000183105469,66.58999633789062,64.73999786376953,65.80000305175781,21500,0.0,0.0
2022-03-25 00:00:00-04:00,65.97000122070312,65.97000122070312,64.9800033569336,65.05999755859375,11800,0.0,0.0
2022-03-28 00:00:00-04:00,64.4800033569336,65.27999877929688,64.05999755859375,65.08999633789062,15000,0.0,0.0
2022-03-29 00:00:00-04:00,65.9800033569336,66.9800033569336,64.61000061035156,65.5199966430664,15800,0.0,0.0
2022-03-30 00:00:00-04:00,64.98999786376953,66.30000305175781,64.98999786376953,65.9000015258789,26900,0.0,0.0
2022-03-31 00:00:00-04:00,66.37000274658203,67.23999786376953,65.41000366210938,66.16999816894531,56100,0.0,0.0
2022-04-01 00:00:00-04:00,66.58999633789062,67.95999908447266,65.73999786376953,67.51000213623047,49300,0.0,0.0
2022-04-04 00:00:00-04:00,67.30000305175781,68.48999786376953,66.30999755859375,67.12000274658203,30900,0.0,0.0
2022-04-05 00:00:00-04:00,66.62999725341797,66.88999938964844,65.0,65.27999877929688,24800,0.0,0.0
2022-04-06 00:00:00-04:00,65.0,66.75,65.0,66.4000015258789,19500,0.0,0.0
2022-04-07 00:00:00-04:00,66.0199966430664,67.55000305175781,66.0,67.02999877929688,15800,0.0,0.0
2022-04-08 00:00:00-04:00,67.0,68.2699966430664,66.0999984741211,68.0,22300,0.0,0.0
2022-04-11 00:00:00-04:00,68.0999984741211,68.41999816894531,66.29000091552734,66.7699966430664,14600,0.0,0.0
2022-04-12 00:00:00-04:00,66.68000030517578,68.2300033569336,66.68000030517578,68.0999984741211,16200,0.0,0.0
2022-04-13 00:00:00-04:00,69.0,72.47000122070312,68.23999786376953,72.08999633789062,34900,0.0,0.0
2022-04-14 00:00:00-04:00,72.19999694824219,73.62000274658203,71.83000183105469,72.9000015258789,18900,0.0,0.0
2022-04-18 00:00:00-04:00,72.61000061035156,72.61000061035156,70.5,70.66000366210938,16000,0.0,0.0
2022-04-19 00:00:00-04:00,71.16999816894531,72.4000015258789,70.76000213623047,72.11000061035156,26100,0.0,0.0
2022-04-20 00:00:00-04:00,72.66000366210938,72.66000366210938,71.16999816894531,71.38999938964844,15500,0.0,0.0
2022-04-21 00:00:00-04:00,71.80999755859375,71.98999786376953,70.5999984741211,71.23999786376953,19100,0.0,0.0
2022-04-22 00:00:00-04:00,71.08999633789062,71.4000015258789,70.31999969482422,70.9800033569336,14200,0.0,0.0
2022-04-25 00:00:00-04:00,70.3499984741211,72.0,70.3499984741211,71.4800033569336,15100,0.0,0.0
2022-04-26 00:00:00-04:00,70.69999694824219,71.44000244140625,69.68000030517578,69.76000213623047,40100,0.0,0.0
2022-04-27 00:00:00-04:00,70.62999725341797,70.62999725341797,67.87000274658203,68.69000244140625,34900,0.0,0.0
2022-04-28 00:00:00-04:00,67.77999877929688,70.33000183105469,67.37999725341797,69.87999725341797,13700,0.0,0.0
2022-04-29 00:00:00-04:00,70.79000091552734,70.79000091552734,68.41000366210938,68.66999816894531,25500,0.0,0.0
2022-05-02 00:00:00-04:00,69.02999877929688,70.25,67.66999816894531,69.25,25000,0.0,0.0
2022-05-03 00:00:00-04:00,68.27999877929688,69.7699966430664,68.26000213623047,68.93000030517578,18500,0.0,0.0
2022-05-04 00:00:00-04:00,71.4800033569336,72.83000183105469,69.9800033569336,72.0199966430664,22600,0.0,0.0
2022-05-05 00:00:00-04:00,72.0199966430664,73.0,71.51000213623047,73.0,35100,0.0,0.0
2022-05-06 00:00:00-04:00,72.41999816894531,74.30000305175781,71.58000183105469,73.86000061035156,19100,0.0,0.0
2022-05-09 00:00:00-04:00,73.1500015258789,73.1500015258789,70.19999694824219,71.06999969482422,36900,0.0,0.0
2022-05-10 00:00:00-04:00,71.55000305175781,72.25,70.4800033569336,72.2300033569336,14800,0.0,0.0
2022-05-11 00:00:00-04:00,73.98999786376953,74.0,70.88999938964844,71.80000305175781,17600,0.0,0.0
2022-05-12 00:00:00-04:00,71.80000305175781,72.8499984741211,71.16000366210938,72.4000015258789,17600,0.0,0.0
2022-05-13 00:00:00-04:00,73.55000305175781,74.63999938964844,73.37999725341797,74.08999633789062,21100,0.0,0.0
2022-05-16 00:00:00-04:00,74.37000274658203,76.20999908447266,74.37000274658203,75.97000122070312,18400,0.0,0.0
2022-05-17 00:00:00-04:00,76.6500015258789,79.75,76.6500015258789,79.5999984741211,29700,0.0,0.0
2022-05-18 00:00:00-04:00,79.4800033569336,79.4800033569336,74.38999938964844,74.69999694824219,31200,0.0,0.0
2022-05-19 00:00:00-04:00,74.69999694824219,75.0,71.47000122070312,71.66999816894531,23000,0.0,0.0
2022-05-20 00:00:00-04:00,72.31999969482422,73.37000274658203,71.02999877929688,73.12999725341797,34600,0.0,0.0
2022-05-23 00:00:00-04:00,72.81999969482422,72.81999969482422,71.05999755859375,71.75,17900,0.0,0.0
2022-05-24 00:00:00-04:00,71.51000213623047,71.70999908447266,70.2699966430664,71.47000122070312,18500,0.0,0.0
2022-05-25 00:00:00-04:00,71.33999633789062,74.94999694824219,71.33999633789062,74.5,19600,0.0,0.0
2022-05-26 00:00:00-04:00,74.58999633789062,77.16999816894531,74.58999633789062,76.4000015258789,12800,0.0,0.0
2022-05-27 00:00:00-04:00,76.93000030517578,79.26000213623047,75.9000015258789,76.72000122070312,29300,0.0,0.0
2022-05-31 00:00:00-04:00,75.98999786376953,77.1500015258789,75.02999877929688,76.44999694824219,27300,0.0,0.0
2022-06-01 00:00:00-04:00,75.36000061035156,76.94999694824219,74.79000091552734,76.91999816894531,12200,0.0,0.0
2022-06-02 00:00:00-04:00,76.80999755859375,77.6500015258789,76.80999755859375,77.55000305175781,26600,0.0,0.0
2022-06-03 00:00:00-04:00,77.52999877929688,79.08999633789062,77.41000366210938,78.69000244140625,14800,0.0,0.0
2022-06-06 00:00:00-04:00,79.0199966430664,80.3499984741211,78.22000122070312,80.06999969482422,18600,0.0,0.0
2022-06-07 00:00:00-04:00,79.36000061035156,79.93000030517578,77.4000015258789,77.58999633789062,16600,0.0,0.0
2022-06-08 00:00:00-04:00,76.52999877929688,77.44999694824219,76.30999755859375,77.27999877929688,20800,0.0,0.0
2022-06-09 00:00:00-04:00,76.86000061035156,78.37999725341797,75.83999633789062,76.05000305175781,20400,0.0,0.0
2022-06-10 00:00:00-04:00,75.06999969482422,81.7699966430664,75.0,81.33999633789062,41200,0.0,0.0
2022-06-13 00:00:00-04:00,79.52999877929688,79.52999877929688,74.94999694824219,75.37999725341797,26900,0.0,0.0
2022-06-14 00:00:00-04:00,75.37999725341797,76.70999908447266,72.19999694824219,72.41999816894531,37200,0.0,0.0
2022-06-15 00:00:00-04:00,73.41000366210938,76.38999938964844,73.41000366210938,76.05000305175781,29000,0.0,0.0
2022-06-16 00:00:00-04:00,74.47000122070312,74.62999725341797,71.83000183105469,71.93000030517578,25700,0.0,0.0
2022-06-17 00:00:00-04:00,72.11000061035156,73.47000122070312,72.0,73.19000244140625,51700,0.0,0.0
2022-06-21 00:00:00-04:00,73.80000305175781,74.77999877929688,73.0,73.58999633789062,33400,0.0,0.0
2022-06-22 00:00:00-04:00,73.68000030517578,78.88999938964844,71.97000122070312,78.5999984741211,53300,0.0,0.0
2022-06-23 00:00:00-04:00,80.93000030517578,87.83000183105469,79.55000305175781,79.97000122070312,188400,0.0,0.0
2022-06-24 00:00:00-04:00,81.05000305175781,82.26000213623047,77.16000366210938,80.62000274658203,212300,0.0,0.0
2022-06-27 00:00:00-04:00,81.69999694824219,82.7699966430664,77.88999938964844,80.83000183105469,64200,0.0,0.0
2022-06-28 00:00:00-04:00,81.0,81.98999786376953,78.0,80.04000091552734,53400,0.0,0.0
2022-06-29 00:00:00-04:00,79.58000183105469,81.9800033569336,78.0,81.66000366210938,55800,0.0,0.0
2022-06-30 00:00:00-04:00,81.13999938964844,83.19000244140625,79.5199966430664,79.56999969482422,119500,0.0,0.0
2022-07-01 00:00:00-04:00,79.41999816894531,80.19999694824219,77.72000122070312,79.25,38400,0.0,0.0
2022-07-05 00:00:00-04:00,78.41999816894531,79.7699966430664,76.04000091552734,79.62999725341797,29800,0.0,0.0
2022-07-06 00:00:00-04:00,79.26000213623047,79.3499984741211,78.0199966430664,79.22000122070312,29600,0.0,0.0
2022-07-07 00:00:00-04:00,79.26000213623047,80.75,79.08999633789062,79.80999755859375,24400,0.0,0.0
2022-07-08 00:00:00-04:00,80.08999633789062,80.33999633789062,79.48999786376953,80.04000091552734,25200,0.0,0.0
2022-07-11 00:00:00-04:00,82.51000213623047,82.51000213623047,78.55999755859375,78.91000366210938,18600,0.0,0.0
2022-07-12 00:00:00-04:00,78.91000366210938,79.69999694824219,77.45999908447266,78.68000030517578,18300,0.0,0.0
2022-07-13 00:00:00-04:00,77.68000030517578,79.4000015258789,75.79000091552734,76.30000305175781,42900,0.0,0.0
2022-07-14 00:00:00-04:00,75.79000091552734,76.0999984741211,74.0,75.1500015258789,42200,0.0,0.0
2022-07-15 00:00:00-04:00,76.4000015258789,76.44999694824219,74.75,76.4000015258789,35800,0.0,0.0
2022-07-18 00:00:00-04:00,76.55999755859375,77.25,76.16000366210938,76.48999786376953,43700,0.0,0.0
2022-07-19 00:00:00-04:00,77.43000030517578,78.51000213623047,76.27999877929688,78.0,37800,0.0,0.0
2022-07-20 00:00:00-04:00,78.16000366210938,78.58000183105469,76.3499984741211,77.13999938964844,51900,0.0,0.0
2022-07-21 00:00:00-04:00,76.69000244140625,78.12000274658203,76.69000244140625,78.11000061035156,15600,0.0,0.0
2022-07-22 00:00:00-04:00,77.22000122070312,78.25,77.01000213623047,77.62000274658203,21700,0.0,0.0
2022-07-25 00:00:00-04:00,77.51000213623047,78.9800033569336,77.51000213623047,78.61000061035156,31700,0.0,0.0
2022-07-26 00:00:00-04:00,78.68000030517578,78.94000244140625,77.77999877929688,78.41000366210938,29000,0.0,0.0
2022-07-27 00:00:00-04:00,78.93000030517578,81.06999969482422,78.93000030517578,80.08000183105469,40900,0.0,0.0
2022-07-28 00:00:00-04:00,80.41999816894531,80.41999816894531,77.93000030517578,78.18000030517578,27300,0.0,0.0
2022-07-29 00:00:00-04:00,77.77999877929688,80.58000183105469,77.05000305175781,80.5199966430664,34000,0.0,0.0
2022-08-01 00:00:00-04:00,80.18000030517578,80.69000244140625,79.5,80.2699966430664,94600,0.0,0.0
2022-08-02 00:00:00-04:00,80.45999908447266,89.29000091552734,80.45999908447266,88.93000030517578,86600,0.0,0.0
2022-08-03 00:00:00-04:00,89.73999786376953,91.04000091552734,88.95999908447266,89.30000305175781,34100,0.0,0.0
2022-08-04 00:00:00-04:00,89.83000183105469,89.83000183105469,87.44000244140625,88.93000030517578,22800,0.0,0.0
2022-08-05 00:00:00-04:00,88.0,89.26000213623047,87.41999816894531,89.1500015258789,33500,0.0,0.0
2022-08-08 00:00:00-04:00,90.05999755859375,90.63999938964844,88.58999633789062,89.25,43800,0.0,0.0
2022-08-09 00:00:00-04:00,89.37000274658203,90.16000366210938,88.13999938964844,88.33999633789062,22800,0.0,0.0
2022-08-10 00:00:00-04:00,89.0999984741211,90.33999633789062,80.19000244140625,90.08000183105469,62700,0.0,0.0
2022-08-11 00:00:00-04:00,90.91999816894531,92.80000305175781,90.91999816894531,91.26000213623047,26900,0.0,0.0
2022-08-12 00:00:00-04:00,91.5,95.06999969482422,91.5,95.0,29300,0.0,0.0
2022-08-15 00:00:00-04:00,94.12000274658203,96.95999908447266,94.12000274658203,95.68000030517578,52000,0.0,0.0
2022-08-16 00:00:00-04:00,95.70999908447266,98.41999816894531,94.9000015258789,97.7699966430664,37800,0.0,0.0
2022-08-17 00:00:00-04:00,96.77999877929688,97.16000366210938,94.80999755859375,96.05000305175781,29600,0.0,0.0
2022-08-18 00:00:00-04:00,96.27999877929688,97.68000030517578,95.4800033569336,97.2699966430664,25100,0.0,0.0
2022-08-19 00:00:00-04:00,96.2699966430664,98.72000122070312,95.80999755859375,98.05999755859375,28900,0.0,0.0
2022-08-22 00:00:00-04:00,96.9000015258789,98.27999877929688,95.3499984741211,96.01000213623047,33300,0.0,0.0
2022-08-23 00:00:00-04:00,95.87999725341797,97.58999633789062,95.41000366210938,97.01000213623047,46600,0.0,0.0
2022-08-24 00:00:00-04:00,97.08000183105469,98.66999816894531,95.62000274658203,98.58000183105469,23200,0.0,0.0
2022-08-25 00:00:00-04:00,99.31999969482422,100.44999694824219,97.72000122070312,100.04000091552734,31500,0.0,0.0
2022-08-26 00:00:00-04:00,100.63999938964844,100.63999938964844,94.58000183105469,96.0,58200,0.0,0.0
2022-08-29 00:00:00-04:00,95.61000061035156,97.52999877929688,95.06999969482422,95.91000366210938,30600,0.0,0.0
2022-08-30 00:00:00-04:00,96.80000305175781,96.80000305175781,93.18000030517578,94.81999969482422,28100,0.0,0.0
2022-08-31 00:00:00-04:00,95.41000366210938,95.41000366210938,92.77999877929688,92.98999786376953,23700,0.0,0.0
2022-09-01 00:00:00-04:00,92.81999969482422,92.88999938964844,87.31999969482422,91.61000061035156,65300,0.0,0.0
2022-09-02 00:00:00-04:00,91.5199966430664,93.73999786376953,91.06999969482422,92.26000213623047,24800,0.0,0.0
2022-09-06 00:00:00-04:00,92.30000305175781,92.30000305175781,91.0,91.37999725341797,21100,0.0,0.0
2022-09-07 00:00:00-04:00,89.95999908447266,94.91000366210938,89.95999908447266,93.8499984741211,49900,0.0,0.0
2022-09-08 00:00:00-04:00,94.0,94.31999969482422,92.26000213623047,93.48999786376953,44200,0.0,0.0
2022-09-09 00:00:00-04:00,95.0,95.66999816894531,94.01000213623047,94.91000366210938,33600,0.0,0.0
2022-09-12 00:00:00-04:00,95.54000091552734,99.58999633789062,94.31999969482422,95.81999969482422,55400,0.0,0.0
2022-09-13 00:00:00-04:00,94.76000213623047,94.76000213623047,92.51000213623047,93.19000244140625,61900,0.0,0.0
2022-09-14 00:00:00-04:00,94.05000305175781,95.4000015258789,90.43000030517578,92.19999694824219,47900,0.0,0.0
2022-09-15 00:00:00-04:00,92.37999725341797,94.0999984741211,90.41000366210938,91.3499984741211,32100,0.0,0.0
2022-09-16 00:00:00-04:00,90.20999908447266,90.58000183105469,88.31999969482422,90.4800033569336,96700,0.0,0.0
2022-09-19 00:00:00-04:00,89.44000244140625,92.94999694824219,88.55000305175781,92.56999969482422,64700,0.0,0.0
2022-09-20 00:00:00-04:00,92.11000061035156,92.7699966430664,89.26000213623047,90.73999786376953,37300,0.0,0.0
2022-09-21 00:00:00-04:00,91.36000061035156,92.05000305175781,89.4000015258789,89.6500015258789,45700,0.0,0.0
2022-09-22 00:00:00-04:00,89.48999786376953,91.1500015258789,87.9000015258789,88.93000030517578,53600,0.0,0.0
2022-09-23 00:00:00-04:00,87.80999755859375,87.80999755859375,83.55999755859375,84.66000366210938,32500,0.0,0.0
2022-09-26 00:00:00-04:00,83.73999786376953,85.66000366210938,81.87000274658203,84.55999755859375,39200,0.0,0.0
2022-09-27 00:00:00-04:00,85.51000213623047,85.51000213623047,82.77999877929688,83.76000213623047,18100,0.0,0.0
2022-09-28 00:00:00-04:00,83.48999786376953,86.0999984741211,82.6500015258789,85.12000274658203,24900,0.0,0.0
2022-09-29 00:00:00-04:00,84.83999633789062,86.02999877929688,80.0,85.70999908447266,26900,0.0,0.0
2022-09-30 00:00:00-04:00,86.19999694824219,88.48999786376953,85.26000213623047,85.83999633789062,30800,0.0,0.0
2022-10-03 00:00:00-04:00,86.5,87.9800033569336,86.30000305175781,87.66000366210938,21700,0.0,0.0
2022-10-04 00:00:00-04:00,89.0199966430664,90.47000122070312,89.0199966430664,89.48999786376953,40100,0.0,0.0
2022-10-05 00:00:00-04:00,88.30000305175781,90.5,88.02999877929688,89.02999877929688,32300,0.0,0.0
2022-10-06 00:00:00-04:00,90.30000305175781,90.7300033569336,88.27999877929688,88.88999938964844,23400,0.0,0.0
2022-10-07 00:00:00-04:00,87.36000061035156,87.5,85.04000091552734,85.04000091552734,35700,0.0,0.0
2022-10-10 00:00:00-04:00,86.5,91.37000274658203,86.5,88.97000122070312,38100,0.0,0.0
2022-10-11 00:00:00-04:00,88.51000213623047,89.94000244140625,87.30000305175781,88.19999694824219,46500,0.0,0.0
2022-10-12 00:00:00-04:00,88.5199966430664,88.55000305175781,86.81999969482422,87.11000061035156,27100,0.0,0.0
2022-10-13 00:00:00-04:00,86.5,89.6500015258789,86.01000213623047,88.6500015258789,75100,0.0,0.0
2022-10-14 00:00:00-04:00,89.2300033569336,89.2300033569336,86.04000091552734,86.0999984741211,35200,0.0,0.0
2022-10-17 00:00:00-04:00,87.72000122070312,88.54000091552734,86.75,88.13999938964844,46200,0.0,0.0
2022-10-18 00:00:00-04:00,89.55999755859375,90.04000091552734,87.0199966430664,88.3499984741211,80100,0.0,0.0
2022-10-19 00:00:00-04:00,88.3499984741211,89.62999725341797,88.33999633789062,88.63999938964844,91200,0.0,0.0
2022-10-20 00:00:00-04:00,88.94999694824219,89.76000213623047,87.0,88.37000274658203,57900,0.0,0.0
2022-10-21 00:00:00-04:00,88.80999755859375,90.80999755859375,87.13999938964844,90.04000091552734,126800,0.0,0.0
2022-10-24 00:00:00-04:00,90.51000213623047,90.51000213623047,88.72000122070312,89.41000366210938,58100,0.0,0.0
2022-10-25 00:00:00-04:00,89.51000213623047,89.91000366210938,88.98999786376953,89.0,54900,0.0,0.0
2022-10-26 00:00:00-04:00,89.56999969482422,93.6500015258789,89.0199966430664,91.7300033569336,114800,0.0,0.0
2022-10-27 00:00:00-04:00,92.62000274658203,93.98999786376953,86.97000122070312,91.77999877929688,69400,0.0,0.0
2022-10-28 00:00:00-04:00,92.6500015258789,93.7699966430664,92.19999694824219,92.5,103800,0.0,0.0
2022-10-31 00:00:00-04:00,93.12999725341797,94.75,93.0,93.8499984741211,106500,0.0,0.0
2022-11-01 00:00:00-04:00,94.63999938964844,94.72000122070312,92.5,92.87000274658203,49500,0.0,0.0
2022-11-02 00:00:00-04:00,94.05999755859375,106.45999908447266,92.86000061035156,104.62999725341797,283000,0.0,0.0
2022-11-03 00:00:00-04:00,104.9800033569336,109.62999725341797,104.16999816894531,108.12000274658203,137600,0.0,0.0
2022-11-04 00:00:00-04:00,108.22000122070312,111.6500015258789,107.7300033569336,110.5199966430664,75200,0.0,0.0
2022-11-07 00:00:00-05:00,110.73999786376953,113.76000213623047,110.33999633789062,112.87999725341797,60300,0.0,0.0
2022-11-08 00:00:00-05:00,112.94000244140625,117.58999633789062,112.41999816894531,115.80999755859375,88200,0.0,0.0
2022-11-09 00:00:00-05:00,114.70999908447266,117.4800033569336,111.18000030517578,111.18000030517578,64600,0.0,0.0
2022-11-10 00:00:00-05:00,113.79000091552734,116.45999908447266,112.1500015258789,114.95999908447266,89000,0.0,0.0
2022-11-11 00:00:00-05:00,115.51000213623047,117.06999969482422,110.94000244140625,111.81999969482422,94200,0.0,0.0
2022-11-14 00:00:00-05:00,110.70999908447266,115.62000274658203,110.70999908447266,115.0999984741211,57700,0.0,0.0
2022-11-15 00:00:00-05:00,115.73999786376953,118.61000061035156,114.88999938964844,116.11000061035156,78500,0.0,0.0
2022-11-16 00:00:00-05:00,116.27999877929688,116.5999984741211,113.27999877929688,114.63999938964844,54800,0.0,0.0
2022-11-17 00:00:00-05:00,119.80000305175781,119.80000305175781,114.5,115.33000183105469,133300,0.0,0.0
2022-11-18 00:00:00-05:00,117.0,117.06999969482422,114.0,115.4800033569336,129400,0.0,0.0
2022-11-21 00:00:00-05:00,115.9800033569336,119.8499984741211,115.25,117.30000305175781,82800,0.0,0.0
2022-11-22 00:00:00-05:00,118.55999755859375,118.93000030517578,115.6500015258789,117.69000244140625,87300,0.0,0.0
2022-11-23 00:00:00-05:00,118.41000366210938,118.48999786376953,115.5,118.0199966430664,44500,0.0,0.0
2022-11-25 00:00:00-05:00,117.95999908447266,118.5,115.73999786376953,117.83000183105469,23100,0.0,0.0
2022-11-28 00:00:00-05:00,117.33999633789062,118.26000213623047,116.16000366210938,116.6500015258789,31800,0.0,0.0
2022-11-29 00:00:00-05:00,116.16000366210938,118.05999755859375,116.0199966430664,116.16999816894531,39600,0.0,0.0
2022-11-30 00:00:00-05:00,116.93000030517578,120.48999786376953,116.05999755859375,120.05000305175781,211500,0.0,0.0
2022-12-01 00:00:00-05:00,121.4000015258789,124.05999755859375,119.86000061035156,122.30000305175781,71200,0.0,0.0
2022-12-02 00:00:00-05:00,122.63999938964844,126.77999877929688,122.01000213623047,122.26000213623047,93500,0.0,0.0
2022-12-05 00:00:00-05:00,122.33999633789062,122.5,118.66000366210938,120.38999938964844,47600,0.0,0.0
2022-12-06 00:00:00-05:00,120.69999694824219,122.48999786376953,119.5,120.44000244140625,48700,0.0,0.0
2022-12-07 00:00:00-05:00,120.0,121.55000305175781,119.47000122070312,121.01000213623047,42300,0.0,0.0
2022-12-08 00:00:00-05:00,121.76000213623047,122.55000305175781,120.30999755859375,120.75,35100,0.0,0.0
2022-12-09 00:00:00-05:00,120.4800033569336,120.72000122070312,116.80000305175781,117.25,46300,0.0,0.0
2022-12-12 00:00:00-05:00,118.04000091552734,120.9800033569336,117.05000305175781,120.81999969482422,48900,0.0,0.0
2022-12-13 00:00:00-05:00,122.91000366210938,122.98999786376953,117.22000122070312,118.94000244140625,53500,0.0,0.0
2022-12-14 00:00:00-05:00,118.91999816894531,119.80000305175781,117.66999816894531,118.81999969482422,54900,0.0,0.0
2022-12-15 00:00:00-05:00,118.44999694824219,118.80000305175781,113.0,114.47000122070312,67300,0.0,0.0
2022-12-16 00:00:00-05:00,114.04000091552734,115.0,113.19000244140625,113.86000061035156,68600,0.0,0.0
2022-12-19 00:00:00-05:00,113.7699966430664,114.01000213623047,111.43000030517578,112.4000015258789,56300,0.0,0.0
2022-12-20 00:00:00-05:00,112.30000305175781,113.87999725341797,111.81999969482422,112.06999969482422,49900,0.0,0.0
2022-12-21 00:00:00-05:00,113.33000183105469,117.12000274658203,112.08000183105469,115.69999694824219,79300,0.0,0.0
2022-12-22 00:00:00-05:00,114.93000030517578,115.11000061035156,112.66000366210938,114.26000213623047,48500,0.0,0.0
2022-12-23 00:00:00-05:00,114.81999969482422,116.01000213623047,113.4800033569336,115.54000091552734,45800,0.0,0.0
2022-12-27 00:00:00-05:00,115.0,116.37999725341797,114.0,114.48999786376953,75200,0.0,0.0
2022-12-28 00:00:00-05:00,114.54000091552734,116.11000061035156,112.0,112.20999908447266,38300,0.0,0.0
2022-12-29 00:00:00-05:00,112.87000274658203,117.23999786376953,111.95999908447266,116.12999725341797,54600,0.0,0.0
2022-12-30 00:00:00-05:00,115.81999969482422,118.48999786376953,115.69999694824219,117.88999938964844,77800,0.0,0.0
2023-01-03 00:00:00-05:00,118.0999984741211,118.87000274658203,114.55000305175781,115.58000183105469,85700,0.0,0.0
2023-01-04 00:00:00-05:00,115.01000213623047,118.0,113.19999694824219,113.54000091552734,68400,0.0,0.0
2023-01-05 00:00:00-05:00,112.27999877929688,114.75,111.41000366210938,111.56999969482422,47100,0.0,0.0
2023-01-06 00:00:00-05:00,111.97000122070312,116.44999694824219,111.5,116.02999877929688,65700,0.0,0.0
2023-01-09 00:00:00-05:00,117.20999908447266,119.98999786376953,116.05999755859375,116.79000091552734,63900,0.0,0.0
2023-01-10 00:00:00-05:00,116.20999908447266,119.05000305175781,116.20999908447266,118.05999755859375,64100,0.0,0.0
2023-01-11 00:00:00-05:00,118.01000213623047,119.0,111.52999877929688,114.13999938964844,105500,0.0,0.0
2023-01-12 00:00:00-05:00,114.37000274658203,117.66000366210938,112.47000122070312,116.86000061035156,88400,0.0,0.0
2023-01-13 00:00:00-05:00,116.80000305175781,119.18000030517578,115.76000213623047,117.87999725341797,67800,0.0,0.0
2023-01-17 00:00:00-05:00,118.36000061035156,121.69000244140625,117.41000366210938,118.4800033569336,66500,0.0,0.0
2023-01-18 00:00:00-05:00,119.06999969482422,120.30000305175781,114.06999969482422,114.9000015258789,98200,0.0,0.0
2023-01-19 00:00:00-05:00,114.79000091552734,116.16000366210938,113.12999725341797,116.13999938964844,73700,0.0,0.0
2023-01-20 00:00:00-05:00,117.29000091552734,118.36000061035156,116.12000274658203,118.36000061035156,72100,0.0,0.0
2023-01-23 00:00:00-05:00,118.87999725341797,121.77999877929688,118.36000061035156,119.9000015258789,88100,0.0,0.0
2023-01-24 00:00:00-05:00,119.33999633789062,119.75,113.98999786376953,113.98999786376953,67500,0.0,0.0
2023-01-25 00:00:00-05:00,113.16999816894531,113.16999816894531,107.5,111.5999984741211,85700,0.0,0.0
2023-01-26 00:00:00-05:00,112.23999786376953,113.31999969482422,106.30000305175781,107.25,67400,0.0,0.0
2023-01-27 00:00:00-05:00,106.12000274658203,108.16999816894531,105.4000015258789,105.7300033569336,46900,0.0,0.0
2023-01-30 00:00:00-05:00,105.7300033569336,108.7300033569336,105.5,107.5199966430664,92700,0.0,0.0
2023-01-31 00:00:00-05:00,107.5199966430664,113.87999725341797,107.5199966430664,113.7300033569336,92900,0.0,0.0
2023-02-01 00:00:00-05:00,113.58000183105469,115.69999694824219,108.27999877929688,110.05000305175781,124800,0.0,0.0
2023-02-02 00:00:00-05:00,109.88999938964844,113.75,109.38999938964844,112.16000366210938,77700,0.0,0.0
2023-02-03 00:00:00-05:00,110.70999908447266,115.08999633789062,110.30999755859375,114.2300033569336,48400,0.0,0.0
2023-02-06 00:00:00-05:00,113.02999877929688,115.25,112.63999938964844,113.12000274658203,87700,0.0,0.0
2023-02-07 00:00:00-05:00,112.41000366210938,113.05000305175781,110.56999969482422,112.97000122070312,84700,0.0,0.0
2023-02-08 00:00:00-05:00,113.05999755859375,114.02999877929688,110.19000244140625,111.70999908447266,82800,0.0,0.0
2023-02-09 00:00:00-05:00,111.16999816894531,113.51000213623047,108.38999938964844,109.3499984741211,80300,0.0,0.0
2023-02-10 00:00:00-05:00,109.80999755859375,111.87999725341797,109.08999633789062,111.20999908447266,61200,0.0,0.0
2023-02-13 00:00:00-05:00,111.72000122070312,114.37000274658203,110.5199966430664,113.94999694824219,74500,0.0,0.0
2023-02-14 00:00:00-05:00,113.30999755859375,114.3499984741211,111.4000015258789,111.54000091552734,84000,0.0,0.0
2023-02-15 00:00:00-05:00,110.30000305175781,112.9800033569336,110.01000213623047,112.4000015258789,35900,0.0,0.0
2023-02-16 00:00:00-05:00,111.55999755859375,113.47000122070312,110.73999786376953,112.0,42100,0.0,0.0
2023-02-17 00:00:00-05:00,112.66000366210938,119.69999694824219,111.5999984741211,117.93000030517578,133700,0.0,0.0
2023-02-21 00:00:00-05:00,117.8499984741211,119.31999969482422,116.30000305175781,117.20999908447266,92300,0.0,0.0
2023-02-22 00:00:00-05:00,117.16999816894531,118.51000213623047,112.56999969482422,114.87999725341797,102600,0.0,0.0
2023-02-23 00:00:00-05:00,115.20999908447266,119.83999633789062,115.0199966430664,116.30999755859375,102200,0.0,0.0
2023-02-24 00:00:00-05:00,115.83000183105469,117.51000213623047,113.30999755859375,116.98999786376953,67900,0.0,0.0
2023-02-27 00:00:00-05:00,119.98999786376953,120.83999633789062,116.80000305175781,117.76000213623047,93200,0.0,0.0
2023-02-28 00:00:00-05:00,117.44999694824219,119.4000015258789,116.7699966430664,117.72000122070312,136800,0.0,0.0
2023-03-01 00:00:00-05:00,116.5999984741211,118.58000183105469,116.5999984741211,117.95999908447266,64300,0.0,0.0
2023-03-02 00:00:00-05:00,118.01000213623047,119.7699966430664,116.36000061035156,119.30000305175781,82200,0.0,0.0
2023-03-03 00:00:00-05:00,118.80999755859375,123.38999938964844,117.95999908447266,122.94999694824219,93900,0.0,0.0
2023-03-06 00:00:00-05:00,122.62000274658203,122.8499984741211,103.63999938964844,108.02999877929688,209900,0.0,0.0
2023-03-07 00:00:00-05:00,108.0,115.81999969482422,106.52999877929688,114.80000305175781,161800,0.0,0.0
2023-03-08 00:00:00-05:00,116.08000183105469,122.54000091552734,114.75,119.7300033569336,99100,0.0,0.0
2023-03-09 00:00:00-05:00,119.73999786376953,120.4800033569336,112.69999694824219,114.30999755859375,112600,0.0,0.0
2023-03-10 00:00:00-05:00,113.41000366210938,114.51000213623047,109.66000366210938,111.16999816894531,108800,0.0,0.0
2023-03-13 00:00:00-04:00,109.11000061035156,113.83999633789062,108.38999938964844,110.70999908447266,63600,0.0,0.0
2023-03-14 00:00:00-04:00,113.0,116.66000366210938,111.25,115.37999725341797,66400,0.0,0.0
2023-03-15 00:00:00-04:00,112.48999786376953,115.62000274658203,111.19999694824219,114.36000061035156,98300,0.0,0.0
2023-03-16 00:00:00-04:00,112.3499984741211,114.26000213623047,110.33999633789062,113.52999877929688,76000,0.0,0.0
2023-03-17 00:00:00-04:00,112.5999984741211,113.2300033569336,110.68000030517578,111.22000122070312,128900,0.0,0.0
2023-03-20 00:00:00-04:00,111.5999984741211,116.26000213623047,111.26000213623047,115.66999816894531,67000,0.0,0.0
2023-03-21 00:00:00-04:00,119.38999938964844,122.0,118.4800033569336,121.22000122070312,96300,0.0,0.0
2023-03-22 00:00:00-04:00,121.22000122070312,124.69999694824219,119.33000183105469,121.8499984741211,78200,0.0,0.0
2023-03-23 00:00:00-04:00,121.87999725341797,124.7699966430664,120.81999969482422,124.25,85300,0.0,0.0
2023-03-24 00:00:00-04:00,123.80999755859375,127.7300033569336,122.62000274658203,127.05000305175781,41100,0.0,0.0
2023-03-27 00:00:00-04:00,128.2100067138672,131.8000030517578,128.2100067138672,129.47999572753906,86300,0.0,0.0
2023-03-28 00:00:00-04:00,129.58999633789062,130.97999572753906,122.80000305175781,129.30999755859375,95400,0.0,0.0
2023-03-29 00:00:00-04:00,130.02999877929688,131.36000061035156,127.0999984741211,129.47999572753906,78600,0.0,0.0
2023-03-30 00:00:00-04:00,130.3000030517578,131.5,127.6500015258789,130.02000427246094,64000,0.0,0.0
2023-03-31 00:00:00-04:00,130.82000732421875,131.8000030517578,128.42999267578125,129.83999633789062,68600,0.0,0.0
2023-04-03 00:00:00-04:00,130.22000122070312,131.66000366210938,125.73999786376953,127.66000366210938,81900,0.0,0.0
2023-04-04 00:00:00-04:00,128.66000366210938,128.77000427246094,126.47000122070312,127.45999908447266,65100,0.0,0.0
2023-04-05 00:00:00-04:00,127.0199966430664,128.82000732421875,124.5999984741211,125.68000030517578,89300,0.0,0.0
2023-04-06 00:00:00-04:00,125.55000305175781,126.87000274658203,123.68000030517578,125.83000183105469,48500,0.0,0.0
2023-04-10 00:00:00-04:00,126.0,128.47999572753906,125.52999877929688,128.24000549316406,34500,0.0,0.0
2023-04-11 00:00:00-04:00,128.3300018310547,130.17999267578125,127.83000183105469,128.19000244140625,62200,0.0,0.0
2023-04-12 00:00:00-04:00,128.58999633789062,130.5500030517578,128.11000061035156,128.99000549316406,41700,0.0,0.0
2023-04-13 00:00:00-04:00,129.6300048828125,133.63999938964844,128.72999572753906,133.3300018310547,57900,0.0,0.0
2023-04-14 00:00:00-04:00,133.69000244140625,133.69000244140625,130.72000122070312,133.1999969482422,34900,0.0,0.0
2023-04-17 00:00:00-04:00,137.07000732421875,141.25999450683594,136.52999877929688,136.97999572753906,70600,0.0,0.0
2023-04-18 00:00:00-04:00,138.30999755859375,138.8000030517578,134.9600067138672,136.8699951171875,93700,0.0,0.0
2023-04-19 00:00:00-04:00,137.0,140.69000244140625,136.6199951171875,139.47000122070312,88500,0.0,0.0
2023-04-20 00:00:00-04:00,139.25,139.25,136.00999450683594,136.6999969482422,95400,0.0,0.0
2023-04-21 00:00:00-04:00,136.6999969482422,141.64999389648438,136.16000366210938,141.10000610351562,55800,0.0,0.0
2023-04-24 00:00:00-04:00,141.42999267578125,143.88999938964844,139.25,141.64999389648438,86300,0.0,0.0
2023-04-25 00:00:00-04:00,140.97000122070312,141.08999633789062,137.49000549316406,137.49000549316406,37800,0.0,0.0
2023-04-26 00:00:00-04:00,136.39999389648438,139.9199981689453,135.32000732421875,136.5,69900,0.0,0.0
2023-04-27 00:00:00-04:00,137.44000244140625,139.1699981689453,135.39999389648438,136.7100067138672,35500,0.0,0.0
2023-04-28 00:00:00-04:00,135.64999389648438,140.88999938964844,135.64999389648438,137.83999633789062,54900,0.0,0.0
2023-05-01 00:00:00-04:00,137.6300048828125,142.13999938964844,137.11000061035156,139.1300048828125,45400,0.0,0.0
2023-05-02 00:00:00-04:00,147.3000030517578,149.99000549316406,136.24000549316406,143.6999969482422,134400,0.0,0.0
2023-05-03 00:00:00-04:00,145.44000244140625,151.5,145.44000244140625,147.24000549316406,91100,0.0,0.0
2023-05-04 00:00:00-04:00,147.1699981689453,148.02000427246094,140.10000610351562,141.50999450683594,98400,0.0,0.0
2023-05-05 00:00:00-04:00,141.10000610351562,143.0500030517578,140.4600067138672,141.89999389648438,68400,0.0,0.0
2023-05-08 00:00:00-04:00,141.89999389648438,143.08999633789062,139.1699981689453,142.49000549316406,81100,0.0,0.0
2023-05-09 00:00:00-04:00,142.47999572753906,144.05999755859375,141.35000610351562,143.9199981689453,57600,0.0,0.0
2023-05-10 00:00:00-04:00,145.80999755859375,151.4199981689453,145.50999450683594,149.02000427246094,120100,0.0,0.0
2023-05-11 00:00:00-04:00,148.3300018310547,148.57000732421875,144.36000061035156,146.69000244140625,43500,0.0,0.0
2023-05-12 00:00:00-04:00,148.02000427246094,149.99000549316406,147.32000732421875,148.3300018310547,43200,0.0,0.0
2023-05-15 00:00:00-04:00,148.4499969482422,151.11000061035156,148.4499969482422,149.9499969482422,32100,0.0,0.0
2023-05-16 00:00:00-04:00,148.82000732421875,152.52000427246094,148.82000732421875,149.72999572753906,52000,0.0,0.0
2023-05-17 00:00:00-04:00,150.25999450683594,150.25999450683594,144.8000030517578,147.63999938964844,125200,0.0,0.0
2023-05-18 00:00:00-04:00,148.1999969482422,152.72999572753906,148.1999969482422,152.25999450683594,58200,0.0,0.0
2023-05-19 00:00:00-04:00,154.0,154.19000244140625,151.19000244140625,152.75,34000,0.0,0.0
2023-05-22 00:00:00-04:00,153.44000244140625,155.52000427246094,153.00999450683594,155.0,38000,0.0,0.0
2023-05-23 00:00:00-04:00,155.27000427246094,157.9600067138672,152.3000030517578,153.75999450683594,65200,0.0,0.0
2023-05-24 00:00:00-04:00,153.1300048828125,156.10000610351562,149.25999450683594,153.41000366210938,57100,0.0,0.0
2023-05-25 00:00:00-04:00,152.88999938964844,154.97999572753906,150.11000061035156,151.6300048828125,54000,0.0,0.0
2023-05-26 00:00:00-04:00,151.3800048828125,155.64999389648438,151.3800048828125,155.25,50900,0.0,0.0
2023-05-30 00:00:00-04:00,157.6999969482422,158.14999389648438,153.27000427246094,155.47999572753906,45400,0.0,0.0
2023-05-31 00:00:00-04:00,155.25,156.0,152.52000427246094,154.6300048828125,93000,0.0,0.0
2023-06-01 00:00:00-04:00,155.41000366210938,158.6199951171875,154.60000610351562,158.4600067138672,63700,0.0,0.0
2023-06-02 00:00:00-04:00,159.3699951171875,160.4600067138672,156.9199981689453,159.86000061035156,92500,0.0,0.0
2023-06-05 00:00:00-04:00,166.72000122070312,167.85000610351562,159.69000244140625,161.47000122070312,187600,0.0,0.0
2023-06-06 00:00:00-04:00,161.75,165.89999389648438,160.97000122070312,162.89999389648438,144600,0.0,0.0
2023-06-07 00:00:00-04:00,162.99000549316406,168.97000122070312,162.99000549316406,167.97999572753906,126800,0.0,0.0
2023-06-08 00:00:00-04:00,167.97999572753906,171.44000244140625,165.42999267578125,168.3300018310547,105400,0.0,0.0
2023-06-09 00:00:00-04:00,167.86000061035156,171.35000610351562,166.1999969482422,167.30999755859375,111800,0.0,0.0
2023-06-12 00:00:00-04:00,168.27000427246094,173.52000427246094,168.27000427246094,172.72999572753906,160100,0.0,0.0
2023-06-13 00:00:00-04:00,173.24000549316406,177.89999389648438,171.7899932861328,177.61000061035156,151700,0.0,0.0
2023-06-14 00:00:00-04:00,177.1300048828125,183.55999755859375,177.1300048828125,183.24000549316406,202200,0.0,0.0
2023-06-15 00:00:00-04:00,183.08999633789062,187.6999969482422,180.63999938964844,182.02999877929688,220100,0.0,0.0
2023-06-16 00:00:00-04:00,183.88999938964844,187.8300018310547,178.60000610351562,186.02000427246094,1588000,0.0,0.0
2023-06-20 00:00:00-04:00,185.52000427246094,194.99000549316406,185.3800048828125,194.0800018310547,265400,0.0,0.0
2023-06-21 00:00:00-04:00,194.0800018310547,196.02999877929688,190.77999877929688,192.91000366210938,160100,0.0,0.0
2023-06-22 00:00:00-04:00,192.1999969482422,196.30999755859375,190.14999389648438,194.7100067138672,163800,0.0,0.0
2023-06-23 00:00:00-04:00,193.0,193.82000732421875,189.1300048828125,191.14999389648438,209000,0.0,0.0
2023-06-26 00:00:00-04:00,191.14999389648438,193.72999572753906,187.75999450683594,188.72999572753906,111700,0.0,0.0
2023-06-27 00:00:00-04:00,189.75999450683594,193.80999755859375,189.75999450683594,191.5800018310547,97300,0.0,0.0
2023-06-28 00:00:00-04:00,191.9199981689453,197.22999572753906,191.9199981689453,194.4499969482422,73900,0.0,0.0
2023-06-29 00:00:00-04:00,193.82000732421875,195.89999389648438,192.2100067138672,192.8699951171875,103400,0.0,0.0
2023-06-30 00:00:00-04:00,195.02999877929688,195.25,192.75,193.85000610351562,88200,0.0,0.0
2023-07-03 00:00:00-04:00,194.47999572753906,197.52000427246094,193.25,196.38999938964844,49700,0.0,0.0
2023-07-05 00:00:00-04:00,194.77000427246094,195.22999572753906,189.58999633789062,191.0,129200,0.0,0.0
2023-07-06 00:00:00-04:00,189.97000122070312,189.97000122070312,185.10000610351562,188.50999450683594,66400,0.0,0.0
2023-07-07 00:00:00-04:00,188.97999572753906,190.16000366210938,183.58999633789062,184.07000732421875,91600,0.0,0.0
2023-07-10 00:00:00-04:00,184.58999633789062,185.9199981689453,180.33999633789062,182.61000061035156,131200,0.0,0.0
2023-07-11 00:00:00-04:00,181.97999572753906,184.1199951171875,177.5500030517578,178.88999938964844,115500,0.0,0.0
2023-07-12 00:00:00-04:00,179.24000549316406,181.5800018310547,178.3300018310547,178.94000244140625,70600,0.0,0.0
2023-07-13 00:00:00-04:00,179.3699951171875,184.0399932861328,177.52000427246094,183.47999572753906,101600,0.0,0.0
2023-07-14 00:00:00-04:00,183.8300018310547,188.13999938964844,183.36000061035156,186.85000610351562,110800,0.0,0.0
2023-07-17 00:00:00-04:00,187.10000610351562,195.74000549316406,187.10000610351562,195.14999389648438,94800,0.0,0.0
2023-07-18 00:00:00-04:00,196.42999267578125,203.27000427246094,196.0800018310547,203.2100067138672,75900,0.0,0.0
2023-07-19 00:00:00-04:00,203.55999755859375,205.0800018310547,197.66000366210938,202.25,94400,0.0,0.0
2023-07-20 00:00:00-04:00,202.1300048828125,202.25,187.6300048828125,193.3800048828125,109100,0.0,0.0
2023-07-21 00:00:00-04:00,193.57000732421875,195.85000610351562,191.02000427246094,193.5800018310547,77000,0.0,0.0
2023-07-24 00:00:00-04:00,193.5800018310547,197.3000030517578,191.4499969482422,195.92999267578125,50100,0.0,0.0
2023-07-25 00:00:00-04:00,195.92999267578125,198.8800048828125,194.74000549316406,195.8000030517578,61400,0.0,0.0
2023-07-26 00:00:00-04:00,191.86000061035156,192.13999938964844,185.8300018310547,187.8300018310547,99000,0.0,0.0
2023-07-27 00:00:00-04:00,190.3300018310547,191.11000061035156,187.38999938964844,191.08999633789062,56800,0.0,0.0
2023-07-28 00:00:00-04:00,192.74000549316406,194.17999267578125,190.58999633789062,191.27000427246094,41600,0.0,0.0
2023-07-31 00:00:00-04:00,191.58999633789062,195.35000610351562,191.58999633789062,194.6699981689453,51800,0.0,0.0
2023-08-01 00:00:00-04:00,195.5399932861328,196.41000366210938,189.25999450683594,191.39999389648438,91600,0.0,0.0
2023-08-02 00:00:00-04:00,189.0,191.10000610351562,181.11000061035156,183.97000122070312,103200,0.0,0.0
2023-08-03 00:00:00-04:00,183.33999633789062,188.1699981689453,181.10000610351562,186.52000427246094,62300,0.0,0.0
2023-08-04 00:00:00-04:00,187.1699981689453,187.2100067138672,181.58999633789062,182.39999389648438,76700,0.0,0.0
2023-08-07 00:00:00-04:00,182.5,183.85000610351562,179.49000549316406,180.92999267578125,54200,0.0,0.0
2023-08-08 00:00:00-04:00,180.1699981689453,184.10000610351562,179.6699981689453,182.27999877929688,45000,0.0,0.0
2023-08-09 00:00:00-04:00,182.92999267578125,182.92999267578125,175.92999267578125,177.1199951171875,79100,0.0,0.0
2023-08-10 00:00:00-04:00,177.0399932861328,180.22000122070312,174.44000244140625,175.0,38700,0.0,0.0
2023-08-11 00:00:00-04:00,173.97999572753906,176.0,170.50999450683594,174.72999572753906,38500,0.0,0.0
2023-08-14 00:00:00-04:00,174.6999969482422,175.8000030517578,167.58999633789062,169.1699981689453,75700,0.0,0.0
2023-08-15 00:00:00-04:00,167.57000732421875,170.0,164.27999877929688,167.58999633789062,81600,0.0,0.0
2023-08-16 00:00:00-04:00,167.5800018310547,167.5800018310547,162.55999755859375,162.64999389648438,55100,0.0,0.0
2023-08-17 00:00:00-04:00,161.97999572753906,161.99000549316406,155.9499969482422,156.77000427246094,80700,0.0,0.0
2023-08-18 00:00:00-04:00,155.3000030517578,162.52000427246094,154.02999877929688,162.25,57300,0.0,0.0
2023-08-21 00:00:00-04:00,162.88999938964844,166.25,162.88999938964844,165.0,55600,0.0,0.0
2023-08-22 00:00:00-04:00,165.30999755859375,170.0800018310547,164.77000427246094,167.52999877929688,40600,0.0,0.0
2023-08-23 00:00:00-04:00,168.27000427246094,173.41000366210938,167.5,171.1699981689453,54700,0.0,0.0
2023-08-24 00:00:00-04:00,171.99000549316406,174.6999969482422,166.1199951171875,167.07000732421875,52900,0.0,0.0
2023-08-25 00:00:00-04:00,167.6699981689453,171.5399932861328,164.42999267578125,169.92999267578125,50300,0.0,0.0
2023-08-28 00:00:00-04:00,170.1999969482422,173.47999572753906,170.1999969482422,172.52999877929688,94800,0.0,0.0
2023-08-29 00:00:00-04:00,172.52999877929688,177.7899932861328,172.25,176.92999267578125,69800,0.0,0.0
2023-08-30 00:00:00-04:00,176.69000244140625,178.72999572753906,172.6199951171875,173.52999877929688,80200,0.0,0.0
2023-08-31 00:00:00-04:00,173.77999877929688,176.60000610351562,173.77999877929688,175.7100067138672,76100,0.0,0.0
2023-09-01 00:00:00-04:00,176.52999877929688,176.52999877929688,170.00999450683594,175.39999389648438,64900,0.0,0.0
2023-09-05 00:00:00-04:00,173.41000366210938,173.41000366210938,168.2100067138672,171.05999755859375,83000,0.0,0.0
2023-09-06 00:00:00-04:00,171.13999938964844,172.50999450683594,169.94000244140625,171.14999389648438,63600,0.0,0.0
2023-09-07 00:00:00-04:00,169.72000122070312,170.3000030517578,164.64999389648438,166.77000427246094,69300,0.0,0.0
2023-09-08 00:00:00-04:00,166.97000122070312,166.97000122070312,160.49000549316406,161.02000427246094,44100,0.0,0.0
2023-09-11 00:00:00-04:00,162.3300018310547,163.0399932861328,160.8000030517578,162.5,49200,0.0,0.0
2023-09-12 00:00:00-04:00,161.1199951171875,163.16000366210938,158.6999969482422,159.3300018310547,45400,0.0,0.0
2023-09-13 00:00:00-04:00,158.42999267578125,159.66000366210938,152.33999633789062,155.4499969482422,132300,0.0,0.0
2023-09-14 00:00:00-04:00,156.02999877929688,163.02000427246094,155.75999450683594,162.61000061035156,52900,0.0,0.0
2023-09-15 00:00:00-04:00,162.82000732421875,163.7899932861328,160.3699951171875,163.4499969482422,168900,0.0,0.0
2023-09-18 00:00:00-04:00,162.32000732421875,163.02000427246094,159.72999572753906,160.11000061035156,35500,0.0,0.0
2023-09-19 00:00:00-04:00,158.64999389648438,159.8699951171875,156.6999969482422,159.5,27500,0.0,0.0
2023-09-20 00:00:00-04:00,160.02999877929688,162.25999450683594,158.30999755859375,160.72000122070312,117100,0.0,0.0
2023-09-21 00:00:00-04:00,158.63999938964844,159.57000732421875,154.3000030517578,156.3300018310547,63900,0.0,0.0
2023-09-22 00:00:00-04:00,154.7100067138672,158.24000549316406,154.24000549316406,156.91000366210938,35300,0.0,0.0
2023-09-25 00:00:00-04:00,156.33999633789062,157.50999450683594,151.33999633789062,152.75999450683594,65800,0.0,0.0
2023-09-26 00:00:00-04:00,151.3000030517578,155.27000427246094,151.08999633789062,154.6699981689453,38600,0.0,0.0
2023-09-27 00:00:00-04:00,155.30999755859375,159.49000549316406,152.00999450683594,157.75,40900,0.0,0.0
2023-09-28 00:00:00-04:00,156.57000732421875,163.13999938964844,156.57000732421875,158.22000122070312,59500,0.0,0.0
2023-09-29 00:00:00-04:00,159.0,161.64999389648438,157.27999877929688,161.4499969482422,127100,0.0,0.0
2023-10-02 00:00:00-04:00,160.3699951171875,161.52999877929688,157.35000610351562,159.97999572753906,67200,0.0,0.0
2023-10-03 00:00:00-04:00,159.74000549316406,159.9499969482422,155.1999969482422,158.66000366210938,57200,0.0,0.0
2023-10-04 00:00:00-04:00,158.99000549316406,166.13999938964844,158.8300018310547,166.11000061035156,68400,0.0,0.0
2023-10-05 00:00:00-04:00,165.3000030517578,171.49000549316406,165.3000030517578,166.0399932861328,81600,0.0,0.0
2023-10-06 00:00:00-04:00,164.5,168.92999267578125,164.32000732421875,167.89999389648438,60900,0.0,0.0
2023-10-09 00:00:00-04:00,165.99000549316406,168.52999877929688,164.08999633789062,165.83999633789062,24700,0.0,0.0
2023-10-10 00:00:00-04:00,166.2899932861328,169.6999969482422,166.1999969482422,166.1999969482422,34300,0.0,0.0
2023-10-11 00:00:00-04:00,166.1999969482422,166.1999969482422,159.5399932861328,161.0,44500,0.0,0.0
2023-10-12 00:00:00-04:00,160.47999572753906,160.47999572753906,153.05999755859375,153.55999755859375,59300,0.0,0.0
2023-10-13 00:00:00-04:00,154.22000122070312,154.60000610351562,150.0,152.99000549316406,51400,0.0,0.0
2023-10-16 00:00:00-04:00,153.1199951171875,158.00999450683594,152.3000030517578,155.8300018310547,33700,0.0,0.0
2023-10-17 00:00:00-04:00,154.50999450683594,162.0,154.50999450683594,157.5500030517578,38300,0.0,0.0
2023-10-18 00:00:00-04:00,155.9199981689453,157.4199981689453,151.02000427246094,152.10000610351562,47000,0.0,0.0
2023-10-19 00:00:00-04:00,152.13999938964844,157.4199981689453,149.5399932861328,149.75999450683594,41200,0.0,0.0
2023-10-20 00:00:00-04:00,145.0,155.33999633789062,142.69000244140625,152.99000549316406,139900,0.0,0.0
2023-10-23 00:00:00-04:00,152.0,156.2899932861328,152.0,154.05999755859375,75200,0.0,0.0
2023-10-24 00:00:00-04:00,154.86000061035156,156.5399932861328,153.8800048828125,155.94000244140625,29200,0.0,0.0
2023-10-25 00:00:00-04:00,153.9499969482422,155.02000427246094,149.08999633789062,150.72999572753906,40600,0.0,0.0
2023-10-26 00:00:00-04:00,151.72000122070312,155.82000732421875,149.85000610351562,150.8800048828125,40600,0.0,0.0
2023-10-27 00:00:00-04:00,151.7100067138672,152.82000732421875,149.2100067138672,152.57000732421875,52200,0.0,0.0
2023-10-30 00:00:00-04:00,153.4499969482422,153.5,149.63999938964844,152.3300018310547,19000,0.0,0.0
2023-10-31 00:00:00-04:00,150.94000244140625,157.0,150.94000244140625,155.9199981689453,42100,0.0,0.0
2023-11-01 00:00:00-04:00,153.75999450683594,156.1699981689453,127.29000091552734,136.6699981689453,186900,0.0,0.0
2023-11-02 00:00:00-04:00,138.10000610351562,139.44000244140625,131.8800048828125,137.89999389648438,69800,0.0,0.0
2023-11-03 00:00:00-04:00,140.3800048828125,145.25,140.0,143.1699981689453,44900,0.0,0.0
2023-11-06 00:00:00-05:00,141.67999267578125,143.63999938964844,140.5800018310547,143.50999450683594,38400,0.0,0.0
2023-11-07 00:00:00-05:00,142.33999633789062,143.57000732421875,140.4600067138672,141.47999572753906,27100,0.0,0.0
2023-11-08 00:00:00-05:00,140.7100067138672,141.19000244140625,136.22000122070312,139.75,44900,0.0,0.0
2023-11-09 00:00:00-05:00,138.9600067138672,139.47000122070312,133.99000549316406,136.63999938964844,59300,0.0,0.0
2023-11-10 00:00:00-05:00,139.00999450683594,144.0,137.27999877929688,142.6999969482422,34500,0.0,0.0
2023-11-13 00:00:00-05:00,141.10000610351562,144.49000549316406,140.52000427246094,142.52999877929688,32900,0.0,0.0
2023-11-14 00:00:00-05:00,147.1300048828125,155.0800018310547,147.1300048828125,152.82000732421875,50100,0.0,0.0
2023-11-15 00:00:00-05:00,151.77999877929688,156.0,151.3800048828125,153.02000427246094,34100,0.0,0.0
2023-11-16 00:00:00-05:00,153.47000122070312,158.24000549316406,153.47000122070312,157.13999938964844,52100,0.0,0.0
2023-11-17 00:00:00-05:00,158.44000244140625,163.4199981689453,158.02999877929688,161.47999572753906,57100,0.0,0.0
2023-11-20 00:00:00-05:00,160.5800018310547,168.7100067138672,159.75999450683594,168.22000122070312,77500,0.0,0.0
2023-11-21 00:00:00-05:00,165.82000732421875,175.60000610351562,165.82000732421875,172.83999633789062,104000,0.0,0.0
2023-11-22 00:00:00-05:00,173.57000732421875,174.77999877929688,170.92999267578125,171.8699951171875,82800,0.0,0.0
2023-11-24 00:00:00-05:00,170.22000122070312,173.5,169.7100067138672,172.80999755859375,45300,0.0,0.0
2023-11-27 00:00:00-05:00,171.4499969482422,172.1199951171875,165.0,169.3699951171875,61400,0.0,0.0
2023-11-28 00:00:00-05:00,167.80999755859375,169.0399932861328,164.74000549316406,165.4600067138672,52600,0.0,0.0
2023-11-29 00:00:00-05:00,167.5,173.16000366210938,167.39999389648438,171.8699951171875,68600,0.0,0.0
2023-11-30 00:00:00-05:00,171.8699951171875,173.0,165.52999877929688,166.4600067138672,158400,0.0,0.0
2023-12-01 00:00:00-05:00,167.49000549316406,170.82000732421875,165.11000061035156,166.6699981689453,84700,0.0,0.0
2023-12-04 00:00:00-05:00,165.32000732421875,170.49000549316406,165.1199951171875,170.49000549316406,64500,0.0,0.0
2023-12-05 00:00:00-05:00,169.17999267578125,170.58999633789062,166.36000061035156,168.9499969482422,51000,0.0,0.0
2023-12-06 00:00:00-05:00,170.1999969482422,179.6300048828125,169.02000427246094,174.39999389648438,83700,0.0,0.0
2023-12-07 00:00:00-05:00,174.0,175.8000030517578,170.1999969482422,172.77999877929688,64800,0.0,0.0
2023-12-08 00:00:00-05:00,174.39999389648438,177.91000366210938,171.75,177.0800018310547,40900,0.0,0.0
2023-12-11 00:00:00-05:00,177.0,178.66000366210938,171.1199951171875,172.97999572753906,61000,0.0,0.0
2023-12-12 00:00:00-05:00,173.89999389648438,175.61000061035156,169.88999938964844,175.4499969482422,41600,0.0,0.0
2023-12-13 00:00:00-05:00,175.4499969482422,181.6300048828125,173.60000610351562,180.7899932861328,55100,0.0,0.0
2023-12-14 00:00:00-05:00,182.88999938964844,185.39999389648438,177.8699951171875,178.25999450683594,97100,0.0,0.0
2023-12-15 00:00:00-05:00,179.8800048828125,181.99000549316406,175.55999755859375,178.3000030517578,135500,0.0,0.0
2023-12-18 00:00:00-05:00,177.9199981689453,181.27999877929688,176.00999450683594,176.80999755859375,73600,0.0,0.0
2023-12-19 00:00:00-05:00,176.33999633789062,183.07000732421875,176.33999633789062,179.5500030517578,67000,0.0,0.0
2023-12-20 00:00:00-05:00,179.5500030517578,182.36000061035156,171.0500030517578,171.25,100500,0.0,0.0
2023-12-21 00:00:00-05:00,173.50999450683594,176.1199951171875,171.8000030517578,172.64999389648438,80300,0.0,0.0
2023-12-22 00:00:00-05:00,171.07000732421875,177.47999572753906,170.25,176.60000610351562,44500,0.0,0.0
2023-12-26 00:00:00-05:00,177.67999267578125,180.25,176.4199981689453,178.0500030517578,39500,0.0,0.0
2023-12-27 00:00:00-05:00,178.22000122070312,178.86000061035156,174.7100067138672,177.10000610351562,51400,0.0,0.0
2023-12-28 00:00:00-05:00,176.83999633789062,177.89999389648438,174.5,175.86000061035156,37800,0.0,0.0
2023-12-29 00:00:00-05:00,175.86000061035156,175.86000061035156,171.67999267578125,172.0399932861328,41100,0.0,0.0
2024-01-02 00:00:00-05:00,170.22000122070312,171.0,163.38999938964844,165.85000610351562,68100,0.0,0.0
2024-01-03 00:00:00-05:00,164.92999267578125,164.92999267578125,158.00999450683594,160.47999572753906,64300,0.0,0.0
2024-01-04 00:00:00-05:00,161.5500030517578,164.3300018310547,159.6999969482422,162.67999267578125,53300,0.0,0.0
2024-01-05 00:00:00-05:00,161.17999267578125,163.0800018310547,159.19000244140625,159.3699951171875,57600,0.0,0.0
2024-01-08 00:00:00-05:00,159.97000122070312,163.77999877929688,159.3000030517578,162.5500030517578,55900,0.0,0.0
2024-01-09 00:00:00-05:00,160.19000244140625,164.47000122070312,158.02999877929688,163.4600067138672,39400,0.0,0.0
2024-01-10 00:00:00-05:00,163.05999755859375,175.1199951171875,163.05999755859375,175.0399932861328,82800,0.0,0.0
2024-01-11 00:00:00-05:00,175.50999450683594,178.77000427246094,171.8800048828125,174.67999267578125,77100,0.0,0.0
2024-01-12 00:00:00-05:00,174.44000244140625,176.10000610351562,166.8300018310547,167.2100067138672,42100,0.0,0.0
2024-01-16 00:00:00-05:00,165.27000427246094,170.9499969482422,162.5800018310547,167.6300048828125,50500,0.0,0.0
2024-01-17 00:00:00-05:00,164.8000030517578,167.3300018310547,161.57000732421875,162.13999938964844,92900,0.0,0.0
2024-01-18 00:00:00-05:00,164.35000610351562,164.91000366210938,159.88999938964844,160.6999969482422,72700,0.0,0.0
2024-01-19 00:00:00-05:00,161.85000610351562,161.85000610351562,153.5800018310547,159.25,88200,0.0,0.0
2024-01-22 00:00:00-05:00,161.16000366210938,165.02999877929688,159.80999755859375,162.92999267578125,59600,0.0,0.0
2024-01-23 00:00:00-05:00,164.72000122070312,164.72000122070312,152.42999267578125,155.66000366210938,59200,0.0,0.0
2024-01-24 00:00:00-05:00,157.0800018310547,161.9199981689453,157.0800018310547,161.00999450683594,53400,0.0,0.0
2024-01-25 00:00:00-05:00,161.25999450683594,164.33999633789062,158.74000549316406,164.0399932861328,50200,0.0,0.0
2024-01-26 00:00:00-05:00,165.74000549316406,167.00999450683594,164.44000244140625,166.72999572753906,40800,0.0,0.0
2024-01-29 00:00:00-05:00,167.1999969482422,174.27000427246094,165.1699981689453,172.25999450683594,61100,0.0,0.0
2024-01-30 00:00:00-05:00,171.7899932861328,173.77999877929688,168.58999633789062,171.99000549316406,38900,0.0,0.0
2024-01-31 00:00:00-05:00,171.82000732421875,174.00999450683594,168.50999450683594,168.50999450683594,60000,0.0,0.0
2024-02-01 00:00:00-05:00,168.92999267578125,177.99000549316406,167.50999450683594,177.58999633789062,45300,0.0,0.0
2024-02-02 00:00:00-05:00,175.0399932861328,176.64999389648438,171.85000610351562,175.8800048828125,33900,0.0,0.0
2024-02-05 00:00:00-05:00,177.13999938964844,182.6699981689453,174.6199951171875,178.69000244140625,54600,0.0,0.0
2024-02-06 00:00:00-05:00,176.6999969482422,176.6999969482422,171.1300048828125,171.39999389648438,37300,0.0,0.0
2024-02-07 00:00:00-05:00,170.22000122070312,176.82000732421875,168.8000030517578,170.66000366210938,49700,0.0,0.0
2024-02-08 00:00:00-05:00,170.66000366210938,173.57000732421875,168.8800048828125,172.7899932861328,44400,0.0,0.0
2024-02-09 00:00:00-05:00,173.0,175.33999633789062,171.11000061035156,174.72000122070312,25900,0.0,0.0
2024-02-12 00:00:00-05:00,174.64999389648438,177.89999389648438,173.1199951171875,176.77999877929688,47900,0.0,0.0
2024-02-13 00:00:00-05:00,170.5,175.50999450683594,167.7100067138672,172.6300048828125,66600,0.0,0.0
2024-02-14 00:00:00-05:00,175.8300018310547,185.92999267578125,173.89999389648438,185.17999267578125,61800,0.0,0.0
2024-02-15 00:00:00-05:00,185.5800018310547,198.94000244140625,185.5800018310547,198.0,81800,0.0,0.0
2024-02-16 00:00:00-05:00,197.47999572753906,200.0,190.8300018310547,193.27999877929688,51100,0.0,0.0
2024-02-20 00:00:00-05:00,190.6699981689453,194.58999633789062,186.2100067138672,193.80999755859375,53300,0.0,0.0
2024-02-21 00:00:00-05:00,192.25999450683594,210.9499969482422,189.42999267578125,210.19000244140625,98900,0.0,0.0
2024-02-22 00:00:00-05:00,213.3800048828125,220.82000732421875,212.61000061035156,214.08999633789062,89300,0.0,0.0
2024-02-23 00:00:00-05:00,213.0,213.42999267578125,205.3000030517578,210.5800018310547,116600,0.0,0.0
2024-02-26 00:00:00-05:00,208.0,217.10000610351562,204.88999938964844,215.6199951171875,46300,0.0,0.0
2024-02-27 00:00:00-05:00,215.6999969482422,216.80999755859375,201.14999389648438,205.92999267578125,63000,0.0,0.0
2024-02-28 00:00:00-05:00,202.7899932861328,208.32000732421875,202.1999969482422,208.25999450683594,43900,0.0,0.0
2024-02-29 00:00:00-05:00,212.7899932861328,213.92999267578125,206.05999755859375,208.30999755859375,73700,0.0,0.0
2024-03-01 00:00:00-05:00,208.92999267578125,217.86000061035156,206.57000732421875,216.8000030517578,48000,0.0,0.0
2024-03-04 00:00:00-05:00,217.94000244140625,221.02000427246094,212.47000122070312,215.82000732421875,41700,0.0,0.0
2024-03-05 00:00:00-05:00,216.0,217.24000549316406,203.0500030517578,204.2899932861328,50200,0.0,0.0
2024-03-06 00:00:00-05:00,209.77999877929688,209.77999877929688,204.6999969482422,207.25999450683594,54600,0.0,0.0
2024-03-07 00:00:00-05:00,210.36000061035156,211.32000732421875,205.5,206.47999572753906,56400,0.0,0.0
2024-03-08 00:00:00-05:00,208.07000732421875,210.69000244140625,199.9499969482422,199.9499969482422,80900,0.0,0.0
2024-03-11 00:00:00-04:00,196.94000244140625,200.8800048828125,192.00999450683594,193.3699951171875,115800,0.0,0.0
2024-03-12 00:00:00-04:00,193.11000061035156,196.05999755859375,193.11000061035156,195.25999450683594,43000,0.0,0.0
2024-03-13 00:00:00-04:00,193.83999633789062,198.11000061035156,193.25999450683594,195.57000732421875,41600,0.0,0.0
2024-03-14 00:00:00-04:00,193.91000366210938,195.8300018310547,189.89999389648438,192.0399932861328,39000,0.0,0.0
2024-03-15 00:00:00-04:00,189.58999633789062,193.44000244140625,189.58999633789062,193.39999389648438,70900,0.0,0.0
2024-03-18 00:00:00-04:00,192.44000244140625,195.4199981689453,188.5,193.8699951171875,89200,0.0,0.0
2024-03-19 00:00:00-04:00,193.6999969482422,214.57000732421875,193.6999969482422,214.38999938964844,69600,0.0,0.0
2024-03-20 00:00:00-04:00,215.86000061035156,228.88999938964844,214.38999938964844,225.9600067138672,89800,0.0,0.0
2024-03-21 00:00:00-04:00,230.42999267578125,239.5399932861328,224.27000427246094,237.41000366210938,98200,0.0,0.0
2024-03-22 00:00:00-04:00,241.3000030517578,244.6300048828125,233.72000122070312,244.60000610351562,97500,0.0,0.0
2024-03-25 00:00:00-04:00,245.0,246.52000427246094,233.88999938964844,236.08999633789062,93200,0.0,0.0
2024-03-26 00:00:00-04:00,238.89999389648438,241.6199951171875,235.4600067138672,240.6199951171875,114000,0.0,0.0
2024-03-27 00:00:00-04:00,243.50999450683594,257.2900085449219,243.11000061035156,252.14999389648438,72300,0.0,0.0
2024-03-28 00:00:00-04:00,252.4499969482422,255.99000549316406,249.74000549316406,252.1999969482422,144500,0.0,0.0
2024-04-01 00:00:00-04:00,254.77999877929688,255.5,248.25,250.8300018310547,61700,0.0,0.0
2024-04-02 00:00:00-04:00,246.32000732421875,250.66000366210938,244.1999969482422,247.58999633789062,73300,0.0,0.0
2024-04-03 00:00:00-04:00,247.1300048828125,252.92999267578125,244.0800018310547,248.24000549316406,56400,0.0,0.0
2024-04-04 00:00:00-04:00,250.0500030517578,255.13999938964844,245.24000549316406,250.1999969482422,82000,0.0,0.0
2024-04-05 00:00:00-04:00,248.89999389648438,254.6699981689453,248.89999389648438,251.35000610351562,55700,0.0,0.0
2024-04-08 00:00:00-04:00,254.66000366210938,255.27999877929688,250.8800048828125,253.27000427246094,40600,0.0,0.0
2024-04-09 00:00:00-04:00,254.19000244140625,255.57000732421875,239.80999755859375,248.85000610351562,74500,0.0,0.0
2024-04-10 00:00:00-04:00,241.0500030517578,245.4499969482422,235.1300048828125,236.92999267578125,47200,0.0,0.0
2024-04-11 00:00:00-04:00,236.9199981689453,240.55999755859375,226.83999633789062,227.86000061035156,72300,0.0,0.0
2024-04-12 00:00:00-04:00,225.2899932861328,230.07000732421875,220.55999755859375,228.99000549316406,35500,0.0,0.0
2024-04-15 00:00:00-04:00,230.16000366210938,234.19000244140625,224.39999389648438,228.74000549316406,61800,0.0,0.0
2024-04-16 00:00:00-04:00,229.3800048828125,230.25,226.17999267578125,227.0,70100,0.0,0.0
2024-04-17 00:00:00-04:00,226.13999938964844,228.77999877929688,225.25,225.6300048828125,69800,0.0,0.0
2024-04-18 00:00:00-04:00,222.0,228.5,216.9600067138672,217.74000549316406,39400,0.0,0.0
2024-04-19 00:00:00-04:00,215.24000549316406,222.58999633789062,204.58999633789062,207.9199981689453,79100,0.0,0.0
2024-04-22 00:00:00-04:00,211.3800048828125,215.60000610351562,207.80999755859375,213.0800018310547,64400,0.0,0.0
2024-04-23 00:00:00-04:00,215.13999938964844,220.08999633789062,212.8300018310547,213.3300018310547,61900,0.0,0.0
2024-04-24 00:00:00-04:00,214.6199951171875,216.50999450683594,210.02999877929688,214.3800048828125,46000,0.0,0.0
2024-04-25 00:00:00-04:00,210.00999450683594,211.7100067138672,206.58999633789062,209.64999389648438,39800,0.0,0.0
2024-04-26 00:00:00-04:00,208.16000366210938,214.57000732421875,208.16000366210938,213.25,40200,0.0,0.0
2024-04-29 00:00:00-04:00,215.16000366210938,223.8000030517578,213.91000366210938,222.58999633789062,58900,0.0,0.0
2024-04-30 00:00:00-04:00,219.5399932861328,222.69000244140625,205.8000030517578,205.94000244140625,77300,0.0,0.0
2024-05-01 00:00:00-04:00,212.6699981689453,245.25999450683594,212.6699981689453,235.83999633789062,145000,0.0,0.0
2024-05-02 00:00:00-04:00,245.3300018310547,256.3299865722656,239.02000427246094,255.27999877929688,100200,0.0,0.0
2024-05-03 00:00:00-04:00,258.67999267578125,265.94000244140625,249.47999572753906,262.1400146484375,73400,0.0,0.0
2024-05-06 00:00:00-04:00,264.70001220703125,268.3399963378906,251.24000549316406,256.489990234375,69800,0.0,0.0
2024-05-07 00:00:00-04:00,256.3500061035156,259.55999755859375,251.7100067138672,253.0399932861328,69600,0.0,0.0
2024-05-08 00:00:00-04:00,251.55999755859375,253.44000244140625,247.1300048828125,251.94000244140625,59500,0.0,0.0
2024-05-09 00:00:00-04:00,252.33999633789062,264.8299865722656,251.5,261.4200134277344,57000,0.0,0.0
2024-05-10 00:00:00-04:00,261.4200134277344,266.3599853515625,260.25,260.42999267578125,39000,0.0,0.0
2024-05-13 00:00:00-04:00,264.29998779296875,264.8900146484375,258.8999938964844,259.2099914550781,30400,0.0,0.0
2024-05-14 00:00:00-04:00,262.70001220703125,265.82000732421875,258.7099914550781,262.67999267578125,49300,0.0,0.0
2024-05-15 00:00:00-04:00,266.989990234375,268.1499938964844,260.8999938964844,261.69000244140625,38600,0.0,0.0
2024-05-16 00:00:00-04:00,261.70001220703125,264.4800109863281,260.17999267578125,261.4200134277344,31100,0.0,0.0
2024-05-17 00:00:00-04:00,262.4100036621094,262.4100036621094,256.94000244140625,259.75,29000,0.0,0.0
2024-05-20 00:00:00-04:00,258.9100036621094,262.6300048828125,256.2799987792969,258.0799865722656,30900,0.0,0.0
2024-05-21 00:00:00-04:00,255.5,264.239990234375,251.17999267578125,262.5799865722656,50400,0.0,0.0
2024-05-22 00:00:00-04:00,257.70001220703125,262.0,250.99000549316406,252.38999938964844,49200,0.0,0.0
2024-05-23 00:00:00-04:00,252.38999938964844,252.38999938964844,242.24000549316406,247.02999877929688,39000,0.0,0.0
2024-05-24 00:00:00-04:00,248.91000366210938,257.54998779296875,248.5800018310547,256.6400146484375,44200,0.0,0.0
2024-05-28 00:00:00-04:00,259.7900085449219,260.05999755859375,251.25999450683594,258.55999755859375,26500,0.0,0.0
2024-05-29 00:00:00-04:00,253.38999938964844,263.3500061035156,253.38999938964844,263.010009765625,37100,0.0,0.0
2024-05-30 00:00:00-04:00,264.989990234375,266.95001220703125,259.510009765625,261.20001220703125,27500,0.0,0.0
2024-05-31 00:00:00-04:00,263.8599853515625,265.1700134277344,251.32000732421875,260.3599853515625,43200,0.0,0.0
2024-06-03 00:00:00-04:00,262.9700012207031,265.0,257.9100036621094,261.0299987792969,34000,0.0,0.0
2024-06-04 00:00:00-04:00,260.1600036621094,260.1600036621094,250.69000244140625,251.49000549316406,35300,0.0,0.0
2024-06-05 00:00:00-04:00,253.6999969482422,263.9800109863281,253.6999969482422,260.9200134277344,31800,0.0,0.0
2024-06-06 00:00:00-04:00,259.8500061035156,260.45001220703125,250.4199981689453,251.64999389648438,30100,0.0,0.0
2024-06-07 00:00:00-04:00,249.19000244140625,254.60000610351562,245.55999755859375,246.97999572753906,31000,0.0,0.0
2024-06-10 00:00:00-04:00,242.3800048828125,251.16000366210938,242.00999450683594,250.6300048828125,43100,0.0,0.0
2024-06-11 00:00:00-04:00,247.27999877929688,253.17999267578125,244.80999755859375,253.10000610351562,33000,0.0,0.0
2024-06-12 00:00:00-04:00,255.8300018310547,262.260009765625,253.5,256.67999267578125,53200,0.0,0.0
2024-06-13 00:00:00-04:00,254.9199981689453,257.5199890136719,246.47999572753906,256.0,31500,0.0,0.0
2024-06-14 00:00:00-04:00,252.00999450683594,255.9600067138672,250.39999389648438,251.75999450683594,30500,0.0,0.0
2024-06-17 00:00:00-04:00,250.24000549316406,256.54998779296875,250.0,250.9199981689453,37600,0.0,0.0
2024-06-18 00:00:00-04:00,249.14999389648438,256.6600036621094,247.4199981689453,253.7899932861328,45000,0.0,0.0
2024-06-20 00:00:00-04:00,253.77999877929688,260.2300109863281,253.77999877929688,257.2099914550781,42500,0.0,0.0
2024-06-21 00:00:00-04:00,256.239990234375,264.67999267578125,254.39999389648438,262.54998779296875,160800,0.0,0.0
2024-06-24 00:00:00-04:00,262.82000732421875,270.7200012207031,259.989990234375,260.6199951171875,51600,0.0,0.0
2024-06-25 00:00:00-04:00,260.1099853515625,262.0,257.2099914550781,259.0,29500,0.0,0.0
2024-06-26 00:00:00-04:00,257.1700134277344,259.80999755859375,251.6199951171875,253.33999633789062,44100,0.0,0.0
2024-06-27 00:00:00-04:00,255.67999267578125,257.6700134277344,249.85000610351562,257.6700134277344,37700,0.0,0.0
2024-06-28 00:00:00-04:00,261.3299865722656,267.6199951171875,259.739990234375,263.8699951171875,104500,0.0,0.0
2024-07-01 00:00:00-04:00,267.05999755859375,290.1300048828125,267.05999755859375,289.0899963378906,123300,0.0,0.0
2024-07-02 00:00:00-04:00,294.42999267578125,294.42999267578125,279.3999938964844,283.6600036621094,79700,0.0,0.0
2024-07-03 00:00:00-04:00,285.7200012207031,290.239990234375,283.3699951171875,290.239990234375,19600,0.0,0.0
2024-07-05 00:00:00-04:00,289.760009765625,296.760009765625,287.6700134277344,293.4800109863281,53400,0.0,0.0
2024-07-08 00:00:00-04:00,294.8599853515625,302.3399963378906,294.8599853515625,298.8900146484375,67600,0.0,0.0
2024-07-09 00:00:00-04:00,299.07000732421875,304.95001220703125,296.8699951171875,299.92999267578125,42800,0.0,0.0
2024-07-10 00:00:00-04:00,303.010009765625,303.010009765625,297.6099853515625,301.29998779296875,51700,0.0,0.0
2024-07-11 00:00:00-04:00,307.9599914550781,313.6099853515625,300.2799987792969,300.6700134277344,92800,0.0,0.0
2024-07-12 00:00:00-04:00,304.239990234375,308.1199951171875,297.69000244140625,305.54998779296875,95000,0.0,0.0
2024-07-15 00:00:00-04:00,305.54998779296875,312.3299865722656,305.54998779296875,311.70001220703125,52000,0.0,0.0
2024-07-16 00:00:00-04:00,313.7300109863281,321.0,303.6499938964844,319.3299865722656,56500,0.0,0.0
2024-07-17 00:00:00-04:00,321.9800109863281,326.7099914550781,312.510009765625,316.82000732421875,83600,0.0,0.0
2024-07-18 00:00:00-04:00,316.7799987792969,330.55999755859375,316.7799987792969,324.0799865722656,114200,0.0,0.0
2024-07-19 00:00:00-04:00,325.94000244140625,326.80999755859375,308.1700134277344,312.79998779296875,191400,0.0,0.0
2024-07-22 00:00:00-04:00,314.239990234375,321.8800048828125,314.239990234375,321.57000732421875,99700,0.0,0.0
2024-07-23 00:00:00-04:00,321.82000732421875,335.6099853515625,321.82000732421875,332.5,65000,0.0,0.0
2024-07-24 00:00:00-04:00,329.3500061035156,333.1499938964844,315.6000061035156,315.6000061035156,60600,0.0,0.0
2024-07-25 00:00:00-04:00,317.04998779296875,319.2200012207031,310.57000732421875,313.69000244140625,69800,0.0,0.0
2024-07-26 00:00:00-04:00,316.1199951171875,322.7699890136719,315.05999755859375,322.32000732421875,43200,0.0,0.0
2024-07-29 00:00:00-04:00,324.2200012207031,327.260009765625,318.0799865722656,321.92999267578125,29600,0.0,0.0
2024-07-30 00:00:00-04:00,324.0199890136719,324.0199890136719,311.9800109863281,316.8999938964844,52500,0.0,0.0
2024-07-31 00:00:00-04:00,320.739990234375,326.95001220703125,316.9200134277344,321.5899963378906,70900,0.0,0.0
2024-08-01 00:00:00-04:00,325.8500061035156,330.0,317.7200012207031,325.6600036621094,57500,0.0,0.0
2024-08-02 00:00:00-04:00,313.2200012207031,321.2099914550781,309.6700134277344,316.2799987792969,53100,0.0,0.0
2024-08-05 00:00:00-04:00,296.0,302.45001220703125,289.69000244140625,299.7300109863281,50900,0.0,0.0
2024-08-06 00:00:00-04:00,299.32000732421875,309.55999755859375,299.32000732421875,309.1300048828125,65600,0.0,0.0
2024-08-07 00:00:00-04:00,314.7300109863281,315.8699951171875,298.5,299.6199951171875,38100,0.0,0.0
2024-08-08 00:00:00-04:00,305.0299987792969,312.80999755859375,304.19000244140625,310.1400146484375,75700,0.0,0.0
2024-08-09 00:00:00-04:00,308.57000732421875,312.6000061035156,307.9599914550781,309.45001220703125,32700,0.0,0.0
2024-08-12 00:00:00-04:00,311.1400146484375,311.42999267578125,306.2099914550781,310.0799865722656,25100,0.0,0.0
2024-08-13 00:00:00-04:00,310.0,311.5899963378906,304.44000244140625,309.92999267578125,43000,0.0,0.0
2024-08-14 00:00:00-04:00,310.0,317.8699951171875,309.6600036621094,314.2200012207031,92300,0.0,0.0
2024-08-15 00:00:00-04:00,321.3900146484375,326.17999267578125,313.9800109863281,321.9200134277344,75300,0.0,0.0
2024-08-16 00:00:00-04:00,322.0,327.79998779296875,321.8699951171875,326.1199951171875,64400,0.0,0.0
2024-08-19 00:00:00-04:00,325.5,328.79998779296875,324.7900085449219,327.29998779296875,50800,0.0,0.0
2024-08-20 00:00:00-04:00,327.1099853515625,329.3599853515625,322.8800048828125,329.0,35500,0.0,0.0
2024-08-21 00:00:00-04:00,330.0,331.489990234375,324.8699951171875,325.7099914550781,70600,0.0,0.0
2024-08-22 00:00:00-04:00,325.7099914550781,326.6400146484375,321.0299987792969,321.9599914550781,27700,0.0,0.0
2024-08-23 00:00:00-04:00,324.82000732421875,337.8699951171875,324.2699890136719,336.70001220703125,50400,0.0,0.0
2024-08-26 00:00:00-04:00,338.239990234375,339.8299865722656,333.9599914550781,334.6099853515625,48700,0.0,0.0
2024-08-27 00:00:00-04:00,333.79998779296875,339.6099853515625,332.67999267578125,337.8699951171875,27600,0.0,0.0
2024-08-28 00:00:00-04:00,338.29998779296875,338.29998779296875,328.8800048828125,329.0199890136719,39500,0.0,0.0
2024-08-29 00:00:00-04:00,330.7300109863281,338.8399963378906,330.7300109863281,334.2900085449219,29100,0.0,0.0
2024-08-30 00:00:00-04:00,334.9100036621094,341.2300109863281,332.7200012207031,341.2300109863281,32300,0.0,0.0
2024-09-03 00:00:00-04:00,336.6300048828125,340.8399963378906,327.1600036621094,327.30999755859375,48200,0.0,0.0
2024-09-04 00:00:00-04:00,326.55999755859375,331.82000732421875,323.5799865722656,330.2300109863281,26800,0.0,0.0
2024-09-05 00:00:00-04:00,330.7099914550781,330.7099914550781,325.29998779296875,326.7099914550781,39200,0.0,0.0
2024-09-06 00:00:00-04:00,328.4599914550781,330.0,319.3500061035156,321.239990234375,51700,0.0,0.0
2024-09-09 00:00:00-04:00,323.2200012207031,326.7900085449219,317.2699890136719,324.9800109863281,41200,0.0,0.0
2024-09-10 00:00:00-04:00,324.4800109863281,324.4800109863281,289.489990234375,292.2200012207031,92400,0.0,0.0
2024-09-11 00:00:00-04:00,290.010009765625,300.07000732421875,289.510009765625,297.0799865722656,50000,0.0,0.0
2024-09-12 00:00:00-04:00,298.4800109863281,310.20001220703125,295.7300109863281,302.79998779296875,68600,0.0,0.0
2024-09-13 00:00:00-04:00,304.260009765625,319.1300048828125,304.260009765625,317.7900085449219,39700,0.0,0.0
2024-09-16 00:00:00-04:00,320.04998779296875,325.32000732421875,318.1199951171875,324.260009765625,36400,0.0,0.0
2024-09-17 00:00:00-04:00,326.9800109863281,334.7099914550781,326.9800109863281,330.3399963378906,53900,0.0,0.0
2024-09-18 00:00:00-04:00,329.6700134277344,346.3800048828125,327.6700134277344,337.9800109863281,67300,0.0,0.0
2024-09-19 00:00:00-04:00,348.5299987792969,355.82000732421875,344.6499938964844,354.8599853515625,40500,0.0,0.0
2024-09-20 00:00:00-04:00,356.7099914550781,360.5400085449219,353.70001220703125,358.4200134277344,111100,0.0,0.0
2024-09-23 00:00:00-04:00,361.239990234375,366.4100036621094,346.5899963378906,348.1199951171875,36300,0.0,0.0
2024-09-24 00:00:00-04:00,345.8999938964844,345.8999938964844,332.75,335.1000061035156,42400,0.0,0.0
2024-09-25 00:00:00-04:00,332.55999755859375,335.4800109863281,326.0,326.19000244140625,48100,0.0,0.0
2024-09-26 00:00:00-04:00,331.6700134277344,331.6700134277344,320.30999755859375,322.3800048828125,47700,0.0,0.0
2024-09-27 00:00:00-04:00,325.1400146484375,333.6499938964844,322.19000244140625,323.80999755859375,50900,0.0,0.0
2024-09-30 00:00:00-04:00,323.0,326.5,313.79998779296875,316.70001220703125,81500,0.0,0.0
2024-10-01 00:00:00-04:00,314.2799987792969,314.2799987792969,303.0400085449219,308.19000244140625,48300,0.0,0.0
2024-10-02 00:00:00-04:00,304.4200134277344,311.82000732421875,304.4200134277344,306.1199951171875,39500,0.0,0.0
2024-10-03 00:00:00-04:00,302.2200012207031,302.2200012207031,292.57000732421875,292.57000732421875,87800,0.0,0.0
2024-10-04 00:00:00-04:00,297.4100036621094,297.4100036621094,282.9200134277344,288.7099914550781,123400,0.0,0.0
2024-10-07 00:00:00-04:00,288.4700012207031,290.4100036621094,283.5,284.6499938964844,66000,0.0,0.0
2024-10-08 00:00:00-04:00,285.3800048828125,291.30999755859375,282.7200012207031,290.0,69300,0.0,0.0
2024-10-09 00:00:00-04:00,290.0899963378906,292.5400085449219,287.19000244140625,288.0299987792969,73400,0.0,0.0
2024-10-10 00:00:00-04:00,285.0,305.4200134277344,281.7699890136719,304.8299865722656,93300,0.0,0.0
2024-10-11 00:00:00-04:00,303.4100036621094,314.0,303.4100036621094,312.760009765625,42800,0.0,0.0
2024-10-14 00:00:00-04:00,313.8800048828125,315.54998779296875,309.95001220703125,313.989990234375,33600,0.0,0.0
2024-10-15 00:00:00-04:00,313.7300109863281,316.1300048828125,308.3900146484375,311.8399963378906,35000,0.0,0.0
2024-10-16 00:00:00-04:00,316.3599853515625,319.2099914550781,316.260009765625,318.94000244140625,28300,0.0,0.0
2024-10-17 00:00:00-04:00,319.5299987792969,319.5299987792969,303.2099914550781,309.3900146484375,55100,0.0,0.0
2024-10-18 00:00:00-04:00,311.1000061035156,312.3999938964844,301.8900146484375,302.42999267578125,73400,0.0,0.0
2024-10-21 00:00:00-04:00,301.7900085449219,302.0,290.17999267578125,292.6600036621094,66000,0.0,0.0
2024-10-22 00:00:00-04:00,291.7099914550781,291.7099914550781,274.6300048828125,276.4100036621094,110100,0.0,0.0
2024-10-23 00:00:00-04:00,275.8399963378906,280.0,275.8399963378906,279.6700134277344,115400,0.0,0.0
2024-10-24 00:00:00-04:00,280.8599853515625,282.45001220703125,278.0,278.32000732421875,57600,0.0,0.0
2024-10-25 00:00:00-04:00,280.0400085449219,280.0400085449219,275.20001220703125,275.20001220703125,49500,0.0,0.0
2024-10-28 00:00:00-04:00,277.7300109863281,286.70001220703125,277.5799865722656,278.8999938964844,81100,0.0,0.0
2024-10-29 00:00:00-04:00,275.8699951171875,289.1600036621094,275.8699951171875,287.3800048828125,48400,0.0,0.0
2024-10-30 00:00:00-04:00,284.1600036621094,288.42999267578125,270.19000244140625,274.0,60600,0.0,0.0
2024-10-31 00:00:00-04:00,273.30999755859375,276.4700012207031,266.45001220703125,267.0,46700,0.0,0.0
2024-11-01 00:00:00-04:00,267.0,273.510009765625,267.0,272.6499938964844,54100,0.0,0.0
2024-11-04 00:00:00-05:00,275.2799987792969,285.4700012207031,269.0,277.6199951171875,70800,0.0,0.0
2024-11-05 00:00:00-05:00,278.0,346.6300048828125,278.0,329.239990234375,219000,0.0,0.0
2024-11-06 00:00:00-05:00,349.5199890136719,349.6000061035156,332.2099914550781,343.6700134277344,133500,0.0,0.0
2024-11-07 00:00:00-05:00,344.239990234375,348.70001220703125,331.8900146484375,346.2900085449219,89600,0.0,0.0
2024-11-08 00:00:00-05:00,348.55999755859375,353.9700012207031,340.6099853515625,344.8599853515625,83800,0.0,0.0
2024-11-11 00:00:00-05:00,347.8299865722656,348.239990234375,338.3599853515625,343.489990234375,77600,0.0,0.0
2024-11-12 00:00:00-05:00,343.6499938964844,354.2200012207031,338.95001220703125,343.6400146484375,96900,0.0,0.0
2024-11-13 00:00:00-05:00,346.0400085449219,349.7699890136719,308.7300109863281,314.8800048828125,72200,0.0,0.0
2024-11-14 00:00:00-05:00,317.07000732421875,317.07000732421875,305.4800109863281,309.45001220703125,66100,0.0,0.0
2024-11-15 00:00:00-05:00,312.5199890136719,312.5199890136719,294.57000732421875,294.92999267578125,73500,0.0,0.0
2024-11-18 00:00:00-05:00,294.239990234375,294.7300109863281,276.2900085449219,278.94000244140625,94900,0.0,0.0
2024-11-19 00:00:00-05:00,278.8599853515625,293.92999267578125,278.8599853515625,290.489990234375,44100,0.0,0.0
2024-11-20 00:00:00-05:00,288.7300109863281,301.57000732421875,283.9700012207031,298.7900085449219,77100,0.0,0.0
2024-11-21 00:00:00-05:00,303.3800048828125,306.3599853515625,296.8500061035156,304.7900085449219,53200,0.0,0.0
2024-11-22 00:00:00-05:00,308.44000244140625,315.0,307.0,311.2699890136719,61000,0.0,0.0
2024-11-25 00:00:00-05:00,314.1600036621094,322.010009765625,311.8900146484375,314.4100036621094,76400,0.0,0.0
2024-11-26 00:00:00-05:00,313.05999755859375,313.05999755859375,305.3500061035156,310.95001220703125,33900,0.0,0.0
2024-11-27 00:00:00-05:00,310.7099914550781,322.5400085449219,306.7200012207031,321.9200134277344,83200,0.0,0.0
2024-11-29 00:00:00-05:00,322.57000732421875,326.9700012207031,317.20001220703125,322.9200134277344,47100,0.0,0.0
2024-12-02 00:00:00-05:00,323.82000732421875,327.67999267578125,300.260009765625,307.44000244140625,89400,0.0,0.0
2024-12-03 00:00:00-05:00,303.4800109863281,308.1499938964844,298.0199890136719,299.42999267578125,45500,0.0,0.0
2024-12-04 00:00:00-05:00,299.6400146484375,302.4100036621094,290.5299987792969,294.0,42400,0.0,0.0
2024-12-05 00:00:00-05:00,292.0,298.3299865722656,288.7699890136719,290.0,42400,0.0,0.0
2024-12-06 00:00:00-05:00,292.30999755859375,294.6300048828125,285.4200134277344,286.4599914550781,45900,0.0,0.0
2024-12-09 00:00:00-05:00,288.4200134277344,291.1400146484375,286.5400085449219,287.1099853515625,41700,0.0,0.0
2024-12-10 00:00:00-05:00,285.57000732421875,293.7200012207031,284.29998779296875,290.7200012207031,49300,0.0,0.0
2024-12-11 00:00:00-05:00,292.1099853515625,297.3999938964844,286.3999938964844,295.6000061035156,46400,0.0,0.0
2024-12-12 00:00:00-05:00,292.07000732421875,292.07000732421875,264.6199951171875,269.0400085449219,96800,0.0,0.0
2024-12-13 00:00:00-05:00,270.0,270.0,248.86000061035156,258.6199951171875,182900,0.0,0.0
2024-12-16 00:00:00-05:00,253.3800048828125,258.9700012207031,246.11000061035156,246.97999572753906,132900,0.0,0.0
2024-12-17 00:00:00-05:00,242.85000610351562,255.25,232.02000427246094,253.39999389648438,276800,0.0,0.0
2024-12-18 00:00:00-05:00,253.39999389648438,263.8800048828125,238.83999633789062,241.8800048828125,167000,0.0,0.0
2024-12-19 00:00:00-05:00,243.19000244140625,248.32000732421875,238.36000061035156,246.0399932861328,102100,0.0,0.0
2024-12-20 00:00:00-05:00,242.99000549316406,255.24000549316406,240.13999938964844,252.85000610351562,257700,0.0,0.0
2024-12-23 00:00:00-05:00,252.85000610351562,255.41000366210938,244.16000366210938,252.42999267578125,88500,0.0,0.0
2024-12-24 00:00:00-05:00,252.10000610351562,254.86000061035156,248.4199981689453,252.0,116700,0.0,0.0
2024-12-26 00:00:00-05:00,250.05999755859375,255.88999938964844,247.3800048828125,254.6199951171875,71700,0.0,0.0
2024-12-27 00:00:00-05:00,251.8000030517578,256.2099914550781,243.0500030517578,247.0,80600,0.0,0.0
2024-12-30 00:00:00-05:00,243.7100067138672,243.7100067138672,237.5,238.72999572753906,73100,0.0,0.0
2024-12-31 00:00:00-05:00,242.22999572753906,245.58999633789062,236.97999572753906,244.50999450683594,155900,0.0,0.0
2025-01-02 00:00:00-05:00,246.72000122070312,248.5,239.99000549316406,246.22999572753906,96300,0.0,0.0
2025-01-03 00:00:00-05:00,247.25,249.25,243.42999267578125,244.08999633789062,57700,0.0,0.0
2025-01-06 00:00:00-05:00,244.4600067138672,249.66000366210938,239.77000427246094,239.82000732421875,61100,0.0,0.0
2025-01-07 00:00:00-05:00,238.55999755859375,241.9199981689453,235.22999572753906,241.9199981689453,131800,0.0,0.0
2025-01-08 00:00:00-05:00,242.22999572753906,253.0800018310547,240.49000549316406,251.05999755859375,125000,0.0,0.0
2025-01-10 00:00:00-05:00,244.39999389648438,246.9499969482422,237.5,241.9499969482422,82200,0.0,0.0
2025-01-13 00:00:00-05:00,238.9499969482422,248.25999450683594,234.58999633789062,245.4199981689453,84400,0.0,0.0
2025-01-14 00:00:00-05:00,248.92999267578125,260.75,244.33999633789062,247.07000732421875,74900,0.0,0.0
2025-01-15 00:00:00-05:00,253.10000610351562,259.3699951171875,248.2899932861328,254.7899932861328,203600,0.0,0.0
2025-01-16 00:00:00-05:00,253.13999938964844,263.010009765625,251.13999938964844,262.19000244140625,96100,0.0,0.0
2025-01-17 00:00:00-05:00,265.3900146484375,269.0,260.4700012207031,265.0400085449219,144900,0.0,0.0
2025-01-21 00:00:00-05:00,266.92999267578125,276.29998779296875,266.9100036621094,274.29998779296875,108500,0.0,0.0
2025-01-22 00:00:00-05:00,273.25,280.0,268.6499938964844,271.92999267578125,120100,0.0,0.0
2025-01-23 00:00:00-05:00,271.3399963378906,274.04998779296875,258.760009765625,262.510009765625,140900,0.0,0.0
2025-01-24 00:00:00-05:00,260.70001220703125,269.30999755859375,260.1400146484375,268.5799865722656,128300,0.0,0.0
2025-01-27 00:00:00-05:00,265.5899963378906,283.6000061035156,265.5899963378906,282.4200134277344,95600,0.0,0.0
2025-01-28 00:00:00-05:00,282.7099914550781,282.7099914550781,263.70001220703125,268.4599914550781,94800,0.0,0.0
2025-01-29 00:00:00-05:00,265.6400146484375,285.6600036621094,263.67999267578125,274.42999267578125,98600,0.0,0.0
2025-01-30 00:00:00-05:00,276.07000732421875,279.9599914550781,270.9800109863281,275.9700012207031,85700,0.0,0.0
2025-01-31 00:00:00-05:00,276.20001220703125,276.8500061035156,272.0400085449219,274.6600036621094,47000,0.0,0.0
2025-02-03 00:00:00-05:00,270.3699951171875,274.25,269.6600036621094,270.8299865722656,71100,0.0,0.0
2025-02-04 00:00:00-05:00,270.5899963378906,282.739990234375,269.6199951171875,279.739990234375,66800,0.0,0.0
2025-02-05 00:00:00-05:00,282.3900146484375,289.57000732421875,281.6400146484375,285.0400085449219,106800,0.0,0.0
2025-02-06 00:00:00-05:00,284.1600036621094,285.239990234375,275.0,279.94000244140625,87800,0.0,0.0
2025-02-07 00:00:00-05:00,277.80999755859375,277.80999755859375,256.6700134277344,261.3299865722656,131000,0.0,0.0
2025-02-10 00:00:00-05:00,262.510009765625,267.17999267578125,256.989990234375,261.9599914550781,77800,0.0,0.0
2025-02-11 00:00:00-05:00,257.57000732421875,263.30999755859375,253.66000366210938,261.9700012207031,68500,0.0,0.0
2025-02-12 00:00:00-05:00,254.66000366210938,256.2099914550781,249.39999389648438,250.4499969482422,64700,0.0,0.0
2025-02-13 00:00:00-05:00,252.82000732421875,255.74000549316406,245.8800048828125,254.0399932861328,82600,0.0,0.0
2025-02-14 00:00:00-05:00,252.3800048828125,258.6499938964844,250.0,257.5199890136719,68900,0.0,0.0
2025-02-18 00:00:00-05:00,257.6700134277344,259.9800109863281,252.0800018310547,257.0799865722656,94900,0.0,0.0
2025-02-19 00:00:00-05:00,252.10000610351562,262.8900146484375,251.22000122070312,260.3500061035156,88800,0.0,0.0
2025-02-20 00:00:00-05:00,259.4200134277344,267.260009765625,255.5800018310547,267.0,88100,0.0,0.0
2025-02-21 00:00:00-05:00,271.3800048828125,275.80999755859375,254.11000061035156,254.55999755859375,64800,0.0,0.0
2025-02-24 00:00:00-05:00,254.22999572753906,255.22999572753906,240.35000610351562,240.94000244140625,160500,0.0,0.0
2025-02-25 00:00:00-05:00,255.0,275.510009765625,248.82000732421875,263.5199890136719,204500,0.0,0.0
2025-02-26 00:00:00-05:00,262.29998779296875,265.04998779296875,231.0,235.9499969482422,118400,0.0,0.0
2025-02-27 00:00:00-05:00,233.22999572753906,236.0800018310547,219.52000427246094,232.00999450683594,202300,0.0,0.0
2025-02-28 00:00:00-05:00,230.99000549316406,235.0,224.02999877929688,227.58999633789062,124200,0.0,0.0
2025-03-03 00:00:00-05:00,226.99000549316406,228.0500030517578,214.6199951171875,215.24000549316406,171400,0.0,0.0
2025-03-04 00:00:00-05:00,209.33999633789062,219.83999633789062,206.8000030517578,212.8800048828125,251600,0.0,0.0
2025-03-05 00:00:00-05:00,212.85000610351562,216.50999450683594,210.25999450683594,215.3699951171875,95100,0.0,0.0
2025-03-06 00:00:00-05:00,209.99000549316406,218.52000427246094,209.85000610351562,216.49000549316406,126300,0.0,0.0
2025-03-07 00:00:00-05:00,215.6699981689453,223.6199951171875,213.3000030517578,220.63999938964844,101500,0.0,0.0
2025-03-10 00:00:00-04:00,218.5,223.6699981689453,213.8300018310547,219.14999389648438,154600,0.0,0.0
2025-03-11 00:00:00-04:00,221.07000732421875,221.49000549316406,214.4600067138672,214.47000122070312,92300,0.0,0.0
2025-03-12 00:00:00-04:00,215.0,215.0,206.36000061035156,209.50999450683594,115400,0.0,0.0
2025-03-13 00:00:00-04:00,209.10000610351562,210.72000122070312,202.0,209.6199951171875,123700,0.0,0.0
2025-03-14 00:00:00-04:00,213.13999938964844,214.69000244140625,207.02000427246094,210.6999969482422,118700,0.0,0.0
2025-03-17 00:00:00-04:00,211.0,216.67999267578125,208.7899932861328,216.3000030517578,107100,0.0,0.0
2025-03-18 00:00:00-04:00,213.0800018310547,213.0800018310547,200.14999389648438,206.97999572753906,143700,0.0,0.0
2025-03-19 00:00:00-04:00,206.6999969482422,217.05999755859375,205.1699981689453,214.69000244140625,118400,0.0,0.0
2025-03-20 00:00:00-04:00,213.50999450683594,216.25,212.25,212.6199951171875,75800,0.0,0.0
2025-03-21 00:00:00-04:00,208.44000244140625,208.44000244140625,198.10000610351562,198.85000610351562,175200,0.0,0.0
2025-03-24 00:00:00-04:00,201.82000732421875,211.94000244140625,201.82000732421875,210.5,129200,0.0,0.0
2025-03-25 00:00:00-04:00,209.52000427246094,213.32000732421875,208.4499969482422,209.66000366210938,77000,0.0,0.0
2025-03-26 00:00:00-04:00,209.47000122070312,212.1999969482422,203.00999450683594,203.52999877929688,44700,0.0,0.0
2025-03-27 00:00:00-04:00,203.4199981689453,211.07000732421875,202.77000427246094,203.22999572753906,51400,0.0,0.0
2025-03-28 00:00:00-04:00,201.1199951171875,206.3000030517578,199.27000427246094,199.32000732421875,92000,0.0,0.0
2025-03-31 00:00:00-04:00,201.1999969482422,202.3800048828125,193.0,201.7100067138672,100200,0.0,0.0
2025-04-01 00:00:00-04:00,201.7100067138672,206.3300018310547,198.89999389648438,203.92999267578125,71500,0.0,0.0
2025-04-02 00:00:00-04:00,200.02999877929688,214.38999938964844,198.47000122070312,210.7899932861328,91500,0.0,0.0
2025-04-03 00:00:00-04:00,199.86000061035156,205.77000427246094,192.1300048828125,193.6199951171875,204900,0.0,0.0
2025-04-04 00:00:00-04:00,185.92999267578125,198.0,181.27999877929688,186.8300018310547,204400,0.0,0.0
2025-04-07 00:00:00-04:00,186.22999572753906,202.44000244140625,178.25999450683594,196.99000549316406,162700,0.0,0.0
2025-04-08 00:00:00-04:00,202.66000366210938,210.38999938964844,190.61000061035156,193.2100067138672,182900,0.0,0.0
2025-04-09 00:00:00-04:00,192.66000366210938,223.9600067138672,191.8800048828125,211.9199981689453,195300,0.0,0.0
2025-04-10 00:00:00-04:00,206.10000610351562,212.33999633789062,194.6699981689453,205.5800018310547,96900,0.0,0.0
2025-04-11 00:00:00-04:00,205.5800018310547,209.4499969482422,195.4600067138672,209.4199981689453,79300,0.0,0.0
2025-04-14 00:00:00-04:00,212.64999389648438,212.64999389648438,203.5,208.42999267578125,59300,0.0,0.0
2025-04-15 00:00:00-04:00,208.11000061035156,209.60000610351562,199.2899932861328,204.4600067138672,89000,0.0,0.0
2025-04-16 00:00:00-04:00,204.27000427246094,206.42999267578125,200.05999755859375,205.4499969482422,113900,0.0,0.0
2025-04-17 00:00:00-04:00,205.4499969482422,212.25999450683594,202.86000061035156,211.05999755859375,69400,0.0,0.0
2025-04-21 00:00:00-04:00,209.91000366210938,211.25,206.00999450683594,210.6300048828125,64500,0.0,0.0
2025-04-22 00:00:00-04:00,214.44000244140625,218.35000610351562,203.5,205.80999755859375,94900,0.0,0.0
2025-04-23 00:00:00-04:00,212.41000366210938,227.0,207.67999267578125,208.14999389648438,101000,0.0,0.0
2025-04-24 00:00:00-04:00,207.35000610351562,210.02000427246094,204.07000732421875,206.88999938964844,113500,0.0,0.0
2025-04-25 00:00:00-04:00,204.89999389648438,207.38999938964844,200.7100067138672,206.8000030517578,124900,0.0,0.0
2025-04-28 00:00:00-04:00,208.38999938964844,213.77999877929688,206.00999450683594,209.8000030517578,146200,0.0,0.0
2025-04-29 00:00:00-04:00,209.3000030517578,215.41000366210938,207.97999572753906,211.60000610351562,78800,0.0,0.0
2025-04-30 00:00:00-04:00,207.27000427246094,211.5500030517578,202.27999877929688,208.5399932861328,157500,0.0,0.0
2025-05-01 00:00:00-04:00,207.35000610351562,214.61000061035156,201.1699981689453,212.3300018310547,91900,0.0,0.0
2025-05-02 00:00:00-04:00,213.83999633789062,213.83999633789062,200.7899932861328,202.2100067138672,118600,0.0,0.0
2025-05-05 00:00:00-04:00,201.97999572753906,212.25,193.1300048828125,197.4199981689453,441800,0.0,0.0
2025-05-06 00:00:00-04:00,217.8800048828125,225.42999267578125,207.13999938964844,219.49000549316406,214700,0.0,0.0
2025-05-07 00:00:00-04:00,218.63999938964844,221.72000122070312,211.92999267578125,219.6699981689453,113100,0.0,0.0
2025-05-08 00:00:00-04:00,224.27999877929688,236.14999389648438,218.63999938964844,233.91000366210938,129300,0.0,0.0
2025-05-09 00:00:00-04:00,233.6999969482422,237.0500030517578,231.85000610351562,236.47999572753906,94600,0.0,0.0
2025-05-12 00:00:00-04:00,241.2100067138672,249.91000366210938,239.92999267578125,244.22000122070312,95300,0.0,0.0
2025-05-13 00:00:00-04:00,247.49000549316406,252.63999938964844,241.4199981689453,247.7899932861328,118000,0.0,0.0
2025-05-14 00:00:00-04:00,249.5500030517578,253.5,240.07000732421875,242.8699951171875,145300,0.0,0.0
2025-05-15 00:00:00-04:00,244.58999633789062,250.8000030517578,239.00999450683594,243.6699981689453,93600,0.0,0.0
2025-05-16 00:00:00-04:00,244.00999450683594,254.0800018310547,244.00999450683594,253.3000030517578,87900,0.0,0.0
2025-05-19 00:00:00-04:00,243.3699951171875,243.89999389648438,234.8800048828125,241.88999938964844,255600,0.0,0.0
2025-05-20 00:00:00-04:00,241.88999938964844,244.0,231.2899932861328,239.3000030517578,118700,0.0,0.0
2025-05-21 00:00:00-04:00,237.00999450683594,237.00999450683594,227.38999938964844,229.1999969482422,82500,0.0,0.0
2025-05-22 00:00:00-04:00,225.9600067138672,234.74000549316406,223.77000427246094,233.67999267578125,127700,0.0,0.0
2025-05-23 00:00:00-04:00,229.4600067138672,236.27000427246094,228.5800018310547,234.4199981689453,86500,0.0,0.0
2025-05-27 00:00:00-04:00,237.1999969482422,242.39999389648438,231.91000366210938,236.63999938964844,136000,0.0,0.0
2025-05-28 00:00:00-04:00,235.89999389648438,239.13999938964844,226.0,228.94000244140625,85100,0.0,0.0
2025-05-29 00:00:00-04:00,231.55999755859375,235.33999633789062,227.4600067138672,233.24000549316406,79200,0.0,0.0
2025-05-30 00:00:00-04:00,231.5399932861328,236.1699981689453,224.0,234.1999969482422,759100,0.0,0.0
2025-06-02 00:00:00-04:00,232.97999572753906,234.72000122070312,225.97000122070312,232.1999969482422,559400,0.0,0.0
2025-06-03 00:00:00-04:00,232.97999572753906,240.0,229.3800048828125,238.8800048828125,324700,0.0,0.0
2025-06-04 00:00:00-04:00,240.47000122070312,243.94000244140625,233.41000366210938,240.0800018310547,596300,0.0,0.0
2025-06-05 00:00:00-04:00,239.00999450683594,245.47999572753906,236.8300018310547,243.97999572753906,518500,0.0,0.0
2025-06-06 00:00:00-04:00,247.2899932861328,250.00999450683594,236.85000610351562,237.4600067138672,305400,0.0,0.0
2025-06-09 00:00:00-04:00,238.22000122070312,244.72999572753906,236.85000610351562,238.19000244140625,563700,0.0,0.0
2025-06-10 00:00:00-04:00,239.25999450683594,244.2100067138672,236.85000610351562,238.67999267578125,650700,0.0,0.0
2025-06-11 00:00:00-04:00,240.19000244140625,243.38999938964844,233.72000122070312,234.39999389648438,143200,0.0,0.0
2025-06-12 00:00:00-04:00,233.8800048828125,238.52999877929688,232.4499969482422,237.27000427246094,205900,0.0,0.0
2025-06-13 00:00:00-04:00,233.0500030517578,236.4499969482422,231.02000427246094,233.0,179200,0.0,0.0
2025-06-16 00:00:00-04:00,233.5800018310547,238.11000061035156,233.5800018310547,237.52999877929688,90800,0.0,0.0
2025-06-17 00:00:00-04:00,237.02999877929688,238.60000610351562,233.13999938964844,235.80999755859375,126500,0.0,0.0
2025-06-18 00:00:00-04:00,235.92999267578125,241.72000122070312,234.19000244140625,240.25,120800,0.0,0.0
2025-06-20 00:00:00-04:00,241.8300018310547,242.0,232.60000610351562,234.67999267578125,111400,0.0,0.0
2025-06-23 00:00:00-04:00,234.0,237.2899932861328,232.5,233.13999938964844,121400,0.0,0.0
2025-06-24 00:00:00-04:00,235.7100067138672,243.17999267578125,233.97000122070312,241.6300048828125,95600,0.0,0.0
2025-06-25 00:00:00-04:00,243.22999572753906,249.0,239.0,246.6300048828125,95000,0.0,0.0
2025-06-26 00:00:00-04:00,248.55999755859375,250.69000244140625,240.63999938964844,247.13999938964844,113200,0.0,0.0
2025-06-27 00:00:00-04:00,248.3800048828125,248.3800048828125,240.42999267578125,244.6699981689453,163800,0.0,0.0
2025-06-30 00:00:00-04:00,244.60000610351562,246.86000061035156,239.42999267578125,244.16000366210938,108700,0.0,0.0
2025-07-01 00:00:00-04:00,241.69000244140625,256.9800109863281,241.69000244140625,252.36000061035156,137300,0.0,0.0
2025-07-02 00:00:00-04:00,252.3800048828125,252.3800048828125,244.39999389648438,245.8699951171875,123500,0.0,0.0
2025-07-03 00:00:00-04:00,247.22999572753906,251.5800018310547,244.55999755859375,249.61000061035156,63900,0.0,0.0
2025-07-07 00:00:00-04:00,246.9199981689453,248.2899932861328,240.5,241.07000732421875,111600,0.0,0.0
2025-07-08 00:00:00-04:00,242.5500030517578,247.22000122070312,239.9199981689453,243.1199951171875,126300,0.0,0.0
2025-07-09 00:00:00-04:00,245.77000427246094,248.39999389648438,241.5,247.55999755859375,104200,0.0,0.0
2025-07-10 00:00:00-04:00,247.5800018310547,257.42999267578125,247.39999389648438,252.5500030517578,81300,0.0,0.0
2025-07-11 00:00:00-04:00,250.82000732421875,255.47000122070312,242.07000732421875,242.52000427246094,63600,0.0,0.0
2025-07-14 00:00:00-04:00,240.8000030517578,250.72999572753906,240.8000030517578,245.60000610351562,96000,0.0,0.0
2025-07-15 00:00:00-04:00,246.72999572753906,247.10000610351562,228.3699951171875,231.1999969482422,127000,0.0,0.0
2025-07-16 00:00:00-04:00,234.02000427246094,235.22999572753906,227.64999389648438,228.67999267578125,100300,0.0,0.0
2025-07-17 00:00:00-04:00,226.86000061035156,235.42999267578125,226.10000610351562,232.0,67800,0.0,0.0
2025-07-18 00:00:00-04:00,236.19000244140625,236.19000244140625,226.83999633789062,227.9499969482422,65300,0.0,0.0
2025-07-21 00:00:00-04:00,229.83999633789062,233.35000610351562,226.72999572753906,226.8300018310547,63600,0.0,0.0
2025-07-22 00:00:00-04:00,228.5,233.85000610351562,228.16000366210938,231.11000061035156,83500,0.0,0.0
2025-07-23 00:00:00-04:00,234.36000061035156,244.75,234.36000061035156,243.32000732421875,106000,0.0,0.0
2025-07-24 00:00:00-04:00,241.1999969482422,241.6300048828125,235.97000122070312,236.08999633789062,70600,0.0,0.0
2025-07-25 00:00:00-04:00,237.72999572753906,242.4600067138672,234.8800048828125,241.9199981689453,47000,0.0,0.0
2025-07-28 00:00:00-04:00,242.3699951171875,246.77999877929688,239.11000061035156,244.6999969482422,107900,0.0,0.0
2025-07-29 00:00:00-04:00,244.88999938964844,247.47000122070312,237.6699981689453,237.6699981689453,97100,0.0,0.0
2025-07-30 00:00:00-04:00,238.82000732421875,242.3800048828125,228.97999572753906,232.07000732421875,55000,0.0,0.0
2025-07-31 00:00:00-04:00,229.16000366210938,229.47999572753906,224.1699981689453,226.38999938964844,81300,0.0,0.0
2025-08-01 00:00:00-04:00,224.33999633789062,228.50999450683594,216.8699951171875,226.57000732421875,110700,0.0,0.0
2025-08-04 00:00:00-04:00,224.8699951171875,230.97999572753906,224.8699951171875,226.27000427246094,105300,0.0,0.0
2025-08-05 00:00:00-04:00,231.0800018310547,259.8999938964844,231.0800018310547,240.75,249600,0.0,0.0
2025-08-06 00:00:00-04:00,240.3000030517578,240.3000030517578,212.77000427246094,213.60000610351562,198500,0.0,0.0
2025-08-07 00:00:00-04:00,215.91000366210938,215.91000366210938,196.8300018310547,206.22000122070312,166900,0.0,0.0
2025-08-08 00:00:00-04:00,207.67999267578125,207.67999267578125,199.75999450683594,205.55999755859375,142200,0.0,0.0
2025-08-11 00:00:00-04:00,205.27000427246094,219.4199981689453,201.30999755859375,213.55999755859375,203900,0.0,0.0
2025-08-12 00:00:00-04:00,215.2100067138672,223.5,214.22999572753906,219.8000030517578,126500,0.0,0.0
2025-08-13 00:00:00-04:00,221.38999938964844,230.02000427246094,220.25999450683594,226.61000061035156,119900,0.0,0.0
2025-08-14 00:00:00-04:00,224.25999450683594,225.97999572753906,222.67999267578125,224.0,75200,0.0,0.0
2025-08-15 00:00:00-04:00,226.10000610351562,227.55999755859375,218.57000732421875,219.5399932861328,99700,0.0,0.0
2025-08-18 00:00:00-04:00,221.47000122070312,224.72999572753906,218.10000610351562,218.9499969482422,104900,0.0,0.0
2025-08-19 00:00:00-04:00,217.63999938964844,220.38999938964844,216.19000244140625,217.38999938964844,74800,0.0,0.0
2025-08-20 00:00:00-04:00,218.61000061035156,221.38999938964844,212.83999633789062,219.38999938964844,87000,0.0,0.0
2025-08-21 00:00:00-04:00,219.5800018310547,224.36000061035156,215.97000122070312,219.55999755859375,105300,0.0,0.0
2025-08-22 00:00:00-04:00,221.57000732421875,230.63999938964844,221.57000732421875,225.74000549316406,106800,0.0,0.0
2025-08-25 00:00:00-04:00,224.05999755859375,224.05999755859375,216.6300048828125,220.94000244140625,89500,0.0,0.0
2025-08-26 00:00:00-04:00,222.5,222.8000030517578,216.22999572753906,218.42999267578125,101700,0.0,0.0
2025-08-27 00:00:00-04:00,217.9199981689453,220.1999969482422,212.14999389648438,214.57000732421875,78600,0.0,0.0
2025-08-28 00:00:00-04:00,217.4199981689453,219.02999877929688,209.75999450683594,211.2899932861328,88900,0.0,0.0
2025-08-29 00:00:00-04:00,212.0500030517578,215.80999755859375,207.5,210.16000366210938,91100,0.0,0.0
2025-09-02 00:00:00-04:00,209.41000366210938,211.72000122070312,203.89999389648438,207.5800018310547,82100,0.0,0.0
2025-09-03 00:00:00-04:00,206.80999755859375,209.32000732421875,203.0399932861328,203.6199951171875,86100,0.0,0.0
2025-09-04 00:00:00-04:00,203.60000610351562,209.38999938964844,198.64999389648438,208.85000610351562,141600,0.0,0.0
2025-09-05 00:00:00-04:00,209.77999877929688,212.0500030517578,205.36000061035156,207.2899932861328,77300,0.0,0.0
2025-09-08 00:00:00-04:00,208.3000030517578,209.66000366210938,204.41000366210938,205.7899932861328,131300,0.0,0.0
2025-09-09 00:00:00-04:00,202.9600067138672,204.44000244140625,198.3300018310547,204.05999755859375,106600,0.0,0.0
2025-09-10 00:00:00-04:00,203.8699951171875,203.8699951171875,197.8000030517578,201.2100067138672,112800,0.0,0.0
2025-09-11 00:00:00-04:00,202.07000732421875,206.0,200.75,201.3699951171875,116300,0.0,0.0
2025-09-12 00:00:00-04:00,200.32000732421875,200.32000732421875,194.92999267578125,199.32000732421875,149900,0.0,0.0
2025-09-15 00:00:00-04:00,201.24000549316406,206.08999633789062,197.8300018310547,204.02999877929688,129300,0.0,0.0
2025-09-16 00:00:00-04:00,201.97000122070312,204.64999389648438,200.00999450683594,203.1300048828125,99700,0.0,0.0
2025-09-17 00:00:00-04:00,203.94000244140625,210.58999633789062,203.0,204.9600067138672,116400,0.0,0.0
2025-09-18 00:00:00-04:00,205.75,206.00999450683594,201.32000732421875,201.60000610351562,140400,0.0,0.0
2025-09-19 00:00:00-04:00,200.14999389648438,200.19000244140625,190.0,192.77000427246094,285100,0.0,0.0
2025-09-22 00:00:00-04:00,193.75,196.97999572753906,191.22000122070312,195.58999633789062,125600,0.0,0.0
2025-09-23 00:00:00-04:00,196.75999450683594,200.2100067138672,196.0,199.22999572753906,73500,0.0,0.0
2025-09-24 00:00:00-04:00,200.1999969482422,203.5,192.8000030517578,193.3699951171875,95600,0.0,0.0
2025-09-25 00:00:00-04:00,192.4199981689453,193.3000030517578,187.00999450683594,190.0399932861328,100500,0.0,0.0
2025-09-26 00:00:00-04:00,191.72000122070312,194.0,189.86000061035156,193.5399932861328,119500,0.0,0.0
2025-09-29 00:00:00-04:00,192.57000732421875,201.2899932861328,190.97000122070312,199.39999389648438,114400,0.0,0.0
2025-09-30 00:00:00-04:00,199.2100067138672,199.85000610351562,195.10000610351562,199.60000610351562,108200,0.0,0.0
2025-10-01 00:00:00-04:00,199.55999755859375,202.0,197.3699951171875,199.55999755859375,146800,0.0,0.0
2025-10-02 00:00:00-04:00,198.92999267578125,199.57000732421875,193.6199951171875,195.4600067138672,121500,0.0,0.0
2025-10-03 00:00:00-04:00,194.72999572753906,199.8300018310547,194.30999755859375,195.22000122070312,115800,0.0,0.0
2025-10-06 00:00:00-04:00,195.22000122070312,202.60000610351562,192.2100067138672,201.92999267578125,129900,0.0,0.0
2025-10-07 00:00:00-04:00,201.7899932861328,202.6300048828125,196.94000244140625,196.97999572753906,115300,0.0,0.0
2025-10-08 00:00:00-04:00,197.1699981689453,197.88999938964844,192.30999755859375,196.41000366210938,95500,0.0,0.0
2025-10-09 00:00:00-04:00,194.86000061035156,196.1300048828125,192.27999877929688,192.52999877929688,67400,0.0,0.0
2025-10-10 00:00:00-04:00,192.38999938964844,194.67999267578125,187.00999450683594,191.32000732421875,88900,0.0,0.0
2025-10-13 00:00:00-04:00,191.2100067138672,196.72999572753906,191.14999389648438,195.4600067138672,82900,0.0,0.0
2025-10-14 00:00:00-04:00,193.36000061035156,199.94000244140625,193.3000030517578,199.33999633789062,90800,0.0,0.0
2025-10-15 00:00:00-04:00,200.77999877929688,202.07000732421875,195.33999633789062,195.4199981689453,87800,0.0,0.0
2025-10-16 00:00:00-04:00,197.60000610351562,201.74000549316406,192.36000061035156,193.00999450683594,144700,0.0,0.0
2025-10-17 00:00:00-04:00,190.64999389648438,195.83999633789062,190.64999389648438,195.57000732421875,107300,0.0,0.0
2025-10-20 00:00:00-04:00,197.92999267578125,198.8800048828125,194.22000122070312,197.25999450683594,68300,0.0,0.0
2025-10-21 00:00:00-04:00,197.69000244140625,201.41000366210938,195.60000610351562,201.22999572753906,63400,0.0,0.0
2025-10-22 00:00:00-04:00,201.67999267578125,209.67999267578125,197.6199951171875,206.64999389648438,155500,0.0,0.0
2025-10-23 00:00:00-04:00,205.5800018310547,208.3300018310547,199.41000366210938,200.1999969482422,76300,0.0,0.0
2025-10-24 00:00:00-04:00,203.2100067138672,208.0,199.83999633789062,200.99000549316406,73300,0.0,0.0
2025-10-27 00:00:00-04:00,201.08999633789062,201.6999969482422,198.41000366210938,200.00999450683594,48900,0.0,0.0
2025-10-28 00:00:00-04:00,201.0800018310547,203.3300018310547,197.0,197.88999938964844,68600,0.0,0.0
2025-10-29 00:00:00-04:00,196.5399932861328,198.1300048828125,186.5800018310547,189.3699951171875,129300,0.0,0.0
2025-10-30 00:00:00-04:00,188.5,193.3300018310547,184.77999877929688,185.27999877929688,110200,0.0,0.0
2025-10-31 00:00:00-04:00,185.75,192.8699951171875,182.8699951171875,192.63999938964844,155900,0.0,0.0
2025-11-03 00:00:00-05:00,190.7100067138672,199.5800018310547,190.7100067138672,199.0500030517578,198100,0.0,0.0
2025-11-04 00:00:00-05:00,208.25999450683594,264.0,207.0500030517578,223.0399932861328,485400,0.0,0.0
2025-11-05 00:00:00-05:00,222.82000732421875,236.66000366210938,221.5,234.49000549316406,267800,0.0,0.0
2025-11-06 00:00:00-05:00,232.33999633789062,232.33999633789062,216.91000366210938,222.77000427246094,126400,0.0,0.0
2025-11-07 00:00:00-05:00,224.17999267578125,228.52000427246094,219.30999755859375,226.11000061035156,101500,0.0,0.0
2025-11-10 00:00:00-05:00,227.0,235.32000732421875,224.05999755859375,234.52999877929688,150500,0.0,0.0
2025-11-11 00:00:00-05:00,233.07000732421875,246.1999969482422,233.07000732421875,245.61000061035156,227600,0.0,0.0
2025-11-12 00:00:00-05:00,245.61000061035156,247.72000122070312,236.0500030517578,237.2899932861328,165600,0.0,0.0
2025-11-13 00:00:00-05:00,233.91000366210938,243.88999938964844,230.8699951171875,234.3000030517578,131700,0.0,0.0
2025-11-14 00:00:00-05:00,230.47000122070312,237.02999877929688,227.30999755859375,231.5800018310547,101600,0.0,0.0
2025-11-17 00:00:00-05:00,228.8800048828125,233.94000244140625,220.07000732421875,222.82000732421875,108500,0.0,0.0
2025-11-18 00:00:00-05:00,220.10000610351562,223.25999450683594,214.86000061035156,218.5800018310547,101100,0.0,0.0
2025-11-19 00:00:00-05:00,217.8800048828125,222.25,216.8000030517578,219.57000732421875,93400,0.0,0.0
2025-11-20 00:00:00-05:00,220.1300048828125,220.1300048828125,208.72000122070312,209.85000610351562,100200,0.0,0.0
2025-11-21 00:00:00-05:00,210.0399932861328,221.3800048828125,209.2899932861328,219.97999572753906,144700,0.0,0.0
2025-11-24 00:00:00-05:00,218.02000427246094,222.25,214.25999450683594,221.97000122070312,142700,0.0,0.0
2025-11-25 00:00:00-05:00,224.3300018310547,233.30999755859375,218.75999450683594,229.74000549316406,119200,0.0,0.0
2025-11-26 00:00:00-05:00,229.5800018310547,230.24000549316406,222.27000427246094,224.6699981689453,156700,0.0,0.0
2025-11-28 00:00:00-05:00,227.57000732421875,227.82000732421875,223.39999389648438,226.69000244140625,36300,0.0,0.0
2025-12-01 00:00:00-05:00,224.39999389648438,228.5,220.6699981689453,221.5500030517578,109200,0.0,0.0
2025-12-02 00:00:00-05:00,219.72000122070312,228.4499969482422,216.02000427246094,219.0800018310547,154200,0.0,0.0
2025-12-03 00:00:00-05:00,217.82000732421875,223.8300018310547,217.67999267578125,219.66000366210938,110600,0.0,0.0
2025-12-04 00:00:00-05:00,221.02000427246094,221.10000610351562,205.00999450683594,216.22999572753906,148000,0.0,0.0
2025-12-05 00:00:00-05:00,216.4600067138672,219.9499969482422,213.17999267578125,217.13999938964844,134300,0.0,0.0
2025-12-08 00:00:00-05:00,219.83999633789062,222.52999877929688,215.35000610351562,215.7899932861328,110500,0.0,0.0
2025-12-09 00:00:00-05:00,215.0,218.3300018310547,209.27999877929688,210.07000732421875,153400,0.0,0.0
2025-12-10 00:00:00-05:00,210.99000549316406,214.0,204.61000061035156,213.7899932861328,247500,0.0,0.0
2025-12-11 00:00:00-05:00,215.57000732421875,219.47000122070312,211.80999755859375,214.8699951171875,154800,0.0,0.0
2025-12-12 00:00:00-05:00,216.74000549316406,220.2100067138672,213.3000030517578,219.44000244140625,155700,0.0,0.0
2025-12-15 00:00:00-05:00,219.85000610351562,222.0399932861328,215.75999450683594,217.82000732421875,101000,0.0,0.0
2025-12-16 00:00:00-05:00,215.6999969482422,221.3000030517578,213.72000122070312,217.74000549316406,138700,0.0,0.0
2025-12-17 00:00:00-05:00,216.16000366210938,224.5500030517578,216.16000366210938,224.19000244140625,173600,0.0,0.0
2025-12-18 00:00:00-05:00,225.0,228.3000030517578,217.58999633789062,224.86000061035156,168500,0.0,0.0
2025-12-19 00:00:00-05:00,223.4199981689453,232.08999633789062,221.5500030517578,229.39999389648438,231900,0.0,0.0
2025-12-22 00:00:00-05:00,229.5,235.2100067138672,228.74000549316406,229.6699981689453,75000,0.0,0.0
2025-12-23 00:00:00-05:00,230.57000732421875,235.3000030517578,228.19000244140625,232.6699981689453,207400,0.0,0.0
2025-12-24 00:00:00-05:00,234.11000061035156,237.42999267578125,233.10000610351562,235.5399932861328,75100,0.0,0.0
2025-12-26 00:00:00-05:00,233.8000030517578,238.85000610351562,233.8000030517578,237.22000122070312,175400,0.0,0.0
2025-12-29 00:00:00-05:00,238.22000122070312,245.22999572753906,233.8300018310547,235.9199981689453,188900,0.0,0.0
2025-12-30 00:00:00-05:00,234.44000244140625,238.99000549316406,233.57000732421875,235.13999938964844,133900,0.0,0.0
2025-12-31 00:00:00-05:00,234.7899932861328,234.7899932861328,221.63999938964844,222.02999877929688,213500,0.0,0.0
2026-01-02 00:00:00-05:00,225.3699951171875,226.41000366210938,220.0,223.39999389648438,140300,0.0,0.0
2026-01-05 00:00:00-05:00,224.17999267578125,240.0,222.0,237.30999755859375,163500,0.0,0.0
2026-01-06 00:00:00-05:00,235.4600067138672,248.1699981689453,234.63999938964844,245.8800048828125,180100,0.0,0.0
2026-01-07 00:00:00-05:00,247.8300018310547,250.0,243.7100067138672,249.49000549316406,175100,0.0,0.0
2026-01-08 00:00:00-05:00,246.72999572753906,261.4100036621094,246.72999572753906,255.4199981689453,173600,0.0,0.0
2026-01-09 00:00:00-05:00,255.4199981689453,259.6700134277344,250.32000732421875,257.510009765625,113300,0.0,0.0
2026-01-12 00:00:00-05:00,257.5899963378906,258.9200134277344,244.5,258.8900146484375,203700,0.0,0.0
2026-01-13 00:00:00-05:00,261.0299987792969,263.20001220703125,249.30999755859375,252.47000122070312,124400,0.0,0.0
2026-01-14 00:00:00-05:00,253.47999572753906,260.739990234375,249.0,260.510009765625,173300,0.0,0.0
2026-01-15 00:00:00-05:00,259.19000244140625,261.55999755859375,253.00999450683594,257.3599853515625,161600,0.0,0.0
2026-01-16 00:00:00-05:00,257.1600036621094,264.6199951171875,250.05999755859375,260.5199890136719,121500,0.0,0.0
2026-01-20 00:00:00-05:00,255.33999633789062,266.6099853515625,255.33999633789062,262.260009765625,103400,0.0,0.0
2026-01-21 00:00:00-05:00,265.04998779296875,268.5799865722656,258.25,265.1700134277344,147000,0.0,0.0
2026-01-22 00:00:00-05:00,268.1000061035156,272.6000061035156,262.7699890136719,266.6499938964844,209400,0.0,0.0
2026-01-23 00:00:00-05:00,265.489990234375,267.0,256.1000061035156,258.67999267578125,170500,0.0,0.0
2026-01-26 00:00:00-05:00,259.5899963378906,260.5799865722656,250.60000610351562,253.8699951171875,112000,0.0,0.0
2026-01-27 00:00:00-05:00,253.3300018310547,254.86000061035156,245.24000549316406,251.5800018310547,144100,0.0,0.0
2026-01-28 00:00:00-05:00,253.22999572753906,253.22999572753906,240.6199951171875,243.89999389648438,164200,0.0,0.0
2026-01-29 00:00:00-05:00,243.72000122070312,247.72999572753906,240.7100067138672,246.77999877929688,179400,0.0,0.0
2026-01-30 00:00:00-05:00,243.6999969482422,252.6300048828125,243.6999969482422,251.13999938964844,198000,0.0,0.0
2026-02-02 00:00:00-05:00,251.1300048828125,261.3699951171875,250.0,255.8699951171875,129100,0.0,0.0
2026-02-03 00:00:00-05:00,254.32000732421875,263.0,250.63999938964844,251.4499969482422,190200,0.0,0.0
2026-02-04 00:00:00-05:00,252.39999389648438,256.8900146484375,240.91000366210938,255.2899932861328,197300,0.0,0.0
2026-02-05 00:00:00-05:00,255.67999267578125,261.80999755859375,254.05999755859375,256.2099914550781,131200,0.0,0.0
2026-02-06 00:00:00-05:00,258.42999267578125,268.8999938964844,257.9599914550781,267.3399963378906,269300,0.0,0.0
2026-02-09 00:00:00-05:00,269.29998779296875,269.29998779296875,256.1700134277344,265.4100036621094,156800,0.0,0.0
2026-02-10 00:00:00-05:00,267.7300109863281,274.92999267578125,263.4100036621094,267.55999755859375,138800,0.0,0.0
2026-02-11 00:00:00-05:00,270.6400146484375,270.6400146484375,251.6300048828125,263.44000244140625,156300,0.0,0.0
