Date,Open,High,Low,Close,Volume,Dividends,Stock Splits
2022-01-03 00:00:00-05:00,140.8000030517578,144.0,135.67999267578125,142.0800018310547,1550,0.0,0.0
2022-01-04 00:00:00-05:00,142.72000122070312,144.0,140.8000030517578,143.36000061035156,1800,0.0,0.0
2022-01-05 00:00:00-05:00,140.8000030517578,144.0,137.60000610351562,141.44000244140625,2628,0.0,0.0
2022-01-06 00:00:00-05:00,143.36000061035156,144.0,138.8800048828125,140.16000366210938,1703,0.0,0.0
2022-01-07 00:00:00-05:00,140.16000366210938,144.0,131.83999633789062,134.39999389648438,1727,0.0,0.0
2022-01-10 00:00:00-05:00,134.39999389648438,135.67999267578125,128.0,130.55999755859375,1030,0.0,0.0
2022-01-11 00:00:00-05:00,132.47999572753906,132.47999572753906,127.36000061035156,128.0,1228,0.0,0.0
2022-01-12 00:00:00-05:00,126.72000122070312,129.9199981689453,126.08000183105469,126.72000122070312,563,0.0,0.0
2022-01-13 00:00:00-05:00,126.72000122070312,126.72000122070312,110.08000183105469,117.76000213623047,1473,0.0,0.0
2022-01-14 00:00:00-05:00,115.83999633789062,130.55999755859375,115.83999633789062,128.0,1039,0.0,0.0
2022-01-18 00:00:00-05:00,120.31999969482422,133.75999450683594,97.27999877929688,126.72000122070312,952,0.0,0.0
2022-01-19 00:00:00-05:00,119.68000030517578,123.5199966430664,117.76000213623047,120.31999969482422,420,0.0,0.0
2022-01-20 00:00:00-05:00,118.4000015258789,128.0,116.4800033569336,121.5999984741211,1417,0.0,0.0
2022-01-21 00:00:00-05:00,121.5999984741211,136.9600067138672,103.68000030517578,136.9600067138672,2783,0.0,0.0
2022-01-24 00:00:00-05:00,136.9600067138672,136.9600067138672,102.4000015258789,121.5999984741211,677,0.0,0.0
2022-01-25 00:00:00-05:00,118.4000015258789,121.5999984741211,115.19999694824219,120.31999969482422,373,0.0,0.0
2022-01-26 00:00:00-05:00,121.5999984741211,121.5999984741211,112.0,115.19999694824219,539,0.0,0.0
2022-01-27 00:00:00-05:00,116.4800033569336,122.87999725341797,111.36000061035156,112.0,973,0.0,0.0
2022-01-28 00:00:00-05:00,102.4000015258789,113.27999877929688,97.27999877929688,110.08000183105469,523,0.0,0.0
2022-01-31 00:00:00-05:00,111.36000061035156,117.12000274658203,111.36000061035156,113.27999877929688,172,0.0,0.0
2022-02-01 00:00:00-05:00,114.55999755859375,120.95999908447266,111.36000061035156,111.36000061035156,164,0.0,0.0
2022-02-02 00:00:00-05:00,120.31999969482422,120.31999969482422,109.44000244140625,110.72000122070312,183,0.0,0.0
2022-02-03 00:00:00-05:00,119.68000030517578,119.68000030517578,111.36000061035156,115.19999694824219,89,0.0,0.0
2022-02-04 00:00:00-05:00,115.19999694824219,120.31999969482422,114.55999755859375,117.76000213623047,155,0.0,0.0
2022-02-07 00:00:00-05:00,116.4800033569336,117.12000274658203,114.55999755859375,117.12000274658203,56,0.0,0.0
2022-02-08 00:00:00-05:00,113.27999877929688,115.19999694824219,112.63999938964844,112.63999938964844,241,0.0,0.0
2022-02-09 00:00:00-05:00,110.08000183105469,117.12000274658203,108.80000305175781,117.12000274658203,405,0.0,0.0
2022-02-10 00:00:00-05:00,114.55999755859375,114.55999755859375,106.23999786376953,106.23999786376953,223,0.0,0.0
2022-02-11 00:00:00-05:00,106.87999725341797,108.80000305175781,105.5999984741211,108.16000366210938,548,0.0,0.0
2022-02-14 00:00:00-05:00,107.5199966430664,107.5199966430664,104.31999969482422,106.87999725341797,113,0.0,0.0
2022-02-15 00:00:00-05:00,105.5999984741211,105.5999984741211,103.68000030517578,103.68000030517578,238,0.0,0.0
2022-02-16 00:00:00-05:00,106.23999786376953,106.23999786376953,101.12000274658203,101.12000274658203,255,0.0,0.0
2022-02-17 00:00:00-05:00,102.4000015258789,102.4000015258789,57.599998474121094,93.44000244140625,3495,0.0,0.0
2022-02-18 00:00:00-05:00,90.23999786376953,90.23999786376953,74.23999786376953,83.83999633789062,1200,0.0,0.0
2022-02-22 00:00:00-05:00,83.83999633789062,87.68000030517578,64.63999938964844,81.27999877929688,348,0.0,0.0
2022-02-23 00:00:00-05:00,76.80000305175781,80.0,72.95999908447266,80.0,402,0.0,0.0
2022-02-24 00:00:00-05:00,72.31999969482422,80.0,71.04000091552734,73.5999984741211,309,0.0,0.0
2022-02-25 00:00:00-05:00,71.04000091552734,75.5199966430664,71.04000091552734,71.04000091552734,366,0.0,0.0
2022-02-28 00:00:00-05:00,70.4000015258789,76.16000366210938,69.12000274658203,76.16000366210938,416,0.0,0.0
2022-03-01 00:00:00-05:00,76.16000366210938,101.76000213623047,76.16000366210938,81.91999816894531,398,0.0,0.0
2022-03-02 00:00:00-05:00,87.04000091552734,89.5999984741211,81.91999816894531,88.31999969482422,164,0.0,0.0
2022-03-03 00:00:00-05:00,100.4800033569336,100.4800033569336,85.76000213623047,85.76000213623047,191,0.0,0.0
2022-03-04 00:00:00-05:00,88.31999969482422,90.23999786376953,78.72000122070312,80.0,1303,0.0,0.0
2022-03-07 00:00:00-05:00,78.08000183105469,79.36000061035156,75.5199966430664,76.80000305175781,331,0.0,0.0
2022-03-08 00:00:00-05:00,75.5199966430664,76.80000305175781,69.12000274658203,71.68000030517578,1102,0.0,0.0
2022-03-09 00:00:00-05:00,88.95999908447266,88.95999908447266,85.76000213623047,85.76000213623047,16,0.0,0.0
2022-03-10 00:00:00-05:00,86.4000015258789,88.95999908447266,77.44000244140625,77.44000244140625,305,0.0,0.0
2022-03-11 00:00:00-05:00,78.72000122070312,85.76000213623047,77.44000244140625,84.4800033569336,134,0.0,0.0
2022-03-14 00:00:00-04:00,80.63999938964844,85.76000213623047,76.80000305175781,83.83999633789062,189,0.0,0.0
2022-03-15 00:00:00-04:00,85.76000213623047,85.76000213623047,76.80000305175781,84.4800033569336,314,0.0,0.0
2022-03-16 00:00:00-04:00,78.08000183105469,85.76000213623047,77.44000244140625,85.76000213623047,1258,0.0,0.0
2022-03-17 00:00:00-04:00,85.76000213623047,86.4000015258789,80.0,85.12000274658203,888,0.0,0.0
2022-03-18 00:00:00-04:00,81.27999877929688,86.4000015258789,80.63999938964844,86.4000015258789,833,0.0,0.0
2022-03-21 00:00:00-04:00,86.4000015258789,86.4000015258789,77.44000244140625,80.0,330,0.0,0.0
2022-03-22 00:00:00-04:00,80.0,82.55999755859375,76.80000305175781,79.36000061035156,1311,0.0,0.0
2022-03-23 00:00:00-04:00,79.36000061035156,79.36000061035156,64.63999938964844,67.19999694824219,1595,0.0,0.0
2022-03-24 00:00:00-04:00,68.4800033569336,74.87999725341797,64.0,64.0,2145,0.0,0.0
2022-03-25 00:00:00-04:00,68.4800033569336,69.12000274658203,63.36000061035156,69.12000274658203,511,0.0,0.0
2022-03-28 00:00:00-04:00,67.19999694824219,70.4000015258789,61.439998626708984,66.55999755859375,1314,0.0,0.0
2022-03-29 00:00:00-04:00,67.19999694824219,69.12000274658203,61.439998626708984,62.720001220703125,1395,0.0,0.0
2022-03-30 00:00:00-04:00,64.0,64.0,61.439998626708984,63.36000061035156,1842,0.0,0.0
2022-03-31 00:00:00-04:00,63.36000061035156,64.0,42.2400016784668,45.439998626708984,8688,0.0,0.0
2022-04-01 00:00:00-04:00,27.040000915527344,30.31999969482422,23.040000915527344,30.15999984741211,143913,0.0,0.125
2022-04-04 00:00:00-04:00,28.639999389648438,28.639999389648438,24.639999389648438,25.84000015258789,72550,0.0,0.0
2022-04-05 00:00:00-04:00,26.479999542236328,28.31999969482422,21.200000762939453,24.479999542236328,275800,0.0,0.0
2022-04-06 00:00:00-04:00,29.68000030517578,30.559999465942383,22.15999984741211,24.239999771118164,838450,0.0,0.0
2022-04-07 00:00:00-04:00,21.920000076293945,21.920000076293945,18.239999771118164,18.799999237060547,105800,0.0,0.0
2022-04-08 00:00:00-04:00,17.600000381469727,18.479999542236328,16.719999313354492,17.440000534057617,53825,0.0,0.0
2022-04-11 00:00:00-04:00,24.399999618530273,38.959999084472656,22.559999465942383,24.479999542236328,6853113,0.0,0.0
2022-04-12 00:00:00-04:00,21.520000457763672,21.84000015258789,18.479999542236328,19.760000228881836,211550,0.0,0.0
2022-04-13 00:00:00-04:00,17.600000381469727,18.8799991607666,17.520000457763672,17.68000030517578,77975,0.0,0.0
2022-04-14 00:00:00-04:00,17.920000076293945,17.920000076293945,16.559999465942383,16.719999313354492,34750,0.0,0.0
2022-04-18 00:00:00-04:00,18.399999618530273,23.84000015258789,17.200000762939453,20.31999969482422,565463,0.0,0.0
2022-04-19 00:00:00-04:00,17.68000030517578,20.639999389648438,17.68000030517578,20.559999465942383,55750,0.0,0.0
2022-04-20 00:00:00-04:00,19.520000457763672,20.239999771118164,19.360000610351562,20.0,15250,0.0,0.0
2022-04-21 00:00:00-04:00,20.15999984741211,20.479999542236328,18.15999984741211,18.479999542236328,19675,0.0,0.0
2022-04-22 00:00:00-04:00,18.15999984741211,18.479999542236328,18.0,18.239999771118164,5663,0.0,0.0
2022-04-25 00:00:00-04:00,18.0,18.31999969482422,16.31999969482422,16.719999313354492,23788,0.0,0.0
2022-04-26 00:00:00-04:00,18.799999237060547,18.799999237060547,16.31999969482422,16.639999389648438,21700,0.0,0.0
2022-04-27 00:00:00-04:00,16.639999389648438,17.200000762939453,14.15999984741211,14.479999542236328,37463,0.0,0.0
2022-04-28 00:00:00-04:00,14.640000343322754,14.800000190734863,13.920000076293945,14.15999984741211,24450,0.0,0.0
2022-04-29 00:00:00-04:00,14.079999923706055,14.720000267028809,13.760000228881836,14.5600004196167,50000,0.0,0.0
2022-05-02 00:00:00-04:00,14.079999923706055,14.239999771118164,12.319999694824219,12.5600004196167,22600,0.0,0.0
2022-05-03 00:00:00-04:00,12.399999618530273,12.640000343322754,12.239999771118164,12.479999542236328,7675,0.0,0.0
2022-05-04 00:00:00-04:00,13.84000015258789,14.399999618530273,12.720000267028809,13.760000228881836,36450,0.0,0.0
2022-05-05 00:00:00-04:00,13.680000305175781,13.680000305175781,11.760000228881836,12.15999984741211,31588,0.0,0.0
2022-05-06 00:00:00-04:00,12.239999771118164,12.319999694824219,11.84000015258789,12.0,5513,0.0,0.0
2022-05-09 00:00:00-04:00,12.0,12.239999771118164,10.399999618530273,10.479999542236328,12088,0.0,0.0
2022-05-10 00:00:00-04:00,10.960000038146973,10.960000038146973,9.119999885559082,9.760000228881836,16000,0.0,0.0
2022-05-11 00:00:00-04:00,9.680000305175781,9.680000305175781,7.760000228881836,8.960000038146973,19988,0.0,0.0
2022-05-12 00:00:00-04:00,8.720000267028809,8.720000267028809,8.15999984741211,8.5600004196167,2475,0.0,0.0
2022-05-13 00:00:00-04:00,8.5600004196167,10.319999694824219,8.5600004196167,9.920000076293945,7175,0.0,0.0
2022-05-16 00:00:00-04:00,10.15999984741211,10.239999771118164,9.600000381469727,9.680000305175781,3863,0.0,0.0
2022-05-17 00:00:00-04:00,10.399999618530273,10.399999618530273,9.760000228881836,10.239999771118164,3525,0.0,0.0
2022-05-18 00:00:00-04:00,12.399999618530273,12.5600004196167,9.920000076293945,11.600000381469727,12463,0.0,0.0
2022-05-19 00:00:00-04:00,11.359999656677246,11.600000381469727,10.720000267028809,10.720000267028809,6150,0.0,0.0
2022-05-20 00:00:00-04:00,10.479999542236328,12.079999923706055,10.479999542236328,12.0,11750,0.0,0.0
2022-05-23 00:00:00-04:00,10.640000343322754,12.239999771118164,10.640000343322754,11.760000228881836,7138,0.0,0.0
2022-05-24 00:00:00-04:00,11.4399995803833,12.319999694824219,11.199999809265137,11.199999809265137,1850,0.0,0.0
2022-05-25 00:00:00-04:00,10.800000190734863,11.760000228881836,10.800000190734863,11.039999961853027,3113,0.0,0.0
2022-05-26 00:00:00-04:00,10.079999923706055,12.880000114440918,10.079999923706055,11.920000076293945,8050,0.0,0.0
2022-05-27 00:00:00-04:00,11.520000457763672,12.640000343322754,10.960000038146973,12.079999923706055,1038,0.0,0.0
2022-05-31 00:00:00-04:00,11.520000457763672,12.319999694824219,11.520000457763672,12.0,2875,0.0,0.0
2022-06-01 00:00:00-04:00,11.279999732971191,12.399999618530273,11.279999732971191,11.760000228881836,1225,0.0,0.0
2022-06-02 00:00:00-04:00,12.399999618530273,13.600000381469727,12.15999984741211,13.520000457763672,6400,0.0,0.0
2022-06-03 00:00:00-04:00,13.600000381469727,13.680000305175781,12.0,12.800000190734863,3600,0.0,0.0
2022-06-06 00:00:00-04:00,12.399999618530273,12.800000190734863,11.760000228881836,11.84000015258789,3988,0.0,0.0
2022-06-07 00:00:00-04:00,12.0,12.0,10.640000343322754,12.0,4013,0.0,0.0
2022-06-08 00:00:00-04:00,13.279999732971191,13.279999732971191,11.359999656677246,11.680000305175781,3400,0.0,0.0
2022-06-09 00:00:00-04:00,12.800000190734863,13.520000457763672,11.680000305175781,13.4399995803833,6913,0.0,0.0
2022-06-10 00:00:00-04:00,13.4399995803833,14.0,12.079999923706055,13.920000076293945,5188,0.0,0.0
2022-06-13 00:00:00-04:00,12.640000343322754,13.199999809265137,11.84000015258789,11.920000076293945,2788,0.0,0.0
2022-06-14 00:00:00-04:00,11.600000381469727,12.399999618530273,11.039999961853027,11.680000305175781,2050,0.0,0.0
2022-06-15 00:00:00-04:00,11.119999885559082,12.640000343322754,10.399999618530273,11.359999656677246,3338,0.0,0.0
2022-06-16 00:00:00-04:00,12.479999542236328,12.479999542236328,10.960000038146973,11.600000381469727,1800,0.0,0.0
2022-06-17 00:00:00-04:00,11.600000381469727,12.0,10.079999923706055,10.079999923706055,3975,0.0,0.0
2022-06-21 00:00:00-04:00,10.15999984741211,11.039999961853027,10.15999984741211,10.319999694824219,1513,0.0,0.0
2022-06-22 00:00:00-04:00,10.239999771118164,10.5600004196167,10.079999923706055,10.079999923706055,1238,0.0,0.0
2022-06-23 00:00:00-04:00,9.760000228881836,10.800000190734863,9.760000228881836,9.760000228881836,700,0.0,0.0
2022-06-24 00:00:00-04:00,9.84000015258789,10.0,9.520000457763672,9.600000381469727,4350,0.0,0.0
2022-06-27 00:00:00-04:00,9.680000305175781,11.279999732971191,9.680000305175781,10.15999984741211,6488,0.0,0.0
2022-06-28 00:00:00-04:00,11.600000381469727,12.399999618530273,10.5600004196167,12.15999984741211,8825,0.0,0.0
2022-06-29 00:00:00-04:00,12.0,12.0,10.880000114440918,11.600000381469727,1413,0.0,0.0
2022-06-30 00:00:00-04:00,10.960000038146973,11.279999732971191,10.0,10.5600004196167,3575,0.0,0.0
2022-07-01 00:00:00-04:00,10.239999771118164,11.600000381469727,10.239999771118164,11.199999809265137,375,0.0,0.0
2022-07-05 00:00:00-04:00,11.600000381469727,11.600000381469727,10.319999694824219,10.399999618530273,3075,0.0,0.0
2022-07-06 00:00:00-04:00,10.319999694824219,11.039999961853027,9.760000228881836,9.84000015258789,3225,0.0,0.0
2022-07-07 00:00:00-04:00,10.239999771118164,11.039999961853027,10.0,10.399999618530273,1288,0.0,0.0
2022-07-08 00:00:00-04:00,10.479999542236328,10.800000190734863,10.079999923706055,10.15999984741211,2825,0.0,0.0
2022-07-11 00:00:00-04:00,10.0,10.0,9.760000228881836,9.84000015258789,1325,0.0,0.0
2022-07-12 00:00:00-04:00,9.680000305175781,10.0,9.680000305175781,9.920000076293945,913,0.0,0.0
2022-07-13 00:00:00-04:00,9.760000228881836,10.0,9.680000305175781,9.84000015258789,925,0.0,0.0
2022-07-14 00:00:00-04:00,9.680000305175781,10.0,9.359999656677246,9.920000076293945,4775,0.0,0.0
2022-07-15 00:00:00-04:00,9.760000228881836,9.920000076293945,9.520000457763672,9.84000015258789,1050,0.0,0.0
2022-07-18 00:00:00-04:00,9.600000381469727,9.760000228881836,9.359999656677246,9.600000381469727,2075,0.0,0.0
2022-07-19 00:00:00-04:00,9.680000305175781,9.760000228881836,9.4399995803833,9.600000381469727,1063,0.0,0.0
2022-07-20 00:00:00-04:00,9.4399995803833,9.520000457763672,9.039999961853027,9.4399995803833,1950,0.0,0.0
2022-07-21 00:00:00-04:00,9.199999809265137,9.600000381469727,9.199999809265137,9.279999732971191,1363,0.0,0.0
2022-07-22 00:00:00-04:00,9.039999961853027,9.600000381469727,8.880000114440918,9.279999732971191,2338,0.0,0.0
2022-07-25 00:00:00-04:00,9.199999809265137,9.279999732971191,8.880000114440918,9.119999885559082,738,0.0,0.0
2022-07-26 00:00:00-04:00,8.960000038146973,9.600000381469727,8.640000343322754,9.520000457763672,14763,0.0,0.0
2022-07-27 00:00:00-04:00,9.600000381469727,10.319999694824219,8.720000267028809,9.600000381469727,10450,0.0,0.0
2022-07-28 00:00:00-04:00,9.039999961853027,9.520000457763672,8.880000114440918,9.520000457763672,2875,0.0,0.0
2022-07-29 00:00:00-04:00,9.520000457763672,10.0,9.199999809265137,9.760000228881836,4975,0.0,0.0
2022-08-01 00:00:00-04:00,9.84000015258789,10.239999771118164,9.520000457763672,10.239999771118164,2500,0.0,0.0
2022-08-02 00:00:00-04:00,9.84000015258789,10.319999694824219,9.119999885559082,10.079999923706055,5550,0.0,0.0
2022-08-03 00:00:00-04:00,10.079999923706055,10.15999984741211,9.760000228881836,10.079999923706055,5400,0.0,0.0
2022-08-04 00:00:00-04:00,10.720000267028809,12.319999694824219,9.4399995803833,10.640000343322754,20813,0.0,0.0
2022-08-05 00:00:00-04:00,10.0,11.600000381469727,9.4399995803833,10.640000343322754,35050,0.0,0.0
2022-08-08 00:00:00-04:00,12.640000343322754,17.040000915527344,12.079999923706055,14.239999771118164,2334950,0.0,0.0
2022-08-09 00:00:00-04:00,12.399999618530273,12.880000114440918,10.15999984741211,11.199999809265137,113650,0.0,0.0
2022-08-10 00:00:00-04:00,10.800000190734863,11.039999961853027,10.0,10.880000114440918,24125,0.0,0.0
2022-08-11 00:00:00-04:00,10.5600004196167,10.800000190734863,9.84000015258789,10.0,16600,0.0,0.0
2022-08-12 00:00:00-04:00,10.479999542236328,10.479999542236328,9.359999656677246,9.680000305175781,15975,0.0,0.0
2022-08-15 00:00:00-04:00,9.600000381469727,10.800000190734863,9.600000381469727,10.0,21538,0.0,0.0
2022-08-16 00:00:00-04:00,9.920000076293945,10.399999618530273,9.760000228881836,10.079999923706055,9438,0.0,0.0
2022-08-17 00:00:00-04:00,10.319999694824219,11.039999961853027,10.15999984741211,10.479999542236328,6863,0.0,0.0
2022-08-18 00:00:00-04:00,10.880000114440918,10.960000038146973,9.920000076293945,9.920000076293945,6663,0.0,0.0
2022-08-19 00:00:00-04:00,10.15999984741211,10.319999694824219,9.600000381469727,9.680000305175781,4750,0.0,0.0
2022-08-22 00:00:00-04:00,10.079999923706055,10.079999923706055,9.600000381469727,9.600000381469727,3475,0.0,0.0
2022-08-23 00:00:00-04:00,9.680000305175781,10.0,9.600000381469727,9.600000381469727,2688,0.0,0.0
2022-08-24 00:00:00-04:00,9.520000457763672,9.760000228881836,9.199999809265137,9.279999732971191,11613,0.0,0.0
2022-08-25 00:00:00-04:00,9.199999809265137,10.15999984741211,9.199999809265137,9.520000457763672,14525,0.0,0.0
2022-08-26 00:00:00-04:00,9.520000457763672,10.079999923706055,9.279999732971191,9.4399995803833,2550,0.0,0.0
2022-08-29 00:00:00-04:00,9.199999809265137,10.0,9.199999809265137,9.600000381469727,10825,0.0,0.0
2022-08-30 00:00:00-04:00,9.600000381469727,9.760000228881836,9.4399995803833,9.680000305175781,3575,0.0,0.0
2022-08-31 00:00:00-04:00,9.920000076293945,10.0,9.4399995803833,9.760000228881836,6988,0.0,0.0
2022-09-01 00:00:00-04:00,9.520000457763672,9.680000305175781,8.0,8.640000343322754,20150,0.0,0.0
2022-09-02 00:00:00-04:00,8.720000267028809,8.880000114440918,8.399999618530273,8.399999618530273,2475,0.0,0.0
2022-09-06 00:00:00-04:00,8.399999618530273,8.399999618530273,7.039999961853027,7.840000152587891,10813,0.0,0.0
2022-09-07 00:00:00-04:00,7.760000228881836,7.760000228881836,7.199999809265137,7.519999980926514,4375,0.0,0.0
2022-09-08 00:00:00-04:00,7.599999904632568,8.0,7.039999961853027,7.199999809265137,5000,0.0,0.0
2022-09-09 00:00:00-04:00,7.360000133514404,7.519999980926514,6.960000038146973,7.440000057220459,2775,0.0,0.0
2022-09-12 00:00:00-04:00,7.519999980926514,7.599999904632568,7.28000020980835,7.440000057220459,1350,0.0,0.0
2022-09-13 00:00:00-04:00,6.880000114440918,7.360000133514404,6.880000114440918,7.199999809265137,1038,0.0,0.0
2022-09-14 00:00:00-04:00,7.28000020980835,7.440000057220459,6.480000019073486,6.880000114440918,3863,0.0,0.0
2022-09-15 00:00:00-04:00,6.960000038146973,7.840000152587891,6.960000038146973,7.199999809265137,5125,0.0,0.0
2022-09-16 00:00:00-04:00,6.880000114440918,7.679999828338623,6.880000114440918,7.360000133514404,4963,0.0,0.0
2022-09-19 00:00:00-04:00,7.360000133514404,7.360000133514404,6.079999923706055,6.079999923706055,8850,0.0,0.0
2022-09-20 00:00:00-04:00,6.400000095367432,6.480000019073486,5.679999828338623,6.079999923706055,6050,0.0,0.0
2022-09-21 00:00:00-04:00,6.079999923706055,6.320000171661377,5.760000228881836,5.760000228881836,1525,0.0,0.0
2022-09-22 00:00:00-04:00,6.0,6.0,4.800000190734863,4.800000190734863,7638,0.0,0.0
2022-09-23 00:00:00-04:00,4.880000114440918,5.360000133514404,3.759999990463257,4.239999771118164,13275,0.0,0.0
2022-09-26 00:00:00-04:00,4.159999847412109,4.960000038146973,4.079999923706055,4.480000019073486,18775,0.0,0.0
2022-09-27 00:00:00-04:00,4.400000095367432,4.400000095367432,4.159999847412109,4.320000171661377,1563,0.0,0.0
2022-09-28 00:00:00-04:00,4.159999847412109,5.840000152587891,4.159999847412109,5.360000133514404,5663,0.0,0.0
2022-09-29 00:00:00-04:00,5.360000133514404,5.360000133514404,4.400000095367432,4.880000114440918,3950,0.0,0.0
2022-09-30 00:00:00-04:00,4.880000114440918,5.360000133514404,4.880000114440918,5.199999809265137,1725,0.0,0.0
2022-10-03 00:00:00-04:00,5.28000020980835,5.28000020980835,4.320000171661377,4.320000171661377,4013,0.0,0.0
2022-10-04 00:00:00-04:00,4.960000038146973,4.960000038146973,4.400000095367432,4.71999979019165,2800,0.0,0.0
2022-10-05 00:00:00-04:00,4.960000038146973,5.199999809265137,4.639999866485596,4.880000114440918,5738,0.0,0.0
2022-10-06 00:00:00-04:00,4.880000114440918,5.119999885559082,4.71999979019165,4.960000038146973,1663,0.0,0.0
2022-10-07 00:00:00-04:00,5.360000133514404,5.519999980926514,4.960000038146973,5.039999961853027,6750,0.0,0.0
2022-10-10 00:00:00-04:00,4.960000038146973,5.599999904632568,4.800000190734863,5.039999961853027,9038,0.0,0.0
2022-10-11 00:00:00-04:00,4.800000190734863,5.360000133514404,4.800000190734863,5.199999809265137,3363,0.0,0.0
2022-10-12 00:00:00-04:00,5.039999961853027,5.28000020980835,4.800000190734863,5.039999961853027,2288,0.0,0.0
2022-10-13 00:00:00-04:00,5.039999961853027,6.239999771118164,5.039999961853027,5.840000152587891,16975,0.0,0.0
2022-10-14 00:00:00-04:00,5.920000076293945,6.320000171661377,5.840000152587891,6.320000171661377,15900,0.0,0.0
2022-10-17 00:00:00-04:00,7.199999809265137,7.679999828338623,5.920000076293945,6.0,113088,0.0,0.0
2022-10-18 00:00:00-04:00,6.400000095367432,6.480000019073486,5.119999885559082,5.679999828338623,29338,0.0,0.0
2022-10-19 00:00:00-04:00,5.599999904632568,6.0,5.360000133514404,5.920000076293945,14300,0.0,0.0
2022-10-20 00:00:00-04:00,5.920000076293945,6.159999847412109,5.360000133514404,6.0,19738,0.0,0.0
2022-10-21 00:00:00-04:00,5.760000228881836,6.239999771118164,5.599999904632568,5.920000076293945,11475,0.0,0.0
2022-10-24 00:00:00-04:00,5.840000152587891,5.920000076293945,4.960000038146973,5.440000057220459,11325,0.0,0.0
2022-10-25 00:00:00-04:00,5.28000020980835,5.519999980926514,4.880000114440918,5.440000057220459,14125,0.0,0.0
2022-10-26 00:00:00-04:00,4.880000114440918,5.360000133514404,4.800000190734863,4.880000114440918,10363,0.0,0.0
2022-10-27 00:00:00-04:00,5.119999885559082,5.119999885559082,4.480000019073486,4.480000019073486,7800,0.0,0.0
2022-10-28 00:00:00-04:00,4.400000095367432,4.880000114440918,4.239999771118164,4.559999942779541,11963,0.0,0.0
2022-10-31 00:00:00-04:00,4.800000190734863,4.960000038146973,4.320000171661377,4.960000038146973,7163,0.0,0.0
2022-11-01 00:00:00-04:00,4.960000038146973,5.920000076293945,4.159999847412109,5.519999980926514,18725,0.0,0.0
2022-11-02 00:00:00-04:00,5.599999904632568,5.840000152587891,5.199999809265137,5.679999828338623,5938,0.0,0.0
2022-11-03 00:00:00-04:00,5.679999828338623,5.840000152587891,5.440000057220459,5.440000057220459,6100,0.0,0.0
2022-11-04 00:00:00-04:00,5.599999904632568,5.679999828338623,5.440000057220459,5.599999904632568,1663,0.0,0.0
2022-11-07 00:00:00-05:00,5.599999904632568,5.599999904632568,5.199999809265137,5.28000020980835,2500,0.0,0.0
2022-11-08 00:00:00-05:00,5.440000057220459,5.679999828338623,5.119999885559082,5.360000133514404,6938,0.0,0.0
2022-11-09 00:00:00-05:00,5.360000133514404,5.679999828338623,5.199999809265137,5.28000020980835,3563,0.0,0.0
2022-11-10 00:00:00-05:00,5.599999904632568,5.599999904632568,5.199999809265137,5.360000133514404,4988,0.0,0.0
2022-11-11 00:00:00-05:00,5.599999904632568,5.599999904632568,5.360000133514404,5.599999904632568,4663,0.0,0.0
2022-11-14 00:00:00-05:00,5.599999904632568,5.760000228881836,5.519999980926514,5.760000228881836,8563,0.0,0.0
2022-11-15 00:00:00-05:00,5.599999904632568,5.760000228881836,5.28000020980835,5.360000133514404,5775,0.0,0.0
2022-11-16 00:00:00-05:00,5.519999980926514,5.519999980926514,5.28000020980835,5.440000057220459,3413,0.0,0.0
2022-11-17 00:00:00-05:00,5.119999885559082,5.599999904632568,5.039999961853027,5.360000133514404,4900,0.0,0.0
2022-11-18 00:00:00-05:00,5.360000133514404,5.599999904632568,5.039999961853027,5.519999980926514,2725,0.0,0.0
2022-11-21 00:00:00-05:00,5.199999809265137,5.599999904632568,5.199999809265137,5.199999809265137,3600,0.0,0.0
2022-11-22 00:00:00-05:00,5.199999809265137,5.519999980926514,5.199999809265137,5.199999809265137,6800,0.0,0.0
2022-11-23 00:00:00-05:00,5.440000057220459,5.519999980926514,5.039999961853027,5.039999961853027,7375,0.0,0.0
2022-11-25 00:00:00-05:00,5.360000133514404,5.440000057220459,4.960000038146973,5.039999961853027,1288,0.0,0.0
2022-11-28 00:00:00-05:00,5.119999885559082,5.119999885559082,4.800000190734863,4.800000190734863,5863,0.0,0.0
2022-11-29 00:00:00-05:00,4.480000019073486,4.800000190734863,4.0,4.239999771118164,11788,0.0,0.0
2022-11-30 00:00:00-05:00,4.400000095367432,4.400000095367432,4.079999923706055,4.400000095367432,5275,0.0,0.0
2022-12-01 00:00:00-05:00,4.400000095367432,4.400000095367432,4.0,4.320000171661377,4975,0.0,0.0
2022-12-02 00:00:00-05:00,4.400000095367432,4.639999866485596,4.079999923706055,4.559999942779541,19975,0.0,0.0
2022-12-05 00:00:00-05:00,5.039999961853027,5.760000228881836,4.639999866485596,5.519999980926514,37088,0.0,0.0
2022-12-06 00:00:00-05:00,5.599999904632568,5.760000228881836,5.28000020980835,5.599999904632568,19000,0.0,0.0
2022-12-07 00:00:00-05:00,5.119999885559082,5.760000228881836,4.880000114440918,5.519999980926514,3025,0.0,0.0
2022-12-08 00:00:00-05:00,5.119999885559082,5.599999904632568,5.119999885559082,5.599999904632568,2000,0.0,0.0
2022-12-09 00:00:00-05:00,5.599999904632568,5.679999828338623,5.28000020980835,5.440000057220459,10450,0.0,0.0
2022-12-12 00:00:00-05:00,5.440000057220459,5.760000228881836,5.199999809265137,5.599999904632568,8613,0.0,0.0
2022-12-13 00:00:00-05:00,5.599999904632568,6.0,5.199999809265137,5.760000228881836,18125,0.0,0.0
2022-12-14 00:00:00-05:00,5.920000076293945,6.480000019073486,5.679999828338623,6.239999771118164,80600,0.0,0.0
2022-12-15 00:00:00-05:00,6.239999771118164,7.039999961853027,5.599999904632568,6.880000114440918,181688,0.0,0.0
2022-12-16 00:00:00-05:00,7.360000133514404,8.0,4.639999866485596,5.119999885559082,483025,0.0,0.0
2022-12-19 00:00:00-05:00,4.800000190734863,5.360000133514404,4.480000019073486,4.800000190734863,33400,0.0,0.0
2022-12-20 00:00:00-05:00,4.800000190734863,4.960000038146973,4.559999942779541,4.800000190734863,15338,0.0,0.0
2022-12-21 00:00:00-05:00,4.800000190734863,5.199999809265137,4.480000019073486,4.800000190734863,20138,0.0,0.0
2022-12-22 00:00:00-05:00,4.639999866485596,4.800000190734863,4.559999942779541,4.800000190734863,11850,0.0,0.0
2022-12-23 00:00:00-05:00,4.800000190734863,4.960000038146973,4.480000019073486,4.639999866485596,11213,0.0,0.0
2022-12-27 00:00:00-05:00,4.559999942779541,4.960000038146973,4.400000095367432,4.800000190734863,17475,0.0,0.0
2022-12-28 00:00:00-05:00,4.800000190734863,4.880000114440918,4.800000190734863,4.800000190734863,13975,0.0,0.0
2022-12-29 00:00:00-05:00,4.880000114440918,4.880000114440918,4.559999942779541,4.559999942779541,15463,0.0,0.0
2022-12-30 00:00:00-05:00,4.480000019073486,4.71999979019165,4.239999771118164,4.480000019073486,25463,0.0,0.0
2023-01-03 00:00:00-05:00,4.800000190734863,4.960000038146973,4.480000019073486,4.71999979019165,33938,0.0,0.0
2023-01-04 00:00:00-05:00,4.880000114440918,4.960000038146973,4.71999979019165,4.960000038146973,9075,0.0,0.0
2023-01-05 00:00:00-05:00,4.800000190734863,4.960000038146973,4.559999942779541,4.880000114440918,7700,0.0,0.0
2023-01-06 00:00:00-05:00,4.880000114440918,4.880000114440918,4.639999866485596,4.639999866485596,8838,0.0,0.0
2023-01-09 00:00:00-05:00,4.800000190734863,5.119999885559082,4.71999979019165,5.039999961853027,36425,0.0,0.0
2023-01-10 00:00:00-05:00,5.039999961853027,5.199999809265137,4.800000190734863,4.880000114440918,16125,0.0,0.0
2023-01-11 00:00:00-05:00,5.039999961853027,5.440000057220459,4.960000038146973,5.360000133514404,22175,0.0,0.0
2023-01-12 00:00:00-05:00,5.440000057220459,6.0,5.199999809265137,5.679999828338623,26238,0.0,0.0
2023-01-13 00:00:00-05:00,5.920000076293945,5.920000076293945,5.599999904632568,5.840000152587891,28775,0.0,0.0
2023-01-17 00:00:00-05:00,5.920000076293945,6.0,5.840000152587891,5.920000076293945,18950,0.0,0.0
2023-01-18 00:00:00-05:00,5.920000076293945,6.400000095367432,5.840000152587891,6.320000171661377,32725,0.0,0.0
2023-01-19 00:00:00-05:00,6.559999942779541,6.639999866485596,5.840000152587891,6.159999847412109,22488,0.0,0.0
2023-01-20 00:00:00-05:00,6.320000171661377,6.400000095367432,6.0,6.079999923706055,12263,0.0,0.0
2023-01-23 00:00:00-05:00,6.159999847412109,6.400000095367432,6.0,6.079999923706055,13200,0.0,0.0
2023-01-24 00:00:00-05:00,6.239999771118164,6.400000095367432,5.840000152587891,6.239999771118164,6238,0.0,0.0
2023-01-25 00:00:00-05:00,6.079999923706055,6.320000171661377,5.920000076293945,6.079999923706055,6550,0.0,0.0
2023-01-26 00:00:00-05:00,6.239999771118164,6.239999771118164,5.920000076293945,5.920000076293945,14538,0.0,0.0
2023-01-27 00:00:00-05:00,5.840000152587891,7.119999885559082,5.840000152587891,6.639999866485596,108150,0.0,0.0
2023-01-30 00:00:00-05:00,6.400000095367432,8.720000267028809,6.079999923706055,7.760000228881836,311025,0.0,0.0
2023-01-31 00:00:00-05:00,7.679999828338623,8.0,7.199999809265137,7.519999980926514,67363,0.0,0.0
2023-02-01 00:00:00-05:00,7.599999904632568,11.920000076293945,7.599999904632568,10.079999923706055,1027025,0.0,0.0
2023-02-02 00:00:00-05:00,10.239999771118164,10.800000190734863,8.399999618530273,9.279999732971191,149950,0.0,0.0
2023-02-03 00:00:00-05:00,9.760000228881836,10.15999984741211,9.039999961853027,9.760000228881836,124888,0.0,0.0
2023-02-06 00:00:00-05:00,10.319999694824219,17.920000076293945,9.920000076293945,13.4399995803833,1591900,0.0,0.0
2023-02-07 00:00:00-05:00,13.520000457763672,17.280000686645508,13.4399995803833,16.799999237060547,643388,0.0,0.0
2023-02-08 00:00:00-05:00,16.8799991607666,17.200000762939453,15.039999961853027,16.15999984741211,160163,0.0,0.0
2023-02-09 00:00:00-05:00,16.559999465942383,16.559999465942383,14.15999984741211,14.720000267028809,99425,0.0,0.0
2023-02-10 00:00:00-05:00,15.680000305175781,17.520000457763672,15.520000457763672,16.959999084472656,288163,0.0,0.0
2023-02-13 00:00:00-05:00,18.0,20.399999618530273,14.880000114440918,20.0,483288,0.0,0.0
2023-02-14 00:00:00-05:00,20.0,23.280000686645508,19.920000076293945,21.760000228881836,290013,0.0,0.0
2023-02-15 00:00:00-05:00,22.0,22.239999771118164,18.799999237060547,19.600000381469727,137775,0.0,0.0
2023-02-16 00:00:00-05:00,19.1200008392334,19.520000457763672,10.479999542236328,14.479999542236328,442250,0.0,0.0
2023-02-17 00:00:00-05:00,13.84000015258789,14.800000190734863,10.880000114440918,11.199999809265137,213113,0.0,0.0
2023-02-21 00:00:00-05:00,11.199999809265137,12.640000343322754,9.760000228881836,10.15999984741211,130713,0.0,0.0
2023-02-22 00:00:00-05:00,10.15999984741211,12.0,10.15999984741211,11.199999809265137,88863,0.0,0.0
2023-02-23 00:00:00-05:00,12.399999618530273,13.039999961853027,11.359999656677246,12.0,110738,0.0,0.0
2023-02-24 00:00:00-05:00,10.880000114440918,12.479999542236328,10.640000343322754,11.680000305175781,39163,0.0,0.0
2023-02-27 00:00:00-05:00,11.680000305175781,11.680000305175781,10.079999923706055,10.239999771118164,60963,0.0,0.0
2023-02-28 00:00:00-05:00,10.239999771118164,11.119999885559082,8.5600004196167,8.640000343322754,91250,0.0,0.0
2023-03-01 00:00:00-05:00,8.640000343322754,8.800000190734863,7.599999904632568,8.079999923706055,88375,0.0,0.0
2023-03-02 00:00:00-05:00,7.599999904632568,8.15999984741211,7.519999980926514,7.840000152587891,47763,0.0,0.0
2023-03-03 00:00:00-05:00,8.239999771118164,9.199999809265137,8.239999771118164,8.960000038146973,64600,0.0,0.0
2023-03-06 00:00:00-05:00,9.119999885559082,9.520000457763672,8.640000343322754,8.880000114440918,44350,0.0,0.0
2023-03-07 00:00:00-05:00,8.640000343322754,8.800000190734863,7.840000152587891,8.15999984741211,35575,0.0,0.0
2023-03-08 00:00:00-05:00,8.239999771118164,8.960000038146973,8.0,8.720000267028809,32313,0.0,0.0
2023-03-09 00:00:00-05:00,8.800000190734863,9.039999961853027,8.319999694824219,8.5600004196167,16900,0.0,0.0
2023-03-10 00:00:00-05:00,8.720000267028809,8.800000190734863,8.079999923706055,8.15999984741211,23850,0.0,0.0
2023-03-13 00:00:00-04:00,8.0,8.399999618530273,7.679999828338623,8.0,21275,0.0,0.0
2023-03-14 00:00:00-04:00,7.760000228881836,8.5600004196167,7.760000228881836,8.239999771118164,18188,0.0,0.0
2023-03-15 00:00:00-04:00,8.319999694824219,8.399999618530273,7.760000228881836,8.0,16975,0.0,0.0
2023-03-16 00:00:00-04:00,8.079999923706055,8.319999694824219,7.760000228881836,8.15999984741211,16363,0.0,0.0
2023-03-17 00:00:00-04:00,8.0,8.479999542236328,7.920000076293945,8.239999771118164,15825,0.0,0.0
2023-03-20 00:00:00-04:00,8.399999618530273,8.960000038146973,8.079999923706055,8.720000267028809,20188,0.0,0.0
2023-03-21 00:00:00-04:00,8.720000267028809,10.319999694824219,8.5600004196167,9.520000457763672,78063,0.0,0.0
2023-03-22 00:00:00-04:00,10.239999771118164,10.800000190734863,9.600000381469727,10.319999694824219,52513,0.0,0.0
2023-03-23 00:00:00-04:00,10.0,10.15999984741211,8.5600004196167,9.119999885559082,33563,0.0,0.0
2023-03-24 00:00:00-04:00,9.039999961853027,9.520000457763672,8.880000114440918,9.359999656677246,20325,0.0,0.0
2023-03-27 00:00:00-04:00,8.800000190734863,10.640000343322754,8.800000190734863,9.920000076293945,26363,0.0,0.0
2023-03-28 00:00:00-04:00,9.680000305175781,10.5600004196167,9.039999961853027,9.520000457763672,15325,0.0,0.0
2023-03-29 00:00:00-04:00,9.199999809265137,9.84000015258789,9.119999885559082,9.279999732971191,8788,0.0,0.0
2023-03-30 00:00:00-04:00,9.119999885559082,10.0,9.039999961853027,9.600000381469727,9925,0.0,0.0
2023-03-31 00:00:00-04:00,9.600000381469727,11.199999809265137,9.199999809265137,10.640000343322754,57950,0.0,0.0
2023-04-03 00:00:00-04:00,10.239999771118164,11.4399995803833,9.84000015258789,11.119999885559082,50513,0.0,0.0
2023-04-04 00:00:00-04:00,11.359999656677246,12.319999694824219,10.0,10.5600004196167,53338,0.0,0.0
2023-04-05 00:00:00-04:00,10.5600004196167,10.640000343322754,9.680000305175781,9.84000015258789,16950,0.0,0.0
2023-04-06 00:00:00-04:00,9.680000305175781,10.5600004196167,9.680000305175781,10.15999984741211,21050,0.0,0.0
2023-04-10 00:00:00-04:00,10.0,10.319999694824219,9.760000228881836,10.079999923706055,18388,0.0,0.0
2023-04-11 00:00:00-04:00,9.920000076293945,11.119999885559082,9.920000076293945,10.5600004196167,15550,0.0,0.0
2023-04-12 00:00:00-04:00,10.800000190734863,10.800000190734863,10.15999984741211,10.399999618530273,9700,0.0,0.0
2023-04-13 00:00:00-04:00,10.319999694824219,12.239999771118164,10.15999984741211,11.520000457763672,51563,0.0,0.0
2023-04-14 00:00:00-04:00,11.920000076293945,12.800000190734863,11.279999732971191,12.0,62788,0.0,0.0
2023-04-17 00:00:00-04:00,12.479999542236328,14.0,11.680000305175781,13.680000305175781,66538,0.0,0.0
2023-04-18 00:00:00-04:00,14.399999618530273,15.199999809265137,12.800000190734863,13.760000228881836,92988,0.0,0.0
2023-04-19 00:00:00-04:00,13.760000228881836,14.0,12.479999542236328,13.520000457763672,23150,0.0,0.0
2023-04-20 00:00:00-04:00,12.960000038146973,13.920000076293945,12.15999984741211,12.800000190734863,27225,0.0,0.0
2023-04-21 00:00:00-04:00,13.199999809265137,13.600000381469727,12.399999618530273,12.479999542236328,20313,0.0,0.0
2023-04-24 00:00:00-04:00,12.640000343322754,12.800000190734863,10.399999618530273,10.800000190734863,60275,0.0,0.0
2023-04-25 00:00:00-04:00,10.640000343322754,11.119999885559082,9.680000305175781,9.84000015258789,29238,0.0,0.0
2023-04-26 00:00:00-04:00,9.760000228881836,10.15999984741211,8.800000190734863,9.359999656677246,38638,0.0,0.0
2023-04-27 00:00:00-04:00,9.039999961853027,9.600000381469727,8.399999618530273,8.960000038146973,59450,0.0,0.0
2023-04-28 00:00:00-04:00,9.279999732971191,9.600000381469727,8.880000114440918,9.600000381469727,21350,0.0,0.0
2023-05-01 00:00:00-04:00,9.4399995803833,10.319999694824219,9.4399995803833,10.0,15413,0.0,0.0
2023-05-02 00:00:00-04:00,10.15999984741211,10.319999694824219,9.680000305175781,9.84000015258789,22600,0.0,0.0
2023-05-03 00:00:00-04:00,9.84000015258789,10.15999984741211,9.4399995803833,9.600000381469727,9775,0.0,0.0
2023-05-04 00:00:00-04:00,9.4399995803833,10.720000267028809,9.199999809265137,10.5600004196167,51238,0.0,0.0
2023-05-05 00:00:00-04:00,10.399999618530273,10.640000343322754,10.15999984741211,10.399999618530273,4875,0.0,0.0
2023-05-08 00:00:00-04:00,10.319999694824219,10.399999618530273,9.520000457763672,9.760000228881836,25125,0.0,0.0
2023-05-09 00:00:00-04:00,9.600000381469727,9.84000015258789,9.199999809265137,9.520000457763672,14388,0.0,0.0
2023-05-10 00:00:00-04:00,9.359999656677246,10.319999694824219,9.359999656677246,10.15999984741211,22388,0.0,0.0
2023-05-11 00:00:00-04:00,10.239999771118164,10.880000114440918,9.760000228881836,9.920000076293945,18313,0.0,0.0
2023-05-12 00:00:00-04:00,9.84000015258789,10.239999771118164,9.4399995803833,9.760000228881836,10600,0.0,0.0
2023-05-15 00:00:00-04:00,10.0,10.239999771118164,9.520000457763672,9.920000076293945,13563,0.0,0.0
2023-05-16 00:00:00-04:00,10.0,10.079999923706055,9.4399995803833,9.600000381469727,11138,0.0,0.0
2023-05-17 00:00:00-04:00,9.680000305175781,9.920000076293945,8.960000038146973,9.680000305175781,17788,0.0,0.0
2023-05-18 00:00:00-04:00,9.84000015258789,10.319999694824219,9.199999809265137,9.520000457763672,23050,0.0,0.0
2023-05-19 00:00:00-04:00,9.4399995803833,10.0,9.279999732971191,9.4399995803833,15075,0.0,0.0
2023-05-22 00:00:00-04:00,9.4399995803833,9.920000076293945,9.359999656677246,9.680000305175781,15038,0.0,0.0
2023-05-23 00:00:00-04:00,9.680000305175781,11.279999732971191,9.680000305175781,10.399999618530273,44188,0.0,0.0
2023-05-24 00:00:00-04:00,10.399999618530273,10.880000114440918,10.079999923706055,10.479999542236328,17625,0.0,0.0
2023-05-25 00:00:00-04:00,11.039999961853027,11.039999961853027,10.0,10.319999694824219,21263,0.0,0.0
2023-05-26 00:00:00-04:00,10.399999618530273,10.720000267028809,9.920000076293945,10.479999542236328,16550,0.0,0.0
2023-05-30 00:00:00-04:00,10.239999771118164,11.039999961853027,9.760000228881836,10.319999694824219,19975,0.0,0.0
2023-05-31 00:00:00-04:00,10.0,10.640000343322754,9.279999732971191,9.4399995803833,19150,0.0,0.0
2023-06-01 00:00:00-04:00,9.600000381469727,10.0,8.880000114440918,9.600000381469727,21300,0.0,0.0
2023-06-02 00:00:00-04:00,9.760000228881836,9.84000015258789,9.039999961853027,9.279999732971191,20188,0.0,0.0
2023-06-05 00:00:00-04:00,9.279999732971191,9.680000305175781,9.199999809265137,9.359999656677246,11988,0.0,0.0
2023-06-06 00:00:00-04:00,9.279999732971191,9.760000228881836,9.199999809265137,9.4399995803833,9725,0.0,0.0
2023-06-07 00:00:00-04:00,9.359999656677246,9.760000228881836,9.279999732971191,9.4399995803833,26625,0.0,0.0
2023-06-08 00:00:00-04:00,9.279999732971191,9.680000305175781,9.279999732971191,9.600000381469727,7813,0.0,0.0
2023-06-09 00:00:00-04:00,9.600000381469727,9.600000381469727,9.119999885559082,9.279999732971191,13163,0.0,0.0
2023-06-12 00:00:00-04:00,9.359999656677246,10.399999618530273,8.720000267028809,10.239999771118164,87200,0.0,0.0
2023-06-13 00:00:00-04:00,10.399999618530273,10.479999542236328,9.680000305175781,10.079999923706055,33000,0.0,0.0
2023-06-14 00:00:00-04:00,9.760000228881836,10.079999923706055,9.4399995803833,9.680000305175781,13513,0.0,0.0
2023-06-15 00:00:00-04:00,9.84000015258789,9.920000076293945,9.359999656677246,9.600000381469727,19300,0.0,0.0
2023-06-16 00:00:00-04:00,9.920000076293945,10.0,9.279999732971191,9.279999732971191,10100,0.0,0.0
2023-06-20 00:00:00-04:00,9.520000457763672,9.600000381469727,9.039999961853027,9.4399995803833,22388,0.0,0.0
2023-06-21 00:00:00-04:00,9.199999809265137,9.359999656677246,8.880000114440918,9.119999885559082,16413,0.0,0.0
2023-06-22 00:00:00-04:00,9.84000015258789,10.15999984741211,8.319999694824219,9.199999809265137,210150,0.0,0.0
2023-06-23 00:00:00-04:00,8.880000114440918,9.279999732971191,8.720000267028809,9.279999732971191,22338,0.0,0.0
2023-06-26 00:00:00-04:00,9.039999961853027,9.279999732971191,8.239999771118164,8.960000038146973,30213,0.0,0.0
2023-06-27 00:00:00-04:00,8.880000114440918,8.960000038146973,8.319999694824219,8.5600004196167,15838,0.0,0.0
2023-06-28 00:00:00-04:00,8.479999542236328,9.039999961853027,8.399999618530273,9.039999961853027,16738,0.0,0.0
2023-06-29 00:00:00-04:00,8.5600004196167,9.119999885559082,8.5600004196167,9.119999885559082,7300,0.0,0.0
2023-06-30 00:00:00-04:00,9.119999885559082,9.199999809265137,8.720000267028809,8.720000267028809,9450,0.0,0.0
2023-07-03 00:00:00-04:00,8.720000267028809,9.199999809265137,8.720000267028809,9.199999809265137,6975,0.0,0.0
2023-07-05 00:00:00-04:00,9.119999885559082,9.119999885559082,8.720000267028809,9.119999885559082,4138,0.0,0.0
2023-07-06 00:00:00-04:00,9.199999809265137,9.199999809265137,8.720000267028809,8.960000038146973,4613,0.0,0.0
2023-07-07 00:00:00-04:00,8.960000038146973,9.119999885559082,8.5600004196167,8.640000343322754,6100,0.0,0.0
2023-07-10 00:00:00-04:00,8.880000114440918,8.880000114440918,8.399999618530273,8.640000343322754,9713,0.0,0.0
2023-07-11 00:00:00-04:00,8.319999694824219,8.800000190734863,8.319999694824219,8.479999542236328,17500,0.0,0.0
2023-07-12 00:00:00-04:00,8.640000343322754,8.800000190734863,8.399999618530273,8.720000267028809,3913,0.0,0.0
2023-07-13 00:00:00-04:00,8.479999542236328,8.800000190734863,7.920000076293945,8.479999542236328,33275,0.0,0.0
2023-07-14 00:00:00-04:00,8.640000343322754,8.640000343322754,7.760000228881836,8.079999923706055,23075,0.0,0.0
2023-07-17 00:00:00-04:00,8.15999984741211,8.239999771118164,7.760000228881836,8.0,14013,0.0,0.0
2023-07-18 00:00:00-04:00,7.840000152587891,8.479999542236328,7.840000152587891,8.319999694824219,14850,0.0,0.0
2023-07-19 00:00:00-04:00,8.399999618530273,8.5600004196167,8.0,8.239999771118164,10450,0.0,0.0
2023-07-20 00:00:00-04:00,8.239999771118164,8.399999618530273,8.0,8.15999984741211,12225,0.0,0.0
2023-07-21 00:00:00-04:00,8.15999984741211,8.15999984741211,7.840000152587891,8.0,3900,0.0,0.0
2023-07-24 00:00:00-04:00,8.079999923706055,8.239999771118164,7.760000228881836,7.760000228881836,6900,0.0,0.0
2023-07-25 00:00:00-04:00,7.840000152587891,8.15999984741211,7.760000228881836,8.079999923706055,4875,0.0,0.0
2023-07-26 00:00:00-04:00,7.920000076293945,8.239999771118164,7.920000076293945,8.079999923706055,4100,0.0,0.0
2023-07-27 00:00:00-04:00,8.239999771118164,8.239999771118164,7.920000076293945,7.920000076293945,4788,0.0,0.0
2023-07-28 00:00:00-04:00,8.15999984741211,8.239999771118164,8.0,8.079999923706055,3988,0.0,0.0
2023-07-31 00:00:00-04:00,8.15999984741211,8.800000190734863,8.15999984741211,8.319999694824219,9388,0.0,0.0
2023-08-01 00:00:00-04:00,8.5600004196167,8.800000190734863,8.239999771118164,8.5600004196167,9300,0.0,0.0
2023-08-02 00:00:00-04:00,8.5600004196167,8.640000343322754,8.079999923706055,8.079999923706055,10138,0.0,0.0
2023-08-03 00:00:00-04:00,8.15999984741211,8.319999694824219,8.079999923706055,8.15999984741211,5438,0.0,0.0
2023-08-04 00:00:00-04:00,8.079999923706055,8.399999618530273,8.079999923706055,8.239999771118164,3775,0.0,0.0
2023-08-07 00:00:00-04:00,8.319999694824219,8.319999694824219,8.079999923706055,8.15999984741211,2988,0.0,0.0
2023-08-08 00:00:00-04:00,8.0,8.239999771118164,8.0,8.15999984741211,9200,0.0,0.0
2023-08-09 00:00:00-04:00,8.079999923706055,8.239999771118164,7.920000076293945,8.079999923706055,3113,0.0,0.0
2023-08-10 00:00:00-04:00,8.399999618530273,8.399999618530273,8.079999923706055,8.319999694824219,6275,0.0,0.0
2023-08-11 00:00:00-04:00,8.15999984741211,8.399999618530273,8.0,8.15999984741211,5400,0.0,0.0
2023-08-14 00:00:00-04:00,8.0,8.5600004196167,7.920000076293945,8.239999771118164,14813,0.0,0.0
2023-08-15 00:00:00-04:00,8.319999694824219,8.319999694824219,7.199999809265137,7.199999809265137,60313,0.0,0.0
2023-08-16 00:00:00-04:00,7.199999809265137,7.440000057220459,6.800000190734863,7.360000133514404,30200,0.0,0.0
2023-08-17 00:00:00-04:00,7.360000133514404,7.920000076293945,7.199999809265137,7.28000020980835,16625,0.0,0.0
2023-08-18 00:00:00-04:00,7.199999809265137,7.519999980926514,7.039999961853027,7.519999980926514,12125,0.0,0.0
2023-08-21 00:00:00-04:00,7.599999904632568,7.599999904632568,7.199999809265137,7.28000020980835,6038,0.0,0.0
2023-08-22 00:00:00-04:00,7.440000057220459,7.599999904632568,6.880000114440918,6.960000038146973,16238,0.0,0.0
2023-08-23 00:00:00-04:00,6.960000038146973,7.28000020980835,6.800000190734863,7.119999885559082,12075,0.0,0.0
2023-08-24 00:00:00-04:00,7.039999961853027,7.519999980926514,6.559999942779541,6.880000114440918,29550,0.0,0.0
2023-08-25 00:00:00-04:00,6.71999979019165,7.039999961853027,6.480000019073486,6.559999942779541,8263,0.0,0.0
2023-08-28 00:00:00-04:00,6.400000095367432,6.800000190734863,5.920000076293945,6.079999923706055,31863,0.0,0.0
2023-08-29 00:00:00-04:00,6.239999771118164,6.400000095367432,6.0,6.239999771118164,10538,0.0,0.0
2023-08-30 00:00:00-04:00,6.320000171661377,6.400000095367432,6.079999923706055,6.320000171661377,8713,0.0,0.0
2023-08-31 00:00:00-04:00,6.320000171661377,7.360000133514404,6.239999771118164,7.199999809265137,37988,0.0,0.0
2023-09-01 00:00:00-04:00,7.199999809265137,7.28000020980835,6.800000190734863,7.039999961853027,9763,0.0,0.0
2023-09-05 00:00:00-04:00,6.800000190734863,7.199999809265137,6.800000190734863,7.039999961853027,4350,0.0,0.0
2023-09-06 00:00:00-04:00,7.199999809265137,7.28000020980835,6.71999979019165,6.880000114440918,10413,0.0,0.0
2023-09-07 00:00:00-04:00,6.880000114440918,7.119999885559082,6.480000019073486,6.71999979019165,9150,0.0,0.0
2023-09-08 00:00:00-04:00,6.71999979019165,6.71999979019165,6.400000095367432,6.480000019073486,5100,0.0,0.0
2023-09-11 00:00:00-04:00,6.880000114440918,7.119999885559082,6.559999942779541,7.119999885559082,9413,0.0,0.0
2023-09-12 00:00:00-04:00,7.199999809265137,7.920000076293945,7.199999809265137,7.920000076293945,20975,0.0,0.0
2023-09-13 00:00:00-04:00,7.920000076293945,8.239999771118164,7.599999904632568,7.920000076293945,14138,0.0,0.0
2023-09-14 00:00:00-04:00,8.0,8.0,7.119999885559082,7.199999809265137,22200,0.0,0.0
2023-09-15 00:00:00-04:00,7.039999961853027,8.079999923706055,6.639999866485596,8.079999923706055,29000,0.0,0.0
2023-09-18 00:00:00-04:00,7.440000057220459,7.599999904632568,7.119999885559082,7.199999809265137,9438,0.0,0.0
2023-09-19 00:00:00-04:00,7.599999904632568,7.599999904632568,7.039999961853027,7.360000133514404,5288,0.0,0.0
2023-09-20 00:00:00-04:00,7.599999904632568,7.920000076293945,7.28000020980835,7.360000133514404,3813,0.0,0.0
2023-09-21 00:00:00-04:00,7.28000020980835,7.599999904632568,7.119999885559082,7.360000133514404,4250,0.0,0.0
2023-09-22 00:00:00-04:00,7.28000020980835,7.599999904632568,7.119999885559082,7.199999809265137,2900,0.0,0.0
2023-09-25 00:00:00-04:00,7.599999904632568,7.840000152587891,7.28000020980835,7.440000057220459,8200,0.0,0.0
2023-09-26 00:00:00-04:00,7.360000133514404,7.599999904632568,7.28000020980835,7.28000020980835,2475,0.0,0.0
2023-09-27 00:00:00-04:00,7.28000020980835,7.840000152587891,7.28000020980835,7.28000020980835,3863,0.0,0.0
2023-09-28 00:00:00-04:00,7.28000020980835,7.679999828338623,6.960000038146973,6.960000038146973,8400,0.0,0.0
2023-09-29 00:00:00-04:00,7.199999809265137,7.28000020980835,6.800000190734863,6.880000114440918,6013,0.0,0.0
2023-10-02 00:00:00-04:00,6.800000190734863,6.960000038146973,6.480000019073486,6.480000019073486,8013,0.0,0.0
2023-10-03 00:00:00-04:00,6.480000019073486,7.039999961853027,6.480000019073486,6.559999942779541,5850,0.0,0.0
2023-10-04 00:00:00-04:00,6.480000019073486,6.639999866485596,6.400000095367432,6.480000019073486,2588,0.0,0.0
2023-10-05 00:00:00-04:00,6.159999847412109,6.559999942779541,6.159999847412109,6.320000171661377,21550,0.0,0.0
2023-10-06 00:00:00-04:00,6.239999771118164,6.71999979019165,6.079999923706055,6.639999866485596,6563,0.0,0.0
2023-10-09 00:00:00-04:00,6.480000019073486,6.480000019073486,6.079999923706055,6.159999847412109,3288,0.0,0.0
2023-10-10 00:00:00-04:00,6.320000171661377,6.559999942779541,6.079999923706055,6.239999771118164,2575,0.0,0.0
2023-10-11 00:00:00-04:00,6.239999771118164,6.239999771118164,6.0,6.0,6825,0.0,0.0
2023-10-12 00:00:00-04:00,6.320000171661377,6.480000019073486,6.079999923706055,6.239999771118164,3500,0.0,0.0
2023-10-13 00:00:00-04:00,6.320000171661377,6.320000171661377,6.0,6.079999923706055,5288,0.0,0.0
2023-10-16 00:00:00-04:00,6.320000171661377,6.320000171661377,6.0,6.0,3613,0.0,0.0
2023-10-17 00:00:00-04:00,6.159999847412109,6.239999771118164,6.0,6.079999923706055,2213,0.0,0.0
2023-10-18 00:00:00-04:00,6.079999923706055,6.239999771118164,6.0,6.159999847412109,6813,0.0,0.0
2023-10-19 00:00:00-04:00,6.239999771118164,6.400000095367432,6.0,6.159999847412109,21538,0.0,0.0
2023-10-20 00:00:00-04:00,6.0,6.400000095367432,6.0,6.159999847412109,5000,0.0,0.0
2023-10-23 00:00:00-04:00,6.159999847412109,6.239999771118164,6.0,6.159999847412109,4800,0.0,0.0
2023-10-24 00:00:00-04:00,6.079999923706055,6.239999771118164,6.079999923706055,6.159999847412109,5675,0.0,0.0
2023-10-25 00:00:00-04:00,6.0,6.239999771118164,5.920000076293945,5.920000076293945,4100,0.0,0.0
2023-10-26 00:00:00-04:00,6.159999847412109,6.159999847412109,5.599999904632568,5.679999828338623,10625,0.0,0.0
2023-10-27 00:00:00-04:00,5.760000228881836,5.840000152587891,5.360000133514404,5.519999980926514,7938,0.0,0.0
2023-10-30 00:00:00-04:00,5.599999904632568,5.840000152587891,5.599999904632568,5.599999904632568,3575,0.0,0.0
2023-10-31 00:00:00-04:00,5.599999904632568,5.599999904632568,5.440000057220459,5.440000057220459,5388,0.0,0.0
2023-11-01 00:00:00-04:00,5.440000057220459,5.599999904632568,5.360000133514404,5.519999980926514,4163,0.0,0.0
2023-11-02 00:00:00-04:00,5.519999980926514,5.519999980926514,5.360000133514404,5.440000057220459,4450,0.0,0.0
2023-11-03 00:00:00-04:00,5.599999904632568,5.599999904632568,5.360000133514404,5.440000057220459,6413,0.0,0.0
2023-11-06 00:00:00-05:00,5.440000057220459,5.599999904632568,5.360000133514404,5.440000057220459,3138,0.0,0.0
2023-11-07 00:00:00-05:00,5.519999980926514,5.519999980926514,5.360000133514404,5.440000057220459,3625,0.0,0.0
2023-11-08 00:00:00-05:00,5.440000057220459,5.440000057220459,5.199999809265137,5.360000133514404,7363,0.0,0.0
2023-11-09 00:00:00-05:00,5.440000057220459,5.440000057220459,5.039999961853027,5.119999885559082,7988,0.0,0.0
2023-11-10 00:00:00-05:00,5.28000020980835,5.519999980926514,5.199999809265137,5.360000133514404,4800,0.0,0.0
2023-11-13 00:00:00-05:00,5.199999809265137,5.199999809265137,4.960000038146973,5.119999885559082,6675,0.0,0.0
2023-11-14 00:00:00-05:00,5.039999961853027,5.119999885559082,4.559999942779541,4.639999866485596,25438,0.0,0.0
2023-11-15 00:00:00-05:00,4.480000019073486,5.199999809265137,4.480000019073486,5.119999885559082,14163,0.0,0.0
2023-11-16 00:00:00-05:00,5.119999885559082,5.199999809265137,4.800000190734863,4.880000114440918,6200,0.0,0.0
2023-11-17 00:00:00-05:00,4.960000038146973,5.039999961853027,4.559999942779541,4.559999942779541,7275,0.0,0.0
2023-11-20 00:00:00-05:00,4.559999942779541,4.71999979019165,4.559999942779541,4.639999866485596,2225,0.0,0.0
2023-11-21 00:00:00-05:00,4.639999866485596,4.639999866485596,4.559999942779541,4.559999942779541,10263,0.0,0.0
2023-11-22 00:00:00-05:00,4.639999866485596,5.039999961853027,4.639999866485596,5.039999961853027,21750,0.0,0.0
2023-11-24 00:00:00-05:00,5.28000020980835,5.28000020980835,4.800000190734863,5.119999885559082,17863,0.0,0.0
2023-11-27 00:00:00-05:00,5.360000133514404,5.599999904632568,5.119999885559082,5.440000057220459,5200,0.0,0.0
2023-11-28 00:00:00-05:00,5.519999980926514,6.239999771118164,5.519999980926514,6.159999847412109,17688,0.0,0.0
2023-11-29 00:00:00-05:00,6.079999923706055,6.400000095367432,6.0,6.320000171661377,13138,0.0,0.0
2023-11-30 00:00:00-05:00,6.320000171661377,6.400000095367432,6.0,6.159999847412109,4338,0.0,0.0
2023-12-01 00:00:00-05:00,6.159999847412109,7.039999961853027,6.0,6.960000038146973,11350,0.0,0.0
2023-12-04 00:00:00-05:00,7.039999961853027,7.599999904632568,6.639999866485596,7.360000133514404,23425,0.0,0.0
2023-12-05 00:00:00-05:00,7.360000133514404,7.360000133514404,6.480000019073486,6.800000190734863,11038,0.0,0.0
2023-12-06 00:00:00-05:00,6.639999866485596,6.800000190734863,6.480000019073486,6.639999866485596,4750,0.0,0.0
2023-12-07 00:00:00-05:00,6.559999942779541,6.559999942779541,5.760000228881836,6.079999923706055,13438,0.0,0.0
2023-12-08 00:00:00-05:00,6.0,6.0,5.760000228881836,5.920000076293945,2663,0.0,0.0
2023-12-11 00:00:00-05:00,6.0,6.320000171661377,6.0,6.0,2163,0.0,0.0
2023-12-12 00:00:00-05:00,6.0,6.0,5.840000152587891,5.840000152587891,3275,0.0,0.0
2023-12-13 00:00:00-05:00,5.920000076293945,6.0,5.760000228881836,5.760000228881836,4838,0.0,0.0
2023-12-14 00:00:00-05:00,6.0,6.320000171661377,6.0,6.079999923706055,5900,0.0,0.0
2023-12-15 00:00:00-05:00,6.159999847412109,6.159999847412109,5.599999904632568,5.679999828338623,5388,0.0,0.0
2023-12-18 00:00:00-05:00,5.519999980926514,5.760000228881836,5.28000020980835,5.28000020980835,5250,0.0,0.0
2023-12-19 00:00:00-05:00,5.440000057220459,5.599999904632568,5.28000020980835,5.599999904632568,4688,0.0,0.0
2023-12-20 00:00:00-05:00,5.519999980926514,5.519999980926514,4.960000038146973,4.960000038146973,8688,0.0,0.0
2023-12-21 00:00:00-05:00,4.960000038146973,5.119999885559082,4.960000038146973,4.960000038146973,7763,0.0,0.0
2023-12-22 00:00:00-05:00,4.960000038146973,5.119999885559082,4.880000114440918,5.039999961853027,6000,0.0,0.0
2023-12-26 00:00:00-05:00,4.960000038146973,5.28000020980835,4.960000038146973,5.28000020980835,2538,0.0,0.0
2023-12-27 00:00:00-05:00,5.28000020980835,5.840000152587891,5.199999809265137,5.360000133514404,10938,0.0,0.0
2023-12-28 00:00:00-05:00,5.199999809265137,5.440000057220459,4.880000114440918,4.960000038146973,8738,0.0,0.0
2023-12-29 00:00:00-05:00,5.039999961853027,5.199999809265137,4.960000038146973,5.039999961853027,5200,0.0,0.0
2024-01-02 00:00:00-05:00,5.119999885559082,5.119999885559082,4.880000114440918,4.960000038146973,6563,0.0,0.0
2024-01-03 00:00:00-05:00,4.960000038146973,4.960000038146973,4.800000190734863,4.960000038146973,3125,0.0,0.0
2024-01-04 00:00:00-05:00,4.71999979019165,4.960000038146973,4.639999866485596,4.800000190734863,4138,0.0,0.0
2024-01-05 00:00:00-05:00,4.800000190734863,5.039999961853027,4.71999979019165,4.960000038146973,4325,0.0,0.0
2024-01-08 00:00:00-05:00,5.440000057220459,5.599999904632568,5.119999885559082,5.28000020980835,4438,0.0,0.0
2024-01-09 00:00:00-05:00,5.039999961853027,5.440000057220459,5.039999961853027,5.199999809265137,5113,0.0,0.0
2024-01-10 00:00:00-05:00,5.199999809265137,5.28000020980835,4.880000114440918,5.119999885559082,4175,0.0,0.0
2024-01-11 00:00:00-05:00,4.960000038146973,5.039999961853027,4.559999942779541,4.800000190734863,12550,0.0,0.0
2024-01-12 00:00:00-05:00,4.800000190734863,4.800000190734863,4.639999866485596,4.800000190734863,1363,0.0,0.0
2024-01-16 00:00:00-05:00,4.71999979019165,4.960000038146973,4.71999979019165,4.71999979019165,6150,0.0,0.0
2024-01-17 00:00:00-05:00,4.71999979019165,5.039999961853027,4.71999979019165,5.039999961853027,3688,0.0,0.0
2024-01-18 00:00:00-05:00,4.800000190734863,5.039999961853027,4.71999979019165,4.960000038146973,3538,0.0,0.0
2024-01-19 00:00:00-05:00,4.800000190734863,4.960000038146973,4.639999866485596,4.800000190734863,3325,0.0,0.0
2024-01-22 00:00:00-05:00,4.639999866485596,5.199999809265137,4.639999866485596,4.960000038146973,4025,0.0,0.0
2024-01-23 00:00:00-05:00,4.71999979019165,4.880000114440918,4.71999979019165,4.71999979019165,2988,0.0,0.0
2024-01-24 00:00:00-05:00,4.71999979019165,5.119999885559082,4.639999866485596,4.960000038146973,5838,0.0,0.0
2024-01-25 00:00:00-05:00,4.800000190734863,5.039999961853027,4.639999866485596,4.880000114440918,3350,0.0,0.0
2024-01-26 00:00:00-05:00,4.800000190734863,4.880000114440918,4.559999942779541,4.880000114440918,2975,0.0,0.0
2024-01-29 00:00:00-05:00,4.71999979019165,4.800000190734863,4.559999942779541,4.71999979019165,2513,0.0,0.0
2024-01-30 00:00:00-05:00,4.880000114440918,4.880000114440918,4.400000095367432,4.639999866485596,2213,0.0,0.0
2024-01-31 00:00:00-05:00,4.71999979019165,4.800000190734863,4.400000095367432,4.559999942779541,2363,0.0,0.0
2024-02-01 00:00:00-05:00,4.400000095367432,4.800000190734863,4.400000095367432,4.559999942779541,3388,0.0,0.0
2024-02-02 00:00:00-05:00,4.639999866485596,4.800000190734863,4.480000019073486,4.480000019073486,4100,0.0,0.0
2024-02-05 00:00:00-05:00,4.480000019073486,4.800000190734863,4.480000019073486,4.480000019073486,3775,0.0,0.0
2024-02-06 00:00:00-05:00,4.71999979019165,4.71999979019165,4.559999942779541,4.559999942779541,1850,0.0,0.0
2024-02-07 00:00:00-05:00,4.559999942779541,4.639999866485596,4.480000019073486,4.559999942779541,2413,0.0,0.0
2024-02-08 00:00:00-05:00,4.71999979019165,4.880000114440918,4.639999866485596,4.800000190734863,5863,0.0,0.0
2024-02-09 00:00:00-05:00,4.71999979019165,5.119999885559082,4.71999979019165,5.039999961853027,3975,0.0,0.0
2024-02-12 00:00:00-05:00,4.880000114440918,5.599999904632568,4.559999942779541,5.039999961853027,15825,0.0,0.0
2024-02-13 00:00:00-05:00,5.760000228881836,6.559999942779541,5.599999904632568,5.760000228881836,33100,0.0,0.0
2024-02-14 00:00:00-05:00,5.760000228881836,5.920000076293945,5.199999809265137,5.920000076293945,11463,0.0,0.0
2024-02-15 00:00:00-05:00,6.079999923706055,6.71999979019165,5.920000076293945,6.639999866485596,26663,0.0,0.0
2024-02-16 00:00:00-05:00,7.039999961853027,7.199999809265137,5.920000076293945,7.119999885559082,24275,0.0,0.0
2024-02-20 00:00:00-05:00,7.199999809265137,10.15999984741211,7.039999961853027,8.5600004196167,285263,0.0,0.0
2024-02-21 00:00:00-05:00,8.399999618530273,8.960000038146973,7.28000020980835,8.079999923706055,57725,0.0,0.0
2024-02-22 00:00:00-05:00,8.640000343322754,8.640000343322754,7.360000133514404,7.920000076293945,91663,0.0,0.0
2024-02-23 00:00:00-05:00,7.599999904632568,8.0,7.039999961853027,7.28000020980835,20388,0.0,0.0
2024-02-26 00:00:00-05:00,7.760000228881836,8.640000343322754,7.679999828338623,7.920000076293945,46650,0.0,0.0
2024-02-27 00:00:00-05:00,8.0,8.0,7.440000057220459,7.760000228881836,16563,0.0,0.0
2024-02-28 00:00:00-05:00,8.319999694824219,8.399999618530273,7.760000228881836,8.079999923706055,47188,0.0,0.0
2024-02-29 00:00:00-05:00,8.079999923706055,8.079999923706055,7.599999904632568,8.0,17688,0.0,0.0
2024-03-01 00:00:00-05:00,8.0,8.079999923706055,7.760000228881836,8.079999923706055,8488,0.0,0.0
2024-03-04 00:00:00-05:00,7.920000076293945,8.0,7.679999828338623,7.920000076293945,19475,0.0,0.0
2024-03-05 00:00:00-05:00,8.079999923706055,8.079999923706055,6.400000095367432,7.199999809265137,23850,0.0,0.0
2024-03-06 00:00:00-05:00,7.440000057220459,7.599999904632568,6.880000114440918,6.880000114440918,15688,0.0,0.0
2024-03-07 00:00:00-05:00,7.039999961853027,7.119999885559082,6.239999771118164,6.639999866485596,16388,0.0,0.0
2024-03-08 00:00:00-05:00,6.480000019073486,6.71999979019165,6.0,6.320000171661377,15288,0.0,0.0
2024-03-11 00:00:00-04:00,6.239999771118164,6.239999771118164,5.679999828338623,5.679999828338623,15175,0.0,0.0
2024-03-12 00:00:00-04:00,5.760000228881836,6.0,5.679999828338623,5.679999828338623,5325,0.0,0.0
2024-03-13 00:00:00-04:00,5.920000076293945,6.400000095367432,5.760000228881836,5.840000152587891,26238,0.0,0.0
2024-03-14 00:00:00-04:00,6.0,6.400000095367432,5.519999980926514,5.679999828338623,33863,0.0,0.0
2024-03-15 00:00:00-04:00,5.679999828338623,5.920000076293945,5.360000133514404,5.760000228881836,5525,0.0,0.0
2024-03-18 00:00:00-04:00,5.679999828338623,6.320000171661377,5.360000133514404,5.599999904632568,22713,0.0,0.0
2024-03-19 00:00:00-04:00,6.0,6.800000190734863,5.679999828338623,6.480000019073486,25450,0.0,0.0
2024-03-20 00:00:00-04:00,7.039999961853027,7.519999980926514,6.559999942779541,7.199999809265137,29750,0.0,0.0
2024-03-21 00:00:00-04:00,7.199999809265137,7.199999809265137,6.800000190734863,6.880000114440918,12600,0.0,0.0
2024-03-22 00:00:00-04:00,7.119999885559082,7.119999885559082,6.480000019073486,6.559999942779541,7788,0.0,0.0
2024-03-25 00:00:00-04:00,6.559999942779541,7.039999961853027,6.559999942779541,6.800000190734863,7413,0.0,0.0
2024-03-26 00:00:00-04:00,6.71999979019165,7.199999809265137,6.559999942779541,6.639999866485596,5975,0.0,0.0
2024-03-27 00:00:00-04:00,6.559999942779541,6.960000038146973,6.480000019073486,6.559999942779541,8975,0.0,0.0
2024-03-28 00:00:00-04:00,6.800000190734863,7.199999809265137,6.559999942779541,7.199999809265137,12175,0.0,0.0
2024-04-01 00:00:00-04:00,7.119999885559082,7.199999809265137,6.480000019073486,6.480000019073486,8013,0.0,0.0
2024-04-02 00:00:00-04:00,6.559999942779541,6.71999979019165,6.400000095367432,6.559999942779541,4875,0.0,0.0
2024-04-03 00:00:00-04:00,6.800000190734863,6.800000190734863,5.840000152587891,6.320000171661377,15713,0.0,0.0
2024-04-04 00:00:00-04:00,6.559999942779541,6.960000038146973,6.400000095367432,6.480000019073486,3738,0.0,0.0
2024-04-05 00:00:00-04:00,6.480000019073486,6.800000190734863,6.159999847412109,6.320000171661377,6638,0.0,0.0
2024-04-08 00:00:00-04:00,6.559999942779541,6.639999866485596,6.159999847412109,6.639999866485596,6100,0.0,0.0
2024-04-09 00:00:00-04:00,6.960000038146973,6.960000038146973,6.639999866485596,6.800000190734863,17338,0.0,0.0
2024-04-10 00:00:00-04:00,6.559999942779541,6.71999979019165,6.159999847412109,6.400000095367432,7538,0.0,0.0
2024-04-11 00:00:00-04:00,6.400000095367432,6.71999979019165,6.320000171661377,6.639999866485596,2638,0.0,0.0
2024-04-12 00:00:00-04:00,6.71999979019165,6.880000114440918,6.559999942779541,6.800000190734863,6725,0.0,0.0
2024-04-15 00:00:00-04:00,6.800000190734863,7.199999809265137,6.480000019073486,6.639999866485596,9575,0.0,0.0
2024-04-16 00:00:00-04:00,6.480000019073486,7.199999809265137,6.480000019073486,7.039999961853027,4125,0.0,0.0
2024-04-17 00:00:00-04:00,6.880000114440918,6.960000038146973,6.71999979019165,6.71999979019165,1925,0.0,0.0
2024-04-18 00:00:00-04:00,7.039999961853027,7.039999961853027,6.559999942779541,6.71999979019165,7350,0.0,0.0
2024-04-19 00:00:00-04:00,6.800000190734863,7.199999809265137,6.559999942779541,6.559999942779541,2975,0.0,0.0
2024-04-22 00:00:00-04:00,6.800000190734863,7.519999980926514,6.639999866485596,7.199999809265137,27713,0.0,0.0
2024-04-23 00:00:00-04:00,7.28000020980835,7.599999904632568,7.119999885559082,7.28000020980835,7300,0.0,0.0
2024-04-24 00:00:00-04:00,7.119999885559082,7.599999904632568,6.960000038146973,7.28000020980835,8788,0.0,0.0
2024-04-25 00:00:00-04:00,7.039999961853027,7.440000057220459,7.039999961853027,7.199999809265137,6250,0.0,0.0
2024-04-26 00:00:00-04:00,7.199999809265137,7.599999904632568,7.199999809265137,7.360000133514404,14800,0.0,0.0
2024-04-29 00:00:00-04:00,7.360000133514404,7.599999904632568,7.28000020980835,7.360000133514404,7625,0.0,0.0
2024-04-30 00:00:00-04:00,7.440000057220459,7.519999980926514,7.039999961853027,7.199999809265137,3700,0.0,0.0
2024-05-01 00:00:00-04:00,7.440000057220459,7.440000057220459,7.119999885559082,7.199999809265137,2788,0.0,0.0
2024-05-02 00:00:00-04:00,7.440000057220459,7.440000057220459,7.199999809265137,7.360000133514404,4813,0.0,0.0
2024-05-03 00:00:00-04:00,7.119999885559082,7.28000020980835,6.880000114440918,6.960000038146973,3400,0.0,0.0
2024-05-06 00:00:00-04:00,7.039999961853027,7.440000057220459,6.880000114440918,6.880000114440918,6575,0.0,0.0
2024-05-07 00:00:00-04:00,6.880000114440918,6.880000114440918,6.079999923706055,6.159999847412109,15613,0.0,0.0
2024-05-08 00:00:00-04:00,6.639999866485596,6.639999866485596,6.079999923706055,6.239999771118164,3663,0.0,0.0
2024-05-09 00:00:00-04:00,6.320000171661377,6.400000095367432,6.159999847412109,6.320000171661377,3138,0.0,0.0
2024-05-10 00:00:00-04:00,6.239999771118164,6.480000019073486,6.239999771118164,6.480000019073486,9975,0.0,0.0
2024-05-13 00:00:00-04:00,6.400000095367432,6.559999942779541,6.159999847412109,6.320000171661377,5350,0.0,0.0
2024-05-14 00:00:00-04:00,6.159999847412109,6.800000190734863,6.159999847412109,6.400000095367432,4438,0.0,0.0
2024-05-15 00:00:00-04:00,6.480000019073486,6.71999979019165,6.239999771118164,6.400000095367432,3963,0.0,0.0
2024-05-16 00:00:00-04:00,6.559999942779541,6.960000038146973,6.239999771118164,6.639999866485596,12775,0.0,0.0
2024-05-17 00:00:00-04:00,6.639999866485596,6.71999979019165,6.159999847412109,6.400000095367432,9025,0.0,0.0
2024-05-20 00:00:00-04:00,6.559999942779541,6.800000190734863,6.239999771118164,6.480000019073486,5288,0.0,0.0
2024-05-21 00:00:00-04:00,6.400000095367432,6.400000095367432,4.800000190734863,5.28000020980835,39700,0.0,0.0
2024-05-22 00:00:00-04:00,5.760000228881836,5.840000152587891,4.960000038146973,5.119999885559082,34125,0.0,0.0
2024-05-23 00:00:00-04:00,5.440000057220459,5.440000057220459,5.039999961853027,5.119999885559082,4388,0.0,0.0
2024-05-24 00:00:00-04:00,5.519999980926514,5.519999980926514,5.119999885559082,5.119999885559082,3563,0.0,0.0
2024-05-28 00:00:00-04:00,5.440000057220459,5.920000076293945,5.28000020980835,5.519999980926514,13338,0.0,0.0
2024-05-29 00:00:00-04:00,5.519999980926514,5.840000152587891,5.360000133514404,5.599999904632568,4775,0.0,0.0
2024-05-30 00:00:00-04:00,5.679999828338623,5.679999828338623,5.360000133514404,5.440000057220459,5588,0.0,0.0
2024-05-31 00:00:00-04:00,5.360000133514404,5.679999828338623,5.360000133514404,5.440000057220459,2975,0.0,0.0
2024-06-03 00:00:00-04:00,5.440000057220459,5.440000057220459,5.119999885559082,5.440000057220459,5738,0.0,0.0
2024-06-04 00:00:00-04:00,5.199999809265137,5.360000133514404,5.119999885559082,5.28000020980835,2388,0.0,0.0
2024-06-05 00:00:00-04:00,5.360000133514404,5.360000133514404,5.039999961853027,5.119999885559082,7638,0.0,0.0
2024-06-06 00:00:00-04:00,5.039999961853027,5.039999961853027,4.559999942779541,4.800000190734863,14725,0.0,0.0
2024-06-07 00:00:00-04:00,4.880000114440918,5.119999885559082,4.639999866485596,4.880000114440918,6888,0.0,0.0
2024-06-10 00:00:00-04:00,4.800000190734863,5.119999885559082,4.71999979019165,4.71999979019165,7288,0.0,0.0
2024-06-11 00:00:00-04:00,4.71999979019165,5.039999961853027,4.71999979019165,4.880000114440918,4988,0.0,0.0
2024-06-12 00:00:00-04:00,4.880000114440918,4.960000038146973,4.880000114440918,4.880000114440918,1813,0.0,0.0
2024-06-13 00:00:00-04:00,4.71999979019165,4.880000114440918,4.400000095367432,4.480000019073486,14300,0.0,0.0
2024-06-14 00:00:00-04:00,4.800000190734863,4.880000114440918,4.559999942779541,4.800000190734863,1338,0.0,0.0
2024-06-17 00:00:00-04:00,4.71999979019165,4.880000114440918,4.71999979019165,4.800000190734863,3500,0.0,0.0
2024-06-18 00:00:00-04:00,4.800000190734863,4.800000190734863,4.559999942779541,4.800000190734863,6863,0.0,0.0
2024-06-20 00:00:00-04:00,4.559999942779541,4.71999979019165,4.480000019073486,4.480000019073486,9488,0.0,0.0
2024-06-21 00:00:00-04:00,4.480000019073486,4.559999942779541,3.5999999046325684,4.239999771118164,19488,0.0,0.0
2024-06-24 00:00:00-04:00,4.0,4.71999979019165,4.0,4.0,6063,0.0,0.0
2024-06-25 00:00:00-04:00,3.9200000762939453,4.320000171661377,3.9200000762939453,4.079999923706055,2788,0.0,0.0
2024-06-26 00:00:00-04:00,4.239999771118164,4.559999942779541,4.079999923706055,4.079999923706055,5000,0.0,0.0
2024-06-27 00:00:00-04:00,4.079999923706055,4.400000095367432,3.9200000762939453,4.079999923706055,9688,0.0,0.0
2024-06-28 00:00:00-04:00,4.159999847412109,4.239999771118164,4.0,4.079999923706055,988,0.0,0.0
2024-07-01 00:00:00-04:00,4.0,4.0,3.2799999713897705,3.5999999046325684,23325,0.0,0.0
2024-07-02 00:00:00-04:00,3.440000057220459,3.5999999046325684,3.359999895095825,3.440000057220459,3438,0.0,0.0
2024-07-03 00:00:00-04:00,3.440000057220459,3.759999990463257,3.359999895095825,3.759999990463257,5925,0.0,0.0
2024-07-05 00:00:00-04:00,3.5199999809265137,4.0,3.5199999809265137,3.8399999141693115,11613,0.0,0.0
2024-07-08 00:00:00-04:00,4.0,4.0,3.5999999046325684,3.8399999141693115,6925,0.0,0.0
2024-07-09 00:00:00-04:00,3.9200000762939453,4.0,3.680000066757202,3.9200000762939453,4263,0.0,0.0
2024-07-10 00:00:00-04:00,3.8399999141693115,4.0,3.680000066757202,3.8399999141693115,3638,0.0,0.0
2024-07-11 00:00:00-04:00,3.8399999141693115,3.9200000762939453,3.680000066757202,3.9200000762939453,1725,0.0,0.0
2024-07-12 00:00:00-04:00,3.8399999141693115,3.9200000762939453,3.680000066757202,3.8399999141693115,2263,0.0,0.0
2024-07-15 00:00:00-04:00,3.8399999141693115,4.0,3.8399999141693115,4.0,2638,0.0,0.0
2024-07-16 00:00:00-04:00,3.9200000762939453,3.9200000762939453,3.680000066757202,3.759999990463257,7300,0.0,0.0
2024-07-17 00:00:00-04:00,3.759999990463257,3.9200000762939453,3.680000066757202,3.9200000762939453,2525,0.0,0.0
2024-07-18 00:00:00-04:00,3.8399999141693115,4.0,3.8399999141693115,3.9200000762939453,8463,0.0,0.0
2024-07-19 00:00:00-04:00,3.9200000762939453,4.0,3.8399999141693115,3.8399999141693115,2363,0.0,0.0
2024-07-22 00:00:00-04:00,3.9200000762939453,4.559999942779541,3.8399999141693115,3.9200000762939453,23800,0.0,0.0
2024-07-23 00:00:00-04:00,4.0,4.0,3.759999990463257,3.8399999141693115,4175,0.0,0.0
2024-07-24 00:00:00-04:00,3.8399999141693115,4.0,3.680000066757202,3.8399999141693115,4100,0.0,0.0
2024-07-25 00:00:00-04:00,3.8399999141693115,4.079999923706055,3.759999990463257,4.079999923706055,4300,0.0,0.0
2024-07-26 00:00:00-04:00,3.9200000762939453,4.0,3.680000066757202,3.680000066757202,4188,0.0,0.0
2024-07-29 00:00:00-04:00,3.759999990463257,3.759999990463257,3.5999999046325684,3.680000066757202,3850,0.0,0.0
2024-07-30 00:00:00-04:00,3.5999999046325684,3.759999990463257,3.5999999046325684,3.680000066757202,1038,0.0,0.0
2024-07-31 00:00:00-04:00,3.680000066757202,4.0,3.5199999809265137,3.759999990463257,5550,0.0,0.0
2024-08-01 00:00:00-04:00,3.8399999141693115,3.8399999141693115,3.5199999809265137,3.759999990463257,2288,0.0,0.0
2024-08-02 00:00:00-04:00,3.5199999809265137,3.759999990463257,3.440000057220459,3.680000066757202,913,0.0,0.0
2024-08-05 00:00:00-04:00,3.5999999046325684,3.5999999046325684,2.240000009536743,2.9600000381469727,17900,0.0,0.0
2024-08-06 00:00:00-04:00,3.119999885559082,3.200000047683716,2.9600000381469727,3.0399999618530273,6288,0.0,0.0
2024-08-07 00:00:00-04:00,3.0399999618530273,3.440000057220459,2.799999952316284,3.359999895095825,34625,0.0,0.0
2024-08-08 00:00:00-04:00,3.359999895095825,3.440000057220459,3.2799999713897705,3.2799999713897705,3050,0.0,0.0
2024-08-09 00:00:00-04:00,3.440000057220459,3.5199999809265137,3.0399999618530273,3.200000047683716,9900,0.0,0.0
2024-08-12 00:00:00-04:00,3.0399999618530273,3.200000047683716,2.9600000381469727,3.119999885559082,17875,0.0,0.0
2024-08-13 00:00:00-04:00,3.0399999618530273,3.200000047683716,2.880000114440918,2.880000114440918,3238,0.0,0.0
2024-08-14 00:00:00-04:00,2.640000104904175,2.640000104904175,2.4000000953674316,2.559999942779541,106175,0.0,0.0
2024-08-15 00:00:00-04:00,2.4000000953674316,2.4800000190734863,2.319999933242798,2.4000000953674316,15400,0.0,0.0
2024-08-16 00:00:00-04:00,2.240000009536743,2.4800000190734863,2.1600000858306885,2.4800000190734863,8988,0.0,0.0
2024-08-19 00:00:00-04:00,2.4800000190734863,3.759999990463257,2.4800000190734863,3.5199999809265137,75500,0.0,0.0
2024-08-20 00:00:00-04:00,3.2799999713897705,4.400000095367432,3.119999885559082,4.079999923706055,59350,0.0,0.0
2024-08-21 00:00:00-04:00,3.9200000762939453,3.9200000762939453,2.9600000381469727,3.2799999713897705,218438,0.0,0.0
2024-08-22 00:00:00-04:00,3.2799999713897705,4.0,2.880000114440918,3.119999885559082,32688,0.0,0.0
2024-08-23 00:00:00-04:00,3.200000047683716,3.5199999809265137,3.0399999618530273,3.440000057220459,8550,0.0,0.0
2024-08-26 00:00:00-04:00,3.440000057220459,3.5199999809265137,3.200000047683716,3.440000057220459,6413,0.0,0.0
2024-08-27 00:00:00-04:00,3.440000057220459,3.440000057220459,3.119999885559082,3.200000047683716,8700,0.0,0.0
2024-08-28 00:00:00-04:00,3.0399999618530273,3.2799999713897705,3.0399999618530273,3.2799999713897705,7463,0.0,0.0
2024-08-29 00:00:00-04:00,3.2799999713897705,3.359999895095825,3.119999885559082,3.359999895095825,8138,0.0,0.0
2024-08-30 00:00:00-04:00,3.359999895095825,3.440000057220459,3.200000047683716,3.359999895095825,14038,0.0,0.0
2024-09-03 00:00:00-04:00,3.2799999713897705,3.5199999809265137,3.119999885559082,3.440000057220459,21713,0.0,0.0
2024-09-04 00:00:00-04:00,3.440000057220459,3.759999990463257,3.440000057220459,3.5999999046325684,15213,0.0,0.0
2024-09-05 00:00:00-04:00,2.9600000381469727,2.9600000381469727,2.559999942779541,2.7200000286102295,56413,0.0,0.0
2024-09-06 00:00:00-04:00,2.7200000286102295,2.799999952316284,2.559999942779541,2.799999952316284,19250,0.0,0.0
2024-09-09 00:00:00-04:00,2.7200000286102295,2.799999952316284,2.4000000953674316,2.4000000953674316,6575,0.0,0.0
2024-09-10 00:00:00-04:00,2.4000000953674316,2.7200000286102295,2.1600000858306885,2.1600000858306885,13700,0.0,0.0
2024-09-11 00:00:00-04:00,2.319999933242798,2.4800000190734863,1.9199999570846558,2.1600000858306885,11538,0.0,0.0
2024-09-12 00:00:00-04:00,2.1600000858306885,2.559999942779541,2.0799999237060547,2.240000009536743,29913,0.0,0.0
2024-09-13 00:00:00-04:00,2.1600000858306885,2.4000000953674316,1.6799999475479126,2.0799999237060547,104113,0.0,0.0
2024-09-16 00:00:00-04:00,2.1600000858306885,2.1600000858306885,1.840000033378601,1.9199999570846558,109213,0.0,0.0
2024-09-17 00:00:00-04:00,1.809999942779541,1.8799999952316284,1.6100000143051147,1.7300000190734863,198100,0.0,0.125
2024-09-18 00:00:00-04:00,1.7200000286102295,1.840000033378601,1.659999966621399,1.7100000381469727,91600,0.0,0.0
2024-09-19 00:00:00-04:00,1.8300000429153442,2.059999942779541,1.5099999904632568,1.9500000476837158,171800,0.0,0.0
2024-09-20 00:00:00-04:00,1.940000057220459,1.9500000476837158,1.7000000476837158,1.7899999618530273,57100,0.0,0.0
2024-09-23 00:00:00-04:00,1.7599999904632568,2.180000066757202,1.75,2.0799999237060547,170300,0.0,0.0
2024-09-24 00:00:00-04:00,2.069999933242798,2.1500000953674316,1.75,1.8600000143051147,96500,0.0,0.0
2024-09-25 00:00:00-04:00,1.899999976158142,2.009999990463257,1.7599999904632568,1.8200000524520874,39700,0.0,0.0
2024-09-26 00:00:00-04:00,1.8600000143051147,1.9500000476837158,1.7999999523162842,1.850000023841858,28900,0.0,0.0
2024-09-27 00:00:00-04:00,1.909999966621399,1.9600000381469727,1.75,1.7799999713897705,79900,0.0,0.0
2024-09-30 00:00:00-04:00,1.75,1.7599999904632568,1.600000023841858,1.6699999570846558,108400,0.0,0.0
2024-10-01 00:00:00-04:00,1.6399999856948853,1.6399999856948853,1.559999942779541,1.600000023841858,66800,0.0,0.0
2024-10-02 00:00:00-04:00,1.5800000429153442,1.659999966621399,1.5499999523162842,1.649999976158142,64000,0.0,0.0
2024-10-03 00:00:00-04:00,1.6100000143051147,1.6200000047683716,1.5700000524520874,1.5700000524520874,29200,0.0,0.0
2024-10-04 00:00:00-04:00,1.590000033378601,1.649999976158142,1.4700000286102295,1.559999942779541,31700,0.0,0.0
2024-10-07 00:00:00-04:00,1.559999942779541,1.6299999952316284,1.559999942779541,1.6100000143051147,23400,0.0,0.0
2024-10-08 00:00:00-04:00,1.590000033378601,1.6399999856948853,1.559999942779541,1.5700000524520874,44500,0.0,0.0
2024-10-09 00:00:00-04:00,1.6200000047683716,1.6299999952316284,1.5700000524520874,1.590000033378601,9200,0.0,0.0
2024-10-10 00:00:00-04:00,1.600000023841858,1.6299999952316284,1.5199999809265137,1.5499999523162842,11700,0.0,0.0
2024-10-11 00:00:00-04:00,1.5399999618530273,1.5700000524520874,1.5199999809265137,1.5399999618530273,8400,0.0,0.0
2024-10-14 00:00:00-04:00,1.5399999618530273,1.6200000047683716,1.5099999904632568,1.5299999713897705,15700,0.0,0.0
2024-10-15 00:00:00-04:00,1.559999942779541,1.559999942779541,1.399999976158142,1.4299999475479126,41900,0.0,0.0
2024-10-16 00:00:00-04:00,1.4800000190734863,1.5399999618530273,1.4800000190734863,1.5099999904632568,7200,0.0,0.0
2024-10-17 00:00:00-04:00,1.5099999904632568,1.659999966621399,1.5099999904632568,1.6299999952316284,45000,0.0,0.0
2024-10-18 00:00:00-04:00,1.659999966621399,1.659999966621399,1.5700000524520874,1.6399999856948853,24400,0.0,0.0
2024-10-21 00:00:00-04:00,1.6399999856948853,1.7200000286102295,1.600000023841858,1.659999966621399,22900,0.0,0.0
2024-10-22 00:00:00-04:00,1.659999966621399,1.690000057220459,1.5499999523162842,1.6399999856948853,20100,0.0,0.0
2024-10-23 00:00:00-04:00,1.649999976158142,1.649999976158142,1.559999942779541,1.590000033378601,18600,0.0,0.0
2024-10-24 00:00:00-04:00,1.6200000047683716,1.6200000047683716,1.5099999904632568,1.590000033378601,14500,0.0,0.0
2024-10-25 00:00:00-04:00,1.5099999904632568,1.6399999856948853,1.5099999904632568,1.6200000047683716,25100,0.0,0.0
2024-10-28 00:00:00-04:00,1.6299999952316284,1.690000057220459,1.5800000429153442,1.659999966621399,29800,0.0,0.0
2024-10-29 00:00:00-04:00,1.5800000429153442,1.649999976158142,1.399999976158142,1.4299999475479126,761000,0.0,0.0
2024-10-30 00:00:00-04:00,1.4299999475479126,1.9199999570846558,1.409999966621399,1.840000033378601,1422100,0.0,0.0
2024-10-31 00:00:00-04:00,1.840000033378601,1.8600000143051147,1.3899999856948853,1.7200000286102295,591600,0.0,0.0
2024-11-01 00:00:00-04:00,1.6100000143051147,1.6699999570846558,1.4500000476837158,1.4800000190734863,110700,0.0,0.0
2024-11-04 00:00:00-05:00,1.4800000190734863,1.7200000286102295,1.4199999570846558,1.559999942779541,253200,0.0,0.0
2024-11-05 00:00:00-05:00,1.5099999904632568,1.590000033378601,1.4600000381469727,1.5,107700,0.0,0.0
2024-11-06 00:00:00-05:00,1.5199999809265137,1.5299999713897705,1.3700000047683716,1.440000057220459,174600,0.0,0.0
2024-11-07 00:00:00-05:00,1.409999966621399,1.440000057220459,1.2699999809265137,1.2999999523162842,212000,0.0,0.0
2024-11-08 00:00:00-05:00,1.3200000524520874,1.399999976158142,1.3200000524520874,1.350000023841858,103700,0.0,0.0
2024-11-11 00:00:00-05:00,1.3600000143051147,1.559999942779541,1.340000033378601,1.5,194600,0.0,0.0
2024-11-12 00:00:00-05:00,1.5,1.5199999809265137,1.3700000047683716,1.440000057220459,57900,0.0,0.0
2024-11-13 00:00:00-05:00,1.440000057220459,1.4900000095367432,1.3700000047683716,1.3700000047683716,35900,0.0,0.0
2024-11-14 00:00:00-05:00,1.409999966621399,1.4800000190734863,1.399999976158142,1.440000057220459,68100,0.0,0.0
2024-11-15 00:00:00-05:00,1.4299999475479126,1.4700000286102295,1.309999942779541,1.399999976158142,45100,0.0,0.0
2024-11-18 00:00:00-05:00,1.440000057220459,1.7200000286102295,1.440000057220459,1.6100000143051147,401000,0.0,0.0
2024-11-19 00:00:00-05:00,1.5700000524520874,1.9600000381469727,1.5099999904632568,1.940000057220459,1397000,0.0,0.0
2024-11-20 00:00:00-05:00,2.200000047683716,2.390000104904175,1.5,2.0,3902100,0.0,0.0
2024-11-21 00:00:00-05:00,2.0,2.430000066757202,1.9299999475479126,2.2899999618530273,824300,0.0,0.0
2024-11-22 00:00:00-05:00,2.309999942779541,2.5,2.059999942779541,2.1500000953674316,459000,0.0,0.0
2024-11-25 00:00:00-05:00,2.0799999237060547,2.25,1.7200000286102295,1.7999999523162842,698500,0.0,0.0
2024-11-26 00:00:00-05:00,1.8600000143051147,2.2300000190734863,1.8200000524520874,2.0799999237060547,475700,0.0,0.0
2024-11-27 00:00:00-05:00,1.9600000381469727,2.0399999618530273,1.809999942779541,1.899999976158142,178400,0.0,0.0
2024-11-29 00:00:00-05:00,1.850000023841858,1.8799999952316284,1.7400000095367432,1.8200000524520874,204300,0.0,0.0
2024-12-02 00:00:00-05:00,1.8600000143051147,1.8899999856948853,1.7000000476837158,1.840000033378601,444100,0.0,0.0
2024-12-03 00:00:00-05:00,1.840000033378601,1.8700000047683716,1.7699999809265137,1.7999999523162842,115900,0.0,0.0
2024-12-04 00:00:00-05:00,1.809999942779541,1.8300000429153442,1.7000000476837158,1.7599999904632568,154000,0.0,0.0
2024-12-05 00:00:00-05:00,1.75,1.75,1.559999942779541,1.7100000381469727,137200,0.0,0.0
2024-12-06 00:00:00-05:00,1.7000000476837158,1.8899999856948853,1.6699999570846558,1.8600000143051147,229500,0.0,0.0
2024-12-09 00:00:00-05:00,2.0399999618530273,2.3499999046325684,1.9500000476837158,2.0299999713897705,684700,0.0,0.0
2024-12-10 00:00:00-05:00,2.049999952316284,2.180000066757202,1.909999966621399,2.049999952316284,245300,0.0,0.0
2024-12-11 00:00:00-05:00,2.009999990463257,2.059999942779541,1.899999976158142,1.9500000476837158,89800,0.0,0.0
2024-12-12 00:00:00-05:00,2.0199999809265137,2.1600000858306885,1.940000057220459,1.9800000190734863,113000,0.0,0.0
2024-12-13 00:00:00-05:00,2.069999933242798,2.140000104904175,1.9800000190734863,2.059999942779541,119100,0.0,0.0
2024-12-16 00:00:00-05:00,2.109999895095825,2.4800000190734863,1.9299999475479126,2.4000000953674316,445900,0.0,0.0
2024-12-17 00:00:00-05:00,2.450000047683716,3.8499999046325684,2.450000047683716,3.490000009536743,1497200,0.0,0.0
2024-12-18 00:00:00-05:00,3.369999885559082,4.03000020980835,2.7899999618530273,3.1700000762939453,990600,0.0,0.0
2024-12-19 00:00:00-05:00,3.380000114440918,3.509999990463257,2.0,2.3499999046325684,666600,0.0,0.0
2024-12-20 00:00:00-05:00,2.200000047683716,3.140000104904175,2.180000066757202,2.950000047683716,717100,0.0,0.0
2024-12-23 00:00:00-05:00,3.4800000190734863,4.480000019073486,3.240000009536743,3.680000066757202,1350900,0.0,0.0
2024-12-24 00:00:00-05:00,3.880000114440918,3.940000057220459,2.9600000381469727,3.109999895095825,470600,0.0,0.0
2024-12-26 00:00:00-05:00,3.140000104904175,4.139999866485596,3.140000104904175,3.8399999141693115,504900,0.0,0.0
2024-12-27 00:00:00-05:00,3.75,5.900000095367432,3.5999999046325684,5.53000020980835,1104200,0.0,0.0
2024-12-30 00:00:00-05:00,6.650000095367432,8.050000190734863,6.150000095367432,7.420000076293945,1485500,0.0,0.0
2024-12-31 00:00:00-05:00,7.119999885559082,7.429999828338623,4.679999828338623,4.940000057220459,861000,0.0,0.0
2025-01-02 00:00:00-05:00,5.849999904632568,7.139999866485596,5.25,5.78000020980835,842600,0.0,0.0
2025-01-03 00:00:00-05:00,6.039999961853027,6.039999961853027,5.119999885559082,5.599999904632568,333000,0.0,0.0
2025-01-06 00:00:00-05:00,5.210000038146973,5.349999904632568,4.21999979019165,4.570000171661377,445200,0.0,0.0
2025-01-07 00:00:00-05:00,4.400000095367432,4.949999809265137,4.059999942779541,4.550000190734863,185600,0.0,0.0
2025-01-08 00:00:00-05:00,4.440000057220459,4.559999942779541,3.809999942779541,3.9000000953674316,176100,0.0,0.0
2025-01-10 00:00:00-05:00,3.990000009536743,4.889999866485596,3.8499999046325684,4.440000057220459,206600,0.0,0.0
2025-01-13 00:00:00-05:00,4.389999866485596,4.400000095367432,3.309999942779541,3.380000114440918,195700,0.0,0.0
2025-01-14 00:00:00-05:00,3.4600000381469727,3.7899999618530273,3.2100000381469727,3.4200000762939453,79500,0.0,0.0
2025-01-15 00:00:00-05:00,3.4600000381469727,4.320000171661377,3.4600000381469727,4.130000114440918,206000,0.0,0.0
2025-01-16 00:00:00-05:00,4.25,4.690000057220459,4.059999942779541,4.329999923706055,88100,0.0,0.0
2025-01-17 00:00:00-05:00,4.449999809265137,4.579999923706055,3.990000009536743,4.21999979019165,85700,0.0,0.0
2025-01-21 00:00:00-05:00,4.190000057220459,4.519999980926514,3.869999885559082,4.320000171661377,86600,0.0,0.0
2025-01-22 00:00:00-05:00,4.380000114440918,5.5,4.239999771118164,4.739999771118164,285900,0.0,0.0
2025-01-23 00:00:00-05:00,4.739999771118164,4.949999809265137,4.260000228881836,4.440000057220459,102400,0.0,0.0
2025-01-24 00:00:00-05:00,4.369999885559082,4.670000076293945,3.9800000190734863,4.079999923706055,135500,0.0,0.0
2025-01-27 00:00:00-05:00,3.869999885559082,4.269999980926514,3.5899999141693115,3.7200000286102295,110700,0.0,0.0
2025-01-28 00:00:00-05:00,3.7200000286102295,3.8399999141693115,3.5299999713897705,3.799999952316284,58900,0.0,0.0
2025-01-29 00:00:00-05:00,3.890000104904175,3.9200000762939453,3.6700000762939453,3.7799999713897705,30300,0.0,0.0
2025-01-30 00:00:00-05:00,3.7300000190734863,4.059999942779541,3.6600000858306885,3.75,61700,0.0,0.0
2025-01-31 00:00:00-05:00,3.700000047683716,3.700000047683716,3.4200000762939453,3.559999942779541,64200,0.0,0.0
2025-02-03 00:00:00-05:00,3.430000066757202,3.950000047683716,3.25,3.690000057220459,94800,0.0,0.0
2025-02-04 00:00:00-05:00,3.630000114440918,3.859999895095825,3.390000104904175,3.630000114440918,70100,0.0,0.0
2025-02-05 00:00:00-05:00,3.5799999237060547,3.7300000190734863,3.140000104904175,3.25,123800,0.0,0.0
2025-02-06 00:00:00-05:00,3.0999999046325684,3.4600000381469727,2.940000057220459,3.380000114440918,95400,0.0,0.0
2025-02-07 00:00:00-05:00,3.380000114440918,3.4700000286102295,3.0799999237060547,3.130000114440918,54600,0.0,0.0
2025-02-10 00:00:00-05:00,3.119999885559082,3.25,2.9100000858306885,3.0,58800,0.0,0.0
2025-02-11 00:00:00-05:00,3.0199999809265137,3.2699999809265137,2.8399999141693115,3.130000114440918,75400,0.0,0.0
2025-02-12 00:00:00-05:00,3.200000047683716,3.2699999809265137,3.009999990463257,3.180000066757202,42000,0.0,0.0
2025-02-13 00:00:00-05:00,3.140000104904175,3.299999952316284,3.0399999618530273,3.2300000190734863,44400,0.0,0.0
2025-02-14 00:00:00-05:00,3.259999990463257,3.2799999713897705,3.069999933242798,3.200000047683716,30900,0.0,0.0
2025-02-18 00:00:00-05:00,2.9000000953674316,3.049999952316284,2.690000057220459,3.0199999809265137,123800,0.0,0.0
2025-02-19 00:00:00-05:00,3.0,3.2100000381469727,2.930000066757202,3.0299999713897705,52800,0.0,0.0
2025-02-20 00:00:00-05:00,3.0299999713897705,3.2100000381469727,2.950000047683716,3.0199999809265137,70400,0.0,0.0
2025-02-21 00:00:00-05:00,2.9700000286102295,3.069999933242798,2.7100000381469727,2.7799999713897705,51400,0.0,0.0
2025-02-24 00:00:00-05:00,2.740000009536743,2.8499999046325684,2.3399999141693115,2.390000104904175,91500,0.0,0.0
2025-02-25 00:00:00-05:00,2.390000104904175,2.4600000381469727,2.1500000953674316,2.3499999046325684,78700,0.0,0.0
2025-02-26 00:00:00-05:00,2.3499999046325684,2.5299999713897705,2.3499999046325684,2.3499999046325684,70700,0.0,0.0
2025-02-27 00:00:00-05:00,2.4100000858306885,2.430000066757202,2.299999952316284,2.3399999141693115,22700,0.0,0.0
2025-02-28 00:00:00-05:00,2.299999952316284,2.359999895095825,2.1700000762939453,2.2300000190734863,38300,0.0,0.0
2025-03-03 00:00:00-05:00,2.430000066757202,2.430000066757202,2.0,2.009999990463257,39300,0.0,0.0
2025-03-04 00:00:00-05:00,1.9500000476837158,2.1500000953674316,1.7999999523162842,2.0899999141693115,96000,0.0,0.0
2025-03-05 00:00:00-05:00,2.0999999046325684,2.4700000286102295,2.0999999046325684,2.440000057220459,55000,0.0,0.0
2025-03-06 00:00:00-05:00,2.430000066757202,2.5999999046325684,2.2899999618530273,2.3399999141693115,47000,0.0,0.0
2025-03-07 00:00:00-05:00,2.3399999141693115,2.440000057220459,2.2100000381469727,2.299999952316284,16500,0.0,0.0
2025-03-10 00:00:00-04:00,2.2200000286102295,2.2799999713897705,2.1700000762939453,2.1700000762939453,50700,0.0,0.0
2025-03-11 00:00:00-04:00,2.1500000953674316,2.1700000762939453,2.0299999713897705,2.1500000953674316,24100,0.0,0.0
2025-03-12 00:00:00-04:00,2.180000066757202,2.4600000381469727,2.1600000858306885,2.319999933242798,15500,0.0,0.0
2025-03-13 00:00:00-04:00,2.440000057220459,2.450000047683716,2.180000066757202,2.299999952316284,19100,0.0,0.0
2025-03-14 00:00:00-04:00,2.2200000286102295,2.440000057220459,2.200000047683716,2.3299999237060547,14100,0.0,0.0
2025-03-17 00:00:00-04:00,2.4800000190734863,2.8399999141693115,2.4600000381469727,2.8399999141693115,69300,0.0,0.0
2025-03-18 00:00:00-04:00,2.8299999237060547,3.049999952316284,2.680000066757202,2.950000047683716,60500,0.0,0.0
2025-03-19 00:00:00-04:00,3.0399999618530273,3.430000066757202,2.9200000762939453,3.319999933242798,73600,0.0,0.0
2025-03-20 00:00:00-04:00,3.369999885559082,3.549999952316284,3.1500000953674316,3.2100000381469727,62400,0.0,0.0
2025-03-21 00:00:00-04:00,3.200000047683716,3.200000047683716,2.7799999713897705,2.9600000381469727,55500,0.0,0.0
2025-03-24 00:00:00-04:00,2.890000104904175,2.9600000381469727,2.5299999713897705,2.680000066757202,64100,0.0,0.0
2025-03-25 00:00:00-04:00,2.619999885559082,2.8299999237060547,2.619999885559082,2.7899999618530273,22500,0.0,0.0
2025-03-26 00:00:00-04:00,2.799999952316284,2.799999952316284,2.4700000286102295,2.490000009536743,15600,0.0,0.0
2025-03-27 00:00:00-04:00,2.4700000286102295,2.700000047683716,2.3399999141693115,2.4000000953674316,13400,0.0,0.0
2025-03-28 00:00:00-04:00,2.3399999141693115,2.4800000190734863,2.3399999141693115,2.359999895095825,13600,0.0,0.0
2025-03-31 00:00:00-04:00,2.259999990463257,2.3299999237060547,2.059999942779541,2.259999990463257,19200,0.0,0.0
2025-04-01 00:00:00-04:00,2.1700000762939453,2.4800000190734863,2.1700000762939453,2.3399999141693115,18300,0.0,0.0
2025-04-02 00:00:00-04:00,2.440000057220459,2.6600000858306885,2.380000114440918,2.5899999141693115,63300,0.0,0.0
2025-04-03 00:00:00-04:00,2.5799999237060547,2.700000047683716,2.569999933242798,2.619999885559082,45500,0.0,0.0
2025-04-04 00:00:00-04:00,2.559999942779541,2.559999942779541,2.259999990463257,2.4000000953674316,33200,0.0,0.0
2025-04-07 00:00:00-04:00,2.1600000858306885,2.5,1.899999976158142,2.430000066757202,49400,0.0,0.0
2025-04-08 00:00:00-04:00,2.559999942779541,2.7100000381469727,2.359999895095825,2.359999895095825,92300,0.0,0.0
2025-04-09 00:00:00-04:00,2.299999952316284,2.450000047683716,2.049999952316284,2.3399999141693115,60100,0.0,0.0
2025-04-10 00:00:00-04:00,2.4600000381469727,2.549999952316284,2.369999885559082,2.549999952316284,26700,0.0,0.0
2025-04-11 00:00:00-04:00,2.559999942779541,2.690000057220459,2.509999990463257,2.549999952316284,14000,0.0,0.0
2025-04-14 00:00:00-04:00,2.700000047683716,2.7200000286102295,2.450000047683716,2.5,22300,0.0,0.0
2025-04-15 00:00:00-04:00,2.6500000953674316,2.890000104904175,2.5799999237060547,2.869999885559082,26900,0.0,0.0
2025-04-16 00:00:00-04:00,2.799999952316284,2.799999952316284,2.369999885559082,2.5999999046325684,35600,0.0,0.0
2025-04-17 00:00:00-04:00,2.5199999809265137,2.5999999046325684,2.3299999237060547,2.4200000762939453,28200,0.0,0.0
2025-04-21 00:00:00-04:00,2.430000066757202,2.5,2.309999942779541,2.4000000953674316,15100,0.0,0.0
2025-04-22 00:00:00-04:00,2.5999999046325684,2.7899999618530273,2.4100000858306885,2.490000009536743,39800,0.0,0.0
2025-04-23 00:00:00-04:00,2.5,2.640000104904175,2.4000000953674316,2.4700000286102295,42800,0.0,0.0
2025-04-24 00:00:00-04:00,2.4700000286102295,2.940000057220459,2.4700000286102295,2.940000057220459,52200,0.0,0.0
2025-04-25 00:00:00-04:00,2.9600000381469727,3.130000114440918,2.5399999618530273,2.740000009536743,53100,0.0,0.0
2025-04-28 00:00:00-04:00,2.6600000858306885,2.680000066757202,2.430000066757202,2.430000066757202,20100,0.0,0.0
2025-04-29 00:00:00-04:00,2.5199999809265137,2.549999952316284,2.3499999046325684,2.3499999046325684,19200,0.0,0.0
2025-04-30 00:00:00-04:00,2.4100000858306885,2.4100000858306885,2.119999885559082,2.1500000953674316,252200,0.0,0.0
2025-05-01 00:00:00-04:00,2.1600000858306885,2.3499999046325684,2.0999999046325684,2.240000009536743,65700,0.0,0.0
2025-05-02 00:00:00-04:00,2.319999933242798,2.430000066757202,2.25,2.25,55100,0.0,0.0
2025-05-05 00:00:00-04:00,2.3299999237060547,2.4600000381469727,2.2200000286102295,2.2200000286102295,38800,0.0,0.0
2025-05-06 00:00:00-04:00,2.130000114440918,2.2699999809265137,2.130000114440918,2.240000009536743,16500,0.0,0.0
2025-05-07 00:00:00-04:00,2.180000066757202,2.2100000381469727,1.9900000095367432,2.140000104904175,83400,0.0,0.0
2025-05-08 00:00:00-04:00,2.1500000953674316,2.2899999618530273,2.140000104904175,2.25,44700,0.0,0.0
2025-05-09 00:00:00-04:00,2.3499999046325684,2.359999895095825,2.1500000953674316,2.3299999237060547,37100,0.0,0.0
2025-05-12 00:00:00-04:00,2.3299999237060547,2.380000114440918,2.119999885559082,2.2100000381469727,104400,0.0,0.0
2025-05-13 00:00:00-04:00,2.1700000762939453,2.309999942779541,2.0999999046325684,2.109999895095825,47700,0.0,0.0
2025-05-14 00:00:00-04:00,2.1500000953674316,2.1700000762939453,1.909999966621399,1.9299999475479126,97200,0.0,0.0
2025-05-15 00:00:00-04:00,1.9299999475479126,1.9800000190734863,1.9299999475479126,1.9500000476837158,25100,0.0,0.0
2025-05-16 00:00:00-04:00,1.9500000476837158,1.9900000095367432,1.8600000143051147,1.9199999570846558,63100,0.0,0.0
2025-05-19 00:00:00-04:00,1.9199999570846558,2.200000047683716,1.9199999570846558,2.049999952316284,56500,0.0,0.0
2025-05-20 00:00:00-04:00,2.0899999141693115,2.25,2.049999952316284,2.2200000286102295,69300,0.0,0.0
2025-05-21 00:00:00-04:00,2.1700000762939453,2.190000057220459,1.9600000381469727,1.9900000095367432,63900,0.0,0.0
2025-05-22 00:00:00-04:00,2.0199999809265137,2.109999895095825,2.0199999809265137,2.069999933242798,18200,0.0,0.0
2025-05-23 00:00:00-04:00,2.059999942779541,2.119999885559082,2.0399999618530273,2.059999942779541,12300,0.0,0.0
2025-05-27 00:00:00-04:00,2.0899999141693115,2.0999999046325684,2.0199999809265137,2.0799999237060547,33200,0.0,0.0
2025-05-28 00:00:00-04:00,2.1700000762939453,2.1700000762939453,1.9800000190734863,2.069999933242798,31100,0.0,0.0
2025-05-29 00:00:00-04:00,2.0199999809265137,2.180000066757202,2.0,2.130000114440918,39500,0.0,0.0
2025-05-30 00:00:00-04:00,2.069999933242798,2.180000066757202,2.049999952316284,2.1500000953674316,41500,0.0,0.0
2025-06-02 00:00:00-04:00,2.200000047683716,2.5799999237060547,2.0899999141693115,2.5199999809265137,831700,0.0,0.0
2025-06-03 00:00:00-04:00,2.549999952316284,2.700000047683716,2.319999933242798,2.680000066757202,288600,0.0,0.0
2025-06-04 00:00:00-04:00,2.680000066757202,2.680000066757202,2.380000114440918,2.5399999618530273,224800,0.0,0.0
2025-06-05 00:00:00-04:00,2.549999952316284,2.549999952316284,2.3499999046325684,2.3499999046325684,83900,0.0,0.0
2025-06-06 00:00:00-04:00,2.3299999237060547,2.5399999618530273,2.319999933242798,2.4200000762939453,257700,0.0,0.0
2025-06-09 00:00:00-04:00,2.359999895095825,2.430000066757202,2.0199999809265137,2.0799999237060547,394400,0.0,0.0
2025-06-10 00:00:00-04:00,2.0899999141693115,2.1500000953674316,2.069999933242798,2.0999999046325684,84700,0.0,0.0
2025-06-11 00:00:00-04:00,2.119999885559082,2.119999885559082,1.9600000381469727,1.9700000286102295,102500,0.0,0.0
2025-06-12 00:00:00-04:00,2.0,2.0,1.909999966621399,1.9700000286102295,48300,0.0,0.0
2025-06-13 00:00:00-04:00,1.9299999475479126,1.9800000190734863,1.8700000047683716,1.9600000381469727,74500,0.0,0.0
2025-06-16 00:00:00-04:00,1.909999966621399,2.0899999141693115,1.899999976158142,2.059999942779541,100200,0.0,0.0
2025-06-17 00:00:00-04:00,2.0399999618530273,2.0399999618530273,1.899999976158142,1.899999976158142,19800,0.0,0.0
2025-06-18 00:00:00-04:00,1.899999976158142,1.9600000381469727,1.809999942779541,1.850000023841858,85900,0.0,0.0
2025-06-20 00:00:00-04:00,1.8200000524520874,1.840000033378601,1.7200000286102295,1.7799999713897705,59500,0.0,0.0
2025-06-23 00:00:00-04:00,1.8300000429153442,1.8300000429153442,1.7100000381469727,1.7799999713897705,37400,0.0,0.0
2025-06-24 00:00:00-04:00,1.7999999523162842,2.0899999141693115,1.7999999523162842,2.009999990463257,322100,0.0,0.0
2025-06-25 00:00:00-04:00,1.9600000381469727,2.0,1.8200000524520874,1.840000033378601,29800,0.0,0.0
2025-06-26 00:00:00-04:00,1.8300000429153442,1.9500000476837158,1.7799999713897705,1.809999942779541,49100,0.0,0.0
2025-06-27 00:00:00-04:00,1.7999999523162842,1.9600000381469727,1.7599999904632568,1.899999976158142,91400,0.0,0.0
2025-06-30 00:00:00-04:00,1.8600000143051147,2.130000114440918,1.8600000143051147,2.0299999713897705,127700,0.0,0.0
2025-07-01 00:00:00-04:00,2.009999990463257,2.1700000762939453,2.009999990463257,2.049999952316284,69500,0.0,0.0
2025-07-02 00:00:00-04:00,2.049999952316284,2.200000047683716,2.049999952316284,2.109999895095825,57800,0.0,0.0
2025-07-03 00:00:00-04:00,2.0999999046325684,2.1500000953674316,2.049999952316284,2.0999999046325684,12100,0.0,0.0
2025-07-07 00:00:00-04:00,2.190000057220459,2.4000000953674316,2.119999885559082,2.359999895095825,160700,0.0,0.0
2025-07-08 00:00:00-04:00,2.369999885559082,2.440000057220459,2.2300000190734863,2.2699999809265137,70300,0.0,0.0
2025-07-09 00:00:00-04:00,2.2899999618530273,2.299999952316284,2.1500000953674316,2.200000047683716,40300,0.0,0.0
2025-07-10 00:00:00-04:00,2.140000104904175,2.180000066757202,2.059999942779541,2.130000114440918,59900,0.0,0.0
2025-07-11 00:00:00-04:00,2.119999885559082,2.200000047683716,2.0199999809265137,2.190000057220459,55200,0.0,0.0
2025-07-14 00:00:00-04:00,2.240000009536743,2.569999933242798,2.2300000190734863,2.390000104904175,186200,0.0,0.0
2025-07-15 00:00:00-04:00,2.380000114440918,2.430000066757202,2.2200000286102295,2.3399999141693115,263400,0.0,0.0
2025-07-16 00:00:00-04:00,2.3399999141693115,2.440000057220459,2.259999990463257,2.440000057220459,57800,0.0,0.0
2025-07-17 00:00:00-04:00,2.4200000762939453,2.5799999237060547,2.3399999141693115,2.4700000286102295,115100,0.0,0.0
2025-07-18 00:00:00-04:00,2.5199999809265137,2.5399999618530273,2.2200000286102295,2.240000009536743,107000,0.0,0.0
2025-07-21 00:00:00-04:00,2.2899999618530273,2.5299999713897705,2.119999885559082,2.200000047683716,69400,0.0,0.0
2025-07-22 00:00:00-04:00,2.180000066757202,2.309999942779541,2.119999885559082,2.299999952316284,55700,0.0,0.0
2025-07-23 00:00:00-04:00,2.299999952316284,2.309999942779541,2.200000047683716,2.2300000190734863,22700,0.0,0.0
2025-07-24 00:00:00-04:00,2.2100000381469727,2.240000009536743,2.0999999046325684,2.109999895095825,53100,0.0,0.0
2025-07-25 00:00:00-04:00,2.130000114440918,2.1600000858306885,2.0299999713897705,2.049999952316284,21100,0.0,0.0
2025-07-28 00:00:00-04:00,2.109999895095825,2.200000047683716,2.0999999046325684,2.119999885559082,35200,0.0,0.0
2025-07-29 00:00:00-04:00,2.119999885559082,2.240000009536743,2.0799999237060547,2.180000066757202,107000,0.0,0.0
2025-07-30 00:00:00-04:00,2.180000066757202,2.180000066757202,2.009999990463257,2.069999933242798,41100,0.0,0.0
2025-07-31 00:00:00-04:00,2.049999952316284,2.069999933242798,1.8600000143051147,1.909999966621399,91900,0.0,0.0
2025-08-01 00:00:00-04:00,1.8799999952316284,1.909999966621399,1.809999942779541,1.8799999952316284,19900,0.0,0.0
2025-08-04 00:00:00-04:00,1.899999976158142,2.0399999618530273,1.850000023841858,2.0199999809265137,41400,0.0,0.0
2025-08-05 00:00:00-04:00,2.0,2.0,1.8799999952316284,1.8799999952316284,44200,0.0,0.0
2025-08-06 00:00:00-04:00,1.9199999570846558,1.9199999570846558,1.840000033378601,1.8799999952316284,15500,0.0,0.0
2025-08-07 00:00:00-04:00,1.8899999856948853,1.9199999570846558,1.8200000524520874,1.8899999856948853,15600,0.0,0.0
2025-08-08 00:00:00-04:00,1.8799999952316284,1.8799999952316284,1.7999999523162842,1.8200000524520874,27800,0.0,0.0
2025-08-11 00:00:00-04:00,1.8200000524520874,1.850000023841858,1.7200000286102295,1.7599999904632568,28300,0.0,0.0
2025-08-12 00:00:00-04:00,1.7699999809265137,1.850000023841858,1.7400000095367432,1.7899999618530273,24100,0.0,0.0
2025-08-13 00:00:00-04:00,1.8200000524520874,1.8700000047683716,1.7599999904632568,1.8200000524520874,29500,0.0,0.0
2025-08-14 00:00:00-04:00,1.7999999523162842,1.840000033378601,1.75,1.8200000524520874,31500,0.0,0.0
2025-08-15 00:00:00-04:00,1.7400000095367432,1.7999999523162842,1.659999966621399,1.7000000476837158,75600,0.0,0.0
2025-08-18 00:00:00-04:00,1.7000000476837158,1.8899999856948853,1.6699999570846558,1.7799999713897705,124900,0.0,0.0
2025-08-19 00:00:00-04:00,1.6100000143051147,1.690000057220459,1.4500000476837158,1.5199999809265137,2423200,0.0,0.0
2025-08-20 00:00:00-04:00,1.5700000524520874,1.5700000524520874,1.4500000476837158,1.4900000095367432,119200,0.0,0.0
2025-08-21 00:00:00-04:00,1.4800000190734863,1.5,1.4199999570846558,1.4900000095367432,65300,0.0,0.0
2025-08-22 00:00:00-04:00,1.5099999904632568,1.899999976158142,1.5099999904632568,1.6799999475479126,933200,0.0,0.0
2025-08-25 00:00:00-04:00,1.6799999475479126,1.7400000095367432,1.600000023841858,1.6200000047683716,102800,0.0,0.0
2025-08-26 00:00:00-04:00,1.6200000047683716,1.6699999570846558,1.5700000524520874,1.6200000047683716,50100,0.0,0.0
2025-08-27 00:00:00-04:00,1.649999976158142,1.659999966621399,1.590000033378601,1.6299999952316284,62700,0.0,0.0
2025-08-28 00:00:00-04:00,1.649999976158142,1.659999966621399,1.6200000047683716,1.6200000047683716,20100,0.0,0.0
2025-08-29 00:00:00-04:00,1.6299999952316284,1.6699999570846558,1.5800000429153442,1.600000023841858,48300,0.0,0.0
2025-09-02 00:00:00-04:00,1.6299999952316284,1.6799999475479126,1.5099999904632568,1.5399999618530273,66200,0.0,0.0
2025-09-03 00:00:00-04:00,1.5499999523162842,1.559999942779541,1.440000057220459,1.5,162500,0.0,0.0
2025-09-04 00:00:00-04:00,1.4800000190734863,1.4900000095367432,1.4500000476837158,1.4700000286102295,33900,0.0,0.0
2025-09-05 00:00:00-04:00,1.4700000286102295,1.5099999904632568,1.4700000286102295,1.4800000190734863,24700,0.0,0.0
2025-09-08 00:00:00-04:00,1.4800000190734863,1.6200000047683716,1.4500000476837158,1.5399999618530273,321200,0.0,0.0
2025-09-09 00:00:00-04:00,1.5399999618530273,1.5700000524520874,1.3600000143051147,1.4600000381469727,177300,0.0,0.0
2025-09-10 00:00:00-04:00,1.5,1.6200000047683716,1.4700000286102295,1.4900000095367432,254700,0.0,0.0
2025-09-11 00:00:00-04:00,1.4800000190734863,1.600000023841858,1.4800000190734863,1.5099999904632568,248500,0.0,0.0
2025-09-12 00:00:00-04:00,1.5499999523162842,1.5499999523162842,1.4199999570846558,1.4500000476837158,135700,0.0,0.0
2025-09-15 00:00:00-04:00,1.4700000286102295,1.5,1.399999976158142,1.440000057220459,71800,0.0,0.0
2025-09-16 00:00:00-04:00,1.4600000381469727,1.4800000190734863,1.4299999475479126,1.4800000190734863,46300,0.0,0.0
2025-09-17 00:00:00-04:00,1.4900000095367432,1.5399999618530273,1.4600000381469727,1.4900000095367432,78500,0.0,0.0
2025-09-18 00:00:00-04:00,1.4900000095367432,1.6200000047683716,1.4900000095367432,1.5499999523162842,110500,0.0,0.0
2025-09-19 00:00:00-04:00,1.559999942779541,1.6100000143051147,1.5199999809265137,1.5399999618530273,91000,0.0,0.0
2025-09-22 00:00:00-04:00,1.5199999809265137,1.5700000524520874,1.4800000190734863,1.5399999618530273,69400,0.0,0.0
2025-09-23 00:00:00-04:00,1.5700000524520874,1.5700000524520874,1.4900000095367432,1.5099999904632568,100700,0.0,0.0
2025-09-24 00:00:00-04:00,1.3600000143051147,1.409999966621399,1.2100000381469727,1.350000023841858,12076600,0.0,0.0
2025-09-25 00:00:00-04:00,1.2599999904632568,1.3899999856948853,1.2599999904632568,1.3200000524520874,502100,0.0,0.0
2025-09-26 00:00:00-04:00,1.2999999523162842,1.2999999523162842,1.149999976158142,1.2000000476837158,478700,0.0,0.0
2025-09-29 00:00:00-04:00,1.2799999713897705,1.3700000047683716,1.2799999713897705,1.340000033378601,1199000,0.0,0.0
2025-09-30 00:00:00-04:00,1.340000033378601,1.350000023841858,1.2699999809265137,1.340000033378601,309800,0.0,0.0
2025-10-01 00:00:00-04:00,1.3700000047683716,1.399999976158142,1.3300000429153442,1.3600000143051147,1724700,0.0,0.0
2025-10-02 00:00:00-04:00,1.7200000286102295,2.240000009536743,1.7100000381469727,2.0299999713897705,86583300,0.0,0.0
2025-10-03 00:00:00-04:00,1.9800000190734863,2.1500000953674316,1.809999942779541,1.899999976158142,3265100,0.0,0.0
2025-10-06 00:00:00-04:00,1.7799999713897705,1.7799999713897705,1.4600000381469727,1.5499999523162842,2466900,0.0,0.0
2025-10-07 00:00:00-04:00,1.590000033378601,1.649999976158142,1.5,1.5499999523162842,859800,0.0,0.0
2025-10-08 00:00:00-04:00,1.5199999809265137,1.600000023841858,1.4600000381469727,1.4900000095367432,577100,0.0,0.0
2025-10-09 00:00:00-04:00,1.5,1.5,1.3600000143051147,1.409999966621399,626800,0.0,0.0
2025-10-10 00:00:00-04:00,1.399999976158142,1.440000057220459,1.2699999809265137,1.2999999523162842,695000,0.0,0.0
2025-10-13 00:00:00-04:00,1.3300000429153442,1.3899999856948853,1.25,1.309999942779541,572000,0.0,0.0
2025-10-14 00:00:00-04:00,1.25,1.3899999856948853,1.2300000190734863,1.3799999952316284,488600,0.0,0.0
2025-10-15 00:00:00-04:00,1.409999966621399,1.440000057220459,1.3300000429153442,1.3799999952316284,426900,0.0,0.0
2025-10-16 00:00:00-04:00,1.3700000047683716,1.399999976158142,1.1799999475479126,1.2200000286102295,478300,0.0,0.0
2025-10-17 00:00:00-04:00,1.25,1.340000033378601,1.2300000190734863,1.25,320900,0.0,0.0
2025-10-20 00:00:00-04:00,1.25,1.2999999523162842,1.2000000476837158,1.2899999618530273,229900,0.0,0.0
2025-10-21 00:00:00-04:00,1.2899999618530273,1.340000033378601,1.2599999904632568,1.2799999713897705,279600,0.0,0.0
2025-10-22 00:00:00-04:00,1.2899999618530273,1.2999999523162842,1.1799999475479126,1.2400000095367432,308800,0.0,0.0
2025-10-23 00:00:00-04:00,1.2400000095367432,1.2799999713897705,1.2000000476837158,1.25,203600,0.0,0.0
2025-10-24 00:00:00-04:00,1.2699999809265137,1.399999976158142,1.25,1.3300000429153442,746200,0.0,0.0
2025-10-27 00:00:00-04:00,1.399999976158142,1.399999976158142,1.3200000524520874,1.350000023841858,292500,0.0,0.0
2025-10-28 00:00:00-04:00,1.3300000429153442,1.350000023841858,1.2799999713897705,1.2899999618530273,163600,0.0,0.0
2025-10-29 00:00:00-04:00,1.2999999523162842,1.350000023841858,1.2899999618530273,1.3300000429153442,218200,0.0,0.0
2025-10-30 00:00:00-04:00,1.3200000524520874,1.3200000524520874,1.2000000476837158,1.2400000095367432,268600,0.0,0.0
2025-10-31 00:00:00-04:00,1.2599999904632568,1.3200000524520874,1.2400000095367432,1.2899999618530273,145400,0.0,0.0
2025-11-03 00:00:00-05:00,1.25,1.2799999713897705,1.2200000286102295,1.25,194300,0.0,0.0
2025-11-04 00:00:00-05:00,1.2200000286102295,1.2400000095367432,1.1100000143051147,1.1299999952316284,396200,0.0,0.0
2025-11-05 00:00:00-05:00,1.0800000429153442,1.0800000429153442,0.8899999856948853,0.9399999976158142,603200,0.0,0.0
2025-11-06 00:00:00-05:00,0.949999988079071,0.9599999785423279,0.7099999785423279,0.8500000238418579,345300,0.0,0.0
2025-11-07 00:00:00-05:00,0.8199999928474426,0.9100000262260437,0.8199999928474426,0.8799999952316284,164300,0.0,0.0
2025-11-10 00:00:00-05:00,0.9100000262260437,0.9300000071525574,0.8399999737739563,0.8999999761581421,119100,0.0,0.0
2025-11-11 00:00:00-05:00,0.8799999952316284,0.8899999856948853,0.8199999928474426,0.8399999737739563,106400,0.0,0.0
2025-11-12 00:00:00-05:00,0.8899999856948853,0.8999999761581421,0.8199999928474426,0.8600000143051147,60700,0.0,0.0
2025-11-13 00:00:00-05:00,0.8600000143051147,0.8999999761581421,0.7900000214576721,0.8399999737739563,124400,0.0,0.0
2025-11-14 00:00:00-05:00,0.7900000214576721,0.8299999833106995,0.7699999809265137,0.7900000214576721,90700,0.0,0.0
2025-11-17 00:00:00-05:00,0.8100000023841858,0.8199999928474426,0.7300000190734863,0.7699999809265137,112700,0.0,0.0
2025-11-18 00:00:00-05:00,0.7400000095367432,0.7599999904632568,0.7099999785423279,0.7300000190734863,118900,0.0,0.0
2025-11-19 00:00:00-05:00,0.7300000190734863,0.7699999809265137,0.6100000143051147,0.7099999785423279,175100,0.0,0.0
2025-11-20 00:00:00-05:00,0.7599999904632568,0.7599999904632568,0.6499999761581421,0.6499999761581421,107500,0.0,0.0
2025-11-21 00:00:00-05:00,1.0199999809265137,1.1799999475479126,0.8100000023841858,0.8799999952316284,167707600,0.0,0.0
2025-11-24 00:00:00-05:00,0.8899999856948853,0.9200000166893005,0.800000011920929,0.8799999952316284,3370200,0.0,0.0
2025-11-25 00:00:00-05:00,0.8100000023841858,0.9399999976158142,0.8100000023841858,0.8999999761581421,811800,0.0,0.0
2025-11-26 00:00:00-05:00,0.949999988079071,1.1200000047683716,0.9200000166893005,1.0499999523162842,3067000,0.0,0.0
2025-11-28 00:00:00-05:00,1.059999942779541,1.1200000047683716,1.0099999904632568,1.1200000047683716,663800,0.0,0.0
2025-12-01 00:00:00-05:00,1.1200000047683716,1.5199999809265137,1.1200000047683716,1.3799999952316284,6417300,0.0,0.0
2025-12-02 00:00:00-05:00,1.3200000524520874,1.3799999952316284,1.1299999952316284,1.1699999570846558,802300,0.0,0.0
2025-12-03 00:00:00-05:00,1.1699999570846558,1.2000000476837158,1.100000023841858,1.149999976158142,371600,0.0,0.0
2025-12-04 00:00:00-05:00,1.1299999952316284,1.3700000047683716,1.1100000143051147,1.3200000524520874,924800,0.0,0.0
2025-12-05 00:00:00-05:00,1.2999999523162842,1.2999999523162842,1.1699999570846558,1.190000057220459,271600,0.0,0.0
2025-12-08 00:00:00-05:00,1.2200000286102295,1.2599999904632568,1.1100000143051147,1.159999966621399,205400,0.0,0.0
2025-12-09 00:00:00-05:00,1.159999966621399,1.2200000286102295,1.1399999856948853,1.1699999570846558,122900,0.0,0.0
2025-12-10 00:00:00-05:00,1.1299999952316284,1.1799999475479126,1.1200000047683716,1.1200000047683716,143100,0.0,0.0
2025-12-11 00:00:00-05:00,1.1200000047683716,1.1699999570846558,1.059999942779541,1.0800000429153442,180900,0.0,0.0
2025-12-12 00:00:00-05:00,1.0499999523162842,1.100000023841858,1.0299999713897705,1.0399999618530273,183200,0.0,0.0
2025-12-15 00:00:00-05:00,1.0299999713897705,1.0299999713897705,0.8600000143051147,0.8999999761581421,292200,0.0,0.0
2025-12-16 00:00:00-05:00,0.8700000047683716,0.9700000286102295,0.8700000047683716,0.9700000286102295,124400,0.0,0.0
2025-12-17 00:00:00-05:00,0.9700000286102295,1.0399999618530273,0.8799999952316284,0.8799999952316284,93500,0.0,0.0
2025-12-18 00:00:00-05:00,0.8799999952316284,0.9800000190734863,0.8799999952316284,0.8799999952316284,50500,0.0,0.0
2025-12-19 00:00:00-05:00,0.8999999761581421,0.9700000286102295,0.8899999856948853,0.9599999785423279,170800,0.0,0.0
2025-12-22 00:00:00-05:00,0.9599999785423279,0.9599999785423279,0.9200000166893005,0.9399999976158142,59100,0.0,0.0
2025-12-23 00:00:00-05:00,0.9399999976158142,0.9399999976158142,0.8600000143051147,0.8799999952316284,77900,0.0,0.0
2025-12-24 00:00:00-05:00,0.8600000143051147,0.8700000047683716,0.8399999737739563,0.8600000143051147,50100,0.0,0.0
2025-12-26 00:00:00-05:00,0.8600000143051147,0.9200000166893005,0.8500000238418579,0.8899999856948853,67100,0.0,0.0
2025-12-29 00:00:00-05:00,0.8899999856948853,0.8999999761581421,0.8100000023841858,0.8199999928474426,195000,0.0,0.0
2025-12-30 00:00:00-05:00,0.8199999928474426,0.8700000047683716,0.8100000023841858,0.8399999737739563,111100,0.0,0.0
2025-12-31 00:00:00-05:00,0.8899999856948853,0.8899999856948853,0.800000011920929,0.8399999737739563,153000,0.0,0.0
2026-01-02 00:00:00-05:00,0.8399999737739563,0.8700000047683716,0.800000011920929,0.8700000047683716,106500,0.0,0.0
2026-01-05 00:00:00-05:00,0.8899999856948853,0.9599999785423279,0.8700000047683716,0.9200000166893005,143700,0.0,0.0
2026-01-06 00:00:00-05:00,0.949999988079071,1.0499999523162842,0.9100000262260437,1.0099999904632568,211100,0.0,0.0
2026-01-07 00:00:00-05:00,1.0499999523162842,1.1200000047683716,1.0199999809265137,1.0700000524520874,255900,0.0,0.0
2026-01-08 00:00:00-05:00,1.090000033378601,1.090000033378601,1.0,1.0099999904632568,130900,0.0,0.0
2026-01-09 00:00:00-05:00,1.0,1.0,0.9399999976158142,0.9399999976158142,109600,0.0,0.0
2026-01-12 00:00:00-05:00,0.949999988079071,0.9700000286102295,0.8999999761581421,0.9100000262260437,133000,0.0,0.0
2026-01-13 00:00:00-05:00,0.9300000071525574,0.9700000286102295,0.9100000262260437,0.9700000286102295,78800,0.0,0.0
2026-01-14 00:00:00-05:00,0.9599999785423279,1.0299999713897705,0.9599999785423279,0.9900000095367432,71500,0.0,0.0
2026-01-15 00:00:00-05:00,0.9800000190734863,1.1299999952316284,0.9800000190734863,1.0800000429153442,226100,0.0,0.0
2026-01-16 00:00:00-05:00,1.0800000429153442,1.1299999952316284,1.0099999904632568,1.0299999713897705,267800,0.0,0.0
2026-01-20 00:00:00-05:00,1.0299999713897705,1.0700000524520874,1.0,1.0099999904632568,88800,0.0,0.0
2026-01-21 00:00:00-05:00,1.0199999809265137,1.0299999713897705,0.9300000071525574,1.0,99500,0.0,0.0
2026-01-22 00:00:00-05:00,0.9900000095367432,1.0,0.8199999928474426,0.8799999952316284,352900,0.0,0.0
2026-01-23 00:00:00-05:00,0.8799999952316284,0.8899999856948853,0.8299999833106995,0.8700000047683716,185800,0.0,0.0
2026-01-26 00:00:00-05:00,0.8799999952316284,0.8799999952316284,0.7599999904632568,0.7599999904632568,428400,0.0,0.0
2026-01-27 00:00:00-05:00,0.7900000214576721,0.7900000214576721,0.7400000095367432,0.7699999809265137,177300,0.0,0.0
2026-01-28 00:00:00-05:00,0.8700000047683716,0.9200000166893005,0.7900000214576721,0.9200000166893005,339700,0.0,0.0
2026-01-29 00:00:00-05:00,0.9599999785423279,0.9599999785423279,0.8799999952316284,0.9100000262260437,63600,0.0,0.0
2026-01-30 00:00:00-05:00,0.8899999856948853,0.9200000166893005,0.8500000238418579,0.8799999952316284,97800,0.0,0.0
2026-02-02 00:00:00-05:00,0.8799999952316284,0.949999988079071,0.8799999952316284,0.949999988079071,301500,0.0,0.0
2026-02-03 00:00:00-05:00,0.800000011920929,0.800000011920929,0.5,0.5799999833106995,1372800,0.0,0.0
2026-02-04 00:00:00-05:00,0.5799999833106995,0.5799999833106995,0.5199999809265137,0.5600000023841858,248900,0.0,0.0
2026-02-05 00:00:00-05:00,0.5600000023841858,0.7099999785423279,0.4300000071525574,0.4300000071525574,892600,0.0,0.0
2026-02-06 00:00:00-05:00,0.46000000834465027,0.5299999713897705,0.44999998807907104,0.46000000834465027,274300,0.0,0.0
2026-02-09 00:00:00-05:00,0.46000000834465027,0.46000000834465027,0.36000001430511475,0.3799999952316284,1593800,0.0,0.0
2026-02-10 00:00:00-05:00,0.25999999046325684,0.25999999046325684,0.2199999988079071,0.25,7802600,0.0,0.0
2026-02-11 00:00:00-05:00,0.23999999463558197,0.27000001072883606,0.23999999463558197,0.25999999046325684,5800700,0.0,0.0
2026-02-12 00:00:00-05:00,0.25999999046325684,0.3100000023841858,0.23999999463558197,0.28999999165534973,10741400,0.0,0.0
2026-02-13 00:00:00-05:00,0.4099999964237213,0.41999998688697815,0.3199999928474426,0.3400000035762787,202347100,0.0,0.0
2026-02-17 00:00:00-05:00,0.3100000023841858,0.3400000035762787,0.25,0.3400000035762787,7238300,0.0,0.0
2026-02-18 00:00:00-05:00,0.3100000023841858,0.3799999952316284,0.30000001192092896,0.3799999952316284,4119000,0.0,0.0
2026-02-19 00:00:00-05:00,0.3400000035762787,0.3799999952316284,0.3400000035762787,0.3799999952316284,1324200,0.0,0.0
2026-02-20 00:00:00-05:00,0.36000001430511475,0.3700000047683716,0.28999999165534973,0.28999999165534973,1359500,0.0,0.0
2026-02-23 00:00:00-05:00,0.30000001192092896,0.3100000023841858,0.2800000011920929,0.28999999165534973,604800,0.0,0.0
2026-02-24 00:00:00-05:00,0.2800000011920929,0.3199999928474426,0.27000001072883606,0.30000001192092896,1285800,0.0,0.0
2026-02-25 00:00:00-05:00,0.3100000023841858,0.3199999928474426,0.28999999165534973,0.3100000023841858,583700,0.0,0.0
2026-02-26 00:00:00-05:00,0.3100000023841858,0.3199999928474426,0.28999999165534973,0.30000001192092896,706500,0.0,0.0
2026-02-27 00:00:00-05:00,0.28999999165534973,0.3100000023841858,0.2800000011920929,0.30000001192092896,917700,0.0,0.0
2026-03-02 00:00:00-05:00,0.2800000011920929,0.3199999928474426,0.27000001072883606,0.3100000023841858,745400,0.0,0.0
2026-03-03 00:00:00-05:00,0.30000001192092896,0.3100000023841858,0.28999999165534973,0.3100000023841858,561200,0.0,0.0
2026-03-04 00:00:00-05:00,0.30000001192092896,0.3400000035762787,0.28999999165534973,0.3100000023841858,849900,0.0,0.0
2026-03-05 00:00:00-05:00,0.3100000023841858,0.3199999928474426,0.30000001192092896,0.3100000023841858,411800,0.0,0.0
2026-03-06 00:00:00-05:00,0.3100000023841858,0.3100000023841858,0.30000001192092896,0.3100000023841858,291100,0.0,0.0
2026-03-09 00:00:00-04:00,0.30000001192092896,0.3199999928474426,0.27000001072883606,0.30000001192092896,580600,0.0,0.0
2026-03-10 00:00:00-04:00,0.30000001192092896,0.3100000023841858,0.28999999165534973,0.30000001192092896,549300,0.0,0.0
2026-03-11 00:00:00-04:00,0.30000001192092896,0.3100000023841858,0.30000001192092896,0.30000001192092896,527400,0.0,0.0
2026-03-12 00:00:00-04:00,0.30000001192092896,0.33000001311302185,0.28999999165534973,0.3199999928474426,479000,0.0,0.0
2026-03-13 00:00:00-04:00,0.3199999928474426,0.3400000035762787,0.28999999165534973,0.30000001192092896,1077700,0.0,0.0
2026-03-16 00:00:00-04:00,0.30000001192092896,0.3199999928474426,0.30000001192092896,0.30000001192092896,511500,0.0,0.0
2026-03-17 00:00:00-04:00,0.3100000023841858,0.3799999952316284,0.30000001192092896,0.33000001311302185,5954300,0.0,0.0
2026-03-18 00:00:00-04:00,0.3199999928474426,0.3499999940395355,0.2800000011920929,0.3199999928474426,1241600,0.0,0.0
2026-03-19 00:00:00-04:00,0.3100000023841858,0.3100000023841858,0.2800000011920929,0.30000001192092896,365800,0.0,0.0
2026-03-20 00:00:00-04:00,0.28999999165534973,0.3100000023841858,0.27000001072883606,0.30000001192092896,852900,0.0,0.0
2026-03-23 00:00:00-04:00,0.3100000023841858,0.3100000023841858,0.28999999165534973,0.30000001192092896,359400,0.0,0.0
2026-03-24 00:00:00-04:00,0.30000001192092896,0.30000001192092896,0.28999999165534973,0.28999999165534973,178500,0.0,0.0
2026-03-25 00:00:00-04:00,0.30000001192092896,0.30000001192092896,0.2800000011920929,0.2800000011920929,338300,0.0,0.0
2026-03-26 00:00:00-04:00,0.2800000011920929,0.28999999165534973,0.25999999046325684,0.25999999046325684,403300,0.0,0.0
2026-03-27 00:00:00-04:00,0.25999999046325684,0.25999999046325684,0.23000000417232513,0.25,517400,0.0,0.0
2026-03-30 00:00:00-04:00,0.25,0.25999999046325684,0.23999999463558197,0.25,283600,0.0,0.0
2026-03-31 00:00:00-04:00,0.25999999046325684,0.25999999046325684,0.23999999463558197,0.25999999046325684,347600,0.0,0.0
2026-04-01 00:00:00-04:00,0.25,0.27000001072883606,0.25,0.25999999046325684,204500,0.0,0.0
2026-04-02 00:00:00-04:00,0.23000000417232513,0.27000001072883606,0.23000000417232513,0.25999999046325684,346400,0.0,0.0
2026-04-06 00:00:00-04:00,0.25999999046325684,0.2800000011920929,0.25,0.25999999046325684,272700,0.0,0.0
2026-04-07 00:00:00-04:00,0.25999999046325684,0.27000001072883606,0.25,0.25,252100,0.0,0.0
2026-04-08 00:00:00-04:00,0.27000001072883606,0.27000001072883606,0.25999999046325684,0.25999999046325684,238100,0.0,0.0
2026-04-09 00:00:00-04:00,0.25999999046325684,0.25999999046325684,0.25,0.25999999046325684,214000,0.0,0.0
2026-04-10 00:00:00-04:00,0.25999999046325684,0.27000001072883606,0.25,0.25999999046325684,176800,0.0,0.0
2026-04-13 00:00:00-04:00,0.25999999046325684,0.27000001072883606,0.25,0.25999999046325684,323500,0.0,0.0
2026-04-14 00:00:00-04:00,0.27000001072883606,0.28999999165534973,0.25999999046325684,0.25999999046325684,758800,0.0,0.0
2026-04-15 00:00:00-04:00,0.25999999046325684,0.28999999165534973,0.25999999046325684,0.27000001072883606,538900,0.0,0.0
2026-04-16 00:00:00-04:00,0.2800000011920929,0.3400000035762787,0.2800000011920929,0.30000001192092896,3218900,0.0,0.0
2026-04-17 00:00:00-04:00,0.30000001192092896,0.3100000023841858,0.2800000011920929,0.28999999165534973,800800,0.0,0.0
2026-04-20 00:00:00-04:00,0.2800000011920929,0.28999999165534973,0.27000001072883606,0.28999999165534973,285400,0.0,0.0
2026-04-21 00:00:00-04:00,0.30000001192092896,0.3100000023841858,0.2800000011920929,0.28999999165534973,241400,0.0,0.0
2026-04-22 00:00:00-04:00,0.30000001192092896,0.30000001192092896,0.2800000011920929,0.28999999165534973,215300,0.0,0.0
2026-04-23 00:00:00-04:00,0.28999999165534973,0.28999999165534973,0.27000001072883606,0.2800000011920929,202500,0.0,0.0
2026-04-24 00:00:00-04:00,0.28999999165534973,0.3199999928474426,0.2800000011920929,0.30000001192092896,440000,0.0,0.0
2026-04-27 00:00:00-04:00,0.3100000023841858,0.3100000023841858,0.30000001192092896,0.30000001192092896,179600,0.0,0.0
2026-04-28 00:00:00-04:00,0.30000001192092896,0.30000001192092896,0.28999999165534973,0.30000001192092896,180100,0.0,0.0
2026-04-29 00:00:00-04:00,0.30000001192092896,0.3100000023841858,0.28999999165534973,0.30000001192092896,157500,0.0,0.0
2026-04-30 00:00:00-04:00,0.28999999165534973,0.30000001192092896,0.28999999165534973,0.28999999165534973,110100,0.0,0.0
2026-05-01 00:00:00-04:00,0.30000001192092896,0.3100000023841858,0.28999999165534973,0.30000001192092896,187500,0.0,0.0
2026-05-04 00:00:00-04:00,0.3100000023841858,0.33000001311302185,0.30000001192092896,0.3100000023841858,393500,0.0,0.0
2026-05-05 00:00:00-04:00,0.3100000023841858,0.3499999940395355,0.3100000023841858,0.3400000035762787,432800,0.0,0.0
2026-05-06 00:00:00-04:00,0.3499999940395355,0.3700000047683716,0.3400000035762787,0.3499999940395355,565600,0.0,0.0
2026-05-07 00:00:00-04:00,0.3499999940395355,0.3700000047683716,0.3400000035762787,0.3499999940395355,375700,0.0,0.0
2026-05-08 00:00:00-04:00,0.3400000035762787,0.3400000035762787,0.3199999928474426,0.33000001311302185,438000,0.0,0.0
2026-05-11 00:00:00-04:00,0.3199999928474426,0.3400000035762787,0.30000001192092896,0.3199999928474426,496100,0.0,0.0
2026-05-12 00:00:00-04:00,0.3100000023841858,0.3199999928474426,0.3100000023841858,0.3100000023841858,90800,0.0,0.0
2026-05-13 00:00:00-04:00,0.28999999165534973,0.3100000023841858,0.2800000011920929,0.2800000011920929,1607600,0.0,0.0
2026-05-14 00:00:00-04:00,0.2800000011920929,0.33000001311302185,0.2800000011920929,0.3199999928474426,280700,0.0,0.0
2026-05-15 00:00:00-04:00,0.3400000035762787,0.3499999940395355,0.3100000023841858,0.3199999928474426,277500,0.0,0.0
2026-05-18 00:00:00-04:00,0.3199999928474426,0.3199999928474426,0.3100000023841858,0.3199999928474426,186900,0.0,0.0
2026-05-19 00:00:00-04:00,0.3199999928474426,0.33000001311302185,0.3100000023841858,0.33000001311302185,152800,0.0,0.0
2026-05-20 00:00:00-04:00,0.33000001311302185,0.33000001311302185,0.3199999928474426,0.33000001311302185,136500,0.0,0.0
2026-05-21 00:00:00-04:00,0.3400000035762787,0.3400000035762787,0.30000001192092896,0.3100000023841858,274300,0.0,0.0
2026-05-22 00:00:00-04:00,0.3100000023841858,0.3199999928474426,0.3100000023841858,0.3199999928474426,148200,0.0,0.0
2026-05-26 00:00:00-04:00,0.33000001311302185,0.3400000035762787,0.3100000023841858,0.3199999928474426,454200,0.0,0.0
2026-05-27 00:00:00-04:00,0.3199999928474426,0.33000001311302185,0.3100000023841858,0.3199999928474426,175500,0.0,0.0
2026-05-28 00:00:00-04:00,0.33000001311302185,0.4099999964237213,0.3199999928474426,0.4000000059604645,2045200,0.0,0.0
2026-05-29 00:00:00-04:00,0.4000000059604645,0.4099999964237213,0.3700000047683716,0.4000000059604645,633000,0.0,0.0
2026-06-01 00:00:00-04:00,0.38999998569488525,0.41999998688697815,0.36000001430511475,0.3799999952316284,616500,0.0,0.0
2026-06-02 00:00:00-04:00,0.3700000047683716,0.3799999952316284,0.3400000035762787,0.3499999940395355,294900,0.0,0.0
2026-06-03 00:00:00-04:00,0.3400000035762787,0.3700000047683716,0.3400000035762787,0.3499999940395355,188300,0.0,0.0
2026-06-04 00:00:00-04:00,0.3499999940395355,0.36000001430511475,0.33000001311302185,0.3400000035762787,235400,0.0,0.0
2026-06-05 00:00:00-04:00,0.3499999940395355,0.3499999940395355,0.30000001192092896,0.30000001192092896,368200,0.0,0.0
2026-06-08 00:00:00-04:00,0.3100000023841858,0.3100000023841858,0.2800999879837036,0.2854999899864197,415346,0.0,0.0
