Date,Open,High,Low,Close,Volume,Dividends,Stock Splits
2022-01-03 00:00:00-05:00,6.550000190734863,7.0,6.429999828338623,6.989999771118164,545000,0.0,0.0
2022-01-04 00:00:00-05:00,7.0,7.130000114440918,6.809999942779541,6.900000095367432,679700,0.0,0.0
2022-01-05 00:00:00-05:00,6.789999961853027,6.889999866485596,6.260000228881836,6.269999980926514,652900,0.0,0.0
2022-01-06 00:00:00-05:00,6.260000228881836,6.510000228881836,6.019999980926514,6.260000228881836,514000,0.0,0.0
2022-01-07 00:00:00-05:00,6.239999771118164,6.380000114440918,6.179999828338623,6.269999980926514,332700,0.0,0.0
2022-01-10 00:00:00-05:00,6.239999771118164,6.300000190734863,5.989999771118164,6.300000190734863,440900,0.0,0.0
2022-01-11 00:00:00-05:00,6.300000190734863,6.559999942779541,6.239999771118164,6.28000020980835,361500,0.0,0.0
2022-01-12 00:00:00-05:00,6.28000020980835,6.300000190734863,5.989999771118164,6.110000133514404,708800,0.0,0.0
2022-01-13 00:00:00-05:00,6.179999828338623,6.230000019073486,5.679999828338623,5.800000190734863,943600,0.0,0.0
2022-01-14 00:00:00-05:00,5.71999979019165,5.789999961853027,5.489999771118164,5.769999980926514,743400,0.0,0.0
2022-01-18 00:00:00-05:00,5.550000190734863,5.590000152587891,5.170000076293945,5.179999828338623,706400,0.0,0.0
2022-01-19 00:00:00-05:00,5.179999828338623,5.28000020980835,5.019999980926514,5.159999847412109,725100,0.0,0.0
2022-01-20 00:00:00-05:00,5.190000057220459,5.570000171661377,5.139999866485596,5.349999904632568,837100,0.0,0.0
2022-01-21 00:00:00-05:00,5.239999771118164,5.53000020980835,5.239999771118164,5.300000190734863,758800,0.0,0.0
2022-01-24 00:00:00-05:00,5.019999980926514,5.179999828338623,4.650000095367432,5.070000171661377,982900,0.0,0.0
2022-01-25 00:00:00-05:00,5.010000228881836,5.440000057220459,4.840000152587891,5.400000095367432,1306500,0.0,0.0
2022-01-26 00:00:00-05:00,5.449999809265137,5.75,5.289999961853027,5.340000152587891,1089300,0.0,0.0
2022-01-27 00:00:00-05:00,5.420000076293945,5.699999809265137,5.199999809265137,5.360000133514404,718400,0.0,0.0
2022-01-28 00:00:00-05:00,5.360000133514404,5.659999847412109,5.110000133514404,5.630000114440918,866700,0.0,0.0
2022-01-31 00:00:00-05:00,5.650000095367432,6.010000228881836,5.639999866485596,6.0,513400,0.0,0.0
2022-02-01 00:00:00-05:00,6.079999923706055,6.429999828338623,5.840000152587891,6.400000095367432,681300,0.0,0.0
2022-02-02 00:00:00-05:00,6.400000095367432,6.440000057220459,6.099999904632568,6.119999885559082,546600,0.0,0.0
2022-02-03 00:00:00-05:00,6.0,6.119999885559082,5.960000038146973,6.099999904632568,537800,0.0,0.0
2022-02-04 00:00:00-05:00,6.0,6.289999961853027,5.940000057220459,6.28000020980835,725000,0.0,0.0
2022-02-07 00:00:00-05:00,6.110000133514404,6.820000171661377,6.110000133514404,6.789999961853027,589300,0.0,0.0
2022-02-08 00:00:00-05:00,6.739999771118164,6.739999771118164,6.130000114440918,6.159999847412109,846800,0.0,0.0
2022-02-09 00:00:00-05:00,6.139999866485596,6.769999980926514,6.110000133514404,6.75,503500,0.0,0.0
2022-02-10 00:00:00-05:00,6.630000114440918,6.920000076293945,6.400000095367432,6.440000057220459,572400,0.0,0.0
2022-02-11 00:00:00-05:00,6.440000057220459,6.550000190734863,6.25,6.320000171661377,344200,0.0,0.0
2022-02-14 00:00:00-05:00,6.269999980926514,6.449999809265137,6.130000114440918,6.239999771118164,369800,0.0,0.0
2022-02-15 00:00:00-05:00,6.409999847412109,6.929999828338623,6.400000095367432,6.909999847412109,638500,0.0,0.0
2022-02-16 00:00:00-05:00,6.889999866485596,7.039999961853027,6.590000152587891,7.010000228881836,430300,0.0,0.0
2022-02-17 00:00:00-05:00,6.960000038146973,7.150000095367432,6.730000019073486,6.769999980926514,438700,0.0,0.0
2022-02-18 00:00:00-05:00,6.699999809265137,7.110000133514404,6.699999809265137,7.090000152587891,518800,0.0,0.0
2022-02-22 00:00:00-05:00,6.840000152587891,6.940000057220459,6.579999923706055,6.630000114440918,526800,0.0,0.0
2022-02-23 00:00:00-05:00,6.699999809265137,6.78000020980835,6.440000057220459,6.460000038146973,340600,0.0,0.0
2022-02-24 00:00:00-05:00,6.119999885559082,6.989999771118164,6.099999904632568,6.960000038146973,497200,0.0,0.0
2022-02-25 00:00:00-05:00,6.96999979019165,7.190000057220459,6.760000228881836,7.190000057220459,435700,0.0,0.0
2022-02-28 00:00:00-05:00,7.139999866485596,7.25,6.96999979019165,7.199999809265137,328600,0.0,0.0
2022-03-01 00:00:00-05:00,7.099999904632568,7.460000038146973,6.940000057220459,7.099999904632568,795600,0.0,0.0
2022-03-02 00:00:00-05:00,6.630000114440918,7.090000152587891,6.0,6.829999923706055,845400,0.0,0.0
2022-03-03 00:00:00-05:00,6.889999866485596,6.889999866485596,6.389999866485596,6.460000038146973,453900,0.0,0.0
2022-03-04 00:00:00-05:00,6.309999942779541,6.71999979019165,6.28000020980835,6.389999866485596,534800,0.0,0.0
2022-03-07 00:00:00-05:00,6.389999866485596,6.559999942779541,6.210000038146973,6.239999771118164,457700,0.0,0.0
2022-03-08 00:00:00-05:00,6.260000228881836,6.539999961853027,5.949999809265137,6.119999885559082,868700,0.0,0.0
2022-03-09 00:00:00-05:00,6.300000190734863,7.0,6.260000228881836,6.96999979019165,819300,0.0,0.0
2022-03-10 00:00:00-05:00,6.849999904632568,7.119999885559082,6.460000038146973,6.46999979019165,470200,0.0,0.0
2022-03-11 00:00:00-05:00,6.53000020980835,6.53000020980835,6.070000171661377,6.099999904632568,469900,0.0,0.0
2022-03-14 00:00:00-04:00,6.190000057220459,6.190000057220459,5.519999980926514,5.590000152587891,841600,0.0,0.0
2022-03-15 00:00:00-04:00,5.599999904632568,5.849999904632568,5.46999979019165,5.809999942779541,574300,0.0,0.0
2022-03-16 00:00:00-04:00,5.900000095367432,6.090000152587891,5.679999828338623,6.079999923706055,473100,0.0,0.0
2022-03-17 00:00:00-04:00,6.059999942779541,6.409999847412109,5.940000057220459,6.380000114440918,480100,0.0,0.0
2022-03-18 00:00:00-04:00,6.369999885559082,6.789999961853027,6.21999979019165,6.550000190734863,825500,0.0,0.0
2022-03-21 00:00:00-04:00,6.539999961853027,6.559999942779541,6.039999961853027,6.070000171661377,439600,0.0,0.0
2022-03-22 00:00:00-04:00,6.190000057220459,6.320000171661377,6.050000190734863,6.210000038146973,392300,0.0,0.0
2022-03-23 00:00:00-04:00,6.150000095367432,6.28000020980835,5.980000019073486,6.0,500800,0.0,0.0
2022-03-24 00:00:00-04:00,6.0,6.179999828338623,5.889999866485596,6.159999847412109,262300,0.0,0.0
2022-03-25 00:00:00-04:00,6.119999885559082,6.25,6.010000228881836,6.199999809265137,347800,0.0,0.0
2022-03-28 00:00:00-04:00,6.179999828338623,6.269999980926514,5.769999980926514,6.019999980926514,419500,0.0,0.0
2022-03-29 00:00:00-04:00,6.090000152587891,6.429999828338623,6.090000152587891,6.349999904632568,514400,0.0,0.0
2022-03-30 00:00:00-04:00,6.349999904632568,6.409999847412109,5.980000019073486,6.059999942779541,352000,0.0,0.0
2022-03-31 00:00:00-04:00,6.059999942779541,6.130000114440918,5.900000095367432,6.010000228881836,371800,0.0,0.0
2022-04-01 00:00:00-04:00,6.090000152587891,6.25,5.940000057220459,6.039999961853027,421900,0.0,0.0
2022-04-04 00:00:00-04:00,6.03000020980835,6.349999904632568,5.980000019073486,6.28000020980835,729600,0.0,0.0
2022-04-05 00:00:00-04:00,6.139999866485596,6.409999847412109,6.039999961853027,6.090000152587891,432000,0.0,0.0
2022-04-06 00:00:00-04:00,6.019999980926514,6.179999828338623,5.900000095367432,6.039999961853027,456600,0.0,0.0
2022-04-07 00:00:00-04:00,6.03000020980835,6.110000133514404,5.789999961853027,5.920000076293945,523900,0.0,0.0
2022-04-08 00:00:00-04:00,5.889999866485596,6.03000020980835,5.599999904632568,5.739999771118164,743600,0.0,0.0
2022-04-11 00:00:00-04:00,5.730000019073486,5.730000019073486,5.309999942779541,5.409999847412109,580500,0.0,0.0
2022-04-12 00:00:00-04:00,5.489999771118164,5.659999847412109,5.260000228881836,5.300000190734863,396700,0.0,0.0
2022-04-13 00:00:00-04:00,5.269999980926514,5.550000190734863,5.179999828338623,5.53000020980835,278900,0.0,0.0
2022-04-14 00:00:00-04:00,5.579999923706055,5.579999923706055,5.070000171661377,5.139999866485596,490400,0.0,0.0
2022-04-18 00:00:00-04:00,5.420000076293945,5.420000076293945,4.639999866485596,4.690000057220459,831900,0.0,0.0
2022-04-19 00:00:00-04:00,4.690000057220459,4.78000020980835,4.510000228881836,4.699999809265137,479300,0.0,0.0
2022-04-20 00:00:00-04:00,4.710000038146973,4.710000038146973,4.289999961853027,4.309999942779541,1119500,0.0,0.0
2022-04-21 00:00:00-04:00,4.329999923706055,4.360000133514404,3.9000000953674316,4.110000133514404,1340600,0.0,0.0
2022-04-22 00:00:00-04:00,4.070000171661377,4.289999961853027,4.019999980926514,4.110000133514404,596800,0.0,0.0
2022-04-25 00:00:00-04:00,4.03000020980835,4.349999904632568,4.0,4.329999923706055,410600,0.0,0.0
2022-04-26 00:00:00-04:00,4.269999980926514,4.329999923706055,3.880000114440918,4.0,564100,0.0,0.0
2022-04-27 00:00:00-04:00,3.990000009536743,4.090000152587891,3.880000114440918,3.890000104904175,419900,0.0,0.0
2022-04-28 00:00:00-04:00,3.930000066757202,3.950000047683716,3.619999885559082,3.7799999713897705,511200,0.0,0.0
2022-04-29 00:00:00-04:00,3.7899999618530273,3.8499999046325684,3.450000047683716,3.4700000286102295,760700,0.0,0.0
2022-05-02 00:00:00-04:00,3.5,3.6700000762939453,3.200000047683716,3.369999885559082,948300,0.0,0.0
2022-05-03 00:00:00-04:00,3.3399999141693115,3.4600000381469727,3.109999895095825,3.299999952316284,1402200,0.0,0.0
2022-05-04 00:00:00-04:00,3.359999895095825,3.569999933242798,3.190000057220459,3.5,979900,0.0,0.0
2022-05-05 00:00:00-04:00,3.430000066757202,3.4600000381469727,3.0399999618530273,3.0899999141693115,663700,0.0,0.0
2022-05-06 00:00:00-04:00,3.0399999618530273,3.0799999237060547,2.880000114440918,2.950000047683716,768400,0.0,0.0
2022-05-09 00:00:00-04:00,2.940000057220459,3.0299999713897705,2.7200000286102295,2.759999990463257,1075900,0.0,0.0
2022-05-10 00:00:00-04:00,2.8299999237060547,3.0899999141693115,2.690000057220459,2.7200000286102295,1127100,0.0,0.0
2022-05-11 00:00:00-04:00,2.950000047683716,3.359999895095825,2.5999999046325684,2.609999895095825,1187600,0.0,0.0
2022-05-12 00:00:00-04:00,2.5199999809265137,3.109999895095825,2.5,2.950000047683716,1600800,0.0,0.0
2022-05-13 00:00:00-04:00,3.069999933242798,3.3499999046325684,3.059999942779541,3.200000047683716,1609200,0.0,0.0
2022-05-16 00:00:00-04:00,3.2100000381469727,3.319999933242798,3.0799999237060547,3.0999999046325684,724300,0.0,0.0
2022-05-17 00:00:00-04:00,3.1500000953674316,3.319999933242798,3.049999952316284,3.119999885559082,698200,0.0,0.0
2022-05-18 00:00:00-04:00,2.9700000286102295,3.0899999141693115,2.890000104904175,2.930000066757202,995400,0.0,0.0
2022-05-19 00:00:00-04:00,2.9100000858306885,3.109999895095825,2.8499999046325684,2.880000114440918,937300,0.0,0.0
2022-05-20 00:00:00-04:00,2.9200000762939453,3.0,2.759999990463257,2.809999942779541,1195900,0.0,0.0
2022-05-23 00:00:00-04:00,2.880000114440918,2.9700000286102295,2.7100000381469727,2.9000000953674316,944600,0.0,0.0
2022-05-24 00:00:00-04:00,2.8399999141693115,2.890000104904175,2.509999990463257,2.6700000762939453,1751700,0.0,0.0
2022-05-25 00:00:00-04:00,2.6500000953674316,2.7100000381469727,2.509999990463257,2.5799999237060547,792300,0.0,0.0
2022-05-26 00:00:00-04:00,2.5899999141693115,2.690000057220459,2.4100000858306885,2.4200000762939453,1048400,0.0,0.0
2022-05-27 00:00:00-04:00,2.4800000190734863,2.7799999713897705,2.4000000953674316,2.7200000286102295,1119500,0.0,0.0
2022-05-31 00:00:00-04:00,2.740000009536743,2.7699999809265137,2.4600000381469727,2.4800000190734863,2277000,0.0,0.0
2022-06-01 00:00:00-04:00,2.509999990463257,2.549999952316284,2.299999952316284,2.4200000762939453,1536500,0.0,0.0
2022-06-02 00:00:00-04:00,2.440000057220459,2.5,2.319999933242798,2.3399999141693115,769000,0.0,0.0
2022-06-03 00:00:00-04:00,2.309999942779541,2.559999942779541,2.309999942779541,2.5,1308000,0.0,0.0
2022-06-06 00:00:00-04:00,2.5199999809265137,2.5899999141693115,2.180000066757202,2.190000057220459,1377500,0.0,0.0
2022-06-07 00:00:00-04:00,2.190000057220459,2.5299999713897705,2.180000066757202,2.4200000762939453,1418700,0.0,0.0
2022-06-08 00:00:00-04:00,2.299999952316284,2.309999942779541,2.1500000953674316,2.180000066757202,952300,0.0,0.0
2022-06-09 00:00:00-04:00,2.2100000381469727,2.2100000381469727,2.049999952316284,2.140000104904175,1105000,0.0,0.0
2022-06-10 00:00:00-04:00,2.069999933242798,2.1600000858306885,2.0299999713897705,2.0899999141693115,1076100,0.0,0.0
2022-06-13 00:00:00-04:00,2.0,2.059999942779541,1.940000057220459,2.0199999809265137,1332500,0.0,0.0
2022-06-14 00:00:00-04:00,2.0199999809265137,2.0399999618530273,1.9199999570846558,1.9500000476837158,896700,0.0,0.0
2022-06-15 00:00:00-04:00,2.0,2.069999933242798,1.940000057220459,2.049999952316284,1238000,0.0,0.0
2022-06-16 00:00:00-04:00,2.0,2.0299999713897705,1.8600000143051147,1.9199999570846558,1395100,0.0,0.0
2022-06-17 00:00:00-04:00,1.9199999570846558,2.069999933242798,1.909999966621399,2.0,1922700,0.0,0.0
2022-06-21 00:00:00-04:00,2.0199999809265137,2.2699999809265137,2.0199999809265137,2.190000057220459,1409600,0.0,0.0
2022-06-22 00:00:00-04:00,2.1500000953674316,2.990000009536743,2.1500000953674316,2.950000047683716,2988000,0.0,0.0
2022-06-23 00:00:00-04:00,2.9000000953674316,3.049999952316284,2.569999933242798,2.6500000953674316,1881100,0.0,0.0
2022-06-24 00:00:00-04:00,2.700000047683716,2.8499999046325684,2.609999895095825,2.609999895095825,6817300,0.0,0.0
2022-06-27 00:00:00-04:00,2.619999885559082,3.2100000381469727,2.4800000190734863,3.180000066757202,1826200,0.0,0.0
2022-06-28 00:00:00-04:00,3.190000057220459,3.190000057220459,2.799999952316284,2.9600000381469727,1386400,0.0,0.0
2022-06-29 00:00:00-04:00,3.0199999809265137,3.0199999809265137,2.6600000858306885,2.6600000858306885,812000,0.0,0.0
2022-06-30 00:00:00-04:00,2.5799999237060547,2.7899999618530273,2.559999942779541,2.75,510300,0.0,0.0
2022-07-01 00:00:00-04:00,2.799999952316284,4.829999923706055,2.7699999809265137,4.639999866485596,13362700,0.0,0.0
2022-07-05 00:00:00-04:00,4.050000190734863,4.420000076293945,3.059999942779541,3.0899999141693115,5210700,0.0,0.0
2022-07-06 00:00:00-04:00,3.109999895095825,3.7200000286102295,3.0799999237060547,3.5799999237060547,3345400,0.0,0.0
2022-07-07 00:00:00-04:00,3.609999895095825,3.9800000190734863,3.259999990463257,3.950000047683716,2420500,0.0,0.0
2022-07-08 00:00:00-04:00,3.9000000953674316,4.139999866485596,3.7899999618530273,4.079999923706055,1392400,0.0,0.0
2022-07-11 00:00:00-04:00,4.079999923706055,4.21999979019165,3.799999952316284,3.9700000286102295,1411500,0.0,0.0
2022-07-12 00:00:00-04:00,4.050000190734863,4.320000171661377,3.859999895095825,4.179999828338623,717200,0.0,0.0
2022-07-13 00:00:00-04:00,4.050000190734863,4.510000228881836,3.990000009536743,4.480000019073486,881700,0.0,0.0
2022-07-14 00:00:00-04:00,4.409999847412109,4.420000076293945,4.070000171661377,4.099999904632568,667100,0.0,0.0
2022-07-15 00:00:00-04:00,4.079999923706055,4.309999942779541,3.9600000381469727,4.050000190734863,883700,0.0,0.0
2022-07-18 00:00:00-04:00,4.050000190734863,4.320000171661377,3.799999952316284,3.8399999141693115,1156500,0.0,0.0
2022-07-19 00:00:00-04:00,3.930000066757202,4.039999961853027,3.630000114440918,3.9100000858306885,1089900,0.0,0.0
2022-07-20 00:00:00-04:00,3.930000066757202,4.25,3.869999885559082,4.070000171661377,830000,0.0,0.0
2022-07-21 00:00:00-04:00,4.079999923706055,4.099999904632568,3.9000000953674316,3.9000000953674316,342300,0.0,0.0
2022-07-22 00:00:00-04:00,3.880000114440918,3.930000066757202,3.7200000286102295,3.930000066757202,691800,0.0,0.0
2022-07-25 00:00:00-04:00,3.890000104904175,3.990000009536743,3.7200000286102295,3.7799999713897705,313400,0.0,0.0
2022-07-26 00:00:00-04:00,3.7799999713897705,3.930000066757202,3.6600000858306885,3.9000000953674316,294200,0.0,0.0
2022-07-27 00:00:00-04:00,3.8399999141693115,4.130000114440918,3.809999942779541,4.090000152587891,434100,0.0,0.0
2022-07-28 00:00:00-04:00,4.110000133514404,4.5,4.03000020980835,4.46999979019165,926500,0.0,0.0
2022-07-29 00:00:00-04:00,4.590000152587891,5.269999980926514,4.489999771118164,4.980000019073486,1262900,0.0,0.0
2022-08-01 00:00:00-04:00,4.820000171661377,4.849999904632568,4.5,4.5,695800,0.0,0.0
2022-08-02 00:00:00-04:00,4.5,4.769999980926514,4.5,4.760000228881836,403600,0.0,0.0
2022-08-03 00:00:00-04:00,4.880000114440918,5.460000038146973,4.769999980926514,5.380000114440918,580400,0.0,0.0
2022-08-04 00:00:00-04:00,5.409999847412109,5.829999923706055,5.03000020980835,5.730000019073486,620800,0.0,0.0
2022-08-05 00:00:00-04:00,5.699999809265137,6.889999866485596,5.460000038146973,6.829999923706055,999200,0.0,0.0
2022-08-08 00:00:00-04:00,6.960000038146973,7.190000057220459,6.650000095367432,6.75,861100,0.0,0.0
2022-08-09 00:00:00-04:00,6.610000133514404,6.619999885559082,6.110000133514404,6.199999809265137,637100,0.0,0.0
2022-08-10 00:00:00-04:00,6.5,7.550000190734863,6.480000019073486,7.460000038146973,1554200,0.0,0.0
2022-08-11 00:00:00-04:00,7.389999866485596,7.75,6.960000038146973,7.199999809265137,786500,0.0,0.0
2022-08-12 00:00:00-04:00,7.239999771118164,7.460000038146973,7.039999961853027,7.130000114440918,646200,0.0,0.0
2022-08-15 00:00:00-04:00,6.920000076293945,6.960000038146973,6.659999847412109,6.739999771118164,563600,0.0,0.0
2022-08-16 00:00:00-04:00,6.679999828338623,6.880000114440918,6.480000019073486,6.539999961853027,523100,0.0,0.0
2022-08-17 00:00:00-04:00,6.539999961853027,7.199999809265137,6.369999885559082,6.630000114440918,971600,0.0,0.0
2022-08-18 00:00:00-04:00,6.510000228881836,6.679999828338623,5.960000038146973,6.010000228881836,705000,0.0,0.0
2022-08-19 00:00:00-04:00,5.960000038146973,6.150000095367432,5.800000190734863,5.869999885559082,420900,0.0,0.0
2022-08-22 00:00:00-04:00,5.690000057220459,5.869999885559082,5.090000152587891,5.130000114440918,928000,0.0,0.0
2022-08-23 00:00:00-04:00,5.170000076293945,5.369999885559082,4.78000020980835,4.789999961853027,865000,0.0,0.0
2022-08-24 00:00:00-04:00,4.800000190734863,4.920000076293945,4.309999942779541,4.320000171661377,801800,0.0,0.0
2022-08-25 00:00:00-04:00,4.400000095367432,4.409999847412109,3.869999885559082,3.930000066757202,879000,0.0,0.0
2022-08-26 00:00:00-04:00,3.9600000381469727,4.039999961853027,3.7899999618530273,3.819999933242798,532900,0.0,0.0
2022-08-29 00:00:00-04:00,3.75,3.950000047683716,3.7100000381469727,3.759999990463257,474600,0.0,0.0
2022-08-30 00:00:00-04:00,3.75,3.869999885559082,3.6600000858306885,3.7300000190734863,324900,0.0,0.0
2022-08-31 00:00:00-04:00,3.700000047683716,4.119999885559082,3.700000047683716,4.03000020980835,344500,0.0,0.0
2022-09-01 00:00:00-04:00,3.950000047683716,4.369999885559082,3.799999952316284,4.360000133514404,473500,0.0,0.0
2022-09-02 00:00:00-04:00,4.400000095367432,4.730000019073486,4.199999809265137,4.510000228881836,691700,0.0,0.0
2022-09-06 00:00:00-04:00,4.46999979019165,4.800000190734863,4.429999828338623,4.690000057220459,486200,0.0,0.0
2022-09-07 00:00:00-04:00,4.639999866485596,5.519999980926514,4.559999942779541,5.46999979019165,693400,0.0,0.0
2022-09-08 00:00:00-04:00,5.380000114440918,5.559999942779541,5.099999904632568,5.440000057220459,436900,0.0,0.0
2022-09-09 00:00:00-04:00,5.480000019073486,5.539999961853027,5.320000171661377,5.349999904632568,211800,0.0,0.0
2022-09-12 00:00:00-04:00,5.480000019073486,5.599999904632568,5.230000019073486,5.400000095367432,223000,0.0,0.0
2022-09-13 00:00:00-04:00,5.159999847412109,5.239999771118164,5.039999961853027,5.170000076293945,199500,0.0,0.0
2022-09-14 00:00:00-04:00,5.210000038146973,5.429999828338623,5.079999923706055,5.389999866485596,275800,0.0,0.0
2022-09-15 00:00:00-04:00,5.090000152587891,5.199999809265137,3.8499999046325684,3.990000009536743,2107500,0.0,0.0
2022-09-16 00:00:00-04:00,3.880000114440918,3.940000057220459,3.5,3.509999990463257,1034100,0.0,0.0
2022-09-19 00:00:00-04:00,3.5299999713897705,3.869999885559082,3.3499999046325684,3.640000104904175,661900,0.0,0.0
2022-09-20 00:00:00-04:00,3.5999999046325684,3.809999942779541,3.5999999046325684,3.799999952316284,422700,0.0,0.0
2022-09-21 00:00:00-04:00,3.740000009536743,3.9600000381469727,3.7200000286102295,3.930000066757202,456100,0.0,0.0
2022-09-22 00:00:00-04:00,3.809999942779541,3.880000114440918,3.5299999713897705,3.8499999046325684,779900,0.0,0.0
2022-09-23 00:00:00-04:00,3.799999952316284,3.809999942779541,3.299999952316284,3.5,410500,0.0,0.0
2022-09-26 00:00:00-04:00,3.440000057220459,3.5799999237060547,3.3399999141693115,3.3499999046325684,280700,0.0,0.0
2022-09-27 00:00:00-04:00,3.3499999046325684,3.509999990463257,3.25,3.319999933242798,362900,0.0,0.0
2022-09-28 00:00:00-04:00,3.3499999046325684,3.5799999237060547,3.309999942779541,3.4700000286102295,444000,0.0,0.0
2022-09-29 00:00:00-04:00,3.430000066757202,3.430000066757202,3.119999885559082,3.2200000286102295,309500,0.0,0.0
2022-09-30 00:00:00-04:00,3.200000047683716,3.299999952316284,3.1500000953674316,3.1500000953674316,215000,0.0,0.0
2022-10-03 00:00:00-04:00,3.309999942779541,3.5999999046325684,3.200000047683716,3.490000009536743,505100,0.0,0.0
2022-10-04 00:00:00-04:00,3.549999952316284,3.7300000190734863,3.390000104904175,3.700000047683716,584600,0.0,0.0
2022-10-05 00:00:00-04:00,3.559999942779541,3.819999933242798,3.490000009536743,3.809999942779541,173000,0.0,0.0
2022-10-06 00:00:00-04:00,3.759999990463257,4.0,3.75,3.9600000381469727,177200,0.0,0.0
2022-10-07 00:00:00-04:00,3.859999895095825,3.9700000286102295,3.5299999713897705,3.9200000762939453,630700,0.0,0.0
2022-10-10 00:00:00-04:00,3.950000047683716,3.950000047683716,3.359999895095825,3.369999885559082,452900,0.0,0.0
2022-10-11 00:00:00-04:00,3.450000047683716,3.6500000953674316,3.309999942779541,3.640000104904175,522000,0.0,0.0
2022-10-12 00:00:00-04:00,3.5199999809265137,3.559999942779541,3.299999952316284,3.3299999237060547,321000,0.0,0.0
2022-10-13 00:00:00-04:00,3.299999952316284,3.509999990463257,3.2100000381469727,3.4200000762939453,126200,0.0,0.0
2022-10-14 00:00:00-04:00,3.4100000858306885,3.4600000381469727,3.2100000381469727,3.4100000858306885,178800,0.0,0.0
2022-10-17 00:00:00-04:00,3.359999895095825,3.5899999141693115,3.2799999713897705,3.319999933242798,536900,0.0,0.0
2022-10-18 00:00:00-04:00,3.4000000953674316,3.5,3.259999990463257,3.259999990463257,266900,0.0,0.0
2022-10-19 00:00:00-04:00,3.240000009536743,3.4200000762939453,3.130000114440918,3.1700000762939453,432000,0.0,0.0
2022-10-20 00:00:00-04:00,3.240000009536743,3.259999990463257,3.0999999046325684,3.119999885559082,237100,0.0,0.0
2022-10-21 00:00:00-04:00,3.140000104904175,3.200000047683716,3.0199999809265137,3.0999999046325684,176500,0.0,0.0
2022-10-24 00:00:00-04:00,3.109999895095825,3.1600000858306885,2.9700000286102295,3.119999885559082,226000,0.0,0.0
2022-10-25 00:00:00-04:00,3.0799999237060547,3.5299999713897705,3.0799999237060547,3.5299999713897705,444400,0.0,0.0
2022-10-26 00:00:00-04:00,3.440000057220459,3.5,3.2699999809265137,3.3499999046325684,229200,0.0,0.0
2022-10-27 00:00:00-04:00,3.3299999237060547,3.440000057220459,3.25,3.390000104904175,119800,0.0,0.0
2022-10-28 00:00:00-04:00,3.430000066757202,3.4800000190734863,3.299999952316284,3.4600000381469727,144700,0.0,0.0
2022-10-31 00:00:00-04:00,3.4000000953674316,3.5,3.309999942779541,3.309999942779541,183500,0.0,0.0
2022-11-01 00:00:00-04:00,3.359999895095825,3.4200000762939453,3.2899999618530273,3.3399999141693115,107100,0.0,0.0
2022-11-02 00:00:00-04:00,3.319999933242798,3.5899999141693115,3.2899999618530273,3.4000000953674316,152800,0.0,0.0
2022-11-03 00:00:00-04:00,3.299999952316284,3.4700000286102295,3.259999990463257,3.380000114440918,72000,0.0,0.0
2022-11-04 00:00:00-04:00,3.450000047683716,3.450000047683716,3.109999895095825,3.2100000381469727,286700,0.0,0.0
2022-11-07 00:00:00-05:00,3.190000057220459,3.440000057220459,3.049999952316284,3.2799999713897705,232000,0.0,0.0
2022-11-08 00:00:00-05:00,3.3399999141693115,3.4600000381469727,3.059999942779541,3.200000047683716,1100200,0.0,0.0
2022-11-09 00:00:00-05:00,3.140000104904175,3.1500000953674316,2.799999952316284,2.819999933242798,647700,0.0,0.0
2022-11-10 00:00:00-05:00,3.0999999046325684,3.119999885559082,2.4800000190734863,2.6600000858306885,733300,0.0,0.0
2022-11-11 00:00:00-05:00,2.630000114440918,2.9100000858306885,2.630000114440918,2.740000009536743,305500,0.0,0.0
2022-11-14 00:00:00-05:00,2.690000057220459,2.9200000762939453,2.690000057220459,2.8499999046325684,459100,0.0,0.0
2022-11-15 00:00:00-05:00,2.8399999141693115,3.009999990463257,2.6600000858306885,2.690000057220459,773300,0.0,0.0
2022-11-16 00:00:00-05:00,2.6500000953674316,2.819999933242798,2.6500000953674316,2.75,319300,0.0,0.0
2022-11-17 00:00:00-05:00,2.7300000190734863,2.930000066757202,2.6500000953674316,2.809999942779541,266300,0.0,0.0
2022-11-18 00:00:00-05:00,2.7100000381469727,2.8499999046325684,2.559999942779541,2.5799999237060547,438800,0.0,0.0
2022-11-21 00:00:00-05:00,2.450000047683716,2.5799999237060547,2.319999933242798,2.3299999237060547,646500,0.0,0.0
2022-11-22 00:00:00-05:00,2.3399999141693115,2.3399999141693115,2.25,2.2899999618530273,308100,0.0,0.0
2022-11-23 00:00:00-05:00,2.2899999618530273,2.319999933242798,2.0799999237060547,2.0799999237060547,540400,0.0,0.0
2022-11-25 00:00:00-05:00,2.119999885559082,2.680000066757202,2.109999895095825,2.1600000858306885,960000,0.0,0.0
2022-11-28 00:00:00-05:00,2.0999999046325684,2.2799999713897705,2.049999952316284,2.180000066757202,523400,0.0,0.0
2022-11-29 00:00:00-05:00,2.1500000953674316,2.180000066757202,1.9700000286102295,1.9800000190734863,775500,0.0,0.0
2022-11-30 00:00:00-05:00,2.0899999141693115,2.190000057220459,2.009999990463257,2.140000104904175,705500,0.0,0.0
2022-12-01 00:00:00-05:00,2.1500000953674316,2.2899999618530273,2.0899999141693115,2.0999999046325684,628700,0.0,0.0
2022-12-02 00:00:00-05:00,2.049999952316284,2.1500000953674316,2.0199999809265137,2.049999952316284,437700,0.0,0.0
2022-12-05 00:00:00-05:00,2.0399999618530273,2.0799999237060547,2.009999990463257,2.0299999713897705,287600,0.0,0.0
2022-12-06 00:00:00-05:00,2.0299999713897705,2.119999885559082,2.0299999713897705,2.0399999618530273,258000,0.0,0.0
2022-12-07 00:00:00-05:00,2.0299999713897705,2.240000009536743,2.0299999713897705,2.2200000286102295,408800,0.0,0.0
2022-12-08 00:00:00-05:00,2.0999999046325684,2.299999952316284,2.009999990463257,2.200000047683716,433400,0.0,0.0
2022-12-09 00:00:00-05:00,2.109999895095825,2.180000066757202,2.0299999713897705,2.059999942779541,527800,0.0,0.0
2022-12-12 00:00:00-05:00,2.069999933242798,2.180000066757202,2.009999990463257,2.130000114440918,315400,0.0,0.0
2022-12-13 00:00:00-05:00,2.1700000762939453,2.390000104904175,2.1500000953674316,2.25,919200,0.0,0.0
2022-12-14 00:00:00-05:00,2.259999990463257,2.259999990463257,1.9600000381469727,1.9800000190734863,589000,0.0,0.0
2022-12-15 00:00:00-05:00,1.9500000476837158,1.9800000190734863,1.9500000476837158,1.9600000381469727,606100,0.0,0.0
2022-12-16 00:00:00-05:00,1.9199999570846558,1.940000057220459,1.7799999713897705,1.7899999618530273,1098700,0.0,0.0
2022-12-19 00:00:00-05:00,1.8200000524520874,1.8600000143051147,1.7400000095367432,1.75,589000,0.0,0.0
2022-12-20 00:00:00-05:00,1.809999942779541,1.8700000047683716,1.75,1.840000033378601,633500,0.0,0.0
2022-12-21 00:00:00-05:00,1.8300000429153442,2.1700000762939453,1.8200000524520874,2.1500000953674316,747700,0.0,0.0
2022-12-22 00:00:00-05:00,2.130000114440918,2.559999942779541,2.0399999618530273,2.549999952316284,850800,0.0,0.0
2022-12-23 00:00:00-05:00,2.549999952316284,3.390000104904175,2.2799999713897705,2.5399999618530273,4024600,0.0,0.0
2022-12-27 00:00:00-05:00,2.740000009536743,2.740000009536743,2.25,2.259999990463257,626500,0.0,0.0
2022-12-28 00:00:00-05:00,2.240000009536743,2.4800000190734863,2.2200000286102295,2.359999895095825,783100,0.0,0.0
2022-12-29 00:00:00-05:00,2.3299999237060547,2.380000114440918,2.180000066757202,2.190000057220459,908800,0.0,0.0
2022-12-30 00:00:00-05:00,2.130000114440918,2.2699999809265137,2.119999885559082,2.259999990463257,598400,0.0,0.0
2023-01-03 00:00:00-05:00,2.3499999046325684,2.5399999618530273,2.2799999713897705,2.4800000190734863,434400,0.0,0.0
2023-01-04 00:00:00-05:00,2.4800000190734863,2.880000114440918,2.4800000190734863,2.859999895095825,506000,0.0,0.0
2023-01-05 00:00:00-05:00,2.7799999713897705,2.880000114440918,2.609999895095825,2.859999895095825,336100,0.0,0.0
2023-01-06 00:00:00-05:00,2.890000104904175,2.890000104904175,2.7300000190734863,2.8299999237060547,260700,0.0,0.0
2023-01-09 00:00:00-05:00,2.869999885559082,3.0,2.7899999618530273,2.869999885559082,244300,0.0,0.0
2023-01-10 00:00:00-05:00,2.859999895095825,3.009999990463257,2.7899999618530273,2.9200000762939453,511300,0.0,0.0
2023-01-11 00:00:00-05:00,2.9800000190734863,2.9800000190734863,2.630000114440918,2.7200000286102295,299100,0.0,0.0
2023-01-12 00:00:00-05:00,2.6700000762939453,2.7799999713897705,2.640000104904175,2.7300000190734863,270200,0.0,0.0
2023-01-13 00:00:00-05:00,2.690000057220459,3.0,2.690000057220459,2.9000000953674316,600100,0.0,0.0
2023-01-17 00:00:00-05:00,2.8499999046325684,2.940000057220459,2.809999942779541,2.9100000858306885,477500,0.0,0.0
2023-01-18 00:00:00-05:00,2.9200000762939453,2.940000057220459,2.7699999809265137,2.9000000953674316,498600,0.0,0.0
2023-01-19 00:00:00-05:00,2.890000104904175,2.9700000286102295,2.7899999618530273,2.809999942779541,290000,0.0,0.0
2023-01-20 00:00:00-05:00,2.809999942779541,2.859999895095825,2.549999952316284,2.5799999237060547,403600,0.0,0.0
2023-01-23 00:00:00-05:00,2.5899999141693115,2.630000114440918,2.5199999809265137,2.5299999713897705,352300,0.0,0.0
2023-01-24 00:00:00-05:00,2.5299999713897705,2.5899999141693115,2.509999990463257,2.559999942779541,301400,0.0,0.0
2023-01-25 00:00:00-05:00,2.559999942779541,2.559999942779541,2.4600000381469727,2.5299999713897705,248100,0.0,0.0
2023-01-26 00:00:00-05:00,2.5199999809265137,2.559999942779541,2.4700000286102295,2.5299999713897705,364600,0.0,0.0
2023-01-27 00:00:00-05:00,2.549999952316284,2.7100000381469727,2.5199999809265137,2.700000047683716,328300,0.0,0.0
2023-01-30 00:00:00-05:00,2.7300000190734863,2.8399999141693115,2.700000047683716,2.8399999141693115,255300,0.0,0.0
2023-01-31 00:00:00-05:00,2.8399999141693115,2.930000066757202,2.759999990463257,2.9000000953674316,389600,0.0,0.0
2023-02-01 00:00:00-05:00,2.930000066757202,2.950000047683716,2.8299999237060547,2.880000114440918,250500,0.0,0.0
2023-02-02 00:00:00-05:00,2.9200000762939453,3.1700000762939453,2.9000000953674316,3.1500000953674316,482500,0.0,0.0
2023-02-03 00:00:00-05:00,3.1500000953674316,3.180000066757202,2.990000009536743,3.0899999141693115,238200,0.0,0.0
2023-02-06 00:00:00-05:00,4.099999904632568,5.039999961853027,3.700000047683716,4.980000019073486,27306000,0.0,0.0
2023-02-07 00:00:00-05:00,4.800000190734863,5.420000076293945,4.429999828338623,5.130000114440918,4810400,0.0,0.0
2023-02-08 00:00:00-05:00,5.159999847412109,5.28000020980835,4.949999809265137,5.21999979019165,1694400,0.0,0.0
2023-02-09 00:00:00-05:00,5.210000038146973,5.340000152587891,5.03000020980835,5.21999979019165,976400,0.0,0.0
2023-02-10 00:00:00-05:00,5.25,5.260000228881836,4.989999771118164,5.050000190734863,657200,0.0,0.0
2023-02-13 00:00:00-05:00,5.050000190734863,5.050000190734863,4.429999828338623,4.639999866485596,813500,0.0,0.0
2023-02-14 00:00:00-05:00,4.659999847412109,4.849999904632568,4.53000020980835,4.829999923706055,441500,0.0,0.0
2023-02-15 00:00:00-05:00,4.829999923706055,4.829999923706055,4.519999980926514,4.659999847412109,485000,0.0,0.0
2023-02-16 00:00:00-05:00,4.619999885559082,4.679999828338623,4.440000057220459,4.559999942779541,893800,0.0,0.0
2023-02-17 00:00:00-05:00,4.559999942779541,4.619999885559082,4.420000076293945,4.480000019073486,422800,0.0,0.0
2023-02-21 00:00:00-05:00,4.420000076293945,4.460000038146973,4.139999866485596,4.170000076293945,423600,0.0,0.0
2023-02-22 00:00:00-05:00,4.090000152587891,4.309999942779541,4.050000190734863,4.079999923706055,333900,0.0,0.0
2023-02-23 00:00:00-05:00,4.119999885559082,4.150000095367432,3.859999895095825,3.880000114440918,347300,0.0,0.0
2023-02-24 00:00:00-05:00,3.9700000286102295,4.019999980926514,3.7799999713897705,3.7899999618530273,347300,0.0,0.0
2023-02-27 00:00:00-05:00,3.740000009536743,3.930000066757202,3.690000057220459,3.890000104904175,239700,0.0,0.0
2023-02-28 00:00:00-05:00,3.9100000858306885,3.950000047683716,3.7699999809265137,3.7699999809265137,271000,0.0,0.0
2023-03-01 00:00:00-05:00,3.7300000190734863,3.8299999237060547,3.5199999809265137,3.5399999618530273,413500,0.0,0.0
2023-03-02 00:00:00-05:00,3.609999895095825,3.8299999237060547,3.5,3.809999942779541,175600,0.0,0.0
2023-03-03 00:00:00-05:00,3.809999942779541,3.9000000953674316,3.759999990463257,3.8499999046325684,210300,0.0,0.0
2023-03-06 00:00:00-05:00,3.8399999141693115,3.8499999046325684,3.5899999141693115,3.5999999046325684,192400,0.0,0.0
2023-03-07 00:00:00-05:00,3.5999999046325684,3.799999952316284,3.5999999046325684,3.690000057220459,345300,0.0,0.0
2023-03-08 00:00:00-05:00,3.700000047683716,3.7799999713897705,3.509999990463257,3.7699999809265137,256400,0.0,0.0
2023-03-09 00:00:00-05:00,3.809999942779541,3.869999885559082,3.5299999713897705,3.6600000858306885,264300,0.0,0.0
2023-03-10 00:00:00-05:00,3.6700000762939453,3.6700000762939453,3.2300000190734863,3.259999990463257,732600,0.0,0.0
2023-03-13 00:00:00-04:00,3.2799999713897705,3.490000009536743,3.2799999713897705,3.450000047683716,308600,0.0,0.0
2023-03-14 00:00:00-04:00,3.059999942779541,3.8399999141693115,3.049999952316284,3.7699999809265137,713700,0.0,0.0
2023-03-15 00:00:00-04:00,3.700000047683716,3.869999885559082,3.700000047683716,3.759999990463257,297600,0.0,0.0
2023-03-16 00:00:00-04:00,3.7100000381469727,4.019999980926514,3.630000114440918,3.930000066757202,247400,0.0,0.0
2023-03-17 00:00:00-04:00,3.9200000762939453,3.930000066757202,3.509999990463257,3.5399999618530273,441400,0.0,0.0
2023-03-20 00:00:00-04:00,3.509999990463257,3.549999952316284,3.2100000381469727,3.25,376800,0.0,0.0
2023-03-21 00:00:00-04:00,3.259999990463257,3.630000114440918,3.25,3.5799999237060547,255300,0.0,0.0
2023-03-22 00:00:00-04:00,3.630000114440918,3.75,3.4100000858306885,3.5899999141693115,234200,0.0,0.0
2023-03-23 00:00:00-04:00,3.609999895095825,3.7799999713897705,3.609999895095825,3.690000057220459,222800,0.0,0.0
2023-03-24 00:00:00-04:00,3.619999885559082,3.880000114440918,3.509999990463257,3.859999895095825,210200,0.0,0.0
2023-03-27 00:00:00-04:00,3.880000114440918,4.039999961853027,3.609999895095825,4.03000020980835,516200,0.0,0.0
2023-03-28 00:00:00-04:00,4.070000171661377,4.25,3.930000066757202,4.139999866485596,296300,0.0,0.0
2023-03-29 00:00:00-04:00,4.159999847412109,4.590000152587891,4.159999847412109,4.53000020980835,423000,0.0,0.0
2023-03-30 00:00:00-04:00,4.599999904632568,4.599999904632568,4.150000095367432,4.440000057220459,361800,0.0,0.0
2023-03-31 00:00:00-04:00,4.480000019073486,4.659999847412109,4.420000076293945,4.650000095367432,264900,0.0,0.0
2023-04-03 00:00:00-04:00,4.650000095367432,4.769999980926514,4.5,4.619999885559082,285600,0.0,0.0
2023-04-04 00:00:00-04:00,4.570000171661377,4.769999980926514,4.5,4.579999923706055,301000,0.0,0.0
2023-04-05 00:00:00-04:00,4.610000133514404,4.869999885559082,4.349999904632568,4.449999809265137,396000,0.0,0.0
2023-04-06 00:00:00-04:00,4.420000076293945,4.789999961853027,4.420000076293945,4.789999961853027,339700,0.0,0.0
2023-04-10 00:00:00-04:00,4.699999809265137,5.179999828338623,4.679999828338623,5.139999866485596,512400,0.0,0.0
2023-04-11 00:00:00-04:00,5.139999866485596,5.769999980926514,5.070000171661377,5.679999828338623,849200,0.0,0.0
2023-04-12 00:00:00-04:00,5.670000076293945,5.789999961853027,5.380000114440918,5.610000133514404,497600,0.0,0.0
2023-04-13 00:00:00-04:00,5.590000152587891,6.340000152587891,5.579999923706055,6.309999942779541,930400,0.0,0.0
2023-04-14 00:00:00-04:00,6.309999942779541,6.400000095367432,6.070000171661377,6.349999904632568,534500,0.0,0.0
2023-04-17 00:00:00-04:00,6.349999904632568,6.53000020980835,5.989999771118164,6.099999904632568,438200,0.0,0.0
2023-04-18 00:00:00-04:00,6.039999961853027,6.210000038146973,6.010000228881836,6.150000095367432,279800,0.0,0.0
2023-04-19 00:00:00-04:00,6.119999885559082,6.21999979019165,5.71999979019165,5.849999904632568,500100,0.0,0.0
2023-04-20 00:00:00-04:00,5.769999980926514,5.840000152587891,5.199999809265137,5.210000038146973,479400,0.0,0.0
2023-04-21 00:00:00-04:00,5.210000038146973,5.800000190734863,5.210000038146973,5.659999847412109,407200,0.0,0.0
2023-04-24 00:00:00-04:00,5.639999866485596,6.110000133514404,5.449999809265137,6.110000133514404,786600,0.0,0.0
2023-04-25 00:00:00-04:00,6.079999923706055,6.349999904632568,5.710000038146973,5.78000020980835,1767400,0.0,0.0
2023-04-26 00:00:00-04:00,5.849999904632568,5.860000133514404,5.25,5.590000152587891,773800,0.0,0.0
2023-04-27 00:00:00-04:00,5.650000095367432,6.010000228881836,5.570000171661377,5.829999923706055,362500,0.0,0.0
2023-04-28 00:00:00-04:00,5.800000190734863,5.980000019073486,5.730000019073486,5.800000190734863,273600,0.0,0.0
2023-05-01 00:00:00-04:00,5.820000171661377,6.079999923706055,5.659999847412109,5.659999847412109,436200,0.0,0.0
2023-05-02 00:00:00-04:00,5.659999847412109,5.739999771118164,4.940000057220459,4.960000038146973,647100,0.0,0.0
2023-05-03 00:00:00-04:00,4.940000057220459,5.230000019073486,4.900000095367432,4.920000076293945,467900,0.0,0.0
2023-05-04 00:00:00-04:00,4.900000095367432,5.070000171661377,4.699999809265137,4.96999979019165,395200,0.0,0.0
2023-05-05 00:00:00-04:00,5.010000228881836,5.21999979019165,4.949999809265137,5.119999885559082,270500,0.0,0.0
2023-05-08 00:00:00-04:00,5.150000095367432,5.199999809265137,4.869999885559082,5.0,324100,0.0,0.0
2023-05-09 00:00:00-04:00,4.940000057220459,5.03000020980835,4.840000152587891,5.0,304100,0.0,0.0
2023-05-10 00:00:00-04:00,5.199999809265137,6.110000133514404,4.920000076293945,6.059999942779541,871000,0.0,0.0
2023-05-11 00:00:00-04:00,6.0,6.03000020980835,5.429999828338623,5.46999979019165,676800,0.0,0.0
2023-05-12 00:00:00-04:00,5.46999979019165,5.739999771118164,5.46999979019165,5.710000038146973,349900,0.0,0.0
2023-05-15 00:00:00-04:00,5.710000038146973,5.909999847412109,5.389999866485596,5.389999866485596,426500,0.0,0.0
2023-05-16 00:00:00-04:00,5.349999904632568,5.5,5.239999771118164,5.320000171661377,483800,0.0,0.0
2023-05-17 00:00:00-04:00,5.349999904632568,6.0,5.25,5.940000057220459,569800,0.0,0.0
2023-05-18 00:00:00-04:00,5.949999809265137,6.309999942779541,5.670000076293945,5.769999980926514,643000,0.0,0.0
2023-05-19 00:00:00-04:00,5.760000228881836,6.289999961853027,5.71999979019165,6.260000228881836,924200,0.0,0.0
2023-05-22 00:00:00-04:00,6.300000190734863,6.699999809265137,6.28000020980835,6.389999866485596,838900,0.0,0.0
2023-05-23 00:00:00-04:00,6.389999866485596,6.800000190734863,6.110000133514404,6.150000095367432,1275800,0.0,0.0
2023-05-24 00:00:00-04:00,6.059999942779541,6.309999942779541,5.869999885559082,6.199999809265137,416000,0.0,0.0
2023-05-25 00:00:00-04:00,6.199999809265137,6.239999771118164,5.710000038146973,5.71999979019165,502100,0.0,0.0
2023-05-26 00:00:00-04:00,5.71999979019165,5.920000076293945,5.639999866485596,5.78000020980835,318600,0.0,0.0
2023-05-30 00:00:00-04:00,5.789999961853027,5.980000019073486,5.78000020980835,5.849999904632568,251700,0.0,0.0
2023-05-31 00:00:00-04:00,5.840000152587891,6.289999961853027,5.789999961853027,6.199999809265137,376200,0.0,0.0
2023-06-01 00:00:00-04:00,6.119999885559082,7.340000152587891,6.119999885559082,7.28000020980835,1129100,0.0,0.0
2023-06-02 00:00:00-04:00,7.239999771118164,7.570000171661377,6.889999866485596,7.409999847412109,838900,0.0,0.0
2023-06-05 00:00:00-04:00,7.449999809265137,7.800000190734863,7.230000019073486,7.260000228881836,490300,0.0,0.0
2023-06-06 00:00:00-04:00,7.289999961853027,7.360000133514404,6.929999828338623,7.079999923706055,558200,0.0,0.0
2023-06-07 00:00:00-04:00,7.139999866485596,7.309999942779541,7.010000228881836,7.050000190734863,316600,0.0,0.0
2023-06-08 00:00:00-04:00,7.03000020980835,7.599999904632568,7.03000020980835,7.570000171661377,582800,0.0,0.0
2023-06-09 00:00:00-04:00,7.630000114440918,7.71999979019165,7.409999847412109,7.5,465100,0.0,0.0
2023-06-12 00:00:00-04:00,7.550000190734863,7.590000152587891,6.400000095367432,6.409999847412109,1147700,0.0,0.0
2023-06-13 00:00:00-04:00,6.420000076293945,6.619999885559082,6.25,6.300000190734863,593600,0.0,0.0
2023-06-14 00:00:00-04:00,6.300000190734863,6.420000076293945,6.039999961853027,6.070000171661377,520600,0.0,0.0
2023-06-15 00:00:00-04:00,6.070000171661377,6.150000095367432,5.920000076293945,5.96999979019165,504500,0.0,0.0
2023-06-16 00:00:00-04:00,5.940000057220459,6.21999979019165,5.940000057220459,5.96999979019165,551200,0.0,0.0
2023-06-20 00:00:00-04:00,5.949999809265137,6.360000133514404,5.949999809265137,6.289999961853027,705800,0.0,0.0
2023-06-21 00:00:00-04:00,6.300000190734863,6.300000190734863,5.75,5.829999923706055,675900,0.0,0.0
2023-06-22 00:00:00-04:00,5.800000190734863,5.960000038146973,5.639999866485596,5.710000038146973,381300,0.0,0.0
2023-06-23 00:00:00-04:00,5.619999885559082,5.840000152587891,5.320000171661377,5.489999771118164,8475000,0.0,0.0
2023-06-26 00:00:00-04:00,5.329999923706055,5.570000171661377,4.829999923706055,5.400000095367432,1564500,0.0,0.0
2023-06-27 00:00:00-04:00,5.409999847412109,5.53000020980835,5.019999980926514,5.510000228881836,624800,0.0,0.0
2023-06-28 00:00:00-04:00,5.460000038146973,5.820000171661377,5.28000020980835,5.710000038146973,639500,0.0,0.0
2023-06-29 00:00:00-04:00,5.679999828338623,5.730000019073486,5.28000020980835,5.309999942779541,609900,0.0,0.0
2023-06-30 00:00:00-04:00,5.300000190734863,5.510000228881836,5.300000190734863,5.440000057220459,306700,0.0,0.0
2023-07-03 00:00:00-04:00,5.449999809265137,5.480000019073486,5.21999979019165,5.25,176700,0.0,0.0
2023-07-05 00:00:00-04:00,5.21999979019165,5.28000020980835,5.090000152587891,5.099999904632568,374800,0.0,0.0
2023-07-06 00:00:00-04:00,5.019999980926514,5.110000133514404,4.889999866485596,4.929999828338623,521900,0.0,0.0
2023-07-07 00:00:00-04:00,4.920000076293945,5.28000020980835,4.920000076293945,5.269999980926514,295200,0.0,0.0
2023-07-10 00:00:00-04:00,5.230000019073486,5.550000190734863,5.230000019073486,5.409999847412109,274000,0.0,0.0
2023-07-11 00:00:00-04:00,5.449999809265137,5.519999980926514,5.099999904632568,5.179999828338623,425500,0.0,0.0
2023-07-12 00:00:00-04:00,5.269999980926514,5.329999923706055,5.199999809265137,5.239999771118164,189500,0.0,0.0
2023-07-13 00:00:00-04:00,5.21999979019165,5.409999847412109,5.03000020980835,5.090000152587891,259200,0.0,0.0
2023-07-14 00:00:00-04:00,5.079999923706055,5.230000019073486,5.059999942779541,5.159999847412109,251700,0.0,0.0
2023-07-17 00:00:00-04:00,5.139999866485596,5.25,5.03000020980835,5.130000114440918,195300,0.0,0.0
2023-07-18 00:00:00-04:00,5.099999904632568,5.349999904632568,5.099999904632568,5.329999923706055,313900,0.0,0.0
2023-07-19 00:00:00-04:00,5.389999866485596,5.840000152587891,5.389999866485596,5.690000057220459,547900,0.0,0.0
2023-07-20 00:00:00-04:00,5.690000057220459,5.710000038146973,5.309999942779541,5.360000133514404,364500,0.0,0.0
2023-07-21 00:00:00-04:00,5.409999847412109,5.46999979019165,5.28000020980835,5.300000190734863,271800,0.0,0.0
2023-07-24 00:00:00-04:00,5.329999923706055,5.349999904632568,5.119999885559082,5.139999866485596,305200,0.0,0.0
2023-07-25 00:00:00-04:00,5.119999885559082,5.230000019073486,4.880000114440918,4.929999828338623,1260900,0.0,0.0
2023-07-26 00:00:00-04:00,4.929999828338623,4.96999979019165,4.389999866485596,4.409999847412109,905300,0.0,0.0
2023-07-27 00:00:00-04:00,4.5,4.610000133514404,4.289999961853027,4.349999904632568,514300,0.0,0.0
2023-07-28 00:00:00-04:00,4.380000114440918,4.5,4.239999771118164,4.360000133514404,744600,0.0,0.0
2023-07-31 00:00:00-04:00,4.389999866485596,4.539999961853027,4.300000190734863,4.349999904632568,285600,0.0,0.0
2023-08-01 00:00:00-04:00,4.360000133514404,4.360000133514404,4.139999866485596,4.170000076293945,353800,0.0,0.0
2023-08-02 00:00:00-04:00,4.099999904632568,4.170000076293945,3.9100000858306885,3.950000047683716,506900,0.0,0.0
2023-08-03 00:00:00-04:00,3.9600000381469727,4.25,3.930000066757202,4.199999809265137,607500,0.0,0.0
2023-08-04 00:00:00-04:00,4.199999809265137,4.309999942779541,4.090000152587891,4.269999980926514,349900,0.0,0.0
2023-08-07 00:00:00-04:00,4.269999980926514,4.269999980926514,3.930000066757202,3.990000009536743,415000,0.0,0.0
2023-08-08 00:00:00-04:00,3.9600000381469727,4.269999980926514,3.950000047683716,4.25,295300,0.0,0.0
2023-08-09 00:00:00-04:00,3.9800000190734863,4.360000133514404,3.930000066757202,4.329999923706055,479700,0.0,0.0
2023-08-10 00:00:00-04:00,4.300000190734863,4.409999847412109,4.079999923706055,4.199999809265137,362600,0.0,0.0
2023-08-11 00:00:00-04:00,4.170000076293945,4.449999809265137,4.079999923706055,4.300000190734863,297300,0.0,0.0
2023-08-14 00:00:00-04:00,4.28000020980835,4.5,3.9700000286102295,3.990000009536743,590500,0.0,0.0
2023-08-15 00:00:00-04:00,3.990000009536743,3.990000009536743,3.700000047683716,3.7300000190734863,506300,0.0,0.0
2023-08-16 00:00:00-04:00,3.7200000286102295,3.7200000286102295,3.509999990463257,3.5399999618530273,490000,0.0,0.0
2023-08-17 00:00:00-04:00,3.569999933242798,3.640000104904175,3.4600000381469727,3.5,404600,0.0,0.0
2023-08-18 00:00:00-04:00,3.450000047683716,3.5999999046325684,3.390000104904175,3.5299999713897705,711100,0.0,0.0
2023-08-21 00:00:00-04:00,3.549999952316284,3.6500000953674316,3.4200000762939453,3.640000104904175,421600,0.0,0.0
2023-08-22 00:00:00-04:00,3.6600000858306885,3.7699999809265137,3.5399999618530273,3.7100000381469727,312200,0.0,0.0
2023-08-23 00:00:00-04:00,3.740000009536743,3.940000057220459,3.7300000190734863,3.819999933242798,292600,0.0,0.0
2023-08-24 00:00:00-04:00,3.799999952316284,3.819999933242798,3.509999990463257,3.5199999809265137,426300,0.0,0.0
2023-08-25 00:00:00-04:00,3.5199999809265137,3.819999933242798,3.4800000190734863,3.809999942779541,293900,0.0,0.0
2023-08-28 00:00:00-04:00,3.819999933242798,3.859999895095825,3.5399999618530273,3.609999895095825,315500,0.0,0.0
2023-08-29 00:00:00-04:00,3.5999999046325684,3.7899999618530273,3.5799999237060547,3.740000009536743,226800,0.0,0.0
2023-08-30 00:00:00-04:00,3.75,3.7899999618530273,3.5799999237060547,3.6500000953674316,227800,0.0,0.0
2023-08-31 00:00:00-04:00,3.6500000953674316,3.680000066757202,3.440000057220459,3.4600000381469727,359400,0.0,0.0
2023-09-01 00:00:00-04:00,3.569999933242798,3.6700000762939453,3.440000057220459,3.5399999618530273,295600,0.0,0.0
2023-09-05 00:00:00-04:00,3.490000009536743,3.740000009536743,3.4000000953674316,3.430000066757202,317200,0.0,0.0
2023-09-06 00:00:00-04:00,3.450000047683716,3.490000009536743,3.319999933242798,3.4600000381469727,305400,0.0,0.0
2023-09-07 00:00:00-04:00,3.450000047683716,3.4800000190734863,3.259999990463257,3.4000000953674316,423700,0.0,0.0
2023-09-08 00:00:00-04:00,3.390000104904175,3.4600000381469727,3.259999990463257,3.369999885559082,276300,0.0,0.0
2023-09-11 00:00:00-04:00,3.4000000953674316,3.490000009536743,3.3299999237060547,3.440000057220459,198400,0.0,0.0
2023-09-12 00:00:00-04:00,3.4200000762939453,3.4600000381469727,3.2899999618530273,3.319999933242798,289800,0.0,0.0
2023-09-13 00:00:00-04:00,3.319999933242798,3.3399999141693115,3.130000114440918,3.180000066757202,290900,0.0,0.0
2023-09-14 00:00:00-04:00,3.2100000381469727,3.259999990463257,3.109999895095825,3.190000057220459,297800,0.0,0.0
2023-09-15 00:00:00-04:00,3.240000009536743,3.3299999237060547,3.0899999141693115,3.109999895095825,1007500,0.0,0.0
2023-09-18 00:00:00-04:00,3.119999885559082,3.119999885559082,3.009999990463257,3.0299999713897705,350700,0.0,0.0
2023-09-19 00:00:00-04:00,3.049999952316284,3.0999999046325684,2.9800000190734863,3.0899999141693115,242800,0.0,0.0
2023-09-20 00:00:00-04:00,3.109999895095825,3.119999885559082,2.9200000762939453,2.930000066757202,487500,0.0,0.0
2023-09-21 00:00:00-04:00,2.9200000762939453,3.0,2.7799999713897705,2.809999942779541,620100,0.0,0.0
2023-09-22 00:00:00-04:00,2.9100000858306885,2.9600000381469727,2.809999942779541,2.940000057220459,669500,0.0,0.0
2023-09-25 00:00:00-04:00,2.930000066757202,2.990000009536743,2.8399999141693115,2.990000009536743,267400,0.0,0.0
2023-09-26 00:00:00-04:00,2.990000009536743,3.240000009536743,2.869999885559082,2.880000114440918,738300,0.0,0.0
2023-09-27 00:00:00-04:00,2.9200000762939453,3.009999990463257,2.7699999809265137,2.8499999046325684,503400,0.0,0.0
2023-09-28 00:00:00-04:00,2.930000066757202,2.930000066757202,2.6700000762939453,2.9200000762939453,378500,0.0,0.0
2023-09-29 00:00:00-04:00,2.950000047683716,2.990000009536743,2.740000009536743,2.9200000762939453,405600,0.0,0.0
2023-10-02 00:00:00-04:00,2.9200000762939453,2.9200000762939453,2.759999990463257,2.7699999809265137,475400,0.0,0.0
2023-10-03 00:00:00-04:00,2.700000047683716,2.7899999618530273,2.6600000858306885,2.690000057220459,453000,0.0,0.0
2023-10-04 00:00:00-04:00,2.75,2.75,2.5999999046325684,2.609999895095825,539200,0.0,0.0
2023-10-05 00:00:00-04:00,2.5999999046325684,2.7699999809265137,2.569999933242798,2.75,570700,0.0,0.0
2023-10-06 00:00:00-04:00,2.75,2.8399999141693115,2.6500000953674316,2.7699999809265137,590900,0.0,0.0
2023-10-09 00:00:00-04:00,2.740000009536743,2.859999895095825,2.630000114440918,2.799999952316284,464900,0.0,0.0
2023-10-10 00:00:00-04:00,2.7899999618530273,3.0899999141693115,2.75,2.7799999713897705,773300,0.0,0.0
2023-10-11 00:00:00-04:00,2.7899999618530273,2.8299999237060547,2.4800000190734863,2.630000114440918,719900,0.0,0.0
2023-10-12 00:00:00-04:00,2.619999885559082,2.619999885559082,2.390000104904175,2.4000000953674316,447100,0.0,0.0
2023-10-13 00:00:00-04:00,2.380000114440918,2.380000114440918,2.2300000190734863,2.2699999809265137,647800,0.0,0.0
2023-10-16 00:00:00-04:00,1.090000033378601,1.7000000476837158,0.9200000166893005,1.5399999618530273,7472200,0.0,0.0
2023-10-17 00:00:00-04:00,1.399999976158142,1.6200000047683716,1.2100000381469727,1.5700000524520874,2553700,0.0,0.0
2023-10-18 00:00:00-04:00,1.5499999523162842,1.590000033378601,1.399999976158142,1.409999966621399,975600,0.0,0.0
2023-10-19 00:00:00-04:00,1.4299999475479126,1.4299999475479126,1.2400000095367432,1.2599999904632568,670800,0.0,0.0
2023-10-20 00:00:00-04:00,1.25,1.2699999809265137,1.2000000476837158,1.2300000190734863,460500,0.0,0.0
2023-10-23 00:00:00-04:00,1.2000000476837158,1.2000000476837158,1.100000023841858,1.1200000047683716,1113600,0.0,0.0
2023-10-24 00:00:00-04:00,1.1200000047683716,1.3200000524520874,1.1200000047683716,1.2400000095367432,858000,0.0,0.0
2023-10-25 00:00:00-04:00,1.2699999809265137,1.2699999809265137,1.100000023841858,1.1200000047683716,584500,0.0,0.0
2023-10-26 00:00:00-04:00,1.159999966621399,1.1699999570846558,1.0800000429153442,1.090000033378601,365600,0.0,0.0
2023-10-27 00:00:00-04:00,1.100000023841858,1.1200000047683716,1.0499999523162842,1.0800000429153442,479500,0.0,0.0
2023-10-30 00:00:00-04:00,1.100000023841858,1.1699999570846558,1.0499999523162842,1.1399999856948853,978200,0.0,0.0
2023-10-31 00:00:00-04:00,1.1200000047683716,1.2200000286102295,1.090000033378601,1.190000057220459,445800,0.0,0.0
2023-11-01 00:00:00-04:00,1.190000057220459,1.2000000476837158,1.090000033378601,1.1299999952316284,532400,0.0,0.0
2023-11-02 00:00:00-04:00,1.149999976158142,1.2300000190734863,1.1200000047683716,1.2200000286102295,759900,0.0,0.0
2023-11-03 00:00:00-04:00,1.25,1.3700000047683716,1.2400000095367432,1.2799999713897705,754700,0.0,0.0
2023-11-06 00:00:00-05:00,1.399999976158142,1.409999966621399,1.2899999618530273,1.3600000143051147,1026000,0.0,0.0
2023-11-07 00:00:00-05:00,1.340000033378601,1.5,1.2999999523162842,1.4199999570846558,696000,0.0,0.0
2023-11-08 00:00:00-05:00,1.4199999570846558,1.4199999570846558,1.2699999809265137,1.2999999523162842,521600,0.0,0.0
2023-11-09 00:00:00-05:00,1.3600000143051147,1.3600000143051147,1.2400000095367432,1.2599999904632568,267400,0.0,0.0
2023-11-10 00:00:00-05:00,1.2000000476837158,1.3200000524520874,1.1299999952316284,1.25,426200,0.0,0.0
2023-11-13 00:00:00-05:00,1.2300000190734863,1.399999976158142,1.1699999570846558,1.399999976158142,498900,0.0,0.0
2023-11-14 00:00:00-05:00,1.440000057220459,1.5099999904632568,1.409999966621399,1.4900000095367432,480800,0.0,0.0
2023-11-15 00:00:00-05:00,1.4700000286102295,1.7000000476837158,1.4700000286102295,1.5099999904632568,899900,0.0,0.0
2023-11-16 00:00:00-05:00,1.4800000190734863,1.5499999523162842,1.3799999952316284,1.5099999904632568,385800,0.0,0.0
2023-11-17 00:00:00-05:00,1.5399999618530273,1.690000057220459,1.4900000095367432,1.6399999856948853,669500,0.0,0.0
2023-11-20 00:00:00-05:00,1.649999976158142,1.8200000524520874,1.6399999856948853,1.75,876400,0.0,0.0
2023-11-21 00:00:00-05:00,1.7599999904632568,1.7799999713897705,1.600000023841858,1.6799999475479126,674600,0.0,0.0
2023-11-22 00:00:00-05:00,1.7200000286102295,1.809999942779541,1.659999966621399,1.7999999523162842,518700,0.0,0.0
2023-11-24 00:00:00-05:00,1.8300000429153442,1.9700000286102295,1.809999942779541,1.840000033378601,320800,0.0,0.0
2023-11-27 00:00:00-05:00,1.850000023841858,2.0899999141693115,1.850000023841858,2.009999990463257,1166600,0.0,0.0
2023-11-28 00:00:00-05:00,1.9900000095367432,2.1600000858306885,1.9299999475479126,2.059999942779541,577200,0.0,0.0
2023-11-29 00:00:00-05:00,2.059999942779541,2.2200000286102295,2.0199999809265137,2.140000104904175,697800,0.0,0.0
2023-11-30 00:00:00-05:00,2.1700000762939453,2.4000000953674316,2.140000104904175,2.190000057220459,1220800,0.0,0.0
2023-12-01 00:00:00-05:00,2.1600000858306885,2.2300000190734863,1.9700000286102295,2.2300000190734863,1348700,0.0,0.0
2023-12-04 00:00:00-05:00,2.2200000286102295,2.549999952316284,2.2200000286102295,2.5399999618530273,1149900,0.0,0.0
2023-12-05 00:00:00-05:00,2.559999942779541,2.619999885559082,2.2799999713897705,2.549999952316284,913600,0.0,0.0
2023-12-06 00:00:00-05:00,2.569999933242798,2.9600000381469727,2.549999952316284,2.950000047683716,1205900,0.0,0.0
2023-12-07 00:00:00-05:00,2.950000047683716,2.9800000190734863,2.509999990463257,2.5899999141693115,1141700,0.0,0.0
2023-12-08 00:00:00-05:00,2.559999942779541,2.640000104904175,2.5,2.569999933242798,353400,0.0,0.0
2023-12-11 00:00:00-05:00,2.549999952316284,2.609999895095825,2.369999885559082,2.5199999809265137,593700,0.0,0.0
2023-12-12 00:00:00-05:00,2.490000009536743,2.680000066757202,2.4000000953674316,2.5899999141693115,873900,0.0,0.0
2023-12-13 00:00:00-05:00,2.5999999046325684,2.859999895095825,2.569999933242798,2.8499999046325684,557700,0.0,0.0
2023-12-14 00:00:00-05:00,2.940000057220459,3.0199999809265137,2.7799999713897705,2.869999885559082,663000,0.0,0.0
2023-12-15 00:00:00-05:00,2.869999885559082,2.940000057220459,2.7799999713897705,2.8399999141693115,761300,0.0,0.0
2023-12-18 00:00:00-05:00,2.869999885559082,3.0199999809265137,2.7300000190734863,2.880000114440918,585700,0.0,0.0
2023-12-19 00:00:00-05:00,2.890000104904175,3.0,2.819999933242798,2.9800000190734863,606100,0.0,0.0
2023-12-20 00:00:00-05:00,2.950000047683716,3.240000009536743,2.869999885559082,2.990000009536743,729300,0.0,0.0
2023-12-21 00:00:00-05:00,3.009999990463257,3.2100000381469727,3.009999990463257,3.180000066757202,494300,0.0,0.0
2023-12-22 00:00:00-05:00,3.1600000858306885,3.6500000953674316,3.1600000858306885,3.630000114440918,901600,0.0,0.0
2023-12-26 00:00:00-05:00,3.640000104904175,3.809999942779541,3.5799999237060547,3.5899999141693115,1155200,0.0,0.0
2023-12-27 00:00:00-05:00,3.690000057220459,3.759999990463257,3.2300000190734863,3.259999990463257,1285300,0.0,0.0
2023-12-28 00:00:00-05:00,3.3299999237060547,3.5999999046325684,3.3299999237060547,3.5199999809265137,629500,0.0,0.0
2023-12-29 00:00:00-05:00,3.490000009536743,3.569999933242798,3.130000114440918,3.2699999809265137,953700,0.0,0.0
2024-01-02 00:00:00-05:00,3.2200000286102295,3.5199999809265137,3.130000114440918,3.2899999618530273,938800,0.0,0.0
2024-01-03 00:00:00-05:00,3.2899999618530273,3.2899999618530273,2.8499999046325684,2.880000114440918,1062200,0.0,0.0
2024-01-04 00:00:00-05:00,2.950000047683716,3.0399999618530273,2.759999990463257,3.0299999713897705,534300,0.0,0.0
2024-01-05 00:00:00-05:00,2.9600000381469727,3.109999895095825,2.9100000858306885,3.059999942779541,399200,0.0,0.0
2024-01-08 00:00:00-05:00,3.049999952316284,3.569999933242798,3.0199999809265137,3.569999933242798,654100,0.0,0.0
2024-01-09 00:00:00-05:00,3.549999952316284,4.03000020980835,3.4700000286102295,3.950000047683716,973700,0.0,0.0
2024-01-10 00:00:00-05:00,3.940000057220459,3.9800000190734863,3.690000057220459,3.740000009536743,849000,0.0,0.0
2024-01-11 00:00:00-05:00,3.7100000381469727,3.8499999046325684,3.5299999713897705,3.690000057220459,548600,0.0,0.0
2024-01-12 00:00:00-05:00,3.740000009536743,3.9700000286102295,3.4600000381469727,3.5299999713897705,594800,0.0,0.0
2024-01-16 00:00:00-05:00,3.450000047683716,3.640000104904175,3.369999885559082,3.4800000190734863,414500,0.0,0.0
2024-01-17 00:00:00-05:00,3.390000104904175,3.9000000953674316,3.3299999237060547,3.880000114440918,983600,0.0,0.0
2024-01-18 00:00:00-05:00,3.869999885559082,4.079999923706055,3.6700000762939453,3.869999885559082,992900,0.0,0.0
2024-01-19 00:00:00-05:00,3.890000104904175,3.930000066757202,3.7300000190734863,3.890000104904175,745500,0.0,0.0
2024-01-22 00:00:00-05:00,3.9100000858306885,4.0,3.559999942779541,3.5899999141693115,819900,0.0,0.0
2024-01-23 00:00:00-05:00,3.619999885559082,3.619999885559082,3.0199999809265137,3.4100000858306885,1002000,0.0,0.0
2024-01-24 00:00:00-05:00,3.4600000381469727,3.7899999618530273,3.440000057220459,3.4600000381469727,725700,0.0,0.0
2024-01-25 00:00:00-05:00,3.509999990463257,3.569999933242798,3.2899999618530273,3.3499999046325684,661800,0.0,0.0
2024-01-26 00:00:00-05:00,3.359999895095825,3.440000057220459,3.2100000381469727,3.2899999618530273,374800,0.0,0.0
2024-01-29 00:00:00-05:00,3.3299999237060547,3.4100000858306885,3.2100000381469727,3.3499999046325684,489200,0.0,0.0
2024-01-30 00:00:00-05:00,3.319999933242798,3.3499999046325684,3.140000104904175,3.2799999713897705,630400,0.0,0.0
2024-01-31 00:00:00-05:00,3.259999990463257,3.4800000190734863,3.190000057220459,3.240000009536743,483900,0.0,0.0
2024-02-01 00:00:00-05:00,3.549999952316284,3.569999933242798,3.259999990463257,3.4000000953674316,1432000,0.0,0.0
2024-02-02 00:00:00-05:00,3.4000000953674316,3.4200000762939453,3.2100000381469727,3.4000000953674316,364000,0.0,0.0
2024-02-05 00:00:00-05:00,3.3499999046325684,3.4200000762939453,3.2699999809265137,3.2799999713897705,397400,0.0,0.0
2024-02-06 00:00:00-05:00,3.2200000286102295,3.359999895095825,3.0799999237060547,3.3499999046325684,353500,0.0,0.0
2024-02-07 00:00:00-05:00,3.319999933242798,3.4000000953674316,3.2899999618530273,3.2899999618530273,217700,0.0,0.0
2024-02-08 00:00:00-05:00,3.2300000190734863,3.369999885559082,3.180000066757202,3.309999942779541,212200,0.0,0.0
2024-02-09 00:00:00-05:00,3.2899999618530273,3.9200000762939453,3.2799999713897705,3.819999933242798,944300,0.0,0.0
2024-02-12 00:00:00-05:00,3.819999933242798,3.9600000381469727,3.759999990463257,3.9200000762939453,516600,0.0,0.0
2024-02-13 00:00:00-05:00,3.7100000381469727,3.7699999809265137,3.549999952316284,3.630000114440918,655400,0.0,0.0
2024-02-14 00:00:00-05:00,3.740000009536743,4.579999923706055,3.7100000381469727,4.579999923706055,1591600,0.0,0.0
2024-02-15 00:00:00-05:00,4.599999904632568,5.019999980926514,4.420000076293945,4.889999866485596,1488800,0.0,0.0
2024-02-16 00:00:00-05:00,4.949999809265137,5.139999866485596,4.829999923706055,4.889999866485596,896300,0.0,0.0
2024-02-20 00:00:00-05:00,4.809999942779541,4.909999847412109,4.599999904632568,4.659999847412109,624100,0.0,0.0
2024-02-21 00:00:00-05:00,4.599999904632568,4.610000133514404,4.170000076293945,4.239999771118164,754000,0.0,0.0
2024-02-22 00:00:00-05:00,4.269999980926514,4.420000076293945,4.150000095367432,4.159999847412109,454000,0.0,0.0
2024-02-23 00:00:00-05:00,4.21999979019165,4.25,4.03000020980835,4.119999885559082,423700,0.0,0.0
2024-02-26 00:00:00-05:00,4.139999866485596,4.599999904632568,4.139999866485596,4.550000190734863,530500,0.0,0.0
2024-02-27 00:00:00-05:00,4.690000057220459,4.739999771118164,4.380000114440918,4.5,443800,0.0,0.0
2024-02-28 00:00:00-05:00,4.409999847412109,4.570000171661377,4.360000133514404,4.53000020980835,429300,0.0,0.0
2024-02-29 00:00:00-05:00,4.489999771118164,4.679999828338623,4.400000095367432,4.5,324800,0.0,0.0
2024-03-01 00:00:00-05:00,4.539999961853027,4.849999904632568,4.480000019073486,4.78000020980835,436900,0.0,0.0
2024-03-04 00:00:00-05:00,4.849999904632568,4.849999904632568,4.230000019073486,4.440000057220459,597500,0.0,0.0
2024-03-05 00:00:00-05:00,4.440000057220459,4.46999979019165,4.190000057220459,4.210000038146973,326800,0.0,0.0
2024-03-06 00:00:00-05:00,4.260000228881836,4.599999904632568,4.159999847412109,4.409999847412109,565600,0.0,0.0
2024-03-07 00:00:00-05:00,4.420000076293945,4.599999904632568,4.360000133514404,4.519999980926514,292600,0.0,0.0
2024-03-08 00:00:00-05:00,4.579999923706055,4.699999809265137,4.320000171661377,4.380000114440918,442900,0.0,0.0
2024-03-11 00:00:00-04:00,4.320000171661377,4.429999828338623,4.179999828338623,4.199999809265137,326600,0.0,0.0
2024-03-12 00:00:00-04:00,4.150000095367432,4.210000038146973,4.010000228881836,4.03000020980835,314200,0.0,0.0
2024-03-13 00:00:00-04:00,4.099999904632568,4.190000057220459,4.010000228881836,4.039999961853027,362000,0.0,0.0
2024-03-14 00:00:00-04:00,4.03000020980835,4.059999942779541,3.6600000858306885,3.680000066757202,1100200,0.0,0.0
2024-03-15 00:00:00-04:00,3.6500000953674316,3.819999933242798,3.5999999046325684,3.6500000953674316,557100,0.0,0.0
2024-03-18 00:00:00-04:00,3.609999895095825,3.6700000762939453,3.359999895095825,3.5199999809265137,601200,0.0,0.0
2024-03-19 00:00:00-04:00,3.490000009536743,3.700000047683716,3.490000009536743,3.5899999141693115,300300,0.0,0.0
2024-03-20 00:00:00-04:00,3.619999885559082,3.809999942779541,3.5199999809265137,3.7699999809265137,271200,0.0,0.0
2024-03-21 00:00:00-04:00,3.7699999809265137,3.940000057220459,3.6600000858306885,3.6700000762939453,320300,0.0,0.0
2024-03-22 00:00:00-04:00,3.5999999046325684,3.6500000953674316,3.4000000953674316,3.4000000953674316,397000,0.0,0.0
2024-03-25 00:00:00-04:00,3.4100000858306885,3.5199999809265137,3.3399999141693115,3.440000057220459,281200,0.0,0.0
2024-03-26 00:00:00-04:00,3.4700000286102295,3.5799999237060547,3.4000000953674316,3.4600000381469727,192600,0.0,0.0
2024-03-27 00:00:00-04:00,3.559999942779541,3.559999942779541,3.359999895095825,3.4200000762939453,238000,0.0,0.0
2024-03-28 00:00:00-04:00,3.490000009536743,3.509999990463257,3.359999895095825,3.450000047683716,332900,0.0,0.0
2024-04-01 00:00:00-04:00,3.4100000858306885,3.4100000858306885,3.0799999237060547,3.190000057220459,553300,0.0,0.0
2024-04-02 00:00:00-04:00,2.9200000762939453,3.0999999046325684,2.609999895095825,3.049999952316284,1106900,0.0,0.0
2024-04-03 00:00:00-04:00,3.0,3.2100000381469727,3.0,3.1500000953674316,332800,0.0,0.0
2024-04-04 00:00:00-04:00,3.109999895095825,3.3499999046325684,3.0999999046325684,3.119999885559082,491200,0.0,0.0
2024-04-05 00:00:00-04:00,3.119999885559082,3.4700000286102295,3.109999895095825,3.430000066757202,440800,0.0,0.0
2024-04-08 00:00:00-04:00,3.5199999809265137,3.6700000762939453,3.390000104904175,3.4200000762939453,502700,0.0,0.0
2024-04-09 00:00:00-04:00,3.4600000381469727,3.5899999141693115,3.380000114440918,3.430000066757202,328000,0.0,0.0
2024-04-10 00:00:00-04:00,3.369999885559082,3.6600000858306885,3.309999942779541,3.640000104904175,475400,0.0,0.0
2024-04-11 00:00:00-04:00,3.690000057220459,3.9700000286102295,3.619999885559082,3.940000057220459,531000,0.0,0.0
2024-04-12 00:00:00-04:00,3.930000066757202,4.099999904632568,3.7200000286102295,3.759999990463257,304700,0.0,0.0
2024-04-15 00:00:00-04:00,3.7100000381469727,3.819999933242798,3.359999895095825,3.380000114440918,432500,0.0,0.0
2024-04-16 00:00:00-04:00,3.390000104904175,3.4800000190734863,3.2799999713897705,3.430000066757202,237200,0.0,0.0
2024-04-17 00:00:00-04:00,3.4800000190734863,3.569999933242798,3.319999933242798,3.3399999141693115,269400,0.0,0.0
2024-04-18 00:00:00-04:00,3.319999933242798,3.4100000858306885,3.200000047683716,3.2100000381469727,429200,0.0,0.0
2024-04-19 00:00:00-04:00,3.1700000762939453,3.25,3.0299999713897705,3.049999952316284,385900,0.0,0.0
2024-04-22 00:00:00-04:00,3.1600000858306885,3.1600000858306885,3.0,3.0799999237060547,291600,0.0,0.0
2024-04-23 00:00:00-04:00,3.109999895095825,3.25,3.069999933242798,3.0899999141693115,210600,0.0,0.0
2024-04-24 00:00:00-04:00,3.0899999141693115,3.119999885559082,3.0299999713897705,3.0399999618530273,245200,0.0,0.0
2024-04-25 00:00:00-04:00,3.009999990463257,3.0999999046325684,2.9700000286102295,3.059999942779541,265800,0.0,0.0
2024-04-26 00:00:00-04:00,3.069999933242798,3.180000066757202,3.069999933242798,3.1500000953674316,172900,0.0,0.0
2024-04-29 00:00:00-04:00,3.180000066757202,3.309999942779541,3.109999895095825,3.130000114440918,197400,0.0,0.0
2024-04-30 00:00:00-04:00,3.0999999046325684,3.190000057220459,3.069999933242798,3.1500000953674316,172100,0.0,0.0
2024-05-01 00:00:00-04:00,3.1600000858306885,3.4800000190734863,3.1600000858306885,3.4000000953674316,250800,0.0,0.0
2024-05-02 00:00:00-04:00,3.430000066757202,3.7300000190734863,3.380000114440918,3.7200000286102295,281500,0.0,0.0
2024-05-03 00:00:00-04:00,3.759999990463257,3.8399999141693115,3.609999895095825,3.7300000190734863,158800,0.0,0.0
2024-05-06 00:00:00-04:00,3.75,3.9200000762939453,3.640000104904175,3.6700000762939453,178100,0.0,0.0
2024-05-07 00:00:00-04:00,3.700000047683716,3.740000009536743,3.630000114440918,3.640000104904175,148200,0.0,0.0
2024-05-08 00:00:00-04:00,3.5999999046325684,3.700000047683716,3.509999990463257,3.5299999713897705,166400,0.0,0.0
2024-05-09 00:00:00-04:00,3.5199999809265137,3.619999885559082,3.319999933242798,3.559999942779541,146500,0.0,0.0
2024-05-10 00:00:00-04:00,3.5899999141693115,3.5999999046325684,3.369999885559082,3.509999990463257,198200,0.0,0.0
2024-05-13 00:00:00-04:00,3.5399999618530273,3.75,3.5,3.75,138300,0.0,0.0
2024-05-14 00:00:00-04:00,3.799999952316284,4.210000038146973,3.7899999618530273,4.199999809265137,512300,0.0,0.0
2024-05-15 00:00:00-04:00,4.150000095367432,4.340000152587891,4.079999923706055,4.170000076293945,453300,0.0,0.0
2024-05-16 00:00:00-04:00,3.130000114440918,3.4100000858306885,3.0,3.309999942779541,1210000,0.0,0.0
2024-05-17 00:00:00-04:00,3.299999952316284,3.569999933242798,3.2799999713897705,3.450000047683716,374900,0.0,0.0
2024-05-20 00:00:00-04:00,3.3399999141693115,3.5299999713897705,3.2699999809265137,3.299999952316284,361200,0.0,0.0
2024-05-21 00:00:00-04:00,3.309999942779541,3.390000104904175,3.2699999809265137,3.359999895095825,141600,0.0,0.0
2024-05-22 00:00:00-04:00,3.369999885559082,3.509999990463257,3.2899999618530273,3.4200000762939453,208500,0.0,0.0
2024-05-23 00:00:00-04:00,3.430000066757202,3.430000066757202,3.2799999713897705,3.2899999618530273,239800,0.0,0.0
2024-05-24 00:00:00-04:00,3.319999933242798,3.369999885559082,3.299999952316284,3.3499999046325684,110600,0.0,0.0
2024-05-28 00:00:00-04:00,3.359999895095825,3.390000104904175,3.2799999713897705,3.319999933242798,210600,0.0,0.0
2024-05-29 00:00:00-04:00,3.299999952316284,3.440000057220459,3.2899999618530273,3.299999952316284,193600,0.0,0.0
2024-05-30 00:00:00-04:00,3.309999942779541,3.390000104904175,3.299999952316284,3.319999933242798,394200,0.0,0.0
2024-05-31 00:00:00-04:00,3.309999942779541,3.4000000953674316,3.2899999618530273,3.359999895095825,207800,0.0,0.0
2024-06-03 00:00:00-04:00,3.4000000953674316,4.079999923706055,3.390000104904175,4.059999942779541,949600,0.0,0.0
2024-06-04 00:00:00-04:00,4.039999961853027,4.150000095367432,3.799999952316284,3.809999942779541,496700,0.0,0.0
2024-06-05 00:00:00-04:00,3.869999885559082,4.050000190734863,3.759999990463257,3.9800000190734863,389900,0.0,0.0
2024-06-06 00:00:00-04:00,3.9600000381469727,4.090000152587891,3.819999933242798,3.9100000858306885,364800,0.0,0.0
2024-06-07 00:00:00-04:00,3.869999885559082,4.050000190734863,3.7699999809265137,3.859999895095825,289300,0.0,0.0
2024-06-10 00:00:00-04:00,3.819999933242798,3.9800000190734863,3.819999933242798,3.8499999046325684,270300,0.0,0.0
2024-06-11 00:00:00-04:00,3.799999952316284,3.8499999046325684,3.7100000381469727,3.809999942779541,235100,0.0,0.0
2024-06-12 00:00:00-04:00,3.950000047683716,4.260000228881836,3.700000047683716,3.7699999809265137,1114800,0.0,0.0
2024-06-13 00:00:00-04:00,3.7799999713897705,4.25,3.75,4.230000019073486,581000,0.0,0.0
2024-06-14 00:00:00-04:00,4.239999771118164,4.409999847412109,4.039999961853027,4.059999942779541,402200,0.0,0.0
2024-06-17 00:00:00-04:00,4.150000095367432,4.21999979019165,3.9700000286102295,4.039999961853027,289900,0.0,0.0
2024-06-18 00:00:00-04:00,4.070000171661377,4.25,3.990000009536743,4.090000152587891,381400,0.0,0.0
2024-06-20 00:00:00-04:00,4.039999961853027,4.099999904632568,3.940000057220459,3.9600000381469727,344200,0.0,0.0
2024-06-21 00:00:00-04:00,3.990000009536743,4.059999942779541,3.890000104904175,3.9700000286102295,538600,0.0,0.0
2024-06-24 00:00:00-04:00,3.9700000286102295,4.119999885559082,3.950000047683716,4.090000152587891,264400,0.0,0.0
2024-06-25 00:00:00-04:00,4.070000171661377,4.079999923706055,3.869999885559082,3.890000104904175,188100,0.0,0.0
2024-06-26 00:00:00-04:00,3.859999895095825,3.9000000953674316,3.740000009536743,3.819999933242798,295800,0.0,0.0
2024-06-27 00:00:00-04:00,3.8299999237060547,3.950000047683716,3.75,3.950000047683716,125200,0.0,0.0
2024-06-28 00:00:00-04:00,3.990000009536743,4.099999904632568,3.9000000953674316,4.059999942779541,688800,0.0,0.0
2024-07-01 00:00:00-04:00,4.050000190734863,4.050000190734863,3.9000000953674316,3.950000047683716,203400,0.0,0.0
2024-07-02 00:00:00-04:00,3.9600000381469727,3.9600000381469727,3.8499999046325684,3.8499999046325684,128500,0.0,0.0
2024-07-03 00:00:00-04:00,3.859999895095825,3.9600000381469727,3.8299999237060547,3.880000114440918,66900,0.0,0.0
2024-07-05 00:00:00-04:00,3.880000114440918,3.9700000286102295,3.8299999237060547,3.869999885559082,106100,0.0,0.0
2024-07-08 00:00:00-04:00,3.9000000953674316,3.9700000286102295,3.8399999141693115,3.890000104904175,148600,0.0,0.0
2024-07-09 00:00:00-04:00,3.890000104904175,4.0,3.869999885559082,3.9000000953674316,201200,0.0,0.0
2024-07-10 00:00:00-04:00,3.930000066757202,4.139999866485596,3.9100000858306885,4.050000190734863,413500,0.0,0.0
2024-07-11 00:00:00-04:00,4.170000076293945,4.28000020980835,4.03000020980835,4.25,368400,0.0,0.0
2024-07-12 00:00:00-04:00,4.309999942779541,4.489999771118164,4.179999828338623,4.269999980926514,316100,0.0,0.0
2024-07-15 00:00:00-04:00,4.28000020980835,4.599999904632568,4.28000020980835,4.440000057220459,452300,0.0,0.0
2024-07-16 00:00:00-04:00,4.53000020980835,5.099999904632568,4.409999847412109,5.099999904632568,467700,0.0,0.0
2024-07-17 00:00:00-04:00,4.940000057220459,5.199999809265137,4.739999771118164,5.199999809265137,592200,0.0,0.0
2024-07-18 00:00:00-04:00,5.150000095367432,5.289999961853027,4.710000038146973,4.880000114440918,460500,0.0,0.0
2024-07-19 00:00:00-04:00,4.880000114440918,5.099999904632568,4.840000152587891,4.880000114440918,349700,0.0,0.0
2024-07-22 00:00:00-04:00,4.889999866485596,5.159999847412109,4.789999961853027,5.099999904632568,271200,0.0,0.0
2024-07-23 00:00:00-04:00,5.070000171661377,5.5,5.019999980926514,5.46999979019165,546000,0.0,0.0
2024-07-24 00:00:00-04:00,5.239999771118164,5.679999828338623,5.199999809265137,5.449999809265137,570800,0.0,0.0
2024-07-25 00:00:00-04:00,5.510000228881836,5.559999942779541,5.260000228881836,5.28000020980835,275700,0.0,0.0
2024-07-26 00:00:00-04:00,5.360000133514404,5.409999847412109,5.090000152587891,5.21999979019165,244400,0.0,0.0
2024-07-29 00:00:00-04:00,5.21999979019165,5.519999980926514,5.210000038146973,5.380000114440918,341400,0.0,0.0
2024-07-30 00:00:00-04:00,5.449999809265137,5.679999828338623,5.150000095367432,5.21999979019165,396700,0.0,0.0
2024-07-31 00:00:00-04:00,5.25,5.559999942779541,5.159999847412109,5.389999866485596,672200,0.0,0.0
2024-08-01 00:00:00-04:00,5.340000152587891,5.340000152587891,4.920000076293945,5.019999980926514,527500,0.0,0.0
2024-08-02 00:00:00-04:00,4.809999942779541,5.150000095367432,4.78000020980835,4.869999885559082,615200,0.0,0.0
2024-08-05 00:00:00-04:00,4.389999866485596,4.53000020980835,4.199999809265137,4.349999904632568,566700,0.0,0.0
2024-08-06 00:00:00-04:00,4.340000152587891,4.710000038146973,4.28000020980835,4.369999885559082,432500,0.0,0.0
2024-08-07 00:00:00-04:00,4.480000019073486,4.559999942779541,4.139999866485596,4.150000095367432,947200,0.0,0.0
2024-08-08 00:00:00-04:00,4.130000114440918,4.329999923706055,3.7100000381469727,3.9100000858306885,846300,0.0,0.0
2024-08-09 00:00:00-04:00,3.9000000953674316,4.159999847412109,3.9000000953674316,4.119999885559082,308800,0.0,0.0
2024-08-12 00:00:00-04:00,4.139999866485596,4.389999866485596,4.059999942779541,4.28000020980835,350700,0.0,0.0
2024-08-13 00:00:00-04:00,4.329999923706055,4.400000095367432,4.119999885559082,4.130000114440918,272700,0.0,0.0
2024-08-14 00:00:00-04:00,4.099999904632568,4.170000076293945,4.0,4.110000133514404,176600,0.0,0.0
2024-08-15 00:00:00-04:00,4.289999961853027,4.389999866485596,4.150000095367432,4.25,328200,0.0,0.0
2024-08-16 00:00:00-04:00,4.210000038146973,4.300000190734863,4.03000020980835,4.079999923706055,541100,0.0,0.0
2024-08-19 00:00:00-04:00,4.099999904632568,4.21999979019165,4.010000228881836,4.210000038146973,221500,0.0,0.0
2024-08-20 00:00:00-04:00,4.190000057220459,4.230000019073486,3.950000047683716,4.010000228881836,317900,0.0,0.0
2024-08-21 00:00:00-04:00,4.039999961853027,4.300000190734863,3.990000009536743,4.25,253000,0.0,0.0
2024-08-22 00:00:00-04:00,4.260000228881836,4.380000114440918,4.110000133514404,4.119999885559082,160500,0.0,0.0
2024-08-23 00:00:00-04:00,4.119999885559082,4.369999885559082,4.119999885559082,4.239999771118164,203100,0.0,0.0
2024-08-26 00:00:00-04:00,4.260000228881836,4.289999961853027,4.070000171661377,4.130000114440918,236000,0.0,0.0
2024-08-27 00:00:00-04:00,4.079999923706055,4.170000076293945,4.03000020980835,4.110000133514404,186000,0.0,0.0
2024-08-28 00:00:00-04:00,4.130000114440918,4.170000076293945,4.0,4.039999961853027,166200,0.0,0.0
2024-08-29 00:00:00-04:00,4.059999942779541,4.21999979019165,4.059999942779541,4.070000171661377,125200,0.0,0.0
2024-08-30 00:00:00-04:00,4.059999942779541,4.210000038146973,4.03000020980835,4.210000038146973,178000,0.0,0.0
2024-09-03 00:00:00-04:00,4.130000114440918,4.230000019073486,3.950000047683716,3.9700000286102295,320500,0.0,0.0
2024-09-04 00:00:00-04:00,3.930000066757202,4.139999866485596,3.9000000953674316,4.039999961853027,191900,0.0,0.0
2024-09-05 00:00:00-04:00,4.050000190734863,4.110000133514404,3.859999895095825,3.9600000381469727,292300,0.0,0.0
2024-09-06 00:00:00-04:00,3.9700000286102295,4.0,3.630000114440918,3.640000104904175,375700,0.0,0.0
2024-09-09 00:00:00-04:00,3.740000009536743,3.809999942779541,3.5399999618530273,3.5399999618530273,383400,0.0,0.0
2024-09-10 00:00:00-04:00,3.549999952316284,3.7100000381469727,3.549999952316284,3.640000104904175,241200,0.0,0.0
2024-09-11 00:00:00-04:00,3.7100000381469727,3.7300000190734863,3.559999942779541,3.680000066757202,229800,0.0,0.0
2024-09-12 00:00:00-04:00,3.6700000762939453,3.859999895095825,3.6500000953674316,3.740000009536743,168200,0.0,0.0
2024-09-13 00:00:00-04:00,3.740000009536743,3.9600000381469727,3.740000009536743,3.940000057220459,262000,0.0,0.0
2024-09-16 00:00:00-04:00,3.9200000762939453,4.019999980926514,3.8299999237060547,3.9000000953674316,152700,0.0,0.0
2024-09-17 00:00:00-04:00,3.9700000286102295,4.050000190734863,3.890000104904175,4.0,250900,0.0,0.0
2024-09-18 00:00:00-04:00,4.0,4.059999942779541,3.880000114440918,3.930000066757202,240300,0.0,0.0
2024-09-19 00:00:00-04:00,4.050000190734863,4.389999866485596,3.950000047683716,4.03000020980835,477900,0.0,0.0
2024-09-20 00:00:00-04:00,3.990000009536743,4.019999980926514,3.859999895095825,3.9200000762939453,489700,0.0,0.0
2024-09-23 00:00:00-04:00,3.950000047683716,3.950000047683716,3.7699999809265137,3.7699999809265137,135300,0.0,0.0
2024-09-24 00:00:00-04:00,3.7799999713897705,4.019999980926514,3.7300000190734863,3.9000000953674316,193700,0.0,0.0
2024-09-25 00:00:00-04:00,3.890000104904175,3.990000009536743,3.7799999713897705,3.809999942779541,160800,0.0,0.0
2024-09-26 00:00:00-04:00,3.8499999046325684,4.010000228881836,3.8299999237060547,3.9200000762939453,257200,0.0,0.0
2024-09-27 00:00:00-04:00,3.9700000286102295,4.019999980926514,3.859999895095825,3.9200000762939453,139400,0.0,0.0
2024-09-30 00:00:00-04:00,3.9100000858306885,3.990000009536743,3.8399999141693115,3.9700000286102295,295200,0.0,0.0
2024-10-01 00:00:00-04:00,3.930000066757202,3.940000057220459,3.759999990463257,3.819999933242798,284500,0.0,0.0
2024-10-02 00:00:00-04:00,3.819999933242798,4.050000190734863,3.7799999713897705,4.019999980926514,250100,0.0,0.0
2024-10-03 00:00:00-04:00,3.9700000286102295,4.059999942779541,3.7899999618530273,3.7899999618530273,212300,0.0,0.0
2024-10-04 00:00:00-04:00,3.8399999141693115,3.9100000858306885,3.75,3.7699999809265137,246100,0.0,0.0
2024-10-07 00:00:00-04:00,3.7799999713897705,3.880000114440918,3.759999990463257,3.8499999046325684,149100,0.0,0.0
2024-10-08 00:00:00-04:00,3.809999942779541,3.930000066757202,3.7799999713897705,3.890000104904175,178100,0.0,0.0
2024-10-09 00:00:00-04:00,3.8299999237060547,3.9700000286102295,3.75,3.8299999237060547,285700,0.0,0.0
2024-10-10 00:00:00-04:00,3.75,3.9200000762939453,3.75,3.809999942779541,184700,0.0,0.0
2024-10-11 00:00:00-04:00,3.7899999618530273,3.9600000381469727,3.7899999618530273,3.9200000762939453,198400,0.0,0.0
2024-10-14 00:00:00-04:00,3.880000114440918,4.010000228881836,3.859999895095825,3.9700000286102295,163900,0.0,0.0
2024-10-15 00:00:00-04:00,3.9600000381469727,4.119999885559082,3.9600000381469727,4.110000133514404,223500,0.0,0.0
2024-10-16 00:00:00-04:00,4.130000114440918,4.239999771118164,4.059999942779541,4.139999866485596,253800,0.0,0.0
2024-10-17 00:00:00-04:00,4.119999885559082,4.190000057220459,4.079999923706055,4.139999866485596,111800,0.0,0.0
2024-10-18 00:00:00-04:00,4.150000095367432,4.210000038146973,4.059999942779541,4.150000095367432,155000,0.0,0.0
2024-10-21 00:00:00-04:00,4.139999866485596,4.179999828338623,4.050000190734863,4.099999904632568,164900,0.0,0.0
2024-10-22 00:00:00-04:00,4.059999942779541,4.28000020980835,4.059999942779541,4.239999771118164,175400,0.0,0.0
2024-10-23 00:00:00-04:00,4.199999809265137,4.25,4.010000228881836,4.130000114440918,177600,0.0,0.0
2024-10-24 00:00:00-04:00,4.269999980926514,4.289999961853027,4.090000152587891,4.239999771118164,244800,0.0,0.0
2024-10-25 00:00:00-04:00,4.239999771118164,4.329999923706055,4.150000095367432,4.190000057220459,187500,0.0,0.0
2024-10-28 00:00:00-04:00,4.230000019073486,4.360000133514404,4.199999809265137,4.260000228881836,189100,0.0,0.0
2024-10-29 00:00:00-04:00,4.269999980926514,4.289999961853027,4.179999828338623,4.289999961853027,195700,0.0,0.0
2024-10-30 00:00:00-04:00,4.28000020980835,4.329999923706055,4.199999809265137,4.21999979019165,191900,0.0,0.0
2024-10-31 00:00:00-04:00,4.210000038146973,4.21999979019165,4.010000228881836,4.039999961853027,230200,0.0,0.0
2024-11-01 00:00:00-04:00,4.079999923706055,4.170000076293945,4.039999961853027,4.079999923706055,178400,0.0,0.0
2024-11-04 00:00:00-05:00,4.039999961853027,4.269999980926514,4.010000228881836,4.25,268200,0.0,0.0
2024-11-05 00:00:00-05:00,4.21999979019165,4.429999828338623,4.21999979019165,4.400000095367432,311900,0.0,0.0
2024-11-06 00:00:00-05:00,4.619999885559082,4.679999828338623,4.440000057220459,4.550000190734863,430600,0.0,0.0
2024-11-07 00:00:00-05:00,4.550000190734863,4.630000114440918,4.460000038146973,4.5,322200,0.0,0.0
2024-11-08 00:00:00-05:00,4.480000019073486,4.510000228881836,4.380000114440918,4.409999847412109,179600,0.0,0.0
2024-11-11 00:00:00-05:00,4.409999847412109,4.449999809265137,4.199999809265137,4.289999961853027,283900,0.0,0.0
2024-11-12 00:00:00-05:00,4.289999961853027,4.400000095367432,4.21999979019165,4.260000228881836,303000,0.0,0.0
2024-11-13 00:00:00-05:00,4.289999961853027,4.449999809265137,4.179999828338623,4.190000057220459,519500,0.0,0.0
2024-11-14 00:00:00-05:00,4.420000076293945,7.510000228881836,4.409999847412109,6.949999809265137,14225600,0.0,0.0
2024-11-15 00:00:00-05:00,7.0,7.150000095367432,6.519999980926514,6.75,1945100,0.0,0.0
2024-11-18 00:00:00-05:00,6.75,6.75,5.820000171661377,5.920000076293945,1760700,0.0,0.0
2024-11-19 00:00:00-05:00,5.730000019073486,6.099999904632568,5.550000190734863,6.03000020980835,506600,0.0,0.0
2024-11-20 00:00:00-05:00,6.0,6.199999809265137,5.889999866485596,6.03000020980835,369700,0.0,0.0
2024-11-21 00:00:00-05:00,6.090000152587891,7.849999904632568,6.059999942779541,7.730000019073486,1632000,0.0,0.0
2024-11-22 00:00:00-05:00,7.699999809265137,10.989999771118164,7.460000038146973,10.90999984741211,4068700,0.0,0.0
2024-11-25 00:00:00-05:00,11.0,11.819999694824219,10.34000015258789,11.789999961853027,2106800,0.0,0.0
2024-11-26 00:00:00-05:00,11.800000190734863,12.489999771118164,11.260000228881836,12.149999618530273,1598600,0.0,0.0
2024-11-27 00:00:00-05:00,11.890000343322754,12.260000228881836,11.270000457763672,11.90999984741211,1040100,0.0,0.0
2024-11-29 00:00:00-05:00,11.979999542236328,11.979999542236328,11.010000228881836,11.350000381469727,692400,0.0,0.0
2024-12-02 00:00:00-05:00,11.220000267028809,12.109999656677246,11.029999732971191,11.949999809265137,861800,0.0,0.0
2024-12-03 00:00:00-05:00,11.9399995803833,12.239999771118164,10.619999885559082,11.0600004196167,854800,0.0,0.0
2024-12-04 00:00:00-05:00,11.010000228881836,11.710000038146973,10.859999656677246,11.680000305175781,502000,0.0,0.0
2024-12-05 00:00:00-05:00,11.619999885559082,11.789999961853027,10.989999771118164,11.100000381469727,399400,0.0,0.0
2024-12-06 00:00:00-05:00,11.0600004196167,12.649999618530273,11.0600004196167,11.609999656677246,962700,0.0,0.0
2024-12-09 00:00:00-05:00,12.0,12.119999885559082,11.260000228881836,11.380000114440918,319100,0.0,0.0
2024-12-10 00:00:00-05:00,11.130000114440918,11.59000015258789,10.510000228881836,10.539999961853027,583100,0.0,0.0
2024-12-11 00:00:00-05:00,10.569999694824219,10.670000076293945,8.90999984741211,9.010000228881836,1050300,0.0,0.0
2024-12-12 00:00:00-05:00,8.949999809265137,9.289999961853027,8.300000190734863,8.489999771118164,1022000,0.0,0.0
2024-12-13 00:00:00-05:00,8.399999618530273,8.479999542236328,7.550000190734863,7.630000114440918,1096400,0.0,0.0
2024-12-16 00:00:00-05:00,7.539999961853027,7.940000057220459,7.329999923706055,7.590000152587891,559400,0.0,0.0
2024-12-17 00:00:00-05:00,7.5,8.100000381469727,7.360000133514404,7.880000114440918,576600,0.0,0.0
2024-12-18 00:00:00-05:00,7.920000076293945,8.020000457763672,7.199999809265137,7.460000038146973,836400,0.0,0.0
2024-12-19 00:00:00-05:00,9.710000038146973,13.600000381469727,9.699999809265137,10.239999771118164,6003400,0.0,0.0
2024-12-20 00:00:00-05:00,10.079999923706055,12.829999923706055,10.079999923706055,10.3100004196167,2507500,0.0,0.0
2024-12-23 00:00:00-05:00,11.149999618530273,11.199999809265137,9.880000114440918,10.109999656677246,951200,0.0,0.0
2024-12-24 00:00:00-05:00,9.899999618530273,10.529999732971191,9.899999618530273,10.0,346100,0.0,0.0
2024-12-26 00:00:00-05:00,9.829999923706055,10.520000457763672,9.800000190734863,10.460000038146973,587800,0.0,0.0
2024-12-27 00:00:00-05:00,10.34000015258789,11.779999732971191,10.34000015258789,11.680000305175781,805600,0.0,0.0
2024-12-30 00:00:00-05:00,11.279999732971191,11.399999618530273,9.5600004196167,9.739999771118164,1573800,0.0,0.0
2024-12-31 00:00:00-05:00,10.119999885559082,10.119999885559082,9.399999618530273,9.880000114440918,910300,0.0,0.0
2025-01-02 00:00:00-05:00,9.850000381469727,10.229999542236328,9.520000457763672,9.84000015258789,609800,0.0,0.0
2025-01-03 00:00:00-05:00,9.899999618530273,11.260000228881836,9.859999656677246,11.210000038146973,759700,0.0,0.0
2025-01-06 00:00:00-05:00,11.100000381469727,11.199999809265137,10.609999656677246,10.84000015258789,605500,0.0,0.0
2025-01-07 00:00:00-05:00,10.869999885559082,11.0,10.0,10.170000076293945,559900,0.0,0.0
2025-01-08 00:00:00-05:00,10.020000457763672,10.380000114440918,9.729999542236328,9.890000343322754,716500,0.0,0.0
2025-01-10 00:00:00-05:00,9.699999809265137,9.880000114440918,8.819999694824219,8.84000015258789,784600,0.0,0.0
2025-01-13 00:00:00-05:00,8.65999984741211,8.960000038146973,8.210000038146973,8.789999961853027,821400,0.0,0.0
2025-01-14 00:00:00-05:00,8.739999771118164,9.0,8.25,8.59000015258789,586800,0.0,0.0
2025-01-15 00:00:00-05:00,9.0600004196167,9.109999656677246,8.460000038146973,8.899999618530273,564800,0.0,0.0
2025-01-16 00:00:00-05:00,9.109999656677246,9.489999771118164,8.829999923706055,9.180000305175781,773600,0.0,0.0
2025-01-17 00:00:00-05:00,9.180000305175781,9.569999694824219,8.819999694824219,9.329999923706055,522200,0.0,0.0
2025-01-21 00:00:00-05:00,9.510000228881836,9.710000038146973,9.130000114440918,9.149999618530273,370100,0.0,0.0
2025-01-22 00:00:00-05:00,8.949999809265137,9.399999618530273,8.869999885559082,9.289999961853027,474200,0.0,0.0
2025-01-23 00:00:00-05:00,9.199999809265137,9.5,8.930000305175781,9.010000228881836,448500,0.0,0.0
2025-01-24 00:00:00-05:00,9.0600004196167,9.09000015258789,8.260000228881836,8.369999885559082,698200,0.0,0.0
2025-01-27 00:00:00-05:00,8.220000267028809,9.010000228881836,8.15999984741211,8.989999771118164,524600,0.0,0.0
2025-01-28 00:00:00-05:00,9.069999694824219,9.15999984741211,8.75,8.960000038146973,418700,0.0,0.0
2025-01-29 00:00:00-05:00,8.880000114440918,8.9399995803833,8.520000457763672,8.670000076293945,298000,0.0,0.0
2025-01-30 00:00:00-05:00,8.699999809265137,9.079999923706055,8.649999618530273,8.84000015258789,289500,0.0,0.0
2025-01-31 00:00:00-05:00,8.720000267028809,8.899999618530273,8.539999961853027,8.619999885559082,337300,0.0,0.0
2025-02-03 00:00:00-05:00,8.369999885559082,8.550000190734863,8.279999732971191,8.430000305175781,323700,0.0,0.0
2025-02-04 00:00:00-05:00,8.420000076293945,9.170000076293945,8.399999618530273,9.130000114440918,642600,0.0,0.0
2025-02-05 00:00:00-05:00,9.239999771118164,9.319999694824219,8.9399995803833,9.1899995803833,382900,0.0,0.0
2025-02-06 00:00:00-05:00,9.260000228881836,9.289999961853027,8.819999694824219,9.079999923706055,254600,0.0,0.0
2025-02-07 00:00:00-05:00,9.079999923706055,9.1899995803833,8.630000114440918,8.649999618530273,381300,0.0,0.0
2025-02-10 00:00:00-05:00,8.739999771118164,9.180000305175781,8.579999923706055,8.640000343322754,394000,0.0,0.0
2025-02-11 00:00:00-05:00,8.5,8.760000228881836,8.25,8.720000267028809,487900,0.0,0.0
2025-02-12 00:00:00-05:00,8.600000381469727,8.869999885559082,8.449999809265137,8.539999961853027,378300,0.0,0.0
2025-02-13 00:00:00-05:00,8.619999885559082,9.199999809265137,8.539999961853027,9.119999885559082,422600,0.0,0.0
2025-02-14 00:00:00-05:00,9.149999618530273,9.430000305175781,9.079999923706055,9.180000305175781,425100,0.0,0.0
2025-02-18 00:00:00-05:00,9.199999809265137,9.399999618530273,9.0600004196167,9.34000015258789,408700,0.0,0.0
2025-02-19 00:00:00-05:00,9.279999732971191,9.630000114440918,9.149999618530273,9.25,365100,0.0,0.0
2025-02-20 00:00:00-05:00,9.539999961853027,10.020000457763672,9.399999618530273,9.609999656677246,724700,0.0,0.0
2025-02-21 00:00:00-05:00,9.859999656677246,10.029999732971191,9.180000305175781,9.180000305175781,573300,0.0,0.0
2025-02-24 00:00:00-05:00,9.15999984741211,9.5,8.640000343322754,8.680000305175781,633000,0.0,0.0
2025-02-25 00:00:00-05:00,8.569999694824219,8.84000015258789,8.289999961853027,8.449999809265137,815800,0.0,0.0
2025-02-26 00:00:00-05:00,8.630000114440918,9.100000381469727,8.569999694824219,8.75,499400,0.0,0.0
2025-02-27 00:00:00-05:00,8.75,9.010000228881836,8.40999984741211,8.520000457763672,522400,0.0,0.0
2025-02-28 00:00:00-05:00,8.489999771118164,8.699999809265137,8.210000038146973,8.40999984741211,624000,0.0,0.0
2025-03-03 00:00:00-05:00,8.399999618530273,8.630000114440918,8.0600004196167,8.170000076293945,569600,0.0,0.0
2025-03-04 00:00:00-05:00,7.980000019073486,8.09000015258789,7.630000114440918,7.980000019073486,747800,0.0,0.0
2025-03-05 00:00:00-05:00,8.0,8.390000343322754,7.809999942779541,8.359999656677246,380700,0.0,0.0
2025-03-06 00:00:00-05:00,8.0600004196167,8.289999961853027,7.46999979019165,7.480000019073486,554300,0.0,0.0
2025-03-07 00:00:00-05:00,7.480000019073486,7.75,7.269999980926514,7.659999847412109,667500,0.0,0.0
2025-03-10 00:00:00-04:00,7.5,7.570000171661377,7.0,7.039999961853027,557000,0.0,0.0
2025-03-11 00:00:00-04:00,7.039999961853027,7.460000038146973,6.989999771118164,7.389999866485596,472900,0.0,0.0
2025-03-12 00:00:00-04:00,7.550000190734863,8.020000457763672,7.420000076293945,8.010000228881836,437900,0.0,0.0
2025-03-13 00:00:00-04:00,8.09000015258789,8.09000015258789,7.670000076293945,7.860000133514404,495400,0.0,0.0
2025-03-14 00:00:00-04:00,8.020000457763672,8.539999961853027,7.940000057220459,8.420000076293945,373200,0.0,0.0
2025-03-17 00:00:00-04:00,8.359999656677246,8.680000305175781,8.319999694824219,8.520000457763672,332300,0.0,0.0
2025-03-18 00:00:00-04:00,8.40999984741211,8.930000305175781,8.390000343322754,8.920000076293945,440300,0.0,0.0
2025-03-19 00:00:00-04:00,8.880000114440918,9.15999984741211,8.729999542236328,8.979999542236328,434600,0.0,0.0
2025-03-20 00:00:00-04:00,8.720000267028809,9.15999984741211,8.720000267028809,9.100000381469727,416500,0.0,0.0
2025-03-21 00:00:00-04:00,8.970000267028809,9.390000343322754,8.970000267028809,9.100000381469727,953000,0.0,0.0
2025-03-24 00:00:00-04:00,9.270000457763672,9.319999694824219,8.819999694824219,9.020000457763672,349900,0.0,0.0
2025-03-25 00:00:00-04:00,8.899999618530273,9.1899995803833,8.890000343322754,9.15999984741211,250300,0.0,0.0
2025-03-26 00:00:00-04:00,9.170000076293945,9.289999961853027,8.5,8.520000457763672,533200,0.0,0.0
2025-03-27 00:00:00-04:00,8.380000114440918,9.130000114440918,8.3100004196167,8.920000076293945,667200,0.0,0.0
2025-03-28 00:00:00-04:00,8.8100004196167,8.949999809265137,8.40999984741211,8.470000267028809,389500,0.0,0.0
2025-03-31 00:00:00-04:00,8.260000228881836,8.529999732971191,8.09000015258789,8.220000267028809,769400,0.0,0.0
2025-04-01 00:00:00-04:00,9.15999984741211,9.15999984741211,7.71999979019165,7.909999847412109,1877000,0.0,0.0
2025-04-02 00:00:00-04:00,7.690000057220459,8.739999771118164,7.690000057220459,8.010000228881836,1561000,0.0,0.0
2025-04-03 00:00:00-04:00,7.659999847412109,7.690000057220459,6.920000076293945,7.360000133514404,1189300,0.0,0.0
2025-04-04 00:00:00-04:00,7.329999923706055,7.510000228881836,7.050000190734863,7.059999942779541,802200,0.0,0.0
2025-04-07 00:00:00-04:00,6.829999923706055,7.179999828338623,6.349999904632568,6.900000095367432,1149700,0.0,0.0
2025-04-08 00:00:00-04:00,7.239999771118164,7.239999771118164,6.019999980926514,6.03000020980835,1205400,0.0,0.0
2025-04-09 00:00:00-04:00,5.809999942779541,6.570000171661377,5.639999866485596,6.5,2304500,0.0,0.0
2025-04-10 00:00:00-04:00,6.300000190734863,6.460000038146973,5.800000190734863,5.860000133514404,1419200,0.0,0.0
2025-04-11 00:00:00-04:00,5.869999885559082,6.769999980926514,5.800000190734863,6.730000019073486,826000,0.0,0.0
2025-04-14 00:00:00-04:00,6.96999979019165,7.130000114440918,6.789999961853027,6.989999771118164,778900,0.0,0.0
2025-04-15 00:00:00-04:00,6.960000038146973,7.190000057220459,6.650000095367432,6.869999885559082,508200,0.0,0.0
2025-04-16 00:00:00-04:00,6.789999961853027,6.980000019073486,6.599999904632568,6.760000228881836,392000,0.0,0.0
2025-04-17 00:00:00-04:00,6.789999961853027,6.880000114440918,6.559999942779541,6.78000020980835,423400,0.0,0.0
2025-04-21 00:00:00-04:00,6.659999847412109,6.809999942779541,6.5,6.699999809265137,388600,0.0,0.0
2025-04-22 00:00:00-04:00,6.840000152587891,7.260000228881836,6.789999961853027,7.150000095367432,672300,0.0,0.0
2025-04-23 00:00:00-04:00,7.489999771118164,7.670000076293945,6.940000057220459,6.96999979019165,697400,0.0,0.0
2025-04-24 00:00:00-04:00,6.949999809265137,7.329999923706055,6.829999923706055,7.300000190734863,352500,0.0,0.0
2025-04-25 00:00:00-04:00,7.300000190734863,7.480000019073486,7.099999904632568,7.309999942779541,367600,0.0,0.0
2025-04-28 00:00:00-04:00,7.329999923706055,7.489999771118164,7.210000038146973,7.269999980926514,486200,0.0,0.0
2025-04-29 00:00:00-04:00,7.210000038146973,7.480000019073486,7.090000152587891,7.210000038146973,307100,0.0,0.0
2025-04-30 00:00:00-04:00,7.110000133514404,7.400000095367432,6.989999771118164,7.349999904632568,369300,0.0,0.0
2025-05-01 00:00:00-04:00,7.369999885559082,7.369999885559082,6.96999979019165,7.019999980926514,543000,0.0,0.0
2025-05-02 00:00:00-04:00,7.130000114440918,7.28000020980835,6.960000038146973,7.170000076293945,401400,0.0,0.0
2025-05-05 00:00:00-04:00,7.110000133514404,7.150000095367432,6.789999961853027,6.809999942779541,458300,0.0,0.0
2025-05-06 00:00:00-04:00,6.71999979019165,7.079999923706055,6.269999980926514,6.340000152587891,801100,0.0,0.0
2025-05-07 00:00:00-04:00,6.329999923706055,6.5,6.269999980926514,6.349999904632568,374400,0.0,0.0
2025-05-08 00:00:00-04:00,6.409999847412109,6.579999923706055,6.230000019073486,6.309999942779541,399800,0.0,0.0
2025-05-09 00:00:00-04:00,6.320000171661377,6.46999979019165,6.150000095367432,6.179999828338623,521700,0.0,0.0
2025-05-12 00:00:00-04:00,5.869999885559082,5.900000095367432,3.7899999618530273,3.799999952316284,7424500,0.0,0.0
2025-05-13 00:00:00-04:00,4.21999979019165,4.699999809265137,4.0,4.429999828338623,3282700,0.0,0.0
2025-05-14 00:00:00-04:00,4.369999885559082,4.440000057220459,3.9100000858306885,3.930000066757202,1680100,0.0,0.0
2025-05-15 00:00:00-04:00,3.9700000286102295,4.159999847412109,3.759999990463257,3.950000047683716,1568900,0.0,0.0
2025-05-16 00:00:00-04:00,3.9000000953674316,3.930000066757202,2.9700000286102295,3.2200000286102295,3005300,0.0,0.0
2025-05-19 00:00:00-04:00,3.180000066757202,3.359999895095825,3.0899999141693115,3.319999933242798,2093200,0.0,0.0
2025-05-20 00:00:00-04:00,3.319999933242798,3.4100000858306885,3.109999895095825,3.2899999618530273,1263200,0.0,0.0
2025-05-21 00:00:00-04:00,3.2300000190734863,3.2699999809265137,3.059999942779541,3.109999895095825,1006200,0.0,0.0
2025-05-22 00:00:00-04:00,3.0899999141693115,3.2899999618530273,3.0299999713897705,3.2200000286102295,867400,0.0,0.0
2025-05-23 00:00:00-04:00,3.130000114440918,3.190000057220459,3.049999952316284,3.1600000858306885,570900,0.0,0.0
2025-05-27 00:00:00-04:00,3.2200000286102295,3.3399999141693115,3.069999933242798,3.1700000762939453,672400,0.0,0.0
2025-05-28 00:00:00-04:00,3.1700000762939453,3.1700000762939453,3.0,3.140000104904175,1075500,0.0,0.0
2025-05-29 00:00:00-04:00,3.180000066757202,3.3399999141693115,3.069999933242798,3.319999933242798,655900,0.0,0.0
2025-05-30 00:00:00-04:00,3.2799999713897705,3.2799999713897705,3.049999952316284,3.0899999141693115,623000,0.0,0.0
2025-06-02 00:00:00-04:00,3.0799999237060547,3.180000066757202,2.9700000286102295,3.0799999237060547,1068400,0.0,0.0
2025-06-03 00:00:00-04:00,3.0899999141693115,3.2100000381469727,3.0299999713897705,3.140000104904175,721300,0.0,0.0
2025-06-04 00:00:00-04:00,3.1500000953674316,3.4000000953674316,3.0999999046325684,3.3399999141693115,876500,0.0,0.0
2025-06-05 00:00:00-04:00,3.3499999046325684,3.3499999046325684,3.180000066757202,3.299999952316284,661900,0.0,0.0
2025-06-06 00:00:00-04:00,3.3499999046325684,3.8499999046325684,3.299999952316284,3.7699999809265137,1043300,0.0,0.0
2025-06-09 00:00:00-04:00,3.799999952316284,3.880000114440918,3.569999933242798,3.7699999809265137,701800,0.0,0.0
2025-06-10 00:00:00-04:00,3.940000057220459,4.059999942779541,3.809999942779541,3.880000114440918,1246900,0.0,0.0
2025-06-11 00:00:00-04:00,3.930000066757202,4.0,3.609999895095825,3.619999885559082,812800,0.0,0.0
2025-06-12 00:00:00-04:00,3.5799999237060547,3.75,3.4700000286102295,3.549999952316284,653700,0.0,0.0
2025-06-13 00:00:00-04:00,3.4700000286102295,3.5299999713897705,3.3499999046325684,3.4000000953674316,696500,0.0,0.0
2025-06-16 00:00:00-04:00,3.450000047683716,3.450000047683716,3.2799999713897705,3.369999885559082,680900,0.0,0.0
2025-06-17 00:00:00-04:00,3.3499999046325684,3.430000066757202,3.190000057220459,3.2100000381469727,747100,0.0,0.0
2025-06-18 00:00:00-04:00,3.190000057220459,3.380000114440918,3.1500000953674316,3.2200000286102295,568300,0.0,0.0
2025-06-20 00:00:00-04:00,3.240000009536743,3.299999952316284,3.119999885559082,3.2100000381469727,1231900,0.0,0.0
2025-06-23 00:00:00-04:00,3.200000047683716,3.2799999713897705,3.109999895095825,3.190000057220459,547400,0.0,0.0
2025-06-24 00:00:00-04:00,3.2200000286102295,3.490000009536743,3.180000066757202,3.380000114440918,1322600,0.0,0.0
2025-06-25 00:00:00-04:00,3.390000104904175,3.5999999046325684,3.240000009536743,3.5,855400,0.0,0.0
2025-06-26 00:00:00-04:00,3.509999990463257,3.509999990463257,3.259999990463257,3.319999933242798,867100,0.0,0.0
2025-06-27 00:00:00-04:00,3.299999952316284,3.4200000762939453,3.1700000762939453,3.200000047683716,1695100,0.0,0.0
2025-06-30 00:00:00-04:00,3.200000047683716,3.200000047683716,2.9800000190734863,3.0,1237400,0.0,0.0
2025-07-01 00:00:00-04:00,2.990000009536743,3.200000047683716,2.950000047683716,2.9700000286102295,1367300,0.0,0.0
2025-07-02 00:00:00-04:00,2.9700000286102295,3.25,2.9600000381469727,3.0899999141693115,1357400,0.0,0.0
2025-07-03 00:00:00-04:00,3.109999895095825,3.2100000381469727,3.0399999618530273,3.200000047683716,536700,0.0,0.0
2025-07-07 00:00:00-04:00,3.130000114440918,3.1700000762939453,3.0,3.0799999237060547,780200,0.0,0.0
2025-07-08 00:00:00-04:00,3.0999999046325684,3.190000057220459,3.059999942779541,3.130000114440918,647100,0.0,0.0
2025-07-09 00:00:00-04:00,3.1700000762939453,3.450000047683716,3.140000104904175,3.380000114440918,1199500,0.0,0.0
2025-07-10 00:00:00-04:00,3.390000104904175,3.4800000190734863,3.359999895095825,3.4600000381469727,784300,0.0,0.0
2025-07-11 00:00:00-04:00,3.4600000381469727,3.7899999618530273,3.440000057220459,3.6500000953674316,954300,0.0,0.0
2025-07-14 00:00:00-04:00,3.680000066757202,3.9800000190734863,3.640000104904175,3.930000066757202,1004700,0.0,0.0
2025-07-15 00:00:00-04:00,3.9600000381469727,4.019999980926514,3.5999999046325684,3.609999895095825,959900,0.0,0.0
2025-07-16 00:00:00-04:00,3.630000114440918,3.700000047683716,3.4200000762939453,3.509999990463257,802100,0.0,0.0
2025-07-17 00:00:00-04:00,3.5199999809265137,3.690000057220459,3.4100000858306885,3.4800000190734863,1002900,0.0,0.0
2025-07-18 00:00:00-04:00,3.549999952316284,3.630000114440918,3.3399999141693115,3.359999895095825,681100,0.0,0.0
2025-07-21 00:00:00-04:00,3.4000000953674316,3.809999942779541,3.369999885559082,3.640000104904175,1232700,0.0,0.0
2025-07-22 00:00:00-04:00,3.6700000762939453,3.799999952316284,3.5899999141693115,3.740000009536743,758700,0.0,0.0
2025-07-23 00:00:00-04:00,3.740000009536743,3.9100000858306885,3.640000104904175,3.819999933242798,816300,0.0,0.0
2025-07-24 00:00:00-04:00,3.799999952316284,3.869999885559082,3.5799999237060547,3.5899999141693115,637200,0.0,0.0
2025-07-25 00:00:00-04:00,3.859999895095825,4.519999980926514,3.619999885559082,3.8299999237060547,5312000,0.0,0.0
2025-07-28 00:00:00-04:00,3.950000047683716,4.449999809265137,3.799999952316284,4.150000095367432,5102700,0.0,0.0
2025-07-29 00:00:00-04:00,4.150000095367432,4.230000019073486,3.8499999046325684,3.9700000286102295,1714400,0.0,0.0
2025-07-30 00:00:00-04:00,3.9800000190734863,4.110000133514404,3.809999942779541,3.8499999046325684,1404600,0.0,0.0
2025-07-31 00:00:00-04:00,3.8299999237060547,4.079999923706055,3.799999952316284,3.869999885559082,1233700,0.0,0.0
2025-08-01 00:00:00-04:00,3.8299999237060547,3.8299999237060547,3.5199999809265137,3.609999895095825,1863000,0.0,0.0
2025-08-04 00:00:00-04:00,3.609999895095825,3.740000009536743,3.440000057220459,3.7100000381469727,1397900,0.0,0.0
2025-08-05 00:00:00-04:00,3.740000009536743,4.039999961853027,3.609999895095825,4.019999980926514,1321400,0.0,0.0
2025-08-06 00:00:00-04:00,4.019999980926514,4.050000190734863,3.799999952316284,3.859999895095825,905300,0.0,0.0
2025-08-07 00:00:00-04:00,3.859999895095825,3.9100000858306885,3.700000047683716,3.7799999713897705,498900,0.0,0.0
2025-08-08 00:00:00-04:00,3.8499999046325684,4.059999942779541,3.7799999713897705,4.059999942779541,1058700,0.0,0.0
2025-08-11 00:00:00-04:00,4.03000020980835,4.190000057220459,3.890000104904175,4.139999866485596,845900,0.0,0.0
2025-08-12 00:00:00-04:00,4.190000057220459,4.21999979019165,4.019999980926514,4.179999828338623,657300,0.0,0.0
2025-08-13 00:00:00-04:00,4.239999771118164,4.300000190734863,4.130000114440918,4.269999980926514,1019400,0.0,0.0
2025-08-14 00:00:00-04:00,4.199999809265137,4.260000228881836,4.050000190734863,4.119999885559082,835800,0.0,0.0
2025-08-15 00:00:00-04:00,4.230000019073486,4.539999961853027,4.150000095367432,4.409999847412109,2678900,0.0,0.0
2025-08-18 00:00:00-04:00,4.489999771118164,4.550000190734863,4.21999979019165,4.21999979019165,1328800,0.0,0.0
2025-08-19 00:00:00-04:00,4.210000038146973,4.519999980926514,4.039999961853027,4.360000133514404,2136600,0.0,0.0
2025-08-20 00:00:00-04:00,4.300000190734863,4.300000190734863,4.119999885559082,4.190000057220459,1152300,0.0,0.0
2025-08-21 00:00:00-04:00,4.159999847412109,4.489999771118164,4.059999942779541,4.480000019073486,1404100,0.0,0.0
2025-08-22 00:00:00-04:00,4.429999828338623,4.539999961853027,4.360000133514404,4.400000095367432,931400,0.0,0.0
2025-08-25 00:00:00-04:00,4.579999923706055,4.579999923706055,4.28000020980835,4.349999904632568,854600,0.0,0.0
2025-08-26 00:00:00-04:00,4.360000133514404,4.460000038146973,4.260000228881836,4.380000114440918,892800,0.0,0.0
2025-08-27 00:00:00-04:00,4.380000114440918,4.400000095367432,4.199999809265137,4.25,428900,0.0,0.0
2025-08-28 00:00:00-04:00,4.300000190734863,4.329999923706055,4.179999828338623,4.230000019073486,447500,0.0,0.0
2025-08-29 00:00:00-04:00,4.199999809265137,4.239999771118164,4.099999904632568,4.159999847412109,503300,0.0,0.0
2025-09-02 00:00:00-04:00,4.139999866485596,4.429999828338623,4.139999866485596,4.289999961853027,781700,0.0,0.0
2025-09-03 00:00:00-04:00,4.239999771118164,4.320000171661377,4.079999923706055,4.179999828338623,767800,0.0,0.0
2025-09-04 00:00:00-04:00,4.159999847412109,4.25,4.070000171661377,4.179999828338623,643900,0.0,0.0
2025-09-05 00:00:00-04:00,4.230000019073486,4.28000020980835,4.119999885559082,4.170000076293945,553900,0.0,0.0
2025-09-08 00:00:00-04:00,4.199999809265137,4.289999961853027,4.150000095367432,4.210000038146973,597800,0.0,0.0
2025-09-09 00:00:00-04:00,4.21999979019165,4.269999980926514,4.159999847412109,4.260000228881836,549600,0.0,0.0
2025-09-10 00:00:00-04:00,4.21999979019165,4.340000152587891,4.179999828338623,4.269999980926514,902100,0.0,0.0
2025-09-11 00:00:00-04:00,4.300000190734863,4.329999923706055,4.199999809265137,4.199999809265137,710800,0.0,0.0
2025-09-12 00:00:00-04:00,4.190000057220459,4.190000057220459,4.119999885559082,4.150000095367432,563000,0.0,0.0
2025-09-15 00:00:00-04:00,4.199999809265137,4.199999809265137,4.059999942779541,4.090000152587891,619500,0.0,0.0
2025-09-16 00:00:00-04:00,4.090000152587891,4.179999828338623,4.019999980926514,4.03000020980835,703000,0.0,0.0
2025-09-17 00:00:00-04:00,4.070000171661377,4.21999979019165,3.940000057220459,4.059999942779541,1062400,0.0,0.0
2025-09-18 00:00:00-04:00,4.110000133514404,4.289999961853027,4.050000190734863,4.260000228881836,746900,0.0,0.0
2025-09-19 00:00:00-04:00,4.289999961853027,4.309999942779541,4.170000076293945,4.179999828338623,1993500,0.0,0.0
2025-09-22 00:00:00-04:00,4.21999979019165,4.320000171661377,4.110000133514404,4.300000190734863,678900,0.0,0.0
2025-09-23 00:00:00-04:00,4.300000190734863,4.539999961853027,4.269999980926514,4.28000020980835,1413100,0.0,0.0
2025-09-24 00:00:00-04:00,4.329999923706055,4.360000133514404,4.179999828338623,4.199999809265137,982800,0.0,0.0
2025-09-25 00:00:00-04:00,4.199999809265137,4.409999847412109,4.130000114440918,4.380000114440918,1186400,0.0,0.0
2025-09-26 00:00:00-04:00,4.389999866485596,4.519999980926514,4.25,4.460000038146973,1011900,0.0,0.0
2025-09-29 00:00:00-04:00,4.519999980926514,4.519999980926514,4.139999866485596,4.179999828338623,841900,0.0,0.0
2025-09-30 00:00:00-04:00,4.159999847412109,4.179999828338623,4.090000152587891,4.099999904632568,714300,0.0,0.0
2025-10-01 00:00:00-04:00,4.099999904632568,4.179999828338623,4.070000171661377,4.139999866485596,858100,0.0,0.0
2025-10-02 00:00:00-04:00,4.139999866485596,4.239999771118164,4.079999923706055,4.21999979019165,785500,0.0,0.0
2025-10-03 00:00:00-04:00,4.289999961853027,4.590000152587891,4.260000228881836,4.579999923706055,1231600,0.0,0.0
2025-10-06 00:00:00-04:00,4.619999885559082,4.71999979019165,4.460000038146973,4.610000133514404,1477600,0.0,0.0
2025-10-07 00:00:00-04:00,4.610000133514404,4.690000057220459,4.409999847412109,4.440000057220459,668700,0.0,0.0
2025-10-08 00:00:00-04:00,4.449999809265137,4.53000020980835,4.360000133514404,4.389999866485596,528600,0.0,0.0
2025-10-09 00:00:00-04:00,4.429999828338623,4.599999904632568,4.380000114440918,4.559999942779541,1041000,0.0,0.0
2025-10-10 00:00:00-04:00,4.590000152587891,4.590000152587891,4.150000095367432,4.190000057220459,1263800,0.0,0.0
2025-10-13 00:00:00-04:00,4.300000190734863,4.300000190734863,4.090000152587891,4.190000057220459,1030500,0.0,0.0
2025-10-14 00:00:00-04:00,4.150000095367432,4.190000057220459,4.059999942779541,4.099999904632568,732000,0.0,0.0
2025-10-15 00:00:00-04:00,11.59000015258789,12.100000381469727,9.1899995803833,10.420000076293945,125221000,0.0,0.0
2025-10-16 00:00:00-04:00,9.149999618530273,10.359999656677246,8.949999809265137,9.829999923706055,11176200,0.0,0.0
2025-10-17 00:00:00-04:00,9.609999656677246,9.65999984741211,7.960000038146973,8.109999656677246,7479400,0.0,0.0
2025-10-20 00:00:00-04:00,7.96999979019165,8.369999885559082,7.860000133514404,8.25,2577700,0.0,0.0
2025-10-21 00:00:00-04:00,8.100000381469727,8.319999694824219,7.769999980926514,7.869999885559082,2363700,0.0,0.0
2025-10-22 00:00:00-04:00,7.769999980926514,8.029999732971191,7.429999828338623,7.739999771118164,1923900,0.0,0.0
2025-10-23 00:00:00-04:00,7.929999828338623,7.949999809265137,7.599999904632568,7.650000095367432,1350800,0.0,0.0
2025-10-24 00:00:00-04:00,7.710000038146973,7.849999904632568,7.53000020980835,7.550000190734863,1341100,0.0,0.0
2025-10-27 00:00:00-04:00,7.659999847412109,7.820000171661377,7.510000228881836,7.710000038146973,943200,0.0,0.0
2025-10-28 00:00:00-04:00,7.730000019073486,8.050000190734863,7.440000057220459,7.960000038146973,1801000,0.0,0.0
2025-10-29 00:00:00-04:00,8.0,8.020000457763672,7.510000228881836,7.679999828338623,1416800,0.0,0.0
2025-10-30 00:00:00-04:00,7.579999923706055,7.940000057220459,7.5,7.519999980926514,1081200,0.0,0.0
2025-10-31 00:00:00-04:00,7.539999961853027,7.539999961853027,7.21999979019165,7.329999923706055,1537700,0.0,0.0
2025-11-03 00:00:00-05:00,7.210000038146973,7.349999904632568,7.070000171661377,7.170000076293945,1371100,0.0,0.0
2025-11-04 00:00:00-05:00,7.059999942779541,7.239999771118164,6.710000038146973,6.730000019073486,1474300,0.0,0.0
2025-11-05 00:00:00-05:00,6.690000057220459,7.019999980926514,6.639999866485596,6.989999771118164,1298600,0.0,0.0
2025-11-06 00:00:00-05:00,6.989999771118164,7.03000020980835,6.559999942779541,6.579999923706055,1576500,0.0,0.0
2025-11-07 00:00:00-05:00,6.5,6.619999885559082,6.25,6.590000152587891,1254600,0.0,0.0
2025-11-10 00:00:00-05:00,6.679999828338623,6.809999942779541,6.53000020980835,6.599999904632568,1124400,0.0,0.0
2025-11-11 00:00:00-05:00,6.610000133514404,7.059999942779541,6.519999980926514,6.889999866485596,1223200,0.0,0.0
2025-11-12 00:00:00-05:00,6.889999866485596,7.039999961853027,6.809999942779541,6.889999866485596,1087800,0.0,0.0
2025-11-13 00:00:00-05:00,6.840000152587891,6.880000114440918,6.239999771118164,6.28000020980835,2084200,0.0,0.0
2025-11-14 00:00:00-05:00,6.639999866485596,7.889999866485596,6.590000152587891,7.869999885559082,4819800,0.0,0.0
2025-11-17 00:00:00-05:00,7.900000095367432,9.100000381469727,7.71999979019165,9.079999923706055,3849500,0.0,0.0
2025-11-18 00:00:00-05:00,9.0,9.550000190734863,8.479999542236328,8.5,2396800,0.0,0.0
2025-11-19 00:00:00-05:00,8.40999984741211,8.739999771118164,8.199999809265137,8.220000267028809,1362400,0.0,0.0
2025-11-20 00:00:00-05:00,8.390000343322754,8.600000381469727,8.199999809265137,8.229999542236328,1271400,0.0,0.0
2025-11-21 00:00:00-05:00,8.050000190734863,8.90999984741211,8.039999961853027,8.869999885559082,1226000,0.0,0.0
2025-11-24 00:00:00-05:00,8.920000076293945,10.0,8.899999618530273,9.760000228881836,2516100,0.0,0.0
2025-11-25 00:00:00-05:00,9.680000305175781,9.800000190734863,9.34000015258789,9.449999809265137,1307600,0.0,0.0
2025-11-26 00:00:00-05:00,9.699999809265137,9.84000015258789,9.5,9.630000114440918,1028000,0.0,0.0
2025-11-28 00:00:00-05:00,9.680000305175781,9.930000305175781,9.569999694824219,9.6899995803833,594000,0.0,0.0
2025-12-01 00:00:00-05:00,9.829999923706055,10.40999984741211,9.5600004196167,9.680000305175781,2578100,0.0,0.0
2025-12-02 00:00:00-05:00,9.670000076293945,10.079999923706055,9.420000076293945,9.430000305175781,1406000,0.0,0.0
2025-12-03 00:00:00-05:00,9.430000305175781,10.680000305175781,9.3100004196167,10.619999885559082,1772200,0.0,0.0
2025-12-04 00:00:00-05:00,10.520000457763672,11.029999732971191,10.34000015258789,11.029999732971191,1267600,0.0,0.0
2025-12-05 00:00:00-05:00,10.9399995803833,11.0,10.609999656677246,10.850000381469727,1035000,0.0,0.0
2025-12-08 00:00:00-05:00,11.010000228881836,11.4399995803833,10.819999694824219,11.399999618530273,1309400,0.0,0.0
2025-12-09 00:00:00-05:00,11.279999732971191,11.649999618530273,11.130000114440918,11.470000267028809,1101200,0.0,0.0
2025-12-10 00:00:00-05:00,11.470000267028809,11.710000038146973,11.220000267028809,11.239999771118164,1200900,0.0,0.0
2025-12-11 00:00:00-05:00,11.09000015258789,11.420000076293945,10.350000381469727,10.59000015258789,1567000,0.0,0.0
2025-12-12 00:00:00-05:00,10.609999656677246,10.710000038146973,10.149999618530273,10.149999618530273,1118300,0.0,0.0
2025-12-15 00:00:00-05:00,10.199999809265137,10.239999771118164,9.1899995803833,9.199999809265137,1958600,0.0,0.0
2025-12-16 00:00:00-05:00,9.020000457763672,9.180000305175781,8.270000457763672,8.770000457763672,2533800,0.0,0.0
2025-12-17 00:00:00-05:00,8.800000190734863,9.300000190734863,8.720000267028809,8.829999923706055,1359100,0.0,0.0
2025-12-18 00:00:00-05:00,8.920000076293945,9.350000381469727,8.920000076293945,9.15999984741211,997000,0.0,0.0
2025-12-19 00:00:00-05:00,9.25,9.930000305175781,9.25,9.600000381469727,2346200,0.0,0.0
2025-12-22 00:00:00-05:00,9.619999885559082,10.260000228881836,9.5,9.510000228881836,2613200,0.0,0.0
2025-12-23 00:00:00-05:00,9.430000305175781,9.649999618530273,8.600000381469727,8.75,2520300,0.0,0.0
2025-12-24 00:00:00-05:00,16.440000534057617,17.649999618530273,13.920000076293945,15.359999656677246,24509200,0.0,0.0
2025-12-26 00:00:00-05:00,15.350000381469727,15.869999885559082,14.210000038146973,15.710000038146973,7164000,0.0,0.0
2025-12-29 00:00:00-05:00,15.170000076293945,16.639999389648438,14.430000305175781,16.56999969482422,5563400,0.0,0.0
2025-12-30 00:00:00-05:00,16.56999969482422,17.469999313354492,16.0,16.959999084472656,4257300,0.0,0.0
2025-12-31 00:00:00-05:00,16.68000030517578,17.350000381469727,16.1299991607666,17.18000030517578,2807100,0.0,0.0
2026-01-02 00:00:00-05:00,17.5,17.6299991607666,16.290000915527344,16.3799991607666,2843600,0.0,0.0
2026-01-05 00:00:00-05:00,16.3700008392334,16.389999389648438,15.289999961853027,15.399999618530273,2997700,0.0,0.0
2026-01-06 00:00:00-05:00,15.09000015258789,15.130000114440918,13.510000228881836,13.529999732971191,5317400,0.0,0.0
2026-01-07 00:00:00-05:00,13.609999656677246,14.609999656677246,13.600000381469727,14.09000015258789,4290100,0.0,0.0
2026-01-08 00:00:00-05:00,14.520000457763672,16.139999389648438,13.40999984741211,13.449999809265137,4967000,0.0,0.0
2026-01-09 00:00:00-05:00,13.65999984741211,14.25,12.449999809265137,12.489999771118164,4588800,0.0,0.0
2026-01-12 00:00:00-05:00,12.220000267028809,13.09000015258789,11.850000381469727,12.819999694824219,4019700,0.0,0.0
2026-01-13 00:00:00-05:00,12.520000457763672,12.640000343322754,12.109999656677246,12.619999885559082,2176400,0.0,0.0
2026-01-14 00:00:00-05:00,12.579999923706055,13.260000228881836,12.529999732971191,13.079999923706055,1876500,0.0,0.0
2026-01-15 00:00:00-05:00,12.850000381469727,12.930000305175781,11.920000076293945,12.210000038146973,2468300,0.0,0.0
2026-01-16 00:00:00-05:00,12.180000305175781,12.210000038146973,11.710000038146973,12.010000228881836,2680400,0.0,0.0
2026-01-20 00:00:00-05:00,11.9399995803833,12.470000267028809,11.520000457763672,12.260000228881836,2268600,0.0,0.0
2026-01-21 00:00:00-05:00,12.050000190734863,12.600000381469727,11.6899995803833,12.079999923706055,2231000,0.0,0.0
2026-01-22 00:00:00-05:00,12.010000228881836,12.5,11.989999771118164,12.149999618530273,2065300,0.0,0.0
2026-01-23 00:00:00-05:00,12.15999984741211,12.220000267028809,11.880000114440918,11.930000305175781,1175400,0.0,0.0
2026-01-26 00:00:00-05:00,11.8100004196167,11.819999694824219,11.520000457763672,11.529999732971191,1478300,0.0,0.0
2026-01-27 00:00:00-05:00,11.529999732971191,12.680000305175781,11.449999809265137,12.670000076293945,1603600,0.0,0.0
2026-01-28 00:00:00-05:00,12.609999656677246,12.640000343322754,11.760000228881836,11.8100004196167,1373200,0.0,0.0
2026-01-29 00:00:00-05:00,11.779999732971191,12.079999923706055,11.65999984741211,11.949999809265137,838200,0.0,0.0
2026-01-30 00:00:00-05:00,11.84000015258789,12.170000076293945,11.609999656677246,11.6899995803833,1379400,0.0,0.0
2026-02-02 00:00:00-05:00,11.600000381469727,11.890000343322754,11.4399995803833,11.720000267028809,1173700,0.0,0.0
2026-02-03 00:00:00-05:00,11.739999771118164,12.180000305175781,11.609999656677246,11.819999694824219,1126100,0.0,0.0
2026-02-04 00:00:00-05:00,11.84000015258789,11.960000038146973,11.300000190734863,11.510000228881836,1395100,0.0,0.0
2026-02-05 00:00:00-05:00,11.300000190734863,11.760000228881836,10.550000190734863,10.739999771118164,1819400,0.0,0.0
2026-02-06 00:00:00-05:00,11.0,11.40999984741211,10.890000343322754,11.229999542236328,1250900,0.0,0.0
2026-02-09 00:00:00-05:00,11.180000305175781,11.449999809265137,11.010000228881836,11.300000190734863,629700,0.0,0.0
2026-02-10 00:00:00-05:00,11.34000015258789,11.460000038146973,11.119999885559082,11.170000076293945,525100,0.0,0.0
2026-02-11 00:00:00-05:00,11.239999771118164,11.449999809265137,11.0,11.229999542236328,844500,0.0,0.0
2026-02-12 00:00:00-05:00,11.210000038146973,11.539999961853027,11.050000190734863,11.4399995803833,653900,0.0,0.0
2026-02-13 00:00:00-05:00,11.539999961853027,12.140000343322754,11.449999809265137,11.6899995803833,792900,0.0,0.0
2026-02-17 00:00:00-05:00,11.930000305175781,12.449999809265137,11.75,11.930000305175781,955400,0.0,0.0
2026-02-18 00:00:00-05:00,11.869999885559082,12.239999771118164,11.65999984741211,11.75,840400,0.0,0.0
2026-02-19 00:00:00-05:00,11.619999885559082,12.149999618530273,11.619999885559082,12.010000228881836,728500,0.0,0.0
2026-02-20 00:00:00-05:00,11.859999656677246,12.220000267028809,11.729999542236328,12.039999961853027,1007400,0.0,0.0
2026-02-23 00:00:00-05:00,11.960000038146973,12.130000114440918,11.09000015258789,11.4399995803833,1439600,0.0,0.0
2026-02-24 00:00:00-05:00,11.369999885559082,11.829999923706055,11.359999656677246,11.550000190734863,866400,0.0,0.0
2026-02-25 00:00:00-05:00,11.600000381469727,11.779999732971191,11.3100004196167,11.380000114440918,687700,0.0,0.0
2026-02-26 00:00:00-05:00,11.380000114440918,11.579999923706055,11.279999732971191,11.550000190734863,537900,0.0,0.0
2026-02-27 00:00:00-05:00,11.369999885559082,12.079999923706055,11.369999885559082,12.050000190734863,1205900,0.0,0.0
2026-03-02 00:00:00-05:00,11.789999961853027,12.130000114440918,11.670000076293945,11.979999542236328,896100,0.0,0.0
2026-03-03 00:00:00-05:00,11.539999961853027,11.760000228881836,11.220000267028809,11.640000343322754,710100,0.0,0.0
2026-03-04 00:00:00-05:00,11.680000305175781,11.880000114440918,11.369999885559082,11.59000015258789,879400,0.0,0.0
2026-03-05 00:00:00-05:00,11.5,11.6899995803833,11.329999923706055,11.489999771118164,885000,0.0,0.0
2026-03-06 00:00:00-05:00,11.329999923706055,11.65999984741211,11.149999618530273,11.539999961853027,622800,0.0,0.0
2026-03-09 00:00:00-04:00,11.359999656677246,11.640000343322754,11.15999984741211,11.289999961853027,1019200,0.0,0.0
2026-03-10 00:00:00-04:00,11.260000228881836,11.930000305175781,11.220000267028809,11.710000038146973,815400,0.0,0.0
2026-03-11 00:00:00-04:00,11.619999885559082,11.979999542236328,11.510000228881836,11.930000305175781,547200,0.0,0.0
2026-03-12 00:00:00-04:00,11.65999984741211,11.739999771118164,11.279999732971191,11.420000076293945,722300,0.0,0.0
2026-03-13 00:00:00-04:00,11.5600004196167,11.710000038146973,11.119999885559082,11.1899995803833,750100,0.0,0.0
2026-03-16 00:00:00-04:00,11.289999961853027,11.399999618530273,11.09000015258789,11.140000343322754,491400,0.0,0.0
2026-03-17 00:00:00-04:00,11.170000076293945,11.390000343322754,11.010000228881836,11.270000457763672,631000,0.0,0.0
2026-03-18 00:00:00-04:00,11.180000305175781,11.180000305175781,10.75,10.949999809265137,783900,0.0,0.0
2026-03-19 00:00:00-04:00,10.829999923706055,11.270000457763672,10.65999984741211,11.119999885559082,650400,0.0,0.0
2026-03-20 00:00:00-04:00,11.069999694824219,11.220000267028809,10.890000343322754,11.0,1318600,0.0,0.0
2026-03-23 00:00:00-04:00,11.170000076293945,11.4399995803833,10.59000015258789,10.65999984741211,1185500,0.0,0.0
2026-03-24 00:00:00-04:00,10.5,10.59000015258789,10.050000190734863,10.180000305175781,956700,0.0,0.0
2026-03-25 00:00:00-04:00,10.359999656677246,10.729999542236328,10.289999961853027,10.4399995803833,633400,0.0,0.0
2026-03-26 00:00:00-04:00,10.329999923706055,10.699999809265137,10.210000038146973,10.300000190734863,560000,0.0,0.0
2026-03-27 00:00:00-04:00,10.399999618530273,10.40999984741211,9.859999656677246,9.880000114440918,877100,0.0,0.0
2026-03-30 00:00:00-04:00,9.949999809265137,10.0600004196167,9.770000457763672,9.8100004196167,1081800,0.0,0.0
2026-03-31 00:00:00-04:00,10.0,10.619999885559082,9.989999771118164,10.5600004196167,1793000,0.0,0.0
2026-04-01 00:00:00-04:00,11.319999694824219,13.0,11.289999961853027,12.079999923706055,4639000,0.0,0.0
2026-04-02 00:00:00-04:00,11.619999885559082,11.8100004196167,10.819999694824219,10.899999618530273,1837300,0.0,0.0
2026-04-06 00:00:00-04:00,10.9399995803833,11.270000457763672,10.699999809265137,10.890000343322754,1029300,0.0,0.0
2026-04-07 00:00:00-04:00,10.800000190734863,11.0,10.40999984741211,10.979999542236328,1237800,0.0,0.0
2026-04-08 00:00:00-04:00,11.329999923706055,11.600000381469727,10.930000305175781,11.510000228881836,1190800,0.0,0.0
2026-04-09 00:00:00-04:00,11.399999618530273,11.9399995803833,11.359999656677246,11.90999984741211,1280800,0.0,0.0
2026-04-10 00:00:00-04:00,12.020000457763672,12.020000457763672,11.460000038146973,11.489999771118164,970400,0.0,0.0
2026-04-13 00:00:00-04:00,11.40999984741211,11.649999618530273,11.25,11.380000114440918,797500,0.0,0.0
2026-04-14 00:00:00-04:00,11.479999542236328,11.84000015258789,11.460000038146973,11.84000015258789,776500,0.0,0.0
2026-04-15 00:00:00-04:00,11.979999542236328,12.569999694824219,11.920000076293945,12.25,1159400,0.0,0.0
2026-04-16 00:00:00-04:00,12.479999542236328,12.600000381469727,12.09000015258789,12.539999961853027,1092200,0.0,0.0
2026-04-17 00:00:00-04:00,12.59000015258789,13.460000038146973,12.449999809265137,13.4399995803833,1953000,0.0,0.0
2026-04-20 00:00:00-04:00,13.350000381469727,13.9399995803833,13.039999961853027,13.470000267028809,1128000,0.0,0.0
2026-04-21 00:00:00-04:00,13.399999618530273,13.5,13.020000457763672,13.260000228881836,829000,0.0,0.0
2026-04-22 00:00:00-04:00,13.520000457763672,13.59000015258789,13.220000267028809,13.369999885559082,890500,0.0,0.0
2026-04-23 00:00:00-04:00,13.319999694824219,13.699999809265137,13.010000228881836,13.520000457763672,869200,0.0,0.0
2026-04-24 00:00:00-04:00,13.520000457763672,13.920000076293945,13.039999961853027,13.529999732971191,1523900,0.0,0.0
2026-04-27 00:00:00-04:00,13.5,14.989999771118164,13.479999542236328,14.739999771118164,1913900,0.0,0.0
2026-04-28 00:00:00-04:00,14.649999618530273,14.890000343322754,14.300000190734863,14.670000076293945,1618900,0.0,0.0
2026-04-29 00:00:00-04:00,14.640000343322754,14.720000267028809,14.369999885559082,14.5600004196167,855900,0.0,0.0
2026-04-30 00:00:00-04:00,14.720000267028809,14.920000076293945,14.579999923706055,14.600000381469727,712600,0.0,0.0
2026-05-01 00:00:00-04:00,14.569999694824219,15.319999694824219,14.449999809265137,15.0600004196167,1282100,0.0,0.0
2026-05-04 00:00:00-04:00,15.029999732971191,15.25,14.6899995803833,14.90999984741211,1087900,0.0,0.0
2026-05-05 00:00:00-04:00,14.979999542236328,15.050000190734863,14.630000114440918,14.770000457763672,779100,0.0,0.0
2026-05-06 00:00:00-04:00,14.770000457763672,14.920000076293945,14.630000114440918,14.829999923706055,539600,0.0,0.0
2026-05-07 00:00:00-04:00,14.859999656677246,14.880000114440918,14.359999656677246,14.640000343322754,737900,0.0,0.0
2026-05-08 00:00:00-04:00,14.619999885559082,14.829999923706055,14.119999885559082,14.130000114440918,863200,0.0,0.0
2026-05-11 00:00:00-04:00,14.140000343322754,14.760000228881836,14.130000114440918,14.359999656677246,800500,0.0,0.0
2026-05-12 00:00:00-04:00,14.479999542236328,14.9399995803833,14.329999923706055,14.760000228881836,1100100,0.0,0.0
2026-05-13 00:00:00-04:00,14.770000457763672,14.859999656677246,13.779999732971191,14.380000114440918,2377100,0.0,0.0
2026-05-14 00:00:00-04:00,14.539999961853027,14.720000267028809,12.510000228881836,13.279999732971191,3446000,0.0,0.0
2026-05-15 00:00:00-04:00,12.859999656677246,13.0,11.800000190734863,12.25,3266400,0.0,0.0
2026-05-18 00:00:00-04:00,12.289999961853027,12.350000381469727,11.65999984741211,11.699999809265137,1988400,0.0,0.0
2026-05-19 00:00:00-04:00,11.569999694824219,11.979999542236328,11.40999984741211,11.970000267028809,1373900,0.0,0.0
2026-05-20 00:00:00-04:00,12.229999542236328,12.550000190734863,12.0,12.380000114440918,1052400,0.0,0.0
2026-05-21 00:00:00-04:00,12.380000114440918,12.550000190734863,11.920000076293945,11.960000038146973,1096300,0.0,0.0
2026-05-22 00:00:00-04:00,11.84000015258789,11.970000267028809,11.460000038146973,11.460000038146973,1525700,0.0,0.0
2026-05-26 00:00:00-04:00,11.550000190734863,12.0,11.460000038146973,11.649999618530273,1169700,0.0,0.0
2026-05-27 00:00:00-04:00,11.770000457763672,12.020000457763672,10.550000190734863,11.069999694824219,4355600,0.0,0.0
2026-05-28 00:00:00-04:00,10.84000015258789,11.210000038146973,10.579999923706055,11.149999618530273,1194100,0.0,0.0
2026-05-29 00:00:00-04:00,11.119999885559082,11.119999885559082,10.770000457763672,11.039999961853027,2596400,0.0,0.0
2026-06-01 00:00:00-04:00,10.90999984741211,11.0,10.609999656677246,10.720000267028809,1261900,0.0,0.0
2026-06-02 00:00:00-04:00,10.539999961853027,10.65999984741211,10.220000267028809,10.260000228881836,2441000,0.0,0.0
2026-06-03 00:00:00-04:00,10.210000038146973,10.229999542236328,9.859999656677246,10.15999984741211,1850400,0.0,0.0
2026-06-04 00:00:00-04:00,10.25,10.800000190734863,10.100000381469727,10.25,1407000,0.0,0.0
2026-06-05 00:00:00-04:00,10.239999771118164,10.260000228881836,9.75,9.789999961853027,1717300,0.0,0.0
2026-06-08 00:00:00-04:00,10.020000457763672,10.100000381469727,9.630000114440918,9.850000381469727,1407500,0.0,0.0
2026-06-09 00:00:00-04:00,9.859999656677246,10.039999961853027,9.550000190734863,9.970000267028809,1544300,0.0,0.0
2026-06-10 00:00:00-04:00,9.869999885559082,10.449999809265137,9.869999885559082,10.199999809265137,1375400,0.0,0.0
2026-06-11 00:00:00-04:00,10.1899995803833,10.479999542236328,10.020000457763672,10.180000305175781,1097400,0.0,0.0
2026-06-12 00:00:00-04:00,10.050000190734863,10.109999656677246,6.699999809265137,8.739999771118164,7781700,0.0,0.0
2026-06-15 00:00:00-04:00,8.819999694824219,9.609999656677246,8.819999694824219,9.329999923706055,1960100,0.0,0.0
2026-06-16 00:00:00-04:00,9.34000015258789,9.880000114440918,8.859999656677246,9.479999542236328,2608200,0.0,0.0
2026-06-17 00:00:00-04:00,9.4399995803833,9.925000190734863,9.260000228881836,9.640000343322754,1389477,0.0,0.0
