Date,Open,High,Low,Close,Volume,Dividends,Stock Splits
2022-01-03 00:00:00-05:00,2250.0,2250.0,1700.0,2145.0,11,0.0,0.0
2022-01-04 00:00:00-05:00,2190.0,2190.0,1900.0,2010.0,10,0.0,0.0
2022-01-05 00:00:00-05:00,1900.0,1900.0,1700.0,1770.0,3,0.0,0.0
2022-01-06 00:00:00-05:00,1790.0,1900.0,1550.0,1900.0,9,0.0,0.0
2022-01-07 00:00:00-05:00,1820.0,1820.0,1500.0,1650.0,13,0.0,0.0
2022-01-10 00:00:00-05:00,1590.0,1620.0,1405.0,1500.0,2,0.0,0.0
2022-01-11 00:00:00-05:00,1515.0,1525.0,1175.0,1520.0,24,0.0,0.0
2022-01-12 00:00:00-05:00,1425.0,1450.0,1250.0,1400.0,3,0.0,0.0
2022-01-13 00:00:00-05:00,1255.0,1550.0,1100.0,1360.0,5,0.0,0.0
2022-01-14 00:00:00-05:00,1400.0,1440.0,1305.0,1385.0,1,0.0,0.0
2022-01-18 00:00:00-05:00,1365.0,1495.0,1345.0,1375.0,2,0.0,0.0
2022-01-19 00:00:00-05:00,1415.0,1490.0,1250.0,1290.0,3,0.0,0.0
2022-01-20 00:00:00-05:00,1295.0,1355.0,1295.0,1355.0,1,0.0,0.0
2022-01-21 00:00:00-05:00,1250.0,1250.0,1100.0,1125.0,4,0.0,0.0
2022-01-24 00:00:00-05:00,1100.0,1110.0,850.0,990.0,20,0.0,0.0
2022-01-25 00:00:00-05:00,1125.0,1250.0,1000.0,1205.0,7,0.0,0.0
2022-01-26 00:00:00-05:00,1205.0,1205.0,950.0,1115.0,17,0.0,0.0
2022-01-27 00:00:00-05:00,995.0,1065.0,985.0,1010.0,6,0.0,0.0
2022-01-28 00:00:00-05:00,1000.0,1090.0,1000.0,1090.0,0,0.0,0.0
2022-01-31 00:00:00-05:00,1070.0,1070.0,950.0,965.0,6,0.0,0.0
2022-02-01 00:00:00-05:00,965.0,965.0,930.0,945.0,5,0.0,0.0
2022-02-02 00:00:00-05:00,945.0,990.0,925.0,990.0,2,0.0,0.0
2022-02-03 00:00:00-05:00,1035.0,1600.0,1000.0,1015.0,45,0.0,0.0
2022-02-04 00:00:00-05:00,1600.0,1950.0,1150.0,1400.0,6,0.0,0.0
2022-02-07 00:00:00-05:00,1450.0,1450.0,1250.0,1350.0,1,0.0,0.0
2022-02-08 00:00:00-05:00,1155.0,1235.0,950.0,950.0,1,0.0,0.0
2022-02-09 00:00:00-05:00,1005.0,1230.0,950.0,1230.0,4,0.0,0.0
2022-02-10 00:00:00-05:00,1170.0,1305.0,1000.0,1000.0,3,0.0,0.0
2022-02-11 00:00:00-05:00,1075.0,1120.0,965.0,1120.0,8,0.0,0.0
2022-02-14 00:00:00-05:00,1050.0,1050.0,1050.0,1050.0,0,0.0,0.0
2022-02-15 00:00:00-05:00,1030.0,1100.0,1030.0,1100.0,1,0.0,0.0
2022-02-16 00:00:00-05:00,1050.0,1150.0,1005.0,1050.0,1,0.0,0.0
2022-02-17 00:00:00-05:00,1100.0,1100.0,955.0,1045.0,4,0.0,0.0
2022-02-18 00:00:00-05:00,1005.0,1045.0,1005.0,1005.0,1,0.0,0.0
2022-02-22 00:00:00-05:00,985.0,1045.0,940.0,1000.0,9,0.0,0.0
2022-02-23 00:00:00-05:00,1060.0,1060.0,995.0,995.0,0,0.0,0.0
2022-02-24 00:00:00-05:00,965.0,1000.0,900.0,965.0,9,0.0,0.0
2022-02-25 00:00:00-05:00,955.0,975.0,800.0,880.0,35,0.0,0.0
2022-02-28 00:00:00-05:00,800.0,870.0,790.0,845.0,16,0.0,0.0
2022-03-01 00:00:00-05:00,870.0,955.0,750.0,840.0,23,0.0,0.0
2022-03-02 00:00:00-05:00,855.0,1950.0,830.0,1800.0,122,0.0,0.0
2022-03-03 00:00:00-05:00,1950.0,2070.0,1000.0,1025.0,117,0.0,0.0
2022-03-04 00:00:00-05:00,1150.0,1200.0,825.0,925.0,89,0.0,0.0
2022-03-07 00:00:00-05:00,950.0,970.0,750.0,920.0,42,0.0,0.0
2022-03-08 00:00:00-05:00,950.0,960.0,775.0,830.0,63,0.0,0.0
2022-03-09 00:00:00-05:00,780.0,800.0,710.0,750.0,103,0.0,0.0
2022-03-10 00:00:00-05:00,750.0,805.0,705.0,750.0,17,0.0,0.0
2022-03-11 00:00:00-05:00,705.0,780.0,705.0,775.0,26,0.0,0.0
2022-03-14 00:00:00-04:00,775.0,775.0,700.0,730.0,33,0.0,0.0
2022-03-15 00:00:00-04:00,740.0,740.0,660.0,675.0,34,0.0,0.0
2022-03-16 00:00:00-04:00,790.0,970.0,735.0,875.0,48,0.0,0.0
2022-03-17 00:00:00-04:00,940.0,1220.0,800.0,800.0,19,0.0,0.0
2022-03-18 00:00:00-04:00,955.0,955.0,875.0,950.0,18,0.0,0.0
2022-03-21 00:00:00-04:00,985.0,985.0,725.0,725.0,41,0.0,0.0
2022-03-22 00:00:00-04:00,830.0,1695.0,830.0,1250.0,282,0.0,0.0
2022-03-23 00:00:00-04:00,1005.0,1375.0,940.0,1025.0,87,0.0,0.0
2022-03-24 00:00:00-04:00,1040.0,1250.0,905.0,1170.0,49,0.0,0.0
2022-03-25 00:00:00-04:00,1225.0,1300.0,950.0,1050.0,24,0.0,0.0
2022-03-28 00:00:00-04:00,1200.0,1200.0,925.0,1000.0,46,0.0,0.0
2022-03-29 00:00:00-04:00,950.0,1000.0,770.0,825.0,114,0.0,0.0
2022-03-30 00:00:00-04:00,825.0,825.0,760.0,800.0,73,0.0,0.0
2022-03-31 00:00:00-04:00,800.0,815.0,780.0,780.0,60,0.0,0.0
2022-04-01 00:00:00-04:00,800.0,810.0,725.0,725.0,92,0.0,0.0
2022-04-04 00:00:00-04:00,740.0,770.0,715.0,765.0,47,0.0,0.0
2022-04-05 00:00:00-04:00,775.0,775.0,650.0,775.0,89,0.0,0.0
2022-04-06 00:00:00-04:00,820.0,925.0,750.0,775.0,51,0.0,0.0
2022-04-07 00:00:00-04:00,790.0,790.0,670.0,685.0,95,0.0,0.0
2022-04-08 00:00:00-04:00,690.0,690.0,655.0,660.0,37,0.0,0.0
2022-04-11 00:00:00-04:00,655.0,680.0,585.0,600.0,46,0.0,0.0
2022-04-12 00:00:00-04:00,615.0,645.0,575.0,645.0,12,0.0,0.0
2022-04-13 00:00:00-04:00,650.0,650.0,575.0,610.0,59,0.0,0.0
2022-04-14 00:00:00-04:00,645.0,665.0,550.0,595.0,103,0.0,0.0
2022-04-18 00:00:00-04:00,650.0,650.0,525.0,560.0,57,0.0,0.0
2022-04-19 00:00:00-04:00,600.0,600.0,550.0,575.0,19,0.0,0.0
2022-04-20 00:00:00-04:00,575.0,750.0,515.0,650.0,69,0.0,0.0
2022-04-21 00:00:00-04:00,635.0,635.0,550.0,605.0,8,0.0,0.0
2022-04-22 00:00:00-04:00,600.0,605.0,540.0,565.0,11,0.0,0.0
2022-04-25 00:00:00-04:00,540.0,800.0,510.0,725.0,171,0.0,0.0
2022-04-26 00:00:00-04:00,730.0,730.0,510.0,625.0,66,0.0,0.0
2022-04-27 00:00:00-04:00,560.0,595.0,520.0,550.0,93,0.0,0.0
2022-04-28 00:00:00-04:00,565.0,565.0,525.0,535.0,74,0.0,0.0
2022-04-29 00:00:00-04:00,525.0,560.0,365.0,560.0,106,0.0,0.0
2022-05-02 00:00:00-04:00,530.0,550.0,465.0,475.0,18,0.0,0.0
2022-05-03 00:00:00-04:00,495.0,525.0,470.0,500.0,36,0.0,0.0
2022-05-04 00:00:00-04:00,500.0,500.0,440.0,470.0,62,0.0,0.0
2022-05-05 00:00:00-04:00,470.0,470.0,435.0,440.0,39,0.0,0.0
2022-05-06 00:00:00-04:00,450.0,465.0,445.0,465.0,25,0.0,0.0
2022-05-09 00:00:00-04:00,465.0,465.0,395.0,395.0,30,0.0,0.0
2022-05-10 00:00:00-04:00,400.0,440.0,395.0,440.0,37,0.0,0.0
2022-05-11 00:00:00-04:00,460.0,725.0,390.0,485.0,342,0.0,0.0
2022-05-12 00:00:00-04:00,485.0,485.0,390.0,440.0,18,0.0,0.0
2022-05-13 00:00:00-04:00,440.0,450.0,375.0,410.0,25,0.0,0.0
2022-05-16 00:00:00-04:00,410.0,445.0,355.0,375.0,62,0.0,0.0
2022-05-17 00:00:00-04:00,360.0,400.0,360.0,400.0,91,0.0,0.0
2022-05-18 00:00:00-04:00,425.0,425.0,355.0,425.0,103,0.0,0.0
2022-05-19 00:00:00-04:00,390.0,425.0,360.0,375.0,51,0.0,0.0
2022-05-20 00:00:00-04:00,425.0,440.0,350.0,400.0,29,0.0,0.0
2022-05-23 00:00:00-04:00,395.0,420.0,370.0,405.0,9,0.0,0.0
2022-05-24 00:00:00-04:00,410.0,425.0,390.0,420.0,31,0.0,0.0
2022-05-25 00:00:00-04:00,420.0,500.0,410.0,490.0,26,0.0,0.0
2022-05-26 00:00:00-04:00,485.0,485.0,370.0,445.0,55,0.0,0.0
2022-05-27 00:00:00-04:00,440.0,470.0,330.0,375.0,148,0.0,0.0
2022-05-31 00:00:00-04:00,400.0,400.0,340.0,380.0,80,0.0,0.0
2022-06-01 00:00:00-04:00,380.0,420.0,335.0,410.0,97,0.0,0.0
2022-06-02 00:00:00-04:00,405.0,410.0,290.0,325.0,243,0.0,0.0
2022-06-03 00:00:00-04:00,350.0,350.0,235.0,285.0,235,0.0,0.0
2022-06-06 00:00:00-04:00,250.0,285.0,200.0,270.0,17,0.0,0.0
2022-06-07 00:00:00-04:00,250.0,270.0,195.0,240.0,117,0.0,0.0
2022-06-08 00:00:00-04:00,240.0,240.0,190.0,195.0,121,0.0,0.0
2022-06-09 00:00:00-04:00,195.0,200.0,180.0,190.0,136,0.0,0.0
2022-06-10 00:00:00-04:00,195.0,205.0,145.0,150.0,292,0.0,0.0
2022-06-13 00:00:00-04:00,155.0,170.0,125.0,155.0,210,0.0,0.0
2022-06-14 00:00:00-04:00,165.0,225.0,135.0,145.0,207,0.0,0.0
2022-06-15 00:00:00-04:00,175.0,175.0,120.0,145.0,127,0.0,0.0
2022-06-16 00:00:00-04:00,140.0,140.0,125.0,140.0,79,0.0,0.0
2022-06-17 00:00:00-04:00,145.0,145.0,130.0,130.0,14,0.0,0.0
2022-06-21 00:00:00-04:00,145.0,145.0,90.0,105.0,403,0.0,0.0
2022-06-22 00:00:00-04:00,120.0,150.0,105.0,120.0,409,0.0,0.0
2022-06-23 00:00:00-04:00,120.0,130.0,100.0,105.0,326,0.0,0.0
2022-06-24 00:00:00-04:00,135.0,340.0,130.0,195.0,2772,0.0,0.0
2022-06-27 00:00:00-04:00,195.0,235.0,155.0,165.0,628,0.0,0.0
2022-06-28 00:00:00-04:00,155.0,220.0,135.0,170.0,478,0.0,0.0
2022-06-29 00:00:00-04:00,175.0,300.0,175.0,255.0,691,0.0,0.0
2022-06-30 00:00:00-04:00,270.0,270.0,175.0,185.0,490,0.0,0.0
2022-07-01 00:00:00-04:00,190.0,255.0,180.0,245.0,183,0.0,0.0
2022-07-05 00:00:00-04:00,270.0,355.0,225.0,255.0,1015,0.0,0.0
2022-07-06 00:00:00-04:00,245.0,255.0,175.0,180.0,662,0.0,0.0
2022-07-07 00:00:00-04:00,185.0,210.0,150.0,160.0,692,0.0,0.0
2022-07-08 00:00:00-04:00,155.0,175.0,135.0,165.0,494,0.0,0.0
2022-07-11 00:00:00-04:00,165.0,165.0,125.0,130.0,318,0.0,0.0
2022-07-12 00:00:00-04:00,150.0,185.0,115.0,130.0,1330,0.0,0.0
2022-07-13 00:00:00-04:00,140.0,140.0,110.0,115.0,436,0.0,0.0
2022-07-14 00:00:00-04:00,120.0,140.0,115.0,125.0,653,0.0,0.0
2022-07-15 00:00:00-04:00,125.0,130.0,120.0,125.0,293,0.0,0.0
2022-07-18 00:00:00-04:00,130.0,130.0,110.0,125.0,423,0.0,0.0
2022-07-19 00:00:00-04:00,125.0,135.0,110.0,115.0,297,0.0,0.0
2022-07-20 00:00:00-04:00,115.0,130.0,105.0,125.0,431,0.0,0.0
2022-07-21 00:00:00-04:00,125.0,135.0,115.0,135.0,195,0.0,0.0
2022-07-22 00:00:00-04:00,130.0,170.0,120.0,170.0,440,0.0,0.0
2022-07-25 00:00:00-04:00,180.0,265.0,165.0,235.0,2109,0.0,0.0
2022-07-26 00:00:00-04:00,240.0,240.0,160.0,225.0,789,0.0,0.0
2022-07-27 00:00:00-04:00,230.0,230.0,175.0,210.0,343,0.0,0.0
2022-07-28 00:00:00-04:00,215.0,215.0,160.0,175.0,734,0.0,0.0
2022-07-29 00:00:00-04:00,165.0,180.0,155.0,165.0,371,0.0,0.0
2022-08-01 00:00:00-04:00,170.0,180.0,135.0,150.0,298,0.0,0.0
2022-08-02 00:00:00-04:00,135.0,150.0,125.0,135.0,349,0.0,0.0
2022-08-03 00:00:00-04:00,125.0,150.0,125.0,140.0,297,0.0,0.0
2022-08-04 00:00:00-04:00,130.0,145.0,125.0,145.0,141,0.0,0.0
2022-08-05 00:00:00-04:00,140.0,150.0,130.0,140.0,122,0.0,0.0
2022-08-08 00:00:00-04:00,140.0,150.0,125.0,130.0,321,0.0,0.0
2022-08-09 00:00:00-04:00,130.0,130.0,115.0,125.0,626,0.0,0.0
2022-08-10 00:00:00-04:00,125.0,125.0,110.0,110.0,211,0.0,0.0
2022-08-11 00:00:00-04:00,120.0,130.0,115.0,120.0,255,0.0,0.0
2022-08-12 00:00:00-04:00,120.0,150.0,120.0,135.0,275,0.0,0.0
2022-08-15 00:00:00-04:00,135.0,135.0,115.0,115.0,267,0.0,0.0
2022-08-16 00:00:00-04:00,140.0,145.0,120.0,130.0,486,0.0,0.0
2022-08-17 00:00:00-04:00,130.0,140.0,120.0,120.0,151,0.0,0.0
2022-08-18 00:00:00-04:00,125.0,130.0,115.0,125.0,376,0.0,0.0
2022-08-19 00:00:00-04:00,125.0,140.0,110.0,110.0,435,0.0,0.0
2022-08-22 00:00:00-04:00,110.0,120.0,105.0,110.0,218,0.0,0.0
2022-08-23 00:00:00-04:00,115.0,115.0,100.0,105.0,335,0.0,0.0
2022-08-24 00:00:00-04:00,110.0,110.0,95.0,100.0,329,0.0,0.0
2022-08-25 00:00:00-04:00,100.0,100.0,90.0,95.0,113,0.0,0.0
2022-08-26 00:00:00-04:00,100.0,110.0,95.0,105.0,110,0.0,0.0
2022-08-29 00:00:00-04:00,95.0,100.0,85.0,90.0,702,0.0,0.0
2022-08-30 00:00:00-04:00,90.0,100.0,85.0,85.0,166,0.0,0.0
2022-08-31 00:00:00-04:00,95.0,100.0,85.0,95.0,202,0.0,0.0
2022-09-01 00:00:00-04:00,90.0,100.0,85.0,95.0,137,0.0,0.0
2022-09-02 00:00:00-04:00,90.0,105.0,90.0,100.0,162,0.0,0.0
2022-09-06 00:00:00-04:00,100.0,110.0,95.0,95.0,135,0.0,0.0
2022-09-07 00:00:00-04:00,100.0,115.0,95.0,100.0,466,0.0,0.0
2022-09-08 00:00:00-04:00,115.0,245.0,110.0,210.0,8188,0.0,0.0
2022-09-09 00:00:00-04:00,205.0,215.0,110.0,115.0,4384,0.0,0.0
2022-09-12 00:00:00-04:00,115.0,150.0,110.0,140.0,2064,0.0,0.0
2022-09-13 00:00:00-04:00,150.0,150.0,100.0,110.0,2550,0.0,0.0
2022-09-14 00:00:00-04:00,100.0,110.0,85.0,85.0,2320,0.0,0.0
2022-09-15 00:00:00-04:00,90.0,95.0,80.0,85.0,1375,0.0,0.0
2022-09-16 00:00:00-04:00,85.0,90.0,80.0,90.0,340,0.0,0.0
2022-09-19 00:00:00-04:00,90.0,90.0,80.0,85.0,696,0.0,0.0
2022-09-20 00:00:00-04:00,85.0,85.0,75.0,85.0,145,0.0,0.0
2022-09-21 00:00:00-04:00,90.0,90.0,75.0,80.0,78,0.0,0.0
2022-09-22 00:00:00-04:00,75.0,85.0,75.0,75.0,151,0.0,0.0
2022-09-23 00:00:00-04:00,80.0,80.0,65.0,70.0,461,0.0,0.0
2022-09-26 00:00:00-04:00,70.0,75.0,65.0,75.0,276,0.0,0.0
2022-09-27 00:00:00-04:00,75.0,80.0,70.0,75.0,103,0.0,0.0
2022-09-28 00:00:00-04:00,75.0,80.0,60.0,70.0,363,0.0,0.0
2022-09-29 00:00:00-04:00,70.0,75.0,65.0,65.0,327,0.0,0.0
2022-09-30 00:00:00-04:00,70.0,70.0,55.0,60.0,848,0.0,0.0
2022-10-03 00:00:00-04:00,60.0,60.0,45.0,55.0,1137,0.0,0.0
2022-10-04 00:00:00-04:00,55.0,60.0,45.0,60.0,331,0.0,0.0
2022-10-05 00:00:00-04:00,55.0,65.0,50.0,65.0,211,0.0,0.0
2022-10-06 00:00:00-04:00,70.0,70.0,55.0,60.0,259,0.0,0.0
2022-10-07 00:00:00-04:00,55.0,60.0,55.0,60.0,148,0.0,0.0
2022-10-10 00:00:00-04:00,55.0,55.0,55.0,55.0,39,0.0,0.0
2022-10-11 00:00:00-04:00,55.0,70.0,55.0,60.0,54,0.0,0.0
2022-10-12 00:00:00-04:00,60.0,65.0,50.0,60.0,138,0.0,0.0
2022-10-13 00:00:00-04:00,55.0,60.0,50.0,55.0,61,0.0,0.0
2022-10-14 00:00:00-04:00,60.0,60.0,50.0,60.0,8,0.0,0.0
2022-10-17 00:00:00-04:00,60.0,60.0,55.0,60.0,127,0.0,0.0
2022-10-18 00:00:00-04:00,60.0,60.0,55.0,60.0,83,0.0,0.0
2022-10-19 00:00:00-04:00,55.0,60.0,45.0,45.0,776,0.0,0.0
2022-10-20 00:00:00-04:00,50.0,50.0,40.0,50.0,552,0.0,0.0
2022-10-21 00:00:00-04:00,45.0,50.0,45.0,50.0,97,0.0,0.0
2022-10-24 00:00:00-04:00,50.0,50.0,40.0,45.0,139,0.0,0.0
2022-10-25 00:00:00-04:00,45.0,45.0,40.0,45.0,198,0.0,0.0
2022-10-26 00:00:00-04:00,45.0,50.0,40.0,50.0,270,0.0,0.0
2022-10-27 00:00:00-04:00,50.0,50.0,45.0,45.0,49,0.0,0.0
2022-10-28 00:00:00-04:00,45.0,45.0,45.0,45.0,89,0.0,0.0
2022-10-31 00:00:00-04:00,40.0,50.0,40.0,50.0,368,0.0,0.0
2022-11-01 00:00:00-04:00,50.0,50.0,40.0,45.0,223,0.0,0.0
2022-11-02 00:00:00-04:00,45.0,45.0,40.0,45.0,395,0.0,0.0
2022-11-03 00:00:00-04:00,45.0,45.0,40.0,40.0,349,0.0,0.0
2022-11-04 00:00:00-04:00,40.0,45.0,40.0,45.0,89,0.0,0.0
2022-11-07 00:00:00-05:00,45.0,45.0,40.0,40.0,734,0.0,0.0
2022-11-08 00:00:00-05:00,40.0,40.0,35.0,40.0,261,0.0,0.0
2022-11-09 00:00:00-05:00,35.0,40.0,35.0,40.0,265,0.0,0.0
2022-11-10 00:00:00-05:00,40.0,60.0,30.0,55.0,825,0.0,0.0
2022-11-11 00:00:00-05:00,55.0,65.0,40.0,55.0,1144,0.0,0.0
2022-11-14 00:00:00-05:00,50.0,55.0,40.0,45.0,719,0.0,0.0
2022-11-15 00:00:00-05:00,55.0,60.0,40.0,40.0,927,0.0,0.0
2022-11-16 00:00:00-05:00,40.0,40.0,35.0,35.0,376,0.0,0.0
2022-11-17 00:00:00-05:00,40.0,40.0,30.0,35.0,376,0.0,0.0
2022-11-18 00:00:00-05:00,30.0,40.0,30.0,40.0,460,0.0,0.0
2022-11-21 00:00:00-05:00,40.0,40.0,25.0,30.0,1028,0.0,0.0
2022-11-22 00:00:00-05:00,30.0,35.0,25.0,35.0,2526,0.0,0.0
2022-11-23 00:00:00-05:00,35.0,35.0,30.0,30.0,255,0.0,0.0
2022-11-25 00:00:00-05:00,30.0,30.0,30.0,30.0,210,0.0,0.0
2022-11-28 00:00:00-05:00,25.0,30.0,25.0,30.0,81,0.0,0.0
2022-11-29 00:00:00-05:00,30.0,30.0,25.0,30.0,132,0.0,0.0
2022-11-30 00:00:00-05:00,30.0,35.0,25.0,35.0,1761,0.0,0.0
2022-12-01 00:00:00-05:00,35.0,35.0,30.0,35.0,574,0.0,0.0
2022-12-02 00:00:00-05:00,35.0,35.0,30.0,30.0,453,0.0,0.0
2022-12-05 00:00:00-05:00,30.0,35.0,30.0,30.0,708,0.0,0.0
2022-12-06 00:00:00-05:00,35.0,35.0,30.0,30.0,182,0.0,0.0
2022-12-07 00:00:00-05:00,30.0,35.0,25.0,25.0,344,0.0,0.0
2022-12-08 00:00:00-05:00,25.0,30.0,25.0,25.0,744,0.0,0.0
2022-12-09 00:00:00-05:00,30.0,30.0,25.0,30.0,209,0.0,0.0
2022-12-12 00:00:00-05:00,30.0,30.0,25.0,30.0,117,0.0,0.0
2022-12-13 00:00:00-05:00,30.0,35.0,30.0,35.0,473,0.0,0.0
2022-12-14 00:00:00-05:00,35.0,55.0,30.0,45.0,1587,0.0,0.0
2022-12-15 00:00:00-05:00,50.0,50.0,30.0,30.0,581,0.0,0.0
2022-12-16 00:00:00-05:00,30.0,35.0,30.0,30.0,104,0.0,0.0
2022-12-19 00:00:00-05:00,40.0,40.0,30.0,35.0,53,0.0,0.0
2022-12-20 00:00:00-05:00,35.0,35.0,25.0,25.0,276,0.0,0.0
2022-12-21 00:00:00-05:00,25.0,35.0,25.0,35.0,478,0.0,0.0
2022-12-22 00:00:00-05:00,35.0,35.0,25.0,30.0,160,0.0,0.0
2022-12-23 00:00:00-05:00,30.0,35.0,25.0,25.0,286,0.0,0.0
2022-12-27 00:00:00-05:00,30.0,35.0,25.0,30.0,435,0.0,0.0
2022-12-28 00:00:00-05:00,35.0,35.0,25.0,30.0,85,0.0,0.0
2022-12-29 00:00:00-05:00,30.0,35.0,30.0,35.0,36,0.0,0.0
2022-12-30 00:00:00-05:00,35.0,35.0,30.0,30.0,76,0.0,0.0
2023-01-03 00:00:00-05:00,30.0,30.0,25.0,30.0,327,0.0,0.0
2023-01-04 00:00:00-05:00,30.0,30.0,25.0,30.0,316,0.0,0.0
2023-01-05 00:00:00-05:00,30.0,35.0,25.0,35.0,930,0.0,0.0
2023-01-06 00:00:00-05:00,35.0,35.0,30.0,35.0,92,0.0,0.0
2023-01-09 00:00:00-05:00,35.0,35.0,30.0,35.0,405,0.0,0.0
2023-01-10 00:00:00-05:00,30.0,35.0,25.0,25.0,319,0.0,0.0
2023-01-11 00:00:00-05:00,25.0,35.0,25.0,25.0,2475,0.0,0.0
2023-01-12 00:00:00-05:00,30.0,30.0,25.0,25.0,2317,0.0,0.0
2023-01-13 00:00:00-05:00,30.0,30.0,25.0,25.0,46,0.0,0.0
2023-01-17 00:00:00-05:00,30.0,30.0,20.0,20.0,250,0.0,0.0
2023-01-18 00:00:00-05:00,20.0,30.0,20.0,30.0,594,0.0,0.0
2023-01-19 00:00:00-05:00,30.0,30.0,20.0,20.0,1876,0.0,0.0
2023-01-20 00:00:00-05:00,20.0,25.0,20.0,25.0,2078,0.0,0.0
2023-01-23 00:00:00-05:00,25.0,25.0,20.0,20.0,1372,0.0,0.0
2023-01-24 00:00:00-05:00,20.0,20.0,15.0,20.0,903,0.0,0.0
2023-01-25 00:00:00-05:00,20.0,20.0,15.0,20.0,246,0.0,0.0
2023-01-26 00:00:00-05:00,20.0,25.0,15.0,25.0,2537,0.0,0.0
2023-01-27 00:00:00-05:00,25.0,25.0,15.0,20.0,1632,0.0,0.0
2023-01-30 00:00:00-05:00,20.0,20.0,15.0,20.0,540,0.0,0.0
2023-01-31 00:00:00-05:00,20.0,20.0,15.0,20.0,319,0.0,0.0
2023-02-01 00:00:00-05:00,20.0,20.0,15.0,20.0,726,0.0,0.0
2023-02-02 00:00:00-05:00,20.0,20.0,15.0,20.0,1056,0.0,0.0
2023-02-03 00:00:00-05:00,20.0,25.0,15.0,25.0,2890,0.0,0.0
2023-02-06 00:00:00-05:00,25.0,25.0,15.0,15.0,1089,0.0,0.0
2023-02-07 00:00:00-05:00,20.0,20.0,15.0,20.0,704,0.0,0.0
2023-02-08 00:00:00-05:00,20.0,20.0,15.0,20.0,119,0.0,0.0
2023-02-09 00:00:00-05:00,20.0,20.0,15.0,20.0,476,0.0,0.0
2023-02-10 00:00:00-05:00,20.0,20.0,15.0,20.0,792,0.0,0.0
2023-02-13 00:00:00-05:00,20.0,20.0,15.0,20.0,1408,0.0,0.0
2023-02-14 00:00:00-05:00,20.0,20.0,10.0,20.0,3618,0.0,0.0
2023-02-15 00:00:00-05:00,20.0,20.0,10.0,15.0,1095,0.0,0.0
2023-02-16 00:00:00-05:00,15.0,20.0,10.0,20.0,2064,0.0,0.0
2023-02-17 00:00:00-05:00,20.0,20.0,15.0,20.0,750,0.0,0.0
2023-02-21 00:00:00-05:00,20.0,20.0,15.0,20.0,423,0.0,0.0
2023-02-22 00:00:00-05:00,20.0,35.0,20.0,35.0,4018,0.0,0.0
2023-02-23 00:00:00-05:00,35.0,55.0,35.0,50.0,8529,0.0,0.0
2023-02-24 00:00:00-05:00,50.0,55.0,30.0,35.0,5491,0.0,0.0
2023-02-27 00:00:00-05:00,35.0,45.0,35.0,45.0,2250,0.0,0.0
2023-02-28 00:00:00-05:00,45.0,45.0,35.0,35.0,1424,0.0,0.0
2023-03-01 00:00:00-05:00,35.0,35.0,20.0,30.0,3334,0.0,0.0
2023-03-02 00:00:00-05:00,30.0,30.0,20.0,25.0,1124,0.0,0.0
2023-03-03 00:00:00-05:00,30.0,30.0,20.0,30.0,1783,0.0,0.0
2023-03-06 00:00:00-05:00,25.0,30.0,20.0,25.0,757,0.0,0.0
2023-03-07 00:00:00-05:00,20.0,30.0,20.0,30.0,1354,0.0,0.0
2023-03-08 00:00:00-05:00,30.0,45.0,25.0,40.0,3199,0.0,0.0
2023-03-09 00:00:00-05:00,40.0,40.0,30.0,35.0,871,0.0,0.0
2023-03-10 00:00:00-05:00,35.0,35.0,30.0,35.0,863,0.0,0.0
2023-03-13 00:00:00-04:00,35.0,35.0,25.0,30.0,1360,0.0,0.0
2023-03-14 00:00:00-04:00,30.0,30.0,20.0,30.0,2141,0.0,0.0
2023-03-15 00:00:00-04:00,25.0,30.0,25.0,30.0,909,0.0,0.0
2023-03-16 00:00:00-04:00,30.0,40.0,30.0,35.0,3426,0.0,0.0
2023-03-17 00:00:00-04:00,40.0,40.0,25.0,30.0,1927,0.0,0.0
2023-03-20 00:00:00-04:00,30.0,30.0,25.0,30.0,619,0.0,0.0
2023-03-21 00:00:00-04:00,30.0,30.0,25.0,30.0,1127,0.0,0.0
2023-03-22 00:00:00-04:00,25.0,30.0,25.0,25.0,1786,0.0,0.0
2023-03-23 00:00:00-04:00,25.0,25.0,20.0,20.0,576,0.0,0.0
2023-03-24 00:00:00-04:00,25.0,25.0,20.0,20.0,359,0.0,0.0
2023-03-27 00:00:00-04:00,25.0,25.0,20.0,25.0,806,0.0,0.0
2023-03-28 00:00:00-04:00,25.0,35.0,25.0,30.0,4866,0.0,0.0
2023-03-29 00:00:00-04:00,30.0,30.0,25.0,30.0,1428,0.0,0.0
2023-03-30 00:00:00-04:00,30.0,30.0,25.0,30.0,1429,0.0,0.0
2023-03-31 00:00:00-04:00,30.0,30.0,20.0,25.0,814,0.0,0.0
2023-04-03 00:00:00-04:00,25.0,25.0,20.0,25.0,932,0.0,0.0
2023-04-04 00:00:00-04:00,20.0,25.0,20.0,25.0,1959,0.0,0.0
2023-04-05 00:00:00-04:00,25.0,25.0,15.0,20.0,912,0.0,0.0
2023-04-06 00:00:00-04:00,20.0,25.0,15.0,25.0,1131,0.0,0.0
2023-04-10 00:00:00-04:00,25.0,25.0,20.0,25.0,853,0.0,0.0
2023-04-11 00:00:00-04:00,20.0,25.0,20.0,25.0,716,0.0,0.0
2023-04-12 00:00:00-04:00,25.0,25.0,20.0,25.0,342,0.0,0.0
2023-04-13 00:00:00-04:00,25.0,30.0,20.0,20.0,3523,0.0,0.0
2023-04-14 00:00:00-04:00,25.0,25.0,15.0,15.0,3393,0.0,0.0
2023-04-17 00:00:00-04:00,20.0,20.0,15.0,20.0,6609,0.0,0.0
2023-04-18 00:00:00-04:00,20.0,20.0,15.0,20.0,2862,0.0,0.0
2023-04-19 00:00:00-04:00,20.0,20.0,15.0,20.0,1786,0.0,0.0
2023-04-20 00:00:00-04:00,15.0,20.0,15.0,20.0,3611,0.0,0.0
2023-04-21 00:00:00-04:00,15.0,20.0,10.0,15.0,1457,0.0,0.0
2023-04-24 00:00:00-04:00,10.0,20.0,10.0,20.0,1087,0.0,0.0
2023-04-25 00:00:00-04:00,20.0,20.0,15.0,20.0,392,0.0,0.0
2023-04-26 00:00:00-04:00,20.0,20.0,15.0,20.0,272,0.0,0.0
2023-04-27 00:00:00-04:00,20.0,20.0,10.0,15.0,762,0.0,0.0
2023-04-28 00:00:00-04:00,15.0,15.0,10.0,15.0,571,0.0,0.0
2023-05-01 00:00:00-04:00,15.0,15.0,10.0,15.0,629,0.0,0.0
2023-05-02 00:00:00-04:00,10.0,20.0,10.0,15.0,1238,0.0,0.0
2023-05-03 00:00:00-04:00,15.0,20.0,10.0,20.0,1094,0.0,0.0
2023-05-04 00:00:00-04:00,20.0,20.0,15.0,15.0,524,0.0,0.0
2023-05-05 00:00:00-04:00,15.0,15.0,10.0,15.0,309,0.0,0.0
2023-05-08 00:00:00-04:00,10.0,15.0,10.0,15.0,3269,0.0,0.0
2023-05-09 00:00:00-04:00,15.0,15.0,10.0,15.0,1276,0.0,0.0
2023-05-10 00:00:00-04:00,15.0,15.0,10.0,10.0,976,0.0,0.0
2023-05-11 00:00:00-04:00,10.0,15.0,5.0,10.0,6112,0.0,0.0
2023-05-12 00:00:00-04:00,10.0,10.0,5.0,10.0,1043,0.0,0.0
2023-05-15 00:00:00-04:00,10.0,10.0,5.0,10.0,604,0.0,0.0
2023-05-16 00:00:00-04:00,10.0,10.0,5.0,10.0,295,0.0,0.0
2023-05-17 00:00:00-04:00,10.0,10.0,5.0,10.0,165,0.0,0.0
2023-05-18 00:00:00-04:00,10.0,10.0,5.0,10.0,1198,0.0,0.0
2023-05-19 00:00:00-04:00,10.0,10.0,5.0,10.0,1031,0.0,0.0
2023-05-22 00:00:00-04:00,10.0,10.0,5.0,5.0,986,0.0,0.0
2023-05-23 00:00:00-04:00,9.630000114440918,10.0,1.0,5.485000133514404,4514,0.0,0.0
2023-05-24 00:00:00-04:00,4.5,6.0,3.0,3.75,4672,0.0,0.0
2023-05-25 00:00:00-04:00,5.0,5.0,2.5999999046325684,4.164999961853027,614,0.0,0.0
2023-05-26 00:00:00-04:00,2.549999952316284,3.994999885559082,2.549999952316284,3.994999885559082,1574,0.0,0.0
2023-05-30 00:00:00-04:00,2.7049999237060547,3.5,2.5,2.75,2478,0.0,0.0
2023-05-31 00:00:00-04:00,2.549999952316284,2.9749999046325684,1.25,2.4749999046325684,6326,0.0,0.0
2023-06-01 00:00:00-04:00,3.0,3.0,1.3550000190734863,1.5,5318,0.0,0.0
2023-06-02 00:00:00-04:00,1.3550000190734863,2.5,1.3550000190734863,2.5,2044,0.0,0.0
2023-06-05 00:00:00-04:00,2.5,2.75,1.5149999856948853,1.5850000381469727,484,0.0,0.0
2023-06-06 00:00:00-04:00,2.375,5.5,2.375,4.394999980926514,5688,0.0,0.0
2023-06-07 00:00:00-04:00,5.5,5.5,3.2750000953674316,5.0,4998,0.0,0.0
2023-06-08 00:00:00-04:00,5.25,6.75,3.3499999046325684,4.0,5878,0.0,0.0
2023-06-09 00:00:00-04:00,3.5,4.125,2.1500000953674316,2.5,10776,0.0,0.0
2023-06-12 00:00:00-04:00,4.0,4.0,2.0,3.1449999809265137,3558,0.0,0.0
2023-06-13 00:00:00-04:00,3.390000104904175,3.5,2.255000114440918,2.5,1524,0.0,0.0
2023-06-14 00:00:00-04:00,4.0,4.0,2.5,3.0,428,0.0,0.0
2023-06-15 00:00:00-04:00,2.505000114440918,2.505000114440918,2.009999990463257,2.2699999809265137,3042,0.0,0.0
2023-06-16 00:00:00-04:00,2.3499999046325684,2.3499999046325684,1.875,1.975000023841858,4752,0.0,0.0
2023-06-20 00:00:00-04:00,2.0,4.0,2.0,4.0,2644,0.0,0.0
2023-06-21 00:00:00-04:00,2.0,3.25,2.0,2.75,6336,0.0,0.0
2023-06-22 00:00:00-04:00,3.5,3.5,2.5,2.7249999046325684,2716,0.0,0.0
2023-06-23 00:00:00-04:00,2.75,2.75,2.1050000190734863,2.4000000953674316,5212,0.0,0.0
2023-06-26 00:00:00-04:00,2.799999952316284,3.5,2.0,2.2249999046325684,6850,0.0,0.0
2023-06-27 00:00:00-04:00,2.0,3.990000009536743,1.9500000476837158,3.990000009536743,2352,0.0,0.0
2023-06-28 00:00:00-04:00,3.9749999046325684,3.994999885559082,2.75,2.75,5210,0.0,0.0
2023-06-29 00:00:00-04:00,2.575000047683716,3.25,2.575000047683716,3.244999885559082,2154,0.0,0.0
2023-06-30 00:00:00-04:00,3.7149999141693115,13.125,3.25,6.75,114238,0.0,0.0
2023-07-03 00:00:00-04:00,7.699999809265137,9.0,5.255000114440918,7.0,13580,0.0,0.0
2023-07-05 00:00:00-04:00,6.75,7.5,4.195000171661377,5.949999809265137,39258,0.0,0.0
2023-07-06 00:00:00-04:00,6.400000095367432,6.400000095367432,4.5,4.949999809265137,17888,0.0,0.0
2023-07-07 00:00:00-04:00,5.0,5.949999809265137,4.860000133514404,5.514999866485596,12402,0.0,0.0
2023-07-10 00:00:00-04:00,6.900000095367432,6.900000095367432,4.400000095367432,4.480000019073486,10680,0.0,0.0
2023-07-11 00:00:00-04:00,4.5,5.449999809265137,4.255000114440918,4.480000019073486,4190,0.0,0.0
2023-07-12 00:00:00-04:00,4.25,4.949999809265137,4.0,4.0,8444,0.0,0.0
2023-07-13 00:00:00-04:00,4.489999771118164,4.900000095367432,4.0,4.5,3332,0.0,0.0
2023-07-14 00:00:00-04:00,4.75,4.925000190734863,3.555000066757202,4.71999979019165,7638,0.0,0.0
2023-07-17 00:00:00-04:00,4.5,4.75,3.25,3.5,7040,0.0,0.0
2023-07-18 00:00:00-04:00,3.9149999618530273,6.0,3.5999999046325684,5.360000133514404,29380,0.0,0.0
2023-07-19 00:00:00-04:00,5.699999809265137,6.110000133514404,5.525000095367432,6.099999904632568,11634,0.0,0.0
2023-07-20 00:00:00-04:00,6.099999904632568,6.105000019073486,5.059999942779541,5.454999923706055,8030,0.0,0.0
2023-07-21 00:00:00-04:00,5.449999809265137,5.949999809265137,4.599999904632568,5.505000114440918,6344,0.0,0.0
2023-07-24 00:00:00-04:00,5.5,5.5,4.224999904632568,5.449999809265137,13650,0.0,0.0
2023-07-25 00:00:00-04:00,5.494999885559082,5.494999885559082,4.474999904632568,4.599999904632568,6632,0.0,0.0
2023-07-26 00:00:00-04:00,4.599999904632568,4.599999904632568,4.050000190734863,4.394999980926514,8678,0.0,0.0
2023-07-27 00:00:00-04:00,4.25,4.425000190734863,3.815000057220459,4.175000190734863,10816,0.0,0.0
2023-07-28 00:00:00-04:00,4.25,4.324999809265137,3.634999990463257,4.0,11398,0.0,0.0
2023-07-31 00:00:00-04:00,4.5,4.5,3.6549999713897705,3.6549999713897705,3820,0.0,0.0
2023-08-01 00:00:00-04:00,3.5999999046325684,3.990000009536743,3.5999999046325684,3.7699999809265137,2152,0.0,0.0
2023-08-02 00:00:00-04:00,3.609999895095825,3.744999885559082,3.25,3.444999933242798,11624,0.0,0.0
2023-08-03 00:00:00-04:00,3.3550000190734863,3.75,3.200000047683716,3.515000104904175,6286,0.0,0.0
2023-08-04 00:00:00-04:00,3.5,3.5,2.930000066757202,3.005000114440918,5732,0.0,0.0
2023-08-07 00:00:00-04:00,3.4700000286102295,3.5,2.755000114440918,2.7950000762939453,6246,0.0,0.0
2023-08-08 00:00:00-04:00,2.755000114440918,2.755000114440918,2.5,2.700000047683716,4418,0.0,0.0
2023-08-09 00:00:00-04:00,2.5299999713897705,2.825000047683716,2.5,2.75,1786,0.0,0.0
2023-08-10 00:00:00-04:00,2.799999952316284,3.5,2.690000057220459,3.299999952316284,4746,0.0,0.0
2023-08-11 00:00:00-04:00,3.055000066757202,3.055000066757202,2.5,2.8949999809265137,2980,0.0,0.0
2023-08-14 00:00:00-04:00,3.0,3.0,2.5,2.505000114440918,2752,0.0,0.0
2023-08-15 00:00:00-04:00,2.505000114440918,2.6500000953674316,2.25,2.4000000953674316,3970,0.0,0.0
2023-08-16 00:00:00-04:00,2.5,2.6449999809265137,2.0250000953674316,2.6449999809265137,6200,0.0,0.0
2023-08-17 00:00:00-04:00,2.375,2.6449999809265137,2.375,2.4000000953674316,1828,0.0,0.0
2023-08-18 00:00:00-04:00,2.25,2.5,2.0799999237060547,2.375,4052,0.0,0.0
2023-08-21 00:00:00-04:00,2.3499999046325684,2.3499999046325684,1.875,2.0,6848,0.0,0.0
2023-08-22 00:00:00-04:00,1.9500000476837158,1.9850000143051147,1.2799999713897705,1.5,5950,0.0,0.0
2023-08-23 00:00:00-04:00,1.690000057220459,2.0,1.625,1.75,6864,0.0,0.0
2023-08-24 00:00:00-04:00,1.975000023841858,1.975000023841858,1.4049999713897705,1.5,7180,0.0,0.0
2023-08-25 00:00:00-04:00,1.899999976158142,2.0999999046325684,1.5,1.6349999904632568,1270,0.0,0.0
2023-08-28 00:00:00-04:00,2.0,3.200000047683716,1.649999976158142,3.0,17276,0.0,0.0
2023-08-29 00:00:00-04:00,3.0399999618530273,3.0399999618530273,2.5999999046325684,3.0,1514,0.0,0.0
2023-08-30 00:00:00-04:00,3.0,4.0,2.509999990463257,3.0,9086,0.0,0.0
2023-08-31 00:00:00-04:00,3.0,3.5,2.049999952316284,2.744999885559082,6114,0.0,0.0
2023-09-01 00:00:00-04:00,2.5,3.125,2.1500000953674316,2.1500000953674316,4176,0.0,0.0
2023-09-05 00:00:00-04:00,2.4749999046325684,2.4749999046325684,1.9800000190734863,2.119999885559082,9006,0.0,0.0
2023-09-06 00:00:00-04:00,1.9800000190734863,2.049999952316284,1.8799999952316284,1.9950000047683716,5358,0.0,0.0
2023-09-07 00:00:00-04:00,1.9500000476837158,1.9500000476837158,1.399999976158142,1.75,15514,0.0,0.0
2023-09-08 00:00:00-04:00,1.75,2.0,1.5,1.774999976158142,6398,0.0,0.0
2023-09-11 00:00:00-04:00,1.9950000047683716,1.9950000047683716,1.5,1.5,6826,0.0,0.0
2023-09-12 00:00:00-04:00,1.7999999523162842,1.9500000476837158,1.5,1.5,6926,0.0,0.0
2023-09-13 00:00:00-04:00,1.6649999618530273,1.6649999618530273,1.3650000095367432,1.434999942779541,4956,0.0,0.0
2023-09-14 00:00:00-04:00,1.475000023841858,1.5,1.409999966621399,1.5,4068,0.0,0.0
2023-09-15 00:00:00-04:00,1.9500000476837158,1.9500000476837158,1.4249999523162842,1.5,5802,0.0,0.0
2023-09-18 00:00:00-04:00,1.600000023841858,1.7999999523162842,1.475000023841858,1.475000023841858,2870,0.0,0.0
2023-09-19 00:00:00-04:00,1.4550000429153442,1.600000023841858,1.25,1.25,4518,0.0,0.0
2023-09-20 00:00:00-04:00,1.3550000190734863,1.5,1.2100000381469727,1.3450000286102295,2952,0.0,0.0
2023-09-21 00:00:00-04:00,1.2100000381469727,1.5,1.100000023841858,1.350000023841858,11054,0.0,0.0
2023-09-22 00:00:00-04:00,1.350000023841858,1.4500000476837158,1.184999942779541,1.350000023841858,5070,0.0,0.0
2023-09-25 00:00:00-04:00,1.440000057220459,1.440000057220459,1.25,1.3350000381469727,1076,0.0,0.0
2023-09-26 00:00:00-04:00,1.399999976158142,1.440000057220459,1.159999966621399,1.434999942779541,5694,0.0,0.0
2023-09-27 00:00:00-04:00,1.2949999570846558,1.399999976158142,1.100000023841858,1.2400000095367432,8160,0.0,0.0
2023-09-28 00:00:00-04:00,1.2300000190734863,1.3250000476837158,1.100000023841858,1.2999999523162842,1884,0.0,0.0
2023-09-29 00:00:00-04:00,1.1150000095367432,1.375,1.1150000095367432,1.2200000286102295,882,0.0,0.0
2023-10-02 00:00:00-04:00,1.3250000476837158,1.3250000476837158,1.1799999475479126,1.309999942779541,1248,0.0,0.0
2023-10-03 00:00:00-04:00,1.2949999570846558,1.309999942779541,0.9750000238418579,1.2999999523162842,3374,0.0,0.0
2023-10-04 00:00:00-04:00,1.0850000381469727,1.149999976158142,0.9350000023841858,0.949999988079071,8800,0.0,0.0
2023-10-05 00:00:00-04:00,1.215000033378601,1.215000033378601,0.824999988079071,1.100000023841858,26320,0.0,0.0
2023-10-06 00:00:00-04:00,1.0950000286102295,1.184999942779541,0.9049999713897705,1.184999942779541,10214,0.0,0.0
2023-10-09 00:00:00-04:00,0.949999988079071,1.0950000286102295,0.8399999737739563,0.949999988079071,6416,0.0,0.0
2023-10-10 00:00:00-04:00,0.925000011920929,0.949999988079071,0.800000011920929,0.8999999761581421,12312,0.0,0.0
2023-10-11 00:00:00-04:00,0.8999999761581421,1.0499999523162842,0.8550000190734863,0.949999988079071,2232,0.0,0.0
2023-10-12 00:00:00-04:00,0.949999988079071,1.100000023841858,0.8500000238418579,0.949999988079071,3908,0.0,0.0
2023-10-13 00:00:00-04:00,1.0750000476837158,1.0750000476837158,0.75,0.800000011920929,5700,0.0,0.0
2023-10-16 00:00:00-04:00,0.800000011920929,0.875,0.7549999952316284,0.8149999976158142,4276,0.0,0.0
2023-10-17 00:00:00-04:00,0.7850000262260437,0.800000011920929,0.6000000238418579,0.75,4172,0.0,0.0
2023-10-18 00:00:00-04:00,0.699999988079071,0.9750000238418579,0.699999988079071,0.9750000238418579,1050,0.0,0.0
2023-10-19 00:00:00-04:00,0.9750000238418579,0.9750000238418579,0.6600000262260437,0.699999988079071,5002,0.0,0.0
2023-10-20 00:00:00-04:00,0.7699999809265137,0.800000011920929,0.6800000071525574,0.800000011920929,3658,0.0,0.0
2023-10-23 00:00:00-04:00,0.800000011920929,0.800000011920929,0.550000011920929,0.550000011920929,5792,0.0,0.0
2023-10-24 00:00:00-04:00,0.7300000190734863,0.7300000190734863,0.5699999928474426,0.6800000071525574,936,0.0,0.0
2023-10-25 00:00:00-04:00,0.5849999785423279,0.6949999928474426,0.5849999785423279,0.6899999976158142,1690,0.0,0.0
2023-10-26 00:00:00-04:00,0.625,0.6949999928474426,0.5249999761581421,0.6949999928474426,4462,0.0,0.0
2023-10-27 00:00:00-04:00,0.5299999713897705,0.6499999761581421,0.5299999713897705,0.5950000286102295,13932,0.0,0.0
2023-10-30 00:00:00-04:00,0.6499999761581421,0.6499999761581421,0.35499998927116394,0.5450000166893005,25344,0.0,0.0
2023-10-31 00:00:00-04:00,0.5450000166893005,0.5699999928474426,0.36000001430511475,0.5699999928474426,5484,0.0,0.0
2023-11-01 00:00:00-04:00,0.5,0.625,0.44999998807907104,0.4749999940395355,7134,0.0,0.0
2023-11-02 00:00:00-04:00,0.5199999809265137,0.625,0.42500001192092896,0.6000000238418579,19170,0.0,0.0
2023-11-03 00:00:00-04:00,0.6000000238418579,0.625,0.4950000047683716,0.6000000238418579,16284,0.0,0.0
2023-11-06 00:00:00-05:00,0.5099999904632568,0.6299999952316284,0.44999998807907104,0.6299999952316284,37116,0.0,0.0
2023-11-07 00:00:00-05:00,0.6650000214576721,1.024999976158142,0.625,0.949999988079071,14172,0.0,0.0
2023-11-08 00:00:00-05:00,0.949999988079071,0.949999988079071,0.6899999976158142,0.7149999737739563,9010,0.0,0.0
2023-11-09 00:00:00-05:00,0.6899999976158142,0.6899999976158142,0.5,0.5,8416,0.0,0.0
2023-11-10 00:00:00-05:00,0.6000000238418579,0.6349999904632568,0.5299999713897705,0.550000011920929,4878,0.0,0.0
2023-11-13 00:00:00-05:00,0.5049999952316284,0.5950000286102295,0.4449999928474426,0.5450000166893005,20478,0.0,0.0
2023-11-14 00:00:00-05:00,0.5400000214576721,1.0499999523162842,0.47999998927116394,0.7300000190734863,8972,0.0,0.0
2023-11-15 00:00:00-05:00,0.7749999761581421,0.8849999904632568,0.6100000143051147,0.6650000214576721,2550,0.0,0.0
2023-11-16 00:00:00-05:00,0.675000011920929,0.6800000071525574,0.5,0.6150000095367432,3674,0.0,0.0
2023-11-17 00:00:00-05:00,0.5450000166893005,0.6299999952316284,0.5299999713897705,0.6000000238418579,9918,0.0,0.0
2023-11-20 00:00:00-05:00,0.5049999952316284,0.6000000238418579,0.46000000834465027,0.5600000023841858,11252,0.0,0.0
2023-11-21 00:00:00-05:00,0.5,0.5450000166893005,0.4650000035762787,0.5450000166893005,19458,0.0,0.0
2023-11-22 00:00:00-05:00,0.47999998927116394,0.49000000953674316,0.46000000834465027,0.49000000953674316,6388,0.0,0.0
2023-11-24 00:00:00-05:00,0.4699999988079071,0.49000000953674316,0.44999998807907104,0.49000000953674316,662,0.0,0.0
2023-11-27 00:00:00-05:00,0.45500001311302185,0.5,0.45500001311302185,0.4950000047683716,1240,0.0,0.0
2023-11-28 00:00:00-05:00,0.4749999940395355,0.49000000953674316,0.4050000011920929,0.48500001430511475,15008,0.0,0.0
2023-11-29 00:00:00-05:00,0.4699999988079071,0.4699999988079071,0.41499999165534973,0.41499999165534973,12038,0.0,0.0
2023-11-30 00:00:00-05:00,0.4300000071525574,0.4399999976158142,0.375,0.42500001192092896,19208,0.0,0.0
2023-12-01 00:00:00-05:00,0.4000000059604645,0.4650000035762787,0.38999998569488525,0.41499999165534973,18700,0.0,0.0
2023-12-04 00:00:00-05:00,0.4449999928474426,0.4449999928474426,0.38499999046325684,0.42500001192092896,2556,0.0,0.0
2023-12-05 00:00:00-05:00,0.375,0.42500001192092896,0.36000001430511475,0.375,17940,0.0,0.0
2023-12-06 00:00:00-05:00,0.38499999046325684,0.6449999809265137,0.36500000953674316,0.5249999761581421,71802,0.0,0.0
2023-12-07 00:00:00-05:00,0.550000011920929,0.925000011920929,0.48500001430511475,0.574999988079071,55576,0.0,0.0
2023-12-08 00:00:00-05:00,0.574999988079071,0.5899999737739563,0.5,0.550000011920929,19296,0.0,0.0
2023-12-11 00:00:00-05:00,0.6449999809265137,0.6449999809265137,0.4399999976158142,0.4449999928474426,19604,0.0,0.0
2023-12-12 00:00:00-05:00,0.44999998807907104,0.4749999940395355,0.4099999964237213,0.4399999976158142,17380,0.0,0.0
2023-12-13 00:00:00-05:00,0.47999998927116394,0.9549999833106995,0.4000000059604645,0.7749999761581421,279802,0.0,0.0
2023-12-14 00:00:00-05:00,0.9150000214576721,1.0,0.4749999940395355,0.4749999940395355,72814,0.0,0.0
2023-12-15 00:00:00-05:00,0.5,0.75,0.4950000047683716,0.5450000166893005,48440,0.0,0.0
2023-12-18 00:00:00-05:00,0.550000011920929,0.625,0.45500001311302185,0.4749999940395355,88396,0.0,0.0
2023-12-19 00:00:00-05:00,0.5,0.8450000286102295,0.44999998807907104,0.699999988079071,30872,0.0,0.0
2023-12-20 00:00:00-05:00,0.699999988079071,0.9750000238418579,0.6600000262260437,0.75,56886,0.0,0.0
2023-12-21 00:00:00-05:00,0.75,0.75,0.550000011920929,0.5550000071525574,69566,0.0,0.0
2023-12-22 00:00:00-05:00,0.5450000166893005,0.7200000286102295,0.5450000166893005,0.5950000286102295,33866,0.0,0.0
2023-12-26 00:00:00-05:00,0.5950000286102295,0.699999988079071,0.5649999976158142,0.699999988079071,11432,0.0,0.0
2023-12-27 00:00:00-05:00,0.7250000238418579,0.8500000238418579,0.6299999952316284,0.75,6000,0.0,0.0
2023-12-28 00:00:00-05:00,0.800000011920929,0.800000011920929,0.6600000262260437,0.6600000262260437,27476,0.0,0.0
2023-12-29 00:00:00-05:00,0.699999988079071,0.699999988079071,0.5249999761581421,0.6000000238418579,96968,0.0,0.0
2024-01-02 00:00:00-05:00,0.5400000214576721,0.7850000262260437,0.5350000262260437,0.6000000238418579,20452,0.0,0.0
2024-01-03 00:00:00-05:00,0.6549999713897705,0.6549999713897705,0.5400000214576721,0.5950000286102295,40700,0.0,0.0
2024-01-04 00:00:00-05:00,0.6449999809265137,0.6449999809265137,0.5899999737739563,0.6100000143051147,2222,0.0,0.0
2024-01-05 00:00:00-05:00,0.6100000143051147,0.6100000143051147,0.5099999904632568,0.5099999904632568,15844,0.0,0.0
2024-01-08 00:00:00-05:00,0.5249999761581421,0.5249999761581421,0.5,0.5049999952316284,38238,0.0,0.0
2024-01-09 00:00:00-05:00,0.5099999904632568,0.550000011920929,0.5,0.5249999761581421,28964,0.0,0.0
2024-01-10 00:00:00-05:00,0.550000011920929,0.550000011920929,0.49000000953674316,0.5,33544,0.0,0.0
2024-01-11 00:00:00-05:00,0.5249999761581421,0.5350000262260437,0.5,0.5049999952316284,15844,0.0,0.0
2024-01-12 00:00:00-05:00,0.5049999952316284,0.5199999809265137,0.5,0.5,3820,0.0,0.0
2024-01-16 00:00:00-05:00,0.5099999904632568,0.5099999904632568,0.49000000953674316,0.49000000953674316,13546,0.0,0.0
2024-01-17 00:00:00-05:00,0.49000000953674316,0.4950000047683716,0.41499999165534973,0.44999998807907104,34802,0.0,0.0
2024-01-18 00:00:00-05:00,0.44999998807907104,0.44999998807907104,0.42500001192092896,0.4449999928474426,19580,0.0,0.0
2024-01-19 00:00:00-05:00,0.44999998807907104,0.44999998807907104,0.41499999165534973,0.41499999165534973,9626,0.0,0.0
2024-01-22 00:00:00-05:00,0.36000001430511475,0.44999998807907104,0.36000001430511475,0.44999998807907104,9334,0.0,0.0
2024-01-23 00:00:00-05:00,0.44999998807907104,0.4650000035762787,0.4000000059604645,0.41999998688697815,15168,0.0,0.0
2024-01-24 00:00:00-05:00,0.4099999964237213,0.4099999964237213,0.36500000953674316,0.4000000059604645,29082,0.0,0.0
2024-01-25 00:00:00-05:00,0.38499999046325684,0.4000000059604645,0.2199999988079071,0.30000001192092896,62706,0.0,0.0
2024-01-26 00:00:00-05:00,0.30000001192092896,0.30000001192092896,0.25,0.27000001072883606,48018,0.0,0.0
2024-01-29 00:00:00-05:00,0.2750000059604645,0.3400000035762787,0.2750000059604645,0.30000001192092896,15786,0.0,0.0
2024-01-30 00:00:00-05:00,0.3400000035762787,0.3400000035762787,0.23999999463558197,0.29499998688697815,98976,0.0,0.0
2024-01-31 00:00:00-05:00,0.3100000023841858,0.32499998807907104,0.2800000011920929,0.30000001192092896,24448,0.0,0.0
2024-02-01 00:00:00-05:00,0.30000001192092896,0.30000001192092896,0.26499998569488525,0.29499998688697815,7564,0.0,0.0
2024-02-02 00:00:00-05:00,0.30000001192092896,0.3100000023841858,0.29499998688697815,0.3100000023841858,15448,0.0,0.0
2024-02-05 00:00:00-05:00,0.30000001192092896,0.30000001192092896,0.2800000011920929,0.30000001192092896,23986,0.0,0.0
2024-02-06 00:00:00-05:00,0.3199999928474426,0.3199999928474426,0.2750000059604645,0.30000001192092896,23064,0.0,0.0
2024-02-07 00:00:00-05:00,0.30000001192092896,0.30000001192092896,0.25999999046325684,0.30000001192092896,17700,0.0,0.0
2024-02-08 00:00:00-05:00,0.30000001192092896,0.32499998807907104,0.23499999940395355,0.2549999952316284,89496,0.0,0.0
2024-02-09 00:00:00-05:00,0.23000000417232513,0.2549999952316284,0.23000000417232513,0.23000000417232513,26574,0.0,0.0
2024-02-12 00:00:00-05:00,0.25,0.25,0.20000000298023224,0.22499999403953552,79214,0.0,0.0
2024-02-13 00:00:00-05:00,0.22499999403953552,0.22499999403953552,0.20000000298023224,0.20499999821186066,14908,0.0,0.0
2024-02-14 00:00:00-05:00,0.2150000035762787,0.26499998569488525,0.2150000035762787,0.23000000417232513,32178,0.0,0.0
2024-02-15 00:00:00-05:00,0.22499999403953552,0.2549999952316284,0.20999999344348907,0.23499999940395355,26338,0.0,0.0
2024-02-16 00:00:00-05:00,0.23499999940395355,0.23499999940395355,0.20999999344348907,0.2199999988079071,57202,0.0,0.0
2024-02-20 00:00:00-05:00,0.22499999403953552,0.22499999403953552,0.20499999821186066,0.2150000035762787,17146,0.0,0.0
2024-02-21 00:00:00-05:00,0.2150000035762787,0.2150000035762787,0.1550000011920929,0.18000000715255737,33132,0.0,0.0
2024-02-22 00:00:00-05:00,0.20000000298023224,0.20000000298023224,0.17499999701976776,0.20000000298023224,36256,0.0,0.0
2024-02-23 00:00:00-05:00,0.20000000298023224,0.2150000035762787,0.13500000536441803,0.14499999582767487,79606,0.0,0.0
2024-02-26 00:00:00-05:00,0.1850000023841858,0.3199999928474426,0.13500000536441803,0.18000000715255737,41890,0.0,0.0
2024-02-27 00:00:00-05:00,0.20000000298023224,0.2199999988079071,0.17000000178813934,0.20000000298023224,78602,0.0,0.0
2024-02-28 00:00:00-05:00,0.20999999344348907,0.23999999463558197,0.17499999701976776,0.20000000298023224,59194,0.0,0.0
2024-02-29 00:00:00-05:00,0.2199999988079071,0.2199999988079071,0.14499999582767487,0.17000000178813934,81964,0.0,0.0
2024-03-01 00:00:00-05:00,0.17000000178813934,0.17000000178813934,0.13500000536441803,0.1599999964237213,122460,0.0,0.0
2024-03-04 00:00:00-05:00,0.1599999964237213,0.1599999964237213,0.13500000536441803,0.14499999582767487,56158,0.0,0.0
2024-03-05 00:00:00-05:00,0.14499999582767487,0.15000000596046448,0.11500000208616257,0.13500000536441803,67540,0.0,0.0
2024-03-06 00:00:00-05:00,0.13500000536441803,0.15000000596046448,0.11999999731779099,0.15000000596046448,29638,0.0,0.0
2024-03-07 00:00:00-05:00,0.1599999964237213,0.2199999988079071,0.15000000596046448,0.2150000035762787,41338,0.0,0.0
2024-03-08 00:00:00-05:00,0.2199999988079071,0.2199999988079071,0.20000000298023224,0.2150000035762787,50660,0.0,0.0
2024-03-11 00:00:00-04:00,0.20499999821186066,0.20499999821186066,0.18000000715255737,0.20000000298023224,35444,0.0,0.0
2024-03-12 00:00:00-04:00,0.17499999701976776,0.2150000035762787,0.16500000655651093,0.16500000655651093,25468,0.0,0.0
2024-03-13 00:00:00-04:00,0.19499999284744263,0.19499999284744263,0.13500000536441803,0.13500000536441803,106356,0.0,0.0
2024-03-14 00:00:00-04:00,0.1550000011920929,0.20000000298023224,0.12999999523162842,0.17000000178813934,99396,0.0,0.0
2024-03-15 00:00:00-04:00,0.17000000178813934,0.2199999988079071,0.13500000536441803,0.2199999988079071,176940,0.0,0.0
2024-03-18 00:00:00-04:00,0.1899999976158142,0.1899999976158142,0.14000000059604645,0.14499999582767487,138948,0.0,0.0
2024-03-19 00:00:00-04:00,0.14000000059604645,0.16500000655651093,0.11999999731779099,0.1550000011920929,125418,0.0,0.0
2024-03-20 00:00:00-04:00,0.1550000011920929,0.1599999964237213,0.125,0.15000000596046448,54466,0.0,0.0
2024-03-21 00:00:00-04:00,0.14499999582767487,0.15000000596046448,0.14499999582767487,0.15000000596046448,41346,0.0,0.0
2024-03-22 00:00:00-04:00,0.1599999964237213,0.1599999964237213,0.125,0.1550000011920929,130652,0.0,0.0
2024-03-25 00:00:00-04:00,0.1599999964237213,0.16500000655651093,0.12999999523162842,0.14000000059604645,83966,0.0,0.0
2024-03-26 00:00:00-04:00,0.14000000059604645,0.14000000059604645,0.10999999940395355,0.13500000536441803,129112,0.0,0.0
2024-03-27 00:00:00-04:00,0.13500000536441803,0.22499999403953552,0.13500000536441803,0.19499999284744263,150072,0.0,0.0
2024-03-28 00:00:00-04:00,0.22499999403953552,0.22499999403953552,0.125,0.1599999964237213,227530,0.0,0.0
2024-04-01 00:00:00-04:00,0.1599999964237213,0.1599999964237213,0.10000000149011612,0.11500000208616257,164704,0.0,0.0
2024-04-02 00:00:00-04:00,0.11500000208616257,0.12999999523162842,0.10499999672174454,0.11500000208616257,106254,0.0,0.0
2024-04-03 00:00:00-04:00,0.11500000208616257,0.11500000208616257,0.07999999821186066,0.10499999672174454,110780,0.0,0.0
2024-04-04 00:00:00-04:00,0.10999999940395355,0.10999999940395355,0.05999999865889549,0.10000000149011612,257710,0.0,0.0
2024-04-05 00:00:00-04:00,0.10000000149011612,0.10000000149011612,0.06499999761581421,0.07999999821186066,117650,0.0,0.0
2024-04-08 00:00:00-04:00,0.07500000298023224,0.07500000298023224,0.06499999761581421,0.07500000298023224,100954,0.0,0.0
2024-04-09 00:00:00-04:00,0.07000000029802322,0.10000000149011612,0.06499999761581421,0.10000000149011612,44790,0.0,0.0
2024-04-10 00:00:00-04:00,0.10000000149011612,0.11500000208616257,0.07999999821186066,0.10000000149011612,48108,0.0,0.0
2024-04-11 00:00:00-04:00,0.10000000149011612,0.10000000149011612,0.07500000298023224,0.08500000089406967,36574,0.0,0.0
2024-04-12 00:00:00-04:00,0.08500000089406967,0.09000000357627869,0.07500000298023224,0.08500000089406967,31102,0.0,0.0
2024-04-15 00:00:00-04:00,0.08500000089406967,0.08500000089406967,0.054999999701976776,0.07000000029802322,276606,0.0,0.0
2024-04-16 00:00:00-04:00,0.07000000029802322,0.07999999821186066,0.06499999761581421,0.06499999761581421,126530,0.0,0.0
2024-04-17 00:00:00-04:00,0.07000000029802322,0.07500000298023224,0.06499999761581421,0.07000000029802322,88888,0.0,0.0
2024-04-18 00:00:00-04:00,0.07000000029802322,0.07000000029802322,0.05000000074505806,0.05000000074505806,227360,0.0,0.0
2024-04-19 00:00:00-04:00,0.054999999701976776,0.06499999761581421,0.05000000074505806,0.054999999701976776,111018,0.0,0.0
2024-04-22 00:00:00-04:00,0.054999999701976776,0.07500000298023224,0.05000000074505806,0.054999999701976776,249096,0.0,0.0
2024-04-23 00:00:00-04:00,0.05999999865889549,0.05999999865889549,0.05000000074505806,0.05999999865889549,32210,0.0,0.0
2024-04-24 00:00:00-04:00,0.054999999701976776,0.054999999701976776,0.05000000074505806,0.054999999701976776,28924,0.0,0.0
2024-04-25 00:00:00-04:00,0.054999999701976776,0.054999999701976776,0.05000000074505806,0.054999999701976776,33534,0.0,0.0
2024-04-26 00:00:00-04:00,0.054999999701976776,0.054999999701976776,0.05000000074505806,0.05000000074505806,66956,0.0,0.0
2024-04-29 00:00:00-04:00,0.05000000074505806,0.054999999701976776,0.03999999910593033,0.04500000178813934,281754,0.0,0.0
2024-04-30 00:00:00-04:00,0.03999999910593033,0.05000000074505806,0.03999999910593033,0.05000000074505806,68380,0.0,0.0
2024-05-01 00:00:00-04:00,0.05000000074505806,0.05000000074505806,0.03999999910593033,0.03999999910593033,35440,0.0,0.0
2024-05-02 00:00:00-04:00,0.03999999910593033,0.04500000178813934,0.03500000014901161,0.03999999910593033,263894,0.0,0.0
2024-05-03 00:00:00-04:00,0.03999999910593033,0.03999999910593033,0.03500000014901161,0.03999999910593033,293544,0.0,0.0
2024-05-06 00:00:00-04:00,0.03999999910593033,0.054999999701976776,0.03999999910593033,0.05000000074505806,116012,0.0,0.0
2024-05-07 00:00:00-04:00,0.054999999701976776,0.06499999761581421,0.04500000178813934,0.05999999865889549,87622,0.0,0.0
2024-05-08 00:00:00-04:00,0.05999999865889549,0.07500000298023224,0.054999999701976776,0.07500000298023224,86422,0.0,0.0
2024-05-09 00:00:00-04:00,0.07500000298023224,0.07500000298023224,0.05000000074505806,0.05000000074505806,296146,0.0,0.0
2024-05-10 00:00:00-04:00,0.05000000074505806,0.054999999701976776,0.05000000074505806,0.05000000074505806,66020,0.0,0.0
2024-05-13 00:00:00-04:00,0.05000000074505806,0.05000000074505806,0.04500000178813934,0.04500000178813934,125508,0.0,0.0
2024-05-14 00:00:00-04:00,0.03999999910593033,0.04500000178813934,0.029999999329447746,0.04500000178813934,291442,0.0,0.0
2024-05-15 00:00:00-04:00,0.04500000178813934,0.04500000178813934,0.03500000014901161,0.03500000014901161,118936,0.0,0.0
2024-05-16 00:00:00-04:00,0.03999999910593033,0.03999999910593033,0.03500000014901161,0.03500000014901161,274598,0.0,0.0
2024-05-17 00:00:00-04:00,0.03500000014901161,0.03999999910593033,0.03500000014901161,0.03500000014901161,104390,0.0,0.0
2024-05-20 00:00:00-04:00,0.03500000014901161,0.03500000014901161,0.029999999329447746,0.03500000014901161,208922,0.0,0.0
2024-05-21 00:00:00-04:00,0.03500000014901161,0.06499999761581421,0.03500000014901161,0.054999999701976776,1106282,0.0,0.0
2024-05-22 00:00:00-04:00,0.05999999865889549,0.05999999865889549,0.03500000014901161,0.03999999910593033,1015020,0.0,0.0
2024-05-23 00:00:00-04:00,0.04500000178813934,0.04500000178813934,0.029999999329447746,0.03999999910593033,1327332,0.0,0.0
2024-05-24 00:00:00-04:00,0.03999999910593033,0.06499999761581421,0.03999999910593033,0.054999999701976776,1046302,0.0,0.0
2024-05-28 00:00:00-04:00,0.05999999865889549,0.07000000029802322,0.05000000074505806,0.05999999865889549,389256,0.0,0.0
2024-05-29 00:00:00-04:00,0.06499999761581421,0.06499999761581421,0.05000000074505806,0.054999999701976776,191372,0.0,0.0
2024-05-30 00:00:00-04:00,0.054999999701976776,0.1850000023841858,0.054999999701976776,0.0949999988079071,1900474,0.0,0.0
2024-05-31 00:00:00-04:00,0.10499999672174454,0.12999999523162842,0.07500000298023224,0.0949999988079071,398590,0.0,0.0
2024-06-03 00:00:00-04:00,0.10499999672174454,0.10499999672174454,0.07999999821186066,0.09000000357627869,152258,0.0,0.0
2024-06-04 00:00:00-04:00,0.08500000089406967,0.08500000089406967,0.05999999865889549,0.06499999761581421,851166,0.0,0.0
2024-06-05 00:00:00-04:00,0.07000000029802322,0.10000000149011612,0.054999999701976776,0.05999999865889549,874742,0.0,0.0
2024-06-06 00:00:00-04:00,0.07000000029802322,0.16500000655651093,0.06499999761581421,0.11999999731779099,2048768,0.0,0.0
2024-06-07 00:00:00-04:00,0.125,0.14000000059604645,0.07500000298023224,0.08500000089406967,929352,0.0,0.0
2024-06-10 00:00:00-04:00,0.09000000357627869,0.0949999988079071,0.07000000029802322,0.07999999821186066,643392,0.0,0.0
2024-06-11 00:00:00-04:00,0.07999999821186066,0.07999999821186066,0.054999999701976776,0.06499999761581421,1297788,0.0,0.0
2024-06-12 00:00:00-04:00,0.07500000298023224,0.11500000208616257,0.054999999701976776,0.10499999672174454,1025568,0.0,0.0
2024-06-13 00:00:00-04:00,0.10499999672174454,0.14499999582767487,0.0949999988079071,0.10499999672174454,1087724,0.0,0.0
2024-06-14 00:00:00-04:00,0.10499999672174454,0.10499999672174454,0.07000000029802322,0.07999999821186066,1630024,0.0,0.0
2024-06-17 00:00:00-04:00,0.07999999821186066,0.07999999821186066,0.06499999761581421,0.07500000298023224,662376,0.0,0.0
2024-06-18 00:00:00-04:00,0.07000000029802322,0.07500000298023224,0.05999999865889549,0.06499999761581421,1086636,0.0,0.0
2024-06-20 00:00:00-04:00,0.06499999761581421,0.09000000357627869,0.05999999865889549,0.07500000298023224,981050,0.0,0.0
2024-06-21 00:00:00-04:00,0.07999999821186066,0.08500000089406967,0.05999999865889549,0.05999999865889549,1412364,0.0,0.0
2024-06-24 00:00:00-04:00,0.06499999761581421,0.06499999761581421,0.054999999701976776,0.054999999701976776,485870,0.0,0.0
2024-06-25 00:00:00-04:00,0.06499999761581421,0.08500000089406967,0.05999999865889549,0.07000000029802322,1401426,0.0,0.0
2024-06-26 00:00:00-04:00,0.07000000029802322,0.07000000029802322,0.05999999865889549,0.06499999761581421,289694,0.0,0.0
2024-06-27 00:00:00-04:00,0.07000000029802322,0.07500000298023224,0.05999999865889549,0.07000000029802322,231834,0.0,0.0
2024-06-28 00:00:00-04:00,0.07500000298023224,0.07500000298023224,0.05999999865889549,0.06499999761581421,327402,0.0,0.0
2024-07-01 00:00:00-04:00,0.06499999761581421,0.06499999761581421,0.05999999865889549,0.06499999761581421,115622,0.0,0.0
2024-07-02 00:00:00-04:00,0.05999999865889549,0.06499999761581421,0.054999999701976776,0.05999999865889549,472304,0.0,0.0
2024-07-03 00:00:00-04:00,0.054999999701976776,0.05999999865889549,0.05000000074505806,0.054999999701976776,234544,0.0,0.0
2024-07-05 00:00:00-04:00,0.054999999701976776,0.054999999701976776,0.04500000178813934,0.05000000074505806,199558,0.0,0.0
2024-07-08 00:00:00-04:00,0.05000000074505806,0.05000000074505806,0.04500000178813934,0.05000000074505806,237138,0.0,0.0
2024-07-09 00:00:00-04:00,0.05000000074505806,0.05000000074505806,0.03999999910593033,0.03999999910593033,886268,0.0,0.0
2024-07-10 00:00:00-04:00,0.03999999910593033,0.04500000178813934,0.03999999910593033,0.03999999910593033,220908,0.0,0.0
2024-07-11 00:00:00-04:00,0.03999999910593033,0.04500000178813934,0.03999999910593033,0.03999999910593033,201562,0.0,0.0
2024-07-12 00:00:00-04:00,0.03999999910593033,0.03999999910593033,0.03500000014901161,0.03999999910593033,676720,0.0,0.0
2024-07-15 00:00:00-04:00,0.03999999910593033,0.03999999910593033,0.03500000014901161,0.03999999910593033,111632,0.0,0.0
2024-07-16 00:00:00-04:00,0.03500000014901161,0.03999999910593033,0.03500000014901161,0.03999999910593033,100498,0.0,0.0
2024-07-17 00:00:00-04:00,0.03999999910593033,0.05000000074505806,0.03999999910593033,0.05000000074505806,708424,0.0,0.0
2024-07-18 00:00:00-04:00,0.05000000074505806,0.054999999701976776,0.03999999910593033,0.04500000178813934,321234,0.0,0.0
2024-07-19 00:00:00-04:00,0.04500000178813934,0.05000000074505806,0.03999999910593033,0.03999999910593033,785844,0.0,0.0
2024-07-22 00:00:00-04:00,0.04500000178813934,0.04500000178813934,0.03500000014901161,0.04500000178813934,837144,0.0,0.0
2024-07-23 00:00:00-04:00,0.03999999910593033,0.04500000178813934,0.03500000014901161,0.03999999910593033,95740,0.0,0.0
2024-07-24 00:00:00-04:00,0.03999999910593033,0.04500000178813934,0.03500000014901161,0.03999999910593033,104626,0.0,0.0
2024-07-25 00:00:00-04:00,0.03999999910593033,0.04500000178813934,0.03500000014901161,0.03500000014901161,200332,0.0,0.0
2024-07-26 00:00:00-04:00,0.03500000014901161,0.03999999910593033,0.03500000014901161,0.03999999910593033,89204,0.0,0.0
2024-07-29 00:00:00-04:00,0.03999999910593033,0.04500000178813934,0.03500000014901161,0.04500000178813934,151582,0.0,0.0
2024-07-30 00:00:00-04:00,0.04500000178813934,0.04500000178813934,0.03500000014901161,0.03500000014901161,256558,0.0,0.0
2024-07-31 00:00:00-04:00,0.03999999910593033,0.03999999910593033,0.03500000014901161,0.03999999910593033,261980,0.0,0.0
2024-08-01 00:00:00-04:00,0.03999999910593033,0.03999999910593033,0.03500000014901161,0.03500000014901161,450984,0.0,0.0
2024-08-02 00:00:00-04:00,0.03500000014901161,0.03500000014901161,0.03500000014901161,0.03500000014901161,37444,0.0,0.0
2024-08-05 00:00:00-04:00,0.03500000014901161,0.03500000014901161,0.029999999329447746,0.03500000014901161,139752,0.0,0.0
2024-08-06 00:00:00-04:00,0.029999999329447746,0.03500000014901161,0.029999999329447746,0.03500000014901161,523718,0.0,0.0
2024-08-07 00:00:00-04:00,0.03500000014901161,0.03500000014901161,0.029999999329447746,0.03500000014901161,308580,0.0,0.0
2024-08-08 00:00:00-04:00,0.03500000014901161,0.03500000014901161,0.029999999329447746,0.03500000014901161,33968,0.0,0.0
2024-08-09 00:00:00-04:00,0.029999999329447746,0.029999999329447746,0.014999999664723873,0.014999999664723873,2485746,0.0,0.0
2024-08-12 00:00:00-04:00,0.019999999552965164,0.019999999552965164,0.014999999664723873,0.019999999552965164,558530,0.0,0.0
2024-08-13 00:00:00-04:00,0.019999999552965164,0.019999999552965164,0.014999999664723873,0.019999999552965164,346194,0.0,0.0
2024-08-14 00:00:00-04:00,0.019999999552965164,0.03500000014901161,0.019999999552965164,0.029999999329447746,1683364,0.0,0.0
2024-08-15 00:00:00-04:00,0.02500000037252903,0.029999999329447746,0.019999999552965164,0.019999999552965164,907130,0.0,0.0
2024-08-16 00:00:00-04:00,0.02500000037252903,0.02500000037252903,0.019999999552965164,0.02500000037252903,566812,0.0,0.0
2024-08-19 00:00:00-04:00,0.02500000037252903,0.029999999329447746,0.019999999552965164,0.029999999329447746,520298,0.0,0.0
2024-08-20 00:00:00-04:00,0.029999999329447746,0.029999999329447746,0.019999999552965164,0.02500000037252903,153368,0.0,0.0
2024-08-21 00:00:00-04:00,0.02500000037252903,0.02500000037252903,0.02500000037252903,0.02500000037252903,37558,0.0,0.0
2024-08-22 00:00:00-04:00,0.02500000037252903,0.02500000037252903,0.019999999552965164,0.02500000037252903,74322,0.0,0.0
2024-08-23 00:00:00-04:00,0.019999999552965164,0.02500000037252903,0.019999999552965164,0.019999999552965164,186640,0.0,0.0
2024-08-26 00:00:00-04:00,0.02500000037252903,0.02500000037252903,0.019999999552965164,0.019999999552965164,258212,0.0,0.0
2024-08-27 00:00:00-04:00,0.02500000037252903,0.02500000037252903,0.019999999552965164,0.02500000037252903,281506,0.0,0.0
2024-08-28 00:00:00-04:00,0.019999999552965164,0.029999999329447746,0.019999999552965164,0.029999999329447746,171096,0.0,0.0
2024-08-29 00:00:00-04:00,0.02500000037252903,0.02500000037252903,0.019999999552965164,0.019999999552965164,93040,0.0,0.0
2024-08-30 00:00:00-04:00,0.02500000037252903,0.02500000037252903,0.019999999552965164,0.019999999552965164,98970,0.0,0.0
2024-09-03 00:00:00-04:00,0.019999999552965164,0.02500000037252903,0.014999999664723873,0.02500000037252903,87754,0.0,0.0
2024-09-04 00:00:00-04:00,0.02500000037252903,0.02500000037252903,0.019999999552965164,0.02500000037252903,22356,0.0,0.0
2024-09-05 00:00:00-04:00,0.02500000037252903,0.02500000037252903,0.02500000037252903,0.02500000037252903,27394,0.0,0.0
2024-09-06 00:00:00-04:00,0.02500000037252903,0.02500000037252903,0.02500000037252903,0.02500000037252903,32280,0.0,0.0
2024-09-09 00:00:00-04:00,0.02500000037252903,0.02500000037252903,0.02500000037252903,0.02500000037252903,8558,0.0,0.0
2024-09-10 00:00:00-04:00,0.019999999552965164,0.02500000037252903,0.019999999552965164,0.02500000037252903,31000,0.0,0.0
2024-09-11 00:00:00-04:00,0.02500000037252903,0.02500000037252903,0.019999999552965164,0.019999999552965164,74860,0.0,0.0
2024-09-12 00:00:00-04:00,0.019999999552965164,0.019999999552965164,0.014999999664723873,0.019999999552965164,141500,0.0,0.0
2024-09-13 00:00:00-04:00,0.019999999552965164,0.019999999552965164,0.014999999664723873,0.019999999552965164,91828,0.0,0.0
2024-09-16 00:00:00-04:00,0.019999999552965164,0.019999999552965164,0.019999999552965164,0.019999999552965164,9400,0.0,0.0
2024-09-17 00:00:00-04:00,0.019999999552965164,0.019999999552965164,0.019999999552965164,0.019999999552965164,107384,0.0,0.0
2024-09-18 00:00:00-04:00,0.019999999552965164,0.019999999552965164,0.019999999552965164,0.019999999552965164,3400,0.0,0.0
2024-09-19 00:00:00-04:00,0.019999999552965164,0.019999999552965164,0.014999999664723873,0.019999999552965164,18220,0.0,0.0
2024-09-20 00:00:00-04:00,0.019999999552965164,0.019999999552965164,0.019999999552965164,0.019999999552965164,4650,0.0,0.0
2024-09-23 00:00:00-04:00,0.019999999552965164,0.019999999552965164,0.014999999664723873,0.019999999552965164,432554,0.0,0.0
2024-09-24 00:00:00-04:00,0.019999999552965164,0.019999999552965164,0.009999999776482582,0.014999999664723873,404540,0.0,0.0
2024-09-25 00:00:00-04:00,0.014999999664723873,0.014999999664723873,0.009999999776482582,0.014999999664723873,72662,0.0,0.0
2024-09-26 00:00:00-04:00,0.014999999664723873,0.014999999664723873,0.009999999776482582,0.014999999664723873,7408,0.0,0.0
2024-09-27 00:00:00-04:00,0.014999999664723873,0.014999999664723873,0.009999999776482582,0.014999999664723873,170562,0.0,0.0
2024-09-30 00:00:00-04:00,0.009999999776482582,0.014999999664723873,0.009999999776482582,0.014999999664723873,170600,0.0,0.0
2024-10-01 00:00:00-04:00,0.014999999664723873,0.014999999664723873,0.009999999776482582,0.014999999664723873,521440,0.0,0.0
2024-10-02 00:00:00-04:00,0.014999999664723873,0.014999999664723873,0.009999999776482582,0.014999999664723873,163564,0.0,0.0
2024-10-03 00:00:00-04:00,0.014999999664723873,0.014999999664723873,0.014999999664723873,0.014999999664723873,65192,0.0,0.0
2024-10-04 00:00:00-04:00,0.014999999664723873,0.014999999664723873,0.009999999776482582,0.014999999664723873,47430,0.0,0.0
2024-10-07 00:00:00-04:00,0.019999999552965164,0.02500000037252903,0.014999999664723873,0.019999999552965164,1330450,0.0,0.0
2024-10-08 00:00:00-04:00,0.02500000037252903,0.02500000037252903,0.014999999664723873,0.019999999552965164,45894,0.0,0.0
2024-10-09 00:00:00-04:00,0.019999999552965164,0.019999999552965164,0.014999999664723873,0.019999999552965164,34232,0.0,0.0
2024-10-10 00:00:00-04:00,0.019999999552965164,0.019999999552965164,0.014999999664723873,0.014999999664723873,79172,0.0,0.0
2024-10-11 00:00:00-04:00,0.014999999664723873,0.019999999552965164,0.014999999664723873,0.019999999552965164,108286,0.0,0.0
2024-10-14 00:00:00-04:00,0.014999999664723873,0.019999999552965164,0.014999999664723873,0.019999999552965164,423222,0.0,0.0
2024-10-15 00:00:00-04:00,0.019999999552965164,0.019999999552965164,0.014999999664723873,0.014999999664723873,23804,0.0,0.0
2024-10-16 00:00:00-04:00,0.019999999552965164,0.019999999552965164,0.014999999664723873,0.014999999664723873,8400,0.0,0.0
2024-10-17 00:00:00-04:00,0.014999999664723873,0.014999999664723873,0.014999999664723873,0.014999999664723873,208000,0.0,0.0
2024-10-18 00:00:00-04:00,0.014999999664723873,0.019999999552965164,0.014999999664723873,0.019999999552965164,300890,0.0,0.0
2024-10-21 00:00:00-04:00,0.014999999664723873,0.019999999552965164,0.014999999664723873,0.014999999664723873,120632,0.0,0.0
2024-10-22 00:00:00-04:00,0.014999999664723873,0.019999999552965164,0.014999999664723873,0.019999999552965164,402058,0.0,0.0
2024-10-23 00:00:00-04:00,0.019999999552965164,0.019999999552965164,0.014999999664723873,0.019999999552965164,71004,0.0,0.0
2024-10-24 00:00:00-04:00,0.014999999664723873,0.014999999664723873,0.014999999664723873,0.014999999664723873,107384,0.0,0.0
2024-10-25 00:00:00-04:00,0.014999999664723873,0.019999999552965164,0.014999999664723873,0.019999999552965164,83530,0.0,0.0
2024-10-28 00:00:00-04:00,0.019999999552965164,0.019999999552965164,0.014999999664723873,0.019999999552965164,97708,0.0,0.0
2024-10-29 00:00:00-04:00,0.019999999552965164,0.019999999552965164,0.014999999664723873,0.019999999552965164,51534,0.0,0.0
2024-10-30 00:00:00-04:00,0.014999999664723873,0.019999999552965164,0.014999999664723873,0.014999999664723873,166968,0.0,0.0
2024-10-31 00:00:00-04:00,0.014999999664723873,0.019999999552965164,0.014999999664723873,0.014999999664723873,157652,0.0,0.0
2024-11-01 00:00:00-04:00,0.014999999664723873,0.014999999664723873,0.014999999664723873,0.014999999664723873,170358,0.0,0.0
2024-11-04 00:00:00-05:00,0.014999999664723873,0.019999999552965164,0.014999999664723873,0.014999999664723873,105620,0.0,0.0
2024-11-05 00:00:00-05:00,0.014999999664723873,0.019999999552965164,0.014999999664723873,0.019999999552965164,156336,0.0,0.0
2024-11-06 00:00:00-05:00,0.014999999664723873,0.019999999552965164,0.014999999664723873,0.019999999552965164,149876,0.0,0.0
2024-11-07 00:00:00-05:00,0.014999999664723873,0.019999999552965164,0.014999999664723873,0.019999999552965164,139256,0.0,0.0
2024-11-08 00:00:00-05:00,0.019999999552965164,0.019999999552965164,0.019999999552965164,0.019999999552965164,10794,0.0,0.0
2024-11-11 00:00:00-05:00,0.014999999664723873,0.019999999552965164,0.009999999776482582,0.019999999552965164,1130,0.0,0.0
2024-11-12 00:00:00-05:00,0.019999999552965164,0.019999999552965164,0.014999999664723873,0.019999999552965164,8944,0.0,0.0
2024-11-13 00:00:00-05:00,0.014999999664723873,0.019999999552965164,0.014999999664723873,0.019999999552965164,50772,0.0,0.0
2024-11-14 00:00:00-05:00,0.014999999664723873,0.019999999552965164,0.009999999776482582,0.014999999664723873,59772,0.0,0.0
2024-11-15 00:00:00-05:00,0.014999999664723873,0.019999999552965164,0.014999999664723873,0.014999999664723873,33500,0.0,0.0
2024-11-18 00:00:00-05:00,0.014999999664723873,0.019999999552965164,0.014999999664723873,0.014999999664723873,42532,0.0,0.0
2024-11-19 00:00:00-05:00,0.014999999664723873,0.014999999664723873,0.014999999664723873,0.014999999664723873,41252,0.0,0.0
2024-11-20 00:00:00-05:00,0.014999999664723873,0.014999999664723873,0.009999999776482582,0.014999999664723873,54844,0.0,0.0
2024-11-21 00:00:00-05:00,0.019999999552965164,0.019999999552965164,0.014999999664723873,0.014999999664723873,55384,0.0,0.0
2024-11-22 00:00:00-05:00,0.014999999664723873,0.014999999664723873,0.014999999664723873,0.014999999664723873,185536,0.0,0.0
2024-11-25 00:00:00-05:00,0.014999999664723873,0.019999999552965164,0.009999999776482582,0.014999999664723873,168686,0.0,0.0
2024-11-26 00:00:00-05:00,0.014999999664723873,0.014999999664723873,0.014999999664723873,0.014999999664723873,73658,0.0,0.0
2024-11-27 00:00:00-05:00,0.014999999664723873,0.014999999664723873,0.009999999776482582,0.014999999664723873,144834,0.0,0.0
2024-11-29 00:00:00-05:00,0.014999999664723873,0.014999999664723873,0.009999999776482582,0.014999999664723873,31292,0.0,0.0
2024-12-02 00:00:00-05:00,0.019999999552965164,0.019999999552965164,0.009999999776482582,0.014999999664723873,82956,0.0,0.0
2024-12-03 00:00:00-05:00,0.014999999664723873,0.014999999664723873,0.014999999664723873,0.014999999664723873,55458,0.0,0.0
2024-12-04 00:00:00-05:00,0.009999999776482582,0.014999999664723873,0.009999999776482582,0.014999999664723873,97824,0.0,0.0
2024-12-05 00:00:00-05:00,0.014999999664723873,0.014999999664723873,0.014999999664723873,0.014999999664723873,5798,0.0,0.0
2024-12-06 00:00:00-05:00,0.009999999776482582,0.014999999664723873,0.009999999776482582,0.014999999664723873,15982,0.0,0.0
2024-12-09 00:00:00-05:00,0.014999999664723873,0.014999999664723873,0.014999999664723873,0.014999999664723873,11242,0.0,0.0
2024-12-10 00:00:00-05:00,0.014999999664723873,0.014999999664723873,0.009999999776482582,0.009999999776482582,70050,0.0,0.0
2024-12-11 00:00:00-05:00,0.009999999776482582,0.014999999664723873,0.009999999776482582,0.009999999776482582,104318,0.0,0.0
2024-12-12 00:00:00-05:00,0.009999999776482582,0.014999999664723873,0.009999999776482582,0.014999999664723873,176308,0.0,0.0
2024-12-13 00:00:00-05:00,0.014999999664723873,0.014999999664723873,0.009999999776482582,0.009999999776482582,22676,0.0,0.0
2024-12-16 00:00:00-05:00,0.014999999664723873,0.014999999664723873,0.009999999776482582,0.014999999664723873,13988,0.0,0.0
2024-12-17 00:00:00-05:00,0.009999999776482582,0.014999999664723873,0.009999999776482582,0.014999999664723873,282384,0.0,0.0
2024-12-18 00:00:00-05:00,0.014999999664723873,0.014999999664723873,0.009999999776482582,0.014999999664723873,73830,0.0,0.0
2024-12-19 00:00:00-05:00,0.014999999664723873,0.014999999664723873,0.014999999664723873,0.014999999664723873,46210,0.0,0.0
2024-12-20 00:00:00-05:00,0.014999999664723873,0.014999999664723873,0.009999999776482582,0.009999999776482582,18568,0.0,0.0
2024-12-23 00:00:00-05:00,0.009999999776482582,0.014999999664723873,0.009999999776482582,0.014999999664723873,131058,0.0,0.0
2024-12-24 00:00:00-05:00,0.009999999776482582,0.014999999664723873,0.009999999776482582,0.009999999776482582,272402,0.0,0.0
2024-12-26 00:00:00-05:00,0.009999999776482582,0.014999999664723873,0.009999999776482582,0.009999999776482582,102850,0.0,0.0
2024-12-27 00:00:00-05:00,0.014999999664723873,0.014999999664723873,0.009999999776482582,0.009999999776482582,100004,0.0,0.0
2024-12-30 00:00:00-05:00,0.014999999664723873,0.014999999664723873,0.009999999776482582,0.009999999776482582,263082,0.0,0.0
2024-12-31 00:00:00-05:00,0.009999999776482582,0.014999999664723873,0.009999999776482582,0.009999999776482582,161128,0.0,0.0
2025-01-02 00:00:00-05:00,0.014999999664723873,0.019999999552965164,0.009999999776482582,0.019999999552965164,2647042,0.0,0.0
2025-01-03 00:00:00-05:00,0.019999999552965164,0.019999999552965164,0.014999999664723873,0.019999999552965164,389568,0.0,0.0
2025-01-06 00:00:00-05:00,0.014999999664723873,0.019999999552965164,0.009999999776482582,0.014999999664723873,240016,0.0,0.0
2025-01-07 00:00:00-05:00,0.019999999552965164,0.019999999552965164,0.009999999776482582,0.014999999664723873,84376,0.0,0.0
2025-01-08 00:00:00-05:00,0.014999999664723873,0.014999999664723873,0.014999999664723873,0.014999999664723873,12018,0.0,0.0
2025-01-10 00:00:00-05:00,0.014999999664723873,0.014999999664723873,0.014999999664723873,0.014999999664723873,9068,0.0,0.0
2025-01-13 00:00:00-05:00,0.014999999664723873,0.014999999664723873,0.014999999664723873,0.014999999664723873,23820,0.0,0.0
2025-01-14 00:00:00-05:00,0.014999999664723873,0.019999999552965164,0.009999999776482582,0.014999999664723873,45426,0.0,0.0
2025-01-15 00:00:00-05:00,0.014999999664723873,0.019999999552965164,0.009999999776482582,0.014999999664723873,59472,0.0,0.0
2025-01-16 00:00:00-05:00,0.014999999664723873,0.014999999664723873,0.009999999776482582,0.009999999776482582,95552,0.0,0.0
2025-01-17 00:00:00-05:00,0.014999999664723873,0.014999999664723873,0.009999999776482582,0.014999999664723873,170606,0.0,0.0
2025-01-21 00:00:00-05:00,0.014999999664723873,0.014999999664723873,0.009999999776482582,0.009999999776482582,128156,0.0,0.0
2025-01-22 00:00:00-05:00,0.014999999664723873,0.014999999664723873,0.009999999776482582,0.009999999776482582,196522,0.0,0.0
2025-01-23 00:00:00-05:00,0.009999999776482582,0.014999999664723873,0.009999999776482582,0.014999999664723873,165434,0.0,0.0
2025-01-24 00:00:00-05:00,0.014999999664723873,0.014999999664723873,0.009999999776482582,0.014999999664723873,332794,0.0,0.0
2025-01-27 00:00:00-05:00,0.014999999664723873,0.014999999664723873,0.014999999664723873,0.014999999664723873,64528,0.0,0.0
2025-01-28 00:00:00-05:00,0.009999999776482582,0.014999999664723873,0.009999999776482582,0.009999999776482582,525764,0.0,0.0
2025-01-29 00:00:00-05:00,300.0,3636.5,300.0,625.0,32,0.0,0.5
2025-01-30 00:00:00-05:00,331.25,331.25,225.0,225.0,60,0.0,0.0
2025-01-31 00:00:00-05:00,242.5,250.0,242.5,250.0,20,0.0,0.0
2025-02-03 00:00:00-05:00,250.0,250.0,250.0,250.0,0,0.0,0.0
2025-02-04 00:00:00-05:00,250.0,250.0,250.0,250.0,0,0.0,0.0
2025-02-05 00:00:00-05:00,250.0,250.0,250.0,250.0,0,0.0,0.0
2025-02-06 00:00:00-05:00,250.0,250.0,250.0,250.0,0,0.0,0.0
2025-02-07 00:00:00-05:00,250.0,250.0,250.0,250.0,8,0.0,0.0
2025-02-10 00:00:00-05:00,275.0,275.0,230.0,230.0,24,0.0,0.0
2025-02-11 00:00:00-05:00,230.0,230.0,230.0,230.0,0,0.0,0.0
2025-02-12 00:00:00-05:00,250.0,250.0,250.0,250.0,20,0.0,0.0
2025-02-13 00:00:00-05:00,69.0,69.0,69.0,69.0,24,0.0,0.0
2025-02-14 00:00:00-05:00,91.75,230.0,91.75,222.25,52,0.0,0.0
2025-02-18 00:00:00-05:00,222.25,222.25,222.25,222.25,0,0.0,0.0
2025-02-19 00:00:00-05:00,222.25,222.25,222.25,222.25,12,0.0,0.0
2025-02-20 00:00:00-05:00,222.25,222.25,222.25,222.25,0,0.0,0.0
2025-02-21 00:00:00-05:00,222.25,222.25,222.25,222.25,0,0.0,0.0
2025-02-24 00:00:00-05:00,103.0,224.75,103.0,103.0,16,0.0,0.0
2025-02-25 00:00:00-05:00,143.75,146.17999267578125,143.75,143.75,16,0.0,0.0
2025-02-26 00:00:00-05:00,143.75,143.75,143.75,143.75,0,0.0,0.0
2025-02-27 00:00:00-05:00,150.0,150.0,143.75,143.75,52,0.0,0.0
2025-02-28 00:00:00-05:00,168.75,168.75,168.75,168.75,8,0.0,0.0
2025-03-03 00:00:00-05:00,150.0,150.0,149.75,150.0,28,0.0,0.0
2025-03-04 00:00:00-05:00,175.0,175.0,175.0,175.0,12,0.0,0.0
2025-03-05 00:00:00-05:00,175.0,175.0,175.0,175.0,0,0.0,0.0
2025-03-06 00:00:00-05:00,175.0,175.0,175.0,175.0,0,0.0,0.0
2025-03-07 00:00:00-05:00,175.0,175.0,168.75,168.75,36,0.0,0.0
2025-03-10 00:00:00-04:00,168.75,168.75,168.75,168.75,0,0.0,0.0
2025-03-11 00:00:00-04:00,168.75,168.75,168.75,168.75,0,0.0,0.0
2025-03-12 00:00:00-04:00,168.75,168.75,168.75,168.75,0,0.0,0.0
2025-03-13 00:00:00-04:00,168.75,168.75,168.75,168.75,0,0.0,0.0
2025-03-14 00:00:00-04:00,168.75,168.75,168.75,168.75,0,0.0,0.0
2025-03-17 00:00:00-04:00,168.75,168.75,168.75,168.75,0,0.0,0.0
2025-03-18 00:00:00-04:00,168.75,168.75,168.75,168.75,0,0.0,0.0
2025-03-19 00:00:00-04:00,168.75,168.75,168.75,168.75,0,0.0,0.0
2025-03-20 00:00:00-04:00,168.75,168.75,168.75,168.75,0,0.0,0.0
2025-03-21 00:00:00-04:00,168.75,168.75,168.75,168.75,0,0.0,0.0
2025-03-24 00:00:00-04:00,168.75,168.75,168.75,168.75,0,0.0,0.0
2025-03-25 00:00:00-04:00,168.75,168.75,168.75,168.75,0,0.0,0.0
2025-03-26 00:00:00-04:00,142.0,142.0,142.0,142.0,16,0.0,0.0
2025-03-27 00:00:00-04:00,142.0,142.0,142.0,142.0,0,0.0,0.0
2025-03-28 00:00:00-04:00,131.25,131.25,131.25,131.25,4,0.0,0.0
2025-03-31 00:00:00-04:00,125.0,139.375,125.0,137.5,88,0.0,0.0
2025-04-01 00:00:00-04:00,137.5,137.5,137.5,137.5,0,0.0,0.0
2025-04-02 00:00:00-04:00,137.5,137.5,137.5,137.5,0,0.0,0.0
2025-04-03 00:00:00-04:00,137.5,137.5,137.5,137.5,0,0.0,0.0
2025-04-04 00:00:00-04:00,131.25,131.25,131.25,131.25,16,0.0,0.0
2025-04-07 00:00:00-04:00,125.24749755859375,125.24749755859375,125.0,125.0,12,0.0,0.0
2025-04-08 00:00:00-04:00,125.0,125.0,125.0,125.0,0,0.0,0.0
2025-04-09 00:00:00-04:00,125.0,125.0,125.0,125.0,0,0.0,0.0
2025-04-10 00:00:00-04:00,125.0,207.0,37.5,156.25,84,0.0,0.0
2025-04-11 00:00:00-04:00,31.25,197.5,31.25,63.5,100,0.0,0.0
2025-04-14 00:00:00-04:00,200.0,249.5,200.0,249.5,36,0.0,0.0
2025-04-15 00:00:00-04:00,125.0,225.0,122.38999938964844,122.38999938964844,68,0.0,0.0
2025-04-16 00:00:00-04:00,225.0,275.0,222.0,275.0,52,0.0,0.0
2025-04-17 00:00:00-04:00,123.625,200.0,123.625,200.0,84,0.0,0.0
2025-04-21 00:00:00-04:00,122.25,122.25,122.25,122.25,12,0.0,0.0
2025-04-22 00:00:00-04:00,175.0,237.5,131.0,131.0,88,0.0,0.0
2025-04-23 00:00:00-04:00,125.0,161.5,112.5,161.5,84,0.0,0.0
2025-04-24 00:00:00-04:00,137.5,137.5,82.5,137.5,108,0.0,0.0
2025-04-25 00:00:00-04:00,99.75,125.0,75.0,75.0,88,0.0,0.0
2025-04-28 00:00:00-04:00,75.25,112.5,72.75,72.75,116,0.0,0.0
2025-04-29 00:00:00-04:00,72.75,72.75,72.75,72.75,0,0.0,0.0
2025-04-30 00:00:00-04:00,75.25,112.5,75.25,75.25,72,0.0,0.0
2025-05-01 00:00:00-04:00,99.75,100.0,96.5999984741211,100.0,40,0.0,0.0
2025-05-02 00:00:00-04:00,112.5,212.5,56.25,56.25,112,0.0,0.0
2025-05-05 00:00:00-04:00,60.5,125.0,60.0,60.0,104,0.0,0.0
2025-05-06 00:00:00-04:00,100.0,100.0,56.75,56.75,392,0.0,0.0
2025-05-07 00:00:00-04:00,100.06999969482422,100.06999969482422,62.5,67.5,292,0.0,0.0
2025-05-08 00:00:00-04:00,100.0,101.10749816894531,63.75,70.0,204,0.0,0.0
2025-05-09 00:00:00-04:00,87.5,87.5,65.5,65.5,148,0.0,0.0
2025-05-12 00:00:00-04:00,69.0,70.58999633789062,68.75,68.75,176,0.0,0.0
2025-05-13 00:00:00-04:00,68.75,68.75,68.75,68.75,0,0.0,0.0
2025-05-14 00:00:00-04:00,70.0,70.0,70.0,70.0,8,0.0,0.0
2025-05-15 00:00:00-04:00,70.0,70.0,70.0,70.0,32,0.0,0.0
2025-05-16 00:00:00-04:00,67.74749755859375,75.0,67.74749755859375,73.125,84,0.0,0.0
2025-05-19 00:00:00-04:00,73.125,73.125,73.125,73.125,8,0.0,0.0
2025-05-20 00:00:00-04:00,75.0,75.625,62.25,62.25,68,0.0,0.0
2025-05-21 00:00:00-04:00,76.25,79.375,76.25,78.75,92,0.0,0.0
2025-05-22 00:00:00-04:00,56.25,56.92499923706055,49.75,49.75,112,0.0,0.0
2025-05-23 00:00:00-04:00,72.75499725341797,81.25,50.25,75.0,88,0.0,0.0
2025-05-27 00:00:00-04:00,75.0,78.75,75.0,78.75,80,0.0,0.0
2025-05-28 00:00:00-04:00,78.75,78.75,78.75,78.75,0,0.0,0.0
2025-05-29 00:00:00-04:00,78.75,78.75,78.75,78.75,0,0.0,0.0
2025-05-30 00:00:00-04:00,78.75,80.0,56.25,56.25,192,0.0,0.0
2025-06-02 00:00:00-04:00,62.5,62.5,62.5,62.5,8,0.0,0.0
2025-06-03 00:00:00-04:00,62.5,87.0,62.5,76.5,140,0.0,0.0
2025-06-04 00:00:00-04:00,114.25,114.25,76.75,114.25,80,0.0,0.0
2025-06-05 00:00:00-04:00,50.125,139.5,50.125,139.5,156,0.0,0.0
2025-06-06 00:00:00-04:00,150.0,166.0,150.0,166.0,20,0.0,0.0
2025-06-09 00:00:00-04:00,184.5,187.5,167.5,187.5,60,0.0,0.0
2025-06-10 00:00:00-04:00,200.0,200.0,200.0,200.0,48,0.0,0.0
2025-06-11 00:00:00-04:00,200.0,200.0,200.0,200.0,0,0.0,0.0
2025-06-12 00:00:00-04:00,200.0,200.0,200.0,200.0,8,0.0,0.0
2025-06-13 00:00:00-04:00,200.0,200.0,200.0,200.0,0,0.0,0.0
2025-06-16 00:00:00-04:00,127.5,127.5,127.5,127.5,12,0.0,0.0
2025-06-17 00:00:00-04:00,127.5,127.5,127.5,127.5,0,0.0,0.0
2025-06-18 00:00:00-04:00,115.0,115.0,100.0,100.0,404,0.0,0.0
2025-06-20 00:00:00-04:00,100.0,100.0,100.0,100.0,280,0.0,0.0
2025-06-23 00:00:00-04:00,100.0,100.0,100.0,100.0,0,0.0,0.0
2025-06-24 00:00:00-04:00,100.0,100.0,100.0,100.0,360,0.0,0.0
2025-06-25 00:00:00-04:00,97.80000305175781,103.75,97.80000305175781,103.75,128,0.0,0.0
2025-06-26 00:00:00-04:00,103.75,103.75,103.75,103.75,0,0.0,0.0
2025-06-27 00:00:00-04:00,103.75,103.75,103.75,103.75,0,0.0,0.0
2025-06-30 00:00:00-04:00,103.75,103.75,103.75,103.75,0,0.0,0.0
2025-07-01 00:00:00-04:00,103.75,103.75,103.75,103.75,0,0.0,0.0
2025-07-02 00:00:00-04:00,103.75,103.75,103.75,103.75,0,0.0,0.0
2025-07-03 00:00:00-04:00,106.25,106.25,106.25,106.25,96,0.0,0.0
2025-07-07 00:00:00-04:00,95.25,95.25,86.25,86.25,80,0.0,0.0
2025-07-08 00:00:00-04:00,165.0,165.0,165.0,165.0,20,0.0,0.0
2025-07-09 00:00:00-04:00,150.0,175.0,106.5,149.9875030517578,356,0.0,0.0
2025-07-10 00:00:00-04:00,150.0,150.0,150.0,150.0,16,0.0,0.0
2025-07-11 00:00:00-04:00,150.0,150.0,150.0,150.0,0,0.0,0.0
2025-07-14 00:00:00-04:00,108.0,150.0,108.0,150.0,52,0.0,0.0
2025-07-15 00:00:00-04:00,88.25,122.69000244140625,86.25,122.69000244140625,128,0.0,0.0
2025-07-16 00:00:00-04:00,86.5,86.5,86.0,86.0,240,0.0,0.0
2025-07-17 00:00:00-04:00,122.45500183105469,124.75,86.75,124.75,88,0.0,0.0
2025-07-18 00:00:00-04:00,112.5,112.5,112.5,112.5,8,0.0,0.0
2025-07-21 00:00:00-04:00,90.0,112.0,90.0,112.0,80,0.0,0.0
2025-07-22 00:00:00-04:00,112.0,112.0,112.0,112.0,0,0.0,0.0
2025-07-23 00:00:00-04:00,112.0,112.0,112.0,112.0,0,0.0,0.0
2025-07-24 00:00:00-04:00,98.375,115.0,98.375,115.0,204,0.0,0.0
2025-07-25 00:00:00-04:00,118.75,148.0,115.38999938964844,148.0,60,0.0,0.0
2025-07-28 00:00:00-04:00,148.0,148.0,118.75,142.7050018310547,108,0.0,0.0
2025-07-29 00:00:00-04:00,145.0,187.5,145.0,187.5,124,0.0,0.0
2025-07-30 00:00:00-04:00,187.25,237.25,187.25,237.25,68,0.0,0.0
2025-07-31 00:00:00-04:00,253.0,253.0,181.97500610351562,249.75,88,0.0,0.0
2025-08-01 00:00:00-04:00,270.25,270.25,240.0,240.0,40,0.0,0.0
2025-08-04 00:00:00-04:00,180.0,225.0,150.0,225.0,40,0.0,0.0
2025-08-05 00:00:00-04:00,250.0,262.5,247.5,247.5,124,0.0,0.0
2025-08-06 00:00:00-04:00,177.5,177.5,150.0,152.5,44,0.0,0.0
2025-08-07 00:00:00-04:00,152.5,152.5,152.5,152.5,0,0.0,0.0
2025-08-08 00:00:00-04:00,152.5,152.5,152.5,152.5,0,0.0,0.0
2025-08-11 00:00:00-04:00,125.25,225.0,125.25,225.0,52,0.0,0.0
2025-08-12 00:00:00-04:00,125.75,268.0,125.75,155.13999938964844,204,0.0,0.0
2025-08-13 00:00:00-04:00,125.72000122070312,224.5,107.0,200.0,348,0.0,0.0
2025-08-14 00:00:00-04:00,150.0,260.0,150.0,260.0,120,0.0,0.0
2025-08-15 00:00:00-04:00,100.0,112.5,70.5,71.75,20304,0.0,0.0
2025-08-18 00:00:00-04:00,145.0,234.0,139.25,146.25,2724672,0.0,0.0
2025-08-19 00:00:00-04:00,121.0,124.5824966430664,87.75,91.75,97664,0.0,0.0
2025-08-20 00:00:00-04:00,122.625,142.25,106.0,110.0,1041636,0.0,0.0
2025-08-21 00:00:00-04:00,104.25,113.9749984741211,95.25,101.5,59252,0.0,0.0
2025-08-22 00:00:00-04:00,97.25,100.0,78.75,84.25,52936,0.0,0.0
2025-08-25 00:00:00-04:00,84.5,86.13999938964844,78.75,84.25,29180,0.0,0.0
2025-08-26 00:00:00-04:00,78.5,81.5,75.0,75.75,15260,0.0,0.0
2025-08-27 00:00:00-04:00,73.0,75.0,70.75250244140625,73.5,13792,0.0,0.0
2025-08-28 00:00:00-04:00,77.5,85.49500274658203,77.25,78.0,23716,0.0,0.0
2025-08-29 00:00:00-04:00,77.5,81.0,75.0,75.5,7508,0.0,0.0
2025-09-02 00:00:00-04:00,74.75,77.48500061035156,67.75,68.25,17108,0.0,0.0
2025-09-03 00:00:00-04:00,70.25,70.38500213623047,62.5,62.75,22272,0.0,0.0
2025-09-04 00:00:00-04:00,62.5,63.75,48.125,49.5,21356,0.0,0.0
2025-09-05 00:00:00-04:00,51.25,65.0,51.25,53.75,48056,0.0,0.0
2025-09-08 00:00:00-04:00,52.5,53.875,48.502498626708984,48.75,17904,0.0,0.0
2025-09-09 00:00:00-04:00,49.5,51.5,45.01250076293945,46.75,11476,0.0,0.0
2025-09-10 00:00:00-04:00,46.75,46.75,40.0,43.25,16196,0.0,0.0
2025-09-11 00:00:00-04:00,44.75,52.25,44.75,49.5,15868,0.0,0.0
2025-09-12 00:00:00-04:00,53.75,62.5,52.5,55.5,43700,0.0,0.0
2025-09-15 00:00:00-04:00,53.75,58.25,51.525001525878906,56.25,40824,0.0,0.0
2025-09-16 00:00:00-04:00,55.75,57.494998931884766,54.752498626708984,55.75,5300,0.0,0.0
2025-09-17 00:00:00-04:00,60.0,60.0,52.75,55.25,31804,0.0,0.0
2025-09-18 00:00:00-04:00,54.25,56.25,54.0,54.75,6220,0.0,0.0
2025-09-19 00:00:00-04:00,56.25,57.0,53.125,54.0,8624,0.0,0.0
2025-09-22 00:00:00-04:00,52.5,53.39500045776367,48.75,51.0,8080,0.0,0.0
2025-09-23 00:00:00-04:00,51.0,51.75,47.0,47.5,5320,0.0,0.0
2025-09-24 00:00:00-04:00,47.5,51.51750183105469,47.5,48.5,7664,0.0,0.0
2025-09-25 00:00:00-04:00,47.5,47.810001373291016,44.5,45.25,8408,0.0,0.0
2025-09-26 00:00:00-04:00,45.25,46.29249954223633,42.5,45.5,3712,0.0,0.0
2025-09-29 00:00:00-04:00,45.0,48.0,45.0,45.75,2780,0.0,0.0
2025-09-30 00:00:00-04:00,44.25,45.75,42.25,42.5,5828,0.0,0.0
2025-10-01 00:00:00-04:00,42.25,43.75,42.0,42.5,4496,0.0,0.0
2025-10-02 00:00:00-04:00,42.5,46.75,42.5,46.0,12152,0.0,0.0
2025-10-03 00:00:00-04:00,45.5,47.775001525878906,44.25,44.25,2660,0.0,0.0
2025-10-06 00:00:00-04:00,44.25,52.5,44.25,49.5,12552,0.0,0.0
2025-10-07 00:00:00-04:00,49.0,50.4900016784668,45.0,49.0,118036,0.0,0.0
2025-10-08 00:00:00-04:00,49.25,49.25,45.75,47.75,7596,0.0,0.0
2025-10-09 00:00:00-04:00,47.0,48.75,45.5,47.0,5840,0.0,0.0
2025-10-10 00:00:00-04:00,46.5,46.75,42.75,43.25,7784,0.0,0.0
2025-10-13 00:00:00-04:00,42.75,46.0,42.75,45.75,2532,0.0,0.0
2025-10-14 00:00:00-04:00,44.75,45.5,44.0,44.5,3580,0.0,0.0
2025-10-15 00:00:00-04:00,44.25,47.5,41.75,43.25,51268,0.0,0.0
2025-10-16 00:00:00-04:00,42.75,43.25,38.25,39.5,8824,0.0,0.0
2025-10-17 00:00:00-04:00,38.5,40.0,38.5,39.5,3216,0.0,0.0
2025-10-20 00:00:00-04:00,40.5,41.25,39.5,41.0,5024,0.0,0.0
2025-10-21 00:00:00-04:00,40.0,41.0,39.5,39.75,3500,0.0,0.0
2025-10-22 00:00:00-04:00,39.75,39.75,34.0,34.75,10084,0.0,0.0
2025-10-23 00:00:00-04:00,35.75,37.5,35.0,37.0,2720,0.0,0.0
2025-10-24 00:00:00-04:00,36.5,38.25,36.5,38.0,2804,0.0,0.0
2025-10-27 00:00:00-04:00,37.5,37.97999954223633,36.125,37.0,1568,0.0,0.0
2025-10-28 00:00:00-04:00,36.5,37.25,33.875,35.5,2816,0.0,0.0
2025-10-29 00:00:00-04:00,35.0,35.375,31.25,32.75,5304,0.0,0.0
2025-10-30 00:00:00-04:00,32.25,32.5,31.0,31.0,4384,0.0,0.0
2025-10-31 00:00:00-04:00,30.5,31.987499237060547,30.25,31.0,2712,0.0,0.0
2025-11-03 00:00:00-05:00,30.75,31.5,26.75,28.25,5876,0.0,0.0
2025-11-04 00:00:00-05:00,28.75,29.25,26.0,26.5,22232,0.0,0.0
2025-11-05 00:00:00-05:00,25.75,30.0,25.75,29.5,4928,0.0,0.0
2025-11-06 00:00:00-05:00,29.25,29.25,27.420000076293945,27.825000762939453,1520,0.0,0.0
2025-11-07 00:00:00-05:00,27.25,27.725000381469727,24.0,25.75,3816,0.0,0.0
2025-11-10 00:00:00-05:00,24.424999237060547,25.0,21.045000076293945,22.549999237060547,98728,0.0,0.0
2025-11-11 00:00:00-05:00,22.5,22.5,19.177499771118164,21.014999389648438,9028,0.0,0.0
2025-11-12 00:00:00-05:00,20.5,21.75,20.145000457763672,20.9325008392334,2260,0.0,0.0
2025-11-13 00:00:00-05:00,20.412500381469727,21.00749969482422,19.25,19.549999237060547,3968,0.0,0.0
2025-11-14 00:00:00-05:00,19.25,19.747499465942383,18.25,19.4325008392334,4268,0.0,0.0
2025-11-17 00:00:00-05:00,19.5,19.5,18.447500228881836,18.895000457763672,2128,0.0,0.0
2025-11-18 00:00:00-05:00,18.59000015258789,20.559999465942383,18.59000015258789,20.5,2876,0.0,0.0
2025-11-19 00:00:00-05:00,20.75,21.5,20.024999618530273,21.497499465942383,1588,0.0,0.0
2025-11-20 00:00:00-05:00,21.125,21.375,19.7450008392334,20.6924991607666,1848,0.0,0.0
2025-11-21 00:00:00-05:00,19.475000381469727,20.6924991607666,19.25749969482422,20.260000228881836,1220,0.0,0.0
2025-11-24 00:00:00-05:00,19.700000762939453,20.252500534057617,19.700000762939453,20.2450008392334,520,0.0,0.0
2025-11-25 00:00:00-05:00,20.299999237060547,21.0,20.024999618530273,20.532499313354492,1120,0.0,0.0
2025-11-26 00:00:00-05:00,19.809999465942383,20.459999084472656,19.75,20.13249969482422,1052,0.0,0.0
2025-11-28 00:00:00-05:00,20.75,22.5,20.450000762939453,22.34000015258789,2420,0.0,0.0
2025-12-01 00:00:00-05:00,22.327499389648438,31.5,22.327499389648438,23.5625,127044,0.0,0.0
2025-12-02 00:00:00-05:00,22.274999618530273,22.829999923706055,19.997499465942383,19.997499465942383,6292,0.0,0.0
2025-12-03 00:00:00-05:00,19.540000915527344,20.782499313354492,18.5,20.782499313354492,2820,0.0,0.0
2025-12-04 00:00:00-05:00,20.467500686645508,21.729999542236328,19.28499984741211,20.625,45312,0.0,0.0
2025-12-05 00:00:00-05:00,19.489999771118164,21.207500457763672,19.489999771118164,20.982500076293945,2644,0.0,0.0
2025-12-08 00:00:00-05:00,20.352500915527344,20.982500076293945,20.125,20.90999984741211,1628,0.0,0.0
2025-12-09 00:00:00-05:00,20.13249969482422,20.625,20.13249969482422,20.25,836,0.0,0.0
2025-12-10 00:00:00-05:00,20.25,20.8125,19.427499771118164,20.270000457763672,2148,0.0,0.0
2025-12-11 00:00:00-05:00,19.5,20.270000457763672,18.700000762939453,20.167499542236328,2916,0.0,0.0
2025-12-12 00:00:00-05:00,19.997499465942383,19.997499465942383,19.037500381469727,19.709999084472656,796,0.0,0.0
2025-12-15 00:00:00-05:00,19.5,19.709999084472656,18.5,18.7450008392334,1836,0.0,0.0
2025-12-16 00:00:00-05:00,18.752500534057617,18.774999618530273,18.0,18.274999618530273,1076,0.0,0.0
2025-12-17 00:00:00-05:00,19.225000381469727,19.225000381469727,18.0,18.649999618530273,1824,0.0,0.0
2025-12-18 00:00:00-05:00,18.5,18.59749984741211,18.0,18.0,1172,0.0,0.0
2025-12-19 00:00:00-05:00,18.042499542236328,18.5,17.5,17.774999618530273,1764,0.0,0.0
2025-12-22 00:00:00-05:00,18.037500381469727,18.5,16.0,16.272499084472656,7660,0.0,0.0
2025-12-23 00:00:00-05:00,16.889999389648438,17.327499389648438,16.024999618530273,16.725000381469727,1352,0.0,0.0
2025-12-24 00:00:00-05:00,17.25,17.25,15.2524995803833,16.5,860,0.0,0.0
2025-12-26 00:00:00-05:00,16.075000762939453,16.125,14.550000190734863,14.645000457763672,4184,0.0,0.0
2025-12-29 00:00:00-05:00,14.354999542236328,14.645000457763672,13.1225004196167,14.645000457763672,4156,0.0,0.0
2025-12-30 00:00:00-05:00,13.912500381469727,15.0,13.912500381469727,14.5,3668,0.0,0.0
2025-12-31 00:00:00-05:00,12.5,14.417499542236328,12.5,13.414999961853027,6320,0.0,0.0
2026-01-02 00:00:00-05:00,13.5024995803833,14.892499923706055,13.5024995803833,14.292499542236328,2580,0.0,0.0
2026-01-05 00:00:00-05:00,15.3774995803833,15.3774995803833,13.3149995803833,13.550000190734863,4356,0.0,0.0
2026-01-06 00:00:00-05:00,13.015000343322754,13.875,12.6225004196167,12.664999961853027,2300,0.0,0.0
2026-01-07 00:00:00-05:00,12.9975004196167,13.532500267028809,12.75,12.77750015258789,4280,0.0,0.0
2026-01-08 00:00:00-05:00,13.007499694824219,13.007499694824219,11.354999542236328,12.010000228881836,7996,0.0,0.0
2026-01-09 00:00:00-05:00,12.0,12.4975004196167,11.5,11.555000305175781,3592,0.0,0.0
2026-01-12 00:00:00-05:00,11.555000305175781,12.02750015258789,11.324999809265137,11.327500343322754,2456,0.0,0.0
2026-01-13 00:00:00-05:00,11.555000305175781,11.75,10.819999694824219,10.837499618530273,3340,0.0,0.0
2026-01-14 00:00:00-05:00,10.947500228881836,11.220000267028809,10.5,10.59749984741211,996,0.0,0.0
2026-01-15 00:00:00-05:00,10.949999809265137,10.949999809265137,8.5,8.782500267028809,15600,0.0,0.0
2026-01-16 00:00:00-05:00,9.305000305175781,9.305000305175781,7.574999809265137,7.837500095367432,10968,0.0,0.0
2026-01-20 00:00:00-05:00,7.5,7.682499885559082,6.5,7.46999979019165,58708,0.0,0.0
2026-01-21 00:00:00-05:00,7.244999885559082,7.46750020980835,6.010000228881836,6.769999980926514,21516,0.0,0.0
2026-01-22 00:00:00-05:00,7.0,7.002500057220459,6.25,6.650000095367432,8984,0.0,0.0
2026-01-23 00:00:00-05:00,6.625,7.25,6.322500228881836,7.0,10624,0.0,0.0
2026-01-26 00:00:00-05:00,6.974999904632568,8.5,6.757500171661377,6.974999904632568,42328,0.0,0.0
2026-01-27 00:00:00-05:00,7.275000095367432,7.679999828338623,6.8125,7.429999828338623,12724,0.0,0.0
2026-01-28 00:00:00-05:00,8.095000267028809,10.117500305175781,7.614999771118164,9.75,171128,0.0,0.0
2026-01-29 00:00:00-05:00,8.5024995803833,8.737500190734863,6.425000190734863,6.947500228881836,76180,0.0,0.0
2026-01-30 00:00:00-05:00,6.590000152587891,6.922500133514404,5.0,5.695000171661377,56820,0.0,0.0
2026-02-02 00:00:00-05:00,5.800000190734863,5.800000190734863,5.25,5.722499847412109,13956,0.0,0.0
2026-02-03 00:00:00-05:00,5.5,5.550000190734863,5.0625,5.5,21776,0.0,0.0
2026-02-04 00:00:00-05:00,5.5,5.5,4.53249979019165,4.775000095367432,26372,0.0,0.0
2026-02-05 00:00:00-05:00,5.164999961853027,5.684999942779541,3.887500047683716,5.047500133514404,1700300,0.0,0.0
2026-02-06 00:00:00-05:00,4.75,5.0,4.072500228881836,4.744999885559082,83696,0.0,0.0
2026-02-09 00:00:00-05:00,4.602499961853027,4.875,4.462500095367432,4.875,25140,0.0,0.0
2026-02-10 00:00:00-05:00,4.972499847412109,4.972499847412109,4.574999809265137,4.792500019073486,31988,0.0,0.0
2026-02-11 00:00:00-05:00,4.974999904632568,5.974999904632568,4.682499885559082,5.849999904632568,167504,0.0,0.0
2026-02-12 00:00:00-05:00,5.425000190734863,5.775000095367432,5.139999866485596,5.775000095367432,52996,0.0,0.0
2026-02-13 00:00:00-05:00,5.75,5.889999866485596,5.324999809265137,5.324999809265137,62052,0.0,0.0
2026-02-17 00:00:00-05:00,5.974999904632568,6.0,4.577499866485596,5.497499942779541,45736,0.0,0.0
2026-02-18 00:00:00-05:00,5.974999904632568,5.974999904632568,5.175000190734863,5.25,14048,0.0,0.0
2026-02-19 00:00:00-05:00,5.125,5.427499771118164,5.002500057220459,5.067500114440918,19340,0.0,0.0
2026-02-20 00:00:00-05:00,5.017499923706055,5.119999885559082,4.572500228881836,4.789999961853027,34444,0.0,0.0
2026-02-23 00:00:00-05:00,4.742499828338623,4.987500190734863,4.662499904632568,4.764999866485596,6964,0.0,0.0
2026-02-24 00:00:00-05:00,4.974999904632568,5.485000133514404,4.755000114440918,5.25,15204,0.0,0.0
2026-02-25 00:00:00-05:00,5.184999942779541,5.724999904632568,5.014999866485596,5.037499904632568,12684,0.0,0.0
2026-02-26 00:00:00-05:00,5.202499866485596,5.497499942779541,4.875,4.880000114440918,10432,0.0,0.0
2026-02-27 00:00:00-05:00,4.78249979019165,5.119999885559082,4.78249979019165,4.824999809265137,8744,0.0,0.0
2026-03-02 00:00:00-05:00,4.75,4.84250020980835,4.552499771118164,4.552499771118164,8544,0.0,0.0
2026-03-03 00:00:00-05:00,4.639999866485596,4.792500019073486,4.074999809265137,4.317500114440918,486224,0.0,0.0
2026-03-04 00:00:00-05:00,4.347499847412109,4.675000190734863,4.150000095367432,4.292500019073486,53080,0.0,0.0
2026-03-05 00:00:00-05:00,4.377500057220459,4.46999979019165,4.147500038146973,4.204999923706055,33140,0.0,0.0
2026-03-06 00:00:00-05:00,4.002500057220459,4.482500076293945,4.002500057220459,4.224999904632568,31384,0.0,0.0
2026-03-09 00:00:00-04:00,4.349999904632568,4.367499828338623,4.010000228881836,4.300000190734863,28724,0.0,0.0
2026-03-10 00:00:00-04:00,3.9700000286102295,4.0,3.1649999618530273,3.4200000762939453,191364,0.0,0.0
2026-03-11 00:00:00-04:00,3.4800000190734863,3.7799999713897705,3.302500009536743,3.5,105564,0.0,0.0
2026-03-12 00:00:00-04:00,3.2799999713897705,3.497499942779541,3.002500057220459,3.0250000953674316,229272,0.0,0.0
2026-03-13 00:00:00-04:00,3.0,3.2249999046325684,2.8524999618530273,3.180000066757202,112024,0.0,0.0
2026-03-16 00:00:00-04:00,3.0299999713897705,3.3975000381469727,3.0,3.3975000381469727,84332,0.0,0.0
2026-03-17 00:00:00-04:00,3.450000047683716,3.450000047683716,2.924999952316284,2.987499952316284,103080,0.0,0.0
2026-03-18 00:00:00-04:00,3.002500057220459,3.069999933242798,2.8975000381469727,2.922499895095825,37076,0.0,0.0
2026-03-19 00:00:00-04:00,2.875,3.0,2.797499895095825,2.924999952316284,27384,0.0,0.0
2026-03-20 00:00:00-04:00,2.875,3.0824999809265137,2.827500104904175,2.9674999713897705,32448,0.0,0.0
2026-03-23 00:00:00-04:00,2.9674999713897705,3.2174999713897705,2.825000047683716,2.944999933242798,151016,0.0,0.0
2026-03-24 00:00:00-04:00,2.8499999046325684,3.0,2.6700000762939453,2.7699999809265137,154816,0.0,0.0
2026-03-25 00:00:00-04:00,2.8499999046325684,2.890000104904175,2.7249999046325684,2.807499885559082,22968,0.0,0.0
2026-03-26 00:00:00-04:00,2.8125,2.8499999046325684,2.555000066757202,2.700000047683716,24244,0.0,0.0
2026-03-27 00:00:00-04:00,2.7249999046325684,2.737499952316284,2.555000066757202,2.5799999237060547,13580,0.0,0.0
2026-03-30 00:00:00-04:00,2.555000066757202,2.75,2.555000066757202,2.555000066757202,10748,0.0,0.0
2026-03-31 00:00:00-04:00,2.6600000858306885,2.867500066757202,2.575000047683716,2.6500000953674316,16448,0.0,0.0
2026-04-01 00:00:00-04:00,2.740000009536743,2.9725000858306885,2.625,2.7925000190734863,18328,0.0,0.0
2026-04-02 00:00:00-04:00,2.742500066757202,3.002500057220459,2.7049999237060547,2.924999952316284,30868,0.0,0.0
2026-04-06 00:00:00-04:00,2.867500066757202,3.049999952316284,2.799999952316284,2.799999952316284,22668,0.0,0.0
2026-04-07 00:00:00-04:00,2.819999933242798,3.2750000953674316,2.75,2.924999952316284,249372,0.0,0.0
2026-04-08 00:00:00-04:00,3.0999999046325684,3.1575000286102295,2.9625000953674316,3.1500000953674316,77556,0.0,0.0
2026-04-09 00:00:00-04:00,3.075000047683716,3.075000047683716,2.4375,2.509999990463257,84956,0.0,0.0
2026-04-10 00:00:00-04:00,2.5850000381469727,2.625,2.375,2.575000047683716,73000,0.0,0.0
2026-04-13 00:00:00-04:00,2.575000047683716,2.5875000953674316,2.4375,2.5250000953674316,38400,0.0,0.0
2026-04-14 00:00:00-04:00,2.4749999046325684,2.484999895095825,2.384999990463257,2.4375,18792,0.0,0.0
2026-04-15 00:00:00-04:00,2.4375,4.449999809265137,2.4375,2.765000104904175,3981148,0.0,0.0
2026-04-16 00:00:00-04:00,2.625,2.6700000762939453,2.375,2.6575000286102295,244088,0.0,0.0
2026-04-17 00:00:00-04:00,2.450000047683716,2.8475000858306885,2.450000047683716,2.7925000190734863,219484,0.0,0.0
2026-04-20 00:00:00-04:00,2.694999933242798,3.2699999809265137,2.694999933242798,3.1024999618530273,186992,0.0,0.0
2026-04-21 00:00:00-04:00,3.125,3.125,2.6424999237060547,2.827500104904175,70668,0.0,0.0
2026-04-22 00:00:00-04:00,2.825000047683716,2.875,2.625,2.875,110584,0.0,0.0
2026-04-23 00:00:00-04:00,2.862499952316284,3.075000047683716,2.7674999237060547,2.9000000953674316,76080,0.0,0.0
2026-04-24 00:00:00-04:00,2.9749999046325684,2.9749999046325684,2.632499933242798,2.747499942779541,36444,0.0,0.0
2026-04-27 00:00:00-04:00,2.692500114440918,2.737499952316284,2.5799999237060547,2.5875000953674316,45516,0.0,0.0
2026-04-28 00:00:00-04:00,2.5875000953674316,2.7174999713897705,2.5425000190734863,2.6500000953674316,33784,0.0,0.0
2026-04-29 00:00:00-04:00,2.6500000953674316,2.6500000953674316,2.380000114440918,2.5,32720,0.0,0.0
2026-04-30 00:00:00-04:00,2.4375,2.559999942779541,2.4375,2.5399999618530273,17252,0.0,0.0
2026-05-01 00:00:00-04:00,2.5250000953674316,2.7074999809265137,2.5250000953674316,2.5824999809265137,22196,0.0,0.0
2026-05-04 00:00:00-04:00,2.6524999141693115,2.6524999141693115,2.5250000953674316,2.575000047683716,5404,0.0,0.0
2026-05-05 00:00:00-04:00,2.575000047683716,2.6500000953674316,2.567500114440918,2.567500114440918,10160,0.0,0.0
2026-05-06 00:00:00-04:00,2.674999952316284,2.684999942779541,2.505000114440918,2.5250000953674316,12392,0.0,0.0
2026-05-07 00:00:00-04:00,2.5,2.572499990463257,2.322499990463257,2.325000047683716,17572,0.0,0.0
2026-05-08 00:00:00-04:00,2.325000047683716,2.325000047683716,2.137500047683716,2.2149999141693115,39764,0.0,0.0
2026-05-11 00:00:00-04:00,2.369999885559082,2.450000047683716,2.259999990463257,2.3524999618530273,27096,0.0,0.0
2026-05-12 00:00:00-04:00,2.424999952316284,2.424999952316284,2.252500057220459,2.262500047683716,26128,0.0,0.0
2026-05-13 00:00:00-04:00,2.25,2.375,2.25,2.325000047683716,18988,0.0,0.0
2026-05-14 00:00:00-04:00,1.975000023841858,2.0,1.627500057220459,1.8274999856948853,137228,0.0,0.0
2026-05-15 00:00:00-04:00,1.7999999523162842,1.850000023841858,1.587499976158142,1.7000000476837158,142556,0.0,0.0
2026-05-18 00:00:00-04:00,1.6100000143051147,2.3499999046325684,1.5556999444961548,2.049999952316284,299800,0.0,0.04
2026-05-19 00:00:00-04:00,1.9800000190734863,2.0699000358581543,1.8600000143051147,2.005000114440918,167000,0.0,0.0
2026-05-20 00:00:00-04:00,1.940000057220459,2.0199999809265137,1.7599999904632568,1.7599999904632568,69000,0.0,0.0
2026-05-21 00:00:00-04:00,1.7200000286102295,1.7899999618530273,1.6699999570846558,1.7300000190734863,25500,0.0,0.0
2026-05-22 00:00:00-04:00,1.7000000476837158,1.8450000286102295,1.7000000476837158,1.7599999904632568,55300,0.0,0.0
2026-05-26 00:00:00-04:00,1.8049999475479126,1.9558000564575195,1.7000000476837158,1.7400000095367432,91000,0.0,0.0
2026-05-27 00:00:00-04:00,1.7200000286102295,1.7200000286102295,1.600000023841858,1.6200000047683716,37300,0.0,0.0
2026-05-28 00:00:00-04:00,1.6699999570846558,1.7405999898910522,1.659999966621399,1.7000000476837158,11800,0.0,0.0
2026-05-29 00:00:00-04:00,1.7100000381469727,1.9366999864578247,1.7100000381469727,1.8200000524520874,68400,0.0,0.0
2026-06-01 00:00:00-04:00,1.7799999713897705,1.9800000190734863,1.659999966621399,1.809999942779541,25600,0.0,0.0
2026-06-02 00:00:00-04:00,1.7757999897003174,1.809999942779541,1.7300000190734863,1.7699999809265137,15500,0.0,0.0
2026-06-03 00:00:00-04:00,1.75,1.8799999952316284,1.6200000047683716,1.6349999904632568,14900,0.0,0.0
2026-06-04 00:00:00-04:00,1.809999942779541,1.840000033378601,1.6399999856948853,1.659999966621399,31400,0.0,0.0
2026-06-05 00:00:00-04:00,1.6511000394821167,1.6964999437332153,1.4500000476837158,1.4500000476837158,26400,0.0,0.0
2026-06-08 00:00:00-04:00,1.4900000095367432,1.5,1.309999942779541,1.3700000047683716,29000,0.0,0.0
2026-06-09 00:00:00-04:00,1.3799999952316284,1.4500000476837158,1.3799999952316284,1.3799999952316284,34400,0.0,0.0
2026-06-10 00:00:00-04:00,1.3799999952316284,1.465000033378601,1.2999999523162842,1.350000023841858,20900,0.0,0.0
2026-06-11 00:00:00-04:00,3.2100000381469727,6.789999961853027,2.4100000858306885,2.430000066757202,174627200,0.0,0.0
2026-06-12 00:00:00-04:00,2.0,2.390000104904175,1.8300000429153442,2.2699999809265137,1855300,0.0,0.0
2026-06-15 00:00:00-04:00,2.0,2.390000104904175,1.9200999736785889,2.1500000953674316,814700,0.0,0.0
2026-06-16 00:00:00-04:00,2.180000066757202,2.180000066757202,1.6800999641418457,1.9299999475479126,732000,0.0,0.0
2026-06-17 00:00:00-04:00,1.7899999618530273,1.8799999952316284,1.6699999570846558,1.7100000381469727,206399,0.0,0.0
