Date,Open,High,Low,Close,Volume,Dividends,Stock Splits
2022-01-03 00:00:00-05:00,230.6300048828125,238.35499572753906,224.8699951171875,233.19000244140625,4095600,0.0,0.0
2022-01-04 00:00:00-05:00,233.5,234.25999450683594,215.5800018310547,222.8300018310547,4064500,0.0,0.0
2022-01-05 00:00:00-05:00,213.3300018310547,216.24000549316406,195.9199981689453,196.7100067138672,7863000,0.0,0.0
2022-01-06 00:00:00-05:00,198.82400512695312,203.5800018310547,190.0,193.8300018310547,5571500,0.0,0.0
2022-01-07 00:00:00-05:00,189.4600067138672,189.4600067138672,178.61000061035156,180.41000366210938,9217000,0.0,0.0
2022-01-10 00:00:00-05:00,177.0399932861328,183.72000122070312,173.55999755859375,182.9600067138672,5849800,0.0,0.0
2022-01-11 00:00:00-05:00,180.64599609375,189.08999633789062,179.4499969482422,185.6999969482422,3779300,0.0,0.0
2022-01-12 00:00:00-05:00,188.27000427246094,190.5,176.6999969482422,177.44000244140625,5235700,0.0,0.0
2022-01-13 00:00:00-05:00,178.55999755859375,179.7100067138672,167.8209991455078,168.3000030517578,6312100,0.0,0.0
2022-01-14 00:00:00-05:00,166.2729949951172,170.39999389648438,159.75999450683594,167.47999572753906,6402200,0.0,0.0
2022-01-18 00:00:00-05:00,166.1999969482422,172.25,162.0,166.8300018310547,5141800,0.0,0.0
2022-01-19 00:00:00-05:00,166.7270050048828,172.72000122070312,162.30999755859375,166.49000549316406,4133500,0.0,0.0
2022-01-20 00:00:00-05:00,170.3000030517578,179.67999267578125,167.02999877929688,167.36000061035156,7804000,0.0,0.0
2022-01-21 00:00:00-05:00,160.0,163.5,151.52999877929688,152.1300048828125,8167300,0.0,0.0
2022-01-24 00:00:00-05:00,148.4499969482422,157.52000427246094,139.468994140625,157.32000732421875,9857000,0.0,0.0
2022-01-25 00:00:00-05:00,153.5,158.13999938964844,147.83999633789062,152.19000244140625,4495700,0.0,0.0
2022-01-26 00:00:00-05:00,156.95700073242188,160.1999969482422,146.26300048828125,147.72000122070312,6742500,0.0,0.0
2022-01-27 00:00:00-05:00,151.8300018310547,156.41000366210938,146.9600067138672,147.82000732421875,4861900,0.0,0.0
2022-01-28 00:00:00-05:00,148.08999633789062,152.25999450683594,142.0330047607422,151.22999572753906,4316900,0.0,0.0
2022-01-31 00:00:00-05:00,153.47999572753906,164.30999755859375,153.11000061035156,164.0500030517578,4636500,0.0,0.0
2022-02-01 00:00:00-05:00,168.7469940185547,168.7469940185547,160.1300048828125,166.25999450683594,3902400,0.0,0.0
2022-02-02 00:00:00-05:00,166.9600067138672,166.97000122070312,155.63999938964844,156.89999389648438,3229000,0.0,0.0
2022-02-03 00:00:00-05:00,152.10000610351562,155.60000610351562,145.17999267578125,145.27999877929688,4514200,0.0,0.0
2022-02-04 00:00:00-05:00,147.74099731445312,161.2100067138672,146.96099853515625,158.72999572753906,5573400,0.0,0.0
2022-02-07 00:00:00-05:00,157.57000732421875,163.2100067138672,154.52000427246094,155.77000427246094,3369200,0.0,0.0
2022-02-08 00:00:00-05:00,154.1999969482422,157.60000610351562,152.5,155.86000061035156,2876600,0.0,0.0
2022-02-09 00:00:00-05:00,158.24000549316406,165.5,157.4499969482422,164.9600067138672,3966700,0.0,0.0
2022-02-10 00:00:00-05:00,166.32000732421875,177.9600067138672,163.30999755859375,165.64999389648438,7814700,0.0,0.0
2022-02-11 00:00:00-05:00,165.0,171.6999969482422,161.66000366210938,163.94000244140625,5120300,0.0,0.0
2022-02-14 00:00:00-05:00,164.46200561523438,167.5399932861328,158.802001953125,159.02000427246094,3896600,0.0,0.0
2022-02-15 00:00:00-05:00,162.64999389648438,168.59500122070312,156.69000244140625,168.14999389648438,3678000,0.0,0.0
2022-02-16 00:00:00-05:00,164.0,165.83999633789062,158.8000030517578,161.4499969482422,3710200,0.0,0.0
2022-02-17 00:00:00-05:00,159.2899932861328,161.55999755859375,143.0,144.7100067138672,18598700,0.0,0.0
2022-02-18 00:00:00-05:00,106.11000061035156,116.0,102.5999984741211,112.45999908447266,66585200,0.0,0.0
2022-02-22 00:00:00-05:00,113.11000061035156,128.16000366210938,112.01000213623047,121.97000122070312,47017400,0.0,0.0
2022-02-23 00:00:00-05:00,122.0,122.88999938964844,117.78099822998047,118.3499984741211,14294200,0.0,0.0
2022-02-24 00:00:00-05:00,112.66000366210938,135.89999389648438,112.48999786376953,135.10000610351562,16948300,0.0,0.0
2022-02-25 00:00:00-05:00,134.74000549316406,139.81500244140625,131.3000030517578,139.61000061035156,8167500,0.0,0.0
2022-02-28 00:00:00-05:00,138.22500610351562,141.92999267578125,136.5,139.52999877929688,9000800,0.0,0.0
2022-03-01 00:00:00-05:00,139.02999877929688,141.5,135.19000244140625,136.6199951171875,5700800,0.0,0.0
2022-03-02 00:00:00-05:00,137.10000610351562,137.22000122070312,125.66000366210938,132.64999389648438,7599800,0.0,0.0
2022-03-03 00:00:00-05:00,131.1199951171875,135.8800048828125,126.63800048828125,127.8499984741211,4403300,0.0,0.0
2022-03-04 00:00:00-05:00,127.5,129.6699981689453,120.28099822998047,121.5,5264100,0.0,0.0
2022-03-07 00:00:00-05:00,123.48999786376953,125.27999877929688,112.16000366210938,112.44999694824219,5615600,0.0,0.0
2022-03-08 00:00:00-05:00,111.69999694824219,117.79000091552734,104.62999725341797,113.45999908447266,6965900,0.0,0.0
2022-03-09 00:00:00-05:00,116.56999969482422,120.41999816894531,115.68000030517578,117.55000305175781,4568700,0.0,0.0
2022-03-10 00:00:00-05:00,116.91999816894531,116.91999816894531,107.5199966430664,110.8499984741211,5586800,0.0,0.0
2022-03-11 00:00:00-05:00,112.69999694824219,112.87000274658203,103.66999816894531,103.8499984741211,5297700,0.0,0.0
2022-03-14 00:00:00-04:00,102.30999755859375,105.83999633789062,99.23999786376953,100.69000244140625,4783800,0.0,0.0
2022-03-15 00:00:00-04:00,100.01000213623047,104.44000244140625,97.91000366210938,101.83000183105469,7157300,0.0,0.0
2022-03-16 00:00:00-04:00,104.5,115.05000305175781,103.94000244140625,114.91000366210938,7994800,0.0,0.0
2022-03-17 00:00:00-04:00,112.69000244140625,119.95999908447266,111.41000366210938,119.87999725341797,5000200,0.0,0.0
2022-03-18 00:00:00-04:00,119.0,126.27999877929688,117.5,124.8499984741211,5484800,0.0,0.0
2022-03-21 00:00:00-04:00,123.80000305175781,124.69000244140625,117.62000274658203,120.51000213623047,3783500,0.0,0.0
2022-03-22 00:00:00-04:00,119.56999969482422,127.7300033569336,118.27999877929688,125.54000091552734,4447300,0.0,0.0
2022-03-23 00:00:00-04:00,124.25,130.89999389648438,122.5,125.33999633789062,4031500,0.0,0.0
2022-03-24 00:00:00-04:00,126.0199966430664,127.41500091552734,121.0,127.33000183105469,4062700,0.0,0.0
2022-03-25 00:00:00-04:00,126.91000366210938,127.04000091552734,118.7300033569336,123.75,5010200,0.0,0.0
2022-03-28 00:00:00-04:00,124.69999694824219,129.85000610351562,122.44000244140625,128.36000061035156,4269600,0.0,0.0
2022-03-29 00:00:00-04:00,131.08999633789062,139.5800018310547,129.25,137.55999755859375,5956700,0.0,0.0
2022-03-30 00:00:00-04:00,135.16000366210938,136.68699645996094,128.1999969482422,129.9499969482422,5802800,0.0,0.0
2022-03-31 00:00:00-04:00,131.77000427246094,131.97999572753906,125.13999938964844,125.2699966430664,3915600,0.0,0.0
2022-04-01 00:00:00-04:00,126.5,128.52999877929688,122.91999816894531,125.55999755859375,4020800,0.0,0.0
2022-04-04 00:00:00-04:00,128.97999572753906,135.99000549316406,128.22000122070312,134.58999633789062,7547500,0.0,0.0
2022-04-05 00:00:00-04:00,133.35000610351562,134.10000610351562,125.43000030517578,127.37000274658203,5036500,0.0,0.0
2022-04-06 00:00:00-04:00,124.5,125.37000274658203,115.0,119.33000183105469,6371000,0.0,0.0
2022-04-07 00:00:00-04:00,119.48999786376953,121.9800033569336,112.58999633789062,117.16999816894531,4617100,0.0,0.0
2022-04-08 00:00:00-04:00,116.2300033569336,118.6500015258789,113.5,114.73999786376953,3774800,0.0,0.0
2022-04-11 00:00:00-04:00,112.70999908447266,117.43000030517578,109.81999969482422,115.44999694824219,3953700,0.0,0.0
2022-04-12 00:00:00-04:00,117.2300033569336,120.23999786376953,113.55999755859375,113.58000183105469,3709100,0.0,0.0
2022-04-13 00:00:00-04:00,113.2750015258789,117.61000061035156,111.66999816894531,116.4800033569336,2881600,0.0,0.0
2022-04-14 00:00:00-04:00,116.55000305175781,116.55000305175781,111.19999694824219,111.36000061035156,2744900,0.0,0.0
2022-04-18 00:00:00-04:00,110.69999694824219,111.18000030517578,105.56999969482422,107.91000366210938,3562500,0.0,0.0
2022-04-19 00:00:00-04:00,109.5,118.29000091552734,108.48400115966797,116.77999877929688,6657800,0.0,0.0
2022-04-20 00:00:00-04:00,108.19999694824219,114.0,106.37000274658203,109.56999969482422,9896700,0.0,0.0
2022-04-21 00:00:00-04:00,110.4000015258789,112.12000274658203,98.4209976196289,99.55000305175781,7198400,0.0,0.0
2022-04-22 00:00:00-04:00,100.88999938964844,103.25,95.2300033569336,97.08999633789062,5627600,0.0,0.0
2022-04-25 00:00:00-04:00,96.3499984741211,101.9000015258789,95.68000030517578,101.41000366210938,5868700,0.0,0.0
2022-04-26 00:00:00-04:00,99.05999755859375,99.55500030517578,91.26000213623047,91.76000213623047,6897600,0.0,0.0
2022-04-27 00:00:00-04:00,87.93000030517578,91.4800033569336,84.29000091552734,84.76000213623047,8733600,0.0,0.0
2022-04-28 00:00:00-04:00,86.0999984741211,92.29000091552734,83.72000122070312,91.62999725341797,13081100,0.0,0.0
2022-04-29 00:00:00-04:00,96.83999633789062,101.29000091552734,92.70999908447266,92.9000015258789,17813700,0.0,0.0
2022-05-02 00:00:00-04:00,92.66999816894531,103.25,90.36000061035156,103.12999725341797,12622300,0.0,0.0
2022-05-03 00:00:00-04:00,102.0,106.73999786376953,100.43000030517578,103.94999694824219,10537700,0.0,0.0
2022-05-04 00:00:00-04:00,103.9000015258789,110.55999755859375,98.22000122070312,110.01000213623047,8472300,0.0,0.0
2022-05-05 00:00:00-04:00,108.18000030517578,108.80999755859375,100.56999969482422,102.44999694824219,5764200,0.0,0.0
2022-05-06 00:00:00-04:00,102.04000091552734,102.0999984741211,93.31999969482422,96.83000183105469,6877100,0.0,0.0
2022-05-09 00:00:00-04:00,94.37000274658203,96.91000366210938,86.17500305175781,87.7699966430664,7669700,0.0,0.0
2022-05-10 00:00:00-04:00,90.54499816894531,92.51000213623047,78.08999633789062,83.87000274658203,9081000,0.0,0.0
2022-05-11 00:00:00-04:00,82.72000122070312,86.38999938964844,78.0,78.72000122070312,6955100,0.0,0.0
2022-05-12 00:00:00-04:00,78.45999908447266,90.94999694824219,75.12000274658203,87.5,10725200,0.0,0.0
2022-05-13 00:00:00-04:00,89.7699966430664,98.5,89.7699966430664,97.83999633789062,8909800,0.0,0.0
2022-05-16 00:00:00-04:00,96.8499984741211,101.55000305175781,93.05999755859375,93.26000213623047,5848500,0.0,0.0
2022-05-17 00:00:00-04:00,97.0,98.0199966430664,91.26000213623047,97.66000366210938,4986100,0.0,0.0
2022-05-18 00:00:00-04:00,95.91999816894531,100.58000183105469,94.06400299072266,94.83999633789062,5511400,0.0,0.0
2022-05-19 00:00:00-04:00,94.75,99.11000061035156,92.19999694824219,96.87000274658203,4788000,0.0,0.0
2022-05-20 00:00:00-04:00,98.98999786376953,99.47000122070312,89.70999908447266,94.19999694824219,5131700,0.0,0.0
2022-05-23 00:00:00-04:00,95.3499984741211,95.3499984741211,87.87000274658203,91.7699966430664,5083300,0.0,0.0
2022-05-24 00:00:00-04:00,85.33000183105469,85.5,75.02999877929688,79.16000366210938,14688300,0.0,0.0
2022-05-25 00:00:00-04:00,79.9800033569336,85.37000274658203,79.9000015258789,84.79000091552734,6002000,0.0,0.0
2022-05-26 00:00:00-04:00,83.94000244140625,89.05999755859375,82.70999908447266,88.54000091552734,4914800,0.0,0.0
2022-05-27 00:00:00-04:00,92.09500122070312,96.76499938964844,90.93000030517578,96.47000122070312,7533500,0.0,0.0
2022-05-31 00:00:00-04:00,95.36000061035156,97.6500015258789,92.55000305175781,94.9000015258789,4933700,0.0,0.0
2022-06-01 00:00:00-04:00,95.02999877929688,97.68000030517578,89.72000122070312,90.7699966430664,4740900,0.0,0.0
2022-06-02 00:00:00-04:00,90.61000061035156,98.23999786376953,89.81999969482422,95.8499984741211,5315800,0.0,0.0
2022-06-03 00:00:00-04:00,92.55000305175781,93.72000122070312,86.77999877929688,87.27999877929688,6503800,0.0,0.0
2022-06-06 00:00:00-04:00,88.37000274658203,90.72000122070312,86.91200256347656,89.52999877929688,5241700,0.0,0.0
2022-06-07 00:00:00-04:00,87.91000366210938,93.58999633789062,85.91000366210938,93.41999816894531,4416600,0.0,0.0
2022-06-08 00:00:00-04:00,97.88999938964844,105.8499984741211,96.36000061035156,101.87999725341797,27746000,0.0,0.0
2022-06-09 00:00:00-04:00,100.33999633789062,100.73999786376953,92.27999877929688,92.37000274658203,9817200,0.0,0.0
2022-06-10 00:00:00-04:00,88.77999877929688,92.1500015258789,82.62000274658203,82.70999908447266,8734300,0.0,0.0
2022-06-13 00:00:00-04:00,78.73999786376953,80.26899719238281,72.83000183105469,73.25,7528400,0.0,0.0
2022-06-14 00:00:00-04:00,76.5,77.80000305175781,72.62999725341797,74.29000091552734,7285000,0.0,0.0
2022-06-15 00:00:00-04:00,74.30000305175781,84.80000305175781,74.30000305175781,83.0,14197200,0.0,0.0
2022-06-16 00:00:00-04:00,79.22000122070312,81.94000244140625,77.2300033569336,78.58000183105469,8109800,0.0,0.0
2022-06-17 00:00:00-04:00,80.93000030517578,82.87999725341797,77.5199966430664,82.41999816894531,10714700,0.0,0.0
2022-06-21 00:00:00-04:00,84.31999969482422,90.20999908447266,84.2699966430664,89.08000183105469,8400900,0.0,0.0
2022-06-22 00:00:00-04:00,86.50199890136719,95.06999969482422,86.50199890136719,91.19000244140625,10761000,0.0,0.0
2022-06-23 00:00:00-04:00,91.90499877929688,97.0,88.87000274658203,96.02999877929688,8268400,0.0,0.0
2022-06-24 00:00:00-04:00,96.5,100.58999633789062,95.6500015258789,98.7699966430664,9606800,0.0,0.0
2022-06-27 00:00:00-04:00,100.0,101.41500091552734,91.83000183105469,94.75,7535800,0.0,0.0
2022-06-28 00:00:00-04:00,93.5999984741211,96.48999786376953,88.3499984741211,89.08999633789062,5555100,0.0,0.0
2022-06-29 00:00:00-04:00,88.69999694824219,89.08999633789062,85.05000305175781,87.11000061035156,5545700,0.0,0.0
2022-06-30 00:00:00-04:00,86.26000213623047,86.58000183105469,80.62999725341797,82.13999938964844,6714100,0.0,0.0
2022-07-01 00:00:00-04:00,82.54000091552734,86.48999786376953,82.14099884033203,83.91000366210938,6160300,0.0,0.0
2022-07-05 00:00:00-04:00,82.30000305175781,92.12999725341797,79.66999816894531,92.05999755859375,9151700,0.0,0.0
2022-07-06 00:00:00-04:00,91.7030029296875,92.91999816894531,87.0999984741211,88.52999877929688,6310000,0.0,0.0
2022-07-07 00:00:00-04:00,87.86000061035156,93.58000183105469,87.5199966430664,93.48999786376953,4935500,0.0,0.0
2022-07-08 00:00:00-04:00,90.62999725341797,97.69999694824219,90.1500015258789,94.41000366210938,7754600,0.0,0.0
2022-07-11 00:00:00-04:00,93.20999908447266,93.33000183105469,85.43000030517578,85.86000061035156,6320500,0.0,0.0
2022-07-12 00:00:00-04:00,87.19000244140625,90.23999786376953,85.06099700927734,87.55999755859375,6187100,0.0,0.0
2022-07-13 00:00:00-04:00,84.8499984741211,89.87000274658203,84.04000091552734,87.0199966430664,5656900,0.0,0.0
2022-07-14 00:00:00-04:00,86.4000015258789,87.0,81.6500015258789,82.33999633789062,6370700,0.0,0.0
2022-07-15 00:00:00-04:00,83.4000015258789,86.69999694824219,81.76000213623047,85.7699966430664,5614300,0.0,0.0
2022-07-18 00:00:00-04:00,88.2300033569336,92.25,87.3499984741211,88.22000122070312,7723100,0.0,0.0
2022-07-19 00:00:00-04:00,90.05000305175781,90.38999938964844,83.06999969482422,89.87000274658203,9195100,0.0,0.0
2022-07-20 00:00:00-04:00,90.97000122070312,97.9000015258789,90.30999755859375,96.08000183105469,10095700,0.0,0.0
2022-07-21 00:00:00-04:00,95.01000213623047,97.93000030517578,94.5,97.52999877929688,6454000,0.0,0.0
2022-07-22 00:00:00-04:00,94.95999908447266,96.37999725341797,85.93000030517578,88.83999633789062,11309600,0.0,0.0
2022-07-25 00:00:00-04:00,88.31999969482422,89.81999969482422,85.9000015258789,86.70999908447266,5209400,0.0,0.0
2022-07-26 00:00:00-04:00,82.0,82.01000213623047,77.81999969482422,79.87000274658203,10666400,0.0,0.0
2022-07-27 00:00:00-04:00,82.94999694824219,88.03500366210938,81.72000122070312,86.91999816894531,7977000,0.0,0.0
2022-07-28 00:00:00-04:00,85.66000366210938,88.48999786376953,83.80999755859375,85.16999816894531,14719800,0.0,0.0
2022-07-29 00:00:00-04:00,66.0999984741211,66.45999908447266,62.0,65.5199966430664,46099700,0.0,0.0
2022-08-01 00:00:00-04:00,64.81999969482422,72.83999633789062,64.0,71.69000244140625,26508600,0.0,0.0
2022-08-02 00:00:00-04:00,70.20500183105469,78.29000091552734,70.0999984741211,75.70999908447266,22348900,0.0,0.0
2022-08-03 00:00:00-04:00,75.38999938964844,80.54000091552734,73.83999633789062,79.0,15706800,0.0,0.0
2022-08-04 00:00:00-04:00,78.87000274658203,85.05999755859375,78.69999694824219,81.27999877929688,13257100,0.0,0.0
2022-08-05 00:00:00-04:00,79.62999725341797,83.58999633789062,78.31999969482422,82.26000213623047,10196900,0.0,0.0
2022-08-08 00:00:00-04:00,80.0,86.48999786376953,79.11000061035156,83.5999984741211,12852200,0.0,0.0
2022-08-09 00:00:00-04:00,81.63999938964844,82.75499725341797,76.58000183105469,78.0999984741211,9903800,0.0,0.0
2022-08-10 00:00:00-04:00,80.19999694824219,81.6449966430664,76.93000030517578,81.08000183105469,12093400,0.0,0.0
2022-08-11 00:00:00-04:00,82.20999908447266,89.54000091552734,80.55999755859375,80.6500015258789,15853300,0.0,0.0
2022-08-12 00:00:00-04:00,82.6760025024414,84.58300018310547,79.91000366210938,83.80999755859375,11120300,0.0,0.0
2022-08-15 00:00:00-04:00,83.44000244140625,85.58000183105469,82.51000213623047,84.37999725341797,9070800,0.0,0.0
2022-08-16 00:00:00-04:00,83.55000305175781,86.3499984741211,80.43199920654297,84.12000274658203,9902200,0.0,0.0
2022-08-17 00:00:00-04:00,82.37000274658203,82.91200256347656,78.12999725341797,78.41999816894531,10912100,0.0,0.0
2022-08-18 00:00:00-04:00,78.37000274658203,79.05000305175781,76.66000366210938,77.91000366210938,8965300,0.0,0.0
2022-08-19 00:00:00-04:00,76.37000274658203,77.1449966430664,73.5199966430664,74.1500015258789,8318000,0.0,0.0
2022-08-22 00:00:00-04:00,72.4000015258789,73.25,70.38999938964844,70.98999786376953,6817400,0.0,0.0
2022-08-23 00:00:00-04:00,71.1500015258789,72.13999938964844,68.18000030517578,68.8499984741211,8370300,0.0,0.0
2022-08-24 00:00:00-04:00,69.0199966430664,70.91899871826172,68.70999908447266,69.01000213623047,6765200,0.0,0.0
2022-08-25 00:00:00-04:00,69.9000015258789,73.47000122070312,69.19999694824219,73.43000030517578,7353200,0.0,0.0
2022-08-26 00:00:00-04:00,73.29000091552734,74.30999755859375,68.20999908447266,68.31999969482422,8022400,0.0,0.0
2022-08-29 00:00:00-04:00,67.42500305175781,69.93000030517578,66.75,67.01000213623047,5510300,0.0,0.0
2022-08-30 00:00:00-04:00,68.56999969482422,69.75,66.36000061035156,67.01000213623047,6501400,0.0,0.0
2022-08-31 00:00:00-04:00,68.80000305175781,72.66999816894531,67.5999984741211,68.0,9306100,0.0,0.0
2022-09-01 00:00:00-04:00,67.02999877929688,68.36000061035156,64.2699966430664,68.30000305175781,8760500,0.0,0.0
2022-09-02 00:00:00-04:00,69.0,69.05999755859375,65.0999984741211,65.98999786376953,8114000,0.0,0.0
2022-09-06 00:00:00-04:00,65.9000015258789,65.94499969482422,62.150001525878906,63.72999954223633,8643700,0.0,0.0
2022-09-07 00:00:00-04:00,63.529998779296875,65.66000366210938,62.58000183105469,65.54000091552734,7654500,0.0,0.0
2022-09-08 00:00:00-04:00,65.01000213623047,69.33000183105469,63.86000061035156,69.2699966430664,8519500,0.0,0.0
2022-09-09 00:00:00-04:00,70.1500015258789,71.98999786376953,70.0999984741211,71.55000305175781,6968200,0.0,0.0
2022-09-12 00:00:00-04:00,72.0,73.4800033569336,71.01100158691406,72.01000213623047,6435900,0.0,0.0
2022-09-13 00:00:00-04:00,68.80000305175781,69.08999633789062,66.87999725341797,68.05000305175781,7721600,0.0,0.0
2022-09-14 00:00:00-04:00,68.01000213623047,68.97000122070312,66.0999984741211,68.3499984741211,7294900,0.0,0.0
2022-09-15 00:00:00-04:00,67.58000183105469,74.9800033569336,67.3499984741211,73.80999755859375,18253100,0.0,0.0
2022-09-16 00:00:00-04:00,72.05999755859375,73.4800033569336,70.69999694824219,71.3499984741211,10274000,0.0,0.0
2022-09-19 00:00:00-04:00,71.44000244140625,73.25,70.16000366210938,73.0199966430664,7100900,0.0,0.0
2022-09-20 00:00:00-04:00,71.68000030517578,73.77999877929688,68.29000091552734,68.4000015258789,8448600,0.0,0.0
2022-09-21 00:00:00-04:00,68.58000183105469,69.79000091552734,65.52999877929688,65.625,8653500,0.0,0.0
2022-09-22 00:00:00-04:00,65.44000244140625,66.25,60.7400016784668,60.88999938964844,8705200,0.0,0.0
2022-09-23 00:00:00-04:00,60.189998626708984,62.619998931884766,58.599998474121094,59.880001068115234,10192500,0.0,0.0
2022-09-26 00:00:00-04:00,59.880001068115234,62.16999816894531,58.16999816894531,58.18000030517578,7166100,0.0,0.0
2022-09-27 00:00:00-04:00,59.95000076293945,60.849998474121094,57.75,58.88999938964844,8125200,0.0,0.0
2022-09-28 00:00:00-04:00,59.470001220703125,61.529998779296875,59.02000045776367,61.11000061035156,7723900,0.0,0.0
2022-09-29 00:00:00-04:00,59.540000915527344,60.0,55.16999816894531,56.779998779296875,10520500,0.0,0.0
2022-09-30 00:00:00-04:00,56.56999969482422,59.15999984741211,55.95000076293945,56.400001525878906,7878400,0.0,0.0
2022-10-03 00:00:00-04:00,57.06999969482422,59.880001068115234,55.68299865722656,59.560001373291016,9122900,0.0,0.0
2022-10-04 00:00:00-04:00,61.04999923706055,63.29999923706055,61.0,62.400001525878906,7398700,0.0,0.0
2022-10-05 00:00:00-04:00,60.630001068115234,60.92499923706055,57.650001525878906,59.70000076293945,8719900,0.0,0.0
2022-10-06 00:00:00-04:00,60.29999923706055,62.43000030517578,58.650001525878906,59.38999938964844,7885900,0.0,0.0
2022-10-07 00:00:00-04:00,57.79999923706055,57.96699905395508,54.79999923706055,55.08000183105469,8564000,0.0,0.0
2022-10-10 00:00:00-04:00,54.91999816894531,55.41999816894531,53.04499816894531,53.61000061035156,6114900,0.0,0.0
2022-10-11 00:00:00-04:00,53.06999969482422,53.349998474121094,50.762001037597656,51.70000076293945,7799100,0.0,0.0
2022-10-12 00:00:00-04:00,51.880001068115234,53.13999938964844,49.69499969482422,53.060001373291016,11037700,0.0,0.0
2022-10-13 00:00:00-04:00,50.31999969482422,52.849998474121094,48.53499984741211,51.939998626708984,11481500,0.0,0.0
2022-10-14 00:00:00-04:00,53.04999923706055,53.91999816894531,49.08000183105469,49.279998779296875,8361300,0.0,0.0
2022-10-17 00:00:00-04:00,51.47999954223633,53.599998474121094,50.689998626708984,52.560001373291016,9558900,0.0,0.0
2022-10-18 00:00:00-04:00,54.7400016784668,55.2400016784668,52.029998779296875,53.22999954223633,9162300,0.0,0.0
2022-10-19 00:00:00-04:00,53.79999923706055,54.26599884033203,50.880001068115234,51.099998474121094,10475100,0.0,0.0
2022-10-20 00:00:00-04:00,50.849998474121094,53.56999969482422,50.720001220703125,51.880001068115234,7518300,0.0,0.0
2022-10-21 00:00:00-04:00,50.459999084472656,50.65999984741211,48.45000076293945,50.150001525878906,10201700,0.0,0.0
2022-10-24 00:00:00-04:00,49.61000061035156,51.290000915527344,47.27000045776367,50.619998931884766,9483200,0.0,0.0
2022-10-25 00:00:00-04:00,51.0,55.45000076293945,50.880001068115234,55.34000015258789,7748700,0.0,0.0
2022-10-26 00:00:00-04:00,53.95000076293945,56.31999969482422,52.560001373291016,52.599998474121094,8036400,0.0,0.0
2022-10-27 00:00:00-04:00,52.90999984741211,53.57899856567383,51.41999816894531,52.27000045776367,4992500,0.0,0.0
2022-10-28 00:00:00-04:00,51.75,54.67499923706055,51.31999969482422,54.54999923706055,6374500,0.0,0.0
2022-10-31 00:00:00-04:00,56.0099983215332,57.25,53.84000015258789,55.540000915527344,7712700,0.0,0.0
2022-11-01 00:00:00-04:00,57.709999084472656,59.119998931884766,56.11000061035156,56.790000915527344,6446200,0.0,0.0
2022-11-02 00:00:00-04:00,56.279998779296875,58.290000915527344,54.13999938964844,54.31999969482422,15329500,0.0,0.0
2022-11-03 00:00:00-04:00,44.744998931884766,53.810001373291016,44.5,51.84000015258789,55794400,0.0,0.0
2022-11-04 00:00:00-04:00,53.400001525878906,53.599998474121094,47.439998626708984,49.59000015258789,17195000,0.0,0.0
2022-11-07 00:00:00-05:00,50.31999969482422,50.900001525878906,48.27000045776367,50.369998931884766,7057900,0.0,0.0
2022-11-08 00:00:00-05:00,50.5099983215332,52.88999938964844,49.34000015258789,51.13999938964844,8123300,0.0,0.0
2022-11-09 00:00:00-05:00,50.34000015258789,50.5,47.310001373291016,48.11000061035156,6692600,0.0,0.0
2022-11-10 00:00:00-05:00,52.040000915527344,55.56999969482422,50.86000061035156,55.5099983215332,9929300,0.0,0.0
2022-11-11 00:00:00-05:00,53.290000915527344,61.939998626708984,52.90999984741211,61.29999923706055,12304500,0.0,0.0
2022-11-14 00:00:00-05:00,60.40999984741211,61.349998474121094,58.400001525878906,58.529998779296875,7430100,0.0,0.0
2022-11-15 00:00:00-05:00,61.27000045776367,61.9900016784668,58.08000183105469,59.06999969482422,6846300,0.0,0.0
2022-11-16 00:00:00-05:00,58.08000183105469,58.279998779296875,55.470001220703125,56.880001068115234,5636800,0.0,0.0
2022-11-17 00:00:00-05:00,55.02000045776367,57.08000183105469,54.369998931884766,56.40999984741211,5043200,0.0,0.0
2022-11-18 00:00:00-05:00,57.7599983215332,57.792999267578125,54.91999816894531,55.650001525878906,3961500,0.0,0.0
2022-11-21 00:00:00-05:00,55.08000183105469,55.28499984741211,52.689998626708984,53.65999984741211,4533300,0.0,0.0
2022-11-22 00:00:00-05:00,53.27000045776367,54.470001220703125,52.42599868774414,54.36000061035156,3575200,0.0,0.0
2022-11-23 00:00:00-05:00,54.849998474121094,57.040000915527344,54.310001373291016,56.5099983215332,4273500,0.0,0.0
2022-11-25 00:00:00-05:00,56.11000061035156,56.41999816894531,55.16999816894531,56.08000183105469,1701700,0.0,0.0
2022-11-28 00:00:00-05:00,55.400001525878906,56.349998474121094,53.310001373291016,53.90999984741211,4283800,0.0,0.0
2022-11-29 00:00:00-05:00,51.404998779296875,55.45000076293945,51.125999450683594,54.18000030517578,14283000,0.0,0.0
2022-11-30 00:00:00-05:00,54.560001373291016,59.470001220703125,53.66999816894531,59.369998931884766,10260800,0.0,0.0
2022-12-01 00:00:00-05:00,59.15999984741211,60.5,57.81999969482422,59.779998779296875,5750800,0.0,0.0
2022-12-02 00:00:00-05:00,58.209999084472656,60.9900016784668,57.900001525878906,60.72999954223633,5065200,0.0,0.0
2022-12-05 00:00:00-05:00,60.52000045776367,61.334999084472656,55.77000045776367,56.41999816894531,5710400,0.0,0.0
2022-12-06 00:00:00-05:00,56.369998931884766,56.369998931884766,51.02000045776367,51.20000076293945,6695600,0.0,0.0
2022-12-07 00:00:00-05:00,50.77000045776367,52.18000030517578,49.650001525878906,51.220001220703125,6130400,0.0,0.0
2022-12-08 00:00:00-05:00,51.869998931884766,53.38999938964844,50.404998779296875,50.90999984741211,6330800,0.0,0.0
2022-12-09 00:00:00-05:00,50.959999084472656,53.7400016784668,50.29999923706055,51.7400016784668,6226100,0.0,0.0
2022-12-12 00:00:00-05:00,51.43000030517578,51.849998474121094,49.560001373291016,51.540000915527344,6376800,0.0,0.0
2022-12-13 00:00:00-05:00,54.77000045776367,58.68000030517578,52.16999816894531,52.529998779296875,10181100,0.0,0.0
2022-12-14 00:00:00-05:00,51.79999923706055,52.65999984741211,50.25,50.5,6093800,0.0,0.0
2022-12-15 00:00:00-05:00,48.959999084472656,49.630001068115234,46.36000061035156,46.58000183105469,7390200,0.0,0.0
2022-12-16 00:00:00-05:00,46.380001068115234,47.09000015258789,44.970001220703125,45.849998474121094,6484200,0.0,0.0
2022-12-19 00:00:00-05:00,45.54999923706055,46.029998779296875,43.470001220703125,44.5,6382200,0.0,0.0
2022-12-20 00:00:00-05:00,43.77000045776367,44.900001525878906,42.349998474121094,43.0,7314500,0.0,0.0
2022-12-21 00:00:00-05:00,43.400001525878906,44.03900146484375,42.41999816894531,42.95000076293945,5117100,0.0,0.0
2022-12-22 00:00:00-05:00,42.400001525878906,42.5,40.880001068115234,42.36000061035156,5116600,0.0,0.0
2022-12-23 00:00:00-05:00,41.97999954223633,42.38999938964844,40.83000183105469,41.349998474121094,4334900,0.0,0.0
2022-12-27 00:00:00-05:00,40.904998779296875,40.970001220703125,38.709999084472656,39.22999954223633,6119100,0.0,0.0
2022-12-28 00:00:00-05:00,39.16999816894531,39.88999938964844,38.2599983215332,38.79999923706055,4864500,0.0,0.0
2022-12-29 00:00:00-05:00,39.720001220703125,41.68000030517578,39.45000076293945,40.560001373291016,6089000,0.0,0.0
2022-12-30 00:00:00-05:00,39.58000183105469,40.7400016784668,39.04999923706055,40.70000076293945,5135000,0.0,0.0
2023-01-03 00:00:00-05:00,41.68000030517578,42.369998931884766,39.0,40.560001373291016,6203000,0.0,0.0
2023-01-04 00:00:00-05:00,41.43000030517578,43.279998779296875,39.84199905395508,42.349998474121094,8410300,0.0,0.0
2023-01-05 00:00:00-05:00,43.59000015258789,44.15999984741211,40.93000030517578,42.7599983215332,9568500,0.0,0.0
2023-01-06 00:00:00-05:00,42.4900016784668,44.459999084472656,41.29999923706055,43.599998474121094,7298600,0.0,0.0
2023-01-09 00:00:00-05:00,44.619998931884766,46.4900016784668,44.150001525878906,45.189998626708984,6636200,0.0,0.0
2023-01-10 00:00:00-05:00,44.93000030517578,47.31999969482422,44.79999923706055,47.119998931884766,4810200,0.0,0.0
2023-01-11 00:00:00-05:00,47.52000045776367,49.0,46.94499969482422,48.970001220703125,5238400,0.0,0.0
2023-01-12 00:00:00-05:00,48.099998474121094,49.404998779296875,46.310001373291016,49.150001525878906,8252700,0.0,0.0
2023-01-13 00:00:00-05:00,48.529998779296875,50.84000015258789,48.130001068115234,50.81999969482422,6694900,0.0,0.0
2023-01-17 00:00:00-05:00,50.11000061035156,51.220001220703125,49.11000061035156,51.029998779296875,4814400,0.0,0.0
2023-01-18 00:00:00-05:00,51.93000030517578,52.36000061035156,49.86000061035156,50.2400016784668,4502000,0.0,0.0
2023-01-19 00:00:00-05:00,49.099998474121094,50.3849983215332,48.77000045776367,49.939998626708984,4063200,0.0,0.0
2023-01-20 00:00:00-05:00,50.939998626708984,52.59000015258789,50.75,52.38999938964844,6857500,0.0,0.0
2023-01-23 00:00:00-05:00,52.72999954223633,55.38999938964844,52.040000915527344,54.63999938964844,6557500,0.0,0.0
2023-01-24 00:00:00-05:00,53.90999984741211,54.790000915527344,52.47999954223633,52.61000061035156,4855200,0.0,0.0
2023-01-25 00:00:00-05:00,50.36000061035156,53.29999923706055,49.459999084472656,52.150001525878906,12213400,0.0,0.0
2023-01-26 00:00:00-05:00,55.279998779296875,55.619998931884766,51.45000076293945,52.58000183105469,8305200,0.0,0.0
2023-01-27 00:00:00-05:00,52.244998931884766,56.77000045776367,51.95000076293945,56.040000915527344,8294000,0.0,0.0
2023-01-30 00:00:00-05:00,54.810001373291016,55.97100067138672,53.720001220703125,54.0,6754500,0.0,0.0
2023-01-31 00:00:00-05:00,54.650001525878906,58.36000061035156,54.400001525878906,57.5,11255000,0.0,0.0
2023-02-01 00:00:00-05:00,57.75,60.68000030517578,56.34000015258789,60.04999923706055,9855900,0.0,0.0
2023-02-02 00:00:00-05:00,62.65999984741211,66.86000061035156,62.65999984741211,65.47000122070312,10858100,0.0,0.0
2023-02-03 00:00:00-05:00,62.4119987487793,66.22000122070312,62.27000045776367,62.84000015258789,5947700,0.0,0.0
2023-02-06 00:00:00-05:00,61.369998931884766,63.31999969482422,60.81999969482422,62.209999084472656,4063500,0.0,0.0
2023-02-07 00:00:00-05:00,61.95000076293945,63.41999816894531,59.93000030517578,62.5,4809600,0.0,0.0
2023-02-08 00:00:00-05:00,61.25,62.15999984741211,58.709999084472656,59.099998474121094,5195400,0.0,0.0
2023-02-09 00:00:00-05:00,60.59000015258789,61.07699966430664,54.88999938964844,54.9900016784668,6597300,0.0,0.0
2023-02-10 00:00:00-05:00,54.29999923706055,57.599998474121094,54.02000045776367,54.900001525878906,6922600,0.0,0.0
2023-02-13 00:00:00-05:00,54.880001068115234,56.29999923706055,53.599998474121094,55.36000061035156,4020500,0.0,0.0
2023-02-14 00:00:00-05:00,54.400001525878906,56.959999084472656,53.630001068115234,56.63999938964844,5202100,0.0,0.0
2023-02-15 00:00:00-05:00,58.560001373291016,63.750999450683594,58.54999923706055,63.4900016784668,17825600,0.0,0.0
2023-02-16 00:00:00-05:00,69.12000274658203,76.62000274658203,68.11000061035156,70.56999969482422,43471700,0.0,0.0
2023-02-17 00:00:00-05:00,73.01000213623047,73.4800033569336,68.41999816894531,71.55999755859375,19891100,0.0,0.0
2023-02-21 00:00:00-05:00,69.33999633789062,70.94999694824219,64.76000213623047,65.62999725341797,11302200,0.0,0.0
2023-02-22 00:00:00-05:00,66.0999984741211,69.52999877929688,65.06999969482422,68.83999633789062,10008200,0.0,0.0
2023-02-23 00:00:00-05:00,69.6500015258789,69.9000015258789,64.66999816894531,66.79000091552734,8009100,0.0,0.0
2023-02-24 00:00:00-05:00,64.20999908447266,65.16999816894531,62.04999923706055,62.650001525878906,8071100,0.0,0.0
2023-02-27 00:00:00-05:00,63.29999923706055,63.400001525878906,60.11000061035156,62.349998474121094,9144300,0.0,0.0
2023-02-28 00:00:00-05:00,62.5,65.87000274658203,61.7599983215332,64.69000244140625,9219700,0.0,0.0
2023-03-01 00:00:00-05:00,63.83000183105469,64.8499984741211,62.349998474121094,63.63999938964844,5588200,0.0,0.0
2023-03-02 00:00:00-05:00,61.900001525878906,64.18000030517578,61.13999938964844,64.02999877929688,5616700,0.0,0.0
2023-03-03 00:00:00-05:00,64.33999633789062,66.12000274658203,63.55099868774414,65.62000274658203,5544000,0.0,0.0
2023-03-06 00:00:00-05:00,66.30999755859375,67.88999938964844,63.54999923706055,63.63999938964844,7150100,0.0,0.0
2023-03-07 00:00:00-05:00,63.65999984741211,65.08999633789062,62.369998931884766,62.400001525878906,5395700,0.0,0.0
2023-03-08 00:00:00-05:00,62.2400016784668,63.38999938964844,59.79999923706055,63.2400016784668,6676800,0.0,0.0
2023-03-09 00:00:00-05:00,64.25,66.41999816894531,60.2599983215332,60.52000045776367,8541200,0.0,0.0
2023-03-10 00:00:00-05:00,60.13999938964844,61.83000183105469,58.15999984741211,59.9900016784668,8647400,0.0,0.0
2023-03-13 00:00:00-04:00,57.810001373291016,61.04999923706055,54.5,59.540000915527344,13179200,0.0,0.0
2023-03-14 00:00:00-04:00,61.775001525878906,62.97999954223633,60.709999084472656,61.709999084472656,6349600,0.0,0.0
2023-03-15 00:00:00-04:00,60.56999969482422,62.66999816894531,59.29999923706055,62.34000015258789,6474300,0.0,0.0
2023-03-16 00:00:00-04:00,62.61000061035156,65.37999725341797,61.369998931884766,65.18000030517578,6358900,0.0,0.0
2023-03-17 00:00:00-04:00,65.19999694824219,65.4800033569336,62.560001373291016,64.23999786376953,7714500,0.0,0.0
2023-03-20 00:00:00-04:00,63.849998474121094,64.0,60.487998962402344,61.81999969482422,7906800,0.0,0.0
2023-03-21 00:00:00-04:00,62.41999816894531,66.16999816894531,61.95000076293945,65.91000366210938,6536400,0.0,0.0
2023-03-22 00:00:00-04:00,66.19000244140625,66.79000091552734,62.849998474121094,62.939998626708984,6378200,0.0,0.0
2023-03-23 00:00:00-04:00,63.36000061035156,66.6709976196289,61.654998779296875,63.20000076293945,7411700,0.0,0.0
2023-03-24 00:00:00-04:00,62.33300018310547,63.439998626708984,59.68000030517578,60.0,8080500,0.0,0.0
2023-03-27 00:00:00-04:00,62.560001373291016,65.87999725341797,61.58000183105469,62.81999969482422,19271500,0.0,0.0
2023-03-28 00:00:00-04:00,62.54999923706055,63.310001373291016,60.400001525878906,60.599998474121094,6931700,0.0,0.0
2023-03-29 00:00:00-04:00,61.849998474121094,64.05000305175781,61.099998474121094,63.90999984741211,8241100,0.0,0.0
2023-03-30 00:00:00-04:00,65.87999725341797,66.97000122070312,60.2599983215332,61.619998931884766,18822200,0.0,0.0
2023-03-31 00:00:00-04:00,61.880001068115234,65.94000244140625,60.720001220703125,65.81999969482422,14688300,0.0,0.0
2023-04-03 00:00:00-04:00,64.93000030517578,65.75,62.61800003051758,65.70999908447266,8476100,0.0,0.0
2023-04-04 00:00:00-04:00,66.4000015258789,68.3499984741211,64.74199676513672,66.12000274658203,11526000,0.0,0.0
2023-04-05 00:00:00-04:00,65.0999984741211,65.38999938964844,61.119998931884766,61.27000045776367,9049600,0.0,0.0
2023-04-06 00:00:00-04:00,60.95000076293945,64.16999816894531,59.459999084472656,64.08000183105469,9170100,0.0,0.0
2023-04-10 00:00:00-04:00,63.040000915527344,64.44999694824219,61.790000915527344,64.31999969482422,7988400,0.0,0.0
2023-04-11 00:00:00-04:00,64.31999969482422,64.9800033569336,62.63999938964844,63.970001220703125,5914800,0.0,0.0
2023-04-12 00:00:00-04:00,65.47000122070312,65.47000122070312,60.41999816894531,60.470001220703125,9041800,0.0,0.0
2023-04-13 00:00:00-04:00,61.099998474121094,64.12000274658203,61.099998474121094,63.31999969482422,9412100,0.0,0.0
2023-04-14 00:00:00-04:00,63.130001068115234,63.459999084472656,60.939998626708984,61.720001220703125,6017300,0.0,0.0
2023-04-17 00:00:00-04:00,61.52000045776367,64.52999877929688,61.06999969482422,64.47000122070312,7952500,0.0,0.0
2023-04-18 00:00:00-04:00,64.7300033569336,65.0999984741211,63.18000030517578,64.83999633789062,6085100,0.0,0.0
2023-04-19 00:00:00-04:00,63.5,63.63999938964844,61.584999084472656,61.7400016784668,6907000,0.0,0.0
2023-04-20 00:00:00-04:00,61.0,61.558998107910156,58.849998474121094,58.91999816894531,8540100,0.0,0.0
2023-04-21 00:00:00-04:00,59.0,60.650001525878906,57.720001220703125,58.04999923706055,9124700,0.0,0.0
2023-04-24 00:00:00-04:00,58.25,60.150001525878906,57.459999084472656,59.060001373291016,8070000,0.0,0.0
2023-04-25 00:00:00-04:00,59.209999084472656,60.41999816894531,57.31999969482422,57.720001220703125,7424900,0.0,0.0
2023-04-26 00:00:00-04:00,58.65999984741211,59.599998474121094,56.27299880981445,56.560001373291016,12005600,0.0,0.0
2023-04-27 00:00:00-04:00,54.81999969482422,58.84000015258789,53.83000183105469,57.0099983215332,15582400,0.0,0.0
2023-04-28 00:00:00-04:00,56.630001068115234,57.040000915527344,54.79999923706055,56.209999084472656,8415000,0.0,0.0
2023-05-01 00:00:00-04:00,56.47999954223633,57.380001068115234,55.5099983215332,56.68000030517578,5579400,0.0,0.0
2023-05-02 00:00:00-04:00,56.29999923706055,56.459999084472656,54.97999954223633,55.349998474121094,6164900,0.0,0.0
2023-05-03 00:00:00-04:00,55.33000183105469,56.20000076293945,53.470001220703125,53.5099983215332,6965700,0.0,0.0
2023-05-04 00:00:00-04:00,53.06999969482422,53.595001220703125,52.11000061035156,52.790000915527344,4869500,0.0,0.0
2023-05-05 00:00:00-04:00,53.70000076293945,55.34000015258789,52.970001220703125,54.970001220703125,4771600,0.0,0.0
2023-05-08 00:00:00-04:00,54.959999084472656,56.29999923706055,54.02000045776367,55.709999084472656,4447300,0.0,0.0
2023-05-09 00:00:00-04:00,55.11899948120117,55.85100173950195,54.41999816894531,55.41999816894531,3523800,0.0,0.0
2023-05-10 00:00:00-04:00,56.86000061035156,57.709999084472656,55.380001068115234,55.93000030517578,4672000,0.0,0.0
2023-05-11 00:00:00-04:00,56.29999923706055,57.06999969482422,54.68000030517578,56.849998474121094,5217800,0.0,0.0
2023-05-12 00:00:00-04:00,57.0,57.0,52.91999816894531,53.72999954223633,7604800,0.0,0.0
2023-05-15 00:00:00-04:00,53.709999084472656,54.849998474121094,52.939998626708984,54.02000045776367,4724200,0.0,0.0
2023-05-16 00:00:00-04:00,53.439998626708984,53.59000015258789,52.099998474121094,52.22999954223633,5157900,0.0,0.0
2023-05-17 00:00:00-04:00,52.189998626708984,53.619998931884766,51.619998931884766,52.560001373291016,4440200,0.0,0.0
2023-05-18 00:00:00-04:00,52.70000076293945,54.599998474121094,51.75,53.810001373291016,5637800,0.0,0.0
2023-05-19 00:00:00-04:00,53.40999984741211,54.0,52.529998779296875,52.61000061035156,4505200,0.0,0.0
2023-05-22 00:00:00-04:00,52.529998779296875,56.650001525878906,52.29999923706055,56.619998931884766,6564200,0.0,0.0
2023-05-23 00:00:00-04:00,56.2599983215332,58.65999984741211,55.68000030517578,55.880001068115234,6992200,0.0,0.0
2023-05-24 00:00:00-04:00,55.34000015258789,58.34000015258789,55.119998931884766,58.18000030517578,7028300,0.0,0.0
2023-05-25 00:00:00-04:00,58.72999954223633,58.93000030517578,54.439998626708984,54.58000183105469,5792500,0.0,0.0
2023-05-26 00:00:00-04:00,54.36000061035156,56.448001861572266,53.9379997253418,56.04999923706055,3875000,0.0,0.0
2023-05-30 00:00:00-04:00,57.4900016784668,59.16999816894531,56.41999816894531,57.72999954223633,4142100,0.0,0.0
2023-05-31 00:00:00-04:00,57.0099983215332,58.310001373291016,56.29999923706055,58.20000076293945,4344700,0.0,0.0
2023-06-01 00:00:00-04:00,58.16999816894531,59.26900100708008,56.47999954223633,58.54999923706055,3971400,0.0,0.0
2023-06-02 00:00:00-04:00,60.0,60.95000076293945,58.849998474121094,60.13999938964844,5143200,0.0,0.0
2023-06-05 00:00:00-04:00,59.439998626708984,61.66999816894531,59.400001525878906,60.91999816894531,5053400,0.0,0.0
2023-06-06 00:00:00-04:00,60.130001068115234,63.61000061035156,60.02000045776367,62.97999954223633,6137700,0.0,0.0
2023-06-07 00:00:00-04:00,65.18000030517578,72.52200317382812,64.75,68.02999877929688,23389400,0.0,0.0
2023-06-08 00:00:00-04:00,68.77999877929688,70.97000122070312,68.0,69.0999984741211,10985200,0.0,0.0
2023-06-09 00:00:00-04:00,70.7249984741211,74.90899658203125,69.19999694824219,69.4800033569336,12511700,0.0,0.0
2023-06-12 00:00:00-04:00,69.86000061035156,72.2300033569336,69.27999877929688,71.69999694824219,5987500,0.0,0.0
2023-06-13 00:00:00-04:00,72.91999816894531,73.95999908447266,71.02999877929688,73.58999633789062,6815400,0.0,0.0
2023-06-14 00:00:00-04:00,73.47000122070312,75.44999694824219,72.05999755859375,73.37000274658203,7813500,0.0,0.0
2023-06-15 00:00:00-04:00,72.30000305175781,72.83999633789062,70.44999694824219,71.75,6649900,0.0,0.0
2023-06-16 00:00:00-04:00,72.4800033569336,72.9260025024414,69.44999694824219,70.69000244140625,5794400,0.0,0.0
2023-06-20 00:00:00-04:00,70.16999816894531,70.7699966430664,67.69999694824219,67.95999908447266,5747900,0.0,0.0
2023-06-21 00:00:00-04:00,67.88999938964844,68.4000015258789,64.29000091552734,64.5199966430664,6059100,0.0,0.0
2023-06-22 00:00:00-04:00,64.30000305175781,64.87000274658203,62.8489990234375,63.16999816894531,4907100,0.0,0.0
2023-06-23 00:00:00-04:00,62.400001525878906,63.43000030517578,60.61000061035156,62.56999969482422,7462300,0.0,0.0
2023-06-26 00:00:00-04:00,62.47999954223633,64.19499969482422,61.529998779296875,62.939998626708984,4676300,0.0,0.0
2023-06-27 00:00:00-04:00,63.29999923706055,64.33000183105469,62.22999954223633,63.5099983215332,4368300,0.0,0.0
2023-06-28 00:00:00-04:00,63.400001525878906,65.23999786376953,62.5099983215332,65.22000122070312,4376800,0.0,0.0
2023-06-29 00:00:00-04:00,64.5199966430664,65.47000122070312,62.65999984741211,63.0,5538700,0.0,0.0
2023-06-30 00:00:00-04:00,64.4800033569336,65.80999755859375,63.220001220703125,63.959999084472656,6248800,0.0,0.0
2023-07-03 00:00:00-04:00,64.19999694824219,67.86000061035156,64.19999694824219,65.33999633789062,4971800,0.0,0.0
2023-07-05 00:00:00-04:00,65.02999877929688,65.92500305175781,63.75,65.06999969482422,4848500,0.0,0.0
2023-07-06 00:00:00-04:00,63.810001373291016,63.970001220703125,60.54999923706055,61.599998474121094,5995700,0.0,0.0
2023-07-07 00:00:00-04:00,61.849998474121094,64.48999786376953,61.849998474121094,62.83000183105469,5379400,0.0,0.0
2023-07-10 00:00:00-04:00,63.029998779296875,67.93000030517578,62.4900016784668,67.87000274658203,8227300,0.0,0.0
2023-07-11 00:00:00-04:00,69.22000122070312,77.36000061035156,68.30000305175781,75.43000030517578,19693100,0.0,0.0
2023-07-12 00:00:00-04:00,78.02999877929688,79.38999938964844,75.66999816894531,76.31999969482422,11709200,0.0,0.0
2023-07-13 00:00:00-04:00,77.36000061035156,77.5,75.16000366210938,76.41000366210938,6031500,0.0,0.0
2023-07-14 00:00:00-04:00,76.72000122070312,78.86000061035156,73.5199966430664,74.0199966430664,7188200,0.0,0.0
2023-07-17 00:00:00-04:00,74.2699966430664,76.55000305175781,72.86000061035156,75.83999633789062,6039800,0.0,0.0
2023-07-18 00:00:00-04:00,75.44999694824219,77.19000244140625,74.94999694824219,75.6500015258789,5569200,0.0,0.0
2023-07-19 00:00:00-04:00,76.66000366210938,79.18499755859375,75.0199966430664,77.30000305175781,7467000,0.0,0.0
2023-07-20 00:00:00-04:00,75.3499984741211,75.76000213623047,72.66999816894531,73.58999633789062,7490100,0.0,0.0
2023-07-21 00:00:00-04:00,74.52999877929688,75.5,73.36000061035156,73.5,7194700,0.0,0.0
2023-07-24 00:00:00-04:00,73.61000061035156,74.2030029296875,71.61000061035156,71.86000061035156,4153800,0.0,0.0
2023-07-25 00:00:00-04:00,71.98999786376953,72.63999938964844,70.37999725341797,70.4000015258789,4927200,0.0,0.0
2023-07-26 00:00:00-04:00,70.30000305175781,72.98999786376953,70.0,71.47000122070312,5801900,0.0,0.0
2023-07-27 00:00:00-04:00,73.52999877929688,73.80000305175781,67.69999694824219,68.19000244140625,14177700,0.0,0.0
2023-07-28 00:00:00-04:00,74.97899627685547,89.70999908447266,74.87999725341797,89.61000061035156,61301800,0.0,0.0
2023-07-31 00:00:00-04:00,91.69999694824219,96.94999694824219,90.98999786376953,96.2699966430664,36249500,0.0,0.0
2023-08-01 00:00:00-04:00,95.51000213623047,98.44000244140625,93.79000091552734,97.48999786376953,17923400,0.0,0.0
2023-08-02 00:00:00-04:00,95.18000030517578,96.3499984741211,90.41000366210938,91.25,12217200,0.0,0.0
2023-08-03 00:00:00-04:00,88.88999938964844,91.25,87.9000015258789,88.47000122070312,9213100,0.0,0.0
2023-08-04 00:00:00-04:00,88.58999633789062,89.1500015258789,85.80999755859375,86.3499984741211,7831800,0.0,0.0
2023-08-07 00:00:00-04:00,86.9000015258789,88.55999755859375,85.27999877929688,88.4000015258789,6591800,0.0,0.0
2023-08-08 00:00:00-04:00,86.5,87.19999694824219,84.41000366210938,86.54000091552734,6004100,0.0,0.0
2023-08-09 00:00:00-04:00,87.12000274658203,87.47000122070312,81.5,81.63999938964844,6802400,0.0,0.0
2023-08-10 00:00:00-04:00,82.66999816894531,83.5,78.80000305175781,78.83000183105469,7163300,0.0,0.0
2023-08-11 00:00:00-04:00,78.27999877929688,80.25,77.90599822998047,79.26000213623047,5076900,0.0,0.0
2023-08-14 00:00:00-04:00,78.3499984741211,82.29000091552734,78.27999877929688,82.26000213623047,5496900,0.0,0.0
2023-08-15 00:00:00-04:00,81.5,84.44000244140625,80.2300033569336,82.69000244140625,7246600,0.0,0.0
2023-08-16 00:00:00-04:00,82.0199966430664,82.3499984741211,78.66000366210938,80.61000061035156,7040400,0.0,0.0
2023-08-17 00:00:00-04:00,80.83000183105469,81.0999984741211,77.12999725341797,77.2300033569336,6443000,0.0,0.0
2023-08-18 00:00:00-04:00,76.0,80.81999969482422,75.6500015258789,79.30000305175781,7288200,0.0,0.0
2023-08-21 00:00:00-04:00,79.0999984741211,79.98699951171875,77.3499984741211,78.19000244140625,4347400,0.0,0.0
2023-08-22 00:00:00-04:00,78.69999694824219,79.4800033569336,76.30000305175781,78.66000366210938,3706900,0.0,0.0
2023-08-23 00:00:00-04:00,78.5199966430664,80.86000061035156,77.80999755859375,80.2699966430664,4393800,0.0,0.0
2023-08-24 00:00:00-04:00,80.37999725341797,80.99800109863281,75.12000274658203,76.1500015258789,6365200,0.0,0.0
2023-08-25 00:00:00-04:00,75.81999969482422,77.9000015258789,75.41999816894531,76.94999694824219,3236900,0.0,0.0
2023-08-28 00:00:00-04:00,77.66999816894531,77.81999969482422,76.05000305175781,76.7300033569336,2777300,0.0,0.0
2023-08-29 00:00:00-04:00,76.7300033569336,80.30999755859375,76.18000030517578,80.25,4602100,0.0,0.0
2023-08-30 00:00:00-04:00,80.0,81.19000244140625,78.63999938964844,81.0199966430664,4484200,0.0,0.0
2023-08-31 00:00:00-04:00,81.3499984741211,82.47000122070312,80.0999984741211,81.19999694824219,4459100,0.0,0.0
2023-09-01 00:00:00-04:00,81.83000183105469,82.56999969482422,77.80000305175781,81.72000122070312,7170700,0.0,0.0
2023-09-05 00:00:00-04:00,80.58000183105469,84.16000366210938,80.5199966430664,83.7300033569336,6551100,0.0,0.0
2023-09-06 00:00:00-04:00,92.88999938964844,95.83999633789062,83.58999633789062,86.19000244140625,31718700,0.0,0.0
2023-09-07 00:00:00-04:00,84.62999725341797,86.95999908447266,83.04000091552734,83.62000274658203,10411000,0.0,0.0
2023-09-08 00:00:00-04:00,83.27999877929688,86.44999694824219,82.0999984741211,83.47000122070312,8513700,0.0,0.0
2023-09-11 00:00:00-04:00,84.58000183105469,88.41999816894531,83.5999984741211,84.25,8180800,0.0,0.0
2023-09-12 00:00:00-04:00,83.66000366210938,85.76799774169922,81.2300033569336,81.30000305175781,7552800,0.0,0.0
2023-09-13 00:00:00-04:00,81.27999877929688,81.69999694824219,78.22000122070312,78.44000244140625,5896700,0.0,0.0
2023-09-14 00:00:00-04:00,79.13999938964844,79.33000183105469,77.44999694824219,77.80000305175781,5151500,0.0,0.0
2023-09-15 00:00:00-04:00,77.69999694824219,78.20999908447266,75.68000030517578,76.26000213623047,4941100,0.0,0.0
2023-09-18 00:00:00-04:00,75.87999725341797,76.0199966430664,74.2699966430664,74.38999938964844,4815700,0.0,0.0
2023-09-19 00:00:00-04:00,74.08999633789062,74.6510009765625,71.95999908447266,73.80999755859375,6017000,0.0,0.0
2023-09-20 00:00:00-04:00,74.3499984741211,74.90499877929688,71.45999908447266,71.48999786376953,4165800,0.0,0.0
2023-09-21 00:00:00-04:00,70.01000213623047,73.33000183105469,70.0,71.62999725341797,7975600,0.0,0.0
2023-09-22 00:00:00-04:00,73.0,73.19999694824219,69.16999816894531,69.2699966430664,5881500,0.0,0.0
2023-09-25 00:00:00-04:00,68.86000061035156,71.5,68.16000366210938,68.55000305175781,4967100,0.0,0.0
2023-09-26 00:00:00-04:00,68.30999755859375,69.20800018310547,67.6500015258789,67.87000274658203,4249300,0.0,0.0
2023-09-27 00:00:00-04:00,68.2300033569336,69.30000305175781,67.01000213623047,67.63999938964844,3868500,0.0,0.0
2023-09-28 00:00:00-04:00,68.1500015258789,68.7699966430664,66.66000366210938,68.08000183105469,4473900,0.0,0.0
2023-09-29 00:00:00-04:00,69.62000274658203,70.93000030517578,68.48400115966797,70.58999633789062,6355800,0.0,0.0
2023-10-02 00:00:00-04:00,70.20999908447266,71.98999786376953,69.1500015258789,70.5,4179100,0.0,0.0
2023-10-03 00:00:00-04:00,69.5,71.27100372314453,68.19999694824219,68.6500015258789,4571300,0.0,0.0
2023-10-04 00:00:00-04:00,68.83999633789062,70.44999694824219,67.69999694824219,70.16999816894531,4608900,0.0,0.0
2023-10-05 00:00:00-04:00,69.51000213623047,70.54000091552734,67.77999877929688,70.04000091552734,4836600,0.0,0.0
2023-10-06 00:00:00-04:00,68.26000213623047,72.13999938964844,68.22000122070312,71.83000183105469,4698600,0.0,0.0
2023-10-09 00:00:00-04:00,70.69000244140625,72.04000091552734,69.34100341796875,71.72000122070312,3386000,0.0,0.0
2023-10-10 00:00:00-04:00,72.0,75.44999694824219,72.0,72.93000030517578,4817200,0.0,0.0
2023-10-11 00:00:00-04:00,72.9800033569336,73.88999938964844,71.20999908447266,71.36000061035156,4158100,0.0,0.0
2023-10-12 00:00:00-04:00,71.37999725341797,71.45999908447266,67.61000061035156,67.7699966430664,5520800,0.0,0.0
2023-10-13 00:00:00-04:00,67.33000183105469,67.98999786376953,65.33000183105469,66.06999969482422,4774800,0.0,0.0
2023-10-16 00:00:00-04:00,66.33999633789062,67.91999816894531,65.25399780273438,67.1500015258789,4419400,0.0,0.0
2023-10-17 00:00:00-04:00,66.08999633789062,68.88999938964844,66.05000305175781,68.43000030517578,4106700,0.0,0.0
2023-10-18 00:00:00-04:00,66.5999984741211,66.80000305175781,62.02000045776367,62.099998474121094,10581600,0.0,0.0
2023-10-19 00:00:00-04:00,64.05000305175781,64.80000305175781,62.119998931884766,62.47999954223633,6142700,0.0,0.0
2023-10-20 00:00:00-04:00,62.400001525878906,62.630001068115234,59.65999984741211,59.79999923706055,5242400,0.0,0.0
2023-10-23 00:00:00-04:00,59.58000183105469,62.03499984741211,58.900001525878906,61.18000030517578,6281200,0.0,0.0
2023-10-24 00:00:00-04:00,61.66999816894531,63.06999969482422,60.619998931884766,61.41999816894531,5607700,0.0,0.0
2023-10-25 00:00:00-04:00,62.75,64.23999786376953,58.154998779296875,58.5,6670900,0.0,0.0
2023-10-26 00:00:00-04:00,58.25,58.654998779296875,55.68000030517578,56.40999984741211,6329900,0.0,0.0
2023-10-27 00:00:00-04:00,56.880001068115234,57.459999084472656,56.00899887084961,56.349998474121094,3997200,0.0,0.0
2023-10-30 00:00:00-04:00,56.880001068115234,57.25,55.02000045776367,56.349998474121094,4378200,0.0,0.0
2023-10-31 00:00:00-04:00,57.27000045776367,59.689998626708984,56.459999084472656,59.56999969482422,7088200,0.0,0.0
2023-11-01 00:00:00-04:00,59.13999938964844,59.88999938964844,57.31999969482422,59.70000076293945,12571200,0.0,0.0
2023-11-02 00:00:00-04:00,70.86000061035156,79.12000274658203,69.18000030517578,78.05000305175781,40334800,0.0,0.0
2023-11-03 00:00:00-04:00,79.44999694824219,86.08999633789062,79.33999633789062,84.75,28115200,0.0,0.0
2023-11-06 00:00:00-05:00,84.22000122070312,85.43000030517578,80.91999816894531,83.30000305175781,13716600,0.0,0.0
2023-11-07 00:00:00-05:00,83.98999786376953,85.38099670410156,82.43000030517578,83.43000030517578,8421000,0.0,0.0
2023-11-08 00:00:00-05:00,83.44000244140625,83.5,80.66999816894531,82.83999633789062,6477000,0.0,0.0
2023-11-09 00:00:00-05:00,83.94999694824219,86.4000015258789,81.16999816894531,81.58000183105469,7504700,0.0,0.0
2023-11-10 00:00:00-05:00,80.54000091552734,82.83999633789062,79.33000183105469,81.30999755859375,6839900,0.0,0.0
2023-11-13 00:00:00-05:00,80.73999786376953,84.50700378417969,79.5,83.97000122070312,7326400,0.0,0.0
2023-11-14 00:00:00-05:00,87.5999984741211,88.77999877929688,86.81999969482422,88.0999984741211,6963400,0.0,0.0
2023-11-15 00:00:00-05:00,88.58999633789062,93.19999694824219,87.58999633789062,91.0999984741211,8351100,0.0,0.0
2023-11-16 00:00:00-05:00,90.13999938964844,90.30000305175781,87.91000366210938,89.5,4731000,0.0,0.0
2023-11-17 00:00:00-05:00,89.12999725341797,93.0,88.08000183105469,92.97000122070312,6481300,0.0,0.0
2023-11-20 00:00:00-05:00,92.9000015258789,96.4800033569336,92.69000244140625,94.98999786376953,5939200,0.0,0.0
2023-11-21 00:00:00-05:00,93.76000213623047,94.31999969482422,91.95999908447266,93.5999984741211,4615800,0.0,0.0
2023-11-22 00:00:00-05:00,94.30000305175781,95.61000061035156,92.55000305175781,94.77999877929688,3930800,0.0,0.0
2023-11-24 00:00:00-05:00,94.77999877929688,96.0,93.87000274658203,94.93000030517578,2380600,0.0,0.0
2023-11-27 00:00:00-05:00,95.94999694824219,103.56999969482422,95.80000305175781,102.9800033569336,16319100,0.0,0.0
2023-11-28 00:00:00-05:00,102.44000244140625,107.05999755859375,102.2300033569336,106.87000274658203,12162800,0.0,0.0
2023-11-29 00:00:00-05:00,107.66999816894531,108.39800262451172,105.6500015258789,106.75,7047900,0.0,0.0
2023-11-30 00:00:00-05:00,107.66999816894531,107.80999755859375,102.3499984741211,104.19999694824219,7669700,0.0,0.0
2023-12-01 00:00:00-05:00,103.58999633789062,105.55000305175781,102.70999908447266,103.54000091552734,6262600,0.0,0.0
2023-12-04 00:00:00-05:00,101.80000305175781,106.6500015258789,101.47000122070312,104.4800033569336,5267100,0.0,0.0
2023-12-05 00:00:00-05:00,103.3499984741211,105.69000244140625,102.62999725341797,105.19000244140625,3917900,0.0,0.0
2023-12-06 00:00:00-05:00,106.66000366210938,106.7300033569336,102.06999969482422,102.36000061035156,4281700,0.0,0.0
2023-12-07 00:00:00-05:00,102.5,103.70999908447266,100.58000183105469,100.68000030517578,3877000,0.0,0.0
2023-12-08 00:00:00-05:00,101.0,104.16000366210938,100.12000274658203,103.36000061035156,4001200,0.0,0.0
2023-12-11 00:00:00-05:00,103.36000061035156,103.80999755859375,101.52999877929688,102.97000122070312,3249200,0.0,0.0
2023-12-12 00:00:00-05:00,103.33999633789062,103.5999984741211,100.02999877929688,100.9800033569336,3589900,0.0,0.0
2023-12-13 00:00:00-05:00,100.87999725341797,102.91400146484375,96.29000091552734,101.68000030517578,7002000,0.0,0.0
2023-12-14 00:00:00-05:00,103.9800033569336,108.83999633789062,100.94999694824219,102.87999725341797,7486700,0.0,0.0
2023-12-15 00:00:00-05:00,100.0,100.18000030517578,95.53500366210938,95.93000030517578,9173700,0.0,0.0
2023-12-18 00:00:00-05:00,93.30000305175781,96.2760009765625,93.19000244140625,93.48999786376953,6680000,0.0,0.0
2023-12-19 00:00:00-05:00,94.30000305175781,96.4000015258789,93.7699966430664,94.41999816894531,4833300,0.0,0.0
2023-12-20 00:00:00-05:00,93.72000122070312,93.9800033569336,88.71199798583984,89.11000061035156,7732200,0.0,0.0
2023-12-21 00:00:00-05:00,90.7300033569336,92.08000183105469,89.51599884033203,92.04000091552734,5068500,0.0,0.0
2023-12-22 00:00:00-05:00,92.9000015258789,95.37000274658203,90.05000305175781,91.33999633789062,8522600,0.0,0.0
2023-12-26 00:00:00-05:00,91.6500015258789,95.39600372314453,91.16999816894531,94.9000015258789,5771700,0.0,0.0
2023-12-27 00:00:00-05:00,95.19999694824219,96.06999969482422,92.63999938964844,94.2300033569336,5462800,0.0,0.0
2023-12-28 00:00:00-05:00,93.62999725341797,95.0999984741211,93.11000061035156,94.0999984741211,3780100,0.0,0.0
2023-12-29 00:00:00-05:00,93.6500015258789,94.0,91.08999633789062,91.66000366210938,4057300,0.0,0.0
2024-01-02 00:00:00-05:00,90.55000305175781,90.66999816894531,88.12000274658203,89.0,4729900,0.0,0.0
2024-01-03 00:00:00-05:00,87.61000061035156,88.38999938964844,85.87000274658203,86.61000061035156,4499000,0.0,0.0
2024-01-04 00:00:00-05:00,86.79000091552734,89.79000091552734,85.70999908447266,87.91000366210938,5167400,0.0,0.0
2024-01-05 00:00:00-05:00,87.0,91.0199966430664,86.69000244140625,89.29000091552734,5178500,0.0,0.0
2024-01-08 00:00:00-05:00,89.86000061035156,94.9000015258789,89.86000061035156,93.94999694824219,7044700,0.0,0.0
2024-01-09 00:00:00-05:00,92.37999725341797,93.44999694824219,90.3550033569336,91.5999984741211,4711900,0.0,0.0
2024-01-10 00:00:00-05:00,91.58999633789062,91.63999938964844,88.4000015258789,89.69000244140625,5716900,0.0,0.0
2024-01-11 00:00:00-05:00,89.26000213623047,90.0,85.56999969482422,86.6500015258789,6816500,0.0,0.0
2024-01-12 00:00:00-05:00,86.44000244140625,87.3499984741211,85.25,86.05000305175781,4720300,0.0,0.0
2024-01-16 00:00:00-05:00,85.06999969482422,87.1500015258789,84.2300033569336,84.79000091552734,4592800,0.0,0.0
2024-01-17 00:00:00-05:00,83.2300033569336,84.04000091552734,81.80000305175781,84.01000213623047,4642000,0.0,0.0
2024-01-18 00:00:00-05:00,85.06999969482422,85.26000213623047,82.44999694824219,84.05999755859375,4361000,0.0,0.0
2024-01-19 00:00:00-05:00,85.7699966430664,87.0999984741211,83.60099792480469,87.06999969482422,5833800,0.0,0.0
2024-01-22 00:00:00-05:00,88.02999877929688,91.55999755859375,86.66500091552734,88.45999908447266,5885300,0.0,0.0
2024-01-23 00:00:00-05:00,89.94999694824219,90.98999786376953,88.55999755859375,90.97000122070312,5154400,0.0,0.0
2024-01-24 00:00:00-05:00,93.26000213623047,94.75800323486328,88.1719970703125,88.2300033569336,6665700,0.0,0.0
2024-01-25 00:00:00-05:00,89.11000061035156,90.95999908447266,87.94999694824219,88.83000183105469,4380200,0.0,0.0
2024-01-26 00:00:00-05:00,89.52999877929688,91.58499908447266,88.55000305175781,89.0,3280500,0.0,0.0
2024-01-29 00:00:00-05:00,89.16000366210938,93.33000183105469,89.0,93.2699966430664,4556000,0.0,0.0
2024-01-30 00:00:00-05:00,92.4000015258789,92.62000274658203,89.87000274658203,90.91999816894531,3722100,0.0,0.0
2024-01-31 00:00:00-05:00,90.0,92.26000213623047,88.02999877929688,88.05999755859375,4019100,0.0,0.0
2024-02-01 00:00:00-05:00,88.91000366210938,90.38999938964844,87.22100067138672,88.6500015258789,2883300,0.0,0.0
2024-02-02 00:00:00-05:00,89.05999755859375,91.20999908447266,87.9000015258789,91.02999877929688,3622100,0.0,0.0
2024-02-05 00:00:00-05:00,90.0,90.5199966430664,86.75399780273438,87.75,4352600,0.0,0.0
2024-02-06 00:00:00-05:00,89.01000213623047,93.54000091552734,88.62999725341797,93.4800033569336,6738000,0.0,0.0
2024-02-07 00:00:00-05:00,93.5,96.05999755859375,91.87000274658203,94.48999786376953,5037300,0.0,0.0
2024-02-08 00:00:00-05:00,95.75,98.54000091552734,93.08999633789062,94.69999694824219,5812300,0.0,0.0
2024-02-09 00:00:00-05:00,95.44999694824219,96.87999725341797,93.76000213623047,95.80000305175781,3980200,0.0,0.0
2024-02-12 00:00:00-05:00,96.0,99.80000305175781,96.0,98.56999969482422,5782500,0.0,0.0
2024-02-13 00:00:00-05:00,94.13999938964844,95.87999725341797,87.5999984741211,89.94000244140625,10965600,0.0,0.0
2024-02-14 00:00:00-05:00,90.76000213623047,91.9000015258789,87.30000305175781,91.23999786376953,6883400,0.0,0.0
2024-02-15 00:00:00-05:00,91.75,95.16999816894531,91.06999969482422,94.5,13249800,0.0,0.0
2024-02-16 00:00:00-05:00,76.97000122070312,78.61000061035156,71.0,72.0,40211800,0.0,0.0
2024-02-20 00:00:00-05:00,68.02999877929688,68.37999725341797,66.0,67.25,19209900,0.0,0.0
2024-02-21 00:00:00-05:00,66.58000183105469,68.01000213623047,63.56999969482422,63.900001525878906,12774700,0.0,0.0
2024-02-22 00:00:00-05:00,65.05999755859375,65.30000305175781,62.2599983215332,63.290000915527344,13240500,0.0,0.0
2024-02-23 00:00:00-05:00,63.189998626708984,65.19999694824219,62.85300064086914,64.4800033569336,8515100,0.0,0.0
2024-02-26 00:00:00-05:00,64.44999694824219,65.86000061035156,63.630001068115234,64.3499984741211,6193900,0.0,0.0
2024-02-27 00:00:00-05:00,62.939998626708984,64.08999633789062,61.474998474121094,63.83000183105469,8088300,0.0,0.0
2024-02-28 00:00:00-05:00,63.0,64.7699966430664,62.75,63.709999084472656,5206600,0.0,0.0
2024-02-29 00:00:00-05:00,64.73999786376953,65.04399871826172,62.810001373291016,63.18000030517578,5618200,0.0,0.0
2024-03-01 00:00:00-05:00,63.40999984741211,63.81999969482422,62.619998931884766,63.349998474121094,4729700,0.0,0.0
2024-03-04 00:00:00-05:00,63.20000076293945,63.76900100708008,61.099998474121094,63.02000045776367,6593700,0.0,0.0
2024-03-05 00:00:00-05:00,62.349998474121094,64.7300033569336,62.040000915527344,62.790000915527344,5956300,0.0,0.0
2024-03-06 00:00:00-05:00,62.72999954223633,63.29899978637695,61.29999923706055,62.66999816894531,5141300,0.0,0.0
2024-03-07 00:00:00-05:00,62.75,63.244998931884766,61.349998474121094,63.06999969482422,4762600,0.0,0.0
2024-03-08 00:00:00-05:00,63.63999938964844,65.77999877929688,63.34000015258789,64.5,5397400,0.0,0.0
2024-03-11 00:00:00-04:00,64.2699966430664,65.55000305175781,63.83000183105469,64.41000366210938,3960500,0.0,0.0
2024-03-12 00:00:00-04:00,64.55000305175781,65.1729965209961,62.970001220703125,64.12999725341797,3725400,0.0,0.0
2024-03-13 00:00:00-04:00,63.9900016784668,66.05000305175781,63.75,64.47000122070312,3290600,0.0,0.0
2024-03-14 00:00:00-04:00,65.16999816894531,66.75,63.45800018310547,64.66000366210938,4912500,0.0,0.0
2024-03-15 00:00:00-04:00,64.41999816894531,65.23999786376953,63.779998779296875,63.9900016784668,3755700,0.0,0.0
2024-03-18 00:00:00-04:00,64.0,64.25499725341797,62.81999969482422,63.369998931884766,3746300,0.0,0.0
2024-03-19 00:00:00-04:00,64.25,66.12000274658203,63.709999084472656,64.54000091552734,5830800,0.0,0.0
2024-03-20 00:00:00-04:00,64.18000030517578,65.56999969482422,63.45600128173828,64.94999694824219,4677900,0.0,0.0
2024-03-21 00:00:00-04:00,65.1500015258789,65.49199676513672,63.81999969482422,63.83000183105469,3915800,0.0,0.0
2024-03-22 00:00:00-04:00,63.880001068115234,64.30000305175781,62.73699951171875,63.58000183105469,3336300,0.0,0.0
2024-03-25 00:00:00-04:00,63.970001220703125,64.95999908447266,63.38999938964844,64.63999938964844,2971000,0.0,0.0
2024-03-26 00:00:00-04:00,65.12999725341797,65.80000305175781,64.02999877929688,64.6500015258789,3197000,0.0,0.0
2024-03-27 00:00:00-04:00,65.19000244140625,65.61000061035156,64.16999816894531,65.58000183105469,2646000,0.0,0.0
2024-03-28 00:00:00-04:00,65.86000061035156,66.6500015258789,64.81500244140625,65.16999816894531,3435500,0.0,0.0
2024-04-01 00:00:00-04:00,65.2699966430664,65.44999694824219,63.25,64.19000244140625,3664000,0.0,0.0
2024-04-02 00:00:00-04:00,62.810001373291016,63.16999816894531,61.529998779296875,62.849998474121094,2994800,0.0,0.0
2024-04-03 00:00:00-04:00,62.25,62.540000915527344,61.5,62.220001220703125,3496100,0.0,0.0
2024-04-04 00:00:00-04:00,62.7599983215332,63.029998779296875,60.189998626708984,60.2400016784668,4081900,0.0,0.0
2024-04-05 00:00:00-04:00,59.90999984741211,60.599998474121094,58.400001525878906,59.83000183105469,5189300,0.0,0.0
2024-04-08 00:00:00-04:00,60.0,61.279998779296875,59.47999954223633,60.849998474121094,2694400,0.0,0.0
2024-04-09 00:00:00-04:00,61.16999816894531,63.209999084472656,60.880001068115234,62.849998474121094,3937100,0.0,0.0
2024-04-10 00:00:00-04:00,60.540000915527344,61.560001373291016,60.119998931884766,61.13999938964844,3394200,0.0,0.0
2024-04-11 00:00:00-04:00,61.599998474121094,61.9900016784668,60.400001525878906,61.95000076293945,2256500,0.0,0.0
2024-04-12 00:00:00-04:00,60.7400016784668,61.45000076293945,59.77000045776367,59.900001525878906,3032500,0.0,0.0
2024-04-15 00:00:00-04:00,59.959999084472656,60.380001068115234,58.400001525878906,58.939998626708984,3418300,0.0,0.0
2024-04-16 00:00:00-04:00,58.619998931884766,58.8650016784668,57.470001220703125,57.81999969482422,3465400,0.0,0.0
2024-04-17 00:00:00-04:00,58.18000030517578,58.51499938964844,57.43000030517578,57.59000015258789,2856300,0.0,0.0
2024-04-18 00:00:00-04:00,57.650001525878906,58.91999816894531,57.25,58.689998626708984,3120700,0.0,0.0
2024-04-19 00:00:00-04:00,57.540000915527344,58.560001373291016,56.31999969482422,56.900001525878906,3592700,0.0,0.0
2024-04-22 00:00:00-04:00,57.310001373291016,58.630001068115234,56.15999984741211,58.56999969482422,3926100,0.0,0.0
2024-04-23 00:00:00-04:00,59.0,62.439998626708984,58.900001525878906,61.7400016784668,5653800,0.0,0.0
2024-04-24 00:00:00-04:00,61.709999084472656,62.439998626708984,60.720001220703125,61.83000183105469,3181900,0.0,0.0
2024-04-25 00:00:00-04:00,59.93000030517578,63.209999084472656,59.66400146484375,62.810001373291016,8516300,0.0,0.0
2024-04-26 00:00:00-04:00,60.72999954223633,60.7400016784668,56.099998474121094,56.349998474121094,18083800,0.0,0.0
2024-04-29 00:00:00-04:00,57.18000030517578,59.88600158691406,56.88999938964844,58.65999984741211,8834800,0.0,0.0
2024-04-30 00:00:00-04:00,60.119998931884766,61.459999084472656,57.619998931884766,57.65999984741211,7035200,0.0,0.0
2024-05-01 00:00:00-04:00,57.279998779296875,60.58000183105469,57.25,59.130001068115234,4339500,0.0,0.0
2024-05-02 00:00:00-04:00,59.25,59.9900016784668,58.040000915527344,59.94499969482422,2667000,0.0,0.0
2024-05-03 00:00:00-04:00,61.29999923706055,61.47999954223633,58.70000076293945,59.11000061035156,3904600,0.0,0.0
2024-05-06 00:00:00-04:00,59.77000045776367,61.16999816894531,59.54800033569336,60.33000183105469,3110300,0.0,0.0
2024-05-07 00:00:00-04:00,59.9900016784668,60.650001525878906,59.529998779296875,60.13999938964844,2233700,0.0,0.0
2024-05-08 00:00:00-04:00,59.290000915527344,59.91999816894531,58.77000045776367,59.54999923706055,1921200,0.0,0.0
2024-05-09 00:00:00-04:00,59.439998626708984,60.470001220703125,58.68000030517578,60.2400016784668,1855400,0.0,0.0
2024-05-10 00:00:00-04:00,60.130001068115234,60.33000183105469,57.59199905395508,57.90999984741211,3400600,0.0,0.0
2024-05-13 00:00:00-04:00,58.380001068115234,61.09000015258789,58.36000061035156,60.15999984741211,3744900,0.0,0.0
2024-05-14 00:00:00-04:00,61.2400016784668,66.58000183105469,61.08000183105469,62.2599983215332,9784700,0.0,0.0
2024-05-15 00:00:00-04:00,63.880001068115234,64.19999694824219,61.5099983215332,62.27000045776367,3920400,0.0,0.0
2024-05-16 00:00:00-04:00,61.790000915527344,62.459999084472656,61.09000015258789,61.25,2638600,0.0,0.0
2024-05-17 00:00:00-04:00,61.40999984741211,61.650001525878906,60.599998474121094,61.439998626708984,1960100,0.0,0.0
2024-05-20 00:00:00-04:00,61.18000030517578,61.459999084472656,58.849998474121094,59.27000045776367,4034100,0.0,0.0
2024-05-21 00:00:00-04:00,58.88999938964844,59.040000915527344,57.86399841308594,57.970001220703125,2713600,0.0,0.0
2024-05-22 00:00:00-04:00,57.79999923706055,58.97999954223633,57.779998779296875,58.52000045776367,1840700,0.0,0.0
2024-05-23 00:00:00-04:00,58.189998626708984,58.33000183105469,56.119998931884766,56.20000076293945,3588200,0.0,0.0
2024-05-24 00:00:00-04:00,56.41999816894531,56.95000076293945,56.2599983215332,56.7599983215332,2035600,0.0,0.0
2024-05-28 00:00:00-04:00,56.77000045776367,57.119998931884766,55.79999923706055,56.45000076293945,2459400,0.0,0.0
2024-05-29 00:00:00-04:00,55.63999938964844,56.599998474121094,55.0099983215332,56.47999954223633,2481900,0.0,0.0
2024-05-30 00:00:00-04:00,56.779998779296875,57.959999084472656,56.099998474121094,57.31999969482422,2495700,0.0,0.0
2024-05-31 00:00:00-04:00,57.439998626708984,58.470001220703125,56.275001525878906,57.400001525878906,2961000,0.0,0.0
2024-06-03 00:00:00-04:00,58.5,59.236000061035156,57.18000030517578,57.939998626708984,3315700,0.0,0.0
2024-06-04 00:00:00-04:00,57.09000015258789,58.400001525878906,56.75,57.779998779296875,2093700,0.0,0.0
2024-06-05 00:00:00-04:00,57.95000076293945,58.25,57.130001068115234,58.119998931884766,2032900,0.0,0.0
2024-06-06 00:00:00-04:00,57.65999984741211,58.869998931884766,57.2400016784668,57.970001220703125,2613800,0.0,0.0
2024-06-07 00:00:00-04:00,57.08000183105469,58.400001525878906,56.83000183105469,57.349998474121094,2722800,0.0,0.0
2024-06-10 00:00:00-04:00,56.79999923706055,58.040000915527344,56.52000045776367,57.880001068115234,1858000,0.0,0.0
2024-06-11 00:00:00-04:00,57.630001068115234,58.220001220703125,56.95000076293945,58.16999816894531,2216700,0.0,0.0
2024-06-12 00:00:00-04:00,59.959999084472656,60.43000030517578,55.97999954223633,56.36000061035156,5177500,0.0,0.0
2024-06-13 00:00:00-04:00,56.5,56.55500030517578,53.400001525878906,54.20000076293945,5537500,0.0,0.0
2024-06-14 00:00:00-04:00,53.529998779296875,54.77000045776367,53.20000076293945,54.5099983215332,3334000,0.0,0.0
2024-06-17 00:00:00-04:00,54.22999954223633,55.029998779296875,53.709999084472656,53.970001220703125,3067100,0.0,0.0
2024-06-18 00:00:00-04:00,53.880001068115234,54.349998474121094,52.5,52.529998779296875,2837000,0.0,0.0
2024-06-20 00:00:00-04:00,52.29999923706055,53.880001068115234,51.5099983215332,53.66999816894531,3634100,0.0,0.0
2024-06-21 00:00:00-04:00,53.72999954223633,54.650001525878906,52.81999969482422,54.400001525878906,3167000,0.0,0.0
2024-06-24 00:00:00-04:00,54.25,55.15999984741211,53.85499954223633,54.45000076293945,2248900,0.0,0.0
2024-06-25 00:00:00-04:00,54.29999923706055,54.970001220703125,53.7400016784668,54.63999938964844,1951100,0.0,0.0
2024-06-26 00:00:00-04:00,54.380001068115234,57.63999938964844,54.209999084472656,57.15999984741211,4402400,0.0,0.0
2024-06-27 00:00:00-04:00,57.13999938964844,59.5099983215332,56.77000045776367,59.150001525878906,4277500,0.0,0.0
2024-06-28 00:00:00-04:00,59.560001373291016,60.97999954223633,59.5099983215332,59.93000030517578,4896000,0.0,0.0
2024-07-01 00:00:00-04:00,60.18000030517578,63.7599983215332,60.04999923706055,62.470001220703125,5564500,0.0,0.0
2024-07-02 00:00:00-04:00,62.45000076293945,62.72999954223633,60.52000045776367,61.36000061035156,3069400,0.0,0.0
2024-07-03 00:00:00-04:00,61.869998931884766,62.880001068115234,61.5099983215332,62.290000915527344,2106500,0.0,0.0
2024-07-05 00:00:00-04:00,62.0,63.09000015258789,61.167999267578125,62.08000183105469,2917800,0.0,0.0
2024-07-08 00:00:00-04:00,62.369998931884766,62.55799865722656,60.849998474121094,61.02000045776367,2648600,0.0,0.0
2024-07-09 00:00:00-04:00,60.880001068115234,63.15999984741211,60.52000045776367,63.11000061035156,3021500,0.0,0.0
2024-07-10 00:00:00-04:00,63.470001220703125,63.7400016784668,60.72999954223633,61.369998931884766,3710000,0.0,0.0
2024-07-11 00:00:00-04:00,62.209999084472656,63.5,60.540000915527344,60.66999816894531,3214100,0.0,0.0
2024-07-12 00:00:00-04:00,61.099998474121094,62.11000061035156,60.7400016784668,61.31999969482422,2827000,0.0,0.0
2024-07-15 00:00:00-04:00,61.459999084472656,63.27000045776367,60.25,62.439998626708984,3701400,0.0,0.0
2024-07-16 00:00:00-04:00,62.7400016784668,65.11000061035156,62.720001220703125,64.7300033569336,4030100,0.0,0.0
2024-07-17 00:00:00-04:00,63.880001068115234,66.18000030517578,63.75299835205078,64.7699966430664,4221800,0.0,0.0
2024-07-18 00:00:00-04:00,64.70999908447266,66.19100189208984,62.27000045776367,62.77000045776367,3600200,0.0,0.0
2024-07-19 00:00:00-04:00,62.810001373291016,64.25,62.297000885009766,62.54999923706055,2545100,0.0,0.0
2024-07-22 00:00:00-04:00,62.970001220703125,62.970001220703125,60.63999938964844,62.04999923706055,2635600,0.0,0.0
2024-07-23 00:00:00-04:00,61.5,62.68000030517578,60.61000061035156,62.09000015258789,2292800,0.0,0.0
2024-07-24 00:00:00-04:00,60.040000915527344,60.04999923706055,55.400001525878906,55.59000015258789,7748000,0.0,0.0
2024-07-25 00:00:00-04:00,55.5099983215332,58.880001068115234,55.29999923706055,57.45000076293945,3518100,0.0,0.0
2024-07-26 00:00:00-04:00,58.5,59.060001373291016,57.41999816894531,59.040000915527344,3006700,0.0,0.0
2024-07-29 00:00:00-04:00,59.18000030517578,59.720001220703125,58.04999923706055,58.900001525878906,2442900,0.0,0.0
2024-07-30 00:00:00-04:00,58.349998474121094,59.29999923706055,56.900001525878906,57.439998626708984,2876300,0.0,0.0
2024-07-31 00:00:00-04:00,57.599998474121094,58.970001220703125,56.939998626708984,58.209999084472656,2828600,0.0,0.0
2024-08-01 00:00:00-04:00,58.59000015258789,58.68000030517578,54.36000061035156,55.33000183105469,6806700,0.0,0.0
2024-08-02 00:00:00-04:00,56.900001525878906,57.97999954223633,52.95000076293945,53.13999938964844,7584600,0.0,0.0
2024-08-05 00:00:00-04:00,49.849998474121094,52.959999084472656,48.33000183105469,51.66999816894531,6725100,0.0,0.0
2024-08-06 00:00:00-04:00,52.22999954223633,53.81999969482422,51.29999923706055,53.029998779296875,4386500,0.0,0.0
2024-08-07 00:00:00-04:00,53.68000030517578,56.849998474121094,52.790000915527344,52.84000015258789,5064000,0.0,0.0
2024-08-08 00:00:00-04:00,53.005001068115234,55.70000076293945,52.79999923706055,55.61000061035156,4041800,0.0,0.0
2024-08-09 00:00:00-04:00,55.70000076293945,55.77000045776367,54.61000061035156,55.099998474121094,2091100,0.0,0.0
2024-08-12 00:00:00-04:00,55.31999969482422,55.31999969482422,53.28499984741211,53.52000045776367,2683900,0.0,0.0
2024-08-13 00:00:00-04:00,54.0,57.130001068115234,53.84000015258789,56.5099983215332,2898800,0.0,0.0
2024-08-14 00:00:00-04:00,57.02000045776367,57.2400016784668,55.25,56.220001220703125,2450300,0.0,0.0
2024-08-15 00:00:00-04:00,57.15999984741211,61.0,57.060001373291016,59.27000045776367,3995800,0.0,0.0
2024-08-16 00:00:00-04:00,58.83000183105469,59.77000045776367,58.4900016784668,58.58000183105469,1968200,0.0,0.0
2024-08-19 00:00:00-04:00,59.380001068115234,62.279998779296875,58.88999938964844,61.959999084472656,3166200,0.0,0.0
2024-08-20 00:00:00-04:00,61.779998779296875,62.3849983215332,61.290000915527344,61.9900016784668,2117700,0.0,0.0
2024-08-21 00:00:00-04:00,62.31999969482422,62.849998474121094,61.2400016784668,62.77000045776367,2202200,0.0,0.0
2024-08-22 00:00:00-04:00,63.02000045776367,63.36000061035156,61.650001525878906,61.810001373291016,1999500,0.0,0.0
2024-08-23 00:00:00-04:00,64.38999938964844,70.55999755859375,64.0,69.1449966430664,10749900,0.0,0.0
2024-08-26 00:00:00-04:00,69.43000030517578,70.48500061035156,68.30000305175781,69.5999984741211,3866700,0.0,0.0
2024-08-27 00:00:00-04:00,69.4000015258789,70.68000030517578,68.8759994506836,69.73999786376953,2598500,0.0,0.0
2024-08-28 00:00:00-04:00,69.27999877929688,69.27999877929688,66.30999755859375,66.8499984741211,3319200,0.0,0.0
2024-08-29 00:00:00-04:00,67.44999694824219,69.75,67.36000061035156,68.44000244140625,3398300,0.0,0.0
2024-08-30 00:00:00-04:00,68.69999694824219,68.83000183105469,63.83000183105469,67.7699966430664,6091000,0.0,0.0
2024-09-03 00:00:00-04:00,67.63999938964844,67.63999938964844,64.91000366210938,65.22000122070312,2340700,0.0,0.0
2024-09-04 00:00:00-04:00,64.37000274658203,65.93000030517578,63.279998779296875,63.54999923706055,2276200,0.0,0.0
2024-09-05 00:00:00-04:00,66.8499984741211,68.4000015258789,65.38700103759766,66.69999694824219,4953600,0.0,0.0
2024-09-06 00:00:00-04:00,66.80999755859375,67.83999633789062,63.689998626708984,64.37000274658203,3196300,0.0,0.0
2024-09-09 00:00:00-04:00,64.37000274658203,66.6050033569336,64.1500015258789,65.41000366210938,2507500,0.0,0.0
2024-09-10 00:00:00-04:00,66.06999969482422,66.19000244140625,64.11000061035156,65.66000366210938,2064500,0.0,0.0
2024-09-11 00:00:00-04:00,68.11000061035156,70.19999694824219,66.94999694824219,70.1500015258789,4670200,0.0,0.0
2024-09-12 00:00:00-04:00,74.6500015258789,75.2699966430664,72.45999908447266,74.12999725341797,7541500,0.0,0.0
2024-09-13 00:00:00-04:00,74.69000244140625,75.44999694824219,73.66999816894531,74.69000244140625,3092200,0.0,0.0
2024-09-16 00:00:00-04:00,74.2300033569336,74.94000244140625,72.73100280761719,74.37000274658203,2601700,0.0,0.0
2024-09-17 00:00:00-04:00,75.33000183105469,76.4000015258789,74.41999816894531,74.66999816894531,2773300,0.0,0.0
2024-09-18 00:00:00-04:00,76.18000030517578,78.69000244140625,76.0,77.36000061035156,5671900,0.0,0.0
2024-09-19 00:00:00-04:00,79.47000122070312,79.6500015258789,76.41300201416016,77.44999694824219,4290600,0.0,0.0
2024-09-20 00:00:00-04:00,76.77999877929688,77.94000244140625,75.5999984741211,76.0199966430664,4063100,0.0,0.0
2024-09-23 00:00:00-04:00,75.95999908447266,76.31700134277344,73.76000213623047,73.80000305175781,2734600,0.0,0.0
2024-09-24 00:00:00-04:00,74.11000061035156,76.51000213623047,73.7300033569336,76.36000061035156,3077900,0.0,0.0
2024-09-25 00:00:00-04:00,75.9000015258789,76.0999984741211,73.58000183105469,74.01000213623047,3146700,0.0,0.0
2024-09-26 00:00:00-04:00,73.87999725341797,74.4800033569336,71.73999786376953,73.69999694824219,3691900,0.0,0.0
2024-09-27 00:00:00-04:00,74.4000015258789,76.0,74.16999816894531,74.41000366210938,2841300,0.0,0.0
2024-09-30 00:00:00-04:00,75.31999969482422,75.44000244140625,73.72000122070312,74.66000366210938,2372900,0.0,0.0
2024-10-01 00:00:00-04:00,75.66000366210938,76.61000061035156,73.18000030517578,74.33999633789062,2987000,0.0,0.0
2024-10-02 00:00:00-04:00,73.83999633789062,74.76000213623047,73.27999877929688,74.18000030517578,2031900,0.0,0.0
2024-10-03 00:00:00-04:00,73.6500015258789,75.54000091552734,73.33999633789062,75.44999694824219,2021900,0.0,0.0
2024-10-04 00:00:00-04:00,76.70999908447266,77.30000305175781,74.94999694824219,75.88999938964844,1741500,0.0,0.0
2024-10-07 00:00:00-04:00,75.97000122070312,77.48999786376953,75.27999877929688,76.3499984741211,2585300,0.0,0.0
2024-10-08 00:00:00-04:00,75.62999725341797,78.73999786376953,75.62999725341797,78.56999969482422,2535100,0.0,0.0
2024-10-09 00:00:00-04:00,78.47000122070312,78.69999694824219,76.79499816894531,77.4000015258789,2621200,0.0,0.0
2024-10-10 00:00:00-04:00,77.37000274658203,78.55999755859375,76.32599639892578,77.37000274658203,2056900,0.0,0.0
2024-10-11 00:00:00-04:00,77.2699966430664,79.02999877929688,77.23999786376953,78.37000274658203,2212500,0.0,0.0
2024-10-14 00:00:00-04:00,77.95999908447266,78.14700317382812,76.15499877929688,76.36000061035156,2932500,0.0,0.0
2024-10-15 00:00:00-04:00,76.2699966430664,79.43000030517578,76.19999694824219,78.93000030517578,3002700,0.0,0.0
2024-10-16 00:00:00-04:00,79.01000213623047,80.7699966430664,76.52999877929688,77.55999755859375,2893800,0.0,0.0
2024-10-17 00:00:00-04:00,77.08999633789062,78.30000305175781,76.49800109863281,76.94999694824219,2128400,0.0,0.0
2024-10-18 00:00:00-04:00,78.61000061035156,80.19999694824219,78.23999786376953,80.06999969482422,2874200,0.0,0.0
2024-10-21 00:00:00-04:00,79.6500015258789,79.9000015258789,76.41999816894531,77.0,2997200,0.0,0.0
2024-10-22 00:00:00-04:00,76.6500015258789,77.26000213623047,76.01000213623047,76.79000091552734,1661600,0.0,0.0
2024-10-23 00:00:00-04:00,76.33000183105469,76.93000030517578,72.72000122070312,73.5,3738400,0.0,0.0
2024-10-24 00:00:00-04:00,74.0,74.76000213623047,73.55000305175781,74.04000091552734,2287600,0.0,0.0
2024-10-25 00:00:00-04:00,74.66000366210938,76.2300033569336,74.25,75.2699966430664,2281500,0.0,0.0
2024-10-28 00:00:00-04:00,75.93000030517578,77.25,75.61000061035156,76.05000305175781,2030300,0.0,0.0
2024-10-29 00:00:00-04:00,76.16999816894531,77.05500030517578,75.05999755859375,76.41000366210938,1956200,0.0,0.0
2024-10-30 00:00:00-04:00,76.91500091552734,79.29000091552734,76.08000183105469,77.51000213623047,7243000,0.0,0.0
2024-10-31 00:00:00-04:00,68.0,68.75,60.04999923706055,64.08000183105469,21958700,0.0,0.0
2024-11-01 00:00:00-04:00,63.349998474121094,66.0,63.0,65.69999694824219,6782400,0.0,0.0
2024-11-04 00:00:00-05:00,64.62000274658203,69.81999969482422,64.51100158691406,67.18000030517578,6687400,0.0,0.0
2024-11-05 00:00:00-05:00,67.2300033569336,71.2699966430664,67.0,69.66999816894531,5511600,0.0,0.0
2024-11-06 00:00:00-05:00,71.95999908447266,72.97000122070312,71.11000061035156,72.2699966430664,4065500,0.0,0.0
2024-11-07 00:00:00-05:00,72.5999984741211,72.88999938964844,70.98999786376953,72.02999877929688,3187200,0.0,0.0
2024-11-08 00:00:00-05:00,71.48999786376953,74.13800048828125,70.76000213623047,73.81999969482422,4265900,0.0,0.0
2024-11-11 00:00:00-05:00,74.52999877929688,77.20999908447266,73.8499984741211,77.12000274658203,3474300,0.0,0.0
2024-11-12 00:00:00-05:00,76.1500015258789,77.73999786376953,75.75,76.62000274658203,2906100,0.0,0.0
2024-11-13 00:00:00-05:00,75.77999877929688,78.56800079345703,75.0999984741211,75.20999908447266,2775000,0.0,0.0
2024-11-14 00:00:00-05:00,75.56999969482422,76.3499984741211,74.19999694824219,74.31999969482422,2269400,0.0,0.0
2024-11-15 00:00:00-05:00,74.5,74.5,68.7699966430664,68.87000274658203,5824100,0.0,0.0
2024-11-18 00:00:00-05:00,71.27999877929688,74.44000244140625,70.22000122070312,74.02999877929688,4535800,0.0,0.0
2024-11-19 00:00:00-05:00,72.88999938964844,75.0199966430664,72.18000030517578,73.61000061035156,2853400,0.0,0.0
2024-11-20 00:00:00-05:00,67.98999786376953,69.8499984741211,65.97000122070312,68.70999908447266,8627000,0.0,0.0
2024-11-21 00:00:00-05:00,69.5199966430664,69.85299682617188,68.1500015258789,68.68000030517578,2716800,0.0,0.0
2024-11-22 00:00:00-05:00,68.0,70.80999755859375,67.7699966430664,69.19999694824219,4142200,0.0,0.0
2024-11-25 00:00:00-05:00,69.71199798583984,70.12000274658203,68.13999938964844,68.22000122070312,3993700,0.0,0.0
2024-11-26 00:00:00-05:00,67.69999694824219,68.37999725341797,66.2300033569336,66.30999755859375,3405500,0.0,0.0
2024-11-27 00:00:00-05:00,66.7300033569336,68.29000091552734,66.48999786376953,67.70999908447266,2894400,0.0,0.0
2024-11-29 00:00:00-05:00,67.81999969482422,69.05000305175781,67.55999755859375,69.02999877929688,1540100,0.0,0.0
2024-12-02 00:00:00-05:00,69.6500015258789,77.30000305175781,69.27999877929688,77.05000305175781,8292400,0.0,0.0
2024-12-03 00:00:00-05:00,76.05000305175781,77.69999694824219,74.29000091552734,75.69000244140625,4171200,0.0,0.0
2024-12-04 00:00:00-05:00,80.16999816894531,85.94999694824219,79.16000366210938,82.94000244140625,12233300,0.0,0.0
2024-12-05 00:00:00-05:00,82.80999755859375,83.38999938964844,80.0999984741211,82.02999877929688,4295000,0.0,0.0
2024-12-06 00:00:00-05:00,83.30999755859375,86.48100280761719,82.66999816894531,84.12000274658203,4228400,0.0,0.0
2024-12-09 00:00:00-05:00,85.0,86.75,81.73999786376953,84.12000274658203,3695500,0.0,0.0
2024-12-10 00:00:00-05:00,84.08999633789062,85.27999877929688,80.58000183105469,81.81999969482422,2261400,0.0,0.0
2024-12-11 00:00:00-05:00,82.98999786376953,84.29000091552734,82.2699966430664,82.41999816894531,2469600,0.0,0.0
2024-12-12 00:00:00-05:00,82.27999877929688,84.26000213623047,81.87999725341797,81.9000015258789,1875100,0.0,0.0
2024-12-13 00:00:00-05:00,81.66000366210938,83.13999938964844,81.12000274658203,82.98999786376953,2019500,0.0,0.0
2024-12-16 00:00:00-05:00,82.7300033569336,84.0999984741211,81.0199966430664,83.44000244140625,1919500,0.0,0.0
2024-12-17 00:00:00-05:00,81.81500244140625,84.4000015258789,81.62999725341797,83.38999938964844,2153300,0.0,0.0
2024-12-18 00:00:00-05:00,83.0,84.47000122070312,77.58999633789062,78.48999786376953,3515700,0.0,0.0
2024-12-19 00:00:00-05:00,79.83999633789062,80.73300170898438,77.33000183105469,78.43000030517578,3108500,0.0,0.0
2024-12-20 00:00:00-05:00,77.66999816894531,81.83999633789062,77.08999633789062,80.58999633789062,3466600,0.0,0.0
2024-12-23 00:00:00-05:00,79.86000061035156,80.7300033569336,78.36000061035156,78.80000305175781,2484700,0.0,0.0
2024-12-24 00:00:00-05:00,78.91000366210938,79.75,78.37000274658203,79.55999755859375,768300,0.0,0.0
2024-12-26 00:00:00-05:00,79.08000183105469,80.05999755859375,78.56999969482422,79.4800033569336,1189000,0.0,0.0
2024-12-27 00:00:00-05:00,79.18000030517578,79.18000030517578,74.70999908447266,77.02999877929688,2286500,0.0,0.0
2024-12-30 00:00:00-05:00,75.38999938964844,75.80000305175781,73.30999755859375,74.88999938964844,2214100,0.0,0.0
2024-12-31 00:00:00-05:00,75.20999908447266,75.87000274658203,73.46299743652344,74.33999633789062,1686900,0.0,0.0
2025-01-02 00:00:00-05:00,75.13999938964844,76.14099884033203,73.58000183105469,74.48999786376953,1935200,0.0,0.0
2025-01-03 00:00:00-05:00,74.73999786376953,77.5,73.94499969482422,77.37999725341797,2633300,0.0,0.0
2025-01-06 00:00:00-05:00,78.33000183105469,81.94000244140625,78.01000213623047,79.91000366210938,2688300,0.0,0.0
2025-01-07 00:00:00-05:00,84.19999694824219,84.83799743652344,76.80000305175781,77.98999786376953,3435400,0.0,0.0
2025-01-08 00:00:00-05:00,79.06999969482422,84.91999816894531,78.5999984741211,83.0,5502000,0.0,0.0
2025-01-10 00:00:00-05:00,80.83999633789062,81.41300201416016,78.80000305175781,79.19000244140625,3691400,0.0,0.0
2025-01-13 00:00:00-05:00,77.66999816894531,78.81999969482422,76.30000305175781,76.66000366210938,2486000,0.0,0.0
2025-01-14 00:00:00-05:00,77.08000183105469,77.48999786376953,74.0999984741211,74.80000305175781,2639900,0.0,0.0
2025-01-15 00:00:00-05:00,77.18000030517578,78.62999725341797,76.26000213623047,76.52999877929688,2249800,0.0,0.0
2025-01-16 00:00:00-05:00,76.5,76.97000122070312,74.91799926757812,75.16000366210938,3027200,0.0,0.0
2025-01-17 00:00:00-05:00,75.83999633789062,77.22000122070312,75.55999755859375,75.88999938964844,1797900,0.0,0.0
2025-01-21 00:00:00-05:00,77.6500015258789,81.73999786376953,77.6500015258789,79.73999786376953,4072800,0.0,0.0
2025-01-22 00:00:00-05:00,80.79000091552734,81.25800323486328,78.80000305175781,79.5999984741211,2576800,0.0,0.0
2025-01-23 00:00:00-05:00,79.5999984741211,83.8499984741211,78.59200286865234,83.77999877929688,3214300,0.0,0.0
2025-01-24 00:00:00-05:00,83.62000274658203,84.75,80.58399963378906,81.29000091552734,2830500,0.0,0.0
2025-01-27 00:00:00-05:00,78.83000183105469,81.4800033569336,78.27999877929688,80.20999908447266,1856800,0.0,0.0
2025-01-28 00:00:00-05:00,80.0,83.05999755859375,79.3499984741211,82.33999633789062,1788600,0.0,0.0
2025-01-29 00:00:00-05:00,82.44000244140625,83.75,80.62000274658203,82.58000183105469,1660700,0.0,0.0
2025-01-30 00:00:00-05:00,82.80000305175781,85.69999694824219,82.80000305175781,85.27999877929688,2330000,0.0,0.0
2025-01-31 00:00:00-05:00,86.0,86.41000366210938,82.18000030517578,82.76000213623047,2863700,0.0,0.0
2025-02-03 00:00:00-05:00,80.33000183105469,82.2699966430664,79.0,79.0999984741211,3228900,0.0,0.0
2025-02-04 00:00:00-05:00,79.08000183105469,82.69999694824219,78.87000274658203,80.16000366210938,3266600,0.0,0.0
2025-02-05 00:00:00-05:00,80.12000274658203,81.70999908447266,79.5199966430664,81.6500015258789,2096900,0.0,0.0
2025-02-06 00:00:00-05:00,81.16000366210938,82.12000274658203,80.29000091552734,81.08000183105469,1926300,0.0,0.0
2025-02-07 00:00:00-05:00,80.87000274658203,85.19000244140625,80.87000274658203,85.0,3208300,0.0,0.0
2025-02-10 00:00:00-05:00,86.66000366210938,91.61000061035156,84.47000122070312,84.5999984741211,6609600,0.0,0.0
2025-02-11 00:00:00-05:00,82.75,83.75,81.20999908447266,82.75,3598600,0.0,0.0
2025-02-12 00:00:00-05:00,81.4800033569336,85.28500366210938,81.25,84.77999877929688,3203600,0.0,0.0
2025-02-13 00:00:00-05:00,81.76000213623047,87.05999755859375,81.38999938964844,86.80000305175781,10325900,0.0,0.0
2025-02-14 00:00:00-05:00,100.79000091552734,104.95999908447266,96.16000366210938,99.06999969482422,18474100,0.0,0.0
2025-02-18 00:00:00-05:00,99.93000030517578,102.38999938964844,94.44000244140625,95.80000305175781,6062800,0.0,0.0
2025-02-19 00:00:00-05:00,95.0,96.35800170898438,92.12999725341797,92.41000366210938,3750200,0.0,0.0
2025-02-20 00:00:00-05:00,94.22000122070312,95.02999877929688,90.43000030517578,92.79000091552734,3601100,0.0,0.0
2025-02-21 00:00:00-05:00,93.69000244140625,93.79000091552734,88.19999694824219,88.86000061035156,3413500,0.0,0.0
2025-02-24 00:00:00-05:00,88.86000061035156,91.83000183105469,86.80999755859375,91.23999786376953,3086000,0.0,0.0
2025-02-25 00:00:00-05:00,91.41500091552734,91.43000030517578,85.3499984741211,85.76000213623047,4022600,0.0,0.0
2025-02-26 00:00:00-05:00,85.86000061035156,87.30000305175781,84.19999694824219,85.56999969482422,3522900,0.0,0.0
2025-02-27 00:00:00-05:00,86.19000244140625,87.0,81.33999633789062,81.48999786376953,2831500,0.0,0.0
2025-02-28 00:00:00-05:00,80.69999694824219,83.66999816894531,79.75,83.51000213623047,3058000,0.0,0.0
2025-03-03 00:00:00-05:00,84.66999816894531,85.5,79.44999694824219,80.26000213623047,2450600,0.0,0.0
2025-03-04 00:00:00-05:00,79.02999877929688,82.06999969482422,76.68000030517578,80.41000366210938,3875900,0.0,0.0
2025-03-05 00:00:00-05:00,80.41000366210938,85.41000366210938,79.52999877929688,85.06999969482422,4811900,0.0,0.0
2025-03-06 00:00:00-05:00,83.73999786376953,85.06999969482422,79.29000091552734,79.5999984741211,3854900,0.0,0.0
2025-03-07 00:00:00-05:00,78.12000274658203,79.3550033569336,72.43099975585938,76.66999816894531,5873200,0.0,0.0
2025-03-10 00:00:00-04:00,74.2699966430664,74.5,68.98600006103516,71.1500015258789,5884600,0.0,0.0
2025-03-11 00:00:00-04:00,70.62000274658203,72.0999984741211,68.33999633789062,69.63999938964844,3353700,0.0,0.0
2025-03-12 00:00:00-04:00,71.7300033569336,72.68000030517578,70.11000061035156,70.95999908447266,3383900,0.0,0.0
2025-03-13 00:00:00-04:00,70.55999755859375,71.44000244140625,67.3499984741211,67.62999725341797,3694700,0.0,0.0
2025-03-14 00:00:00-04:00,68.7699966430664,69.91999816894531,67.5510025024414,67.77999877929688,3060800,0.0,0.0
2025-03-17 00:00:00-04:00,67.80999755859375,70.61000061035156,67.30999755859375,69.6500015258789,3381200,0.0,0.0
2025-03-18 00:00:00-04:00,68.79000091552734,68.83999633789062,66.27100372314453,67.36000061035156,3207100,0.0,0.0
2025-03-19 00:00:00-04:00,69.47000122070312,74.44999694824219,69.29000091552734,72.13999938964844,6799000,0.0,0.0
2025-03-20 00:00:00-04:00,71.08999633789062,75.0999984741211,71.06700134277344,73.81999969482422,3854700,0.0,0.0
2025-03-21 00:00:00-04:00,72.25,78.72000122070312,72.02200317382812,78.29000091552734,5833400,0.0,0.0
2025-03-24 00:00:00-04:00,80.33000183105469,81.58999633789062,79.3499984741211,81.2300033569336,4181600,0.0,0.0
2025-03-25 00:00:00-04:00,81.20999908447266,82.33999633789062,79.79100036621094,81.7300033569336,2547400,0.0,0.0
2025-03-26 00:00:00-04:00,81.12000274658203,82.19000244140625,77.12000274658203,77.87000274658203,2197100,0.0,0.0
2025-03-27 00:00:00-04:00,78.66000366210938,78.76000213623047,75.51000213623047,76.05000305175781,2113300,0.0,0.0
2025-03-28 00:00:00-04:00,76.1050033569336,76.69000244140625,72.44000244140625,72.48999786376953,3050400,0.0,0.0
2025-03-31 00:00:00-04:00,70.05999755859375,71.23999786376953,67.5,70.44000244140625,3756300,0.0,0.0
2025-04-01 00:00:00-04:00,70.7699966430664,73.56300354003906,69.5999984741211,70.5999984741211,3020900,0.0,0.0
2025-04-02 00:00:00-04:00,68.30999755859375,72.66999816894531,68.23999786376953,71.41999816894531,3037700,0.0,0.0
2025-04-03 00:00:00-04:00,65.31999969482422,65.5199966430664,59.709999084472656,60.2599983215332,7723100,0.0,0.0
2025-04-04 00:00:00-04:00,57.75,58.29999923706055,53.2400016784668,55.279998779296875,6957100,0.0,0.0
2025-04-07 00:00:00-04:00,53.22999954223633,62.4900016784668,52.43000030517578,57.130001068115234,7255300,0.0,0.0
2025-04-08 00:00:00-04:00,61.5,62.5,54.18000030517578,55.099998474121094,5645900,0.0,0.0
2025-04-09 00:00:00-04:00,54.689998626708984,67.33499908447266,54.5,63.86000061035156,9985300,0.0,0.0
2025-04-10 00:00:00-04:00,60.0,60.90299987792969,56.97999954223633,59.27000045776367,5512200,0.0,0.0
2025-04-11 00:00:00-04:00,58.810001373291016,60.29999923706055,57.18000030517578,60.220001220703125,5284300,0.0,0.0
2025-04-14 00:00:00-04:00,61.709999084472656,62.6349983215332,57.95000076293945,59.5,3515600,0.0,0.0
2025-04-15 00:00:00-04:00,59.41999816894531,60.28799819946289,58.65999984741211,59.38999938964844,3056500,0.0,0.0
2025-04-16 00:00:00-04:00,57.880001068115234,59.029998779296875,57.029998779296875,58.400001525878906,2574900,0.0,0.0
2025-04-17 00:00:00-04:00,58.68000030517578,58.81700134277344,57.375,58.459999084472656,2585000,0.0,0.0
2025-04-21 00:00:00-04:00,57.154998779296875,59.2599983215332,57.0099983215332,59.16999816894531,4028100,0.0,0.0
2025-04-22 00:00:00-04:00,59.40999984741211,60.90999984741211,58.869998931884766,59.22999954223633,3510300,0.0,0.0
2025-04-23 00:00:00-04:00,62.16999816894531,65.05000305175781,62.1349983215332,62.58000183105469,4293500,0.0,0.0
2025-04-24 00:00:00-04:00,62.7599983215332,65.0,62.58000183105469,64.6500015258789,3061700,0.0,0.0
2025-04-25 00:00:00-04:00,65.0,66.58999633789062,64.51000213623047,65.70999908447266,2971700,0.0,0.0
2025-04-28 00:00:00-04:00,65.69999694824219,68.27999877929688,65.21499633789062,68.13999938964844,3564800,0.0,0.0
2025-04-29 00:00:00-04:00,69.02999877929688,71.16000366210938,68.63999938964844,69.27999877929688,3835600,0.0,0.0
2025-04-30 00:00:00-04:00,66.44999694824219,68.69499969482422,65.8499984741211,68.18000030517578,4162600,0.0,0.0
2025-05-01 00:00:00-04:00,70.31999969482422,71.25,66.93000030517578,67.2699966430664,10330800,0.0,0.0
2025-05-02 00:00:00-04:00,59.85499954223633,63.67599868774414,58.54999923706055,61.54999923706055,13889400,0.0,0.0
2025-05-05 00:00:00-04:00,60.68000030517578,61.75,59.04999923706055,60.41999816894531,5235500,0.0,0.0
2025-05-06 00:00:00-04:00,59.45000076293945,61.20899963378906,58.77000045776367,60.290000915527344,3572900,0.0,0.0
2025-05-07 00:00:00-04:00,60.09000015258789,61.040000915527344,59.45000076293945,59.88999938964844,3316000,0.0,0.0
2025-05-08 00:00:00-04:00,60.67499923706055,62.31999969482422,59.93199920654297,61.36000061035156,3753300,0.0,0.0
2025-05-09 00:00:00-04:00,61.904998779296875,62.84000015258789,60.43000030517578,60.93000030517578,3095600,0.0,0.0
2025-05-12 00:00:00-04:00,65.5,69.38999938964844,65.19999694824219,68.77999877929688,8114000,0.0,0.0
2025-05-13 00:00:00-04:00,69.20999908447266,72.16999816894531,69.06999969482422,71.4000015258789,4836800,0.0,0.0
2025-05-14 00:00:00-04:00,71.47000122070312,72.177001953125,70.12000274658203,71.87999725341797,4563700,0.0,0.0
2025-05-15 00:00:00-04:00,70.70999908447266,71.13999938964844,69.1500015258789,70.06999969482422,2518100,0.0,0.0
2025-05-16 00:00:00-04:00,70.29000091552734,71.47000122070312,69.97000122070312,71.37000274658203,2116100,0.0,0.0
2025-05-19 00:00:00-04:00,69.2300033569336,71.18000030517578,69.11100006103516,70.83000183105469,2454400,0.0,0.0
2025-05-20 00:00:00-04:00,70.62000274658203,72.26000213623047,69.95999908447266,71.41000366210938,2561500,0.0,0.0
2025-05-21 00:00:00-04:00,70.22000122070312,71.7699966430664,68.5999984741211,69.55999755859375,3631700,0.0,0.0
2025-05-22 00:00:00-04:00,69.20999908447266,70.77999877929688,69.1500015258789,69.7699966430664,2729900,0.0,0.0
2025-05-23 00:00:00-04:00,67.88999938964844,69.05000305175781,67.66799926757812,69.01000213623047,2108600,0.0,0.0
2025-05-27 00:00:00-04:00,70.11000061035156,72.41999816894531,69.12000274658203,71.9800033569336,3437300,0.0,0.0
2025-05-28 00:00:00-04:00,72.41000366210938,74.13999938964844,72.19000244140625,73.95999908447266,3143000,0.0,0.0
2025-05-29 00:00:00-04:00,75.19999694824219,75.25,72.48500061035156,72.80000305175781,3061700,0.0,0.0
2025-05-30 00:00:00-04:00,71.5,72.87999725341797,71.19999694824219,72.45999908447266,9625900,0.0,0.0
2025-06-02 00:00:00-04:00,71.75,74.04499816894531,71.61000061035156,73.01000213623047,2500800,0.0,0.0
2025-06-03 00:00:00-04:00,72.9800033569336,73.97000122070312,71.87999725341797,72.97000122070312,3499900,0.0,0.0
2025-06-04 00:00:00-04:00,72.87999725341797,74.66000366210938,72.75,73.69000244140625,3034100,0.0,0.0
2025-06-05 00:00:00-04:00,73.76000213623047,76.5,73.6500015258789,74.5999984741211,3850600,0.0,0.0
2025-06-06 00:00:00-04:00,76.37999725341797,78.7300033569336,74.69999694824219,78.5,5685200,0.0,0.0
2025-06-09 00:00:00-04:00,79.41000366210938,79.63999938964844,78.13500213623047,79.58999633789062,2989800,0.0,0.0
2025-06-10 00:00:00-04:00,79.65499877929688,81.75,79.36000061035156,79.91000366210938,3886500,0.0,0.0
2025-06-11 00:00:00-04:00,80.30999755859375,81.83999633789062,79.51000213623047,80.4800033569336,2306200,0.0,0.0
2025-06-12 00:00:00-04:00,78.9800033569336,79.80000305175781,76.15899658203125,76.75,3687000,0.0,0.0
2025-06-13 00:00:00-04:00,74.94999694824219,76.36000061035156,73.91000366210938,74.41000366210938,3220800,0.0,0.0
2025-06-16 00:00:00-04:00,81.31999969482422,84.37999725341797,79.91000366210938,82.16999816894531,9933100,0.0,0.0
2025-06-17 00:00:00-04:00,84.29000091552734,85.4000015258789,79.79000091552734,80.62999725341797,5593400,0.0,0.0
2025-06-18 00:00:00-04:00,80.69999694824219,82.44000244140625,80.12999725341797,81.43000030517578,3096700,0.0,0.0
2025-06-20 00:00:00-04:00,82.29000091552734,82.62000274658203,80.62999725341797,80.98999786376953,2587400,0.0,0.0
2025-06-23 00:00:00-04:00,80.61000061035156,80.9800033569336,77.63999938964844,80.9000015258789,4781300,0.0,0.0
2025-06-24 00:00:00-04:00,80.98999786376953,83.70999908447266,80.62000274658203,83.69000244140625,3838300,0.0,0.0
2025-06-25 00:00:00-04:00,84.25,85.30000305175781,83.30000305175781,83.62999725341797,3207200,0.0,0.0
2025-06-26 00:00:00-04:00,83.7249984741211,86.94000244140625,82.5999984741211,86.5,3259300,0.0,0.0
2025-06-27 00:00:00-04:00,87.12000274658203,87.7300033569336,85.13600158691406,86.94000244140625,3631500,0.0,0.0
2025-06-30 00:00:00-04:00,88.5250015258789,89.06400299072266,87.0999984741211,87.88999938964844,3011100,0.0,0.0
2025-07-01 00:00:00-04:00,86.73999786376953,89.19999694824219,86.0,86.19999694824219,3487900,0.0,0.0
2025-07-02 00:00:00-04:00,86.4000015258789,88.04900360107422,85.51000213623047,86.4000015258789,2833700,0.0,0.0
2025-07-03 00:00:00-04:00,87.95999908447266,88.98999786376953,86.83000183105469,88.2699966430664,2047200,0.0,0.0
2025-07-07 00:00:00-04:00,87.15499877929688,88.12000274658203,85.81999969482422,88.05999755859375,2961800,0.0,0.0
2025-07-08 00:00:00-04:00,88.5,89.6500015258789,87.33000183105469,88.13999938964844,1831200,0.0,0.0
2025-07-09 00:00:00-04:00,88.13999938964844,88.94999694824219,87.18000030517578,88.62999725341797,1917500,0.0,0.0
2025-07-10 00:00:00-04:00,91.0,91.66000366210938,88.05999755859375,90.25,3051600,0.0,0.0
2025-07-11 00:00:00-04:00,89.73999786376953,90.48300170898438,88.55999755859375,88.98999786376953,2254600,0.0,0.0
2025-07-14 00:00:00-04:00,88.91999816894531,90.76000213623047,88.80999755859375,89.82499694824219,2275800,0.0,0.0
2025-07-15 00:00:00-04:00,90.1500015258789,91.06999969482422,89.13099670410156,89.27999877929688,2240600,0.0,0.0
2025-07-16 00:00:00-04:00,88.86000061035156,91.38999938964844,88.61000061035156,90.9000015258789,2744300,0.0,0.0
2025-07-17 00:00:00-04:00,91.33000183105469,92.37000274658203,90.29499816894531,91.0999984741211,2509600,0.0,0.0
2025-07-18 00:00:00-04:00,92.20999908447266,93.77999877929688,90.97699737548828,93.29000091552734,2730900,0.0,0.0
2025-07-21 00:00:00-04:00,94.3499984741211,95.16000366210938,91.30999755859375,91.69000244140625,3867400,0.0,0.0
2025-07-22 00:00:00-04:00,91.0,91.04000091552734,88.20999908447266,89.55000305175781,2913700,0.0,0.0
2025-07-23 00:00:00-04:00,89.22000122070312,90.66999816894531,88.9469985961914,90.25,2451800,0.0,0.0
2025-07-24 00:00:00-04:00,90.19000244140625,91.19999694824219,89.62000274658203,90.05000305175781,2766300,0.0,0.0
2025-07-25 00:00:00-04:00,90.05000305175781,90.61000061035156,89.41999816894531,90.12000274658203,1972600,0.0,0.0
2025-07-28 00:00:00-04:00,91.18399810791016,94.69000244140625,90.94999694824219,93.6500015258789,4245600,0.0,0.0
2025-07-29 00:00:00-04:00,93.80500030517578,93.9800033569336,88.69000244140625,90.37999725341797,4261600,0.0,0.0
2025-07-30 00:00:00-04:00,90.80000305175781,92.70999908447266,90.5999984741211,92.0,3139200,0.0,0.0
2025-07-31 00:00:00-04:00,92.58000183105469,95.19999694824219,92.33000183105469,94.16000366210938,8896000,0.0,0.0
2025-08-01 00:00:00-04:00,85.22000122070312,85.45999908447266,79.05000305175781,79.9800033569336,15378000,0.0,0.0
2025-08-04 00:00:00-04:00,81.40499877929688,86.4800033569336,81.0,85.83000183105469,8256100,0.0,0.0
2025-08-05 00:00:00-04:00,85.18000030517578,85.55000305175781,82.42500305175781,83.63999938964844,5289700,0.0,0.0
2025-08-06 00:00:00-04:00,83.75,86.63999938964844,83.0,84.93000030517578,3852500,0.0,0.0
2025-08-07 00:00:00-04:00,85.58999633789062,85.91000366210938,81.66999816894531,83.11000061035156,4372900,0.0,0.0
2025-08-08 00:00:00-04:00,81.91000366210938,83.23999786376953,81.29499816894531,83.20999908447266,3935900,0.0,0.0
2025-08-11 00:00:00-04:00,83.19000244140625,83.79000091552734,81.18000030517578,81.98999786376953,3240500,0.0,0.0
2025-08-12 00:00:00-04:00,83.12999725341797,84.47000122070312,82.4800033569336,84.31999969482422,3051400,0.0,0.0
2025-08-13 00:00:00-04:00,84.66000366210938,88.47000122070312,84.5,88.08999633789062,4416100,0.0,0.0
2025-08-14 00:00:00-04:00,87.30000305175781,88.69999694824219,86.25,87.51000213623047,2955500,0.0,0.0
2025-08-15 00:00:00-04:00,88.13999938964844,91.62999725341797,87.26000213623047,90.29000091552734,4118000,0.0,0.0
2025-08-18 00:00:00-04:00,90.54000091552734,92.63999938964844,90.44000244140625,92.33000183105469,3291600,0.0,0.0
2025-08-19 00:00:00-04:00,92.16000366210938,92.48999786376953,88.6500015258789,88.80000305175781,3431200,0.0,0.0
2025-08-20 00:00:00-04:00,88.01000213623047,89.05000305175781,86.53500366210938,88.47000122070312,2899100,0.0,0.0
2025-08-21 00:00:00-04:00,88.13999938964844,91.1500015258789,87.51000213623047,90.61000061035156,3753300,0.0,0.0
2025-08-22 00:00:00-04:00,90.8499984741211,95.72000122070312,90.0,94.22000122070312,4123000,0.0,0.0
2025-08-25 00:00:00-04:00,93.90499877929688,96.25,93.45500183105469,93.98999786376953,3855100,0.0,0.0
2025-08-26 00:00:00-04:00,94.27999877929688,95.7300033569336,94.22000122070312,95.55999755859375,2730300,0.0,0.0
2025-08-27 00:00:00-04:00,95.55999755859375,96.5,95.5,96.18000030517578,2163500,0.0,0.0
2025-08-28 00:00:00-04:00,96.95999908447266,98.05999755859375,96.29000091552734,97.54000091552734,1915000,0.0,0.0
2025-08-29 00:00:00-04:00,97.4800033569336,98.0199966430664,95.61000061035156,96.55999755859375,2681700,0.0,0.0
2025-09-02 00:00:00-04:00,94.0999984741211,96.13999938964844,92.76399993896484,95.86000061035156,2816900,0.0,0.0
2025-09-03 00:00:00-04:00,96.5,98.88999938964844,96.0199966430664,98.47000122070312,3615100,0.0,0.0
2025-09-04 00:00:00-04:00,98.63999938964844,99.9800033569336,96.69999694824219,97.1500015258789,3646000,0.0,0.0
2025-09-05 00:00:00-04:00,98.0,99.8499984741211,94.87999725341797,95.23999786376953,3245900,0.0,0.0
2025-09-08 00:00:00-04:00,97.91000366210938,99.98999786376953,96.20999908447266,99.38999938964844,4384700,0.0,0.0
2025-09-09 00:00:00-04:00,99.3499984741211,101.19999694824219,96.4800033569336,96.98999786376953,4310500,0.0,0.0
2025-09-10 00:00:00-04:00,97.12999725341797,97.56999969482422,92.94000244140625,94.94000244140625,4174500,0.0,0.0
2025-09-11 00:00:00-04:00,95.0999984741211,96.8550033569336,94.43000030517578,96.38999938964844,3078000,0.0,0.0
2025-09-12 00:00:00-04:00,96.30999755859375,97.20999908447266,92.41200256347656,94.5199966430664,3833500,0.0,0.0
2025-09-15 00:00:00-04:00,94.5199966430664,95.45999908447266,93.2750015258789,93.91999816894531,2997300,0.0,0.0
2025-09-16 00:00:00-04:00,95.75,98.43000030517578,95.3499984741211,97.91000366210938,4660500,0.0,0.0
2025-09-17 00:00:00-04:00,97.4000015258789,99.94000244140625,96.91999816894531,98.33999633789062,3040000,0.0,0.0
2025-09-18 00:00:00-04:00,99.73999786376953,100.73999786376953,97.87000274658203,99.16000366210938,2310400,0.0,0.0
2025-09-19 00:00:00-04:00,98.61000061035156,101.94000244140625,98.61000061035156,101.77999877929688,3839000,0.0,0.0
2025-09-22 00:00:00-04:00,101.26499938964844,103.16000366210938,98.66000366210938,99.05000305175781,3571000,0.0,0.0
2025-09-23 00:00:00-04:00,99.5199966430664,102.1500015258789,97.66500091552734,99.0,2763700,0.0,0.0
2025-09-24 00:00:00-04:00,99.45999908447266,100.19499969482422,97.55999755859375,98.20999908447266,2782300,0.0,0.0
2025-09-25 00:00:00-04:00,96.7300033569336,98.5999984741211,95.33999633789062,98.01000213623047,2175000,0.0,0.0
2025-09-26 00:00:00-04:00,97.75,99.73999786376953,97.32499694824219,99.5999984741211,2270600,0.0,0.0
2025-09-29 00:00:00-04:00,100.47000122070312,101.1719970703125,99.27999877929688,100.08000183105469,3802500,0.0,0.0
2025-09-30 00:00:00-04:00,100.26000213623047,101.27999877929688,97.93000030517578,100.12999725341797,2868600,0.0,0.0
2025-10-01 00:00:00-04:00,99.0199966430664,105.11000061035156,98.8499984741211,103.56999969482422,5191600,0.0,0.0
2025-10-02 00:00:00-04:00,104.91999816894531,105.45099639892578,103.0,103.83999633789062,2888200,0.0,0.0
2025-10-03 00:00:00-04:00,104.2300033569336,104.8499984741211,102.08000183105469,103.8499984741211,2698600,0.0,0.0
2025-10-06 00:00:00-04:00,104.83499908447266,105.44999694824219,100.6500015258789,104.83999633789062,2629400,0.0,0.0
2025-10-07 00:00:00-04:00,104.83999633789062,107.25,101.0999984741211,101.83000183105469,2478000,0.0,0.0
2025-10-08 00:00:00-04:00,102.0199966430664,102.25,98.68000030517578,99.93000030517578,2361100,0.0,0.0
2025-10-09 00:00:00-04:00,100.0,101.31999969482422,96.87999725341797,97.13999938964844,2875700,0.0,0.0
2025-10-10 00:00:00-04:00,97.04000091552734,97.56999969482422,91.68499755859375,92.0199966430664,3932000,0.0,0.0
2025-10-13 00:00:00-04:00,93.98999786376953,95.41600036621094,92.83499908447266,93.83000183105469,1864800,0.0,0.0
2025-10-14 00:00:00-04:00,92.0,95.52999877929688,91.09500122070312,94.4000015258789,1956500,0.0,0.0
2025-10-15 00:00:00-04:00,95.88999938964844,98.94499969482422,94.7959976196289,98.58000183105469,2530000,0.0,0.0
2025-10-16 00:00:00-04:00,98.91000366210938,99.80000305175781,93.7699966430664,95.33000183105469,2643400,0.0,0.0
2025-10-17 00:00:00-04:00,94.56999969482422,95.69000244140625,93.32499694824219,94.20999908447266,1972700,0.0,0.0
2025-10-20 00:00:00-04:00,95.05000305175781,96.93000030517578,94.66000366210938,96.27999877929688,1790000,0.0,0.0
2025-10-21 00:00:00-04:00,96.1500015258789,99.36000061035156,96.0,97.48999786376953,2168100,0.0,0.0
2025-10-22 00:00:00-04:00,97.1500015258789,98.1500015258789,93.18000030517578,96.02999877929688,2816100,0.0,0.0
2025-10-23 00:00:00-04:00,96.41000366210938,99.1050033569336,95.78099822998047,98.27999877929688,2262900,0.0,0.0
2025-10-24 00:00:00-04:00,99.80000305175781,100.38999938964844,96.0999984741211,96.29000091552734,2375500,0.0,0.0
2025-10-27 00:00:00-04:00,97.50499725341797,99.5,96.125,98.80999755859375,2004200,0.0,0.0
2025-10-28 00:00:00-04:00,99.63999938964844,100.0999984741211,98.3550033569336,99.01000213623047,2125400,0.0,0.0
2025-10-29 00:00:00-04:00,98.22000122070312,99.33000183105469,95.83999633789062,98.61000061035156,2343600,0.0,0.0
2025-10-30 00:00:00-04:00,96.91000366210938,103.0,96.91000366210938,100.02999877929688,7151200,0.0,0.0
2025-10-31 00:00:00-04:00,96.9000015258789,116.66000366210938,96.7699966430664,106.12999725341797,15562700,0.0,0.0
2025-11-03 00:00:00-05:00,109.45999908447266,111.29000091552734,106.0,108.62999725341797,5385800,0.0,0.0
2025-11-04 00:00:00-05:00,105.83000183105469,106.79000091552734,102.56999969482422,106.0999984741211,3529800,0.0,0.0
2025-11-05 00:00:00-05:00,106.63999938964844,108.79000091552734,104.23999786376953,105.66999816894531,2734400,0.0,0.0
2025-11-06 00:00:00-05:00,107.58999633789062,108.38999938964844,104.19999694824219,104.81999969482422,3454900,0.0,0.0
2025-11-07 00:00:00-05:00,102.9000015258789,103.0,98.71099853515625,102.30000305175781,5236300,0.0,0.0
2025-11-10 00:00:00-05:00,103.30000305175781,106.61000061035156,100.97000122070312,105.0,2838800,0.0,0.0
2025-11-11 00:00:00-05:00,104.55999755859375,107.41999816894531,104.55999755859375,106.79000091552734,2209900,0.0,0.0
2025-11-12 00:00:00-05:00,107.5199966430664,108.0,105.45999908447266,105.91999816894531,1863100,0.0,0.0
2025-11-13 00:00:00-05:00,104.55999755859375,104.76000213623047,97.79000091552734,100.01000213623047,3056100,0.0,0.0
2025-11-14 00:00:00-05:00,97.05999755859375,102.69499969482422,95.58000183105469,99.7699966430664,2686900,0.0,0.0
2025-11-17 00:00:00-05:00,99.08999633789062,99.5199966430664,95.96499633789062,96.88999938964844,2465400,0.0,0.0
2025-11-18 00:00:00-05:00,95.08999633789062,96.45500183105469,92.822998046875,95.2699966430664,2972200,0.0,0.0
2025-11-19 00:00:00-05:00,94.83999633789062,95.9000015258789,92.20999908447266,93.0999984741211,2320800,0.0,0.0
2025-11-20 00:00:00-05:00,95.0,97.4739990234375,90.61000061035156,90.98999786376953,3343000,0.0,0.0
2025-11-21 00:00:00-05:00,91.36000061035156,94.52999877929688,90.54499816894531,93.31999969482422,2616900,0.0,0.0
2025-11-24 00:00:00-05:00,93.04000091552734,94.77999877929688,92.18000030517578,93.58000183105469,2468200,0.0,0.0
2025-11-25 00:00:00-05:00,93.58000183105469,95.58000183105469,92.55999755859375,94.87999725341797,2559600,0.0,0.0
2025-11-26 00:00:00-05:00,95.31999969482422,97.63999938964844,95.13999938964844,95.62999725341797,1948100,0.0,0.0
2025-11-28 00:00:00-05:00,95.69999694824219,96.93000030517578,94.61000061035156,96.79000091552734,1024300,0.0,0.0
2025-12-01 00:00:00-05:00,95.63999938964844,96.88999938964844,94.19999694824219,96.5199966430664,2156000,0.0,0.0
2025-12-02 00:00:00-05:00,96.5199966430664,99.0999984741211,95.7300033569336,98.26000213623047,2717900,0.0,0.0
2025-12-03 00:00:00-05:00,97.3499984741211,97.58999633789062,91.7699966430664,92.9800033569336,4452900,0.0,0.0
2025-12-04 00:00:00-05:00,93.5199966430664,95.94999694824219,91.65499877929688,94.54000091552734,3435800,0.0,0.0
2025-12-05 00:00:00-05:00,93.0,101.29000091552734,92.87999725341797,100.08999633789062,4984500,0.0,0.0
2025-12-08 00:00:00-05:00,100.87000274658203,102.8499984741211,100.2699966430664,101.69999694824219,2877600,0.0,0.0
2025-12-09 00:00:00-05:00,101.38999938964844,106.02999877929688,101.23500061035156,105.55999755859375,2935500,0.0,0.0
2025-12-10 00:00:00-05:00,105.98999786376953,106.0999984741211,102.7249984741211,105.36000061035156,2074900,0.0,0.0
2025-12-11 00:00:00-05:00,109.44999694824219,112.41999816894531,105.66000366210938,106.30000305175781,5043100,0.0,0.0
2025-12-12 00:00:00-05:00,108.77999877929688,109.95500183105469,106.41999816894531,107.47000122070312,2990700,0.0,0.0
2025-12-15 00:00:00-05:00,107.44000244140625,110.11000061035156,107.0,109.0250015258789,3877100,0.0,0.0
2025-12-16 00:00:00-05:00,113.39800262451172,113.4000015258789,106.46499633789062,111.08999633789062,5178600,0.0,0.0
2025-12-17 00:00:00-05:00,111.33000183105469,112.25,107.38999938964844,107.69000244140625,2910300,0.0,0.0
2025-12-18 00:00:00-05:00,109.01000213623047,112.69000244140625,108.9800033569336,110.87000274658203,2681200,0.0,0.0
2025-12-19 00:00:00-05:00,111.45999908447266,112.31999969482422,108.12999725341797,108.81999969482422,3391100,0.0,0.0
2025-12-22 00:00:00-05:00,109.20999908447266,113.56999969482422,109.08999633789062,109.80000305175781,2472000,0.0,0.0
2025-12-23 00:00:00-05:00,109.0,110.80000305175781,107.2300033569336,110.3499984741211,2242500,0.0,0.0
2025-12-24 00:00:00-05:00,110.20999908447266,111.2300033569336,109.2509994506836,110.68000030517578,904000,0.0,0.0
2025-12-26 00:00:00-05:00,110.5999984741211,112.7300033569336,109.82499694824219,112.08000183105469,1576900,0.0,0.0
2025-12-29 00:00:00-05:00,111.4000015258789,111.93000030517578,109.91999816894531,111.23999786376953,2880800,0.0,0.0
2025-12-30 00:00:00-05:00,111.0,112.125,110.30000305175781,110.81999969482422,1313000,0.0,0.0
2025-12-31 00:00:00-05:00,110.43000030517578,110.72000122070312,108.25,108.48999786376953,1700300,0.0,0.0
2026-01-02 00:00:00-05:00,109.15499877929688,111.05999755859375,108.06999969482422,108.72000122070312,1948300,0.0,0.0
2026-01-05 00:00:00-05:00,111.12000274658203,116.05999755859375,110.91000366210938,114.68000030517578,3503500,0.0,0.0
2026-01-06 00:00:00-05:00,114.94999694824219,115.2249984741211,111.13999938964844,113.27999877929688,2658700,0.0,0.0
2026-01-07 00:00:00-05:00,112.8499984741211,113.2300033569336,108.47000122070312,110.30000305175781,2841600,0.0,0.0
2026-01-08 00:00:00-05:00,112.01000213623047,113.62999725341797,108.4000015258789,108.86000061035156,3376500,0.0,0.0
2026-01-09 00:00:00-05:00,112.27999877929688,115.0,110.39700317382812,111.16999816894531,4262000,0.0,0.0
2026-01-12 00:00:00-05:00,111.22000122070312,116.33000183105469,106.68000030517578,110.72000122070312,4579800,0.0,0.0
2026-01-13 00:00:00-05:00,110.3499984741211,112.20500183105469,109.0,110.51000213623047,2437200,0.0,0.0
2026-01-14 00:00:00-05:00,109.4000015258789,109.66500091552734,105.197998046875,107.55000305175781,3096900,0.0,0.0
2026-01-15 00:00:00-05:00,107.55999755859375,108.31999969482422,103.93000030517578,104.97000122070312,3162800,0.0,0.0
2026-01-16 00:00:00-05:00,105.11000061035156,105.5999984741211,103.2699966430664,103.66000366210938,2231000,0.0,0.0
2026-01-20 00:00:00-05:00,100.552001953125,104.88999938964844,100.552001953125,102.75,2780200,0.0,0.0
2026-01-21 00:00:00-05:00,102.75,104.66000366210938,101.4000015258789,104.26000213623047,2819100,0.0,0.0
2026-01-22 00:00:00-05:00,105.52999877929688,107.45999908447266,104.83999633789062,107.2300033569336,2612800,0.0,0.0
2026-01-23 00:00:00-05:00,107.12999725341797,107.625,103.9990005493164,106.2300033569336,2336800,0.0,0.0
2026-01-26 00:00:00-05:00,106.23999786376953,107.73999786376953,105.04000091552734,107.0,1827900,0.0,0.0
2026-01-27 00:00:00-05:00,107.19999694824219,107.4800033569336,103.63999938964844,104.58000183105469,2163100,0.0,0.0
2026-01-28 00:00:00-05:00,104.7300033569336,105.13999938964844,100.66000366210938,100.83999633789062,2516600,0.0,0.0
2026-01-29 00:00:00-05:00,101.37000274658203,101.66999816894531,98.5,100.45999908447266,2531000,0.0,0.0
2026-01-30 00:00:00-05:00,99.82499694824219,99.87999725341797,94.55999755859375,95.19999694824219,4560100,0.0,0.0
2026-02-02 00:00:00-05:00,94.66000366210938,97.83999633789062,94.66000366210938,96.18000030517578,2893100,0.0,0.0
2026-02-03 00:00:00-05:00,97.79000091552734,97.91999816894531,92.88500213623047,93.87999725341797,4130800,0.0,0.0
2026-02-04 00:00:00-05:00,93.37999725341797,94.91999816894531,90.2300033569336,92.12999725341797,3764800,0.0,0.0
2026-02-05 00:00:00-05:00,89.22000122070312,89.79199981689453,82.72000122070312,86.05000305175781,6383500,0.0,0.0
2026-02-06 00:00:00-05:00,86.66999816894531,89.0,84.37100219726562,85.8499984741211,4327300,0.0,0.0
2026-02-09 00:00:00-05:00,87.05999755859375,89.91999816894531,85.93000030517578,88.5199966430664,3176300,0.0,0.0
2026-02-10 00:00:00-05:00,89.66000366210938,91.83999633789062,88.9749984741211,90.91000366210938,3284900,0.0,0.0
2026-02-11 00:00:00-05:00,91.08999633789062,91.25,86.62000274658203,87.88999938964844,3749100,0.0,0.0
2026-02-12 00:00:00-05:00,87.55999755859375,89.12999725341797,78.52999877929688,82.93000030517578,11347500,0.0,0.0
2026-02-13 00:00:00-05:00,96.55000305175781,96.55000305175781,86.58000183105469,90.05999755859375,14461000,0.0,0.0
2026-02-17 00:00:00-05:00,87.76000213623047,90.3499984741211,85.43000030517578,88.58000183105469,5912000,0.0,0.0
2026-02-18 00:00:00-05:00,89.44000244140625,91.2699966430664,88.08399963378906,90.20999908447266,4130700,0.0,0.0
2026-02-19 00:00:00-05:00,89.16000366210938,90.93499755859375,88.44999694824219,89.61000061035156,2975000,0.0,0.0
2026-02-20 00:00:00-05:00,89.05999755859375,90.80000305175781,87.9800033569336,89.05999755859375,2873500,0.0,0.0
2026-02-23 00:00:00-05:00,88.0,88.16000366210938,83.45999908447266,84.41999816894531,3311900,0.0,0.0
2026-02-24 00:00:00-05:00,84.4000015258789,87.7699966430664,84.08999633789062,87.68000030517578,3247800,0.0,0.0
2026-02-25 00:00:00-05:00,88.02999877929688,92.69000244140625,87.2699966430664,92.27999877929688,4071000,0.0,0.0
2026-02-26 00:00:00-05:00,92.12000274658203,94.1500015258789,91.30999755859375,93.47000122070312,2847700,0.0,0.0
2026-02-27 00:00:00-05:00,92.97000122070312,98.45999908447266,92.5199966430664,98.41000366210938,4778500,0.0,0.0
2026-03-02 00:00:00-05:00,96.55999755859375,98.5,95.56999969482422,98.08999633789062,2469600,0.0,0.0
2026-03-03 00:00:00-05:00,95.75499725341797,96.5999984741211,93.69999694824219,94.06999969482422,5016500,0.0,0.0
2026-03-04 00:00:00-05:00,94.06999969482422,98.94999694824219,93.94000244140625,97.51000213623047,4591800,0.0,0.0
2026-03-05 00:00:00-05:00,98.1500015258789,101.36000061035156,96.9800033569336,98.11000061035156,3218000,0.0,0.0
2026-03-06 00:00:00-05:00,96.51000213623047,100.95999908447266,95.23500061035156,100.56999969482422,3992700,0.0,0.0
2026-03-09 00:00:00-04:00,97.80000305175781,100.25,94.875,100.16999816894531,3037500,0.0,0.0
2026-03-10 00:00:00-04:00,100.16999816894531,102.06999969482422,97.5250015258789,100.55000305175781,3411600,0.0,0.0
2026-03-11 00:00:00-04:00,100.5,103.05000305175781,98.88999938964844,100.73999786376953,2629900,0.0,0.0
2026-03-12 00:00:00-04:00,99.4800033569336,101.94999694824219,94.3499984741211,94.80000305175781,2886900,0.0,0.0
2026-03-13 00:00:00-04:00,95.08000183105469,96.19999694824219,91.29000091552734,91.6500015258789,2961200,0.0,0.0
2026-03-16 00:00:00-04:00,92.26000213623047,96.36000061035156,92.0,95.18000030517578,2174700,0.0,0.0
2026-03-17 00:00:00-04:00,96.27999877929688,99.19999694824219,95.97000122070312,96.30000305175781,1686400,0.0,0.0
2026-03-18 00:00:00-04:00,96.05999755859375,97.84400177001953,94.87999725341797,95.66000366210938,2812300,0.0,0.0
2026-03-19 00:00:00-04:00,94.72000122070312,96.6449966430664,93.7249984741211,95.86000061035156,2317300,0.0,0.0
2026-03-20 00:00:00-04:00,95.73999786376953,96.01000213623047,91.68000030517578,93.2699966430664,2899600,0.0,0.0
2026-03-23 00:00:00-04:00,94.6500015258789,98.93000030517578,93.97000122070312,97.80999755859375,2568900,0.0,0.0
2026-03-24 00:00:00-04:00,96.61000061035156,97.72599792480469,94.44000244140625,95.58999633789062,2143200,0.0,0.0
2026-03-25 00:00:00-04:00,97.41999816894531,99.22000122070312,93.30999755859375,95.05999755859375,1930900,0.0,0.0
2026-03-26 00:00:00-04:00,92.93000030517578,95.83000183105469,88.24500274658203,89.02999877929688,3424600,0.0,0.0
2026-03-27 00:00:00-04:00,87.70999908447266,88.23500061035156,84.9000015258789,87.1500015258789,2150400,0.0,0.0
2026-03-30 00:00:00-04:00,88.66999816894531,89.76000213623047,87.26499938964844,88.2300033569336,2104400,0.0,0.0
2026-03-31 00:00:00-04:00,89.55000305175781,95.81999969482422,89.55000305175781,94.62000274658203,2796400,0.0,0.0
2026-04-01 00:00:00-04:00,96.0199966430664,97.27999877929688,94.22000122070312,94.9000015258789,1874400,0.0,0.0
2026-04-02 00:00:00-04:00,91.5999984741211,98.8499984741211,90.2300033569336,97.66000366210938,2755200,0.0,0.0
2026-04-06 00:00:00-04:00,98.54000091552734,99.93800354003906,97.27999877929688,98.19999694824219,1944500,0.0,0.0
2026-04-07 00:00:00-04:00,96.98999786376953,100.2300033569336,96.56999969482422,98.52999877929688,2396900,0.0,0.0
2026-04-08 00:00:00-04:00,105.0,105.7300033569336,100.30500030517578,100.98999786376953,2967900,0.0,0.0
2026-04-09 00:00:00-04:00,100.7300033569336,101.36000061035156,98.0,100.04000091552734,1916100,0.0,0.0
2026-04-10 00:00:00-04:00,100.87999725341797,102.93000030517578,97.68000030517578,102.47000122070312,2252200,0.0,0.0
2026-04-13 00:00:00-04:00,102.4000015258789,103.8479995727539,100.11000061035156,103.31999969482422,2428000,0.0,0.0
2026-04-14 00:00:00-04:00,104.19999694824219,107.7229995727539,104.12999725341797,106.54000091552734,2558900,0.0,0.0
2026-04-15 00:00:00-04:00,107.0,109.87999725341797,106.66999816894531,109.33000183105469,2233700,0.0,0.0
2026-04-16 00:00:00-04:00,110.16999816894531,111.93000030517578,108.5999984741211,111.87000274658203,2948100,0.0,0.0
2026-04-17 00:00:00-04:00,113.0,116.80500030517578,112.33000183105469,116.19000244140625,3105900,0.0,0.0
2026-04-20 00:00:00-04:00,115.55000305175781,118.83999633789062,114.33000183105469,118.7300033569336,2324900,0.0,0.0
2026-04-21 00:00:00-04:00,119.83000183105469,120.0,113.45999908447266,114.11000061035156,2810100,0.0,0.0
2026-04-22 00:00:00-04:00,116.36000061035156,118.41000366210938,115.375,118.33999633789062,2540000,0.0,0.0
2026-04-23 00:00:00-04:00,118.12000274658203,118.7300033569336,112.93000030517578,114.95999908447266,2281000,0.0,0.0
2026-04-24 00:00:00-04:00,116.5,116.5,113.20999908447266,115.22000122070312,2236300,0.0,0.0
2026-04-27 00:00:00-04:00,115.48999786376953,116.71499633789062,112.58499908447266,114.37999725341797,2227200,0.0,0.0
2026-04-28 00:00:00-04:00,114.0,114.54000091552734,110.80999755859375,112.27999877929688,1923100,0.0,0.0
2026-04-29 00:00:00-04:00,112.47000122070312,113.38999938964844,111.20999908447266,112.62000274658203,1577000,0.0,0.0
2026-04-30 00:00:00-04:00,113.01000213623047,118.27999877929688,110.0999984741211,116.55999755859375,6452300,0.0,0.0
2026-05-01 00:00:00-04:00,125.49500274658203,127.0,115.0,123.58000183105469,8103800,0.0,0.0
2026-05-04 00:00:00-04:00,124.0,127.9000015258789,122.3499984741211,126.0199966430664,3723300,0.0,0.0
2026-05-05 00:00:00-04:00,127.0,127.56999969482422,123.93000030517578,124.41000366210938,2826600,0.0,0.0
2026-05-06 00:00:00-04:00,125.69000244140625,128.52999877929688,123.75,127.9800033569336,2506000,0.0,0.0
2026-05-07 00:00:00-04:00,128.14999389648438,129.85000610351562,125.81999969482422,126.66999816894531,2060700,0.0,0.0
2026-05-08 00:00:00-04:00,128.00999450683594,130.72000122070312,124.76000213623047,129.52999877929688,2049900,0.0,0.0
2026-05-11 00:00:00-04:00,129.97999572753906,131.38999938964844,127.51000213623047,128.07000732421875,2259100,0.0,0.0
2026-05-12 00:00:00-04:00,128.02000427246094,128.02000427246094,125.25,127.62999725341797,2156000,0.0,0.0
2026-05-13 00:00:00-04:00,128.3300018310547,128.3800048828125,124.55000305175781,125.68000030517578,2571400,0.0,0.0
2026-05-14 00:00:00-04:00,126.20999908447266,128.0,124.26100158691406,125.8499984741211,1922900,0.0,0.0
2026-05-15 00:00:00-04:00,122.55999755859375,125.6500015258789,121.80000305175781,124.0199966430664,1903000,0.0,0.0
2026-05-18 00:00:00-04:00,124.18000030517578,127.27999877929688,123.5,124.1500015258789,1972000,0.0,0.0
2026-05-19 00:00:00-04:00,123.5999984741211,124.4000015258789,119.58999633789062,120.58000183105469,2425000,0.0,0.0
2026-05-20 00:00:00-04:00,121.33000183105469,125.02999877929688,120.20999908447266,124.16000366210938,1907900,0.0,0.0
2026-05-21 00:00:00-04:00,123.46499633789062,127.76000213623047,122.27999877929688,125.08000183105469,1089200,0.0,0.0
2026-05-22 00:00:00-04:00,125.16000366210938,127.87999725341797,125.08499908447266,125.55000305175781,1595400,0.0,0.0
2026-05-26 00:00:00-04:00,127.0,129.14999389648438,125.27999877929688,127.61000061035156,1536400,0.0,0.0
2026-05-27 00:00:00-04:00,128.19000244140625,132.8000030517578,127.6500015258789,131.91000366210938,2452600,0.0,0.0
2026-05-28 00:00:00-04:00,131.89500427246094,132.0,128.1199951171875,131.08999633789062,1535900,0.0,0.0
2026-05-29 00:00:00-04:00,131.08999633789062,133.4600067138672,129.8800048828125,130.17999267578125,2235400,0.0,0.0
2026-06-01 00:00:00-04:00,130.17999267578125,131.0,126.97000122070312,129.02999877929688,1902300,0.0,0.0
2026-06-02 00:00:00-04:00,127.26000213623047,128.6199951171875,124.55999755859375,127.12000274658203,1621900,0.0,0.0
2026-06-03 00:00:00-04:00,125.7300033569336,126.98999786376953,119.48999786376953,122.19999694824219,2360200,0.0,0.0
2026-06-04 00:00:00-04:00,124.73999786376953,128.85499572753906,122.86000061035156,125.58999633789062,1931400,0.0,0.0
2026-06-05 00:00:00-04:00,124.2699966430664,127.45500183105469,120.66000366210938,122.26000213623047,2021900,0.0,0.0
2026-06-08 00:00:00-04:00,125.8499984741211,126.1050033569336,122.58000183105469,123.56999969482422,3621700,0.0,0.0
2026-06-09 00:00:00-04:00,125.41999816894531,127.1500015258789,118.02999877929688,120.91000366210938,3313900,0.0,0.0
2026-06-10 00:00:00-04:00,118.44000244140625,121.12000274658203,116.52999877929688,116.94000244140625,2356300,0.0,0.0
2026-06-11 00:00:00-04:00,117.12999725341797,120.1050033569336,115.0,119.63999938964844,2414700,0.0,0.0
2026-06-12 00:00:00-04:00,124.80999755859375,148.8800048828125,119.66000366210938,143.66000366210938,15006600,0.0,0.0
2026-06-15 00:00:00-04:00,143.89999389648438,145.8800048828125,139.63999938964844,140.89999389648438,27132700,0.0,0.0
2026-06-16 00:00:00-04:00,138.25,140.5500030517578,137.9199981689453,137.9499969482422,15208900,0.0,0.0
2026-06-17 00:00:00-04:00,138.22999572753906,140.32000732421875,137.1699981689453,137.2899932861328,11351507,0.0,0.0
