Date,Open,High,Low,Close,Volume,Dividends,Stock Splits
2024-10-18 00:00:00-04:00,32.959999084472656,35.11199951171875,31.280000686645508,33.279998779296875,26263,0.0,0.0
2024-10-21 00:00:00-04:00,32.88800048828125,35.119998931884766,32.400001525878906,35.040000915527344,38788,0.0,0.0
2024-10-22 00:00:00-04:00,34.0,34.959999084472656,33.599998474121094,34.2400016784668,19113,0.0,0.0
2024-10-23 00:00:00-04:00,34.47999954223633,34.720001220703125,33.68000030517578,34.08000183105469,15888,0.0,0.0
2024-10-24 00:00:00-04:00,34.400001525878906,35.119998931884766,33.82400131225586,35.03200149536133,18975,0.0,0.0
2024-10-25 00:00:00-04:00,33.84000015258789,37.040000915527344,33.599998474121094,35.040000915527344,29738,0.0,0.0
2024-10-28 00:00:00-04:00,35.040000915527344,39.20000076293945,33.119998931884766,37.279998779296875,45638,0.0,0.0
2024-10-29 00:00:00-04:00,37.91999816894531,38.79999923706055,36.880001068115234,37.84000015258789,3675,0.0,0.0
2024-10-30 00:00:00-04:00,37.040000915527344,38.79999923706055,37.040000915527344,37.36000061035156,15750,0.0,0.0
2024-10-31 00:00:00-04:00,38.0,39.20000076293945,36.0,37.68000030517578,15963,0.0,0.0
2024-11-01 00:00:00-04:00,37.599998474121094,38.08000183105469,35.20000076293945,36.2400016784668,9488,0.0,0.0
2024-11-04 00:00:00-05:00,36.31999969482422,37.68000030517578,34.400001525878906,35.20000076293945,15438,0.0,0.0
2024-11-05 00:00:00-05:00,35.599998474121094,36.24800109863281,34.70399856567383,35.20000076293945,10513,0.0,0.0
2024-11-06 00:00:00-05:00,35.68000030517578,35.68000030517578,30.552000045776367,32.400001525878906,10638,0.0,0.0
2024-11-07 00:00:00-05:00,33.279998779296875,34.15999984741211,32.0,32.08000183105469,18675,0.0,0.0
2024-11-08 00:00:00-05:00,33.119998931884766,34.720001220703125,32.63999938964844,34.15999984741211,15150,0.0,0.0
2024-11-11 00:00:00-05:00,34.720001220703125,35.119998931884766,32.0,33.040000915527344,8588,0.0,0.0
2024-11-12 00:00:00-05:00,31.920000076293945,35.448001861572266,30.799999237060547,35.448001861572266,14138,0.0,0.0
2024-11-13 00:00:00-05:00,33.599998474121094,35.20000076293945,32.880001068115234,34.0,30188,0.0,0.0
2024-11-14 00:00:00-05:00,34.79999923706055,37.279998779296875,33.599998474121094,36.63999938964844,12100,0.0,0.0
2024-11-15 00:00:00-05:00,36.720001220703125,36.79999923706055,34.08000183105469,35.7599983215332,16363,0.0,0.0
2024-11-18 00:00:00-05:00,35.91999816894531,36.17599868774414,34.400001525878906,35.20000076293945,2563,0.0,0.0
2024-11-19 00:00:00-05:00,35.7599983215332,37.7599983215332,34.63999938964844,36.79999923706055,14838,0.0,0.0
2024-11-20 00:00:00-05:00,36.400001525878906,37.119998931884766,35.119998931884766,35.119998931884766,11538,0.0,0.0
2024-11-21 00:00:00-05:00,34.880001068115234,39.52000045776367,34.880001068115234,38.400001525878906,7438,0.0,0.0
2024-11-22 00:00:00-05:00,39.599998474121094,40.47999954223633,34.79999923706055,37.91999816894531,13050,0.0,0.0
2024-11-25 00:00:00-05:00,36.08000183105469,39.599998474121094,33.599998474121094,36.79999923706055,16213,0.0,0.0
2024-11-26 00:00:00-05:00,36.880001068115234,37.040000915527344,34.0,34.47999954223633,5700,0.0,0.0
2024-11-27 00:00:00-05:00,36.279998779296875,36.400001525878906,30.719999313354492,35.20000076293945,6300,0.0,0.0
2024-11-29 00:00:00-05:00,36.400001525878906,36.400001525878906,32.400001525878906,34.400001525878906,2263,0.0,0.0
2024-12-02 00:00:00-05:00,33.2400016784668,34.31999969482422,32.880001068115234,33.599998474121094,2738,0.0,0.0
2024-12-03 00:00:00-05:00,33.599998474121094,35.439998626708984,32.959999084472656,35.279998779296875,3638,0.0,0.0
2024-12-04 00:00:00-05:00,35.599998474121094,35.599998474121094,34.2400016784668,35.040000915527344,5275,0.0,0.0
2024-12-05 00:00:00-05:00,35.91999816894531,37.119998931884766,33.599998474121094,33.84000015258789,22250,0.0,0.0
2024-12-06 00:00:00-05:00,33.36000061035156,39.119998931884766,33.36000061035156,36.79999923706055,11388,0.0,0.0
2024-12-09 00:00:00-05:00,37.06399917602539,41.68000030517578,37.06399917602539,37.84000015258789,16000,0.0,0.0
2024-12-10 00:00:00-05:00,38.880001068115234,40.0,37.20000076293945,38.959999084472656,7763,0.0,0.0
2024-12-11 00:00:00-05:00,40.47999954223633,45.31999969482422,39.84000015258789,41.68000030517578,21763,0.0,0.0
2024-12-12 00:00:00-05:00,42.15999984741211,44.79999923706055,41.599998474121094,43.36000061035156,11763,0.0,0.0
2024-12-13 00:00:00-05:00,44.560001373291016,46.70399856567383,42.560001373291016,46.400001525878906,12938,0.0,0.0
2024-12-16 00:00:00-05:00,45.68000030517578,47.439998626708984,44.959999084472656,46.08000183105469,19175,0.0,0.0
2024-12-17 00:00:00-05:00,45.91999816894531,47.599998474121094,44.560001373291016,47.119998931884766,27413,0.0,0.0
2024-12-18 00:00:00-05:00,46.63999938964844,47.119998931884766,45.20000076293945,45.599998474121094,13438,0.0,0.0
2024-12-19 00:00:00-05:00,45.84000015258789,47.040000915527344,45.279998779296875,45.84000015258789,7925,0.0,0.0
2024-12-20 00:00:00-05:00,44.0,47.20000076293945,43.439998626708984,45.91999816894531,20088,0.0,0.0
2024-12-23 00:00:00-05:00,45.599998474121094,45.68000030517578,40.0,40.400001525878906,31225,0.0,0.0
2024-12-24 00:00:00-05:00,41.599998474121094,44.0,38.15999984741211,39.599998474121094,14063,0.0,0.0
2024-12-26 00:00:00-05:00,39.040000915527344,47.91999816894531,38.36000061035156,46.63999938964844,40088,0.0,0.0
2024-12-27 00:00:00-05:00,47.119998931884766,49.91999816894531,46.007999420166016,48.2400016784668,31188,0.0,0.0
2024-12-30 00:00:00-05:00,48.959999084472656,54.08000183105469,48.79999923706055,53.040000915527344,11725,0.0,0.0
2024-12-31 00:00:00-05:00,53.599998474121094,57.2400016784668,51.20800018310547,52.08000183105469,20300,0.0,0.0
2025-01-02 00:00:00-05:00,52.0,53.68000030517578,46.0,46.959999084472656,56275,0.0,0.0
2025-01-03 00:00:00-05:00,46.959999084472656,54.400001525878906,46.79999923706055,48.2400016784668,68563,0.0,0.0
2025-01-06 00:00:00-05:00,51.20000076293945,53.91999816894531,48.007999420166016,51.20000076293945,53625,0.0,0.0
2025-01-07 00:00:00-05:00,52.0,54.0,48.0,48.47999954223633,71863,0.0,0.0
2025-01-08 00:00:00-05:00,49.040000915527344,52.279998779296875,44.91999816894531,48.0,41863,0.0,0.0
2025-01-10 00:00:00-05:00,48.15999984741211,49.20000076293945,45.2400016784668,46.720001220703125,40300,0.0,0.0
2025-01-13 00:00:00-05:00,47.20000076293945,47.20000076293945,33.119998931884766,37.84000015258789,15400,0.0,0.0
2025-01-14 00:00:00-05:00,35.84000015258789,39.20000076293945,34.47999954223633,38.2400016784668,135825,0.0,0.0
2025-01-15 00:00:00-05:00,38.400001525878906,38.400001525878906,21.68000030517578,28.079999923706055,79575,0.0,0.0
2025-01-16 00:00:00-05:00,26.639999389648438,32.959999084472656,23.447999954223633,28.079999923706055,24850,0.0,0.0
2025-01-17 00:00:00-05:00,28.799999237060547,30.31999969482422,24.479999542236328,24.959999084472656,48188,0.0,0.0
2025-01-21 00:00:00-05:00,24.639999389648438,26.1200008392334,19.84000015258789,20.719999313354492,18588,0.0,0.0
2025-01-22 00:00:00-05:00,20.479999542236328,21.143999099731445,16.1200008392334,18.15999984741211,8938,0.0,0.0
2025-01-23 00:00:00-05:00,17.920000076293945,22.399999618530273,17.920000076293945,19.760000228881836,15375,0.0,0.0
2025-01-24 00:00:00-05:00,20.0,24.384000778198242,18.639999389648438,18.639999389648438,35175,0.0,0.0
2025-01-27 00:00:00-05:00,18.639999389648438,20.639999389648438,16.983999252319336,18.399999618530273,8388,0.0,0.0
2025-01-28 00:00:00-05:00,19.1200008392334,21.200000762939453,17.280000686645508,19.360000610351562,39613,0.0,0.0
2025-01-29 00:00:00-05:00,20.0,20.079999923706055,18.799999237060547,19.040000915527344,1263,0.0,0.0
2025-01-30 00:00:00-05:00,19.040000915527344,19.760000228881836,17.06399917602539,18.799999237060547,35850,0.0,0.0
2025-01-31 00:00:00-05:00,18.799999237060547,20.040000915527344,15.15999984741211,16.399999618530273,5700,0.0,0.0
2025-02-03 00:00:00-05:00,14.960000038146973,16.711999893188477,13.600000381469727,15.359999656677246,725,0.0,0.0
2025-02-04 00:00:00-05:00,14.800000190734863,16.959999084472656,14.479999542236328,16.959999084472656,1925,0.0,0.0
2025-02-05 00:00:00-05:00,18.239999771118164,20.0,16.399999618530273,19.360000610351562,12488,0.0,0.0
2025-02-06 00:00:00-05:00,19.040000915527344,19.280000686645508,14.239999771118164,14.960000038146973,38313,0.0,0.0
2025-02-07 00:00:00-05:00,15.039999961853027,16.31999969482422,13.520000457763672,13.760000228881836,15913,0.0,0.0
2025-02-10 00:00:00-05:00,13.920000076293945,15.199999809265137,11.359999656677246,14.720000267028809,32600,0.0,0.0
2025-02-11 00:00:00-05:00,15.680000305175781,17.440000534057617,14.720000267028809,15.4399995803833,17938,0.0,0.0
2025-02-12 00:00:00-05:00,14.960000038146973,19.200000762939453,12.479999542236328,15.359999656677246,46025,0.0,0.0
2025-02-13 00:00:00-05:00,13.84000015258789,16.399999618530273,13.84000015258789,15.84000015258789,19425,0.0,0.0
2025-02-14 00:00:00-05:00,15.119999885559082,15.760000228881836,14.880000114440918,15.600000381469727,1425,0.0,0.0
2025-02-18 00:00:00-05:00,15.119999885559082,19.440000534057617,14.5600004196167,19.1200008392334,248588,0.0,0.0
2025-02-19 00:00:00-05:00,18.239999771118164,22.639999389648438,16.399999618530273,20.719999313354492,422400,0.0,0.0
2025-02-20 00:00:00-05:00,21.1200008392334,22.31999969482422,20.559999465942383,21.280000686645508,25563,0.0,0.0
2025-02-21 00:00:00-05:00,21.600000381469727,21.84000015258789,20.079999923706055,20.799999237060547,32375,0.0,0.0
2025-02-24 00:00:00-05:00,21.040000915527344,23.600000381469727,20.799999237060547,22.239999771118164,297525,0.0,0.0
2025-02-25 00:00:00-05:00,21.760000228881836,23.360000610351562,20.0,23.040000915527344,49225,0.0,0.0
2025-02-26 00:00:00-05:00,23.280000686645508,29.440000534057617,21.760000228881836,26.719999313354492,101175,0.0,0.0
2025-02-27 00:00:00-05:00,26.799999237060547,29.399999618530273,26.639999389648438,27.600000381469727,169200,0.0,0.0
2025-02-28 00:00:00-05:00,27.600000381469727,30.399999618530273,27.200000762939453,30.15999984741211,194113,0.0,0.0
2025-03-03 00:00:00-05:00,29.280000686645508,30.799999237060547,28.399999618530273,29.68000030517578,128025,0.0,0.0
2025-03-04 00:00:00-05:00,28.559999465942383,31.440000534057617,28.0,31.280000686645508,523200,0.0,0.0
2025-03-05 00:00:00-05:00,31.200000762939453,32.08000183105469,29.280000686645508,31.520000457763672,57825,0.0,0.0
2025-03-06 00:00:00-05:00,31.040000915527344,34.0,29.520000457763672,30.959999084472656,44075,0.0,0.0
2025-03-07 00:00:00-05:00,30.959999084472656,32.15999984741211,30.239999771118164,32.08000183105469,39075,0.0,0.0
2025-03-10 00:00:00-04:00,31.920000076293945,34.0,29.760000228881836,32.63999938964844,250763,0.0,0.0
2025-03-11 00:00:00-04:00,32.400001525878906,52.0,30.479999542236328,48.0,203713,0.0,0.0
2025-03-12 00:00:00-04:00,57.7599983215332,62.400001525878906,7.440000057220459,9.920000076293945,1385338,0.0,0.0
2025-03-13 00:00:00-04:00,8.0,8.0,5.079999923706055,5.599999904632568,337388,0.0,0.0
2025-03-14 00:00:00-04:00,5.199999809265137,5.519999980926514,4.111999988555908,4.800000190734863,283950,0.0,0.0
2025-03-17 00:00:00-04:00,4.504000186920166,5.800000190734863,4.056000232696533,4.895999908447266,194250,0.0,0.0
2025-03-18 00:00:00-04:00,4.783999919891357,4.800000190734863,4.3520002365112305,4.3520002365112305,46500,0.0,0.0
2025-03-19 00:00:00-04:00,4.223999977111816,4.960000038146973,4.144000053405762,4.400000095367432,82738,0.0,0.0
2025-03-20 00:00:00-04:00,4.263999938964844,5.480000019073486,4.216000080108643,5.239999771118164,75263,0.0,0.0
2025-03-21 00:00:00-04:00,5.0960001945495605,5.191999912261963,4.559999942779541,4.703999996185303,29375,0.0,0.0
2025-03-24 00:00:00-04:00,4.567999839782715,5.119999885559082,4.567999839782715,4.679999828338623,60325,0.0,0.0
2025-03-25 00:00:00-04:00,4.671999931335449,5.119999885559082,4.320000171661377,4.800000190734863,125100,0.0,0.0
2025-03-26 00:00:00-04:00,4.71999979019165,5.119999885559082,4.639999866485596,4.960000038146973,58800,0.0,0.0
2025-03-27 00:00:00-04:00,4.71999979019165,4.880000114440918,4.176000118255615,4.544000148773193,36400,0.0,0.0
2025-03-28 00:00:00-04:00,4.159999847412109,4.464000225067139,4.0879998207092285,4.4079999923706055,24563,0.0,0.0
2025-03-31 00:00:00-04:00,4.239999771118164,4.400000095367432,3.8399999141693115,3.936000108718872,41250,0.0,0.0
2025-04-01 00:00:00-04:00,3.440000057220459,3.9679999351501465,3.3440001010894775,3.5439999103546143,34138,0.0,0.0
2025-04-02 00:00:00-04:00,3.2799999713897705,3.5999999046325684,3.200000047683716,3.368000030517578,27050,0.0,0.0
2025-04-03 00:00:00-04:00,3.319999933242798,4.415999889373779,3.319999933242798,4.239999771118164,62913,0.0,0.0
2025-04-04 00:00:00-04:00,4.111999988555908,4.360000133514404,3.7920000553131104,4.271999835968018,15663,0.0,0.0
2025-04-07 00:00:00-04:00,3.759999990463257,4.072000026702881,3.680000066757202,3.7200000286102295,6425,0.0,0.0
2025-04-08 00:00:00-04:00,4.079999923706055,4.360000133514404,3.8399999141693115,4.111999988555908,13788,0.0,0.0
2025-04-09 00:00:00-04:00,4.079999923706055,5.440000057220459,3.696000099182129,4.639999866485596,85175,0.0,0.0
2025-04-10 00:00:00-04:00,5.199999809265137,7.679999828338623,4.159999847412109,4.159999847412109,642638,0.0,0.0
2025-04-11 00:00:00-04:00,4.0,4.176000118255615,3.759999990463257,4.159999847412109,31638,0.0,0.0
2025-04-14 00:00:00-04:00,4.0320000648498535,4.159999847412109,3.74399995803833,4.079999923706055,21675,0.0,0.0
2025-04-15 00:00:00-04:00,4.079999923706055,4.079999923706055,3.687999963760376,3.992000102996826,4800,0.0,0.0
2025-04-16 00:00:00-04:00,3.680000066757202,3.9839999675750732,3.5999999046325684,3.7760000228881836,26000,0.0,0.0
2025-04-17 00:00:00-04:00,3.9200000762939453,3.9200000762939453,2.759999990463257,3.0799999237060547,76363,0.0,0.0
2025-04-21 00:00:00-04:00,2.799999952316284,3.25600004196167,2.799999952316284,3.0,8338,0.0,0.0
2025-04-22 00:00:00-04:00,3.063999891281128,3.5999999046325684,3.063999891281128,3.4719998836517334,9550,0.0,0.0
2025-04-23 00:00:00-04:00,3.319999933242798,3.759999990463257,3.247999906539917,3.7360000610351562,5863,0.0,0.0
2025-04-24 00:00:00-04:00,3.8399999141693115,3.936000108718872,3.5199999809265137,3.936000108718872,3063,0.0,0.0
2025-04-25 00:00:00-04:00,3.5999999046325684,3.9200000762939453,3.5999999046325684,3.8959999084472656,5150,0.0,0.0
2025-04-28 00:00:00-04:00,3.9519999027252197,3.9519999027252197,3.671999931335449,3.7279999256134033,3463,0.0,0.0
2025-04-29 00:00:00-04:00,3.680000066757202,3.8399999141693115,3.680000066757202,3.759999990463257,4738,0.0,0.0
2025-04-30 00:00:00-04:00,3.5280001163482666,3.9839999675750732,3.5280001163482666,3.5360000133514404,2725,0.0,0.0
2025-05-01 00:00:00-04:00,3.5999999046325684,3.9600000381469727,3.5999999046325684,3.936000108718872,733638,0.0,0.0
2025-05-02 00:00:00-04:00,4.728000164031982,5.0879998207092285,4.064000129699707,4.616000175476074,2632113,0.0,0.0
2025-05-05 00:00:00-04:00,3.9600000381469727,4.671999931335449,3.815999984741211,4.4079999923706055,136138,0.0,0.0
2025-05-06 00:00:00-04:00,3.9839999675750732,4.343999862670898,3.888000011444092,4.1519999504089355,68838,0.0,0.0
2025-05-07 00:00:00-04:00,3.9200000762939453,4.239999771118164,3.9200000762939453,4.199999809265137,24225,0.0,0.0
2025-05-08 00:00:00-04:00,3.9839999675750732,4.199999809265137,3.9200000762939453,4.072000026702881,21925,0.0,0.0
2025-05-09 00:00:00-04:00,3.9839999675750732,4.840000152587891,3.9200000762939453,4.392000198364258,51525,0.0,0.0
2025-05-12 00:00:00-04:00,4.239999771118164,4.480000019073486,4.159999847412109,4.176000118255615,14238,0.0,0.0
2025-05-13 00:00:00-04:00,4.1519999504089355,4.624000072479248,4.007999897003174,4.400000095367432,18250,0.0,0.0
2025-05-14 00:00:00-04:00,4.28000020980835,4.639999866485596,4.168000221252441,4.296000003814697,26000,0.0,0.0
2025-05-15 00:00:00-04:00,4.5279998779296875,5.0,4.28000020980835,4.639999866485596,56100,0.0,0.0
2025-05-16 00:00:00-04:00,4.800000190734863,4.880000114440918,4.559999942779541,4.823999881744385,29438,0.0,0.0
2025-05-19 00:00:00-04:00,4.679999828338623,4.800000190734863,4.400000095367432,4.639999866485596,13050,0.0,0.0
2025-05-20 00:00:00-04:00,4.639999866485596,4.74399995803833,4.400000095367432,4.639999866485596,9838,0.0,0.0
2025-05-21 00:00:00-04:00,4.74399995803833,4.74399995803833,4.015999794006348,4.1519999504089355,16038,0.0,0.0
2025-05-22 00:00:00-04:00,4.5279998779296875,4.5279998779296875,4.199999809265137,4.432000160217285,3513,0.0,0.0
2025-05-23 00:00:00-04:00,4.0960001945495605,4.440000057220459,3.7200000286102295,4.23199987411499,13038,0.0,0.0
2025-05-27 00:00:00-04:00,4.079999923706055,4.400000095367432,4.0,4.263999938964844,6800,0.0,0.0
2025-05-28 00:00:00-04:00,4.239999771118164,4.239999771118164,4.0,4.159999847412109,3575,0.0,0.0
2025-05-29 00:00:00-04:00,4.25600004196167,4.25600004196167,4.0,4.0,5838,0.0,0.0
2025-05-30 00:00:00-04:00,4.176000118255615,4.176000118255615,4.0,4.144000053405762,1250,0.0,0.0
2025-06-02 00:00:00-04:00,4.0,4.392000198364258,3.880000114440918,4.176000118255615,10375,0.0,0.0
2025-06-03 00:00:00-04:00,4.216000080108643,4.3520002365112305,4.02400016784668,4.144000053405762,5400,0.0,0.0
2025-06-04 00:00:00-04:00,4.0,4.159999847412109,4.0,4.072000026702881,4013,0.0,0.0
2025-06-05 00:00:00-04:00,4.0,4.239999771118164,3.8399999141693115,4.015999794006348,35225,0.0,0.0
2025-06-06 00:00:00-04:00,4.0,4.199999809265137,3.9200000762939453,4.079999923706055,11838,0.0,0.0
2025-06-09 00:00:00-04:00,4.0,4.079999923706055,3.8399999141693115,3.8480000495910645,3463,0.0,0.0
2025-06-10 00:00:00-04:00,4.168000221252441,4.168000221252441,3.7760000228881836,3.9519999027252197,4838,0.0,0.0
2025-06-11 00:00:00-04:00,3.7679998874664307,5.199999809265137,3.7679998874664307,4.616000175476074,280200,0.0,0.0
2025-06-12 00:00:00-04:00,4.639999866485596,4.639999866485596,3.5199999809265137,4.0,53600,0.0,0.0
2025-06-13 00:00:00-04:00,4.015999794006348,4.239999771118164,3.680000066757202,3.9600000381469727,12238,0.0,0.0
2025-06-16 00:00:00-04:00,3.8320000171661377,4.047999858856201,3.8239998817443848,3.927999973297119,28475,0.0,0.0
2025-06-17 00:00:00-04:00,4.447999954223633,4.599999904632568,4.0,4.383999824523926,26875,0.0,0.0
2025-06-18 00:00:00-04:00,4.25600004196167,4.400000095367432,4.0,4.191999912261963,9525,0.0,0.0
2025-06-20 00:00:00-04:00,4.104000091552734,4.360000133514404,4.079999923706055,4.296000003814697,4613,0.0,0.0
2025-06-23 00:00:00-04:00,4.296000003814697,4.552000045776367,4.064000129699707,4.064000129699707,4238,0.0,0.0
2025-06-24 00:00:00-04:00,4.440000057220459,4.440000057220459,4.039999961853027,4.28000020980835,3063,0.0,0.0
2025-06-25 00:00:00-04:00,4.239999771118164,4.28000020980835,4.0,4.104000091552734,6763,0.0,0.0
2025-06-26 00:00:00-04:00,3.992000102996826,4.159999847412109,3.880000114440918,4.159999847412109,1400,0.0,0.0
2025-06-27 00:00:00-04:00,4.559999942779541,4.559999942779541,4.02400016784668,4.248000144958496,9463,0.0,0.0
2025-06-30 00:00:00-04:00,4.400000095367432,4.400000095367432,4.079999923706055,4.271999835968018,3688,0.0,0.0
2025-07-01 00:00:00-04:00,4.176000118255615,4.320000171661377,3.927999973297119,4.0960001945495605,9563,0.0,0.0
2025-07-02 00:00:00-04:00,4.007999897003174,4.239999771118164,3.9600000381469727,4.039999961853027,7375,0.0,0.0
2025-07-03 00:00:00-04:00,3.9600000381469727,3.9600000381469727,3.9600000381469727,3.9600000381469727,3538,0.0,0.0
2025-07-07 00:00:00-04:00,3.9600000381469727,3.9600000381469727,3.680000066757202,3.752000093460083,3725,0.0,0.0
2025-07-08 00:00:00-04:00,3.9200000762939453,4.320000171661377,3.680000066757202,4.223999977111816,17225,0.0,0.0
2025-07-09 00:00:00-04:00,4.047999858856201,4.199999809265137,3.864000082015991,3.888000011444092,5938,0.0,0.0
2025-07-10 00:00:00-04:00,3.880000114440918,4.079999923706055,3.759999990463257,4.007999897003174,5788,0.0,0.0
2025-07-11 00:00:00-04:00,3.8399999141693115,4.079999923706055,3.8399999141693115,3.9600000381469727,11513,0.0,0.0
2025-07-14 00:00:00-04:00,3.759999990463257,4.199999809265137,3.759999990463257,3.759999990463257,18150,0.0,0.0
2025-07-15 00:00:00-04:00,3.9519999027252197,4.056000232696533,3.8399999141693115,3.8399999141693115,1588,0.0,0.0
2025-07-16 00:00:00-04:00,3.7760000228881836,4.343999862670898,3.759999990463257,3.880000114440918,27850,0.0,0.0
2025-07-17 00:00:00-04:00,3.880000114440918,4.039999961853027,3.880000114440918,3.880000114440918,4000,0.0,0.0
2025-07-18 00:00:00-04:00,3.8399999141693115,4.400000095367432,3.680000066757202,4.119999885559082,46663,0.0,0.0
2025-07-21 00:00:00-04:00,4.0,4.320000171661377,3.9519999027252197,4.320000171661377,10450,0.0,0.0
2025-07-22 00:00:00-04:00,4.199999809265137,4.311999797821045,3.936000108718872,4.199999809265137,11663,0.0,0.0
2025-07-23 00:00:00-04:00,4.199999809265137,4.664000034332275,3.9519999027252197,4.455999851226807,34125,0.0,0.0
2025-07-24 00:00:00-04:00,4.464000225067139,4.464000225067139,4.191999912261963,4.303999900817871,4163,0.0,0.0
2025-07-25 00:00:00-04:00,4.159999847412109,4.23199987411499,4.0,4.104000091552734,11163,0.0,0.0
2025-07-28 00:00:00-04:00,4.079999923706055,4.559999942779541,4.0320000648498535,4.320000171661377,15913,0.0,0.0
2025-07-29 00:00:00-04:00,4.239999771118164,4.664000034332275,4.0960001945495605,4.248000144958496,31363,0.0,0.0
2025-07-30 00:00:00-04:00,4.3520002365112305,4.855999946594238,4.248000144958496,4.607999801635742,64900,0.0,0.0
2025-07-31 00:00:00-04:00,4.631999969482422,4.71999979019165,4.239999771118164,4.343999862670898,13150,0.0,0.0
2025-08-01 00:00:00-04:00,4.559999942779541,4.559999942779541,4.144000053405762,4.239999771118164,6263,0.0,0.0
2025-08-04 00:00:00-04:00,4.239999771118164,4.639999866485596,4.159999847412109,4.320000171661377,3938,0.0,0.0
2025-08-05 00:00:00-04:00,4.144000053405762,4.199999809265137,4.144000053405762,4.144000053405762,4150,0.0,0.0
2025-08-06 00:00:00-04:00,4.047999858856201,4.328000068664551,4.047999858856201,4.144000053405762,1025,0.0,0.0
2025-08-07 00:00:00-04:00,4.144000053405762,4.400000095367432,4.047999858856201,4.3520002365112305,4050,0.0,0.0
2025-08-08 00:00:00-04:00,4.159999847412109,4.159999847412109,4.119999885559082,4.127999782562256,3625,0.0,0.0
2025-08-11 00:00:00-04:00,4.039999961853027,4.159999847412109,4.0320000648498535,4.0320000648498535,4963,0.0,0.0
2025-08-12 00:00:00-04:00,3.944000005722046,4.199999809265137,3.944000005722046,4.199999809265137,6700,0.0,0.0
2025-08-13 00:00:00-04:00,4.015999794006348,4.159999847412109,3.9600000381469727,4.0,7088,0.0,0.0
2025-08-14 00:00:00-04:00,4.064000129699707,4.480000019073486,4.0,4.4720001220703125,6213,0.0,0.0
2025-08-15 00:00:00-04:00,4.383999824523926,4.383999824523926,4.0,4.0,3225,0.0,0.0
2025-08-18 00:00:00-04:00,4.0320000648498535,4.320000171661377,3.8399999141693115,4.015999794006348,7100,0.0,0.0
2025-08-19 00:00:00-04:00,3.7200000286102295,4.320000171661377,2.9679999351501465,3.440000057220459,20213,0.0,0.0
2025-08-20 00:00:00-04:00,3.7039999961853027,4.159999847412109,3.5199999809265137,3.671999931335449,8088,0.0,0.0
2025-08-21 00:00:00-04:00,3.9200000762939453,3.9200000762939453,3.2079999446868896,3.696000099182129,8650,0.0,0.0
2025-08-22 00:00:00-04:00,3.0799999237060547,3.5999999046325684,3.0799999237060547,3.200000047683716,17713,0.0,0.0
2025-08-25 00:00:00-04:00,3.5199999809265137,3.568000078201294,3.2799999713897705,3.552000045776367,2488,0.0,0.0
2025-08-26 00:00:00-04:00,3.5199999809265137,3.8399999141693115,3.4240000247955322,3.8399999141693115,4425,0.0,0.0
2025-08-27 00:00:00-04:00,3.640000104904175,3.8399999141693115,3.496000051498413,3.752000093460083,2375,0.0,0.0
2025-08-28 00:00:00-04:00,3.752000093460083,3.8399999141693115,3.552000045776367,3.799999952316284,4950,0.0,0.0
2025-08-29 00:00:00-04:00,3.48799991607666,3.5199999809265137,3.200000047683716,3.440000057220459,1725,0.0,0.0
2025-09-02 00:00:00-04:00,3.303999900817871,3.8399999141693115,3.200000047683716,3.4000000953674316,3338,0.0,0.0
2025-09-03 00:00:00-04:00,3.552000045776367,3.552000045776367,3.2320001125335693,3.3919999599456787,1138,0.0,0.0
2025-09-04 00:00:00-04:00,3.2079999446868896,3.5199999809265137,3.191999912261963,3.359999895095825,1363,0.0,0.0
2025-09-05 00:00:00-04:00,3.240000009536743,3.359999895095825,3.0,3.0,6788,0.0,0.0
2025-09-08 00:00:00-04:00,2.9679999351501465,3.359999895095825,2.9679999351501465,3.0880000591278076,7738,0.0,0.0
2025-09-09 00:00:00-04:00,3.200000047683716,3.8320000171661377,3.200000047683716,3.5199999809265137,743150,0.0,0.0
2025-09-10 00:00:00-04:00,5.104000091552734,6.960000038146973,4.007999897003174,5.239999771118164,5918013,0.0,0.0
2025-09-11 00:00:00-04:00,4.584000110626221,5.28000020980835,4.079999923706055,4.736000061035156,121000,0.0,0.0
2025-09-12 00:00:00-04:00,4.559999942779541,5.039999961853027,4.432000160217285,4.5279998779296875,50313,0.0,0.0
2025-09-15 00:00:00-04:00,4.223999977111816,4.320000171661377,3.5199999809265137,3.8480000495910645,48938,0.0,0.0
2025-09-16 00:00:00-04:00,4.079999923706055,4.136000156402588,3.9200000762939453,4.136000156402588,9125,0.0,0.0
2025-09-17 00:00:00-04:00,3.680000066757202,4.072000026702881,3.680000066757202,3.9200000762939453,8925,0.0,0.0
2025-09-18 00:00:00-04:00,3.9200000762939453,4.119999885559082,3.680000066757202,3.8480000495910645,19263,0.0,0.0
2025-09-19 00:00:00-04:00,3.7279999256134033,4.184000015258789,3.7279999256134033,4.064000129699707,6888,0.0,0.0
2025-09-22 00:00:00-04:00,3.888000011444092,4.064000129699707,3.815999984741211,3.9200000762939453,5650,0.0,0.0
2025-09-23 00:00:00-04:00,3.680000066757202,4.0,3.680000066757202,3.936000108718872,13013,0.0,0.0
2025-09-24 00:00:00-04:00,3.680000066757202,3.992000102996826,3.680000066757202,3.8399999141693115,5450,0.0,0.0
2025-09-25 00:00:00-04:00,3.5999999046325684,3.7839999198913574,3.5280001163482666,3.759999990463257,5113,0.0,0.0
2025-09-26 00:00:00-04:00,3.5199999809265137,3.944000005722046,3.5199999809265137,3.671999931335449,8163,0.0,0.0
2025-09-29 00:00:00-04:00,3.503999948501587,3.5199999809265137,2.759999990463257,3.2079999446868896,17588,0.0,0.0
2025-09-30 00:00:00-04:00,3.200000047683716,6.800000190734863,3.0480000972747803,4.455999851226807,1971413,0.0,0.0
2025-10-01 00:00:00-04:00,4.144000053405762,4.920000076293945,4.136000156402588,4.423999786376953,162388,0.0,0.0
2025-10-02 00:00:00-04:00,4.480000019073486,4.760000228881836,4.159999847412109,4.415999889373779,126125,0.0,0.0
2025-10-03 00:00:00-04:00,4.464000225067139,4.631999969482422,4.191999912261963,4.552000045776367,21488,0.0,0.0
2025-10-06 00:00:00-04:00,4.415999889373779,4.552000045776367,4.159999847412109,4.375999927520752,13013,0.0,0.0
2025-10-07 00:00:00-04:00,4.311999797821045,5.440000057220459,4.248000144958496,4.872000217437744,2753063,0.0,0.0
2025-10-08 00:00:00-04:00,4.415999889373779,5.360000133514404,4.191999912261963,4.97599983215332,203500,0.0,0.0
2025-10-09 00:00:00-04:00,4.776000022888184,4.984000205993652,4.559999942779541,4.639999866485596,38975,0.0,0.0
2025-10-10 00:00:00-04:00,4.567999839782715,6.800000190734863,4.567999839782715,5.360000133514404,569363,0.0,0.0
2025-10-13 00:00:00-04:00,4.711999893188477,5.0879998207092285,4.559999942779541,4.808000087738037,49425,0.0,0.0
2025-10-14 00:00:00-04:00,4.808000087738037,5.455999851226807,4.800000190734863,4.895999908447266,67725,0.0,0.0
2025-10-15 00:00:00-04:00,5.159999847412109,5.935999870300293,4.992000102996826,5.855999946594238,1364675,0.0,0.0
2025-10-16 00:00:00-04:00,5.199999809265137,5.544000148773193,5.007999897003174,5.28000020980835,71975,0.0,0.0
2025-10-17 00:00:00-04:00,4.943999767303467,5.119999885559082,4.239999771118164,4.888000011444092,25850,0.0,0.0
2025-10-20 00:00:00-04:00,4.736000061035156,5.0,4.6479997634887695,4.679999828338623,14238,0.0,0.0
2025-10-21 00:00:00-04:00,4.559999942779541,4.639999866485596,4.111999988555908,4.288000106811523,28363,0.0,0.0
2025-10-22 00:00:00-04:00,4.159999847412109,4.23199987411499,3.9200000762939453,4.079999923706055,21200,0.0,0.0
2025-10-23 00:00:00-04:00,4.159999847412109,4.71999979019165,4.111999988555908,4.447999954223633,21963,0.0,0.0
2025-10-24 00:00:00-04:00,4.320000171661377,5.599999904632568,4.223999977111816,4.97599983215332,86238,0.0,0.0
2025-10-27 00:00:00-04:00,4.823999881744385,5.5279998779296875,4.728000164031982,5.184000015258789,16138,0.0,0.0
2025-10-28 00:00:00-04:00,5.343999862670898,5.584000110626221,4.9679999351501465,5.383999824523926,14150,0.0,0.0
2025-10-29 00:00:00-04:00,5.343999862670898,5.495999813079834,5.039999961853027,5.199999809265137,78775,0.0,0.0
2025-10-30 00:00:00-04:00,5.208000183105469,5.28000020980835,4.25600004196167,4.831999778747559,146200,0.0,0.0
2025-10-31 00:00:00-04:00,4.679999828338623,4.831999778747559,4.400000095367432,4.400000095367432,9850,0.0,0.0
2025-11-03 00:00:00-05:00,4.368000030517578,4.400000095367432,2.9600000381469727,3.503999948501587,73738,0.0,0.0
2025-11-04 00:00:00-05:00,3.359999895095825,3.9519999027252197,3.359999895095825,3.687999963760376,14600,0.0,0.0
2025-11-05 00:00:00-05:00,3.5199999809265137,6.679999828338623,3.359999895095825,4.624000072479248,1206263,0.0,0.0
2025-11-06 00:00:00-05:00,4.671999931335449,6.400000095367432,3.48799991607666,4.239999771118164,558038,0.0,0.0
2025-11-07 00:00:00-05:00,3.9600000381469727,4.320000171661377,3.6640000343322754,3.696000099182129,74850,0.0,0.0
2025-11-10 00:00:00-05:00,3.6559998989105225,3.927999973297119,3.368000030517578,3.7200000286102295,22825,0.0,0.0
2025-11-11 00:00:00-05:00,3.5840001106262207,3.7119998931884766,3.368000030517578,3.4719998836517334,12575,0.0,0.0
2025-11-12 00:00:00-05:00,3.687999963760376,3.759999990463257,3.2320001125335693,3.5840001106262207,37650,0.0,0.0
2025-11-13 00:00:00-05:00,3.4719998836517334,3.4719998836517334,3.2079999446868896,3.312000036239624,12388,0.0,0.0
2025-11-14 00:00:00-05:00,3.2799999713897705,3.6480000019073486,3.2799999713897705,3.615999937057495,12263,0.0,0.0
2025-11-17 00:00:00-05:00,3.4719998836517334,3.671999931335449,3.2239999771118164,3.2880001068115234,12875,0.0,0.0
2025-11-18 00:00:00-05:00,3.0399999618530273,3.440000057220459,3.0399999618530273,3.240000009536743,3275,0.0,0.0
2025-11-19 00:00:00-05:00,3.0399999618530273,3.2960000038146973,3.0399999618530273,3.2639999389648438,7013,0.0,0.0
2025-11-20 00:00:00-05:00,3.2639999389648438,3.3359999656677246,3.0399999618530273,3.055999994277954,7688,0.0,0.0
2025-11-21 00:00:00-05:00,2.880000114440918,3.200000047683716,2.880000114440918,3.191999912261963,12438,0.0,0.0
2025-11-24 00:00:00-05:00,3.1679999828338623,3.7360000610351562,3.055999994277954,3.3519999980926514,19900,0.0,0.0
2025-11-25 00:00:00-05:00,3.3519999980926514,3.6559998989105225,3.2720000743865967,3.6559998989105225,5825,0.0,0.0
2025-11-26 00:00:00-05:00,3.4159998893737793,3.759999990463257,3.4159998893737793,3.6640000343322754,12750,0.0,0.0
2025-11-28 00:00:00-05:00,3.359999895095825,3.759999990463257,3.240000009536743,3.631999969482422,49788,0.0,0.0
2025-12-01 00:00:00-05:00,3.0799999237060547,3.5199999809265137,3.0,3.51200008392334,57650,0.0,0.0
2025-12-02 00:00:00-05:00,3.25,4.199999809265137,3.2200000286102295,4.070000171661377,108700,0.0,0.125
2025-12-03 00:00:00-05:00,3.9649999141693115,4.050000190734863,2.9210000038146973,3.0,320200,0.0,0.0
2025-12-04 00:00:00-05:00,2.8399999141693115,3.4800000190734863,2.7690000534057617,3.3299999237060547,99100,0.0,0.0
2025-12-05 00:00:00-05:00,3.299999952316284,4.849999904632568,3.299999952316284,4.53000020980835,426700,0.0,0.0
2025-12-08 00:00:00-05:00,4.940000057220459,4.940000057220459,3.7660000324249268,4.5,311300,0.0,0.0
2025-12-09 00:00:00-05:00,4.460000038146973,4.489999771118164,3.5,3.8399999141693115,246900,0.0,0.0
2025-12-10 00:00:00-05:00,4.164999961853027,5.26800012588501,4.046000003814697,4.769999980926514,515700,0.0,0.0
2025-12-11 00:00:00-05:00,4.28000020980835,4.5,3.7200000286102295,3.75,149400,0.0,0.0
2025-12-12 00:00:00-05:00,3.890000104904175,3.890000104904175,3.3299999237060547,3.369999885559082,89900,0.0,0.0
2025-12-15 00:00:00-05:00,3.359999895095825,3.5899999141693115,2.799999952316284,3.0999999046325684,93700,0.0,0.0
2025-12-16 00:00:00-05:00,3.0,3.3499999046325684,3.0,3.0799999237060547,37800,0.0,0.0
2025-12-17 00:00:00-05:00,3.0899999141693115,3.190000057220459,2.799999952316284,2.819999933242798,54300,0.0,0.0
2025-12-18 00:00:00-05:00,2.7699999809265137,2.9700000286102295,2.559999942779541,2.8499999046325684,67900,0.0,0.0
2025-12-19 00:00:00-05:00,3.0799999237060547,3.200000047683716,2.8499999046325684,3.009999990463257,57600,0.0,0.0
2025-12-22 00:00:00-05:00,3.0199999809265137,3.0899999141693115,2.509999990463257,2.509999990463257,141100,0.0,0.0
2025-12-23 00:00:00-05:00,2.5,2.5799999237060547,2.309999942779541,2.4600000381469727,25900,0.0,0.0
2025-12-24 00:00:00-05:00,2.4000000953674316,2.5799999237060547,2.380000114440918,2.4200000762939453,16900,0.0,0.0
2025-12-26 00:00:00-05:00,2.4100000858306885,2.430000066757202,2.319999933242798,2.3499999046325684,29600,0.0,0.0
2025-12-29 00:00:00-05:00,2.359999895095825,2.4700000286102295,2.0,2.2100000381469727,96800,0.0,0.0
2025-12-30 00:00:00-05:00,2.200000047683716,2.2200000286102295,2.0899999141693115,2.109999895095825,22400,0.0,0.0
2025-12-31 00:00:00-05:00,2.059999942779541,2.361999988555908,2.049999952316284,2.0799999237060547,34800,0.0,0.0
2026-01-02 00:00:00-05:00,2.190000057220459,2.190000057220459,1.9199999570846558,1.9800000190734863,38900,0.0,0.0
2026-01-05 00:00:00-05:00,2.009999990463257,2.072000026702881,1.9800000190734863,2.009999990463257,26200,0.0,0.0
2026-01-06 00:00:00-05:00,2.069999933242798,2.184999942779541,2.0199999809265137,2.184999942779541,18000,0.0,0.0
2026-01-07 00:00:00-05:00,2.2300000190734863,2.3399999141693115,2.140000104904175,2.200000047683716,16800,0.0,0.0
2026-01-08 00:00:00-05:00,2.2799999713897705,2.2799999713897705,2.0399999618530273,2.130000114440918,29900,0.0,0.0
2026-01-09 00:00:00-05:00,2.2119998931884766,2.2119998931884766,2.062000036239624,2.130000114440918,9500,0.0,0.0
2026-01-12 00:00:00-05:00,2.069999933242798,2.3399999141693115,2.0199999809265137,2.180000066757202,28500,0.0,0.0
2026-01-13 00:00:00-05:00,2.180000066757202,2.4649999141693115,2.1700000762939453,2.380000114440918,28300,0.0,0.0
2026-01-14 00:00:00-05:00,2.3399999141693115,2.369999885559082,2.2300000190734863,2.25,9600,0.0,0.0
2026-01-15 00:00:00-05:00,7.820000171661377,25.110000610351562,6.079999923706055,17.40999984741211,113125000,0.0,0.0
2026-01-16 00:00:00-05:00,14.15999984741211,14.774999618530273,6.420000076293945,7.429999828338623,4071600,0.0,0.0
2026-01-20 00:00:00-05:00,5.329999923706055,5.953000068664551,4.139999866485596,5.46999979019165,965800,0.0,0.0
2026-01-21 00:00:00-05:00,5.059999942779541,7.349999904632568,5.059999942779541,5.730000019073486,946600,0.0,0.0
2026-01-22 00:00:00-05:00,6.480000019073486,10.5,5.829999923706055,6.940000057220459,3836800,0.0,0.0
2026-01-23 00:00:00-05:00,6.179999828338623,6.570000171661377,5.699999809265137,6.079999923706055,325900,0.0,0.0
2026-01-26 00:00:00-05:00,5.909999847412109,6.980000019073486,5.400000095367432,5.630000114440918,536500,0.0,0.0
2026-01-27 00:00:00-05:00,5.539999961853027,5.883999824523926,5.300000190734863,5.440000057220459,100900,0.0,0.0
2026-01-28 00:00:00-05:00,5.300000190734863,5.429999828338623,4.650000095367432,4.769999980926514,155900,0.0,0.0
2026-01-29 00:00:00-05:00,4.849999904632568,4.909999847412109,3.871999979019165,4.0,359500,0.0,0.0
2026-01-30 00:00:00-05:00,4.699999809265137,5.400000095367432,4.010000228881836,4.480000019073486,1969200,0.0,0.0
2026-02-02 00:00:00-05:00,4.210000038146973,4.53000020980835,3.9000000953674316,4.239999771118164,140600,0.0,0.0
2026-02-03 00:00:00-05:00,4.309999942779541,4.550000190734863,4.150000095367432,4.349999904632568,64900,0.0,0.0
2026-02-04 00:00:00-05:00,4.440000057220459,5.079999923706055,4.25,4.75,146000,0.0,0.0
2026-02-05 00:00:00-05:00,4.769999980926514,4.769999980926514,4.349999904632568,4.360000133514404,56100,0.0,0.0
2026-02-06 00:00:00-05:00,4.409999847412109,5.5,4.389999866485596,4.900000095367432,211300,0.0,0.0
2026-02-09 00:00:00-05:00,4.940000057220459,5.320000171661377,4.769999980926514,5.019999980926514,78600,0.0,0.0
2026-02-10 00:00:00-05:00,4.949999809265137,5.400000095367432,4.609000205993652,4.820000171661377,116200,0.0,0.0
2026-02-11 00:00:00-05:00,4.71999979019165,4.730000019073486,4.159999847412109,4.159999847412109,34600,0.0,0.0
2026-02-12 00:00:00-05:00,4.500999927520752,4.739999771118164,4.03000020980835,4.21999979019165,25100,0.0,0.0
2026-02-13 00:00:00-05:00,4.150000095367432,4.25,4.03000020980835,4.050000190734863,37100,0.0,0.0
2026-02-17 00:00:00-05:00,4.099999904632568,4.199999809265137,3.799999952316284,3.799999952316284,22100,0.0,0.0
2026-02-18 00:00:00-05:00,3.799999952316284,3.9549999237060547,3.5399999618530273,3.609999895095825,23100,0.0,0.0
2026-02-19 00:00:00-05:00,3.509999990463257,3.5199999809265137,3.128999948501587,3.4100000858306885,23200,0.0,0.0
2026-02-20 00:00:00-05:00,3.380000114440918,3.380000114440918,3.1600000858306885,3.2100000381469727,12800,0.0,0.0
2026-02-23 00:00:00-05:00,3.2100000381469727,3.359999895095825,3.1600000858306885,3.200000047683716,14800,0.0,0.0
2026-02-24 00:00:00-05:00,3.240000009536743,3.25,2.875,3.109999895095825,24600,0.0,0.0
2026-02-25 00:00:00-05:00,3.1500000953674316,3.8399999141693115,2.75,2.75,149100,0.0,0.0
2026-02-26 00:00:00-05:00,2.930000066757202,2.947999954223633,2.7899999618530273,2.799999952316284,13400,0.0,0.0
2026-02-27 00:00:00-05:00,2.75,2.86299991607666,2.549999952316284,2.6659998893737793,12200,0.0,0.0
2026-03-02 00:00:00-05:00,2.5,2.7899999618530273,2.5,2.7100000381469727,16300,0.0,0.0
2026-03-03 00:00:00-05:00,2.7100000381469727,2.874000072479248,2.703000068664551,2.7799999713897705,22700,0.0,0.0
2026-03-04 00:00:00-05:00,2.8399999141693115,3.049999952316284,2.740000009536743,2.890000104904175,22400,0.0,0.0
2026-03-05 00:00:00-05:00,2.950000047683716,3.190000057220459,2.9170000553131104,2.994999885559082,25400,0.0,0.0
2026-03-06 00:00:00-05:00,3.009999990463257,3.1500000953674316,2.9000000953674316,2.9000000953674316,15400,0.0,0.0
2026-03-09 00:00:00-04:00,2.700000047683716,3.25,2.700000047683716,3.059999942779541,76500,0.0,0.0
2026-03-10 00:00:00-04:00,3.059999942779541,3.2699999809265137,3.059999942779541,3.0999999046325684,21200,0.0,0.0
2026-03-11 00:00:00-04:00,3.0999999046325684,3.1600000858306885,3.0,3.109999895095825,6800,0.0,0.0
2026-03-12 00:00:00-04:00,3.0399999618530273,3.2699999809265137,2.7799999713897705,3.0999999046325684,10600,0.0,0.0
2026-03-13 00:00:00-04:00,3.0,3.3499999046325684,3.0,3.0299999713897705,9700,0.0,0.0
2026-03-16 00:00:00-04:00,3.0299999713897705,3.200000047683716,3.0299999713897705,3.0829999446868896,5000,0.0,0.0
2026-03-17 00:00:00-04:00,3.0450000762939453,3.0450000762939453,2.5,2.7100000381469727,23000,0.0,0.0
2026-03-18 00:00:00-04:00,2.8299999237060547,2.9200000762939453,2.640000104904175,2.740000009536743,11500,0.0,0.0
2026-03-19 00:00:00-04:00,2.5810000896453857,2.6600000858306885,2.5799999237060547,2.634999990463257,4500,0.0,0.0
2026-03-20 00:00:00-04:00,2.5799999237060547,2.5999999046325684,2.4200000762939453,2.424999952316284,8800,0.0,0.0
2026-03-23 00:00:00-04:00,2.4749999046325684,2.687999963760376,2.4509999752044678,2.5999999046325684,14500,0.0,0.0
2026-03-24 00:00:00-04:00,2.690000057220459,2.819999933242798,2.619999885559082,2.819999933242798,6300,0.0,0.0
2026-03-25 00:00:00-04:00,2.819999933242798,2.819999933242798,2.609999895095825,2.674999952316284,6600,0.0,0.0
2026-03-26 00:00:00-04:00,2.7160000801086426,3.2070000171661377,2.7160000801086426,2.7950000762939453,69800,0.0,0.0
2026-03-27 00:00:00-04:00,2.740000009536743,2.888000011444092,2.609999895095825,2.619999885559082,5000,0.0,0.0
2026-03-30 00:00:00-04:00,2.630000114440918,2.76200008392334,2.5999999046325684,2.6500000953674316,7000,0.0,0.0
2026-03-31 00:00:00-04:00,2.6500000953674316,2.8499999046325684,2.450000047683716,2.450000047683716,12300,0.0,0.0
2026-04-01 00:00:00-04:00,2.569999933242798,2.8399999141693115,2.569999933242798,2.7850000858306885,7200,0.0,0.0
2026-04-02 00:00:00-04:00,2.75,2.75,2.5799999237060547,2.609999895095825,3200,0.0,0.0
2026-04-06 00:00:00-04:00,2.625,2.625,2.450000047683716,2.494999885559082,4700,0.0,0.0
2026-04-07 00:00:00-04:00,2.427999973297119,2.4600000381469727,2.174999952316284,2.305000066757202,8800,0.0,0.0
2026-04-08 00:00:00-04:00,2.4000000953674316,2.4000000953674316,2.3499999046325684,2.359999895095825,6800,0.0,0.0
2026-04-09 00:00:00-04:00,2.369999885559082,2.4600000381469727,2.369999885559082,2.4549999237060547,11600,0.0,0.0
2026-04-10 00:00:00-04:00,2.4600000381469727,3.0199999809265137,2.4600000381469727,2.680000066757202,39100,0.0,0.0
2026-04-13 00:00:00-04:00,2.609999895095825,2.6500000953674316,2.4200000762939453,2.450000047683716,21000,0.0,0.0
2026-04-14 00:00:00-04:00,2.5,2.75,2.450000047683716,2.549999952316284,14800,0.0,0.0
2026-04-15 00:00:00-04:00,2.509999990463257,2.8399999141693115,2.5,2.5399999618530273,18800,0.0,0.0
2026-04-16 00:00:00-04:00,2.6600000858306885,2.6600000858306885,2.549999952316284,2.5999999046325684,12400,0.0,0.0
2026-04-17 00:00:00-04:00,2.609999895095825,2.700000047683716,2.5999999046325684,2.619999885559082,11600,0.0,0.0
2026-04-20 00:00:00-04:00,2.6600000858306885,2.700000047683716,2.559999942779541,2.5999999046325684,12600,0.0,0.0
2026-04-21 00:00:00-04:00,2.559999942779541,2.619999885559082,2.5299999713897705,2.619999885559082,4800,0.0,0.0
2026-04-22 00:00:00-04:00,2.571000099182129,2.575000047683716,2.549999952316284,2.549999952316284,5500,0.0,0.0
2026-04-23 00:00:00-04:00,2.740000009536743,2.740000009536743,2.200000047683716,2.5799999237060547,17800,0.0,0.0
2026-04-24 00:00:00-04:00,2.6600000858306885,2.6600000858306885,2.309999942779541,2.309999942779541,3800,0.0,0.0
2026-04-27 00:00:00-04:00,2.321000099182129,2.390000104904175,2.309999942779541,2.369999885559082,3700,0.0,0.0
2026-04-28 00:00:00-04:00,2.369999885559082,2.369999885559082,2.25,2.2699999809265137,3700,0.0,0.0
2026-04-29 00:00:00-04:00,2.3499999046325684,2.700000047683716,2.3499999046325684,2.559999942779541,19300,0.0,0.0
2026-04-30 00:00:00-04:00,2.5980000495910645,2.619999885559082,2.559999942779541,2.5820000171661377,3500,0.0,0.0
2026-05-01 00:00:00-04:00,2.5290000438690186,2.5899999141693115,2.5230000019073486,2.5899999141693115,3300,0.0,0.0
2026-05-04 00:00:00-04:00,2.549999952316284,2.740000009536743,2.5199999809265137,2.5799999237060547,12200,0.0,0.0
2026-05-05 00:00:00-04:00,2.5799999237060547,2.940000057220459,2.5799999237060547,2.734999895095825,18000,0.0,0.0
2026-05-06 00:00:00-04:00,2.6700000762939453,2.8399999141693115,2.630000114440918,2.819999933242798,6800,0.0,0.0
2026-05-07 00:00:00-04:00,2.819999933242798,2.8399999141693115,2.6600000858306885,2.680000066757202,6900,0.0,0.0
2026-05-08 00:00:00-04:00,2.7699999809265137,3.0,2.5199999809265137,2.8499999046325684,13800,0.0,0.0
2026-05-11 00:00:00-04:00,2.7200000286102295,2.7799999713897705,2.5999999046325684,2.674999952316284,4300,0.0,0.0
2026-05-12 00:00:00-04:00,2.630000114440918,2.9000000953674316,2.575000047683716,2.6700000762939453,4500,0.0,0.0
2026-05-13 00:00:00-04:00,2.5999999046325684,2.674999952316284,2.5999999046325684,2.674999952316284,5400,0.0,0.0
2026-05-14 00:00:00-04:00,2.5999999046325684,2.628999948501587,2.5999999046325684,2.609999895095825,4900,0.0,0.0
2026-05-15 00:00:00-04:00,2.799999952316284,3.059999942779541,2.75,2.8949999809265137,20900,0.0,0.0
2026-05-18 00:00:00-04:00,2.8299999237060547,2.8399999141693115,2.7360000610351562,2.7899999618530273,9800,0.0,0.0
2026-05-19 00:00:00-04:00,2.6549999713897705,2.674999952316284,2.5199999809265137,2.559999942779541,6600,0.0,0.0
2026-05-20 00:00:00-04:00,2.5999999046325684,2.9100000858306885,2.5999999046325684,2.6500000953674316,8300,0.0,0.0
2026-05-21 00:00:00-04:00,2.630000114440918,2.950000047683716,2.609999895095825,2.609999895095825,10000,0.0,0.0
2026-05-22 00:00:00-04:00,2.6449999809265137,2.6449999809265137,2.5199999809265137,2.5199999809265137,3800,0.0,0.0
2026-05-26 00:00:00-04:00,2.5299999713897705,2.5299999713897705,2.5299999713897705,2.5299999713897705,1100,0.0,0.0
2026-05-27 00:00:00-04:00,2.4800000190734863,2.5789999961853027,2.4800000190734863,2.5199999809265137,6700,0.0,0.0
2026-05-28 00:00:00-04:00,2.4000000953674316,2.630000114440918,2.4000000953674316,2.619999885559082,5300,0.0,0.0
2026-05-29 00:00:00-04:00,2.450000047683716,2.609999895095825,2.430000066757202,2.430000066757202,5300,0.0,0.0
2026-06-01 00:00:00-04:00,2.4100000858306885,2.4700000286102295,2.4100000858306885,2.450000047683716,12700,0.0,0.0
2026-06-02 00:00:00-04:00,2.4600000381469727,2.5799999237060547,2.450000047683716,2.450000047683716,6600,0.0,0.0
2026-06-03 00:00:00-04:00,2.375,2.509999990463257,2.299999952316284,2.509999990463257,7300,0.0,0.0
2026-06-04 00:00:00-04:00,2.3499999046325684,2.4679999351501465,2.299999952316284,2.3889999389648438,8300,0.0,0.0
2026-06-05 00:00:00-04:00,2.390000104904175,10.710000038146973,2.390000104904175,5.349999904632568,40607200,0.0,0.0
2026-06-08 00:00:00-04:00,4.989999771118164,5.739999771118164,3.0899999141693115,4.650000095367432,1152700,0.0,0.0
2026-06-09 00:00:00-04:00,4.329999923706055,5.940000057220459,3.2200000286102295,3.2899999618530273,389300,0.0,0.0
2026-06-10 00:00:00-04:00,3.319999933242798,4.800000190734863,3.259999990463257,3.9200000762939453,1438800,0.0,0.0
2026-06-11 00:00:00-04:00,3.640000104904175,4.0,3.5,3.700000047683716,83700,0.0,0.0
2026-06-12 00:00:00-04:00,3.490000009536743,4.110000133514404,3.490000009536743,3.6600000858306885,65300,0.0,0.0
2026-06-15 00:00:00-04:00,3.75,3.7639999389648438,3.5199999809265137,3.6600000858306885,21200,0.0,0.0
2026-06-16 00:00:00-04:00,3.5799999237060547,3.6689999103546143,3.450000047683716,3.450000047683716,27700,0.0,0.0
2026-06-17 00:00:00-04:00,3.4000000953674316,3.950000047683716,2.8399999141693115,3.0799999237060547,377279,0.0,0.0
