Date,Open,High,Low,Close,Volume,Dividends,Stock Splits
2022-01-03 00:00:00-05:00,30.1581608657627,30.466445940908848,30.10421090411081,30.235231399536133,2991900,0.0,0.0
2022-01-04 00:00:00-05:00,30.512692990823776,30.57434883582456,30.01172565244872,30.034849166870117,4043700,0.0,0.0
2022-01-05 00:00:00-05:00,30.219819486560482,30.70537212617587,30.188990094192242,30.33542823791504,4792200,0.0,0.0
2022-01-06 00:00:00-05:00,30.358555829689745,30.851814461389942,30.250655871512,30.84410858154297,5823900,0.0,0.0
2022-01-07 00:00:00-05:00,30.597471513400762,31.32194457764849,30.37396283377395,31.27570343017578,6350000,0.0,0.0
2022-01-10 00:00:00-05:00,31.267995791761592,31.40672511951828,31.021366529094745,31.399019241333008,4223800,0.0,0.0
2022-01-11 00:00:00-05:00,31.599408112903227,31.86915798174825,31.37589939868703,31.861452102661133,3511800,0.0,0.0
2022-01-12 00:00:00-05:00,31.984767471364375,32.13891151706832,31.838332244974847,32.131202697753906,4374900,0.0,0.0
2022-01-13 00:00:00-05:00,32.215979731623584,32.43178255596717,32.11578566818024,32.17744445800781,4158700,0.0,0.0
2022-01-14 00:00:00-05:00,32.12349269952888,32.20056324247209,31.799789951051345,32.10807800292969,4243100,0.0,0.0
2022-01-18 00:00:00-05:00,32.300755430399036,32.562799377309666,32.131196717676694,32.50114059448242,7259000,0.0,0.0
2022-01-19 00:00:00-05:00,32.57821778275803,32.60904717768226,32.05412982925791,32.47031784057617,7149400,0.0,0.0
2022-01-20 00:00:00-05:00,32.37012426305429,32.55509769532362,32.18515083078496,32.1928596496582,7449700,0.0,0.0
2022-01-21 00:00:00-05:00,31.984766262635308,32.06183681254816,31.136978453381847,31.452972412109375,10735400,0.0,0.0
2022-01-24 00:00:00-05:00,30.66684398242926,31.090737935817156,30.081097151521355,31.005958557128906,10400200,0.0,0.0
2022-01-25 00:00:00-05:00,30.8286848491888,31.699596019393084,30.78244076349612,31.614816665649414,6235600,0.0,0.0
2022-01-26 00:00:00-05:00,31.946229490103494,32.2468087367473,31.56087087849803,31.79979133605957,5572800,0.0,0.0
2022-01-27 00:00:00-05:00,32.05413390299424,32.24681323567873,31.553166461993243,31.745845794677734,4875400,0.0,0.0
2022-01-28 00:00:00-05:00,31.630242623976127,32.00789250142524,31.56087794076354,31.977066040039062,3652200,0.0,0.0
2022-01-31 00:00:00-05:00,31.92310890355514,32.69382619748997,31.91540302423918,32.57822036743164,4388600,0.0,0.0
2022-02-01 00:00:00-05:00,32.508853426394815,32.894212046489535,32.39324466434522,32.786312103271484,4590800,0.0,0.0
2022-02-02 00:00:00-05:00,32.82484646869679,33.31039913979114,32.82484646869679,33.210205078125,4595500,0.0,0.0
2022-02-03 00:00:00-05:00,33.025232384215414,33.287276362038774,32.89421186533019,33.086891174316406,3769600,0.0,0.0
2022-02-04 00:00:00-05:00,33.07147499303257,33.32581308070884,32.917330964748714,33.040645599365234,3690400,0.0,0.0
2022-02-07 00:00:00-05:00,33.2102033183775,33.54161194012926,33.11000926202046,33.433712005615234,5976600,0.0,0.0
2022-02-08 00:00:00-05:00,33.44141696357853,33.60326686089601,32.91732906174351,32.940452575683594,4831900,0.0,0.0
2022-02-09 00:00:00-05:00,32.98668931626943,33.225612661378115,32.98668931626943,33.09458923339844,3024400,0.0,0.0
2022-02-10 00:00:00-05:00,33.02523422241211,33.44913107781838,32.96357836893226,33.02523422241211,5458300,0.0,0.0
2022-02-11 00:00:00-05:00,33.264156947138716,33.69575967275556,33.009821779224765,33.603271484375,10721100,0.0,0.0
2022-02-14 00:00:00-05:00,33.11399947949696,33.2549103570243,32.19025172072248,32.44858932495117,12542400,0.675,0.0
2022-02-15 00:00:00-05:00,32.22156481718073,32.48772946720686,31.963230208020853,32.33116149902344,5537100,0.0,0.0
2022-02-16 00:00:00-05:00,32.47990444227407,32.76172321907216,32.221566830685234,32.597328186035156,3990600,0.0,0.0
2022-02-17 00:00:00-05:00,32.511201523216286,32.652112343534625,32.331149471983856,32.49554443359375,5485300,0.0,0.0
2022-02-18 00:00:00-05:00,32.43293380870173,32.53470344438081,32.20591038537373,32.23722457885742,3298900,0.0,0.0
2022-02-22 00:00:00-05:00,32.542532530566376,32.58950382372336,31.83797806464175,32.307682037353516,4440600,0.0,0.0
2022-02-23 00:00:00-05:00,32.48772877852001,32.65995383849944,32.315503718540576,32.51904296875,4544100,0.0,0.0
2022-02-24 00:00:00-05:00,32.09631655090332,32.52687629762162,31.884950205506446,32.47990798950195,5902800,0.0,0.0
2022-02-25 00:00:00-05:00,32.644298842478435,33.3566802914479,32.57384340307329,33.34885025024414,6693000,0.0,0.0
2022-02-28 00:00:00-05:00,33.113993608078275,33.85768911065608,33.08267942167211,33.80289077758789,7063900,0.0,0.0
2022-03-01 00:00:00-05:00,33.9986024548919,34.48396043461763,33.63849824368525,33.9594612121582,7982300,0.0,0.0
2022-03-02 00:00:00-05:00,34.25694312393943,34.945840466163396,34.10820518064765,34.75796127319336,6455700,0.0,0.0
2022-03-03 00:00:00-05:00,34.601390892158506,35.047607677420665,34.601390892158506,34.77361297607422,4100100,0.0,0.0
2022-03-04 00:00:00-05:00,34.593562157358974,35.14154859445989,34.49179550865665,35.031951904296875,10678200,0.0,0.0
2022-03-07 00:00:00-05:00,35.204172388134445,35.329426158591936,34.59355764415441,34.6327018737793,5694000,0.0,0.0
2022-03-08 00:00:00-05:00,34.83623924952921,34.84406630393425,34.17082913253556,34.33522415161133,7389400,0.0,0.0
2022-03-09 00:00:00-05:00,34.06905801391562,34.79709647937342,34.02208673068804,34.523101806640625,4347800,0.0,0.0
2022-03-10 00:00:00-05:00,34.6640185182298,34.85972775193487,34.343055494404936,34.78927230834961,4377900,0.0,0.0
2022-03-11 00:00:00-05:00,34.75795952319296,35.03977829845895,34.65618989012465,34.804927825927734,3941100,0.0,0.0
2022-03-14 00:00:00-04:00,34.75795885137287,34.75795885137287,34.07688861202492,34.38219451904297,5296400,0.0,0.0
2022-03-15 00:00:00-04:00,33.951635218702016,34.5387628885463,33.748098940455066,34.49179458618164,4182700,0.0,0.0
2022-03-16 00:00:00-04:00,34.5309428198098,34.80493459332295,34.0299275846507,34.460487365722656,3452600,0.0,0.0
2022-03-17 00:00:00-04:00,34.656190543901175,35.21983407763764,34.64836050244048,35.031951904296875,4174100,0.0,0.0
2022-03-18 00:00:00-04:00,35.09457849332174,35.2041751778713,34.78144254922099,35.1024055480957,3581200,0.0,0.0
2022-03-21 00:00:00-04:00,35.2276611328125,35.57993834139779,35.15720569109544,35.423370361328125,5271800,0.0,0.0
2022-03-22 00:00:00-04:00,35.53296256240939,35.68953052269893,35.2354837364878,35.392051696777344,3489600,0.0,0.0
2022-03-23 00:00:00-04:00,35.54862321848646,35.564280314712555,35.26680145898821,35.27463150024414,3479900,0.0,0.0
2022-03-24 00:00:00-04:00,35.45467493391631,35.60341283216502,35.3529053265435,35.548614501953125,2507900,0.0,0.0
2022-03-25 00:00:00-04:00,35.54862084035141,36.300143491214136,35.54862084035141,36.29231643676758,4348100,0.0,0.0
2022-03-28 00:00:00-04:00,35.91655937461779,35.99484187351768,35.60342340644643,35.96352767944336,2843400,0.0,0.0
2022-03-29 00:00:00-04:00,35.689530133543386,36.221859400952084,35.587760512522046,36.11226272583008,3017600,0.0,0.0
2022-03-30 00:00:00-04:00,36.26883838115241,36.33929084186574,36.041814942344836,36.28449249267578,2645000,0.0,0.0
2022-03-31 00:00:00-04:00,36.120092937169375,36.40191468999439,36.049637498963115,36.08095169067383,3393400,0.0,0.0
2022-04-01 00:00:00-04:00,36.1827166138414,36.42539410231702,36.04963280952564,36.32362747192383,2629500,0.0,0.0
2022-04-04 00:00:00-04:00,36.441052804822064,36.64459204716425,36.30797198091676,36.50368118286133,2556900,0.0,0.0
2022-04-05 00:00:00-04:00,36.63676768886924,37.12212574880745,36.401917207369195,36.40974426269531,2678700,0.0,0.0
2022-04-06 00:00:00-04:00,36.5036791525981,36.68373125001872,36.2609986806215,36.433223724365234,3161300,0.0,0.0
2022-04-07 00:00:00-04:00,36.433230255661,36.46454444855262,35.673877502611134,36.120094299316406,4742300,0.0,0.0
2022-04-08 00:00:00-04:00,36.14357823985657,36.69939470843797,36.14357823985657,36.56631088256836,3397500,0.0,0.0
2022-04-11 00:00:00-04:00,36.480197894625334,36.527169183107695,35.95569861152482,36.08877944946289,3352000,0.0,0.0
2022-04-12 00:00:00-04:00,36.29231483299987,36.519338223629994,36.0966056313433,36.11226272583008,2671000,0.0,0.0
2022-04-13 00:00:00-04:00,36.24534357635227,36.40191153505043,36.041807320444455,36.3079719543457,3234400,0.0,0.0
2022-04-14 00:00:00-04:00,36.24535322209481,36.45671957464408,36.096615264205866,36.1827278137207,2507500,0.0,0.0
2022-04-18 00:00:00-04:00,36.260998894676085,36.33145432332486,36.041805555006675,36.15922927856445,2710800,0.0,0.0
2022-04-19 00:00:00-04:00,36.13574673453262,36.43322555605895,36.02615005983487,36.33928298950195,2229900,0.0,0.0
2022-04-20 00:00:00-04:00,36.48019271559033,36.83246986348145,36.37059604430983,36.660247802734375,2776000,0.0,0.0
2022-04-21 00:00:00-04:00,36.74635500282241,36.9655513177274,36.22968288087194,36.253170013427734,2994700,0.0,0.0
2022-04-22 00:00:00-04:00,36.02615167921231,36.190546698648504,35.04760563073181,35.11806106567383,3875400,0.0,0.0
2022-04-25 00:00:00-04:00,34.44482911107275,34.78144927083386,33.80290298926929,34.562255859375,5380800,0.0,0.0
2022-04-26 00:00:00-04:00,34.48397001545063,34.70316641097335,34.233462408812855,34.2569465637207,3496300,0.0,0.0
2022-04-27 00:00:00-04:00,34.40568275079394,34.577904840114535,34.006434254849225,34.30391311645508,3196000,0.0,0.0
2022-04-28 00:00:00-04:00,34.51527632285542,35.12588810116682,34.35088130350782,34.9223518371582,3375200,0.0,0.0
2022-04-29 00:00:00-04:00,35.016290449029405,35.11806007134985,34.0690586176285,34.16299819946289,4433700,0.0,0.0
2022-05-02 00:00:00-04:00,34.053402160086584,34.21779717794399,33.552387065881796,33.99860382080078,3682000,0.0,0.0
2022-05-03 00:00:00-04:00,34.06122946686617,34.671844230453445,34.04557535805609,34.33522415161133,3833600,0.0,0.0
2022-05-04 00:00:00-04:00,34.71098979410645,35.47034257615943,34.476139311020916,35.376399993896484,4975400,0.0,0.0
2022-05-05 00:00:00-04:00,35.548625485740246,35.67387927725183,34.55442220911697,34.89887237548828,5089500,0.0,0.0
2022-05-06 00:00:00-04:00,35.70518468830102,35.767810075508116,34.68749750933258,35.564273834228516,5652100,0.0,0.0
2022-05-09 00:00:00-04:00,35.26679723443317,35.26679723443317,33.85769159202227,33.9594612121582,6738500,0.0,0.0
2022-05-10 00:00:00-04:00,34.31955968980667,34.57006718499406,33.22358715864815,33.61500549316406,5777200,0.0,0.0
2022-05-11 00:00:00-04:00,33.99861010859379,34.601394938503766,33.70113122153609,33.76375961303711,8063600,0.0,0.0
2022-05-12 00:00:00-04:00,33.654037837140336,33.94820172834566,33.40757439525484,33.93230056762695,9391100,0.662,0.0
2022-05-13 00:00:00-04:00,34.34572280566572,35.03740663964782,34.27416909643748,34.814796447753906,5070600,0.0,0.0
2022-05-16 00:00:00-04:00,34.98175790963498,35.64959159104148,34.88635396453026,35.4428825378418,4430600,0.0,0.0
2022-05-17 00:00:00-04:00,35.705239845157315,35.8085958757285,35.426977108430705,35.68933868408203,3357800,0.0,0.0
2022-05-18 00:00:00-04:00,35.752944205934746,35.85629720620635,35.01355687838572,35.17256546020508,3345100,0.0,0.0
2022-05-19 00:00:00-04:00,34.79890194483378,35.57009173264723,34.79890194483378,35.33157730102539,3893700,0.0,0.0
2022-05-20 00:00:00-04:00,35.53828950333196,35.69729811391173,34.854554600824855,35.41108322143555,3489400,0.0,0.0
2022-05-23 00:00:00-04:00,35.67343602147318,36.07890802973534,35.5303286106555,35.705238342285156,2436600,0.0,0.0
2022-05-24 00:00:00-04:00,35.77679593752546,35.88015197498367,35.19641716736822,35.760894775390625,3557800,0.0,0.0
2022-05-25 00:00:00-04:00,35.76089260512405,36.00735605400184,35.601884026262134,35.85629653930664,2752000,0.0,0.0
2022-05-26 00:00:00-04:00,35.90399928231248,36.571832873489655,35.880149057467825,36.45257568359375,2836600,0.0,0.0
2022-05-27 00:00:00-04:00,36.563884945559295,36.921650460690465,36.52413052580124,36.73084259033203,5710900,0.0,0.0
2022-05-31 00:00:00-04:00,36.90575155388155,37.12836479334746,36.611587633287606,36.69109344482422,4054800,0.0,0.0
2022-06-01 00:00:00-04:00,36.99320700138754,37.08066187900995,36.50028309359545,36.53208541870117,5981700,0.0,0.0
2022-06-02 00:00:00-04:00,36.57183847923229,37.39868077273055,36.4605333691146,37.31122589111328,3471500,0.0,0.0
2022-06-03 00:00:00-04:00,37.28737402770069,37.50203214046612,37.13631449958998,37.2158203125,2500700,0.0,0.0
2022-06-06 00:00:00-04:00,37.3668793752415,37.58154053559289,37.30327472054323,37.4543342590332,2543600,0.0,0.0
2022-06-07 00:00:00-04:00,37.549730996451515,37.84389488584184,37.35097103794849,37.78824234008789,2514800,0.0,0.0
2022-06-08 00:00:00-04:00,37.8359531512164,37.89955477318288,37.271475487602586,37.509986877441406,2485200,0.0,0.0
2022-06-09 00:00:00-04:00,37.35097267390718,37.39072406078163,36.675189998532375,36.70698928833008,2797400,0.0,0.0
2022-06-10 00:00:00-04:00,36.50822945511203,36.50822945511203,35.93580280977901,36.21406555175781,3133200,0.0,0.0
2022-06-13 00:00:00-04:00,35.45878087887303,35.57803808559071,34.775049063246776,34.98175811767578,5480600,0.0,0.0
2022-06-14 00:00:00-04:00,35.10895316179157,35.1805068563722,33.91639360733828,34.13900375366211,5778400,0.0,0.0
2022-06-15 00:00:00-04:00,34.18671307345366,34.369571872464334,33.21676349946666,33.93230056762695,4820400,0.0,0.0
2022-06-16 00:00:00-04:00,33.383725454656144,33.391674518903095,32.47737745584618,32.572784423828125,5365500,0.0,0.0
2022-06-17 00:00:00-04:00,32.310423914637916,32.5648364625613,31.332525114900506,32.19116973876953,8219800,0.0,0.0
2022-06-21 00:00:00-04:00,32.77155250224808,33.24857532887653,32.68409760970419,32.98621368408203,3835700,0.0,0.0
2022-06-22 00:00:00-04:00,32.254767538948606,33.0418583509357,31.992405956843864,32.79539489746094,3945500,0.0,0.0
2022-06-23 00:00:00-04:00,32.859002940034195,32.98620921207866,32.222968546975096,32.43762969970703,5005300,0.0,0.0
2022-06-24 00:00:00-04:00,32.779498779441795,33.328075286672984,32.540987386421136,33.21677017211914,3209900,0.0,0.0
2022-06-27 00:00:00-04:00,33.36782855831138,33.757396445770375,33.3121760029601,33.534786224365234,3246800,0.0,0.0
2022-06-28 00:00:00-04:00,34.09925806010728,34.29006895507953,33.63813653258179,33.82099533081055,3369200,0.0,0.0
2022-06-29 00:00:00-04:00,34.10721389446873,34.139013186418566,33.58248766683859,33.741493225097656,3219700,0.0,0.0
2022-06-30 00:00:00-04:00,33.439379303363545,33.63813927846781,33.15316445395955,33.598384857177734,3173700,0.0,0.0
2022-07-01 00:00:00-04:00,33.65404311322169,33.9959075073423,33.2565231314421,33.916404724121094,2826700,0.0,0.0
2022-07-05 00:00:00-04:00,33.39167654017256,33.40757770246542,32.11166178754543,32.94645309448242,4152000,0.0,0.0
2022-07-06 00:00:00-04:00,32.63638937471402,33.04186144802228,32.13551335650129,32.81924819946289,3410800,0.0,0.0
2022-07-07 00:00:00-04:00,33.29627771556226,33.51093889024577,33.09751770561498,33.39168167114258,2903200,0.0,0.0
2022-07-08 00:00:00-04:00,33.4950317858566,33.74944431084733,33.200864839656376,33.54273223876953,2189100,0.0,0.0
2022-07-11 00:00:00-04:00,33.21675985485166,33.54272603172868,33.033901075904645,33.47117233276367,2342000,0.0,0.0
2022-07-12 00:00:00-04:00,33.097508361378274,33.35986992336232,32.94644885545042,33.18496322631836,2191200,0.0,0.0
2022-07-13 00:00:00-04:00,32.92260230660763,33.32807132323996,32.81129720529039,33.10546112060547,3760100,0.0,0.0
2022-07-14 00:00:00-04:00,32.34222829322006,32.7158980735553,31.83340316509198,32.676143646240234,3958000,0.0,0.0
2022-07-15 00:00:00-04:00,33.09751430129902,33.216768475299,32.77949710495889,33.065711975097656,2467400,0.0,0.0
2022-07-18 00:00:00-04:00,33.534778895846465,34.019753657498164,33.48707541618304,33.757389068603516,2869600,0.0,0.0
2022-07-19 00:00:00-04:00,33.96410565180854,34.38547583020275,33.924351230359875,34.305973052978516,2989200,0.0,0.0
2022-07-20 00:00:00-04:00,34.28211590745617,34.329819388085156,33.94024854503893,34.25031661987305,2201000,0.0,0.0
2022-07-21 00:00:00-04:00,33.7653469864666,34.17876811631937,33.70174233594925,34.15491485595703,2368700,0.0,0.0
2022-07-22 00:00:00-04:00,34.28212337978744,34.48883547473302,33.94025594285478,34.11516571044922,1819300,0.0,0.0
2022-07-25 00:00:00-04:00,34.345727508383845,35.00560911020934,34.282122854655846,34.989707946777344,2604800,0.0,0.0
2022-07-26 00:00:00-04:00,34.997658343508874,35.17256809992086,34.70349441640963,34.83864974975586,2895700,0.0,0.0
2022-07-27 00:00:00-04:00,34.98175565374933,35.60188580619447,34.830699164338384,35.458778381347656,3041800,0.0,0.0
2022-07-28 00:00:00-04:00,35.697289825917395,35.697289825917395,35.10100994931189,35.54623031616211,2829000,0.0,0.0
2022-07-29 00:00:00-04:00,35.737046793016304,35.943755848078176,35.387227269753,35.72114562988281,2818300,0.0,0.0
2022-08-01 00:00:00-04:00,35.35542150041557,35.4826277493469,34.91019811273781,35.40312194824219,2318200,0.0,0.0
2022-08-02 00:00:00-04:00,35.57008436372855,35.625736910821125,34.94995121595417,34.97380447387695,3288100,0.0,0.0
2022-08-03 00:00:00-04:00,35.140761519465094,35.19641406561427,34.81479530651863,35.10895919799805,2276400,0.0,0.0
2022-08-04 00:00:00-04:00,35.00560530087227,35.05330878597714,34.32982260915397,34.385475158691406,2976900,0.0,0.0
2022-08-05 00:00:00-04:00,33.948204108935634,34.083359435267845,33.71764181160085,34.00385665893555,3746900,0.0,0.0
2022-08-08 00:00:00-04:00,34.25826754222571,34.61603608426317,34.21851615596296,34.51268005371094,2265000,0.0,0.0
2022-08-09 00:00:00-04:00,34.68759439450134,34.84660299348358,34.433181849264464,34.520633697509766,2375300,0.0,0.0
2022-08-10 00:00:00-04:00,34.790945565019406,35.06125925913495,34.63194000728747,34.8863525390625,2491500,0.0,0.0
2022-08-11 00:00:00-04:00,35.148712227858425,35.442879165936844,35.06125735615059,35.20436477661133,6281000,0.0,0.0
2022-08-12 00:00:00-04:00,35.18338122126388,35.2479659066285,34.90888937910743,35.12686538696289,6153100,0.674,0.0
2022-08-15 00:00:00-04:00,34.45677701658587,34.62631524469324,34.2468699039366,34.489070892333984,2939100,0.0,0.0
2022-08-16 00:00:00-04:00,34.52135975439099,34.91695201085957,34.46484701485453,34.86851119995117,2975800,0.0,0.0
2022-08-17 00:00:00-04:00,34.71512000743687,34.71512000743687,34.4487001663267,34.553653717041016,2251200,0.0,0.0
2022-08-18 00:00:00-04:00,34.79585623419777,35.09456998900352,34.69090574925777,34.981544494628906,2893000,0.0,0.0
2022-08-19 00:00:00-04:00,34.9088751344234,35.00575366279578,34.66667419392309,34.941165924072266,1685000,0.0,0.0
2022-08-22 00:00:00-04:00,34.77971315214145,34.85236976039449,34.52944020920811,34.6909065246582,2217300,0.0,0.0
2022-08-23 00:00:00-04:00,34.93311109804375,35.36099429756157,34.77971976305222,35.296409606933594,2334200,0.0,0.0
2022-08-24 00:00:00-04:00,35.22375348227596,35.69200254595322,35.21567847030591,35.611270904541016,2232800,0.0,0.0
2022-08-25 00:00:00-04:00,35.76465113478235,35.85345776055189,35.5386001453426,35.82923889160156,2010900,0.0,0.0
2022-08-26 00:00:00-04:00,35.934192135443034,35.966486016331764,35.134938601587876,35.1753044128418,2478000,0.0,0.0
2022-08-29 00:00:00-04:00,35.167235473171004,35.60319058338744,35.029988007579085,35.465946197509766,2131200,0.0,0.0
2022-08-30 00:00:00-04:00,35.336766254147776,35.336766254147776,34.39219037613831,34.42448425292969,2922700,0.0,0.0
2022-08-31 00:00:00-04:00,34.08541235089983,34.09348428132197,33.27808380126953,33.27808380126953,5438200,0.0,0.0
2022-09-01 00:00:00-04:00,33.10047146534704,33.181203090693955,32.77753880453118,33.108543395996094,4516800,0.0,0.0
2022-09-02 00:00:00-04:00,33.52027357349512,33.778618399980715,33.18119406391199,33.37495422363281,4400800,0.0,0.0
2022-09-06 00:00:00-04:00,33.46376915921995,33.60908854523012,32.90671048627628,32.963226318359375,2898500,0.0,0.0
2022-09-07 00:00:00-04:00,32.575700689080506,33.27000362674249,32.48689714936562,33.245784759521484,2118000,0.0,0.0
2022-09-08 00:00:00-04:00,33.13276556727107,33.2619380165119,32.785614032489946,33.20542526245117,2751900,0.0,0.0
2022-09-09 00:00:00-04:00,33.6333054369836,33.82706563349891,33.512204929197296,33.76247787475586,2116600,0.0,0.0
2022-09-12 00:00:00-04:00,34.13384656273337,34.747417921636604,34.13384656273337,34.65861129760742,2904700,0.0,0.0
2022-09-13 00:00:00-04:00,34.20650878596555,34.37605011701639,33.738259842313994,33.89165115356445,2947700,0.0,0.0
2022-09-14 00:00:00-04:00,33.988528760086425,34.53751238875667,33.92394408126784,34.06926345825195,2676900,0.0,0.0
2022-09-15 00:00:00-04:00,33.859361573540745,34.020827915197664,33.633310543049646,33.80284881591797,2785700,0.0,0.0
2022-09-16 00:00:00-04:00,33.431472266138,33.44761920531936,32.8340478352827,33.0923957824707,3032600,0.0,0.0
2022-09-19 00:00:00-04:00,32.599923441029425,33.39110494682623,32.52726375785861,33.38302993774414,2214800,0.0,0.0
2022-09-20 00:00:00-04:00,33.132768196642694,33.20542789758897,32.55956560013006,32.86634826660156,2617300,0.0,0.0
2022-09-21 00:00:00-04:00,33.092401057235165,33.1489138135209,32.40616989135742,32.40616989135742,2596100,0.0,0.0
2022-09-22 00:00:00-04:00,32.656437015599636,32.745243639477735,32.26084471279182,32.34965133666992,2372700,0.0,0.0
2022-09-23 00:00:00-04:00,31.752235017186557,31.808747772277123,30.630045686796596,30.70270538330078,6415200,0.0,0.0
2022-09-26 00:00:00-04:00,30.500868353366943,30.726922417262166,29.81464039155088,30.040691375732422,6395800,0.0,0.0
2022-09-27 00:00:00-04:00,30.331331137945174,30.67041070536428,30.072986267394324,30.28289031982422,4170600,0.0,0.0
2022-09-28 00:00:00-04:00,30.37977386403762,31.154808524365446,30.13757591764942,31.066001892089844,4427500,0.0,0.0
2022-09-29 00:00:00-04:00,30.896462016832853,30.896462016832853,30.145646266615703,30.4362850189209,3841400,0.0,0.0
2022-09-30 00:00:00-04:00,30.395920284520372,30.63811822676591,29.911521320315366,29.951887130737305,3497900,0.0,0.0
2022-10-03 00:00:00-04:00,30.654268824079317,31.292056096150414,30.517021356613743,31.041786193847656,4794300,0.0,0.0
2022-10-04 00:00:00-04:00,31.437369031918518,31.970205690774304,31.4292971024161,31.824886322021484,4071300,0.0,0.0
2022-10-05 00:00:00-04:00,31.51003193034105,31.760304886435296,30.993342157501033,31.42930030822754,3509500,0.0,0.0
2022-10-06 00:00:00-04:00,31.170955715961224,31.17902764636316,29.846937390635706,30.024547576904297,5749000,0.0,0.0
2022-10-07 00:00:00-04:00,30.032618594853258,30.307110387741524,29.733907934264547,29.911518096923828,4580100,0.0,0.0
2022-10-10 00:00:00-04:00,30.032622909679105,30.226380038547223,29.386760680595327,29.394832611083984,3109200,0.0,0.0
2022-10-11 00:00:00-04:00,29.249515273446374,29.54822599787533,28.98309843266223,29.088048934936523,4520900,0.0,0.0
2022-10-12 00:00:00-04:00,28.918502502036354,29.023456054397805,28.716670405802315,28.757036209106445,3452700,0.0,0.0
2022-10-13 00:00:00-04:00,28.345304585144476,30.12949985980359,28.27264489578346,29.97610855102539,6052200,0.0,0.0
2022-10-14 00:00:00-04:00,30.032619713114787,30.153717135839678,28.975018308254,29.047677993774414,3693500,0.0,0.0
2022-10-17 00:00:00-04:00,29.467493738809004,30.177943765242727,29.378687100540514,29.903451919555664,3140600,0.0,0.0
2022-10-18 00:00:00-04:00,30.202155977103875,30.412060010591173,29.66931934471388,30.14564323425293,4212400,0.0,0.0
2022-10-19 00:00:00-04:00,30.113351852255317,30.2425242865711,29.86308199310748,30.10527992248535,2260700,0.0,0.0
2022-10-20 00:00:00-04:00,30.315185666910104,30.49279892890931,29.871155591626017,30.008399963378906,2549300,0.0,0.0
2022-10-21 00:00:00-04:00,30.03262600472627,30.75114800111222,29.871159660886715,30.58160972595215,3044000,0.0,0.0
2022-10-24 00:00:00-04:00,30.581599853110117,30.77535693939433,30.38783968711254,30.428205490112305,2282400,0.0,0.0
2022-10-25 00:00:00-04:00,30.436288100244592,30.81573043886715,30.25060289629863,30.78343963623047,2442000,0.0,0.0
2022-10-26 00:00:00-04:00,30.969120401730756,31.453516248713527,30.87224184827694,31.18709945678711,3039300,0.0,0.0
2022-10-27 00:00:00-04:00,31.55040030999819,31.8975487432337,31.38085897876401,31.52617835998535,2905200,0.0,0.0
2022-10-28 00:00:00-04:00,31.485812549582516,31.606913060504944,31.24361460745159,31.52617835998535,3251000,0.0,0.0
2022-10-31 00:00:00-04:00,31.32434740627626,31.639205050858752,31.19517496030103,31.44544792175293,2826100,0.0,0.0
2022-11-01 00:00:00-04:00,32.00250600066056,32.13167845665832,31.388937604599743,31.421228408813477,8027300,0.0,0.0
2022-11-02 00:00:00-04:00,31.51002523486709,32.0428618348517,31.211314600862483,31.243608474731445,3072700,0.0,0.0
2022-11-03 00:00:00-04:00,30.920682515105312,31.711864115994654,30.783438141350317,31.493885040283203,3011400,0.0,0.0
2022-11-04 00:00:00-04:00,32.293142588351756,32.914785952743216,32.05094463488193,32.45460891723633,4245800,0.0,0.0
2022-11-07 00:00:00-05:00,32.41424658961991,32.41424658961991,31.94599449348686,32.23663330078125,7784200,0.0,0.0
2022-11-08 00:00:00-05:00,32.22048468074511,32.47882958939826,31.913698946826656,32.40616989135742,3514800,0.0,0.0
2022-11-09 00:00:00-05:00,32.29314593038251,32.47075921850821,31.62306167406416,31.70379638671875,2968200,0.0,0.0
2022-11-10 00:00:00-05:00,32.32543793691502,33.07625378254138,32.268925181198135,33.02781295776367,2833600,0.0,0.0
2022-11-11 00:00:00-05:00,33.350741691767354,33.91586918219984,33.261935063352574,33.76247787475586,7643000,0.0,0.0
2022-11-14 00:00:00-05:00,33.810861464081164,33.81906376449804,32.86780025310682,32.93340301513672,7562500,0.649,0.0
2022-11-15 00:00:00-05:00,33.40083780631806,33.40083780631806,32.966209682974124,33.10561752319336,3008400,0.0,0.0
2022-11-16 00:00:00-05:00,33.11382117961332,33.302433450825475,32.99901398220257,33.154823303222656,2957100,0.0,0.0
2022-11-17 00:00:00-05:00,32.769396858181615,33.13022305816551,32.720195560555844,33.06461715698242,2790600,0.0,0.0
2022-11-18 00:00:00-05:00,32.88419301558848,33.11381046436996,32.80218879490542,33.08920669555664,2064000,0.0,0.0
2022-11-21 00:00:00-05:00,32.77759335680787,32.99900854170773,32.474170809948255,32.96620559692383,2843800,0.0,0.0
2022-11-22 00:00:00-05:00,33.220419970429646,33.82726192441765,33.220419970429646,33.63044738769531,3280600,0.0,0.0
2022-11-23 00:00:00-05:00,33.52384098847098,34.0240749153298,33.45823510312388,33.99127197265625,2855600,0.0,0.0
2022-11-25 00:00:00-05:00,34.09788679031493,34.54071409191092,34.08968448887604,34.229095458984375,1341800,0.0,0.0
2022-11-28 00:00:00-05:00,33.868266750918465,34.179888488892054,33.68785680010107,33.78626251220703,2298200,0.0,0.0
2022-11-29 00:00:00-05:00,33.87646393464991,33.96666733230265,33.49923636007908,33.50743865966797,3407200,0.0,0.0
2022-11-30 00:00:00-05:00,33.884669922096144,34.245492970071076,33.3598352602194,33.860069274902344,4728100,0.0,0.0
2022-12-01 00:00:00-05:00,34.05687805125748,34.12248394300301,33.5156419574012,33.589447021484375,3321000,0.0,0.0
2022-12-02 00:00:00-05:00,33.384433435968226,33.57304568310091,33.12201612445657,33.30242919921875,3040400,0.0,0.0
2022-12-05 00:00:00-05:00,33.359834838405455,33.48284432934177,32.67098857133691,32.73659133911133,2565300,0.0,0.0
2022-12-06 00:00:00-05:00,32.62178088194299,32.86779983917461,32.1543498684205,32.30195999145508,2712300,0.0,0.0
2022-12-07 00:00:00-05:00,32.30195864879102,32.55617676750839,32.11334641681137,32.195350646972656,2415900,0.0,0.0
2022-12-08 00:00:00-05:00,32.539782669572496,32.556184144973614,32.01494796978287,32.17075729370117,2131400,0.0,0.0
2022-12-09 00:00:00-05:00,31.982137117549314,32.36756387359913,31.982137117549314,32.0887451171875,2247500,0.0,0.0
2022-12-12 00:00:00-05:00,32.09694284593832,32.2773558944069,31.97393650874119,32.2691535949707,17834100,0.0,0.0
2022-12-13 00:00:00-05:00,32.6955903029662,32.999012889806146,32.50697803799785,32.64638900756836,5438000,0.0,0.0
2022-12-14 00:00:00-05:00,32.621784240813575,32.87600239627311,32.359366912457226,32.56438064575195,3887300,0.0,0.0
2022-12-15 00:00:00-05:00,32.39216510868017,32.39216510868017,31.727919584075096,31.924734115600586,3369400,0.0,0.0
2022-12-16 00:00:00-05:00,31.53930301872905,31.670511645629883,31.170277777989075,31.465497970581055,4599200,0.0,0.0
2022-12-19 00:00:00-05:00,31.637719521570485,31.67872164088974,30.93247180753899,31.080081939697266,8478000,0.0,0.0
2022-12-20 00:00:00-05:00,31.203081543557712,31.736118364112542,31.129276493454128,31.563907623291016,3547500,0.0,0.0
2022-12-21 00:00:00-05:00,31.908337506735833,32.2609613802736,31.809931790106628,32.2199592590332,5296100,0.0,0.0
2022-12-22 00:00:00-05:00,32.11334025666546,32.170743832419085,31.350689175069853,31.842723846435547,2970600,0.0,0.0
2022-12-23 00:00:00-05:00,31.982136321181073,32.42496665179539,31.924732737019298,32.38396453857422,2215200,0.0,0.0
2022-12-27 00:00:00-05:00,32.34296338992742,32.56437858325352,32.27736062612401,32.52337646484375,1586400,0.0,0.0
2022-12-28 00:00:00-05:00,32.4823734460921,32.58898145361145,31.785324939402216,31.826330184936523,2305100,0.0,0.0
2022-12-29 00:00:00-05:00,31.908335798447382,32.29376259964725,31.867333679402137,32.203556060791016,1686400,0.0,0.0
2022-12-30 00:00:00-05:00,32.03134431723179,32.26095867956501,31.982139898905643,32.064144134521484,1948000,0.0,0.0
2023-01-03 00:00:00-05:00,31.908331058627933,32.219952747952085,31.744319478548867,32.006736755371094,2926300,0.0,0.0
2023-01-04 00:00:00-05:00,32.11334863900645,32.82679550121386,32.11334863900645,32.613582611083984,4101900,0.0,0.0
2023-01-05 00:00:00-05:00,32.49057527145261,32.646387709380306,32.203557298840465,32.48237609863281,2282800,0.0,0.0
2023-01-06 00:00:00-05:00,32.75298536846118,33.34342578553204,32.662781974306995,33.22861862182617,3519400,0.0,0.0
2023-01-09 00:00:00-05:00,33.55663990498259,33.73705295659886,33.50743862054958,33.62224578857422,2397500,0.0,0.0
2023-01-10 00:00:00-05:00,33.753456524018226,33.753456524018226,33.32702763896809,33.6058464050293,2209600,0.0,0.0
2023-01-11 00:00:00-05:00,33.75345917354704,33.95027372373517,33.58944756976713,33.876468658447266,1871600,0.0,0.0
2023-01-12 00:00:00-05:00,34.09788189660485,34.44230342933291,33.87646671345353,34.3766975402832,2613000,0.0,0.0
2023-01-13 00:00:00-05:00,34.23728422775169,34.47510084502637,34.056871190059105,34.2454833984375,3010600,0.0,0.0
2023-01-17 00:00:00-05:00,34.12247846762487,34.302891512714474,34.081476355993765,34.17988204956055,2359600,0.0,0.0
2023-01-18 00:00:00-05:00,34.294692513788846,34.532509163700446,33.74525728288364,33.77805709838867,2219400,0.0,0.0
2023-01-19 00:00:00-05:00,33.65504965182623,34.06507705071809,33.62224670913229,33.933868408203125,1893100,0.0,0.0
2023-01-20 00:00:00-05:00,33.97487552442518,34.36850150992204,33.68785755424869,34.32749938964844,2506200,0.0,0.0
2023-01-23 00:00:00-05:00,34.43411295869559,34.491516561989265,34.14709181396547,34.34390640258789,2152200,0.0,0.0
2023-01-24 00:00:00-05:00,34.31929059554937,34.31929059554937,33.73705246434229,34.0568733215332,4284700,0.0,0.0
2023-01-25 00:00:00-05:00,33.80266323171482,33.909268114009876,33.04821111369886,33.1876220703125,4082000,0.0,0.0
2023-01-26 00:00:00-05:00,33.48284190815103,33.53204319835871,33.154818708214854,33.33523178100586,2652200,0.0,0.0
2023-01-27 00:00:00-05:00,33.32702768499098,33.66325003909431,33.236821153455296,33.49103927612305,2957800,0.0,0.0
2023-01-30 00:00:00-05:00,33.45823539352429,33.55664109413825,33.22041874946814,33.236820220947266,2255400,0.0,0.0
2023-01-31 00:00:00-05:00,33.22862330789437,33.60584779277192,33.138416772758205,33.59764862060547,3256100,0.0,0.0
2023-02-01 00:00:00-05:00,33.663251826171305,33.737056889685775,33.05641297350666,33.392635345458984,4433900,0.0,0.0
2023-02-02 00:00:00-05:00,33.523846496741285,33.638653686701765,33.22862622069359,33.28602981567383,3428000,0.0,0.0
2023-02-03 00:00:00-05:00,33.13021119035364,33.43363055398152,33.031802373830736,33.26961898803711,3110400,0.0,0.0
2023-02-06 00:00:00-05:00,33.23681745112419,33.42542966502477,32.91699660458579,33.204017639160156,2610500,0.0,0.0
2023-02-07 00:00:00-05:00,33.17121670339821,33.60584473872573,33.04820723425307,33.417232513427734,2677900,0.0,0.0
2023-02-08 00:00:00-05:00,33.138419444092406,33.18762386584067,32.28556157002359,32.42497253417969,5168700,0.0,0.0
2023-02-09 00:00:00-05:00,32.49056596517919,32.77758698384118,32.14614449669726,32.236351013183594,3608600,0.0,0.0
2023-02-10 00:00:00-05:00,32.46597488365749,33.33523423776888,32.38397064176038,33.28602981567383,3695700,0.0,0.0
2023-02-13 00:00:00-05:00,33.27782775097187,33.55664340049771,33.171219743160734,33.540245056152344,6664500,0.0,0.0
2023-02-14 00:00:00-05:00,33.37852270759921,33.43687651253904,32.89501611804765,33.1534423828125,4916400,0.666,0.0
2023-02-15 00:00:00-05:00,32.819987495567176,33.02005994412943,32.678272028703496,32.93669509887695,4033700,0.0,0.0
2023-02-16 00:00:00-05:00,32.51154359933054,32.936693154871875,32.3614900667763,32.64492416381836,3683400,0.0,0.0
2023-02-17 00:00:00-05:00,32.378161792300354,32.56989614764089,32.08639281244375,32.42818069458008,3549000,0.0,0.0
2023-02-21 00:00:00-05:00,32.1030656287551,32.2864651077078,31.702923912894022,31.74460792541504,2912600,0.0,0.0
2023-02-22 00:00:00-05:00,31.702924793183264,32.06138568652031,31.286110096748907,31.51119041442871,6886000,0.0,0.0
2023-02-23 00:00:00-05:00,31.936339786138333,31.953012753826197,31.34446056337113,31.552867889404297,5627900,0.0,0.0
2023-02-24 00:00:00-05:00,31.26109573094825,31.54452979277724,31.16939600799724,31.527856826782227,3461000,0.0,0.0
2023-02-27 00:00:00-05:00,31.72793746285039,32.07806029937136,31.63623771612997,31.694591522216797,3031000,0.0,0.0
2023-02-28 00:00:00-05:00,31.719597365870744,31.752943304378878,31.26943673614212,31.277774810791016,3960300,0.0,0.0
2023-03-01 00:00:00-05:00,31.35280084949028,31.81963125751633,31.30278194289735,31.686250686645508,4163000,0.0,0.0
2023-03-02 00:00:00-05:00,31.761277675797057,32.269792099516565,31.569543302599218,32.228111267089844,3546000,0.0,0.0
2023-03-03 00:00:00-05:00,32.186429092295825,32.4865361613218,32.15308315572771,32.39483642578125,3125900,0.0,0.0
2023-03-06 00:00:00-05:00,32.42818785611441,32.46986869386408,32.21978048732202,32.36149597167969,2930600,0.0,0.0
2023-03-07 00:00:00-05:00,32.39483690975523,32.39483690975523,31.71959599435878,31.953014373779297,5539600,0.0,0.0
2023-03-08 00:00:00-05:00,31.89465616834941,32.17809026243493,31.819629402854908,32.003028869628906,2870100,0.0,0.0
2023-03-09 00:00:00-05:00,32.094728096644886,32.41984301531044,31.61122157552134,31.669578552246094,4133500,0.0,0.0
2023-03-10 00:00:00-05:00,31.819632638668875,31.93634342578495,31.34446413556383,31.544536590576172,3853700,0.0,0.0
2023-03-13 00:00:00-04:00,31.27776632004014,32.028030652541915,31.194401496400257,31.86964225769043,7196500,0.0,0.0
2023-03-14 00:00:00-04:00,32.003033448082206,32.36149435894475,31.57788383615244,31.88632583618164,3487900,0.0,0.0
2023-03-15 00:00:00-04:00,31.28611886761326,31.28611886761326,30.094028247212478,30.50250816345215,7605200,0.0,0.0
2023-03-16 00:00:00-04:00,30.25240533215008,30.86095428466797,30.14403264251061,30.86095428466797,5294000,0.0,0.0
2023-03-17 00:00:00-04:00,30.785933359995795,30.844287162386003,30.277418927700815,30.47749137878418,4391300,0.0,0.0
2023-03-20 00:00:00-04:00,30.469154097963607,31.14439506041324,30.46081920313802,30.96933364868164,4530000,0.0,0.0
2023-03-21 00:00:00-04:00,31.16107033579982,31.352804731413347,30.80260941094374,30.910982131958008,3545900,0.0,0.0
2023-03-22 00:00:00-04:00,31.044354257355607,31.261096460261086,30.485821013643157,30.519166946411133,4797800,0.0,0.0
2023-03-23 00:00:00-04:00,30.635878035496884,30.935985104651575,30.235736336638475,30.38578987121582,4219500,0.0,0.0
2023-03-24 00:00:00-04:00,30.06900836101719,30.644211428695062,29.86060103764998,30.619203567504883,3257800,0.0,0.0
2023-03-27 00:00:00-04:00,30.835953502389764,30.844288397331912,30.510835358856728,30.69423484802246,2328000,0.0,0.0
2023-03-28 00:00:00-04:00,30.635876534979463,30.885964687011437,30.535841910175353,30.619203567504883,4916700,0.0,0.0
2023-03-29 00:00:00-04:00,30.96933136210196,31.55286935812253,30.94432031938424,31.53619956970215,4070100,0.0,0.0
2023-03-30 00:00:00-04:00,31.819631515848045,31.886323391846727,31.577881415462006,31.74460792541504,3176500,0.0,0.0
2023-03-31 00:00:00-04:00,31.78629600608025,32.06139210719543,31.669588376513538,31.802968978881836,2693200,0.0,0.0
2023-04-03 00:00:00-04:00,32.35315886255693,32.55322814208428,32.1614244779916,32.51988220214844,3854700,0.0,0.0
2023-04-04 00:00:00-04:00,32.5532261526027,32.61991802839853,32.119738500060755,32.41984558105469,2451300,0.0,0.0
2023-04-05 00:00:00-04:00,32.48653643180551,32.78664350333018,32.40317158969112,32.71995162963867,2201500,0.0,0.0
2023-04-06 00:00:00-04:00,32.78664139071232,32.78664139071232,32.444850330132084,32.494869232177734,1853900,0.0,0.0
2023-04-10 00:00:00-04:00,32.44485103020744,32.5949045595388,32.253116671627026,32.56989669799805,2942100,0.0,0.0
2023-04-11 00:00:00-04:00,32.59490871229993,33.0450693576468,32.50321214828676,33.02006149291992,2571900,0.0,0.0
2023-04-12 00:00:00-04:00,33.0950927734375,33.41187288330135,33.036738961099985,33.0950927734375,3325400,0.0,0.0
2023-04-13 00:00:00-04:00,33.12009471429857,33.49522856936486,33.053406017866614,33.37852096557617,1910100,0.0,0.0
2023-04-14 00:00:00-04:00,33.353509921875954,33.52023643302138,33.25347528720617,33.37852096557617,1740400,0.0,0.0
2023-04-17 00:00:00-04:00,33.370183109873295,33.41186712296584,33.161775764585464,33.38685607910156,2343500,0.0,0.0
2023-04-18 00:00:00-04:00,33.42019727304434,33.54524293448236,33.18678209707285,33.303489685058594,1585800,0.0,0.0
2023-04-19 00:00:00-04:00,33.13676855983179,33.2701491362671,33.06174178683419,33.145103454589844,1640800,0.0,0.0
2023-04-20 00:00:00-04:00,32.928357134738846,33.053402800938755,32.73662277859748,32.819984436035156,1951500,0.0,0.0
2023-04-21 00:00:00-04:00,32.86166266941038,32.92001964105991,32.64492046916421,32.76996612548828,1914900,0.0,0.0
2023-04-24 00:00:00-04:00,32.76996727123127,32.93669057876836,32.59490271024813,32.861663818359375,3774700,0.0,0.0
2023-04-25 00:00:00-04:00,32.69493973504927,33.09508138772173,32.636585942787235,32.711612701416016,2665000,0.0,0.0
2023-04-26 00:00:00-04:00,32.71995260297025,32.81165234200213,32.47819932371235,32.61157989501953,2995100,0.0,0.0
2023-04-27 00:00:00-04:00,32.59490157062596,33.0367272242727,32.59490157062596,32.76996612548828,3476900,0.0,0.0
2023-04-28 00:00:00-04:00,32.74496172528392,33.1951223632695,32.67827302708816,33.145103454589844,2291200,0.0,0.0
2023-05-01 00:00:00-04:00,32.99505126453657,33.26181240265954,32.92835938998403,32.97837829589844,1957600,0.0,0.0
2023-05-02 00:00:00-04:00,32.85334015654403,32.85334015654403,31.994702745022,32.14475631713867,4680100,0.0,0.0
2023-05-03 00:00:00-04:00,31.94467582224228,32.76997026206372,31.94467582224228,32.39483642578125,3631100,0.0,0.0
2023-05-04 00:00:00-04:00,32.43651859002253,32.90335218103834,32.169757446597394,32.73662567138672,4856100,0.0,0.0
2023-05-05 00:00:00-04:00,33.311822426000845,33.48688379666775,33.08674215798209,33.2701416015625,3219800,0.0,0.0
2023-05-08 00:00:00-04:00,33.42020561684548,33.595267042530516,33.01172577686965,33.061744689941406,3065400,0.0,0.0
2023-05-09 00:00:00-04:00,33.011723349354135,33.35351128010093,32.91168871061074,33.211795806884766,2483100,0.0,0.0
2023-05-10 00:00:00-04:00,33.47021920161373,33.52857300088576,32.87833995464331,33.10342025756836,2205200,0.0,0.0
2023-05-11 00:00:00-04:00,32.97838163961529,32.99505460994392,32.61158265247333,32.91168975830078,5698500,0.0,0.0
2023-05-12 00:00:00-04:00,32.909986370988555,33.05410700490665,32.51153882103275,32.58783721923828,4798300,0.658,0.0
2023-05-15 00:00:00-04:00,32.71500559867012,32.83369128921298,32.39285641438055,32.75739288330078,3046100,0.0,0.0
2023-05-16 00:00:00-04:00,32.5793672383352,32.74044022780114,31.46880217239053,31.47728157043457,5731500,0.0,0.0
2023-05-17 00:00:00-04:00,31.621394984721395,31.740080670733274,31.41793473268457,31.528141021728516,3258100,0.0,0.0
2023-05-18 00:00:00-04:00,31.367068968801334,31.502710218768183,31.04491978740164,31.409456253051758,3984600,0.0,0.0
2023-05-19 00:00:00-04:00,31.511186011609457,31.655306657097665,31.299246358906323,31.44336700439453,2756500,0.0,0.0
2023-05-22 00:00:00-04:00,31.384025824975982,31.485755958165413,31.1805623246545,31.256860733032227,3637400,0.0,0.0
2023-05-23 00:00:00-04:00,31.350111018547484,31.367066577743657,31.027961861704664,31.1212158203125,3350000,0.0,0.0
2023-05-24 00:00:00-04:00,31.095787790491528,31.22295288259002,30.917759248707743,31.027965545654297,3621300,0.0,0.0
2023-05-25 00:00:00-04:00,30.90927883670292,30.90927883670292,30.349758270929506,30.443012237548828,5058200,0.0,0.0
2023-05-26 00:00:00-04:00,30.57865262159891,30.688862145745453,30.392144693649747,30.417579650878906,5139400,0.0,0.0
2023-05-30 00:00:00-04:00,30.41758351871191,30.621043798762166,30.17173271587025,30.188688278198242,3060000,0.0,0.0
2023-05-31 00:00:00-04:00,30.019136881560442,30.08695913311523,29.773286070588767,29.841108322143555,3746700,0.0,0.0
2023-06-01 00:00:00-04:00,30.053045519191024,30.875369230581946,30.044566121477224,30.705820083618164,5705000,0.0,0.0
2023-06-02 00:00:00-04:00,31.112738382531717,31.782468390591646,30.968617752242135,31.73160171508789,6272300,0.0,0.0
2023-06-05 00:00:00-04:00,31.968982473131085,32.062236455357,31.629880905151367,31.629880905151367,4150400,0.0,0.0
2023-06-06 00:00:00-04:00,31.47727216489847,31.977449779929263,31.468792769388106,31.943538665771484,2124700,0.0,0.0
2023-06-07 00:00:00-04:00,31.952018904107145,32.2063490587987,31.909631622972636,32.13005065917969,2424600,0.0,0.0
2023-06-08 00:00:00-04:00,32.21482114639734,32.40980520210514,32.06222436646221,32.401329040527344,2100900,0.0,0.0
2023-06-09 00:00:00-04:00,32.46915311075382,32.49458806734706,32.07070877547314,32.16395950317383,2384800,0.0,0.0
2023-06-12 00:00:00-04:00,32.028314486378804,32.04527004412957,31.638346359936985,31.790943145751953,2153100,0.0,0.0
2023-06-13 00:00:00-04:00,32.045277828666755,32.240261939253806,31.79095086850725,31.799427032470703,2516600,0.0,0.0
2023-06-14 00:00:00-04:00,31.875724068094748,32.121574853679405,31.214473353432343,31.248384475708008,5108100,0.0,0.0
2023-06-15 00:00:00-04:00,31.35859796969687,31.87572809702157,31.146658279599805,31.57901382446289,3052900,0.0,0.0
2023-06-16 00:00:00-04:00,31.67226241003974,31.89267822725704,31.646830686422255,31.77399253845215,3619000,0.0,0.0
2023-06-20 00:00:00-04:00,31.655309113636893,31.731607523888687,31.12122024187434,31.27381706237793,4296800,0.0,0.0
2023-06-21 00:00:00-04:00,31.197514480298913,31.44336523978352,30.977098676792135,31.307723999023438,3516000,0.0,0.0
2023-06-22 00:00:00-04:00,31.146657644671023,31.222956060908338,31.01101637513169,31.104267120361328,2499200,0.0,0.0
2023-06-23 00:00:00-04:00,30.943191945686465,30.960147507428463,30.654953863957978,30.68038558959961,2225500,0.0,0.0
2023-06-26 00:00:00-04:00,30.671907670574154,31.367069492503422,30.654952109802398,31.239904403686523,3631900,0.0,0.0
2023-06-27 00:00:00-04:00,31.21446549316467,31.316195600431897,30.96013860802571,31.14664649963379,2164600,0.0,0.0
2023-06-28 00:00:00-04:00,30.960145427595524,31.17208508421876,30.816024779441616,31.129697799682617,2288800,0.0,0.0
2023-06-29 00:00:00-04:00,31.163609540628777,31.392504786160092,31.104266688151352,31.36707305908203,2138600,0.0,0.0
2023-06-30 00:00:00-04:00,31.502714064087986,31.545101353512333,31.367072797564344,31.494237899780273,2262100,0.0,0.0
2023-07-03 00:00:00-04:00,31.60444222478696,31.72312792131404,31.502712089755562,31.63835334777832,975500,0.0,0.0
2023-07-05 00:00:00-04:00,31.61291852436952,31.65530580698333,31.078829708396878,31.18903923034668,4743700,0.0,0.0
2023-07-06 00:00:00-04:00,31.027967788027095,31.027967788027095,30.578656702308205,30.756685256958008,3821700,0.0,0.0
2023-07-07 00:00:00-04:00,30.595611338786487,31.03644624691789,30.57017961287558,30.875370025634766,3615900,0.0,0.0
2023-07-10 00:00:00-04:00,30.849937200804252,30.866892762121797,30.61256581024392,30.663429260253906,2604400,0.0,0.0
2023-07-11 00:00:00-04:00,30.807550152315077,30.917759684758607,30.68886445611866,30.849937438964844,2664900,0.0,0.0
2023-07-12 00:00:00-04:00,31.12969810958393,31.31620281018815,30.985577459995277,31.239904403686523,3628200,0.0,0.0
2023-07-13 00:00:00-04:00,31.367069609586753,31.680739400178705,31.282295039354082,31.646831512451172,2274500,0.0,0.0
2023-07-14 00:00:00-04:00,31.536621368374085,31.612919773671106,31.172084902393046,31.180561065673828,2287500,0.0,0.0
2023-07-17 00:00:00-04:00,31.214475194784427,31.26534188119857,30.91776094222562,30.926237106323242,2246200,0.0,0.0
2023-07-18 00:00:00-04:00,30.94318480869497,31.197511708279407,30.841454695649592,31.053394317626953,5157200,0.0,0.0
2023-07-19 00:00:00-04:00,31.197513214365497,31.341633845917478,31.13817037606237,31.23142433166504,1992500,0.0,0.0
2023-07-20 00:00:00-04:00,31.273815247841778,31.60444059510212,31.2229517999202,31.595964431762695,4198800,0.0,0.0
2023-07-21 00:00:00-04:00,31.621397044972934,31.799425585589976,31.49423518765045,31.706174850463867,2359400,0.0,0.0
2023-07-24 00:00:00-04:00,31.892677339557455,32.13005194450263,31.773991654056054,31.977455139160156,5791900,0.0,0.0
2023-07-25 00:00:00-04:00,31.943542895769603,31.97745401441793,31.57053029246483,31.765514373779297,6047400,0.0,0.0
2023-07-26 00:00:00-04:00,31.528145343739777,31.689221568787534,31.341640626129564,31.672266006469727,4907900,0.0,0.0
2023-07-27 00:00:00-04:00,31.621397776393867,31.72312791139345,31.121220031227107,31.172086715698242,4951200,0.0,0.0
2023-07-28 00:00:00-04:00,31.2314303581013,31.324684331698315,30.739728764205317,30.875370025634766,9124200,0.0,0.0
2023-07-31 00:00:00-04:00,31.053399978097094,31.3331586484523,31.019488856253258,31.19751739501953,6830800,0.0,0.0
2023-08-01 00:00:00-04:00,31.011014707961976,31.044922598066684,30.73125278548434,30.824506759643555,3495000,0.0,0.0
2023-08-02 00:00:00-04:00,30.64647456387787,30.73972529300202,30.324325391632243,30.688861846923828,7539800,0.0,0.0
2023-08-03 00:00:00-04:00,30.731249555490805,30.765160675974084,30.417579775876575,30.510833740234375,4943900,0.0,0.0
2023-08-04 00:00:00-04:00,30.6634270067784,30.9601444571155,30.409100073591176,30.468442916870117,7061600,0.0,0.0
2023-08-07 00:00:00-04:00,30.53626546362561,30.799071796457365,30.290414691035497,30.510833740234375,3300700,0.0,0.0
2023-08-08 00:00:00-04:00,30.400623176202718,30.54474058241545,30.01065500580579,30.536264419555664,5321700,0.0,0.0
2023-08-09 00:00:00-04:00,30.79907781121328,31.095792088531237,30.68038886634302,30.93471908569336,4331800,0.0,0.0
2023-08-10 00:00:00-04:00,31.061877504565473,31.2822965722797,30.799074383600527,30.90080451965332,3939100,0.0,0.0
2023-08-11 00:00:00-04:00,30.943189866992565,31.26533905056379,30.8668914612505,31.129697799682617,11639500,0.0,0.0
2023-08-14 00:00:00-04:00,31.12106083527925,31.267819287069166,30.59446259655328,30.723955154418945,8211200,0.66,0.0
2023-08-15 00:00:00-04:00,30.577197864671,30.663527337573115,29.94700753158256,29.97290802001953,5024700,0.0,0.0
2023-08-16 00:00:00-04:00,29.87795066833496,30.136932530437335,29.80025578039094,29.87795066833496,6004300,0.0,0.0
2023-08-17 00:00:00-04:00,30.041971384435925,30.30095324342193,29.990176988518527,30.093769073486328,4529200,0.0,0.0
2023-08-18 00:00:00-04:00,29.998809643756275,30.180096623913347,29.869317061853703,30.102401733398438,4599600,0.0,0.0
2023-08-21 00:00:00-04:00,30.171464155224516,30.309588033784053,29.82615281225917,29.981542587280273,4603800,0.0,0.0
2023-08-22 00:00:00-04:00,29.955639954635764,30.111029701466236,29.584431480888803,29.610328674316406,2894600,0.0,0.0
2023-08-23 00:00:00-04:00,29.463574695988065,29.808882696948974,29.316816243401945,29.73118782043457,2672900,0.0,0.0
2023-08-24 00:00:00-04:00,29.549907482899226,29.800258062460735,29.498109789258926,29.506744384765625,3402800,0.0,0.0
2023-08-25 00:00:00-04:00,29.59306942694015,29.80025690028801,29.558540925659816,29.696664810180664,3588800,0.0,0.0
2023-08-28 00:00:00-04:00,29.78298707082592,30.06786939742449,29.77435576992872,29.94700813293457,6003200,0.0,0.0
2023-08-29 00:00:00-04:00,30.04197271705064,30.309589182649262,29.886582936139586,30.26642608642578,2587100,0.0,0.0
2023-08-30 00:00:00-04:00,30.421814773956896,30.60310174745983,30.395914282647166,30.439077377319336,2861500,0.0,0.0
2023-08-31 00:00:00-04:00,30.559933394331615,30.603096481576703,30.2836856842041,30.2836856842041,4711900,0.0,0.0
2023-09-01 00:00:00-04:00,30.473610707173627,30.80165617086577,30.473610707173627,30.654897689819336,6126700,0.0,0.0
2023-09-05 00:00:00-04:00,30.689427328127792,30.758490912739926,30.447711368251266,30.464977264404297,4631900,0.0,0.0
2023-09-06 00:00:00-04:00,28.703896723127865,29.109637068956633,28.40175175908503,28.66936492919922,36119700,0.0,0.0
2023-09-07 00:00:00-04:00,28.729790072582755,28.85928263589826,28.488074133735335,28.677995681762695,9020300,0.0,0.0
2023-09-08 00:00:00-04:00,28.859281934592776,29.14416095657833,28.77295575656869,28.954242706298828,7588100,0.0,0.0
2023-09-11 00:00:00-04:00,29.17869471487316,29.35135037570978,29.083733936756374,29.10099983215332,4700800,0.0,0.0
2023-09-12 00:00:00-04:00,29.230493968169466,29.480844525147724,29.170064977606852,29.472209930419922,7742600,0.0,0.0
2023-09-13 00:00:00-04:00,29.653496914114413,29.757092292091983,29.41178095176609,29.627599716186523,8158200,0.0,0.0
2023-09-14 00:00:00-04:00,29.990177415391926,30.508141140736516,29.869316139220672,30.490875244140625,8015300,0.0,0.0
2023-09-15 00:00:00-04:00,30.395910416780797,30.525402977460992,30.136928588553022,30.29231834411621,7581100,0.0,0.0
2023-09-18 00:00:00-04:00,30.45634168857264,30.464976282937464,30.04197007364824,30.231891632080078,3994400,0.0,0.0
2023-09-19 00:00:00-04:00,30.4304467872664,30.585836566226494,29.99017794230154,30.171464920043945,4509600,0.0,0.0
2023-09-20 00:00:00-04:00,30.12830182436239,30.60310246312574,30.111035927463146,30.171464920043945,3838100,0.0,0.0
2023-09-21 00:00:00-04:00,30.093763808137023,30.18008998165065,29.601697374218013,29.610328674316406,6155000,0.0,0.0
2023-09-22 00:00:00-04:00,29.731189334839133,29.981539871152265,29.5930654687927,29.80025291442871,4442500,0.0,0.0
2023-09-25 00:00:00-04:00,29.73982374677793,29.86068171718704,29.515370407618697,29.748455047607422,7060500,0.0,0.0
2023-09-26 00:00:00-04:00,29.567167774559422,29.575799075296246,29.057835409637324,29.08373260498047,5223400,0.0,0.0
2023-09-27 00:00:00-04:00,29.265027038384716,29.325456031585368,28.712528211340953,29.03194236755371,8275000,0.0,0.0
2023-09-28 00:00:00-04:00,29.03193758377354,29.118263761797625,28.807484251898764,28.954242706298828,3824600,0.0,0.0
2023-09-29 00:00:00-04:00,29.144164216698837,29.221859102864645,28.626200504348752,28.652097702026367,5026600,0.0,0.0
2023-10-02 00:00:00-04:00,28.608934965661224,28.626200862039695,27.357187116419,27.616168975830078,10210700,0.0,0.0
2023-10-03 00:00:00-04:00,27.40898321944019,27.495311054956456,26.93418259395051,27.25359344482422,9044600,0.0,0.0
2023-10-04 00:00:00-04:00,27.13273383024068,27.210428712873124,26.787424155522274,27.089569091796875,4984000,0.0,0.0
2023-10-05 00:00:00-04:00,26.934182604907974,27.51257696256578,26.908283760272607,27.40898323059082,3936600,0.0,0.0
2023-10-06 00:00:00-04:00,27.26222414243181,27.512574680104926,26.99460935633387,27.469409942626953,3681400,0.0,0.0
2023-10-09 00:00:00-04:00,27.806089983890203,28.039174654416858,27.69386659274018,27.9442138671875,3129700,0.0,0.0
2023-10-10 00:00:00-04:00,27.92694626995655,28.047807541975217,27.676599010750234,27.987375259399414,5041400,0.0,0.0
2023-10-11 00:00:00-04:00,28.01327329610997,28.367215900328212,27.9701102064507,28.324052810668945,2911400,0.0,0.0
2023-10-12 00:00:00-04:00,28.444913077042745,28.453544378418865,27.797456800447538,28.09960174560547,4227300,0.0,0.0
2023-10-13 00:00:00-04:00,28.38448602010731,28.401751917167733,28.01327746614106,28.254993438720703,4612300,0.0,0.0
2023-10-16 00:00:00-04:00,28.410379617054737,28.695261942732536,28.21182676573357,28.61756706237793,4061700,0.0,0.0
2023-10-17 00:00:00-04:00,28.306791882009705,28.505344763780386,27.996012312930993,28.134136199951172,7698000,0.0,0.0
2023-10-18 00:00:00-04:00,28.099604197774546,28.099604197774546,27.573007499854437,27.780193328857422,7221100,0.0,0.0
2023-10-19 00:00:00-04:00,27.719761470559167,27.9528461215678,27.512575662962526,27.702495574951172,8209400,0.0,0.0
2023-10-20 00:00:00-04:00,27.63343100534413,27.6420655994061,27.314020180839,27.469409942626953,7050100,0.0,0.0
2023-10-23 00:00:00-04:00,27.39171492946824,27.84924961856086,27.1672632353657,27.728391647338867,9783300,0.0,0.0
2023-10-24 00:00:00-04:00,27.87515391428973,27.918317010887524,27.58164024703827,27.737030029296875,6477000,0.0,0.0
2023-10-25 00:00:00-04:00,27.607532950021685,27.952844252830687,27.469409087524614,27.8492488861084,6242100,0.0,0.0
2023-10-26 00:00:00-04:00,27.67659550248709,27.849247854362602,27.52120410472685,27.624797821044922,4770400,0.0,0.0
2023-10-27 00:00:00-04:00,27.762925851722855,27.797457644541755,27.029141719986328,27.098203659057617,5452200,0.0,0.0
2023-10-30 00:00:00-04:00,27.305389878472347,27.60753648382222,27.167265998295242,27.503944396972656,4424000,0.0,0.0
2023-10-31 00:00:00-04:00,27.521208655951046,27.719763174515425,27.34855462895721,27.659334182739258,4714500,0.0,0.0
2023-11-01 00:00:00-04:00,27.78019028952479,28.021906240299682,27.573004483189273,27.970111846923828,7240000,0.0,0.0
2023-11-02 00:00:00-04:00,28.19456041137104,29.057835382072092,28.185929110642405,28.928342819213867,6862900,0.0,0.0
2023-11-03 00:00:00-04:00,29.265028376456783,29.498109764811726,29.006043201603216,29.204599380493164,11494500,0.0,0.0
2023-11-06 00:00:00-05:00,29.3945108087935,29.446308490299042,29.16142618171735,29.22185516357422,4267000,0.0,0.0
2023-11-07 00:00:00-05:00,28.971509020625785,29.204593656429726,28.885179548217295,29.040569305419922,4131000,0.0,0.0
2023-11-08 00:00:00-05:00,28.893818856889457,29.204598422007415,28.833389862909097,28.971513748168945,3760900,0.0,0.0
2023-11-09 00:00:00-05:00,29.101004989994802,29.290926579889938,28.79885999982837,28.807491302490234,3174700,0.0,0.0
2023-11-10 00:00:00-05:00,28.936975628197924,29.040567696215184,28.574398450438814,28.833383560180664,3319500,0.0,0.0
2023-11-13 00:00:00-05:00,28.833385727586773,29.221856835135995,28.74705625347261,29.187328338623047,7615200,0.0,0.0
2023-11-14 00:00:00-05:00,29.612374514427312,29.638773772888907,29.189966237186418,29.277969360351562,13770200,0.643,0.0
2023-11-15 00:00:00-05:00,29.3219696318829,29.665173424333734,29.277969748205397,29.392372131347656,4784400,0.0,0.0
2023-11-16 00:00:00-05:00,29.286767668626762,29.427569307149938,28.829161504182487,28.95236587524414,9590000,0.0,0.0
2023-11-17 00:00:00-05:00,29.2339686798868,29.753175342983898,29.163566183274945,29.63877296447754,7474100,0.0,0.0
2023-11-20 00:00:00-05:00,29.6563735886305,29.78837323431402,29.559571834277104,29.63877296447754,9946300,0.0,0.0
2023-11-21 00:00:00-05:00,29.65637471946713,29.885176128228544,29.550774327498477,29.797176361083984,5787700,0.0,0.0
2023-11-22 00:00:00-05:00,29.577174705983246,29.911579876349204,29.48917157853112,29.85877799987793,6390700,0.0,0.0
2023-11-24 00:00:00-05:00,29.90277706902935,30.219581605258867,29.893978435012297,30.122779846191406,1684600,0.0,0.0
2023-11-27 00:00:00-05:00,29.98197898618671,30.069978756559614,29.78837546299506,29.867576599121094,9124500,0.0,0.0
2023-11-28 00:00:00-05:00,29.96438028983692,30.254785593320822,29.920380401817738,30.052383422851562,4345600,0.0,0.0
2023-11-29 00:00:00-05:00,30.228379041794398,30.536384931805365,30.228379041794398,30.36918067932129,4881500,0.0,0.0
2023-11-30 00:00:00-05:00,30.48358341866269,30.76518669704022,30.281181272139833,30.685985565185547,4976600,0.0,0.0
2023-12-01 00:00:00-05:00,30.685988965303796,31.090796660179542,30.685988965303796,30.95879364013672,7287800,0.0,0.0
2023-12-04 00:00:00-05:00,30.765189756624,31.064393689277804,30.721189869434717,30.93239402770996,10479000,0.0,0.0
2023-12-05 00:00:00-05:00,30.870790447037376,31.055591969056856,30.817988573470718,30.879589080810547,4526300,0.0,0.0
2023-12-06 00:00:00-05:00,30.923588960749566,31.05559196616598,30.677186931413196,30.685985565185547,4025100,0.0,0.0
2023-12-07 00:00:00-05:00,30.79159201019649,30.79159201019649,30.56278722835748,30.624387741088867,2905100,0.0,0.0
2023-12-08 00:00:00-05:00,30.68598821153648,30.765189350221437,30.57158917775078,30.72998809814453,3169300,0.0,0.0
2023-12-11 00:00:00-05:00,30.756394202916272,30.853195978615275,30.650793791688518,30.791595458984375,3911400,0.0,0.0
2023-12-12 00:00:00-05:00,30.773995273428785,30.905994950117275,30.30758701626165,30.51879119873047,3926700,0.0,0.0
2023-12-13 00:00:00-05:00,30.589188247030375,31.28439791007061,30.457188579437855,31.222797393798828,8110200,0.0,0.0
2023-12-14 00:00:00-05:00,31.53080296646722,31.671604624452165,31.19639776988686,31.29319953918457,7858100,0.0,0.0
2023-12-15 00:00:00-05:00,31.205191467245932,31.328392478866657,30.993990692174915,31.13479232788086,5660400,0.0,0.0
2023-12-18 00:00:00-05:00,31.42519608578242,31.486796595224956,31.15239478881576,31.24919319152832,3783900,0.0,0.0
2023-12-19 00:00:00-05:00,31.319594881083802,31.733201168325316,31.301994256416513,31.609996795654297,3457100,0.0,0.0
2023-12-20 00:00:00-05:00,31.68039741917104,31.777199170623508,31.099590267431932,31.108388900756836,5787900,0.0,0.0
2023-12-21 00:00:00-05:00,31.240396092540013,31.53080138587556,31.22279546655215,31.513200759887695,4596800,0.0,0.0
2023-12-22 00:00:00-05:00,31.618803396757855,31.87400745618053,31.56600151505704,31.733205795288086,3414500,0.0,0.0
2023-12-26 00:00:00-05:00,31.768400186659537,32.11160734437218,31.72440030191977,31.962003707885742,2395000,0.0,0.0
2023-12-27 00:00:00-05:00,31.90040894530191,32.138012394076526,31.82120779571037,31.953210830688477,3133500,0.0,0.0
2023-12-28 00:00:00-05:00,31.891598892040985,32.10279964402198,31.671596150491787,31.750797271728516,3418100,0.0,0.0
2023-12-29 00:00:00-05:00,31.750803738810042,31.7948036246868,31.62759935858856,31.698001861572266,3506600,0.0,0.0
2024-01-02 00:00:00-05:00,31.706797398459614,31.962001411380005,31.636398259329447,31.944400787353516,4183500,0.0,0.0
2024-01-03 00:00:00-05:00,31.838805346843596,32.19960980300393,31.83000335497493,32.09400939941406,3128500,0.0,0.0
2024-01-04 00:00:00-05:00,32.25240245956628,32.46360320634566,32.09400022099407,32.120399475097656,5765200,0.0,0.0
2024-01-05 00:00:00-05:00,32.261204545013555,32.54280780884431,32.13800353670957,32.29640579223633,2642700,0.0,0.0
2024-01-08 00:00:00-05:00,32.29640836648349,32.798014429974465,32.10280484830242,32.74521255493164,4590900,0.0,0.0
2024-01-09 00:00:00-05:00,32.666008817148295,32.70121006437107,32.28760380194279,32.29640579223633,2962400,0.0,0.0
2024-01-10 00:00:00-05:00,32.32281226844945,32.58681496763368,32.27881237808148,32.472415924072266,5880800,0.0,0.0
2024-01-11 00:00:00-05:00,32.5252171628211,32.58681768586996,32.032412978430216,32.22601318359375,3650800,0.0,0.0
2024-01-12 00:00:00-05:00,32.630813210968846,32.674813094589325,32.36680719529408,32.41960906982422,2857700,0.0,0.0
2024-01-16 00:00:00-05:00,32.34040450055159,32.69241024606892,32.173203617767435,32.24360275268555,4141900,0.0,0.0
2024-01-17 00:00:00-05:00,31.988403008141862,32.05000351825132,31.654001198112216,31.759601593017578,6574600,0.0,0.0
2024-01-18 00:00:00-05:00,31.715604454055377,31.918006627220652,31.416400511772732,31.495601654052734,7443800,0.0,0.0
2024-01-19 00:00:00-05:00,31.495598930174815,31.74200097063542,31.3635959187989,31.662799835205078,6381400,0.0,0.0
2024-01-22 00:00:00-05:00,31.671600694630218,31.75960046108565,31.43399729682947,31.504396438598633,8502700,0.0,0.0
2024-01-23 00:00:00-05:00,31.521995967848817,31.724398109243257,31.45159682852613,31.530797958374023,5420900,0.0,0.0
2024-01-24 00:00:00-05:00,31.794800593664675,31.794800593664675,31.205191436800433,31.240392684936523,5627800,0.0,0.0
2024-01-25 00:00:00-05:00,31.389992149820394,31.477995267905925,31.293193755389865,31.4075927734375,8512500,0.0,0.0
2024-01-26 00:00:00-05:00,31.433999194609584,31.698001866890543,31.372398682976563,31.601200103759766,4115900,0.0,0.0
2024-01-29 00:00:00-05:00,31.60119897254065,31.654000847897155,31.37239755994779,31.63640022277832,4097400,0.0,0.0
2024-01-30 00:00:00-05:00,31.539598814974774,31.75960159595061,31.398797169429283,31.662799835205078,6881800,0.0,0.0
2024-01-31 00:00:00-05:00,31.68039821571028,31.82119985127885,31.205191436800433,31.240392684936523,5385500,0.0,0.0
2024-02-01 00:00:00-05:00,31.389997113185167,31.7420029272348,31.28439671176077,31.557201385498047,4457300,0.0,0.0
2024-02-02 00:00:00-05:00,31.389997193991935,31.434000438593593,30.81799194090907,31.064393997192383,5092100,0.0,0.0
2024-02-05 00:00:00-05:00,30.94119277598842,30.949991410668105,30.404385422169632,30.430788040161133,6262600,0.0,0.0
2024-02-06 00:00:00-05:00,30.457182675483967,30.729983949813327,30.3691795571715,30.501182556152344,3344000,0.0,0.0
2024-02-07 00:00:00-05:00,30.5451858784382,30.65078963231185,30.22838133076943,30.289981842041016,6189200,0.0,0.0
2024-02-08 00:00:00-05:00,30.272385354332958,30.351586493293365,30.078781824212808,30.228382110595703,6682400,0.0,0.0
2024-02-09 00:00:00-05:00,30.377983873373623,30.413185123393784,29.876377810002218,30.122779846191406,6800800,0.0,0.0
2024-02-12 00:00:00-05:00,30.21078063672324,30.800386422607673,30.069975647523208,30.703584671020508,9441600,0.0,0.0
2024-02-13 00:00:00-05:00,30.589185809399787,30.66838694643436,29.79717779603014,30.08757972717285,14184100,0.0,0.0
2024-02-14 00:00:00-05:00,30.208774082904675,30.415252653351256,29.840702992180578,29.921499252319336,14366400,0.675,0.0
2024-02-15 00:00:00-05:00,29.939456563451724,30.621736982848425,29.912525613202586,30.53196144104004,4848200,0.0,0.0
2024-02-16 00:00:00-05:00,30.4960503338369,30.971848652044176,30.487071068633217,30.900028228759766,5510100,0.0,0.0
2024-02-20 00:00:00-05:00,30.747413739822353,31.11548483300904,30.702527689352976,30.91798210144043,10087900,0.0,0.0
2024-02-21 00:00:00-05:00,30.93594090903569,31.268105256352815,30.9179858017818,31.24117088317871,6901700,0.0,0.0
2024-02-22 00:00:00-05:00,31.232192691108846,31.37583011374233,31.052645056670414,31.330944061279297,13236000,0.0,0.0
2024-02-23 00:00:00-05:00,31.268105256352815,31.312991312194264,31.016737179384915,31.24117088317871,5722500,0.0,0.0
2024-02-26 00:00:00-05:00,31.205261209246395,31.223216316811325,30.792304009012838,30.87310028076172,9690900,0.0,0.0
2024-02-27 00:00:00-05:00,31.079578426798008,31.214240019274236,30.882079095642514,30.962875366210938,3920900,0.0,0.0
2024-02-28 00:00:00-05:00,30.882075588662047,30.96287185005522,30.747414011478043,30.864120483398438,3099800,0.0,0.0
2024-02-29 00:00:00-05:00,30.873097282321247,31.052644915946004,30.828211230061626,30.900028228759766,8208900,0.0,0.0
2024-03-01 00:00:00-05:00,30.90003069452791,31.321967153527936,30.85514463868646,31.24117088317871,5218800,0.0,0.0
2024-03-04 00:00:00-05:00,31.24116666514277,31.330942189291147,31.05264320131031,31.169349670410156,3683500,0.0,0.0
2024-03-05 00:00:00-05:00,31.187306408846702,31.44764688104854,31.151396197306354,31.22321319580078,3956100,0.0,0.0
2024-03-06 00:00:00-05:00,31.474582140187465,31.78878793856649,31.402761715080054,31.46560287475586,4422700,0.0,0.0
2024-03-07 00:00:00-05:00,31.71697238101366,32.111974463316024,31.672082900986098,32.04913330078125,6232700,0.0,0.0
2024-03-08 00:00:00-05:00,32.23765347296653,32.28253952379136,32.04913000475054,32.17481231689453,4889500,0.0,0.0
2024-03-11 00:00:00-04:00,32.19276928207389,32.345382548612754,32.06708696266862,32.33640670776367,3646600,0.0,0.0
2024-03-12 00:00:00-04:00,32.31844995395198,32.43515642655872,32.21072274632294,32.39924621582031,3505900,0.0,0.0
2024-03-13 00:00:00-04:00,32.542885130322475,32.68652255529355,32.417202811546076,32.44413375854492,2594400,0.0,0.0
2024-03-14 00:00:00-04:00,32.489020216507214,32.489020216507214,31.851629349293706,32.02219772338867,3952600,0.0,0.0
2024-03-15 00:00:00-04:00,31.94140422806548,32.120948439404096,31.851628697809858,31.88753890991211,3791000,0.0,0.0
2024-03-18 00:00:00-04:00,31.88753890991211,31.93242496274676,31.734922220770706,31.88753890991211,5164200,0.0,0.0
2024-03-19 00:00:00-04:00,31.842652396898117,32.17481329257786,31.761856133128855,32.094017028808594,2761000,0.0,0.0
2024-03-20 00:00:00-04:00,31.959354695740267,32.40822205621182,31.887537698849634,32.39924621582031,3625000,0.0,0.0
2024-03-21 00:00:00-04:00,32.34538301823688,32.524930659102566,32.08504253479737,32.12992858886719,3466400,0.0,0.0
2024-03-22 00:00:00-04:00,32.085041393270195,32.13890328640311,31.75287707088124,31.824697494506836,3118200,0.0,0.0
2024-03-25 00:00:00-04:00,31.977308760262254,32.31844890200081,31.932422710593354,32.264583587646484,4290100,0.0,0.0
2024-03-26 00:00:00-04:00,32.318451556128906,32.32742739696539,31.959356280115156,32.00424575805664,2572100,0.0,0.0
2024-03-27 00:00:00-04:00,32.00424499510894,32.30947494506836,31.81571809617351,32.30947494506836,5966700,0.0,0.0
2024-03-28 00:00:00-04:00,32.36333503479848,32.55185849864374,32.282538775352506,32.48004150390625,3883700,0.0,0.0
2024-04-01 00:00:00-04:00,32.515956179752706,32.515956179752706,32.07606461244032,32.16584014892578,4721300,0.0,0.0
2024-04-02 00:00:00-04:00,32.21969851021369,32.26458456123704,31.950378779487455,32.18378829956055,4438100,0.0,0.0
2024-04-03 00:00:00-04:00,32.210724856027426,32.3723173903479,32.004246267637136,32.12992858886719,3739600,0.0,0.0
2024-04-04 00:00:00-04:00,32.174815513767236,32.22868083486076,31.833675329347923,31.995267868041992,3854500,0.0,0.0
2024-04-05 00:00:00-04:00,31.86958016206259,31.878556001769308,31.537419299539234,31.73491859436035,3643900,0.0,0.0
2024-04-08 00:00:00-04:00,31.797762348337574,31.860606929771386,31.528442615478372,31.636173248291016,3246000,0.0,0.0
2024-04-09 00:00:00-04:00,31.663102689767545,31.770829892875458,31.51946527742831,31.707988739013672,3295800,0.0,0.0
2024-04-10 00:00:00-04:00,31.429699831329714,31.438679098809494,30.774353713378485,31.007766723632812,6514400,0.0,0.0
2024-04-11 00:00:00-04:00,31.070600395014683,31.09753134177672,30.630708858578977,31.016735076904297,4349100,0.0,0.0
2024-04-12 00:00:00-04:00,30.998779920868614,31.241168715094926,30.46014043897879,30.684574127197266,4923000,0.0,0.0
2024-04-15 00:00:00-04:00,30.74741318314164,30.926960806354572,30.172863528529113,30.298545837402344,4758800,0.0,0.0
2024-04-16 00:00:00-04:00,30.17286589224928,30.20877610462226,29.580361086440465,29.598316192626953,8660800,0.0,0.0
2024-04-17 00:00:00-04:00,29.75092746725634,29.975361142687767,29.490583581855216,29.921499252319336,7825400,0.0,0.0
2024-04-18 00:00:00-04:00,29.96638599887994,30.478094516788346,29.93945162848368,30.433208465576172,7831900,0.0,0.0
2024-04-19 00:00:00-04:00,30.460140804413356,31.348896302652722,30.45116153900856,31.295034408569336,10628100,0.0,0.0
2024-04-22 00:00:00-04:00,31.339916580132197,31.75287369835971,31.088551973313002,31.73491859436035,12530500,0.0,0.0
2024-04-23 00:00:00-04:00,31.66310186553258,31.896511370288096,31.582305609158375,31.797760009765625,12397900,0.0,0.0
2024-04-24 00:00:00-04:00,31.83367410192032,32.067087059739265,31.618219675026616,32.013221740722656,8010300,0.0,0.0
2024-04-25 00:00:00-04:00,31.81571858193516,32.63265707450745,31.699015529129348,32.55186080932617,10012100,0.0,0.0
2024-04-26 00:00:00-04:00,32.54288273011347,32.63265482987934,32.111970486982294,32.156856536865234,4385200,0.0,0.0
2024-04-29 00:00:00-04:00,32.30049828965507,32.327429238284815,32.04015437094563,32.28254318237305,9231500,0.0,0.0
2024-04-30 00:00:00-04:00,32.21072465008564,32.21072465008564,31.905494689941406,31.905494689941406,8323800,0.0,0.0
2024-05-01 00:00:00-04:00,31.93242331284534,32.23765325077105,31.690034530558503,31.95037841796875,7581800,0.0,0.0
2024-05-02 00:00:00-04:00,32.21969731797239,32.7403850794172,32.09401500992324,32.69549560546875,5114800,0.0,0.0
2024-05-03 00:00:00-04:00,32.91993464319635,33.16232345876876,32.560842765174954,32.62368392944336,4208000,0.0,0.0
2024-05-06 00:00:00-04:00,32.821181564949164,33.02766013311214,32.8032264601629,32.91992950439453,4022000,0.0,0.0
2024-05-07 00:00:00-04:00,33.06357192993164,33.14436476846927,32.97379640169054,33.06357192993164,4422200,0.0,0.0
2024-05-08 00:00:00-04:00,32.928907451817324,33.70095980381191,32.8570870355453,33.42266082763672,5838000,0.0,0.0
2024-05-09 00:00:00-04:00,33.51244054329807,33.70096402273392,33.48550617153126,33.539371490478516,4940300,0.0,0.0
2024-05-10 00:00:00-04:00,34.14982978923891,34.44608046794992,33.79971379413217,33.93437194824219,6880200,0.0,0.0
2024-05-13 00:00:00-04:00,34.185741215046825,34.21267216190865,33.754825517739704,33.961307525634766,12823500,0.0,0.0
2024-05-14 00:00:00-04:00,33.741961044419455,34.01614012859215,33.54090079871319,33.805938720703125,11445100,0.67,0.0
2024-05-15 00:00:00-04:00,33.906467100390316,34.034418966625786,33.62315382669862,33.805938720703125,7338400,0.0,0.0
2024-05-16 00:00:00-04:00,33.66885281731174,33.824217727890606,33.45865138670561,33.59573745727539,5709200,0.0,0.0
2024-05-17 00:00:00-04:00,33.68712931251324,33.72368698998681,33.47692789653828,33.58659744262695,7893600,0.0,0.0
2024-05-20 00:00:00-04:00,33.586600968754745,33.705411689851296,33.55004328744313,33.614017486572266,2704600,0.0,0.0
2024-05-21 00:00:00-04:00,33.62315865006636,33.76024472548634,33.38553720787325,33.614017486572266,7873200,0.0,0.0
2024-05-22 00:00:00-04:00,33.513485531851394,33.659716256773734,33.35812061611996,33.45865249633789,6600400,0.0,0.0
2024-05-23 00:00:00-04:00,33.522620366039014,33.60487339011174,32.800621986548556,32.87373733520508,6789600,0.0,0.0
2024-05-24 00:00:00-04:00,33.047383303603475,33.23930587736616,33.00168795075501,33.12049865722656,3053300,0.0,0.0
2024-05-28 00:00:00-04:00,33.14791330888825,33.23930400944937,32.901154233775124,33.001686096191406,4506100,0.0,0.0
2024-05-29 00:00:00-04:00,32.9011542238898,32.9011542238898,32.53558444909165,32.608699798583984,3301300,0.0,0.0
2024-05-30 00:00:00-04:00,32.709232286126515,32.91943369043682,32.581283908401275,32.68181228637695,3430500,0.0,0.0
2024-05-31 00:00:00-04:00,32.873743825675604,33.46779046230352,32.66354238628427,33.431236267089844,5358600,0.0,0.0
2024-06-03 00:00:00-04:00,33.211890643925265,33.449508579701465,33.20275296753591,33.29414367675781,4811700,0.0,0.0
2024-06-04 00:00:00-04:00,33.111358511737706,33.14791618967197,32.745792191391224,32.92857360839844,4853700,0.0,0.0
2024-06-05 00:00:00-04:00,33.074798061135006,33.18447108574389,32.965128522857896,33.15705108642578,4871200,0.0,0.0
2024-06-06 00:00:00-04:00,33.00168671942113,33.330698825785284,32.9651290439736,33.074798583984375,4191700,0.0,0.0
2024-06-07 00:00:00-04:00,32.901154852714384,32.91029252840969,32.63611693523677,32.68181228637695,4015000,0.0,0.0
2024-06-10 00:00:00-04:00,32.72751165004985,32.72751165004985,32.52644791820211,32.59955978393555,4519100,0.0,0.0
2024-06-11 00:00:00-04:00,32.5173142574876,32.5173142574876,32.26141397999317,32.41678237915039,4648900,0.0,0.0
2024-06-12 00:00:00-04:00,32.7549272963943,32.901154510320225,32.508168219207086,32.58128356933594,5115900,0.0,0.0
2024-06-13 00:00:00-04:00,32.47161327358051,32.517312114418196,32.24313301472034,32.32538604736328,3019100,0.0,0.0
2024-06-14 00:00:00-04:00,32.197436623112075,32.21571546159196,31.978097534017348,32.09690475463867,6904200,0.0,0.0
2024-06-17 00:00:00-04:00,32.005515638947884,32.05121099425225,31.758756536705707,31.850147247314453,3358600,0.0,0.0
2024-06-18 00:00:00-04:00,31.8501482528652,31.97810013262204,31.73134102258936,31.804452896118164,5755300,0.0,0.0
2024-06-20 00:00:00-04:00,31.79531240692151,31.968956141733887,31.621665185777193,31.75875473022461,4787900,0.0,0.0
2024-06-21 00:00:00-04:00,31.850150272660077,31.868429113784504,31.630811151831903,31.713064193725586,4597300,0.0,0.0
2024-06-24 00:00:00-04:00,31.804450311624397,32.17915778463219,31.69478076707703,32.09690475463867,5119800,0.0,0.0
2024-06-25 00:00:00-04:00,32.096905570283496,32.142600924478444,31.84100879772616,31.98723602294922,5242400,0.0,0.0
2024-06-26 00:00:00-04:00,31.86842957598975,32.3528101569811,31.722202331205995,32.2979736328125,4978600,0.0,0.0
2024-06-27 00:00:00-04:00,32.38022573444974,32.38022573444974,32.142604289627116,32.224857330322266,3579600,0.0,0.0
2024-06-28 00:00:00-04:00,32.325387359256666,32.58128763027131,32.279692002896546,32.526451110839844,4374200,0.0,0.0
2024-07-01 00:00:00-04:00,32.59042987004612,32.8189101701688,32.22485999531675,32.23400115966797,3513700,0.0,0.0
2024-07-02 00:00:00-04:00,32.37108024007069,32.782345388525094,32.343663725617716,32.72751235961914,4763200,0.0,0.0
2024-07-03 00:00:00-04:00,32.85546136368733,33.12049929618621,32.7275129787105,32.80062484741211,2220400,0.0,0.0
2024-07-05 00:00:00-04:00,32.83718561512914,32.873743296086275,32.47161577822244,32.54473114013672,2954500,0.0,0.0
2024-07-08 00:00:00-04:00,32.54472747433993,32.56300631275959,32.26141070833307,32.33452606201172,2843400,0.0,0.0
2024-07-09 00:00:00-04:00,32.307106061216246,32.37108025251909,32.078625810468374,32.33452606201172,2650400,0.0,0.0
2024-07-10 00:00:00-04:00,32.35280253085814,32.70008997639999,32.297966019615465,32.69095230102539,2303900,0.0,0.0
2024-07-11 00:00:00-04:00,32.76406387941429,32.86459573932314,32.654394344209926,32.71836853027344,3930100,0.0,0.0
2024-07-12 00:00:00-04:00,32.86459770177572,33.08394027161377,32.68181280796599,32.99254608154297,2917700,0.0,0.0
2024-07-15 00:00:00-04:00,33.083939788308975,33.09307746401663,32.67267465482799,32.709232330322266,3119800,0.0,0.0
2024-07-16 00:00:00-04:00,32.81889906979947,33.01082162026852,32.608697683143156,32.9102897644043,2857600,0.0,0.0
2024-07-17 00:00:00-04:00,32.81890305302924,33.24844703973502,32.81890305302924,33.12049865722656,5535600,0.0,0.0
2024-07-18 00:00:00-04:00,33.04737921614583,33.31241711075045,32.95598852175255,33.147911071777344,5934600,0.0,0.0
2024-07-19 00:00:00-04:00,33.04738523119351,33.53176227503743,32.965132196735844,33.394676208496094,6508400,0.0,0.0
2024-07-22 00:00:00-04:00,33.46778440319582,33.66884812896566,33.34897718917889,33.577457427978516,6790900,0.0,0.0
2024-07-23 00:00:00-04:00,33.559185167973325,33.58660168637663,33.29414720229981,33.321563720703125,4664800,0.0,0.0
2024-07-24 00:00:00-04:00,33.312422888185715,33.623156183878024,33.239307530925345,33.42209243774414,3602000,0.0,0.0
2024-07-25 00:00:00-04:00,33.385536403856655,33.55004247946477,33.19361381109129,33.202754974365234,3503100,0.0,0.0
2024-07-26 00:00:00-04:00,33.394679194576895,33.62315947890816,33.24845195205819,33.50434875488281,3064500,0.0,0.0
2024-07-29 00:00:00-04:00,33.57746148850516,33.68713104021843,33.42209309444017,33.52262496948242,3556400,0.0,0.0
2024-07-30 00:00:00-04:00,33.55003946415855,34.08011532377359,33.53176062558576,34.00699996948242,5288500,0.0,0.0
2024-07-31 00:00:00-04:00,34.19892883300781,34.33601840434383,34.04356390607077,34.19892883300781,4627200,0.0,0.0
2024-08-01 00:00:00-04:00,34.26290163639453,34.39998770184682,34.00700137215242,34.36343002319336,5788500,0.0,0.0
2024-08-02 00:00:00-04:00,34.08011464152252,34.7381353853102,33.9247462599301,34.692440032958984,10451300,0.0,0.0
2024-08-05 00:00:00-04:00,33.58659662111904,34.44568110274301,33.358116371995784,34.08925247192383,5973800,0.0,0.0
2024-08-06 00:00:00-04:00,34.17150841509651,35.12198716922267,33.851637433579164,34.98489761352539,7570200,0.0,0.0
2024-08-07 00:00:00-04:00,35.131121441555266,35.48755355456124,34.92092003316623,35.140262603759766,5357000,0.0,0.0
2024-08-08 00:00:00-04:00,35.1951001819184,35.469279302191005,35.10370946604909,35.39616394042969,3912100,0.0,0.0
2024-08-09 00:00:00-04:00,35.4053042815306,35.59722687219816,35.149404007641586,35.50583267211914,3740300,0.0,0.0
2024-08-12 00:00:00-04:00,35.633784672398754,35.816566100508695,35.514973955061485,35.68861770629883,3232000,0.0,0.0
2024-08-13 00:00:00-04:00,35.69775438767076,36.090740684166,35.64291787432311,35.9810676574707,4966100,0.0,0.0
2024-08-14 00:00:00-04:00,36.09987878640532,36.30094251805707,35.917093892752085,36.136436462402344,7695100,0.0,0.0
2024-08-15 00:00:00-04:00,36.08809660268862,36.09739485259475,35.73483757736473,35.855690002441406,4102300,0.668,0.0
2024-08-16 00:00:00-04:00,35.90217161017263,36.01372933468419,35.781322727983515,35.97654342651367,3323400,0.0,0.0
2024-08-19 00:00:00-04:00,36.02301893846522,36.45064618315258,35.97653833295449,36.376277923583984,8183500,0.0,0.0
2024-08-20 00:00:00-04:00,36.34839101138478,36.46924343696423,36.23683683575015,36.301910400390625,5534800,0.0,0.0
2024-08-21 00:00:00-04:00,36.441354296863814,36.56220671752593,36.21824240842938,36.255428314208984,2678600,0.0,0.0
2024-08-22 00:00:00-04:00,36.25543188840604,36.32980370729709,36.115986501107066,36.29261779785156,6150000,0.0,0.0
2024-08-23 00:00:00-04:00,36.54361260804899,36.92475926461887,36.48783375114496,36.868980407714844,5943900,0.0,0.0
2024-08-26 00:00:00-04:00,36.989836778948714,37.231538092219125,36.96194557439347,37.08279800415039,3815900,0.0,0.0
2024-08-27 00:00:00-04:00,36.98054011951535,37.14787316907145,36.87828063964844,36.87828063964844,2744200,0.0,0.0
2024-08-28 00:00:00-04:00,36.757430276048055,36.859689751811814,36.50643071178523,36.59939193725586,2715700,0.0,0.0
2024-08-29 00:00:00-04:00,36.7109502965455,36.84109743294668,36.534319000363745,36.776023864746094,2006900,0.0,0.0
2024-08-30 00:00:00-04:00,36.82249974664086,37.48253359428683,36.645868473155986,37.352386474609375,4767400,0.0,0.0
2024-09-03 00:00:00-04:00,37.15716567796548,37.49183172536287,36.86898023798594,37.37097930908203,3452900,0.0,0.0
2024-09-04 00:00:00-04:00,37.37098337092563,37.807905383634036,37.35239041668901,37.56620407104492,3164400,0.0,0.0
2024-09-05 00:00:00-04:00,37.68704861403061,37.938048124335324,37.57549091195562,37.6033821105957,3443100,0.0,0.0
2024-09-06 00:00:00-04:00,37.547607421875,37.891568175795754,37.370979693373656,37.547607421875,3555700,0.0,0.0
2024-09-09 00:00:00-04:00,37.63127863240855,37.938057066056174,37.59409272295244,37.919464111328125,2731800,0.0,0.0
2024-09-10 00:00:00-04:00,37.92875306056028,37.95664426154213,37.22223861931271,37.426753997802734,2978600,0.0,0.0
2024-09-11 00:00:00-04:00,37.389572025928636,37.445347335981744,36.96194122014446,37.408164978027344,2823200,0.0,0.0
2024-09-12 00:00:00-04:00,37.53831593505736,37.659164816692154,37.38957584930092,37.64057540893555,2331900,0.0,0.0
2024-09-13 00:00:00-04:00,37.64057344931524,37.91946065230889,37.631275199677646,37.86368179321289,2604200,0.0,0.0
2024-09-16 00:00:00-04:00,38.01242044993399,38.30990059483681,37.97523454526038,38.282012939453125,3943600,0.0,0.0
2024-09-17 00:00:00-04:00,38.254131809560945,38.32850008535106,37.89157449651178,37.94735336303711,2372100,0.0,0.0
2024-09-18 00:00:00-04:00,37.94734804701747,38.04030926529315,37.6498678930435,37.668460845947266,3381700,0.0,0.0
2024-09-19 00:00:00-04:00,37.798606960004115,37.97523468850546,37.333793788559774,37.547607421875,3931300,0.0,0.0
2024-09-20 00:00:00-04:00,37.454647206918665,37.7149414550851,37.31520183326198,37.668460845947266,3648100,0.0,0.0
2024-09-23 00:00:00-04:00,37.742830249498624,38.04031041244347,37.631276074955124,38.00312805175781,2640100,0.0,0.0
2024-09-24 00:00:00-04:00,38.114678517933186,38.189050324555026,37.87297723889806,37.98453140258789,2339800,0.0,0.0
2024-09-25 00:00:00-04:00,38.08679482373449,38.244829609873555,38.04031066664108,38.19834899902344,2713600,0.0,0.0
2024-09-26 00:00:00-04:00,38.14256664389966,38.24482610614759,37.67775348549487,37.910160064697266,3079600,0.0,0.0
2024-09-27 00:00:00-04:00,37.928755474524756,38.040309646823054,37.724240083018415,37.845088958740234,2622100,0.0,0.0
2024-09-30 00:00:00-04:00,37.77072155458878,37.90086868294742,37.491834344356946,37.75212860107422,3013400,0.0,0.0
2024-10-01 00:00:00-04:00,37.835796729204546,38.24483108520508,37.677758390725714,38.24483108520508,3082000,0.0,0.0
2024-10-02 00:00:00-04:00,38.30060687075562,38.440048697481245,37.91016195418897,38.17045974731445,2236800,0.0,0.0
2024-10-03 00:00:00-04:00,38.058902361571995,38.0867935641543,37.64057333151234,37.88227462768555,2914200,0.0,0.0
2024-10-04 00:00:00-04:00,37.910161836713804,38.207641988298406,37.7614217609215,38.18905258178711,2297000,0.0,0.0
2024-10-07 00:00:00-04:00,38.114686416369445,38.19835294303561,37.76142735419633,37.94735336303711,2509800,0.0,0.0
2024-10-08 00:00:00-04:00,37.78931450810334,37.845089822403736,37.538314955021704,37.75212860107422,3267600,0.0,0.0
2024-10-09 00:00:00-04:00,37.61267726793225,38.09608334404726,37.52901076348459,38.01241683959961,2155700,0.0,0.0
2024-10-10 00:00:00-04:00,38.04031041244347,38.17975579030529,37.807903813502605,38.00312805175781,1909800,0.0,0.0
2024-10-11 00:00:00-04:00,37.98453167543329,38.263418859782604,37.94734577185526,38.179752349853516,2390500,0.0,0.0
2024-10-14 00:00:00-04:00,38.1146783241586,38.347084899305905,38.08679066993865,38.25412368774414,1922300,0.0,0.0
2024-10-15 00:00:00-04:00,38.11468103163307,38.40286648193442,37.85438678377582,38.384273529052734,2607700,0.0,0.0
2024-10-16 00:00:00-04:00,38.44005254564445,38.90486577374773,38.34709131852119,38.86768341064453,2269200,0.0,0.0
2024-10-17 00:00:00-04:00,38.59808868236293,39.07219658759813,38.56090277514044,38.89556884765625,3930900,0.0,0.0
2024-10-18 00:00:00-04:00,38.83049418622918,39.03501312393219,38.68175410778422,39.02571487426758,2380400,0.0,0.0
2024-10-21 00:00:00-04:00,39.016415912681126,39.193043628356754,38.50511862422545,38.616676330566406,2903100,0.0,0.0
2024-10-22 00:00:00-04:00,38.43075673020912,38.61668272532311,38.30990430144852,38.533016204833984,2714000,0.0,0.0
2024-10-23 00:00:00-04:00,38.347086263610564,38.45864043070211,38.14256733540687,38.31919860839844,2655300,0.0,0.0
2024-10-24 00:00:00-04:00,38.25412762144161,38.56090248813561,38.01242277253771,38.23553466796875,2875700,0.0,0.0
2024-10-25 00:00:00-04:00,38.272712546313166,38.36567730278978,37.928751812956854,38.05889892578125,3119500,0.0,0.0
2024-10-28 00:00:00-04:00,37.882277454597215,38.15186997347069,37.79861093309315,37.993831634521484,2519100,0.0,0.0
2024-10-29 00:00:00-04:00,37.99382964658586,37.99382964658586,37.2966098526135,37.556907653808594,2809800,0.0,0.0
2024-10-30 00:00:00-04:00,37.603384836292385,37.7800125580167,37.40816416287451,37.7335319519043,2371100,0.0,0.0
2024-10-31 00:00:00-04:00,37.67775653146866,37.83579486214889,37.47324113668218,37.556907653808594,6129200,0.0,0.0
2024-11-01 00:00:00-04:00,37.910158889966674,38.012418349045866,37.03631145589124,37.57549285888672,4900500,0.0,0.0
2024-11-04 00:00:00-05:00,37.69634817343659,38.161161353247756,37.66846051744572,37.95664596557617,5882600,0.0,0.0
2024-11-05 00:00:00-05:00,38.20764394121841,38.20764394121841,37.7614236910337,38.161163330078125,4890100,0.0,0.0
2024-11-06 00:00:00-05:00,38.440050690287215,38.67245729312147,38.23553529123854,38.607383728027344,5974000,0.0,0.0
2024-11-07 00:00:00-05:00,38.858382236733725,39.61138088625798,38.737529813570845,39.434749603271484,4509900,0.0,0.0
2024-11-08 00:00:00-05:00,39.3510856628418,39.50912044241475,39.16515968092298,39.3510856628418,4583000,0.0,0.0
2024-11-11 00:00:00-05:00,39.481234890678635,39.87167628190001,39.34178951024624,39.76941680908203,2601300,0.0,0.0
2024-11-12 00:00:00-05:00,39.9739366101866,39.9739366101866,38.96993836057112,39.21164321899414,4038700,0.0,0.0
2024-11-13 00:00:00-05:00,39.248828778450765,39.583494858680474,39.03501512635809,39.49982833862305,3733400,0.0,0.0
2024-11-14 00:00:00-05:00,39.732234105495536,40.26212087258537,39.546308115268175,40.05760192871094,5627700,0.0,0.0
2024-11-15 00:00:00-05:00,39.937718283198336,39.937718283198336,39.55070675233992,39.815006256103516,5556400,0.653,0.0
2024-11-18 00:00:00-05:00,39.77725314846575,40.343613928666656,39.76781542249408,40.1737060546875,4072800,0.0,0.0
2024-11-19 00:00:00-05:00,40.12650735164696,40.66455136290001,39.97547852767751,40.57015609741211,3345000,0.0,0.0
2024-11-20 00:00:00-05:00,40.51352036841562,40.570157529707885,40.05099615403505,40.390811920166016,3051200,0.0,0.0
2024-11-21 00:00:00-05:00,40.409693611015115,41.108200641813504,40.37193550102289,41.05156707763672,3764900,0.0,0.0
2024-11-22 00:00:00-05:00,40.98548239912742,41.24978552837225,40.78725775280206,40.83445358276367,4554000,0.0,0.0
2024-11-25 00:00:00-05:00,40.966605440560606,41.10819292523619,40.44744052765085,40.54183578491211,7654900,0.0,0.0
2024-11-26 00:00:00-05:00,40.30585479736328,40.45688361474424,39.937722280047886,40.30585479736328,4560300,0.0,0.0
2024-11-27 00:00:00-05:00,40.26809912487951,40.55127772447051,40.12650802467838,40.49464416503906,4078600,0.0,0.0
2024-11-29 00:00:00-05:00,40.447445100053805,41.079880792360235,40.38137021290689,40.947731018066406,2648400,0.0,0.0
2024-12-02 00:00:00-05:00,40.8438943335437,41.032681251540176,40.28697490590014,40.92884826660156,8445800,0.0,0.0
2024-12-03 00:00:00-05:00,41.20259591679407,41.429137375124306,41.01380896764449,41.05156707763672,4350300,0.0,0.0
2024-12-04 00:00:00-05:00,41.33474066145277,41.5518443662216,41.01380396727034,41.19314956665039,5658800,0.0,0.0
2024-12-05 00:00:00-05:00,41.06099776746397,41.665113020556674,41.05156004198918,41.45744705200195,5538100,0.0,0.0
2024-12-06 00:00:00-05:00,41.41024911265132,41.41024911265132,40.702300911359806,40.7211799621582,4658100,0.0,0.0
2024-12-09 00:00:00-05:00,40.900530834575456,41.07043509716092,39.9754753112793,39.9754753112793,5077800,0.0,0.0
2024-12-10 00:00:00-05:00,40.06987484146782,40.1453874550225,39.767817185626534,39.93772506713867,3598000,0.0,0.0
2024-12-11 00:00:00-05:00,40.09818751102676,40.3436115817467,39.89996286985283,39.96603775024414,8932000,0.0,0.0
2024-12-12 00:00:00-05:00,39.937719133880115,39.94715685886812,39.59790342133981,39.69229507446289,4346500,0.0,0.0
2024-12-13 00:00:00-05:00,39.69229608986436,39.73949191763325,39.39967979721069,39.56014633178711,2345900,0.0,0.0
2024-12-16 00:00:00-05:00,39.54126990639776,39.57902801144468,39.05986666988834,39.201454162597656,3380400,0.0,0.0
2024-12-17 00:00:00-05:00,38.94658962256365,39.19201368734053,38.795560813782046,39.07874298095703,2535000,0.0,0.0
2024-12-18 00:00:00-05:00,39.03154211240407,39.03154211240407,38.22920227050781,38.22920227050781,4402100,0.0,0.0
2024-12-19 00:00:00-05:00,38.44631206742241,38.82388593592782,38.20089157346179,38.427433013916016,4677300,0.0,0.0
2024-12-20 00:00:00-05:00,38.27640331115313,39.09762231543511,38.08761638121869,39.0504264831543,3981700,0.0,0.0
2024-12-23 00:00:00-05:00,38.993793694987424,39.4657592287407,38.71061149408646,39.45631790161133,3696900,0.0,0.0
2024-12-24 00:00:00-05:00,39.4091215545525,39.550712653156815,39.28640950914951,39.52239227294922,988600,0.0,0.0
2024-12-26 00:00:00-05:00,39.4657592287407,39.62622578182741,39.35248490805581,39.45631790161133,1320400,0.0,0.0
2024-12-27 00:00:00-05:00,39.22977255492858,39.58846373227452,39.201452177172186,39.47519302368164,1792300,0.0,0.0
2024-12-30 00:00:00-05:00,39.286407753984214,39.83388946992957,39.1448202625167,39.75837326049805,2186700,0.0,0.0
2024-12-31 00:00:00-05:00,39.82444983593492,40.06987392620714,39.7583749502796,40.050994873046875,1646600,0.0,0.0
2025-01-02 00:00:00-05:00,40.258660723330024,40.5795974243665,40.09819057240618,40.57015609741211,3086300,0.0,0.0
2025-01-03 00:00:00-05:00,40.67398452758789,40.99492119263237,40.57015154760133,40.67398452758789,2971200,0.0,0.0
2025-01-06 00:00:00-05:00,40.91940578023445,41.023238762229504,40.48519840171955,40.579593658447266,2475900,0.0,0.0
2025-01-07 00:00:00-05:00,40.85333381977357,41.33474066145277,40.815579315195905,41.19314956665039,2662000,0.0,0.0
2025-01-08 00:00:00-05:00,41.155388855976746,41.61791661568188,41.07987625079052,41.551841735839844,2738500,0.0,0.0
2025-01-10 00:00:00-05:00,41.53296260815803,41.580158436414216,40.777818553626425,41.042118072509766,4845900,0.0,0.0
2025-01-13 00:00:00-05:00,41.089314575455504,41.54240101561418,40.87221088126349,40.96660614013672,4283300,0.0,0.0
2025-01-14 00:00:00-05:00,40.87221364626303,41.617920038159234,40.78725970793547,41.59904098510742,2999400,0.0,0.0
2025-01-15 00:00:00-05:00,41.91053823093962,42.23147491796326,41.80670524384212,41.84446334838867,2861200,0.0,0.0
2025-01-16 00:00:00-05:00,41.683995156690116,41.73119098917815,41.18371285085679,41.561283111572266,4936700,0.0,0.0
2025-01-17 00:00:00-05:00,41.41969598841617,42.382506103279994,41.41969598841617,42.01436996459961,7092300,0.0,0.0
2025-01-21 00:00:00-05:00,42.10876355428766,43.21316112391324,41.96717246037157,42.76951599121094,7521900,0.0,0.0
2025-01-22 00:00:00-05:00,42.81671172572498,42.845028504119924,42.231475500425866,42.25035095214844,4318400,0.0,0.0
2025-01-23 00:00:00-05:00,42.16539643977371,42.47689540110444,42.004929896647724,42.34474563598633,5113200,0.0,0.0
2025-01-24 00:00:00-05:00,42.410819153528564,42.67511867525816,42.165395082656005,42.533531188964844,2028000,0.0,0.0
2025-01-27 00:00:00-05:00,42.325867725225116,42.52409237824834,41.75951054492701,42.19371795654297,4020200,0.0,0.0
2025-01-28 00:00:00-05:00,42.29754872046175,42.571285969406894,41.768946072740775,41.96717071533203,3230900,0.0,0.0
2025-01-29 00:00:00-05:00,41.87278042439169,42.11820090406882,41.6839935011264,41.778385162353516,2702600,0.0,0.0
2025-01-30 00:00:00-05:00,42.00493240356445,42.316431383485906,41.627358537140495,42.00493240356445,3308600,0.0,0.0
2025-01-31 00:00:00-05:00,42.00492994905121,42.06156710594865,40.702304146898484,40.81557846069336,6187400,0.0,0.0
2025-02-03 00:00:00-05:00,39.22033105274778,40.86277252362355,38.21976652984715,40.51351547241211,5272400,0.0,0.0
2025-02-04 00:00:00-05:00,41.03268255890906,41.617918782614844,41.03268255890906,41.2686653137207,3380500,0.0,0.0
2025-02-05 00:00:00-05:00,41.27810530804509,41.96717455786642,41.27810530804509,41.46689224243164,3917700,0.0,0.0
2025-02-06 00:00:00-05:00,41.61791917751591,42.06156791303101,41.31586153655574,41.72175216674805,3545500,0.0,0.0
2025-02-07 00:00:00-05:00,41.72175040719826,42.04268708728482,41.325297519650874,41.957733154296875,2561200,0.0,0.0
2025-02-10 00:00:00-05:00,42.052126120348284,42.458016746043235,41.83502241836442,42.297550201416016,2769400,0.0,0.0
2025-02-11 00:00:00-05:00,42.240909892551144,42.77895024445844,41.95773132851743,42.71287536621094,2810300,0.0,0.0
2025-02-12 00:00:00-05:00,42.373064405506376,42.84502993214522,42.29755179366599,42.5712890625,9647900,0.0,0.0
2025-02-13 00:00:00-05:00,42.70344008778692,43.137647484237235,42.55241127159503,42.90166473388672,3658200,0.0,0.0
2025-02-14 00:00:00-05:00,43.208242225629434,43.447755771569035,41.25381446832416,41.26339340209961,5863200,0.67,0.0
2025-02-18 00:00:00-05:00,41.29213129387343,41.42626194120691,40.21911169801075,40.95681381225586,8369400,0.0,0.0
2025-02-19 00:00:00-05:00,41.00471515797506,41.071778653268936,40.276595642776016,40.53527069091797,6078500,0.0,0.0
2025-02-20 00:00:00-05:00,40.48737022633194,40.53527586166968,40.008343110449374,40.2191162109375,5547100,0.0,0.0
2025-02-21 00:00:00-05:00,39.99875969835221,40.38198281003137,39.787986621460036,40.02750015258789,6522300,0.0,0.0
2025-02-24 00:00:00-05:00,40.06582710111796,40.30534065559843,39.720926997916195,39.79757308959961,5421200,0.0,0.0
2025-02-25 00:00:00-05:00,39.6634443721158,40.056246438324436,39.39518671748763,39.902957916259766,6925500,0.0,0.0
2025-02-26 00:00:00-05:00,39.941271850261366,40.36281796937605,39.74008137778544,39.998756408691406,3435300,0.0,0.0
2025-02-27 00:00:00-05:00,40.084989364388434,40.2957624657239,39.61554118087405,39.9796028137207,2348500,0.0,0.0
2025-02-28 00:00:00-05:00,40.05624454143017,40.995137151450145,39.912534959874606,40.937652587890625,4436900,0.0,0.0
2025-03-03 00:00:00-05:00,41.167588084166695,41.53164603058091,40.55443401158848,40.88016891479492,4910700,0.0,0.0
2025-03-04 00:00:00-05:00,40.0466653475345,40.7173040271544,39.634701743826,39.807151794433594,5819200,0.0,0.0
2025-03-05 00:00:00-05:00,39.99876379214111,41.004719994898316,39.99876379214111,40.707725524902344,4822500,0.0,0.0
2025-03-06 00:00:00-05:00,40.46821070116369,40.5256916137169,39.79757203544484,39.85505294799805,3527000,0.0,0.0
2025-03-07 00:00:00-05:00,39.797569596171215,40.47778715406145,39.673021535461885,40.23827362060547,3144900,0.0,0.0
2025-03-10 00:00:00-04:00,40.152049299903844,40.90891295589791,39.91253576228698,40.88975143432617,4298200,0.0,0.0
2025-03-11 00:00:00-04:00,40.908915128497895,41.014301675396055,40.334080414877036,40.525691986083984,4451500,0.0,0.0
2025-03-12 00:00:00-04:00,40.52568826847679,41.196326878837,40.401140210414624,40.75562286376953,3363200,0.0,0.0
2025-03-13 00:00:00-04:00,41.00471893273814,41.11010547924045,40.36282437449565,40.76520538330078,2511200,0.0,0.0
2025-03-14 00:00:00-04:00,40.80352791180279,41.158006937170434,40.61191634374117,41.03346252441406,2044300,0.0,0.0
2025-03-17 00:00:00-04:00,41.12926721542434,41.694519341220456,41.1101056928074,41.675357818603516,3082400,0.0,0.0
2025-03-18 00:00:00-04:00,41.70409587601243,41.828643938514105,41.14842637083498,41.58913040161133,2832300,0.0,0.0
2025-03-19 00:00:00-04:00,41.483742319774215,42.07773484591794,41.42626141205197,41.91486740112305,1913900,0.0,0.0
2025-03-20 00:00:00-04:00,41.7711616171682,42.384319374503846,41.646617202664764,42.37473678588867,1884200,0.0,0.0
2025-03-21 00:00:00-04:00,42.25018292965693,42.31724642203049,41.75199803050652,42.02983093261719,3269800,0.0,0.0
2025-03-24 00:00:00-04:00,42.10648225607163,42.623832394256105,41.96277266612483,42.40347671508789,2600000,0.0,0.0
2025-03-25 00:00:00-04:00,42.5567626953125,42.78669729454733,42.259768254047,42.5567626953125,2792700,0.0,0.0
2025-03-26 00:00:00-04:00,42.729215065977975,42.92082663336308,42.48012258665801,42.65257263183594,2623700,0.0,0.0
2025-03-27 00:00:00-04:00,42.633406006927,42.81543496407851,42.37473097012037,42.4992790222168,1707200,0.0,0.0
2025-03-28 00:00:00-04:00,42.489702411733376,42.75796007357449,42.29809449501555,42.595088958740234,2281500,0.0,0.0
2025-03-31 00:00:00-04:00,42.575922268464964,42.84417989774622,42.259766320504674,42.451377868652344,3803300,0.0,0.0
2025-04-01 00:00:00-04:00,42.451381310890774,42.78669880632422,41.98193316259735,42.70047378540039,2390600,0.0,0.0
2025-04-02 00:00:00-04:00,42.604672201293425,43.26572829536416,42.3747375811415,43.24656677246094,2239500,0.0,0.0
2025-04-03 00:00:00-04:00,42.863340410474166,44.18545238677396,42.863340410474166,43.43817138671875,5855100,0.0,0.0
2025-04-04 00:00:00-04:00,42.5663469843943,42.8729240258354,41.33045623032365,41.531646728515625,8368400,0.0,0.0
2025-04-07 00:00:00-04:00,38.322166136928445,41.32087666045533,38.06349107694179,40.190372467041016,7363200,0.0,0.0
2025-04-08 00:00:00-04:00,41.014297877251394,41.14842486826935,38.89699551078393,39.3664436340332,5119500,0.0,0.0
2025-04-09 00:00:00-04:00,39.00238275428983,40.334077410209765,38.130553642197086,40.017921447753906,6115000,0.0,0.0
2025-04-10 00:00:00-04:00,39.950857131391835,40.25743415432017,39.11735107872332,40.06582260131836,5464300,0.0,0.0
2025-04-11 00:00:00-04:00,40.381982761212996,41.58912934857602,40.372400173355054,41.42626190185547,4538900,0.0,0.0
2025-04-14 00:00:00-04:00,41.847807266962135,42.26934979442553,41.48374565183798,42.173545837402344,3589500,0.0,0.0
2025-04-15 00:00:00-04:00,42.26934941677356,42.700474528899434,42.13522241626476,42.422637939453125,3214300,0.0,0.0
2025-04-16 00:00:00-04:00,42.6334102863137,43.054952802670975,42.49928328814032,42.70047378540039,3982900,0.0,0.0
2025-04-17 00:00:00-04:00,42.92082456542483,43.89804022278831,42.89208411084213,43.466915130615234,4781000,0.0,0.0
2025-04-21 00:00:00-04:00,43.44775208935919,43.70642713561357,42.757955620700535,43.10285568237305,3450200,0.0,0.0
2025-04-22 00:00:00-04:00,43.36152816078602,44.08006875571833,43.1315972170321,43.725589752197266,4460100,0.0,0.0
2025-04-23 00:00:00-04:00,43.783074841613534,44.07049035210299,43.304047772568936,43.69684982299805,4194200,0.0,0.0
2025-04-24 00:00:00-04:00,43.92678036212997,44.47287092340134,43.668108963368965,44.41539001464844,5078300,0.0,0.0
2025-04-25 00:00:00-04:00,44.357908060053006,44.52077917203367,44.051331013051765,44.25252151489258,3620900,0.0,0.0
2025-04-28 00:00:00-04:00,44.31000282094576,44.74112790365441,44.05132777132057,44.68364334106445,2553000,0.0,0.0
2025-04-29 00:00:00-04:00,44.63574136624936,44.88483382809968,44.607000912297586,44.68364334106445,2397400,0.0,0.0
2025-04-30 00:00:00-04:00,44.57825978684792,44.89441942022055,44.252521219745816,44.73154830932617,3312400,0.0,0.0
2025-05-01 00:00:00-04:00,44.65490542619001,45.10519205536527,44.405809295489675,44.530357360839844,3166800,0.0,0.0
2025-05-02 00:00:00-04:00,44.96148030534782,44.97105923852017,44.520776285690815,44.89441680908203,3025200,0.0,0.0
2025-05-05 00:00:00-04:00,44.87525572066866,44.961480738796844,44.25251907255554,44.6357421875,2395200,0.0,0.0
2025-05-06 00:00:00-04:00,44.654902853379056,44.9902203315178,44.137552754519504,44.223777770996094,2821200,0.0,0.0
2025-05-07 00:00:00-04:00,44.21420183014125,44.97106185411635,44.20461924172511,44.73154830932617,2548400,0.0,0.0
2025-05-08 00:00:00-04:00,44.808193550242194,45.07644754583272,43.84055680097078,43.859718322753906,3833000,0.0,0.0
2025-05-09 00:00:00-04:00,44.47287112828313,44.664482685943966,43.69684961905216,44.16629409790039,4541900,0.0,0.0
2025-05-12 00:00:00-04:00,44.07048790021677,44.300422488627696,42.02983167630761,42.68130874633789,7929600,0.0,0.0
2025-05-13 00:00:00-04:00,42.91124687092233,43.026212347258564,42.489700699878455,42.70047378540039,11784900,0.0,0.0
2025-05-14 00:00:00-04:00,42.825020886261036,43.0357903123532,42.46095928892145,42.98788833618164,3895100,0.0,0.0
2025-05-15 00:00:00-04:00,42.978161042041016,43.70775861014593,42.9100655658919,43.698028564453125,3617500,0.68,0.0
2025-05-16 00:00:00-04:00,43.698027878644865,43.81476615957562,43.55211059386902,43.62993240356445,4018600,0.0,0.0
2025-05-19 00:00:00-04:00,43.39646631736788,43.72721738142988,43.34782721901986,43.71748733520508,1903900,0.0,0.0
2025-05-20 00:00:00-04:00,43.65912147576622,44.544366416397914,43.65912147576622,44.3692626953125,4096300,0.0,0.0
2025-05-21 00:00:00-04:00,44.71946916488279,44.777834596691676,43.81476786259286,44.33034896850586,5951900,0.0,0.0
2025-05-22 00:00:00-04:00,44.50545084960414,44.55408994441323,43.795309674801246,43.941226959228516,4923500,0.0,0.0
2025-05-23 00:00:00-04:00,43.980142585388606,44.80702209472656,43.921777152184376,44.80702209472656,5087200,0.0,0.0
2025-05-27 00:00:00-04:00,44.80701970431314,45.19613617830849,44.75837689800425,44.78756332397461,5139100,0.0,0.0
2025-05-28 00:00:00-04:00,44.62218726032595,44.748651880787236,44.29143620668312,44.33034896850586,4268100,0.0,0.0
2025-05-29 00:00:00-04:00,44.35953060825896,44.641642558242005,44.2330697017908,44.60272979736328,2533500,0.0,0.0
2025-05-30 00:00:00-04:00,44.60273221651903,45.303147106624515,44.53463673675048,45.21559524536133,4106200,0.0,0.0
2025-06-02 00:00:00-04:00,45.28369142695161,45.945193564320014,45.089131319915246,45.877098083496094,4190800,0.0,0.0
2025-06-03 00:00:00-04:00,46.0035634588705,46.14948075832998,45.750634202326694,45.789546966552734,3102600,0.0,0.0
2025-06-04 00:00:00-04:00,45.896552248742445,46.1300213971705,45.39069747924805,45.39069747924805,3839100,0.0,0.0
2025-06-05 00:00:00-04:00,45.67281148883944,45.7311769231081,45.40042585552599,45.59498596191406,2231700,0.0,0.0
2025-06-06 00:00:00-04:00,45.497704344444905,45.64362163007437,45.147496921454035,45.2545051574707,2656700,0.0,0.0
2025-06-09 00:00:00-04:00,45.14750146544135,45.23505333000095,44.53463841352414,44.573551177978516,3472300,0.0,0.0
2025-06-10 00:00:00-04:00,44.65137260392425,44.92375450822505,44.33034789306248,44.60272979736328,3741100,0.0,0.0
2025-06-11 00:00:00-04:00,44.79729229052428,44.79729229052428,44.36926303070513,44.622188568115234,3003900,0.0,0.0
2025-06-12 00:00:00-04:00,44.89457533233529,45.53662109375,44.748654322998824,45.53662109375,3059000,0.0,0.0
2025-06-13 00:00:00-04:00,45.487976817871534,45.60471510594993,45.10858665893001,45.40042495727539,3064100,0.0,0.0
2025-06-16 00:00:00-04:00,45.526889139056344,45.770088337139896,44.60273144415378,44.709739685058594,3338900,0.0,0.0
2025-06-17 00:00:00-04:00,44.86538444700162,44.97239268176148,44.62218526288377,44.71946716308594,2513900,0.0,0.0
2025-06-18 00:00:00-04:00,44.836202230542554,44.836202230542554,43.46455896531567,43.75639724731445,4810400,0.0,0.0
2025-06-20 00:00:00-04:00,43.941230220335555,43.96068660188816,43.45483181429637,43.56184005737305,6126300,0.0,0.0
2025-06-23 00:00:00-04:00,43.55211251997823,44.164975533731074,43.52292980391746,43.707759857177734,3023100,0.0,0.0
2025-06-24 00:00:00-04:00,43.65911860067476,43.95095687962354,43.45482846557806,43.81476593017578,2151300,0.0,0.0
2025-06-25 00:00:00-04:00,43.678577036259796,43.72721613321939,43.075440359000055,43.27000045776367,3699000,0.0,0.0
2025-06-26 00:00:00-04:00,43.53265873218694,43.980144389426414,43.29918585701717,43.85368347167969,2709900,0.0,0.0
2025-06-27 00:00:00-04:00,43.775856543526395,44.09688127275642,43.221362657515755,43.56184005737305,4598700,0.0,0.0
2025-06-30 00:00:00-04:00,43.50347397949593,44.12606333625951,43.30891387777599,44.08715057373047,3618900,0.0,0.0
2025-07-01 00:00:00-04:00,43.84394956244416,44.009326940895676,43.406190279396185,43.698028564453125,3517400,0.0,0.0
2025-07-02 00:00:00-04:00,43.75640016197379,43.82449564194525,42.929524356077316,43.56184005737305,4229700,0.0,0.0
2025-07-03 00:00:00-04:00,43.56183919667478,43.72721658114174,43.40619185825455,43.52293014526367,1487300,0.0,0.0
2025-07-07 00:00:00-04:00,43.338098750645955,43.406194232997464,42.754422127368585,42.94898223876953,3691600,0.0,0.0
2025-07-08 00:00:00-04:00,42.82251590670168,43.10462787146741,42.74469038086618,42.99761962890625,2828400,0.0,0.0
2025-07-09 00:00:00-04:00,43.15326785096249,43.15326785096249,42.589043909908014,42.59877395629883,2812500,0.0,0.0
2025-07-10 00:00:00-04:00,42.598773240661565,43.318640802621694,42.40421313629317,43.27973175048828,5151400,0.0,0.0
2025-07-11 00:00:00-04:00,43.279731185751146,43.406192097653935,42.92952374464279,43.338096618652344,4989500,0.0,0.0
2025-07-14 00:00:00-04:00,43.38673783114435,44.0287836008293,43.16299500195836,43.98014450073242,3285500,0.0,0.0
2025-07-15 00:00:00-04:00,43.931504937952354,44.12606504721622,43.3672847031051,44.03851318359375,4307200,0.0,0.0
2025-07-16 00:00:00-04:00,44.11633260673213,44.252527273473916,43.55211240250279,44.0190544128418,5524100,0.0,0.0
2025-07-17 00:00:00-04:00,43.629936965708715,43.921778987626865,43.4061941369168,43.54238510131836,3239200,0.0,0.0
2025-07-18 00:00:00-04:00,43.7758590831038,44.07742744827616,43.62993806845657,43.86341094970703,2634200,0.0,0.0
2025-07-21 00:00:00-04:00,43.93150423589831,44.04823881522097,43.328371246651656,43.377010345458984,4263100,0.0,0.0
2025-07-22 00:00:00-04:00,43.47428856620048,44.00932978614179,43.47428856620048,43.97041702270508,5254800,0.0,0.0
2025-07-23 00:00:00-04:00,44.26225423280004,44.563822575593974,44.06769413134993,44.2427978515625,5878900,0.0,0.0
2025-07-24 00:00:00-04:00,44.16497746083953,44.349807522164745,43.84395272646241,44.22334289550781,5344700,0.0,0.0
2025-07-25 00:00:00-04:00,44.16497265655849,44.19415537071812,43.727213389539024,43.74666976928711,4604300,0.0,0.0
2025-07-28 00:00:00-04:00,43.775854018214645,43.785580352967195,43.36728116195537,43.41592025756836,2854200,0.0,0.0
2025-07-29 00:00:00-04:00,43.435380532239385,43.92177895382807,43.367285050091006,43.85368347167969,2759800,0.0,0.0
2025-07-30 00:00:00-04:00,43.79531000782765,44.00932647972514,43.659119056956555,43.75639724731445,2642900,0.0,0.0
2025-07-31 00:00:00-04:00,43.65912159848287,44.23307186122603,43.58129607292602,44.05796813964844,3490100,0.0,0.0
2025-08-01 00:00:00-04:00,44.55409419902275,44.952940752024496,43.88286572033945,44.943214416503906,4571200,0.0,0.0
2025-08-04 00:00:00-04:00,44.845932765859736,45.41015671337582,44.82648009470613,45.35178756713867,2464700,0.0,0.0
2025-08-05 00:00:00-04:00,45.38097307075284,46.13002335543894,45.303147544022906,45.46852493286133,4258600,0.0,0.0
2025-08-06 00:00:00-04:00,45.64362641875822,45.77009104831182,45.09886255777437,45.731178283691406,4017400,0.0,0.0
2025-08-07 00:00:00-04:00,45.740905301514445,45.925735354834416,45.41015424599302,45.79927444458008,3222000,0.0,0.0
2025-08-08 00:00:00-04:00,45.799275188194066,46.05220072373458,45.71172332763672,45.71172332763672,2387100,0.0,0.0
2025-08-11 00:00:00-04:00,45.76036460821757,46.32458485022436,45.69226912574995,46.198123931884766,3756900,0.0,0.0
2025-08-12 00:00:00-04:00,46.217571591726276,46.31485349250682,45.79927240660771,46.03274154663086,3968200,0.0,0.0
2025-08-13 00:00:00-04:00,46.10084166948108,46.577513754049875,46.00356346981828,46.38295364379883,10222200,0.0,0.0
2025-08-14 00:00:00-04:00,46.412134746805286,46.898533150048074,46.27594378764535,46.86935043334961,3570100,0.0,0.0
2025-08-15 00:00:00-04:00,46.86244257105489,47.02032809212716,46.309841365158086,46.41838836669922,4289900,0.683,0.0
2025-08-18 00:00:00-04:00,46.36905087544661,46.41838939607187,46.05327606201172,46.05327606201172,2543000,0.0,0.0
2025-08-19 00:00:00-04:00,46.03354494245922,46.69468941861535,45.8855256121886,46.56640625,3366700,0.0,0.0
2025-08-20 00:00:00-04:00,46.72429120269297,47.56306112340186,46.70455880556899,47.39530563354492,4189500,0.0,0.0
2025-08-21 00:00:00-04:00,47.158480099602194,47.52358968177197,47.13874393782437,47.306495666503906,3823700,0.0,0.0
2025-08-22 00:00:00-04:00,47.3459677306733,47.65187259012168,47.267026848282455,47.33610153198242,5030200,0.0,0.0
2025-08-25 00:00:00-04:00,47.29662641447768,47.32622877308942,46.96111921448965,46.970985412597656,4696200,0.0,0.0
2025-08-26 00:00:00-04:00,47.05979909694301,47.217684626227516,46.46772930319809,46.81310272216797,3285700,0.0,0.0
2025-08-27 00:00:00-04:00,46.86244464415048,47.19795186180714,46.62561446992134,46.980857849121094,3359600,0.0,0.0
2025-08-28 00:00:00-04:00,47.020329501052295,47.316364391397265,46.783499330203604,47.17821502685547,2754100,0.0,0.0
2025-08-29 00:00:00-04:00,47.257155805272916,47.94790639077386,47.168344961932966,47.701210021972656,3529500,0.0,0.0
2025-09-02 00:00:00-04:00,47.365704449414,47.809758681484844,47.30649596370855,47.661739349365234,3762200,0.0,0.0
2025-09-03 00:00:00-04:00,47.61239809776709,47.86896065920938,47.33609937555421,47.68147277832031,2880100,0.0,0.0
2025-09-04 00:00:00-04:00,47.819621150051965,47.92816814990058,47.454511594069274,47.52358627319336,2616100,0.0,0.0
2025-09-05 00:00:00-04:00,47.691343307722626,47.790020348460764,47.326229975558306,47.62226486206055,2668600,0.0,0.0
2025-09-08 00:00:00-04:00,47.77028361964414,48.03671614361561,47.405174056107434,47.68147277832031,2125500,0.0,0.0
2025-09-09 00:00:00-04:00,47.523589721735185,47.99724631193731,47.49398736118754,47.69134521484375,2634800,0.0,0.0
2025-09-10 00:00:00-04:00,47.71107632329425,47.99724501514966,47.691343926320926,47.947906494140625,2876700,0.0,0.0
2025-09-11 00:00:00-04:00,48.036717748376766,48.17486711409836,47.79988757550554,48.165000915527344,1972400,0.0,0.0
2025-09-12 00:00:00-04:00,48.09592464446106,48.46103420813846,48.09592464446106,48.45116424560547,2011500,0.0,0.0
2025-09-15 00:00:00-04:00,48.45116594634939,48.51037443076236,48.095926332735274,48.41169738769531,2052300,0.0,0.0
2025-09-16 00:00:00-04:00,48.50050859750979,48.55971331808083,48.22420609912253,48.24394226074219,4127500,0.0,0.0
2025-09-17 00:00:00-04:00,48.26367882855927,48.70773305801897,48.25381262981037,48.461036682128906,3646000,0.0,0.0
2025-09-18 00:00:00-04:00,48.34262208776527,48.56958229535345,48.03671723530059,48.47090148925781,2307400,0.0,0.0
2025-09-19 00:00:00-04:00,48.697860925624575,48.89521877040245,48.39195984229226,48.8064079284668,3096100,0.0,0.0
2025-09-22 00:00:00-04:00,48.836012854699476,48.94455609059285,48.539974212646484,48.539974212646484,3258600,0.0,0.0
2025-09-23 00:00:00-04:00,48.609049983794826,49.161651195179715,48.3722235819783,48.944557189941406,3391500,0.0,0.0
2025-09-24 00:00:00-04:00,48.88535385795337,49.48729360642958,48.88535385795337,49.31953811645508,4209300,0.0,0.0
2025-09-25 00:00:00-04:00,49.289934669402726,49.45768639138968,48.64852261222105,48.914955139160156,3944900,0.0,0.0
2025-09-26 00:00:00-04:00,49.16165259279215,49.32940808277844,48.7768068556837,48.9346923828125,3213000,0.0,0.0
2025-09-29 00:00:00-04:00,48.94455605999868,49.181386220635495,48.757068182531654,49.06297302246094,2410900,0.0,0.0
2025-09-30 00:00:00-04:00,48.96429387335913,49.832666139291945,48.96429387335913,49.79319381713867,3686700,0.0,0.0
2025-10-01 00:00:00-04:00,49.753722378453176,49.87213934701569,48.72746833425993,48.9346923828125,5176300,0.0,0.0
2025-10-02 00:00:00-04:00,49.10244431374669,49.33927448757372,48.80640941967883,49.04323959350586,3771000,0.0,0.0
2025-10-03 00:00:00-04:00,49.00376619217222,49.73398909480664,48.73733366408755,49.408348083496094,2570700,0.0,0.0
2025-10-06 00:00:00-04:00,49.457685718810794,49.51689420097691,48.79654127391745,49.11231231689453,3407800,0.0,0.0
2025-10-07 00:00:00-04:00,49.17152266067769,49.191255057859024,48.618921432402615,48.79654312133789,2812300,0.0,0.0
2025-10-08 00:00:00-04:00,49.043239760024825,49.043239760024825,48.135395148941306,48.3820915222168,3484500,0.0,0.0
2025-10-09 00:00:00-04:00,48.29327811828036,48.35248659987277,47.306492677466636,47.3558349609375,3495300,0.0,0.0
2025-10-10 00:00:00-04:00,47.484117260970194,47.50385342270759,46.99072451039901,47.05979919433594,3335200,0.0,0.0
2025-10-13 00:00:00-04:00,47.059796205415935,47.33609868790274,46.832836006282726,47.10913848876953,1597000,0.0,0.0
2025-10-14 00:00:00-04:00,46.99072492735471,47.14861045836691,46.61574914388072,46.89204788208008,2374000,0.0,0.0
2025-10-15 00:00:00-04:00,46.77363379935054,47.33610122832084,46.76376383643504,46.980857849121094,2272000,0.0,0.0
2025-10-16 00:00:00-04:00,46.99072155843605,47.09926855902884,46.536801159855,46.58613967895508,4134300,0.0,0.0
2025-10-17 00:00:00-04:00,46.62561458108824,46.64535074267838,46.12235563554731,46.457862854003906,2787300,0.0,0.0
2025-10-20 00:00:00-04:00,46.57627348085015,46.822969840638244,46.3986518006597,46.58613967895508,2233800,0.0,0.0
2025-10-21 00:00:00-04:00,46.54667060054982,46.684823733657026,46.25063570103891,46.64535140991211,2794100,0.0,0.0
2025-10-22 00:00:00-04:00,46.674950741878554,47.24728810617741,46.64534838313473,47.079532623291016,3227000,0.0,0.0
2025-10-23 00:00:00-04:00,47.16834355049287,47.28675674997351,46.54666766571592,46.55653762817383,3953600,0.0,0.0
2025-10-24 00:00:00-04:00,46.605878786403146,46.68482343338521,46.15195835912012,46.29010772705078,3508000,0.0,0.0
2025-10-27 00:00:00-04:00,46.35918270919344,46.674953770576806,46.11248633221968,46.64535140991211,3229700,0.0,0.0
2025-10-28 00:00:00-04:00,46.66508550683625,46.852573389896214,46.38878301713631,46.46772766113281,3751600,0.0,0.0
2025-10-29 00:00:00-04:00,46.3986532349642,46.63547963968058,45.92499666124361,46.05327606201172,4137500,0.0,0.0
2025-10-30 00:00:00-04:00,46.12235404808479,46.56640449357173,46.02367324353051,46.35918045043945,3569900,0.0,0.0
2025-10-31 00:00:00-04:00,46.3295777739455,46.3493139347212,45.93486208700707,46.003936767578125,3649100,0.0,0.0
2025-11-03 00:00:00-05:00,46.08288141068092,46.10261757145662,45.59935488239573,46.003936767578125,5886600,0.0,0.0
2025-11-04 00:00:00-05:00,45.7769775390625,45.95459922553518,45.401998004921516,45.7769775390625,4551900,0.0,0.0
2025-11-05 00:00:00-05:00,45.6585639773599,46.329578395586104,45.6585639773599,45.944732666015625,5265400,0.0,0.0
2025-11-06 00:00:00-05:00,45.757242959109625,46.3789188832474,45.638829752131755,46.26050567626953,5700500,0.0,0.0
2025-11-07 00:00:00-05:00,45.51054361697679,47.17821342624999,44.84939917644647,47.079532623291016,6780100,0.0,0.0
2025-11-10 00:00:00-05:00,47.119006698010026,47.46438011050018,46.66508628036928,47.28675842285156,4987200,0.0,0.0
2025-11-11 00:00:00-05:00,47.36570204094595,47.78015012694608,47.306493558251155,47.65187072753906,4253600,0.0,0.0
2025-11-12 00:00:00-05:00,47.78014982716524,48.20446787309616,47.385437904539856,48.06631851196289,5350200,0.0,0.0
2025-11-13 00:00:00-05:00,48.12552755697339,48.25381072136323,47.31636377719962,47.62226486206055,12242000,0.0,0.0
2025-11-14 00:00:00-05:00,46.7538950320294,47.25715394832184,46.28023847425777,47.24728775024414,5799500,0.0,0.0
2025-11-17 00:00:00-05:00,47.16834563219948,47.81962390451787,47.04006246459934,47.1190071105957,5182100,0.0,0.0
2025-11-18 00:00:00-05:00,47.049929925629655,47.80975516364567,46.82296972689049,47.63213348388672,5467200,0.0,0.0
2025-11-19 00:00:00-05:00,47.45451344987595,48.007114668766924,47.20781708213159,47.977508544921875,3071200,0.0,0.0
2025-11-20 00:00:00-05:00,48.05645505882554,48.10579358143609,47.47425145772998,47.661739349365234,2903100,0.0,0.0
2025-11-21 00:00:00-05:00,47.563062005327616,47.701211373484405,47.04993309196816,47.306495666503906,4052800,0.0,0.0
2025-11-24 00:00:00-05:00,47.3163627731122,47.365701292434274,46.62561220973999,46.69468688964844,6289800,0.0,0.0
2025-11-25 00:00:00-05:00,46.586141379801916,47.13874260104614,46.51706669768237,46.9315185546875,3891900,0.0,0.0
2025-11-26 00:00:00-05:00,47.15847789113326,47.424910416224655,46.92164772517832,47.405174255371094,2824200,0.0,0.0
2025-11-28 00:00:00-05:00,47.58279758419129,48.17486737312091,47.46438061497504,48.13539505004883,2097800,0.0,0.0
2025-12-01 00:00:00-05:00,48.0268482472139,48.569583281034625,47.92817120340355,48.24394226074219,5246300,0.0,0.0
2025-12-02 00:00:00-05:00,48.25381223837491,48.45116632605565,47.33610142636534,47.47425079345703,5064100,0.0,0.0
2025-12-03 00:00:00-05:00,47.88869858762074,47.9873793951162,47.08940475049102,47.1190071105957,4870500,0.0,0.0
2025-12-04 00:00:00-05:00,47.11900710576521,47.74068301791519,47.0696685841665,47.50385284423828,4179600,0.0,0.0
2025-12-05 00:00:00-05:00,47.50385207059989,47.79002076121503,47.286758061955595,47.45451354980469,4736500,0.0,0.0
2025-12-08 00:00:00-05:00,47.45451509387074,47.69134527139662,46.98085850310695,47.553192138671875,2682700,0.0,0.0
2025-12-09 00:00:00-05:00,47.661736598580696,47.99724380297185,46.9019113485099,46.911781311035156,2987900,0.0,0.0
2025-12-10 00:00:00-05:00,47.030196638179206,47.06966896148977,46.35918219905148,46.56640625,3058200,0.0,0.0
2025-12-11 00:00:00-05:00,46.674953663481254,46.97098856231291,46.51706813315184,46.78350067138672,2448900,0.0,0.0
2025-12-12 00:00:00-05:00,46.783500564674206,47.158480109959235,46.67495355701633,46.92164993286133,2107100,0.0,0.0
2025-12-15 00:00:00-05:00,46.97098592962586,47.188079933268845,46.773631850991606,47.049930572509766,1913600,0.0,0.0
2025-12-16 00:00:00-05:00,47.00059297374073,47.138742337206594,46.05327606201172,46.05327606201172,2959800,0.0,0.0
2025-12-17 00:00:00-05:00,45.994072521928096,46.45786290912696,45.62896294279704,46.31970977783203,2870200,0.0,0.0
2025-12-18 00:00:00-05:00,46.309844306637046,46.447993675814196,46.102620252871326,46.12235641479492,2784800,0.0,0.0
2025-12-19 00:00:00-05:00,46.280241742466934,46.70455981123904,46.00393924103916,46.01380920410156,3569700,0.0,0.0
2025-12-22 00:00:00-05:00,46.09274941254805,46.26050490356193,45.82631687808219,46.21116638183594,3138900,0.0,0.0
2025-12-23 00:00:00-05:00,46.369052002414,46.89204710947088,46.30984351765197,46.842708587646484,2250300,0.0,0.0
2025-12-24 00:00:00-05:00,46.941384546493786,47.01045922830924,46.724290538337904,46.82297134399414,1208900,0.0,0.0
2025-12-26 00:00:00-05:00,46.87231032936256,47.06966817834377,46.75389712568899,46.901912689208984,927000,0.0,0.0
2025-12-29 00:00:00-05:00,46.87230966135031,47.375568593006584,46.8624434629714,47.09926986694336,2207900,0.0,0.0
2025-12-30 00:00:00-05:00,47.11900797783807,47.513723686508975,47.08940561718855,47.415042877197266,2308100,0.0,0.0
2025-12-31 00:00:00-05:00,47.405176322072776,47.54332568978275,46.980858255941875,47.19795227050781,2244500,0.0,0.0
2026-01-02 00:00:00-05:00,47.28675775440091,47.64200112467639,46.81310118212955,47.48411560058594,3117800,0.0,0.0
2026-01-05 00:00:00-05:00,47.296628814832864,47.35583729934896,45.41186868038148,45.96446990966797,8362400,0.0,0.0
2026-01-06 00:00:00-05:00,46.07301153110388,46.26050317666672,44.928340554066764,45.09609603881836,8396400,0.0,0.0
2026-01-07 00:00:00-05:00,44.99741470525563,45.25398102849475,44.553364267235445,44.63230514526367,4661400,0.0,0.0
2026-01-08 00:00:00-05:00,44.60270222218557,44.967811777557834,44.434946741530624,44.69151306152344,6166200,0.0,0.0
2026-01-09 00:00:00-05:00,44.750720816349435,45.17503888151646,44.72111845598967,45.02702331542969,4211000,0.0,0.0
2026-01-12 00:00:00-05:00,45.13556934079373,45.44147042929264,44.92834152991864,45.25398254394531,4904000,0.0,0.0
2026-01-13 00:00:00-05:00,45.40199723684201,45.727638244628906,45.06649003076813,45.727638244628906,4304700,0.0,0.0
2026-01-14 00:00:00-05:00,45.78684575581047,46.29010467210036,45.69803491596076,45.95459747314453,5311700,0.0,0.0
2026-01-15 00:00:00-05:00,45.875658089389155,46.27037001823829,45.727638763390836,46.191429138183594,3198400,0.0,0.0
2026-01-16 00:00:00-05:00,46.428255548947746,46.97098680386899,46.30984234670569,46.96112060546875,4772500,0.0,0.0
2026-01-20 00:00:00-05:00,46.9611225796878,46.990724940420826,46.3394466542784,46.5072021484375,6340500,0.0,0.0
2026-01-21 00:00:00-05:00,46.734159519231476,47.04993056212187,46.53680167635304,46.66508483886719,6388100,0.0,0.0
2026-01-22 00:00:00-05:00,46.753896354057304,47.16834444221865,46.54666854568882,46.85257339477539,4055000,0.0,0.0
2026-01-23 00:00:00-05:00,47.119006542838854,47.6617378025166,46.95125481854975,47.56306076049805,4681500,0.0,0.0
2026-01-26 00:00:00-05:00,47.859093666829864,48.04658154460789,47.00059139113677,47.24728775024414,3702200,0.0,0.0
2026-01-27 00:00:00-05:00,47.059796011507856,47.50385020984648,46.724288813239525,47.38543701171875,6068400,0.0,0.0
2026-01-28 00:00:00-05:00,47.36570321734669,47.997245324625254,47.28675857179293,47.918304443359375,9139200,0.0,0.0
2026-01-29 00:00:00-05:00,48.283412476457016,48.64852203976415,48.066318472404674,48.589317321777344,4171100,0.0,0.0
2026-01-30 00:00:00-05:00,48.51037401858563,48.648523383420844,47.46438005523804,48.194602966308594,4711500,0.0,0.0
2026-02-02 00:00:00-05:00,47.790021434471605,48.22420569358905,47.32623105102968,47.64200210571289,6738900,0.0,0.0
2026-02-03 00:00:00-05:00,47.74068037322289,48.776804326549374,47.67160569395363,48.67812728881836,4955900,0.0,0.0
2026-02-04 00:00:00-05:00,48.83601360550642,49.57610269344166,48.697860480423465,49.49715805053711,5244000,0.0,0.0
2026-02-05 00:00:00-05:00,49.388611669757694,49.94121288417532,49.260328505568495,49.82279968261719,4381600,0.0,0.0
2026-02-06 00:00:00-05:00,49.9313432827276,50.276720455844874,49.40834818813223,49.65504455566406,6638200,0.0,0.0
2026-02-09 00:00:00-05:00,49.89187426296529,50.27671999046663,49.39848153246864,49.9609489440918,6383500,0.0,0.0
2026-02-10 00:00:00-05:00,50.10896635646395,50.55302058317869,49.803065261395524,50.41487121582031,4918200,0.0,0.0
2026-02-11 00:00:00-05:00,50.52341626781986,51.15495835947085,50.51354630522594,50.86878967285156,4477100,0.0,0.0
2026-02-12 00:00:00-05:00,50.96747274187504,51.48059789092416,50.84905577121329,51.15496063232422,7064000,0.0,0.0
2026-02-13 00:00:00-05:00,51.80623805650382,53.48377413690534,51.559541684806184,53.16800308227539,20312900,0.0,0.0
2026-02-17 00:00:00-05:00,52.08000183105469,52.25,50.65999984741211,51.439998626708984,8027000,0.712,0.0
2026-02-18 00:00:00-05:00,51.369998931884766,51.7599983215332,50.810001373291016,50.88999938964844,6191900,0.0,0.0
2026-02-19 00:00:00-05:00,51.189998626708984,51.900001525878906,51.0099983215332,51.59000015258789,6695700,0.0,0.0
2026-02-20 00:00:00-05:00,51.599998474121094,51.81999969482422,51.209999084472656,51.52000045776367,7223200,0.0,0.0
2026-02-23 00:00:00-05:00,51.95000076293945,52.4900016784668,51.66999816894531,52.349998474121094,3325500,0.0,0.0
2026-02-24 00:00:00-05:00,52.27000045776367,52.459999084472656,51.88999938964844,52.400001525878906,2967900,0.0,0.0
2026-02-25 00:00:00-05:00,52.2599983215332,52.540000915527344,51.77000045776367,52.40999984741211,3106400,0.0,0.0
2026-02-26 00:00:00-05:00,52.310001373291016,52.75,52.040000915527344,52.25,4156300,0.0,0.0
2026-02-27 00:00:00-05:00,52.45000076293945,53.689998626708984,52.400001525878906,53.13999938964844,7779700,0.0,0.0
2026-03-02 00:00:00-05:00,53.63999938964844,54.06999969482422,53.22999954223633,53.959999084472656,5903400,0.0,0.0
2026-03-03 00:00:00-05:00,53.869998931884766,54.41999816894531,53.06999969482422,54.33000183105469,6198800,0.0,0.0
2026-03-04 00:00:00-05:00,54.0,54.22999954223633,53.619998931884766,54.16999816894531,4202200,0.0,0.0
2026-03-05 00:00:00-05:00,54.04999923706055,54.2400016784668,53.59000015258789,53.880001068115234,5078900,0.0,0.0
2026-03-06 00:00:00-05:00,54.15999984741211,54.2400016784668,53.61000061035156,54.060001373291016,5298000,0.0,0.0
2026-03-09 00:00:00-04:00,54.06999969482422,54.25,53.650001525878906,53.939998626708984,4558400,0.0,0.0
2026-03-10 00:00:00-04:00,53.939998626708984,54.15999984741211,53.619998931884766,53.70000076293945,3749700,0.0,0.0
2026-03-11 00:00:00-04:00,53.91999816894531,53.9900016784668,53.29999923706055,53.63999938964844,3251800,0.0,0.0
2026-03-12 00:00:00-04:00,53.869998931884766,54.33000183105469,53.619998931884766,53.630001068115234,3519200,0.0,0.0
2026-03-13 00:00:00-04:00,53.54999923706055,54.22999954223633,53.54999923706055,54.08000183105469,3744500,0.0,0.0
2026-03-16 00:00:00-04:00,54.25,54.599998474121094,53.810001373291016,54.540000915527344,3893500,0.0,0.0
2026-03-17 00:00:00-04:00,54.70000076293945,54.70000076293945,53.93000030517578,54.04999923706055,3060900,0.0,0.0
2026-03-18 00:00:00-04:00,53.900001525878906,53.9900016784668,53.220001220703125,53.2400016784668,3580500,0.0,0.0
2026-03-19 00:00:00-04:00,53.40999984741211,54.18000030517578,53.209999084472656,54.06999969482422,4502700,0.0,0.0
2026-03-20 00:00:00-04:00,54.130001068115234,54.540000915527344,53.380001068115234,53.459999084472656,6699600,0.0,0.0
2026-03-23 00:00:00-04:00,52.849998474121094,54.25,52.5,54.15999984741211,6396400,0.0,0.0
2026-03-24 00:00:00-04:00,54.15999984741211,55.11000061035156,53.93000030517578,54.439998626708984,4996700,0.0,0.0
2026-03-25 00:00:00-04:00,54.349998474121094,54.75,54.15999984741211,54.47999954223633,4029600,0.0,0.0
2026-03-26 00:00:00-04:00,54.630001068115234,54.869998931884766,54.290000915527344,54.5,4106900,0.0,0.0
2026-03-27 00:00:00-04:00,54.68000030517578,55.0,54.36000061035156,54.58000183105469,4806200,0.0,0.0
2026-03-30 00:00:00-04:00,54.900001525878906,55.439998626708984,54.22999954223633,54.33000183105469,6065800,0.0,0.0
2026-03-31 00:00:00-04:00,54.400001525878906,54.59000015258789,53.52000045776367,54.13999938964844,7429400,0.0,0.0
2026-04-01 00:00:00-04:00,54.0,54.189998626708984,53.209999084472656,53.650001525878906,5208000,0.0,0.0
2026-04-02 00:00:00-04:00,54.220001220703125,54.47999954223633,53.7400016784668,54.150001525878906,4797600,0.0,0.0
2026-04-06 00:00:00-04:00,53.939998626708984,54.31999969482422,53.709999084472656,53.7400016784668,2628800,0.0,0.0
2026-04-07 00:00:00-04:00,53.880001068115234,54.63999938964844,53.77000045776367,54.380001068115234,3747400,0.0,0.0
2026-04-08 00:00:00-04:00,53.400001525878906,54.540000915527344,52.86000061035156,54.47999954223633,4614600,0.0,0.0
2026-04-09 00:00:00-04:00,54.5,55.310001373291016,54.404998779296875,54.5,3184911,0.0,0.0
