Date,Open,High,Low,Close,Volume,Dividends,Stock Splits
2022-01-03 00:00:00-05:00,16.338651192510873,16.375285779312577,16.162809368262497,16.29469108581543,25400,0.0,0.0
2022-01-04 00:00:00-05:00,16.294687915484037,16.3679556773657,16.1921138873295,16.258054733276367,26300,0.0,0.0
2022-01-05 00:00:00-05:00,16.28736463531161,16.367959331118904,16.126176641163667,16.2727108001709,23800,0.0,0.0
2022-01-06 00:00:00-05:00,16.272708417127337,16.411917035644553,16.12617427957918,16.16280746459961,28300,0.0,0.0
2022-01-07 00:00:00-05:00,16.162804308727125,16.272705239796117,16.133498045926267,16.19211196899414,4900,0.0,0.0
2022-01-10 00:00:00-05:00,15.840436263476416,16.14083294242478,15.774495392734888,15.943010330200195,60600,0.0,0.0
2022-01-11 00:00:00-05:00,15.994295444164054,16.15548344359615,15.943008416956872,16.008949279785156,13900,0.0,0.0
2022-01-12 00:00:00-05:00,16.045580393724475,16.199442852889966,15.899046248887316,15.93567943572998,40300,0.0,0.0
2022-01-13 00:00:00-05:00,16.012238183988913,16.3803356135059,15.909171353061838,15.916533470153809,17500,0.104,0.0
2022-01-14 00:00:00-05:00,15.960708965587663,16.100586418757064,15.791384440487171,15.798745155334473,12100,0.0,0.0
2022-01-18 00:00:00-05:00,15.577887747234321,15.798745709090909,15.077274869233335,15.165618896484375,44600,0.0,0.0
2022-01-19 00:00:00-05:00,15.180342855598532,15.231876285471001,14.981569851078447,15.12880802154541,20600,0.0,0.0
2022-01-20 00:00:00-05:00,15.047827796270106,15.430648169876145,15.047827796270106,15.165618896484375,21600,0.0,0.0
2022-01-21 00:00:00-05:00,15.209795457519277,15.320224476560977,15.128813521604156,15.150899887084961,20600,0.0,0.0
2022-01-24 00:00:00-05:00,15.217157033211627,15.246604115281368,14.51040880918343,14.930041313171387,23700,0.0,0.0
2022-01-25 00:00:00-05:00,14.944760372274063,15.231877423877522,14.679731083953396,15.018380165100098,22800,0.0,0.0
2022-01-26 00:00:00-05:00,15.03311060031475,15.187710965204428,14.907957322183487,15.003662109375,31900,0.0,0.0
2022-01-27 00:00:00-05:00,15.268690675647244,15.268690675647244,14.804888244701315,14.834335327148438,32800,0.0,0.0
2022-01-28 00:00:00-05:00,14.797523799940437,15.01101967775344,14.797523799940437,14.922677040100098,17600,0.0,0.0
2022-01-31 00:00:00-05:00,15.180347590169989,15.180347590169989,14.89323047047676,14.966850280761719,16700,0.0,0.0
2022-02-01 00:00:00-05:00,15.033111330696954,15.217160195468376,14.79752900845856,14.98157787322998,30900,0.0,0.0
2022-02-02 00:00:00-05:00,14.988932246162971,15.209790208019559,14.981570126876994,15.165618896484375,20000,0.0,0.0
2022-02-03 00:00:00-05:00,15.099361461859774,15.261323876127458,15.018379552635583,15.187704086303711,21800,0.0,0.0
2022-02-04 00:00:00-05:00,15.180347900137305,15.253966307744388,15.121452331542969,15.121452331542969,9500,0.0,0.0
2022-02-07 00:00:00-05:00,15.05519387673782,15.40856727035693,15.011021149399646,15.025745391845703,36200,0.0,0.0
2022-02-08 00:00:00-05:00,14.885869118039954,15.239243944827017,14.885869118039954,15.150899887084961,46700,0.0,0.0
2022-02-09 00:00:00-05:00,15.018382031896467,15.12881103277155,14.944762229919434,14.944762229919434,8400,0.0,0.0
2022-02-10 00:00:00-05:00,14.91072417921741,15.051321976282965,14.91072417921741,14.947724342346191,9700,0.104,0.0
2022-02-11 00:00:00-05:00,14.918123706344561,14.984722586307766,14.814526075918177,14.844124794006348,17400,0.0,0.0
2022-02-14 00:00:00-05:00,14.9107279834077,14.984726917132784,14.799730288526208,14.836729049682617,4900,0.0,0.0
2022-02-15 00:00:00-05:00,14.836729049682615,14.881129256765027,14.799730288526208,14.836729049682617,22900,0.0,0.0
2022-02-16 00:00:00-05:00,14.836721886722836,14.836721886722836,14.755324369193856,14.792323112487793,27000,0.0,0.0
2022-02-17 00:00:00-05:00,14.799720764160156,14.940318506614858,14.688723140711227,14.799720764160156,19600,0.0,0.0
2022-02-18 00:00:00-05:00,14.79972455161483,14.984721108510016,14.710925583283984,14.7183256149292,10800,0.0,0.0
2022-02-22 00:00:00-05:00,14.673926798607093,14.799724513427696,14.496330273815365,14.585127830505371,11000,0.0,0.0
2022-02-23 00:00:00-05:00,14.518526535550354,14.614724098468649,14.496326446533203,14.496326446533203,9600,0.0,0.0
2022-02-24 00:00:00-05:00,14.496333098202273,14.614730804464724,14.207738865614047,14.229937553405762,21400,0.0,0.0
2022-02-25 00:00:00-05:00,14.429734706727913,14.59253120556728,14.326137063049412,14.540732383728027,12400,0.0,0.0
2022-02-28 00:00:00-05:00,14.54072521315616,14.614724098468649,14.48892641686082,14.496326446533203,8500,0.0,0.0
2022-03-01 00:00:00-05:00,14.533330475635754,14.733127115309816,14.437132877688164,14.688728332519531,7600,0.0,0.0
2022-03-02 00:00:00-05:00,14.651729109919835,14.770126812558269,14.577731604329774,14.65912914276123,3400,0.0,0.0
2022-03-03 00:00:00-05:00,14.718323209296576,14.718323209296576,14.599925545148071,14.63692569732666,5000,0.0,0.0
2022-03-04 00:00:00-05:00,14.577729210290968,14.651726703728734,14.348332464116403,14.585127830505371,8500,0.0,0.0
2022-03-07 00:00:00-05:00,14.599928349238336,14.599928349238336,14.23733525671678,14.474130630493164,7300,0.0,0.0
2022-03-08 00:00:00-05:00,14.659124697528604,14.659124697528604,14.170733969391666,14.281731605529785,19000,0.0,0.0
2022-03-09 00:00:00-05:00,14.303932137547292,14.303932137547292,14.155934343867262,14.170734405517578,20400,0.0,0.0
2022-03-10 00:00:00-05:00,14.259535275175653,14.259535275175653,14.155936241149902,14.155936241149902,6900,0.0,0.0
2022-03-11 00:00:00-05:00,14.252136216324734,14.259536248646885,14.133738521994024,14.222536087036133,14700,0.0,0.0
2022-03-14 00:00:00-04:00,14.1337389952282,14.599929755838161,14.059740080940868,14.17813777923584,25600,0.0,0.0
2022-03-15 00:00:00-04:00,14.10413595612647,14.207734979327338,13.993138313293457,13.993138313293457,16100,0.0,0.0
2022-03-16 00:00:00-04:00,14.100288026950235,14.182135696210786,13.728248780003971,13.988675117492676,36100,0.104,0.0
2022-03-17 00:00:00-04:00,14.070524375250358,14.070524375250358,13.765452302621519,13.921708106994629,15500,0.0,0.0
2022-03-18 00:00:00-04:00,13.981234713809839,14.204457680437866,13.839859411363015,13.914267539978027,12400,0.0,0.0
2022-03-21 00:00:00-04:00,13.936589849994936,14.182135696210786,13.936589849994936,13.988675117492676,7400,0.0,0.0
2022-03-22 00:00:00-04:00,13.877059253548428,13.877059253548428,13.750565892685573,13.780329704284668,11500,0.0,0.0
2022-03-23 00:00:00-04:00,13.772894294517558,13.981236801912216,13.631518970956284,13.765453338623047,31500,0.0,0.0
2022-03-24 00:00:00-04:00,13.579434218391306,13.750571952860255,13.579434218391306,13.728250503540039,20200,0.0,0.0
2022-03-25 00:00:00-04:00,13.564551147986725,13.765452690020767,13.564551147986725,13.668723106384277,38200,0.0,0.0
2022-03-28 00:00:00-04:00,13.601758253050763,13.765455045374793,13.564553468965256,13.624079704284668,10900,0.0,0.0
2022-03-29 00:00:00-04:00,13.571990803033843,13.884503809846535,13.512464583603665,13.638957977294922,22500,0.0,0.0
2022-03-30 00:00:00-04:00,13.936592794515926,13.951474708150128,13.601758253050763,13.624079704284668,30300,0.0,0.0
2022-03-31 00:00:00-04:00,13.899388137794803,13.899388137794803,13.571993164358464,13.802657127380371,26800,0.0,0.0
2022-04-01 00:00:00-04:00,13.996115651834884,14.048200917766275,13.691043592050695,14.033320426940918,16700,0.0,0.0
2022-04-04 00:00:00-04:00,13.988677442653357,14.271428112092154,13.884506890342923,14.189579010009766,25900,0.0,0.0
2022-04-05 00:00:00-04:00,14.293747411048221,14.896452022407749,13.921708158256122,14.048201560974121,72000,0.0,0.0
2022-04-06 00:00:00-04:00,14.048202826065245,14.063084738129207,13.914269875141327,13.951473236083984,9700,0.0,0.0
2022-04-07 00:00:00-04:00,13.914268326533014,14.204458483396914,13.914268326533014,13.98123550415039,22500,0.0,0.0
2022-04-08 00:00:00-04:00,13.981235110971467,14.397918656148354,13.951471290993164,14.35327434539795,10800,0.0,0.0
2022-04-11 00:00:00-04:00,14.122610399693103,14.316070991099238,13.914269316038183,14.025880813598633,15100,0.0,0.0
2022-04-12 00:00:00-04:00,13.944031891451361,14.226782535917792,13.914269487370122,13.958913803100586,18500,0.0,0.0
2022-04-13 00:00:00-04:00,13.98435093390291,13.991833368686585,13.737436294555664,13.737436294555664,16400,0.104,0.0
2022-04-14 00:00:00-04:00,13.69254632426983,13.767369270324707,13.647653127488502,13.767369270324707,18700,0.0,0.0
2022-04-18 00:00:00-04:00,13.72995749745145,13.894566824919146,13.333396911621094,13.333396911621094,19200,0.0,0.0
2022-04-19 00:00:00-04:00,13.35584233448785,13.722473121441956,13.35584233448785,13.527934074401855,32200,0.0,0.0
2022-04-20 00:00:00-04:00,13.557865636627968,13.797297902922072,13.520453453063965,13.520453453063965,38800,0.0,0.0
2022-04-21 00:00:00-04:00,13.572828050227029,13.572828050227029,13.378288991882483,13.47555923461914,15900,0.0,0.0
2022-04-22 00:00:00-04:00,13.378289683498338,13.505488250255972,13.378289683498338,13.415701866149902,11400,0.0,0.0
2022-04-25 00:00:00-04:00,13.498005277512712,13.498005277512712,13.25857162475586,13.25857162475586,18000,0.0,0.0
2022-04-26 00:00:00-04:00,13.281020062152683,13.29598493431108,12.802155570114014,12.84704875946045,44700,0.0,0.0
2022-04-27 00:00:00-04:00,12.914385349656227,13.101441913653922,12.59264783123966,12.652505874633789,39400,0.0,0.0
2022-04-28 00:00:00-04:00,12.570202201846433,12.794670964778861,12.517826585300755,12.787188529968262,36300,0.0,0.0
2022-04-29 00:00:00-04:00,12.76474182928087,12.76474182928087,12.682437896728516,12.682437896728516,15500,0.0,0.0
2022-05-02 00:00:00-04:00,12.704884465282772,12.704884465282772,12.517827857394172,12.622580528259277,21900,0.0,0.0
2022-05-03 00:00:00-04:00,12.652507616328073,12.674954920864002,12.465451026580906,12.562721252441406,25700,0.0,0.0
2022-05-04 00:00:00-04:00,12.592653886973466,12.645029521739426,12.525313377380371,12.525313377380371,23800,0.0,0.0
2022-05-05 00:00:00-04:00,12.368186065905336,12.630064231113757,12.368186065905336,12.413079261779785,24600,0.0,0.0
2022-05-06 00:00:00-04:00,12.487900026563093,12.60761614608451,12.413077095080027,12.585168838500977,21600,0.0,0.0
2022-05-09 00:00:00-04:00,12.577686554466302,12.585168990417802,11.949176919392055,12.211055755615234,66900,0.0,0.0
2022-05-10 00:00:00-04:00,12.30084118293237,12.345734362837629,12.098819732666016,12.098819732666016,29000,0.0,0.0
2022-05-11 00:00:00-04:00,12.233500699510252,12.29335874842675,11.979103634833018,12.098819732666016,76400,0.0,0.0
2022-05-12 00:00:00-04:00,12.19219913827838,12.297628439175591,11.853317190585203,11.936155319213867,57100,0.104,0.0
2022-05-13 00:00:00-04:00,12.071711951623787,12.169610414225515,12.003934822267205,12.094303131103516,55300,0.0,0.0
2022-05-16 00:00:00-04:00,12.116894742297896,12.124425613622382,11.966280906725276,12.056649208068848,21300,0.0,0.0
2022-05-17 00:00:00-04:00,11.845789522322638,12.011465106169956,11.845789522322638,11.921096801757812,30200,0.0,0.0
2022-05-18 00:00:00-04:00,11.906037139380519,11.906037139380519,11.687646865844727,11.687646865844727,38400,0.0,0.0
2022-05-19 00:00:00-04:00,11.951218050887995,11.951218050887995,11.702705065794895,11.785542488098145,33100,0.0,0.0
2022-05-20 00:00:00-04:00,11.860850629068016,11.898504266765231,11.755420587152498,11.86838150024414,16800,0.0,0.0
2022-05-23 00:00:00-04:00,11.770484235441758,11.883444448641091,11.755422490650636,11.838260650634766,51100,0.0,0.0
2022-05-24 00:00:00-04:00,11.936157302439488,12.018994726648573,11.853319160047038,11.883441925048828,73700,0.0,0.0
2022-05-25 00:00:00-04:00,11.906034959406226,12.252447128295898,11.906034959406226,12.252447128295898,139500,0.0,0.0
2022-05-26 00:00:00-04:00,12.297630829052823,12.598858487560422,12.28256908703575,12.553674697875977,71500,0.0,0.0
2022-05-27 00:00:00-04:00,12.689226724138996,13.058230762698683,12.561204797588355,13.043169021606445,60800,0.0,0.0
2022-05-31 00:00:00-04:00,13.088357411924056,13.26156462267146,12.960335440345814,13.246502876281738,41800,0.0,0.0
2022-06-01 00:00:00-04:00,13.269097930545202,13.46489492406859,13.26156705596854,13.419711112976074,32000,0.0,0.0
2022-06-02 00:00:00-04:00,13.389581315306415,13.78117651247945,13.254028523976023,13.743523597717285,29200,0.0,0.0
2022-06-03 00:00:00-04:00,13.638096170365776,13.675749090326853,13.525134537748889,13.585381507873535,14500,0.0,0.0
2022-06-06 00:00:00-04:00,13.55525559373198,13.660684899823705,13.547724723815918,13.547724723815918,24500,0.0,0.0
2022-06-07 00:00:00-04:00,13.427232139685877,13.720928850933923,13.412170401579209,13.653152465820312,24900,0.0,0.0
2022-06-08 00:00:00-04:00,13.60043937686178,13.653154029907643,13.419702807976009,13.547724723815918,13200,0.0,0.0
2022-06-09 00:00:00-04:00,13.495007274304983,13.5552527847827,13.404638290405273,13.404638290405273,8900,0.0,0.0
2022-06-10 00:00:00-04:00,13.389580801087217,13.397111671023756,13.058229705712343,13.306742668151855,42500,0.0,0.0
2022-06-13 00:00:00-04:00,13.156130150432856,13.412174021893914,12.97539355346625,13.103415489196777,24100,0.0,0.0
2022-06-14 00:00:00-04:00,13.050700287270232,13.080823770366711,12.87749456856566,12.90761661529541,33100,0.0,0.0
2022-06-15 00:00:00-04:00,13.145522316157484,13.478896190071234,13.145522316157484,13.160676002502441,26400,0.104,0.0
2022-06-16 00:00:00-04:00,13.145528713458416,13.592552562234376,13.145528713458416,13.175834655761719,14900,0.0,0.0
2022-06-17 00:00:00-04:00,13.14552426099448,13.198560725913337,12.675770030747646,12.728806495666504,19700,0.0,0.0
2022-06-21 00:00:00-04:00,12.637886759304926,12.73638284099044,12.259053230285645,12.259053230285645,20000,0.0,0.0
2022-06-22 00:00:00-04:00,12.312091191705123,13.562241700605025,12.312091191705123,12.37270450592041,37400,0.0,0.0
2022-06-23 00:00:00-04:00,12.622732030256318,12.622732030256318,12.546965041674271,12.577272415161133,15700,0.0,0.0
2022-06-24 00:00:00-04:00,12.653041572932706,12.887917977181774,12.493930725119537,12.668193817138672,30500,0.0,0.0
2022-06-27 00:00:00-04:00,12.66061745958483,12.986414567281507,12.66061745958483,12.70607852935791,25800,0.0,0.0
2022-06-28 00:00:00-04:00,12.698502563161918,12.880342519431753,12.622735553432276,12.736385345458984,37000,0.0,0.0
2022-06-29 00:00:00-04:00,13.145524476187385,13.289481629848929,12.918223479068846,12.925800323486328,17400,0.0,0.0
2022-06-30 00:00:00-04:00,13.372822200030246,13.372822200030246,12.993988701756669,13.259172439575195,29300,0.0,0.0
2022-07-01 00:00:00-04:00,13.130375944131698,13.221296667714071,13.077339457515262,13.100069999694824,24500,0.0,0.0
2022-07-05 00:00:00-04:00,13.084909377201775,13.327362584875248,13.054602003675036,13.259172439575195,20600,0.0,0.0
2022-07-06 00:00:00-04:00,13.289480309426434,13.289480309426434,13.145523170068252,13.15310001373291,11700,0.0,0.0
2022-07-07 00:00:00-04:00,13.350095970495962,13.350095970495962,13.18340827071599,13.221292495727539,13000,0.0,0.0
2022-07-08 00:00:00-04:00,13.19856196072061,13.372825060367472,13.1909851157183,13.221292495727539,18700,0.0,0.0
2022-07-11 00:00:00-04:00,13.206139024470964,13.372825281876528,13.206139024470964,13.27432918548584,21900,0.0,0.0
2022-07-12 00:00:00-04:00,13.289478438862298,13.410705030163225,13.266747911067766,13.334938049316406,19100,0.0,0.0
2022-07-13 00:00:00-04:00,13.26674928295688,13.372822200030246,13.259172439575195,13.259172439575195,11900,0.0,0.0
2022-07-14 00:00:00-04:00,13.254599354092477,13.414661407470703,13.254599354092477,13.414661407470703,11300,0.104,0.0
2022-07-15 00:00:00-04:00,13.407039266474145,13.513746332876465,13.361307874269544,13.414661407470703,14800,0.0,0.0
2022-07-18 00:00:00-04:00,13.399418199441435,13.52899169921875,13.346064661963986,13.52899169921875,12600,0.0,0.0
2022-07-19 00:00:00-04:00,13.544237799314146,13.643322745953236,13.52899351405427,13.62807846069336,11400,0.0,0.0
2022-07-20 00:00:00-04:00,13.605210571060416,13.650941963265018,13.414661407470703,13.414661407470703,13700,0.0,0.0
2022-07-21 00:00:00-04:00,13.521370248943583,13.521370248943583,13.277467520133431,13.368931770324707,9800,0.0,0.0
2022-07-22 00:00:00-04:00,13.300334874624683,13.45277336388533,13.277468447036819,13.330821990966797,20300,0.0,0.0
2022-07-25 00:00:00-04:00,13.422284937001665,13.422284937001665,13.269845008850098,13.269845008850098,27000,0.0,0.0
2022-07-26 00:00:00-04:00,13.323200981912128,13.376554530381172,13.292713862976315,13.30795669555664,17500,0.0,0.0
2022-07-27 00:00:00-04:00,13.391794270710564,13.41466069248148,13.277465069405329,13.292709350585938,21200,0.0,0.0
2022-07-28 00:00:00-04:00,13.300336600767793,13.605215072631836,13.300336600767793,13.605215072631836,37500,0.0,0.0
2022-07-29 00:00:00-04:00,13.7728946306347,13.849114594124812,13.643321128833978,13.826248168945312,30000,0.0,0.0
2022-08-01 00:00:00-04:00,13.96344438590277,14.253079968304544,13.96344438590277,14.222591400146484,28000,0.0,0.0
2022-08-02 00:00:00-04:00,14.222594457760897,14.245460888795332,14.054911658167478,14.237838745117188,13600,0.0,0.0
2022-08-03 00:00:00-04:00,14.237837750486054,14.436009110948138,14.14637348651311,14.306435585021973,12700,0.0,0.0
2022-08-04 00:00:00-04:00,14.306431568388362,14.44362719894154,14.192102360852296,14.291187286376953,13600,0.0,0.0
2022-08-05 00:00:00-04:00,14.192100105388635,14.47411200890752,14.176855825799906,14.230209350585938,18800,0.0,0.0
2022-08-08 00:00:00-04:00,14.23021327800967,14.23021327800967,14.039664091884084,14.062530517578125,7100,0.0,0.0
2022-08-09 00:00:00-04:00,13.963448938658097,14.17686462402344,13.963448938658097,14.176864624023438,13400,0.0,0.0
2022-08-10 00:00:00-04:00,14.146373230685425,14.344544587563712,14.047288279133847,14.108263969421387,13000,0.0,0.0
2022-08-11 00:00:00-04:00,13.955821984780854,14.176859738498493,13.955821984780854,14.062530517578125,22100,0.0,0.0
2022-08-12 00:00:00-04:00,14.085395489497248,14.32929821513401,13.963444126678867,14.062530517578125,13300,0.0,0.0
2022-08-15 00:00:00-04:00,14.207351172515896,14.24546189359475,14.093021916830056,14.169241905212402,4800,0.0,0.0
2022-08-16 00:00:00-04:00,14.233627669597551,14.294946417381137,14.011347757114901,14.172308921813965,8900,0.104,0.0
2022-08-17 00:00:00-04:00,14.28727954956608,14.28727954956608,14.12631840561454,14.149312019348145,6700,0.0,0.0
2022-08-18 00:00:00-04:00,14.12631389413432,14.179967591649605,13.904032619338295,14.110983848571777,9700,0.0,0.0
2022-08-19 00:00:00-04:00,14.103323509045163,14.17997230035683,14.026674717733496,14.080329895019531,5400,0.0,0.0
2022-08-22 00:00:00-04:00,14.034338042674182,14.034338042674182,13.758404474119743,13.796728134155273,3800,0.0,0.0
2022-08-23 00:00:00-04:00,13.88870632932764,14.011343790173257,13.65875999377672,13.681755065917969,11100,0.0,0.0
2022-08-24 00:00:00-04:00,13.643428610007467,14.172303521849132,13.643428610007467,13.819721221923828,11500,0.0,0.0
2022-08-25 00:00:00-04:00,13.781393663364298,14.09565225307296,13.720074949810252,13.789058685302734,4700,0.0,0.0
2022-08-26 00:00:00-04:00,13.720076176465572,14.10331853593083,13.720076176465572,14.041999816894531,2500,0.0,0.0
2022-08-29 00:00:00-04:00,14.072662935446466,14.072662935446466,13.543787956237793,13.543787956237793,18600,0.0,0.0
2022-08-30 00:00:00-04:00,13.482470432626837,13.658761620848502,13.482470432626837,13.505465507507324,8400,0.0,0.0
2022-08-31 00:00:00-04:00,13.528454893115297,13.528454893115297,13.17587262684549,13.191201210021973,40500,0.0,0.0
2022-09-01 00:00:00-04:00,13.214196213707778,13.2601848869216,12.999579968787335,13.030240058898926,6900,0.0,0.0
2022-09-02 00:00:00-04:00,13.068567002503249,13.10689212479961,12.976589632899845,12.99958324432373,8300,0.0,0.0
2022-09-06 00:00:00-04:00,13.030244290314341,13.122223128564572,12.769639287551731,12.892276763916016,21200,0.0,0.0
2022-09-07 00:00:00-04:00,12.815626000264672,13.612770935712476,12.784967366876424,13.260187149047852,73800,0.0,0.0
2022-09-08 00:00:00-04:00,13.605104174958395,13.605104174958395,13.267850479020863,13.352164268493652,7700,0.0,0.0
2022-09-09 00:00:00-04:00,13.114556905992119,13.59744174233761,13.114556905992119,13.520792961120605,19400,0.0,0.0
2022-09-12 00:00:00-04:00,13.528459120433787,13.528459120433787,13.298514219445007,13.505465507507324,13200,0.0,0.0
2022-09-13 00:00:00-04:00,13.390489768843079,13.436479912331848,12.73131379366281,12.761972427368164,28900,0.0,0.0
2022-09-14 00:00:00-04:00,12.999583496263915,13.114557403427334,12.830957340753637,12.90760612487793,9900,0.0,0.0
2022-09-15 00:00:00-04:00,12.84127559179748,12.848988246331706,12.6176144944587,12.7024507522583,11700,0.104,0.0
2022-09-16 00:00:00-04:00,12.802713393029391,12.802713393029391,12.52506372256362,12.648463249206543,2300,0.0,0.0
2022-09-19 00:00:00-04:00,12.67160205870603,12.764150974352399,12.393952369689941,12.393952369689941,8800,0.0,0.0
2022-09-20 00:00:00-04:00,12.386240361176725,12.52506521292846,12.270553475063135,12.363103866577148,28900,0.0,0.0
2022-09-21 00:00:00-04:00,12.44022882040197,12.44022882040197,12.278267456555836,12.417092323303223,20300,0.0,0.0
2022-09-22 00:00:00-04:00,12.27055483441186,12.455654166906871,12.208855056913523,12.262842178344727,13200,0.0,0.0
2022-09-23 00:00:00-04:00,12.316827917952219,12.316827917952219,12.10859065305315,12.139440536499023,17000,0.0,0.0
2022-09-26 00:00:00-04:00,12.093167656653383,12.139442120099114,11.985192682747787,12.039179801940918,16600,0.0,0.0
2022-09-27 00:00:00-04:00,12.039178312628566,12.185715811624336,11.992903854907238,12.162578582763672,30200,0.0,0.0
2022-09-28 00:00:00-04:00,12.108593162203196,12.401667483429643,12.100880505863696,12.231992721557617,59800,0.0,0.0
2022-09-29 00:00:00-04:00,12.185716884253054,12.22427942609473,12.016042141461266,12.070029258728027,7800,0.0,0.0
2022-09-30 00:00:00-04:00,12.09316912753781,12.09316912753781,12.031469345092773,12.031469345092773,18900,0.0,0.0
2022-10-03 00:00:00-04:00,12.108592352510346,12.617616604088338,12.07774246473465,12.440228462219238,23000,0.0,0.0
2022-10-04 00:00:00-04:00,12.447942021537143,12.74872973634074,12.30140522784652,12.555917739868164,18400,0.0,0.0
2022-10-05 00:00:00-04:00,12.463365824117231,12.64846514177775,12.463365824117231,12.609903335571289,3900,0.0,0.0
2022-10-06 00:00:00-04:00,12.532777123138029,12.594476890133478,12.525064468383789,12.525064468383789,3200,0.0,0.0
2022-10-07 00:00:00-04:00,12.509640586603178,12.509640586603178,12.13944194237964,12.409379005432129,5500,0.0,0.0
2022-10-10 00:00:00-04:00,12.370816328324223,12.609902752025075,12.339965707955832,12.432516098022461,8700,0.0,0.0
2022-10-11 00:00:00-04:00,12.532777827558762,12.602190253209866,12.255128860473633,12.255128860473633,21700,0.0,0.0
2022-10-12 00:00:00-04:00,12.440227282076012,12.440227282076012,12.247416053408475,12.432516098022461,13800,0.0,0.0
2022-10-13 00:00:00-04:00,12.342469713225364,12.52877096965777,12.241557087879352,12.489958763122559,11500,0.104,0.0
2022-10-14 00:00:00-04:00,12.404569531610646,12.474432684465018,12.404569531610646,12.44338321685791,8500,0.0,0.0
2022-10-17 00:00:00-04:00,12.47443213840036,12.47443213840036,12.094066923171766,12.117354393005371,34800,0.0,0.0
2022-10-18 00:00:00-04:00,12.226032453291662,12.226032453291662,12.039731184055265,12.109594345092773,13500,0.0,0.0
2022-10-19 00:00:00-04:00,12.163932962431222,12.171695700984852,11.946581464998063,12.055256843566895,24000,0.0,0.0
2022-10-20 00:00:00-04:00,11.954339850393655,12.00091552734375,11.946577854481365,12.00091552734375,10700,0.0,0.0
2022-10-21 00:00:00-04:00,12.109594178771665,12.109594178771665,11.861191749572754,11.861191749572754,18300,0.0,0.0
2022-10-24 00:00:00-04:00,11.962104663546453,11.962104663546453,11.705940246582031,11.705940246582031,10600,0.0,0.0
2022-10-25 00:00:00-04:00,11.682651654081972,11.768039538118016,11.566212822801559,11.636075973510742,41200,0.0,0.0
2022-10-26 00:00:00-04:00,11.744755814676076,11.806856248384834,11.372152472127969,11.558454513549805,53300,0.0,0.0
2022-10-27 00:00:00-04:00,11.465302800050713,11.589503655953699,11.364389419555664,11.364389419555664,34800,0.0,0.0
2022-10-28 00:00:00-04:00,11.64383837026183,11.64383837026183,11.325573573255257,11.434248924255371,29500,0.0,0.0
2022-10-31 00:00:00-04:00,11.535161838634862,11.589500252355966,11.34886060949322,11.39543628692627,25800,0.0,0.0
2022-11-01 00:00:00-04:00,11.480825602898735,11.597263700619436,11.3876749766631,11.426487922668457,19700,0.0,0.0
2022-11-02 00:00:00-04:00,11.488590756762115,11.900006294250488,11.387677372039395,11.900006294250488,56800,0.0,0.0
2022-11-03 00:00:00-04:00,11.861194315762509,12.039733623510745,11.643842790947586,11.837906837463379,25800,0.0,0.0
2022-11-04 00:00:00-04:00,11.907766971747241,11.907766971747241,11.667127289790214,11.768040657043457,6700,0.0,0.0
2022-11-07 00:00:00-05:00,11.806855281203868,12.171695854577882,11.760279589589853,12.125120162963867,16200,0.0,0.0
2022-11-08 00:00:00-05:00,11.969867673880742,12.303657993414872,11.876717041979562,12.156168937683105,26500,0.0,0.0
2022-11-09 00:00:00-05:00,12.101831254147937,12.38128314985148,11.900004514881003,12.156168937683105,11500,0.0,0.0
2022-11-10 00:00:00-05:00,12.404572466839449,12.497723852884103,12.03196988384294,12.466672897338867,21200,0.0,0.0
2022-11-11 00:00:00-05:00,12.272609224804807,12.489960724779557,12.047494986185654,12.303659439086914,12900,0.0,0.0
2022-11-14 00:00:00-05:00,12.22864430684549,12.775613032286964,11.955160689309693,12.181761741638184,42800,0.104,0.0
2022-11-15 00:00:00-05:00,12.330226709161805,12.892822822808927,12.267716112666022,12.885008811950684,26900,0.0,0.0
2022-11-16 00:00:00-05:00,12.572452357933729,12.79905264877266,12.463058471679688,12.463058471679688,32900,0.0,0.0
2022-11-17 00:00:00-05:00,12.5568252440364,12.814681588231407,12.103623139379419,12.181761741638184,47600,0.0,0.0
2022-11-18 00:00:00-05:00,12.291154732696514,13.400718697482771,12.275527459556459,12.931888580322266,50100,0.0,0.0
2022-11-21 00:00:00-05:00,12.744357806949003,12.955331599374045,12.61152262175953,12.82249641418457,17600,0.0,0.0
2022-11-22 00:00:00-05:00,12.814679713381897,13.127232586319083,12.502126840444712,12.69747257232666,57000,0.0,0.0
2022-11-23 00:00:00-05:00,12.603708511505722,13.431975655080748,12.603708511505722,13.244443893432617,81800,0.0,0.0
2022-11-25 00:00:00-05:00,13.25225298190845,13.471040725708008,13.049094743829057,13.471040725708008,10700,0.0,0.0
2022-11-28 00:00:00-05:00,13.228819115030898,13.533558116072403,13.228819115030898,13.408536911010742,13700,0.0,0.0
2022-11-29 00:00:00-05:00,13.400718744305026,13.549181938171387,13.283511587197841,13.549181938171387,15900,0.0,0.0
2022-11-30 00:00:00-05:00,13.627320539699465,13.635134548889258,13.32258014277695,13.549181938171387,19600,0.0,0.0
2022-12-01 00:00:00-05:00,13.627318744465507,14.205541935007608,13.408530987083497,14.064892768859863,33500,0.0,0.0
2022-12-02 00:00:00-05:00,14.236800250757222,14.236800250757222,13.408534541028574,13.6116943359375,39700,0.0,0.0
2022-12-05 00:00:00-05:00,13.67420734435935,13.955505800933247,13.322584273641981,13.408536911010742,31800,0.0,0.0
2022-12-06 00:00:00-05:00,13.439792966687806,13.861739161467995,13.330398294406011,13.557000160217285,13500,0.0,0.0
2022-12-07 00:00:00-05:00,13.416347635684248,14.15866216294848,13.244443893432619,13.244443893432617,73000,0.0,0.0
2022-12-08 00:00:00-05:00,13.330398285254624,13.416350922623387,13.189749056967676,13.408536911010742,25100,0.0,0.0
2022-12-09 00:00:00-05:00,13.080355563901406,13.791414209659758,13.080355563901406,13.744531631469727,10000,0.0,0.0
2022-12-12 00:00:00-05:00,14.002385905292343,14.002385905292343,13.510115183668068,13.6116943359375,20200,0.0,0.0
2022-12-13 00:00:00-05:00,13.752345979556525,13.869553173086002,13.392908896979755,13.557000160217285,35700,0.0,0.0
2022-12-14 00:00:00-05:00,13.536562554388063,13.984638201982914,13.536562554388063,13.638755798339844,58400,0.104,0.0
2022-12-15 00:00:00-05:00,13.599443706385118,13.756663315447442,13.269283726840087,13.748802185058594,35600,0.0,0.0
2022-12-16 00:00:00-05:00,13.426505799166017,13.748804707452043,13.167094446170983,13.27714729309082,39300,0.0,0.0
2022-12-19 00:00:00-05:00,13.646611662359817,13.646611662359817,12.663992769605969,12.860516548156738,118200,0.0,0.0
2022-12-20 00:00:00-05:00,12.774046497136053,13.43436655909046,12.656132521649385,13.332173347473145,26100,0.0,0.0
2022-12-21 00:00:00-05:00,13.450087527702209,13.64661130104978,13.2850067784244,13.426504135131836,11300,0.0,0.0
2022-12-22 00:00:00-05:00,13.072761885669443,13.992493285277089,12.994153568947493,13.536558151245117,60800,0.0,0.0
2022-12-23 00:00:00-05:00,13.442228979539792,13.442228979539792,12.994154930114746,12.994154930114746,28600,0.0,0.0
2022-12-27 00:00:00-05:00,13.167089892235387,13.269281571980402,12.931262016296387,12.931262016296387,18900,0.0,0.0
2022-12-28 00:00:00-05:00,12.891958623973828,13.198536715506306,12.868376731872559,12.868376731872559,8800,0.0,0.0
2022-12-29 00:00:00-05:00,12.844792686368589,13.159230393019048,12.69543421345065,12.750460624694824,28000,0.0,0.0
2022-12-30 00:00:00-05:00,12.577519954540943,13.355753821805298,12.577519954540943,12.852653503417969,39400,0.0,0.0
2023-01-03 00:00:00-05:00,12.891960953537595,13.167094572841625,12.891960953537595,13.072762489318848,19400,0.0,0.0
2023-01-04 00:00:00-05:00,12.994152883944622,13.214258558134997,12.994152883944622,13.159232139587402,11200,0.0,0.0
2023-01-05 00:00:00-05:00,13.072759756054605,13.119926537633122,12.860515236380431,12.915541648864746,16900,0.0,0.0
2023-01-06 00:00:00-05:00,12.907683836810666,13.198539733886719,12.907683836810666,13.198539733886719,10600,0.0,0.0
2023-01-09 00:00:00-05:00,13.237841238255333,13.426503877120668,13.174953691966888,13.285006523132324,23200,0.0,0.0
2023-01-10 00:00:00-05:00,13.36361537880215,13.36361537880215,13.19067501366862,13.292866706848145,9100,0.0,0.0
2023-01-11 00:00:00-05:00,13.292869110846086,13.764526509385648,13.292869110846086,13.591586112976074,13200,0.0,0.0
2023-01-12 00:00:00-05:00,13.992382049560547,14.071433845829683,13.691979795598925,13.992382049560547,14800,0.097,0.0
2023-01-13 00:00:00-05:00,13.992378430476185,14.071430206298828,13.771029537851252,14.071430206298828,15200,0.0,0.0
2023-01-17 00:00:00-05:00,14.071434795708246,14.229541414552077,13.612927410440893,13.944950103759766,25900,0.0,0.0
2023-01-18 00:00:00-05:00,13.873803701393271,14.07934172387971,13.573402904107937,13.968667984008789,3300,0.0,0.0
2023-01-19 00:00:00-05:00,13.660363495437227,13.952858848540746,13.59712113467294,13.929143905639648,13800,0.0,0.0
2023-01-20 00:00:00-05:00,14.079335685444288,14.079335685444288,13.921230625983027,14.071430206298828,10700,0.0,0.0
2023-01-23 00:00:00-05:00,14.363929653121124,14.363929653121124,13.992381109054406,14.308592796325684,8700,0.0,0.0
2023-01-24 00:00:00-05:00,14.190016908580564,14.371838482651897,14.158394978576881,14.269068717956543,10600,0.0,0.0
2023-01-25 00:00:00-05:00,14.490418833158213,14.506229799391534,14.31650272804187,14.4587984085083,16900,0.0,0.0
2023-01-26 00:00:00-05:00,14.458793258275042,14.506224632263184,14.245349813604115,14.506224632263184,12700,0.0,0.0
2023-01-27 00:00:00-05:00,14.50622866953432,14.50622866953432,14.095152626386131,14.269068717956543,26200,0.0,0.0
2023-01-30 00:00:00-05:00,14.308593560755249,14.466698658929444,14.150486954764713,14.182108879089355,22300,0.0,0.0
2023-01-31 00:00:00-05:00,14.387645508640668,14.403454961497625,14.16629658266508,14.229538917541504,30500,0.0,0.0
2023-02-01 00:00:00-05:00,14.197919173040171,14.427173614501953,14.197919173040171,14.427173614501953,14000,0.0,0.0
2023-02-02 00:00:00-05:00,14.37183881670837,14.585282325744629,14.237448626702205,14.585282325744629,23000,0.0,0.0
2023-02-03 00:00:00-05:00,14.442986041502445,15.114936963081224,14.348121761119788,14.822440147399902,33700,0.0,0.0
2023-02-06 00:00:00-05:00,14.822436305211115,14.980542895593176,14.506224632263184,14.506224632263184,40800,0.0,0.0
2023-02-07 00:00:00-05:00,14.711767513732935,14.82244125930104,14.427176159053012,14.577377319335938,9800,0.0,0.0
2023-02-08 00:00:00-05:00,14.616904107242268,14.814536669278237,14.46670293790623,14.474608421325684,17600,0.0,0.0
2023-02-09 00:00:00-05:00,14.593184474231512,14.782913019285294,14.48251074613052,14.60899543762207,19200,0.0,0.0
2023-02-10 00:00:00-05:00,14.577372739016013,14.806625641062203,14.474603000865198,14.672235488891602,44900,0.0,0.0
2023-02-13 00:00:00-05:00,14.688047211660226,14.688047211660226,14.20582343336227,14.24535083770752,31900,0.0,0.0
2023-02-14 00:00:00-05:00,14.29860654874263,14.409879267759607,13.948890339861574,13.956838607788086,25500,0.097,0.0
2023-02-15 00:00:00-05:00,13.948891206713682,14.29860743732781,13.909151380588591,13.980684280395508,5800,0.0,0.0
2023-02-16 00:00:00-05:00,13.948889195618351,13.972733997441873,13.472005286963721,13.519693374633789,31400,0.0,0.0
2023-02-17 00:00:00-05:00,13.464055892785737,13.694549560546875,13.464055892785737,13.694549560546875,4200,0.0,0.0
2023-02-21 00:00:00-05:00,13.67070295803803,13.694546236100841,13.31303862733108,13.352778434753418,16600,0.0,0.0
2023-02-22 00:00:00-05:00,13.281246969408539,13.47994905943064,13.257403688830934,13.408417701721191,8000,0.0,0.0
2023-02-23 00:00:00-05:00,13.503796206858677,13.543537541367643,13.376626968383789,13.376626968383789,6500,0.0,0.0
2023-02-24 00:00:00-05:00,13.29714709483819,13.41636807788312,13.130238021770696,13.233562469482422,7800,0.0,0.0
2023-02-27 00:00:00-05:00,13.313044938350455,13.336889743693321,13.185875675142894,13.225615501403809,3600,0.0,0.0
2023-02-28 00:00:00-05:00,13.368673935773247,13.400466992046727,13.289192811065908,13.297141075134277,6600,0.0,0.0
2023-03-01 00:00:00-05:00,13.27330372364793,13.432264528040832,13.154081225381953,13.257407188415527,10600,0.0,0.0
2023-03-02 00:00:00-05:00,13.074599119280327,13.233559893741564,13.066650853160752,13.169975280761719,10800,0.0,0.0
2023-03-03 00:00:00-05:00,13.177924818445781,13.344835391108886,13.177924818445781,13.241509437561035,7800,0.0,0.0
2023-03-06 00:00:00-05:00,13.233561567854377,13.464056766550604,13.162028679705681,13.28919792175293,19100,0.0,0.0
2023-03-07 00:00:00-05:00,13.273304145941337,13.368680328416088,12.94743274319461,13.090497016906738,34400,0.0,0.0
2023-03-08 00:00:00-05:00,13.154080368830341,13.169976903027612,12.891793618483137,13.018962860107422,27200,0.0,0.0
2023-03-09 00:00:00-05:00,13.034856033457158,13.177921772391299,13.026907768407867,13.074597358703613,12600,0.0,0.0
2023-03-10 00:00:00-05:00,12.923587930606855,13.122290079264445,12.867951571539065,12.955379486083984,8100,0.0,0.0
2023-03-13 00:00:00-04:00,12.581819255797058,13.026911618259962,12.581819255797058,12.780521392822266,9500,0.0,0.0
2023-03-14 00:00:00-04:00,12.754133170197944,12.850088940676386,12.578213876359795,12.746136665344238,25200,0.097,0.0
2023-03-15 00:00:00-04:00,12.666174733119254,12.698159992037688,12.578214699152019,12.586211204528809,19500,0.0,0.0
2023-03-16 00:00:00-04:00,12.594207841001488,12.786119396509738,12.594207841001488,12.63418960571289,17300,0.0,0.0
2023-03-17 00:00:00-04:00,12.570217215850159,12.706154738078324,12.570217215850159,12.610198974609375,19000,0.0,0.0
2023-03-20 00:00:00-04:00,12.634186570822475,12.682164066880373,12.450270802364397,12.55422306060791,19900,0.0,0.0
2023-03-21 00:00:00-04:00,12.610199923743878,12.826100979740746,12.51424339046393,12.722147941589355,22300,0.0,0.0
2023-03-22 00:00:00-04:00,12.746136641251937,12.746136641251937,12.658177375793457,12.658177375793457,3500,0.0,0.0
2023-03-23 00:00:00-04:00,12.63418770041552,12.69016170501709,12.63418770041552,12.69016170501709,2100,0.0,0.0
2023-03-24 00:00:00-04:00,12.778121047719724,12.778121047719724,12.60220252850896,12.730143547058105,3500,0.0,0.0
2023-03-27 00:00:00-04:00,12.786118615727943,12.994023169460597,12.77812211075622,12.802111625671387,31400,0.0,0.0
2023-03-28 00:00:00-04:00,12.890070024945166,13.08198154446287,12.81810301447888,13.010014533996582,15900,0.0,0.0
2023-03-29 00:00:00-04:00,13.097975829968854,13.169942855834961,13.002020812265716,13.169942855834961,18500,0.0,0.0
2023-03-30 00:00:00-04:00,13.11396598815918,13.225915518026442,13.073984993677627,13.11396598815918,4700,0.0,0.0
2023-03-31 00:00:00-04:00,13.553766891996007,13.553766891996007,13.273895306802775,13.393839836120605,5100,0.0,0.0
2023-04-03 00:00:00-04:00,13.497788491312571,13.617734520361763,13.497788491312571,13.561758995056152,15000,0.0,0.0
2023-04-04 00:00:00-04:00,13.47380330987302,13.497791300533654,13.010016679912416,13.385843276977539,11800,0.0,0.0
2023-04-05 00:00:00-04:00,13.297882297809084,13.8256409324494,13.25790129943477,13.32986831665039,9000,0.0,0.0
2023-04-06 00:00:00-04:00,13.305876980081829,13.809646031592505,13.289885498028768,13.561758995056152,9100,0.0,0.0
2023-04-10 00:00:00-04:00,13.40983288954276,13.793655994655813,13.034004764589298,13.513784408569336,29400,0.0,0.0
2023-04-11 00:00:00-04:00,13.569758382884944,13.593747898829108,13.193931784157664,13.337865829467773,2200,0.0,0.0
2023-04-12 00:00:00-04:00,13.361851415831183,13.80164997793652,13.35385643713256,13.625731468200684,13900,0.0,0.0
2023-04-13 00:00:00-04:00,13.462476800819868,13.575065723223727,13.35793016343186,13.414224624633789,10300,0.097,0.0
2023-04-14 00:00:00-04:00,13.663528070153662,13.663528070153662,13.148834147661212,13.25338077545166,14600,0.0,0.0
2023-04-17 00:00:00-04:00,13.317717515763217,13.542896873808106,13.189044035140103,13.25338077545166,10600,0.0,0.0
2023-04-18 00:00:00-04:00,13.29359133291018,13.583105878542653,13.237295346625881,13.325758934020996,24100,0.0,0.0
2023-04-19 00:00:00-04:00,13.253381981629866,13.591150282482742,13.253381981629866,13.293593406677246,5500,0.0,0.0
2023-04-20 00:00:00-04:00,13.583109049024765,13.583109049024765,13.317719758802744,13.365973472595215,10900,0.0,0.0
2023-04-21 00:00:00-04:00,13.422265990346599,13.486602732157898,13.422265990346599,13.478560447692871,8800,0.0,0.0
2023-04-24 00:00:00-04:00,13.53485577233006,13.583107948303223,13.51072891738897,13.583107948303223,8100,0.0,0.0
2023-04-25 00:00:00-04:00,13.583107283197139,13.760034476283739,13.261423569279152,13.687655448913574,13600,0.0,0.0
2023-04-26 00:00:00-04:00,13.768078296711698,13.768078296711698,13.446393013000488,13.446393013000488,9500,0.0,0.0
2023-04-27 00:00:00-04:00,13.365971400732775,13.575064659118652,13.357929116347334,13.575064659118652,2800,0.0,0.0
2023-04-28 00:00:00-04:00,13.575067696278968,13.631363699572209,13.478563329880474,13.542900085449219,12700,0.0,0.0
2023-05-01 00:00:00-04:00,13.615277269862846,13.848497401768649,13.349887997606428,13.671571731567383,39700,0.0,0.0
2023-05-02 00:00:00-04:00,13.583108018813975,13.832414252772352,13.357930173830958,13.534855842590332,18400,0.0,0.0
2023-05-03 00:00:00-04:00,13.591150233283587,13.792202756065619,13.583107948303223,13.583107948303223,8200,0.0,0.0
2023-05-04 00:00:00-04:00,13.583107948303223,13.832414180967437,13.365972389469482,13.583107948303223,21700,0.0,0.0
2023-05-05 00:00:00-04:00,13.751992208821267,13.776117528702068,13.510728272650645,13.63136100769043,5500,0.0,0.0
2023-05-08 00:00:00-04:00,13.751990893488344,13.832412197853184,13.494643946647898,13.518769264221191,14900,0.0,0.0
2023-05-09 00:00:00-04:00,13.462476811300355,13.760035221482376,13.349887888808846,13.534855842590332,11400,0.0,0.0
2023-05-10 00:00:00-04:00,13.655485969064168,13.768076416551454,13.390096719980198,13.575064659118652,22800,0.0,0.0
2023-05-11 00:00:00-04:00,13.390097780010379,13.69569847521451,13.390097780010379,13.534855842590332,5900,0.0,0.0
2023-05-12 00:00:00-04:00,13.597138128303081,13.597138128303081,13.346388235856105,13.564784049987793,13900,0.097,0.0
2023-05-15 00:00:00-04:00,13.386828279118966,13.621401852286173,13.386828279118966,13.42727279663086,8200,0.0,0.0
2023-05-16 00:00:00-04:00,13.443453620793923,13.572873020276818,13.386831283569336,13.386831283569336,2000,0.0,0.0
2023-05-17 00:00:00-04:00,13.427277745374196,13.710383301096169,13.427277745374196,13.589051246643066,4300,0.0,0.0
2023-05-18 00:00:00-04:00,13.64567577830973,13.64567577830973,13.46772289276123,13.46772289276123,1400,0.0,0.0
2023-05-19 00:00:00-04:00,13.435364715476124,13.516250683052231,13.35447720509908,13.386831283569336,26500,0.0,0.0
2023-05-22 00:00:00-04:00,13.427273952003473,13.46771693019476,13.111812859468685,13.257410049438477,15300,0.0,0.0
2023-05-23 00:00:00-04:00,13.200789128728042,13.297854435321943,13.144168342715227,13.184611320495605,12900,0.0,0.0
2023-05-24 00:00:00-04:00,13.18461234889378,13.273588758311611,13.06328186328817,13.103726387023926,14400,0.0,0.0
2023-05-25 00:00:00-04:00,13.006662085246434,13.144170391049451,12.909597534926741,12.925774574279785,14100,0.0,0.0
2023-05-26 00:00:00-04:00,13.32212191569347,13.32212191569347,12.464717987060382,12.537516593933105,43300,0.0,0.0
2023-05-30 00:00:00-04:00,12.594139099121094,12.707381477559776,12.472808585465827,12.594139099121094,33400,0.0,0.0
2023-05-31 00:00:00-04:00,12.675027530579916,12.71547129516275,12.55369700823206,12.658849716186523,27500,0.0,0.0
2023-06-01 00:00:00-04:00,12.675027981151432,12.804447415296584,12.561785590574086,12.691205024719238,28000,0.0,0.0
2023-06-02 00:00:00-04:00,12.739734888327796,12.739734888327796,12.553694685627633,12.618404388427734,15600,0.0,0.0
2023-06-05 00:00:00-04:00,12.61840529802845,12.73973580667465,12.569872631729632,12.683115005493164,16900,0.0,0.0
2023-06-06 00:00:00-04:00,12.739733695983887,12.796354487784566,12.70737884761201,12.739733695983887,14900,0.0,0.0
2023-06-07 00:00:00-04:00,12.7882650728663,12.820619917996245,12.650756788213947,12.723554611206055,17400,0.0,0.0
2023-06-08 00:00:00-04:00,12.804444164046712,13.06328296661377,12.796355258616371,13.06328296661377,30300,0.0,0.0
2023-06-09 00:00:00-04:00,12.90150859298017,13.047105032346773,12.852976703658126,12.990484237670898,9300,0.0,0.0
2023-06-12 00:00:00-04:00,13.095640387646757,13.16035009717949,12.982397238863596,13.039019584655762,16600,0.0,0.0
2023-06-13 00:00:00-04:00,13.022841017511812,13.022841017511812,12.93386459350586,12.93386459350586,8900,0.0,0.0
2023-06-14 00:00:00-04:00,12.963973959736945,13.094183238812635,12.841902178522092,12.874454498291016,17100,0.097,0.0
2023-06-15 00:00:00-04:00,12.963975128044952,12.963975128044952,12.825627562532075,12.923284530639648,17500,0.0,0.0
2023-06-16 00:00:00-04:00,12.907006974221225,12.907006974221225,12.80935001373291,12.80935001373291,11300,0.0,0.0
2023-06-20 00:00:00-04:00,12.801212663465677,12.809350938120803,12.752384567752102,12.760522842407227,12200,0.0,0.0
2023-06-21 00:00:00-04:00,12.760521523097788,12.915144845015732,12.760521523097788,12.7767972946167,16900,0.0,0.0
2023-06-22 00:00:00-04:00,12.809347536832018,12.850038123194413,12.776795222963779,12.817485809326172,15400,0.0,0.0
2023-06-23 00:00:00-04:00,12.907007806657413,12.980250725774578,12.858179711318359,12.963974952697754,19700,0.0,0.0
2023-06-26 00:00:00-04:00,12.874454157087452,13.020939980219644,12.874454157087452,12.955835342407227,16500,0.0,0.0
2023-06-27 00:00:00-04:00,13.102323890231673,13.102323890231673,12.923285710961409,13.020942687988281,15900,0.0,0.0
2023-06-28 00:00:00-04:00,13.086046247487007,13.232532088859397,12.98838927860828,13.13487434387207,16800,0.0,0.0
2023-06-29 00:00:00-04:00,13.110461191265067,13.110461191265067,12.93956052403411,12.996527671813965,13000,0.0,0.0
2023-06-30 00:00:00-04:00,13.208115812607723,13.322050094604492,13.09418308282798,13.322050094604492,24200,0.0,0.0
2023-07-03 00:00:00-04:00,13.175564269335094,13.40342972889458,13.175564269335094,13.322050094604492,6100,0.0,0.0
2023-07-05 00:00:00-04:00,13.32205221893174,13.492951340852834,13.265084292740767,13.35460376739502,11100,0.0,0.0
2023-07-06 00:00:00-04:00,13.265082709707741,13.305774080702395,13.216254616731245,13.224392890930176,2800,0.0,0.0
2023-07-07 00:00:00-04:00,13.216254086480138,13.354601637877122,13.216254086480138,13.322050094604492,7000,0.0,0.0
2023-07-10 00:00:00-04:00,13.248806224278118,13.35460067253808,13.216253131141565,13.281357765197754,9100,0.0,0.0
2023-07-11 00:00:00-04:00,13.35460357638191,13.45226132480949,13.183704456905213,13.330188751220703,5600,0.0,0.0
2023-07-12 00:00:00-04:00,13.411567841409171,13.468534205613667,13.338324929655675,13.346463203430176,2500,0.0,0.0
2023-07-13 00:00:00-04:00,13.3931303024292,13.409502135043853,13.213026090592797,13.3931303024292,9600,0.097,0.0
2023-07-14 00:00:00-04:00,13.139342912795053,13.409497577273665,13.098411002991613,13.344005584716797,2700,0.0,0.0
2023-07-17 00:00:00-04:00,13.188465943221386,13.344008483424656,13.114787240408214,13.14753246307373,6900,0.0,0.0
2023-07-18 00:00:00-04:00,13.139344672661784,13.376754153386413,13.114786148071289,13.114786148071289,10200,0.0,0.0
2023-07-19 00:00:00-04:00,13.131162243161123,13.458622317246219,13.131162243161123,13.3931303024292,18100,0.0,0.0
2023-07-20 00:00:00-04:00,13.344008280463049,13.344008280463049,13.253957748413086,13.253957748413086,1900,0.0,0.0
2023-07-21 00:00:00-04:00,13.319449754200598,13.38494175998811,13.155718959005526,13.253957748413086,3700,0.0,0.0
2023-07-24 00:00:00-04:00,13.23758196123492,13.27851387190068,13.188463356145547,13.221208572387695,11100,0.0,0.0
2023-07-25 00:00:00-04:00,13.229398947811656,13.319451050075546,13.188467025756836,13.188467025756836,1800,0.0,0.0
2023-07-26 00:00:00-04:00,13.204837572983013,13.32763645010561,13.163905654910538,13.253957748413086,11000,0.0,0.0
2023-07-27 00:00:00-04:00,13.262146112227168,13.303078035447431,13.180280704333857,13.23758602142334,12400,0.0,0.0
2023-07-28 00:00:00-04:00,13.237586163612919,13.425875510773066,13.237586163612919,13.335824966430664,13900,0.0,0.0
2023-07-31 00:00:00-04:00,13.450434750515136,13.696029399835748,13.221211932750583,13.622350692749023,13000,0.0,0.0
2023-08-01 00:00:00-04:00,13.589602115634786,13.794264793395996,13.573228726665334,13.794264793395996,12600,0.0,0.0
2023-08-02 00:00:00-04:00,13.79426727303799,13.87613267114897,13.614163084903318,13.745148658752441,9700,0.0,0.0
2023-08-03 00:00:00-04:00,13.85976178428015,14.219968664201486,13.605980409574446,13.630538940429688,12400,0.0,0.0
2023-08-04 00:00:00-04:00,13.646909595938126,14.031674929480207,13.646909595938126,13.925251007080078,10700,0.0,0.0
2023-08-07 00:00:00-04:00,13.884318593242487,13.957997299576542,13.679655867081818,13.900691986083984,26700,0.0,0.0
2023-08-08 00:00:00-04:00,13.908876596284879,13.93343668186331,13.524111290937496,13.548669815063477,16400,0.0,0.0
2023-08-09 00:00:00-04:00,13.589601694938768,13.589601694938768,13.311260336884008,13.483176231384277,4200,0.0,0.0
2023-08-10 00:00:00-04:00,13.483177656875117,13.515924437262383,13.2621431350708,13.2621431350708,8100,0.0,0.0
2023-08-11 00:00:00-04:00,13.262145755183784,13.286704283873666,13.172093652780248,13.245772361755371,14400,0.0,0.0
2023-08-14 00:00:00-04:00,13.25977095133652,13.25977095133652,13.19388395510467,13.226826667785645,3000,0.097,0.0
2023-08-15 00:00:00-04:00,13.17741363894181,13.317423721690371,13.0209321975708,13.0209321975708,38900,0.0,0.0
2023-08-16 00:00:00-04:00,12.987987658285473,13.053874658386762,12.979751586914062,12.979751586914062,9600,0.0,0.0
2023-08-17 00:00:00-04:00,12.97975031487992,13.020929882266318,12.889155109542859,12.905627250671387,8200,0.0,0.0
2023-08-18 00:00:00-04:00,12.880924132437896,13.012698163798254,12.880924132437896,12.922102928161621,3900,0.0,0.0
2023-08-21 00:00:00-04:00,12.889155888004483,12.938571528939683,12.82326889038086,12.82326889038086,10800,0.0,0.0
2023-08-22 00:00:00-04:00,12.864450905412411,13.012697070960332,12.847979545593262,12.847979545593262,4300,0.0,0.0
2023-08-23 00:00:00-04:00,12.93033418235762,12.996221173481784,12.93033418235762,12.971513748168945,6300,0.0,0.0
2023-08-24 00:00:00-04:00,12.971517270054633,12.971517270054633,12.806799747521913,12.815035820007324,15600,0.0,0.0
2023-08-25 00:00:00-04:00,12.815036400642937,12.913866918640474,12.815036400642937,12.872687339782715,5100,0.0,0.0
2023-08-28 00:00:00-04:00,12.864450684049588,12.889158116070721,12.806799747521913,12.815035820007324,5800,0.0,0.0
2023-08-29 00:00:00-04:00,12.913866405122162,13.012696919189716,12.806799818523535,12.938573837280273,9800,0.0,0.0
2023-08-30 00:00:00-04:00,12.913865757066368,13.103290703164502,12.913865757066368,13.012696266174316,36900,0.0,0.0
2023-08-31 00:00:00-04:00,13.17741503560921,13.235065975050755,13.03740493802105,13.16917896270752,13400,0.0,0.0
2023-09-01 00:00:00-04:00,13.169177889892223,13.268009185791016,13.119763027377907,13.268009185791016,5600,0.0,0.0
2023-09-05 00:00:00-04:00,13.136232185353755,13.22682660840711,13.070345189417688,13.193883895874023,12800,0.0,0.0
2023-09-06 00:00:00-04:00,13.177412846618315,13.836282860601221,13.177412846618315,13.185648918151855,7900,0.0,0.0
2023-09-07 00:00:00-04:00,13.17741623243967,13.688041802629696,13.17741623243967,13.210360527038574,12400,0.0,0.0
2023-09-08 00:00:00-04:00,13.309186401329793,13.375073400509843,13.185648474225946,13.284478187561035,4600,0.0,0.0
2023-09-11 00:00:00-04:00,13.18564755819909,13.30918547672057,13.053873568993527,13.070344924926758,28900,0.0,0.0
2023-09-12 00:00:00-04:00,13.045638310644817,13.29271416307288,13.045638310644817,13.078581809997559,17000,0.0,0.0
2023-09-13 00:00:00-04:00,13.086817881194488,13.30918630546674,13.078581809997559,13.078581809997559,2600,0.0,0.0
2023-09-14 00:00:00-04:00,13.092668625943677,13.208679106600266,13.092668625943677,13.150673866271973,9600,0.097,0.0
2023-09-15 00:00:00-04:00,13.1341030894706,13.316405524276139,13.1341030894706,13.283260345458984,2100,0.0,0.0
2023-09-18 00:00:00-04:00,13.15896205848503,13.266686653018951,13.092670121889114,13.258399963378906,5300,0.0,0.0
2023-09-19 00:00:00-04:00,13.241826785146207,13.241826785146207,12.968372344970703,12.968372344970703,5200,0.0,0.0
2023-09-20 00:00:00-04:00,13.034660953085114,13.034660953085114,12.670055389404297,12.670055389404297,41700,0.0,0.0
2023-09-21 00:00:00-04:00,12.670056578698212,12.752921882444053,12.53747272491455,12.53747272491455,15700,0.0,0.0
2023-09-22 00:00:00-04:00,12.554047071275969,12.653485765814684,12.462895856588062,12.512615203857422,10100,0.0,0.0
2023-09-25 00:00:00-04:00,12.462893619668371,12.512612958013785,12.222585196566694,12.27230453491211,38200,0.0,0.0
2023-09-26 00:00:00-04:00,12.322023992200055,12.322023992200055,11.932558315586725,11.990564346313477,52200,0.0,0.0
2023-09-27 00:00:00-04:00,11.990566136419856,11.990566136419856,11.766830249347636,11.866268157958984,13700,0.0,0.0
2023-09-28 00:00:00-04:00,11.866266626767816,11.949131935049012,11.717110178228666,11.857980728149414,41900,0.0,0.0
2023-09-29 00:00:00-04:00,12.189440910143789,12.189440910143789,11.824835276448228,11.899413108825684,22700,0.0,0.0
2023-10-02 00:00:00-04:00,11.857981002572599,12.0071374545636,11.77511569237369,11.816548347473145,10000,0.0,0.0
2023-10-03 00:00:00-04:00,11.799975306897185,12.007137798058704,11.71711078458989,11.74197006225586,28200,0.0,0.0
2023-10-04 00:00:00-04:00,11.791687965393066,12.040283099089605,11.791687965393066,11.791687965393066,23500,0.0,0.0
2023-10-05 00:00:00-04:00,11.841407936887602,11.841407936887602,11.567953512382589,11.650818824768066,18900,0.0,0.0
2023-10-06 00:00:00-04:00,11.650819038075513,11.700537594207315,11.567953724172908,11.642532348632812,23900,0.0,0.0
2023-10-09 00:00:00-04:00,11.725394893566797,11.733681581611087,11.609384421995014,11.675676345825195,18300,0.0,0.0
2023-10-10 00:00:00-04:00,11.642531248470169,11.866266310445805,11.617671972753348,11.833120346069336,35800,0.0,0.0
2023-10-11 00:00:00-04:00,11.899410890314368,11.940843538529757,11.808259696450138,11.849692344665527,31200,0.0,0.0
2023-10-12 00:00:00-04:00,11.980679810848297,12.064111049009533,11.713701121787157,11.730387687683105,29300,0.097,0.0
2023-10-13 00:00:00-04:00,11.797134112538362,11.97233910217812,11.763761771447903,11.813819885253906,8100,0.0,0.0
2023-10-16 00:00:00-04:00,11.805476484119374,11.813819768224183,11.663643836975098,11.663643836975098,6300,0.0,0.0
2023-10-17 00:00:00-04:00,11.638616439679108,11.930625059705182,11.430039081277476,11.613587379455566,62400,0.0,0.0
2023-10-18 00:00:00-04:00,11.61358588798498,11.630271660771317,11.521812148511684,11.58021354675293,8500,0.0,0.0
2023-10-19 00:00:00-04:00,11.555182576336728,11.580211629201395,11.45506477355957,11.45506477355957,9700,0.0,0.0
2023-10-20 00:00:00-04:00,11.488436698913574,11.571867131590679,11.413348752542767,11.488436698913574,9000,0.0,0.0
2023-10-23 00:00:00-04:00,11.40500668623455,11.42169245628484,11.304889678955078,11.304889678955078,25500,0.0,0.0
2023-10-24 00:00:00-04:00,11.3716359807897,11.446723945929236,11.27151895915677,11.321577072143555,18900,0.0,0.0
2023-10-25 00:00:00-04:00,11.354947226627527,11.405006125636305,11.188085556030273,11.188085556030273,19500,0.0,0.0
2023-10-26 00:00:00-04:00,11.221456527709961,11.28820118784514,11.146368586143108,11.221456527709961,16600,0.0,0.0
2023-10-27 00:00:00-04:00,11.221457184692065,11.221457184692065,10.887733864477694,11.004536628723145,55600,0.0,0.0
2023-10-30 00:00:00-04:00,11.037908038756093,11.213112966148685,10.954477613500961,11.129682540893555,13800,0.0,0.0
2023-10-31 00:00:00-04:00,11.221459106975644,11.471752037842242,11.062940701633732,11.405007362365723,39000,0.0,0.0
2023-11-01 00:00:00-04:00,11.505124632504922,11.713701946941676,11.37163527857089,11.621928215026855,11000,0.0,0.0
2023-11-02 00:00:00-04:00,11.730388072965125,11.847190855436109,11.638613548841603,11.805475234985352,25000,0.0,0.0
2023-11-03 00:00:00-04:00,11.88056278812346,11.972337309121995,11.805474833000748,11.963994026184082,30400,0.0,0.0
2023-11-06 00:00:00-05:00,11.922278813115616,11.922278813115616,11.74707384374986,11.805475234985352,18400,0.0,0.0
2023-11-07 00:00:00-05:00,11.822159923920507,11.972335815429688,11.822159923920507,11.972335815429688,13700,0.0,0.0
2023-11-08 00:00:00-05:00,11.972337036538315,12.13085543045328,11.872219234881326,12.105826377868652,21300,0.0,0.0
2023-11-09 00:00:00-05:00,12.172570908939726,12.172570908939726,11.955650333935939,11.997365951538086,7600,0.0,0.0
2023-11-10 00:00:00-05:00,11.955652478817404,12.155886524439257,11.955652478817404,12.130857467651367,14000,0.0,0.0
2023-11-13 00:00:00-05:00,12.022394600266294,12.180913782701415,12.014051317894086,12.072453498840332,12500,0.0,0.0
2023-11-14 00:00:00-05:00,12.179128837422077,12.305119504983757,12.111933707918629,12.279921531677246,41000,0.097,0.0
2023-11-15 00:00:00-05:00,12.279921531677246,12.28832112312246,12.23792437548031,12.279921531677246,13100,0.0,0.0
2023-11-16 00:00:00-05:00,12.305116528425664,12.691488830123145,12.263120183416603,12.657891273498535,60600,0.0,0.0
2023-11-17 00:00:00-05:00,12.725087153895133,12.825880630874355,12.599096509214581,12.81748104095459,27700,0.0,0.0
2023-11-20 00:00:00-05:00,12.74188575731921,12.842678428709807,12.666291053519027,12.82588005065918,41900,0.0,0.0
2023-11-21 00:00:00-05:00,12.741887465303531,12.809082588571087,12.71668949433546,12.750287055969238,21100,0.0,0.0
2023-11-22 00:00:00-05:00,12.750288019559259,12.783885583732138,12.683092891213498,12.77548599243164,14400,0.0,0.0
2023-11-24 00:00:00-05:00,12.708288404564138,12.817480667250553,12.699888814889269,12.809081077575684,13500,0.0,0.0
2023-11-27 00:00:00-05:00,12.80907915164593,12.817478740057865,12.657889764346455,12.783881187438965,21300,0.0,0.0
2023-11-28 00:00:00-05:00,12.817480859480177,13.010666618725697,12.733486563529707,12.767084121704102,23900,0.0,0.0
2023-11-29 00:00:00-05:00,12.85107748644052,13.027464854331956,12.70828767428893,12.909873008728027,30300,0.0,0.0
2023-11-30 00:00:00-05:00,13.119859068805306,13.119859068805306,12.741886333734666,12.81748104095459,26900,0.0,0.0
2023-12-01 00:00:00-05:00,12.943472862243652,13.02746716701873,12.851079767814312,12.943472862243652,47500,0.0,0.0
2023-12-04 00:00:00-05:00,12.93507153383333,13.002266648214624,12.674690665863052,12.758684158325195,43700,0.0,0.0
2023-12-05 00:00:00-05:00,12.809082213892363,12.968670426727428,12.6746919712883,12.741887092590332,87700,0.0,0.0
2023-12-06 00:00:00-05:00,12.708289531939316,12.884676925614405,12.683091561708313,12.741887092590332,61600,0.0,0.0
2023-12-07 00:00:00-05:00,12.750285923654431,12.85107859960467,12.716688365004352,12.81748104095459,20200,0.0,0.0
2023-12-08 00:00:00-05:00,12.78388067617764,12.960268020629883,12.78388067617764,12.960268020629883,16500,0.0,0.0
2023-12-11 00:00:00-05:00,12.90987624912316,12.918275840423659,12.74188842825876,12.77548599243164,14200,0.0,0.0
2023-12-12 00:00:00-05:00,12.884675975828964,12.884675975828964,12.733486563529707,12.767084121704102,38100,0.0,0.0
2023-12-13 00:00:00-05:00,12.758683591302626,12.901473403274235,12.716687247452434,12.884675025939941,44800,0.0,0.0
2023-12-14 00:00:00-05:00,12.932855298839467,13.085005987586717,12.932855298839467,13.034289360046387,29000,0.097,0.0
2023-12-15 00:00:00-05:00,13.135723421253308,13.135723421253308,12.949760572644156,13.034289360046387,39400,0.0,0.0
2023-12-18 00:00:00-05:00,12.97512138111088,13.025838015251425,12.890592582708148,13.000479698181152,41100,0.0,0.0
2023-12-19 00:00:00-05:00,13.017384360999657,13.39776312976777,13.017384360999657,13.118819236755371,66700,0.0,0.0
2023-12-20 00:00:00-05:00,13.076554579798962,13.186441687912973,12.915950034814518,12.949761390686035,55100,0.0,0.0
2023-12-21 00:00:00-05:00,12.966668033487379,13.017384666428882,12.882139237083077,12.907498359680176,28400,0.0,0.0
2023-12-22 00:00:00-05:00,12.915950034814518,13.034290183427986,12.915950034814518,12.949761390686035,35400,0.0,0.0
2023-12-26 00:00:00-05:00,12.932858228220539,12.992027909128684,12.915952144460245,12.983574867248535,53700,0.0,0.0
2023-12-27 00:00:00-05:00,12.983572746557554,13.152630332041454,12.924403075313975,12.949761390686035,45800,0.0,0.0
2023-12-28 00:00:00-05:00,12.899046361151113,13.110367563111808,12.755347879327728,12.856781959533691,86700,0.0,0.0
2023-12-29 00:00:00-05:00,13.000478064791382,13.000478064791382,12.780703861457969,12.873684883117676,51100,0.0,0.0
2024-01-02 00:00:00-05:00,12.899046894696088,13.07655674393049,12.882140810899266,13.008934020996094,16000,0.0,0.0
2024-01-03 00:00:00-05:00,13.169536177055642,13.211800575256348,13.059649064184347,13.211800575256348,17000,0.0,0.0
2024-01-04 00:00:00-05:00,13.211801944527307,13.389311790466309,13.211801944527307,13.389311790466309,16300,0.0,0.0
2024-01-05 00:00:00-05:00,13.279424250779766,13.4484810496886,13.220254572693275,13.321688652038574,9400,0.0,0.0
2024-01-08 00:00:00-05:00,13.330138633245307,13.516100666289535,13.330138633245307,13.48228931427002,7800,0.0,0.0
2024-01-09 00:00:00-05:00,13.423122077930774,13.507650070207069,13.406215995799696,13.414669036865234,6600,0.0,0.0
2024-01-10 00:00:00-05:00,13.482296218630498,13.482296218630498,13.355503785157742,13.406220436096191,10800,0.0,0.0
2024-01-11 00:00:00-05:00,13.440031805430701,13.448484849295987,13.380862110626966,13.406220436096191,8300,0.0,0.0
2024-01-12 00:00:00-05:00,13.471706691816761,13.514231180303268,13.335628977529668,13.38665771484375,17600,0.097,0.0
2024-01-16 00:00:00-05:00,13.50572415384225,13.50572415384225,13.14851980030699,13.208053588867188,22500,0.0,0.0
2024-01-17 00:00:00-05:00,13.301607179696452,13.301607179696452,13.14001431444783,13.191043853759766,10000,0.0,0.0
2024-01-18 00:00:00-05:00,13.191042413328478,13.225061832125924,13.054964738138697,13.097488403320312,2800,0.0,0.0
2024-01-19 00:00:00-05:00,13.071974412817823,13.148518310055191,12.918886618343086,12.978421211242676,12000,0.0,0.0
2024-01-22 00:00:00-05:00,13.01244172973414,13.335626650310095,13.01244172973414,13.22506332397461,17900,0.0,0.0
2024-01-23 00:00:00-05:00,13.3016072276751,13.3016072276751,13.182538842909112,13.22506332397461,3700,0.0,0.0
2024-01-24 00:00:00-05:00,13.182539316461707,13.437685400933214,13.182539316461707,13.276092529296875,27800,0.0,0.0
2024-01-25 00:00:00-05:00,13.174032745151736,13.403664438137087,13.174032745151736,13.301606178283691,6900,0.0,0.0
2024-01-26 00:00:00-05:00,13.454692303946304,13.454692303946304,13.233566493917957,13.369644165039062,10000,0.0,0.0
2024-01-29 00:00:00-05:00,13.276093613708253,13.4802109846103,13.233569938728808,13.378151893615723,38800,0.0,0.0
2024-01-30 00:00:00-05:00,13.369644544848457,13.454692686171775,13.276090534979808,13.35263442993164,27600,0.0,0.0
2024-01-31 00:00:00-05:00,13.539742660334113,13.548247718434341,13.386654858877957,13.531237602233887,13400,0.0,0.0
2024-02-01 00:00:00-05:00,13.556751402163982,13.6928298928526,13.556751402163982,13.658809661865234,17900,0.0,0.0
2024-02-02 00:00:00-05:00,13.616286561062191,13.633296677262646,13.48020887580649,13.531237602233887,12900,0.0,0.0
2024-02-05 00:00:00-05:00,13.488713215798914,13.50572333211662,13.386654951153638,13.454693794250488,23500,0.0,0.0
2024-02-06 00:00:00-05:00,13.599276302949892,13.599276302949892,13.471703677125669,13.573761940002441,2800,0.0,0.0
2024-02-07 00:00:00-05:00,13.650306180150073,13.650306180150073,13.471704813367207,13.565258026123047,28800,0.0,0.0
2024-02-08 00:00:00-05:00,13.556751823979493,13.590771244938418,13.514228156096069,13.573761940002441,12700,0.0,0.0
2024-02-09 00:00:00-05:00,13.548247436558714,13.65030488729017,13.548247436558714,13.616286277770996,4700,0.0,0.0
2024-02-12 00:00:00-05:00,13.573761799241579,13.624791335694272,13.573761799241579,13.616286277770996,15700,0.0,0.0
2024-02-13 00:00:00-05:00,13.539740941372447,13.633294946423666,13.505721524377517,13.522730827331543,4500,0.0,0.0
2024-02-14 00:00:00-05:00,13.665636208998142,13.862449174085762,13.605736185154692,13.70842170715332,29800,0.097,0.0
2024-02-15 00:00:00-05:00,13.71698015371941,13.853893106778635,13.71698015371941,13.785436630249023,1600,0.0,0.0
2024-02-16 00:00:00-05:00,13.853891132395898,13.982246803579962,13.75976287853316,13.776877403259277,18200,0.0,0.0
2024-02-20 00:00:00-05:00,13.562950098639302,13.93090420218097,13.562950098639302,13.862447738647461,12300,0.0,0.0
2024-02-21 00:00:00-05:00,13.990804308602433,14.067818039074796,13.853891372680664,13.853891372680664,34900,0.0,0.0
2024-02-22 00:00:00-05:00,13.973689966069367,14.110602903779156,13.84533429098281,13.922348022460938,10700,0.0,0.0
2024-02-23 00:00:00-05:00,13.948017891704154,14.102045351496647,13.86244853149137,13.879561424255371,16100,0.0,0.0
2024-02-26 00:00:00-05:00,13.982250196934592,13.982250196934592,13.554396767731284,13.597182273864746,31400,0.0,0.0
2024-02-27 00:00:00-05:00,13.588622933858295,13.631408433456572,13.56295196052554,13.571508407592773,11500,0.0,0.0
2024-02-28 00:00:00-05:00,13.622851546722927,13.905234709382057,13.605737019984531,13.69130802154541,35900,0.0,0.0
2024-02-29 00:00:00-05:00,13.63140903902247,13.956576891857464,13.63140903902247,13.768321990966797,23000,0.0,0.0
2024-03-01 00:00:00-05:00,13.776879315840857,13.86245031921997,13.776879315840857,13.819664001464844,20200,0.0,0.0
2024-03-04 00:00:00-05:00,14.01647587518776,14.025033138560785,13.648522526868748,13.734092712402344,30400,0.0,0.0
2024-03-05 00:00:00-05:00,13.922352839956485,13.990809332499103,13.819667285076795,13.973694801330566,8800,0.0,0.0
2024-03-06 00:00:00-05:00,13.93090534210205,13.93090534210205,13.91379081678554,13.93090534210205,5100,0.0,0.0
2024-03-07 00:00:00-05:00,14.025030004062248,14.025030004062248,13.956573544508704,13.965130805969238,6000,0.0,0.0
2024-03-08 00:00:00-05:00,13.905235346407235,13.913792610168457,13.785436918012472,13.913792610168457,24000,0.0,0.0
2024-03-11 00:00:00-04:00,13.845334187585628,14.007918911950927,13.845334187585628,13.948018074035645,6000,0.0,0.0
2024-03-12 00:00:00-04:00,13.905231781350425,14.033587440598277,13.905231781350425,13.990802764892578,5200,0.0,0.0
2024-03-13 00:00:00-04:00,13.982247418791681,14.059261151316868,13.982247418791681,14.033589363098145,4800,0.0,0.0
2024-03-14 00:00:00-04:00,14.013790026377153,14.099868500590036,13.944926261901855,13.944926261901855,7800,0.097,0.0
2024-03-15 00:00:00-04:00,14.08265387621941,14.203165054321289,14.00518193548487,14.203165054321289,7100,0.0,0.0
2024-03-18 00:00:00-04:00,14.117089504246804,14.203169648667775,13.944930857247057,14.039617538452148,17600,0.0,0.0
2024-03-19 00:00:00-04:00,14.134305376482994,14.194560982957354,13.910497665405273,13.910497665405273,17300,0.0,0.0
2024-03-20 00:00:00-04:00,13.944929094526028,13.944929094526028,13.815808073295132,13.893280029296875,20800,0.0,0.0
2024-03-21 00:00:00-04:00,13.858848259055026,13.867456436157227,13.824415550646226,13.867456436157227,12100,0.0,0.0
2024-03-22 00:00:00-04:00,13.884671446844369,13.884671446844369,13.789984780369544,13.833024024963379,14400,0.0,0.0
2024-03-25 00:00:00-04:00,13.824415770177627,13.824415770177627,13.74694463779044,13.789984703063965,16800,0.0,0.0
2024-03-26 00:00:00-04:00,13.850239641466679,13.850239641466679,13.695295742238642,13.7555513381958,16300,0.0,0.0
2024-03-27 00:00:00-04:00,13.815810783905773,13.815810783905773,13.746947812852556,13.807204246520996,11400,0.0,0.0
2024-03-28 00:00:00-04:00,13.850239441398942,13.858847618103027,13.729727430304504,13.858847618103027,23200,0.0,0.0
2024-04-01 00:00:00-04:00,13.85884781829511,13.884670706938548,13.609216436717118,13.7555513381958,34300,0.0,0.0
2024-04-02 00:00:00-04:00,13.77276769185266,13.78998404550952,13.729727628631435,13.7555513381958,31300,0.0,0.0
2024-04-03 00:00:00-04:00,13.686689823453044,13.772769964097074,13.643650574052089,13.678082466125488,34100,0.0,0.0
2024-04-04 00:00:00-04:00,13.71251435819889,13.738338072023675,13.660866109628259,13.678082466125488,11000,0.0,0.0
2024-04-05 00:00:00-04:00,13.686689738405065,13.686689738405065,13.566178527357541,13.60921859741211,15300,0.0,0.0
2024-04-08 00:00:00-04:00,13.609218681978689,13.686689823453044,13.583394147232843,13.678082466125488,17900,0.0,0.0
2024-04-09 00:00:00-04:00,13.772767281166209,13.772767281166209,13.66947162506797,13.695295333862305,6000,0.0,0.0
2024-04-10 00:00:00-04:00,13.652258187967899,13.772770222950301,13.394019403024442,13.480098724365234,20300,0.0,0.0
2024-04-11 00:00:00-04:00,13.505921050684702,13.61782489575645,13.471489161502701,13.51452922821045,14900,0.0,0.0
2024-04-12 00:00:00-04:00,13.555236204694353,13.598543834867606,13.425314140198939,13.494606018066406,22100,0.097,0.0
2024-04-15 00:00:00-04:00,13.529252232648178,13.529252232648178,13.243423024115243,13.269407272338867,13700,0.0,0.0
2024-04-16 00:00:00-04:00,13.23476395926581,13.44264046438297,13.23476395926581,13.33004093170166,17400,0.0,0.0
2024-04-17 00:00:00-04:00,13.356024409373637,13.425316298380093,13.338701024109787,13.399332046508789,14100,0.0,0.0
2024-04-18 00:00:00-04:00,13.356021881103516,13.442637138977716,13.330037634150983,13.356021881103516,19000,0.0,0.0
2024-04-19 00:00:00-04:00,13.330037634150983,13.416652066000864,13.330037634150983,13.356021881103516,10600,0.0,0.0
2024-04-22 00:00:00-04:00,13.330040292086352,13.356024544219999,13.200117379369154,13.304055213928223,7800,0.0,0.0
2024-04-23 00:00:00-04:00,13.36468408857296,13.40799089315933,13.36468408857296,13.382006645202637,14800,0.0,0.0
2024-04-24 00:00:00-04:00,13.451298523770049,13.529252093664473,13.373344953875623,13.382006645202637,9200,0.0,0.0
2024-04-25 00:00:00-04:00,13.347362427823102,13.364685812711969,13.304054791625392,13.312716484069824,4900,0.0,0.0
2024-04-26 00:00:00-04:00,13.49460563288278,13.49460563288278,13.312714252166417,13.356021881103516,12500,0.0,0.0
2024-04-29 00:00:00-04:00,13.338700494987323,13.407992381245094,13.338700494987323,13.390669822692871,14100,0.0,0.0
2024-04-30 00:00:00-04:00,13.44264046438297,13.44264046438297,13.29539498518622,13.33004093170166,14200,0.0,0.0
2024-05-01 00:00:00-04:00,13.416652584486343,13.451298523770049,13.373344953875623,13.382006645202637,4500,0.0,0.0
2024-05-02 00:00:00-04:00,13.364686102005562,13.485946494754623,13.330040157502335,13.399332046508789,9300,0.0,0.0
2024-05-03 00:00:00-04:00,13.442638379940611,13.503268570435061,13.43397668814872,13.4599609375,9400,0.0,0.0
2024-05-06 00:00:00-04:00,13.529252753715362,13.676498209360853,13.503268504490977,13.624528884887695,24900,0.0,0.0
2024-05-07 00:00:00-04:00,13.641854912602094,13.893039065881192,13.641854912602094,13.867053985595703,32500,0.0,0.0
2024-05-08 00:00:00-04:00,13.89303768720089,13.89303768720089,13.763114776740036,13.875714302062988,4100,0.0,0.0
2024-05-09 00:00:00-04:00,13.754453464862582,13.901698112487793,13.754453464862582,13.901698112487793,2900,0.0,0.0
2024-05-10 00:00:00-04:00,13.893037649587326,13.919021075174895,13.81508324270229,13.910359382629395,21700,0.0,0.0
2024-05-13 00:00:00-04:00,13.893037578109215,13.893037578109215,13.797760612647835,13.858390808105469,15100,0.0,0.0
2024-05-14 00:00:00-04:00,13.951632010231721,13.977775578885602,13.864488443510744,13.91677474975586,4100,0.097,0.0
2024-05-15 00:00:00-04:00,13.759919983148652,14.099778978112946,13.759919983148652,14.091064453125,14200,0.0,0.0
2024-05-16 00:00:00-04:00,13.899348740819397,14.030064119460526,13.899348740819397,13.934206008911133,5300,0.0,0.0
2024-05-17 00:00:00-04:00,14.021346561799778,14.021346561799778,13.803488475584274,13.925488471984863,2200,0.0,0.0
2024-05-20 00:00:00-04:00,13.995202578615975,14.160775184631348,13.89063080005698,14.160775184631348,5600,0.0,0.0
2024-05-21 00:00:00-04:00,14.064920718225501,14.064920718225501,13.942920694032928,14.012635231018066,6100,0.0,0.0
2024-05-22 00:00:00-04:00,14.082349259305802,14.082349259305802,13.803491121438457,13.838348388671875,15400,0.0,0.0
2024-05-23 00:00:00-04:00,13.838349003491949,13.855777222351568,13.664062659581539,13.742491722106934,24900,0.0,0.0
2024-05-24 00:00:00-04:00,13.847063082300913,13.847063082300913,13.777348546982951,13.786062240600586,10900,0.0,0.0
2024-05-28 00:00:00-04:00,13.847063548382645,13.847063548382645,13.62920541041537,13.681490898132324,12900,0.0,0.0
2024-05-29 00:00:00-04:00,13.646633137140022,13.65534766179951,13.576918601989746,13.576918601989746,8000,0.0,0.0
2024-05-30 00:00:00-04:00,13.646632968101317,13.698919284347767,13.611775700957951,13.629204750061035,6300,0.0,0.0
2024-05-31 00:00:00-04:00,14.047493312399284,14.047493312399284,13.646633478659108,13.672776222229004,10900,0.0,0.0
2024-06-03 00:00:00-04:00,13.707632052115537,13.812204677546308,13.707632052115537,13.768632888793945,9900,0.0,0.0
2024-06-04 00:00:00-04:00,13.733774185180664,13.812203230505721,13.725059662130622,13.733774185180664,23200,0.0,0.0
2024-06-05 00:00:00-04:00,13.725059685923261,14.038775867767326,13.725059685923261,13.803488731384277,13100,0.0,0.0
2024-06-06 00:00:00-04:00,13.838346168673683,13.934203430422107,13.820917122321601,13.881917953491211,3500,0.0,0.0
2024-06-07 00:00:00-04:00,13.847063404288974,14.064920708926365,13.794777086053273,13.942920684814453,17700,0.0,0.0
2024-06-10 00:00:00-04:00,13.97777829513272,14.160778324895695,13.83834839507176,14.038778305053711,5800,0.0,0.0
2024-06-11 00:00:00-04:00,14.038775137447733,14.291489644689142,13.96034609606672,14.021346092224121,34700,0.0,0.0
2024-06-12 00:00:00-04:00,14.108493163610728,14.30892224713353,13.960349566631777,14.195636749267578,4900,0.0,0.0
2024-06-13 00:00:00-04:00,14.125918346399382,14.134632869817551,13.960347387830359,13.986489295959473,16000,0.0,0.0
2024-06-14 00:00:00-04:00,14.15920477739139,14.15920477739139,13.913720340834184,14.010160446166992,5200,0.097,0.0
2024-06-17 00:00:00-04:00,14.010162284388102,14.194276681107725,13.940023864740585,13.99262809753418,6100,0.0,0.0
2024-06-18 00:00:00-04:00,14.071532745876814,14.071532745876814,13.904954213530658,13.940023422241211,24600,0.0,0.0
2024-06-20 00:00:00-04:00,13.861119722343927,13.93125814681178,13.817282998022526,13.86988639831543,16400,0.0,0.0
2024-06-21 00:00:00-04:00,13.869885375425516,13.940023794720732,13.852351188659668,13.852351188659668,6100,0.0,0.0
2024-06-24 00:00:00-04:00,13.948790990339008,13.957558501581376,13.869885061389466,13.878652572631836,6000,0.0,0.0
2024-06-25 00:00:00-04:00,13.904954213530658,13.957558444654431,13.852350818522773,13.940023422241211,7200,0.0,0.0
2024-06-26 00:00:00-04:00,13.922489736467497,13.931257247989306,13.799747083509928,13.808514595031738,33700,0.0,0.0
2024-06-27 00:00:00-04:00,13.940023923395197,13.975093133366514,13.808514595031738,13.808514595031738,24400,0.0,0.0
2024-06-28 00:00:00-04:00,13.878653083616719,13.966326527036594,13.861118896602298,13.94879150390625,17500,0.0,0.0
2024-07-01 00:00:00-04:00,13.948791434917005,13.992628156410131,13.78221289658223,13.808514595031738,37400,0.0,0.0
2024-07-02 00:00:00-04:00,13.887420083874206,13.896187595116574,13.808514154924664,13.878652572631836,47700,0.0,0.0
2024-07-03 00:00:00-04:00,13.861118329729383,13.948790933447821,13.852350818522773,13.940023422241211,22200,0.0,0.0
2024-07-05 00:00:00-04:00,13.983860142158376,13.983860142158376,13.904954213530658,13.940023422241211,22500,0.0,0.0
2024-07-08 00:00:00-04:00,13.913719797021558,13.94002149088146,13.826047205449967,13.861116409301758,23500,0.0,0.0
2024-07-09 00:00:00-04:00,13.861118386262989,13.896187595116574,13.84358336377825,13.878652572631836,17700,0.0,0.0
2024-07-10 00:00:00-04:00,13.94879150390625,14.018929924195781,13.94879150390625,13.94879150390625,8500,0.0,0.0
2024-07-11 00:00:00-04:00,13.992627284166018,14.21180920573689,13.992627284166018,14.194275856018066,44900,0.0,0.0
2024-07-12 00:00:00-04:00,14.132903624806914,14.19427452364141,14.115368604502322,14.159204483032227,32000,0.0,0.0
2024-07-15 00:00:00-04:00,14.103636925593266,14.227120389612612,14.103636925593266,14.13891887664795,22500,0.097,0.0
2024-07-16 00:00:00-04:00,14.191842168594771,14.218303635703833,14.147741405749265,14.20948314666748,15300,0.0,0.0
2024-07-17 00:00:00-04:00,14.183020361389739,14.183020361389739,14.050716402813274,14.094817161560059,25100,0.0,0.0
2024-07-18 00:00:00-04:00,14.077177843768123,14.085998332496915,13.95369352506935,14.024255752563477,17500,0.0,0.0
2024-07-19 00:00:00-04:00,14.006614593723418,14.01543508180827,13.971333482552046,13.988973617553711,7600,0.0,0.0
2024-07-22 00:00:00-04:00,14.024255752563477,14.068357355039332,13.96251401379814,14.024255752563477,20800,0.0,0.0
2024-07-23 00:00:00-04:00,14.024254914137765,14.244762072166145,14.024254914137765,14.06835651397705,19200,0.0,0.0
2024-07-24 00:00:00-04:00,14.050717218643495,14.068357354932843,13.980154991149902,13.980154991149902,17800,0.0,0.0
2024-07-25 00:00:00-04:00,13.971335713452913,14.13892164915258,13.971335713452913,14.121280670166016,6500,0.0,0.0
2024-07-26 00:00:00-04:00,14.112457413356937,14.18301963313028,14.077176303470265,14.13891887664795,15100,0.0,0.0
2024-07-29 00:00:00-04:00,14.086000317270614,14.165382203510655,14.015438079833984,14.015438079833984,31100,0.0,0.0
2024-07-30 00:00:00-04:00,14.165379384956582,14.165379384956582,14.024254938163537,14.094817161560059,6400,0.0,0.0
2024-07-31 00:00:00-04:00,14.200662433493815,14.280045151231795,14.1124592268587,14.165380477905273,9700,0.0,0.0
2024-08-01 00:00:00-04:00,14.253581954806712,14.253581954806712,14.183019734528898,14.24476146697998,4600,0.0,0.0
2024-08-02 00:00:00-04:00,14.25358373052998,14.25358373052998,14.13010025024414,14.13010025024414,55000,0.0,0.0
2024-08-05 00:00:00-04:00,14.138920102309525,14.244762599976706,13.86549084610903,13.874310493469238,36900,0.0,0.0
2024-08-06 00:00:00-04:00,13.927232067425777,14.06835651397705,13.874309979385021,14.06835651397705,23600,0.0,0.0
2024-08-07 00:00:00-04:00,14.059537134644007,14.288865640128929,14.059537134644007,14.165380477905273,18500,0.0,0.0
2024-08-08 00:00:00-04:00,14.209483012268937,14.253583774697322,14.17420105645723,14.183021545410156,4800,0.0,0.0
2024-08-09 00:00:00-04:00,14.174202049590237,14.235943794250488,14.121280794500933,14.235943794250488,12400,0.0,0.0
2024-08-12 00:00:00-04:00,14.16538070148571,14.20948314666748,14.04189721964928,14.20948314666748,15800,0.0,0.0
2024-08-13 00:00:00-04:00,14.218306455509296,14.235945754744003,14.191844983152336,14.200665473937988,18400,0.0,0.0
2024-08-14 00:00:00-04:00,14.18302154439849,14.235942795776028,14.121279804068656,14.22712230682373,11500,0.0,0.0
2024-08-15 00:00:00-04:00,14.277705597976137,14.28657945270163,14.188968743235932,14.197842597961426,15300,0.097,0.0
2024-08-16 00:00:00-04:00,14.197839567157109,14.37531323875232,14.197839567157109,14.322070121765137,13000,0.0,0.0
2024-08-19 00:00:00-04:00,14.313196832759065,14.393059818871436,14.259955406188965,14.259955406188965,11400,0.0,0.0
2024-08-20 00:00:00-04:00,14.197840080833902,14.375313758850098,14.197840080833902,14.375313758850098,4000,0.0,0.0
2024-08-21 00:00:00-04:00,14.37531511128933,14.37531511128933,14.18009370860207,14.295452117919922,5700,0.0,0.0
2024-08-22 00:00:00-04:00,14.206711525054915,14.259952942426233,14.11797470109329,14.17121696472168,44400,0.0,0.0
2024-08-23 00:00:00-04:00,14.206712809842394,14.295449641828956,14.206712809842394,14.21558666229248,13200,0.0,0.0
2024-08-26 00:00:00-04:00,14.197839647524862,14.251081072299055,13.931629984882333,14.046987533569336,112400,0.0,0.0
2024-08-27 00:00:00-04:00,14.029239808664194,14.117975793233194,13.975997540917083,14.05586051940918,69100,0.0,0.0
2024-08-28 00:00:00-04:00,14.09135684347617,14.126851410990932,13.993746994374888,14.029241561889648,16900,0.0,0.0
2024-08-29 00:00:00-04:00,14.100230696919171,14.100230696919171,13.984873140931887,14.029241561889648,16000,0.0,0.0
2024-08-30 00:00:00-04:00,14.073606666346318,14.162343492686476,14.064733660717978,14.091354370117188,13500,0.0,0.0
2024-09-03 00:00:00-04:00,14.188964270309915,14.188964270309915,14.082480585943982,14.109101295471191,23700,0.0,0.0
2024-09-04 00:00:00-04:00,14.073607945103042,14.153470926814279,14.064734938668483,14.135724067687988,13300,0.0,0.0
2024-09-05 00:00:00-04:00,14.180091154952365,14.180091154952365,14.055860606534294,14.06473445892334,22000,0.0,0.0
2024-09-06 00:00:00-04:00,14.188966909865675,14.188966909865675,14.038114784053496,14.073609352111816,37600,0.0,0.0
2024-09-09 00:00:00-04:00,14.08248251069807,14.162345496452241,14.020367231225807,14.10023021697998,43300,0.0,0.0
2024-09-10 00:00:00-04:00,14.109101295471191,14.153469708854605,14.082480585943982,14.109101295471191,30000,0.0,0.0
2024-09-11 00:00:00-04:00,14.162344393849114,14.23333436719265,14.144596688948942,14.21558666229248,18200,0.0,0.0
2024-09-12 00:00:00-04:00,14.224458371924822,14.375310455822849,14.206710669698221,14.330941200256348,32000,0.0,0.0
2024-09-13 00:00:00-04:00,14.408610343933105,14.488955894030534,14.381829629061485,14.408610343933105,7800,0.097,0.0
2024-09-16 00:00:00-04:00,14.37290547255827,14.453251041192566,14.37290547255827,14.39076042175293,15000,0.0,0.0
2024-09-17 00:00:00-04:00,14.417537816470741,14.426465289008375,14.355047211448582,14.408610343933105,15300,0.0,0.0
2024-09-18 00:00:00-04:00,14.399686193608584,14.488959236840211,14.37290547255827,14.39076042175293,14300,0.0,0.0
2024-09-19 00:00:00-04:00,14.363972656934683,14.480026378063803,14.363972656934683,14.417535781860352,8800,0.0,0.0
2024-09-20 00:00:00-04:00,14.471102714538574,14.51574008267284,14.46217694365321,14.471102714538574,17100,0.0,0.0
2024-09-23 00:00:00-04:00,14.41753946827305,14.506812501136029,14.41753946827305,14.426466941833496,12600,0.0,0.0
2024-09-24 00:00:00-04:00,14.390758348083182,14.50681209564209,14.390758348083182,14.50681209564209,12700,0.0,0.0
2024-09-25 00:00:00-04:00,14.46217617686065,14.569302449220016,14.46217617686065,14.524666786193848,6300,0.0,0.0
2024-09-26 00:00:00-04:00,14.408612516754161,14.640721729510913,14.408612516754161,14.560376167297363,16000,0.0,0.0
2024-09-27 00:00:00-04:00,14.640722558621649,14.649650033011115,14.497886373873468,14.569304466247559,36400,0.0,0.0
2024-09-30 00:00:00-04:00,14.613941708765031,14.649649903265006,14.49788624547147,14.578231811523438,14400,0.0,0.0
2024-10-01 00:00:00-04:00,14.596083740125067,14.70321000420153,14.587156267661818,14.694282531738281,18700,0.0,0.0
2024-10-02 00:00:00-04:00,14.685357093811035,14.685357093811035,14.622864785156361,14.685357093811035,7100,0.0,0.0
2024-10-03 00:00:00-04:00,14.640721321105957,14.67643121564542,14.605013129307986,14.640721321105957,6900,0.0,0.0
2024-10-04 00:00:00-04:00,14.640722170096378,14.658577118401487,14.569304079617531,14.596086502075195,17500,0.0,0.0
2024-10-07 00:00:00-04:00,14.68536129834354,14.738924446927498,14.613943199317665,14.658578872680664,11000,0.0,0.0
2024-10-08 00:00:00-04:00,14.569303234768524,14.685358689280285,14.569303234768524,14.640721321105957,20800,0.0,0.0
2024-10-09 00:00:00-04:00,14.640722558621649,14.658577507400581,14.542523745820796,14.569304466247559,35800,0.0,0.0
2024-10-10 00:00:00-04:00,14.605014234454632,14.685359800506602,14.578231811523438,14.578231811523438,10400,0.0,0.0
2024-10-11 00:00:00-04:00,14.622866373836226,14.640721321105957,14.569303234768524,14.640721321105957,3700,0.0,0.0
2024-10-14 00:00:00-04:00,14.640720001026745,14.640720001026745,14.6050118124484,14.61393928527832,16300,0.0,0.0
2024-10-15 00:00:00-04:00,14.683089067015421,14.71002941796593,14.629206652223319,14.656147003173828,11800,0.097,0.0
2024-10-16 00:00:00-04:00,14.584303149667704,14.656146940044744,14.584303149667704,14.64716625213623,9800,0.0,0.0
2024-10-17 00:00:00-04:00,14.647168406717002,14.683091163635254,14.638187717487439,14.683091163635254,13000,0.0,0.0
2024-10-18 00:00:00-04:00,14.692071852864817,14.745954275350867,14.683091163635254,14.683091163635254,10200,0.0,0.0
2024-10-21 00:00:00-04:00,14.692069691678803,14.701050379587317,14.602264525484733,14.64716625213623,11200,0.0,0.0
2024-10-22 00:00:00-04:00,14.674107296563093,14.692068671132482,14.593282823891801,14.638184547424316,10800,0.0,0.0
2024-10-23 00:00:00-04:00,14.539402774848705,14.647167613988398,14.503480019874651,14.512460708618164,20200,0.0,0.0
2024-10-24 00:00:00-04:00,14.494497470068994,14.494497470068994,14.314888000488281,14.314888000488281,9900,0.0,0.0
2024-10-25 00:00:00-04:00,14.377753782814708,14.413674824846478,14.287948608398438,14.287948608398438,11800,0.0,0.0
2024-10-28 00:00:00-04:00,14.30590865670324,14.359791071190314,14.135279012454584,14.207122802734375,41800,0.0,0.0
2024-10-29 00:00:00-04:00,14.180179499770626,14.189160186339707,14.126296236801542,14.153238296508789,5900,0.0,0.0
2024-10-30 00:00:00-04:00,14.153240605210387,14.27896681190458,14.14425991717636,14.252025604248047,26900,0.0,0.0
2024-10-31 00:00:00-04:00,14.305908046255999,14.323868564836785,14.180180990408495,14.269986152648926,31800,0.0,0.0
2024-11-01 00:00:00-04:00,14.440614709438398,14.440614709438398,14.216102663761252,14.225083351135254,14200,0.0,0.0
2024-11-04 00:00:00-05:00,14.269986980316101,14.368771979353761,14.243044916214018,14.252025604248047,11900,0.0,0.0
2024-11-05 00:00:00-05:00,14.23406539225569,14.323869705200195,14.23406539225569,14.323869705200195,20600,0.0,0.0
2024-11-06 00:00:00-05:00,14.216103334802359,14.278966436496724,14.153240233107994,14.1712007522583,20400,0.0,0.0
2024-11-07 00:00:00-05:00,14.198144290427782,14.305909985859937,14.198144290427782,14.287948608398438,20900,0.0,0.0
2024-11-08 00:00:00-05:00,14.314888190472267,14.386732835703567,14.314888190472267,14.341830253601074,15000,0.0,0.0
2024-11-11 00:00:00-05:00,14.440614512056982,14.440614512056982,14.341829521629654,14.38673210144043,22500,0.0,0.0
2024-11-12 00:00:00-05:00,14.359793150782393,14.359793150782393,14.198145027465674,14.243046760559082,21300,0.0,0.0
2024-11-13 00:00:00-05:00,14.359793150782393,14.368773839979339,14.234066927807797,14.243046760559082,14800,0.0,0.0
2024-11-14 00:00:00-05:00,14.252024673329288,14.458576202392578,14.252024673329288,14.458576202392578,20700,0.0,0.0
2024-11-15 00:00:00-05:00,14.365518569946289,14.45586809016457,14.34744918288476,14.365518569946289,24900,0.097,0.0
2024-11-18 00:00:00-05:00,14.329375405669378,14.356480772042469,14.275166396196536,14.293235778808594,13900,0.0,0.0
2024-11-19 00:00:00-05:00,14.275168707870082,14.32034346417068,14.184819195268885,14.202889442443848,20500,0.0,0.0
2024-11-20 00:00:00-05:00,14.202887827951574,14.266131962601143,14.112538325620724,14.121573448181152,20900,0.0,0.0
2024-11-21 00:00:00-05:00,14.148678754406495,14.248063384918487,14.148678754406495,14.166749000549316,20800,0.0,0.0
2024-11-22 00:00:00-05:00,14.22999384628443,14.266133478730156,14.18481909031807,14.211923599243164,17300,0.0,0.0
2024-11-25 00:00:00-05:00,14.239026769335752,14.320341145181684,14.229991647211389,14.293235778808594,27000,0.0,0.0
2024-11-26 00:00:00-05:00,14.320344130962646,14.329378393333975,14.257099124542234,14.275169372558594,26600,0.0,0.0
2024-11-27 00:00:00-05:00,14.45586600230543,14.45586600230543,14.266132726559702,14.419726371765137,42800,0.0,0.0
2024-11-29 00:00:00-05:00,14.492005348205566,14.546214358909847,14.374550481194015,14.492005348205566,21000,0.0,0.0
2024-12-02 00:00:00-05:00,14.39262050812355,14.546214138856616,14.39262050812355,14.519108772277832,28600,0.0,0.0
2024-12-03 00:00:00-05:00,14.519110615295515,14.672704265525356,14.464901598530153,14.564286231994629,56200,0.0,0.0
2024-12-04 00:00:00-05:00,14.609458235623013,14.609458235623013,14.455864605261178,14.54621410369873,34900,0.0,0.0
2024-12-05 00:00:00-05:00,14.645600218470785,14.645600218470785,14.42876327018525,14.446832656860352,32700,0.0,0.0
2024-12-06 00:00:00-05:00,15.124450433324558,15.124450433324558,14.4649019241333,14.4649019241333,39700,0.0,0.0
2024-12-09 00:00:00-05:00,14.455866813659668,14.50104070814291,14.455866813659668,14.455866813659668,16800,0.0,0.0
2024-12-10 00:00:00-05:00,14.573319973280263,14.573319973280263,14.455866813659668,14.455866813659668,46500,0.0,0.0
2024-12-11 00:00:00-05:00,14.501038747261797,14.564284603569067,14.482970225875956,14.492005348205566,27200,0.0,0.0
2024-12-12 00:00:00-05:00,14.482970401563021,14.582353301847546,14.428760528564453,14.428760528564453,19200,0.0,0.0
2024-12-13 00:00:00-05:00,14.426033970414748,14.426033970414748,14.2351412353207,14.289682388305664,37400,0.097,0.0
2024-12-16 00:00:00-05:00,14.326041203719367,14.398762154649749,14.198779106140137,14.198779106140137,56500,0.0,0.0
2024-12-17 00:00:00-05:00,14.244231829838018,14.262411636560644,14.044248754475726,14.062429428100586,31100,0.0,0.0
2024-12-18 00:00:00-05:00,14.162420177371544,14.162420177371544,13.880626678466797,13.880626678466797,44300,0.0,0.0
2024-12-19 00:00:00-05:00,13.96243692572583,13.96243692572583,13.698823236510963,13.726094245910645,66100,0.0,0.0
2024-12-20 00:00:00-05:00,13.69882358104442,13.83517603076558,13.626102621287357,13.644283294677734,143100,0.0,0.0
2024-12-23 00:00:00-05:00,13.571562245158471,13.59883238816145,13.498841285882385,13.507930755615234,86600,0.0,0.0
2024-12-24 00:00:00-05:00,13.544290541960457,13.562471214299972,13.471569586406744,13.535201072692871,23000,0.0,0.0
2024-12-26 00:00:00-05:00,13.480659922576502,13.653372842193198,13.453389780969403,13.535201072692871,52100,0.0,0.0
2024-12-27 00:00:00-05:00,13.553381571888341,13.58065171489132,13.444300132974211,13.507930755615234,58400,0.0,0.0
2024-12-30 00:00:00-05:00,13.489749660447828,13.671552041268797,13.489749660447828,13.589740753173828,118900,0.0,0.0
2024-12-31 00:00:00-05:00,13.598833770809106,13.744275704148942,13.562473287474148,13.689735412597656,78100,0.0,0.0
2025-01-02 00:00:00-05:00,13.735183461457128,13.853355232630356,13.698822983165533,13.826085090637207,13600,0.0,0.0
2025-01-03 00:00:00-05:00,13.816994502477364,13.989707421390799,13.816994502477364,13.92607593536377,17100,0.0,0.0
2025-01-06 00:00:00-05:00,13.953346767491409,13.953346767491409,13.85335480509876,13.898805618286133,22100,0.0,0.0
2025-01-07 00:00:00-05:00,13.880625372290686,13.980616464605365,13.789723748803064,13.835174560546875,30100,0.0,0.0
2025-01-08 00:00:00-05:00,13.816996052544114,13.916988027417597,13.816996052544114,13.871537208557129,7900,0.0,0.0
2025-01-10 00:00:00-05:00,13.735182602404146,13.96243579423884,13.726093133576375,13.844264030456543,40300,0.0,0.0
2025-01-13 00:00:00-05:00,13.789725907988739,13.989708990833439,13.762455763433364,13.871537208557129,17400,0.0,0.0
2025-01-14 00:00:00-05:00,13.953346516587382,13.989706993103027,13.953346516587382,13.989706993103027,7100,0.0,0.0
2025-01-15 00:00:00-05:00,14.049160121312113,14.213798999295438,14.049160121312113,14.113186836242676,4400,0.095,0.0
2025-01-16 00:00:00-05:00,14.067455836486097,14.149775287876633,14.030869510566616,14.094895362854004,13200,0.0,0.0
2025-01-17 00:00:00-05:00,14.058307357700615,14.213799442356926,14.058307357700615,14.149773597717285,5800,0.0,0.0
2025-01-21 00:00:00-05:00,14.222947557205579,14.360146057642131,14.177214432964465,14.259533882141113,23900,0.0,0.0
2025-01-22 00:00:00-05:00,14.323556391423732,14.360142707824707,14.195504720163616,14.360142707824707,12200,0.0,0.0
2025-01-23 00:00:00-05:00,14.332705240017178,14.332705240017178,14.131480034867419,14.213799476623535,10300,0.0,0.0
2025-01-24 00:00:00-05:00,14.168067386173593,14.2503868339123,14.14062786102295,14.14062786102295,10400,0.0,0.0
2025-01-27 00:00:00-05:00,14.177213885991312,14.177213885991312,14.140627562467321,14.158920288085938,2000,0.0,0.0
2025-01-28 00:00:00-05:00,14.131479596449173,14.250385356153856,14.094893275946708,14.177212715148926,9400,0.0,0.0
2025-01-29 00:00:00-05:00,14.16806411743164,14.195504508538233,14.131477801576091,14.16806411743164,12000,0.0,0.0
2025-01-30 00:00:00-05:00,14.177211125819833,14.360142707824707,14.177211125819833,14.360142707824707,5700,0.0,0.0
2025-01-31 00:00:00-05:00,14.45161041031817,14.479049932348522,14.286971533562701,14.32355785369873,27200,0.0,0.0
2025-02-03 00:00:00-05:00,14.387582227053791,14.405875821397572,14.350995910652816,14.360142707824707,9000,0.0,0.0
2025-02-04 00:00:00-05:00,14.341852626447563,14.415025272722357,14.305266303310166,14.378438949584961,11200,0.0,0.0
2025-02-05 00:00:00-05:00,14.305265825267961,14.479050636291504,14.305265825267961,14.479050636291504,11700,0.0,0.0
2025-02-06 00:00:00-05:00,14.479049239527956,14.479049239527956,14.387583007421194,14.442462921142578,14500,0.0,0.0
2025-02-07 00:00:00-05:00,14.460756516478586,14.479049239527956,14.424170198093208,14.442462921142578,5900,0.0,0.0
2025-02-10 00:00:00-05:00,14.433317813012382,14.48819773315791,14.433317813012382,14.460758209228516,10500,0.0,0.0
2025-02-11 00:00:00-05:00,14.488196588280372,14.488196588280372,14.451610268503368,14.469902992248535,7100,0.0,0.0
2025-02-12 00:00:00-05:00,14.049159582542826,14.341851006876208,13.966841018994671,14.286971092224121,30200,0.0,0.0
2025-02-13 00:00:00-05:00,14.33270407253783,14.433316230773926,14.314410477065826,14.433316230773926,20600,0.0,0.0
2025-02-14 00:00:00-05:00,14.447119907281243,14.465524303142558,14.382706276906434,14.437917709350586,13900,0.095,0.0
2025-02-18 00:00:00-05:00,14.437916561955925,14.456320956354624,14.355099419871252,14.447118759155273,9200,0.0,0.0
2025-02-19 00:00:00-05:00,14.566745557061429,14.566745557061429,14.447119619059126,14.49312973022461,8400,0.0,0.0
2025-02-20 00:00:00-05:00,14.502333542160606,14.566747178419943,14.493131343389278,14.548343658447266,22200,0.0,0.0
2025-02-21 00:00:00-05:00,14.49312983046763,14.566745657813621,14.49312983046763,14.529937744140625,18600,0.0,0.0
2025-02-24 00:00:00-05:00,14.529939751935785,14.529939751935785,14.428718194740389,14.483929634094238,10800,0.0,0.0
2025-02-25 00:00:00-05:00,14.502335183728416,14.502335183728416,14.428719340364928,14.47472858428955,4100,0.0,0.0
2025-02-26 00:00:00-05:00,14.456323914417315,14.49313183317655,14.41951599565808,14.483929634094238,12800,0.0,0.0
2025-02-27 00:00:00-05:00,14.483927431788022,14.483927431788022,14.419513803146065,14.456321716308594,14300,0.0,0.0
2025-02-28 00:00:00-05:00,14.520737919950488,14.520737919950488,14.437919881255993,14.511536598205566,16400,0.0,0.0
2025-03-03 00:00:00-05:00,14.502335183728416,14.502335183728416,14.447122862420763,14.47472858428955,29900,0.0,0.0
2025-03-04 00:00:00-05:00,14.447120274161453,14.465524670490142,14.272282896888502,14.382706642150879,11600,0.0,0.0
2025-03-05 00:00:00-05:00,14.336695865340971,14.345898063079401,14.299887951957125,14.327493667602539,9100,0.0,0.0
2025-03-06 00:00:00-05:00,14.327495283272592,14.327495283272592,14.272283845755728,14.29988956451416,8100,0.0,0.0
2025-03-07 00:00:00-05:00,14.309092058833546,14.309092058833546,14.217071824311532,14.244677543640137,9100,0.0,0.0
2025-03-10 00:00:00-04:00,14.26307982935422,14.26307982935422,14.125050375581964,14.171059608459473,10800,0.0,0.0
2025-03-11 00:00:00-04:00,14.180262661440555,14.180262661440555,14.106646831312071,14.134252548217773,12100,0.0,0.0
2025-03-12 00:00:00-04:00,14.217071143110566,14.26308125816703,14.12505179056759,14.235475540161133,4400,0.0,0.0
2025-03-13 00:00:00-04:00,14.263082511828408,14.34590055069539,14.060638514328009,14.180264472961426,7200,0.0,0.0
2025-03-14 00:00:00-04:00,14.333036459225086,14.333036459225086,14.092301368713379,14.092301368713379,6800,0.095,0.0
2025-03-17 00:00:00-04:00,14.064523641086895,14.41636832448452,14.008969728610886,14.073782920837402,6600,0.0,0.0
2025-03-18 00:00:00-04:00,13.953415451408848,14.046006486326101,13.888602256774902,13.888602256774902,40600,0.0,0.0
2025-03-19 00:00:00-04:00,13.888602312968812,13.981193348260694,13.833047515190973,13.879343032836914,30100,0.0,0.0
2025-03-20 00:00:00-04:00,13.87934339371247,14.018229950261468,13.86082571598075,13.953415870666504,17900,0.0,0.0
2025-03-21 00:00:00-04:00,13.934898790993405,14.046007511193025,13.934898790993405,13.999711990356445,8700,0.0,0.0
2025-03-24 00:00:00-04:00,14.092301368713379,14.184891516444493,13.990451058291587,14.092301368713379,11300,0.0,0.0
2025-03-25 00:00:00-04:00,14.129340286807993,14.166376529534327,14.110821723937988,14.110821723937988,5400,0.0,0.0
2025-03-26 00:00:00-04:00,14.083044897548717,14.120081140629821,13.944159206747997,13.981195449829102,54000,0.0,0.0
2025-03-27 00:00:00-04:00,14.027488832026316,14.027488832026316,13.897862434387207,13.897862434387207,5300,0.0,0.0
2025-03-28 00:00:00-04:00,13.96267533493505,13.990452293405255,13.842307337546037,13.934898376464844,13700,0.0,0.0
2025-03-31 00:00:00-04:00,14.046007029333511,14.194151984517442,13.823789596557617,13.823789596557617,34100,0.0,0.0
2025-04-01 00:00:00-04:00,13.860825299505146,13.962674731503284,13.860825299505146,13.888602256774902,60700,0.0,0.0
2025-04-02 00:00:00-04:00,13.953415507864996,13.953415507864996,13.81452983794073,13.879343032836914,6500,0.0,0.0
2025-04-03 00:00:00-04:00,13.962675990482548,13.97193527141187,13.805271746738605,13.851567268371582,27300,0.0,0.0
2025-04-04 00:00:00-04:00,13.80527193347592,13.833048893625978,13.425650240375083,13.471945762634277,54200,0.0,0.0
2025-04-07 00:00:00-04:00,13.518239883863535,13.52749828094492,13.16639518737793,13.16639518737793,26000,0.0,0.0
2025-04-08 00:00:00-04:00,13.286761875498478,13.462683764968071,12.953434888904667,12.96269416809082,50200,0.0,0.0
2025-04-09 00:00:00-04:00,12.962694955635609,13.25898484348581,12.620109552055432,13.101580619812012,54400,0.0,0.0
2025-04-10 00:00:00-04:00,12.990471710552294,13.092322020182545,12.7960312539105,12.888622283935547,41600,0.0,0.0
2025-04-11 00:00:00-04:00,12.91640109407756,12.962696615736487,12.666406689941159,12.897883415222168,31800,0.0,0.0
2025-04-14 00:00:00-04:00,12.934919003989927,13.138617876200398,12.934919003989927,12.98121452331543,32000,0.0,0.0
2025-04-15 00:00:00-04:00,13.265543269933314,13.265543269933314,12.995198423412274,13.07909870147705,19800,0.095,0.0
2025-04-16 00:00:00-04:00,13.190964728724737,13.190964728724737,13.013842620535668,13.04180908203125,29700,0.0,0.0
2025-04-17 00:00:00-04:00,13.05112972990475,13.246896711414827,13.032484832123952,13.069774627685547,22900,0.0,0.0
2025-04-21 00:00:00-04:00,13.088419977695317,13.107064877386794,12.92994188646876,12.967230796813965,9000,0.0,0.0
2025-04-22 00:00:00-04:00,13.060452030238155,13.060452030238155,12.929940414370064,13.013840675354004,34200,0.0,0.0
2025-04-23 00:00:00-04:00,13.153675323849429,13.274864504503299,13.051131042852038,13.116386413574219,16900,0.0,0.0
2025-04-24 00:00:00-04:00,13.20028534667817,13.246896702059587,13.172318889064384,13.2189302444458,6900,0.0,0.0
2025-04-25 00:00:00-04:00,13.265542802040766,13.330799065477159,13.162998515266146,13.30283260345459,15300,0.0,0.0
2025-04-28 00:00:00-04:00,13.386732173152714,13.39605462363405,13.218932509677733,13.265542984008789,14000,0.0,0.0
2025-04-29 00:00:00-04:00,13.312152862548828,13.368086670160208,13.274863953820478,13.312152862548828,13500,0.0,0.0
2025-04-30 00:00:00-04:00,13.302830778391682,13.358763694763184,13.209608065722277,13.358763694763184,13200,0.0,0.0
2025-05-01 00:00:00-04:00,13.349441151843214,13.4892752198643,13.293508235864916,13.451986312866211,16700,0.0,0.0
2025-05-02 00:00:00-04:00,13.424019329066462,13.498597145080566,13.396052870320597,13.498597145080566,15600,0.0,0.0
2025-05-05 00:00:00-04:00,13.414699764766732,13.526566505432129,13.414699764766732,13.526566505432129,18600,0.0,0.0
2025-05-06 00:00:00-04:00,13.433341456044852,13.535886617382328,13.088418842995324,13.479952812194824,100300,0.0,0.0
2025-05-07 00:00:00-04:00,13.526565409747105,13.545209420495548,13.47063159942627,13.47063159942627,2700,0.0,0.0
2025-05-08 00:00:00-04:00,13.591819533532156,13.591819533532156,13.424019007007322,13.479952812194824,29900,0.0,0.0
2025-05-09 00:00:00-04:00,13.507920265197754,13.601142984364035,13.34944217603772,13.507920265197754,49900,0.0,0.0
2025-05-12 00:00:00-04:00,13.703687905448804,13.703687905448804,13.43334307406172,13.489276885986328,45300,0.0,0.0
2025-05-13 00:00:00-04:00,13.554530951609992,13.554530951609992,13.43334177832765,13.498597145080566,42200,0.0,0.0
2025-05-14 00:00:00-04:00,13.60114230887823,13.60114230887823,13.442664227588836,13.498597145080566,24200,0.0,0.0
2025-05-15 00:00:00-04:00,13.390685832184296,13.587744814315567,13.390685832184296,13.522058486938477,27600,0.095,0.0
2025-05-16 00:00:00-04:00,13.55020809173584,13.56897612307262,13.52205693963966,13.55020809173584,13300,0.0,0.0
2025-05-19 00:00:00-04:00,13.512673754052638,13.512673754052638,13.418836276331286,13.465755462646484,4200,0.0,0.0
2025-05-20 00:00:00-04:00,13.465754589843668,13.531440909481962,13.465754589843668,13.475137710571289,24600,0.0,0.0
2025-05-21 00:00:00-04:00,13.484522600227137,13.484522600227137,13.390685122505785,13.465755462646484,100400,0.0,0.0
2025-05-22 00:00:00-04:00,13.456371446401636,13.493906616471985,13.362533073771239,13.465755462646484,23200,0.0,0.0
2025-05-23 00:00:00-04:00,13.456370574207057,13.540824925118573,13.428219422206213,13.475137710571289,14700,0.0,0.0
2025-05-27 00:00:00-04:00,13.587744354139216,13.81295627377887,13.437603670985489,13.700350761413574,16800,0.0,0.0
2025-05-28 00:00:00-04:00,13.700349199921039,13.700349199921039,13.456370170149127,13.587742805480957,13200,0.0,0.0
2025-05-29 00:00:00-04:00,13.953712839893592,13.953712839893592,13.512673915127875,13.766036987304688,8600,0.0,0.0
2025-05-30 00:00:00-04:00,13.944329613041736,13.944329613041736,13.57836190350015,13.681583404541016,24000,0.0,0.0
2025-06-02 00:00:00-04:00,13.60651220867419,13.85987527935757,13.587744176071398,13.615896224975586,5400,0.0,0.0
2025-06-03 00:00:00-04:00,13.587743539096678,13.597127554958163,13.568976402282715,13.568976402282715,6200,0.0,0.0
2025-06-04 00:00:00-04:00,13.484523277730156,13.625280843747836,13.324998573188907,13.446988105773926,22400,0.0,0.0
2025-06-05 00:00:00-04:00,13.409453496088112,13.428221530307733,13.334383149027886,13.343767166137695,22600,0.0,0.0
2025-06-06 00:00:00-04:00,13.39068628730945,13.578362153986392,13.353150219064938,13.48452377319336,30400,0.0,0.0
2025-06-09 00:00:00-04:00,13.456371764585821,13.465755781052561,13.371917406203298,13.41883659362793,15600,0.0,0.0
2025-06-10 00:00:00-04:00,13.446988000792922,13.756653390741526,13.400068812486662,13.65343189239502,63500,0.0,0.0
2025-06-11 00:00:00-04:00,13.68158190789352,13.68158190789352,13.559592386421228,13.568976402282715,34100,0.0,0.0
2025-06-12 00:00:00-04:00,13.615896682789062,13.672198992672413,13.49390715149636,13.578361511230469,12600,0.0,0.0
2025-06-13 00:00:00-04:00,13.5641916475483,13.65865016924141,13.469734026678415,13.545300483703613,18100,0.095,0.0
2025-06-16 00:00:00-04:00,13.564192379722,13.583084445409677,13.488625918617844,13.526409149169922,35600,0.0,0.0
2025-06-17 00:00:00-04:00,13.488626590891915,13.56419305576231,13.479181458400603,13.498072624206543,6500,0.0,0.0
2025-06-18 00:00:00-04:00,13.535854788450921,13.54530082102011,13.479180394682281,13.488625526428223,16800,0.0,0.0
2025-06-20 00:00:00-04:00,13.535855123523005,13.554747189129044,13.498071893134194,13.516963958740234,10500,0.0,0.0
2025-06-23 00:00:00-04:00,13.507518705735164,13.76255530037725,13.507518705735164,13.592531204223633,43200,0.0,0.0
2025-06-24 00:00:00-04:00,13.535855293273926,13.724771447587145,13.535855293273926,13.535855293273926,1900,0.0,0.0
2025-06-25 00:00:00-04:00,13.49807290945452,13.526410109173924,13.394169243267813,13.431952476501465,22900,0.0,0.0
2025-06-26 00:00:00-04:00,13.431953279274685,13.441398412530093,13.31860357279928,13.328048706054688,24500,0.0,0.0
2025-06-27 00:00:00-04:00,13.43195141148842,13.44139654343043,13.356384951012746,13.422505378723145,14400,0.0,0.0
2025-06-30 00:00:00-04:00,13.422504819127905,13.61142096244102,13.394167622836743,13.460288047790527,21500,0.0,0.0
2025-07-01 00:00:00-04:00,13.403612754384978,13.564191701406935,13.403612754384978,13.460288047790527,10200,0.0,0.0
2025-07-02 00:00:00-04:00,13.450841185568237,13.564190864562988,13.441395153779547,13.564190864562988,6700,0.0,0.0
2025-07-03 00:00:00-04:00,13.573638916015625,13.592530982404012,13.564192882821432,13.573638916015625,4500,0.0,0.0
2025-07-07 00:00:00-04:00,13.611422147969094,13.658651413116756,13.554747750450545,13.573638916015625,16900,0.0,0.0
2025-07-08 00:00:00-04:00,13.545301326195407,13.58308455705805,13.516964128254244,13.535855293273926,15600,0.0,0.0
2025-07-09 00:00:00-04:00,13.639759346728368,13.639759346728368,13.479181286543609,13.573638916015625,17300,0.0,0.0
2025-07-10 00:00:00-04:00,13.573638412565838,13.60197561027408,13.516964017149357,13.526409149169922,14200,0.0,0.0
2025-07-11 00:00:00-04:00,13.554747247701435,13.583084445409677,13.460288720909602,13.526409149169922,13800,0.0,0.0
2025-07-14 00:00:00-04:00,13.639758781886416,13.677542012275227,13.479180728351423,13.516963958740234,19700,0.0,0.0
2025-07-15 00:00:00-04:00,13.550244513518185,13.740423202514648,13.540735352357482,13.740423202514648,27300,0.095,0.0
2025-07-16 00:00:00-04:00,13.787967840444002,13.787967840444002,13.521717680889541,13.55975341796875,20600,0.0,0.0
2025-07-17 00:00:00-04:00,13.521718446589635,13.531226701265236,13.455155222799087,13.474173545837402,20900,0.0,0.0
2025-07-18 00:00:00-04:00,13.455155918693539,13.493191659893805,13.398102760314941,13.398102760314941,25600,0.0,0.0
2025-07-21 00:00:00-04:00,13.417118681984613,13.502699316857061,13.417118681984613,13.455154418945312,5900,0.0,0.0
2025-07-22 00:00:00-04:00,13.445646676658523,13.445646676658523,13.188904762268066,13.188904762268066,54100,0.0,0.0
2025-07-23 00:00:00-04:00,13.198414530296741,13.312521750767807,13.150869628389568,13.226941108703613,44500,0.0,0.0
2025-07-24 00:00:00-04:00,13.236449661989655,13.293502816180732,13.150869023859503,13.188904762268066,63700,0.0,0.0
2025-07-25 00:00:00-04:00,13.169887076516957,13.283994289403573,13.150868754280763,13.21743106842041,16600,0.0,0.0
2025-07-28 00:00:00-04:00,13.264976848860634,13.264976848860634,13.198414530296741,13.226941108703613,11700,0.0,0.0
2025-07-29 00:00:00-04:00,13.217430724542345,13.31252051956233,13.179394987903049,13.25546646118164,20000,0.0,0.0
2025-07-30 00:00:00-04:00,13.274485325263509,13.274485325263509,13.17939552635855,13.198413848876953,21000,0.0,0.0
2025-07-31 00:00:00-04:00,13.303011209848838,13.31252037061314,13.236448898185687,13.274484634399414,22200,0.0,0.0
2025-08-01 00:00:00-04:00,13.322031277914409,13.436138501515206,13.312522115903443,13.398102760314941,24800,0.0,0.0
2025-08-04 00:00:00-04:00,13.379084587097168,13.45515607035515,13.312522265957337,13.379084587097168,21600,0.0,0.0
2025-08-05 00:00:00-04:00,13.4076102833647,13.445646019915435,13.341047064268295,13.369574546813965,20000,0.0,0.0
2025-08-06 00:00:00-04:00,13.38859374921532,13.445647815080612,13.360067169704479,13.379084587097168,15400,0.0,0.0
2025-08-07 00:00:00-04:00,13.41711834164346,13.493189813635215,13.379082605647584,13.388591766357422,33100,0.0,0.0
2025-08-08 00:00:00-04:00,13.388591497795941,13.464662968261779,13.388591497795941,13.417118072509766,13400,0.0,0.0
2025-08-11 00:00:00-04:00,13.426627963937248,13.521717760617701,13.407610548707263,13.445646286010742,28500,0.0,0.0
2025-08-12 00:00:00-04:00,13.45515477146364,13.502699670621041,13.036761653934263,13.312520980834961,534800,0.0,0.0
2025-08-13 00:00:00-04:00,13.341047064268295,13.464663434769058,13.341047064268295,13.369574546813965,82700,0.0,0.0
2025-08-14 00:00:00-04:00,13.369575041192547,13.379083295549208,13.312520980834961,13.312520980834961,34800,0.0,0.0
2025-08-15 00:00:00-04:00,13.393898287059299,13.393898287059299,13.27901149020922,13.336455345153809,58200,0.095,0.0
2025-08-18 00:00:00-04:00,13.47048987243537,13.47048987243537,13.269437743904733,13.317307472229004,52100,0.0,0.0
2025-08-19 00:00:00-04:00,13.307731859795773,13.374749837191143,13.269436264015143,13.298158645629883,69200,0.0,0.0
2025-08-20 00:00:00-04:00,13.28858647207725,13.355603546286266,13.221569397868233,13.250290870666504,99400,0.0,0.0
2025-08-21 00:00:00-04:00,13.259864281839869,13.29815988117859,13.173698955067966,13.192846298217773,63700,0.0,0.0
2025-08-22 00:00:00-04:00,13.202420717854103,13.298160174834626,13.183273374281477,13.269437789916992,89800,0.0,0.0
2025-08-25 00:00:00-04:00,13.298160600689727,13.31730794487552,13.211995269255757,13.250290870666504,51100,0.0,0.0
2025-08-26 00:00:00-04:00,13.269436495933169,13.279010623305414,13.221567685150017,13.240715026855469,53000,0.0,0.0
2025-08-27 00:00:00-04:00,13.240715641553667,13.259863897187115,13.211994171142578,13.211994171142578,41200,0.0,0.0
2025-08-28 00:00:00-04:00,13.250288922644339,13.317305987000687,13.192845072453883,13.298158645629883,125600,0.0,0.0
2025-08-29 00:00:00-04:00,13.298160128722772,13.317307472229004,13.221568928619588,13.317307472229004,27600,0.0,0.0
2025-09-02 00:00:00-04:00,13.298158645629883,13.307731859795773,13.279010391220055,13.298158645629883,47500,0.0,0.0
2025-09-03 00:00:00-04:00,13.317307617608963,13.393898818548264,13.279012017139314,13.355603218078613,70700,0.0,0.0
2025-09-04 00:00:00-04:00,13.355603410131083,13.39389901115142,13.336456066140489,13.346029281616211,14300,0.0,0.0
2025-09-05 00:00:00-04:00,13.413046791331654,13.489637990649424,13.403472663157155,13.460916519165039,50100,0.0,0.0
2025-09-08 00:00:00-04:00,13.518361181325085,13.60452651977539,13.518361181325085,13.60452651977539,41200,0.0,0.0
2025-09-09 00:00:00-04:00,13.671542785377506,13.728986645270325,13.547081849809043,13.642821311950684,48800,0.0,0.0
2025-09-10 00:00:00-04:00,13.642819950312644,13.863019413006297,13.642819950312644,13.8438720703125,93400,0.0,0.0
2025-09-11 00:00:00-04:00,13.853446446980369,13.997054715399795,13.853446446980369,13.96833324432373,96600,0.0,0.0
2025-09-12 00:00:00-04:00,13.968333628001663,14.035350700032984,13.834298570899888,13.949185371398926,51500,0.0,0.0
2025-09-15 00:00:00-04:00,13.886545890533288,14.050370587677472,13.886545890533288,14.011823654174805,15800,0.095,0.0
2025-09-16 00:00:00-04:00,14.021461861544829,14.069645762456753,13.9154570957323,13.982914924621582,16700,0.0,0.0
2025-09-17 00:00:00-04:00,14.021462324156161,14.021462324156161,13.896184545264445,13.934731483459473,43100,0.0,0.0
2025-09-18 00:00:00-04:00,13.886547611633707,14.060009293410268,13.886547611633707,14.031099319458008,34800,0.0,0.0
2025-09-19 00:00:00-04:00,14.031098825533507,14.031098825533507,13.92509405972098,13.982914924621582,33500,0.0,0.0
2025-09-22 00:00:00-04:00,13.963640911798498,14.060008713036797,13.963640911798498,13.992551803588867,22000,0.0,0.0
2025-09-23 00:00:00-04:00,14.040733624543957,14.050370587677472,13.992550646939165,14.011823654174805,21700,0.0,0.0
2025-09-24 00:00:00-04:00,14.060008713036797,14.060008713036797,13.963640911798498,13.992551803588867,17600,0.0,0.0
2025-09-25 00:00:00-04:00,13.982914924621582,14.069645762456753,13.954004032655545,13.982914924621582,14700,0.0,0.0
2025-09-26 00:00:00-04:00,14.031097580441832,14.0696445139445,13.973276720672136,14.011823654174805,10300,0.0,0.0
2025-09-29 00:00:00-04:00,14.079281056929787,14.079281056929787,13.963640252324186,14.06000804901123,22800,0.0,0.0
2025-09-30 00:00:00-04:00,14.06000871315394,14.098555649843288,13.992551803705446,14.088918685913086,37400,0.0,0.0
2025-10-01 00:00:00-04:00,14.088918396974373,14.156375305039445,14.088918396974373,14.117828369140625,12700,0.0,0.0
2025-10-02 00:00:00-04:00,14.146739260338324,14.194922240938263,14.088918396974373,14.117828369140625,19700,0.0,0.0
2025-10-03 00:00:00-04:00,14.098555068677276,14.117828076711753,13.99255122690909,14.050371170043945,13800,0.0,0.0
2025-10-06 00:00:00-04:00,14.011826025150828,14.108193834729828,13.95400515559712,13.963642120361328,25800,0.0,0.0
2025-10-07 00:00:00-04:00,13.973277960632904,14.088918771402641,13.973277960632904,13.982914924621582,6900,0.0,0.0
2025-10-08 00:00:00-04:00,14.021462355130089,14.088919267362527,14.021462355130089,14.031099319458008,5600,0.0,0.0
2025-10-09 00:00:00-04:00,14.040734785176552,14.07928172186558,13.992551803588867,13.992551803588867,27000,0.0,0.0
2025-10-10 00:00:00-04:00,14.06000796456141,14.127464870418319,14.0407340377272,14.069644927978516,12000,0.0,0.0
2025-10-13 00:00:00-04:00,14.069645219819058,14.146739090692195,14.060008256202059,14.137102127075195,14000,0.0,0.0
2025-10-14 00:00:00-04:00,14.156374391830838,14.243105221766154,14.079280525006421,14.214195251464844,60700,0.0,0.0
2025-10-15 00:00:00-04:00,14.306338911481111,14.316038346299818,14.18024903380497,14.199647903442383,49000,0.095,0.0
2025-10-16 00:00:00-04:00,14.199648084056523,14.28694022356816,14.180249214172363,14.180249214172363,22700,0.0,0.0
2025-10-17 00:00:00-04:00,14.189948684835272,14.219046064745733,14.083257675170898,14.083257675170898,24900,0.0,0.0
2025-10-20 00:00:00-04:00,14.383933119610237,14.383933119610237,14.083258028027647,14.14145278930664,18300,0.0,0.0
2025-10-21 00:00:00-04:00,14.151153003898857,14.20934776838296,14.09295731442565,14.112356185913086,27400,0.0,0.0
2025-10-22 00:00:00-04:00,14.083257678688573,14.083257678688573,13.928069494152954,14.034761428833008,116200,0.0,0.0
2025-10-23 00:00:00-04:00,14.015362743720202,14.015362743720202,13.889272862428552,13.966866493225098,50600,0.0,0.0
2025-10-24 00:00:00-04:00,13.966865360200824,14.00566217245181,13.937767982259825,13.9862642288208,59300,0.0,0.0
2025-10-27 00:00:00-04:00,13.986264973427096,14.06385860206003,13.976565538600724,14.00566291809082,32600,0.0,0.0
2025-10-28 00:00:00-04:00,14.063858421178322,14.063858421178322,14.005662737957595,14.02506160736084,32400,0.0,0.0
2025-10-29 00:00:00-04:00,14.054158419012786,14.092955231263772,13.966865360200824,13.9862642288208,52100,0.0,0.0
2025-10-30 00:00:00-04:00,14.00566270313856,14.228745075776246,14.00566270313856,14.170549392700195,60100,0.0,0.0
2025-10-31 00:00:00-04:00,14.306338699085801,14.306338699085801,14.160850878921208,14.267541885375977,21300,0.0,0.0
2025-11-03 00:00:00-05:00,14.25784245070127,14.267541885375977,14.209346202316738,14.267541885375977,8300,0.0,0.0
2025-11-04 00:00:00-05:00,14.267541887429598,14.267541887429598,14.160850880959472,14.219045639038086,11300,0.0,0.0
2025-11-05 00:00:00-05:00,14.228744686390064,14.257842064637304,14.180248439318678,14.209345817565918,18900,0.0,0.0
2025-11-06 00:00:00-05:00,14.2675420971953,14.2675420971953,14.160851089156571,14.199647903442383,13500,0.0,0.0
2025-11-07 00:00:00-05:00,14.180248862630773,14.180248862630773,13.976565358841734,14.02506160736084,60700,0.0,0.0
2025-11-10 00:00:00-05:00,14.044460107529474,14.17054998867306,14.044460107529474,14.16085147857666,21200,0.0,0.0
2025-11-11 00:00:00-05:00,14.160850316786151,14.296638696885726,14.092955201747397,14.228744506835938,24200,0.0,0.0
2025-11-12 00:00:00-05:00,14.306338879900718,14.32573774949531,14.160851057897334,14.248143196105957,23400,0.0,0.0
2025-11-13 00:00:00-05:00,14.17054882608686,14.24814245042632,14.160850316786151,14.228744506835938,19500,0.0,0.0
2025-11-14 00:00:00-05:00,14.184814043324193,14.370300780644902,14.057902310162158,14.145764350891113,42900,0.095,0.0
2025-11-17 00:00:00-05:00,14.223864284147373,14.233626940386563,14.028615814454321,14.106715202331543,45800,0.0,0.0
2025-11-18 00:00:00-05:00,14.155527630631914,14.233627018940156,14.09695262389166,14.204339981079102,23700,0.0,0.0
2025-11-19 00:00:00-05:00,14.116477206355901,14.301963011239879,14.116477206355901,14.136001586914062,12000,0.0,0.0
2025-11-20 00:00:00-05:00,14.136002183790257,14.292201889941394,14.0090913772583,14.0090913772583,37900,0.0,0.0
2025-11-21 00:00:00-05:00,14.00909007669538,14.06766414642334,13.911465385791377,14.06766414642334,35000,0.0,0.0
2025-11-24 00:00:00-05:00,14.057902852153743,14.15552755250934,14.057902852153743,14.106715202331543,39700,0.0,0.0
2025-11-25 00:00:00-05:00,14.067665073468154,14.194576807599491,13.970041307148897,14.155527114868164,22000,0.0,0.0
2025-11-26 00:00:00-05:00,14.204339196219411,14.311725616455078,14.07742746447648,14.311725616455078,34500,0.0,0.0
2025-11-28 00:00:00-05:00,14.37030154676824,14.448400935798109,14.165290417810295,14.399588584899902,36300,0.0,0.0
2025-12-01 00:00:00-05:00,14.399588146695596,14.399588146695596,14.165289986736086,14.175052642822266,28000,0.0,0.0
2025-12-02 00:00:00-05:00,14.204338833189366,14.243388524187779,13.960278031694767,14.096951484680176,61100,0.0,0.0
2025-12-03 00:00:00-05:00,14.136002075195021,14.272676467895508,14.136002075195021,14.272676467895508,23900,0.0,0.0
2025-12-04 00:00:00-05:00,14.214101551404045,14.292200933745436,14.116476857968271,14.282438278198242,11600,0.0,0.0
2025-12-05 00:00:00-05:00,14.331251036259534,14.389825109187763,14.204339303557568,14.321488380432129,11400,0.0,0.0
2025-12-08 00:00:00-05:00,14.292201451822974,14.360538181094306,14.184814098947324,14.33125114440918,22000,0.0,0.0
2025-12-09 00:00:00-05:00,14.292201780146204,14.360538510987382,14.20433973705433,14.272676467895508,9500,0.0,0.0
2025-12-10 00:00:00-05:00,14.253152301776995,14.399588421794768,14.253152301776995,14.29220199584961,23700,0.0,0.0
2025-12-11 00:00:00-05:00,14.253151651676493,14.350775416896242,14.253151651676493,14.321488380432129,6100,0.0,0.0
2025-12-12 00:00:00-05:00,14.282438580212277,14.44840000395164,14.194576540465778,14.311725616455078,34000,0.0,0.0
2025-12-15 00:00:00-05:00,14.247856766671498,14.355943618583252,14.179074309735899,14.238030433654785,20000,0.095,0.0
2025-12-16 00:00:00-05:00,14.238030433654785,14.238030433654785,14.19872603867863,14.238030433654785,36100,0.0,0.0
2025-12-17 00:00:00-05:00,14.23802946681808,14.23802946681808,14.188898742161445,14.208551406860352,39700,0.0,0.0
2025-12-18 00:00:00-05:00,14.169247341227251,14.238029795077951,14.169247341227251,14.218378067016602,46400,0.0,0.0
2025-12-19 00:00:00-05:00,14.238030461341756,14.267509460449219,14.080812881131413,14.267509460449219,29700,0.0,0.0
2025-12-22 00:00:00-05:00,14.20855170533391,14.267508763578487,14.149594647089334,14.188899040222168,65400,0.0,0.0
2025-12-23 00:00:00-05:00,14.257681788419696,14.257681788419696,14.120115950109632,14.169246673583984,47400,0.0,0.0
2025-12-24 00:00:00-05:00,14.051335018481927,14.149595538962213,14.051335018481927,14.0709867477417,33400,0.0,0.0
2025-12-26 00:00:00-05:00,14.051335018481927,14.100465747267425,14.00220428969643,14.0709867477417,60600,0.0,0.0
2025-12-29 00:00:00-05:00,14.070985439320284,14.100464436104838,13.972724927976966,14.002202987670898,68900,0.0,0.0
2025-12-30 00:00:00-05:00,14.031682014465332,14.080812742068522,14.002203952739693,14.031682014465332,65900,0.0,0.0
2025-12-31 00:00:00-05:00,14.031682042384784,14.100465436002384,14.031682042384784,14.061161041259766,72400,0.0,0.0
2026-01-02 00:00:00-05:00,14.100465458642482,14.179074248253936,14.061161063836755,14.1201171875,19400,0.0,0.0
2026-01-05 00:00:00-05:00,14.208552349327588,14.208552349327588,14.13976989250027,14.17907428741455,8000,0.0,0.0
2026-01-06 00:00:00-05:00,14.198725074510898,14.228203134468627,14.080811897589353,14.208551406860352,39000,0.0,0.0
2026-01-07 00:00:00-05:00,14.23802980755211,14.267508805305937,14.208551746888933,14.247856140136719,38300,0.0,0.0
2026-01-08 00:00:00-05:00,14.257682431022616,14.277334159043708,14.159420979645205,14.188899040222168,30300,0.0,0.0
2026-01-09 00:00:00-05:00,14.139770249800366,14.346118562587261,14.139770249800366,14.277335166931152,19500,0.0,0.0
2026-01-12 00:00:00-05:00,14.306813877678048,14.355943668751912,14.257683149513486,14.326465606689453,39900,0.0,0.0
2026-01-13 00:00:00-05:00,14.355942428369364,14.405073152288931,14.336290701055907,14.375595092773438,13900,0.0,0.0
2026-01-14 00:00:00-05:00,14.38542240252048,14.444378525557763,14.336291675262288,14.434552192687988,17200,0.0,0.0
2026-01-15 00:00:00-05:00,14.463221683468014,14.532423398854087,14.463221683468014,14.502765655517578,13800,0.089,0.0
2026-01-16 00:00:00-05:00,14.502765849508666,14.571967565820394,14.443449419239561,14.562081336975098,10300,0.0,0.0
2026-01-20 00:00:00-05:00,14.56208162986989,14.56208162986989,14.364361763000488,14.364361763000488,28900,0.0,0.0
2026-01-21 00:00:00-05:00,14.463221929938102,14.532423646503455,14.384133984491221,14.433564186096191,8500,0.0,0.0
2026-01-22 00:00:00-05:00,14.453335052387787,14.453335052387787,14.384133338928223,14.384133338928223,14500,0.0,0.0
2026-01-23 00:00:00-05:00,14.542309741210447,14.542309741210447,14.384133851776092,14.394020080566406,21600,0.0,0.0
2026-01-26 00:00:00-05:00,14.34458980754468,14.502765696186502,14.285273377902662,14.374247550964355,29000,0.0,0.0
2026-01-27 00:00:00-05:00,14.492879467445723,14.571967411766634,14.374247550964355,14.374247550964355,15400,0.0,0.0
2026-01-28 00:00:00-05:00,14.41379148270539,14.562081142190596,14.403905253992333,14.502765655517578,13500,0.0,0.0
2026-01-29 00:00:00-05:00,14.522537322849777,14.740029642810716,14.522537322849777,14.69059944152832,35300,0.0,0.0
2026-01-30 00:00:00-05:00,14.749915501999393,14.829003444948238,14.61151113043759,14.720257759094238,14100,0.0,0.0
2026-02-02 00:00:00-05:00,14.73014381105504,14.829004216284684,14.73014381105504,14.809231758117676,20200,0.0,0.0
2026-02-03 00:00:00-05:00,14.809231758117676,14.937749907795133,14.720258524774234,14.809231758117676,37000,0.0,0.0
2026-02-04 00:00:00-05:00,14.81911741254965,15.04649595863953,14.71037172525611,14.779573440551758,28700,0.0,0.0
2026-02-05 00:00:00-05:00,14.819117444377271,15.05638127687421,14.809231215655899,14.927864074707031,22500,0.0,0.0
2026-02-06 00:00:00-05:00,14.927864074707031,14.937749360625741,14.809231215655899,14.927864074707031,20500,0.0,0.0
2026-02-09 00:00:00-05:00,14.927864002452019,15.016837232105718,14.8883200305606,14.90809154510498,7500,0.0,0.0
2026-02-10 00:00:00-05:00,15.026723348655905,15.026723348655905,14.829003490674113,15.016837120056152,7700,0.0,0.0
2026-02-11 00:00:00-05:00,15.016838144783769,15.046496832606893,14.84877696113298,15.03661060333252,20200,0.0,0.0
2026-02-12 00:00:00-05:00,15.056381544647218,15.105811746330513,14.927864340194402,15.006952285766602,16600,0.0,0.0
2026-02-13 00:00:00-05:00,15.105399325020823,15.155121041165746,15.0457340243372,15.085511207580566,11500,0.089,0.0
2026-02-17 00:00:00-05:00,15.14517669932684,15.18495483143488,15.055678747172351,15.16506576538086,19800,0.0,0.0
2026-02-18 00:00:00-05:00,15.194898793679766,15.562837989556318,15.0556791212936,15.274453163146973,95900,0.0,0.0
2026-02-19 00:00:00-05:00,15.274452974271739,15.274452974271739,15.175010487848825,15.244620323181152,7900,0.0,0.0
2026-02-20 00:00:00-05:00,15.334118653091084,15.552893632445187,15.135232739297738,15.304286003112793,51300,0.0,0.0
2026-02-23 00:00:00-05:00,15.344063181238576,15.56283721216378,15.115343669173154,15.204842567443848,61700,0.0,0.0
2026-02-24 00:00:00-05:00,15.244620134959012,15.602614788714597,14.777237514617072,15.513116836547852,100400,0.0,0.0
2026-02-25 00:00:00-05:00,15.51311683651434,15.950666806133087,15.373896219206037,15.761724472045898,473500,0.0,0.0
2026-02-26 00:00:00-05:00,15.761724468865689,15.940722269888411,15.662281035327982,15.861166954040527,20100,0.0,0.0
2026-02-27 00:00:00-05:00,15.890999416454829,15.930777548088852,15.612559133556672,15.88105583190918,43800,0.0,0.0
2026-03-02 00:00:00-05:00,15.900944332007311,16.268884471573358,15.622504042408703,15.841279029846191,89300,0.0,0.0
2026-03-03 00:00:00-05:00,15.861167150850942,15.861167150850942,15.53300514381259,15.592671394348145,28200,0.0,0.0
2026-03-04 00:00:00-05:00,15.592671014802232,15.731890682058273,15.592671014802232,15.682169914245605,4500,0.0,0.0
2026-03-05 00:00:00-05:00,15.692113301836503,15.692113301836503,15.443505672442047,15.503171920776367,15900,0.0,0.0
2026-03-06 00:00:00-05:00,15.503171918486009,15.612558933992785,15.443505670160501,15.453450202941895,12900,0.0,0.0
2026-03-09 00:00:00-04:00,15.572782522305653,15.572782522305653,15.334119413912076,15.42361831665039,15300,0.0,0.0
2026-03-10 00:00:00-04:00,15.443506237846506,15.890999797467211,15.373896402543673,15.692113876342773,63400,0.0,0.0
2026-03-11 00:00:00-04:00,15.771668440066398,15.851222809501161,15.433562844150105,15.572782516479492,26000,0.0,0.0
2026-03-12 00:00:00-04:00,15.652336503349943,16.159496307373047,15.493227768369252,15.910888671875,73000,0.0,0.0
2026-03-13 00:00:00-04:00,15.88105620922445,16.020276828162675,15.731891057141448,15.890999794006348,12900,0.0,0.0
2026-03-16 00:00:00-04:00,15.979999542236328,16.139999389648438,15.5,15.5600004196167,27500,0.089,0.0
2026-03-17 00:00:00-04:00,15.949999809265137,15.949999809265137,15.350000381469727,15.529999732971191,5300,0.0,0.0
2026-03-18 00:00:00-04:00,15.949999809265137,15.949999809265137,15.399999618530273,15.40999984741211,1800,0.0,0.0
2026-03-19 00:00:00-04:00,15.4399995803833,15.470000267028809,15.140000343322754,15.34000015258789,20000,0.0,0.0
2026-03-20 00:00:00-04:00,15.380000114440918,15.380000114440918,15.119999885559082,15.260000228881836,13700,0.0,0.0
2026-03-23 00:00:00-04:00,15.6899995803833,15.6899995803833,15.210000038146973,15.350000381469727,23000,0.0,0.0
2026-03-24 00:00:00-04:00,15.449999809265137,15.449999809265137,15.029999732971191,15.029999732971191,3000,0.0,0.0
2026-03-25 00:00:00-04:00,15.079999923706055,15.319999694824219,15.069999694824219,15.069999694824219,4600,0.0,0.0
2026-03-26 00:00:00-04:00,15.069999694824219,15.119999885559082,14.770000457763672,14.789999961853027,1000,0.0,0.0
2026-03-27 00:00:00-04:00,14.75,15.130000114440918,14.65999984741211,14.949999809265137,14100,0.0,0.0
2026-03-30 00:00:00-04:00,15.1899995803833,15.1899995803833,14.760000228881836,14.84000015258789,9600,0.0,0.0
2026-03-31 00:00:00-04:00,15.65999984741211,15.65999984741211,14.90999984741211,15.0600004196167,17800,0.0,0.0
2026-04-01 00:00:00-04:00,15.079999923706055,15.239999771118164,15.0,15.09000015258789,13800,0.0,0.0
2026-04-02 00:00:00-04:00,15.069999694824219,15.109999656677246,14.90999984741211,14.970000267028809,4200,0.0,0.0
2026-04-06 00:00:00-04:00,15.140000343322754,15.140000343322754,14.859999656677246,14.920000076293945,3100,0.0,0.0
2026-04-07 00:00:00-04:00,14.920000076293945,15.149999618530273,14.84000015258789,14.899999618530273,11200,0.0,0.0
2026-04-08 00:00:00-04:00,15.300000190734863,15.890000343322754,14.970000267028809,15.850000381469727,180700,0.0,0.0
2026-04-09 00:00:00-04:00,15.819999694824219,15.699999809265137,15.600099563598633,15.699999809265137,11962,0.0,0.0
