Date,Open,High,Low,Close,Volume,Dividends,Stock Splits
2022-01-03 00:00:00-05:00,321.6000061035156,334.79998779296875,301.20001220703125,330.0,7558,0.0,0.0
2022-01-04 00:00:00-05:00,326.3999938964844,330.0,298.79998779296875,303.6000061035156,4241,0.0,0.0
2022-01-05 00:00:00-05:00,315.6000061035156,327.6000061035156,272.3999938964844,280.79998779296875,10105,0.0,0.0
2022-01-06 00:00:00-05:00,276.0,297.6000061035156,270.0,289.20001220703125,4502,0.0,0.0
2022-01-07 00:00:00-05:00,282.0,294.0,270.0,273.6000061035156,2512,0.0,0.0
2022-01-10 00:00:00-05:00,270.0,270.0,225.60000610351562,236.39999389648438,14303,0.0,0.0
2022-01-11 00:00:00-05:00,230.39999389648438,252.0,222.0,246.0,6279,0.0,0.0
2022-01-12 00:00:00-05:00,244.8000030517578,254.39999389648438,234.0,247.1999969482422,4268,0.0,0.0
2022-01-13 00:00:00-05:00,249.60000610351562,250.8000030517578,222.0,224.39999389648438,3280,0.0,0.0
2022-01-14 00:00:00-05:00,217.1999969482422,235.1999969482422,208.8000030517578,214.8000030517578,5173,0.0,0.0
2022-01-18 00:00:00-05:00,212.39999389648438,236.39999389648438,198.0,228.0,5582,0.0,0.0
2022-01-19 00:00:00-05:00,228.0,243.60000610351562,217.1999969482422,243.60000610351562,3684,0.0,0.0
2022-01-20 00:00:00-05:00,246.0,253.1999969482422,220.8000030517578,225.60000610351562,4948,0.0,0.0
2022-01-21 00:00:00-05:00,216.0,225.60000610351562,200.39999389648438,206.39999389648438,2878,0.0,0.0
2022-01-24 00:00:00-05:00,193.1999969482422,198.0,176.39999389648438,198.0,4068,0.0,0.0
2022-01-25 00:00:00-05:00,189.60000610351562,200.39999389648438,186.0,198.0,1298,0.0,0.0
2022-01-26 00:00:00-05:00,207.60000610351562,212.39999389648438,193.1999969482422,196.8000030517578,3853,0.0,0.0
2022-01-27 00:00:00-05:00,204.0,204.0,181.1999969482422,184.8000030517578,1415,0.0,0.0
2022-01-28 00:00:00-05:00,181.1999969482422,194.39999389648438,177.60000610351562,192.0,2044,0.0,0.0
2022-01-31 00:00:00-05:00,192.0,211.1999969482422,190.8000030517578,210.0,1337,0.0,0.0
2022-02-01 00:00:00-05:00,212.39999389648438,222.0,202.8000030517578,217.1999969482422,1219,0.0,0.0
2022-02-02 00:00:00-05:00,216.0,216.0,198.0,205.1999969482422,672,0.0,0.0
2022-02-03 00:00:00-05:00,198.0,204.0,189.60000610351562,190.8000030517578,1053,0.0,0.0
2022-02-04 00:00:00-05:00,192.0,193.1999969482422,175.1999969482422,190.8000030517578,3247,0.0,0.0
2022-02-07 00:00:00-05:00,199.1999969482422,205.1999969482422,193.1999969482422,200.39999389648438,2088,0.0,0.0
2022-02-08 00:00:00-05:00,200.39999389648438,207.60000610351562,187.1999969482422,207.60000610351562,1998,0.0,0.0
2022-02-09 00:00:00-05:00,216.0,222.0,202.8000030517578,218.39999389648438,2028,0.0,0.0
2022-02-10 00:00:00-05:00,217.1999969482422,226.8000030517578,204.0,216.0,1343,0.0,0.0
2022-02-11 00:00:00-05:00,213.60000610351562,225.60000610351562,195.60000610351562,198.0,1958,0.0,0.0
2022-02-14 00:00:00-05:00,198.0,217.1999969482422,192.0,199.1999969482422,1007,0.0,0.0
2022-02-15 00:00:00-05:00,200.39999389648438,216.0,196.8000030517578,212.39999389648438,729,0.0,0.0
2022-02-16 00:00:00-05:00,211.1999969482422,214.8000030517578,204.0,212.39999389648438,387,0.0,0.0
2022-02-17 00:00:00-05:00,206.39999389648438,211.1999969482422,193.1999969482422,199.1999969482422,503,0.0,0.0
2022-02-18 00:00:00-05:00,195.60000610351562,204.0,187.1999969482422,196.8000030517578,1474,0.0,0.0
2022-02-22 00:00:00-05:00,193.1999969482422,199.1999969482422,178.8000030517578,178.8000030517578,1085,0.0,0.0
2022-02-23 00:00:00-05:00,186.0,189.60000610351562,175.1999969482422,182.39999389648438,1093,0.0,0.0
2022-02-24 00:00:00-05:00,157.1999969482422,184.8000030517578,154.8000030517578,180.0,1792,0.0,0.0
2022-02-25 00:00:00-05:00,177.60000610351562,184.8000030517578,171.60000610351562,183.60000610351562,568,0.0,0.0
2022-02-28 00:00:00-05:00,178.8000030517578,189.60000610351562,172.8000030517578,175.1999969482422,1303,0.0,0.0
2022-03-01 00:00:00-05:00,183.60000610351562,187.1999969482422,175.1999969482422,181.1999969482422,1192,0.0,0.0
2022-03-02 00:00:00-05:00,178.8000030517578,189.60000610351562,174.0,186.0,637,0.0,0.0
2022-03-03 00:00:00-05:00,184.8000030517578,201.60000610351562,175.1999969482422,196.8000030517578,2998,0.0,0.0
2022-03-04 00:00:00-05:00,193.1999969482422,193.1999969482422,175.1999969482422,178.8000030517578,1983,0.0,0.0
2022-03-07 00:00:00-05:00,171.60000610351562,178.8000030517578,169.1999969482422,171.60000610351562,1455,0.0,0.0
2022-03-08 00:00:00-05:00,169.1999969482422,169.1999969482422,151.1999969482422,156.0,2198,0.0,0.0
2022-03-09 00:00:00-05:00,156.0,168.0,156.0,165.60000610351562,1150,0.0,0.0
2022-03-10 00:00:00-05:00,164.39999389648438,165.60000610351562,157.1999969482422,160.8000030517578,858,0.0,0.0
2022-03-11 00:00:00-05:00,165.60000610351562,165.60000610351562,157.1999969482422,162.0,981,0.0,0.0
2022-03-14 00:00:00-04:00,164.39999389648438,164.39999389648438,139.1999969482422,151.1999969482422,1192,0.0,0.0
2022-03-15 00:00:00-04:00,146.39999389648438,151.1999969482422,123.5999984741211,136.8000030517578,8104,0.0,0.0
2022-03-16 00:00:00-04:00,140.39999389648438,156.0,139.1999969482422,152.39999389648438,1267,0.0,0.0
2022-03-17 00:00:00-04:00,151.1999969482422,160.8000030517578,142.8000030517578,159.60000610351562,1954,0.0,0.0
2022-03-18 00:00:00-04:00,160.8000030517578,180.0,159.60000610351562,174.0,4369,0.0,0.0
2022-03-21 00:00:00-04:00,174.0,174.0,158.39999389648438,164.39999389648438,1076,0.0,0.0
2022-03-22 00:00:00-04:00,160.8000030517578,183.60000610351562,158.39999389648438,174.0,4489,0.0,0.0
2022-03-23 00:00:00-04:00,168.0,177.60000610351562,163.1999969482422,165.60000610351562,877,0.0,0.0
2022-03-24 00:00:00-04:00,166.8000030517578,176.39999389648438,163.1999969482422,164.39999389648438,805,0.0,0.0
2022-03-25 00:00:00-04:00,162.0,166.8000030517578,158.39999389648438,162.0,1371,0.0,0.0
2022-03-28 00:00:00-04:00,160.8000030517578,164.39999389648438,158.39999389648438,162.0,307,0.0,0.0
2022-03-29 00:00:00-04:00,165.60000610351562,189.60000610351562,165.60000610351562,187.1999969482422,7481,0.0,0.0
2022-03-30 00:00:00-04:00,192.0,192.0,176.39999389648438,177.60000610351562,1303,0.0,0.0
2022-03-31 00:00:00-04:00,176.39999389648438,183.60000610351562,172.8000030517578,172.8000030517578,605,0.0,0.0
2022-04-01 00:00:00-04:00,172.8000030517578,183.60000610351562,165.60000610351562,177.60000610351562,771,0.0,0.0
2022-04-04 00:00:00-04:00,172.8000030517578,184.8000030517578,172.8000030517578,180.0,451,0.0,0.0
2022-04-05 00:00:00-04:00,184.8000030517578,184.8000030517578,168.0,175.1999969482422,858,0.0,0.0
2022-04-06 00:00:00-04:00,168.0,174.0,156.0,164.39999389648438,585,0.0,0.0
2022-04-07 00:00:00-04:00,165.60000610351562,177.60000610351562,158.39999389648438,166.8000030517578,543,0.0,0.0
2022-04-08 00:00:00-04:00,164.39999389648438,165.60000610351562,156.0,162.0,581,0.0,0.0
2022-04-11 00:00:00-04:00,157.1999969482422,157.1999969482422,144.0,150.0,409,0.0,0.0
2022-04-12 00:00:00-04:00,164.39999389648438,164.39999389648438,151.1999969482422,154.8000030517578,413,0.0,0.0
2022-04-13 00:00:00-04:00,150.0,157.1999969482422,146.39999389648438,152.39999389648438,718,0.0,0.0
2022-04-14 00:00:00-04:00,148.8000030517578,152.39999389648438,142.8000030517578,150.0,1093,0.0,0.0
2022-04-18 00:00:00-04:00,145.1999969482422,150.0,133.1999969482422,135.60000610351562,1628,0.0,0.0
2022-04-19 00:00:00-04:00,134.39999389648438,145.1999969482422,134.39999389648438,140.39999389648438,513,0.0,0.0
2022-04-20 00:00:00-04:00,144.0,144.0,135.60000610351562,136.8000030517578,378,0.0,0.0
2022-04-21 00:00:00-04:00,142.8000030517578,144.0,132.0,132.0,504,0.0,0.0
2022-04-22 00:00:00-04:00,132.0,135.60000610351562,124.80000305175781,132.0,910,0.0,0.0
2022-04-25 00:00:00-04:00,133.1999969482422,135.60000610351562,126.0,134.39999389648438,762,0.0,0.0
2022-04-26 00:00:00-04:00,133.1999969482422,138.0,123.5999984741211,129.60000610351562,1030,0.0,0.0
2022-04-27 00:00:00-04:00,123.5999984741211,133.1999969482422,123.5999984741211,129.60000610351562,583,0.0,0.0
2022-04-28 00:00:00-04:00,134.39999389648438,136.8000030517578,124.80000305175781,128.39999389648438,494,0.0,0.0
2022-04-29 00:00:00-04:00,126.0,128.39999389648438,121.19999694824219,123.5999984741211,643,0.0,0.0
2022-05-02 00:00:00-04:00,121.19999694824219,126.0,118.80000305175781,121.19999694824219,597,0.0,0.0
2022-05-03 00:00:00-04:00,118.80000305175781,132.0,110.4000015258789,127.19999694824219,1803,0.0,0.0
2022-05-04 00:00:00-04:00,127.19999694824219,134.39999389648438,123.5999984741211,133.1999969482422,198,0.0,0.0
2022-05-05 00:00:00-04:00,128.39999389648438,133.1999969482422,126.0,126.0,703,0.0,0.0
2022-05-06 00:00:00-04:00,124.80000305175781,127.19999694824219,114.0,122.4000015258789,1050,0.0,0.0
2022-05-09 00:00:00-04:00,120.0,122.4000015258789,105.5999984741211,106.80000305175781,1548,0.0,0.0
2022-05-10 00:00:00-04:00,106.80000305175781,110.4000015258789,91.19999694824219,100.80000305175781,1018,0.0,0.0
2022-05-11 00:00:00-04:00,97.19999694824219,99.5999984741211,84.0,91.19999694824219,1259,0.0,0.0
2022-05-12 00:00:00-04:00,90.0,94.80000305175781,85.19999694824219,88.80000305175781,308,0.0,0.0
2022-05-13 00:00:00-04:00,87.5999984741211,109.19999694824219,87.5999984741211,102.0,575,0.0,0.0
2022-05-16 00:00:00-04:00,114.0,114.0,102.0,102.0,1198,0.0,0.0
2022-05-17 00:00:00-04:00,108.0,111.5999984741211,97.19999694824219,105.5999984741211,763,0.0,0.0
2022-05-18 00:00:00-04:00,94.80000305175781,105.5999984741211,94.80000305175781,103.19999694824219,574,0.0,0.0
2022-05-19 00:00:00-04:00,100.80000305175781,120.0,94.80000305175781,118.80000305175781,979,0.0,0.0
2022-05-20 00:00:00-04:00,117.5999984741211,117.5999984741211,106.80000305175781,112.80000305175781,787,0.0,0.0
2022-05-23 00:00:00-04:00,114.0,114.0,106.80000305175781,112.80000305175781,204,0.0,0.0
2022-05-24 00:00:00-04:00,106.80000305175781,112.80000305175781,102.0,108.0,155,0.0,0.0
2022-05-25 00:00:00-04:00,110.4000015258789,112.80000305175781,104.4000015258789,108.0,140,0.0,0.0
2022-05-26 00:00:00-04:00,108.0,110.4000015258789,102.0,108.0,241,0.0,0.0
2022-05-27 00:00:00-04:00,102.0,109.19999694824219,102.0,104.4000015258789,209,0.0,0.0
2022-05-31 00:00:00-04:00,108.0,110.4000015258789,102.0,104.4000015258789,84,0.0,0.0
2022-06-01 00:00:00-04:00,104.4000015258789,108.0,97.19999694824219,98.4000015258789,347,0.0,0.0
2022-06-02 00:00:00-04:00,102.0,105.5999984741211,98.4000015258789,104.4000015258789,273,0.0,0.0
2022-06-03 00:00:00-04:00,98.4000015258789,100.80000305175781,90.0,98.4000015258789,335,0.0,0.0
2022-06-06 00:00:00-04:00,98.4000015258789,129.60000610351562,97.19999694824219,116.4000015258789,3685,0.0,0.0
2022-06-07 00:00:00-04:00,121.19999694824219,121.19999694824219,109.19999694824219,112.80000305175781,761,0.0,0.0
2022-06-08 00:00:00-04:00,114.0,116.4000015258789,106.80000305175781,115.19999694824219,516,0.0,0.0
2022-06-09 00:00:00-04:00,109.19999694824219,154.8000030517578,109.19999694824219,121.19999694824219,7553,0.0,0.0
2022-06-10 00:00:00-04:00,130.8000030517578,130.8000030517578,109.19999694824219,120.0,5757,0.0,0.0
2022-06-13 00:00:00-04:00,108.0,114.0,104.4000015258789,109.19999694824219,553,0.0,0.0
2022-06-14 00:00:00-04:00,109.19999694824219,114.0,105.5999984741211,110.4000015258789,259,0.0,0.0
2022-06-15 00:00:00-04:00,110.4000015258789,110.4000015258789,103.19999694824219,106.80000305175781,172,0.0,0.0
2022-06-16 00:00:00-04:00,106.80000305175781,106.80000305175781,98.4000015258789,100.80000305175781,229,0.0,0.0
2022-06-17 00:00:00-04:00,103.19999694824219,106.80000305175781,97.19999694824219,102.0,212,0.0,0.0
2022-06-21 00:00:00-04:00,104.4000015258789,108.0,98.4000015258789,102.0,264,0.0,0.0
2022-06-22 00:00:00-04:00,108.0,108.0,100.80000305175781,103.19999694824219,146,0.0,0.0
2022-06-23 00:00:00-04:00,108.0,114.0,100.80000305175781,114.0,813,0.0,0.0
2022-06-24 00:00:00-04:00,120.0,126.0,112.80000305175781,118.80000305175781,2590,0.0,0.0
2022-06-27 00:00:00-04:00,118.80000305175781,118.80000305175781,112.80000305175781,116.4000015258789,586,0.0,0.0
2022-06-28 00:00:00-04:00,114.0,120.0,111.5999984741211,116.4000015258789,167,0.0,0.0
2022-06-29 00:00:00-04:00,105.5999984741211,115.19999694824219,105.5999984741211,108.0,144,0.0,0.0
2022-06-30 00:00:00-04:00,108.0,109.19999694824219,104.4000015258789,108.0,241,0.0,0.0
2022-07-01 00:00:00-04:00,108.0,109.19999694824219,103.19999694824219,106.80000305175781,350,0.0,0.0
2022-07-05 00:00:00-04:00,105.5999984741211,114.0,103.19999694824219,114.0,1157,0.0,0.0
2022-07-06 00:00:00-04:00,111.5999984741211,114.0,108.0,112.80000305175781,307,0.0,0.0
2022-07-07 00:00:00-04:00,110.4000015258789,130.8000030517578,110.4000015258789,122.4000015258789,2041,0.0,0.0
2022-07-08 00:00:00-04:00,122.4000015258789,128.39999389648438,118.80000305175781,123.5999984741211,593,0.0,0.0
2022-07-11 00:00:00-04:00,123.5999984741211,129.60000610351562,117.5999984741211,128.39999389648438,389,0.0,0.0
2022-07-12 00:00:00-04:00,122.4000015258789,126.0,117.5999984741211,121.19999694824219,231,0.0,0.0
2022-07-13 00:00:00-04:00,115.19999694824219,122.4000015258789,114.0,122.4000015258789,171,0.0,0.0
2022-07-14 00:00:00-04:00,121.19999694824219,122.4000015258789,115.19999694824219,122.4000015258789,103,0.0,0.0
2022-07-15 00:00:00-04:00,117.5999984741211,121.19999694824219,112.80000305175781,116.4000015258789,146,0.0,0.0
2022-07-18 00:00:00-04:00,116.4000015258789,122.4000015258789,112.80000305175781,112.80000305175781,566,0.0,0.0
2022-07-19 00:00:00-04:00,120.0,120.0,110.4000015258789,116.4000015258789,345,0.0,0.0
2022-07-20 00:00:00-04:00,114.0,118.80000305175781,111.5999984741211,116.4000015258789,282,0.0,0.0
2022-07-21 00:00:00-04:00,118.80000305175781,120.0,114.0,118.80000305175781,198,0.0,0.0
2022-07-22 00:00:00-04:00,120.0,129.60000610351562,114.0,120.0,2073,0.0,0.0
2022-07-25 00:00:00-04:00,114.0,120.0,110.4000015258789,118.80000305175781,573,0.0,0.0
2022-07-26 00:00:00-04:00,117.5999984741211,117.5999984741211,105.5999984741211,108.0,775,0.0,0.0
2022-07-27 00:00:00-04:00,110.4000015258789,122.4000015258789,104.4000015258789,115.19999694824219,1180,0.0,0.0
2022-07-28 00:00:00-04:00,118.80000305175781,120.0,104.4000015258789,111.5999984741211,518,0.0,0.0
2022-07-29 00:00:00-04:00,111.5999984741211,116.4000015258789,109.19999694824219,116.4000015258789,122,0.0,0.0
2022-08-01 00:00:00-04:00,110.4000015258789,116.4000015258789,109.19999694824219,111.5999984741211,270,0.0,0.0
2022-08-02 00:00:00-04:00,109.19999694824219,115.19999694824219,109.19999694824219,111.5999984741211,169,0.0,0.0
2022-08-03 00:00:00-04:00,115.19999694824219,121.19999694824219,111.5999984741211,115.19999694824219,968,0.0,0.0
2022-08-04 00:00:00-04:00,121.19999694824219,122.4000015258789,115.19999694824219,116.4000015258789,811,0.0,0.0
2022-08-05 00:00:00-04:00,115.19999694824219,134.39999389648438,115.19999694824219,121.19999694824219,3807,0.0,0.0
2022-08-08 00:00:00-04:00,126.0,129.60000610351562,117.5999984741211,120.0,1459,0.0,0.0
2022-08-09 00:00:00-04:00,120.0,122.4000015258789,117.5999984741211,117.5999984741211,430,0.0,0.0
2022-08-10 00:00:00-04:00,117.5999984741211,129.60000610351562,117.5999984741211,122.4000015258789,830,0.0,0.0
2022-08-11 00:00:00-04:00,129.60000610351562,144.0,126.0,140.39999389648438,3205,0.0,0.0
2022-08-12 00:00:00-04:00,138.0,164.39999389648438,132.0,150.0,2955,0.0,0.0
2022-08-15 00:00:00-04:00,152.39999389648438,153.60000610351562,142.8000030517578,146.39999389648438,328,0.0,0.0
2022-08-16 00:00:00-04:00,146.39999389648438,152.39999389648438,132.0,151.1999969482422,1943,0.0,0.0
2022-08-17 00:00:00-04:00,154.8000030517578,168.0,153.60000610351562,166.8000030517578,1329,0.0,0.0
2022-08-18 00:00:00-04:00,160.8000030517578,166.8000030517578,153.60000610351562,156.0,618,0.0,0.0
2022-08-19 00:00:00-04:00,157.1999969482422,163.1999969482422,146.39999389648438,153.60000610351562,360,0.0,0.0
2022-08-22 00:00:00-04:00,156.0,156.0,142.8000030517578,144.0,617,0.0,0.0
2022-08-23 00:00:00-04:00,141.60000610351562,148.8000030517578,140.39999389648438,144.0,700,0.0,0.0
2022-08-24 00:00:00-04:00,141.60000610351562,150.0,141.60000610351562,144.0,286,0.0,0.0
2022-08-25 00:00:00-04:00,144.0,147.60000610351562,142.8000030517578,144.0,163,0.0,0.0
2022-08-26 00:00:00-04:00,144.0,146.39999389648438,134.39999389648438,140.39999389648438,746,0.0,0.0
2022-08-29 00:00:00-04:00,141.60000610351562,141.60000610351562,126.0,132.0,931,0.0,0.0
2022-08-30 00:00:00-04:00,138.0,140.39999389648438,129.60000610351562,134.39999389648438,1285,0.0,0.0
2022-08-31 00:00:00-04:00,140.39999389648438,140.39999389648438,130.8000030517578,134.39999389648438,662,0.0,0.0
2022-09-01 00:00:00-04:00,134.39999389648438,136.8000030517578,110.4000015258789,121.19999694824219,2690,0.0,0.0
2022-09-02 00:00:00-04:00,117.5999984741211,127.19999694824219,117.5999984741211,120.0,878,0.0,0.0
2022-09-06 00:00:00-04:00,123.5999984741211,123.5999984741211,106.80000305175781,114.0,2224,0.0,0.0
2022-09-07 00:00:00-04:00,114.0,118.80000305175781,110.4000015258789,114.0,1532,0.0,0.0
2022-09-08 00:00:00-04:00,122.4000015258789,129.60000610351562,115.19999694824219,123.5999984741211,2658,0.0,0.0
2022-09-09 00:00:00-04:00,120.0,146.39999389648438,118.80000305175781,140.39999389648438,3731,0.0,0.0
2022-09-12 00:00:00-04:00,145.1999969482422,148.8000030517578,138.0,144.0,1724,0.0,0.0
2022-09-13 00:00:00-04:00,142.8000030517578,142.8000030517578,138.0,140.39999389648438,643,0.0,0.0
2022-09-14 00:00:00-04:00,140.39999389648438,145.1999969482422,136.8000030517578,141.60000610351562,861,0.0,0.0
2022-09-15 00:00:00-04:00,145.1999969482422,145.1999969482422,141.60000610351562,141.60000610351562,619,0.0,0.0
2022-09-16 00:00:00-04:00,138.0,140.39999389648438,132.0,136.8000030517578,673,0.0,0.0
2022-09-19 00:00:00-04:00,133.1999969482422,139.1999969482422,128.39999389648438,129.60000610351562,574,0.0,0.0
2022-09-20 00:00:00-04:00,138.0,141.60000610351562,132.0,134.39999389648438,458,0.0,0.0
2022-09-21 00:00:00-04:00,130.8000030517578,132.0,121.19999694824219,122.4000015258789,1045,0.0,0.0
2022-09-22 00:00:00-04:00,122.4000015258789,123.5999984741211,118.80000305175781,120.0,474,0.0,0.0
2022-09-23 00:00:00-04:00,120.0,120.0,115.19999694824219,116.4000015258789,823,0.0,0.0
2022-09-26 00:00:00-04:00,116.4000015258789,123.5999984741211,114.0,114.0,630,0.0,0.0
2022-09-27 00:00:00-04:00,118.80000305175781,118.80000305175781,110.4000015258789,117.5999984741211,637,0.0,0.0
2022-09-28 00:00:00-04:00,115.19999694824219,117.5999984741211,111.5999984741211,116.4000015258789,673,0.0,0.0
2022-09-29 00:00:00-04:00,115.19999694824219,115.19999694824219,103.19999694824219,104.4000015258789,1098,0.0,0.0
2022-09-30 00:00:00-04:00,103.19999694824219,109.19999694824219,103.19999694824219,108.0,228,0.0,0.0
2022-10-03 00:00:00-04:00,105.5999984741211,106.80000305175781,98.4000015258789,103.19999694824219,940,0.0,0.0
2022-10-04 00:00:00-04:00,105.5999984741211,110.4000015258789,103.19999694824219,105.5999984741211,599,0.0,0.0
2022-10-05 00:00:00-04:00,106.80000305175781,106.80000305175781,97.19999694824219,102.0,391,0.0,0.0
2022-10-06 00:00:00-04:00,102.0,104.4000015258789,102.0,103.19999694824219,140,0.0,0.0
2022-10-07 00:00:00-04:00,102.0,106.80000305175781,96.0,96.0,568,0.0,0.0
2022-10-10 00:00:00-04:00,94.80000305175781,105.5999984741211,91.19999694824219,99.5999984741211,508,0.0,0.0
2022-10-11 00:00:00-04:00,98.4000015258789,99.5999984741211,92.4000015258789,92.4000015258789,448,0.0,0.0
2022-10-12 00:00:00-04:00,97.19999694824219,97.19999694824219,86.4000015258789,88.80000305175781,350,0.0,0.0
2022-10-13 00:00:00-04:00,87.5999984741211,90.0,85.19999694824219,88.80000305175781,212,0.0,0.0
2022-10-14 00:00:00-04:00,87.5999984741211,93.5999984741211,84.0,85.19999694824219,215,0.0,0.0
2022-10-17 00:00:00-04:00,84.0,88.80000305175781,82.80000305175781,84.0,387,0.0,0.0
2022-10-18 00:00:00-04:00,86.4000015258789,90.0,82.80000305175781,85.19999694824219,207,0.0,0.0
2022-10-19 00:00:00-04:00,82.80000305175781,86.4000015258789,79.19999694824219,86.4000015258789,713,0.0,0.0
2022-10-20 00:00:00-04:00,84.0,84.0,80.4000015258789,80.4000015258789,158,0.0,0.0
2022-10-21 00:00:00-04:00,78.0,82.80000305175781,75.5999984741211,78.0,448,0.0,0.0
2022-10-24 00:00:00-04:00,78.0,80.4000015258789,72.0,75.5999984741211,351,0.0,0.0
2022-10-25 00:00:00-04:00,78.0,84.0,75.5999984741211,80.4000015258789,1248,0.0,0.0
2022-10-26 00:00:00-04:00,87.5999984741211,104.4000015258789,87.5999984741211,93.5999984741211,3978,0.0,0.0
2022-10-27 00:00:00-04:00,97.19999694824219,98.4000015258789,88.80000305175781,91.19999694824219,1048,0.0,0.0
2022-10-28 00:00:00-04:00,92.4000015258789,92.4000015258789,87.5999984741211,91.19999694824219,1322,0.0,0.0
2022-10-31 00:00:00-04:00,90.0,92.4000015258789,86.4000015258789,90.0,330,0.0,0.0
2022-11-01 00:00:00-04:00,92.4000015258789,92.4000015258789,87.5999984741211,87.5999984741211,246,0.0,0.0
2022-11-02 00:00:00-04:00,90.0,90.0,84.0,84.0,289,0.0,0.0
2022-11-03 00:00:00-04:00,84.0,88.80000305175781,76.80000305175781,82.80000305175781,367,0.0,0.0
2022-11-04 00:00:00-04:00,82.80000305175781,82.80000305175781,78.0,78.0,234,0.0,0.0
2022-11-07 00:00:00-05:00,78.0,81.5999984741211,78.0,79.19999694824219,78,0.0,0.0
2022-11-08 00:00:00-05:00,80.4000015258789,82.80000305175781,75.5999984741211,79.19999694824219,648,0.0,0.0
2022-11-09 00:00:00-05:00,81.5999984741211,81.5999984741211,75.5999984741211,76.80000305175781,244,0.0,0.0
2022-11-10 00:00:00-05:00,78.0,80.4000015258789,74.4000015258789,78.0,367,0.0,0.0
2022-11-11 00:00:00-05:00,84.0,85.19999694824219,78.0,84.0,373,0.0,0.0
2022-11-14 00:00:00-05:00,79.19999694824219,85.19999694824219,79.19999694824219,84.0,452,0.0,0.0
2022-11-15 00:00:00-05:00,93.5999984741211,93.5999984741211,84.0,84.0,386,0.0,0.0
2022-11-16 00:00:00-05:00,85.19999694824219,85.19999694824219,79.19999694824219,81.5999984741211,224,0.0,0.0
2022-11-17 00:00:00-05:00,76.80000305175781,84.0,76.80000305175781,80.4000015258789,121,0.0,0.0
2022-11-18 00:00:00-05:00,78.0,84.0,78.0,79.19999694824219,98,0.0,0.0
2022-11-21 00:00:00-05:00,78.0,78.0,74.4000015258789,74.4000015258789,348,0.0,0.0
2022-11-22 00:00:00-05:00,73.19999694824219,74.4000015258789,67.19999694824219,68.4000015258789,707,0.0,0.0
2022-11-23 00:00:00-05:00,70.80000305175781,72.0,68.4000015258789,69.5999984741211,205,0.0,0.0
2022-11-25 00:00:00-05:00,68.4000015258789,73.19999694824219,68.4000015258789,69.5999984741211,81,0.0,0.0
2022-11-28 00:00:00-05:00,70.80000305175781,72.0,68.4000015258789,68.4000015258789,280,0.0,0.0
2022-11-29 00:00:00-05:00,68.4000015258789,72.0,67.19999694824219,68.4000015258789,146,0.0,0.0
2022-11-30 00:00:00-05:00,70.80000305175781,72.0,67.19999694824219,67.19999694824219,154,0.0,0.0
2022-12-01 00:00:00-05:00,67.19999694824219,70.80000305175781,60.0,60.0,1624,0.0,0.0
2022-12-02 00:00:00-05:00,60.0,63.599998474121094,55.20000076293945,58.79999923706055,787,0.0,0.0
2022-12-05 00:00:00-05:00,57.599998474121094,58.79999923706055,46.79999923706055,51.599998474121094,1774,0.0,0.0
2022-12-06 00:00:00-05:00,51.599998474121094,51.599998474121094,48.0,50.400001525878906,628,0.0,0.0
2022-12-07 00:00:00-05:00,49.20000076293945,50.400001525878906,46.79999923706055,46.79999923706055,650,0.0,0.0
2022-12-08 00:00:00-05:00,44.400001525878906,51.599998474121094,44.400001525878906,51.599998474121094,1490,0.0,0.0
2022-12-09 00:00:00-05:00,50.400001525878906,50.400001525878906,43.20000076293945,43.20000076293945,876,0.0,0.0
2022-12-12 00:00:00-05:00,42.0,43.20000076293945,40.79999923706055,42.0,504,0.0,0.0
2022-12-13 00:00:00-05:00,43.20000076293945,43.20000076293945,37.20000076293945,38.400001525878906,673,0.0,0.0
2022-12-14 00:00:00-05:00,43.20000076293945,43.20000076293945,37.20000076293945,43.20000076293945,2128,0.0,0.0
2022-12-15 00:00:00-05:00,42.0,52.79999923706055,38.400001525878906,50.400001525878906,6968,0.0,0.0
2022-12-16 00:00:00-05:00,46.79999923706055,49.20000076293945,39.599998474121094,42.0,1974,0.0,0.0
2022-12-19 00:00:00-05:00,40.79999923706055,40.79999923706055,30.0,33.599998474121094,1844,0.0,0.0
2022-12-20 00:00:00-05:00,31.200000762939453,32.400001525878906,30.0,30.0,1244,0.0,0.0
2022-12-21 00:00:00-05:00,30.0,38.400001525878906,30.0,38.400001525878906,1125,0.0,0.0
2022-12-22 00:00:00-05:00,37.20000076293945,38.400001525878906,34.79999923706055,34.79999923706055,332,0.0,0.0
2022-12-23 00:00:00-05:00,36.0,40.79999923706055,34.79999923706055,38.400001525878906,554,0.0,0.0
2022-12-27 00:00:00-05:00,38.400001525878906,46.79999923706055,37.20000076293945,37.20000076293945,687,0.0,0.0
2022-12-28 00:00:00-05:00,37.20000076293945,45.599998474121094,34.79999923706055,42.0,943,0.0,0.0
2022-12-29 00:00:00-05:00,42.0,42.0,36.0,37.20000076293945,491,0.0,0.0
2022-12-30 00:00:00-05:00,36.0,39.599998474121094,34.79999923706055,37.20000076293945,953,0.0,0.0
2023-01-03 00:00:00-05:00,36.0,42.0,36.0,40.79999923706055,261,0.0,0.0
2023-01-04 00:00:00-05:00,40.79999923706055,46.79999923706055,37.20000076293945,46.79999923706055,630,0.0,0.0
2023-01-05 00:00:00-05:00,46.79999923706055,49.20000076293945,42.0,43.20000076293945,1199,0.0,0.0
2023-01-06 00:00:00-05:00,44.400001525878906,49.20000076293945,40.79999923706055,45.599998474121094,329,0.0,0.0
2023-01-09 00:00:00-05:00,43.20000076293945,46.79999923706055,42.0,45.599998474121094,264,0.0,0.0
2023-01-10 00:00:00-05:00,48.0,49.20000076293945,43.20000076293945,46.79999923706055,3648,0.0,0.0
2023-01-11 00:00:00-05:00,48.0,52.79999923706055,45.599998474121094,46.79999923706055,1008,0.0,0.0
2023-01-12 00:00:00-05:00,48.0,48.0,44.400001525878906,45.599998474121094,346,0.0,0.0
2023-01-13 00:00:00-05:00,45.599998474121094,46.79999923706055,44.400001525878906,45.599998474121094,453,0.0,0.0
2023-01-17 00:00:00-05:00,49.20000076293945,52.79999923706055,46.79999923706055,49.20000076293945,1564,0.0,0.0
2023-01-18 00:00:00-05:00,49.20000076293945,49.20000076293945,43.20000076293945,45.599998474121094,458,0.0,0.0
2023-01-19 00:00:00-05:00,52.79999923706055,52.79999923706055,42.0,44.400001525878906,335,0.0,0.0
2023-01-20 00:00:00-05:00,43.20000076293945,43.20000076293945,39.599998474121094,40.79999923706055,1318,0.0,0.0
2023-01-23 00:00:00-05:00,42.0,46.79999923706055,42.0,43.20000076293945,948,0.0,0.0
2023-01-24 00:00:00-05:00,43.20000076293945,46.79999923706055,42.0,45.599998474121094,723,0.0,0.0
2023-01-25 00:00:00-05:00,43.20000076293945,48.0,43.20000076293945,46.79999923706055,296,0.0,0.0
2023-01-26 00:00:00-05:00,51.599998474121094,51.599998474121094,44.400001525878906,45.599998474121094,372,0.0,0.0
2023-01-27 00:00:00-05:00,46.79999923706055,46.79999923706055,43.20000076293945,44.400001525878906,633,0.0,0.0
2023-01-30 00:00:00-05:00,44.400001525878906,46.79999923706055,43.20000076293945,43.20000076293945,758,0.0,0.0
2023-01-31 00:00:00-05:00,44.400001525878906,69.5999984741211,43.20000076293945,64.80000305175781,12311,0.0,0.0
2023-02-01 00:00:00-05:00,75.5999984741211,132.0,73.19999694824219,92.4000015258789,270425,0.0,0.0
2023-02-02 00:00:00-05:00,74.4000015258789,84.0,72.0,80.4000015258789,17318,0.0,0.0
2023-02-03 00:00:00-05:00,75.5999984741211,93.5999984741211,72.0,93.5999984741211,10401,0.0,0.0
2023-02-06 00:00:00-05:00,91.19999694824219,96.0,81.5999984741211,85.19999694824219,3771,0.0,0.0
2023-02-07 00:00:00-05:00,82.80000305175781,86.4000015258789,74.4000015258789,81.5999984741211,3202,0.0,0.0
2023-02-08 00:00:00-05:00,78.0,82.80000305175781,69.5999984741211,74.4000015258789,2057,0.0,0.0
2023-02-09 00:00:00-05:00,73.19999694824219,80.4000015258789,73.19999694824219,76.80000305175781,3695,0.0,0.0
2023-02-10 00:00:00-05:00,78.0,79.19999694824219,70.80000305175781,73.19999694824219,1940,0.0,0.0
2023-02-13 00:00:00-05:00,73.19999694824219,75.5999984741211,61.20000076293945,63.599998474121094,2809,0.0,0.0
2023-02-14 00:00:00-05:00,61.20000076293945,62.400001525878906,56.400001525878906,60.0,1012,0.0,0.0
2023-02-15 00:00:00-05:00,60.0,61.20000076293945,54.0,61.20000076293945,523,0.0,0.0
2023-02-16 00:00:00-05:00,61.20000076293945,63.599998474121094,60.0,61.20000076293945,903,0.0,0.0
2023-02-17 00:00:00-05:00,66.0,76.80000305175781,56.400001525878906,61.20000076293945,12411,0.0,0.0
2023-02-21 00:00:00-05:00,61.20000076293945,61.20000076293945,54.0,55.20000076293945,1446,0.0,0.0
2023-02-22 00:00:00-05:00,54.0,57.599998474121094,54.0,54.0,732,0.0,0.0
2023-02-23 00:00:00-05:00,57.599998474121094,57.599998474121094,48.0,52.79999923706055,842,0.0,0.0
2023-02-24 00:00:00-05:00,54.0,54.0,48.0,50.400001525878906,668,0.0,0.0
2023-02-27 00:00:00-05:00,49.20000076293945,57.599998474121094,48.0,52.79999923706055,1372,0.0,0.0
2023-02-28 00:00:00-05:00,50.400001525878906,51.599998474121094,48.0,49.20000076293945,621,0.0,0.0
2023-03-01 00:00:00-05:00,51.599998474121094,51.599998474121094,49.20000076293945,49.20000076293945,359,0.0,0.0
2023-03-02 00:00:00-05:00,48.0,50.400001525878906,48.0,50.400001525878906,1008,0.0,0.0
2023-03-03 00:00:00-05:00,49.20000076293945,54.0,48.0,54.0,2214,0.0,0.0
2023-03-06 00:00:00-05:00,54.0,57.599998474121094,54.0,56.400001525878906,1413,0.0,0.0
2023-03-07 00:00:00-05:00,55.20000076293945,56.400001525878906,52.79999923706055,56.400001525878906,723,0.0,0.0
2023-03-08 00:00:00-05:00,54.0,56.400001525878906,52.79999923706055,56.400001525878906,1884,0.0,0.0
2023-03-09 00:00:00-05:00,56.400001525878906,57.599998474121094,50.400001525878906,52.79999923706055,668,0.0,0.0
2023-03-10 00:00:00-05:00,51.599998474121094,54.0,48.0,50.400001525878906,627,0.0,0.0
2023-03-13 00:00:00-04:00,48.0,51.599998474121094,43.20000076293945,45.599998474121094,1068,0.0,0.0
2023-03-14 00:00:00-04:00,46.79999923706055,51.599998474121094,44.400001525878906,45.599998474121094,611,0.0,0.0
2023-03-15 00:00:00-04:00,45.599998474121094,45.599998474121094,42.0,43.20000076293945,643,0.0,0.0
2023-03-16 00:00:00-04:00,45.599998474121094,45.599998474121094,43.20000076293945,44.400001525878906,220,0.0,0.0
2023-03-17 00:00:00-04:00,45.599998474121094,45.599998474121094,43.20000076293945,43.20000076293945,436,0.0,0.0
2023-03-20 00:00:00-04:00,43.20000076293945,44.400001525878906,39.599998474121094,42.0,488,0.0,0.0
2023-03-21 00:00:00-04:00,42.0,43.20000076293945,42.0,43.20000076293945,124,0.0,0.0
2023-03-22 00:00:00-04:00,40.79999923706055,43.20000076293945,40.79999923706055,42.0,60,0.0,0.0
2023-03-23 00:00:00-04:00,40.79999923706055,43.20000076293945,40.79999923706055,42.0,90,0.0,0.0
2023-03-24 00:00:00-04:00,40.79999923706055,46.79999923706055,40.79999923706055,44.400001525878906,1177,0.0,0.0
2023-03-27 00:00:00-04:00,44.400001525878906,49.20000076293945,42.0,42.0,143,0.0,0.0
2023-03-28 00:00:00-04:00,42.0,48.0,42.0,44.400001525878906,148,0.0,0.0
2023-03-29 00:00:00-04:00,44.400001525878906,49.20000076293945,44.400001525878906,45.599998474121094,381,0.0,0.0
2023-03-30 00:00:00-04:00,46.79999923706055,50.400001525878906,45.599998474121094,46.79999923706055,143,0.0,0.0
2023-03-31 00:00:00-04:00,45.599998474121094,48.0,43.20000076293945,45.599998474121094,670,0.0,0.0
2023-04-03 00:00:00-04:00,43.20000076293945,48.0,43.20000076293945,46.79999923706055,429,0.0,0.0
2023-04-04 00:00:00-04:00,48.0,50.400001525878906,45.599998474121094,48.0,681,0.0,0.0
2023-04-05 00:00:00-04:00,49.20000076293945,54.0,46.79999923706055,48.0,853,0.0,0.0
2023-04-06 00:00:00-04:00,46.79999923706055,50.400001525878906,42.0,48.0,312,0.0,0.0
2023-04-10 00:00:00-04:00,46.79999923706055,50.400001525878906,42.0,48.0,236,0.0,0.0
2023-04-11 00:00:00-04:00,46.79999923706055,48.0,45.599998474121094,45.599998474121094,263,0.0,0.0
2023-04-12 00:00:00-04:00,45.599998474121094,50.400001525878906,45.599998474121094,48.0,128,0.0,0.0
2023-04-13 00:00:00-04:00,46.79999923706055,54.0,46.79999923706055,54.0,2042,0.0,0.0
2023-04-14 00:00:00-04:00,54.0,54.0,50.400001525878906,51.599998474121094,442,0.0,0.0
2023-04-17 00:00:00-04:00,54.0,54.0,49.20000076293945,51.599998474121094,316,0.0,0.0
2023-04-18 00:00:00-04:00,49.20000076293945,54.0,49.20000076293945,51.599998474121094,1758,0.0,0.0
2023-04-19 00:00:00-04:00,49.20000076293945,50.400001525878906,46.79999923706055,49.20000076293945,286,0.0,0.0
2023-04-20 00:00:00-04:00,54.0,54.0,46.79999923706055,46.79999923706055,360,0.0,0.0
2023-04-21 00:00:00-04:00,44.400001525878906,54.0,44.400001525878906,49.20000076293945,392,0.0,0.0
2023-04-24 00:00:00-04:00,46.79999923706055,49.20000076293945,42.0,44.400001525878906,431,0.0,0.0
2023-04-25 00:00:00-04:00,45.599998474121094,45.599998474121094,38.400001525878906,39.599998474121094,2123,0.0,0.0
2023-04-26 00:00:00-04:00,37.91999816894531,40.20000076293945,28.559999465942383,30.239999771118164,6242,0.0,0.1
2023-04-27 00:00:00-04:00,31.079999923706055,34.20000076293945,29.399999618530273,31.440000534057617,6283,0.0,0.0
2023-04-28 00:00:00-04:00,31.68000030517578,33.599998474121094,30.0,31.440000534057617,783,0.0,0.0
2023-05-01 00:00:00-04:00,30.1200008392334,32.52000045776367,30.1200008392334,31.920000076293945,442,0.0,0.0
2023-05-02 00:00:00-04:00,34.08000183105469,39.47999954223633,32.400001525878906,33.2400016784668,12417,0.0,0.0
2023-05-03 00:00:00-04:00,33.720001220703125,41.400001525878906,33.599998474121094,39.84000015258789,7625,0.0,0.0
2023-05-04 00:00:00-04:00,40.560001373291016,40.91999816894531,39.0,40.68000030517578,1517,0.0,0.0
2023-05-05 00:00:00-04:00,42.84000015258789,43.68000030517578,39.0,40.08000183105469,5667,0.0,0.0
2023-05-08 00:00:00-04:00,39.2400016784668,41.52000045776367,38.7599983215332,39.959999084472656,2167,0.0,0.0
2023-05-09 00:00:00-04:00,39.119998931884766,40.560001373291016,36.47999954223633,37.31999969482422,2150,0.0,0.0
2023-05-10 00:00:00-04:00,40.31999969482422,40.31999969482422,34.79999923706055,35.040000915527344,742,0.0,0.0
2023-05-11 00:00:00-04:00,36.0,38.63999938964844,35.400001525878906,36.0,1533,0.0,0.0
2023-05-12 00:00:00-04:00,35.52000045776367,35.52000045776367,32.52000045776367,34.08000183105469,1283,0.0,0.0
2023-05-15 00:00:00-04:00,34.31999969482422,38.880001068115234,33.959999084472656,34.31999969482422,2442,0.0,0.0
2023-05-16 00:00:00-04:00,37.20000076293945,39.47999954223633,28.079999923706055,31.31999969482422,11367,0.0,0.0
2023-05-17 00:00:00-04:00,31.31999969482422,35.400001525878906,30.84000015258789,34.20000076293945,2442,0.0,0.0
2023-05-18 00:00:00-04:00,34.560001373291016,37.79999923706055,34.560001373291016,36.0,1175,0.0,0.0
2023-05-19 00:00:00-04:00,35.400001525878906,36.720001220703125,35.15999984741211,36.36000061035156,1742,0.0,0.0
2023-05-22 00:00:00-04:00,36.2400016784668,39.0,36.2400016784668,36.84000015258789,842,0.0,0.0
2023-05-23 00:00:00-04:00,37.68000030517578,38.7599983215332,36.47999954223633,38.63999938964844,1208,0.0,0.0
2023-05-24 00:00:00-04:00,35.15999984741211,38.040000915527344,35.15999984741211,37.20000076293945,508,0.0,0.0
2023-05-25 00:00:00-04:00,38.040000915527344,40.20000076293945,36.47999954223633,36.959999084472656,992,0.0,0.0
2023-05-26 00:00:00-04:00,38.15999984741211,38.15999984741211,36.959999084472656,38.15999984741211,267,0.0,0.0
2023-05-30 00:00:00-04:00,37.68000030517578,43.08000183105469,37.68000030517578,38.7599983215332,10250,0.0,0.0
2023-05-31 00:00:00-04:00,39.119998931884766,39.84000015258789,34.79999923706055,37.68000030517578,2642,0.0,0.0
2023-06-01 00:00:00-04:00,36.599998474121094,37.91999816894531,35.040000915527344,36.0,2617,0.0,0.0
2023-06-02 00:00:00-04:00,35.15999984741211,38.880001068115234,35.040000915527344,37.08000183105469,4383,0.0,0.0
2023-06-05 00:00:00-04:00,36.959999084472656,37.91999816894531,35.52000045776367,36.47999954223633,2317,0.0,0.0
2023-06-06 00:00:00-04:00,38.15999984741211,41.15999984741211,36.720001220703125,39.0,9833,0.0,0.0
2023-06-07 00:00:00-04:00,38.7599983215332,39.0,35.15999984741211,35.63999938964844,3617,0.0,0.0
2023-06-08 00:00:00-04:00,37.08000183105469,37.08000183105469,35.400001525878906,35.400001525878906,1100,0.0,0.0
2023-06-09 00:00:00-04:00,34.91999816894531,35.040000915527344,33.47999954223633,34.439998626708984,992,0.0,0.0
2023-06-12 00:00:00-04:00,34.08000183105469,34.68000030517578,32.52000045776367,34.68000030517578,1208,0.0,0.0
2023-06-13 00:00:00-04:00,33.2400016784668,34.439998626708984,33.2400016784668,33.47999954223633,875,0.0,0.0
2023-06-14 00:00:00-04:00,33.599998474121094,34.439998626708984,32.52000045776367,32.52000045776367,875,0.0,0.0
2023-06-15 00:00:00-04:00,32.400001525878906,34.20000076293945,31.559999465942383,31.920000076293945,1675,0.0,0.0
2023-06-16 00:00:00-04:00,31.559999465942383,31.920000076293945,30.479999542236328,30.959999084472656,2417,0.0,0.0
2023-06-20 00:00:00-04:00,31.799999237060547,34.560001373291016,30.84000015258789,33.84000015258789,1992,0.0,0.0
2023-06-21 00:00:00-04:00,33.36000061035156,33.47999954223633,32.15999984741211,32.63999938964844,808,0.0,0.0
2023-06-22 00:00:00-04:00,33.119998931884766,33.36000061035156,33.119998931884766,33.36000061035156,417,0.0,0.0
2023-06-23 00:00:00-04:00,33.36000061035156,33.36000061035156,32.15999984741211,32.7599983215332,900,0.0,0.0
2023-06-26 00:00:00-04:00,32.15999984741211,33.36000061035156,32.15999984741211,33.119998931884766,1292,0.0,0.0
2023-06-27 00:00:00-04:00,32.880001068115234,33.47999954223633,32.279998779296875,33.47999954223633,317,0.0,0.0
2023-06-28 00:00:00-04:00,31.440000534057617,34.20000076293945,31.440000534057617,34.20000076293945,842,0.0,0.0
2023-06-29 00:00:00-04:00,34.08000183105469,34.560001373291016,33.959999084472656,33.959999084472656,575,0.0,0.0
2023-06-30 00:00:00-04:00,33.959999084472656,35.880001068115234,33.959999084472656,35.7599983215332,708,0.0,0.0
2023-07-03 00:00:00-04:00,34.68000030517578,36.720001220703125,34.68000030517578,36.720001220703125,242,0.0,0.0
2023-07-05 00:00:00-04:00,34.79999923706055,36.47999954223633,34.79999923706055,35.15999984741211,808,0.0,0.0
2023-07-06 00:00:00-04:00,34.79999923706055,36.119998931884766,34.439998626708984,34.439998626708984,367,0.0,0.0
2023-07-07 00:00:00-04:00,34.31999969482422,38.040000915527344,34.31999969482422,38.040000915527344,317,0.0,0.0
2023-07-10 00:00:00-04:00,36.36000061035156,38.63999938964844,36.36000061035156,37.08000183105469,825,0.0,0.0
2023-07-11 00:00:00-04:00,36.720001220703125,37.439998626708984,36.36000061035156,36.84000015258789,1000,0.0,0.0
2023-07-12 00:00:00-04:00,37.560001373291016,37.560001373291016,34.79999923706055,34.79999923706055,1133,0.0,0.0
2023-07-13 00:00:00-04:00,34.91999816894531,35.400001525878906,32.400001525878906,34.20000076293945,3683,0.0,0.0
2023-07-14 00:00:00-04:00,32.63999938964844,35.400001525878906,32.63999938964844,34.79999923706055,250,0.0,0.0
2023-07-17 00:00:00-04:00,33.959999084472656,35.880001068115234,33.720001220703125,34.79999923706055,242,0.0,0.0
2023-07-18 00:00:00-04:00,34.91999816894531,37.68000030517578,33.36000061035156,35.400001525878906,2158,0.0,0.0
2023-07-19 00:00:00-04:00,36.47999954223633,36.599998474121094,35.7599983215332,35.7599983215332,267,0.0,0.0
2023-07-20 00:00:00-04:00,35.52000045776367,37.08000183105469,35.52000045776367,36.599998474121094,192,0.0,0.0
2023-07-21 00:00:00-04:00,38.52000045776367,38.52000045776367,35.7599983215332,35.880001068115234,250,0.0,0.0
2023-07-24 00:00:00-04:00,36.2400016784668,36.2400016784668,34.79999923706055,34.79999923706055,75,0.0,0.0
2023-07-25 00:00:00-04:00,34.91999816894531,36.959999084472656,34.68000030517578,34.91999816894531,342,0.0,0.0
2023-07-26 00:00:00-04:00,34.79999923706055,35.52000045776367,34.79999923706055,35.52000045776367,75,0.0,0.0
2023-07-27 00:00:00-04:00,35.52000045776367,35.63999938964844,35.52000045776367,35.63999938964844,83,0.0,0.0
2023-07-28 00:00:00-04:00,35.400001525878906,35.400001525878906,33.959999084472656,34.31999969482422,1058,0.0,0.0
2023-07-31 00:00:00-04:00,33.84000015258789,35.279998779296875,33.84000015258789,34.31999969482422,458,0.0,0.0
2023-08-01 00:00:00-04:00,34.20000076293945,34.79999923706055,33.599998474121094,34.79999923706055,950,0.0,0.0
2023-08-02 00:00:00-04:00,32.400001525878906,32.400001525878906,32.400001525878906,32.400001525878906,25,0.0,0.0
2023-08-03 00:00:00-04:00,32.7599983215332,33.599998474121094,32.63999938964844,33.599998474121094,458,0.0,0.0
2023-08-04 00:00:00-04:00,33.720001220703125,33.84000015258789,33.599998474121094,33.84000015258789,108,0.0,0.0
2023-08-07 00:00:00-04:00,35.15999984741211,35.15999984741211,33.599998474121094,33.599998474121094,92,0.0,0.0
2023-08-08 00:00:00-04:00,33.599998474121094,33.599998474121094,32.63999938964844,33.119998931884766,283,0.0,0.0
2023-08-09 00:00:00-04:00,34.79999923706055,34.79999923706055,32.63999938964844,32.63999938964844,617,0.0,0.0
2023-08-10 00:00:00-04:00,32.400001525878906,33.0,32.400001525878906,32.400001525878906,133,0.0,0.0
2023-08-11 00:00:00-04:00,31.440000534057617,31.440000534057617,29.15999984741211,30.719999313354492,767,0.0,0.0
2023-08-14 00:00:00-04:00,29.639999389648438,30.600000381469727,29.520000457763672,30.360000610351562,308,0.0,0.0
2023-08-15 00:00:00-04:00,29.8799991607666,29.8799991607666,23.520000457763672,28.559999465942383,1425,0.0,0.0
2023-08-16 00:00:00-04:00,28.68000030517578,28.68000030517578,27.239999771118164,28.200000762939453,150,0.0,0.0
2023-08-17 00:00:00-04:00,29.280000686645508,29.280000686645508,27.84000015258789,29.15999984741211,433,0.0,0.0
2023-08-18 00:00:00-04:00,29.040000915527344,29.040000915527344,28.079999923706055,29.040000915527344,225,0.0,0.0
2023-08-21 00:00:00-04:00,29.399999618530273,29.399999618530273,29.399999618530273,29.399999618530273,33,0.0,0.0
2023-08-22 00:00:00-04:00,28.559999465942383,29.639999389648438,27.959999084472656,27.959999084472656,600,0.0,0.0
2023-08-23 00:00:00-04:00,28.200000762939453,29.639999389648438,28.200000762939453,29.15999984741211,208,0.0,0.0
2023-08-24 00:00:00-04:00,29.760000228881836,29.760000228881836,29.760000228881836,29.760000228881836,58,0.0,0.0
2023-08-25 00:00:00-04:00,28.559999465942383,28.920000076293945,27.239999771118164,27.719999313354492,342,0.0,0.0
2023-08-28 00:00:00-04:00,27.600000381469727,29.520000457763672,27.1200008392334,28.799999237060547,617,0.0,0.0
2023-08-29 00:00:00-04:00,27.239999771118164,30.0,27.239999771118164,30.0,167,0.0,0.0
2023-08-30 00:00:00-04:00,27.719999313354492,29.520000457763672,27.239999771118164,29.15999984741211,633,0.0,0.0
2023-08-31 00:00:00-04:00,28.31999969482422,28.31999969482422,28.31999969482422,28.31999969482422,25,0.0,0.0
2023-09-01 00:00:00-04:00,28.31999969482422,28.31999969482422,28.31999969482422,28.31999969482422,0,0.0,0.0
2023-09-05 00:00:00-04:00,28.31999969482422,30.239999771118164,28.31999969482422,28.559999465942383,567,0.0,0.0
2023-09-06 00:00:00-04:00,29.8799991607666,30.719999313354492,29.520000457763672,30.719999313354492,92,0.0,0.0
2023-09-07 00:00:00-04:00,28.200000762939453,29.760000228881836,28.200000762939453,29.040000915527344,42,0.0,0.0
2023-09-08 00:00:00-04:00,29.040000915527344,29.040000915527344,29.040000915527344,29.040000915527344,0,0.0,0.0
2023-09-11 00:00:00-04:00,30.479999542236328,31.079999923706055,28.200000762939453,29.040000915527344,125,0.0,0.0
2023-09-12 00:00:00-04:00,29.040000915527344,31.079999923706055,28.200000762939453,31.079999923706055,433,0.0,0.0
2023-09-13 00:00:00-04:00,28.31999969482422,29.520000457763672,28.31999969482422,29.520000457763672,342,0.0,0.0
2023-09-14 00:00:00-04:00,27.84000015258789,27.84000015258789,27.84000015258789,27.84000015258789,100,0.0,0.0
2023-09-15 00:00:00-04:00,28.200000762939453,29.639999389648438,28.200000762939453,28.200000762939453,117,0.0,0.0
2023-09-18 00:00:00-04:00,28.799999237060547,29.520000457763672,28.200000762939453,28.440000534057617,342,0.0,0.0
2023-09-19 00:00:00-04:00,28.200000762939453,28.200000762939453,28.200000762939453,28.200000762939453,25,0.0,0.0
2023-09-20 00:00:00-04:00,28.200000762939453,28.200000762939453,28.200000762939453,28.200000762939453,92,0.0,0.0
2023-09-21 00:00:00-04:00,28.200000762939453,28.440000534057617,27.719999313354492,27.84000015258789,658,0.0,0.0
2023-09-22 00:00:00-04:00,28.31999969482422,28.31999969482422,27.719999313354492,27.719999313354492,108,0.0,0.0
2023-09-25 00:00:00-04:00,27.239999771118164,27.360000610351562,25.31999969482422,25.31999969482422,292,0.0,0.0
2023-09-26 00:00:00-04:00,25.079999923706055,26.639999389648438,22.920000076293945,24.600000381469727,458,0.0,0.0
2023-09-27 00:00:00-04:00,23.8799991607666,23.8799991607666,21.1200008392334,21.360000610351562,1250,0.0,0.0
2023-09-28 00:00:00-04:00,21.84000015258789,22.799999237060547,18.0,18.959999084472656,2292,0.0,0.0
2023-09-29 00:00:00-04:00,19.200000762939453,20.639999389648438,19.079999923706055,19.200000762939453,808,0.0,0.0
2023-10-02 00:00:00-04:00,19.31999969482422,19.31999969482422,19.200000762939453,19.31999969482422,217,0.0,0.0
2023-10-03 00:00:00-04:00,19.799999237060547,19.799999237060547,19.799999237060547,19.799999237060547,67,0.0,0.0
2023-10-04 00:00:00-04:00,19.079999923706055,19.440000534057617,18.959999084472656,19.200000762939453,150,0.0,0.0
2023-10-05 00:00:00-04:00,19.079999923706055,19.31999969482422,19.079999923706055,19.31999969482422,300,0.0,0.0
2023-10-06 00:00:00-04:00,20.520000457763672,20.520000457763672,19.079999923706055,19.079999923706055,350,0.0,0.0
2023-10-09 00:00:00-04:00,19.440000534057617,19.440000534057617,19.200000762939453,19.31999969482422,92,0.0,0.0
2023-10-10 00:00:00-04:00,20.040000915527344,20.280000686645508,19.920000076293945,19.920000076293945,117,0.0,0.0
2023-10-11 00:00:00-04:00,19.799999237060547,19.799999237060547,19.079999923706055,19.079999923706055,108,0.0,0.0
2023-10-12 00:00:00-04:00,19.31999969482422,20.040000915527344,19.31999969482422,19.440000534057617,108,0.0,0.0
2023-10-13 00:00:00-04:00,19.079999923706055,19.559999465942383,19.079999923706055,19.079999923706055,842,0.0,0.0
2023-10-16 00:00:00-04:00,19.079999923706055,20.040000915527344,19.079999923706055,19.079999923706055,50,0.0,0.0
2023-10-17 00:00:00-04:00,19.079999923706055,19.079999923706055,19.079999923706055,19.079999923706055,25,0.0,0.0
2023-10-18 00:00:00-04:00,19.079999923706055,19.079999923706055,19.079999923706055,19.079999923706055,0,0.0,0.0
2023-10-19 00:00:00-04:00,19.559999465942383,19.559999465942383,19.079999923706055,19.559999465942383,167,0.0,0.0
2023-10-20 00:00:00-04:00,19.559999465942383,19.559999465942383,19.559999465942383,19.559999465942383,0,0.0,0.0
2023-10-23 00:00:00-04:00,19.920000076293945,20.040000915527344,19.079999923706055,19.079999923706055,467,0.0,0.0
2023-10-24 00:00:00-04:00,19.079999923706055,19.559999465942383,19.079999923706055,19.559999465942383,117,0.0,0.0
2023-10-25 00:00:00-04:00,19.079999923706055,19.079999923706055,19.079999923706055,19.079999923706055,100,0.0,0.0
2023-10-26 00:00:00-04:00,19.559999465942383,19.559999465942383,19.079999923706055,19.079999923706055,258,0.0,0.0
2023-10-27 00:00:00-04:00,19.200000762939453,19.31999969482422,19.079999923706055,19.079999923706055,117,0.0,0.0
2023-10-30 00:00:00-04:00,19.079999923706055,19.799999237060547,19.079999923706055,19.079999923706055,133,0.0,0.0
2023-10-31 00:00:00-04:00,19.079999923706055,19.079999923706055,19.079999923706055,19.079999923706055,483,0.0,0.0
2023-11-01 00:00:00-04:00,19.079999923706055,19.079999923706055,19.079999923706055,19.079999923706055,0,0.0,0.0
2023-11-02 00:00:00-04:00,19.440000534057617,19.559999465942383,19.440000534057617,19.440000534057617,142,0.0,0.0
2023-11-03 00:00:00-04:00,18.959999084472656,19.440000534057617,18.959999084472656,18.959999084472656,67,0.0,0.0
2023-11-06 00:00:00-05:00,18.0,19.440000534057617,18.0,19.440000534057617,217,0.0,0.0
2023-11-07 00:00:00-05:00,19.440000534057617,21.0,19.200000762939453,20.8799991607666,592,0.0,0.0
2023-11-08 00:00:00-05:00,21.0,21.360000610351562,20.760000228881836,21.360000610351562,233,0.0,0.0
2023-11-09 00:00:00-05:00,20.520000457763672,21.360000610351562,20.520000457763672,21.239999771118164,158,0.0,0.0
2023-11-10 00:00:00-05:00,20.8799991607666,22.559999465942383,20.8799991607666,22.559999465942383,508,0.0,0.0
2023-11-13 00:00:00-05:00,20.639999389648438,22.799999237060547,20.399999618530273,20.399999618530273,683,0.0,0.0
2023-11-14 00:00:00-05:00,20.520000457763672,20.520000457763672,19.31999969482422,20.15999984741211,592,0.0,0.0
2023-11-15 00:00:00-05:00,20.399999618530273,20.399999618530273,18.959999084472656,18.959999084472656,608,0.0,0.0
2023-11-16 00:00:00-05:00,18.959999084472656,19.079999923706055,18.959999084472656,19.079999923706055,83,0.0,0.0
2023-11-17 00:00:00-05:00,18.959999084472656,19.200000762939453,18.0,19.079999923706055,792,0.0,0.0
2023-11-20 00:00:00-05:00,18.1200008392334,18.239999771118164,18.1200008392334,18.1200008392334,150,0.0,0.0
2023-11-21 00:00:00-05:00,17.639999389648438,20.639999389648438,17.639999389648438,20.399999618530273,83,0.0,0.0
2023-11-22 00:00:00-05:00,20.15999984741211,20.15999984741211,17.040000915527344,17.760000228881836,742,0.0,0.0
2023-11-24 00:00:00-05:00,21.360000610351562,21.360000610351562,19.799999237060547,20.760000228881836,550,0.0,0.0
2023-11-27 00:00:00-05:00,19.200000762939453,19.31999969482422,17.040000915527344,18.0,2000,0.0,0.0
2023-11-28 00:00:00-05:00,18.0,18.719999313354492,17.040000915527344,17.040000915527344,1400,0.0,0.0
2023-11-29 00:00:00-05:00,17.040000915527344,17.040000915527344,15.239999771118164,16.31999969482422,400,0.0,0.0
2023-11-30 00:00:00-05:00,16.200000762939453,16.440000534057617,16.079999923706055,16.440000534057617,125,0.0,0.0
2023-12-01 00:00:00-05:00,16.920000076293945,19.440000534057617,16.559999465942383,17.280000686645508,933,0.0,0.0
2023-12-04 00:00:00-05:00,17.280000686645508,19.440000534057617,16.200000762939453,18.0,342,0.0,0.0
2023-12-05 00:00:00-05:00,18.239999771118164,18.719999313354492,16.559999465942383,16.920000076293945,242,0.0,0.0
2023-12-06 00:00:00-05:00,15.600000381469727,17.760000228881836,15.600000381469727,16.440000534057617,908,0.0,0.0
2023-12-07 00:00:00-05:00,16.559999465942383,16.559999465942383,14.760000228881836,16.31999969482422,783,0.0,0.0
2023-12-08 00:00:00-05:00,16.559999465942383,16.920000076293945,14.520000457763672,14.520000457763672,792,0.0,0.0
2023-12-11 00:00:00-05:00,14.15999984741211,15.239999771118164,14.15999984741211,14.880000114440918,517,0.0,0.0
2023-12-12 00:00:00-05:00,14.640000343322754,14.880000114440918,14.15999984741211,14.520000457763672,358,0.0,0.0
2023-12-13 00:00:00-05:00,17.760000228881836,17.760000228881836,14.15999984741211,14.15999984741211,175,0.0,0.0
2023-12-14 00:00:00-05:00,14.279999732971191,15.359999656677246,14.279999732971191,14.760000228881836,642,0.0,0.0
2023-12-15 00:00:00-05:00,15.0,16.200000762939453,15.0,15.239999771118164,3633,0.0,0.0
2023-12-18 00:00:00-05:00,16.31999969482422,18.0,15.359999656677246,16.440000534057617,1158,0.0,0.0
2023-12-19 00:00:00-05:00,17.15999984741211,17.15999984741211,16.440000534057617,17.040000915527344,550,0.0,0.0
2023-12-20 00:00:00-05:00,17.399999618530273,17.399999618530273,17.399999618530273,17.399999618530273,42,0.0,0.0
2023-12-21 00:00:00-05:00,16.799999237060547,19.079999923706055,16.31999969482422,18.479999542236328,300,0.0,0.0
2023-12-22 00:00:00-05:00,18.600000381469727,18.719999313354492,16.200000762939453,17.040000915527344,392,0.0,0.0
2023-12-26 00:00:00-05:00,16.799999237060547,16.799999237060547,15.0,16.31999969482422,450,0.0,0.0
2023-12-27 00:00:00-05:00,15.84000015258789,19.200000762939453,14.880000114440918,16.31999969482422,1233,0.0,0.0
2023-12-28 00:00:00-05:00,17.15999984741211,17.399999618530273,16.200000762939453,16.799999237060547,375,0.0,0.0
2023-12-29 00:00:00-05:00,18.0,18.0,17.040000915527344,18.0,608,0.0,0.0
2024-01-02 00:00:00-05:00,18.0,19.200000762939453,16.799999237060547,19.200000762939453,208,0.0,0.0
2024-01-03 00:00:00-05:00,18.0,19.68000030517578,15.84000015258789,15.84000015258789,1208,0.0,0.0
2024-01-04 00:00:00-05:00,15.960000038146973,18.239999771118164,15.960000038146973,17.15999984741211,467,0.0,0.0
2024-01-05 00:00:00-05:00,17.15999984741211,17.15999984741211,16.200000762939453,16.68000030517578,300,0.0,0.0
2024-01-08 00:00:00-05:00,16.559999465942383,17.8799991607666,16.559999465942383,17.8799991607666,483,0.0,0.0
2024-01-09 00:00:00-05:00,16.079999923706055,19.31999969482422,16.079999923706055,19.31999969482422,900,0.0,0.0
2024-01-10 00:00:00-05:00,18.360000610351562,19.68000030517578,18.360000610351562,19.200000762939453,1033,0.0,0.0
2024-01-11 00:00:00-05:00,18.719999313354492,19.68000030517578,18.1200008392334,19.68000030517578,542,0.0,0.0
2024-01-12 00:00:00-05:00,19.920000076293945,19.920000076293945,19.200000762939453,19.200000762939453,267,0.0,0.0
2024-01-16 00:00:00-05:00,19.559999465942383,19.68000030517578,18.479999542236328,19.200000762939453,267,0.0,0.0
2024-01-17 00:00:00-05:00,18.479999542236328,18.479999542236328,18.479999542236328,18.479999542236328,58,0.0,0.0
2024-01-18 00:00:00-05:00,19.200000762939453,19.920000076293945,19.200000762939453,19.200000762939453,475,0.0,0.0
2024-01-19 00:00:00-05:00,25.799999237060547,26.15999984741211,19.799999237060547,21.959999084472656,3558,0.0,0.0
2024-01-22 00:00:00-05:00,23.15999984741211,23.15999984741211,20.8799991607666,21.719999313354492,408,0.0,0.0
2024-01-23 00:00:00-05:00,24.84000015258789,24.84000015258789,18.600000381469727,19.799999237060547,177350,0.0,0.0
2024-01-24 00:00:00-05:00,18.360000610351562,19.200000762939453,16.200000762939453,17.280000686645508,16333,0.0,0.0
2024-01-25 00:00:00-05:00,15.600000381469727,16.31999969482422,14.15999984741211,14.760000228881836,8317,0.0,0.0
2024-01-26 00:00:00-05:00,14.15999984741211,15.720000267028809,12.960000038146973,14.399999618530273,6525,0.0,0.0
2024-01-29 00:00:00-05:00,14.399999618530273,15.600000381469727,14.039999961853027,15.0,5992,0.0,0.0
2024-01-30 00:00:00-05:00,14.399999618530273,15.359999656677246,13.680000305175781,14.880000114440918,1958,0.0,0.0
2024-01-31 00:00:00-05:00,15.359999656677246,15.359999656677246,13.920000076293945,14.760000228881836,817,0.0,0.0
2024-02-01 00:00:00-05:00,14.15999984741211,15.119999885559082,13.920000076293945,14.760000228881836,858,0.0,0.0
2024-02-02 00:00:00-05:00,14.880000114440918,14.880000114440918,14.279999732971191,14.520000457763672,1625,0.0,0.0
2024-02-05 00:00:00-05:00,14.520000457763672,15.119999885559082,14.039999961853027,14.640000343322754,408,0.0,0.0
2024-02-06 00:00:00-05:00,15.0,15.0,14.039999961853027,14.760000228881836,1392,0.0,0.0
2024-02-07 00:00:00-05:00,15.0,15.0,14.279999732971191,14.640000343322754,192,0.0,0.0
2024-02-08 00:00:00-05:00,15.119999885559082,15.119999885559082,13.199999809265137,13.199999809265137,3608,0.0,0.0
2024-02-09 00:00:00-05:00,14.399999618530273,14.399999618530273,13.199999809265137,13.920000076293945,667,0.0,0.0
2024-02-12 00:00:00-05:00,13.800000190734863,14.399999618530273,13.319999694824219,14.279999732971191,1208,0.0,0.0
2024-02-13 00:00:00-05:00,14.15999984741211,18.959999084472656,12.960000038146973,16.31999969482422,35683,0.0,0.0
2024-02-14 00:00:00-05:00,17.15999984741211,18.239999771118164,15.960000038146973,15.960000038146973,7950,0.0,0.0
2024-02-15 00:00:00-05:00,15.84000015258789,17.040000915527344,15.600000381469727,16.920000076293945,2267,0.0,0.0
2024-02-16 00:00:00-05:00,17.520000457763672,17.520000457763672,15.960000038146973,16.799999237060547,3517,0.0,0.0
2024-02-20 00:00:00-05:00,16.68000030517578,17.520000457763672,15.600000381469727,16.31999969482422,1100,0.0,0.0
2024-02-21 00:00:00-05:00,15.720000267028809,16.68000030517578,15.720000267028809,16.200000762939453,958,0.0,0.0
2024-02-22 00:00:00-05:00,16.31999969482422,17.040000915527344,16.200000762939453,16.31999969482422,625,0.0,0.0
2024-02-23 00:00:00-05:00,16.799999237060547,16.799999237060547,15.960000038146973,16.559999465942383,342,0.0,0.0
2024-02-26 00:00:00-05:00,17.040000915527344,17.040000915527344,16.200000762939453,16.559999465942383,1125,0.0,0.0
2024-02-27 00:00:00-05:00,15.84000015258789,17.040000915527344,15.84000015258789,16.68000030517578,708,0.0,0.0
2024-02-28 00:00:00-05:00,16.31999969482422,16.440000534057617,16.31999969482422,16.440000534057617,142,0.0,0.0
2024-02-29 00:00:00-05:00,16.920000076293945,17.639999389648438,16.31999969482422,17.040000915527344,617,0.0,0.0
2024-03-01 00:00:00-05:00,16.68000030517578,17.15999984741211,16.31999969482422,16.440000534057617,375,0.0,0.0
2024-03-04 00:00:00-05:00,17.040000915527344,17.040000915527344,16.079999923706055,16.440000534057617,1300,0.0,0.0
2024-03-05 00:00:00-05:00,15.960000038146973,16.200000762939453,15.720000267028809,15.84000015258789,1192,0.0,0.0
2024-03-06 00:00:00-05:00,15.84000015258789,16.079999923706055,15.600000381469727,15.960000038146973,542,0.0,0.0
2024-03-07 00:00:00-05:00,15.600000381469727,16.31999969482422,15.359999656677246,16.079999923706055,2083,0.0,0.0
2024-03-08 00:00:00-05:00,15.84000015258789,16.200000762939453,15.119999885559082,16.200000762939453,258,0.0,0.0
2024-03-11 00:00:00-04:00,15.84000015258789,16.440000534057617,15.84000015258789,16.440000534057617,458,0.0,0.0
2024-03-12 00:00:00-04:00,16.31999969482422,16.559999465942383,16.31999969482422,16.440000534057617,442,0.0,0.0
2024-03-13 00:00:00-04:00,16.31999969482422,16.559999465942383,16.079999923706055,16.079999923706055,217,0.0,0.0
2024-03-14 00:00:00-04:00,16.440000534057617,16.440000534057617,16.079999923706055,16.079999923706055,225,0.0,0.0
2024-03-15 00:00:00-04:00,16.079999923706055,16.200000762939453,16.079999923706055,16.200000762939453,50,0.0,0.0
2024-03-18 00:00:00-04:00,16.440000534057617,20.15999984741211,16.31999969482422,17.8799991607666,7117,0.0,0.0
2024-03-19 00:00:00-04:00,18.959999084472656,18.959999084472656,17.040000915527344,18.360000610351562,617,0.0,0.0
2024-03-20 00:00:00-04:00,17.760000228881836,18.360000610351562,17.760000228881836,18.360000610351562,258,0.0,0.0
2024-03-21 00:00:00-04:00,18.600000381469727,18.84000015258789,17.520000457763672,18.719999313354492,875,0.0,0.0
2024-03-22 00:00:00-04:00,19.799999237060547,19.799999237060547,17.520000457763672,17.639999389648438,408,0.0,0.0
2024-03-25 00:00:00-04:00,16.799999237060547,18.239999771118164,16.799999237060547,17.639999389648438,250,0.0,0.0
2024-03-26 00:00:00-04:00,16.799999237060547,18.0,16.799999237060547,17.15999984741211,1442,0.0,0.0
2024-03-27 00:00:00-04:00,16.799999237060547,17.8799991607666,16.68000030517578,17.8799991607666,92,0.0,0.0
2024-03-28 00:00:00-04:00,17.040000915527344,17.520000457763672,17.040000915527344,17.520000457763672,550,0.0,0.0
2024-04-01 00:00:00-04:00,17.399999618530273,17.399999618530273,16.799999237060547,16.920000076293945,358,0.0,0.0
2024-04-02 00:00:00-04:00,16.68000030517578,16.68000030517578,15.0,15.479999542236328,1067,0.0,0.0
2024-04-03 00:00:00-04:00,17.15999984741211,17.15999984741211,16.31999969482422,16.31999969482422,42,0.0,0.0
2024-04-04 00:00:00-04:00,17.15999984741211,17.15999984741211,17.15999984741211,17.15999984741211,117,0.0,0.0
2024-04-05 00:00:00-04:00,17.15999984741211,17.15999984741211,17.15999984741211,17.15999984741211,50,0.0,0.0
2024-04-08 00:00:00-04:00,15.600000381469727,16.799999237060547,15.600000381469727,16.31999969482422,250,0.0,0.0
2024-04-09 00:00:00-04:00,16.200000762939453,17.520000457763672,15.960000038146973,16.68000030517578,3608,0.0,0.0
2024-04-10 00:00:00-04:00,16.68000030517578,16.920000076293945,16.68000030517578,16.920000076293945,333,0.0,0.0
2024-04-11 00:00:00-04:00,15.84000015258789,17.040000915527344,15.600000381469727,16.68000030517578,675,0.0,0.0
2024-04-12 00:00:00-04:00,17.15999984741211,17.520000457763672,16.559999465942383,17.280000686645508,75,0.0,0.0
2024-04-15 00:00:00-04:00,16.200000762939453,17.639999389648438,15.84000015258789,16.440000534057617,225,0.0,0.0
2024-04-16 00:00:00-04:00,15.960000038146973,16.68000030517578,15.720000267028809,15.720000267028809,692,0.0,0.0
2024-04-17 00:00:00-04:00,15.720000267028809,15.720000267028809,15.720000267028809,15.720000267028809,50,0.0,0.0
2024-04-18 00:00:00-04:00,15.720000267028809,15.720000267028809,14.880000114440918,14.880000114440918,617,0.0,0.0
2024-04-19 00:00:00-04:00,14.880000114440918,14.880000114440918,14.880000114440918,14.880000114440918,33,0.0,0.0
2024-04-22 00:00:00-04:00,15.479999542236328,15.600000381469727,14.279999732971191,14.279999732971191,158,0.0,0.0
2024-04-23 00:00:00-04:00,14.399999618530273,14.520000457763672,13.800000190734863,14.520000457763672,400,0.0,0.0
2024-04-24 00:00:00-04:00,14.640000343322754,14.640000343322754,14.15999984741211,14.15999984741211,58,0.0,0.0
2024-04-25 00:00:00-04:00,14.640000343322754,14.640000343322754,13.079999923706055,13.319999694824219,1392,0.0,0.0
2024-04-26 00:00:00-04:00,13.199999809265137,13.199999809265137,11.399999618530273,12.479999542236328,4658,0.0,0.0
2024-04-29 00:00:00-04:00,14.279999732971191,14.279999732971191,12.600000381469727,13.5600004196167,1975,0.0,0.0
2024-04-30 00:00:00-04:00,12.720000267028809,12.960000038146973,11.760000228881836,12.359999656677246,2992,0.0,0.0
2024-05-01 00:00:00-04:00,12.479999542236328,12.720000267028809,12.0,12.359999656677246,325,0.0,0.0
2024-05-02 00:00:00-04:00,12.720000267028809,12.720000267028809,12.0,12.720000267028809,600,0.0,0.0
2024-05-03 00:00:00-04:00,12.720000267028809,12.720000267028809,12.600000381469727,12.600000381469727,1142,0.0,0.0
2024-05-06 00:00:00-04:00,13.199999809265137,13.800000190734863,12.0,13.800000190734863,333,0.0,0.0
2024-05-07 00:00:00-04:00,12.239999771118164,12.84000015258789,12.119999885559082,12.359999656677246,808,0.0,0.0
2024-05-08 00:00:00-04:00,12.0,13.319999694824219,12.0,12.960000038146973,308,0.0,0.0
2024-05-09 00:00:00-04:00,12.84000015258789,12.960000038146973,10.920000076293945,11.640000343322754,2458,0.0,0.0
2024-05-10 00:00:00-04:00,12.0,12.600000381469727,12.0,12.359999656677246,225,0.0,0.0
2024-05-13 00:00:00-04:00,11.520000457763672,12.359999656677246,11.520000457763672,12.0,533,0.0,0.0
2024-05-14 00:00:00-04:00,12.84000015258789,12.84000015258789,12.359999656677246,12.84000015258789,233,0.0,0.0
2024-05-15 00:00:00-04:00,13.079999923706055,13.079999923706055,12.600000381469727,12.84000015258789,200,0.0,0.0
2024-05-16 00:00:00-04:00,12.479999542236328,12.960000038146973,11.880000114440918,12.119999885559082,617,0.0,0.0
2024-05-17 00:00:00-04:00,11.880000114440918,12.359999656677246,11.640000343322754,12.359999656677246,767,0.0,0.0
2024-05-20 00:00:00-04:00,13.199999809265137,13.199999809265137,13.199999809265137,13.199999809265137,117,0.0,0.0
2024-05-21 00:00:00-04:00,12.239999771118164,13.199999809265137,12.239999771118164,13.199999809265137,425,0.0,0.0
2024-05-22 00:00:00-04:00,12.479999542236328,12.479999542236328,11.640000343322754,12.119999885559082,7242,0.0,0.0
2024-05-23 00:00:00-04:00,12.119999885559082,12.720000267028809,11.760000228881836,12.239999771118164,433,0.0,0.0
2024-05-24 00:00:00-04:00,12.239999771118164,12.239999771118164,11.760000228881836,11.760000228881836,575,0.0,0.0
2024-05-28 00:00:00-04:00,11.880000114440918,11.880000114440918,10.920000076293945,10.920000076293945,1183,0.0,0.0
2024-05-29 00:00:00-04:00,11.15999984741211,11.520000457763672,10.319999694824219,10.4399995803833,650,0.0,0.0
2024-05-30 00:00:00-04:00,10.5600004196167,11.640000343322754,10.4399995803833,11.039999961853027,358,0.0,0.0
2024-05-31 00:00:00-04:00,11.15999984741211,11.15999984741211,10.4399995803833,10.5600004196167,317,0.0,0.0
2024-06-03 00:00:00-04:00,11.399999618530273,11.880000114440918,10.800000190734863,11.399999618530273,2367,0.0,0.0
2024-06-04 00:00:00-04:00,11.399999618530273,12.0,10.5600004196167,11.039999961853027,1142,0.0,0.0
2024-06-05 00:00:00-04:00,11.15999984741211,11.15999984741211,9.960000038146973,9.960000038146973,1533,0.0,0.0
2024-06-06 00:00:00-04:00,10.5600004196167,10.920000076293945,9.960000038146973,10.920000076293945,400,0.0,0.0
2024-06-07 00:00:00-04:00,10.800000190734863,10.800000190734863,10.319999694824219,10.800000190734863,108,0.0,0.0
2024-06-10 00:00:00-04:00,10.800000190734863,11.15999984741211,9.960000038146973,10.079999923706055,433,0.0,0.0
2024-06-11 00:00:00-04:00,11.15999984741211,11.15999984741211,10.199999809265137,10.800000190734863,400,0.0,0.0
2024-06-12 00:00:00-04:00,10.199999809265137,11.15999984741211,10.079999923706055,10.800000190734863,542,0.0,0.0
2024-06-13 00:00:00-04:00,11.15999984741211,11.15999984741211,10.680000305175781,10.680000305175781,92,0.0,0.0
2024-06-14 00:00:00-04:00,10.800000190734863,11.399999618530273,9.239999771118164,10.079999923706055,2100,0.0,0.0
2024-06-17 00:00:00-04:00,10.5600004196167,10.920000076293945,9.720000267028809,9.720000267028809,92,0.0,0.0
2024-06-18 00:00:00-04:00,9.960000038146973,10.079999923706055,9.479999542236328,9.479999542236328,492,0.0,0.0
2024-06-20 00:00:00-04:00,10.5600004196167,10.5600004196167,7.320000171661377,9.0,1592,0.0,0.0
2024-06-21 00:00:00-04:00,9.119999885559082,9.359999656677246,8.880000114440918,9.0,3067,0.0,0.0
2024-06-24 00:00:00-04:00,9.0,9.0,9.0,9.0,175,0.0,0.0
2024-06-25 00:00:00-04:00,9.600000381469727,9.600000381469727,8.279999732971191,8.399999618530273,833,0.0,0.0
2024-06-26 00:00:00-04:00,8.15999984741211,9.0,7.800000190734863,7.800000190734863,800,0.0,0.0
2024-06-27 00:00:00-04:00,8.15999984741211,8.15999984741211,7.679999828338623,7.679999828338623,208,0.0,0.0
2024-06-28 00:00:00-04:00,7.320000171661377,7.679999828338623,6.71999979019165,7.199999809265137,1617,0.0,0.0
2024-07-01 00:00:00-04:00,7.199999809265137,7.559999942779541,7.079999923706055,7.079999923706055,159917,0.0,0.0
2024-07-02 00:00:00-04:00,6.239999771118164,6.599999904632568,5.400000095367432,5.519999980926514,14050,0.0,0.0
2024-07-03 00:00:00-04:00,5.519999980926514,5.880000114440918,5.159999847412109,5.880000114440918,2700,0.0,0.0
2024-07-05 00:00:00-04:00,5.519999980926514,5.639999866485596,5.159999847412109,5.519999980926514,1792,0.0,0.0
2024-07-08 00:00:00-04:00,5.400000095367432,8.279999732971191,5.28000020980835,6.239999771118164,63008,0.0,0.0
2024-07-09 00:00:00-04:00,6.480000019073486,7.199999809265137,6.360000133514404,6.599999904632568,5550,0.0,0.0
2024-07-10 00:00:00-04:00,6.840000152587891,7.559999942779541,6.599999904632568,7.440000057220459,4525,0.0,0.0
2024-07-11 00:00:00-04:00,7.800000190734863,8.15999984741211,6.480000019073486,7.320000171661377,7375,0.0,0.0
2024-07-12 00:00:00-04:00,7.679999828338623,7.679999828338623,6.480000019073486,7.440000057220459,2325,0.0,0.0
2024-07-15 00:00:00-04:00,7.079999923706055,7.800000190734863,6.71999979019165,7.320000171661377,650,0.0,0.0
2024-07-16 00:00:00-04:00,6.71999979019165,7.199999809265137,6.71999979019165,7.079999923706055,2608,0.0,0.0
2024-07-17 00:00:00-04:00,7.079999923706055,7.800000190734863,6.599999904632568,7.800000190734863,1483,0.0,0.0
2024-07-18 00:00:00-04:00,7.920000076293945,8.039999961853027,7.679999828338623,7.920000076293945,3708,0.0,0.0
2024-07-19 00:00:00-04:00,7.920000076293945,7.920000076293945,7.199999809265137,7.199999809265137,3308,0.0,0.0
2024-07-22 00:00:00-04:00,7.199999809265137,7.559999942779541,7.199999809265137,7.199999809265137,1517,0.0,0.0
2024-07-23 00:00:00-04:00,7.440000057220459,7.559999942779541,6.71999979019165,6.71999979019165,1658,0.0,0.0
2024-07-24 00:00:00-04:00,6.71999979019165,7.440000057220459,6.71999979019165,7.079999923706055,4258,0.0,0.0
2024-07-25 00:00:00-04:00,7.199999809265137,7.559999942779541,6.960000038146973,7.440000057220459,242,0.0,0.0
2024-07-26 00:00:00-04:00,7.320000171661377,7.320000171661377,6.960000038146973,6.960000038146973,633,0.0,0.0
2024-07-29 00:00:00-04:00,7.199999809265137,7.320000171661377,7.199999809265137,7.320000171661377,217,0.0,0.0
2024-07-30 00:00:00-04:00,7.320000171661377,8.279999732971191,7.320000171661377,7.559999942779541,2192,0.0,0.0
2024-07-31 00:00:00-04:00,8.039999961853027,8.399999618530273,7.800000190734863,7.800000190734863,675,0.0,0.0
2024-08-01 00:00:00-04:00,8.039999961853027,8.15999984741211,7.800000190734863,7.800000190734863,1142,0.0,0.0
2024-08-02 00:00:00-04:00,7.800000190734863,7.800000190734863,7.440000057220459,7.440000057220459,2150,0.0,0.0
2024-08-05 00:00:00-04:00,7.440000057220459,7.800000190734863,7.440000057220459,7.440000057220459,958,0.0,0.0
2024-08-06 00:00:00-04:00,7.800000190734863,8.15999984741211,7.679999828338623,7.800000190734863,158,0.0,0.0
2024-08-07 00:00:00-04:00,7.800000190734863,8.15999984741211,7.679999828338623,7.800000190734863,1500,0.0,0.0
2024-08-08 00:00:00-04:00,7.440000057220459,8.039999961853027,7.440000057220459,7.920000076293945,525,0.0,0.0
2024-08-09 00:00:00-04:00,7.800000190734863,9.479999542236328,6.480000019073486,8.399999618530273,12833,0.0,0.0
2024-08-12 00:00:00-04:00,8.520000457763672,8.760000228881836,7.800000190734863,8.520000457763672,5442,0.0,0.0
2024-08-13 00:00:00-04:00,9.0,9.600000381469727,8.15999984741211,9.479999542236328,4567,0.0,0.0
2024-08-14 00:00:00-04:00,9.239999771118164,9.479999542236328,8.640000343322754,9.239999771118164,1050,0.0,0.0
2024-08-15 00:00:00-04:00,9.359999656677246,9.479999542236328,9.0,9.479999542236328,383,0.0,0.0
2024-08-16 00:00:00-04:00,8.880000114440918,9.479999542236328,8.880000114440918,8.880000114440918,792,0.0,0.0
2024-08-19 00:00:00-04:00,9.0,9.0,8.520000457763672,8.640000343322754,1442,0.0,0.0
2024-08-20 00:00:00-04:00,8.399999618530273,9.0,8.399999618530273,8.760000228881836,425,0.0,0.0
2024-08-21 00:00:00-04:00,7.920000076293945,8.039999961853027,7.920000076293945,8.039999961853027,150,0.0,0.0
2024-08-22 00:00:00-04:00,7.559999942779541,8.399999618530273,7.559999942779541,7.920000076293945,725,0.0,0.0
2024-08-23 00:00:00-04:00,8.039999961853027,8.399999618530273,8.039999961853027,8.279999732971191,833,0.0,0.0
2024-08-26 00:00:00-04:00,8.640000343322754,8.880000114440918,8.399999618530273,8.880000114440918,142,0.0,0.0
2024-08-27 00:00:00-04:00,9.0,9.0,8.279999732971191,8.279999732971191,242,0.0,0.0
2024-08-28 00:00:00-04:00,8.399999618530273,8.399999618530273,7.800000190734863,7.920000076293945,492,0.0,0.0
2024-08-29 00:00:00-04:00,7.920000076293945,7.920000076293945,7.679999828338623,7.800000190734863,250,0.0,0.0
2024-08-30 00:00:00-04:00,7.800000190734863,9.600000381469727,7.679999828338623,8.15999984741211,1050,0.0,0.0
2024-09-03 00:00:00-04:00,8.520000457763672,8.880000114440918,8.039999961853027,8.640000343322754,667,0.0,0.0
2024-09-04 00:00:00-04:00,8.520000457763672,8.520000457763672,7.920000076293945,8.039999961853027,683,0.0,0.0
2024-09-05 00:00:00-04:00,8.15999984741211,8.880000114440918,8.15999984741211,8.760000228881836,1250,0.0,0.0
2024-09-06 00:00:00-04:00,8.880000114440918,8.880000114440918,8.039999961853027,8.039999961853027,425,0.0,0.0
2024-09-09 00:00:00-04:00,8.760000228881836,8.760000228881836,7.679999828338623,7.920000076293945,2117,0.0,0.0
2024-09-10 00:00:00-04:00,8.039999961853027,8.520000457763672,8.039999961853027,8.039999961853027,342,0.0,0.0
2024-09-11 00:00:00-04:00,7.920000076293945,8.760000228881836,6.960000038146973,8.399999618530273,1550,0.0,0.0
2024-09-12 00:00:00-04:00,8.640000343322754,8.880000114440918,8.15999984741211,8.399999618530273,242,0.0,0.0
2024-09-13 00:00:00-04:00,8.039999961853027,8.399999618530273,7.559999942779541,8.399999618530273,1608,0.0,0.0
2024-09-16 00:00:00-04:00,8.15999984741211,8.640000343322754,7.920000076293945,8.279999732971191,975,0.0,0.0
2024-09-17 00:00:00-04:00,8.520000457763672,8.520000457763672,8.039999961853027,8.039999961853027,658,0.0,0.0
2024-09-18 00:00:00-04:00,8.399999618530273,8.399999618530273,8.039999961853027,8.039999961853027,283,0.0,0.0
2024-09-19 00:00:00-04:00,8.039999961853027,8.399999618530273,8.039999961853027,8.039999961853027,983,0.0,0.0
2024-09-20 00:00:00-04:00,8.15999984741211,8.640000343322754,8.15999984741211,8.15999984741211,758,0.0,0.0
2024-09-23 00:00:00-04:00,8.399999618530273,10.920000076293945,8.15999984741211,9.960000038146973,36017,0.0,0.0
2024-09-24 00:00:00-04:00,9.84000015258789,10.319999694824219,9.600000381469727,9.720000267028809,5183,0.0,0.0
2024-09-25 00:00:00-04:00,9.84000015258789,10.199999809265137,9.119999885559082,9.479999542236328,1733,0.0,0.0
2024-09-26 00:00:00-04:00,9.359999656677246,9.479999542236328,8.760000228881836,9.479999542236328,1017,0.0,0.0
2024-09-27 00:00:00-04:00,8.880000114440918,9.239999771118164,8.399999618530273,8.640000343322754,3808,0.0,0.0
2024-09-30 00:00:00-04:00,9.0,9.0,8.520000457763672,8.880000114440918,425,0.0,0.0
2024-10-01 00:00:00-04:00,8.399999618530273,8.880000114440918,8.15999984741211,8.640000343322754,1408,0.0,0.0
2024-10-02 00:00:00-04:00,8.760000228881836,8.880000114440918,8.279999732971191,8.520000457763672,1600,0.0,0.0
2024-10-03 00:00:00-04:00,8.880000114440918,8.880000114440918,8.880000114440918,8.880000114440918,750,0.0,0.0
2024-10-04 00:00:00-04:00,8.520000457763672,9.119999885559082,8.520000457763672,8.760000228881836,2475,0.0,0.0
2024-10-07 00:00:00-04:00,8.880000114440918,10.5600004196167,8.640000343322754,9.84000015258789,21875,0.0,0.0
2024-10-08 00:00:00-04:00,9.960000038146973,10.4399995803833,9.479999542236328,9.479999542236328,6475,0.0,0.0
2024-10-09 00:00:00-04:00,9.600000381469727,10.079999923706055,9.600000381469727,9.960000038146973,5758,0.0,0.0
2024-10-10 00:00:00-04:00,10.079999923706055,10.199999809265137,9.720000267028809,9.84000015258789,5567,0.0,0.0
2024-10-11 00:00:00-04:00,9.600000381469727,9.720000267028809,9.239999771118164,9.359999656677246,3433,0.0,0.0
2024-10-14 00:00:00-04:00,9.0,10.079999923706055,9.0,9.359999656677246,875,0.0,0.0
2024-10-15 00:00:00-04:00,9.359999656677246,10.079999923706055,9.0,9.359999656677246,908,0.0,0.0
2024-10-16 00:00:00-04:00,9.359999656677246,10.079999923706055,9.359999656677246,9.359999656677246,1300,0.0,0.0
2024-10-17 00:00:00-04:00,9.479999542236328,9.720000267028809,9.119999885559082,9.119999885559082,475,0.0,0.0
2024-10-18 00:00:00-04:00,9.119999885559082,9.84000015258789,9.0,9.720000267028809,542,0.0,0.0
2024-10-21 00:00:00-04:00,9.960000038146973,10.079999923706055,9.119999885559082,9.479999542236328,608,0.0,0.0
2024-10-22 00:00:00-04:00,9.960000038146973,9.960000038146973,9.239999771118164,9.239999771118164,267,0.0,0.0
2024-10-23 00:00:00-04:00,9.479999542236328,9.479999542236328,9.0,9.0,333,0.0,0.0
2024-10-24 00:00:00-04:00,9.359999656677246,9.359999656677246,7.920000076293945,9.119999885559082,4850,0.0,0.0
2024-10-25 00:00:00-04:00,8.760000228881836,9.239999771118164,8.760000228881836,8.760000228881836,208,0.0,0.0
2024-10-28 00:00:00-04:00,9.239999771118164,9.239999771118164,8.520000457763672,9.0,367,0.0,0.0
2024-10-29 00:00:00-04:00,9.0,9.239999771118164,7.679999828338623,9.0,1942,0.0,0.0
2024-10-30 00:00:00-04:00,9.0,9.0,8.15999984741211,8.399999618530273,775,0.0,0.0
2024-10-31 00:00:00-04:00,8.640000343322754,8.880000114440918,8.15999984741211,8.15999984741211,350,0.0,0.0
2024-11-01 00:00:00-04:00,7.440000057220459,7.800000190734863,7.079999923706055,7.320000171661377,1600,0.0,0.0
2024-11-04 00:00:00-05:00,7.320000171661377,8.039999961853027,7.320000171661377,8.039999961853027,600,0.0,0.0
2024-11-05 00:00:00-05:00,8.279999732971191,8.399999618530273,7.440000057220459,7.920000076293945,2483,0.0,0.0
2024-11-06 00:00:00-05:00,7.920000076293945,8.520000457763672,6.960000038146973,7.800000190734863,1917,0.0,0.0
2024-11-07 00:00:00-05:00,7.679999828338623,7.800000190734863,7.199999809265137,7.199999809265137,283,0.0,0.0
2024-11-08 00:00:00-05:00,7.559999942779541,13.079999923706055,6.480000019073486,8.760000228881836,479867,0.0,0.0
2024-11-11 00:00:00-05:00,8.15999984741211,8.880000114440918,7.800000190734863,7.920000076293945,14717,0.0,0.0
2024-11-12 00:00:00-05:00,7.679999828338623,8.520000457763672,7.559999942779541,7.679999828338623,5192,0.0,0.0
2024-11-13 00:00:00-05:00,7.440000057220459,8.039999961853027,7.199999809265137,7.199999809265137,4183,0.0,0.0
2024-11-14 00:00:00-05:00,7.320000171661377,7.679999828338623,7.079999923706055,7.559999942779541,2542,0.0,0.0
2024-11-15 00:00:00-05:00,7.559999942779541,8.880000114440918,7.320000171661377,8.15999984741211,9383,0.0,0.0
2024-11-18 00:00:00-05:00,8.039999961853027,8.15999984741211,7.679999828338623,8.15999984741211,617,0.0,0.0
2024-11-19 00:00:00-05:00,7.559999942779541,8.520000457763672,7.320000171661377,7.920000076293945,3400,0.0,0.0
2024-11-20 00:00:00-05:00,7.440000057220459,7.679999828338623,7.440000057220459,7.679999828338623,608,0.0,0.0
2024-11-21 00:00:00-05:00,7.440000057220459,8.15999984741211,7.440000057220459,7.679999828338623,1000,0.0,0.0
2024-11-22 00:00:00-05:00,7.800000190734863,8.15999984741211,7.679999828338623,8.15999984741211,442,0.0,0.0
2024-11-25 00:00:00-05:00,8.15999984741211,8.520000457763672,7.800000190734863,8.15999984741211,7033,0.0,0.0
2024-11-26 00:00:00-05:00,7.920000076293945,8.039999961853027,7.320000171661377,7.679999828338623,5600,0.0,0.0
2024-11-27 00:00:00-05:00,7.679999828338623,8.039999961853027,7.679999828338623,7.679999828338623,1967,0.0,0.0
2024-11-29 00:00:00-05:00,7.679999828338623,7.920000076293945,7.440000057220459,7.440000057220459,475,0.0,0.0
2024-12-02 00:00:00-05:00,7.320000171661377,7.679999828338623,6.71999979019165,6.840000152587891,4017,0.0,0.0
2024-12-03 00:00:00-05:00,7.559999942779541,7.559999942779541,5.519999980926514,6.360000133514404,7958,0.0,0.0
2024-12-04 00:00:00-05:00,6.360000133514404,6.360000133514404,5.880000114440918,6.239999771118164,2633,0.0,0.0
2024-12-05 00:00:00-05:00,6.119999885559082,6.239999771118164,4.920000076293945,6.239999771118164,7758,0.0,0.0
2024-12-06 00:00:00-05:00,6.239999771118164,13.4399995803833,6.119999885559082,11.279999732971191,2257842,0.0,0.0
2024-12-09 00:00:00-05:00,9.359999656677246,10.800000190734863,8.760000228881836,10.4399995803833,122267,0.0,0.0
2024-12-10 00:00:00-05:00,9.84000015258789,12.359999656677246,9.600000381469727,10.920000076293945,70642,0.0,0.0
2024-12-11 00:00:00-05:00,11.15999984741211,11.399999618530273,9.600000381469727,9.84000015258789,25550,0.0,0.0
2024-12-12 00:00:00-05:00,10.079999923706055,10.680000305175781,8.520000457763672,8.520000457763672,13892,0.0,0.0
2024-12-13 00:00:00-05:00,8.640000343322754,9.84000015258789,8.640000343322754,9.0,23983,0.0,0.0
2024-12-16 00:00:00-05:00,9.239999771118164,10.199999809265137,8.880000114440918,9.239999771118164,39883,0.0,0.0
2024-12-17 00:00:00-05:00,9.359999656677246,9.600000381469727,8.880000114440918,9.359999656677246,17767,0.0,0.0
2024-12-18 00:00:00-05:00,9.600000381469727,10.199999809265137,9.0,9.0,21808,0.0,0.0
2024-12-19 00:00:00-05:00,9.359999656677246,9.600000381469727,9.0,9.0,15217,0.0,0.0
2024-12-20 00:00:00-05:00,9.479999542236328,9.720000267028809,8.880000114440918,9.600000381469727,48308,0.0,0.0
2024-12-23 00:00:00-05:00,9.479999542236328,9.479999542236328,8.640000343322754,8.880000114440918,27033,0.0,0.0
2024-12-24 00:00:00-05:00,9.239999771118164,9.479999542236328,8.640000343322754,9.119999885559082,7092,0.0,0.0
2024-12-26 00:00:00-05:00,9.479999542236328,9.960000038146973,9.0,9.479999542236328,29167,0.0,0.0
2024-12-27 00:00:00-05:00,9.84000015258789,9.84000015258789,8.399999618530273,8.880000114440918,34358,0.0,0.0
2024-12-30 00:00:00-05:00,8.640000343322754,9.0,8.15999984741211,8.15999984741211,15608,0.0,0.0
2024-12-31 00:00:00-05:00,8.399999618530273,8.640000343322754,6.960000038146973,7.679999828338623,39442,0.0,0.0
2025-01-02 00:00:00-05:00,7.679999828338623,9.239999771118164,7.559999942779541,8.039999961853027,91233,0.0,0.0
2025-01-03 00:00:00-05:00,7.800000190734863,8.039999961853027,7.440000057220459,7.559999942779541,30975,0.0,0.0
2025-01-06 00:00:00-05:00,7.800000190734863,8.039999961853027,7.559999942779541,7.920000076293945,11958,0.0,0.0
2025-01-07 00:00:00-05:00,8.039999961853027,8.15999984741211,7.559999942779541,7.559999942779541,14767,0.0,0.0
2025-01-08 00:00:00-05:00,7.679999828338623,7.800000190734863,7.199999809265137,7.320000171661377,9458,0.0,0.0
2025-01-10 00:00:00-05:00,7.320000171661377,7.440000057220459,6.599999904632568,7.199999809265137,9925,0.0,0.0
2025-01-13 00:00:00-05:00,6.960000038146973,7.320000171661377,6.480000019073486,6.960000038146973,29208,0.0,0.0
2025-01-14 00:00:00-05:00,6.599999904632568,6.960000038146973,5.400000095367432,5.760000228881836,42192,0.0,0.0
2025-01-15 00:00:00-05:00,5.760000228881836,6.0,5.760000228881836,6.0,10650,0.0,0.0
2025-01-16 00:00:00-05:00,5.760000228881836,6.360000133514404,5.760000228881836,6.239999771118164,4708,0.0,0.0
2025-01-17 00:00:00-05:00,6.0,6.0,5.880000114440918,6.0,8775,0.0,0.0
2025-01-21 00:00:00-05:00,5.760000228881836,5.880000114440918,5.519999980926514,5.760000228881836,8783,0.0,0.0
2025-01-22 00:00:00-05:00,5.760000228881836,6.119999885559082,5.639999866485596,5.760000228881836,5392,0.0,0.0
2025-01-23 00:00:00-05:00,5.760000228881836,5.880000114440918,5.400000095367432,5.639999866485596,7250,0.0,0.0
2025-01-24 00:00:00-05:00,5.639999866485596,5.639999866485596,5.28000020980835,5.400000095367432,6933,0.0,0.0
2025-01-27 00:00:00-05:00,5.519999980926514,5.639999866485596,3.9600000381469727,4.440000057220459,25175,0.0,0.0
2025-01-28 00:00:00-05:00,4.679999828338623,4.800000190734863,4.320000171661377,4.679999828338623,7958,0.0,0.0
2025-01-29 00:00:00-05:00,4.559999942779541,7.079999923706055,4.559999942779541,5.519999980926514,471250,0.0,0.0
2025-01-30 00:00:00-05:00,5.760000228881836,6.360000133514404,5.159999847412109,5.519999980926514,125925,0.0,0.0
2025-01-31 00:00:00-05:00,5.639999866485596,5.639999866485596,4.800000190734863,5.159999847412109,43775,0.0,0.0
2025-02-03 00:00:00-05:00,5.039999961853027,5.159999847412109,4.800000190734863,5.159999847412109,49475,0.0,0.0
2025-02-04 00:00:00-05:00,4.920000076293945,5.159999847412109,3.9600000381469727,5.039999961853027,39792,0.0,0.0
2025-02-05 00:00:00-05:00,4.920000076293945,5.28000020980835,4.440000057220459,5.039999961853027,291942,0.0,0.0
2025-02-06 00:00:00-05:00,7.559999942779541,8.279999732971191,5.760000228881836,6.599999904632568,3814992,0.0,0.0
2025-02-07 00:00:00-05:00,5.28000020980835,6.480000019073486,5.159999847412109,5.880000114440918,205592,0.0,0.0
2025-02-10 00:00:00-05:00,6.840000152587891,6.840000152587891,5.760000228881836,6.360000133514404,292942,0.0,0.0
2025-02-11 00:00:00-05:00,6.0,6.360000133514404,5.519999980926514,6.0,72675,0.0,0.0
2025-02-12 00:00:00-05:00,5.760000228881836,6.599999904632568,5.639999866485596,6.239999771118164,110892,0.0,0.0
2025-02-13 00:00:00-05:00,6.0,6.480000019073486,5.880000114440918,6.119999885559082,49492,0.0,0.0
2025-02-14 00:00:00-05:00,6.239999771118164,6.599999904632568,5.760000228881836,6.239999771118164,55358,0.0,0.0
2025-02-18 00:00:00-05:00,6.119999885559082,6.71999979019165,5.760000228881836,6.0,113725,0.0,0.0
2025-02-19 00:00:00-05:00,5.880000114440918,6.239999771118164,5.760000228881836,6.239999771118164,21583,0.0,0.0
2025-02-20 00:00:00-05:00,6.119999885559082,6.119999885559082,5.639999866485596,5.760000228881836,20067,0.0,0.0
2025-02-21 00:00:00-05:00,5.639999866485596,5.880000114440918,5.159999847412109,5.400000095367432,25025,0.0,0.0
2025-02-24 00:00:00-05:00,5.28000020980835,5.760000228881836,4.440000057220459,4.800000190734863,174892,0.0,0.0
2025-02-25 00:00:00-05:00,4.559999942779541,4.920000076293945,3.9600000381469727,4.679999828338623,86008,0.0,0.0
2025-02-26 00:00:00-05:00,4.559999942779541,4.800000190734863,4.559999942779541,4.679999828338623,18675,0.0,0.0
2025-02-27 00:00:00-05:00,4.559999942779541,4.679999828338623,4.320000171661377,4.320000171661377,15833,0.0,0.0
2025-02-28 00:00:00-05:00,4.440000057220459,4.559999942779541,4.199999809265137,4.440000057220459,16775,0.0,0.0
2025-03-03 00:00:00-05:00,4.920000076293945,6.0,4.920000076293945,5.159999847412109,478600,0.0,0.0
2025-03-04 00:00:00-05:00,4.800000190734863,5.519999980926514,4.440000057220459,5.039999961853027,67317,0.0,0.0
2025-03-05 00:00:00-05:00,5.039999961853027,5.28000020980835,4.679999828338623,4.920000076293945,41892,0.0,0.0
2025-03-06 00:00:00-05:00,4.800000190734863,5.400000095367432,4.559999942779541,5.28000020980835,103433,0.0,0.0
2025-03-07 00:00:00-05:00,5.039999961853027,5.159999847412109,4.800000190734863,4.920000076293945,27792,0.0,0.0
2025-03-10 00:00:00-04:00,4.679999828338623,5.039999961853027,4.320000171661377,4.559999942779541,27825,0.0,0.0
2025-03-11 00:00:00-04:00,4.440000057220459,4.679999828338623,4.320000171661377,4.440000057220459,16033,0.0,0.0
2025-03-12 00:00:00-04:00,4.320000171661377,4.920000076293945,4.199999809265137,4.679999828338623,59300,0.0,0.0
2025-03-13 00:00:00-04:00,4.800000190734863,5.039999961853027,3.9600000381469727,4.320000171661377,52658,0.0,0.0
2025-03-14 00:00:00-04:00,4.559999942779541,4.679999828338623,4.079999923706055,4.320000171661377,151633,0.0,0.0
2025-03-17 00:00:00-04:00,3.8399999141693115,4.199999809265137,3.359999895095825,3.9600000381469727,75942,0.0,0.0
2025-03-18 00:00:00-04:00,3.8399999141693115,3.9600000381469727,3.7200000286102295,3.9600000381469727,16225,0.0,0.0
2025-03-19 00:00:00-04:00,3.8399999141693115,3.9600000381469727,3.7200000286102295,3.8399999141693115,6983,0.0,0.0
2025-03-20 00:00:00-04:00,3.9600000381469727,4.079999923706055,3.5999999046325684,3.7200000286102295,13258,0.0,0.0
2025-03-21 00:00:00-04:00,3.7200000286102295,3.8399999141693115,3.5999999046325684,3.5999999046325684,13150,0.0,0.0
2025-03-24 00:00:00-04:00,3.5999999046325684,3.7200000286102295,3.359999895095825,3.4800000190734863,9058,0.0,0.0
2025-03-25 00:00:00-04:00,3.5999999046325684,3.5999999046325684,3.359999895095825,3.5999999046325684,9917,0.0,0.0
2025-03-26 00:00:00-04:00,3.5999999046325684,3.7200000286102295,3.359999895095825,3.4800000190734863,42025,0.0,0.0
2025-03-27 00:00:00-04:00,3.359999895095825,3.5999999046325684,3.359999895095825,3.5999999046325684,12808,0.0,0.0
2025-03-28 00:00:00-04:00,3.4800000190734863,3.5999999046325684,3.119999885559082,3.240000009536743,10800,0.0,0.0
2025-03-31 00:00:00-04:00,3.240000009536743,3.5999999046325684,3.0,3.4800000190734863,329000,0.0,0.0
2025-04-01 00:00:00-04:00,4.079999923706055,4.440000057220459,3.5999999046325684,3.9600000381469727,553367,0.0,0.0
2025-04-02 00:00:00-04:00,3.5999999046325684,3.7200000286102295,3.119999885559082,3.4800000190734863,96467,0.0,0.0
2025-04-03 00:00:00-04:00,3.0,3.240000009536743,2.2799999713897705,2.880000114440918,76283,0.0,0.0
2025-04-04 00:00:00-04:00,2.759999990463257,3.240000009536743,2.640000104904175,3.119999885559082,232758,0.0,0.0
2025-04-07 00:00:00-04:00,3.119999885559082,3.9600000381469727,2.759999990463257,3.359999895095825,474333,0.0,0.0
2025-04-08 00:00:00-04:00,3.359999895095825,3.359999895095825,3.0,3.119999885559082,52733,0.0,0.0
2025-04-09 00:00:00-04:00,3.0,3.240000009536743,2.759999990463257,3.240000009536743,46333,0.0,0.0
2025-04-10 00:00:00-04:00,3.240000009536743,3.4800000190734863,3.119999885559082,3.359999895095825,27783,0.0,0.0
2025-04-11 00:00:00-04:00,3.359999895095825,3.359999895095825,2.880000114440918,3.0,34800,0.0,0.0
2025-04-14 00:00:00-04:00,3.0,3.119999885559082,2.759999990463257,2.880000114440918,45867,0.0,0.0
2025-04-15 00:00:00-04:00,2.880000114440918,2.880000114440918,2.640000104904175,2.880000114440918,18917,0.0,0.0
2025-04-16 00:00:00-04:00,2.759999990463257,2.880000114440918,2.640000104904175,2.759999990463257,8117,0.0,0.0
2025-04-17 00:00:00-04:00,2.640000104904175,2.759999990463257,2.5199999809265137,2.640000104904175,13217,0.0,0.0
2025-04-21 00:00:00-04:00,2.640000104904175,2.759999990463257,2.2799999713897705,2.640000104904175,23433,0.0,0.0
2025-04-22 00:00:00-04:00,2.640000104904175,2.880000114440918,2.4000000953674316,2.5199999809265137,119375,0.0,0.0
2025-04-23 00:00:00-04:00,2.5199999809265137,2.759999990463257,2.5199999809265137,2.640000104904175,25183,0.0,0.0
2025-04-24 00:00:00-04:00,2.640000104904175,2.880000114440918,2.5199999809265137,2.640000104904175,46450,0.0,0.0
2025-04-25 00:00:00-04:00,2.640000104904175,4.079999923706055,2.640000104904175,3.240000009536743,594942,0.0,0.0
2025-04-28 00:00:00-04:00,3.0,3.240000009536743,2.640000104904175,3.119999885559082,156058,0.0,0.0
2025-04-29 00:00:00-04:00,3.119999885559082,3.359999895095825,2.880000114440918,2.880000114440918,56658,0.0,0.0
2025-04-30 00:00:00-04:00,3.0,3.359999895095825,2.880000114440918,3.240000009536743,47058,0.0,0.0
2025-05-01 00:00:00-04:00,3.240000009536743,3.7200000286102295,2.880000114440918,3.4800000190734863,63842,0.0,0.0
2025-05-02 00:00:00-04:00,3.5999999046325684,4.079999923706055,3.359999895095825,3.7200000286102295,113625,0.0,0.0
2025-05-05 00:00:00-04:00,4.199999809265137,4.920000076293945,3.8399999141693115,4.920000076293945,821883,0.0,0.0
2025-05-06 00:00:00-04:00,4.550000190734863,4.829999923706055,3.240000009536743,3.8399999141693115,406600,0.0,0.08333333333333333
2025-05-07 00:00:00-04:00,3.450000047683716,3.75,3.25,3.2699999809265137,144700,0.0,0.0
2025-05-08 00:00:00-04:00,2.940000057220459,3.2799999713897705,2.4100000858306885,3.1700000762939453,1019100,0.0,0.0
2025-05-09 00:00:00-04:00,3.069999933242798,4.150000095367432,2.940000057220459,3.5799999237060547,369300,0.0,0.0
2025-05-12 00:00:00-04:00,3.380000114440918,3.5199999809265137,3.1600000858306885,3.309999942779541,85200,0.0,0.0
2025-05-13 00:00:00-04:00,3.309999942779541,3.5,3.130000114440918,3.359999895095825,43500,0.0,0.0
2025-05-14 00:00:00-04:00,3.359999895095825,3.6600000858306885,3.259999990463257,3.4200000762939453,54800,0.0,0.0
2025-05-15 00:00:00-04:00,3.359999895095825,3.5299999713897705,2.6700000762939453,2.940000057220459,176900,0.0,0.0
2025-05-16 00:00:00-04:00,3.049999952316284,3.069999933242798,2.869999885559082,2.9600000381469727,26100,0.0,0.0
2025-05-19 00:00:00-04:00,2.990000009536743,3.0199999809265137,2.8499999046325684,2.930000066757202,35400,0.0,0.0
2025-05-20 00:00:00-04:00,3.0399999618530273,3.0399999618530273,2.6500000953674316,2.9100000858306885,102800,0.0,0.0
2025-05-21 00:00:00-04:00,2.9700000286102295,2.9700000286102295,2.5799999237060547,2.7899999618530273,46100,0.0,0.0
2025-05-22 00:00:00-04:00,2.7899999618530273,3.859999895095825,2.7899999618530273,3.759999990463257,241900,0.0,0.0
2025-05-23 00:00:00-04:00,3.990000009536743,6.909999847412109,3.5799999237060547,6.71999979019165,6066500,0.0,0.0
2025-05-27 00:00:00-04:00,33.93000030517578,53.45000076293945,28.5,35.83000183105469,54492800,0.0,0.0
2025-05-28 00:00:00-04:00,31.100000381469727,32.79999923706055,27.229999542236328,29.15999984741211,2200300,0.0,0.0
2025-05-29 00:00:00-04:00,29.15999984741211,92.87000274658203,29.049999237060547,79.20999908447266,20324600,0.0,0.0
2025-05-30 00:00:00-04:00,105.0,124.12000274658203,70.25,76.69999694824219,12276900,0.0,0.0
2025-06-02 00:00:00-04:00,55.95000076293945,63.0,45.61000061035156,55.369998931884766,4126800,0.0,0.0
2025-06-03 00:00:00-04:00,57.720001220703125,82.69999694824219,49.439998626708984,50.290000915527344,7860000,0.0,0.0
2025-06-04 00:00:00-04:00,55.25,62.63999938964844,51.47999954223633,59.20000076293945,2941000,0.0,0.0
2025-06-05 00:00:00-04:00,58.959999084472656,59.02000045776367,40.5,42.52000045776367,2079700,0.0,0.0
2025-06-06 00:00:00-04:00,44.86000061035156,45.119998931884766,37.0,41.47999954223633,1612300,0.0,0.0
2025-06-09 00:00:00-04:00,38.2599983215332,38.79999923706055,29.170000076293945,29.43000030517578,2884700,0.0,0.0
2025-06-10 00:00:00-04:00,34.75,38.0,29.799999237060547,33.97999954223633,3788800,0.0,0.0
2025-06-11 00:00:00-04:00,36.40999984741211,49.52000045776367,31.8700008392334,37.06999969482422,7139400,0.0,0.0
2025-06-12 00:00:00-04:00,33.130001068115234,37.18000030517578,30.329999923706055,32.529998779296875,13390900,0.0,0.0
2025-06-13 00:00:00-04:00,10.25,11.630000114440918,9.050000190734863,9.210000038146973,41921600,0.0,0.0
2025-06-16 00:00:00-04:00,10.880000114440918,14.25,10.550000190734863,13.40999984741211,46975200,0.0,0.0
2025-06-17 00:00:00-04:00,13.630000114440918,13.630000114440918,11.609999656677246,11.949999809265137,15642400,0.0,0.0
2025-06-18 00:00:00-04:00,11.670000076293945,12.220000267028809,9.520000457763672,10.0,18613500,0.0,0.0
2025-06-20 00:00:00-04:00,10.970000267028809,11.020000457763672,9.399999618530273,9.850000381469727,14299800,0.0,0.0
2025-06-23 00:00:00-04:00,9.84000015258789,10.100000381469727,8.699999809265137,9.0,12767300,0.0,0.0
2025-06-24 00:00:00-04:00,9.899999618530273,10.630000114440918,9.449999809265137,9.65999984741211,10615500,0.0,0.0
2025-06-25 00:00:00-04:00,10.0,12.029999732971191,9.5,10.279999732971191,20056400,0.0,0.0
2025-06-26 00:00:00-04:00,10.5,10.600000381469727,9.710000038146973,10.079999923706055,7265600,0.0,0.0
2025-06-27 00:00:00-04:00,9.84000015258789,9.880000114440918,9.3100004196167,9.359999656677246,7684200,0.0,0.0
2025-06-30 00:00:00-04:00,9.699999809265137,10.140000343322754,9.069999694824219,9.930000305175781,8842800,0.0,0.0
2025-07-01 00:00:00-04:00,9.970000267028809,10.359999656677246,9.3100004196167,9.350000381469727,7069500,0.0,0.0
2025-07-02 00:00:00-04:00,9.5,12.4399995803833,9.180000305175781,11.979999542236328,28015100,0.0,0.0
2025-07-03 00:00:00-04:00,13.970000267028809,14.0,11.829999923706055,12.65999984741211,33808300,0.0,0.0
2025-07-07 00:00:00-04:00,13.329999923706055,15.170000076293945,12.460000038146973,12.670000076293945,31058300,0.0,0.0
2025-07-08 00:00:00-04:00,14.390000343322754,16.520000457763672,14.010000228881836,16.290000915527344,53603600,0.0,0.0
2025-07-09 00:00:00-04:00,19.020000457763672,19.020000457763672,15.319999694824219,17.059999465942383,56556900,0.0,0.0
2025-07-10 00:00:00-04:00,17.690000534057617,20.440000534057617,16.5,18.479999542236328,48242800,0.0,0.0
2025-07-11 00:00:00-04:00,20.030000686645508,22.81999969482422,19.299999237060547,21.649999618530273,54687600,0.0,0.0
2025-07-14 00:00:00-04:00,25.0,27.610000610351562,23.170000076293945,23.8799991607666,55333100,0.0,0.0
2025-07-15 00:00:00-04:00,25.299999237060547,29.25,24.1299991607666,28.969999313354492,70814100,0.0,0.0
2025-07-16 00:00:00-04:00,33.79999923706055,39.08000183105469,31.360000610351562,37.380001068115234,80590400,0.0,0.0
2025-07-17 00:00:00-04:00,39.06999969482422,39.08000183105469,32.31999969482422,36.400001525878906,98296700,0.0,0.0
2025-07-18 00:00:00-04:00,36.95000076293945,40.459999084472656,28.90999984741211,28.979999542236328,86780200,0.0,0.0
2025-07-21 00:00:00-04:00,32.0,34.290000915527344,24.790000915527344,25.25,82720700,0.0,0.0
2025-07-22 00:00:00-04:00,26.360000610351562,29.790000915527344,25.0,27.399999618530273,58507800,0.0,0.0
2025-07-23 00:00:00-04:00,26.440000534057617,26.780000686645508,24.530000686645508,25.809999465942383,36592300,0.0,0.0
2025-07-24 00:00:00-04:00,25.760000228881836,28.5,22.1200008392334,23.31999969482422,70756600,0.0,0.0
2025-07-25 00:00:00-04:00,24.770000457763672,24.989999771118164,21.350000381469727,21.989999771118164,47775700,0.0,0.0
2025-07-28 00:00:00-04:00,23.100000381469727,23.100000381469727,19.780000686645508,20.93000030517578,53061300,0.0,0.0
2025-07-29 00:00:00-04:00,20.31999969482422,20.84000015258789,18.3700008392334,19.079999923706055,40697100,0.0,0.0
2025-07-30 00:00:00-04:00,18.700000762939453,20.649999618530273,18.700000762939453,19.559999465942383,38162900,0.0,0.0
2025-07-31 00:00:00-04:00,19.5,20.299999237060547,18.780000686645508,18.809999465942383,24112000,0.0,0.0
2025-08-01 00:00:00-04:00,18.049999237060547,18.809999465942383,17.09000015258789,17.139999389648438,29186600,0.0,0.0
2025-08-04 00:00:00-04:00,17.940000534057617,20.139999389648438,17.690000534057617,19.139999389648438,39469500,0.0,0.0
2025-08-05 00:00:00-04:00,19.040000915527344,20.299999237060547,18.350000381469727,20.229999542236328,23958000,0.0,0.0
2025-08-06 00:00:00-04:00,19.510000228881836,22.440000534057617,18.639999389648438,22.139999389648438,34577300,0.0,0.0
2025-08-07 00:00:00-04:00,21.719999313354492,24.100000381469727,21.530000686645508,23.360000610351562,53405400,0.0,0.0
2025-08-08 00:00:00-04:00,23.540000915527344,25.420000076293945,22.209999084472656,23.920000076293945,81121200,0.0,0.0
2025-08-11 00:00:00-04:00,24.1200008392334,28.260000228881836,22.260000228881836,22.34000015258789,113444600,0.0,0.0
2025-08-12 00:00:00-04:00,24.0,24.030000686645508,21.440000534057617,22.469999313354492,73909400,0.0,0.0
2025-08-13 00:00:00-04:00,23.270000457763672,24.549999237060547,22.360000610351562,23.520000457763672,56960200,0.0,0.0
2025-08-14 00:00:00-04:00,21.889999389648438,23.780000686645508,21.760000228881836,23.489999771118164,46458200,0.0,0.0
2025-08-15 00:00:00-04:00,22.5,22.719999313354492,19.6299991607666,19.850000381469727,60295400,0.0,0.0
2025-08-18 00:00:00-04:00,19.469999313354492,21.209999084472656,18.920000076293945,20.1200008392334,43781900,0.0,0.0
2025-08-19 00:00:00-04:00,19.59000015258789,20.020000457763672,18.09000015258789,18.3799991607666,36725500,0.0,0.0
2025-08-20 00:00:00-04:00,18.600000381469727,19.65999984741211,18.219999313354492,19.469999313354492,38047300,0.0,0.0
2025-08-21 00:00:00-04:00,18.700000762939453,19.450000762939453,17.90999984741211,18.040000915527344,25260900,0.0,0.0
2025-08-22 00:00:00-04:00,18.399999618530273,21.030000686645508,18.25,20.8700008392334,85754100,0.0,0.0
2025-08-25 00:00:00-04:00,20.3700008392334,20.40999984741211,19.100000381469727,19.170000076293945,36202700,0.0,0.0
2025-08-26 00:00:00-04:00,19.34000015258789,20.079999923706055,19.010000228881836,19.920000076293945,26517200,0.0,0.0
2025-08-27 00:00:00-04:00,19.729999542236328,20.270000457763672,19.1299991607666,19.270000457763672,31176200,0.0,0.0
2025-08-28 00:00:00-04:00,19.149999618530273,19.3799991607666,18.260000228881836,18.459999084472656,25365400,0.0,0.0
2025-08-29 00:00:00-04:00,18.3799991607666,18.450000762939453,17.510000228881836,17.81999969482422,21077100,0.0,0.0
2025-09-02 00:00:00-04:00,17.479999542236328,17.8700008392334,16.610000610351562,16.979999542236328,25780200,0.0,0.0
2025-09-03 00:00:00-04:00,17.139999389648438,17.43000030517578,16.520000457763672,16.81999969482422,29983600,0.0,0.0
2025-09-04 00:00:00-04:00,16.100000381469727,16.170000076293945,14.970000267028809,15.430000305175781,38519600,0.0,0.0
2025-09-05 00:00:00-04:00,15.819999694824219,16.059999465942383,14.289999961853027,14.9399995803833,29896600,0.0,0.0
2025-09-08 00:00:00-04:00,15.15999984741211,16.170000076293945,14.970000267028809,15.670000076293945,23262600,0.0,0.0
2025-09-09 00:00:00-04:00,16.420000076293945,16.770000457763672,15.84000015258789,16.690000534057617,24068100,0.0,0.0
2025-09-10 00:00:00-04:00,16.860000610351562,17.15999984741211,15.970000267028809,16.09000015258789,22942200,0.0,0.0
2025-09-11 00:00:00-04:00,16.110000610351562,17.260000228881836,16.040000915527344,16.360000610351562,23076000,0.0,0.0
2025-09-12 00:00:00-04:00,16.610000610351562,17.829999923706055,16.530000686645508,17.700000762939453,28043200,0.0,0.0
2025-09-15 00:00:00-04:00,17.139999389648438,17.229999542236328,16.31999969482422,16.790000915527344,21814300,0.0,0.0
2025-09-16 00:00:00-04:00,17.049999237060547,17.1200008392334,16.190000534057617,16.950000762939453,15292300,0.0,0.0
2025-09-17 00:00:00-04:00,16.940000534057617,17.479999542236328,16.350000381469727,17.1200008392334,19381200,0.0,0.0
2025-09-18 00:00:00-04:00,17.510000228881836,18.670000076293945,17.190000534057617,17.219999313354492,28512300,0.0,0.0
2025-09-19 00:00:00-04:00,16.8799991607666,17.84000015258789,16.760000228881836,17.329999923706055,29627600,0.0,0.0
2025-09-22 00:00:00-04:00,16.219999313354492,16.979999542236328,16.079999923706055,16.610000610351562,20839800,0.0,0.0
2025-09-23 00:00:00-04:00,16.610000610351562,17.43000030517578,16.450000762939453,17.010000228881836,15806500,0.0,0.0
2025-09-24 00:00:00-04:00,16.600000381469727,18.100000381469727,16.489999771118164,17.579999923706055,20069400,0.0,0.0
2025-09-25 00:00:00-04:00,16.329999923706055,16.81999969482422,15.819999694824219,16.309999465942383,18544000,0.0,0.0
2025-09-26 00:00:00-04:00,16.31999969482422,16.530000686645508,15.600000381469727,16.0,13407700,0.0,0.0
2025-09-29 00:00:00-04:00,16.049999237060547,17.520000457763672,16.010000228881836,17.260000228881836,20463900,0.0,0.0
2025-09-30 00:00:00-04:00,16.799999237060547,17.3700008392334,16.579999923706055,17.010000228881836,9566200,0.0,0.0
2025-10-01 00:00:00-04:00,17.520000457763672,18.1200008392334,17.15999984741211,17.3700008392334,16603700,0.0,0.0
2025-10-02 00:00:00-04:00,17.670000076293945,18.489999771118164,17.520000457763672,18.09000015258789,17170400,0.0,0.0
2025-10-03 00:00:00-04:00,18.18000030517578,18.729999542236328,17.709999084472656,18.18000030517578,15454900,0.0,0.0
2025-10-06 00:00:00-04:00,18.84000015258789,19.459999084472656,18.510000228881836,19.239999771118164,17252800,0.0,0.0
2025-10-07 00:00:00-04:00,19.270000457763672,19.540000915527344,17.40999984741211,17.770000457763672,19842300,0.0,0.0
2025-10-08 00:00:00-04:00,17.489999771118164,18.049999237060547,17.270000457763672,17.56999969482422,12066500,0.0,0.0
2025-10-09 00:00:00-04:00,17.139999389648438,17.149999618530273,16.239999771118164,16.950000762939453,15425600,0.0,0.0
2025-10-10 00:00:00-04:00,17.020000457763672,17.170000076293945,15.140000343322754,15.319999694824219,21171600,0.0,0.0
2025-10-13 00:00:00-04:00,15.670000076293945,16.200000762939453,15.109999656677246,16.1299991607666,12620200,0.0,0.0
2025-10-14 00:00:00-04:00,15.199999809265137,15.989999771118164,14.859999656677246,15.640000343322754,10512100,0.0,0.0
2025-10-15 00:00:00-04:00,15.880000114440918,16.1299991607666,14.979999542236328,15.149999618530273,9202800,0.0,0.0
2025-10-16 00:00:00-04:00,15.970000267028809,16.200000762939453,14.460000038146973,14.569999694824219,14339900,0.0,0.0
2025-10-17 00:00:00-04:00,13.930000305175781,14.420000076293945,13.6899995803833,14.34000015258789,14531700,0.0,0.0
2025-10-20 00:00:00-04:00,14.949999809265137,15.5,14.75,14.789999961853027,9782500,0.0,0.0
2025-10-21 00:00:00-04:00,14.550000190734863,15.039999961853027,14.210000038146973,14.34000015258789,11400300,0.0,0.0
2025-10-22 00:00:00-04:00,13.989999771118164,14.020000457763672,12.859999656677246,13.4399995803833,18081800,0.0,0.0
2025-10-23 00:00:00-04:00,13.649999618530273,13.729999542236328,13.359999656677246,13.510000228881836,9493500,0.0,0.0
2025-10-24 00:00:00-04:00,14.050000190734863,14.140000343322754,13.739999771118164,13.920000076293945,10121500,0.0,0.0
2025-10-27 00:00:00-04:00,14.819999694824219,14.899999618530273,14.300000190734863,14.3100004196167,10252800,0.0,0.0
2025-10-28 00:00:00-04:00,14.369999885559082,14.520000457763672,13.710000038146973,13.739999771118164,7920700,0.0,0.0
2025-10-29 00:00:00-04:00,13.449999809265137,13.869999885559082,13.15999984741211,13.609999656677246,9907500,0.0,0.0
2025-10-30 00:00:00-04:00,13.210000038146973,13.359999656677246,12.729999542236328,12.770000457763672,12087600,0.0,0.0
2025-10-31 00:00:00-04:00,13.329999923706055,13.9399995803833,13.300000190734863,13.84000015258789,12701900,0.0,0.0
2025-11-03 00:00:00-05:00,13.199999809265137,13.430000305175781,12.680000305175781,13.09000015258789,11745700,0.0,0.0
2025-11-04 00:00:00-05:00,12.40999984741211,12.8100004196167,11.670000076293945,11.680000305175781,15096300,0.0,0.0
2025-11-05 00:00:00-05:00,12.0,12.380000114440918,11.760000228881836,12.130000114440918,8540200,0.0,0.0
2025-11-06 00:00:00-05:00,11.800000190734863,11.84000015258789,11.130000114440918,11.170000076293945,8866400,0.0,0.0
2025-11-07 00:00:00-05:00,10.8100004196167,12.170000076293945,10.699999809265137,11.960000038146973,10869500,0.0,0.0
2025-11-10 00:00:00-05:00,12.430000305175781,12.579999923706055,11.920000076293945,11.949999809265137,11327000,0.0,0.0
2025-11-11 00:00:00-05:00,11.760000228881836,11.960000038146973,11.489999771118164,11.5600004196167,8921300,0.0,0.0
2025-11-12 00:00:00-05:00,11.920000076293945,12.100000381469727,11.270000457763672,11.569999694824219,10076300,0.0,0.0
2025-11-13 00:00:00-05:00,11.65999984741211,12.079999923706055,10.569999694824219,10.989999771118164,14050700,0.0,0.0
2025-11-14 00:00:00-05:00,10.59000015258789,11.079999923706055,10.550000190734863,10.890000343322754,12765000,0.0,0.0
2025-11-17 00:00:00-05:00,10.609999656677246,11.270000457763672,10.149999618530273,10.289999961853027,13773800,0.0,0.0
2025-11-18 00:00:00-05:00,10.079999923706055,10.859999656677246,10.0600004196167,10.550000190734863,9955800,0.0,0.0
2025-11-19 00:00:00-05:00,10.430000305175781,10.619999885559082,9.760000228881836,9.869999885559082,11110300,0.0,0.0
2025-11-20 00:00:00-05:00,10.170000076293945,10.220000267028809,9.239999771118164,9.300000190734863,13794400,0.0,0.0
2025-11-21 00:00:00-05:00,9.140000343322754,9.619999885559082,8.760000228881836,9.520000457763672,13682900,0.0,0.0
2025-11-24 00:00:00-05:00,9.569999694824219,10.210000038146973,9.5,10.079999923706055,11065400,0.0,0.0
2025-11-25 00:00:00-05:00,9.819999694824219,9.989999771118164,9.569999694824219,9.930000305175781,6518100,0.0,0.0
2025-11-26 00:00:00-05:00,9.930000305175781,10.4399995803833,9.779999732971191,10.25,9403600,0.0,0.0
2025-11-28 00:00:00-05:00,10.600000381469727,10.989999771118164,10.470000267028809,10.619999885559082,6108000,0.0,0.0
2025-12-01 00:00:00-05:00,9.770000457763672,9.899999618530273,9.380000114440918,9.600000381469727,8690400,0.0,0.0
2025-12-02 00:00:00-05:00,9.859999656677246,10.529999732971191,9.800000190734863,9.970000267028809,10310600,0.0,0.0
2025-12-03 00:00:00-05:00,10.130000114440918,10.710000038146973,10.050000190734863,10.59000015258789,8122300,0.0,0.0
2025-12-04 00:00:00-05:00,10.65999984741211,11.15999984741211,10.489999771118164,11.15999984741211,9087100,0.0,0.0
2025-12-05 00:00:00-05:00,10.800000190734863,11.119999885559082,10.609999656677246,10.720000267028809,7010100,0.0,0.0
2025-12-08 00:00:00-05:00,11.140000343322754,11.350000381469727,10.75,11.0600004196167,8030800,0.0,0.0
2025-12-09 00:00:00-05:00,10.920000076293945,12.079999923706055,10.869999885559082,11.600000381469727,9937900,0.0,0.0
2025-12-10 00:00:00-05:00,11.40999984741211,12.289999961853027,11.300000190734863,12.020000457763672,10683000,0.0,0.0
2025-12-11 00:00:00-05:00,11.449999809265137,11.640000343322754,11.119999885559082,11.529999732971191,7510100,0.0,0.0
2025-12-12 00:00:00-05:00,11.710000038146973,11.760000228881836,10.489999771118164,10.510000228881836,8709800,0.0,0.0
2025-12-15 00:00:00-05:00,10.470000267028809,10.550000190734863,9.470000267028809,9.510000228881836,10523100,0.0,0.0
2025-12-16 00:00:00-05:00,9.470000267028809,9.789999961853027,9.380000114440918,9.710000038146973,7686200,0.0,0.0
2025-12-17 00:00:00-05:00,9.479999542236328,10.029999732971191,9.25,9.270000457763672,9209800,0.0,0.0
2025-12-18 00:00:00-05:00,9.550000190734863,9.880000114440918,9.010000228881836,9.020000457763672,8189200,0.0,0.0
2025-12-19 00:00:00-05:00,9.5,9.850000381469727,9.449999809265137,9.8100004196167,10090900,0.0,0.0
2025-12-22 00:00:00-05:00,10.010000228881836,10.039999961853027,9.520000457763672,9.569999694824219,7486700,0.0,0.0
2025-12-23 00:00:00-05:00,9.279999732971191,9.430000305175781,9.039999961853027,9.239999771118164,8525100,0.0,0.0
2025-12-24 00:00:00-05:00,9.130000114440918,9.199999809265137,8.960000038146973,9.199999809265137,4079000,0.0,0.0
2025-12-26 00:00:00-05:00,9.100000381469727,9.15999984741211,8.850000381469727,8.899999618530273,6748800,0.0,0.0
2025-12-29 00:00:00-05:00,8.800000190734863,9.170000076293945,8.770000457763672,8.960000038146973,10896100,0.0,0.0
2025-12-30 00:00:00-05:00,8.850000381469727,9.109999656677246,8.760000228881836,8.789999961853027,8616900,0.0,0.0
2025-12-31 00:00:00-05:00,8.850000381469727,8.979999542236328,8.6899995803833,8.9399995803833,9250500,0.0,0.0
2026-01-02 00:00:00-05:00,9.140000343322754,9.949999809265137,8.979999542236328,9.6899995803833,10761400,0.0,0.0
2026-01-05 00:00:00-05:00,10.010000228881836,10.529999732971191,9.899999618530273,10.270000457763672,9299700,0.0,0.0
2026-01-06 00:00:00-05:00,10.449999809265137,10.720000267028809,10.069999694824219,10.34000015258789,7443400,0.0,0.0
2026-01-07 00:00:00-05:00,10.289999961853027,10.460000038146973,10.069999694824219,10.140000343322754,6119400,0.0,0.0
2026-01-08 00:00:00-05:00,9.920000076293945,10.520000457763672,9.789999961853027,10.279999732971191,6597000,0.0,0.0
2026-01-09 00:00:00-05:00,10.399999618530273,10.40999984741211,9.789999961853027,10.020000457763672,5195200,0.0,0.0
2026-01-12 00:00:00-05:00,10.029999732971191,10.420000076293945,9.920000076293945,10.260000228881836,4794800,0.0,0.0
2026-01-13 00:00:00-05:00,10.399999618530273,10.649999618530273,10.1899995803833,10.539999961853027,5892400,0.0,0.0
2026-01-14 00:00:00-05:00,10.989999771118164,11.100000381469727,10.630000114440918,10.880000114440918,7320600,0.0,0.0
2026-01-15 00:00:00-05:00,10.770000457763672,10.869999885559082,10.399999618530273,10.4399995803833,7752400,0.0,0.0
2026-01-16 00:00:00-05:00,10.460000038146973,11.069999694824219,10.430000305175781,11.0,7684200,0.0,0.0
2026-01-20 00:00:00-05:00,10.220000267028809,10.350000381469727,9.850000381469727,9.949999809265137,8743100,0.0,0.0
2026-01-21 00:00:00-05:00,9.829999923706055,10.149999618530273,9.420000076293945,9.970000267028809,7725000,0.0,0.0
2026-01-22 00:00:00-05:00,9.949999809265137,9.970000267028809,9.489999771118164,9.779999732971191,5925400,0.0,0.0
2026-01-23 00:00:00-05:00,9.640000343322754,10.09000015258789,9.569999694824219,9.75,5174300,0.0,0.0
2026-01-26 00:00:00-05:00,9.510000228881836,9.59000015258789,9.220000267028809,9.380000114440918,8015200,0.0,0.0
2026-01-27 00:00:00-05:00,9.420000076293945,10.0,9.390000343322754,9.989999771118164,5948000,0.0,0.0
2026-01-28 00:00:00-05:00,10.0,10.210000038146973,9.819999694824219,9.970000267028809,5043500,0.0,0.0
2026-01-29 00:00:00-05:00,9.9399995803833,9.9399995803833,9.140000343322754,9.369999885559082,7725200,0.0,0.0
2026-01-30 00:00:00-05:00,9.109999656677246,9.260000228881836,8.680000305175781,8.880000114440918,9618200,0.0,0.0
2026-02-02 00:00:00-05:00,8.15999984741211,8.34000015258789,7.710000038146973,7.789999961853027,11298800,0.0,0.0
2026-02-03 00:00:00-05:00,7.760000228881836,7.769999980926514,7.090000152587891,7.659999847412109,8695600,0.0,0.0
2026-02-04 00:00:00-05:00,7.46999979019165,7.599999904632568,6.989999771118164,7.079999923706055,10609600,0.0,0.0
2026-02-05 00:00:00-05:00,6.699999809265137,6.849999904632568,5.980000019073486,6.070000171661377,14640300,0.0,0.0
2026-02-06 00:00:00-05:00,6.519999980926514,7.099999904632568,6.5,7.03000020980835,9758000,0.0,0.0
2026-02-09 00:00:00-05:00,6.889999866485596,7.320000171661377,6.800000190734863,7.110000133514404,6884500,0.0,0.0
2026-02-10 00:00:00-05:00,6.860000133514404,7.03000020980835,6.630000114440918,6.650000095367432,6151500,0.0,0.0
2026-02-11 00:00:00-05:00,6.619999885559082,6.730000019073486,6.369999885559082,6.619999885559082,6990900,0.0,0.0
2026-02-12 00:00:00-05:00,6.690000057220459,6.78000020980835,6.289999961853027,6.539999961853027,6495100,0.0,0.0
2026-02-13 00:00:00-05:00,6.53000020980835,6.989999771118164,6.53000020980835,6.849999904632568,5777700,0.0,0.0
2026-02-17 00:00:00-05:00,6.699999809265137,6.760000228881836,6.380000114440918,6.659999847412109,6286800,0.0,0.0
2026-02-18 00:00:00-05:00,6.71999979019165,6.889999866485596,6.519999980926514,6.599999904632568,6959600,0.0,0.0
2026-02-19 00:00:00-05:00,6.590000152587891,6.829999923706055,6.429999828338623,6.800000190734863,4604200,0.0,0.0
2026-02-20 00:00:00-05:00,6.739999771118164,6.96999979019165,6.679999828338623,6.71999979019165,3489800,0.0,0.0
2026-02-23 00:00:00-05:00,6.5,6.610000133514404,6.340000152587891,6.489999771118164,6068900,0.0,0.0
2026-02-24 00:00:00-05:00,6.309999942779541,6.610000133514404,6.179999828338623,6.550000190734863,6643300,0.0,0.0
2026-02-25 00:00:00-05:00,6.889999866485596,7.53000020980835,6.849999904632568,7.440000057220459,8697600,0.0,0.0
2026-02-26 00:00:00-05:00,7.400000095367432,7.460000038146973,6.96999979019165,7.210000038146973,8189500,0.0,0.0
2026-02-27 00:00:00-05:00,6.940000057220459,7.0,6.670000076293945,6.820000171661377,3981300,0.0,0.0
2026-03-02 00:00:00-05:00,6.699999809265137,7.590000152587891,6.690000057220459,7.389999866485596,10420000,0.0,0.0
2026-03-03 00:00:00-05:00,7.110000133514404,7.480000019073486,6.980000019073486,7.260000228881836,7140700,0.0,0.0
2026-03-04 00:00:00-05:00,7.739999771118164,8.279999732971191,7.650000095367432,8.130000114440918,11956500,0.0,0.0
2026-03-05 00:00:00-05:00,7.889999866485596,8.079999923706055,7.659999847412109,7.929999828338623,8986700,0.0,0.0
2026-03-06 00:00:00-05:00,7.639999866485596,7.670000076293945,7.210000038146973,7.360000133514404,6873500,0.0,0.0
2026-03-09 00:00:00-04:00,7.480000019073486,7.630000114440918,7.320000171661377,7.599999904632568,6643000,0.0,0.0
2026-03-10 00:00:00-04:00,7.659999847412109,7.769999980926514,7.320000171661377,7.389999866485596,5023100,0.0,0.0
2026-03-11 00:00:00-04:00,7.449999809265137,7.820000171661377,7.360000133514404,7.590000152587891,4119700,0.0,0.0
2026-03-12 00:00:00-04:00,7.510000228881836,7.699999809265137,7.349999904632568,7.480000019073486,4239600,0.0,0.0
2026-03-13 00:00:00-04:00,7.840000152587891,8.079999923706055,7.449999809265137,7.53000020980835,4412600,0.0,0.0
2026-03-16 00:00:00-04:00,8.039999961853027,8.300000190734863,8.0,8.199999809265137,5631600,0.0,0.0
2026-03-17 00:00:00-04:00,8.300000190734863,8.40999984741211,8.140000343322754,8.3100004196167,3770700,0.0,0.0
2026-03-18 00:00:00-04:00,8.100000381469727,8.210000038146973,7.849999904632568,7.869999885559082,5077200,0.0,0.0
2026-03-19 00:00:00-04:00,7.659999847412109,7.78000020980835,7.5,7.679999828338623,3605300,0.0,0.0
2026-03-20 00:00:00-04:00,7.679999828338623,7.730000019073486,7.309999942779541,7.400000095367432,3654200,0.0,0.0
2026-03-23 00:00:00-04:00,7.400000095367432,7.650000095367432,7.380000114440918,7.510000228881836,4596300,0.0,0.0
2026-03-24 00:00:00-04:00,7.400000095367432,7.539999961853027,7.110000133514404,7.170000076293945,3934000,0.0,0.0
2026-03-25 00:00:00-04:00,7.369999885559082,7.570000171661377,7.110000133514404,7.28000020980835,6029800,0.0,0.0
2026-03-26 00:00:00-04:00,7.0,7.019999980926514,6.460000038146973,6.53000020980835,10293800,0.0,0.0
2026-03-27 00:00:00-04:00,6.349999904632568,6.5,6.0,6.039999961853027,10877100,0.0,0.0
2026-03-30 00:00:00-04:00,6.230000019073486,6.320000171661377,5.960000038146973,6.010000228881836,5652300,0.0,0.0
2026-03-31 00:00:00-04:00,6.070000171661377,6.53000020980835,6.070000171661377,6.449999809265137,11584100,0.0,0.0
2026-04-01 00:00:00-04:00,6.599999904632568,6.659999847412109,6.420000076293945,6.460000038146973,5306100,0.0,0.0
2026-04-02 00:00:00-04:00,6.150000095367432,6.340000152587891,5.980000019073486,6.190000057220459,7668300,0.0,0.0
2026-04-06 00:00:00-04:00,6.380000114440918,6.460000038146973,6.21999979019165,6.380000114440918,7665600,0.0,0.0
2026-04-07 00:00:00-04:00,6.199999809265137,6.260000228881836,5.989999771118164,6.239999771118164,8742200,0.0,0.0
2026-04-08 00:00:00-04:00,6.800000190734863,6.900000095367432,6.360000133514404,6.420000076293945,8129200,0.0,0.0
2026-04-09 00:00:00-04:00,6.360000133514404,6.570000171661377,6.269999980926514,6.420000076293945,7134978,0.0,0.0
