Date,Open,High,Low,Close,Volume,Dividends,Stock Splits
2022-01-03 00:00:00-05:00,33.349998474121094,35.45000076293945,33.349998474121094,34.349998474121094,41860,0.0,0.0
2022-01-04 00:00:00-05:00,34.45000076293945,35.25,33.75,34.849998474121094,21320,0.0,0.0
2022-01-05 00:00:00-05:00,34.79999923706055,35.029998779296875,34.45000076293945,34.79999923706055,11540,0.0,0.0
2022-01-06 00:00:00-05:00,34.79999923706055,35.20000076293945,33.25,34.75,46180,0.0,0.0
2022-01-07 00:00:00-05:00,34.29999923706055,34.900001525878906,33.5,33.849998474121094,16020,0.0,0.0
2022-01-10 00:00:00-05:00,33.04999923706055,34.849998474121094,33.0,34.54999923706055,27420,0.0,0.0
2022-01-11 00:00:00-05:00,34.54999923706055,34.79999923706055,32.900001525878906,33.150001525878906,26720,0.0,0.0
2022-01-12 00:00:00-05:00,33.04999923706055,33.29999923706055,31.799999237060547,31.850000381469727,8060,0.0,0.0
2022-01-13 00:00:00-05:00,32.04999923706055,32.04999923706055,30.299999237060547,31.450000762939453,12240,0.0,0.0
2022-01-14 00:00:00-05:00,31.299999237060547,33.5,31.299999237060547,33.5,9160,0.0,0.0
2022-01-18 00:00:00-05:00,33.849998474121094,33.849998474121094,31.450000762939453,31.649999618530273,10280,0.0,0.0
2022-01-19 00:00:00-05:00,31.549999237060547,31.700000762939453,30.649999618530273,30.950000762939453,7520,0.0,0.0
2022-01-20 00:00:00-05:00,31.850000381469727,32.57500076293945,30.25,30.549999237060547,17680,0.0,0.0
2022-01-21 00:00:00-05:00,30.5,31.299999237060547,30.25,30.5,18120,0.0,0.0
2022-01-24 00:00:00-05:00,30.25,30.375,27.299999237060547,28.100000381469727,19920,0.0,0.0
2022-01-25 00:00:00-05:00,28.799999237060547,28.799999237060547,26.950000762939453,27.200000762939453,12220,0.0,0.0
2022-01-26 00:00:00-05:00,27.700000762939453,28.049999237060547,25.899999618530273,26.0,10400,0.0,0.0
2022-01-27 00:00:00-05:00,26.0,26.149999618530273,24.5,25.25,56100,0.0,0.0
2022-01-28 00:00:00-05:00,25.149999618530273,26.0,23.799999237060547,25.75,12600,0.0,0.0
2022-01-31 00:00:00-05:00,25.899999618530273,26.700000762939453,25.450000762939453,26.350000381469727,8740,0.0,0.0
2022-02-01 00:00:00-05:00,26.399999618530273,27.5,26.399999618530273,27.399999618530273,8340,0.0,0.0
2022-02-02 00:00:00-05:00,27.549999237060547,28.200000762939453,27.149999618530273,27.649999618530273,20420,0.0,0.0
2022-02-03 00:00:00-05:00,26.950000762939453,27.600000381469727,26.850000381469727,27.100000381469727,2160,0.0,0.0
2022-02-04 00:00:00-05:00,26.950000762939453,28.1299991607666,26.950000762939453,27.549999237060547,5940,0.0,0.0
2022-02-07 00:00:00-05:00,27.600000381469727,27.895000457763672,27.399999618530273,27.700000762939453,4040,0.0,0.0
2022-02-08 00:00:00-05:00,27.549999237060547,28.649999618530273,27.399999618530273,27.950000762939453,7340,0.0,0.0
2022-02-09 00:00:00-05:00,28.450000762939453,28.5,27.200000762939453,27.350000381469727,6820,0.0,0.0
2022-02-10 00:00:00-05:00,27.25,27.450000762939453,26.649999618530273,27.0,4080,0.0,0.0
2022-02-11 00:00:00-05:00,26.600000381469727,28.049999237060547,26.5,27.5,10740,0.0,0.0
2022-02-14 00:00:00-05:00,27.149999618530273,28.100000381469727,27.100000381469727,27.299999237060547,8820,0.0,0.0
2022-02-15 00:00:00-05:00,28.0,28.200000762939453,26.649999618530273,27.75,4480,0.0,0.0
2022-02-16 00:00:00-05:00,28.0,28.0,27.25,27.649999618530273,5800,0.0,0.0
2022-02-17 00:00:00-05:00,28.649999618530273,29.25,27.399999618530273,27.75,5320,0.0,0.0
2022-02-18 00:00:00-05:00,27.450000762939453,28.024999618530273,26.344999313354492,27.350000381469727,4740,0.0,0.0
2022-02-22 00:00:00-05:00,26.899999618530273,27.975000381469727,26.75,26.950000762939453,5560,0.0,0.0
2022-02-23 00:00:00-05:00,27.450000762939453,27.450000762939453,26.399999618530273,27.25,5060,0.0,0.0
2022-02-24 00:00:00-05:00,25.049999237060547,27.0,25.049999237060547,26.200000762939453,13400,0.0,0.0
2022-02-25 00:00:00-05:00,26.600000381469727,26.700000762939453,25.700000762939453,26.399999618530273,6480,0.0,0.0
2022-02-28 00:00:00-05:00,26.5,26.674999237060547,25.799999237060547,25.799999237060547,7660,0.0,0.0
2022-03-01 00:00:00-05:00,26.100000381469727,28.049999237060547,26.100000381469727,27.549999237060547,16620,0.0,0.0
2022-03-02 00:00:00-05:00,27.700000762939453,28.200000762939453,26.899999618530273,27.0,16540,0.0,0.0
2022-03-03 00:00:00-05:00,27.0,27.649999618530273,26.44499969482422,26.450000762939453,10740,0.0,0.0
2022-03-04 00:00:00-05:00,26.649999618530273,27.299999237060547,24.950000762939453,25.0,136980,0.0,0.0
2022-03-07 00:00:00-05:00,26.25,26.25,22.950000762939453,23.200000762939453,9120,0.0,0.0
2022-03-08 00:00:00-05:00,23.25,25.25,23.010000228881836,24.950000762939453,17040,0.0,0.0
2022-03-09 00:00:00-05:00,25.799999237060547,25.799999237060547,24.375,25.0,16420,0.0,0.0
2022-03-10 00:00:00-05:00,25.0,25.149999618530273,23.825000762939453,24.649999618530273,8920,0.0,0.0
2022-03-11 00:00:00-05:00,24.399999618530273,25.424999237060547,24.399999618530273,25.399999618530273,6360,0.0,0.0
2022-03-14 00:00:00-04:00,25.0,25.700000762939453,24.024999618530273,24.700000762939453,11940,0.0,0.0
2022-03-15 00:00:00-04:00,24.5,25.149999618530273,23.950000762939453,24.75,16560,0.0,0.0
2022-03-16 00:00:00-04:00,24.844999313354492,26.350000381469727,24.844999313354492,25.700000762939453,10600,0.0,0.0
2022-03-17 00:00:00-04:00,25.25,25.5,24.149999618530273,25.399999618530273,11720,0.0,0.0
2022-03-18 00:00:00-04:00,25.0,26.600000381469727,24.799999237060547,26.600000381469727,89480,0.0,0.0
2022-03-21 00:00:00-04:00,26.600000381469727,26.75,26.149999618530273,26.75,19900,0.0,0.0
2022-03-22 00:00:00-04:00,26.299999237060547,26.75,26.100000381469727,26.549999237060547,20900,0.0,0.0
2022-03-23 00:00:00-04:00,26.149999618530273,26.899999618530273,25.200000762939453,25.899999618530273,8840,0.0,0.0
2022-03-24 00:00:00-04:00,25.700000762939453,26.649999618530273,25.700000762939453,26.25,13420,0.0,0.0
2022-03-25 00:00:00-04:00,26.25,27.200000762939453,25.149999618530273,26.100000381469727,32840,0.0,0.0
2022-03-28 00:00:00-04:00,26.850000381469727,28.149999618530273,25.649999618530273,27.5,37700,0.0,0.0
2022-03-29 00:00:00-04:00,27.399999618530273,29.049999237060547,27.149999618530273,27.149999618530273,26360,0.0,0.0
2022-03-30 00:00:00-04:00,29.75,30.25,28.200000762939453,30.25,58420,0.0,0.0
2022-03-31 00:00:00-04:00,29.799999237060547,30.125,29.450000762939453,30.0,41020,0.0,0.0
2022-04-01 00:00:00-04:00,30.450000762939453,31.450000762939453,30.149999618530273,30.850000381469727,41080,0.0,0.0
2022-04-04 00:00:00-04:00,31.299999237060547,31.600000381469727,30.0,30.200000762939453,62060,0.0,0.0
2022-04-05 00:00:00-04:00,30.049999237060547,31.0,29.850000381469727,30.0,24180,0.0,0.0
2022-04-06 00:00:00-04:00,30.0,30.399999618530273,29.0,29.0,17160,0.0,0.0
2022-04-07 00:00:00-04:00,29.299999237060547,29.549999237060547,28.350000381469727,29.25,19420,0.0,0.0
2022-04-08 00:00:00-04:00,29.5,30.0,27.899999618530273,28.299999237060547,14780,0.0,0.0
2022-04-11 00:00:00-04:00,28.0,28.25,25.475000381469727,25.5,44560,0.0,0.0
2022-04-12 00:00:00-04:00,25.100000381469727,27.200000762939453,25.100000381469727,26.100000381469727,39700,0.0,0.0
2022-04-13 00:00:00-04:00,26.399999618530273,27.5,25.924999237060547,26.549999237060547,39620,0.0,0.0
2022-04-14 00:00:00-04:00,26.799999237060547,27.700000762939453,26.649999618530273,27.049999237060547,21500,0.0,0.0
2022-04-18 00:00:00-04:00,27.25,28.375,26.75,27.5,18720,0.0,0.0
2022-04-19 00:00:00-04:00,27.5,28.799999237060547,26.875,27.299999237060547,19060,0.0,0.0
2022-04-20 00:00:00-04:00,27.549999237060547,28.75,26.399999618530273,27.25,43160,0.0,0.0
2022-04-21 00:00:00-04:00,27.299999237060547,28.549999237060547,26.700000762939453,26.75,12660,0.0,0.0
2022-04-22 00:00:00-04:00,26.5,27.549999237060547,26.049999237060547,27.549999237060547,22400,0.0,0.0
2022-04-25 00:00:00-04:00,27.649999618530273,28.549999237060547,27.149999618530273,28.450000762939453,17480,0.0,0.0
2022-04-26 00:00:00-04:00,28.399999618530273,28.5,27.0,27.200000762939453,17340,0.0,0.0
2022-04-27 00:00:00-04:00,26.75,28.200000762939453,26.5,27.25,13460,0.0,0.0
2022-04-28 00:00:00-04:00,27.149999618530273,27.950000762939453,26.649999618530273,26.700000762939453,16600,0.0,0.0
2022-04-29 00:00:00-04:00,26.700000762939453,27.524999618530273,26.700000762939453,26.899999618530273,14640,0.0,0.0
2022-05-02 00:00:00-04:00,27.5,27.5,26.149999618530273,26.75,24540,0.0,0.0
2022-05-03 00:00:00-04:00,26.850000381469727,26.950000762939453,25.799999237060547,26.549999237060547,18400,0.0,0.0
2022-05-04 00:00:00-04:00,26.75,26.75,24.975000381469727,25.5,18340,0.0,0.0
2022-05-05 00:00:00-04:00,25.600000381469727,25.600000381469727,22.5,22.649999618530273,20600,0.0,0.0
2022-05-06 00:00:00-04:00,22.5,23.0,21.5,21.700000762939453,13320,0.0,0.0
2022-05-09 00:00:00-04:00,21.200000762939453,21.200000762939453,19.200000762939453,19.350000381469727,14060,0.0,0.0
2022-05-10 00:00:00-04:00,19.350000381469727,19.700000762939453,16.600000381469727,16.850000381469727,53540,0.0,0.0
2022-05-11 00:00:00-04:00,16.850000381469727,17.600000381469727,16.450000762939453,16.700000762939453,9740,0.0,0.0
2022-05-12 00:00:00-04:00,16.799999237060547,18.049999237060547,16.299999237060547,17.899999618530273,19440,0.0,0.0
2022-05-13 00:00:00-04:00,18.25,19.149999618530273,17.75,18.75,12900,0.0,0.0
2022-05-16 00:00:00-04:00,18.799999237060547,20.350000381469727,18.799999237060547,18.850000381469727,24320,0.0,0.0
2022-05-17 00:00:00-04:00,19.450000762939453,21.799999237060547,18.549999237060547,21.799999237060547,20440,0.0,0.0
2022-05-18 00:00:00-04:00,21.799999237060547,22.5,20.0,21.799999237060547,20280,0.0,0.0
2022-05-19 00:00:00-04:00,21.5,21.950000762939453,20.299999237060547,20.899999618530273,18820,0.0,0.0
2022-05-20 00:00:00-04:00,21.350000381469727,21.700000762939453,20.334999084472656,21.399999618530273,7780,0.0,0.0
2022-05-23 00:00:00-04:00,21.600000381469727,21.799999237060547,20.799999237060547,21.399999618530273,9620,0.0,0.0
2022-05-24 00:00:00-04:00,21.450000762939453,21.600000381469727,20.450000762939453,20.899999618530273,10560,0.0,0.0
2022-05-25 00:00:00-04:00,21.25,21.399999618530273,20.799999237060547,20.950000762939453,4900,0.0,0.0
2022-05-26 00:00:00-04:00,21.399999618530273,21.799999237060547,21.049999237060547,21.049999237060547,12360,0.0,0.0
2022-05-27 00:00:00-04:00,20.899999618530273,22.5,20.899999618530273,21.450000762939453,12920,0.0,0.0
2022-05-31 00:00:00-04:00,20.950000762939453,21.649999618530273,20.0,20.799999237060547,20700,0.0,0.0
2022-06-01 00:00:00-04:00,20.75,21.600000381469727,20.600000381469727,21.049999237060547,19460,0.0,0.0
2022-06-02 00:00:00-04:00,20.899999618530273,22.450000762939453,20.700000762939453,21.0,21280,0.0,0.0
2022-06-03 00:00:00-04:00,20.975000381469727,21.200000762939453,20.350000381469727,20.75,18440,0.0,0.0
2022-06-06 00:00:00-04:00,21.600000381469727,24.5,21.600000381469727,23.25,108740,0.0,0.0
2022-06-07 00:00:00-04:00,22.75,23.25,20.950000762939453,21.450000762939453,51480,0.0,0.0
2022-06-08 00:00:00-04:00,21.049999237060547,21.5,19.549999237060547,20.75,28260,0.0,0.0
2022-06-09 00:00:00-04:00,20.950000762939453,20.950000762939453,18.5,18.75,45700,0.0,0.0
2022-06-10 00:00:00-04:00,18.950000762939453,18.950000762939453,17.200000762939453,17.299999237060547,11960,0.0,0.0
2022-06-13 00:00:00-04:00,16.799999237060547,17.100000381469727,14.699999809265137,14.949999809265137,23960,0.0,0.0
2022-06-14 00:00:00-04:00,14.949999809265137,15.5,14.949999809265137,15.25,12100,0.0,0.0
2022-06-15 00:00:00-04:00,15.199999809265137,18.75,15.199999809265137,18.100000381469727,26580,0.0,0.0
2022-06-16 00:00:00-04:00,18.100000381469727,19.899999618530273,17.350000381469727,18.200000762939453,33880,0.0,0.0
2022-06-17 00:00:00-04:00,18.399999618530273,19.200000762939453,16.75,16.799999237060547,32980,0.0,0.0
2022-06-21 00:00:00-04:00,17.25,18.450000762939453,17.075000762939453,17.75,30520,0.0,0.0
2022-06-22 00:00:00-04:00,17.700000762939453,19.0,17.100000381469727,18.100000381469727,39260,0.0,0.0
2022-06-23 00:00:00-04:00,18.200000762939453,19.799999237060547,17.850000381469727,19.600000381469727,52720,0.0,0.0
2022-06-24 00:00:00-04:00,19.700000762939453,24.299999237060547,17.549999237060547,18.600000381469727,676700,0.0,0.0
2022-06-27 00:00:00-04:00,18.700000762939453,18.950000762939453,16.850000381469727,17.350000381469727,37080,0.0,0.0
2022-06-28 00:00:00-04:00,17.25,18.399999618530273,14.725000381469727,15.300000190734863,30880,0.0,0.0
2022-06-29 00:00:00-04:00,15.050000190734863,15.300000190734863,13.774999618530273,14.399999618530273,28480,0.0,0.0
2022-06-30 00:00:00-04:00,14.100000381469727,15.75,14.100000381469727,15.350000381469727,30000,0.0,0.0
2022-07-01 00:00:00-04:00,15.350000381469727,15.350000381469727,14.25,14.600000381469727,10220,0.0,0.0
2022-07-05 00:00:00-04:00,14.0,16.950000762939453,14.0,16.549999237060547,27860,0.0,0.0
2022-07-06 00:00:00-04:00,16.299999237060547,16.299999237060547,15.050000190734863,15.199999809265137,6900,0.0,0.0
2022-07-07 00:00:00-04:00,15.25,16.5,15.199999809265137,16.450000762939453,9180,0.0,0.0
2022-07-08 00:00:00-04:00,16.399999618530273,16.450000762939453,14.800000190734863,15.550000190734863,5880,0.0,0.0
2022-07-11 00:00:00-04:00,15.100000381469727,15.149999618530273,14.5,14.75,7520,0.0,0.0
2022-07-12 00:00:00-04:00,14.800000190734863,15.649999618530273,14.050000190734863,15.550000190734863,14440,0.0,0.0
2022-07-13 00:00:00-04:00,15.350000381469727,15.600000381469727,14.850000381469727,14.850000381469727,8420,0.0,0.0
2022-07-14 00:00:00-04:00,14.899999618530273,14.899999618530273,13.649999618530273,14.649999618530273,7880,0.0,0.0
2022-07-15 00:00:00-04:00,15.149999618530273,15.550000190734863,14.75,15.199999809265137,18180,0.0,0.0
2022-07-18 00:00:00-04:00,15.25,15.25,13.949999809265137,14.149999618530273,7840,0.0,0.0
2022-07-19 00:00:00-04:00,14.25,15.0,14.100000381469727,14.5,8120,0.0,0.0
2022-07-20 00:00:00-04:00,14.399999618530273,15.050000190734863,14.100000381469727,14.850000381469727,13820,0.0,0.0
2022-07-21 00:00:00-04:00,14.949999809265137,14.949999809265137,13.199999809265137,14.149999618530273,9080,0.0,0.0
2022-07-22 00:00:00-04:00,14.0,14.25,13.774999618530273,14.100000381469727,7680,0.0,0.0
2022-07-25 00:00:00-04:00,14.449999809265137,14.449999809265137,13.199999809265137,13.449999809265137,23740,0.0,0.0
2022-07-26 00:00:00-04:00,13.350000381469727,13.550000190734863,12.600000381469727,13.050000190734863,6360,0.0,0.0
2022-07-27 00:00:00-04:00,13.350000381469727,13.600000381469727,13.0,13.25,9480,0.0,0.0
2022-07-28 00:00:00-04:00,13.5,13.75,13.050000190734863,13.600000381469727,9380,0.0,0.0
2022-07-29 00:00:00-04:00,13.699999809265137,14.024999618530273,12.550000190734863,13.300000190734863,12920,0.0,0.0
2022-08-01 00:00:00-04:00,13.399999618530273,13.949999809265137,13.0,13.5,13160,0.0,0.0
2022-08-02 00:00:00-04:00,13.699999809265137,14.524999618530273,13.649999618530273,14.0,22980,0.0,0.0
2022-08-03 00:00:00-04:00,13.899999618530273,14.074999809265137,13.600000381469727,13.75,21980,0.0,0.0
2022-08-04 00:00:00-04:00,13.949999809265137,14.074999809265137,13.300000190734863,13.75,13880,0.0,0.0
2022-08-05 00:00:00-04:00,13.75,13.975000381469727,13.449999809265137,13.600000381469727,19640,0.0,0.0
2022-08-08 00:00:00-04:00,13.649999618530273,13.774999618530273,13.100000381469727,13.649999618530273,13720,0.0,0.0
2022-08-09 00:00:00-04:00,13.600000381469727,14.899999618530273,13.199999809265137,14.25,27680,0.0,0.0
2022-08-10 00:00:00-04:00,14.649999618530273,15.25,13.649999618530273,13.75,35340,0.0,0.0
2022-08-11 00:00:00-04:00,14.100000381469727,14.25,13.300000190734863,13.550000190734863,18900,0.0,0.0
2022-08-12 00:00:00-04:00,14.100000381469727,18.5,13.399999618530273,17.0,66820,0.0,0.0
2022-08-15 00:00:00-04:00,17.149999618530273,17.450000762939453,15.649999618530273,16.049999237060547,17820,0.0,0.0
2022-08-16 00:00:00-04:00,15.949999809265137,17.049999237060547,15.25,17.0,13160,0.0,0.0
2022-08-17 00:00:00-04:00,17.149999618530273,18.200000762939453,16.299999237060547,16.75,12320,0.0,0.0
2022-08-18 00:00:00-04:00,16.399999618530273,17.649999618530273,16.149999618530273,17.399999618530273,14240,0.0,0.0
2022-08-19 00:00:00-04:00,17.0,17.149999618530273,15.574999809265137,16.299999237060547,10560,0.0,0.0
2022-08-22 00:00:00-04:00,16.100000381469727,17.049999237060547,15.350000381469727,16.049999237060547,16520,0.0,0.0
2022-08-23 00:00:00-04:00,16.049999237060547,16.450000762939453,15.0,15.149999618530273,17760,0.0,0.0
2022-08-24 00:00:00-04:00,15.225000381469727,15.350000381469727,14.699999809265137,14.800000190734863,6440,0.0,0.0
2022-08-25 00:00:00-04:00,14.800000190734863,15.600000381469727,14.550000190734863,15.600000381469727,7740,0.0,0.0
2022-08-26 00:00:00-04:00,15.399999618530273,15.850000381469727,14.600000381469727,15.149999618530273,8340,0.0,0.0
2022-08-29 00:00:00-04:00,15.199999809265137,15.399999618530273,14.550000190734863,15.050000190734863,3340,0.0,0.0
2022-08-30 00:00:00-04:00,15.199999809265137,15.199999809265137,14.300000190734863,14.449999809265137,7900,0.0,0.0
2022-08-31 00:00:00-04:00,14.449999809265137,15.100000381469727,14.225000381469727,14.949999809265137,4900,0.0,0.0
2022-09-01 00:00:00-04:00,14.899999618530273,14.899999618530273,13.425000190734863,14.600000381469727,8360,0.0,0.0
2022-09-02 00:00:00-04:00,14.449999809265137,14.75,14.25,14.300000190734863,11520,0.0,0.0
2022-09-06 00:00:00-04:00,14.100000381469727,14.100000381469727,12.800000190734863,13.300000190734863,17120,0.0,0.0
2022-09-07 00:00:00-04:00,13.050000190734863,13.550000190734863,12.949999809265137,13.5,9360,0.0,0.0
2022-09-08 00:00:00-04:00,13.199999809265137,13.5,12.449999809265137,13.100000381469727,13320,0.0,0.0
2022-09-09 00:00:00-04:00,13.100000381469727,13.399999618530273,12.350000381469727,12.75,13200,0.0,0.0
2022-09-12 00:00:00-04:00,13.100000381469727,13.234999656677246,12.25,13.100000381469727,12100,0.0,0.0
2022-09-13 00:00:00-04:00,12.5,12.649999618530273,11.75,12.550000190734863,20460,0.0,0.0
2022-09-14 00:00:00-04:00,12.350000381469727,12.5,12.0,12.0,10500,0.0,0.0
2022-09-15 00:00:00-04:00,12.0,12.0,11.050000190734863,11.050000190734863,22400,0.0,0.0
2022-09-16 00:00:00-04:00,11.149999618530273,11.649999618530273,10.649999618530273,10.850000381469727,56360,0.0,0.0
2022-09-19 00:00:00-04:00,11.0,11.364999771118164,9.899999618530273,10.600000381469727,25780,0.0,0.0
2022-09-20 00:00:00-04:00,10.449999809265137,10.699999809265137,10.199999809265137,10.199999809265137,16780,0.0,0.0
2022-09-21 00:00:00-04:00,10.350000381469727,10.890000343322754,10.175000190734863,10.800000190734863,4900,0.0,0.0
2022-09-22 00:00:00-04:00,10.550000190734863,11.149999618530273,10.0,11.0,12560,0.0,0.0
2022-09-23 00:00:00-04:00,10.899999618530273,11.0,10.0,10.449999809265137,15080,0.0,0.0
2022-09-26 00:00:00-04:00,10.449999809265137,10.800000190734863,10.149999618530273,10.5,7720,0.0,0.0
2022-09-27 00:00:00-04:00,10.600000381469727,11.0,10.149999618530273,10.300000190734863,13160,0.0,0.0
2022-09-28 00:00:00-04:00,10.050000190734863,10.649999618530273,9.75,10.350000381469727,19640,0.0,0.0
2022-09-29 00:00:00-04:00,10.149999618530273,10.149999618530273,10.0,10.050000190734863,22940,0.0,0.0
2022-09-30 00:00:00-04:00,10.25,10.649999618530273,9.550000190734863,9.550000190734863,10480,0.0,0.0
2022-10-03 00:00:00-04:00,9.800000190734863,10.600000381469727,9.675000190734863,10.449999809265137,8860,0.0,0.0
2022-10-04 00:00:00-04:00,10.350000381469727,11.350000381469727,10.350000381469727,11.300000190734863,17760,0.0,0.0
2022-10-05 00:00:00-04:00,10.899999618530273,11.5,10.350000381469727,11.149999618530273,8700,0.0,0.0
2022-10-06 00:00:00-04:00,11.050000190734863,11.350000381469727,10.75,11.100000381469727,4860,0.0,0.0
2022-10-07 00:00:00-04:00,10.899999618530273,11.25,10.050000190734863,10.399999618530273,8560,0.0,0.0
2022-10-10 00:00:00-04:00,10.699999809265137,10.800000190734863,10.0,10.449999809265137,11040,0.0,0.0
2022-10-11 00:00:00-04:00,10.350000381469727,11.600000381469727,10.350000381469727,11.5,7520,0.0,0.0
2022-10-12 00:00:00-04:00,11.25,11.399999618530273,10.699999809265137,10.949999809265137,5060,0.0,0.0
2022-10-13 00:00:00-04:00,10.75,11.050000190734863,10.699999809265137,10.75,8180,0.0,0.0
2022-10-14 00:00:00-04:00,11.050000190734863,11.050000190734863,10.050000190734863,10.100000381469727,6620,0.0,0.0
2022-10-17 00:00:00-04:00,10.350000381469727,11.100000381469727,10.274999618530273,10.75,7660,0.0,0.0
2022-10-18 00:00:00-04:00,11.199999809265137,12.25,11.100000381469727,11.699999809265137,6600,0.0,0.0
2022-10-19 00:00:00-04:00,11.399999618530273,12.404999732971191,11.399999618530273,12.199999809265137,6860,0.0,0.0
2022-10-20 00:00:00-04:00,12.149999618530273,14.199999809265137,12.149999618530273,13.100000381469727,10480,0.0,0.0
2022-10-21 00:00:00-04:00,13.800000190734863,14.350000381469727,13.100000381469727,13.5,12000,0.0,0.0
2022-10-24 00:00:00-04:00,13.5,14.449999809265137,12.899999618530273,13.5,8280,0.0,0.0
2022-10-25 00:00:00-04:00,13.449999809265137,13.649999618530273,13.050000190734863,13.100000381469727,13060,0.0,0.0
2022-10-26 00:00:00-04:00,13.350000381469727,13.399999618530273,12.824999809265137,13.100000381469727,10020,0.0,0.0
2022-10-27 00:00:00-04:00,13.25,13.800000190734863,13.0,13.649999618530273,7960,0.0,0.0
2022-10-28 00:00:00-04:00,13.850000381469727,15.300000190734863,13.850000381469727,14.699999809265137,10120,0.0,0.0
2022-10-31 00:00:00-04:00,14.5,15.699999809265137,14.5,15.300000190734863,13140,0.0,0.0
2022-11-01 00:00:00-04:00,15.5,16.100000381469727,15.274999618530273,16.100000381469727,16080,0.0,0.0
2022-11-02 00:00:00-04:00,16.25,16.25,14.0,14.300000190734863,17740,0.0,0.0
2022-11-03 00:00:00-04:00,13.850000381469727,15.550000190734863,12.649999618530273,14.800000190734863,8060,0.0,0.0
2022-11-04 00:00:00-04:00,15.050000190734863,15.600000381469727,14.149999618530273,15.600000381469727,9260,0.0,0.0
2022-11-07 00:00:00-05:00,15.800000190734863,15.800000190734863,14.75,15.600000381469727,6500,0.0,0.0
2022-11-08 00:00:00-05:00,15.75,16.09000015258789,15.100000381469727,15.25,11380,0.0,0.0
2022-11-09 00:00:00-05:00,15.25,15.25,14.0,14.149999618530273,4740,0.0,0.0
2022-11-10 00:00:00-05:00,14.199999809265137,15.800000190734863,13.850000381469727,15.0,17160,0.0,0.0
2022-11-11 00:00:00-05:00,14.75,16.15999984741211,14.5,15.449999809265137,15940,0.0,0.0
2022-11-14 00:00:00-05:00,15.449999809265137,15.449999809265137,13.350000381469727,13.5,14240,0.0,0.0
2022-11-15 00:00:00-05:00,13.350000381469727,14.5,13.350000381469727,13.5,15520,0.0,0.0
2022-11-16 00:00:00-05:00,13.149999618530273,13.149999618530273,11.949999809265137,12.350000381469727,10900,0.0,0.0
2022-11-17 00:00:00-05:00,12.100000381469727,12.449999809265137,11.649999618530273,12.199999809265137,6920,0.0,0.0
2022-11-18 00:00:00-05:00,12.699999809265137,12.699999809265137,11.600000381469727,11.699999809265137,22480,0.0,0.0
2022-11-21 00:00:00-05:00,11.75,12.399999618530273,11.350000381469727,11.399999618530273,20180,0.0,0.0
2022-11-22 00:00:00-05:00,11.699999809265137,12.375,11.300000190734863,11.600000381469727,67300,0.0,0.0
2022-11-23 00:00:00-05:00,11.399999618530273,12.550000190734863,11.350000381469727,12.449999809265137,19260,0.0,0.0
2022-11-25 00:00:00-05:00,12.449999809265137,12.449999809265137,11.75,12.0,10100,0.0,0.0
2022-11-28 00:00:00-05:00,12.0,12.199999809265137,11.699999809265137,12.100000381469727,21680,0.0,0.0
2022-11-29 00:00:00-05:00,12.0,12.149999618530273,11.600000381469727,11.899999618530273,44520,0.0,0.0
2022-11-30 00:00:00-05:00,11.850000381469727,12.100000381469727,11.449999809265137,11.899999618530273,21740,0.0,0.0
2022-12-01 00:00:00-05:00,11.399999618530273,11.925000190734863,11.399999618530273,11.600000381469727,9460,0.0,0.0
2022-12-02 00:00:00-05:00,11.5,11.5,10.850000381469727,11.350000381469727,57140,0.0,0.0
2022-12-05 00:00:00-05:00,11.25,12.0,11.149999618530273,11.25,16880,0.0,0.0
2022-12-06 00:00:00-05:00,11.300000190734863,11.524999618530273,9.949999809265137,10.399999618530273,15780,0.0,0.0
2022-12-07 00:00:00-05:00,10.350000381469727,10.350000381469727,9.899999618530273,10.100000381469727,48300,0.0,0.0
2022-12-08 00:00:00-05:00,10.149999618530273,10.824999809265137,10.149999618530273,10.5,8660,0.0,0.0
2022-12-09 00:00:00-05:00,10.5,10.5,9.850000381469727,10.100000381469727,16900,0.0,0.0
2022-12-12 00:00:00-05:00,10.350000381469727,10.550000190734863,9.800000190734863,9.949999809265137,12740,0.0,0.0
2022-12-13 00:00:00-05:00,10.399999618530273,10.399999618530273,9.199999809265137,9.25,31320,0.0,0.0
2022-12-14 00:00:00-05:00,9.449999809265137,9.5,9.0,9.100000381469727,92920,0.0,0.0
2022-12-15 00:00:00-05:00,9.0,9.350000381469727,8.75,9.350000381469727,33280,0.0,0.0
2022-12-16 00:00:00-05:00,9.5,9.75,9.0,9.149999618530273,152320,0.0,0.0
2022-12-19 00:00:00-05:00,9.350000381469727,9.350000381469727,8.449999809265137,8.449999809265137,24320,0.0,0.0
2022-12-20 00:00:00-05:00,8.600000381469727,8.850000381469727,8.489999771118164,8.5,42940,0.0,0.0
2022-12-21 00:00:00-05:00,8.449999809265137,8.600000381469727,7.599999904632568,8.0,75660,0.0,0.0
2022-12-22 00:00:00-05:00,8.25,8.25,7.5,7.550000190734863,25220,0.0,0.0
2022-12-23 00:00:00-05:00,7.75,7.849999904632568,7.050000190734863,7.400000095367432,33700,0.0,0.0
2022-12-27 00:00:00-05:00,7.300000190734863,7.5,6.75,6.849999904632568,16520,0.0,0.0
2022-12-28 00:00:00-05:00,6.849999904632568,7.449999809265137,6.800000190734863,7.050000190734863,110440,0.0,0.0
2022-12-29 00:00:00-05:00,7.099999904632568,7.349999904632568,7.050000190734863,7.099999904632568,25260,0.0,0.0
2022-12-30 00:00:00-05:00,6.949999809265137,7.25,6.150000095367432,6.300000190734863,46940,0.0,0.0
2023-01-03 00:00:00-05:00,6.599999904632568,7.449999809265137,6.599999904632568,6.949999809265137,21020,0.0,0.0
2023-01-04 00:00:00-05:00,7.0,7.599999904632568,6.925000190734863,6.949999809265137,29080,0.0,0.0
2023-01-05 00:00:00-05:00,6.900000095367432,7.150000095367432,6.650000095367432,6.699999809265137,39200,0.0,0.0
2023-01-06 00:00:00-05:00,6.900000095367432,7.150000095367432,6.550000190734863,7.099999904632568,14260,0.0,0.0
2023-01-09 00:00:00-05:00,7.150000095367432,7.150000095367432,6.849999904632568,6.900000095367432,21560,0.0,0.0
2023-01-10 00:00:00-05:00,6.75,7.300000190734863,6.650000095367432,7.25,27620,0.0,0.0
2023-01-11 00:00:00-05:00,7.400000095367432,7.75,7.25,7.550000190734863,14340,0.0,0.0
2023-01-12 00:00:00-05:00,7.349999904632568,7.699999809265137,7.25,7.699999809265137,16480,0.0,0.0
2023-01-13 00:00:00-05:00,7.599999904632568,8.050000190734863,7.5,7.75,35560,0.0,0.0
2023-01-17 00:00:00-05:00,7.800000190734863,7.994999885559082,7.75,7.849999904632568,4040,0.0,0.0
2023-01-18 00:00:00-05:00,7.900000095367432,8.300000190734863,7.599999904632568,8.25,15480,0.0,0.0
2023-01-19 00:00:00-05:00,8.350000381469727,8.75,8.050000190734863,8.199999809265137,13060,0.0,0.0
2023-01-20 00:00:00-05:00,8.449999809265137,8.850000381469727,8.300000190734863,8.850000381469727,12820,0.0,0.0
2023-01-23 00:00:00-05:00,8.850000381469727,9.699999809265137,8.850000381469727,9.550000190734863,15120,0.0,0.0
2023-01-24 00:00:00-05:00,9.350000381469727,10.25,9.350000381469727,10.050000190734863,7440,0.0,0.0
2023-01-25 00:00:00-05:00,10.0,10.649999618530273,9.75,10.649999618530273,8980,0.0,0.0
2023-01-26 00:00:00-05:00,10.699999809265137,11.149999618530273,10.649999618530273,11.149999618530273,11840,0.0,0.0
2023-01-27 00:00:00-05:00,11.350000381469727,11.399999618530273,11.100000381469727,11.300000190734863,12400,0.0,0.0
2023-01-30 00:00:00-05:00,11.350000381469727,12.0,11.25,11.800000190734863,28160,0.0,0.0
2023-01-31 00:00:00-05:00,12.100000381469727,12.699999809265137,12.024999618530273,12.5,19820,0.0,0.0
2023-02-01 00:00:00-05:00,12.5,12.699999809265137,12.050000190734863,12.5,35380,0.0,0.0
2023-02-02 00:00:00-05:00,12.600000381469727,12.800000190734863,11.649999618530273,12.25,43360,0.0,0.0
2023-02-03 00:00:00-05:00,12.25,12.449999809265137,10.699999809265137,11.199999809265137,59160,0.0,0.0
2023-02-06 00:00:00-05:00,11.100000381469727,11.300000190734863,10.649999618530273,10.850000381469727,100020,0.0,0.0
2023-02-07 00:00:00-05:00,11.050000190734863,11.100000381469727,10.199999809265137,10.350000381469727,17620,0.0,0.0
2023-02-08 00:00:00-05:00,10.199999809265137,10.350000381469727,9.25,9.300000190734863,27340,0.0,0.0
2023-02-09 00:00:00-05:00,9.300000190734863,9.710000038146973,8.949999809265137,9.0,11480,0.0,0.0
2023-02-10 00:00:00-05:00,9.300000190734863,9.399999618530273,8.600000381469727,8.699999809265137,13920,0.0,0.0
2023-02-13 00:00:00-05:00,8.600000381469727,9.274999618530273,8.569999694824219,9.149999618530273,10960,0.0,0.0
2023-02-14 00:00:00-05:00,9.149999618530273,9.399999618530273,8.800000190734863,9.300000190734863,6540,0.0,0.0
2023-02-15 00:00:00-05:00,9.25,9.800000190734863,9.050000190734863,9.699999809265137,9620,0.0,0.0
2023-02-16 00:00:00-05:00,9.550000190734863,9.850000381469727,9.350000381469727,9.699999809265137,7100,0.0,0.0
2023-02-17 00:00:00-05:00,9.850000381469727,10.149999618530273,9.725000381469727,10.100000381469727,8760,0.0,0.0
2023-02-21 00:00:00-05:00,10.050000190734863,10.050000190734863,9.699999809265137,9.800000190734863,15060,0.0,0.0
2023-02-22 00:00:00-05:00,10.0,10.100000381469727,9.649999618530273,9.699999809265137,9260,0.0,0.0
2023-02-23 00:00:00-05:00,9.699999809265137,10.0,9.350000381469727,9.850000381469727,8420,0.0,0.0
2023-02-24 00:00:00-05:00,9.550000190734863,9.550000190734863,9.0,9.300000190734863,8800,0.0,0.0
2023-02-27 00:00:00-05:00,9.199999809265137,9.350000381469727,8.699999809265137,9.25,7480,0.0,0.0
2023-02-28 00:00:00-05:00,9.300000190734863,9.550000190734863,8.25,8.600000381469727,11640,0.0,0.0
2023-03-01 00:00:00-05:00,8.600000381469727,8.729999542236328,8.449999809265137,8.600000381469727,4160,0.0,0.0
2023-03-02 00:00:00-05:00,8.449999809265137,8.635000228881836,8.050000190734863,8.300000190734863,5280,0.0,0.0
2023-03-03 00:00:00-05:00,8.625,8.625,8.0,8.050000190734863,7220,0.0,0.0
2023-03-06 00:00:00-05:00,8.199999809265137,8.25,8.0,8.050000190734863,4800,0.0,0.0
2023-03-07 00:00:00-05:00,8.199999809265137,8.574999809265137,7.900000095367432,8.0,5680,0.0,0.0
2023-03-08 00:00:00-05:00,8.0,8.25,7.599999904632568,7.949999809265137,16180,0.0,0.0
2023-03-09 00:00:00-05:00,7.849999904632568,7.900000095367432,7.099999904632568,7.199999809265137,52060,0.0,0.0
2023-03-10 00:00:00-05:00,7.300000190734863,7.300000190734863,6.525000095367432,6.650000095367432,16480,0.0,0.0
2023-03-13 00:00:00-04:00,6.449999809265137,6.650000095367432,6.199999809265137,6.449999809265137,10360,0.0,0.0
2023-03-14 00:00:00-04:00,6.849999904632568,7.400000095367432,6.75,7.150000095367432,14100,0.0,0.0
2023-03-15 00:00:00-04:00,7.0,7.349999904632568,6.400000095367432,6.800000190734863,18680,0.0,0.0
2023-03-16 00:00:00-04:00,6.800000190734863,7.099999904632568,6.775000095367432,7.050000190734863,9220,0.0,0.0
2023-03-17 00:00:00-04:00,7.0,7.449999809265137,6.75,7.0,42640,0.0,0.0
2023-03-20 00:00:00-04:00,6.800000190734863,7.050000190734863,6.199999809265137,6.25,27620,0.0,0.0
2023-03-21 00:00:00-04:00,6.300000190734863,7.400000095367432,6.099999904632568,7.199999809265137,40200,0.0,0.0
2023-03-22 00:00:00-04:00,7.349999904632568,7.349999904632568,6.349999904632568,6.400000095367432,11960,0.0,0.0
2023-03-23 00:00:00-04:00,6.349999904632568,6.574999809265137,6.050000190734863,6.25,16900,0.0,0.0
2023-03-24 00:00:00-04:00,6.199999809265137,6.349999904632568,6.0,6.199999809265137,23880,0.0,0.0
2023-03-27 00:00:00-04:00,7.300000190734863,8.100000381469727,6.199999809265137,6.25,90220,0.0,0.0
2023-03-28 00:00:00-04:00,6.650000095367432,6.875,5.300000190734863,6.449999809265137,139960,0.0,0.0
2023-03-29 00:00:00-04:00,6.849999904632568,6.849999904632568,6.175000190734863,6.5,51580,0.0,0.0
2023-03-30 00:00:00-04:00,6.5,6.574999809265137,5.949999809265137,6.0,25940,0.0,0.0
2023-03-31 00:00:00-04:00,5.949999809265137,6.150000095367432,5.650000095367432,6.099999904632568,41700,0.0,0.0
2023-04-03 00:00:00-04:00,6.0,6.150000095367432,5.800000190734863,6.0,11360,0.0,0.0
2023-04-04 00:00:00-04:00,5.900000095367432,6.050000190734863,5.699999809265137,5.949999809265137,14020,0.0,0.0
2023-04-05 00:00:00-04:00,6.0,6.050000190734863,5.650000095367432,5.949999809265137,11680,0.0,0.0
2023-04-06 00:00:00-04:00,6.099999904632568,6.25,5.894999980926514,6.150000095367432,9000,0.0,0.0
2023-04-10 00:00:00-04:00,6.150000095367432,6.25,5.900000095367432,6.199999809265137,13420,0.0,0.0
2023-04-11 00:00:00-04:00,6.099999904632568,6.199999809265137,5.900000095367432,6.099999904632568,6800,0.0,0.0
2023-04-12 00:00:00-04:00,6.099999904632568,6.25,5.5,5.75,22680,0.0,0.0
2023-04-13 00:00:00-04:00,5.800000190734863,5.894999980926514,5.699999809265137,5.699999809265137,9380,0.0,0.0
2023-04-14 00:00:00-04:00,5.880000114440918,5.880000114440918,5.5,5.599999904632568,9980,0.0,0.0
2023-04-17 00:00:00-04:00,5.5,6.0,5.5,5.900000095367432,16980,0.0,0.0
2023-04-18 00:00:00-04:00,6.0,6.099999904632568,5.599999904632568,6.0,9500,0.0,0.0
2023-04-19 00:00:00-04:00,6.099999904632568,6.150000095367432,5.800000190734863,6.050000190734863,13900,0.0,0.0
2023-04-20 00:00:00-04:00,6.25,6.25,5.650000095367432,6.199999809265137,12420,0.0,0.0
2023-04-21 00:00:00-04:00,6.099999904632568,6.449999809265137,5.949999809265137,6.300000190734863,12080,0.0,0.0
2023-04-24 00:00:00-04:00,6.199999809265137,6.550000190734863,6.099999904632568,6.199999809265137,9200,0.0,0.0
2023-04-25 00:00:00-04:00,6.25,6.25,5.849999904632568,6.050000190734863,8620,0.0,0.0
2023-04-26 00:00:00-04:00,6.150000095367432,6.150000095367432,5.75,5.849999904632568,7080,0.0,0.0
2023-04-27 00:00:00-04:00,6.0,6.25,5.599999904632568,5.900000095367432,15540,0.0,0.0
2023-04-28 00:00:00-04:00,6.050000190734863,6.150000095367432,5.925000190734863,6.099999904632568,5160,0.0,0.0
2023-05-01 00:00:00-04:00,6.050000190734863,6.25,5.849999904632568,5.849999904632568,7720,0.0,0.0
2023-05-02 00:00:00-04:00,6.0,6.25,5.349999904632568,5.550000190734863,22740,0.0,0.0
2023-05-03 00:00:00-04:00,5.599999904632568,6.25,5.599999904632568,5.699999809265137,16040,0.0,0.0
2023-05-04 00:00:00-04:00,6.150000095367432,6.349999904632568,5.800000190734863,6.25,349340,0.0,0.0
2023-05-05 00:00:00-04:00,5.800000190734863,6.25,5.75,5.75,44140,0.0,0.0
2023-05-08 00:00:00-04:00,6.0,6.25,5.525000095367432,5.800000190734863,57980,0.0,0.0
2023-05-09 00:00:00-04:00,5.650000095367432,5.949999809265137,5.5,5.900000095367432,26920,0.0,0.0
2023-05-10 00:00:00-04:00,5.800000190734863,5.900000095367432,5.474999904632568,5.849999904632568,33720,0.0,0.0
2023-05-11 00:00:00-04:00,5.650000095367432,5.849999904632568,5.449999809265137,5.550000190734863,10060,0.0,0.0
2023-05-12 00:00:00-04:00,5.75,5.949999809265137,5.550000190734863,5.900000095367432,23660,0.0,0.0
2023-05-15 00:00:00-04:00,5.949999809265137,7.150000095367432,5.800000190734863,7.099999904632568,85280,0.0,0.0
2023-05-16 00:00:00-04:00,6.650000095367432,6.949999809265137,6.599999904632568,6.849999904632568,27540,0.0,0.0
2023-05-17 00:00:00-04:00,7.0,7.414999961853027,6.650000095367432,7.349999904632568,17440,0.0,0.0
2023-05-18 00:00:00-04:00,7.349999904632568,8.449999809265137,7.0,8.300000190734863,93800,0.0,0.0
2023-05-19 00:00:00-04:00,8.199999809265137,8.300000190734863,7.900000095367432,8.100000381469727,27940,0.0,0.0
2023-05-22 00:00:00-04:00,8.149999618530273,8.425000190734863,7.949999809265137,8.350000381469727,27120,0.0,0.0
2023-05-23 00:00:00-04:00,8.5,8.800000190734863,0.6000000238418579,8.5,35120,0.0,0.0
2023-05-24 00:00:00-04:00,8.350000381469727,8.649999618530273,8.149999618530273,8.550000190734863,16280,0.0,0.0
2023-05-25 00:00:00-04:00,8.75,8.75,7.949999809265137,8.050000190734863,25180,0.0,0.0
2023-05-26 00:00:00-04:00,8.149999618530273,8.210000038146973,7.5,7.75,26440,0.0,0.0
2023-05-30 00:00:00-04:00,7.800000190734863,8.050000190734863,7.550000190734863,7.949999809265137,29940,0.0,0.0
2023-05-31 00:00:00-04:00,8.149999618530273,8.149999618530273,7.599999904632568,7.900000095367432,12260,0.0,0.0
2023-06-01 00:00:00-04:00,7.949999809265137,7.949999809265137,7.300000190734863,7.349999904632568,25420,0.0,0.0
2023-06-02 00:00:00-04:00,7.699999809265137,7.900000095367432,6.800000190734863,7.599999904632568,19960,0.0,0.0
2023-06-05 00:00:00-04:00,7.75,7.900000095367432,7.25,7.349999904632568,42900,0.0,0.0
2023-06-06 00:00:00-04:00,7.5,7.5,7.0,7.150000095367432,35760,0.0,0.0
2023-06-07 00:00:00-04:00,7.449999809265137,7.900000095367432,7.25,7.300000190734863,41540,0.0,0.0
2023-06-08 00:00:00-04:00,7.099999904632568,7.349999904632568,6.849999904632568,7.25,22040,0.0,0.0
2023-06-09 00:00:00-04:00,7.25,7.25,6.699999809265137,6.849999904632568,31680,0.0,0.0
2023-06-12 00:00:00-04:00,7.150000095367432,7.150000095367432,6.099999904632568,6.650000095367432,41320,0.0,0.0
2023-06-13 00:00:00-04:00,6.75,7.050000190734863,6.599999904632568,6.849999904632568,16560,0.0,0.0
2023-06-14 00:00:00-04:00,6.800000190734863,6.974999904632568,6.300000190734863,6.699999809265137,45440,0.0,0.0
2023-06-15 00:00:00-04:00,6.900000095367432,6.949999809265137,6.349999904632568,6.5,28600,0.0,0.0
2023-06-16 00:00:00-04:00,6.849999904632568,6.900000095367432,6.25,6.650000095367432,39840,0.0,0.0
2023-06-20 00:00:00-04:00,7.050000190734863,7.050000190734863,6.050000190734863,6.050000190734863,48320,0.0,0.0
2023-06-21 00:00:00-04:00,5.900000095367432,6.050000190734863,5.650000095367432,5.699999809265137,44020,0.0,0.0
2023-06-22 00:00:00-04:00,6.0,6.599999904632568,5.724999904632568,6.449999809265137,53240,0.0,0.0
2023-06-23 00:00:00-04:00,6.349999904632568,6.550000190734863,6.199999809265137,6.449999809265137,815820,0.0,0.0
2023-06-26 00:00:00-04:00,6.5,7.275000095367432,6.300000190734863,6.849999904632568,93260,0.0,0.0
2023-06-27 00:00:00-04:00,7.050000190734863,7.25,6.699999809265137,6.949999809265137,41860,0.0,0.0
2023-06-28 00:00:00-04:00,6.75,7.0,6.75,7.0,17500,0.0,0.0
2023-06-29 00:00:00-04:00,6.949999809265137,7.025000095367432,6.775000095367432,6.849999904632568,26800,0.0,0.0
2023-06-30 00:00:00-04:00,6.800000190734863,7.25,6.099999904632568,6.099999904632568,24840,0.0,0.0
2023-07-03 00:00:00-04:00,6.449999809265137,6.525000095367432,6.25,6.5,9240,0.0,0.0
2023-07-05 00:00:00-04:00,6.5,6.5,6.0,6.0,42420,0.0,0.0
2023-07-06 00:00:00-04:00,6.050000190734863,6.25,5.75,6.25,41380,0.0,0.0
2023-07-07 00:00:00-04:00,6.25,6.400000095367432,6.195000171661377,6.25,25160,0.0,0.0
2023-07-10 00:00:00-04:00,6.5,6.5,6.0,6.349999904632568,67720,0.0,0.0
2023-07-11 00:00:00-04:00,6.25,6.5,6.150000095367432,6.5,22120,0.0,0.0
2023-07-12 00:00:00-04:00,6.599999904632568,7.25,6.5,7.050000190734863,30940,0.0,0.0
2023-07-13 00:00:00-04:00,7.050000190734863,7.949999809265137,6.900000095367432,7.5,74020,0.0,0.0
2023-07-14 00:00:00-04:00,7.400000095367432,7.849999904632568,7.199999809265137,7.25,27580,0.0,0.0
2023-07-17 00:00:00-04:00,7.449999809265137,7.449999809265137,6.449999809265137,6.75,53460,0.0,0.0
2023-07-18 00:00:00-04:00,6.75,7.099999904632568,6.650000095367432,6.75,35600,0.0,0.0
2023-07-19 00:00:00-04:00,6.75,7.25,6.75,6.849999904632568,18080,0.0,0.0
2023-07-20 00:00:00-04:00,6.699999809265137,6.994999885559082,6.059999942779541,6.300000190734863,38360,0.0,0.0
2023-07-21 00:00:00-04:00,6.300000190734863,6.449999809265137,6.150000095367432,6.25,3380,0.0,0.0
2023-07-24 00:00:00-04:00,6.349999904632568,6.699999809265137,6.175000190734863,6.199999809265137,2760,0.0,0.0
2023-07-25 00:00:00-04:00,6.150000095367432,6.550000190734863,6.099999904632568,6.25,25200,0.0,0.0
2023-07-26 00:00:00-04:00,6.050000190734863,6.550000190734863,6.050000190734863,6.25,7460,0.0,0.0
2023-07-27 00:00:00-04:00,6.400000095367432,6.400000095367432,6.150000095367432,6.150000095367432,8360,0.0,0.0
2023-07-28 00:00:00-04:00,6.300000190734863,6.300000190734863,6.159999847412109,6.300000190734863,3860,0.0,0.0
2023-07-31 00:00:00-04:00,6.150000095367432,6.400000095367432,6.150000095367432,6.25,7520,0.0,0.0
2023-08-01 00:00:00-04:00,6.25,6.449999809265137,6.0,6.25,9180,0.0,0.0
2023-08-02 00:00:00-04:00,6.300000190734863,6.400000095367432,6.050000190734863,6.25,4620,0.0,0.0
2023-08-03 00:00:00-04:00,6.25,6.300000190734863,6.0,6.25,4500,0.0,0.0
2023-08-04 00:00:00-04:00,6.25,6.25,5.800000190734863,6.0,5540,0.0,0.0
2023-08-07 00:00:00-04:00,6.0,6.0,5.309999942779541,5.849999904632568,48280,0.0,0.0
2023-08-08 00:00:00-04:00,5.75,6.099999904632568,5.449999809265137,5.550000190734863,27240,0.0,0.0
2023-08-09 00:00:00-04:00,5.800000190734863,5.849999904632568,5.300000190734863,5.5,35560,0.0,0.0
2023-08-10 00:00:00-04:00,5.400000095367432,5.550000190734863,3.430000066757202,3.8499999046325684,62860,0.0,0.0
2023-08-11 00:00:00-04:00,4.505000114440918,5.050000190734863,4.300000190734863,4.514999866485596,43720,0.0,0.0
2023-08-14 00:00:00-04:00,4.5,4.849999904632568,3.8450000286102295,4.0,26360,0.0,0.0
2023-08-15 00:00:00-04:00,3.884999990463257,4.144999980926514,3.819999933242798,3.924999952316284,16420,0.0,0.0
2023-08-16 00:00:00-04:00,3.805000066757202,4.105000019073486,3.75,3.7950000762939453,24100,0.0,0.0
2023-08-17 00:00:00-04:00,3.765000104904175,3.940000057220459,3.75,3.7699999809265137,9620,0.0,0.0
2023-08-18 00:00:00-04:00,3.8499999046325684,4.065000057220459,3.75,3.9000000953674316,2360,0.0,0.0
2023-08-21 00:00:00-04:00,3.9000000953674316,4.295000076293945,3.549999952316284,3.674999952316284,11500,0.0,0.0
2023-08-22 00:00:00-04:00,3.75,3.7699999809265137,3.6700000762939453,3.700000047683716,6320,0.0,0.0
2023-08-23 00:00:00-04:00,3.734999895095825,3.7950000762939453,3.6700000762939453,3.700000047683716,3240,0.0,0.0
2023-08-24 00:00:00-04:00,3.799999952316284,3.799999952316284,3.6700000762939453,3.7899999618530273,1600,0.0,0.0
2023-08-25 00:00:00-04:00,3.6700000762939453,3.6700000762939453,3.450000047683716,3.559999942779541,4620,0.0,0.0
2023-08-28 00:00:00-04:00,3.5,3.6050000190734863,3.450000047683716,3.494999885559082,9660,0.0,0.0
2023-08-29 00:00:00-04:00,3.5,3.6649999618530273,3.4000000953674316,3.505000114440918,3900,0.0,0.0
2023-08-30 00:00:00-04:00,3.5999999046325684,3.640000104904175,3.424999952316284,3.569999933242798,9780,0.0,0.0
2023-08-31 00:00:00-04:00,3.700000047683716,3.9000000953674316,3.4749999046325684,3.549999952316284,2780,0.0,0.0
2023-09-01 00:00:00-04:00,3.5,3.755000114440918,3.4549999237060547,3.549999952316284,4440,0.0,0.0
2023-09-05 00:00:00-04:00,3.8499999046325684,3.9000000953674316,3.490000009536743,3.6050000190734863,4100,0.0,0.0
2023-09-06 00:00:00-04:00,3.5350000858306885,3.640000104904175,3.005000114440918,3.2750000953674316,11680,0.0,0.0
2023-09-07 00:00:00-04:00,3.3499999046325684,3.5,3.0999999046325684,3.25,6780,0.0,0.0
2023-09-08 00:00:00-04:00,3.299999952316284,3.309999942779541,2.7750000953674316,3.134999990463257,30140,0.0,0.0
2023-09-11 00:00:00-04:00,3.4149999618530273,4.0,3.3350000381469727,3.5,21580,0.0,0.0
2023-09-12 00:00:00-04:00,3.3949999809265137,4.25,3.3949999809265137,3.5999999046325684,20300,0.0,0.0
2023-09-13 00:00:00-04:00,3.5,3.6449999809265137,3.0,3.309999942779541,18580,0.0,0.0
2023-09-14 00:00:00-04:00,3.5899999141693115,3.7249999046325684,3.2899999618530273,3.2899999618530273,3180,0.0,0.0
2023-09-15 00:00:00-04:00,3.184999942779541,3.5999999046325684,3.0799999237060547,3.505000114440918,63240,0.0,0.0
2023-09-18 00:00:00-04:00,3.434999942779541,3.6500000953674316,2.9700000286102295,2.9749999046325684,38160,0.0,0.0
2023-09-19 00:00:00-04:00,3.049999952316284,3.125,2.950000047683716,2.984999895095825,1880,0.0,0.0
2023-09-20 00:00:00-04:00,3.0,3.1600000858306885,2.9049999713897705,2.9049999713897705,4840,0.0,0.0
2023-09-21 00:00:00-04:00,2.940000057220459,3.2750000953674316,2.8399999141693115,3.1500000953674316,18400,0.0,0.0
2023-09-22 00:00:00-04:00,3.1500000953674316,3.25,2.9000000953674316,3.069999933242798,29640,0.0,0.0
2023-09-25 00:00:00-04:00,3.299999952316284,3.305000066757202,3.0,3.0,6300,0.0,0.0
2023-09-26 00:00:00-04:00,3.25,3.25,2.625,2.890000104904175,6620,0.0,0.0
2023-09-27 00:00:00-04:00,2.9649999141693115,3.1600000858306885,2.759999990463257,3.1500000953674316,5760,0.0,0.0
2023-09-28 00:00:00-04:00,3.1500000953674316,3.5,3.0,3.0,13320,0.0,0.0
2023-09-29 00:00:00-04:00,3.5450000762939453,3.5450000762939453,2.859999895095825,3.0250000953674316,10620,0.0,0.0
2023-10-02 00:00:00-04:00,2.9049999713897705,3.0250000953674316,2.75,2.9549999237060547,4280,0.0,0.0
2023-10-03 00:00:00-04:00,2.994999885559082,3.115000009536743,2.799999952316284,2.799999952316284,3680,0.0,0.0
2023-10-04 00:00:00-04:00,3.0,3.0,2.799999952316284,2.799999952316284,2600,0.0,0.0
2023-10-05 00:00:00-04:00,2.950000047683716,3.0,2.7899999618530273,2.7899999618530273,3520,0.0,0.0
2023-10-06 00:00:00-04:00,2.869999885559082,2.994999885559082,2.75,2.875,2060,0.0,0.0
2023-10-09 00:00:00-04:00,2.799999952316284,2.990000009536743,2.7899999618530273,2.9000000953674316,2680,0.0,0.0
2023-10-10 00:00:00-04:00,2.9600000381469727,3.25,2.9000000953674316,3.180000066757202,3680,0.0,0.0
2023-10-11 00:00:00-04:00,3.059999942779541,3.25,3.0,3.1500000953674316,2960,0.0,0.0
2023-10-12 00:00:00-04:00,3.1500000953674316,3.1500000953674316,2.875,2.9749999046325684,3040,0.0,0.0
2023-10-13 00:00:00-04:00,2.9000000953674316,3.1449999809265137,2.8550000190734863,2.9000000953674316,3660,0.0,0.0
2023-10-16 00:00:00-04:00,2.8550000190734863,3.25,2.8499999046325684,2.8499999046325684,7020,0.0,0.0
2023-10-17 00:00:00-04:00,2.8499999046325684,2.944999933242798,2.7899999618530273,2.825000047683716,7460,0.0,0.0
2023-10-18 00:00:00-04:00,2.924999952316284,2.924999952316284,2.75,2.799999952316284,6740,0.0,0.0
2023-10-19 00:00:00-04:00,2.75,2.924999952316284,2.75,2.7850000858306885,900,0.0,0.0
2023-10-20 00:00:00-04:00,2.869999885559082,2.869999885559082,2.5950000286102295,2.7750000953674316,3720,0.0,0.0
2023-10-23 00:00:00-04:00,2.875,2.875,2.555000066757202,2.6500000953674316,2160,0.0,0.0
2023-10-24 00:00:00-04:00,2.6500000953674316,2.6500000953674316,2.5,2.575000047683716,1100,0.0,0.0
2023-10-25 00:00:00-04:00,2.7899999618530273,2.7899999618530273,2.5,2.575000047683716,880,0.0,0.0
2023-10-26 00:00:00-04:00,2.5,2.700000047683716,2.3499999046325684,2.5350000858306885,5340,0.0,0.0
2023-10-27 00:00:00-04:00,2.450000047683716,2.5,2.259999990463257,2.4700000286102295,1560,0.0,0.0
2023-10-30 00:00:00-04:00,2.380000114440918,2.440000057220459,2.075000047683716,2.2850000858306885,12480,0.0,0.0
2023-10-31 00:00:00-04:00,2.450000047683716,2.4700000286102295,2.2750000953674316,2.450000047683716,1800,0.0,0.0
2023-11-01 00:00:00-04:00,2.5450000762939453,2.5450000762939453,2.200000047683716,2.4000000953674316,4340,0.0,0.0
2023-11-02 00:00:00-04:00,2.315000057220459,2.5,2.0999999046325684,2.369999885559082,3000,0.0,0.0
2023-11-03 00:00:00-04:00,2.505000114440918,2.505000114440918,2.3499999046325684,2.3499999046325684,3480,0.0,0.0
2023-11-06 00:00:00-05:00,2.2699999809265137,2.4700000286102295,2.200000047683716,2.2699999809265137,3080,0.0,0.0
2023-11-07 00:00:00-05:00,2.5,2.565000057220459,2.255000114440918,2.305000066757202,4120,0.0,0.0
2023-11-08 00:00:00-05:00,2.3949999809265137,2.3949999809265137,2.0,2.2750000953674316,3260,0.0,0.0
2023-11-09 00:00:00-05:00,2.384999990463257,2.384999990463257,2.0999999046325684,2.109999895095825,3420,0.0,0.0
2023-11-10 00:00:00-05:00,2.75,3.0,1.600000023841858,1.7999999523162842,131640,0.0,0.0
2023-11-13 00:00:00-05:00,1.7999999523162842,2.75,1.7649999856948853,2.4000000953674316,108040,0.0,0.0
2023-11-14 00:00:00-05:00,2.5,3.240000009536743,2.4000000953674316,2.5199999809265137,43540,0.0,0.0
2023-11-15 00:00:00-05:00,3.299999952316284,3.6500000953674316,2.0999999046325684,2.200000047683716,47960,0.0,0.0
2023-11-16 00:00:00-05:00,2.25,5.300000190734863,2.200000047683716,3.494999885559082,314560,0.0,0.0
2023-11-17 00:00:00-05:00,3.5,4.269999980926514,3.450000047683716,3.7300000190734863,40640,0.0,0.0
2023-11-20 00:00:00-05:00,3.5,3.700000047683716,3.0999999046325684,3.265000104904175,12040,0.0,0.0
2023-11-21 00:00:00-05:00,3.444999933242798,3.5,3.0,3.0,20120,0.0,0.0
2023-11-22 00:00:00-05:00,2.9100000858306885,3.119999885559082,2.8499999046325684,3.049999952316284,18520,0.0,0.0
2023-11-24 00:00:00-05:00,3.200000047683716,3.240000009536743,3.0999999046325684,3.184999942779541,4500,0.0,0.0
2023-11-27 00:00:00-05:00,3.0899999141693115,3.3399999141693115,2.75,2.7699999809265137,37760,0.0,0.0
2023-11-28 00:00:00-05:00,2.8499999046325684,3.049999952316284,2.799999952316284,2.884999990463257,7400,0.0,0.0
2023-11-29 00:00:00-05:00,2.7899999618530273,3.0399999618530273,2.630000114440918,2.7249999046325684,27160,0.0,0.0
2023-11-30 00:00:00-05:00,2.625,2.75,2.4049999713897705,2.505000114440918,26680,0.0,0.0
2023-12-01 00:00:00-05:00,2.434999942779541,2.825000047683716,2.434999942779541,2.75,11060,0.0,0.0
2023-12-04 00:00:00-05:00,2.8350000381469727,3.369999885559082,2.694999933242798,2.8949999809265137,19640,0.0,0.0
2023-12-05 00:00:00-05:00,3.0,3.240000009536743,2.505000114440918,2.674999952316284,9180,0.0,0.0
2023-12-06 00:00:00-05:00,2.5799999237060547,3.634999990463257,2.555000066757202,2.765000104904175,19120,0.0,0.0
2023-12-07 00:00:00-05:00,2.799999952316284,2.990000009536743,2.674999952316284,2.9100000858306885,5400,0.0,0.0
2023-12-08 00:00:00-05:00,3.0,3.0,2.734999895095825,2.75,3980,0.0,0.0
2023-12-11 00:00:00-05:00,2.700000047683716,2.7750000953674316,2.5250000953674316,2.6500000953674316,14880,0.0,0.0
2023-12-12 00:00:00-05:00,3.25,3.3350000381469727,2.640000104904175,2.640000104904175,6280,0.0,0.0
2023-12-13 00:00:00-05:00,2.7100000381469727,2.7899999618530273,2.5999999046325684,2.7249999046325684,11680,0.0,0.0
2023-12-14 00:00:00-05:00,2.75,2.7850000858306885,2.5999999046325684,2.619999885559082,9000,0.0,0.0
2023-12-15 00:00:00-05:00,2.7300000190734863,2.7300000190734863,2.5999999046325684,2.5999999046325684,6840,0.0,0.0
2023-12-18 00:00:00-05:00,2.6500000953674316,2.6600000858306885,2.569999933242798,2.5999999046325684,13980,0.0,0.0
2023-12-19 00:00:00-05:00,2.5999999046325684,2.759999990463257,2.5999999046325684,2.690000057220459,8920,0.0,0.0
2023-12-20 00:00:00-05:00,2.5999999046325684,3.0350000858306885,2.5999999046325684,3.0,14800,0.0,0.0
2023-12-21 00:00:00-05:00,3.0,4.75,3.0,4.599999904632568,107540,0.0,0.0
2023-12-22 00:00:00-05:00,4.5,5.199999809265137,3.880000114440918,4.349999904632568,62640,0.0,0.0
2023-12-26 00:00:00-05:00,4.599999904632568,4.800000190734863,3.9100000858306885,4.599999904632568,11460,0.0,0.0
2023-12-27 00:00:00-05:00,4.335000038146973,4.864999771118164,4.21999979019165,4.28000020980835,13080,0.0,0.0
2023-12-28 00:00:00-05:00,4.144999980926514,4.25,3.490000009536743,3.490000009536743,24640,0.0,0.0
2023-12-29 00:00:00-05:00,4.0,6.449999809265137,3.9800000190734863,4.900000095367432,379520,0.0,0.0
2024-01-02 00:00:00-05:00,4.724999904632568,4.724999904632568,3.799999952316284,4.099999904632568,30720,0.0,0.0
2024-01-03 00:00:00-05:00,4.0,4.099999904632568,3.575000047683716,3.799999952316284,9000,0.0,0.0
2024-01-04 00:00:00-05:00,3.8499999046325684,6.099999904632568,3.7249999046325684,6.099999904632568,399300,0.0,0.0
2024-01-05 00:00:00-05:00,5.599999904632568,6.449999809265137,4.949999809265137,5.75,125560,0.0,0.0
2024-01-08 00:00:00-05:00,5.300000190734863,5.550000190734863,5.099999904632568,5.099999904632568,29320,0.0,0.0
2024-01-09 00:00:00-05:00,5.099999904632568,5.25,4.300000190734863,4.565000057220459,321300,0.0,0.0
2024-01-10 00:00:00-05:00,4.96999979019165,5.099999904632568,4.5,4.849999904632568,40360,0.0,0.0
2024-01-11 00:00:00-05:00,4.900000095367432,4.900000095367432,4.449999809265137,4.764999866485596,69560,0.0,0.0
2024-01-12 00:00:00-05:00,4.650000095367432,4.900000095367432,4.554999828338623,4.800000190734863,9460,0.0,0.0
2024-01-16 00:00:00-05:00,4.650000095367432,5.150000095367432,4.639999866485596,5.150000095367432,15020,0.0,0.0
2024-01-17 00:00:00-05:00,5.25,5.25,4.699999809265137,4.869999885559082,17220,0.0,0.0
2024-01-18 00:00:00-05:00,4.849999904632568,5.010000228881836,4.704999923706055,4.900000095367432,3820,0.0,0.0
2024-01-19 00:00:00-05:00,5.099999904632568,5.25,4.75,4.900000095367432,9720,0.0,0.0
2024-01-22 00:00:00-05:00,5.0,5.150000095367432,4.710000038146973,4.849999904632568,27760,0.0,0.0
2024-01-23 00:00:00-05:00,5.199999809265137,5.199999809265137,4.5,4.579999923706055,91620,0.0,0.0
2024-01-24 00:00:00-05:00,4.849999904632568,4.849999904632568,4.519999980926514,4.679999828338623,14840,0.0,0.0
2024-01-25 00:00:00-05:00,4.679999828338623,4.679999828338623,4.175000190734863,4.514999866485596,13740,0.0,0.0
2024-01-26 00:00:00-05:00,4.380000114440918,4.65500020980835,4.300000190734863,4.599999904632568,5660,0.0,0.0
2024-01-29 00:00:00-05:00,4.800000190734863,4.800000190734863,4.300000190734863,4.5,5480,0.0,0.0
2024-01-30 00:00:00-05:00,4.349999904632568,4.5,4.210000038146973,4.449999809265137,5300,0.0,0.0
2024-01-31 00:00:00-05:00,4.25,4.355000019073486,4.074999809265137,4.195000171661377,36960,0.0,0.0
2024-02-01 00:00:00-05:00,4.349999904632568,4.75,4.065000057220459,4.675000190734863,17220,0.0,0.0
2024-02-02 00:00:00-05:00,4.679999828338623,4.75,4.5,4.75,10440,0.0,0.0
2024-02-05 00:00:00-05:00,4.75,4.815000057220459,4.400000095367432,4.579999923706055,5860,0.0,0.0
2024-02-06 00:00:00-05:00,4.5,4.800000190734863,4.46999979019165,4.625,3820,0.0,0.0
2024-02-07 00:00:00-05:00,4.550000190734863,4.900000095367432,4.400000095367432,4.590000152587891,4020,0.0,0.0
2024-02-08 00:00:00-05:00,4.75,4.75,4.125,4.5,32620,0.0,0.0
2024-02-09 00:00:00-05:00,4.364999771118164,4.925000190734863,4.204999923706055,4.75,36340,0.0,0.0
2024-02-12 00:00:00-05:00,4.75,5.25,4.150000095367432,4.550000190734863,67200,0.0,0.0
2024-02-13 00:00:00-05:00,4.75,4.849999904632568,4.159999847412109,4.320000171661377,9980,0.0,0.0
2024-02-14 00:00:00-05:00,4.550000190734863,4.550000190734863,4.320000171661377,4.53000020980835,620,0.0,0.0
2024-02-15 00:00:00-05:00,4.650000095367432,4.650000095367432,4.239999771118164,4.650000095367432,18520,0.0,0.0
2024-02-16 00:00:00-05:00,4.650000095367432,4.650000095367432,4.039999961853027,4.445000171661377,5680,0.0,0.0
2024-02-20 00:00:00-05:00,4.550000190734863,4.650000095367432,4.400000095367432,4.585000038146973,3380,0.0,0.0
2024-02-21 00:00:00-05:00,4.650000095367432,4.650000095367432,4.034999847412109,4.15500020980835,10200,0.0,0.0
2024-02-22 00:00:00-05:00,4.050000190734863,4.489999771118164,3.8350000381469727,4.235000133514404,9080,0.0,0.0
2024-02-23 00:00:00-05:00,4.25,4.400000095367432,3.990000009536743,4.400000095367432,6600,0.0,0.0
2024-02-26 00:00:00-05:00,4.449999809265137,4.534999847412109,3.9000000953674316,4.135000228881836,17620,0.0,0.0
2024-02-27 00:00:00-05:00,4.010000228881836,4.295000076293945,3.825000047683716,4.25,8140,0.0,0.0
2024-02-28 00:00:00-05:00,4.349999904632568,4.349999904632568,4.0,4.349999904632568,3100,0.0,0.0
2024-02-29 00:00:00-05:00,4.5,5.449999809265137,4.255000114440918,5.449999809265137,17280,0.0,0.0
2024-03-01 00:00:00-05:00,5.349999904632568,5.349999904632568,4.550000190734863,4.550000190734863,6480,0.0,0.0
2024-03-04 00:00:00-05:00,4.5,4.675000190734863,4.025000095367432,4.125,5600,0.0,0.0
2024-03-05 00:00:00-05:00,4.074999809265137,4.425000190734863,3.7049999237060547,3.865000009536743,8640,0.0,0.0
2024-03-06 00:00:00-05:00,4.210000038146973,4.434999942779541,4.070000171661377,4.150000095367432,2560,0.0,0.0
2024-03-07 00:00:00-05:00,4.150000095367432,4.264999866485596,3.799999952316284,3.9800000190734863,10700,0.0,0.0
2024-03-08 00:00:00-05:00,4.0,4.550000190734863,3.6500000953674316,3.6600000858306885,22040,0.0,0.0
2024-03-11 00:00:00-04:00,3.6500000953674316,4.239999771118164,3.575000047683716,3.8499999046325684,5160,0.0,0.0
2024-03-12 00:00:00-04:00,4.25,4.25,3.799999952316284,3.9000000953674316,9460,0.0,0.0
2024-03-13 00:00:00-04:00,3.9000000953674316,3.9000000953674316,3.430000066757202,3.5999999046325684,21580,0.0,0.0
2024-03-14 00:00:00-04:00,3.424999952316284,3.734999895095825,3.299999952316284,3.5,44560,0.0,0.0
2024-03-15 00:00:00-04:00,3.619999885559082,4.014999866485596,3.5399999618530273,3.8450000286102295,22440,0.0,0.0
2024-03-18 00:00:00-04:00,3.8499999046325684,4.195000171661377,3.8499999046325684,4.190000057220459,7480,0.0,0.0
2024-03-19 00:00:00-04:00,4.400000095367432,4.429999828338623,4.199999809265137,4.429999828338623,8840,0.0,0.0
2024-03-20 00:00:00-04:00,4.295000076293945,4.295000076293945,3.994999885559082,4.25,2400,0.0,0.0
2024-03-21 00:00:00-04:00,4.25,4.25,3.805000066757202,3.865000009536743,2220,0.0,0.0
2024-03-22 00:00:00-04:00,4.199999809265137,4.204999923706055,3.9000000953674316,4.114999771118164,2020,0.0,0.0
2024-03-25 00:00:00-04:00,4.349999904632568,4.349999904632568,3.365000009536743,3.744999885559082,7780,0.0,0.0
2024-03-26 00:00:00-04:00,3.950000047683716,4.25,3.8350000381469727,4.199999809265137,3860,0.0,0.0
2024-03-27 00:00:00-04:00,4.150000095367432,4.150000095367432,3.944999933242798,4.074999809265137,1620,0.0,0.0
2024-03-28 00:00:00-04:00,3.9600000381469727,4.300000190734863,3.799999952316284,3.934999942779541,8480,0.0,0.0
2024-04-01 00:00:00-04:00,4.150000095367432,4.150000095367432,3.8350000381469727,3.934999942779541,1260,0.0,0.0
2024-04-02 00:00:00-04:00,3.950000047683716,3.950000047683716,3.4749999046325684,3.569999933242798,16940,0.0,0.0
2024-04-03 00:00:00-04:00,3.5,3.9600000381469727,3.4549999237060547,3.490000009536743,2920,0.0,0.0
2024-04-04 00:00:00-04:00,3.8450000286102295,3.8450000286102295,3.450000047683716,3.5299999713897705,760,0.0,0.0
2024-04-05 00:00:00-04:00,3.5999999046325684,3.7200000286102295,3.549999952316284,3.549999952316284,1760,0.0,0.0
2024-04-08 00:00:00-04:00,3.450000047683716,3.5,3.305000066757202,3.3499999046325684,5180,0.0,0.0
2024-04-09 00:00:00-04:00,3.4700000286102295,3.7200000286102295,3.3949999809265137,3.424999952316284,8320,0.0,0.0
2024-04-10 00:00:00-04:00,3.625,3.75,3.5,3.5,8940,0.0,0.0
2024-04-11 00:00:00-04:00,3.75,3.799999952316284,3.549999952316284,3.734999895095825,15380,0.0,0.0
2024-04-12 00:00:00-04:00,3.950000047683716,3.950000047683716,3.4800000190734863,3.625,14360,0.0,0.0
2024-04-15 00:00:00-04:00,3.9000000953674316,3.9000000953674316,3.700000047683716,3.825000047683716,3880,0.0,0.0
2024-04-16 00:00:00-04:00,3.9000000953674316,4.0,3.75,3.799999952316284,4260,0.0,0.0
2024-04-17 00:00:00-04:00,3.700000047683716,3.9100000858306885,3.575000047683716,3.875,3860,0.0,0.0
2024-04-18 00:00:00-04:00,3.700000047683716,4.0,3.700000047683716,3.950000047683716,2500,0.0,0.0
2024-04-19 00:00:00-04:00,3.799999952316284,4.199999809265137,3.799999952316284,4.005000114440918,9900,0.0,0.0
2024-04-22 00:00:00-04:00,3.8350000381469727,4.099999904632568,3.7750000953674316,3.9000000953674316,13440,0.0,0.0
2024-04-23 00:00:00-04:00,3.9000000953674316,4.070000171661377,3.9000000953674316,3.9700000286102295,2800,0.0,0.0
2024-04-24 00:00:00-04:00,4.050000190734863,4.150000095367432,3.9600000381469727,4.014999866485596,3720,0.0,0.0
2024-04-25 00:00:00-04:00,4.0,4.099999904632568,3.684999942779541,3.994999885559082,1180,0.0,0.0
2024-04-26 00:00:00-04:00,4.0,4.050000190734863,3.825000047683716,3.9000000953674316,3800,0.0,0.0
2024-04-29 00:00:00-04:00,4.0,4.0,3.359999895095825,3.6500000953674316,12120,0.0,0.0
2024-04-30 00:00:00-04:00,3.5250000953674316,4.349999904632568,3.5250000953674316,4.0,17540,0.0,0.0
2024-05-01 00:00:00-04:00,4.349999904632568,4.349999904632568,3.5999999046325684,3.950000047683716,2060,0.0,0.0
2024-05-02 00:00:00-04:00,3.799999952316284,4.0,3.5999999046325684,3.875,2660,0.0,0.0
2024-05-03 00:00:00-04:00,4.050000190734863,4.309999942779541,3.9000000953674316,4.070000171661377,8080,0.0,0.0
2024-05-06 00:00:00-04:00,4.349999904632568,4.349999904632568,3.9049999713897705,3.9649999141693115,3660,0.0,0.0
2024-05-07 00:00:00-04:00,3.9000000953674316,4.699999809265137,3.9000000953674316,3.924999952316284,10720,0.0,0.0
2024-05-08 00:00:00-04:00,3.755000114440918,4.050000190734863,3.755000114440918,3.8499999046325684,4480,0.0,0.0
2024-05-09 00:00:00-04:00,3.944999933242798,4.199999809265137,3.809999942779541,4.005000114440918,1300,0.0,0.0
2024-05-10 00:00:00-04:00,4.150000095367432,4.150000095367432,3.5999999046325684,3.859999895095825,6940,0.0,0.0
2024-05-13 00:00:00-04:00,3.700000047683716,4.199999809265137,3.700000047683716,3.700000047683716,5040,0.0,0.0
2024-05-14 00:00:00-04:00,3.799999952316284,4.179999828338623,3.799999952316284,3.9000000953674316,2960,0.0,0.0
2024-05-15 00:00:00-04:00,4.0,4.199999809265137,3.6500000953674316,3.799999952316284,16100,0.0,0.0
2024-05-16 00:00:00-04:00,4.199999809265137,4.199999809265137,3.5,3.7899999618530273,10840,0.0,0.0
2024-05-17 00:00:00-04:00,3.75,3.950000047683716,3.549999952316284,3.859999895095825,4360,0.0,0.0
2024-05-20 00:00:00-04:00,3.9149999618530273,3.9149999618530273,3.674999952316284,3.734999895095825,4000,0.0,0.0
2024-05-21 00:00:00-04:00,3.7249999046325684,3.9149999618530273,3.6500000953674316,3.7750000953674316,4880,0.0,0.0
2024-05-22 00:00:00-04:00,3.9000000953674316,3.9000000953674316,3.6700000762939453,3.7850000858306885,800,0.0,0.0
2024-05-23 00:00:00-04:00,3.9149999618530273,3.9149999618530273,2.680000066757202,3.549999952316284,28540,0.0,0.0
2024-05-24 00:00:00-04:00,3.5450000762939453,3.7300000190734863,3.299999952316284,3.509999990463257,3540,0.0,0.0
2024-05-28 00:00:00-04:00,3.5,3.9000000953674316,3.125,3.1600000858306885,12220,0.0,0.0
2024-05-29 00:00:00-04:00,3.1600000858306885,3.4800000190734863,3.1600000858306885,3.25,860,0.0,0.0
2024-05-30 00:00:00-04:00,3.25,3.375,3.0,3.200000047683716,3120,0.0,0.0
2024-05-31 00:00:00-04:00,3.325000047683716,3.575000047683716,3.1649999618530273,3.1649999618530273,5480,0.0,0.0
2024-06-03 00:00:00-04:00,3.4149999618530273,3.549999952316284,3.0999999046325684,3.309999942779541,2240,0.0,0.0
2024-06-04 00:00:00-04:00,3.3499999046325684,3.3499999046325684,3.0,3.049999952316284,4080,0.0,0.0
2024-06-05 00:00:00-04:00,3.2149999141693115,3.549999952316284,3.200000047683716,3.2799999713897705,11180,0.0,0.0
2024-06-06 00:00:00-04:00,3.700000047683716,3.700000047683716,3.244999885559082,3.5,1820,0.0,0.0
2024-06-07 00:00:00-04:00,3.315000057220459,3.549999952316284,3.2249999046325684,3.490000009536743,3500,0.0,0.0
2024-06-10 00:00:00-04:00,3.5,3.549999952316284,3.240000009536743,3.244999885559082,6080,0.0,0.0
2024-06-11 00:00:00-04:00,3.0899999141693115,3.700000047683716,3.0899999141693115,3.25,3360,0.0,0.0
2024-06-12 00:00:00-04:00,3.549999952316284,3.549999952316284,3.194999933242798,3.3499999046325684,1240,0.0,0.0
2024-06-13 00:00:00-04:00,3.299999952316284,3.555000066757202,3.2249999046325684,3.3350000381469727,740,0.0,0.0
2024-06-14 00:00:00-04:00,3.450000047683716,3.4649999141693115,3.1549999713897705,3.1549999713897705,1780,0.0,0.0
2024-06-17 00:00:00-04:00,3.0,3.25,3.0,3.069999933242798,2720,0.0,0.0
2024-06-18 00:00:00-04:00,3.2049999237060547,3.25,2.6500000953674316,2.684999942779541,4980,0.0,0.0
2024-06-20 00:00:00-04:00,2.865000009536743,2.9149999618530273,2.700000047683716,2.875,6420,0.0,0.0
2024-06-21 00:00:00-04:00,3.0,3.049999952316284,2.75,2.944999933242798,11060,0.0,0.0
2024-06-24 00:00:00-04:00,2.759999990463257,2.759999990463257,2.3299999237060547,2.380000114440918,50940,0.0,0.0
2024-06-25 00:00:00-04:00,3.0,3.700000047683716,2.0450000762939453,2.109999895095825,34460,0.0,0.0
2024-06-26 00:00:00-04:00,2.0899999141693115,2.309999942779541,1.399999976158142,2.184999942779541,36340,0.0,0.0
2024-06-27 00:00:00-04:00,2.634999990463257,2.634999990463257,2.140000104904175,2.184999942779541,36620,0.0,0.0
2024-06-28 00:00:00-04:00,2.3550000190734863,3.2950000762939453,2.0,2.119999885559082,333660,0.0,0.0
2024-07-01 00:00:00-04:00,1.6100000143051147,2.130000114440918,1.5099999904632568,1.5499999523162842,160500,0.0,0.2
2024-07-02 00:00:00-04:00,1.7999999523162842,2.000999927520752,1.5,1.5499999523162842,541400,0.0,0.0
2024-07-03 00:00:00-04:00,1.5299999713897705,1.5700000524520874,1.4700000286102295,1.5399999618530273,53500,0.0,0.0
2024-07-05 00:00:00-04:00,1.4600000381469727,1.6200000047683716,1.3600000143051147,1.5499999523162842,41100,0.0,0.0
2024-07-08 00:00:00-04:00,1.5299999713897705,1.5299999713897705,1.350000023841858,1.3700000047683716,63900,0.0,0.0
2024-07-09 00:00:00-04:00,1.3300000429153442,1.4299999475479126,1.2999999523162842,1.340000033378601,86100,0.0,0.0
2024-07-10 00:00:00-04:00,1.2999999523162842,1.4429999589920044,1.2999999523162842,1.4199999570846558,30300,0.0,0.0
2024-07-11 00:00:00-04:00,1.4500000476837158,1.5299999713897705,1.399999976158142,1.5199999809265137,16300,0.0,0.0
2024-07-12 00:00:00-04:00,1.4500000476837158,1.600000023841858,1.4500000476837158,1.600000023841858,50400,0.0,0.0
2024-07-15 00:00:00-04:00,1.4900000095367432,1.600000023841858,1.3899999856948853,1.3899999856948853,72500,0.0,0.0
2024-07-16 00:00:00-04:00,1.350000023841858,1.600000023841858,1.350000023841858,1.5800000429153442,42700,0.0,0.0
2024-07-17 00:00:00-04:00,1.5199999809265137,1.649999976158142,1.5,1.600000023841858,17300,0.0,0.0
2024-07-18 00:00:00-04:00,1.5700000524520874,1.6200000047683716,1.4600000381469727,1.4600000381469727,8800,0.0,0.0
2024-07-19 00:00:00-04:00,1.4199999570846558,1.5099999904632568,1.4199999570846558,1.4299999475479126,12900,0.0,0.0
2024-07-22 00:00:00-04:00,1.649999976158142,1.659999966621399,1.5570000410079956,1.659999966621399,40400,0.0,0.0
2024-07-23 00:00:00-04:00,1.690000057220459,2.549999952316284,1.690000057220459,2.3299999237060547,503600,0.0,0.0
2024-07-24 00:00:00-04:00,2.4600000381469727,3.490000009536743,2.450000047683716,3.109999895095825,480700,0.0,0.0
2024-07-25 00:00:00-04:00,3.119999885559082,3.559999942779541,2.9800000190734863,3.069999933242798,149500,0.0,0.0
2024-07-26 00:00:00-04:00,3.109999895095825,3.700000047683716,2.940000057220459,3.319999933242798,58000,0.0,0.0
2024-07-29 00:00:00-04:00,3.180000066757202,3.309999942779541,2.9100000858306885,2.990000009536743,53600,0.0,0.0
2024-07-30 00:00:00-04:00,2.9600000381469727,3.059999942779541,2.9200000762939453,3.0199999809265137,10300,0.0,0.0
2024-07-31 00:00:00-04:00,3.009999990463257,3.069000005722046,3.0,3.049999952316284,25100,0.0,0.0
2024-08-01 00:00:00-04:00,3.0,3.0799999237060547,3.0,3.0399999618530273,31100,0.0,0.0
2024-08-02 00:00:00-04:00,3.0,3.2100000381469727,3.0,3.0799999237060547,8400,0.0,0.0
2024-08-05 00:00:00-04:00,2.9000000953674316,3.0799999237060547,2.9000000953674316,3.0799999237060547,21100,0.0,0.0
2024-08-06 00:00:00-04:00,3.119999885559082,3.700000047683716,3.119999885559082,3.625,22100,0.0,0.0
2024-08-07 00:00:00-04:00,3.7100000381469727,3.7100000381469727,3.359999895095825,3.390000104904175,10200,0.0,0.0
2024-08-08 00:00:00-04:00,3.380000114440918,3.380000114440918,3.25,3.259999990463257,36200,0.0,0.0
2024-08-09 00:00:00-04:00,3.2100000381469727,3.509999990463257,3.0199999809265137,3.119999885559082,67400,0.0,0.0
2024-08-12 00:00:00-04:00,3.0899999141693115,3.2160000801086426,3.002000093460083,3.0999999046325684,7900,0.0,0.0
2024-08-13 00:00:00-04:00,3.1500000953674316,3.5,3.1500000953674316,3.430000066757202,46800,0.0,0.0
2024-08-14 00:00:00-04:00,3.4000000953674316,3.549999952316284,3.25,3.390000104904175,18800,0.0,0.0
2024-08-15 00:00:00-04:00,3.069999933242798,3.240000009536743,2.615000009536743,2.740000009536743,35000,0.0,0.0
2024-08-16 00:00:00-04:00,2.640000104904175,2.802999973297119,2.359999895095825,2.4000000953674316,26500,0.0,0.0
2024-08-19 00:00:00-04:00,2.359999895095825,2.5,2.319999933242798,2.5,4700,0.0,0.0
2024-08-20 00:00:00-04:00,2.509999990463257,2.5999999046325684,2.5,2.5,2800,0.0,0.0
2024-08-21 00:00:00-04:00,2.5,2.5799999237060547,2.4179999828338623,2.509999990463257,1800,0.0,0.0
2024-08-22 00:00:00-04:00,2.5,2.5450000762939453,2.4000000953674316,2.4200000762939453,1900,0.0,0.0
2024-08-23 00:00:00-04:00,2.4000000953674316,2.5,2.2899999618530273,2.440000057220459,41500,0.0,0.0
2024-08-26 00:00:00-04:00,2.4000000953674316,2.440000057220459,2.2200000286102295,2.3499999046325684,19400,0.0,0.0
2024-08-27 00:00:00-04:00,2.234999895095825,2.369999885559082,2.234999895095825,2.369999885559082,7000,0.0,0.0
2024-08-28 00:00:00-04:00,2.3959999084472656,2.490000009536743,2.2880001068115234,2.450000047683716,11000,0.0,0.0
2024-08-29 00:00:00-04:00,2.4100000858306885,2.497999906539917,2.319999933242798,2.497999906539917,14100,0.0,0.0
2024-08-30 00:00:00-04:00,2.430000066757202,2.490000009536743,2.378999948501587,2.4700000286102295,7500,0.0,0.0
2024-09-03 00:00:00-04:00,2.369999885559082,2.380000114440918,2.2929999828338623,2.319999933242798,3000,0.0,0.0
2024-09-04 00:00:00-04:00,2.299999952316284,2.299999952316284,2.2100000381469727,2.2100000381469727,9800,0.0,0.0
2024-09-05 00:00:00-04:00,2.1500000953674316,2.440000057220459,2.1500000953674316,2.430000066757202,11500,0.0,0.0
2024-09-06 00:00:00-04:00,2.509999990463257,2.5929999351501465,2.4100000858306885,2.549999952316284,6300,0.0,0.0
2024-09-09 00:00:00-04:00,2.549999952316284,2.5899999141693115,2.1389999389648438,2.190000057220459,24100,0.0,0.0
2024-09-10 00:00:00-04:00,2.3399999141693115,2.3399999141693115,2.190000057220459,2.190000057220459,2600,0.0,0.0
2024-09-11 00:00:00-04:00,2.25,2.25,2.0,2.119999885559082,13300,0.0,0.0
2024-09-12 00:00:00-04:00,2.319999933242798,2.319999933242798,2.109999895095825,2.2899999618530273,5400,0.0,0.0
2024-09-13 00:00:00-04:00,2.2100000381469727,2.3499999046325684,2.1559998989105225,2.3499999046325684,3400,0.0,0.0
2024-09-16 00:00:00-04:00,2.390000104904175,2.390000104904175,2.130000114440918,2.240000009536743,2200,0.0,0.0
2024-09-17 00:00:00-04:00,2.180000066757202,2.2799999713897705,2.059999942779541,2.059999942779541,6700,0.0,0.0
2024-09-18 00:00:00-04:00,2.2100000381469727,2.259999990463257,2.0199999809265137,2.0199999809265137,26600,0.0,0.0
2024-09-19 00:00:00-04:00,2.069999933242798,2.130000114440918,2.069999933242798,2.0999999046325684,2500,0.0,0.0
2024-09-20 00:00:00-04:00,2.0799999237060547,2.1600000858306885,2.0799999237060547,2.1600000858306885,21100,0.0,0.0
2024-09-23 00:00:00-04:00,2.0999999046325684,2.2679998874664307,2.0880000591278076,2.190000057220459,3900,0.0,0.0
2024-09-24 00:00:00-04:00,2.490000009536743,2.490000009536743,2.121000051498413,2.1600000858306885,4000,0.0,0.0
2024-09-25 00:00:00-04:00,2.259999990463257,2.3340001106262207,2.109999895095825,2.180000066757202,9700,0.0,0.0
2024-09-26 00:00:00-04:00,2.244999885559082,2.244999885559082,2.2300000190734863,2.2300000190734863,2000,0.0,0.0
2024-09-27 00:00:00-04:00,2.3499999046325684,2.4000000953674316,2.2300000190734863,2.3399999141693115,3000,0.0,0.0
2024-09-30 00:00:00-04:00,2.3399999141693115,2.3399999141693115,2.259999990463257,2.259999990463257,1300,0.0,0.0
2024-10-01 00:00:00-04:00,2.259999990463257,2.319999933242798,2.140000104904175,2.140000104904175,4400,0.0,0.0
2024-10-02 00:00:00-04:00,2.109999895095825,2.312000036239624,2.109999895095825,2.2899999618530273,9300,0.0,0.0
2024-10-03 00:00:00-04:00,2.109999895095825,2.3369998931884766,2.0799999237060547,2.109999895095825,4600,0.0,0.0
2024-10-04 00:00:00-04:00,2.259999990463257,2.2799999713897705,2.0799999237060547,2.180000066757202,4800,0.0,0.0
2024-10-07 00:00:00-04:00,2.109999895095825,2.1500000953674316,2.0899999141693115,2.1500000953674316,8000,0.0,0.0
2024-10-08 00:00:00-04:00,2.1500000953674316,2.1500000953674316,2.109999895095825,2.109999895095825,1500,0.0,0.0
2024-10-09 00:00:00-04:00,2.1700000762939453,2.25,2.0299999713897705,2.0299999713897705,2000,0.0,0.0
2024-10-10 00:00:00-04:00,2.0799999237060547,2.119999885559082,1.9800000190734863,2.0999999046325684,4200,0.0,0.0
2024-10-11 00:00:00-04:00,2.0399999618530273,2.0999999046325684,1.9819999933242798,2.0399999618530273,9300,0.0,0.0
2024-10-14 00:00:00-04:00,2.0999999046325684,2.0999999046325684,1.9880000352859497,2.0299999713897705,1600,0.0,0.0
2024-10-15 00:00:00-04:00,2.125,2.125,2.049999952316284,2.0999999046325684,2500,0.0,0.0
2024-10-16 00:00:00-04:00,2.25,2.25,2.0799999237060547,2.0999999046325684,3100,0.0,0.0
2024-10-17 00:00:00-04:00,2.0999999046325684,2.130000114440918,2.059999942779541,2.059999942779541,15000,0.0,0.0
2024-10-18 00:00:00-04:00,2.069999933242798,2.1429998874664307,2.049999952316284,2.0999999046325684,1700,0.0,0.0
2024-10-21 00:00:00-04:00,2.0280001163482666,2.180000066757202,2.0280001163482666,2.180000066757202,1800,0.0,0.0
2024-10-22 00:00:00-04:00,2.130000114440918,2.1449999809265137,2.130000114440918,2.130000114440918,500,0.0,0.0
2024-10-23 00:00:00-04:00,2.059999942779541,2.125,2.059999942779541,2.0799999237060547,10500,0.0,0.0
2024-10-24 00:00:00-04:00,2.188999891281128,2.188999891281128,2.188999891281128,2.188999891281128,400,0.0,0.0
2024-10-25 00:00:00-04:00,2.0399999618530273,2.1600000858306885,2.0399999618530273,2.130000114440918,1400,0.0,0.0
2024-10-28 00:00:00-04:00,2.0,2.299999952316284,2.0,2.059999942779541,9400,0.0,0.0
2024-10-29 00:00:00-04:00,2.049999952316284,2.134000062942505,2.049999952316284,2.119999885559082,800,0.0,0.0
2024-10-30 00:00:00-04:00,2.049999952316284,2.119999885559082,2.049999952316284,2.059999942779541,8000,0.0,0.0
2024-10-31 00:00:00-04:00,2.0199999809265137,2.111999988555908,1.9900000095367432,2.049999952316284,9000,0.0,0.0
2024-11-01 00:00:00-04:00,2.119999885559082,2.119999885559082,1.9800000190734863,1.9800000190734863,1400,0.0,0.0
2024-11-04 00:00:00-05:00,1.9800000190734863,2.0250000953674316,1.9800000190734863,2.0250000953674316,500,0.0,0.0
2024-11-05 00:00:00-05:00,2.049999952316284,2.119999885559082,1.9500000476837158,1.9700000286102295,5000,0.0,0.0
2024-11-06 00:00:00-05:00,2.119999885559082,2.119999885559082,1.9600000381469727,2.0799999237060547,4400,0.0,0.0
2024-11-07 00:00:00-05:00,1.9600000381469727,2.0,1.75,1.8799999952316284,18900,0.0,0.0
2024-11-08 00:00:00-05:00,1.899999976158142,2.1019999980926514,1.8849999904632568,2.0799999237060547,4000,0.0,0.0
2024-11-11 00:00:00-05:00,2.0399999618530273,2.0999999046325684,2.0,2.0,9100,0.0,0.0
2024-11-12 00:00:00-05:00,2.0,2.0899999141693115,2.0,2.059999942779541,18200,0.0,0.0
2024-11-13 00:00:00-05:00,2.0199999809265137,2.049999952316284,1.7300000190734863,1.7300000190734863,14900,0.0,0.0
2024-11-14 00:00:00-05:00,1.7599999904632568,1.8899999856948853,1.75,1.878000020980835,6600,0.0,0.0
2024-11-15 00:00:00-05:00,1.8200000524520874,2.0,1.8200000524520874,2.0,2700,0.0,0.0
2024-11-18 00:00:00-05:00,2.0999999046325684,2.0999999046325684,1.9600000381469727,1.9700000286102295,7400,0.0,0.0
2024-11-19 00:00:00-05:00,1.9579999446868896,2.0,1.7999999523162842,1.8300000429153442,36500,0.0,0.0
2024-11-20 00:00:00-05:00,1.8300000429153442,1.99399995803833,1.8300000429153442,1.899999976158142,36000,0.0,0.0
2024-11-21 00:00:00-05:00,1.75,2.11899995803833,1.75,1.9500000476837158,36400,0.0,0.0
2024-11-22 00:00:00-05:00,2.0299999713897705,2.049999952316284,1.7999999523162842,1.850000023841858,29400,0.0,0.0
2024-11-25 00:00:00-05:00,1.9900000095367432,1.9900000095367432,1.7999999523162842,1.7999999523162842,11400,0.0,0.0
2024-11-26 00:00:00-05:00,1.7699999809265137,1.850000023841858,1.75,1.75,19500,0.0,0.0
2024-11-27 00:00:00-05:00,1.7200000286102295,1.75,1.6699999570846558,1.7000000476837158,14200,0.0,0.0
2024-11-29 00:00:00-05:00,1.8200000524520874,1.8200000524520874,1.5499999523162842,1.600000023841858,16200,0.0,0.0
2024-12-02 00:00:00-05:00,1.5499999523162842,1.600000023841858,1.5399999618530273,1.5499999523162842,11200,0.0,0.0
2024-12-03 00:00:00-05:00,1.5199999809265137,1.5800000429153442,1.4500000476837158,1.4700000286102295,13100,0.0,0.0
2024-12-04 00:00:00-05:00,1.4700000286102295,1.5299999713897705,1.3200000524520874,1.440000057220459,18700,0.0,0.0
2024-12-05 00:00:00-05:00,1.5,1.5499999523162842,1.4299999475479126,1.4600000381469727,53400,0.0,0.0
2024-12-06 00:00:00-05:00,1.4900000095367432,1.5399999618530273,1.440000057220459,1.4500000476837158,45800,0.0,0.0
2024-12-09 00:00:00-05:00,1.4500000476837158,1.5,1.399999976158142,1.4500000476837158,76800,0.0,0.0
2024-12-10 00:00:00-05:00,1.4299999475479126,1.440000057220459,1.3300000429153442,1.350000023841858,70200,0.0,0.0
2024-12-11 00:00:00-05:00,1.3300000429153442,1.440000057220459,1.2899999618530273,1.2999999523162842,97400,0.0,0.0
2024-12-12 00:00:00-05:00,1.399999976158142,1.399999976158142,1.159999966621399,1.2300000190734863,64000,0.0,0.0
2024-12-13 00:00:00-05:00,1.2899999618530273,1.4559999704360962,1.1399999856948853,1.1699999570846558,113100,0.0,0.0
2024-12-16 00:00:00-05:00,1.340000033378601,1.3600000143051147,1.1100000143051147,1.2100000381469727,475200,0.0,0.0
2024-12-17 00:00:00-05:00,1.2999999523162842,1.3300000429153442,1.100000023841858,1.190000057220459,170300,0.0,0.0
2024-12-18 00:00:00-05:00,1.1699999570846558,1.2339999675750732,1.159999966621399,1.1699999570846558,40200,0.0,0.0
2024-12-19 00:00:00-05:00,1.2209999561309814,1.25,1.159999966621399,1.25,23300,0.0,0.0
2024-12-20 00:00:00-05:00,1.2300000190734863,1.3300000429153442,1.2000000476837158,1.3300000429153442,88700,0.0,0.0
2024-12-23 00:00:00-05:00,1.350000023841858,1.5149999856948853,1.2999999523162842,1.4700000286102295,230200,0.0,0.0
2024-12-24 00:00:00-05:00,1.5,1.940000057220459,1.4800000190734863,1.8799999952316284,297200,0.0,0.0
2024-12-26 00:00:00-05:00,2.069999933242798,2.119999885559082,1.7999999523162842,1.899999976158142,224400,0.0,0.0
2024-12-27 00:00:00-05:00,1.9900000095367432,2.450000047683716,1.9900000095367432,2.440000057220459,600200,0.0,0.0
2024-12-30 00:00:00-05:00,3.059999942779541,4.880000114440918,2.609999895095825,2.7200000286102295,7011300,0.0,0.0
2024-12-31 00:00:00-05:00,2.890000104904175,3.75,2.75,3.2200000286102295,1440800,0.0,0.0
2025-01-02 00:00:00-05:00,3.4100000858306885,3.450000047683716,2.5999999046325684,2.690000057220459,486200,0.0,0.0
2025-01-03 00:00:00-05:00,2.7899999618530273,2.7899999618530273,2.390000104904175,2.559999942779541,291400,0.0,0.0
2025-01-06 00:00:00-05:00,2.5999999046325684,2.630000114440918,2.4000000953674316,2.430000066757202,155000,0.0,0.0
2025-01-07 00:00:00-05:00,2.390000104904175,2.4779999256134033,2.180000066757202,2.2300000190734863,85000,0.0,0.0
2025-01-08 00:00:00-05:00,2.180000066757202,2.2100000381469727,1.7999999523162842,2.0299999713897705,101100,0.0,0.0
2025-01-10 00:00:00-05:00,2.049999952316284,2.0799999237060547,1.8300000429153442,1.940000057220459,101900,0.0,0.0
2025-01-13 00:00:00-05:00,1.8700000047683716,1.9299999475479126,1.659999966621399,1.909999966621399,135100,0.0,0.0
2025-01-14 00:00:00-05:00,1.940000057220459,2.0199999809265137,1.8229999542236328,1.8300000429153442,67200,0.0,0.0
2025-01-15 00:00:00-05:00,1.7999999523162842,2.049999952316284,1.7699999809265137,1.9800000190734863,61000,0.0,0.0
2025-01-16 00:00:00-05:00,1.9800000190734863,2.130000114440918,1.8700000047683716,2.109999895095825,52400,0.0,0.0
2025-01-17 00:00:00-05:00,2.0999999046325684,2.140000104904175,1.9600000381469727,2.0199999809265137,101700,0.0,0.0
2025-01-21 00:00:00-05:00,2.059999942779541,2.2300000190734863,1.9500000476837158,2.2300000190734863,133400,0.0,0.0
2025-01-22 00:00:00-05:00,2.2300000190734863,2.309999942779541,2.069999933242798,2.240000009536743,77200,0.0,0.0
2025-01-23 00:00:00-05:00,2.180000066757202,2.319999933242798,2.1600000858306885,2.2799999713897705,80100,0.0,0.0
2025-01-24 00:00:00-05:00,2.3299999237060547,2.8499999046325684,2.190000057220459,2.3399999141693115,258100,0.0,0.0
2025-01-27 00:00:00-05:00,2.359999895095825,2.6500000953674316,2.25,2.2799999713897705,69200,0.0,0.0
2025-01-28 00:00:00-05:00,2.25,2.440000057220459,2.25,2.369999885559082,15700,0.0,0.0
2025-01-29 00:00:00-05:00,2.309999942779541,2.359999895095825,2.049999952316284,2.2699999809265137,28100,0.0,0.0
2025-01-30 00:00:00-05:00,2.369999885559082,2.5199999809265137,2.2200000286102295,2.5199999809265137,55100,0.0,0.0
2025-01-31 00:00:00-05:00,2.5199999809265137,2.5199999809265137,2.2100000381469727,2.2899999618530273,37100,0.0,0.0
2025-02-03 00:00:00-05:00,2.299999952316284,2.390000104904175,2.1600000858306885,2.369999885559082,43000,0.0,0.0
2025-02-04 00:00:00-05:00,2.3299999237060547,2.4000000953674316,2.2219998836517334,2.2899999618530273,24700,0.0,0.0
2025-02-05 00:00:00-05:00,2.3399999141693115,2.700000047683716,2.3399999141693115,2.619999885559082,44800,0.0,0.0
2025-02-06 00:00:00-05:00,2.690000057220459,2.690000057220459,2.5,2.559999942779541,17200,0.0,0.0
2025-02-07 00:00:00-05:00,2.5480000972747803,2.5999999046325684,2.5,2.549999952316284,17200,0.0,0.0
2025-02-10 00:00:00-05:00,2.549999952316284,2.640000104904175,2.4700000286102295,2.569999933242798,55400,0.0,0.0
2025-02-11 00:00:00-05:00,2.5450000762939453,2.5450000762939453,2.450000047683716,2.5,20200,0.0,0.0
2025-02-12 00:00:00-05:00,2.440000057220459,2.5880000591278076,2.3389999866485596,2.569999933242798,35000,0.0,0.0
2025-02-13 00:00:00-05:00,2.609999895095825,2.7899999618530273,2.5290000438690186,2.6500000953674316,44600,0.0,0.0
2025-02-14 00:00:00-05:00,2.680000066757202,2.680000066757202,2.3299999237060547,2.4700000286102295,39500,0.0,0.0
2025-02-18 00:00:00-05:00,2.4600000381469727,2.6700000762939453,2.430000066757202,2.5899999141693115,42600,0.0,0.0
2025-02-19 00:00:00-05:00,2.5,2.6510000228881836,2.3499999046325684,2.440000057220459,30200,0.0,0.0
2025-02-20 00:00:00-05:00,2.5,2.5460000038146973,2.4000000953674316,2.4700000286102295,7100,0.0,0.0
2025-02-21 00:00:00-05:00,2.559999942779541,2.559999942779541,2.3949999809265137,2.4100000858306885,11600,0.0,0.0
2025-02-24 00:00:00-05:00,2.369999885559082,2.490000009536743,2.3499999046325684,2.440000057220459,47400,0.0,0.0
2025-02-25 00:00:00-05:00,2.4100000858306885,2.4200000762939453,2.299999952316284,2.309999942779541,25700,0.0,0.0
2025-02-26 00:00:00-05:00,2.309999942779541,2.380000114440918,2.2339999675750732,2.318000078201294,12800,0.0,0.0
2025-02-27 00:00:00-05:00,2.3499999046325684,2.450000047683716,2.240000009536743,2.434999942779541,8700,0.0,0.0
2025-02-28 00:00:00-05:00,2.430000066757202,2.5,2.2720000743865967,2.5,23000,0.0,0.0
2025-03-03 00:00:00-05:00,2.450000047683716,2.5199999809265137,2.3399999141693115,2.440000057220459,21500,0.0,0.0
2025-03-04 00:00:00-05:00,2.369999885559082,2.5999999046325684,2.299999952316284,2.490000009536743,23100,0.0,0.0
2025-03-05 00:00:00-05:00,2.549999952316284,2.549999952316284,2.4000000953674316,2.4100000858306885,4700,0.0,0.0
2025-03-06 00:00:00-05:00,2.5,2.5,2.4000000953674316,2.5,14800,0.0,0.0
2025-03-07 00:00:00-05:00,2.5399999618530273,2.5799999237060547,2.4519999027252197,2.509999990463257,4700,0.0,0.0
2025-03-10 00:00:00-04:00,2.430000066757202,2.5799999237060547,2.309999942779541,2.490000009536743,6500,0.0,0.0
2025-03-11 00:00:00-04:00,2.559999942779541,2.5859999656677246,2.3399999141693115,2.450000047683716,8900,0.0,0.0
2025-03-12 00:00:00-04:00,2.450000047683716,2.559999942779541,2.369999885559082,2.440000057220459,4900,0.0,0.0
2025-03-13 00:00:00-04:00,2.490000009536743,2.490000009536743,2.3570001125335693,2.430000066757202,4000,0.0,0.0
2025-03-14 00:00:00-04:00,2.3910000324249268,2.5,2.2799999713897705,2.5,18600,0.0,0.0
2025-03-17 00:00:00-04:00,2.5,2.5899999141693115,2.4000000953674316,2.5299999713897705,23900,0.0,0.0
2025-03-18 00:00:00-04:00,2.569999933242798,2.569999933242798,2.380000114440918,2.4700000286102295,11800,0.0,0.0
2025-03-19 00:00:00-04:00,2.4100000858306885,2.5980000495910645,2.3889999389648438,2.5,12400,0.0,0.0
2025-03-20 00:00:00-04:00,2.4100000858306885,2.5,2.380000114440918,2.5,1500,0.0,0.0
2025-03-21 00:00:00-04:00,2.5899999141693115,2.5899999141693115,2.430000066757202,2.5799999237060547,7700,0.0,0.0
2025-03-24 00:00:00-04:00,2.5299999713897705,2.609999895095825,2.440000057220459,2.5899999141693115,5000,0.0,0.0
2025-03-25 00:00:00-04:00,2.5,2.6010000705718994,2.450000047683716,2.5,9000,0.0,0.0
2025-03-26 00:00:00-04:00,2.569999933242798,2.569999933242798,2.4000000953674316,2.559999942779541,7500,0.0,0.0
2025-03-27 00:00:00-04:00,2.490000009536743,2.5999999046325684,2.490000009536743,2.509999990463257,3000,0.0,0.0
2025-03-28 00:00:00-04:00,2.5199999809265137,2.5950000286102295,2.4560000896453857,2.490000009536743,20900,0.0,0.0
2025-03-31 00:00:00-04:00,2.4100000858306885,2.5199999809265137,2.4100000858306885,2.4700000286102295,4000,0.0,0.0
2025-04-01 00:00:00-04:00,2.5199999809265137,2.569999933242798,2.4600000381469727,2.549999952316284,1300,0.0,0.0
2025-04-02 00:00:00-04:00,2.450000047683716,2.609999895095825,2.450000047683716,2.509999990463257,9900,0.0,0.0
2025-04-03 00:00:00-04:00,2.4100000858306885,2.509999990463257,2.359999895095825,2.450000047683716,6400,0.0,0.0
2025-04-04 00:00:00-04:00,2.450000047683716,2.450000047683716,2.2190001010894775,2.2209999561309814,6700,0.0,0.0
2025-04-07 00:00:00-04:00,2.200000047683716,2.4200000762939453,2.0999999046325684,2.359999895095825,47300,0.0,0.0
2025-04-08 00:00:00-04:00,2.4200000762939453,2.4200000762939453,2.2699999809265137,2.2699999809265137,8800,0.0,0.0
2025-04-09 00:00:00-04:00,2.140000104904175,2.390000104904175,2.140000104904175,2.2100000381469727,16700,0.0,0.0
2025-04-10 00:00:00-04:00,2.2200000286102295,2.359999895095825,2.2200000286102295,2.359999895095825,7300,0.0,0.0
2025-04-11 00:00:00-04:00,2.197999954223633,2.4000000953674316,2.197999954223633,2.4000000953674316,2400,0.0,0.0
2025-04-14 00:00:00-04:00,2.450000047683716,2.490000009536743,2.4100000858306885,2.450000047683716,7700,0.0,0.0
2025-04-15 00:00:00-04:00,2.490000009536743,2.549999952316284,2.369999885559082,2.5,35600,0.0,0.0
2025-04-16 00:00:00-04:00,2.378999948501587,2.490000009536743,2.319999933242798,2.319999933242798,48100,0.0,0.0
2025-04-17 00:00:00-04:00,2.299999952316284,2.5199999809265137,2.253000020980835,2.4200000762939453,5200,0.0,0.0
2025-04-21 00:00:00-04:00,2.4000000953674316,2.5350000858306885,2.4000000953674316,2.49399995803833,6000,0.0,0.0
2025-04-22 00:00:00-04:00,2.6500000953674316,2.6600000858306885,2.4700000286102295,2.6500000953674316,43400,0.0,0.0
2025-04-23 00:00:00-04:00,2.6500000953674316,2.6500000953674316,2.5,2.569999933242798,9100,0.0,0.0
2025-04-24 00:00:00-04:00,2.5399999618530273,2.61299991607666,2.51200008392334,2.5799999237060547,11000,0.0,0.0
2025-04-25 00:00:00-04:00,2.609999895095825,2.609999895095825,2.490999937057495,2.559999942779541,14500,0.0,0.0
2025-04-28 00:00:00-04:00,2.5399999618530273,2.5399999618530273,2.50600004196167,2.5199999809265137,1900,0.0,0.0
2025-04-29 00:00:00-04:00,2.4800000190734863,2.4800000190734863,2.4200000762939453,2.4709999561309814,1800,0.0,0.0
2025-04-30 00:00:00-04:00,2.5,2.5350000858306885,2.4600000381469727,2.4600000381469727,3700,0.0,0.0
2025-05-01 00:00:00-04:00,2.5299999713897705,2.5299999713897705,2.4130001068115234,2.5299999713897705,20000,0.0,0.0
2025-05-02 00:00:00-04:00,2.559999942779541,2.559999942779541,2.4000000953674316,2.450000047683716,8100,0.0,0.0
2025-05-05 00:00:00-04:00,2.4100000858306885,2.549999952316284,2.4100000858306885,2.5199999809265137,5200,0.0,0.0
2025-05-06 00:00:00-04:00,2.4700000286102295,2.505000114440918,2.430000066757202,2.430000066757202,2900,0.0,0.0
2025-05-07 00:00:00-04:00,2.4000000953674316,2.5,2.4000000953674316,2.5,2100,0.0,0.0
2025-05-08 00:00:00-04:00,2.609999895095825,2.609999895095825,2.450000047683716,2.4600000381469727,39300,0.0,0.0
2025-05-09 00:00:00-04:00,2.5399999618530273,2.5799999237060547,2.450000047683716,2.4600000381469727,1900,0.0,0.0
2025-05-12 00:00:00-04:00,2.4600000381469727,2.5799999237060547,2.25,2.25,24400,0.0,0.0
2025-05-13 00:00:00-04:00,2.25,2.3299999237060547,2.2200000286102295,2.309999942779541,7100,0.0,0.0
2025-05-14 00:00:00-04:00,2.309999942779541,2.3529999256134033,2.2200000286102295,2.2300000190734863,4400,0.0,0.0
2025-05-15 00:00:00-04:00,2.200000047683716,2.2200000286102295,2.0399999618530273,2.0999999046325684,7700,0.0,0.0
2025-05-16 00:00:00-04:00,2.0999999046325684,2.1640000343322754,2.055000066757202,2.069999933242798,7500,0.0,0.0
2025-05-19 00:00:00-04:00,2.069999933242798,2.2300000190734863,2.049999952316284,2.049999952316284,7300,0.0,0.0
2025-05-20 00:00:00-04:00,2.2200000286102295,2.380000114440918,2.1500000953674316,2.200000047683716,10400,0.0,0.0
2025-05-21 00:00:00-04:00,2.2699999809265137,2.319999933242798,2.200000047683716,2.299999952316284,11200,0.0,0.0
2025-05-22 00:00:00-04:00,2.2100000381469727,2.3499999046325684,2.200000047683716,2.309999942779541,8000,0.0,0.0
2025-05-23 00:00:00-04:00,2.380000114440918,2.380000114440918,2.259999990463257,2.319999933242798,9700,0.0,0.0
2025-05-27 00:00:00-04:00,2.2799999713897705,2.390000104904175,2.2799999713897705,2.369999885559082,15200,0.0,0.0
2025-05-28 00:00:00-04:00,2.3910000324249268,2.490000009536743,2.3910000324249268,2.4649999141693115,5500,0.0,0.0
2025-05-29 00:00:00-04:00,2.5299999713897705,2.5299999713897705,2.3299999237060547,2.3299999237060547,3500,0.0,0.0
2025-05-30 00:00:00-04:00,2.4000000953674316,2.569999933242798,2.3450000286102295,2.5,41000,0.0,0.0
2025-06-02 00:00:00-04:00,2.441999912261963,2.75,2.4000000953674316,2.75,66900,0.0,0.0
2025-06-03 00:00:00-04:00,2.759999990463257,2.947000026702881,2.549999952316284,2.549999952316284,61100,0.0,0.0
2025-06-04 00:00:00-04:00,2.509999990463257,2.640000104904175,2.380000114440918,2.640000104904175,17900,0.0,0.0
2025-06-05 00:00:00-04:00,2.700000047683716,2.700000047683716,2.509999990463257,2.509999990463257,14500,0.0,0.0
2025-06-06 00:00:00-04:00,2.640000104904175,2.700000047683716,2.509999990463257,2.549999952316284,5900,0.0,0.0
2025-06-09 00:00:00-04:00,2.640000104904175,2.6500000953674316,2.5399999618530273,2.619999885559082,7900,0.0,0.0
2025-06-10 00:00:00-04:00,2.549999952316284,2.5999999046325684,2.5399999618530273,2.5799999237060547,9400,0.0,0.0
2025-06-11 00:00:00-04:00,2.6500000953674316,2.6500000953674316,2.507999897003174,2.559999942779541,9000,0.0,0.0
2025-06-12 00:00:00-04:00,2.5399999618530273,2.5399999618530273,2.4100000858306885,2.4649999141693115,7600,0.0,0.0
2025-06-13 00:00:00-04:00,2.4000000953674316,2.430000066757202,2.299999952316284,2.3499999046325684,12300,0.0,0.0
2025-06-16 00:00:00-04:00,2.4000000953674316,2.4000000953674316,2.240000009536743,2.240000009536743,6900,0.0,0.0
2025-06-17 00:00:00-04:00,2.309999942779541,2.49399995803833,2.2200000286102295,2.4100000858306885,8300,0.0,0.0
2025-06-18 00:00:00-04:00,2.380000114440918,2.440000057220459,2.380000114440918,2.440000057220459,1000,0.0,0.0
2025-06-20 00:00:00-04:00,2.4800000190734863,2.4800000190734863,2.200000047683716,2.2899999618530273,7500,0.0,0.0
2025-06-23 00:00:00-04:00,2.180999994277954,2.5,2.0299999713897705,2.3299999237060547,16400,0.0,0.0
2025-06-24 00:00:00-04:00,2.2799999713897705,2.382999897003174,2.2200000286102295,2.299999952316284,2200,0.0,0.0
2025-06-25 00:00:00-04:00,2.2100000381469727,2.3589999675750732,2.200000047683716,2.3589999675750732,4400,0.0,0.0
2025-06-26 00:00:00-04:00,2.390000104904175,2.4619998931884766,2.2300000190734863,2.3499999046325684,9000,0.0,0.0
2025-06-27 00:00:00-04:00,2.2300000190734863,2.4000000953674316,2.2300000190734863,2.4000000953674316,18500,0.0,0.0
2025-06-30 00:00:00-04:00,2.2899999618530273,2.4800000190734863,2.2899999618530273,2.390000104904175,3300,0.0,0.0
2025-07-01 00:00:00-04:00,2.440000057220459,2.447999954223633,2.25600004196167,2.2899999618530273,8500,0.0,0.0
2025-07-02 00:00:00-04:00,2.2699999809265137,2.4000000953674316,2.2300000190734863,2.299999952316284,6400,0.0,0.0
2025-07-03 00:00:00-04:00,2.240000009536743,2.385999917984009,2.240000009536743,2.299999952316284,2300,0.0,0.0
2025-07-07 00:00:00-04:00,2.240000009536743,2.430000066757202,2.240000009536743,2.369999885559082,8900,0.0,0.0
2025-07-08 00:00:00-04:00,2.4000000953674316,2.6500000953674316,2.4000000953674316,2.450000047683716,27000,0.0,0.0
2025-07-09 00:00:00-04:00,2.549999952316284,2.6670000553131104,2.450000047683716,2.5399999618530273,17300,0.0,0.0
2025-07-10 00:00:00-04:00,2.5199999809265137,2.5999999046325684,2.503000020980835,2.565000057220459,8300,0.0,0.0
2025-07-11 00:00:00-04:00,2.509999990463257,2.559999942779541,2.3269999027252197,2.5399999618530273,14000,0.0,0.0
2025-07-14 00:00:00-04:00,2.6600000858306885,2.740000009536743,2.5,2.5999999046325684,24400,0.0,0.0
2025-07-15 00:00:00-04:00,2.569999933242798,2.7279999256134033,2.5,2.5999999046325684,30800,0.0,0.0
2025-07-16 00:00:00-04:00,2.6500000953674316,2.7200000286102295,2.569999933242798,2.6500000953674316,7600,0.0,0.0
2025-07-17 00:00:00-04:00,2.609999895095825,2.8499999046325684,2.5850000381469727,2.809999942779541,36900,0.0,0.0
2025-07-18 00:00:00-04:00,2.8499999046325684,2.8499999046325684,2.7699999809265137,2.8399999141693115,3600,0.0,0.0
2025-07-21 00:00:00-04:00,2.700000047683716,2.8289999961853027,2.700000047683716,2.799999952316284,44200,0.0,0.0
2025-07-22 00:00:00-04:00,2.799999952316284,2.799999952316284,2.6019999980926514,2.640000104904175,25100,0.0,0.0
2025-07-23 00:00:00-04:00,2.6110000610351562,2.7899999618530273,2.6110000610351562,2.7699999809265137,2900,0.0,0.0
2025-07-24 00:00:00-04:00,2.809999942779541,2.809999942779541,2.609999895095825,2.690000057220459,9400,0.0,0.0
2025-07-25 00:00:00-04:00,2.609999895095825,2.6689999103546143,2.5,2.5,57000,0.0,0.0
2025-07-28 00:00:00-04:00,2.5,2.5299999713897705,2.5,2.509999990463257,28600,0.0,0.0
2025-07-29 00:00:00-04:00,2.5,2.509000062942505,2.384999990463257,2.384999990463257,13900,0.0,0.0
2025-07-30 00:00:00-04:00,2.3499999046325684,2.380000114440918,2.1659998893737793,2.305000066757202,25100,0.0,0.0
2025-07-31 00:00:00-04:00,2.2200000286102295,2.2200000286102295,2.0999999046325684,2.109999895095825,22200,0.0,0.0
2025-08-01 00:00:00-04:00,2.1500000953674316,2.240000009536743,2.0999999046325684,2.1600000858306885,8000,0.0,0.0
2025-08-04 00:00:00-04:00,2.197999954223633,2.2279999256134033,2.0999999046325684,2.1600000858306885,5400,0.0,0.0
2025-08-05 00:00:00-04:00,2.200000047683716,2.4000000953674316,2.190000057220459,2.390000104904175,33300,0.0,0.0
2025-08-06 00:00:00-04:00,2.4000000953674316,2.509999990463257,2.2290000915527344,2.369999885559082,11900,0.0,0.0
2025-08-07 00:00:00-04:00,2.3299999237060547,2.4579999446868896,2.2799999713897705,2.2799999713897705,7500,0.0,0.0
2025-08-08 00:00:00-04:00,2.4000000953674316,2.444000005722046,2.299999952316284,2.4000000953674316,2500,0.0,0.0
2025-08-11 00:00:00-04:00,2.3499999046325684,2.382999897003174,2.244999885559082,2.369999885559082,13800,0.0,0.0
2025-08-12 00:00:00-04:00,2.4000000953674316,2.490999937057495,2.3510000705718994,2.450000047683716,5600,0.0,0.0
2025-08-13 00:00:00-04:00,2.3399999141693115,2.490000009536743,2.263000011444092,2.380000114440918,6900,0.0,0.0
2025-08-14 00:00:00-04:00,2.490000009536743,2.490000009536743,2.299999952316284,2.430000066757202,5000,0.0,0.0
2025-08-15 00:00:00-04:00,2.4200000762939453,2.4200000762939453,2.25,2.2799999713897705,17400,0.0,0.0
2025-08-18 00:00:00-04:00,2.240000009536743,2.319000005722046,2.1600000858306885,2.1600000858306885,19300,0.0,0.0
2025-08-19 00:00:00-04:00,2.119999885559082,2.1589999198913574,2.0999999046325684,2.130000114440918,2900,0.0,0.0
2025-08-20 00:00:00-04:00,2.0999999046325684,2.1500000953674316,2.0999999046325684,2.1500000953674316,3400,0.0,0.0
2025-08-21 00:00:00-04:00,2.140000104904175,2.2669999599456787,2.0999999046325684,2.1600000858306885,20600,0.0,0.0
2025-08-22 00:00:00-04:00,2.200000047683716,2.3519999980926514,2.177000045776367,2.2799999713897705,17000,0.0,0.0
2025-08-25 00:00:00-04:00,2.319999933242798,2.390000104904175,2.1679999828338623,2.390000104904175,6500,0.0,0.0
2025-08-26 00:00:00-04:00,2.3399999141693115,2.390000104904175,2.2909998893737793,2.3499999046325684,18100,0.0,0.0
2025-08-27 00:00:00-04:00,2.390000104904175,2.490000009536743,2.299999952316284,2.380000114440918,6800,0.0,0.0
2025-08-28 00:00:00-04:00,2.3399999141693115,2.5,2.3399999141693115,2.5,900,0.0,0.0
2025-08-29 00:00:00-04:00,2.3499999046325684,2.5899999141693115,2.319000005722046,2.4000000953674316,20700,0.0,0.0
2025-09-02 00:00:00-04:00,2.4000000953674316,2.490000009536743,2.4000000953674316,2.450000047683716,4300,0.0,0.0
2025-09-03 00:00:00-04:00,2.4100000858306885,2.4700000286102295,2.200000047683716,2.309999942779541,24700,0.0,0.0
2025-09-04 00:00:00-04:00,2.2699999809265137,2.3399999141693115,2.2300000190734863,2.299999952316284,4200,0.0,0.0
2025-09-05 00:00:00-04:00,2.259999990463257,2.259999990463257,2.257999897003174,2.257999897003174,1500,0.0,0.0
2025-09-08 00:00:00-04:00,2.259999990463257,2.319999933242798,2.259999990463257,2.319999933242798,3700,0.0,0.0
2025-09-09 00:00:00-04:00,2.3399999141693115,2.3399999141693115,2.200000047683716,2.234999895095825,8900,0.0,0.0
2025-09-10 00:00:00-04:00,2.2699999809265137,2.3399999141693115,2.0,2.1500000953674316,28100,0.0,0.0
2025-09-11 00:00:00-04:00,2.1600000858306885,2.200000047683716,2.0999999046325684,2.140000104904175,16600,0.0,0.0
2025-09-12 00:00:00-04:00,2.140000104904175,2.187000036239624,2.109999895095825,2.1559998989105225,7400,0.0,0.0
2025-09-15 00:00:00-04:00,2.109999895095825,2.1600000858306885,2.0999999046325684,2.130000114440918,6500,0.0,0.0
2025-09-16 00:00:00-04:00,2.200000047683716,2.200000047683716,2.119999885559082,2.121000051498413,4900,0.0,0.0
2025-09-17 00:00:00-04:00,2.1600000858306885,2.200000047683716,2.119999885559082,2.119999885559082,11900,0.0,0.0
2025-09-18 00:00:00-04:00,2.119999885559082,2.240000009536743,2.119999885559082,2.140000104904175,13700,0.0,0.0
2025-09-19 00:00:00-04:00,2.119999885559082,2.2899999618530273,2.119999885559082,2.2300000190734863,36100,0.0,0.0
2025-09-22 00:00:00-04:00,2.259999990463257,2.299999952316284,2.1700000762939453,2.2899999618530273,19700,0.0,0.0
2025-09-23 00:00:00-04:00,2.3299999237060547,2.440000057220459,2.240000009536743,2.440000057220459,23600,0.0,0.0
2025-09-24 00:00:00-04:00,2.4700000286102295,2.799999952316284,2.4000000953674316,2.759999990463257,34100,0.0,0.0
2025-09-25 00:00:00-04:00,2.640000104904175,2.75,2.5,2.5299999713897705,31600,0.0,0.0
2025-09-26 00:00:00-04:00,2.5299999713897705,2.559999942779541,2.369999885559082,2.5299999713897705,10100,0.0,0.0
2025-09-29 00:00:00-04:00,2.5299999713897705,2.5299999713897705,2.434999942779541,2.4800000190734863,27700,0.0,0.0
2025-09-30 00:00:00-04:00,2.4800000190734863,2.5,2.4000000953674316,2.4200000762939453,22300,0.0,0.0
2025-10-01 00:00:00-04:00,2.5299999713897705,2.640000104904175,2.390000104904175,2.5299999713897705,37000,0.0,0.0
2025-10-02 00:00:00-04:00,2.759999990463257,2.759999990463257,2.5,2.549999952316284,41100,0.0,0.0
2025-10-03 00:00:00-04:00,2.549999952316284,2.5850000381469727,2.4600000381469727,2.569999933242798,11500,0.0,0.0
2025-10-06 00:00:00-04:00,2.5899999141693115,2.9800000190734863,2.5899999141693115,2.819999933242798,79100,0.0,0.0
2025-10-07 00:00:00-04:00,2.819999933242798,2.950000047683716,2.819999933242798,2.9100000858306885,21400,0.0,0.0
2025-10-08 00:00:00-04:00,2.9200000762939453,3.3399999141693115,2.9200000762939453,3.299999952316284,37500,0.0,0.0
2025-10-09 00:00:00-04:00,3.2799999713897705,3.2799999713897705,3.069999933242798,3.1500000953674316,15500,0.0,0.0
2025-10-10 00:00:00-04:00,3.2300000190734863,3.240000009536743,3.0399999618530273,3.1600000858306885,32700,0.0,0.0
2025-10-13 00:00:00-04:00,3.140000104904175,3.2300000190734863,3.0230000019073486,3.119999885559082,23800,0.0,0.0
2025-10-14 00:00:00-04:00,3.0999999046325684,3.1050000190734863,3.049999952316284,3.059999942779541,25300,0.0,0.0
2025-10-15 00:00:00-04:00,3.059999942779541,3.0999999046325684,3.049999952316284,3.065000057220459,7800,0.0,0.0
2025-10-16 00:00:00-04:00,3.0,3.1700000762939453,2.9000000953674316,2.940000057220459,24000,0.0,0.0
2025-10-17 00:00:00-04:00,2.990000009536743,2.990000009536743,2.875,2.990000009536743,3500,0.0,0.0
2025-10-20 00:00:00-04:00,2.930000066757202,3.0299999713897705,2.9000000953674316,3.0299999713897705,10400,0.0,0.0
2025-10-21 00:00:00-04:00,3.069999933242798,3.0869998931884766,2.9600000381469727,3.069999933242798,11900,0.0,0.0
2025-10-22 00:00:00-04:00,3.0799999237060547,3.1700000762939453,2.990000009536743,3.069999933242798,43000,0.0,0.0
2025-10-23 00:00:00-04:00,3.0199999809265137,3.0799999237060547,3.0199999809265137,3.0799999237060547,4300,0.0,0.0
2025-10-24 00:00:00-04:00,3.0899999141693115,3.5299999713897705,2.989000082015991,3.450000047683716,92300,0.0,0.0
2025-10-27 00:00:00-04:00,3.5799999237060547,3.7200000286102295,3.490000009536743,3.7100000381469727,62100,0.0,0.0
2025-10-28 00:00:00-04:00,3.7100000381469727,3.8299999237060547,3.569999933242798,3.809999942779541,38200,0.0,0.0
2025-10-29 00:00:00-04:00,3.806999921798706,3.809999942779541,3.174999952316284,3.549999952316284,42500,0.0,0.0
2025-10-30 00:00:00-04:00,3.609999895095825,3.609999895095825,3.4000000953674316,3.5199999809265137,23500,0.0,0.0
2025-10-31 00:00:00-04:00,3.4700000286102295,3.6500000953674316,3.3499999046325684,3.571000099182129,31800,0.0,0.0
2025-11-03 00:00:00-05:00,3.7899999618530273,4.0,3.562000036239624,3.9800000190734863,64900,0.0,0.0
2025-11-04 00:00:00-05:00,4.099999904632568,4.440000057220459,3.809999942779541,4.21999979019165,3919200,0.0,0.0
2025-11-05 00:00:00-05:00,4.130000114440918,4.880000114440918,4.010000228881836,4.5,265600,0.0,0.0
2025-11-06 00:00:00-05:00,4.380000114440918,4.510000228881836,4.25,4.400000095367432,58600,0.0,0.0
2025-11-07 00:00:00-05:00,4.340000152587891,4.400000095367432,4.21999979019165,4.260000228881836,50000,0.0,0.0
2025-11-10 00:00:00-05:00,4.300000190734863,4.510000228881836,4.300000190734863,4.429999828338623,106500,0.0,0.0
2025-11-11 00:00:00-05:00,4.360000133514404,4.400000095367432,4.230000019073486,4.239999771118164,43400,0.0,0.0
2025-11-12 00:00:00-05:00,4.21999979019165,4.360000133514404,3.9149999618530273,4.050000190734863,162600,0.0,0.0
2025-11-13 00:00:00-05:00,3.5199999809265137,4.460000038146973,3.5199999809265137,3.930000066757202,166900,0.0,0.0
2025-11-14 00:00:00-05:00,4.0,4.269999980926514,4.0,4.21999979019165,91800,0.0,0.0
2025-11-17 00:00:00-05:00,4.099999904632568,4.28000020980835,4.050000190734863,4.130000114440918,32900,0.0,0.0
2025-11-18 00:00:00-05:00,4.0,4.28000020980835,4.0,4.119999885559082,62000,0.0,0.0
2025-11-19 00:00:00-05:00,4.150000095367432,4.25,4.059999942779541,4.25,72300,0.0,0.0
2025-11-20 00:00:00-05:00,4.28000020980835,4.480000019073486,4.039999961853027,4.079999923706055,73200,0.0,0.0
2025-11-21 00:00:00-05:00,4.039999961853027,4.15500020980835,4.039999961853027,4.090000152587891,10800,0.0,0.0
2025-11-24 00:00:00-05:00,4.150000095367432,4.380000114440918,4.070000171661377,4.210000038146973,34800,0.0,0.0
2025-11-25 00:00:00-05:00,4.099999904632568,4.199999809265137,4.070000171661377,4.139999866485596,29300,0.0,0.0
2025-11-26 00:00:00-05:00,4.139999866485596,4.493000030517578,4.110000133514404,4.260000228881836,210100,0.0,0.0
2025-11-28 00:00:00-05:00,4.25,4.25,4.110000133514404,4.110000133514404,12500,0.0,0.0
2025-12-01 00:00:00-05:00,4.119999885559082,4.159999847412109,4.039999961853027,4.079999923706055,52300,0.0,0.0
2025-12-02 00:00:00-05:00,4.059999942779541,4.110000133514404,3.9700000286102295,4.099999904632568,10200,0.0,0.0
2025-12-03 00:00:00-05:00,4.150000095367432,4.21999979019165,3.9800000190734863,4.199999809265137,54500,0.0,0.0
2025-12-04 00:00:00-05:00,4.210000038146973,4.28000020980835,4.099999904632568,4.119999885559082,55700,0.0,0.0
2025-12-05 00:00:00-05:00,4.190000057220459,4.320000171661377,4.139999866485596,4.239999771118164,54300,0.0,0.0
2025-12-08 00:00:00-05:00,4.159999847412109,4.2129998207092285,4.019999980926514,4.159999847412109,32000,0.0,0.0
2025-12-09 00:00:00-05:00,4.199999809265137,4.269999980926514,4.067999839782715,4.159999847412109,30900,0.0,0.0
2025-12-10 00:00:00-05:00,4.164999961853027,4.599999904632568,4.039999961853027,4.599999904632568,121000,0.0,0.0
2025-12-11 00:00:00-05:00,4.599999904632568,4.610000133514404,4.449999809265137,4.510000228881836,59000,0.0,0.0
2025-12-12 00:00:00-05:00,4.579999923706055,4.579999923706055,4.300000190734863,4.5,40900,0.0,0.0
2025-12-15 00:00:00-05:00,4.510000228881836,4.570000171661377,4.25,4.53000020980835,47000,0.0,0.0
2025-12-16 00:00:00-05:00,4.599999904632568,4.599999904632568,4.300000190734863,4.599999904632568,30200,0.0,0.0
2025-12-17 00:00:00-05:00,4.550000190734863,4.619999885559082,4.349999904632568,4.46999979019165,48600,0.0,0.0
2025-12-18 00:00:00-05:00,4.46999979019165,4.539999961853027,4.099999904632568,4.309999942779541,59100,0.0,0.0
2025-12-19 00:00:00-05:00,4.300000190734863,4.429999828338623,4.224999904632568,4.429999828338623,28500,0.0,0.0
2025-12-22 00:00:00-05:00,4.420000076293945,4.5,4.300000190734863,4.449999809265137,9200,0.0,0.0
2025-12-23 00:00:00-05:00,4.429999828338623,4.489999771118164,4.300000190734863,4.360000133514404,13100,0.0,0.0
2025-12-24 00:00:00-05:00,4.449999809265137,4.489999771118164,4.315000057220459,4.400000095367432,12200,0.0,0.0
2025-12-26 00:00:00-05:00,4.400000095367432,4.400000095367432,4.310999870300293,4.389999866485596,6700,0.0,0.0
2025-12-29 00:00:00-05:00,4.420000076293945,4.5,4.315000057220459,4.5,17100,0.0,0.0
2025-12-30 00:00:00-05:00,4.440000057220459,4.440000057220459,4.099999904632568,4.170000076293945,43200,0.0,0.0
2025-12-31 00:00:00-05:00,4.170000076293945,4.260000228881836,4.164999961853027,4.21999979019165,16700,0.0,0.0
2026-01-02 00:00:00-05:00,4.21999979019165,4.449999809265137,4.159999847412109,4.449999809265137,55800,0.0,0.0
2026-01-05 00:00:00-05:00,4.53000020980835,4.769999980926514,4.2779998779296875,4.769999980926514,81700,0.0,0.0
2026-01-06 00:00:00-05:00,4.820000171661377,4.849999904632568,4.619999885559082,4.829999923706055,135700,0.0,0.0
2026-01-07 00:00:00-05:00,4.820000171661377,4.849999904632568,4.650000095367432,4.769999980926514,81500,0.0,0.0
2026-01-08 00:00:00-05:00,4.820000171661377,4.820000171661377,4.739999771118164,4.769999980926514,11000,0.0,0.0
2026-01-09 00:00:00-05:00,4.75,4.900000095367432,4.704999923706055,4.880000114440918,45800,0.0,0.0
2026-01-12 00:00:00-05:00,4.880000114440918,4.949999809265137,4.800000190734863,4.900000095367432,58000,0.0,0.0
2026-01-13 00:00:00-05:00,4.900000095367432,4.989999771118164,4.900000095367432,4.909999847412109,18600,0.0,0.0
2026-01-14 00:00:00-05:00,4.909999847412109,4.929999828338623,4.75,4.75,35800,0.0,0.0
2026-01-15 00:00:00-05:00,4.800000190734863,4.960999965667725,4.751999855041504,4.909999847412109,55400,0.0,0.0
2026-01-16 00:00:00-05:00,4.960000038146973,5.03000020980835,4.71999979019165,4.75,44200,0.0,0.0
2026-01-20 00:00:00-05:00,4.75,4.920000076293945,4.539999961853027,4.78000020980835,87000,0.0,0.0
2026-01-21 00:00:00-05:00,4.78000020980835,4.849999904632568,4.619999885559082,4.699999809265137,63000,0.0,0.0
2026-01-22 00:00:00-05:00,4.849999904632568,4.940000057220459,4.760000228881836,4.929999828338623,120800,0.0,0.0
2026-01-23 00:00:00-05:00,4.96999979019165,4.96999979019165,4.860000133514404,4.889999866485596,21500,0.0,0.0
2026-01-26 00:00:00-05:00,4.940000057220459,4.960000038146973,4.650000095367432,4.650000095367432,33700,0.0,0.0
2026-01-27 00:00:00-05:00,4.659999847412109,4.929999828338623,4.460000038146973,4.889999866485596,34300,0.0,0.0
2026-01-28 00:00:00-05:00,4.880000114440918,4.96999979019165,4.829999923706055,4.880000114440918,44200,0.0,0.0
2026-01-29 00:00:00-05:00,4.940000057220459,4.989999771118164,4.849999904632568,4.920000076293945,35100,0.0,0.0
2026-01-30 00:00:00-05:00,4.940000057220459,5.158999919891357,4.739999771118164,4.960000038146973,50900,0.0,0.0
2026-02-02 00:00:00-05:00,5.090000152587891,5.289999961853027,4.909999847412109,4.929999828338623,47700,0.0,0.0
2026-02-03 00:00:00-05:00,4.989999771118164,5.083000183105469,4.934000015258789,5.0,15500,0.0,0.0
2026-02-04 00:00:00-05:00,5.0,5.130000114440918,4.800000190734863,4.949999809265137,43000,0.0,0.0
2026-02-05 00:00:00-05:00,4.949999809265137,5.005000114440918,4.775000095367432,4.900000095367432,17100,0.0,0.0
2026-02-06 00:00:00-05:00,4.96999979019165,5.13100004196167,4.864999771118164,4.929999828338623,27300,0.0,0.0
2026-02-09 00:00:00-05:00,4.840000152587891,5.050000190734863,4.840000152587891,4.960000038146973,45900,0.0,0.0
2026-02-10 00:00:00-05:00,5.03000020980835,5.03000020980835,4.949999809265137,4.949999809265137,11800,0.0,0.0
2026-02-11 00:00:00-05:00,4.960000038146973,4.960000038146973,4.760000228881836,4.920000076293945,108400,0.0,0.0
2026-02-12 00:00:00-05:00,4.949999809265137,5.070000171661377,4.949999809265137,5.0,12500,0.0,0.0
2026-02-13 00:00:00-05:00,5.019999980926514,5.190000057220459,5.010000228881836,5.010000228881836,55900,0.0,0.0
2026-02-17 00:00:00-05:00,5.03000020980835,5.199999809265137,4.960000038146973,4.960000038146973,21100,0.0,0.0
2026-02-18 00:00:00-05:00,4.949999809265137,5.239999771118164,4.949999809265137,5.110000133514404,24600,0.0,0.0
2026-02-19 00:00:00-05:00,5.110000133514404,5.25,5.010000228881836,5.130000114440918,21900,0.0,0.0
2026-02-20 00:00:00-05:00,5.159999847412109,5.25,5.150000095367432,5.210000038146973,14100,0.0,0.0
2026-02-23 00:00:00-05:00,5.230000019073486,5.25,5.199999809265137,5.21999979019165,19300,0.0,0.0
2026-02-24 00:00:00-05:00,5.25,5.260000228881836,4.989999771118164,5.150000095367432,48100,0.0,0.0
2026-02-25 00:00:00-05:00,5.110000133514404,5.110000133514404,5.005000114440918,5.090000152587891,12800,0.0,0.0
2026-02-26 00:00:00-05:00,5.150000095367432,5.199999809265137,4.800000190734863,5.010000228881836,14900,0.0,0.0
2026-02-27 00:00:00-05:00,8.970000267028809,8.979999542236328,8.9399995803833,8.949999809265137,3014500,0.0,0.0
2026-03-02 00:00:00-05:00,8.949999809265137,8.989999771118164,8.9399995803833,8.989999771118164,340000,0.0,0.0
2026-03-03 00:00:00-05:00,8.970000267028809,9.0,8.9399995803833,8.979999542236328,141100,0.0,0.0
2026-03-04 00:00:00-05:00,8.970000267028809,9.0,8.949999809265137,8.949999809265137,111100,0.0,0.0
2026-03-05 00:00:00-05:00,8.960000038146973,9.0,8.949999809265137,8.960000038146973,195800,0.0,0.0
2026-03-06 00:00:00-05:00,8.960000038146973,9.0,8.960000038146973,8.979999542236328,63400,0.0,0.0
2026-03-09 00:00:00-04:00,8.970000267028809,9.0,8.949999809265137,8.970000267028809,242800,0.0,0.0
2026-03-10 00:00:00-04:00,9.0,9.0,8.949999809265137,8.949999809265137,44100,0.0,0.0
2026-03-11 00:00:00-04:00,8.979999542236328,9.0,8.949999809265137,8.960000038146973,21500,0.0,0.0
2026-03-12 00:00:00-04:00,8.979999542236328,9.0,8.949999809265137,9.0,161200,0.0,0.0
2026-03-13 00:00:00-04:00,9.0,9.0,8.970000267028809,8.989999771118164,42100,0.0,0.0
2026-03-16 00:00:00-04:00,9.0,9.0,8.960000038146973,8.970000267028809,99800,0.0,0.0
2026-03-17 00:00:00-04:00,8.970000267028809,8.989999771118164,8.960000038146973,8.970000267028809,54900,0.0,0.0
2026-03-18 00:00:00-04:00,8.970000267028809,8.989999771118164,8.970000267028809,8.970000267028809,77200,0.0,0.0
2026-03-19 00:00:00-04:00,8.970000267028809,9.020000457763672,8.970000267028809,8.970000267028809,209700,0.0,0.0
2026-03-20 00:00:00-04:00,9.0,9.0,8.970000267028809,8.979999542236328,227200,0.0,0.0
2026-03-23 00:00:00-04:00,8.970000267028809,9.0,8.970000267028809,8.970000267028809,149100,0.0,0.0
2026-03-24 00:00:00-04:00,8.970000267028809,9.0,8.970000267028809,8.979999542236328,119900,0.0,0.0
2026-03-25 00:00:00-04:00,8.979999542236328,9.0,8.979999542236328,9.0,101300,0.0,0.0
2026-03-26 00:00:00-04:00,9.0,9.0,8.989999771118164,9.0,163500,0.0,0.0
2026-03-27 00:00:00-04:00,9.0,9.020000457763672,8.989999771118164,8.989999771118164,87700,0.0,0.0
2026-03-30 00:00:00-04:00,9.0,9.0,8.989999771118164,9.0,42000,0.0,0.0
2026-03-31 00:00:00-04:00,9.020000457763672,9.020000457763672,9.0,9.020000457763672,71227,0.0,0.0
