Date,Open,High,Low,Close,Volume,Dividends,Stock Splits
2022-01-03 00:00:00-05:00,76.77146423549563,77.95705331847176,75.9716648681079,76.47977447509766,76100,0.0,0.0
2022-01-04 00:00:00-05:00,77.16665859020966,78.81330715764346,77.16665859020966,77.91000366210938,34900,0.0,0.0
2022-01-05 00:00:00-05:00,78.3804753732295,79.05794761674649,76.62091116126575,76.92201232910156,36600,0.0,0.0
2022-01-06 00:00:00-05:00,77.15724558939829,77.85354067367263,76.5644547015615,77.46775817871094,36200,0.0,0.0
2022-01-07 00:00:00-05:00,77.14783366346455,77.7029931843189,76.66795840541134,76.95964813232422,33900,0.0,0.0
2022-01-10 00:00:00-05:00,76.27275961266785,76.27275961266785,74.78607664249476,75.99988555908203,93900,0.0,0.0
2022-01-11 00:00:00-05:00,76.05634969973768,76.42331653494551,75.0119034214328,75.70819854736328,31500,0.0,0.0
2022-01-12 00:00:00-05:00,76.19749082880404,76.46095345578753,75.37886865597545,75.47296142578125,42400,0.0,0.0
2022-01-13 00:00:00-05:00,76.01870238291527,77.21369552244389,75.8211054312838,75.98106384277344,19200,0.0,0.0
2022-01-14 00:00:00-05:00,75.59528065637897,76.40449139159931,75.56705354356261,76.25394439697266,26700,0.0,0.0
2022-01-18 00:00:00-05:00,75.71761617378957,75.71761617378957,74.2309258496579,74.55084991455078,20600,0.0,0.0
2022-01-19 00:00:00-05:00,75.0683424132187,75.2659393475489,73.46874408074557,73.75102233886719,24600,0.0,0.0
2022-01-20 00:00:00-05:00,73.72281181770992,74.30619850185681,71.98207037512103,72.14202880859375,126300,0.0,0.0
2022-01-21 00:00:00-05:00,72.05734361488976,74.24974030526886,71.65273824790485,72.70658874511719,40700,0.0,0.0
2022-01-24 00:00:00-05:00,71.90676324187173,74.32498313215308,71.33278822856465,73.84510803222656,53200,0.0,0.0
2022-01-25 00:00:00-05:00,72.84774351243045,73.04534051327417,70.74944642336202,72.3960952758789,34500,0.0,0.0
2022-01-26 00:00:00-05:00,72.57485814277571,73.98627122576191,69.90258615148791,71.00348663330078,34100,0.0,0.0
2022-01-27 00:00:00-05:00,71.56803938158544,72.26434156377465,70.07194519042969,70.07194519042969,59400,0.0,0.0
2022-01-28 00:00:00-05:00,70.1472410457653,71.61510852120333,67.65374288080324,71.51160430908203,127800,0.0,0.0
2022-01-31 00:00:00-05:00,70.89056231970831,72.66894919096924,70.73060391281105,72.61248779296875,49000,0.0,0.0
2022-02-01 00:00:00-05:00,72.71600346427202,72.71600346427202,71.39868310436191,72.50899505615234,48200,0.0,0.0
2022-02-02 00:00:00-05:00,72.18907275472255,72.24552697856922,71.13521511040487,71.66214752197266,39000,0.0,0.0
2022-02-03 00:00:00-05:00,70.89999783709432,71.70920875479284,70.43893813988181,70.58948516845703,28200,0.0,0.0
2022-02-04 00:00:00-05:00,70.28836388375281,70.37305239596122,68.49116841322281,69.42269897460938,25000,0.0,0.0
2022-02-07 00:00:00-05:00,69.43210281777966,71.1540281967476,69.43210281777966,70.91879272460938,55500,0.0,0.0
2022-02-08 00:00:00-05:00,70.65533057726076,72.00087790999906,70.65533057726076,71.8409194946289,26000,0.0,0.0
2022-02-09 00:00:00-05:00,72.49958751044484,72.90419287734753,72.1137978257808,72.4525375366211,31400,0.0,0.0
2022-02-10 00:00:00-05:00,70.98467105681102,71.45514208517521,69.6014850848094,70.12841033935547,47600,0.0,0.0
2022-02-11 00:00:00-05:00,70.40127890937755,71.05993542621687,69.31919419272644,70.66474151611328,49000,0.0,0.0
2022-02-14 00:00:00-05:00,70.89057305541215,71.74683379638876,70.44833630680907,71.49278259277344,61400,0.0,0.0
2022-02-15 00:00:00-05:00,72.01029303861904,73.45934463898135,72.01029303861904,73.28056335449219,33800,0.0,0.0
2022-02-16 00:00:00-05:00,73.37464804650416,74.21208571213427,72.96063133852827,73.90157318115234,37100,0.0,0.0
2022-02-17 00:00:00-05:00,73.31821277346207,73.87337239136669,72.6219175719385,73.28998565673828,73300,0.0,0.0
2022-02-18 00:00:00-05:00,72.86655528643378,73.65694316951294,72.79127819885913,73.46875762939453,74700,0.0,0.0
2022-02-22 00:00:00-05:00,72.8947934667267,73.93923988423747,72.55605370003028,72.650146484375,45800,0.0,0.0
2022-02-23 00:00:00-05:00,72.98887432812948,72.98887432812948,71.66214977430882,71.83151245117188,34000,0.0,0.0
2022-02-24 00:00:00-05:00,70.9470376186246,72.01971106618198,70.18486961623057,71.9632568359375,42100,0.0,0.0
2022-02-25 00:00:00-05:00,72.4337089418263,74.66373659869632,72.4337089418263,74.32499694824219,45700,0.0,0.0
2022-02-28 00:00:00-05:00,73.98626053560857,75.15303368437444,73.80748645252412,74.12740325927734,78600,0.0,0.0
2022-03-01 00:00:00-05:00,74.01449418376131,74.15562972739326,72.30197301364497,72.69717407226562,82300,0.0,0.0
2022-03-02 00:00:00-05:00,73.1502915430865,75.1893275731973,73.1502915430865,74.7362060546875,50400,0.25,0.0
2022-03-03 00:00:00-05:00,75.33093500372671,75.33093500372671,73.65061492914752,74.40581512451172,38700,0.0,0.0
2022-03-04 00:00:00-05:00,73.58454344357752,74.94390106201172,73.43350770937572,74.94390106201172,49100,0.0,0.0
2022-03-07 00:00:00-05:00,74.61349608777275,75.04773368256176,73.9810200607185,74.59461212158203,38500,0.0,0.0
2022-03-08 00:00:00-05:00,74.60405729233698,75.02886012430436,73.24469975343847,73.41461944580078,30100,0.0,0.0
2022-03-09 00:00:00-05:00,74.68900265807072,75.02884196052342,74.17924370439165,74.99108123779297,49600,0.0,0.0
2022-03-10 00:00:00-05:00,73.93382876254455,75.35926594086617,73.50903308526361,75.23654174804688,52600,0.0,0.0
2022-03-11 00:00:00-05:00,75.51028431898804,76.83188096968648,75.51028431898804,76.25604248046875,86600,0.0,0.0
2022-03-14 00:00:00-04:00,76.64308405040254,78.79539508404953,76.64308405040254,77.65316009521484,69900,0.0,0.0
2022-03-15 00:00:00-04:00,78.41779099526522,79.76770631326693,78.14403113892956,78.64434814453125,94600,0.0,0.0
2022-03-16 00:00:00-04:00,79.2107667904214,79.29572303665579,77.55877256049106,78.05908966064453,104900,0.0,0.0
2022-03-17 00:00:00-04:00,77.44547733934685,79.19186950544268,77.44547733934685,78.9747543334961,56600,0.0,0.0
2022-03-18 00:00:00-04:00,79.0691476317998,80.55122182575734,77.81363057773873,80.47570037841797,145300,0.0,0.0
2022-03-21 00:00:00-04:00,80.06979740863383,80.23971709763138,78.68212114884099,79.07859802246094,47000,0.0,0.0
2022-03-22 00:00:00-04:00,79.59779155822667,80.08866661225396,78.49331728507352,78.63491821289062,33400,0.0,0.0
2022-03-23 00:00:00-04:00,78.21013164887087,78.21013164887087,76.43542029826943,76.49205780029297,30200,0.0,0.0
2022-03-24 00:00:00-04:00,76.78468031853578,76.89796250378902,75.50085156294493,75.58580780029297,37500,0.0,0.0
2022-03-25 00:00:00-04:00,76.2466156604982,76.29381837967223,75.40645911449161,75.76518249511719,49700,0.0,0.0
2022-03-28 00:00:00-04:00,75.26485281709081,75.48196800400848,74.46244993760857,74.9344482421875,38900,0.0,0.0
2022-03-29 00:00:00-04:00,75.65188388055546,77.46435555056014,75.65188388055546,77.06787872314453,56500,0.0,0.0
2022-03-30 00:00:00-04:00,76.63365138377213,77.38885161466513,75.54805375265964,75.6990966796875,28600,0.0,0.0
2022-03-31 00:00:00-04:00,75.14212530550142,76.01060041877916,74.1603680114005,74.38693237304688,41000,0.0,0.0
2022-04-01 00:00:00-04:00,74.65125337766898,75.21764990119864,73.8205317545111,74.79285430908203,67300,0.0,0.0
2022-04-04 00:00:00-04:00,74.79285799701458,74.79285799701458,73.32966030380237,73.8016586303711,36600,0.0,0.0
2022-04-05 00:00:00-04:00,73.7167143626064,73.86775732341859,71.51720706224594,71.52664184570312,69100,0.0,0.0
2022-04-06 00:00:00-04:00,71.46053717717066,71.46053717717066,69.9879048386462,70.12006378173828,70700,0.0,0.0
2022-04-07 00:00:00-04:00,70.40325507166966,70.45989255246407,69.06278187731353,69.80853271484375,72400,0.0,0.0
2022-04-08 00:00:00-04:00,69.92183765133488,69.92183765133488,68.39256035272649,68.47752380371094,70600,0.0,0.0
2022-04-11 00:00:00-04:00,68.42087212709009,68.97782662654657,66.88215316340259,67.22199249267578,94100,0.0,0.0
2022-04-12 00:00:00-04:00,68.06214840534413,68.71350831603675,67.70343231653534,67.92054748535156,76000,0.0,0.0
2022-04-13 00:00:00-04:00,68.14711945586842,68.73239276081567,67.44855675971695,68.26983642578125,61100,0.0,0.0
2022-04-14 00:00:00-04:00,68.56248008589802,69.02504367033298,66.86329028874184,67.2880859375,36000,0.0,0.0
2022-04-18 00:00:00-04:00,67.15590885162035,67.76950800258815,66.16470966912456,67.72230529785156,51200,0.0,0.0
2022-04-19 00:00:00-04:00,67.54296040473994,69.56311257631474,67.54296040473994,69.38375091552734,67500,0.0,0.0
2022-04-20 00:00:00-04:00,69.90295643125813,70.99798882549884,69.90295643125813,70.56375122070312,82300,0.0,0.0
2022-04-21 00:00:00-04:00,71.33783679077246,71.33783679077246,70.55431773031286,70.79975891113281,68700,0.0,0.0
2022-04-22 00:00:00-04:00,70.76199520753222,70.76199520753222,69.86520117978777,70.0445556640625,69100,0.0,0.0
2022-04-25 00:00:00-04:00,69.3459857681664,69.67638312057274,67.76951325659753,69.3931884765625,93000,0.0,0.0
2022-04-26 00:00:00-04:00,68.98728604648419,69.2893647264035,66.81609058310399,66.85385131835938,89700,0.0,0.0
2022-04-27 00:00:00-04:00,66.59894652439708,67.94886161631288,66.1835858185397,66.48566436767578,88000,0.0,0.0
2022-04-28 00:00:00-04:00,66.07975203970254,66.29687439390926,61.048249191598906,65.0130386352539,132200,0.0,0.0
2022-04-29 00:00:00-04:00,64.58824612638797,64.59768810905285,60.93498386643256,60.96330261230469,133200,0.0,0.0
2022-05-02 00:00:00-04:00,61.208741302889784,62.79465601411856,58.990354145335466,59.81163024902344,97600,0.0,0.0
2022-05-03 00:00:00-04:00,59.29243017092539,59.91546780840178,58.53722997914434,58.905391693115234,64700,0.0,0.0
2022-05-04 00:00:00-04:00,58.82986713057771,60.349702214835546,58.329550090813775,60.28362274169922,66300,0.0,0.0
2022-05-05 00:00:00-04:00,59.594503454227926,59.594503454227926,56.97019058574261,57.78202819824219,62200,0.0,0.0
2022-05-06 00:00:00-04:00,57.451639713994034,57.74427638619145,56.299962588138946,57.121238708496094,83300,0.0,0.0
2022-05-09 00:00:00-04:00,56.73420015473886,60.4063503377868,56.73420015473886,59.6983528137207,100800,0.0,0.0
2022-05-10 00:00:00-04:00,59.94378524053235,60.16090403053605,57.857553579092944,58.17851257324219,62900,0.0,0.0
2022-05-11 00:00:00-04:00,58.45227050681372,59.2735501804037,56.960757680854506,57.21563720703125,55100,0.0,0.0
2022-05-12 00:00:00-04:00,57.37611374978739,58.4617113096171,57.37611374978739,58.12187194824219,44800,0.0,0.0
2022-05-13 00:00:00-04:00,58.79211419692064,59.21691343844267,57.29115927758396,58.54667663574219,65900,0.0,0.0
2022-05-16 00:00:00-04:00,57.933077415264414,58.03691763012732,56.847483353201476,57.159000396728516,55000,0.0,0.0
2022-05-17 00:00:00-04:00,57.99914939356376,59.06586655224565,57.95195028411297,58.593868255615234,46000,0.0,0.0
2022-05-18 00:00:00-04:00,57.95195544722454,58.565554727935954,56.913560542548424,57.536598205566406,105900,0.0,0.0
2022-05-19 00:00:00-04:00,57.14956434740038,57.82923956151058,56.81916332288649,56.93244552612305,67600,0.0,0.0
2022-05-20 00:00:00-04:00,57.517714073840054,57.546032819967074,55.36540294271468,56.5453987121582,55300,0.0,0.0
2022-05-23 00:00:00-04:00,57.1212255245186,57.517705919393364,56.55482907590984,57.24394607543945,48000,0.0,0.0
2022-05-24 00:00:00-04:00,57.25339813009987,58.3861912266227,56.49819793100274,58.301231384277344,59800,0.0,0.0
2022-05-25 00:00:00-04:00,57.838663750497,58.67882002683828,56.800265480015504,57.706504821777344,61700,0.0,0.0
2022-05-26 00:00:00-04:00,58.15019301963493,58.858190517119425,57.69707505337224,58.338993072509766,36100,0.0,0.0
2022-05-27 00:00:00-04:00,58.78446720029872,60.035603578758476,58.78446720029872,60.026126861572266,48900,0.25,0.0
2022-05-31 00:00:00-04:00,59.41004050599406,59.49534543076687,58.72760110781165,58.99299621582031,94700,0.0,0.0
2022-06-01 00:00:00-04:00,58.98351987620193,60.424223361206614,58.31056076614032,60.282047271728516,76100,0.0,0.0
2022-06-02 00:00:00-04:00,60.395781647998085,61.48578854883412,59.76073311170497,61.030826568603516,49000,0.0,0.0
2022-06-03 00:00:00-04:00,60.80335116223415,60.80335116223415,59.381604871136126,59.637516021728516,42900,0.0,0.0
2022-06-06 00:00:00-04:00,60.234660593687664,60.78440070509159,59.703877536565024,60.357879638671875,45500,0.0,0.0
2022-06-07 00:00:00-04:00,59.931349383351,60.18726416881752,59.049866327529024,59.82708740234375,44100,0.0,0.0
2022-06-08 00:00:00-04:00,59.68491364112204,60.1683058149786,59.25838900790272,59.41004180908203,57100,0.0,0.0
2022-06-09 00:00:00-04:00,58.538034379157196,59.32473575612441,58.36742814479651,58.48116683959961,43900,0.0,0.0
2022-06-10 00:00:00-04:00,57.817686765079245,57.817686765079245,56.50967906849299,56.538116455078125,60600,0.0,0.0
2022-06-13 00:00:00-04:00,55.65663236056608,56.083153378805804,54.16853811662004,54.47184371948242,83500,0.0,0.0
2022-06-14 00:00:00-04:00,54.566632202220845,54.566632202220845,53.34392930364089,54.24436950683594,45800,0.0,0.0
2022-06-15 00:00:00-04:00,54.86045722272431,55.45758812690133,54.178017771449795,54.79410934448242,45600,0.0,0.0
2022-06-16 00:00:00-04:00,54.23488609318324,54.23488609318324,52.03591866045473,52.471920013427734,52800,0.0,0.0
2022-06-17 00:00:00-04:00,53.04062103016826,53.73253721503998,52.90792527083509,53.37236404418945,90400,0.0,0.0
2022-06-21 00:00:00-04:00,54.064276281089725,55.144802946113835,53.26809816754228,54.54766845703125,62500,0.0,0.0
2022-06-22 00:00:00-04:00,53.760962513686245,54.98366146093478,53.56191530375919,54.632965087890625,47100,0.0,0.0
2022-06-23 00:00:00-04:00,54.670889343277175,54.8130654316832,54.03584072826854,54.49080276489258,44700,0.0,0.0
2022-06-24 00:00:00-04:00,54.699328246549726,56.433860778808594,54.699328246549726,56.433860778808594,293400,0.0,0.0
2022-06-27 00:00:00-04:00,56.879329370718914,56.879329370718914,54.99314794918472,55.62819290161133,58600,0.0,0.0
2022-06-28 00:00:00-04:00,56.11159395001704,56.395942516880474,54.822543256835374,54.86993408203125,40500,0.0,0.0
2022-06-29 00:00:00-04:00,55.343849060484224,55.343849060484224,54.17801741599786,54.9931526184082,47500,0.0,0.0
2022-06-30 00:00:00-04:00,54.320194352370294,56.15898513793945,54.28228024569343,56.15898513793945,58100,0.0,0.0
2022-07-01 00:00:00-04:00,56.12106938087065,56.49072287087885,55.48602438330543,56.21585464477539,41800,0.0,0.0
2022-07-05 00:00:00-04:00,55.7703645484641,56.48123765014455,54.054789494761096,56.26323699951172,70200,0.0,0.0
2022-07-06 00:00:00-04:00,56.39593671187036,56.452807865664404,54.93627630568041,55.476539611816406,32200,0.0,0.0
2022-07-07 00:00:00-04:00,55.95994425778518,57.0499477607726,55.85568226713239,56.443336486816406,24300,0.0,0.0
2022-07-08 00:00:00-04:00,55.98837112701181,57.46698863670715,55.52393600952568,56.083152770996094,30500,0.0,0.0
2022-07-11 00:00:00-04:00,55.419674381732676,56.09263345905985,55.39123699580743,55.60923767089844,25500,0.0,0.0
2022-07-12 00:00:00-04:00,55.533416077294355,56.898291357709084,55.334372443508734,55.61872100830078,30100,0.0,0.0
2022-07-13 00:00:00-04:00,54.869927299891614,55.39123354398711,54.547664666429135,55.097408294677734,20800,0.0,0.0
2022-07-14 00:00:00-04:00,54.39600975411641,55.32488351653942,53.91261763061507,55.315406799316406,26000,0.0,0.0
2022-07-15 00:00:00-04:00,56.130546715988764,56.557067725862204,55.26802074682598,56.20637130737305,46700,0.0,0.0
2022-07-18 00:00:00-04:00,56.8129865704581,56.8129865704581,55.42915423346393,55.69454574584961,26900,0.0,0.0
2022-07-19 00:00:00-04:00,56.367508122527305,58.149427716897094,56.367508122527305,57.893516540527344,47800,0.0,0.0
2022-07-20 00:00:00-04:00,58.083076439161296,59.485865738345794,57.77977084018562,59.22047424316406,46200,0.0,0.0
2022-07-21 00:00:00-04:00,58.77499451699343,59.78917694091797,58.547517118042336,59.78917694091797,34000,0.0,0.0
2022-07-22 00:00:00-04:00,59.609081929687456,60.34838884002933,58.699165176083945,59.52377700805664,31800,0.0,0.0
2022-07-25 00:00:00-04:00,59.56169824198287,59.97874256673289,59.523784135454264,59.647003173828125,32000,0.0,0.0
2022-07-26 00:00:00-04:00,59.8460394795024,60.23464998460224,59.38160438632071,59.76073455810547,27700,0.0,0.0
2022-07-27 00:00:00-04:00,60.120918884641846,62.291452679782644,60.120918884641846,61.836490631103516,37700,0.0,0.0
2022-07-28 00:00:00-04:00,61.61848156726089,63.04970085088989,61.61848156726089,62.78430938720703,19100,0.0,0.0
2022-07-29 00:00:00-04:00,62.49997924032897,63.88381164997324,62.49997924032897,63.533111572265625,29000,0.0,0.0
2022-08-01 00:00:00-04:00,63.03076522383145,64.59468791250268,62.54736936048716,63.817466735839844,36400,0.0,0.0
2022-08-02 00:00:00-04:00,63.599454057645765,64.02598231564826,62.33883718321513,62.452579498291016,35200,0.0,0.0
2022-08-03 00:00:00-04:00,62.84118648419781,62.84118648419781,61.6469176219244,62.29144287109375,37000,0.0,0.0
2022-08-04 00:00:00-04:00,62.68004701760447,62.68004701760447,60.91708118437085,61.80804443359375,34600,0.0,0.0
2022-08-05 00:00:00-04:00,61.02134494556967,62.21561379097557,60.79386757595076,62.101871490478516,28600,0.0,0.0
2022-08-08 00:00:00-04:00,62.34830605358378,63.10657355191787,61.73221461510917,62.177696228027344,39100,0.0,0.0
2022-08-09 00:00:00-04:00,62.55683385588525,64.45249548788178,60.80334829256351,63.35300827026367,41100,0.0,0.0
2022-08-10 00:00:00-04:00,64.4525000795314,64.71789156989759,63.03075375424763,64.32928466796875,55200,0.0,0.0
2022-08-11 00:00:00-04:00,64.98327805705368,65.4856272296235,64.19658398014494,65.16336822509766,35200,0.0,0.0
2022-08-12 00:00:00-04:00,65.54251286028055,66.79364944834273,64.45250580119101,66.69886779785156,32900,0.0,0.0
2022-08-15 00:00:00-04:00,66.58512698604571,67.9500059244265,65.82685930219492,67.7793960571289,45400,0.0,0.0
2022-08-16 00:00:00-04:00,67.23912580040187,67.96895240552205,66.69886248115357,66.83155822753906,39400,0.0,0.0
2022-08-17 00:00:00-04:00,66.42398996152691,66.72729555458238,65.52354628459221,66.13015747070312,34100,0.0,0.0
2022-08-18 00:00:00-04:00,65.95008171009906,67.49504361324999,65.95008171009906,66.87895202636719,33800,0.0,0.0
2022-08-19 00:00:00-04:00,66.46189867953967,66.46189867953967,64.38614690162376,65.08753967285156,80200,0.0,0.0
2022-08-22 00:00:00-04:00,64.3861525477619,64.45250042070464,62.462057001046276,62.48101043701172,55000,0.0,0.0
2022-08-23 00:00:00-04:00,62.42415105848318,63.01180888949796,62.196673640280615,62.319889068603516,45900,0.0,0.0
2022-08-24 00:00:00-04:00,62.09241161499847,62.32936936797593,61.52371445412792,61.656410217285156,32800,0.0,0.0
2022-08-25 00:00:00-04:00,61.80805108311952,62.55683834930815,61.305701871577014,62.32936096191406,31300,0.0,0.0
2022-08-26 00:00:00-04:00,62.585274571185096,62.585274571185096,59.912391662597656,59.912391662597656,34800,0.0,0.0
2022-08-29 00:00:00-04:00,59.71334439212094,60.064040799174144,59.28681978046823,59.40055847167969,31200,0.0,0.0
2022-08-30 00:00:00-04:00,59.42911163412488,59.42911163412488,58.01118569332672,58.096832275390625,40400,0.25,0.0
2022-08-31 00:00:00-04:00,58.287156558719474,58.287156558719474,57.14520337765768,57.43069076538086,46100,0.0,0.0
2022-09-01 00:00:00-04:00,57.44021323106695,58.43942097558894,56.412454204585345,58.3632926940918,59100,0.0,0.0
2022-09-02 00:00:00-04:00,59.019908281472546,59.019908281472546,56.431481622547935,56.85971450805664,36900,0.0,0.0
2022-09-06 00:00:00-04:00,57.26891862290247,57.26891862290247,55.441792720618594,56.11745071411133,47100,0.0,0.0
2022-09-07 00:00:00-04:00,56.17455312568446,57.67812586213501,56.17455312568446,57.44973373413086,29300,0.0,0.0
2022-09-08 00:00:00-04:00,57.13569583577713,57.716188987030094,56.6503639489196,57.535377502441406,24500,0.0,0.0
2022-09-09 00:00:00-04:00,57.79231424710112,58.544100539045694,57.25940175594369,58.3632926940918,37400,0.0,0.0
2022-09-12 00:00:00-04:00,58.75345404772336,60.32363645891967,58.52506196473297,60.257022857666016,50800,0.0,0.0
2022-09-13 00:00:00-04:00,58.55361496084699,58.715393457357166,56.85020519158981,56.888267517089844,76800,0.0,0.0
2022-09-14 00:00:00-04:00,57.67811992748922,57.82086181640625,56.412454124109395,57.82086181640625,67200,0.0,0.0
2022-09-15 00:00:00-04:00,57.9921496313051,59.3910425205454,57.83037477943952,58.03973388671875,65600,0.0,0.0
2022-09-16 00:00:00-04:00,57.47826999800522,57.47826999800522,56.17453844541061,57.2498779296875,176800,0.0,0.0
2022-09-19 00:00:00-04:00,57.12617530844778,59.543309083804026,57.12617530844778,59.28636932373047,71500,0.0,0.0
2022-09-20 00:00:00-04:00,59.00088232880685,59.00088232880685,57.23085527811554,57.95409393310547,53400,0.0,0.0
2022-09-21 00:00:00-04:00,58.57264950777993,59.04846307588564,57.33553495673895,57.41166687011719,34900,0.0,0.0
2022-09-22 00:00:00-04:00,56.97391051907408,56.97391051907408,55.727281405744044,56.09841537475586,47100,0.0,0.0
2022-09-23 00:00:00-04:00,55.86050266085397,56.098409398225435,54.756615544657116,55.632110595703125,47400,0.0,0.0
2022-09-26 00:00:00-04:00,55.45131429735734,56.29826187745259,55.04211433368916,55.337120056152344,48800,0.0,0.0
2022-09-27 00:00:00-04:00,55.7748616647227,55.92712184665164,54.061933710479906,54.28080749511719,46900,0.0,0.0
2022-09-28 00:00:00-04:00,54.15709301507399,56.2697061397543,53.966766886965765,55.83195495605469,65600,0.0,0.0
2022-09-29 00:00:00-04:00,54.88033157270916,54.88033157270916,53.90015684890039,54.356937408447266,56400,0.0,0.0
2022-09-30 00:00:00-04:00,54.61387271942897,55.536952067199906,53.776439946504496,53.82402420043945,74700,0.0,0.0
2022-10-03 00:00:00-04:00,54.613877984443995,55.99373798769762,54.38548951628171,55.52743911743164,50200,0.0,0.0
2022-10-04 00:00:00-04:00,56.23163737003224,57.725691411028045,56.23163737003224,57.2498779296875,43100,0.0,0.0
2022-10-05 00:00:00-04:00,56.23164793983337,56.82165575115151,55.57502651901977,56.374393463134766,36800,0.0,0.0
2022-10-06 00:00:00-04:00,56.06987372550258,56.46955904320702,55.69873969274329,56.02229309082031,34500,0.0,0.0
2022-10-07 00:00:00-04:00,55.251463403320926,55.251463403320926,53.76692401739577,53.93821716308594,49600,0.0,0.0
2022-10-10 00:00:00-04:00,54.34742319233004,55.15630475934443,54.27129128334697,54.49968338012695,47000,0.0,0.0
2022-10-11 00:00:00-04:00,54.223710663231294,55.82244445041687,54.05241749816361,55.089691162109375,57300,0.0,0.0
2022-10-12 00:00:00-04:00,55.31809163982678,55.31809163982678,54.41404504948506,54.49017333984375,58700,0.0,0.0
2022-10-13 00:00:00-04:00,53.55756740864431,55.175334065195294,53.32917895723063,54.59484100341797,175400,0.0,0.0
2022-10-14 00:00:00-04:00,55.708260418471035,55.97471488840575,54.14759229999078,54.51872634887695,94400,0.0,0.0
2022-10-17 00:00:00-04:00,55.39421091498746,56.14599717209167,54.83275079805978,55.68921661376953,116400,0.0,0.0
2022-10-18 00:00:00-04:00,56.7931074517221,57.32601995178572,56.0318064731808,56.479068756103516,97100,0.0,0.0
2022-10-19 00:00:00-04:00,56.06986927242183,56.840688561666944,55.32760126585433,56.03180694580078,74100,0.0,0.0
2022-10-20 00:00:00-04:00,56.03180179769735,56.25067558387881,54.442582734318385,54.71855545043945,65800,0.0,0.0
2022-10-21 00:00:00-04:00,55.1372822768828,56.42198125923146,54.661468645680316,55.936649322509766,71300,0.0,0.0
2022-10-24 00:00:00-04:00,56.61229678271439,57.08811032436374,56.2506774746135,56.56471252441406,64900,0.0,0.0
2022-10-25 00:00:00-04:00,56.72649327831569,57.973122483839866,56.602780736106254,57.12617492675781,185000,0.0,0.0
2022-10-26 00:00:00-04:00,57.75424878384347,58.306194257624966,56.469553619953885,56.831172943115234,213300,0.0,0.0
2022-10-27 00:00:00-04:00,56.77407023625183,58.48699821767065,55.36566262352216,55.45130920410156,142300,0.0,0.0
2022-10-28 00:00:00-04:00,56.441002984750185,57.28795049856688,55.736797353727,56.5742301940918,219500,0.0,0.0
2022-10-31 00:00:00-04:00,55.812929965361306,56.71697279162027,55.27050281753824,55.43227767944336,104300,0.0,0.0
2022-11-01 00:00:00-04:00,55.927119740442116,55.927119740442116,54.86129850707829,55.78437423706055,177800,0.0,0.0
2022-11-02 00:00:00-04:00,55.451310849179265,58.61071249068637,54.97549730521531,56.61229705810547,125600,0.0,0.0
2022-11-03 00:00:00-04:00,55.860511145884075,57.38311304427225,54.61387834583738,57.050045013427734,72400,0.0,0.0
2022-11-04 00:00:00-04:00,57.79231433919801,58.40135511282314,57.06907932806051,58.163448333740234,38600,0.0,0.0
2022-11-07 00:00:00-05:00,58.296676690141645,59.64798910946754,58.10635416728595,59.18169021606445,51300,0.0,0.0
2022-11-08 00:00:00-05:00,59.46717861922466,60.78042139340952,59.08652633008254,60.44735336303711,81100,0.0,0.0
2022-11-09 00:00:00-05:00,60.19041343172996,60.95171800772914,59.68605223577437,60.69477462768555,100500,0.0,0.0
2022-11-10 00:00:00-05:00,62.55045749857388,64.09208887770639,62.331580053455255,63.08336639404297,85200,0.0,0.0
2022-11-11 00:00:00-05:00,63.48304148049006,64.04450523169456,62.78835777957648,62.96916198730469,54300,0.0,0.0
2022-11-14 00:00:00-05:00,62.426742578111565,63.12143362543573,62.13174047078972,62.179317474365234,34100,0.0,0.0
2022-11-15 00:00:00-05:00,62.87400859716139,63.34982219552355,62.312552036056935,62.37916564941406,55000,0.0,0.0
2022-11-16 00:00:00-05:00,62.36963969298104,62.4838375563002,60.628160394140565,60.951717376708984,82800,0.0,0.0
2022-11-17 00:00:00-05:00,60.19993452049374,60.64720046203028,59.34347222648058,60.513973236083984,41700,0.0,0.0
2022-11-18 00:00:00-05:00,61.57978471210379,62.10318248675116,59.84782379464084,60.83751678466797,63200,0.0,0.0
2022-11-21 00:00:00-05:00,60.64719875996141,60.64719875996141,59.942996691103176,60.14283752441406,47200,0.0,0.0
2022-11-22 00:00:00-05:00,60.45687624533246,60.590103475570594,59.47670136843497,59.5052490234375,43200,0.0,0.0
2022-11-23 00:00:00-05:00,59.847830819260885,60.09525591089364,59.11507747891694,59.80976486206055,50800,0.0,0.0
2022-11-25 00:00:00-05:00,60.133313135385166,60.43783350680925,60.133313135385166,60.17137908935547,14600,0.0,0.0
2022-11-28 00:00:00-05:00,59.705087212982924,59.76218251697676,59.09604280575009,59.438629150390625,41200,0.0,0.0
2022-11-29 00:00:00-05:00,59.481627040299294,59.94990900362332,59.31915926532433,59.4625129699707,30300,0.265,0.0
2022-11-30 00:00:00-05:00,59.31916775726558,60.73357635333834,58.29658854493165,60.71446228027344,88200,0.0,0.0
2022-12-01 00:00:00-05:00,61.22097673781066,61.28787417539747,60.43732156117042,61.09674072265625,54700,0.0,0.0
2022-12-02 00:00:00-05:00,60.47554392134057,61.7848306291713,60.47554392134057,61.49812316894531,37100,0.0,0.0
2022-12-05 00:00:00-05:00,61.10628893188061,61.47900787152652,60.58066470582539,61.21141815185547,44200,0.0,0.0
2022-12-06 00:00:00-05:00,61.163640745061315,61.40256121672171,60.87693690819626,61.24009704589844,49900,0.0,0.0
2022-12-07 00:00:00-05:00,61.49812246903219,61.88995550746333,60.06459976676443,60.141056060791016,61400,0.0,0.0
2022-12-08 00:00:00-05:00,60.379973599669206,60.60933517941574,59.91168793542879,60.207950592041016,33500,0.0,0.0
2022-12-09 00:00:00-05:00,59.76833999554323,60.2270668170672,59.3956246809073,59.53897476196289,38200,0.0,0.0
2022-12-12 00:00:00-05:00,58.91777791051643,59.66320846544993,58.52594856168775,59.61542510986328,44200,0.0,0.0
2022-12-13 00:00:00-05:00,61.3165463284437,61.85172579049862,59.74922515141194,60.22706604003906,74900,0.0,0.0
2022-12-14 00:00:00-05:00,60.121946639361504,60.63801572706278,59.16626476390153,59.45296859741211,56400,0.0,0.0
2022-12-15 00:00:00-05:00,58.89866102571457,59.00378659036542,57.29311556436883,57.58937454223633,116900,0.0,0.0
2022-12-16 00:00:00-05:00,57.34090805053711,57.74229265698523,57.054204239411774,57.34090805053711,459400,0.0,0.0
2022-12-19 00:00:00-05:00,57.283565521240234,57.98121279461766,56.767500122251455,57.283565521240234,105400,0.0,0.0
2022-12-20 00:00:00-05:00,57.2835664297977,57.87609177738193,57.14021634555258,57.61805725097656,53500,0.0,0.0
2022-12-21 00:00:00-05:00,57.9525492841232,58.736208143054164,57.76141217680506,58.009891510009766,66200,0.0,0.0
2022-12-22 00:00:00-05:00,57.837855932485915,57.837855932485915,55.9933899913742,57.187992095947266,78200,0.0,0.0
2022-12-23 00:00:00-05:00,57.03509532572488,57.84742347167519,56.91085565959747,57.36002731323242,29600,0.0,0.0
2022-12-27 00:00:00-05:00,57.78051502718112,58.60240187703661,57.340902317698166,58.497276306152344,71100,0.0,0.0
2022-12-28 00:00:00-05:00,58.67886215056598,58.67886215056598,57.340906213985015,57.36957550048828,56100,0.0,0.0
2022-12-29 00:00:00-05:00,57.78051715393537,59.328724198356994,57.78051715393537,59.28093719482422,60200,0.0,0.0
2022-12-30 00:00:00-05:00,59.03246475484633,59.300054490118306,58.43038420484766,58.84132766723633,36600,0.0,0.0
2023-01-03 00:00:00-05:00,59.4434080537512,59.67276964174303,58.91778379849682,59.37651062011719,53600,0.0,0.0
2023-01-04 00:00:00-05:00,59.921251496209955,60.46598984789612,59.519863231704065,60.27485275268555,85100,0.0,0.0
2023-01-05 00:00:00-05:00,60.27484406193229,60.962936047222776,59.873459500937074,60.313072204589844,66700,0.0,0.0
2023-01-06 00:00:00-05:00,61.04895052375848,62.750066498647676,61.04895052375848,62.453800201416016,79800,0.0,0.0
2023-01-09 00:00:00-05:00,62.65451276219444,63.227927824275795,62.02376640169051,62.25312805175781,57700,0.0,0.0
2023-01-10 00:00:00-05:00,61.97596207155565,62.41557481608955,61.63191604691636,62.329566955566406,57500,0.0,0.0
2023-01-11 00:00:00-05:00,62.29134632010243,63.2183589265283,62.042866985397474,63.18968963623047,69900,0.0,0.0
2023-01-12 00:00:00-05:00,63.34257513665179,64.71875897071409,63.31390585532081,64.63274383544922,54300,0.0,0.0
2023-01-13 00:00:00-05:00,64.13579989485946,65.21571759814996,64.13579989485946,64.51807403564453,78600,0.0,0.0
2023-01-17 00:00:00-05:00,64.80476143896473,65.45462516322253,64.76653330327059,65.09146881103516,36300,0.0,0.0
2023-01-18 00:00:00-05:00,65.25395145043142,65.55021047210502,63.88732619916771,63.9542236328125,30600,0.0,0.0
2023-01-19 00:00:00-05:00,63.65795743843748,64.29826241564422,63.00809360285185,63.63883972167969,40800,0.0,0.0
2023-01-20 00:00:00-05:00,64.08802455673278,65.12972159767392,63.70575763764983,64.47029876708984,56500,0.0,0.0
2023-01-23 00:00:00-05:00,64.30784364170312,65.5311154538692,64.30784364170312,64.8143539428711,39700,0.0,0.0
2023-01-24 00:00:00-05:00,64.17403120611871,64.9481310932504,63.87776490446641,64.56585693359375,25300,0.0,0.0
2023-01-25 00:00:00-05:00,64.21226434818486,65.18705660445778,63.896887595080145,64.95769500732422,24500,0.0,0.0
2023-01-26 00:00:00-05:00,65.25393360235813,65.25393360235813,63.791742030289754,64.13578796386719,48900,0.0,0.0
2023-01-27 00:00:00-05:00,63.906438469518754,65.15837917439289,63.906438469518754,64.41294860839844,30000,0.0,0.0
2023-01-30 00:00:00-05:00,64.27917052152942,64.86213709907437,64.11669904733883,64.2218246459961,30600,0.0,0.0
2023-01-31 00:00:00-05:00,64.50851706126547,67.12708297152929,64.50851706126547,67.02195739746094,78500,0.0,0.0
2023-02-01 00:00:00-05:00,66.93595772580149,68.73263698100564,66.39121936232704,67.46157836914062,59800,0.0,0.0
2023-02-02 00:00:00-05:00,67.89163390729412,68.78041824624343,67.71961089681123,68.02542877197266,56600,0.0,0.0
2023-02-03 00:00:00-05:00,67.85341651309263,68.81865729659629,67.49026000731797,67.52848815917969,81500,0.0,0.0
2023-02-06 00:00:00-05:00,67.23221801816698,67.52848435558926,66.6588103550877,67.15576171875,50900,0.0,0.0
2023-02-07 00:00:00-05:00,66.77349133923889,67.30867082483843,65.92293510336519,66.78304290771484,56900,0.0,0.0
2023-02-08 00:00:00-05:00,66.266985893038,66.68748830315477,65.16795743413734,65.22529602050781,65700,0.0,0.0
2023-02-09 00:00:00-05:00,65.54066475400467,65.74135707285261,63.46683683463523,63.60063171386719,83700,0.0,0.0
2023-02-10 00:00:00-05:00,63.3330264340444,64.71876934783342,63.12278257348242,63.81086730957031,127700,0.0,0.0
2023-02-13 00:00:00-05:00,64.13582082040423,65.51200525972803,63.55285420603931,65.13928985595703,43300,0.0,0.0
2023-02-14 00:00:00-05:00,64.68055246447345,65.46421134512913,64.17404221483037,64.93858337402344,48100,0.0,0.0
2023-02-15 00:00:00-05:00,64.73787303528836,65.9133646748701,64.50851148046962,65.5406494140625,44100,0.0,0.0
2023-02-16 00:00:00-05:00,65.04369103009527,66.2382930974495,64.55629863633088,65.76045227050781,46400,0.0,0.0
2023-02-17 00:00:00-05:00,66.1236242578776,67.21310089663274,65.93248352836677,66.73526000976562,54600,0.0,0.0
2023-02-21 00:00:00-05:00,66.0567333604137,66.47722842439083,64.57542354806917,64.99592590332031,205000,0.0,0.0
2023-02-22 00:00:00-05:00,65.39729507280394,66.8117071115367,65.03413867359595,65.42596435546875,185300,0.0,0.0
2023-02-23 00:00:00-05:00,66.41986972338533,70.15658819612294,65.80823409628468,69.76475524902344,191400,0.0,0.0
2023-02-24 00:00:00-05:00,68.2452351518086,69.61185301232325,67.46156914147892,68.61795043945312,91200,0.0,0.0
2023-02-27 00:00:00-05:00,69.23913440809629,70.89246691331029,69.23913440809629,69.65007781982422,153300,0.0,0.0
2023-02-28 00:00:00-05:00,68.65618114144806,69.47806812218154,67.12709162773716,67.68138885498047,76500,0.0,0.0
2023-03-01 00:00:00-05:00,67.66227985778367,68.61796173548528,67.27044678811444,68.3503646850586,95700,0.0,0.0
2023-03-02 00:00:00-05:00,67.97146631295941,69.22806318223755,67.84676826250264,69.06499481201172,95500,0.265,0.0
2023-03-03 00:00:00-05:00,69.39111865560281,69.48704809639132,68.61413995025987,69.29519653320312,128600,0.0,0.0
2023-03-06 00:00:00-05:00,69.17051585384193,69.19929176593993,67.73166170181648,68.36475372314453,165600,0.0,0.0
2023-03-07 00:00:00-05:00,68.2592383018296,68.79640812804261,67.46307065341387,67.72206115722656,70500,0.0,0.0
2023-03-08 00:00:00-05:00,67.99063258542064,68.00982140020244,66.58056207127758,67.48223876953125,69200,0.0,0.0
2023-03-09 00:00:00-05:00,67.55899168243496,67.82757659113358,66.6189371835999,66.7148666381836,61500,0.0,0.0
2023-03-10 00:00:00-05:00,66.30239202958053,66.30239202958053,64.18248144131068,64.76760864257812,80500,0.0,0.0
2023-03-13 00:00:00-04:00,63.731640119359895,64.12492306106947,61.94746063162948,62.350337982177734,101200,0.0,0.0
2023-03-14 00:00:00-04:00,63.93308265269261,64.54699312440023,62.92588189715254,64.00022888183594,59500,0.0,0.0
2023-03-15 00:00:00-04:00,62.42709026694167,62.55178833155828,61.29519131958982,62.07217025756836,81800,0.0,0.0
2023-03-16 00:00:00-04:00,61.25680842142018,63.750820430549474,60.882706985970266,63.194461822509766,77800,0.0,0.0
2023-03-17 00:00:00-04:00,62.85873512463917,62.85873512463917,61.467845825097676,62.225643157958984,308100,0.0,0.0
2023-03-20 00:00:00-04:00,62.8107726758359,64.00022319426662,62.42707683551938,62.657291412353516,76800,0.0,0.0
2023-03-21 00:00:00-04:00,63.6357130968268,64.70046564848303,63.12731918481597,63.40549850463867,83200,0.0,0.0
2023-03-22 00:00:00-04:00,63.55897557102329,63.664492110122666,61.86112385525285,61.89949417114258,58900,0.0,0.0
2023-03-23 00:00:00-04:00,61.94746369783931,62.90669971427514,61.06496465993695,61.67887878417969,62900,0.0,0.0
2023-03-24 00:00:00-04:00,61.02660176764664,62.19686736186009,60.719646497768146,62.02421188354492,62200,0.0,0.0
2023-03-27 00:00:00-04:00,62.868328617196966,62.93547484478071,62.23522934135892,62.51340866088867,51900,0.0,0.0
2023-03-28 00:00:00-04:00,62.20646690326009,63.55899347541544,62.20646690326009,63.501434326171875,56400,0.0,0.0
2023-03-29 00:00:00-04:00,63.94267168405924,64.19206776082122,63.27120213071139,64.09614562988281,78000,0.0,0.0
2023-03-30 00:00:00-04:00,64.40310775135616,64.70046858469345,63.72205103469932,64.2496337890625,65100,0.0,0.0
2023-03-31 00:00:00-04:00,64.77721407439823,65.81319084139943,64.51822354184334,65.7364501953125,89000,0.0,0.0
2023-04-03 00:00:00-04:00,65.59255961533322,66.72445846693029,65.59255961533322,66.28321075439453,93200,0.0,0.0
2023-04-04 00:00:00-04:00,66.57098048151911,66.57098048151911,62.96425103889611,63.606937408447266,53000,0.0,0.0
2023-04-05 00:00:00-04:00,63.088942876794604,63.53978492755346,62.7628061786903,62.9642448425293,47500,0.0,0.0
2023-04-06 00:00:00-04:00,62.973845532329975,63.204060125625205,62.484633117986384,62.84914016723633,32000,0.0,0.0
2023-04-10 00:00:00-04:00,63.040981165881995,64.01939851175014,63.040981165881995,63.664485931396484,52200,0.0,0.0
2023-04-11 00:00:00-04:00,64.16330528307186,65.09376551654226,63.91390183571905,63.92349624633789,83900,0.0,0.0
2023-04-12 00:00:00-04:00,64.38391338818441,64.73882597168046,63.741219801702236,64.4798355102539,27900,0.0,0.0
2023-04-13 00:00:00-04:00,64.56617168082708,64.6908770424,63.80837437596836,64.39350891113281,32600,0.0,0.0
2023-04-14 00:00:00-04:00,64.42229507553122,65.30479046381217,63.74123105629017,64.00022888183594,53000,0.0,0.0
2023-04-17 00:00:00-04:00,64.00023506967968,64.77721398465879,64.00023506967968,64.71006774902344,33700,0.0,0.0
2023-04-18 00:00:00-04:00,65.04579866220142,65.1225393078694,63.904312661051,64.44148254394531,35500,0.0,0.0
2023-04-19 00:00:00-04:00,63.94268298388499,64.71006748539247,63.80838319477064,64.44148254394531,50600,0.0,0.0
2023-04-20 00:00:00-04:00,64.26880916467505,64.93068431736009,64.05777608304274,64.76760864257812,52700,0.0,0.0
2023-04-21 00:00:00-04:00,65.1033482140577,65.1033482140577,64.07696601423402,64.68128204345703,42300,0.0,0.0
2023-04-24 00:00:00-04:00,64.74844175071993,65.40072264183321,64.7100714255496,65.0553970336914,41900,0.0,0.0
2023-04-25 00:00:00-04:00,64.6525163606557,65.13213442368966,64.0386058254435,64.22085571289062,79000,0.0,0.0
2023-04-26 00:00:00-04:00,63.597348123367,63.7412276650263,62.23522747574473,62.34074401855469,115000,0.0,0.0
2023-04-27 00:00:00-04:00,62.772403304111876,64.16329251299122,62.753214486693246,63.875518798828125,131400,0.0,0.0
2023-04-28 00:00:00-04:00,67.6357359486006,73.33359311027053,67.14652351385041,73.30481719970703,246100,0.0,0.0
2023-05-01 00:00:00-04:00,73.68850263300833,77.23767258804331,73.60217491356079,76.86357116699219,181100,0.0,0.0
2023-05-02 00:00:00-04:00,76.84439534447546,77.05542843211961,74.8395883302457,76.21129608154297,214300,0.0,0.0
2023-05-03 00:00:00-04:00,76.22088836593787,77.23767613981954,75.42472076416016,75.42472076416016,134600,0.0,0.0
2023-05-04 00:00:00-04:00,75.30001765193644,75.30001765193644,72.94029823175124,74.00505065917969,102900,0.0,0.0
2023-05-05 00:00:00-04:00,75.10818787183533,75.65495214382963,74.78204379959126,75.1177749633789,70900,0.0,0.0
2023-05-08 00:00:00-04:00,75.3767629711753,75.39594447015104,74.49426765050072,75.0889892578125,73100,0.0,0.0
2023-05-09 00:00:00-04:00,75.01225243833314,75.29043175715437,74.40793639161866,74.67652130126953,79300,0.0,0.0
2023-05-10 00:00:00-04:00,75.27126134191704,75.33840757921794,73.91873486692454,74.68612670898438,73800,0.0,0.0
2023-05-11 00:00:00-04:00,73.95709415312632,74.69570997159249,73.56381119859971,74.54222869873047,84700,0.0,0.0
2023-05-12 00:00:00-04:00,74.8108073953165,75.09858109884019,73.88034738143112,74.72447967529297,132600,0.0,0.0
2023-05-15 00:00:00-04:00,74.81081203769355,75.40554097996666,74.35996995611116,75.05062103271484,95500,0.0,0.0
2023-05-16 00:00:00-04:00,74.4463038627403,74.4463038627403,73.68850657184133,74.04342651367188,57000,0.0,0.0
2023-05-17 00:00:00-04:00,74.43671699670665,74.97389416828705,73.97628778494102,74.80123138427734,71800,0.0,0.0
2023-05-18 00:00:00-04:00,74.43670206034325,75.18490486812186,74.43670206034325,75.00265502929688,84200,0.0,0.0
2023-05-19 00:00:00-04:00,75.82760539517125,76.63336008693585,74.25445900977313,74.59977722167969,145300,0.0,0.0
2023-05-22 00:00:00-04:00,74.9930816012254,75.45351816780085,74.50386912143728,75.24248504638672,48900,0.0,0.0
2023-05-23 00:00:00-04:00,74.88755062626238,75.4630907349093,74.22567547620419,74.33119201660156,119600,0.0,0.0
2023-05-24 00:00:00-04:00,74.20649437682678,74.20649437682678,72.62375358073241,72.81560516357422,53600,0.0,0.0
2023-05-25 00:00:00-04:00,72.50863791830994,73.15133153107097,72.30719925821079,72.6908950805664,56000,0.0,0.0
2023-05-26 00:00:00-04:00,72.46068631706478,72.89233957778788,72.04821455572039,72.17291259765625,82700,0.0,0.0
2023-05-30 00:00:00-04:00,72.16811630749679,72.1969939299875,71.1092285320419,71.2439956665039,78900,0.265,0.0
2023-05-31 00:00:00-04:00,71.31137342446154,71.31137342446154,69.97332316683531,70.36799621582031,146800,0.0,0.0
2023-06-01 00:00:00-04:00,70.80117130760564,71.47500681801915,69.88667186432303,71.41725158691406,109700,0.0,0.0
2023-06-02 00:00:00-04:00,72.3798829706021,74.45915222167969,72.08146378589258,74.45915222167969,160900,0.0,0.0
2023-06-05 00:00:00-04:00,73.88156954937271,74.1029768329151,71.89856169404005,72.39912414550781,79000,0.0,0.0
2023-06-06 00:00:00-04:00,72.40876107684531,75.29664036035092,72.40876107684531,75.12336730957031,97300,0.0,0.0
2023-06-07 00:00:00-04:00,75.57579472198378,78.1556335629937,75.52766046810153,77.99198150634766,85700,0.0,0.0
2023-06-08 00:00:00-04:00,77.70320743424162,78.01124760135998,76.36515726979712,77.83797454833984,70800,0.0,0.0
2023-06-09 00:00:00-04:00,77.56844246212036,77.56844246212036,76.19188632074169,76.93310546875,53400,0.0,0.0
2023-06-12 00:00:00-04:00,77.1833855543832,77.67432707801018,76.6058111794285,77.37590789794922,60000,0.0,0.0
2023-06-13 00:00:00-04:00,77.33741268941296,78.6369643936688,77.33741268941296,78.502197265625,84700,0.0,0.0
2023-06-14 00:00:00-04:00,78.7139615941546,78.7139615941546,76.92348315366338,77.75133514404297,81500,0.0,0.0
2023-06-15 00:00:00-04:00,77.69356670247804,78.29039764404297,77.05823717239795,78.29039764404297,82500,0.0,0.0
2023-06-16 00:00:00-04:00,79.00274864743263,79.00274864743263,77.12563009816871,78.10750579833984,259900,0.0,0.0
2023-06-20 00:00:00-04:00,77.86683727951798,78.32890111398443,77.24112874411244,77.79945373535156,52900,0.0,0.0
2023-06-21 00:00:00-04:00,77.45292977729126,78.68509056148187,77.45292977729126,78.569580078125,51000,0.0,0.0
2023-06-22 00:00:00-04:00,78.55992502257298,78.55992502257298,76.69242783839636,76.76943969726562,76200,0.0,0.0
2023-06-23 00:00:00-04:00,76.04748920643053,76.91385447636785,75.52767004446815,76.4036636352539,226000,0.0,0.0
2023-06-26 00:00:00-04:00,76.15338186103936,77.62619920888139,76.15338186103936,76.79833984375,64900,0.0,0.0
2023-06-27 00:00:00-04:00,76.80795684523997,77.52029828318723,76.79832852541124,77.13524627685547,35200,0.0,0.0
2023-06-28 00:00:00-04:00,77.18339845180824,77.18339845180824,76.58656733621186,76.89460754394531,50000,0.0,0.0
2023-06-29 00:00:00-04:00,76.94272399514864,78.55993654737398,76.94272399514864,78.55030822753906,72500,0.0,0.0
2023-06-30 00:00:00-04:00,78.93536545561435,78.93536545561435,77.99198834430602,78.07862854003906,49500,0.0,0.0
2023-07-03 00:00:00-04:00,77.57806371660746,78.57919612703515,76.16300897443563,78.30003356933594,84900,0.0,0.0
2023-07-05 00:00:00-04:00,77.45292015653443,78.37704062988846,75.8453358126037,75.94159698486328,73800,0.0,0.0
2023-07-06 00:00:00-04:00,75.42176426193598,75.55653134768605,74.18960385264661,74.37250518798828,69700,0.0,0.0
2023-07-07 00:00:00-04:00,74.2088646992817,75.50841619802468,74.2088646992817,74.6998062133789,51400,0.0,0.0
2023-07-10 00:00:00-04:00,74.43027919162829,75.9512307937085,74.43027919162829,74.7479476928711,67400,0.0,0.0
2023-07-11 00:00:00-04:00,75.02709167192565,75.08484689629954,74.20885349060012,75.03671264648438,198100,0.0,0.0
2023-07-12 00:00:00-04:00,76.037858516666,76.93310137700095,75.50841839460651,75.9127197265625,255800,0.0,0.0
2023-07-13 00:00:00-04:00,76.08598428797573,76.69243621826172,75.84532771090507,76.69243621826172,116000,0.0,0.0
2023-07-14 00:00:00-04:00,76.49029576987198,76.73095237901866,75.32551866291284,76.46141815185547,106700,0.0,0.0
2023-07-17 00:00:00-04:00,76.32664736392256,77.5588079683565,76.29776974729621,76.78870391845703,75900,0.0,0.0
2023-07-18 00:00:00-04:00,76.90422646244487,77.86685291193774,76.90422646244487,77.77059173583984,49300,0.0,0.0
2023-07-19 00:00:00-04:00,77.52029957801345,78.29040360354007,76.81758644815747,77.7320785522461,44000,0.0,0.0
2023-07-20 00:00:00-04:00,78.30966714931081,78.30966714931081,77.2122734870087,77.82835388183594,37900,0.0,0.0
2023-07-21 00:00:00-04:00,78.05937348366352,78.05937348366352,76.30739367931798,76.51917266845703,49300,0.0,0.0
2023-07-24 00:00:00-04:00,76.59618877776718,76.9234856002285,75.98010841764176,76.83684539794922,39000,0.0,0.0
2023-07-25 00:00:00-04:00,76.26888917306927,77.28927075699907,74.80569300385228,77.06786346435547,31200,0.0,0.0
2023-07-26 00:00:00-04:00,76.79834134181816,77.3759157755756,76.39403997261368,76.66357421875,31600,0.0,0.0
2023-07-27 00:00:00-04:00,76.74058092567127,76.74058092567127,75.10411157210254,75.73944854736328,68200,0.0,0.0
2023-07-28 00:00:00-04:00,76.17260880741148,77.58767050105004,76.17260880741148,76.76943969726562,45800,0.0,0.0
2023-07-31 00:00:00-04:00,76.59616919954726,77.33738816877687,76.59616919954726,77.24112701416016,42900,0.0,0.0
2023-08-01 00:00:00-04:00,76.8272046735196,77.65506390083414,76.46140931383069,77.27001190185547,104800,0.0,0.0
2023-08-02 00:00:00-04:00,76.6924538252032,77.83798174521013,76.6924538252032,77.17376708984375,38400,0.0,0.0
2023-08-03 00:00:00-04:00,76.77908322861919,78.42517348076512,76.60581018395874,78.19414520263672,96100,0.0,0.0
2023-08-04 00:00:00-04:00,81.8232480440961,83.55597858743856,79.7632280338206,80.58145904541016,113000,0.0,0.0
2023-08-07 00:00:00-04:00,80.49482278156857,84.25868821319081,80.45631684398528,83.70999145507812,121600,0.0,0.0
2023-08-08 00:00:00-04:00,83.35382613028865,83.5944827582351,81.96764894741216,83.57523345947266,78500,0.0,0.0
2023-08-09 00:00:00-04:00,82.62223254155676,83.18055766258209,81.79437318121082,83.1324234008789,95200,0.0,0.0
2023-08-10 00:00:00-04:00,82.5837284089709,83.56560420859934,81.75586903050144,82.25643157958984,75900,0.0,0.0
2023-08-11 00:00:00-04:00,81.94838138019578,82.81474659416295,81.57295767818607,81.77510833740234,61700,0.0,0.0
2023-08-14 00:00:00-04:00,81.31304945475875,81.31304945475875,80.34079477894622,80.6007080078125,78300,0.0,0.0
2023-08-15 00:00:00-04:00,80.30229708903163,80.30229708903163,79.01238116496769,79.83061218261719,64400,0.0,0.0
2023-08-16 00:00:00-04:00,79.86911406709889,80.427439145104,78.5503132471744,78.79096984863281,47800,0.0,0.0
2023-08-17 00:00:00-04:00,78.55994896247572,79.12789507013518,77.28928228093767,77.41442108154297,47900,0.0,0.0
2023-08-18 00:00:00-04:00,77.00047763488293,77.8475935007065,76.99085665950295,77.29889678955078,124800,0.0,0.0
2023-08-21 00:00:00-04:00,77.27002138070654,77.7513346024094,76.83684241887671,77.10637664794922,50600,0.0,0.0
2023-08-22 00:00:00-04:00,77.41441064088873,77.81871195224724,76.48066189018716,76.97160339355469,45300,0.0,0.0
2023-08-23 00:00:00-04:00,77.11599843468052,78.64657082476582,77.11599843468052,78.43479919433594,243000,0.0,0.0
2023-08-24 00:00:00-04:00,78.71394492041799,79.94611268473035,78.46366738426951,78.58880615234375,103800,0.0,0.0
2023-08-25 00:00:00-04:00,79.30116679216111,79.85949191327926,78.93537137363055,78.94499969482422,100800,0.0,0.0
2023-08-28 00:00:00-04:00,79.4166758831566,80.19640089621099,78.90648507983673,79.0219955444336,69400,0.0,0.0
2023-08-29 00:00:00-04:00,79.01237955542248,79.4551868342565,78.64657680976104,79.27228546142578,112800,0.0,0.0
2023-08-30 00:00:00-04:00,79.27711479772607,80.87057765823235,78.89082702254505,80.38771057128906,100900,0.265,0.0
2023-08-31 00:00:00-04:00,80.53257267861927,81.23756187190602,79.3833466467004,79.60546875,169600,0.0,0.0
2023-09-01 00:00:00-04:00,80.30079254778715,80.88023153895051,80.16559036211459,80.58085632324219,112900,0.0,0.0
2023-09-05 00:00:00-04:00,79.84688921815629,80.21386549397725,75.13410984418019,75.68457794189453,143200,0.0,0.0
2023-09-06 00:00:00-04:00,76.11915217111402,76.65030880843229,75.07615770217936,75.39485168457031,302400,0.0,0.0
2023-09-07 00:00:00-04:00,75.12445790537829,76.86277489658188,74.64159084649397,76.57305908203125,160200,0.0,0.0
2023-09-08 00:00:00-04:00,76.4957906216356,77.0269472783054,75.56868684923855,75.5783462524414,157500,0.0,0.0
2023-09-11 00:00:00-04:00,75.79081008288381,76.38956046730159,75.42382643517902,76.00326538085938,84400,0.0,0.0
2023-09-12 00:00:00-04:00,75.80047635294216,76.23506116978814,74.87337239215832,75.13412475585938,51400,0.0,0.0
2023-09-13 00:00:00-04:00,75.27896928541924,75.28862868933919,73.97522973894814,74.052490234375,57100,0.0,0.0
2023-09-14 00:00:00-04:00,74.68023366095451,75.14378198941817,73.64689827579315,74.83474731445312,131600,0.0,0.0
2023-09-15 00:00:00-04:00,74.5932948744247,75.11479213799835,73.29921480286362,74.11042785644531,265800,0.0,0.0
2023-09-18 00:00:00-04:00,74.15872658435583,74.98925854639602,73.96557533273784,74.09112548828125,47900,0.0,0.0
2023-09-19 00:00:00-04:00,73.74345359715034,74.49672498697684,73.74345359715034,74.08145904541016,59800,0.0,0.0
2023-09-20 00:00:00-04:00,74.52569211940413,75.3079416812478,73.34749544301744,73.3571548461914,57700,0.0,0.0
2023-09-21 00:00:00-04:00,73.07708979006152,73.09640859606371,71.82164001464844,71.82164001464844,56600,0.0,0.0
2023-09-22 00:00:00-04:00,71.68644199279213,72.22725070469805,71.46431991870728,71.86992645263672,62700,0.0,0.0
2023-09-25 00:00:00-04:00,71.56089609049513,72.68115119492397,71.56089609049513,72.14033508300781,37200,0.0,0.0
2023-09-26 00:00:00-04:00,71.7636958814876,72.11136073369067,71.0490547377218,71.19391632080078,60000,0.0,0.0
2023-09-27 00:00:00-04:00,71.58021080052515,72.08238926716012,71.20357510855739,71.64781188964844,56400,0.0,0.0
2023-09-28 00:00:00-04:00,71.83130936390327,73.50203282345244,71.83130936390327,73.23162841796875,105600,0.0,0.0
2023-09-29 00:00:00-04:00,73.4150944765924,73.4150944765924,71.37740254180808,71.60917663574219,61000,0.0,0.0
2023-10-02 00:00:00-04:00,71.14563414234061,72.13068711635738,71.14563414234061,72.0823974609375,79500,0.0,0.0
2023-10-03 00:00:00-04:00,71.40637907941256,72.45902567298373,71.40637907941256,71.86027526855469,65000,0.0,0.0
2023-10-04 00:00:00-04:00,71.96649880068179,73.1929851810918,71.54158082514007,73.08675384521484,70000,0.0,0.0
2023-10-05 00:00:00-04:00,73.13505897400748,74.28427773668263,72.82602430458685,73.63723754882812,84200,0.0,0.0
2023-10-06 00:00:00-04:00,73.09641676344846,74.27461355039488,73.07709795528768,73.58893585205078,128100,0.0,0.0
2023-10-09 00:00:00-04:00,73.5406510273287,74.41946520115894,73.27989870193066,74.2939224243164,46600,0.0,0.0
2023-10-10 00:00:00-04:00,74.50639683541405,75.46247165388937,74.17804336799817,74.23599243164062,67100,0.0,0.0
2023-10-11 00:00:00-04:00,74.37119081622035,75.15343313955236,74.37119081622035,74.84439849853516,86900,0.0,0.0
2023-10-12 00:00:00-04:00,74.68987731232879,74.68987731232879,73.2895657103692,73.84969329833984,54200,0.0,0.0
2023-10-13 00:00:00-04:00,73.77242345027625,74.02351636617134,71.62849268155793,72.4300537109375,62100,0.0,0.0
2023-10-16 00:00:00-04:00,73.08675692557898,73.97523052857242,72.91292449299624,73.37648010253906,53900,0.0,0.0
2023-10-17 00:00:00-04:00,72.68115549838642,74.98925956893444,72.68115549838642,73.74346160888672,95200,0.0,0.0
2023-10-18 00:00:00-04:00,73.04813942701566,73.05779883272464,72.13069481979198,72.30452728271484,52800,0.0,0.0
2023-10-19 00:00:00-04:00,71.7443920532296,72.70046681423148,71.5995304547828,71.6381607055664,93400,0.0,0.0
2023-10-20 00:00:00-04:00,72.0630794047766,72.45902654460066,71.27117775716218,71.29048919677734,63200,0.0,0.0
2023-10-23 00:00:00-04:00,71.17460206901048,72.13068415774613,70.87522684799426,70.9041976928711,44200,0.0,0.0
2023-10-24 00:00:00-04:00,71.60920198484814,71.60920198484814,70.35374440968202,71.02010345458984,37700,0.0,0.0
2023-10-25 00:00:00-04:00,70.56619153140618,70.99111690001486,70.31509859832227,70.69173431396484,40200,0.0,0.0
2023-10-26 00:00:00-04:00,70.88487019096061,71.72505397388413,70.54686479737269,71.02973175048828,125300,0.0,0.0
2023-10-27 00:00:00-04:00,70.67242110263847,72.24656501913626,70.4020167359239,70.72071075439453,76200,0.0,0.0
2023-10-30 00:00:00-04:00,71.31946809531847,72.90327156942904,71.30980869043677,72.8356704711914,115900,0.0,0.0
2023-10-31 00:00:00-04:00,73.5020330705921,75.57836314534816,71.2905007926396,71.67679595947266,175200,0.0,0.0
2023-11-01 00:00:00-04:00,74.90233557839245,76.7179204295273,72.10171254013534,76.68894958496094,249400,0.0,0.0
2023-11-02 00:00:00-04:00,77.27804918715972,79.1419165299676,76.7951820762558,78.00234985351562,107100,0.0,0.0
2023-11-03 00:00:00-04:00,79.798611703841,80.0593640554405,78.34035841410186,79.50889587402344,196100,0.0,0.0
2023-11-06 00:00:00-05:00,79.19019964091315,79.78895746139784,79.00670779619092,79.75997924804688,164100,0.0,0.0
2023-11-07 00:00:00-05:00,79.19019777154831,80.68708860344105,79.17088633107032,80.67742919921875,169900,0.0,0.0
2023-11-08 00:00:00-05:00,80.42634082240056,81.4500166889709,80.17524787415928,80.38771057128906,119200,0.0,0.0
2023-11-09 00:00:00-05:00,81.01543286806911,81.24720698849066,80.30079169878888,80.59050750732422,75200,0.0,0.0
2023-11-10 00:00:00-05:00,80.66776811126255,81.32446759330664,79.95312694102724,80.81262969970703,117400,0.0,0.0
2023-11-13 00:00:00-05:00,80.34908728285913,81.12167763610434,80.17525482177734,80.17525482177734,73600,0.0,0.0
2023-11-14 00:00:00-05:00,82.16466521156933,82.50267069854411,81.04441003420494,81.49830627441406,309600,0.0,0.0
2023-11-15 00:00:00-05:00,81.27618428158502,81.91356494752952,81.0057725481897,81.60453033447266,262700,0.0,0.0
2023-11-16 00:00:00-05:00,81.75905724471879,83.56497540229034,81.44036320468844,83.51669311523438,159600,0.0,0.0
2023-11-17 00:00:00-05:00,84.24099461094126,86.4621787737766,84.24099461094126,84.72386169433594,143500,0.0,0.0
2023-11-20 00:00:00-05:00,84.29893806857358,84.86871770228738,82.84067738315224,84.69488525390625,83500,0.0,0.0
2023-11-21 00:00:00-05:00,84.22167406393383,84.65625885080314,83.35251185816205,83.5263442993164,318200,0.0,0.0
2023-11-22 00:00:00-05:00,84.16373308721117,84.62728135557927,83.54566381740909,84.40516662597656,133600,0.0,0.0
2023-11-24 00:00:00-05:00,84.71419688740092,85.37089637365854,84.55002385782814,85.02323150634766,58500,0.0,0.0
2023-11-27 00:00:00-05:00,84.80110407113344,85.54472341129576,83.93194932564754,84.87836456298828,86000,0.0,0.0
2023-11-28 00:00:00-05:00,85.12947308930976,85.12947308930976,83.53601015041927,83.54566955566406,75200,0.0,0.0
2023-11-29 00:00:00-05:00,84.2723116922214,84.57265901198909,82.43145730471925,83.02246856689453,176900,0.28,0.0
2023-11-30 00:00:00-05:00,83.49720802647438,83.6231584520148,82.34425048353802,82.95464324951172,77000,0.0,0.0
2023-12-01 00:00:00-05:00,82.7415139310238,84.10761702586052,82.56711700488584,83.9816665649414,120200,0.0,0.0
2023-12-04 00:00:00-05:00,83.71036524573485,84.84394131436395,83.67160956066748,84.39826202392578,175400,0.0,0.0
2023-12-05 00:00:00-05:00,84.3207500018706,84.3304407710353,83.01277705649639,83.37126159667969,102000,0.0,0.0
2023-12-06 00:00:00-05:00,83.91383615927053,84.46609179563173,82.61554644017197,82.91590118408203,113400,0.0,0.0
2023-12-07 00:00:00-05:00,83.00308798606109,84.34981664376501,82.69304989346504,84.24324035644531,126000,0.0,0.0
2023-12-08 00:00:00-05:00,84.09791741053476,84.51453179855056,83.41001321831804,84.28199768066406,169000,0.0,0.0
2023-12-11 00:00:00-05:00,84.42731910219703,84.54358614660586,84.04946044773138,84.34980773925781,142300,0.0,0.0
2023-12-12 00:00:00-05:00,84.40795115236433,85.53183642990666,84.22386349984555,84.99896240234375,149200,0.0,0.0
2023-12-13 00:00:00-05:00,84.62110748450236,85.58997754441317,84.02041277816849,85.27025604248047,230400,0.0,0.0
2023-12-14 00:00:00-05:00,86.62668040653747,89.64955043020908,86.62668040653747,88.38033294677734,188300,0.0,0.0
2023-12-15 00:00:00-05:00,88.42875220828569,88.70004198851585,86.52008472121427,87.72148132324219,648800,0.0,0.0
2023-12-18 00:00:00-05:00,88.29311206762979,88.65159659472192,87.42113506381729,88.25435638427734,136300,0.0,0.0
2023-12-19 00:00:00-05:00,88.71941754374947,89.49451643008469,88.33186810058186,89.08758544921875,107100,0.0,0.0
2023-12-20 00:00:00-05:00,89.46545247756745,90.15335668416718,87.81837643016932,87.95401763916016,142500,0.0,0.0
2023-12-21 00:00:00-05:00,88.67098582425595,89.05853533181568,88.35126431801929,88.79694366455078,107600,0.0,0.0
2023-12-22 00:00:00-05:00,89.34919411464074,90.1824229202782,88.71942712546476,89.27168273925781,66500,0.0,0.0
2023-12-26 00:00:00-05:00,88.95194552541786,90.22117015474628,88.81630432715237,89.62046813964844,54100,0.0,0.0
2023-12-27 00:00:00-05:00,89.95957023262373,90.47307010546058,89.48482604345827,89.87237548828125,73600,0.0,0.0
2023-12-28 00:00:00-05:00,90.84125767829687,90.86063182680486,89.82394117216946,89.89176177978516,76900,0.0,0.0
2023-12-29 00:00:00-05:00,89.6204777586158,89.96927156070338,89.34919533296808,89.8045654296875,78900,0.0,0.0
2024-01-02 00:00:00-05:00,88.95194025090893,89.84330614765877,88.48688685354338,88.67096710205078,97100,0.0,0.0
2024-01-03 00:00:00-05:00,88.6419128642905,88.6419128642905,85.73530290908162,85.75468444824219,127200,0.0,0.0
2024-01-04 00:00:00-05:00,86.22943774213046,86.22943774213046,84.90208306187267,85.00865936279297,80100,0.0,0.0
2024-01-05 00:00:00-05:00,84.44670338055762,85.06677952042216,84.04946317651499,84.18510437011719,80400,0.0,0.0
2024-01-08 00:00:00-05:00,84.18511837542303,85.27025549665818,83.99134732143798,85.07647705078125,80300,0.0,0.0
2024-01-09 00:00:00-05:00,84.01070476626177,84.38856342072742,82.9740143105936,84.34980773925781,107300,0.0,0.0
2024-01-10 00:00:00-05:00,84.38858408179478,84.78582437019777,84.00103456410439,84.70831298828125,99800,0.0,0.0
2024-01-11 00:00:00-05:00,84.63078968461812,86.2681822854608,84.05915995526547,86.25849151611328,187800,0.0,0.0
2024-01-12 00:00:00-05:00,87.10141998531962,87.68274054369502,86.56853849487187,87.57616424560547,80000,0.0,0.0
2024-01-16 00:00:00-05:00,87.16923439168677,88.30281050864663,86.4038262107274,88.20592498779297,137800,0.0,0.0
2024-01-17 00:00:00-05:00,87.24674584388562,87.76992913534598,87.05296741011195,87.51802825927734,73900,0.0,0.0
2024-01-18 00:00:00-05:00,88.00246265670572,88.77755421084889,87.83775653303806,87.96370697021484,109900,0.0,0.0
2024-01-19 00:00:00-05:00,88.40938627702273,88.76787083314471,86.52009275991415,87.96370697021484,74200,0.0,0.0
2024-01-22 00:00:00-05:00,88.26406054249424,89.45577396271672,88.0121522584349,88.75818634033203,98000,0.0,0.0
2024-01-23 00:00:00-05:00,88.91319982243823,89.2619936262441,87.83776088457712,87.88619995117188,90500,0.0,0.0
2024-01-24 00:00:00-05:00,88.74848883917882,88.74848883917882,86.89795101804383,87.0335922241211,69000,0.0,0.0
2024-01-25 00:00:00-05:00,88.19622933566386,88.88412610510228,87.79899650458692,88.04121398925781,114200,0.0,0.0
2024-01-26 00:00:00-05:00,88.1671793850108,89.57203807779527,88.1671793850108,89.41702270507812,96700,0.0,0.0
2024-01-29 00:00:00-05:00,89.41700621912084,92.40112736063429,89.41700621912084,92.37205505371094,164200,0.0,0.0
2024-01-30 00:00:00-05:00,91.7616751335451,92.83712140521354,91.36444228459885,92.04264831542969,84900,0.0,0.0
2024-01-31 00:00:00-05:00,92.16858688805306,92.40112097602716,91.40317881355837,91.57757568359375,126600,0.0,0.0
2024-02-01 00:00:00-05:00,92.03296144216849,93.97070148873966,91.59697288844664,93.93194580078125,80200,0.0,0.0
2024-02-02 00:00:00-05:00,93.16653814452884,94.25166776009948,93.01151540408097,94.22260284423828,68600,0.0,0.0
2024-02-05 00:00:00-05:00,93.44750580191109,93.7381697501409,92.6917884067831,93.03089141845703,136200,0.0,0.0
2024-02-06 00:00:00-05:00,93.04058741077397,93.64128948795364,92.72085852815131,93.34093475341797,64000,0.0,0.0
2024-02-07 00:00:00-05:00,93.34093219525872,94.37763019084554,92.93400856955957,93.55408477783203,90800,0.0,0.0
2024-02-08 00:00:00-05:00,93.50563733542859,94.90080498309689,93.176217721359,94.59076690673828,157900,0.0,0.0
2024-02-09 00:00:00-05:00,94.72641670512944,94.88143945333155,93.6509778050161,94.2904281616211,94100,0.0,0.0
2024-02-12 00:00:00-05:00,93.970697321141,96.49944856111765,93.73817059559468,96.17003631591797,211200,0.0,0.0
2024-02-13 00:00:00-05:00,94.26137425614932,94.8136299253251,92.86619892690848,93.7284927368164,217500,0.0,0.0
2024-02-14 00:00:00-05:00,94.71672771160185,96.73197157550662,94.71672771160185,96.63508605957031,127000,0.0,0.0
2024-02-15 00:00:00-05:00,96.88699904501597,99.17353281382967,96.88699904501597,98.76660919189453,160300,0.0,0.0
2024-02-16 00:00:00-05:00,98.2337295770746,99.1638438982702,97.96244715737899,98.2627944946289,140000,0.0,0.0
2024-02-20 00:00:00-05:00,97.14858512515833,99.22197358649431,97.05169961004138,98.99913024902344,137000,0.0,0.0
2024-02-21 00:00:00-05:00,98.95068617976504,99.30917072541565,98.15621310963736,98.68909454345703,162000,0.0,0.0
2024-02-22 00:00:00-05:00,99.79360367519655,99.8614242752225,95.21084561321422,98.5050048828125,241400,0.0,0.0
2024-02-23 00:00:00-05:00,99.65797335324174,103.3396824785303,99.20260324969433,102.9036865234375,155600,0.0,0.0
2024-02-26 00:00:00-05:00,103.76597335542478,106.98262139259903,101.49882115086127,106.73072052001953,267700,0.0,0.0
2024-02-27 00:00:00-05:00,106.57569492111523,111.39097977434457,106.52724846666737,111.07125091552734,360000,0.0,0.0
2024-02-28 00:00:00-05:00,111.25578374480669,113.63532388786464,109.95431549836675,110.20684051513672,380700,0.28,0.0
2024-02-29 00:00:00-05:00,111.66371592079726,111.66371592079726,108.04097928680606,109.93490600585938,241400,0.0,0.0
2024-03-01 00:00:00-05:00,109.35214657751993,109.80863155886499,106.75893189922832,107.62333679199219,274600,0.0,0.0
2024-03-04 00:00:00-05:00,107.33198121992051,110.04174793859082,106.75894444938218,107.12802124023438,234800,0.0,0.0
2024-03-05 00:00:00-05:00,106.53554776553375,108.5168825284169,105.29235906960452,105.57401275634766,152100,0.0,0.0
2024-03-06 00:00:00-05:00,105.72942975232172,106.9240535456467,104.5639420402988,105.54489135742188,210500,0.0,0.0
2024-03-07 00:00:00-05:00,106.29274450319733,107.69132817666754,106.09849162494477,107.00174713134766,160300,0.0,0.0
2024-03-08 00:00:00-05:00,107.73990181242706,108.77913071121495,106.67153683208281,107.40967559814453,116500,0.0,0.0
2024-03-11 00:00:00-04:00,106.98231889063021,108.11867037022736,106.2053222459545,107.88557434082031,123800,0.0,0.0
2024-03-12 00:00:00-04:00,107.42909983051533,108.52660084376717,106.95319322954647,108.5071792602539,90000,0.0,0.0
2024-03-13 00:00:00-04:00,108.33235323378267,109.98346196949802,108.33235323378267,109.49784088134766,132000,0.0,0.0
2024-03-14 00:00:00-04:00,108.7791279044476,109.31331408583154,107.52622455992079,108.84711456298828,118500,0.0,0.0
2024-03-15 00:00:00-04:00,108.66257155213962,111.3529165185793,108.65286446561076,110.79930877685547,244900,0.0,0.0
2024-03-18 00:00:00-04:00,111.03241072489855,111.95508787348328,109.49784623294555,109.50756072998047,157800,0.0,0.0
2024-03-19 00:00:00-04:00,109.85720225667826,112.01336105604915,109.73094344238697,111.7511215209961,115100,0.0,0.0
2024-03-20 00:00:00-04:00,112.22703814339178,113.6936085167312,110.70218819979439,113.19828033447266,131400,0.0,0.0
2024-03-21 00:00:00-04:00,113.36339906321574,118.53040764883227,113.22742573806718,118.25846099853516,222800,0.0,0.0
2024-03-22 00:00:00-04:00,118.77319464529184,118.77319464529184,116.86956106100992,118.22930145263672,119300,0.0,0.0
2024-03-25 00:00:00-04:00,118.73435547285938,119.67646156486815,115.39328003150614,115.86919403076172,155800,0.0,0.0
2024-03-26 00:00:00-04:00,117.0735258962401,117.50087479973382,115.57781214400136,117.25806427001953,131700,0.0,0.0
2024-03-27 00:00:00-04:00,117.93792613152627,118.7926164947703,116.77243859892177,118.00591278076172,155800,0.0,0.0
2024-03-28 00:00:00-04:00,118.00593284075086,119.30739389306339,117.16094941947985,118.1127700805664,137400,0.0,0.0
2024-04-01 00:00:00-04:00,118.50126710874534,119.96783754767961,117.3066358998884,119.38509368896484,159200,0.0,0.0
2024-04-02 00:00:00-04:00,118.16132636627775,118.19046244587983,115.78177859558203,117.57857513427734,134600,0.0,0.0
2024-04-03 00:00:00-04:00,116.94726296305315,119.78328807167742,116.78214617708008,119.11312866210938,90900,0.0,0.0
2024-04-04 00:00:00-04:00,119.89012728645352,120.54085771555144,117.25806208264876,117.52029418945312,87600,0.0,0.0
2024-04-05 00:00:00-04:00,118.36528126952533,119.38508106191706,117.37461014549976,118.29729461669922,93000,0.0,0.0
2024-04-08 00:00:00-04:00,118.62751707823908,118.83147704306782,117.46202944779212,117.99620819091797,126500,0.0,0.0
2024-04-09 00:00:00-04:00,118.11276158402934,118.55953209566904,115.82062945649368,117.83110046386719,138400,0.0,0.0
2024-04-10 00:00:00-04:00,115.57780526017774,116.55876181659461,113.89755323423552,115.00477600097656,135200,0.0,0.0
2024-04-11 00:00:00-04:00,115.08247552735229,116.20911993163209,114.73282777498885,115.64579772949219,110800,0.0,0.0
2024-04-12 00:00:00-04:00,114.49002145785613,115.63608748608497,112.887477845578,113.79073333740234,74800,0.0,0.0
2024-04-15 00:00:00-04:00,114.49003657116462,115.9663289769768,111.97452263874737,112.93605041503906,105900,0.0,0.0
2024-04-16 00:00:00-04:00,112.12019868694755,113.3925235608447,111.26550083334605,112.85833740234375,67200,0.0,0.0
2024-04-17 00:00:00-04:00,113.32453366058647,113.32453366058647,111.21693998646178,112.33386993408203,104400,0.0,0.0
2024-04-18 00:00:00-04:00,112.76120760643083,113.85871593426688,111.08096290397502,111.43061065673828,110300,0.0,0.0
2024-04-19 00:00:00-04:00,111.04211068511447,112.25616330589114,111.02268169358813,111.59571838378906,105300,0.0,0.0
2024-04-22 00:00:00-04:00,112.16875083913423,113.39251799031494,111.19750871502018,111.86766815185547,80300,0.0,0.0
2024-04-23 00:00:00-04:00,112.4018671513572,115.25731428433805,112.4018671513572,115.1407699584961,92100,0.0,0.0
2024-04-24 00:00:00-04:00,114.61628291625594,116.26739153119831,113.34395071957572,113.93640899658203,98900,0.0,0.0
2024-04-25 00:00:00-04:00,112.64466798828221,113.05258791350354,111.75111957733459,112.13961791992188,119300,0.0,0.0
2024-04-26 00:00:00-04:00,112.12990176589244,113.31481835877064,112.12990176589244,112.30472564697266,67200,0.0,0.0
2024-04-29 00:00:00-04:00,112.30474226597184,113.51879511702226,112.30474226597184,113.0914535522461,88700,0.0,0.0
2024-04-30 00:00:00-04:00,112.79035410156212,114.01412134926156,112.59610862541487,113.13029479980469,122100,0.0,0.0
2024-05-01 00:00:00-04:00,113.25654202353387,114.10152531924712,111.31405782096574,111.49859619140625,81900,0.0,0.0
2024-05-02 00:00:00-04:00,112.68350836602414,112.95546238610042,111.33348240167173,112.37271118164062,109600,0.0,0.0
2024-05-03 00:00:00-04:00,106.73950795139908,108.3517659793622,101.42681249475783,103.89376831054688,247700,0.0,0.0
2024-05-06 00:00:00-04:00,103.72866178429693,105.8653914926295,103.35958503486523,103.91319274902344,170300,0.0,0.0
2024-05-07 00:00:00-04:00,104.26284134856085,105.37977128193408,103.60239640265239,104.06859588623047,192000,0.0,0.0
2024-05-08 00:00:00-04:00,104.02975018747216,105.80712515005652,103.72866748375198,104.90386962890625,100600,0.0,0.0
2024-05-09 00:00:00-04:00,104.9912689450569,105.42833233362369,103.50526972590592,103.76750183105469,101000,0.0,0.0
2024-05-10 00:00:00-04:00,104.29198418577312,104.69019704234366,103.11678201953721,103.18476867675781,94600,0.0,0.0
2024-05-13 00:00:00-04:00,103.3595847306178,103.60239526084946,101.79588432312673,102.20381164550781,128400,0.0,0.0
2024-05-14 00:00:00-04:00,102.50489471832799,102.88367855411857,100.77608492215776,102.70885467529297,134600,0.0,0.0
2024-05-15 00:00:00-04:00,103.70924371400012,105.6517281661372,102.76713756911522,102.85455322265625,111900,0.0,0.0
2024-05-16 00:00:00-04:00,102.59230514967588,102.7962651110085,100.8343592377213,102.44662475585938,114200,0.0,0.0
2024-05-17 00:00:00-04:00,102.93224405862927,102.99051621515387,101.6307757529944,101.88330078125,112800,0.0,0.0
2024-05-20 00:00:00-04:00,102.15524817282152,102.79626412946193,101.31026484680653,101.43653106689453,70900,0.0,0.0
2024-05-21 00:00:00-04:00,101.32968871370251,101.77645918451762,100.79550260186429,101.07716369628906,73300,0.0,0.0
2024-05-22 00:00:00-04:00,100.9023586981444,101.11603318284777,99.17354864553053,99.66888427734375,72900,0.0,0.0
2024-05-23 00:00:00-04:00,99.79513685650737,100.64982733181829,98.64907075484568,99.2512435913086,126400,0.0,0.0
2024-05-24 00:00:00-04:00,99.42607404277265,99.63003403067438,98.22172829041415,99.5717544555664,102400,0.0,0.0
2024-05-28 00:00:00-04:00,99.98936308666605,100.03792815170598,98.15371625998237,98.47422790527344,93300,0.0,0.0
2024-05-29 00:00:00-04:00,96.79400076681682,98.75590674146285,96.79400076681682,97.26019287109375,196700,0.0,0.0
2024-05-30 00:00:00-04:00,97.59041307845943,99.04727628235172,97.4544323622392,99.02784729003906,103800,0.0,0.0
2024-05-31 00:00:00-04:00,99.62194032067795,100.12837373624996,98.45323582025871,99.98229217529297,155000,0.28,0.0
2024-06-03 00:00:00-04:00,101.14123984837879,101.93011736595687,97.5572263772506,97.75201416015625,129100,0.0,0.0
2024-06-04 00:00:00-04:00,99.6901089942918,100.371847677858,97.89809849258381,99.22262573242188,298700,0.0,0.0
2024-06-05 00:00:00-04:00,99.0960189218362,99.75828253961069,97.63514395001552,98.28766632080078,135300,0.0,0.0
2024-06-06 00:00:00-04:00,98.18054415402193,98.26820052440267,96.47618985950194,97.31375885009766,109800,0.0,0.0
2024-06-07 00:00:00-04:00,96.80731564019325,97.2553164035851,95.74574263727368,96.4177474975586,62000,0.0,0.0
2024-06-10 00:00:00-04:00,95.57044542631546,96.89497276504248,95.21010099398195,96.52488708496094,105300,0.0,0.0
2024-06-11 00:00:00-04:00,95.93078464245995,96.51513311359412,94.9958256025665,95.9210433959961,73200,0.0,0.0
2024-06-12 00:00:00-04:00,97.39167405009508,99.00837940591629,96.70019405598681,97.62541198730469,79700,0.0,0.0
2024-06-13 00:00:00-04:00,96.52487908442758,97.36244799185879,93.98295605170637,95.74574279785156,176200,0.0,0.0
2024-06-14 00:00:00-04:00,94.68418993186438,94.69393118011247,92.93113676697429,93.75896453857422,167200,0.0,0.0
2024-06-17 00:00:00-04:00,93.60313538255046,94.7523573949882,93.57391907017919,94.44070434570312,145000,0.0,0.0
2024-06-18 00:00:00-04:00,94.2946204102272,95.71653798824376,94.15827265825268,95.35619354248047,74800,0.0,0.0
2024-06-20 00:00:00-04:00,94.71340223741583,95.16140304272692,93.72974425706164,94.50888061523438,103900,0.0,0.0
2024-06-21 00:00:00-04:00,94.56731127583075,96.1840165847969,93.79791618148606,95.99897003173828,222500,0.0,0.0
2024-06-24 00:00:00-04:00,95.81392347867967,96.70993250107281,95.62888435601589,95.99897003173828,69900,0.0,0.0
2024-06-25 00:00:00-04:00,95.58993570306855,95.87237246759352,94.3530572022042,95.07376098632812,86900,0.0,0.0
2024-06-26 00:00:00-04:00,94.6549620280696,95.3172256503418,94.15826245376687,94.97634887695312,75000,0.0,0.0
2024-06-27 00:00:00-04:00,95.30749984246609,95.78471699996408,94.58680348190241,95.13219451904297,59300,0.0,0.0
2024-06-28 00:00:00-04:00,95.99897436225156,96.30088617894972,94.51862416218859,95.87236785888672,270700,0.0,0.0
2024-07-01 00:00:00-04:00,96.15479995345474,96.15479995345474,94.18748404016135,95.21983337402344,93100,0.0,0.0
2024-07-02 00:00:00-04:00,95.09323251178817,96.5054088514287,95.09323251178817,96.08663177490234,84300,0.0,0.0
2024-07-03 00:00:00-04:00,96.42749147395656,97.00209874205191,95.74574534744987,95.9697494506836,24700,0.0,0.0
2024-07-05 00:00:00-04:00,95.65810026311108,95.86262188017467,94.48939575509719,94.9081802368164,84000,0.0,0.0
2024-07-08 00:00:00-04:00,95.60939690543782,97.00209802902508,95.60939690543782,96.53462219238281,123700,0.0,0.0
2024-07-09 00:00:00-04:00,96.47619145060862,96.60280538431394,94.2946199981547,94.42122650146484,113100,0.0,0.0
2024-07-10 00:00:00-04:00,95.12243849595286,96.0087062240464,94.79131039780437,95.39513397216797,65300,0.0,0.0
2024-07-11 00:00:00-04:00,97.10923398629735,99.46611063450021,97.08975892152647,98.79411315917969,89200,0.0,0.0
2024-07-12 00:00:00-04:00,99.97255142726279,101.7937709133105,98.7746306086669,98.94993591308594,112900,0.0,0.0
2024-07-15 00:00:00-04:00,99.60245487352451,103.03064572333983,99.60245487352451,101.25811767578125,124300,0.0,0.0
2024-07-16 00:00:00-04:00,102.26125205345127,105.79656694949995,102.26125205345127,105.46543884277344,92700,0.0,0.0
2024-07-17 00:00:00-04:00,104.59865921842183,106.35170488977715,103.96561185221226,105.1927490234375,168200,0.0,0.0
2024-07-18 00:00:00-04:00,104.57917554220373,107.26718779108201,104.04352580022251,104.8226547241211,92200,0.0,0.0
2024-07-19 00:00:00-04:00,104.92003835896449,105.74786598108352,102.84559125002836,103.06959533691406,82100,0.0,0.0
2024-07-22 00:00:00-04:00,103.66369388997667,104.17986854197686,101.75481808711058,103.59552001953125,102000,0.0,0.0
2024-07-23 00:00:00-04:00,103.33255803084501,106.53674479252705,102.73846826294196,105.4070053100586,129300,0.0,0.0
2024-07-24 00:00:00-04:00,104.68630044133582,105.75760728881382,103.17673406592415,103.58577728271484,71900,0.0,0.0
2024-07-25 00:00:00-04:00,104.26752322396084,106.89710286550212,104.26752322396084,105.39727020263672,98100,0.0,0.0
2024-07-26 00:00:00-04:00,106.78996767491368,107.5690965769237,105.25117750513141,105.94265747070312,85100,0.0,0.0
2024-07-29 00:00:00-04:00,106.04004270351956,106.57569983583672,104.07273433012591,104.1993408203125,65000,0.0,0.0
2024-07-30 00:00:00-04:00,104.96873030919866,105.25116701578784,103.27411750005759,104.78368377685547,83900,0.0,0.0
2024-07-31 00:00:00-04:00,104.92977963195383,106.72179016320777,103.27412427005567,104.88108825683594,111400,0.0,0.0
2024-08-01 00:00:00-04:00,104.52073639251567,105.29987269817873,99.73880942193223,100.8393325805664,94300,0.0,0.0
2024-08-02 00:00:00-04:00,97.26506022293327,97.92732385380916,95.3854007581234,96.64175415039062,76500,0.0,0.0
2024-08-05 00:00:00-04:00,93.46678598652115,94.39200387044096,91.1488595074213,92.51234436035156,107600,0.0,0.0
2024-08-06 00:00:00-04:00,92.22991321911401,95.26853615294505,92.22991321911401,94.00244140625,84900,0.0,0.0
2024-08-07 00:00:00-04:00,94.83999963564752,96.31061584112187,92.86295004724118,93.51547241210938,171600,0.0,0.0
2024-08-08 00:00:00-04:00,92.43443245573837,92.80451810634564,88.62641480257683,90.04833221435547,116300,0.0,0.0
2024-08-09 00:00:00-04:00,89.89251078283603,92.14225589202927,89.89251078283603,91.19755554199219,101400,0.0,0.0
2024-08-12 00:00:00-04:00,90.65217199964066,90.91512625023259,88.05181608549624,88.49981689453125,135500,0.0,0.0
2024-08-13 00:00:00-04:00,89.31790628061385,91.30469738741137,87.82781480811455,90.74956512451172,154200,0.0,0.0
2024-08-14 00:00:00-04:00,91.3144254734317,91.36311684678269,87.89597601547727,90.19441986083984,140000,0.0,0.0
2024-08-15 00:00:00-04:00,92.45392000233079,93.16488251941078,91.29495665916568,91.32417297363281,96100,0.0,0.0
2024-08-16 00:00:00-04:00,91.20730353305389,92.76556881980093,91.19756228521312,91.60660552978516,93100,0.0,0.0
2024-08-19 00:00:00-04:00,92.14224657025346,93.0090317164253,91.10015614562026,91.85980987548828,96800,0.0,0.0
2024-08-20 00:00:00-04:00,91.82087687077001,92.22018633473424,90.35026038773432,90.57426452636719,71300,0.0,0.0
2024-08-21 00:00:00-04:00,90.39894820631196,92.35652286269075,90.0288625335775,91.8987808227539,149000,0.0,0.0
2024-08-22 00:00:00-04:00,91.7040068305754,91.78191452524555,90.62295861907681,90.74956512451172,176300,0.0,0.0
2024-08-23 00:00:00-04:00,91.64556559247207,93.99270854970267,91.64556559247207,93.43757629394531,101800,0.0,0.0
2024-08-26 00:00:00-04:00,94.33356970609555,95.42435905670416,93.8271288742294,94.62574768066406,105300,0.0,0.0
2024-08-27 00:00:00-04:00,94.27513427764092,94.36278320916624,92.71686170017696,93.93425750732422,59400,0.0,0.0
2024-08-28 00:00:00-04:00,93.60312935208916,94.70365248607607,93.44729912228873,93.46678161621094,187000,0.0,0.0
2024-08-29 00:00:00-04:00,94.37252482378874,95.32695897928963,93.67130364727703,94.71339416503906,146200,0.0,0.0
2024-08-30 00:00:00-04:00,94.98687803873236,95.78779537553508,93.9515478709226,95.39710235595703,89100,0.28,0.0
2024-09-03 00:00:00-04:00,94.31293637993333,94.99665105335441,91.8613523055494,92.70133972167969,92900,0.0,0.0
2024-09-04 00:00:00-04:00,92.15436491757028,92.97482102128326,91.42181828475677,91.68553924560547,198800,0.0,0.0
2024-09-05 00:00:00-04:00,91.96878542242852,91.96878542242852,90.20090126489464,90.28881072998047,137600,0.0,0.0
2024-09-06 00:00:00-04:00,90.1130208388321,91.3534634067057,88.89210957240685,89.3511734008789,53600,0.0,0.0
2024-09-09 00:00:00-04:00,89.28278617369531,89.30231747153543,87.90559494270512,88.62837219238281,82200,0.0,0.0
2024-09-10 00:00:00-04:00,89.01906514739173,89.01906514739173,87.66141266713505,88.51116943359375,81500,0.0,0.0
2024-09-11 00:00:00-04:00,87.95444933468549,88.64792602970604,85.95215190613183,88.49164581298828,81800,0.0,0.0
2024-09-12 00:00:00-04:00,89.19488892858018,89.57581262939223,88.22792933819969,89.14604949951172,59400,0.0,0.0
2024-09-13 00:00:00-04:00,90.01534315381818,90.83579189078218,89.4292998253005,90.32789611816406,74300,0.0,0.0
2024-09-16 00:00:00-04:00,90.65998467639636,91.24602058081915,89.89813725546165,90.72835540771484,74500,0.0,0.0
2024-09-17 00:00:00-04:00,91.73438404651185,93.85388414543834,91.59764258541018,92.69158172607422,96000,0.0,0.0
2024-09-18 00:00:00-04:00,92.2032032495916,93.40457554015585,90.63066923360944,91.0408935546875,94700,0.0,0.0
2024-09-19 00:00:00-04:00,93.33620982339781,93.33620982339781,90.6209047166334,91.71484375,109800,0.0,0.0
2024-09-20 00:00:00-04:00,91.30463220339962,91.47067434860085,89.3609360853933,89.93721008300781,389500,0.0,0.0
2024-09-23 00:00:00-04:00,90.5525407901869,91.41205959044896,89.69302198992483,91.24601745605469,96100,0.0,0.0
2024-09-24 00:00:00-04:00,91.81252410308396,92.90646324314868,91.81252410308396,92.71111297607422,81400,0.0,0.0
2024-09-25 00:00:00-04:00,93.27760874928049,93.27760874928049,91.87111676679356,91.89065551757812,89500,0.0,0.0
2024-09-26 00:00:00-04:00,93.11157022777712,95.34828036070756,92.84784924493688,94.33248138427734,102500,0.0,0.0
2024-09-27 00:00:00-04:00,95.39711233585739,96.22733043190746,94.06876040143712,94.33248138427734,103000,0.0,0.0
2024-09-30 00:00:00-04:00,94.0785213343654,94.31293416885856,92.07622423665606,93.80503845214844,81800,0.0,0.0
2024-10-01 00:00:00-04:00,93.2873777375583,93.2873777375583,90.54276450801966,91.61717224121094,189600,0.0,0.0
2024-10-02 00:00:00-04:00,90.93344949407745,92.06645847528263,90.71856796647997,91.30461120605469,49700,0.0,0.0
2024-10-03 00:00:00-04:00,90.5037089143127,91.0213740702665,88.64792240191467,88.65768432617188,85100,0.0,0.0
2024-10-04 00:00:00-04:00,89.58557541766447,90.29858333778716,89.02884024573783,89.84928894042969,61800,0.0,0.0
2024-10-07 00:00:00-04:00,89.24372523266699,89.78092167435638,88.14978614575438,89.60511016845703,83700,0.0,0.0
2024-10-08 00:00:00-04:00,90.25951512226587,91.3925166946868,89.75161195557575,91.11903381347656,99200,0.0,0.0
2024-10-09 00:00:00-04:00,91.63669707778209,91.82227793712784,89.64416940199176,89.96649169921875,78600,0.0,0.0
2024-10-10 00:00:00-04:00,89.29254769534744,91.24600535196068,88.58930174667073,90.82601165771484,87600,0.0,0.0
2024-10-11 00:00:00-04:00,91.25579421948228,91.50974585560529,90.42557602845257,91.0702133178711,87300,0.0,0.0
2024-10-14 00:00:00-04:00,91.26555324521897,92.0274006153297,90.95300028692098,91.78321838378906,54100,0.0,0.0
2024-10-15 00:00:00-04:00,91.69530808420937,93.02366000804115,91.14834227504932,91.19718170166016,62600,0.0,0.0
2024-10-16 00:00:00-04:00,92.291114253598,93.07250037617423,91.80274978995044,91.88088989257812,52100,0.0,0.0
2024-10-17 00:00:00-04:00,92.29111865971477,92.60367163329694,90.96276665902785,92.2422866821289,38100,0.0,0.0
2024-10-18 00:00:00-04:00,92.73064153304674,92.73064153304674,91.0018272558106,91.0311279296875,53300,0.0,0.0
2024-10-21 00:00:00-04:00,90.7283457798687,91.49019311995825,89.39999389648438,89.39999389648438,75800,0.0,0.0
2024-10-22 00:00:00-04:00,89.0386154758696,89.7320921425106,88.58931359711855,88.65768432617188,55900,0.0,0.0
2024-10-23 00:00:00-04:00,87.9055948276341,88.88232365905226,87.9055948276341,88.53070068359375,43000,0.0,0.0
2024-10-24 00:00:00-04:00,88.25721704361271,88.42325915508106,87.04607538959434,88.0423355102539,74900,0.0,0.0
2024-10-25 00:00:00-04:00,88.32558466249192,89.18510331390435,87.85675156509016,88.44279479980469,49100,0.0,0.0
2024-10-28 00:00:00-04:00,88.88232739242423,89.57580399763764,88.39396295620212,88.46233367919922,52700,0.0,0.0
2024-10-29 00:00:00-04:00,87.9056050704354,88.58931235135415,87.0753869573625,87.75909423828125,53200,0.0,0.0
2024-10-30 00:00:00-04:00,87.2218945610909,88.96047082694744,87.2218945610909,88.06188201904297,47700,0.0,0.0
2024-10-31 00:00:00-04:00,87.38793272274769,87.73955571021078,85.34656552042861,85.52237701416016,124000,0.0,0.0
2024-11-01 00:00:00-04:00,84.82890571972396,86.76283227172159,80.6192064339015,81.25408172607422,133300,0.0,0.0
2024-11-04 00:00:00-05:00,81.31267258317997,83.59821439781949,81.06849038323048,81.8498764038086,118900,0.0,0.0
2024-11-05 00:00:00-05:00,81.62523571672851,84.83867476445899,81.62523571672851,83.6861343383789,141500,0.0,0.0
2024-11-06 00:00:00-05:00,88.77489003701947,92.66227437777665,88.66744926076751,90.76741790771484,182200,0.0,0.0
2024-11-07 00:00:00-05:00,90.55253487577836,91.32415159632224,89.29255370819533,89.73208618164062,148600,0.0,0.0
2024-11-08 00:00:00-05:00,89.4976715402446,90.25952638534824,88.42327117919922,88.42327117919922,138500,0.0,0.0
2024-11-11 00:00:00-05:00,88.98000068138616,91.07019991671518,88.31582473592692,89.6930160522461,144300,0.0,0.0
2024-11-12 00:00:00-05:00,89.22418529063344,89.22418529063344,86.14748770436672,86.15725708007812,126000,0.0,0.0
2024-11-13 00:00:00-05:00,86.50888395494631,88.35490109887063,86.09865957892994,86.10842895507812,97600,0.0,0.0
2024-11-14 00:00:00-05:00,86.61632722291448,86.88004077167913,84.85821205831407,85.16100311279297,164400,0.0,0.0
2024-11-15 00:00:00-05:00,85.93261081960712,85.93261081960712,84.19402713992794,84.22333526611328,133600,0.0,0.0
2024-11-18 00:00:00-05:00,84.27216319449789,85.19029068946978,84.12565237800348,84.13542175292969,84500,0.0,0.0
2024-11-19 00:00:00-05:00,83.60798601839839,83.82286755242247,82.6019565198762,83.2759017944336,120200,0.0,0.0
2024-11-20 00:00:00-05:00,83.51032278482703,84.1256593226807,82.58243329018018,83.7056655883789,308300,0.0,0.0
2024-11-21 00:00:00-05:00,84.18426001906461,86.4893406479003,84.09635054963593,85.84469604492188,86200,0.0,0.0
2024-11-22 00:00:00-05:00,86.62608486201084,88.81395541896362,86.51864409140671,87.60281372070312,133500,0.0,0.0
2024-11-25 00:00:00-05:00,88.354897548662,90.86509058463852,88.354897548662,89.07767486572266,127600,0.0,0.0
2024-11-26 00:00:00-05:00,88.26699977427164,88.26699977427164,86.04982083750897,86.59679412841797,303900,0.0,0.0
2024-11-27 00:00:00-05:00,86.59679738371088,87.49538628218608,86.0302927709044,86.23540496826172,166500,0.0,0.0
2024-11-29 00:00:00-05:00,87.06349293222212,87.06349293222212,85.88749191771721,86.60289764404297,75900,0.295,0.0
2024-12-02 00:00:00-05:00,86.52450253603457,87.58290802024585,85.23089832538724,86.92630004882812,242000,0.0,0.0
2024-12-03 00:00:00-05:00,86.65189499808295,86.65189499808295,85.7208948000249,86.42649841308594,148100,0.0,0.0
2024-12-04 00:00:00-05:00,86.60289140765674,86.8870932523433,85.39748409928485,85.81888580322266,161700,0.0,0.0
2024-12-05 00:00:00-05:00,85.28969435665348,85.77969605464813,83.83929351761559,83.927490234375,256100,0.0,0.0
2024-12-06 00:00:00-05:00,84.70170102259395,84.70170102259395,82.92789711748796,84.064697265625,124300,0.0,0.0
2024-12-09 00:00:00-05:00,84.14309430639896,85.19169766756127,83.50609058752481,83.80009460449219,193500,0.0,0.0
2024-12-10 00:00:00-05:00,84.25088428624059,85.14268339482004,83.01607804368345,83.96668243408203,309000,0.0,0.0
2024-12-11 00:00:00-05:00,84.7996963085533,84.81930056434311,83.06509351279894,83.2022933959961,163900,0.0,0.0
2024-12-12 00:00:00-05:00,82.82008216406034,83.65308348563829,81.8792798797901,82.43788146972656,375400,0.0,0.0
2024-12-13 00:00:00-05:00,81.99687952068808,83.72168753167006,81.69308087099296,82.3692855834961,214500,0.0,0.0
2024-12-16 00:00:00-05:00,82.36927804991305,83.54527898625972,82.1046729792945,83.16307830810547,212100,0.0,0.0
2024-12-17 00:00:00-05:00,82.38888762172496,83.11408806254497,81.75188390025494,82.26148986816406,171400,0.0,0.0
2024-12-18 00:00:00-05:00,83.1728890795817,83.42768457361433,78.42966885938492,78.96867370605469,214900,0.0,0.0
2024-12-19 00:00:00-05:00,81.21288790349155,81.68328536847044,79.71347635718503,80.07608032226562,167000,0.0,0.0
2024-12-20 00:00:00-05:00,79.18427494039811,80.49747586157493,78.12586951098758,78.6844711303711,780000,0.0,0.0
2024-12-23 00:00:00-05:00,78.41006810531452,78.82166770726225,77.7632623221121,78.66486358642578,115400,0.0,0.0
2024-12-24 00:00:00-05:00,78.32186980655798,79.26267217181253,77.6652693240625,79.02747344970703,85800,0.0,0.0
2024-12-26 00:00:00-05:00,78.66486550416265,79.97807387927021,78.66486550416265,79.8898696899414,91100,0.0,0.0
2024-12-27 00:00:00-05:00,79.10586741686967,80.1838695493853,78.6158657678324,79.16466522216797,86200,0.0,0.0
2024-12-30 00:00:00-05:00,78.97845889350612,79.94866750126405,78.08665981757996,79.70366668701172,85700,0.0,0.0
2024-12-31 00:00:00-05:00,79.93886686074818,80.83067343007897,79.66446713997921,79.89966583251953,93200,0.0,0.0
2025-01-02 00:00:00-05:00,80.36028206086431,80.84048165283674,79.06667781944566,79.46847534179688,227600,0.0,0.0
2025-01-03 00:00:00-05:00,79.60567313337657,80.72287632227508,79.27246811595437,80.57587432861328,100300,0.0,0.0
2025-01-06 00:00:00-05:00,80.56607745243609,81.63428503095125,79.19407121689785,79.67427825927734,126500,0.0,0.0
2025-01-07 00:00:00-05:00,79.58606955328584,80.11527224884668,78.10626243107856,78.7138671875,142900,0.0,0.0
2025-01-08 00:00:00-05:00,77.72406547631621,78.75307201341593,76.9988650704851,78.41007232666016,228000,0.0,0.0
2025-01-10 00:00:00-05:00,77.07726054195905,78.39046136658818,77.07726054195905,78.13566589355469,190800,0.0,0.0
2025-01-13 00:00:00-05:00,77.74366807346375,80.55627292173115,77.50846188456069,80.54647827148438,275400,0.0,0.0
2025-01-14 00:00:00-05:00,81.43827981001645,82.21248338149931,79.6546739481295,81.63428497314453,141300,0.0,0.0
2025-01-15 00:00:00-05:00,83.30028729581431,83.30028729581431,82.03608203845795,82.37908172607422,85300,0.0,0.0
2025-01-16 00:00:00-05:00,82.51628062671028,82.90828346942803,81.82047913238165,82.83968353271484,139100,0.0,0.0
2025-01-17 00:00:00-05:00,83.8882918445518,83.976496040923,82.48688664505696,83.47669219970703,90000,0.0,0.0
2025-01-21 00:00:00-05:00,84.1920995168527,85.41710382263743,83.87849123681221,85.26029968261719,121300,0.0,0.0
2025-01-22 00:00:00-05:00,85.12309123514267,85.91689155284841,84.16268466621774,84.5546875,74500,0.0,0.0
2025-01-23 00:00:00-05:00,84.32929328659168,84.81929497337761,83.70209172565227,84.66249084472656,76100,0.0,0.0
2025-01-24 00:00:00-05:00,84.53509826649073,84.97609682082879,84.02549229404876,84.9271011352539,95100,0.0,0.0
2025-01-27 00:00:00-05:00,84.86829278132295,86.14230018960443,84.24109120467647,84.53509521484375,102800,0.0,0.0
2025-01-28 00:00:00-05:00,84.13327805397395,84.83888159476933,82.63387426819955,83.94708251953125,104200,0.0,0.0
2025-01-29 00:00:00-05:00,83.74127033398307,85.08387740779392,83.74127033398307,84.29007720947266,115300,0.0,0.0
2025-01-30 00:00:00-05:00,84.92710210032354,86.76950588456393,84.74089905325773,85.26029968261719,90500,0.0,0.0
2025-01-31 00:00:00-05:00,84.76048756251029,85.39749123473435,83.31988144316992,83.80988311767578,130500,0.0,0.0
2025-02-03 00:00:00-05:00,81.69307731807393,83.58448402393056,80.58567625861158,82.3006820678711,227100,0.0,0.0
2025-02-04 00:00:00-05:00,81.87928066480735,83.56488010059891,81.87928066480735,83.32968139648438,71500,0.0,0.0
2025-02-05 00:00:00-05:00,83.12387791832401,84.73108269952824,83.12387791832401,84.61347961425781,86800,0.0,0.0
2025-02-06 00:00:00-05:00,84.7212809334612,84.96628175452595,82.80047539353329,83.86868286132812,88100,0.0,0.0
2025-02-07 00:00:00-05:00,83.5746761629441,85.71108355211044,82.85927797576424,84.69187927246094,205100,0.0,0.0
2025-02-10 00:00:00-05:00,85.12308718685767,86.61268891218914,84.9662830700692,85.97569274902344,262200,0.0,0.0
2025-02-11 00:00:00-05:00,85.8384954506394,86.96550087220125,85.4562947172937,86.50489807128906,150200,0.0,0.0
2025-02-12 00:00:00-05:00,85.3876953125,86.60290493689794,84.40769189227551,85.3876953125,354100,0.0,0.0
2025-02-13 00:00:00-05:00,86.17170185200914,86.55390259135422,85.21129520132614,86.46570587158203,85900,0.0,0.0
2025-02-14 00:00:00-05:00,87.39670036105558,88.17090391637106,85.52489034564113,85.73069763183594,176300,0.0,0.0
2025-02-18 00:00:00-05:00,86.68129715588583,87.67110267673738,81.59508462836313,84.29988861083984,345900,0.0,0.0
2025-02-19 00:00:00-05:00,83.13368246261763,88.63150162198637,83.13368246261763,86.86749267578125,733200,0.0,0.0
2025-02-20 00:00:00-05:00,86.27949922604371,87.60250230523323,84.97609292481908,87.37710571289062,339700,0.0,0.0
2025-02-21 00:00:00-05:00,88.1317105737403,88.1317105737403,84.45669763556616,85.12310028076172,319000,0.0,0.0
2025-02-24 00:00:00-05:00,85.32888985293533,86.94589684676062,84.78009037937797,85.57389068603516,209600,0.0,0.0
2025-02-25 00:00:00-05:00,85.78949332695514,86.85769337925018,84.98589088679627,85.85809326171875,164800,0.0,0.0
2025-02-26 00:00:00-05:00,85.8286909230185,86.09328852456572,84.07448411645686,84.25088500976562,166300,0.0,0.0
2025-02-27 00:00:00-05:00,83.74128099789283,84.78008960499339,83.32968139648438,83.32968139648438,233700,0.0,0.0
2025-02-28 00:00:00-05:00,83.91481611006803,85.42927633346841,83.49194729767142,85.1244125366211,196100,0.295,0.0
2025-03-03 00:00:00-05:00,85.25225901606744,85.71446532217907,80.99406975265585,81.23008728027344,365300,0.0,0.0
2025-03-04 00:00:00-05:00,80.24666942215005,81.84964081226629,79.77463438303069,80.49252319335938,373400,0.0,0.0
2025-03-05 00:00:00-05:00,80.71871276286714,81.96764663170994,79.87297518130931,81.6529541015625,144400,0.0,0.0
2025-03-06 00:00:00-05:00,81.1317497109426,83.00023999273674,80.1581708152127,82.83306121826172,126900,0.0,0.0
2025-03-07 00:00:00-05:00,83.00024559182549,85.61612616051147,82.56754049659486,85.09491729736328,169900,0.0,0.0
2025-03-10 00:00:00-04:00,84.57370105775574,86.26517627936877,83.12807961828734,83.21659088134766,173900,0.0,0.0
2025-03-11 00:00:00-04:00,83.61979326257139,84.22951338765317,82.91173311805386,83.78697204589844,190100,0.0,0.0
2025-03-12 00:00:00-04:00,84.0623301454332,84.377022692653,80.8858959163933,81.18092346191406,142800,0.0,0.0
2025-03-13 00:00:00-04:00,81.29893240995122,82.3806876244108,80.90556483118523,81.1612548828125,99000,0.0,0.0
2025-03-14 00:00:00-04:00,81.76113262541796,83.30509406651427,81.06290878929026,83.06907653808594,135100,0.0,0.0
2025-03-17 00:00:00-04:00,83.24609323259263,84.38685089529977,82.02666055787476,82.27251434326172,160900,0.0,0.0
2025-03-18 00:00:00-04:00,82.45935784202007,83.37393422071071,82.05616153682423,82.91172790527344,133300,0.0,0.0
2025-03-19 00:00:00-04:00,83.19692147516264,83.91481784701645,82.52819886271364,83.50178527832031,124300,0.0,0.0
2025-03-20 00:00:00-04:00,82.60686988546881,84.16066757209663,82.60686988546881,83.10841369628906,191500,0.0,0.0
2025-03-21 00:00:00-04:00,82.27251833119743,82.27251833119743,80.23684168677202,80.6007080078125,653200,0.0,0.0
2025-03-24 00:00:00-04:00,81.26943217762597,82.0463310921818,80.28601696976229,80.44336700439453,126200,0.0,0.0
2025-03-25 00:00:00-04:00,80.1975148730485,80.5908749620981,79.10592336935152,80.0598373413086,142200,0.0,0.0
2025-03-26 00:00:00-04:00,80.68921731127156,81.71196248063004,80.06966095532172,80.61054229736328,112000,0.0,0.0
2025-03-27 00:00:00-04:00,80.86623356612232,81.67263371374207,80.58104226353134,81.09241485595703,115200,0.0,0.0
2025-03-28 00:00:00-04:00,80.97439625104224,81.13174626942329,78.65354350281648,79.46977233886719,114200,0.0,0.0
2025-03-31 00:00:00-04:00,77.68979915032939,79.01740814156635,77.61112413531298,78.42736053466797,127000,0.0,0.0
2025-04-01 00:00:00-04:00,78.30934498386179,78.97806757991658,77.49311611893337,78.9682388305664,284000,0.0,0.0
2025-04-02 00:00:00-04:00,78.34868868954132,79.9713253013085,78.34868868954132,79.72547149658203,68100,0.0,0.0
2025-04-03 00:00:00-04:00,77.19808753278988,77.36526630383007,74.2183408959949,74.31668090820312,127900,0.0,0.0
2025-04-04 00:00:00-04:00,71.60245717522857,73.5791237966735,70.61904199082883,73.24476623535156,245700,0.0,0.0
2025-04-07 00:00:00-04:00,71.78931209203934,73.75614256031439,68.63255009080142,70.18634796142578,365900,0.0,0.0
2025-04-08 00:00:00-04:00,72.24167576913663,72.24167576913663,67.93432012804446,68.3768539428711,269300,0.0,0.0
2025-04-09 00:00:00-04:00,66.67555098362041,73.27426582018565,66.67555098362041,72.38919067382812,236800,0.0,0.0
2025-04-10 00:00:00-04:00,70.84521906306415,71.48444032773645,68.68170151362415,69.96014404296875,142800,0.0,0.0
2025-04-11 00:00:00-04:00,70.19617326893082,70.3436870473892,68.3670204229169,69.94049072265625,131000,0.0,0.0
2025-04-14 00:00:00-04:00,70.53053517455334,70.73705145400017,68.99640995416986,70.06832885742188,153600,0.0,0.0
2025-04-15 00:00:00-04:00,69.6749591206087,70.79605174702967,69.65529411964599,69.89131164550781,108700,0.0,0.0
2025-04-16 00:00:00-04:00,69.82246846227687,70.33384098637538,67.96381462034094,68.71121215820312,110200,0.0,0.0
2025-04-17 00:00:00-04:00,68.58336984750883,69.92081503978974,68.32768731285374,68.8292236328125,141200,0.0,0.0
2025-04-21 00:00:00-04:00,68.23917921748242,68.23917921748242,66.44936387747246,67.04924774169922,103300,0.0,0.0
2025-04-22 00:00:00-04:00,67.88514590147624,68.86856104129855,66.99024202572622,68.64237976074219,110500,0.0,0.0
2025-04-23 00:00:00-04:00,70.17650937295153,71.47461713870017,68.94724037118719,69.4094467163086,100300,0.0,0.0
2025-04-24 00:00:00-04:00,69.32092859971092,71.20909130209847,69.18325108534104,70.98290252685547,110700,0.0,0.0
2025-04-25 00:00:00-04:00,70.00932617408613,71.29759760577109,70.00932617408613,71.1205825805664,93100,0.0,0.0
2025-04-28 00:00:00-04:00,70.88455826891354,72.07448957343358,70.40267949463595,71.45494079589844,91800,0.0,0.0
2025-04-29 00:00:00-04:00,71.11074686969138,72.34985205555661,71.0124068555762,71.6811294555664,109300,0.0,0.0
2025-04-30 00:00:00-04:00,71.46477022358522,71.46477022358522,69.62578887314754,70.9632339477539,208100,0.0,0.0
2025-05-01 00:00:00-04:00,69.50778157308106,70.57970046162713,66.20350614153959,68.30801391601562,270200,0.0,0.0
2025-05-02 00:00:00-04:00,69.1242510994303,71.16975639156833,68.22933972054662,70.29451751708984,199200,0.0,0.0
2025-05-05 00:00:00-04:00,69.33077339313597,71.17959131592235,69.04558207741643,70.45186614990234,237400,0.0,0.0
2025-05-06 00:00:00-04:00,70.06832936149232,70.71738696116208,69.15375297286992,69.3897705078125,112800,0.0,0.0
2025-05-07 00:00:00-04:00,70.15683497494955,70.20600873483876,69.02591352612124,69.60612487792969,94700,0.0,0.0
2025-05-08 00:00:00-04:00,70.34368051564782,72.4088507137169,70.19616675088679,71.474609375,114000,0.0,0.0
2025-05-09 00:00:00-04:00,71.37627458758216,72.34985350164743,70.44202567765934,71.11074829101562,122200,0.0,0.0
2025-05-12 00:00:00-04:00,73.96264787259402,75.41810550418089,73.74629535276311,74.85755920410156,147900,0.0,0.0
2025-05-13 00:00:00-04:00,75.75247065995343,76.22451325100906,75.18208805076276,75.68363189697266,105200,0.0,0.0
2025-05-14 00:00:00-04:00,75.23126514689066,75.52629271723927,74.06099862146738,74.09049987792969,86700,0.0,0.0
2025-05-15 00:00:00-04:00,74.33634521554572,74.54286899297563,73.77579889804353,74.39535522460938,84400,0.0,0.0
2025-05-16 00:00:00-04:00,74.44452233350798,75.93931753258326,73.61845722575217,75.74263000488281,139700,0.0,0.0
2025-05-19 00:00:00-04:00,75.25092499048293,75.54595254060226,74.31668358654217,75.46727752685547,139300,0.0,0.0
2025-05-20 00:00:00-04:00,75.33943209586482,75.88031340692471,74.97556580452799,75.71312713623047,300800,0.0,0.0
2025-05-21 00:00:00-04:00,74.77888551303441,74.77888551303441,72.46786151597627,72.63504028320312,115600,0.0,0.0
2025-05-22 00:00:00-04:00,72.20234301522738,72.66454936501093,71.71063540956193,71.9958267211914,123900,0.0,0.0
2025-05-23 00:00:00-04:00,70.46169336923838,71.77946600099818,70.46169336923838,71.43527221679688,142200,0.0,0.0
2025-05-27 00:00:00-04:00,72.58586991324701,73.7463000918429,72.29084986958769,73.70696258544922,87800,0.0,0.0
2025-05-28 00:00:00-04:00,73.72664109657283,74.17901120266137,71.99582818855288,72.25151824951172,72800,0.0,0.0
2025-05-29 00:00:00-04:00,72.72355308682813,73.33327322902903,71.93682540639057,73.30377197265625,107200,0.0,0.0
2025-05-30 00:00:00-04:00,73.15072897023853,74.20717140024128,73.15072897023853,73.47654724121094,141600,0.295,0.0
2025-06-02 00:00:00-04:00,73.32844865028736,73.49629922275643,70.9786234951333,71.54139709472656,170300,0.0,0.0
2025-06-03 00:00:00-04:00,71.58089310025461,73.99983061264184,71.38343158063391,73.51604461669922,118600,0.0,0.0
2025-06-04 00:00:00-04:00,73.20997362081287,74.18742090334507,72.38061870482058,73.01250457763672,181300,0.0,0.0
2025-06-05 00:00:00-04:00,73.01250652107359,73.16060642422936,72.17328378008949,72.43986511230469,106100,0.0,0.0
2025-06-06 00:00:00-04:00,73.68388260064208,74.4145067449386,73.31857806116743,73.71350860595703,114200,0.0,0.0
2025-06-09 00:00:00-04:00,73.99982396117397,75.04639101258068,73.77274398728864,74.67120361328125,133900,0.0,0.0
2025-06-10 00:00:00-04:00,75.04639112911426,76.23117520753229,75.00689732214386,76.1126937866211,114600,0.0,0.0
2025-06-11 00:00:00-04:00,76.23118027828465,76.23118027828465,74.3355226136509,74.34539794921875,180500,0.0,0.0
2025-06-12 00:00:00-04:00,73.80236410993425,75.18461725197275,73.28895967398066,75.15499877929688,102500,0.0,0.0
2025-06-13 00:00:00-04:00,73.8418628333355,74.76007321078039,73.28896455278344,73.3876953125,135400,0.0,0.0
2025-06-16 00:00:00-04:00,73.97020114447261,74.48361307146148,73.41730294556739,73.73324584960938,81400,0.0,0.0
2025-06-17 00:00:00-04:00,73.10137005628472,74.29602956125579,72.75580863462766,73.93071746826172,151600,0.0,0.0
2025-06-18 00:00:00-04:00,73.58515390055673,75.12537478226567,73.5357922890019,74.1183090209961,113600,0.0,0.0
2025-06-20 00:00:00-04:00,74.52311131394505,74.52311131394505,73.32844436882412,73.35807037353516,315700,0.0,0.0
2025-06-23 00:00:00-04:00,73.42718511329193,75.60916717437551,73.06187303634765,75.58941650390625,148900,0.0,0.0
2025-06-24 00:00:00-04:00,76.42864507294048,76.5372436274474,75.4215718159351,75.6980209350586,122600,0.0,0.0
2025-06-25 00:00:00-04:00,75.88561421782168,75.88561421782168,75.04639153006903,75.18461608886719,83700,0.0,0.0
2025-06-26 00:00:00-04:00,75.70789595879441,76.69521854170374,75.70789595879441,76.62610626220703,93500,0.0,0.0
2025-06-27 00:00:00-04:00,76.86306572227852,77.67266998266234,76.31016745645755,76.7149658203125,399500,0.0,0.0
2025-06-30 00:00:00-04:00,76.97166757901039,77.01116138620618,75.98434499713595,76.49775695800781,145700,0.0,0.0
2025-07-01 00:00:00-04:00,76.06333336827647,80.05211754265417,76.06333336827647,78.70935821533203,158300,0.0,0.0
2025-07-02 00:00:00-04:00,79.43009707187268,81.26651763916016,79.01542340382024,81.26651763916016,167800,0.0,0.0
2025-07-03 00:00:00-04:00,81.90829164826218,82.31309757766817,80.67413825276762,80.94071960449219,64500,0.0,0.0
2025-07-07 00:00:00-04:00,80.33843892156818,81.36525528153173,79.67692708563203,79.90401458740234,122800,0.0,0.0
2025-07-08 00:00:00-04:00,80.28908015745033,81.74044570446834,80.11136177347518,80.35819244384766,132100,0.0,0.0
2025-07-09 00:00:00-04:00,81.08879927675578,81.93789728239078,80.3779333598116,81.26651763916016,129700,0.0,0.0
2025-07-10 00:00:00-04:00,81.26652654077505,83.9026837939732,81.26652654077505,82.08600616455078,160800,0.0,0.0
2025-07-11 00:00:00-04:00,81.3553789293486,82.87585654723945,81.31588512376626,82.5599136352539,134500,0.0,0.0
2025-07-14 00:00:00-04:00,82.3130863756261,82.8166154689366,81.36525760079786,81.75031280517578,127100,0.0,0.0
2025-07-15 00:00:00-04:00,82.36244846110726,82.36244846110726,79.6078175374026,79.63744354248047,122400,0.0,0.0
2025-07-16 00:00:00-04:00,79.6473122434722,79.89414289319116,78.12683453728258,78.75872039794922,95700,0.0,0.0
2025-07-17 00:00:00-04:00,78.9858102845782,80.73336802274801,78.9858102845782,80.14097595214844,182600,0.0,0.0
2025-07-18 00:00:00-04:00,80.60501604364063,81.83916928724447,78.81796455735781,78.966064453125,97300,0.0,0.0
2025-07-21 00:00:00-04:00,79.68680285263511,80.10147651967586,78.34404356944987,78.51188659667969,81300,0.0,0.0
2025-07-22 00:00:00-04:00,78.54151446050993,80.3581843968479,78.54151446050993,79.84477996826172,80000,0.0,0.0
2025-07-23 00:00:00-04:00,80.35818565212853,81.32576511258733,80.35818565212853,81.25665283203125,59900,0.0,0.0
2025-07-24 00:00:00-04:00,80.55564747588983,81.3257654328421,80.02249989959977,81.04930877685547,59000,0.0,0.0
2025-07-25 00:00:00-04:00,81.55285071610372,81.77006290788098,80.45692195408145,81.7009506225586,81800,0.0,0.0
2025-07-28 00:00:00-04:00,82.00701174782635,82.51054837684883,81.45411350900862,81.67132568359375,85300,0.0,0.0
2025-07-29 00:00:00-04:00,82.18473836376306,82.18473836376306,81.27640329948717,81.72069549560547,90000,0.0,0.0
2025-07-30 00:00:00-04:00,81.62196325561361,82.42169973989083,80.09161763794515,80.51616668701172,139300,0.0,0.0
2025-07-31 00:00:00-04:00,80.56552093274927,81.89840490774685,79.52883674449492,81.49360656738281,119200,0.0,0.0
2025-08-01 00:00:00-04:00,80.63463192854874,80.79260715434366,79.47946633744856,80.08173370361328,99300,0.0,0.0
2025-08-04 00:00:00-04:00,80.42729882239283,81.82929511928187,80.19034350538979,81.69107055664062,147400,0.0,0.0
2025-08-05 00:00:00-04:00,81.51334948065065,83.06344562397837,81.51334948065065,82.55004119873047,144400,0.0,0.0
2025-08-06 00:00:00-04:00,82.55004972948748,82.73764344880708,80.97033495085311,81.54297637939453,112000,0.0,0.0
2025-08-07 00:00:00-04:00,82.2044810938611,83.04370379026905,77.63317267339177,78.70935821533203,139100,0.0,0.0
2025-08-08 00:00:00-04:00,78.90681791289785,80.46678937988322,78.58099965726039,79.2820053100586,113400,0.0,0.0
2025-08-11 00:00:00-04:00,79.37086419983663,79.95338845808142,78.25519235970505,79.32149505615234,118200,0.0,0.0
2025-08-12 00:00:00-04:00,80.01262376140676,82.35258101626205,80.01262376140676,82.05638122558594,88400,0.0,0.0
2025-08-13 00:00:00-04:00,82.58953243732081,84.34696536307696,82.29333266060256,84.25810241699219,95000,0.0,0.0
2025-08-14 00:00:00-04:00,83.50774264982296,83.50774264982296,81.62195297350864,81.63182830810547,106300,0.0,0.0
2025-08-15 00:00:00-04:00,81.89840395531068,81.93789776192872,80.39767696719225,80.46678924560547,93600,0.0,0.0
2025-08-18 00:00:00-04:00,80.65438724157163,81.64170986161223,80.24958135167157,81.40474700927734,81700,0.0,0.0
2025-08-19 00:00:00-04:00,81.7897962108883,83.1720492837822,81.68119766073374,82.48092651367188,154700,0.0,0.0
2025-08-20 00:00:00-04:00,82.38219981841006,82.4809305714726,80.34831014848842,80.40755462646484,111900,0.0,0.0
2025-08-21 00:00:00-04:00,79.89414440265152,80.96045463742516,79.51896451975284,79.70655822753906,86300,0.0,0.0
2025-08-22 00:00:00-04:00,79.8447880209993,83.34977902319257,79.8447880209993,82.6487808227539,97700,0.0,0.0
2025-08-25 00:00:00-04:00,82.37232649029362,82.81661865623697,81.97739593574741,81.99714660644531,105000,0.0,0.0
2025-08-26 00:00:00-04:00,81.94777371811577,82.35257958951502,81.72068621150852,81.82929229736328,100600,0.0,0.0
2025-08-27 00:00:00-04:00,81.24677635861119,82.9252217386998,80.9505765702786,82.59941101074219,104100,0.0,0.0
2025-08-28 00:00:00-04:00,82.66852386468942,82.69814233719376,80.61489106742161,81.92803192138672,111900,0.0,0.0
2025-08-29 00:00:00-04:00,82.09152261586416,82.09152261586416,80.97187027074311,81.2889404296875,80900,0.295,0.0
2025-09-02 00:00:00-04:00,80.40708943387523,80.56562073479535,79.6936796808623,79.98102569580078,115600,0.0,0.0
2025-09-03 00:00:00-04:00,79.27751918085733,79.95129415645066,78.71273777187086,79.33696746826172,105800,0.0,0.0
2025-09-04 00:00:00-04:00,79.93147954395671,81.87353520631831,79.42615394068454,81.8140869140625,95000,0.0,0.0
2025-09-05 00:00:00-04:00,82.11133572582547,82.73556541409931,80.74396465691876,82.18069458007812,104400,0.0,0.0
2025-09-08 00:00:00-04:00,82.1311494966013,82.23023249440497,79.40632547948518,81.5168228149414,91800,0.0,0.0
2025-09-09 00:00:00-04:00,81.1403048021657,81.19975308923331,79.52523000726046,80.45661926269531,85700,0.0,0.0
2025-09-10 00:00:00-04:00,80.09001150919582,81.04122190116061,79.01989698340485,80.29808807373047,86300,0.0,0.0
2025-09-11 00:00:00-04:00,80.25846005008856,82.35905456542969,80.25846005008856,82.35905456542969,82900,0.0,0.0
2025-09-12 00:00:00-04:00,81.85371456733755,81.85371456733755,80.14945978057189,80.28817749023438,79200,0.0,0.0
2025-09-15 00:00:00-04:00,80.54579926201357,81.50692022063984,80.19900498816601,80.50616455078125,83500,0.0,0.0
2025-09-16 00:00:00-04:00,80.37735729580697,80.8826828543244,80.11973545293358,80.8727798461914,75000,0.0,0.0
2025-09-17 00:00:00-04:00,80.83314533418803,83.1418162389596,79.95129379709472,80.20890808105469,121400,0.0,0.0
2025-09-18 00:00:00-04:00,80.39717056686088,82.26986719545135,80.21881814701663,81.68527221679688,133900,0.0,0.0
2025-09-19 00:00:00-04:00,81.84380418805937,81.8636253235129,79.53513327835705,79.92156982421875,380100,0.0,0.0
2025-09-22 00:00:00-04:00,79.763030839827,80.64488237726744,79.5747678510875,80.22872924804688,117300,0.0,0.0
2025-09-23 00:00:00-04:00,80.36744672158346,81.52673367509709,80.36744672158346,80.91241455078125,122400,0.0,0.0
2025-09-24 00:00:00-04:00,80.70433059664384,81.0709460061054,80.13954919044794,80.31790161132812,73500,0.0,0.0
2025-09-25 00:00:00-04:00,80.13955748724851,80.13955748724851,78.63347610131848,78.95054626464844,82500,0.0,0.0
2025-09-26 00:00:00-04:00,79.03971072348463,79.89183811880547,79.01989714757987,79.83238983154297,142900,0.0,0.0
2025-09-29 00:00:00-04:00,79.90175642651518,80.33773073413437,78.67311049360076,79.57477569580078,139800,0.0,0.0
2025-09-30 00:00:00-04:00,79.6837613503204,80.32781217902931,79.36669121981652,80.31790161132812,71100,0.0,0.0
2025-10-01 00:00:00-04:00,79.66395525487208,80.87278760328566,79.66395525487208,80.58544158935547,75900,0.0,0.0
2025-10-02 00:00:00-04:00,80.2089077817327,81.33847059041332,79.70358222385593,81.0709457397461,84400,0.0,0.0
2025-10-03 00:00:00-04:00,81.42765776586663,83.29044399589353,81.42765776586663,82.05188751220703,115200,0.0,0.0
2025-10-06 00:00:00-04:00,82.24015015931569,83.69669378732776,81.84381057434898,82.92383575439453,76300,0.0,0.0
2025-10-07 00:00:00-04:00,82.95355296362148,83.14181595163626,81.03131105098099,81.04122161865234,76300,0.0,0.0
2025-10-08 00:00:00-04:00,81.31865700807106,81.93298369115676,80.6052473269517,81.11058044433594,71900,0.0,0.0
2025-10-09 00:00:00-04:00,81.42765136966439,81.42765136966439,78.96044916463514,78.97035217285156,67500,0.0,0.0
2025-10-10 00:00:00-04:00,79.04962219727157,80.33772387274342,76.81031011695595,77.4939956665039,90000,0.0,0.0
2025-10-13 00:00:00-04:00,78.31639876324049,79.26760916608774,77.43454721603162,78.00923919677734,65600,0.0,0.0
2025-10-14 00:00:00-04:00,77.02829675289186,79.47568538469675,76.94903488932985,78.76227569580078,64400,0.0,0.0
2025-10-15 00:00:00-04:00,78.95053851724289,80.44671674717495,78.05877640802683,79.22797393798828,101800,0.0,0.0
2025-10-16 00:00:00-04:00,79.07934586726371,79.7134861333587,78.21731545905087,78.74246215820312,70600,0.0,0.0
2025-10-17 00:00:00-04:00,78.58392325969173,79.2676088046876,78.53438553991775,78.84154510498047,78600,0.0,0.0
2025-10-20 00:00:00-04:00,79.59458910273166,80.45661950601183,79.52523024776028,79.9512939453125,52500,0.0,0.0
2025-10-21 00:00:00-04:00,80.78360758389019,81.15022302768233,80.47644799232448,80.66471099853516,42800,0.0,0.0
2025-10-22 00:00:00-04:00,80.79351085952447,81.23938813345562,79.51531976549411,79.65403747558594,60400,0.0,0.0
2025-10-23 00:00:00-04:00,79.77294129843901,81.03131125208927,79.7531201630471,80.4665298461914,56800,0.0,0.0
2025-10-24 00:00:00-04:00,82.24014331828782,82.24014331828782,80.68451681332382,80.9322280883789,47900,0.0,0.0
2025-10-27 00:00:00-04:00,81.46728531119496,82.07170142680796,80.91241447438887,80.95204162597656,51500,0.0,0.0
2025-10-28 00:00:00-04:00,80.45661932341491,81.16012599880423,80.11973561704657,80.4070816040039,61600,0.0,0.0
2025-10-29 00:00:00-04:00,80.59533702636263,81.9428869708207,79.60449192364631,80.44671630859375,76400,0.0,0.0
2025-10-30 00:00:00-04:00,80.36744724853504,82.03206733098769,79.10906972906314,79.35678100585938,73600,0.0,0.0
2025-10-31 00:00:00-04:00,79.06944264479098,80.55571030683932,78.52447481155396,79.26760864257812,92100,0.0,0.0
2025-11-03 00:00:00-05:00,79.51532778079779,79.92157794383772,77.40483021347407,78.89109802246094,119600,0.0,0.0
2025-11-04 00:00:00-05:00,76.5229728711463,78.64338084887862,71.37057364897784,74.6007308959961,153000,0.0,0.0
2025-11-05 00:00:00-05:00,74.66017935753146,76.05727462547651,73.91704550680709,74.17466735839844,132700,0.0,0.0
2025-11-06 00:00:00-05:00,73.91704565621292,74.61064178735334,72.99555937707021,73.77832794189453,110000,0.0,0.0
2025-11-07 00:00:00-05:00,73.84768677504569,74.67009005220054,73.0351940659242,73.89723205566406,99800,0.0,0.0
2025-11-10 00:00:00-05:00,74.61064201992193,74.61064201992193,73.09464260663378,73.25318145751953,91600,0.0,0.0
2025-11-11 00:00:00-05:00,73.14418058701563,73.98639735952749,72.00470727853595,72.22269439697266,195500,0.0,0.0
2025-11-12 00:00:00-05:00,72.13352912508319,74.59082083584502,72.13352912508319,73.31262969970703,158600,0.0,0.0
2025-11-13 00:00:00-05:00,73.20362867942401,73.87740360758536,72.50012960965296,72.86674499511719,93800,0.0,0.0
2025-11-14 00:00:00-05:00,69.96357661885295,72.5298619277642,68.98264203741087,71.52911376953125,118500,0.0,0.0
2025-11-17 00:00:00-05:00,71.32103029427758,71.36065744402501,69.02227007198684,69.24024963378906,114400,0.0,0.0
2025-11-18 00:00:00-05:00,69.32942985326038,69.94374895053798,68.31876366169423,68.61602020263672,99300,0.0,0.0
2025-11-19 00:00:00-05:00,68.80429096834898,69.4186101351422,68.15032952809315,68.33859252929688,92600,0.0,0.0
2025-11-20 00:00:00-05:00,68.89346325411991,69.69604542035924,68.14041881050291,68.60611724853516,113700,0.0,0.0
2025-11-21 00:00:00-05:00,68.96282108318219,71.81645995971088,68.96282108318219,71.06341552734375,95800,0.0,0.0
2025-11-24 00:00:00-05:00,70.74634574671441,71.77682561750446,69.79513530280404,70.12210845947266,132600,0.0,0.0
2025-11-25 00:00:00-05:00,70.65716460853831,73.52070646219185,70.65716460853831,72.98565673828125,173300,0.0,0.0
2025-11-26 00:00:00-05:00,72.29206049495225,74.42237905749943,72.12361863547255,73.09464263916016,210100,0.0,0.0
2025-11-28 00:00:00-05:00,73.32350109884047,74.23892360551267,72.27872029590091,72.76628112792969,59200,0.31,0.0
2025-12-01 00:00:00-05:00,72.1095663181127,73.03494119809517,72.01006519378699,72.14936828613281,123500,0.0,0.0
2025-12-02 00:00:00-05:00,72.44787389193074,72.56727979967114,71.02498575501761,72.0399169921875,92300,0.0,0.0
2025-12-03 00:00:00-05:00,72.28867713298378,73.66181097746416,72.28867713298378,73.60211181640625,90500,0.0,0.0
2025-12-04 00:00:00-05:00,73.50260736642065,74.23892482154838,72.87573583780902,73.9006118774414,74600,0.0,0.0
2025-12-05 00:00:00-05:00,73.51255169077527,74.4279817979839,73.20409591928994,74.12947082519531,97300,0.0,0.0
2025-12-08 00:00:00-05:00,74.20907402681999,74.20907402681999,72.50757971829361,72.76628112792969,107500,0.0,0.0
2025-12-09 00:00:00-05:00,72.36828177442327,73.69166126983912,72.36828177442327,73.12449645996094,98300,0.0,0.0
2025-12-10 00:00:00-05:00,73.02499565387869,76.21902987028493,72.80608860497142,75.52251434326172,241500,0.0,0.0
2025-12-11 00:00:00-05:00,75.88072240689768,77.29365820361531,75.45286071167196,77.22400665283203,123400,0.0,0.0
2025-12-12 00:00:00-05:00,77.71156246399254,77.86081794639686,76.28867436910967,76.61703491210938,153700,0.0,0.0
2025-12-15 00:00:00-05:00,76.8956474472423,77.4130654834461,75.84092177633043,76.0001220703125,135700,0.0,0.0
2025-12-16 00:00:00-05:00,76.29863055249577,77.43296012884797,75.72151337394476,76.08967590332031,171100,0.0,0.0
2025-12-17 00:00:00-05:00,75.71156067544544,77.36330826427624,75.22399982935362,76.06977081298828,159400,0.0,0.0
2025-12-18 00:00:00-05:00,76.6568383003401,76.69664026914857,74.65683301854756,74.87574005126953,148400,0.0,0.0
2025-12-19 00:00:00-05:00,74.15932156767255,74.58718325327594,73.40309932513993,74.20907592773438,863900,0.0,0.0
2025-12-22 00:00:00-05:00,74.38818227753231,75.52251186514941,73.98021777405529,74.82598876953125,106400,0.0,0.0
2025-12-23 00:00:00-05:00,74.8259905092278,75.42301248833824,74.39812880630521,74.94539642333984,89300,0.0,0.0
2025-12-24 00:00:00-05:00,75.0150448942213,75.67176600768882,74.29862462187474,74.99514770507812,34100,0.0,0.0
2025-12-26 00:00:00-05:00,74.80609109719491,75.34340630756378,74.41803137717011,75.05484771728516,55200,0.0,0.0
2025-12-29 00:00:00-05:00,75.24390100928777,75.49265761559683,74.02996755586766,74.50757598876953,67000,0.0,0.0
2025-12-30 00:00:00-05:00,74.41802671326575,74.61702896028629,73.5822005745914,73.68170928955078,47800,0.0,0.0
2025-12-31 00:00:00-05:00,73.69166046618355,73.70161285683074,72.70658635270641,73.33345031738281,70200,0.0,0.0
2026-01-02 00:00:00-05:00,73.32350165482248,73.7016089735456,72.94538674464998,73.59215545654297,79600,0.0,0.0
2026-01-05 00:00:00-05:00,73.82101340794594,75.73146233514316,73.82101340794594,75.0647964477539,273600,0.0,0.0
2026-01-06 00:00:00-05:00,74.78618935997564,76.5971371404484,74.5075755855998,76.57723236083984,216200,0.0,0.0
2026-01-07 00:00:00-05:00,76.65684073244489,76.81604102128047,73.29365397164177,74.2488784790039,104700,0.0,0.0
2026-01-08 00:00:00-05:00,73.86081761683026,77.46280855085637,73.86081761683026,77.0647964477539,113300,0.0,0.0
2026-01-09 00:00:00-05:00,77.00509428328151,78.16927337646484,76.37823036959412,78.16927337646484,74500,0.0,0.0
2026-01-12 00:00:00-05:00,77.77127150152445,79.0449041515006,77.5225148873432,77.56230926513672,76600,0.0,0.0
2026-01-13 00:00:00-05:00,77.61206198507081,78.37822900032678,77.35335298618145,77.71156311035156,71100,0.0,0.0
2026-01-14 00:00:00-05:00,77.71156263904341,78.49763442945769,77.07474633136968,77.94042205810547,73900,0.0,0.0
2026-01-15 00:00:00-05:00,78.1792312011374,79.65187375006937,78.1792312011374,79.33346557617188,71100,0.0,0.0
2026-01-16 00:00:00-05:00,79.12449917211035,80.09962842359177,78.63693834209428,79.572265625,130900,0.0,0.0
2026-01-20 00:00:00-05:00,78.05982165952346,78.05982165952346,76.49763044281329,76.71653747558594,81200,0.0,0.0
2026-01-21 00:00:00-05:00,77.04489692086543,79.46281145388944,77.04489692086543,79.26380920410156,161500,0.0,0.0
2026-01-22 00:00:00-05:00,79.71157334390736,80.02998151953672,78.09962768459327,78.83595275878906,77700,0.0,0.0
2026-01-23 00:00:00-05:00,78.288681575745,79.16430212090452,76.80609428732681,77.27375793457031,112900,0.0,0.0
2026-01-26 00:00:00-05:00,77.45285672620624,77.8906708019609,75.96031702226028,76.04987335205078,125600,0.0,0.0
2026-01-27 00:00:00-05:00,76.02002606811222,76.04987564846056,74.61703506014241,75.15435028076172,59600,0.0,0.0
2026-01-28 00:00:00-05:00,75.46280208021139,75.67176431451146,74.32847253819344,75.14439392089844,98400,0.0,0.0
2026-01-29 00:00:00-05:00,75.5026085989446,76.35833200206191,74.91554660386052,76.2488784790039,130800,0.0,0.0
2026-01-30 00:00:00-05:00,75.33345577142943,75.90062057553752,74.74639377746219,75.71156311035156,95300,0.0,0.0
2026-02-02 00:00:00-05:00,75.94042228223735,78.66679277043322,75.94042228223735,77.8011245727539,101500,0.0,0.0
2026-02-03 00:00:00-05:00,77.60211228986016,79.45286213185706,77.14440102451515,78.15933227539062,76800,0.0,0.0
2026-02-04 00:00:00-05:00,77.80112533301363,80.99515952270517,77.80112533301363,80.75635528564453,105100,0.0,0.0
2026-02-05 00:00:00-05:00,81.1842047157844,81.59216920570864,80.20908304234247,80.43793487548828,102400,0.0,0.0
2026-02-06 00:00:00-05:00,81.45287100012789,82.0996397521746,80.70660111502394,81.56232452392578,91400,0.0,0.0
2026-02-09 00:00:00-05:00,81.12450747763556,81.85088014628444,80.72649536843547,81.09465789794922,87100,0.0,0.0
2026-02-10 00:00:00-05:00,80.8060955510962,81.72151804567474,80.10958008597106,80.83594512939453,50500,0.0,0.0
2026-02-11 00:00:00-05:00,81.54241879903897,82.39814219804052,81.03496074888322,81.23396301269531,113600,0.0,0.0
2026-02-12 00:00:00-05:00,82.10957931384175,82.82599957247433,80.56729287120986,81.20410919189453,80800,0.0,0.0
2026-02-13 00:00:00-05:00,81.50262172425596,83.10460735530225,81.06480764860757,82.62699890136719,105300,0.0,0.0
2026-02-17 00:00:00-05:00,83.08471357419157,83.4329713343563,82.1493862256493,82.59715270996094,123200,0.0,0.0
2026-02-18 00:00:00-05:00,82.26878882793467,85.48272766567383,81.14441164996593,82.8956527709961,142600,0.0,0.0
2026-02-19 00:00:00-05:00,82.42799284349685,83.651878796959,82.42799284349685,83.15436553955078,109500,0.0,0.0
2026-02-20 00:00:00-05:00,83.18421225190197,84.69665675348085,82.42799000111252,82.95536041259766,177700,0.0,0.0
2026-02-23 00:00:00-05:00,82.88570483795105,82.95535638454633,80.94539874031231,81.89067840576172,116400,0.0,0.0
2026-02-24 00:00:00-05:00,67.60210196186965,67.61204676089677,60.099601338269146,62.70656967163086,1213900,0.0,0.0
2026-02-25 00:00:00-05:00,62.786169446919715,64.29861394959137,62.14935310625257,62.41801071166992,509300,0.0,0.0
2026-02-26 00:00:00-05:00,63.54238971181135,65.20408206155952,61.562285405958924,62.02000045776367,546300,0.0,0.0
2026-02-27 00:00:00-05:00,61.58000183105469,62.13999938964844,60.31999969482422,61.029998779296875,435800,0.31,0.0
2026-03-02 00:00:00-05:00,60.45000076293945,61.61000061035156,60.18000030517578,60.90999984741211,264400,0.0,0.0
2026-03-03 00:00:00-05:00,61.939998626708984,62.439998626708984,60.880001068115234,61.9900016784668,328400,0.0,0.0
2026-03-04 00:00:00-05:00,62.47999954223633,62.90999984741211,60.7400016784668,62.84000015258789,354900,0.0,0.0
2026-03-05 00:00:00-05:00,62.81999969482422,63.95000076293945,61.560001373291016,62.04999923706055,270000,0.0,0.0
2026-03-06 00:00:00-05:00,61.68000030517578,61.97999954223633,60.970001220703125,61.45000076293945,298000,0.0,0.0
2026-03-09 00:00:00-04:00,60.29999923706055,62.0,60.220001220703125,61.84000015258789,354500,0.0,0.0
2026-03-10 00:00:00-04:00,62.0,64.62000274658203,62.0,63.130001068115234,383400,0.0,0.0
2026-03-11 00:00:00-04:00,63.0,64.75,63.0,63.84000015258789,342800,0.0,0.0
2026-03-12 00:00:00-04:00,62.900001525878906,64.20999908447266,62.2599983215332,63.279998779296875,443500,0.0,0.0
2026-03-13 00:00:00-04:00,63.83000183105469,64.26000213623047,62.63999938964844,63.709999084472656,337800,0.0,0.0
2026-03-16 00:00:00-04:00,64.41999816894531,64.94000244140625,61.790000915527344,62.0099983215332,336200,0.0,0.0
2026-03-17 00:00:00-04:00,62.5099983215332,64.88999938964844,62.5099983215332,64.19000244140625,384500,0.0,0.0
2026-03-18 00:00:00-04:00,63.68000030517578,65.29000091552734,63.68000030517578,63.970001220703125,391800,0.0,0.0
2026-03-19 00:00:00-04:00,63.2599983215332,65.5999984741211,63.2599983215332,64.83000183105469,398800,0.0,0.0
2026-03-20 00:00:00-04:00,65.26000213623047,65.5,64.2699966430664,65.16000366210938,903800,0.0,0.0
2026-03-23 00:00:00-04:00,66.36000061035156,66.44999694824219,64.51000213623047,65.98999786376953,557400,0.0,0.0
2026-03-24 00:00:00-04:00,65.25,68.01000213623047,65.25,67.44000244140625,233500,0.0,0.0
2026-03-25 00:00:00-04:00,68.20999908447266,68.27999877929688,67.13999938964844,68.19000244140625,197100,0.0,0.0
2026-03-26 00:00:00-04:00,68.4000015258789,68.77999877929688,67.13999938964844,67.7300033569336,247500,0.0,0.0
2026-03-27 00:00:00-04:00,67.18000030517578,67.58000183105469,66.44999694824219,66.5,199800,0.0,0.0
2026-03-30 00:00:00-04:00,66.94999694824219,67.05000305175781,63.93000030517578,64.33000183105469,234400,0.0,0.0
2026-03-31 00:00:00-04:00,65.11000061035156,67.08000183105469,63.88999938964844,66.4000015258789,129324,0.0,0.0
