Date,Open,High,Low,Close,Volume,Dividends,Stock Splits
2022-01-03 00:00:00-05:00,46.44681930541992,46.57754135131836,44.42662048339844,44.86036682128906,2015561,0.0,0.0
2022-01-04 00:00:00-05:00,44.83660125732422,45.4842529296875,43.86809158325195,45.23469924926758,2174268,0.0,0.0
2022-01-05 00:00:00-05:00,45.15745544433594,45.609031677246094,43.030303955078125,43.23826599121094,2716867,0.0,0.0
2022-01-06 00:00:00-05:00,42.715389251708984,43.826499938964844,42.531192779541016,43.267974853515625,2403492,0.0,0.0
2022-01-07 00:00:00-05:00,42.875816345214844,43.43434143066406,41.96672439575195,42.42424011230469,2965278,0.0,0.0
2022-01-10 00:00:00-05:00,42.40641784667969,42.40641784667969,40.42186737060547,41.88948440551758,3810985,0.0,0.0
2022-01-11 00:00:00-05:00,41.764705657958984,42.121212005615234,41.14676284790039,41.99643325805664,2339202,0.0,0.0
2022-01-12 00:00:00-05:00,42.34700012207031,43.107547760009766,41.919193267822266,41.94295883178711,2044508,0.0,0.0
2022-01-13 00:00:00-05:00,41.925132751464844,42.5609016418457,41.78253173828125,42.00831985473633,1423481,0.0,0.0
2022-01-14 00:00:00-05:00,41.50326919555664,41.877601623535156,41.03981018066406,41.83600616455078,1554251,0.0,0.0
2022-01-18 00:00:00-05:00,41.31907272338867,43.125370025634766,41.15270233154297,42.50742721557617,2709293,0.0,0.0
2022-01-19 00:00:00-05:00,42.596553802490234,43.23826599121094,41.71717071533203,41.75876235961914,1812254,0.0,0.0
2022-01-20 00:00:00-05:00,42.05585479736328,42.46583557128906,40.59417724609375,40.68330383300781,1926698,0.0,0.0
2022-01-21 00:00:00-05:00,40.31491470336914,40.79025650024414,39.423648834228516,39.584075927734375,1989138,0.0,0.0
2022-01-24 00:00:00-05:00,38.68092727661133,40.48128128051758,38.00356674194336,40.27926254272461,2811115,0.0,0.0
2022-01-25 00:00:00-05:00,39.32857894897461,39.92275619506836,37.85502243041992,39.185977935791016,2865308,0.0,0.0
2022-01-26 00:00:00-05:00,40.231727600097656,40.90909194946289,38.2650032043457,38.84729766845703,2373872,0.0,0.0
2022-01-27 00:00:00-05:00,39.33452224731445,39.6910285949707,37.112300872802734,37.272727966308594,2888870,0.0,0.0
2022-01-28 00:00:00-05:00,37.29055404663086,38.05704116821289,36.61913299560547,38.03327560424805,2301503,0.0,0.0
2022-01-31 00:00:00-05:00,38.02138900756836,39.32263946533203,37.89661407470703,39.31669616699219,1849449,0.0,0.0
2022-02-01 00:00:00-05:00,40.20796203613281,40.68330383300781,39.506832122802734,40.0713005065918,1812759,0.0,0.0
2022-02-02 00:00:00-05:00,40.219844818115234,40.493167877197266,39.32263946533203,39.79798126220703,1937975,0.0,0.0
2022-02-03 00:00:00-05:00,39.29887008666992,39.780155181884766,38.912654876708984,38.93048095703125,2645339,0.0,0.0
2022-02-04 00:00:00-05:00,38.62150955200195,38.68687057495117,37.01723098754883,37.81342697143555,2982108,0.0,0.0
2022-02-07 00:00:00-05:00,37.997623443603516,38.20558547973633,37.47474670410156,37.77777862548828,2664357,0.0,0.0
2022-02-08 00:00:00-05:00,37.79560470581055,38.787879943847656,37.53416442871094,38.22935104370117,3148220,0.0,0.0
2022-02-09 00:00:00-05:00,40.77837371826172,41.65181350708008,40.4040412902832,41.402259826660156,6519269,0.0,0.0
2022-02-10 00:00:00-05:00,40.99227523803711,42.715389251708984,40.612003326416016,40.84373092651367,3976088,0.0,0.0
2022-02-11 00:00:00-05:00,40.7843132019043,41.1170539855957,39.20974349975586,39.637550354003906,2525342,0.0,0.0
2022-02-14 00:00:00-05:00,39.63161087036133,40.612003326416016,39.37611389160156,39.43553161621094,2743963,0.0,0.0
2022-02-15 00:00:00-05:00,41.21806335449219,41.71123123168945,40.44563293457031,41.366607666015625,2212135,0.0,0.0
2022-02-16 00:00:00-05:00,41.105167388916016,42.84016418457031,41.03386688232422,42.43018341064453,3686275,0.0,0.0
2022-02-17 00:00:00-05:00,42.3054084777832,43.13725662231445,41.8300666809082,42.162803649902344,5339822,0.0,0.0
2022-02-18 00:00:00-05:00,42.376708984375,43.49970245361328,42.240047454833984,42.471778869628906,2918827,0.0,0.0
2022-02-22 00:00:00-05:00,42.10932922363281,42.41830062866211,40.48722457885742,40.79025650024414,2380772,0.0,0.0
2022-02-23 00:00:00-05:00,41.11111068725586,41.55080032348633,39.96434783935547,39.994056701660156,1682663,0.0,0.0
2022-02-24 00:00:00-05:00,38.68092727661133,41.402259826660156,38.44325637817383,41.23588943481445,2075644,0.0,0.0
2022-02-25 00:00:00-05:00,41.50920867919922,42.69162368774414,40.88532257080078,42.6322021484375,2167872,0.0,0.0
2022-02-28 00:00:00-05:00,41.94295883178711,43.642303466796875,41.75876235961914,43.18478775024414,1826392,0.0,0.0
2022-03-01 00:00:00-05:00,42.82828140258789,43.13725662231445,41.71123123168945,42.09150314331055,1357171,0.0,0.0
2022-03-02 00:00:00-05:00,42.54901885986328,43.93345260620117,42.53713607788086,43.33333206176758,1428194,0.0,0.0
2022-03-03 00:00:00-05:00,43.96316146850586,44.18894958496094,42.34105682373047,42.66191482543945,2398107,0.0,0.0
2022-03-04 00:00:00-05:00,42.038028717041016,42.1390380859375,39.44741439819336,39.65537643432617,2846290,0.0,0.0
2022-03-07 00:00:00-05:00,39.41770553588867,39.53654098510742,35.79916763305664,35.822933197021484,3515282,0.0,0.0
2022-03-08 00:00:00-05:00,35.84075927734375,37.88473129272461,35.187164306640625,36.797386169433594,3898838,0.0,0.0
2022-03-09 00:00:00-05:00,42.18657302856445,42.89958572387695,41.426025390625,41.61616134643555,8425940,0.0,0.0
2022-03-10 00:00:00-05:00,40.99821853637695,43.38086700439453,40.80213928222656,43.01247787475586,3082078,0.0,0.0
2022-03-11 00:00:00-05:00,43.9691047668457,44.72370910644531,41.800357818603516,41.877601623535156,3949160,0.0,0.0
2022-03-14 00:00:00-04:00,42.043968200683594,42.281639099121094,40.70112991333008,41.02792739868164,2838211,0.0,0.0
2022-03-15 00:00:00-04:00,40.99821853637695,42.59061050415039,40.99821853637695,42.16874694824219,3098066,0.0,0.0
2022-03-16 00:00:00-04:00,42.74509811401367,44.84254455566406,42.74509811401367,44.75935745239258,3953199,0.0,0.0
2022-03-17 00:00:00-04:00,44.50386047363281,45.67439270019531,44.38502883911133,45.63874053955078,2201196,0.0,0.0
2022-03-18 00:00:00-04:00,45.07427215576172,45.68033218383789,44.07011413574219,45.59714889526367,2633727,0.0,0.0
2022-03-21 00:00:00-04:00,45.56149673461914,45.95365524291992,45.03862380981445,45.7754020690918,1573773,0.0,0.0
2022-03-22 00:00:00-04:00,45.82887649536133,46.83303451538086,45.81105041503906,46.54188919067383,1721036,0.0,0.0
2022-03-23 00:00:00-04:00,46.23885726928711,46.23885726928711,44.61081314086914,44.72370910644531,1249291,0.0,0.0
2022-03-24 00:00:00-04:00,45.08615493774414,45.579322814941406,44.75341796875,45.252525329589844,871626,0.0,0.0
2022-03-25 00:00:00-04:00,45.75163269042969,45.923946380615234,44.670230865478516,45.75757598876953,2585256,0.0,0.0
2022-03-28 00:00:00-04:00,46.14379119873047,46.4349365234375,45.59714889526367,46.10813903808594,2796641,0.0,0.0
2022-03-29 00:00:00-04:00,46.417110443115234,47.3143196105957,46.31610107421875,46.52406311035156,1734836,0.0,0.0
2022-03-30 00:00:00-04:00,46.07843017578125,46.29827880859375,44.985145568847656,45.305999755859375,1944202,0.0,0.0
2022-03-31 00:00:00-04:00,45.12774658203125,45.222816467285156,43.1610221862793,43.25608825683594,3002304,0.0,0.0
2022-04-01 00:00:00-04:00,43.469993591308594,43.61259841918945,41.105167388916016,41.538917541503906,4027251,0.0,0.0
2022-04-04 00:00:00-04:00,41.41414260864258,41.57456970214844,40.695186614990234,40.825904846191406,2361417,0.0,0.0
2022-04-05 00:00:00-04:00,40.48722457885742,40.90909194946289,38.223411560058594,38.556148529052734,3557357,0.0,0.0
2022-04-06 00:00:00-04:00,38.09269332885742,38.65121841430664,36.714202880859375,37.641117095947266,4559920,0.0,0.0
2022-04-07 00:00:00-04:00,37.45098114013672,37.6767692565918,35.92988586425781,36.47058868408203,3639151,0.0,0.0
2022-04-08 00:00:00-04:00,36.2507438659668,37.14794921875,35.40700912475586,36.18538284301758,3344121,0.0,0.0
2022-04-11 00:00:00-04:00,35.805110931396484,36.951873779296875,35.20499038696289,35.27035140991211,2057636,0.0,0.0
2022-04-12 00:00:00-04:00,35.45454406738281,36.22697448730469,34.28995895385742,34.551395416259766,2661665,0.0,0.0
2022-04-13 00:00:00-04:00,34.771240234375,35.74569320678711,34.61081314086914,35.644683837890625,2999106,0.0,0.0
2022-04-14 00:00:00-04:00,35.050506591796875,35.19905090332031,33.69578170776367,33.73737335205078,7990547,0.0,0.0
2022-04-18 00:00:00-04:00,33.600711822509766,33.77896499633789,32.53713607788086,32.69162368774414,4846872,0.0,0.0
2022-04-19 00:00:00-04:00,33.14319610595703,33.8740348815918,32.6322021484375,33.481876373291016,3362129,0.0,0.0
2022-04-20 00:00:00-04:00,33.796791076660156,34.83066177368164,33.51752853393555,33.980987548828125,3402353,0.0,0.0
2022-04-21 00:00:00-04:00,34.64052200317383,34.89007568359375,33.0897216796875,33.18478775024414,2820876,0.0,0.0
2022-04-22 00:00:00-04:00,32.93523406982422,34.10576248168945,32.80451583862305,33.113487243652344,3245666,0.0,0.0
2022-04-25 00:00:00-04:00,32.6856803894043,33.99881362915039,32.45989227294922,33.9869270324707,2801858,0.0,0.0
2022-04-26 00:00:00-04:00,33.67201232910156,34.07011413574219,32.281639099121094,32.317291259765625,1872506,0.0,0.0
2022-04-27 00:00:00-04:00,32.19251251220703,32.36482620239258,30.778371810913086,31.31313133239746,3265693,0.0,0.0
2022-04-28 00:00:00-04:00,31.729055404663086,33.48781967163086,31.265596389770508,33.30362319946289,3590849,0.0,0.0
2022-04-29 00:00:00-04:00,32.964942932128906,33.68983840942383,31.806297302246094,31.960784912109375,2329609,0.0,0.0
2022-05-02 00:00:00-04:00,32.038028717041016,32.6322021484375,31.55080223083496,32.5430793762207,2250003,0.0,0.0
2022-05-03 00:00:00-04:00,32.66785430908203,33.17290496826172,32.12715530395508,32.9233512878418,1991999,0.0,0.0
2022-05-04 00:00:00-04:00,33.17884826660156,34.08199691772461,32.263816833496094,33.9869270324707,2487811,0.0,0.0
2022-05-05 00:00:00-04:00,33.309566497802734,33.642303466796875,31.94295883178711,32.43018341064453,2265655,0.0,0.0
2022-05-06 00:00:00-04:00,32.251930236816406,32.58467102050781,31.093286514282227,31.877599716186523,2946428,0.0,0.0
2022-05-09 00:00:00-04:00,31.134878158569336,31.66963768005371,30.029708862304688,30.225786209106445,4800253,0.0,0.0
2022-05-10 00:00:00-04:00,32.06179428100586,32.513370513916016,29.904932022094727,31.4616756439209,6347771,0.0,0.0
2022-05-11 00:00:00-04:00,31.491384506225586,33.582889556884766,30.505050659179688,30.63576889038086,4425617,0.0,0.0
2022-05-12 00:00:00-04:00,30.196077346801758,31.11705207824707,29.185977935791016,30.332738876342773,3361624,0.0,0.0
2022-05-13 00:00:00-04:00,30.695186614990234,32.34700012207031,30.695186614990234,31.408199310302734,2774594,0.0,0.0
2022-05-16 00:00:00-04:00,31.265596389770508,31.449792861938477,30.11883544921875,30.249553680419922,1966081,0.0,0.0
2022-05-17 00:00:00-04:00,30.980392456054688,31.859773635864258,30.79619789123535,31.610219955444336,1874525,0.0,0.0
2022-05-18 00:00:00-04:00,31.11705207824707,31.43196678161621,28.46108055114746,28.597742080688477,3889245,0.0,0.0
2022-05-19 00:00:00-04:00,28.110517501831055,29.88116455078125,28.110517501831055,29.275104522705078,3143339,0.0,0.0
2022-05-20 00:00:00-04:00,29.827688217163086,29.827688217163086,28.235294342041016,29.4890079498291,1726926,0.0,0.0
2022-05-23 00:00:00-04:00,29.893047332763672,30.07724380493164,28.799762725830078,29.35828971862793,2031213,0.0,0.0
2022-05-24 00:00:00-04:00,28.900772094726562,28.954248428344727,27.57575798034668,28.318479537963867,2264308,0.0,0.0
2022-05-25 00:00:00-04:00,28.033273696899414,29.63755226135254,28.033273696899414,29.453357696533203,1748974,0.0,0.0
2022-05-26 00:00:00-04:00,29.898990631103516,31.277481079101562,29.750446319580078,31.10516929626465,2646181,0.0,0.0
2022-05-27 00:00:00-04:00,31.55080223083496,32.10932922363281,31.53891944885254,31.972667694091797,2034747,0.0,0.0
2022-05-31 00:00:00-04:00,31.776588439941406,32.038028717041016,30.79619789123535,31.752822875976562,2214155,0.0,0.0
2022-06-01 00:00:00-04:00,31.954843521118164,32.240047454833984,30.505050659179688,30.51693344116211,2315976,0.0,0.0
2022-06-02 00:00:00-04:00,30.7130126953125,33.36898422241211,30.7130126953125,33.048126220703125,3925261,0.0,0.0
2022-06-03 00:00:00-04:00,32.58467102050781,33.915626525878906,32.09150314331055,32.834224700927734,2154240,0.0,0.0
2022-06-06 00:00:00-04:00,33.2739143371582,33.784908294677734,32.846107482910156,33.57100296020508,2212135,0.0,0.0
2022-06-07 00:00:00-04:00,32.94711685180664,33.59477233886719,32.358882904052734,33.01841735839844,1707572,0.0,0.0
2022-06-08 00:00:00-04:00,32.43018341064453,32.73915481567383,31.479501724243164,31.687463760375977,2056794,0.0,0.0
2022-06-09 00:00:00-04:00,31.455734252929688,32.133094787597656,31.021984100341797,31.03386878967285,1716828,0.0,0.0
2022-06-10 00:00:00-04:00,30.350563049316406,30.71895408630371,29.35828971862793,29.39988136291504,1835648,0.0,0.0
2022-06-13 00:00:00-04:00,28.502674102783203,28.716577529907227,27.017230987548828,27.33808708190918,3294809,0.0,0.0
2022-06-14 00:00:00-04:00,27.93226432800293,28.68686866760254,27.712417602539062,28.318479537963867,3285721,0.0,0.0
2022-06-15 00:00:00-04:00,28.60962677001953,29.60784339904785,28.5383243560791,29.025550842285156,2506155,0.0,0.0
2022-06-16 00:00:00-04:00,28.021390914916992,28.18181800842285,27.266786575317383,27.486631393432617,2917312,0.0,0.0
2022-06-17 00:00:00-04:00,27.795602798461914,28.140226364135742,27.290552139282227,27.480688095092773,3933508,0.0,0.0
2022-06-21 00:00:00-04:00,27.985740661621094,28.223411560058594,27.427213668823242,27.641117095947266,1477001,0.0,0.0
2022-06-22 00:00:00-04:00,27.118240356445312,27.599525451660156,26.886512756347656,27.153892517089844,2216511,0.0,0.0
2022-06-23 00:00:00-04:00,27.159833908081055,27.908496856689453,26.886512756347656,27.783720016479492,1700672,0.0,0.0
2022-06-24 00:00:00-04:00,28.265003204345703,29.833629608154297,28.265003204345703,29.815805435180664,4643229,0.0,0.0
2022-06-27 00:00:00-04:00,30.32085609436035,31.122995376586914,29.732620239257812,29.910873413085938,2972515,0.0,0.0
2022-06-28 00:00:00-04:00,30.87343978881836,31.06951904296875,28.69875144958496,28.7759952545166,1862576,0.0,0.0
2022-06-29 00:00:00-04:00,28.716577529907227,28.859180450439453,27.878787994384766,28.734403610229492,1496187,0.0,0.0
2022-06-30 00:00:00-04:00,28.01544952392578,28.912656784057617,27.33214569091797,28.61556625366211,1958171,0.0,0.0
2022-07-01 00:00:00-04:00,28.265003204345703,28.88888931274414,27.724302291870117,28.60962677001953,1910373,0.0,0.0
2022-07-05 00:00:00-04:00,28.074865341186523,28.472965240478516,27.427213668823242,28.425430297851562,2238390,0.0,0.0
2022-07-06 00:00:00-04:00,28.21152687072754,28.669042587280273,27.563873291015625,28.045156478881836,2383801,0.0,0.0
2022-07-07 00:00:00-04:00,28.556150436401367,29.28104591369629,28.45513916015625,28.793821334838867,1630995,0.0,0.0
2022-07-08 00:00:00-04:00,30.445632934570312,30.475341796875,29.17409324645996,29.465240478515625,2954338,0.0,0.0
2022-07-11 00:00:00-04:00,29.221628189086914,29.423648834228516,28.5383243560791,28.550207138061523,1399919,0.0,0.0
2022-07-12 00:00:00-04:00,28.603683471679688,29.910873413085938,28.467023849487305,29.16221046447754,1868298,0.0,0.0
2022-07-13 00:00:00-04:00,28.407604217529297,28.734403610229492,27.93226432800293,28.383838653564453,2087088,0.0,0.0
2022-07-14 00:00:00-04:00,27.872846603393555,27.97385597229004,26.791444778442383,27.801544189453125,2411402,0.0,0.0
2022-07-15 00:00:00-04:00,28.223411560058594,28.80570411682129,28.1342830657959,28.52644157409668,1361547,0.0,0.0
2022-07-18 00:00:00-04:00,28.978015899658203,29.84551429748535,28.61556625366211,28.722518920898438,1655735,0.0,0.0
2022-07-19 00:00:00-04:00,29.40582275390625,30.843730926513672,29.36423110961914,30.784313201904297,1594306,0.0,0.0
2022-07-20 00:00:00-04:00,30.784313201904297,32.370765686035156,30.683303833007812,32.263816833496094,3420866,0.0,0.0
2022-07-21 00:00:00-04:00,31.89542579650879,32.64408874511719,31.574569702148438,32.48366165161133,2045687,0.0,0.0
2022-07-22 00:00:00-04:00,32.38264846801758,32.52525329589844,31.532976150512695,32.20439529418945,1378377,0.0,0.0
2022-07-25 00:00:00-04:00,32.22816467285156,32.31134796142578,31.616161346435547,32.12715530395508,1372150,0.0,0.0
2022-07-26 00:00:00-04:00,31.723112106323242,31.806297302246094,31.11111068725586,31.38443374633789,1137203,0.0,0.0
2022-07-27 00:00:00-04:00,31.9370174407959,32.275699615478516,31.134878158569336,32.14497756958008,1339331,0.0,0.0
2022-07-28 00:00:00-04:00,32.49554443359375,34.0404052734375,32.48366165161133,33.939395904541016,2001929,0.0,0.0
2022-07-29 00:00:00-04:00,34.194889068603516,35.59120559692383,33.90968322753906,35.49613952636719,2605116,0.0,0.0
2022-08-01 00:00:00-04:00,35.228759765625,36.203208923339844,34.72964859008789,35.27035140991211,2830469,0.0,0.0
2022-08-02 00:00:00-04:00,35.02079772949219,35.305999755859375,34.34343338012695,35.08021545410156,2258586,0.0,0.0
2022-08-03 00:00:00-04:00,35.585262298583984,36.27450942993164,35.50802230834961,35.977420806884766,1931074,0.0,0.0
2022-08-04 00:00:00-04:00,35.97148132324219,36.636959075927734,35.97148132324219,36.39334487915039,2487642,0.0,0.0
2022-08-05 00:00:00-04:00,35.460487365722656,35.87641143798828,34.61081314086914,35.567440032958984,3630568,0.0,0.0
2022-08-08 00:00:00-04:00,36.096256256103516,36.357696533203125,34.37314224243164,34.390968322753906,2403324,0.0,0.0
2022-08-09 00:00:00-04:00,34.14735412597656,34.20083236694336,32.5609016418457,32.727272033691406,3137280,0.0,0.0
2022-08-10 00:00:00-04:00,33.707664489746094,34.456329345703125,33.11943054199219,33.95127868652344,2958209,0.0,0.0
2022-08-11 00:00:00-04:00,34.33155059814453,35.07427215576172,34.0404052734375,34.23054122924805,2081703,0.0,0.0
2022-08-12 00:00:00-04:00,34.64646530151367,35.763519287109375,33.89780044555664,35.721923828125,5732635,0.0,0.0
2022-08-15 00:00:00-04:00,35.288177490234375,36.27450942993164,34.88413619995117,35.935829162597656,3172960,0.0,0.0
2022-08-16 00:00:00-04:00,35.74569320678711,36.64289855957031,35.35353469848633,36.292335510253906,1872169,0.0,0.0
2022-08-17 00:00:00-04:00,35.59714889526367,35.71004104614258,34.28401565551758,34.64052200317383,1866447,0.0,0.0
2022-08-18 00:00:00-04:00,34.43850326538086,34.88413619995117,34.414737701416016,34.72370910644531,1234312,0.0,0.0
2022-08-19 00:00:00-04:00,34.2067756652832,34.45038604736328,33.00059509277344,33.2739143371582,2490672,0.0,0.0
2022-08-22 00:00:00-04:00,32.5430793762207,32.5430793762207,31.06951904296875,31.36066436767578,2919332,0.0,0.0
2022-08-23 00:00:00-04:00,31.515151977539062,32.21628189086914,31.122995376586914,31.420082092285156,3362129,0.0,0.0
2022-08-24 00:00:00-04:00,31.325014114379883,32.56684494018555,31.265596389770508,32.38859176635742,1529174,0.0,0.0
2022-08-25 00:00:00-04:00,32.638145446777344,33.84432601928711,32.638145446777344,33.838382720947266,1734163,0.0,0.0
2022-08-26 00:00:00-04:00,33.61853790283203,33.8740348815918,31.66963768005371,31.8657169342041,1664655,0.0,0.0
2022-08-29 00:00:00-04:00,31.491384506225586,32.079620361328125,31.277481079101562,31.71122932434082,1490297,0.0,0.0
2022-08-30 00:00:00-04:00,32.0855598449707,32.11526870727539,30.920974731445312,31.610219955444336,1368616,0.0,0.0
2022-08-31 00:00:00-04:00,31.996435165405273,32.0677375793457,31.027925491333008,31.14676284790039,1525471,0.0,0.0
2022-09-01 00:00:00-04:00,30.83184814453125,31.485443115234375,30.380273818969727,31.449792861938477,2150033,0.0,0.0
2022-09-02 00:00:00-04:00,31.98455047607422,32.19251251220703,30.9150333404541,31.19429588317871,2128995,0.0,0.0
2022-09-06 00:00:00-04:00,31.55080223083496,32.400474548339844,30.974449157714844,31.414140701293945,2111997,0.0,0.0
2022-09-07 00:00:00-04:00,31.140819549560547,31.6993465423584,30.433748245239258,31.616161346435547,1995533,0.0,0.0
2022-09-08 00:00:00-04:00,31.128936767578125,31.455734252929688,30.653594970703125,31.010101318359375,2270199,0.0,0.0
2022-09-09 00:00:00-04:00,31.479501724243164,32.12715530395508,31.420082092285156,32.00831985473633,1844400,0.0,0.0
2022-09-12 00:00:00-04:00,32.14497756958008,32.82828140258789,32.02614212036133,32.59061050415039,1569566,0.0,0.0
2022-09-13 00:00:00-04:00,31.122995376586914,31.78847312927246,30.83184814453125,30.980392456054688,2491008,0.0,0.0
2022-09-14 00:00:00-04:00,30.968509674072266,31.093286514282227,30.04159164428711,30.409982681274414,1946390,0.0,0.0
2022-09-15 00:00:00-04:00,30.308971405029297,30.99227523803711,29.215686798095703,29.39988136291504,2130510,0.0,0.0
2022-09-16 00:00:00-04:00,27.22519302368164,28.158050537109375,26.797386169433594,28.027332305908203,9534532,0.0,0.0
2022-09-19 00:00:00-04:00,27.6589412689209,28.912656784057617,27.492572784423828,28.229352951049805,2056121,0.0,0.0
2022-09-20 00:00:00-04:00,27.884729385375977,28.140226364135742,27.248960494995117,27.599525451660156,2048884,0.0,0.0
2022-09-21 00:00:00-04:00,27.73618507385254,28.407604217529297,27.284610748291016,27.30243682861328,1991157,0.0,0.0
2022-09-22 00:00:00-04:00,27.23113441467285,27.34402847290039,25.99524688720703,26.203208923339844,2119234,0.0,0.0
2022-09-23 00:00:00-04:00,25.698158264160156,25.75163459777832,24.759357452392578,25.51990509033203,3049764,0.0,0.0
2022-09-26 00:00:00-04:00,25.418895721435547,25.894235610961914,24.84254264831543,25.151514053344727,2081198,0.0,0.0
2022-09-27 00:00:00-04:00,25.454544067382812,26.292335510253906,25.35947608947754,25.977420806884766,4043408,0.0,0.0
2022-09-28 00:00:00-04:00,26.14973258972168,27.480688095092773,26.007129669189453,27.308378219604492,1961032,0.0,0.0
2022-09-29 00:00:00-04:00,26.73796844482422,26.97563934326172,26.411170959472656,26.732025146484375,2368654,0.0,0.0
2022-09-30 00:00:00-04:00,26.62507438659668,27.14794921875,26.185382843017578,26.452762603759766,2976554,0.0,0.0
2022-10-03 00:00:00-04:00,26.86274528503418,28.152109146118164,26.50029754638672,27.771835327148438,2331628,0.0,0.0
2022-10-04 00:00:00-04:00,28.508615493774414,29.221628189086914,28.37195587158203,29.16221046447754,2259932,0.0,0.0
2022-10-05 00:00:00-04:00,28.467023849487305,29.5603084564209,28.407604217529297,29.28104591369629,2177129,0.0,0.0
2022-10-06 00:00:00-04:00,29.275104522705078,30.249553680419922,29.221628189086914,29.84551429748535,2261784,0.0,0.0
2022-10-07 00:00:00-04:00,29.138442993164062,29.53059959411621,28.68686866760254,28.96613121032715,3393433,0.0,0.0
2022-10-10 00:00:00-04:00,29.16221046447754,29.631610870361328,28.556150436401367,29.393938064575195,2036093,0.0,0.0
2022-10-11 00:00:00-04:00,29.23351287841797,29.946523666381836,28.8116455078125,29.20380210876465,2473842,0.0,0.0
2022-10-12 00:00:00-04:00,29.114675521850586,29.5603084564209,28.669042587280273,29.067142486572266,2276594,0.0,0.0
2022-10-13 00:00:00-04:00,27.81342887878418,29.655376434326172,26.69637680053711,29.352346420288086,2645003,0.0,0.0
2022-10-14 00:00:00-04:00,29.87522315979004,29.87522315979004,27.670825958251953,27.81937026977539,2307561,0.0,0.0
2022-10-17 00:00:00-04:00,28.09269142150879,29.05525779724121,28.021390914916992,28.80570411682129,3447626,0.0,0.0
2022-10-18 00:00:00-04:00,29.41176414489746,29.99405860900879,27.670825958251953,28.116458892822266,3864336,0.0,0.0
2022-10-19 00:00:00-04:00,27.837194442749023,28.1342830657959,26.666667938232422,26.886512756347656,2496899,0.0,0.0
2022-10-20 00:00:00-04:00,26.666667938232422,27.771835327148438,26.452762603759766,26.672607421875,1754864,0.0,0.0
2022-10-21 00:00:00-04:00,26.535947799682617,27.21331024169922,26.1616153717041,27.18360137939453,1162953,0.0,0.0
2022-10-24 00:00:00-04:00,27.391563415527344,28.187759399414062,26.82115364074707,28.086750030517578,1325026,0.0,0.0
2022-10-25 00:00:00-04:00,28.377897262573242,29.191919326782227,28.377897262573242,28.740345001220703,3030578,0.0,0.0
2022-10-26 00:00:00-04:00,28.8116455078125,30.142602920532227,28.389780044555664,29.91681480407715,2458863,0.0,0.0
2022-10-27 00:00:00-04:00,30.249553680419922,30.522876739501953,29.114675521850586,29.36423110961914,2481415,0.0,0.0
2022-10-28 00:00:00-04:00,29.36423110961914,30.285205841064453,28.85323715209961,30.106952667236328,2909234,0.0,0.0
2022-10-31 00:00:00-04:00,29.910873413085938,31.616161346435547,29.857397079467773,30.742721557617188,4915538,0.0,0.0
2022-11-01 00:00:00-04:00,32.75,32.75,31.25,32.5,3730200,0.0,1.683
2022-11-02 00:00:00-04:00,32.18000030517578,33.47999954223633,31.65999984741211,31.899999618530273,4080100,0.0,0.0
2022-11-03 00:00:00-04:00,31.170000076293945,32.18000030517578,30.540000915527344,31.93000030517578,2906200,0.0,0.0
2022-11-04 00:00:00-04:00,32.77000045776367,33.86000061035156,32.61000061035156,33.619998931884766,2243200,0.0,0.0
2022-11-07 00:00:00-05:00,34.0,36.08000183105469,33.91999816894531,36.029998779296875,2440100,0.0,0.0
2022-11-08 00:00:00-05:00,36.209999084472656,36.2400016784668,34.54999923706055,35.43000030517578,2570100,0.0,0.0
2022-11-09 00:00:00-05:00,35.06999969482422,36.16999816894531,34.08000183105469,34.380001068115234,2113600,0.0,0.0
2022-11-10 00:00:00-05:00,36.349998474121094,38.279998779296875,36.34000015258789,38.20000076293945,2059100,0.0,0.0
2022-11-11 00:00:00-05:00,38.58000183105469,40.439998626708984,38.220001220703125,39.439998626708984,2487700,0.0,0.0
2022-11-14 00:00:00-05:00,39.0099983215332,39.959999084472656,38.209999084472656,38.91999816894531,1385600,0.0,0.0
2022-11-15 00:00:00-05:00,39.959999084472656,40.630001068115234,39.25,39.84000015258789,1746900,0.0,0.0
2022-11-16 00:00:00-05:00,39.029998779296875,39.22999954223633,37.61000061035156,37.7400016784668,1668400,0.0,0.0
2022-11-17 00:00:00-05:00,36.90999984741211,36.90999984741211,35.59000015258789,36.52000045776367,2041600,0.0,0.0
2022-11-18 00:00:00-05:00,37.20000076293945,37.529998779296875,36.619998931884766,37.150001525878906,1388200,0.0,0.0
2022-11-21 00:00:00-05:00,36.380001068115234,37.77000045776367,36.2599983215332,37.65999984741211,1177900,0.0,0.0
2022-11-22 00:00:00-05:00,37.65999984741211,38.16999816894531,37.20000076293945,37.33000183105469,1234600,0.0,0.0
2022-11-23 00:00:00-05:00,37.119998931884766,37.90999984741211,36.95000076293945,37.599998474121094,501800,0.0,0.0
2022-11-25 00:00:00-05:00,37.27000045776367,37.70000076293945,37.27000045776367,37.650001525878906,326800,0.0,0.0
2022-11-28 00:00:00-05:00,37.040000915527344,37.84000015258789,36.66999816894531,36.83000183105469,1009500,0.0,0.0
2022-11-29 00:00:00-05:00,37.15999984741211,37.84000015258789,36.79999923706055,37.66999816894531,860500,0.0,0.0
2022-11-30 00:00:00-05:00,37.15999984741211,38.65999984741211,36.349998474121094,38.619998931884766,1515700,0.0,0.0
2022-12-01 00:00:00-05:00,38.060001373291016,38.279998779296875,36.93000030517578,37.47999954223633,1385700,0.0,0.0
2022-12-02 00:00:00-05:00,36.91999816894531,38.38999938964844,36.52000045776367,38.13999938964844,936000,0.0,0.0
2022-12-05 00:00:00-05:00,37.189998626708984,37.43000030517578,35.65999984741211,35.880001068115234,1354200,0.0,0.0
2022-12-06 00:00:00-05:00,35.720001220703125,36.119998931884766,35.349998474121094,36.04999923706055,1002000,0.0,0.0
2022-12-07 00:00:00-05:00,35.84000015258789,36.720001220703125,35.65999984741211,35.720001220703125,846300,0.0,0.0
2022-12-08 00:00:00-05:00,36.15999984741211,36.349998474121094,35.439998626708984,35.790000915527344,716800,0.0,0.0
2022-12-09 00:00:00-05:00,35.349998474121094,36.470001220703125,35.11000061035156,36.15999984741211,1364000,0.0,0.0
2022-12-12 00:00:00-05:00,36.2599983215332,37.34000015258789,36.20000076293945,37.13999938964844,1739300,0.0,0.0
2022-12-13 00:00:00-05:00,38.880001068115234,40.31999969482422,37.25,37.45000076293945,1761000,0.0,0.0
2022-12-14 00:00:00-05:00,37.369998931884766,38.88999938964844,37.369998931884766,37.83000183105469,1066300,0.0,0.0
2022-12-15 00:00:00-05:00,36.91999816894531,37.2599983215332,36.279998779296875,36.5,1067200,0.0,0.0
2022-12-16 00:00:00-05:00,35.810001373291016,36.52000045776367,35.65999984741211,36.220001220703125,2272700,0.0,0.0
2022-12-19 00:00:00-05:00,36.20000076293945,36.2599983215332,35.279998779296875,35.36000061035156,965500,0.0,0.0
2022-12-20 00:00:00-05:00,35.130001068115234,35.290000915527344,33.939998626708984,34.38999938964844,2390700,0.0,0.0
2022-12-21 00:00:00-05:00,34.84000015258789,35.5,34.43000030517578,35.119998931884766,1228000,0.0,0.0
2022-12-22 00:00:00-05:00,34.63999938964844,34.709999084472656,33.79999923706055,34.66999816894531,852800,0.0,0.0
2022-12-23 00:00:00-05:00,34.70000076293945,35.04999923706055,34.470001220703125,34.900001525878906,674500,0.0,0.0
2022-12-27 00:00:00-05:00,34.779998779296875,35.189998626708984,34.439998626708984,34.7400016784668,601400,0.0,0.0
2022-12-28 00:00:00-05:00,34.61000061035156,34.880001068115234,33.47999954223633,33.59000015258789,1027000,0.0,0.0
2022-12-29 00:00:00-05:00,33.97999954223633,34.91999816894531,33.75,34.4900016784668,726200,0.0,0.0
2022-12-30 00:00:00-05:00,33.880001068115234,34.349998474121094,32.849998474121094,33.290000915527344,1393800,0.0,0.0
2023-01-03 00:00:00-05:00,33.75,34.029998779296875,32.02000045776367,32.349998474121094,2056600,0.0,0.0
2023-01-04 00:00:00-05:00,32.560001373291016,33.849998474121094,32.15999984741211,33.400001525878906,2822300,0.0,0.0
2023-01-05 00:00:00-05:00,33.09000015258789,34.369998931884766,32.959999084472656,34.0099983215332,1796900,0.0,0.0
2023-01-06 00:00:00-05:00,34.29999923706055,36.20000076293945,34.209999084472656,35.9900016784668,1330400,0.0,0.0
2023-01-09 00:00:00-05:00,36.54999923706055,38.09000015258789,36.209999084472656,37.47999954223633,1952500,0.0,0.0
2023-01-10 00:00:00-05:00,37.400001525878906,37.630001068115234,36.779998779296875,37.29999923706055,1071800,0.0,0.0
2023-01-11 00:00:00-05:00,36.9900016784668,38.0,36.81999969482422,37.7400016784668,1272500,0.0,0.0
2023-01-12 00:00:00-05:00,37.88999938964844,37.900001525878906,36.939998626708984,37.7599983215332,1237400,0.0,0.0
2023-01-13 00:00:00-05:00,37.43000030517578,37.97999954223633,37.099998474121094,37.38999938964844,877600,0.0,0.0
2023-01-17 00:00:00-05:00,36.52000045776367,37.45000076293945,36.52000045776367,37.0099983215332,1272500,0.0,0.0
2023-01-18 00:00:00-05:00,37.09000015258789,38.79999923706055,36.81999969482422,37.5,1880900,0.0,0.0
2023-01-19 00:00:00-05:00,36.959999084472656,37.15999984741211,36.099998474121094,36.79999923706055,838900,0.0,0.0
2023-01-20 00:00:00-05:00,37.119998931884766,37.880001068115234,36.7400016784668,37.75,1058200,0.0,0.0
2023-01-23 00:00:00-05:00,37.77000045776367,39.90999984741211,37.689998626708984,39.290000915527344,1567100,0.0,0.0
2023-01-24 00:00:00-05:00,39.25,39.25,38.400001525878906,38.70000076293945,826600,0.0,0.0
2023-01-25 00:00:00-05:00,37.93000030517578,38.06999969482422,37.5099983215332,38.0,1164600,0.0,0.0
2023-01-26 00:00:00-05:00,38.31999969482422,38.349998474121094,37.27000045776367,37.88999938964844,745400,0.0,0.0
2023-01-27 00:00:00-05:00,37.84000015258789,40.59000015258789,37.84000015258789,39.38999938964844,1455200,0.0,0.0
2023-01-30 00:00:00-05:00,38.65999984741211,39.290000915527344,38.349998474121094,38.380001068115234,1138100,0.0,0.0
2023-01-31 00:00:00-05:00,38.40999984741211,39.86000061035156,38.40999984741211,39.86000061035156,1659500,0.0,0.0
2023-02-01 00:00:00-05:00,40.36000061035156,43.75,40.36000061035156,43.15999984741211,2695200,0.0,0.0
2023-02-02 00:00:00-05:00,43.56999969482422,44.61000061035156,43.33000183105469,43.939998626708984,2055300,0.0,0.0
2023-02-03 00:00:00-05:00,42.4900016784668,44.27000045776367,42.209999084472656,43.290000915527344,1324600,0.0,0.0
2023-02-06 00:00:00-05:00,42.810001373291016,43.13999938964844,42.11000061035156,42.63999938964844,979200,0.0,0.0
2023-02-07 00:00:00-05:00,42.869998931884766,44.720001220703125,42.7400016784668,44.119998931884766,2128900,0.0,0.0
2023-02-08 00:00:00-05:00,43.84000015258789,45.060001373291016,43.310001373291016,43.97999954223633,1889200,0.0,0.0
2023-02-09 00:00:00-05:00,44.0,44.0,37.2599983215332,37.84000015258789,6107600,0.0,0.0
2023-02-10 00:00:00-05:00,37.060001373291016,37.13999938964844,34.869998931884766,35.220001220703125,3975400,0.0,0.0
2023-02-13 00:00:00-05:00,34.75,36.77000045776367,34.61000061035156,36.459999084472656,2950000,0.0,0.0
2023-02-14 00:00:00-05:00,35.68000030517578,37.939998626708984,35.2400016784668,37.81999969482422,2367700,0.0,0.0
2023-02-15 00:00:00-05:00,37.369998931884766,37.79999923706055,37.11000061035156,37.7599983215332,2258900,0.0,0.0
2023-02-16 00:00:00-05:00,37.20000076293945,38.2599983215332,36.689998626708984,37.56999969482422,1536600,0.0,0.0
2023-02-17 00:00:00-05:00,37.310001373291016,37.4900016784668,36.59000015258789,37.290000915527344,1393200,0.0,0.0
2023-02-21 00:00:00-05:00,36.84000015258789,36.84000015258789,34.970001220703125,35.02000045776367,1921700,0.0,0.0
2023-02-22 00:00:00-05:00,35.20000076293945,35.58000183105469,34.52000045776367,34.630001068115234,1112800,0.0,0.0
2023-02-23 00:00:00-05:00,34.9900016784668,35.22999954223633,33.97999954223633,34.689998626708984,1454400,0.0,0.0
2023-02-24 00:00:00-05:00,34.150001525878906,34.45000076293945,33.5099983215332,34.16999816894531,1555500,0.0,0.0
2023-02-27 00:00:00-05:00,34.75,34.83000183105469,33.720001220703125,33.88999938964844,1657300,0.0,0.0
2023-02-28 00:00:00-05:00,33.709999084472656,34.130001068115234,33.36000061035156,33.36000061035156,1369500,0.0,0.0
2023-03-01 00:00:00-05:00,33.310001373291016,34.650001525878906,33.310001373291016,34.5,2256100,0.0,0.0
2023-03-02 00:00:00-05:00,33.7599983215332,36.38999938964844,33.72999954223633,36.220001220703125,1981600,0.0,0.0
2023-03-03 00:00:00-05:00,36.40999984741211,37.0,36.25,36.97999954223633,1042700,0.0,0.0
2023-03-06 00:00:00-05:00,37.029998779296875,37.150001525878906,36.2400016784668,36.2599983215332,1537100,0.0,0.0
2023-03-07 00:00:00-05:00,36.220001220703125,36.33000183105469,35.290000915527344,35.33000183105469,1093600,0.0,0.0
2023-03-08 00:00:00-05:00,35.209999084472656,35.31999969482422,34.65999984741211,35.29999923706055,901200,0.0,0.0
2023-03-09 00:00:00-05:00,35.439998626708984,38.16999816894531,35.439998626708984,35.880001068115234,3159100,0.0,0.0
2023-03-10 00:00:00-05:00,35.65999984741211,35.91999816894531,34.34000015258789,34.650001525878906,2325200,0.0,0.0
2023-03-13 00:00:00-04:00,33.88999938964844,33.88999938964844,32.349998474121094,32.59000015258789,2134900,0.0,0.0
2023-03-14 00:00:00-04:00,33.470001220703125,34.09000015258789,32.13999938964844,32.70000076293945,1275400,0.0,0.0
2023-03-15 00:00:00-04:00,32.08000183105469,33.2599983215332,31.56999969482422,32.9900016784668,2057100,0.0,0.0
2023-03-16 00:00:00-04:00,32.63999938964844,33.779998779296875,32.40999984741211,33.27000045776367,1123800,0.0,0.0
2023-03-17 00:00:00-04:00,33.29999923706055,33.56999969482422,31.649999618530273,31.8700008392334,4054900,0.0,0.0
2023-03-20 00:00:00-04:00,32.38999938964844,32.439998626708984,31.350000381469727,31.950000762939453,1712400,0.0,0.0
2023-03-21 00:00:00-04:00,32.5099983215332,33.25,32.5099983215332,32.88999938964844,1282200,0.0,0.0
2023-03-22 00:00:00-04:00,32.77000045776367,32.84000015258789,31.690000534057617,31.709999084472656,1144400,0.0,0.0
2023-03-23 00:00:00-04:00,31.809999465942383,32.11000061035156,30.209999084472656,30.600000381469727,1680600,0.0,0.0
2023-03-24 00:00:00-04:00,30.149999618530273,30.40999984741211,29.510000228881836,30.399999618530273,1170100,0.0,0.0
2023-03-27 00:00:00-04:00,30.75,31.34000015258789,30.219999313354492,31.18000030517578,1228900,0.0,0.0
2023-03-28 00:00:00-04:00,31.110000610351562,31.34000015258789,30.59000015258789,30.75,656300,0.0,0.0
2023-03-29 00:00:00-04:00,31.200000762939453,31.459999084472656,30.649999618530273,30.979999542236328,1198000,0.0,0.0
2023-03-30 00:00:00-04:00,31.5,31.530000686645508,30.780000686645508,31.059999465942383,861600,0.0,0.0
2023-03-31 00:00:00-04:00,31.25,31.940000534057617,31.1299991607666,31.899999618530273,1408000,0.0,0.0
2023-04-03 00:00:00-04:00,31.780000686645508,31.969999313354492,30.65999984741211,31.270000457763672,1668900,0.0,0.0
2023-04-04 00:00:00-04:00,31.5,31.5,29.8799991607666,30.09000015258789,1507300,0.0,0.0
2023-04-05 00:00:00-04:00,29.860000610351562,30.040000915527344,29.020000457763672,29.829999923706055,2680300,0.0,0.0
2023-04-06 00:00:00-04:00,30.440000534057617,30.700000762939453,29.950000762939453,30.1299991607666,1477100,0.0,0.0
2023-04-10 00:00:00-04:00,29.989999771118164,31.600000381469727,29.979999542236328,31.389999389648438,1745000,0.0,0.0
2023-04-11 00:00:00-04:00,31.5,33.18000030517578,31.459999084472656,32.880001068115234,1629800,0.0,0.0
2023-04-12 00:00:00-04:00,33.2599983215332,33.5,32.349998474121094,32.560001373291016,1527400,0.0,0.0
2023-04-13 00:00:00-04:00,32.7599983215332,33.11000061035156,31.729999542236328,32.5099983215332,1547300,0.0,0.0
2023-04-14 00:00:00-04:00,32.529998779296875,33.400001525878906,32.40999984741211,33.29999923706055,2208300,0.0,0.0
2023-04-17 00:00:00-04:00,33.20000076293945,34.16999816894531,33.119998931884766,34.06999969482422,1862200,0.0,0.0
2023-04-18 00:00:00-04:00,34.0,34.59000015258789,34.0,34.290000915527344,2781300,0.0,0.0
2023-04-19 00:00:00-04:00,33.72999954223633,34.77000045776367,33.72999954223633,34.58000183105469,1925300,0.0,0.0
2023-04-20 00:00:00-04:00,39.349998474121094,40.86000061035156,38.599998474121094,40.790000915527344,8252300,0.0,0.0
2023-04-21 00:00:00-04:00,42.79999923706055,44.790000915527344,42.61000061035156,44.02000045776367,9362200,0.0,0.0
2023-04-24 00:00:00-04:00,43.84000015258789,44.459999084472656,43.36000061035156,43.72999954223633,3193200,0.0,0.0
2023-04-25 00:00:00-04:00,43.11000061035156,43.540000915527344,42.59000015258789,43.06999969482422,2308600,0.0,0.0
2023-04-26 00:00:00-04:00,42.5,43.38999938964844,41.38999938964844,41.709999084472656,3866100,0.0,0.0
2023-04-27 00:00:00-04:00,41.709999084472656,42.22999954223633,40.689998626708984,41.81999969482422,3052200,0.0,0.0
2023-04-28 00:00:00-04:00,42.560001373291016,44.86000061035156,42.25,44.18000030517578,2388800,0.0,0.0
2023-05-01 00:00:00-04:00,44.0,44.189998626708984,43.5,44.150001525878906,1518100,0.0,0.0
2023-05-02 00:00:00-04:00,43.880001068115234,44.119998931884766,42.86000061035156,44.060001373291016,1848400,0.0,0.0
2023-05-03 00:00:00-04:00,43.81999969482422,45.4900016784668,43.61000061035156,44.400001525878906,2588400,0.0,0.0
2023-05-04 00:00:00-04:00,46.61000061035156,48.849998474121094,45.7400016784668,45.93000030517578,4765700,0.0,0.0
2023-05-05 00:00:00-04:00,46.189998626708984,49.0,45.27000045776367,47.900001525878906,4101000,0.0,0.0
2023-05-08 00:00:00-04:00,48.45000076293945,49.20000076293945,48.16999816894531,48.439998626708984,3459400,0.0,0.0
2023-05-09 00:00:00-04:00,47.52000045776367,48.41999816894531,47.25,47.27000045776367,2780800,0.0,0.0
2023-05-10 00:00:00-04:00,47.709999084472656,47.95000076293945,46.59000015258789,47.31999969482422,1939900,0.0,0.0
2023-05-11 00:00:00-04:00,47.13999938964844,47.689998626708984,46.810001373291016,47.040000915527344,1474500,0.0,0.0
2023-05-12 00:00:00-04:00,47.40999984741211,47.439998626708984,46.47999954223633,46.84000015258789,1781900,0.0,0.0
2023-05-15 00:00:00-04:00,47.09000015258789,47.939998626708984,46.619998931884766,47.56999969482422,1313100,0.0,0.0
2023-05-16 00:00:00-04:00,47.40999984741211,47.40999984741211,46.529998779296875,47.060001373291016,1112800,0.0,0.0
2023-05-17 00:00:00-04:00,47.349998474121094,47.47999954223633,46.529998779296875,47.119998931884766,1362500,0.0,0.0
2023-05-18 00:00:00-04:00,47.11000061035156,48.20000076293945,46.869998931884766,47.79999923706055,1320000,0.0,0.0
2023-05-19 00:00:00-04:00,47.959999084472656,47.959999084472656,46.560001373291016,46.939998626708984,1106800,0.0,0.0
2023-05-22 00:00:00-04:00,47.400001525878906,48.150001525878906,46.91999816894531,47.34000015258789,1322400,0.0,0.0
2023-05-23 00:00:00-04:00,47.09000015258789,47.369998931884766,46.4900016784668,46.83000183105469,1253700,0.0,0.0
2023-05-24 00:00:00-04:00,46.31999969482422,46.88999938964844,45.2400016784668,46.75,1819400,0.0,0.0
2023-05-25 00:00:00-04:00,47.0,48.220001220703125,46.9900016784668,48.08000183105469,1585900,0.0,0.0
2023-05-26 00:00:00-04:00,47.900001525878906,49.02000045776367,47.880001068115234,48.349998474121094,1098300,0.0,0.0
2023-05-30 00:00:00-04:00,48.59000015258789,49.08000183105469,48.25,48.4900016784668,993500,0.0,0.0
2023-05-31 00:00:00-04:00,48.130001068115234,48.25,46.65999984741211,46.93000030517578,1422300,0.0,0.0
2023-06-01 00:00:00-04:00,47.15999984741211,47.810001373291016,46.79999923706055,47.5099983215332,1261100,0.0,0.0
2023-06-02 00:00:00-04:00,48.459999084472656,50.13999938964844,48.349998474121094,49.56999969482422,1537900,0.0,0.0
2023-06-05 00:00:00-04:00,49.060001373291016,49.849998474121094,48.529998779296875,48.560001373291016,1049200,0.0,0.0
2023-06-06 00:00:00-04:00,48.27000045776367,49.72999954223633,47.880001068115234,49.040000915527344,1026000,0.0,0.0
2023-06-07 00:00:00-04:00,49.65999984741211,50.90999984741211,49.220001220703125,49.29999923706055,1275100,0.0,0.0
2023-06-08 00:00:00-04:00,49.279998779296875,49.650001525878906,48.599998474121094,48.95000076293945,833200,0.0,0.0
2023-06-09 00:00:00-04:00,48.79999923706055,49.18000030517578,48.31999969482422,48.5,921500,0.0,0.0
2023-06-12 00:00:00-04:00,48.47999954223633,48.810001373291016,47.349998474121094,48.09000015258789,1598500,0.0,0.0
2023-06-13 00:00:00-04:00,48.04999923706055,49.29999923706055,47.79999923706055,49.2599983215332,1265600,0.0,0.0
2023-06-14 00:00:00-04:00,49.63999938964844,51.369998931884766,49.459999084472656,51.36000061035156,1786600,0.0,0.0
2023-06-15 00:00:00-04:00,50.79999923706055,52.5099983215332,50.72999954223633,52.18000030517578,2397100,0.0,0.0
2023-06-16 00:00:00-04:00,52.66999816894531,53.61000061035156,51.40999984741211,51.599998474121094,2490700,0.0,0.0
2023-06-20 00:00:00-04:00,51.36000061035156,51.900001525878906,51.0,51.38999938964844,1592700,0.0,0.0
2023-06-21 00:00:00-04:00,50.93000030517578,52.47999954223633,50.65999984741211,52.08000183105469,1075600,0.0,0.0
2023-06-22 00:00:00-04:00,52.0099983215332,54.130001068115234,51.720001220703125,53.41999816894531,2192700,0.0,0.0
2023-06-23 00:00:00-04:00,52.439998626708984,52.939998626708984,51.36000061035156,51.439998626708984,2276400,0.0,0.0
2023-06-26 00:00:00-04:00,51.63999938964844,53.29999923706055,51.63999938964844,52.90999984741211,1070400,0.0,0.0
2023-06-27 00:00:00-04:00,53.029998779296875,56.630001068115234,53.029998779296875,56.4900016784668,3430100,0.0,0.0
2023-06-28 00:00:00-04:00,56.68000030517578,59.040000915527344,56.40999984741211,58.630001068115234,3065300,0.0,0.0
2023-06-29 00:00:00-04:00,58.779998779296875,59.849998474121094,58.40999984741211,59.25,2434900,0.0,0.0
2023-06-30 00:00:00-04:00,59.63999938964844,59.63999938964844,57.83000183105469,59.0,2034900,0.0,0.0
2023-07-03 00:00:00-04:00,58.7599983215332,59.65999984741211,58.7400016784668,59.59000015258789,720400,0.0,0.0
2023-07-05 00:00:00-04:00,58.400001525878906,59.2599983215332,58.11000061035156,58.459999084472656,1927700,0.0,0.0
2023-07-06 00:00:00-04:00,57.689998626708984,58.279998779296875,56.810001373291016,57.83000183105469,1756000,0.0,0.0
2023-07-07 00:00:00-04:00,58.29999923706055,61.7400016784668,58.209999084472656,60.029998779296875,2404700,0.0,0.0
2023-07-10 00:00:00-04:00,59.95000076293945,60.869998931884766,59.7599983215332,60.04999923706055,1552300,0.0,0.0
2023-07-11 00:00:00-04:00,59.529998779296875,59.97999954223633,58.91999816894531,59.52000045776367,2092200,0.0,0.0
2023-07-12 00:00:00-04:00,60.34000015258789,60.529998779296875,58.29999923706055,59.150001525878906,3579000,0.0,0.0
2023-07-13 00:00:00-04:00,59.470001220703125,61.18000030517578,58.939998626708984,60.75,2159600,0.0,0.0
2023-07-14 00:00:00-04:00,61.0,61.41999816894531,59.75,60.720001220703125,1407400,0.0,0.0
2023-07-17 00:00:00-04:00,60.83000183105469,62.279998779296875,60.27000045776367,62.209999084472656,1604500,0.0,0.0
2023-07-18 00:00:00-04:00,66.86000061035156,67.87999725341797,64.44999694824219,64.94999694824219,3753500,0.0,0.0
2023-07-19 00:00:00-04:00,65.12999725341797,68.81999969482422,64.91999816894531,68.44000244140625,3488800,0.0,0.0
2023-07-20 00:00:00-04:00,66.95999908447266,69.29000091552734,66.70999908447266,68.41000366210938,2176600,0.0,0.0
2023-07-21 00:00:00-04:00,68.45999908447266,68.45999908447266,65.29000091552734,65.83999633789062,2454700,0.0,0.0
2023-07-24 00:00:00-04:00,63.75,65.98999786376953,63.52000045776367,65.2699966430664,1964700,0.0,0.0
2023-07-25 00:00:00-04:00,65.25,67.86000061035156,65.25,67.41000366210938,1511600,0.0,0.0
2023-07-26 00:00:00-04:00,67.48999786376953,71.97000122070312,67.38999938964844,71.6500015258789,3254600,0.0,0.0
2023-07-27 00:00:00-04:00,71.66999816894531,72.0,69.77999877929688,70.56999969482422,2278600,0.0,0.0
2023-07-28 00:00:00-04:00,71.48999786376953,72.8499984741211,71.08000183105469,71.5999984741211,1797100,0.0,0.0
2023-07-31 00:00:00-04:00,71.2699966430664,71.83000183105469,68.55000305175781,69.23999786376953,2909600,0.0,0.0
2023-08-01 00:00:00-04:00,69.06999969482422,70.41000366210938,64.69999694824219,69.22000122070312,3113000,0.0,0.0
2023-08-02 00:00:00-04:00,68.13999938964844,68.81999969482422,66.83000183105469,68.29000091552734,1936700,0.0,0.0
2023-08-03 00:00:00-04:00,68.0,69.06999969482422,67.02999877929688,68.47000122070312,1980000,0.0,0.0
2023-08-04 00:00:00-04:00,71.41000366210938,76.7699966430664,70.47000122070312,71.31999969482422,3373700,0.0,0.0
2023-08-07 00:00:00-04:00,72.33000183105469,74.79000091552734,71.04000091552734,72.27999877929688,1910300,0.0,0.0
2023-08-08 00:00:00-04:00,71.63999938964844,73.37000274658203,71.16999816894531,73.05999755859375,1906800,0.0,0.0
2023-08-09 00:00:00-04:00,72.80999755859375,74.80000305175781,72.58000183105469,73.73999786376953,2135000,0.0,0.0
2023-08-10 00:00:00-04:00,73.94000244140625,75.08000183105469,72.36000061035156,73.25,1555400,0.0,0.0
2023-08-11 00:00:00-04:00,72.91999816894531,73.69999694824219,72.4800033569336,73.22000122070312,651400,0.0,0.0
2023-08-14 00:00:00-04:00,72.75,73.91000366210938,71.80000305175781,73.48999786376953,1146800,0.0,0.0
2023-08-15 00:00:00-04:00,73.51000213623047,73.55999755859375,71.97000122070312,72.38999938964844,859000,0.0,0.0
2023-08-16 00:00:00-04:00,72.37000274658203,74.88999938964844,71.94000244140625,72.18000030517578,1755600,0.0,0.0
2023-08-17 00:00:00-04:00,72.30000305175781,72.94999694824219,69.37000274658203,69.52999877929688,1774000,0.0,0.0
2023-08-18 00:00:00-04:00,67.76000213623047,69.70999908447266,67.38999938964844,69.0999984741211,2639300,0.0,0.0
2023-08-21 00:00:00-04:00,69.62999725341797,70.81999969482422,69.08000183105469,70.30000305175781,1391600,0.0,0.0
2023-08-22 00:00:00-04:00,69.7300033569336,70.38999938964844,67.8499984741211,69.33000183105469,1029400,0.0,0.0
2023-08-23 00:00:00-04:00,69.18000030517578,70.41999816894531,68.5,70.29000091552734,1342300,0.0,0.0
2023-08-24 00:00:00-04:00,70.2300033569336,70.55999755859375,69.33999633789062,69.33999633789062,677600,0.0,0.0
2023-08-25 00:00:00-04:00,69.66999816894531,70.23999786376953,67.2699966430664,69.0199966430664,912400,0.0,0.0
2023-08-28 00:00:00-04:00,69.55000305175781,71.31999969482422,69.55000305175781,70.62999725341797,1175400,0.0,0.0
2023-08-29 00:00:00-04:00,70.19999694824219,72.76000213623047,70.19999694824219,72.55000305175781,848100,0.0,0.0
2023-08-30 00:00:00-04:00,72.38999938964844,73.73999786376953,71.95999908447266,73.5,1007200,0.0,0.0
2023-08-31 00:00:00-04:00,72.94000244140625,74.68000030517578,72.2699966430664,74.62999725341797,1106400,0.0,0.0
2023-09-01 00:00:00-04:00,75.0,76.43000030517578,74.63999938964844,76.1500015258789,1524600,0.0,0.0
2023-09-05 00:00:00-04:00,75.45999908447266,75.8499984741211,72.7300033569336,73.02999877929688,1377400,0.0,0.0
2023-09-06 00:00:00-04:00,73.33999633789062,75.29000091552734,71.5999984741211,72.68000030517578,1357700,0.0,0.0
2023-09-07 00:00:00-04:00,72.70999908447266,73.93000030517578,71.41999816894531,73.3499984741211,1194300,0.0,0.0
2023-09-08 00:00:00-04:00,73.26000213623047,73.29000091552734,70.44999694824219,71.44000244140625,1167600,0.0,0.0
2023-09-11 00:00:00-04:00,72.58999633789062,73.01000213623047,71.69000244140625,72.20999908447266,1062700,0.0,0.0
2023-09-12 00:00:00-04:00,71.4800033569336,73.52999877929688,71.4800033569336,71.80000305175781,923200,0.0,0.0
2023-09-13 00:00:00-04:00,71.3499984741211,73.83000183105469,70.8499984741211,71.23999786376953,1664000,0.0,0.0
2023-09-14 00:00:00-04:00,72.30000305175781,73.16000366210938,69.41999816894531,72.18000030517578,1493700,0.0,0.0
2023-09-15 00:00:00-04:00,71.69999694824219,72.13999938964844,69.20999908447266,71.04000091552734,2457200,0.0,0.0
2023-09-18 00:00:00-04:00,70.94999694824219,71.5,69.98999786376953,70.41000366210938,1122800,0.0,0.0
2023-09-19 00:00:00-04:00,70.51000213623047,70.79000091552734,68.0199966430664,69.08999633789062,990000,0.0,0.0
2023-09-20 00:00:00-04:00,70.04000091552734,71.1500015258789,68.97000122070312,69.0,1157400,0.0,0.0
2023-09-21 00:00:00-04:00,68.66999816894531,68.77999877929688,67.20999908447266,67.87999725341797,962900,0.0,0.0
2023-09-22 00:00:00-04:00,68.5,69.44999694824219,68.08999633789062,68.61000061035156,957700,0.0,0.0
2023-09-25 00:00:00-04:00,68.0,70.18000030517578,68.0,69.5999984741211,974800,0.0,0.0
2023-09-26 00:00:00-04:00,69.05000305175781,69.66999816894531,68.0,68.04000091552734,945400,0.0,0.0
2023-09-27 00:00:00-04:00,69.66000366210938,70.8499984741211,68.1500015258789,70.06999969482422,2353100,0.0,0.0
2023-09-28 00:00:00-04:00,70.0,75.69999694824219,70.0,74.72000122070312,3668200,0.0,0.0
2023-09-29 00:00:00-04:00,75.30999755859375,76.48999786376953,74.47000122070312,74.66000366210938,1901400,0.0,0.0
2023-10-02 00:00:00-04:00,74.01000213623047,74.79000091552734,72.41999816894531,73.43000030517578,2942200,0.0,0.0
2023-10-03 00:00:00-04:00,73.79000091552734,76.69999694824219,72.5199966430664,73.48999786376953,2253700,0.0,0.0
2023-10-04 00:00:00-04:00,74.31999969482422,74.56999969482422,72.23999786376953,74.30000305175781,1313200,0.0,0.0
2023-10-05 00:00:00-04:00,74.36000061035156,75.7300033569336,73.52999877929688,74.47000122070312,1521400,0.0,0.0
2023-10-06 00:00:00-04:00,74.26000213623047,78.33999633789062,74.11000061035156,77.12000274658203,1481000,0.0,0.0
2023-10-09 00:00:00-04:00,76.05999755859375,78.5199966430664,75.58000183105469,78.51000213623047,948400,0.0,0.0
2023-10-10 00:00:00-04:00,78.68000030517578,80.41999816894531,78.16000366210938,78.20999908447266,1383500,0.0,0.0
2023-10-11 00:00:00-04:00,78.29000091552734,79.41000366210938,77.36000061035156,79.22000122070312,1049600,0.0,0.0
2023-10-12 00:00:00-04:00,79.30999755859375,79.30999755859375,76.7699966430664,77.1500015258789,1317100,0.0,0.0
2023-10-13 00:00:00-04:00,77.2699966430664,77.27999877929688,73.1500015258789,73.93000030517578,1642100,0.0,0.0
2023-10-16 00:00:00-04:00,74.23999786376953,77.48999786376953,74.23999786376953,75.62000274658203,1198400,0.0,0.0
2023-10-17 00:00:00-04:00,75.38999938964844,77.94999694824219,75.12999725341797,76.95999908447266,1252700,0.0,0.0
2023-10-18 00:00:00-04:00,75.79000091552734,75.80000305175781,73.7699966430664,73.94000244140625,1089600,0.0,0.0
2023-10-19 00:00:00-04:00,73.5999984741211,74.12999725341797,70.66999816894531,71.54000091552734,1982500,0.0,0.0
2023-10-20 00:00:00-04:00,72.25,73.36000061035156,71.2699966430664,72.0999984741211,1146200,0.0,0.0
2023-10-23 00:00:00-04:00,72.05000305175781,72.80000305175781,70.87999725341797,71.87000274658203,1375200,0.0,0.0
2023-10-24 00:00:00-04:00,72.2699966430664,72.79000091552734,70.56999969482422,71.19000244140625,1550100,0.0,0.0
2023-10-25 00:00:00-04:00,70.8499984741211,71.0,67.33999633789062,69.30999755859375,2153200,0.0,0.0
2023-10-26 00:00:00-04:00,68.9000015258789,70.0999984741211,67.7300033569336,69.12000274658203,1303400,0.0,0.0
2023-10-27 00:00:00-04:00,69.80999755859375,71.58000183105469,65.80000305175781,67.33000183105469,4877500,0.0,0.0
2023-10-30 00:00:00-04:00,73.23999786376953,78.43000030517578,71.55000305175781,77.4800033569336,6241400,0.0,0.0
2023-10-31 00:00:00-04:00,78.18000030517578,78.88999938964844,74.7699966430664,75.80999755859375,2799500,0.0,0.0
2023-11-01 00:00:00-04:00,75.87000274658203,78.68000030517578,75.48999786376953,77.97000122070312,1724200,0.0,0.0
2023-11-02 00:00:00-04:00,79.30999755859375,79.6500015258789,78.01000213623047,78.25,1519300,0.0,0.0
2023-11-03 00:00:00-04:00,79.47000122070312,80.12999725341797,78.05000305175781,79.52999877929688,1318500,0.0,0.0
2023-11-06 00:00:00-05:00,79.70999908447266,80.55000305175781,78.4800033569336,79.4800033569336,1278200,0.0,0.0
2023-11-07 00:00:00-05:00,79.12000274658203,81.6500015258789,78.79000091552734,81.12000274658203,1125800,0.0,0.0
2023-11-08 00:00:00-05:00,81.44999694824219,82.19999694824219,80.66000366210938,81.79000091552734,974400,0.0,0.0
2023-11-09 00:00:00-05:00,81.86000061035156,82.0,80.18000030517578,80.66999816894531,1005800,0.0,0.0
2023-11-10 00:00:00-05:00,81.0199966430664,83.3499984741211,80.51000213623047,83.11000061035156,1024800,0.0,0.0
2023-11-13 00:00:00-05:00,82.66999816894531,84.87999725341797,82.66999816894531,84.83999633789062,1522600,0.0,0.0
2023-11-14 00:00:00-05:00,86.55000305175781,88.08999633789062,86.08000183105469,86.81999969482422,1263300,0.0,0.0
2023-11-15 00:00:00-05:00,87.02999877929688,88.16000366210938,84.76000213623047,85.68000030517578,1765600,0.0,0.0
2023-11-16 00:00:00-05:00,85.5,86.69000244140625,84.83999633789062,86.51000213623047,1157100,0.0,0.0
2023-11-17 00:00:00-05:00,86.86000061035156,88.12000274658203,86.08999633789062,87.79000091552734,1059300,0.0,0.0
2023-11-20 00:00:00-05:00,87.68000030517578,89.13999938964844,87.44999694824219,88.33000183105469,1188500,0.0,0.0
2023-11-21 00:00:00-05:00,87.88999938964844,89.4000015258789,87.62000274658203,89.0,1227100,0.0,0.0
2023-11-22 00:00:00-05:00,89.36000061035156,89.58999633789062,88.37000274658203,88.88999938964844,1038600,0.0,0.0
2023-11-24 00:00:00-05:00,88.56999969482422,89.75,88.56999969482422,89.16999816894531,290100,0.0,0.0
2023-11-27 00:00:00-05:00,88.79000091552734,89.69999694824219,88.26000213623047,89.0999984741211,1215500,0.0,0.0
2023-11-28 00:00:00-05:00,88.66000366210938,89.06999969482422,85.93000030517578,86.38999938964844,2194600,0.0,0.0
2023-11-29 00:00:00-05:00,87.04000091552734,87.95999908447266,85.72000122070312,85.9800033569336,1995300,0.0,0.0
2023-11-30 00:00:00-05:00,85.93000030517578,86.38999938964844,83.81999969482422,86.27999877929688,1818700,0.0,0.0
2023-12-01 00:00:00-05:00,86.30000305175781,90.77999877929688,86.11000061035156,90.30999755859375,1452200,0.0,0.0
2023-12-04 00:00:00-05:00,89.91999816894531,90.70999908447266,88.54000091552734,88.77999877929688,1355600,0.0,0.0
2023-12-05 00:00:00-05:00,84.05000305175781,87.86000061035156,82.29000091552734,84.94999694824219,2460600,0.0,0.0
2023-12-06 00:00:00-05:00,85.66000366210938,85.66000366210938,80.36000061035156,81.45999908447266,2965800,0.0,0.0
2023-12-07 00:00:00-05:00,81.29000091552734,81.86000061035156,78.72000122070312,80.44000244140625,2981600,0.0,0.0
2023-12-08 00:00:00-05:00,80.51000213623047,82.7300033569336,79.95999908447266,82.05000305175781,2076100,0.0,0.0
2023-12-11 00:00:00-05:00,81.33999633789062,83.43000030517578,80.91000366210938,82.1500015258789,901000,0.0,0.0
2023-12-12 00:00:00-05:00,82.04000091552734,84.86000061035156,82.0,84.70999908447266,1281600,0.0,0.0
2023-12-13 00:00:00-05:00,84.88999938964844,85.66000366210938,82.3499984741211,85.30000305175781,1328500,0.0,0.0
2023-12-14 00:00:00-05:00,85.18000030517578,87.55999755859375,84.45999908447266,84.83000183105469,1362800,0.0,0.0
2023-12-15 00:00:00-05:00,84.73999786376953,87.18000030517578,84.73999786376953,85.33999633789062,2299800,0.0,0.0
2023-12-18 00:00:00-05:00,85.79000091552734,87.47000122070312,84.8499984741211,85.0999984741211,853000,0.0,0.0
2023-12-19 00:00:00-05:00,85.55000305175781,87.01000213623047,85.37000274658203,86.3499984741211,1067100,0.0,0.0
2023-12-20 00:00:00-05:00,84.61000061035156,89.79000091552734,84.0199966430664,86.69000244140625,1571600,0.0,0.0
2023-12-21 00:00:00-05:00,87.98999786376953,89.43000030517578,87.25,89.33999633789062,774900,0.0,0.0
2023-12-22 00:00:00-05:00,89.5,90.31999969482422,88.94999694824219,89.51000213623047,839500,0.0,0.0
2023-12-26 00:00:00-05:00,89.68000030517578,90.79000091552734,89.27999877929688,90.12000274658203,551400,0.0,0.0
2023-12-27 00:00:00-05:00,90.0,90.83999633789062,89.48999786376953,89.91999816894531,581500,0.0,0.0
2023-12-28 00:00:00-05:00,89.87000274658203,90.69999694824219,89.79000091552734,90.02999877929688,708200,0.0,0.0
2023-12-29 00:00:00-05:00,89.33999633789062,89.9000015258789,87.4000015258789,87.58999633789062,1121100,0.0,0.0
2024-01-02 00:00:00-05:00,87.0199966430664,87.44999694824219,83.80999755859375,84.87999725341797,993900,0.0,0.0
2024-01-03 00:00:00-05:00,84.08999633789062,84.3499984741211,82.30000305175781,82.58000183105469,1038700,0.0,0.0
2024-01-04 00:00:00-05:00,84.43000030517578,84.43000030517578,81.33999633789062,82.05999755859375,2134700,0.0,0.0
2024-01-05 00:00:00-05:00,82.06999969482422,83.81999969482422,81.88999938964844,82.2699966430664,949400,0.0,0.0
2024-01-08 00:00:00-05:00,82.27999877929688,83.86000061035156,81.93000030517578,83.41999816894531,991400,0.0,0.0
2024-01-09 00:00:00-05:00,83.80000305175781,86.88999938964844,82.7300033569336,83.33000183105469,1526500,0.0,0.0
2024-01-10 00:00:00-05:00,83.2699966430664,85.16999816894531,81.80000305175781,85.12000274658203,1039500,0.0,0.0
2024-01-11 00:00:00-05:00,84.72000122070312,85.31999969482422,82.80000305175781,85.0,852400,0.0,0.0
2024-01-12 00:00:00-05:00,85.55000305175781,86.9800033569336,84.8499984741211,86.45999908447266,899200,0.0,0.0
2024-01-16 00:00:00-05:00,86.0999984741211,86.8499984741211,84.61000061035156,85.51000213623047,759000,0.0,0.0
2024-01-17 00:00:00-05:00,83.37000274658203,83.37000274658203,80.26000213623047,81.2300033569336,2948800,0.0,0.0
2024-01-18 00:00:00-05:00,81.98999786376953,84.38999938964844,81.19000244140625,83.44999694824219,1912100,0.0,0.0
2024-01-19 00:00:00-05:00,83.75,85.0,82.51000213623047,84.91000366210938,1024400,0.0,0.0
2024-01-22 00:00:00-05:00,86.20999908447266,87.37000274658203,85.6500015258789,86.05000305175781,1208900,0.0,0.0
2024-01-23 00:00:00-05:00,85.87000274658203,86.56999969482422,84.56999969482422,84.86000061035156,746300,0.0,0.0
2024-01-24 00:00:00-05:00,85.94999694824219,85.94999694824219,83.81999969482422,84.0199966430664,924500,0.0,0.0
2024-01-25 00:00:00-05:00,84.70999908447266,87.88999938964844,84.3499984741211,87.55000305175781,1173400,0.0,0.0
2024-01-26 00:00:00-05:00,87.5199966430664,87.55999755859375,86.01000213623047,86.88999938964844,772800,0.0,0.0
2024-01-29 00:00:00-05:00,86.69999694824219,88.05999755859375,86.52999877929688,87.7300033569336,1013600,0.0,0.0
2024-01-30 00:00:00-05:00,87.08999633789062,87.37000274658203,86.05000305175781,86.08999633789062,1086300,0.0,0.0
2024-01-31 00:00:00-05:00,86.08000183105469,89.16000366210938,84.54000091552734,85.44000244140625,1400200,0.0,0.0
2024-02-01 00:00:00-05:00,85.8499984741211,87.94999694824219,82.77999877929688,87.87999725341797,1398600,0.0,0.0
2024-02-02 00:00:00-05:00,87.80999755859375,96.95999908447266,85.19999694824219,95.33999633789062,3802200,0.0,0.0
2024-02-05 00:00:00-05:00,95.13999938964844,96.56999969482422,92.54000091552734,95.4800033569336,2016600,0.0,0.0
2024-02-06 00:00:00-05:00,96.0,98.88999938964844,95.66000366210938,98.05000305175781,2488700,0.0,0.0
2024-02-07 00:00:00-05:00,107.87999725341797,117.72000122070312,107.0,116.54000091552734,4119300,0.0,0.0
2024-02-08 00:00:00-05:00,117.0,120.81999969482422,116.47000122070312,118.04000091552734,2440100,0.0,0.0
2024-02-09 00:00:00-05:00,118.04000091552734,122.0999984741211,116.02999877929688,120.83999633789062,1930800,0.0,0.0
2024-02-12 00:00:00-05:00,117.93000030517578,120.0,115.83999633789062,117.62999725341797,1605500,0.0,0.0
2024-02-13 00:00:00-05:00,115.30999755859375,116.91999816894531,114.0199966430664,116.19999694824219,2156000,0.0,0.0
2024-02-14 00:00:00-05:00,117.55999755859375,120.6500015258789,116.19999694824219,120.27999877929688,1820100,0.0,0.0
2024-02-15 00:00:00-05:00,120.31999969482422,121.72000122070312,118.5999984741211,121.04000091552734,1392200,0.0,0.0
2024-02-16 00:00:00-05:00,120.30999755859375,121.81999969482422,119.62999725341797,120.43000030517578,1025300,0.0,0.0
2024-02-20 00:00:00-05:00,119.23999786376953,119.41000366210938,115.87999725341797,118.30999755859375,1564800,0.0,0.0
2024-02-21 00:00:00-05:00,118.38999938964844,119.62999725341797,117.12000274658203,119.2300033569336,844400,0.0,0.0
2024-02-22 00:00:00-05:00,121.37999725341797,123.83999633789062,121.37000274658203,122.08000183105469,1395900,0.0,0.0
2024-02-23 00:00:00-05:00,122.19999694824219,123.41999816894531,121.4000015258789,121.88999938964844,970900,0.0,0.0
2024-02-26 00:00:00-05:00,121.69000244140625,122.97000122070312,120.44999694824219,120.4800033569336,1282700,0.0,0.0
2024-02-27 00:00:00-05:00,120.52999877929688,121.20999908447266,118.61000061035156,118.61000061035156,982800,0.0,0.0
2024-02-28 00:00:00-05:00,118.0999984741211,119.06999969482422,116.23999786376953,117.73999786376953,1138700,0.0,0.0
2024-02-29 00:00:00-05:00,117.87000274658203,120.87000274658203,117.37999725341797,120.31999969482422,1353000,0.0,0.0
2024-03-01 00:00:00-05:00,119.5,121.94000244140625,118.9000015258789,120.5999984741211,681600,0.0,0.0
2024-03-04 00:00:00-05:00,121.0199966430664,125.18000030517578,120.94000244140625,121.37999725341797,1409500,0.0,0.0
2024-03-05 00:00:00-05:00,120.45999908447266,124.73999786376953,120.04000091552734,123.31999969482422,1480800,0.0,0.0
2024-03-06 00:00:00-05:00,125.0,127.95999908447266,124.5199966430664,125.30999755859375,1582500,0.0,0.0
2024-03-07 00:00:00-05:00,125.83999633789062,128.32000732421875,125.52999877929688,127.97000122070312,1273800,0.0,0.0
2024-03-08 00:00:00-05:00,128.0800018310547,129.42999267578125,121.9000015258789,122.43000030517578,1132200,0.0,0.0
2024-03-11 00:00:00-04:00,123.80999755859375,123.86000061035156,119.43000030517578,121.97000122070312,1470200,0.0,0.0
2024-03-12 00:00:00-04:00,122.41999816894531,125.91999816894531,121.5,124.94000244140625,905700,0.0,0.0
2024-03-13 00:00:00-04:00,124.5,125.33000183105469,122.43000030517578,122.75,800000,0.0,0.0
2024-03-14 00:00:00-04:00,122.66000366210938,123.51000213623047,121.05999755859375,123.43000030517578,727300,0.0,0.0
2024-03-15 00:00:00-04:00,122.55999755859375,124.0,122.11000061035156,122.66000366210938,1470700,0.0,0.0
2024-03-18 00:00:00-04:00,123.33000183105469,124.45999908447266,122.0,122.08000183105469,940000,0.0,0.0
2024-03-19 00:00:00-04:00,121.72000122070312,122.38999938964844,119.66999816894531,121.22000122070312,1230300,0.0,0.0
2024-03-20 00:00:00-04:00,121.12000274658203,124.93000030517578,120.25,124.36000061035156,1714600,0.0,0.0
2024-03-21 00:00:00-04:00,125.55999755859375,127.1500015258789,124.19999694824219,125.41999816894531,1519800,0.0,0.0
2024-03-22 00:00:00-04:00,125.58000183105469,126.22000122070312,124.11000061035156,125.41999816894531,830800,0.0,0.0
2024-03-25 00:00:00-04:00,124.80999755859375,125.29000091552734,123.37999725341797,124.06999969482422,630600,0.0,0.0
2024-03-26 00:00:00-04:00,124.2699966430664,124.95999908447266,122.62999725341797,122.87000274658203,747000,0.0,0.0
2024-03-27 00:00:00-04:00,123.94999694824219,123.94999694824219,119.93000030517578,120.91999816894531,1229400,0.0,0.0
2024-03-28 00:00:00-04:00,119.83000183105469,122.76000213623047,119.27999877929688,122.02999877929688,1185700,0.0,0.0
2024-04-01 00:00:00-04:00,120.72000122070312,122.04000091552734,120.44000244140625,121.8499984741211,707400,0.0,0.0
2024-04-02 00:00:00-04:00,120.0,121.30999755859375,117.5,121.16999816894531,743700,0.0,0.0
2024-04-03 00:00:00-04:00,121.38999938964844,124.61000061035156,121.38999938964844,123.70999908447266,746600,0.0,0.0
2024-04-04 00:00:00-04:00,124.37000274658203,127.70999908447266,121.48999786376953,122.37000274658203,832100,0.0,0.0
2024-04-05 00:00:00-04:00,123.5999984741211,128.25,123.5999984741211,128.16000366210938,1307200,0.0,0.0
2024-04-08 00:00:00-04:00,128.97999572753906,130.50999450683594,128.14999389648438,128.63999938964844,885900,0.0,0.0
2024-04-09 00:00:00-04:00,128.05999755859375,128.52999877929688,122.19000244140625,127.33999633789062,1143500,0.0,0.0
2024-04-10 00:00:00-04:00,124.56999969482422,127.12999725341797,124.41999816894531,125.70999908447266,656200,0.0,0.0
2024-04-11 00:00:00-04:00,125.76000213623047,127.1500015258789,124.56999969482422,126.91999816894531,709400,0.0,0.0
2024-04-12 00:00:00-04:00,125.31999969482422,126.06999969482422,124.08999633789062,125.80000305175781,701100,0.0,0.0
2024-04-15 00:00:00-04:00,127.37000274658203,128.91000366210938,122.47000122070312,123.37000274658203,1028600,0.0,0.0
2024-04-16 00:00:00-04:00,122.9800033569336,123.3499984741211,120.08000183105469,122.33000183105469,1341100,0.0,0.0
2024-04-17 00:00:00-04:00,118.0,121.13999938964844,115.70999908447266,119.01000213623047,1928100,0.0,0.0
2024-04-18 00:00:00-04:00,119.91000366210938,119.91000366210938,114.52999877929688,115.37000274658203,1367900,0.0,0.0
2024-04-19 00:00:00-04:00,115.6500015258789,117.11000061035156,112.55000305175781,114.48999786376953,1205000,0.0,0.0
2024-04-22 00:00:00-04:00,116.11000061035156,117.7300033569336,114.66000366210938,116.0999984741211,853700,0.0,0.0
2024-04-23 00:00:00-04:00,117.37999725341797,121.26000213623047,117.04000091552734,120.83999633789062,973900,0.0,0.0
2024-04-24 00:00:00-04:00,120.0,122.66999816894531,108.55000305175781,117.4800033569336,2715700,0.0,0.0
2024-04-25 00:00:00-04:00,115.81999969482422,120.27999877929688,115.0,118.25,1425500,0.0,0.0
2024-04-26 00:00:00-04:00,106.51000213623047,112.52999877929688,103.70999908447266,110.9000015258789,4820500,0.0,0.0
2024-04-29 00:00:00-04:00,110.79000091552734,112.80000305175781,108.94000244140625,110.72000122070312,1726800,0.0,0.0
2024-04-30 00:00:00-04:00,109.0199966430664,109.83000183105469,106.37000274658203,107.45999908447266,2482600,0.0,0.0
2024-05-01 00:00:00-04:00,107.23999786376953,110.48999786376953,104.81999969482422,106.37999725341797,2484100,0.0,0.0
2024-05-02 00:00:00-04:00,107.48999786376953,110.27999877929688,106.23999786376953,108.91999816894531,2594900,0.0,0.0
2024-05-03 00:00:00-04:00,122.0,122.54000091552734,111.95999908447266,112.55999755859375,4012700,0.0,0.0
2024-05-06 00:00:00-04:00,113.72000122070312,114.56999969482422,110.0999984741211,110.7300033569336,1933300,0.0,0.0
2024-05-07 00:00:00-04:00,110.7300033569336,112.51000213623047,109.91999816894531,110.33000183105469,1763900,0.0,0.0
2024-05-08 00:00:00-04:00,109.52999877929688,113.4000015258789,109.2300033569336,111.95999908447266,1169900,0.0,0.0
2024-05-09 00:00:00-04:00,111.11000061035156,114.88999938964844,111.11000061035156,113.0,1004600,0.0,0.0
2024-05-10 00:00:00-04:00,113.80000305175781,114.4800033569336,112.76000213623047,114.41999816894531,700900,0.0,0.0
2024-05-13 00:00:00-04:00,115.75,115.75,109.33999633789062,109.4800033569336,1970800,0.0,0.0
2024-05-14 00:00:00-04:00,109.55000305175781,112.58999633789062,108.4000015258789,112.23999786376953,1764400,0.0,0.0
2024-05-15 00:00:00-04:00,113.4800033569336,115.45999908447266,113.11000061035156,114.05999755859375,1795800,0.0,0.0
2024-05-16 00:00:00-04:00,113.81999969482422,114.29000091552734,111.9800033569336,112.01000213623047,852400,0.0,0.0
2024-05-17 00:00:00-04:00,112.87000274658203,113.37999725341797,109.5999984741211,110.19999694824219,1169700,0.0,0.0
2024-05-20 00:00:00-04:00,110.11000061035156,111.2699966430664,109.9000015258789,110.5199966430664,1045000,0.0,0.0
2024-05-21 00:00:00-04:00,110.0199966430664,110.0199966430664,106.79000091552734,107.01000213623047,1408500,0.0,0.0
2024-05-22 00:00:00-04:00,107.12999725341797,107.83000183105469,104.87000274658203,105.51000213623047,1405400,0.0,0.0
2024-05-23 00:00:00-04:00,106.4800033569336,106.5,104.26000213623047,105.4000015258789,1101500,0.0,0.0
2024-05-24 00:00:00-04:00,107.16999816894531,109.1500015258789,106.01000213623047,108.37000274658203,1269200,0.0,0.0
2024-05-28 00:00:00-04:00,108.52999877929688,110.2699966430664,106.75,109.2699966430664,1401200,0.0,0.0
2024-05-29 00:00:00-04:00,106.44999694824219,107.66999816894531,106.20999908447266,107.41000366210938,1092800,0.0,0.0
2024-05-30 00:00:00-04:00,107.0,108.44000244140625,105.98999786376953,106.37000274658203,834300,0.0,0.0
2024-05-31 00:00:00-04:00,106.70999908447266,107.58999633789062,104.33000183105469,106.9800033569336,1587900,0.0,0.0
2024-06-03 00:00:00-04:00,107.30999755859375,107.6500015258789,101.4000015258789,102.37000274658203,2211900,0.0,0.0
2024-06-04 00:00:00-04:00,107.79000091552734,109.73999786376953,103.04000091552734,103.44999694824219,2096100,0.0,0.0
2024-06-05 00:00:00-04:00,105.0,108.68000030517578,104.75,108.5,1254000,0.0,0.0
2024-06-06 00:00:00-04:00,107.91999816894531,108.29000091552734,105.18000030517578,108.0,1118200,0.0,0.0
2024-06-07 00:00:00-04:00,106.4000015258789,109.61000061035156,105.95999908447266,109.5,1687500,0.0,0.0
2024-06-10 00:00:00-04:00,107.52999877929688,109.44999694824219,106.02999877929688,107.12000274658203,1703300,0.0,0.0
2024-06-11 00:00:00-04:00,106.56999969482422,108.48999786376953,103.30999755859375,107.04000091552734,1149200,0.0,0.0
2024-06-12 00:00:00-04:00,108.87999725341797,109.31999969482422,105.05000305175781,106.5199966430664,1593000,0.0,0.0
2024-06-13 00:00:00-04:00,106.37999725341797,106.37999725341797,101.9800033569336,102.9800033569336,1751600,0.0,0.0
2024-06-14 00:00:00-04:00,100.95999908447266,103.4000015258789,97.0999984741211,102.98999786376953,2620400,0.0,0.0
2024-06-17 00:00:00-04:00,102.0,105.16000366210938,101.33999633789062,104.94000244140625,844400,0.0,0.0
2024-06-18 00:00:00-04:00,104.83999633789062,105.25,102.9000015258789,103.31999969482422,1392600,0.0,0.0
2024-06-20 00:00:00-04:00,103.30000305175781,105.61000061035156,102.83999633789062,105.06999969482422,1071100,0.0,0.0
2024-06-21 00:00:00-04:00,105.2300033569336,105.80000305175781,103.30999755859375,105.19999694824219,1424800,0.0,0.0
2024-06-24 00:00:00-04:00,105.37999725341797,107.56999969482422,104.94000244140625,105.38999938964844,1752600,0.0,0.0
2024-06-25 00:00:00-04:00,105.11000061035156,105.83999633789062,104.0199966430664,104.81999969482422,896500,0.0,0.0
2024-06-26 00:00:00-04:00,105.9800033569336,109.27999877929688,103.37999725341797,105.05000305175781,1513300,0.0,0.0
2024-06-27 00:00:00-04:00,104.45999908447266,105.30999755859375,103.08999633789062,103.11000061035156,1054200,0.0,0.0
2024-06-28 00:00:00-04:00,105.44999694824219,107.0999984741211,105.36000061035156,106.1500015258789,4472400,0.0,0.0
2024-07-01 00:00:00-04:00,106.1500015258789,106.41000366210938,103.63999938964844,105.37000274658203,947200,0.0,0.0
2024-07-02 00:00:00-04:00,105.25,106.3499984741211,104.93000030517578,106.19000244140625,692000,0.0,0.0
2024-07-03 00:00:00-04:00,106.25,108.44999694824219,106.19999694824219,107.0999984741211,521500,0.0,0.0
2024-07-05 00:00:00-04:00,106.98999786376953,108.22000122070312,105.6500015258789,106.55999755859375,554700,0.0,0.0
2024-07-08 00:00:00-04:00,106.72000122070312,107.11000061035156,102.04000091552734,103.91000366210938,1466700,0.0,0.0
2024-07-09 00:00:00-04:00,101.37999725341797,103.44000244140625,100.68000030517578,101.1500015258789,1179800,0.0,0.0
2024-07-10 00:00:00-04:00,101.69999694824219,102.20999908447266,100.41000366210938,101.97000122070312,835900,0.0,0.0
2024-07-11 00:00:00-04:00,103.08000183105469,105.93000030517578,102.45999908447266,104.88999938964844,1170400,0.0,0.0
2024-07-12 00:00:00-04:00,104.77999877929688,109.72000122070312,103.83000183105469,107.1500015258789,1664400,0.0,0.0
2024-07-15 00:00:00-04:00,107.8499984741211,114.12000274658203,107.43000030517578,113.55000305175781,2416800,0.0,0.0
2024-07-16 00:00:00-04:00,113.77999877929688,119.5999984741211,113.77999877929688,118.66999816894531,2382000,0.0,0.0
2024-07-17 00:00:00-04:00,116.93000030517578,117.4800033569336,113.4800033569336,114.12000274658203,2010000,0.0,0.0
2024-07-18 00:00:00-04:00,113.83000183105469,115.70999908447266,109.68000030517578,110.9800033569336,2229300,0.0,0.0
2024-07-19 00:00:00-04:00,111.54000091552734,113.0,110.18000030517578,112.9000015258789,1087600,0.0,0.0
2024-07-22 00:00:00-04:00,112.9800033569336,114.80999755859375,109.83000183105469,113.31999969482422,2111400,0.0,0.0
2024-07-23 00:00:00-04:00,112.73999786376953,114.05000305175781,111.23999786376953,111.41000366210938,1316700,0.0,0.0
2024-07-24 00:00:00-04:00,111.0999984741211,113.25,105.0199966430664,110.0,2475300,0.0,0.0
2024-07-25 00:00:00-04:00,108.91999816894531,119.2300033569336,108.77999877929688,114.9000015258789,2619000,0.0,0.0
2024-07-26 00:00:00-04:00,110.44999694824219,114.1500015258789,106.33000183105469,109.69999694824219,2451300,0.0,0.0
2024-07-29 00:00:00-04:00,110.13999938964844,113.6500015258789,109.62999725341797,110.45999908447266,1744100,0.0,0.0
2024-07-30 00:00:00-04:00,111.4800033569336,115.0,111.01000213623047,112.43000030517578,1256800,0.0,0.0
2024-07-31 00:00:00-04:00,113.47000122070312,117.47000122070312,113.0199966430664,114.88999938964844,1743700,0.0,0.0
2024-08-01 00:00:00-04:00,117.16999816894531,122.7699966430664,112.69999694824219,115.79000091552734,2510100,0.0,0.0
2024-08-02 00:00:00-04:00,110.0,111.8499984741211,102.93000030517578,110.93000030517578,3225600,0.0,0.0
2024-08-05 00:00:00-04:00,103.38999938964844,110.38999938964844,101.04000091552734,107.12000274658203,2424700,0.0,0.0
2024-08-06 00:00:00-04:00,107.58999633789062,114.1500015258789,105.7699966430664,111.08000183105469,1407500,0.0,0.0
2024-08-07 00:00:00-04:00,112.83999633789062,114.38999938964844,109.61000061035156,109.61000061035156,2034600,0.0,0.0
2024-08-08 00:00:00-04:00,111.62000274658203,115.22000122070312,111.30999755859375,114.62999725341797,1293100,0.0,0.0
2024-08-09 00:00:00-04:00,114.77999877929688,115.2699966430664,111.16000366210938,113.12999725341797,1444200,0.0,0.0
2024-08-12 00:00:00-04:00,113.18000030517578,113.44999694824219,111.0,112.58000183105469,881200,0.0,0.0
2024-08-13 00:00:00-04:00,112.72000122070312,115.4800033569336,111.7699966430664,114.93000030517578,1074500,0.0,0.0
2024-08-14 00:00:00-04:00,115.2300033569336,117.05000305175781,113.12000274658203,116.80999755859375,817000,0.0,0.0
2024-08-15 00:00:00-04:00,121.63999938964844,125.79000091552734,120.94000244140625,123.1500015258789,1771900,0.0,0.0
2024-08-16 00:00:00-04:00,123.05999755859375,123.33000183105469,120.1500015258789,121.12000274658203,1238500,0.0,0.0
2024-08-19 00:00:00-04:00,121.0199966430664,121.9800033569336,119.25,120.05000305175781,961600,0.0,0.0
2024-08-20 00:00:00-04:00,120.44999694824219,120.9000015258789,117.36000061035156,117.73999786376953,1249700,0.0,0.0
2024-08-21 00:00:00-04:00,118.56999969482422,122.25,118.08000183105469,122.25,1004400,0.0,0.0
2024-08-22 00:00:00-04:00,122.08999633789062,123.75,121.29000091552734,121.94999694824219,503800,0.0,0.0
2024-08-23 00:00:00-04:00,122.6500015258789,126.01000213623047,122.4800033569336,125.11000061035156,767400,0.0,0.0
2024-08-26 00:00:00-04:00,125.80000305175781,126.18000030517578,121.55999755859375,121.66999816894531,629700,0.0,0.0
2024-08-27 00:00:00-04:00,121.12999725341797,121.86000061035156,118.25,118.4800033569336,866600,0.0,0.0
2024-08-28 00:00:00-04:00,118.33000183105469,119.87000274658203,117.48999786376953,117.81999969482422,1008500,0.0,0.0
2024-08-29 00:00:00-04:00,118.61000061035156,119.41000366210938,114.52999877929688,115.0999984741211,1487000,0.0,0.0
2024-08-30 00:00:00-04:00,116.06999969482422,116.06999969482422,110.94999694824219,114.62000274658203,1589800,0.0,0.0
2024-09-03 00:00:00-04:00,113.5,113.76000213623047,110.9800033569336,112.70999908447266,1323200,0.0,0.0
2024-09-04 00:00:00-04:00,113.29000091552734,115.47000122070312,112.62000274658203,113.66000366210938,1164200,0.0,0.0
2024-09-05 00:00:00-04:00,105.0,106.98999786376953,99.37000274658203,102.72000122070312,3906200,0.0,0.0
2024-09-06 00:00:00-04:00,102.37000274658203,103.51000213623047,99.37000274658203,101.69999694824219,2104400,0.0,0.0
2024-09-09 00:00:00-04:00,101.69999694824219,103.94000244140625,101.23999786376953,101.88999938964844,1330100,0.0,0.0
2024-09-10 00:00:00-04:00,101.97000122070312,103.2300033569336,100.37999725341797,101.22000122070312,1385700,0.0,0.0
2024-09-11 00:00:00-04:00,100.68000030517578,103.38999938964844,97.02999877929688,102.87999725341797,1640800,0.0,0.0
2024-09-12 00:00:00-04:00,104.05000305175781,108.0999984741211,104.05000305175781,107.33999633789062,1988400,0.0,0.0
2024-09-13 00:00:00-04:00,108.30999755859375,109.87999725341797,107.2300033569336,109.5,1303200,0.0,0.0
2024-09-16 00:00:00-04:00,109.79000091552734,110.77999877929688,106.81999969482422,109.36000061035156,1017400,0.0,0.0
2024-09-17 00:00:00-04:00,110.23999786376953,112.25,109.06999969482422,110.80999755859375,898300,0.0,0.0
2024-09-18 00:00:00-04:00,111.45999908447266,113.63999938964844,109.77999877929688,111.48999786376953,1136400,0.0,0.0
2024-09-19 00:00:00-04:00,114.33999633789062,117.26000213623047,113.97000122070312,115.30000305175781,1119400,0.0,0.0
2024-09-20 00:00:00-04:00,113.9000015258789,113.9000015258789,111.25,112.5,2059300,0.0,0.0
2024-09-23 00:00:00-04:00,113.13999938964844,114.18000030517578,111.0999984741211,113.11000061035156,1187800,0.0,0.0
2024-09-24 00:00:00-04:00,114.4800033569336,115.4000015258789,114.0,115.12999725341797,1063400,0.0,0.0
2024-09-25 00:00:00-04:00,115.52999877929688,115.80999755859375,113.58999633789062,113.86000061035156,1303900,0.0,0.0
2024-09-26 00:00:00-04:00,115.13999938964844,117.18000030517578,110.94999694824219,111.27999877929688,854000,0.0,0.0
2024-09-27 00:00:00-04:00,112.02999877929688,113.55000305175781,110.13999938964844,111.52999877929688,688000,0.0,0.0
2024-09-30 00:00:00-04:00,111.08999633789062,112.19000244140625,106.29000091552734,107.51000213623047,3369200,0.0,0.0
2024-10-01 00:00:00-04:00,107.16999816894531,107.58999633789062,104.66000366210938,106.37000274658203,1960100,0.0,0.0
2024-10-02 00:00:00-04:00,106.16000366210938,108.08000183105469,105.62999725341797,107.44999694824219,1504600,0.0,0.0
2024-10-03 00:00:00-04:00,106.54000091552734,107.16000366210938,104.79000091552734,105.94999694824219,1737000,0.0,0.0
2024-10-04 00:00:00-04:00,108.81999969482422,108.9000015258789,105.0199966430664,106.26000213623047,1267800,0.0,0.0
2024-10-07 00:00:00-04:00,105.26000213623047,105.73999786376953,103.94000244140625,105.3499984741211,1091600,0.0,0.0
2024-10-08 00:00:00-04:00,105.11000061035156,107.88999938964844,104.68000030517578,107.41000366210938,902000,0.0,0.0
2024-10-09 00:00:00-04:00,108.4800033569336,110.95999908447266,108.31999969482422,109.04000091552734,2005500,0.0,0.0
2024-10-10 00:00:00-04:00,108.18000030517578,112.02999877929688,107.98999786376953,111.31999969482422,1177800,0.0,0.0
2024-10-11 00:00:00-04:00,112.29000091552734,115.80000305175781,112.25,115.54000091552734,1056300,0.0,0.0
2024-10-14 00:00:00-04:00,115.66000366210938,116.5199966430664,112.91000366210938,116.23999786376953,939200,0.0,0.0
2024-10-15 00:00:00-04:00,116.31999969482422,117.66000366210938,115.16000366210938,115.37000274658203,1302900,0.0,0.0
2024-10-16 00:00:00-04:00,117.80000305175781,119.55000305175781,115.91999816894531,116.83000183105469,1588300,0.0,0.0
2024-10-17 00:00:00-04:00,115.98999786376953,116.55000305175781,114.02999877929688,114.2699966430664,1144100,0.0,0.0
2024-10-18 00:00:00-04:00,115.0,115.0,111.01000213623047,112.9000015258789,1319400,0.0,0.0
2024-10-21 00:00:00-04:00,112.25,112.25,109.12000274658203,109.7300033569336,1596400,0.0,0.0
2024-10-22 00:00:00-04:00,109.0999984741211,111.08000183105469,108.22000122070312,110.83000183105469,1359300,0.0,0.0
2024-10-23 00:00:00-04:00,108.72000122070312,109.9000015258789,105.93000030517578,109.47000122070312,2048100,0.0,0.0
2024-10-24 00:00:00-04:00,110.23999786376953,112.47000122070312,109.48999786376953,112.01000213623047,1358200,0.0,0.0
2024-10-25 00:00:00-04:00,113.76000213623047,119.27999877929688,113.06999969482422,117.69999694824219,2099700,0.0,0.0
2024-10-28 00:00:00-04:00,118.11000061035156,119.7300033569336,117.0999984741211,119.55999755859375,1092500,0.0,0.0
2024-10-29 00:00:00-04:00,119.97000122070312,120.72000122070312,118.25,120.25,2054200,0.0,0.0
2024-10-30 00:00:00-04:00,127.0,138.7100067138672,126.87000274658203,133.99000549316406,4277300,0.0,0.0
2024-10-31 00:00:00-04:00,135.0,135.0,130.47000122070312,130.52999877929688,1548100,0.0,0.0
2024-11-01 00:00:00-04:00,131.80999755859375,132.0399932861328,129.85000610351562,130.19000244140625,860100,0.0,0.0
2024-11-04 00:00:00-05:00,130.14999389648438,133.69000244140625,129.8300018310547,133.5,1436300,0.0,0.0
2024-11-05 00:00:00-05:00,132.11000061035156,138.8000030517578,131.72999572753906,138.1999969482422,2147500,0.0,0.0
2024-11-06 00:00:00-05:00,148.5800018310547,154.97999572753906,148.5800018310547,151.72000122070312,3280900,0.0,0.0
2024-11-07 00:00:00-05:00,150.97999572753906,153.0500030517578,149.47000122070312,150.5800018310547,1363800,0.0,0.0
2024-11-08 00:00:00-05:00,149.75,152.57000732421875,148.75999450683594,152.22999572753906,1449100,0.0,0.0
2024-11-11 00:00:00-05:00,154.25,156.85000610351562,153.10000610351562,155.17999267578125,1383700,0.0,0.0
2024-11-12 00:00:00-05:00,154.47999572753906,155.25999450683594,150.85000610351562,151.5399932861328,1166700,0.0,0.0
2024-11-13 00:00:00-05:00,152.52999877929688,152.8300018310547,149.49000549316406,149.50999450683594,1065300,0.0,0.0
2024-11-14 00:00:00-05:00,150.6699981689453,150.97999572753906,148.22999572753906,148.92999267578125,909800,0.0,0.0
2024-11-15 00:00:00-05:00,147.77000427246094,148.50999450683594,144.75999450683594,145.7899932861328,1034800,0.0,0.0
2024-11-18 00:00:00-05:00,145.5500030517578,147.75,144.27999877929688,144.47000122070312,1357100,0.0,0.0
2024-11-19 00:00:00-05:00,142.92999267578125,146.7100067138672,142.77999877929688,145.77000427246094,673000,0.0,0.0
2024-11-20 00:00:00-05:00,145.3300018310547,146.80999755859375,143.0800018310547,146.52999877929688,631900,0.0,0.0
2024-11-21 00:00:00-05:00,147.2100067138672,152.22999572753906,147.2100067138672,149.69000244140625,1097600,0.0,0.0
2024-11-22 00:00:00-05:00,150.50999450683594,151.61000061035156,148.32000732421875,148.97000122070312,983100,0.0,0.0
2024-11-25 00:00:00-05:00,150.5500030517578,153.72999572753906,149.85000610351562,151.58999633789062,1389600,0.0,0.0
2024-11-26 00:00:00-05:00,150.3300018310547,151.52999877929688,148.4499969482422,151.32000732421875,1389900,0.0,0.0
2024-11-27 00:00:00-05:00,151.41000366210938,152.75999450683594,148.63999938964844,150.22000122070312,679300,0.0,0.0
2024-11-29 00:00:00-05:00,151.0,153.39999389648438,151.0,152.41000366210938,494400,0.0,0.0
2024-12-02 00:00:00-05:00,152.5,155.7899932861328,151.64999389648438,154.52999877929688,1514700,0.0,0.0
2024-12-03 00:00:00-05:00,153.8000030517578,155.41000366210938,151.97000122070312,153.36000061035156,1582900,0.0,0.0
2024-12-04 00:00:00-05:00,152.6999969482422,155.57000732421875,149.8300018310547,155.1300048828125,1547200,0.0,0.0
2024-12-05 00:00:00-05:00,154.75,155.52000427246094,150.14999389648438,150.38999938964844,1204900,0.0,0.0
2024-12-06 00:00:00-05:00,153.67999267578125,154.22000122070312,149.88999938964844,151.6300048828125,1354000,0.0,0.0
2024-12-09 00:00:00-05:00,151.6999969482422,156.7899932861328,148.60000610351562,153.50999450683594,3228200,0.0,0.0
2024-12-10 00:00:00-05:00,152.97999572753906,159.42999267578125,152.39999389648438,154.72000122070312,2554900,0.0,0.0
2024-12-11 00:00:00-05:00,155.3800048828125,158.38999938964844,155.1999969482422,158.1300048828125,1999100,0.0,0.0
2024-12-12 00:00:00-05:00,158.9199981689453,158.9199981689453,154.97999572753906,158.1699981689453,1176400,0.0,0.0
2024-12-13 00:00:00-05:00,158.30999755859375,159.13999938964844,155.8300018310547,156.3000030517578,1478700,0.0,0.0
2024-12-16 00:00:00-05:00,156.02000427246094,159.64999389648438,155.5,158.1999969482422,1807100,0.0,0.0
2024-12-17 00:00:00-05:00,158.75,161.0,156.6199951171875,157.94000244140625,2120200,0.0,0.0
2024-12-18 00:00:00-05:00,158.30999755859375,158.72000122070312,146.10000610351562,147.49000549316406,2052600,0.0,0.0
2024-12-19 00:00:00-05:00,148.9499969482422,150.7100067138672,144.3000030517578,145.50999450683594,1589300,0.0,0.0
2024-12-20 00:00:00-05:00,144.0,144.50999450683594,130.97000122070312,135.25,5484800,0.0,0.0
2024-12-23 00:00:00-05:00,135.74000549316406,136.44000244140625,130.75,132.9199981689453,2140000,0.0,0.0
2024-12-24 00:00:00-05:00,132.86000061035156,135.02999877929688,132.00999450683594,135.02999877929688,629200,0.0,0.0
2024-12-26 00:00:00-05:00,134.30999755859375,135.24000549316406,133.0800018310547,133.1699981689453,917400,0.0,0.0
2024-12-27 00:00:00-05:00,132.25999450683594,134.6199951171875,130.16000366210938,132.25999450683594,900500,0.0,0.0
2024-12-30 00:00:00-05:00,131.36000061035156,133.3300018310547,129.64999389648438,132.58999633789062,1422800,0.0,0.0
2024-12-31 00:00:00-05:00,132.97000122070312,133.35000610351562,130.9499969482422,131.14999389648438,1006700,0.0,0.0
2025-01-02 00:00:00-05:00,133.08999633789062,134.24000549316406,130.7899932861328,132.5,1319200,0.0,0.0
2025-01-03 00:00:00-05:00,133.07000732421875,139.75,132.7100067138672,138.4600067138672,1914600,0.0,0.0
2025-01-06 00:00:00-05:00,140.0,142.77999877929688,139.8699951171875,141.1199951171875,2593100,0.0,0.0
2025-01-07 00:00:00-05:00,138.5,139.97999572753906,134.3300018310547,135.4600067138672,1826200,0.0,0.0
2025-01-08 00:00:00-05:00,134.3800048828125,137.77999877929688,133.7100067138672,137.17999267578125,1130200,0.0,0.0
2025-01-10 00:00:00-05:00,134.58999633789062,135.92999267578125,133.61000061035156,134.19000244140625,1296800,0.0,0.0
2025-01-13 00:00:00-05:00,132.39999389648438,135.80999755859375,130.33999633789062,135.6699981689453,1109800,0.0,0.0
2025-01-14 00:00:00-05:00,137.14999389648438,137.25,133.8000030517578,135.52999877929688,1320400,0.0,0.0
2025-01-15 00:00:00-05:00,136.75,139.0,134.77999877929688,136.38999938964844,1495300,0.0,0.0
2025-01-16 00:00:00-05:00,136.30999755859375,140.08999633789062,135.94000244140625,138.52999877929688,1721800,0.0,0.0
2025-01-17 00:00:00-05:00,138.08999633789062,139.99000549316406,136.32000732421875,137.5800018310547,1072000,0.0,0.0
2025-01-21 00:00:00-05:00,139.38999938964844,140.0,136.07000732421875,138.30999755859375,2207200,0.0,0.0
2025-01-22 00:00:00-05:00,139.0800018310547,139.25,135.97000122070312,136.72000122070312,1268900,0.0,0.0
2025-01-23 00:00:00-05:00,139.47000122070312,141.32000732421875,137.75,139.00999450683594,1860200,0.0,0.0
2025-01-24 00:00:00-05:00,138.63999938964844,140.11000061035156,138.47000122070312,139.10000610351562,1671200,0.0,0.0
2025-01-27 00:00:00-05:00,136.77000427246094,141.24000549316406,136.64999389648438,138.3800048828125,1705300,0.0,0.0
2025-01-28 00:00:00-05:00,138.35000610351562,140.5500030517578,137.6999969482422,140.10000610351562,920800,0.0,0.0
2025-01-29 00:00:00-05:00,140.47000122070312,140.47000122070312,134.1199951171875,135.9499969482422,896400,0.0,0.0
2025-01-30 00:00:00-05:00,135.7100067138672,137.60000610351562,134.64999389648438,136.47000122070312,745300,0.0,0.0
2025-01-31 00:00:00-05:00,137.36000061035156,138.02000427246094,132.3800048828125,133.6699981689453,1501200,0.0,0.0
2025-02-03 00:00:00-05:00,130.39999389648438,134.07000732421875,128.5399932861328,128.6199951171875,1654400,0.0,0.0
2025-02-04 00:00:00-05:00,129.1999969482422,132.94000244140625,128.8000030517578,131.5,1161300,0.0,0.0
2025-02-05 00:00:00-05:00,132.6699981689453,137.9499969482422,132.08999633789062,136.30999755859375,2538100,0.0,0.0
2025-02-06 00:00:00-05:00,149.99000549316406,155.0800018310547,143.5,146.91000366210938,2516900,0.0,0.0
2025-02-07 00:00:00-05:00,146.44000244140625,148.7899932861328,143.39999389648438,148.16000366210938,1684800,0.0,0.0
2025-02-10 00:00:00-05:00,149.13999938964844,151.39999389648438,145.2100067138672,146.47999572753906,1218800,0.0,0.0
2025-02-11 00:00:00-05:00,145.63999938964844,148.1300048828125,143.47999572753906,148.00999450683594,1006800,0.0,0.0
2025-02-12 00:00:00-05:00,144.1300048828125,147.55999755859375,144.1300048828125,144.80999755859375,634000,0.0,0.0
2025-02-13 00:00:00-05:00,145.3000030517578,147.0,142.41000366210938,143.42999267578125,682500,0.0,0.0
2025-02-14 00:00:00-05:00,144.0,145.8699951171875,143.19000244140625,145.63999938964844,762400,0.0,0.0
2025-02-18 00:00:00-05:00,146.00999450683594,148.72999572753906,144.11000061035156,144.3000030517578,1170100,0.0,0.0
2025-02-19 00:00:00-05:00,142.02999877929688,142.3300018310547,137.32000732421875,137.39999389648438,1556800,0.0,0.0
2025-02-20 00:00:00-05:00,136.9499969482422,138.41000366210938,130.55999755859375,132.41000366210938,1427900,0.0,0.0
2025-02-21 00:00:00-05:00,132.4199981689453,132.4199981689453,116.86000061035156,124.58000183105469,4999000,0.0,0.0
2025-02-24 00:00:00-05:00,126.41000366210938,126.94999694824219,122.72000122070312,123.80999755859375,1867500,0.0,0.0
2025-02-25 00:00:00-05:00,123.79000091552734,124.66999816894531,119.18000030517578,122.0999984741211,2065700,0.0,0.0
2025-02-26 00:00:00-05:00,123.38999938964844,125.19000244140625,122.08999633789062,122.37000274658203,1016700,0.0,0.0
2025-02-27 00:00:00-05:00,122.91000366210938,125.05000305175781,119.94000244140625,120.54000091552734,1116200,0.0,0.0
2025-02-28 00:00:00-05:00,120.0,124.7300033569336,120.0,122.95999908447266,1213000,0.0,0.0
2025-03-03 00:00:00-05:00,124.58999633789062,125.5199966430664,119.08999633789062,119.61000061035156,1453300,0.0,0.0
2025-03-04 00:00:00-05:00,116.94999694824219,119.68000030517578,112.98999786376953,116.80000305175781,1840800,0.0,0.0
2025-03-05 00:00:00-05:00,116.68000030517578,118.41999816894531,111.33000183105469,112.7300033569336,2408300,0.0,0.0
2025-03-06 00:00:00-05:00,112.6500015258789,115.08999633789062,110.44000244140625,111.05999755859375,1483700,0.0,0.0
2025-03-07 00:00:00-05:00,110.9800033569336,111.38999938964844,105.87000274658203,108.3499984741211,2345600,0.0,0.0
2025-03-10 00:00:00-04:00,106.25,107.41000366210938,103.30999755859375,106.26000213623047,1934600,0.0,0.0
2025-03-11 00:00:00-04:00,106.05999755859375,108.91999816894531,104.86000061035156,107.16000366210938,2250300,0.0,0.0
2025-03-12 00:00:00-04:00,109.4000015258789,111.04000091552734,106.91000366210938,109.04000091552734,1810700,0.0,0.0
2025-03-13 00:00:00-04:00,110.0,110.95999908447266,105.08999633789062,106.12000274658203,1541700,0.0,0.0
2025-03-14 00:00:00-04:00,107.66000366210938,108.26000213623047,105.86000061035156,107.23999786376953,1190200,0.0,0.0
2025-03-17 00:00:00-04:00,107.95999908447266,112.0,106.23999786376953,111.26000213623047,1604900,0.0,0.0
2025-03-18 00:00:00-04:00,111.0,111.0,108.02999877929688,109.0999984741211,1162100,0.0,0.0
2025-03-19 00:00:00-04:00,109.58000183105469,112.37999725341797,108.69999694824219,111.5199966430664,1985300,0.0,0.0
2025-03-20 00:00:00-04:00,109.66999816894531,112.0199966430664,107.36000061035156,107.95999908447266,1303700,0.0,0.0
2025-03-21 00:00:00-04:00,106.0,108.80000305175781,104.77999877929688,108.61000061035156,2895000,0.0,0.0
2025-03-24 00:00:00-04:00,110.16999816894531,112.69000244140625,109.69000244140625,112.5,1079000,0.0,0.0
2025-03-25 00:00:00-04:00,112.5,114.05000305175781,110.01000213623047,111.0199966430664,1901500,0.0,0.0
2025-03-26 00:00:00-04:00,110.69999694824219,111.9800033569336,109.81999969482422,110.87000274658203,1298700,0.0,0.0
2025-03-27 00:00:00-04:00,111.33000183105469,114.87999725341797,110.7699966430664,113.20999908447266,2338700,0.0,0.0
2025-03-28 00:00:00-04:00,110.43000030517578,112.69999694824219,106.75,107.08999633789062,1722600,0.0,0.0
2025-03-31 00:00:00-04:00,104.66999816894531,107.97000122070312,103.58999633789062,107.58000183105469,1637200,0.0,0.0
2025-04-01 00:00:00-04:00,107.0,111.02999877929688,105.8499984741211,109.18000030517578,1260800,0.0,0.0
2025-04-02 00:00:00-04:00,106.87999725341797,112.23999786376953,106.4000015258789,111.30999755859375,965600,0.0,0.0
2025-04-03 00:00:00-04:00,104.83000183105469,106.70999908447266,95.58999633789062,96.01000213623047,2918300,0.0,0.0
2025-04-04 00:00:00-04:00,91.04000091552734,92.79000091552734,85.05999755859375,91.55000305175781,3823500,0.0,0.0
2025-04-07 00:00:00-04:00,87.95999908447266,100.18000030517578,86.44999694824219,92.05000305175781,2322600,0.0,0.0
2025-04-08 00:00:00-04:00,96.22000122070312,97.7699966430664,89.16999816894531,91.45999908447266,2280600,0.0,0.0
2025-04-09 00:00:00-04:00,90.68000030517578,110.19000244140625,87.23999786376953,105.55999755859375,5503100,0.0,0.0
2025-04-10 00:00:00-04:00,100.93000030517578,101.62000274658203,93.19000244140625,97.29000091552734,2592000,0.0,0.0
2025-04-11 00:00:00-04:00,96.37000274658203,96.37000274658203,88.5,93.77999877929688,2098800,0.0,0.0
2025-04-14 00:00:00-04:00,96.08000183105469,97.95999908447266,94.11000061035156,97.45999908447266,1710700,0.0,0.0
2025-04-15 00:00:00-04:00,97.25,97.94000244140625,94.62000274658203,95.77999877929688,1204000,0.0,0.0
2025-04-16 00:00:00-04:00,94.02999877929688,95.5,92.1500015258789,93.48999786376953,1507200,0.0,0.0
2025-04-17 00:00:00-04:00,93.83000183105469,97.2699966430664,93.05000305175781,96.73999786376953,1028700,0.0,0.0
2025-04-21 00:00:00-04:00,94.94000244140625,96.0199966430664,91.66000366210938,93.8499984741211,1290500,0.0,0.0
2025-04-22 00:00:00-04:00,95.06999969482422,96.41999816894531,93.4800033569336,96.41999816894531,1331300,0.0,0.0
2025-04-23 00:00:00-04:00,101.80999755859375,106.4000015258789,99.75,99.95999908447266,2275200,0.0,0.0
2025-04-24 00:00:00-04:00,98.94000244140625,104.19999694824219,97.9800033569336,103.72000122070312,1531700,0.0,0.0
2025-04-25 00:00:00-04:00,97.83999633789062,98.0,93.81999969482422,96.41999816894531,3939700,0.0,0.0
2025-04-28 00:00:00-04:00,96.5,98.62000274658203,94.30999755859375,97.52999877929688,2949500,0.0,0.0
2025-04-29 00:00:00-04:00,96.58000183105469,98.12000274658203,95.2300033569336,97.43000030517578,3123000,0.0,0.0
2025-04-30 00:00:00-04:00,104.0,106.79000091552734,100.0999984741211,106.12000274658203,4182800,0.0,0.0
2025-05-01 00:00:00-04:00,106.0,107.80000305175781,103.70999908447266,103.94000244140625,2773500,0.0,0.0
2025-05-02 00:00:00-04:00,106.18000030517578,110.4800033569336,105.9000015258789,109.73999786376953,2316800,0.0,0.0
2025-05-05 00:00:00-04:00,108.56999969482422,111.29000091552734,108.06999969482422,109.29000091552734,1657300,0.0,0.0
2025-05-06 00:00:00-04:00,107.08999633789062,108.88999938964844,106.6500015258789,107.70999908447266,1748400,0.0,0.0
2025-05-07 00:00:00-04:00,109.23999786376953,111.27999877929688,108.58000183105469,109.4800033569336,1582000,0.0,0.0
2025-05-08 00:00:00-04:00,110.94999694824219,114.20999908447266,109.63999938964844,112.05999755859375,1593800,0.0,0.0
2025-05-09 00:00:00-04:00,111.68000030517578,112.9000015258789,110.1500015258789,111.01000213623047,955500,0.0,0.0
2025-05-12 00:00:00-04:00,120.08000183105469,129.33999633789062,119.69000244140625,126.51000213623047,3734400,0.0,0.0
2025-05-13 00:00:00-04:00,126.52999877929688,128.22000122070312,124.77999877929688,126.0,2345600,0.0,0.0
2025-05-14 00:00:00-04:00,125.20999908447266,128.63999938964844,124.0,127.72000122070312,1844900,0.0,0.0
2025-05-15 00:00:00-04:00,126.16000366210938,128.25999450683594,125.5199966430664,125.68000030517578,1947800,0.0,0.0
2025-05-16 00:00:00-04:00,126.37999725341797,128.1999969482422,125.16999816894531,128.10000610351562,1544800,0.0,0.0
2025-05-19 00:00:00-04:00,125.0,127.0,124.27999877929688,125.69000244140625,1619700,0.0,0.0
2025-05-20 00:00:00-04:00,125.5,126.6500015258789,123.88999938964844,124.44000244140625,877400,0.0,0.0
2025-05-21 00:00:00-04:00,122.08999633789062,123.52999877929688,119.70999908447266,120.62999725341797,1122800,0.0,0.0
2025-05-22 00:00:00-04:00,120.62999725341797,120.62999725341797,118.5,118.77999877929688,1855200,0.0,0.0
2025-05-23 00:00:00-04:00,115.79000091552734,118.22000122070312,115.79000091552734,117.0,1031300,0.0,0.0
2025-05-27 00:00:00-04:00,118.58000183105469,119.4000015258789,117.61000061035156,118.80999755859375,1097000,0.0,0.0
2025-05-28 00:00:00-04:00,119.22000122070312,120.5,118.11000061035156,118.31999969482422,1146600,0.0,0.0
2025-05-29 00:00:00-04:00,119.5199966430664,119.69999694824219,116.44999694824219,117.54000091552734,1445600,0.0,0.0
2025-05-30 00:00:00-04:00,117.16000366210938,117.16000366210938,113.13999938964844,113.83000183105469,2053700,0.0,0.0
2025-06-02 00:00:00-04:00,114.48999786376953,114.94000244140625,110.77999877929688,112.88999938964844,2411700,0.0,0.0
2025-06-03 00:00:00-04:00,112.66999816894531,116.31999969482422,112.0,114.9800033569336,1374500,0.0,0.0
2025-06-04 00:00:00-04:00,115.12000274658203,115.69999694824219,112.93000030517578,114.93000030517578,1216600,0.0,0.0
2025-06-05 00:00:00-04:00,116.68000030517578,119.16999816894531,114.27999877929688,116.66999816894531,1786500,0.0,0.0
2025-06-06 00:00:00-04:00,119.4800033569336,119.4800033569336,117.05999755859375,118.47000122070312,1235400,0.0,0.0
2025-06-09 00:00:00-04:00,120.77999877929688,121.12000274658203,119.05999755859375,119.54000091552734,814700,0.0,0.0
2025-06-10 00:00:00-04:00,120.70999908447266,123.62000274658203,119.6500015258789,123.52999877929688,1264600,0.0,0.0
2025-06-11 00:00:00-04:00,124.5,124.91999816894531,119.91999816894531,120.58999633789062,1157500,0.0,0.0
2025-06-12 00:00:00-04:00,119.58999633789062,122.26000213623047,118.62999725341797,122.23999786376953,971100,0.0,0.0
2025-06-13 00:00:00-04:00,118.95999908447266,121.80999755859375,118.95999908447266,120.44999694824219,1038700,0.0,0.0
2025-06-16 00:00:00-04:00,122.1500015258789,124.5199966430664,120.87000274658203,122.55999755859375,1060300,0.0,0.0
2025-06-17 00:00:00-04:00,120.48999786376953,122.58000183105469,119.62999725341797,119.79000091552734,743000,0.0,0.0
2025-06-18 00:00:00-04:00,123.95999908447266,123.95999908447266,119.30999755859375,120.62000274658203,1158400,0.0,0.0
2025-06-20 00:00:00-04:00,121.94000244140625,123.70999908447266,119.06999969482422,119.8499984741211,1194000,0.0,0.0
2025-06-23 00:00:00-04:00,119.0,124.97000122070312,118.51000213623047,124.43000030517578,1373000,0.0,0.0
2025-06-24 00:00:00-04:00,126.25,128.1300048828125,125.12000274658203,125.93000030517578,1676800,0.0,0.0
2025-06-25 00:00:00-04:00,125.95999908447266,125.97000122070312,123.44000244140625,124.02999877929688,874700,0.0,0.0
2025-06-26 00:00:00-04:00,124.9800033569336,124.98999786376953,123.16999816894531,124.16999816894531,1288500,0.0,0.0
2025-06-27 00:00:00-04:00,124.4800033569336,128.27999877929688,123.69999694824219,127.4800033569336,4359900,0.0,0.0
2025-06-30 00:00:00-04:00,127.66999816894531,128.2899932861328,125.7300033569336,126.29000091552734,1464300,0.0,0.0
2025-07-01 00:00:00-04:00,125.8499984741211,131.97000122070312,125.4000015258789,129.4600067138672,1274000,0.0,0.0
2025-07-02 00:00:00-04:00,129.61000061035156,132.74000549316406,128.3800048828125,132.5,992100,0.0,0.0
2025-07-03 00:00:00-04:00,133.61000061035156,134.3800048828125,131.11000061035156,132.1300048828125,535700,0.0,0.0
2025-07-07 00:00:00-04:00,130.83999633789062,132.6699981689453,127.91000366210938,129.69000244140625,1237500,0.0,0.0
2025-07-08 00:00:00-04:00,130.63999938964844,133.3000030517578,129.14999389648438,132.25999450683594,1119000,0.0,0.0
2025-07-09 00:00:00-04:00,131.86000061035156,133.16000366210938,130.22000122070312,132.1300048828125,672400,0.0,0.0
2025-07-10 00:00:00-04:00,132.49000549316406,136.24000549316406,131.63999938964844,133.94000244140625,912100,0.0,0.0
2025-07-11 00:00:00-04:00,133.1699981689453,133.47000122070312,131.99000549316406,132.35000610351562,623400,0.0,0.0
2025-07-14 00:00:00-04:00,131.9600067138672,132.7899932861328,130.80999755859375,132.42999267578125,656600,0.0,0.0
2025-07-15 00:00:00-04:00,133.47999572753906,133.47999572753906,128.2100067138672,128.2899932861328,1136400,0.0,0.0
2025-07-16 00:00:00-04:00,129.99000549316406,130.4499969482422,126.04000091552734,128.5,867500,0.0,0.0
2025-07-17 00:00:00-04:00,128.8300018310547,131.6199951171875,128.8300018310547,130.3800048828125,774000,0.0,0.0
2025-07-18 00:00:00-04:00,132.75999450683594,134.0,128.6999969482422,129.6300048828125,625100,0.0,0.0
2025-07-21 00:00:00-04:00,130.75,131.97999572753906,128.36000061035156,128.44000244140625,744800,0.0,0.0
2025-07-22 00:00:00-04:00,129.19000244140625,133.36000061035156,128.82000732421875,133.07000732421875,884100,0.0,0.0
2025-07-23 00:00:00-04:00,134.69000244140625,135.7899932861328,133.07000732421875,135.0,1142200,0.0,0.0
2025-07-24 00:00:00-04:00,135.63999938964844,136.27000427246094,134.11000061035156,135.69000244140625,1143200,0.0,0.0
2025-07-25 00:00:00-04:00,141.57000732421875,141.57000732421875,133.25,138.30999755859375,1352500,0.0,0.0
2025-07-28 00:00:00-04:00,137.7899932861328,138.57000732421875,135.58999633789062,135.74000549316406,928200,0.0,0.0
2025-07-29 00:00:00-04:00,135.11000061035156,136.58999633789062,133.24000549316406,134.4600067138672,1276300,0.0,0.0
2025-07-30 00:00:00-04:00,133.99000549316406,134.7100067138672,130.69000244140625,132.2899932861328,1826800,0.0,0.0
2025-07-31 00:00:00-04:00,130.0,130.19000244140625,119.5199966430664,120.29000091552734,3810800,0.0,0.0
2025-08-01 00:00:00-04:00,120.73999786376953,120.91000366210938,118.26000213623047,118.79000091552734,2046600,0.0,0.0
2025-08-04 00:00:00-04:00,119.37000274658203,120.0199966430664,118.26000213623047,119.48999786376953,1314400,0.0,0.0
2025-08-05 00:00:00-04:00,119.55999755859375,120.69000244140625,116.68000030517578,120.41999816894531,1077700,0.0,0.0
2025-08-06 00:00:00-04:00,120.66999816894531,123.12999725341797,119.5999984741211,123.05000305175781,851000,0.0,0.0
2025-08-07 00:00:00-04:00,124.37999725341797,124.5199966430664,119.56999969482422,120.37999725341797,1041400,0.0,0.0
2025-08-08 00:00:00-04:00,120.73999786376953,122.0,118.75,120.22000122070312,921300,0.0,0.0
2025-08-11 00:00:00-04:00,120.37999725341797,121.12000274658203,117.9800033569336,119.05000305175781,877000,0.0,0.0
2025-08-12 00:00:00-04:00,120.36000061035156,126.7300033569336,119.9800033569336,126.54000091552734,1394500,0.0,0.0
2025-08-13 00:00:00-04:00,126.63999938964844,131.4499969482422,126.0999984741211,130.30999755859375,810900,0.0,0.0
2025-08-14 00:00:00-04:00,128.6199951171875,129.38999938964844,126.83000183105469,128.67999267578125,830300,0.0,0.0
2025-08-15 00:00:00-04:00,129.02000427246094,129.94000244140625,126.9000015258789,127.4000015258789,1060500,0.0,0.0
2025-08-18 00:00:00-04:00,127.58999633789062,128.6300048828125,126.80000305175781,127.87999725341797,1310200,0.0,0.0
2025-08-19 00:00:00-04:00,128.60000610351562,133.13999938964844,128.1199951171875,131.44000244140625,1138300,0.0,0.0
2025-08-20 00:00:00-04:00,130.6699981689453,130.75,125.83000183105469,126.66999816894531,1183500,0.0,0.0
2025-08-21 00:00:00-04:00,125.8499984741211,128.1699981689453,125.05999755859375,127.91999816894531,850200,0.0,0.0
2025-08-22 00:00:00-04:00,128.27000427246094,138.0,126.43000030517578,137.39999389648438,1996700,0.0,0.0
2025-08-25 00:00:00-04:00,136.75999450683594,137.6999969482422,134.44000244140625,134.6699981689453,1307900,0.0,0.0
2025-08-26 00:00:00-04:00,134.35000610351562,137.9499969482422,133.00999450683594,136.32000732421875,1714300,0.0,0.0
2025-08-27 00:00:00-04:00,135.1999969482422,137.1300048828125,131.6300048828125,132.11000061035156,1323500,0.0,0.0
2025-08-28 00:00:00-04:00,133.17999267578125,133.60000610351562,128.82000732421875,130.14999389648438,1168000,0.0,0.0
2025-08-29 00:00:00-04:00,130.13999938964844,130.13999938964844,127.66999816894531,129.6999969482422,1023000,0.0,0.0
2025-09-02 00:00:00-04:00,127.76000213623047,127.76000213623047,125.70999908447266,126.93000030517578,1192900,0.0,0.0
2025-09-03 00:00:00-04:00,126.30999755859375,127.7699966430664,124.83000183105469,125.8499984741211,967300,0.0,0.0
2025-09-04 00:00:00-04:00,125.86000061035156,130.9600067138672,123.9000015258789,130.8300018310547,1346500,0.0,0.0
2025-09-05 00:00:00-04:00,131.33999633789062,134.35000610351562,129.7100067138672,130.91000366210938,924800,0.0,0.0
2025-09-08 00:00:00-04:00,130.86000061035156,132.8300018310547,129.1999969482422,132.6199951171875,1066100,0.0,0.0
2025-09-09 00:00:00-04:00,132.13999938964844,132.58999633789062,130.08999633789062,130.5800018310547,886500,0.0,0.0
2025-09-10 00:00:00-04:00,131.27999877929688,131.99000549316406,128.1300048828125,130.2899932861328,752700,0.0,0.0
2025-09-11 00:00:00-04:00,131.00999450683594,135.75999450683594,130.92999267578125,134.39999389648438,813100,0.0,0.0
2025-09-12 00:00:00-04:00,133.55999755859375,134.1999969482422,130.1300048828125,130.19000244140625,713800,0.0,0.0
2025-09-15 00:00:00-04:00,130.60000610351562,134.97000122070312,129.75999450683594,133.9199981689453,1270600,0.0,0.0
2025-09-16 00:00:00-04:00,134.02000427246094,135.5399932861328,132.5800018310547,135.39999389648438,808500,0.0,0.0
2025-09-17 00:00:00-04:00,134.4600067138672,137.1999969482422,129.3800048828125,129.72999572753906,1798400,0.0,0.0
2025-09-18 00:00:00-04:00,131.49000549316406,135.44000244140625,130.22000122070312,131.63999938964844,917200,0.0,0.0
2025-09-19 00:00:00-04:00,131.6999969482422,131.86000061035156,129.4499969482422,130.94000244140625,1176000,0.0,0.0
2025-09-22 00:00:00-04:00,130.9199981689453,131.88999938964844,129.08999633789062,131.36000061035156,1093300,0.0,0.0
2025-09-23 00:00:00-04:00,132.05999755859375,134.55999755859375,131.33999633789062,133.27999877929688,1391900,0.0,0.0
2025-09-24 00:00:00-04:00,133.22000122070312,134.5,129.61000061035156,130.11000061035156,887400,0.0,0.0
2025-09-25 00:00:00-04:00,129.1199951171875,130.16000366210938,127.95999908447266,129.14999389648438,498600,0.0,0.0
2025-09-26 00:00:00-04:00,129.5800018310547,131.85000610351562,122.12000274658203,126.05000305175781,2233600,0.0,0.0
2025-09-29 00:00:00-04:00,126.55999755859375,127.88999938964844,123.98999786376953,127.3499984741211,984400,0.0,0.0
2025-09-30 00:00:00-04:00,126.37000274658203,129.47999572753906,125.3499984741211,129.27000427246094,1362700,0.0,0.0
2025-10-01 00:00:00-04:00,128.0500030517578,128.6300048828125,124.9000015258789,126.93000030517578,921500,0.0,0.0
2025-10-02 00:00:00-04:00,126.7300033569336,128.14999389648438,124.23999786376953,126.83999633789062,971300,0.0,0.0
2025-10-03 00:00:00-04:00,128.2899932861328,131.67999267578125,127.77999877929688,128.5,868900,0.0,0.0
2025-10-06 00:00:00-04:00,128.1999969482422,134.52000427246094,125.83000183105469,133.4499969482422,1222800,0.0,0.0
2025-10-07 00:00:00-04:00,133.1999969482422,134.99000549316406,129.83999633789062,132.41000366210938,848700,0.0,0.0
2025-10-08 00:00:00-04:00,132.22999572753906,138.64999389648438,130.39999389648438,137.5800018310547,1296900,0.0,0.0
2025-10-09 00:00:00-04:00,138.02999877929688,138.1300048828125,134.77999877929688,137.6699981689453,1024700,0.0,0.0
2025-10-10 00:00:00-04:00,138.6699981689453,140.4199981689453,128.7899932861328,129.3800048828125,1708000,0.0,0.0
2025-10-13 00:00:00-04:00,131.00999450683594,131.9499969482422,128.2899932861328,128.42999267578125,960100,0.0,0.0
2025-10-14 00:00:00-04:00,127.01000213623047,130.92999267578125,125.29000091552734,129.4199981689453,1564800,0.0,0.0
2025-10-15 00:00:00-04:00,130.69000244140625,131.19000244140625,127.9800033569336,129.16000366210938,881500,0.0,0.0
2025-10-16 00:00:00-04:00,132.3800048828125,133.24000549316406,128.97999572753906,131.0800018310547,1679700,0.0,0.0
2025-10-17 00:00:00-04:00,131.2899932861328,131.7899932861328,128.10000610351562,129.92999267578125,1071700,0.0,0.0
2025-10-20 00:00:00-04:00,131.0399932861328,134.85000610351562,130.57000732421875,133.7899932861328,1078200,0.0,0.0
2025-10-21 00:00:00-04:00,132.4600067138672,137.3300018310547,131.86000061035156,136.0,1103500,0.0,0.0
2025-10-22 00:00:00-04:00,135.16000366210938,136.6300048828125,131.1300048828125,131.25,1432500,0.0,0.0
2025-10-23 00:00:00-04:00,130.2100067138672,130.2100067138672,124.48999786376953,125.44999694824219,1356300,0.0,0.0
2025-10-24 00:00:00-04:00,126.51000213623047,129.3699951171875,125.69000244140625,125.7699966430664,1110100,0.0,0.0
2025-10-27 00:00:00-04:00,127.1500015258789,127.41999816894531,124.48999786376953,125.25,1077900,0.0,0.0
2025-10-28 00:00:00-04:00,126.62000274658203,126.62000274658203,122.91000366210938,123.66000366210938,1961300,0.0,0.0
2025-10-29 00:00:00-04:00,124.0199966430664,128.58999633789062,121.4800033569336,124.75,2886000,0.0,0.0
2025-10-30 00:00:00-04:00,133.60000610351562,141.33999633789062,132.66000366210938,135.97000122070312,2883000,0.0,0.0
2025-10-31 00:00:00-04:00,135.5399932861328,144.52999877929688,133.57000732421875,143.8699951171875,2116400,0.0,0.0
2025-11-03 00:00:00-05:00,143.38999938964844,144.00999450683594,137.44000244140625,138.2899932861328,1741800,0.0,0.0
2025-11-04 00:00:00-05:00,135.50999450683594,141.0399932861328,134.99000549316406,140.66000366210938,1093700,0.0,0.0
2025-11-05 00:00:00-05:00,140.1199951171875,140.8699951171875,136.32000732421875,138.33999633789062,825200,0.0,0.0
2025-11-06 00:00:00-05:00,138.00999450683594,138.91000366210938,135.08999633789062,136.24000549316406,833100,0.0,0.0
2025-11-07 00:00:00-05:00,135.0500030517578,140.94000244140625,134.41000366210938,140.77000427246094,774300,0.0,0.0
2025-11-10 00:00:00-05:00,141.25999450683594,142.86000061035156,137.85000610351562,139.39999389648438,1174800,0.0,0.0
2025-11-11 00:00:00-05:00,139.3300018310547,139.3300018310547,136.3800048828125,138.27000427246094,936600,0.0,0.0
2025-11-12 00:00:00-05:00,138.27000427246094,141.92999267578125,138.27000427246094,140.5,912300,0.0,0.0
2025-11-13 00:00:00-05:00,138.97999572753906,142.02999877929688,134.6300048828125,135.47000122070312,1082200,0.0,0.0
2025-11-14 00:00:00-05:00,133.99000549316406,136.55999755859375,133.33999633789062,133.75,1111900,0.0,0.0
2025-11-17 00:00:00-05:00,133.83999633789062,133.99000549316406,127.7300033569336,127.91999816894531,1440600,0.0,0.0
2025-11-18 00:00:00-05:00,127.18000030517578,130.72999572753906,126.4800033569336,128.8300018310547,913500,0.0,0.0
2025-11-19 00:00:00-05:00,128.66000366210938,130.75,125.0,126.72000122070312,1311800,0.0,0.0
2025-11-20 00:00:00-05:00,127.5199966430664,130.91000366210938,124.81999969482422,125.63999938964844,1216400,0.0,0.0
2025-11-21 00:00:00-05:00,126.0,138.07000732421875,125.44000244140625,132.52999877929688,1708600,0.0,0.0
2025-11-24 00:00:00-05:00,132.8300018310547,134.72000122070312,131.4499969482422,133.8000030517578,947400,0.0,0.0
2025-11-25 00:00:00-05:00,133.99000549316406,140.3699951171875,133.99000549316406,139.99000549316406,1736000,0.0,0.0
2025-11-26 00:00:00-05:00,140.11000061035156,143.10000610351562,139.49000549316406,141.72999572753906,1324600,0.0,0.0
2025-11-28 00:00:00-05:00,142.0,143.36000061035156,141.4600067138672,142.05999755859375,434000,0.0,0.0
2025-12-01 00:00:00-05:00,141.0,146.32000732421875,140.91000366210938,143.42999267578125,1506700,0.0,0.0
2025-12-02 00:00:00-05:00,136.3800048828125,137.8699951171875,130.02000427246094,135.35000610351562,3742800,0.0,0.0
2025-12-03 00:00:00-05:00,135.33999633789062,142.63999938964844,135.00999450683594,139.75999450683594,1665600,0.0,0.0
2025-12-04 00:00:00-05:00,139.66000366210938,142.22000122070312,139.0800018310547,140.85000610351562,873500,0.0,0.0
2025-12-05 00:00:00-05:00,140.69000244140625,144.2899932861328,140.0800018310547,142.9199981689453,1264000,0.0,0.0
2025-12-08 00:00:00-05:00,142.32000732421875,143.22999572753906,139.25,140.8300018310547,1459800,0.0,0.0
2025-12-09 00:00:00-05:00,140.38999938964844,143.4499969482422,139.77000427246094,142.74000549316406,1470800,0.0,0.0
2025-12-10 00:00:00-05:00,143.5,150.8699951171875,143.02999877929688,150.42999267578125,2195200,0.0,0.0
2025-12-11 00:00:00-05:00,151.3300018310547,154.85000610351562,149.4600067138672,150.1199951171875,2239100,0.0,0.0
2025-12-12 00:00:00-05:00,150.6999969482422,153.3800048828125,147.8000030517578,149.05999755859375,1330700,0.0,0.0
2025-12-15 00:00:00-05:00,147.22000122070312,149.2899932861328,144.83999633789062,146.67999267578125,1416700,0.0,0.0
2025-12-16 00:00:00-05:00,148.27999877929688,149.0,145.9600067138672,148.14999389648438,1437500,0.0,0.0
2025-12-17 00:00:00-05:00,148.14999389648438,148.14999389648438,142.92999267578125,145.10000610351562,1241800,0.0,0.0
2025-12-18 00:00:00-05:00,146.16000366210938,147.00999450683594,139.77999877929688,140.9199981689453,3228300,0.0,0.0
2025-12-19 00:00:00-05:00,139.61000061035156,140.6300048828125,134.61000061035156,138.52000427246094,3098500,0.0,0.0
2025-12-22 00:00:00-05:00,138.94000244140625,141.94000244140625,137.1300048828125,141.27999877929688,1443900,0.0,0.0
2025-12-23 00:00:00-05:00,140.77999877929688,142.0800018310547,139.0399932861328,140.08999633789062,1157300,0.0,0.0
2025-12-24 00:00:00-05:00,140.00999450683594,141.6199951171875,139.4199981689453,141.13999938964844,338900,0.0,0.0
2025-12-26 00:00:00-05:00,140.32000732421875,142.08999633789062,140.14999389648438,141.32000732421875,615800,0.0,0.0
2025-12-29 00:00:00-05:00,140.75,142.0500030517578,138.5800018310547,139.02000427246094,633700,0.0,0.0
2025-12-30 00:00:00-05:00,138.74000549316406,139.4199981689453,137.1999969482422,137.69000244140625,1013300,0.0,0.0
2025-12-31 00:00:00-05:00,137.0800018310547,137.32000732421875,135.6199951171875,135.91000366210938,757100,0.0,0.0
2026-01-02 00:00:00-05:00,135.52999877929688,138.97999572753906,135.13999938964844,138.7899932861328,676000,0.0,0.0
2026-01-05 00:00:00-05:00,138.75999450683594,146.63999938964844,138.33999633789062,145.14999389648438,1377700,0.0,0.0
2026-01-06 00:00:00-05:00,145.14999389648438,152.3300018310547,143.94000244140625,150.50999450683594,1817900,0.0,0.0
2026-01-07 00:00:00-05:00,150.86000061035156,152.11000061035156,143.75999450683594,143.89999389648438,1133000,0.0,0.0
2026-01-08 00:00:00-05:00,139.02000427246094,145.1300048828125,137.4199981689453,143.85000610351562,1463200,0.0,0.0
2026-01-09 00:00:00-05:00,144.61000061035156,147.75999450683594,143.30999755859375,146.72999572753906,884500,0.0,0.0
2026-01-12 00:00:00-05:00,143.8000030517578,146.32000732421875,142.50999450683594,146.1300048828125,1350100,0.0,0.0
2026-01-13 00:00:00-05:00,143.57000732421875,147.88999938964844,143.42999267578125,147.22000122070312,914100,0.0,0.0
2026-01-14 00:00:00-05:00,146.11000061035156,150.8699951171875,144.36000061035156,150.16000366210938,1668200,0.0,0.0
2026-01-15 00:00:00-05:00,152.9499969482422,155.16000366210938,149.3000030517578,154.4199981689453,1632600,0.0,0.0
2026-01-16 00:00:00-05:00,154.7100067138672,155.9499969482422,149.7100067138672,150.41000366210938,1309000,0.0,0.0
2026-01-20 00:00:00-05:00,146.99000549316406,148.08999633789062,143.10000610351562,145.89999389648438,1514200,0.0,0.0
2026-01-21 00:00:00-05:00,147.6300048828125,153.3000030517578,147.61000061035156,149.82000732421875,1179200,0.0,0.0
2026-01-22 00:00:00-05:00,150.6999969482422,152.39999389648438,148.60000610351562,149.60000610351562,929000,0.0,0.0
2026-01-23 00:00:00-05:00,149.32000732421875,149.32000732421875,146.55999755859375,147.27000427246094,1054100,0.0,0.0
2026-01-26 00:00:00-05:00,147.27000427246094,150.0399932861328,145.17999267578125,148.7899932861328,1127000,0.0,0.0
2026-01-27 00:00:00-05:00,148.52999877929688,149.8800048828125,147.66000366210938,148.60000610351562,546800,0.0,0.0
2026-01-28 00:00:00-05:00,148.9199981689453,150.38999938964844,147.25999450683594,148.22999572753906,1245700,0.0,0.0
2026-01-29 00:00:00-05:00,149.94000244140625,151.5800018310547,147.8000030517578,150.91000366210938,1206500,0.0,0.0
2026-01-30 00:00:00-05:00,147.92999267578125,151.6199951171875,147.58999633789062,148.11000061035156,1377700,0.0,0.0
2026-02-02 00:00:00-05:00,147.8000030517578,163.14999389648438,146.75999450683594,163.05999755859375,2846300,0.0,0.0
2026-02-03 00:00:00-05:00,163.75999450683594,171.74000549316406,163.75999450683594,169.6199951171875,3328300,0.0,0.0
2026-02-04 00:00:00-05:00,171.75999450683594,180.38999938964844,170.14999389648438,179.5399932861328,4669400,0.0,0.0
2026-02-05 00:00:00-05:00,200.0800018310547,200.1300048828125,184.30999755859375,185.6199951171875,7504200,0.0,0.0
2026-02-06 00:00:00-05:00,186.83999633789062,204.1300048828125,185.99000549316406,203.61000061035156,4785800,0.0,0.0
2026-02-09 00:00:00-05:00,205.92999267578125,207.0399932861328,200.2899932861328,206.86000061035156,2062200,0.0,0.0
2026-02-10 00:00:00-05:00,206.0,206.0,197.5399932861328,200.10000610351562,3188000,0.0,0.0
2026-02-11 00:00:00-05:00,199.67999267578125,205.9600067138672,199.39999389648438,201.8300018310547,2010000,0.0,0.0
2026-02-12 00:00:00-05:00,204.77999877929688,207.0,185.66000366210938,189.80999755859375,4659200,0.0,0.0
2026-02-13 00:00:00-05:00,189.74000549316406,196.9600067138672,186.5500030517578,195.3300018310547,1683200,0.0,0.0
2026-02-17 00:00:00-05:00,195.14999389648438,203.4600067138672,194.55999755859375,202.13999938964844,1567000,0.0,0.0
2026-02-18 00:00:00-05:00,202.14999389648438,207.77000427246094,202.14999389648438,202.9600067138672,1469900,0.0,0.0
2026-02-19 00:00:00-05:00,201.99000549316406,204.1300048828125,201.38999938964844,203.33999633789062,1328400,0.0,0.0
2026-02-20 00:00:00-05:00,202.1300048828125,212.7100067138672,202.1300048828125,209.8699951171875,1769300,0.0,0.0
2026-02-23 00:00:00-05:00,207.52999877929688,208.1699981689453,200.80999755859375,201.17999267578125,1197200,0.0,0.0
2026-02-24 00:00:00-05:00,201.8000030517578,206.13999938964844,201.8000030517578,204.52999877929688,979700,0.0,0.0
2026-02-25 00:00:00-05:00,204.5399932861328,204.5399932861328,196.72000122070312,198.49000549316406,1727900,0.0,0.0
2026-02-26 00:00:00-05:00,200.36000061035156,207.35000610351562,199.11000061035156,205.1300048828125,2562000,0.0,0.0
2026-02-27 00:00:00-05:00,203.0800018310547,212.41000366210938,202.25999450683594,210.47000122070312,1725300,0.0,0.0
2026-03-02 00:00:00-05:00,207.30999755859375,217.44000244140625,206.58999633789062,215.17999267578125,2583700,0.0,0.0
2026-03-03 00:00:00-05:00,208.3699951171875,215.72999572753906,204.6999969482422,215.3699951171875,1756700,0.0,0.0
2026-03-04 00:00:00-05:00,217.49000549316406,220.5,213.8699951171875,214.4600067138672,1913100,0.0,0.0
2026-03-05 00:00:00-05:00,211.49000549316406,215.24000549316406,205.85000610351562,206.2100067138672,1527200,0.0,0.0
2026-03-06 00:00:00-05:00,200.69000244140625,200.69000244140625,188.1999969482422,188.64999389648438,2202100,0.0,0.0
2026-03-09 00:00:00-04:00,184.14999389648438,194.6699981689453,177.55999755859375,194.32000732421875,1840100,0.0,0.0
2026-03-10 00:00:00-04:00,194.0,199.88999938964844,191.5399932861328,194.67999267578125,1203800,0.0,0.0
2026-03-11 00:00:00-04:00,193.27999877929688,194.30999755859375,184.10000610351562,193.89999389648438,1176949,0.0,0.0
