Date,Open,High,Low,Close,Volume,Change
2022-01-03,33850,34300,33600,33950,96310,0.002954209748892156
2022-01-04,34000,34700,33700,34700,86148,0.022091310751104487
2022-01-05,34600,35350,33300,33650,104966,-0.030259365994236287
2022-01-06,33500,33650,32150,32150,65903,-0.04457652303120352
2022-01-07,32000,33200,31800,32350,52500,0.0062208398133747345
2022-01-10,32300,33550,32300,32650,53653,0.009273570324574987
2022-01-11,32650,34950,32600,33900,198210,0.038284839203675425
2022-01-12,33500,33650,33000,33100,63001,-0.02359882005899705
2022-01-13,33150,33300,32350,32500,50130,-0.01812688821752262
2022-01-14,32000,32500,31550,31900,52030,-0.018461538461538418
2022-01-17,32200,32200,30750,30750,33772,-0.036050156739811934
2022-01-18,30750,31300,30000,30050,39365,-0.02276422764227637
2022-01-19,29200,30300,29200,29300,35649,-0.024958402662229595
2022-01-20,28800,30100,28800,29950,25481,0.022184300341296925
2022-01-21,29800,35000,29800,30400,387095,0.015025041736226985
2022-01-24,30100,30200,29500,29550,40547,-0.02796052631578949
2022-01-25,29550,30100,27650,27750,62761,-0.060913705583756306
2022-01-26,27500,28500,27500,27900,32608,0.00540540540540535
2022-01-27,27900,28100,26100,26100,44255,-0.06451612903225812
2022-01-28,26100,27400,26000,27100,36981,0.03831417624521083
2022-02-03,27100,29450,27100,28750,46178,0.06088560885608851
2022-02-04,28750,29400,28400,28750,29895,0.0
2022-02-07,28750,29650,28150,28950,31045,0.006956521739130528
2022-02-08,28950,29350,28450,28900,24508,-0.0017271157167529916
2022-02-09,29200,29200,28750,28950,14374,0.0017301038062282892
2022-02-10,29300,29300,28700,28850,18304,-0.003454231433506094
2022-02-11,28650,28650,27900,27900,21658,-0.032928942807625705
2022-02-14,27650,27650,26200,26700,24935,-0.043010752688172005
2022-02-15,26400,28600,26250,26400,44207,-0.011235955056179803
2022-02-16,26650,27350,26650,27300,19361,0.03409090909090917
2022-02-17,27250,27850,26700,27250,28721,-0.001831501831501825
2022-02-18,26700,28350,26500,27350,24507,0.003669724770642091
2022-02-21,27300,27800,26850,27650,20542,0.010968921389396646
2022-02-22,27100,27500,26400,26800,29565,-0.030741410488245968
2022-02-23,26700,27200,26600,26800,15781,0.0
2022-02-24,26800,26800,26050,26050,23680,-0.027985074626865725
2022-02-25,26450,26500,26050,26400,15461,0.013435700575815668
2022-02-28,26400,27100,26200,26850,17614,0.017045454545454586
2022-03-02,26550,27200,26550,27100,13181,0.009310986964618184
2022-03-03,27250,27850,27150,27750,18669,0.023985239852398532
2022-03-04,27500,27750,27250,27500,11635,-0.009009009009009028
2022-03-07,27400,27400,25500,26700,28268,-0.029090909090909056
2022-03-08,26150,27750,26050,26500,23416,-0.0074906367041198685
2022-03-10,26600,27250,26600,27200,20373,0.026415094339622636
2022-03-11,27100,27650,27100,27200,10531,0.0
2022-03-14,27450,27450,26650,26750,12727,-0.016544117647058876
2022-03-15,26850,27050,26400,26750,18763,0.0
2022-03-16,26900,27850,26900,27800,33611,0.03925233644859816
2022-03-17,28300,28300,27800,28050,18888,0.008992805755395628
2022-03-18,28300,29600,27700,28150,111887,0.0035650623885918886
2022-03-21,29200,29200,27900,28150,17644,0.0
2022-03-22,27950,28400,27900,28150,13094,0.0
2022-03-23,28300,30350,28300,28500,105872,0.01243339253996445
2022-03-24,28750,28750,28150,28350,14495,-0.0052631578947368585
2022-03-25,28650,28700,28200,28250,21762,-0.003527336860670194
2022-03-28,28150,28200,27750,27950,14250,-0.010619469026548645
2022-03-29,27800,28800,27800,28250,22464,0.01073345259391778
2022-03-30,28600,28600,27900,27950,14951,-0.010619469026548645
2022-03-31,28000,28400,27900,27950,22019,0.0
2022-04-01,28000,28100,27650,27900,13336,-0.0017889087656529634
2022-04-04,27800,28250,27800,28200,11811,0.010752688172043001
2022-04-05,28200,28600,28050,28400,13306,0.007092198581560183
2022-04-06,28400,28550,28000,28150,12096,-0.008802816901408494
2022-04-07,28000,28200,27200,27650,28550,-0.017761989342806372
2022-04-08,27800,28000,27250,27250,15115,-0.01446654611211573
2022-04-11,27200,27450,26950,27100,9334,-0.0055045871559632475
2022-04-12,26800,27250,26450,27250,19067,0.005535055350553542
2022-04-13,27200,28050,27050,28050,18879,0.029357798165137616
2022-04-14,28100,28150,27800,27950,10832,-0.0035650623885917776
2022-04-15,27800,28000,27450,27600,8457,-0.012522361359570633
2022-04-18,27250,27600,27050,27300,11319,-0.010869565217391353
2022-04-19,27250,27600,27100,27250,8636,-0.001831501831501825
2022-04-20,27800,27800,27150,27300,12730,0.0018348623853210455
2022-04-21,27550,27550,27000,27100,14051,-0.0073260073260073
2022-04-22,26850,27250,26750,26900,10843,-0.0073800738007380184
2022-04-25,26700,27300,26350,26350,13729,-0.020446096654275103
2022-04-26,26400,26750,26400,26500,7006,0.005692599620493288
2022-04-27,26200,26700,25600,26100,13875,-0.015094339622641506
2022-04-28,26150,26400,25950,26200,8392,0.003831417624521105
2022-04-29,26100,26750,26100,26650,12102,0.01717557251908386
2022-05-02,26650,26650,26000,26400,7726,-0.009380863039399667
2022-05-03,26200,26650,26200,26450,7270,0.0018939393939394478
2022-05-04,26250,26450,26250,26450,8611,0.0
2022-05-06,26500,26500,25900,25950,8633,-0.018903591682419618
2022-05-09,25750,26150,25350,25350,12990,-0.023121387283236983
2022-05-10,24850,24900,24100,24500,19322,-0.0335305719921104
2022-05-11,24200,24750,24150,24550,15182,0.0020408163265306367
2022-05-12,24200,24650,24000,24050,11420,-0.020366598778004064
2022-05-13,23800,24700,23800,24450,12170,0.016632016632016633
2022-05-16,24400,25100,24050,24100,13797,-0.014314928425357865
2022-05-17,24100,24650,24050,24400,9364,0.012448132780082943
2022-05-18,24400,24800,24100,24300,8980,-0.004098360655737654
2022-05-19,23500,23900,23500,23750,10716,-0.02263374485596703
2022-05-20,23750,24200,23750,24000,9176,0.010526315789473717
2022-05-23,24000,24500,23900,24000,12658,0.0
2022-05-24,23900,24150,23600,23850,9450,-0.006249999999999978
2022-05-25,23800,24500,23600,23850,11999,0.0
2022-05-26,24000,24350,23550,23650,21376,-0.008385744234800874
2022-05-27,23650,23750,23500,23550,19879,-0.0042283298097252064
2022-05-30,23550,24000,23550,23800,15315,0.010615711252653925
2022-05-31,23750,25000,23750,24400,74835,0.025210084033613356
2022-06-02,24800,29500,24400,28000,1873450,0.14754098360655732
2022-06-03,27200,27400,26250,26500,206791,-0.0535714285714286
2022-06-07,26500,30000,26250,27100,956465,0.02264150943396226
2022-06-08,26600,27150,26300,26300,78931,-0.029520295202952074
2022-06-09,26250,26300,24950,25250,80979,-0.03992395437262353
2022-06-10,25300,25400,24900,24900,25043,-0.013861386138613874
2022-06-13,23950,24500,23450,23500,48773,-0.05622489959839361
2022-06-14,22800,23250,22500,22600,57453,-0.03829787234042559
2022-06-15,22200,23800,22200,22500,124032,-0.004424778761061954
2022-06-16,22700,23150,22000,22000,32246,-0.022222222222222254
2022-06-17,21250,21750,21200,21200,42253,-0.036363636363636376
2022-06-20,21350,21650,19850,20000,43931,-0.05660377358490565
2022-06-21,19750,20900,19750,20550,44234,0.02750000000000008
2022-06-22,21100,21200,19550,19800,42096,-0.03649635036496346
2022-06-23,19550,20100,18450,18450,68709,-0.06818181818181823
2022-06-24,18250,19800,18250,19650,37155,0.06504065040650397
2022-06-27,19750,20800,19650,20700,22860,0.05343511450381677
2022-06-28,20450,20700,19950,20500,19481,-0.009661835748792313
2022-06-29,19950,20750,19950,20500,14814,0.0
2022-06-30,20500,20750,19800,20200,22090,-0.014634146341463428
2022-07-01,19950,20500,19300,19400,17480,-0.03960396039603964
2022-07-04,19400,20000,19250,19400,17261,0.0
2022-07-05,19400,20400,19400,20300,16110,0.046391752577319645
2022-07-06,20150,20700,20100,20700,16925,0.019704433497536922
2022-07-07,21100,21100,20650,20850,18248,0.007246376811594235
2022-07-08,20900,21250,20800,21150,15838,0.014388489208633004
2022-07-11,21150,22550,21100,22450,39045,0.061465721040189214
2022-07-12,22600,23800,21450,23050,57946,0.026726057906458767
2022-07-13,23050,23450,22300,22400,34332,-0.02819956616052066
2022-07-14,22400,22400,21600,22250,13258,-0.006696428571428603
2022-07-15,22000,22600,21700,22600,20815,0.01573033707865168
2022-07-18,23950,23950,22600,22650,29849,0.0022123893805310324
2022-07-19,22650,23550,22550,23500,36273,0.03752759381898452
2022-07-20,23850,23850,23050,23100,21609,-0.017021276595744705
2022-07-21,23100,26900,22650,23550,609187,0.01948051948051943
2022-07-22,23550,23800,22750,22750,54412,-0.03397027600849256
2022-07-25,22850,23000,22000,22050,31992,-0.03076923076923077
2022-07-26,21900,22950,21900,22900,23932,0.038548752834467015
2022-07-27,22900,23650,22600,23100,40007,0.008733624454148492
2022-07-28,23350,27500,21600,23650,955761,0.023809523809523725
2022-07-29,23900,23900,23100,23200,69362,-0.019027484143763207
2022-08-01,23200,23750,22950,23000,36711,-0.008620689655172376
2022-08-02,22900,23050,22550,22600,23152,-0.017391304347826098
2022-08-03,22500,23350,22500,22800,17838,0.008849557522123908
2022-08-04,22900,23650,22850,23200,24530,0.01754385964912286
2022-08-05,23050,23850,23000,23600,24382,0.01724137931034475
2022-08-08,23500,23800,23400,23750,16807,0.006355932203389925
2022-08-09,23400,23750,23250,23300,14881,-0.0189473684210526
2022-08-10,23400,23500,22700,22700,18845,-0.025751072961373356
2022-08-11,22850,23150,22800,22950,7792,0.011013215859030812
2022-08-12,22950,23200,22850,23050,8411,0.004357298474945592
2022-08-16,22850,23100,22800,22900,7267,-0.006507592190889366
2022-08-17,22950,23100,22600,22700,16496,-0.008733624454148492
2022-08-18,22500,22650,22250,22350,9388,-0.01541850220264318
2022-08-19,22200,22650,22200,22400,8668,0.0022371364653244186
2022-08-22,22050,22350,21800,21800,16506,-0.0267857142857143
2022-08-23,21350,22200,20850,21100,17827,-0.032110091743119296
2022-08-24,21100,21450,21050,21050,8689,-0.0023696682464454666
2022-08-25,21200,21550,21100,21400,8899,0.016627078384798155
2022-08-26,21400,21750,21200,21200,8415,-0.009345794392523366
2022-08-29,20850,20900,20400,20700,7426,-0.02358490566037741
2022-08-30,20650,21250,20650,20850,9774,0.007246376811594235
2022-08-31,20600,21300,20600,21150,5754,0.014388489208633004
2022-09-01,21450,21450,20900,20950,7206,-0.009456264775413725
2022-09-02,20950,21450,20450,20600,11457,-0.01670644391408116
2022-09-05,20550,20700,20050,20450,11543,-0.007281553398058249
2022-09-06,20350,20800,20350,20350,8646,-0.004889975550122272
2022-09-07,20250,20450,19850,20000,13458,-0.017199017199017175
2022-09-08,20200,20200,19750,19800,20498,-0.010000000000000009
2022-09-13,19950,20500,19850,20400,11411,0.030303030303030276
2022-09-14,19600,20600,19600,20000,15993,-0.019607843137254943
2022-09-15,20000,20300,19850,19950,5906,-0.0024999999999999467
2022-09-16,19900,19900,19500,19600,10783,-0.01754385964912286
2022-09-19,19550,20000,19000,19000,15577,-0.030612244897959218
2022-09-20,19000,19450,19000,19050,6273,0.002631578947368318
2022-09-21,19050,19350,18700,18800,9433,-0.013123359580052507
2022-09-22,18800,18800,18300,18450,13376,-0.018617021276595702
2022-09-23,18550,18550,17600,17700,18204,-0.04065040650406504
2022-09-26,17200,17600,16500,16500,37707,-0.06779661016949157
2022-09-27,16100,17700,16100,16750,36316,0.015151515151515138
2022-09-28,16800,17350,16500,16950,14008,0.011940298507462588
2022-09-29,17100,18050,17100,17400,24359,0.026548672566371723
2022-09-30,17000,17400,16900,17300,9065,-0.005747126436781658
2022-10-04,17500,17750,17350,17700,12808,0.023121387283236983
2022-10-05,17950,17950,17300,17650,16519,-0.0028248587570621764
2022-10-06,17450,18050,17450,17850,5971,0.011331444759206777
2022-10-07,17800,17800,17400,17450,7788,-0.022408963585434205
2022-10-11,16900,17050,16500,16600,14236,-0.04871060171919772
2022-10-12,16500,16650,16350,16650,10946,0.003012048192771122
2022-10-13,16400,16750,15900,15900,15483,-0.04504504504504503
2022-10-14,16150,19600,16100,18300,518029,0.15094339622641506
2022-10-17,18000,18500,17500,18400,47488,0.005464480874316946
2022-10-18,18150,18600,18100,18350,33633,-0.0027173913043477826
2022-10-19,18350,18650,17850,17850,24578,-0.027247956403269713
2022-10-20,17850,18000,17500,17500,11738,-0.019607843137254943
2022-10-21,17400,17800,17000,17150,15163,-0.020000000000000018
2022-10-24,17550,17800,17300,17350,7970,0.011661807580174877
2022-10-25,17350,17700,17100,17550,6998,0.011527377521613813
2022-10-26,17750,17750,17250,17300,4289,-0.014245014245014231
2022-10-27,17250,17800,17250,17750,8035,0.026011560693641522
2022-10-28,17650,18050,17450,17500,14925,-0.014084507042253502
2022-10-31,17600,17900,17500,17850,5626,0.020000000000000018
2022-11-01,17850,18250,17600,17850,13812,0.0
2022-11-02,17650,18200,17500,17900,14106,0.0028011204481792618
2022-11-03,17650,17800,17550,17700,8789,-0.011173184357541888
2022-11-04,17700,17700,17100,17350,12310,-0.019774011299435013
2022-11-07,17400,17550,16950,17350,21948,0.0
2022-11-08,17300,21700,17300,19200,947504,0.10662824207492805
2022-11-09,19300,19400,18600,18850,70061,-0.01822916666666663
2022-11-10,18600,19100,18450,18450,40356,-0.021220159151193685
2022-11-11,18850,19050,18650,18950,36299,0.027100271002709952
2022-11-14,19000,19200,18650,19150,23073,0.01055408970976246
2022-11-15,19150,19900,19100,19700,54011,0.02872062663185382
2022-11-16,19750,19750,19100,19450,18150,-0.012690355329949221
2022-11-17,19450,19450,19050,19250,9334,-0.010282776349614386
2022-11-18,19050,19250,18950,19100,11918,-0.007792207792207795
2022-11-21,18850,19150,18650,18650,14790,-0.023560209424083767
2022-11-22,18500,18750,18500,18550,8847,-0.00536193029490617
2022-11-23,18650,18800,18500,18750,10525,0.010781671159029615
2022-11-24,18650,19000,18650,18800,8082,0.002666666666666595
2022-11-25,18750,18850,18550,18700,7680,-0.005319148936170248
2022-11-28,18500,18550,18050,18350,12732,-0.018716577540106916
2022-11-29,18000,19000,18000,18950,14888,0.032697547683923744
2022-11-30,18950,19200,18700,19000,8128,0.0026385224274405594
2022-12-01,19250,19250,18850,18900,16315,-0.0052631578947368585
2022-12-02,18750,19050,18700,18900,8368,0.0
2022-12-05,18950,19350,18850,19000,15176,0.005291005291005346
2022-12-06,18700,19150,18500,18500,9781,-0.02631578947368418
2022-12-07,18550,18600,18200,18400,7733,-0.00540540540540535
2022-12-08,18550,18700,18150,18500,10933,0.005434782608695565
2022-12-09,18450,18900,18400,18900,11407,0.021621621621621623
2022-12-12,19300,21200,19150,19350,342517,0.023809523809523725
2022-12-13,19450,21200,19400,20200,338650,0.043927648578811374
2022-12-14,22250,24600,21200,21600,1397730,0.06930693069306937
2022-12-15,22400,22600,21300,21300,316739,-0.01388888888888884
2022-12-16,20900,21800,20600,21450,107403,0.007042253521126751
2022-12-19,21150,21600,20600,20600,66359,-0.03962703962703962
2022-12-20,20350,21100,20050,20050,43451,-0.02669902912621358
2022-12-21,20200,22200,20200,21100,175864,0.052369077306733125
2022-12-22,21800,22950,21150,21650,276235,0.026066350710900466
2022-12-23,21750,24200,21150,21350,1108237,-0.01385681293302543
2022-12-26,21700,23100,20850,20850,290886,-0.023419203747072626
2022-12-27,21550,21550,20150,20250,113480,-0.02877697841726623
2022-12-28,20150,21200,20000,20150,145993,-0.004938271604938316
2022-12-29,20200,24200,19600,21000,1783979,0.042183622828784184
2023-01-02,21500,23550,21400,22250,737770,0.059523809523809534
2023-01-03,22300,22700,21050,21800,224725,-0.020224719101123556
2023-01-04,21800,23150,21600,21600,302000,-0.00917431192660545
2023-01-05,21650,22400,21600,21600,88053,0.0
2023-01-06,21500,22100,20900,21000,74951,-0.02777777777777779
2023-01-09,21200,21550,21000,21300,50790,0.014285714285714235
2023-01-10,21300,21400,20600,20600,79675,-0.032863849765258246
2023-01-11,20550,23000,20550,21400,589104,0.03883495145631066
2023-01-12,21600,21800,21150,21450,50661,0.002336448598130758
2023-01-13,21450,21600,21100,21100,41360,-0.01631701631701632
2023-01-16,21100,21250,20800,21000,34871,-0.004739336492891044
2023-01-17,20850,21200,20650,20800,23171,-0.00952380952380949
2023-01-18,20750,20950,20600,20600,18163,-0.009615384615384581
2023-01-19,20450,20750,20300,20450,19191,-0.007281553398058249
2023-01-20,20350,20550,20100,20350,16900,-0.004889975550122272
2023-01-25,20600,20650,20400,20500,13366,0.0073710073710073765
2023-01-26,20850,20850,20500,20650,14373,0.007317073170731714
2023-01-27,20750,20750,20550,20650,9696,0.0
2023-01-30,20700,20750,20450,20500,16708,-0.007263922518159771
2023-01-31,20500,21000,20450,20500,11078,0.0
2023-02-01,20500,21000,20350,20600,25562,0.004878048780487809
2023-02-02,20850,21000,20700,20850,19113,0.012135922330097193
2023-02-03,20950,20950,20700,20750,13308,-0.004796163069544335
2023-02-06,21100,21700,21050,21300,62856,0.026506024096385472
2023-02-07,21500,21500,21050,21250,23761,-0.0023474178403756207
2023-02-08,21250,21500,21100,21250,15231,0.0
2023-02-09,21250,21350,21000,21250,18326,0.0
2023-02-10,21200,21300,20550,20650,27621,-0.028235294117647025
2023-02-13,20450,20750,20450,20600,11415,-0.002421307506053294
2023-02-14,20500,20800,20250,20450,23411,-0.007281553398058249
2023-02-15,20600,20600,19630,19640,40770,-0.03960880195599026
2023-02-16,19640,19990,19610,19800,19500,0.008146639511201537
2023-02-17,19460,19970,19460,19830,11847,0.0015151515151514694
2023-02-20,19860,20650,19700,20100,35773,0.013615733736762392
2023-02-21,20300,20650,19990,20200,9141,0.004975124378109541
2023-02-22,20150,20150,19600,19740,12364,-0.022772277227722793
2023-02-23,19610,19860,19610,19700,8405,-0.0020263424518743856
2023-02-24,19700,19930,19460,19580,12452,-0.006091370558375608
2023-02-27,19320,19500,19130,19150,14059,-0.02196118488253318
2023-02-28,19100,19420,19100,19160,6151,0.0005221932114882755
2023-03-02,19060,19300,18000,19030,18941,-0.006784968684759862
2023-03-03,18900,19100,18800,19000,11054,-0.0015764582238571023
2023-03-06,18870,19190,18710,19140,18073,0.007368421052631469
2023-03-07,19230,20450,19100,20000,49267,0.04493207941483801
2023-03-08,19800,20250,19790,20000,15090,0.0
2023-03-09,20100,20650,19890,20400,27270,0.020000000000000018
2023-03-10,20050,23250,19960,19980,621799,-0.020588235294117685
2023-03-13,19810,20150,19100,19230,72529,-0.037537537537537524
2023-03-14,19320,19330,18410,18410,43210,-0.04264170566822678
2023-03-15,18440,18790,18440,18580,12733,0.009234111895708885
2023-03-16,18230,18710,18120,18290,17851,-0.015608180839612462
2023-03-17,18340,18950,18320,18800,11992,0.02788408966648448
2023-03-20,18710,18880,18690,18810,10167,0.0005319148936169249
2023-03-21,18840,18850,18550,18660,10845,-0.00797448165869219
2023-03-22,18610,19070,18540,18570,8750,-0.004823151125401881
2023-03-23,18570,18850,18320,18340,10950,-0.012385568120624635
2023-03-24,18640,18640,18240,18320,13736,-0.0010905125408942062
2023-03-27,18450,18570,18010,18330,13988,0.0005458515283842669
2023-03-28,18250,18500,18250,18300,8913,-0.0016366612111292644
2023-03-29,18220,18600,18220,18340,9742,0.002185792349726823
2023-03-30,18530,19000,18300,18730,19091,0.021264994547437244
2023-03-31,18620,18720,18470,18520,7482,-0.011211959423384932
2023-04-03,18520,18540,18380,18500,5665,-0.001079913606911398
2023-04-04,18330,19040,18330,18990,33264,0.026486486486486438
2023-04-05,19310,19310,18700,19050,15964,0.003159557661927437
2023-04-06,19580,19700,18800,18850,40988,-0.01049868766404205
2023-04-07,18760,19050,18760,19000,18277,0.007957559681697646
2023-04-10,18950,19000,18310,18600,17465,-0.021052631578947323
2023-04-11,18380,19140,18340,18980,25639,0.02043010752688179
2023-04-12,18980,19250,18850,19070,19762,0.00474183350895685
2023-04-13,20100,20350,19550,19990,99617,0.04824331410592553
2023-04-14,20000,21500,20000,20800,145018,0.04052026013006493
2023-04-17,20400,20950,20000,20300,38485,-0.024038461538461564
2023-04-18,20050,20200,19650,19810,39276,-0.024137931034482807
2023-04-19,19710,20150,19640,19810,18708,0.0
2023-04-20,19790,19790,19140,19220,30449,-0.029782937910146412
2023-04-21,19200,19380,18840,18900,21892,-0.01664932362122784
2023-04-24,18730,19040,18580,18660,15337,-0.012698412698412653
2023-04-25,18760,18850,18350,18490,16561,-0.009110396570203627
2023-04-26,18490,18720,18250,18460,8282,-0.0016224986479177472
2023-04-27,18590,18640,18300,18480,8876,0.0010834236186347823
2023-04-28,18480,18600,18290,18450,22463,-0.0016233766233766378
2023-05-02,18400,18650,18320,18560,10621,0.005962059620596261
2023-05-03,18320,18560,18320,18430,6851,-0.0070043103448276245
2023-05-04,18350,20150,18350,18770,175097,0.018448182311448624
2023-05-08,18860,22800,18860,20150,1022808,0.07352157698454986
2023-05-09,19820,20900,19690,19720,110088,-0.021339950372208483
2023-05-10,19720,19820,19340,19360,32490,-0.018255578093306246
2023-05-11,19260,20550,19260,19520,110210,0.008264462809917328
2023-05-12,19600,20450,19230,19540,72076,0.0010245901639345245
2023-05-15,20500,20500,19300,19480,36379,-0.0030706243602866
2023-05-16,19510,19800,19200,19200,14917,-0.014373716632443578
2023-05-17,19200,19790,19200,19280,38016,0.004166666666666652
2023-05-18,19240,19310,19060,19130,28499,-0.00778008298755184
2023-05-19,19060,19280,19000,19150,26365,0.001045478306325176
2023-05-22,19200,21150,19130,19740,347776,0.030809399477806698
2023-05-23,19940,20100,19510,19950,43962,0.010638297872340496
2023-05-24,20000,20600,19960,20150,45600,0.010025062656641603
2023-05-25,19920,20450,19870,20000,21736,-0.007444168734491274
2023-05-26,20450,20550,19890,19980,19430,-0.0010000000000000009
2023-05-30,20100,20350,19870,19960,16143,-0.0010010010010009784
2023-05-31,20200,20200,19710,19710,23692,-0.012525050100200441
2023-06-01,19880,20800,19550,20600,56293,0.04515474378488071
2023-06-02,20600,20750,20150,20300,22931,-0.014563106796116498
2023-06-05,20300,20500,20100,20200,23820,-0.0049261083743842304
2023-06-07,20350,20550,20050,20150,23230,-0.0024752475247524774
2023-06-08,20000,20150,19740,19760,17245,-0.01935483870967747
2023-06-09,19790,20100,19790,19910,15151,0.007591093117408798
2023-06-12,19850,19970,19410,19430,19622,-0.024108488196885935
2023-06-13,19430,19680,19380,19420,12724,-0.0005146680391148184
2023-06-14,19430,19430,19090,19130,22104,-0.014933058702368718
2023-06-15,19100,19220,18820,18860,26295,-0.014113957135389432
2023-06-16,18970,19150,18870,18870,8676,0.0005302226935313126
2023-06-19,18880,19100,18840,19100,9846,0.012188659247482692
2023-06-20,18960,19220,18960,19180,6775,0.004188481675392763
2023-06-21,19180,19390,19030,19030,9518,-0.00782064650677794
2023-06-22,19030,19100,18940,18950,9126,-0.004203888596952199
2023-06-23,18950,19230,18950,19110,15870,0.008443271767810012
2023-06-26,19060,19190,18900,19100,14221,-0.0005232862375719183
2023-06-27,19000,19230,18980,18990,9326,-0.005759162303664911
2023-06-28,19050,19050,18930,18930,21131,-0.003159557661927326
2023-06-29,18940,19080,18860,18950,8030,0.0010565240359217132
2023-06-30,18740,18950,18730,18810,7927,-0.0073878627968337884
2023-07-03,18800,18990,18700,18720,16721,-0.004784688995215336
2023-07-04,18640,18800,18450,18590,11419,-0.00694444444444442
2023-07-05,18600,18680,18510,18530,7247,-0.0032275416890801267
2023-07-06,18530,18550,18300,18490,18788,-0.0021586616297895045
2023-07-07,18470,18490,18300,18490,11963,0.0
2023-07-10,18410,18470,18250,18300,9587,-0.010275824770145991
2023-07-11,18950,18950,18320,18350,5903,0.002732240437158362
2023-07-12,18350,18420,18240,18310,5682,-0.0021798365122616126
2023-07-13,18410,18820,18310,18600,37354,0.015838339705079196
2023-07-14,18630,18630,18370,18570,11735,-0.001612903225806428
2023-07-17,18560,18560,18360,18390,8404,-0.009693053311793265
2023-07-18,18290,18560,17960,18000,21307,-0.021207177814029365
2023-07-19,18010,18240,17950,18010,10059,0.0005555555555556424
2023-07-20,17910,18130,17910,18010,8773,0.0
2023-07-21,18010,18750,18010,18370,26853,0.019988895058300926
2023-07-24,18400,18400,17850,17860,26503,-0.027762656505171512
2023-07-25,17770,17800,17500,17510,24398,-0.019596864501679745
2023-07-26,17210,17500,16700,16740,37599,-0.04397487150199886
2023-07-27,16410,17450,16410,17340,17464,0.03584229390680993
2023-07-28,17340,17610,17260,17280,11636,-0.0034602076124568004
2023-07-31,17590,17600,17280,17600,9869,0.0185185185185186
2023-08-01,17490,17960,17480,17770,10573,0.009659090909091006
2023-08-02,17820,17880,17370,17550,10239,-0.012380416432189123
2023-08-03,17540,18300,17390,18140,29974,0.03361823361823357
2023-08-04,17960,18270,17770,17770,9684,-0.020396912899669273
2023-08-07,17770,18090,17590,17650,13430,-0.006752954417557633
2023-08-08,17600,17650,17360,17370,9136,-0.015864022662889554
2023-08-09,17640,18100,17360,18010,22152,0.03684513529073108
2023-08-10,17850,18520,17800,18260,20635,0.013881177123820088
2023-08-11,18260,18260,17850,17850,13776,-0.022453450164293565
2023-08-14,17860,17990,17600,17730,9287,-0.006722689075630228
2023-08-16,17310,17510,16940,17420,24196,-0.017484489565707806
2023-08-17,17420,17420,17000,17100,7558,-0.018369690011481032
2023-08-18,16920,17250,16920,17110,8994,0.0005847953216373547
2023-08-21,17000,17380,17000,17140,6304,0.001753360607831711
2023-08-22,17030,17200,17000,17000,8885,-0.008168028004667427
2023-08-23,17000,17370,16980,16990,8415,-0.0005882352941176672
2023-08-24,17070,17160,16950,17040,6595,0.00294290759270166
2023-08-25,17200,17200,16950,17020,5813,-0.0011737089201877549
2023-08-28,17020,17060,16950,17000,6040,-0.001175088131609825
2023-08-29,17100,17100,16970,17090,5030,0.0052941176470588935
2023-08-30,17100,17140,17020,17070,7569,-0.001170275014628408
2023-08-31,17950,17950,17070,17160,26713,0.005272407732864748
2023-09-01,17290,17290,17050,17140,5786,-0.0011655011655011815
2023-09-04,17080,17200,16900,17030,9819,-0.0064177362893815815
2023-09-05,17030,17150,16980,16990,4844,-0.0023487962419259656
2023-09-06,17080,17370,17060,17170,11098,0.01059446733372571
2023-09-07,17170,17400,17060,17180,6042,0.0005824111822947398
2023-09-08,17100,17320,16990,17160,7124,-0.0011641443538998875
2023-09-11,17110,17350,17050,17150,12155,-0.0005827505827505908
2023-09-12,17090,17580,17090,17260,15148,0.00641399416909616
2023-09-13,17260,17330,17100,17210,6841,-0.0028968713789108147
2023-09-14,17120,17370,17100,17260,3561,0.0029052876234747504
2023-09-15,17260,17380,17210,17300,6324,0.002317497103128563
2023-09-18,17300,17370,17120,17220,3871,-0.0046242774566473965
2023-09-19,17350,17350,17110,17120,5333,-0.005807200929152101
2023-09-20,17320,17320,16990,16990,8779,-0.007593457943925186
2023-09-21,17080,17080,16860,16920,11659,-0.004120070629782258
2023-09-22,17030,17030,16790,16790,10253,-0.0076832151300236795
2023-09-25,16790,16970,16500,16500,8027,-0.01727218582489576
2023-09-26,16330,16720,16330,16340,4892,-0.009696969696969648
2023-09-27,16270,16500,16220,16420,5897,0.004895960832313362
2023-10-04,16510,16800,15840,16110,13408,-0.018879415347137662
2023-10-05,16110,16270,15800,16020,6774,-0.005586592178770999
2023-10-06,15660,16290,15660,16100,8375,0.004993757802746579
2023-10-10,16030,16200,15650,15760,6899,-0.02111801242236022
2023-10-11,15730,15990,15730,15960,6498,0.012690355329949332
2023-10-12,15910,16100,15910,16000,5352,0.0025062656641603454
2023-10-13,15840,16030,15840,15840,6325,-0.010000000000000009
2023-10-16,15660,15970,15520,15520,8802,-0.02020202020202022
2023-10-17,15550,16720,15550,15880,11910,0.02319587628865971
2023-10-18,15850,16070,15610,15740,9126,-0.008816120906801062
2023-10-19,15550,15750,15030,15060,12403,-0.043202033036848775
2023-10-20,14730,15000,14600,14760,17364,-0.019920318725099584
2023-10-23,14540,15300,14540,15200,17195,0.02981029810298108
2023-10-24,15190,15270,14740,15160,11721,-0.0026315789473684292
2023-10-25,15190,15750,14830,15550,10326,0.02572559366754623
2023-10-26,15400,17800,15130,15150,179932,-0.025723472668810254
2023-10-27,15150,15740,15120,15180,11520,0.001980198019801982
2023-10-30,14910,15300,14910,15000,9144,-0.011857707509881465
2023-10-31,15000,15180,14810,14950,9006,-0.0033333333333332993
2023-11-01,14880,15560,14880,15000,14059,0.0033444816053511683
2023-11-02,15010,15270,15010,15180,4776,0.01200000000000001
2023-11-03,15190,15490,15180,15440,6546,0.017127799736495364
2023-11-06,15550,15970,15430,15850,18269,0.026554404145077815
2023-11-07,15850,15980,15560,15980,8274,0.008201892744479578
2023-11-08,16050,17150,15740,16100,31292,0.007509386733416834
2023-11-09,16320,16320,15800,15970,8975,-0.008074534161490732
2023-11-10,15950,15960,15740,15750,4871,-0.013775829680651275
2023-11-13,16110,16110,15430,15430,5124,-0.02031746031746029
2023-11-14,15320,15700,15300,15430,4154,0.0
2023-11-15,15690,15770,15490,15660,6801,0.014906027219701912
2023-11-16,15670,16050,15600,15950,8366,0.0185185185185186
2023-11-17,16080,16080,15790,15800,3706,-0.009404388714733591
2023-11-20,15810,15980,15780,15790,4029,-0.0006329113924050667
2023-11-21,15890,15900,15680,15710,11474,-0.005066497783407176
2023-11-22,15840,15840,15640,15710,3212,0.0
2023-11-23,16500,19300,16080,17540,1528513,0.11648631444939528
2023-11-24,17700,17760,16600,16860,127817,-0.03876852907639683
2023-11-27,17000,17370,16550,16600,69628,-0.01542111506524313
2023-11-28,16350,16880,16350,16670,48408,0.004216867469879482
2023-11-29,16670,16670,16400,16410,24354,-0.015596880623875209
2023-11-30,16410,16680,16250,16320,24219,-0.005484460694698323
2023-12-01,16320,16670,16250,16530,26332,0.012867647058823595
2023-12-04,16450,16800,16290,16550,41115,0.001209921355111998
2023-12-05,16690,19240,16560,18250,786451,0.10271903323262843
2023-12-06,17900,17900,17250,17400,121371,-0.046575342465753455
2023-12-07,17950,18620,17410,17450,245920,0.002873563218390718
2023-12-08,17640,18240,17550,18110,116120,0.037822349570200586
2023-12-11,18650,18650,17600,17900,85162,-0.011595803423522955
2023-12-12,17900,18120,17630,17630,36477,-0.01508379888268152
2023-12-13,17550,17550,17200,17240,35353,-0.02212138400453767
2023-12-14,17470,17550,17240,17260,19075,0.0011600928074246841
2023-12-15,17190,17370,17100,17200,12910,-0.0034762456546929554
2023-12-18,17210,17220,16950,17020,20628,-0.010465116279069764
2023-12-19,17020,17270,16830,17160,22961,0.008225616921269108
2023-12-20,17300,17550,17160,17540,18751,0.022144522144522227
2023-12-21,17870,17870,17310,17330,25351,-0.011972633979475455
2023-12-22,17300,17470,17150,17160,18716,-0.009809578765147098
2023-12-26,17160,17470,16830,16830,13947,-0.019230769230769273
2023-12-27,16830,16960,16590,16800,23715,-0.0017825311942959443
2023-12-28,16800,17150,16700,17100,11574,0.017857142857142794
2024-01-02,17140,17850,17140,17720,44600,0.03625730994152043
2024-01-03,17720,18150,17680,17720,22933,0.0
2024-01-04,17740,17870,17320,17370,22515,-0.01975169300225732
2024-01-05,17300,17610,17300,17450,13224,0.004605641911341385
2024-01-08,17550,17650,17120,17120,16673,-0.018911174785100293
2024-01-09,17150,17640,17150,17420,19952,0.017523364485981352
2024-01-10,17380,17530,17120,17120,15325,-0.01722158438576349
2024-01-11,17050,17260,17050,17120,7795,0.0
2024-01-12,17120,17210,17040,17060,16647,-0.003504672897196248
2024-01-15,17130,17130,16770,16790,14014,-0.015826494724501705
2024-01-16,16680,16930,16650,16890,9234,0.005955926146515855
2024-01-17,16780,16890,16170,16410,24058,-0.028419182948490218
2024-01-18,16500,16720,16310,16550,9858,0.008531383302864182
2024-01-19,16700,16950,16620,16730,7996,0.010876132930513593
2024-01-22,17000,17350,16750,16880,15155,0.00896592946802155
2024-01-23,16880,17450,16850,17130,13017,0.014810426540284416
2024-01-24,17400,17400,16800,16800,9086,-0.019264448336252182
2024-01-25,16800,16910,16690,16800,5480,0.0
2024-01-26,16750,16980,16720,16800,6681,0.0
2024-01-29,16850,17140,16810,16950,8299,0.008928571428571397
2024-01-30,16820,17020,16820,16890,10790,-0.0035398230088495852
2024-01-31,16960,16960,16790,16880,11590,-0.000592066311426831
2024-02-01,16860,16940,16740,16910,9724,0.0017772511848341832
2024-02-02,16910,17100,16880,16910,10192,0.0
2024-02-05,16830,17060,16810,16870,7116,-0.0023654642223536193
2024-02-06,16820,16840,16710,16720,7268,-0.00889152341434496
2024-02-07,16720,16980,16700,16760,5585,0.0023923444976077235
2024-02-08,16800,16900,16770,16790,7220,0.0017899761336515052
2024-02-13,16790,16870,16690,16720,10419,-0.004169148302561099
2024-02-14,16690,16940,16610,16740,2139,0.0011961722488038617
2024-02-15,16730,16920,16690,16740,10527,0.0
2024-02-16,16730,16940,16730,16770,10151,0.0017921146953405742
2024-02-19,16970,17110,16740,16970,18960,0.011926058437686349
2024-02-20,16970,17180,16950,17100,15993,0.0076605774896876255
2024-02-21,17270,17270,16980,17000,10997,-0.005847953216374324
2024-02-22,17040,17050,16830,16830,13679,-0.010000000000000009
2024-02-23,16820,16990,16810,16830,6849,0.0
2024-02-26,16900,16950,16790,16810,8049,-0.0011883541295305555
2024-02-27,16710,16900,16620,16790,6984,-0.0011897679952409534
2024-02-28,16860,17130,16630,16820,15533,0.0017867778439546456
2024-02-29,16810,16810,16610,16610,7132,-0.012485136741973824
2024-03-04,16730,16730,16540,16540,6102,-0.004214328717639937
2024-03-05,16710,16710,16430,16470,6456,-0.004232164449818665
2024-03-06,16410,16650,16410,16450,7375,-0.0012143290831815312
2024-03-07,16670,16670,16300,16310,7721,-0.008510638297872353
2024-03-08,16310,16600,16310,16570,8885,0.01594114040465966
2024-03-11,16770,16850,16580,16640,6990,0.004224502112251116
2024-03-12,16580,16670,16560,16630,7481,-0.0006009615384615641
2024-03-13,16570,16680,16560,16620,6367,-0.000601322910402935
2024-03-14,16570,16700,16490,16610,5980,-0.0006016847172082285
2024-03-15,16440,16700,16440,16640,8053,0.0018061408789886713
2024-03-18,16550,16700,16550,16640,6893,0.0
2024-03-19,16630,16720,16600,16630,5089,-0.0006009615384615641
2024-03-20,16650,17180,16640,16910,14697,0.016837041491280846
2024-03-21,16910,17120,16910,16970,10713,0.003548196333530429
2024-03-22,16940,17100,16860,16900,8051,-0.004124926340601021
2024-03-25,16900,17180,16900,17010,16956,0.0065088757396449815
2024-03-26,17020,17130,16910,17050,8921,0.0023515579071133885
2024-03-27,17020,17020,16800,16850,7668,-0.011730205278592365
2024-03-28,16940,16950,16760,16800,6594,-0.0029673590504450953
2024-03-29,16710,16990,16700,16700,9291,-0.005952380952380931
2024-04-01,16650,16840,16650,16750,9287,0.0029940119760478723
2024-04-02,16690,16800,16500,16580,12361,-0.010149253731343233
2024-04-03,16670,16680,16400,16520,8094,-0.003618817852834688
2024-04-04,16680,16680,16400,16450,6443,-0.004237288135593209
2024-04-05,16510,16710,16350,16350,6442,-0.006079027355623046
2024-04-08,16400,16510,16290,16370,5628,0.0012232415902140303
2024-04-09,16280,16420,15500,16100,7517,-0.016493585827733637
2024-04-11,16260,19870,15850,18580,2942186,0.15403726708074528
2024-04-12,17890,18160,17410,17680,313596,-0.0484391819160388
2024-04-15,17280,17280,16670,16670,127112,-0.057126696832579205
2024-04-16,16370,16580,16300,16380,84606,-0.01739652069586084
2024-04-17,16380,16660,16020,16020,54296,-0.02197802197802201
2024-04-18,15950,16830,15850,16650,99203,0.0393258426966292
2024-04-19,16500,16600,16060,16300,34475,-0.02102102102102099
2024-04-22,16350,16860,16350,16660,33601,0.022085889570552242
2024-04-23,16540,16790,16480,16500,27676,-0.009603841536614643
2024-04-24,16520,17300,16480,17230,74457,0.044242424242424194
2024-04-25,17300,17650,16400,16420,107855,-0.04701102727800344
2024-04-26,16450,16720,16400,16410,23361,-0.0006090133982947776
2024-04-29,16510,16740,16500,16570,17390,0.009750152346130303
2024-04-30,16460,16660,16460,16640,14839,0.004224502112251116
2024-05-02,16680,16890,16670,16770,22093,0.0078125
2024-05-03,16790,17910,16770,17400,250528,0.0375670840787119
2024-05-07,17400,17580,17230,17360,33890,-0.0022988505747126853
2024-05-08,17540,18550,17370,17790,110071,0.024769585253456183
2024-05-09,17990,17990,17380,17440,29694,-0.01967397414277683
2024-05-10,17440,17630,17390,17480,21423,0.002293577981651307
2024-05-13,17460,17470,16850,16990,31343,-0.02803203661327236
2024-05-14,16910,17190,16890,17160,9340,0.010005885815185467
2024-05-16,17230,17380,17140,17170,12427,0.0005827505827504798
2024-05-17,16910,17130,16890,17090,12751,-0.004659289458357585
2024-05-20,17070,17150,16930,17040,8734,-0.0029256875365710755
2024-05-21,17040,17040,16850,16880,11000,-0.009389671361502372
2024-05-22,16950,16960,16760,16900,9508,0.0011848341232227888
2024-05-23,16930,16930,16750,16800,10152,-0.00591715976331364
2024-05-24,16800,16800,16520,16600,10399,-0.011904761904761862
2024-05-27,16610,16680,16450,16460,12491,-0.008433734939759074
2024-05-28,16520,16690,16430,16640,12093,0.010935601458080146
2024-05-29,16690,16690,16380,16400,19835,-0.014423076923076872
2024-05-30,16330,16350,15900,16020,25835,-0.023170731707317094
2024-05-31,15810,16100,15810,15930,14020,-0.005617977528089901
2024-06-03,16030,16190,15830,15920,10929,-0.0006277463904582614
2024-06-04,15900,16150,15900,15920,7080,0.0
2024-06-05,15920,16060,15070,16050,21023,0.00816582914572872
2024-06-07,16050,16050,15910,15920,4767,-0.008099688473520272
2024-06-10,15920,16040,15920,15920,9229,0.0
2024-06-11,15880,16060,15880,15960,6894,0.002512562814070307
2024-06-12,15990,16120,15960,16050,11653,0.005639097744360999
2024-06-13,16000,16050,15930,15930,13383,-0.00747663551401867
2024-06-14,15930,16000,15800,15920,9971,-0.0006277463904582614
2024-06-17,15920,16600,15800,15900,25535,-0.0012562814070351536
2024-06-18,15620,16000,15620,15800,8508,-0.0062893081761006275
2024-06-19,15800,15800,15630,15660,17200,-0.008860759493670933
2024-06-20,15720,15730,15620,15630,5947,-0.0019157088122605526
2024-06-21,15610,15700,15450,15550,8895,-0.0051183621241203126
2024-06-24,15480,15800,15400,15400,8364,-0.009646302250803873
2024-06-25,15400,15510,15140,15300,19023,-0.00649350649350644
2024-06-26,15280,15380,15190,15200,3724,-0.006535947712418277
2024-06-27,15150,15400,15150,15190,3710,-0.0006578947368420796
2024-06-28,15190,15300,15090,15190,6828,0.0
2024-07-01,15190,15370,15150,15190,2556,0.0
2024-07-02,15200,16000,15120,15330,38802,0.009216589861751112
2024-07-03,15170,15330,15100,15180,10222,-0.009784735812133127
2024-07-04,15180,15310,15170,15280,5765,0.006587615283267567
2024-07-05,15250,15840,15220,15690,25968,0.026832460732984398
2024-07-08,15800,16300,15500,15520,31955,-0.0108349267049076
2024-07-09,15530,15640,15480,15530,6346,0.0006443298969072142
2024-07-10,15530,15730,15520,15620,5415,0.0057952350289762755
2024-07-11,15770,15770,15550,15570,4644,-0.003201024327784907
2024-07-12,15570,15950,15560,15690,12217,0.007707129094412402
2024-07-15,15810,15810,15630,15630,6600,-0.003824091778202643
2024-07-16,15630,15750,15400,15620,5597,-0.000639795265515053
2024-07-17,15630,16400,15620,15890,42642,0.01728553137003841
2024-07-18,15890,15890,15650,15710,4913,-0.011327879169288901
2024-07-19,15740,15740,15140,15550,7872,-0.010184595798854224
2024-07-22,15550,15600,15460,15510,4252,-0.0025723472668810476
2024-07-23,15450,15590,15210,15430,15515,-0.0051579626047710825
2024-07-24,15470,15610,15280,15430,6446,0.0
2024-07-25,15450,15590,15300,15370,8081,-0.0038885288399221896
2024-07-26,15210,15530,15210,15530,6061,0.010409889394925154
2024-07-29,15410,15770,15410,15720,4355,0.012234385061171915
2024-07-30,15250,15580,15250,15300,21271,-0.026717557251908386
2024-07-31,15360,15380,15250,15310,5182,0.0006535947712418277
2024-08-01,15400,15570,15260,15440,6198,0.00849118223383405
2024-08-02,15390,15500,15270,15270,14569,-0.011010362694300557
2024-08-05,15200,15220,13330,13490,49506,-0.1165684348395547
2024-08-06,13000,15430,13000,14100,125550,0.04521868050407707
2024-08-07,14100,14780,14100,14660,16954,0.039716312056737646
2024-08-08,14830,16990,14830,15560,547936,0.06139154160982274
2024-08-09,15590,16500,15300,15340,127114,-0.014138817480719768
2024-08-12,15520,15900,15230,15230,45727,-0.007170795306388533
2024-08-13,15160,15340,15110,15280,23792,0.0032829940906107247
2024-08-14,15350,15880,15200,15780,52184,0.0327225130890052
2024-08-16,15780,16000,15200,15540,35879,-0.01520912547528519
2024-08-19,15540,16100,15320,15750,80992,0.013513513513513598
2024-08-20,15760,15880,15550,15660,31860,-0.005714285714285672
2024-08-21,15750,15920,15420,15490,25773,-0.01085568326947639
2024-08-22,15460,15560,15210,15400,15069,-0.005810200129115595
2024-08-23,15280,15430,15240,15400,9377,0.0
2024-08-26,15410,15790,15220,15790,11372,0.025324675324675416
2024-08-27,15590,15690,15450,15690,13013,-0.0063331222292589695
2024-08-28,15690,15690,15460,15530,12972,-0.010197578075207159
2024-08-29,15530,15560,15320,15320,10889,-0.013522215067611087
2024-08-30,15240,15540,15200,15440,16317,0.007832898172323688
2024-09-02,15350,15430,15250,15250,8838,-0.012305699481865329
2024-09-03,15180,15380,15150,15160,12249,-0.005901639344262244
2024-09-04,15030,15030,14110,14410,21017,-0.04947229551451182
2024-09-05,14500,15770,14000,14010,88316,-0.027758501040943795
2024-09-06,13940,14090,13670,13690,27208,-0.0228408279800143
2024-09-09,13660,13940,13510,13710,5091,0.0014609203798392478
2024-09-10,13730,13950,13720,13720,5094,0.0007293946024800047
2024-09-11,13770,14200,13620,13920,14210,0.014577259475218707
2024-09-12,13930,14790,13930,14720,14539,0.05747126436781613
2024-09-13,14780,15110,14500,14980,9765,0.017663043478260976
2024-09-19,14870,15200,14830,14910,6785,-0.004672897196261627
2024-09-20,14960,15190,14840,14840,35745,-0.0046948356807511304
2024-09-23,14840,15320,14840,14900,7192,0.0040431266846361336
2024-09-24,14760,15100,14760,14900,7732,0.0
2024-09-25,14760,15100,14450,14690,12354,-0.014093959731543593
2024-09-26,14790,15490,14720,14940,21406,0.017018379850238352
2024-09-27,14880,15100,14800,14930,6204,-0.0006693440428380271
2024-09-30,14930,15240,14870,14920,12557,-0.0006697923643670389
2024-10-02,14920,15240,14710,14730,9821,-0.012734584450402098
2024-10-04,14740,14920,14500,14650,5578,-0.005431093007467802
2024-10-07,14650,14780,14620,14630,4169,-0.0013651877133106227
2024-10-08,14630,14900,14560,14880,4289,0.01708817498291193
2024-10-10,14900,15480,14620,14900,10000,0.0013440860215054862
2024-10-11,14900,15100,14900,15090,7121,0.012751677852349097
2024-10-14,15070,15140,14960,15100,5946,0.000662690523525411
2024-10-15,15100,15290,14950,15090,6689,-0.0006622516556291647
2024-10-16,15100,16250,14930,15000,192095,-0.005964214711729587
2024-10-17,14980,15280,14960,15180,11893,0.01200000000000001
2024-10-18,15180,15320,14950,14950,10487,-0.015151515151515138
2024-10-21,15010,15080,14900,14910,5630,-0.0026755852842809125
2024-10-22,14910,14930,14720,14730,10093,-0.012072434607645843
2024-10-23,14630,14800,14540,14640,9729,-0.006109979633401208
2024-10-24,14730,14730,14510,14580,2677,-0.004098360655737654
2024-10-25,14670,14670,14010,14070,21198,-0.034979423868312765
2024-10-28,13960,14650,13960,14060,7748,-0.000710732054015617
2024-10-29,14070,14240,14030,14070,5232,0.0007112375533429027
2024-10-30,14160,14200,14030,14180,4757,0.00781805259417201
2024-10-31,14200,14200,14010,14050,3754,-0.009167842031029605
2024-11-01,14050,14150,13960,14040,6891,-0.000711743772242035
2024-11-04,14040,14150,13950,14000,9982,-0.002849002849002802
2024-11-05,14050,14140,13950,13950,7588,-0.0035714285714285587
2024-11-06,14150,14190,13850,14020,8551,0.00501792114695343
2024-11-07,13920,14020,13850,13960,3068,-0.004279600570613384
2024-11-08,14130,14130,13960,13980,4058,0.0014326647564470996
2024-11-11,13980,14140,13630,13770,11783,-0.015021459227467782
2024-11-12,13570,13800,13000,13000,29433,-0.05591866376180099
2024-11-13,13270,13270,12590,12590,23907,-0.031538461538461515
2024-11-14,12500,12770,12400,12570,10366,-0.001588562351072298
2024-11-15,12140,12570,12140,12470,7629,-0.007955449482895838
2024-11-18,12610,12900,12480,12900,11409,0.034482758620689724
2024-11-19,12600,13000,12600,12900,4748,0.0
2024-11-20,12790,12990,12790,12810,2642,-0.006976744186046546
2024-11-21,12730,12810,12690,12700,2511,-0.00858704137392663
2024-11-22,12700,12820,12470,12680,8226,-0.0015748031496063408
2024-11-25,12600,12600,12370,12520,7249,-0.012618296529968487
2024-11-26,12510,12620,12400,12400,4832,-0.009584664536741228
2024-11-27,12630,12630,12300,12320,8010,-0.006451612903225823
2024-11-28,12640,12640,12290,12590,5595,0.0219155844155845
2024-11-29,12590,12630,12190,12200,10522,-0.030976965845909477
2024-12-02,12340,12340,11580,11580,33185,-0.050819672131147575
2024-12-03,11410,11760,11410,11590,15221,0.0008635578583764403
2024-12-04,11210,11690,11210,11280,11386,-0.026747195858498718
2024-12-05,11140,11410,11070,11200,19495,-0.007092198581560294
2024-12-06,11300,11300,10570,10700,22867,-0.044642857142857095
2024-12-09,10900,10900,10120,10190,11266,-0.047663551401869175
2024-12-10,10210,10940,10210,10940,14112,0.07360157016683022
2024-12-11,10750,11390,10750,11380,7638,0.040219378427788
2024-12-12,11400,11400,11190,11390,3497,0.0008787346221441616
2024-12-13,11150,11510,11150,11480,9904,0.007901668129938644
2024-12-16,11400,11790,11400,11660,11120,0.015679442508710784
2024-12-17,11910,11910,11530,11660,9318,0.0
2024-12-18,11620,12330,11580,12330,15930,0.05746140651801035
2024-12-19,12330,12330,11600,11770,22059,-0.04541768045417682
2024-12-20,11690,11720,11290,11450,9886,-0.027187765505522488
2024-12-23,11560,11560,11290,11520,5776,0.006113537117903967
2024-12-24,11420,11770,11360,11740,8369,0.01909722222222232
2024-12-26,11760,12000,11740,11740,8013,0.0
2024-12-27,11560,11680,11390,11430,4705,-0.02640545144804085
2024-12-30,11170,11700,11170,11400,5355,-0.002624671916010457
2025-01-02,11400,11650,11400,11510,4069,0.009649122807017463
2025-01-03,11640,11850,11560,11830,10678,0.027801911381407418
2025-01-06,11830,12150,11720,12100,16000,0.02282333051563823
2025-01-07,12220,12290,12000,12100,14198,0.0
2025-01-08,12100,12330,11950,12120,10437,0.0016528925619834212
2025-01-09,12120,12260,12090,12170,6645,0.004125412541254203
2025-01-10,12130,12280,12040,12160,5995,-0.0008216926869351049
2025-01-13,12150,12190,11940,12000,4376,-0.013157894736842146
2025-01-14,12000,12180,11800,11850,4472,-0.012499999999999956
2025-01-15,11820,11970,11500,11520,17534,-0.027848101265822822
2025-01-16,11740,11740,11500,11600,4460,0.00694444444444442
2025-01-17,11600,11600,11450,11530,3735,-0.0060344827586207295
2025-01-20,11600,11620,11440,11610,3967,0.006938421509106618
2025-01-21,11530,11680,11530,11620,4083,0.0008613264427217437
2025-01-22,11630,11720,11610,11610,4667,-0.000860585197934638
2025-01-23,11700,11700,11500,11500,4695,-0.009474590869939736
2025-01-24,11500,12400,11500,11620,35478,0.01043478260869568
2025-01-31,11620,11800,11470,11470,11679,-0.012908777969018903
2025-02-03,11650,11650,11050,11060,16181,-0.03574542284219706
2025-02-04,11340,11350,11120,11120,4152,0.005424954792043302
2025-02-05,11050,11510,11050,11400,10193,0.02517985611510798
2025-02-06,11290,11570,11290,11540,3235,0.012280701754386003
2025-02-07,11430,11610,11430,11440,4061,-0.008665511265164683
2025-02-10,11430,12200,11170,11250,41818,-0.01660839160839156
2025-02-11,11260,11340,11170,11170,4230,-0.007111111111111068
2025-02-12,11290,11290,11050,11060,7683,-0.009847806624888045
2025-02-13,11190,11280,11000,11100,8073,0.003616636528029016
2025-02-14,11250,11250,11060,11150,3699,0.0045045045045044585
2025-02-17,11150,11280,11000,11080,8822,-0.00627802690582957
2025-02-18,11020,11270,11020,11110,6874,0.0027075812274368616
2025-02-19,11270,11270,11070,11170,11608,0.005400540054005365
2025-02-20,11180,11420,11160,11220,7804,0.004476275738585445
2025-02-21,11230,11350,11230,11300,5651,0.007130124777183555
2025-02-24,11300,11380,11110,11150,13107,-0.013274336283185861
2025-02-25,11190,11190,11030,11060,4060,-0.008071748878923812
2025-02-26,11020,11150,11020,11150,3743,0.008137432188065175
2025-02-27,11150,11150,11020,11080,5959,-0.00627802690582957
2025-02-28,11040,11060,10950,10970,12326,-0.009927797833935048
2025-03-04,11200,11200,10910,10910,9129,-0.005469462169553352
2025-03-05,10650,11040,10650,10930,6280,0.0018331805682860747
2025-03-06,10930,11030,10810,10930,7290,0.0
2025-03-07,10930,10930,10720,10790,11137,-0.012808783165599302
2025-03-10,10650,10860,10550,10660,13184,-0.012048192771084376
2025-03-11,10670,10770,10550,10550,3926,-0.010318949343339545
2025-03-12,10550,10690,10500,10530,7750,-0.0018957345971564177
2025-03-13,10550,10650,10400,10450,5108,-0.007597340930674212
2025-03-14,10590,10590,10420,10450,8386,0.0
2025-03-17,10590,10590,10390,10400,6014,-0.004784688995215336
2025-03-18,10410,13520,10410,13520,1336784,0.30000000000000004
2025-03-19,13570,13700,12210,12380,567227,-0.08431952662721898
2025-03-20,12490,12490,11610,11700,179557,-0.0549273021001615
2025-03-21,11720,12060,11430,11440,114103,-0.022222222222222254
2025-03-24,11330,11710,11180,11400,97913,-0.0034965034965035446
2025-03-25,11710,14270,11480,12390,3466335,0.08684210526315783
2025-03-26,12300,12300,11780,11850,273810,-0.04358353510895885
2025-03-27,12310,13540,11900,12010,925678,0.013502109704641274
2025-03-28,12300,12990,12010,12360,645338,0.029142381348876034
2025-03-31,12970,15830,12340,14640,3131178,0.18446601941747565
2025-04-01,14460,14550,13530,13530,587843,-0.07581967213114749
2025-04-02,13520,13950,12730,13530,1045807,0.0
2025-04-03,13640,16290,13640,14440,3204162,0.06725794530672569
2025-04-04,14250,15100,13300,13510,492359,-0.06440443213296398
2025-04-07,13010,13010,12280,12360,221237,-0.08512213175425609
2025-04-08,12620,12970,12110,12160,205150,-0.016181229773462813
2025-04-09,11800,12480,11790,11880,125320,-0.023026315789473673
2025-04-10,12300,12500,12030,12120,113829,0.02020202020202011
2025-04-11,12500,14480,12300,13250,1522658,0.09323432343234317
2025-04-14,12980,14030,12970,13350,416855,0.007547169811320753
2025-04-15,13700,13890,13120,13270,151460,-0.005992509363295873
2025-04-16,13190,13400,12870,12890,103523,-0.028636021100226117
2025-04-17,13190,13770,13000,13130,208766,0.018619084561675825
2025-04-18,13180,13360,12920,13000,85074,-0.00990099009900991
2025-04-21,13060,13950,12880,13260,506844,0.020000000000000018
2025-04-22,12960,13000,12590,12630,148238,-0.04751131221719462
2025-04-23,12710,12840,12610,12710,84900,0.0063341250989708
2025-04-24,12920,13290,12590,12600,148679,-0.00865460267505902
2025-04-25,12700,12710,12500,12530,49408,-0.005555555555555536
2025-04-28,12750,12750,12210,12210,52945,-0.025538707102952918
2025-04-29,12210,12490,12180,12420,23730,0.017199017199017286
2025-04-30,13090,13600,12420,12420,372229,0.0
2025-05-02,12500,12500,12270,12310,43243,-0.008856682769726287
2025-05-07,12310,12460,12020,12310,57784,0.0
2025-05-08,12310,12400,12150,12180,24065,-0.010560519902518273
2025-05-09,12130,12360,12030,12140,25722,-0.003284072249589487
2025-05-12,12020,12220,11970,12150,41626,0.0008237232289951546
2025-05-13,12150,12480,12110,12220,84112,0.0057613168724279795
2025-05-14,12220,12370,12160,12340,28278,0.009819967266775809
2025-05-15,12360,12460,12180,12400,27735,0.004862236628849326
2025-05-16,12480,12480,12000,12000,46265,-0.032258064516129004
2025-05-19,12180,12180,11950,12040,19946,0.0033333333333334103
2025-05-20,12020,12150,11950,12000,11098,-0.0033222591362126463
2025-05-21,12000,12660,12000,12520,74946,0.043333333333333224
2025-05-22,12500,13150,12390,12850,152284,0.02635782747603832
2025-05-23,12620,13200,12410,12430,41075,-0.03268482490272373
2025-05-26,12350,12760,12290,12630,37885,0.016090104585679832
2025-05-27,12740,12740,12460,12600,27209,-0.002375296912114022
2025-05-28,12640,13040,12570,12810,62372,0.016666666666666607
2025-05-29,12810,13040,12810,13000,34177,0.014832162373145996
2025-05-30,13080,13860,12750,12890,238838,-0.00846153846153841
2025-06-02,12850,13180,12770,13000,33138,0.00853374709076804
2025-06-04,13000,13030,12760,12850,36629,-0.011538461538461497
2025-06-05,12830,12940,12630,12640,35044,-0.01634241245136192
2025-06-09,12650,13180,12650,13060,56917,0.03322784810126578
2025-06-10,13060,13320,12900,13100,34724,0.003062787136294043
2025-06-11,13150,13350,13100,13270,33117,0.012977099236641143
2025-06-12,13380,13440,13250,13370,35687,0.007535795026375247
2025-06-13,13370,13400,12900,13100,29943,-0.020194465220643276
2025-06-16,13400,14300,13280,14130,326036,0.07862595419847329
2025-06-17,14250,15000,13760,14520,183969,0.027600849256900206
2025-06-18,14520,14680,13850,14300,61011,-0.015151515151515138
2025-06-19,14310,14310,13850,14020,58320,-0.01958041958041956
2025-06-20,14030,15900,13930,14740,422382,0.051355206847360835
2025-06-23,14740,15660,14370,15530,197298,0.053595658073269936
2025-06-24,15670,16680,15600,16250,204399,0.046361880231809316
2025-06-25,16250,16470,15760,16140,77821,-0.00676923076923075
2025-06-26,16300,16300,15520,15720,65760,-0.026022304832713727
2025-06-27,15800,15850,15200,15380,48437,-0.021628498727735423
2025-06-30,15200,15880,15000,15190,44296,-0.012353706111833507
2025-07-01,15190,15360,14870,14870,33933,-0.02106649111257408
2025-07-02,15060,15220,14760,15080,27667,0.014122394082044298
2025-07-03,15090,15100,14800,14960,23419,-0.007957559681697646
2025-07-04,14960,14970,14300,14300,29581,-0.044117647058823484
2025-07-07,14420,14790,14200,14740,20401,0.03076923076923066
2025-07-08,14850,14850,14370,14480,17905,-0.01763907734056991
2025-07-09,14410,14750,14330,14720,15372,0.016574585635359185
2025-07-10,14690,14920,14680,14810,22309,0.006114130434782705
2025-07-11,14920,15650,14740,15310,69671,0.03376097231600261
2025-07-14,15650,15730,15220,15420,37249,0.007184846505551956
2025-07-15,15400,15700,15250,15550,27838,0.008430609597924743
2025-07-16,15610,15610,15150,15450,15951,-0.006430868167202619
2025-07-17,15540,15660,14500,15450,31930,0.0
2025-07-18,15650,15650,15170,15430,13838,-0.0012944983818770073
2025-07-21,15540,15600,15170,15230,12040,-0.012961762799740817
2025-07-22,15230,15340,14680,14970,20271,-0.017071569271175258
2025-07-23,14930,15140,14740,14810,10312,-0.010688042752171056
2025-07-24,14890,14930,14420,14420,27971,-0.026333558406482105
2025-07-25,14440,14560,14210,14280,15544,-0.009708737864077666
2025-07-28,14420,14420,13980,14080,10764,-0.014005602240896309
2025-07-29,14330,14500,13920,14350,9281,0.019176136363636465
2025-07-30,14350,14350,14000,14140,23098,-0.014634146341463428
2025-07-31,14140,14140,13920,13980,11380,-0.011315417256011262
2025-08-01,14100,14100,13480,13520,26349,-0.03290414878397707
2025-08-04,13950,13950,13390,13840,9638,0.023668639053254337
2025-08-05,13990,14040,13900,13960,3202,0.00867052023121384
2025-08-06,13860,14150,13820,13980,5514,0.0014326647564470996
2025-08-07,14060,14060,13810,13840,10296,-0.010014306151645225
2025-08-08,13920,14010,13700,13900,8465,0.004335260115607031
2025-08-11,13990,13990,13560,13690,9235,-0.015107913669064721
2025-08-12,13810,13900,13670,13740,6503,0.0036523009495983416
2025-08-13,14000,14080,13650,14000,13017,0.018922852983988436
2025-08-14,14150,14260,14000,14160,13451,0.011428571428571344
2025-08-18,14150,14200,13800,13800,9277,-0.025423728813559365
2025-08-19,13810,14030,13500,13980,22771,0.01304347826086949
2025-08-20,13980,13980,13390,13720,19094,-0.01859799713876964
2025-08-21,13680,13700,13500,13580,9208,-0.010204081632653073
2025-08-22,13530,13790,12750,13400,16140,-0.013254786450662692
2025-08-25,13370,13740,13370,13480,13408,0.005970149253731405
2025-08-26,13400,13610,13350,13500,4121,0.0014836795252226587
2025-08-27,13590,13670,13370,13600,10205,0.007407407407407307
2025-08-28,13620,13700,13400,13540,12014,-0.004411764705882337
2025-08-29,13470,13610,13330,13430,7826,-0.008124076809453484
2025-09-01,13430,13430,12800,12960,29047,-0.034996276991809405
2025-09-02,13060,13060,12710,12960,20202,0.0
2025-09-03,12840,13090,12830,13000,15910,0.0030864197530864335
2025-09-04,13000,14290,12910,13500,75915,0.03846153846153855
2025-09-05,13690,14070,13400,13750,23094,0.0185185185185186
2025-09-08,13800,14140,13800,13840,20102,0.006545454545454632
2025-09-09,13990,14160,13800,14160,12350,0.023121387283236983
2025-09-10,14100,14270,14020,14140,18098,-0.0014124293785310327
2025-09-11,14100,14220,13950,13980,12231,-0.011315417256011262
2025-09-12,14010,14100,13760,13780,23522,-0.014306151645207432
2025-09-15,14120,14200,13950,14140,11927,0.026124818577648812
2025-09-16,14200,14210,13870,13870,14876,-0.019094766619519143
2025-09-17,14250,16750,14200,14580,1220661,0.051189617880317284
2025-09-18,14590,14660,14000,14110,89059,-0.032235939643347034
2025-09-19,14220,14510,14130,14350,55495,0.01700921332388372
2025-09-22,14450,14560,14040,14400,33118,0.0034843205574912606
2025-09-23,14400,15490,14190,14520,157982,0.008333333333333304
2025-09-24,14530,14590,14350,14500,39130,-0.0013774104683195176
2025-09-25,14550,14560,14290,14290,14354,-0.014482758620689706
2025-09-26,14500,15940,14500,15150,300635,0.060181945416375004
2025-09-29,15100,15470,14920,14970,70569,-0.011881188118811892
2025-09-30,15100,15100,14590,14700,20140,-0.018036072144288595
2025-10-01,14740,15700,14740,15250,171972,0.03741496598639449
2025-10-02,15380,15410,15050,15150,54428,-0.006557377049180357
2025-10-10,15410,17800,15290,16600,718081,0.09570957095709565
2025-10-13,16300,16600,15500,15540,257449,-0.06385542168674696
2025-10-14,15670,15870,14850,15010,101212,-0.034105534105534074
2025-10-15,15010,15240,14780,14790,34796,-0.014656895403064585
2025-10-16,14820,14920,14500,14510,59588,-0.01893171061528065
2025-10-17,14500,14630,14200,14210,50192,-0.020675396278428626
2025-10-20,14460,14650,14330,14510,20603,0.02111189303307537
2025-10-21,14520,14700,14430,14600,23459,0.006202618883528688
2025-10-22,14520,14520,14200,14460,20535,-0.009589041095890427
2025-10-23,14710,14710,14340,14340,22431,-0.008298755186721962
2025-10-24,14340,14400,14270,14270,18529,-0.004881450488145034
2025-10-27,14470,14740,14300,14700,34392,0.030133146461107208
2025-10-28,14950,14950,14510,14600,20321,-0.006802721088435382
2025-10-29,14940,14940,14440,14590,15023,-0.00068493150684934
2025-10-30,14600,14730,14330,14420,20681,-0.011651816312542862
2025-10-31,14520,14590,14380,14380,15312,-0.00277392510402219
2025-11-03,14550,14550,14030,14070,22733,-0.021557719054241975
2025-11-04,14000,14340,13890,14030,57235,-0.002842928216062579
2025-11-05,14220,14380,13610,13860,43695,-0.012116892373485344
2025-11-06,13880,14180,13850,13980,25693,0.008658008658008587
2025-11-07,13990,14000,13510,13540,23447,-0.03147353361945637
2025-11-10,13720,13950,13600,13950,10928,0.030280649926144765
2025-11-11,13990,14100,13800,13800,11067,-0.010752688172043001
2025-11-12,14010,14220,13910,14190,11460,0.02826086956521734
2025-11-13,14210,14910,14190,14600,55050,0.028893587033121948
2025-11-14,14310,14850,14310,14700,29322,0.006849315068493178
2025-11-17,14750,14800,14400,14420,26361,-0.01904761904761909
2025-11-18,14800,14870,13770,14200,41837,-0.015256588072122046
2025-11-19,14080,14330,13940,14060,22321,-0.009859154929577452
2025-11-20,14190,14490,14140,14420,17424,0.02560455192034139
2025-11-21,13790,14490,13790,14400,31817,-0.001386962552011095
2025-11-24,14570,14570,14050,14100,15597,-0.02083333333333337
2025-11-25,14220,14410,13930,14000,20505,-0.007092198581560294
2025-11-26,14100,14300,13950,14130,20639,0.009285714285714342
2025-11-27,14260,14600,14170,14380,37339,0.017692852087756616
2025-11-28,14550,15280,14240,15020,77954,0.044506258692628586
2025-12-01,15370,16000,15320,15750,106358,0.048601864181091914
2025-12-02,15750,16020,15430,15950,47437,0.012698412698412653
2025-12-03,15950,16330,15510,15980,34272,0.0018808777429466517
2025-12-04,16120,16200,15550,15700,47172,-0.017521902377972465
2025-12-05,16100,16100,15060,15450,44788,-0.015923566878980888
2025-12-08,15510,15600,15200,15450,20071,0.0
2025-12-09,15500,15760,15300,15700,32185,0.016181229773462702
2025-12-10,15610,15610,14960,15110,28916,-0.037579617834394896
2025-12-11,15320,15760,15150,15650,40112,0.03573792190602254
2025-12-12,16000,16200,15780,16040,35904,0.024920127795527103
2025-12-15,16000,16600,15830,16530,52941,0.030548628428927582
2025-12-16,16570,16570,15680,16040,50090,-0.029643073200241954
2025-12-17,16170,16320,15550,16020,40635,-0.0012468827930174342
2025-12-18,16020,16140,15520,15710,19227,-0.019350811485642994
2025-12-19,15850,16160,15510,16080,37925,0.02355187778485046
2025-12-22,16090,16090,15660,15690,20690,-0.02425373134328357
2025-12-23,15760,15760,15210,15310,25587,-0.02421924792861696
2025-12-24,15510,15540,15100,15490,15360,0.011757021554539504
2025-12-26,15580,15840,15370,15710,25514,0.01420271142672691
2025-12-29,15940,15940,15450,15600,12577,-0.00700190961171232
2025-12-30,15620,15660,15150,15150,14759,-0.028846153846153855
2026-01-02,15100,15560,15000,15110,24604,-0.0026402640264026056
2026-01-05,15400,15880,14820,15780,42368,0.04434149569821311
2026-01-06,15900,16180,15820,16070,60030,0.018377693282636276
2026-01-07,16080,16310,15700,15930,36029,-0.00871188550093338
2026-01-08,15930,16110,15520,15820,49626,-0.0069052102950407646
2026-01-09,15890,15890,15330,15430,43301,-0.02465233881163087
2026-01-12,15390,15390,15040,15110,25045,-0.020738820479585196
2026-01-13,15040,15200,14820,14830,36658,-0.018530774321641297
2026-01-14,15000,15190,14810,14870,29756,0.0026972353337828547
2026-01-15,14870,15000,14710,14890,16241,0.0013449899125757003
2026-01-16,14980,15150,14580,14920,49626,0.002014775016789816
2026-01-19,14920,14920,14530,14530,25672,-0.026139410187667522
2026-01-20,14450,14850,14440,14700,23570,0.011699931176875511
2026-01-21,14700,14700,14190,14280,26719,-0.02857142857142858
2026-01-22,14480,14480,13850,14210,39736,-0.004901960784313708
2026-01-23,14210,14640,14100,14550,31500,0.02392681210415204
2026-01-26,14740,14990,14600,14780,33533,0.01580756013745699
2026-01-27,14790,14940,14650,14920,16897,0.009472259810554773
2026-01-28,15000,15020,14740,14810,30386,-0.007372654155495928
2026-01-29,14700,14950,13800,14880,25757,0.004726536124240344
2026-01-30,14890,14900,14500,14560,27499,-0.021505376344086002
2026-02-02,14500,14850,14090,14190,30646,-0.025412087912087933
2026-02-03,14390,14600,14150,14370,14572,0.012684989429175397
2026-02-04,14370,14590,14200,14460,22795,0.006263048016701411
2026-02-05,14750,14750,14300,14400,23782,-0.004149377593360981
2026-02-06,14150,14500,13620,14500,41579,0.00694444444444442
2026-02-09,14690,14780,14270,14580,35789,0.0055172413793103114
2026-02-10,14580,14750,14500,14730,19674,0.010288065843621297
2026-02-11,14730,14910,14590,14890,24681,0.010862186014935604
2026-02-12,14930,14930,14650,14860,22882,-0.002014775016789816
2026-02-13,14860,14860,14430,14800,17273,-0.004037685060565233
2026-02-19,14810,14810,14450,14680,81150,-0.008108108108108136
2026-02-20,14680,14790,14480,14790,32601,0.0074931880108992654
2026-02-23,14790,15110,14750,14970,52701,0.012170385395537497
2026-02-24,15280,19290,15280,17390,2747161,0.16165664662658652
2026-02-25,16820,17620,16590,16880,484185,-0.029327199539965543
