Date,Open,High,Low,Close,Volume,Dividends,Stock Splits
2022-01-03 00:00:00-05:00,9.520000457763672,9.579999923706055,9.15999984741211,9.529999732971191,926800,0.0,0.0
2022-01-04 00:00:00-05:00,9.579999923706055,9.609999656677246,8.90999984741211,9.279999732971191,5984000,0.0,0.0
2022-01-05 00:00:00-05:00,9.220000267028809,9.555000305175781,8.789999961853027,8.890000343322754,811300,0.0,0.0
2022-01-06 00:00:00-05:00,8.819999694824219,9.039999961853027,8.569999694824219,9.010000228881836,776700,0.0,0.0
2022-01-07 00:00:00-05:00,9.050000190734863,9.199999809265137,8.75,8.949999809265137,1200000,0.0,0.0
2022-01-10 00:00:00-05:00,9.029999732971191,9.279999732971191,8.180000305175781,8.579999923706055,787500,0.0,0.0
2022-01-11 00:00:00-05:00,8.579999923706055,8.890000343322754,8.220000267028809,8.289999961853027,679100,0.0,0.0
2022-01-12 00:00:00-05:00,8.270000457763672,8.380000114440918,7.639999866485596,7.949999809265137,1028700,0.0,0.0
2022-01-13 00:00:00-05:00,8.010000228881836,8.229999542236328,7.5,7.739999771118164,854100,0.0,0.0
2022-01-14 00:00:00-05:00,7.619999885559082,7.78000020980835,7.260000228881836,7.710000038146973,682100,0.0,0.0
2022-01-18 00:00:00-05:00,7.690000057220459,7.690000057220459,7.159999847412109,7.300000190734863,404300,0.0,0.0
2022-01-19 00:00:00-05:00,7.53000020980835,7.699999809265137,6.769999980926514,6.900000095367432,780600,0.0,0.0
2022-01-20 00:00:00-05:00,6.900000095367432,7.199999809265137,6.670000076293945,6.690000057220459,372700,0.0,0.0
2022-01-21 00:00:00-05:00,6.769999980926514,6.860000133514404,6.360000133514404,6.400000095367432,447600,0.0,0.0
2022-01-24 00:00:00-05:00,6.199999809265137,6.75,5.960000038146973,6.690000057220459,502700,0.0,0.0
2022-01-25 00:00:00-05:00,6.639999866485596,6.909999847412109,6.289999961853027,6.389999866485596,326200,0.0,0.0
2022-01-26 00:00:00-05:00,6.449999809265137,6.590000152587891,6.239999771118164,6.289999961853027,288400,0.0,0.0
2022-01-27 00:00:00-05:00,6.309999942779541,6.309999942779541,5.630000114440918,5.869999885559082,577400,0.0,0.0
2022-01-28 00:00:00-05:00,6.139999866485596,6.53000020980835,5.960000038146973,6.480000019073486,808300,0.0,0.0
2022-01-31 00:00:00-05:00,6.989999771118164,7.110000133514404,6.480000019073486,7.079999923706055,1125700,0.0,0.0
2022-02-01 00:00:00-05:00,7.199999809265137,7.559999942779541,6.769999980926514,7.53000020980835,879300,0.0,0.0
2022-02-02 00:00:00-05:00,7.579999923706055,7.699999809265137,7.03000020980835,7.159999847412109,817000,0.0,0.0
2022-02-03 00:00:00-05:00,6.989999771118164,7.117000102996826,6.710000038146973,6.960000038146973,665100,0.0,0.0
2022-02-04 00:00:00-05:00,7.079999923706055,7.400000095367432,6.650000095367432,7.190000057220459,465100,0.0,0.0
2022-02-07 00:00:00-05:00,7.190000057220459,7.21999979019165,6.880000114440918,7.130000114440918,486200,0.0,0.0
2022-02-08 00:00:00-05:00,7.059999942779541,7.400000095367432,7.03000020980835,7.21999979019165,328800,0.0,0.0
2022-02-09 00:00:00-05:00,7.309999942779541,7.630000114440918,7.28000020980835,7.409999847412109,476800,0.0,0.0
2022-02-10 00:00:00-05:00,7.300000190734863,7.869999885559082,7.25,7.5,410200,0.0,0.0
2022-02-11 00:00:00-05:00,7.480000019073486,7.610000133514404,7.329999923706055,7.429999828338623,313500,0.0,0.0
2022-02-14 00:00:00-05:00,7.389999866485596,7.489999771118164,7.179999828338623,7.28000020980835,284000,0.0,0.0
2022-02-15 00:00:00-05:00,7.510000228881836,7.730000019073486,7.329999923706055,7.699999809265137,282300,0.0,0.0
2022-02-16 00:00:00-05:00,7.659999847412109,7.789999961853027,7.5,7.699999809265137,141100,0.0,0.0
2022-02-17 00:00:00-05:00,7.599999904632568,7.639999866485596,7.130000114440918,7.150000095367432,200500,0.0,0.0
2022-02-18 00:00:00-05:00,7.110000133514404,7.53000020980835,7.039999961853027,7.059999942779541,152900,0.0,0.0
2022-02-22 00:00:00-05:00,7.0,7.010000228881836,6.420000076293945,6.550000190734863,373600,0.0,0.0
2022-02-23 00:00:00-05:00,6.599999904632568,6.679999828338623,6.199999809265137,6.25,295700,0.0,0.0
2022-02-24 00:00:00-05:00,5.9029998779296875,6.679999828338623,5.869999885559082,6.650000095367432,627200,0.0,0.0
2022-02-25 00:00:00-05:00,6.690000057220459,7.070000171661377,6.559999942779541,7.03000020980835,317600,0.0,0.0
2022-02-28 00:00:00-05:00,6.920000076293945,7.179999828338623,6.920000076293945,7.150000095367432,331700,0.0,0.0
2022-03-01 00:00:00-05:00,7.090000152587891,7.340000152587891,6.869999885559082,6.920000076293945,217200,0.0,0.0
2022-03-02 00:00:00-05:00,6.980000019073486,7.320000171661377,6.934000015258789,7.130000114440918,286000,0.0,0.0
2022-03-03 00:00:00-05:00,7.050000190734863,7.239999771118164,6.764999866485596,6.840000152587891,207100,0.0,0.0
2022-03-04 00:00:00-05:00,6.710000038146973,7.090000152587891,6.275000095367432,6.289999961853027,577000,0.0,0.0
2022-03-07 00:00:00-05:00,6.409999847412109,6.699999809265137,6.25,6.409999847412109,493800,0.0,0.0
2022-03-08 00:00:00-05:00,6.409999847412109,6.869999885559082,6.349999904632568,6.639999866485596,634400,0.0,0.0
2022-03-09 00:00:00-05:00,6.800000190734863,7.210000038146973,6.679999828338623,6.71999979019165,591000,0.0,0.0
2022-03-10 00:00:00-05:00,6.639999866485596,6.880000114440918,6.480000019073486,6.670000076293945,278800,0.0,0.0
2022-03-11 00:00:00-05:00,6.71999979019165,6.960000038146973,6.343999862670898,6.590000152587891,206900,0.0,0.0
2022-03-14 00:00:00-04:00,6.670000076293945,6.75,6.099999904632568,6.159999847412109,325300,0.0,0.0
2022-03-15 00:00:00-04:00,6.650000095367432,7.480000019073486,6.557000160217285,7.460000038146973,937500,0.0,0.0
2022-03-16 00:00:00-04:00,7.489999771118164,8.220000267028809,7.300000190734863,8.149999618530273,844200,0.0,0.0
2022-03-17 00:00:00-04:00,8.130000114440918,8.630000114440918,8.0600004196167,8.630000114440918,428100,0.0,0.0
2022-03-18 00:00:00-04:00,8.399999618530273,9.220000267028809,8.399999618530273,9.170000076293945,1368000,0.0,0.0
2022-03-21 00:00:00-04:00,9.029999732971191,9.1899995803833,8.869999885559082,9.0,342800,0.0,0.0
2022-03-22 00:00:00-04:00,9.010000228881836,9.225000381469727,8.710000038146973,8.75,404500,0.0,0.0
2022-03-23 00:00:00-04:00,8.600000381469727,8.970000267028809,8.4399995803833,8.510000228881836,326500,0.0,0.0
2022-03-24 00:00:00-04:00,8.350000381469727,8.670000076293945,8.350000381469727,8.5,300200,0.0,0.0
2022-03-25 00:00:00-04:00,8.789999961853027,8.899999618530273,8.210000038146973,8.289999961853027,456900,0.0,0.0
2022-03-28 00:00:00-04:00,8.380000114440918,8.619999885559082,8.210000038146973,8.520000457763672,632400,0.0,0.0
2022-03-29 00:00:00-04:00,8.649999618530273,8.979999542236328,8.390000343322754,8.949999809265137,2372000,0.0,0.0
2022-03-30 00:00:00-04:00,9.180000305175781,9.579999923706055,8.760000228881836,9.229999542236328,1589200,0.0,0.0
2022-03-31 00:00:00-04:00,9.229999542236328,9.329999923706055,8.829999923706055,9.25,757800,0.0,0.0
2022-04-01 00:00:00-04:00,9.239999771118164,9.319999694824219,8.6899995803833,8.6899995803833,924400,0.0,0.0
2022-04-04 00:00:00-04:00,8.8100004196167,9.34000015258789,8.729999542236328,9.3100004196167,606700,0.0,0.0
2022-04-05 00:00:00-04:00,9.3100004196167,9.380000114440918,8.899999618530273,9.289999961853027,476000,0.0,0.0
2022-04-06 00:00:00-04:00,9.100000381469727,9.170000076293945,8.359999656677246,8.630000114440918,725800,0.0,0.0
2022-04-07 00:00:00-04:00,8.600000381469727,8.906000137329102,8.430000305175781,8.75,404500,0.0,0.0
2022-04-08 00:00:00-04:00,8.65999984741211,8.90999984741211,8.619999885559082,8.880000114440918,406200,0.0,0.0
2022-04-11 00:00:00-04:00,8.979999542236328,9.050000190734863,8.430000305175781,8.460000038146973,559700,0.0,0.0
2022-04-12 00:00:00-04:00,8.630000114440918,8.829999923706055,8.430000305175781,8.510000228881836,535300,0.0,0.0
2022-04-13 00:00:00-04:00,8.489999771118164,8.569999694824219,8.390000343322754,8.550000190734863,399000,0.0,0.0
2022-04-14 00:00:00-04:00,8.569999694824219,8.670000076293945,8.380000114440918,8.390000343322754,315100,0.0,0.0
2022-04-18 00:00:00-04:00,8.319999694824219,8.399999618530273,7.809999942779541,7.929999828338623,640500,0.0,0.0
2022-04-19 00:00:00-04:00,8.100000381469727,8.319999694824219,7.949999809265137,7.980000019073486,492500,0.0,0.0
2022-04-20 00:00:00-04:00,8.039999961853027,8.329999923706055,7.960000038146973,8.0600004196167,547700,0.0,0.0
2022-04-21 00:00:00-04:00,8.170000076293945,8.258999824523926,7.619999885559082,7.690000057220459,499200,0.0,0.0
2022-04-22 00:00:00-04:00,7.610000133514404,7.670000076293945,7.139999866485596,7.269999980926514,379600,0.0,0.0
2022-04-25 00:00:00-04:00,7.21999979019165,7.53000020980835,7.019999980926514,7.329999923706055,371500,0.0,0.0
2022-04-26 00:00:00-04:00,7.269999980926514,7.360000133514404,6.855000019073486,7.059999942779541,425600,0.0,0.0
2022-04-27 00:00:00-04:00,7.150000095367432,7.21999979019165,6.949999809265137,7.03000020980835,488200,0.0,0.0
2022-04-28 00:00:00-04:00,7.25,7.329999923706055,6.760000228881836,7.119999885559082,445700,0.0,0.0
2022-04-29 00:00:00-04:00,7.019999980926514,7.190000057220459,6.940000057220459,7.019999980926514,425400,0.0,0.0
2022-05-02 00:00:00-04:00,6.920000076293945,7.179999828338623,6.820000171661377,7.099999904632568,608900,0.0,0.0
2022-05-03 00:00:00-04:00,7.199999809265137,7.199999809265137,6.400000095367432,6.75,1009200,0.0,0.0
2022-05-04 00:00:00-04:00,6.75,6.980000019073486,6.340000152587891,6.929999828338623,779600,0.0,0.0
2022-05-05 00:00:00-04:00,6.820000171661377,6.840000152587891,6.460000038146973,6.650000095367432,788700,0.0,0.0
2022-05-06 00:00:00-04:00,6.670000076293945,6.679999828338623,6.210000038146973,6.400000095367432,1141000,0.0,0.0
2022-05-09 00:00:00-04:00,6.309999942779541,6.409999847412109,6.099999904632568,6.369999885559082,1494500,0.0,0.0
2022-05-10 00:00:00-04:00,6.599999904632568,6.659999847412109,6.079999923706055,6.349999904632568,1560300,0.0,0.0
2022-05-11 00:00:00-04:00,6.239999771118164,6.289999961853027,5.179999828338623,5.230000019073486,1883200,0.0,0.0
2022-05-12 00:00:00-04:00,5.130000114440918,5.800000190734863,4.960000038146973,5.590000152587891,1214200,0.0,0.0
2022-05-13 00:00:00-04:00,5.800000190734863,6.329999923706055,5.75,5.929999828338623,1898600,0.0,0.0
2022-05-16 00:00:00-04:00,5.869999885559082,6.03000020980835,5.574999809265137,5.599999904632568,820300,0.0,0.0
2022-05-17 00:00:00-04:00,5.71999979019165,5.920000076293945,5.465000152587891,5.909999847412109,655600,0.0,0.0
2022-05-18 00:00:00-04:00,5.789999961853027,6.110000133514404,5.610000133514404,5.639999866485596,476200,0.0,0.0
2022-05-19 00:00:00-04:00,5.610000133514404,6.179999828338623,5.610000133514404,6.139999866485596,753200,0.0,0.0
2022-05-20 00:00:00-04:00,6.21999979019165,6.380000114440918,6.010000228881836,6.170000076293945,602300,0.0,0.0
2022-05-23 00:00:00-04:00,6.21999979019165,6.599999904632568,6.130000114440918,6.400000095367432,590000,0.0,0.0
2022-05-24 00:00:00-04:00,6.46999979019165,6.920000076293945,6.340000152587891,6.710000038146973,1061300,0.0,0.0
2022-05-25 00:00:00-04:00,6.659999847412109,7.050000190734863,6.639999866485596,6.949999809265137,462500,0.0,0.0
2022-05-26 00:00:00-04:00,6.960000038146973,7.320000171661377,6.960000038146973,7.230000019073486,440200,0.0,0.0
2022-05-27 00:00:00-04:00,7.269999980926514,7.715000152587891,7.269999980926514,7.5,434900,0.0,0.0
2022-05-31 00:00:00-04:00,7.510000228881836,7.610000133514404,7.150000095367432,7.550000190734863,2504800,0.0,0.0
2022-06-01 00:00:00-04:00,7.599999904632568,7.730000019073486,7.340000152587891,7.480000019073486,681300,0.0,0.0
2022-06-02 00:00:00-04:00,7.449999809265137,8.109999656677246,7.244999885559082,8.079999923706055,924300,0.0,0.0
2022-06-03 00:00:00-04:00,7.960000038146973,8.194999694824219,7.829999923706055,8.09000015258789,932800,0.0,0.0
2022-06-06 00:00:00-04:00,8.279999732971191,8.569999694824219,8.140000343322754,8.270000457763672,1137700,0.0,0.0
2022-06-07 00:00:00-04:00,8.149999618530273,8.25,6.800000190734863,7.53000020980835,1737700,0.0,0.0
2022-06-08 00:00:00-04:00,7.460000038146973,7.764999866485596,7.264999866485596,7.46999979019165,759600,0.0,0.0
2022-06-09 00:00:00-04:00,7.400000095367432,7.489999771118164,6.920000076293945,6.949999809265137,771100,0.0,0.0
2022-06-10 00:00:00-04:00,6.78000020980835,6.989999771118164,6.670000076293945,6.820000171661377,526800,0.0,0.0
2022-06-13 00:00:00-04:00,6.590000152587891,6.840000152587891,6.53000020980835,6.559999942779541,525200,0.0,0.0
2022-06-14 00:00:00-04:00,6.610000133514404,6.980000019073486,6.389999866485596,6.960000038146973,652000,0.0,0.0
2022-06-15 00:00:00-04:00,7.039999961853027,7.65500020980835,7.039999961853027,7.480000019073486,1341100,0.0,0.0
2022-06-16 00:00:00-04:00,7.289999961853027,7.630000114440918,7.059999942779541,7.460000038146973,1597500,0.0,0.0
2022-06-17 00:00:00-04:00,7.489999771118164,7.869999885559082,7.300000190734863,7.800000190734863,1729900,0.0,0.0
2022-06-21 00:00:00-04:00,7.949999809265137,8.3100004196167,7.71999979019165,7.78000020980835,1308800,0.0,0.0
2022-06-22 00:00:00-04:00,7.610000133514404,7.820000171661377,7.260000228881836,7.650000095367432,1311200,0.0,0.0
2022-06-23 00:00:00-04:00,7.650000095367432,7.659999847412109,7.289999961853027,7.489999771118164,858200,0.0,0.0
2022-06-24 00:00:00-04:00,7.570000171661377,7.599999904632568,7.059999942779541,7.130000114440918,9509800,0.0,0.0
2022-06-27 00:00:00-04:00,7.28000020980835,7.28000020980835,6.75,6.980000019073486,768800,0.0,0.0
2022-06-28 00:00:00-04:00,6.96999979019165,7.119999885559082,6.769999980926514,6.869999885559082,923200,0.0,0.0
2022-06-29 00:00:00-04:00,6.849999904632568,7.019999980926514,6.809999942779541,6.980000019073486,673300,0.0,0.0
2022-06-30 00:00:00-04:00,6.840000152587891,7.170000076293945,6.820000171661377,7.139999866485596,992700,0.0,0.0
2022-07-01 00:00:00-04:00,7.019999980926514,7.304999828338623,6.96999979019165,7.260000228881836,561900,0.0,0.0
2022-07-05 00:00:00-04:00,7.070000171661377,7.71999979019165,7.050000190734863,7.699999809265137,569000,0.0,0.0
2022-07-06 00:00:00-04:00,7.650000095367432,7.769999980926514,7.550000190734863,7.75,499100,0.0,0.0
2022-07-07 00:00:00-04:00,7.800000190734863,8.085000038146973,7.710000038146973,7.739999771118164,517600,0.0,0.0
2022-07-08 00:00:00-04:00,7.650000095367432,7.809999942779541,7.590000152587891,7.659999847412109,336200,0.0,0.0
2022-07-11 00:00:00-04:00,7.489999771118164,7.659999847412109,7.380000114440918,7.440000057220459,238800,0.0,0.0
2022-07-12 00:00:00-04:00,7.460000038146973,7.630000114440918,7.369999885559082,7.480000019073486,281200,0.0,0.0
2022-07-13 00:00:00-04:00,7.369999885559082,7.630000114440918,7.284999847412109,7.389999866485596,329800,0.0,0.0
2022-07-14 00:00:00-04:00,7.28000020980835,7.349999904632568,7.110000133514404,7.289999961853027,377200,0.0,0.0
2022-07-15 00:00:00-04:00,7.46999979019165,7.610000133514404,7.204999923706055,7.550000190734863,401600,0.0,0.0
2022-07-18 00:00:00-04:00,7.570000171661377,7.769999980926514,7.380000114440918,7.409999847412109,258100,0.0,0.0
2022-07-19 00:00:00-04:00,7.599999904632568,7.760000228881836,7.340000152587891,7.480000019073486,341300,0.0,0.0
2022-07-20 00:00:00-04:00,7.590000152587891,7.590000152587891,7.289999961853027,7.429999828338623,453300,0.0,0.0
2022-07-21 00:00:00-04:00,7.480000019073486,7.539999961853027,7.300000190734863,7.46999979019165,360800,0.0,0.0
2022-07-22 00:00:00-04:00,7.610000133514404,7.630000114440918,7.110000133514404,7.21999979019165,352200,0.0,0.0
2022-07-25 00:00:00-04:00,7.199999809265137,7.619999885559082,7.139999866485596,7.53000020980835,353500,0.0,0.0
2022-07-26 00:00:00-04:00,7.46999979019165,7.5,7.300000190734863,7.300000190734863,228100,0.0,0.0
2022-07-27 00:00:00-04:00,7.380000114440918,7.639999866485596,7.300000190734863,7.599999904632568,248900,0.0,0.0
2022-07-28 00:00:00-04:00,7.619999885559082,7.639999866485596,7.309999942779541,7.610000133514404,161700,0.0,0.0
2022-07-29 00:00:00-04:00,7.570000171661377,7.760000228881836,7.550000190734863,7.730000019073486,279500,0.0,0.0
2022-08-01 00:00:00-04:00,7.639999866485596,8.050000190734863,7.590000152587891,7.96999979019165,568100,0.0,0.0
2022-08-02 00:00:00-04:00,7.96999979019165,8.0600004196167,7.880000114440918,7.989999771118164,317700,0.0,0.0
2022-08-03 00:00:00-04:00,8.010000228881836,8.34000015258789,7.889999866485596,8.300000190734863,600900,0.0,0.0
2022-08-04 00:00:00-04:00,8.289999961853027,8.40999984741211,8.260000228881836,8.369999885559082,662000,0.0,0.0
2022-08-05 00:00:00-04:00,8.25,8.739999771118164,7.889999866485596,8.710000038146973,778300,0.0,0.0
2022-08-08 00:00:00-04:00,8.800000190734863,8.989999771118164,8.680000305175781,8.760000228881836,934800,0.0,0.0
2022-08-09 00:00:00-04:00,9.199999809265137,9.25,8.899999618530273,9.069999694824219,1758300,0.0,0.0
2022-08-10 00:00:00-04:00,9.199999809265137,9.899999618530273,9.149999618530273,9.40999984741211,1585100,0.0,0.0
2022-08-11 00:00:00-04:00,9.399999618530273,10.0,9.369999885559082,9.75,1243900,0.0,0.0
2022-08-12 00:00:00-04:00,9.75,10.199999809265137,9.470000267028809,10.180000305175781,1458600,0.0,0.0
2022-08-15 00:00:00-04:00,10.0,10.229999542236328,9.649999618530273,10.199999809265137,1046700,0.0,0.0
2022-08-16 00:00:00-04:00,10.0600004196167,10.371999740600586,9.880000114440918,10.239999771118164,991400,0.0,0.0
2022-08-17 00:00:00-04:00,10.149999618530273,10.454999923706055,10.109999656677246,10.420000076293945,848000,0.0,0.0
2022-08-18 00:00:00-04:00,10.300000190734863,10.385000228881836,9.869999885559082,10.220000267028809,605400,0.0,0.0
2022-08-19 00:00:00-04:00,9.970000267028809,10.420000076293945,9.869999885559082,9.890000343322754,680900,0.0,0.0
2022-08-22 00:00:00-04:00,9.829999923706055,10.5,9.829999923706055,10.1899995803833,1070300,0.0,0.0
2022-08-23 00:00:00-04:00,10.220000267028809,10.350000381469727,10.0,10.140000343322754,775300,0.0,0.0
2022-08-24 00:00:00-04:00,10.140000343322754,10.649999618530273,10.039999961853027,10.489999771118164,876800,0.0,0.0
2022-08-25 00:00:00-04:00,10.529999732971191,10.550000190734863,10.1850004196167,10.239999771118164,509200,0.0,0.0
2022-08-26 00:00:00-04:00,10.260000228881836,10.657999992370605,10.15999984741211,10.300000190734863,957200,0.0,0.0
2022-08-29 00:00:00-04:00,10.260000228881836,10.489999771118164,9.942999839782715,10.260000228881836,568000,0.0,0.0
2022-08-30 00:00:00-04:00,10.380000114440918,10.460000038146973,10.15999984741211,10.319999694824219,613000,0.0,0.0
2022-08-31 00:00:00-04:00,10.510000228881836,10.569999694824219,10.145000457763672,10.199999809265137,1079200,0.0,0.0
2022-09-01 00:00:00-04:00,10.130000114440918,10.130000114440918,9.819999694824219,9.989999771118164,548700,0.0,0.0
2022-09-02 00:00:00-04:00,10.039999961853027,10.109999656677246,9.789999961853027,9.8100004196167,477800,0.0,0.0
2022-09-06 00:00:00-04:00,9.789999961853027,9.930000305175781,9.489999771118164,9.680000305175781,807600,0.0,0.0
2022-09-07 00:00:00-04:00,9.6899995803833,9.930000305175781,9.609999656677246,9.710000038146973,503900,0.0,0.0
2022-09-08 00:00:00-04:00,9.59000015258789,9.932999610900879,9.5600004196167,9.890000343322754,507800,0.0,0.0
2022-09-09 00:00:00-04:00,9.979999542236328,10.119999885559082,9.710000038146973,9.949999809265137,524300,0.0,0.0
2022-09-12 00:00:00-04:00,9.960000038146973,10.0,9.670000076293945,9.920000076293945,521000,0.0,0.0
2022-09-13 00:00:00-04:00,9.890000343322754,10.180000305175781,9.699999809265137,9.760000228881836,1140600,0.0,0.0
2022-09-14 00:00:00-04:00,9.760000228881836,10.069999694824219,9.5600004196167,10.0600004196167,637500,0.0,0.0
2022-09-15 00:00:00-04:00,10.029999732971191,10.34000015258789,9.895000457763672,9.960000038146973,765200,0.0,0.0
2022-09-16 00:00:00-04:00,9.800000190734863,9.899999618530273,9.569999694824219,9.710000038146973,767100,0.0,0.0
2022-09-19 00:00:00-04:00,9.720000267028809,9.869999885559082,9.569999694824219,9.770000457763672,524100,0.0,0.0
2022-09-20 00:00:00-04:00,9.670000076293945,9.720000267028809,9.312000274658203,9.479999542236328,392200,0.0,0.0
2022-09-21 00:00:00-04:00,9.529999732971191,9.770000457763672,9.489999771118164,9.609999656677246,445200,0.0,0.0
2022-09-22 00:00:00-04:00,9.59000015258789,9.619999885559082,9.199999809265137,9.569999694824219,686900,0.0,0.0
2022-09-23 00:00:00-04:00,9.520000457763672,9.520000457763672,9.149999618530273,9.40999984741211,992700,0.0,0.0
2022-09-26 00:00:00-04:00,9.380000114440918,10.149999618530273,9.369999885559082,9.979999542236328,994600,0.0,0.0
2022-09-27 00:00:00-04:00,10.210000038146973,10.470000267028809,9.545000076293945,9.770000457763672,909000,0.0,0.0
2022-09-28 00:00:00-04:00,9.84000015258789,10.399999618530273,9.760000228881836,10.319999694824219,680200,0.0,0.0
2022-09-29 00:00:00-04:00,10.229999542236328,10.390000343322754,9.789999961853027,10.020000457763672,580700,0.0,0.0
2022-09-30 00:00:00-04:00,9.9399995803833,10.25,9.800000190734863,9.920000076293945,683800,0.0,0.0
2022-10-03 00:00:00-04:00,9.90999984741211,10.0600004196167,9.510000228881836,10.010000228881836,350700,0.0,0.0
2022-10-04 00:00:00-04:00,10.239999771118164,10.989999771118164,10.239999771118164,10.869999885559082,1089600,0.0,0.0
2022-10-05 00:00:00-04:00,10.739999771118164,10.87399959564209,10.210000038146973,10.609999656677246,654900,0.0,0.0
2022-10-06 00:00:00-04:00,10.680000305175781,11.109999656677246,10.59000015258789,10.869999885559082,910800,0.0,0.0
2022-10-07 00:00:00-04:00,10.925000190734863,10.925000190734863,10.510000228881836,10.6899995803833,566200,0.0,0.0
2022-10-10 00:00:00-04:00,10.680000305175781,10.850000381469727,10.529999732971191,10.670000076293945,465200,0.0,0.0
2022-10-11 00:00:00-04:00,10.619999885559082,11.40999984741211,10.619999885559082,11.079999923706055,1192800,0.0,0.0
2022-10-12 00:00:00-04:00,11.069999694824219,11.135000228881836,10.640000343322754,11.09000015258789,585600,0.0,0.0
2022-10-13 00:00:00-04:00,10.640000343322754,11.229999542236328,10.619999885559082,11.100000381469727,652600,0.0,0.0
2022-10-14 00:00:00-04:00,11.149999618530273,11.324999809265137,10.109999656677246,10.649999618530273,807500,0.0,0.0
2022-10-17 00:00:00-04:00,10.970000267028809,11.147000312805176,10.550000190734863,10.699999809265137,698500,0.0,0.0
2022-10-18 00:00:00-04:00,10.880000114440918,11.109999656677246,10.65999984741211,10.890000343322754,616800,0.0,0.0
2022-10-19 00:00:00-04:00,10.800000190734863,11.270000457763672,10.75,10.979999542236328,540300,0.0,0.0
2022-10-20 00:00:00-04:00,11.020000457763672,11.218000411987305,10.890000343322754,11.079999923706055,719500,0.0,0.0
2022-10-21 00:00:00-04:00,11.170000076293945,11.170000076293945,10.5600004196167,10.819999694824219,680700,0.0,0.0
2022-10-24 00:00:00-04:00,10.859999656677246,11.07800006866455,10.640000343322754,10.699999809265137,462100,0.0,0.0
2022-10-25 00:00:00-04:00,10.789999961853027,11.163999557495117,10.152999877929688,10.4399995803833,1381900,0.0,0.0
2022-10-26 00:00:00-04:00,10.470000267028809,10.649999618530273,10.119999885559082,10.15999984741211,815200,0.0,0.0
2022-10-27 00:00:00-04:00,10.239999771118164,10.319999694824219,9.46500015258789,9.479999542236328,1006800,0.0,0.0
2022-10-28 00:00:00-04:00,9.829999923706055,9.829999923706055,9.050000190734863,9.630000114440918,747400,0.0,0.0
2022-10-31 00:00:00-04:00,9.619999885559082,9.989999771118164,9.489999771118164,9.899999618530273,650800,0.0,0.0
2022-11-01 00:00:00-04:00,9.960000038146973,10.300000190734863,9.850000381469727,10.199999809265137,477500,0.0,0.0
2022-11-02 00:00:00-04:00,10.039999961853027,10.039999961853027,9.475000381469727,9.489999771118164,664700,0.0,0.0
2022-11-03 00:00:00-04:00,9.600000381469727,9.640000343322754,9.239999771118164,9.239999771118164,368100,0.0,0.0
2022-11-04 00:00:00-04:00,9.25,9.260000228881836,8.279999732971191,8.4399995803833,992800,0.0,0.0
2022-11-07 00:00:00-05:00,8.4399995803833,8.515000343322754,7.820000171661377,8.079999923706055,1314700,0.0,0.0
2022-11-08 00:00:00-05:00,8.149999618530273,8.350000381469727,7.019999980926514,7.789999961853027,1854400,0.0,0.0
2022-11-09 00:00:00-05:00,7.730000019073486,7.730000019073486,7.119999885559082,7.340000152587891,876400,0.0,0.0
2022-11-10 00:00:00-05:00,7.460000038146973,7.929999828338623,7.380000114440918,7.78000020980835,940700,0.0,0.0
2022-11-11 00:00:00-05:00,7.760000228881836,8.050000190734863,7.579999923706055,8.010000228881836,1151400,0.0,0.0
2022-11-14 00:00:00-05:00,8.0,8.770000457763672,7.994999885559082,8.520000457763672,906900,0.0,0.0
2022-11-15 00:00:00-05:00,8.640000343322754,8.770000457763672,8.140000343322754,8.229999542236328,781500,0.0,0.0
2022-11-16 00:00:00-05:00,8.210000038146973,8.479999542236328,7.670000076293945,7.690000057220459,553300,0.0,0.0
2022-11-17 00:00:00-05:00,7.639999866485596,7.639999866485596,7.019999980926514,7.130000114440918,1197600,0.0,0.0
2022-11-18 00:00:00-05:00,7.260000228881836,7.650000095367432,6.989999771118164,7.050000190734863,842000,0.0,0.0
2022-11-21 00:00:00-05:00,7.0,7.090000152587891,6.519999980926514,6.639999866485596,1504300,0.0,0.0
2022-11-22 00:00:00-05:00,6.710000038146973,6.849999904632568,6.550000190734863,6.769999980926514,925800,0.0,0.0
2022-11-23 00:00:00-05:00,6.769999980926514,6.960000038146973,6.670000076293945,6.769999980926514,640100,0.0,0.0
2022-11-25 00:00:00-05:00,6.710000038146973,6.880000114440918,6.710000038146973,6.739999771118164,190500,0.0,0.0
2022-11-28 00:00:00-05:00,6.739999771118164,6.90500020980835,6.619999885559082,6.829999923706055,794700,0.0,0.0
2022-11-29 00:00:00-05:00,6.820000171661377,7.070000171661377,6.769999980926514,7.039999961853027,1036000,0.0,0.0
2022-11-30 00:00:00-05:00,7.059999942779541,7.360000133514404,6.980000019073486,7.349999904632568,933800,0.0,0.0
2022-12-01 00:00:00-05:00,7.360000133514404,7.53000020980835,7.184999942779541,7.21999979019165,788000,0.0,0.0
2022-12-02 00:00:00-05:00,7.119999885559082,7.400000095367432,7.079999923706055,7.309999942779541,710300,0.0,0.0
2022-12-05 00:00:00-05:00,7.269999980926514,7.420000076293945,6.829999923706055,6.840000152587891,1316000,0.0,0.0
2022-12-06 00:00:00-05:00,6.809999942779541,7.210000038146973,6.5,6.519999980926514,902500,0.0,0.0
2022-12-07 00:00:00-05:00,6.510000228881836,6.800000190734863,6.480000019073486,6.769999980926514,606700,0.0,0.0
2022-12-08 00:00:00-05:00,6.760000228881836,6.849999904632568,6.545000076293945,6.610000133514404,508700,0.0,0.0
2022-12-09 00:00:00-05:00,6.559999942779541,6.760000228881836,6.5,6.590000152587891,436300,0.0,0.0
2022-12-12 00:00:00-05:00,6.579999923706055,6.940000057220459,6.570000171661377,6.800000190734863,747100,0.0,0.0
2022-12-13 00:00:00-05:00,6.989999771118164,6.989999771118164,6.547999858856201,6.71999979019165,1367600,0.0,0.0
2022-12-14 00:00:00-05:00,6.800000190734863,6.949999809265137,6.730000019073486,6.860000133514404,810000,0.0,0.0
2022-12-15 00:00:00-05:00,6.800000190734863,6.949999809265137,6.695000171661377,6.929999828338623,894400,0.0,0.0
2022-12-16 00:00:00-05:00,6.900000095367432,7.099999904632568,6.775000095367432,6.940000057220459,1765300,0.0,0.0
2022-12-19 00:00:00-05:00,7.079999923706055,7.079999923706055,6.570000171661377,6.690000057220459,825600,0.0,0.0
2022-12-20 00:00:00-05:00,6.769999980926514,6.769999980926514,6.380000114440918,6.409999847412109,563800,0.0,0.0
2022-12-21 00:00:00-05:00,6.510000228881836,7.099999904632568,6.46999979019165,7.019999980926514,1060700,0.0,0.0
2022-12-22 00:00:00-05:00,7.099999904632568,7.099999904632568,6.664999961853027,6.860000133514404,730800,0.0,0.0
2022-12-23 00:00:00-05:00,6.840000152587891,6.949999809265137,6.710000038146973,6.909999847412109,435200,0.0,0.0
2022-12-27 00:00:00-05:00,6.889999866485596,6.889999866485596,6.489999771118164,6.510000228881836,499800,0.0,0.0
2022-12-28 00:00:00-05:00,6.599999904632568,6.71999979019165,6.360000133514404,6.510000228881836,306600,0.0,0.0
2022-12-29 00:00:00-05:00,6.610000133514404,6.829999923706055,6.550000190734863,6.820000171661377,638700,0.0,0.0
2022-12-30 00:00:00-05:00,6.78000020980835,7.119999885559082,6.739999771118164,7.070000171661377,473400,0.0,0.0
2023-01-03 00:00:00-05:00,7.230000019073486,7.409999847412109,7.079999923706055,7.389999866485596,957500,0.0,0.0
2023-01-04 00:00:00-05:00,7.389999866485596,7.579999923706055,7.099999904632568,7.170000076293945,750600,0.0,0.0
2023-01-05 00:00:00-05:00,7.260000228881836,7.260000228881836,6.769999980926514,6.96999979019165,640000,0.0,0.0
2023-01-06 00:00:00-05:00,7.0,7.289999961853027,6.800000190734863,7.21999979019165,523400,0.0,0.0
2023-01-09 00:00:00-05:00,7.28000020980835,7.409999847412109,7.03000020980835,7.269999980926514,601400,0.0,0.0
2023-01-10 00:00:00-05:00,7.260000228881836,7.340000152587891,6.989999771118164,7.28000020980835,657900,0.0,0.0
2023-01-11 00:00:00-05:00,7.320000171661377,7.386000156402588,7.195000171661377,7.230000019073486,457600,0.0,0.0
2023-01-12 00:00:00-05:00,7.239999771118164,7.789999961853027,7.125,7.71999979019165,768200,0.0,0.0
2023-01-13 00:00:00-05:00,7.800000190734863,8.420000076293945,7.53000020980835,8.300000190734863,1258600,0.0,0.0
2023-01-17 00:00:00-05:00,8.199999809265137,8.449999809265137,8.03499984741211,8.329999923706055,702700,0.0,0.0
2023-01-18 00:00:00-05:00,8.350000381469727,8.529999732971191,8.289999961853027,8.399999618530273,889500,0.0,0.0
2023-01-19 00:00:00-05:00,8.069999694824219,8.479999542236328,8.069999694824219,8.4399995803833,482900,0.0,0.0
2023-01-20 00:00:00-05:00,8.5600004196167,9.149999618530273,8.380000114440918,9.050000190734863,996400,0.0,0.0
2023-01-23 00:00:00-05:00,9.029999732971191,9.539999961853027,8.994999885559082,9.5,782000,0.0,0.0
2023-01-24 00:00:00-05:00,9.489999771118164,9.520000457763672,9.1899995803833,9.300000190734863,465800,0.0,0.0
2023-01-25 00:00:00-05:00,9.09000015258789,9.59000015258789,9.074999809265137,9.489999771118164,494900,0.0,0.0
2023-01-26 00:00:00-05:00,9.619999885559082,9.994999885559082,9.300000190734863,9.890000343322754,1251500,0.0,0.0
2023-01-27 00:00:00-05:00,9.829999923706055,10.038000106811523,9.649999618530273,9.949999809265137,777700,0.0,0.0
2023-01-30 00:00:00-05:00,9.829999923706055,10.010000228881836,9.619999885559082,9.890000343322754,733200,0.0,0.0
2023-01-31 00:00:00-05:00,9.779999732971191,10.050000190734863,9.739999771118164,10.0,943200,0.0,0.0
2023-02-01 00:00:00-05:00,10.109999656677246,10.109999656677246,9.760000228881836,9.989999771118164,562500,0.0,0.0
2023-02-02 00:00:00-05:00,10.0600004196167,10.25,9.930000305175781,10.100000381469727,917600,0.0,0.0
2023-02-03 00:00:00-05:00,9.890000343322754,10.260000228881836,9.760000228881836,10.079999923706055,412400,0.0,0.0
2023-02-06 00:00:00-05:00,10.0,10.217000007629395,9.774999618530273,9.890000343322754,421500,0.0,0.0
2023-02-07 00:00:00-05:00,9.869999885559082,9.899999618530273,9.545000076293945,9.779999732971191,609700,0.0,0.0
2023-02-08 00:00:00-05:00,9.550000190734863,9.989999771118164,9.489999771118164,9.600000381469727,527900,0.0,0.0
2023-02-09 00:00:00-05:00,9.65999984741211,9.800000190734863,9.300000190734863,9.300000190734863,400100,0.0,0.0
2023-02-10 00:00:00-05:00,9.399999618530273,9.399999618530273,8.989999771118164,9.029999732971191,460900,0.0,0.0
2023-02-13 00:00:00-05:00,9.029999732971191,9.329999923706055,8.8100004196167,9.239999771118164,399800,0.0,0.0
2023-02-14 00:00:00-05:00,9.180000305175781,9.279999732971191,8.979999542236328,9.25,407100,0.0,0.0
2023-02-15 00:00:00-05:00,9.229999542236328,9.670000076293945,9.0,9.380000114440918,507700,0.0,0.0
2023-02-16 00:00:00-05:00,9.229999542236328,9.489999771118164,9.079999923706055,9.289999961853027,457200,0.0,0.0
2023-02-17 00:00:00-05:00,9.220000267028809,9.270000457763672,9.029999732971191,9.210000038146973,493400,0.0,0.0
2023-02-21 00:00:00-05:00,9.119999885559082,9.350000381469727,8.954999923706055,9.210000038146973,474900,0.0,0.0
2023-02-22 00:00:00-05:00,9.109999656677246,9.380000114440918,9.0,9.079999923706055,451900,0.0,0.0
2023-02-23 00:00:00-05:00,9.149999618530273,9.265000343322754,8.920000076293945,9.170000076293945,622300,0.0,0.0
2023-02-24 00:00:00-05:00,9.149999618530273,9.180000305175781,8.850000381469727,9.0600004196167,457500,0.0,0.0
2023-02-27 00:00:00-05:00,9.130000114440918,9.329999923706055,9.09000015258789,9.149999618530273,423100,0.0,0.0
2023-02-28 00:00:00-05:00,9.029999732971191,9.404000282287598,9.00100040435791,9.149999618530273,1080600,0.0,0.0
2023-03-01 00:00:00-05:00,9.239999771118164,9.470000267028809,9.170000076293945,9.390000343322754,509400,0.0,0.0
2023-03-02 00:00:00-05:00,9.300000190734863,9.350000381469727,9.170000076293945,9.25,466200,0.0,0.0
2023-03-03 00:00:00-05:00,9.40999984741211,9.520000457763672,9.220000267028809,9.460000038146973,1129900,0.0,0.0
2023-03-06 00:00:00-05:00,9.449999809265137,9.449999809265137,9.010000228881836,9.100000381469727,486300,0.0,0.0
2023-03-07 00:00:00-05:00,9.079999923706055,9.180000305175781,8.972000122070312,9.0,449400,0.0,0.0
2023-03-08 00:00:00-05:00,8.979999542236328,9.279999732971191,8.899999618530273,8.979999542236328,789100,0.0,0.0
2023-03-09 00:00:00-05:00,8.949999809265137,9.119999885559082,8.760000228881836,8.760000228881836,534200,0.0,0.0
2023-03-10 00:00:00-05:00,8.829999923706055,8.864999771118164,8.460000038146973,8.550000190734863,1296700,0.0,0.0
2023-03-13 00:00:00-04:00,8.489999771118164,8.71500015258789,8.350000381469727,8.699999809265137,963800,0.0,0.0
2023-03-14 00:00:00-04:00,9.5,9.616000175476074,7.5,8.420000076293945,2786300,0.0,0.0
2023-03-15 00:00:00-04:00,8.199999809265137,8.600000381469727,7.760000228881836,8.260000228881836,1367000,0.0,0.0
2023-03-16 00:00:00-04:00,8.09000015258789,8.28499984741211,7.960000038146973,8.180000305175781,740300,0.0,0.0
2023-03-17 00:00:00-04:00,8.109999656677246,8.34000015258789,7.960000038146973,8.130000114440918,1098500,0.0,0.0
2023-03-20 00:00:00-04:00,8.039999961853027,8.239999771118164,8.0,8.119999885559082,491400,0.0,0.0
2023-03-21 00:00:00-04:00,8.25,8.489999771118164,8.140000343322754,8.470000267028809,477300,0.0,0.0
2023-03-22 00:00:00-04:00,8.510000228881836,8.579999923706055,8.369999885559082,8.40999984741211,622900,0.0,0.0
2023-03-23 00:00:00-04:00,8.479999542236328,8.760000228881836,8.475000381469727,8.729999542236328,518800,0.0,0.0
2023-03-24 00:00:00-04:00,8.710000038146973,8.729999542236328,8.59000015258789,8.619999885559082,546400,0.0,0.0
2023-03-27 00:00:00-04:00,8.670000076293945,8.829999923706055,8.220000267028809,8.25,544800,0.0,0.0
2023-03-28 00:00:00-04:00,8.34000015258789,8.539999961853027,8.140000343322754,8.520000457763672,459800,0.0,0.0
2023-03-29 00:00:00-04:00,8.579999923706055,8.59000015258789,8.385000228881836,8.539999961853027,538300,0.0,0.0
2023-03-30 00:00:00-04:00,8.779999732971191,8.779999732971191,8.498000144958496,8.59000015258789,408800,0.0,0.0
2023-03-31 00:00:00-04:00,8.619999885559082,8.779999732971191,8.350000381469727,8.649999618530273,562100,0.0,0.0
2023-04-03 00:00:00-04:00,8.609999656677246,8.710000038146973,8.359999656677246,8.600000381469727,655300,0.0,0.0
2023-04-04 00:00:00-04:00,8.619999885559082,8.6899995803833,8.210000038146973,8.329999923706055,489900,0.0,0.0
2023-04-05 00:00:00-04:00,8.279999732971191,8.279999732971191,7.96999979019165,8.100000381469727,589200,0.0,0.0
2023-04-06 00:00:00-04:00,8.119999885559082,8.175000190734863,7.980000019073486,8.069999694824219,420700,0.0,0.0
2023-04-10 00:00:00-04:00,8.039999961853027,8.4399995803833,8.010000228881836,8.229999542236328,659000,0.0,0.0
2023-04-11 00:00:00-04:00,8.229999542236328,8.359999656677246,7.994999885559082,8.229999542236328,597800,0.0,0.0
2023-04-12 00:00:00-04:00,8.300000190734863,8.329999923706055,8.140000343322754,8.149999618530273,322200,0.0,0.0
2023-04-13 00:00:00-04:00,8.199999809265137,8.430000305175781,8.199999809265137,8.399999618530273,295600,0.0,0.0
2023-04-14 00:00:00-04:00,8.40999984741211,8.40999984741211,7.710000038146973,7.75,703000,0.0,0.0
2023-04-17 00:00:00-04:00,7.760000228881836,7.949999809265137,7.59499979019165,7.920000076293945,597700,0.0,0.0
2023-04-18 00:00:00-04:00,7.840000152587891,7.96999979019165,7.755000114440918,7.840000152587891,418100,0.0,0.0
2023-04-19 00:00:00-04:00,7.699999809265137,8.039999961853027,7.650000095367432,7.960000038146973,516000,0.0,0.0
2023-04-20 00:00:00-04:00,7.889999866485596,8.119999885559082,7.849999904632568,7.900000095367432,269300,0.0,0.0
2023-04-21 00:00:00-04:00,7.940000057220459,8.649999618530273,7.940000057220459,8.539999961853027,637000,0.0,0.0
2023-04-24 00:00:00-04:00,8.520000457763672,8.579999923706055,8.055000305175781,8.239999771118164,723000,0.0,0.0
2023-04-25 00:00:00-04:00,8.180000305175781,8.180000305175781,7.650000095367432,8.020000457763672,545900,0.0,0.0
2023-04-26 00:00:00-04:00,8.020000457763672,8.25,7.965000152587891,8.0649995803833,512400,0.0,0.0
2023-04-27 00:00:00-04:00,8.109999656677246,8.359999656677246,7.985000133514404,8.25,278800,0.0,0.0
2023-04-28 00:00:00-04:00,8.34000015258789,8.680000305175781,8.119999885559082,8.5,453500,0.0,0.0
2023-05-01 00:00:00-04:00,8.460000038146973,8.5,8.15999984741211,8.220000267028809,354700,0.0,0.0
2023-05-02 00:00:00-04:00,8.229999542236328,8.300000190734863,8.010000228881836,8.149999618530273,381500,0.0,0.0
2023-05-03 00:00:00-04:00,8.130000114440918,8.675000190734863,8.130000114440918,8.600000381469727,492800,0.0,0.0
2023-05-04 00:00:00-04:00,8.579999923706055,8.699999809265137,8.109999656677246,8.510000228881836,492800,0.0,0.0
2023-05-05 00:00:00-04:00,8.619999885559082,8.680000305175781,8.220000267028809,8.40999984741211,474800,0.0,0.0
2023-05-08 00:00:00-04:00,8.300000190734863,8.5600004196167,8.220000267028809,8.430000305175781,662100,0.0,0.0
2023-05-09 00:00:00-04:00,7.699999809265137,8.880000114440918,7.451000213623047,8.850000381469727,1659400,0.0,0.0
2023-05-10 00:00:00-04:00,9.020000457763672,9.180000305175781,8.449999809265137,8.609999656677246,962500,0.0,0.0
2023-05-11 00:00:00-04:00,8.539999961853027,8.609999656677246,8.329999923706055,8.460000038146973,505500,0.0,0.0
2023-05-12 00:00:00-04:00,8.4399995803833,8.619999885559082,8.34000015258789,8.609999656677246,442500,0.0,0.0
2023-05-15 00:00:00-04:00,8.619999885559082,8.859999656677246,8.484999656677246,8.770000457763672,359100,0.0,0.0
2023-05-16 00:00:00-04:00,8.680000305175781,8.680000305175781,8.020000457763672,8.4399995803833,325100,0.0,0.0
2023-05-17 00:00:00-04:00,8.470000267028809,8.829999923706055,8.359999656677246,8.760000228881836,502300,0.0,0.0
2023-05-18 00:00:00-04:00,8.75,9.050000190734863,8.720000267028809,9.029999732971191,820200,0.0,0.0
2023-05-19 00:00:00-04:00,9.100000381469727,9.270000457763672,8.911999702453613,9.25,565400,0.0,0.0
2023-05-22 00:00:00-04:00,9.270000457763672,9.510000228881836,9.175000190734863,9.270000457763672,582200,0.0,0.0
2023-05-23 00:00:00-04:00,9.239999771118164,9.319999694824219,8.760000228881836,8.90999984741211,516300,0.0,0.0
2023-05-24 00:00:00-04:00,8.859999656677246,9.239999771118164,8.8100004196167,9.130000114440918,481600,0.0,0.0
2023-05-25 00:00:00-04:00,9.109999656677246,9.109999656677246,8.65999984741211,8.890000343322754,427000,0.0,0.0
2023-05-26 00:00:00-04:00,8.899999618530273,9.08899974822998,8.720000267028809,9.039999961853027,258300,0.0,0.0
2023-05-30 00:00:00-04:00,9.0600004196167,9.074999809265137,8.819999694824219,8.899999618530273,300500,0.0,0.0
2023-05-31 00:00:00-04:00,8.890000343322754,9.079999923706055,8.729999542236328,8.949999809265137,696500,0.0,0.0
2023-06-01 00:00:00-04:00,8.949999809265137,9.1899995803833,8.800000190734863,9.15999984741211,380900,0.0,0.0
2023-06-02 00:00:00-04:00,9.25,9.364999771118164,9.149999618530273,9.229999542236328,470500,0.0,0.0
2023-06-05 00:00:00-04:00,9.1899995803833,9.40999984741211,9.0,9.329999923706055,640700,0.0,0.0
2023-06-06 00:00:00-04:00,9.289999961853027,9.5,9.100000381469727,9.460000038146973,730400,0.0,0.0
2023-06-07 00:00:00-04:00,9.5,9.65999984741211,9.319999694824219,9.359999656677246,516500,0.0,0.0
2023-06-08 00:00:00-04:00,9.350000381469727,9.539999961853027,9.210000038146973,9.5,388100,0.0,0.0
2023-06-09 00:00:00-04:00,9.479999542236328,9.550000190734863,9.34000015258789,9.420000076293945,343500,0.0,0.0
2023-06-12 00:00:00-04:00,9.40999984741211,9.600000381469727,9.34000015258789,9.369999885559082,461300,0.0,0.0
2023-06-13 00:00:00-04:00,9.399999618530273,9.479999542236328,9.109999656677246,9.420000076293945,582300,0.0,0.0
2023-06-14 00:00:00-04:00,9.420000076293945,9.600000381469727,9.210000038146973,9.289999961853027,630400,0.0,0.0
2023-06-15 00:00:00-04:00,9.3100004196167,9.5649995803833,9.289999961853027,9.4399995803833,645300,0.0,0.0
2023-06-16 00:00:00-04:00,9.600000381469727,9.600000381469727,8.970000267028809,9.010000228881836,913100,0.0,0.0
2023-06-20 00:00:00-04:00,8.960000038146973,9.539999961853027,8.770000457763672,9.350000381469727,947500,0.0,0.0
2023-06-21 00:00:00-04:00,9.380000114440918,9.90999984741211,9.380000114440918,9.819999694824219,1254100,0.0,0.0
2023-06-22 00:00:00-04:00,9.8100004196167,9.899999618530273,9.390000343322754,9.479999542236328,522800,0.0,0.0
2023-06-23 00:00:00-04:00,9.390000343322754,9.739999771118164,9.369999885559082,9.699999809265137,1275100,0.0,0.0
2023-06-26 00:00:00-04:00,9.65999984741211,9.800000190734863,9.069999694824219,9.25,831500,0.0,0.0
2023-06-27 00:00:00-04:00,9.199999809265137,9.595000267028809,8.949999809265137,9.399999618530273,566700,0.0,0.0
2023-06-28 00:00:00-04:00,9.40999984741211,9.470000267028809,9.140000343322754,9.25,664100,0.0,0.0
2023-06-29 00:00:00-04:00,9.319999694824219,9.390000343322754,9.170000076293945,9.229999542236328,501900,0.0,0.0
2023-06-30 00:00:00-04:00,9.279999732971191,9.520000457763672,9.1899995803833,9.369999885559082,546800,0.0,0.0
2023-07-03 00:00:00-04:00,9.369999885559082,9.428000450134277,8.989999771118164,9.210000038146973,276100,0.0,0.0
2023-07-05 00:00:00-04:00,9.199999809265137,9.220000267028809,8.390000343322754,8.5,953900,0.0,0.0
2023-07-06 00:00:00-04:00,8.430000305175781,8.430000305175781,8.09000015258789,8.3100004196167,1113000,0.0,0.0
2023-07-07 00:00:00-04:00,8.329999923706055,8.75,8.279999732971191,8.680000305175781,915200,0.0,0.0
2023-07-10 00:00:00-04:00,8.670000076293945,9.21500015258789,8.65999984741211,9.199999809265137,643800,0.0,0.0
2023-07-11 00:00:00-04:00,9.210000038146973,9.380000114440918,8.720000267028809,9.119999885559082,653300,0.0,0.0
2023-07-12 00:00:00-04:00,9.25,9.25,8.979999542236328,9.15999984741211,477700,0.0,0.0
2023-07-13 00:00:00-04:00,9.069999694824219,9.3100004196167,8.979999542236328,9.15999984741211,382600,0.0,0.0
2023-07-14 00:00:00-04:00,9.15999984741211,9.380000114440918,9.119999885559082,9.220000267028809,1309200,0.0,0.0
2023-07-17 00:00:00-04:00,9.199999809265137,9.5600004196167,9.199999809265137,9.430000305175781,589300,0.0,0.0
2023-07-18 00:00:00-04:00,9.460000038146973,9.65999984741211,9.319999694824219,9.40999984741211,646600,0.0,0.0
2023-07-19 00:00:00-04:00,9.40999984741211,9.479999542236328,9.09000015258789,9.279999732971191,453200,0.0,0.0
2023-07-20 00:00:00-04:00,9.300000190734863,9.319999694824219,8.625,8.8100004196167,960300,0.0,0.0
2023-07-21 00:00:00-04:00,8.899999618530273,8.930000305175781,8.449999809265137,8.479999542236328,563800,0.0,0.0
2023-07-24 00:00:00-04:00,8.4399995803833,8.600000381469727,8.1899995803833,8.510000228881836,718600,0.0,0.0
2023-07-25 00:00:00-04:00,8.489999771118164,8.595000267028809,8.369999885559082,8.420000076293945,441000,0.0,0.0
2023-07-26 00:00:00-04:00,8.350000381469727,8.619999885559082,8.229999542236328,8.5,428200,0.0,0.0
2023-07-27 00:00:00-04:00,8.550000190734863,8.550000190734863,8.270000457763672,8.40999984741211,985400,0.0,0.0
2023-07-28 00:00:00-04:00,8.420000076293945,8.904999732971191,8.420000076293945,8.75,640100,0.0,0.0
2023-07-31 00:00:00-04:00,8.5,8.619999885559082,7.889999866485596,8.390000343322754,1657800,0.0,0.0
2023-08-01 00:00:00-04:00,8.329999923706055,8.569999694824219,8.119999885559082,8.489999771118164,837500,0.0,0.0
2023-08-02 00:00:00-04:00,8.420000076293945,8.65999984741211,8.210000038146973,8.569999694824219,841800,0.0,0.0
2023-08-03 00:00:00-04:00,8.619999885559082,8.720000267028809,8.460000038146973,8.699999809265137,506700,0.0,0.0
2023-08-04 00:00:00-04:00,8.710000038146973,8.984999656677246,8.710000038146973,8.949999809265137,732900,0.0,0.0
2023-08-07 00:00:00-04:00,8.989999771118164,9.180000305175781,8.9399995803833,9.109999656677246,956600,0.0,0.0
2023-08-08 00:00:00-04:00,9.770000457763672,10.760000228881836,9.380000114440918,10.1899995803833,2820500,0.0,0.0
2023-08-09 00:00:00-04:00,10.039999961853027,10.720000267028809,10.039999961853027,10.460000038146973,1093300,0.0,0.0
2023-08-10 00:00:00-04:00,10.510000228881836,10.819999694824219,10.329999923706055,10.5,795900,0.0,0.0
2023-08-11 00:00:00-04:00,10.470000267028809,10.479999542236328,9.949999809265137,10.029999732971191,983100,0.0,0.0
2023-08-14 00:00:00-04:00,10.029999732971191,10.260000228881836,9.850000381469727,10.239999771118164,548800,0.0,0.0
2023-08-15 00:00:00-04:00,10.430000305175781,10.569999694824219,10.109999656677246,10.210000038146973,590900,0.0,0.0
2023-08-16 00:00:00-04:00,10.1899995803833,10.279999732971191,9.890000343322754,10.010000228881836,412900,0.0,0.0
2023-08-17 00:00:00-04:00,10.020000457763672,10.020000457763672,9.369999885559082,9.380000114440918,638800,0.0,0.0
2023-08-18 00:00:00-04:00,9.399999618530273,9.399999618530273,8.875,8.920000076293945,1143700,0.0,0.0
2023-08-21 00:00:00-04:00,8.899999618530273,9.100000381469727,8.729999542236328,8.890000343322754,1474400,0.0,0.0
2023-08-22 00:00:00-04:00,8.890000343322754,9.09000015258789,8.614999771118164,8.760000228881836,861100,0.0,0.0
2023-08-23 00:00:00-04:00,8.739999771118164,8.895000457763672,8.649999618530273,8.829999923706055,584400,0.0,0.0
2023-08-24 00:00:00-04:00,8.800000190734863,8.875,8.640000343322754,8.760000228881836,548500,0.0,0.0
2023-08-25 00:00:00-04:00,8.890000343322754,8.925000190734863,8.645000457763672,8.84000015258789,411000,0.0,0.0
2023-08-28 00:00:00-04:00,9.0,9.0,8.710000038146973,8.770000457763672,290800,0.0,0.0
2023-08-29 00:00:00-04:00,8.789999961853027,8.930000305175781,8.744999885559082,8.829999923706055,358700,0.0,0.0
2023-08-30 00:00:00-04:00,8.800000190734863,8.960000038146973,8.729999542236328,8.920000076293945,314500,0.0,0.0
2023-08-31 00:00:00-04:00,8.90999984741211,9.010000228881836,8.800000190734863,8.949999809265137,700000,0.0,0.0
2023-09-01 00:00:00-04:00,8.859999656677246,9.109999656677246,8.720000267028809,8.739999771118164,774400,0.0,0.0
2023-09-05 00:00:00-04:00,8.699999809265137,8.699999809265137,8.020000457763672,8.164999961853027,777300,0.0,0.0
2023-09-06 00:00:00-04:00,7.050000190734863,7.679999828338623,6.820000171661377,7.550000190734863,3548200,0.0,0.0
2023-09-07 00:00:00-04:00,7.510000228881836,7.630000114440918,7.099999904632568,7.130000114440918,1654300,0.0,0.0
2023-09-08 00:00:00-04:00,7.070000171661377,7.28000020980835,6.949999809265137,7.059999942779541,1041100,0.0,0.0
2023-09-11 00:00:00-04:00,7.099999904632568,7.179999828338623,6.300000190734863,6.510000228881836,1655700,0.0,0.0
2023-09-12 00:00:00-04:00,6.440000057220459,6.510000228881836,6.110000133514404,6.260000228881836,1725800,0.0,0.0
2023-09-13 00:00:00-04:00,6.239999771118164,6.335000038146973,5.869999885559082,6.050000190734863,2508500,0.0,0.0
2023-09-14 00:00:00-04:00,6.130000114440918,6.53000020980835,6.070000171661377,6.460000038146973,1795400,0.0,0.0
2023-09-15 00:00:00-04:00,6.320000171661377,6.360000133514404,5.599999904632568,5.699999809265137,2874800,0.0,0.0
2023-09-18 00:00:00-04:00,5.760000228881836,5.760000228881836,4.880000114440918,5.289999961853027,3607200,0.0,0.0
2023-09-19 00:00:00-04:00,5.25,5.480000019073486,5.230000019073486,5.28000020980835,1413100,0.0,0.0
2023-09-20 00:00:00-04:00,5.260000228881836,5.389999866485596,5.119999885559082,5.119999885559082,908500,0.0,0.0
2023-09-21 00:00:00-04:00,5.110000133514404,5.230000019073486,5.019999980926514,5.099999904632568,841700,0.0,0.0
2023-09-22 00:00:00-04:00,5.130000114440918,5.210000038146973,5.0,5.099999904632568,694600,0.0,0.0
2023-09-25 00:00:00-04:00,5.070000171661377,5.159999847412109,4.965000152587891,5.0,855400,0.0,0.0
2023-09-26 00:00:00-04:00,4.989999771118164,5.090000152587891,4.889999866485596,5.070000171661377,1142200,0.0,0.0
2023-09-27 00:00:00-04:00,5.090000152587891,5.320000171661377,5.005000114440918,5.050000190734863,746700,0.0,0.0
2023-09-28 00:00:00-04:00,5.059999942779541,5.309999942779541,5.0,5.269999980926514,819900,0.0,0.0
2023-09-29 00:00:00-04:00,5.300000190734863,5.409999847412109,5.190000057220459,5.329999923706055,835100,0.0,0.0
2023-10-02 00:00:00-04:00,5.329999923706055,5.429999828338623,5.190000057220459,5.329999923706055,672100,0.0,0.0
2023-10-03 00:00:00-04:00,5.309999942779541,5.329999923706055,5.050000190734863,5.130000114440918,602900,0.0,0.0
2023-10-04 00:00:00-04:00,5.179999828338623,5.795000076293945,5.159999847412109,5.760000228881836,950400,0.0,0.0
2023-10-05 00:00:00-04:00,5.670000076293945,5.889999866485596,5.5,5.800000190734863,1063800,0.0,0.0
2023-10-06 00:00:00-04:00,5.739999771118164,6.03000020980835,5.650000095367432,6.0,927300,0.0,0.0
2023-10-09 00:00:00-04:00,5.980000019073486,6.130000114440918,5.809999942779541,5.989999771118164,933200,0.0,0.0
2023-10-10 00:00:00-04:00,5.989999771118164,6.039999961853027,5.71999979019165,5.840000152587891,765800,0.0,0.0
2023-10-11 00:00:00-04:00,5.860000133514404,5.960000038146973,5.75,5.860000133514404,882400,0.0,0.0
2023-10-12 00:00:00-04:00,5.880000114440918,5.900000095367432,5.46999979019165,5.610000133514404,857100,0.0,0.0
2023-10-13 00:00:00-04:00,5.599999904632568,5.90500020980835,5.539999961853027,5.860000133514404,812500,0.0,0.0
2023-10-16 00:00:00-04:00,5.889999866485596,6.210000038146973,5.889999866485596,6.0,1338800,0.0,0.0
2023-10-17 00:00:00-04:00,6.0,6.179999828338623,6.0,6.099999904632568,691400,0.0,0.0
2023-10-18 00:00:00-04:00,6.059999942779541,6.150000095367432,5.979000091552734,6.039999961853027,612800,0.0,0.0
2023-10-19 00:00:00-04:00,6.050000190734863,6.050000190734863,5.795000076293945,5.880000114440918,733200,0.0,0.0
2023-10-20 00:00:00-04:00,5.909999847412109,6.079999923706055,5.869999885559082,6.059999942779541,987700,0.0,0.0
2023-10-23 00:00:00-04:00,5.989999771118164,6.150000095367432,5.929999828338623,6.0,711300,0.0,0.0
2023-10-24 00:00:00-04:00,6.53000020980835,6.894000053405762,6.480000019073486,6.75,946900,0.0,0.0
2023-10-25 00:00:00-04:00,6.75,6.860000133514404,6.420000076293945,6.590000152587891,708500,0.0,0.0
2023-10-26 00:00:00-04:00,6.570000171661377,6.599999904632568,6.0,6.119999885559082,740600,0.0,0.0
2023-10-27 00:00:00-04:00,6.119999885559082,6.190000057220459,6.0,6.010000228881836,819400,0.0,0.0
2023-10-30 00:00:00-04:00,6.050000190734863,6.059999942779541,5.883999824523926,6.010000228881836,503900,0.0,0.0
2023-10-31 00:00:00-04:00,6.010000228881836,6.105000019073486,5.920000076293945,5.940000057220459,555300,0.0,0.0
2023-11-01 00:00:00-04:00,5.980000019073486,6.130000114440918,5.875,6.090000152587891,612500,0.0,0.0
2023-11-02 00:00:00-04:00,6.150000095367432,6.28000020980835,5.96999979019165,6.070000171661377,678100,0.0,0.0
2023-11-03 00:00:00-04:00,6.190000057220459,6.320000171661377,5.960000038146973,6.039999961853027,1045800,0.0,0.0
2023-11-06 00:00:00-05:00,6.039999961853027,6.114999771118164,5.610000133514404,5.800000190734863,1503300,0.0,0.0
2023-11-07 00:00:00-05:00,6.099999904632568,6.900000095367432,5.960000038146973,6.110000133514404,3243300,0.0,0.0
2023-11-08 00:00:00-05:00,6.079999923706055,6.361000061035156,5.679999828338623,5.940000057220459,986200,0.0,0.0
2023-11-09 00:00:00-05:00,6.019999980926514,6.050000190734863,5.684999942779541,5.699999809265137,753900,0.0,0.0
2023-11-10 00:00:00-05:00,5.704999923706055,5.809000015258789,5.590000152587891,5.71999979019165,674600,0.0,0.0
2023-11-13 00:00:00-05:00,5.690000057220459,5.820000171661377,5.480000019073486,5.650000095367432,646400,0.0,0.0
2023-11-14 00:00:00-05:00,5.909999847412109,6.199999809265137,5.860000133514404,6.190000057220459,1193800,0.0,0.0
2023-11-15 00:00:00-05:00,6.230000019073486,6.309999942779541,5.929999828338623,5.96999979019165,1016100,0.0,0.0
2023-11-16 00:00:00-05:00,5.949999809265137,6.119999885559082,5.764999866485596,5.880000114440918,695200,0.0,0.0
2023-11-17 00:00:00-05:00,5.940000057220459,5.954999923706055,5.78000020980835,5.800000190734863,978600,0.0,0.0
2023-11-20 00:00:00-05:00,5.849999904632568,5.869999885559082,5.579999923706055,5.769999980926514,1316800,0.0,0.0
2023-11-21 00:00:00-05:00,5.760000228881836,5.880000114440918,5.539999961853027,5.599999904632568,686700,0.0,0.0
2023-11-22 00:00:00-05:00,5.699999809265137,5.920000076293945,5.590000152587891,5.75,508600,0.0,0.0
2023-11-24 00:00:00-05:00,5.690000057220459,5.840000152587891,5.690000057220459,5.75,346500,0.0,0.0
2023-11-27 00:00:00-05:00,5.760000228881836,5.849999904632568,5.650000095367432,5.690000057220459,739000,0.0,0.0
2023-11-28 00:00:00-05:00,5.670000076293945,5.764999866485596,5.539999961853027,5.71999979019165,733500,0.0,0.0
2023-11-29 00:00:00-05:00,5.699999809265137,5.900000095367432,5.480000019073486,5.519999980926514,700800,0.0,0.0
2023-11-30 00:00:00-05:00,5.559999942779541,5.71999979019165,5.340000152587891,5.650000095367432,1202600,0.0,0.0
2023-12-01 00:00:00-05:00,5.650000095367432,6.050000190734863,5.639999866485596,6.010000228881836,909400,0.0,0.0
2023-12-04 00:00:00-05:00,5.980000019073486,6.204999923706055,5.942999839782715,6.170000076293945,504000,0.0,0.0
2023-12-05 00:00:00-05:00,6.130000114440918,6.190000057220459,5.505000114440918,5.559999942779541,1060200,0.0,0.0
2023-12-06 00:00:00-05:00,5.639999866485596,5.73799991607666,5.46999979019165,5.480000019073486,1045000,0.0,0.0
2023-12-07 00:00:00-05:00,5.46999979019165,5.510000228881836,5.329999923706055,5.369999885559082,966300,0.0,0.0
2023-12-08 00:00:00-05:00,5.369999885559082,5.380000114440918,5.204999923706055,5.239999771118164,882600,0.0,0.0
2023-12-11 00:00:00-05:00,5.28000020980835,5.304999828338623,5.175000190734863,5.289999961853027,645500,0.0,0.0
2023-12-12 00:00:00-05:00,5.28000020980835,5.28000020980835,5.114999771118164,5.159999847412109,536900,0.0,0.0
2023-12-13 00:00:00-05:00,5.210000038146973,5.389999866485596,5.110000133514404,5.389999866485596,565400,0.0,0.0
2023-12-14 00:00:00-05:00,5.5,5.590000152587891,5.375,5.489999771118164,1405300,0.0,0.0
2023-12-15 00:00:00-05:00,5.480000019073486,5.494999885559082,4.900000095367432,4.989999771118164,1484200,0.0,0.0
2023-12-18 00:00:00-05:00,4.989999771118164,5.090000152587891,4.800000190734863,4.829999923706055,979900,0.0,0.0
2023-12-19 00:00:00-05:00,4.900000095367432,5.304999828338623,4.900000095367432,5.25,1287600,0.0,0.0
2023-12-20 00:00:00-05:00,5.300000190734863,5.46999979019165,5.199999809265137,5.320000171661377,963400,0.0,0.0
2023-12-21 00:00:00-05:00,5.389999866485596,5.510000228881836,5.2729997634887695,5.489999771118164,816000,0.0,0.0
2023-12-22 00:00:00-05:00,5.489999771118164,5.53000020980835,5.340000152587891,5.389999866485596,944500,0.0,0.0
2023-12-26 00:00:00-05:00,5.409999847412109,5.559999942779541,5.389999866485596,5.489999771118164,598500,0.0,0.0
2023-12-27 00:00:00-05:00,5.5,5.550000190734863,5.420000076293945,5.53000020980835,643100,0.0,0.0
2023-12-28 00:00:00-05:00,5.53000020980835,5.695000171661377,5.449999809265137,5.610000133514404,918000,0.0,0.0
2023-12-29 00:00:00-05:00,5.630000114440918,5.670000076293945,5.53000020980835,5.590000152587891,1076900,0.0,0.0
2024-01-02 00:00:00-05:00,5.610000133514404,5.610000133514404,5.099999904632568,5.170000076293945,1200900,0.0,0.0
2024-01-03 00:00:00-05:00,5.159999847412109,5.159999847412109,4.889999866485596,4.889999866485596,1273100,0.0,0.0
2024-01-04 00:00:00-05:00,5.010000228881836,5.130000114440918,4.849999904632568,4.880000114440918,1222500,0.0,0.0
2024-01-05 00:00:00-05:00,4.829999923706055,5.150000095367432,4.769999980926514,4.929999828338623,830300,0.0,0.0
2024-01-08 00:00:00-05:00,5.0,5.190000057220459,4.900000095367432,5.050000190734863,958400,0.0,0.0
2024-01-09 00:00:00-05:00,5.0,5.005000114440918,4.760000228881836,4.789999961853027,872400,0.0,0.0
2024-01-10 00:00:00-05:00,3.559999942779541,3.677000045776367,2.7799999713897705,2.990000009536743,22009600,0.0,0.0
2024-01-11 00:00:00-05:00,3.2100000381469727,3.5399999618530273,2.9709999561309814,3.430000066757202,9411000,0.0,0.0
2024-01-12 00:00:00-05:00,3.450000047683716,3.6600000858306885,3.190000057220459,3.2100000381469727,2893700,0.0,0.0
2024-01-16 00:00:00-05:00,3.200000047683716,3.359999895095825,3.069999933242798,3.3499999046325684,2428400,0.0,0.0
2024-01-17 00:00:00-05:00,3.2899999618530273,3.319999933242798,3.1010000705718994,3.25,1771200,0.0,0.0
2024-01-18 00:00:00-05:00,3.2100000381469727,3.4100000858306885,3.190000057220459,3.3299999237060547,1855400,0.0,0.0
2024-01-19 00:00:00-05:00,3.309999942779541,3.319999933242798,3.065000057220459,3.1500000953674316,1808000,0.0,0.0
2024-01-22 00:00:00-05:00,3.200000047683716,3.450000047683716,3.200000047683716,3.440000057220459,2242600,0.0,0.0
2024-01-23 00:00:00-05:00,3.4200000762939453,3.7200000286102295,3.4200000762939453,3.680000066757202,1638900,0.0,0.0
2024-01-24 00:00:00-05:00,3.630000114440918,3.819999933242798,3.5899999141693115,3.5899999141693115,1209700,0.0,0.0
2024-01-25 00:00:00-05:00,3.5999999046325684,3.6500000953674316,3.505000114440918,3.5399999618530273,889000,0.0,0.0
2024-01-26 00:00:00-05:00,3.569999933242798,3.6489999294281006,3.5199999809265137,3.5399999618530273,686800,0.0,0.0
2024-01-29 00:00:00-05:00,3.549999952316284,3.640000104904175,3.4600000381469727,3.640000104904175,542900,0.0,0.0
2024-01-30 00:00:00-05:00,3.630000114440918,3.6500000953674316,3.4000000953674316,3.4100000858306885,1386800,0.0,0.0
2024-01-31 00:00:00-05:00,3.690000057220459,4.099999904632568,3.6500000953674316,3.700000047683716,2649600,0.0,0.0
2024-02-01 00:00:00-05:00,3.700000047683716,3.73799991607666,3.4600000381469727,3.5999999046325684,1413000,0.0,0.0
2024-02-02 00:00:00-05:00,3.559999942779541,3.5999999046325684,3.440000057220459,3.440000057220459,802500,0.0,0.0
2024-02-05 00:00:00-05:00,3.4600000381469727,3.5280001163482666,3.2699999809265137,3.2799999713897705,730700,0.0,0.0
2024-02-06 00:00:00-05:00,3.2799999713897705,3.5,3.2300000190734863,3.430000066757202,633200,0.0,0.0
2024-02-07 00:00:00-05:00,3.430000066757202,3.5,3.2699999809265137,3.4100000858306885,1017400,0.0,0.0
2024-02-08 00:00:00-05:00,3.390000104904175,3.4700000286102295,3.309999942779541,3.440000057220459,590700,0.0,0.0
2024-02-09 00:00:00-05:00,3.440000057220459,3.549999952316284,3.4000000953674316,3.5299999713897705,577000,0.0,0.0
2024-02-12 00:00:00-05:00,3.559999942779541,3.890000104904175,3.50600004196167,3.7899999618530273,1116000,0.0,0.0
2024-02-13 00:00:00-05:00,3.640000104904175,3.7100000381469727,3.4700000286102295,3.640000104904175,788900,0.0,0.0
2024-02-14 00:00:00-05:00,3.6500000953674316,3.740000009536743,3.615000009536743,3.7300000190734863,587100,0.0,0.0
2024-02-15 00:00:00-05:00,3.819999933242798,3.8499999046325684,3.690000057220459,3.8299999237060547,655000,0.0,0.0
2024-02-16 00:00:00-05:00,3.819999933242798,3.8550000190734863,3.690000057220459,3.690000057220459,900300,0.0,0.0
2024-02-20 00:00:00-05:00,3.6700000762939453,3.6700000762939453,3.490000009536743,3.5899999141693115,794900,0.0,0.0
2024-02-21 00:00:00-05:00,3.569999933242798,3.569999933242798,3.430000066757202,3.5,514700,0.0,0.0
2024-02-22 00:00:00-05:00,3.5,3.549999952316284,3.381999969482422,3.4100000858306885,946600,0.0,0.0
2024-02-23 00:00:00-05:00,3.299999952316284,3.3499999046325684,3.2300000190734863,3.309999942779541,1059000,0.0,0.0
2024-02-26 00:00:00-05:00,3.3299999237060547,3.490000009536743,3.319999933242798,3.369999885559082,1372100,0.0,0.0
2024-02-27 00:00:00-05:00,3.430000066757202,3.990000009536743,3.390000104904175,3.9100000858306885,1508400,0.0,0.0
2024-02-28 00:00:00-05:00,3.940000057220459,4.014999866485596,3.8499999046325684,3.940000057220459,2325400,0.0,0.0
2024-02-29 00:00:00-05:00,4.320000171661377,4.860000133514404,4.019999980926514,4.070000171661377,3037200,0.0,0.0
2024-03-01 00:00:00-05:00,4.119999885559082,4.230000019073486,3.940000057220459,4.130000114440918,1454300,0.0,0.0
2024-03-04 00:00:00-05:00,4.239999771118164,4.239999771118164,3.8399999141693115,3.9200000762939453,2098400,0.0,0.0
2024-03-05 00:00:00-05:00,3.9800000190734863,3.9800000190734863,3.819999933242798,3.9000000953674316,879500,0.0,0.0
2024-03-06 00:00:00-05:00,3.950000047683716,3.990999937057495,3.7699999809265137,3.950000047683716,1151000,0.0,0.0
2024-03-07 00:00:00-05:00,3.950000047683716,3.9800000190734863,3.7699999809265137,3.7899999618530273,562000,0.0,0.0
2024-03-08 00:00:00-05:00,3.7899999618530273,3.9100000858306885,3.7049999237060547,3.8499999046325684,995800,0.0,0.0
2024-03-11 00:00:00-04:00,3.8499999046325684,3.888000011444092,3.759999990463257,3.7899999618530273,795300,0.0,0.0
2024-03-12 00:00:00-04:00,3.759999990463257,3.809999942779541,3.5799999237060547,3.630000114440918,2188400,0.0,0.0
2024-03-13 00:00:00-04:00,3.630000114440918,3.8299999237060547,3.4700000286102295,3.5,979500,0.0,0.0
2024-03-14 00:00:00-04:00,3.7100000381469727,3.869999885559082,3.549999952316284,3.559999942779541,1328800,0.0,0.0
2024-03-15 00:00:00-04:00,3.569999933242798,3.740000009536743,3.569999933242798,3.6600000858306885,1808800,0.0,0.0
2024-03-18 00:00:00-04:00,3.6600000858306885,3.799999952316284,3.5899999141693115,3.680000066757202,1023600,0.0,0.0
2024-03-19 00:00:00-04:00,3.7699999809265137,4.179999828338623,3.7200000286102295,4.090000152587891,2147100,0.0,0.0
2024-03-20 00:00:00-04:00,4.0,4.105000019073486,3.869999885559082,4.019999980926514,1169900,0.0,0.0
2024-03-21 00:00:00-04:00,4.050000190734863,4.110000133514404,3.869999885559082,3.950000047683716,477000,0.0,0.0
2024-03-22 00:00:00-04:00,3.9000000953674316,3.9800000190734863,3.8399999141693115,3.859999895095825,516400,0.0,0.0
2024-03-25 00:00:00-04:00,3.859999895095825,3.9800000190734863,3.859999895095825,3.9600000381469727,495200,0.0,0.0
2024-03-26 00:00:00-04:00,3.9700000286102295,4.03000020980835,3.880000114440918,3.890000104904175,359800,0.0,0.0
2024-03-27 00:00:00-04:00,3.940000057220459,4.059999942779541,3.8550000190734863,4.059999942779541,498500,0.0,0.0
2024-03-28 00:00:00-04:00,4.050000190734863,4.163000106811523,3.9800000190734863,4.039999961853027,718100,0.0,0.0
2024-04-01 00:00:00-04:00,4.039999961853027,4.070000171661377,3.9100000858306885,4.039999961853027,440500,0.0,0.0
2024-04-02 00:00:00-04:00,3.950000047683716,3.950000047683716,3.7149999141693115,3.809999942779541,596600,0.0,0.0
2024-04-03 00:00:00-04:00,3.759999990463257,3.9200000762939453,3.7300000190734863,3.8299999237060547,417600,0.0,0.0
2024-04-04 00:00:00-04:00,4.005000114440918,4.005000114440918,3.7950000762939453,3.809999942779541,478400,0.0,0.0
2024-04-05 00:00:00-04:00,3.7699999809265137,3.8550000190734863,3.7149999141693115,3.809999942779541,339600,0.0,0.0
2024-04-08 00:00:00-04:00,3.819999933242798,3.9000000953674316,3.690000057220459,3.7799999713897705,831500,0.0,0.0
2024-04-09 00:00:00-04:00,3.7799999713897705,3.880000114440918,3.5299999713897705,3.8499999046325684,1786600,0.0,0.0
2024-04-10 00:00:00-04:00,3.4700000286102295,3.5199999809265137,2.8399999141693115,3.3499999046325684,4147700,0.0,0.0
2024-04-11 00:00:00-04:00,3.3399999141693115,3.359999895095825,3.194999933242798,3.3550000190734863,692800,0.0,0.0
2024-04-12 00:00:00-04:00,3.319999933242798,3.3499999046325684,3.140000104904175,3.259999990463257,1058800,0.0,0.0
2024-04-15 00:00:00-04:00,3.2699999809265137,3.2699999809265137,3.1700000762939453,3.25,1070500,0.0,0.0
2024-04-16 00:00:00-04:00,3.200000047683716,3.315000057220459,3.130000114440918,3.259999990463257,610200,0.0,0.0
2024-04-17 00:00:00-04:00,3.299999952316284,3.3889999389648438,3.240000009536743,3.359999895095825,637200,0.0,0.0
2024-04-18 00:00:00-04:00,3.369999885559082,3.509999990463257,3.309999942779541,3.4200000762939453,747600,0.0,0.0
2024-04-19 00:00:00-04:00,3.4000000953674316,3.5889999866485596,3.4000000953674316,3.569999933242798,823900,0.0,0.0
2024-04-22 00:00:00-04:00,3.569999933242798,3.6600000858306885,3.4600000381469727,3.509999990463257,959600,0.0,0.0
2024-04-23 00:00:00-04:00,3.490000009536743,3.630000114440918,3.4200000762939453,3.5,570300,0.0,0.0
2024-04-24 00:00:00-04:00,3.5,3.5799999237060547,3.4700000286102295,3.5199999809265137,465300,0.0,0.0
2024-04-25 00:00:00-04:00,3.4800000190734863,3.505000114440918,3.325000047683716,3.490000009536743,688700,0.0,0.0
2024-04-26 00:00:00-04:00,3.5,3.619999885559082,3.4570000171661377,3.609999895095825,467800,0.0,0.0
2024-04-29 00:00:00-04:00,3.569999933242798,3.700000047683716,3.5450000762939453,3.619999885559082,766700,0.0,0.0
2024-04-30 00:00:00-04:00,3.5999999046325684,3.5999999046325684,3.359999895095825,3.380000114440918,1395000,0.0,0.0
2024-05-01 00:00:00-04:00,3.369999885559082,3.4700000286102295,3.309999942779541,3.390000104904175,920300,0.0,0.0
2024-05-02 00:00:00-04:00,3.450000047683716,3.5299999713897705,3.380000114440918,3.509999990463257,619100,0.0,0.0
2024-05-03 00:00:00-04:00,3.5999999046325684,3.6600000858306885,3.4800000190734863,3.609999895095825,1161600,0.0,0.0
2024-05-06 00:00:00-04:00,3.6600000858306885,3.7049999237060547,3.5999999046325684,3.700000047683716,909100,0.0,0.0
2024-05-07 00:00:00-04:00,3.680000066757202,3.700000047683716,3.490000009536743,3.559999942779541,996400,0.0,0.0
2024-05-08 00:00:00-04:00,3.4600000381469727,3.549999952316284,3.3399999141693115,3.5,1332900,0.0,0.0
2024-05-09 00:00:00-04:00,3.490000009536743,3.5,3.009999990463257,3.075000047683716,1985700,0.0,0.0
2024-05-10 00:00:00-04:00,3.0799999237060547,3.130000114440918,2.9000000953674316,3.0199999809265137,1477200,0.0,0.0
2024-05-13 00:00:00-04:00,3.049999952316284,3.184999942779541,3.049999952316284,3.1600000858306885,1011700,0.0,0.0
2024-05-14 00:00:00-04:00,3.309999942779541,3.5299999713897705,3.2750000953674316,3.299999952316284,1498500,0.0,0.0
2024-05-15 00:00:00-04:00,3.3499999046325684,3.549999952316284,3.299999952316284,3.359999895095825,1335600,0.0,0.0
2024-05-16 00:00:00-04:00,3.3399999141693115,3.378999948501587,3.190000057220459,3.200000047683716,1165700,0.0,0.0
2024-05-17 00:00:00-04:00,3.2100000381469727,3.2200000286102295,3.069999933242798,3.0799999237060547,705600,0.0,0.0
2024-05-20 00:00:00-04:00,3.0899999141693115,3.0999999046325684,2.990000009536743,3.0399999618530273,757400,0.0,0.0
2024-05-21 00:00:00-04:00,3.0299999713897705,3.055000066757202,2.9800000190734863,3.009999990463257,542600,0.0,0.0
2024-05-22 00:00:00-04:00,2.9800000190734863,3.0999999046325684,2.9200000762939453,3.009999990463257,862600,0.0,0.0
2024-05-23 00:00:00-04:00,3.0299999713897705,3.0399999618530273,2.9100000858306885,2.940000057220459,619400,0.0,0.0
2024-05-24 00:00:00-04:00,2.930000066757202,3.059999942779541,2.924999952316284,3.049999952316284,649200,0.0,0.0
2024-05-28 00:00:00-04:00,3.0899999141693115,3.309999942779541,3.0199999809265137,3.1600000858306885,970200,0.0,0.0
2024-05-29 00:00:00-04:00,3.0999999046325684,3.140000104904175,3.0399999618530273,3.0399999618530273,612500,0.0,0.0
2024-05-30 00:00:00-04:00,3.059999942779541,3.0799999237060547,2.950000047683716,2.950000047683716,765000,0.0,0.0
2024-05-31 00:00:00-04:00,2.9800000190734863,3.009999990463257,2.8399999141693115,2.930000066757202,3013700,0.0,0.0
2024-06-03 00:00:00-04:00,2.9600000381469727,3.0399999618530273,2.9100000858306885,2.930000066757202,537500,0.0,0.0
2024-06-04 00:00:00-04:00,2.950000047683716,2.950000047683716,2.859999895095825,2.869999885559082,811300,0.0,0.0
2024-06-05 00:00:00-04:00,2.890000104904175,3.0299999713897705,2.7850000858306885,3.0299999713897705,1262500,0.0,0.0
2024-06-06 00:00:00-04:00,3.009999990463257,3.2200000286102295,3.009999990463257,3.2200000286102295,678600,0.0,0.0
2024-06-07 00:00:00-04:00,3.1600000858306885,3.1600000858306885,3.009999990463257,3.109999895095825,923000,0.0,0.0
2024-06-10 00:00:00-04:00,3.059999942779541,3.2249999046325684,3.0399999618530273,3.200000047683716,509500,0.0,0.0
2024-06-11 00:00:00-04:00,3.1500000953674316,3.240000009536743,3.065000057220459,3.2300000190734863,813700,0.0,0.0
2024-06-12 00:00:00-04:00,3.2799999713897705,3.319999933242798,3.1500000953674316,3.1500000953674316,922100,0.0,0.0
2024-06-13 00:00:00-04:00,3.1500000953674316,3.1700000762939453,2.9100000858306885,2.950000047683716,557700,0.0,0.0
2024-06-14 00:00:00-04:00,2.940000057220459,3.002000093460083,2.815000057220459,2.890000104904175,918600,0.0,0.0
2024-06-17 00:00:00-04:00,2.890000104904175,3.180000066757202,2.859999895095825,3.130000114440918,945600,0.0,0.0
2024-06-18 00:00:00-04:00,3.0799999237060547,3.240000009536743,3.049999952316284,3.130000114440918,741200,0.0,0.0
2024-06-20 00:00:00-04:00,3.0799999237060547,3.140000104904175,2.950000047683716,3.0799999237060547,924900,0.0,0.0
2024-06-21 00:00:00-04:00,3.0999999046325684,3.180000066757202,3.059999942779541,3.0899999141693115,1624400,0.0,0.0
2024-06-24 00:00:00-04:00,3.140000104904175,3.299999952316284,3.0299999713897705,3.049999952316284,658200,0.0,0.0
2024-06-25 00:00:00-04:00,3.049999952316284,3.0950000286102295,2.9700000286102295,3.0,571200,0.0,0.0
2024-06-26 00:00:00-04:00,2.990000009536743,3.109999895095825,2.940000057220459,3.069999933242798,845700,0.0,0.0
2024-06-27 00:00:00-04:00,3.0899999141693115,3.2799999713897705,3.055000066757202,3.2100000381469727,981600,0.0,0.0
2024-06-28 00:00:00-04:00,3.2100000381469727,3.2100000381469727,3.0450000762939453,3.0899999141693115,6255900,0.0,0.0
2024-07-01 00:00:00-04:00,3.0999999046325684,3.180000066757202,2.9200000762939453,2.930000066757202,808000,0.0,0.0
2024-07-02 00:00:00-04:00,2.9800000190734863,2.990000009536743,2.884999990463257,2.990000009536743,816500,0.0,0.0
2024-07-03 00:00:00-04:00,2.9800000190734863,2.997999906539917,2.9049999713897705,2.940000057220459,239700,0.0,0.0
2024-07-05 00:00:00-04:00,2.940000057220459,2.940000057220459,2.869999885559082,2.9200000762939453,575400,0.0,0.0
2024-07-08 00:00:00-04:00,2.950000047683716,3.059999942779541,2.940000057220459,2.950000047683716,642700,0.0,0.0
2024-07-09 00:00:00-04:00,2.9600000381469727,2.9600000381469727,2.819999933242798,2.8399999141693115,961100,0.0,0.0
2024-07-10 00:00:00-04:00,2.8499999046325684,2.880000114440918,2.75,2.8399999141693115,633400,0.0,0.0
2024-07-11 00:00:00-04:00,2.9000000953674316,3.069999933242798,2.869999885559082,3.0399999618530273,1403400,0.0,0.0
2024-07-12 00:00:00-04:00,3.069999933242798,3.1449999809265137,3.069999933242798,3.109999895095825,1085400,0.0,0.0
2024-07-15 00:00:00-04:00,3.109999895095825,3.2100000381469727,3.109999895095825,3.109999895095825,760400,0.0,0.0
2024-07-16 00:00:00-04:00,3.1500000953674316,3.4200000762939453,3.1500000953674316,3.4000000953674316,1066100,0.0,0.0
2024-07-17 00:00:00-04:00,3.3399999141693115,3.4800000190734863,3.3399999141693115,3.4600000381469727,768300,0.0,0.0
2024-07-18 00:00:00-04:00,3.4700000286102295,3.5299999713897705,3.2100000381469727,3.2100000381469727,526900,0.0,0.0
2024-07-19 00:00:00-04:00,3.2200000286102295,3.2300000190734863,3.0799999237060547,3.0899999141693115,310400,0.0,0.0
2024-07-22 00:00:00-04:00,3.109999895095825,3.25,3.0299999713897705,3.2300000190734863,381100,0.0,0.0
2024-07-23 00:00:00-04:00,3.200000047683716,3.390000104904175,3.1700000762939453,3.319999933242798,345600,0.0,0.0
2024-07-24 00:00:00-04:00,3.2899999618530273,3.3450000286102295,3.234999895095825,3.25,377500,0.0,0.0
2024-07-25 00:00:00-04:00,3.25,3.5999999046325684,3.2300000190734863,3.549999952316284,800700,0.0,0.0
2024-07-26 00:00:00-04:00,3.6600000858306885,3.740000009536743,3.569999933242798,3.740000009536743,1280300,0.0,0.0
2024-07-29 00:00:00-04:00,3.7300000190734863,3.7899999618530273,3.5999999046325684,3.6500000953674316,533600,0.0,0.0
2024-07-30 00:00:00-04:00,3.6500000953674316,3.740999937057495,3.5999999046325684,3.6700000762939453,320700,0.0,0.0
2024-07-31 00:00:00-04:00,3.7100000381469727,3.7699999809265137,3.5450000762939453,3.630000114440918,567600,0.0,0.0
2024-08-01 00:00:00-04:00,3.640000104904175,3.6700000762939453,3.390000104904175,3.4800000190734863,700000,0.0,0.0
2024-08-02 00:00:00-04:00,3.3399999141693115,3.4700000286102295,3.2100000381469727,3.25,533200,0.0,0.0
2024-08-05 00:00:00-04:00,3.0199999809265137,3.119999885559082,2.984999895095825,3.0999999046325684,574000,0.0,0.0
2024-08-06 00:00:00-04:00,3.0899999141693115,3.259999990463257,2.990000009536743,3.069999933242798,1036500,0.0,0.0
2024-08-07 00:00:00-04:00,3.180000066757202,3.180000066757202,2.9600000381469727,2.990000009536743,389300,0.0,0.0
2024-08-08 00:00:00-04:00,3.2799999713897705,3.9200000762939453,3.244999885559082,3.630000114440918,1503400,0.0,0.0
2024-08-09 00:00:00-04:00,3.630000114440918,3.7699999809265137,3.4200000762939453,3.5399999618530273,458200,0.0,0.0
2024-08-12 00:00:00-04:00,3.609999895095825,3.630000114440918,3.2899999618530273,3.309999942779541,397300,0.0,0.0
2024-08-13 00:00:00-04:00,3.319999933242798,3.440000057220459,3.2699999809265137,3.3499999046325684,284200,0.0,0.0
2024-08-14 00:00:00-04:00,3.3499999046325684,3.4149999618530273,3.1500000953674316,3.25,790100,0.0,0.0
2024-08-15 00:00:00-04:00,3.390000104904175,3.680000066757202,3.3299999237060547,3.640000104904175,750200,0.0,0.0
2024-08-16 00:00:00-04:00,3.630000114440918,3.7100000381469727,3.484999895095825,3.5,644000,0.0,0.0
2024-08-19 00:00:00-04:00,3.450000047683716,3.5799999237060547,3.450000047683716,3.5199999809265137,621300,0.0,0.0
2024-08-20 00:00:00-04:00,3.490000009536743,3.5799999237060547,3.3450000286102295,3.5199999809265137,427700,0.0,0.0
2024-08-21 00:00:00-04:00,3.5999999046325684,3.619999885559082,3.440000057220459,3.619999885559082,341500,0.0,0.0
2024-08-22 00:00:00-04:00,3.609999895095825,3.609999895095825,3.444999933242798,3.4600000381469727,353100,0.0,0.0
2024-08-23 00:00:00-04:00,3.509999990463257,3.7869999408721924,3.4600000381469727,3.7200000286102295,457700,0.0,0.0
2024-08-26 00:00:00-04:00,3.75,3.7699999809265137,3.640000104904175,3.740000009536743,381800,0.0,0.0
2024-08-27 00:00:00-04:00,3.690000057220459,3.7100000381469727,3.5999999046325684,3.6700000762939453,219600,0.0,0.0
2024-08-28 00:00:00-04:00,3.630000114440918,3.690000057220459,3.5999999046325684,3.630000114440918,215000,0.0,0.0
2024-08-29 00:00:00-04:00,3.700000047683716,3.75,3.640000104904175,3.6600000858306885,333100,0.0,0.0
2024-08-30 00:00:00-04:00,3.700000047683716,3.805000066757202,3.630000114440918,3.7799999713897705,311400,0.0,0.0
2024-09-03 00:00:00-04:00,3.7200000286102295,3.8389999866485596,3.549999952316284,3.549999952316284,405000,0.0,0.0
2024-09-04 00:00:00-04:00,3.5299999713897705,3.625,3.5,3.549999952316284,334400,0.0,0.0
2024-09-05 00:00:00-04:00,3.5799999237060547,3.6700000762939453,3.5350000858306885,3.640000104904175,420100,0.0,0.0
2024-09-06 00:00:00-04:00,3.619999885559082,3.734999895095825,3.5799999237060547,3.630000114440918,604900,0.0,0.0
2024-09-09 00:00:00-04:00,3.6500000953674316,3.75,3.559999942779541,3.640000104904175,425700,0.0,0.0
2024-09-10 00:00:00-04:00,3.640000104904175,3.640000104904175,3.430000066757202,3.5199999809265137,350200,0.0,0.0
2024-09-11 00:00:00-04:00,3.5199999809265137,3.559999942779541,3.4800000190734863,3.5399999618530273,288300,0.0,0.0
2024-09-12 00:00:00-04:00,3.5799999237060547,3.5899999141693115,3.494999885559082,3.5199999809265137,270500,0.0,0.0
2024-09-13 00:00:00-04:00,3.5199999809265137,3.6649999618530273,3.5199999809265137,3.6500000953674316,398400,0.0,0.0
2024-09-16 00:00:00-04:00,3.6600000858306885,3.7149999141693115,3.559999942779541,3.640000104904175,362000,0.0,0.0
2024-09-17 00:00:00-04:00,3.7100000381469727,3.7799999713897705,3.5250000953674316,3.569999933242798,598500,0.0,0.0
2024-09-18 00:00:00-04:00,3.569999933242798,3.75,3.509999990463257,3.5299999713897705,460700,0.0,0.0
2024-09-19 00:00:00-04:00,3.680000066757202,3.680000066757202,3.549999952316284,3.5999999046325684,381200,0.0,0.0
2024-09-20 00:00:00-04:00,3.5999999046325684,3.609999895095825,3.380000114440918,3.4800000190734863,1430100,0.0,0.0
2024-09-23 00:00:00-04:00,3.509999990463257,3.509999990463257,3.375,3.4700000286102295,349300,0.0,0.0
2024-09-24 00:00:00-04:00,3.4600000381469727,3.5350000858306885,3.309999942779541,3.3499999046325684,591500,0.0,0.0
2024-09-25 00:00:00-04:00,3.3499999046325684,3.390000104904175,3.309999942779541,3.3499999046325684,591300,0.0,0.0
2024-09-26 00:00:00-04:00,3.390000104904175,3.4000000953674316,3.25,3.3399999141693115,527400,0.0,0.0
2024-09-27 00:00:00-04:00,3.369999885559082,3.440000057220459,3.299999952316284,3.380000114440918,367300,0.0,0.0
2024-09-30 00:00:00-04:00,3.390000104904175,3.4679999351501465,3.2799999713897705,3.319999933242798,620000,0.0,0.0
2024-10-01 00:00:00-04:00,3.309999942779541,3.384999990463257,3.2899999618530273,3.3499999046325684,374200,0.0,0.0
2024-10-02 00:00:00-04:00,3.3499999046325684,3.359999895095825,3.0999999046325684,3.109999895095825,958200,0.0,0.0
2024-10-03 00:00:00-04:00,3.0899999141693115,3.1600000858306885,3.059999942779541,3.1500000953674316,358600,0.0,0.0
2024-10-04 00:00:00-04:00,3.240000009536743,3.369999885559082,3.184999942779541,3.3499999046325684,570800,0.0,0.0
2024-10-07 00:00:00-04:00,3.369999885559082,3.369999885559082,3.0950000286102295,3.1500000953674316,486500,0.0,0.0
2024-10-08 00:00:00-04:00,3.1600000858306885,3.194999933242798,3.109999895095825,3.140000104904175,311300,0.0,0.0
2024-10-09 00:00:00-04:00,3.1500000953674316,3.2899999618530273,3.140000104904175,3.200000047683716,432400,0.0,0.0
2024-10-10 00:00:00-04:00,3.130000114440918,3.25,3.109999895095825,3.200000047683716,363200,0.0,0.0
2024-10-11 00:00:00-04:00,3.200000047683716,3.325000047683716,3.194999933242798,3.259999990463257,348100,0.0,0.0
2024-10-14 00:00:00-04:00,3.25,3.299999952316284,3.2200000286102295,3.2799999713897705,516800,0.0,0.0
2024-10-15 00:00:00-04:00,3.2100000381469727,3.2799999713897705,3.194999933242798,3.200000047683716,270100,0.0,0.0
2024-10-16 00:00:00-04:00,3.259999990463257,3.4200000762939453,3.255000114440918,3.4000000953674316,519700,0.0,0.0
2024-10-17 00:00:00-04:00,3.4000000953674316,3.430000066757202,3.265000104904175,3.390000104904175,209400,0.0,0.0
2024-10-18 00:00:00-04:00,3.4000000953674316,3.4700000286102295,3.369999885559082,3.4000000953674316,197000,0.0,0.0
2024-10-21 00:00:00-04:00,3.4000000953674316,3.440000057220459,3.309999942779541,3.4200000762939453,231900,0.0,0.0
2024-10-22 00:00:00-04:00,3.4000000953674316,3.440000057220459,3.359999895095825,3.4100000858306885,177300,0.0,0.0
2024-10-23 00:00:00-04:00,3.369999885559082,3.4149999618530273,3.3499999046325684,3.4000000953674316,281400,0.0,0.0
2024-10-24 00:00:00-04:00,3.440000057220459,3.490000009536743,3.309999942779541,3.369999885559082,329600,0.0,0.0
2024-10-25 00:00:00-04:00,3.4000000953674316,3.450000047683716,3.2699999809265137,3.4200000762939453,310500,0.0,0.0
2024-10-28 00:00:00-04:00,3.490000009536743,3.5,3.424999952316284,3.4700000286102295,397400,0.0,0.0
2024-10-29 00:00:00-04:00,3.430000066757202,3.5899999141693115,3.4119999408721924,3.4800000190734863,294100,0.0,0.0
2024-10-30 00:00:00-04:00,3.450000047683716,3.549999952316284,3.4200000762939453,3.4600000381469727,419000,0.0,0.0
2024-10-31 00:00:00-04:00,3.4800000190734863,3.5850000381469727,3.424999952316284,3.509999990463257,546400,0.0,0.0
2024-11-01 00:00:00-04:00,3.509999990463257,3.690000057220459,3.430000066757202,3.630000114440918,574600,0.0,0.0
2024-11-04 00:00:00-05:00,3.619999885559082,3.6700000762939453,3.380000114440918,3.380000114440918,748600,0.0,0.0
2024-11-05 00:00:00-05:00,3.3499999046325684,3.505000114440918,3.3499999046325684,3.4700000286102295,813700,0.0,0.0
2024-11-06 00:00:00-05:00,3.6600000858306885,3.7699999809265137,3.5350000858306885,3.6500000953674316,1677600,0.0,0.0
2024-11-07 00:00:00-05:00,3.6600000858306885,3.75,3.559999942779541,3.609999895095825,805700,0.0,0.0
2024-11-08 00:00:00-05:00,3.7799999713897705,4.349999904632568,3.6600000858306885,4.0,2635700,0.0,0.0
2024-11-11 00:00:00-05:00,4.099999904632568,4.135000228881836,3.9100000858306885,4.019999980926514,707900,0.0,0.0
2024-11-12 00:00:00-05:00,4.050000190734863,4.420000076293945,4.050000190734863,4.159999847412109,1108700,0.0,0.0
2024-11-13 00:00:00-05:00,4.159999847412109,4.425000190734863,4.09499979019165,4.230000019073486,869600,0.0,0.0
2024-11-14 00:00:00-05:00,4.159999847412109,4.355000019073486,4.150000095367432,4.179999828338623,534000,0.0,0.0
2024-11-15 00:00:00-05:00,4.239999771118164,4.239999771118164,4.010000228881836,4.090000152587891,759600,0.0,0.0
2024-11-18 00:00:00-05:00,4.119999885559082,4.135000228881836,3.9049999713897705,4.0,425800,0.0,0.0
2024-11-19 00:00:00-05:00,3.940000057220459,4.039999961853027,3.8399999141693115,4.019999980926514,474900,0.0,0.0
2024-11-20 00:00:00-05:00,4.0,4.099999904632568,3.9200000762939453,4.099999904632568,375900,0.0,0.0
2024-11-21 00:00:00-05:00,4.119999885559082,4.25,4.110000133514404,4.119999885559082,265500,0.0,0.0
2024-11-22 00:00:00-05:00,4.130000114440918,4.349999904632568,4.119999885559082,4.25,441200,0.0,0.0
2024-11-25 00:00:00-05:00,4.329999923706055,4.5,4.320000171661377,4.329999923706055,517700,0.0,0.0
2024-11-26 00:00:00-05:00,4.369999885559082,4.460000038146973,4.252999782562256,4.300000190734863,602200,0.0,0.0
2024-11-27 00:00:00-05:00,4.309999942779541,4.570000171661377,4.309999942779541,4.380000114440918,650800,0.0,0.0
2024-11-29 00:00:00-05:00,4.389999866485596,4.489999771118164,4.130000114440918,4.329999923706055,521900,0.0,0.0
2024-12-02 00:00:00-05:00,4.300000190734863,4.420000076293945,4.224999904632568,4.289999961853027,761800,0.0,0.0
2024-12-03 00:00:00-05:00,4.21999979019165,4.334000110626221,4.150000095367432,4.239999771118164,482600,0.0,0.0
2024-12-04 00:00:00-05:00,4.190000057220459,4.230000019073486,4.085000038146973,4.199999809265137,603600,0.0,0.0
2024-12-05 00:00:00-05:00,4.239999771118164,4.409999847412109,4.079999923706055,4.110000133514404,400800,0.0,0.0
2024-12-06 00:00:00-05:00,4.139999866485596,4.179999828338623,4.014999866485596,4.079999923706055,314400,0.0,0.0
2024-12-09 00:00:00-05:00,4.079999923706055,4.224999904632568,4.070000171661377,4.119999885559082,359600,0.0,0.0
2024-12-10 00:00:00-05:00,4.230000019073486,4.335000038146973,4.170000076293945,4.289999961853027,548500,0.0,0.0
2024-12-11 00:00:00-05:00,4.300000190734863,4.300000190734863,4.099999904632568,4.139999866485596,451700,0.0,0.0
2024-12-12 00:00:00-05:00,4.139999866485596,4.28000020980835,4.059999942779541,4.190000057220459,885000,0.0,0.0
2024-12-13 00:00:00-05:00,4.190000057220459,4.360000133514404,4.150000095367432,4.289999961853027,541700,0.0,0.0
2024-12-16 00:00:00-05:00,4.289999961853027,4.489999771118164,4.260000228881836,4.489999771118164,658700,0.0,0.0
2024-12-17 00:00:00-05:00,4.449999809265137,4.559999942779541,4.284999847412109,4.389999866485596,1151400,0.0,0.0
2024-12-18 00:00:00-05:00,4.429999828338623,4.559999942779541,4.159999847412109,4.284999847412109,1840100,0.0,0.0
2024-12-19 00:00:00-05:00,4.320000171661377,4.429999828338623,4.079999923706055,4.349999904632568,1558800,0.0,0.0
2024-12-20 00:00:00-05:00,4.260000228881836,4.644999980926514,4.239999771118164,4.510000228881836,1387400,0.0,0.0
2024-12-23 00:00:00-05:00,4.619999885559082,4.619999885559082,4.230000019073486,4.289999961853027,523800,0.0,0.0
2024-12-24 00:00:00-05:00,4.260000228881836,4.314000129699707,4.159999847412109,4.21999979019165,193400,0.0,0.0
2024-12-26 00:00:00-05:00,4.230000019073486,4.400000095367432,4.210000038146973,4.380000114440918,340500,0.0,0.0
2024-12-27 00:00:00-05:00,4.320000171661377,4.445000171661377,4.304999828338623,4.380000114440918,373100,0.0,0.0
2024-12-30 00:00:00-05:00,4.360000133514404,4.380000114440918,4.239999771118164,4.320000171661377,544900,0.0,0.0
2024-12-31 00:00:00-05:00,4.360000133514404,4.420000076293945,4.230000019073486,4.239999771118164,320800,0.0,0.0
2025-01-02 00:00:00-05:00,4.25,4.375,4.210000038146973,4.289999961853027,314100,0.0,0.0
2025-01-03 00:00:00-05:00,4.309999942779541,4.4079999923706055,4.239999771118164,4.340000152587891,345900,0.0,0.0
2025-01-06 00:00:00-05:00,4.340000152587891,4.369999885559082,4.173999786376953,4.21999979019165,351500,0.0,0.0
2025-01-07 00:00:00-05:00,4.21999979019165,4.349999904632568,4.079999923706055,4.21999979019165,404900,0.0,0.0
2025-01-08 00:00:00-05:00,4.179999828338623,4.309999942779541,4.065000057220459,4.25,321500,0.0,0.0
2025-01-10 00:00:00-05:00,4.150000095367432,4.293000221252441,4.050000190734863,4.079999923706055,304700,0.0,0.0
2025-01-13 00:00:00-05:00,4.019999980926514,4.099999904632568,3.944999933242798,4.019999980926514,478300,0.0,0.0
2025-01-14 00:00:00-05:00,4.050000190734863,4.110000133514404,4.005000114440918,4.090000152587891,358900,0.0,0.0
2025-01-15 00:00:00-05:00,4.159999847412109,4.25,4.135000228881836,4.179999828338623,343700,0.0,0.0
2025-01-16 00:00:00-05:00,4.21999979019165,4.295000076293945,4.085000038146973,4.269999980926514,333800,0.0,0.0
2025-01-17 00:00:00-05:00,4.300000190734863,4.340000152587891,4.085000038146973,4.170000076293945,377600,0.0,0.0
2025-01-21 00:00:00-05:00,4.179999828338623,4.329999923706055,4.179999828338623,4.309999942779541,304100,0.0,0.0
2025-01-22 00:00:00-05:00,4.300000190734863,4.434999942779541,4.21999979019165,4.389999866485596,516400,0.0,0.0
2025-01-23 00:00:00-05:00,4.349999904632568,4.494999885559082,4.349999904632568,4.480000019073486,239900,0.0,0.0
2025-01-24 00:00:00-05:00,4.480000019073486,5.054999828338623,4.480000019073486,4.940000057220459,1112100,0.0,0.0
2025-01-27 00:00:00-05:00,4.869999885559082,4.920000076293945,4.630000114440918,4.739999771118164,580400,0.0,0.0
2025-01-28 00:00:00-05:00,4.75,4.824999809265137,4.679999828338623,4.78000020980835,449900,0.0,0.0
2025-01-29 00:00:00-05:00,4.78000020980835,4.877999782562256,4.690000057220459,4.800000190734863,445800,0.0,0.0
2025-01-30 00:00:00-05:00,4.829999923706055,4.928999900817871,4.824999809265137,4.849999904632568,382200,0.0,0.0
2025-01-31 00:00:00-05:00,4.829999923706055,5.119999885559082,4.809999942779541,4.889999866485596,968100,0.0,0.0
2025-02-03 00:00:00-05:00,4.800000190734863,4.860000133514404,4.699999809265137,4.75,305400,0.0,0.0
2025-02-04 00:00:00-05:00,4.710000038146973,4.96999979019165,4.710000038146973,4.949999809265137,303600,0.0,0.0
2025-02-05 00:00:00-05:00,4.949999809265137,5.039999961853027,4.864999771118164,4.960000038146973,2528600,0.0,0.0
2025-02-06 00:00:00-05:00,4.980000019073486,5.03000020980835,4.849999904632568,4.909999847412109,335800,0.0,0.0
2025-02-07 00:00:00-05:00,4.909999847412109,5.114999771118164,4.889999866485596,5.039999961853027,582100,0.0,0.0
2025-02-10 00:00:00-05:00,5.159999847412109,5.46999979019165,5.119999885559082,5.440000057220459,1231400,0.0,0.0
2025-02-11 00:00:00-05:00,5.440000057220459,5.610000133514404,5.300000190734863,5.449999809265137,906800,0.0,0.0
2025-02-12 00:00:00-05:00,5.340000152587891,5.429999828338623,5.25,5.349999904632568,516200,0.0,0.0
2025-02-13 00:00:00-05:00,5.400000095367432,5.579999923706055,5.340000152587891,5.559999942779541,540000,0.0,0.0
2025-02-14 00:00:00-05:00,5.610000133514404,5.610000133514404,5.480000019073486,5.539999961853027,556800,0.0,0.0
2025-02-18 00:00:00-05:00,5.539999961853027,5.675000190734863,5.460000038146973,5.599999904632568,569200,0.0,0.0
2025-02-19 00:00:00-05:00,5.5,5.53000020980835,5.34499979019165,5.510000228881836,458400,0.0,0.0
2025-02-20 00:00:00-05:00,5.449999809265137,5.46999979019165,5.03000020980835,5.03000020980835,589400,0.0,0.0
2025-02-21 00:00:00-05:00,5.119999885559082,5.119999885559082,4.769999980926514,4.789999961853027,694200,0.0,0.0
2025-02-24 00:00:00-05:00,4.75,4.800000190734863,4.420000076293945,4.440000057220459,1058200,0.0,0.0
2025-02-25 00:00:00-05:00,4.460000038146973,4.519999980926514,4.179999828338623,4.260000228881836,885300,0.0,0.0
2025-02-26 00:00:00-05:00,4.260000228881836,4.329999923706055,4.034999847412109,4.059999942779541,622000,0.0,0.0
2025-02-27 00:00:00-05:00,4.159999847412109,4.184999942779541,3.875,3.9200000762939453,1057300,0.0,0.0
2025-02-28 00:00:00-05:00,2.9200000762939453,3.1649999618530273,2.7899999618530273,3.0899999141693115,4946200,0.0,0.0
2025-03-03 00:00:00-05:00,3.009999990463257,3.0899999141693115,2.9049999713897705,2.990000009536743,1555600,0.0,0.0
2025-03-04 00:00:00-05:00,2.940000057220459,3.049999952316284,2.7750000953674316,2.9600000381469727,1875000,0.0,0.0
2025-03-05 00:00:00-05:00,2.950000047683716,3.075000047683716,2.8450000286102295,3.0399999618530273,1198500,0.0,0.0
2025-03-06 00:00:00-05:00,2.9700000286102295,3.0799999237060547,2.9049999713897705,2.930000066757202,1401600,0.0,0.0
2025-03-07 00:00:00-05:00,2.890000104904175,3.180000066757202,2.859999895095825,3.0299999713897705,1224700,0.0,0.0
2025-03-10 00:00:00-04:00,3.0,3.0250000953674316,2.875,2.9100000858306885,975000,0.0,0.0
2025-03-11 00:00:00-04:00,2.9100000858306885,2.9100000858306885,2.7799999713897705,2.809999942779541,1132900,0.0,0.0
2025-03-12 00:00:00-04:00,2.859999895095825,3.0799999237060547,2.765000104904175,3.049999952316284,1276700,0.0,0.0
2025-03-13 00:00:00-04:00,3.049999952316284,3.049999952316284,2.8299999237060547,2.869999885559082,1059300,0.0,0.0
2025-03-14 00:00:00-04:00,2.930000066757202,2.994999885559082,2.75,2.8499999046325684,1151900,0.0,0.0
2025-03-17 00:00:00-04:00,2.8499999046325684,2.890000104904175,2.809999942779541,2.859999895095825,525200,0.0,0.0
2025-03-18 00:00:00-04:00,2.8499999046325684,2.875,2.7850000858306885,2.8399999141693115,807700,0.0,0.0
2025-03-19 00:00:00-04:00,2.8399999141693115,2.859999895095825,2.765000104904175,2.819999933242798,539900,0.0,0.0
2025-03-20 00:00:00-04:00,2.799999952316284,2.859999895095825,2.7300000190734863,2.759999990463257,820600,0.0,0.0
2025-03-21 00:00:00-04:00,2.7100000381469727,2.744999885559082,2.630000114440918,2.6700000762939453,1439000,0.0,0.0
2025-03-24 00:00:00-04:00,2.7200000286102295,2.799999952316284,2.6700000762939453,2.7699999809265137,762300,0.0,0.0
2025-03-25 00:00:00-04:00,2.7699999809265137,2.859999895095825,2.740000009536743,2.819999933242798,729900,0.0,0.0
2025-03-26 00:00:00-04:00,2.7899999618530273,2.815000057220459,2.7200000286102295,2.7799999713897705,558300,0.0,0.0
2025-03-27 00:00:00-04:00,2.7899999618530273,2.7899999618530273,2.7200000286102295,2.7300000190734863,378600,0.0,0.0
2025-03-28 00:00:00-04:00,2.700000047683716,2.700000047683716,2.630000114440918,2.640000104904175,489100,0.0,0.0
2025-03-31 00:00:00-04:00,2.5999999046325684,2.694999933242798,2.509999990463257,2.640000104904175,764600,0.0,0.0
2025-04-01 00:00:00-04:00,2.630000114440918,2.7699999809265137,2.630000114440918,2.680000066757202,1034900,0.0,0.0
2025-04-02 00:00:00-04:00,2.619999885559082,2.759999990463257,2.619999885559082,2.690000057220459,693100,0.0,0.0
2025-04-03 00:00:00-04:00,2.5199999809265137,2.609999895095825,2.5199999809265137,2.559999942779541,940700,0.0,0.0
2025-04-04 00:00:00-04:00,2.440000057220459,2.549999952316284,2.440000057220459,2.509999990463257,1288000,0.0,0.0
2025-04-07 00:00:00-04:00,2.4000000953674316,2.640000104904175,2.390000104904175,2.5399999618530273,1169600,0.0,0.0
2025-04-08 00:00:00-04:00,2.630000114440918,2.630000114440918,2.430000066757202,2.509999990463257,858900,0.0,0.0
2025-04-09 00:00:00-04:00,2.4800000190734863,2.6549999713897705,2.4149999618530273,2.569999933242798,1333300,0.0,0.0
2025-04-10 00:00:00-04:00,2.559999942779541,2.559999942779541,2.450000047683716,2.5,876300,0.0,0.0
2025-04-11 00:00:00-04:00,2.509999990463257,2.5250000953674316,2.315000057220459,2.390000104904175,1063200,0.0,0.0
2025-04-14 00:00:00-04:00,2.4200000762939453,2.509999990463257,2.2799999713897705,2.3499999046325684,925800,0.0,0.0
2025-04-15 00:00:00-04:00,2.3299999237060547,2.3299999237060547,2.1589999198913574,2.25,1188100,0.0,0.0
2025-04-16 00:00:00-04:00,2.240000009536743,2.2799999713897705,2.1600000858306885,2.190000057220459,533200,0.0,0.0
2025-04-17 00:00:00-04:00,2.190000057220459,2.2100000381469727,2.0950000286102295,2.119999885559082,597800,0.0,0.0
2025-04-21 00:00:00-04:00,2.109999895095825,2.125,2.0199999809265137,2.069999933242798,643600,0.0,0.0
2025-04-22 00:00:00-04:00,2.059999942779541,2.1600000858306885,2.059999942779541,2.109999895095825,600600,0.0,0.0
2025-04-23 00:00:00-04:00,2.1500000953674316,2.2850000858306885,2.1500000953674316,2.1600000858306885,627900,0.0,0.0
2025-04-24 00:00:00-04:00,2.1500000953674316,2.2200000286102295,2.130000114440918,2.2200000286102295,673300,0.0,0.0
2025-04-25 00:00:00-04:00,2.2200000286102295,2.240000009536743,2.1649999618530273,2.240000009536743,450700,0.0,0.0
2025-04-28 00:00:00-04:00,2.240000009536743,2.2699999809265137,2.1549999713897705,2.240000009536743,367200,0.0,0.0
2025-04-29 00:00:00-04:00,2.240000009536743,2.2899999618530273,2.1730000972747803,2.2799999713897705,499600,0.0,0.0
2025-04-30 00:00:00-04:00,2.25,2.259999990463257,2.200000047683716,2.2300000190734863,463500,0.0,0.0
2025-05-01 00:00:00-04:00,2.2300000190734863,2.259999990463257,2.174999952316284,2.200000047683716,1017900,0.0,0.0
2025-05-02 00:00:00-04:00,2.2200000286102295,2.3299999237060547,2.184999942779541,2.309999942779541,659400,0.0,0.0
2025-05-05 00:00:00-04:00,2.299999952316284,2.380000114440918,2.299999952316284,2.3499999046325684,501400,0.0,0.0
2025-05-06 00:00:00-04:00,2.3299999237060547,2.380000114440918,2.319999933242798,2.3399999141693115,576200,0.0,0.0
2025-05-07 00:00:00-04:00,2.359999895095825,2.430000066757202,2.319999933242798,2.4000000953674316,665600,0.0,0.0
2025-05-08 00:00:00-04:00,2.430000066757202,2.450000047683716,2.315000057220459,2.3299999237060547,790800,0.0,0.0
2025-05-09 00:00:00-04:00,1.8899999856948853,1.9299999475479126,1.3899999856948853,1.399999976158142,9533200,0.0,0.0
2025-05-12 00:00:00-04:00,1.4299999475479126,1.4600000381469727,1.350000023841858,1.4450000524520874,3329400,0.0,0.0
2025-05-13 00:00:00-04:00,1.4500000476837158,1.6399999856948853,1.4500000476837158,1.5,3162600,0.0,0.0
2025-05-14 00:00:00-04:00,1.5,1.5449999570846558,1.3799999952316284,1.399999976158142,2256700,0.0,0.0
2025-05-15 00:00:00-04:00,1.4500000476837158,1.475000023841858,1.3700000047683716,1.399999976158142,2101700,0.0,0.0
2025-05-16 00:00:00-04:00,1.409999966621399,1.5299999713897705,1.409999966621399,1.4700000286102295,1659500,0.0,0.0
2025-05-19 00:00:00-04:00,1.4600000381469727,1.4700000286102295,1.434999942779541,1.4500000476837158,970300,0.0,0.0
2025-05-20 00:00:00-04:00,1.440000057220459,1.440000057220459,1.3799999952316284,1.3899999856948853,868900,0.0,0.0
2025-05-21 00:00:00-04:00,1.3899999856948853,1.3899999856948853,1.2799999713897705,1.2799999713897705,1311200,0.0,0.0
2025-05-22 00:00:00-04:00,1.2799999713897705,1.3799999952316284,1.2300000190734863,1.340000033378601,2816900,0.0,0.0
2025-05-23 00:00:00-04:00,1.2999999523162842,1.350000023841858,1.2999999523162842,1.340000033378601,709700,0.0,0.0
2025-05-27 00:00:00-04:00,1.3700000047683716,1.399999976158142,1.350000023841858,1.3899999856948853,886900,0.0,0.0
2025-05-28 00:00:00-04:00,1.3899999856948853,1.399999976158142,1.350000023841858,1.3600000143051147,402100,0.0,0.0
2025-05-29 00:00:00-04:00,1.3600000143051147,1.3700000047683716,1.3350000381469727,1.3600000143051147,606900,0.0,0.0
2025-05-30 00:00:00-04:00,1.3700000047683716,1.440000057220459,1.3200000524520874,1.4199999570846558,759900,0.0,0.0
2025-06-02 00:00:00-04:00,1.4199999570846558,1.5199999809265137,1.4049999713897705,1.4900000095367432,1011900,0.0,0.0
2025-06-03 00:00:00-04:00,1.4900000095367432,1.5099999904632568,1.409999966621399,1.4800000190734863,640300,0.0,0.0
2025-06-04 00:00:00-04:00,1.4900000095367432,1.5,1.4299999475479126,1.440000057220459,350200,0.0,0.0
2025-06-05 00:00:00-04:00,1.4299999475479126,1.4600000381469727,1.3899999856948853,1.4299999475479126,510500,0.0,0.0
2025-06-06 00:00:00-04:00,1.440000057220459,1.5499999523162842,1.4299999475479126,1.5299999713897705,604200,0.0,0.0
2025-06-09 00:00:00-04:00,1.5299999713897705,1.6100000143051147,1.5049999952316284,1.600000023841858,506000,0.0,0.0
2025-06-10 00:00:00-04:00,1.600000023841858,1.6100000143051147,1.524999976158142,1.5299999713897705,551900,0.0,0.0
2025-06-11 00:00:00-04:00,1.5299999713897705,1.590000033378601,1.5099999904632568,1.5299999713897705,692300,0.0,0.0
2025-06-12 00:00:00-04:00,1.5099999904632568,1.5399999618530273,1.4700000286102295,1.5099999904632568,1129700,0.0,0.0
2025-06-13 00:00:00-04:00,1.5199999809265137,1.5800000429153442,1.4500000476837158,1.4500000476837158,405100,0.0,0.0
2025-06-16 00:00:00-04:00,1.4600000381469727,1.5700000524520874,1.4500000476837158,1.5399999618530273,555300,0.0,0.0
2025-06-17 00:00:00-04:00,1.5299999713897705,1.6799999475479126,1.4900000095367432,1.600000023841858,1011100,0.0,0.0
2025-06-18 00:00:00-04:00,1.600000023841858,1.690000057220459,1.5800000429153442,1.6200000047683716,1011300,0.0,0.0
2025-06-20 00:00:00-04:00,1.6699999570846558,1.6699999570846558,1.5800000429153442,1.590000033378601,1166900,0.0,0.0
2025-06-23 00:00:00-04:00,1.6100000143051147,1.690000057220459,1.565000057220459,1.690000057220459,1013900,0.0,0.0
2025-06-24 00:00:00-04:00,1.7100000381469727,1.7599999904632568,1.6449999809265137,1.7300000190734863,1146700,0.0,0.0
2025-06-25 00:00:00-04:00,1.7300000190734863,1.75,1.6100000143051147,1.6200000047683716,662100,0.0,0.0
2025-06-26 00:00:00-04:00,1.6299999952316284,1.690000057220459,1.6200000047683716,1.690000057220459,657400,0.0,0.0
2025-06-27 00:00:00-04:00,1.6799999475479126,1.7000000476837158,1.5499999523162842,1.600000023841858,1845700,0.0,0.0
2025-06-30 00:00:00-04:00,1.6100000143051147,1.6299999952316284,1.559999942779541,1.5700000524520874,360300,0.0,0.0
2025-07-01 00:00:00-04:00,1.5499999523162842,1.559999942779541,1.475000023841858,1.5199999809265137,759200,0.0,0.0
2025-07-02 00:00:00-04:00,1.5199999809265137,1.600000023841858,1.4900000095367432,1.5700000524520874,488600,0.0,0.0
2025-07-03 00:00:00-04:00,1.590000033378601,1.6200000047683716,1.5399999618530273,1.5800000429153442,344400,0.0,0.0
2025-07-07 00:00:00-04:00,1.590000033378601,1.5980000495910645,1.4950000047683716,1.5199999809265137,505500,0.0,0.0
2025-07-08 00:00:00-04:00,1.5299999713897705,1.5700000524520874,1.5199999809265137,1.5499999523162842,356700,0.0,0.0
2025-07-09 00:00:00-04:00,1.5700000524520874,1.6150000095367432,1.5449999570846558,1.559999942779541,546900,0.0,0.0
2025-07-10 00:00:00-04:00,1.5499999523162842,1.6100000143051147,1.4900000095367432,1.5,584300,0.0,0.0
2025-07-11 00:00:00-04:00,1.4900000095367432,1.5099999904632568,1.4299999475479126,1.4900000095367432,832400,0.0,0.0
2025-07-14 00:00:00-04:00,1.4700000286102295,1.5049999952316284,1.440000057220459,1.4600000381469727,598500,0.0,0.0
2025-07-15 00:00:00-04:00,1.4700000286102295,1.4900000095367432,1.3799999952316284,1.3899999856948853,443500,0.0,0.0
2025-07-16 00:00:00-04:00,1.399999976158142,1.4299999475479126,1.3799999952316284,1.4199999570846558,430600,0.0,0.0
2025-07-17 00:00:00-04:00,1.4299999475479126,1.4700000286102295,1.4199999570846558,1.4500000476837158,351500,0.0,0.0
2025-07-18 00:00:00-04:00,1.4700000286102295,1.534999966621399,1.4149999618530273,1.4299999475479126,500600,0.0,0.0
2025-07-21 00:00:00-04:00,1.4199999570846558,1.4950000047683716,1.399999976158142,1.4199999570846558,327700,0.0,0.0
2025-07-22 00:00:00-04:00,1.4299999475479126,1.4850000143051147,1.4199999570846558,1.4600000381469727,305300,0.0,0.0
2025-07-23 00:00:00-04:00,1.4700000286102295,1.565000057220459,1.440000057220459,1.559999942779541,552900,0.0,0.0
2025-07-24 00:00:00-04:00,1.5299999713897705,1.5499999523162842,1.4500000476837158,1.4500000476837158,484400,0.0,0.0
2025-07-25 00:00:00-04:00,1.4500000476837158,1.4800000190734863,1.4199999570846558,1.4600000381469727,257600,0.0,0.0
2025-07-28 00:00:00-04:00,1.4700000286102295,1.5399999618530273,1.4600000381469727,1.4900000095367432,396300,0.0,0.0
2025-07-29 00:00:00-04:00,1.5,1.5,1.399999976158142,1.4199999570846558,681300,0.0,0.0
2025-07-30 00:00:00-04:00,1.4199999570846558,1.437000036239624,1.350000023841858,1.4199999570846558,597700,0.0,0.0
2025-07-31 00:00:00-04:00,1.399999976158142,1.4249999523162842,1.350000023841858,1.3600000143051147,429000,0.0,0.0
2025-08-01 00:00:00-04:00,1.3300000429153442,1.3799999952316284,1.3049999475479126,1.3300000429153442,568800,0.0,0.0
2025-08-04 00:00:00-04:00,1.3300000429153442,1.399999976158142,1.3300000429153442,1.399999976158142,374000,0.0,0.0
2025-08-05 00:00:00-04:00,1.4199999570846558,1.4199999570846558,1.350000023841858,1.399999976158142,398500,0.0,0.0
2025-08-06 00:00:00-04:00,1.4500000476837158,1.4500000476837158,1.399999976158142,1.409999966621399,408300,0.0,0.0
2025-08-07 00:00:00-04:00,1.3899999856948853,1.4900000095367432,1.3700000047683716,1.3899999856948853,630900,0.0,0.0
2025-08-08 00:00:00-04:00,1.5399999618530273,1.7799999713897705,1.5,1.5700000524520874,1296800,0.0,0.0
2025-08-11 00:00:00-04:00,1.5700000524520874,1.600000023841858,1.5,1.5299999713897705,475900,0.0,0.0
2025-08-12 00:00:00-04:00,1.5499999523162842,1.6699999570846558,1.5299999713897705,1.659999966621399,564800,0.0,0.0
2025-08-13 00:00:00-04:00,1.6799999475479126,1.7589999437332153,1.649999976158142,1.7300000190734863,888400,0.0,0.0
2025-08-14 00:00:00-04:00,1.7000000476837158,1.7000000476837158,1.6100000143051147,1.6299999952316284,391800,0.0,0.0
2025-08-15 00:00:00-04:00,1.649999976158142,1.659999966621399,1.6050000190734863,1.6200000047683716,956400,0.0,0.0
2025-08-18 00:00:00-04:00,1.6200000047683716,1.7200000286102295,1.590000033378601,1.6799999475479126,366400,0.0,0.0
2025-08-19 00:00:00-04:00,1.6799999475479126,1.6799999475479126,1.5800000429153442,1.590000033378601,332900,0.0,0.0
2025-08-20 00:00:00-04:00,1.600000023841858,1.625,1.565000057220459,1.6100000143051147,376200,0.0,0.0
2025-08-21 00:00:00-04:00,1.5800000429153442,1.6399999856948853,1.5800000429153442,1.600000023841858,299300,0.0,0.0
2025-08-22 00:00:00-04:00,1.6200000047683716,1.7200000286102295,1.5850000381469727,1.7200000286102295,498500,0.0,0.0
2025-08-25 00:00:00-04:00,1.7200000286102295,1.7300000190734863,1.6349999904632568,1.6399999856948853,208600,0.0,0.0
2025-08-26 00:00:00-04:00,1.6299999952316284,1.6799999475479126,1.6200000047683716,1.649999976158142,299200,0.0,0.0
2025-08-27 00:00:00-04:00,1.6299999952316284,1.6699999570846558,1.6200000047683716,1.6200000047683716,307400,0.0,0.0
2025-08-28 00:00:00-04:00,1.6299999952316284,1.649999976158142,1.600000023841858,1.6299999952316284,256300,0.0,0.0
2025-08-29 00:00:00-04:00,1.6399999856948853,1.649999976158142,1.5499999523162842,1.559999942779541,425900,0.0,0.0
2025-09-02 00:00:00-04:00,1.5399999618530273,1.565000057220459,1.5,1.5399999618530273,420000,0.0,0.0
2025-09-03 00:00:00-04:00,1.5399999618530273,1.600000023841858,1.5399999618530273,1.5499999523162842,252000,0.0,0.0
2025-09-04 00:00:00-04:00,1.559999942779541,1.559999942779541,1.475000023841858,1.5099999904632568,278700,0.0,0.0
2025-09-05 00:00:00-04:00,1.5399999618530273,1.590000033378601,1.5,1.5800000429153442,201900,0.0,0.0
2025-09-08 00:00:00-04:00,1.590000033378601,1.6449999809265137,1.5499999523162842,1.5700000524520874,446600,0.0,0.0
2025-09-09 00:00:00-04:00,1.5800000429153442,1.600000023841858,1.559999942779541,1.5800000429153442,159100,0.0,0.0
2025-09-10 00:00:00-04:00,1.5700000524520874,1.6100000143051147,1.4950000047683716,1.5099999904632568,405500,0.0,0.0
2025-09-11 00:00:00-04:00,1.5099999904632568,1.5700000524520874,1.4800000190734863,1.5700000524520874,354800,0.0,0.0
2025-09-12 00:00:00-04:00,1.5499999523162842,1.5549999475479126,1.5,1.5299999713897705,422000,0.0,0.0
2025-09-15 00:00:00-04:00,1.5299999713897705,1.5800000429153442,1.5199999809265137,1.559999942779541,151800,0.0,0.0
2025-09-16 00:00:00-04:00,1.559999942779541,1.5700000524520874,1.5199999809265137,1.5299999713897705,195300,0.0,0.0
2025-09-17 00:00:00-04:00,1.5299999713897705,1.5800000429153442,1.4800000190734863,1.4800000190734863,214500,0.0,0.0
2025-09-18 00:00:00-04:00,1.5,1.559999942779541,1.4950000047683716,1.5499999523162842,192900,0.0,0.0
2025-09-19 00:00:00-04:00,1.5299999713897705,1.5499999523162842,1.4199999570846558,1.4500000476837158,902400,0.0,0.0
2025-09-22 00:00:00-04:00,1.440000057220459,1.5399999618530273,1.4299999475479126,1.4800000190734863,571300,0.0,0.0
2025-09-23 00:00:00-04:00,1.4900000095367432,1.5399999618530273,1.4600000381469727,1.4800000190734863,444700,0.0,0.0
2025-09-24 00:00:00-04:00,1.4700000286102295,1.4800000190734863,1.440000057220459,1.4600000381469727,145100,0.0,0.0
2025-09-25 00:00:00-04:00,1.4600000381469727,1.4600000381469727,1.3700000047683716,1.3899999856948853,669400,0.0,0.0
2025-09-26 00:00:00-04:00,1.399999976158142,1.399999976158142,1.340000033378601,1.3700000047683716,331700,0.0,0.0
2025-09-29 00:00:00-04:00,1.3700000047683716,1.3949999809265137,1.340000033378601,1.3799999952316284,238300,0.0,0.0
2025-09-30 00:00:00-04:00,1.3899999856948853,1.3899999856948853,1.3300000429153442,1.3600000143051147,526100,0.0,0.0
2025-10-01 00:00:00-04:00,1.340000033378601,1.350000023841858,1.2400000095367432,1.309999942779541,949900,0.0,0.0
2025-10-02 00:00:00-04:00,1.309999942779541,1.3200000524520874,1.2699999809265137,1.2799999713897705,452200,0.0,0.0
2025-10-03 00:00:00-04:00,1.2899999618530273,1.2999999523162842,1.2599999904632568,1.2699999809265137,840800,0.0,0.0
2025-10-06 00:00:00-04:00,1.2799999713897705,1.2999999523162842,1.2000000476837158,1.2400000095367432,3399100,0.0,0.0
2025-10-07 00:00:00-04:00,1.2400000095367432,1.284999966621399,1.2300000190734863,1.2699999809265137,648900,0.0,0.0
2025-10-08 00:00:00-04:00,1.2699999809265137,1.2999999523162842,1.2350000143051147,1.2599999904632568,374300,0.0,0.0
2025-10-09 00:00:00-04:00,1.2400000095367432,1.25,1.184999942779541,1.2000000476837158,722900,0.0,0.0
2025-10-10 00:00:00-04:00,1.2000000476837158,1.2100000381469727,1.1200000047683716,1.149999976158142,3664100,0.0,0.0
2025-10-13 00:00:00-04:00,1.1699999570846558,1.2799999713897705,1.1699999570846558,1.2699999809265137,586000,0.0,0.0
2025-10-14 00:00:00-04:00,1.2599999904632568,1.3300000429153442,1.24399995803833,1.2999999523162842,425400,0.0,0.0
2025-10-15 00:00:00-04:00,1.309999942779541,1.3250000476837158,1.2339999675750732,1.25,355300,0.0,0.0
2025-10-16 00:00:00-04:00,1.2599999904632568,1.2799999713897705,1.2200000286102295,1.2200000286102295,312300,0.0,0.0
2025-10-17 00:00:00-04:00,1.2100000381469727,1.2300000190734863,1.159999966621399,1.159999966621399,526600,0.0,0.0
2025-10-20 00:00:00-04:00,1.2300000190734863,1.2300000190734863,1.190000057220459,1.2000000476837158,18223400,0.0,0.0
2025-10-21 00:00:00-04:00,1.4199999570846558,1.649999976158142,1.2699999809265137,1.4900000095367432,40322800,0.0,0.0
2025-10-22 00:00:00-04:00,1.4500000476837158,1.465000033378601,1.2599999904632568,1.2699999809265137,4647500,0.0,0.0
2025-10-23 00:00:00-04:00,1.274999976158142,1.2999999523162842,1.2300000190734863,1.2599999904632568,1961900,0.0,0.0
2025-10-24 00:00:00-04:00,1.2699999809265137,1.274999976158142,1.1699999570846558,1.1799999475479126,2175300,0.0,0.0
2025-10-27 00:00:00-04:00,1.190000057220459,1.1950000524520874,1.1100000143051147,1.1399999856948853,1886200,0.0,0.0
2025-10-28 00:00:00-04:00,1.1399999856948853,1.190000057220459,1.1200000047683716,1.1399999856948853,1394900,0.0,0.0
2025-10-29 00:00:00-04:00,1.1399999856948853,1.1399999856948853,1.0499999523162842,1.0800000429153442,2143500,0.0,0.0
2025-10-30 00:00:00-04:00,1.0800000429153442,1.0800000429153442,1.034999966621399,1.0499999523162842,1097300,0.0,0.0
2025-10-31 00:00:00-04:00,1.059999942779541,1.1200000047683716,1.0499999523162842,1.090000033378601,1337300,0.0,0.0
2025-11-03 00:00:00-05:00,1.1299999952316284,1.1399999856948853,1.0199999809265137,1.0299999713897705,1555700,0.0,0.0
2025-11-04 00:00:00-05:00,1.0099999904632568,1.0700000524520874,1.0099999904632568,1.0199999809265137,976500,0.0,0.0
2025-11-05 00:00:00-05:00,1.0299999713897705,1.090000033378601,1.0210000276565552,1.0800000429153442,623600,0.0,0.0
2025-11-06 00:00:00-05:00,1.059999942779541,1.0800000429153442,1.031000018119812,1.0700000524520874,1128900,0.0,0.0
2025-11-07 00:00:00-05:00,1.0700000524520874,1.1299999952316284,1.0499999523162842,1.1100000143051147,1016900,0.0,0.0
2025-11-10 00:00:00-05:00,1.1100000143051147,1.1649999618530273,1.0499999523162842,1.1100000143051147,2260000,0.0,0.0
2025-11-11 00:00:00-05:00,1.0299999713897705,1.1449999809265137,0.9700000286102295,1.100000023841858,1805600,0.0,0.0
2025-11-12 00:00:00-05:00,1.0700000524520874,1.1100000143051147,1.034999966621399,1.0850000381469727,671900,0.0,0.0
2025-11-13 00:00:00-05:00,1.090000033378601,1.090000033378601,1.0099999904632568,1.0399999618530273,972500,0.0,0.0
2025-11-14 00:00:00-05:00,1.0099999904632568,1.0800000429153442,1.0,1.0700000524520874,910200,0.0,0.0
2025-11-17 00:00:00-05:00,1.0499999523162842,1.0549999475479126,0.9610000252723694,0.9629999995231628,860800,0.0,0.0
2025-11-18 00:00:00-05:00,0.9599999785423279,0.968999981880188,0.9210000038146973,0.9300000071525574,809700,0.0,0.0
2025-11-19 00:00:00-05:00,0.9470000267028809,0.9490000009536743,0.8970000147819519,0.9179999828338623,1053400,0.0,0.0
2025-11-20 00:00:00-05:00,0.9390000104904175,0.972000002861023,0.8740000128746033,0.8769999742507935,934100,0.0,0.0
2025-11-21 00:00:00-05:00,0.8799999952316284,0.9800000190734863,0.8659999966621399,0.9679999947547913,1022700,0.0,0.0
2025-11-24 00:00:00-05:00,0.9679999947547913,1.0299999713897705,0.9649999737739563,1.0199999809265137,712600,0.0,0.0
2025-11-25 00:00:00-05:00,1.0199999809265137,1.0299999713897705,0.9860000014305115,1.0149999856948853,389000,0.0,0.0
2025-11-26 00:00:00-05:00,0.9929999709129333,1.0449999570846558,0.9929999709129333,1.0399999618530273,529500,0.0,0.0
2025-11-28 00:00:00-05:00,1.0199999809265137,1.0299999713897705,0.9800000190734863,1.0299999713897705,337900,0.0,0.0
2025-12-01 00:00:00-05:00,1.0099999904632568,1.0149999856948853,0.9620000123977661,0.9670000076293945,418700,0.0,0.0
2025-12-02 00:00:00-05:00,0.9800000190734863,1.0,0.9599999785423279,0.9599999785423279,242100,0.0,0.0
2025-12-03 00:00:00-05:00,0.9649999737739563,1.0800000429153442,0.9599999785423279,1.0800000429153442,801100,0.0,0.0
2025-12-04 00:00:00-05:00,1.059999942779541,1.100000023841858,1.034000039100647,1.0499999523162842,662400,0.0,0.0
2025-12-05 00:00:00-05:00,1.0499999523162842,1.059999942779541,1.0199999809265137,1.0499999523162842,411100,0.0,0.0
2025-12-08 00:00:00-05:00,1.0800000429153442,1.0800000429153442,0.9919999837875366,1.0099999904632568,413000,0.0,0.0
2025-12-09 00:00:00-05:00,1.0,1.0299999713897705,0.9929999709129333,0.9950000047683716,430000,0.0,0.0
2025-12-10 00:00:00-05:00,0.9900000095367432,1.0299999713897705,0.9800000190734863,0.9800000190734863,1153600,0.0,0.0
2025-12-11 00:00:00-05:00,0.9950000047683716,1.0,0.9300000071525574,0.9399999976158142,1290500,0.0,0.0
2025-12-12 00:00:00-05:00,0.9300000071525574,0.9700000286102295,0.9190000295639038,0.9190000295639038,760100,0.0,0.0
2025-12-15 00:00:00-05:00,0.9340000152587891,0.9649999737739563,0.9039999842643738,0.9200000166893005,643200,0.0,0.0
2025-12-16 00:00:00-05:00,0.9229999780654907,0.9399999976158142,0.9039999842643738,0.9150000214576721,1125300,0.0,0.0
2025-12-17 00:00:00-05:00,0.9010000228881836,0.9599999785423279,0.8830000162124634,0.9409999847412109,639900,0.0,0.0
2025-12-18 00:00:00-05:00,0.9300000071525574,0.9909999966621399,0.9300000071525574,0.9399999976158142,449900,0.0,0.0
2025-12-19 00:00:00-05:00,0.9399999976158142,0.9580000042915344,0.8859999775886536,0.8899999856948853,1361400,0.0,0.0
2025-12-22 00:00:00-05:00,0.8989999890327454,0.9300000071525574,0.8759999871253967,0.8790000081062317,549000,0.0,0.0
2025-12-23 00:00:00-05:00,0.8610000014305115,0.8999999761581421,0.8610000014305115,0.8799999952316284,1342000,0.0,0.0
2025-12-24 00:00:00-05:00,0.875,0.9319999814033508,0.875,0.9160000085830688,422800,0.0,0.0
2025-12-26 00:00:00-05:00,0.9150000214576721,0.9290000200271606,0.8880000114440918,0.9269999861717224,582300,0.0,0.0
2025-12-29 00:00:00-05:00,0.8799999952316284,0.9169999957084656,0.8799999952316284,0.8859999775886536,473600,0.0,0.0
2025-12-30 00:00:00-05:00,0.8730000257492065,0.8999999761581421,0.8650000095367432,0.8799999952316284,835300,0.0,0.0
2025-12-31 00:00:00-05:00,0.8989999890327454,0.9179999828338623,0.8700000047683716,0.878000020980835,821100,0.0,0.0
2026-01-02 00:00:00-05:00,0.8899999856948853,0.9200000166893005,0.8809999823570251,0.8880000114440918,470500,0.0,0.0
2026-01-05 00:00:00-05:00,0.9049999713897705,0.9300000071525574,0.8809999823570251,0.8939999938011169,499400,0.0,0.0
2026-01-06 00:00:00-05:00,0.8880000114440918,0.9369999766349792,0.8880000114440918,0.9359999895095825,528200,0.0,0.0
2026-01-07 00:00:00-05:00,0.9200000166893005,0.9290000200271606,0.8999999761581421,0.9070000052452087,349300,0.0,0.0
2026-01-08 00:00:00-05:00,0.9020000100135803,0.9300000071525574,0.9020000100135803,0.9049999713897705,473500,0.0,0.0
2026-01-09 00:00:00-05:00,0.9200000166893005,0.9470000267028809,0.8930000066757202,0.8939999938011169,494700,0.0,0.0
2026-01-12 00:00:00-05:00,0.8899999856948853,0.9150000214576721,0.8510000109672546,0.8970000147819519,974900,0.0,0.0
2026-01-13 00:00:00-05:00,0.8999999761581421,0.9200000166893005,0.8629999756813049,0.8709999918937683,421000,0.0,0.0
2026-01-14 00:00:00-05:00,0.8650000095367432,0.8880000114440918,0.8399999737739563,0.8859999775886536,762200,0.0,0.0
2026-01-15 00:00:00-05:00,0.875,0.9190000295639038,0.871999979019165,0.8970000147819519,547500,0.0,0.0
2026-01-16 00:00:00-05:00,0.8859999775886536,0.8939999938011169,0.8320000171661377,0.8320000171661377,1312400,0.0,0.0
2026-01-20 00:00:00-05:00,0.8230000138282776,0.8410000205039978,0.8100000023841858,0.8119999766349792,621700,0.0,0.0
2026-01-21 00:00:00-05:00,0.8349999785423279,0.8529999852180481,0.8119999766349792,0.8519999980926514,572800,0.0,0.0
2026-01-22 00:00:00-05:00,0.847000002861023,0.8519999980926514,0.8420000076293945,0.8500000238418579,434800,0.0,0.0
2026-01-23 00:00:00-05:00,0.8500000238418579,0.8539999723434448,0.8299999833106995,0.8399999737739563,401400,0.0,0.0
2026-01-26 00:00:00-05:00,0.8360000252723694,0.8460000157356262,0.7900000214576721,0.8040000200271606,1518700,0.0,0.0
2026-01-27 00:00:00-05:00,0.8059999942779541,0.949999988079071,0.8059999942779541,0.871999979019165,2077300,0.0,0.0
2026-01-28 00:00:00-05:00,0.8790000081062317,0.8799999952316284,0.8130000233650208,0.8240000009536743,662800,0.0,0.0
2026-01-29 00:00:00-05:00,0.8299999833106995,0.8299999833106995,0.7900000214576721,0.8059999942779541,687700,0.0,0.0
2026-01-30 00:00:00-05:00,0.7950000166893005,0.8059999942779541,0.7409999966621399,0.7670000195503235,1037200,0.0,0.0
2026-02-02 00:00:00-05:00,0.7649999856948853,0.7929999828338623,0.75,0.7770000100135803,841500,0.0,0.0
2026-02-03 00:00:00-05:00,0.7760000228881836,0.8009999990463257,0.7009999752044678,0.7179999947547913,1502000,0.0,0.0
2026-02-04 00:00:00-05:00,0.7200000286102295,0.7250000238418579,0.6700000166893005,0.6850000023841858,841400,0.0,0.0
2026-02-05 00:00:00-05:00,0.6779999732971191,0.7390000224113464,0.6600000262260437,0.6959999799728394,1308600,0.0,0.0
2026-02-06 00:00:00-05:00,0.7300000190734863,0.7870000004768372,0.6869999766349792,0.777999997138977,724100,0.0,0.0
2026-02-09 00:00:00-05:00,0.7699999809265137,0.7699999809265137,0.7160000205039978,0.7289999723434448,445000,0.0,0.0
2026-02-10 00:00:00-05:00,0.7200000286102295,0.7940000295639038,0.7129999995231628,0.7599999904632568,651600,0.0,0.0
2026-02-11 00:00:00-05:00,0.7519999742507935,0.7580000162124634,0.6899999976158142,0.7269999980926514,798900,0.0,0.0
2026-02-12 00:00:00-05:00,0.7390000224113464,0.7390000224113464,0.6660000085830688,0.7099999785423279,785100,0.0,0.0
2026-02-13 00:00:00-05:00,0.699999988079071,0.7649999856948853,0.699999988079071,0.7450000047683716,349500,0.0,0.0
2026-02-17 00:00:00-05:00,0.7450000047683716,0.7990000247955322,0.7400000095367432,0.7960000038146973,489900,0.0,0.0
2026-02-18 00:00:00-05:00,0.7860000133514404,0.8450000286102295,0.7599999904632568,0.8130000233650208,512200,0.0,0.0
2026-02-19 00:00:00-05:00,0.8100000023841858,0.8100000023841858,0.7590000033378601,0.8080000281333923,336100,0.0,0.0
2026-02-20 00:00:00-05:00,0.8100000023841858,0.8190000057220459,0.7770000100135803,0.7919999957084656,249800,0.0,0.0
2026-02-23 00:00:00-05:00,0.765999972820282,0.7879999876022339,0.7310000061988831,0.7409999966621399,410700,0.0,0.0
2026-02-24 00:00:00-05:00,0.7369999885559082,0.7620000243186951,0.7160000205039978,0.7419999837875366,543700,0.0,0.0
2026-02-25 00:00:00-05:00,0.7452999949455261,0.7660999894142151,0.7053999900817871,0.7199000120162964,791558,0.0,0.0
