Date,Open,High,Low,Close,Volume,Dividends,Stock Splits
2022-01-03 00:00:00-05:00,496.1252093353598,499.8448827684966,483.57612419539066,489.1172790527344,203700,0.0,0.0
2022-01-04 00:00:00-05:00,487.3724518641161,501.59919260521303,487.3724518641161,498.96282958984375,198400,0.0,0.0
2022-01-05 00:00:00-05:00,498.22480870083393,502.26080433958015,487.17125607200006,487.34381103515625,236400,0.0,0.0
2022-01-06 00:00:00-05:00,488.7913092423111,493.2107985929499,485.4647263141697,489.0501708984375,206300,0.0,0.0
2022-01-07 00:00:00-05:00,487.9668700447564,489.87462899581254,484.5539803275973,484.7457275390625,175100,0.0,0.0
2022-01-10 00:00:00-05:00,480.9589250865028,481.38074553383956,474.8904800298047,479.43463134765625,196900,0.0,0.0
2022-01-11 00:00:00-05:00,479.43459669121654,485.6468078183627,470.9598915776734,485.0716247558594,194700,0.0,0.0
2022-01-12 00:00:00-05:00,487.63139986283426,493.75733507215693,486.65355915399755,488.3887634277344,244000,0.0,0.0
2022-01-13 00:00:00-05:00,490.7469600738289,494.907616520295,484.8990220245515,487.1711120605469,239500,0.0,0.0
2022-01-14 00:00:00-05:00,483.3844107994349,484.93746379876814,470.69152899597725,483.7103576660156,307100,0.0,0.0
2022-01-18 00:00:00-05:00,479.8852038630488,494.30369241838264,471.458420434521,485.8865051269531,362000,0.0,0.0
2022-01-19 00:00:00-05:00,491.8782185545796,491.8782185545796,475.983330821447,476.7598571777344,183700,0.0,0.0
2022-01-20 00:00:00-05:00,477.4501592652054,481.9942813017592,469.97248638777313,470.67230224609375,252700,0.0,0.0
2022-01-21 00:00:00-05:00,471.46800873116723,481.9847019161426,469.9820410749056,472.580078125,262800,0.0,0.0
2022-01-24 00:00:00-05:00,466.6458750402635,473.98934829197486,459.86801800977383,473.6346130371094,335800,0.0,0.0
2022-01-25 00:00:00-05:00,467.25944215873403,470.2601076363944,456.330523702868,466.16656494140625,297600,0.0,0.0
2022-01-26 00:00:00-05:00,467.95924805863837,472.75263551052205,457.4041995275056,461.1430358886719,625800,0.0,0.0
2022-01-27 00:00:00-05:00,465.8597194746671,467.9208701279501,457.3466590909636,461.67987060546875,313100,0.0,0.0
2022-01-28 00:00:00-05:00,462.4276518196018,475.26435722582266,456.04288559534183,474.54534912109375,233600,0.0,0.0
2022-01-31 00:00:00-05:00,470.72032393273724,476.16560598219195,468.00724979010965,474.65087890625,515300,0.0,0.0
2022-02-01 00:00:00-05:00,478.4854974530623,482.20517071338617,469.8190741990143,474.52618408203125,249800,0.0,0.0
2022-02-02 00:00:00-05:00,474.545377068739,482.320237789303,470.3655570835442,480.4316711425781,358600,0.0,0.0
2022-02-03 00:00:00-05:00,492.18503844304666,503.71789802582566,485.6372549134919,486.6054992675781,565700,0.0,0.0
2022-02-04 00:00:00-05:00,485.3975628318491,489.40482746316746,466.85674486733654,467.5278015136719,456100,0.0,0.0
2022-02-07 00:00:00-05:00,467.7003575769044,468.7549086026056,457.31789386910185,458.5545959472656,356500,0.0,0.0
2022-02-08 00:00:00-05:00,459.65712004663976,463.99033198352276,456.75232827845707,462.3797607421875,316300,0.0,0.0
2022-02-09 00:00:00-05:00,465.98433927809293,472.5129301497984,461.3826701208536,469.0137634277344,293600,0.0,0.0
2022-02-10 00:00:00-05:00,462.063436424455,463.7698813683234,450.03201508834155,453.9530029296875,388900,0.0,0.0
2022-02-11 00:00:00-05:00,453.95295557149774,454.3954528871814,441.4473643471757,449.903076171875,457600,1.62,0.0
2022-02-14 00:00:00-05:00,448.44089259984656,452.99098506029804,444.69882084292476,448.65252685546875,271400,0.0,0.0
2022-02-15 00:00:00-05:00,453.5682087409037,455.19393807306994,449.63376056967587,451.7789611816406,226900,0.0,0.0
2022-02-16 00:00:00-05:00,450.26864594493765,457.358349771524,448.23887695001423,456.74267578125,174800,0.0,0.0
2022-02-17 00:00:00-05:00,455.1843372481905,457.5508013603085,449.45101208128415,453.44317626953125,295700,0.0,0.0
2022-02-18 00:00:00-05:00,451.9039689062318,458.3010834438118,450.28786873875845,455.90576171875,238800,0.0,0.0
2022-02-22 00:00:00-05:00,456.0307794531206,458.35875611307983,450.10505003926386,454.2319030761719,341000,0.0,0.0
2022-02-23 00:00:00-05:00,455.8191793909659,459.76325636219264,444.2851857395704,444.8046569824219,322400,0.0,0.0
2022-02-24 00:00:00-05:00,438.397965316775,449.2393409857659,436.4163123282205,448.5467224121094,494300,0.0,0.0
2022-02-25 00:00:00-05:00,448.96036151257664,458.86865580443856,447.50780887498246,458.5800476074219,232000,0.0,0.0
2022-02-28 00:00:00-05:00,452.28876943609174,459.0321490590438,450.21091382979614,458.9167175292969,378100,0.0,0.0
2022-03-01 00:00:00-05:00,458.75313583799965,461.72561474549,444.8911673245614,448.6332092285156,310600,0.0,0.0
2022-03-02 00:00:00-05:00,450.51868247741226,464.06321503020246,448.6428615674224,462.55291748046875,327500,0.0,0.0
2022-03-03 00:00:00-05:00,465.0348508733429,467.5648035082483,461.68718973993265,462.9954528808594,344600,0.0,0.0
2022-03-04 00:00:00-05:00,457.98360870063107,469.5464602357774,454.66483477922844,469.4502868652344,281000,0.0,0.0
2022-03-07 00:00:00-05:00,464.57315274880546,486.60222946358624,463.96710778840514,472.2977600097656,406800,0.0,0.0
2022-03-08 00:00:00-05:00,475.02980453596956,484.3416553519109,470.6336001320804,471.441650390625,266500,0.0,0.0
2022-03-09 00:00:00-05:00,477.13638341312884,479.5509337798666,468.3343773727644,468.8730773925781,254000,0.0,0.0
2022-03-10 00:00:00-05:00,462.4664259581544,467.718766538481,454.3570373286755,466.3143005371094,261600,0.0,0.0
2022-03-11 00:00:00-05:00,468.4690955940995,470.86441745506136,453.81833208933557,454.29931640625,283300,0.0,0.0
2022-03-14 00:00:00-04:00,455.2708781830548,468.9404734091844,452.07716467619014,465.015625,319900,0.0,0.0
2022-03-15 00:00:00-04:00,471.68206510714543,480.8592540509943,469.22905684510994,478.81988525390625,298800,0.0,0.0
2022-03-16 00:00:00-04:00,482.80249245136946,488.0259755280277,464.3711683495669,472.4997863769531,260500,0.0,0.0
2022-03-17 00:00:00-04:00,472.51905386248126,481.2729458559255,470.5181424559552,479.1470031738281,192000,0.0,0.0
2022-03-18 00:00:00-04:00,479.08926876708455,483.7259649301108,469.5850133480862,482.8601989746094,455100,0.0,0.0
2022-03-21 00:00:00-04:00,486.6503019063442,487.8527626384574,482.4561036071185,487.0062255859375,228600,0.0,0.0
2022-03-22 00:00:00-04:00,486.8138322289549,488.61270883180686,480.9265890352749,483.6008605957031,241300,0.0,0.0
2022-03-23 00:00:00-04:00,480.88813392501277,486.6599459649776,476.4246145463895,485.62103271484375,432100,0.0,0.0
2022-03-24 00:00:00-04:00,488.3914622178962,489.77669932848534,479.5990552619888,482.1771240234375,307300,0.0,0.0
2022-03-25 00:00:00-04:00,486.03466308045705,488.2856662109789,481.3306222647978,487.09283447265625,202900,0.0,0.0
2022-03-28 00:00:00-04:00,486.02503060158773,493.73040887073654,483.4084747032406,493.5860900878906,270700,0.0,0.0
2022-03-29 00:00:00-04:00,496.5489293955211,500.46414852092056,490.17107307958395,499.1366271972656,210800,0.0,0.0
2022-03-30 00:00:00-04:00,499.06921614797966,504.3312140588547,494.6730133207766,500.8392639160156,167300,0.0,0.0
2022-03-31 00:00:00-04:00,500.1755278507293,506.0146836275735,496.1737060546875,496.1737060546875,320500,0.0,0.0
2022-04-01 00:00:00-04:00,499.29063590675196,500.223717350672,488.2953115006238,497.86688232421875,255400,0.0,0.0
2022-04-04 00:00:00-04:00,497.7417697171748,499.7907675040682,493.826550523427,499.57916259765625,190300,0.0,0.0
2022-04-05 00:00:00-04:00,497.09726008777017,505.19701903237495,495.7409102339843,499.11737060546875,235200,0.0,0.0
2022-04-06 00:00:00-04:00,497.6456191872704,506.870865477896,496.2411238491379,506.1109313964844,294600,0.0,0.0
2022-04-07 00:00:00-04:00,506.67845055917553,507.0728318106733,496.866360101152,501.589599609375,345700,0.0,0.0
2022-04-08 00:00:00-04:00,501.19529089748255,504.3216889798333,494.9713232607714,498.8288269042969,249700,0.0,0.0
2022-04-11 00:00:00-04:00,498.0977537903994,502.78253667878744,496.32776425595466,498.9346618652344,177100,0.0,0.0
2022-04-12 00:00:00-04:00,498.4151802621462,509.4008455412265,498.4151802621462,503.590576171875,287000,0.0,0.0
2022-04-13 00:00:00-04:00,503.35007817412117,509.7567633206809,502.62860171233314,507.0632629394531,228600,0.0,0.0
2022-04-14 00:00:00-04:00,498.2612580158368,501.0317321743186,472.6440011297342,472.7402038574219,532600,0.0,0.0
2022-04-18 00:00:00-04:00,470.03709613661886,476.1071156992838,468.4883407704177,471.92254638671875,287800,0.0,0.0
2022-04-19 00:00:00-04:00,474.7218660360212,489.59392144758414,471.4896656925251,488.4203186035156,308700,0.0,0.0
2022-04-20 00:00:00-04:00,492.4605703392949,500.69501907275253,491.2100229224239,491.8352966308594,229100,0.0,0.0
2022-04-21 00:00:00-04:00,495.5292770624129,500.13708567309305,487.4872333895213,492.518310546875,245000,0.0,0.0
2022-04-22 00:00:00-04:00,489.6612447261909,491.42166369877276,480.1185326828743,480.3493957519531,225800,0.0,0.0
2022-04-25 00:00:00-04:00,477.4635079511276,477.4635079511276,463.7843128106978,473.4713439941406,426700,0.0,0.0
2022-04-26 00:00:00-04:00,470.8836833680224,477.3673430767599,467.3725034492331,473.4136657714844,318100,0.0,0.0
2022-04-27 00:00:00-04:00,473.4136479761625,483.59126362450684,473.24050066060533,476.85748291015625,529600,0.0,0.0
2022-04-28 00:00:00-04:00,484.17805494711916,500.04090816494016,482.29257530680155,495.34649658203125,450200,0.0,0.0
2022-04-29 00:00:00-04:00,494.5192630540521,497.02035822085384,479.397113720084,481.0132141113281,422500,0.0,0.0
2022-05-02 00:00:00-04:00,485.22659233015423,488.449193059903,462.6876747396032,472.1534423828125,387500,0.0,0.0
2022-05-03 00:00:00-04:00,473.2500200838017,473.58671493377983,462.3797876607298,465.5831298828125,452500,0.0,0.0
2022-05-04 00:00:00-04:00,467.0454083663256,486.47715747011284,467.03577928560645,485.8422546386719,442600,0.0,0.0
2022-05-05 00:00:00-04:00,480.18592079129473,482.43692398846684,459.8595178062589,464.76556396484375,321800,0.0,0.0
2022-05-06 00:00:00-04:00,460.10256046915106,465.22886083543443,454.07844014308586,461.3865661621094,299700,1.72,0.0
2022-05-09 00:00:00-04:00,455.806585658687,463.41395656362914,455.806585658687,460.3246765136719,387500,0.0,0.0
2022-05-10 00:00:00-04:00,463.0856716190357,463.0856716190357,447.77435557388094,453.0937194824219,265100,0.0,0.0
2022-05-11 00:00:00-04:00,453.6826952198959,455.65213082895997,441.45099370373583,443.294921875,431000,0.0,0.0
2022-05-12 00:00:00-04:00,441.5958553573847,455.2177146278423,439.84844406567424,453.0069274902344,373200,0.0,0.0
2022-05-13 00:00:00-04:00,456.68508204053256,462.26512492148197,453.8950753309774,460.8170166015625,345000,0.0,0.0
2022-05-16 00:00:00-04:00,459.29165215510596,460.5177064952178,450.4485345182861,457.5635681152344,244100,0.0,0.0
2022-05-17 00:00:00-04:00,463.9255710390445,467.43966097196187,458.5193241604575,465.50885009765625,201400,0.0,0.0
2022-05-18 00:00:00-04:00,459.9385246425809,461.0873301410607,448.95220478047446,449.6665954589844,316900,0.0,0.0
2022-05-19 00:00:00-04:00,445.1871178518465,456.0768909932122,442.2715743113484,450.8057556152344,300300,0.0,0.0
2022-05-20 00:00:00-04:00,454.07848605998237,455.99963359091333,442.5322444468442,448.469482421875,270600,0.0,0.0
2022-05-23 00:00:00-04:00,453.72129054130386,455.9030869518968,447.4268277834839,450.94091796875,209500,0.0,0.0
2022-05-24 00:00:00-04:00,450.6223159224427,457.3898179246597,446.5676304879046,455.6810607910156,248800,0.0,0.0
2022-05-25 00:00:00-04:00,451.915944212744,456.4147372761208,448.49843003278494,453.02618408203125,282600,0.0,0.0
2022-05-26 00:00:00-04:00,457.3221734804604,463.9834646980035,455.17897236227685,460.9134826660156,207900,0.0,0.0
2022-05-27 00:00:00-04:00,463.3753568322484,473.4445294379292,463.3753568322484,473.42523193359375,202800,0.0,0.0
2022-05-31 00:00:00-04:00,469.02296984602174,472.27641132835373,463.31744891777424,470.2200927734375,454300,0.0,0.0
2022-06-01 00:00:00-04:00,471.5040960887712,479.71004380957316,465.5185989577616,477.2868957519531,274400,0.0,0.0
2022-06-02 00:00:00-04:00,478.8411261028107,484.5370126378758,476.64966623275495,481.42840576171875,192100,0.0,0.0
2022-06-03 00:00:00-04:00,479.41075408614876,484.1219380368246,476.6593422870539,479.1114807128906,234600,0.0,0.0
2022-06-06 00:00:00-04:00,481.52506514201735,484.46954081122215,479.24672177835697,481.476806640625,161100,0.0,0.0
2022-06-07 00:00:00-04:00,477.54746322224645,489.6632898296796,474.8733007331844,489.62469482421875,176300,0.0,0.0
2022-06-08 00:00:00-04:00,486.4002061468813,491.1693113409039,480.43400764421426,481.2546081542969,210900,0.0,0.0
2022-06-09 00:00:00-04:00,481.8821758255405,485.9175639657195,477.1903189802475,477.3158264160156,176200,0.0,0.0
2022-06-10 00:00:00-04:00,473.81140499145084,476.60141175117514,466.33914589225157,471.8323059082031,334100,0.0,0.0
2022-06-13 00:00:00-04:00,465.5957829577977,468.16376523130106,454.6770486501906,461.64727783203125,384500,0.0,0.0
2022-06-14 00:00:00-04:00,460.08327972881136,464.3503552946191,450.26509339562307,453.6440124511719,267200,0.0,0.0
2022-06-15 00:00:00-04:00,455.4783427200354,461.6183375540761,450.88303217451346,456.69476318359375,397600,0.0,0.0
2022-06-16 00:00:00-04:00,448.1798959703309,453.1517584869011,437.9466199593714,439.9256896972656,461000,0.0,0.0
2022-06-17 00:00:00-04:00,437.00048646821193,439.6263907827638,425.2418537605853,426.796142578125,583000,0.0,0.0
2022-06-21 00:00:00-04:00,431.84517348845185,436.8363031723753,430.57083122206603,434.2779846191406,294800,0.0,0.0
2022-06-22 00:00:00-04:00,426.709167261663,435.29163501636606,426.709167261663,434.00762939453125,318400,0.0,0.0
2022-06-23 00:00:00-04:00,434.84756027967353,436.5273857600506,426.1878724037463,430.6480407714844,239700,0.0,0.0
2022-06-24 00:00:00-04:00,435.86133093324,445.3898794921976,434.3070125969438,445.00372314453125,348300,0.0,0.0
2022-06-27 00:00:00-04:00,445.7567220920953,450.9312817783291,444.01897439815366,448.0929870605469,181400,0.0,0.0
2022-06-28 00:00:00-04:00,448.8074238646051,452.76556325812146,434.0367004963464,435.0600280761719,311500,0.0,0.0
2022-06-29 00:00:00-04:00,436.78807783966533,438.8733573079006,431.81624528110916,438.245849609375,211300,0.0,0.0
2022-06-30 00:00:00-04:00,434.0946214510814,442.3488569949411,431.2080681395023,438.7092590332031,312500,0.0,0.0
2022-07-01 00:00:00-04:00,439.5780910775799,447.6488967031872,435.4751175371294,445.3512268066406,281100,0.0,0.0
2022-07-05 00:00:00-04:00,439.15330215266584,440.87172268638557,431.2659266115824,439.4236145019531,357800,0.0,0.0
2022-07-06 00:00:00-04:00,441.30617335992804,456.60785697908545,441.30617335992804,453.8564453125,421700,0.0,0.0
2022-07-07 00:00:00-04:00,454.6673612581237,457.8049291001892,451.1918956022375,457.4284362792969,265500,0.0,0.0
2022-07-08 00:00:00-04:00,457.8145927029458,460.9231995596041,452.4951990245993,458.693115234375,213500,0.0,0.0
2022-07-11 00:00:00-04:00,456.20234214009065,462.34233623701414,456.20234214009065,461.183837890625,248600,0.0,0.0
2022-07-12 00:00:00-04:00,458.02697577620603,466.3005077652727,456.01891589019,457.7663269042969,314200,0.0,0.0
2022-07-13 00:00:00-04:00,448.575590829212,448.575590829212,438.16852231510245,438.6319274902344,635300,0.0,0.0
2022-07-14 00:00:00-04:00,430.4743357494904,441.41239730486495,426.3520645912075,440.5628356933594,336600,0.0,0.0
2022-07-15 00:00:00-04:00,446.95376195561886,447.52334763517683,439.86768949452915,441.5764465332031,314300,0.0,0.0
2022-07-18 00:00:00-04:00,442.80252838897275,445.6890812415241,436.8073393634392,437.5796813964844,358500,0.0,0.0
2022-07-19 00:00:00-04:00,443.063225992577,451.44293910554444,440.8234780431138,449.8114013671875,292900,0.0,0.0
2022-07-20 00:00:00-04:00,450.66094616262836,455.70036413009996,446.615894697271,455.14044189453125,212400,0.0,0.0
2022-07-21 00:00:00-04:00,453.9818771417979,457.071186123456,450.3036850236564,456.9456787109375,258700,0.0,0.0
2022-07-22 00:00:00-04:00,459.4268331066552,462.38097155122284,454.71564959818875,457.4863586425781,220200,0.0,0.0
2022-07-25 00:00:00-04:00,457.0228873047175,465.7887843910701,455.3334279403429,465.44122314453125,214100,0.0,0.0
2022-07-26 00:00:00-04:00,463.3078181180848,463.91602837715897,457.2836964317156,462.9795837402344,272200,0.0,0.0
2022-07-27 00:00:00-04:00,462.0623475198396,472.7976513113136,456.62711017238286,470.7413330078125,390700,0.0,0.0
2022-07-28 00:00:00-04:00,474.2072366212335,485.52179129132713,472.02541056451446,484.51776123046875,480000,0.0,0.0
2022-07-29 00:00:00-04:00,502.0109068907636,525.9722807097374,501.15168177382475,524.7269287109375,773700,0.0,0.0
2022-08-01 00:00:00-04:00,522.2747255978862,534.3809485938358,516.974658692857,530.5868530273438,450400,0.0,0.0
2022-08-02 00:00:00-04:00,530.9730060229639,531.021264511504,520.6334922749761,521.560302734375,376400,0.0,0.0
2022-08-03 00:00:00-04:00,522.2844807819405,526.6963918771332,516.5789590532405,524.234619140625,318600,0.0,0.0
2022-08-04 00:00:00-04:00,525.8178016382067,528.1637891591381,522.2941064621575,524.5435180664062,202600,0.0,0.0
2022-08-05 00:00:00-04:00,520.1658620712487,538.8961212390717,520.1658620712487,538.4893798828125,327700,1.72,0.0
2022-08-08 00:00:00-04:00,542.2955168007436,546.2468962597275,540.232668200812,544.5617065429688,260700,0.0,0.0
2022-08-09 00:00:00-04:00,542.3440161544032,548.4453745139789,539.7291313972116,540.3779907226562,238900,0.0,0.0
2022-08-10 00:00:00-04:00,549.268546108828,551.7865479576011,545.714213718417,547.1572265625,241800,0.0,0.0
2022-08-11 00:00:00-04:00,549.6171836622589,553.8009869751169,547.8158411432062,548.50341796875,206200,0.0,0.0
2022-08-12 00:00:00-04:00,549.1231329639731,561.9650696582111,549.1231329639731,561.5970458984375,209200,0.0,0.0
2022-08-15 00:00:00-04:00,556.2318797987608,569.8776084752769,555.4861379188261,564.4251098632812,257800,0.0,0.0
2022-08-16 00:00:00-04:00,561.8392491964001,570.0615609175971,561.8392491964001,565.771240234375,200300,0.0,0.0
2022-08-17 00:00:00-04:00,561.3549254280192,568.8411883423631,559.8828303959712,565.2772216796875,252300,0.0,0.0
2022-08-18 00:00:00-04:00,567.504713183711,569.8096792805321,564.2506642625949,567.107666015625,215500,0.0,0.0
2022-08-19 00:00:00-04:00,565.6743768358448,566.1489182725098,560.8513499995453,565.5,183600,0.0,0.0
2022-08-22 00:00:00-04:00,559.5149877382216,562.1589549724365,553.5976414092559,554.4014892578125,210200,0.0,0.0
2022-08-23 00:00:00-04:00,553.1715144932575,561.3841334556209,553.1715144932575,558.5562133789062,202700,0.0,0.0
2022-08-24 00:00:00-04:00,559.7472980088088,561.0160520881819,556.0865074343744,560.7835693359375,207000,0.0,0.0
2022-08-25 00:00:00-04:00,561.6940118072168,565.8390976849589,558.5464798236162,564.8900146484375,184600,0.0,0.0
2022-08-26 00:00:00-04:00,564.3087527538848,565.9357771642344,548.0674729359871,548.3870849609375,233600,0.0,0.0
2022-08-29 00:00:00-04:00,542.4988801251274,551.2635930459286,541.0558672854055,547.6221313476562,200900,0.0,0.0
2022-08-30 00:00:00-04:00,544.5908679084838,545.0169977070437,532.7948928479732,538.8478393554688,328600,0.0,0.0
2022-08-31 00:00:00-04:00,538.2859856414684,542.7894004522403,535.1675366907807,537.4434204101562,367100,0.0,0.0
2022-09-01 00:00:00-04:00,534.7124424440316,541.3174247052611,533.5309356698752,539.4869995117188,292700,0.0,0.0
2022-09-02 00:00:00-04:00,542.5375963265204,547.9803999248874,535.0997443534222,537.8017578125,196000,0.0,0.0
2022-09-06 00:00:00-04:00,538.2958633782331,544.6296460278566,534.8093303358655,543.699951171875,336900,0.0,0.0
2022-09-07 00:00:00-04:00,544.9394468134517,557.3455623216034,541.5788796348895,555.6895141601562,290300,0.0,0.0
2022-09-08 00:00:00-04:00,553.8105821580671,555.4957125431287,547.8544607935528,552.7936401367188,210300,0.0,0.0
2022-09-09 00:00:00-04:00,558.4785190709944,558.8853194931629,552.4643513649336,554.68212890625,273000,0.0,0.0
2022-09-12 00:00:00-04:00,555.1471060663965,555.466718155547,546.0822286261182,550.1885375976562,295600,0.0,0.0
2022-09-13 00:00:00-04:00,542.3439821409048,546.2081735559303,536.988306944078,539.5838623046875,484200,0.0,0.0
2022-09-14 00:00:00-04:00,540.1843341480625,542.1018886843151,527.5554287361849,530.9547729492188,334100,0.0,0.0
2022-09-15 00:00:00-04:00,530.3251617132532,533.0852809436388,514.3550222342847,516.030517578125,405500,0.0,0.0
2022-09-16 00:00:00-04:00,513.2511309897068,515.0040618816993,503.59544027056774,509.5708923339844,1093400,0.0,0.0
2022-09-19 00:00:00-04:00,505.80355884974233,519.4395931128249,505.80355884974233,518.22900390625,411500,0.0,0.0
2022-09-20 00:00:00-04:00,512.059851841738,517.4833270151399,507.5855188123924,514.25830078125,352400,0.0,0.0
2022-09-21 00:00:00-04:00,521.9188482956785,525.1922860563083,500.4381617071494,500.4575500488281,557700,0.0,0.0
2022-09-22 00:00:00-04:00,500.4575346506214,500.68026412988297,485.2138061395035,488.3419494628906,521000,0.0,0.0
2022-09-23 00:00:00-04:00,483.22844988222795,487.10233522901115,475.2482555255824,479.248046875,509800,0.0,0.0
2022-09-26 00:00:00-04:00,478.9962791872962,482.7733118387875,472.0426614397555,473.91180419921875,402000,0.0,0.0
2022-09-27 00:00:00-04:00,479.18994817887705,481.3109028026279,467.95567459286616,471.7424011230469,366100,0.0,0.0
2022-09-28 00:00:00-04:00,476.3328835567261,480.86532179452195,468.3429959538413,478.2601318359375,478700,0.0,0.0
2022-09-29 00:00:00-04:00,474.6865734038883,475.4516445094032,469.59240451929634,471.5487060546875,329400,0.0,0.0
2022-09-30 00:00:00-04:00,474.2216621872104,477.99869436112476,469.24370549885765,473.7664794921875,538200,0.0,0.0
2022-10-03 00:00:00-04:00,480.5941642994202,493.0293316197759,479.25766924372914,490.8406066894531,309000,0.0,0.0
2022-10-04 00:00:00-04:00,498.462513913254,505.90036667481235,498.462513913254,504.7962951660156,300500,0.0,0.0
2022-10-05 00:00:00-04:00,501.3387600157129,508.73789394349706,498.76265271142637,502.40411376953125,235200,0.0,0.0
2022-10-06 00:00:00-04:00,499.9442866168024,504.73823195413206,492.51612739785895,493.5233459472656,231300,0.0,0.0
2022-10-07 00:00:00-04:00,490.55978851809556,490.55978851809556,482.0953584323005,485.1266784667969,291700,0.0,0.0
2022-10-10 00:00:00-04:00,488.50657293787714,492.167392977086,482.5117337055568,488.2257080078125,191700,0.0,0.0
2022-10-11 00:00:00-04:00,486.98607762230574,498.733609005659,486.98607762230574,497.88140869140625,389100,0.0,0.0
2022-10-12 00:00:00-04:00,502.4428972776058,502.4428972776058,490.0174235361253,490.2789001464844,364300,0.0,0.0
2022-10-13 00:00:00-04:00,478.734726767693,504.1086859427191,472.8464048767683,502.04583740234375,378200,0.0,0.0
2022-10-14 00:00:00-04:00,505.1158253334377,506.90747336877723,484.08063016088965,485.36871337890625,264500,0.0,0.0
2022-10-17 00:00:00-04:00,494.6758017564588,502.79156695425,494.6758017564588,500.92242431640625,282000,0.0,0.0
2022-10-18 00:00:00-04:00,511.3818035304593,515.701146638523,504.18601151823805,514.8585815429688,281500,0.0,0.0
2022-10-19 00:00:00-04:00,509.3674709388058,513.5028030230131,499.7020875701902,504.6994323730469,193700,0.0,0.0
2022-10-20 00:00:00-04:00,505.23215417021845,505.23215417021845,487.7318688334937,493.1359558105469,327100,0.0,0.0
2022-10-21 00:00:00-04:00,495.7991473672075,505.61945949951,492.18673915946357,503.29510498046875,263300,0.0,0.0
2022-10-24 00:00:00-04:00,507.9340887731523,513.221963084897,504.89313396841146,508.5539245605469,188300,0.0,0.0
2022-10-25 00:00:00-04:00,506.4910620910101,515.5656327360244,505.1642612422628,514.0645141601562,238400,0.0,0.0
2022-10-26 00:00:00-04:00,518.0836611793081,521.6960397067983,507.47889010776106,514.3840942382812,296000,0.0,0.0
2022-10-27 00:00:00-04:00,517.9189979464117,526.7514495594239,515.3719142505389,520.7178344726562,457300,0.0,0.0
2022-10-28 00:00:00-04:00,527.8169253746972,557.7233276367188,527.8169253746972,557.7233276367188,650400,0.0,0.0
2022-10-31 00:00:00-04:00,557.9557082184025,568.7929049657406,557.9557082184025,565.9262084960938,517600,0.0,0.0
2022-11-01 00:00:00-04:00,570.8363859790663,576.6181908728109,560.4640952987361,574.0130004882812,284200,0.0,0.0
2022-11-02 00:00:00-04:00,572.0082291134956,583.0003551174592,564.5122704410285,565.56787109375,342400,0.0,0.0
2022-11-03 00:00:00-04:00,559.1081623123971,584.0753807314278,553.8009585183389,575.6593627929688,402900,0.0,0.0
2022-11-04 00:00:00-04:00,581.7414803080488,584.8115185533561,565.4130642529399,574.9234619140625,293100,0.0,0.0
2022-11-07 00:00:00-05:00,575.0976762791475,577.6156781979323,571.9888619001944,576.5794067382812,219400,0.0,0.0
2022-11-08 00:00:00-05:00,575.9885904922993,587.0097982131111,574.6714837589385,581.721923828125,362000,0.0,0.0
2022-11-09 00:00:00-05:00,579.542934508676,585.8283634397668,572.1050813777549,572.3762817382812,234000,0.0,0.0
2022-11-10 00:00:00-05:00,591.1416534920716,594.4926434030474,584.177463526356,590.9182739257812,352600,1.72,0.0
2022-11-11 00:00:00-05:00,590.3258127721184,592.1906883591384,564.8972378868052,569.6857299804688,448200,0.0,0.0
2022-11-14 00:00:00-05:00,563.3527998965011,581.9628421670415,563.3527998965011,568.2092895507812,375000,0.0,0.0
2022-11-15 00:00:00-05:00,567.5003766527763,569.0349850121943,559.9145406386075,565.1109619140625,399700,0.0,0.0
2022-11-16 00:00:00-05:00,567.2187462865646,577.339716971496,567.102195236515,571.9878540039062,235700,0.0,0.0
2022-11-17 00:00:00-05:00,567.3352048594434,577.8349351038809,565.2177820842313,576.9025268554688,290800,0.0,0.0
2022-11-18 00:00:00-05:00,582.691387850893,584.0706737676885,576.0380199130457,579.8941040039062,216200,0.0,0.0
2022-11-21 00:00:00-05:00,579.0100800065937,587.790591386423,579.0100800065937,583.3809204101562,224100,0.0,0.0
2022-11-22 00:00:00-05:00,587.8295257084509,593.4824868386712,582.7010441243378,588.0917358398438,211000,0.0,0.0
2022-11-23 00:00:00-05:00,588.1500843584284,591.1999149088264,585.6441190129942,586.9747924804688,144300,0.0,0.0
2022-11-25 00:00:00-05:00,589.4030422173197,590.9377096117184,584.0026278667673,586.9067993164062,71400,0.0,0.0
2022-11-28 00:00:00-05:00,583.6238220649446,586.2657834411722,576.387640138686,577.4949340820312,168600,0.0,0.0
2022-11-29 00:00:00-05:00,576.9024069126293,579.6705822495741,571.7836479437433,574.02734375,191500,0.0,0.0
2022-11-30 00:00:00-05:00,570.8416947594837,587.1012173784334,566.1891383725367,585.7510986328125,641500,0.0,0.0
2022-12-01 00:00:00-05:00,587.8198722868535,587.8198722868535,579.9134918910192,585.8675537109375,246600,0.0,0.0
2022-12-02 00:00:00-05:00,581.4384814662857,586.6737926116393,576.2614458373615,584.7991943359375,298300,0.0,0.0
2022-12-05 00:00:00-05:00,578.7284549933719,580.9915364579776,568.0150105034653,569.61767578125,251900,0.0,0.0
2022-12-06 00:00:00-05:00,571.2300505901696,574.474211983691,559.4288155006949,563.68310546875,309900,0.0,0.0
2022-12-07 00:00:00-05:00,562.7894936091554,575.2124334792527,561.0411689942196,569.578857421875,275300,0.0,0.0
2022-12-08 00:00:00-05:00,573.0463707728371,580.6613731204056,572.9880952646071,576.2225341796875,349300,0.0,0.0
2022-12-09 00:00:00-05:00,576.7178675691994,580.3505123368216,570.4432616084661,571.1814575195312,172300,0.0,0.0
2022-12-12 00:00:00-05:00,573.1824130643856,576.4265747070312,568.6755757857786,576.4265747070312,249500,0.0,0.0
2022-12-13 00:00:00-05:00,588.5580612651642,588.5580612651642,560.1669791434239,568.141357421875,392400,0.0,0.0
2022-12-14 00:00:00-05:00,568.5785191265425,571.1233155518106,553.9022182219104,559.4871826171875,529800,0.0,0.0
2022-12-15 00:00:00-05:00,554.3878714784856,555.7476533367147,541.8095484106893,545.4130859375,396600,0.0,0.0
2022-12-16 00:00:00-05:00,539.5560491502058,543.567514708336,535.6416896805722,542.6156616210938,770600,0.0,0.0
2022-12-19 00:00:00-05:00,542.8487066074272,549.2884165344325,541.275208725865,545.160400390625,287900,0.0,0.0
2022-12-20 00:00:00-05:00,544.8981468626883,550.5122774378741,543.6257489267305,546.5881958007812,340200,0.0,0.0
2022-12-21 00:00:00-05:00,549.8517906202612,552.1052091620187,545.9860434346854,551.1339111328125,181800,0.0,0.0
2022-12-22 00:00:00-05:00,546.8407888851367,546.8407888851367,536.2439535013514,545.257568359375,205700,0.0,0.0
2022-12-23 00:00:00-05:00,545.8889986174772,551.182526044152,544.8982555458181,548.8805541992188,110400,0.0,0.0
2022-12-27 00:00:00-05:00,552.930859557094,552.930859557094,545.6946772323395,549.1039428710938,229500,0.0,0.0
2022-12-28 00:00:00-05:00,550.1625625167767,551.5612339215603,539.8182750268732,541.0712280273438,155500,0.0,0.0
2022-12-29 00:00:00-05:00,543.5188874847048,547.6371810347825,541.8385018297707,546.0830688476562,177500,0.0,0.0
2022-12-30 00:00:00-05:00,545.4032440321097,545.8597256127636,535.0394522182459,540.2844848632812,177600,0.0,0.0
2023-01-03 00:00:00-05:00,542.5087060958955,543.0720754755341,533.3202659307949,539.9736328125,271100,0.0,0.0
2023-01-04 00:00:00-05:00,540.3428246613248,545.1118720801568,529.2700029969005,538.1282958984375,238400,0.0,0.0
2023-01-05 00:00:00-05:00,536.6032149430955,540.3621327635775,518.6827583086382,522.1017456054688,297200,0.0,0.0
2023-01-06 00:00:00-05:00,529.5419135658565,537.9436642584626,527.8615871406632,536.865478515625,210900,0.0,0.0
2023-01-09 00:00:00-05:00,540.7703138117447,555.7379941228336,537.9535251050464,541.6250610351562,293500,0.0,0.0
2023-01-10 00:00:00-05:00,541.624810951817,551.580613659067,541.624810951817,547.7342529296875,276200,0.0,0.0
2023-01-11 00:00:00-05:00,549.8324039471892,565.5674438476562,549.8032365503703,565.5674438476562,357800,0.0,0.0
2023-01-12 00:00:00-05:00,565.790805446526,569.559446415745,553.8244070152244,556.10693359375,237300,0.0,0.0
2023-01-13 00:00:00-05:00,550.1723615374602,557.6610910381065,547.5012918310683,557.3890991210938,167100,0.0,0.0
2023-01-17 00:00:00-05:00,561.6240152622838,563.1392973622792,554.7860972943743,555.2620239257812,362500,0.0,0.0
2023-01-18 00:00:00-05:00,556.5733580067638,560.8179267372523,551.5323175746341,554.290771484375,244800,0.0,0.0
2023-01-19 00:00:00-05:00,553.7369011367508,557.3598825644586,531.3484967194374,532.0089721679688,448300,0.0,0.0
2023-01-20 00:00:00-05:00,531.0863997882134,545.5684282713142,529.3089076785512,544.1600341796875,274000,0.0,0.0
2023-01-23 00:00:00-05:00,544.1114180617109,553.0182039434683,544.0919731314374,545.5974731445312,183500,0.0,0.0
2023-01-24 00:00:00-05:00,549.7352746450696,555.0871366125091,540.7896571671268,554.4461059570312,142500,0.0,0.0
2023-01-25 00:00:00-05:00,548.4725751403757,552.192663267005,541.6734887980568,543.7811889648438,217200,0.0,0.0
2023-01-26 00:00:00-05:00,546.8407949685242,553.5330526731358,542.7613313554327,548.7153930664062,249300,0.0,0.0
2023-01-27 00:00:00-05:00,548.9969835015771,557.2530158458667,548.9969835015771,555.37841796875,158800,0.0,0.0
2023-01-30 00:00:00-05:00,553.6107703765535,569.054434459446,553.5913847264914,558.8072509765625,401500,0.0,0.0
2023-01-31 00:00:00-05:00,560.759554546991,573.5029810098279,557.2434601308221,572.560791015625,470100,0.0,0.0
2023-02-01 00:00:00-05:00,567.850022537316,587.1399889011465,567.850022537316,580.8848266601562,502300,0.0,0.0
2023-02-02 00:00:00-05:00,619.7658563366265,656.7140116239023,610.1499822387059,656.1798095703125,988800,0.0,0.0
2023-02-03 00:00:00-05:00,652.7899802415931,665.5625134459933,643.7374757148666,656.4129028320312,465700,0.0,0.0
2023-02-06 00:00:00-05:00,656.4129962507864,664.2611018527489,652.2364260887273,654.9269409179688,409100,0.0,0.0
2023-02-07 00:00:00-05:00,649.2641962804096,660.3952340418186,641.2607097979784,658.8120727539062,284400,0.0,0.0
2023-02-08 00:00:00-05:00,655.5096126361427,660.5894823112862,644.4854038198517,644.718505859375,310600,0.0,0.0
2023-02-09 00:00:00-05:00,645.7383023173226,650.1576960789838,639.4248657197148,642.134765625,254800,0.0,0.0
2023-02-10 00:00:00-05:00,639.2036837890815,640.0119807778522,632.2115790116708,639.310791015625,386300,1.72,0.0
2023-02-13 00:00:00-05:00,642.1152623642624,652.6326305286728,639.4761576387344,651.0745239257812,238300,0.0,0.0
2023-02-14 00:00:00-05:00,647.8706784318609,656.1092552577397,642.1932238850014,649.09765625,203200,0.0,0.0
2023-02-15 00:00:00-05:00,645.387372629903,656.5475037378728,643.4592051556003,655.0672607421875,181500,0.0,0.0
2023-02-16 00:00:00-05:00,649.779475540825,657.9012583408028,647.909735257467,652.554931640625,193000,0.0,0.0
2023-02-17 00:00:00-05:00,653.1197497423356,664.8739065763353,652.1849092645467,659.6249389648438,324000,0.0,0.0
2023-02-21 00:00:00-05:00,652.5158462865688,656.4793479982885,638.9796228214896,639.0185546875,249200,0.0,0.0
2023-02-22 00:00:00-05:00,640.3819674928817,643.7222028500182,637.3241219106754,640.4890747070312,204200,0.0,0.0
2023-02-23 00:00:00-05:00,642.709312202674,643.8974175734146,633.6819343647278,640.7227172851562,195600,0.0,0.0
2023-02-24 00:00:00-05:00,640.7130331407229,648.2894717044242,635.1816766498656,646.7215576171875,215300,0.0,0.0
2023-02-27 00:00:00-05:00,650.4026629733626,662.1373220319439,648.8639923809436,657.3558349609375,326200,0.0,0.0
2023-02-28 00:00:00-05:00,655.0575823846008,661.7965403095398,650.0326371400889,650.9382934570312,391800,0.0,0.0
2023-03-01 00:00:00-05:00,649.545549102642,660.6472509284526,648.8736030536384,653.4506225585938,230000,0.0,0.0
2023-03-02 00:00:00-05:00,653.9279570262565,668.9054926510837,652.691171802945,666.5877685546875,215700,0.0,0.0
2023-03-03 00:00:00-05:00,672.5185047929419,679.6469010078431,668.6231777326589,679.3353271484375,346600,0.0,0.0
2023-03-06 00:00:00-05:00,678.332142771083,690.6511363925559,678.332142771083,681.34130859375,340900,0.0,0.0
2023-03-07 00:00:00-05:00,680.3770943149216,688.3917680328341,675.4398208813805,676.4915161132812,230700,0.0,0.0
2023-03-08 00:00:00-05:00,675.2743309252089,683.931708620678,675.2743309252089,682.0717163085938,221100,0.0,0.0
2023-03-09 00:00:00-05:00,684.6619950162388,686.4441233637442,672.2748864502677,674.875,192100,0.0,0.0
2023-03-10 00:00:00-05:00,675.9755030514731,675.9755030514731,656.3917632043111,660.1409912109375,238600,0.0,0.0
2023-03-13 00:00:00-04:00,656.2066834002187,667.7952432812585,650.9771532492022,657.199951171875,285200,0.0,0.0
2023-03-14 00:00:00-04:00,665.4483931508963,672.8981695559141,659.1087396458722,668.1751098632812,297100,0.0,0.0
2023-03-15 00:00:00-04:00,657.083117516616,659.2060632502283,638.9990577580331,650.2662963867188,469900,0.0,0.0
2023-03-16 00:00:00-04:00,645.7380526979318,665.9353115383797,645.7380526979318,663.500732421875,335000,0.0,0.0
2023-03-17 00:00:00-04:00,662.6243551443496,663.4618362153585,644.6766424574346,646.1373901367188,517300,0.0,0.0
2023-03-20 00:00:00-04:00,649.8865350272926,658.7776228449907,649.8865350272926,656.2554321289062,317900,0.0,0.0
2023-03-21 00:00:00-04:00,663.851257046127,665.234081257301,656.3819854150424,663.0040283203125,385000,0.0,0.0
2023-03-22 00:00:00-04:00,659.4010271710019,668.7206052445038,650.626792563965,651.1137084960938,223900,0.0,0.0
2023-03-23 00:00:00-04:00,650.9186961579785,657.9205471215649,641.9691821662785,647.968017578125,235300,0.0,0.0
2023-03-24 00:00:00-04:00,644.364879131057,651.3277987724991,633.4385172249994,646.234619140625,270300,0.0,0.0
2023-03-27 00:00:00-04:00,651.0551380663753,655.5542355367322,647.705154811074,654.083740234375,179600,0.0,0.0
2023-03-28 00:00:00-04:00,653.5480941418258,659.5566777559079,648.9710738509722,658.1543579101562,150000,0.0,0.0
2023-03-29 00:00:00-04:00,663.9486072633784,663.9486072633784,653.7039395254349,657.375244140625,222000,0.0,0.0
2023-03-30 00:00:00-04:00,659.9072522663733,660.7252375159128,650.4123942731729,651.7562866210938,203000,0.0,0.0
2023-03-31 00:00:00-04:00,655.6808348175883,671.6906294420003,655.2036668215209,670.7849731445312,305200,0.0,0.0
2023-04-03 00:00:00-04:00,667.230518160611,669.2171729187585,659.5762150716716,665.2926025390625,282600,0.0,0.0
2023-04-04 00:00:00-04:00,664.1237805178906,668.730043521439,635.7171348294276,639.49560546875,333800,0.0,0.0
2023-04-05 00:00:00-04:00,633.5455823675345,636.0775205574137,615.7147295218602,629.338623046875,461000,0.0,0.0
2023-04-06 00:00:00-04:00,625.1998422518042,631.5979225363754,620.739677201834,624.8687133789062,318600,0.0,0.0
2023-04-10 00:00:00-04:00,624.5183113723676,636.5061782593584,622.8627854514934,634.4124755859375,228000,0.0,0.0
2023-04-11 00:00:00-04:00,635.2109054502555,638.8237826509185,630.244328620659,631.4324340820312,246500,0.0,0.0
2023-04-12 00:00:00-04:00,637.2657744740065,646.4976804630703,633.6917691487272,638.2298583984375,272900,0.0,0.0
2023-04-13 00:00:00-04:00,630.9162650181063,634.2175683605493,609.5893295044059,629.7671508789062,418300,0.0,0.0
2023-04-14 00:00:00-04:00,628.7544502513092,642.5536285644073,628.7544502513092,634.071533203125,281500,0.0,0.0
2023-04-17 00:00:00-04:00,636.8761183172074,643.8974655480441,635.4056230917259,643.5274047851562,228400,0.0,0.0
2023-04-18 00:00:00-04:00,647.1988706048469,648.922512389105,639.5250716394194,648.903076171875,287900,0.0,0.0
2023-04-19 00:00:00-04:00,646.6825791593076,650.3928750013105,641.0051245587234,648.0167236328125,177600,0.0,0.0
2023-04-20 00:00:00-04:00,645.660068526187,654.2882018348427,642.5632913151107,649.711181640625,180200,0.0,0.0
2023-04-21 00:00:00-04:00,651.4835931472335,653.0709434116675,646.7605336582627,652.5742797851562,192300,0.0,0.0
2023-04-24 00:00:00-04:00,654.5609197552176,660.579191782309,654.2006068259392,657.64794921875,203900,0.0,0.0
2023-04-25 00:00:00-04:00,657.0635342900756,660.2577300097217,651.4737512186502,654.2492065429688,208500,0.0,0.0
2023-04-26 00:00:00-04:00,648.6595321658914,652.0679428477004,642.5438410408793,642.5535888671875,342500,0.0,0.0
2023-04-27 00:00:00-04:00,661.9231884839116,678.3711612776661,654.7070620587656,678.137451171875,535900,0.0,0.0
2023-04-28 00:00:00-04:00,680.4063917791262,680.4063917791262,671.4666249708686,677.3680419921875,448900,0.0,0.0
2023-05-01 00:00:00-04:00,679.7149019773196,685.4507838671111,677.1342841247459,677.747802734375,267200,0.0,0.0
2023-05-02 00:00:00-04:00,674.8653301153882,677.4265120972705,663.1598547200774,670.7849731445312,222100,0.0,0.0
2023-05-03 00:00:00-04:00,674.6414009284014,679.1599348107205,663.3741611086928,665.7210693359375,363900,0.0,0.0
2023-05-04 00:00:00-04:00,663.8709482057767,663.8709482057767,645.2707237500489,650.0327758789062,248100,0.0,0.0
2023-05-05 00:00:00-04:00,654.2707168488919,662.2784603953637,653.9679879154979,659.6710815429688,236700,1.86,0.0
2023-05-08 00:00:00-04:00,659.1536660870813,663.1184685293599,655.4232268072532,662.3176879882812,180200,0.0,0.0
2023-05-09 00:00:00-04:00,661.1458337224485,669.8078527878926,661.1360586572384,668.460205078125,192800,0.0,0.0
2023-05-10 00:00:00-04:00,674.7100038054571,674.7100038054571,656.6926540648965,665.4816284179688,180700,0.0,0.0
2023-05-11 00:00:00-04:00,661.546086158699,668.4405458130902,658.4211056085173,668.3233642578125,280200,0.0,0.0
2023-05-12 00:00:00-04:00,670.218064887881,675.1301549254345,661.7415922806078,668.5676879882812,176800,0.0,0.0
2023-05-15 00:00:00-04:00,666.1261481441361,666.2824299603118,653.3040059399643,654.6712036132812,263700,0.0,0.0
2023-05-16 00:00:00-04:00,651.1360934522764,654.2903397482146,644.4271808563165,648.6849365234375,231600,0.0,0.0
2023-05-17 00:00:00-04:00,652.6790016899091,657.4934591625997,648.3431051285047,655.5305786132812,178700,0.0,0.0
2023-05-18 00:00:00-04:00,657.766920199062,664.231695149695,654.261069322061,663.362548828125,149000,0.0,0.0
2023-05-19 00:00:00-04:00,667.7278061155007,670.4133265328867,661.7122070022839,665.7942504882812,260100,0.0,0.0
2023-05-22 00:00:00-04:00,665.5890297380396,667.9424955151806,653.7532158028745,655.559814453125,266700,0.0,0.0
2023-05-23 00:00:00-04:00,650.9506190444168,653.1966786910351,643.909651499493,644.17333984375,269800,0.0,0.0
2023-05-24 00:00:00-04:00,645.8919273086883,645.8919273086883,638.2943193081014,641.1849365234375,250900,0.0,0.0
2023-05-25 00:00:00-04:00,644.5639535625489,645.4819156711504,639.1538719632092,644.14404296875,286200,0.0,0.0
2023-05-26 00:00:00-04:00,644.9837916269365,650.3060162452063,639.7104423313345,648.6556396484375,200600,0.0,0.0
2023-05-30 00:00:00-04:00,648.655584382583,648.8704569718582,637.0150928242806,638.7240600585938,309200,0.0,0.0
2023-05-31 00:00:00-04:00,637.0053692672489,637.9526564621107,631.8980172787433,633.8023071289062,573500,0.0,0.0
2023-06-01 00:00:00-04:00,635.2964232724939,640.4233255625021,626.8980928866733,639.94482421875,264800,0.0,0.0
2023-06-02 00:00:00-04:00,642.22028072468,662.7376672418632,639.3003970118393,661.8782958984375,384700,0.0,0.0
2023-06-05 00:00:00-04:00,661.5558583203743,663.3527415001619,657.4152844412661,659.8175659179688,242400,0.0,0.0
2023-06-06 00:00:00-04:00,652.6107951293154,670.4719260625278,645.5112365327693,669.729736328125,556600,0.0,0.0
2023-06-07 00:00:00-04:00,670.3839755543773,681.5167017890122,667.8059213519194,681.4776611328125,271500,0.0,0.0
2023-06-08 00:00:00-04:00,680.5498559579651,690.80365976826,677.9424172170031,688.4501342773438,266000,0.0,0.0
2023-06-09 00:00:00-04:00,690.4619062748671,691.7900634512351,679.6710091927333,689.9150390625,230500,0.0,0.0
2023-06-12 00:00:00-04:00,692.1709288516093,706.3700465810095,688.6749122819092,705.3934936523438,296500,0.0,0.0
2023-06-13 00:00:00-04:00,704.40709894788,721.555364367088,704.40709894788,719.6998901367188,307700,0.0,0.0
2023-06-14 00:00:00-04:00,718.6257677102886,722.9518899944391,706.7704009536708,710.0223388671875,240000,0.0,0.0
2023-06-15 00:00:00-04:00,709.9441694798404,728.2447609346341,706.8289634050324,726.4479370117188,254300,0.0,0.0
2023-06-16 00:00:00-04:00,726.8384321888473,731.2036540195884,714.1530213747376,715.2565307617188,419500,0.0,0.0
2023-06-20 00:00:00-04:00,712.8835586567086,719.2507021169124,708.5183961609073,713.547607421875,274100,0.0,0.0
2023-06-21 00:00:00-04:00,712.5417940882116,726.1060675566561,711.5261410014998,724.6998291015625,292200,0.0,0.0
2023-06-22 00:00:00-04:00,724.9536653346413,726.0669497441297,718.0201648411114,718.6744384765625,238600,0.0,0.0
2023-06-23 00:00:00-04:00,715.5884858336593,723.7720015964992,712.8346002796783,720.5982055664062,293200,0.0,0.0
2023-06-26 00:00:00-04:00,719.6705654348983,733.6059327318749,719.6705654348983,730.5493774414062,183400,0.0,0.0
2023-06-27 00:00:00-04:00,732.1997544199015,753.2542294670696,730.6470093111968,752.4338989257812,287900,0.0,0.0
2023-06-28 00:00:00-04:00,750.207363620155,759.9143008390873,745.3245996187616,754.8655395507812,278100,0.0,0.0
2023-06-29 00:00:00-04:00,753.4984326128875,764.474877006164,752.1019095990598,763.957275390625,201700,0.0,0.0
2023-06-30 00:00:00-04:00,768.9376922738094,777.170025158005,767.4923536108724,770.0997924804688,271600,0.0,0.0
2023-07-03 00:00:00-04:00,768.302940389876,769.0743956695094,760.1096478264077,764.211181640625,135500,0.0,0.0
2023-07-05 00:00:00-04:00,754.5627711733702,765.2658107631097,750.0901428924617,764.3380737304688,245800,0.0,0.0
2023-07-06 00:00:00-04:00,760.0608409626227,762.3264507112016,751.9359141551846,760.6272583007812,251900,0.0,0.0
2023-07-07 00:00:00-04:00,758.2736057385999,770.0997039900648,756.9162428127511,757.9806518554688,242900,0.0,0.0
2023-07-10 00:00:00-04:00,759.3772548478578,778.5860925110921,758.3518862660901,778.0587158203125,188100,0.0,0.0
2023-07-11 00:00:00-04:00,781.115299390711,792.5702448963897,771.2814053405018,777.0430908203125,360100,0.0,0.0
2023-07-12 00:00:00-04:00,771.2326809306082,775.0314861552664,755.1879233503448,759.0745849609375,348200,0.0,0.0
2023-07-13 00:00:00-04:00,751.2621135439127,755.0901841182912,743.4204249650578,743.71337890625,430700,0.0,0.0
2023-07-14 00:00:00-04:00,744.1332156793072,745.5590041904295,732.8833086209379,745.4515380859375,374200,0.0,0.0
2023-07-17 00:00:00-04:00,745.0804257648388,749.572604193591,740.725038630605,746.0863037109375,294200,0.0,0.0
2023-07-18 00:00:00-04:00,741.2425832304651,745.588254920011,732.9126192071966,742.3851928710938,298900,0.0,0.0
2023-07-19 00:00:00-04:00,739.973105492055,752.1507498422052,739.973105492055,748.0882568359375,302700,0.0,0.0
2023-07-20 00:00:00-04:00,751.8480569367341,751.8480569367341,739.8755095565392,749.1625366210938,373600,0.0,0.0
2023-07-21 00:00:00-04:00,751.5355335338858,754.7874114993083,747.55118135172,750.9691162109375,320500,0.0,0.0
2023-07-24 00:00:00-04:00,752.4729790608073,759.6213527663522,749.1527352767366,751.2230224609375,395100,0.0,0.0
2023-07-25 00:00:00-04:00,749.1136331739307,752.7171154099861,746.5746197215349,748.6351318359375,278400,0.0,0.0
2023-07-26 00:00:00-04:00,741.7211280035801,750.8323221133285,741.379298783634,744.2503662109375,273000,0.0,0.0
2023-07-27 00:00:00-04:00,718.3815683850131,734.133370417094,702.3368124225884,707.6785278320312,610900,0.0,0.0
2023-07-28 00:00:00-04:00,714.2701902280338,717.092441958822,707.0730012841548,714.2213745117188,258200,0.0,0.0
2023-07-31 00:00:00-04:00,715.9499050501483,722.0240346097693,711.2135883998739,721.1744384765625,274800,0.0,0.0
2023-08-01 00:00:00-04:00,717.5319543956451,720.2272496960952,700.4129549743076,708.3132934570312,614300,0.0,0.0
2023-08-02 00:00:00-04:00,707.551464845637,713.5865533198292,703.5964383703224,704.826904296875,341400,0.0,0.0
2023-08-03 00:00:00-04:00,697.83481950347,706.8483818432275,696.2820744860586,705.930419921875,297300,0.0,0.0
2023-08-04 00:00:00-04:00,708.225383643076,708.9089825389175,690.0321998107223,691.6630859375,324300,0.0,0.0
2023-08-07 00:00:00-04:00,696.9560302689531,704.0458137444884,695.9501521883369,700.4325561523438,241500,0.0,0.0
2023-08-08 00:00:00-04:00,698.1278884383098,699.3583545786433,690.667010282424,696.7509155273438,270600,0.0,0.0
2023-08-09 00:00:00-04:00,698.1669004127864,703.0008487923387,695.0810197275351,697.9520874023438,143900,0.0,0.0
2023-08-10 00:00:00-04:00,699.1433610526107,705.1589590086193,693.7918713781733,695.5789794921875,152300,0.0,0.0
2023-08-11 00:00:00-04:00,695.745437189956,700.3766059437496,693.3466069929648,698.43798828125,130300,1.86,0.0
2023-08-14 00:00:00-04:00,697.1260099502792,702.2859364786225,696.9106345309317,700.7291259765625,133300,0.0,0.0
2023-08-15 00:00:00-04:00,698.3695379927796,701.022886817316,697.3512257412007,697.9876708984375,159000,0.0,0.0
2023-08-16 00:00:00-04:00,700.1025275859263,707.9060624040835,693.4445940609439,694.4922485351562,184900,0.0,0.0
2023-08-17 00:00:00-04:00,696.4896770952697,701.8552390106693,687.6092045023844,688.6567993164062,222300,0.0,0.0
2023-08-18 00:00:00-04:00,683.5849246953676,690.0862267056725,681.9302271003374,688.8525390625,186100,0.0,0.0
2023-08-21 00:00:00-04:00,688.8525568835521,693.2292079327904,680.9217929152791,688.372802734375,141000,0.0,0.0
2023-08-22 00:00:00-04:00,690.5169871739448,692.3870600578085,682.7526558718648,684.270263671875,154100,0.0,0.0
2023-08-23 00:00:00-04:00,687.442578084669,695.3734011374087,684.9360600771107,692.3577270507812,188000,0.0,0.0
2023-08-24 00:00:00-04:00,691.6626562146874,701.4733545131086,691.6626562146874,693.6306762695312,258700,0.0,0.0
2023-08-25 00:00:00-04:00,696.5482883832301,705.5855100331238,695.4321489303945,699.6325073242188,177100,0.0,0.0
2023-08-28 00:00:00-04:00,700.2688627960964,705.3601839211566,693.24860529756,695.383056640625,246100,0.0,0.0
2023-08-29 00:00:00-04:00,692.9942328873326,704.8707775533692,687.354551936009,702.8048706054688,170200,0.0,0.0
2023-08-30 00:00:00-04:00,703.9797799954036,711.3035004470873,702.6188033522918,710.157958984375,135100,0.0,0.0
2023-08-31 00:00:00-04:00,711.6168762926383,715.1808497341435,698.8786502807413,699.2213745117188,353200,0.0,0.0
2023-09-01 00:00:00-04:00,703.1476128660565,704.1462640633964,686.9923037831725,695.9315795898438,263700,0.0,0.0
2023-09-05 00:00:00-04:00,692.935440324356,693.1117326470759,674.6750815370291,678.5327758789062,220100,0.0,0.0
2023-09-06 00:00:00-04:00,678.992952587742,683.0268796340215,673.6959955849708,679.0516967773438,224200,0.0,0.0
2023-09-07 00:00:00-04:00,677.8474740684145,680.2561055863736,673.4316794988813,677.3383178710938,261900,0.0,0.0
2023-09-08 00:00:00-04:00,676.006644651495,680.3930366056551,675.2037675955802,675.51708984375,224000,0.0,0.0
2023-09-11 00:00:00-04:00,677.6417453331577,680.3538981087362,673.6763633169513,677.5340576171875,180600,0.0,0.0
2023-09-12 00:00:00-04:00,674.9786712516503,680.6868977171773,670.8467971108721,672.188232421875,162600,0.0,0.0
2023-09-13 00:00:00-04:00,670.6997964246622,675.9282075975494,669.162587365339,670.6410522460938,181900,0.0,0.0
2023-09-14 00:00:00-04:00,677.6417751138667,683.1737686241115,674.1953497305965,681.7149047851562,209400,0.0,0.0
2023-09-15 00:00:00-04:00,682.400249056986,683.7514250872348,676.3983024217802,678.6404418945312,304000,0.0,0.0
2023-09-18 00:00:00-04:00,679.5020732564391,683.3597675324779,677.8571762733714,679.3160400390625,247900,0.0,0.0
2023-09-19 00:00:00-04:00,677.9158448055663,679.7467748016817,672.9615530937068,676.6234130859375,156200,0.0,0.0
2023-09-20 00:00:00-04:00,678.689469241173,685.4355495679348,669.5446179036907,670.6803588867188,154800,0.0,0.0
2023-09-21 00:00:00-04:00,668.9570598206383,676.1535515264728,664.4531793833304,668.2031860351562,271300,0.0,0.0
2023-09-22 00:00:00-04:00,667.3317374670706,675.1254713993237,665.9316179098138,667.2435913085938,160700,0.0,0.0
2023-09-25 00:00:00-04:00,666.2057669092275,677.6613616904021,666.2057669092275,675.4779663085938,176400,0.0,0.0
2023-09-26 00:00:00-04:00,675.2723144705936,679.472673220038,670.5726002541305,671.2090454101562,237100,0.0,0.0
2023-09-27 00:00:00-04:00,676.4472129465175,686.3263948733902,673.0692730357024,685.484375,243500,0.0,0.0
2023-09-28 00:00:00-04:00,687.481780644983,692.4164711643507,682.8016084050219,684.2506713867188,252200,0.0,0.0
2023-09-29 00:00:00-04:00,686.7278910336688,688.9798311452671,675.2429546324427,677.38720703125,225800,0.0,0.0
2023-10-02 00:00:00-04:00,678.6698683787112,686.5614896577374,677.7495029300853,680.109130859375,280300,0.0,0.0
2023-10-03 00:00:00-04:00,680.4812096337163,686.9923127378529,669.5151695552227,672.677734375,365700,0.0,0.0
2023-10-04 00:00:00-04:00,674.2540716268925,685.2592543339166,670.3767759687851,684.231201171875,257500,0.0,0.0
2023-10-05 00:00:00-04:00,685.3472936748674,690.3016454445287,678.5425300047453,687.8734130859375,205200,0.0,0.0
2023-10-06 00:00:00-04:00,686.0914294443461,707.4262652080993,685.7781072109245,701.3557739257812,316000,0.0,0.0
2023-10-09 00:00:00-04:00,701.355734550363,712.0867963421932,699.9849573261149,710.745361328125,256600,0.0,0.0
2023-10-10 00:00:00-04:00,710.745404771493,710.95103929573,695.6573525262775,696.0294189453125,354700,0.0,0.0
2023-10-11 00:00:00-04:00,694.27684202781,701.5711606290854,691.6821777231223,699.3681640625,230600,0.0,0.0
2023-10-12 00:00:00-04:00,711.7050080246094,729.6031008532589,710.8531874336238,720.0176391601562,437800,0.0,0.0
2023-10-13 00:00:00-04:00,722.6710671838966,724.717372884812,712.7428809997991,716.1795654296875,274300,0.0,0.0
2023-10-16 00:00:00-04:00,721.7506727101136,726.1174633230015,708.7187261951271,716.4928588867188,219000,0.0,0.0
2023-10-17 00:00:00-04:00,715.6899607786283,723.5717809529658,713.2127848540646,722.739501953125,158000,0.0,0.0
2023-10-18 00:00:00-04:00,720.8890516826351,720.8890516826351,696.9498097659574,696.9889526367188,234700,0.0,0.0
2023-10-19 00:00:00-04:00,698.643608718005,703.5000136084534,686.2774502982612,688.1475830078125,267000,0.0,0.0
2023-10-20 00:00:00-04:00,689.910009246193,689.910009246193,676.692029511747,677.0444946289062,224200,0.0,0.0
2023-10-23 00:00:00-04:00,677.9551504997766,682.8899018435795,671.9140601273475,671.9826049804688,227700,0.0,0.0
2023-10-24 00:00:00-04:00,677.3871554575095,679.4922050658627,670.141721117809,672.3643188476562,275600,0.0,0.0
2023-10-25 00:00:00-04:00,670.4060921319126,671.8257531091513,660.3212164005231,663.258544921875,325100,0.0,0.0
2023-10-26 00:00:00-04:00,691.2122880075135,696.0686337513665,673.1868454164722,685.0536499023438,456900,0.0,0.0
2023-10-27 00:00:00-04:00,687.5796897134916,697.0574630996682,685.3570918851677,691.9954833984375,409200,0.0,0.0
2023-10-30 00:00:00-04:00,696.9302211300485,715.3277292832506,695.4028125010541,710.892333984375,444800,0.0,0.0
2023-10-31 00:00:00-04:00,710.5985739914931,722.935330719914,706.9073117742604,714.5835571289062,412900,0.0,0.0
2023-11-01 00:00:00-04:00,716.5613553449566,731.9040462001121,712.7820065338661,726.5972290039062,372400,0.0,0.0
2023-11-02 00:00:00-04:00,731.3948166641178,744.6617388028586,731.3948166641178,740.49072265625,335900,0.0,0.0
2023-11-03 00:00:00-04:00,745.2297337013277,757.01819238976,741.9497402734002,751.6918334960938,363800,0.0,0.0
2023-11-06 00:00:00-05:00,750.4384867629452,751.6231710091691,742.2726872544317,751.1140747070312,269800,0.0,0.0
2023-11-07 00:00:00-05:00,750.4679340262629,760.7485851953342,748.167050287705,756.783203125,278500,0.0,0.0
2023-11-08 00:00:00-05:00,760.0436522245514,768.5129146822394,757.1161239875419,764.7042236328125,334600,0.0,0.0
2023-11-09 00:00:00-05:00,767.2107417014905,777.2466154232914,764.7042234355231,765.3993530273438,315200,0.0,0.0
2023-11-10 00:00:00-05:00,768.1572482118981,779.4046277608094,767.4211645742045,777.5496826171875,232800,1.86,0.0
2023-11-13 00:00:00-05:00,775.0959857785592,780.4546956402478,773.1527443562761,775.0076293945312,291200,0.0,0.0
2023-11-14 00:00:00-05:00,777.77538812249,791.3291389752908,777.77538812249,786.5789794921875,295500,0.0,0.0
2023-11-15 00:00:00-05:00,789.0816111776353,791.1720933725928,778.5899639761953,780.0523071289062,284500,0.0,0.0
2023-11-16 00:00:00-05:00,781.043637175496,786.2060467601027,778.9139185869426,780.2977294921875,232500,0.0,0.0
2023-11-17 00:00:00-05:00,783.124274836404,787.7861378314253,779.2475557337004,787.3150634765625,207200,0.0,0.0
2023-11-20 00:00:00-05:00,785.1558929484576,794.5973877689514,781.3773541746993,793.76318359375,198300,0.0,0.0
2023-11-21 00:00:00-05:00,794.9702794345943,798.0127343207588,791.5450467039213,791.8002319335938,192800,0.0,0.0
2023-11-22 00:00:00-05:00,795.2056849902124,797.2667546484729,791.7313925756033,793.9690551757812,160200,0.0,0.0
2023-11-24 00:00:00-05:00,796.7957619889885,798.7586515915447,791.5842924903073,797.2276000976562,88000,0.0,0.0
2023-11-27 00:00:00-05:00,793.9201494969071,800.3878972051805,792.84058415808,795.3236083984375,240800,0.0,0.0
2023-11-28 00:00:00-05:00,792.7324425539796,799.4161381152763,759.1866716641472,760.7570190429688,464500,0.0,0.0
2023-11-29 00:00:00-05:00,765.5956077660212,765.8311449198908,757.8029341114557,761.296875,308500,0.0,0.0
2023-11-30 00:00:00-05:00,763.0340572783439,771.9357683535743,760.6196816271985,771.60205078125,365000,0.0,0.0
2023-12-01 00:00:00-05:00,771.2683764580596,789.6607024317486,770.4832325941697,788.66943359375,281400,0.0,0.0
2023-12-04 00:00:00-05:00,781.2497292724242,791.6726685284783,781.2497292724242,786.5299072265625,178300,0.0,0.0
2023-12-05 00:00:00-05:00,785.1558392454285,787.5113307242195,779.2671704510878,783.7523803710938,165500,0.0,0.0
2023-12-06 00:00:00-05:00,786.2353972517055,797.7870215980229,786.2353972517055,787.638916015625,212400,0.0,0.0
2023-12-07 00:00:00-05:00,794.8328950438412,797.1393263341736,787.727244064457,792.4185791015625,240500,0.0,0.0
2023-12-08 00:00:00-05:00,793.4294092683652,795.1764097585689,787.2659670986511,789.1306762695312,235800,0.0,0.0
2023-12-11 00:00:00-05:00,789.3760781705719,802.7826483211278,789.3760781705719,802.2722778320312,227300,0.0,0.0
2023-12-12 00:00:00-05:00,802.036713267754,809.338665073523,801.6931716415771,805.8348999023438,210900,0.0,0.0
2023-12-13 00:00:00-05:00,805.9330166605971,809.6723189850501,796.8055919216511,803.6168212890625,220700,0.0,0.0
2023-12-14 00:00:00-05:00,806.0508507205986,815.4334614563342,798.3268842421415,813.4313354492188,285800,0.0,0.0
2023-12-15 00:00:00-05:00,805.4717635022004,810.8402378326723,802.4587207623164,808.259033203125,503800,0.0,0.0
2023-12-18 00:00:00-05:00,812.6460958503169,820.1148761941389,809.1815670493248,817.7005004882812,195100,0.0,0.0
2023-12-19 00:00:00-05:00,820.8607286270054,825.3949983799978,814.7070511468168,814.7855834960938,209100,0.0,0.0
2023-12-20 00:00:00-05:00,803.2438540382898,817.4453913298462,799.1217739307978,800.8687744140625,430800,0.0,0.0
2023-12-21 00:00:00-05:00,808.1119136644757,810.339752807024,803.9211248603917,808.7498168945312,138400,0.0,0.0
2023-12-22 00:00:00-05:00,810.0060504482612,817.3865347037564,806.70841021171,812.4890747070312,164500,0.0,0.0
2023-12-26 00:00:00-05:00,814.1672648448733,816.5619923145935,810.8892131820298,813.0582275390625,102200,0.0,0.0
2023-12-27 00:00:00-05:00,812.6165354850107,817.2685736179978,810.0648033141507,815.8749389648438,151700,0.0,0.0
2023-12-28 00:00:00-05:00,811.8609951794015,815.4825289794278,810.4280641700819,811.7529907226562,129100,0.0,0.0
2023-12-29 00:00:00-05:00,811.7137167800139,817.2000194535163,809.1423362504325,813.3134765625,153700,0.0,0.0
2024-01-02 00:00:00-05:00,806.2471276059849,810.4771525520146,794.1066594928104,798.1502075195312,240900,0.0,0.0
2024-01-03 00:00:00-05:00,798.1500734383294,803.8032044607157,786.1077278729884,793.939697265625,283100,0.0,0.0
2024-01-04 00:00:00-05:00,793.4097502419557,803.9013973626991,793.4097502419557,800.8392944335938,242800,0.0,0.0
2024-01-05 00:00:00-05:00,797.7968369222386,807.9744144905095,796.8055681108076,803.5186767578125,229800,0.0,0.0
2024-01-08 00:00:00-05:00,806.2568921114157,806.9831516690056,795.5395318155516,806.9733276367188,171400,0.0,0.0
2024-01-09 00:00:00-05:00,798.5328094020797,809.3581126612861,791.1229143304997,808.7005615234375,247900,0.0,0.0
2024-01-10 00:00:00-05:00,809.9176914137538,817.4355922968979,807.8959174762309,815.413818359375,198900,0.0,0.0
2024-01-11 00:00:00-05:00,815.4138793734587,823.3341468691646,811.213266467077,821.5380859375,204000,0.0,0.0
2024-01-12 00:00:00-05:00,826.6022682862173,828.8498153071307,817.8183848917965,826.4943237304688,168800,0.0,0.0
2024-01-16 00:00:00-05:00,824.6197724829822,825.718985887446,818.0342561861679,824.9534301757812,240800,0.0,0.0
2024-01-17 00:00:00-05:00,822.5882426208217,827.8193008063812,821.3123762317254,823.5108032226562,165000,0.0,0.0
2024-01-18 00:00:00-05:00,844.7196747516656,861.0509295842066,839.1450758228202,856.01611328125,323900,0.0,0.0
2024-01-19 00:00:00-05:00,859.5493596258048,863.239601725915,846.3783869409536,847.9683227539062,312700,0.0,0.0
2024-01-22 00:00:00-05:00,852.4535166994649,861.1687513113322,849.4404739766502,860.3933715820312,266900,0.0,0.0
2024-01-23 00:00:00-05:00,861.7085293220932,862.0618350713785,849.9606638885871,859.392333984375,302600,0.0,0.0
2024-01-24 00:00:00-05:00,861.4435419009202,865.5656221216732,852.424061617274,855.073974609375,169000,0.0,0.0
2024-01-25 00:00:00-05:00,854.8286694464128,866.5667718173534,854.8286694464128,865.0946044921875,245500,0.0,0.0
2024-01-26 00:00:00-05:00,865.1141418488563,867.018147207023,858.1753796447383,866.851318359375,189400,0.0,0.0
2024-01-29 00:00:00-05:00,865.1043643809943,881.062606684326,863.1512388895392,879.5315551757812,334100,0.0,0.0
2024-01-30 00:00:00-05:00,876.4989629973118,902.3796590064748,873.0442579422009,897.80615234375,485200,0.0,0.0
2024-01-31 00:00:00-05:00,893.3502484077536,905.3827704756782,876.4890350033626,879.0211791992188,600100,0.0,0.0
2024-02-01 00:00:00-05:00,884.6449131684802,907.9836997560488,879.9143419447836,905.520263671875,349000,0.0,0.0
2024-02-02 00:00:00-05:00,915.6879585567929,960.7853571350523,892.2805250563465,954.4942626953125,597000,0.0,0.0
2024-02-05 00:00:00-05:00,942.1870392786177,946.5740689269921,923.9517775165073,928.093505859375,359900,0.0,0.0
2024-02-06 00:00:00-05:00,930.0170847573189,930.0170847573189,916.885348311824,922.891845703125,276000,0.0,0.0
2024-02-07 00:00:00-05:00,929.1338001646377,935.0518811339424,925.5024424396495,927.46533203125,275400,0.0,0.0
2024-02-08 00:00:00-05:00,930.1643514700565,934.8752747436107,924.3051545010588,932.3038940429688,207500,0.0,0.0
2024-02-09 00:00:00-05:00,933.3561511374368,946.2088088519989,930.3961967720415,943.06201171875,237200,1.86,0.0
2024-02-12 00:00:00-05:00,941.4098317309912,941.9408300437834,931.2417572234233,931.4581298828125,138300,0.0,0.0
2024-02-13 00:00:00-05:00,916.4911389305807,927.9670518059323,912.9706569785839,919.854248046875,190500,0.0,0.0
2024-02-14 00:00:00-05:00,927.3870469689812,933.2085824080456,922.4013522867178,928.6949462890625,163600,0.0,0.0
2024-02-15 00:00:00-05:00,932.6972441847699,934.6345149787934,923.1093833017733,927.9967651367188,179800,0.0,0.0
2024-02-16 00:00:00-05:00,929.4029334405003,932.471043975898,919.2447014325097,920.2379150390625,176500,0.0,0.0
2024-02-20 00:00:00-05:00,911.6727927101809,924.899075154691,911.2007341551263,919.5987548828125,220700,0.0,0.0
2024-02-21 00:00:00-05:00,919.5789338182763,925.7151539553706,912.0266582633793,925.390625,157400,0.0,0.0
2024-02-22 00:00:00-05:00,935.6277253686221,951.2239646123851,935.4507259092037,942.2457885742188,207500,0.0,0.0
2024-02-23 00:00:00-05:00,941.7933157365311,951.2435493411255,935.0769402240142,942.9832153320312,158500,0.0,0.0
2024-02-26 00:00:00-05:00,946.5725757547373,954.1346955674144,946.2480467584666,947.6051025390625,179700,0.0,0.0
2024-02-27 00:00:00-05:00,945.835002011445,956.5340748802201,945.0187879175896,953.416748046875,138100,0.0,0.0
2024-02-28 00:00:00-05:00,954.5083294042599,960.5953934754957,950.5158487062059,958.490966796875,142500,0.0,0.0
2024-02-29 00:00:00-05:00,960.2511870340419,963.1914544207968,946.9363757167738,957.2716064453125,395600,0.0,0.0
2024-03-01 00:00:00-05:00,956.9372413623944,966.7906303552667,956.7307120051233,964.587890625,193000,0.0,0.0
2024-03-04 00:00:00-05:00,963.4767066530462,981.806682832642,963.4767066530462,971.1764526367188,244300,0.0,0.0
2024-03-05 00:00:00-05:00,966.3776423093066,982.386939767039,965.1288028292178,969.3671264648438,222800,0.0,0.0
2024-03-06 00:00:00-05:00,972.4055851515109,975.2278527858474,961.3722004659419,966.259521484375,238800,0.0,0.0
2024-03-07 00:00:00-05:00,971.4026896597546,978.8565932379413,965.0796259021382,972.592529296875,189600,0.0,0.0
2024-03-08 00:00:00-05:00,972.5924381355644,979.1220306491657,954.1837768554688,954.1837768554688,206600,0.0,0.0
2024-03-11 00:00:00-04:00,950.0143767390166,950.0143767390166,938.7940882349241,947.9591064453125,159200,0.0,0.0
2024-03-12 00:00:00-04:00,950.0536641310389,961.1755792928835,949.2276667297161,956.2587280273438,136100,0.0,0.0
2024-03-13 00:00:00-04:00,957.9304320113927,960.3888575480504,945.8054604589531,958.5302734375,303100,0.0,0.0
2024-03-14 00:00:00-04:00,999.9794296665137,999.9794296665137,964.8140984554865,975.198486328125,284600,0.0,0.0
2024-03-15 00:00:00-04:00,967.8526303447268,978.5320767834559,967.6854742093043,977.8338623046875,278000,0.0,0.0
2024-03-18 00:00:00-04:00,984.9534959185231,996.7637826345805,975.0903231788222,977.951904296875,187100,0.0,0.0
2024-03-19 00:00:00-04:00,978.6500910689527,987.9822651979684,977.7158773214409,985.0026245117188,166400,0.0,0.0
2024-03-20 00:00:00-04:00,987.7954643782888,999.7532207935499,984.9141966074592,999.2615356445312,177400,0.0,0.0
2024-03-21 00:00:00-04:00,1002.1231933708119,1016.9819644348319,995.4461305441414,1012.428955078125,200900,0.0,0.0
2024-03-22 00:00:00-04:00,1012.8712676950555,1012.8712676950555,1003.8046236036133,1010.0194702148438,130900,0.0,0.0
2024-03-25 00:00:00-04:00,1003.7457563739941,1004.8766562862851,989.5262595042001,990.9816284179688,285000,0.0,0.0
2024-03-26 00:00:00-04:00,990.0571521915099,997.4619589574747,987.7855693228568,988.6509399414062,212300,0.0,0.0
2024-03-27 00:00:00-04:00,993.9315385761522,1004.2372385704082,990.3914300343523,1003.2047119140625,172300,0.0,0.0
2024-03-28 00:00:00-04:00,1002.3788388265145,1009.4000569719283,998.4846709317916,1000.382568359375,165200,0.0,0.0
2024-04-01 00:00:00-04:00,998.8681968475041,1000.6972511481422,990.7848620031439,992.8499755859375,122800,0.0,0.0
2024-04-02 00:00:00-04:00,993.2924856150571,993.5579547697547,979.7907712228563,983.8619384765625,187400,0.0,0.0
2024-04-03 00:00:00-04:00,981.4330588738097,995.573868130603,981.4330588738097,989.9588623046875,164000,0.0,0.0
2024-04-04 00:00:00-04:00,995.652466691011,999.4581044964949,974.1658522068115,976.6537475585938,157400,0.0,0.0
2024-04-05 00:00:00-04:00,983.1244337439613,1001.6019396286263,978.4829548494398,997.9536743164062,138700,0.0,0.0
2024-04-08 00:00:00-04:00,998.6912641250716,1004.6209560494818,995.6231534738039,997.8455200195312,148600,0.0,0.0
2024-04-09 00:00:00-04:00,999.0157372216479,999.0157372216479,970.065311967161,990.9521484375,190200,0.0,0.0
2024-04-10 00:00:00-04:00,985.543483793876,997.6782386235179,978.925361439859,984.2060546875,235400,0.0,0.0
2024-04-11 00:00:00-04:00,958.0386653413528,972.6712201133788,946.0612223663774,950.2012329101562,371900,0.0,0.0
2024-04-12 00:00:00-04:00,945.195899567874,953.9675462262945,942.9341597818446,948.9228515625,249500,0.0,0.0
2024-04-15 00:00:00-04:00,963.7520310115018,963.7520310115018,934.2017660984204,939.5316162109375,236300,0.0,0.0
2024-04-16 00:00:00-04:00,942.5997285919369,944.753311910531,934.7131397432443,940.780517578125,198600,0.0,0.0
2024-04-17 00:00:00-04:00,946.4741747586692,946.4741747586692,927.455827820454,934.123046875,164400,0.0,0.0
2024-04-18 00:00:00-04:00,940.0921065135682,940.0921065135682,920.3263886896581,921.9489135742188,188200,0.0,0.0
2024-04-19 00:00:00-04:00,924.8794155693212,930.268265384336,917.277922650518,926.9739990234375,262000,0.0,0.0
2024-04-22 00:00:00-04:00,932.7068795277498,940.249371621824,924.7710753946798,926.4035034179688,289900,0.0,0.0
2024-04-23 00:00:00-04:00,930.2092132401455,945.9824497061959,926.4035753520012,939.8953857421875,201500,0.0,0.0
2024-04-24 00:00:00-04:00,937.9483524956454,949.1882669720375,930.317389941627,942.3833618164062,295900,0.0,0.0
2024-04-25 00:00:00-04:00,920.021568709963,939.6004442639562,905.5364839026362,932.0776977539062,419000,0.0,0.0
2024-04-26 00:00:00-04:00,919.5889238705619,934.5459478365262,907.7786368728463,913.8067016601562,357400,0.0,0.0
2024-04-29 00:00:00-04:00,924.4466953018313,927.2984329341502,904.7596042467159,918.95947265625,304600,0.0,0.0
2024-04-30 00:00:00-04:00,916.2649931856379,923.8074255343669,902.4879675911824,906.028076171875,548800,0.0,0.0
2024-05-01 00:00:00-04:00,906.7461555841932,916.2946433377164,903.6780448719799,904.9957275390625,245600,0.0,0.0
2024-05-02 00:00:00-04:00,908.7717658501858,914.1409288168305,902.9993874836806,908.5357666015625,201400,0.0,0.0
2024-05-03 00:00:00-04:00,914.2786510721802,920.8869303947564,911.112227661477,916.4420776367188,129800,0.0,0.0
2024-05-06 00:00:00-04:00,923.551821316527,926.1282465711131,916.4912301206609,924.4073486328125,185100,0.0,0.0
2024-05-07 00:00:00-04:00,929.1963515612787,938.6858984312138,927.1706112578925,930.1600952148438,286800,0.0,0.0
2024-05-08 00:00:00-04:00,931.4679070664904,937.8401868790318,927.2198005516692,933.1396484375,235400,0.0,0.0
2024-05-09 00:00:00-04:00,935.8833056331853,942.8553669707205,933.7690356251275,940.3084716796875,172900,0.0,0.0
2024-05-10 00:00:00-04:00,943.5112347487304,947.1575338097017,938.081274046512,944.7628173828125,176600,2.05,0.0
2024-05-13 00:00:00-04:00,947.0984373238456,947.0984373238456,932.237336650605,935.4796142578125,142000,0.0,0.0
2024-05-14 00:00:00-04:00,938.6331607074407,939.1554354203903,928.1278782341604,936.7508544921875,277400,0.0,0.0
2024-05-15 00:00:00-04:00,939.8255956571579,946.0637201536724,938.1305936967894,944.2406005859375,288900,0.0,0.0
2024-05-16 00:00:00-04:00,940.663271900395,942.6933645164988,932.0698286847827,934.0506591796875,262700,0.0,0.0
2024-05-17 00:00:00-04:00,935.321887643396,942.1118799230699,923.5650827165022,931.9318237304688,197100,0.0,0.0
2024-05-20 00:00:00-04:00,931.4982054660352,940.8800228040294,931.4982054660352,939.5595092773438,141600,0.0,0.0
2024-05-21 00:00:00-04:00,942.9101484476552,943.8857670207798,933.4100776291315,942.880615234375,175300,0.0,0.0
2024-05-22 00:00:00-04:00,943.9645745883906,957.5740920979873,940.8800080577288,949.9168701171875,214000,0.0,0.0
2024-05-23 00:00:00-04:00,954.8936344867251,954.8936344867251,938.7021559272415,940.8406372070312,222100,0.0,0.0
2024-05-24 00:00:00-04:00,943.0580226980906,953.5533811575724,938.524764549922,952.370849609375,158500,0.0,0.0
2024-05-28 00:00:00-04:00,949.2072749081287,950.9909965475024,923.387610951319,925.4866943359375,303000,0.0,0.0
2024-05-29 00:00:00-04:00,898.6028399746758,906.5162371412499,891.0342776473495,897.3512573242188,377000,0.0,0.0
2024-05-30 00:00:00-04:00,898.8689203857911,899.8347346655348,890.0981574269938,894.2962646484375,291200,0.0,0.0
2024-05-31 00:00:00-04:00,893.9218650395283,908.9602861726952,884.9243997923834,908.083251953125,503900,0.0,0.0
2024-06-03 00:00:00-04:00,909.295305993291,909.295305993291,865.835530024538,875.6607666015625,413800,0.0,0.0
2024-06-04 00:00:00-04:00,874.4486723083646,881.4653066576523,869.0285156529304,874.24169921875,240300,0.0,0.0
2024-06-05 00:00:00-04:00,877.1094409755186,882.7167813592606,871.3049318178782,877.345947265625,199400,0.0,0.0
2024-06-06 00:00:00-04:00,873.1182238858213,874.2318245066182,862.2779107021503,866.2691650390625,209300,0.0,0.0
2024-06-07 00:00:00-04:00,869.4325463704683,887.1219789435647,863.5591059557094,879.2972412109375,220100,0.0,0.0
2024-06-10 00:00:00-04:00,876.3013574758669,889.2111606778047,876.3013574758669,884.3330078125,158700,0.0,0.0
2024-06-11 00:00:00-04:00,882.9040994165475,887.3782309922052,876.4590618753655,887.2205200195312,171000,0.0,0.0
2024-06-12 00:00:00-04:00,899.2334960689805,906.2008679998414,891.290505605564,901.618408203125,298200,0.0,0.0
2024-06-13 00:00:00-04:00,897.932682126395,907.7481146602453,893.0249959340248,907.6988525390625,199200,0.0,0.0
2024-06-14 00:00:00-04:00,884.7074291792757,897.5483005304108,878.2327991608656,893.6260375976562,399600,0.0,0.0
2024-06-17 00:00:00-04:00,890.7286832697204,912.1925294180869,890.7286832697204,904.1312866210938,364500,0.0,0.0
2024-06-18 00:00:00-04:00,902.7911318688189,914.6760542313409,900.1894423593344,911.0691528320312,216500,0.0,0.0
2024-06-20 00:00:00-04:00,908.4281766959373,914.2425510628063,900.3669321319525,902.0028076171875,186400,0.0,0.0
2024-06-21 00:00:00-04:00,901.3325826365996,902.8502649359359,889.1520273215467,901.7760620117188,389200,0.0,0.0
2024-06-24 00:00:00-04:00,904.3975214419274,906.3290899711423,896.8684762730738,902.2097778320312,283400,0.0,0.0
2024-06-25 00:00:00-04:00,898.3269038323599,898.8393742530577,885.9393749906396,896.868408203125,195000,0.0,0.0
2024-06-26 00:00:00-04:00,890.2164080506575,896.0603152382072,882.1649683364731,895.5971069335938,272100,0.0,0.0
2024-06-27 00:00:00-04:00,895.7941468720844,901.2143031562324,887.5062616377486,890.620361328125,163600,0.0,0.0
2024-06-28 00:00:00-04:00,890.3050746879836,903.5007070817336,883.6530641415869,889.1422119140625,422700,0.0,0.0
2024-07-01 00:00:00-04:00,895.4493296677696,895.5873117300449,880.9134547341637,883.1800537109375,219100,0.0,0.0
2024-07-02 00:00:00-04:00,880.9527497724572,906.9891919819592,877.5331528715883,904.6437377929688,297500,0.0,0.0
2024-07-03 00:00:00-04:00,901.1650084740791,907.9550002641021,896.3558469874511,902.219482421875,129000,0.0,0.0
2024-07-05 00:00:00-04:00,900.1105324138324,905.2350556423722,894.8973494057361,899.3024291992188,169000,0.0,0.0
2024-07-08 00:00:00-04:00,902.771388958457,909.6500408216286,900.1992928499144,904.0327758789062,186000,0.0,0.0
2024-07-09 00:00:00-04:00,902.0125915011039,904.1708017096823,894.0991941690557,895.3803100585938,249300,0.0,0.0
2024-07-10 00:00:00-04:00,891.881845056163,894.8678272724713,875.848017377802,890.1671142578125,336800,0.0,0.0
2024-07-11 00:00:00-04:00,896.9768155842759,906.0629403921582,889.8714611725829,890.9653930664062,291700,0.0,0.0
2024-07-12 00:00:00-04:00,908.6252840351791,920.3623613083986,898.5634799152125,905.1268310546875,341900,0.0,0.0
2024-07-15 00:00:00-04:00,908.250699514576,937.1253393024984,905.6194767538221,929.0936889648438,323500,0.0,0.0
2024-07-16 00:00:00-04:00,936.6326016852328,974.3864530581673,935.2627658776725,973.7261962890625,416200,0.0,0.0
2024-07-17 00:00:00-04:00,968.7889496836109,976.0815482000157,959.4465897623955,960.6685791015625,334900,0.0,0.0
2024-07-18 00:00:00-04:00,954.6078469966012,968.6805737896668,941.2841570927751,943.4620361328125,321200,0.0,0.0
2024-07-19 00:00:00-04:00,949.5326233857262,949.5326233857262,928.8571486222261,932.0994262695312,192200,0.0,0.0
2024-07-22 00:00:00-04:00,936.7311928496889,939.3032890658367,922.6781955259924,937.7954711914062,201200,0.0,0.0
2024-07-23 00:00:00-04:00,937.6771733678588,944.8120603849123,935.3218546542035,937.4899291992188,159000,0.0,0.0
2024-07-24 00:00:00-04:00,934.7996046442372,936.6818506847012,918.6475240437846,919.0910034179688,212600,0.0,0.0
2024-07-25 00:00:00-04:00,923.3384606380629,950.2421349806193,917.8493130137906,940.2986450195312,217400,0.0,0.0
2024-07-26 00:00:00-04:00,947.4727929077334,964.176739662005,946.1818127479728,956.2534790039062,213300,0.0,0.0
2024-07-29 00:00:00-04:00,957.0518641041132,958.8749836413205,951.3262101329389,952.7748413085938,130600,0.0,0.0
2024-07-30 00:00:00-04:00,953.5928070045495,958.4315021828505,946.8225434470978,952.3313598632812,159900,0.0,0.0
2024-07-31 00:00:00-04:00,960.5502839952704,977.4907390277723,954.9626122743409,962.629638671875,385100,0.0,0.0
2024-08-01 00:00:00-04:00,925.7036307666448,972.4056245787611,902.9980638756438,928.6797485351562,573100,0.0,0.0
2024-08-02 00:00:00-04:00,924.0381462870322,943.4028508809441,914.8435731818771,938.9583129882812,361100,0.0,0.0
2024-08-05 00:00:00-04:00,931.4588038407145,944.8416796661248,910.8326521095643,936.198974609375,278700,0.0,0.0
2024-08-06 00:00:00-04:00,936.8592342123576,956.9927046594576,929.1133523351308,938.8302001953125,300100,0.0,0.0
2024-08-07 00:00:00-04:00,948.7048437920685,959.6141487004514,933.0553676770706,937.3816528320312,259000,0.0,0.0
2024-08-08 00:00:00-04:00,945.6005864401368,959.574728968809,945.6005864401368,958.1260375976562,207700,0.0,0.0
2024-08-09 00:00:00-04:00,955.918539184912,967.5472269101227,949.2369353693454,965.0933837890625,154500,0.0,0.0
2024-08-12 00:00:00-04:00,963.9576802966911,963.9576802966911,945.5300187659852,947.4754638671875,145500,2.05,0.0
2024-08-13 00:00:00-04:00,950.2208731312096,952.1762033597792,928.1688589273471,949.174072265625,248700,0.0,0.0
2024-08-14 00:00:00-04:00,948.7098576885331,949.164152491094,936.493866228402,940.839111328125,227300,0.0,0.0
2024-08-15 00:00:00-04:00,947.8704899196146,953.6575199291183,938.162854067301,946.9027099609375,209700,0.0,0.0
2024-08-16 00:00:00-04:00,946.5965074934385,958.4075691265311,944.6904825946793,954.3388671875,294800,0.0,0.0
2024-08-19 00:00:00-04:00,953.5192615802309,957.9534129032324,939.1306469799413,946.21142578125,280100,0.0,0.0
2024-08-20 00:00:00-04:00,947.0902956146648,954.0525124576743,944.8188819383338,950.4183349609375,147500,0.0,0.0
2024-08-21 00:00:00-04:00,955.6030334094993,972.0555942235964,953.5686822844627,968.046142578125,200000,0.0,0.0
2024-08-22 00:00:00-04:00,969.7052000154052,973.4381688550693,960.8962687509102,964.9847412109375,154600,0.0,0.0
2024-08-23 00:00:00-04:00,968.8559330724252,973.5171413302569,962.5652427884953,970.00146484375,131200,0.0,0.0
2024-08-26 00:00:00-04:00,973.7245270118752,974.6627117856552,953.2328597344956,961.4690551757812,183500,0.0,0.0
2024-08-27 00:00:00-04:00,957.6471934647179,961.8048016901273,948.8283770208102,955.3165893554688,161400,0.0,0.0
2024-08-28 00:00:00-04:00,955.3659490646875,961.1925195780385,949.2333006639014,956.284423828125,160300,0.0,0.0
2024-08-29 00:00:00-04:00,959.9087651665378,968.4313289747431,952.7786207434079,955.9881591796875,141900,0.0,0.0
2024-08-30 00:00:00-04:00,959.3458011264919,973.2010995576779,954.0624314880175,972.657958984375,313400,0.0,0.0
2024-09-03 00:00:00-04:00,970.4163318690485,971.0878588437952,942.5278606087813,948.1075439453125,217400,0.0,0.0
2024-09-04 00:00:00-04:00,946.5470811166643,949.5196168146887,933.1065375778606,940.4341430664062,143500,0.0,0.0
2024-09-05 00:00:00-04:00,935.7433454634523,935.7433454634523,915.646721915675,926.796142578125,242500,0.0,0.0
2024-09-06 00:00:00-04:00,930.3513342888041,945.1645876867914,930.3513342888041,936.1284790039062,174300,0.0,0.0
2024-09-09 00:00:00-04:00,943.1105436733427,964.8267652914715,943.1105436733427,960.0371704101562,237000,0.0,0.0
2024-09-10 00:00:00-04:00,964.73785982673,966.9696727523753,954.9610882771708,965.5081176757812,172400,0.0,0.0
2024-09-11 00:00:00-04:00,965.0933990336929,977.7142603049966,945.5300303420204,976.3317260742188,199100,0.0,0.0
2024-09-12 00:00:00-04:00,976.2921829408168,985.9207981732127,967.6906585760593,984.5184936523438,128900,0.0,0.0
2024-09-13 00:00:00-04:00,984.4888150370978,990.7597346749907,976.7760504131609,981.4471435546875,198600,0.0,0.0
2024-09-16 00:00:00-04:00,989.4758853978922,996.5368328091528,981.6939853895417,995.657958984375,207400,0.0,0.0
2024-09-17 00:00:00-04:00,1000.862365032957,1010.3823634995522,997.9886204501869,1001.3561401367188,180000,0.0,0.0
2024-09-18 00:00:00-04:00,1003.9435058699039,1015.8039933764907,996.7245163429318,1000.5661010742188,158600,0.0,0.0
2024-09-19 00:00:00-04:00,1021.2355989363776,1021.2355989363776,1009.6516535154817,1017.2755126953125,156600,0.0,0.0
2024-09-20 00:00:00-04:00,1012.4562885325197,1024.3167772666638,1007.1037827894224,1019.369140625,323600,0.0,0.0
2024-09-23 00:00:00-04:00,1024.5537310463753,1033.6786857311313,1019.8925227889075,1029.1063232421875,233600,0.0,0.0
2024-09-24 00:00:00-04:00,1023.9811505465987,1030.3508024177138,1013.7797982946328,1027.7535400390625,216200,0.0,0.0
2024-09-25 00:00:00-04:00,1033.2739120276763,1035.9600198723297,1018.5198480747408,1019.3099365234375,246800,0.0,0.0
2024-09-26 00:00:00-04:00,1023.9315317843937,1034.607007479257,1022.391016134357,1030.933349609375,193300,0.0,0.0
2024-09-27 00:00:00-04:00,1027.4275716016543,1033.2442572535706,1018.5593893194724,1023.0427856445312,148100,0.0,0.0
2024-09-30 00:00:00-04:00,1025.9263803746906,1031.4862927905692,1018.1148245836947,1025.8770751953125,238100,0.0,0.0
2024-10-01 00:00:00-04:00,1025.363427951821,1033.7180631894335,1017.245674542702,1026.953369140625,142100,0.0,0.0
2024-10-02 00:00:00-04:00,1025.0771800491536,1028.2372926922756,1022.1342995332501,1025.20556640625,91900,0.0,0.0
2024-10-03 00:00:00-04:00,1024.4945158363385,1024.4945158363385,1008.2394173835207,1016.3373413085938,147700,0.0,0.0
2024-10-04 00:00:00-04:00,1024.573431056677,1024.573431056677,1010.3428594221576,1020.3763427734375,96000,0.0,0.0
2024-10-07 00:00:00-04:00,1005.9088075509131,1016.7323796874689,1005.9088075509131,1010.1058959960938,220000,0.0,0.0
2024-10-08 00:00:00-04:00,1017.1174643824393,1018.2630564466034,1011.5576721063946,1015.7547607421875,131200,0.0,0.0
2024-10-09 00:00:00-04:00,1012.752576560422,1024.0007886504586,1011.4687129836391,1016.78173828125,231800,0.0,0.0
2024-10-10 00:00:00-04:00,1012.7525373102981,1024.4747537895896,1010.4910086936782,1012.3970336914062,173900,0.0,0.0
2024-10-11 00:00:00-04:00,1035.05144543846,1075.284235021023,1032.9776139183373,1071.5316162109375,514500,0.0,0.0
2024-10-14 00:00:00-04:00,1082.2465731183784,1089.9099735180132,1071.9069498326037,1084.6956787109375,195100,0.0,0.0
2024-10-15 00:00:00-04:00,1090.7591971050897,1092.2405225627058,1071.0970367768377,1072.054931640625,265100,0.0,0.0
2024-10-16 00:00:00-04:00,1080.5774235765234,1101.7406782460841,1080.5774235765234,1099.0743408203125,209000,0.0,0.0
2024-10-17 00:00:00-04:00,1093.5439625487807,1106.0167268870366,1089.3074539986496,1105.5328369140625,134400,0.0,0.0
2024-10-18 00:00:00-04:00,1110.2930154237688,1114.4703340930228,1100.4076268310132,1112.96923828125,253400,0.0,0.0
2024-10-21 00:00:00-04:00,1115.7539296112507,1115.85278107309,1097.2078282128862,1106.4117431640625,153500,0.0,0.0
2024-10-22 00:00:00-04:00,1104.9207054813776,1104.9207054813776,1079.9456386410359,1085.248779296875,243000,0.0,0.0
2024-10-23 00:00:00-04:00,1077.7925158438027,1084.0535502051314,1072.1635280611451,1078.92822265625,100100,0.0,0.0
2024-10-24 00:00:00-04:00,1076.9036310115464,1079.4318171723107,1068.005794823962,1068.736572265625,148900,0.0,0.0
2024-10-25 00:00:00-04:00,1069.7835988183128,1085.0412022488663,1069.7835988183128,1077.3580322265625,169700,0.0,0.0
2024-10-28 00:00:00-04:00,1087.3225293309752,1093.702065655182,1080.7948363525272,1090.3839111328125,186300,0.0,0.0
2024-10-29 00:00:00-04:00,1086.8188086675343,1093.7908506708582,1081.3971674976979,1084.67578125,191500,0.0,0.0
2024-10-30 00:00:00-04:00,1086.3449220262048,1099.0250347244428,1083.3921561334384,1085.653564453125,292400,0.0,0.0
2024-10-31 00:00:00-04:00,1114.5097105873588,1115.9416101558636,1077.6048439175656,1095.4202880859375,490500,0.0,0.0
2024-11-01 00:00:00-04:00,1097.6718974905104,1103.4193864292336,1087.7568552220769,1091.31201171875,248300,0.0,0.0
2024-11-04 00:00:00-05:00,1094.1167822284735,1094.1167822284735,1080.4392359886756,1082.0390625,153700,0.0,0.0
2024-11-05 00:00:00-05:00,1081.3872907911216,1108.8016952927258,1081.3872907911216,1108.0511474609375,171500,0.0,0.0
2024-11-06 00:00:00-05:00,1149.9331903074071,1184.072749397494,1135.6827871618998,1180.0830078125,399200,0.0,0.0
2024-11-07 00:00:00-05:00,1178.5424981123547,1182.2852316034187,1165.0426427319055,1174.1478271484375,264100,0.0,0.0
2024-11-08 00:00:00-05:00,1175.2360858267973,1197.2668354776329,1168.4200977403334,1189.431884765625,287200,2.05,0.0
2024-11-11 00:00:00-05:00,1194.6253974623667,1214.4699287269927,1194.6253974623667,1207.812255859375,223900,0.0,0.0
2024-11-12 00:00:00-05:00,1206.9613740808268,1209.2070042604416,1191.6181264076,1195.357421875,191800,0.0,0.0
2024-11-13 00:00:00-05:00,1194.2395412092997,1205.536886727596,1185.4450420263663,1189.095458984375,186100,0.0,0.0
2024-11-14 00:00:00-05:00,1185.6431630204006,1187.1072426315727,1153.7297536536184,1163.375,393200,0.0,0.0
2024-11-15 00:00:00-05:00,1161.3963892983218,1166.6196897044265,1156.262088115394,1165.669921875,232100,0.0,0.0
2024-11-18 00:00:00-05:00,1168.9048462780002,1173.1784997528334,1155.154163951756,1159.53662109375,191900,0.0,0.0
2024-11-19 00:00:00-05:00,1147.111473426769,1164.7796910326435,1147.111473426769,1159.4771728515625,138500,0.0,0.0
2024-11-20 00:00:00-05:00,1159.4079219280325,1166.797634564358,1149.5351673067391,1165.78857421875,143400,0.0,0.0
2024-11-21 00:00:00-05:00,1169.9631732064179,1186.5528911486201,1160.674046969744,1181.5770263671875,157000,0.0,0.0
2024-11-22 00:00:00-05:00,1189.431820225266,1194.4968056583243,1182.5367355089422,1193.6856689453125,206700,0.0,0.0
2024-11-25 00:00:00-05:00,1195.6741825764657,1214.2523183524384,1186.7906830787656,1202.6978759765625,457500,0.0,0.0
2024-11-26 00:00:00-05:00,1203.4693473014852,1206.5854066139411,1188.9668227653901,1204.22119140625,187100,0.0,0.0
2024-11-27 00:00:00-05:00,1206.8922538441363,1208.1980185586935,1190.4409226355654,1192.9140625,163800,0.0,0.0
2024-11-29 00:00:00-05:00,1192.7853749412054,1201.9458940495608,1192.3204536597693,1192.3896484375,126600,0.0,0.0
2024-12-02 00:00:00-05:00,1195.070616761299,1195.070616761299,1177.6992255061484,1181.16162109375,201300,0.0,0.0
2024-12-03 00:00:00-05:00,1186.276234118833,1188.7691785084298,1171.4966869914167,1180.3406982421875,206300,0.0,0.0
2024-12-04 00:00:00-05:00,1180.5977564429186,1183.5556217648545,1175.6810631064839,1179.7864990234375,180200,0.0,0.0
2024-12-05 00:00:00-05:00,1175.641738614995,1182.4676290613288,1173.702714768966,1175.879150390625,192000,0.0,0.0
2024-12-06 00:00:00-05:00,1177.719008392887,1179.8360304330463,1168.4397835575735,1172.426513671875,194700,0.0,0.0
2024-12-09 00:00:00-05:00,1176.8582297066598,1176.8582297066598,1144.4402993259332,1149.564697265625,309100,0.0,0.0
2024-12-10 00:00:00-05:00,1146.32986051071,1149.8317439133227,1131.1448081906872,1145.073486328125,285800,0.0,0.0
2024-12-11 00:00:00-05:00,1157.162297369236,1157.162297369236,1135.6459813065367,1143.085205078125,262300,0.0,0.0
2024-12-12 00:00:00-05:00,1146.6662795240684,1146.6662795240684,1129.1267919595557,1136.6649169921875,208600,0.0,0.0
2024-12-13 00:00:00-05:00,1132.9353513362191,1137.2385900990828,1126.821817854846,1130.343505859375,179800,0.0,0.0
2024-12-16 00:00:00-05:00,1133.1135731469196,1137.6542240625106,1124.7048977246056,1127.633056640625,255800,0.0,0.0
2024-12-17 00:00:00-05:00,1122.202118383366,1124.1113148215202,1103.4062545499808,1108.2734375,306100,0.0,0.0
2024-12-18 00:00:00-05:00,1110.7068830203814,1112.576591190809,1077.9229275058021,1079.6046142578125,339400,0.0,0.0
2024-12-19 00:00:00-05:00,1086.8954523241355,1092.0099490040366,1069.751690367355,1069.9298095703125,325200,0.0,0.0
2024-12-20 00:00:00-05:00,1066.0418900070808,1087.3504997740301,1060.3239621810785,1081.217041015625,732600,0.0,0.0
2024-12-23 00:00:00-05:00,1076.5083293716716,1076.5083293716716,1063.6380991691985,1070.7113037109375,257300,0.0,0.0
2024-12-24 00:00:00-05:00,1073.0853540931269,1081.0983021249435,1071.2453527494333,1079.25830078125,121100,0.0,0.0
2024-12-26 00:00:00-05:00,1077.7053532368975,1077.9625694433914,1069.0196570546111,1070.9981689453125,118400,0.0,0.0
2024-12-27 00:00:00-05:00,1063.2819965689316,1071.1268498828595,1053.359850539055,1057.494873046875,173500,0.0,0.0
2024-12-30 00:00:00-05:00,1049.4322997460606,1054.4280903770484,1034.1087354161464,1046.8404541015625,181000,0.0,0.0
2024-12-31 00:00:00-05:00,1048.4728563991987,1050.7184868550198,1039.7575737778245,1042.725341796875,168600,0.0,0.0
2025-01-02 00:00:00-05:00,1052.4199644510597,1053.9533595443804,1027.5995653885432,1030.517822265625,160200,0.0,0.0
2025-01-03 00:00:00-05:00,1032.061098503865,1047.0483506499231,1026.5014847647135,1042.6658935546875,170500,0.0,0.0
2025-01-06 00:00:00-05:00,1042.349233705308,1053.3002426078276,1037.996483902239,1042.685546875,212400,0.0,0.0
2025-01-07 00:00:00-05:00,1040.113537400996,1053.8938039035777,1034.2868058955185,1051.3316650390625,298100,0.0,0.0
2025-01-08 00:00:00-05:00,1048.0176838037141,1067.5257804099951,1045.4357404963039,1057.356201171875,239800,0.0,0.0
2025-01-10 00:00:00-05:00,1045.1488249827532,1056.7230703397252,1037.9965243755007,1041.1719970703125,288900,0.0,0.0
2025-01-13 00:00:00-05:00,1041.1719223542232,1066.7540627846251,1041.1719223542232,1064.41943359375,267800,0.0,0.0
2025-01-14 00:00:00-05:00,1073.204200157361,1083.3737803503034,1065.9827041457934,1076.1917724609375,296000,0.0,0.0
2025-01-15 00:00:00-05:00,1090.110590183088,1104.989038919678,1079.9905207239524,1081.6129150390625,539800,0.0,0.0
2025-01-16 00:00:00-05:00,1086.8954324508034,1104.5932353742721,1081.6524485230748,1098.4202880859375,300700,0.0,0.0
2025-01-17 00:00:00-05:00,1097.7378872274548,1115.564300325819,1081.682281077163,1101.635498046875,697500,0.0,0.0
2025-01-21 00:00:00-05:00,1111.4785699978754,1121.1534014041213,1100.4977323550186,1109.46044921875,343300,0.0,0.0
2025-01-22 00:00:00-05:00,1109.9452951790747,1116.5337743265577,1105.0089171187947,1110.8653564453125,308300,0.0,0.0
2025-01-23 00:00:00-05:00,1114.891479331125,1118.3835818909079,1106.7499220110976,1109.361572265625,141400,0.0,0.0
2025-01-24 00:00:00-05:00,1107.1060487657398,1114.7331737221007,1103.841455731062,1109.519775390625,108600,0.0,0.0
2025-01-27 00:00:00-05:00,1101.8826247292964,1126.3964141273218,1101.8826247292964,1120.253173828125,215800,0.0,0.0
2025-01-28 00:00:00-05:00,1114.8320305572609,1125.4270437858604,1107.3236117885017,1119.12548828125,167200,0.0,0.0
2025-01-29 00:00:00-05:00,1115.1091714228874,1126.9110491880017,1098.5292304277611,1102.0411376953125,257200,0.0,0.0
2025-01-30 00:00:00-05:00,1109.5890991517479,1118.4725985888142,1106.413626078001,1113.971435546875,293800,0.0,0.0
2025-01-31 00:00:00-05:00,1050.7876434641062,1072.3039608204851,1018.9435517408823,1051.252685546875,839700,0.0,0.0
2025-02-03 00:00:00-05:00,1032.5555914695838,1043.6649152747543,1019.586461847601,1035.49365234375,439000,0.0,0.0
2025-02-04 00:00:00-05:00,1045.406105657411,1045.406105657411,1029.2218931428,1031.3883056640625,298100,0.0,0.0
2025-02-05 00:00:00-05:00,1031.497115667511,1036.8985351914441,1010.7821543418504,1031.71484375,345400,0.0,0.0
2025-02-06 00:00:00-05:00,1033.8218695466069,1039.7475023998961,1025.5319007317414,1034.0888671875,223000,0.0,0.0
2025-02-07 00:00:00-05:00,1034.5540442435736,1037.195280409938,1020.427439945217,1024.67138671875,194400,0.0,0.0
2025-02-10 00:00:00-05:00,1034.2364875447004,1034.2364875447004,1020.9839128226947,1029.3497314453125,165100,2.05,0.0
2025-02-11 00:00:00-05:00,1028.4973774002783,1038.5781049120278,1024.1063507729646,1037.1705322265625,216900,0.0,0.0
2025-02-12 00:00:00-05:00,1020.5478197436316,1024.7110067718413,1016.672245572284,1018.5258178710938,345100,0.0,0.0
2025-02-13 00:00:00-05:00,1021.6976218360536,1027.466455484124,1015.4232574922253,1018.80322265625,219400,0.0,0.0
2025-02-14 00:00:00-05:00,1019.2295370260435,1027.2782200297045,1012.568522523525,1018.7041625976562,299200,0.0,0.0
2025-02-18 00:00:00-05:00,1017.7129822695297,1020.7560885245592,1002.8249327867968,1013.658935546875,377300,0.0,0.0
2025-02-19 00:00:00-05:00,1006.3833568777987,1013.1137640354945,999.6530102192326,1012.0729370117188,316600,0.0,0.0
2025-02-20 00:00:00-05:00,1015.3143041815073,1018.2085825515254,1003.9945539996379,1015.3043823242188,241100,0.0,0.0
2025-02-21 00:00:00-05:00,1014.4816081068764,1014.4816081068764,989.6416935513657,999.0484008789062,285100,0.0,0.0
2025-02-24 00:00:00-05:00,996.3521577261981,1000.5053621311725,989.2550659179688,989.2550659179688,353400,0.0,0.0
2025-02-25 00:00:00-05:00,987.4807564909245,1000.6243124279536,982.138139248077,994.7463989257812,286200,0.0,0.0
2025-02-26 00:00:00-05:00,998.3544691985738,1004.0539709145368,995.5790717671478,999.2267456054688,163600,0.0,0.0
2025-02-27 00:00:00-05:00,1000.9118058846315,1012.5982404112737,999.0978606123421,1002.041748046875,171900,0.0,0.0
2025-02-28 00:00:00-05:00,1011.0420598744704,1020.8154519334663,997.8191890600255,1012.241455078125,312100,0.0,0.0
2025-03-03 00:00:00-05:00,1012.0332878231109,1015.4827061143442,987.6493562142914,990.7221069335938,279100,0.0,0.0
2025-03-04 00:00:00-05:00,983.5952194128649,993.7353569792562,973.9803957604215,980.0962524414062,313300,0.0,0.0
2025-03-05 00:00:00-05:00,980.6017671887167,989.304687905302,969.2622339276448,976.408935546875,393300,0.0,0.0
2025-03-06 00:00:00-05:00,971.2049970464938,989.4037392144329,969.7082486630131,987.0744018554688,269300,0.0,0.0
2025-03-07 00:00:00-05:00,982.7031488928397,1004.4306852223414,982.0489718067868,998.8600463867188,326500,0.0,0.0
2025-03-10 00:00:00-04:00,1000.3765062152422,1022.1436074120327,999.0780134944849,1006.9185791015625,363000,0.0,0.0
2025-03-11 00:00:00-04:00,996.1837106910377,1000.2377572058864,971.1753074713691,972.9197998046875,491700,0.0,0.0
2025-03-12 00:00:00-04:00,976.1511461713374,984.2791431389767,958.2200524583156,959.7861328125,362000,0.0,0.0
2025-03-13 00:00:00-04:00,956.5250253811753,957.7739692910665,944.2735898349429,945.1656494140625,331000,0.0,0.0
2025-03-14 00:00:00-04:00,956.039445190753,960.4007670070515,945.1657549743705,959.3203735351562,267100,0.0,0.0
2025-03-17 00:00:00-04:00,956.554830537156,971.908782780964,956.554830537156,968.8260498046875,212200,0.0,0.0
2025-03-18 00:00:00-04:00,964.7918555102947,970.3723554602936,957.7244685223068,966.2092895507812,205800,0.0,0.0
2025-03-19 00:00:00-04:00,964.9999788434733,977.0036106595909,960.2719115582487,974.9518432617188,251600,0.0,0.0
2025-03-20 00:00:00-04:00,966.3877183542587,975.7150503846801,962.4922400142977,965.1090087890625,196900,0.0,0.0
2025-03-21 00:00:00-04:00,958.3488960564188,965.3468902214356,953.55137602727,964.5440063476562,385000,0.0,0.0
2025-03-24 00:00:00-04:00,972.8802389369436,984.3090088373956,972.8802389369436,982.8816528320312,259200,0.0,0.0
2025-03-25 00:00:00-04:00,984.3782180125278,991.1482514604984,973.0189025322373,981.5037231445312,204000,0.0,0.0
2025-03-26 00:00:00-04:00,983.9421276183157,990.7617101798795,978.2723914590963,979.5114135742188,158500,0.0,0.0
2025-03-27 00:00:00-04:00,982.9906159536883,982.9906159536883,971.3834347799026,978.5697631835938,140800,0.0,0.0
2025-03-28 00:00:00-04:00,978.3020607116373,978.3020607116373,959.6176320993369,966.4669799804688,214800,0.0,0.0
2025-03-31 00:00:00-04:00,961.5802710092472,984.5963775690416,959.7763080261516,979.1546020507812,252100,0.0,0.0
2025-04-01 00:00:00-04:00,972.6422599163876,987.5303686699001,968.1520148346052,985.329833984375,226600,0.0,0.0
2025-04-02 00:00:00-04:00,976.2106576146037,997.8588789821183,974.0101833418987,996.094482421875,255200,0.0,0.0
2025-04-03 00:00:00-04:00,947.4950529497866,969.014349388488,946.6227765788035,964.8611450195312,388400,0.0,0.0
2025-04-04 00:00:00-04:00,951.271669911258,966.5363866911761,931.2094326867699,934.1533203125,451500,0.0,0.0
2025-04-07 00:00:00-04:00,916.4501584006123,945.1459229859431,886.1387041203814,915.7364501953125,443500,0.0,0.0
2025-04-08 00:00:00-04:00,936.7007261016075,948.3970828568074,901.1061251293623,911.8508911132812,295300,0.0,0.0
2025-04-09 00:00:00-04:00,902.7514810842669,971.4032256857807,894.5144647748218,956.8917846679688,503000,0.0,0.0
2025-04-10 00:00:00-04:00,956.4161174076986,959.2311419619982,921.8820640859547,952.2529907226562,312000,0.0,0.0
2025-04-11 00:00:00-04:00,950.6075320962509,990.3157104135414,948.4664680022499,985.2703857421875,395300,0.0,0.0
2025-04-14 00:00:00-04:00,985.2704534133401,996.689301367953,971.5222679224426,991.416015625,237200,0.0,0.0
2025-04-15 00:00:00-04:00,989.9687164031595,995.2122965457718,984.0709592243411,990.9500122070312,161600,0.0,0.0
2025-04-16 00:00:00-04:00,982.6833516808424,1000.2179955984816,970.0651089436177,976.6765747070312,306400,0.0,0.0
2025-04-17 00:00:00-04:00,981.1964593152325,1004.5891717804368,978.8075908864728,993.884033203125,412200,0.0,0.0
2025-04-21 00:00:00-04:00,989.2650226104298,989.2650226104298,959.6077456937047,970.18408203125,284900,0.0,0.0
2025-04-22 00:00:00-04:00,976.3494782635156,990.8410768471514,976.3494782635156,990.0778198242188,221900,0.0,0.0
2025-04-23 00:00:00-04:00,1001.6254942514752,1009.0200001351849,980.6711373779228,983.6051635742188,184100,0.0,0.0
2025-04-24 00:00:00-04:00,987.7088519972117,1012.3703542337381,974.2282544198519,1010.1995849609375,246400,0.0,0.0
2025-04-25 00:00:00-04:00,1013.3516048417107,1013.3516048417107,996.718942850935,1004.9658813476562,149600,0.0,0.0
2025-04-28 00:00:00-04:00,1009.4659897098128,1019.0411260577073,995.8962169973821,1002.5274658203125,187900,0.0,0.0
2025-04-29 00:00:00-04:00,996.0647713823506,1006.5221060417724,996.0647713823506,1003.8161010742188,307300,0.0,0.0
2025-04-30 00:00:00-04:00,1004.4801468324201,1017.3957418493844,989.5623333021881,1015.314208984375,459000,0.0,0.0
2025-05-01 00:00:00-04:00,1036.5362175803743,1073.4392358040025,1016.9596666195586,1044.1785888671875,464500,0.0,0.0
2025-05-02 00:00:00-04:00,1048.0442680326405,1065.2221498655133,1048.0442680326405,1058.62060546875,310700,0.0,0.0
2025-05-05 00:00:00-04:00,1051.9792149991285,1066.75818128095,1051.9792149991285,1056.1224365234375,265300,0.0,0.0
2025-05-06 00:00:00-04:00,1043.7522284419717,1051.4738529729636,1031.5107141598955,1032.719970703125,213400,0.0,0.0
2025-05-07 00:00:00-04:00,1035.4954941484632,1042.4835067119532,1030.4699523789968,1034.5736083984375,170900,0.0,0.0
2025-05-08 00:00:00-04:00,1041.6608004960083,1050.2050923713527,1034.851139624345,1036.7047119140625,221800,0.0,0.0
2025-05-09 00:00:00-04:00,1039.281944304297,1039.281944304297,1021.0335906765268,1027.952392578125,287200,0.0,0.0
2025-05-12 00:00:00-04:00,1053.4224873246385,1066.3067505975848,1039.4953664395537,1060.3861083984375,303400,2.26,0.0
2025-05-13 00:00:00-04:00,1062.8994509783429,1068.0352824624042,1056.4126337656692,1059.3133544921875,280000,0.0,0.0
2025-05-14 00:00:00-04:00,1060.4257537070964,1071.5119350902057,1054.9323200086,1062.73046875,203200,0.0,0.0
2025-05-15 00:00:00-04:00,1062.9093188228028,1081.0484927579037,1062.9093188228028,1077.333251953125,279800,0.0,0.0
2025-05-16 00:00:00-04:00,1079.7868431597026,1095.5418743682235,1078.8531218565997,1094.3697509765625,389000,0.0,0.0
2025-05-19 00:00:00-04:00,1085.578490368916,1096.3863765757678,1085.578490368916,1093.128173828125,185300,0.0,0.0
2025-05-20 00:00:00-04:00,1088.1909232301964,1094.7175144958899,1081.0386173695235,1084.306884765625,149300,0.0,0.0
2025-05-21 00:00:00-04:00,1072.902843920568,1083.7703905308622,1071.1147068717464,1074.2239990234375,150000,0.0,0.0
2025-05-22 00:00:00-04:00,1074.6214202521091,1077.7902524284004,1064.836626239514,1071.0054931640625,157800,0.0,0.0
2025-05-23 00:00:00-04:00,1062.3232959755646,1070.6180158028144,1060.0484111904061,1064.786865234375,127600,0.0,0.0
2025-05-27 00:00:00-04:00,1075.6346454078673,1084.0187357037626,1068.0947847422876,1082.5982666015625,168600,0.0,0.0
2025-05-28 00:00:00-04:00,1085.717338970713,1087.5849028938649,1072.6047386677392,1073.9061279296875,159000,0.0,0.0
2025-05-29 00:00:00-04:00,1074.7704512673592,1079.9459356239277,1068.700777087798,1078.55517578125,150300,0.0,0.0
2025-05-30 00:00:00-04:00,1079.6776621796068,1085.181040182731,1074.2041147552939,1080.3631591796875,360800,0.0,0.0
2025-06-02 00:00:00-04:00,1072.4558442891087,1082.5188150050474,1055.051761514699,1067.3299560546875,159400,0.0,0.0
2025-06-03 00:00:00-04:00,1067.8663317836067,1081.992202245115,1065.8497361464285,1080.8399658203125,176500,0.0,0.0
2025-06-04 00:00:00-04:00,1080.8300389688309,1083.6313243887444,1068.83984375,1068.83984375,189800,0.0,0.0
2025-06-05 00:00:00-04:00,1070.5187539237581,1079.0717633248094,1065.3034954161035,1078.336669921875,144900,0.0,0.0
2025-06-06 00:00:00-04:00,1090.5850036150703,1090.5850036150703,1081.922736919008,1087.1280517578125,167700,0.0,0.0
2025-06-09 00:00:00-04:00,1092.7209366165098,1092.7209366165098,1070.2009078410013,1071.22412109375,170100,0.0,0.0
2025-06-10 00:00:00-04:00,1075.843177302778,1080.9193472615261,1064.906026416289,1078.15771484375,172300,0.0,0.0
2025-06-11 00:00:00-04:00,1076.1013743278008,1076.1013743278008,1066.5549839933196,1071.4920654296875,166300,0.0,0.0
2025-06-12 00:00:00-04:00,1066.108046568573,1075.7240429980427,1063.0285849192912,1074.3929443359375,149700,0.0,0.0
2025-06-13 00:00:00-04:00,1066.8929901818867,1072.3864254633918,1054.932624001908,1057.1876220703125,157600,0.0,0.0
2025-06-16 00:00:00-04:00,1066.4359955548102,1070.5088399636297,1056.5318788700708,1064.70751953125,152700,0.0,0.0
2025-06-17 00:00:00-04:00,1062.1245167422371,1069.51534557263,1036.0880003132347,1038.5416259765625,287300,0.0,0.0
2025-06-18 00:00:00-04:00,1041.2735207348728,1044.243724963352,1035.5119744987444,1035.770263671875,225500,0.0,0.0
2025-06-20 00:00:00-04:00,1043.0019414075568,1045.167568683736,1023.7700701314411,1030.356201171875,392300,0.0,0.0
2025-06-23 00:00:00-04:00,1029.8396438932634,1032.690646969051,1018.5448891194097,1031.4588623046875,296400,0.0,0.0
2025-06-24 00:00:00-04:00,1035.2835241106459,1041.0649574462973,1028.0218391499282,1034.48876953125,242800,0.0,0.0
2025-06-25 00:00:00-04:00,1035.9191556404985,1035.9191556404985,1016.1707659802033,1017.0946044921875,221900,0.0,0.0
2025-06-26 00:00:00-04:00,1020.0846558799985,1020.0846558799985,1001.9157112580757,1008.7600708007812,318700,0.0,0.0
2025-06-27 00:00:00-04:00,1013.8561125309616,1024.5946357076832,1011.2137417228587,1021.9422607421875,375400,0.0,0.0
2025-06-30 00:00:00-04:00,1020.809895945835,1034.4390763406182,1018.7833566042543,1033.3563232421875,338000,0.0,0.0
2025-07-01 00:00:00-04:00,1031.9853311007096,1052.389446488369,1027.9323741485289,1045.1575927734375,268800,0.0,0.0
2025-07-02 00:00:00-04:00,1040.2999496736295,1041.3926461854128,1025.180696928967,1028.4290771484375,210800,0.0,0.0
2025-07-03 00:00:00-04:00,1029.819781370262,1045.3264670100548,1029.819781370262,1043.538330078125,158300,0.0,0.0
2025-07-07 00:00:00-04:00,1041.6213369272773,1044.8299433838504,1025.5881269090758,1027.10791015625,245500,0.0,0.0
2025-07-08 00:00:00-04:00,1023.2733151998352,1037.6574739723044,1023.1938882566893,1029.7601318359375,278300,0.0,0.0
2025-07-09 00:00:00-04:00,1033.455608233779,1038.3729248046875,1026.1244398796714,1038.3729248046875,295200,0.0,0.0
2025-07-10 00:00:00-04:00,1042.9523867400699,1055.4689828965031,1039.6345229026354,1040.935791015625,405500,0.0,0.0
2025-07-11 00:00:00-04:00,1042.0186552029772,1054.3465681915566,1037.5087803029817,1052.47900390625,324800,0.0,0.0
2025-07-14 00:00:00-04:00,1055.6675905504305,1069.6544945044484,1030.3761095554796,1050.571533203125,436100,0.0,0.0
2025-07-15 00:00:00-04:00,1051.6444541441683,1060.0186010805787,1032.3131473851872,1032.501953125,310700,0.0,0.0
2025-07-16 00:00:00-04:00,1038.809986338406,1038.809986338406,1017.8098632298638,1032.770263671875,500800,0.0,0.0
2025-07-17 00:00:00-04:00,1037.2304688755091,1042.0284629308737,1004.3991877696192,1015.4058227539062,676000,0.0,0.0
2025-07-18 00:00:00-04:00,1017.8396243624742,1025.5482826577768,1011.9389295854006,1021.544921875,748500,0.0,0.0
2025-07-21 00:00:00-04:00,1021.9920455511419,1027.3165616218857,1015.0780809755976,1015.4654541015625,254400,0.0,0.0
2025-07-22 00:00:00-04:00,1015.2568544326638,1032.5913314470054,1015.2568544326638,1028.2701416015625,233100,0.0,0.0
2025-07-23 00:00:00-04:00,1035.4820582690559,1039.7536515367192,1032.323048554189,1037.8463134765625,203800,0.0,0.0
2025-07-24 00:00:00-04:00,1035.6610251997743,1048.1279041148457,1035.6610251997743,1045.2470703125,235500,0.0,0.0
2025-07-25 00:00:00-04:00,1048.4855223061493,1048.4855223061493,1037.8464332755514,1047.045166015625,241400,0.0,0.0
2025-07-28 00:00:00-04:00,1044.9688728386882,1047.4820383230292,1035.9389388962538,1041.432373046875,140800,0.0,0.0
2025-07-29 00:00:00-04:00,1045.137695796466,1048.0880126953125,1039.2667713140308,1048.0880126953125,275900,0.0,0.0
2025-07-30 00:00:00-04:00,1049.5484752768593,1055.300077986135,1028.3198942835447,1035.770263671875,256400,0.0,0.0
2025-07-31 00:00:00-04:00,1029.6111364726862,1043.1807754526392,1029.6111364726862,1032.660888671875,427500,0.0,0.0
2025-08-01 00:00:00-04:00,929.9848944604882,954.2035665590927,909.8092967295048,926.2696533203125,1263000,0.0,0.0
2025-08-04 00:00:00-04:00,923.4781956437918,934.6338619259957,920.8854818216712,932.06103515625,410800,0.0,0.0
2025-08-05 00:00:00-04:00,929.2597360110426,941.8259891262654,923.3192670209955,929.4385375976562,308700,0.0,0.0
2025-08-06 00:00:00-04:00,933.2531207882041,954.8393658846811,931.1968721646471,953.91552734375,393000,0.0,0.0
2025-08-07 00:00:00-04:00,958.9816586037327,962.1008942033777,935.3590542960457,936.27294921875,440800,0.0,0.0
2025-08-08 00:00:00-04:00,944.0213308729659,945.1239709078213,932.2894858523806,943.842529296875,208700,0.0,0.0
2025-08-11 00:00:00-04:00,942.8268698117058,947.7757841988755,930.340173359386,935.7670288085938,254500,2.26,0.0
2025-08-12 00:00:00-04:00,939.9491792072403,957.2254355440156,935.7172372619843,956.6180419921875,200900,0.0,0.0
2025-08-13 00:00:00-04:00,956.8271507852556,978.3752189057863,954.5070945098837,977.8972778320312,306800,0.0,0.0
2025-08-14 00:00:00-04:00,974.3623856878859,978.4449408870016,966.3664751835768,970.419189453125,210400,0.0,0.0
2025-08-15 00:00:00-04:00,974.8602419506802,975.0593435460548,964.3849211390889,965.808837890625,237300,0.0,0.0
2025-08-18 00:00:00-04:00,957.7033997972354,977.249998164651,957.7033997972354,973.9739990234375,351400,0.0,0.0
2025-08-19 00:00:00-04:00,977.8275654478481,995.751084977442,977.3197226703779,991.170654296875,352100,0.0,0.0
2025-08-20 00:00:00-04:00,991.1607154326659,999.4453719899153,988.1037522211845,995.3826904296875,353400,0.0,0.0
2025-08-21 00:00:00-04:00,992.9032154545298,999.4851153013509,985.7337957475153,989.8462524414062,341300,0.0,0.0
2025-08-22 00:00:00-04:00,995.8905040966871,1020.9436354136124,993.3712246808645,1017.5181884765625,333400,0.0,0.0
2025-08-25 00:00:00-04:00,1017.518160546667,1019.1312723969838,1004.6829148354012,1009.1439208984375,273100,0.0,0.0
2025-08-26 00:00:00-04:00,1009.2634229626124,1011.7727351163494,1006.086974606793,1007.6602783203125,393200,0.0,0.0
2025-08-27 00:00:00-04:00,1010.9362369546767,1012.8082537600811,1002.830808954236,1012.7285766601562,229900,0.0,0.0
2025-08-28 00:00:00-04:00,1012.9377302447524,1012.9377302447524,1005.2405940203018,1010.1595458984375,241100,0.0,0.0
2025-08-29 00:00:00-04:00,1010.6873522148263,1019.2707217134421,1001.5065563749844,1009.1937255859375,337900,0.0,0.0
2025-09-02 00:00:00-04:00,1001.2177437924156,1017.1597283087381,994.5263257066267,1012.5394287109375,376400,0.0,0.0
2025-09-03 00:00:00-04:00,1010.5280452705891,1014.4114379882812,1008.2377691829245,1014.4114379882812,250300,0.0,0.0
2025-09-04 00:00:00-04:00,1013.7940603049532,1024.2793480973614,1005.3899189610127,1023.6619873046875,256900,0.0,0.0
2025-09-05 00:00:00-04:00,1022.3078505913227,1025.3050711997373,979.8490080629936,989.2488403320312,416000,0.0,0.0
2025-09-08 00:00:00-04:00,989.2488055705436,994.5363021998166,968.0094785931636,993.5604248046875,300400,0.0,0.0
2025-09-09 00:00:00-04:00,992.5248433773291,993.5604026078283,977.5089002680706,990.6229248046875,193700,0.0,0.0
2025-09-10 00:00:00-04:00,984.5588352084429,993.4110767845624,973.9042866312124,989.8363037109375,343000,0.0,0.0
2025-09-11 00:00:00-04:00,995.751076366518,1011.3445114810557,979.3809262400194,1010.378662109375,362300,0.0,0.0
2025-09-12 00:00:00-04:00,1009.0841978013289,1011.1553162814478,999.7340806086422,999.7938232421875,276500,0.0,0.0
2025-09-15 00:00:00-04:00,1001.2277010898713,1011.0657265255501,993.6400827969844,1008.3174438476562,326500,0.0,0.0
2025-09-16 00:00:00-04:00,1007.5706130669774,1013.4853767524189,966.5755592350481,989.4180908203125,403000,0.0,0.0
2025-09-17 00:00:00-04:00,994.8150839676005,1005.1808260983877,984.6683779047515,993.6898803710938,278000,0.0,0.0
2025-09-18 00:00:00-04:00,992.9032699119819,1007.3416609124671,987.5461241131841,1000.9588623046875,269100,0.0,0.0
2025-09-19 00:00:00-04:00,1005.3998968566068,1005.3998968566068,976.2044682910802,983.4136962890625,488400,0.0,0.0
2025-09-22 00:00:00-04:00,973.685277321984,983.3938504966967,970.2598911246935,975.0095825195312,342400,0.0,0.0
2025-09-23 00:00:00-04:00,980.2771454195331,985.7935846096685,967.591225410339,971.634033203125,273800,0.0,0.0
2025-09-24 00:00:00-04:00,962.9510097041984,970.3294982565336,948.8810424804688,948.8810424804688,289900,0.0,0.0
2025-09-25 00:00:00-04:00,948.8811079954341,955.2439722418314,944.9678133848425,947.6663208007812,259300,0.0,0.0
2025-09-26 00:00:00-04:00,952.206900818374,959.914004421864,951.5397038389154,955.6521606445312,162100,0.0,0.0
2025-09-29 00:00:00-04:00,956.7076562795202,957.38475971941,939.9989847953794,943.9520874023438,272500,0.0,0.0
2025-09-30 00:00:00-04:00,941.2037854697021,951.051778015327,933.8352641091317,948.9109497070312,318200,0.0,0.0
2025-10-01 00:00:00-04:00,942.8070062279733,951.2708903553154,938.5451624596933,939.989013671875,247400,0.0,0.0
2025-10-02 00:00:00-04:00,936.7429000251102,950.4743468828626,936.7429000251102,949.6976318359375,268700,0.0,0.0
2025-10-03 00:00:00-04:00,949.329190812655,965.5599216256609,946.8497802919559,952.5255737304688,240300,0.0,0.0
2025-10-06 00:00:00-04:00,956.4886319321805,963.638117466162,946.8198669677935,954.8257446289062,320300,0.0,0.0
2025-10-07 00:00:00-04:00,955.9210116652504,960.0135339102452,949.7672774457538,954.7460327148438,217100,0.0,0.0
2025-10-08 00:00:00-04:00,947.2679730979833,963.5186382845485,943.9820066349838,963.0805053710938,194900,0.0,0.0
2025-10-09 00:00:00-04:00,968.2484734369616,969.134706514934,953.7304051724591,964.4148559570312,230800,0.0,0.0
2025-10-10 00:00:00-04:00,972.5401707408424,976.1447849588136,941.1342020719704,943.533935546875,253600,0.0,0.0
2025-10-13 00:00:00-04:00,935.8765924851892,943.7031816369013,915.2545650827225,931.5151977539062,327100,0.0,0.0
2025-10-14 00:00:00-04:00,929.1851228134174,959.9239530698111,921.4779585833382,955.662109375,278600,0.0,0.0
2025-10-15 00:00:00-04:00,955.8214742379141,957.7332992707527,945.3660880266008,953.9195556640625,216500,0.0,0.0
2025-10-16 00:00:00-04:00,954.1087644453527,957.3648899317141,945.6548474834134,950.504150390625,259300,0.0,0.0
2025-10-17 00:00:00-04:00,945.963523857902,957.4146612519713,942.0800703443668,950.9323120117188,238800,0.0,0.0
2025-10-20 00:00:00-04:00,956.2994222482596,967.0535217028444,954.2979528634247,966.7946166992188,151000,0.0,0.0
2025-10-21 00:00:00-04:00,970.7776308342727,976.4932323384138,965.9084542179307,967.4119873046875,189800,0.0,0.0
2025-10-22 00:00:00-04:00,969.7619794769797,974.3224755629959,961.8357791777985,963.8870239257812,199400,0.0,0.0
2025-10-23 00:00:00-04:00,969.5229737442879,981.3724359546841,950.7829918253937,959.9737548828125,312000,0.0,0.0
2025-10-24 00:00:00-04:00,964.1459618876589,974.053697406411,960.4417362226684,964.2952880859375,303200,0.0,0.0
2025-10-27 00:00:00-04:00,967.1132310910076,975.4178215121988,962.1643775908886,974.1531982421875,214000,0.0,0.0
2025-10-28 00:00:00-04:00,970.7875924822923,977.2400400281153,958.3207695207635,959.38623046875,314700,0.0,0.0
2025-10-29 00:00:00-04:00,956.667851840188,962.7320026697174,949.7175287374812,954.8953857421875,284700,0.0,0.0
2025-10-30 00:00:00-04:00,951.8683215497022,972.7492532774419,949.1698142466156,952.177001953125,510000,0.0,0.0
2025-10-31 00:00:00-04:00,964.9027554492054,988.84059013991,917.2460613627295,974.84033203125,886700,0.0,0.0
2025-11-03 00:00:00-05:00,962.6124363221074,970.2797316454152,955.5028199376351,962.2141723632812,420900,0.0,0.0
2025-11-04 00:00:00-05:00,961.845720120071,965.9282750350199,950.2451963037736,951.8085327148438,378400,0.0,0.0
2025-11-05 00:00:00-05:00,951.3505194046501,965.7889101679007,951.3505194046501,958.3009033203125,259300,0.0,0.0
2025-11-06 00:00:00-05:00,953.3719018791563,961.2084578967872,947.4770725929806,948.6121826171875,269100,0.0,0.0
2025-11-07 00:00:00-05:00,946.9393696300959,953.4914289406827,941.5224811692976,950.9821166992188,188200,0.0,0.0
2025-11-10 00:00:00-05:00,949.9640105965851,957.2402322206916,936.5493698356119,948.1674194335938,229400,2.26,0.0
2025-11-11 00:00:00-05:00,949.7344954013245,957.1005133202998,943.7158447490117,943.8256225585938,144300,0.0,0.0
2025-11-12 00:00:00-05:00,943.0669988974112,948.057563660418,934.5531270901112,943.186767578125,202100,0.0,0.0
2025-11-13 00:00:00-05:00,941.2205081231908,951.6807123033797,931.6885416724291,933.1757202148438,232700,0.0,0.0
2025-11-14 00:00:00-05:00,932.5868123686855,938.0964153583287,919.8009878898783,924.4622192382812,239900,0.0,0.0
2025-11-17 00:00:00-05:00,920.3899186912704,930.0316631849711,915.0200660344536,921.7273559570312,302700,0.0,0.0
2025-11-18 00:00:00-05:00,920.2102932024404,926.2488646728302,911.017650534569,916.4473876953125,271600,0.0,0.0
2025-11-19 00:00:00-05:00,916.2178056627956,922.9051746922713,904.8093818173976,920.819091796875,259900,0.0,0.0
2025-11-20 00:00:00-05:00,928.9037871155383,935.2318501314649,918.6432174925927,923.4042358398438,350600,0.0,0.0
2025-11-21 00:00:00-05:00,929.1233895038548,955.8827953065033,914.3812417104442,950.353271484375,414000,0.0,0.0
2025-11-24 00:00:00-05:00,942.4481695041701,954.1959783978764,927.9456200464496,928.2051391601562,495200,0.0,0.0
2025-11-25 00:00:00-05:00,935.9804484643574,943.8854862207723,930.4608544347012,939.972900390625,232300,0.0,0.0
2025-11-26 00:00:00-05:00,936.3397285200633,947.8180274893951,931.7684150537933,943.3165283203125,221200,0.0,0.0
2025-11-28 00:00:00-05:00,942.2386186473921,948.1973237937841,940.8412361314643,946.8399047851562,106700,0.0,0.0
2025-12-01 00:00:00-05:00,939.8131963107904,953.7368231816087,939.5436863207814,943.0869750976562,280500,0.0,0.0
2025-12-02 00:00:00-05:00,944.025223974636,960.1646936121206,939.7333503955622,959.3363037109375,288100,0.0,0.0
2025-12-03 00:00:00-05:00,960.0749265099124,974.0784201970042,958.0387370046883,969.327392578125,228000,0.0,0.0
2025-12-04 00:00:00-05:00,973.120236164969,977.3622162569662,966.0834910410833,967.0816040039062,280200,0.0,0.0
2025-12-05 00:00:00-05:00,963.7080371063256,975.2961139703206,959.9950252105868,973.6990966796875,208300,0.0,0.0
2025-12-08 00:00:00-05:00,967.1914288931088,975.3958880885554,955.9825790553664,957.2601928710938,284900,0.0,0.0
2025-12-09 00:00:00-05:00,958.0386857323946,969.4371794248016,956.3319515855127,956.8709106445312,178100,0.0,0.0
2025-12-10 00:00:00-05:00,963.1391215668535,995.2284172703845,957.330096722175,993.6913452148438,312600,0.0,0.0
2025-12-11 00:00:00-05:00,998.1129998454596,1033.905317399122,995.9371208161945,1030.44189453125,478900,0.0,0.0
2025-12-12 00:00:00-05:00,1039.3450734256153,1040.033712890509,1017.476384176615,1020.6104125976562,386200,0.0,0.0
2025-12-15 00:00:00-05:00,1023.2754204181736,1036.6501593871305,1021.7084365707816,1027.6173095703125,397600,0.0,0.0
2025-12-16 00:00:00-05:00,1028.605354559984,1029.0544566537712,1015.8494417528891,1020.1513061523438,274300,0.0,0.0
2025-12-17 00:00:00-05:00,1016.3485126634885,1022.337190478817,1006.6668046780445,1018.1251220703125,258400,0.0,0.0
2025-12-18 00:00:00-05:00,1021.0197117065488,1027.9865819142553,1010.9487246708725,1017.59619140625,369200,0.0,0.0
2025-12-19 00:00:00-05:00,1020.1812115979906,1028.0563373857503,1008.2138470876581,1023.0857543945312,891800,0.0,0.0
2025-12-22 00:00:00-05:00,1023.0657445956459,1033.3563473000747,1019.5324467845272,1032.9171142578125,228700,0.0,0.0
2025-12-23 00:00:00-05:00,1032.84735126112,1033.2664807314186,1019.4027378616112,1021.9678955078125,265400,0.0,0.0
2025-12-24 00:00:00-05:00,1019.8617801541398,1030.8410832108962,1017.2567200497534,1028.784912109375,83700,0.0,0.0
2025-12-26 00:00:00-05:00,1030.0825433789264,1037.7879461588277,1014.8213572905781,1022.34716796875,128400,0.0,0.0
2025-12-29 00:00:00-05:00,1023.5948557031503,1027.537353323217,1015.9991694623014,1024.3734130859375,223700,0.0,0.0
2025-12-30 00:00:00-05:00,1020.4307700649031,1024.982223729985,1011.66736979218,1019.1632080078125,254300,0.0,0.0
2025-12-31 00:00:00-05:00,1019.0733361258508,1019.7121430435321,1006.9163275361379,1007.1458740234375,178600,0.0,0.0
2026-01-02 00:00:00-05:00,1005.3792551462145,1011.996688048037,995.3681528804166,1001.915771484375,222800,0.0,0.0
2026-01-05 00:00:00-05:00,994.4000016781797,1029.7930479893096,994.4000016781797,1013.14453125,294900,0.0,0.0
2026-01-06 00:00:00-05:00,1008.4335494263215,1034.2646586960122,1006.1079289998518,1027.038330078125,229400,0.0,0.0
2026-01-07 00:00:00-05:00,1020.3409523764374,1024.383236749617,1000.3088180125777,1002.7841186523438,261800,0.0,0.0
2026-01-08 00:00:00-05:00,998.6319825367374,1036.610106963807,998.6319825367374,1031.3800048828125,250400,0.0,0.0
2026-01-09 00:00:00-05:00,1035.4225019893315,1042.3194971555072,1024.4232768825134,1027.876708984375,194800,0.0,0.0
2026-01-12 00:00:00-05:00,1022.5067944913409,1033.2964542011975,1022.1874519499034,1030.362060546875,173500,0.0,0.0
2026-01-13 00:00:00-05:00,1031.6295915634262,1040.0837012790594,1021.5786472543807,1039.9339599609375,176200,0.0,0.0
2026-01-14 00:00:00-05:00,1039.0355676904078,1051.262451171875,1031.7692762655458,1051.262451171875,190200,0.0,0.0
2026-01-15 00:00:00-05:00,1058.9479161293953,1063.2698233052065,1053.777759129554,1061.2935791015625,183600,0.0,0.0
2026-01-16 00:00:00-05:00,1056.2330519289399,1072.2727953317972,1053.2586948200983,1066.7032470703125,283600,0.0,0.0
2026-01-20 00:00:00-05:00,1048.8869725415348,1056.4726067501074,1031.8990702875174,1032.29833984375,270800,0.0,0.0
2026-01-21 00:00:00-05:00,1039.4947080691472,1066.154388690681,1033.1267423653396,1056.5823974609375,168400,0.0,0.0
2026-01-22 00:00:00-05:00,1060.9243400831324,1066.4837760689636,1055.055430573796,1064.6173095703125,172400,0.0,0.0
2026-01-23 00:00:00-05:00,1063.7988407295013,1069.8873054652913,1047.359827550917,1055.86376953125,231900,0.0,0.0
2026-01-26 00:00:00-05:00,1059.3771505811233,1062.9503511567636,1046.102199323977,1047.9886474609375,206400,0.0,0.0
2026-01-27 00:00:00-05:00,1058.9879125182251,1063.848718002342,1043.3574286696,1055.564453125,159000,0.0,0.0
2026-01-28 00:00:00-05:00,1055.5344146358657,1071.1249340025806,1051.5719354757887,1067.9908447265625,315200,0.0,0.0
2026-01-29 00:00:00-05:00,1072.9714908322903,1084.729291387375,1062.4613315456154,1080.1678466796875,448700,0.0,0.0
2026-01-30 00:00:00-05:00,1077.9620448728297,1080.7368282669645,1064.1382041283334,1077.902099609375,346100,0.0,0.0
2026-02-02 00:00:00-05:00,1084.709303854586,1096.7564742685902,1076.6146219690597,1094.111572265625,420800,0.0,0.0
2026-02-03 00:00:00-05:00,1084.948755305567,1167.3628863561335,1084.948755305567,1152.8204345703125,897000,0.0,0.0
2026-02-04 00:00:00-05:00,1154.6071280472045,1202.087307865045,1147.5603920782632,1192.6751708984375,613200,0.0,0.0
2026-02-05 00:00:00-05:00,1192.7449724602818,1196.8571929310654,1177.4339539582816,1180.9173583984375,449100,0.0,0.0
2026-02-06 00:00:00-05:00,1192.6052404925456,1196.867202339461,1174.778957592021,1195.3900146484375,233100,0.0,0.0
2026-02-09 00:00:00-05:00,1187.3199462890625,1197.6500244140625,1174.8399658203125,1190.1500244140625,250000,2.26,0.0
2026-02-10 00:00:00-05:00,1190.1500244140625,1191.31005859375,1170.489990234375,1188.030029296875,217200,0.0,0.0
2026-02-11 00:00:00-05:00,1194.300048828125,1208.280029296875,1184.77001953125,1202.469970703125,226100,0.0,0.0
2026-02-12 00:00:00-05:00,1204.0,1218.6300048828125,1114.4200439453125,1116.5999755859375,789700,0.0,0.0
2026-02-13 00:00:00-05:00,1117.5,1142.530029296875,1111.0699462890625,1131.4200439453125,319500,0.0,0.0
2026-02-17 00:00:00-05:00,1128.9000244140625,1140.3299560546875,1120.050048828125,1132.219970703125,248300,0.0,0.0
2026-02-18 00:00:00-05:00,1131.75,1143.5799560546875,1128.1600341796875,1134.0400390625,158500,0.0,0.0
2026-02-19 00:00:00-05:00,1134.3599853515625,1143.5899658203125,1117.8800048828125,1127.72998046875,195600,0.0,0.0
2026-02-20 00:00:00-05:00,1127.72998046875,1143.239990234375,1099.2099609375,1127.0699462890625,482200,0.0,0.0
2026-02-23 00:00:00-05:00,1122.68994140625,1130.27001953125,1112.1400146484375,1116.75,232600,0.0,0.0
2026-02-24 00:00:00-05:00,1117.9300537109375,1130.969970703125,1112.6400146484375,1126.6800537109375,129100,0.0,0.0
2026-02-25 00:00:00-05:00,1128.0899658203125,1127.0899658203125,1108.9599609375,1117.1800537109375,136479,0.0,0.0
