Date,Open,High,Low,Close,Volume,Dividends,Stock Splits
2024-04-10 00:00:00-04:00,191.60000610351562,351.6000061035156,191.60000610351562,268.0,144168,0.0,0.0
2024-04-11 00:00:00-04:00,278.0,491.6000061035156,268.44000244140625,408.0,262020,0.0,0.0
2024-04-12 00:00:00-04:00,462.79998779296875,640.0,406.79998779296875,600.0,266500,0.0,0.0
2024-04-15 00:00:00-04:00,581.2000122070312,860.0,581.2000122070312,666.0,273018,0.0,0.0
2024-04-16 00:00:00-04:00,749.5999755859375,764.0,640.4000244140625,720.0,110883,0.0,0.0
2024-04-17 00:00:00-04:00,697.2000122070312,788.0,697.2000122070312,724.0,66075,0.0,0.0
2024-04-18 00:00:00-04:00,724.0,869.5999755859375,718.7999877929688,814.7999877929688,126175,0.0,0.0
2024-04-19 00:00:00-04:00,892.0,1180.0,892.0,1090.800048828125,258783,0.0,0.0
2024-04-22 00:00:00-04:00,980.4000244140625,1065.5999755859375,892.0,954.0,74875,0.0,0.0
2024-04-23 00:00:00-04:00,960.0,976.0,920.0,920.0,79800,0.0,0.0
2024-04-24 00:00:00-04:00,925.2000122070312,1098.4000244140625,911.2000122070312,955.2000122070312,152910,0.0,0.0
2024-04-25 00:00:00-04:00,988.4000244140625,1001.5999755859375,880.0,951.2000122070312,36888,0.0,0.0
2024-04-26 00:00:00-04:00,930.0,974.7999877929688,916.0,959.5999755859375,25875,0.0,0.0
2024-04-29 00:00:00-04:00,932.0,980.0,920.0,972.0,15098,0.0,0.0
2024-04-30 00:00:00-04:00,960.0,1040.0,861.5999755859375,986.0,103458,0.0,0.0
2024-05-01 00:00:00-04:00,959.2000122070312,972.0,315.20001220703125,857.2000122070312,62225,0.0,0.0
2024-05-02 00:00:00-04:00,840.0,1039.5999755859375,808.0,882.7999877929688,125880,0.0,0.0
2024-05-03 00:00:00-04:00,930.4000244140625,944.0,116.80000305175781,135.60000610351562,469093,0.0,0.0
2024-05-06 00:00:00-04:00,128.0,138.39999389648438,98.0,102.4000015258789,251423,0.0,0.0
2024-05-07 00:00:00-04:00,103.19999694824219,127.19999694824219,92.4000015258789,110.80000305175781,228270,0.0,0.0
2024-05-08 00:00:00-04:00,106.80000305175781,107.5999984741211,98.4000015258789,99.19999694824219,48428,0.0,0.0
2024-05-09 00:00:00-04:00,96.80000305175781,96.80000305175781,88.4000015258789,91.5999984741211,35293,0.0,0.0
2024-05-10 00:00:00-04:00,102.4000015258789,103.19999694824219,92.4000015258789,98.80000305175781,55700,0.0,0.0
2024-05-13 00:00:00-04:00,94.4000015258789,98.0,92.0,96.80000305175781,23710,0.0,0.0
2024-05-14 00:00:00-04:00,93.19999694824219,95.5999984741211,88.0,91.5999984741211,30460,0.0,0.0
2024-05-15 00:00:00-04:00,90.0,99.19999694824219,85.95999908447266,90.80000305175781,36685,0.0,0.0
2024-05-16 00:00:00-04:00,93.19999694824219,93.19999694824219,83.19999694824219,84.80000305175781,23368,0.0,0.0
2024-05-17 00:00:00-04:00,84.0,84.4000015258789,76.80000305175781,80.80000305175781,32053,0.0,0.0
2024-05-20 00:00:00-04:00,79.5999984741211,79.5999984741211,72.80000305175781,77.19999694824219,33340,0.0,0.0
2024-05-21 00:00:00-04:00,80.4000015258789,108.4000015258789,70.80000305175781,72.0,232538,0.0,0.0
2024-05-22 00:00:00-04:00,70.0,73.5999984741211,65.5999984741211,72.4000015258789,35488,0.0,0.0
2024-05-23 00:00:00-04:00,72.80000305175781,76.4000015258789,69.5999984741211,73.19999694824219,19415,0.0,0.0
2024-05-24 00:00:00-04:00,71.5999984741211,72.0,70.0,72.0,7613,0.0,0.0
2024-05-28 00:00:00-04:00,71.19999694824219,74.76000213623047,70.80000305175781,72.4000015258789,8968,0.0,0.0
2024-05-29 00:00:00-04:00,74.4000015258789,74.4000015258789,68.0,68.4000015258789,11713,0.0,0.0
2024-05-30 00:00:00-04:00,67.5999984741211,68.0,62.0,62.0,17005,0.0,0.0
2024-05-31 00:00:00-04:00,62.0,64.0,54.79999923706055,56.79999923706055,19420,0.0,0.0
2024-06-03 00:00:00-04:00,58.0,58.0,52.0,53.20000076293945,16153,0.0,0.0
2024-06-04 00:00:00-04:00,52.400001525878906,54.0,50.20000076293945,52.0,14325,0.0,0.0
2024-06-05 00:00:00-04:00,52.400001525878906,81.5999984741211,50.400001525878906,76.4000015258789,159318,0.0,0.0
2024-06-06 00:00:00-04:00,65.5999984741211,86.80000305175781,64.4000015258789,74.0,91065,0.0,0.0
2024-06-07 00:00:00-04:00,69.5999984741211,73.4000015258789,62.0,64.4000015258789,13940,0.0,0.0
2024-06-10 00:00:00-04:00,65.5999984741211,69.19999694824219,63.20000076293945,66.4000015258789,8583,0.0,0.0
2024-06-11 00:00:00-04:00,64.4000015258789,66.80000305175781,61.20000076293945,61.20000076293945,4413,0.0,0.0
2024-06-12 00:00:00-04:00,60.0,66.0,60.0,66.0,5895,0.0,0.0
2024-06-13 00:00:00-04:00,66.80000305175781,66.80000305175781,61.20000076293945,64.80000305175781,5250,0.0,0.0
2024-06-14 00:00:00-04:00,64.80000305175781,65.19999694824219,62.040000915527344,63.20000076293945,3328,0.0,0.0
2024-06-17 00:00:00-04:00,62.400001525878906,64.80000305175781,56.79999923706055,58.400001525878906,5858,0.0,0.0
2024-06-18 00:00:00-04:00,58.400001525878906,61.20000076293945,58.400001525878906,58.400001525878906,3380,0.0,0.0
2024-06-20 00:00:00-04:00,56.0,58.400001525878906,52.400001525878906,55.20000076293945,63828,0.0,0.0
2024-06-21 00:00:00-04:00,56.0,60.0,55.20000076293945,56.79999923706055,8485,0.0,0.0
2024-06-24 00:00:00-04:00,55.20000076293945,58.79999923706055,55.20000076293945,56.400001525878906,6473,0.0,0.0
2024-06-25 00:00:00-04:00,52.79999923706055,58.0,52.79999923706055,56.0,4960,0.0,0.0
2024-06-26 00:00:00-04:00,57.20000076293945,57.20000076293945,52.79999923706055,55.599998474121094,7173,0.0,0.0
2024-06-27 00:00:00-04:00,56.79999923706055,58.79999923706055,55.79999923706055,56.400001525878906,5763,0.0,0.0
2024-06-28 00:00:00-04:00,56.0,57.599998474121094,56.0,56.400001525878906,3975,0.0,0.0
2024-07-01 00:00:00-04:00,58.79999923706055,58.79999923706055,54.79999923706055,57.599998474121094,5923,0.0,0.0
2024-07-02 00:00:00-04:00,58.79999923706055,58.79999923706055,56.0,58.0,4625,0.0,0.0
2024-07-03 00:00:00-04:00,57.959999084472656,62.0,56.79999923706055,60.79999923706055,5428,0.0,0.0
2024-07-05 00:00:00-04:00,63.599998474121094,63.599998474121094,57.20000076293945,60.79999923706055,6605,0.0,0.0
2024-07-08 00:00:00-04:00,61.20000076293945,61.20000076293945,58.0,59.20000076293945,2888,0.0,0.0
2024-07-09 00:00:00-04:00,57.599998474121094,59.20000076293945,54.79999923706055,57.599998474121094,7538,0.0,0.0
2024-07-10 00:00:00-04:00,58.400001525878906,58.400001525878906,55.599998474121094,57.20000076293945,3925,0.0,0.0
2024-07-11 00:00:00-04:00,59.20000076293945,59.20000076293945,56.400001525878906,56.79999923706055,4818,0.0,0.0
2024-07-12 00:00:00-04:00,56.0,56.79999923706055,55.20000076293945,56.400001525878906,3538,0.0,0.0
2024-07-15 00:00:00-04:00,54.79999923706055,56.720001220703125,54.400001525878906,55.20000076293945,4428,0.0,0.0
2024-07-16 00:00:00-04:00,56.79999923706055,57.599998474121094,54.400001525878906,56.79999923706055,3465,0.0,0.0
2024-07-17 00:00:00-04:00,57.599998474121094,57.599998474121094,55.20000076293945,55.599998474121094,2305,0.0,0.0
2024-07-18 00:00:00-04:00,56.79999923706055,56.79999923706055,52.400001525878906,54.400001525878906,7733,0.0,0.0
2024-07-19 00:00:00-04:00,52.79999923706055,54.119998931884766,42.79999923706055,44.79999923706055,19813,0.0,0.0
2024-07-22 00:00:00-04:00,48.0,48.0,45.400001525878906,46.79999923706055,9533,0.0,0.0
2024-07-23 00:00:00-04:00,46.0,50.0,44.880001068115234,47.599998474121094,6548,0.0,0.0
2024-07-24 00:00:00-04:00,46.400001525878906,47.599998474121094,44.0,45.599998474121094,5593,0.0,0.0
2024-07-25 00:00:00-04:00,46.400001525878906,46.400001525878906,44.20000076293945,44.79999923706055,3578,0.0,0.0
2024-07-26 00:00:00-04:00,44.400001525878906,45.20000076293945,42.79999923706055,44.400001525878906,48463,0.0,0.0
2024-07-29 00:00:00-04:00,45.599998474121094,47.599998474121094,44.400001525878906,45.20000076293945,14703,0.0,0.0
2024-07-30 00:00:00-04:00,44.79999923706055,45.15999984741211,42.0,43.599998474121094,5538,0.0,0.0
2024-07-31 00:00:00-04:00,44.79999923706055,45.599998474121094,42.79999923706055,45.20000076293945,5630,0.0,0.0
2024-08-01 00:00:00-04:00,46.79999923706055,46.79999923706055,41.599998474121094,42.400001525878906,5213,0.0,0.0
2024-08-02 00:00:00-04:00,41.20000076293945,41.20000076293945,36.0,38.720001220703125,12485,0.0,0.0
2024-08-05 00:00:00-04:00,37.20000076293945,37.20000076293945,32.08000183105469,32.79999923706055,7070,0.0,0.0
2024-08-06 00:00:00-04:00,36.79999923706055,36.79999923706055,33.20000076293945,33.599998474121094,4373,0.0,0.0
2024-08-07 00:00:00-04:00,35.20000076293945,35.20000076293945,32.400001525878906,32.91999816894531,3920,0.0,0.0
2024-08-08 00:00:00-04:00,32.400001525878906,34.720001220703125,32.400001525878906,33.63999938964844,2470,0.0,0.0
2024-08-09 00:00:00-04:00,33.0,33.52000045776367,31.959999084472656,33.040000915527344,4958,0.0,0.0
2024-08-12 00:00:00-04:00,34.63999938964844,34.63999938964844,32.47999954223633,32.47999954223633,2205,0.0,0.0
2024-08-13 00:00:00-04:00,33.20000076293945,34.79999923706055,32.84000015258789,33.79999923706055,3483,0.0,0.0
2024-08-14 00:00:00-04:00,35.15999984741211,40.400001525878906,35.0,37.040000915527344,19803,0.0,0.0
2024-08-15 00:00:00-04:00,37.20000076293945,37.400001525878906,35.599998474121094,36.79999923706055,4455,0.0,0.0
2024-08-16 00:00:00-04:00,34.0,35.400001525878906,32.79999923706055,34.400001525878906,13170,0.0,0.0
2024-08-19 00:00:00-04:00,35.20000076293945,35.20000076293945,32.84000015258789,34.36000061035156,5555,0.0,0.0
2024-08-20 00:00:00-04:00,34.79999923706055,34.79999923706055,31.079999923706055,32.47999954223633,8088,0.0,0.0
2024-08-21 00:00:00-04:00,32.400001525878906,33.36000061035156,30.399999618530273,30.399999618530273,5715,0.0,0.0
2024-08-22 00:00:00-04:00,31.920000076293945,32.720001220703125,30.520000457763672,30.799999237060547,6305,0.0,0.0
2024-08-23 00:00:00-04:00,30.84000015258789,32.0,30.799999237060547,31.760000228881836,5765,0.0,0.0
2024-08-26 00:00:00-04:00,31.15999984741211,32.0,30.8799991607666,31.239999771118164,2340,0.0,0.0
2024-08-27 00:00:00-04:00,32.119998931884766,32.119998931884766,30.84000015258789,31.600000381469727,1635,0.0,0.0
2024-08-28 00:00:00-04:00,31.600000381469727,31.799999237060547,30.68000030517578,31.479999542236328,1993,0.0,0.0
2024-08-29 00:00:00-04:00,31.239999771118164,33.599998474121094,31.200000762939453,32.7599983215332,2548,0.0,0.0
2024-08-30 00:00:00-04:00,32.2400016784668,34.0,32.0,32.560001373291016,2610,0.0,0.0
2024-09-03 00:00:00-04:00,32.79999923706055,32.79999923706055,31.600000381469727,31.959999084472656,1550,0.0,0.0
2024-09-04 00:00:00-04:00,31.600000381469727,32.79999923706055,30.639999389648438,32.20000076293945,1793,0.0,0.0
2024-09-05 00:00:00-04:00,30.8799991607666,32.720001220703125,30.8799991607666,31.600000381469727,1368,0.0,0.0
2024-09-06 00:00:00-04:00,32.400001525878906,34.0,30.760000228881836,31.200000762939453,6278,0.0,0.0
2024-09-09 00:00:00-04:00,30.280000686645508,31.600000381469727,30.280000686645508,30.479999542236328,1290,0.0,0.0
2024-09-10 00:00:00-04:00,30.399999618530273,30.719999313354492,30.040000915527344,30.239999771118164,3088,0.0,0.0
2024-09-11 00:00:00-04:00,30.0,31.920000076293945,30.0,31.239999771118164,1828,0.0,0.0
2024-09-12 00:00:00-04:00,31.239999771118164,32.0,30.479999542236328,31.8799991607666,2158,0.0,0.0
2024-09-13 00:00:00-04:00,31.440000534057617,32.0,31.040000915527344,31.1200008392334,1238,0.0,0.0
2024-09-16 00:00:00-04:00,31.959999084472656,32.0,31.1200008392334,31.31999969482422,1125,0.0,0.0
2024-09-17 00:00:00-04:00,31.31999969482422,32.0,31.280000686645508,31.920000076293945,1608,0.0,0.0
2024-09-18 00:00:00-04:00,31.600000381469727,31.920000076293945,30.520000457763672,30.68000030517578,1453,0.0,0.0
2024-09-19 00:00:00-04:00,31.360000610351562,31.600000381469727,30.0,30.639999389648438,3025,0.0,0.0
2024-09-20 00:00:00-04:00,30.600000381469727,31.559999465942383,30.239999771118164,31.15999984741211,1348,0.0,0.0
2024-09-23 00:00:00-04:00,30.31999969482422,31.1200008392334,28.799999237060547,29.559999465942383,3850,0.0,0.0
2024-09-24 00:00:00-04:00,29.200000762939453,29.200000762939453,28.799999237060547,29.079999923706055,1560,0.0,0.0
2024-09-25 00:00:00-04:00,29.079999923706055,29.15999984741211,28.0,28.31999969482422,2455,0.0,0.0
2024-09-26 00:00:00-04:00,28.0,28.399999618530273,26.399999618530273,27.040000915527344,4650,0.0,0.0
2024-09-27 00:00:00-04:00,26.639999389648438,27.520000457763672,25.200000762939453,27.1200008392334,14328,0.0,0.0
2024-09-30 00:00:00-04:00,27.1200008392334,27.399999618530273,24.399999618530273,24.399999618530273,7248,0.0,0.0
2024-10-01 00:00:00-04:00,24.920000076293945,25.520000457763672,24.920000076293945,25.280000686645508,5673,0.0,0.0
2024-10-02 00:00:00-04:00,25.520000457763672,25.520000457763672,24.399999618530273,24.760000228881836,3213,0.0,0.0
2024-10-03 00:00:00-04:00,24.719999313354492,25.639999389648438,23.239999771118164,23.280000686645508,8340,0.0,0.0
2024-10-04 00:00:00-04:00,24.079999923706055,24.1200008392334,22.799999237060547,23.200000762939453,3528,0.0,0.0
2024-10-07 00:00:00-04:00,23.200000762939453,23.639999389648438,19.600000381469727,20.040000915527344,26305,0.0,0.0
2024-10-08 00:00:00-04:00,20.0,21.200000762939453,20.0,20.68000030517578,7895,0.0,0.0
2024-10-09 00:00:00-04:00,20.719999313354492,20.799999237060547,18.399999618530273,19.84000015258789,15508,0.0,0.0
2024-10-10 00:00:00-04:00,20.0,20.399999618530273,18.399999618530273,20.0,8963,0.0,0.0
2024-10-11 00:00:00-04:00,19.600000381469727,22.0,18.799999237060547,22.0,12830,0.0,0.0
2024-10-14 00:00:00-04:00,23.15999984741211,28.200000762939453,19.520000457763672,20.399999618530273,53050,0.0,0.0
2024-10-15 00:00:00-04:00,21.1200008392334,21.1200008392334,17.0,17.639999389648438,18895,0.0,0.0
2024-10-16 00:00:00-04:00,17.920000076293945,18.0,16.31999969482422,17.68000030517578,7228,0.0,0.0
2024-10-17 00:00:00-04:00,17.799999237060547,19.200000762939453,17.239999771118164,19.15999984741211,5803,0.0,0.0
2024-10-18 00:00:00-04:00,19.0,20.0,18.399999618530273,20.0,4370,0.0,0.0
2024-10-21 00:00:00-04:00,20.0,20.0,17.719999313354492,19.239999771118164,6685,0.0,0.0
2024-10-22 00:00:00-04:00,19.239999771118164,23.239999771118164,19.200000762939453,21.479999542236328,31090,0.0,0.0
2024-10-23 00:00:00-04:00,20.8799991607666,22.0,19.68000030517578,20.399999618530273,212863,0.0,0.0
2024-10-24 00:00:00-04:00,22.040000915527344,24.760000228881836,16.399999618530273,17.360000610351562,386008,0.0,0.0
2024-10-25 00:00:00-04:00,16.799999237060547,20.0,16.0,19.1200008392334,40283,0.0,0.0
2024-10-28 00:00:00-04:00,18.0,19.520000457763672,17.079999923706055,18.600000381469727,13843,0.0,0.0
2024-10-29 00:00:00-04:00,18.040000915527344,21.200000762939453,17.959999084472656,19.440000534057617,17143,0.0,0.0
2024-10-30 00:00:00-04:00,18.84000015258789,18.84000015258789,17.559999465942383,18.399999618530273,10405,0.0,0.0
2024-10-31 00:00:00-04:00,18.399999618530273,18.399999618530273,16.68000030517578,17.719999313354492,5825,0.0,0.0
2024-11-01 00:00:00-04:00,17.200000762939453,18.0,17.200000762939453,17.600000381469727,10295,0.0,0.0
2024-11-04 00:00:00-05:00,17.200000762939453,18.68000030517578,17.200000762939453,17.600000381469727,9538,0.0,0.0
2024-11-05 00:00:00-05:00,17.559999465942383,18.0,17.200000762939453,17.600000381469727,4885,0.0,0.0
2024-11-06 00:00:00-05:00,16.399999618530273,17.559999465942383,15.920000076293945,15.920000076293945,21010,0.0,0.0
2024-11-07 00:00:00-05:00,15.920000076293945,16.639999389648438,15.640000343322754,16.0,13790,0.0,0.0
2024-11-08 00:00:00-05:00,15.960000038146973,16.1200008392334,12.0,14.399999618530273,18338,0.0,0.0
2024-11-11 00:00:00-05:00,14.15999984741211,15.960000038146973,14.15999984741211,15.199999809265137,8035,0.0,0.0
2024-11-12 00:00:00-05:00,15.199999809265137,15.760000228881836,14.800000190734863,15.5600004196167,5768,0.0,0.0
2024-11-13 00:00:00-05:00,15.119999885559082,15.5600004196167,14.600000381469727,14.600000381469727,4470,0.0,0.0
2024-11-14 00:00:00-05:00,14.15999984741211,14.4399995803833,11.239999771118164,11.800000190734863,20110,0.0,0.0
2024-11-15 00:00:00-05:00,11.4399995803833,12.279999732971191,9.199999809265137,10.399999618530273,32245,0.0,0.0
2024-11-18 00:00:00-05:00,12.0,12.680000305175781,10.0,10.800000190734863,612583,0.0,0.0
2024-11-19 00:00:00-05:00,10.079999923706055,11.15999984741211,9.880000114440918,11.079999923706055,41300,0.0,0.0
2024-11-20 00:00:00-05:00,10.680000305175781,11.079999923706055,10.119999885559082,10.800000190734863,17805,0.0,0.0
2024-11-21 00:00:00-05:00,10.600000381469727,11.920000076293945,10.279999732971191,11.359999656677246,17223,0.0,0.0
2024-11-22 00:00:00-05:00,11.319999694824219,11.960000038146973,11.039999961853027,11.5600004196167,9683,0.0,0.0
2024-11-25 00:00:00-05:00,11.4399995803833,11.640000343322754,11.199999809265137,11.479999542236328,7183,0.0,0.0
2024-11-26 00:00:00-05:00,11.479999542236328,11.800000190734863,11.039999961853027,11.4399995803833,9420,0.0,0.0
2024-11-27 00:00:00-05:00,11.399999618530273,12.399999618530273,11.399999618530273,11.5600004196167,11273,0.0,0.0
2024-11-29 00:00:00-05:00,11.399999618530273,11.960000038146973,11.039999961853027,11.399999618530273,4638,0.0,0.0
2024-12-02 00:00:00-05:00,11.4399995803833,14.0,11.4399995803833,12.279999732971191,75540,0.0,0.0
2024-12-03 00:00:00-05:00,12.079999923706055,12.600000381469727,11.359999656677246,12.399999618530273,14200,0.0,0.0
2024-12-04 00:00:00-05:00,12.4399995803833,12.4399995803833,11.640000343322754,12.039999961853027,5268,0.0,0.0
2024-12-05 00:00:00-05:00,11.960000038146973,13.319999694824219,11.600000381469727,12.880000114440918,10248,0.0,0.0
2024-12-06 00:00:00-05:00,13.199999809265137,13.399999618530273,12.5600004196167,13.079999923706055,5473,0.0,0.0
2024-12-09 00:00:00-05:00,13.079999923706055,13.960000038146973,12.399999618530273,13.600000381469727,11000,0.0,0.0
2024-12-10 00:00:00-05:00,14.0,14.0,13.399999618530273,13.479999542236328,8620,0.0,0.0
2024-12-11 00:00:00-05:00,13.520000457763672,13.520000457763672,12.920000076293945,13.079999923706055,4755,0.0,0.0
2024-12-12 00:00:00-05:00,13.079999923706055,13.079999923706055,12.640000343322754,12.960000038146973,2140,0.0,0.0
2024-12-13 00:00:00-05:00,13.600000381469727,13.600000381469727,11.800000190734863,12.039999961853027,4743,0.0,0.0
2024-12-16 00:00:00-05:00,12.359999656677246,12.5600004196167,11.520000457763672,11.640000343322754,3280,0.0,0.0
2024-12-17 00:00:00-05:00,11.920000076293945,12.0,11.199999809265137,11.920000076293945,6763,0.0,0.0
2024-12-18 00:00:00-05:00,11.520000457763672,12.760000228881836,11.520000457763672,12.0,11230,0.0,0.0
2024-12-19 00:00:00-05:00,11.800000190734863,12.279999732971191,11.199999809265137,11.4399995803833,8928,0.0,0.0
2024-12-20 00:00:00-05:00,11.359999656677246,11.640000343322754,11.199999809265137,11.319999694824219,3995,0.0,0.0
2024-12-23 00:00:00-05:00,11.520000457763672,11.760000228881836,10.760000228881836,10.800000190734863,3505,0.0,0.0
2024-12-24 00:00:00-05:00,10.960000038146973,11.119999885559082,10.239999771118164,10.319999694824219,10490,0.0,0.0
2024-12-26 00:00:00-05:00,10.0,12.960000038146973,10.0,12.520000457763672,24770,0.0,0.0
2024-12-27 00:00:00-05:00,12.399999618530273,13.199999809265137,12.0,12.640000343322754,18195,0.0,0.0
2024-12-30 00:00:00-05:00,12.800000190734863,13.600000381469727,12.239999771118164,12.359999656677246,14488,0.0,0.0
2024-12-31 00:00:00-05:00,12.680000305175781,14.84000015258789,12.359999656677246,12.84000015258789,24878,0.0,0.0
2025-01-02 00:00:00-05:00,13.079999923706055,15.84000015258789,12.600000381469727,14.279999732971191,52515,0.0,0.0
2025-01-03 00:00:00-05:00,14.399999618530273,15.720000267028809,13.600000381469727,15.119999885559082,27963,0.0,0.0
2025-01-06 00:00:00-05:00,16.0,16.360000610351562,15.199999809265137,15.920000076293945,21100,0.0,0.0
2025-01-07 00:00:00-05:00,15.600000381469727,16.719999313354492,14.640000343322754,16.559999465942383,22338,0.0,0.0
2025-01-08 00:00:00-05:00,16.0,16.0,13.399999618530273,14.800000190734863,18558,0.0,0.0
2025-01-10 00:00:00-05:00,14.800000190734863,15.0,13.4399995803833,14.4399995803833,16070,0.0,0.0
2025-01-13 00:00:00-05:00,14.239999771118164,17.280000686645508,14.0,16.239999771118164,470323,0.0,0.0
2025-01-14 00:00:00-05:00,16.920000076293945,16.920000076293945,14.0,14.479999542236328,171273,0.0,0.0
2025-01-15 00:00:00-05:00,13.199999809265137,13.600000381469727,12.039999961853027,12.239999771118164,39908,0.0,0.0
2025-01-16 00:00:00-05:00,12.0,12.84000015258789,12.0,12.720000267028809,14998,0.0,0.0
2025-01-17 00:00:00-05:00,12.399999618530273,13.199999809265137,12.399999618530273,12.920000076293945,13070,0.0,0.0
2025-01-21 00:00:00-05:00,12.880000114440918,12.920000076293945,12.039999961853027,12.520000457763672,11540,0.0,0.0
2025-01-22 00:00:00-05:00,12.239999771118164,12.600000381469727,11.680000305175781,12.520000457763672,8768,0.0,0.0
2025-01-23 00:00:00-05:00,12.479999542236328,12.520000457763672,11.880000114440918,12.039999961853027,8730,0.0,0.0
2025-01-24 00:00:00-05:00,12.199999809265137,12.399999618530273,11.84000015258789,12.15999984741211,6115,0.0,0.0
2025-01-27 00:00:00-05:00,12.399999618530273,12.399999618530273,11.319999694824219,11.600000381469727,8790,0.0,0.0
2025-01-28 00:00:00-05:00,11.84000015258789,12.0,10.800000190734863,11.4399995803833,12370,0.0,0.0
2025-01-29 00:00:00-05:00,11.199999809265137,11.359999656677246,10.600000381469727,11.0,7940,0.0,0.0
2025-01-30 00:00:00-05:00,11.720000267028809,11.720000267028809,10.640000343322754,10.84000015258789,7165,0.0,0.0
2025-01-31 00:00:00-05:00,11.079999923706055,11.079999923706055,10.479999542236328,10.680000305175781,7530,0.0,0.0
2025-02-03 00:00:00-05:00,10.399999618530273,10.960000038146973,10.359999656677246,10.920000076293945,3053,0.0,0.0
2025-02-04 00:00:00-05:00,11.319999694824219,12.15999984741211,11.0,11.479999542236328,16573,0.0,0.0
2025-02-05 00:00:00-05:00,11.520000457763672,11.600000381469727,11.119999885559082,11.279999732971191,3875,0.0,0.0
2025-02-06 00:00:00-05:00,11.600000381469727,11.600000381469727,11.0,11.239999771118164,2665,0.0,0.0
2025-02-07 00:00:00-05:00,11.239999771118164,12.0,10.600000381469727,10.920000076293945,15173,0.0,0.0
2025-02-10 00:00:00-05:00,11.079999923706055,11.520000457763672,11.0,11.199999809265137,2280,0.0,0.0
2025-02-11 00:00:00-05:00,11.15999984741211,11.4399995803833,10.84000015258789,11.199999809265137,3313,0.0,0.0
2025-02-12 00:00:00-05:00,11.800000190734863,15.399999618530273,11.399999618530273,12.84000015258789,88393,0.0,0.0
2025-02-13 00:00:00-05:00,13.319999694824219,15.199999809265137,13.239999771118164,14.960000038146973,47218,0.0,0.0
2025-02-14 00:00:00-05:00,14.800000190734863,15.199999809265137,13.479999542236328,13.680000305175781,13405,0.0,0.0
2025-02-18 00:00:00-05:00,13.680000305175781,13.680000305175781,13.079999923706055,13.4399995803833,10748,0.0,0.0
2025-02-19 00:00:00-05:00,13.479999542236328,13.600000381469727,13.15999984741211,13.15999984741211,388755,0.0,0.0
2025-02-20 00:00:00-05:00,16.959999084472656,40.0,15.279999732971191,37.599998474121094,11304945,0.0,0.0
2025-02-21 00:00:00-05:00,27.799999237060547,28.479999542236328,18.639999389648438,20.200000762939453,465155,0.0,0.0
2025-02-24 00:00:00-05:00,19.399999618530273,23.600000381469727,17.200000762939453,17.959999084472656,267198,0.0,0.0
2025-02-25 00:00:00-05:00,16.799999237060547,18.280000686645508,15.800000190734863,17.600000381469727,62593,0.0,0.0
2025-02-26 00:00:00-05:00,17.600000381469727,22.280000686645508,17.239999771118164,18.479999542236328,117280,0.0,0.0
2025-02-27 00:00:00-05:00,18.280000686645508,20.799999237060547,17.479999542236328,18.31999969482422,36863,0.0,0.0
2025-02-28 00:00:00-05:00,18.520000457763672,19.15999984741211,16.8799991607666,17.200000762939453,20170,0.0,0.0
2025-03-03 00:00:00-05:00,18.0,23.0,16.799999237060547,17.1200008392334,142608,0.0,0.0
2025-03-04 00:00:00-05:00,17.200000762939453,17.600000381469727,15.279999732971191,16.15999984741211,25348,0.0,0.0
2025-03-05 00:00:00-05:00,16.399999618530273,18.799999237060547,16.399999618530273,17.920000076293945,18353,0.0,0.0
2025-03-06 00:00:00-05:00,17.399999618530273,17.920000076293945,16.200000762939453,16.399999618530273,14080,0.0,0.0
2025-03-07 00:00:00-05:00,16.0,17.040000915527344,14.0,14.399999618530273,30205,0.0,0.0
2025-03-10 00:00:00-04:00,14.25,14.25,9.305000305175781,10.850000381469727,74680,0.0,0.125
2025-03-11 00:00:00-04:00,10.949999809265137,12.100000381469727,9.300000190734863,10.5,22180,0.0,0.0
2025-03-12 00:00:00-04:00,10.850000381469727,11.5,10.0,10.949999809265137,17680,0.0,0.0
2025-03-13 00:00:00-04:00,10.75,11.699999809265137,9.75,10.100000381469727,13800,0.0,0.0
2025-03-14 00:00:00-04:00,10.399999618530273,10.949999809265137,10.100000381469727,10.350000381469727,15220,0.0,0.0
2025-03-17 00:00:00-04:00,10.399999618530273,10.850000381469727,10.399999618530273,10.800000190734863,10560,0.0,0.0
2025-03-18 00:00:00-04:00,10.800000190734863,11.25,10.649999618530273,11.0,14280,0.0,0.0
2025-03-19 00:00:00-04:00,11.0,11.399999618530273,10.399999618530273,11.199999809265137,8080,0.0,0.0
2025-03-20 00:00:00-04:00,11.199999809265137,11.5,10.899999618530273,11.350000381469727,13460,0.0,0.0
2025-03-21 00:00:00-04:00,11.0,11.949999809265137,10.800000190734863,11.399999618530273,10540,0.0,0.0
2025-03-24 00:00:00-04:00,11.5,11.675000190734863,11.149999618530273,11.5,9660,0.0,0.0
2025-03-25 00:00:00-04:00,11.300000190734863,11.489999771118164,10.510000228881836,11.0,7500,0.0,0.0
2025-03-26 00:00:00-04:00,11.175000190734863,11.175000190734863,9.399999618530273,9.399999618530273,22500,0.0,0.0
2025-03-27 00:00:00-04:00,9.399999618530273,10.300000190734863,9.399999618530273,10.100000381469727,6300,0.0,0.0
2025-03-28 00:00:00-04:00,10.0,10.100000381469727,9.199999809265137,9.5,9760,0.0,0.0
2025-03-31 00:00:00-04:00,9.25,9.390000343322754,9.015000343322754,9.149999618530273,4140,0.0,0.0
2025-04-01 00:00:00-04:00,9.100000381469727,10.0,9.0,9.449999809265137,13960,0.0,0.0
2025-04-02 00:00:00-04:00,9.100000381469727,9.5,9.0,9.0,5800,0.0,0.0
2025-04-03 00:00:00-04:00,8.75,8.75,8.199999809265137,8.5,6620,0.0,0.0
2025-04-04 00:00:00-04:00,8.300000190734863,8.300000190734863,7.400000095367432,7.900000095367432,7160,0.0,0.0
2025-04-07 00:00:00-04:00,7.5,8.300000190734863,7.300000190734863,8.25,6520,0.0,0.0
2025-04-08 00:00:00-04:00,9.010000228881836,9.010000228881836,7.699999809265137,7.699999809265137,10640,0.0,0.0
2025-04-09 00:00:00-04:00,8.100000381469727,8.300000190734863,7.699999809265137,8.050000190734863,4760,0.0,0.0
2025-04-10 00:00:00-04:00,8.199999809265137,8.649999618530273,8.199999809265137,8.399999618530273,4240,0.0,0.0
2025-04-11 00:00:00-04:00,7.949999809265137,8.449999809265137,7.599999904632568,7.699999809265137,40460,0.0,0.0
2025-04-14 00:00:00-04:00,7.699999809265137,7.949999809265137,7.599999904632568,7.75,3780,0.0,0.0
2025-04-15 00:00:00-04:00,7.5,7.795000076293945,7.5,7.599999904632568,5280,0.0,0.0
2025-04-16 00:00:00-04:00,7.5,7.5,7.349999904632568,7.349999904632568,3680,0.0,0.0
2025-04-17 00:00:00-04:00,7.199999809265137,7.5,7.074999809265137,7.349999904632568,13440,0.0,0.0
2025-04-21 00:00:00-04:00,7.150000095367432,7.5,7.150000095367432,7.349999904632568,3200,0.0,0.0
2025-04-22 00:00:00-04:00,7.400000095367432,7.550000190734863,7.099999904632568,7.099999904632568,5840,0.0,0.0
2025-04-23 00:00:00-04:00,7.349999904632568,8.5,7.150000095367432,7.150000095367432,35180,0.0,0.0
2025-04-24 00:00:00-04:00,7.349999904632568,7.349999904632568,7.099999904632568,7.199999809265137,13780,0.0,0.0
2025-04-25 00:00:00-04:00,7.349999904632568,7.650000095367432,7.039999961853027,7.150000095367432,8200,0.0,0.0
2025-04-28 00:00:00-04:00,7.25,7.25,6.449999809265137,7.199999809265137,36260,0.0,0.0
2025-04-29 00:00:00-04:00,7.25,7.25,6.849999904632568,7.099999904632568,469720,0.0,0.0
2025-04-30 00:00:00-04:00,7.400000095367432,8.100000381469727,6.800000190734863,7.800000190734863,86340,0.0,0.0
2025-05-01 00:00:00-04:00,7.349999904632568,7.650000095367432,7.349999904632568,7.465000152587891,10960,0.0,0.0
2025-05-02 00:00:00-04:00,7.449999809265137,7.900000095367432,7.0,7.800000190734863,11200,0.0,0.0
2025-05-05 00:00:00-04:00,7.449999809265137,7.449999809265137,7.0,7.099999904632568,13280,0.0,0.0
2025-05-06 00:00:00-04:00,7.099999904632568,7.25,6.800000190734863,7.050000190734863,7980,0.0,0.0
2025-05-07 00:00:00-04:00,7.050000190734863,7.09499979019165,6.849999904632568,6.849999904632568,2840,0.0,0.0
2025-05-08 00:00:00-04:00,6.849999904632568,7.300000190734863,6.150000095367432,7.150000095367432,31620,0.0,0.0
2025-05-09 00:00:00-04:00,6.949999809265137,7.050000190734863,6.550000190734863,6.900000095367432,10480,0.0,0.0
2025-05-12 00:00:00-04:00,6.800000190734863,7.0,6.699999809265137,7.0,12400,0.0,0.0
2025-05-13 00:00:00-04:00,7.0,7.099999904632568,6.849999904632568,6.900000095367432,12600,0.0,0.0
2025-05-14 00:00:00-04:00,7.0,7.0,6.650000095367432,6.900000095367432,13180,0.0,0.0
2025-05-15 00:00:00-04:00,6.800000190734863,6.900000095367432,6.489999771118164,6.550000190734863,7220,0.0,0.0
2025-05-16 00:00:00-04:00,6.550000190734863,6.800000190734863,6.550000190734863,6.650000095367432,7340,0.0,0.0
2025-05-19 00:00:00-04:00,6.699999809265137,6.849999904632568,6.699999809265137,6.699999809265137,3940,0.0,0.0
2025-05-20 00:00:00-04:00,6.775000095367432,6.900000095367432,6.5,6.849999904632568,40620,0.0,0.0
2025-05-21 00:00:00-04:00,6.724999904632568,6.849999904632568,6.5,6.550000190734863,8300,0.0,0.0
2025-05-22 00:00:00-04:00,6.659999847412109,6.699999809265137,6.349999904632568,6.699999809265137,5400,0.0,0.0
2025-05-23 00:00:00-04:00,6.449999809265137,6.75,6.449999809265137,6.75,3240,0.0,0.0
2025-05-27 00:00:00-04:00,6.599999904632568,6.849999904632568,6.550000190734863,6.75,15080,0.0,0.0
2025-05-28 00:00:00-04:00,6.849999904632568,7.349999904632568,6.824999809265137,7.150000095367432,23900,0.0,0.0
2025-05-29 00:00:00-04:00,7.150000095367432,7.150000095367432,6.900000095367432,7.150000095367432,3980,0.0,0.0
2025-05-30 00:00:00-04:00,6.900000095367432,7.099999904632568,6.75,7.099999904632568,7900,0.0,0.0
2025-06-02 00:00:00-04:00,6.900000095367432,7.099999904632568,6.699999809265137,6.949999809265137,7580,0.0,0.0
2025-06-03 00:00:00-04:00,6.800000190734863,6.949999809265137,6.75,6.800000190734863,3900,0.0,0.0
2025-06-04 00:00:00-04:00,6.699999809265137,6.914999961853027,6.554999828338623,6.599999904632568,7960,0.0,0.0
2025-06-05 00:00:00-04:00,6.800000190734863,6.849999904632568,6.5,6.650000095367432,60300,0.0,0.0
2025-06-06 00:00:00-04:00,6.550000190734863,6.75,6.5,6.699999809265137,10360,0.0,0.0
2025-06-09 00:00:00-04:00,6.650000095367432,6.849999904632568,6.5,6.849999904632568,20380,0.0,0.0
2025-06-10 00:00:00-04:00,6.650000095367432,6.900000095367432,6.550000190734863,6.659999847412109,12020,0.0,0.0
2025-06-11 00:00:00-04:00,6.650000095367432,6.775000095367432,6.300000190734863,6.349999904632568,24280,0.0,0.0
2025-06-12 00:00:00-04:00,6.349999904632568,6.400000095367432,6.300000190734863,6.375,3660,0.0,0.0
2025-06-13 00:00:00-04:00,6.25,6.300000190734863,6.050000190734863,6.099999904632568,12100,0.0,0.0
2025-06-16 00:00:00-04:00,6.244999885559082,6.25,6.0,6.099999904632568,9320,0.0,0.0
2025-06-17 00:00:00-04:00,6.099999904632568,6.199999809265137,6.059999942779541,6.144999980926514,3720,0.0,0.0
2025-06-18 00:00:00-04:00,6.150000095367432,7.949999809265137,6.010000228881836,6.945000171661377,405180,0.0,0.0
2025-06-20 00:00:00-04:00,7.0,7.050000190734863,6.369999885559082,6.650000095367432,85820,0.0,0.0
2025-06-23 00:00:00-04:00,6.650000095367432,6.650000095367432,6.150000095367432,6.449999809265137,31060,0.0,0.0
2025-06-24 00:00:00-04:00,6.550000190734863,6.550000190734863,6.349999904632568,6.449999809265137,23540,0.0,0.0
2025-06-25 00:00:00-04:00,6.449999809265137,6.449999809265137,6.199999809265137,6.199999809265137,20000,0.0,0.0
2025-06-26 00:00:00-04:00,6.199999809265137,6.349999904632568,5.400000095367432,5.605000019073486,65960,0.0,0.0
2025-06-27 00:00:00-04:00,5.599999904632568,5.695000171661377,5.5,5.574999809265137,16120,0.0,0.0
2025-06-30 00:00:00-04:00,5.550000190734863,5.599999904632568,5.199999809265137,5.349999904632568,25660,0.0,0.0
2025-07-01 00:00:00-04:00,5.400000095367432,5.650000095367432,5.199999809265137,5.635000228881836,25260,0.0,0.0
2025-07-02 00:00:00-04:00,5.650000095367432,5.650000095367432,5.349999904632568,5.550000190734863,17560,0.0,0.0
2025-07-03 00:00:00-04:00,5.550000190734863,5.599999904632568,5.349999904632568,5.550000190734863,14240,0.0,0.0
2025-07-07 00:00:00-04:00,5.550000190734863,5.550000190734863,5.300000190734863,5.400000095367432,13560,0.0,0.0
2025-07-08 00:00:00-04:00,5.449999809265137,5.550000190734863,5.400000095367432,5.449999809265137,4140,0.0,0.0
2025-07-09 00:00:00-04:00,5.449999809265137,5.800000190734863,5.449999809265137,5.65500020980835,27520,0.0,0.0
2025-07-10 00:00:00-04:00,5.699999809265137,5.949999809265137,5.650000095367432,5.75,22200,0.0,0.0
2025-07-11 00:00:00-04:00,5.650000095367432,5.699999809265137,5.300000190734863,5.400000095367432,14480,0.0,0.0
2025-07-14 00:00:00-04:00,5.449999809265137,5.5,5.400000095367432,5.5,7960,0.0,0.0
2025-07-15 00:00:00-04:00,5.550000190734863,5.699999809265137,5.449999809265137,5.5,24620,0.0,0.0
2025-07-16 00:00:00-04:00,5.5,5.5,5.275000095367432,5.349999904632568,17140,0.0,0.0
2025-07-17 00:00:00-04:00,5.300000190734863,5.5,5.25,5.349999904632568,15300,0.0,0.0
2025-07-18 00:00:00-04:00,5.349999904632568,5.349999904632568,5.25,5.304999828338623,9400,0.0,0.0
2025-07-21 00:00:00-04:00,5.300000190734863,5.400000095367432,5.300000190734863,5.349999904632568,16560,0.0,0.0
2025-07-22 00:00:00-04:00,5.300000190734863,5.349999904632568,5.25,5.324999809265137,5400,0.0,0.0
2025-07-23 00:00:00-04:00,5.349999904632568,5.449999809265137,5.349999904632568,5.449999809265137,5560,0.0,0.0
2025-07-24 00:00:00-04:00,5.449999809265137,5.5,5.400000095367432,5.409999847412109,8240,0.0,0.0
2025-07-25 00:00:00-04:00,5.400000095367432,5.449999809265137,5.324999809265137,5.324999809265137,5540,0.0,0.0
2025-07-28 00:00:00-04:00,5.300000190734863,5.550000190734863,5.199999809265137,5.300000190734863,12900,0.0,0.0
2025-07-29 00:00:00-04:00,5.199999809265137,5.300000190734863,5.099999904632568,5.150000095367432,9500,0.0,0.0
2025-07-30 00:00:00-04:00,5.150000095367432,5.150000095367432,4.849999904632568,4.889999866485596,19000,0.0,0.0
2025-07-31 00:00:00-04:00,4.949999809265137,5.050000190734863,4.849999904632568,4.849999904632568,20140,0.0,0.0
2025-08-01 00:00:00-04:00,4.849999904632568,4.900000095367432,4.699999809265137,4.724999904632568,12660,0.0,0.0
2025-08-04 00:00:00-04:00,4.755000114440918,4.775000095367432,4.690000057220459,4.764999866485596,4760,0.0,0.0
2025-08-05 00:00:00-04:00,4.75,4.849999904632568,4.699999809265137,4.699999809265137,1160,0.0,0.0
2025-08-06 00:00:00-04:00,4.699999809265137,4.699999809265137,4.519999980926514,4.545000076293945,10860,0.0,0.0
2025-08-07 00:00:00-04:00,4.534999847412109,4.710000038146973,4.184999942779541,4.25,25860,0.0,0.0
2025-08-08 00:00:00-04:00,4.300000190734863,4.579999923706055,4.300000190734863,4.480000019073486,5640,0.0,0.0
2025-08-11 00:00:00-04:00,4.5,4.550000190734863,4.349999904632568,4.400000095367432,5720,0.0,0.0
2025-08-12 00:00:00-04:00,4.5,4.5,4.349999904632568,4.449999809265137,3780,0.0,0.0
2025-08-13 00:00:00-04:00,4.449999809265137,7.5,4.449999809265137,6.199999809265137,1301780,0.0,0.0
2025-08-14 00:00:00-04:00,5.900000095367432,6.050000190734863,5.300000190734863,5.349999904632568,109660,0.0,0.0
2025-08-15 00:00:00-04:00,5.150000095367432,5.585000038146973,5.150000095367432,5.454999923706055,16280,0.0,0.0
2025-08-18 00:00:00-04:00,5.389999866485596,5.800000190734863,5.389999866485596,5.699999809265137,13140,0.0,0.0
2025-08-19 00:00:00-04:00,5.400000095367432,5.635000228881836,5.199999809265137,5.349999904632568,13320,0.0,0.0
2025-08-20 00:00:00-04:00,5.349999904632568,5.355000019073486,5.150000095367432,5.199999809265137,6180,0.0,0.0
2025-08-21 00:00:00-04:00,5.199999809265137,5.400000095367432,5.150000095367432,5.199999809265137,5720,0.0,0.0
2025-08-22 00:00:00-04:00,5.349999904632568,5.400000095367432,5.150000095367432,5.324999809265137,5460,0.0,0.0
2025-08-25 00:00:00-04:00,5.300000190734863,5.375,5.224999904632568,5.349999904632568,7560,0.0,0.0
2025-08-26 00:00:00-04:00,5.300000190734863,5.5,5.300000190734863,5.349999904632568,6720,0.0,0.0
2025-08-27 00:00:00-04:00,5.349999904632568,5.449999809265137,5.199999809265137,5.449999809265137,5860,0.0,0.0
2025-08-28 00:00:00-04:00,5.224999904632568,5.300000190734863,5.0,5.050000190734863,14280,0.0,0.0
2025-08-29 00:00:00-04:00,5.150000095367432,5.150000095367432,4.795000076293945,4.795000076293945,8140,0.0,0.0
2025-09-02 00:00:00-04:00,4.625,4.90500020980835,4.625,4.804999828338623,14040,0.0,0.0
2025-09-03 00:00:00-04:00,4.855000019073486,5.389999866485596,4.855000019073486,5.0,12740,0.0,0.0
2025-09-04 00:00:00-04:00,4.940000057220459,5.050000190734863,4.775000095367432,4.775000095367432,20080,0.0,0.0
2025-09-05 00:00:00-04:00,4.175000190734863,4.340000152587891,3.6649999618530273,4.0,2119320,0.0,0.0
2025-09-08 00:00:00-04:00,3.9200000762939453,4.050000190734863,3.9200000762939453,4.014999866485596,72500,0.0,0.0
2025-09-09 00:00:00-04:00,3.734999895095825,4.005000114440918,3.640000104904175,3.7799999713897705,91600,0.0,0.0
2025-09-10 00:00:00-04:00,3.944999933242798,4.300000190734863,3.7850000858306885,4.170000076293945,69040,0.0,0.0
2025-09-11 00:00:00-04:00,3.8550000190734863,4.630000114440918,3.674999952316284,3.9149999618530273,276320,0.0,0.0
2025-09-12 00:00:00-04:00,3.950000047683716,3.950000047683716,3.815000057220459,3.890000104904175,39720,0.0,0.0
2025-09-15 00:00:00-04:00,3.8499999046325684,3.8550000190734863,3.755000114440918,3.7899999618530273,38280,0.0,0.0
2025-09-16 00:00:00-04:00,3.7750000953674316,3.875,3.7049999237060547,3.7750000953674316,24280,0.0,0.0
2025-09-17 00:00:00-04:00,3.875,4.235000133514404,3.7799999713897705,3.8949999809265137,50500,0.0,0.0
2025-09-18 00:00:00-04:00,3.9049999713897705,3.9149999618530273,3.8399999141693115,3.8499999046325684,7420,0.0,0.0
2025-09-19 00:00:00-04:00,3.805000066757202,3.884999990463257,3.4800000190734863,3.865000009536743,52800,0.0,0.0
2025-09-22 00:00:00-04:00,3.9149999618530273,3.9149999618530273,3.755000114440918,3.799999952316284,12920,0.0,0.0
2025-09-23 00:00:00-04:00,3.6500000953674316,3.799999952316284,3.450000047683716,3.684999942779541,56420,0.0,0.0
2025-09-24 00:00:00-04:00,3.5,3.5899999141693115,3.450000047683716,3.4649999141693115,25180,0.0,0.0
2025-09-25 00:00:00-04:00,3.509999990463257,4.150000095367432,3.3299999237060547,4.085000038146973,133800,0.0,0.2
2025-09-26 00:00:00-04:00,4.0,4.258999824523926,3.75,4.039999961853027,3669600,0.0,0.0
2025-09-29 00:00:00-04:00,3.7899999618530273,3.799999952316284,3.509999990463257,3.7100000381469727,140300,0.0,0.0
2025-09-30 00:00:00-04:00,3.619999885559082,4.599999904632568,3.619999885559082,4.260000228881836,643700,0.0,0.0
2025-10-01 00:00:00-04:00,4.150000095367432,4.150000095367432,3.859999895095825,3.9100000858306885,83000,0.0,0.0
2025-10-02 00:00:00-04:00,3.874000072479248,4.150000095367432,3.8499999046325684,3.869999885559082,25100,0.0,0.0
2025-10-03 00:00:00-04:00,3.8499999046325684,3.9100000858306885,3.7300000190734863,3.75,43800,0.0,0.0
2025-10-06 00:00:00-04:00,3.7100000381469727,3.930000066757202,3.700000047683716,3.890000104904175,65600,0.0,0.0
2025-10-07 00:00:00-04:00,3.809999942779541,3.9000000953674316,3.7109999656677246,3.819999933242798,42500,0.0,0.0
2025-10-08 00:00:00-04:00,3.9000000953674316,4.119999885559082,3.799999952316284,3.9700000286102295,65700,0.0,0.0
2025-10-09 00:00:00-04:00,3.9200000762939453,3.999000072479248,3.8299999237060547,3.880000114440918,25700,0.0,0.0
2025-10-10 00:00:00-04:00,3.869999885559082,3.9100000858306885,3.5899999141693115,3.5999999046325684,28200,0.0,0.0
2025-10-13 00:00:00-04:00,3.619999885559082,3.694999933242798,3.4509999752044678,3.5199999809265137,40400,0.0,0.0
2025-10-14 00:00:00-04:00,3.509999990463257,3.6489999294281006,3.4509999752044678,3.609999895095825,36900,0.0,0.0
2025-10-15 00:00:00-04:00,3.5,3.549999952316284,3.440000057220459,3.440000057220459,31800,0.0,0.0
2025-10-16 00:00:00-04:00,3.5,3.5,3.1700000762939453,3.3299999237060547,49100,0.0,0.0
2025-10-17 00:00:00-04:00,3.3299999237060547,3.3299999237060547,3.049999952316284,3.0899999141693115,30300,0.0,0.0
2025-10-20 00:00:00-04:00,3.259999990463257,3.259999990463257,3.140000104904175,3.200000047683716,41400,0.0,0.0
2025-10-21 00:00:00-04:00,3.240000009536743,3.25,3.1500000953674316,3.190000057220459,9700,0.0,0.0
2025-10-22 00:00:00-04:00,3.049999952316284,3.1570000648498535,2.880000114440918,3.0,41600,0.0,0.0
2025-10-23 00:00:00-04:00,3.009999990463257,3.049999952316284,2.9800000190734863,2.9800000190734863,8800,0.0,0.0
2025-10-24 00:00:00-04:00,3.009999990463257,3.0999999046325684,3.0,3.0,37500,0.0,0.0
2025-10-27 00:00:00-04:00,3.0899999141693115,3.190000057220459,2.865000009536743,2.890000104904175,39000,0.0,0.0
2025-10-28 00:00:00-04:00,2.9839999675750732,3.130000114440918,2.9700000286102295,2.9800000190734863,22000,0.0,0.0
2025-10-29 00:00:00-04:00,3.009999990463257,3.009999990463257,2.680000066757202,2.7149999141693115,33500,0.0,0.0
2025-10-30 00:00:00-04:00,2.7200000286102295,2.7799999713897705,2.5999999046325684,2.619999885559082,13900,0.0,0.0
2025-10-31 00:00:00-04:00,2.619999885559082,2.690000057220459,2.5999999046325684,2.5999999046325684,54800,0.0,0.0
2025-11-03 00:00:00-05:00,2.640000104904175,2.640000104904175,2.3499999046325684,2.359999895095825,35400,0.0,0.0
2025-11-04 00:00:00-05:00,2.3399999141693115,2.3399999141693115,2.171999931335449,2.1730000972747803,15300,0.0,0.0
2025-11-05 00:00:00-05:00,2.1700000762939453,2.2100000381469727,1.9299999475479126,2.0,64400,0.0,0.0
2025-11-06 00:00:00-05:00,2.0299999713897705,2.121000051498413,2.0299999713897705,2.049999952316284,22400,0.0,0.0
2025-11-07 00:00:00-05:00,2.0299999713897705,2.0399999618530273,1.809999942779541,1.8949999809265137,24900,0.0,0.0
2025-11-10 00:00:00-05:00,1.899999976158142,2.0,1.899999976158142,2.0,14000,0.0,0.0
2025-11-11 00:00:00-05:00,2.0,2.0,1.850000023841858,1.8600000143051147,35400,0.0,0.0
2025-11-12 00:00:00-05:00,1.8609999418258667,1.9199999570846558,1.8600000143051147,1.8700000047683716,7900,0.0,0.0
2025-11-13 00:00:00-05:00,1.9299999475479126,1.9500000476837158,1.871000051498413,1.899999976158142,12000,0.0,0.0
2025-11-14 00:00:00-05:00,1.840000033378601,1.850000023841858,1.7699999809265137,1.8300000429153442,47200,0.0,0.0
2025-11-17 00:00:00-05:00,1.7400000095367432,1.7719999551773071,1.7300000190734863,1.7719999551773071,379600,0.0,0.0
2025-11-18 00:00:00-05:00,1.7200000286102295,1.7200000286102295,1.5299999713897705,1.6799999475479126,67000,0.0,0.0
2025-11-19 00:00:00-05:00,1.649999976158142,1.6699999570846558,1.5700000524520874,1.659999966621399,26600,0.0,0.0
2025-11-20 00:00:00-05:00,2.569999933242798,3.1700000762939453,2.25,3.0399999618530273,78047900,0.0,0.0
2025-11-21 00:00:00-05:00,3.884999990463257,5.420000076293945,3.640000104904175,4.75,71805100,0.0,0.0
2025-11-24 00:00:00-05:00,3.950000047683716,4.190000057220459,2.7200000286102295,2.9200000762939453,4238900,0.0,0.0
2025-11-25 00:00:00-05:00,2.759999990463257,2.7790000438690186,1.899999976158142,1.899999976158142,3717300,0.0,0.0
2025-11-26 00:00:00-05:00,2.569999933242798,2.9200000762939453,2.4200000762939453,2.6500000953674316,21673900,0.0,0.0
2025-11-28 00:00:00-05:00,2.5899999141693115,2.799999952316284,2.569999933242798,2.6500000953674316,919300,0.0,0.0
2025-12-01 00:00:00-05:00,2.569999933242798,2.569999933242798,1.850000023841858,1.850000023841858,1501600,0.0,0.0
2025-12-02 00:00:00-05:00,2.049999952316284,2.5399999618530273,2.049999952316284,2.259999990463257,13053200,0.0,0.0
2025-12-03 00:00:00-05:00,2.0999999046325684,2.109999895095825,1.7999999523162842,1.7999999523162842,1312400,0.0,0.0
2025-12-04 00:00:00-05:00,1.7200000286102295,1.8300000429153442,1.7000000476837158,1.7999999523162842,510100,0.0,0.0
2025-12-05 00:00:00-05:00,1.7000000476837158,1.7979999780654907,1.5199999809265137,1.5199999809265137,986300,0.0,0.0
2025-12-08 00:00:00-05:00,1.4800000190734863,1.4800000190734863,1.2000000476837158,1.2599999904632568,869700,0.0,0.0
2025-12-09 00:00:00-05:00,1.2000000476837158,1.4609999656677246,1.2000000476837158,1.399999976158142,471100,0.0,0.0
2025-12-10 00:00:00-05:00,1.4299999475479126,1.4800000190734863,1.340000033378601,1.4500000476837158,302700,0.0,0.0
2025-12-11 00:00:00-05:00,1.4199999570846558,1.4199999570846558,1.2999999523162842,1.399999976158142,160000,0.0,0.0
2025-12-12 00:00:00-05:00,1.2999999523162842,1.3799999952316284,1.2999999523162842,1.3300000429153442,163500,0.0,0.0
2025-12-15 00:00:00-05:00,1.2899999618530273,1.2999999523162842,1.0199999809265137,1.059999942779541,267600,0.0,0.0
2025-12-16 00:00:00-05:00,1.0299999713897705,1.0800000429153442,1.0099999904632568,1.0800000429153442,157400,0.0,0.0
2025-12-17 00:00:00-05:00,1.159999966621399,1.2000000476837158,1.100000023841858,1.1699999570846558,241700,0.0,0.0
2025-12-18 00:00:00-05:00,1.149999976158142,1.1699999570846558,1.0199999809265137,1.0700000524520874,184200,0.0,0.0
2025-12-19 00:00:00-05:00,1.059999942779541,1.1200000047683716,1.0499999523162842,1.1100000143051147,107000,0.0,0.0
2025-12-22 00:00:00-05:00,1.090000033378601,1.1299999952316284,1.0700000524520874,1.1299999952316284,134500,0.0,0.0
2025-12-23 00:00:00-05:00,1.100000023841858,1.1299999952316284,1.059999942779541,1.1100000143051147,141000,0.0,0.0
2025-12-24 00:00:00-05:00,1.090000033378601,1.1299999952316284,1.0700000524520874,1.1299999952316284,110800,0.0,0.0
2025-12-26 00:00:00-05:00,1.1200000047683716,1.1200000047683716,1.0800000429153442,1.1100000143051147,89800,0.0,0.0
2025-12-29 00:00:00-05:00,1.090000033378601,1.100000023841858,0.9010000228881836,0.9639999866485596,239600,0.0,0.0
2025-12-30 00:00:00-05:00,0.9459999799728394,0.9470000267028809,0.8259999752044678,0.8930000066757202,221900,0.0,0.0
2025-12-31 00:00:00-05:00,0.8930000066757202,0.8930000066757202,0.8379999995231628,0.8930000066757202,95300,0.0,0.0
2026-01-02 00:00:00-05:00,0.9160000085830688,0.949999988079071,0.8600000143051147,0.949999988079071,63200,0.0,0.0
2026-01-05 00:00:00-05:00,0.9700000286102295,1.031999945640564,0.9649999737739563,1.0,97800,0.0,0.0
2026-01-06 00:00:00-05:00,1.0099999904632568,1.0299999713897705,0.906000018119812,0.9660000205039978,87800,0.0,0.0
2026-01-07 00:00:00-05:00,0.9900000095367432,1.0299999713897705,0.9419999718666077,1.0299999713897705,115500,0.0,0.0
2026-01-08 00:00:00-05:00,0.9900000095367432,1.0299999713897705,0.9700000286102295,1.0199999809265137,71900,0.0,0.0
2026-01-09 00:00:00-05:00,1.0299999713897705,1.0299999713897705,0.9750000238418579,0.9900000095367432,37200,0.0,0.0
2026-01-12 00:00:00-05:00,0.949999988079071,1.1100000143051147,0.949999988079071,1.0,134000,0.0,0.0
2026-01-13 00:00:00-05:00,0.9700000286102295,1.0,0.949999988079071,0.9980000257492065,40900,0.0,0.0
2026-01-14 00:00:00-05:00,0.9819999933242798,1.00600004196167,0.9660000205039978,1.0,66400,0.0,0.0
2026-01-15 00:00:00-05:00,1.0,1.059999942779541,0.9599999785423279,0.9990000128746033,167600,0.0,0.0
2026-01-16 00:00:00-05:00,0.9850000143051147,1.0399999618530273,0.9800000190734863,1.0399999618530273,77900,0.0,0.0
2026-01-20 00:00:00-05:00,1.0399999618530273,1.2899999618530273,1.0099999904632568,1.2699999809265137,386500,0.0,0.0
2026-01-21 00:00:00-05:00,1.2699999809265137,1.9299999475479126,1.2200000286102295,1.7599999904632568,7043300,0.0,0.0
2026-01-22 00:00:00-05:00,1.8200000524520874,1.8799999952316284,1.350000023841858,1.6299999952316284,2136800,0.0,0.0
2026-01-23 00:00:00-05:00,1.3300000429153442,1.340000033378601,1.1299999952316284,1.149999976158142,855100,0.0,0.0
2026-01-26 00:00:00-05:00,1.1200000047683716,1.149999976158142,1.0099999904632568,1.090000033378601,310500,0.0,0.0
2026-01-27 00:00:00-05:00,1.0750000476837158,1.2300000190734863,1.0700000524520874,1.1799999475479126,149900,0.0,0.0
2026-01-28 00:00:00-05:00,1.1950000524520874,1.2100000381469727,1.1299999952316284,1.159999966621399,96600,0.0,0.0
2026-01-29 00:00:00-05:00,1.1399999856948853,1.1399999856948853,0.9800000190734863,1.0700000524520874,796900,0.0,0.0
2026-01-30 00:00:00-05:00,1.0299999713897705,1.159999966621399,1.0299999713897705,1.090000033378601,116200,0.0,0.0
2026-02-02 00:00:00-05:00,1.0700000524520874,1.0700000524520874,0.9739999771118164,1.0,113100,0.0,0.0
2026-02-03 00:00:00-05:00,1.0199999809265137,1.0199999809265137,1.0,1.0199999809265137,43300,0.0,0.0
2026-02-04 00:00:00-05:00,0.9900000095367432,1.0099999904632568,0.9599999785423279,0.9599999785423279,62300,0.0,0.0
2026-02-05 00:00:00-05:00,0.9599999785423279,0.9900000095367432,0.9200000166893005,0.9200000166893005,68600,0.0,0.0
2026-02-06 00:00:00-05:00,0.9179999828338623,0.9750000238418579,0.8899999856948853,0.949999988079071,78400,0.0,0.0
2026-02-09 00:00:00-05:00,0.9599999785423279,1.0700000524520874,0.9599999785423279,1.0099999904632568,272900,0.0,0.0
2026-02-10 00:00:00-05:00,1.0399999618530273,1.059999942779541,0.8999999761581421,0.9599999785423279,576000,0.0,0.0
2026-02-11 00:00:00-05:00,0.9480000138282776,0.9710000157356262,0.8989999890327454,0.9259999990463257,71100,0.0,0.0
2026-02-12 00:00:00-05:00,0.949999988079071,0.949999988079071,0.878000020980835,0.8840000033378601,82600,0.0,0.0
2026-02-13 00:00:00-05:00,0.8999999761581421,0.9049999713897705,0.8040000200271606,0.859000027179718,103500,0.0,0.0
2026-02-17 00:00:00-05:00,0.8500000238418579,0.8960000276565552,0.7889999747276306,0.8799999952316284,8320900,0.0,0.0
2026-02-18 00:00:00-05:00,1.1100000143051147,1.1200000047683716,0.8159999847412109,0.9679999947547913,15891200,0.0,0.0
2026-02-19 00:00:00-05:00,1.0099999904632568,1.0199999809265137,0.9200000166893005,0.9929999709129333,644500,0.0,0.0
2026-02-20 00:00:00-05:00,1.0099999904632568,1.090000033378601,1.0,1.0199999809265137,442100,0.0,0.0
2026-02-23 00:00:00-05:00,0.9649999737739563,1.0,0.8989999890327454,0.9290000200271606,157000,0.0,0.0
2026-02-24 00:00:00-05:00,0.9200000166893005,0.949999988079071,0.800000011920929,0.9290000200271606,148300,0.0,0.0
2026-02-25 00:00:00-05:00,0.9399999976158142,0.9453999996185303,0.8866000175476074,0.9300000071525574,88662,0.0,0.0
