Date,Open,High,Low,Close,Volume,Dividends,Stock Splits
2022-01-03 00:00:00-05:00,28.667864450845283,29.751142219285907,28.667864450845283,29.170503616333008,205200,0.0,0.0
2022-01-04 00:00:00-05:00,29.257163866304726,29.950464267445245,29.17050296911282,29.46515464782715,152100,0.0,0.0
2022-01-05 00:00:00-05:00,29.638481526685293,30.11512310164615,29.404493123144178,29.586483001708984,226000,0.0,0.0
2022-01-06 00:00:00-05:00,29.941793787997725,29.941793787997725,28.89318180909834,29.092504501342773,244200,0.0,0.0
2022-01-07 00:00:00-05:00,29.118496827834825,30.01978446875697,29.057833554493953,29.673137664794922,127100,0.0,0.0
2022-01-10 00:00:00-05:00,29.89847382135814,30.141127043758715,29.03185139175356,29.222509384155273,138200,0.0,0.0
2022-01-11 00:00:00-05:00,29.413156372496037,30.045790183823023,29.079508279019297,29.62114715576172,534300,0.0,0.0
2022-01-12 00:00:00-05:00,29.64714858995782,30.609099888137575,29.629815746957078,30.297115325927734,273200,0.0,0.0
2022-01-13 00:00:00-05:00,31.294595369216484,31.500850560545604,30.158452912744767,30.3057804107666,305800,0.0,0.0
2022-01-14 00:00:00-05:00,30.115115147361443,30.600424667917974,28.737186005505137,28.8498477935791,358500,0.0,0.0
2022-01-18 00:00:00-05:00,26.251629023706755,28.32847044195705,26.069145798683167,27.80708885192871,6007200,0.09,0.0
2022-01-19 00:00:00-05:00,26.202096681613938,27.97219048229439,26.190799628178706,26.990253448486328,4942700,0.0,0.0
2022-01-20 00:00:00-05:00,26.381973698136754,28.102536767815714,25.99962579684204,26.57314682006836,3155800,0.0,0.0
2022-01-21 00:00:00-05:00,26.260311651270765,27.259629955545897,25.652032745876333,27.007627487182617,2691600,0.0,0.0
2022-01-24 00:00:00-05:00,26.364599109942965,27.41605397563447,25.229722385231447,27.137983322143555,2513200,0.0,0.0
2022-01-25 00:00:00-05:00,26.590528245201057,27.737570360603616,25.930109705968636,27.65936279296875,2561600,0.0,0.0
2022-01-26 00:00:00-05:00,27.73756941563258,28.54571149127485,26.773010552617826,27.53770637512207,2954900,0.0,0.0
2022-01-27 00:00:00-05:00,27.38997646759889,28.206808316939572,26.442797594011406,26.833833694458008,1591400,0.0,0.0
2022-01-28 00:00:00-05:00,26.825142282522847,27.32914552367254,26.1821021213788,27.303075790405273,1045200,0.0,0.0
2022-01-31 00:00:00-05:00,27.02501036140478,27.659359073648275,26.74693978384223,27.389978408813477,1418600,0.0,0.0
2022-02-01 00:00:00-05:00,27.224868250965937,28.128597457724627,26.938107814719395,27.815767288208008,1874300,0.0,0.0
2022-02-02 00:00:00-05:00,27.754951024412208,28.102539303574986,27.311775346942795,27.80708885192871,1310600,0.0,0.0
2022-02-03 00:00:00-05:00,27.59852800224043,28.024323729785742,27.35521544760117,27.572458267211914,1108500,0.0,0.0
2022-02-04 00:00:00-05:00,27.329152547385217,27.598533230654727,26.640927323590695,27.398670196533203,1053100,0.0,0.0
2022-02-07 00:00:00-05:00,27.38997986932477,28.119916003064418,27.294392481653883,27.44211769104004,1170600,0.0,0.0
2022-02-08 00:00:00-05:00,27.381295072458922,28.02433385187367,27.259639579914232,27.529020309448242,1253800,0.0,0.0
2022-02-09 00:00:00-05:00,27.52901897130859,28.224195548389435,27.502949228131175,28.206815719604492,1328800,0.0,0.0
2022-02-10 00:00:00-05:00,27.807086144666766,29.014955918697652,27.30308277459194,27.407360076904297,2570500,0.0,0.0
2022-02-11 00:00:00-05:00,27.45948792914587,28.78901434937856,27.164037613538603,27.720178604125977,1979800,0.0,0.0
2022-02-14 00:00:00-05:00,27.659185265307467,27.86832824517066,26.779040852891125,27.31061363220215,1177000,0.09,0.0
2022-02-15 00:00:00-05:00,27.075331043989987,28.539333775351967,27.075331043989987,28.347618103027344,1285100,0.0,0.0
2022-02-16 00:00:00-05:00,28.434762602440276,28.844332453070727,27.903189756135976,28.548046112060547,1248300,0.0,0.0
2022-02-17 00:00:00-05:00,28.321476119446434,28.74847829899062,28.051331612041597,28.434762954711914,1055300,0.0,0.0
2022-02-18 00:00:00-05:00,28.30405698232626,28.71363030498734,28.051341386461214,28.574201583862305,1453900,0.0,0.0
2022-02-22 00:00:00-05:00,27.90319390788697,28.138480448189664,27.09276359936953,27.423906326293945,1750700,0.0,0.0
2022-02-23 00:00:00-05:00,27.458760233683613,27.907547825926056,27.005616222657846,27.06661605834961,1091100,0.0,0.0
2022-02-24 00:00:00-05:00,26.526328475523922,27.32804410604685,26.526328475523922,27.171186447143555,1354000,0.0,0.0
2022-02-25 00:00:00-05:00,27.345474035412472,28.321476415526906,27.293188698193045,28.1297607421875,1516400,0.0,0.0
2022-02-28 00:00:00-05:00,27.71147916623787,28.617767354758225,27.65919382062975,28.164623260498047,1759500,0.0,0.0
2022-03-01 00:00:00-05:00,27.920617704170027,28.14718803912081,27.423901213212627,27.903188705444336,962200,0.0,0.0
2022-03-02 00:00:00-05:00,27.903191047043123,28.905333626056837,27.903191047043123,28.826908111572266,2516000,0.0,0.0
2022-03-03 00:00:00-05:00,28.75718646503213,29.61118736114535,28.530616155549534,29.288759231567383,2077500,0.0,0.0
2022-03-04 00:00:00-05:00,29.1144638542422,30.012035310893232,28.966322412528633,29.881322860717773,2249300,0.0,0.0
2022-03-07 00:00:00-05:00,29.96847328030204,30.90961915384288,29.88133162130361,30.395475387573242,4663400,0.0,0.0
2022-03-08 00:00:00-05:00,30.11662305171395,30.97933692035955,28.375504893340896,30.6917667388916,3390400,0.0,0.0
2022-03-09 00:00:00-05:00,30.02947063504028,30.900900450271216,29.811613181232545,29.933612823486328,2342600,0.0,0.0
2022-03-10 00:00:00-05:00,29.524052009417225,29.968479887072526,29.158049647605264,29.67219352722168,1843700,0.0,0.0
2022-03-11 00:00:00-05:00,29.646055289727546,30.491343632852935,28.94019564321891,29.314910888671875,1906400,0.0,0.0
2022-03-14 00:00:00-04:00,29.437228024181177,30.110029448279285,28.781902351337937,28.83432960510254,1753200,0.09,0.0
2022-03-15 00:00:00-04:00,28.755696597674298,29.681891615140135,28.397451952522697,29.550825119018555,1901000,0.0,0.0
2022-03-16 00:00:00-04:00,29.638201510458277,30.040137222632787,29.14889368666949,29.716840744018555,3396000,0.0,0.0
2022-03-17 00:00:00-04:00,29.57704442752696,30.348584370938415,29.201323934075315,29.31491470336914,4392900,0.0,0.0
2022-03-18 00:00:00-04:00,27.960567855354427,29.638200326759165,27.960567855354427,28.248912811279297,22578500,0.0,0.0
2022-03-21 00:00:00-04:00,28.59841691666319,29.05277652851686,28.301335760188074,28.808122634887695,3835600,0.0,0.0
2022-03-22 00:00:00-04:00,28.781906311056808,29.472183581375834,28.476088954920122,28.53725242614746,3102300,0.0,0.0
2022-03-23 00:00:00-04:00,28.353762895773603,28.65958026143745,28.109105670083224,28.26638412475586,1046100,0.0,0.0
2022-03-24 00:00:00-04:00,28.46735865976844,28.781912291514708,28.310080177315363,28.677061080932617,1276200,0.0,0.0
2022-03-25 00:00:00-04:00,28.55472353186883,29.218785397028235,28.55472353186883,29.14888572692871,831800,0.0,0.0
2022-03-28 00:00:00-04:00,28.90423989417891,29.86538312329986,28.90423989417891,29.812955856323242,1340000,0.0,0.0
2022-03-29 00:00:00-04:00,30.127512243669074,30.931380323552286,29.952758023419722,30.704198837280273,1318800,0.0,0.0
2022-03-30 00:00:00-04:00,30.704199144625186,30.931380633171255,30.398381755997264,30.503232955932617,1022100,0.0,0.0
2022-03-31 00:00:00-04:00,30.494493471592875,30.782835073755503,30.005182369149427,30.048870086669922,862900,0.0,0.0
2022-04-01 00:00:00-04:00,30.22363055762369,30.47702403821364,30.05237280285913,30.372169494628906,861100,0.0,0.0
2022-04-04 00:00:00-04:00,30.345946423253512,30.407109884721358,29.812947687754868,30.276046752929688,572500,0.0,0.0
2022-04-05 00:00:00-04:00,30.206154706883915,30.730414090545683,29.917813045817905,30.328481674194336,872000,0.0,0.0
2022-04-06 00:00:00-04:00,30.197413030050164,30.503230392982623,30.070716313075497,30.468278884887695,638900,0.0,0.0
2022-04-07 00:00:00-04:00,30.407119245920914,30.546921962767183,29.83043262228509,30.136253356933594,648800,0.0,0.0
2022-04-08 00:00:00-04:00,30.101297614080508,30.62555689528617,29.856640394113207,30.241100311279297,593400,0.0,0.0
2022-04-11 00:00:00-04:00,30.153719745295113,30.538179639549327,30.0401323521373,30.284786224365234,1012400,0.0,0.0
2022-04-12 00:00:00-04:00,30.389642906039622,30.68323093899024,29.970234763555514,30.092561721801758,826200,0.0,0.0
2022-04-13 00:00:00-04:00,30.188918613345823,30.495540519681953,29.987425936440676,30.346609115600586,796500,0.09,0.0
2022-04-14 00:00:00-04:00,30.460509182469227,30.86787591330832,30.057523673351174,30.6269588470459,924800,0.0,0.0
2022-04-18 00:00:00-04:00,30.4780266520417,31.126307020564358,30.171404668536074,31.021181106567383,1838000,0.0,0.0
2022-04-19 00:00:00-04:00,31.091274550095772,31.783357266186215,30.95110551801366,31.415414810180664,1886500,0.0,0.0
2022-04-20 00:00:00-04:00,31.43293316694531,31.80963802904097,31.30152325062618,31.450454711914062,838500,0.0,0.0
2022-04-21 00:00:00-04:00,31.68698032635711,31.757066490997254,31.319037987673152,31.573095321655273,908700,0.0,0.0
2022-04-22 00:00:00-04:00,31.13507638094907,31.196400122897625,30.714569289633285,30.845975875854492,827700,0.0,0.0
2022-04-25 00:00:00-04:00,30.73208709436955,30.94233894348144,30.50431035895663,30.942338943481445,845500,0.0,0.0
2022-04-26 00:00:00-04:00,30.784644934548044,31.10002601475256,30.530587581950794,30.64447593688965,691600,0.0,0.0
2022-04-27 00:00:00-04:00,30.793399985952977,30.872245237080357,30.14511643869544,30.346609115600586,863200,0.0,0.0
2022-04-28 00:00:00-04:00,30.451732934016757,30.818802952672062,30.04874760758836,30.740833282470703,433900,0.0,0.0
2022-04-29 00:00:00-04:00,30.661998394357223,30.80216739619858,29.59320766663399,29.663293838500977,533800,0.0,0.0
2022-05-02 00:00:00-04:00,29.74213990276229,29.92611109597227,28.47185640994026,29.163942337036133,578800,0.0,0.0
2022-05-03 00:00:00-04:00,29.198985003978528,30.03999902532289,29.128898831253505,29.93486976623535,690200,0.0,0.0
2022-05-04 00:00:00-04:00,30.004948285167952,30.64446940963503,29.645765096305848,30.574386596679688,1077600,0.0,0.0
2022-05-05 00:00:00-04:00,30.294054871419043,30.548108880092034,29.52750494056604,29.785940170288086,842900,0.0,0.0
2022-05-06 00:00:00-04:00,28.46747300542405,29.978673427192557,28.46747300542405,29.356670379638672,604100,0.0,0.0
2022-05-09 00:00:00-04:00,28.769715647524855,29.356672307553982,27.981264582126297,28.060108184814453,768100,0.0,0.0
2022-05-10 00:00:00-04:00,28.217798192521965,28.585743909744863,27.31546045520877,27.884897232055664,682400,0.0,0.0
2022-05-11 00:00:00-04:00,27.00008201100639,28.173998765480274,26.95627982039997,27.385547637939453,621200,0.0,0.0
2022-05-12 00:00:00-04:00,27.42058370682221,28.213417572266035,27.271653948489664,28.103910446166992,675300,0.0,0.0
2022-05-13 00:00:00-04:00,28.472892167357667,29.553473608174635,28.428966746438892,29.50954818725586,2464900,0.09,0.0
2022-05-16 00:00:00-04:00,29.27234649288905,29.716000946086552,29.035145201613993,29.51833152770996,1045300,0.0,0.0
2022-05-17 00:00:00-04:00,29.81701620099274,30.185996945171812,29.562247532649696,30.177209854125977,1086800,0.0,0.0
2022-05-18 00:00:00-04:00,29.869741457769955,30.273860684946694,29.34262971373897,29.43926429748535,926200,0.0,0.0
2022-05-19 00:00:00-04:00,29.079068518358078,29.96637736056532,28.66616557567727,28.938505172729492,1082100,0.0,0.0
2022-05-20 00:00:00-04:00,29.430474541053773,29.430474541053773,28.27082626007697,28.622236251831055,1357700,0.0,0.0
2022-05-23 00:00:00-04:00,28.666167524856878,29.35141346247828,28.666167524856878,28.947294235229492,1169400,0.0,0.0
2022-05-24 00:00:00-04:00,29.043930630031774,30.38806785217455,28.925328315551788,30.28264617919922,1228800,0.0,0.0
2022-05-25 00:00:00-04:00,30.238708281000463,30.98545356330995,30.05421957116738,30.86246109008789,1951300,0.0,0.0
2022-05-26 00:00:00-04:00,30.95912220138706,31.468663308359922,30.827342537684114,31.090898513793945,1410600,0.0,0.0
2022-05-27 00:00:00-04:00,31.126019785141427,31.538925999328193,30.66040442108834,30.985456466674805,1450400,0.0,0.0
2022-05-31 00:00:00-04:00,30.748260915330572,30.748260915330572,29.333840377018248,29.641324996948242,11044000,0.0,0.0
2022-06-01 00:00:00-04:00,29.746754781964125,30.124519501505304,28.83309111836241,29.448057174682617,1034500,0.0,0.0
2022-06-02 00:00:00-04:00,29.623747037877944,31.011809311380592,29.59299891840682,30.888816833496094,2840300,0.0,0.0
2022-06-03 00:00:00-04:00,30.748260396130217,30.82732748548633,30.080585359240935,30.24750328063965,1002400,0.0,0.0
2022-06-06 00:00:00-04:00,30.317784470755925,30.590127422891364,28.701304297892236,28.92972183227539,1604500,0.0,0.0
2022-06-07 00:00:00-04:00,28.69251812339003,30.17721856588541,28.587096459459318,30.13329315185547,1003800,0.0,0.0
2022-06-08 00:00:00-04:00,29.781888296708892,30.0454441481862,29.017571970741876,29.878522872924805,865300,0.0,0.0
2022-06-09 00:00:00-04:00,29.711608687240762,29.966380827951593,29.45244635021398,29.5622615814209,894600,0.0,0.0
2022-06-10 00:00:00-04:00,29.131776319386514,29.5095408780503,28.947287586446702,29.070280075073242,1104600,0.0,0.0
2022-06-13 00:00:00-04:00,28.455317802958522,29.67646245018582,27.761286519681263,28.068769454956055,1070600,0.0,0.0
2022-06-14 00:00:00-04:00,28.14806204671378,28.421170976455908,27.830900254067288,28.20092010498047,1059700,0.09,0.0
2022-06-15 00:00:00-04:00,28.606190267618413,29.742682448822656,28.350698396491865,29.17884063720703,1314900,0.0,0.0
2022-06-16 00:00:00-04:00,28.526891136949136,29.293363156728578,28.341877868096493,28.773571014404297,1644300,0.0,0.0
2022-06-17 00:00:00-04:00,29.099537199051323,29.636949736392843,28.641415091166103,29.240497589111328,8492500,0.0,0.0
2022-06-21 00:00:00-04:00,29.152400300837183,29.760291388177507,28.861667589004206,28.94095802307129,943600,0.0,0.0
2022-06-22 00:00:00-04:00,28.42998504910627,29.555026962316852,28.42998504910627,28.888107299804688,844400,0.0,0.0
2022-06-23 00:00:00-04:00,28.72071269541873,29.26253132551673,28.557729199148238,28.729524612426758,929600,0.0,0.0
2022-06-24 00:00:00-04:00,28.976208580905404,29.407901834287355,28.949779547697446,29.328611373901367,3856500,0.0,0.0
2022-06-27 00:00:00-04:00,29.51361575427539,30.147939317572142,29.143595916193263,30.077457427978516,1261700,0.0,0.0
2022-06-28 00:00:00-04:00,30.209610937893483,30.394620867022997,29.883637221890062,29.936498641967773,960900,0.0,0.0
2022-06-29 00:00:00-04:00,29.954124134047987,30.042223154843242,29.628153724190888,29.892454147338867,731700,0.0,0.0
2022-06-30 00:00:00-04:00,29.548851821131105,29.901251128640546,29.25811911569392,29.4343204498291,601100,0.0,0.0
2022-07-01 00:00:00-04:00,29.3197974178687,29.958527015685544,29.081926053243308,29.9453125,529200,0.0,0.0
2022-07-05 00:00:00-04:00,29.592895659920877,30.121496200561523,29.214064040182983,30.121496200561523,616100,0.0,0.0
2022-07-06 00:00:00-04:00,30.08626868098166,30.363783553422444,29.88363493324997,29.954116821289062,764500,0.0,0.0
2022-07-07 00:00:00-04:00,29.95411748195114,30.45628918264058,29.619335227904358,30.077457427978516,732200,0.0,0.0
2022-07-08 00:00:00-04:00,29.96292651258033,30.412240163956117,29.857207037276066,29.98935890197754,693700,0.0,0.0
2022-07-11 00:00:00-04:00,29.99816799841461,30.39462023890041,29.487187724603032,30.27128028869629,571500,0.0,0.0
2022-07-12 00:00:00-04:00,30.306525214829232,31.196337372990154,30.222828797301087,30.949657440185547,1121400,0.0,0.0
2022-07-13 00:00:00-04:00,30.641302789417693,30.826316091486913,30.306523855841135,30.315332412719727,506200,0.0,0.0
2022-07-14 00:00:00-04:00,29.00801776676348,30.597981518474924,29.003600255433838,30.112159729003906,738000,0.09,0.0
2022-07-15 00:00:00-04:00,30.60681887884511,30.650983886793224,29.842751100003685,30.218158721923828,886800,0.0,0.0
2022-07-18 00:00:00-04:00,30.456663819612665,30.57149557368291,29.679346619835595,29.75001335144043,994000,0.0,0.0
2022-07-19 00:00:00-04:00,29.961996818123733,30.421320311696388,29.679336725090423,30.377155303955078,803200,0.0,0.0
2022-07-20 00:00:00-04:00,30.447818496999236,30.59798017989933,29.794165001335905,29.979660034179688,928800,0.0,0.0
2022-07-21 00:00:00-04:00,29.379016337796394,29.70584487915039,28.47803920149436,29.70584487915039,1022200,0.0,0.0
2022-07-22 00:00:00-04:00,29.92667177397612,30.112166858855655,29.546846579465846,29.661678314208984,604000,0.0,0.0
2022-07-25 00:00:00-04:00,29.811840256685073,29.811840256685073,28.91969481606084,28.99919319152832,996600,0.0,0.0
2022-07-26 00:00:00-04:00,28.84903089950357,29.193522770150253,28.840199243404303,28.90203094482422,737100,0.0,0.0
2022-07-27 00:00:00-04:00,28.928529646203092,29.122859778579006,28.539872751026312,29.008028030395508,810300,0.0,0.0
2022-07-28 00:00:00-04:00,29.122856469844386,29.87367183668978,29.05218974989087,29.732341766357422,622900,0.0,0.0
2022-07-29 00:00:00-04:00,29.688177495469816,30.332996168125504,29.45409987651104,30.068002700805664,811300,0.0,0.0
2022-08-01 00:00:00-04:00,30.06798997676289,30.191653317875847,29.74999660271625,29.855993270874023,599600,0.0,0.0
2022-08-02 00:00:00-04:00,29.864841341403253,29.882508022077786,29.237685970969082,29.24652099609375,565000,0.0,0.0
2022-08-03 00:00:00-04:00,29.387848961328068,29.77297448539431,29.114020484900898,29.13168716430664,563800,0.0,0.0
2022-08-04 00:00:00-04:00,28.99919637418526,29.308354885169624,28.849031262010676,29.008028030395508,731600,0.0,0.0
2022-08-05 00:00:00-04:00,28.928527483101732,29.299517668542553,28.707699029032252,29.24652099609375,654200,0.0,0.0
2022-08-08 00:00:00-04:00,29.502686078362814,30.03267307898543,29.502686078362814,29.723514556884766,702100,0.0,0.0
2022-08-09 00:00:00-04:00,29.8118430562084,29.829509737924038,29.220907210471424,29.405519485473633,575600,0.0,0.0
2022-08-10 00:00:00-04:00,29.732344947514253,29.829510013058993,29.45851643275862,29.591014862060547,936800,0.0,0.0
2022-08-11 00:00:00-04:00,29.661680865373786,29.988506048210603,29.414350694687187,29.679344177246094,995200,0.0,0.0
2022-08-12 00:00:00-04:00,29.80335086469184,30.529613494873047,29.714780191117466,30.529613494873047,750900,0.09,0.0
2022-08-15 00:00:00-04:00,30.556168727494864,30.556168727494864,30.21518108481165,30.441028594970703,570800,0.0,0.0
2022-08-16 00:00:00-04:00,30.547314581065987,30.71559372103696,30.432174443915166,30.565025329589844,416500,0.0,0.0
2022-08-17 00:00:00-04:00,30.405605897113478,30.534027410376943,30.086758355684914,30.38789176940918,407100,0.0,0.0
2022-08-18 00:00:00-04:00,30.556177866097155,30.945878628374203,30.370184550825734,30.51189422607422,462300,0.0,0.0
2022-08-19 00:00:00-04:00,30.396750941004548,30.432179200838718,30.113331619580833,30.308183670043945,481700,0.0,0.0
2022-08-22 00:00:00-04:00,30.13989588199629,30.13989588199629,29.803337607993942,29.971616744995117,449200,0.0,0.0
2022-08-23 00:00:00-04:00,29.84761331669234,29.980464164774872,29.254202050329027,29.493337631225586,511200,0.0,0.0
2022-08-24 00:00:00-04:00,29.573057108215725,29.8210481247398,29.41363334655762,29.413633346557617,348600,0.0,0.0
2022-08-25 00:00:00-04:00,29.378202286975256,29.688194406644314,29.254206790557184,29.661624908447266,413700,0.0,0.0
2022-08-26 00:00:00-04:00,29.75018992381233,29.75018992381233,29.218779727979836,29.36934471130371,698400,0.0,0.0
2022-08-29 00:00:00-04:00,29.31620553218254,29.705909538272234,29.121356907761687,29.307350158691406,591200,0.0,0.0
2022-08-30 00:00:00-04:00,29.34278008432281,29.528773345866068,29.077074942314706,29.094785690307617,452700,0.0,0.0
2022-08-31 00:00:00-04:00,29.103644375342167,29.192211629597796,28.7936522281991,28.935361862182617,649900,0.0,0.0
2022-09-01 00:00:00-04:00,28.696229358953488,29.139072383760645,28.359667714085283,29.05936050415039,697300,0.0,0.0
2022-09-02 00:00:00-04:00,29.218791793128702,29.568634899692572,28.758234523207566,29.0859375,607500,0.0,0.0
2022-09-06 00:00:00-04:00,29.342777259987834,29.38706088295605,28.837936525177692,29.077072143554688,546500,0.0,0.0
2022-09-07 00:00:00-04:00,29.174504623656052,29.874197590372116,29.00622544804871,29.856483459472656,514800,0.0,0.0
2022-09-08 00:00:00-04:00,29.829909033453372,30.042471811945035,29.519920240392842,29.626201629638672,556600,0.0,0.0
2022-09-09 00:00:00-04:00,29.821048323667817,30.01147096366169,29.723625694115054,29.891904830932617,510400,0.0,0.0
2022-09-12 00:00:00-04:00,30.113331556594854,30.671314822629057,29.98047727180701,30.653600692749023,550000,0.0,0.0
2022-09-13 00:00:00-04:00,30.299326681190855,30.299326681190855,28.594381276172886,28.6873779296875,785700,0.0,0.0
2022-09-14 00:00:00-04:00,28.651942762102454,28.713940516169508,28.014249405440047,28.297670364379883,834900,0.0,0.0
2022-09-15 00:00:00-04:00,28.238159993151424,28.57570082139763,28.184862467828832,28.300338745117188,718100,0.093,0.0
2022-09-16 00:00:00-04:00,28.175979546941733,28.54017252633708,27.97167744927024,28.300338745117188,2791700,0.0,0.0
2022-09-19 00:00:00-04:00,28.01609631574501,28.309225972636867,27.927268787604774,28.247045516967773,586100,0.0,0.0
2022-09-20 00:00:00-04:00,27.93614830029729,27.93614830029729,27.363212592674703,27.40318489074707,644200,0.0,0.0
2022-09-21 00:00:00-04:00,27.59859915133884,27.84731581656997,26.887982528169417,26.90574836730957,507300,0.0,0.0
2022-09-22 00:00:00-04:00,26.94128584236266,26.94128584236266,26.150724417490853,26.230669021606445,621800,0.0,0.0
2022-09-23 00:00:00-04:00,25.92864898393241,26.195129791430674,25.671049401672917,26.186246871948242,851600,0.0,0.0
2022-09-26 00:00:00-04:00,26.15959966167163,26.195129645159298,24.507413920525824,25.226913452148438,872300,0.0,0.0
2022-09-27 00:00:00-04:00,25.688819522070087,25.72434951167776,24.64065856786262,24.818313598632812,591400,0.0,0.0
2022-09-28 00:00:00-04:00,25.031497404426418,25.484516186089376,24.75613364491343,25.28021240234375,541900,0.0,0.0
2022-09-29 00:00:00-04:00,25.191386863585993,25.191386863585993,24.04551551598215,24.276466369628906,757400,0.0,0.0
2022-09-30 00:00:00-04:00,24.41858965266925,25.040380541322964,24.27646631141878,24.9160213470459,684500,0.0,0.0
2022-10-03 00:00:00-04:00,25.244679988606244,25.946413700754373,24.827192929188683,25.813173294067383,1079000,0.0,0.0
2022-10-04 00:00:00-04:00,26.044128882315178,26.52379646713596,25.964184284845047,26.434968948364258,940200,0.0,0.0
2022-10-05 00:00:00-04:00,25.990828135464245,26.013034587398277,25.29797565311407,25.617753982543945,523300,0.0,0.0
2022-10-06 00:00:00-04:00,25.52004368453023,25.71546452868095,24.889371636482284,25.093673706054688,539200,0.0,0.0
2022-10-07 00:00:00-04:00,25.049263519770967,25.25356561150977,24.81564762053158,25.155855178833008,692400,0.0,0.0
2022-10-10 00:00:00-04:00,25.333506091401485,25.666607936836044,25.26244443214519,25.484512329101562,642600,0.0,0.0
2022-10-11 00:00:00-04:00,25.573345696442853,25.91532884531482,25.324628984837435,25.6799373626709,633000,0.0,0.0
2022-10-12 00:00:00-04:00,25.57334131462765,25.697698802000573,25.395686309028882,25.4134521484375,483100,0.0,0.0
2022-10-13 00:00:00-04:00,25.013728746892404,25.830938707127963,24.800543760862734,25.742111206054688,470000,0.0,0.0
2022-10-14 00:00:00-04:00,26.110148230323414,26.181438671305322,25.067524468651623,25.183372497558594,415900,0.093,0.0
2022-10-17 00:00:00-04:00,25.611116933186615,26.10124023642358,25.29030907650048,25.68240737915039,825200,0.0,0.0
2022-10-18 00:00:00-04:00,26.101239898072603,26.332932569677702,25.73587445508391,25.896278381347656,859400,0.0,0.0
2022-10-19 00:00:00-04:00,25.74478411461777,25.958655434296947,25.04079123313607,25.192283630371094,454300,0.0,0.0
2022-10-20 00:00:00-04:00,25.325956422129174,25.513093214802083,24.924946581118093,24.95168113708496,442400,0.0,0.0
2022-10-21 00:00:00-04:00,24.942775165375267,25.780439408607062,24.32789383898287,25.735881805419922,460200,0.0,0.0
2022-10-24 00:00:00-04:00,25.97647926842866,26.003213821597924,25.593292504826913,25.798254013061523,539200,0.0,0.0
2022-10-25 00:00:00-04:00,25.851726291965488,26.564630847191257,25.753701278234995,26.39531707763672,814900,0.0,0.0
2022-10-26 00:00:00-04:00,26.395314766008738,26.609186113846214,26.01212796374637,26.154708862304688,421300,0.0,0.0
2022-10-27 00:00:00-04:00,26.475512932021925,26.733941852450773,26.297287672824535,26.40422248840332,358700,0.0,0.0
2022-10-28 00:00:00-04:00,26.30620088529955,26.97454947466367,26.20372097222752,26.69829750061035,859800,0.0,0.0
2022-10-31 00:00:00-04:00,26.39531088883632,26.9121669951145,26.341841784957168,26.85869789123535,778400,0.0,0.0
2022-11-01 00:00:00-04:00,27.01019516455261,27.15277606791936,26.787412290579763,27.001283645629883,711300,0.0,0.0
2022-11-02 00:00:00-04:00,26.80523793741396,27.10822281148282,26.14580077023426,26.163623809814453,467900,0.0,0.0
2022-11-03 00:00:00-04:00,25.735880737723818,26.386408119677707,25.370516905240834,26.29729461669922,785600,0.0,0.0
2022-11-04 00:00:00-04:00,26.448778325716418,27.847854251352675,25.860631779903702,27.48249053955078,852000,0.0,0.0
2022-11-07 00:00:00-05:00,27.642896170576417,27.901323390252617,27.161684403340526,27.197330474853516,638900,0.0,0.0
2022-11-08 00:00:00-05:00,27.134956385785078,27.44685106862286,26.929994837450693,27.09039878845215,726000,0.0,0.0
2022-11-09 00:00:00-05:00,26.86761240583938,27.179508747803013,26.484425617115345,26.67156410217285,507100,0.0,0.0
2022-11-10 00:00:00-05:00,27.54487462513157,28.337981118995312,27.445958973896094,28.239957809448242,565600,0.0,0.0
2022-11-11 00:00:00-05:00,28.150845967910687,28.462742352205485,27.910240040051967,28.07955551147461,478500,0.0,0.0
2022-11-14 00:00:00-05:00,28.010732608260884,28.3503642238248,27.608535703894578,27.617473602294922,518700,0.093,0.0
2022-11-15 00:00:00-05:00,27.912419531271667,28.122455897662466,27.706852966782336,27.80516815185547,527700,0.0,0.0
2022-11-16 00:00:00-05:00,27.805165744517517,27.858791429582766,27.362749154722263,27.447656631469727,360200,0.0,0.0
2022-11-17 00:00:00-05:00,27.081213854878516,27.88560772965566,26.965024575594015,27.77835464477539,604200,0.0,0.0
2022-11-18 00:00:00-05:00,28.538058572476324,28.546996471469132,27.930295078804743,28.20736312866211,488200,0.0,0.0
2022-11-21 00:00:00-05:00,28.010733084267095,28.51124347008306,27.92135580347464,28.162673950195312,355700,0.0,0.0
2022-11-22 00:00:00-05:00,28.34142657918224,28.600620520923425,28.167141820639635,28.564868927001953,530000,0.0,0.0
2022-11-23 00:00:00-05:00,28.555931454996784,28.707870608172275,28.265455733941845,28.68999481201172,465300,0.0,0.0
2022-11-25 00:00:00-05:00,28.546993945116135,28.877689359664455,28.52911814871249,28.663183212280273,191200,0.0,0.0
2022-11-28 00:00:00-05:00,28.49336535498821,28.64530620855575,27.83197625849708,28.001792907714844,512400,0.0,0.0
2022-11-29 00:00:00-05:00,27.966039907085747,28.868745325418622,27.921350422936413,28.52911376953125,416200,0.0,0.0
2022-11-30 00:00:00-05:00,28.430803468656322,28.886626056513748,28.207361123906395,28.80618667602539,712700,0.0,0.0
2022-12-01 00:00:00-05:00,29.04750496149063,29.190507926461123,28.314614339834407,28.60062026977539,682700,0.0,0.0
2022-12-02 00:00:00-05:00,28.34142406925411,28.931311678879084,28.153733331977836,28.841936111450195,459200,0.0,0.0
2022-12-05 00:00:00-05:00,28.716810867197403,28.76149865389022,28.412929144442845,28.654247283935547,472700,0.0,0.0
2022-12-06 00:00:00-05:00,28.61849429283304,29.020691172340914,28.55593071262731,28.79724884033203,637500,0.0,0.0
2022-12-07 00:00:00-05:00,28.716812974732125,29.306700666964222,28.716812974732125,28.993879318237305,588600,0.0,0.0
2022-12-08 00:00:00-05:00,28.975996804552043,29.378193640006206,28.824057671968827,29.110063552856445,510100,0.0,0.0
2022-12-09 00:00:00-05:00,28.895562879991186,29.28256378374071,28.895562879991186,29.11900520324707,362900,0.0,0.0
2022-12-12 00:00:00-05:00,29.19050409932678,29.485449593729484,28.93577999482407,29.405010223388672,860900,0.0,0.0
2022-12-13 00:00:00-05:00,29.637393825270912,30.093214729223245,29.20838491288643,29.655269622802734,574400,0.0,0.0
2022-12-14 00:00:00-05:00,29.62210521422699,30.115059394077107,29.4518129467276,29.81928825378418,596500,0.093,0.0
2022-12-15 00:00:00-05:00,29.568327800078535,29.855137602778957,29.12018705597881,29.254627227783203,769000,0.0,0.0
2022-12-16 00:00:00-05:00,28.421091138052237,28.833379888625544,27.84747141220359,28.707901000976562,984600,0.0,0.0
2022-12-19 00:00:00-05:00,28.492788854061764,28.788559962320484,28.089461507306705,28.31353187561035,416300,0.0,0.0
2022-12-20 00:00:00-05:00,28.10739021384506,28.61827042852556,27.887800479883783,28.295608520507812,544500,0.0,0.0
2022-12-21 00:00:00-05:00,28.412122106486347,28.78855866716069,28.268717213985315,28.465898513793945,447900,0.0,0.0
2022-12-22 00:00:00-05:00,28.232873234510834,28.376278168146616,27.838508812251604,28.331464767456055,326500,0.0,0.0
2022-12-23 00:00:00-05:00,28.24182667219961,28.694448019847336,28.19701157719617,28.66307830810547,191800,0.0,0.0
2022-12-27 00:00:00-05:00,28.734789194690137,28.846824394174835,28.61827162989403,28.806489944458008,236100,0.0,0.0
2022-12-28 00:00:00-05:00,28.940935984367883,28.97678807178719,28.09843073475201,28.179096221923828,296700,0.0,0.0
2022-12-29 00:00:00-05:00,28.277686206590076,28.752717820031137,28.231977017244592,28.707901000976562,345600,0.0,0.0
2022-12-30 00:00:00-05:00,28.573459478932723,28.66308798969252,28.277686590090557,28.537609100341797,367700,0.0,0.0
2023-01-03 00:00:00-05:00,28.76167596008402,29.075373144606562,27.963985903118516,28.44797706604004,611000,0.0,0.0
2023-01-04 00:00:00-05:00,28.510714737782056,28.77960022011021,28.403161912467862,28.689970016479492,1107100,0.0,0.0
2023-01-05 00:00:00-05:00,28.582418818175217,28.582418818175217,27.59651045541468,27.82954216003418,685200,0.0,0.0
2023-01-06 00:00:00-05:00,28.01776040312762,28.636195128006314,27.94605795020845,28.49279022216797,401000,0.0,0.0
2023-01-09 00:00:00-05:00,28.636193098665945,29.048481746353495,28.528638572148513,28.618267059326172,688300,0.0,0.0
2023-01-10 00:00:00-05:00,28.42108839273283,28.474866518977695,28.125315536471934,28.439014434814453,447800,0.0,0.0
2023-01-11 00:00:00-05:00,28.501753578237118,29.532478763506873,28.501753578237118,29.478700637817383,478200,0.0,0.0
2023-01-12 00:00:00-05:00,29.45181358988103,30.343612814460755,29.308408672264978,30.303281784057617,590000,0.0,0.0
2023-01-13 00:00:00-05:00,30.225090920517484,30.350915902573547,27.358065850161324,30.29698944091797,504400,0.093,0.0
2023-01-17 00:00:00-05:00,29.676846423029325,30.47673663614337,29.676846423029325,30.162174224853516,378600,0.0,0.0
2023-01-18 00:00:00-05:00,30.17116052509024,30.66098305962866,29.50608472708668,29.649885177612305,355000,0.0,0.0
2023-01-19 00:00:00-05:00,29.56900006403149,29.761330570963228,29.08367221098427,29.1196231842041,413600,0.0,0.0
2023-01-20 00:00:00-05:00,29.182542521865013,29.43419253651581,28.548919326937995,29.38925552368164,573600,0.0,0.0
2023-01-23 00:00:00-05:00,29.362288792488176,29.87008694929373,29.05671575235797,29.380264282226562,400700,0.0,0.0
2023-01-24 00:00:00-05:00,29.299371094574234,29.703810970750027,29.14658460161532,29.371273040771484,308400,0.0,0.0
2023-01-25 00:00:00-05:00,29.263422412526577,29.434184385397558,29.15556949742277,29.39823341369629,289300,0.0,0.0
2023-01-26 00:00:00-05:00,29.470136502555956,29.71280042826143,29.236458605888387,29.371273040771484,355000,0.0,0.0
2023-01-27 00:00:00-05:00,29.24544492942292,30.0722966512439,29.24544492942292,30.063310623168945,464000,0.0,0.0
2023-01-30 00:00:00-05:00,29.87457330733156,30.243062172524443,29.46114401614896,29.506084442138672,305700,0.0,0.0
2023-01-31 00:00:00-05:00,29.53304721133866,30.220593245163602,29.44316978400884,30.126224517822266,490800,0.0,0.0
2023-02-01 00:00:00-05:00,29.964452883901764,30.593581251742112,29.703813449893456,30.35990333557129,393700,0.0,0.0
2023-02-02 00:00:00-05:00,30.476736789274852,31.218209252152953,30.43179979150382,30.863201141357422,602200,0.0,0.0
2023-02-03 00:00:00-05:00,30.458766552429317,30.530668504029997,30.049835345240147,30.323955535888672,354300,0.0,0.0
2023-02-06 00:00:00-05:00,30.009393053648843,30.12623202405247,29.73976756142629,30.081295013427734,363100,0.0,0.0
2023-02-07 00:00:00-05:00,29.946476247729937,30.261038705353165,29.604948844829256,30.09027671813965,646100,0.0,0.0
2023-02-08 00:00:00-05:00,29.955464396019046,29.955464396019046,29.636403794912713,29.721786499023438,316300,0.0,0.0
2023-02-09 00:00:00-05:00,29.973434303436076,29.973434303436076,29.056708553226517,29.218481063842773,460900,0.0,0.0
2023-02-10 00:00:00-05:00,28.706194737200793,30.503700490541704,28.706194737200793,30.350914001464844,620500,0.0,0.0
2023-02-13 00:00:00-05:00,30.341926735297786,31.051943059097777,30.301484460024025,30.791303634643555,913800,0.0,0.0
2023-02-14 00:00:00-05:00,30.638523337515164,31.06543010693442,30.512698328779987,30.782323837280273,708700,0.0,0.0
2023-02-15 00:00:00-05:00,30.692447520229532,30.95308354952812,30.395857083079765,30.9440975189209,548400,0.0,0.0
2023-02-16 00:00:00-05:00,30.74636361918699,31.21821068867807,30.584587676988527,30.98004150390625,720700,0.0,0.0
2023-02-17 00:00:00-05:00,31.280129612179,31.280129612179,30.67633732991682,30.85657501220703,563200,0.093,0.0
2023-02-21 00:00:00-05:00,30.50511253180475,30.568195210211286,29.721082501789102,30.063533782958984,669300,0.0,0.0
2023-02-22 00:00:00-05:00,30.081562360834145,30.52314117521406,30.081562360834145,30.23476219177246,790900,0.0,0.0
2023-02-23 00:00:00-05:00,30.44203230640605,30.856580075015017,30.090570659035215,30.820531845092773,565100,0.0,0.0
2023-02-24 00:00:00-05:00,30.52314285073476,30.730415041602008,30.35191889421369,30.703380584716797,662300,0.0,0.0
2023-02-27 00:00:00-05:00,31.036804236681782,31.38376232057736,30.416789322576523,30.568187713623047,575900,0.0,0.0
2023-02-28 00:00:00-05:00,30.658316627096827,31.036812708021714,30.59523394694268,30.721399307250977,774500,0.0,0.0
2023-03-01 00:00:00-05:00,30.44203602723101,30.577215187087695,30.05452610257393,30.4510498046875,513900,0.0,0.0
2023-03-02 00:00:00-05:00,30.360921572780267,30.640290161845186,30.090566758901815,30.32487678527832,572500,0.0,0.0
2023-03-03 00:00:00-05:00,30.44203760869197,30.712395942450435,30.270813643360757,30.559192657470703,416700,0.0,0.0
2023-03-06 00:00:00-05:00,30.387965470351887,30.72140302548691,30.090572709847304,30.099586486816406,484500,0.0,0.0
2023-03-07 00:00:00-05:00,30.054520583934806,30.216734170877487,29.36962144620321,29.85626220703125,426200,0.0,0.0
2023-03-08 00:00:00-05:00,29.874290181344783,30.315868995724703,29.80219371661006,30.23476219177246,495900,0.0,0.0
2023-03-09 00:00:00-05:00,30.252784526321836,30.27981898013093,29.4417165345645,29.522823333740234,733600,0.0,0.0
2023-03-10 00:00:00-05:00,29.477767474600586,29.540850164453087,28.026860451369956,28.342275619506836,1089200,0.0,0.0
2023-03-13 00:00:00-04:00,28.125989342035403,29.000140088448937,27.99081190544936,28.450416564941406,767900,0.0,0.0
2023-03-14 00:00:00-04:00,29.176206420036966,29.33889930287705,28.38082109987231,28.76947593688965,891000,0.093,0.0
2023-03-15 00:00:00-04:00,28.308509126690783,28.615817476511783,27.983123409479695,28.353702545166016,772700,0.0,0.0
2023-03-16 00:00:00-04:00,27.95600939033605,28.41697192014593,27.6848540483553,27.739086151123047,651700,0.0,0.0
2023-03-17 00:00:00-04:00,27.71197401038575,27.71197401038575,27.00697209049083,27.58543586730957,2016500,0.0,0.0
2023-03-20 00:00:00-04:00,27.603514755426666,28.209091172851977,27.44986054869029,27.96505355834961,1012000,0.0,0.0
2023-03-21 00:00:00-04:00,28.453127162897367,28.733321210647837,28.002108356655874,28.22716522216797,808400,0.0,0.0
2023-03-22 00:00:00-04:00,27.98311692295925,28.181964470251877,27.151578903198242,27.151578903198242,710700,0.0,0.0
2023-03-23 00:00:00-04:00,27.287162220337798,28.028317049667926,27.16966105532537,27.422739028930664,637100,0.0,0.0
2023-03-24 00:00:00-04:00,27.178699444754425,28.41697152411846,27.04312263762982,28.272356033325195,963300,0.0,0.0
2023-03-27 00:00:00-04:00,28.326592185563797,28.579670208016527,27.332359190728138,28.03736114501953,759900,0.0,0.0
2023-03-28 00:00:00-04:00,27.865622990534398,28.073507536360328,27.693891454266094,27.847545623779297,582200,0.0,0.0
2023-03-29 00:00:00-04:00,28.200045418249957,28.326583528829197,27.802351997062036,28.23619842529297,746700,0.0,0.0
2023-03-30 00:00:00-04:00,28.561589143983227,28.77851239634327,28.326588522938323,28.679088592529297,535700,0.0,0.0
2023-03-31 00:00:00-04:00,28.89601405029148,29.501592155831165,28.79659196284218,29.4835147857666,741900,0.0,0.0
2023-04-03 00:00:00-04:00,29.48351040551792,29.88120559204271,29.230434158024163,29.38408660888672,551200,0.0,0.0
2023-04-04 00:00:00-04:00,29.366015906957216,29.370532663367865,28.914090292732325,29.347938537597656,400300,0.0,0.0
2023-04-05 00:00:00-04:00,29.27563005927839,29.27563005927839,28.63389894068841,28.84178352355957,458000,0.0,0.0
2023-04-06 00:00:00-04:00,28.986392974853516,29.022547707247124,28.651970319975263,28.986392974853516,424800,0.0,0.0
2023-04-10 00:00:00-04:00,28.832744117571334,29.12197685810413,28.633898224660825,28.814666748046875,596000,0.0,0.0
2023-04-11 00:00:00-04:00,28.850818310739903,28.954760588132658,28.5480284383761,28.760433197021484,485400,0.0,0.0
2023-04-12 00:00:00-04:00,28.923130439019044,28.923130439019044,28.29947495622088,28.308513641357422,414900,0.0,0.0
2023-04-13 00:00:00-04:00,28.272358794586566,28.471204682859717,27.84754924043315,28.38985824584961,601800,0.0,0.0
2023-04-14 00:00:00-04:00,28.555753829040867,28.64640736161419,27.90305150684311,28.14781379699707,393100,0.093,0.0
2023-04-17 00:00:00-04:00,28.175006824497014,28.61920717614264,28.175006824497014,28.601076126098633,365600,0.0,0.0
2023-04-18 00:00:00-04:00,28.564820837619234,28.61014674172199,28.26113174709905,28.5285587310791,367200,0.0,0.0
2023-04-19 00:00:00-04:00,28.31098823104021,28.72799376599408,28.202205381276396,28.610143661499023,364800,0.0,0.0
2023-04-20 00:00:00-04:00,28.501363981534272,28.68448312462445,28.29286032633235,28.53762435913086,461900,0.0,0.0
2023-04-21 00:00:00-04:00,28.537619252880948,28.655469349395812,28.156875846345113,28.392574310302734,285200,0.0,0.0
2023-04-24 00:00:00-04:00,28.446970094353205,28.637342691354217,27.767071173341133,28.02090072631836,374500,0.0,0.0
2023-04-25 00:00:00-04:00,27.839598680850393,28.256604326792363,27.640162250487606,28.165950775146484,487000,0.0,0.0
2023-04-26 00:00:00-04:00,27.948377607687732,28.175010576199334,27.649222158415313,27.730810165405273,424600,0.0,0.0
2023-04-27 00:00:00-04:00,27.739875066428503,28.21127204528557,27.739875066428503,28.093421936035156,334900,0.0,0.0
2023-04-28 00:00:00-04:00,28.09342265048146,28.664538701063393,28.08435712422609,28.592016220092773,491000,0.0,0.0
2023-05-01 00:00:00-04:00,28.410705799595593,28.746121586090883,28.31098675162947,28.44696617126465,463700,0.0,0.0
2023-05-02 00:00:00-04:00,28.202212787293057,28.419780273027015,27.839598581997116,28.156885147094727,677800,0.0,0.0
2023-05-03 00:00:00-04:00,28.26566280544356,28.528556137671394,27.49511040223741,27.585763931274414,849500,0.0,0.0
2023-05-04 00:00:00-04:00,27.413522399011335,27.748939937726572,26.506990566785806,27.585763931274414,626900,0.0,0.0
2023-05-05 00:00:00-04:00,27.821461495270338,28.171382480455684,27.69454586718589,27.921178817749023,368700,0.0,0.0
2023-05-08 00:00:00-04:00,27.8305290171397,27.97104034996189,27.476980413131137,27.4951114654541,270800,0.0,0.0
2023-05-09 00:00:00-04:00,27.295670777280456,27.34099667187545,26.878665284903956,27.00558090209961,321200,0.0,0.0
2023-05-10 00:00:00-04:00,27.232221323297544,27.291144656663175,26.806150188999016,26.987457275390625,323000,0.0,0.0
2023-05-11 00:00:00-04:00,26.806147690630564,26.83787616843108,26.41633870157008,26.71549415588379,541600,0.0,0.0
2023-05-12 00:00:00-04:00,26.724558387132813,26.91493097378239,26.488859899842627,26.769886016845703,404400,0.0,0.0
2023-05-15 00:00:00-04:00,26.778955136164594,27.114370995686887,26.778955136164594,26.96932601928711,242400,0.0,0.0
2023-05-16 00:00:00-04:00,26.88773198241914,26.88773198241914,26.08091926574707,26.08091926574707,307900,0.0,0.0
2023-05-17 00:00:00-04:00,26.171572741579173,26.543250625841655,25.95400359701722,26.506988525390625,428100,0.0,0.0
2023-05-18 00:00:00-04:00,26.364215652817443,26.618855133463924,25.86403287912886,26.446063995361328,441300,0.093,0.0
2023-05-19 00:00:00-04:00,26.82802104575247,26.82802104575247,26.227801052648555,26.346025466918945,395100,0.0,0.0
2023-05-22 00:00:00-04:00,26.346016920326814,27.082651728473863,25.991342057981946,26.982614517211914,2147500,0.0,0.0
2023-05-23 00:00:00-04:00,26.955334449823233,27.22816276795415,26.655224514091607,26.78254508972168,577900,0.0,0.0
2023-05-24 00:00:00-04:00,26.564286823923105,26.637042443682965,26.018633552439727,26.064104080200195,472000,0.0,0.0
2023-05-25 00:00:00-04:00,25.92768570492623,25.973156223817305,25.327465835700657,25.591197967529297,473600,0.0,0.0
2023-05-26 00:00:00-04:00,25.591200402657087,26.00044204997455,25.4275037437301,25.945877075195312,517300,0.0,0.0
2023-05-30 00:00:00-04:00,25.954974140672196,26.159593250348763,25.79127746525938,26.136857986450195,531500,0.0,0.0
2023-05-31 00:00:00-04:00,26.13686119151176,26.464254582484365,25.991353403210525,26.38240623474121,879000,0.0,0.0
2023-06-01 00:00:00-04:00,26.464247814805773,26.832563550871235,26.18232676389126,26.41877555847168,654100,0.0,0.0
2023-06-02 00:00:00-04:00,26.67341166158144,27.54645979376637,26.67341166158144,27.446422576904297,481800,0.0,0.0
2023-06-05 00:00:00-04:00,28.34676036281574,28.93788591229601,27.973896474624055,28.028461456298828,2215000,0.0,0.0
2023-06-06 00:00:00-04:00,27.9193293640611,28.746905417147534,27.792008770409012,28.628679275512695,1054000,0.0,0.0
2023-06-07 00:00:00-04:00,28.692334215752744,29.61994736130231,28.692334215752744,29.47443962097168,1007000,0.0,0.0
2023-06-08 00:00:00-04:00,29.41988302795054,29.510827565147874,29.047020832979573,29.383508682250977,920000,0.0,0.0
2023-06-09 00:00:00-04:00,29.29255617621912,29.574478961066685,29.237992937923632,29.547197341918945,950300,0.0,0.0
2023-06-12 00:00:00-04:00,29.492636969235097,30.34295013015749,29.42897753143119,30.24745750427246,1523500,0.0,0.0
2023-06-13 00:00:00-04:00,30.247457139157312,30.774925010798828,30.124686358925793,30.55666160583496,1677500,0.0,0.0
2023-06-14 00:00:00-04:00,30.57763061553286,30.99712954917365,30.422601047845063,30.659706115722656,1828200,0.093,0.0
2023-06-15 00:00:00-04:00,30.577630125464783,31.17039800386939,30.386121787693654,30.668827056884766,1957300,0.0,0.0
2023-06-16 00:00:00-04:00,31.088319778442383,31.46221846745405,30.313165062795992,31.088319778442383,23954100,0.0,0.0
2023-06-20 00:00:00-04:00,30.842097370875486,31.074645207760618,30.43628057484876,30.522916793823242,3719700,0.0,0.0
2023-06-21 00:00:00-04:00,30.495554579909445,30.495554579909445,29.966626293712093,29.975744247436523,1963700,0.0,0.0
2023-06-22 00:00:00-04:00,30.021341418175815,30.021341418175815,29.382980283797504,29.638324737548828,1349500,0.0,0.0
2023-06-23 00:00:00-04:00,29.474173210095014,29.683920933180595,29.355618939200657,29.3647403717041,4609800,0.0,0.0
2023-06-26 00:00:00-04:00,29.355625502249897,30.13990189014137,29.264432029670512,29.838960647583008,973900,0.0,0.0
2023-06-27 00:00:00-04:00,29.866309309966415,30.513791821925295,29.866309309966415,30.413476943969727,1034900,0.0,0.0
2023-06-28 00:00:00-04:00,30.449962123318265,30.714428042903542,30.285811102803795,30.459083557128906,960100,0.0,0.0
2023-06-29 00:00:00-04:00,30.43171584503382,31.097437731381092,30.249325476997342,31.088319778442383,1091500,0.0,0.0
2023-06-30 00:00:00-04:00,31.29806639561542,31.33454516371544,30.761839636726904,31.079200744628906,1122000,0.0,0.0
2023-07-03 00:00:00-04:00,31.02449337448864,31.55342178053135,30.992575311010267,31.188644409179688,339200,0.0,0.0
2023-07-05 00:00:00-04:00,31.006241203369527,31.41661862094014,30.750896800795175,31.051837921142578,841400,0.0,0.0
2023-07-06 00:00:00-04:00,30.01222091095443,30.525647596098985,29.90278807991516,30.413476943969727,956600,0.0,0.0
2023-07-07 00:00:00-04:00,30.377009133927576,30.677950363101623,30.103421770741203,30.185497283935547,609100,0.0,0.0
2023-07-10 00:00:00-04:00,30.094298938504217,30.614109278228344,29.99398405210004,30.58675193786621,647600,0.0,0.0
2023-07-11 00:00:00-04:00,30.586747119016472,31.202311531835015,30.513789584468668,31.161272048950195,447000,0.0,0.0
2023-07-12 00:00:00-04:00,31.434866321835425,31.553417123653944,31.029049512300322,31.070085525512695,592300,0.0,0.0
2023-07-13 00:00:00-04:00,30.997126133860288,31.056401524596808,30.750899660420522,30.860332489013672,762500,0.0,0.0
2023-07-14 00:00:00-04:00,30.716771203157364,31.0185417753485,29.99434556271959,30.570457458496094,1044200,0.093,0.0
2023-07-17 00:00:00-04:00,30.36012425423309,31.10083587951663,30.36012425423309,30.981958389282227,596700,0.0,0.0
2023-07-18 00:00:00-04:00,31.000246644193854,31.379745520397055,30.899655319756683,31.3203067779541,576300,0.0,0.0
2023-07-19 00:00:00-04:00,31.475761701804874,31.88727005547736,31.475761701804874,31.868980407714844,613500,0.0,0.0
2023-07-20 00:00:00-04:00,31.942154033808166,32.39023840552356,31.599230825734125,32.33537292480469,1155600,0.0,0.0
2023-07-21 00:00:00-04:00,32.463383543646636,32.76972731170315,32.14332341110905,32.3536491394043,920600,0.0,0.0
2023-07-24 00:00:00-04:00,32.39937027551319,32.5639736197656,32.08845323508018,32.381080627441406,555500,0.0,0.0
2023-07-25 00:00:00-04:00,32.35366141955774,32.42681655402145,32.061033904912605,32.08846664428711,595900,0.0,0.0
2023-07-26 00:00:00-04:00,32.00615689990677,32.37651274203382,30.634464461339338,32.280494689941406,827500,0.0,0.0
2023-07-27 00:00:00-04:00,32.29878024485184,32.38108192026396,31.58550138354273,31.612934112548828,527400,0.0,0.0
2023-07-28 00:00:00-04:00,31.7775450449134,31.98787082372561,31.402615876005605,31.6312313079834,621800,0.0,0.0
2023-07-31 00:00:00-04:00,31.603799825553782,32.28964614868164,31.585510171663,32.28964614868164,866600,0.0,0.0
2023-08-01 00:00:00-04:00,32.225635629991714,32.52740621249008,31.878139166404086,32.46339416503906,725000,0.0,0.0
2023-08-02 00:00:00-04:00,32.234784733340746,32.893198473967914,32.19363561874935,32.80175018310547,972200,0.0,0.0
2023-08-03 00:00:00-04:00,32.73771921914305,32.856600184418035,32.2073333919972,32.490814208984375,820300,0.0,0.0
2023-08-04 00:00:00-04:00,32.490814208984375,32.82916745719827,32.29877814165882,32.490814208984375,943600,0.0,0.0
2023-08-07 00:00:00-04:00,32.63713863396399,32.984635076058275,32.55483693684678,32.91147994995117,930500,0.0,0.0
2023-08-08 00:00:00-04:00,32.52740190773209,33.00292240329017,32.39937782977309,32.92976379394531,934900,0.0,0.0
2023-08-09 00:00:00-04:00,32.86575577687952,33.22696860583519,32.47253692451739,33.048648834228516,767400,0.0,0.0
2023-08-10 00:00:00-04:00,33.18580601104532,33.341262779150235,32.94804408661093,33.066925048828125,892400,0.0,0.0
2023-08-11 00:00:00-04:00,32.90233048453606,33.09436659811795,32.76516332700375,32.88404083251953,483700,0.0,0.0
2023-08-14 00:00:00-04:00,32.865748795224725,32.97091341458868,32.445097294557264,32.54568862915039,707000,0.0,0.0
2023-08-15 00:00:00-04:00,32.317069423040714,32.408514177325266,32.138749710310194,32.27134704589844,567400,0.0,0.0
2023-08-16 00:00:00-04:00,32.27135756156462,32.46339370117369,31.649523262301535,31.71353530883789,499500,0.0,0.0
2023-08-17 00:00:00-04:00,31.75295131462784,31.899658424316677,31.321997649641013,31.331165313720703,474400,0.093,0.0
2023-08-18 00:00:00-04:00,31.12028198540166,31.633758748930877,30.955236007759208,31.395360946655273,590700,0.0,0.0
2023-08-21 00:00:00-04:00,31.331171415244643,31.40452673326119,30.634313382957835,30.8543758392334,459400,0.0,0.0
2023-08-22 00:00:00-04:00,30.946062620331087,31.11110856746141,30.606803061351485,30.79018783569336,466300,0.0,0.0
2023-08-23 00:00:00-04:00,30.891053977103024,31.27616245071713,30.845208646328008,31.239484786987305,387600,0.0,0.0
2023-08-24 00:00:00-04:00,31.166128158569336,31.652094885953055,31.083605176770778,31.166128158569336,541000,0.0,0.0
2023-08-25 00:00:00-04:00,31.19364064144109,31.349515471553648,30.965326898043568,31.010255813598633,391400,0.0,0.0
2023-08-28 00:00:00-04:00,31.12028000219011,31.6016646559323,31.083605841097825,31.221141815185547,434500,0.0,0.0
2023-08-29 00:00:00-04:00,31.303657054407516,31.523719455389422,31.037749340071567,31.505380630493164,316700,0.0,0.0
2023-08-30 00:00:00-04:00,31.587909989384602,31.69793946326711,31.386186372455075,31.542064666748047,553200,0.0,0.0
2023-08-31 00:00:00-04:00,31.532897084234186,31.578742412076647,31.028591482418506,31.04693031311035,674100,0.0,0.0
2023-09-01 00:00:00-04:00,31.221142469759208,31.409112852059646,31.129451818445034,31.25782012939453,451200,0.0,0.0
2023-09-05 00:00:00-04:00,31.294494588975002,31.312833416917407,30.950649435045925,31.230310440063477,520000,0.0,0.0
2023-09-06 00:00:00-04:00,31.248644133426275,31.991347305301574,31.221134147146046,31.982179641723633,673500,0.0,0.0
2023-09-07 00:00:00-04:00,32.07388275709216,32.2389287479441,31.93634676323192,32.119728088378906,738100,0.0,0.0
2023-09-08 00:00:00-04:00,32.211412760246496,32.43147168471019,32.0922121357941,32.22975158691406,570900,0.0,0.0
2023-09-11 00:00:00-04:00,32.23893864067226,32.46816886522135,32.05555376147787,32.13807678222656,451800,0.0,0.0
2023-09-12 00:00:00-04:00,32.046375626804576,32.193082782697886,31.945513801295206,32.12889862060547,507400,0.0,0.0
2023-09-13 00:00:00-04:00,32.11972700077233,32.14723699683251,31.684191121634075,31.807973861694336,464900,0.0,0.0
2023-09-14 00:00:00-04:00,31.962445326944454,32.80380517012171,31.902677917484443,32.302669525146484,1341300,0.098,0.0
2023-09-15 00:00:00-04:00,32.15556518898525,32.41302926351284,32.07280837821782,32.3394660949707,1835700,0.0,0.0
2023-09-18 00:00:00-04:00,32.3394567726998,32.3394567726998,31.87969762489786,31.925676345825195,426100,0.0,0.0
2023-09-19 00:00:00-04:00,31.962442273738812,32.10037136877295,31.732562787136974,31.980833053588867,401400,0.0,0.0
2023-09-20 00:00:00-04:00,31.686589472337353,32.14634847283331,31.548663876798248,31.557857513427734,764100,0.0,0.0
2023-09-21 00:00:00-04:00,31.447523331786225,31.599244677548157,30.92339823523009,31.006155014038086,1153500,0.0,0.0
2023-09-22 00:00:00-04:00,31.05212402382039,31.291197166159602,30.785462955596856,30.840635299682617,512400,0.0,0.0
2023-09-25 00:00:00-04:00,30.693521445902174,31.649817799903655,30.619958299149193,31.30959701538086,1002300,0.0,0.0
2023-09-26 00:00:00-04:00,31.033740568652394,31.26362012842019,30.78087164983433,30.868227005004883,936800,0.0,0.0
2023-09-27 00:00:00-04:00,31.079711462412288,31.44752011002935,30.721099960211422,30.91419792175293,739400,0.0,0.0
2023-09-28 00:00:00-04:00,31.07971369245995,31.484303935405734,30.91420013992458,31.09810447692871,797500,0.0,0.0
2023-09-29 00:00:00-04:00,31.38315107296921,31.6130305784689,30.532597604156923,30.840635299682617,682300,0.0,0.0
2023-10-02 00:00:00-04:00,30.81305806140711,30.923402787852062,29.948712083692904,30.29813003540039,636800,0.0,0.0
2023-10-03 00:00:00-04:00,30.12341600187385,30.261345140960408,29.534924889447474,29.819976806640625,802100,0.0,0.0
2023-10-04 00:00:00-04:00,29.81077355323843,30.270532579100955,29.682041587226202,30.086631774902344,487200,0.0,0.0
2023-10-05 00:00:00-04:00,30.0222659825828,30.803854928440167,30.0222659825828,30.711904525756836,861800,0.0,0.0
2023-10-06 00:00:00-04:00,30.518807500613296,30.89580981866647,30.247551317920042,30.61995506286621,554700,0.0,0.0
2023-10-09 00:00:00-04:00,30.436051879210975,31.42913324703409,30.436051879210975,31.1348876953125,584100,0.0,0.0
2023-10-10 00:00:00-04:00,31.180862556477685,31.511889675384523,31.042933421038626,31.162471771240234,431600,0.0,0.0
2023-10-11 00:00:00-04:00,31.26361470371181,31.95325326335251,31.26361470371181,31.907278060913086,563200,0.0,0.0
2023-10-12 00:00:00-04:00,31.796936426000567,31.833714482824618,31.309589465489054,31.530275344848633,489000,0.0,0.0
2023-10-13 00:00:00-04:00,31.574547765167235,31.5929877456197,30.97514638607203,31.408559799194336,613000,0.098,0.0
2023-10-16 00:00:00-04:00,31.6944188708531,32.29382012974543,31.6390919051157,31.924957275390625,732800,0.0,0.0
2023-10-17 00:00:00-04:00,31.58376335921068,32.49669704498927,31.58376335921068,32.256935119628906,791000,0.0,0.0
2023-10-18 00:00:00-04:00,32.14627569155088,32.284596623631266,31.731305859835956,31.924957275390625,430700,0.0,0.0
2023-10-19 00:00:00-04:00,31.685201879427876,32.27537968802815,31.49155044555664,31.49155044555664,644400,0.0,0.0
2023-10-20 00:00:00-04:00,31.574536195020485,31.699025365013657,30.956691544137705,31.012022018432617,629800,0.0,0.0
2023-10-23 00:00:00-04:00,30.90136233954007,31.42699307259846,30.661603976550033,31.058130264282227,934700,0.0,0.0
2023-10-24 00:00:00-04:00,31.242561214179933,31.482319573683935,31.133747074259787,31.371662139892578,610700,0.0,0.0
2023-10-25 00:00:00-04:00,31.113476122921764,31.55610960109123,30.76305663355245,30.993595123291016,790600,0.0,0.0
2023-10-26 00:00:00-04:00,31.030472940900854,31.86040914765605,30.832209757701968,31.67597770690918,600300,0.0,0.0
2023-10-27 00:00:00-04:00,31.7220860942856,31.7220860942856,30.819297611349455,30.93825340270996,553500,0.0,0.0
2023-10-30 00:00:00-04:00,31.297891069921608,31.643698660555522,31.21028887235532,31.53765296936035,695700,0.0,0.0
2023-10-31 00:00:00-04:00,31.694422040203982,32.58891226493184,31.625259808379322,32.561248779296875,912100,0.0,0.0
2023-11-01 00:00:00-04:00,32.04484100305651,32.625798817718625,30.882928891469476,31.823522567749023,1394800,0.0,0.0
2023-11-02 00:00:00-04:00,32.28459989235316,32.94855169032023,31.69811218618785,32.16472244262695,953300,0.0,0.0
2023-11-03 00:00:00-04:00,32.74568230000187,32.94855727660778,32.27538537519651,32.35837936401367,831700,0.0,0.0
2023-11-06 00:00:00-05:00,32.17393903726844,32.17393903726844,31.076577502732917,31.519210815429688,945000,0.0,0.0
2023-11-07 00:00:00-05:00,31.46387860873505,31.473102114304666,30.892144384202645,31.067352294921875,533700,0.0,0.0
2023-11-08 00:00:00-05:00,31.131905958677223,31.486937087081394,30.82759708063926,30.975141525268555,550000,0.0,0.0
2023-11-09 00:00:00-05:00,31.08580521715355,31.13191220577659,30.31119584797816,30.394189834594727,547900,0.0,0.0
2023-11-10 00:00:00-05:00,30.51406832256899,31.03969568888828,30.40341085538005,30.965925216674805,598000,0.0,0.0
2023-11-13 00:00:00-05:00,30.80914764937816,30.91980508209562,30.532502308716325,30.772260665893555,515800,0.0,0.0
2023-11-14 00:00:00-05:00,31.657550344407795,32.70880540253433,31.657550344407795,32.32149887084961,755500,0.0,0.0
2023-11-15 00:00:00-05:00,32.100160680060846,32.56400231423626,31.994111492711678,32.17393112182617,610900,0.0,0.0
2023-11-16 00:00:00-05:00,32.218340318034855,32.28307263663783,31.843817113596632,32.098121643066406,981400,0.098,0.0
2023-11-17 00:00:00-05:00,32.24607501928821,32.58823552083951,32.162847265890065,32.53274917602539,901300,0.0,0.0
2023-11-20 00:00:00-05:00,32.56973399309419,32.72231523947156,32.23682304164284,32.65296173095703,652100,0.0,0.0
2023-11-21 00:00:00-05:00,32.40328478747498,32.754687724097174,32.31080754548539,32.569740295410156,715100,0.0,0.0
2023-11-22 00:00:00-05:00,32.86565648547299,32.92113929638782,32.523496022485105,32.78242874145508,395300,0.0,0.0
2023-11-24 00:00:00-05:00,32.708444537768656,32.8009217618637,32.56510924997809,32.65296173095703,149300,0.0,0.0
2023-11-27 00:00:00-05:00,32.597486387334385,32.819428272348816,32.50501265970554,32.5789909362793,605000,0.0,0.0
2023-11-28 00:00:00-05:00,32.4865051619354,32.57897885527294,32.35704058020472,32.4310188293457,569800,0.0,0.0
2023-11-29 00:00:00-05:00,32.59748032561919,32.819422169362085,32.41252937710777,32.52349853515625,602600,0.0,0.0
2023-11-30 00:00:00-05:00,32.495760514733185,32.73619783115366,32.39403730606654,32.58823776245117,1524400,0.0,0.0
2023-12-01 00:00:00-05:00,32.486505678514526,33.03673015961921,32.32005020574385,33.004364013671875,1004600,0.0,0.0
2023-12-04 00:00:00-05:00,32.828656323947065,33.77190264727643,32.8231073388932,33.68867492675781,1028600,0.0,0.0
2023-12-05 00:00:00-05:00,33.54997972220153,33.70811353827498,33.03674241208649,33.189327239990234,1016100,0.0,0.0
2023-12-06 00:00:00-05:00,33.31878068019826,33.65631638058045,32.95812831912812,33.013614654541016,793400,0.0,0.0
2023-12-07 00:00:00-05:00,32.976624003041884,33.21705773628108,32.76393167388727,32.874900817871094,729800,0.0,0.0
2023-12-08 00:00:00-05:00,32.68994541557321,33.54996410086167,32.477253115549026,32.93962860107422,603900,0.0,0.0
2023-12-11 00:00:00-05:00,32.939639557377504,33.26330462148883,32.76393808438873,33.04136276245117,1246100,0.0,0.0
2023-12-12 00:00:00-05:00,33.1060945740366,33.11534406216635,32.68070983886719,32.68070983886719,1740100,0.0,0.0
2023-12-13 00:00:00-05:00,32.717701228971464,34.18343115911282,32.662214882295444,33.96611404418945,1435900,0.0,0.0
2023-12-14 00:00:00-05:00,34.390779104713125,35.16037409852459,34.23314899841055,34.53913497924805,1433100,0.098,0.0
2023-12-15 00:00:00-05:00,34.687494161161645,34.687494161161645,33.78808459642766,34.38151168823242,2621700,0.0,0.0
2023-12-18 00:00:00-05:00,34.50203893244325,34.752390088980285,34.14876575167707,34.2331428527832,553800,0.0,0.0
2023-12-19 00:00:00-05:00,34.39077698107575,34.82657388308538,34.30732658573525,34.52058792114258,774800,0.0,0.0
2023-12-20 00:00:00-05:00,34.47422793076792,34.83584513736404,33.90862007959639,33.93643569946289,814400,0.0,0.0
2023-12-21 00:00:00-05:00,34.16825528813445,34.330522566187746,33.852998504072815,34.205345153808594,443700,0.0,0.0
2023-12-22 00:00:00-05:00,34.38151631006124,34.78021994060622,34.029169700674004,34.28879165649414,555400,0.0,0.0
2023-12-26 00:00:00-05:00,34.223876715411365,34.68748924395234,34.182153285642464,34.47422790527344,465300,0.0,0.0
2023-12-27 00:00:00-05:00,34.54841904263667,34.562330395671225,34.251707178752504,34.353702545166016,313900,0.0,0.0
2023-12-28 00:00:00-05:00,34.24242437270694,34.49277558254089,34.24242437270694,34.36296463012695,353200,0.0,0.0
2023-12-29 00:00:00-05:00,34.31660061289514,34.344419772099165,33.77881187508726,33.825172424316406,418400,0.0,0.0
2024-01-02 00:00:00-05:00,33.71389275658965,34.12187037663651,33.71389275658965,33.973514556884766,437300,0.0,0.0
2024-01-03 00:00:00-05:00,33.760271533033354,33.77881646266028,33.03703696300166,33.15757369995117,515900,0.0,0.0
2024-01-04 00:00:00-05:00,33.203924067356354,33.435730286247775,32.907212390141915,33.30591583251953,457400,0.0,0.0
2024-01-05 00:00:00-05:00,33.06484002291276,33.584087243880504,32.972118947099595,33.12974548339844,533100,0.0,0.0
2024-01-08 00:00:00-05:00,33.16683666474924,33.5284538269043,33.019407530825916,33.5284538269043,348900,0.0,0.0
2024-01-09 00:00:00-05:00,33.05557951145828,33.51919210748388,33.009215422189,33.18539047241211,431200,0.0,0.0
2024-01-10 00:00:00-05:00,33.17611670233947,33.39865230785154,32.633690806325845,32.76813888549805,1357200,0.0,0.0
2024-01-11 00:00:00-05:00,32.58269031835646,32.990671636986875,32.49923991564417,32.962852478027344,531300,0.0,0.0
2024-01-12 00:00:00-05:00,33.46308081397931,33.47237713589835,32.78433226748617,33.10976028442383,371600,0.098,0.0
2024-01-16 00:00:00-05:00,33.01678022185508,33.01678022185508,32.60767465602465,32.6541633605957,409000,0.0,0.0
2024-01-17 00:00:00-05:00,32.41241740323098,32.90985395117634,32.254351563967504,32.53329086303711,497200,0.0,0.0
2024-01-18 00:00:00-05:00,32.53328627627979,32.90519937783696,32.175315881477744,32.83081817626953,947400,0.0,0.0
2024-01-19 00:00:00-05:00,32.92380671741339,33.3050198150845,32.66346710345105,33.156253814697266,641100,0.0,0.0
2024-01-22 00:00:00-05:00,33.29572596062767,33.6118541782485,33.13766007838651,33.26782989501953,590300,0.0,0.0
2024-01-23 00:00:00-05:00,33.53745440065568,33.546754267319855,32.94239062110534,33.119049072265625,406100,0.0,0.0
2024-01-24 00:00:00-05:00,33.47238047615609,33.523519118965766,32.728550508280385,32.75644302368164,522900,0.0,0.0
2024-01-25 00:00:00-05:00,33.27711822202533,33.37939548443176,32.91450141666452,33.258522033691406,553600,0.0,0.0
2024-01-26 00:00:00-05:00,33.425885082301875,33.448198380787524,32.85871373684908,32.97028732299805,483700,0.0,0.0
2024-01-29 00:00:00-05:00,32.868011933882975,33.219473893260535,32.59186755841699,32.8866081237793,482900,0.0,0.0
2024-01-30 00:00:00-05:00,33.15624797263429,33.22598279890456,32.756438752002694,33.063270568847656,498800,0.0,0.0
2024-01-31 00:00:00-05:00,33.06328308156615,33.15626052053986,32.2729606628418,32.2729606628418,653100,0.0,0.0
2024-02-01 00:00:00-05:00,32.34732575566873,32.91449700990667,32.128825005574456,32.90519714355469,535400,0.0,0.0
2024-02-02 00:00:00-05:00,32.52399048006853,32.626267748527496,32.18926616397025,32.34733200073242,390300,0.0,0.0
2024-02-05 00:00:00-05:00,31.956821389542824,32.46355783381007,31.677885621905972,32.11488723754883,615900,0.0,0.0
2024-02-06 00:00:00-05:00,31.631397634430815,32.68205938140112,31.631397634430815,32.48680114746094,642000,0.0,0.0
2024-02-07 00:00:00-05:00,32.54260020147229,32.561196398639424,32.22647194335494,32.2729606628418,854600,0.0,0.0
2024-02-08 00:00:00-05:00,32.29154343242922,32.45890559047836,32.08698889551128,32.34733200073242,762700,0.0,0.0
2024-02-09 00:00:00-05:00,32.375235961306245,32.728556591794586,31.48263983394154,32.514705657958984,1041200,0.0,0.0
2024-02-12 00:00:00-05:00,32.57977497061693,32.96098793915754,32.551878916526626,32.83081817626953,700300,0.0,0.0
2024-02-13 00:00:00-05:00,31.715076548252227,32.24040561231254,31.538414517594706,32.049800872802734,740800,0.0,0.0
2024-02-14 00:00:00-05:00,32.029285357260235,32.28104437014109,31.488472466495413,31.982664108276367,580900,0.098,0.0
2024-02-15 00:00:00-05:00,32.15049862519957,32.709964199963906,32.15049862519957,32.70063781738281,723700,0.0,0.0
2024-02-16 00:00:00-05:00,32.616712101214624,32.616712101214624,32.13184344926114,32.215763092041016,641700,0.0,0.0
2024-02-20 00:00:00-05:00,31.95469058331877,32.41158378186249,31.88942012638395,32.25307083129883,480600,0.0,0.0
2024-02-21 00:00:00-05:00,32.15049872941234,32.709964305990134,32.08522827902418,32.43955612182617,480400,0.0,0.0
2024-02-22 00:00:00-05:00,32.31834481753326,32.57010384619204,32.057262961282746,32.243751525878906,622600,0.0,0.0
2024-02-23 00:00:00-05:00,32.48617806515685,32.5607713427936,32.15982580617196,32.197120666503906,483600,0.0,0.0
2024-02-26 00:00:00-05:00,32.01062442125547,32.234407732332386,31.93602761291543,32.113189697265625,439400,0.0,0.0
2024-02-27 00:00:00-05:00,32.39294731110999,32.57477271510929,32.066591376951,32.374298095703125,556600,0.0,0.0
2024-02-28 00:00:00-05:00,32.05726348333149,32.8358494294531,32.05726348333149,32.60740280151367,581300,0.0,0.0
2024-02-29 00:00:00-05:00,32.8032178705253,33.32538520698083,32.55145880957213,33.30673599243164,1577300,0.0,0.0
2024-03-01 00:00:00-05:00,33.26942499359179,33.27035692042106,32.76590706192289,33.11090850830078,593300,0.0,0.0
2024-03-04 00:00:00-05:00,33.20415767856441,33.96875747347155,33.13888722463133,33.87551498413086,852800,0.0,0.0
2024-03-05 00:00:00-05:00,33.735656242999774,34.080657809363935,33.278759392700856,33.372005462646484,490600,0.0,0.0
2024-03-06 00:00:00-05:00,33.50253803434406,33.56780848851389,33.09226609999472,33.26942825317383,482700,0.0,0.0
2024-03-07 00:00:00-05:00,33.31605892057468,33.80092782937781,32.877811269796595,32.96173095703125,537500,0.0,0.0
2024-03-08 00:00:00-05:00,33.39997338904743,33.59578477634135,33.31605371492527,33.53984069824219,661200,0.0,0.0
2024-03-11 00:00:00-04:00,33.42794148750733,33.70767607292086,33.3533482065106,33.623756408691406,469600,0.0,0.0
2024-03-12 00:00:00-04:00,33.52118584737708,33.72632002752057,33.28807607591684,33.586456298828125,458500,0.0,0.0
2024-03-13 00:00:00-04:00,33.483895190200634,33.75430344143541,33.283420598005705,33.50254440307617,544400,0.0,0.0
2024-03-14 00:00:00-04:00,33.257570116457806,33.481969124558965,32.743326699323305,33.02382278442383,492500,0.098,0.0
2024-03-15 00:00:00-04:00,32.81812039819292,33.341715648641944,32.80035822799492,32.958370208740234,3374200,0.0,0.0
2024-03-18 00:00:00-04:00,32.95836964253789,33.182768622218404,32.79942318890231,32.97706985473633,485800,0.0,0.0
2024-03-19 00:00:00-04:00,32.9583876651081,33.18839362419115,32.733988562719865,32.77138900756836,519800,0.0,0.0
2024-03-20 00:00:00-04:00,32.63113333470468,33.650271981090405,32.56568435833418,33.53807067871094,514200,0.0,0.0
2024-03-21 00:00:00-04:00,33.659610748291016,33.87465783340102,33.30431385838286,33.659610748291016,555800,0.0,0.0
2024-03-22 00:00:00-04:00,33.79051001645867,33.79051001645867,32.96771849988882,33.136016845703125,572400,0.0,0.0
2024-03-25 00:00:00-04:00,33.4071622834658,33.47261123937808,32.73396894642448,32.790069580078125,343600,0.0,0.0
2024-03-26 00:00:00-04:00,32.85552333718633,33.033173586366026,32.603075798905536,32.64047622680664,408500,0.0,0.0
2024-03-27 00:00:00-04:00,32.874227585767485,33.304321859312026,32.874227585767485,33.285621643066406,654900,0.0,0.0
2024-03-28 00:00:00-04:00,33.27627477322893,33.603519655081435,33.21082579685843,33.53807067871094,738900,0.0,0.0
2024-04-01 00:00:00-04:00,33.53806019529037,33.53806019529037,32.68722020173008,32.790069580078125,548100,0.0,0.0
2024-04-02 00:00:00-04:00,32.528279758859895,32.59372872684945,31.63069085497347,32.00468444824219,1084100,0.0,0.0
2024-04-03 00:00:00-04:00,31.985979855323148,32.07480497116539,31.63068652535571,32.023380279541016,675400,0.0,0.0
2024-04-04 00:00:00-04:00,32.21038000884118,32.45347564172298,31.733533499421757,31.808334350585938,438300,0.0,0.0
2024-04-05 00:00:00-04:00,31.79898472841538,32.07013248316966,31.453039683864045,31.976634979248047,408700,0.0,0.0
2024-04-08 00:00:00-04:00,32.02340057465542,32.50959569751586,31.99535202206638,32.453495025634766,512600,0.0,0.0
2024-04-09 00:00:00-04:00,32.46283521312227,32.771379880432946,32.42543477869014,32.76203155517578,361100,0.0,0.0
2024-04-10 00:00:00-04:00,31.873783775600845,31.88313209878189,30.93879452265474,30.957494735717773,688700,0.0,0.0
2024-04-11 00:00:00-04:00,30.994894394550368,31.200589599749787,30.714394772249683,31.041643142700195,471400,0.0,0.0
2024-04-12 00:00:00-04:00,30.880353927612305,31.086661716766848,30.67404613845776,30.880353927612305,528900,0.098,0.0
2024-04-15 00:00:00-04:00,30.955368360923817,30.960058149278158,30.383339385807382,30.561511993408203,545600,0.0,0.0
2024-04-16 00:00:00-04:00,30.524001001397252,30.524001001397252,30.036366750535787,30.36458396911621,550000,0.0,0.0
2024-04-17 00:00:00-04:00,30.28956565283337,30.43960670537531,30.017615127207087,30.026994705200195,459400,0.0,0.0
2024-04-18 00:00:00-04:00,30.139524324217128,30.702180949041185,29.951973904572856,30.392719268798828,693000,0.0,0.0
2024-04-19 00:00:00-04:00,30.37395837458785,31.002257625762113,30.37395837458785,30.964746475219727,702900,0.0,0.0
2024-04-22 00:00:00-04:00,31.021025101626645,31.28359610163303,30.89911560422586,31.19919776916504,555300,0.0,0.0
2024-04-23 00:00:00-04:00,31.180435143144543,31.611802710642454,30.63184789465737,31.405498504638672,515600,0.0,0.0
2024-04-24 00:00:00-04:00,31.096033678339733,31.22731913538097,30.974124220832696,31.16167640686035,445100,0.0,0.0
2024-04-25 00:00:00-04:00,30.786579611047987,30.983507822189576,30.683425716470715,30.880353927612305,521700,0.0,0.0
2024-04-26 00:00:00-04:00,31.07728494362718,31.07728494362718,30.205170127275203,30.58027458190918,921400,0.0,0.0
2024-04-29 00:00:00-04:00,30.55214166417914,30.861599785051308,30.37396544624994,30.645915985107422,611300,0.0,0.0
2024-04-30 00:00:00-04:00,30.54276146766523,30.800646210891006,30.43023156937624,30.664670944213867,748400,0.0,0.0
2024-05-01 00:00:00-04:00,30.62715392328135,31.142919733747988,30.355203441981757,30.63652992248535,598600,0.0,0.0
2024-05-02 00:00:00-04:00,30.833458427788333,31.264825890901417,30.82876864005061,31.01163101196289,534600,0.0,0.0
2024-05-03 00:00:00-04:00,31.414873472679712,31.508647783484943,30.82408529827693,31.02101707458496,689000,0.0,0.0
2024-05-06 00:00:00-04:00,31.096035932015276,31.18981024319516,30.6271572215945,30.767822265625,499900,0.0,0.0
2024-05-07 00:00:00-04:00,30.945991211813645,31.593042467519698,30.88034848633304,31.339847564697266,474600,0.0,0.0
2024-05-08 00:00:00-04:00,31.105414772964355,31.114794351295345,30.889730975744527,31.039772033691406,287700,0.0,0.0
2024-05-09 00:00:00-04:00,31.17105469236316,31.311716143111557,30.9647469385532,31.142919540405273,381500,0.0,0.0
2024-05-10 00:00:00-04:00,31.086659121027864,31.142922275364125,30.75844188593718,30.84284019470215,392900,0.0,0.0
2024-05-13 00:00:00-04:00,30.927239123628084,31.086659744385578,30.81470923543851,30.824085235595703,485400,0.0,0.0
2024-05-14 00:00:00-04:00,31.151398049397233,31.273672057558684,30.549439221460304,30.615278244018555,793200,0.098,0.0
2024-05-15 00:00:00-04:00,30.972702999354944,31.00091870761169,30.671723484753574,30.85983657836914,604800,0.0,0.0
2024-05-16 00:00:00-04:00,30.98209544344531,30.98209544344531,30.582357511600808,30.709335327148438,506100,0.0,0.0
2024-05-17 00:00:00-04:00,30.662311553955078,30.935075322023668,30.5682568143251,30.662311553955078,800100,0.0,0.0
2024-05-20 00:00:00-04:00,30.53063080652818,30.6058774620016,29.92867191457286,29.96629524230957,698400,0.0,0.0
2024-05-21 00:00:00-04:00,29.994505391769405,30.060344409142004,29.69352600150685,29.938072204589844,1133500,0.0,0.0
2024-05-22 00:00:00-04:00,29.90986149841192,30.116786221637806,29.806400930778064,30.050947189331055,2073000,0.0,0.0
2024-05-23 00:00:00-04:00,29.85343142424195,29.919270463442395,29.59007347346091,29.655914306640625,673900,0.0,0.0
2024-05-24 00:00:00-04:00,29.806395810661265,29.872234831658247,29.448981419565122,29.56184959411621,697700,0.0,0.0
2024-05-28 00:00:00-04:00,29.731158906377864,29.745266759225874,29.22325467609843,29.279687881469727,575000,0.0,0.0
2024-05-29 00:00:00-04:00,29.063354312833148,29.17622249896691,28.79999820181929,29.091571807861328,529800,0.0,0.0
2024-05-30 00:00:00-04:00,29.345529856627632,29.65591518922365,29.119793438394783,29.6182918548584,559900,0.0,0.0
2024-05-31 00:00:00-04:00,29.796993897179963,30.21083973898929,29.59947501424364,30.041540145874023,928400,0.0,0.0
2024-06-03 00:00:00-04:00,30.11678262493092,30.276676373449618,29.9474812512301,30.097970962524414,663900,0.0,0.0
2024-06-04 00:00:00-04:00,29.99450986559584,30.276677637559008,29.759369457633557,29.853425979614258,578800,0.0,0.0
2024-06-05 00:00:00-04:00,29.881644475620952,29.881644475620952,29.45839100951567,29.486608505249023,459400,0.0,0.0
2024-06-06 00:00:00-04:00,29.326709871153362,29.820504333770725,29.254286946419708,29.806396484375,836100,0.0,0.0
2024-06-07 00:00:00-04:00,29.430174787461688,29.83931860147749,29.35492813350304,29.796993255615234,678200,0.0,0.0
2024-06-10 00:00:00-04:00,29.448982627296754,29.731152178257144,29.025730991824435,29.571256637573242,718800,0.0,0.0
2024-06-11 00:00:00-04:00,29.35492697763388,29.571257511288895,29.18562739483012,29.533634185791016,715300,0.0,0.0
2024-06-12 00:00:00-04:00,30.04154102297966,30.643501727332072,29.928672830295127,30.003917694091797,778000,0.0,0.0
2024-06-13 00:00:00-04:00,30.003917533265707,30.483604210140413,29.796994607428775,30.43657684326172,586200,0.0,0.0
2024-06-14 00:00:00-04:00,30.295496498842397,30.493013627350123,30.192034120683473,30.314308166503906,476000,0.0,0.0
2024-06-17 00:00:00-04:00,30.189766897948893,30.2935447974847,29.953909344058665,30.085988998413086,564700,0.098,0.0
2024-06-18 00:00:00-04:00,30.18976665816575,30.312413592906726,30.057687004860373,30.22750473022461,619500,0.0,0.0
2024-06-20 00:00:00-04:00,30.06712480072847,30.694505021774958,30.038821243598736,30.576576232910156,916800,0.0,0.0
2024-06-21 00:00:00-04:00,30.576577620309056,30.722808173488232,30.265247475008042,30.60487937927246,1725000,0.0,0.0
2024-06-24 00:00:00-04:00,30.604876652863233,30.972817481115747,30.519967784635863,30.661483764648438,413400,0.0,0.0
2024-06-25 00:00:00-04:00,30.65205249434046,30.689786971746702,30.307698846113297,30.416194915771484,491100,0.0,0.0
2024-06-26 00:00:00-04:00,30.133161393146352,30.453926008859387,29.991647221621417,30.18033218383789,576000,0.0,0.0
2024-06-27 00:00:00-04:00,30.293546893485903,30.68035316467285,30.21807074354654,30.68035316467285,486600,0.0,0.0
2024-06-28 00:00:00-04:00,30.887909237751593,30.982250827067926,30.529404720327825,30.859603881835938,1577300,0.0,0.0
2024-07-01 00:00:00-04:00,30.69922533808621,30.887912133308078,30.472800464039715,30.755828857421875,703100,0.0,0.0
2024-07-02 00:00:00-04:00,30.906776383333963,30.99168525796817,30.642617039539164,30.79356575012207,665700,0.0,0.0
2024-07-03 00:00:00-04:00,30.774699013720184,31.142636298360422,30.774699013720184,30.925647735595703,292400,0.0,0.0
2024-07-05 00:00:00-04:00,30.793563178454693,30.991682669755214,30.652050798483256,30.80299949645996,345800,0.0,0.0
2024-07-08 00:00:00-04:00,30.953947921971743,31.06715854473255,30.652050528675712,30.68978500366211,316800,0.0,0.0
2024-07-09 00:00:00-04:00,30.61430800102736,30.645442087399967,30.246370831406523,30.28410530090332,735700,0.0,0.0
2024-07-10 00:00:00-04:00,30.27468122561472,30.595447700756935,30.170903307347928,30.548276901245117,577900,0.0,0.0
2024-07-11 00:00:00-04:00,31.114323474802717,31.73698718101053,31.038850940150326,31.472827911376953,877500,0.0,0.0
2024-07-12 00:00:00-04:00,31.736996663785543,32.22758088175943,31.590766109960104,31.9539852142334,704000,0.0,0.0
2024-07-15 00:00:00-04:00,32.21702277862843,32.292717958398526,31.91424927823772,31.989944458007812,529800,0.098,0.0
2024-07-16 00:00:00-04:00,32.29271269298596,32.86041201131746,32.16970985058791,32.76579666137695,773100,0.0,0.0
2024-07-17 00:00:00-04:00,32.765798714361566,33.503808596302356,32.75633501316801,33.295650482177734,887300,0.0,0.0
2024-07-18 00:00:00-04:00,33.05910708338959,33.63627011404666,32.97395182297552,33.342960357666016,857200,0.0,0.0
2024-07-19 00:00:00-04:00,33.371352684382835,33.52273945127077,32.936116180748165,33.040191650390625,630100,0.0,0.0
2024-07-22 00:00:00-04:00,33.0969554906556,33.32403739385309,32.690102970712395,33.20103454589844,754000,0.0,0.0
2024-07-23 00:00:00-04:00,33.201033266846984,33.371343785347875,33.01653080669506,33.17264938354492,909100,0.0,0.0
2024-07-24 00:00:00-04:00,33.11587019361045,33.37133591108237,32.17916256288008,32.207550048828125,791000,0.0,0.0
2024-07-25 00:00:00-04:00,32.37787102343335,32.8036437479039,32.0088660705751,32.02778625488281,1128200,0.0,0.0
2024-07-26 00:00:00-04:00,32.65224935348094,32.71848442040901,30.98699560524903,32.188629150390625,844700,0.0,0.0
2024-07-29 00:00:00-04:00,32.037246594621365,32.70902495673551,31.781780821139044,32.51979064941406,1021500,0.0,0.0
2024-07-30 00:00:00-04:00,32.64278967383541,34.0336575192758,32.43936344888558,33.88227081298828,1167900,0.0,0.0
2024-07-31 00:00:00-04:00,33.82550951750707,33.92958858582534,33.096959648623994,33.21049880981445,1117500,0.0,0.0
2024-08-01 00:00:00-04:00,33.390261679265095,33.51326089141025,32.93610157993377,33.371337890625,617400,0.0,0.0
2024-08-02 00:00:00-04:00,33.01180219296555,33.47542611863882,32.78472388559691,33.16318893432617,871000,0.0,0.0
2024-08-05 00:00:00-04:00,32.50087306239599,32.80837841933028,31.933173641397982,32.08456039428711,1133400,0.0,0.0
2024-08-06 00:00:00-04:00,31.96155299626662,32.964492347742265,31.96155299626662,32.79418182373047,895300,0.0,0.0
2024-08-07 00:00:00-04:00,32.9266425518093,33.39972650689088,32.69956427460286,32.74687194824219,939600,0.0,0.0
2024-08-08 00:00:00-04:00,32.69009884348195,33.04017994109081,32.638059322430685,32.869873046875,796800,0.0,0.0
2024-08-09 00:00:00-04:00,32.98341405448069,33.092221343341286,32.72794828461854,32.99287414550781,455900,0.0,0.0
2024-08-12 00:00:00-04:00,32.756333654880684,32.81310503165451,32.292713377266196,32.69956588745117,484800,0.0,0.0
2024-08-13 00:00:00-04:00,32.898259365134216,32.898259365134216,32.49613871668078,32.680641174316406,353500,0.0,0.0
2024-08-14 00:00:00-04:00,32.68064245264471,33.004231002302916,32.576563398759795,32.70902633666992,371000,0.0,0.0
2024-08-15 00:00:00-04:00,33.077185572639785,33.418774981313696,32.73559616396587,33.18156051635742,475600,0.098,0.0
2024-08-16 00:00:00-04:00,33.172066959906,33.24797731934991,32.8209905964908,33.21950912475586,736300,0.0,0.0
2024-08-19 00:00:00-04:00,33.200546435557875,33.51366772564513,33.16733654691822,33.35236358642578,277500,0.0,0.0
2024-08-20 00:00:00-04:00,33.37132575012176,33.40453924661067,33.12462432464285,33.34286117553711,285600,0.0,0.0
2024-08-21 00:00:00-04:00,33.390306254914016,33.912180965229915,33.36184167784421,33.88371276855469,313000,0.0,0.0
2024-08-22 00:00:00-04:00,33.826783299927236,34.082971730384536,33.72335669544722,34.01655197143555,722000,0.0,0.0
2024-08-23 00:00:00-04:00,34.158878317857734,34.6143295944099,34.0497580861606,34.58586502075195,828800,0.0,0.0
2024-08-26 00:00:00-04:00,34.728188864920796,34.936938708134406,34.54790721280295,34.91796112060547,523100,0.0,0.0
2024-08-27 00:00:00-04:00,34.86103234016268,35.06977856594244,34.633304907051865,34.927452087402344,537300,0.0,0.0
2024-08-28 00:00:00-04:00,35.107746990004316,35.31649691416479,34.870532483315095,34.9938850402832,583100,0.0,0.0
2024-08-29 00:00:00-04:00,35.155185831902344,35.155185831902344,34.72345735288548,34.87052917480469,698400,0.0,0.0
2024-08-30 00:00:00-04:00,34.91797655344583,35.126726488921506,34.794623989791454,35.069793701171875,1012500,0.0,0.0
2024-09-03 00:00:00-04:00,34.86103234016268,35.15043059907565,34.75665741747042,34.927452087402344,790400,0.0,0.0
2024-09-04 00:00:00-04:00,35.20262494228981,35.43035241991976,34.889503732604766,35.183650970458984,958500,0.0,0.0
2024-09-05 00:00:00-04:00,35.3639309212669,35.539470918719196,35.107738878879196,35.26904296875,549400,0.0,0.0
2024-09-06 00:00:00-04:00,35.25007073068325,35.458816997271455,34.737686620719955,35.183650970458984,497000,0.0,0.0
2024-09-09 00:00:00-04:00,35.01285330213829,35.677050848134584,34.69972849936419,35.64858627319336,668700,0.0,0.0
2024-09-10 00:00:00-04:00,35.648585440467414,35.89529048287903,35.47779075559939,35.762447357177734,550200,0.0,0.0
2024-09-11 00:00:00-04:00,35.43983512447937,35.92849990081763,34.984383843846324,35.45881271362305,851700,0.0,0.0
2024-09-12 00:00:00-04:00,35.648590583089096,36.426653762128026,35.572683834200355,36.38869857788086,830800,0.0,0.0
2024-09-13 00:00:00-04:00,36.77772580419023,37.00545326305066,36.34125209594667,36.93903350830078,702400,0.0,0.0
2024-09-16 00:00:00-04:00,37.08460179519501,37.17498359307101,36.865785952786666,36.979949951171875,540000,0.103,0.0
2024-09-17 00:00:00-04:00,37.017995343003435,37.027507494671525,36.43765610265966,36.6184196472168,517100,0.0,0.0
2024-09-18 00:00:00-04:00,36.608906015935894,37.065565536166254,36.218842448913676,36.58987808227539,603600,0.0,0.0
2024-09-19 00:00:00-04:00,37.046536698420574,37.046536698420574,36.152245613444684,36.66598892211914,782100,0.0,0.0
2024-09-20 00:00:00-04:00,36.42814528370092,37.06556471578707,36.42814528370092,36.50425338745117,2625100,0.0,0.0
2024-09-23 00:00:00-04:00,36.78015401465304,36.91334592188404,36.551822438537556,36.57085037231445,1028800,0.0,0.0
2024-09-24 00:00:00-04:00,36.48522626174624,36.8182096569942,36.4186303085381,36.58987808227539,563200,0.0,0.0
2024-09-25 00:00:00-04:00,36.67551367319046,36.77065337185438,36.23788194696171,36.28544998168945,497600,0.0,0.0
2024-09-26 00:00:00-04:00,36.34251835057009,36.437654379580344,35.52623714033941,35.55287551879883,528600,0.0,0.0
2024-09-27 00:00:00-04:00,35.80975811155916,35.93819578215823,35.41969446650923,35.44823455810547,903500,0.0,0.0
2024-09-30 00:00:00-04:00,35.448227157530255,35.94294254076133,35.276983014495684,35.876346588134766,627300,0.0,0.0
2024-10-01 00:00:00-04:00,35.9334395885468,36.00954771280265,35.200880292892435,35.76219177246094,612500,0.0,0.0
2024-10-02 00:00:00-04:00,35.438718007085775,35.57190992362041,34.877406623684436,34.915462493896484,751800,0.0,0.0
2024-10-03 00:00:00-04:00,34.820326739692874,34.96303445445546,34.63005462562001,34.75373077392578,411500,0.0,0.0
2024-10-04 00:00:00-04:00,34.763239148964814,34.791779234152145,34.382687743500284,34.73469543457031,423300,0.0,0.0
2024-10-07 00:00:00-04:00,34.56345714636552,34.60150938998907,34.316097602169634,34.43977737426758,584800,0.0,0.0
2024-10-08 00:00:00-04:00,34.58248338992781,34.58248338992781,34.19241974458552,34.43026351928711,519800,0.0,0.0
2024-10-09 00:00:00-04:00,34.411225810036214,34.7251812455081,34.25425172150724,34.458797454833984,511800,0.0,0.0
2024-10-10 00:00:00-04:00,34.249491382551305,34.52539093414258,33.983107610922055,34.20192337036133,584300,0.0,0.0
2024-10-11 00:00:00-04:00,34.24949552391651,34.49209713338892,34.15435948803293,34.46831130981445,598200,0.0,0.0
2024-10-14 00:00:00-04:00,34.325607977256325,34.953515263220424,34.2827942197641,34.71567153930664,469400,0.0,0.0
2024-10-15 00:00:00-04:00,34.89980596502166,35.60104282312021,34.78817946612591,35.29097366333008,576800,0.103,0.0
2024-10-16 00:00:00-04:00,35.462710079071876,35.71554118665014,35.25281756866944,35.54857635498047,466800,0.0,0.0
2024-10-17 00:00:00-04:00,35.41501235961914,35.59628765607343,35.25282250435114,35.41501235961914,318800,0.0,0.0
2024-10-18 00:00:00-04:00,35.37683947037035,35.76800716369627,35.35680049234252,35.6153564453125,371800,0.0,0.0
2024-10-21 00:00:00-04:00,35.58673504684352,35.58673504684352,34.880726777357246,34.95705032348633,707000,0.0,0.0
2024-10-22 00:00:00-04:00,34.83301744874529,35.34821498853286,34.77577570397792,35.19556427001953,597800,0.0,0.0
2024-10-23 00:00:00-04:00,35.090611995670656,35.405456111922206,35.090611995670656,35.3100471496582,391300,0.0,0.0
2024-10-24 00:00:00-04:00,35.252805411779576,35.51994322715924,35.252805411779576,35.3100471496582,567000,0.0,0.0
2024-10-25 00:00:00-04:00,35.214651283450856,35.71076710201178,34.54680292617727,34.6422119140625,629400,0.0,0.0
2024-10-28 00:00:00-04:00,34.852104706318315,35.20511250528957,34.74715663848798,34.995216369628906,484500,0.0,0.0
2024-10-29 00:00:00-04:00,35.061993987873066,35.45316166637625,34.97612773456846,35.44362258911133,693800,0.0,0.0
2024-10-30 00:00:00-04:00,35.31004983902754,36.16871236740424,35.26234717400218,36.073307037353516,805300,0.0,0.0
2024-10-31 00:00:00-04:00,35.892031814985074,36.636207219404895,35.892031814985074,36.073307037353516,1313600,0.0,0.0
2024-11-01 00:00:00-04:00,36.54080043726187,36.683912080384886,35.949279348681934,36.06376647949219,656700,0.0,0.0
2024-11-04 00:00:00-05:00,36.178259159897266,36.50264244651891,35.98744845910404,36.33091354370117,665800,0.0,0.0
2024-11-05 00:00:00-05:00,36.1591782815955,36.94628146186562,35.95882123766367,36.92243194580078,714200,0.0,0.0
2024-11-06 00:00:00-05:00,37.20864977683827,37.76201093072645,36.58373643880971,37.284976959228516,1123200,0.0,0.0
2024-11-07 00:00:00-05:00,37.208653629812986,37.5807395837942,36.98921841693896,37.0750846862793,840700,0.0,0.0
2024-11-08 00:00:00-05:00,37.237280214162176,37.5616635436715,37.072226097358694,37.18003845214844,1022300,0.0,0.0
2024-11-11 00:00:00-05:00,37.29451704411717,38.000528942365484,37.13232359689939,37.618900299072266,581600,0.0,0.0
2024-11-12 00:00:00-05:00,37.58073924417935,37.93374339739699,37.19911421460049,37.237274169921875,641300,0.0,0.0
2024-11-13 00:00:00-05:00,37.91467022113215,37.91467022113215,37.27544266239057,37.31360626220703,601400,0.0,0.0
2024-11-14 00:00:00-05:00,37.313598301533695,37.34699053437873,36.87472791571879,36.960594177246094,431300,0.0,0.0
2024-11-15 00:00:00-05:00,37.00172208265779,37.417849274826786,36.78170194114222,37.31740188598633,720700,0.103,0.0
2024-11-18 00:00:00-05:00,37.269578103016684,37.59482611481559,37.09738776446533,37.5182991027832,471300,0.0,0.0
2024-11-19 00:00:00-05:00,37.260018168591564,37.547000885009766,37.164354830330005,37.547000885009766,457300,0.0,0.0
2024-11-20 00:00:00-05:00,37.32697129761236,37.413066455813734,37.15956505921588,37.23130798339844,434600,0.0,0.0
2024-11-21 00:00:00-05:00,37.221757332475704,37.48482698301455,37.15479481219012,37.355682373046875,415700,0.0,0.0
2024-11-22 00:00:00-05:00,37.53743235623084,37.881809389546525,37.475250280723536,37.62352752685547,881600,0.0,0.0
2024-11-25 00:00:00-05:00,37.73832263152235,38.24532553495977,37.54699961067592,37.633094787597656,1361300,0.0,0.0
2024-11-26 00:00:00-05:00,37.44176292850825,37.86267420484962,37.31740244693627,37.719181060791016,808200,0.0,0.0
2024-11-27 00:00:00-05:00,37.9105131793938,38.379250751224326,37.881812354150924,38.07313537597656,605200,0.0,0.0
2024-11-29 00:00:00-05:00,38.17835472189545,38.321847868618725,37.747878930907945,37.7861442565918,488000,0.0,0.0
2024-12-02 00:00:00-05:00,37.76701804978419,37.786150715896724,37.32697767674474,37.5756950378418,940900,0.0,0.0
2024-12-03 00:00:00-05:00,37.7096149210592,37.767012911587805,37.19304760303145,37.403499603271484,548600,0.0,0.0
2024-12-04 00:00:00-05:00,37.221752154388575,37.58622162077349,37.221752154388575,37.480037689208984,715800,0.0,0.0
2024-12-05 00:00:00-05:00,37.460901693816574,37.86268037312579,37.33654119198481,37.62352752685547,1104700,0.0,0.0
2024-12-06 00:00:00-05:00,37.623521950706134,37.80527677322804,37.2982739820159,37.566123962402344,859500,0.0,0.0
2024-12-09 00:00:00-05:00,37.68091941891395,37.85310974894201,37.46089925258535,37.49916458129883,748300,0.0,0.0
2024-12-10 00:00:00-05:00,37.46090561488049,37.46090561488049,36.98259987227517,37.32698059082031,753200,0.0,0.0
2024-12-11 00:00:00-05:00,37.32697873599141,37.70005661281548,37.197834148362745,37.30784606933594,827600,0.0,0.0
2024-12-12 00:00:00-05:00,37.39393675192806,37.95833757831278,37.29349300094213,37.49916458129883,553900,0.0,0.0
2024-12-13 00:00:00-05:00,37.19304924995619,37.58525974631286,37.16434842882978,37.49916458129883,606100,0.0,0.0
2024-12-16 00:00:00-05:00,37.50204245872061,38.07752358886665,37.478066365045684,37.674686431884766,527100,0.103,0.0
2024-12-17 00:00:00-05:00,37.540403655016476,37.904874623561156,37.23348188954603,37.367759704589844,552200,0.0,0.0
2024-12-18 00:00:00-05:00,37.38695021507363,37.79937710555253,36.58127950562611,36.64841842651367,730000,0.0,0.0
2024-12-19 00:00:00-05:00,36.57169428378635,37.01289400623333,35.97702997043896,36.01539611816406,886800,0.0,0.0
2024-12-20 00:00:00-05:00,35.65091142927462,36.782686743740086,35.65091142927462,36.542903900146484,2287700,0.0,0.0
2024-12-23 00:00:00-05:00,36.514135091945285,36.600457071357766,35.9866135105562,36.18803024291992,756700,0.0,0.0
2024-12-24 00:00:00-05:00,36.10170301322347,36.6771840118797,36.10170301322347,36.65800094604492,180700,0.0,0.0
2024-12-26 00:00:00-05:00,36.466177840103896,36.99369940110051,36.31271695583587,36.945743560791016,270600,0.0,0.0
2024-12-27 00:00:00-05:00,36.878611279923646,36.93615683511791,35.93866273751759,36.140079498291016,573400,0.0,0.0
2024-12-30 00:00:00-05:00,36.13048447923244,36.13048447923244,35.52623422457377,35.67969512939453,445400,0.0,0.0
2024-12-31 00:00:00-05:00,35.833157820796714,36.159262717149446,35.67010354322196,35.92906951904297,631300,0.0,0.0
2025-01-02 00:00:00-05:00,35.94825329994125,36.015392221798066,35.2672707160811,35.43991470336914,366800,0.0,0.0
2025-01-03 00:00:00-05:00,35.53581978272324,36.015385511663624,35.43031473694897,35.95783996582031,550900,0.0,0.0
2025-01-06 00:00:00-05:00,35.68928536174812,35.986617469948406,35.13299094561454,35.19053649902344,521200,0.0,0.0
2025-01-07 00:00:00-05:00,35.315216169122316,35.53581594153396,34.66300655555929,34.9603385925293,714400,0.0,0.0
2025-01-08 00:00:00-05:00,34.96034617554099,35.45909502696328,34.90279696463961,35.10421371459961,985900,0.0,0.0
2025-01-10 00:00:00-05:00,34.538330113444495,34.66301825604236,34.029991494941086,34.10672378540039,889400,0.0,0.0
2025-01-13 00:00:00-05:00,34.08754149741266,34.260185496123015,33.84775857240351,34.19304656982422,605500,0.0,0.0
2025-01-14 00:00:00-05:00,34.13549556046632,34.53832909713306,34.12590585383958,34.37527847290039,638100,0.0,0.0
2025-01-15 00:00:00-05:00,35.089963807379995,35.23424966758261,34.07035277965807,34.108829498291016,499500,0.103,0.0
2025-01-16 00:00:00-05:00,34.147305175991,34.59939743279207,34.147305175991,34.56092071533203,522200,0.0,0.0
2025-01-17 00:00:00-05:00,34.955300143554794,34.955300143554794,34.340648669574584,34.4262580871582,642800,0.0,0.0
2025-01-21 00:00:00-05:00,34.599399687264224,35.051488304181326,34.599399687264224,35.02263259887695,501400,0.0,0.0
2025-01-22 00:00:00-05:00,34.89758421095066,34.94183280472785,34.40701888647484,34.44549560546875,448700,0.0,0.0
2025-01-23 00:00:00-05:00,34.49358764999524,34.936058884493626,34.1809707478212,34.91682052612305,533500,0.0,0.0
2025-01-24 00:00:00-05:00,34.80139932287253,35.32563090793934,34.666734463198196,35.224632263183594,469600,0.0,0.0
2025-01-27 00:00:00-05:00,35.503584259439,36.10476931102077,35.118824358689736,35.87872314453125,510900,0.0,0.0
2025-01-28 00:00:00-05:00,35.72481296170175,36.321187389327925,35.37852985232473,35.5228157043457,524200,0.0,0.0
2025-01-29 00:00:00-05:00,35.445866912491645,35.60939114414897,34.734065911655144,34.90720748901367,505400,0.0,0.0
2025-01-30 00:00:00-05:00,35.25349158849165,35.64786882096787,35.080350006493084,35.31120300292969,384200,0.0,0.0
2025-01-31 00:00:00-05:00,35.224625724478486,35.35929055915514,34.830248564636186,34.9456787109375,503700,0.0,0.0
2025-02-03 00:00:00-05:00,34.69559303992152,34.926449725129004,34.34450300806866,34.820640563964844,458800,0.0,0.0
2025-02-04 00:00:00-05:00,34.6571103085007,35.04668066794653,34.6571103085007,34.955299377441406,582400,0.0,0.0
2025-02-05 00:00:00-05:00,35.15729344117393,35.474720840700385,35.01301126175954,35.455482482910156,556900,0.0,0.0
2025-02-06 00:00:00-05:00,35.503583496063115,35.54206021917921,34.96973088818969,35.21501541137695,602300,0.0,0.0
2025-02-07 00:00:00-05:00,35.21501534093741,35.99414880109735,34.811017087711065,35.8979606628418,712200,0.0,0.0
2025-02-10 00:00:00-05:00,35.657485266652635,35.81619899103451,35.291963750624056,35.41701126098633,730700,0.0,0.0
2025-02-11 00:00:00-05:00,35.263110346367405,35.80177347519097,35.186160567588246,35.70558166503906,602400,0.0,0.0
2025-02-12 00:00:00-05:00,35.070734693346516,35.90758703218421,35.070734693346516,35.609397888183594,612000,0.0,0.0
2025-02-13 00:00:00-05:00,35.81138957424833,35.90758138104994,35.4747274237983,35.82101058959961,690100,0.0,0.0
2025-02-14 00:00:00-05:00,35.830629665912625,35.994150241358604,35.10920759210231,35.186161041259766,786400,0.0,0.0
2025-02-18 00:00:00-05:00,34.94789269375207,35.40126151612582,34.86107746563162,34.8900146484375,508900,0.103,0.0
2025-02-19 00:00:00-05:00,34.754969021172734,34.9478921562178,34.427000795506956,34.52346420288086,558900,0.0,0.0
2025-02-20 00:00:00-05:00,34.320902446660284,34.581344491930786,34.07974940646634,34.12797927856445,387700,0.0,0.0
2025-02-21 00:00:00-05:00,34.24372025077225,34.349828141710084,33.819292366723054,34.002567291259766,586800,0.0,0.0
2025-02-24 00:00:00-05:00,34.10867768548388,34.61027631964716,33.96398442727629,34.224430084228516,418200,0.0,0.0
2025-02-25 00:00:00-05:00,34.349835848977996,35.05400220718799,34.291957801015805,34.8321418762207,587800,0.0,0.0
2025-02-26 00:00:00-05:00,34.87072075051008,34.98647314518474,34.6054510130241,34.73567199707031,350100,0.0,0.0
2025-02-27 00:00:00-05:00,34.79355406516282,35.17940033171581,34.68744615787561,35.025062561035156,517300,0.0,0.0
2025-02-28 00:00:00-05:00,35.24692027826938,35.93179385519963,35.18904223864195,35.88356399536133,1047100,0.0,0.0
2025-03-03 00:00:00-05:00,35.75817212133537,36.31764893483097,35.74852761890073,35.91250991821289,831700,0.0,0.0
2025-03-04 00:00:00-05:00,35.93179125192014,36.110245768065404,35.246917724609375,35.246917724609375,639700,0.0,0.0
2025-03-05 00:00:00-05:00,34.92859998290005,35.690644353578094,34.92859998290005,35.430198669433594,506900,0.0,0.0
2025-03-06 00:00:00-05:00,35.21798093800411,35.333737022253,34.79355300153264,34.870723724365234,488300,0.0,0.0
2025-03-07 00:00:00-05:00,35.01541577646696,35.184222144925045,34.56205062685136,34.67780303955078,839700,0.0,0.0
2025-03-10 00:00:00-04:00,34.52346222314126,35.03470537394622,33.88681848979267,34.25336837768555,915400,0.0,0.0
2025-03-11 00:00:00-04:00,34.301602479864854,34.465584746126716,33.510620970325405,33.91575622558594,886000,0.0,0.0
2025-03-12 00:00:00-04:00,33.92539904024767,33.992925259138154,33.6263717037583,33.68424606323242,514800,0.0,0.0
2025-03-13 00:00:00-04:00,33.78071101229753,33.944693277937056,33.11513008988006,33.21158981323242,515700,0.0,0.0
2025-03-14 00:00:00-04:00,33.44309910579697,33.65531494127288,33.16818480970458,33.578147888183594,664400,0.0,0.0
2025-03-17 00:00:00-04:00,33.571366641855334,34.11315001202095,33.51428378500008,33.98738098144531,493900,0.103,0.0
2025-03-18 00:00:00-04:00,33.939010015368595,34.34050916092886,33.76486429583439,34.00673294067383,582700,0.0,0.0
2025-03-19 00:00:00-04:00,34.01640498756129,34.25827362475687,33.62941369179936,33.99705505371094,441600,0.0,0.0
2025-03-20 00:00:00-04:00,33.851936665396906,34.23892427716252,33.73100234472842,34.11315155029297,578300,0.0,0.0
2025-03-21 00:00:00-04:00,33.8132380269265,33.997056872404535,33.52299638488965,33.793888092041016,1198400,0.0,0.0
2025-03-24 00:00:00-04:00,34.180879881311654,34.65494037538397,34.00673415555614,34.6065673828125,655600,0.0,0.0
2025-03-25 00:00:00-04:00,34.72266272294306,34.848435454025626,34.35502134242164,34.49047088623047,852200,0.0,0.0
2025-03-26 00:00:00-04:00,34.49047343742876,34.83876121825987,34.35502388360097,34.80973815917969,751400,0.0,0.0
2025-03-27 00:00:00-04:00,34.88713928909619,35.080631278142185,34.45177493249646,34.529170989990234,609200,0.0,0.0
2025-03-28 00:00:00-04:00,34.75169014013314,34.848439826421384,34.42275227862261,34.79039001464844,733600,0.0,0.0
2025-03-31 00:00:00-04:00,34.790386123581335,35.46761908936249,34.76620147268154,35.30315017700195,796500,0.0,0.0
2025-04-01 00:00:00-04:00,35.31282229844717,35.73850978657143,34.92583098879047,35.66111373901367,1077100,0.0,0.0
2025-04-02 00:00:00-04:00,35.39022723818384,36.188390934400836,35.39022723818384,36.1158332824707,1074500,0.0,0.0
2025-04-03 00:00:00-04:00,35.690144336254576,35.94168984786561,34.809742426862805,34.887142181396484,1063600,0.0,0.0
2025-04-04 00:00:00-04:00,34.548518308295925,34.91615970273829,33.677793351719174,33.842262268066406,1038500,0.0,0.0
2025-04-07 00:00:00-04:00,33.05861372014876,34.17604967703224,31.965369801291192,33.21341323852539,1439600,0.0,0.0
2025-04-08 00:00:00-04:00,33.842265514688215,33.96803826259911,32.105650150857855,32.43942642211914,1872200,0.0,0.0
2025-04-09 00:00:00-04:00,31.946010736877334,33.99705579142807,31.346177536990556,33.784210205078125,2271200,0.0,0.0
2025-04-10 00:00:00-04:00,33.29080923233094,33.96804236121327,32.44910715147825,33.39723205566406,1248400,0.0,0.0
2025-04-11 00:00:00-04:00,33.20373229631621,33.997061276272774,32.761595637997864,33.90998840332031,825300,0.0,0.0
2025-04-14 00:00:00-04:00,33.939018336096844,34.529174874068985,33.847107047525,34.34535598754883,992100,0.0,0.0
2025-04-15 00:00:00-04:00,34.44529588284564,34.721828391878766,34.21242464827752,34.30945587158203,793200,0.103,0.0
2025-04-16 00:00:00-04:00,34.30945547263682,34.86252048427212,34.202722978924285,34.484107971191406,797000,0.0,0.0
2025-04-17 00:00:00-04:00,34.522914847316365,35.44468724927139,34.522914847316365,35.10508728027344,652000,0.0,0.0
2025-04-21 00:00:00-04:00,34.930440202432976,34.9449939602993,33.9116364368012,34.24153518676758,666400,0.0,0.0
2025-04-22 00:00:00-04:00,34.94013801577769,35.24578170617075,34.629645540817506,34.97895050048828,728100,0.0,0.0
2025-04-23 00:00:00-04:00,35.18271068397255,35.59993564346835,34.50351070466524,34.72667694091797,536100,0.0,0.0
2025-04-24 00:00:00-04:00,34.72667949803562,34.72667949803562,34.12509704154804,34.173614501953125,1116300,0.0,0.0
2025-04-25 00:00:00-04:00,33.90193323001322,34.24153697048965,33.19362193317424,34.037776947021484,1259700,0.0,0.0
2025-04-28 00:00:00-04:00,33.89222736355024,34.105692331405514,33.48470367049585,33.9698486328125,854300,0.0,0.0
2025-04-29 00:00:00-04:00,33.96013865196351,34.23181857674358,33.610833776468354,33.911624908447266,929600,0.0,0.0
2025-04-30 00:00:00-04:00,33.872823578746335,34.1348023215703,33.28094608955472,33.669063568115234,1046500,0.0,0.0
2025-05-01 00:00:00-04:00,33.901927071226815,34.207570752267195,33.29064711187036,33.92133331298828,816300,0.0,0.0
2025-05-02 00:00:00-04:00,34.33856249445266,34.590839967117795,34.09598999454682,34.49380874633789,501600,0.0,0.0
2025-05-05 00:00:00-04:00,34.34826229207669,34.69756353016849,34.11539109865345,34.35796356201172,772200,0.0,0.0
2025-05-06 00:00:00-04:00,34.21241860345194,34.48895106362588,33.897077362175814,34.35796356201172,681700,0.0,0.0
2025-05-07 00:00:00-04:00,34.60053917346219,34.73637917308415,34.290046688222745,34.454994201660156,1111000,0.0,0.0
2025-05-08 00:00:00-04:00,34.532616405638265,34.72667511869845,33.9213327549754,34.183311462402344,508600,0.0,0.0
2025-05-09 00:00:00-04:00,34.21241736934268,34.600534777260584,34.086282357927,34.55202102661133,991800,0.0,0.0
2025-05-12 00:00:00-04:00,34.93043686094123,35.44468933029138,34.89162437610213,35.3088493347168,892700,0.0,0.0
2025-05-13 00:00:00-04:00,35.49320744891338,35.49320744891338,34.58113254499709,34.62964630126953,999500,0.0,0.0
2025-05-14 00:00:00-04:00,34.62964807945086,34.62964807945086,33.91163556648016,34.26094055175781,537000,0.0,0.0
2025-05-15 00:00:00-04:00,34.43559380057278,34.872221340395285,34.27064257551946,34.823707580566406,484700,0.0,0.0
2025-05-16 00:00:00-04:00,34.768237823627665,35.32289456034598,34.65438660511977,35.30343246459961,585500,0.103,0.0
2025-05-19 00:00:00-04:00,34.914207407948695,35.29857550990092,34.8947453090126,35.22559356689453,444800,0.0,0.0
2025-05-20 00:00:00-04:00,35.01151132969163,35.12828020175074,34.374143417683555,34.486045837402344,571700,0.0,0.0
2025-05-21 00:00:00-04:00,34.194124538814506,34.2135866377184,33.415659142737596,33.42538833618164,997500,0.0,0.0
2025-05-22 00:00:00-04:00,33.40593072090633,33.42538910824388,33.05269900006452,33.22104263305664,814000,0.0,0.0
2025-05-23 00:00:00-04:00,33.045878872865934,33.21616755798521,32.797745522555665,33.02641677856445,1700000,0.0,0.0
2025-05-27 00:00:00-04:00,33.3475359368808,34.05301922684265,33.25022546487627,33.96057891845703,913800,0.0,0.0
2025-05-28 00:00:00-04:00,33.9119231878562,34.02869575894953,33.649194182933975,33.8632698059082,547800,0.0,0.0
2025-05-29 00:00:00-04:00,33.86327357039972,34.656338261173964,33.86327357039972,34.486045837402344,794500,0.0,0.0
2025-05-30 00:00:00-04:00,34.48604251268482,34.836352807105094,34.237909147483094,34.5055046081543,1100500,0.0,0.0
2025-06-02 00:00:00-04:00,34.1941206659102,34.99204807051592,33.84381034934859,34.98231887817383,2142000,0.0,0.0
2025-06-03 00:00:00-04:00,34.79743195829581,35.026106962006374,34.60281840893963,34.64173889160156,682000,0.0,0.0
2025-06-04 00:00:00-04:00,34.709856582735384,34.758513685183004,34.466585918560284,34.65147399902344,1491900,0.0,0.0
2025-06-05 00:00:00-04:00,34.64173866469541,34.64173866469541,34.198988017190004,34.398468017578125,844700,0.0,0.0
2025-06-06 00:00:00-04:00,34.70985558826934,34.79743317334383,34.48604702908244,34.76824188232422,507300,0.0,0.0
2025-06-09 00:00:00-04:00,34.98232169857547,35.1963973554996,34.617415708072976,35.099090576171875,888800,0.0,0.0
2025-06-10 00:00:00-04:00,35.09908515467461,35.56616430492964,35.05043177252588,35.26451110839844,542400,0.0,0.0
2025-06-11 00:00:00-04:00,35.29370014692439,35.514591016466376,34.622274607208304,34.787696838378906,1065000,0.0,0.0
2025-06-12 00:00:00-04:00,34.53469825379814,34.812026607341934,34.51523615909147,34.758506774902344,576300,0.0,0.0
2025-06-13 00:00:00-04:00,34.6222712435826,34.62713398260469,34.24276601503205,34.49576950073242,685300,0.0,0.0
2025-06-16 00:00:00-04:00,34.54750355167396,34.85979705780256,34.171772984004335,34.303524017333984,627000,0.103,0.0
2025-06-17 00:00:00-04:00,33.92291318633636,34.488947499134234,33.92291318633636,34.23521041870117,909900,0.0,0.0
2025-06-18 00:00:00-04:00,34.15712893406845,34.64508791884086,34.13761012793776,34.48894119262695,439700,0.0,0.0
2025-06-20 00:00:00-04:00,35.03545576891025,35.03545576891025,34.42062642021492,34.5474967956543,1096500,0.0,0.0
2025-06-23 00:00:00-04:00,34.645086589274214,35.084250403282006,34.50845867443434,35.06473159790039,461700,0.0,0.0
2025-06-24 00:00:00-04:00,35.084259375252095,35.21600669172996,34.6646142593116,34.713409423828125,613300,0.0,0.0
2025-06-25 00:00:00-04:00,34.5670121093592,34.74755827088908,33.59109415632932,33.64965057373047,836500,0.0,0.0
2025-06-26 00:00:00-04:00,33.82531558676275,34.54749649902673,33.78140106650589,34.16688537597656,1144000,0.0,0.0
2025-06-27 00:00:00-04:00,34.332795644464454,34.537737531621396,33.99122583253623,34.059539794921875,1234600,0.0,0.0
2025-06-30 00:00:00-04:00,34.069303671533916,34.21081225502445,33.58134457929033,34.1864128112793,758500,0.0,0.0
2025-07-01 00:00:00-04:00,33.922914247988196,34.908593693099284,33.922914247988196,34.332801818847656,826000,0.0,0.0
2025-07-02 00:00:00-04:00,34.30352002255729,34.30352002255729,33.83507609508424,34.22544479370117,787500,0.0,0.0
2025-07-03 00:00:00-04:00,34.381594614630075,34.606055333490986,34.18934011670469,34.36207580566406,441200,0.0,0.0
2025-07-07 00:00:00-04:00,34.284000488879244,34.56701388040617,34.00098337452058,34.059539794921875,643900,0.0,0.0
2025-07-08 00:00:00-04:00,34.083938837844705,34.083938837844705,33.49350883512547,33.52278518676758,933200,0.0,0.0
2025-07-09 00:00:00-04:00,33.43494806687506,33.88387316313496,33.43494806687506,33.737483978271484,596300,0.0,0.0
2025-07-10 00:00:00-04:00,33.76675932492712,33.986343095711675,33.64867483235273,33.71796417236328,593200,0.0,0.0
2025-07-11 00:00:00-04:00,33.47399045328711,33.83507911186221,33.35395145349232,33.75700759887695,526500,0.0,0.0
2025-07-14 00:00:00-04:00,33.727730140669316,34.10833759571571,33.63013609909843,33.96194839477539,813200,0.0,0.0
2025-07-15 00:00:00-04:00,33.89636778513827,34.01382455105026,33.2601364798387,33.31886672973633,480600,0.103,0.0
2025-07-16 00:00:00-04:00,33.52442121647063,34.10192234444548,33.514634707199484,34.052982330322266,1044000,0.0,0.0
2025-07-17 00:00:00-04:00,34.03339704443183,34.434711033831476,33.964880295062336,34.268310546875,987000,0.0,0.0
2025-07-18 00:00:00-04:00,34.43471383384179,34.43471383384179,33.818059305491175,34.19001007080078,880900,0.0,0.0
2025-07-21 00:00:00-04:00,34.229162119847224,34.58153612112899,33.94530487060547,33.94530487060547,700200,0.0,0.0
2025-07-22 00:00:00-04:00,33.94530857230478,34.346622621109006,33.94530857230478,34.21937561035156,582100,0.0,0.0
2025-07-23 00:00:00-04:00,34.31726518080211,34.36620519819616,33.87679755648761,34.08234786987305,700400,0.0,0.0
2025-07-24 00:00:00-04:00,34.11170266436823,34.3661966658466,33.90125728132702,34.02360916137695,701700,0.0,0.0
2025-07-25 00:00:00-04:00,34.317261749264624,34.317261749264624,33.51463359583172,33.82785415649414,1233500,0.0,0.0
2025-07-28 00:00:00-04:00,33.788698129570314,33.97467165673633,33.46568735020039,33.50484085083008,965000,0.0,0.0
2025-07-29 00:00:00-04:00,33.85721894065588,34.4151433228079,33.5195264916067,34.36620330810547,838900,0.0,0.0
2025-07-30 00:00:00-04:00,34.45429331212859,34.80177223510519,33.436324681111174,33.69081497192383,1082100,0.0,0.0
2025-07-31 00:00:00-04:00,33.289505981179346,33.641880078885166,33.015438898023255,33.07416915893555,1078000,0.0,0.0
2025-08-01 00:00:00-04:00,33.358026841617615,33.377599861579824,32.49666834180407,32.81967544555664,1469100,0.0,0.0
2025-08-04 00:00:00-04:00,32.66305994417935,33.20140752057668,32.66305994417935,32.99585723876953,1395200,0.0,0.0
2025-08-05 00:00:00-04:00,32.8392454176978,33.35312483185763,32.79030541013097,33.29928970336914,1132700,0.0,0.0
2025-08-06 00:00:00-04:00,33.29929539971622,33.53910409153486,33.00565157019978,33.015438079833984,1065500,0.0,0.0
2025-08-07 00:00:00-04:00,33.24055999025707,33.24055999025707,32.628800551093555,32.91755294799805,1598000,0.0,0.0
2025-08-08 00:00:00-04:00,33.05459207111118,33.09668041075835,32.14429357253574,32.340057373046875,1156800,0.0,0.0
2025-08-11 00:00:00-04:00,32.36942579963898,32.888196779943364,32.36942579963898,32.58476638793945,1050700,0.0,0.0
2025-08-12 00:00:00-04:00,32.731577523621944,33.06926994781269,32.47708722557276,33.054588317871094,752100,0.0,0.0
2025-08-13 00:00:00-04:00,33.250348443143665,33.45589870751049,32.87839767865862,33.348228454589844,1052200,0.0,0.0
2025-08-14 00:00:00-04:00,33.083947811488166,33.35801856343736,32.775622416163785,33.2014045715332,995000,0.0,0.0
2025-08-15 00:00:00-04:00,33.29271412385476,33.3172605307404,33.0178123439637,33.21417236328125,754100,0.103,0.0
2025-08-18 00:00:00-04:00,33.17491039629564,33.459632329612965,33.08654854613705,33.18472671508789,738900,0.0,0.0
2025-08-19 00:00:00-04:00,33.273079980508044,33.714889117310435,33.273079980508044,33.50871276855469,808900,0.0,0.0
2025-08-20 00:00:00-04:00,33.66580186932403,33.798342744917015,33.41053268967311,33.597076416015625,934700,0.0,0.0
2025-08-21 00:00:00-04:00,33.39090038741254,33.587260454519324,33.13563492185346,33.17490768432617,890900,0.0,0.0
2025-08-22 00:00:00-04:00,33.40071066075472,34.27450877074598,33.36143790979304,34.210693359375,907700,0.0,0.0
2025-08-25 00:00:00-04:00,34.038878531132795,34.20578586245318,33.724703990683075,33.87197494506836,756300,0.0,0.0
2025-08-26 00:00:00-04:00,33.79343032836914,34.01433676577177,33.670705778230804,33.79343032836914,725700,0.0,0.0
2025-08-27 00:00:00-04:00,33.79342985171446,34.141970865016496,33.78361353575451,34.07815170288086,632900,0.0,0.0
2025-08-28 00:00:00-04:00,34.07815095256893,34.2352382212614,33.66579827672217,34.22542190551758,844000,0.0,0.0
2025-08-29 00:00:00-04:00,34.284326313084904,34.569048149865374,34.195968238141795,34.54941177368164,704300,0.0,0.0
2025-09-02 00:00:00-04:00,34.45123730765649,34.775228186059124,34.28432996494419,34.480690002441406,856500,0.0,0.0
2025-09-03 00:00:00-04:00,34.22542256867045,34.89304440986328,34.22542256867045,34.81449890136719,1012700,0.0,0.0
2025-09-04 00:00:00-04:00,34.951946104493324,35.393755179981746,34.67704434430301,35.37411880493164,874300,0.0,0.0
2025-09-05 00:00:00-04:00,35.5115759926567,35.89447975626245,35.23176415268929,35.491943359375,550700,0.0,0.0
2025-09-08 00:00:00-04:00,35.383945968074535,35.383945968074535,34.863591287929445,35.09922409057617,545000,0.0,0.0
2025-09-09 00:00:00-04:00,35.34467124094492,35.39179779884872,34.86849937637454,34.942134857177734,508100,0.0,0.0
2025-09-10 00:00:00-04:00,34.785048025186335,35.133585310516416,34.627960745245225,34.902862548828125,652800,0.0,0.0
2025-09-11 00:00:00-04:00,34.96177357531388,35.33976357569615,34.912684499911244,35.30540084838867,600200,0.0,0.0
2025-09-12 00:00:00-04:00,35.256308303194935,35.344670128325994,34.73595741367651,34.95195007324219,1144100,0.0,0.0
2025-09-15 00:00:00-04:00,35.03861873059018,35.15186679399911,34.81211509046619,34.979530334472656,785700,0.108,0.0
2025-09-16 00:00:00-04:00,34.8908971455191,35.12724319993061,34.73825682885113,34.86135482788086,996900,0.0,0.0
2025-09-17 00:00:00-04:00,34.97952881471807,35.373440168428125,34.55607138590641,34.575767517089844,568400,0.0,0.0
2025-09-18 00:00:00-04:00,34.49698577834959,34.989377827742665,34.46744345751503,34.949989318847656,548700,0.0,0.0
2025-09-19 00:00:00-04:00,34.98937154097773,35.09277340197301,34.388652747588665,34.565914154052734,1701200,0.0,0.0
2025-09-22 00:00:00-04:00,34.378807491425796,34.55606890268572,34.216317238328756,34.45759201049805,619600,0.0,0.0
2025-09-23 00:00:00-04:00,34.54622448606102,34.821962803635735,34.211397776154804,34.24094009399414,1004300,0.0,0.0
2025-09-24 00:00:00-04:00,33.93565459670628,33.98981801541628,33.60082789770473,33.73869705200195,1505200,0.0,0.0
2025-09-25 00:00:00-04:00,33.79778544240906,33.93861108238562,33.42356648313611,33.73869705200195,2056400,0.0,0.0
2025-09-26 00:00:00-04:00,33.79778329963269,34.103067662402026,33.75839104185875,33.9651985168457,880000,0.0,0.0
2025-09-29 00:00:00-04:00,33.94550246470213,33.95534865084164,33.635293129846616,33.69930648803711,933300,0.0,0.0
2025-09-30 00:00:00-04:00,33.58113263688856,33.856874709273875,33.46295960966789,33.80763626098633,1139000,0.0,0.0
2025-10-01 00:00:00-04:00,32.58649882578986,33.965197764103074,32.57665263989082,33.63037109375,1189300,0.0,0.0
2025-10-02 00:00:00-04:00,33.433418781446655,33.556516785975795,32.960722894853085,33.157676696777344,1157300,0.0,0.0
2025-10-03 00:00:00-04:00,33.295542391755674,33.733770892244365,33.20691169746289,33.236454010009766,720400,0.0,0.0
2025-10-06 00:00:00-04:00,33.22661038917458,33.39402184873072,33.0099567293702,33.08873748779297,565100,0.0,0.0
2025-10-07 00:00:00-04:00,33.00995853827053,33.25615452639309,32.80807602481676,32.87208938598633,824500,0.0,0.0
2025-10-08 00:00:00-04:00,32.901634500284025,33.157676696777344,32.586503909221655,33.157676696777344,716800,0.0,0.0
2025-10-09 00:00:00-04:00,33.00995881257978,33.21676254272461,32.88193584582945,33.21676254272461,677000,0.0,0.0
2025-10-10 00:00:00-04:00,33.25615627882973,33.48758112092431,32.71452582774936,32.74406814575195,769300,0.0,0.0
2025-10-13 00:00:00-04:00,32.75391254798757,33.13798144435621,32.478174243915085,33.04935073852539,465800,0.0,0.0
2025-10-14 00:00:00-04:00,32.82285459059624,33.275854357532516,32.82285459059624,33.22661590576172,582200,0.0,0.0
2025-10-15 00:00:00-04:00,33.23451298974648,33.669211774519226,33.17622602722311,33.353065490722656,876300,0.108,0.0
2025-10-16 00:00:00-04:00,33.422225762996625,33.64451217716707,33.293791686354346,33.61981201171875,1092300,0.0,0.0
2025-10-17 00:00:00-04:00,33.60005151539759,34.13354341411941,33.54571793690769,34.094024658203125,766100,0.0,0.0
2025-10-20 00:00:00-04:00,34.14342588293255,34.350893703860265,33.56053740838602,33.96559524536133,621500,0.0,0.0
2025-10-21 00:00:00-04:00,34.00511154493627,34.54354426521161,33.965596555175814,34.202701568603516,793300,0.0,0.0
2025-10-22 00:00:00-04:00,34.32125473022461,34.55341893560048,34.03474941033622,34.32125473022461,838300,0.0,0.0
2025-10-23 00:00:00-04:00,34.37065455877702,34.42005112273179,33.965596704401875,34.00511169433594,1068300,0.0,0.0
2025-10-24 00:00:00-04:00,34.22246245216847,34.854747540724205,33.432106091473806,34.24222183227539,1976700,0.0,0.0
2025-10-27 00:00:00-04:00,34.1335440282001,34.44968654378594,34.07426966197529,34.31137466430664,986100,0.0,0.0
2025-10-28 00:00:00-04:00,34.350892987898476,34.350892987898476,33.72354498267666,33.84703826904297,1051400,0.0,0.0
2025-10-29 00:00:00-04:00,33.6790916548904,34.09402731823687,33.308611768881214,33.659332275390625,1181500,0.0,0.0
2025-10-30 00:00:00-04:00,33.65932854875279,33.88655573476804,33.353063853489175,33.5605354309082,1013500,0.0,0.0
2025-10-31 00:00:00-04:00,33.39258344775128,33.65932939509789,33.11595969585819,33.43210220336914,1146900,0.0,0.0
2025-11-03 00:00:00-05:00,33.125838992879515,33.471622467041016,32.70102177263741,33.471622467041016,910200,0.0,0.0
2025-11-04 00:00:00-05:00,33.57041775242128,33.67909245790305,33.34319053583047,33.629695892333984,922900,0.0,0.0
2025-11-05 00:00:00-05:00,33.60993566164567,33.82728506710778,33.40246783027709,33.7087287902832,1496800,0.0,0.0
2025-11-06 00:00:00-05:00,33.58029590615544,34.10390623154019,33.446921047116994,34.094024658203125,1371700,0.0,0.0
2025-11-07 00:00:00-05:00,34.182941243856725,34.49908376549324,33.8667987222202,34.47932815551758,1086600,0.0,0.0
2025-11-10 00:00:00-05:00,34.459566426478524,34.69667141717587,34.27185422606758,34.51884078979492,884800,0.0,0.0
2025-11-11 00:00:00-05:00,34.60776235314963,34.73125565731442,34.331138557809815,34.38053512573242,632500,0.0,0.0
2025-11-12 00:00:00-05:00,34.350892666109,34.53366408495675,34.20269921637125,34.2916145324707,792800,0.0,0.0
2025-11-13 00:00:00-05:00,34.22246165057995,34.51390778943497,34.16318728036398,34.27185821533203,716100,0.0,0.0
2025-11-14 00:00:00-05:00,34.28173832900506,34.38053145430033,34.024870173291504,34.23234176635742,605700,0.0,0.0
2025-11-17 00:00:00-05:00,34.40874663743842,34.51776112472172,33.91322899015042,33.9627799987793,966100,0.108,0.0
2025-11-18 00:00:00-05:00,34.12134558461682,34.55739975439959,33.96278008828675,34.478118896484375,548700,0.0,0.0
2025-11-19 00:00:00-05:00,34.43847651503033,34.68623533887947,34.032152195137726,34.2204475402832,537400,0.0,0.0
2025-11-20 00:00:00-05:00,34.537577610196614,34.646592094659425,34.26008894465457,34.383968353271484,669500,0.0,0.0
2025-11-21 00:00:00-05:00,34.38892375284312,35.117335262697274,34.29973042958548,34.963722229003906,822900,0.0,0.0
2025-11-24 00:00:00-05:00,34.963722187072825,35.072736668756924,34.70605468713724,34.785335540771484,906800,0.0,0.0
2025-11-25 00:00:00-05:00,34.993457813714805,35.44933314452172,34.963724183966775,35.23130416870117,786600,0.0,0.0
2025-11-26 00:00:00-05:00,35.11238288398885,35.35022925179665,35.003368390202006,35.04301071166992,1119300,0.0,0.0
2025-11-28 00:00:00-05:00,35.00336460440836,35.2213935684011,34.874528963821795,35.1817512512207,447300,0.0,0.0
2025-12-01 00:00:00-05:00,34.983547226110375,35.10742664531084,34.85471157160194,34.92408752441406,524600,0.0,0.0
2025-12-02 00:00:00-05:00,35.052917435661584,35.10246844446723,34.48802761817804,34.6565055847168,398100,0.0,0.0
2025-12-03 00:00:00-05:00,34.74569887571601,34.90723584474009,34.53757859015481,34.55739974975586,754300,0.0,0.0
2025-12-04 00:00:00-05:00,34.41865732036782,34.631730072262044,34.383971234268756,34.527671813964844,854400,0.0,0.0
2025-12-05 00:00:00-05:00,34.488029505122576,34.66641617098268,34.270004298348994,34.56731414794922,644600,0.0,0.0
2025-12-08 00:00:00-05:00,34.57722087107934,34.61686319023755,34.17585278597641,34.180809020996094,646100,0.0,0.0
2025-12-09 00:00:00-05:00,34.329465856810394,34.75561138380372,34.26009368083474,34.359195709228516,583000,0.0,0.0
2025-12-10 00:00:00-05:00,34.3096408903811,34.55739971439122,34.2700023517192,34.279911041259766,1333900,0.0,0.0
2025-12-11 00:00:00-05:00,34.468208306681056,34.706058454400754,34.18081092799872,34.448387145996094,768300,0.0,0.0
2025-12-12 00:00:00-05:00,34.65154934498016,34.83489223608575,34.24026878899986,34.73578643798828,946500,0.0,0.0
2025-12-15 00:00:00-05:00,34.77356249580837,35.41972798975669,34.77356249580837,35.36008071899414,1429400,0.108,0.0
2025-12-16 00:00:00-05:00,35.300432552221324,35.42966640616763,34.90279546711766,35.10161590576172,936200,0.0,0.0
2025-12-17 00:00:00-05:00,35.002204473931165,36.16530159779398,35.002204473931165,36.05595016479492,2051200,0.0,0.0
2025-12-18 00:00:00-05:00,36.055952842981974,36.36412474139859,35.986366251756415,36.15536117553711,1162400,0.0,0.0
2025-12-19 00:00:00-05:00,36.07583122159297,36.16530022773149,35.71795519703887,35.83724594116211,1855800,0.0,0.0
2025-12-22 00:00:00-05:00,35.69807614289815,35.842220877066836,35.464462394148384,35.53902053833008,966600,0.0,0.0
2025-12-23 00:00:00-05:00,35.59866578705186,35.59866578705186,35.29049391165101,35.37996292114258,641800,0.0,0.0
2025-12-24 00:00:00-05:00,35.42966685569416,35.66825214353105,35.34019784677838,35.56884002685547,263000,0.0,0.0
2025-12-26 00:00:00-05:00,35.53902076090026,35.6036357970972,35.36008273061745,35.51913833618164,413800,0.0,0.0
2025-12-29 00:00:00-05:00,35.65831038999426,35.8670739468491,35.568841377680656,35.78754425048828,961800,0.0,0.0
2025-12-30 00:00:00-05:00,35.727896523861894,36.07583325273879,35.6284881968597,35.65830993652344,1250100,0.0,0.0
2025-12-31 00:00:00-05:00,35.648370172736286,35.648370172736286,35.196053568535554,35.36008071899414,705900,0.0,0.0
2026-01-02 00:00:00-05:00,35.18114607695686,35.37002722308219,34.82327000238771,35.06185531616211,629400,0.0,0.0
2026-01-05 00:00:00-05:00,34.82326598240821,35.0916730073503,34.614506227070294,34.74374008178711,1116600,0.0,0.0
2026-01-06 00:00:00-05:00,34.564802946835165,34.902796565511416,34.3709540559075,34.66421127319336,1123500,0.0,0.0
2026-01-07 00:00:00-05:00,34.81332578186626,35.071789692544684,34.559829632723535,34.99226379394531,1337500,0.0,0.0
2026-01-08 00:00:00-05:00,34.80338644923336,35.439612667955885,34.80338644923336,35.16126251220703,938300,0.0,0.0
2026-01-09 00:00:00-05:00,35.081733226394874,35.30341674348173,34.57474092194706,34.614505767822266,1417700,0.0,0.0
2026-01-12 00:00:00-05:00,34.60456669152027,34.922677876350825,34.51509768377515,34.76362228393555,427300,0.0,0.0
2026-01-13 00:00:00-05:00,34.75368006178493,34.89285323467119,34.465390608129354,34.6840934753418,968900,0.0,0.0
2026-01-14 00:00:00-05:00,34.614509117610126,34.90777014408931,34.54492252668655,34.82326889038086,557900,0.0,0.0
2026-01-15 00:00:00-05:00,34.94093342362757,35.2999162155825,34.930959566122105,35.160308837890625,696600,0.108,0.0
2026-01-16 00:00:00-05:00,35.16030967377785,35.7087577322543,34.92099034272648,35.69878387451172,773100,0.0,0.0
2026-01-20 00:00:00-05:00,35.58909539443349,35.92813429413009,35.47940958316274,35.609039306640625,908300,0.0,0.0
2026-01-21 00:00:00-05:00,35.79850231996,35.80847237348059,35.2001964030992,35.61901092529297,673700,0.0,0.0
2026-01-22 00:00:00-05:00,35.61901275208316,35.85334896291195,35.04065071651316,35.33980178833008,822900,0.0,0.0
2026-01-23 00:00:00-05:00,35.23011465707774,35.46943398399106,35.03067934870856,35.21017074584961,706800,0.0,0.0
2026-01-26 00:00:00-05:00,35.21017204845237,35.7685863678501,35.19521126154371,35.50932312011719,908900,0.0,0.0
2026-01-27 00:00:00-05:00,35.549211641175404,35.549211641175404,35.04065138585123,35.31985855102539,549800,0.0,0.0
2026-01-28 00:00:00-05:00,35.30988672835221,35.68881343633361,34.84620125003259,35.09050750732422,957000,0.0,0.0
2026-01-29 00:00:00-05:00,35.319858688516724,35.9331216331685,35.06059543469037,35.87827682495117,885400,0.0,0.0
2026-01-30 00:00:00-05:00,35.708756573553615,36.14751120218559,35.37968774914558,36.127567291259766,1016100,0.0,0.0
2026-02-02 00:00:00-05:00,36.15748439763496,36.30706184062031,35.89822114089439,36.14751434326172,902000,0.0,0.0
2026-02-03 00:00:00-05:00,36.02785196289745,36.46660659667295,36.02785196289745,36.39680480957031,838200,0.0,0.0
2026-02-04 00:00:00-05:00,36.626156451391545,37.384009908834685,36.626156451391545,37.11477279663086,855400,0.0,0.0
2026-02-05 00:00:00-05:00,37.45381048486059,37.78287551982142,37.09981460916857,37.71307373046875,1608300,0.0,0.0
2026-02-06 00:00:00-05:00,37.68316002617274,38.560669328098065,37.21947453430591,37.423892974853516,1640700,0.0,0.0
2026-02-09 00:00:00-05:00,37.31420381991492,37.54355690809886,37.020039673972704,37.35409164428711,760000,0.0,0.0
2026-02-10 00:00:00-05:00,37.32417760866333,38.14185898721348,37.09482832481753,37.86265182495117,782900,0.0,0.0
2026-02-11 00:00:00-05:00,37.99228113353315,38.160805857984734,37.57347039470916,37.593414306640625,912500,0.0,0.0
2026-02-12 00:00:00-05:00,37.862652060063226,38.1717731905125,37.36406566497748,37.74298858642578,1052300,0.0,0.0
2026-02-13 00:00:00-05:00,37.75296017353475,38.42106407688276,37.75296017353475,38.09199905395508,1600700,0.0,0.0
2026-02-17 00:00:00-05:00,38.18000030517578,38.58000183105469,38.099998474121094,38.380001068115234,1098200,0.108,0.0
2026-02-18 00:00:00-05:00,38.22999954223633,38.459999084472656,37.89500045776367,38.08000183105469,1425900,0.0,0.0
2026-02-19 00:00:00-05:00,38.08000183105469,38.415000915527344,37.849998474121094,38.36000061035156,601800,0.0,0.0
2026-02-20 00:00:00-05:00,38.540000915527344,39.27000045776367,38.17499923706055,39.25,1035200,0.0,0.0
2026-02-23 00:00:00-05:00,39.31999969482422,39.70500183105469,39.029998779296875,39.150001525878906,862500,0.0,0.0
2026-02-24 00:00:00-05:00,39.310001373291016,39.3849983215332,38.540000915527344,38.93000030517578,536100,0.0,0.0
2026-02-25 00:00:00-05:00,38.7599983215332,39.220001220703125,38.73500061035156,39.20000076293945,553502,0.0,0.0
