Date,Open,High,Low,Close,Volume,Dividends,Stock Splits
2022-01-03 00:00:00-05:00,5.164606168550486,5.360388596419019,5.164606168550486,5.340135097503662,857700,0.175,0.0
2022-01-04 00:00:00-05:00,5.360389439837678,5.488660761368328,5.360389439837678,5.434651851654053,777700,0.0,0.0
2022-01-05 00:00:00-05:00,5.475157513336282,5.522415786183386,5.346886530092791,5.36038875579834,829800,0.0,0.0
2022-01-06 00:00:00-05:00,5.407646974441025,5.481909058538781,5.326633294278566,5.468407154083252,710200,0.0,0.0
2022-01-07 00:00:00-05:00,5.4819079040246885,5.556169972482523,5.434650282627594,5.5156636238098145,567400,0.0,0.0
2022-01-10 00:00:00-05:00,5.5156636238098145,5.529165525421782,5.400894562842468,5.5156636238098145,691400,0.0,0.0
2022-01-11 00:00:00-05:00,5.556169887157023,5.643934499715838,5.522414811727074,5.610179424285889,563700,0.0,0.0
2022-01-12 00:00:00-05:00,5.637184688492215,5.745202490742169,5.637184688492215,5.7316999435424805,646800,0.0,0.0
2022-01-13 00:00:00-05:00,5.751952523389567,5.7722056959827,5.684441089630127,5.684441089630127,362300,0.0,0.0
2022-01-14 00:00:00-05:00,5.704695643424547,5.7857089972485,5.583175934607068,5.650686740875244,1679200,0.0,0.0
2022-01-18 00:00:00-05:00,5.637185367366476,5.7046961799844365,5.475158000642046,5.481909275054932,1333200,0.0,0.0
2022-01-19 00:00:00-05:00,5.556171417236328,5.610180969238546,5.434651695783008,5.556171417236328,979500,0.0,0.0
2022-01-20 00:00:00-05:00,5.556171464287741,5.65743865083287,5.508913830202199,5.5494208335876465,781700,0.0,0.0
2022-01-21 00:00:00-05:00,5.47515740662879,5.502161857513588,5.340135152204798,5.3738908767700195,838300,0.0,0.0
2022-01-24 00:00:00-05:00,5.265872717648688,5.454903861077801,5.0903434768318,5.441401958465576,1650600,0.0,0.0
2022-01-25 00:00:00-05:00,5.373890385147502,5.6439348692908595,5.313130215256037,5.562921524047852,1196600,0.0,0.0
2022-01-26 00:00:00-05:00,5.643933956379869,5.74520110443121,5.49540983604334,5.576423168182373,931700,0.0,0.0
2022-01-27 00:00:00-05:00,5.643935834171609,5.7114472886675465,5.488660390202677,5.542669296264648,652700,0.0,0.0
2022-01-28 00:00:00-05:00,5.5494208335876465,5.583176562436023,5.448153647042517,5.5494208335876465,538900,0.0,0.0
2022-01-31 00:00:00-05:00,5.556170421046551,5.6844420378183695,5.5089127958342266,5.664188861846924,396500,0.0,0.0
2022-02-01 00:00:00-05:00,5.677692803499111,5.853222108518632,5.630435161315813,5.846470832824707,808600,0.0,0.0
2022-02-02 00:00:00-05:00,5.846468976185013,5.886975973647829,5.772206898646211,5.859971523284912,737500,0.0,0.0
2022-02-03 00:00:00-05:00,5.778957527037409,5.826215148937486,5.72494798850428,5.758703708648682,563400,0.0,0.0
2022-02-04 00:00:00-05:00,5.832967920069243,5.853221099823668,5.73170073362317,5.772207736968994,556000,0.0,0.0
2022-02-07 00:00:00-05:00,5.772206364932157,5.839717162678775,5.738450644140437,5.805962085723877,370000,0.0,0.0
2022-02-08 00:00:00-05:00,5.805962716611372,5.805962716611372,5.724948720373372,5.745202541351318,378300,0.0,0.0
2022-02-09 00:00:00-05:00,5.78570895050412,5.866722303673544,5.76545577317099,5.778958320617676,528900,0.0,0.0
2022-02-10 00:00:00-05:00,5.7654549814449245,5.873472770837562,5.718197359544848,5.758703708648682,816000,0.0,0.0
2022-02-11 00:00:00-05:00,5.805962943510737,5.947736476712464,5.792460395664421,5.940985202789307,745200,0.0,0.0
2022-02-14 00:00:00-05:00,5.954487095293777,5.974740917024118,5.704695755151827,5.7384514808654785,654800,0.0,0.0
2022-02-15 00:00:00-05:00,5.6641887247290414,5.772206519077679,5.610179827554723,5.76545524597168,305500,0.0,0.0
2022-02-16 00:00:00-05:00,5.819464143145998,5.846468591733157,5.7384507973845205,5.76545524597168,432900,0.0,0.0
2022-02-17 00:00:00-05:00,5.778957460150316,5.846468255820922,5.6641883992898014,5.704694747924805,377300,0.0,0.0
2022-02-18 00:00:00-05:00,5.69794458174222,5.785709212610941,5.5831761424305855,5.623682498931885,437500,0.0,0.0
2022-02-22 00:00:00-05:00,5.758704860164978,5.758704860164978,5.4143982485872595,5.468407154083252,793400,0.0,0.0
2022-02-23 00:00:00-05:00,5.508913044732149,5.576424492803007,5.448152870235754,5.529166221618652,1020500,0.0,0.0
2022-02-24 00:00:00-05:00,5.576424070173438,5.589925972462187,5.42114800891338,5.562921524047852,645200,0.0,0.0
2022-02-25 00:00:00-05:00,5.5831745828277155,5.711445534366554,5.5831745828277155,5.684441089630127,795200,0.0,0.0
2022-02-28 00:00:00-05:00,5.691191900173503,5.8532185554504395,5.670938085386363,5.8532185554504395,603200,0.0,0.0
2022-03-01 00:00:00-05:00,5.900477876910847,5.920731697560696,5.772206898646211,5.859971523284912,572500,0.0,0.0
2022-03-02 00:00:00-05:00,5.920732503828548,6.008496496581808,5.886976775318926,5.981492042541504,689500,0.0,0.0
2022-03-03 00:00:00-05:00,5.981490384919096,6.001744202714206,5.9004770452490325,5.94773530960083,726400,0.0,0.0
2022-03-04 00:00:00-05:00,5.87347448321446,5.988243578863594,5.832968122301236,5.967990398406982,827200,0.0,0.0
2022-03-07 00:00:00-05:00,6.008494166104145,6.096258768653658,5.846467504706608,5.866720676422119,1231700,0.0,0.0
2022-03-08 00:00:00-05:00,5.940983379106864,6.069254325087401,5.839716232855863,5.866720676422119,1646600,0.0,0.0
2022-03-09 00:00:00-05:00,5.785709857940674,5.886977048162977,5.684443311555372,5.785709857940674,2124900,0.0,0.0
2022-03-10 00:00:00-05:00,5.7857074611216275,5.920730325482715,5.765454289002158,5.9139790534973145,1071800,0.0,0.0
2022-03-11 00:00:00-05:00,5.947735483922608,5.947735483922608,5.745201806893007,5.758703708648682,987900,0.0,0.0
2022-03-14 00:00:00-04:00,5.650686462117443,5.731699811944873,5.475157215572908,5.5831756591796875,1518100,0.0,0.0
2022-03-15 00:00:00-04:00,5.529166221618652,5.603428943263973,5.448152870235754,5.529166221618652,1183400,0.0,0.0
2022-03-16 00:00:00-04:00,5.589926719665527,5.616931171689537,5.5156646375587295,5.589926719665527,578000,0.0,0.0
2022-03-17 00:00:00-04:00,5.650685919256045,5.7654549814449245,5.630432744704128,5.758703708648682,714800,0.0,0.0
2022-03-18 00:00:00-04:00,5.792460224227464,5.792460224227464,5.697944323611353,5.778958320617676,610400,0.0,0.0
2022-03-21 00:00:00-04:00,5.866722477308405,5.940985202789307,5.819464847520135,5.940985202789307,707300,0.0,0.0
2022-03-22 00:00:00-04:00,5.988241612148827,5.988241612148827,5.82621493403626,5.954485893249512,754100,0.0,0.0
2022-03-23 00:00:00-04:00,5.9949951171875,6.0287508486571975,5.9612393857178025,5.9949951171875,426300,0.0,0.0
2022-03-24 00:00:00-04:00,6.028749001735466,6.07600662501334,6.015246455749314,6.069255352020264,544100,0.0,0.0
2022-03-25 00:00:00-04:00,6.07600773582179,6.184025548111377,6.055754556976729,6.170523643493652,767400,0.0,0.0
2022-03-28 00:00:00-04:00,6.116516326128053,6.13001823425293,6.035502302030337,6.13001823425293,632100,0.0,0.0
2022-03-29 00:00:00-04:00,6.1097638873234095,6.157021522521973,6.0490037027326915,6.157021522521973,759300,0.0,0.0
2022-03-30 00:00:00-04:00,6.217780803286235,6.2447852543081455,6.163771901242414,6.211029529571533,728300,0.0,0.0
2022-03-31 00:00:00-04:00,6.251537536432576,6.292043897580907,6.217781806250965,6.2245330810546875,841400,0.0,0.0
2022-04-01 00:00:00-04:00,6.238033466610873,6.359553808115255,6.238033466610873,6.339300632476807,948300,0.0,0.0
2022-04-04 00:00:00-04:00,6.386558331131206,6.433815956115723,6.319046886436024,6.433815956115723,757300,0.0,0.0
2022-04-05 00:00:00-04:00,6.46082028364544,6.474322829865124,6.325798040632803,6.346051216125488,491900,0.0,0.0
2022-04-06 00:00:00-04:00,6.366304971186502,6.373055600391355,6.238033358741782,6.292042255401611,517900,0.0,0.0
2022-04-07 00:00:00-04:00,6.3528021238709655,6.433815465019283,6.190775441574331,6.393309116363525,817500,0.0,0.0
2022-04-08 00:00:00-04:00,6.441588440957255,6.4484853743319634,6.310549337748875,6.324343204498291,1003900,0.2,0.0
2022-04-11 00:00:00-04:00,6.310549072967669,6.310549072967669,6.172613699899911,6.186407566070557,748600,0.0,0.0
2022-04-12 00:00:00-04:00,6.248478236757366,6.296755449718829,6.248478236757366,6.269168376922607,806700,0.0,0.0
2022-04-13 00:00:00-04:00,6.331239798005082,6.338136073281822,6.220891500844443,6.296755790710449,693700,0.0,0.0
2022-04-14 00:00:00-04:00,6.317445715116333,6.358826653994818,6.262271568430158,6.310548782348633,477700,0.0,0.0
2022-04-18 00:00:00-04:00,6.324342064181641,6.420897140834792,6.296754993384691,6.393310070037842,774300,0.0,0.0
2022-04-19 00:00:00-04:00,6.407104689167699,6.4898659198051885,6.365723744985058,6.462278842926025,838300,0.0,0.0
2022-04-20 00:00:00-04:00,6.524347946554119,6.662283289009552,6.482967014953692,6.620903015136719,1133100,0.0,0.0
2022-04-21 00:00:00-04:00,6.682973840790068,6.724354774959208,6.469174211144482,6.489864349365234,993300,0.0,0.0
2022-04-22 00:00:00-04:00,6.496762592499383,6.496762592499383,6.248478910559807,6.324343204498291,871700,0.0,0.0
2022-04-25 00:00:00-04:00,6.1657151256128495,6.207096055382193,5.8553604543892535,6.131231784820557,1159400,0.0,0.0
2022-04-26 00:00:00-04:00,6.145024257393026,6.25537251332618,6.103643990281837,6.138127326965332,613300,0.0,0.0
2022-04-27 00:00:00-04:00,6.1726138602281635,6.255375086218469,6.096749567502322,6.234684944152832,1134600,0.0,0.0
2022-04-28 00:00:00-04:00,6.276064134543216,6.386412405068601,6.186406000309447,6.331238269805908,531800,0.0,0.0
2022-04-29 00:00:00-04:00,6.372618994214463,6.400206063801761,6.172612575274646,6.207096576690674,522300,0.0,0.0
2022-05-02 00:00:00-04:00,6.138128624612087,6.227786765944055,6.034677277236231,6.16571569442749,604800,0.0,0.0
2022-05-03 00:00:00-04:00,6.186407187077335,6.351929624618368,6.186407187077335,6.345032691955566,790600,0.0,0.0
2022-05-04 00:00:00-04:00,6.434689987167076,6.572625333430455,6.35882571115412,6.551935195922852,593800,0.0,0.0
2022-05-05 00:00:00-04:00,6.641593456260873,6.641593456260873,6.207096614330428,6.282960891723633,1359700,0.0,0.0
2022-05-06 00:00:00-04:00,6.331238915875941,6.379516124725342,6.193302905915983,6.379516124725342,722200,0.0,0.0
2022-05-09 00:00:00-04:00,6.345032634214995,6.379516639487494,5.993296964345363,6.020884037017822,868300,0.0,0.0
2022-05-10 00:00:00-04:00,6.131231171733257,6.193301573589246,5.84846293832764,6.0415730476379395,1151600,0.0,0.0
2022-05-11 00:00:00-04:00,6.14502565319234,6.289857936434109,6.048471236182918,6.062264442443848,1122500,0.0,0.0
2022-05-12 00:00:00-04:00,6.06226529106622,6.076059156985712,5.876052705247171,5.972607135772705,894700,0.0,0.0
2022-05-13 00:00:00-04:00,6.082952949460315,6.241579054152587,6.069159746898248,6.193301200866699,571300,0.0,0.0
2022-05-16 00:00:00-04:00,6.227788110435683,6.372620422665711,6.227788110435683,6.324343204498291,673600,0.0,0.0
2022-05-17 00:00:00-04:00,6.413999215162271,6.455379486083984,6.351928151052152,6.455379486083984,585500,0.0,0.0
2022-05-18 00:00:00-04:00,6.476071710366346,6.476071710366346,6.213994191613457,6.262271404266357,1087300,0.0,0.0
2022-05-19 00:00:00-04:00,6.207096614330428,6.331238757089876,6.172612612705289,6.282960891723633,977900,0.0,0.0
2022-05-20 00:00:00-04:00,6.310550385904845,6.3450344007782675,6.124337757952967,6.213995933532715,1137300,0.0,0.0
2022-05-23 00:00:00-04:00,6.220890389591643,6.303651597678286,6.1933026625018135,6.248477458953857,981700,0.0,0.0
2022-05-24 00:00:00-04:00,6.241579703187166,6.255372907183529,6.124334509444203,6.220889568328857,609800,0.0,0.0
2022-05-25 00:00:00-04:00,6.26916848470695,6.3726198450394715,6.21399433816591,6.358826637268066,484300,0.0,0.0
2022-05-26 00:00:00-04:00,6.400205735725794,6.48296694024533,6.379515599027806,6.420896530151367,836800,0.0,0.0
2022-05-27 00:00:00-04:00,6.414000369155924,6.524348655104193,6.39331022997254,6.510554790496826,483500,0.0,0.0
2022-05-31 00:00:00-04:00,6.551934501000548,6.586418498340796,6.469173302020478,6.496760368347168,731200,0.0,0.0
2022-06-01 00:00:00-04:00,6.551934846496653,6.710560321807861,6.441586575371017,6.710560321807861,820600,0.0,0.0
2022-06-02 00:00:00-04:00,6.717459180513238,6.731253047225374,6.60711087772721,6.641594886779785,694300,0.0,0.0
2022-06-03 00:00:00-04:00,6.648490920071197,6.710561338689495,6.593316776147592,6.600213050842285,662100,0.0,0.0
2022-06-06 00:00:00-04:00,6.620903713238756,6.682974130592653,6.586419709557037,6.627799987792969,680700,0.0,0.0
2022-06-07 00:00:00-04:00,6.607110162613071,6.772632598876953,6.565729882410948,6.772632598876953,743600,0.0,0.0
2022-06-08 00:00:00-04:00,6.745045896810373,6.779529904025521,6.64159453289266,6.682974815368652,691200,0.0,0.0
2022-06-09 00:00:00-04:00,6.655386795916622,6.68987079823421,6.5864194490090835,6.614006519317627,583400,0.0,0.0
2022-06-10 00:00:00-04:00,6.593316088939236,6.593316088939236,6.379515810223491,6.476070880889893,493300,0.0,0.0
2022-06-13 00:00:00-04:00,6.26227077103274,6.310547978803904,5.951916071009661,6.096748352050781,1349300,0.0,0.0
2022-06-14 00:00:00-04:00,6.207097553279526,6.269168634048757,5.910536015261077,5.965710163116455,814300,0.0,0.0
2022-06-15 00:00:00-04:00,5.993297276924215,6.06226529106622,5.876052705247171,5.972607135772705,1182300,0.0,0.0
2022-06-16 00:00:00-04:00,5.83467064490512,5.83467064490512,5.565696230670175,5.613974094390869,1360300,0.0,0.0
2022-06-17 00:00:00-04:00,5.620869801169032,5.689837795109863,5.407070203862021,5.531212329864502,1583600,0.0,0.0
2022-06-21 00:00:00-04:00,5.6139753353857085,5.896743017671078,5.6139753353857085,5.827775001525879,932500,0.0,0.0
2022-06-22 00:00:00-04:00,5.634664149022937,5.669148148967506,5.524315875382393,5.600180149078369,1269500,0.0,0.0
2022-06-23 00:00:00-04:00,5.641560335008657,5.669147399773083,5.448450552793932,5.5381083488464355,949500,0.0,0.0
2022-06-24 00:00:00-04:00,5.6277684823112075,5.75880758000566,5.572594333090724,5.74501371383667,1003700,0.0,0.0
2022-06-27 00:00:00-04:00,5.834669421450414,5.882946617320402,5.786392225580426,5.8553595542907715,589500,0.0,0.0
2022-06-28 00:00:00-04:00,5.972605746561941,6.03467681330665,5.869154407139143,5.9795026779174805,640100,0.0,0.0
2022-06-29 00:00:00-04:00,6.055366375424525,6.069160236827554,5.820875993393135,5.84846305847168,939600,0.0,0.0
2022-06-30 00:00:00-04:00,5.731220408126961,5.855361912902287,5.724323475159518,5.7794976234436035,548400,0.0,0.0
2022-07-01 00:00:00-04:00,5.927870273590088,5.9349351608170915,5.687646588838288,5.927870273590088,740400,0.2,0.0
2022-07-05 00:00:00-04:00,5.772430896759033,5.821888472939414,5.616991933866343,5.772430896759033,1094000,0.0,0.0
2022-07-06 00:00:00-04:00,5.67351513412107,5.744169392720459,5.482749713997034,5.616991996765137,1341400,0.0,0.0
2022-07-07 00:00:00-04:00,5.708842409363667,5.821888686965488,5.701776848561312,5.779496669769287,516100,0.0,0.0
2022-07-08 00:00:00-04:00,5.821888779318726,5.850150349167498,5.730038508857975,5.807758331298828,312400,0.0,0.0
2022-07-11 00:00:00-04:00,5.7512348889401474,5.793626904577919,5.708842199493436,5.772430896759033,292400,0.0,0.0
2022-07-12 00:00:00-04:00,5.7229735309683765,5.828954247767843,5.631122925060174,5.779496669769287,1980400,0.0,0.0
2022-07-13 00:00:00-04:00,5.737104337559399,5.956132019467518,5.737104337559399,5.892543315887451,886300,0.0,0.0
2022-07-14 00:00:00-04:00,5.737105304415777,5.8430867195129395,5.638189788658142,5.8430867195129395,668100,0.0,0.0
2022-07-15 00:00:00-04:00,5.9561327146680885,5.9561327146680885,5.864282429199326,5.899609565734863,448900,0.0,0.0
2022-07-18 00:00:00-04:00,6.005588582403538,6.069177275203116,5.9702614559805625,5.991457462310791,622100,0.0,0.0
2022-07-19 00:00:00-04:00,6.026784990121287,6.104504808189799,6.026784990121287,6.055046558380127,635800,0.0,0.0
2022-07-20 00:00:00-04:00,6.062111736667071,6.139830876026276,6.012654163784749,6.08330774307251,307800,0.0,0.0
2022-07-21 00:00:00-04:00,6.040916152191374,6.111569736413958,5.984393015289731,6.097439289093018,374600,0.0,0.0
2022-07-22 00:00:00-04:00,6.12570040795632,6.146896414286549,5.9561310096967075,5.991457462310791,273900,0.0,0.0
2022-07-25 00:00:00-04:00,6.062113195134638,6.217552185058594,6.012655610353448,6.217552185058594,422200,0.0,0.0
2022-07-26 00:00:00-04:00,6.259943818605451,6.316466961641376,6.217551798233013,6.245813369750977,355200,0.0,0.0
2022-07-27 00:00:00-04:00,6.267011120229615,6.344730295033673,6.224619088085293,6.316468715667725,393000,0.0,0.0
2022-07-28 00:00:00-04:00,6.415380954742432,6.450708077437275,6.259942019170414,6.415380954742432,461900,0.0,0.0
2022-07-29 00:00:00-04:00,6.457774690854408,6.500166705960902,6.4224475623930415,6.443643569946289,663700,0.0,0.0
2022-08-01 00:00:00-04:00,6.3941874504089355,6.422449024851698,6.281141152637888,6.3941874504089355,406100,0.0,0.0
2022-08-02 00:00:00-04:00,6.387121943349393,6.422449080159341,6.323533231853306,6.380056381225586,360600,0.0,0.0
2022-08-03 00:00:00-04:00,6.40831606280339,6.41538162283993,6.267008231117048,6.330596923828125,332800,0.0,0.0
2022-08-04 00:00:00-04:00,6.337663026377975,6.344727913210388,6.161028053197611,6.175158500671387,344300,0.0,0.0
2022-08-05 00:00:00-04:00,6.104506099116359,6.25994442050622,6.076244524881013,6.224617958068848,389700,0.0,0.0
2022-08-08 00:00:00-04:00,6.259945556935827,6.344730295033673,6.245815104157454,6.316468715667725,321400,0.0,0.0
2022-08-09 00:00:00-04:00,6.330597756931615,6.372990448920821,6.316466634998887,6.3517937660217285,300900,0.0,0.0
2022-08-10 00:00:00-04:00,6.422447801249259,6.457774931024471,6.337663094074125,6.401251792907715,501400,0.0,0.0
2022-08-11 00:00:00-04:00,6.528429805997424,6.620280092027946,6.478972218830639,6.563756942749023,452200,0.0,0.0
2022-08-12 00:00:00-04:00,6.570821973554388,6.606149107449489,6.528429278118461,6.577887535095215,296300,0.0,0.0
2022-08-15 00:00:00-04:00,6.493102706243005,6.535495405348292,6.36592595654533,6.514299392700195,366400,0.0,0.0
2022-08-16 00:00:00-04:00,6.563756729338746,6.662672574265312,6.54962627938299,6.648541450500488,572400,0.0,0.0
2022-08-17 00:00:00-04:00,6.634411128047047,6.634411128047047,6.521364157183082,6.535495281219482,281700,0.0,0.0
2022-08-18 00:00:00-04:00,6.570822548290424,6.740391997247948,6.570822548290424,6.733326435089111,437000,0.0,0.0
2022-08-19 00:00:00-04:00,6.6768013974340805,6.683866957594986,6.584951136769027,6.592016696929932,267000,0.0,0.0
2022-08-22 00:00:00-04:00,6.514299479054603,6.606149766826062,6.493102792316427,6.542561054229736,253200,0.0,0.0
2022-08-23 00:00:00-04:00,6.627345612244633,6.733326348020373,6.606149599851301,6.70506477355957,343000,0.0,0.0
2022-08-24 00:00:00-04:00,6.726260752120875,6.768652772447654,6.683868057985081,6.754522323608398,370400,0.0,0.0
2022-08-25 00:00:00-04:00,6.818110354098567,6.818110354098567,6.733325639635995,6.754522323608398,324300,0.0,0.0
2022-08-26 00:00:00-04:00,6.747456935501727,6.782784069220288,6.620279523638525,6.627345085144043,382700,0.0,0.0
2022-08-29 00:00:00-04:00,6.627342848870494,6.690931533345277,6.577885282638465,6.641473293304443,285700,0.0,0.0
2022-08-30 00:00:00-04:00,6.59202025258431,6.641477852769657,6.43658121424702,6.464842796325684,607000,0.0,0.0
2022-08-31 00:00:00-04:00,6.408316560256976,6.521362834381408,6.344727862609748,6.422447681427002,359600,0.0,0.0
2022-09-01 00:00:00-04:00,6.408317900725774,6.408317900725774,6.252879578195126,6.3941874504089355,361900,0.0,0.0
2022-09-02 00:00:00-04:00,6.549626616475796,6.620280217509077,6.450710766458279,6.542561054229736,908800,0.0,0.0
2022-09-06 00:00:00-04:00,6.627345659535431,6.627345659535431,6.450710649442724,6.471906661987305,409500,0.0,0.0
2022-09-07 00:00:00-04:00,6.387121675825315,6.5072335316628065,6.3800561139974485,6.4789719581604,467900,0.0,0.0
2022-09-08 00:00:00-04:00,6.464839855333442,6.542559676050332,6.464839855333442,6.528428554534912,374500,0.0,0.0
2022-09-09 00:00:00-04:00,6.634410528958446,6.740391254425049,6.60614895724675,6.740391254425049,415800,0.0,0.0
2022-09-12 00:00:00-04:00,6.803979090863485,6.8181095380114085,6.74745595465392,6.768651962280273,351600,0.0,0.0
2022-09-13 00:00:00-04:00,6.712129587343999,6.782783852523855,6.556690608233721,6.620279312133789,395000,0.0,0.0
2022-09-14 00:00:00-04:00,6.655605689861143,6.825175098489838,6.655605689861143,6.768651962280273,614200,0.0,0.0
2022-09-15 00:00:00-04:00,6.712129502318104,6.768652644222378,6.655606360413829,6.683867931365967,432000,0.0,0.0
2022-09-16 00:00:00-04:00,6.599082530890941,6.599082530890941,6.387120433931676,6.443643569946289,437400,0.0,0.0
2022-09-19 00:00:00-04:00,6.358859639344992,6.570821762084961,6.2882053738286645,6.570821762084961,410500,0.0,0.0
2022-09-20 00:00:00-04:00,6.535495373430133,6.535495373430133,6.401253062235676,6.471906661987305,442900,0.0,0.0
2022-09-21 00:00:00-04:00,6.50723353326576,6.570822242114104,6.387121677398682,6.387121677398682,405300,0.0,0.0
2022-09-22 00:00:00-04:00,6.443644370376718,6.457775493040207,6.238747808419232,6.245813369750977,558900,0.0,0.0
2022-09-23 00:00:00-04:00,6.139832520752391,6.139832520752391,5.779497620098557,5.871347904205322,1354100,0.0,0.0
2022-09-26 00:00:00-04:00,5.800692823498263,5.892543094800039,5.5957962717662975,5.631123065948486,1176000,0.0,0.0
2022-09-27 00:00:00-04:00,5.7441694206577365,5.857215695919412,5.6664502748675725,5.800692558288574,591500,0.0,0.0
2022-09-28 00:00:00-04:00,5.8996100339154385,6.132768210220203,5.82895575523739,6.1186370849609375,521800,0.0,0.0
2022-09-29 00:00:00-04:00,6.0833086666697405,6.0833086666697405,5.8148234074721765,5.956131935119629,531800,0.0,0.0
2022-09-30 00:00:00-04:00,5.919945826103938,6.006790911085041,5.862049102783203,5.862049102783203,520800,0.2,0.0
2022-10-03 00:00:00-04:00,6.014029322416657,6.209430628389905,5.99955479373089,6.100874423980713,982300,0.0,0.0
2022-10-04 00:00:00-04:00,6.216667253379377,6.332460710222669,6.187718889168554,6.231141090393066,379600,0.0,0.0
2022-10-05 00:00:00-04:00,6.267326869829032,6.267326869829032,6.064688315450799,6.194956302642822,599500,0.0,0.0
2022-10-06 00:00:00-04:00,6.129822916473995,6.223905284304157,6.100874548694216,6.180482387542725,612100,0.0,0.0
2022-10-07 00:00:00-04:00,6.194955647484809,6.223904009334502,6.0429765752280735,6.0936360359191895,829400,0.0,0.0
2022-10-10 00:00:00-04:00,6.079161383995912,6.2166666175715966,5.956130676136984,5.963367938995361,570400,0.0,0.0
2022-10-11 00:00:00-04:00,5.934420032024898,6.086399112767958,5.89099783191741,6.014028549194336,723500,0.0,0.0
2022-10-12 00:00:00-04:00,6.035740463022361,6.071926094779646,5.934420832138665,5.956131935119629,285500,0.0,0.0
2022-10-13 00:00:00-04:00,5.8475746737389915,6.173243920359385,5.796915212539911,6.1587700843811035,451500,0.0,0.0
2022-10-14 00:00:00-04:00,6.166008063939056,6.187719165520962,5.941657713647787,5.94889497756958,422300,0.0,0.0
2022-10-17 00:00:00-04:00,6.03573908897302,6.158769794829467,6.03573908897302,6.115346908569336,449600,0.0,0.0
2022-10-18 00:00:00-04:00,6.202193490831676,6.245616387593109,6.100874548694216,6.180482387542725,342800,0.0,0.0
2022-10-19 00:00:00-04:00,6.202193071310296,6.216667599312881,6.1225852378465255,6.151533603668213,333200,0.0,0.0
2022-10-20 00:00:00-04:00,6.166007515331147,6.194955878259224,6.057450636713297,6.071925163269043,424600,0.0,0.0
2022-10-21 00:00:00-04:00,6.100874548694216,6.180482387542725,6.042977813134659,6.180482387542725,646500,0.0,0.0
2022-10-24 00:00:00-04:00,6.20219336404702,6.20219336404702,6.064688792449811,6.100874423980713,325800,0.0,0.0
2022-10-25 00:00:00-04:00,6.100872316037786,6.216665744781494,6.071923958851859,6.216665744781494,216300,0.0,0.0
2022-10-26 00:00:00-04:00,6.260089738351621,6.303512631727784,6.194956433562591,6.274564266204834,482200,0.0,0.0
2022-10-27 00:00:00-04:00,6.332459926605225,6.4048311732683425,6.30351156597665,6.332459926605225,278600,0.0,0.0
2022-10-28 00:00:00-04:00,6.433779771150427,6.433779771150427,6.281800699700153,6.404831409454346,350900,0.0,0.0
2022-10-31 00:00:00-04:00,6.404831659368276,6.469964958088396,6.36864603329038,6.42654275894165,494300,0.0,0.0
2022-11-01 00:00:00-04:00,6.51338724383368,6.51338724383368,6.390356540679932,6.390356540679932,772400,0.0,0.0
2022-11-02 00:00:00-04:00,6.404830825180021,6.462727543290613,6.303511223394823,6.3179850578308105,470300,0.0,0.0
2022-11-03 00:00:00-04:00,6.296274535456502,6.419305245210694,6.260088910790554,6.404831409454346,411700,0.0,0.0
2022-11-04 00:00:00-04:00,6.448254644583318,6.49891411315792,6.332461179165087,6.41930627822876,363400,0.0,0.0
2022-11-07 00:00:00-05:00,6.45549131524224,6.484439678935475,6.375883487631703,6.477202415466309,390700,0.0,0.0
2022-11-08 00:00:00-05:00,6.506150779159543,6.535099142852777,6.397594587855771,6.477202415466309,349000,0.0,0.0
2022-11-09 00:00:00-05:00,6.469967112262241,6.4916789092479625,6.260091239352418,6.289039611816406,346400,0.0,0.0
2022-11-10 00:00:00-05:00,6.477202415466309,6.491676942404641,6.404831851324937,6.477202415466309,455100,0.0,0.0
2022-11-11 00:00:00-05:00,6.513388042628709,6.542336406321945,6.426542951549005,6.477202415466309,245200,0.0,0.0
2022-11-14 00:00:00-05:00,6.469965857987579,6.571285487061423,6.441017491135553,6.45549201965332,291000,0.0,0.0
2022-11-15 00:00:00-05:00,6.484439600327084,6.556810853774557,6.4410167102219145,6.462728500366211,265300,0.0,0.0
2022-11-16 00:00:00-05:00,6.310750059428471,6.412068996296447,6.296275531199621,6.375884056091309,451700,0.0,0.0
2022-11-17 00:00:00-05:00,6.303511870082157,6.332460232107312,6.252852409083984,6.325222969055176,285500,0.0,0.0
2022-11-18 00:00:00-05:00,6.252852338004072,6.419305245210694,6.238377812064338,6.404831409454346,317800,0.0,0.0
2022-11-21 00:00:00-05:00,6.317986522703742,6.346935578654417,6.1949564858307795,6.339698314666748,400000,0.0,0.0
2022-11-22 00:00:00-05:00,6.375885198812347,6.498915259890226,6.375885198812347,6.469966888427734,526100,0.0,0.0
2022-11-23 00:00:00-05:00,6.448254755394436,6.498914224839605,6.412069124283527,6.45549201965332,310300,0.0,0.0
2022-11-25 00:00:00-05:00,6.477201633583665,6.535098353981246,6.4410160107893395,6.484438896179199,103400,0.0,0.0
2022-11-28 00:00:00-05:00,6.404831659368276,6.462728385019546,6.375883296542642,6.42654275894165,516600,0.0,0.0
2022-11-29 00:00:00-05:00,6.433779450413725,6.578521251678467,6.433779450413725,6.578521251678467,500200,0.0,0.0
2022-11-30 00:00:00-05:00,6.59299688935052,6.600234153938385,6.4916779458545575,6.542337417602539,403000,0.0,0.0
2022-12-01 00:00:00-05:00,6.5495734734964515,6.629181298721094,6.4265427589416495,6.42654275894165,550400,0.0,0.0
2022-12-02 00:00:00-05:00,6.368644746122241,6.462727078836408,6.368644746122241,6.41206693649292,539300,0.0,0.0
2022-12-05 00:00:00-05:00,6.404830364886655,6.47720091223221,6.354170222543167,6.41206693649292,684400,0.0,0.0
2022-12-06 00:00:00-05:00,6.368645832658745,6.462728181424033,6.231140595931253,6.281800746917725,413300,0.0,0.0
2022-12-07 00:00:00-05:00,6.274565527710766,6.332462270396848,6.223906050406348,6.267328262329102,347400,0.0,0.0
2022-12-08 00:00:00-05:00,6.303512462771737,6.339698091251393,6.173244476318359,6.173244476318359,373200,0.0,0.0
2022-12-09 00:00:00-05:00,6.137059331715185,6.194956755957632,6.064688759233273,6.07916259765625,386100,0.0,0.0
2022-12-12 00:00:00-05:00,6.079162695753628,6.223905223420138,6.079162695753628,6.209430694580078,403200,0.0,0.0
2022-12-13 00:00:00-05:00,6.3541736224062895,6.426544898658079,6.238380132550337,6.289039611816406,691500,0.0,0.0
2022-12-14 00:00:00-05:00,6.368646567610364,6.368646567610364,6.223904741338566,6.3035125732421875,701800,0.0,0.0
2022-12-15 00:00:00-05:00,6.209428907155645,6.260088363146156,6.151532188828396,6.245614528656006,517400,0.0,0.0
2022-12-16 00:00:00-05:00,6.122584459160305,6.1660073474619415,6.071924997961225,6.1587700843811035,581200,0.0,0.0
2022-12-19 00:00:00-05:00,6.137060940285139,6.187721113502754,6.02126744181692,6.0429792404174805,469000,0.0,0.0
2022-12-20 00:00:00-05:00,6.021265618310319,6.1370590817111355,6.021265618310319,6.057451248168945,576800,0.0,0.0
2022-12-21 00:00:00-05:00,6.086399382077259,6.187719003783604,6.086399382077259,6.173244476318359,747600,0.0,0.0
2022-12-22 00:00:00-05:00,6.1732441682767165,6.18771869501969,5.977842888530527,6.086399078369141,368200,0.0,0.0
2022-12-23 00:00:00-05:00,6.122586405613897,6.267328262329102,6.108111874850569,6.267328262329102,371400,0.0,0.0
2022-12-27 00:00:00-05:00,6.3107491088313985,6.317985681672274,6.223904023090377,6.281800746917725,386000,0.0,0.0
2022-12-28 00:00:00-05:00,6.260090098423058,6.296275729953961,6.093637159637829,6.100874423980713,503500,0.0,0.0
2022-12-29 00:00:00-05:00,6.100873497233402,6.260089147490247,6.100873497233402,6.238378047943115,418200,0.0,0.0
2022-12-30 00:00:00-05:00,6.231141241144196,6.2528530324651745,6.151533410184328,6.194956302642822,609500,0.0,0.0
2023-01-03 00:00:00-05:00,6.254235821807121,6.3209280263412975,6.076390414179202,6.143082618713379,444500,0.2,0.0
2023-01-04 00:00:00-05:00,6.113443973020947,6.172725797435845,6.091213465539132,6.120854377746582,475200,0.0,0.0
2023-01-05 00:00:00-05:00,6.113445161873488,6.143086079845066,6.061573732097035,6.106034755706787,615600,0.0,0.0
2023-01-06 00:00:00-05:00,6.180136325588311,6.2542382542393185,6.128264904863095,6.246828556060791,546100,0.0,0.0
2023-01-09 00:00:00-05:00,6.328339082535745,6.380210488449142,6.269057273864746,6.269057273864746,443000,0.0,0.0
2023-01-10 00:00:00-05:00,6.313519139913424,6.395031452178955,6.239416523893908,6.395031452178955,535000,0.0,0.0
2023-01-11 00:00:00-05:00,6.46172310073327,6.521004905691798,6.409850991373414,6.506184101104736,720700,0.0,0.0
2023-01-12 00:00:00-05:00,6.558057668272553,6.6618004966638145,6.5061855473819055,6.624749183654785,731300,0.0,0.0
2023-01-13 00:00:00-05:00,6.669211505642679,6.706262822013043,6.580288770370853,6.691442012786865,832000,0.0,0.0
2023-01-17 00:00:00-05:00,6.706261052518332,6.861875974857693,6.669209745924219,6.758132457733154,612500,0.0,0.0
2023-01-18 00:00:00-05:00,6.810006642439632,6.847057964156174,6.617341041564941,6.617341041564941,522500,0.0,0.0
2023-01-19 00:00:00-05:00,6.59510817228123,6.758133522975049,6.59510817228123,6.7210822105407715,440700,0.0,0.0
2023-01-20 00:00:00-05:00,6.780363805109131,6.8100047127442265,6.7210819898389405,6.79518461227417,1769000,0.0,0.0
2023-01-23 00:00:00-05:00,6.847057463664257,6.884108782672499,6.787775635929122,6.854467868804932,436900,0.0,0.0
2023-01-24 00:00:00-05:00,6.9211586447779645,6.9211586447779645,6.669210576591103,6.810004711151123,404000,0.0,0.0
2023-01-25 00:00:00-05:00,6.810005549873025,6.810005549873025,6.7359036250237025,6.772954940795898,422300,0.0,0.0
2023-01-26 00:00:00-05:00,6.824826118496382,6.847056624498736,6.78036439979663,6.817415714263916,372400,0.0,0.0
2023-01-27 00:00:00-05:00,6.824825643003335,6.8618769548892145,6.780363927401279,6.802595138549805,282600,0.0,0.0
2023-01-30 00:00:00-05:00,6.728493568697744,6.832237116889114,6.661801338195801,6.661801338195801,381600,0.0,0.0
2023-01-31 00:00:00-05:00,6.691442372130629,6.735904095501764,6.661801458781577,6.728493690490723,419200,0.0,0.0
2023-02-01 00:00:00-05:00,6.743313660473807,6.743313660473807,6.550647394358548,6.676621437072754,819000,0.0,0.0
2023-02-02 00:00:00-05:00,6.684032678245071,6.728493694950559,6.654391058181254,6.7136735916137695,317400,0.0,0.0
2023-02-03 00:00:00-05:00,6.691440815138017,6.743312931450373,6.639569405520614,6.646979808807373,322400,0.0,0.0
2023-02-06 00:00:00-05:00,6.6025179585221085,6.632158864357985,6.572877052686232,6.595107555389404,252900,0.0,0.0
2023-02-07 00:00:00-05:00,6.602518095781775,6.654389505399178,6.572877189329695,6.646979808807373,388200,0.0,0.0
2023-02-08 00:00:00-05:00,6.65438938213578,6.661799785285271,6.595107570329733,6.639569282531738,260900,0.0,0.0
2023-02-09 00:00:00-05:00,6.639570951807287,6.7062631835301305,6.6025196334395835,6.609930038452148,303600,0.0,0.0
2023-02-10 00:00:00-05:00,6.639569668962942,6.817415114731909,6.639569668962942,6.810004711151123,328800,0.0,0.0
2023-02-13 00:00:00-05:00,6.81000507803797,6.891518108428138,6.787774572792934,6.832236289978027,318900,0.0,0.0
2023-02-14 00:00:00-05:00,6.772954471527916,6.906338209693156,6.735903158322841,6.832236289978027,285700,0.0,0.0
2023-02-15 00:00:00-05:00,6.79518461227417,6.847056023961841,6.758133301056555,6.79518461227417,238200,0.0,0.0
2023-02-16 00:00:00-05:00,6.743313422018341,6.802595239235183,6.721082210540771,6.7210822105407715,342000,0.0,0.0
2023-02-17 00:00:00-05:00,6.698851094337786,6.698851094337786,6.602517973479224,6.639569282531738,207200,0.0,0.0
2023-02-21 00:00:00-05:00,6.654389737032407,6.691441048060969,6.580287821670263,6.632159233093262,532200,0.0,0.0
2023-02-22 00:00:00-05:00,6.63216054982851,6.7655450133352115,6.602519636459812,6.7136735916137695,644400,0.0,0.0
2023-02-23 00:00:00-05:00,6.795184354356804,6.817414857565601,6.676620728316613,6.70626163482666,444100,0.0,0.0
2023-02-24 00:00:00-05:00,6.684031841160655,6.721082448210102,6.6321597192403745,6.676621437072754,419500,0.0,0.0
2023-02-27 00:00:00-05:00,6.6692101884347625,6.7210815970913185,6.617338779778206,6.639569282531738,337400,0.0,0.0
2023-02-28 00:00:00-05:00,6.646979794595574,6.698851204102071,6.602518081665039,6.602518081665039,345000,0.0,0.0
2023-03-01 00:00:00-05:00,6.5951080339955706,6.654389849969396,6.5728775296791335,6.580287933349609,375700,0.0,0.0
2023-03-02 00:00:00-05:00,6.6025196334395835,6.676622270174991,6.587699530109573,6.609930038452148,533600,0.0,0.0
2023-03-03 00:00:00-05:00,6.5951076924950165,6.713672024998293,6.5951076924950165,6.646979808807373,668000,0.0,0.0
2023-03-06 00:00:00-05:00,6.646979808807373,6.684031118546212,6.617338902355293,6.646979808807373,370200,0.0,0.0
2023-03-07 00:00:00-05:00,6.669210781432552,6.669210781432552,6.550647147278285,6.587698459625244,342100,0.0,0.0
2023-03-08 00:00:00-05:00,6.558057306704455,6.617339121572486,6.53582609610771,6.572877407073975,232900,0.0,0.0
2023-03-09 00:00:00-05:00,6.565468074580711,6.617340201073482,6.454314830244228,6.461725234985352,303900,0.0,0.0
2023-03-10 00:00:00-05:00,6.469133581647373,6.498775194419817,6.28387774198927,6.3061089515686035,803700,0.0,0.0
2023-03-13 00:00:00-04:00,6.165315394310751,6.320930360114032,6.1282647840631395,6.180136203765869,468000,0.0,0.0
2023-03-14 00:00:00-04:00,6.202365290331312,6.3653906235140925,6.187545190966476,6.254236698150635,427800,0.0,0.0
2023-03-15 00:00:00-04:00,6.098622189792144,6.135673500809182,5.950417652418972,6.0171098709106445,703300,0.0,0.0
2023-03-16 00:00:00-04:00,5.987471201454437,6.113445281982422,5.920778958034299,6.113445281982422,979200,0.0,0.0
2023-03-17 00:00:00-04:00,6.054161902867917,6.09121321829709,5.935598258850612,5.972649574279785,750100,0.0,0.0
2023-03-20 00:00:00-04:00,5.94300795706948,6.120853401962114,5.94300795706948,6.002289772033691,477600,0.0,0.0
2023-03-21 00:00:00-04:00,6.098622810000996,6.150494933378056,6.076392303807999,6.128264427185059,495600,0.0,0.0
2023-03-22 00:00:00-04:00,6.12826295871169,6.143083057057432,6.024519443511963,6.024519443511963,421800,0.0,0.0
2023-03-23 00:00:00-04:00,6.039339989811158,6.120853010190861,5.905955914679063,5.913366317749023,499400,0.0,0.0
2023-03-24 00:00:00-04:00,5.8763156036050646,5.972649086523347,5.831854240729513,5.928187370300293,562300,0.0,0.0
2023-03-27 00:00:00-04:00,5.965238459503778,6.06898128231751,5.950417652418972,6.0171098709106445,685100,0.0,0.0
2023-03-28 00:00:00-04:00,6.00229201407902,6.135675794224054,6.00229201407902,6.113445281982422,392000,0.0,0.0
2023-03-29 00:00:00-04:00,6.1430833586694575,6.246826878962765,6.1430833586694575,6.217185974121094,695600,0.0,0.0
2023-03-30 00:00:00-04:00,6.276466745734888,6.3209277422965,6.254235540759284,6.313518047332764,575900,0.0,0.0
2023-03-31 00:00:00-04:00,6.365391617886433,6.409852629621369,6.343161112018966,6.402442932128906,613000,0.0,0.0
2023-04-03 00:00:00-04:00,6.5061851775351265,6.572877395821228,6.498775480710541,6.5135955810546875,467800,0.0,0.0
2023-04-04 00:00:00-04:00,6.558057160339592,6.558057160339592,6.357980509604131,6.4320831298828125,444500,0.0,0.0
2023-04-05 00:00:00-04:00,6.424672858904877,6.5135955810546875,6.417262455385315,6.5135955810546875,1372400,0.0,0.0
2023-04-06 00:00:00-04:00,6.528779098461922,6.612286473752254,6.46804633025228,6.483229160308838,491100,0.21,0.0
2023-04-10 00:00:00-04:00,6.490821784759362,6.604695559021606,6.475638228728769,6.498413562774658,521700,0.0,0.0
2023-04-11 00:00:00-04:00,6.490820395051331,6.581919539754831,6.468045789873367,6.528778553009033,376500,0.0,0.0
2023-04-12 00:00:00-04:00,6.604696104976869,6.6198796622625595,6.543963323817824,6.559146881103516,320200,0.0,0.0
2023-04-13 00:00:00-04:00,6.528779628281321,6.604695232708177,6.513596073000891,6.581920623779297,443900,0.0,0.0
2023-04-14 00:00:00-04:00,6.543961981702143,6.566736588967925,6.4300882213815225,6.475637435913086,1037200,0.0,0.0
2023-04-17 00:00:00-04:00,6.475637771763286,6.528779490128516,6.422496777389805,6.460454940795898,470300,0.0,0.0
2023-04-18 00:00:00-04:00,6.47563771861717,6.490821273451694,6.445271332939865,6.46804666519165,526500,0.0,0.0
2023-04-19 00:00:00-04:00,6.422497664571478,6.43768049763617,6.384539495921975,6.399723052978516,352800,0.0,0.0
2023-04-20 00:00:00-04:00,6.376946254516218,6.376946254516218,6.323805264992616,6.369355201721191,495900,0.0,0.0
2023-04-21 00:00:00-04:00,6.369356662857283,6.407314107514937,6.354173105800742,6.399723052978516,221200,0.0,0.0
2023-04-24 00:00:00-04:00,6.422495033415391,6.445269635678096,6.369354053471895,6.43767786026001,223700,0.0,0.0
2023-04-25 00:00:00-04:00,6.369355125816036,6.399721508609309,6.308622360229492,6.308622360229492,269100,0.0,0.0
2023-04-26 00:00:00-04:00,6.293439406238274,6.331397569343005,6.240298412286699,6.255481243133545,479700,0.0,0.0
2023-04-27 00:00:00-04:00,6.240298846853566,6.36176439805402,6.240298846853566,6.331398010253906,470700,0.0,0.0
2023-04-28 00:00:00-04:00,6.346581014330199,6.414905569731934,6.346581014330199,6.376947402954102,594000,0.0,0.0
2023-05-01 00:00:00-04:00,6.346581014330199,6.445271958355836,6.346581014330199,6.376947402954102,191700,0.0,0.0
2023-05-02 00:00:00-04:00,6.369355714846967,6.369355714846967,6.12642390604305,6.187156677246094,495900,0.0,0.0
2023-05-03 00:00:00-04:00,6.0884653980666155,6.2251137472858735,6.0884653980666155,6.13401460647583,481500,0.0,0.0
2023-05-04 00:00:00-04:00,6.171973874220273,6.194748482525984,6.058099746704102,6.058099746704102,583800,0.0,0.0
2023-05-05 00:00:00-04:00,6.134016017064561,6.202340569382027,6.1264242392533355,6.171974182128906,402200,0.0,0.0
2023-05-08 00:00:00-04:00,6.209932347193252,6.2630733438882675,6.149199572687011,6.171974182128906,357600,0.0,0.0
2023-05-09 00:00:00-04:00,6.134015507365504,6.202340054005619,6.126423730185109,6.141607284545898,688900,0.0,0.0
2023-05-10 00:00:00-04:00,6.1567900786305385,6.187156463181438,6.096057309528741,6.111240863800049,495000,0.0,0.0
2023-05-11 00:00:00-04:00,6.065690888873268,6.096057273243418,6.050507696688193,6.080874443054199,335800,0.0,0.0
2023-05-12 00:00:00-04:00,6.088466837976641,6.141607835019001,6.088466837976641,6.096057891845703,339700,0.0,0.0
2023-05-15 00:00:00-04:00,6.156790308657946,6.270664797972135,6.1416074778111,6.255481243133545,565700,0.0,0.0
2023-05-16 00:00:00-04:00,6.255482040868263,6.255482040868263,6.096058314691172,6.103650093078613,472900,0.0,0.0
2023-05-17 00:00:00-04:00,6.126425102809131,6.156791494342573,6.0808758775049085,6.149200439453125,378400,0.0,0.0
2023-05-18 00:00:00-04:00,6.0960574162528935,6.209931903306161,6.0960574162528935,6.202340126037598,266100,0.0,0.0
2023-05-19 00:00:00-04:00,6.209932347193252,6.240298734446372,6.156790626506456,6.171974182128906,382100,0.0,0.0
2023-05-22 00:00:00-04:00,6.1567902916445725,6.217523062847616,6.1567902916445725,6.187156677246094,262600,0.0,0.0
2023-05-23 00:00:00-04:00,6.2478893416655215,6.2478893416655215,6.164381963686508,6.202340126037598,436500,0.0,0.0
2023-05-24 00:00:00-04:00,6.240297299416688,6.240297299416688,6.11883177833663,6.13401460647583,330300,0.0,0.0
2023-05-25 00:00:00-04:00,6.080874443054199,6.1416072117945,6.035324504503118,6.080874443054199,326100,0.0,0.0
2023-05-26 00:00:00-04:00,6.09605754787891,6.126423933617107,6.042916553835004,6.058099746704102,495000,0.0,0.0
2023-05-30 00:00:00-04:00,6.050508499145508,6.065691693344276,6.004958916549205,6.050508499145508,573800,0.0,0.0
2023-05-31 00:00:00-04:00,6.012550407342725,6.027733600815979,5.951817633449709,6.004958629608154,336100,0.0,0.0
2023-06-01 00:00:00-04:00,6.027734119183789,6.118833649853496,6.004959146017382,6.103650093078613,362600,0.0,0.0
2023-06-02 00:00:00-04:00,6.171973740955072,6.22511473385156,6.14919913314111,6.202340126037598,479900,0.0,0.0
2023-06-05 00:00:00-04:00,6.240297717458905,6.270664099763185,6.16438139970237,6.179564952850342,300200,0.0,0.0
2023-06-06 00:00:00-04:00,6.12642390604305,6.232706617644248,6.12642390604305,6.187156677246094,275100,0.0,0.0
2023-06-07 00:00:00-04:00,6.187155790152174,6.316213091452769,6.187155790152174,6.285846710205078,618200,0.0,0.0
2023-06-08 00:00:00-04:00,6.285847224058017,6.316213607788086,6.217522679667436,6.316213607788086,559500,0.0,0.0
2023-06-09 00:00:00-04:00,6.331397443636263,6.331397443636263,6.194748348769034,6.202340126037598,213200,0.0,0.0
2023-06-12 00:00:00-04:00,6.126423396586747,6.194747939506429,6.126423396586747,6.156789779663086,348500,0.0,0.0
2023-06-13 00:00:00-04:00,6.202340569382027,6.240298734446372,6.164382404317681,6.171974182128906,408200,0.0,0.0
2023-06-14 00:00:00-04:00,6.2630723231892,6.2630723231892,6.156789623128384,6.179564952850342,580500,0.0,0.0
2023-06-15 00:00:00-04:00,6.202340108932791,6.27066465617798,6.194748331685164,6.240298271179199,461900,0.0,0.0
2023-06-16 00:00:00-04:00,6.270663881577051,6.308622039134574,6.240297500329361,6.285846710205078,576900,0.0,0.0
2023-06-20 00:00:00-04:00,6.2858490932109135,6.308624430774686,6.209933473307405,6.217524528503418,323100,0.0,0.0
2023-06-21 00:00:00-04:00,6.209932327270508,6.285847933163866,6.194748771696769,6.209932327270508,524900,0.0,0.0
2023-06-22 00:00:00-04:00,6.171972762811252,6.194747367015859,6.13401460647583,6.13401460647583,548500,0.0,0.0
2023-06-23 00:00:00-04:00,6.134015984506174,6.165192656546072,6.118427648486225,6.149604320526123,421200,0.21,0.0
2023-06-26 00:00:00-04:00,6.157398466282945,6.243134497322956,6.12622179529662,6.2119574546813965,778900,0.0,0.0
2023-06-27 00:00:00-04:00,6.235339641571045,6.250928347463969,6.211956954386864,6.235339641571045,608800,0.0,0.0
2023-06-28 00:00:00-04:00,6.235339939502392,6.31328198607035,6.21195725120096,6.305487632751465,417000,0.0,0.0
2023-06-29 00:00:00-04:00,6.344459056854248,6.3678413749776634,6.31328238491953,6.344459056854248,203700,0.0,0.0
2023-06-30 00:00:00-04:00,6.391223693101079,6.422400365035797,6.328870349231643,6.344459056854248,396300,0.0,0.0
2023-07-03 00:00:00-04:00,6.344459216762791,6.445783588932071,6.344459216762791,6.437989234924316,194600,0.0,0.0
2023-07-05 00:00:00-04:00,6.508136503070351,6.508136503070351,6.391223430633545,6.391223430633545,739600,0.0,0.0
2023-07-06 00:00:00-04:00,6.3756354669615805,6.430194454779147,6.352252406487943,6.391223430633545,594500,0.0,0.0
2023-07-07 00:00:00-04:00,6.3912241699416015,6.484754192723902,6.383429815548773,6.453577518463135,355300,0.0,0.0
2023-07-10 00:00:00-04:00,6.453577961754971,6.531520024415949,6.453577961754971,6.5081377029418945,434000,0.0,0.0
2023-07-11 00:00:00-04:00,6.50813675419374,6.625049087831273,6.50813675419374,6.617254734039307,525300,0.0,0.0
2023-07-12 00:00:00-04:00,6.625048115429347,6.710783764625519,6.625048115429347,6.671813488006592,479900,0.0,0.0
2023-07-13 00:00:00-04:00,6.679606942241302,6.7263723137326386,6.664018980617765,6.687401294708252,428800,0.0,0.0
2023-07-14 00:00:00-04:00,6.687403506284,6.687403506284,6.57049115385739,6.586079120635986,417100,0.0,0.0
2023-07-17 00:00:00-04:00,6.562694577342318,6.640636614783771,6.562694577342318,6.570488929748535,368900,0.0,0.0
2023-07-18 00:00:00-04:00,6.5704905456937635,6.65622621331689,6.547107482724287,6.609460830688477,360200,0.0,0.0
2023-07-19 00:00:00-04:00,6.6328429906521595,6.679607623603421,6.617254284128114,6.625048637390137,239900,0.0,0.0
2023-07-20 00:00:00-04:00,6.625048033099767,6.687401366887641,6.625048033099767,6.648430347442627,388000,0.0,0.0
2023-07-21 00:00:00-04:00,6.757550664844096,6.757550664844096,6.70299167059545,6.74196195602417,592200,0.0,0.0
2023-07-24 00:00:00-04:00,6.741961375844567,6.851080098262194,6.734167765415831,6.835492134094238,378000,0.0,0.0
2023-07-25 00:00:00-04:00,6.819903373718262,6.8666687524803685,6.804314666360733,6.819903373718262,362500,0.0,0.0
2023-07-26 00:00:00-04:00,6.812109071643208,6.8588744507595765,6.773138046264648,6.773138046264648,299200,0.0,0.0
2023-07-27 00:00:00-04:00,6.788728179953775,6.796522535329065,6.6484327564411165,6.656227111816406,409200,0.0,0.0
2023-07-28 00:00:00-04:00,6.671813488006592,6.695195802640024,6.640636820725222,6.671813488006592,384300,0.0,0.0
2023-07-31 00:00:00-04:00,6.726373333328941,6.819903347178706,6.679607954748821,6.812108993530273,301500,0.0,0.0
2023-08-01 00:00:00-04:00,6.812110166351018,6.812110166351018,6.726374491388829,6.749756813049316,321300,0.0,0.0
2023-08-02 00:00:00-04:00,6.687402431546022,6.7419614214688055,6.609460380247341,6.617254734039307,460900,0.0,0.0
2023-08-03 00:00:00-04:00,6.593873755435367,6.695198145382216,6.586079400060076,6.656227111816406,404300,0.0,0.0
2023-08-04 00:00:00-04:00,6.664020272540675,6.7107849097876935,6.593872573359641,6.6016669273376465,381800,0.0,0.0
2023-08-07 00:00:00-04:00,6.601665718756907,6.702990071989794,6.601665718756907,6.648430347442627,352700,0.0,0.0
2023-08-08 00:00:00-04:00,6.625047961593379,6.702989999642152,6.593871295035942,6.687401294708252,267300,0.0,0.0
2023-08-09 00:00:00-04:00,6.718579794728524,6.773138790265293,6.687403119663148,6.72637414932251,319100,0.0,0.0
2023-08-10 00:00:00-04:00,6.77313712010631,6.812108140155975,6.734166843367028,6.78093147277832,347300,0.0,0.0
2023-08-11 00:00:00-04:00,6.812109072876579,6.858874452001414,6.788726754969403,6.835492134094238,236700,0.0,0.0
2023-08-14 00:00:00-04:00,6.835492134094238,6.866668805740634,6.819903426615799,6.835492134094238,192700,0.0,0.0
2023-08-15 00:00:00-04:00,6.835491809799271,6.835491809799271,6.726373092558544,6.75754976272583,314500,0.0,0.0
2023-08-16 00:00:00-04:00,6.773136941913612,6.812107960937999,6.664018980617765,6.687401294708252,271700,0.0,0.0
2023-08-17 00:00:00-04:00,6.702989872589039,6.788725518169306,6.702989872589039,6.7107834815979,215300,0.0,0.0
2023-08-18 00:00:00-04:00,6.710785781408102,6.788727844690531,6.710785781408102,6.749756813049316,510500,0.0,0.0
2023-08-21 00:00:00-04:00,6.796520178122339,6.812108140155975,6.7107837853509995,6.78093147277832,243500,0.0,0.0
2023-08-22 00:00:00-04:00,6.8199024928279846,6.843284807533631,6.7653435107446835,6.78093147277832,234500,0.0,0.0
2023-08-23 00:00:00-04:00,6.75754976272583,6.765344116095264,6.710784385819675,6.75754976272583,232500,0.0,0.0
2023-08-24 00:00:00-04:00,6.726372765993117,6.780931750309418,6.671813781676817,6.679607391357422,228600,0.0,0.0
2023-08-25 00:00:00-04:00,6.718577345199203,6.796519376101006,6.718577345199203,6.765342712402344,261100,0.0,0.0
2023-08-28 00:00:00-04:00,6.780932079523683,6.835491809799271,6.726373092558544,6.75754976272583,324400,0.0,0.0
2023-08-29 00:00:00-04:00,6.780932348634918,6.843285691444076,6.765344384587869,6.819903373718262,257000,0.0,0.0
2023-08-30 00:00:00-04:00,6.866668805740634,6.866668805740634,6.819903426615799,6.835492134094238,194200,0.0,0.0
2023-08-31 00:00:00-04:00,6.890050050828789,6.890050050828789,6.788725697927146,6.804313659667969,213700,0.0,0.0
2023-09-01 00:00:00-04:00,6.874462999930556,6.913434028625488,6.84328632563672,6.913434028625488,328100,0.0,0.0
2023-09-05 00:00:00-04:00,6.929021962814174,6.929021962814174,6.83549195038863,6.84328556060791,247700,0.0,0.0
2023-09-06 00:00:00-04:00,6.858874337816896,6.88225665533481,6.679607921351632,6.695196628570557,301400,0.0,0.0
2023-09-07 00:00:00-04:00,6.664018087607825,6.749753723324205,6.664018087607825,6.702989101409912,294300,0.0,0.0
2023-09-08 00:00:00-04:00,6.702989872589039,6.749754499883603,6.695195520269829,6.7107834815979,254000,0.0,0.0
2023-09-11 00:00:00-04:00,6.757549970825307,6.773137934733759,6.671814311052643,6.695196628570557,246900,0.0,0.0
2023-09-12 00:00:00-04:00,6.726371696951443,6.788725024348767,6.726371696951443,6.765342712402344,301200,0.0,0.0
2023-09-13 00:00:00-04:00,6.788727499453263,6.812109819924655,6.695197474257133,6.72637414932251,249800,0.0,0.0
2023-09-14 00:00:00-04:00,6.804313365195079,6.858873087202681,6.749754386497814,6.796519756317139,524100,0.0,0.0
2023-09-15 00:00:00-04:00,6.788725024348767,6.81210733629519,6.741959657145626,6.765342712402344,277700,0.0,0.0
2023-09-18 00:00:00-04:00,6.765344358260629,6.835492054475572,6.757550004612196,6.812108993530273,223300,0.0,0.0
2023-09-19 00:00:00-04:00,6.8588742676673995,6.866668621197144,6.804314536269651,6.84328556060791,279000,0.0,0.0
2023-09-20 00:00:00-04:00,6.8276977803550185,6.921227795294206,6.8276977803550185,6.835492134094238,355600,0.0,0.0
2023-09-21 00:00:00-04:00,6.804312984542951,6.851078351746091,6.757548360650104,6.765342712402344,202300,0.0,0.0
2023-09-22 00:00:00-04:00,6.796521029543884,6.897845397042082,6.796521029543884,6.812108993530273,404400,0.0,0.0
2023-09-25 00:00:00-04:00,6.804314042464099,6.921227106994213,6.77313737391815,6.8978447914123535,319100,0.0,0.0
2023-09-26 00:00:00-04:00,6.866667893381552,6.874461502774769,6.773137147559106,6.788725852966309,347500,0.0,0.0
2023-09-27 00:00:00-04:00,6.812109072876579,6.89784547738703,6.812109072876579,6.835492134094238,429600,0.0,0.0
2023-09-28 00:00:00-04:00,6.819902069571633,6.851078735014404,6.788725404128861,6.796519756317139,252500,0.0,0.0
2023-09-29 00:00:00-04:00,6.796522112090142,6.852427454148502,6.708669989823391,6.716656684875488,454000,0.21,0.0
2023-10-02 00:00:00-04:00,6.70068401271975,6.748602659413467,6.532967225985427,6.540953159332275,564100,0.0,0.0
2023-10-03 00:00:00-04:00,6.509006674939313,6.5489393854269915,6.389209305129378,6.469074726104736,539500,0.0,0.0
2023-10-04 00:00:00-04:00,6.453100820644295,6.469074208221855,6.341289773387018,6.389208793640137,355400,0.0,0.0
2023-10-05 00:00:00-04:00,6.341289782130536,6.4451141357421875,6.341289782130536,6.4451141357421875,205100,0.0,0.0
2023-10-06 00:00:00-04:00,6.461087691630591,6.524979720387009,6.381222274858536,6.477060317993164,211400,0.0,0.0
2023-10-09 00:00:00-04:00,6.548938939631088,6.6288043551698905,6.532966313515159,6.6208176612854,379200,0.0,0.0
2023-10-10 00:00:00-04:00,6.692696422980569,6.740615063268097,6.636791088760769,6.700683116912842,506200,0.0,0.0
2023-10-11 00:00:00-04:00,6.676722415503558,6.7885338352199005,6.676722415503558,6.780547142028809,496800,0.0,0.0
2023-10-12 00:00:00-04:00,6.772559475204172,6.788532859289999,6.692694839733662,6.724640846252441,280600,0.0,0.0
2023-10-13 00:00:00-04:00,6.764575486475484,6.836454212187574,6.7565887921401195,6.820480823516846,324600,0.0,0.0
2023-10-16 00:00:00-04:00,6.804507741192809,6.88437239424323,6.804507741192809,6.860413074493408,293600,0.0,0.0
2023-10-17 00:00:00-04:00,6.812493357513102,6.892358768513999,6.812493357513102,6.836453437805176,302700,0.0,0.0
2023-10-18 00:00:00-04:00,6.844438378047293,6.868398454868334,6.804506439984685,6.812492370605469,216600,0.0,0.0
2023-10-19 00:00:00-04:00,6.780546518297983,6.844438534643439,6.732627886865349,6.7885332107543945,494400,0.0,0.0
2023-10-20 00:00:00-04:00,6.788534917771254,6.788534917771254,6.676723480224609,6.676723480224609,309900,0.0,0.0
2023-10-23 00:00:00-04:00,6.612831108700493,6.6447771232680095,6.54893907956546,6.5569257736206055,514600,0.0,0.0
2023-10-24 00:00:00-04:00,6.564911684543017,6.668736409915392,6.55692499144061,6.588871002197266,549600,0.0,0.0
2023-10-25 00:00:00-04:00,6.54893907956546,6.604845176298414,6.516993064997943,6.5569257736206055,367600,0.0,0.0
2023-10-26 00:00:00-04:00,6.46108803167658,6.524980063795625,6.421155321188901,6.469074726104736,532900,0.0,0.0
2023-10-27 00:00:00-04:00,6.477060690544,6.477060690544,6.357263320148415,6.3652496337890625,846600,0.0,0.0
2023-10-30 00:00:00-04:00,6.365248667489982,6.4051817529372475,6.301356644757943,6.309343338012695,940300,0.0,0.0
2023-10-31 00:00:00-04:00,6.3333023505571004,6.389208058163563,6.28538333582005,6.341289043426514,1151400,0.0,0.0
2023-11-01 00:00:00-04:00,6.373235690998729,6.540952068947957,6.325316671466589,6.532966136932373,564000,0.0,0.0
2023-11-02 00:00:00-04:00,6.548938842802951,6.764575004577637,6.548938842802951,6.764575004577637,609100,0.0,0.0
2023-11-03 00:00:00-04:00,6.788535102043719,6.796521796725226,6.7086696785348945,6.748602390289307,519300,0.0,0.0
2023-11-06 00:00:00-05:00,6.764575760641026,6.7725616936469635,6.636791692708536,6.652764320373535,325600,0.0,0.0
2023-11-07 00:00:00-05:00,6.572898392978027,6.588871781071065,6.4770603493789976,6.501020431518555,868400,0.0,0.0
2023-11-08 00:00:00-05:00,6.485045568432465,6.501018952892432,6.365247850767838,6.405180931091309,1003500,0.0,0.0
2023-11-09 00:00:00-05:00,6.429141192459531,6.461087204428835,6.405181873895805,6.421154499053955,469900,0.0,0.0
2023-11-10 00:00:00-05:00,6.493034512229727,6.501021207229229,6.445115103885871,6.485047817230225,298400,0.0,0.0
2023-11-13 00:00:00-05:00,6.501019615179172,6.524978932657068,6.437127594136136,6.509005546569824,382200,0.0,0.0
2023-11-14 00:00:00-05:00,6.572897615992449,6.684709034467232,6.572897615992449,6.588871002197266,816200,0.0,0.0
2023-11-15 00:00:00-05:00,6.6208175017135105,6.66873690221247,6.612830808021512,6.644776821136475,429200,0.0,0.0
2023-11-16 00:00:00-05:00,6.604845015052171,6.612830947259288,6.532966293616791,6.58088493347168,454000,0.0,0.0
2023-11-17 00:00:00-05:00,6.6208176411194515,6.700683056414996,6.548938919684071,6.58088493347168,1489400,0.0,0.0
2023-11-20 00:00:00-05:00,6.628805324174201,6.628805324174201,6.556926592012597,6.604846000671387,912800,0.0,0.0
2023-11-21 00:00:00-05:00,6.604845015052171,6.6208176411194515,6.564912307404399,6.58088493347168,811300,0.0,0.0
2023-11-22 00:00:00-05:00,6.548939415401647,6.676723480224609,6.5329667881253295,6.676723480224609,692100,0.0,0.0
2023-11-24 00:00:00-05:00,6.708668877792398,6.740614891052246,6.684709558260771,6.740614891052246,396400,0.0,0.0
2023-11-27 00:00:00-05:00,6.748600160728307,6.748600160728307,6.692694839733662,6.724640846252441,465800,0.0,0.0
2023-11-28 00:00:00-05:00,6.7326297436579035,6.780548388306025,6.652764320373535,6.652764320373535,818000,0.0,0.0
2023-11-29 00:00:00-05:00,6.6687359717734545,6.740613920013752,6.6687359717734545,6.684708595275879,700000,0.0,0.0
2023-11-30 00:00:00-05:00,6.692695204045429,6.844438552856445,6.692695204045429,6.844438552856445,939500,0.0,0.0
2023-12-01 00:00:00-05:00,6.844439234213848,6.908331257089709,6.812493222775917,6.900345325469971,1108100,0.0,0.0
2023-12-04 00:00:00-05:00,6.90034546194469,6.908331393722374,6.7805473454433445,6.836453437805176,888500,0.0,0.0
2023-12-05 00:00:00-05:00,6.860411900997575,6.86839859343238,6.708667791347929,6.732627868652344,776400,0.0,0.0
2023-12-06 00:00:00-05:00,6.7246432138208325,6.756589231586957,6.628805160522461,6.628805160522461,746100,0.0,0.0
2023-12-07 00:00:00-05:00,6.676723821556049,6.700683906175086,6.6128317858782415,6.668737888336182,618100,0.0,0.0
2023-12-08 00:00:00-05:00,6.684709725059804,6.788534461158238,6.6607504049303365,6.772561073303223,669400,0.0,0.0
2023-12-11 00:00:00-05:00,6.8284678111068695,6.8284678111068695,6.684710353508896,6.692697048187256,620700,0.0,0.0
2023-12-12 00:00:00-05:00,6.676723642697596,6.684710337356658,6.5808855917482285,6.652764320373535,625500,0.0,0.0
2023-12-13 00:00:00-05:00,6.660751033752102,6.756589084970814,6.62081832199769,6.748602390289307,536900,0.0,0.0
2023-12-14 00:00:00-05:00,6.868398454868334,6.900344462310159,6.804506439984685,6.812492370605469,726400,0.0,0.0
2023-12-15 00:00:00-05:00,6.860412711131947,6.860412711131947,6.740614595421855,6.756587982177734,446900,0.0,0.0
2023-12-18 00:00:00-05:00,6.860411937811771,6.876384561114181,6.780546536340974,6.844438552856445,747600,0.0,0.0
2023-12-19 00:00:00-05:00,6.860413074493408,6.892359088044184,6.812493673340722,6.860413074493408,502500,0.0,0.0
2023-12-20 00:00:00-05:00,6.884372854893573,6.908332176246572,6.820480823516846,6.820480823516846,805600,0.0,0.0
2023-12-21 00:00:00-05:00,6.860414666292753,6.90034738290994,6.84444127498459,6.892360687255859,726100,0.0,0.0
2023-12-22 00:00:00-05:00,6.924305587794368,6.948264909226526,6.876386183276957,6.916318893432617,582000,0.0,0.0
2023-12-26 00:00:00-05:00,6.956250679871643,7.036116089577681,6.94826398657044,7.012156009674072,1060700,0.0,0.0
2023-12-27 00:00:00-05:00,7.028129737198482,7.044102362922696,6.988197030408399,7.0041704177856445,765200,0.0,0.0
2023-12-28 00:00:00-05:00,7.012156338398362,7.052089045123394,6.988197019024555,7.020143032073975,572300,0.0,0.0
2023-12-29 00:00:00-05:00,7.044102021225889,7.052088714527091,7.012156009674072,7.012156009674072,775700,0.0,0.0
2024-01-02 00:00:00-05:00,7.143223495848108,7.151414671927985,7.003963346525584,7.044922351837158,871000,0.22,0.0
2024-01-03 00:00:00-05:00,7.077690881695293,7.216951060174688,7.028539908785066,7.192375183105469,939100,0.0,0.0
2024-01-04 00:00:00-05:00,7.19237518310547,7.249718115038768,7.167800087264462,7.192375183105469,667400,0.0,0.0
2024-01-05 00:00:00-05:00,7.175992046287535,7.200567142128542,7.118649114354235,7.192375183105469,765800,0.0,0.0
2024-01-08 00:00:00-05:00,7.167800631947849,7.208759648947491,7.10226651723973,7.184184551239014,690500,0.0,0.0
2024-01-09 00:00:00-05:00,7.167800426483154,7.167800426483154,7.077691216649535,7.167800426483154,538600,0.0,0.0
2024-01-10 00:00:00-05:00,7.241527112635253,7.282486131933171,7.17599299424991,7.257910251617432,1151400,0.0,0.0
2024-01-11 00:00:00-05:00,7.290676066779305,7.331635079088259,7.12684079877167,7.143224716186523,1245300,0.0,0.0
2024-01-12 00:00:00-05:00,7.216950194924477,7.24971724586007,7.094073167994915,7.1350321769714355,855800,0.0,0.0
2024-01-16 00:00:00-05:00,7.135033989425265,7.151417128440676,6.971198693129571,6.995773792266846,803200,0.0,0.0
2024-01-17 00:00:00-05:00,6.938431262969971,6.98758145861715,6.881088326410562,6.938431262969971,687500,0.0,0.0
2024-01-18 00:00:00-05:00,6.995773418301105,7.020348516124694,6.864705188270927,6.938431262969971,958800,0.0,0.0
2024-01-19 00:00:00-05:00,6.9630080599752615,6.9630080599752615,6.840131759643555,6.840131759643555,806100,0.0,0.0
2024-01-22 00:00:00-05:00,6.840130456093015,7.0203488914041206,6.840130456093015,6.995773792266846,630600,0.0,0.0
2024-01-23 00:00:00-05:00,6.979390653251434,7.0039657523887096,6.938431633870431,6.995773792266846,487500,0.0,0.0
2024-01-24 00:00:00-05:00,7.044923719490195,7.126840964788147,6.995772747328865,7.118649005889893,587400,0.0,0.0
2024-01-25 00:00:00-05:00,7.184184551239014,7.192375729656326,7.110458476885313,7.184184551239014,388300,0.0,0.0
2024-01-26 00:00:00-05:00,7.192375063672068,7.3644022941589355,7.159608009352103,7.3644022941589355,737300,0.0,0.0
2024-01-29 00:00:00-05:00,7.364402252967369,7.364402252967369,7.16779992814724,7.282485008239746,664900,0.0,0.0
2024-01-30 00:00:00-05:00,7.274293319466403,7.290676456528896,7.208759208759985,7.266101360321045,353300,0.0,0.0
2024-01-31 00:00:00-05:00,7.225142854081379,7.2824857909045,7.0531156060685705,7.085882663726807,671900,0.0,0.0
2024-02-01 00:00:00-05:00,7.126840334900971,7.282484415298822,7.126840334900971,7.208758354187012,545800,0.0,0.0
2024-02-02 00:00:00-05:00,7.1350321769714355,7.184183143988884,7.094073167994915,7.1350321769714355,420400,0.0,0.0
2024-02-05 00:00:00-05:00,7.118649721385043,7.126841681106671,7.003965410195356,7.085882663726807,495400,0.0,0.0
2024-02-06 00:00:00-05:00,7.126841205430934,7.151416301727295,7.077691012838213,7.151416301727295,404300,0.0,0.0
2024-02-07 00:00:00-05:00,7.192374581037117,7.192374581037117,7.028539320431244,7.053114414215088,455300,0.0,0.0
2024-02-08 00:00:00-05:00,7.02854060983994,7.102266685944909,7.012157471387885,7.094074726104736,409900,0.0,0.0
2024-02-09 00:00:00-05:00,7.077690112278006,7.110457163579974,7.0039640515415496,7.012156009674072,397400,0.0,0.0
2024-02-12 00:00:00-05:00,7.053114159018394,7.151415311825173,7.01215593126999,7.1350321769714355,390200,0.0,0.0
2024-02-13 00:00:00-05:00,7.118648518457437,7.118648518457437,7.0039642266473985,7.053114414215088,350300,0.0,0.0
2024-02-14 00:00:00-05:00,7.085881917091457,7.126840930155493,7.053114862885867,7.10226583480835,360200,0.0,0.0
2024-02-15 00:00:00-05:00,7.110457772247677,7.241525988675215,7.110457772247677,7.2169508934021,425800,0.0,0.0
2024-02-16 00:00:00-05:00,7.241524610344154,7.2988667488098145,7.167798557329421,7.2988667488098145,530900,0.0,0.0
2024-02-20 00:00:00-05:00,7.298866730271586,7.364400825845334,7.2824835969921695,7.348017692565918,607300,0.0,0.0
2024-02-21 00:00:00-05:00,7.3725949688496035,7.470896141353539,7.348019871030688,7.462704181671143,625700,0.0,0.0
2024-02-22 00:00:00-05:00,7.470892314526763,7.520043266216199,7.3889751033482005,7.5118513107299805,547200,0.0,0.0
2024-02-23 00:00:00-05:00,7.388976858725015,7.503661137865773,7.388976858725015,7.438127040863037,341400,0.0,0.0
2024-02-26 00:00:00-05:00,7.397170747553636,7.49547192910587,7.388979568345542,7.413554668426514,311600,0.0,0.0
2024-02-27 00:00:00-05:00,7.388978183039381,7.503662482734816,7.3807862241387925,7.4954705238342285,388300,0.0,0.0
2024-02-28 00:00:00-05:00,7.4954712391724545,7.520047118219644,7.45451300321702,7.462704181671143,279100,0.0,0.0
2024-02-29 00:00:00-05:00,7.479084270012981,7.561001481191543,7.479084270012981,7.5118513107299805,258100,0.0,0.0
2024-03-01 00:00:00-05:00,7.544621129931508,7.6429222882842245,7.544621129931508,7.5691962242126465,601300,0.0,0.0
2024-03-04 00:00:00-05:00,7.5691973838978095,7.618348361218725,7.520047187805176,7.520047187805176,597900,0.0,0.0
2024-03-05 00:00:00-05:00,7.536431077796421,7.626541081667857,7.479088916226132,7.503664016723633,617300,0.0,0.0
2024-03-06 00:00:00-05:00,7.61015579344096,7.7002649998969614,7.5691967791506976,7.692073822021484,625200,0.0,0.0
2024-03-07 00:00:00-05:00,7.700267299801763,7.773993391298995,7.6593090545063705,7.765801429748535,396200,0.0,0.0
2024-03-08 00:00:00-05:00,7.74941597329092,7.765799110270093,7.675689903814091,7.692073822021484,390200,0.0,0.0
2024-03-11 00:00:00-04:00,7.692073826448284,7.782183032956143,7.692073826448284,7.757607936859131,387200,0.0,0.0
2024-03-12 00:00:00-04:00,7.814950569313151,7.905059781368863,7.749416454867494,7.888676643371582,520800,0.0,0.0
2024-03-13 00:00:00-04:00,7.913252363189953,7.954211383246108,7.7658002034791265,7.78218412399292,515300,0.0,0.0
2024-03-14 00:00:00-04:00,7.814950601662262,7.864101578314093,7.692074331875089,7.7084574699401855,304200,0.0,0.0
2024-03-15 00:00:00-04:00,7.733031825067365,7.806757892351238,7.67568967550355,7.790374755859375,328100,0.0,0.0
2024-03-18 00:00:00-04:00,7.7903763128825565,7.905060634931562,7.7903763128825565,7.880485534667969,313600,0.0,0.0
2024-03-19 00:00:00-04:00,7.8067588464325075,7.888676882587794,7.8067588464325075,7.855909824371338,365100,0.0,0.0
2024-03-20 00:00:00-04:00,7.864102049256816,7.97878636626519,7.8477181289822955,7.97059440612793,287800,0.0,0.0
2024-03-21 00:00:00-04:00,7.986975193023682,8.027934196412994,7.946016189634368,7.986975193023682,308400,0.0,0.0
2024-03-22 00:00:00-04:00,7.97059440612793,8.027937345860433,7.946019306944466,7.97059440612793,471600,0.0,0.0
2024-03-25 00:00:00-04:00,8.003361735047994,8.093470947112515,8.003361735047994,8.019744873046875,534100,0.0,0.0
2024-03-26 00:00:00-04:00,8.068896088596913,8.093471186937577,8.027937070543613,8.052512168884277,450700,0.0,0.0
2024-03-27 00:00:00-04:00,8.093470000913175,8.17538724378726,8.068894906173767,8.150812149047852,347600,0.0,0.0
2024-03-28 00:00:00-04:00,8.175387692325188,8.249113761816526,8.142620637132174,8.199963569641113,460500,0.0,0.0
2024-04-01 00:00:00-04:00,8.273690257460665,8.273690257460665,8.150813205382569,8.159005165100098,600700,0.0,0.0
2024-04-02 00:00:00-04:00,8.17538854102604,8.19996442089323,8.109854423836804,8.1917724609375,458300,0.0,0.0
2024-04-03 00:00:00-04:00,8.298263806476703,8.314646941625497,8.191770693711083,8.21634578704834,444300,0.0,0.0
2024-04-04 00:00:00-04:00,8.274974473832636,8.283350145671822,8.05721179850198,8.132591247558594,749100,0.22,0.0
2024-04-05 00:00:00-04:00,8.140971183776855,8.224725549796586,8.057216019008678,8.140971183776855,625400,0.0,0.0
2024-04-08 00:00:00-04:00,8.166092440331251,8.216345668336238,8.065586783069238,8.099088668823242,506400,0.0,0.0
2024-04-09 00:00:00-04:00,8.107466577051186,8.132592798612807,8.015335766744943,8.048837661743164,296900,0.0,0.0
2024-04-10 00:00:00-04:00,8.032088787059067,8.04883933867397,7.9650849831027575,8.023713111877441,327600,0.0,0.0
2024-04-11 00:00:00-04:00,8.048834762414412,8.048834762414412,7.898076688602162,8.0069580078125,409700,0.0,0.0
2024-04-12 00:00:00-04:00,8.115842118447944,8.182846712696927,8.015336425196839,8.0404634475708,841500,0.0,0.0
2024-04-15 00:00:00-04:00,8.065589202975502,8.140968668224987,7.822700258698384,7.8478264808654785,773800,0.0,0.0
2024-04-16 00:00:00-04:00,7.872951003584571,7.914828563988879,7.78082100969352,7.881326675415039,574800,0.0,0.0
2024-04-17 00:00:00-04:00,7.864577672372429,7.9985852529403125,7.864577672372429,7.990209579467773,359300,0.0,0.0
2024-04-18 00:00:00-04:00,7.965083686493597,8.01533613190623,7.9064547685145685,7.9399566650390625,546100,0.0,0.0
2024-04-19 00:00:00-04:00,7.9567056922658095,8.140966468788768,7.939954349514638,8.124215126037598,512900,0.0,0.0
2024-04-22 00:00:00-04:00,8.124216262306922,8.174469498840969,8.07396382452097,8.166093826293945,379200,0.0,0.0
2024-04-23 00:00:00-04:00,8.124216262306922,8.199595717733946,8.124216262306922,8.166093826293945,445500,0.0,0.0
2024-04-24 00:00:00-04:00,8.19122004518692,8.19122004518692,8.124216262306922,8.166093826293945,268200,0.0,0.0
2024-04-25 00:00:00-04:00,8.157719515752337,8.258225206852675,8.090715721685445,8.233098983764648,456500,0.0,0.0
2024-04-26 00:00:00-04:00,8.241472772883741,8.266598990225399,8.166093322110724,8.174468994140625,361900,0.0,0.0
2024-04-29 00:00:00-04:00,8.149341792488936,8.199595024776022,8.115839903880222,8.132591247558594,641400,0.0,0.0
2024-04-30 00:00:00-04:00,8.149341681950663,8.149341681950663,8.006959256355938,8.015334129333496,320700,0.0,0.0
2024-05-01 00:00:00-04:00,7.965083179455749,8.073964535916286,7.87295237081705,7.948331832885742,605300,0.0,0.0
2024-05-02 00:00:00-04:00,7.956708805347418,8.065590179586177,7.948333130694829,8.032088279724121,324900,0.0,0.0
2024-05-03 00:00:00-04:00,8.107466582658173,8.107466582658173,7.9818338772668245,7.998585224151611,612200,0.0,0.0
2024-05-06 00:00:00-04:00,7.998586885080912,8.09071691583375,7.998586885080912,8.023713111877441,450000,0.0,0.0
2024-05-07 00:00:00-04:00,8.15771904893754,8.207972290986149,8.115841480355064,8.182846069335938,352100,0.0,0.0
2024-05-08 00:00:00-04:00,8.166096364247116,8.283353420103658,8.166096364247116,8.25822639465332,701100,0.0,0.0
2024-05-09 00:00:00-04:00,8.249846896067776,8.358727417022816,8.249846896067776,8.316850662231445,479200,0.0,0.0
2024-05-10 00:00:00-04:00,8.31685412572238,8.350356022755825,8.191221412785783,8.233098983764648,300800,0.0,0.0
2024-05-13 00:00:00-04:00,8.291725450134944,8.300101122409869,8.174469233278277,8.19959545135498,439200,0.0,0.0
2024-05-14 00:00:00-04:00,8.224723309819229,8.258225206852675,8.166095189697756,8.233098983764648,377000,0.0,0.0
2024-05-15 00:00:00-04:00,8.3084779415636,8.3084779415636,8.207972256635193,8.241474151611328,267700,0.0,0.0
2024-05-16 00:00:00-04:00,8.308479646805651,8.325230198357533,8.249851518251553,8.25822639465332,258000,0.0,0.0
2024-05-17 00:00:00-04:00,8.300101965194374,8.375481425826516,8.24984952393838,8.333603858947754,298400,0.0,0.0
2024-05-20 00:00:00-04:00,8.350354937044084,8.43410926936386,8.308477371510133,8.367105484008789,379400,0.0,0.0
2024-05-21 00:00:00-04:00,8.367105989524559,8.417359230951078,8.341979768185386,8.35873031616211,291700,0.0,0.0
2024-05-22 00:00:00-04:00,8.325228489677578,8.325228489677578,8.22472280474917,8.241474151611328,194200,0.0,0.0
2024-05-23 00:00:00-04:00,8.258224734286573,8.274976081218837,8.166094722403672,8.182846069335938,449400,0.0,0.0
2024-05-24 00:00:00-04:00,8.224725048647494,8.241476400079815,8.157721240415007,8.19122314453125,230700,0.0,0.0
2024-05-28 00:00:00-04:00,8.249848926124692,8.291725691220762,8.140967579629102,8.224721908569336,458900,0.0,0.0
2024-05-29 00:00:00-04:00,8.140966225702739,8.191218654959764,8.040460568440725,8.099088668823242,451300,0.0,0.0
2024-05-30 00:00:00-04:00,8.099089382124626,8.182844503260084,8.023709932852322,8.073963165283203,447100,0.0,0.0
2024-05-31 00:00:00-04:00,8.08233722207476,8.29172420501709,8.08233722207476,8.29172420501709,393800,0.0,0.0
2024-06-03 00:00:00-04:00,8.249848954267994,8.27497517316097,8.07396382452097,8.166093826293945,445000,0.0,0.0
2024-06-04 00:00:00-04:00,8.14934501394689,8.25822639465332,8.040464431988807,8.25822639465332,507900,0.0,0.0
2024-06-05 00:00:00-04:00,8.283351330032199,8.425734576664313,8.191220524124274,8.40898323059082,487200,0.0,0.0
2024-06-06 00:00:00-04:00,8.408981492674966,8.52623849471104,8.40060582136925,8.50948715209961,508600,0.0,0.0
2024-06-07 00:00:00-04:00,8.492736608236159,8.635119825441398,8.459234721761277,8.50948715209961,516800,0.0,0.0
2024-06-10 00:00:00-04:00,8.534616177805903,8.668624566583752,8.501114280298502,8.526241302490234,432500,0.0,0.0
2024-06-11 00:00:00-04:00,8.526241164528754,8.551367387565682,8.400608451847656,8.425735473632812,400700,0.0,0.0
2024-06-12 00:00:00-04:00,8.534613367268776,8.568115253743656,8.459234721761277,8.50948715209961,382600,0.0,0.0
2024-06-13 00:00:00-04:00,8.551364973618883,8.551364973618883,8.417357423586337,8.475985527038574,327100,0.0,0.0
2024-06-14 00:00:00-04:00,8.41735993590412,8.568118075313306,8.41735993590412,8.526241302490234,458100,0.0,0.0
2024-06-17 00:00:00-04:00,8.526241302490234,8.576493749377216,8.484363730918922,8.526241302490234,402800,0.0,0.0
2024-06-18 00:00:00-04:00,8.626742875875541,8.668620427450968,8.54298777272469,8.559739112854004,423800,0.0,0.0
2024-06-20 00:00:00-04:00,8.584867190260885,8.744000962338538,8.542989629583177,8.676997184753418,843600,0.0,0.0
2024-06-21 00:00:00-04:00,8.676999753546152,8.76075489969696,8.584869731778877,8.668624877929688,575200,0.0,0.0
2024-06-24 00:00:00-04:00,8.74400520324707,8.978519337284151,8.668626515965602,8.74400520324707,867200,0.0,0.0
2024-06-25 00:00:00-04:00,8.752376426354767,8.919885866339218,8.752376426354767,8.844507217407227,667400,0.0,0.0
2024-06-26 00:00:00-04:00,8.869636578463401,8.869636578463401,8.78588142940163,8.81100845336914,390600,0.0,0.0
2024-06-27 00:00:00-04:00,8.836131545721,8.903135321714782,8.836131545721,8.844507217407227,421000,0.0,0.0
2024-06-28 00:00:00-04:00,8.989922194820002,9.032690778515876,8.784633971971271,8.835955619812012,512100,0.22,0.0
2024-07-01 00:00:00-04:00,8.835953529915885,8.912936799211655,8.69054086918892,8.758970260620117,631300,0.0,0.0
2024-07-02 00:00:00-04:00,8.75041959646116,8.870171483317542,8.75041959646116,8.85306453704834,403500,0.0,0.0
2024-07-03 00:00:00-04:00,8.921492305108659,8.972813950176105,8.85306290119017,8.887277603149414,183900,0.0,0.0
2024-07-05 00:00:00-04:00,8.921492642731224,8.964260409991642,8.878724059727935,8.938599586486816,319900,0.0,0.0
2024-07-08 00:00:00-04:00,9.07545617622991,9.49458720809346,8.930043519087127,9.066903114318848,1066600,0.0,0.0
2024-07-09 00:00:00-04:00,9.066906839494452,9.066906839494452,8.947154950369647,9.007030487060547,437000,0.0,0.0
2024-07-10 00:00:00-04:00,9.024135009078114,9.118225220913319,8.938597859596861,9.015581130981445,486400,0.0,0.0
2024-07-11 00:00:00-04:00,9.032688211585707,9.12677841638355,8.998473517500797,9.049795150756836,278800,0.0,0.0
2024-07-12 00:00:00-04:00,9.092564001926496,9.126778697063628,9.058349306789363,9.084010124206543,293100,0.0,0.0
2024-07-15 00:00:00-04:00,9.084010148640656,9.12677872161278,8.998473818439091,9.024134635925293,557800,0.0,0.0
2024-07-16 00:00:00-04:00,8.981367793251433,9.066904955674772,8.912938389609897,8.947153091430664,597900,0.0,0.0
2024-07-17 00:00:00-04:00,8.938599586486816,9.00702899299493,8.861616300229471,8.938599586486816,490000,0.0,0.0
2024-07-18 00:00:00-04:00,8.99847428715344,8.99847428715344,8.887276317930892,8.97281265258789,423500,0.0,0.0
2024-07-19 00:00:00-04:00,8.99847592898857,9.041243696248987,8.921492642731224,8.938599586486816,1502200,0.0,0.0
2024-07-22 00:00:00-04:00,8.981366014953506,9.152439490185039,8.964258259559015,9.143885612487793,400500,0.0,0.0
2024-07-23 00:00:00-04:00,9.126782376185352,9.160997085114866,8.989923540467293,9.007030487060547,354800,0.0,0.0
2024-07-24 00:00:00-04:00,8.981368208412565,9.032690671387503,8.853063274589536,8.878724098205566,337700,0.0,0.0
2024-07-25 00:00:00-04:00,8.853063607797441,8.955707721867716,8.853063607797441,8.930046081542969,238000,0.0,0.0
2024-07-26 00:00:00-04:00,8.930046081542969,8.998476306666056,8.887278312487533,8.930046081542969,290700,0.0,0.0
2024-07-29 00:00:00-04:00,8.998475862285815,8.998475862285815,8.878723993912862,8.921492576599121,292500,0.0,0.0
2024-07-30 00:00:00-04:00,8.912937537936331,8.972813056465576,8.870168960811402,8.904383659362793,285500,0.0,0.0
2024-07-31 00:00:00-04:00,9.101119932746206,9.101119932746206,8.930045602725624,8.981368064880371,313000,0.0,0.0
2024-08-01 00:00:00-04:00,8.998476034805348,8.998476034805348,8.810294756823698,8.895831108093262,396400,0.0,0.0
2024-08-02 00:00:00-04:00,8.810291167137349,8.827398104124017,8.622109965828702,8.750414848327637,436000,0.0,0.0
2024-08-05 00:00:00-04:00,8.5451272335238,8.562234987301071,8.314178267728815,8.459590911865234,876600,0.0,0.0
2024-08-06 00:00:00-04:00,8.46814525970049,8.70764895451801,8.433930562689804,8.673434257507324,513100,0.0,0.0
2024-08-07 00:00:00-04:00,8.767522601056854,8.870166670204512,8.70764709798969,8.750414848327637,403000,0.0,0.0
2024-08-08 00:00:00-04:00,8.835955619812012,8.912938907316008,8.707650684467277,8.835955619812012,471600,0.0,0.0
2024-08-09 00:00:00-04:00,8.85306088628133,8.895828642189546,8.76752374297959,8.827399253845215,309400,0.0,0.0
2024-08-12 00:00:00-04:00,8.87872170297479,8.904382519668252,8.784631497937,8.827399253845215,261500,0.0,0.0
2024-08-13 00:00:00-04:00,8.801738739013672,8.827399556587189,8.72475547055044,8.801738739013672,325500,0.0,0.0
2024-08-14 00:00:00-04:00,8.776077897040121,8.87872198279149,8.767524019291837,8.861614227294922,413200,0.0,0.0
2024-08-15 00:00:00-04:00,8.938599520227905,8.964260343542515,8.861616234541211,8.921492576599121,309200,0.0,0.0
2024-08-16 00:00:00-04:00,8.810294284147592,8.981367793251433,8.784633461717725,8.947153091430664,355500,0.0,0.0
2024-08-19 00:00:00-04:00,8.947150610718554,9.109670195370857,8.912935918384248,9.101117134094238,316900,0.0,0.0
2024-08-20 00:00:00-04:00,9.143887661299338,9.143887661299338,8.955707204251619,9.041243553161621,472600,0.0,0.0
2024-08-21 00:00:00-04:00,9.058349913679857,9.101118489402346,8.972812762234879,9.032689094543457,347200,0.0,0.0
2024-08-22 00:00:00-04:00,9.058350180149947,9.058350180149947,8.930044449208102,8.964259147644043,366800,0.0,0.0
2024-08-23 00:00:00-04:00,9.024134887092924,9.11822509765625,8.97281243494939,9.11822509765625,328300,0.0,0.0
2024-08-26 00:00:00-04:00,9.229423343782074,9.229423343782074,9.109671495647811,9.152440071105957,395800,0.0,0.0
2024-08-27 00:00:00-04:00,9.084009380055779,9.143884887705163,9.066902441759932,9.101117134094238,303800,0.0,0.0
2024-08-28 00:00:00-04:00,9.109672273074894,9.118226152045064,9.032689809571757,9.075457572937012,318100,0.0,0.0
2024-08-29 00:00:00-04:00,9.07545518705646,9.19520701392844,9.049794372634816,9.186653137207031,283700,0.0,0.0
2024-08-30 00:00:00-04:00,9.152438446063977,9.19520701392844,9.135331508363743,9.186653137207031,305600,0.0,0.0
2024-09-03 00:00:00-04:00,9.126778672835977,9.178100307534098,9.015580709999814,9.143885612487793,313400,0.0,0.0
2024-09-04 00:00:00-04:00,9.143886192865782,9.195208646564103,9.066903735932392,9.152440071105957,293600,0.0,0.0
2024-09-05 00:00:00-04:00,9.20376223602594,9.289298568515706,9.186654480082366,9.280745506286621,512300,0.0,0.0
2024-09-06 00:00:00-04:00,9.332066843113816,9.332066843113816,9.126778672835977,9.143885612487793,473100,0.0,0.0
2024-09-09 00:00:00-04:00,9.169549363071,9.220871009620646,9.152441603725874,9.160995483398438,251000,0.0,0.0
2024-09-10 00:00:00-04:00,9.229422757974897,9.229422757974897,9.084010100092426,9.143885612487793,342800,0.0,0.0
2024-09-11 00:00:00-04:00,9.212314767371259,9.212314767371259,9.058348249356225,9.186653137207031,326700,0.0,0.0
2024-09-12 00:00:00-04:00,9.195209370117848,9.297853469848633,9.160994670207586,9.297853469848633,273200,0.0,0.0
2024-09-13 00:00:00-04:00,9.340622594252215,9.366283416748047,9.280747069847664,9.366283416748047,248900,0.0,0.0
2024-09-16 00:00:00-04:00,9.383390971208073,9.477481195472107,9.383390971208073,9.451820373535156,269100,0.0,0.0
2024-09-17 00:00:00-04:00,9.49458919011552,9.563018594144873,9.460374488100843,9.545910835266113,294300,0.0,0.0
2024-09-18 00:00:00-04:00,9.563017769513424,9.580124711174188,9.434712036215224,9.443265914916992,365600,0.0,0.0
2024-09-19 00:00:00-04:00,9.545910701279354,9.571571523494475,9.374837193607163,9.409051895141602,490100,0.0,0.0
2024-09-20 00:00:00-04:00,9.460372321073102,9.571569465342442,9.374835177758442,9.511693954467773,607300,0.0,0.0
2024-09-23 00:00:00-04:00,9.53735848611851,9.74264754688853,9.53735848611851,9.73409366607666,625900,0.0,0.0
2024-09-24 00:00:00-04:00,9.836736135688314,9.862396958069072,9.725538151047914,9.768306732177734,725900,0.0,0.0
2024-09-25 00:00:00-04:00,9.793967179472652,9.853843517058413,9.742645536676635,9.776860237121582,652500,0.0,0.0
2024-09-26 00:00:00-04:00,9.759751373443272,9.802519948090334,9.6314464652448,9.640000343322754,668600,0.0,0.0
2024-09-27 00:00:00-04:00,9.657107171690164,9.716982686055722,9.52024838700163,9.580123901367188,317800,0.0,0.0
2024-09-30 00:00:00-04:00,9.702499653732627,9.711240010570856,9.597607035615841,9.615089416503906,312300,0.24,0.0
2024-10-01 00:00:00-04:00,9.67627518645471,9.79864934052289,9.597606146954147,9.77242660522461,565400,0.0,0.0
2024-10-02 00:00:00-04:00,9.833614472092387,9.894801139831543,9.693758755199562,9.894801139831543,375200,0.0,0.0
2024-10-03 00:00:00-04:00,9.990950843518563,10.052137500681939,9.833612772406244,10.008432388305664,511400,0.0,0.0
2024-10-04 00:00:00-04:00,10.11332574288077,10.253181457519531,10.025916338034452,10.253181457519531,531500,0.0,0.0
2024-10-07 00:00:00-04:00,10.32310937842412,10.410518776750402,10.235699146492085,10.261921882629395,905000,0.0,0.0
2024-10-08 00:00:00-04:00,10.270667079128758,10.288149465777343,10.052142247657935,10.11332893371582,486600,0.0,0.0
2024-10-09 00:00:00-04:00,10.104586716911031,10.209478516706602,10.104586716911031,10.165773391723633,508900,0.0,0.0
2024-10-10 00:00:00-04:00,10.235699596454962,10.261922333745026,10.14828936068036,10.183253288269043,218800,0.0,0.0
2024-10-11 00:00:00-04:00,10.279403433241681,10.279403433241681,10.191993208360833,10.218215942382812,443800,0.0,0.0
2024-10-14 00:00:00-04:00,10.21821713726316,10.384296417236328,10.19199440017479,10.384296417236328,346200,0.0,0.0
2024-10-15 00:00:00-04:00,10.340590924647076,10.340590924647076,10.218216766663376,10.261921882629395,312800,0.0,0.0
2024-10-16 00:00:00-04:00,10.270664335839243,10.3318510055542,10.244441596476527,10.3318510055542,251100,0.0,0.0
2024-10-17 00:00:00-04:00,10.384298042251805,10.384298042251805,10.183254803498079,10.209478378295898,417000,0.0,0.0
2024-10-18 00:00:00-04:00,10.288144560447579,10.314367294311523,10.209475525250067,10.314367294311523,265900,0.0,0.0
2024-10-21 00:00:00-04:00,10.305627566167669,10.340591494144936,10.2444409006089,10.288146018981934,623200,0.0,0.0
2024-10-22 00:00:00-04:00,10.253181200714577,10.288145962104341,10.200735725841518,10.235699653625488,286800,0.0,0.0
2024-10-23 00:00:00-04:00,10.183255710140358,10.27940715908116,10.03465877414638,10.15703296661377,320900,0.0,0.0
2024-10-24 00:00:00-04:00,10.122065923829643,10.244440078735352,10.122065923829643,10.244440078735352,239600,0.0,0.0
2024-10-25 00:00:00-04:00,10.314368957878349,10.34933288653804,10.165772052673212,10.253181457519531,196800,0.0,0.0
2024-10-28 00:00:00-04:00,10.15703206230617,10.226959927888533,10.148290870706896,10.209478378295898,155400,0.0,0.0
2024-10-29 00:00:00-04:00,10.21821773836374,10.21821773836374,10.017175352850007,10.052139282226562,308100,0.0,0.0
2024-10-30 00:00:00-04:00,10.03465722288506,10.174513778487025,9.990952934965671,10.017175674438477,279100,0.0,0.0
2024-10-31 00:00:00-04:00,10.069622431352583,10.095845171982573,9.990953375856721,10.0433988571167,229400,0.0,0.0
2024-11-01 00:00:00-04:00,10.052142247657935,10.148292873406909,10.017178307966846,10.11332893371582,490400,0.0,0.0
2024-11-04 00:00:00-05:00,10.130810037001632,10.183255523091475,10.078363717305818,10.14829158782959,302900,0.0,0.0
2024-11-05 00:00:00-05:00,10.183252150747352,10.454223184495127,10.122065492703468,10.428000450134277,436400,0.0,0.0
2024-11-06 00:00:00-05:00,10.489188674525726,10.812605225290906,10.480447483898224,10.777641296386719,730300,0.0,0.0
2024-11-07 00:00:00-05:00,10.856308372272725,11.004905251517485,10.795121716209236,10.978682518005371,372800,0.0,0.0
2024-11-08 00:00:00-05:00,11.07483424610683,11.214689950828326,10.882532235311896,11.197208404541016,569100,0.0,0.0
2024-11-11 00:00:00-05:00,11.345803824372622,11.40699131693446,11.19720777170855,11.267135620117188,591500,0.0,0.0
2024-11-12 00:00:00-05:00,11.319583914573792,11.345806655869838,11.179728182853658,11.214692115783691,535400,0.0,0.0
2024-11-13 00:00:00-05:00,11.310840608835704,11.345804535230647,11.118539430466404,11.205948829650879,415000,0.0,0.0
2024-11-14 00:00:00-05:00,11.205949997351041,11.249655118300389,10.98742522621015,11.004907608032227,525200,0.0,0.0
2024-11-15 00:00:00-05:00,11.040094586807138,11.19843800002933,10.978515800447262,11.154454231262207,396000,0.08,0.0
2024-11-18 00:00:00-05:00,11.260016496228324,11.356781959533691,11.216031889658034,11.356781959533691,393100,0.0,0.0
2024-11-19 00:00:00-05:00,11.418360671847767,11.479939460754395,11.374376901261579,11.479939460754395,359600,0.0,0.0
2024-11-20 00:00:00-05:00,11.576704978942871,11.655877108627564,11.497532849258178,11.576704978942871,492800,0.0,0.0
2024-11-21 00:00:00-05:00,11.541516184440143,11.840610490692725,11.497531579590664,11.761438369750977,588200,0.0,0.0
2024-11-22 00:00:00-05:00,11.76143823829054,11.928579567063066,11.717453633932687,11.902188301086426,462300,0.0,0.0
2024-11-25 00:00:00-05:00,11.902187823522693,11.902187823522693,11.655875223512947,11.735047340393066,381500,0.0,0.0
2024-11-26 00:00:00-05:00,11.664673849032068,11.761439316339589,11.620689240642603,11.682267189025879,335000,0.0,0.0
2024-11-27 00:00:00-05:00,11.664673671311672,11.88459587097168,11.629486152923533,11.88459587097168,401900,0.0,0.0
2024-11-29 00:00:00-05:00,11.990158838643413,12.042939698573175,11.858205010945722,12.034143447875977,382500,0.0,0.0
2024-12-02 00:00:00-05:00,11.963768758420342,12.042940050629433,11.840612016756202,11.928581237792969,491400,0.0,0.0
2024-12-03 00:00:00-05:00,11.875798568590458,11.902188997173967,11.65587637287582,11.770236015319824,488200,0.0,0.0
2024-12-04 00:00:00-05:00,11.787828859818946,11.823016376098478,11.409563269548103,11.444750785827637,610200,0.0,0.0
2024-12-05 00:00:00-05:00,11.427157460112674,11.629486323006004,11.427157460112674,11.603095054626465,371900,0.0,0.0
2024-12-06 00:00:00-05:00,11.541517659019442,11.752642782547053,11.515127228312657,11.611892700195312,467600,0.0,0.0
2024-12-09 00:00:00-05:00,11.611892450386254,11.717455009879071,11.471142371062498,11.479939460754395,251700,0.0,0.0
2024-12-10 00:00:00-05:00,11.559109420050502,11.611890270419735,11.268812226210246,11.286405563354492,385800,0.0,0.0
2024-12-11 00:00:00-05:00,11.374376332212622,11.42715718985013,11.277610028316177,11.312797546386719,389900,0.0,0.0
2024-12-12 00:00:00-05:00,11.312798457255496,11.330392637175695,11.163251283680504,11.295205116271973,355500,0.0,0.0
2024-12-13 00:00:00-05:00,11.31279598853911,11.321593076579479,11.207233448864152,11.286405563354492,356100,0.0,0.0
2024-12-16 00:00:00-05:00,11.286405721227744,11.330666304660877,11.082808219315913,11.14477252960205,579200,0.08,0.0
2024-12-17 00:00:00-05:00,11.047399568297184,11.10936472553826,10.711021145333396,10.772985458374023,598100,0.0,0.0
2024-12-18 00:00:00-05:00,10.92347139991125,11.056252317476265,10.6225004196167,10.6225004196167,711900,0.0,0.0
2024-12-19 00:00:00-05:00,10.666759233974407,10.746428108952031,10.36578830370354,10.454309463500977,714200,0.0,0.0
2024-12-20 00:00:00-05:00,10.38349516141589,10.746431350708008,10.38349516141589,10.746431350708008,329600,0.0,0.0
2024-12-23 00:00:00-05:00,10.70216869478607,10.89691476103292,10.70216869478607,10.861506462097168,246300,0.0,0.0
2024-12-24 00:00:00-05:00,10.826098097859514,11.065104766021824,10.7287254798307,11.029696464538574,153300,0.0,0.0
2024-12-26 00:00:00-05:00,11.065106197338883,11.073958484904901,10.87036009188955,10.879212379455566,232400,0.0,0.0
2024-12-27 00:00:00-05:00,10.808394713766118,10.941175637510945,10.746430395245268,10.799542427062988,278400,0.0,0.0
2024-12-30 00:00:00-05:00,10.737576567673678,11.109364113847406,10.640203960514045,11.065103530883789,482400,0.0,0.0
2024-12-31 00:00:00-05:00,11.038548689296555,11.3129628132087,10.985435815268126,11.250998497009277,567700,0.0,0.0
2025-01-02 00:00:00-05:00,11.295258197138025,11.543116286660682,11.224441600131554,11.525412559509277,681700,0.0,0.0
2025-01-03 00:00:00-05:00,11.613934621024741,11.808680714025312,11.551970300424786,11.693603515625,640300,0.0,0.0
2025-01-06 00:00:00-05:00,11.658194148723807,11.693602449295005,11.525413232631927,11.560821533203125,359900,0.0,0.0
2025-01-07 00:00:00-05:00,11.578525036333945,11.65819392212072,11.357222951015329,11.42803955078125,407800,0.0,0.0
2025-01-08 00:00:00-05:00,11.454595118302377,11.543116286660682,11.374927079820415,11.525412559509277,420400,0.0,0.0
2025-01-10 00:00:00-05:00,11.463448132769395,11.569673035032375,11.366075516745118,11.419187545776367,536800,0.0,0.0
2025-01-13 00:00:00-05:00,11.330666544126913,11.640488946305904,11.304110531185955,11.357222557067871,570200,0.0,0.0
2025-01-14 00:00:00-05:00,11.357221852117746,11.667045079266238,11.357221852117746,11.569671630859375,455500,0.0,0.0
2025-01-15 00:00:00-05:00,11.703271720605763,11.729991280524638,11.542952662293514,11.596392631530762,677500,0.08,0.0
2025-01-16 00:00:00-05:00,11.55185938923191,11.70327164343969,11.542952586184514,11.57857894897461,1124600,0.0,0.0
2025-01-17 00:00:00-05:00,11.58748637847881,11.712178230285645,11.578579574949883,11.712178230285645,1036100,0.0,0.0
2025-01-21 00:00:00-05:00,11.783430110345003,12.041722297668457,11.756710551083756,12.041722297668457,772200,0.0,0.0
2025-01-22 00:00:00-05:00,12.068441390991211,12.13078730999356,11.836869621269003,12.068441390991211,786800,0.0,0.0
2025-01-23 00:00:00-05:00,11.997191471482667,12.157509707703618,11.925938733295657,12.032817840576172,532800,0.0,0.0
2025-01-24 00:00:00-05:00,11.97937652168755,12.148602392994254,11.97937652168755,12.077349662780762,365300,0.0,0.0
2025-01-27 00:00:00-05:00,12.059536359271478,12.059536359271478,11.587486797367674,11.649832725524902,471100,0.0,0.0
2025-01-28 00:00:00-05:00,11.685459694363738,11.80124560220007,11.542954222995826,11.729992866516113,568500,0.0,0.0
2025-01-29 00:00:00-05:00,11.703272368964221,11.899216951757257,11.65873920036597,11.783431053161621,324700,0.0,0.0
2025-01-30 00:00:00-05:00,11.845777577448578,12.03281620207038,11.845777577448578,11.934843063354492,331400,0.0,0.0
2025-01-31 00:00:00-05:00,12.07735092878422,12.07735092878422,11.84577910661617,11.961565017700195,449700,0.0,0.0
2025-02-03 00:00:00-05:00,11.91703030593312,12.023909398659931,11.712178074490419,11.934843063354492,402900,0.0,0.0
2025-02-04 00:00:00-05:00,11.91703091006267,12.139695910214664,11.854684981827972,12.015003204345703,348100,0.0,0.0
2025-02-05 00:00:00-05:00,12.023911035952885,12.095163774139895,11.863591950332296,12.032817840576172,435300,0.0,0.0
2025-02-06 00:00:00-05:00,12.104068911549113,12.104068911549113,11.810151194662009,11.881403923034668,195100,0.0,0.0
2025-02-07 00:00:00-05:00,11.89031182682184,11.979377320830483,11.596394082734074,11.676552772521973,352800,0.0,0.0
2025-02-10 00:00:00-05:00,11.738896989242244,11.943748345188332,11.721083384690715,11.819056510925293,316200,0.0,0.0
2025-02-11 00:00:00-05:00,11.810153168681586,11.810153168681586,11.542954967923244,11.605300903320312,365600,0.0,0.0
2025-02-12 00:00:00-05:00,11.50732754927153,11.65873982092507,11.462794378302915,11.480607986450195,284400,0.0,0.0
2025-02-13 00:00:00-05:00,11.534045608706494,11.596392379695903,11.382633356788537,11.48951244354248,793200,0.0,0.0
2025-02-14 00:00:00-05:00,11.614986664733188,11.713570348504081,11.516402980962296,11.62394905090332,393400,0.08,0.0
2025-02-18 00:00:00-05:00,11.62394689683839,11.69564426351264,11.570173444482688,11.614984512329102,352300,0.0,0.0
2025-02-19 00:00:00-05:00,11.659795580175516,11.758379245677604,11.570173444482688,11.614984512329102,215400,0.0,0.0
2025-02-20 00:00:00-05:00,11.606023012295736,11.722531455695318,11.507439339280747,11.650834083557129,382700,0.0,0.0
2025-02-21 00:00:00-05:00,11.570174354429657,11.668758882385045,11.435741995017887,11.4984769821167,274600,0.0,0.0
2025-02-24 00:00:00-05:00,11.507438428900567,11.614984478599634,11.31027024376893,11.346118927001953,394900,0.0,0.0
2025-02-25 00:00:00-05:00,11.417816176523818,11.417816176523818,11.014518280607987,11.265459060668945,414200,0.0,0.0
2025-02-26 00:00:00-05:00,11.265459867124967,11.364044393088403,11.12206512539642,11.256498336791992,294200,0.0,0.0
2025-02-27 00:00:00-05:00,11.36404604557099,11.36404604557099,11.09518043838331,11.13102912902832,556800,0.0,0.0
2025-02-28 00:00:00-05:00,11.220648624980733,11.471589400051547,11.166875174401271,11.444703102111816,520900,0.0,0.0
2025-03-03 00:00:00-05:00,11.49847572854893,11.588097861519538,11.346118615318897,11.373004913330078,378900,0.0,0.0
2025-03-04 00:00:00-05:00,11.211685702330508,11.301306976058912,11.023479916390908,11.157912254333496,733500,0.0,0.0
2025-03-05 00:00:00-05:00,11.113102519135195,11.211687043136111,10.978670165115842,11.095178604125977,470700,0.0,0.0
2025-03-06 00:00:00-05:00,10.951783073640843,11.014518053688622,10.691879914542902,10.718766212463379,733400,0.0,0.0
2025-03-07 00:00:00-05:00,10.754613879448357,10.969705951909344,10.691878905322216,10.906970977783203,469900,0.0,0.0
2025-03-10 00:00:00-04:00,10.915936295402235,10.951784983782039,10.656033090973617,10.871125221252441,378600,0.0,0.0
2025-03-11 00:00:00-04:00,10.799426014046459,11.014518107868296,10.77253971599373,10.835274696350098,560600,0.0,0.0
2025-03-12 00:00:00-04:00,10.862160612520038,11.166874828738088,10.862160612520038,11.050366401672363,381900,0.0,0.0
2025-03-13 00:00:00-04:00,11.113099268239678,11.175835089170096,10.960742189079795,11.005553245544434,288500,0.0,0.0
2025-03-14 00:00:00-04:00,11.050661084309397,11.285205934204585,11.050661084309397,11.258142471313477,251400,0.08,0.0
2025-03-17 00:00:00-04:00,11.194997845978975,11.47464765037323,11.194997845978975,11.402480125427246,389300,0.0,0.0
2025-03-18 00:00:00-04:00,11.447582687399446,11.528771357430697,11.34835256864161,11.438562393188477,215700,0.0,0.0
2025-03-19 00:00:00-04:00,11.438561928360778,11.591918107675744,11.438561928360778,11.519750595092773,231800,0.0,0.0
2025-03-20 00:00:00-04:00,11.501708517915857,11.646043545982138,11.474645915229585,11.582897186279297,245700,0.0,0.0
2025-03-21 00:00:00-04:00,11.546811709867013,11.61897921315394,11.51072795822355,11.555832862854004,185500,0.0,0.0
2025-03-24 00:00:00-04:00,11.655062964797406,11.718209315097342,11.51974911121054,11.555832862854004,467500,0.0,0.0
2025-03-25 00:00:00-04:00,11.618982378613449,11.682128746116897,11.609961223168748,11.664087295532227,341900,0.0,0.0
2025-03-26 00:00:00-04:00,11.700171057006301,11.772338579954448,11.63702382919812,11.664087295532227,208700,0.0,0.0
2025-03-27 00:00:00-04:00,11.718211767213202,11.718211767213202,11.564855575561523,11.564855575561523,296000,0.0,0.0
2025-03-28 00:00:00-04:00,11.546813312866211,11.655064582824707,11.501708401974017,11.655064582824707,309400,0.0,0.0
2025-03-31 00:00:00-04:00,11.664087167441629,11.71821237890599,11.555835884208182,11.573877334594727,394400,0.0,0.0
2025-04-01 00:00:00-04:00,11.55583641964312,11.745276389155459,11.546815263879493,11.70017147064209,321100,0.0,0.0
2025-04-02 00:00:00-04:00,11.682126465905956,11.763315128451755,11.628001264411802,11.718210220336914,340500,0.0,0.0
2025-04-03 00:00:00-04:00,11.402477726056265,11.591917654252686,11.27618415382379,11.3212890625,483000,0.0,0.0
2025-04-04 00:00:00-04:00,10.915348892677711,10.987516417562789,10.148567865392796,10.202693939208984,1611400,0.0,0.0
2025-04-07 00:00:00-04:00,9.95912797230619,9.95912797230619,8.858571919084223,9.760666847229004,2108400,0.0,0.0
2025-04-08 00:00:00-04:00,10.274861445998594,10.37409157746463,9.34570305920625,9.46297550201416,1833000,0.0,0.0
2025-04-09 00:00:00-04:00,9.417871985153049,10.265841817677229,9.29157922818915,10.166611671447754,1413600,0.0,0.0
2025-04-10 00:00:00-04:00,9.796749139589751,9.977168786384093,9.40884896371304,9.7516450881958,1278600,0.0,0.0
2025-04-11 00:00:00-04:00,9.841853336597211,10.103460773086157,9.67045571695462,10.022272109985352,570500,0.0,0.0
2025-04-14 00:00:00-04:00,10.211712787833674,10.428216192120276,10.184650184912089,10.328985214233398,573900,0.0,0.0
2025-04-15 00:00:00-04:00,10.347152688332038,10.665106806950744,10.310815050022539,10.501587867736816,326200,0.08,0.0
2025-04-16 00:00:00-04:00,10.547009265855463,10.674191433117528,10.456165603260535,10.501587867736816,379800,0.0,0.0
2025-04-17 00:00:00-04:00,10.528843671202457,10.810460226171598,10.510674414052001,10.665109634399414,288500,0.0,0.0
2025-04-21 00:00:00-04:00,10.628770860124538,10.656023876604351,10.183634503403901,10.301732063293457,479700,0.0,0.0
2025-04-22 00:00:00-04:00,10.437999454430717,10.6378569577349,10.383493413939144,10.556097030639648,316500,0.0,0.0
2025-04-23 00:00:00-04:00,10.665111343034646,10.792293564389837,10.565183011771426,10.62877368927002,344200,0.0,0.0
2025-04-24 00:00:00-04:00,10.719615869573248,10.901304097933918,10.60151830454936,10.883134841918945,362900,0.0,0.0
2025-04-25 00:00:00-04:00,10.892219053186484,10.892219053186484,10.71961545943717,10.81045913696289,291300,0.0,0.0
2025-04-28 00:00:00-04:00,10.864967476896568,10.919474383724019,10.75595452959956,10.892220497131348,282900,0.0,0.0
2025-04-29 00:00:00-04:00,10.864965513158594,10.928556170998977,10.783205600873682,10.87405014038086,284400,0.0,0.0
2025-04-30 00:00:00-04:00,10.846797948257324,10.864967205531974,10.501590723617676,10.6741943359375,514200,0.0,0.0
2025-05-01 00:00:00-04:00,10.637855130696254,10.937640900985743,10.637855130696254,10.737783432006836,245200,0.0,0.0
2025-05-02 00:00:00-04:00,10.783206120340953,10.901303680846388,10.737783848399204,10.81045913696289,300600,0.0,0.0
2025-05-05 00:00:00-04:00,10.71961550672912,10.728700134429104,10.60151794570267,10.656023979187012,340100,0.0,0.0
2025-05-06 00:00:00-04:00,10.637853911478187,10.81954210501834,10.61968465894535,10.683276176452637,415700,0.0,0.0
2025-05-07 00:00:00-04:00,10.683278901801714,10.928557809063182,10.637856625239854,10.828629493713379,461800,0.0,0.0
2025-05-08 00:00:00-04:00,10.983064017285672,11.01031703495032,10.810459550574677,10.883134841918945,323200,0.0,0.0
2025-05-09 00:00:00-04:00,10.928557076818924,11.082992286966936,10.83771339613985,11.028486251831055,350700,0.0,0.0
2025-05-12 00:00:00-04:00,11.282850470184783,11.337356508700111,11.046655326330733,11.319188117980957,558000,0.0,0.0
2025-05-13 00:00:00-04:00,11.35552522320276,11.509960435546942,11.282849931082886,11.391862869262695,442900,0.0,0.0
2025-05-14 00:00:00-04:00,11.355525633353283,11.382778652293132,11.155668139626066,11.291934967041016,350200,0.0,0.0
2025-05-15 00:00:00-04:00,11.291933686412909,11.33764931813921,11.227930232450483,11.310219764709473,234000,0.08,0.0
2025-05-16 00:00:00-04:00,11.291935366249726,11.40165446826074,11.28279188975633,11.355937957763672,281300,0.0,0.0
2025-05-19 00:00:00-04:00,11.24621890633256,11.301078021599839,11.136499803828086,11.200502395629883,243000,0.0,0.0
2025-05-20 00:00:00-04:00,11.154786258040746,11.291935794736256,11.154786258040746,11.237075805664062,210100,0.0,0.0
2025-05-21 00:00:00-04:00,11.136498842489042,11.18221447727548,10.990206718444824,10.990206718444824,358400,0.0,0.0
2025-05-22 00:00:00-04:00,10.990205410081515,10.99934801276849,10.862199380796783,10.981061935424805,216900,0.0,0.0
2025-05-23 00:00:00-04:00,10.853057466455757,11.035922626031324,10.853057466455757,10.999349594116211,142600,0.0,0.0
2025-05-27 00:00:00-04:00,11.072495240054868,11.163928252376772,11.045065685146229,11.11821174621582,301800,0.0,0.0
2025-05-28 00:00:00-04:00,11.145640507228135,11.200500485107604,11.008491870484113,11.017635345458984,376200,0.0,0.0
2025-05-29 00:00:00-04:00,11.090783367376034,11.145642483010585,10.944491229724004,11.07249641418457,297200,0.0,0.0
2025-05-30 00:00:00-04:00,11.081638715681025,11.14564130112446,10.953632672824325,11.11821174621582,286600,0.0,0.0
2025-06-02 00:00:00-04:00,11.173072661135032,11.319364795491971,11.118212674766228,11.301077842712402,374300,0.0,0.0
2025-06-03 00:00:00-04:00,11.32850747424156,11.419939615791959,11.227930984975329,11.383366584777832,379600,0.0,0.0
2025-06-04 00:00:00-04:00,11.301078399606666,11.383367947229983,11.173073211721459,11.237075805664062,292200,0.0,0.0
2025-06-05 00:00:00-04:00,11.319363458894811,11.319363458894811,11.2096443710828,11.264503479003906,222500,0.0,0.0
2025-06-06 00:00:00-04:00,11.346794352691422,11.392510862670441,11.264504809123167,11.301077842712402,210800,0.0,0.0
2025-06-09 00:00:00-04:00,11.273646791102031,11.301076344665479,11.163927704878459,11.18221378326416,350800,0.0,0.0
2025-06-10 00:00:00-04:00,11.127354189459481,11.282789772803694,11.127354189459481,11.21878719329834,345800,0.0,0.0
2025-06-11 00:00:00-04:00,11.218789849116314,11.355938515371985,11.200502895231583,11.291935920715332,247300,0.0,0.0
2025-06-12 00:00:00-04:00,11.291935412123253,11.429084072201707,11.26450498253163,11.410797119140625,247000,0.0,0.0
2025-06-13 00:00:00-04:00,11.512022454160176,11.530426509790582,11.438404476447515,11.484415054321289,339900,0.08,0.0
2025-06-16 00:00:00-04:00,11.484415146262387,11.594842991310951,11.337179189658334,11.392393112182617,238000,0.0,0.0
2025-06-17 00:00:00-04:00,11.337178277624844,11.456807702140779,11.281965237137769,11.318774223327637,261800,0.0,0.0
2025-06-18 00:00:00-04:00,11.318774223327637,11.373987263814712,11.2911677030841,11.318774223327637,291900,0.0,0.0
2025-06-20 00:00:00-04:00,11.364786100044528,11.438404075174581,11.33717870117414,11.383190155029297,362800,0.0,0.0
2025-06-23 00:00:00-04:00,11.429202613018427,11.521225528813584,11.245157659023679,11.30957317352295,481600,0.0,0.0
2025-06-24 00:00:00-04:00,11.208347192031756,11.484414147866755,11.208347192031756,11.466010093688965,535100,0.0,0.0
2025-06-25 00:00:00-04:00,11.466010998690884,11.484415054321289,11.327977509878524,11.484415054321289,410200,0.0,0.0
2025-06-26 00:00:00-04:00,11.484414129535436,11.558032978915435,11.429201089494745,11.502819061279297,558300,0.0,0.0
2025-06-27 00:00:00-04:00,11.502818565849582,11.631650449721445,11.46600958154268,11.585638999938965,279200,0.0,0.0
2025-06-30 00:00:00-04:00,11.66846082484327,11.77888779092625,11.567235447737236,11.705269813537598,534800,0.0,0.0
2025-07-01 00:00:00-04:00,11.622447490613913,11.732874438844535,11.539627060042104,11.576436042785645,236500,0.0,0.0
2025-07-02 00:00:00-04:00,11.548830487211385,11.67766149874846,11.456807583888805,11.631650924682617,247000,0.0,0.0
2025-07-03 00:00:00-04:00,11.594841419053596,11.631650403213321,11.521223450734146,11.604043006896973,193800,0.0,0.0
2025-07-07 00:00:00-04:00,11.512022078628393,11.567235121314033,11.33717872906772,11.401595115661621,271300,0.0,0.0
2025-07-08 00:00:00-04:00,11.364786060416016,11.484414611388596,11.337178661641895,11.456808090209961,230300,0.0,0.0
2025-07-09 00:00:00-04:00,11.392393112182617,11.502820079635656,11.337179189658334,11.392393112182617,258300,0.0,0.0
2025-07-10 00:00:00-04:00,11.38318921399681,11.447604717511595,11.300368779423279,11.438403129577637,222000,0.0,0.0
2025-07-11 00:00:00-04:00,11.410795196590563,11.456806644479107,11.373986213798801,11.447604179382324,290200,0.0,0.0
2025-07-14 00:00:00-04:00,11.447604683837586,11.567234102581299,11.429200630428392,11.5120210647583,361000,0.0,0.0
2025-07-15 00:00:00-04:00,11.586111909285167,11.586111909285167,11.382359098155426,11.419404983520508,221400,0.08,0.0
2025-07-16 00:00:00-04:00,11.382360288380308,11.456452066858064,11.34531439914143,11.400883674621582,283200,0.0,0.0
2025-07-17 00:00:00-04:00,11.391621981500945,11.447190373737428,11.34531439914143,11.400883674621582,259000,0.0,0.0
2025-07-18 00:00:00-04:00,11.437930543249816,11.530544832655409,11.35457706451416,11.35457706451416,610900,0.0,0.0
2025-07-21 00:00:00-04:00,11.72503531493058,11.72503531493058,11.336053025343372,11.410144805908203,542600,0.0,0.0
2025-07-22 00:00:00-04:00,11.29900511518777,11.382358574233399,11.234175039593854,11.289743423461914,567400,0.0,0.0
2025-07-23 00:00:00-04:00,11.280483552431958,11.354575325909046,11.280483552431958,11.336051940917969,341800,0.0,0.0
2025-07-24 00:00:00-04:00,11.336052591197554,11.336052591197554,11.25269912044345,11.280484199523926,475500,0.0,0.0
2025-07-25 00:00:00-04:00,11.299006462097168,11.326790657343242,11.243438071605022,11.299006462097168,275700,0.0,0.0
2025-07-28 00:00:00-04:00,11.345315393217259,11.345315393217259,11.271223608247585,11.308269500732422,319800,0.0,0.0
2025-07-29 00:00:00-04:00,11.252700345290275,11.419407304944393,11.224916146429175,11.38236141204834,354400,0.0,0.0
2025-07-30 00:00:00-04:00,11.382360978002357,11.465714454650879,11.345315086518982,11.465714454650879,435300,0.0,0.0
2025-07-31 00:00:00-04:00,11.382359389506496,11.613896399775744,11.363836887971628,11.521281242370605,426600,0.0,0.0
2025-08-01 00:00:00-04:00,11.502760346134254,11.502760346134254,11.317530888717382,11.465714454650879,284000,0.0,0.0
2025-08-04 00:00:00-04:00,11.39162131854855,11.558327368799961,11.39162131854855,11.502758979797363,279500,0.0,0.0
2025-08-05 00:00:00-04:00,11.502759371860982,11.55832776275759,11.400883399721437,11.5120210647583,331300,0.0,0.0
2025-08-06 00:00:00-04:00,11.502759371860982,11.623158729795163,11.484235986066349,11.5120210647583,287800,0.0,0.0
2025-08-07 00:00:00-04:00,11.613896931460696,11.687988707479294,11.530543462628863,11.604635238647461,297400,0.0,0.0
2025-08-08 00:00:00-04:00,11.697250814067619,11.697250814067619,11.512021367468872,11.56758975982666,208400,0.0,0.0
2025-08-11 00:00:00-04:00,11.558329182493653,11.632421851529516,11.317531320291186,11.38236141204834,462800,0.0,0.0
2025-08-12 00:00:00-04:00,11.410143006731298,11.410143006731298,11.243436968368858,11.271221160888672,549200,0.0,0.0
2025-08-13 00:00:00-04:00,11.373100083705522,11.437931060791016,11.299008295531058,11.437931060791016,247700,0.0,0.0
2025-08-14 00:00:00-04:00,11.428667781875422,11.502759559777074,11.400883585973219,11.447190284729004,327800,0.0,0.0
2025-08-15 00:00:00-04:00,11.475154695894625,11.51244192046384,11.298039712442687,11.316683769226074,373700,0.08,0.0
2025-08-18 00:00:00-04:00,11.316685539982176,11.409903171492479,11.251432220027498,11.307363510131836,297500,0.0,0.0
2025-08-19 00:00:00-04:00,11.279398989505884,11.363294596223113,11.195502493790904,11.28872013092041,273100,0.0,0.0
2025-08-20 00:00:00-04:00,11.307363996724272,11.456512924757273,11.298041966472775,11.419225692749023,301100,0.0,0.0
2025-08-21 00:00:00-04:00,11.326003734172833,11.512440726683922,11.298038540895156,11.447187423706055,249000,0.0,0.0
2025-08-22 00:00:00-04:00,11.409902586170167,11.587017588249916,11.409902586170167,11.484477043151855,325900,0.0,0.0
2025-08-25 00:00:00-04:00,11.484478604365949,11.577697132764127,11.381938934326172,11.381938934326172,330200,0.0,0.0
2025-08-26 00:00:00-04:00,11.326006575206065,11.531086785012425,11.316685434440354,11.521764755249023,582100,0.0,0.0
2025-08-27 00:00:00-04:00,11.531086785012425,11.587018074595136,11.493799554956512,11.521764755249023,267500,0.0,0.0
2025-08-28 00:00:00-04:00,11.559052141166761,11.680235862731934,11.493799709938477,11.680235862731934,291700,0.0,0.0
2025-08-29 00:00:00-04:00,11.680235862731934,11.810741614186204,11.605661401614551,11.680235862731934,408400,0.0,0.0
2025-09-02 00:00:00-04:00,11.652270643059436,11.670914702807227,11.503121721067908,11.531086921691895,316700,0.0,0.0
2025-09-03 00:00:00-04:00,11.465834608859856,11.531087040654915,11.316685685329599,11.391260147094727,636000,0.0,0.0
2025-09-04 00:00:00-04:00,11.419225012567981,11.503121501838722,11.353972582689709,11.43786907196045,303800,0.0,0.0
2025-09-05 00:00:00-04:00,11.456509451131101,11.521761865111504,11.307360568320203,11.447187423706055,247200,0.0,0.0
2025-09-08 00:00:00-04:00,11.493799809772351,11.493799809772351,11.30736365535953,11.391260147094727,344700,0.0,0.0
2025-09-09 00:00:00-04:00,11.391260147094727,11.456512578889788,11.381938117124658,11.391260147094727,246700,0.0,0.0
2025-09-10 00:00:00-04:00,11.42854709302282,11.493799523190903,11.279398173211378,11.298041343688965,646000,0.0,0.0
2025-09-11 00:00:00-04:00,11.39126062110603,11.39126062110603,11.29804209552177,11.353973388671875,422500,0.0,0.0
2025-09-12 00:00:00-04:00,11.363293784462646,11.456512303930644,11.34465061396766,11.372615814208984,213000,0.0,0.0
2025-09-15 00:00:00-04:00,11.428915925648601,11.466449274547873,11.344465666908834,11.381999015808105,243900,0.08,0.0
2025-09-16 00:00:00-04:00,11.381998475088398,11.48521495594153,11.381998475088398,11.41953182220459,222500,0.0,0.0
2025-09-17 00:00:00-04:00,11.46645131206459,11.588434941379358,11.41953439388725,11.56966781616211,254900,0.0,0.0
2025-09-18 00:00:00-04:00,11.616583601412495,11.654116953320706,11.466450193779652,11.55090045928955,322400,0.0,0.0
2025-09-19 00:00:00-04:00,11.597816016567874,11.607199577887995,11.419532825813887,11.466449737548828,219800,0.0,0.0
2025-09-22 00:00:00-04:00,11.447684288024902,11.475834081233787,11.391384701607132,11.447684288024902,315100,0.0,0.0
2025-09-23 00:00:00-04:00,11.447682021441729,11.560282066848822,11.447682021441729,11.45706558227539,311800,0.0,0.0
2025-09-24 00:00:00-04:00,11.51336710738134,11.625967163105972,11.475832860607431,11.55090045928955,257600,0.0,0.0
2025-09-25 00:00:00-04:00,11.560282756781524,11.682266370302417,11.494599616757068,11.607199668884277,206800,0.0,0.0
2025-09-26 00:00:00-04:00,11.738565389566821,11.747948949798024,11.588432005329814,11.691648483276367,226200,0.0,0.0
2025-09-29 00:00:00-04:00,11.691650342707161,11.729183694735687,11.50398358256453,11.644733428955078,398100,0.0,0.0
2025-09-30 00:00:00-04:00,11.654116580987031,11.719799721011487,11.550900090253506,11.607199668884277,438400,0.0,0.0
2025-10-01 00:00:00-04:00,11.616583054575653,11.644732843465269,11.522749231789392,11.588433265686035,212400,0.0,0.0
2025-10-02 00:00:00-04:00,11.607199028988596,11.682265726268367,11.48521542219256,11.503982543945312,233000,0.0,0.0
2025-10-03 00:00:00-04:00,11.541516663920484,11.588433576572267,11.513366874275686,11.532133102416992,246300,0.0,0.0
2025-10-06 00:00:00-04:00,11.616583680916309,11.625967242674008,11.43829958698286,11.47583293914795,362000,0.0,0.0
2025-10-07 00:00:00-04:00,11.428915382700033,11.494598516436973,11.400764701213703,11.41953182220459,426700,0.0,0.0
2025-10-08 00:00:00-04:00,11.419532285789165,11.532132331708823,11.381998937149278,11.503982543945312,426400,0.0,0.0
2025-10-09 00:00:00-04:00,11.550899719627148,11.569665946946708,11.325698727732942,11.353849411010742,526000,0.0,0.0
2025-10-10 00:00:00-04:00,11.353849803195645,11.40076582054794,10.847149119946085,10.912832260131836,1786300,0.0,0.0
2025-10-13 00:00:00-04:00,11.04420016389215,11.12864953761633,10.978516124507927,11.109883308410645,525800,0.0,0.0
2025-10-14 00:00:00-04:00,11.100499375680325,11.250632783775114,11.062966023656628,11.166182518005371,505200,0.0,0.0
2025-10-15 00:00:00-04:00,11.270097705485869,11.374012780641786,11.194522941568428,11.260650634765625,350800,0.08,0.0
2025-10-16 00:00:00-04:00,11.288990637224234,11.383459539998217,11.024478970748195,11.081159591674805,521300,0.0,0.0
2025-10-17 00:00:00-04:00,11.033925754964848,11.100053444637798,10.854435024535123,10.89222240447998,604800,0.0,0.0
2025-10-20 00:00:00-04:00,10.911116797240453,11.071713390950553,10.911116797240453,11.033926010131836,287400,0.0,0.0
2025-10-21 00:00:00-04:00,11.109500714565307,11.109500714565307,10.958351192068726,10.996138572692871,458700,0.0,0.0
2025-10-22 00:00:00-04:00,11.071715354919434,11.100055670330095,10.901671660610704,11.071715354919434,416000,0.0,0.0
2025-10-23 00:00:00-04:00,11.128394043061796,11.203968804912094,11.024478970748195,11.081159591674805,441300,0.0,0.0
2025-10-24 00:00:00-04:00,11.109502590623698,11.118949662605614,10.892224439651503,10.958353042602539,616700,0.0,0.0
2025-10-27 00:00:00-04:00,10.977244319935926,10.977244319935926,10.89222248916839,10.939456939697266,441100,0.0,0.0
2025-10-28 00:00:00-04:00,10.977246285643998,10.996140429607829,10.892224439651503,10.958353042602539,278800,0.0,0.0
2025-10-29 00:00:00-04:00,10.977246001382833,11.0150333874096,10.759968756959509,10.778861999511719,781000,0.0,0.0
2025-10-30 00:00:00-04:00,10.807201547106429,10.93001076821156,10.750520922548542,10.901670455932617,567700,0.0,0.0
2025-10-31 00:00:00-04:00,11.043372124817976,11.118947787002423,10.901669672681853,11.015031814575195,539100,0.0,0.0
2025-11-03 00:00:00-05:00,11.128395833665158,11.137842905647073,10.863884124628129,10.958353042602539,504700,0.0,0.0
2025-11-04 00:00:00-05:00,10.911118169582844,10.920565241206281,10.684393856154367,10.693840026855469,469500,0.0,0.0
2025-11-05 00:00:00-05:00,10.741072800459879,10.844987869262695,10.69383835066871,10.844987869262695,380500,0.0,0.0
2025-11-06 00:00:00-05:00,10.882777160533728,10.958351926849465,10.826095635335784,10.863883018493652,334100,0.0,0.0
2025-11-07 00:00:00-05:00,10.863882179219948,10.939456939697266,10.807200658400854,10.939456939697266,389400,0.0,0.0
2025-11-10 00:00:00-05:00,10.99613868736869,11.090606689453125,10.948904235865358,11.090606689453125,571300,0.0,0.0
2025-11-11 00:00:00-05:00,11.109500996719987,11.232310212098072,11.100053926093462,11.185075759887695,193900,0.0,0.0
2025-11-12 00:00:00-05:00,11.166181618634647,11.241756381802356,11.100053926093462,11.185075759887695,345700,0.0,0.0
2025-11-13 00:00:00-05:00,11.23231035180661,11.307885115914324,11.213416210318556,11.28899097442627,331300,0.0,0.0
2025-11-14 00:00:00-05:00,11.288991032497922,11.507733539729466,11.222417659729016,11.479201316833496,377800,0.08,0.0
2025-11-17 00:00:00-05:00,11.479201999376347,11.479201999376347,11.365075821989164,11.393607139587402,344000,0.0,0.0
2025-11-18 00:00:00-05:00,11.36507511138916,11.431649390948142,11.269970423010035,11.36507511138916,265800,0.0,0.0
2025-11-19 00:00:00-05:00,11.222417831420898,11.28899120520831,11.16535429175012,11.222417831420898,527300,0.0,0.0
2025-11-20 00:00:00-05:00,11.231929002452375,11.3175229547435,11.051228542406799,11.127312660217285,621200,0.0,0.0
2025-11-21 00:00:00-05:00,11.108292300850282,11.18437642014425,10.984655380249023,10.984655380249023,419500,0.0,0.0
2025-11-24 00:00:00-05:00,11.165354313554749,11.298501968383789,11.051228140984513,11.298501968383789,632300,0.0,0.0
2025-11-25 00:00:00-05:00,11.308013437114088,11.41262887528628,11.250949893660186,11.403118133544922,612800,0.0,0.0
2025-11-26 00:00:00-05:00,11.42213798840802,11.517242671278401,11.42213798840802,11.4887113571167,368600,0.0,0.0
2025-11-28 00:00:00-05:00,11.593329259563918,11.840603120494956,11.517245134199648,11.812071800231934,555800,0.0,0.0
2025-12-01 00:00:00-05:00,11.812069358548507,11.812069358548507,11.707453934546363,11.716963768005371,339300,0.0,0.0
2025-12-02 00:00:00-05:00,11.774029432470465,11.774029432470465,11.412629392857333,11.498224258422852,364100,0.0,0.0
2025-12-03 00:00:00-05:00,11.507733654110462,11.716964515462152,11.507733654110462,11.707454681396484,413900,0.0,0.0
2025-12-04 00:00:00-05:00,11.72647530096226,11.869132789423972,11.688433243572858,11.859622955322266,352900,0.0,0.0
2025-12-05 00:00:00-05:00,11.869133949279785,11.907176917380951,11.774029250009711,11.869133949279785,425000,0.0,0.0
2025-12-08 00:00:00-05:00,11.831090675805964,11.831090675805964,11.602838332554343,11.669412612915039,434900,0.0,0.0
2025-12-09 00:00:00-05:00,11.678922169257543,11.774027763514622,11.54577542569063,11.583817481994629,392800,0.0,0.0
2025-12-10 00:00:00-05:00,11.59332896598534,11.65990325423895,11.488713523007231,11.536266326904297,395800,0.0,0.0
2025-12-11 00:00:00-05:00,11.460180741897029,11.574306912498372,11.422138685029914,11.479201316833496,281100,0.0,0.0
2025-12-12 00:00:00-05:00,11.555285695829213,11.564796437012864,11.469691746158958,11.526754379272461,258700,0.0,0.0
2025-12-15 00:00:00-05:00,11.49803543205846,11.632066898500335,11.383150926670757,11.478887557983398,330600,0.08,0.0
2025-12-16 00:00:00-05:00,11.459738802527546,11.459738802527546,11.306559485995905,11.354427337646484,266300,0.0,0.0
2025-12-17 00:00:00-05:00,11.325706520869053,11.431017073443643,11.26826473329046,11.306559562683105,421900,0.0,0.0
2025-12-18 00:00:00-05:00,11.287411841394112,11.36400150119666,11.09593769188775,11.143806457519531,425100,0.0,0.0
2025-12-19 00:00:00-05:00,11.115084463611618,11.392722203987148,11.115084463611618,11.316132545471191,430600,0.0,0.0
2025-12-22 00:00:00-05:00,11.316132438261828,11.469311753842517,11.316132438261828,11.459738731384277,330600,0.0,0.0
2025-12-23 00:00:00-05:00,11.411868982241685,11.488458633422852,11.411868982241685,11.488458633422852,181200,0.0,0.0
2025-12-24 00:00:00-05:00,11.507609239799592,11.67993553943449,11.507609239799592,11.622493743896484,228700,0.0,0.0
2025-12-26 00:00:00-05:00,11.670360684288955,11.708655515974908,11.498034398212564,11.574624061584473,219200,0.0,0.0
2025-12-29 00:00:00-05:00,11.555476228553777,11.622492868997856,11.517181396737508,11.526755332946777,362200,0.0,0.0
2025-12-30 00:00:00-05:00,11.536327194342356,11.7182273844996,11.536327194342356,11.708653450012207,256100,0.0,0.0
2025-12-31 00:00:00-05:00,11.727803114940633,11.871408502160163,11.632065581447089,11.852261543273926,539500,0.0,0.0
2026-01-02 00:00:00-05:00,11.900130308997152,11.900130308997152,11.727803113931909,11.833113670349121,521400,0.0,0.0
2026-01-05 00:00:00-05:00,11.842686944945973,11.871407838179332,11.517180444898802,11.536328315734863,1001700,0.0,0.0
2026-01-06 00:00:00-05:00,11.536327459451547,11.545901394158953,11.364000286800906,11.402295112609863,829800,0.0,0.0
2026-01-07 00:00:00-05:00,11.526753324769164,11.7086535159508,11.440589739938675,11.632063865661621,617500,0.0,0.0
2026-01-08 00:00:00-05:00,11.66078655813776,11.775671042328684,11.632064752324489,11.746950149536133,373200,0.0,0.0
2026-01-09 00:00:00-05:00,11.746952015572244,11.871409541783963,11.746952015572244,11.766098976135254,594500,0.0,0.0
2026-01-12 00:00:00-05:00,11.775671843442558,11.91927723019569,11.766097907520141,11.890556335449219,616300,0.0,0.0
2026-01-13 00:00:00-05:00,11.890554361697568,11.967144010321979,11.890554361697568,11.95757007598877,471400,0.0,0.0
2026-01-14 00:00:00-05:00,11.967145919799805,12.034161644784035,11.938425025238102,11.967145919799805,575400,0.0,0.0
2026-01-15 00:00:00-05:00,11.971966488528562,12.039441045331692,11.933409467602218,11.962327003479004,319400,0.085,0.0
2026-01-16 00:00:00-05:00,11.981604719003652,12.155110835368712,11.981604719003652,12.135832786560059,1167300,0.0,0.0
2026-01-20 00:00:00-05:00,12.049079239810084,12.116553789386046,11.865933639844558,11.875572204589844,796700,0.0,0.0
2026-01-21 00:00:00-05:00,11.894850730895996,12.039439308695549,11.83701474821312,11.894850730895996,686600,0.0,0.0
2026-01-22 00:00:00-05:00,12.000883645808878,12.077997685228821,11.933409091134394,12.058719635009766,407200,0.0,0.0
2026-01-23 00:00:00-05:00,12.097276210742368,12.241864799530306,12.097276210742368,12.116554260253906,386700,0.0,0.0
2026-01-26 00:00:00-05:00,12.174390349797608,12.261143871509262,12.116554362232561,12.23222541809082,403400,0.0,0.0
2026-01-27 00:00:00-05:00,12.174389254270343,12.396091861563868,12.174389254270343,12.299699783325195,300500,0.0,0.0
2026-01-28 00:00:00-05:00,12.357535320546852,12.540681838989258,12.357535320546852,12.540681838989258,303900,0.0,0.0
2026-01-29 00:00:00-05:00,12.579238708342814,12.704549240738455,12.550321176027445,12.646713256835938,540400,0.0,0.0
2026-01-30 00:00:00-05:00,12.704550010569976,12.714188575744629,12.482846464659952,12.714188575744629,301400,0.0,0.0
2026-02-02 00:00:00-05:00,12.62743520838295,12.665992224560702,12.550321176027445,12.646713256835938,343800,0.0,0.0
2026-02-03 00:00:00-05:00,12.550320597995624,12.810580215390697,12.550320597995624,12.77202320098877,357200,0.0,0.0
2026-02-04 00:00:00-05:00,12.800941394857682,12.839498411256251,12.569599296466276,12.723827362060547,380500,0.0,0.0
2026-02-05 00:00:00-05:00,12.608156348640952,12.762384414672852,12.482845815172087,12.762384414672852,430900,0.0,0.0
2026-02-06 00:00:00-05:00,12.75274507331307,12.94553107728022,12.665992474654008,12.91661262512207,293300,0.0,0.0
2026-02-09 00:00:00-05:00,12.839499352767588,13.061202902770553,12.781664283564623,12.945531845092773,367200,0.0,0.0
2026-02-10 00:00:00-05:00,12.964808575978262,13.147955088121241,12.858777013713004,13.080479621887207,296400,0.0,0.0
2026-02-11 00:00:00-05:00,12.993726659000213,13.321461762618213,12.897334576288433,12.91661262512207,795800,0.0,0.0
2026-02-12 00:00:00-05:00,13.06120329025203,13.32146294793009,13.032285754792662,13.109399795532227,479800,0.0,0.0
2026-02-13 00:00:00-05:00,13.153048981664835,13.492544518161125,13.094849244665033,13.356746673583984,543900,0.085,0.0
2026-02-17 00:00:00-05:00,13.385846515262756,13.395546625920698,13.211248223633662,13.279147148132324,466400,0.0,0.0
2026-02-18 00:00:00-05:00,13.317946375891603,13.453745146987204,13.230648157030268,13.288846969604492,318700,0.0,0.0
2026-02-19 00:00:00-05:00,13.29854673218608,13.366445653431049,13.220947700747997,13.269447326660156,287300,0.0,0.0
2026-02-20 00:00:00-05:00,13.337346136099848,13.405245056775627,13.269447215424067,13.366445541381836,214900,0.0,0.0
2026-02-23 00:00:00-05:00,13.473145254405805,13.541044176855015,13.395546221591438,13.511944770812988,308700,0.0,0.0
2026-02-24 00:00:00-05:00,13.541044203939647,13.541044203939647,13.288846884261796,13.385846138000488,228000,0.0,0.0
2026-02-25 00:00:00-05:00,13.502243767713319,13.628342418962697,13.269446684662181,13.541043281555176,447800,0.0,0.0
2026-02-26 00:00:00-05:00,13.5701434440406,13.793241354889133,13.511944632552064,13.735041618347168,402700,0.0,0.0
2026-02-27 00:00:00-05:00,13.82234038820625,13.948439043105067,13.735041248272193,13.841740608215332,488800,0.0,0.0
2026-03-02 00:00:00-05:00,13.938737807456443,14.055136342950776,13.851438674572359,13.909638404846191,455100,0.0,0.0
2026-03-03 00:00:00-05:00,13.977538940258482,13.977538940258482,13.628343293279377,13.638043403625488,482100,0.0,0.0
2026-03-04 00:00:00-05:00,13.550744547846465,13.667143099306749,13.385846368681031,13.62834358215332,248400,0.0,0.0
2026-03-05 00:00:00-05:00,13.589543194612283,13.66714222394905,13.473144650607132,13.531343460083008,369900,0.0,0.0
2026-03-06 00:00:00-05:00,13.570142457882866,13.686540997454552,13.48284332194076,13.579842567443848,402500,0.0,0.0
2026-03-09 00:00:00-04:00,13.628342940362982,13.735041376246867,13.463444768962988,13.492544174194336,494600,0.0,0.0
2026-03-10 00:00:00-04:00,13.38584551133992,13.686541518756542,13.38584551133992,13.531343460083008,383100,0.0,0.0
2026-03-11 00:00:00-04:00,13.521643453439319,13.899939418135768,13.521643453439319,13.841740608215332,483200,0.0,0.0
2026-03-12 00:00:00-04:00,13.880539014222734,13.977537331358445,13.773839662804122,13.783539772033691,420300,0.0,0.0
2026-03-13 00:00:00-04:00,13.778661834462795,13.856727833362406,13.59325531973125,13.720112800598145,183300,0.085,0.0
2026-03-16 00:00:00-04:00,13.817693360909747,13.827451842386948,13.603011421511429,13.72986888885498,301400,0.0,0.0
2026-03-17 00:00:00-04:00,13.710352856520595,13.895759351487316,13.710352856520595,13.72986888885498,239400,0.0,0.0
2026-03-18 00:00:00-04:00,13.729871057636725,13.798179508147166,13.554223016401695,13.573739051818848,357800,0.0,0.0
2026-03-19 00:00:00-04:00,13.534705312686954,13.846969307303489,13.534705312686954,13.739628791809082,392200,0.0,0.0
2026-03-20 00:00:00-04:00,13.759145456828433,13.905518968458912,13.593254980649842,13.632287979125977,388700,0.0,0.0
2026-03-23 00:00:00-04:00,13.485913475341448,13.798178392345797,13.437122925433973,13.671320915222168,358200,0.0,0.0
2026-03-24 00:00:00-04:00,13.700595585356513,14.012859575252243,13.700595585356513,13.87624454498291,362400,0.0,0.0
2026-03-25 00:00:00-04:00,13.915277988542009,14.003102471162645,13.807936540618954,13.886002540588379,197600,0.0,0.0
2026-03-26 00:00:00-04:00,13.846968931362378,14.042134853319126,13.846968931362378,13.97382640838623,235200,0.0,0.0
2026-03-27 00:00:00-04:00,14.0031018354797,14.139716863914375,13.964068837266923,13.993343353271484,515700,0.0,0.0
2026-03-30 00:00:00-04:00,14.120201857984771,14.129959410283192,13.876245368741316,13.95431137084961,380400,0.0,0.0
2026-03-31 00:00:00-04:00,14.042134915969179,14.334881938970243,13.856727475407077,13.934793472290039,829200,0.0,0.0
2026-04-01 00:00:00-04:00,13.846969326847638,13.846969326847638,13.349298817380133,13.43712329864502,788600,0.0,0.0
2026-04-02 00:00:00-04:00,13.681079733548435,13.739628767123786,13.446880807386696,13.456639289855957,393700,0.0,0.0
2026-04-06 00:00:00-04:00,13.554223016401695,13.593256017856163,13.407848562982315,13.573739051818848,300600,0.0,0.0
2026-04-07 00:00:00-04:00,13.573737892585008,13.778661365374994,13.554221858834577,13.71035385131836,447600,0.0,0.0
2026-04-08 00:00:00-04:00,13.554221639681284,13.59325463717112,13.25171521117001,13.544463157653809,606100,0.0,0.0
2026-04-09 00:00:00-04:00,13.544464533383037,13.876245511056105,13.544464533383037,13.573739051818848,308300,0.0,0.0
2026-04-10 00:00:00-04:00,13.563979721643086,13.651804202085483,13.495672206019046,13.515189170837402,157800,0.0,0.0
2026-04-13 00:00:00-04:00,13.768903369428562,13.768903369428562,13.320023409875775,13.398089408874512,494500,0.0,0.0
2026-04-14 00:00:00-04:00,13.37857209735075,13.37857209735075,13.0858241637404,13.310264587402344,425700,0.0,0.0
2026-04-15 00:00:00-04:00,13.324993663717905,13.344633013678543,13.14824419635092,13.158062934875488,501700,0.085,0.0
2026-04-16 00:00:00-04:00,13.256257325560535,13.374090611635276,13.158062452270393,13.29553508758545,342400,0.0,0.0
2026-04-17 00:00:00-04:00,13.128605087025834,13.128605087025834,12.696549680985875,12.981313705444336,1431100,0.0,0.0
2026-04-20 00:00:00-04:00,13.0893269429419,13.197340557203011,12.991132067100352,13.030410766601562,439500,0.0,0.0
2026-04-21 00:00:00-04:00,13.158063176050982,13.187522201531895,12.922396590938277,12.981313705444336,937700,0.0,0.0
2026-04-22 00:00:00-04:00,13.07950764687657,13.23661870360872,13.000952118510494,13.226799964904785,405000,0.0,0.0
2026-04-23 00:00:00-04:00,13.315175462221646,13.315175462221646,13.108966961596893,13.236618995666504,302500,0.0,0.0
2026-04-24 00:00:00-04:00,13.216979712540965,13.29553523747641,13.108966099868658,13.177701950073242,435800,0.0,0.0
2026-04-27 00:00:00-04:00,13.266078567685467,13.344634101017327,13.19734177367822,13.315176010131836,405700,0.0,0.0
2026-04-28 00:00:00-04:00,13.393730279643075,13.6195771825475,13.364271255081485,13.550841331481934,489400,0.0,0.0
2026-04-29 00:00:00-04:00,13.63921778700312,13.806148529052734,13.599940020430024,13.806148529052734,321200,0.0,0.0
2026-04-30 00:00:00-04:00,13.796327968968399,14.11055008141193,13.717772440857516,13.992716789245605,694100,0.0,0.0
2026-05-01 00:00:00-04:00,13.9927166762914,14.04181411507831,13.76686976890967,13.83560562133789,407500,0.0,0.0
2026-05-04 00:00:00-04:00,13.88470354863582,13.98289749320868,13.786508667607169,13.943619728088379,212700,0.0,0.0
2026-05-05 00:00:00-04:00,13.904341095602312,14.022174383612668,13.874883007713656,13.884702682495117,393600,0.0,0.0
2026-05-06 00:00:00-04:00,13.747230800181164,13.747230800181164,13.521383886534105,13.541022300720215,430800,0.0,0.0
2026-05-07 00:00:00-04:00,13.433008417341625,13.531202359252347,13.27589736111986,13.501744270324707,425900,0.0,0.0
2026-05-08 00:00:00-04:00,13.51156444056176,13.560661881544098,13.334814027607662,13.364272117614746,332600,0.0,0.0
2026-05-11 00:00:00-04:00,13.42318832609014,13.619577140279223,13.344632800414507,13.580299377441406,588100,0.0,0.0
2026-05-12 00:00:00-04:00,13.65885499411748,13.786507958304789,13.5606610545966,13.76686954498291,244600,0.0,0.0
2026-05-13 00:00:00-04:00,13.786508140062708,13.865063667297363,13.619577410575125,13.865063667297363,223800,0.0,0.0
2026-05-14 00:00:00-04:00,13.865063889146432,14.208745028638965,13.85524421397104,14.179286003112793,398000,0.0,0.0
2026-05-15 00:00:00-04:00,14.223734528520524,14.263244865577496,14.045938482764518,14.213857650756836,379000,0.085,0.0
2026-05-18 00:00:00-04:00,14.124960488320488,14.322512192226899,14.124960488320488,14.253369331359863,313100,0.0,0.0
2026-05-19 00:00:00-04:00,14.322511445894124,14.411409943519798,14.223735128087645,14.371899604797363,350000,0.0,0.0
2026-05-20 00:00:00-04:00,14.332388889592762,14.52006275809433,14.134837201169859,14.164469718933105,392700,0.0,0.0
2026-05-21 00:00:00-04:00,14.243491193941736,14.31263405327129,14.045939494428143,14.07557201385498,521400,0.0,0.0
2026-05-22 00:00:00-04:00,14.08544905536252,14.124959393080196,13.947162402350274,13.996550559997559,672200,0.0,0.0
2026-05-26 00:00:00-04:00,13.947163376165399,13.99655153726105,13.798999834879266,13.828632354736328,702100,0.0,0.0
2026-05-27 00:00:00-04:00,13.77924421743453,13.818754557979112,13.611325034619847,13.660713195800781,382900,0.0,0.0
2026-05-28 00:00:00-04:00,13.47303904011813,13.759489238749635,13.47303904011813,13.680468559265137,455400,0.0,0.0
2026-05-29 00:00:00-04:00,13.640958240186617,13.650835118636538,13.40389525937321,13.51254940032959,570900,0.0,0.0
2026-06-01 00:00:00-04:00,13.482916192349748,13.729856056253595,13.482916192349748,13.660713195800781,415400,0.0,0.0
2026-06-02 00:00:00-04:00,13.65083436017639,13.808875710603784,13.542181167257743,13.798998832702637,495000,0.0,0.0
2026-06-03 00:00:00-04:00,13.8977755544671,14.006429699931138,13.749612009562668,13.838510513305664,273200,0.0,0.0
2026-06-04 00:00:00-04:00,13.78912100155203,14.01630520710589,13.78912100155203,13.966917991638184,189800,0.0,0.0
2026-06-05 00:00:00-04:00,14.006429126487044,14.075571985678188,13.848387767192541,13.878020286560059,282600,0.0,0.0
2026-06-08 00:00:00-04:00,13.907651735755435,14.055815263192876,13.7101000518386,13.818753242492676,347400,0.0,0.0
2026-06-09 00:00:00-04:00,13.828631526824303,13.828631526824303,13.552059160048032,13.719978332519531,452400,0.0,0.0
2026-06-10 00:00:00-04:00,13.82863217499382,13.976795714354143,13.749611495068205,13.907652854919434,192600,0.0,0.0
2026-06-11 00:00:00-04:00,13.917530697093932,13.99655137714266,13.729855875477593,13.739733695983887,272700,0.0,0.0
2026-06-12 00:00:00-04:00,13.660712662340046,13.917530336851328,13.640957963839602,13.897774696350098,243400,0.0,0.0
2026-06-15 00:00:00-04:00,13.664240835903207,13.713929173942644,13.554927250397421,13.61455249786377,442900,0.085,0.0
2026-06-16 00:00:00-04:00,13.465488622486983,13.604614833699525,13.21704787649175,13.495301246643066,349000,0.0,0.0
2026-06-17 00:00:00-04:00,13.535051923750759,13.535051923750759,13.26673640701488,13.326361656188965,796200,0.0,0.0
2026-06-18 00:00:00-04:00,13.236922268149696,13.276672748473146,13.08785820386831,13.187234878540039,944400,0.0,0.0
2026-06-22 00:00:00-04:00,13.16735897602665,13.475425904918119,13.107732782531908,13.405861854553223,309800,0.0,0.0
2026-06-23 00:00:00-04:00,13.395924379125976,13.624490355016901,13.296548650773321,13.61455249786377,291600,0.0,0.0
2026-06-24 00:00:00-04:00,13.515176961231278,13.584740066837549,13.41580028374269,13.495301246643066,367400,0.0,0.0
2026-06-25 00:00:00-04:00,13.266735846050135,13.733803753160752,13.266735846050135,13.68411636352539,286600,0.0,0.0
2026-06-26 00:00:00-04:00,13.634428402603126,13.813305095226776,13.614552688019256,13.79343032836914,238300,0.0,0.0
2026-06-29 00:00:00-04:00,13.793429752721648,13.882868569164,13.694053079402103,13.703990936279297,404900,0.0,0.0
2026-06-30 00:00:00-04:00,13.703991507695685,13.853055576164342,13.703991507695685,13.743741989135742,371400,0.0,0.0
2026-07-01 00:00:00-04:00,13.59467773247161,13.753679656030727,13.56486416100961,13.664240837097168,335400,0.0,0.0
2026-07-02 00:00:00-04:00,13.674179070665852,13.862993623158324,13.66424121323829,13.823243141174316,248400,0.0,0.0
2026-07-06 00:00:00-04:00,13.813305095226776,13.972307968719026,13.773554613785272,13.79343032836914,291000,0.0,0.0
2026-07-07 00:00:00-04:00,13.72386703462525,14.220748519694972,13.72386703462525,14.01205825805664,405100,0.0,0.0
2026-07-08 00:00:00-04:00,14.06174564599496,14.210810660126299,14.041870879413182,14.16112232208252,211400,0.0,0.0
2026-07-09 00:00:00-04:00,14.190935134358233,14.220748706216334,14.071683690104527,14.141246795654297,276500,0.0,0.0
2026-07-10 00:00:00-04:00,14.15118408291746,14.16112193980319,13.932556917788624,14.05180835723877,172900,0.0,0.0
2026-07-13 00:00:00-04:00,14.091559219808014,14.339999962342139,14.091559219808014,14.260499000549316,374200,0.0,0.0
2026-07-14 00:00:00-04:00,14.35987491943666,14.419501115435436,14.260499189740345,14.34000015258789,357300,0.0,0.0
2026-07-15 00:00:00-04:00,14.350000381469727,14.390000343322754,14.109999656677246,14.15999984741211,286200,0.09,0.0
2026-07-16 00:00:00-04:00,14.489999771118164,14.640000343322754,14.279999732971191,14.609999656677246,782400,0.0,0.0
2026-07-17 00:00:00-04:00,14.65999984741211,14.739999771118164,14.539999961853027,14.619999885559082,1322300,0.0,0.0
2026-07-20 00:00:00-04:00,14.640000343322754,14.920000076293945,14.640000343322754,14.770000457763672,403800,0.0,0.0
2026-07-21 00:00:00-04:00,14.869999885559082,14.880000114440918,14.619999885559082,14.729999542236328,311300,0.0,0.0
2026-07-22 00:00:00-04:00,14.819999694824219,14.970000267028809,14.770000457763672,14.920000076293945,354500,0.0,0.0
2026-07-23 00:00:00-04:00,14.970000267028809,15.010000228881836,14.800000190734863,14.970000267028809,297800,0.0,0.0
2026-07-24 00:00:00-04:00,14.890000343322754,15.170000076293945,14.880000114440918,14.90999984741211,403000,0.0,0.0
2026-07-27 00:00:00-04:00,14.789999961853027,14.800000190734863,14.399999618530273,14.420000076293945,326800,0.0,0.0
2026-07-28 00:00:00-04:00,14.300000190734863,14.539899826049805,14.300000190734863,14.359999656677246,257916,0.0,0.0
