Date,Open,High,Low,Close,Volume,Dividends,Stock Splits
2022-01-03 00:00:00-05:00,19.31953736019693,19.724843578656362,19.21821201348508,19.539077758789062,990700,0.0,0.0
2022-01-04 00:00:00-05:00,19.758615505662608,20.248358910476448,19.6657342187315,20.087926864624023,1099900,0.0,0.0
2022-01-05 00:00:00-05:00,20.206145096073836,20.38346527646595,20.062599497906998,20.113262176513672,1095600,0.0,0.0
2022-01-06 00:00:00-05:00,20.46789904136496,21.016749152529364,20.265246766959816,20.999862670898438,1433600,0.0,0.0
2022-01-07 00:00:00-05:00,20.898537948050954,21.202517197212718,20.805655041798797,21.050527572631836,1663700,0.0,0.0
2022-01-10 00:00:00-05:00,21.29539773765704,21.29539773765704,20.890093160174228,21.143409729003906,1410700,0.0,0.0
2022-01-11 00:00:00-05:00,21.21096008090809,21.413612365722656,20.982975656540255,21.413612365722656,847300,0.0,0.0
2022-01-12 00:00:00-05:00,21.362949044200807,21.574045384995426,21.12652217325468,21.18562889099121,1389600,0.0,0.0
2022-01-13 00:00:00-05:00,21.236290191981457,21.514937279434694,21.134964856836913,21.227846145629883,955100,0.0,0.0
2022-01-14 00:00:00-05:00,20.966088616655124,21.498050689697266,20.797210898891468,21.498050689697266,885300,0.0,0.0
2022-01-18 00:00:00-05:00,21.447384904612772,21.56559993409847,21.092743037229777,21.1518497467041,864000,0.0,0.0
2022-01-19 00:00:00-05:00,21.109635273608998,21.168741994689125,20.535452936480855,20.569229125976562,935600,0.0,0.0
2022-01-20 00:00:00-05:00,20.48478663389788,20.881647126944504,20.07948209497319,20.104812622070312,1462300,0.0,0.0
2022-01-21 00:00:00-05:00,20.425686079286272,21.202520818286892,20.147038923478306,20.543899536132812,2055100,0.0,0.0
2022-01-24 00:00:00-05:00,20.189251851099115,20.81409676302735,20.087926519725404,20.738101959228516,1766300,0.0,0.0
2022-01-25 00:00:00-05:00,20.586115930340338,20.839432523885616,20.0710419168193,20.619892120361328,1132900,0.0,0.0
2022-01-26 00:00:00-05:00,20.915426361041057,21.134966754280224,20.408794808222765,20.72121810913086,1430700,0.0,0.0
2022-01-27 00:00:00-05:00,20.890096894145234,21.11808136368154,19.952828481965437,20.113262176513672,1046600,0.0,0.0
2022-01-28 00:00:00-05:00,20.054155434038,20.25680775884378,19.758620189744676,20.239919662475586,1124100,0.0,0.0
2022-01-31 00:00:00-05:00,20.020375357694647,20.19769711408829,19.73328582781334,20.180809020996094,1833500,0.0,0.0
2022-02-01 00:00:00-05:00,20.189254414983594,20.75499268703218,20.1301476957533,20.72121810913086,1200500,0.0,0.0
2022-02-02 00:00:00-05:00,20.52700962886294,20.83098890312972,20.52700962886294,20.72966194152832,1026500,0.0,0.0
2022-02-03 00:00:00-05:00,20.94075423251304,21.143408116334673,20.65366310939235,20.738101959228516,1073500,0.0,0.0
2022-02-04 00:00:00-05:00,20.72965856187653,21.219401973607102,20.678995894604306,21.042081832885742,934400,0.0,0.0
2022-02-07 00:00:00-05:00,21.016748955725625,21.27850955026775,20.890091486725588,21.134963989257812,1056700,0.0,0.0
2022-02-08 00:00:00-05:00,21.438943446263295,21.768254826778666,21.362948636185692,21.70914649963379,940100,0.0,0.0
2022-02-09 00:00:00-05:00,21.700707487378807,21.734482069110463,21.278514747239434,21.346065521240234,851300,0.0,0.0
2022-02-10 00:00:00-05:00,21.346062887824058,21.692260763185683,21.21096135648963,21.36294937133789,1076600,0.0,0.0
2022-02-11 00:00:00-05:00,21.23629314733692,21.700706098080598,21.118079703038017,21.261625289916992,992500,0.0,0.0
2022-02-14 00:00:00-05:00,21.447385638755435,21.540268534272773,20.890091486725588,21.134963989257812,1197800,0.0,0.0
2022-02-15 00:00:00-05:00,21.354511237121816,21.582494110594336,21.27851640911844,21.481168746948242,846800,0.0,0.0
2022-02-16 00:00:00-05:00,21.295400466753897,21.650042420134547,21.202519162430047,21.56560516357422,825500,0.0,0.0
2022-02-17 00:00:00-05:00,21.320729342373934,21.38828010359165,20.890092635659542,20.898536682128906,1029800,0.0,0.0
2022-02-18 00:00:00-05:00,20.830991814467943,21.202521911548214,20.814103716751195,21.016756057739258,891600,0.0,0.0
2022-02-22 00:00:00-05:00,20.949198295093268,21.101187902810963,20.729657929560727,20.86475944519043,817500,0.0,0.0
2022-02-23 00:00:00-05:00,21.02519065431133,21.17718024435689,20.40034581454163,20.501672744750977,964500,0.0,0.0
2022-02-24 00:00:00-05:00,19.868391221133486,20.18925699969244,19.403978233870177,20.113262176513672,1341600,0.0,0.0
2022-02-25 00:00:00-05:00,20.324356675637695,21.033640552880847,20.31591262822559,21.00830841064453,1018000,0.0,0.0
2022-02-28 00:00:00-05:00,20.34435016948812,20.80401409805215,20.284764465471742,20.761451721191406,1080600,0.2,0.0
2022-03-01 00:00:00-05:00,20.565668976837674,20.659304579239492,19.654855248855416,19.91022300720215,1567600,0.0,0.0
2022-03-02 00:00:00-05:00,20.20815726313424,21.153021084213496,20.046423450609648,21.008312225341797,1559600,0.0,0.0
2022-03-03 00:00:00-05:00,21.033846252559872,21.153019294457952,20.625257140994815,20.829551696777344,1032900,0.0,0.0
2022-03-04 00:00:00-05:00,20.344349606698284,20.344349606698284,19.722953534019233,19.95278549194336,1459100,0.0,0.0
2022-03-07 00:00:00-05:00,19.918732865869217,20.07195415018634,19.084529899685343,19.093042373657227,2247500,0.0,0.0
2022-03-08 00:00:00-05:00,19.407999627006653,19.765515486516243,18.956849782484383,19.076021194458008,2162400,0.0,0.0
2022-03-09 00:00:00-05:00,19.697416682422787,19.944273597811538,19.41651148908412,19.510147094726562,1727000,0.0,0.0
2022-03-10 00:00:00-05:00,19.22923993305336,19.620804019134003,19.17816670956208,19.47609519958496,1132400,0.0,0.0
2022-03-11 00:00:00-05:00,19.714439221354677,19.995344380327797,19.578242879039742,19.756999969482422,1521100,0.0,0.0
2022-03-14 00:00:00-04:00,20.037908597807423,20.27625140701894,19.757001789370506,19.944272994995117,1475900,0.0,0.0
2022-03-15 00:00:00-04:00,20.157084379208243,20.216670094449228,19.3654418799461,19.680397033691406,1477700,0.0,0.0
2022-03-16 00:00:00-04:00,19.859149503027567,20.25071523376027,19.816588751760104,20.242202758789062,1279300,0.0,0.0
2022-03-17 00:00:00-04:00,19.961299717805268,20.114519412937682,19.60378384865211,20.003860473632812,1126100,0.0,0.0
2022-03-18 00:00:00-04:00,19.978321053525516,20.10600655545147,19.425023165004575,19.96980857849121,2942100,0.0,0.0
2022-03-21 00:00:00-04:00,20.548649638242715,20.85509233081544,20.020889027244195,20.157085418701172,1760200,0.0,0.0
2022-03-22 00:00:00-04:00,20.48054710704067,20.778477259130646,20.31881494116533,20.429473876953125,1072000,0.0,0.0
2022-03-23 00:00:00-04:00,20.1826179823943,20.267741119266077,19.680394884387304,19.697418212890625,1001300,0.0,0.0
2022-03-24 00:00:00-04:00,19.867664379054762,20.020885699876533,19.637832397822105,19.884689331054688,944700,0.0,0.0
2022-03-25 00:00:00-04:00,20.003859775098366,20.455011239624433,19.97832234834035,20.4039363861084,957800,0.0,0.0
2022-03-28 00:00:00-04:00,20.242201010137695,20.344347453790967,19.756999720225075,20.088979721069336,793300,0.0,0.0
2022-03-29 00:00:00-04:00,20.489057885236484,20.523107784866458,19.99534570572194,20.293275833129883,1066700,0.0,0.0
2022-03-30 00:00:00-04:00,20.318810117574575,20.318810117574575,19.637826842518496,19.816585540771484,1778700,0.0,0.0
2022-03-31 00:00:00-04:00,19.82509851375932,20.114514505232282,19.348409722135735,19.373947143554688,1768700,0.0,0.0
2022-04-01 00:00:00-04:00,19.612295657463534,19.68890469062966,18.97387460023238,19.13560676574707,2129200,0.0,0.0
2022-04-04 00:00:00-04:00,19.050481988261158,19.067506937978393,18.607844660733022,18.905773162841797,1517500,0.0,0.0
2022-04-05 00:00:00-04:00,18.829164546828338,18.990896701902653,18.599332591400287,18.624868392944336,1408500,0.0,0.0
2022-04-06 00:00:00-04:00,18.573791693684466,18.70998802175127,18.480156109292928,18.539743423461914,1413200,0.0,0.0
2022-04-07 00:00:00-04:00,18.658916736702928,18.735527382121862,18.241815235860088,18.437597274780273,1344300,0.0,0.0
2022-04-08 00:00:00-04:00,18.59082066577349,18.65891884455114,18.335452901254467,18.395038604736328,1072100,0.0,0.0
2022-04-11 00:00:00-04:00,18.28437986262158,18.81214201817456,18.28437986262158,18.360990524291992,881000,0.0,0.0
2022-04-12 00:00:00-04:00,18.352476523507672,18.53974773585047,17.952399919701225,18.063058853149414,1104500,0.0,0.0
2022-04-13 00:00:00-04:00,17.95239765921588,18.37801163572913,17.799176367896955,18.352474212646484,1291500,0.0,0.0
2022-04-14 00:00:00-04:00,18.34396188686633,18.514208128285965,18.199253068736187,18.301401138305664,1149700,0.0,0.0
2022-04-18 00:00:00-04:00,18.241815716437763,18.412060336840547,18.080081947004885,18.19074249267578,1293800,0.0,0.0
2022-04-19 00:00:00-04:00,18.35247520360584,19.016433627309425,18.301401978271276,18.982383728027344,1414700,0.0,0.0
2022-04-20 00:00:00-04:00,19.195192606431632,19.314365641993973,19.050483767497067,19.076021194458008,952100,0.0,0.0
2022-04-21 00:00:00-04:00,19.27180215508283,19.305852055738644,18.522722200129873,18.616357803344727,2202300,0.0,0.0
2022-04-22 00:00:00-04:00,18.412062501199053,18.52272305987822,17.909839431923725,17.94388771057129,2158300,0.0,0.0
2022-04-25 00:00:00-04:00,17.748101750756142,18.071567633110828,17.390585973633417,18.003469467163086,1840500,0.0,0.0
2022-04-26 00:00:00-04:00,17.688519138018194,17.935374423709884,17.26290512084961,17.26290512084961,1688500,0.0,0.0
2022-04-27 00:00:00-04:00,17.279930210353115,17.450176484023004,17.10968556027202,17.203319549560547,1619400,0.0,0.0
2022-04-28 00:00:00-04:00,17.365049275599784,17.603393678135184,17.13521734711083,17.543807983398438,1467400,0.0,0.0
2022-04-29 00:00:00-04:00,17.44166461547755,17.620423371416017,16.89687911850098,16.98200225830078,1640900,0.0,0.0
2022-05-02 00:00:00-04:00,17.22885349910889,17.245878447756226,16.6840681311018,17.118194580078125,1945000,0.0,0.0
2022-05-03 00:00:00-04:00,17.194807009129267,17.365051642497807,16.981999999727115,17.17778205871582,1607700,0.0,0.0
2022-05-04 00:00:00-04:00,17.16075841813191,17.586372469422063,16.92241396491747,17.509761810302734,1703900,0.0,0.0
2022-05-05 00:00:00-04:00,17.279924486656668,17.33951179921595,16.828774770968487,17.21182632446289,1957500,0.0,0.0
2022-05-06 00:00:00-04:00,17.296953509591535,17.33100341050732,16.862827014447095,17.08414649963379,1793800,0.0,0.0
2022-05-09 00:00:00-04:00,16.89687544060724,17.07563253404732,16.70960424909268,16.811752319335938,1605400,0.0,0.0
2022-05-10 00:00:00-04:00,16.947948746572028,17.09265756636228,16.42018831457593,16.73514175415039,1819500,0.0,0.0
2022-05-11 00:00:00-04:00,16.82026690607355,17.26290589339912,16.641508166596847,16.66704559326172,2316800,0.0,0.0
2022-05-12 00:00:00-04:00,16.59043462583386,16.896877245712624,16.48828816826672,16.879852294921875,2266000,0.0,0.0
2022-05-13 00:00:00-04:00,17.02456137766394,17.152245263278683,16.6500205727505,16.752168655395508,1680700,0.0,0.0
2022-05-16 00:00:00-04:00,16.6755561759473,16.837289945955426,16.39465100887451,16.564895629882812,1083500,0.0,0.0
2022-05-17 00:00:00-04:00,16.896874850295337,17.279926447251086,16.854312479352405,17.228853225708008,1595000,0.0,0.0
2022-05-18 00:00:00-04:00,17.007538038116916,17.160759364808055,16.743657766364876,16.85431671142578,1138400,0.0,0.0
2022-05-19 00:00:00-04:00,16.63299725048356,16.87985254627049,16.513824216762462,16.641508102416992,1907600,0.0,0.0
2022-05-20 00:00:00-04:00,16.735143709571705,16.837291792248546,16.32655462604173,16.641508102416992,2295100,0.0,0.0
2022-05-23 00:00:00-04:00,16.973485843571456,17.322489174540763,16.92241099738926,17.041584014892578,1309900,0.0,0.0
2022-05-24 00:00:00-04:00,17.050098200619825,17.135219705623744,16.692582359402007,17.075634002685547,1033900,0.0,0.0
2022-05-25 00:00:00-04:00,16.990512778998514,17.382078564989538,16.990512778998514,17.194808959960938,1081200,0.0,0.0
2022-05-26 00:00:00-04:00,17.356536733482265,17.586368661069834,17.3480242594692,17.51827049255371,1292800,0.0,0.0
2022-05-27 00:00:00-04:00,17.535298959316062,17.739593505859375,17.492736580709913,17.739593505859375,860000,0.0,0.0
2022-05-31 00:00:00-04:00,17.516128660325226,17.851325577754217,17.43018233006662,17.791162490844727,1117500,0.2,0.0
2022-06-01 00:00:00-04:00,17.808348803363405,17.859918562999376,17.34423244188656,17.619264602661133,858100,0.0,0.0
2022-06-02 00:00:00-04:00,17.60207375745746,18.08338165283203,17.498937522249268,18.08338165283203,1120200,0.0,0.0
2022-06-03 00:00:00-04:00,18.006030385609332,18.057598508164727,17.77397137512847,17.877107620239258,1188000,0.0,0.0
2022-06-06 00:00:00-04:00,18.074788999446064,18.195115168981268,17.85991990280685,17.90289306640625,2116900,0.0,0.0
2022-06-07 00:00:00-04:00,17.75678250207335,18.109167699079634,17.679429494016247,18.066194534301758,1236200,0.0,0.0
2022-06-08 00:00:00-04:00,17.82554163426018,17.885704724339487,17.56769935125707,17.705215454101562,1091400,0.0,0.0
2022-06-09 00:00:00-04:00,17.679431251055146,17.688026212729145,17.0863920101196,17.1121768951416,1286900,0.0,0.0
2022-06-10 00:00:00-04:00,16.751191284877876,16.91449222523728,16.3988061667955,16.493349075317383,1329700,0.0,0.0
2022-06-13 00:00:00-04:00,16.16674908932997,16.373023209017703,15.994854809250683,16.11518096923828,1629900,0.0,0.0
2022-06-14 00:00:00-04:00,16.149561757141242,16.433188893281446,16.04642387158068,16.269887924194336,1295100,0.0,0.0
2022-06-15 00:00:00-04:00,16.407409111035406,16.673846409163435,16.192539952053092,16.381624221801758,1840000,0.0,0.0
2022-06-16 00:00:00-04:00,16.072212923494057,16.123781059995583,15.616689739652985,15.719827651977539,1310800,0.0,0.0
2022-06-17 00:00:00-04:00,15.857340132046039,16.097992473307016,15.737012322094422,15.797175407409668,2523400,0.0,0.0
2022-06-21 00:00:00-04:00,16.158155186503024,16.192535028360616,15.831554885461326,15.908907890319824,1313400,0.0,0.0
2022-06-22 00:00:00-04:00,15.71982550679363,15.986262754900949,15.68544566093654,15.891719818115234,1721900,0.0,0.0
2022-06-23 00:00:00-04:00,15.797172269286968,15.9260950142903,15.298676125145919,15.479166984558105,1202000,0.0,0.0
2022-06-24 00:00:00-04:00,15.565120422835692,16.037831856783512,15.53074057489406,15.977668762207031,2510100,0.0,0.0
2022-06-27 00:00:00-04:00,16.01204743589822,16.166753477486264,15.874531318780276,16.14097023010254,1340400,0.0,0.0
2022-06-28 00:00:00-04:00,16.330054007001888,16.43319191150541,15.969073800221622,15.977668762207031,1046500,0.0,0.0
2022-06-29 00:00:00-04:00,16.10658666994197,16.10658666994197,15.82295953882335,15.9346923828125,1186500,0.0,0.0
2022-06-30 00:00:00-04:00,15.60809137646297,15.917503406703176,15.453385361342866,15.694039344787598,1439000,0.0,0.0
2022-07-01 00:00:00-04:00,15.599494438680464,15.926096349057598,15.45338340284247,15.900311470031738,1191700,0.0,0.0
2022-07-05 00:00:00-04:00,15.54792734128326,15.84874439239502,15.290085091370923,15.84874439239502,1160600,0.0,0.0
2022-07-06 00:00:00-04:00,15.659658015248974,15.891717015901117,15.547926814557751,15.75420093536377,964400,0.0,0.0
2022-07-07 00:00:00-04:00,15.994852896104177,16.089394165077348,15.857336832760671,15.96047306060791,1163100,0.0,0.0
2022-07-08 00:00:00-04:00,16.063613507989864,16.1151816301966,15.762796456361983,15.9346923828125,1048100,0.0,0.0
2022-07-11 00:00:00-04:00,15.865932646035173,15.908907447160056,15.702633319723747,15.762796401977539,956400,0.0,0.0
2022-07-12 00:00:00-04:00,15.582305515895118,15.994855410088778,15.539332354091279,15.762796401977539,1355300,0.0,0.0
2022-07-13 00:00:00-04:00,15.737012559916064,15.74560752070829,15.36743744245602,15.470575332641602,1227000,0.0,0.0
2022-07-14 00:00:00-04:00,15.10959184726858,15.221323034310402,14.99786066022676,15.152565002441406,1179400,0.0,0.0
2022-07-15 00:00:00-04:00,15.479173119568516,15.814368455058473,15.376035210552365,15.71123218536377,1597100,0.0,0.0
2022-07-18 00:00:00-04:00,15.98625793723011,16.226910228420856,15.943283142859775,15.96047306060791,1565000,0.0,0.0
2022-07-19 00:00:00-04:00,16.192532509332917,16.544917636948224,16.192532509332917,16.48475456237793,906500,0.0,0.0
2022-07-20 00:00:00-04:00,16.338647833208178,16.58789515617311,16.278484742813927,16.579301834106445,1103100,0.0,0.0
2022-07-21 00:00:00-04:00,16.42459132120019,16.587890625,16.218317222199786,16.587890625,1380400,0.0,0.0
2022-07-22 00:00:00-04:00,17.146553397287082,17.782565683212844,16.828546434663703,17.034820556640625,2438100,0.0,0.0
2022-07-25 00:00:00-04:00,17.241092638566908,17.45596169511697,17.069198376919346,17.37860870361328,1611900,0.0,0.0
2022-07-26 00:00:00-04:00,17.198122024536133,17.404396152589033,17.0692008994182,17.198122024536133,1371200,0.0,0.0
2022-07-27 00:00:00-04:00,17.15514709831909,17.498938948557345,17.094984016323707,17.473154067993164,1505900,0.0,0.0
2022-07-28 00:00:00-04:00,17.44737224805155,17.464562171443134,17.017633999189975,17.043418884277344,1285000,0.0,0.0
2022-07-29 00:00:00-04:00,17.04341554597104,17.301257789055708,16.991847425218307,17.275474548339844,1149600,0.0,0.0
2022-08-01 00:00:00-04:00,17.10357992177222,17.404396987695375,17.000443672457557,17.318449020385742,1196600,0.0,0.0
2022-08-02 00:00:00-04:00,17.258284267205056,17.327042306543685,17.069200068854073,17.077795028686523,999400,0.0,0.0
2022-08-03 00:00:00-04:00,17.284073571036835,17.473157817789136,17.0777994002194,17.370019912719727,1292300,0.0,0.0
2022-08-04 00:00:00-04:00,17.275474608646,17.33563768962104,17.017630725340233,17.137958526611328,962400,0.0,0.0
2022-08-05 00:00:00-04:00,17.137959809709088,17.507534922592278,17.07779672422971,17.490345001220703,939600,0.0,0.0
2022-08-08 00:00:00-04:00,17.567700262242997,17.722406295795757,17.387209343324326,17.447372436523438,917700,0.0,0.0
2022-08-09 00:00:00-04:00,17.464560414373793,17.516128540039062,17.344234241381116,17.516128540039062,832000,0.0,0.0
2022-08-10 00:00:00-04:00,17.76537552651543,17.971649645743998,17.748185606749473,17.894296646118164,1099400,0.0,0.0
2022-08-11 00:00:00-04:00,18.0490069667701,18.143549908797926,17.97165394862395,18.057601928710938,1261200,0.0,0.0
2022-08-12 00:00:00-04:00,18.14354913168745,18.38420149843794,18.04041123213631,18.375606536865234,1061100,0.0,0.0
2022-08-15 00:00:00-04:00,18.143545016747805,18.521713404250693,18.03181218096487,18.487335205078125,1186600,0.0,0.0
2022-08-16 00:00:00-04:00,18.392796912774077,18.822535166060018,18.392796912774077,18.77956199645996,1019300,0.0,0.0
2022-08-17 00:00:00-04:00,18.547501136302987,18.710802115626002,18.461553166168706,18.642044067382812,923500,0.0,0.0
2022-08-18 00:00:00-04:00,18.702206188793138,18.796749114990234,18.58188002041217,18.796749114990234,735400,0.0,0.0
2022-08-19 00:00:00-04:00,18.727989942009565,18.81393626320598,18.461551100473482,18.74517822265625,2389200,0.0,0.0
2022-08-22 00:00:00-04:00,18.409985188434497,18.427175110464358,18.03181510038352,18.126358032226562,1798200,0.0,0.0
2022-08-23 00:00:00-04:00,18.109164891973627,18.281060803081818,18.057596774369532,18.08338165283203,1633600,0.0,0.0
2022-08-24 00:00:00-04:00,17.971651111757954,18.083383960030165,17.885703145238047,17.90289306640625,1077100,0.0,0.0
2022-08-25 00:00:00-04:00,17.928676783208058,18.255277067576884,17.902891903131174,18.2294921875,798800,0.0,0.0
2022-08-26 00:00:00-04:00,18.33263136686542,18.33263136686542,17.670834151910423,17.696619033813477,1119400,0.0,0.0
2022-08-29 00:00:00-04:00,17.516129180725933,17.584887230568306,17.335639914635166,17.40439796447754,1026200,0.0,0.0
2022-08-30 00:00:00-04:00,17.49894220725525,17.584888546498927,17.275478118714744,17.447372436523438,943300,0.0,0.0
2022-08-31 00:00:00-04:00,17.46473066734042,17.577573621369613,17.34320557573285,17.395288467407227,953000,0.2,0.0
2022-09-01 00:00:00-04:00,17.325843811035156,17.351885255668698,17.152239147042565,17.325843811035156,878700,0.0,0.0
2022-09-02 00:00:00-04:00,17.551534257296012,17.751182054462454,17.195642733472518,17.282445907592773,1014400,0.0,0.0
2022-09-06 00:00:00-04:00,17.41264748414984,17.41264748414984,16.883151339386128,17.013355255126953,1051000,0.0,0.0
2022-09-07 00:00:00-04:00,16.891829935802345,17.4907699268229,16.839748701340913,17.412647247314453,1043900,0.0,0.0
2022-09-08 00:00:00-04:00,17.247723617724176,17.803261218224566,17.14355948981403,17.777219772338867,1221300,0.0,0.0
2022-09-09 00:00:00-04:00,17.90742627575784,18.046312351566257,17.85534503210023,17.942148208618164,924900,0.0,0.0
2022-09-12 00:00:00-04:00,18.002906136899135,18.228593685972797,17.933463941463586,18.13311004638672,1279900,0.0,0.0
2022-09-13 00:00:00-04:00,17.803262710374778,17.959508087519115,17.542853196589956,17.61229705810547,1508700,0.0,0.0
2022-09-14 00:00:00-04:00,17.69909615448667,17.92478370666504,17.48208908381123,17.92478370666504,1759000,0.0,0.0
2022-09-15 00:00:00-04:00,17.968186007042846,18.489001649052454,17.872702366712563,18.3327579498291,1543000,0.0,0.0
2022-09-16 00:00:00-04:00,18.107073796970795,18.133113590578375,17.707779853448354,17.959508895874023,2899200,0.0,0.0
2022-09-19 00:00:00-04:00,17.72514131663642,18.350121215236197,17.72514131663642,18.324081420898438,1005800,0.0,0.0
2022-09-20 00:00:00-04:00,18.228597759972242,18.384843148530415,18.141794582369606,18.324081420898438,1446800,0.0,0.0
2022-09-21 00:00:00-04:00,18.419564579799694,18.54108969830761,18.05499253554197,18.06367301940918,1328800,0.0,0.0
2022-09-22 00:00:00-04:00,18.124433389236223,18.211236565754152,17.785902822012467,17.942148208618164,1217300,0.0,0.0
2022-09-23 00:00:00-04:00,17.6990966796875,17.75117957025055,17.360566169190715,17.6990966796875,1475800,0.0,0.0
2022-09-26 00:00:00-04:00,17.525492936328472,17.785900780356986,17.33452563878371,17.464731216430664,1332500,0.0,0.0
2022-09-27 00:00:00-04:00,17.68174053977124,17.785903028294534,17.13488168030879,17.34320831298828,1288400,0.0,0.0
2022-09-28 00:00:00-04:00,17.360567095816982,17.81194223766007,17.273763929211356,17.655696868896484,1429500,0.0,0.0
2022-09-29 00:00:00-04:00,17.438692092895508,17.508134304262803,17.14356228067627,17.438692092895508,1272800,0.0,0.0
2022-09-30 00:00:00-04:00,17.516814928080883,17.803264259221734,17.37793050423277,17.430011749267578,1320300,0.0,0.0
2022-10-03 00:00:00-04:00,17.681738850451396,17.93346622002665,17.291125416726143,17.829303741455078,1518900,0.0,0.0
2022-10-04 00:00:00-04:00,17.985547200086554,18.714691162109375,17.985547200086554,18.714691162109375,1893300,0.0,0.0
2022-10-05 00:00:00-04:00,18.41956070320761,18.76677336228933,18.376159948638723,18.758092880249023,1707800,0.0,0.0
2022-10-06 00:00:00-04:00,18.706011486698003,18.914339761090975,18.584488039662762,18.87093734741211,1649500,0.0,0.0
2022-10-07 00:00:00-04:00,18.78413587783659,18.818857811926055,18.21991769394629,18.29804039001465,1454500,0.0,0.0
2022-10-10 00:00:00-04:00,18.419558895297673,18.497681570359926,18.18519252574341,18.263315200805664,896200,0.0,0.0
2022-10-11 00:00:00-04:00,18.176513676318155,18.384840276642137,17.94214563009144,18.072349548339844,1435200,0.0,0.0
2022-10-12 00:00:00-04:00,18.11575698852539,18.35880392857584,17.855347424085917,18.11575698852539,1021500,0.0,0.0
2022-10-13 00:00:00-04:00,17.950826662849856,19.070582380903144,17.742500056133725,19.02718162536621,1448900,0.0,0.0
2022-10-14 00:00:00-04:00,19.001141969370146,19.38307494549353,18.697333340714692,18.740734100341797,1158700,0.0,0.0
2022-10-17 00:00:00-04:00,19.096622743267226,19.426472771263494,18.870935184898155,19.079261779785156,1656100,0.0,0.0
2022-10-18 00:00:00-04:00,19.400434908853814,19.495916906224874,19.035862917677925,19.183427810668945,1468700,0.0,0.0
2022-10-19 00:00:00-04:00,19.06190339087926,19.287590979730588,18.810176008920394,19.053224563598633,1244800,0.0,0.0
2022-10-20 00:00:00-04:00,18.949064166755008,19.0966290941625,18.124436339072002,18.272001266479492,1723900,0.0,0.0
2022-10-21 00:00:00-04:00,19.192110827595513,19.686886811891068,18.879620035142324,19.539321899414062,3041000,0.0,0.0
2022-10-24 00:00:00-04:00,19.669524036990424,20.0340960428082,19.574040380151793,20.016735076904297,2001100,0.0,0.0
2022-10-25 00:00:00-04:00,20.01673249477174,20.502829543578112,19.8778480967221,20.35526466369629,1835900,0.0,0.0
2022-10-26 00:00:00-04:00,20.69379560928897,20.841360492253475,20.485469007862488,20.624353408813477,1369700,0.0,0.0
2022-10-27 00:00:00-04:00,20.75455896724235,20.971566067824668,20.58095262452338,20.64171600341797,1016600,0.0,0.0
2022-10-28 00:00:00-04:00,20.832682054704893,21.110450883866374,20.615674949968383,21.101770401000977,1120000,0.0,0.0
2022-10-31 00:00:00-04:00,21.075730052688805,21.258015221160477,20.867403436307132,21.136491775512695,1181500,0.0,0.0
2022-11-01 00:00:00-04:00,21.24065669024907,21.527106027557526,21.084412951780525,21.396902084350586,1392100,0.0,0.0
2022-11-02 00:00:00-04:00,21.22329552871463,21.448981460930753,20.60699448965928,20.61567497253418,1892800,0.0,0.0
2022-11-03 00:00:00-04:00,20.39866798960663,20.806640753370942,20.146938951626872,20.711158752441406,1046800,0.0,0.0
2022-11-04 00:00:00-04:00,20.962887742172065,21.20593631586136,20.85004476673633,21.11045265197754,895300,0.0,0.0
2022-11-07 00:00:00-05:00,21.136491775512695,21.292737151707144,20.91080419385769,21.136491775512695,725900,0.0,0.0
2022-11-08 00:00:00-05:00,21.188570024814293,21.38821613037813,21.01496370785202,21.292734146118164,1007500,0.0,0.0
2022-11-09 00:00:00-05:00,21.0757306080376,21.405580678758653,20.954205503554835,21.101770401000977,967100,0.0,0.0
2022-11-10 00:00:00-05:00,21.70071368844123,21.91772082532564,21.431625302281816,21.813556671142578,1454100,0.0,0.0
2022-11-11 00:00:00-05:00,21.969797529511922,22.134723383001646,21.032326958339514,21.075729370117188,1344100,0.0,0.0
2022-11-14 00:00:00-05:00,20.96288696251078,21.049690139573745,20.711159570224364,20.763240814208984,1248500,0.0,0.0
2022-11-15 00:00:00-05:00,20.910808206126703,21.188577081265937,20.554916627900422,20.7285213470459,1189500,0.0,0.0
2022-11-16 00:00:00-05:00,20.780597941779202,20.850040139474373,20.311861865612354,20.363943099975586,884000,0.0,0.0
2022-11-17 00:00:00-05:00,20.207700876770982,20.41602748511303,20.025414059701248,20.389986038208008,1252500,0.0,0.0
2022-11-18 00:00:00-05:00,20.832681795013052,20.954205242348134,20.537552003799743,20.82400131225586,1083600,0.0,0.0
2022-11-21 00:00:00-05:00,20.876082951204054,21.093090057373047,20.76323998447462,21.093090057373047,1047400,0.0,0.0
2022-11-22 00:00:00-05:00,21.2146158151793,21.50974562109739,21.197254848799915,21.44898223876953,1198700,0.0,0.0
2022-11-23 00:00:00-05:00,21.34482252834551,21.45766551322467,21.058373168355086,21.1191349029541,931100,0.0,0.0
2022-11-25 00:00:00-05:00,21.188572613656184,21.275375782743023,21.075729652786215,21.24933433532715,314900,0.0,0.0
2022-11-28 00:00:00-05:00,21.075733887755902,21.171215902868166,20.884766546265226,21.032331466674805,1239400,0.0,0.0
2022-11-29 00:00:00-05:00,21.0236470212336,21.3708597019291,20.980246263963046,21.336137771606445,1125300,0.0,0.0
2022-11-30 00:00:00-05:00,21.25734181148507,21.546259479425743,20.915892443991883,21.537504196166992,1510300,0.21,0.0
2022-12-01 00:00:00-05:00,21.616299007921217,21.73011434486434,21.379911381309206,21.46746253967285,845700,0.0,0.0
2022-12-02 00:00:00-05:00,21.309875184674702,21.42369054509713,21.248589862147256,21.37116050720215,737600,0.0,0.0
2022-12-05 00:00:00-05:00,21.23107737570541,21.283607408856906,20.127936660126164,20.31179428100586,891700,0.0,0.0
2022-12-06 00:00:00-05:00,20.399342726232625,20.504404457010022,19.996609709701644,20.268016815185547,943300,0.0,0.0
2022-12-07 00:00:00-05:00,20.197977819991742,20.530671935591865,20.066651898528406,20.329303741455078,665200,0.0,0.0
2022-12-08 00:00:00-05:00,20.504409186107605,20.57444979948005,20.101674406791087,20.171716690063477,917700,0.0,0.0
2022-12-09 00:00:00-05:00,20.022877047415665,20.259263036902233,19.96159005913429,19.987855911254883,908000,0.0,0.0
2022-12-12 00:00:00-05:00,19.98785497206645,20.32930268409176,19.847773773804807,20.259262084960938,1069100,0.0,0.0
2022-12-13 00:00:00-05:00,20.591955316140474,20.600710599400596,19.5413447035192,19.698936462402344,1700800,0.0,0.0
2022-12-14 00:00:00-05:00,19.751464947640727,19.78648607794282,19.339976685987583,19.462547302246094,1379500,0.0,0.0
2022-12-15 00:00:00-05:00,19.26993802082359,19.436285066581874,19.077326794613704,19.34873390197754,1556000,0.0,0.0
2022-12-16 00:00:00-05:00,19.147371472496406,19.48006396500799,19.059820289235486,19.287452697753906,3039400,0.0,0.0
2022-12-19 00:00:00-05:00,19.33998417072427,19.532595452229746,18.99853636763273,19.234922409057617,947800,0.0,0.0
2022-12-20 00:00:00-05:00,19.392512654370027,19.576370305000307,19.252431430032626,19.488819122314453,734600,0.0,0.0
2022-12-21 00:00:00-05:00,19.602631868966476,19.90906013243132,19.602631868966476,19.812753677368164,729300,0.0,0.0
2022-12-22 00:00:00-05:00,19.66392017846369,19.821511976208804,19.41002358090763,19.76898193359375,877900,0.0,0.0
2022-12-23 00:00:00-05:00,19.68142770241659,19.944081214630323,19.68142770241659,19.900304794311523,495600,0.0,0.0
2022-12-27 00:00:00-05:00,19.92656843211915,20.049139055591485,19.79524252555601,19.93532371520996,562400,0.0,0.0
2022-12-28 00:00:00-05:00,20.014120445145306,20.07540575949044,19.865283966064453,19.865283966064453,749800,0.0,0.0
2022-12-29 00:00:00-05:00,20.049138113075042,20.390587457966973,19.891546364647905,20.320545196533203,975700,0.0,0.0
2022-12-30 00:00:00-05:00,20.224243717941857,20.329303787390035,20.145447830905873,20.21548843383789,760600,0.0,0.0
2023-01-03 00:00:00-05:00,20.478139415464817,20.64448646663946,20.09291695050198,20.2855281829834,1821600,0.0,0.0
2023-01-04 00:00:00-05:00,20.460630400925453,20.521915716823752,19.865284469514073,19.944080352783203,1508100,0.0,0.0
2023-01-05 00:00:00-05:00,19.935325028851246,20.154202110845926,19.707692663188826,20.05789566040039,952000,0.0,0.0
2023-01-06 00:00:00-05:00,20.154202078806247,20.758301621823488,20.075406195821458,20.661996841430664,1130300,0.0,0.0
2023-01-09 00:00:00-05:00,20.714526501650898,20.75830124923469,20.22424231513419,20.294282913208008,912700,0.0,0.0
2023-01-10 00:00:00-05:00,20.241752330525546,20.39058880611395,20.171711734360386,20.303037643432617,786700,0.0,0.0
2023-01-11 00:00:00-05:00,20.241750691440462,20.58319836135929,20.18921899614572,20.355566024780273,1058900,0.0,0.0
2023-01-12 00:00:00-05:00,20.495649891240245,20.74954810873402,20.42560929156948,20.486894607543945,1398000,0.0,0.0
2023-01-13 00:00:00-05:00,20.17170900721614,20.425605507776606,19.900300272607563,20.373075485229492,1083800,0.0,0.0
2023-01-17 00:00:00-05:00,20.285526907591183,20.355567503171706,19.970343392529063,20.07540512084961,913800,0.0,0.0
2023-01-18 00:00:00-05:00,19.909057074271324,19.952833487984645,19.208651153852585,19.226160049438477,1929500,0.0,0.0
2023-01-19 00:00:00-05:00,19.077325031057214,19.23491510889751,18.849692692088677,19.086078643798828,1102200,0.0,0.0
2023-01-20 00:00:00-05:00,19.261184228981417,19.60263196049091,19.077328271983905,19.58512306213379,2357200,0.0,0.0
2023-01-23 00:00:00-05:00,19.58512430803551,20.01412323822004,19.515083700452315,19.821510314941406,1644900,0.0,0.0
2023-01-24 00:00:00-05:00,19.506326428773157,19.707692946325345,19.445039442218473,19.480060577392578,1066000,0.0,0.0
2023-01-25 00:00:00-05:00,19.41877611242459,19.53259146693298,19.217409586040677,19.41002082824707,1238200,0.0,0.0
2023-01-26 00:00:00-05:00,19.51508399461249,19.76022528989889,19.357492207699895,19.73396110534668,1623700,0.0,0.0
2023-01-27 00:00:00-05:00,19.287447832774784,19.56761021262289,18.788406715033407,19.243671417236328,2280400,0.0,0.0
2023-01-30 00:00:00-05:00,19.17363002288193,19.550098831319293,19.121099996325384,19.226160049438477,1345700,0.0,0.0
2023-01-31 00:00:00-05:00,19.261183693249993,19.620141983032227,19.12985777477595,19.620141983032227,2262500,0.0,0.0
2023-02-01 00:00:00-05:00,19.480061178649173,20.13669245433398,19.436286428230062,19.900304794311523,1200700,0.0,0.0
2023-02-02 00:00:00-05:00,19.935325183062808,20.303038750454334,19.751467564417233,20.2855281829834,2433600,0.0,0.0
2023-02-03 00:00:00-05:00,20.285529322501876,20.942160610450923,20.25050818559273,20.670753479003906,2251500,0.0,0.0
2023-02-06 00:00:00-05:00,20.66199913168052,20.96842741393146,20.635733277807653,20.942161560058594,1552800,0.0,0.0
2023-02-07 00:00:00-05:00,20.84585013849865,21.196053090635033,20.793320113153044,21.161033630371094,1842100,0.0,0.0
2023-02-08 00:00:00-05:00,21.012201421792213,21.090997310715913,20.70577315041113,20.837099075317383,1397000,0.0,0.0
2023-02-09 00:00:00-05:00,20.924650098345648,21.020956555205434,20.565691793558816,20.583202362060547,1007900,0.0,0.0
2023-02-10 00:00:00-05:00,20.583200968009034,20.740792734051833,20.504405084987635,20.688261032104492,1091000,0.0,0.0
2023-02-13 00:00:00-05:00,20.653242557195163,20.83709851312346,20.583201954474905,20.819589614868164,872400,0.0,0.0
2023-02-14 00:00:00-05:00,20.837095770910842,21.126013427847106,20.775810460333375,20.915891647338867,1866400,0.0,0.0
2023-02-15 00:00:00-05:00,20.767057465847955,21.18730274307311,20.767057465847955,21.16979217529297,1467700,0.0,0.0
2023-02-16 00:00:00-05:00,21.038468080949396,21.038468080949396,20.784569835821223,20.854610443115234,1522300,0.0,0.0
2023-02-17 00:00:00-05:00,20.898383597872808,20.968424194212535,20.67075124229381,20.84585189819336,2040700,0.0,0.0
2023-02-21 00:00:00-05:00,20.644490213683813,20.688264970406795,20.408102519619895,20.460634231567383,1237800,0.0,0.0
2023-02-22 00:00:00-05:00,20.443118835762938,20.495648865411923,20.2067311974932,20.303037643432617,1222300,0.0,0.0
2023-02-23 00:00:00-05:00,20.373081701182706,20.565692955888537,20.154204592239786,20.45187759399414,761400,0.0,0.0
2023-02-24 00:00:00-05:00,20.303035898069236,20.653238848789613,20.224240025419725,20.64448356628418,1004000,0.0,0.0
2023-02-27 00:00:00-05:00,20.82834282175507,20.95091344681675,20.495648739588333,20.591955184936523,1075300,0.0,0.0
2023-02-28 00:00:00-05:00,20.62729093708841,20.742131642309044,20.450611114501953,20.450611114501953,1741900,0.21,0.0
2023-03-01 00:00:00-05:00,20.335770162437385,20.636124846222334,20.220927773667093,20.57428741455078,1384000,0.0,0.0
2023-03-02 00:00:00-05:00,20.432943148943544,20.432943148943544,19.902907041896714,19.99124526977539,1591400,0.0,0.0
2023-03-03 00:00:00-05:00,20.141425996356737,20.53012066704224,19.964747826004402,20.397611618041992,1621100,0.0,0.0
2023-03-06 00:00:00-05:00,20.326934946534013,20.52128139096498,20.30926662841932,20.353437423706055,1333800,0.0,0.0
2023-03-07 00:00:00-05:00,20.22976382867429,20.22976382867429,19.531882010920448,19.54071617126465,1652900,0.0,0.0
2023-03-08 00:00:00-05:00,19.55838238507264,19.68205894227955,19.213858563800294,19.408205032348633,1318000,0.0,0.0
2023-03-09 00:00:00-05:00,19.24036209456011,19.258028730887975,18.15378392556312,18.180286407470703,2008100,0.0,0.0
2023-03-10 00:00:00-05:00,17.65024717487182,18.40113392038757,17.261554247146734,18.056610107421875,3570200,0.0,0.0
2023-03-13 00:00:00-04:00,16.996535699741674,18.948841375459054,16.201479783521428,17.37639617919922,6575800,0.0,0.0
2023-03-14 00:00:00-04:00,18.948840924343482,19.31986723440574,17.76509039628502,18.14495086669922,3786200,0.0,0.0
2023-03-15 00:00:00-04:00,16.96120194378074,17.906435286621445,16.855193694469126,16.952367782592773,5043700,0.0,0.0
2023-03-16 00:00:00-04:00,16.660845305218473,17.800425009545435,16.121973328746847,17.261554718017578,3837100,0.0,0.0
2023-03-17 00:00:00-04:00,16.908193365794137,17.005367433165606,15.57426564027207,15.71561050415039,6689200,0.0,0.0
2023-03-20 00:00:00-04:00,16.192645835327887,16.758018639176097,16.01596599165339,16.060136795043945,3160700,0.0,0.0
2023-03-21 00:00:00-04:00,16.837522468600486,17.067205565048713,16.705013443519036,16.78451919555664,3053900,0.0,0.0
2023-03-22 00:00:00-04:00,16.76685334402238,16.864027429691525,15.97179739157133,15.989465713500977,3877300,0.0,0.0
2023-03-23 00:00:00-04:00,16.174975952047213,16.2103125913474,15.477094175305492,15.60076904296875,1879000,0.0,0.0
2023-03-24 00:00:00-04:00,15.176741403082215,15.874623268206959,15.017729875980804,15.821619987487793,2137900,0.0,0.0
2023-03-27 00:00:00-04:00,16.48416879717651,16.510671283068238,15.901127587111288,16.015968322753906,1959300,0.0,0.0
2023-03-28 00:00:00-04:00,15.733281011942523,16.139644015149592,15.697946050979832,15.936463356018066,1400600,0.0,0.0
2023-03-29 00:00:00-04:00,16.36049112167888,16.36049112167888,15.98063064644879,16.157310485839844,985800,0.0,0.0
2023-03-30 00:00:00-04:00,16.3604914408055,16.404660559042913,15.750947836454856,15.839287757873535,927400,0.0,0.0
2023-03-31 00:00:00-04:00,16.02479846254694,16.11313837506891,15.706777136388997,15.883455276489258,1590600,0.0,0.0
2023-04-03 00:00:00-04:00,15.927624669221693,16.139639429592755,15.72444238287383,15.812782287597656,1400600,0.0,0.0
2023-04-04 00:00:00-04:00,15.927627667614733,15.936461828244509,15.282747421191873,15.724445343017578,1650300,0.0,0.0
2023-04-05 00:00:00-04:00,15.362251007551757,15.609602415343963,15.353416848172362,15.371085166931152,1684600,0.0,0.0
2023-04-06 00:00:00-04:00,15.450593554339537,15.636107563093093,15.353419469518917,15.547767639160156,1035700,0.0,0.0
2023-04-10 00:00:00-04:00,15.309251287862478,15.662609320296879,15.309251287862478,15.432926177978516,1479600,0.0,0.0
2023-04-11 00:00:00-04:00,15.538932915423038,15.583102033317667,15.344586437765297,15.450592994689941,1547900,0.0,0.0
2023-04-12 00:00:00-04:00,15.600771190040613,15.67144279342354,15.238579012085118,15.424091339111328,1046000,0.0,0.0
2023-04-13 00:00:00-04:00,15.50359765414788,16.183812913956466,15.362254442362199,16.05130386352539,2100200,0.0,0.0
2023-04-14 00:00:00-04:00,16.404660723542737,16.48416648512242,15.821619595254333,15.918793678283691,2987500,0.0,0.0
2023-04-17 00:00:00-04:00,15.768616572129039,16.30748690555125,15.697944970125606,16.272151947021484,1310100,0.0,0.0
2023-04-18 00:00:00-04:00,16.210313798138554,16.245648755125583,15.706778445230634,15.848121643066406,1878400,0.0,0.0
2023-04-19 00:00:00-04:00,15.856956619084796,16.47533272018391,15.839288297210674,16.298654556274414,1490000,0.0,0.0
2023-04-20 00:00:00-04:00,16.06013431070864,16.25448076073213,15.936459450234024,15.962960243225098,1721600,0.0,0.0
2023-04-21 00:00:00-04:00,16.47532904561105,16.607838060225024,15.468258512612623,15.812782287597656,2058100,0.0,0.0
2023-04-24 00:00:00-04:00,15.680276682587609,15.742114123857494,15.459427715227221,15.547767639160156,2422900,0.0,0.0
2023-04-25 00:00:00-04:00,15.273914549488762,15.468261023473332,14.95589151483782,14.982392311096191,1936400,0.0,0.0
2023-04-26 00:00:00-04:00,14.955892598553408,15.432925500152185,14.938224276471693,15.424091339111328,2209400,0.0,0.0
2023-04-27 00:00:00-04:00,15.51243325846725,16.007136230678345,15.503599096290895,15.865791320800781,2251000,0.0,0.0
2023-04-28 00:00:00-04:00,15.697944673007113,16.0601368370374,15.689110512305904,15.750947952270508,1471500,0.0,0.0
2023-05-01 00:00:00-04:00,15.750947633743722,15.803950911935248,15.141404037237766,15.229743957519531,1585700,0.0,0.0
2023-05-02 00:00:00-04:00,15.16790790959371,15.212077031312667,14.0724971785125,14.355183601379395,2652500,0.0,0.0
2023-05-03 00:00:00-04:00,14.3551821637355,14.75271095917032,14.019491648963827,14.11666488647461,3048300,0.0,0.0
2023-05-04 00:00:00-04:00,13.666134331316645,13.913484938780599,12.941749145749998,13.374613761901855,3402000,0.0,0.0
2023-05-05 00:00:00-04:00,14.019491989963674,14.081329429658997,13.745639749194162,13.939986228942871,2329400,0.0,0.0
2023-05-08 00:00:00-04:00,14.20500583263821,14.20500583263821,13.392281547079191,13.418783187866211,1552000,0.0,0.0
2023-05-09 00:00:00-04:00,13.303942120387251,13.392281201555473,13.083093153758771,13.206768035888672,1770300,0.0,0.0
2023-05-10 00:00:00-04:00,13.489455696460292,13.489455696460292,13.030089427510655,13.22443675994873,1215200,0.0,0.0
2023-05-11 00:00:00-04:00,12.9594175155368,13.35694548962336,12.844575951027888,13.065424919128418,1387600,0.0,0.0
2023-05-12 00:00:00-04:00,13.162599655374006,13.197935460580796,12.782739960019025,12.994754791259766,1935700,0.0,0.0
2023-05-15 00:00:00-04:00,13.003587390977007,13.418782841658745,12.985919069260193,13.206768035888672,1894800,0.0,0.0
2023-05-16 00:00:00-04:00,13.153764626517006,13.24210370681777,12.782738298826747,12.791571617126465,1498200,0.0,0.0
2023-05-17 00:00:00-04:00,13.056591217822554,13.745640629131575,13.038923737838006,13.719138145446777,2165600,0.0,0.0
2023-05-18 00:00:00-04:00,13.621965584689832,13.86048205254918,13.53362565290665,13.754474639892578,1648300,0.0,0.0
2023-05-19 00:00:00-04:00,13.89581467502416,13.89581467502416,13.21560038894256,13.42761516571045,2171800,0.0,0.0
2023-05-22 00:00:00-04:00,13.604295533467424,13.87814861323568,13.374613256452667,13.833978652954102,1239100,0.0,0.0
2023-05-23 00:00:00-04:00,13.79864359551752,14.408186384283361,13.727971992254002,14.0636625289917,2019900,0.0,0.0
2023-05-24 00:00:00-04:00,13.957656146005087,14.028327754442822,13.71913883567371,13.754474639892578,1250500,0.0,0.0
2023-05-25 00:00:00-04:00,13.586629356722119,13.77214253370327,13.46295362457735,13.683802604675293,1685400,0.0,0.0
2023-05-26 00:00:00-04:00,13.745638847351074,13.789807962823007,13.401114186355624,13.745638847351074,1172500,0.0,0.0
2023-05-30 00:00:00-04:00,13.816311094922508,13.833978573450453,13.427616457644735,13.613129615783691,1235200,0.0,0.0
2023-05-31 00:00:00-04:00,13.532525917114004,13.595218545277142,13.039946228230576,13.263846397399902,1587400,0.21,0.0
2023-06-01 00:00:00-04:00,13.398184366980258,13.729556470579277,13.15637180661513,13.532524108886719,1061600,0.0,0.0
2023-06-02 00:00:00-04:00,13.792249326261839,14.472906008366012,13.720601344367854,14.383345603942871,1607100,0.0,0.0
2023-06-05 00:00:00-04:00,14.293787329565566,14.347523747838492,13.86389854571633,13.917634963989258,1811200,0.0,0.0
2023-06-06 00:00:00-04:00,13.899721812387257,14.938618378487185,13.863896968207388,14.79532241821289,1840900,0.0,0.0
2023-06-07 00:00:00-04:00,14.938620394687689,15.323728980484754,14.80428062732711,15.216256141662598,1634100,0.0,0.0
2023-06-08 00:00:00-04:00,15.001310878986402,15.225211041359334,14.6968065215014,15.135650634765625,2341800,0.0,0.0
2023-06-09 00:00:00-04:00,15.02817755453035,15.377461215672252,15.001308923587722,15.171473503112793,1673800,0.0,0.0
2023-06-12 00:00:00-04:00,15.40432984661488,15.646140692208723,14.956529580239128,15.171473503112793,2016200,0.0,0.0
2023-06-13 00:00:00-04:00,15.189388375016852,15.610321833941844,15.055048599960694,15.556586265563965,1198900,0.0,0.0
2023-06-14 00:00:00-04:00,15.493889755945489,15.753614750885278,15.072958087296358,15.189385414123535,1459800,0.0,0.0
2023-06-15 00:00:00-04:00,15.072958150355513,15.529714664999329,15.072958150355513,15.467022895812988,1299400,0.0,0.0
2023-06-16 00:00:00-04:00,15.610321823124803,15.664057391465446,15.13565279615085,15.278948783874512,3772600,0.0,0.0
2023-06-20 00:00:00-04:00,15.189386092325753,15.189386092325753,14.938619005432813,15.046090126037598,1226400,0.0,0.0
2023-06-21 00:00:00-04:00,14.929664351291184,15.037137191328878,14.786368370056152,14.786368370056152,1290400,0.0,0.0
2023-06-22 00:00:00-04:00,14.68785145664482,14.732632517548899,14.257963521302507,14.275875091552734,1530200,0.0,0.0
2023-06-23 00:00:00-04:00,14.087798819513797,14.356480058614428,13.908678847558107,14.007195472717285,1783500,0.0,0.0
2023-06-26 00:00:00-04:00,14.11466840424582,14.383347953176054,14.105712191518425,14.249008178710938,999900,0.0,0.0
2023-06-27 00:00:00-04:00,14.016149664507823,14.544554178394383,13.980325673097447,14.4102144241333,1137100,0.0,0.0
2023-06-28 00:00:00-04:00,14.338567812698761,14.463951367571498,14.177359408877916,14.454995155334473,1801700,0.0,0.0
2023-06-29 00:00:00-04:00,14.678895526331662,14.822191507530704,14.562468182191006,14.634116172790527,930500,0.0,0.0
2023-06-30 00:00:00-04:00,14.786368532586279,14.813237169946749,14.51768728365015,14.535599708557129,846000,0.0,0.0
2023-07-03 00:00:00-04:00,14.553511813683034,14.965487328154184,14.419172046278216,14.88488483428955,502200,0.0,0.0
2023-07-05 00:00:00-04:00,14.634114878894517,14.88488367793218,14.553510683068936,14.70576286315918,811400,0.0,0.0
2023-07-06 00:00:00-04:00,14.669935886069712,14.669935886069712,14.257960463444062,14.526639938354492,1217500,0.0,0.0
2023-07-07 00:00:00-04:00,14.508733543894373,15.18938864399521,14.472908692192776,15.090873718261719,1529500,0.0,0.0
2023-07-10 00:00:00-04:00,14.947576606941437,15.449112535591585,14.947576606941437,15.216256141662598,1327700,0.0,0.0
2023-07-11 00:00:00-04:00,15.126695727347936,15.431200111084088,15.028180809002349,15.216256141662598,1476300,0.0,0.0
2023-07-12 00:00:00-04:00,15.57449610153089,15.690925152687775,15.386420768739832,15.520760536193848,1377300,0.0,0.0
2023-07-13 00:00:00-04:00,15.565540241413341,15.941692623728054,15.484937745695703,15.753617286682129,1243600,0.0,0.0
2023-07-14 00:00:00-04:00,15.932736586915745,15.932736586915745,15.243123667635608,15.31477165222168,1410000,0.0,0.0
2023-07-17 00:00:00-04:00,15.323727292030974,15.664054779060116,15.269990024429557,15.547627449035645,1051800,0.0,0.0
2023-07-18 00:00:00-04:00,15.529715198508079,16.28201987103407,15.502846564409776,16.27306365966797,1461000,0.0,0.0
2023-07-19 00:00:00-04:00,16.353670442124603,16.792514619185912,16.17454960289745,16.76564598083496,1446100,0.0,0.0
2023-07-20 00:00:00-04:00,16.79251286916417,16.79251286916417,16.34471252598646,16.488008499145508,2188800,0.0,0.0
2023-07-21 00:00:00-04:00,16.944764159256813,16.944764159256813,16.219328119924292,16.425315856933594,2136700,0.0,0.0
2023-07-24 00:00:00-04:00,16.42531722814576,16.69399675900312,16.219329473940267,16.31784439086914,2146800,0.0,0.0
2023-07-25 00:00:00-04:00,16.317843521970858,16.702952081723392,16.183503763695548,16.255151748657227,2371000,0.0,0.0
2023-07-26 00:00:00-04:00,16.51487649055376,17.043281011551507,16.51487649055376,16.935808181762695,1571600,0.0,0.0
2023-07-27 00:00:00-04:00,17.097011763720143,17.097011763720143,16.63129914599027,16.72085952758789,1937500,0.0,0.0
2023-07-28 00:00:00-04:00,16.935807348012908,17.276136535404174,16.75668654325723,17.204486846923828,1644800,0.0,0.0
2023-07-31 00:00:00-04:00,17.14179488736757,17.32987190109471,16.864159180479735,16.97163200378418,1655800,0.0,0.0
2023-08-01 00:00:00-04:00,16.944764527852755,16.944764527852755,16.344712018303923,16.50592041015625,1629600,0.0,0.0
2023-08-02 00:00:00-04:00,16.25515245487922,16.47905263113988,16.165592042730403,16.41636085510254,1471800,0.0,0.0
2023-08-03 00:00:00-04:00,16.39844979781993,16.81042704475321,16.246197596943727,16.76564598083496,1494400,0.0,0.0
2023-08-04 00:00:00-04:00,16.640259694473677,17.114928644971254,16.61339106052084,16.828336715698242,1308900,0.0,0.0
2023-08-07 00:00:00-04:00,16.765643073378488,16.971632515234408,16.62234711013597,16.953720092773438,1135500,0.0,0.0
2023-08-08 00:00:00-04:00,16.496959427704937,16.75668265529362,16.076027854884973,16.72085952758789,1043300,0.0,0.0
2023-08-09 00:00:00-04:00,16.604437029226602,16.658172590436482,16.398447579513803,16.50592041015625,707600,0.0,0.0
2023-08-10 00:00:00-04:00,16.6402615563317,16.84624931501656,16.40740516068771,16.550701141357422,1302600,0.0,0.0
2023-08-11 00:00:00-04:00,16.43427106463333,16.658171210723093,16.407402432142437,16.6402587890625,792500,0.0,0.0
2023-08-14 00:00:00-04:00,16.470093472182523,16.54174144743737,16.299930598591306,16.479049682617188,1020600,0.0,0.0
2023-08-15 00:00:00-04:00,16.20141801785677,16.237241160274504,15.735705208865946,15.834221839904785,1177700,0.0,0.0
2023-08-16 00:00:00-04:00,15.825265537079838,15.959605309771007,15.583452921302003,15.592409133911133,957100,0.0,0.0
2023-08-17 00:00:00-04:00,15.753615170623753,15.807350729958593,15.502846380023442,15.574494361877441,904000,0.0,0.0
2023-08-18 00:00:00-04:00,15.413285826759862,15.771527440791916,15.413285826759862,15.67301082611084,960900,0.0,0.0
2023-08-21 00:00:00-04:00,15.726746183616768,15.762571027850445,15.350593860276133,15.467022895812988,861700,0.0,0.0
2023-08-22 00:00:00-04:00,15.386420131696742,15.511803681699533,14.696807190235887,14.813236236572266,1994400,0.0,0.0
2023-08-23 00:00:00-04:00,14.813234879299833,15.126693725585938,14.65202649651121,15.126693725585938,1135600,0.0,0.0
2023-08-24 00:00:00-04:00,15.001310878986402,15.377463220101832,15.001310878986402,15.135650634765625,789200,0.0,0.0
2023-08-25 00:00:00-04:00,15.18938619543278,15.368507008620195,14.840102488762263,15.135650634765625,1289700,0.0,0.0
2023-08-28 00:00:00-04:00,15.305816386659515,15.431199940379313,15.117739347857013,15.162520408630371,1428100,0.0,0.0
2023-08-29 00:00:00-04:00,15.162518952264797,15.395375321251915,15.064002336248768,15.359550476074219,1005600,0.0,0.0
2023-08-30 00:00:00-04:00,15.305814929326687,15.377462911519343,15.144606542337547,15.332683563232422,2105100,0.0,0.0
2023-08-31 00:00:00-04:00,15.287348515555836,15.722575088736903,15.287348515555836,15.713507652282715,2270300,0.21,0.0
2023-09-01 00:00:00-04:00,15.876715952894964,16.17593439862154,15.84951364712475,16.021791458129883,1195000,0.0,0.0
2023-09-05 00:00:00-04:00,16.17593500464528,16.357280257701163,15.731641037038518,15.767909049987793,1928100,0.0,0.0
2023-09-06 00:00:00-04:00,15.767908710102668,15.8767162054781,15.160404373727971,15.278279304504395,1480000,0.0,0.0
2023-09-07 00:00:00-04:00,15.232939720153809,15.36894950023784,15.060663663070109,15.232939720153809,1010600,0.0,0.0
2023-09-08 00:00:00-04:00,15.178540056426648,15.477758522918629,15.042531977009668,15.368952751159668,992800,0.0,0.0
2023-09-11 00:00:00-04:00,15.414287408730118,15.532160610315419,15.078799215941004,15.178539276123047,1396400,0.0,0.0
2023-09-12 00:00:00-04:00,15.214806863627075,15.731638503328908,15.151334824674656,15.695368766784668,1700400,0.0,0.0
2023-09-13 00:00:00-04:00,15.813246864184766,15.885784622438232,15.35988544274146,15.722574234008789,2007400,0.0,0.0
2023-09-14 00:00:00-04:00,15.92205139974221,16.166866963364804,15.885783388151701,16.021791458129883,1947800,0.0,0.0
2023-09-15 00:00:00-04:00,15.849517323817615,16.076198069511015,15.731644097009259,16.012727737426758,5295300,0.0,0.0
2023-09-18 00:00:00-04:00,15.958322804227377,15.985523383396474,15.659104327310965,15.7769775390625,1612200,0.0,0.0
2023-09-19 00:00:00-04:00,15.813246946645105,15.940187591891476,15.631901685347504,15.849514961242676,1491000,0.0,0.0
2023-09-20 00:00:00-04:00,15.949256730108962,16.293810688023555,15.804181197362105,15.813248634338379,1673500,0.0,0.0
2023-09-21 00:00:00-04:00,15.71350532109787,15.912983705186312,15.51402693700943,15.659102439880371,1421500,0.0,0.0
2023-09-22 00:00:00-04:00,15.659102141956495,15.740707326948364,15.486824337036289,15.514026641845703,1186000,0.0,0.0
2023-09-25 00:00:00-04:00,15.450559301123485,15.758843501129615,15.405222117713237,15.749777793884277,950000,0.0,0.0
2023-09-26 00:00:00-04:00,15.586567858628358,15.713508517100045,15.32361737529499,15.35988712310791,2057300,0.0,0.0
2023-09-27 00:00:00-04:00,15.450559564912696,15.468692709149673,15.178541648117147,15.341752052307129,1640400,0.0,0.0
2023-09-28 00:00:00-04:00,15.332682476257837,15.640968367952102,15.314547605114292,15.423355102539062,1543800,0.0,0.0
2023-09-29 00:00:00-04:00,15.640967272083552,15.822312511940233,15.423354021917364,15.514026641845703,1316000,0.0,0.0
2023-10-02 00:00:00-04:00,15.44149232511658,15.541230672721253,15.024398872482456,15.151339530944824,1431100,0.0,0.0
2023-10-03 00:00:00-04:00,15.024396932141364,15.033464367922905,14.788648790130926,14.924656867980957,2032400,0.0,0.0
2023-10-04 00:00:00-04:00,14.688910749007812,15.033464668410572,14.688910749007812,14.951859474182129,1647300,0.0,0.0
2023-10-05 00:00:00-04:00,14.9518596755009,15.332683343882366,14.89745678842829,15.296415328979492,1425900,0.0,0.0
2023-10-06 00:00:00-04:00,15.115069588547334,15.468690937500421,14.969994074646758,15.133204460144043,1343700,0.0,0.0
2023-10-09 00:00:00-04:00,14.897455415756118,15.133203543930733,14.879320545257354,14.915590286254883,1305100,0.0,0.0
2023-10-10 00:00:00-04:00,15.015331465170402,15.205744182676595,14.98813088369578,15.033466339111328,1879600,0.0,0.0
2023-10-11 00:00:00-04:00,15.00626150369697,15.24200963695881,14.788648241325228,14.960926055908203,1558300,0.0,0.0
2023-10-12 00:00:00-04:00,15.024396222695822,15.024396222695822,14.516631948961738,14.607304573059082,1479900,0.0,0.0
2023-10-13 00:00:00-04:00,14.770515953139238,14.852119417985818,14.489430626414332,14.50756549835205,1769500,0.0,0.0
2023-10-16 00:00:00-04:00,14.716110585461468,15.042531345916846,14.679842572875586,14.969993591308594,1768800,0.0,0.0
2023-10-17 00:00:00-04:00,14.852118800014646,15.568430646820829,14.852118800014646,15.323615074157715,1673800,0.0,0.0
2023-10-18 00:00:00-04:00,15.033465527830774,15.20574336209907,14.870255130043615,14.942792892456055,1652800,0.0,0.0
2023-10-19 00:00:00-04:00,15.006262599334567,15.29641536645134,14.797716757181519,14.870254516601562,1622000,0.0,0.0
2023-10-20 00:00:00-04:00,14.761448214002652,14.933724305563075,13.745917889022676,14.0360689163208,4410300,0.0,0.0
2023-10-23 00:00:00-04:00,13.963532066192952,14.41689350814361,13.963532066192952,14.135809898376465,1871000,0.0,0.0
2023-10-24 00:00:00-04:00,14.172077747413386,14.226480632244659,13.782186659010112,14.017934799194336,1764100,0.0,0.0
2023-10-25 00:00:00-04:00,13.927262072409485,14.117673897400474,13.791253996580888,14.008867263793945,2648800,0.0,0.0
2023-10-26 00:00:00-04:00,14.135809122731118,14.969994199325264,14.135809122731118,14.716111183166504,2658200,0.0,0.0
2023-10-27 00:00:00-04:00,14.64357218285588,14.716109934254243,14.389690052961617,14.57103443145752,2278200,0.0,0.0
2023-10-30 00:00:00-04:00,14.752379746993226,14.870252945054766,14.498496751136129,14.679841995239258,1735600,0.0,0.0
2023-10-31 00:00:00-04:00,14.734244899342348,14.85211809758506,14.571034525285958,14.697975158691406,838000,0.0,0.0
2023-11-01 00:00:00-04:00,14.580102687017972,14.734245633593021,14.453161182568445,14.661707878112793,2008300,0.0,0.0
2023-11-02 00:00:00-04:00,14.879320912729824,15.34174974525021,14.679842520626249,15.305480003356934,3316500,0.0,0.0
2023-11-03 00:00:00-04:00,15.731640152168126,16.103396343529358,15.64096753074032,15.994588851928711,1856200,0.0,0.0
2023-11-06 00:00:00-05:00,15.976459041037787,16.03992937043494,15.586567898241817,15.813248634338379,1632500,0.0,0.0
2023-11-07 00:00:00-05:00,15.704439560506295,15.822314500055343,15.568431478242204,15.74070930480957,1342400,0.0,0.0
2023-11-08 00:00:00-05:00,15.758842505689762,15.767909941799047,15.477758904048294,15.523096084594727,1032000,0.0,0.0
2023-11-09 00:00:00-05:00,15.53216057798629,15.63190063796073,15.232942127499436,15.278279304504395,966800,0.0,0.0
2023-11-10 00:00:00-05:00,15.514028266462656,15.55936371645613,15.178540056426648,15.368952751159668,2440800,0.0,0.0
2023-11-13 00:00:00-05:00,15.31454822707791,15.341750534897985,15.042532066623451,15.051599502563477,2303900,0.0,0.0
2023-11-14 00:00:00-05:00,15.722573266407645,16.420750227527794,15.677237818827985,16.2666072845459,2292000,0.0,0.0
2023-11-15 00:00:00-05:00,16.239408290967738,16.611164571151168,16.239408290967738,16.429821014404297,2070900,0.0,0.0
2023-11-16 00:00:00-05:00,16.393547719538127,16.457018037143012,16.067126966785633,16.248472213745117,2343300,0.0,0.0
2023-11-17 00:00:00-05:00,16.52955786482151,16.574895046970305,16.284742269528003,16.484222412109375,1225200,0.0,0.0
2023-11-20 00:00:00-05:00,16.43888230156986,16.475152040827876,16.284739368596004,16.375411987304688,1519700,0.0,0.0
2023-11-21 00:00:00-05:00,16.33007790413454,16.339145339705013,15.949254257357252,15.985522270202637,1273000,0.0,0.0
2023-11-22 00:00:00-05:00,16.166867064358087,16.21220251148854,15.940186369832913,16.030858993530273,1448400,0.0,0.0
2023-11-24 00:00:00-05:00,16.067129233961133,16.139666997093183,15.931121144268124,16.076196670532227,474300,0.0,0.0
2023-11-27 00:00:00-05:00,15.940185976285411,16.030858597744153,15.76790816845744,15.876715660095215,1159400,0.0,0.0
2023-11-28 00:00:00-05:00,15.922051529818113,15.94018640047974,15.686303399526302,15.931118965148926,1010100,0.0,0.0
2023-11-29 00:00:00-05:00,16.10339778847483,16.40261625542974,16.05806060897465,16.157800674438477,1214100,0.0,0.0
2023-11-30 00:00:00-05:00,16.212884787119748,16.442399013156045,16.084357380876888,16.28632926940918,1649300,0.22,0.0
2023-12-01 00:00:00-05:00,16.240426731830137,17.27783023795938,16.13025913553323,17.20438575744629,2052100,0.0,0.0
2023-12-04 00:00:00-05:00,17.085036446862187,17.4247164591796,17.039132559350197,17.406354904174805,1513100,0.0,0.0
2023-12-05 00:00:00-05:00,17.277830123901367,17.387997719471013,17.103398827188812,17.277830123901367,1552500,0.0,0.0
2023-12-06 00:00:00-05:00,17.44307850498433,17.83784319342372,17.332910922910006,17.42471694946289,1488800,0.0,0.0
2023-12-07 00:00:00-05:00,17.544066346720676,17.79194035670025,17.406356423221077,17.77358055114746,1406200,0.0,0.0
2023-12-08 00:00:00-05:00,17.828664068826,18.0122761389572,17.67259433453082,17.957191467285156,1065900,0.0,0.0
2023-12-11 00:00:00-05:00,17.929654003134207,18.01227927396861,17.828667171879985,17.847028732299805,953200,0.0,0.0
2023-12-12 00:00:00-05:00,17.801123862013597,17.929653026899384,17.635873329342363,17.810304641723633,1370200,0.0,0.0
2023-12-13 00:00:00-05:00,17.791940463276845,18.64573358902754,17.7276767658211,18.636552810668945,2116600,0.0,0.0
2023-12-14 00:00:00-05:00,19.224110998177323,19.729041567064755,19.132304962637477,19.591333389282227,2162600,0.0,0.0
2023-12-15 00:00:00-05:00,19.609690611241643,19.673954296595614,19.24246655026907,19.45362091064453,3985300,0.0,0.0
2023-12-18 00:00:00-05:00,19.572972280794513,19.618876175144308,19.306736697783798,19.416902542114258,1797000,0.0,0.0
2023-12-19 00:00:00-05:00,19.49034576441704,19.839208334747248,19.334276035807086,19.793304443359375,1863900,0.0,0.0
2023-12-20 00:00:00-05:00,19.729040189817425,20.004458277210542,19.343456268310547,19.343456268310547,1795400,0.0,0.0
2023-12-21 00:00:00-05:00,19.591329057982197,19.628050413446996,19.288370433417693,19.45362091064453,1360000,0.0,0.0
2023-12-22 00:00:00-05:00,19.628057358343288,19.866752382010077,19.51789150191537,19.701501846313477,1228400,0.0,0.0
2023-12-26 00:00:00-05:00,19.774947056603295,20.08708480094748,19.69232179305334,20.00446128845215,770100,0.0,0.0
2023-12-27 00:00:00-05:00,19.97691557879253,20.096262188748042,19.866747995633773,19.949373245239258,815000,0.0,0.0
2023-12-28 00:00:00-05:00,19.885109551335955,20.03199849484474,19.78412274602829,19.949373245239258,842900,0.0,0.0
2023-12-29 00:00:00-05:00,19.88511141350866,19.93101355600836,19.59133349897979,19.637235641479492,980400,0.0,0.0
2024-01-02 00:00:00-05:00,19.46280661283426,20.09626460111106,19.45362583388111,19.967737197875977,1204900,0.0,0.0
2024-01-03 00:00:00-05:00,19.738223529455556,19.756585087875592,19.242471958442096,19.288375854492188,1564300,0.0,0.0
2024-01-04 00:00:00-05:00,19.325097838454187,19.646418116864957,19.279195691990356,19.545433044433594,1168600,0.0,0.0
2024-01-05 00:00:00-05:00,19.435263654180833,19.903472859485014,19.370999954619286,19.591333389282227,1322200,0.0,0.0
2024-01-08 00:00:00-05:00,19.51788916895644,19.903473122475035,19.416902353422795,19.875930786132812,1059200,0.0,0.0
2024-01-09 00:00:00-05:00,19.591333057506034,19.74740278996441,19.508707802024865,19.692319869995117,1253800,0.0,0.0
2024-01-10 00:00:00-05:00,19.60969461451395,19.719860454452537,19.41690176803974,19.692319869995117,1349400,0.0,0.0
2024-01-11 00:00:00-05:00,19.51788902282715,19.554610386620677,19.123124293483393,19.51788902282715,1658400,0.0,0.0
2024-01-12 00:00:00-05:00,19.609694294647127,19.72904091114293,19.04049829406745,19.214929580688477,916500,0.0,0.0
2024-01-16 00:00:00-05:00,18.92115281975895,19.169026846067833,18.829346781729406,19.03131866455078,1088300,0.0,0.0
2024-01-17 00:00:00-05:00,18.682456535404746,19.077221246022265,18.59065050369414,18.976234436035156,810800,0.0,0.0
2024-01-18 00:00:00-05:00,19.07722211212145,19.233291847798668,18.930333155137536,19.20574951171875,1211300,0.0,0.0
2024-01-19 00:00:00-05:00,19.242472457729633,19.692321895419905,19.1047642681154,19.618877410888672,1185600,0.0,0.0
2024-01-22 00:00:00-05:00,19.839208011456343,20.01363754272461,19.738221203103063,20.01363754272461,1677000,0.0,0.0
2024-01-23 00:00:00-05:00,20.197250430331625,20.2247927658435,19.692319869995117,19.692319869995117,1603800,0.0,0.0
2024-01-24 00:00:00-05:00,19.931013747656618,20.20643185846661,19.774945761235152,20.068723678588867,2171500,0.0,0.0
2024-01-25 00:00:00-05:00,20.197253330690245,20.289059377858866,19.894294600772078,20.087085723876953,2439000,0.0,0.0
2024-01-26 00:00:00-05:00,20.344139997623568,20.344139997623568,19.600514426928605,19.875930786132812,1788800,0.0,0.0
2024-01-29 00:00:00-05:00,19.912653237709574,20.206431144685748,19.72904117032224,20.197250366210938,1515700,0.0,0.0
2024-01-30 00:00:00-05:00,20.096264263931708,20.27069555900592,20.041181342191514,20.068723678588867,919500,0.0,0.0
2024-01-31 00:00:00-05:00,19.536251639998916,20.114626721793364,19.27919507528217,19.288375854492188,2253200,0.0,0.0
2024-02-01 00:00:00-05:00,19.44444267997935,19.52706792941133,18.480482020290985,19.13230323791504,2744400,0.0,0.0
2024-02-02 00:00:00-05:00,18.590650500572202,19.24246999860467,18.590650500572202,18.856887817382812,3647200,0.0,0.0
2024-02-05 00:00:00-05:00,18.618194169634673,18.627374948567557,18.19588709399473,18.333595275878906,2600800,0.0,0.0
2024-02-06 00:00:00-05:00,18.28769302368164,18.498845684720578,18.186706207074096,18.28769302368164,2255200,0.0,0.0
2024-02-07 00:00:00-05:00,18.37950000026221,18.489665850321032,17.856207834846277,18.2509708404541,2156500,0.0,0.0
2024-02-08 00:00:00-05:00,18.09490016934492,18.333595167018967,18.067359583764336,18.28769302368164,1046700,0.0,0.0
2024-02-09 00:00:00-05:00,18.28769375493802,18.68245850722047,18.104081672137706,18.590652465820312,1806100,0.0,0.0
2024-02-12 00:00:00-05:00,18.54475011433726,19.29755649354529,18.54475011433726,19.049680709838867,1578700,0.0,0.0
2024-02-13 00:00:00-05:00,18.443763220117024,18.53556926012402,17.81030347022879,18.113262176513672,2142100,0.0,0.0
2024-02-14 00:00:00-05:00,18.41622080063102,18.4529439168918,18.10408131663265,18.379499435424805,1434800,0.0,0.0
2024-02-15 00:00:00-05:00,18.498846218620564,19.14148675021768,18.480484660333886,19.049680709838867,1747300,0.0,0.0
2024-02-16 00:00:00-05:00,18.801802240187104,19.33427509705193,18.664094074818575,19.13230323791504,2066700,0.0,0.0
2024-02-20 00:00:00-05:00,18.866066522141868,19.23329064264598,18.866066522141868,19.077220916748047,1096800,0.0,0.0
2024-02-21 00:00:00-05:00,19.003777970065194,19.141486150793735,18.829346673913296,18.985416412353516,1152600,0.0,0.0
2024-02-22 00:00:00-05:00,18.994595880339226,19.123123273341893,18.78344148333633,18.93033218383789,1413000,0.0,0.0
2024-02-23 00:00:00-05:00,18.930335131559097,19.18738995759151,18.709999922024643,18.93951416015625,1506000,0.0,0.0
2024-02-26 00:00:00-05:00,18.820165856408416,19.077222410680452,18.636553781777746,18.79262351989746,877300,0.0,0.0
2024-02-27 00:00:00-05:00,18.94869118338745,19.159845571410475,18.866065933955465,19.13230323791504,1200100,0.0,0.0
2024-02-28 00:00:00-05:00,18.957873100160715,19.31591645289443,18.893609402531553,18.948692321777344,922100,0.0,0.0
2024-02-29 00:00:00-05:00,19.30131164672717,19.514740965019094,19.162119844307078,19.338430404663086,1209500,0.22,0.0
2024-03-01 00:00:00-05:00,19.189960328667844,19.21779762925393,18.725986439753903,19.152841567993164,885900,0.0,0.0
2024-03-04 00:00:00-05:00,19.301312171287556,19.561138174140986,19.06932523764266,19.1342830657959,1161500,0.0,0.0
2024-03-05 00:00:00-05:00,19.04148912861325,19.913758779300245,19.04148912861325,19.885921478271484,1830900,0.0,0.0
2024-03-06 00:00:00-05:00,19.848801793781018,19.978715682245735,19.26419549040935,19.709609985351562,1882500,0.0,0.0
2024-03-07 00:00:00-05:00,19.895201994941417,20.03439381562647,19.375549935167854,19.59825897216797,1641600,0.0,0.0
2024-03-08 00:00:00-05:00,19.811684038299244,19.96943522039972,19.588976799437365,19.607534408569336,1081500,0.0,0.0
2024-03-11 00:00:00-04:00,19.551860957429646,19.73745123578796,19.3941097518011,19.588979721069336,1433000,0.0,0.0
2024-03-12 00:00:00-04:00,19.542579150428782,19.69105064907076,19.245636153144833,19.31987190246582,947600,0.0,0.0
2024-03-13 00:00:00-04:00,19.273476954534246,19.551860597020063,19.106446061074745,19.208520889282227,990000,0.0,0.0
2024-03-14 00:00:00-04:00,19.106447616413146,19.171403686952843,18.50328182864717,18.633193969726562,1042700,0.0,0.0
2024-03-15 00:00:00-04:00,18.549676502848197,19.03220978865571,18.531117121874065,18.790943145751953,2401200,0.0,0.0
2024-03-18 00:00:00-04:00,18.781663558989703,18.837339932299592,18.568235986368453,18.5960750579834,1302000,0.0,0.0
2024-03-19 00:00:00-04:00,18.531119146573577,18.92085734001299,18.531119146573577,18.82806396484375,770900,0.0,0.0
2024-03-20 00:00:00-04:00,18.818781892701807,19.468344286315485,18.688867998043108,19.301313400268555,1113600,0.0,0.0
2024-03-21 00:00:00-04:00,19.347713782526224,19.718892583046603,19.338434091273196,19.496185302734375,1919000,0.0,0.0
2024-03-22 00:00:00-04:00,19.551860730902877,19.644655869006918,19.04149012621074,19.087886810302734,1209200,0.0,0.0
2024-03-25 00:00:00-04:00,19.078604927378834,19.32915124049609,19.078604927378834,19.1342830657959,884500,0.0,0.0
2024-03-26 00:00:00-04:00,19.282757211342645,19.301314823445125,18.967254796639402,19.04149055480957,1065600,0.0,0.0
2024-03-27 00:00:00-04:00,19.17139950867799,19.728168487548828,19.152840129734344,19.728168487548828,1005300,0.0,0.0
2024-03-28 00:00:00-04:00,19.728170444362473,20.006554076450534,19.66321438153659,19.96015739440918,1877000,0.0,0.0
2024-04-01 00:00:00-04:00,19.96015497126546,19.9787143497969,19.626093237378583,19.73744773864746,1279800,0.0,0.0
2024-04-02 00:00:00-04:00,19.561140906834424,19.570420597866974,19.227079109342952,19.31059455871582,1286400,0.0,0.0
2024-04-03 00:00:00-04:00,19.217799128091485,19.496184545103684,19.208521207119137,19.356992721557617,960600,0.0,0.0
2024-04-04 00:00:00-04:00,19.57970016384917,19.86736350434066,19.384830193250366,19.468345642089844,1470400,0.0,0.0
2024-04-05 00:00:00-04:00,19.38482611386782,19.62609271864033,19.34770912770574,19.514739990234375,920200,0.0,0.0
2024-04-08 00:00:00-04:00,19.653932212015658,19.987993944319072,19.56113708971807,19.895198822021484,1040800,0.0,0.0
2024-04-09 00:00:00-04:00,19.96943737472934,20.11790888332123,19.802406485083463,19.913759231567383,1331300,0.0,0.0
2024-04-10 00:00:00-04:00,19.39411057051961,19.477626022314436,18.911577242354,19.106447219848633,1542800,0.0,0.0
2024-04-11 00:00:00-04:00,19.162121092732573,19.1992398530868,18.76310326852417,19.07860565185547,1029100,0.0,0.0
2024-04-12 00:00:00-04:00,18.8095031267955,19.032210395830038,18.725987679667547,18.855899810791016,881500,0.0,0.0
2024-04-15 00:00:00-04:00,18.90230061208128,19.199243674336415,18.6331948557124,18.809505462646484,1057700,0.0,0.0
2024-04-16 00:00:00-04:00,18.64247231371198,18.661031695359014,18.345529287039664,18.466161727905273,1208200,0.0,0.0
2024-04-17 00:00:00-04:00,18.66102889872086,18.828059768671945,18.49399802876978,18.521835327148438,1008100,0.0,0.0
2024-04-18 00:00:00-04:00,18.52183753367688,18.77238386845139,18.42904416813373,18.5960750579834,786200,0.0,0.0
2024-04-19 00:00:00-04:00,18.50327760095173,19.097163561530234,18.38264340900936,19.069324493408203,1352800,0.0,0.0
2024-04-22 00:00:00-04:00,19.106446543732165,19.58897985482246,19.05077016781254,19.468345642089844,1030100,0.0,0.0
2024-04-23 00:00:00-04:00,19.440504761823462,19.858080159262304,19.356989328351744,19.73744773864746,1497900,0.0,0.0
2024-04-24 00:00:00-04:00,19.505461417713914,19.84880108152482,19.412666292117517,19.802404403686523,1890100,0.0,0.0
2024-04-25 00:00:00-04:00,19.681772690060495,19.895202036808065,19.366272055139795,19.830245971679688,1786000,0.0,0.0
2024-04-26 00:00:00-04:00,19.885922675937977,20.554044489666452,19.653935713820026,20.01583480834961,2239500,0.0,0.0
2024-04-29 00:00:00-04:00,20.13646813577189,20.442690841526947,20.01583392961142,20.034393310546875,2139700,0.0,0.0
2024-04-30 00:00:00-04:00,19.90448003980389,19.987995479293296,19.542579212043172,19.55185890197754,1881600,0.0,0.0
2024-05-01 00:00:00-04:00,19.700332831320814,20.387014041893906,19.672495528003587,20.006555557250977,1579100,0.0,0.0
2024-05-02 00:00:00-04:00,20.32205727305984,20.331336963818757,20.015834557695705,20.294219970703125,1397400,0.0,0.0
2024-05-03 00:00:00-04:00,20.54476175601413,20.711792627188192,20.294217219172825,20.38701057434082,765300,0.0,0.0
2024-05-06 00:00:00-04:00,20.544763126042533,20.6653973276771,20.46124768488627,20.55404281616211,871000,0.0,0.0
2024-05-07 00:00:00-04:00,20.63755825731837,20.860265510428437,20.53548343592296,20.55404281616211,1171500,0.0,0.0
2024-05-08 00:00:00-04:00,20.39629023778056,20.786028346715465,20.34061387076694,20.776748657226562,968900,0.0,0.0
2024-05-09 00:00:00-04:00,20.730355336644738,20.943782919691213,20.70251626366995,20.74891471862793,1093100,0.0,0.0
2024-05-10 00:00:00-04:00,20.85098718834115,20.85098718834115,20.507647480989935,20.7210750579834,1233000,0.0,0.0
2024-05-13 00:00:00-04:00,20.8417065755556,20.91594409809859,20.5354838747456,20.544763565063477,809400,0.0,0.0
2024-05-14 00:00:00-04:00,20.823150035371153,20.823150035371153,20.58188338446264,20.758193969726562,704300,0.0,0.0
2024-05-15 00:00:00-04:00,20.99945754524252,21.129371438375397,20.646838166555998,20.860265731811523,706600,0.0,0.0
2024-05-16 00:00:00-04:00,20.795310045918203,20.925222171478293,20.56332309603521,20.58188247680664,689400,0.0,0.0
2024-05-17 00:00:00-04:00,20.674677334304608,20.730353705954492,20.544763440561617,20.66539764404297,871000,0.0,0.0
2024-05-20 00:00:00-04:00,20.693235453056246,20.702515143545757,20.257100619569083,20.266380310058594,897700,0.0,0.0
2024-05-21 00:00:00-04:00,20.23854342921441,20.442693102240913,20.164307667183003,20.1828670501709,1171300,0.0,0.0
2024-05-22 00:00:00-04:00,20.11790843959476,20.182864501931025,19.811685738638122,19.923038482666016,773200,0.0,0.0
2024-05-23 00:00:00-04:00,19.923040330623124,19.923040330623124,19.403390013813013,19.45906639099121,748800,0.0,0.0
2024-05-24 00:00:00-04:00,19.570418176922104,19.709609985351562,19.459063668226616,19.709609985351562,652100,0.0,0.0
2024-05-28 00:00:00-04:00,19.718890209857346,19.77456658075466,19.43122689531465,19.505462646484375,649600,0.0,0.0
2024-05-29 00:00:00-04:00,19.087885656997326,19.245636851266724,18.948693843211373,19.189960479736328,853100,0.0,0.0
2024-05-30 00:00:00-04:00,19.477624762966236,19.681772648642976,19.292036258692846,19.59825897216797,1316000,0.0,0.0
2024-05-31 00:00:00-04:00,19.691050067047442,19.885920009455038,19.616814319920696,19.87664031982422,870500,0.0,0.0
2024-06-03 00:00:00-04:00,20.08290963759906,20.08290963759906,19.351598561437886,19.41722869873047,662800,0.22,0.0
2024-06-04 00:00:00-04:00,19.154708503506946,19.435981036611775,19.107828555798037,19.285968780517578,1239800,0.0,0.0
2024-06-05 00:00:00-04:00,19.473484274185708,19.473484274185708,19.229713919981283,19.342222213745117,974100,0.0,0.0
2024-06-06 00:00:00-04:00,19.342222213745117,19.417228339016702,19.16408378390453,19.342222213745117,770200,0.0,0.0
2024-06-07 00:00:00-04:00,19.173459120239364,19.33284735455017,19.145331153612627,19.29534339904785,794700,0.0,0.0
2024-06-10 00:00:00-04:00,18.967194372703073,19.154710607562176,18.83593408127411,19.014074325561523,1038600,0.0,0.0
2024-06-11 00:00:00-04:00,18.835929993563013,18.920312102108547,18.629663610611125,18.873432159423828,1155500,0.0,0.0
2024-06-12 00:00:00-04:00,19.435979044718486,19.64224721692401,19.02344627688138,19.182832717895508,1161200,0.0,0.0
2024-06-13 00:00:00-04:00,19.098452009337525,19.117202197831492,18.76092358042901,18.901559829711914,772400,0.0,0.0
2024-06-14 00:00:00-04:00,18.62028849797207,18.779676734023813,18.545282374435192,18.751548767089844,799700,0.0,0.0
2024-06-17 00:00:00-04:00,18.704670328623184,18.995318829412874,18.592160250869778,18.985942840576172,1469800,0.0,0.0
2024-06-18 00:00:00-04:00,18.901560795037767,19.1922092968378,18.892184806168473,19.08907699584961,759500,0.0,0.0
2024-06-20 00:00:00-04:00,18.976563787933273,19.220334093469244,18.92030965228243,19.13595199584961,1289700,0.0,0.0
2024-06-21 00:00:00-04:00,19.060951115386413,19.09845507496825,18.91093885363351,19.023448944091797,2335000,0.0,0.0
2024-06-24 00:00:00-04:00,19.089078012267557,19.604744909526804,19.004695896237916,19.41722869873047,959900,0.0,0.0
2024-06-25 00:00:00-04:00,19.33284665629928,19.398476787770928,18.873432159423828,18.873432159423828,1286600,0.0,0.0
2024-06-26 00:00:00-04:00,18.742172778111854,18.81717890164873,18.592160531038097,18.751548767089844,1372400,0.0,0.0
2024-06-27 00:00:00-04:00,18.770297349826006,19.04219382785821,18.657787290728276,19.032817840576172,973300,0.0,0.0
2024-06-28 00:00:00-04:00,19.192208591734214,19.895391636513803,19.192208591734214,19.829761505126953,2944300,0.0,0.0
2024-07-01 00:00:00-04:00,19.82976002239856,19.914142124525576,19.48285741435357,19.529735565185547,1166600,0.0,0.0
2024-07-02 00:00:00-04:00,19.47348546664726,19.63287371614543,19.454733487109312,19.567243576049805,787000,0.0,0.0
2024-07-03 00:00:00-04:00,19.689124893395814,19.689124893395814,19.267214358936847,19.27659034729004,637200,0.0,0.0
2024-07-05 00:00:00-04:00,19.220338643885455,19.248466612513543,18.95781630155145,19.079702377319336,965200,0.0,0.0
2024-07-08 00:00:00-04:00,19.257838503467863,19.370346777461098,19.032818378907844,19.042194366455078,973000,0.0,0.0
2024-07-09 00:00:00-04:00,18.929688774335368,19.41722767785634,18.88280882995747,19.29534339904785,857600,0.0,0.0
2024-07-10 00:00:00-04:00,19.295344649683173,19.67037528757899,19.276592670716596,19.660999298095703,927400,0.0,0.0
2024-07-11 00:00:00-04:00,20.082907163796662,20.392307621697842,19.839136835103776,20.26104736328125,1408700,0.0,0.0
2024-07-12 00:00:00-04:00,20.420434951782227,20.53294323027547,20.214166794066536,20.420434951782227,1015600,0.0,0.0
2024-07-15 00:00:00-04:00,20.729839319719193,21.179876095359955,20.654833190445736,20.936105728149414,1135900,0.0,0.0
2024-07-16 00:00:00-04:00,21.114242096286414,22.023691471023778,21.0111080167797,21.995563507080078,1852600,0.0,0.0
2024-07-17 00:00:00-04:00,21.358012418937914,22.239333829731578,21.358012418937914,21.995563507080078,1619900,0.0,0.0
2024-07-18 00:00:00-04:00,21.761172894506707,22.211211453147584,21.404894231715136,21.479900360107422,2043200,0.0,0.0
2024-07-19 00:00:00-04:00,21.404891795542145,21.779922394819902,21.329885675686594,21.470521926879883,1559500,0.0,0.0
2024-07-22 00:00:00-04:00,21.47052360314304,21.929936346661787,21.208003057296384,21.80805206298828,1109900,0.0,0.0
2024-07-23 00:00:00-04:00,21.695541056759183,22.398724125979506,21.695541056759183,22.201833724975586,1082300,0.0,0.0
2024-07-24 00:00:00-04:00,22.164328702205108,22.31434094001834,21.64866185825798,21.70491600036621,2070400,0.0,0.0
2024-07-25 00:00:00-04:00,21.761170916019164,22.698748329823427,21.69554078317879,22.436227798461914,3558100,0.0,0.0
2024-07-26 00:00:00-04:00,21.733045777862696,22.63311927979841,21.601785505902175,22.454980850219727,2803400,0.0,0.0
2024-07-29 00:00:00-04:00,22.65187185720712,22.65187185720712,21.470524013459507,21.611160278320312,2653300,0.0,0.0
2024-07-30 00:00:00-04:00,21.75179672241211,21.901808965604992,21.498650391416493,21.75179672241211,1833500,0.0,0.0
2024-07-31 00:00:00-04:00,21.723668620148704,21.976814949558843,21.48927426809198,21.545528411865234,2001800,0.0,0.0
2024-08-01 00:00:00-04:00,21.489274380245064,21.59240846794012,20.448562879429872,20.692333221435547,1964100,0.0,0.0
2024-08-02 00:00:00-04:00,20.007906099597434,20.16729436291013,19.43598319213058,19.839141845703125,2315800,0.0,0.0
2024-08-05 00:00:00-04:00,18.96719062184426,19.30471906252773,18.526529881841835,18.94843864440918,2879700,0.0,0.0
2024-08-06 00:00:00-04:00,18.86405737057615,19.267214135363652,18.69529315875087,18.9296875,1573200,0.0,0.0
2024-08-07 00:00:00-04:00,19.23908928483671,19.38910153051174,18.751548592249343,18.81717872619629,1242500,0.0,0.0
2024-08-08 00:00:00-04:00,19.154705585372938,19.201583737653014,18.96718939967887,19.164081573486328,842900,0.0,0.0
2024-08-09 00:00:00-04:00,19.1172038942157,19.248465955042754,19.004695600120613,19.239089965820312,956500,0.0,0.0
2024-08-12 00:00:00-04:00,19.426605048963292,19.69850338083999,19.004696249264928,19.079702377319336,1175000,0.0,0.0
2024-08-13 00:00:00-04:00,19.304718554985996,19.398476651409403,18.901559992166206,19.31409454345703,1214800,0.0,0.0
2024-08-14 00:00:00-04:00,19.435980675492697,19.435980675492697,19.042198063490094,19.210962295532227,932700,0.0,0.0
2024-08-15 00:00:00-04:00,19.698501603643795,20.092284187474217,19.585991527569252,19.904767990112305,1094400,0.0,0.0
2024-08-16 00:00:00-04:00,19.820385484353903,20.251672014359556,19.820385484353903,20.101659774780273,892300,0.0,0.0
2024-08-19 00:00:00-04:00,20.157914007228126,20.42043632180324,20.111035852758658,20.411060333251953,994000,0.0,0.0
2024-08-20 00:00:00-04:00,20.326678238387114,20.326678238387114,19.904767694727425,19.93289566040039,731400,0.0,0.0
2024-08-21 00:00:00-04:00,20.12041055620321,20.12041055620321,19.78288390135072,20.0454044342041,861500,0.0,0.0
2024-08-22 00:00:00-04:00,20.007902040112576,20.289174547342995,20.007902040112576,20.176666259765625,1078400,0.0,0.0
2024-08-23 00:00:00-04:00,20.382934446786017,21.508028151689494,20.345432277042377,21.132997512817383,1495200,0.0,0.0
2024-08-26 00:00:00-04:00,21.339263977999693,21.3955181269192,21.029863476511682,21.067365646362305,2003300,0.0,0.0
2024-08-27 00:00:00-04:00,20.982982994405404,21.217377361935025,20.832970742249415,21.0579891204834,1188600,0.0,0.0
2024-08-28 00:00:00-04:00,20.95485858284591,21.433023347545355,20.95485858284591,21.226755142211914,1078200,0.0,0.0
2024-08-29 00:00:00-04:00,21.47052533485879,21.489277314870886,21.086118686047026,21.29238510131836,870800,0.0,0.0
2024-08-30 00:00:00-04:00,21.404892626349067,21.526776905237533,21.161122280285113,21.451770782470703,934200,0.0,0.0
2024-09-03 00:00:00-04:00,21.243501448238998,21.499103696913597,21.016298446278828,21.224567413330078,927600,0.22,0.0
2024-09-04 00:00:00-04:00,21.167768666919585,21.40443870369409,20.940565648293948,20.997365951538086,852400,0.0,0.0
2024-09-05 00:00:00-04:00,21.234034415234998,21.234034415234998,20.628159743784884,20.656558990478516,1323200,0.0,0.0
2024-09-06 00:00:00-04:00,20.760695677697797,20.90269733701117,20.041218557441095,20.116952896118164,1790600,0.0,0.0
2024-09-09 00:00:00-04:00,20.09801930288998,20.41989070077213,20.050686017292236,20.258955001831055,1305100,0.0,0.0
2024-09-10 00:00:00-04:00,20.22108986904844,20.240022100960324,19.558412999603902,19.889751434326172,1132800,0.0,0.0
2024-09-11 00:00:00-04:00,19.662544936607514,19.77614553066273,19.12293760072301,19.444808959960938,1401400,0.0,0.0
2024-09-12 00:00:00-04:00,19.548944661663793,19.624679001148408,19.283875376292173,19.378541946411133,1320000,0.0,0.0
2024-09-13 00:00:00-04:00,19.64361117582526,20.173751501976678,19.60574310684713,20.13588523864746,1539600,0.0,0.0
2024-09-16 00:00:00-04:00,20.249487658066307,20.429357390614673,19.993885392038614,20.221088409423828,945800,0.0,0.0
2024-09-17 00:00:00-04:00,20.467225910835207,20.789095504936768,20.202154815261384,20.36309051513672,705200,0.0,0.0
2024-09-18 00:00:00-04:00,20.3346877700787,21.035230815530316,20.135885819158858,20.382022857666016,1130600,0.0,0.0
2024-09-19 00:00:00-04:00,20.893231612279145,21.120434642374416,20.505092876826907,21.006834030151367,1168200,0.0,0.0
2024-09-20 00:00:00-04:00,20.85536443874377,20.90269772417526,20.52402602377607,20.533493041992188,3139900,0.0,0.0
2024-09-23 00:00:00-04:00,20.590290753666817,20.694426135286104,20.268419397433448,20.372554779052734,860400,0.0,0.0
2024-09-24 00:00:00-04:00,20.438824737270867,20.53349311411546,20.145354394136827,20.258955001831055,1243700,0.0,0.0
2024-09-25 00:00:00-04:00,20.230556471721883,20.27788975900184,19.965485368266275,20.04121971130371,1048900,0.0,0.0
2024-09-26 00:00:00-04:00,20.344154989601975,20.448290377679115,20.107484966262284,20.315753936767578,1066900,0.0,0.0
2024-09-27 00:00:00-04:00,20.599758933523347,20.675493268344617,20.211620241858235,20.29682159423828,1232800,0.0,0.0
2024-09-30 00:00:00-04:00,20.13588686695401,20.599759915554127,20.126419848943918,20.391490936279297,984000,0.0,0.0
2024-10-01 00:00:00-04:00,20.29681868777768,20.29681868777768,19.473206334593062,19.548940658569336,1049100,0.0,0.0
2024-10-02 00:00:00-04:00,19.444811728692734,19.72881505991868,19.444811728692734,19.539478302001953,854500,0.0,0.0
2024-10-03 00:00:00-04:00,19.37854092065782,19.615210944725863,19.22707224970619,19.55841064453125,720000,0.0,0.0
2024-10-04 00:00:00-04:00,19.984417049822543,20.154819752983254,19.84241359342265,19.899215698242188,904300,0.0,0.0
2024-10-07 00:00:00-04:00,19.776147048105205,20.107485449879793,19.776147048105205,20.079084396362305,1032600,0.0,0.0
2024-10-08 00:00:00-04:00,19.956016968560682,20.17375296401805,19.795081275038054,19.993885040283203,976700,0.0,0.0
2024-10-09 00:00:00-04:00,19.870815844005417,20.419890250826445,19.870815844005417,20.116952896118164,869700,0.0,0.0
2024-10-10 00:00:00-04:00,19.96548412656682,20.28735551587029,19.85188171625128,20.2021541595459,1545200,0.0,0.0
2024-10-11 00:00:00-04:00,20.32522217604192,20.883763609147064,20.296822927149545,20.722827911376953,1240400,0.0,0.0
2024-10-14 00:00:00-04:00,20.741760080154144,20.997364131065506,20.55242334489041,20.91216278076172,1073000,0.0,0.0
2024-10-15 00:00:00-04:00,21.025765336108908,21.726310238456392,20.91216472888706,21.20563507080078,1514700,0.0,0.0
2024-10-16 00:00:00-04:00,21.46123815972995,21.849376860265973,21.300302468850457,21.678974151611328,1281500,0.0,0.0
2024-10-17 00:00:00-04:00,21.726309809095874,21.981912073118306,21.60324038044705,21.925111770629883,1060600,0.0,0.0
2024-10-18 00:00:00-04:00,21.934574873304516,21.944041889637557,21.565370264559647,21.631637573242188,1364400,0.0,0.0
2024-10-21 00:00:00-04:00,21.58430541221817,21.61270646506033,20.808028024355703,20.88376235961914,1314500,0.0,0.0
2024-10-22 00:00:00-04:00,20.921630077383185,21.262433677498965,20.732293339591898,21.224567413330078,1115800,0.0,0.0
2024-10-23 00:00:00-04:00,21.092034997936132,21.290836968435475,21.006833637536662,21.262435913085938,2197900,0.0,0.0
2024-10-24 00:00:00-04:00,21.385503678597328,21.50857129754421,20.931097662356375,21.470705032348633,2383000,0.0,0.0
2024-10-25 00:00:00-04:00,22.748724799465244,22.909660498216525,21.574841622664355,21.68844223022461,2196900,0.0,0.0
2024-10-28 00:00:00-04:00,21.92511010278233,22.568852834178355,21.66003903525193,22.512052536010742,1480300,0.0,0.0
2024-10-29 00:00:00-04:00,22.426851778224695,22.474185060339618,22.25644907357262,22.294315338134766,1084200,0.0,0.0
2024-10-30 00:00:00-04:00,22.370049446918728,23.01379218881261,22.275382883645232,22.739255905151367,1657500,0.0,0.0
2024-10-31 00:00:00-04:00,22.87179166820177,22.87179166820177,22.436319677553183,22.474185943603516,1766600,0.0,0.0
2024-11-01 00:00:00-04:00,22.64458690577214,22.739255272058887,22.26591524627406,22.303781509399414,1068300,0.0,0.0
2024-11-04 00:00:00-05:00,22.209113315029807,22.27538243589774,21.78310837191517,22.133378982543945,1151700,0.0,0.0
2024-11-05 00:00:00-05:00,22.14284520069075,22.729787610510535,22.14284520069075,22.710853576660156,1011000,0.0,0.0
2024-11-06 00:00:00-05:00,24.30128037087312,26.677447846982428,24.30128037087312,26.63957977294922,5195800,0.0,0.0
2024-11-07 00:00:00-05:00,26.10943880939458,26.18517315016824,25.418362724128794,25.42782974243164,2708100,0.0,0.0
2024-11-08 00:00:00-05:00,25.54142959376661,25.636097968340167,25.124891634681454,25.352094650268555,1612200,0.0,0.0
2024-11-11 00:00:00-05:00,25.8917005927167,26.677444988213487,25.711830871632195,26.166236877441406,1436500,0.0,0.0
2024-11-12 00:00:00-05:00,26.04316871972662,26.431307400656387,25.920099300515375,26.10943603515625,1208400,0.0,0.0
2024-11-13 00:00:00-05:00,26.223041164697353,26.55437777630995,25.730767047945623,25.806501388549805,1258100,0.0,0.0
2024-11-14 00:00:00-05:00,25.97690327035044,25.98637028832744,25.001822086508042,25.24795913696289,1145200,0.0,0.0
2024-11-15 00:00:00-05:00,25.030221549358867,25.210089462541163,24.604214795718818,25.181690216064453,9644700,0.0,0.0
2024-11-18 00:00:00-05:00,25.30475920407265,25.50356296844449,25.115424263238886,25.12489128112793,4897000,0.0,0.0
2024-11-19 00:00:00-05:00,24.708350289101997,25.105955992352794,24.63261595541846,24.717817306518555,3341700,0.0,0.0
2024-11-20 00:00:00-05:00,24.708352465025225,25.162758507143376,24.42434733446455,25.134357452392578,2666300,0.0,0.0
2024-11-21 00:00:00-05:00,25.342627837964777,25.541429801098865,25.08702376623603,25.285825729370117,1758100,0.0,0.0
2024-11-22 00:00:00-05:00,25.33316266572477,25.90117115351486,25.229027264695983,25.853836059570312,1928500,0.0,0.0
2024-11-25 00:00:00-05:00,26.18517146536222,26.47864179127155,25.730765449957648,25.740232467651367,3159700,0.0,0.0
2024-11-26 00:00:00-05:00,25.607694511944576,25.673963631883517,25.276357940494318,25.588762283325195,1889200,0.0,0.0
2024-11-27 00:00:00-05:00,25.74970166754652,25.9201025835274,25.247960521152457,25.2952938079834,1240700,0.0,0.0
2024-11-29 00:00:00-05:00,25.531960742486646,25.531960742486646,25.03968848021882,25.266891479492188,867900,0.0,0.0
2024-12-02 00:00:00-05:00,25.43877487761195,25.43877487761195,25.037713029480937,25.14275360107422,1299800,0.23,0.0
2024-12-03 00:00:00-05:00,25.14275081992502,25.266888173340323,24.70349360793101,24.77988624572754,2374400,0.0,0.0
2024-12-04 00:00:00-05:00,24.789436601830666,24.989968437603693,24.54116186625547,24.932674407958984,1453200,0.0,0.0
2024-12-05 00:00:00-05:00,25.228695568590602,25.34328544869099,24.85628164561696,24.88492774963379,2753400,0.0,0.0
2024-12-06 00:00:00-05:00,25.075910245678525,25.075910245678525,24.617554368520278,24.837182998657227,1279600,0.0,0.0
2024-12-09 00:00:00-05:00,24.91357625986417,25.16185282145657,24.674849006949675,24.7034969329834,1604000,0.0,0.0
2024-12-10 00:00:00-05:00,24.798984979633342,25.400578643030503,24.483865096397214,24.827632904052734,2904900,0.0,0.0
2024-12-11 00:00:00-05:00,25.085460662841797,25.419679187712195,25.009068013272373,25.085460662841797,1751000,0.0,0.0
2024-12-12 00:00:00-05:00,25.047262141494638,25.200047432789713,24.66529891325695,24.693946838378906,956800,0.0,0.0
2024-12-13 00:00:00-05:00,24.713044322969843,24.789436970747786,24.235589819021595,24.397924423217773,1012900,0.0,0.0
2024-12-16 00:00:00-05:00,24.397926156973142,24.655752044549367,24.07325692550927,24.560260772705078,1382600,0.0,0.0
2024-12-17 00:00:00-05:00,24.31198193925196,24.579357111345168,23.7772334164099,23.968215942382812,1372600,0.0,0.0
2024-12-18 00:00:00-05:00,24.09235282077901,24.369277295689816,22.68863729377904,22.812774658203125,1723100,0.0,0.0
2024-12-19 00:00:00-05:00,23.15654110706374,23.51940569209226,22.53585067877211,22.6313419342041,1765400,0.0,0.0
2024-12-20 00:00:00-05:00,22.383068723967455,23.18519247461326,22.383068723967455,22.908267974853516,3423800,0.0,0.0
2024-12-23 00:00:00-05:00,22.65998764155545,23.194737934131,22.65998764155545,23.16609001159668,952500,0.0,0.0
2024-12-24 00:00:00-05:00,23.166092848705777,23.309328836230865,22.994208935137912,23.271133422851562,240600,0.0,0.0
2024-12-26 00:00:00-05:00,23.051506119076027,23.45256803181385,22.95601666189364,23.404823303222656,770400,0.0,0.0
2024-12-27 00:00:00-05:00,23.156543443217238,23.42391862113218,22.784129512940034,22.965560913085938,908100,0.0,0.0
2024-12-30 00:00:00-05:00,22.784129005442512,23.00375763526039,22.53585245033973,22.84142303466797,759300,0.0,0.0
2024-12-31 00:00:00-05:00,22.965558819326507,23.108796614538253,22.77457812795122,22.822322845458984,1481100,0.0,0.0
2025-01-02 00:00:00-05:00,22.96555843939604,23.175639564180877,22.478556500572022,22.535850524902344,1537000,0.0,0.0
2025-01-03 00:00:00-05:00,22.564499471296596,22.975110643678946,22.211184151812546,22.94646453857422,1155100,0.0,0.0
2025-01-06 00:00:00-05:00,23.04195291940804,23.548055335225605,22.927364861594775,23.051502227783203,1286700,0.0,0.0
2025-01-07 00:00:00-05:00,23.146989925895532,23.252030480503283,22.507200934032443,22.726829528808594,1253700,0.0,0.0
2025-01-08 00:00:00-05:00,22.53585322567438,22.93691508673961,22.44991126820723,22.85097312927246,1096700,0.0,0.0
2025-01-10 00:00:00-05:00,22.354419533636477,22.459460106416607,21.962906989530655,22.211183547973633,1550000,0.0,0.0
2025-01-13 00:00:00-05:00,22.039299017172045,22.917815344914196,21.98200498878617,22.86052131652832,1830100,0.0,0.0
2025-01-14 00:00:00-05:00,23.070600823670695,23.595800034419305,22.984658869716295,23.567153930664062,1283100,0.0,0.0
2025-01-15 00:00:00-05:00,24.45521893814214,24.55070837663606,24.00641056330582,24.21649169921875,1306800,0.0,0.0
2025-01-16 00:00:00-05:00,24.044608104104004,24.216492009748006,23.739037525778805,23.891822814941406,1003000,0.0,0.0
2025-01-17 00:00:00-05:00,24.082805606572713,24.24514021806978,23.815432237997175,24.03506088256836,2619200,0.0,0.0
2025-01-21 00:00:00-05:00,24.24513960283377,24.62710467055388,24.08280499545605,24.47431755065918,1787700,0.0,0.0
2025-01-22 00:00:00-05:00,24.31198020025273,24.426570071908905,24.082802278284596,24.36927604675293,3347200,0.0,0.0
2025-01-23 00:00:00-05:00,24.292883888746992,24.47431527556963,24.01595942252677,24.187843322753906,2180200,0.0,0.0
2025-01-24 00:00:00-05:00,23.96821560764373,24.369277449510154,23.213836644065143,23.987314224243164,2530000,0.0,0.0
2025-01-27 00:00:00-05:00,24.11145174759762,24.378826917710388,23.614898640821483,23.824979782104492,2338300,0.0,0.0
2025-01-28 00:00:00-05:00,23.72948807517887,23.882273363424872,23.39526957413663,23.53850555419922,2528000,0.0,0.0
2025-01-29 00:00:00-05:00,23.509859932161895,23.882273852215558,23.2902294821369,23.614898681640625,1425800,0.0,0.0
2025-01-30 00:00:00-05:00,23.92046976421626,24.32153161778687,23.729489056681537,23.996862411499023,957900,0.0,0.0
2025-01-31 00:00:00-05:00,23.89182444209968,24.33108172302179,23.84407789764438,24.006412506103516,1932600,0.0,0.0
2025-02-03 00:00:00-05:00,23.39526894123129,23.653094791175644,22.956011704743208,23.366621017456055,876400,0.0,0.0
2025-02-04 00:00:00-05:00,23.376172327571005,23.824980731769255,23.376172327571005,23.672195434570312,1306700,0.0,0.0
2025-02-05 00:00:00-05:00,23.78678431078788,24.05415950070789,23.614900390221052,24.03506088256836,1151700,0.0,0.0
2025-02-06 00:00:00-05:00,24.168746953558635,24.49341616831407,23.977766241043007,24.47431755065918,1208800,0.0,0.0
2025-02-07 00:00:00-05:00,24.464767601890678,24.49341370414664,23.853624647829385,24.044607162475586,1118300,0.0,0.0
2025-02-10 00:00:00-05:00,24.006410265133074,24.06370611313093,23.7294876185205,23.767683029174805,1372700,0.0,0.0
2025-02-11 00:00:00-05:00,23.653096993437206,24.1782962288063,23.576704344268165,24.121002197265625,917100,0.0,0.0
2025-02-12 00:00:00-05:00,23.786781797502695,23.86317444064478,23.509859149116735,23.605348587036133,1042300,0.0,0.0
2025-02-13 00:00:00-05:00,23.719938909297404,23.9300182265599,23.6244476482347,23.891822814941406,914100,0.0,0.0
2025-02-14 00:00:00-05:00,24.00640977866641,24.311980343085814,23.80587977877026,23.949115753173828,796000,0.0,0.0
2025-02-18 00:00:00-05:00,23.92046941789216,24.44567045403356,23.910921930796377,24.273786544799805,1032700,0.0,0.0
2025-02-19 00:00:00-05:00,23.920470523191863,24.39792503919445,23.920470523191863,24.264238357543945,2170800,0.0,0.0
2025-02-20 00:00:00-05:00,24.245138601564747,24.369277789850447,23.53850616961594,23.968215942382812,2081900,0.0,0.0
2025-02-21 00:00:00-05:00,24.273786837992905,24.302434763659342,23.242485191478064,23.337976455688477,1725800,0.0,0.0
2025-02-24 00:00:00-05:00,23.576702918114595,23.576702918114595,23.041952584933917,23.070600509643555,1772200,0.0,0.0
2025-02-25 00:00:00-05:00,23.20428572005415,23.452562254526313,23.051500440585773,23.099246978759766,1145400,0.0,0.0
2025-02-26 00:00:00-05:00,23.156546707590227,23.62445196889358,23.051506119076027,23.404823303222656,967400,0.0,0.0
2025-02-27 00:00:00-05:00,23.48121423838232,23.767686231593295,23.328428932490535,23.595802307128906,1324300,0.0,0.0
2025-02-28 00:00:00-05:00,23.739039589222113,23.90137420073585,23.433468984336127,23.729490280151367,1983500,0.0,0.0
2025-03-03 00:00:00-05:00,23.864426192095397,24.10538364334229,23.18974459326031,23.353595733642578,1322700,0.23,0.0
2025-03-04 00:00:00-05:00,22.99697837968546,23.1319139561547,22.02351011342749,22.630722045898438,1619900,0.0,0.0
2025-03-05 00:00:00-05:00,22.73674341345428,22.910233058501028,22.19699928092164,22.50542449951172,1226400,0.0,0.0
2025-03-06 00:00:00-05:00,22.283742875994676,22.331933624360154,21.927125087668824,22.17772102355957,1244800,0.0,0.0
2025-03-07 00:00:00-05:00,22.081338512631273,22.168083333614156,21.483765121815043,21.821104049682617,1689700,0.0,0.0
2025-03-10 00:00:00-04:00,21.49340236396875,21.666892010477376,20.587403736316,20.674148559570312,2531100,0.0,0.0
2025-03-11 00:00:00-04:00,20.74161665385117,20.924742982667496,20.20187067042383,20.298254013061523,2361400,0.0,0.0
2025-03-12 00:00:00-04:00,20.58740250643719,21.117508093892624,20.182593968219855,20.876550674438477,2988500,0.0,0.0
2025-03-13 00:00:00-04:00,20.972934515764596,21.2138919410307,20.433190397909122,20.471742630004883,1460100,0.0,0.0
2025-03-14 00:00:00-04:00,20.78016937131526,21.175339430799518,20.683786026435328,21.165700912475586,1254900,0.0,0.0
2025-03-17 00:00:00-04:00,21.088593748963362,21.493402310353925,20.93438113875356,21.416296005249023,1853600,0.0,0.0
2025-03-18 00:00:00-04:00,21.416297937861827,21.628341674804688,21.31027790774989,21.628341674804688,1463600,0.0,0.0
2025-03-19 00:00:00-04:00,21.63797979795252,22.12953137939132,21.522319412793156,22.004234313964844,1801400,0.0,0.0
2025-03-20 00:00:00-04:00,21.647614962000148,22.38976429902997,21.647614962000148,21.94640350341797,1478300,0.0,0.0
2025-03-21 00:00:00-04:00,21.830742071377095,21.984954674429673,21.474126116202722,21.6958065032959,4504300,0.0,0.0
2025-03-24 00:00:00-04:00,22.158446081204204,22.43795759552293,22.033149020607127,22.360851287841797,1638800,0.0,0.0
2025-03-25 00:00:00-04:00,22.28374427528024,22.4957861551062,22.1777224161876,22.264467239379883,1122300,0.0,0.0
2025-03-26 00:00:00-04:00,22.399404706608752,22.621085123115847,21.927128317300795,22.052425384521484,900300,0.0,0.0
2025-03-27 00:00:00-04:00,21.99459386495974,22.19699906163446,21.666891613855366,21.898210525512695,1108100,0.0,0.0
2025-03-28 00:00:00-04:00,21.792191196159298,22.023510115135664,21.319914840120962,21.57050895690918,857100,0.0,0.0
2025-03-31 00:00:00-04:00,21.2524462836685,21.83074452940875,21.18497849203137,21.715085983276367,1030500,0.0,0.0
2025-04-01 00:00:00-04:00,21.512678335337096,21.65725242082032,21.107869792968526,21.377742767333984,782800,0.0,0.0
2025-04-02 00:00:00-04:00,21.09823131394265,21.801828384399414,21.05967908231117,21.801828384399414,1103400,0.0,0.0
2025-04-03 00:00:00-04:00,20.500658175552278,20.703061530291343,19.26695549681944,19.305509567260742,1630200,0.0,0.0
2025-04-04 00:00:00-04:00,18.264572667740392,18.862146023382525,17.69591302515113,18.70793342590332,2877500,0.0,0.0
2025-04-07 00:00:00-04:00,18.197105407538405,19.51755301284084,17.666999764755627,18.621191024780273,2250000,0.0,0.0
2025-04-08 00:00:00-04:00,19.38261524453965,19.430805992677485,17.830848888159974,18.22601890563965,2048600,0.0,0.0
2025-04-09 00:00:00-04:00,18.042891193284746,20.153678735944993,17.657359683710993,19.864530563354492,2827700,0.0,0.0
2025-04-10 00:00:00-04:00,19.305511350673683,19.46936248846702,17.96578669282485,18.59227752685547,2011000,0.0,0.0
2025-04-11 00:00:00-04:00,18.42842479136261,18.785040753174265,18.100722544186922,18.53444480895996,1494700,0.0,0.0
2025-04-14 00:00:00-04:00,18.90070218920501,18.929615905466225,18.245297658013335,18.78504180908203,1428800,0.0,0.0
2025-04-15 00:00:00-04:00,18.90070096844489,19.382615817505826,18.852508380523243,19.09346580505371,1082300,0.0,0.0
2025-04-16 00:00:00-04:00,18.399511786261264,19.33442606892626,18.399511786261264,18.948894500732422,2246000,0.0,0.0
2025-04-17 00:00:00-04:00,18.997084692596733,19.392256606401595,18.919978381250306,19.2476806640625,5193400,0.0,0.0
2025-04-21 00:00:00-04:00,19.093467212796956,19.34406317338796,18.910340880270734,19.28623390197754,1674700,0.0,0.0
2025-04-22 00:00:00-04:00,19.507913064089784,20.269339415618212,19.498274546409252,20.12476348876953,2407000,0.0,0.0
2025-04-23 00:00:00-04:00,20.741615267959983,21.310274929330983,20.365720440625054,20.63559341430664,1681800,0.0,0.0
2025-04-24 00:00:00-04:00,20.500661246543956,21.252447349174076,20.39463937530759,21.223533630371094,2356000,0.0,0.0
2025-04-25 00:00:00-04:00,21.5030408504666,22.13916832782801,21.204254147671836,21.52231788635254,3793000,0.0,0.0
2025-04-28 00:00:00-04:00,21.42593435191519,21.8018291948613,21.26208322508209,21.65725326538086,2176800,0.0,0.0
2025-04-29 00:00:00-04:00,21.589787750660996,21.782554451347057,21.291001019121158,21.59942626953125,1180700,0.0,0.0
2025-04-30 00:00:00-04:00,21.0885934102991,21.329550839677268,20.837999301501984,21.262083053588867,1347200,0.0,0.0
2025-05-01 00:00:00-04:00,21.300637296506025,21.85965846363789,21.2042539563055,21.65725326538086,1389300,0.0,0.0
2025-05-02 00:00:00-04:00,21.93676665894879,22.48614935557828,21.869298866500884,22.399404525756836,1687100,0.0,0.0
2025-05-05 00:00:00-04:00,22.07169878096612,22.47650731050171,22.07169878096612,22.129528045654297,1289700,0.0,0.0
2025-05-06 00:00:00-04:00,21.821105102671982,22.052424023669,21.705446561353156,21.753637313842773,1233900,0.0,0.0
2025-05-07 00:00:00-04:00,21.946403285982427,22.119892930671508,21.618701032316235,21.65725326538086,1486600,0.0,0.0
2025-05-08 00:00:00-04:00,21.956042352546813,22.659637628383514,21.801829739715735,22.41868019104004,1397500,0.0,0.0
2025-05-09 00:00:00-04:00,22.45723279367368,22.56325465612001,22.254829425395467,22.360851287841797,717700,0.0,0.0
2025-05-12 00:00:00-04:00,23.594552289826833,23.883702323369835,23.23793630499101,23.4981689453125,1846300,0.0,0.0
2025-05-13 00:00:00-04:00,23.62346681128648,23.80659497401688,23.372870861855223,23.67165756225586,1092100,0.0,0.0
2025-05-14 00:00:00-04:00,23.527084500174617,23.70057415262854,23.469255228809775,23.4981689453125,1014700,0.0,0.0
2025-05-15 00:00:00-04:00,23.41142442016148,23.53672147295106,23.19938070848167,23.440338134765625,1091200,0.0,0.0
2025-05-16 00:00:00-04:00,23.401784896850586,23.50780490977517,23.160827480921412,23.401784896850586,899600,0.0,0.0
2025-05-19 00:00:00-04:00,23.035530599010997,23.29576507205843,22.91023354070632,23.266849517822266,1068800,0.0,0.0
2025-05-20 00:00:00-04:00,23.102996141671586,23.21865650901511,23.00661464697102,23.112634658813477,901800,0.0,0.0
2025-05-21 00:00:00-04:00,22.862040093801532,22.948784914900838,22.235551149030428,22.245189666748047,1003300,0.0,0.0
2025-05-22 00:00:00-04:00,22.1391678102135,22.486147094610725,22.062061506831814,22.245189666748047,1123700,0.0,0.0
2025-05-23 00:00:00-04:00,21.734359088795433,22.264466528985118,21.589785000874343,22.16808319091797,962800,0.0,0.0
2025-05-27 00:00:00-04:00,22.505424159120803,22.688552319273622,22.18736042746553,22.669275283813477,956700,0.0,0.0
2025-05-28 00:00:00-04:00,22.650001249841296,22.717469044533086,22.264469681345687,22.28374671936035,825500,0.0,0.0
2025-05-29 00:00:00-04:00,22.40904152418197,22.45723227598701,22.16808408843808,22.447595596313477,620300,0.0,0.0
2025-05-30 00:00:00-04:00,22.351211010212467,22.48614657844316,22.16808285449992,22.331933975219727,1036000,0.0,0.0
2025-06-02 00:00:00-04:00,22.31246328693802,22.47795719830186,21.89386093132415,22.40007781982422,1134800,0.23,0.0
2025-06-03 00:00:00-04:00,22.419552093237527,22.808949054485332,22.23458784034813,22.711599349975586,1127500,0.0,0.0
2025-06-04 00:00:00-04:00,22.672657970617905,22.8576203454106,22.400079200746784,22.49742889404297,871700,0.0,0.0
2025-06-05 00:00:00-04:00,22.497430004573353,22.50716516006262,22.185912456081034,22.29299545288086,700800,0.0,0.0
2025-06-06 00:00:00-04:00,22.682390597031507,22.964704513549805,22.60451121605937,22.964704513549805,1011100,0.0,0.0
2025-06-09 00:00:00-04:00,23.00364484731003,23.285958783116765,22.935500616402486,23.023115158081055,801800,0.0,0.0
2025-06-10 00:00:00-04:00,23.159405407816703,23.480658107419117,23.062055711042117,23.38330841064453,778000,0.0,0.0
2025-06-11 00:00:00-04:00,23.422248640061987,23.58774257789115,22.974442606401404,23.120466232299805,1217300,0.0,0.0
2025-06-12 00:00:00-04:00,22.935499669898824,23.01337905297795,22.643452447549837,22.847885131835938,889700,0.0,0.0
2025-06-13 00:00:00-04:00,22.439019511119742,22.565574678167817,22.137237112206098,22.215116500854492,1385000,0.0,0.0
2025-06-16 00:00:00-04:00,22.52663135032906,22.62398103864705,22.254054451187717,22.351402282714844,1106100,0.0,0.0
2025-06-17 00:00:00-04:00,22.1761749197092,22.341668831676838,21.95227008107709,22.030149459838867,953300,0.0,0.0
2025-06-18 00:00:00-04:00,21.90359870887431,22.44875442350479,21.88412839772545,22.263792037963867,1093100,0.0,0.0
2025-06-20 00:00:00-04:00,22.487693881918485,22.585043575833218,22.273524183947877,22.468223571777344,2505700,0.0,0.0
2025-06-23 00:00:00-04:00,22.331935278624687,23.15940489779957,22.28325950291382,23.130199432373047,1407700,0.0,0.0
2025-06-24 00:00:00-04:00,23.402778479262697,23.79217540554182,23.344367547727572,23.4222469329834,1342500,0.0,0.0
2025-06-25 00:00:00-04:00,23.451452785752927,23.451452785752927,23.208079470713393,23.354103088378906,916000,0.0,0.0
2025-06-26 00:00:00-04:00,23.373572243438822,23.957668542009603,23.373572243438822,23.908992767333984,1376000,0.0,0.0
2025-06-27 00:00:00-04:00,23.986872826791593,24.11342798772789,23.724031063291207,23.79217529296875,1948400,0.0,0.0
2025-06-30 00:00:00-04:00,23.98687114128118,24.04528206843551,23.73376269398502,23.743497848510742,1191200,0.0,0.0
2025-07-01 00:00:00-04:00,23.597476196076844,24.79487244992047,23.558537431544,24.424945831298828,1396600,0.0,0.0
2025-07-02 00:00:00-04:00,24.541763061475322,24.979835750987846,24.38600429560219,24.94089698791504,1459900,0.0,0.0
2025-07-03 00:00:00-04:00,24.989571516056056,25.36923328504211,24.843547901583808,25.174535751342773,710400,0.0,0.0
2025-07-07 00:00:00-04:00,25.057715568208984,25.349764651875926,24.755933186198362,24.863018035888672,1517800,0.0,0.0
2025-07-08 00:00:00-04:00,25.057714987710558,25.223208907583956,24.833811995173296,24.960365295410156,1596600,0.0,0.0
2025-07-09 00:00:00-04:00,25.164799548333562,25.19400315593744,24.882485629556594,25.018775939941406,2000500,0.0,0.0
2025-07-10 00:00:00-04:00,24.785138655349705,25.515258634138277,24.785138655349705,25.2037410736084,1915800,0.0,0.0
2025-07-11 00:00:00-04:00,25.018776804461314,25.174535573033957,24.85328288075401,24.863018035888672,1593200,0.0,0.0
2025-07-14 00:00:00-04:00,24.814342292053816,25.22320952427935,24.814342292053816,25.19400405883789,1383000,0.0,0.0
2025-07-15 00:00:00-04:00,25.057714950999685,25.24267918042037,24.230245352844978,24.278921127319336,1261300,0.0,0.0
2025-07-16 00:00:00-04:00,24.600175326262686,24.872752252937275,24.171837768471264,24.697525024414062,2228900,0.0,0.0
2025-07-17 00:00:00-04:00,24.668317794367493,25.164799548333562,24.580703257974015,25.018775939941406,2013400,0.0,0.0
2025-07-18 00:00:00-04:00,25.12586016637763,25.25241532819595,24.96036624023976,25.135595321655273,3318700,0.0,0.0
2025-07-21 00:00:00-04:00,25.09665575378817,25.47631751350505,24.89222121308534,24.94089698791504,1232700,0.0,0.0
2025-07-22 00:00:00-04:00,24.911692608454544,25.213474998383948,24.716993214234332,25.08692169189453,1559400,0.0,0.0
2025-07-23 00:00:00-04:00,25.310823967993656,25.310823967993656,25.009041586738284,25.21347427368164,1800700,0.0,0.0
2025-07-24 00:00:00-04:00,25.02850962723574,25.174535094690057,24.57096848534626,24.600173950195312,2199700,0.0,0.0
2025-07-25 00:00:00-04:00,24.872750998055867,25.077185539538718,24.405474698653578,24.92142677307129,1965500,0.0,0.0
2025-07-28 00:00:00-04:00,24.960366550549217,25.135595634143197,24.66831931575328,24.73646354675293,1744100,0.0,0.0
2025-07-29 00:00:00-04:00,25.028509820963833,25.028509820963833,24.405474753689138,24.561233520507812,1574700,0.0,0.0
2025-07-30 00:00:00-04:00,24.697524172915276,24.82407747639514,24.259451474733087,24.502824783325195,1768800,0.0,0.0
2025-07-31 00:00:00-04:00,24.327594179571673,24.43467902281488,23.96740274522958,24.08422088623047,1714700,0.0,0.0
2025-08-01 00:00:00-04:00,23.568270404022435,23.626681335200136,23.003644400174963,23.451452255249023,1578300,0.0,0.0
2025-08-04 00:00:00-04:00,23.52933001931747,23.762968157562188,23.383306415013383,23.743497848510742,1417700,0.0,0.0
2025-08-05 00:00:00-04:00,23.743498423020213,23.850583268603362,23.198342753925022,23.646150588989258,2737700,0.0,0.0
2025-08-06 00:00:00-04:00,23.646152034898606,23.685090799533825,23.37357325528797,23.38330841064453,2073500,0.0,0.0
2025-08-07 00:00:00-04:00,23.597477585408946,23.60721274131308,23.062057008219327,23.14967155456543,1763900,0.0,0.0
2025-08-08 00:00:00-04:00,23.393043661990305,23.461187892974824,23.03285033948365,23.36383819580078,1167900,0.0,0.0
2025-08-11 00:00:00-04:00,23.3833070750185,23.50986037384317,23.11072831097723,23.276222229003906,1018400,0.0,0.0
2025-08-12 00:00:00-04:00,23.60720945409662,24.142629956730914,23.34436585165831,24.08422088623047,1213400,0.0,0.0
2025-08-13 00:00:00-04:00,24.230246939045763,24.697525120634655,24.064753008580983,24.678054809570312,1072800,0.0,0.0
2025-08-14 00:00:00-04:00,24.24971672973041,24.785137274972673,24.24971672973041,24.77540397644043,952900,0.0,0.0
2025-08-15 00:00:00-04:00,24.804606984034095,24.804606984034095,24.191307067871094,24.191307067871094,1138000,0.0,0.0
2025-08-18 00:00:00-04:00,24.14263104487644,24.580703735351562,24.006342588635714,24.580703735351562,1210900,0.0,0.0
2025-08-19 00:00:00-04:00,24.463886260986328,24.81434444959128,24.43468264979668,24.463886260986328,830900,0.0,0.0
2025-08-20 00:00:00-04:00,24.570968150814583,24.697523306646495,24.347065160393104,24.65858268737793,1027900,0.0,0.0
2025-08-21 00:00:00-04:00,24.434680313555166,24.65858330962674,24.36653608490651,24.541763305664062,645300,0.0,0.0
2025-08-22 00:00:00-04:00,24.707256141324454,25.914389320939026,24.707256141324454,25.78783416748047,1544100,0.0,0.0
2025-08-25 00:00:00-04:00,25.739160968148642,25.83651066041548,25.622340966070247,25.66128158569336,722700,0.0,0.0
2025-08-26 00:00:00-04:00,25.70995549613773,26.13829302791574,25.671016733316605,26.002002716064453,1173500,0.0,0.0
2025-08-27 00:00:00-04:00,25.92412403958027,26.44981127791268,25.92412403958027,26.225908279418945,1037400,0.0,0.0
2025-08-28 00:00:00-04:00,26.31352243407475,26.410870270749378,26.05067881875494,26.294052124023438,1470800,0.0,0.0
2025-08-29 00:00:00-04:00,26.51795531156202,26.7321231533068,26.206437775645615,26.255111694335938,1871000,0.0,0.0
2025-09-02 00:00:00-04:00,25.872184472741203,26.068556662922333,25.59726115917339,25.85254669189453,1220600,0.23,0.0
2025-09-03 00:00:00-04:00,25.705268037711665,26.078376523874663,25.557988421404218,25.783817291259766,1459300,0.0,0.0
2025-09-04 00:00:00-04:00,25.990008502374945,26.21583924605977,25.73472295894657,26.20602035522461,879300,0.0,0.0
2025-09-05 00:00:00-04:00,26.304206687242075,26.549673333269666,25.79363561404184,26.156925201416016,1564900,0.0,0.0
2025-09-08 00:00:00-04:00,26.058738567751707,26.16674261241879,25.69544712815756,26.048919677734375,1632800,0.0,0.0
2025-09-09 00:00:00-04:00,26.019463953442628,26.137288765171544,25.597261031159963,25.70526695251465,1551100,0.0,0.0
2025-09-10 00:00:00-04:00,25.70526831659235,26.078376806803263,25.656173862115946,25.803455352783203,942300,0.0,0.0
2025-09-11 00:00:00-04:00,25.8820045888334,25.960553843178005,25.518713117013387,25.940916061401367,1706800,0.0,0.0
2025-09-12 00:00:00-04:00,25.823090841413276,25.99982712912717,25.62671864499044,25.773998260498047,1592700,0.0,0.0
2025-09-15 00:00:00-04:00,25.85254683523258,26.01946422783103,25.37143243839279,25.449981689453125,1371300,0.0,0.0
2025-09-16 00:00:00-04:00,25.42052500843439,25.449981679856606,24.88049914169344,25.175058364868164,1099600,0.0,0.0
2025-09-17 00:00:00-04:00,25.20451504579434,26.117651259846916,25.20451504579434,25.449981689453125,1495300,0.0,0.0
2025-09-18 00:00:00-04:00,25.548167765394343,26.15692397014034,25.47943740738384,26.06855583190918,1224400,0.0,0.0
2025-09-19 00:00:00-04:00,26.10783140733653,26.117650297452492,25.636535918341014,25.79363441467285,2498500,0.0,0.0
2025-09-22 00:00:00-04:00,25.724905551575247,25.852547384976845,25.184877800385323,25.351795196533203,1013700,0.0,0.0
2025-09-23 00:00:00-04:00,25.391071039646622,25.852547670439584,25.29288400445865,25.37143325805664,1060600,0.0,0.0
2025-09-24 00:00:00-04:00,25.469621648038316,25.56780868844911,25.184879418123227,25.3321590423584,1354600,0.0,0.0
2025-09-25 00:00:00-04:00,25.292883199869674,25.381251341451588,25.027778775123934,25.31252098083496,1304200,0.0,0.0
2025-09-26 00:00:00-04:00,25.41070611508173,25.607080179017213,25.214333923908118,25.58744239807129,1766200,0.0,0.0
2025-09-29 00:00:00-04:00,25.597261583069983,25.705267506753415,25.204515323441896,25.469619750976562,1904300,0.0,0.0
2025-09-30 00:00:00-04:00,25.46961849229542,25.59726031808092,24.80194894754224,25.24378776550293,1514700,0.0,0.0
2025-10-01 00:00:00-04:00,25.047417212512006,25.21433460956763,24.723401309140726,25.08669090270996,1342400,0.0,0.0
2025-10-02 00:00:00-04:00,25.07687225207643,25.34197479374813,24.949228553529135,25.24378776550293,1213700,0.0,0.0
2025-10-03 00:00:00-04:00,25.391071301176382,25.69544942790848,25.33215795579963,25.528532028198242,1027200,0.0,0.0
2025-10-06 00:00:00-04:00,25.803453984774222,26.363117626800154,25.567806234066556,26.117650985717773,1777900,0.0,0.0
2025-10-07 00:00:00-04:00,26.16674261241879,26.392571464532075,25.950732650322838,26.048919677734375,1434300,0.0,0.0
2025-10-08 00:00:00-04:00,26.382756249234493,26.382756249234493,25.607080739742226,25.626718521118164,1258600,0.0,0.0
2025-10-09 00:00:00-04:00,25.57762363462732,25.862365841471725,25.40088922352189,25.734722137451172,1592000,0.0,0.0
2025-10-10 00:00:00-04:00,25.754360111143072,25.931096396332403,24.21282987017684,24.232467651367188,3239000,0.0,0.0
2025-10-13 00:00:00-04:00,24.62521377104177,24.929591886710117,24.48775304901643,24.909955978393555,1167300,0.0,0.0
2025-10-14 00:00:00-04:00,24.80195030022612,26.068557228107593,24.723401047898292,25.891822814941406,1467400,0.0,0.0
2025-10-15 00:00:00-04:00,25.92127788798808,25.97037234168792,24.978686850094146,25.08669090270996,1544300,0.0,0.0
2025-10-16 00:00:00-04:00,24.978686357243074,24.988505247789305,23.427337233413997,23.67280387878418,2080700,0.0,0.0
2025-10-17 00:00:00-04:00,23.937906019075452,24.124461190708296,23.662984579576367,23.918270111083984,2315000,0.0,0.0
2025-10-20 00:00:00-04:00,24.124460909767816,24.91977229339702,23.94772463056981,24.86086082458496,1457400,0.0,0.0
2025-10-21 00:00:00-04:00,24.684126854941486,25.008142772866897,24.684126854941486,24.89031982421875,1483700,0.0,0.0
2025-10-22 00:00:00-04:00,24.98850506707142,25.10632800725035,24.635032501010883,24.76267433166504,1831500,0.0,0.0
2025-10-23 00:00:00-04:00,24.782311575248272,24.93941007392165,24.527026046713576,24.86086082458496,1836800,0.0,0.0
2025-10-24 00:00:00-04:00,24.998321418394827,25.49907358271122,24.693943312824327,25.125965118408203,1591800,0.0,0.0
2025-10-27 00:00:00-04:00,25.283064455074573,25.341975925548024,24.792131164684776,24.909955978393555,2002700,0.0,0.0
2025-10-28 00:00:00-04:00,24.95904952616278,25.017960998920636,24.468116216736103,24.566303253173828,1776900,0.0,0.0
2025-10-29 00:00:00-04:00,24.605576115846613,24.949229795429996,24.242286527846208,24.36992835998535,2088500,0.0,0.0
2025-10-30 00:00:00-04:00,24.25210419296041,24.821586709039263,24.24228530286711,24.281558990478516,1919900,0.0,0.0
2025-10-31 00:00:00-04:00,24.134279942960234,24.43865805184729,23.88881330323413,24.32083511352539,1511100,0.0,0.0
2025-11-03 00:00:00-05:00,24.252104465039892,24.448476650823576,23.898631908762724,24.438657760620117,1197900,0.0,0.0
2025-11-04 00:00:00-05:00,24.20301215897468,24.59575843811035,24.026275865173133,24.59575843811035,1829200,0.0,0.0
2025-11-05 00:00:00-05:00,24.61539526156728,25.135785231630766,24.340473813260605,24.939411163330078,1674700,0.0,0.0
2025-11-06 00:00:00-05:00,24.870680676323524,25.076873634279693,24.497572195740695,24.792131423950195,1191300,0.0,0.0
2025-11-07 00:00:00-05:00,24.693943036344994,25.106327056884766,24.46811418224892,25.106327056884766,1230900,0.0,0.0
2025-11-10 00:00:00-05:00,25.302702068269248,25.410706117960316,24.93941061177601,25.175058364868164,1595300,0.0,0.0
2025-11-11 00:00:00-05:00,25.12596636002839,25.24378930288879,24.821588239416798,25.076873779296875,1054500,0.0,0.0
2025-11-12 00:00:00-05:00,25.096509687932336,25.528531514864923,24.959048963674565,25.076873779296875,1484500,0.0,0.0
2025-11-13 00:00:00-05:00,25.017960134853194,25.351794923554344,24.792131269779443,24.91977310180664,1186300,0.0,0.0
2025-11-14 00:00:00-05:00,24.81176987045664,24.880500234030777,24.428840616203384,24.841224670410156,1377500,0.0,0.0
2025-11-17 00:00:00-05:00,24.73321996851675,24.811769220939798,23.613890780535936,23.692440032958984,1469800,0.0,0.0
2025-11-18 00:00:00-05:00,23.584435868070678,24.16373730419382,23.49606772542397,24.095006942749023,1613700,0.0,0.0
2025-11-19 00:00:00-05:00,24.114643359661404,24.379747793191424,24.026275215151397,24.27174186706543,1218900,0.0,0.0
2025-11-20 00:00:00-05:00,24.65467170599766,24.900138363770598,24.134281717324722,24.17355728149414,1792700,0.0,0.0
2025-11-21 00:00:00-05:00,24.330654248843306,25.440162647562286,24.330654248843306,25.165239334106445,1591700,0.0,0.0
2025-11-24 00:00:00-05:00,25.096510213186743,25.263427613034043,24.92959281333944,25.116147994995117,1461200,0.0,0.0
2025-11-25 00:00:00-05:00,25.292884381195506,26.117652492640293,25.204516235486285,25.950735092163086,1675600,0.0,0.0
2025-11-26 00:00:00-05:00,25.79363684631522,26.107833868599176,25.79363684631522,25.832910537719727,1192900,0.0,0.0
2025-11-28 00:00:00-05:00,25.86236696552538,25.882004747422346,25.724906237770533,25.813274383544922,555900,0.0,0.0
2025-12-01 00:00:00-05:00,25.565543330688907,25.733998541744505,25.39708811963331,25.605180740356445,2565500,0.24,0.0
2025-12-02 00:00:00-05:00,25.902454324794203,25.902454324794203,25.179088592529297,25.179088592529297,1670800,0.0,0.0
2025-12-03 00:00:00-05:00,25.278179670662137,25.694363022092688,25.19890674134278,25.605180740356445,2345300,0.0,0.0
2025-12-04 00:00:00-05:00,25.466454048278273,25.81327193907871,25.387181117521635,25.793455123901367,2880100,0.0,0.0
2025-12-05 00:00:00-05:00,25.69436310741125,26.0609996979748,25.595271472929088,25.88263702392578,2070200,0.0,0.0
2025-12-08 00:00:00-05:00,25.94209124860879,26.140272627557383,25.743907979644465,25.88263702392578,1588900,0.0,0.0
2025-12-09 00:00:00-05:00,25.922271728515625,26.23936343687418,25.773635226474507,25.922271728515625,2119700,0.0,0.0
2025-12-10 00:00:00-05:00,25.922272923630786,27.022186491473423,25.922272923630786,26.824003219604492,2456900,0.0,0.0
2025-12-11 00:00:00-05:00,26.764548060773436,27.32936790888421,26.764548060773436,26.89336585998535,2449600,0.0,0.0
2025-12-12 00:00:00-05:00,27.16091352438267,27.20055093458269,26.625821716792636,26.853731155395508,1786500,0.0,0.0
2025-12-15 00:00:00-05:00,27.081639998515513,27.21045779880158,26.62582113133251,26.6951847076416,1992100,0.0,0.0
2025-12-16 00:00:00-05:00,26.754639700349546,26.774458405583218,26.427638624057014,26.516820907592773,2271300,0.0,0.0
2025-12-17 00:00:00-05:00,26.467272660269504,26.77445690411776,26.07090802790233,26.120454788208008,3178800,0.0,0.0
2025-12-18 00:00:00-05:00,26.338456431040512,26.487092940772357,26.130365695419087,26.348365783691406,3028700,0.0,0.0
2025-12-19 00:00:00-05:00,26.23936420806881,26.407819419337276,26.04118282952785,26.1898193359375,3744300,0.0,0.0
2025-12-22 00:00:00-05:00,26.23936374256886,26.724910662901593,26.22945439031525,26.44745635986328,1826800,0.0,0.0
2025-12-23 00:00:00-05:00,26.437546655046706,26.467272821395426,26.219544688405882,26.229454040527344,2068700,0.0,0.0
2025-12-24 00:00:00-05:00,26.308727264404297,26.3979095444883,26.14027205646959,26.308727264404297,593000,0.0,0.0
2025-12-26 00:00:00-05:00,26.318636159383768,26.47718201233064,26.05109121379571,26.120454788208008,969800,0.0,0.0
2025-12-29 00:00:00-05:00,26.16999956138003,26.189818265428755,25.80336298655687,25.842998504638672,1883000,0.0,0.0
2025-12-30 00:00:00-05:00,25.872727201203585,25.922272072536256,25.65472523130217,25.69436264038086,1330700,0.0,0.0
2025-12-31 00:00:00-05:00,25.793454358600844,25.793454358600844,25.496179459571888,25.525907516479492,1313400,0.0,0.0
2026-01-02 00:00:00-05:00,25.506088811874424,25.753816949390703,25.129542874456583,25.525907516479492,2051300,0.0,0.0
2026-01-05 00:00:00-05:00,25.456543609204463,26.526729073751756,25.40699684833636,26.19972801208496,2812400,0.0,0.0
2026-01-06 00:00:00-05:00,26.04118348922525,26.63572952992541,25.97181802046218,26.625822067260742,2318700,0.0,0.0
2026-01-07 00:00:00-05:00,26.52673017898447,26.675366687750355,26.09072811525755,26.239364624023438,2141100,0.0,0.0
2026-01-08 00:00:00-05:00,26.18981836012111,26.913184050374127,26.12045478571543,26.566364288330078,4760800,0.0,0.0
2026-01-09 00:00:00-05:00,26.675365576324722,26.87354883976579,26.189818659911342,26.19972801208496,1832800,0.0,0.0
2026-01-12 00:00:00-05:00,25.872726819500922,26.110545600417428,25.67454355706267,25.783544540405273,1357000,0.0,0.0
2026-01-13 00:00:00-05:00,25.872727498075857,26.130364989996487,25.724089102340933,25.773635864257812,1998800,0.0,0.0
2026-01-14 00:00:00-05:00,25.932181118672332,26.160090548137216,25.704271689207445,26.060998916625977,1748700,0.0,0.0
2026-01-15 00:00:00-05:00,26.08081910026162,26.804184838297076,26.08081910026162,26.457366943359375,1631200,0.0,0.0
2026-01-16 00:00:00-05:00,26.368184073051776,26.576274805390703,26.269092438121735,26.29882049560547,3448600,0.0,0.0
2026-01-20 00:00:00-05:00,25.78354525124283,26.199728601824567,25.71418167448183,25.912363052368164,1551100,0.0,0.0
2026-01-21 00:00:00-05:00,26.070909093767956,27.141094589919895,26.06099974130169,27.051912307739258,3078300,0.0,0.0
2026-01-22 00:00:00-05:00,27.250095488943312,27.64646013623389,27.081640277592854,27.220367431640625,2843000,0.0,0.0
2026-01-23 00:00:00-05:00,27.765369745219257,27.765369745219257,26.100636380364428,26.19972801208496,3067300,0.0,0.0
2026-01-26 00:00:00-05:00,26.259183183580046,26.715002059936523,26.08081861804378,26.715002059936523,2748700,0.0,0.0
2026-01-27 00:00:00-05:00,26.8537300895179,26.8537300895179,26.239363485913252,26.50691032409668,2615700,0.0,0.0
2026-01-28 00:00:00-05:00,26.52672944526111,26.972638959225012,26.447456516777592,26.556455612182617,2747500,0.0,0.0
2026-01-29 00:00:00-05:00,26.764549073999696,27.11136885579845,26.586184506788005,27.101459503173828,2261300,0.0,0.0
2026-01-30 00:00:00-05:00,26.952821473422627,27.16091219675399,26.774456916272513,27.01227569580078,2192200,0.0,0.0
2026-02-02 00:00:00-05:00,27.002367839603778,27.894188784743502,26.86364068303104,27.5473690032959,2631500,0.0,0.0
2026-02-03 00:00:00-05:00,27.537460319483433,28.191462442917015,27.36900511253747,27.983369827270508,3160100,0.0,0.0
2026-02-04 00:00:00-05:00,28.12209782687579,28.94455518209055,28.07255295451971,28.52837371826172,3215800,0.0,0.0
2026-02-05 00:00:00-05:00,28.607647032534075,28.885101345482344,28.05273462660603,28.439191818237305,2809600,0.0,0.0
2026-02-06 00:00:00-05:00,28.795917486368598,29.251738231295235,28.597736115109075,29.10310173034668,1875500,0.0,0.0
2026-02-09 00:00:00-05:00,28.815737358941078,29.142738430293637,28.736464429219723,28.97428321838379,1721800,0.0,0.0
2026-02-10 00:00:00-05:00,28.8256455278693,29.152646585795672,28.161734059956277,28.657190322875977,1695600,0.0,0.0
2026-02-11 00:00:00-05:00,28.904919237462178,29.222010951919305,27.96355155640384,28.032917022705078,2415900,0.0,0.0
2026-02-12 00:00:00-05:00,28.300461881043468,28.478826442334096,26.913184689916807,27.30954933166504,3108900,0.0,0.0
2026-02-13 00:00:00-05:00,27.151002897636957,27.646459161790975,26.90327476555995,27.596914291381836,2180800,0.0,0.0
2026-02-17 00:00:00-05:00,27.626641376674478,28.102280842497294,27.448278703258605,27.973461151123047,2228800,0.0,0.0
2026-02-18 00:00:00-05:00,28.003188706819966,28.53828049751534,27.993279354582835,28.092370986938477,1777800,0.0,0.0
2026-02-19 00:00:00-05:00,27.814915463994254,28.092371663266718,27.68609766184159,28.082462310791016,2505000,0.0,0.0
2026-02-20 00:00:00-05:00,27.993280352538942,28.439191769028163,27.71582415005501,28.30046272277832,2515200,0.0,0.0
2026-02-23 00:00:00-05:00,28.141916346694202,28.359918319664594,26.65554750560103,26.942913055419922,3031400,0.0,0.0
2026-02-24 00:00:00-05:00,26.804184424860978,27.061821921423515,26.60600304366993,26.99245834350586,1838000,0.0,0.0
2026-02-25 00:00:00-05:00,27.28973294994542,27.428460104253798,27.042004808671475,27.35909652709961,1612700,0.0,0.0
2026-02-26 00:00:00-05:00,27.50773356234507,27.95364309119564,27.388823220642127,27.824825286865234,1873800,0.0,0.0
2026-02-27 00:00:00-05:00,27.17082197025865,27.35909588239466,25.872727069776605,26.170000076293945,2844600,0.0,0.0
2026-03-02 00:00:00-05:00,25.639999389648438,26.780000686645508,25.420000076293945,26.579999923706055,1896500,0.24,0.0
2026-03-03 00:00:00-05:00,25.8700008392334,26.649999618530273,25.610000610351562,26.360000610351562,1654800,0.0,0.0
2026-03-04 00:00:00-05:00,26.549999237060547,26.600000381469727,26.290000915527344,26.350000381469727,6210600,0.0,0.0
2026-03-05 00:00:00-05:00,26.149999618530273,26.399999618530273,25.709999084472656,25.93000030517578,2763800,0.0,0.0
2026-03-06 00:00:00-05:00,25.110000610351562,25.299999237060547,24.579999923706055,25.15999984741211,2781300,0.0,0.0
2026-03-09 00:00:00-04:00,24.709999084472656,25.190000534057617,23.8700008392334,25.079999923706055,2646100,0.0,0.0
2026-03-10 00:00:00-04:00,25.09000015258789,25.670000076293945,24.670000076293945,25.149999618530273,2890900,0.0,0.0
2026-03-11 00:00:00-04:00,24.979999542236328,25.170000076293945,24.549999237060547,24.790000915527344,2037300,0.0,0.0
2026-03-12 00:00:00-04:00,24.31999969482422,24.760000228881836,24.1299991607666,24.700000762939453,2067362,0.0,0.0
