Date,Open,High,Low,Close,Volume,Dividends,Stock Splits
2022-01-03 00:00:00-05:00,60.981119970171726,61.471689945780675,57.59432801372014,58.24527359008789,180800,0.0,0.0
2022-01-04 00:00:00-05:00,58.45281351697196,59.424513814556775,57.915078101242415,58.01885223388672,146400,0.0,0.0
2022-01-05 00:00:00-05:00,57.990549827292774,58.16036138510853,55.481116760289844,55.77356719970703,230900,0.0,0.0
2022-01-06 00:00:00-05:00,55.58488910053683,56.481115996233626,54.86790974324141,56.103759765625,115900,0.0,0.0
2022-01-07 00:00:00-05:00,55.84904784169436,56.09432923546012,54.49055520308276,54.68867111206055,108200,0.0,0.0
2022-01-10 00:00:00-05:00,54.179229223961286,54.31130408000641,53.19809658081193,54.15092849731445,122900,0.0,0.0
2022-01-11 00:00:00-05:00,54.11319523038212,54.11319523038212,53.15093087684786,54.07545852661133,117100,0.0,0.0
2022-01-12 00:00:00-05:00,54.084893045810645,55.05658974974152,53.76413826993491,54.55659103393555,210500,0.0,0.0
2022-01-13 00:00:00-05:00,54.98111549730227,55.16036303324144,54.10375696500319,54.896209716796875,81100,0.0,0.0
2022-01-14 00:00:00-05:00,54.481115048514944,55.009418065754666,54.06602213417865,54.811302185058594,139300,0.0,0.0
2022-01-18 00:00:00-05:00,54.528294447438064,54.528294447438064,52.46225826174718,52.56603240966797,122500,0.0,0.0
2022-01-19 00:00:00-05:00,52.877340721683765,52.877340721683765,51.53772023951538,51.56602096557617,204300,0.0,0.0
2022-01-20 00:00:00-05:00,51.65093566209167,52.09433297371983,49.38678361821782,49.50942611694336,214900,0.0,0.0
2022-01-21 00:00:00-05:00,49.48112032750237,50.02828812959271,48.59432579490374,49.13206481933594,210300,0.0,0.0
2022-01-24 00:00:00-05:00,48.39621646973479,50.19810277474935,47.43395207037205,49.83961486816406,138000,0.0,0.0
2022-01-25 00:00:00-05:00,49.226409553193974,49.566032730290964,47.971690993226815,48.018863677978516,125100,0.0,0.0
2022-01-26 00:00:00-05:00,48.71697221727355,49.37735018247987,46.575462718025975,47.094329833984375,141600,0.0,0.0
2022-01-27 00:00:00-05:00,47.216973676122066,47.92452074499134,45.16980588427014,45.40565490722656,144200,0.0,0.0
2022-01-28 00:00:00-05:00,45.65093546170049,45.99999100155203,44.15093555954279,45.99055862426758,149000,0.0,0.0
2022-01-31 00:00:00-05:00,45.77357520499847,47.47168731689453,45.67923344397801,47.47168731689453,134900,0.0,0.0
2022-02-01 00:00:00-05:00,47.49055265724138,47.90564558309555,46.2452702809089,47.009422302246094,92400,0.0,0.0
2022-02-02 00:00:00-05:00,47.2924384841084,47.2924384841084,45.81130717739536,46.55658721923828,122000,0.0,0.0
2022-02-03 00:00:00-05:00,46.02828910313888,46.92451597225672,45.867909920839715,46.12262725830078,82500,0.0,0.0
2022-02-04 00:00:00-05:00,45.737773721670884,46.65498888234807,44.61253309484845,46.04035949707031,188300,0.113,0.0
2022-02-07 00:00:00-05:00,46.38076715497239,47.903153792884076,46.38076715497239,47.34526062011719,230400,0.0,0.0
2022-02-08 00:00:00-05:00,47.40200956945111,48.366503294357706,47.30744923929883,48.13010787963867,173600,0.0,0.0
2022-02-09 00:00:00-05:00,48.73527563552176,49.52010647342593,48.72581779971507,49.444461822509766,221700,0.0,0.0
2022-02-10 00:00:00-05:00,48.905472357845724,49.463365541768574,48.25301886734713,48.517784118652344,189700,0.0,0.0
2022-02-11 00:00:00-05:00,48.65015932099611,49.11349214482197,47.35471393095836,47.76131057739258,93900,0.0,0.0
2022-02-14 00:00:00-05:00,47.846424504908484,48.82037594442494,47.657311082500456,48.03554153442383,193000,0.0,0.0
2022-02-15 00:00:00-05:00,48.88655892138688,49.26478931572991,48.16791504005363,48.801456451416016,113100,0.0,0.0
2022-02-16 00:00:00-05:00,48.78254026151172,49.0283898166698,47.82750471899329,48.309749603271484,104900,0.0,0.0
2022-02-17 00:00:00-05:00,48.0733621502396,48.0733621502396,46.42804880287721,46.636077880859375,110600,0.0,0.0
2022-02-18 00:00:00-05:00,46.40914712825113,47.23180211857173,46.0214552055113,46.80628967285156,130500,0.0,0.0
2022-02-22 00:00:00-05:00,46.40914474262664,47.789692955901586,46.30513019378542,46.79683303833008,107200,0.0,0.0
2022-02-23 00:00:00-05:00,47.373632114158056,47.581661200219585,46.38077225204953,46.78737258911133,125300,0.0,0.0
2022-02-24 00:00:00-05:00,45.71886168623861,47.00485303598277,44.5085185839415,46.314579010009766,189600,0.0,0.0
2022-02-25 00:00:00-05:00,46.62662666914464,47.62894078511071,44.943489088353,47.6005744934082,136900,0.0,0.0
2022-02-28 00:00:00-05:00,47.08995959363332,47.77077945125784,46.28621673391004,46.532066345214844,122800,0.0,0.0
2022-03-01 00:00:00-05:00,46.7779139926078,47.74240747367369,46.229475037702805,47.17505645751953,166200,0.0,0.0
2022-03-02 00:00:00-05:00,47.34527001849988,48.88656902330767,47.34527001849988,48.04500198364258,117700,0.0,0.0
2022-03-03 00:00:00-05:00,48.07336546163286,48.58398035706655,47.27907682666067,47.818058013916016,89900,0.0,0.0
2022-03-04 00:00:00-05:00,47.24125230669071,48.7069029547091,46.891388151072526,48.4232292175293,117400,0.0,0.0
2022-03-07 00:00:00-05:00,48.33812673267076,49.0662249425551,47.30744272219906,47.903160095214844,141500,0.0,0.0
2022-03-08 00:00:00-05:00,47.80859697662991,49.08513042629899,47.76131502085145,47.92206573486328,154100,0.0,0.0
2022-03-09 00:00:00-05:00,48.49887318713512,49.208059270993026,47.468189267644014,47.742408752441406,191300,0.0,0.0
2022-03-10 00:00:00-05:00,47.269615406643624,49.01893954023833,47.269615406643624,48.8298225402832,107200,0.0,0.0
2022-03-11 00:00:00-05:00,49.028403668463625,50.01180938114645,48.27193912297972,48.375953674316406,104700,0.0,0.0
2022-03-14 00:00:00-04:00,48.51779209363121,49.851061975093394,48.37595341400668,49.747047424316406,175300,0.0,0.0
2022-03-15 00:00:00-04:00,50.011817041016094,50.97631083689641,49.67140704163386,50.456241607666016,137400,0.0,0.0
2022-03-16 00:00:00-04:00,51.05195311150546,51.77059355361552,50.616982826091565,51.6760368347168,123000,0.0,0.0
2022-03-17 00:00:00-04:00,51.52473991954852,51.91242820830318,51.10868173164095,51.184329986572266,100200,0.0,0.0
2022-03-18 00:00:00-04:00,51.24106022836957,53.21732570927094,51.08031310464948,53.009300231933594,179200,0.0,0.0
2022-03-21 00:00:00-04:00,53.103856703142185,53.103856703142185,52.03534860202697,52.243377685546875,97400,0.0,0.0
2022-03-22 00:00:00-04:00,52.37574601383589,52.85799448193594,52.02588195362056,52.16771697998047,74300,0.0,0.0
2022-03-23 00:00:00-04:00,52.054258926259294,52.054258926259294,50.24819847241333,50.44676971435547,128500,0.0,0.0
2022-03-24 00:00:00-04:00,50.46568265133114,51.676029400332055,50.06854016056239,51.619293212890625,82200,0.0,0.0
2022-03-25 00:00:00-04:00,51.58146790571871,51.9502440978682,50.83445768684272,51.87459945678711,83700,0.0,0.0
2022-03-28 00:00:00-04:00,52.09208699470933,52.19610154087076,50.787183464233046,51.269432067871094,74600,0.0,0.0
2022-03-29 00:00:00-04:00,51.75167643589472,51.855690980792936,49.898337512403586,50.0401725769043,123300,0.0,0.0
2022-03-30 00:00:00-04:00,49.83214489171933,50.39003811115496,49.52955910562954,49.97397994995117,283600,0.0,0.0
2022-03-31 00:00:00-04:00,50.19146869526162,51.15595866914454,49.69976587316229,50.42786407470703,209300,0.0,0.0
2022-04-01 00:00:00-04:00,50.38057822474773,50.38057822474773,48.36649234443762,49.63357162475586,134200,0.0,0.0
2022-04-04 00:00:00-04:00,49.54847114643511,49.65248207958338,48.0733627345635,49.48228073120117,108500,0.0,0.0
2022-04-05 00:00:00-04:00,49.40663607997583,50.27656937619258,49.17024069203336,49.756500244140625,111900,0.0,0.0
2022-04-06 00:00:00-04:00,49.643032113316885,49.91725163260098,48.149011510685504,48.32867431640625,103300,0.0,0.0
2022-04-07 00:00:00-04:00,48.309753692373995,49.17023261892084,48.082812570082766,48.801456451416016,68700,0.0,0.0
2022-04-08 00:00:00-04:00,48.697444322748225,49.6146594768878,48.593429786863496,48.8109130859375,92800,0.0,0.0
2022-04-11 00:00:00-04:00,48.65962622515202,48.82037696609166,48.06391243930703,48.11119079589844,49900,0.0,0.0
2022-04-12 00:00:00-04:00,48.517785538298874,49.23642585376785,48.48941564194261,48.72581100463867,61700,0.0,0.0
2022-04-13 00:00:00-04:00,48.68799351214665,49.368809746165844,48.24356904839946,49.17023849487305,76700,0.0,0.0
2022-04-14 00:00:00-04:00,49.444454759229885,49.75649476123292,48.96220620098842,49.056766510009766,74300,0.0,0.0
2022-04-18 00:00:00-04:00,48.98111669483101,49.784863063801964,48.81091175114807,49.368804931640625,53100,0.0,0.0
2022-04-19 00:00:00-04:00,49.21751550145108,50.7115359769958,49.21751550145108,50.248199462890625,68700,0.0,0.0
2022-04-20 00:00:00-04:00,50.531877839684036,51.01412646072153,49.84160372592545,50.10636901855469,82300,0.0,0.0
2022-04-21 00:00:00-04:00,50.38058045313419,50.75881449062725,49.189149367113146,49.42554473876953,57600,0.0,0.0
2022-04-22 00:00:00-04:00,49.189151332322176,49.236429687120896,46.72118297649192,46.891387939453125,262600,0.0,0.0
2022-04-25 00:00:00-04:00,46.38076988271911,47.08050175011253,45.71886213942414,47.023765563964844,120400,0.0,0.0
2022-04-26 00:00:00-04:00,46.749546591354395,47.676215999361474,45.68104212707176,45.84178924560547,80400,0.0,0.0
2022-04-27 00:00:00-04:00,45.88906820707619,46.437507198524344,45.69049696138928,45.97417068481445,114400,0.0,0.0
2022-04-28 00:00:00-04:00,46.92921177826769,46.92921177826769,41.94599674237587,42.42824172973633,283800,0.0,0.0
2022-04-29 00:00:00-04:00,41.90817403233702,42.17293571222002,40.06428928731975,40.555992126464844,193100,0.0,0.0
2022-05-02 00:00:00-04:00,40.70727950813018,41.65286093041941,39.071424080422624,39.856258392333984,140100,0.0,0.0
2022-05-03 00:00:00-04:00,39.695511456944686,39.752247646246204,38.83503242496133,39.307823181152344,139200,0.0,0.0
2022-05-04 00:00:00-04:00,39.846804006590396,41.19898584605433,39.317280672830314,40.981502532958984,139900,0.0,0.0
2022-05-05 00:00:00-04:00,40.48033714452877,40.61271795067686,38.655364929244,39.23217010498047,85600,0.0,0.0
2022-05-06 00:00:00-04:00,39.187615619864836,39.37724550579849,38.13515311492518,39.1591682434082,112400,0.113,0.0
2022-05-09 00:00:00-04:00,38.56182057817336,38.685082886738165,37.45247065196385,37.992923736572266,171400,0.0,0.0
2022-05-10 00:00:00-04:00,38.144629612186094,38.84627242249429,37.120614579011686,37.25335693359375,263400,0.0,0.0
2022-05-11 00:00:00-04:00,37.53781095566102,38.59027351972903,36.88357913173479,36.96891403198242,212500,0.0,0.0
2022-05-12 00:00:00-04:00,37.082693655371386,37.9265590147359,36.60861166768719,37.442996978759766,124400,0.0,0.0
2022-05-13 00:00:00-04:00,37.83173496894648,38.44803923459661,37.4429879771815,37.471431732177734,74700,0.0,0.0
2022-05-16 00:00:00-04:00,37.33868938625179,37.9834410238558,37.139572250405216,37.471431732177734,207400,0.0,0.0
2022-05-17 00:00:00-04:00,37.89810545164831,38.71352683829324,37.77484315398027,38.56181716918945,93400,0.0,0.0
2022-05-18 00:00:00-04:00,38.059298597891974,38.14463349408735,36.513790418779266,36.67498016357422,91300,0.0,0.0
2022-05-19 00:00:00-04:00,36.37156443813266,37.13009476498966,35.82162769056264,36.50430679321289,117900,0.0,0.0
2022-05-20 00:00:00-04:00,36.70342407107201,36.82668639206338,35.39496048008652,36.34312438964844,97700,0.0,0.0
2022-05-23 00:00:00-04:00,36.73187755733125,37.29129450169631,36.14401323141619,36.70343017578125,103000,0.0,0.0
2022-05-24 00:00:00-04:00,37.04476584364235,37.092173318526825,36.030230689888995,36.788761138916016,89800,0.0,0.0
2022-05-25 00:00:00-04:00,36.42845359103715,37.680033207859644,36.42845359103715,37.130096435546875,114900,0.0,0.0
2022-05-26 00:00:00-04:00,37.51884266960265,38.467006504805056,37.37661664753909,37.973960876464844,75200,0.0,0.0
2022-05-27 00:00:00-04:00,38.03085482933573,38.647159197752266,37.97396369289924,38.32478332519531,93800,0.0,0.0
2022-05-31 00:00:00-04:00,38.13515185781618,38.65664126085952,37.48091647525367,38.277374267578125,216100,0.0,0.0
2022-06-01 00:00:00-04:00,38.59026729018727,39.0833128990314,37.92655190839873,38.7514533996582,84500,0.0,0.0
2022-06-02 00:00:00-04:00,38.817819451133026,39.5858333279842,38.77989565311957,39.443607330322266,76600,0.0,0.0
2022-06-03 00:00:00-04:00,39.16864638901117,39.18761009832419,38.34374131020446,38.53337478637695,71400,0.0,0.0
2022-06-06 00:00:00-04:00,38.80834179227729,39.405685955449066,38.135146411456965,39.22553253173828,88000,0.0,0.0
2022-06-07 00:00:00-04:00,38.865240611526104,39.76599344055183,38.865240611526104,39.71858596801758,70100,0.0,0.0
2022-06-08 00:00:00-04:00,39.547908657331696,39.70909837366436,38.79885843598766,38.96952819824219,90900,0.0,0.0
2022-06-09 00:00:00-04:00,38.552345241681905,39.18761695547765,38.03085580367421,38.798866271972656,139300,0.0,0.0
2022-06-10 00:00:00-04:00,38.173072501200714,38.173072501200714,37.07320265215105,37.51884078979492,155600,0.0,0.0
2022-06-13 00:00:00-04:00,36.85513945321046,36.85513945321046,35.1674084256771,35.404449462890625,180500,0.0,0.0
2022-06-14 00:00:00-04:00,35.36651608567791,36.03023160173313,35.22429365742516,35.94489669799805,123900,0.0,0.0
2022-06-15 00:00:00-04:00,36.03022257932965,36.80771656668489,35.95436774302296,36.390525817871094,186400,0.0,0.0
2022-06-16 00:00:00-04:00,35.878522268597465,35.878522268597465,33.83996842840967,34.11493682861328,133400,0.0,0.0
2022-06-17 00:00:00-04:00,34.22871510022633,34.465756073543574,33.62189078724751,33.79256057739258,233600,0.0,0.0
2022-06-21 00:00:00-04:00,34.46574847627114,35.80265912640732,34.26663497064514,35.78369903564453,120400,0.0,0.0
2022-06-22 00:00:00-04:00,35.0915433060655,35.66992384661321,34.607981322878636,34.968284606933594,163100,0.0,0.0
2022-06-23 00:00:00-04:00,34.99672913238071,35.62251715683971,34.67435326420739,35.613037109375,136900,0.0,0.0
2022-06-24 00:00:00-04:00,35.68888428462668,37.3576545715332,35.68888428462668,37.3576545715332,602800,0.0,0.0
2022-06-27 00:00:00-04:00,37.55678064086972,37.907600345692465,36.62758025539172,37.74641418457031,127200,0.0,0.0
2022-06-28 00:00:00-04:00,37.992932938411464,38.52390610494263,37.28180990569806,37.30077362060547,146100,0.0,0.0
2022-06-29 00:00:00-04:00,37.386096094685584,37.386096094685584,36.71290071569013,36.98786544799805,117100,0.0,0.0
2022-06-30 00:00:00-04:00,36.52327364620238,37.59469985961914,35.8690418611735,37.59469985961914,155000,0.0,0.0
2022-07-01 00:00:00-04:00,37.37661642802074,38.22048527463942,37.300765202468185,38.144630432128906,72500,0.0,0.0
2022-07-05 00:00:00-04:00,37.69899777514375,37.936038767137,36.93098727593908,37.86018753051758,76600,0.0,0.0
2022-07-06 00:00:00-04:00,38.00240773916494,38.135150095591975,37.16802256267764,37.49039840698242,72100,0.0,0.0
2022-07-07 00:00:00-04:00,37.68003715582633,38.258414130018636,37.68003715582633,37.869667053222656,56300,0.0,0.0
2022-07-08 00:00:00-04:00,37.83173392715589,38.097218611697,37.52832182569246,37.90758514404297,50000,0.0,0.0
2022-07-11 00:00:00-04:00,37.7274467678227,38.02137529561614,37.21543733514175,37.32921600341797,47100,0.0,0.0
2022-07-12 00:00:00-04:00,37.215430801758444,37.69899276975925,37.06372473170348,37.13957595825195,66100,0.0,0.0
2022-07-13 00:00:00-04:00,36.97839015097533,37.30076600466215,36.67497800832397,37.05424499511719,70200,0.0,0.0
2022-07-14 00:00:00-04:00,36.5517127761547,37.632618900151776,36.45689784550707,37.28179931640625,60400,0.0,0.0
2022-07-15 00:00:00-04:00,37.90759387181853,38.75145919936356,37.613661748432506,38.29634094238281,65800,0.0,0.0
2022-07-18 00:00:00-04:00,38.73249573409745,38.88420182072734,37.39558471537207,37.54729080200195,47800,0.0,0.0
2022-07-19 00:00:00-04:00,38.04981151388298,39.07382646190195,38.04981151388298,38.97901153564453,73100,0.0,0.0
2022-07-20 00:00:00-04:00,38.85575829954098,39.33932394031647,38.56182617246258,39.11176300048828,64900,0.0,0.0
2022-07-21 00:00:00-04:00,39.03590967281005,40.31593322753906,38.770424913440436,40.31593322753906,60600,0.0,0.0
2022-07-22 00:00:00-04:00,40.37281969617186,40.66674818375194,39.813402862991445,40.33489227294922,50200,0.0,0.0
2022-07-25 00:00:00-04:00,40.325403848121326,40.93222808021342,39.96510422091523,40.685707092285156,205700,0.0,0.0
2022-07-26 00:00:00-04:00,40.68570814513876,41.40631103515625,40.590893212779925,41.40631103515625,94100,0.0,0.0
2022-07-27 00:00:00-04:00,41.776104300838156,42.21225884310444,40.97964645032832,41.76662063598633,112900,0.0,0.0
2022-07-28 00:00:00-04:00,36.98788093160196,37.63263282607746,33.41330536261744,34.93036651611328,358500,0.0,0.0
2022-07-29 00:00:00-04:00,34.87346934028405,34.93036048006889,32.90129018153643,34.39938735961914,250100,0.0,0.0
2022-08-01 00:00:00-04:00,34.0770031264855,35.99229429356861,33.69773980496734,35.74577331542969,224600,0.0,0.0
2022-08-02 00:00:00-04:00,35.87852317204025,38.28686041668264,35.55614729191522,36.6560173034668,233700,0.0,0.0
2022-08-03 00:00:00-04:00,36.64654360914897,36.69395109036567,33.95375744270819,34.133907318115234,189700,0.0,0.0
2022-08-04 00:00:00-04:00,34.28560662667637,34.484720178462155,32.44616995487569,32.46513366699219,143900,0.0,0.0
2022-08-05 00:00:00-04:00,32.85802509489584,35.017484563036525,32.648737155140125,34.89381408691406,184500,0.113,0.0
2022-08-08 00:00:00-04:00,35.321900119807644,35.81657837736243,33.99958882987027,34.07569122314453,164900,0.0,0.0
2022-08-09 00:00:00-04:00,34.43719020624059,34.63696308642585,33.90445889681139,34.60842514038086,72600,0.0,0.0
2022-08-10 00:00:00-04:00,35.20774051547604,37.034245100588564,35.16017606683419,36.64421081542969,108400,0.0,0.0
2022-08-11 00:00:00-04:00,36.83447443922528,37.224508747682705,36.01635280954994,36.18758773803711,85700,0.0,0.0
2022-08-12 00:00:00-04:00,36.53005573419161,38.10921939395988,36.444438274309334,37.90944290161133,87000,0.0,0.0
2022-08-15 00:00:00-04:00,38.52779271549925,39.488607677845756,38.2424023841344,39.031982421875,175100,0.0,0.0
2022-08-16 00:00:00-04:00,38.603898105307806,39.37445162444471,38.44217462186488,38.65146255493164,124700,0.0,0.0
2022-08-17 00:00:00-04:00,38.43266318351407,38.91782637597305,38.0806782726409,38.65146255493164,127200,0.0,0.0
2022-08-18 00:00:00-04:00,38.4041199944787,38.8512337857842,38.09970317497466,38.44217300415039,69600,0.0,0.0
2022-08-19 00:00:00-04:00,38.19483928231958,38.69902900649735,37.75723688791191,38.2233772277832,118500,0.0,0.0
2022-08-22 00:00:00-04:00,37.70965637273036,37.728682871246455,36.08292885340586,36.4063720703125,105000,0.0,0.0
2022-08-23 00:00:00-04:00,36.35881814267351,37.24353062013415,36.35881814267351,36.88203430175781,71600,0.0,0.0
2022-08-24 00:00:00-04:00,36.63469434489992,37.19596352681561,36.273201645922455,36.6822624206543,70100,0.0,0.0
2022-08-25 00:00:00-04:00,37.01521023419827,37.01521023419827,36.25416834103147,36.51102066040039,47000,0.0,0.0
2022-08-26 00:00:00-04:00,36.178064716081245,36.49199655893003,35.607284165908844,35.692901611328125,87900,0.0,0.0
2022-08-29 00:00:00-04:00,35.29335441949913,35.48361582383628,34.874782233104966,35.20773696899414,64600,0.0,0.0
2022-08-30 00:00:00-04:00,35.321899961494516,35.321899961494516,34.60842233668858,34.65598678588867,113600,0.0,0.0
2022-08-31 00:00:00-04:00,34.865267566299615,35.07455182564324,33.333668665214255,33.68564987182617,204800,0.0,0.0
2022-09-01 00:00:00-04:00,33.48587850464032,34.41815534823856,33.36220805356,33.92347717285156,92500,0.0,0.0
2022-09-02 00:00:00-04:00,34.4467022555891,34.551346231521656,33.68566010644582,33.94251251220703,70700,0.0,0.0
2022-09-06 00:00:00-04:00,34.199361647734506,34.199361647734506,33.14341417911155,33.55247497558594,74500,0.0,0.0
2022-09-07 00:00:00-04:00,33.628574604768424,33.932991410296076,33.114873513524614,33.87591552734375,63700,0.0,0.0
2022-09-08 00:00:00-04:00,33.676140728897415,33.676140728897415,32.95314813593807,33.20048904418945,63500,0.0,0.0
2022-09-09 00:00:00-04:00,33.59052719981699,33.89494402323452,33.08633388752218,33.72370910644531,54600,0.0,0.0
2022-09-12 00:00:00-04:00,33.90446048296013,34.8081996489944,33.60004361445485,34.5132942199707,103200,0.0,0.0
2022-09-13 00:00:00-04:00,33.9425078143203,34.1993601845313,33.10535975166239,33.31464767456055,80300,0.0,0.0
2022-09-14 00:00:00-04:00,33.30513214118515,33.30513214118515,32.42993471029792,32.87704849243164,98600,0.0,0.0
2022-09-15 00:00:00-04:00,32.658249721601265,33.23854178741274,32.52506418808899,32.734352111816406,81800,0.0,0.0
2022-09-16 00:00:00-04:00,32.45847339817887,32.49652640794417,31.193241669427948,32.429935455322266,211900,0.0,0.0
2022-09-19 00:00:00-04:00,32.1350212097168,32.6487258130566,31.773528603455823,32.1350212097168,65000,0.0,0.0
2022-09-20 00:00:00-04:00,31.792560941074296,32.144545845729525,30.91736347086469,31.459606170654297,116800,0.0,0.0
2022-09-21 00:00:00-04:00,31.46912515838072,32.33481129825981,30.945905269770872,31.0600643157959,93400,0.0,0.0
2022-09-22 00:00:00-04:00,30.983951933514426,30.983951933514426,29.851900361713,30.222909927368164,118500,0.0,0.0
2022-09-23 00:00:00-04:00,29.766286216210442,29.766286216210442,28.967191162455304,29.480894088745117,112500,0.0,0.0
2022-09-26 00:00:00-04:00,29.271611373863326,30.21340169330652,29.271611373863326,29.690183639526367,133800,0.0,0.0
2022-09-27 00:00:00-04:00,29.889955437117532,30.698563758631572,29.499921155175596,30.042163848876953,154000,0.0,0.0
2022-09-28 00:00:00-04:00,30.31803729969804,31.535706190173386,30.137289162677913,31.240800857543945,122600,0.0,0.0
2022-09-29 00:00:00-04:00,30.831739343195753,30.831739343195753,29.832871619035917,30.55586051940918,89600,0.0,0.0
2022-09-30 00:00:00-04:00,30.51781546011412,31.621327282323996,30.47976245236406,30.593917846679688,124300,0.0,0.0
2022-10-03 00:00:00-04:00,31.031517942500688,32.25870028053874,30.441710811627132,31.935256958007812,107300,0.0,0.0
2022-10-04 00:00:00-04:00,32.09698288249209,32.94364244840449,32.09698288249209,32.49652862548828,242900,0.0,0.0
2022-10-05 00:00:00-04:00,32.20162198091086,32.64873578657969,31.84964070247733,31.95428466796875,104600,0.0,0.0
2022-10-06 00:00:00-04:00,31.849639463304946,32.14454484285827,31.53571120797954,31.68791961669922,92500,0.0,0.0
2022-10-07 00:00:00-04:00,31.39301318597531,31.39301318597531,30.108753192746498,30.66050910949707,95900,0.0,0.0
2022-10-10 00:00:00-04:00,30.498783756946178,31.583268890402966,30.498783756946178,31.183719635009766,63800,0.0,0.0
2022-10-11 00:00:00-04:00,31.26934458311077,31.61181441885797,30.365607359675245,30.812719345092773,100900,0.0,0.0
2022-10-12 00:00:00-04:00,30.841256199797247,31.126650138802663,30.19437137600575,30.2419376373291,113000,0.0,0.0
2022-10-13 00:00:00-04:00,29.699692513813673,30.508300794451163,29.490406411841093,29.956544876098633,161200,0.0,0.0
2022-10-14 00:00:00-04:00,30.156319452984963,30.270474848468886,29.376249116330783,29.43332862854004,108600,0.0,0.0
2022-10-17 00:00:00-04:00,29.928005545306558,30.44171027717826,29.928005545306558,30.146806716918945,110700,0.0,0.0
2022-10-18 00:00:00-04:00,30.60343033185121,31.31690792138509,30.422683982252448,30.917362213134766,144600,0.0,0.0
2022-10-19 00:00:00-04:00,30.60342845348348,31.06956871343293,29.72823107259483,29.937517166137695,86500,0.0,0.0
2022-10-20 00:00:00-04:00,30.032649788288946,30.27998890436006,29.18599029384858,29.262094497680664,97000,0.0,0.0
2022-10-21 00:00:00-04:00,29.243069591781993,29.51894847979729,28.510565455811143,29.195505142211914,103000,0.0,0.0
2022-10-24 00:00:00-04:00,29.49040710917692,29.614075759978803,28.91962467320261,29.262094497680664,89300,0.0,0.0
2022-10-25 00:00:00-04:00,29.062317970781816,30.19436951807705,28.967189082923294,29.937517166137695,61900,0.0,0.0
2022-10-26 00:00:00-04:00,30.118268402157817,31.07908333204647,30.023137690094043,30.508302688598633,143200,0.0,0.0
2022-10-27 00:00:00-04:00,26.921886409871785,26.9884791742892,22.212935508392782,22.260499954223633,514100,0.0,0.0
2022-10-28 00:00:00-04:00,22.431734702657927,23.325960430756368,21.6040999240355,23.11667251586914,282500,0.0,0.0
2022-10-31 00:00:00-04:00,23.364010528160676,23.5637851816838,22.44124690184423,23.221315383911133,177200,0.0,0.0
2022-11-01 00:00:00-04:00,23.516219959304706,23.516219959304706,22.260499731475576,22.717124938964844,169700,0.0,0.0
2022-11-02 00:00:00-04:00,22.88835748288263,23.89674031342152,22.612480462258773,22.95494842529297,296000,0.0,0.0
2022-11-03 00:00:00-04:00,22.88836101283062,23.040569423090567,22.174883409311875,22.336605072021484,153400,0.0,0.0
2022-11-04 00:00:00-04:00,22.626242274257947,22.989484904076562,21.756369990746407,22.94169044494629,182600,0.113,0.0
2022-11-07 00:00:00-05:00,22.951250585402036,23.763769184603547,22.56888942790774,23.715972900390625,136900,0.0,0.0
2022-11-08 00:00:00-05:00,23.763771740122564,25.42704432151985,23.763771740122564,24.987327575683594,218900,0.0,0.0
2022-11-09 00:00:00-05:00,24.652761544050716,24.68143749311488,23.32405393240582,23.352731704711914,124700,0.0,0.0
2022-11-10 00:00:00-05:00,24.385104349301024,25.149826603321078,24.184363618094714,24.81525993347168,107200,0.0,0.0
2022-11-11 00:00:00-05:00,24.8630567818143,24.8630567818143,23.96450674538414,24.27995491027832,113900,0.0,0.0
2022-11-14 00:00:00-05:00,24.232156753256092,24.518927105481506,23.687291990082947,23.73508644104004,63700,0.0,0.0
2022-11-15 00:00:00-05:00,24.155689988204006,24.461578919128776,23.78288625830283,24.174808502197266,58800,0.0,0.0
2022-11-16 00:00:00-05:00,24.13657238885396,24.13657238885396,23.457881525551215,23.64906120300293,109600,0.0,0.0
2022-11-17 00:00:00-05:00,23.45787960041014,24.04097966551222,23.419642574112686,23.696855545043945,53900,0.0,0.0
2022-11-18 00:00:00-05:00,24.09833778771235,24.09833778771235,22.855663377710137,23.008607864379883,79400,0.0,0.0
2022-11-21 00:00:00-05:00,23.085073110209553,23.142426819515233,22.377704617967698,22.82697868347168,85500,0.0,0.0
2022-11-22 00:00:00-05:00,22.922572049233402,23.23802022153508,22.616683133455016,22.893896102905273,54900,0.0,0.0
2022-11-23 00:00:00-05:00,22.97036947391834,23.28581766190385,22.769628723432007,23.075517654418945,48900,0.0,0.0
2022-11-25 00:00:00-05:00,22.960808948591797,23.55346826383073,22.855658950657705,23.14242935180664,51100,0.0,0.0
2022-11-28 00:00:00-05:00,23.132871667367215,23.142429100492215,22.607123506647852,22.884336471557617,84500,0.0,0.0
2022-11-29 00:00:00-05:00,22.960809119564722,23.10419432120688,22.55932946102163,22.645360946655273,74000,0.0,0.0
2022-11-30 00:00:00-05:00,22.654920016595963,24.088775667690854,21.851960706123485,24.040979385375977,145100,0.0,0.0
2022-12-01 00:00:00-05:00,24.03142040893786,24.08877594838404,22.702714740211277,23.696855545043945,169000,0.0,0.0
2022-12-02 00:00:00-05:00,23.735089215161043,24.60496145158776,23.19022438830493,23.90715217590332,143900,0.0,0.0
2022-12-05 00:00:00-05:00,23.90715338354861,24.031420070783213,23.209344072615053,23.43876075744629,120300,0.0,0.0
2022-12-06 00:00:00-05:00,23.429201501006435,23.476995959963958,23.085075562138712,23.43876075744629,102100,0.0,0.0
2022-12-07 00:00:00-05:00,23.381408864143403,24.079220107112686,23.362292171525002,23.935834884643555,137600,0.0,0.0
2022-12-08 00:00:00-05:00,23.9358340286675,24.15569148347392,23.104196850899708,23.36229133605957,88400,0.0,0.0
2022-12-09 00:00:00-05:00,23.3240515034098,24.127010811939996,23.11375333145827,23.43876075744629,67900,0.0,0.0
2022-12-12 00:00:00-05:00,23.40052380678573,23.40052380678573,22.97036820506233,23.14242935180664,77900,0.0,0.0
2022-12-13 00:00:00-05:00,24.002745942843767,25.60866468154784,23.935832965938076,25.188066482543945,275400,0.0,0.0
2022-12-14 00:00:00-05:00,25.13070859142418,25.713808595702208,24.49981048601846,24.729228973388672,184800,0.0,0.0
2022-12-15 00:00:00-05:00,24.509375452048996,24.901295905821048,23.945392004281015,24.681438446044922,153600,0.0,0.0
2022-12-16 00:00:00-05:00,24.64319990790714,26.612361168468983,24.62408139488184,26.39250373840332,340700,0.0,0.0
2022-12-19 00:00:00-05:00,26.296916184156167,26.296916184156167,25.31233452290617,25.474838256835938,157900,0.0,0.0
2022-12-20 00:00:00-05:00,25.321891713352382,26.08661585545577,24.996884272025763,25.77116584777832,176700,0.0,0.0
2022-12-21 00:00:00-05:00,25.761606587672006,26.459415882064835,25.761606587672006,25.971904754638672,134100,0.0,0.0
2022-12-22 00:00:00-05:00,25.761611235839716,26.096176147460938,25.26454076251386,26.096176147460938,89400,0.0,0.0
2022-12-23 00:00:00-05:00,25.809402402731642,26.48809322038815,25.809402402731642,26.258676528930664,87700,0.0,0.0
2022-12-27 00:00:00-05:00,26.29691489888013,26.29691489888013,25.666018509339256,25.94322967529297,52900,0.0,0.0
2022-12-28 00:00:00-05:00,25.99102439205462,26.49765223059437,25.904992905653195,26.00058364868164,135800,0.0,0.0
2022-12-29 00:00:00-05:00,25.981465479291554,26.47853589102477,25.818961760964996,26.41162109375,75700,0.0,0.0
2022-12-30 00:00:00-05:00,26.325590133666992,26.66015498736407,26.143967910773075,26.325590133666992,85900,0.0,0.0
2023-01-03 00:00:00-05:00,26.382944740657837,27.357967035610123,26.382944740657837,27.30061149597168,161600,0.0,0.0
2023-01-04 00:00:00-05:00,27.45355386830214,28.03665571427596,27.300609420709275,27.845474243164062,82700,0.0,0.0
2023-01-05 00:00:00-05:00,27.78812511414484,27.864597350553623,27.099874986465778,27.66385841369629,139000,0.0,0.0
2023-01-06 00:00:00-05:00,27.969748834309932,28.96388796004984,27.79768583750598,28.705795288085938,67400,0.0,0.0
2023-01-09 00:00:00-05:00,28.763144147746488,28.983001573925005,27.960184847298077,27.97930335998535,82500,0.0,0.0
2023-01-10 00:00:00-05:00,27.72121137019562,28.95432819940525,27.72121137019562,28.89697265625,62800,0.0,0.0
2023-01-11 00:00:00-05:00,28.992566274656077,29.394046000272407,28.734471774636564,29.021244049072266,58100,0.0,0.0
2023-01-12 00:00:00-05:00,29.36536067919381,29.36536067919381,28.734464390109448,28.877849578857422,68600,0.0,0.0
2023-01-13 00:00:00-05:00,28.753585141319075,29.097711079714195,28.48593143109601,28.93520736694336,74700,0.0,0.0
2023-01-17 00:00:00-05:00,28.99256396726919,29.862436333001696,28.99256396726919,29.212421417236328,77600,0.0,0.0
2023-01-18 00:00:00-05:00,29.403601830109007,29.537427781963707,28.734468424351796,28.782264709472656,54000,0.0,0.0
2023-01-19 00:00:00-05:00,28.447697951079054,29.13594804629965,28.208721995666668,29.030799865722656,52400,0.0,0.0
2023-01-20 00:00:00-05:00,29.26021616874073,29.41316063227859,28.782264264374454,29.22197914123535,63500,0.0,0.0
2023-01-23 00:00:00-05:00,29.365365354505617,29.852876532459522,29.03080046857421,29.298452377319336,68100,0.0,0.0
2023-01-24 00:00:00-05:00,30.330826167740238,30.330826167740238,29.355803885301686,29.48963165283203,98700,0.0,0.0
2023-01-25 00:00:00-05:00,29.346246452059713,29.48963165283203,29.002120511612755,29.48963165283203,47700,0.0,0.0
2023-01-26 00:00:00-05:00,29.633021032501304,30.139650758133772,29.346250590515837,30.10141372680664,48000,0.0,0.0
2023-01-27 00:00:00-05:00,30.02493615637879,30.27347134615098,29.814637991144636,29.910228729248047,39800,0.0,0.0
2023-01-30 00:00:00-05:00,29.766844289692347,29.96758503942734,29.327129408854862,29.728609085083008,63400,0.0,0.0
2023-01-31 00:00:00-05:00,29.84331497937431,31.0286354328569,29.84331497937431,30.990398406982422,89300,0.0,0.0
2023-02-01 00:00:00-05:00,31.05731664607139,31.420557471382303,30.4455369628494,30.98084259033203,76300,0.0,0.0
2023-02-02 00:00:00-05:00,31.33452896450818,31.630860488979124,30.942608507748048,31.258058547973633,63600,0.0,0.0
2023-02-03 00:00:00-05:00,31.021129565401697,31.759728323997994,30.79091549216408,31.328079223632812,106400,0.113,0.0
2023-02-06 00:00:00-05:00,31.337664496723097,31.635023528685075,30.858055279503866,31.165008544921875,124000,0.0,0.0
2023-02-07 00:00:00-05:00,31.069087206714777,31.069087206714777,30.416818321867222,30.886837005615234,69800,0.0,0.0
2023-02-08 00:00:00-05:00,30.819690015564156,30.819690015564156,29.994761557950945,30.11945915222168,67800,0.0,0.0
2023-02-09 00:00:00-05:00,30.38804392749514,30.51274153386693,29.400048163302543,29.42882537841797,73800,0.0,0.0
2023-02-10 00:00:00-05:00,29.505559752197815,30.416816182288336,29.37126975460982,30.330488204956055,74800,0.0,0.0
2023-02-13 00:00:00-05:00,30.368858789651245,31.20337789378559,30.26334416493102,31.174602508544922,82800,0.0,0.0
2023-02-14 00:00:00-05:00,31.05949857891891,31.63502826204385,30.99235357119195,31.39522361755371,78000,0.0,0.0
2023-02-15 00:00:00-05:00,31.43359272350606,32.92038076314319,31.43359272350606,32.891605377197266,120900,0.0,0.0
2023-02-16 00:00:00-05:00,32.469539642333984,32.78608345381051,32.095445071772716,32.469539642333984,92200,0.0,0.0
2023-02-17 00:00:00-05:00,32.59425246872818,32.83405715463036,32.02831326363388,32.11464309692383,90600,0.0,0.0
2023-02-21 00:00:00-05:00,31.711765058803003,32.33525489091186,31.18419195431247,31.35685157775879,131300,0.0,0.0
2023-02-22 00:00:00-05:00,31.59666190062875,31.874836195127976,30.723773050991998,31.663806915283203,85600,0.0,0.0
2023-02-23 00:00:00-05:00,31.663803105233438,34.52227763854864,31.462368085508402,34.01388931274414,258800,0.0,0.0
2023-02-24 00:00:00-05:00,33.88919566219551,33.88919566219551,32.076269393452776,32.63261795043945,166900,0.0,0.0
2023-02-27 00:00:00-05:00,32.997122051253875,33.34243768140955,32.4215886827371,32.63261795043945,101300,0.0,0.0
2023-02-28 00:00:00-05:00,32.59424036413241,32.93955956905023,32.364030000272365,32.536685943603516,114700,0.0,0.0
2023-03-01 00:00:00-05:00,32.53669217705883,33.10263128040304,31.56788303021289,32.5750617980957,124000,0.0,0.0
2023-03-02 00:00:00-05:00,32.344854323659185,32.73813382713456,32.10504965912228,32.498329162597656,91700,0.0,0.0
2023-03-03 00:00:00-05:00,32.6134383546373,32.74772839769572,32.25852843239302,32.59425354003906,60200,0.0,0.0
2023-03-06 00:00:00-05:00,32.594245533053076,32.64220572820232,31.72135680847486,31.98993682861328,104300,0.0,0.0
2023-03-07 00:00:00-05:00,31.865237599121777,32.46954257893155,31.759722985753356,32.39280700683594,89900,0.0,0.0
2023-03-08 00:00:00-05:00,32.364032406414154,32.48872817147243,31.270520289833343,31.65420913696289,69500,0.0,0.0
2023-03-09 00:00:00-05:00,31.615838109724244,31.913197135937875,31.02112371642485,31.232152938842773,66300,0.0,0.0
2023-03-10 00:00:00-05:00,30.963573468942155,31.059497518941672,29.927619342845894,30.81009864807129,168000,0.0,0.0
2023-03-13 00:00:00-04:00,30.436001169516327,30.762135590918575,29.764549348060655,30.11945915222168,103400,0.0,0.0
2023-03-14 00:00:00-04:00,30.86764793431662,31.42399269509163,30.272931730371795,30.589473724365234,79600,0.0,0.0
2023-03-15 00:00:00-04:00,30.023540949676566,30.541519863267126,29.754960917057094,30.522335052490234,119200,0.0,0.0
2023-03-16 00:00:00-04:00,30.10986641471883,31.232153898548837,29.76454901848897,30.896425247192383,78600,0.0,0.0
2023-03-17 00:00:00-04:00,30.81969063233809,31.00194082533765,30.06190715874903,30.359264373779297,140200,0.0,0.0
2023-03-20 00:00:00-04:00,30.541520854053093,30.886840140982507,30.06191154645749,30.292123794555664,84700,0.0,0.0
2023-03-21 00:00:00-04:00,30.685398359564218,31.260929802296875,30.50314633962667,30.627845764160156,72600,0.0,0.0
2023-03-22 00:00:00-04:00,30.551108359565244,30.84846557030246,30.11945932013701,30.167421340942383,79100,0.0,0.0
2023-03-23 00:00:00-04:00,30.330488018232906,30.56070022535107,29.131464962681644,29.361677169799805,88200,0.0,0.0
2023-03-24 00:00:00-04:00,29.160239409755814,29.611073235103184,28.680630202919158,29.591888427734375,113100,0.0,0.0
2023-03-27 00:00:00-04:00,29.87965574955893,29.99476277395257,29.400046502119572,29.831695556640625,131800,0.0,0.0
2023-03-28 00:00:00-04:00,29.812511558999468,30.11946119298408,29.1602426720001,29.400047302246094,241700,0.0,0.0
2023-03-29 00:00:00-04:00,29.678222062661806,29.812512072451877,28.50797427598546,28.517566680908203,129700,0.0,0.0
2023-03-30 00:00:00-04:00,28.776556743107662,29.064321578713056,28.14347264112443,28.450422286987305,138000,0.0,0.0
2023-03-31 00:00:00-04:00,28.71900388513525,29.294535380764668,28.623081664269648,29.27535057067871,130400,0.0,0.0
2023-04-03 00:00:00-04:00,29.236977308081595,29.630256718026928,28.68063069184937,28.910842895507812,104400,0.0,0.0
2023-04-04 00:00:00-04:00,29.006768404049474,29.006768404049474,27.606310215095704,27.903667449951172,84900,0.0,0.0
2023-04-05 00:00:00-04:00,27.903667856328234,28.105102874290473,27.1362937456661,27.280176162719727,110500,0.0,0.0
2023-04-06 00:00:00-04:00,27.26098978897761,27.51038681802941,26.762195730874016,27.424057006835938,128100,0.0,0.0
2023-04-10 00:00:00-04:00,27.404876678301765,27.865301193567365,27.34732407128466,27.558351516723633,68900,0.0,0.0
2023-04-11 00:00:00-04:00,27.64467836486299,28.12428764067134,27.481611137905585,27.7406005859375,57900,0.0,0.0
2023-04-12 00:00:00-04:00,28.01877083121025,28.01877083121025,27.452833613055304,27.491201400756836,54200,0.0,0.0
2023-04-13 00:00:00-04:00,27.558348895470164,27.807745941575025,27.424058882015323,27.731008529663086,57900,0.0,0.0
2023-04-14 00:00:00-04:00,27.76937760347072,28.009182239668,26.97322628447832,27.030778884887695,60900,0.0,0.0
2023-04-17 00:00:00-04:00,27.097924125350897,27.34732116870714,26.934856898139667,27.280176162719727,102800,0.0,0.0
2023-04-18 00:00:00-04:00,27.25139634735239,27.788558173563793,27.25139634735239,27.45283317565918,71700,0.0,0.0
2023-04-19 00:00:00-04:00,27.366505641616527,27.404873431894714,27.011593976331383,27.136293411254883,48000,0.0,0.0
2023-04-20 00:00:00-04:00,27.030779119363483,27.42405857977335,27.030779119363483,27.280176162719727,41400,0.0,0.0
2023-04-21 00:00:00-04:00,27.299360131614602,27.865299244802834,27.299360131614602,27.711824417114258,89700,0.0,0.0
2023-04-24 00:00:00-04:00,27.72141614064711,27.86529855937039,27.491203904777016,27.577533721923828,32000,0.0,0.0
2023-04-25 00:00:00-04:00,27.462426755100026,27.462426755100026,26.906080059688016,26.963634490966797,40700,0.0,0.0
2023-04-26 00:00:00-04:00,26.89648795231323,27.07873815229109,26.38810148235471,26.493616104125977,42300,0.0,0.0
2023-04-27 00:00:00-04:00,26.570354765387297,27.155476841156297,26.570354765387297,27.02118682861328,50600,0.0,0.0
2023-04-28 00:00:00-04:00,27.059554316268407,27.596718019548845,26.98281690573751,27.53916358947754,58300,0.0,0.0
2023-05-01 00:00:00-04:00,27.62549272636695,28.527158650127586,27.62549272636695,28.479198455810547,59000,0.0,0.0
2023-05-02 00:00:00-04:00,28.191433087410708,28.191433087410708,27.308951932940573,27.778968811035156,132900,0.0,0.0
2023-05-03 00:00:00-04:00,27.817337181075896,28.162656434991156,26.69505143541544,26.944448471069336,138700,0.0,0.0
2023-05-04 00:00:00-04:00,27.98040298738875,27.98040298738875,25.05478737062579,25.64950180053711,187900,0.0,0.0
2023-05-05 00:00:00-04:00,25.941383315293,26.692747856321688,25.613864778880455,26.5771541595459,146900,0.113,0.0
2023-05-08 00:00:00-04:00,26.490454475173006,26.817972968397786,26.00880984835168,26.04734230041504,41000,0.0,0.0
2023-05-09 00:00:00-04:00,26.028077206539457,26.509721854311117,25.89321545578,26.490455627441406,49200,0.0,0.0
2023-05-10 00:00:00-04:00,26.760178623948576,27.357416988016343,26.384494530598992,27.222557067871094,85600,0.0,0.0
2023-05-11 00:00:00-04:00,26.91430246299933,27.22255473250334,26.596417080407264,26.97209930419922,46200,0.0,0.0
2023-05-12 00:00:00-04:00,27.029892424001318,27.540436323407402,26.89503253399255,27.116588592529297,62100,0.0,0.0
2023-05-15 00:00:00-04:00,27.16475415133829,27.36704398635144,26.991361814282328,27.116588592529297,94500,0.0,0.0
2023-05-16 00:00:00-04:00,27.06842623814616,27.06842623814616,26.230363845825195,26.230363845825195,100300,0.0,0.0
2023-05-17 00:00:00-04:00,26.326694136680576,26.423023425515343,25.65239095216556,26.220731735229492,103800,0.0,0.0
2023-05-18 00:00:00-04:00,26.191836513045676,26.827607302398924,26.191836513045676,26.798707962036133,57000,0.0,0.0
2023-05-19 00:00:00-04:00,27.01062996463938,27.270716651448698,26.268896842022386,26.297794342041016,45900,0.0,0.0
2023-05-22 00:00:00-04:00,26.423024848671506,26.76017645908815,26.288164939436232,26.625314712524414,41100,0.0,0.0
2023-05-23 00:00:00-04:00,26.548251434450815,26.96246610933876,26.365227798318173,26.827606201171875,72400,0.0,0.0
2023-05-24 00:00:00-04:00,26.760172791014938,26.760172791014938,26.326691945993318,26.606046676635742,69100,0.0,0.0
2023-05-25 00:00:00-04:00,26.480819631988734,26.62531264312875,25.450100491907392,25.51753044128418,44400,0.0,0.0
2023-05-26 00:00:00-04:00,25.59459448689002,26.028075374301174,25.546430760434735,25.835416793823242,49200,0.0,0.0
2023-05-30 00:00:00-04:00,25.767988492521958,25.94138085859373,25.556065510283407,25.565698623657227,51300,0.0,0.0
2023-05-31 00:00:00-04:00,25.57533207772096,25.57533207772096,24.91066373428008,25.199649810791016,102600,0.0,0.0
2023-06-01 00:00:00-04:00,25.295978226033267,25.305611339888767,24.50608126316829,24.554244995117188,56500,0.0,0.0
2023-06-02 00:00:00-04:00,24.84322935450945,25.835416054802703,24.766164454660004,25.8065185546875,89700,0.0,0.0
2023-06-05 00:00:00-04:00,25.565695260854717,25.57532653563317,24.99735450785591,25.161113739013672,51000,0.0,0.0
2023-06-06 00:00:00-04:00,25.141850579679243,26.413392135519782,25.141850579679243,26.239999771118164,66200,0.0,0.0
2023-06-07 00:00:00-04:00,26.297794996708937,27.39594595796293,26.297794996708937,27.328516006469727,83500,0.0,0.0
2023-06-08 00:00:00-04:00,27.27071718980078,27.27071718980078,26.55788339045867,26.856502532958984,54600,0.0,0.0
2023-06-09 00:00:00-04:00,26.827605979584945,26.827605979584945,26.30742890267468,26.374858856201172,39400,0.0,0.0
2023-06-12 00:00:00-04:00,26.38449396570894,27.01063349544311,26.30743089337177,26.846874237060547,45000,0.0,0.0
2023-06-13 00:00:00-04:00,26.89503444708254,27.106957408931937,26.19183377440523,26.4615535736084,108200,0.0,0.0
2023-06-14 00:00:00-04:00,26.567516244448026,27.068427072837192,26.201467154365698,26.25926399230957,77300,0.0,0.0
2023-06-15 00:00:00-04:00,26.105138481927707,26.634946823120117,25.76798688420145,26.634946823120117,69700,0.0,0.0
2023-06-16 00:00:00-04:00,26.73127702163441,27.174389200255554,26.336328571183927,26.644580841064453,129400,0.0,0.0
2023-06-20 00:00:00-04:00,26.48082160949707,26.65421397074484,26.22073306762541,26.48082160949707,39100,0.0,0.0
2023-06-21 00:00:00-04:00,26.394124526668836,26.5386175436601,26.143669106464063,26.471187591552734,37200,0.0,0.0
2023-06-22 00:00:00-04:00,26.288164223386627,26.43265724182129,25.951012622153478,26.43265724182129,44500,0.0,0.0
2023-06-23 00:00:00-04:00,26.124403835350986,26.500086034297563,25.777619136429017,26.134035110473633,192400,0.0,0.0
2023-06-26 00:00:00-04:00,25.970277201859652,26.866136495012945,25.970277201859652,26.39412498474121,89100,0.0,0.0
2023-06-27 00:00:00-04:00,26.442290004137668,26.644579859798668,26.066605956394056,26.32669448852539,81500,0.0,0.0
2023-06-28 00:00:00-04:00,26.345963322049325,27.106960930957335,26.201470291226645,27.01063346862793,99200,0.0,0.0
2023-06-29 00:00:00-04:00,32.029369215594926,34.28346632391931,32.029369215594926,32.52064514160156,582600,0.0,0.0
2023-06-30 00:00:00-04:00,32.25092226930655,32.38578217059197,30.49773620328258,31.27800178527832,226100,0.0,0.0
2023-07-03 00:00:00-04:00,30.96974950365388,31.971567487124513,30.96974950365388,31.93303871154785,77900,0.0,0.0
2023-07-05 00:00:00-04:00,31.933035700428814,32.11605930979408,31.19130263933322,31.287630081176758,124700,0.0,0.0
2023-07-06 00:00:00-04:00,30.82525696690124,31.875242429322594,30.709661444850823,31.83670997619629,76300,0.0,0.0
2023-07-07 00:00:00-04:00,31.933036742666147,32.877059667238214,31.933036742666147,32.424312591552734,191100,0.0,0.0
2023-07-10 00:00:00-04:00,32.43394803713012,32.90596139744438,32.18349444316092,32.67477035522461,110600,0.0,0.0
2023-07-11 00:00:00-04:00,32.761471654104774,32.97339650302106,32.616980445472564,32.93486404418945,96300,0.0,0.0
2023-07-12 00:00:00-04:00,33.185311434469725,33.455031216369825,32.27018602132185,32.337615966796875,74500,0.0,0.0
2023-07-13 00:00:00-04:00,32.46284901983401,32.76146634070402,32.318354159979094,32.71330261230469,110300,0.0,0.0
2023-07-14 00:00:00-04:00,32.53027679009398,32.96375766589327,32.34725316460391,32.77109909057617,80300,0.0,0.0
2023-07-17 00:00:00-04:00,32.79999725197608,33.07935200808469,32.34725381670901,32.49174499511719,65900,0.0,0.0
2023-07-18 00:00:00-04:00,32.616973250232114,32.934856778824525,32.13532864505954,32.24129104614258,67500,0.0,0.0
2023-07-19 00:00:00-04:00,32.43394549574831,32.43394549574831,31.788543497661298,32.15459442138672,116300,0.0,0.0
2023-07-20 00:00:00-04:00,32.26055915576267,32.780732566995134,32.058265617034394,32.71330261230469,158800,0.0,0.0
2023-07-21 00:00:00-04:00,32.82889548343654,32.98302159804466,32.241288523162964,32.337615966796875,80600,0.0,0.0
2023-07-24 00:00:00-04:00,32.2220306067173,32.46285295254529,31.846348335170802,32.05826950073242,47400,0.0,0.0
2023-07-25 00:00:00-04:00,31.865606983956887,32.539906452154455,31.865606983956887,32.385780334472656,48700,0.0,0.0
2023-07-26 00:00:00-04:00,32.327990267330804,32.85779864799682,32.144962948343895,32.1931266784668,27400,0.0,0.0
2023-07-27 00:00:00-04:00,32.299083683938285,32.299083683938285,31.075706035345096,31.3165283203125,175800,0.0,0.0
2023-07-28 00:00:00-04:00,31.489918513148307,31.76927322658758,31.210567474365234,31.210567474365234,64400,0.0,0.0
2023-07-31 00:00:00-04:00,31.48029405041951,31.605522686065758,31.066079364914753,31.181673049926758,48700,0.0,0.0
2023-08-01 00:00:00-04:00,31.10461127790096,31.287634915545894,30.82525650887165,31.114242553710938,41900,0.0,0.0
2023-08-02 00:00:00-04:00,30.709661385778595,30.96011681863232,30.60370081454207,30.728927612304688,77400,0.0,0.0
2023-08-03 00:00:00-04:00,30.757826260820693,30.757826260820693,29.293626149658007,30.208751678466797,126700,0.0,0.0
2023-08-04 00:00:00-04:00,29.68959326825672,30.656366115972894,29.66059126296787,30.08597183227539,45400,0.113,0.0
2023-08-07 00:00:00-04:00,30.13431115397472,30.366336427059586,29.969959688376317,30.027965545654297,45800,0.0,0.0
2023-08-08 00:00:00-04:00,29.96996128327641,30.134312757621043,29.708932145674986,30.066638946533203,66900,0.0,0.0
2023-08-09 00:00:00-04:00,30.08597151036142,30.71437348585858,30.018295862808195,30.50168228149414,48900,0.0,0.0
2023-08-10 00:00:00-04:00,30.67570137797881,30.74337518087689,29.699260600801107,29.931285858154297,42600,0.0,0.0
2023-08-11 00:00:00-04:00,30.04729915896192,30.279324414385727,29.331887493745302,29.360891342163086,53100,0.0,0.0
2023-08-14 00:00:00-04:00,29.254544542866014,29.370556243836482,29.003183398799692,29.331886291503906,27900,0.0,0.0
2023-08-15 00:00:00-04:00,29.244880240312177,29.55424727343848,28.95484910774951,29.51557731628418,32200,0.0,0.0
2023-08-16 00:00:00-04:00,29.534910599102876,29.72826591172767,28.684151280294202,28.88717269897461,75000,0.0,0.0
2023-08-17 00:00:00-04:00,28.95485167547948,29.63159165946365,28.95485167547948,29.486576080322266,50800,0.0,0.0
2023-08-18 00:00:00-04:00,29.34155397350165,29.94095205899615,29.34155397350165,29.418895721435547,71500,0.0,0.0
2023-08-21 00:00:00-04:00,29.46723389062703,29.8152726814839,29.29321449519859,29.331886291503906,61100,0.0,0.0
2023-08-22 00:00:00-04:00,29.544577877460974,30.056968153486885,29.40923026808438,29.621919631958008,43000,0.0,0.0
2023-08-23 00:00:00-04:00,29.534909509999142,30.134309481854718,29.46723570626782,29.892616271972656,35600,0.0,0.0
2023-08-24 00:00:00-04:00,29.679925821414443,29.863611326520385,29.457566675067447,29.6315860748291,34300,0.0,0.0
2023-08-25 00:00:00-04:00,29.689595481644734,29.689595481644734,29.148203162874758,29.389896392822266,57700,0.0,0.0
2023-08-28 00:00:00-04:00,29.74760154203321,30.1343103198032,29.660591836538348,29.960290908813477,57700,0.0,0.0
2023-08-29 00:00:00-04:00,29.72826738732264,30.68537235997919,29.54458001560885,30.521020889282227,69400,0.0,0.0
2023-08-30 00:00:00-04:00,30.37600313940167,30.82071776703166,30.24065552994435,30.279325485229492,37700,0.0,0.0
2023-08-31 00:00:00-04:00,30.337332705334948,30.5210200721308,29.74760249189505,29.795940399169922,53400,0.0,0.0
2023-09-01 00:00:00-04:00,29.950622432177987,30.424340907112295,29.718597169596258,29.853944778442383,32000,0.0,0.0
2023-09-05 00:00:00-04:00,29.679924910592376,29.679924910592376,28.85816768358764,28.906505584716797,46600,0.0,0.0
2023-09-06 00:00:00-04:00,28.90650777684943,29.2158747930715,28.90650777684943,29.14820098876953,39700,0.0,0.0
2023-09-07 00:00:00-04:00,29.128863820017145,29.128863820017145,28.68414921456889,29.022520065307617,67800,0.0,0.0
2023-09-08 00:00:00-04:00,29.022520065307617,29.26421326669631,28.906506517293018,29.022520065307617,24700,0.0,0.0
2023-09-11 00:00:00-04:00,29.177207014298745,29.399564343296927,28.95484968530056,29.389896392822266,48300,0.0,0.0
2023-09-12 00:00:00-04:00,29.39956111414455,29.88294752094597,29.322219362815233,29.873279571533203,67400,0.0,0.0
2023-09-13 00:00:00-04:00,29.834614222820086,30.347002712974028,29.77660651739002,30.26966094970703,50800,0.0,0.0
2023-09-14 00:00:00-04:00,30.317995398978834,30.936729396844438,30.317995398978834,30.888391494750977,43500,0.0,0.0
2023-09-15 00:00:00-04:00,30.8980617392452,31.02374325188153,30.45334707969636,30.521020889282227,151200,0.0,0.0
2023-09-18 00:00:00-04:00,30.569357177469843,30.62736302997363,29.776601921378358,29.873279571533203,88200,0.0,0.0
2023-09-19 00:00:00-04:00,29.853947321775355,30.39534149122833,29.786273511586987,30.056970596313477,102000,0.0,0.0
2023-09-20 00:00:00-04:00,30.105305375111275,30.656365593889177,29.708928661815847,30.30832862854004,68200,0.0,0.0
2023-09-21 00:00:00-04:00,30.095636842495708,30.37600184323435,29.728263985084965,29.824941635131836,115700,0.0,0.0
2023-09-22 00:00:00-04:00,29.80560795234916,29.834611802711475,29.090196239168566,29.12886619567871,100700,0.0,0.0
2023-09-25 00:00:00-04:00,29.00318631812508,29.34155719396446,28.461794023165833,28.5584716796875,100800,0.0,0.0
2023-09-26 00:00:00-04:00,28.510131119742283,29.00318549442424,28.15242619793586,28.210432052612305,83100,0.0,0.0
2023-09-27 00:00:00-04:00,28.481125749575433,28.89683834783285,27.746380045646948,28.2200984954834,94500,0.0,0.0
2023-09-28 00:00:00-04:00,28.007411294521873,28.171762767415068,27.68837629937309,27.75605010986328,87300,0.0,0.0
2023-09-29 00:00:00-04:00,27.90106667305108,27.90106667305108,27.22432490087818,27.31133460998535,102800,0.0,0.0
2023-10-02 00:00:00-04:00,27.185655638814637,27.89139943609221,26.84728474407361,26.905290603637695,73100,0.0,0.0
2023-10-03 00:00:00-04:00,26.673263250480794,26.673263250480794,23.00919324032018,23.144542694091797,386000,0.0,0.0
2023-10-04 00:00:00-04:00,23.656931036742076,24.420682475320742,23.51191547766228,24.3626766204834,139500,0.0,0.0
2023-10-05 00:00:00-04:00,24.295003895732346,24.594704843735,23.811617411309733,23.9179630279541,119500,0.0,0.0
2023-10-06 00:00:00-04:00,23.879292595316667,24.826729643474582,23.56992370247351,24.517362594604492,115500,0.0,0.0
2023-10-09 00:00:00-04:00,24.35300925483661,24.768721886417154,24.35300925483661,24.565698623657227,66000,0.0,0.0
2023-10-10 00:00:00-04:00,24.759053653632584,25.23277213603194,24.198325465897337,24.324005126953125,85900,0.0,0.0
2023-10-11 00:00:00-04:00,24.478688255459865,25.155429987730958,24.130649439552116,24.971742630004883,106900,0.0,0.0
2023-10-12 00:00:00-04:00,24.91373444855273,24.91373444855273,23.52158115891329,24.024303436279297,85200,0.0,0.0
2023-10-13 00:00:00-04:00,24.169321131833318,24.207992930751228,23.366899744015367,23.56025505065918,118100,0.0,0.0
2023-10-16 00:00:00-04:00,23.811614156927906,23.97596561292827,23.540918942790494,23.743940353393555,115100,0.0,0.0
2023-10-17 00:00:00-04:00,23.763277177754826,24.29500152105795,23.685935421565773,23.859954833984375,92100,0.0,0.0
2023-10-18 00:00:00-04:00,23.666598237946296,23.666598237946296,22.59348165952123,22.7965030670166,104400,0.0,0.0
2023-10-19 00:00:00-04:00,22.777169623245623,22.91251908680509,22.13909963951948,22.245445251464844,140100,0.0,0.0
2023-10-20 00:00:00-04:00,22.303448536069126,22.62248349110365,21.926407728475453,22.04241943359375,79200,0.0,0.0
2023-10-23 00:00:00-04:00,22.032752383860156,22.168099982021683,21.491358303268605,21.549365997314453,80000,0.0,0.0
2023-10-24 00:00:00-04:00,21.77172624547049,21.77172624547049,21.056314517628305,21.481693267822266,157100,0.0,0.0
2023-10-25 00:00:00-04:00,21.336676561615437,21.472024170906653,20.978971638782124,21.123987197875977,87100,0.0,0.0
2023-10-26 00:00:00-04:00,21.269003156874636,21.269003156874636,20.63093320968623,20.80495262145996,80700,0.0,0.0
2023-10-27 00:00:00-04:00,20.66960316256501,20.756612868438886,20.30223028307647,20.47624969482422,238300,0.0,0.0
2023-10-30 00:00:00-04:00,20.766279989437404,21.191660551842723,20.572926529415234,20.73727798461914,115800,0.0,0.0
2023-10-31 00:00:00-04:00,20.63093631041461,20.98864129373488,20.54392659145061,20.88229751586914,100400,0.0,0.0
2023-11-01 00:00:00-04:00,20.74694491845591,20.74694491845591,20.215220577202594,20.47624969482422,106600,0.0,0.0
2023-11-02 00:00:00-04:00,20.87262646756444,22.19710427044048,20.87262646756444,22.168102264404297,126500,0.0,0.0
2023-11-03 00:00:00-04:00,22.511062294215662,23.142576401068087,22.404190020418852,22.588787078857422,102200,0.113,0.0
2023-11-06 00:00:00-05:00,22.365330633209073,22.365330633209073,21.77267793704586,22.31675148010254,67300,0.0,0.0
2023-11-07 00:00:00-05:00,22.30703673007245,22.656799236961735,21.840687956290274,22.462488174438477,89600,0.0,0.0
2023-11-08 00:00:00-05:00,22.511063543385024,22.608219992854824,21.830970250201553,22.18073272705078,178900,0.0,0.0
2023-11-09 00:00:00-05:00,20.072445448393577,21.44234599188114,17.54638706464239,20.567941665649414,514700,0.0,0.0
2023-11-10 00:00:00-05:00,20.67481572387585,20.67481572387585,19.703254865945492,20.37363052368164,235200,0.0,0.0
2023-11-13 00:00:00-05:00,20.315334536541645,20.907987169598467,19.538086700651558,19.576948165893555,221100,0.0,0.0
2023-11-14 00:00:00-05:00,20.257039956601478,21.63665615600588,20.023865622588676,21.37433433532715,310300,0.0,0.0
2023-11-15 00:00:00-05:00,21.510354115882244,21.986418654455854,20.771967733674696,21.09258270263672,169600,0.0,0.0
2023-11-16 00:00:00-05:00,20.99542771654336,21.248033725687037,20.499931527812112,20.791399002075195,170400,0.0,0.0
2023-11-17 00:00:00-05:00,21.005143995332,21.99613454088359,20.59708841077368,21.937841415405273,172200,0.0,0.0
2023-11-20 00:00:00-05:00,22.05443013189915,22.09329159892883,21.170309982989057,21.403484344482422,166300,0.0,0.0
2023-11-21 00:00:00-05:00,21.18973946405675,21.704667329292448,21.014858232350093,21.48120880126953,80800,0.0,0.0
2023-11-22 00:00:00-05:00,21.568649799899134,22.015566863876355,21.3743369049755,21.782392501831055,74100,0.0,0.0
2023-11-24 00:00:00-05:00,21.88926286079556,22.200161982939555,21.685234153697976,22.06414222717285,45500,0.0,0.0
2023-11-27 00:00:00-05:00,21.782391684858023,22.09329082259114,21.61722628629918,21.743528366088867,99900,0.0,0.0
2023-11-28 00:00:00-05:00,21.957272870490016,22.122438268728278,21.47149250544867,21.928125381469727,67100,0.0,0.0
2023-11-29 00:00:00-05:00,22.15158644045146,22.375046842310983,21.500640602654677,21.675521850585938,97800,0.0,0.0
2023-11-30 00:00:00-05:00,21.724100809936637,22.209881226236792,21.42291561759478,21.947559356689453,113400,0.0,0.0
2023-12-01 00:00:00-05:00,21.860118303403887,22.60822057453229,21.811541003971733,22.49163246154785,101900,0.0,0.0
2023-12-04 00:00:00-05:00,22.491631946598222,22.98712817250353,22.491631946598222,22.841394424438477,85400,0.0,0.0
2023-12-05 00:00:00-05:00,22.64707806047422,22.851106759037794,22.239022516451946,22.7636661529541,138800,0.0,0.0
2023-12-06 00:00:00-05:00,23.093999706568113,23.414614683197023,22.86082534657482,22.899686813354492,83600,0.0,0.0
2023-12-07 00:00:00-05:00,22.899685432085157,23.880961962725372,22.65679525677139,23.861530303955078,134500,0.0,0.0
2023-12-08 00:00:00-05:00,23.803242132818543,24.590205945687124,23.803242132818543,24.201581954956055,83900,0.0,0.0
2023-12-11 00:00:00-05:00,23.958687645353933,24.298734274197198,23.64778850576182,23.99755096435547,98400,0.0,0.0
2023-12-12 00:00:00-05:00,23.832386269870934,23.929540864038927,23.54091692805166,23.65750503540039,62300,0.0,0.0
2023-12-13 00:00:00-05:00,23.52148199987873,24.45418116976315,23.12314228919935,24.33759307861328,168300,0.0,0.0
2023-12-14 00:00:00-05:00,25.037118440108202,25.639485006448826,24.434750020662694,24.735933303833008,122900,0.0,0.0
2023-12-15 00:00:00-05:00,24.988542199819925,24.988542199819925,24.123853712270222,24.405607223510742,196600,0.0,0.0
2023-12-18 00:00:00-05:00,24.240441819395116,24.58048660454044,23.80323873405813,24.405607223510742,92800,0.0,0.0
2023-12-19 00:00:00-05:00,24.531908321063927,24.813661820974477,24.279302310038783,24.63878059387207,138200,0.0,0.0
2023-12-20 00:00:00-05:00,24.745650057705678,24.988540229720044,23.939254760742188,23.939254760742188,227500,0.0,0.0
2023-12-21 00:00:00-05:00,24.06556058526032,24.415321200424813,23.8712476910872,24.405607223510742,142800,0.0,0.0
2023-12-22 00:00:00-05:00,24.425037053698084,24.76508369227225,24.172431032274563,24.502761840820312,114500,0.0,0.0
2023-12-26 00:00:00-05:00,24.395890210102586,24.677641854570883,24.279302108633114,24.629064559936523,77000,0.0,0.0
2023-12-27 00:00:00-05:00,24.65821128828712,24.72622209813636,24.454184418054663,24.59020233154297,99600,0.0,0.0
2023-12-28 00:00:00-05:00,24.308450324693123,24.74565154880037,24.298734494854507,24.570772171020508,72900,0.0,0.0
2023-12-29 00:00:00-05:00,24.415322834086364,24.78451698709755,24.143286987767826,24.298736572265625,70000,0.0,0.0
2024-01-02 00:00:00-05:00,24.454184316097844,24.71650616510738,24.298734743300727,24.395891189575195,59900,0.0,0.0
2024-01-03 00:00:00-05:00,24.29873541156054,24.29873541156054,23.550633163709563,23.676937103271484,110000,0.0,0.0
2024-01-04 00:00:00-05:00,23.783807529317958,23.86153231785409,23.47290837517343,23.676937103271484,70800,0.0,0.0
2024-01-05 00:00:00-05:00,23.45347561696423,24.44446801424287,23.33688936616971,23.99755096435547,194500,0.0,0.0
2024-01-08 00:00:00-05:00,24.13356887465076,24.50276113964013,23.74494495016062,23.99755096435547,131100,0.0,0.0
2024-01-09 00:00:00-05:00,23.676939428101583,23.84210485159654,23.521487982660467,23.79352569580078,65800,0.0,0.0
2024-01-10 00:00:00-05:00,23.589494705200195,23.87124634747703,23.48262243410985,23.589494705200195,72800,0.0,0.0
2024-01-11 00:00:00-05:00,23.424331780740587,23.570065531984422,22.79281577017533,23.055137634277344,115700,0.0,0.0
2024-01-12 00:00:00-05:00,23.41461548162673,23.463192780034056,23.045421342552483,23.22030258178711,75600,0.0,0.0
2024-01-16 00:00:00-05:00,23.162008456872965,23.336889688585902,22.783100356898316,22.889970779418945,69900,0.0,0.0
2024-01-17 00:00:00-05:00,22.49163063477896,22.79281394362765,22.394474190700503,22.588787078857422,68800,0.0,0.0
2024-01-18 00:00:00-05:00,22.7150901067891,22.773385087531597,22.25845720960356,22.540210723876953,78400,0.0,0.0
2024-01-19 00:00:00-05:00,22.666511210030663,22.78309931018462,22.190446686186547,22.74423599243164,112500,0.0,0.0
2024-01-22 00:00:00-05:00,22.880253773314863,23.89067779211052,22.8316764794941,23.861530303955078,87900,0.0,0.0
2024-01-23 00:00:00-05:00,24.16271636390191,24.289018444446814,23.48262310621538,23.99755096435547,96800,0.0,0.0
2024-01-24 00:00:00-05:00,24.065559926737027,24.201577837073202,23.40489832835268,23.531200408935547,65600,0.0,0.0
2024-01-25 00:00:00-05:00,23.987836745141163,24.531910275956292,23.822671334505568,24.454185485839844,99400,0.0,0.0
2024-01-26 00:00:00-05:00,24.609633991499894,24.910817308411893,24.395891291288972,24.59020233154297,156400,0.0,0.0
2024-01-29 00:00:00-05:00,24.580484068018286,24.755365284106645,24.094703735819465,24.6582088470459,124800,0.0,0.0
2024-01-30 00:00:00-05:00,24.45418454378333,24.755367862243833,24.279303309482042,24.502761840820312,60500,0.0,0.0
2024-01-31 00:00:00-05:00,24.45418399672614,24.73593564882683,23.783806564603033,24.007265090942383,101900,0.0,0.0
2024-02-01 00:00:00-05:00,24.036413118086937,24.619349948056207,23.812954586748663,24.502761840820312,73700,0.0,0.0
2024-02-02 00:00:00-05:00,24.125075190828397,24.31050307504202,23.910370493254216,24.203149795532227,72200,0.113,0.0
2024-02-05 00:00:00-05:00,24.06651850359206,24.06651850359206,23.4907176245475,23.510236740112305,62600,0.0,0.0
2024-02-06 00:00:00-05:00,23.402887663472494,23.69566886512161,23.15890425948772,23.24673843383789,98200,0.0,0.0
2024-02-07 00:00:00-05:00,23.266254824992657,23.266254824992657,22.446470534805854,22.563583374023438,59300,0.0,0.0
2024-02-08 00:00:00-05:00,22.56358203662145,23.09058512825017,22.407430973105008,22.963714599609375,81200,0.0,0.0
2024-02-09 00:00:00-05:00,23.051548014007594,23.98844319617741,23.051548014007594,23.763978958129883,85000,0.0,0.0
2024-02-12 00:00:00-05:00,23.959166222012183,24.88630377385147,23.959166222012183,24.691116333007812,73400,0.0,0.0
2024-02-13 00:00:00-05:00,23.84205634753026,24.134835660868962,23.695666690860907,23.734703063964844,104300,0.0,0.0
2024-02-14 00:00:00-05:00,24.242188189241553,24.447133329905096,23.93964932669019,24.261707305908203,67100,0.0,0.0
2024-02-15 00:00:00-05:00,24.476411229511612,24.974137520071036,24.232427863243974,24.78870964050293,93800,0.0,0.0
2024-02-16 00:00:00-05:00,24.49593152042229,25.071732441345837,24.427616472422116,25.04245376586914,68900,0.0,0.0
2024-02-20 00:00:00-05:00,24.58376659315436,25.013176013995675,24.242189479095412,24.574007034301758,72100,0.0,0.0
2024-02-21 00:00:00-05:00,24.544726865828263,24.808229354495307,24.222668889050343,24.476411819458008,75800,0.0,0.0
2024-02-22 00:00:00-05:00,25.032695315305975,26.80889408770561,24.300745149002026,24.964380264282227,184000,0.0,0.0
2024-02-23 00:00:00-05:00,24.954619873551227,26.164777218129053,24.954619873551227,25.764644622802734,167600,0.0,0.0
2024-02-26 00:00:00-05:00,25.686569528985856,25.81344192692289,24.466652648912852,24.652080535888672,119000,0.0,0.0
2024-02-27 00:00:00-05:00,24.808229354495307,25.091249098235703,24.447133144679867,24.476411819458008,82100,0.0,0.0
2024-02-28 00:00:00-05:00,24.39833754126654,24.749674197523316,24.027483629675277,24.047000885009766,92200,0.0,0.0
2024-02-29 00:00:00-05:00,24.46665298076428,24.622802194615907,24.154354553061026,24.22266960144043,80400,0.0,0.0
2024-03-01 00:00:00-05:00,24.15435593969934,24.1738750579127,23.519999489329685,23.822538375854492,102500,0.0,0.0
2024-03-04 00:00:00-05:00,23.959166764225344,24.59352503060052,23.90061127522525,24.212909698486328,70400,0.0,0.0
2024-03-05 00:00:00-05:00,23.959167712920152,24.232429774816485,23.70542663005739,23.910371780395508,72700,0.0,0.0
2024-03-06 00:00:00-05:00,24.00796557754515,24.82774990420124,24.00796557754515,24.681360244750977,80000,0.0,0.0
2024-03-07 00:00:00-05:00,24.798470387899687,25.08149199983807,24.515450637406754,25.04245376586914,104500,0.0,0.0
2024-03-08 00:00:00-05:00,25.17908435991984,25.715848918937287,24.964379653180156,25.27667808532715,108000,0.0,0.0
2024-03-11 00:00:00-04:00,25.05221461124447,25.481625899733448,24.96438044174796,25.354753494262695,56400,0.0,0.0
2024-03-12 00:00:00-04:00,25.92079407081412,25.92079407081412,25.384031373163012,25.715848922729492,93000,0.0,0.0
2024-03-13 00:00:00-04:00,25.43282589372112,25.862237144878527,25.247399873300402,25.510900497436523,101500,0.0,0.0
2024-03-14 00:00:00-04:00,25.27667925788224,25.559700888547916,24.261709306321265,24.759435653686523,89600,0.0,0.0
2024-03-15 00:00:00-04:00,24.525209419921644,25.20836365305021,24.525209419921644,24.964380264282227,185500,0.0,0.0
2024-03-18 00:00:00-04:00,24.905824204740732,24.954620136804373,24.54472797855512,24.837509155273438,67700,0.0,0.0
2024-03-19 00:00:00-04:00,24.83750989772275,25.38403217124338,24.83750989772275,25.354753494262695,72900,0.0,0.0
2024-03-20 00:00:00-04:00,25.35475098044575,25.95007098991071,25.159565404262985,25.940311431884766,163600,0.0,0.0
2024-03-21 00:00:00-04:00,26.252613492513163,26.408762719745035,26.067185587133206,26.155019760131836,130800,0.0,0.0
2024-03-22 00:00:00-04:00,25.979351422934432,25.979351422934432,25.51090191319938,25.715848922729492,100800,0.0,0.0
2024-03-25 00:00:00-04:00,25.696330295826044,26.047666969471987,25.686570736953044,25.9500732421875,92800,0.0,0.0
2024-03-26 00:00:00-04:00,26.242851517526823,26.45755808129154,25.85247848538022,25.920793533325195,94700,0.0,0.0
2024-03-27 00:00:00-04:00,25.92079542151659,26.603949673621365,25.92079542151659,26.359966278076172,98300,0.0,0.0
2024-03-28 00:00:00-04:00,26.369723055909446,26.633225542052116,26.23309110303248,26.38924217224121,77200,0.0,0.0
2024-04-01 00:00:00-04:00,26.389241675253533,26.389241675253533,25.725606624034825,25.881755828857422,95000,0.0,0.0
2024-04-02 00:00:00-04:00,25.618255820638243,25.823200973709493,24.935101587509674,24.964380264282227,80300,0.0,0.0
2024-04-03 00:00:00-04:00,24.827750536216982,25.27667908481846,24.808231418074598,25.14004898071289,59000,0.0,0.0
2024-04-04 00:00:00-04:00,25.354754358203184,25.423069412040345,24.320265268428464,24.388580322265625,92800,0.0,0.0
2024-04-05 00:00:00-04:00,24.251950214591307,24.544729548592162,24.066522310286437,24.388580322265625,64500,0.0,0.0
2024-04-08 00:00:00-04:00,24.593525542803143,25.042454070229297,24.43737632792053,24.88630485534668,70500,0.0,0.0
2024-04-09 00:00:00-04:00,24.886304353489237,24.954619400942054,24.505690882569,24.652080535888672,62900,0.0,0.0
2024-04-10 00:00:00-04:00,24.086041093959697,24.134837028466002,23.324812230120482,23.607833862304688,96600,0.0,0.0
2024-04-11 00:00:00-04:00,23.81277877057207,24.115317656510218,23.66638910714687,24.095800399780273,80900,0.0,0.0
2024-04-12 00:00:00-04:00,23.920132073570116,24.06652173708392,23.607833628355184,23.65662956237793,49100,0.0,0.0
2024-04-15 00:00:00-04:00,23.851816989096164,24.300745538123984,23.402886578622784,23.490720748901367,73700,0.0,0.0
2024-04-16 00:00:00-04:00,23.393127302127745,23.393127302127745,23.061309735166027,23.168663024902344,61400,0.0,0.0
2024-04-17 00:00:00-04:00,23.276015438380533,23.412645539122696,22.74901043018273,22.758769989013672,65300,0.0,0.0
2024-04-18 00:00:00-04:00,22.78804949367871,23.11986706020774,22.641659828785453,23.00275421142578,87300,0.0,0.0
2024-04-19 00:00:00-04:00,22.92467890813441,23.70542686643239,22.92467890813441,23.422405242919922,89900,0.0,0.0
2024-04-22 00:00:00-04:00,23.69566825743536,24.437378009901064,23.490721235392375,24.33002471923828,118000,0.0,0.0
2024-04-23 00:00:00-04:00,24.154355310867523,24.876545912950302,24.154355310867523,24.574007034301758,87600,0.0,0.0
2024-04-24 00:00:00-04:00,24.456894673889924,25.003418811786467,24.300745452046783,24.808231353759766,116300,0.0,0.0
2024-04-25 00:00:00-04:00,24.30074428103658,24.33978251533896,23.95916717667263,24.11531639099121,60000,0.0,0.0
2024-04-26 00:00:00-04:00,24.105558208928088,24.456893003354345,24.037241300273262,24.320262908935547,155400,0.0,0.0
2024-04-29 00:00:00-04:00,24.447133409334047,25.530420189062152,24.447133409334047,25.471864700317383,84100,0.0,0.0
2024-04-30 00:00:00-04:00,25.198604094126026,25.491385277514926,24.886305654334294,24.964380264282227,135800,0.0,0.0
2024-05-01 00:00:00-04:00,25.042455018968358,25.374272578526266,24.80823118777081,25.188844680786133,59000,0.0,0.0
2024-05-02 00:00:00-04:00,26.350204458109605,27.501806284110106,24.56424623040666,25.03269386291504,245300,0.0,0.0
2024-05-03 00:00:00-04:00,25.61398130166848,26.035489917444536,24.986620684522048,25.486549377441406,127900,0.113,0.0
2024-05-06 00:00:00-04:00,25.790430915196676,25.790430915196676,25.035638257561427,25.231687545776367,92700,0.0,0.0
2024-05-07 00:00:00-04:00,25.290498961808662,25.60418114889588,24.97681864440362,25.055238723754883,99600,0.0,0.0
2024-05-08 00:00:00-04:00,24.937612313926966,25.378724608221592,24.937612313926966,25.045438766479492,417900,0.0,0.0
2024-05-09 00:00:00-04:00,25.221880242738408,25.888451815505658,25.025830989954084,25.79042625427246,100300,0.0,0.0
2024-05-10 00:00:00-04:00,25.78062820655841,25.78062820655841,25.27089856073741,25.50615882873535,166500,0.0,0.0
2024-05-13 00:00:00-04:00,25.68260051140187,26.192330078116555,25.613981307912894,26.015886306762695,167200,0.0,0.0
2024-05-14 00:00:00-04:00,26.378578462508102,26.702061514513357,25.77082333191986,26.015886306762695,100800,0.0,0.0
2024-05-15 00:00:00-04:00,26.270753300463635,26.270753300463635,25.672800841642953,25.917863845825195,154600,0.0,0.0
2024-05-16 00:00:00-04:00,26.035493814579297,26.172730372383985,25.731616203873198,26.162927627563477,97800,0.0,0.0
2024-05-17 00:00:00-04:00,26.270750994106468,26.95692809344895,26.113910834773705,26.535419464111328,138400,0.0,0.0
2024-05-20 00:00:00-04:00,26.525617931064012,26.65305173488929,26.02568919924341,26.035491943359375,54400,0.0,0.0
2024-05-21 00:00:00-04:00,26.006085580693746,26.094308408055163,25.712008866261602,26.035491943359375,64300,0.0,0.0
2024-05-22 00:00:00-04:00,25.712007761834275,26.06489905612193,25.62378493826236,25.878650665283203,75300,0.0,0.0
2024-05-23 00:00:00-04:00,25.878653124341223,26.11391338632732,25.74141843893659,25.957073211669922,88100,0.0,0.0
2024-05-24 00:00:00-04:00,26.00608289680284,26.28055222499489,25.84924274649822,26.19232940673828,95700,0.0,0.0
2024-05-28 00:00:00-04:00,26.35897261781322,26.653049305440007,26.064897799868525,26.104106903076172,68300,0.0,0.0
2024-05-29 00:00:00-04:00,25.8002321106713,26.172728914370122,25.69240379333496,25.69240379333496,138200,0.0,0.0
2024-05-30 00:00:00-04:00,25.741417537684434,26.22174078946605,25.702206560551748,26.094308853149414,79500,0.0,0.0
2024-05-31 00:00:00-04:00,26.15312244380066,26.770680352442223,26.02568864270048,26.35897445678711,567100,0.0,0.0
2024-06-03 00:00:00-04:00,26.6824592222771,26.6824592222771,25.83944375927417,25.917863845825195,144500,0.0,0.0
2024-06-04 00:00:00-04:00,26.702063681100263,27.868564059512178,26.466803430524145,27.388240814208984,338400,0.0,0.0
2024-06-05 00:00:00-04:00,27.466659039637396,28.23125433486497,27.241201548464243,28.064611434936523,274600,0.0,0.0
2024-06-06 00:00:00-04:00,27.819547830189638,28.50572490142382,27.819547830189638,28.241056442260742,101200,0.0,0.0
2024-06-07 00:00:00-04:00,27.878367676948702,28.172442531960133,27.770539357592757,27.78034210205078,102900,0.0,0.0
2024-06-10 00:00:00-04:00,27.45685753231788,27.927378022823667,27.221597287064988,27.839155197143555,123500,0.0,0.0
2024-06-11 00:00:00-04:00,27.64310536475002,27.69211721371558,27.30001681294454,27.35883140563965,80800,0.0,0.0
2024-06-12 00:00:00-04:00,28.368490630817114,28.96644302099017,28.133230398172977,28.427305221557617,232400,0.0,0.0
2024-06-13 00:00:00-04:00,28.34888698262935,28.937038537226424,27.868563742785042,28.554738998413086,166600,0.0,0.0
2024-06-14 00:00:00-04:00,28.0352063116238,28.525332289555397,27.45685750808994,27.564685821533203,102900,0.0,0.0
2024-06-17 00:00:00-04:00,27.32942346834498,27.633302918182302,26.976534038697256,26.996139526367188,77800,0.0,0.0
2024-06-18 00:00:00-04:00,27.113768171842075,27.182385507635054,26.633444951609064,26.790285110473633,77600,0.0,0.0
2024-06-20 00:00:00-04:00,26.741275182993746,26.91771897213009,26.31976652463415,26.388383865356445,57600,0.0,0.0
2024-06-21 00:00:00-04:00,26.407988067294216,27.329423554499268,26.398185323428347,26.741273880004883,178800,0.0,0.0
2024-06-24 00:00:00-04:00,26.819693639918572,27.417646051114662,26.662853479308232,26.829496383666992,90100,0.0,0.0
2024-06-25 00:00:00-04:00,26.829495276663625,26.829495276663625,26.35897294456449,26.54522132873535,81500,0.0,0.0
2024-06-26 00:00:00-04:00,26.368776321411133,26.966730591983104,26.270750755298685,26.368776321411133,135900,0.0,0.0
2024-06-27 00:00:00-04:00,26.555025894885393,26.555025894885393,25.9276652352657,26.39818572998047,152100,0.0,0.0
2024-06-28 00:00:00-04:00,26.633444373314347,26.849099119650052,25.93746454749281,26.309961318969727,351300,0.0,0.0
2024-07-01 00:00:00-04:00,26.506012999865806,26.506012999865806,25.790427672296207,25.986478805541992,67600,0.0,0.0
2024-07-02 00:00:00-04:00,26.064901158247974,26.85890476474916,25.986481072046406,26.849102020263672,147700,0.0,0.0
2024-07-03 00:00:00-04:00,27.162783816788384,27.162783816788384,26.339373802505815,26.643251419067383,60200,0.0,0.0
2024-07-05 00:00:00-04:00,26.564830133237525,26.68245932869202,25.545367134326046,25.66299819946289,92600,0.0,0.0
2024-07-08 00:00:00-04:00,25.84924271282162,26.153120269930668,25.67279707653828,25.79042625427246,68100,0.0,0.0
2024-07-09 00:00:00-04:00,25.662999007400646,25.878653785644822,25.36892227014141,25.50615882873535,49700,0.0,0.0
2024-07-10 00:00:00-04:00,25.643391508126896,25.761022567749023,25.329711175377568,25.761022567749023,34200,0.0,0.0
2024-07-11 00:00:00-04:00,26.329568217314435,27.113769036649764,26.202134415621046,26.907917022705078,114100,0.0,0.0
2024-07-12 00:00:00-04:00,27.29021326647877,27.584288090986348,27.015742059171462,27.113767623901367,118600,0.0,0.0
2024-07-15 00:00:00-04:00,27.319625268430073,27.750934821294944,27.211796945372658,27.643108367919922,102800,0.0,0.0
2024-07-16 00:00:00-04:00,28.015598084839667,28.574341345907033,27.77053511983243,28.250858306884766,123900,0.0,0.0
2024-07-17 00:00:00-04:00,28.221454645522076,28.633158671196483,27.937180681491014,28.49592399597168,123100,0.0,0.0
2024-07-18 00:00:00-04:00,28.319479272802866,29.35854772397125,28.319479272802866,28.76059341430664,102300,0.0,0.0
2024-07-19 00:00:00-04:00,28.7605924505702,29.495781415319577,28.7605924505702,29.42716407775879,185000,0.0,0.0
2024-07-22 00:00:00-04:00,29.417362924755874,29.99571175787703,29.064471604293526,29.789857864379883,137300,0.0,0.0
2024-07-23 00:00:00-04:00,29.74084521679629,30.27998305781501,29.564399561282595,29.946697235107422,84900,0.0,0.0
2024-07-24 00:00:00-04:00,29.917290639897463,30.525045815631877,29.682030390934244,29.780054092407227,64700,0.0,0.0
2024-07-25 00:00:00-04:00,29.79965954802387,30.603465865190746,29.79965954802387,30.309391021728516,113300,0.0,0.0
2024-07-26 00:00:00-04:00,30.828923244430992,31.054380734473842,30.5348465503175,30.966157913208008,108000,0.0,0.0
2024-07-29 00:00:00-04:00,31.103394879040422,31.54450901794686,30.642677121491023,31.152408599853516,85200,0.0,0.0
2024-07-30 00:00:00-04:00,31.34845733642578,31.80917695575601,30.917147818761293,31.34845733642578,324100,0.0,0.0
2024-07-31 00:00:00-04:00,31.10339304620634,31.917003936619402,30.907343783553426,31.426877975463867,134100,0.0,0.0
2024-08-01 00:00:00-04:00,33.377578598185046,34.308818711072774,31.279839995292054,31.7503604888916,271100,0.0,0.0
2024-08-02 00:00:00-04:00,31.75036205920127,31.75036205920127,30.16235484734257,30.485837936401367,160100,0.0,0.0
2024-08-05 00:00:00-04:00,29.524638836933935,29.524638836933935,28.383400040381712,28.66870880126953,153800,0.113,0.0
2024-08-06 00:00:00-04:00,28.66870628005961,29.268841101443247,28.530971157709384,28.924501419067383,110800,0.0,0.0
2024-08-07 00:00:00-04:00,29.28851895012373,29.30819593289884,28.324369312147628,28.42275047302246,81300,0.0,0.0
2024-08-08 00:00:00-04:00,29.318033039988222,29.583666682410694,28.737575173880032,29.514799118041992,79000,0.0,0.0
2024-08-09 00:00:00-04:00,29.396738710282747,29.563989311484338,29.052400892956268,29.52463722229004,203100,0.0,0.0
2024-08-12 00:00:00-04:00,29.613178717104926,29.70172325429346,29.268839058760648,29.50495719909668,93400,0.0,0.0
2024-08-13 00:00:00-04:00,29.682049780791456,30.006712496679114,29.081914930377746,29.849300384521484,154400,0.0,0.0
2024-08-14 00:00:00-04:00,29.77059217902371,29.829621247695858,29.396737032266163,29.711563110351562,95700,0.0,0.0
2024-08-15 00:00:00-04:00,30.301860856002353,30.754422102530555,30.006713603940824,30.636362075805664,105000,0.0,0.0
2024-08-16 00:00:00-04:00,30.744581822160587,31.236495131315156,30.744581822160587,30.92167091369629,132300,0.0,0.0
2024-08-19 00:00:00-04:00,30.754419655664,30.97086083152205,30.518301497500595,30.793771743774414,80500,0.0,0.0
2024-08-20 00:00:00-04:00,30.734745319718034,30.833128363215625,30.537981109223328,30.82328987121582,73600,0.0,0.0
2024-08-21 00:00:00-04:00,31.010216983565957,31.02005547541264,30.62652330754723,30.93151092529297,52000,0.0,0.0
2024-08-22 00:00:00-04:00,30.951185735987806,31.128274834530718,30.76426002219289,30.842966079711914,76200,0.0,0.0
2024-08-23 00:00:00-04:00,31.020050533516393,31.836626461695218,30.961019591840707,31.77759552001953,87900,0.0,0.0
2024-08-26 00:00:00-04:00,32.12194186652681,32.34822154737728,31.708732718842718,31.994043350219727,129400,0.0,0.0
2024-08-27 00:00:00-04:00,31.86614885038909,32.32854863862672,31.816958261917314,32.13178253173828,69600,0.0,0.0
2024-08-28 00:00:00-04:00,32.00387925097927,32.53514653485492,32.00387925097927,32.34822082519531,96500,0.0,0.0
2024-08-29 00:00:00-04:00,32.55482117829983,32.564657792627294,32.07274451024319,32.358055114746094,89600,0.0,0.0
2024-08-30 00:00:00-04:00,32.46627796265026,32.75158857879977,32.23999829387672,32.613853454589844,173200,0.0,0.0
2024-09-03 00:00:00-04:00,32.33837747151992,32.643365051438884,32.03339364460139,32.27935028076172,91600,0.0,0.0
2024-09-04 00:00:00-04:00,32.33838104941131,32.55482411413961,32.141614968112926,32.47611618041992,92700,0.0,0.0
2024-09-05 00:00:00-04:00,32.476117730680116,32.84013631200899,32.31870560872745,32.485958099365234,88800,0.0,0.0
2024-09-06 00:00:00-04:00,32.49579506483708,32.49579506483708,31.630030261278755,31.807119369506836,104200,0.0,0.0
2024-09-09 00:00:00-04:00,31.669379830994785,32.15145656088673,31.600512262867504,31.67922019958496,78000,0.0,0.0
2024-09-10 00:00:00-04:00,31.826792601086787,31.905500539410852,31.472616261131154,31.807119369506836,80200,0.0,0.0
2024-09-11 00:00:00-04:00,31.551317931446857,31.669376069499826,31.167626168024295,31.58083152770996,69700,0.0,0.0
2024-09-12 00:00:00-04:00,31.767763434762955,31.94485253203392,31.551320370764927,31.856307983398438,70300,0.0,0.0
2024-09-13 00:00:00-04:00,32.1711338554599,32.55482566815696,32.023558349191326,32.485958099365234,114300,0.0,0.0
2024-09-16 00:00:00-04:00,32.60401331887418,32.84996997185664,32.35805666589172,32.367897033691406,113400,0.0,0.0
2024-09-17 00:00:00-04:00,32.692559124087175,33.06641430186963,32.289190347769555,32.62369155883789,130900,0.0,0.0
2024-09-18 00:00:00-04:00,32.6335307651599,33.09593052826383,32.161294386096806,32.31870651245117,85700,0.0,0.0
2024-09-19 00:00:00-04:00,32.97786879348215,33.04673635672714,32.35805697127659,32.84013366699219,101500,0.0,0.0
2024-09-20 00:00:00-04:00,32.68272581920685,32.81062059448042,32.31870721973257,32.39741516113281,269100,0.0,0.0
2024-09-23 00:00:00-04:00,32.47611474962,32.633526857123435,32.02355540967272,32.41708755493164,78600,0.0,0.0
2024-09-24 00:00:00-04:00,32.35805726321573,32.64336788666232,32.210485520502516,32.544986724853516,66200,0.0,0.0
2024-09-25 00:00:00-04:00,32.55482357664463,32.55482357664463,32.161291420545254,32.24983596801758,69000,0.0,0.0
2024-09-26 00:00:00-04:00,32.653201553839075,32.82045401741605,32.30886376559297,32.37773132324219,68200,0.0,0.0
2024-09-27 00:00:00-04:00,32.476114086037946,32.69255713680786,32.121939666142545,32.289188385009766,55000,0.0,0.0
2024-09-30 00:00:00-04:00,32.24983596968952,32.38757109843121,31.89565777978188,32.29903030395508,76200,0.0,0.0
2024-10-01 00:00:00-04:00,32.08259032798384,32.348223995958996,31.83663364500696,32.2203254699707,71200,0.0,0.0
2024-10-02 00:00:00-04:00,32.13178010426368,32.19081105777097,31.86614644298244,31.905500411987305,50200,0.0,0.0
2024-10-03 00:00:00-04:00,31.649700998025406,31.718572315130615,31.138112574749403,31.197141647338867,54800,0.0,0.0
2024-10-04 00:00:00-04:00,31.600511767803333,31.610352136239346,31.088923322658047,31.40374755859375,48800,0.0,0.0
2024-10-07 00:00:00-04:00,31.21681759885514,31.32503912544346,30.60684615708538,30.695390701293945,70600,0.0,0.0
2024-10-08 00:00:00-04:00,30.89215615709538,30.89215615709538,30.13460919304278,30.183801651000977,133300,0.0,0.0
2024-10-09 00:00:00-04:00,30.311699772484463,30.52814284509486,29.859140396118164,29.859140396118164,71100,0.0,0.0
2024-10-10 00:00:00-04:00,29.662369486402575,30.36088729806356,29.662369486402575,30.173959732055664,66700,0.0,0.0
2024-10-11 00:00:00-04:00,30.164126030021,30.60684878913598,29.95752332676766,30.341215133666992,38700,0.0,0.0
2024-10-14 00:00:00-04:00,30.311698883240005,30.48878798236222,30.10509618526438,30.360891342163086,29000,0.0,0.0
2024-10-15 00:00:00-04:00,30.400241380060983,30.754419554389948,30.301858345358458,30.50846290588379,52300,0.0,0.0
2024-10-16 00:00:00-04:00,30.823286689298154,31.098758807354066,30.646197604583662,30.951183319091797,74500,0.0,0.0
2024-10-17 00:00:00-04:00,31.010213849369865,31.83662831596096,30.990536867665256,31.8267879486084,83000,0.0,0.0
2024-10-18 00:00:00-04:00,31.875982279370184,32.21048346234754,31.541481096392822,31.8267879486084,75400,0.0,0.0
2024-10-21 00:00:00-04:00,31.73824596663361,31.87598484967239,31.34471755981099,31.57099723815918,52700,0.0,0.0
2024-10-22 00:00:00-04:00,31.354557654993528,31.53164488417019,31.226659133559792,31.482454299926758,128800,0.0,0.0
2024-10-23 00:00:00-04:00,31.393909848308716,31.81695562956805,31.236497726421593,31.767765045166016,67300,0.0,0.0
2024-10-24 00:00:00-04:00,31.80711650454975,31.875984067879678,31.197141296483633,31.590673446655273,89200,0.0,0.0
2024-10-25 00:00:00-04:00,31.73824596663361,31.944852414691365,31.413585124829968,31.57099723815918,49200,0.0,0.0
2024-10-28 00:00:00-04:00,31.620189164350297,32.367899549206676,31.620189164350297,32.11210250854492,52600,0.0,0.0
2024-10-29 00:00:00-04:00,31.80712248340883,32.24984154431995,31.80712248340883,32.06291580200195,35500,0.0,0.0
2024-10-30 00:00:00-04:00,32.053078340783706,32.46628378754823,31.787444659434517,32.13178253173828,60600,0.0,0.0
2024-10-31 00:00:00-04:00,33.450106534018445,37.71007778523239,33.450106534018445,36.7852783203125,365700,0.0,0.0
2024-11-01 00:00:00-04:00,36.873823367497344,37.090266437185726,35.585009070808866,36.293365478515625,154300,0.0,0.0
2024-11-04 00:00:00-05:00,36.39500900762109,37.687779386258654,36.37527156674843,37.046329498291016,114200,0.113,0.0
2024-11-05 00:00:00-05:00,36.78974786322543,37.58909730710985,36.78974786322543,37.47067642211914,105000,0.0,0.0
2024-11-06 00:00:00-05:00,38.73384087232605,39.4443736802393,38.250282985933545,39.29634475708008,190000,0.0,0.0
2024-11-07 00:00:00-05:00,39.237137367211986,39.24700797108039,38.58581679959459,38.822662353515625,69400,0.0,0.0
2024-11-08 00:00:00-05:00,38.87200164794922,39.158188909715165,38.59568498943431,38.87200164794922,78900,0.0,0.0
2024-11-11 00:00:00-05:00,39.27660988941163,39.93780102109782,39.05950555629575,39.41476821899414,102600,0.0,0.0
2024-11-12 00:00:00-05:00,39.513456138449904,39.75029791783412,38.66476493917002,38.98055648803711,65100,0.0,0.0
2024-11-13 00:00:00-05:00,39.1088479601883,39.1088479601883,37.99370693630059,38.06278610229492,53400,0.0,0.0
2024-11-14 00:00:00-05:00,38.279894720918634,38.279894720918634,37.51014951660267,37.648311614990234,60100,0.0,0.0
2024-11-15 00:00:00-05:00,37.97396855769437,38.01344344144137,36.74040667459152,37.59896469116211,93500,0.0,0.0
2024-11-18 00:00:00-05:00,37.59896653261959,38.41805347009113,37.3029124190817,38.33910369873047,100300,0.0,0.0
2024-11-19 00:00:00-05:00,38.31936863505558,38.63516018001677,37.97396904463842,38.28976058959961,70100,0.0,0.0
2024-11-20 00:00:00-05:00,38.30949794198234,38.30949794198234,37.52988592020291,37.74699401855469,56900,0.0,0.0
2024-11-21 00:00:00-05:00,37.954229985573754,38.82265857948603,37.51014696797475,38.447654724121094,67400,0.0,0.0
2024-11-22 00:00:00-05:00,38.72397831640049,39.08911159882997,38.43779104106253,38.69437026977539,52900,0.0,0.0
2024-11-25 00:00:00-05:00,38.802921128088556,40.293065946251126,38.802921128088556,40.11543273925781,156700,0.0,0.0
2024-11-26 00:00:00-05:00,39.96740856170654,40.08582945893141,39.2470088097456,39.47398376464844,58900,0.0,0.0
2024-11-27 00:00:00-05:00,39.47398166754124,40.05622304771877,39.46411482851855,39.85885238647461,97900,0.0,0.0
2024-11-29 00:00:00-05:00,40.293063100177385,40.352271655304996,39.572659720183054,40.01674270629883,51400,0.0,0.0
2024-12-02 00:00:00-05:00,40.16477629940634,40.37201379554429,39.36542683133287,39.937801361083984,59700,0.0,0.0
2024-12-03 00:00:00-05:00,39.6713463161735,40.273325047692424,39.40489652855701,39.888450622558594,73000,0.0,0.0
2024-12-04 00:00:00-05:00,39.70095119717911,40.17463846085869,39.55292604482834,40.01674270629883,47100,0.0,0.0
2024-12-05 00:00:00-05:00,40.12529662298603,40.12529662298603,39.22726381577226,39.286476135253906,72400,0.0,0.0
2024-12-06 00:00:00-05:00,39.65161381158231,39.65161381158231,38.76344774232052,39.22726821899414,53300,0.0,0.0
2024-12-09 00:00:00-05:00,39.37529392846396,39.740427165031164,38.358836451406106,39.35555648803711,175400,0.0,0.0
2024-12-10 00:00:00-05:00,39.37529536179866,39.710824332205384,38.66476253869455,39.21739959716797,63400,0.0,0.0
2024-12-11 00:00:00-05:00,39.533192672231955,39.809509330007046,39.09897647912011,39.434505462646484,81700,0.0,0.0
2024-12-12 00:00:00-05:00,39.46411171559575,39.730557758046054,39.168053864816386,39.23713302612305,38100,0.0,0.0
2024-12-13 00:00:00-05:00,39.158190887582336,40.036486394680395,38.90160789354532,39.9674072265625,102300,0.0,0.0
2024-12-16 00:00:00-05:00,40.08582686841103,41.57597176736504,40.08582686841103,40.27333068847656,161200,0.0,0.0
2024-12-17 00:00:00-05:00,40.194380075991816,40.885175485647935,40.066088585669306,40.53977966308594,91000,0.0,0.0
2024-12-18 00:00:00-05:00,40.59898716598087,40.747016094381095,39.14831721997405,39.5331916809082,131400,0.0,0.0
2024-12-19 00:00:00-05:00,39.839114802134155,39.839114802134155,38.81279414347463,39.69108963012695,136300,0.0,0.0
2024-12-20 00:00:00-05:00,39.21739966719151,40.470695183636195,38.97068729923229,39.94766616821289,259300,0.0,0.0
2024-12-23 00:00:00-05:00,39.60227243081313,39.81937676609407,38.743710634933386,39.56279754638672,77600,0.0,0.0
2024-12-24 00:00:00-05:00,39.65160990284646,39.80950565909121,39.21739751430635,39.78976821899414,26100,0.0,0.0
2024-12-26 00:00:00-05:00,39.681222366636604,40.10556800493309,39.395035072988726,39.918067932128906,58000,0.0,0.0
2024-12-27 00:00:00-05:00,39.67135364788783,40.46083255458297,39.04963736188249,39.36542892456055,64700,0.0,0.0
2024-12-30 00:00:00-05:00,39.177927539584545,39.45424420647755,38.66476532640308,39.12858581542969,46400,0.0,0.0
2024-12-31 00:00:00-05:00,39.37529992810772,39.789774946630004,39.18779609774843,39.32595443725586,65900,0.0,0.0
2025-01-02 00:00:00-05:00,39.3259456550584,39.572657996092715,37.885146486905526,38.50686264038086,80300,0.0,0.0
2025-01-03 00:00:00-05:00,38.61542287961207,38.67463144167699,38.092390072668145,38.64502716064453,53700,0.0,0.0
2025-01-06 00:00:00-05:00,38.64502572578234,38.87200065584553,38.41805079571915,38.78318405151367,63400,0.0,0.0
2025-01-07 00:00:00-05:00,38.72397553610606,39.02989646785323,37.81607205027888,38.408180236816406,167100,0.0,0.0
2025-01-08 00:00:00-05:00,38.30949435564362,39.01015654350922,37.93449052028707,38.832523345947266,89300,0.0,0.0
2025-01-10 00:00:00-05:00,38.398314492908455,38.81279324692535,37.776598244149184,38.12199783325195,108400,0.0,0.0
2025-01-13 00:00:00-05:00,37.75686089046442,38.70423928849223,37.66804428329093,38.664764404296875,61600,0.0,0.0
2025-01-14 00:00:00-05:00,39.04963382053513,39.54305856303825,38.73384228649569,39.15818786621094,94900,0.0,0.0
2025-01-15 00:00:00-05:00,39.52332088030933,39.848983015348644,39.22726678952123,39.55292892456055,150900,0.0,0.0
2025-01-16 00:00:00-05:00,39.37529635709232,39.80950877966937,39.14831766044961,39.306217193603516,69600,0.0,0.0
2025-01-17 00:00:00-05:00,39.473982518379145,39.967407299858884,39.247007570642346,39.592403411865234,99200,0.0,0.0
2025-01-21 00:00:00-05:00,39.52331561254021,40.56937727607051,39.52331561254021,40.06608200073242,102600,0.0,0.0
2025-01-22 00:00:00-05:00,39.96740227085564,39.96740227085564,38.93121111303612,39.1483154296875,61000,0.0,0.0
2025-01-23 00:00:00-05:00,38.98055833508448,39.15819156030569,38.67463361064077,38.80292510986328,55100,0.0,0.0
2025-01-24 00:00:00-05:00,38.78318641454085,39.28648179126411,38.64502808039164,39.108848571777344,48600,0.0,0.0
2025-01-27 00:00:00-05:00,39.148319511808545,39.997010719985845,39.148319511808545,39.85885238647461,73900,0.0,0.0
2025-01-28 00:00:00-05:00,39.64174506440759,40.263461342000944,39.64174506440759,39.9674072265625,43200,0.0,0.0
2025-01-29 00:00:00-05:00,40.164771150270184,41.18122482299805,39.473975820505004,41.18122482299805,1035700,0.0,0.0
2025-01-30 00:00:00-05:00,41.585838633383936,42.1088676801557,40.727280595495984,41.003597259521484,233100,0.0,0.0
2025-01-31 00:00:00-05:00,41.08254553721105,41.20096642256021,40.23385436905593,40.4114875793457,144500,0.0,0.0
2025-02-03 00:00:00-05:00,39.79101777471177,40.19674549387265,39.32591766125095,40.02851867675781,334800,0.113,0.0
2025-02-04 00:00:00-05:00,39.99883331926836,40.50352137873557,39.97904503551795,40.44414520263672,147200,0.0,0.0
2025-02-05 00:00:00-05:00,40.57278567662469,40.63216184391346,40.09778766316048,40.39466094970703,128100,0.0,0.0
2025-02-06 00:00:00-05:00,40.6420599652589,41.16653628202917,40.345186649633256,41.087371826171875,100000,0.0,0.0
2025-02-07 00:00:00-05:00,41.077471281335924,41.156639507076335,40.295705814367636,40.56289291381836,155300,0.0,0.0
2025-02-10 00:00:00-05:00,40.88945203221415,40.91913822911986,40.2462234162996,40.43424606323242,91600,0.0,0.0
2025-02-11 00:00:00-05:00,40.05820805084625,40.81029115451433,39.979043593851706,40.65195846557617,56500,0.0,0.0
2025-02-12 00:00:00-05:00,40.355078243840644,40.681641512880844,39.998828777596344,40.37487030029297,119100,0.0,0.0
2025-02-13 00:00:00-05:00,40.780602108147285,42.304556633202495,40.7707079664037,41.76028823852539,154300,0.0,0.0
2025-02-14 00:00:00-05:00,41.99778354635415,42.067053860366094,40.40456254913057,40.77070617675781,164100,0.0,0.0
2025-02-18 00:00:00-05:00,40.79049873299511,40.91914144633339,40.40456304308219,40.523311614990234,74300,0.0,0.0
2025-02-19 00:00:00-05:00,40.48372964850911,41.1962286676795,40.46393758964891,41.1071662902832,102500,0.0,0.0
2025-02-20 00:00:00-05:00,40.81028914772842,40.820183288760305,40.087892279087455,40.57278823852539,79900,0.0,0.0
2025-02-21 00:00:00-05:00,40.98841060744313,40.98841060744313,40.23633130659646,40.32539367675781,99800,0.0,0.0
2025-02-24 00:00:00-05:00,40.66184889666084,40.820181571151,40.27591323852539,40.27591323852539,86400,0.0,0.0
2025-02-25 00:00:00-05:00,40.54309885313763,40.79049388392329,40.40455823988943,40.48372268676758,81400,0.0,0.0
2025-02-26 00:00:00-05:00,40.246226271350736,40.79049841955753,40.246226271350736,40.74101638793945,73300,0.0,0.0
2025-02-27 00:00:00-05:00,40.07799983925973,40.45404138856445,37.27748593975073,39.266544342041016,312900,0.0,0.0
2025-02-28 00:00:00-05:00,39.50403592756316,39.87018328389356,38.95976762552014,39.69205856323242,134900,0.0,0.0
2025-03-03 00:00:00-05:00,39.6821607330434,40.206640756088255,39.20716273524793,39.316017150878906,239000,0.0,0.0
2025-03-04 00:00:00-05:00,38.801439134405946,38.89050150431835,37.74258861153011,38.375919342041016,193800,0.0,0.0
2025-03-05 00:00:00-05:00,38.37592148134616,38.841025414032956,37.68321831557749,38.07904815673828,97500,0.0,0.0
2025-03-06 00:00:00-05:00,37.85144235068535,38.26706421942331,37.524879075292226,38.118629455566406,109500,0.0,0.0
2025-03-07 00:00:00-05:00,37.95039584031348,38.58373028386968,37.435817503281186,38.187896728515625,107200,0.0,0.0
2025-03-10 00:00:00-04:00,37.94050514649074,38.99935566205293,37.94050514649074,38.5936279296875,192100,0.0,0.0
2025-03-11 00:00:00-04:00,38.5144641680388,38.68269478508754,37.326970806291754,37.623844146728516,130900,0.0,0.0
2025-03-12 00:00:00-04:00,37.57435819790238,37.68321261461185,36.792589000578516,37.08946228027344,98500,0.0,0.0
2025-03-13 00:00:00-04:00,37.21811109671924,37.376443774193405,36.66394483808526,36.76290512084961,76000,0.0,0.0
2025-03-14 00:00:00-04:00,36.980608019642794,37.65352280309726,36.77279710047412,37.24779510498047,98800,0.0,0.0
2025-03-17 00:00:00-04:00,37.03008935446485,37.66342385483191,37.000403156382404,37.524879455566406,84000,0.0,0.0
2025-03-18 00:00:00-04:00,37.46550609608381,38.43529421631367,37.46550609608381,38.01966857910156,144300,0.0,0.0
2025-03-19 00:00:00-04:00,38.04936014110847,38.42540168097389,37.604048287971644,38.1582145690918,128400,0.0,0.0
2025-03-20 00:00:00-04:00,37.79206503924936,38.217584811034186,37.712900589238714,37.920711517333984,102900,0.0,0.0
2025-03-21 00:00:00-04:00,37.70300407312383,37.97019117985622,37.47540108034043,37.90092086791992,177300,0.0,0.0
2025-03-24 00:00:00-04:00,38.306648743319975,38.36602491446791,37.762380386785104,38.05925369262695,88200,0.0,0.0
2025-03-25 00:00:00-04:00,38.24727099017108,38.40560364944044,37.55456419026203,37.732688903808594,48400,0.0,0.0
2025-03-26 00:00:00-04:00,37.76237697774201,38.36602145093009,37.65352256127222,38.187896728515625,79900,0.0,0.0
2025-03-27 00:00:00-04:00,38.11862595982359,38.54414570543154,38.03945773973444,38.4352912902832,61900,0.0,0.0
2025-03-28 00:00:00-04:00,38.47487944324201,38.53425183959918,37.98998348161466,38.405609130859375,82300,0.0,0.0
2025-03-31 00:00:00-04:00,38.07904625662054,38.74206696427803,37.92071357306709,38.34623336791992,120500,0.0,0.0
2025-04-01 00:00:00-04:00,38.19779405262419,38.60352178195441,37.97019106055591,38.27696228027344,72100,0.0,0.0
2025-04-02 00:00:00-04:00,37.94050591763364,39.20716739565137,37.94050591763364,39.19727325439453,88200,0.0,0.0
2025-04-03 00:00:00-04:00,38.138424690096286,38.623316910691784,37.554572177068636,38.20769500732422,133700,0.0,0.0
2025-04-04 00:00:00-04:00,37.43582120969669,37.87123514373642,36.38686482661821,37.1191520690918,125200,0.0,0.0
2025-04-07 00:00:00-04:00,35.53582526299522,37.366547145270935,35.1399916682037,36.584781646728516,206600,0.0,0.0
2025-04-08 00:00:00-04:00,37.13894271943572,38.20769111925054,35.426969471538676,35.88217544555664,124400,0.0,0.0
2025-04-09 00:00:00-04:00,35.5556155200128,37.68321437813414,35.22905225460168,36.663944244384766,266000,0.0,0.0
2025-04-10 00:00:00-04:00,36.52540447650972,37.55456877487371,35.704054885952054,36.545196533203125,264200,0.0,0.0
2025-04-11 00:00:00-04:00,36.584779765708916,37.53477581442547,36.14936207883561,37.38633728027344,240400,0.0,0.0
2025-04-14 00:00:00-04:00,37.772277139715854,38.25717313358132,37.465509671611414,38.04936218261719,88400,0.0,0.0
2025-04-15 00:00:00-04:00,38.128526494792524,38.643108686832456,37.76238285284169,38.4254035949707,109900,0.0,0.0
2025-04-16 00:00:00-04:00,38.50456824008559,38.63321473245662,38.09884047948386,38.395713806152344,114700,0.0,0.0
2025-04-17 00:00:00-04:00,38.36602910380563,39.31602529621293,38.36602910380563,39.06863021850586,122000,0.0,0.0
2025-04-21 00:00:00-04:00,38.841025414032956,39.1477966552656,37.73269657385395,38.07904815673828,79600,0.0,0.0
2025-04-22 00:00:00-04:00,38.32643924641302,39.19727084653004,38.17800448698487,39.1774787902832,57000,0.0,0.0
2025-04-23 00:00:00-04:00,39.55351904560177,40.00872499989192,39.04883106480079,39.3556022644043,115100,0.0,0.0
2025-04-24 00:00:00-04:00,39.24675150000342,39.36550006979835,38.55404458879323,38.662899017333984,76200,0.0,0.0
2025-04-25 00:00:00-04:00,38.67279716571687,39.2170655367393,38.257171506515874,39.16758728027344,52600,0.0,0.0
2025-04-28 00:00:00-04:00,39.02904131897028,39.652477895405994,38.801438328355395,39.56341552734375,140800,0.0,0.0
2025-04-29 00:00:00-04:00,39.41497926057781,40.028517897745665,39.34570517699478,39.95924758911133,66200,0.0,0.0
2025-04-30 00:00:00-04:00,39.75143581915471,39.86029024787705,39.05873268173796,39.54362487792969,100600,0.0,0.0
2025-05-01 00:00:00-04:00,39.46446073355431,39.73164784935345,37.70300535253954,39.32592010498047,165200,0.0,0.0
2025-05-02 00:00:00-04:00,39.33581121643941,39.969141912536195,38.464979621831965,39.92955780029297,111500,0.0,0.0
2025-05-05 00:00:00-04:00,39.773762507630686,39.912692203755995,39.327200066120554,39.50582504272461,88300,0.113,0.0
2025-05-06 00:00:00-04:00,39.347046964046726,40.2302461175099,39.07910950419549,40.11116027832031,306300,0.0,0.0
2025-05-07 00:00:00-04:00,40.379095682224275,40.865353370281156,39.783681658793434,40.597415924072266,123800,0.0,0.0
2025-05-08 00:00:00-04:00,40.64703763508598,41.52031491375065,40.53787750205908,40.65696334838867,122000,0.0,0.0
2025-05-09 00:00:00-04:00,40.49818426690523,41.52031313127602,40.48825855402865,41.17298889160156,152800,0.0,0.0
2025-05-12 00:00:00-04:00,41.778325914497856,42.036341457956354,40.647036893850085,41.26230239868164,103500,0.0,0.0
2025-05-13 00:00:00-04:00,41.63939704160665,42.17527199430165,41.520314980635696,42.00657272338867,113200,0.0,0.0
2025-05-14 00:00:00-04:00,41.76840398692656,41.76840398692656,40.815739946965316,41.26230239868164,113900,0.0,0.0
2025-05-15 00:00:00-04:00,41.34168691684261,43.16762811976743,40.96458933538255,43.06839370727539,164100,0.0,0.0
2025-05-16 00:00:00-04:00,43.00885580831814,44.0111371194517,42.90962138424375,43.514957427978516,158400,0.0,0.0
2025-05-19 00:00:00-04:00,43.336330771457476,43.554651038695205,42.98900651498881,43.36610412597656,79900,0.0,0.0
2025-05-20 00:00:00-04:00,43.18747655163865,43.30655860592366,42.92946101754584,43.13785934448242,138000,0.0,0.0
2025-05-21 00:00:00-04:00,42.671451468738255,43.266865556407446,42.254662364479906,42.661529541015625,74000,0.0,0.0
2025-05-22 00:00:00-04:00,42.413438046765236,42.65160215829061,41.74855534886044,41.8477897644043,51700,0.0,0.0
2025-05-23 00:00:00-04:00,41.61954780850657,41.91725862787175,41.28214549403631,41.867637634277344,60700,0.0,0.0
2025-05-27 00:00:00-04:00,42.076036078969295,43.256942290040314,41.947028309264795,43.217247009277344,84100,0.0,0.0
2025-05-28 00:00:00-04:00,43.1080882319618,43.37602570718976,42.89969367974576,42.998931884765625,53400,0.0,0.0
2025-05-29 00:00:00-04:00,43.06839390830029,43.28671037391181,42.691296325080096,43.08823776245117,70600,0.0,0.0
2025-05-30 00:00:00-04:00,42.82030500364208,43.296637009976806,42.79053165068035,43.16762924194336,62800,0.0,0.0
2025-06-02 00:00:00-04:00,43.008853247181854,43.39587277779619,42.69129856639314,43.286712646484375,60600,0.0,0.0
2025-06-03 00:00:00-04:00,43.20732744576435,44.110374312001525,43.16763216282962,43.76304626464844,117800,0.0,0.0
2025-06-04 00:00:00-04:00,43.634041070737034,44.53708791208323,43.634041070737034,44.32868957519531,96800,0.0,0.0
2025-06-05 00:00:00-04:00,44.378313278435456,44.576782128649036,44.05083286159186,44.22945785522461,67600,0.0,0.0
2025-06-06 00:00:00-04:00,44.36838889101957,44.9042638879382,44.36838889101957,44.685943603515625,108900,0.0,0.0
2025-06-09 00:00:00-04:00,45.01341773449773,45.07295686879426,43.98136317045504,44.805023193359375,96200,0.0,0.0
2025-06-10 00:00:00-04:00,44.88441311433409,45.797385688239586,44.76533105184224,45.0828857421875,128100,0.0,0.0
2025-06-11 00:00:00-04:00,45.182118403849216,45.62868085274166,43.961516900576775,44.25922393798828,169500,0.0,0.0
2025-06-12 00:00:00-04:00,44.011138025366556,44.646251223387786,43.96152081230805,44.6065559387207,51800,0.0,0.0
2025-06-13 00:00:00-04:00,44.159989600543106,44.159989600543106,43.495110675306975,43.59434509277344,66500,0.0,0.0
2025-06-16 00:00:00-04:00,43.95159640634059,44.150069032937296,43.475264373838804,43.71342849731445,66600,0.0,0.0
2025-06-17 00:00:00-04:00,43.75312501616219,43.75312501616219,43.068398409881915,43.48518753051758,74600,0.0,0.0
2025-06-18 00:00:00-04:00,43.326409294256585,44.22945615601751,42.8203076887743,44.08060073852539,103800,0.0,0.0
2025-06-20 00:00:00-04:00,44.25922606580541,44.388233842921075,43.06839785890884,43.435569763183594,113300,0.0,0.0
2025-06-23 00:00:00-04:00,43.2271755380406,43.921824068890075,43.05847247658389,43.80274200439453,70400,0.0,0.0
2025-06-24 00:00:00-04:00,44.08060220458101,44.318770123379416,43.614195866324714,43.87220764160156,44600,0.0,0.0
2025-06-25 00:00:00-04:00,43.763044055803306,44.29891899172343,43.18747762450233,43.9019775390625,82200,0.0,0.0
2025-06-26 00:00:00-04:00,44.130222661589656,45.23174217462511,43.75312503875982,45.17219924926758,92600,0.0,0.0
2025-06-27 00:00:00-04:00,45.053115647954726,46.114939841214124,45.053115647954726,45.708072662353516,285400,0.0,0.0
2025-06-30 00:00:00-04:00,45.777533880819156,46.07524090273057,45.18211605144615,45.3905143737793,108400,0.0,0.0
2025-07-01 00:00:00-04:00,45.35082324587118,46.10501468945124,45.19204590061483,45.7576904296875,59800,0.0,0.0
2025-07-02 00:00:00-04:00,45.896616347156005,46.15462809233036,45.40043671097054,46.095088958740234,57700,0.0,0.0
2025-07-03 00:00:00-04:00,46.30348488152254,46.73019968424154,46.114937976934044,46.55157470703125,65400,0.0,0.0
2025-07-07 00:00:00-04:00,46.47219206689236,47.11722339928583,45.82715694894824,45.90654373168945,72700,0.0,0.0
2025-07-08 00:00:00-04:00,45.91646375750298,46.59126836218839,45.40043648418178,46.07524108886719,67000,0.0,0.0
2025-07-09 00:00:00-04:00,46.23402314187445,46.53173019539185,45.886698877029254,46.492034912109375,60800,0.0,0.0
2025-07-10 00:00:00-04:00,46.28363645567573,46.84928094539126,46.28363645567573,46.48210906982422,84300,0.0,0.0
2025-07-11 00:00:00-04:00,46.37295162064144,46.571424246251034,45.68822503711635,46.045475006103516,57800,0.0,0.0
2025-07-14 00:00:00-04:00,46.08516862573573,46.57142639160156,45.64853185772098,46.57142639160156,61700,0.0,0.0
2025-07-15 00:00:00-04:00,46.4920346871808,46.64089010599462,45.459983825683594,45.459983825683594,101200,0.0,0.0
2025-07-16 00:00:00-04:00,45.83707311182649,46.46226050906163,45.51951844970233,46.40271759033203,59600,0.0,0.0
2025-07-17 00:00:00-04:00,46.65081183054604,46.710354754922015,45.98593287665846,46.45234298706055,52600,0.0,0.0
2025-07-18 00:00:00-04:00,46.54165321182178,47.11721964386031,45.668375957968124,46.253868103027344,90600,0.0,0.0
2025-07-21 00:00:00-04:00,46.32333517960658,46.88897971137597,45.41036260086706,45.44013595581055,76100,0.0,0.0
2025-07-22 00:00:00-04:00,45.50960024982496,46.38287753496097,45.50960024982496,46.0653190612793,83300,0.0,0.0
2025-07-23 00:00:00-04:00,46.363025675721715,46.363025675721715,45.469900830638835,45.698143005371094,67800,0.0,0.0
2025-07-24 00:00:00-04:00,45.370669277803906,45.62868103511168,44.8645639051862,44.94395446777344,75000,0.0,0.0
2025-07-25 00:00:00-04:00,45.29128130989446,45.30120702356169,44.49739456629323,44.83479690551758,68500,0.0,0.0
2025-07-28 00:00:00-04:00,44.83479178091144,45.31112377262754,44.586701965295745,45.0531120300293,56900,0.0,0.0
2025-07-29 00:00:00-04:00,45.32105133939786,45.34089898138299,44.378312951183254,44.53709030151367,51400,0.0,0.0
2025-07-30 00:00:00-04:00,44.40808128312884,45.15235080184049,44.16991337149887,44.42792892456055,61100,0.0,0.0
2025-07-31 00:00:00-04:00,43.971442412305294,45.013418931249895,43.971442412305294,44.576778411865234,72500,0.0,0.0
2025-08-01 00:00:00-04:00,44.38823110713118,45.19204350424031,44.030981152860456,44.874488830566406,81100,0.0,0.0
2025-08-04 00:00:00-04:00,45.21571936267653,45.95190275487719,44.90731595538329,45.24556350708008,63300,0.113,0.0
2025-08-05 00:00:00-04:00,45.22566819055362,45.91211390313987,45.18587346619394,45.27540969848633,73500,0.0,0.0
2025-08-06 00:00:00-04:00,44.86752283504404,46.6085021613822,44.86752283504404,45.9718017578125,102900,0.0,0.0
2025-08-07 00:00:00-04:00,44.668553965724406,48.16045917990667,44.668553965724406,47.70283126831055,246900,0.0,0.0
2025-08-08 00:00:00-04:00,48.43901760232254,49.155307452127566,47.85205870762869,47.91175079345703,151000,0.0,0.0
2025-08-11 00:00:00-04:00,48.17040756229782,48.70762493463653,46.79752378192152,47.24520492553711,164500,0.0,0.0
2025-08-12 00:00:00-04:00,47.37453215006077,48.38927481203608,47.37453215006077,48.041080474853516,121900,0.0,0.0
2025-08-13 00:00:00-04:00,47.91174971927159,48.29973878087265,47.47401915144567,47.6928825378418,215900,0.0,0.0
2025-08-14 00:00:00-04:00,47.33474207764882,47.42427451308486,45.66340163890247,46.26030731201172,284400,0.0,0.0
2025-08-15 00:00:00-04:00,46.419481345295694,46.43937870661362,45.52411906115735,45.65345001220703,135000,0.0,0.0
2025-08-18 00:00:00-04:00,45.6534516106678,45.902162943299494,45.10628743788483,45.195823669433594,84800,0.0,0.0
2025-08-19 00:00:00-04:00,45.38484094972203,46.06133604877376,45.335099444357496,45.5738639831543,65100,0.0,0.0
2025-08-20 00:00:00-04:00,45.72308900911879,46.00164827332694,44.857574662016795,44.897369384765625,67100,0.0,0.0
2025-08-21 00:00:00-04:00,44.99685444663822,45.374896739908216,44.61881215336821,44.927215576171875,66600,0.0,0.0
2025-08-22 00:00:00-04:00,45.16598029243222,46.15087506119289,45.16598029243222,45.35499954223633,77600,0.0,0.0
2025-08-25 00:00:00-04:00,45.39479294272669,45.55396804187468,44.29051403206019,44.30046081542969,105900,0.0,0.0
2025-08-26 00:00:00-04:00,44.31041285214603,44.97695741581708,44.31041285214603,44.59891891479492,87000,0.0,0.0
2025-08-27 00:00:00-04:00,44.37009763325502,44.71829575563263,44.091542171379764,44.27061462402344,93500,0.0,0.0
2025-08-28 00:00:00-04:00,44.28056220901937,44.32035693144625,43.22602862994234,43.653812408447266,119900,0.0,0.0
2025-08-29 00:00:00-04:00,43.92242443638078,44.499432775367524,43.35536288124126,43.55432891845703,185200,0.0,0.0
2025-09-02 00:00:00-04:00,43.12654315210749,43.4150492060375,42.340618232656176,42.36051559448242,87000,0.0,0.0
2025-09-03 00:00:00-04:00,42.28092535279207,42.61917290741575,41.97252194283018,42.20133590698242,75200,0.0,0.0
2025-09-04 00:00:00-04:00,42.5097397751605,43.156390746716376,42.270979025225245,43.07680130004883,86600,0.0,0.0
2025-09-05 00:00:00-04:00,42.89772996375738,43.66376133034655,42.251082770296705,42.519691467285156,88000,0.0,0.0
2025-09-08 00:00:00-04:00,42.58932594859498,43.48468438458929,42.49978972549221,43.17628479003906,93700,0.0,0.0
2025-09-09 00:00:00-04:00,42.94747097182653,43.02706041965249,42.310770569353835,42.420204162597656,87300,0.0,0.0
2025-09-10 00:00:00-04:00,42.00236753313963,42.20133354646735,41.16669737404952,41.335819244384766,121200,0.0,0.0
2025-09-11 00:00:00-04:00,41.28608157686048,42.519691467285156,41.28608157686048,42.519691467285156,130400,0.0,0.0
2025-09-12 00:00:00-04:00,42.08195494493094,42.7982447670683,41.87303834515208,42.46994400024414,77600,0.0,0.0
2025-09-15 00:00:00-04:00,42.609225528463654,42.88778099483547,42.31076890588402,42.46994400024414,76800,0.0,0.0
2025-09-16 00:00:00-04:00,42.310770170652916,43.027060014201865,42.310770170652916,42.728607177734375,69600,0.0,0.0
2025-09-17 00:00:00-04:00,43.0469544245774,44.09154117811132,42.83803783287731,42.907676696777344,87700,0.0,0.0
2025-09-18 00:00:00-04:00,42.97731834184522,44.8774727405814,42.97731834184522,44.26066970825195,247000,0.0,0.0
2025-09-19 00:00:00-04:00,44.389996385011315,44.459635252662174,43.52448203346946,43.773193359375,331200,0.0,0.0
2025-09-22 00:00:00-04:00,43.9622114090509,45.464429902014594,43.40510048294712,45.086387634277344,114200,0.0,0.0
2025-09-23 00:00:00-04:00,45.11623543646944,45.35499999204125,44.14128744169945,44.658607482910156,151000,0.0,0.0
2025-09-24 00:00:00-04:00,44.93715854401204,45.08638685093056,44.370097049775275,44.539222717285156,65800,0.0,0.0
2025-09-25 00:00:00-04:00,44.43973649872383,44.638706312220535,43.96221122335187,44.27061462402344,54900,0.0,0.0
2025-09-26 00:00:00-04:00,44.12138737341237,45.14608060923633,44.04180172312491,44.877471923828125,81500,0.0,0.0
2025-09-29 00:00:00-04:00,44.9570595244571,45.42463804841902,44.2208760984679,44.887420654296875,74300,0.0,0.0
2025-09-30 00:00:00-04:00,44.877474913669666,45.026699441037934,44.1014967452598,44.3104133605957,64700,0.0,0.0
2025-10-01 00:00:00-04:00,44.00201101035362,44.360155956868866,43.494641532813006,44.14128875732422,90900,0.0,0.0
2025-10-02 00:00:00-04:00,44.827731492846915,47.951545190959614,44.64865903161452,46.66819381713867,251900,0.0,0.0
2025-10-03 00:00:00-04:00,46.62839789763042,48.1505137790676,46.538861669310585,47.59339904785156,106400,0.0,0.0
2025-10-06 00:00:00-04:00,47.36458805782801,47.67298768970142,46.787575929104825,47.02634048461914,64500,0.0,0.0
2025-10-07 00:00:00-04:00,46.75773270423122,46.9467519595893,45.62360958201487,45.6335563659668,72800,0.0,0.0
2025-10-08 00:00:00-04:00,45.524118391556776,45.653449340704164,45.096338412131246,45.126182556152344,56700,0.0,0.0
2025-10-09 00:00:00-04:00,45.27540935025584,45.27540935025584,44.20097836604482,44.80783462524414,41800,0.0,0.0
2025-10-10 00:00:00-04:00,44.86752387267252,44.86752387267252,43.67371248588755,43.82293701171875,77200,0.0,0.0
2025-10-13 00:00:00-04:00,43.98210661694802,44.35020208371427,43.58417080278726,43.87267303466797,72400,0.0,0.0
2025-10-14 00:00:00-04:00,43.77319101698091,44.817777770879445,43.584171785619624,44.459632873535156,73900,0.0,0.0
2025-10-15 00:00:00-04:00,44.449687846443936,45.01674935795807,44.36015161857152,44.817779541015625,59900,0.0,0.0
2025-10-16 00:00:00-04:00,44.63871029758982,44.76804125716444,43.86273213020981,43.90252685546875,49000,0.0,0.0
2025-10-17 00:00:00-04:00,43.86273179856828,44.95706016967797,43.763248781206975,44.2308235168457,52600,0.0,0.0
2025-10-20 00:00:00-04:00,44.27061888733789,44.8675245902772,43.63391845886026,44.758094787597656,76000,0.0,0.0
2025-10-21 00:00:00-04:00,44.7879370394859,45.26546234064247,44.71829817025684,45.156028747558594,51200,0.0,0.0
2025-10-22 00:00:00-04:00,45.424638725898824,45.76288629816487,44.70834885638628,45.02669906616211,52900,0.0,0.0
2025-10-23 00:00:00-04:00,44.82773079569496,45.384841737501695,44.52927416826002,44.95705795288086,144700,0.0,0.0
2025-10-24 00:00:00-04:00,44.97695667902142,45.30525746114734,44.64865969192928,45.235618591308594,69700,0.0,0.0
2025-10-27 00:00:00-04:00,45.20577032748431,45.653451483985855,44.97695635750213,45.56391525268555,62700,0.0,0.0
2025-10-28 00:00:00-04:00,45.46443029478237,45.46443029478237,44.69839896973835,44.777984619140625,41800,0.0,0.0
2025-10-29 00:00:00-04:00,44.39994586047448,44.63870660219469,43.67370926227238,43.94231414794922,67700,0.0,0.0
2025-10-30 00:00:00-04:00,43.673713547725384,45.25551784821107,43.673713547725384,44.83768081665039,95800,0.0,0.0
2025-10-31 00:00:00-04:00,44.69839938100921,44.947110704609294,44.18107937251701,44.46958541870117,63100,0.0,0.0
2025-11-03 00:00:00-05:00,44.38281235332039,44.522443064339406,43.51510450295116,43.97389221191406,51900,0.113,0.0
2025-11-04 00:00:00-05:00,43.88413063706867,44.422709517094546,42.527711444996825,42.797000885009766,132800,0.0,0.0
2025-11-05 00:00:00-05:00,42.88676562592846,43.47521209716797,42.29831915468895,43.47521209716797,86400,0.0,0.0
2025-11-06 00:00:00-05:00,41.889396045214696,42.956577973423045,39.77497997680629,41.69989776611328,170100,0.0,0.0
2025-11-07 00:00:00-05:00,41.75974029154567,41.959214381144996,40.61277093449019,41.00174331665039,98000,0.0,0.0
2025-11-10 00:00:00-05:00,41.40068682159591,41.41066261842484,40.39334820702308,41.231136322021484,74400,0.0,0.0
2025-11-11 00:00:00-05:00,41.3607943102039,41.689923311302664,40.892030788553896,41.560264587402344,71200,0.0,0.0
2025-11-12 00:00:00-05:00,41.410661262741314,41.879424777409646,41.12142403859908,41.370765686035156,67400,0.0,0.0
2025-11-13 00:00:00-05:00,41.18126789641119,41.769714343587424,41.05160917289056,41.46052932739258,58300,0.0,0.0
2025-11-14 00:00:00-05:00,41.600158919831486,41.600158919831486,40.81223841266024,41.18126678466797,68400,0.0,0.0
2025-11-17 00:00:00-05:00,41.21118815319486,41.49044958740328,40.62274169921875,40.62274169921875,76000,0.0,0.0
2025-11-18 00:00:00-05:00,40.58284587962885,41.181268126774285,39.89466429029584,40.732452392578125,67300,0.0,0.0
2025-11-19 00:00:00-05:00,40.63271567285296,41.530343301670435,39.77497981523848,40.98179244995117,85200,0.0,0.0
2025-11-20 00:00:00-05:00,41.131399455815995,41.61013495792049,40.921949582365876,41.071556091308594,55500,0.0,0.0
2025-11-21 00:00:00-05:00,41.28100209147012,42.29831645849505,41.081528014762014,42.208553314208984,73200,0.0,0.0
2025-11-24 00:00:00-05:00,41.99910672740245,42.06892208269088,41.19123843879859,41.80960464477539,84600,0.0,0.0
2025-11-25 00:00:00-05:00,42.18860859816295,42.7271875030976,41.470507196235246,42.537689208984375,65500,0.0,0.0
2025-11-26 00:00:00-05:00,42.218529138053526,42.936630488157434,42.218529138053526,42.82691955566406,62100,0.0,0.0
2025-11-28 00:00:00-05:00,42.61747544895887,43.24581748829543,42.61747544895887,43.18597412109375,36700,0.0,0.0
2025-12-01 00:00:00-05:00,42.98649965896196,43.37547583539192,42.54765971727783,42.577579498291016,117200,0.0,0.0
2025-12-02 00:00:00-05:00,42.77705471089812,42.77705471089812,41.81958364670383,41.92929458618164,88000,0.0,0.0
2025-12-03 00:00:00-05:00,42.19858353348186,42.52771254334128,41.729819999354454,42.148712158203125,70800,0.0,0.0
2025-12-04 00:00:00-05:00,41.89937037845003,42.38808170033597,41.660004518276644,41.73979187011719,56800,0.0,0.0
2025-12-05 00:00:00-05:00,41.54032012239399,42.16865833666634,41.40068560345963,41.779685974121094,41400,0.0,0.0
2025-12-08 00:00:00-05:00,41.769713121816515,42.557629822560386,41.660002190096705,41.69989776611328,63900,0.0,0.0
2025-12-09 00:00:00-05:00,41.88939802146072,42.59752740823091,41.67995194446983,41.7497673034668,62800,0.0,0.0
2025-12-10 00:00:00-05:00,41.809608208817465,42.62745236340873,41.39071604137856,42.2285041809082,65900,0.0,0.0
2025-12-11 00:00:00-05:00,42.47784353144354,43.48518212067576,42.47784353144354,43.42534255981445,58400,0.0,0.0
2025-12-12 00:00:00-05:00,43.63479023465297,44.36286742086725,43.43531614693563,43.794368743896484,77400,0.0,0.0
2025-12-15 00:00:00-05:00,44.07362969300769,44.28307957533647,43.35552831173612,44.013790130615234,54000,0.0,0.0
2025-12-16 00:00:00-05:00,44.183338392685066,44.33294490039313,43.47520903945681,43.76444625854492,57600,0.0,0.0
2025-12-17 00:00:00-05:00,43.57494674328669,44.332947513531195,42.8967371297634,43.076263427734375,68200,0.0,0.0
2025-12-18 00:00:00-05:00,43.30565705533748,44.133473180780435,43.17600213336466,43.49515914916992,74600,0.0,0.0
2025-12-19 00:00:00-05:00,43.35552607391046,43.75447041965804,42.67731650102288,43.14607620239258,128700,0.0,0.0
2025-12-22 00:00:00-05:00,43.02639400742327,43.68465580346787,42.707237003562355,42.81694793701172,78100,0.0,0.0
2025-12-23 00:00:00-05:00,42.90671168666792,42.97652704445542,42.38808059692383,42.38808059692383,41200,0.0,0.0
2025-12-24 00:00:00-05:00,42.398051229935426,42.89673451509165,41.99910688460137,42.218528747558594,28000,0.0,0.0
2025-12-26 00:00:00-05:00,42.28834458262656,42.58755379618279,41.80960527535469,41.999107360839844,37900,0.0,0.0
2025-12-29 00:00:00-05:00,42.00908156034887,42.916685045136745,41.570241611047095,42.866817474365234,115000,0.0,0.0
2025-12-30 00:00:00-05:00,42.59752851461166,44.67205296340773,41.79963595917156,42.956581115722656,142400,0.0,0.0
2025-12-31 00:00:00-05:00,43.086237720730175,43.19594865506652,42.08887112443851,42.18860626220703,104300,0.0,0.0
2026-01-02 00:00:00-05:00,42.05894651504497,42.3681315220398,40.83218608804206,41.39071273803711,113400,0.0,0.0
2026-01-05 00:00:00-05:00,41.23113741778416,42.45789793937509,41.13140227475472,41.819583892822266,60800,0.0,0.0
2026-01-06 00:00:00-05:00,41.5203727182422,42.45789595471133,41.5203727182422,42.38808059692383,53700,0.0,0.0
2026-01-07 00:00:00-05:00,42.18860773656541,42.33821425309808,41.530345912194804,42.148712158203125,59300,0.0,0.0
2026-01-08 00:00:00-05:00,42.088870548759054,43.1261327078314,41.82955310666518,42.926658630371094,50500,0.0,0.0
2026-01-09 00:00:00-05:00,42.77705396022899,44.163392960971144,42.65737103046791,44.113525390625,49600,0.0,0.0
2026-01-12 00:00:00-05:00,43.764449453142085,44.04371089628694,43.3655012732336,43.884132385253906,55000,0.0,0.0
2026-01-13 00:00:00-05:00,43.74450129924055,44.23320882067256,42.99647632163288,43.27573776245117,86500,0.0,0.0
2026-01-14 00:00:00-05:00,43.13610520187205,43.67468407589042,42.8069723995325,43.32560348510742,88200,0.0,0.0
2026-01-15 00:00:00-05:00,43.12613431773687,44.50249751382455,43.12613431773687,43.9140510559082,108900,0.0,0.0
2026-01-16 00:00:00-05:00,43.8242859424323,44.342917018068675,43.50512894275631,43.86418151855469,71700,0.0,0.0
2026-01-20 00:00:00-05:00,43.1859722497961,43.9339971864715,42.42797532134506,42.61747360229492,79400,0.0,0.0
2026-01-21 00:00:00-05:00,42.65737163889105,43.156054958768685,42.1886081007175,42.75710678100586,66400,0.0,0.0
2026-01-22 00:00:00-05:00,42.82692214149355,43.66471027107555,42.67731942832106,43.06629180908203,75600,0.0,0.0
2026-01-23 00:00:00-05:00,42.8867625566376,43.175999775368496,42.55762976194694,42.83689498901367,158700,0.0,0.0
2026-01-26 00:00:00-05:00,42.89673491185956,44.07362778008589,42.507762554584204,42.82691955566406,103900,0.0,0.0
2026-01-27 00:00:00-05:00,42.77705207701638,43.3555265205898,41.87942443634766,41.999107360839844,64600,0.0,0.0
2026-01-28 00:00:00-05:00,41.889396285289955,42.188605497825996,41.39071299617936,41.590187072753906,70700,0.0,0.0
2026-01-29 00:00:00-05:00,41.779687087159694,42.38808133387249,41.699899736008945,42.368133544921875,52500,0.0,0.0
2026-01-30 00:00:00-05:00,41.909345214958776,42.876792039673596,41.580212408947965,42.797000885009766,82900,0.0,0.0
2026-02-02 00:00:00-05:00,42.97999954223633,43.650001525878906,42.90999984741211,43.4900016784668,121100,0.113,0.0
2026-02-03 00:00:00-05:00,43.54999923706055,43.70000076293945,42.68000030517578,42.97999954223633,121600,0.0,0.0
2026-02-04 00:00:00-05:00,43.209999084472656,44.0,43.0,43.220001220703125,163300,0.0,0.0
2026-02-05 00:00:00-05:00,43.220001220703125,44.40999984741211,43.220001220703125,44.29999923706055,180800,0.0,0.0
2026-02-06 00:00:00-05:00,44.29999923706055,45.0,44.220001220703125,44.31999969482422,104800,0.0,0.0
2026-02-09 00:00:00-05:00,44.56999969482422,44.83000183105469,43.86000061035156,44.09000015258789,61500,0.0,0.0
2026-02-10 00:00:00-05:00,44.040000915527344,44.45000076293945,43.88999938964844,44.189998626708984,58300,0.0,0.0
2026-02-11 00:00:00-05:00,44.310001373291016,44.41999816894531,43.4900016784668,44.15999984741211,72700,0.0,0.0
2026-02-12 00:00:00-05:00,44.5099983215332,44.5099983215332,42.7599983215332,43.369998931884766,81900,0.0,0.0
2026-02-13 00:00:00-05:00,43.63999938964844,44.279998779296875,42.900001525878906,43.15999984741211,109700,0.0,0.0
2026-02-17 00:00:00-05:00,43.08000183105469,44.4900016784668,43.08000183105469,43.91999816894531,90700,0.0,0.0
2026-02-18 00:00:00-05:00,43.5099983215332,44.380001068115234,43.5099983215332,44.31999969482422,57200,0.0,0.0
2026-02-19 00:00:00-05:00,44.130001068115234,44.75,43.970001220703125,44.220001220703125,75000,0.0,0.0
2026-02-20 00:00:00-05:00,44.400001525878906,45.15999984741211,44.13999938964844,44.86000061035156,115800,0.0,0.0
2026-02-23 00:00:00-05:00,44.75,44.7599983215332,43.959999084472656,44.18000030517578,68200,0.0,0.0
2026-02-24 00:00:00-05:00,44.31999969482422,45.0,44.31999969482422,44.52000045776367,57200,0.0,0.0
2026-02-25 00:00:00-05:00,44.81999969482422,44.81999969482422,43.689998626708984,44.08000183105469,52000,0.0,0.0
2026-02-26 00:00:00-05:00,44.15999984741211,46.130001068115234,43.5099983215332,45.189998626708984,93700,0.0,0.0
2026-02-27 00:00:00-05:00,45.0,46.970001220703125,44.619998931884766,46.06999969482422,140000,0.0,0.0
2026-03-02 00:00:00-05:00,45.29999923706055,46.11000061035156,44.5,45.5099983215332,109500,0.0,0.0
2026-03-03 00:00:00-05:00,44.869998931884766,46.150001525878906,44.689998626708984,45.56999969482422,91400,0.0,0.0
2026-03-04 00:00:00-05:00,45.459999084472656,45.689998626708984,44.9900016784668,45.04999923706055,110700,0.0,0.0
2026-03-05 00:00:00-05:00,44.720001220703125,44.810001373291016,43.869998931884766,43.9900016784668,68700,0.0,0.0
2026-03-06 00:00:00-05:00,43.5,43.70000076293945,42.689998626708984,43.45000076293945,91500,0.0,0.0
2026-03-09 00:00:00-04:00,42.869998931884766,43.36000061035156,41.560001373291016,43.209999084472656,120500,0.0,0.0
2026-03-10 00:00:00-04:00,42.88999938964844,43.869998931884766,42.86000061035156,43.060001373291016,81000,0.0,0.0
2026-03-11 00:00:00-04:00,43.11000061035156,43.63999938964844,42.5,42.7400016784668,89100,0.0,0.0
2026-03-12 00:00:00-04:00,42.380001068115234,42.77000045776367,41.77000045776367,41.869998931884766,45542,0.0,0.0
