Date,Open,High,Low,Close,Volume,Dividends,Stock Splits
2022-01-03 00:00:00-05:00,30.15816276824944,30.46644786284334,30.104212803194194,30.235233306884766,2991900,0.0,0.0
2022-01-04 00:00:00-05:00,30.51269492851765,30.574350777433857,30.011727558328904,30.03485107421875,4043700,0.0,0.0
2022-01-05 00:00:00-05:00,30.219821386640184,30.705374056784834,30.188991992333538,30.335430145263672,4792200,0.0,0.0
2022-01-06 00:00:00-05:00,30.358550197721183,30.851808737914485,30.2506502595605,30.84410285949707,5823900,0.0,0.0
2022-01-07 00:00:00-05:00,30.59747524537409,31.32194839798579,30.373966538485924,31.275707244873047,6350000,0.0,0.0
2022-01-10 00:00:00-05:00,31.26799959054069,31.406728935151744,31.021370297910618,31.399023056030273,4223800,0.0,0.0
2022-01-11 00:00:00-05:00,31.59940622124155,31.86915607393831,31.37589752040544,31.8614501953125,3511800,0.0,0.0
2022-01-12 00:00:00-05:00,31.984767471364375,32.13891151706832,31.838332244974847,32.131202697753906,4374900,0.0,0.0
2022-01-13 00:00:00-05:00,32.215983550889284,32.4317864008167,32.11578947556774,32.17744827270508,4158700,0.0,0.0
2022-01-14 00:00:00-05:00,32.12349269952888,32.20056324247209,31.799789951051345,32.10807800292969,4243100,0.0,0.0
2022-01-18 00:00:00-05:00,32.300763012754686,32.56280702117813,32.13120426022972,32.50114822387695,7259000,0.0,0.0
2022-01-19 00:00:00-05:00,32.578213955384406,32.60904334668671,32.0541260634555,32.470314025878906,7149400,0.0,0.0
2022-01-20 00:00:00-05:00,32.37012426305429,32.55509769532362,32.18515083078496,32.1928596496582,7449700,0.0,0.0
2022-01-21 00:00:00-05:00,31.98477402102449,32.06184458963197,31.13698600612726,31.452980041503906,10735400,0.0,0.0
2022-01-24 00:00:00-05:00,30.666845868917076,31.09073984838104,30.081099001976632,31.00596046447754,10400200,0.0,0.0
2022-01-25 00:00:00-05:00,30.828686709109437,31.699597931856527,30.78244262062681,31.614818572998047,6235600,0.0,0.0
2022-01-26 00:00:00-05:00,31.94623715463141,32.246816473390076,31.56087845057085,31.7997989654541,5572800,0.0,0.0
2022-01-27 00:00:00-05:00,32.0541242736385,32.246803548440354,31.553156983132716,31.74583625793457,4875400,0.0,0.0
2022-01-28 00:00:00-05:00,31.630233190668527,32.00788295548848,31.56086852814305,31.9770565032959,3652200,0.0,0.0
2022-01-31 00:00:00-05:00,31.923105165567158,32.69382236925602,31.915399287153505,32.578216552734375,4388600,0.0,0.0
2022-02-01 00:00:00-05:00,32.50885720880968,32.89421587374099,32.39324843330897,32.78631591796875,4590800,0.0,0.0
2022-02-02 00:00:00-05:00,32.82484646869679,33.31039913979114,32.82484646869679,33.210205078125,4595500,0.0,0.0
2022-02-03 00:00:00-05:00,33.025232384215414,33.287276362038774,32.89421186533019,33.086891174316406,3769600,0.0,0.0
2022-02-04 00:00:00-05:00,33.07147881128923,33.32581692833003,32.91733476520873,33.0406494140625,3690400,0.0,0.0
2022-02-07 00:00:00-05:00,33.21020710757302,33.541615767137614,33.11001303978411,33.4337158203125,5976600,0.0,0.0
2022-02-08 00:00:00-05:00,33.44141309086666,33.60326296944097,32.91732524972408,32.94044876098633,4831900,0.0,0.0
2022-02-09 00:00:00-05:00,32.98669692078947,33.22562032097787,32.98669692078947,33.09459686279297,3024400,0.0,0.0
2022-02-10 00:00:00-05:00,33.02523422241211,33.44913107781838,32.96357836893226,33.02523422241211,5458300,0.0,0.0
2022-02-11 00:00:00-05:00,33.264156947138716,33.69575967275556,33.009821779224765,33.603271484375,10721100,0.0,0.0
2022-02-14 00:00:00-05:00,33.11400726534441,33.25491817600308,32.190259289376016,32.4485969543457,12542400,0.675,0.0
2022-02-15 00:00:00-05:00,32.22156101541458,32.48772563403641,31.963226436735155,32.33115768432617,5537100,0.0,0.0
2022-02-16 00:00:00-05:00,32.479900641318295,32.761719385136594,32.22156305996138,32.59732437133789,3990600,0.0,0.0
2022-02-17 00:00:00-05:00,32.51121297282211,32.6521238427656,32.33116085817999,32.49555587768555,5485300,0.0,0.0
2022-02-18 00:00:00-05:00,32.43292613298985,32.53469574458371,32.20590276339014,32.23721694946289,3298900,0.0,0.0
2022-02-22 00:00:00-05:00,32.54253637299338,32.58950767169646,31.83798182387919,32.30768585205078,4440600,0.0,0.0
2022-02-23 00:00:00-05:00,32.48773640056781,32.65996150095351,32.31551130018212,32.51905059814453,4544100,0.0,0.0
2022-02-24 00:00:00-05:00,32.096305241967556,32.526864836980835,31.884938971044292,32.479896545410156,5902800,0.0,0.0
2022-02-25 00:00:00-05:00,32.644298842478435,33.3566802914479,32.57384340307329,33.34885025024414,6693000,0.0,0.0
2022-02-28 00:00:00-05:00,33.11400108198704,33.85769675241873,33.082686888513194,33.80289840698242,7063900,0.0,0.0
2022-03-01 00:00:00-05:00,33.998610093079975,34.48396818184711,33.63850580097165,33.959468841552734,7982300,0.0,0.0
2022-03-02 00:00:00-05:00,34.25694312393943,34.945840466163396,34.10820518064765,34.75796127319336,6455700,0.0,0.0
2022-03-03 00:00:00-05:00,34.60139468796285,35.0476115221754,34.60139468796285,34.773616790771484,4100100,0.0,0.0
2022-03-04 00:00:00-05:00,34.593562157358974,35.14154859445989,34.49179550865665,35.031951904296875,10678200,0.0,0.0
2022-03-07 00:00:00-05:00,35.204176265777626,35.329430050031476,34.593561454540044,34.63270568847656,5694000,0.0,0.0
2022-03-08 00:00:00-05:00,34.83623924952921,34.84406630393425,34.17082913253556,34.33522415161133,7389400,0.0,0.0
2022-03-09 00:00:00-05:00,34.06906554296925,34.7971041693191,34.022094249361295,34.523109436035156,4347800,0.0,0.0
2022-03-10 00:00:00-05:00,34.664022319192796,34.85973157435768,34.34305926017384,34.789276123046875,4377900,0.0,0.0
2022-03-11 00:00:00-05:00,34.757955713643526,35.03977445802155,34.65618609172939,34.80492401123047,3941100,0.0,0.0
2022-03-14 00:00:00-04:00,34.75795499498464,34.75795499498464,34.07688483120129,34.3821907043457,5296400,0.0,0.0
2022-03-15 00:00:00-04:00,33.95163146374489,34.53875906865447,33.748095208008486,34.491790771484375,4182700,0.0,0.0
2022-03-16 00:00:00-04:00,34.530935174816754,34.804926887669374,34.02992005058014,34.460479736328125,3452600,0.0,0.0
2022-03-17 00:00:00-04:00,34.656190543901175,35.21983407763764,34.64836050244048,35.031951904296875,4174100,0.0,0.0
2022-03-18 00:00:00-04:00,35.094574679475066,35.20417135211438,34.781438769403856,35.10240173339844,3581200,0.0,0.0
2022-03-21 00:00:00-04:00,35.2276611328125,35.57993834139779,35.15720569109544,35.423370361328125,5271800,0.0,0.0
2022-03-22 00:00:00-04:00,35.53296639229459,35.68953436945966,35.23548753430954,35.39205551147461,3489600,0.0,0.0
2022-03-23 00:00:00-04:00,35.54862321848646,35.564280314712555,35.26680145898821,35.27463150024414,3479900,0.0,0.0
2022-03-24 00:00:00-04:00,35.45467873853299,35.60341665274266,35.35290912023935,35.54861831665039,2507900,0.0,0.0
2022-03-25 00:00:00-04:00,35.54862084035141,36.300143491214136,35.54862084035141,36.29231643676758,4348100,0.0,0.0
2022-03-28 00:00:00-04:00,35.916551755187236,35.99483423748007,35.60341585344534,35.96352005004883,2843400,0.0,0.0
2022-03-29 00:00:00-04:00,35.68953390358555,36.221863227226535,35.58776427181384,36.112266540527344,3017600,0.0,0.0
2022-03-30 00:00:00-04:00,36.268834568100914,36.33928702140736,36.041811153160985,36.284488677978516,2645000,0.0,0.0
2022-03-31 00:00:00-04:00,36.12009675600489,36.401918538625814,36.04964131034966,36.080955505371094,3393400,0.0,0.0
2022-04-01 00:00:00-04:00,36.18272801353794,36.42540557847133,36.049644167292904,36.323638916015625,2629500,0.0,0.0
2022-04-04 00:00:00-04:00,36.441052804822064,36.64459204716425,36.30797198091676,36.50368118286133,2556900,0.0,0.0
2022-04-05 00:00:00-04:00,36.63677152735205,37.122129638141864,36.40192102124641,36.40974807739258,2678700,0.0,0.0
2022-04-06 00:00:00-04:00,36.50368679674654,36.68373893187143,36.26100627395079,36.433231353759766,3161300,0.0,0.0
2022-04-07 00:00:00-04:00,36.43323410342902,36.464548299627786,35.673881270182775,36.12009811401367,4742300,0.0,0.0
2022-04-08 00:00:00-04:00,36.14357069866328,36.699387051276105,36.14357069866328,36.56630325317383,3397500,0.0,0.0
2022-04-11 00:00:00-04:00,36.48020175069676,36.527173044144135,35.95570241215502,36.088783264160156,3352000,0.0,0.0
2022-04-12 00:00:00-04:00,36.29231866671683,36.51934208132843,36.09660944438664,36.112266540527344,2671000,0.0,0.0
2022-04-13 00:00:00-04:00,36.24534738446948,36.401915359617455,36.04181110717713,36.30797576904297,3234400,0.0,0.0
2022-04-14 00:00:00-04:00,36.24534940079503,36.45671573106023,36.09661145858733,36.18272399902344,2507500,0.0,0.0
2022-04-18 00:00:00-04:00,36.26100654554344,36.331461989057914,36.041813159625455,36.159236907958984,2710800,0.0,0.0
2022-04-19 00:00:00-04:00,36.13574673453262,36.43322555605895,36.02615005983487,36.33928298950195,2229900,0.0,0.0
2022-04-20 00:00:00-04:00,36.48020030751345,36.83247752871726,36.3706036134247,36.660255432128906,2776000,0.0,0.0
2022-04-21 00:00:00-04:00,36.74636660259864,36.965562986697655,36.229694317549516,36.25318145751953,2994700,0.0,0.0
2022-04-22 00:00:00-04:00,36.026155592550865,36.19055062984446,35.04760943777586,35.118064880371094,3875400,0.0,0.0
2022-04-25 00:00:00-04:00,34.44482911107275,34.78144927083386,33.80290298926929,34.562255859375,5380800,0.0,0.0
2022-04-26 00:00:00-04:00,34.483962335495505,34.70315868220081,34.2334547846485,34.25693893432617,3496300,0.0,0.0
2022-04-27 00:00:00-04:00,34.405678924779586,34.57790099494857,34.00643047323249,34.30390930175781,3196000,0.0,0.0
2022-04-28 00:00:00-04:00,34.51528009308633,35.125891938097105,34.350885055781255,34.92235565185547,3375200,0.0,0.0
2022-04-29 00:00:00-04:00,35.01629435900671,35.118063992690914,34.069062421836314,34.163002014160156,4433700,0.0,0.0
2022-05-02 00:00:00-04:00,34.05339833924086,34.21779333865289,33.55238330125076,33.998600006103516,3682000,0.0,0.0
2022-05-03 00:00:00-04:00,34.06122946686617,34.671844230453445,34.04557535805609,34.33522415161133,3833600,0.0,0.0
2022-05-04 00:00:00-04:00,34.71098230821655,35.470334926504925,34.47613187577966,35.37639236450195,4975400,0.0,0.0
2022-05-05 00:00:00-04:00,35.5486216000203,35.673875377840744,34.554418432070584,34.898868560791016,5089500,0.0,0.0
2022-05-06 00:00:00-04:00,35.70518851811267,35.7678139120371,34.68750122998501,35.56427764892578,5652100,0.0,0.0
2022-05-09 00:00:00-04:00,35.2668051575362,35.2668051575362,33.85769919855306,33.959468841552734,6738500,0.0,0.0
2022-05-10 00:00:00-04:00,34.31957137376107,34.57007895423272,33.223598469483164,33.61501693725586,5777200,0.0,0.0
2022-05-11 00:00:00-04:00,33.99861010859379,34.601394938503766,33.70113122153609,33.76375961303711,8063600,0.0,0.0
2022-05-12 00:00:00-04:00,33.65404162055508,33.94820554483054,33.40757815096195,33.93230438232422,9391100,0.662,0.0
2022-05-13 00:00:00-04:00,34.3457190423654,35.0374028005589,34.274165340977376,34.81479263305664,5070600,0.0,0.0
2022-05-16 00:00:00-04:00,34.98175790963498,35.64959159104148,34.88635396453026,35.4428825378418,4430600,0.0,0.0
2022-05-17 00:00:00-04:00,35.7052436615542,35.80859970317272,35.426980895085144,35.6893424987793,3357800,0.0,0.0
2022-05-18 00:00:00-04:00,35.752944205934746,35.85629720620635,35.01355687838572,35.17256546020508,3345100,0.0,0.0
2022-05-19 00:00:00-04:00,34.798898187648675,35.57008789219792,34.798898187648675,35.331573486328125,3893700,0.0,0.0
2022-05-20 00:00:00-04:00,35.53828567493126,35.697294268381654,34.85455084608024,35.41107940673828,3489400,0.0,0.0
2022-05-23 00:00:00-04:00,35.67343983277273,36.078911884354945,35.53033240666566,35.70524215698242,2436600,0.0,0.0
2022-05-24 00:00:00-04:00,35.77679212113199,35.88014814756497,35.196413412885086,35.76089096069336,3557800,0.0,0.0
2022-05-25 00:00:00-04:00,35.76089640967143,36.007359884770096,35.60188781389283,35.856300354003906,2752000,0.0,0.0
2022-05-26 00:00:00-04:00,35.9040030396022,36.57183670066698,35.88015281226166,36.452579498291016,2836600,0.0,0.0
2022-05-27 00:00:00-04:00,36.5638887429171,36.92165429520416,36.52413431903033,36.7308464050293,5710900,0.0,0.0
2022-05-31 00:00:00-04:00,36.90575155388155,37.12836479334746,36.611587633287606,36.69109344482422,4054800,0.0,0.0
2022-06-01 00:00:00-04:00,36.99320313853975,37.08065800703008,36.500279282219,36.532081604003906,5981700,0.0,0.0
2022-06-02 00:00:00-04:00,36.57183847923229,37.39868077273055,36.4605333691146,37.31122589111328,3471500,0.0,0.0
2022-06-03 00:00:00-04:00,37.28737402770069,37.50203214046612,37.13631449958998,37.2158203125,2500700,0.0,0.0
2022-06-06 00:00:00-04:00,37.3668793752415,37.58154053559289,37.30327472054323,37.4543342590332,2543600,0.0,0.0
2022-06-07 00:00:00-04:00,37.54973478707122,37.84389870615719,37.350974808503516,37.788246154785156,2514800,0.0,0.0
2022-06-08 00:00:00-04:00,37.83594545552152,37.89954706455166,37.271467906720396,37.509979248046875,2485200,0.0,0.0
2022-06-09 00:00:00-04:00,37.35097267390718,37.39072406078163,36.675189998532375,36.70698928833008,2797400,0.0,0.0
2022-06-10 00:00:00-04:00,36.50823330079577,36.50823330079577,35.9358065951648,36.21406936645508,3133200,0.0,0.0
2022-06-13 00:00:00-04:00,35.45877701215729,35.578034205870196,34.77504527109076,34.981754302978516,5480600,0.0,0.0
2022-06-14 00:00:00-04:00,35.108961007950676,35.18051471852215,33.916401186983826,34.13901138305664,5778400,0.0,0.0
2022-06-15 00:00:00-04:00,34.18671691675218,34.369575736319995,33.216767233722656,33.93230438232422,4820400,0.0,0.0
2022-06-16 00:00:00-04:00,33.383725454656144,33.391674518903095,32.47737745584618,32.572784423828125,5365500,0.0,0.0
2022-06-17 00:00:00-04:00,32.31042774346697,32.56484032153858,31.33252882784722,32.1911735534668,8219800,0.0,0.0
2022-06-21 00:00:00-04:00,32.77154492250262,33.248567638800274,32.68409005018621,32.9862060546875,3835700,0.0,0.0
2022-06-22 00:00:00-04:00,32.25477504257367,33.041866037666544,31.992413399434138,32.79540252685547,3945500,0.0,0.0
2022-06-23 00:00:00-04:00,32.859002940034195,32.98620921207866,32.222968546975096,32.43762969970703,5005300,0.0,0.0
2022-06-24 00:00:00-04:00,32.77949501496187,33.32807145919316,32.54098364933246,33.216766357421875,3209900,0.0,0.0
2022-06-27 00:00:00-04:00,33.367824762606126,33.75739260575043,33.31217221358551,33.53478240966797,3246800,0.0,0.0
2022-06-28 00:00:00-04:00,34.09926959835551,34.29008055789291,33.63814791479922,33.821006774902344,3369200,0.0,0.0
2022-06-29 00:00:00-04:00,34.10721389446873,34.139013186418566,33.58248766683859,33.741493225097656,3219700,0.0,0.0
2022-06-30 00:00:00-04:00,33.43937550671947,33.63813545925691,33.15316068981177,33.59838104248047,3173700,0.0,0.0
2022-07-01 00:00:00-04:00,33.65404311322169,33.9959075073423,33.2565231314421,33.916404724121094,2826700,0.0,0.0
2022-07-05 00:00:00-04:00,33.39167267392521,33.40757383437695,32.11165806950427,32.946449279785156,4152000,0.0,0.0
2022-07-06 00:00:00-04:00,32.636393168156964,33.04186528859468,32.13551709172564,32.819252014160156,3410800,0.0,0.0
2022-07-07 00:00:00-04:00,33.29627391176403,33.51093506192444,33.09751392452329,33.39167785644531,2903200,0.0,0.0
2022-07-08 00:00:00-04:00,33.4950317858566,33.74944431084733,33.200864839656376,33.54273223876953,2189100,0.0,0.0
2022-07-11 00:00:00-04:00,33.21676742625559,33.542733677433105,33.033908605627886,33.4711799621582,2342000,0.0,0.0
2022-07-12 00:00:00-04:00,33.097512166022376,33.35987375816556,32.94645264272984,33.184967041015625,2191200,0.0,0.0
2022-07-13 00:00:00-04:00,32.92260230660763,33.32807132323996,32.81129720529039,33.10546112060547,3760100,0.0,0.0
2022-07-14 00:00:00-04:00,32.34222451750493,32.715894254217,31.83339944877841,32.67613983154297,3958000,0.0,0.0
2022-07-15 00:00:00-04:00,33.09751048293281,33.21676464317478,32.77949332328142,33.06570816040039,2467400,0.0,0.0
2022-07-18 00:00:00-04:00,33.53479026447119,34.01976519053417,33.487086768635805,33.75740051269531,2869600,0.0,0.0
2022-07-19 00:00:00-04:00,33.96410942849141,34.385479653740425,33.92435500262221,34.30597686767578,2989200,0.0,0.0
2022-07-20 00:00:00-04:00,34.28211208921719,34.329815564533114,33.94024476487611,34.25031280517578,2201000,0.0,0.0
2022-07-21 00:00:00-04:00,33.7653469864666,34.17876811631937,33.70174233594925,34.15491485595703,2368700,0.0,0.0
2022-07-22 00:00:00-04:00,34.28212337978744,34.48883547473302,33.94025594285478,34.11516571044922,1819300,0.0,0.0
2022-07-25 00:00:00-04:00,34.34572376389552,35.00560529377848,34.28211911710192,34.98970413208008,2604800,0.0,0.0
2022-07-26 00:00:00-04:00,34.997658343508874,35.17256809992086,34.70349441640963,34.83864974975586,2895700,0.0,0.0
2022-07-27 00:00:00-04:00,34.981759417127925,35.601889636287396,34.83070291146614,35.45878219604492,3041800,0.0,0.0
2022-07-28 00:00:00-04:00,35.697289825917395,35.697289825917395,35.10100994931189,35.54623031616211,2829000,0.0,0.0
2022-07-29 00:00:00-04:00,35.737042976620934,35.94375200960814,35.387223490715215,35.72114181518555,2818300,0.0,0.0
2022-08-01 00:00:00-04:00,35.35541769085804,35.48262392608286,34.91019435115324,35.40311813354492,2318200,0.0,0.0
2022-08-02 00:00:00-04:00,35.570096002934434,35.625748568237576,34.94996265224073,34.97381591796875,3288100,0.0,0.0
2022-08-03 00:00:00-04:00,35.14076533761778,35.19641788981378,34.81479908925408,35.10896301269531,2276400,0.0,0.0
2022-08-04 00:00:00-04:00,35.00560530087227,35.05330878597714,34.32982260915397,34.385475158691406,2976900,0.0,0.0
2022-08-05 00:00:00-04:00,33.948204108935634,34.083359435267845,33.71764181160085,34.00385665893555,3746900,0.0,0.0
2022-08-08 00:00:00-04:00,34.258271328802685,34.616039910384416,34.2185199381462,34.5126838684082,2265000,0.0,0.0
2022-08-09 00:00:00-04:00,34.68759822764857,34.84660684420203,34.43318565429788,34.52063751220703,2375300,0.0,0.0
2022-08-10 00:00:00-04:00,34.790945565019406,35.06125925913495,34.63194000728747,34.8863525390625,2491500,0.0,0.0
2022-08-11 00:00:00-04:00,35.14870461052477,35.44287148485213,35.06124975776992,35.2043571472168,6281000,0.0,0.0
2022-08-12 00:00:00-04:00,35.183373579594374,35.24795825093149,34.908881797056296,35.12685775756836,6153100,0.674,0.0
2022-08-15 00:00:00-04:00,34.45678082771124,34.626319074570546,34.24687369184499,34.48907470703125,2939100,0.0,0.0
2022-08-16 00:00:00-04:00,34.521363531109074,34.91695583085637,34.46485078538998,34.86851501464844,2975800,0.0,0.0
2022-08-17 00:00:00-04:00,34.7151238399599,34.7151238399599,34.448703969437176,34.55365753173828,2251200,0.0,0.0
2022-08-18 00:00:00-04:00,34.79584864530142,35.09456233495838,34.69089818325088,34.981536865234375,2893000,0.0,0.0
2022-08-19 00:00:00-04:00,34.90887894559532,35.00575748454441,34.66667797865276,34.94116973876953,1685000,0.0,0.0
2022-08-22 00:00:00-04:00,34.77971315214145,34.85236976039449,34.52944020920811,34.6909065246582,2217300,0.0,0.0
2022-08-23 00:00:00-04:00,34.93310354717697,35.36098665420692,34.7797122453413,35.29640197753906,2334200,0.0,0.0
2022-08-24 00:00:00-04:00,35.22374216271734,35.69199107591738,35.215667153342295,35.61125946044922,2232800,0.0,0.0
2022-08-25 00:00:00-04:00,35.76465113478235,35.85345776055189,35.5386001453426,35.82923889160156,2010900,0.0,0.0
2022-08-26 00:00:00-04:00,35.93419603244028,35.96648991683123,35.134942411907545,35.17530822753906,2478000,0.0,0.0
2022-08-29 00:00:00-04:00,35.1672316906029,35.60318675392824,35.029984239773235,35.4659423828125,2131200,0.0,0.0
2022-08-30 00:00:00-04:00,35.336774085728614,35.336774085728614,34.39219799837564,34.42449188232422,2922700,0.0,0.0
2022-08-31 00:00:00-04:00,34.08540453641568,34.09347646498723,33.278076171875,33.278076171875,5438200,0.0,0.0
2022-09-01 00:00:00-04:00,33.100467651579805,33.18119926762499,32.77753502797158,33.10853958129883,4516800,0.0,0.0
2022-09-02 00:00:00-04:00,33.52028123610913,33.77862612165142,33.18120164901364,33.374961853027344,4400800,0.0,0.0
2022-09-06 00:00:00-04:00,33.46376528659694,33.6090846557899,32.90670667811936,32.96322250366211,2898500,0.0,0.0
2022-09-07 00:00:00-04:00,32.57569695127022,33.2699998092663,32.48689342174485,33.24578094482422,2118000,0.0,0.0
2022-09-08 00:00:00-04:00,33.13275795457108,33.2619303741328,32.785606499552706,33.20541763305664,2751900,0.0,0.0
2022-09-09 00:00:00-04:00,33.6333054369836,33.82706563349891,33.512204929197296,33.76247787475586,2116600,0.0,0.0
2022-09-12 00:00:00-04:00,34.13384656273337,34.747417921636604,34.13384656273337,34.65861129760742,2904700,0.0,0.0
2022-09-13 00:00:00-04:00,34.20650493582928,34.37604624779728,33.73825604488179,33.89164733886719,2947700,0.0,0.0
2022-09-14 00:00:00-04:00,33.988528760086425,34.53751238875667,33.92394408126784,34.06926345825195,2676900,0.0,0.0
2022-09-15 00:00:00-04:00,33.85935775246594,34.02082407590116,33.633306747485,33.8028450012207,2785700,0.0,0.0
2022-09-16 00:00:00-04:00,33.431472266138,33.44761920531936,32.8340478352827,33.0923957824707,3032600,0.0,0.0
2022-09-19 00:00:00-04:00,32.599923441029425,33.39110494682623,32.52726375785861,33.38302993774414,2214800,0.0,0.0
2022-09-20 00:00:00-04:00,33.132768196642694,33.20542789758897,32.55956560013006,32.86634826660156,2617300,0.0,0.0
2022-09-21 00:00:00-04:00,33.09239326628102,33.14890600926194,32.40616226196289,32.40616226196289,2596100,0.0,0.0
2022-09-22 00:00:00-04:00,32.656437015599636,32.745243639477735,32.26084471279182,32.34965133666992,2372700,0.0,0.0
2022-09-23 00:00:00-04:00,31.752233044637844,31.80874579621766,30.630043783961813,30.70270347595215,6415200,0.0,0.0
2022-09-26 00:00:00-04:00,30.500872226499478,30.726926319100027,29.814644177543215,30.040695190429688,6395800,0.0,0.0
2022-09-27 00:00:00-04:00,30.33132731714588,30.670406841851563,30.072982479138407,30.282886505126953,4170600,0.0,0.0
2022-09-28 00:00:00-04:00,30.379764537954987,31.15479896036013,30.137566665917507,31.06599235534668,4427500,0.0,0.0
2022-09-29 00:00:00-04:00,30.89646008064634,30.89646008064634,30.145644377480508,30.436283111572266,3841400,0.0,0.0
2022-09-30 00:00:00-04:00,30.395922220145223,30.63812017781403,29.911523225093493,29.951889038085938,3497900,0.0,0.0
2022-10-03 00:00:00-04:00,30.65426128992811,31.292048405244998,30.517013856194975,31.041778564453125,4794300,0.0,0.0
2022-10-04 00:00:00-04:00,31.43737280016594,31.970209522890308,31.429300869695975,31.82489013671875,4071300,0.0,0.0
2022-10-05 00:00:00-04:00,31.51003193034105,31.760304886435296,30.993342157501033,31.42930030822754,3509500,0.0,0.0
2022-10-06 00:00:00-04:00,31.170955715961224,31.17902764636316,29.846937390635706,30.024547576904297,5749000,0.0,0.0
2022-10-07 00:00:00-04:00,30.032620509924033,30.30711232031564,29.733909830287626,29.91152000427246,4580100,0.0,0.0
2022-10-10 00:00:00-04:00,30.03261706347991,30.22637415463095,29.386754960120726,29.394826889038086,3109200,0.0,0.0
2022-10-11 00:00:00-04:00,29.249507601701445,29.548218247782696,28.983090830794772,29.088041305541992,4520900,0.0,0.0
2022-10-12 00:00:00-04:00,28.918506338152554,29.02345990443637,28.71667421514495,28.75704002380371,3452700,0.0,0.0
2022-10-13 00:00:00-04:00,28.345304585144476,30.12949985980359,28.27264489578346,29.97610855102539,6052200,0.0,0.0
2022-10-14 00:00:00-04:00,30.03262168513734,30.15371911581381,28.9750202108316,29.047679901123047,3693500,0.0,0.0
2022-10-17 00:00:00-04:00,29.467484341100665,30.177934140959227,29.37867773115419,29.9034423828125,3140600,0.0,0.0
2022-10-18 00:00:00-04:00,30.20215979895239,30.412063859001417,29.669323099136054,30.145647048950195,4212400,0.0,0.0
2022-10-19 00:00:00-04:00,30.113344220815165,30.24251662239558,29.863074425091664,30.10527229309082,2260700,0.0,0.0
2022-10-20 00:00:00-04:00,30.315189520606268,30.49280280518385,29.87115938887664,30.008403778076172,2549300,0.0,0.0
2022-10-21 00:00:00-04:00,30.032622258508287,30.751144165267043,29.871155934809764,30.581605911254883,3044000,0.0,0.0
2022-10-24 00:00:00-04:00,30.581605604001933,30.77536272672231,30.38784540156762,30.428211212158203,2282400,0.0,0.0
2022-10-25 00:00:00-04:00,30.43628244272745,30.815724710819016,30.250597273296776,30.78343391418457,2442000,0.0,0.0
2022-10-26 00:00:00-04:00,30.969120401730756,31.453516248713527,30.87224184827694,31.18709945678711,3039300,0.0,0.0
2022-10-27 00:00:00-04:00,31.550402218812263,31.897550673050414,31.38086087732075,31.526180267333984,2905200,0.0,0.0
2022-10-28 00:00:00-04:00,31.485814454489,31.60691497273806,31.24361649770498,31.526180267333984,3251000,0.0,0.0
2022-10-31 00:00:00-04:00,31.32435120628263,31.639208889061003,31.195178744637285,31.445451736450195,2826100,0.0,0.0
2022-11-01 00:00:00-04:00,32.00250017275957,32.131672605234044,31.38893188843425,31.421222686767578,8027300,0.0,0.0
2022-11-02 00:00:00-04:00,31.51003292931808,32.04286965941636,31.21132222237115,31.243616104125977,3072700,0.0,0.0
2022-11-03 00:00:00-04:00,30.92068064247126,31.71186219544466,30.78343627702813,31.49388313293457,3011400,0.0,0.0
2022-11-04 00:00:00-04:00,32.29313499691456,32.91477821517076,32.05093710038037,32.4546012878418,4245800,0.0,0.0
2022-11-07 00:00:00-05:00,32.41423508247492,32.41423508247492,31.945983152572627,32.23662185668945,7784200,0.0,0.0
2022-11-08 00:00:00-05:00,32.22047709506651,32.47882194289743,31.913691433374712,32.40616226196289,3514800,0.0,0.0
2022-11-09 00:00:00-05:00,32.293140101968106,32.47075335803736,31.623055966589632,31.70379066467285,2968200,0.0,0.0
2022-11-10 00:00:00-05:00,32.32543420334175,33.07624996224922,32.26892145415206,33.027809143066406,2833600,0.0,0.0
2022-11-11 00:00:00-05:00,33.350741691767354,33.91586918219984,33.261935063352574,33.76247787475586,7643000,0.0,0.0
2022-11-14 00:00:00-05:00,33.81085754774732,33.81905984721412,32.86779644600836,32.93339920043945,7562500,0.649,0.0
2022-11-15 00:00:00-05:00,33.400833957603126,33.400833957603126,32.96620588434056,33.105613708496094,3008400,0.0,0.0
2022-11-16 00:00:00-05:00,33.113809749674274,33.302421955782904,32.999002591891674,33.15481185913086,2957100,0.0,0.0
2022-11-17 00:00:00-05:00,32.769389296906795,33.130215413632946,32.720188010633834,33.06460952758789,2790600,0.0,0.0
2022-11-18 00:00:00-05:00,32.88420059771291,33.113818099437395,32.802196358122096,33.08921432495117,2064000,0.0,0.0
2022-11-21 00:00:00-05:00,32.77759335680787,32.99900854170773,32.474170809948255,32.96620559692383,2843800,0.0,0.0
2022-11-22 00:00:00-05:00,33.220419970429646,33.82726192441765,33.220419970429646,33.63044738769531,3280600,0.0,0.0
2022-11-23 00:00:00-05:00,33.52384475071043,34.0240787337084,33.45823885800066,33.991275787353516,2855600,0.0,0.0
2022-11-25 00:00:00-05:00,34.09788299024035,34.54071024248499,34.08968068971558,34.22909164428711,1341800,0.0,0.0
2022-11-28 00:00:00-05:00,33.868266750918465,34.179888488892054,33.68785680010107,33.78626251220703,2298200,0.0,0.0
2022-11-29 00:00:00-05:00,33.87646393464991,33.96666733230265,33.49923636007908,33.50743865966797,3407200,0.0,0.0
2022-11-30 00:00:00-05:00,33.884669922096144,34.245492970071076,33.3598352602194,33.860069274902344,4728100,0.0,0.0
2022-12-01 00:00:00-05:00,34.056874183474854,34.12248006776964,33.515638151085845,33.58944320678711,3321000,0.0,0.0
2022-12-02 00:00:00-05:00,33.384429611877614,33.573041837405306,33.1220123304251,33.302425384521484,3040400,0.0,0.0
2022-12-05 00:00:00-05:00,33.35983095108348,33.48284042768587,32.670984764284135,32.73658752441406,2565300,0.0,0.0
2022-12-06 00:00:00-05:00,32.62178088194299,32.86779983917461,32.1543498684205,32.30195999145508,2712300,0.0,0.0
2022-12-07 00:00:00-05:00,32.30196247611984,32.556180624958486,32.11335022179228,32.19535446166992,2415900,0.0,0.0
2022-12-08 00:00:00-05:00,32.53977109420743,32.55617256377406,32.01493658111706,32.170745849609375,2131400,0.0,0.0
2022-12-09 00:00:00-05:00,31.982137117549314,32.36756387359913,31.982137117549314,32.0887451171875,2247500,0.0,0.0
2022-12-12 00:00:00-05:00,32.09694284593832,32.2773558944069,31.97393650874119,32.2691535949707,17834100,0.0,0.0
2022-12-13 00:00:00-05:00,32.695586482519815,32.99900903390514,32.50697423959061,32.646385192871094,5438000,0.0,0.0
2022-12-14 00:00:00-05:00,32.62178041939186,32.875998545071454,32.359363121775935,32.56437683105469,3887300,0.0,0.0
2022-12-15 00:00:00-05:00,32.39216317340479,32.39216317340479,31.72791768848518,31.924732208251953,3369400,0.0,0.0
2022-12-16 00:00:00-05:00,31.539310666018984,31.67051932473379,31.17028533580199,31.465505599975586,4599200,0.0,0.0
2022-12-19 00:00:00-05:00,31.637717580000277,31.678719696803284,30.932469909249022,31.080080032348633,8478000,0.0,0.0
2022-12-20 00:00:00-05:00,31.20308342910229,31.73612028186755,31.129278374538803,31.56390953063965,3547500,0.0,0.0
2022-12-21 00:00:00-05:00,31.908333728933172,32.26095756072186,31.809928023954757,32.21995544433594,5296100,0.0,0.0
2022-12-22 00:00:00-05:00,32.11334602734035,32.17074961340923,31.350694808698535,31.842729568481445,2970600,0.0,0.0
2022-12-23 00:00:00-05:00,31.982136321181073,32.42496665179539,31.924732737019298,32.38396453857422,2215200,0.0,0.0
2022-12-27 00:00:00-05:00,32.34296338992742,32.56437858325352,32.27736062612401,32.52337646484375,1586400,0.0,0.0
2022-12-28 00:00:00-05:00,32.48237539275734,32.5889834066657,31.785326844293408,31.826332092285156,2305100,0.0,0.0
2022-12-29 00:00:00-05:00,31.908332018720664,32.293758774264504,31.867329904532355,32.20355224609375,1686400,0.0,0.0
2022-12-30 00:00:00-05:00,32.03134431723179,32.26095867956501,31.982139898905643,32.064144134521484,1948000,0.0,0.0
2023-01-03 00:00:00-05:00,31.908331058627933,32.219952747952085,31.744319478548867,32.006736755371094,2926300,0.0,0.0
2023-01-04 00:00:00-05:00,32.11334488281982,32.82679166157782,32.11334488281982,32.61357879638672,4101900,0.0,0.0
2023-01-05 00:00:00-05:00,32.49057527145261,32.646387709380306,32.203557298840465,32.48237609863281,2282800,0.0,0.0
2023-01-06 00:00:00-05:00,32.75299288864883,33.343433441286656,32.66278947378366,33.2286262512207,3519400,0.0,0.0
2023-01-09 00:00:00-05:00,33.556651326743946,33.73706443976787,33.50745002556416,33.622257232666016,2397500,0.0,0.0
2023-01-10 00:00:00-05:00,33.753452692565304,33.753452692565304,33.32702385592035,33.60584259033203,2209600,0.0,0.0
2023-01-11 00:00:00-05:00,33.753455372701396,33.950269900727,33.58944378739019,33.87646484375,1871600,0.0,0.0
2023-01-12 00:00:00-05:00,34.09788189660485,34.44230342933291,33.87646671345353,34.3766975402832,2613000,0.0,0.0
2023-01-13 00:00:00-05:00,34.23728804153563,34.475104685301346,34.05687498374635,34.245487213134766,3010600,0.0,0.0
2023-01-17 00:00:00-05:00,34.12248227591552,34.30289534114039,34.08148015970831,34.17988586425781,2359600,0.0,0.0
2023-01-18 00:00:00-05:00,34.294692513788846,34.532509163700446,33.74525728288364,33.77805709838867,2219400,0.0,0.0
2023-01-19 00:00:00-05:00,33.65504586847255,34.06507322127092,33.622242929466175,33.93386459350586,1893100,0.0,0.0
2023-01-20 00:00:00-05:00,33.974867973402404,34.368493871414664,33.68785006701656,34.327491760253906,2506200,0.0,0.0
2023-01-23 00:00:00-05:00,34.43410530926195,34.49150889980359,34.147084228292705,34.34389877319336,2152200,0.0,0.0
2023-01-24 00:00:00-05:00,34.31929059554937,34.31929059554937,33.73705246434229,34.0568733215332,4284700,0.0,0.0
2023-01-25 00:00:00-05:00,33.80265934632264,33.909264216364186,33.04820731502596,33.187618255615234,4082000,0.0,0.0
2023-01-26 00:00:00-05:00,33.48284190815103,33.53204319835871,33.154818708214854,33.33523178100586,2652200,0.0,0.0
2023-01-27 00:00:00-05:00,33.32702388897496,33.663246204781885,33.23681736771399,33.49103546142578,2957800,0.0,0.0
2023-01-30 00:00:00-05:00,33.45823155341449,33.55663724273411,33.22041493665332,33.23681640625,2255400,0.0,0.0
2023-01-31 00:00:00-05:00,33.228615762298546,33.60584016151551,33.13840924764659,33.59764099121094,3256100,0.0,0.0
2023-02-01 00:00:00-05:00,33.663251826171305,33.737056889685775,33.05641297350666,33.392635345458984,4433900,0.0,0.0
2023-02-02 00:00:00-05:00,33.523842654789384,33.638649831592545,33.22862241257498,33.28602600097656,3428000,0.0,0.0
2023-02-03 00:00:00-05:00,33.13021119035364,33.43363055398152,33.031802373830736,33.26961898803711,3110400,0.0,0.0
2023-02-06 00:00:00-05:00,33.23681745112419,33.42542966502477,32.91699660458579,33.204017639160156,2610500,0.0,0.0
2023-02-07 00:00:00-05:00,33.17121670339821,33.60584473872573,33.04820723425307,33.417232513427734,2677900,0.0,0.0
2023-02-08 00:00:00-05:00,33.13841554546033,33.18761996141985,32.28555777172759,32.42496871948242,5168700,0.0,0.0
2023-02-09 00:00:00-05:00,32.49057749951877,32.77759862007489,32.14615590876522,32.23636245727539,3608600,0.0,0.0
2023-02-10 00:00:00-05:00,32.46597116294143,33.33523041743261,32.38396693044229,33.28602600097656,3695700,0.0,0.0
2023-02-13 00:00:00-05:00,33.27782775097187,33.55664340049771,33.171219743160734,33.540245056152344,6664500,0.0,0.0
2023-02-14 00:00:00-05:00,33.37852270759921,33.43687651253904,32.89501611804765,33.1534423828125,4916400,0.666,0.0
2023-02-15 00:00:00-05:00,32.819987495567176,33.02005994412943,32.678272028703496,32.93669509887695,4033700,0.0,0.0
2023-02-16 00:00:00-05:00,32.51154359933054,32.936693154871875,32.3614900667763,32.64492416381836,3683400,0.0,0.0
2023-02-17 00:00:00-05:00,32.378165601113636,32.569899979008895,32.08639658693471,32.428184509277344,3549000,0.0,0.0
2023-02-21 00:00:00-05:00,32.10306948652763,32.28646898751914,31.70292772258219,31.744611740112305,2912600,0.0,0.0
2023-02-22 00:00:00-05:00,31.702920955274923,32.06138180521724,31.286106309299523,31.511186599731445,6886000,0.0,0.0
2023-02-23 00:00:00-05:00,31.936345577726048,31.95301854843752,31.344466247622798,31.552873611450195,5627900,0.0,0.0
2023-02-24 00:00:00-05:00,31.26110140457921,31.544535517849145,31.169401664985458,31.527862548828125,3461000,0.0,0.0
2023-02-27 00:00:00-05:00,31.727933644139675,32.07805643852056,31.63623390845605,31.69458770751953,3031000,0.0,0.0
2023-02-28 00:00:00-05:00,31.719593497287956,31.752939431729157,31.26943292246178,31.27777099609375,3960300,0.0,0.0
2023-03-01 00:00:00-05:00,31.35279518766025,31.819625511383965,31.30277629009996,31.68624496459961,4163000,0.0,0.0
2023-03-02 00:00:00-05:00,31.761273916356792,32.26978827988572,31.56953956585369,32.22810745239258,3546000,0.0,0.0
2023-03-03 00:00:00-05:00,32.186425302139845,32.48653233582631,32.15307936949842,32.394832611083984,3125900,0.0,0.0
2023-03-06 00:00:00-05:00,32.42818021099691,32.4698610389201,32.21977289133766,32.361488342285156,2930600,0.0,0.0
2023-03-07 00:00:00-05:00,32.394834976033195,32.394834976033195,31.719594100943425,31.953012466430664,5539600,0.0,0.0
2023-03-08 00:00:00-05:00,31.894659970128863,32.17809409799916,31.81963319569132,32.00303268432617,2870100,0.0,0.0
2023-03-09 00:00:00-05:00,32.094728096644886,32.41984301531044,31.61122157552134,31.669578552246094,4133500,0.0,0.0
2023-03-10 00:00:00-05:00,31.819632638668875,31.93634342578495,31.34446413556383,31.544536590576172,3853700,0.0,0.0
2023-03-13 00:00:00-04:00,31.27777006389169,32.028034486197775,31.194405230273297,31.869646072387695,7196500,0.0,0.0
2023-03-14 00:00:00-04:00,32.00302387643347,32.361484680085496,31.577874391659858,31.886316299438477,3487900,0.0,0.0
2023-03-15 00:00:00-04:00,31.28610321682527,31.28610321682527,30.094013192764276,30.502492904663086,7605200,0.0,0.0
2023-03-16 00:00:00-04:00,30.252410941362623,30.860960006713867,30.144038231629363,30.860960006713867,5294000,0.0,0.0
2023-03-17 00:00:00-04:00,30.78593528664741,30.844289092689525,30.277420822528473,30.477493286132812,4391300,0.0,0.0
2023-03-20 00:00:00-04:00,30.46915597450703,31.144396978543604,30.46082107916811,30.969335556030273,4530000,0.0,0.0
2023-03-21 00:00:00-04:00,31.161064567459174,31.352798927580036,30.802603708959115,30.91097640991211,3545900,0.0,0.0
2023-03-22 00:00:00-04:00,31.04435813769787,31.261100367694713,30.485824824172397,30.5191707611084,4797800,0.0,0.0
2023-03-23 00:00:00-04:00,30.635879958543818,30.935987046536553,30.235738234568085,30.385791778564453,4219500,0.0,0.0
2023-03-24 00:00:00-04:00,30.069010234092755,30.644213337601503,29.860602897743323,30.619205474853516,3257800,0.0,0.0
2023-03-27 00:00:00-04:00,30.835951586234692,30.844286480658905,30.51083346290459,30.694232940673828,2328000,0.0,0.0
2023-03-28 00:00:00-04:00,30.6358784433667,30.885966610977306,30.535843812331176,30.619205474853516,4916700,0.0,0.0
2023-03-29 00:00:00-04:00,30.969327615974485,31.552865541408842,30.944316576282162,31.536195755004883,4070100,0.0,0.0
2023-03-30 00:00:00-04:00,31.81963533956077,31.886327223573705,31.57788521012402,31.744611740112305,3176500,0.0,0.0
2023-03-31 00:00:00-04:00,31.786284567988112,32.06138057011175,31.669576980417887,31.80295753479004,2693200,0.0,0.0
2023-04-03 00:00:00-04:00,32.3531550674169,32.55322432347542,32.1614207053427,32.51987838745117,3854700,0.0,0.0
2023-04-04 00:00:00-04:00,32.55322998299425,32.61992186663742,32.119742279445774,32.41984939575195,2451300,0.0,0.0
2023-04-05 00:00:00-04:00,32.48653264432125,32.78663968085756,32.40316781192606,32.719947814941406,2201500,0.0,0.0
2023-04-06 00:00:00-04:00,32.78664139071232,32.78664139071232,32.444850330132084,32.494869232177734,1853900,0.0,0.0
2023-04-10 00:00:00-04:00,32.44485483025893,32.59490837716507,32.25312044922194,32.56990051269531,2942100,0.0,0.0
2023-04-11 00:00:00-04:00,32.59490871229993,33.0450693576468,32.50321214828676,33.02006149291992,2571900,0.0,0.0
2023-04-12 00:00:00-04:00,33.0950813293457,33.411861329668824,33.03672753718659,33.0950813293457,3325400,0.0,0.0
2023-04-13 00:00:00-04:00,33.120090929135806,33.49522474132956,33.05340224032543,33.378517150878906,1910100,0.0,0.0
2023-04-14 00:00:00-04:00,33.3535061100371,33.520232602128026,33.253471486799874,33.378517150878906,1740400,0.0,0.0
2023-04-17 00:00:00-04:00,33.37017929708103,33.41186330541087,33.1617719756053,33.3868522644043,2343500,0.0,0.0
2023-04-18 00:00:00-04:00,33.42019727304434,33.54524293448236,33.18678209707285,33.303489685058594,1585800,0.0,0.0
2023-04-19 00:00:00-04:00,33.13676855983179,33.2701491362671,33.06174178683419,33.145103454589844,1640800,0.0,0.0
2023-04-20 00:00:00-04:00,32.92836096203238,33.05340664276646,32.73662658360554,32.81998825073242,1951500,0.0,0.0
2023-04-21 00:00:00-04:00,32.86167032015339,32.920027305389404,32.644928069446024,32.76997375488281,1914900,0.0,0.0
2023-04-24 00:00:00-04:00,32.76996727123127,32.93669057876836,32.59490271024813,32.861663818359375,3774700,0.0,0.0
2023-04-25 00:00:00-04:00,32.694947360555126,33.095089106553424,32.636593554683124,32.71162033081055,2665000,0.0,0.0
2023-04-26 00:00:00-04:00,32.71995260297025,32.81165234200213,32.47819932371235,32.61157989501953,2995100,0.0,0.0
2023-04-27 00:00:00-04:00,32.594909159262535,33.036734915773664,32.594909159262535,32.76997375488281,3476900,0.0,0.0
2023-04-28 00:00:00-04:00,32.74496172528392,33.1951223632695,32.67827302708816,33.145103454589844,2291200,0.0,0.0
2023-05-01 00:00:00-04:00,32.99505508116244,33.26181625014238,32.92836319889547,32.9783821105957,1957600,0.0,0.0
2023-05-02 00:00:00-04:00,32.85333625775738,32.85333625775738,31.994698948131962,32.144752502441406,4680100,0.0,0.0
2023-05-03 00:00:00-04:00,31.944672060554282,32.76996640319207,31.944672060554282,32.394832611083984,3631100,0.0,0.0
2023-05-04 00:00:00-04:00,32.43651859002253,32.90335218103834,32.169757446597394,32.73662567138672,4856100,0.0,0.0
2023-05-05 00:00:00-04:00,33.3118338844298,33.48689531531341,33.08675353898909,33.2701530456543,3219800,0.0,0.0
2023-05-08 00:00:00-04:00,33.42020176078863,33.595263166274904,33.01172196794362,33.06174087524414,3065400,0.0,0.0
2023-05-09 00:00:00-04:00,33.011719557637136,33.35350744912626,32.911684930383686,33.2117919921875,2483100,0.0,0.0
2023-05-10 00:00:00-04:00,33.47021920161373,33.52857300088576,32.87833995464331,33.10342025756836,2205200,0.0,0.0
2023-05-11 00:00:00-04:00,32.97837781718797,32.995050785584084,32.6115788725606,32.911685943603516,5698500,0.0,0.0
2023-05-12 00:00:00-04:00,32.90999407580395,33.05411474346326,32.511546432564465,32.58784484863281,4798300,0.658,0.0
2023-05-15 00:00:00-04:00,32.71500940843126,32.833695112795425,32.39286018662644,32.75739669799805,3046100,0.0,0.0
2023-05-16 00:00:00-04:00,32.579365264206295,32.740438243912095,31.4688002655557,31.477279663085938,5731500,0.0,0.0
2023-05-17 00:00:00-04:00,31.621396897711584,31.740082590903558,31.417936633366086,31.52814292907715,3258100,0.0,0.0
2023-05-18 00:00:00-04:00,31.367067064026685,31.502708305756677,31.044917902189596,31.409454345703125,3984600,0.0,0.0
2023-05-19 00:00:00-04:00,31.511186011609457,31.655306657097665,31.299246358906323,31.44336700439453,2756500,0.0,0.0
2023-05-22 00:00:00-04:00,31.384020079650572,31.485750194216745,31.18055661657619,31.256855010986328,3637400,0.0,0.0
2023-05-23 00:00:00-04:00,31.350112939924585,31.367068500159924,31.027963763337976,31.121217727661133,3350000,0.0,0.0
2023-05-24 00:00:00-04:00,31.095789702009323,31.222954801924896,30.91776114928178,31.02796745300293,3621300,0.0,0.0
2023-05-25 00:00:00-04:00,30.909282709826268,30.909282709826268,30.349762073941474,30.443016052246094,5058200,0.0,0.0
2023-05-26 00:00:00-04:00,30.578654539047697,30.68886407010498,30.392146599403468,30.41758155822754,5139400,0.0,0.0
2023-05-30 00:00:00-04:00,30.41757967509103,30.621039929431674,30.17172890331552,30.188684463500977,3060000,0.0,0.0
2023-05-31 00:00:00-04:00,30.01913496283279,30.086957210052596,29.773284167575117,29.841106414794922,3746700,0.0,0.0
2023-06-01 00:00:00-04:00,30.053045519191024,30.875369230581946,30.044566121477224,30.705820083618164,5705000,0.0,0.0
2023-06-02 00:00:00-04:00,31.11274586312971,31.78247603221632,30.968625198188455,31.731609344482422,6272300,0.0,0.0
2023-06-05 00:00:00-04:00,31.968978617536738,32.06223258851583,31.6298770904541,31.6298770904541,4150400,0.0,0.0
2023-06-06 00:00:00-04:00,31.477279682929915,31.977457417423125,31.468800285394327,31.943546295166016,2124700,0.0,0.0
2023-06-07 00:00:00-04:00,31.952022697667278,32.20635288255463,31.909635411500265,32.13005447387695,2424600,0.0,0.0
2023-06-08 00:00:00-04:00,32.2148287318757,32.409812833495515,32.0622319160093,32.401336669921875,2100900,0.0,0.0
2023-06-09 00:00:00-04:00,32.46914925986011,32.49458421343672,32.07070497183556,32.16395568847656,2384800,0.0,0.0
2023-06-12 00:00:00-04:00,32.028320251149125,32.045275811951726,31.638352054517018,31.79094886779785,2153100,0.0,0.0
2023-06-13 00:00:00-04:00,32.04527590657184,32.240260005463625,31.790948961667016,31.79942512512207,2516600,0.0,0.0
2023-06-14 00:00:00-04:00,31.87572601373513,32.1215768143261,31.214475258711097,31.24838638305664,5108100,0.0,0.0
2023-06-15 00:00:00-04:00,31.35859796969687,31.87572809702157,31.146658279599805,31.57901382446289,3052900,0.0,0.0
2023-06-16 00:00:00-04:00,31.67226241003974,31.89267822725704,31.646830686422255,31.77399253845215,3619000,0.0,0.0
2023-06-20 00:00:00-04:00,31.65530718302157,31.731605588620024,31.12121834383239,31.273815155029297,4296800,0.0,0.0
2023-06-21 00:00:00-04:00,31.19752018220205,31.443370986620277,30.97710433841035,31.307729721069336,3516000,0.0,0.0
2023-06-22 00:00:00-04:00,31.146650004878754,31.222948402401247,31.011008768610118,31.104259490966797,2499200,0.0,0.0
2023-06-23 00:00:00-04:00,30.943190021999598,30.960145582687495,30.654951958190395,30.680383682250977,2225500,0.0,0.0
2023-06-26 00:00:00-04:00,30.671911415913474,31.367073322728785,30.65495585307128,31.23990821838379,3631900,0.0,0.0
2023-06-27 00:00:00-04:00,31.214473139171513,31.316203271357605,30.96014619173499,31.14665412902832,2164600,0.0,0.0
2023-06-28 00:00:00-04:00,30.96014732455551,31.17208699416451,30.816026667571183,31.12969970703125,2288800,0.0,0.0
2023-06-29 00:00:00-04:00,31.163609540628777,31.392504786160092,31.104266688151352,31.36707305908203,2138600,0.0,0.0
2023-06-30 00:00:00-04:00,31.502712156226025,31.54509944308332,31.367070897917063,31.49423599243164,2262100,0.0,0.0
2023-07-03 00:00:00-04:00,31.60444222478696,31.72312792131404,31.502712089755562,31.63835334777832,975500,0.0,0.0
2023-07-05 00:00:00-04:00,31.612914657828043,31.65530193525751,31.07882590717922,31.189035415649414,4743700,0.0,0.0
2023-07-06 00:00:00-04:00,31.027962015511157,31.027962015511157,30.578651013383155,30.75667953491211,3821700,0.0,0.0
2023-07-07 00:00:00-04:00,30.595615118919156,31.036450081516357,30.57018338986612,30.87537384033203,3615900,0.0,0.0
2023-07-10 00:00:00-04:00,30.849937200804252,30.866892762121797,30.61256581024392,30.663429260253906,2604400,0.0,0.0
2023-07-11 00:00:00-04:00,30.807550152315077,30.917759684758607,30.68886445611866,30.849937438964844,2664900,0.0,0.0
2023-07-12 00:00:00-04:00,31.129701910823933,31.3162066342022,30.98558124363674,31.23990821838379,3628200,0.0,0.0
2023-07-13 00:00:00-04:00,31.36707528104906,31.680745128355472,31.28230069548835,31.64683723449707,2274500,0.0,0.0
2023-07-14 00:00:00-04:00,31.536617510115633,31.61291590607814,31.17208108873277,31.180557250976562,2287500,0.0,0.0
2023-07-17 00:00:00-04:00,31.214473269658964,31.265339952935946,30.917759035399747,30.92623519897461,2246200,0.0,0.0
2023-07-18 00:00:00-04:00,30.94319431159192,31.19752128928216,30.84146416730442,31.053403854370117,5157200,0.0,0.0
2023-07-19 00:00:00-04:00,31.19751702492076,31.341637674076058,31.138174179369322,31.231428146362305,1992500,0.0,0.0
2023-07-20 00:00:00-04:00,31.27381713574328,31.60444250296243,31.222953684751236,31.595966339111328,4198800,0.0,0.0
2023-07-21 00:00:00-04:00,31.621402751718897,31.799431324464933,31.49424087144738,31.706180572509766,2359400,0.0,0.0
2023-07-24 00:00:00-04:00,31.892681144141292,32.13005577740368,31.773995444481486,31.977458953857422,5791900,0.0,0.0
2023-07-25 00:00:00-04:00,31.94354864988447,31.977459774641336,31.570535979387486,31.765520095825195,6047400,0.0,0.0
2023-07-26 00:00:00-04:00,31.528152938417705,31.689229202266418,31.341648175881183,31.672273635864258,4907900,0.0,0.0
2023-07-27 00:00:00-04:00,31.62140551575766,31.723135675655783,31.121227648171978,31.172094345092773,4951200,0.0,0.0
2023-07-28 00:00:00-04:00,31.23143421679034,31.324688201909023,30.739732562143907,30.87537384033203,9124200,0.0,0.0
2023-07-31 00:00:00-04:00,31.05339807955949,31.333156732810853,31.019486959788907,31.1975154876709,6830800,0.0,0.0
2023-08-01 00:00:00-04:00,31.011014707961976,31.044922598066684,30.73125278548434,30.824506759643555,3495000,0.0,0.0
2023-08-02 00:00:00-04:00,30.64647646859208,30.739727203511876,30.324327276324507,30.68886375427246,7539800,0.0,0.0
2023-08-03 00:00:00-04:00,30.73125339774614,30.765164522469245,30.41758357891452,30.51083755493164,4943900,0.0,0.0
2023-08-04 00:00:00-04:00,30.6634270067784,30.9601444571155,30.409100073591176,30.468442916870117,7061600,0.0,0.0
2023-08-07 00:00:00-04:00,30.53626928150255,30.799075647192353,30.290418478174296,30.51083755493164,3300700,0.0,0.0
2023-08-08 00:00:00-04:00,30.400623176202718,30.54474058241545,30.01065500580579,30.536264419555664,5321700,0.0,0.0
2023-08-09 00:00:00-04:00,30.79907591222791,31.09579017125129,30.68038697467568,30.934717178344727,4331800,0.0,0.0
2023-08-10 00:00:00-04:00,31.06187558727463,31.282294641383515,30.799072482531173,30.900802612304688,3939100,0.0,0.0
2023-08-11 00:00:00-04:00,30.943191762913667,31.265340966223302,30.866893352496717,31.12969970703125,11639500,0.0,0.0
2023-08-14 00:00:00-04:00,31.1210646992813,31.2678231692928,30.594466395172706,30.72395896911621,8211200,0.66,0.0
2023-08-15 00:00:00-04:00,30.577201756277145,30.66353124016654,29.947011342983433,29.972911834716797,5024700,0.0,0.0
2023-08-16 00:00:00-04:00,29.877948760986328,30.13693060655582,29.8002538780022,29.877948760986328,6004300,0.0,0.0
2023-08-17 00:00:00-04:00,30.041967576304554,30.300949402461924,29.99017318695263,30.093765258789062,4529200,0.0,0.0
2023-08-18 00:00:00-04:00,29.998807742971444,30.18009471164181,29.869315169273783,30.102399826049805,4599600,0.0,0.0
2023-08-21 00:00:00-04:00,30.171462235793562,30.309586105566012,29.826150914796035,29.98154067993164,4603800,0.0,0.0
2023-08-22 00:00:00-04:00,29.955643813819467,30.111033580668792,29.584435292249736,29.610332489013672,2894600,0.0,0.0
2023-08-23 00:00:00-04:00,29.46358036652931,29.80888843394798,29.316821885698147,29.73119354248047,2672900,0.0,0.0
2023-08-24 00:00:00-04:00,29.54990366262174,29.80025420981737,29.49810597567796,29.50674057006836,3402800,0.0,0.0
2023-08-25 00:00:00-04:00,29.59306752624521,29.800254986285893,29.55853902718256,29.69666290283203,3588800,0.0,0.0
2023-08-28 00:00:00-04:00,29.782990864629927,30.067873227517257,29.77435956263326,29.947011947631836,6003200,0.0,0.0
2023-08-29 00:00:00-04:00,30.04196893064286,30.30958536251184,29.88657916931671,30.266422271728516,2587100,0.0,0.0
2023-08-30 00:00:00-04:00,30.421812867689958,30.603099829833237,30.395912378003185,30.439075469970703,2861500,0.0,0.0
2023-08-31 00:00:00-04:00,30.55993531907908,30.603098409042694,30.283687591552734,30.283687591552734,4711900,0.0,0.0
2023-09-01 00:00:00-04:00,30.473610707173627,30.80165617086577,30.473610707173627,30.654897689819336,6126700,0.0,0.0
2023-09-05 00:00:00-04:00,30.689425406726812,30.758488987015017,30.447709461983614,30.464975357055664,4631900,0.0,0.0
2023-09-06 00:00:00-04:00,28.70390054241987,29.109640942235764,28.40175553817414,28.669368743896484,36119700,0.0,0.0
2023-09-07 00:00:00-04:00,28.729791983376185,28.85928455530413,28.48807602845245,28.677997589111328,9020300,0.0,0.0
2023-09-08 00:00:00-04:00,28.859283835685908,29.144162876437747,28.772957651975126,28.95424461364746,7588100,0.0,0.0
2023-09-11 00:00:00-04:00,29.17869471487316,29.35135037570978,29.083733936756374,29.10099983215332,4700800,0.0,0.0
2023-09-12 00:00:00-04:00,29.230495859875003,29.48084643305516,29.170066865401616,29.472211837768555,7742600,0.0,0.0
2023-09-13 00:00:00-04:00,29.653496914114413,29.757092292091983,29.41178095176609,29.627599716186523,8158200,0.0,0.0
2023-09-14 00:00:00-04:00,29.990173663336698,30.508137323879122,29.869312402286337,30.49087142944336,8015300,0.0,0.0
2023-09-15 00:00:00-04:00,30.39591233065208,30.525404899485743,30.136930486117578,30.292320251464844,7581100,0.0,0.0
2023-09-18 00:00:00-04:00,30.456343610081962,30.46497820499155,30.041971969014604,30.23189353942871,3994400,0.0,0.0
2023-09-19 00:00:00-04:00,30.43044871098708,30.585838499770446,29.990179838189757,30.171466827392578,4509600,0.0,0.0
2023-09-20 00:00:00-04:00,30.12830372898238,30.60310439776119,30.111037830991638,30.171466827392578,3838100,0.0,0.0
2023-09-21 00:00:00-04:00,30.093767685115218,30.18009386975024,29.60170118780331,29.610332489013672,6155000,0.0,0.0
2023-09-22 00:00:00-04:00,29.73119123776739,29.98154179010407,29.59306736288042,29.800254821777344,4442500,0.0,0.0
2023-09-25 00:00:00-04:00,29.739825653573163,29.860683631731185,29.515372300022904,29.748456954956055,7060500,0.0,0.0
2023-09-26 00:00:00-04:00,29.56717165266529,29.57580295453422,29.05783922093785,29.083736419677734,5223400,0.0,0.0
2023-09-27 00:00:00-04:00,29.265025115722825,29.325454104953394,28.712526324977283,29.031940460205078,8275000,0.0,0.0
2023-09-28 00:00:00-04:00,29.031939496240295,29.118265679951076,28.80748614957975,28.95424461364746,3824600,0.0,0.0
2023-09-29 00:00:00-04:00,29.14416033648857,29.221855212310203,28.626196693099402,28.6520938873291,5026600,0.0,0.0
2023-10-02 00:00:00-04:00,28.608934965661224,28.626200862039695,27.357187116419,27.616168975830078,10210700,0.0,0.0
2023-10-03 00:00:00-04:00,27.40898130121657,27.49530913069116,26.93418070895591,27.253591537475586,9044600,0.0,0.0
2023-10-04 00:00:00-04:00,27.1327357406285,27.21043062873136,26.787426041597193,27.089570999145508,4984000,0.0,0.0
2023-10-05 00:00:00-04:00,26.934182604907974,27.51257696256578,26.908283760272607,27.40898323059082,3936600,0.0,0.0
2023-10-06 00:00:00-04:00,27.262226035394416,27.51257659045072,26.99461123071455,27.469411849975586,3681400,0.0,0.0
2023-10-09 00:00:00-04:00,27.806088085969296,28.039172740586622,27.693864702479146,27.944211959838867,3129700,0.0,0.0
2023-10-10 00:00:00-04:00,27.92694626995655,28.047807541975217,27.676599010750234,27.987375259399414,5041400,0.0,0.0
2023-10-11 00:00:00-04:00,28.013275182530634,28.367217810583462,27.970112089964754,28.324054718017578,2911400,0.0,0.0
2023-10-12 00:00:00-04:00,28.44491500783047,28.453546309792465,27.797458687287133,28.0996036529541,4227300,0.0,0.0
2023-10-13 00:00:00-04:00,28.3844841040173,28.40174999991219,28.013275575109418,28.25499153137207,4612300,0.0,0.0
2023-10-16 00:00:00-04:00,28.41038340413409,28.695265767786463,28.211830526346,28.617570877075195,4061700,0.0,0.0
2023-10-17 00:00:00-04:00,28.306788043902117,28.505340898751086,27.996008516961894,28.134132385253906,7698000,0.0,0.0
2023-10-18 00:00:00-04:00,28.099600339216686,28.099600339216686,27.573003713607342,27.780189514160156,7221100,0.0,0.0
2023-10-19 00:00:00-04:00,27.719761470559167,27.9528461215678,27.512575662962526,27.702495574951172,8209400,0.0,0.0
2023-10-20 00:00:00-04:00,27.633432924081625,27.64206751874314,27.31402207739809,27.469411849975586,7050100,0.0,0.0
2023-10-23 00:00:00-04:00,27.39171492946824,27.84924961856086,27.1672632353657,27.728391647338867,9783300,0.0,0.0
2023-10-24 00:00:00-04:00,27.87515199744295,27.918315091072614,27.58163835037508,27.737028121948242,6477000,0.0,0.0
2023-10-25 00:00:00-04:00,27.607536731609507,27.9528480817181,27.46941285019269,27.849252700805664,6242100,0.0,0.0
2023-10-26 00:00:00-04:00,27.676597413412082,27.849249777208342,27.521206004922874,27.624799728393555,4770400,0.0,0.0
2023-10-27 00:00:00-04:00,27.762923897586727,27.797455687975056,27.029139817498724,27.098201751708984,5452200,0.0,0.0
2023-10-30 00:00:00-04:00,27.305391772051586,27.607538398354777,27.16726788229584,27.50394630432129,4424000,0.0,0.0
2023-10-31 00:00:00-04:00,27.521206758127352,27.719761262999697,27.348552743039498,27.659332275390625,4714500,0.0,0.0
2023-11-01 00:00:00-04:00,27.780192183922217,28.021908151180295,27.57300636345821,27.97011375427246,7240000,0.0,0.0
2023-11-02 00:00:00-04:00,28.194564129306535,29.05783921384517,28.185932827439714,28.928346633911133,6862900,0.0,0.0
2023-11-03 00:00:00-04:00,29.265022642571058,29.49810398525845,29.006037518460353,29.204593658447266,11494500,0.0,0.0
2023-11-06 00:00:00-05:00,29.394514646029684,29.44631233429703,29.161429988526056,29.221858978271484,4267000,0.0,0.0
2023-11-07 00:00:00-05:00,28.97151282625146,29.20459749267282,28.885183342502945,29.040573120117188,4131000,0.0,0.0
2023-11-08 00:00:00-05:00,28.893818856889457,29.204598422007415,28.833389862909097,28.971513748168945,3760900,0.0,0.0
2023-11-09 00:00:00-05:00,29.10099920964814,29.290920761819056,28.798854279496908,28.807485580444336,3174700,0.0,0.0
2023-11-10 00:00:00-05:00,28.936979456600564,29.040571538323203,28.574402230871982,28.83338737487793,3319500,0.0,0.0
2023-11-13 00:00:00-05:00,28.833383843367766,29.221854925530977,28.747054374895107,29.187326431274414,7615200,0.0,0.0
2023-11-14 00:00:00-05:00,29.612374514427312,29.638773772888907,29.189966237186418,29.277969360351562,13770200,0.643,0.0
2023-11-15 00:00:00-05:00,29.3219696318829,29.665173424333734,29.277969748205397,29.392372131347656,4784400,0.0,0.0
2023-11-16 00:00:00-05:00,29.286767668626762,29.427569307149938,28.829161504182487,28.95236587524414,9590000,0.0,0.0
2023-11-17 00:00:00-05:00,29.233970561184996,29.753177257694684,29.16356806004252,29.638774871826172,7474100,0.0,0.0
2023-11-20 00:00:00-05:00,29.65637549711179,29.788375151289898,29.559573736528897,29.638774871826172,9946300,0.0,0.0
2023-11-21 00:00:00-05:00,29.65637282113136,29.885174215246952,29.550772435922294,29.79717445373535,5787700,0.0,0.0
2023-11-22 00:00:00-05:00,29.577174705983246,29.911579876349204,29.48917157853112,29.85877799987793,6390700,0.0,0.0
2023-11-24 00:00:00-05:00,29.90277706902935,30.219581605258867,29.893978435012297,30.122779846191406,1684600,0.0,0.0
2023-11-27 00:00:00-05:00,29.98197898618671,30.069978756559614,29.78837546299506,29.867576599121094,9124500,0.0,0.0
2023-11-28 00:00:00-05:00,29.96437648631033,30.254781752931653,29.920376603876267,30.052379608154297,4345600,0.0,0.0
2023-11-29 00:00:00-05:00,30.228380940299925,30.536386849655326,30.228380940299925,30.369182586669922,4881500,0.0,0.0
2023-11-30 00:00:00-05:00,30.483587208198536,30.765190521583293,30.28118503651426,30.685989379882812,4976600,0.0,0.0
2023-12-01 00:00:00-05:00,30.68599274638647,31.09080049114203,30.68599274638647,30.958797454833984,7287800,0.0,0.0
2023-12-04 00:00:00-05:00,30.76519165366251,31.064395604765778,30.721191763760114,30.932395935058594,10479000,0.0,0.0
2023-12-05 00:00:00-05:00,30.87079235384254,31.05559388727671,30.817990477014455,30.87959098815918,4526300,0.0,0.0
2023-12-06 00:00:00-05:00,30.923592804984256,31.05559582681049,30.677190745016667,30.685989379882812,4025100,0.0,0.0
2023-12-07 00:00:00-05:00,30.791593927958942,30.791593927958942,30.562789131869508,30.6243896484375,2905100,0.0,0.0
2023-12-08 00:00:00-05:00,30.68598630691883,30.76518744068793,30.57158728023365,30.7299861907959,3169300,0.0,0.0
2023-12-11 00:00:00-05:00,30.756396108084406,30.85319788977968,30.650795690315363,30.791597366333008,3911400,0.0,0.0
2023-12-12 00:00:00-05:00,30.773989503534025,30.90598915547356,30.307581333814962,30.51878547668457,3926700,0.0,0.0
2023-12-13 00:00:00-05:00,30.58918450974536,31.284394087847197,30.45718485828012,31.222793579101562,8110200,0.0,0.0
2023-12-14 00:00:00-05:00,31.53080296646722,31.671604624452165,31.19639776988686,31.29319953918457,7858100,0.0,0.0
2023-12-15 00:00:00-05:00,31.205195290568643,31.328396317284206,30.99399448962088,31.134796142578125,5660400,0.0,0.0
2023-12-18 00:00:00-05:00,31.425198003873692,31.48679851707612,31.152396690256133,31.249195098876953,3783900,0.0,0.0
2023-12-19 00:00:00-05:00,31.319600550561105,31.733206912673683,31.30199992270775,31.610002517700195,3457100,0.0,0.0
2023-12-20 00:00:00-05:00,31.68040324643161,31.777205015689695,31.099595987859416,31.108394622802734,5787900,0.0,0.0
2023-12-21 00:00:00-05:00,31.240397983377036,31.530803294289477,31.222797356323888,31.513202667236328,4596800,0.0,0.0
2023-12-22 00:00:00-05:00,31.618795794868294,31.87399979293403,31.565993925862273,31.733198165893555,3414500,0.0,0.0
2023-12-26 00:00:00-05:00,31.768398290864294,32.11160542809588,31.72439840875024,31.96200180053711,2395000,0.0,0.0
2023-12-27 00:00:00-05:00,31.90039752012119,32.138000883797766,31.821196398895665,31.95319938659668,3133500,0.0,0.0
2023-12-28 00:00:00-05:00,31.891602723654852,32.10280350101054,31.67159995567344,31.75080108642578,3418100,0.0,0.0
2023-12-29 00:00:00-05:00,31.75079800723248,31.79479788516649,31.627593649251555,31.697996139526367,3506600,0.0,0.0
2024-01-02 00:00:00-05:00,31.70680118478305,31.962005228179077,31.636402037246043,31.94440460205078,4183500,0.0,0.0
2024-01-03 00:00:00-05:00,31.838805346843596,32.19960980300393,31.83000335497493,32.09400939941406,3128500,0.0,0.0
2024-01-04 00:00:00-05:00,32.25240245956628,32.46360320634566,32.09400022099407,32.120399475097656,5765200,0.0,0.0
2024-01-05 00:00:00-05:00,32.261204545013555,32.54280780884431,32.13800353670957,32.29640579223633,2642700,0.0,0.0
2024-01-08 00:00:00-05:00,32.29641212889671,32.79801825082296,32.102808588161544,32.745216369628906,4590900,0.0,0.0
2024-01-09 00:00:00-05:00,32.666008817148295,32.70121006437107,32.28760380194279,32.29640579223633,2962400,0.0,0.0
2024-01-10 00:00:00-05:00,32.322808471326866,32.586811139497385,32.278808586127795,32.472412109375,5880800,0.0,0.0
2024-01-11 00:00:00-05:00,32.52520561247608,32.58680611364938,32.03240160308967,32.22600173950195,3650800,0.0,0.0
2024-01-12 00:00:00-05:00,32.630813210968846,32.674813094589325,32.36680719529408,32.41960906982422,2857700,0.0,0.0
2024-01-16 00:00:00-05:00,32.34040832670134,32.69241411386399,32.173207424135875,32.24360656738281,4141900,0.0,0.0
2024-01-17 00:00:00-05:00,31.988401087052377,32.05000159346237,31.6539992971055,31.759599685668945,6574600,0.0,0.0
2024-01-18 00:00:00-05:00,31.715602533383553,31.91800469429151,31.416398609220458,31.4955997467041,7443800,0.0,0.0
2024-01-19 00:00:00-05:00,31.495598930174815,31.74200097063542,31.3635959187989,31.662799835205078,6381400,0.0,0.0
2024-01-22 00:00:00-05:00,31.671600694630218,31.75960046108565,31.43399729682947,31.504396438598633,8502700,0.0,0.0
2024-01-23 00:00:00-05:00,31.521994061032633,31.72439619018344,31.451594925968504,31.53079605102539,5420900,0.0,0.0
2024-01-24 00:00:00-05:00,31.794800593664675,31.794800593664675,31.205191436800433,31.240392684936523,5627800,0.0,0.0
2024-01-25 00:00:00-05:00,31.389995962379924,31.47799909115412,31.293197556192478,31.407596588134766,8512500,0.0,0.0
2024-01-26 00:00:00-05:00,31.433995400095757,31.69799804050798,31.37239489589876,31.6011962890625,4115900,0.0,0.0
2024-01-29 00:00:00-05:00,31.60119706731429,31.653998939487384,31.372395668515793,31.636398315429688,4097400,0.0,0.0
2024-01-30 00:00:00-05:00,31.539598814974774,31.75960159595061,31.398797169429283,31.662799835205078,6881800,0.0,0.0
2024-01-31 00:00:00-05:00,31.68039821571028,31.82119985127885,31.205191436800433,31.240392684936523,5385500,0.0,0.0
2024-02-01 00:00:00-05:00,31.389997113185167,31.7420029272348,31.28439671176077,31.557201385498047,4457300,0.0,0.0
2024-02-02 00:00:00-05:00,31.389997193991935,31.434000438593593,30.81799194090907,31.064393997192383,5092100,0.0,0.0
2024-02-05 00:00:00-05:00,30.94119277598842,30.949991410668105,30.404385422169632,30.430788040161133,6262600,0.0,0.0
2024-02-06 00:00:00-05:00,30.457186484678292,30.729987793126146,30.369183355359525,30.50118637084961,3344000,0.0,0.0
2024-02-07 00:00:00-05:00,30.545183955019464,30.650787702243285,30.22837942729976,30.289979934692383,6189200,0.0,0.0
2024-02-08 00:00:00-05:00,30.27238344420781,30.35158457817079,30.078779926303646,30.22838020324707,6682400,0.0,0.0
2024-02-09 00:00:00-05:00,30.377983873373623,30.413185123393784,29.876377810002218,30.122779846191406,6800800,0.0,0.0
2024-02-12 00:00:00-05:00,30.21078626692816,30.800392162693946,30.069981251487132,30.703590393066406,9441600,0.0,0.0
2024-02-13 00:00:00-05:00,30.589187748546845,30.668388890602234,29.79717968496926,30.087581634521484,14184100,0.0,0.0
2024-02-14 00:00:00-05:00,30.20877793422666,30.415256530997233,29.840706796577116,29.9215030670166,14366400,0.675,0.0
2024-02-15 00:00:00-05:00,29.939456563451724,30.621736982848425,29.912525613202586,30.53196144104004,4848200,0.0,0.0
2024-02-16 00:00:00-05:00,30.4960503338369,30.971848652044176,30.487071068633217,30.900028228759766,5510100,0.0,0.0
2024-02-20 00:00:00-05:00,30.747417533474692,31.11548867207443,30.702531477467222,30.917985916137695,10087900,0.0,0.0
2024-02-21 00:00:00-05:00,30.9359427977493,31.268107165345857,30.917987689399208,31.241172790527344,6901700,0.0,0.0
2024-02-22 00:00:00-05:00,31.232192691108846,31.37583011374233,31.052645056670414,31.330944061279297,13236000,0.0,0.0
2024-02-23 00:00:00-05:00,31.268107165345857,31.31299322392771,31.01673907303133,31.241172790527344,5722500,0.0,0.0
2024-02-26 00:00:00-05:00,31.20525928137677,31.223214387832428,30.792302106655825,30.873098373413086,9690900,0.0,0.0
2024-02-27 00:00:00-05:00,31.079580341335685,31.21424194210722,30.882080998014004,30.96287727355957,3920900,0.0,0.0
2024-02-28 00:00:00-05:00,30.882077497120278,30.962873763506515,30.74741591161442,30.86412239074707,3099800,0.0,0.0
2024-02-29 00:00:00-05:00,30.873097282321247,31.052644915946004,30.828211230061626,30.900028228759766,8208900,0.0,0.0
2024-03-01 00:00:00-05:00,30.900032581049118,31.321969065809377,30.855146522467265,31.241172790527344,5218800,0.0,0.0
2024-03-04 00:00:00-05:00,31.241170488629443,31.3309460237651,31.052647001724317,31.169353485107422,3683500,0.0,0.0
2024-03-05 00:00:00-05:00,31.187308314001875,31.44764880210727,31.151398100267865,31.223215103149414,3956100,0.0,0.0
2024-03-06 00:00:00-05:00,31.474585955973325,31.788791792444737,31.402765522158845,31.465606689453125,4422700,0.0,0.0
2024-03-07 00:00:00-05:00,31.71697238101366,32.111974463316024,31.672082900986098,32.04913330078125,6232700,0.0,0.0
2024-03-08 00:00:00-05:00,32.23765347296653,32.28253952379136,32.04913000475054,32.17481231689453,4889500,0.0,0.0
2024-03-11 00:00:00-04:00,32.192761686568915,32.34537491710048,32.06707939681691,32.33639907836914,3646600,0.0,0.0
2024-03-12 00:00:00-04:00,32.31844995395198,32.43515642655872,32.21072274632294,32.39924621582031,3505900,0.0,0.0
2024-03-13 00:00:00-04:00,32.54288130401428,32.686518712096834,32.41719900001529,32.444129943847656,2594400,0.0,0.0
2024-03-14 00:00:00-04:00,32.48902408681548,32.48902408681548,31.85163314367173,32.02220153808594,3952600,0.0,0.0
2024-03-15 00:00:00-04:00,31.94140422806548,32.120948439404096,31.851628697809858,31.88753890991211,3791000,0.0,0.0
2024-03-18 00:00:00-04:00,31.88753890991211,31.93242496274676,31.734922220770706,31.88753890991211,5164200,0.0,0.0
2024-03-19 00:00:00-04:00,31.842656181718166,32.17481711687857,31.761859908345453,32.09402084350586,2761000,0.0,0.0
2024-03-20 00:00:00-04:00,31.959354695740267,32.40822205621182,31.887537698849634,32.39924621582031,3625000,0.0,0.0
2024-03-21 00:00:00-04:00,32.34538301823688,32.524930659102566,32.08504253479737,32.12992858886719,3466400,0.0,0.0
2024-03-22 00:00:00-04:00,32.08504331622201,32.138905212583026,31.75287897392546,31.82469940185547,3118200,0.0,0.0
2024-03-25 00:00:00-04:00,31.977312540994518,32.318452723066656,31.932426486018667,32.26458740234375,4290100,0.0,0.0
2024-03-26 00:00:00-04:00,32.318451556128906,32.32742739696539,31.959356280115156,32.00424575805664,2572100,0.0,0.0
2024-03-27 00:00:00-04:00,32.00424877376848,32.309478759765625,31.81572185257416,32.309478759765625,5966700,0.0,0.0
2024-03-28 00:00:00-04:00,32.36333123380809,32.551854675511755,32.28253498385143,32.480037689208984,3883700,0.0,0.0
2024-04-01 00:00:00-04:00,32.51594846731438,32.51594846731438,32.07605700433959,32.16583251953125,4721300,0.0,0.0
2024-04-02 00:00:00-04:00,32.21969851021369,32.26458456123704,31.950378779487455,32.18378829956055,4438100,0.0,0.0
2024-04-03 00:00:00-04:00,32.210724856027426,32.3723173903479,32.004246267637136,32.12992858886719,3739600,0.0,0.0
2024-04-04 00:00:00-04:00,32.174815513767236,32.22868083486076,31.833675329347923,31.995267868041992,3854500,0.0,0.0
2024-04-05 00:00:00-04:00,31.869585908388988,31.87856174971412,31.537424985974518,31.73492431640625,3643900,0.0,0.0
2024-04-08 00:00:00-04:00,31.797766182519293,31.86061077153092,31.528446417185453,31.63617706298828,3246000,0.0,0.0
2024-04-09 00:00:00-04:00,31.663108403713277,31.770835626261718,31.519470965453134,31.70799446105957,3295800,0.0,0.0
2024-04-10 00:00:00-04:00,31.429690164816876,31.438669429534993,30.77434424842378,31.00775718688965,6514400,0.0,0.0
2024-04-11 00:00:00-04:00,31.070604216336758,31.097535166410985,30.63071262579951,31.016738891601562,4349100,0.0,0.0
2024-04-12 00:00:00-04:00,30.998779920868614,31.241168715094926,30.46014043897879,30.684574127197266,4923000,0.0,0.0
2024-04-15 00:00:00-04:00,30.747415118747288,30.92696275326307,30.172865427965817,30.298547744750977,4758800,0.0,0.0
2024-04-16 00:00:00-04:00,30.17286589224928,30.20877610462226,29.580361086440465,29.598316192626953,8660800,0.0,0.0
2024-04-17 00:00:00-04:00,29.75093126020738,29.975364964251895,29.49058734161497,29.9215030670166,7825400,0.0,0.0
2024-04-18 00:00:00-04:00,29.96638599887994,30.478094516788346,29.93945162848368,30.433208465576172,7831900,0.0,0.0
2024-04-19 00:00:00-04:00,30.460144517341558,31.348900123915467,30.451165250842237,31.2950382232666,10628100,0.0,0.0
2024-04-22 00:00:00-04:00,31.339922230956244,31.75287942364305,31.08855757881411,31.73492431640625,12530500,0.0,0.0
2024-04-23 00:00:00-04:00,31.663109462617918,31.89651902337653,31.582313186857863,31.797767639160156,12397900,0.0,0.0
2024-04-24 00:00:00-04:00,31.83367410192032,32.067087059739265,31.618219675026616,32.013221740722656,8010300,0.0,0.0
2024-04-25 00:00:00-04:00,31.81571485350515,32.632653250341804,31.699011814375574,32.551856994628906,10012100,0.0,0.0
2024-04-26 00:00:00-04:00,32.542886590604176,32.632658701019515,32.11197429635483,32.1568603515625,4385200,0.0,0.0
2024-04-29 00:00:00-04:00,32.30049447283612,32.327425418283546,32.04015058489047,32.28253936767578,9231500,0.0,0.0
2024-04-30 00:00:00-04:00,32.21072465008564,32.21072465008564,31.905494689941406,31.905494689941406,8323800,0.0,0.0
2024-05-01 00:00:00-04:00,31.932430937952393,32.237660948763605,31.690042097785813,31.95038604736328,7581800,0.0,0.0
2024-05-02 00:00:00-04:00,32.219701077156614,32.74038889935188,32.094018754443674,32.695499420166016,5114800,0.0,0.0
2024-05-03 00:00:00-04:00,32.9199307938584,33.16231958108821,32.56083895782572,32.623680114746094,4208000,0.0,0.0
2024-05-06 00:00:00-04:00,32.82118536820371,33.027663960293026,32.803230261336836,32.9199333190918,4022000,0.0,0.0
2024-05-07 00:00:00-04:00,33.063568115234375,33.14436094445056,32.97379259735109,33.063568115234375,4422200,0.0,0.0
2024-05-08 00:00:00-04:00,32.92891496850272,33.70096749673378,32.85709453583624,33.42266845703125,5838000,0.0,0.0
2024-05-09 00:00:00-04:00,33.51243292002968,33.700956356581,33.485498554389785,33.539363861083984,4940300,0.0,0.0
2024-05-10 00:00:00-04:00,34.14982978923891,34.44608046794992,33.79971379413217,33.93437194824219,6880200,0.0,0.0
2024-05-13 00:00:00-04:00,34.185741215046825,34.21267216190865,33.754825517739704,33.961307525634766,12823500,0.0,0.0
2024-05-14 00:00:00-04:00,33.741961044419455,34.01614012859215,33.54090079871319,33.805938720703125,11445100,0.67,0.0
2024-05-15 00:00:00-04:00,33.906467100390316,34.034418966625786,33.62315382669862,33.805938720703125,7338400,0.0,0.0
2024-05-16 00:00:00-04:00,33.66884899431244,33.82421388725008,33.45864758757407,33.595733642578125,5709200,0.0,0.0
2024-05-17 00:00:00-04:00,33.68712931251324,33.72368698998681,33.47692789653828,33.58659744262695,7893600,0.0,0.0
2024-05-20 00:00:00-04:00,33.58659715716885,33.70540786478213,33.550039480006,33.614013671875,2704600,0.0,0.0
2024-05-21 00:00:00-04:00,33.62315483433171,33.76024089419443,33.385533419105144,33.614013671875,7873200,0.0,0.0
2024-05-22 00:00:00-04:00,33.51348171090249,33.65971241915273,33.35811681288457,33.458648681640625,6600400,0.0,0.0
2024-05-23 00:00:00-04:00,33.52262425603323,33.60487728965067,32.80062579276145,32.873741149902344,6789600,0.0,0.0
2024-05-24 00:00:00-04:00,33.04737949732736,33.23930204898512,33.00168414974193,33.1204948425293,3053300,0.0,0.0
2024-05-28 00:00:00-04:00,33.147920972087874,33.23931169377687,32.9011618399285,33.00169372558594,4506100,0.0,0.0
2024-05-29 00:00:00-04:00,32.901161921709324,32.901161921709324,32.53559206137953,32.608707427978516,3301300,0.0,0.0
2024-05-30 00:00:00-04:00,32.70923610402431,32.91943753286981,32.58128771136464,32.68181610107422,3430500,0.0,0.0
2024-05-31 00:00:00-04:00,32.873740074591446,33.46778664343521,32.66353865918531,33.43123245239258,5358600,0.0,0.0
2024-06-03 00:00:00-04:00,33.21188303337912,33.44950091470487,33.20274535908367,33.29413604736328,4811700,0.0,0.0
2024-06-04 00:00:00-04:00,33.111358511737706,33.14791618967197,32.745792191391224,32.92857360839844,4853700,0.0,0.0
2024-06-05 00:00:00-04:00,33.074801866369114,33.1844749035958,32.96513231547459,33.15705490112305,4871200,0.0,0.0
2024-06-06 00:00:00-04:00,33.00168671942113,33.330698825785284,32.9651290439736,33.074798583984375,4191700,0.0,0.0
2024-06-07 00:00:00-04:00,32.90115869301383,32.9102963697757,32.63612074460037,32.68181610107422,4015000,0.0,0.0
2024-06-10 00:00:00-04:00,32.72751930938942,32.72751930938942,32.526455530486,32.59956741333008,4519100,0.0,0.0
2024-06-11 00:00:00-04:00,32.5173142574876,32.5173142574876,32.26141397999317,32.41678237915039,4648900,0.0,0.0
2024-06-12 00:00:00-04:00,32.7549311314222,32.90115836246877,32.50817202534382,32.5812873840332,5115900,0.0,0.0
2024-06-13 00:00:00-04:00,32.471617105533944,32.51731595176453,32.243136819710976,32.32538986206055,3019100,0.0,0.0
2024-06-14 00:00:00-04:00,32.197444276402905,32.215723119227654,31.97810513517155,32.0969123840332,6904200,0.0,0.0
2024-06-17 00:00:00-04:00,32.005515638947884,32.05121099425225,31.758756536705707,31.850147247314453,3358600,0.0,0.0
2024-06-18 00:00:00-04:00,31.850150162954233,31.978102050384493,31.731342925553392,31.804454803466797,5755300,0.0,0.0
2024-06-20 00:00:00-04:00,31.7953162260099,31.96895998167946,31.621668984007975,31.758758544921875,4787900,0.0,0.0
2024-06-21 00:00:00-04:00,31.850146441473022,31.868425280398725,31.630807347028682,31.71306037902832,4597300,0.0,0.0
2024-06-24 00:00:00-04:00,31.804457871502866,32.17916543357816,31.69478830088719,32.0969123840332,5119800,0.0,0.0
2024-06-25 00:00:00-04:00,32.09690748417155,32.14260284109125,31.841010696355497,31.98723793029785,5242400,0.0,0.0
2024-06-26 00:00:00-04:00,31.86842957598975,32.3528101569811,31.722202331205995,32.2979736328125,4978600,0.0,0.0
2024-06-27 00:00:00-04:00,32.38022190136035,32.38022190136035,32.14260048466676,32.224853515625,3579600,0.0,0.0
2024-06-28 00:00:00-04:00,32.3253911503732,32.5812914513998,32.27969578865394,32.52645492553711,4374200,0.0,0.0
2024-07-01 00:00:00-04:00,32.590422156289264,32.81890240233345,32.22485236808581,32.23399353027344,3513700,0.0,0.0
2024-07-02 00:00:00-04:00,32.371084013222465,32.78234920961366,32.34366749557383,32.727516174316406,4763200,0.0,0.0
2024-07-03 00:00:00-04:00,32.855457542612605,33.1204954442877,32.72750917251611,32.800621032714844,2220400,0.0,0.0
2024-07-05 00:00:00-04:00,32.83718561512914,32.873743296086275,32.47161577822244,32.54473114013672,2954500,0.0,0.0
2024-07-08 00:00:00-04:00,32.544731313835904,32.563010154412034,32.26141451440447,32.334529876708984,2843400,0.0,0.0
2024-07-09 00:00:00-04:00,32.30710987267861,32.37108407152888,32.07862959497556,32.334529876708984,2650400,0.0,0.0
2024-07-10 00:00:00-04:00,32.35280253085814,32.70008997639999,32.297966019615465,32.69095230102539,2303900,0.0,0.0
2024-07-11 00:00:00-04:00,32.76406769943926,32.86459957106932,32.65439815144831,32.7183723449707,3930100,0.0,0.0
2024-07-12 00:00:00-04:00,32.86459770177572,33.08394027161377,32.68181280796599,32.99254608154297,2917700,0.0,0.0
2024-07-15 00:00:00-04:00,33.08394364670631,33.09308132347964,32.67267846526174,32.70923614501953,3119800,0.0,0.0
2024-07-16 00:00:00-04:00,32.81889906979947,33.01082162026852,32.608697683143156,32.9102897644043,2857600,0.0,0.0
2024-07-17 00:00:00-04:00,32.81889927306865,33.248443210301126,32.81889927306865,33.1204948425293,5535600,0.0,0.0
2024-07-18 00:00:00-04:00,33.04738301927378,33.312420944379255,32.95599231436317,33.14791488647461,5934600,0.0,0.0
2024-07-19 00:00:00-04:00,33.047381456167535,33.531758444680726,32.9651284311057,33.39467239379883,6508400,0.0,0.0
2024-07-22 00:00:00-04:00,33.46778440319582,33.66884812896566,33.34897718917889,33.577457427978516,6790900,0.0,0.0
2024-07-23 00:00:00-04:00,33.559185167973325,33.58660168637663,33.29414720229981,33.321563720703125,4664800,0.0,0.0
2024-07-24 00:00:00-04:00,33.312422888185715,33.623156183878024,33.239307530925345,33.42209243774414,3602000,0.0,0.0
2024-07-25 00:00:00-04:00,33.385532568159455,33.550038624867305,33.19360999744426,33.20275115966797,3503100,0.0,0.0
2024-07-26 00:00:00-04:00,33.39467539236625,33.623155650683486,33.24844816649651,33.50434494018555,3064500,0.0,0.0
2024-07-29 00:00:00-04:00,33.577457667567785,33.68712720680125,33.42208929118291,33.522621154785156,3556400,0.0,0.0
2024-07-30 00:00:00-04:00,33.55004322759679,34.08011914667249,33.531764386973585,34.00700378417969,5288500,0.0,0.0
2024-07-31 00:00:00-04:00,34.19892120361328,34.33601074436617,34.0435563113364,34.19892120361328,4627200,0.0,0.0
2024-08-01 00:00:00-04:00,34.26289783285696,34.399983883091274,34.00699759702244,34.363426208496094,5788500,0.0,0.0
2024-08-02 00:00:00-04:00,34.08011464152252,34.7381353853102,33.9247462599301,34.692440032958984,10451300,0.0,0.0
2024-08-05 00:00:00-04:00,33.586592862670585,34.44567724816022,33.35811263911501,34.08924865722656,5973800,0.0,0.0
2024-08-06 00:00:00-04:00,34.17150841509651,35.12198716922267,33.851637433579164,34.98489761352539,7570200,0.0,0.0
2024-08-07 00:00:00-04:00,35.131125255260194,35.48755740695913,34.92092382405248,35.14026641845703,5357000,0.0,0.0
2024-08-08 00:00:00-04:00,35.19509638889007,35.46927547961399,35.10370568287008,35.39616012573242,3912100,0.0,0.0
2024-08-09 00:00:00-04:00,35.4053042815306,35.59722687219816,35.149404007641586,35.50583267211914,3740300,0.0,0.0
2024-08-12 00:00:00-04:00,35.6337808635625,35.81656227213523,35.514970158924704,35.68861389160156,3232000,0.0,0.0
2024-08-13 00:00:00-04:00,35.69776195699179,36.09074833681551,35.64292543201666,35.981075286865234,4966100,0.0,0.0
2024-08-14 00:00:00-04:00,36.09988259724342,36.30094635012021,35.91709768429473,36.13644027709961,7695100,0.0,0.0
2024-08-15 00:00:00-04:00,36.088100442111696,36.09739869300707,35.73484137920447,35.85569381713867,4102300,0.668,0.0
2024-08-16 00:00:00-04:00,35.90216780336122,36.013725516044,35.781318933986064,35.976539611816406,3323400,0.0,0.0
2024-08-19 00:00:00-04:00,36.023022716117026,36.450650005648676,35.97654210573198,36.37628173828125,8183500,0.0,0.0
2024-08-20 00:00:00-04:00,36.34839101138478,36.46924343696423,36.23683683575015,36.301910400390625,5534800,0.0,0.0
2024-08-21 00:00:00-04:00,36.44135813112371,36.562210564501584,36.21824621921405,36.25543212890625,2678600,0.0,0.0
2024-08-22 00:00:00-04:00,36.25543188840604,36.32980370729709,36.115986501107066,36.29261779785156,6150000,0.0,0.0
2024-08-23 00:00:00-04:00,36.54361638908165,36.92476308508736,36.48783752640639,36.86898422241211,5943900,0.0,0.0
2024-08-26 00:00:00-04:00,36.98984058408309,37.23154192221725,36.96194937665868,37.082801818847656,3815900,0.0,0.0
2024-08-27 00:00:00-04:00,36.98054011951535,37.14787316907145,36.87828063964844,36.87828063964844,2744200,0.0,0.0
2024-08-28 00:00:00-04:00,36.757434107217414,36.85969359363951,36.50643451679329,36.599395751953125,2715700,0.0,0.0
2024-08-29 00:00:00-04:00,36.7109502965455,36.84109743294668,36.534319000363745,36.776023864746094,2006900,0.0,0.0
2024-08-30 00:00:00-04:00,36.82249974664086,37.48253359428683,36.645868473155986,37.352386474609375,4767400,0.0,0.0
2024-09-03 00:00:00-04:00,37.15716947083741,37.491835552396324,36.86898400144092,37.3709831237793,3452900,0.0,0.0
2024-09-04 00:00:00-04:00,37.37098337092563,37.807905383634036,37.35239041668901,37.56620407104492,3164400,0.0,0.0
2024-09-05 00:00:00-04:00,37.68705243721547,37.93805197298298,37.57549472382345,37.60338592529297,3443100,0.0,0.0
2024-09-06 00:00:00-04:00,37.547607421875,37.891568175795754,37.370979693373656,37.547607421875,3555700,0.0,0.0
2024-09-09 00:00:00-04:00,37.63127484670274,37.93805324948846,37.59408894098753,37.91946029663086,2731800,0.0,0.0
2024-09-10 00:00:00-04:00,37.92875306056028,37.95664426154213,37.22223861931271,37.426753997802734,2978600,0.0,0.0
2024-09-11 00:00:00-04:00,37.389572025928636,37.445347335981744,36.96194122014446,37.408164978027344,2823200,0.0,0.0
2024-09-12 00:00:00-04:00,37.53831213072362,37.659161000110934,37.38957206004129,37.64057159423828,2331900,0.0,0.0
2024-09-13 00:00:00-04:00,37.64057344931524,37.91946065230889,37.631275199677646,37.86368179321289,2604200,0.0,0.0
2024-09-16 00:00:00-04:00,38.01242423776711,38.309904412313,37.97523832938802,38.28201675415039,3943600,0.0,0.0
2024-09-17 00:00:00-04:00,38.254127964024455,38.32849623233862,37.89157068742174,37.947349548339844,2372100,0.0,0.0
2024-09-18 00:00:00-04:00,37.94734804701747,38.04030926529315,37.6498678930435,37.668460845947266,3381700,0.0,0.0
2024-09-19 00:00:00-04:00,37.798606960004115,37.97523468850546,37.333793788559774,37.547607421875,3931300,0.0,0.0
2024-09-20 00:00:00-04:00,37.454647206918665,37.7149414550851,37.31520183326198,37.668460845947266,3648100,0.0,0.0
2024-09-23 00:00:00-04:00,37.742830249498624,38.04031041244347,37.631276074955124,38.00312805175781,2640100,0.0,0.0
2024-09-24 00:00:00-04:00,38.114678517933186,38.189050324555026,37.87297723889806,37.98453140258789,2339800,0.0,0.0
2024-09-25 00:00:00-04:00,38.08679102017764,38.24482579053448,38.0403068677264,38.19834518432617,2713600,0.0,0.0
2024-09-26 00:00:00-04:00,38.14256664389966,38.24482610614759,37.67775348549487,37.910160064697266,3079600,0.0,0.0
2024-09-27 00:00:00-04:00,37.928755474524756,38.040309646823054,37.724240083018415,37.845088958740234,2622100,0.0,0.0
2024-09-30 00:00:00-04:00,37.77071773801277,37.900864853220575,37.49183055596134,37.75212478637695,3013400,0.0,0.0
2024-10-01 00:00:00-04:00,37.835796729204546,38.24483108520508,37.677758390725714,38.24483108520508,3082000,0.0,0.0
2024-10-02 00:00:00-04:00,38.30061069845959,38.44005253912081,37.91016574287247,38.17046356201172,2236800,0.0,0.0
2024-10-03 00:00:00-04:00,38.058902361571995,38.0867935641543,37.64057333151234,37.88227462768555,2914200,0.0,0.0
2024-10-04 00:00:00-04:00,37.910161836713804,38.207641988298406,37.7614217609215,38.18905258178711,2297000,0.0,0.0
2024-10-07 00:00:00-04:00,38.11468258485085,38.19834910310635,37.76142355818947,37.947349548339844,2509800,0.0,0.0
2024-10-08 00:00:00-04:00,37.78931068964859,37.84508599831312,37.53831116192943,37.75212478637695,3267600,0.0,0.0
2024-10-09 00:00:00-04:00,37.612681042514055,38.096087167140794,37.529014529670135,38.012420654296875,2155700,0.0,0.0
2024-10-10 00:00:00-04:00,38.04031041244347,38.17975579030529,37.807903813502605,38.00312805175781,1909800,0.0,0.0
2024-10-11 00:00:00-04:00,37.98453167543329,38.263418859782604,37.94734577185526,38.179752349853516,2390500,0.0,0.0
2024-10-14 00:00:00-04:00,38.11468212495038,38.347088723273245,38.08679446794948,38.254127502441406,1922300,0.0,0.0
2024-10-15 00:00:00-04:00,38.11468103163307,38.40286648193442,37.85438678377582,38.384273529052734,2607700,0.0,0.0
2024-10-16 00:00:00-04:00,38.44005254564445,38.90486577374773,38.34709131852119,38.86768341064453,2269200,0.0,0.0
2024-10-17 00:00:00-04:00,38.598084896841144,39.07219275557804,38.560898993265674,38.895565032958984,3930900,0.0,0.0
2024-10-18 00:00:00-04:00,38.83049418622918,39.03501312393219,38.68175410778422,39.02571487426758,2380400,0.0,0.0
2024-10-21 00:00:00-04:00,39.016419766866136,39.193047499989696,38.50512242790264,38.61668014526367,2903100,0.0,0.0
2024-10-22 00:00:00-04:00,38.43075673020912,38.61668272532311,38.30990430144852,38.533016204833984,2714000,0.0,0.0
2024-10-23 00:00:00-04:00,38.347086263610564,38.45864043070211,38.14256733540687,38.31919860839844,2655300,0.0,0.0
2024-10-24 00:00:00-04:00,38.25412380488935,38.56089864097692,38.01241898009996,38.235530853271484,2875700,0.0,0.0
2024-10-25 00:00:00-04:00,38.272716382441274,38.36568114823587,37.92875561460929,38.058902740478516,3119500,0.0,0.0
2024-10-28 00:00:00-04:00,37.882277454597215,38.15186997347069,37.79861093309315,37.993831634521484,2519100,0.0,0.0
2024-10-29 00:00:00-04:00,37.99382964658586,37.99382964658586,37.2966098526135,37.556907653808594,2809800,0.0,0.0
2024-10-30 00:00:00-04:00,37.603384836292385,37.7800125580167,37.40816416287451,37.7335319519043,2371100,0.0,0.0
2024-10-31 00:00:00-04:00,37.67775653146866,37.83579486214889,37.47324113668218,37.556907653808594,6129200,0.0,0.0
2024-11-01 00:00:00-04:00,37.910158889966674,38.012418349045866,37.03631145589124,37.57549285888672,4900500,0.0,0.0
2024-11-04 00:00:00-05:00,37.69634817343659,38.161161353247756,37.66846051744572,37.95664596557617,5882600,0.0,0.0
2024-11-05 00:00:00-05:00,38.20764012187481,38.20764012187481,37.76141991629554,38.16115951538086,4890100,0.0,0.0
2024-11-06 00:00:00-05:00,38.440050690287215,38.67245729312147,38.23553529123854,38.607383728027344,5974000,0.0,0.0
2024-11-07 00:00:00-05:00,38.858382236733725,39.61138088625798,38.737529813570845,39.434749603271484,4509900,0.0,0.0
2024-11-08 00:00:00-05:00,39.3510856628418,39.50912044241475,39.16515968092298,39.3510856628418,4583000,0.0,0.0
2024-11-11 00:00:00-05:00,39.481234890678635,39.87167628190001,39.34178951024624,39.76941680908203,2601300,0.0,0.0
2024-11-12 00:00:00-05:00,39.97394049904343,39.97394049904343,38.969942151754175,39.211647033691406,4038700,0.0,0.0
2024-11-13 00:00:00-05:00,39.24883256890774,39.58349868145783,39.035018896166,39.49983215332031,3733400,0.0,0.0
2024-11-14 00:00:00-05:00,39.73223788920792,40.26212470675903,39.546311881274775,40.0576057434082,5627700,0.0,0.0
2024-11-15 00:00:00-05:00,39.937722109652704,39.937722109652704,39.55071054171451,39.81501007080078,5556400,0.653,0.0
2024-11-18 00:00:00-05:00,39.77724937141371,40.34361009783578,39.767811646338195,40.173702239990234,4072800,0.0,0.0
2024-11-19 00:00:00-05:00,40.12650735164696,40.66455136290001,39.97547852767751,40.57015609741211,3345000,0.0,0.0
2024-11-20 00:00:00-05:00,40.51352036841562,40.570157529707885,40.05099615403505,40.390811920166016,3051200,0.0,0.0
2024-11-21 00:00:00-05:00,40.40968985596363,41.10819682185359,40.37193174948006,41.05156326293945,3764900,0.0,0.0
2024-11-22 00:00:00-05:00,40.98548239912742,41.24978552837225,40.78725775280206,40.83445358276367,4554000,0.0,0.0
2024-11-25 00:00:00-05:00,40.966605440560606,41.10819292523619,40.44744052765085,40.54183578491211,7654900,0.0,0.0
2024-11-26 00:00:00-05:00,40.30585479736328,40.45688361474424,39.937722280047886,40.30585479736328,4560300,0.0,0.0
2024-11-27 00:00:00-05:00,40.26809912487951,40.55127772447051,40.12650802467838,40.49464416503906,4078600,0.0,0.0
2024-11-29 00:00:00-05:00,40.44744133196326,41.07987696535188,40.38136645097189,40.94772720336914,2648400,0.0,0.0
2024-12-02 00:00:00-05:00,40.843890526764405,41.03267742716534,40.28697115102748,40.9288444519043,8445800,0.0,0.0
2024-12-03 00:00:00-05:00,41.20259208806252,41.4291335253415,41.01380515645588,41.05156326293945,4350300,0.0,0.0
2024-12-04 00:00:00-05:00,41.33474066145277,41.5518443662216,41.01380396727034,41.19314956665039,5658800,0.0,0.0
2024-12-05 00:00:00-05:00,41.06099776746397,41.665113020556674,41.05156004198918,41.45744705200195,5538100,0.0,0.0
2024-12-06 00:00:00-05:00,41.41024911265132,41.41024911265132,40.702300911359806,40.7211799621582,4658100,0.0,0.0
2024-12-09 00:00:00-05:00,40.900530834575456,41.07043509716092,39.9754753112793,39.9754753112793,5077800,0.0,0.0
2024-12-10 00:00:00-05:00,40.06987101414812,40.14538362049013,39.76781338715821,39.937721252441406,3598000,0.0,0.0
2024-12-11 00:00:00-05:00,40.09818751102676,40.3436115817467,39.89996286985283,39.96603775024414,8932000,0.0,0.0
2024-12-12 00:00:00-05:00,39.93772297216429,39.94716069805932,39.5979072269654,39.692298889160156,4346500,0.0,0.0
2024-12-13 00:00:00-05:00,39.69229608986436,39.73949191763325,39.39967979721069,39.56014633178711,2345900,0.0,0.0
2024-12-16 00:00:00-05:00,39.54126990639776,39.57902801144468,39.05986666988834,39.201454162597656,3380400,0.0,0.0
2024-12-17 00:00:00-05:00,38.94658962256365,39.19201368734053,38.795560813782046,39.07874298095703,2535000,0.0,0.0
2024-12-18 00:00:00-05:00,39.03154600716274,39.03154600716274,38.22920608520508,38.22920608520508,4402100,0.0,0.0
2024-12-19 00:00:00-05:00,38.44631206742241,38.82388593592782,38.20089157346179,38.427433013916016,4677300,0.0,0.0
2024-12-20 00:00:00-05:00,38.27640331115313,39.09762231543511,38.08761638121869,39.0504264831543,3981700,0.0,0.0
2024-12-23 00:00:00-05:00,38.993793694987424,39.4657592287407,38.71061149408646,39.45631790161133,3696900,0.0,0.0
2024-12-24 00:00:00-05:00,39.409125358316885,39.55071647058756,39.286413301069736,39.522396087646484,988600,0.0,0.0
2024-12-26 00:00:00-05:00,39.4657592287407,39.62622578182741,39.35248490805581,39.45631790161133,1320400,0.0,0.0
2024-12-27 00:00:00-05:00,39.22977255492858,39.58846373227452,39.201452177172186,39.47519302368164,1792300,0.0,0.0
2024-12-30 00:00:00-05:00,39.286407753984214,39.83388946992957,39.1448202625167,39.75837326049805,2186700,0.0,0.0
2024-12-31 00:00:00-05:00,39.82444604281517,40.06987010971172,39.75837116345322,40.05099105834961,1646600,0.0,0.0
2025-01-02 00:00:00-05:00,40.258660723330024,40.5795974243665,40.09819057240618,40.57015609741211,3086300,0.0,0.0
2025-01-03 00:00:00-05:00,40.673988342285156,40.99492503742937,40.57015535256039,40.673988342285156,2971200,0.0,0.0
2025-01-06 00:00:00-05:00,40.91940578023445,41.023238762229504,40.48519840171955,40.579593658447266,2475900,0.0,0.0
2025-01-07 00:00:00-05:00,40.85333381977357,41.33474066145277,40.815579315195905,41.19314956665039,2662000,0.0,0.0
2025-01-08 00:00:00-05:00,41.155388855976746,41.61791661568188,41.07987625079052,41.551841735839844,2738500,0.0,0.0
2025-01-10 00:00:00-05:00,41.53296646847729,41.58016230112014,40.77782234375813,41.04212188720703,4845900,0.0,0.0
2025-01-13 00:00:00-05:00,41.089318401579035,41.54240488392787,40.872214687170924,40.966609954833984,4283300,0.0,0.0
2025-01-14 00:00:00-05:00,40.87221364626303,41.617920038159234,40.78725970793547,41.59904098510742,2999400,0.0,0.0
2025-01-15 00:00:00-05:00,41.91053823093962,42.23147491796326,41.80670524384212,41.84446334838867,2861200,0.0,0.0
2025-01-16 00:00:00-05:00,41.683995156690116,41.73119098917815,41.18371285085679,41.561283111572266,4936700,0.0,0.0
2025-01-17 00:00:00-05:00,41.41969598841617,42.382506103279994,41.41969598841617,42.01436996459961,7092300,0.0,0.0
2025-01-21 00:00:00-05:00,42.10876731005112,43.21316497818009,41.96717620350624,42.7695198059082,7521900,0.0,0.0
2025-01-22 00:00:00-05:00,42.81671172572498,42.845028504119924,42.231475500425866,42.25035095214844,4318400,0.0,0.0
2025-01-23 00:00:00-05:00,42.16539643977371,42.47689540110444,42.004929896647724,42.34474563598633,5113200,0.0,0.0
2025-01-24 00:00:00-05:00,42.410819153528564,42.67511867525816,42.165395082656005,42.533531188964844,2028000,0.0,0.0
2025-01-27 00:00:00-05:00,42.325867725225116,42.52409237824834,41.75951054492701,42.19371795654297,4020200,0.0,0.0
2025-01-28 00:00:00-05:00,42.29755256518944,42.57128983901653,41.76894986941998,41.9671745300293,3230900,0.0,0.0
2025-01-29 00:00:00-05:00,41.87278042439169,42.11820090406882,41.6839935011264,41.778385162353516,2702600,0.0,0.0
2025-01-30 00:00:00-05:00,42.00492858886719,42.31642754049972,41.62735475673277,42.00492858886719,3308600,0.0,0.0
2025-01-31 00:00:00-05:00,42.00492994905121,42.06156710594865,40.702304146898484,40.81557846069336,6187400,0.0,0.0
2025-02-03 00:00:00-05:00,39.22033474568057,40.86277637120638,38.21977012856814,40.513519287109375,5272400,0.0,0.0
2025-02-04 00:00:00-05:00,41.03268255890906,41.617918782614844,41.03268255890906,41.2686653137207,3380500,0.0,0.0
2025-02-05 00:00:00-05:00,41.27810530804509,41.96717455786642,41.27810530804509,41.46689224243164,3917700,0.0,0.0
2025-02-06 00:00:00-05:00,41.61791917751591,42.06156791303101,41.31586153655574,41.72175216674805,3545500,0.0,0.0
2025-02-07 00:00:00-05:00,41.72175040719826,42.04268708728482,41.325297519650874,41.957733154296875,2561200,0.0,0.0
2025-02-10 00:00:00-05:00,42.052126120348284,42.458016746043235,41.83502241836442,42.297550201416016,2769400,0.0,0.0
2025-02-11 00:00:00-05:00,42.240909892551144,42.77895024445844,41.95773132851743,42.71287536621094,2810300,0.0,0.0
2025-02-12 00:00:00-05:00,42.373064405506376,42.84502993214522,42.29755179366599,42.5712890625,9647900,0.0,0.0
2025-02-13 00:00:00-05:00,42.70344008778692,43.137647484237235,42.55241127159503,42.90166473388672,3658200,0.0,0.0
2025-02-14 00:00:00-05:00,43.208242225629434,43.447755771569035,41.25381446832416,41.26339340209961,5863200,0.67,0.0
2025-02-18 00:00:00-05:00,41.29213129387343,41.42626194120691,40.21911169801075,40.95681381225586,8369400,0.0,0.0
2025-02-19 00:00:00-05:00,41.00471515797506,41.071778653268936,40.276595642776016,40.53527069091797,6078500,0.0,0.0
2025-02-20 00:00:00-05:00,40.48737022633194,40.53527586166968,40.008343110449374,40.2191162109375,5547100,0.0,0.0
2025-02-21 00:00:00-05:00,39.99875969835221,40.38198281003137,39.787986621460036,40.02750015258789,6522300,0.0,0.0
2025-02-24 00:00:00-05:00,40.06582710111796,40.30534065559843,39.720926997916195,39.79757308959961,5421200,0.0,0.0
2025-02-25 00:00:00-05:00,39.6634443721158,40.056246438324436,39.39518671748763,39.902957916259766,6925500,0.0,0.0
2025-02-26 00:00:00-05:00,39.941271850261366,40.36281796937605,39.74008137778544,39.998756408691406,3435300,0.0,0.0
2025-02-27 00:00:00-05:00,40.084989364388434,40.2957624657239,39.61554118087405,39.9796028137207,2348500,0.0,0.0
2025-02-28 00:00:00-05:00,40.05624454143017,40.995137151450145,39.912534959874606,40.937652587890625,4436900,0.0,0.0
2025-03-03 00:00:00-05:00,41.167588084166695,41.53164603058091,40.55443401158848,40.88016891479492,4910700,0.0,0.0
2025-03-04 00:00:00-05:00,40.0466653475345,40.7173040271544,39.634701743826,39.807151794433594,5819200,0.0,0.0
2025-03-05 00:00:00-05:00,39.99876379214111,41.004719994898316,39.99876379214111,40.707725524902344,4822500,0.0,0.0
2025-03-06 00:00:00-05:00,40.46821070116369,40.5256916137169,39.79757203544484,39.85505294799805,3527000,0.0,0.0
2025-03-07 00:00:00-05:00,39.797569596171215,40.47778715406145,39.673021535461885,40.23827362060547,3144900,0.0,0.0
2025-03-10 00:00:00-04:00,40.152049299903844,40.90891295589791,39.91253576228698,40.88975143432617,4298200,0.0,0.0
2025-03-11 00:00:00-04:00,40.908915128497895,41.014301675396055,40.334080414877036,40.525691986083984,4451500,0.0,0.0
2025-03-12 00:00:00-04:00,40.52568826847679,41.196326878837,40.401140210414624,40.75562286376953,3363200,0.0,0.0
2025-03-13 00:00:00-04:00,41.00471893273814,41.11010547924045,40.36282437449565,40.76520538330078,2511200,0.0,0.0
2025-03-14 00:00:00-04:00,40.80352791180279,41.158006937170434,40.61191634374117,41.03346252441406,2044300,0.0,0.0
2025-03-17 00:00:00-04:00,41.12926721542434,41.694519341220456,41.1101056928074,41.675357818603516,3082400,0.0,0.0
2025-03-18 00:00:00-04:00,41.70409587601243,41.828643938514105,41.14842637083498,41.58913040161133,2832300,0.0,0.0
2025-03-19 00:00:00-04:00,41.483742319774215,42.07773484591794,41.42626141205197,41.91486740112305,1913900,0.0,0.0
2025-03-20 00:00:00-04:00,41.7711616171682,42.384319374503846,41.646617202664764,42.37473678588867,1884200,0.0,0.0
2025-03-21 00:00:00-04:00,42.25018292965693,42.31724642203049,41.75199803050652,42.02983093261719,3269800,0.0,0.0
2025-03-24 00:00:00-04:00,42.10648225607163,42.623832394256105,41.96277266612483,42.40347671508789,2600000,0.0,0.0
2025-03-25 00:00:00-04:00,42.5567626953125,42.78669729454733,42.259768254047,42.5567626953125,2792700,0.0,0.0
2025-03-26 00:00:00-04:00,42.729215065977975,42.92082663336308,42.48012258665801,42.65257263183594,2623700,0.0,0.0
2025-03-27 00:00:00-04:00,42.633406006927,42.81543496407851,42.37473097012037,42.4992790222168,1707200,0.0,0.0
2025-03-28 00:00:00-04:00,42.489702411733376,42.75796007357449,42.29809449501555,42.595088958740234,2281500,0.0,0.0
2025-03-31 00:00:00-04:00,42.575922268464964,42.84417989774622,42.259766320504674,42.451377868652344,3803300,0.0,0.0
2025-04-01 00:00:00-04:00,42.451381310890774,42.78669880632422,41.98193316259735,42.70047378540039,2390600,0.0,0.0
2025-04-02 00:00:00-04:00,42.604672201293425,43.26572829536416,42.3747375811415,43.24656677246094,2239500,0.0,0.0
2025-04-03 00:00:00-04:00,42.863340410474166,44.18545238677396,42.863340410474166,43.43817138671875,5855100,0.0,0.0
2025-04-04 00:00:00-04:00,42.5663469843943,42.8729240258354,41.33045623032365,41.531646728515625,8368400,0.0,0.0
2025-04-07 00:00:00-04:00,38.322166136928445,41.32087666045533,38.06349107694179,40.190372467041016,7363200,0.0,0.0
2025-04-08 00:00:00-04:00,41.014297877251394,41.14842486826935,38.89699551078393,39.3664436340332,5119500,0.0,0.0
2025-04-09 00:00:00-04:00,39.00238275428983,40.334077410209765,38.130553642197086,40.017921447753906,6115000,0.0,0.0
2025-04-10 00:00:00-04:00,39.950857131391835,40.25743415432017,39.11735107872332,40.06582260131836,5464300,0.0,0.0
2025-04-11 00:00:00-04:00,40.381982761212996,41.58912934857602,40.372400173355054,41.42626190185547,4538900,0.0,0.0
2025-04-14 00:00:00-04:00,41.847807266962135,42.26934979442553,41.48374565183798,42.173545837402344,3589500,0.0,0.0
2025-04-15 00:00:00-04:00,42.26934941677356,42.700474528899434,42.13522241626476,42.422637939453125,3214300,0.0,0.0
2025-04-16 00:00:00-04:00,42.6334102863137,43.054952802670975,42.49928328814032,42.70047378540039,3982900,0.0,0.0
2025-04-17 00:00:00-04:00,42.92082456542483,43.89804022278831,42.89208411084213,43.466915130615234,4781000,0.0,0.0
2025-04-21 00:00:00-04:00,43.44775208935919,43.70642713561357,42.757955620700535,43.10285568237305,3450200,0.0,0.0
2025-04-22 00:00:00-04:00,43.36152816078602,44.08006875571833,43.1315972170321,43.725589752197266,4460100,0.0,0.0
2025-04-23 00:00:00-04:00,43.783074841613534,44.07049035210299,43.304047772568936,43.69684982299805,4194200,0.0,0.0
2025-04-24 00:00:00-04:00,43.92678036212997,44.47287092340134,43.668108963368965,44.41539001464844,5078300,0.0,0.0
2025-04-25 00:00:00-04:00,44.357908060053006,44.52077917203367,44.051331013051765,44.25252151489258,3620900,0.0,0.0
2025-04-28 00:00:00-04:00,44.31000282094576,44.74112790365441,44.05132777132057,44.68364334106445,2553000,0.0,0.0
2025-04-29 00:00:00-04:00,44.63574136624936,44.88483382809968,44.607000912297586,44.68364334106445,2397400,0.0,0.0
2025-04-30 00:00:00-04:00,44.57825978684792,44.89441942022055,44.252521219745816,44.73154830932617,3312400,0.0,0.0
2025-05-01 00:00:00-04:00,44.65490542619001,45.10519205536527,44.405809295489675,44.530357360839844,3166800,0.0,0.0
2025-05-02 00:00:00-04:00,44.96148030534782,44.97105923852017,44.520776285690815,44.89441680908203,3025200,0.0,0.0
2025-05-05 00:00:00-04:00,44.87525572066866,44.961480738796844,44.25251907255554,44.6357421875,2395200,0.0,0.0
2025-05-06 00:00:00-04:00,44.654902853379056,44.9902203315178,44.137552754519504,44.223777770996094,2821200,0.0,0.0
2025-05-07 00:00:00-04:00,44.21420183014125,44.97106185411635,44.20461924172511,44.73154830932617,2548400,0.0,0.0
2025-05-08 00:00:00-04:00,44.808193550242194,45.07644754583272,43.84055680097078,43.859718322753906,3833000,0.0,0.0
2025-05-09 00:00:00-04:00,44.47287112828313,44.664482685943966,43.69684961905216,44.16629409790039,4541900,0.0,0.0
2025-05-12 00:00:00-04:00,44.07048790021677,44.300422488627696,42.02983167630761,42.68130874633789,7929600,0.0,0.0
2025-05-13 00:00:00-04:00,42.91124687092233,43.026212347258564,42.489700699878455,42.70047378540039,11784900,0.0,0.0
2025-05-14 00:00:00-04:00,42.825020886261036,43.0357903123532,42.46095928892145,42.98788833618164,3895100,0.0,0.0
2025-05-15 00:00:00-04:00,42.978161042041016,43.70775861014593,42.9100655658919,43.698028564453125,3617500,0.68,0.0
2025-05-16 00:00:00-04:00,43.698027878644865,43.81476615957562,43.55211059386902,43.62993240356445,4018600,0.0,0.0
2025-05-19 00:00:00-04:00,43.39646631736788,43.72721738142988,43.34782721901986,43.71748733520508,1903900,0.0,0.0
2025-05-20 00:00:00-04:00,43.65912147576622,44.544366416397914,43.65912147576622,44.3692626953125,4096300,0.0,0.0
2025-05-21 00:00:00-04:00,44.71946916488279,44.777834596691676,43.81476786259286,44.33034896850586,5951900,0.0,0.0
2025-05-22 00:00:00-04:00,44.50545084960414,44.55408994441323,43.795309674801246,43.941226959228516,4923500,0.0,0.0
2025-05-23 00:00:00-04:00,43.980142585388606,44.80702209472656,43.921777152184376,44.80702209472656,5087200,0.0,0.0
2025-05-27 00:00:00-04:00,44.80701970431314,45.19613617830849,44.75837689800425,44.78756332397461,5139100,0.0,0.0
2025-05-28 00:00:00-04:00,44.62218726032595,44.748651880787236,44.29143620668312,44.33034896850586,4268100,0.0,0.0
2025-05-29 00:00:00-04:00,44.35953060825896,44.641642558242005,44.2330697017908,44.60272979736328,2533500,0.0,0.0
2025-05-30 00:00:00-04:00,44.60273221651903,45.303147106624515,44.53463673675048,45.21559524536133,4106200,0.0,0.0
2025-06-02 00:00:00-04:00,45.28369142695161,45.945193564320014,45.089131319915246,45.877098083496094,4190800,0.0,0.0
2025-06-03 00:00:00-04:00,46.0035634588705,46.14948075832998,45.750634202326694,45.789546966552734,3102600,0.0,0.0
2025-06-04 00:00:00-04:00,45.896552248742445,46.1300213971705,45.39069747924805,45.39069747924805,3839100,0.0,0.0
2025-06-05 00:00:00-04:00,45.67281148883944,45.7311769231081,45.40042585552599,45.59498596191406,2231700,0.0,0.0
2025-06-06 00:00:00-04:00,45.497704344444905,45.64362163007437,45.147496921454035,45.2545051574707,2656700,0.0,0.0
2025-06-09 00:00:00-04:00,45.14750146544135,45.23505333000095,44.53463841352414,44.573551177978516,3472300,0.0,0.0
2025-06-10 00:00:00-04:00,44.65137260392425,44.92375450822505,44.33034789306248,44.60272979736328,3741100,0.0,0.0
2025-06-11 00:00:00-04:00,44.79729229052428,44.79729229052428,44.36926303070513,44.622188568115234,3003900,0.0,0.0
2025-06-12 00:00:00-04:00,44.89457533233529,45.53662109375,44.748654322998824,45.53662109375,3059000,0.0,0.0
2025-06-13 00:00:00-04:00,45.487976817871534,45.60471510594993,45.10858665893001,45.40042495727539,3064100,0.0,0.0
2025-06-16 00:00:00-04:00,45.526889139056344,45.770088337139896,44.60273144415378,44.709739685058594,3338900,0.0,0.0
2025-06-17 00:00:00-04:00,44.86538444700162,44.97239268176148,44.62218526288377,44.71946716308594,2513900,0.0,0.0
2025-06-18 00:00:00-04:00,44.836202230542554,44.836202230542554,43.46455896531567,43.75639724731445,4810400,0.0,0.0
2025-06-20 00:00:00-04:00,43.941230220335555,43.96068660188816,43.45483181429637,43.56184005737305,6126300,0.0,0.0
2025-06-23 00:00:00-04:00,43.55211251997823,44.164975533731074,43.52292980391746,43.707759857177734,3023100,0.0,0.0
2025-06-24 00:00:00-04:00,43.65911860067476,43.95095687962354,43.45482846557806,43.81476593017578,2151300,0.0,0.0
2025-06-25 00:00:00-04:00,43.678577036259796,43.72721613321939,43.075440359000055,43.27000045776367,3699000,0.0,0.0
2025-06-26 00:00:00-04:00,43.53265873218694,43.980144389426414,43.29918585701717,43.85368347167969,2709900,0.0,0.0
2025-06-27 00:00:00-04:00,43.775856543526395,44.09688127275642,43.221362657515755,43.56184005737305,4598700,0.0,0.0
2025-06-30 00:00:00-04:00,43.50347397949593,44.12606333625951,43.30891387777599,44.08715057373047,3618900,0.0,0.0
2025-07-01 00:00:00-04:00,43.84394956244416,44.009326940895676,43.406190279396185,43.698028564453125,3517400,0.0,0.0
2025-07-02 00:00:00-04:00,43.75640016197379,43.82449564194525,42.929524356077316,43.56184005737305,4229700,0.0,0.0
2025-07-03 00:00:00-04:00,43.56183919667478,43.72721658114174,43.40619185825455,43.52293014526367,1487300,0.0,0.0
2025-07-07 00:00:00-04:00,43.338098750645955,43.406194232997464,42.754422127368585,42.94898223876953,3691600,0.0,0.0
2025-07-08 00:00:00-04:00,42.82251590670168,43.10462787146741,42.74469038086618,42.99761962890625,2828400,0.0,0.0
2025-07-09 00:00:00-04:00,43.15326785096249,43.15326785096249,42.589043909908014,42.59877395629883,2812500,0.0,0.0
2025-07-10 00:00:00-04:00,42.598773240661565,43.318640802621694,42.40421313629317,43.27973175048828,5151400,0.0,0.0
2025-07-11 00:00:00-04:00,43.279731185751146,43.406192097653935,42.92952374464279,43.338096618652344,4989500,0.0,0.0
2025-07-14 00:00:00-04:00,43.38673783114435,44.0287836008293,43.16299500195836,43.98014450073242,3285500,0.0,0.0
2025-07-15 00:00:00-04:00,43.931504937952354,44.12606504721622,43.3672847031051,44.03851318359375,4307200,0.0,0.0
2025-07-16 00:00:00-04:00,44.11633260673213,44.252527273473916,43.55211240250279,44.0190544128418,5524100,0.0,0.0
2025-07-17 00:00:00-04:00,43.629936965708715,43.921778987626865,43.4061941369168,43.54238510131836,3239200,0.0,0.0
2025-07-18 00:00:00-04:00,43.7758590831038,44.07742744827616,43.62993806845657,43.86341094970703,2634200,0.0,0.0
2025-07-21 00:00:00-04:00,43.93150423589831,44.04823881522097,43.328371246651656,43.377010345458984,4263100,0.0,0.0
2025-07-22 00:00:00-04:00,43.47428856620048,44.00932978614179,43.47428856620048,43.97041702270508,5254800,0.0,0.0
2025-07-23 00:00:00-04:00,44.26225423280004,44.563822575593974,44.06769413134993,44.2427978515625,5878900,0.0,0.0
2025-07-24 00:00:00-04:00,44.16497746083953,44.349807522164745,43.84395272646241,44.22334289550781,5344700,0.0,0.0
2025-07-25 00:00:00-04:00,44.16497265655849,44.19415537071812,43.727213389539024,43.74666976928711,4604300,0.0,0.0
2025-07-28 00:00:00-04:00,43.775854018214645,43.785580352967195,43.36728116195537,43.41592025756836,2854200,0.0,0.0
2025-07-29 00:00:00-04:00,43.435380532239385,43.92177895382807,43.367285050091006,43.85368347167969,2759800,0.0,0.0
2025-07-30 00:00:00-04:00,43.79531000782765,44.00932647972514,43.659119056956555,43.75639724731445,2642900,0.0,0.0
2025-07-31 00:00:00-04:00,43.65912159848287,44.23307186122603,43.58129607292602,44.05796813964844,3490100,0.0,0.0
2025-08-01 00:00:00-04:00,44.55409419902275,44.952940752024496,43.88286572033945,44.943214416503906,4571200,0.0,0.0
2025-08-04 00:00:00-04:00,44.845932765859736,45.41015671337582,44.82648009470613,45.35178756713867,2464700,0.0,0.0
2025-08-05 00:00:00-04:00,45.38097307075284,46.13002335543894,45.303147544022906,45.46852493286133,4258600,0.0,0.0
2025-08-06 00:00:00-04:00,45.64362641875822,45.77009104831182,45.09886255777437,45.731178283691406,4017400,0.0,0.0
2025-08-07 00:00:00-04:00,45.740905301514445,45.925735354834416,45.41015424599302,45.79927444458008,3222000,0.0,0.0
2025-08-08 00:00:00-04:00,45.799275188194066,46.05220072373458,45.71172332763672,45.71172332763672,2387100,0.0,0.0
2025-08-11 00:00:00-04:00,45.76036460821757,46.32458485022436,45.69226912574995,46.198123931884766,3756900,0.0,0.0
2025-08-12 00:00:00-04:00,46.217571591726276,46.31485349250682,45.79927240660771,46.03274154663086,3968200,0.0,0.0
2025-08-13 00:00:00-04:00,46.10084166948108,46.577513754049875,46.00356346981828,46.38295364379883,10222200,0.0,0.0
2025-08-14 00:00:00-04:00,46.412134746805286,46.898533150048074,46.27594378764535,46.86935043334961,3570100,0.0,0.0
2025-08-15 00:00:00-04:00,46.86244257105489,47.02032809212716,46.309841365158086,46.41838836669922,4289900,0.683,0.0
2025-08-18 00:00:00-04:00,46.36905087544661,46.41838939607187,46.05327606201172,46.05327606201172,2543000,0.0,0.0
2025-08-19 00:00:00-04:00,46.03354494245922,46.69468941861535,45.8855256121886,46.56640625,3366700,0.0,0.0
2025-08-20 00:00:00-04:00,46.72429120269297,47.56306112340186,46.70455880556899,47.39530563354492,4189500,0.0,0.0
2025-08-21 00:00:00-04:00,47.158480099602194,47.52358968177197,47.13874393782437,47.306495666503906,3823700,0.0,0.0
2025-08-22 00:00:00-04:00,47.3459677306733,47.65187259012168,47.267026848282455,47.33610153198242,5030200,0.0,0.0
2025-08-25 00:00:00-04:00,47.29662641447768,47.32622877308942,46.96111921448965,46.970985412597656,4696200,0.0,0.0
2025-08-26 00:00:00-04:00,47.05979909694301,47.217684626227516,46.46772930319809,46.81310272216797,3285700,0.0,0.0
2025-08-27 00:00:00-04:00,46.86244464415048,47.19795186180714,46.62561446992134,46.980857849121094,3359600,0.0,0.0
2025-08-28 00:00:00-04:00,47.020329501052295,47.316364391397265,46.783499330203604,47.17821502685547,2754100,0.0,0.0
2025-08-29 00:00:00-04:00,47.257155805272916,47.94790639077386,47.168344961932966,47.701210021972656,3529500,0.0,0.0
2025-09-02 00:00:00-04:00,47.365704449414,47.809758681484844,47.30649596370855,47.661739349365234,3762200,0.0,0.0
2025-09-03 00:00:00-04:00,47.61239809776709,47.86896065920938,47.33609937555421,47.68147277832031,2880100,0.0,0.0
2025-09-04 00:00:00-04:00,47.819621150051965,47.92816814990058,47.454511594069274,47.52358627319336,2616100,0.0,0.0
2025-09-05 00:00:00-04:00,47.691343307722626,47.790020348460764,47.326229975558306,47.62226486206055,2668600,0.0,0.0
2025-09-08 00:00:00-04:00,47.77028361964414,48.03671614361561,47.405174056107434,47.68147277832031,2125500,0.0,0.0
2025-09-09 00:00:00-04:00,47.523589721735185,47.99724631193731,47.49398736118754,47.69134521484375,2634800,0.0,0.0
2025-09-10 00:00:00-04:00,47.71107632329425,47.99724501514966,47.691343926320926,47.947906494140625,2876700,0.0,0.0
2025-09-11 00:00:00-04:00,48.036717748376766,48.17486711409836,47.79988757550554,48.165000915527344,1972400,0.0,0.0
2025-09-12 00:00:00-04:00,48.09592464446106,48.46103420813846,48.09592464446106,48.45116424560547,2011500,0.0,0.0
2025-09-15 00:00:00-04:00,48.45116594634939,48.51037443076236,48.095926332735274,48.41169738769531,2052300,0.0,0.0
2025-09-16 00:00:00-04:00,48.50050859750979,48.55971331808083,48.22420609912253,48.24394226074219,4127500,0.0,0.0
2025-09-17 00:00:00-04:00,48.26367882855927,48.70773305801897,48.25381262981037,48.461036682128906,3646000,0.0,0.0
2025-09-18 00:00:00-04:00,48.34262208776527,48.56958229535345,48.03671723530059,48.47090148925781,2307400,0.0,0.0
2025-09-19 00:00:00-04:00,48.697860925624575,48.89521877040245,48.39195984229226,48.8064079284668,3096100,0.0,0.0
2025-09-22 00:00:00-04:00,48.836012854699476,48.94455609059285,48.539974212646484,48.539974212646484,3258600,0.0,0.0
2025-09-23 00:00:00-04:00,48.609049983794826,49.161651195179715,48.3722235819783,48.944557189941406,3391500,0.0,0.0
2025-09-24 00:00:00-04:00,48.88535385795337,49.48729360642958,48.88535385795337,49.31953811645508,4209300,0.0,0.0
2025-09-25 00:00:00-04:00,49.289934669402726,49.45768639138968,48.64852261222105,48.914955139160156,3944900,0.0,0.0
2025-09-26 00:00:00-04:00,49.16165259279215,49.32940808277844,48.7768068556837,48.9346923828125,3213000,0.0,0.0
2025-09-29 00:00:00-04:00,48.94455605999868,49.181386220635495,48.757068182531654,49.06297302246094,2410900,0.0,0.0
2025-09-30 00:00:00-04:00,48.96429387335913,49.832666139291945,48.96429387335913,49.79319381713867,3686700,0.0,0.0
2025-10-01 00:00:00-04:00,49.753722378453176,49.87213934701569,48.72746833425993,48.9346923828125,5176300,0.0,0.0
2025-10-02 00:00:00-04:00,49.10244431374669,49.33927448757372,48.80640941967883,49.04323959350586,3771000,0.0,0.0
2025-10-03 00:00:00-04:00,49.00376619217222,49.73398909480664,48.73733366408755,49.408348083496094,2570700,0.0,0.0
2025-10-06 00:00:00-04:00,49.457685718810794,49.51689420097691,48.79654127391745,49.11231231689453,3407800,0.0,0.0
2025-10-07 00:00:00-04:00,49.17152266067769,49.191255057859024,48.618921432402615,48.79654312133789,2812300,0.0,0.0
2025-10-08 00:00:00-04:00,49.043239760024825,49.043239760024825,48.135395148941306,48.3820915222168,3484500,0.0,0.0
2025-10-09 00:00:00-04:00,48.29327811828036,48.35248659987277,47.306492677466636,47.3558349609375,3495300,0.0,0.0
2025-10-10 00:00:00-04:00,47.484117260970194,47.50385342270759,46.99072451039901,47.05979919433594,3335200,0.0,0.0
2025-10-13 00:00:00-04:00,47.059796205415935,47.33609868790274,46.832836006282726,47.10913848876953,1597000,0.0,0.0
2025-10-14 00:00:00-04:00,46.99072492735471,47.14861045836691,46.61574914388072,46.89204788208008,2374000,0.0,0.0
2025-10-15 00:00:00-04:00,46.77363379935054,47.33610122832084,46.76376383643504,46.980857849121094,2272000,0.0,0.0
2025-10-16 00:00:00-04:00,46.99072155843605,47.09926855902884,46.536801159855,46.58613967895508,4134300,0.0,0.0
2025-10-17 00:00:00-04:00,46.62561458108824,46.64535074267838,46.12235563554731,46.457862854003906,2787300,0.0,0.0
2025-10-20 00:00:00-04:00,46.57627348085015,46.822969840638244,46.3986518006597,46.58613967895508,2233800,0.0,0.0
2025-10-21 00:00:00-04:00,46.54667060054982,46.684823733657026,46.25063570103891,46.64535140991211,2794100,0.0,0.0
2025-10-22 00:00:00-04:00,46.674950741878554,47.24728810617741,46.64534838313473,47.079532623291016,3227000,0.0,0.0
2025-10-23 00:00:00-04:00,47.16834355049287,47.28675674997351,46.54666766571592,46.55653762817383,3953600,0.0,0.0
2025-10-24 00:00:00-04:00,46.605878786403146,46.68482343338521,46.15195835912012,46.29010772705078,3508000,0.0,0.0
2025-10-27 00:00:00-04:00,46.35918270919344,46.674953770576806,46.11248633221968,46.64535140991211,3229700,0.0,0.0
2025-10-28 00:00:00-04:00,46.66508550683625,46.852573389896214,46.38878301713631,46.46772766113281,3751600,0.0,0.0
2025-10-29 00:00:00-04:00,46.3986532349642,46.63547963968058,45.92499666124361,46.05327606201172,4137500,0.0,0.0
2025-10-30 00:00:00-04:00,46.12235404808479,46.56640449357173,46.02367324353051,46.35918045043945,3569900,0.0,0.0
2025-10-31 00:00:00-04:00,46.3295777739455,46.3493139347212,45.93486208700707,46.003936767578125,3649100,0.0,0.0
2025-11-03 00:00:00-05:00,46.08288141068092,46.10261757145662,45.59935488239573,46.003936767578125,5886600,0.0,0.0
2025-11-04 00:00:00-05:00,45.7769775390625,45.95459922553518,45.401998004921516,45.7769775390625,4551900,0.0,0.0
2025-11-05 00:00:00-05:00,45.6585639773599,46.329578395586104,45.6585639773599,45.944732666015625,5265400,0.0,0.0
2025-11-06 00:00:00-05:00,45.757242959109625,46.3789188832474,45.638829752131755,46.26050567626953,5700500,0.0,0.0
2025-11-07 00:00:00-05:00,45.51054361697679,47.17821342624999,44.84939917644647,47.079532623291016,6780100,0.0,0.0
2025-11-10 00:00:00-05:00,47.119006698010026,47.46438011050018,46.66508628036928,47.28675842285156,4987200,0.0,0.0
2025-11-11 00:00:00-05:00,47.36570204094595,47.78015012694608,47.306493558251155,47.65187072753906,4253600,0.0,0.0
2025-11-12 00:00:00-05:00,47.78014982716524,48.20446787309616,47.385437904539856,48.06631851196289,5350200,0.0,0.0
2025-11-13 00:00:00-05:00,48.12552755697339,48.25381072136323,47.31636377719962,47.62226486206055,12242000,0.0,0.0
2025-11-14 00:00:00-05:00,46.7538950320294,47.25715394832184,46.28023847425777,47.24728775024414,5799500,0.0,0.0
2025-11-17 00:00:00-05:00,47.16834563219948,47.81962390451787,47.04006246459934,47.1190071105957,5182100,0.0,0.0
2025-11-18 00:00:00-05:00,47.049929925629655,47.80975516364567,46.82296972689049,47.63213348388672,5467200,0.0,0.0
2025-11-19 00:00:00-05:00,47.45451344987595,48.007114668766924,47.20781708213159,47.977508544921875,3071200,0.0,0.0
2025-11-20 00:00:00-05:00,48.05645505882554,48.10579358143609,47.47425145772998,47.661739349365234,2903100,0.0,0.0
2025-11-21 00:00:00-05:00,47.563062005327616,47.701211373484405,47.04993309196816,47.306495666503906,4052800,0.0,0.0
2025-11-24 00:00:00-05:00,47.3163627731122,47.365701292434274,46.62561220973999,46.69468688964844,6289800,0.0,0.0
2025-11-25 00:00:00-05:00,46.586141379801916,47.13874260104614,46.51706669768237,46.9315185546875,3891900,0.0,0.0
2025-11-26 00:00:00-05:00,47.15847789113326,47.424910416224655,46.92164772517832,47.405174255371094,2824200,0.0,0.0
2025-11-28 00:00:00-05:00,47.58279758419129,48.17486737312091,47.46438061497504,48.13539505004883,2097800,0.0,0.0
2025-12-01 00:00:00-05:00,48.0268482472139,48.569583281034625,47.92817120340355,48.24394226074219,5246300,0.0,0.0
2025-12-02 00:00:00-05:00,48.25381223837491,48.45116632605565,47.33610142636534,47.47425079345703,5064100,0.0,0.0
2025-12-03 00:00:00-05:00,47.88869858762074,47.9873793951162,47.08940475049102,47.1190071105957,4870500,0.0,0.0
2025-12-04 00:00:00-05:00,47.11900710576521,47.74068301791519,47.0696685841665,47.50385284423828,4179600,0.0,0.0
2025-12-05 00:00:00-05:00,47.50385207059989,47.79002076121503,47.286758061955595,47.45451354980469,4736500,0.0,0.0
2025-12-08 00:00:00-05:00,47.45451509387074,47.69134527139662,46.98085850310695,47.553192138671875,2682700,0.0,0.0
2025-12-09 00:00:00-05:00,47.661736598580696,47.99724380297185,46.9019113485099,46.911781311035156,2987900,0.0,0.0
2025-12-10 00:00:00-05:00,47.030196638179206,47.06966896148977,46.35918219905148,46.56640625,3058200,0.0,0.0
2025-12-11 00:00:00-05:00,46.674953663481254,46.97098856231291,46.51706813315184,46.78350067138672,2448900,0.0,0.0
2025-12-12 00:00:00-05:00,46.783500564674206,47.158480109959235,46.67495355701633,46.92164993286133,2107100,0.0,0.0
2025-12-15 00:00:00-05:00,46.97098592962586,47.188079933268845,46.773631850991606,47.049930572509766,1913600,0.0,0.0
2025-12-16 00:00:00-05:00,47.00059297374073,47.138742337206594,46.05327606201172,46.05327606201172,2959800,0.0,0.0
2025-12-17 00:00:00-05:00,45.994072521928096,46.45786290912696,45.62896294279704,46.31970977783203,2870200,0.0,0.0
2025-12-18 00:00:00-05:00,46.309844306637046,46.447993675814196,46.102620252871326,46.12235641479492,2784800,0.0,0.0
2025-12-19 00:00:00-05:00,46.280241742466934,46.70455981123904,46.00393924103916,46.01380920410156,3569700,0.0,0.0
2025-12-22 00:00:00-05:00,46.09274941254805,46.26050490356193,45.82631687808219,46.21116638183594,3138900,0.0,0.0
2025-12-23 00:00:00-05:00,46.369052002414,46.89204710947088,46.30984351765197,46.842708587646484,2250300,0.0,0.0
2025-12-24 00:00:00-05:00,46.941384546493786,47.01045922830924,46.724290538337904,46.82297134399414,1208900,0.0,0.0
2025-12-26 00:00:00-05:00,46.87231032936256,47.06966817834377,46.75389712568899,46.901912689208984,927000,0.0,0.0
2025-12-29 00:00:00-05:00,46.87230966135031,47.375568593006584,46.8624434629714,47.09926986694336,2207900,0.0,0.0
2025-12-30 00:00:00-05:00,47.11900797783807,47.513723686508975,47.08940561718855,47.415042877197266,2308100,0.0,0.0
2025-12-31 00:00:00-05:00,47.405176322072776,47.54332568978275,46.980858255941875,47.19795227050781,2244500,0.0,0.0
2026-01-02 00:00:00-05:00,47.28675775440091,47.64200112467639,46.81310118212955,47.48411560058594,3117800,0.0,0.0
2026-01-05 00:00:00-05:00,47.296628814832864,47.35583729934896,45.41186868038148,45.96446990966797,8362400,0.0,0.0
2026-01-06 00:00:00-05:00,46.07301153110388,46.26050317666672,44.928340554066764,45.09609603881836,8396400,0.0,0.0
2026-01-07 00:00:00-05:00,44.99741470525563,45.25398102849475,44.553364267235445,44.63230514526367,4661400,0.0,0.0
2026-01-08 00:00:00-05:00,44.60270222218557,44.967811777557834,44.434946741530624,44.69151306152344,6166200,0.0,0.0
2026-01-09 00:00:00-05:00,44.750720816349435,45.17503888151646,44.72111845598967,45.02702331542969,4211000,0.0,0.0
2026-01-12 00:00:00-05:00,45.13556934079373,45.44147042929264,44.92834152991864,45.25398254394531,4904000,0.0,0.0
2026-01-13 00:00:00-05:00,45.40199723684201,45.727638244628906,45.06649003076813,45.727638244628906,4304700,0.0,0.0
2026-01-14 00:00:00-05:00,45.78684575581047,46.29010467210036,45.69803491596076,45.95459747314453,5311700,0.0,0.0
2026-01-15 00:00:00-05:00,45.875658089389155,46.27037001823829,45.727638763390836,46.191429138183594,3198400,0.0,0.0
2026-01-16 00:00:00-05:00,46.428255548947746,46.97098680386899,46.30984234670569,46.96112060546875,4772500,0.0,0.0
2026-01-20 00:00:00-05:00,46.9611225796878,46.990724940420826,46.3394466542784,46.5072021484375,6340500,0.0,0.0
2026-01-21 00:00:00-05:00,46.734159519231476,47.04993056212187,46.53680167635304,46.66508483886719,6388100,0.0,0.0
2026-01-22 00:00:00-05:00,46.753896354057304,47.16834444221865,46.54666854568882,46.85257339477539,4055000,0.0,0.0
2026-01-23 00:00:00-05:00,47.119006542838854,47.6617378025166,46.95125481854975,47.56306076049805,4681500,0.0,0.0
2026-01-26 00:00:00-05:00,47.859093666829864,48.04658154460789,47.00059139113677,47.24728775024414,3702200,0.0,0.0
2026-01-27 00:00:00-05:00,47.059796011507856,47.50385020984648,46.724288813239525,47.38543701171875,6068400,0.0,0.0
2026-01-28 00:00:00-05:00,47.36570321734669,47.997245324625254,47.28675857179293,47.918304443359375,9139200,0.0,0.0
2026-01-29 00:00:00-05:00,48.283412476457016,48.64852203976415,48.066318472404674,48.589317321777344,4171100,0.0,0.0
2026-01-30 00:00:00-05:00,48.51037401858563,48.648523383420844,47.46438005523804,48.194602966308594,4711500,0.0,0.0
2026-02-02 00:00:00-05:00,47.790021434471605,48.22420569358905,47.32623105102968,47.64200210571289,6738900,0.0,0.0
2026-02-03 00:00:00-05:00,47.74068037322289,48.776804326549374,47.67160569395363,48.67812728881836,4955900,0.0,0.0
2026-02-04 00:00:00-05:00,48.83601360550642,49.57610269344166,48.697860480423465,49.49715805053711,5244000,0.0,0.0
2026-02-05 00:00:00-05:00,49.388611669757694,49.94121288417532,49.260328505568495,49.82279968261719,4381600,0.0,0.0
2026-02-06 00:00:00-05:00,49.9313432827276,50.276720455844874,49.40834818813223,49.65504455566406,6638200,0.0,0.0
2026-02-09 00:00:00-05:00,49.89187426296529,50.27671999046663,49.39848153246864,49.9609489440918,6383500,0.0,0.0
2026-02-10 00:00:00-05:00,50.10896635646395,50.55302058317869,49.803065261395524,50.41487121582031,4918200,0.0,0.0
2026-02-11 00:00:00-05:00,50.52341626781986,51.15495835947085,50.51354630522594,50.86878967285156,4477100,0.0,0.0
2026-02-12 00:00:00-05:00,50.96747274187504,51.48059789092416,50.84905577121329,51.15496063232422,7064000,0.0,0.0
2026-02-13 00:00:00-05:00,51.80623805650382,53.48377413690534,51.559541684806184,53.16800308227539,20312900,0.0,0.0
2026-02-17 00:00:00-05:00,52.08000183105469,52.25,50.65999984741211,51.439998626708984,8027000,0.712,0.0
2026-02-18 00:00:00-05:00,51.369998931884766,51.7599983215332,50.810001373291016,50.88999938964844,6191900,0.0,0.0
2026-02-19 00:00:00-05:00,51.189998626708984,51.900001525878906,51.0099983215332,51.59000015258789,6695700,0.0,0.0
2026-02-20 00:00:00-05:00,51.599998474121094,51.81999969482422,51.209999084472656,51.52000045776367,7223200,0.0,0.0
2026-02-23 00:00:00-05:00,51.95000076293945,52.4900016784668,51.66999816894531,52.349998474121094,3325500,0.0,0.0
2026-02-24 00:00:00-05:00,52.27000045776367,52.459999084472656,51.88999938964844,52.400001525878906,2967900,0.0,0.0
2026-02-25 00:00:00-05:00,52.2599983215332,52.540000915527344,51.77000045776367,52.40999984741211,3106400,0.0,0.0
2026-02-26 00:00:00-05:00,52.310001373291016,52.75,52.040000915527344,52.25,4156300,0.0,0.0
2026-02-27 00:00:00-05:00,52.45000076293945,53.689998626708984,52.400001525878906,53.13999938964844,7779700,0.0,0.0
2026-03-02 00:00:00-05:00,53.63999938964844,54.06999969482422,53.22999954223633,53.959999084472656,5903400,0.0,0.0
2026-03-03 00:00:00-05:00,53.869998931884766,54.41999816894531,53.06999969482422,54.33000183105469,6198800,0.0,0.0
2026-03-04 00:00:00-05:00,54.0,54.22999954223633,53.619998931884766,54.16999816894531,4202200,0.0,0.0
2026-03-05 00:00:00-05:00,54.04999923706055,54.2400016784668,53.59000015258789,53.880001068115234,5078900,0.0,0.0
2026-03-06 00:00:00-05:00,54.15999984741211,54.2400016784668,53.61000061035156,54.060001373291016,5298000,0.0,0.0
2026-03-09 00:00:00-04:00,54.06999969482422,54.25,53.650001525878906,53.939998626708984,4558400,0.0,0.0
2026-03-10 00:00:00-04:00,53.939998626708984,54.15999984741211,53.619998931884766,53.70000076293945,3749700,0.0,0.0
2026-03-11 00:00:00-04:00,53.91999816894531,53.9900016784668,53.29999923706055,53.63999938964844,3251800,0.0,0.0
2026-03-12 00:00:00-04:00,53.869998931884766,54.32500076293945,53.625,53.630001068115234,3515962,0.0,0.0
