Date,Open,High,Low,Close,Volume,Dividends,Stock Splits
2022-01-03 00:00:00-05:00,9.323500313070708,9.422562548354998,9.265228213824447,9.375945091247559,138000,0.0,0.0
2022-01-04 00:00:00-05:00,9.422559518649711,9.47500427996361,9.381769395727233,9.393424034118652,81300,0.0,0.0
2022-01-05 00:00:00-05:00,9.375943780907013,9.416733911244393,9.236091429129841,9.247745513916016,140100,0.0,0.0
2022-01-06 00:00:00-05:00,9.241917178162504,9.375942750681832,9.177818329572089,9.201127052307129,118800,0.0,0.0
2022-01-07 00:00:00-05:00,9.206954161208841,9.335152411179479,9.206954161208841,9.323497772216797,83700,0.0,0.0
2022-01-10 00:00:00-05:00,9.335152842771944,9.393424928831903,9.265226117210473,9.364288330078125,119200,0.0,0.0
2022-01-11 00:00:00-05:00,9.399251626832466,9.469178356037093,9.329326009075494,9.451696395874023,153600,0.0,0.0
2022-01-12 00:00:00-05:00,9.486658747625544,9.597374476009032,9.463349471262196,9.539103507995605,121900,0.0,0.0
2022-01-13 00:00:00-05:00,9.550759528087244,9.638168225821573,9.533278677698588,9.562414169311523,110300,0.0,0.0
2022-01-14 00:00:00-05:00,9.591548800949493,9.609030761218484,9.445869133050886,9.480833053588867,185800,0.0,0.0
2022-01-18 00:00:00-05:00,9.410474545177484,9.516012761408023,9.410474545177484,9.457380294799805,109900,0.1,0.0
2022-01-19 00:00:00-05:00,9.457377869242636,9.457377869242636,9.281481632851806,9.30493450164795,104500,0.0,0.0
2022-01-20 00:00:00-05:00,9.304937108461544,9.375295734561213,9.1524931389986,9.164219856262207,114500,0.0,0.0
2022-01-21 00:00:00-05:00,9.093860827594572,9.117313701922914,8.349231089138607,8.448905944824219,651000,0.0,0.0
2022-01-24 00:00:00-05:00,8.39613673174607,8.413726806640625,7.938805408539507,8.413726806640625,361500,0.0,0.0
2022-01-25 00:00:00-05:00,8.273009901591495,8.67170936258987,8.231967507368962,8.583761215209961,184700,0.0,0.0
2022-01-26 00:00:00-05:00,8.659982027641323,8.783109193585208,8.366820830645919,8.46063232421875,182700,0.0,0.0
2022-01-27 00:00:00-05:00,8.554444050833318,8.654118905259965,8.40786344834244,8.413726806640625,104100,0.0,0.0
2022-01-28 00:00:00-05:00,8.431312352633817,8.519260449055222,8.319910834062322,8.478218078613281,96000,0.0,0.0
2022-01-31 00:00:00-05:00,8.560308037317304,8.970733642578125,8.507538927082503,8.970733642578125,240900,0.0,0.0
2022-02-01 00:00:00-05:00,9.140766301142445,9.293210259268893,9.035228090260965,9.246304512023926,241200,0.0,0.0
2022-02-02 00:00:00-05:00,9.357706334991285,9.474970713292297,9.222851880574625,9.439791679382324,267200,0.0,0.0
2022-02-03 00:00:00-05:00,9.392882706881222,9.516009842501758,9.158353471547633,9.170080184936523,169600,0.0,0.0
2022-02-04 00:00:00-05:00,9.205260669835052,9.252166412524716,8.947279085041906,9.152491569519043,249700,0.0,0.0
2022-02-07 00:00:00-05:00,9.193533387831152,9.310797730194205,9.146627650885932,9.158353805541992,142600,0.0,0.0
2022-02-08 00:00:00-05:00,9.12317734840175,9.269757957373008,9.099724473332774,9.18767261505127,73000,0.0,0.0
2022-02-09 00:00:00-05:00,9.216989399530343,9.31666426432071,9.187673164151878,9.240442276000977,101000,0.0,0.0
2022-02-10 00:00:00-05:00,9.240438187383127,9.428061116130664,9.205258608662747,9.269754409790039,127500,0.0,0.0
2022-02-11 00:00:00-05:00,9.246305082304032,9.410474648626211,9.15835638142489,9.18767261505127,141800,0.0,0.0
2022-02-14 00:00:00-05:00,9.087997195701705,9.316663132891374,9.087997195701705,9.246304512023926,153100,0.0,0.0
2022-02-15 00:00:00-05:00,9.369432397023377,9.37529575566838,9.205262269087877,9.351842880249023,119500,0.0,0.0
2022-02-16 00:00:00-05:00,9.39874782817135,9.60982311719564,9.322525295153872,9.574644088745117,162600,0.0,0.0
2022-02-17 00:00:00-05:00,9.527451748834414,9.5510496932058,9.303276903365852,9.332773208618164,118400,0.1,0.0
2022-02-18 00:00:00-05:00,9.332772423622371,9.427161942744807,9.303276120851045,9.374068260192871,83800,0.0,0.0
2022-02-22 00:00:00-05:00,9.309172744672193,9.338669602764329,9.049601631194095,9.120393753051758,143300,0.0,0.0
2022-02-23 00:00:00-05:00,9.21478257921893,9.267876807405237,8.972909373130857,8.990607261657715,112500,0.0,0.0
2022-02-24 00:00:00-05:00,8.760535973253255,9.020107155283268,8.601253235053123,8.955214500427246,163400,0.0,0.0
2022-02-25 00:00:00-05:00,8.937513399318687,9.143990836804972,8.937513399318687,9.090896606445312,69300,0.0,0.0
2022-02-28 00:00:00-05:00,9.026003886889413,9.285574989716872,9.002406513905099,9.179387092590332,118000,0.0,0.0
2022-03-01 00:00:00-05:00,9.202983820275294,9.250178562934698,8.884419026021456,8.967009544372559,173500,0.0,0.0
2022-03-02 00:00:00-05:00,9.202984174168842,9.35046789130228,9.079097829272524,9.149889945983887,107500,0.0,0.0
2022-03-03 00:00:00-05:00,9.197084931438647,9.197084931438647,8.984708013134162,9.02600383758545,124200,0.0,0.0
2022-03-04 00:00:00-05:00,8.978811092441465,9.014206878308242,8.843125746336495,8.937515258789062,99100,0.0,0.0
2022-03-07 00:00:00-05:00,8.961111385004754,8.996507728532414,8.618949168862477,8.654345512390137,131600,0.0,0.0
2022-03-08 00:00:00-05:00,8.677946986551435,8.825430789475417,8.613054315803064,8.683846473693848,102600,0.0,0.0
2022-03-09 00:00:00-05:00,8.831325853264827,8.949312723986628,8.754634246644214,8.778231620788574,115100,0.0,0.0
2022-03-10 00:00:00-05:00,8.064412882466456,8.064412882466456,7.793042713273801,7.863834857940674,1787600,0.0,0.0
2022-03-11 00:00:00-05:00,7.905126354462949,8.023113768420709,7.857931613922118,7.857931613922119,436300,0.0,0.0
2022-03-14 00:00:00-04:00,7.905125785099634,8.082106330683642,7.857931047957985,7.9582200050354,350600,0.0,0.0
2022-03-15 00:00:00-04:00,8.017216901658086,8.082109550428326,7.952323690281976,7.975921630859375,175100,0.0,0.0
2022-03-16 00:00:00-04:00,8.064410962716135,8.200095733709436,7.99951831953749,8.182397842407227,378900,0.0,0.0
2022-03-17 00:00:00-04:00,8.253703091216288,8.307182331527255,8.087321343499509,8.176454544067383,305100,0.1,0.0
2022-03-18 00:00:00-04:00,8.17051440103455,8.289358133529456,8.117034579738938,8.212109565734863,194300,0.0,0.0
2022-03-21 00:00:00-04:00,8.259647058732826,8.313126880028438,8.20616780412883,8.212109565734863,154100,0.0,0.0
2022-03-22 00:00:00-04:00,8.31312720892903,8.31906953746178,8.212109890638805,8.265589714050293,210800,0.0,0.0
2022-03-23 00:00:00-04:00,8.265586228172358,8.396314567302129,8.212106427315115,8.31312370300293,207400,0.0,0.0
2022-03-24 00:00:00-04:00,8.366601624445613,8.366601624445613,8.271526696141432,8.325006484985352,131300,0.0,0.0
2022-03-25 00:00:00-04:00,8.289354965587645,8.354719418498231,8.283412639560972,8.31312370300293,137400,0.0,0.0
2022-03-28 00:00:00-04:00,8.336894387557944,8.431969359424508,8.313125644591302,8.396316528320312,202100,0.0,0.0
2022-03-29 00:00:00-04:00,8.384433486088513,8.437913309722235,8.319069572031541,8.35472297668457,176700,0.0,0.0
2022-03-30 00:00:00-04:00,8.354722944422512,8.420086858227078,8.295300792460806,8.342838287353516,122500,0.0,0.0
2022-03-31 00:00:00-04:00,8.390373825854848,8.426027222056865,8.259645462036133,8.259645462036133,195400,0.0,0.0
2022-04-01 00:00:00-04:00,8.319071740596211,8.342840494330243,8.265591903021692,8.3071870803833,102300,0.0,0.0
2022-04-04 00:00:00-04:00,8.32500900618829,8.50921659389151,8.295297940422513,8.408199310302734,333800,0.0,0.0
2022-04-05 00:00:00-04:00,8.426026605622805,8.52110156628398,8.342835731698544,8.384430885314941,183400,0.0,0.0
2022-04-06 00:00:00-04:00,8.366606745015002,8.408201909932528,8.319069251768795,8.378491401672363,152600,0.0,0.0
2022-04-07 00:00:00-04:00,8.396316830116106,8.449796645386202,8.319068271025031,8.366605758666992,168200,0.0,0.0
2022-04-08 00:00:00-04:00,8.414142645829083,8.515159941531984,8.325010004534292,8.497333526611328,146800,0.0,0.0
2022-04-11 00:00:00-04:00,8.49733126818686,8.509215352744903,8.402256324957074,8.443851470947266,114500,0.0,0.0
2022-04-12 00:00:00-04:00,8.4082022196795,8.50327777636599,8.4082022196795,8.426029205322266,202200,0.0,0.0
2022-04-13 00:00:00-04:00,8.426029464706328,8.455739974975586,8.396318387745412,8.455739974975586,194300,0.0,0.0
2022-04-14 00:00:00-04:00,8.485446578614273,8.497331229810001,8.420082697111841,8.431966781616211,189400,0.0,0.0
2022-04-18 00:00:00-04:00,8.527721798649925,8.557643743665107,8.425987528026484,8.515752792358398,171600,0.1,0.0
2022-04-19 00:00:00-04:00,8.4798452426272,8.527720116924783,8.414017433146402,8.473860740661621,177700,0.0,0.0
2022-04-20 00:00:00-04:00,8.485828399658203,8.551656198705832,8.461890966303299,8.485828399658203,190100,0.0,0.0
2022-04-21 00:00:00-04:00,8.497797855930267,8.557641731892236,8.384095176458723,8.402048110961914,204100,0.0,0.0
2022-04-22 00:00:00-04:00,8.402045911747052,8.425983341723578,8.222514901566443,8.246452331542969,190800,0.0,0.0
2022-04-25 00:00:00-04:00,8.27039157470642,8.276376076190921,7.923298478594023,8.13275146484375,284100,0.0,0.0
2022-04-26 00:00:00-04:00,8.192595063720427,8.204564067122122,7.875423892850943,7.89337682723999,176400,0.0,0.0
2022-04-27 00:00:00-04:00,7.875425747053393,7.911332194998853,7.731801096698812,7.761723041534424,233800,0.0,0.0
2022-04-28 00:00:00-04:00,7.833533747985736,7.917314491356592,7.665971690530511,7.851486682891846,211700,0.0,0.0
2022-04-29 00:00:00-04:00,7.839518358286579,7.88140873055139,7.6121124203810755,7.618096351623535,172300,0.0,0.0
2022-05-02 00:00:00-04:00,7.654003255720407,7.707862635155717,7.366753993016822,7.534316062927246,289600,0.0,0.0
2022-05-03 00:00:00-04:00,7.5582492361002345,7.743764137558667,7.540296309991116,7.683920860290527,127300,0.0,0.0
2022-05-04 00:00:00-04:00,7.636047706547421,7.636047706547421,6.9538300849999475,7.540297985076904,700300,0.0,0.0
2022-05-05 00:00:00-04:00,7.5941583162182,7.76770486427432,7.516362079773624,7.6540021896362305,240100,0.0,0.0
2022-05-06 00:00:00-04:00,7.642033583164173,7.671954948477592,7.450533535020214,7.510377407073975,180600,0.0,0.0
2022-05-09 00:00:00-04:00,7.37872183257684,7.498409015729093,7.199190772491708,7.241081714630127,283900,0.0,0.0
2022-05-10 00:00:00-04:00,7.3487998941104005,7.390690836248819,7.163284902902785,7.241081714630127,247900,0.0,0.0
2022-05-11 00:00:00-04:00,7.265017651666258,7.306908014444453,7.127376991416863,7.1932053565979,218700,0.0,0.0
2022-05-12 00:00:00-04:00,7.181237822980309,7.235097197966823,7.01367576691055,7.145331382751465,197500,0.0,0.0
2022-05-13 00:00:00-04:00,7.199192885858632,7.3128961712666944,7.193208952979529,7.217146396636963,240600,0.0,0.0
2022-05-16 00:00:00-04:00,7.39069140859823,7.480456660235638,7.259035211578289,7.354784965515137,280900,0.0,0.0
2022-05-17 00:00:00-04:00,7.487521022954683,7.493554618837661,7.348751770018424,7.397019386291504,219900,0.1,0.0
2022-05-18 00:00:00-04:00,7.330650779205977,7.39701918128864,7.155680531216393,7.179814338684082,158600,0.0,0.0
2022-05-19 00:00:00-04:00,7.161716427373221,7.216017655466656,7.089314981713821,7.107415199279785,145100,0.0,0.0
2022-05-20 00:00:00-04:00,7.228081979350167,7.228081979350167,7.004844115630516,7.119480133056641,147400,0.0,0.0
2022-05-23 00:00:00-04:00,7.197916466584902,7.197916466584902,7.089314025053281,7.143615245819092,206000,0.0,0.0
2022-05-24 00:00:00-04:00,7.143613406855179,7.203947633533462,6.980709786493652,7.065178394317627,143800,0.0,0.0
2022-05-25 00:00:00-04:00,7.065180721511493,7.234117417410042,7.047080505085526,7.1979169845581055,188100,0.0,0.0
2022-05-26 00:00:00-04:00,7.228081758198017,7.348751367669346,7.20394795138282,7.318583965301514,187700,0.0,0.0
2022-05-27 00:00:00-04:00,7.384950106427712,7.397017294781665,7.306515108312644,7.366849899291992,158100,0.0,0.0
2022-05-31 00:00:00-04:00,7.354785312495729,7.4271873174392935,7.3306515026463455,7.4151201248168945,179900,0.0,0.0
2022-06-01 00:00:00-04:00,7.39702007469962,7.433220502575757,7.294451236724854,7.2944512367248535,199400,0.0,0.0
2022-06-02 00:00:00-04:00,7.294450730892708,7.409086178411673,7.294450730892708,7.39098596572876,156800,0.0,0.0
2022-06-03 00:00:00-04:00,7.39701680298498,7.427184196468949,7.324615403860555,7.330648422241211,131800,0.0,0.0
2022-06-06 00:00:00-04:00,7.330649451417595,7.366850443759781,7.294449034470662,7.324616432189941,148400,0.0,0.0
2022-06-07 00:00:00-04:00,7.270317172605939,7.354785218299249,7.25824998013809,7.342718601226807,175100,0.0,0.0
2022-06-08 00:00:00-04:00,7.312548515890627,7.342715910610499,7.240147113800049,7.240147113800049,211400,0.0,0.0
2022-06-09 00:00:00-04:00,7.2642829525186725,7.276350143950196,7.179814338684082,7.179814338684082,201200,0.0,0.0
2022-06-10 00:00:00-04:00,7.167745947806299,7.20997995656814,7.1194783448227055,7.191879749298096,206300,0.0,0.0
2022-06-13 00:00:00-04:00,7.119479196792577,7.149646596116183,6.866073963106744,6.890207767486572,287000,0.0,0.0
2022-06-14 00:00:00-04:00,6.932442331649613,6.932442331649613,6.691104268692183,6.811773300170898,214400,0.0,0.0
2022-06-15 00:00:00-04:00,6.908307740878842,7.083277960503012,6.84797351968842,6.974676132202148,229100,0.0,0.0
2022-06-16 00:00:00-04:00,6.846868995095642,6.877299640045989,6.4756167518669825,6.530391216278076,316200,0.1,0.0
2022-06-17 00:00:00-04:00,6.463440148765148,6.658195223850591,6.420837621194184,6.62776517868042,259600,0.0,0.0
2022-06-21 00:00:00-04:00,6.761660464332111,6.877296750474321,6.639938516089812,6.6703691482543945,227500,0.0,0.0
2022-06-22 00:00:00-04:00,6.670371186430786,6.87729885187884,6.66428494205497,6.786006927490234,161800,0.0,0.0
2022-06-23 00:00:00-04:00,6.792093623103368,6.9381600153297045,6.786007378323209,6.8772993087768555,123800,0.0,0.0
2022-06-24 00:00:00-04:00,6.919901898433095,7.102485179901123,6.919901898433095,7.102485179901123,191100,0.0,0.0
2022-06-27 00:00:00-04:00,7.175514902396762,7.242461821675806,7.120739886433921,7.138998031616211,145400,0.0,0.0
2022-06-28 00:00:00-04:00,7.18160462121781,7.260724062534496,7.09031269027567,7.102485179901123,100800,0.0,0.0
2022-06-29 00:00:00-04:00,7.1024860057466705,7.181605456263016,7.005108399085421,7.029452800750732,94500,0.0,0.0
2022-06-30 00:00:00-04:00,6.962503266972498,7.114655878912088,6.9259869651400425,7.023364543914795,125300,0.0,0.0
2022-07-01 00:00:00-04:00,7.02945260923644,7.272896619257042,7.02945260923644,7.242465972900391,207300,0.0,0.0
2022-07-05 00:00:00-04:00,7.2363786697387695,7.242464333299341,7.084226052817219,7.2363786697387695,209400,0.0,0.0
2022-07-06 00:00:00-04:00,7.242464284309403,7.254636772180551,7.139000459069312,7.212034225463867,109200,0.0,0.0
2022-07-07 00:00:00-04:00,7.224206552799308,7.266809101992109,7.187690247895822,7.230292797088623,197600,0.0,0.0
2022-07-08 00:00:00-04:00,7.260723057307134,7.303325604265508,7.199861778438453,7.2789812088012695,171100,0.0,0.0
2022-07-11 00:00:00-04:00,7.266808728790143,7.30332561223443,7.21811993780854,7.2363786697387695,138600,0.0,0.0
2022-07-12 00:00:00-04:00,7.266808728790143,7.266808728790143,7.212034274247968,7.2363786697387695,139700,0.0,0.0
2022-07-13 00:00:00-04:00,7.1876901907158395,7.291153440730107,7.1876901907158395,7.248550891876221,175500,0.0,0.0
2022-07-14 00:00:00-04:00,7.2607247089641636,7.272896619257042,7.151174614246742,7.242465972900391,143800,0.0,0.0
2022-07-15 00:00:00-04:00,7.303325653076172,7.382445083967772,7.15725927931453,7.303325653076172,316700,0.0,0.0
2022-07-18 00:00:00-04:00,7.364699429169077,7.450621133215123,7.340150454483596,7.413797378540039,176500,0.1,0.0
2022-07-19 00:00:00-04:00,7.4199348658403865,7.5242681559453475,7.407660085689812,7.4874444007873535,123200,0.0,0.0
2022-07-20 00:00:00-04:00,7.511990596678061,7.604049657868245,7.511990596678061,7.573363304138184,100500,0.0,0.0
2022-07-21 00:00:00-04:00,7.579502652828817,7.653149569657979,7.524267318883529,7.628600597381592,93500,0.0,0.0
2022-07-22 00:00:00-04:00,7.6654271382543655,7.702250905529369,7.579505990102566,7.622466564178467,120100,0.0,0.0
2022-07-25 00:00:00-04:00,7.683832855096836,7.683832855096836,7.49357795715332,7.49357795715332,142100,0.0,0.0
2022-07-26 00:00:00-04:00,7.499719175340494,7.579503490378489,7.48744439519908,7.52426815032959,62300,0.0,0.0
2022-07-27 00:00:00-04:00,7.57950270582545,7.665423816746741,7.530404760929378,7.647012233734131,72100,0.0,0.0
2022-07-28 00:00:00-04:00,7.671561914199552,7.849542127197233,7.653150329487716,7.8188557624816895,178900,0.0,0.0
2022-07-29 00:00:00-04:00,7.86795155090614,7.978422199422859,7.824991003280111,7.966147422790527,158500,0.0,0.0
2022-08-01 00:00:00-04:00,7.990699879126723,8.082758396140383,7.917052363163261,8.058209419250488,113100,0.0,0.0
2022-08-02 00:00:00-04:00,8.039794495843594,8.131852974646709,7.984559174444311,8.021382331848145,133600,0.0,0.0
2022-08-03 00:00:00-04:00,7.996832829502181,8.358930503049123,7.996832829502181,8.309832572937012,292300,0.0,0.0
2022-08-04 00:00:00-04:00,8.365071165698328,8.365071165698328,8.223914122390601,8.266875267028809,159300,0.0,0.0
2022-08-05 00:00:00-04:00,8.254599427631748,8.309834759867739,8.088894016217425,8.156403541564941,193000,0.0,0.0
2022-08-08 00:00:00-04:00,8.23005063338011,8.358932882942169,8.23005063338011,8.315972328186035,170200,0.0,0.0
2022-08-09 00:00:00-04:00,8.340518285466166,8.377341437577416,8.180949732201551,8.205498695373535,119500,0.0,0.0
2022-08-10 00:00:00-04:00,8.297560762473546,8.395756650856532,8.273011205084137,8.346658706665039,374500,0.0,0.0
2022-08-11 00:00:00-04:00,8.38961987951839,8.444855217126067,8.377345099919483,8.408031463623047,166300,0.0,0.0
2022-08-12 00:00:00-04:00,8.48167701986257,8.567598707341201,8.44485385758145,8.493951797485352,153500,0.0,0.0
2022-08-15 00:00:00-04:00,8.524636795758866,8.561459952163192,8.42644034632912,8.506224632263184,176900,0.0,0.0
2022-08-16 00:00:00-04:00,8.530777783862796,8.561464152784794,8.444856653233762,8.475543022155762,251100,0.0,0.0
2022-08-17 00:00:00-04:00,8.450812038239196,8.487903787050017,8.277715834809019,8.283897399902344,196800,0.1,0.0
2022-08-18 00:00:00-04:00,8.2529889334862,8.283898531864654,8.160258369662442,8.172622680664062,141100,0.0,0.0
2022-08-19 00:00:00-04:00,8.092253653761794,8.154073418889261,8.018069581871277,8.048979759216309,168500,0.0,0.0
2022-08-22 00:00:00-04:00,8.024252574661421,8.024252574661421,7.875884404458754,7.9129767417907715,239500,0.0,0.0
2022-08-23 00:00:00-04:00,7.888248429195828,8.036616594052523,7.863520401719712,7.925340175628662,156000,0.0,0.0
2022-08-24 00:00:00-04:00,7.974797630444456,8.024253694078004,7.931523722155797,8.018072128295898,113500,0.0,0.0
2022-08-25 00:00:00-04:00,8.036619485487963,8.092257714717558,8.036619485487963,8.067529678344727,109500,0.0,0.0
2022-08-26 00:00:00-04:00,8.055164037967614,8.104620102563421,7.919160155110544,7.943888187408447,122500,0.0,0.0
2022-08-29 00:00:00-04:00,7.89443028625928,7.90679400475055,7.826427771087996,7.857337951660156,149900,0.0,0.0
2022-08-30 00:00:00-04:00,7.857340726153332,7.900614640497145,7.770792307902839,7.801702499389648,112700,0.0,0.0
2022-08-31 00:00:00-04:00,7.807881284951956,7.882065358757454,7.746060928666068,7.758425235748291,111600,0.0,0.0
2022-09-01 00:00:00-04:00,7.752245235996302,7.758427391254988,7.572966860433849,7.6409687995910645,140100,0.0,0.0
2022-09-02 00:00:00-04:00,7.727518207123108,7.83261250190501,7.628606068401988,7.647151947021484,111700,0.0,0.0
2022-09-06 00:00:00-04:00,7.628606809977215,7.640970533737804,7.480238587472693,7.486420154571533,175400,0.0,0.0
2022-09-07 00:00:00-04:00,7.4802375879336624,7.597695600997143,7.4802375879336624,7.5791497230529785,69800,0.0,0.0
2022-09-08 00:00:00-04:00,7.523509172514342,7.597693250907492,7.511144864667494,7.585329532623291,83600,0.0,0.0
2022-09-09 00:00:00-04:00,7.610058576397195,7.6595146352727275,7.572966237459184,7.634786605834961,135000,0.0,0.0
2022-09-12 00:00:00-04:00,7.708969349190083,7.758425399437183,7.671877016723447,7.72751522064209,136200,0.0,0.0
2022-09-13 00:00:00-04:00,7.640966943633461,7.665694969099098,7.554419149285047,7.610057353973389,142200,0.0,0.0
2022-09-14 00:00:00-04:00,7.59151162312757,7.640967678817311,7.5111453852410675,7.5358734130859375,146500,0.0,0.0
2022-09-15 00:00:00-04:00,7.535873195502153,7.616239431068235,7.44932539532535,7.480235576629639,216000,0.0,0.0
2022-09-16 00:00:00-04:00,7.455303856677524,7.523872490627641,7.224663257598877,7.224663257598877,253500,0.1,0.0
2022-09-19 00:00:00-04:00,7.218428611755371,7.224662285223449,7.0750576888445185,7.218428611755371,147800,0.0,0.0
2022-09-20 00:00:00-04:00,7.168562769746037,7.243365092528004,6.894287586212158,6.894287586212158,185100,0.0,0.0
2022-09-21 00:00:00-04:00,6.900519272764378,7.087525339166242,6.900519272764378,6.950387477874756,151200,0.0,0.0
2022-09-22 00:00:00-04:00,6.919218149579432,6.969086339223459,6.782080330820502,6.794547080993652,183800,0.0,0.0
2022-09-23 00:00:00-04:00,6.732213452776547,6.769614305058313,6.526506981799349,6.595075607299805,253900,0.0,0.0
2022-09-26 00:00:00-04:00,6.620006949289153,6.676108798817332,6.252228686360493,6.308330535888672,326600,0.0,0.0
2022-09-27 00:00:00-04:00,6.3083345751716,6.426772021006661,6.127562163428155,6.214831829071045,240000,0.0,0.0
2022-09-28 00:00:00-04:00,6.2085963865022915,6.445470616256539,6.146260843865356,6.420536518096924,176500,0.0,0.0
2022-09-29 00:00:00-04:00,6.389369132811146,6.420536906012708,6.096393015877794,6.146261215209961,166200,0.0,0.0
2022-09-30 00:00:00-04:00,6.196129095536037,6.339500607091444,6.108860048435683,6.239764213562012,244800,0.0,0.0
2022-10-03 00:00:00-04:00,6.289633101631175,6.302099854954697,6.027824742602708,6.270932674407959,215200,0.0,0.0
2022-10-04 00:00:00-04:00,6.3706700095912705,6.663645591967302,6.3706700095912705,6.65117883682251,228100,0.0,0.0
2022-10-05 00:00:00-04:00,6.545207326696112,6.613775951345443,6.3395008582723005,6.5265069007873535,162700,0.0,0.0
2022-10-06 00:00:00-04:00,6.545206970060656,6.601308839205873,6.370668283978926,6.408069133758545,120600,0.0,0.0
2022-10-07 00:00:00-04:00,6.33326657883007,6.358200675814607,6.245997536622072,6.320799827575684,204800,0.0,0.0
2022-10-10 00:00:00-04:00,6.364434705473801,6.420536575453056,6.183662343582757,6.239764213562012,161900,0.0,0.0
2022-10-11 00:00:00-04:00,6.208594178716611,6.364432385416851,6.140025581779714,6.308330535888672,121200,0.0,0.0
2022-10-12 00:00:00-04:00,6.345734448639044,6.420536745770396,6.189896180996442,6.376901626586914,106800,0.0,0.0
2022-10-13 00:00:00-04:00,6.277163878680501,6.601307690924024,6.202361597657153,6.582607269287109,151900,0.0,0.0
2022-10-14 00:00:00-04:00,6.651175535998112,6.769612326237972,6.532738151282597,6.588840007781982,294000,0.0,0.0
2022-10-17 00:00:00-04:00,6.670652866363525,6.771341866584989,6.595135516043647,6.670652866363525,165200,0.1,0.0
2022-10-18 00:00:00-04:00,6.69582347720619,6.802805663789501,6.6832370551829134,6.73358154296875,100400,0.0,0.0
2022-10-19 00:00:00-04:00,6.765047225913833,6.821684926620486,6.576255090276204,6.620306968688965,108400,0.0,0.0
2022-10-20 00:00:00-04:00,6.5888429036451415,6.765048654032702,6.576256478540568,6.670652866363525,115600,0.0,0.0
2022-10-21 00:00:00-04:00,6.714702702856864,6.733581736280134,6.607720513202249,6.695823669433594,96200,0.0,0.0
2022-10-24 00:00:00-04:00,6.746169306112344,6.903496011757618,6.733582881586921,6.884616374969482,107100,0.0,0.0
2022-10-25 00:00:00-04:00,6.922373309037786,7.174095734759537,6.8909078557841665,7.130044460296631,111200,0.0,0.0
2022-10-26 00:00:00-04:00,7.1615125131098205,7.230736055272375,7.079702545015626,7.092288970947266,115000,0.0,0.0
2022-10-27 00:00:00-04:00,7.14263132759585,7.306250614453439,7.14263132759585,7.205561637878418,89400,0.0,0.0
2022-10-28 00:00:00-04:00,7.255906327948604,7.375474941071808,7.205561838261041,7.350302696228027,119500,0.0,0.0
2022-10-31 00:00:00-04:00,7.331423872416079,7.419527039179304,7.237028093861977,7.287372589111328,133800,0.0,0.0
2022-11-01 00:00:00-04:00,7.413232996940757,7.438405241746101,7.287371772914039,7.37547492980957,114500,0.0,0.0
2022-11-02 00:00:00-04:00,7.513920480647829,8.111762226053708,7.394352491658775,7.88521146774292,344100,0.0,0.0
2022-11-03 00:00:00-04:00,7.803402063870739,8.319433914654557,7.803402063870739,8.275382041931152,403600,0.0,0.0
2022-11-04 00:00:00-04:00,8.30055550885891,8.376072844632587,8.130643003752299,8.26909065246582,265500,0.0,0.0
2022-11-07 00:00:00-05:00,8.363486437558109,8.445296384670858,8.313141947050829,8.426417350769043,263200,0.0,0.0
2022-11-08 00:00:00-05:00,8.401245799856323,8.426418047190383,8.21245364477401,8.250211715698242,181700,0.0,0.0
2022-11-09 00:00:00-05:00,8.212452761430734,8.250210828293653,8.074005115908172,8.099177360534668,146800,0.0,0.0
2022-11-10 00:00:00-05:00,8.294264828365163,8.300557441016341,8.124351683553453,8.24392032623291,146900,0.0,0.0
2022-11-11 00:00:00-05:00,8.300556381026714,8.306849593028048,8.218747025624296,8.262798309326172,177100,0.0,0.0
2022-11-14 00:00:00-05:00,8.306848472967623,8.306848472967623,8.199866283984896,8.225038528442383,199700,0.0,0.0
2022-11-15 00:00:00-05:00,8.300557136535645,8.313143561683916,8.231333598681502,8.300557136535645,278200,0.0,0.0
2022-11-16 00:00:00-05:00,8.31965177167053,8.345113574368895,8.17961216035816,8.192342758178711,182800,0.15,0.0
2022-11-17 00:00:00-05:00,8.071399688720703,8.115957693564292,7.969552473616905,8.071399688720703,176600,0.0,0.0
2022-11-18 00:00:00-05:00,8.065030453677045,8.166877622910826,7.905894099985007,7.988645076751709,165100,0.0,0.0
2022-11-21 00:00:00-05:00,7.963186870997619,8.109592090946643,7.963186870997619,8.08413028717041,147700,0.0,0.0
2022-11-22 00:00:00-05:00,8.10322531582377,8.389671325683594,8.077763515731474,8.389671325683594,165700,0.0,0.0
2022-11-23 00:00:00-05:00,8.338749107751193,8.38967271637701,8.160515870503533,8.224170684814453,121600,0.0,0.0
2022-11-25 00:00:00-05:00,8.211440847380096,8.33875049721521,8.211440847380096,8.313288688659668,57900,0.0,0.0
2022-11-28 00:00:00-05:00,8.306921700595732,8.332383504908641,8.179612679031187,8.224170684814453,150900,0.0,0.0
2022-11-29 00:00:00-05:00,8.28145894979046,8.402402354689766,8.255997148387593,8.370574951171875,114000,0.0,0.0
2022-11-30 00:00:00-05:00,8.389671757516947,8.389671757516947,8.255997148387593,8.370574951171875,138700,0.0,0.0
2022-12-01 00:00:00-05:00,8.370576078373416,8.453327095840484,8.345114273541803,8.364211082458496,112800,0.0,0.0
2022-12-02 00:00:00-05:00,8.370576078373416,8.396037883205027,8.281460064991427,8.364211082458496,101000,0.0,0.0
2022-12-05 00:00:00-05:00,8.421498802919025,8.421498802919025,8.141418979208277,8.173246383666992,185600,0.0,0.0
2022-12-06 00:00:00-05:00,8.179611184454764,8.236899778398078,8.014109183132689,8.045936584472656,129600,0.0,0.0
2022-12-07 00:00:00-05:00,8.026839554884697,8.319650546318105,8.020474560440515,8.230534553527832,163900,0.0,0.0
2022-12-08 00:00:00-05:00,8.275095672297653,8.351481097964282,8.217806451283332,8.313288688659668,67100,0.0,0.0
2022-12-09 00:00:00-05:00,8.243269246228978,8.294192869433589,8.16051820675712,8.179615020751953,163000,0.0,0.0
2022-12-12 00:00:00-05:00,8.179610955631341,8.243265149473368,8.147783555181741,8.230534553527832,94100,0.0,0.0
2022-12-13 00:00:00-05:00,8.37694124632505,8.408768652476073,8.249632228778236,8.275094032287598,148100,0.0,0.0
2022-12-14 00:00:00-05:00,8.281459112033012,8.338748318076124,8.2241699059899,8.243266105651855,156500,0.0,0.0
2022-12-15 00:00:00-05:00,8.249632055268103,8.326017464189617,8.198708449320426,8.255997657775879,233500,0.0,0.0
2022-12-16 00:00:00-05:00,8.300938464200009,8.30735790474333,7.954263572613345,8.024882316589355,213700,0.11,0.0
2022-12-19 00:00:00-05:00,8.018461318345256,8.082660614208253,7.6589469758120865,7.710306167602539,284800,0.0,0.0
2022-12-20 00:00:00-05:00,7.47277058901588,7.47277058901588,6.8500395535354075,7.093996047973633,592900,0.0,0.0
2022-12-21 00:00:00-05:00,7.222392709758734,7.421410022706449,7.164613470120694,7.312271595001221,178900,0.0,0.0
2022-12-22 00:00:00-05:00,7.2865901060709595,7.466347217559814,7.183871144399101,7.4663472175598145,222200,0.0,0.0
2022-12-23 00:00:00-05:00,7.44708846191247,7.556226872693494,7.3957292818096025,7.453507900238037,109600,0.0,0.0
2022-12-27 00:00:00-05:00,7.498448825576957,7.626846796100573,7.453509076706328,7.60116720199585,191500,0.0,0.0
2022-12-28 00:00:00-05:00,7.556227980387619,7.633266761835308,7.203133106231689,7.2031331062316895,167100,0.0,0.0
2022-12-29 00:00:00-05:00,7.286590188881367,7.466347302413119,7.24165045131118,7.44708776473999,136300,0.0,0.0
2022-12-30 00:00:00-05:00,7.408568077144068,7.556226165303827,7.31868921425336,7.44708776473999,212000,0.0,0.0
2023-01-03 00:00:00-05:00,7.479187655815362,7.633265811783671,7.479187655815362,7.517707347869873,144000,0.0,0.0
2023-01-04 00:00:00-05:00,7.569069268285943,7.658948174106328,7.556229774454434,7.639688014984131,133800,0.0,0.0
2023-01-05 00:00:00-05:00,7.658946852492011,7.66536629217506,7.543388366699219,7.543388366699219,106800,0.0,0.0
2023-01-06 00:00:00-05:00,7.569068306914231,7.748825483473508,7.549808762488206,7.691046237945557,242000,0.0,0.0
2023-01-09 00:00:00-05:00,7.703886342396158,7.787345184575435,7.691046237945557,7.691046237945557,149600,0.0,0.0
2023-01-10 00:00:00-05:00,7.729564184899439,7.787343417314966,7.678205003252245,7.780923366546631,118000,0.0,0.0
2023-01-11 00:00:00-05:00,7.838702283883971,7.9799403338615305,7.793763154811449,7.896481513977051,198000,0.0,0.0
2023-01-12 00:00:00-05:00,7.928584793107195,8.0056235978384,7.864385483039527,7.935004234313965,226800,0.0,0.0
2023-01-13 00:00:00-05:00,7.941425701594202,7.999204968491631,7.896486543896249,7.9606852531433105,297500,0.0,0.0
2023-01-17 00:00:00-05:00,8.00602713631459,8.031936585258132,7.882957408265258,7.934776306152344,349300,0.11,0.0
2023-01-18 00:00:00-05:00,7.954201577192494,7.967156599680095,7.688629793491403,7.701584815979004,289100,0.0,0.0
2023-01-19 00:00:00-05:00,7.59147168754948,7.721018859474289,7.455447002596021,7.5202202796936035,449200,0.0,0.0
2023-01-20 00:00:00-05:00,7.5266983445827105,7.721019425582442,7.513743935305229,7.714541912078857,191600,0.0,0.0
2023-01-23 00:00:00-05:00,7.708066961378601,7.721021992693102,7.494313886528482,7.682157516479492,230600,0.0,0.0
2023-01-24 00:00:00-05:00,7.68215514910523,7.7145420996810525,7.643291302598006,7.675678253173828,155800,0.0,0.0
2023-01-25 00:00:00-05:00,7.662720366245674,7.708061709493332,7.552605146018958,7.701584815979004,150500,0.0,0.0
2023-01-26 00:00:00-05:00,7.708061709493332,7.727494243224733,7.6562428550018735,7.701584815979004,122800,0.0,0.0
2023-01-27 00:00:00-05:00,7.688633209122072,7.85704486989995,7.675678798609022,7.824657917022705,155700,0.0,0.0
2023-01-30 00:00:00-05:00,7.8181795951405535,7.9023854168294925,7.779315749887001,7.844089031219482,153500,0.0,0.0
2023-01-31 00:00:00-05:00,7.895907376125899,7.993068218231201,7.850566020447876,7.993068218231201,148600,0.0,0.0
2023-02-01 00:00:00-05:00,7.960680453121241,8.14852398728682,7.960680453121241,8.109660148620605,222500,0.0,0.0
2023-02-02 00:00:00-05:00,8.109660330483791,8.278071331363387,8.012499496180219,8.0254545211792,360000,0.0,0.0
2023-02-03 00:00:00-05:00,8.018979902948079,8.03841182973047,7.934774063251304,7.973638534545898,233200,0.0,0.0
2023-02-06 00:00:00-05:00,7.95420696229136,7.993071438336432,7.902388072717857,7.94773006439209,176400,0.0,0.0
2023-02-07 00:00:00-05:00,7.993069559531656,8.15500370581802,7.954205092621841,8.148526191711426,246200,0.0,0.0
2023-02-08 00:00:00-05:00,8.148527292573446,8.148527292573446,7.902387282837211,7.92181921005249,167400,0.0,0.0
2023-02-09 00:00:00-05:00,7.98011430202801,8.077275157645978,7.95420486407583,7.986591815948486,162400,0.0,0.0
2023-02-10 00:00:00-05:00,7.986592261645748,8.057843065558009,7.941250897131559,8.038411140441895,126900,0.0,0.0
2023-02-13 00:00:00-05:00,8.077274122166509,8.245685138401084,8.038409661355669,8.187389373779297,287300,0.0,0.0
2023-02-14 00:00:00-05:00,8.20034498100706,8.33636968713546,8.16148113224451,8.303982734680176,363700,0.0,0.0
2023-02-15 00:00:00-05:00,8.310458019306752,8.394663826009069,8.213297805735388,8.34284496307373,307600,0.0,0.0
2023-02-16 00:00:00-05:00,8.29711510906501,8.38857959578178,8.186051311998519,8.231783866882324,243000,0.11,0.0
2023-02-17 00:00:00-05:00,8.179517827904629,8.375512158429824,8.179517827904629,8.349379539489746,223400,0.0,0.0
2023-02-21 00:00:00-05:00,8.329782471940659,8.342849096451296,8.101121527412104,8.140320777893066,205700,0.0,0.0
2023-02-22 00:00:00-05:00,8.166449232990809,8.2187144582379,8.08151808620163,8.159915924072266,196800,0.0,0.0
2023-02-23 00:00:00-05:00,8.21871581389072,8.355912208557129,8.172983890018827,8.355912208557129,243600,0.0,0.0
2023-02-24 00:00:00-05:00,8.323245784324882,8.342845713142397,8.17951671130062,8.238314628601074,199400,0.0,0.0
2023-02-27 00:00:00-05:00,8.238315894407418,8.395112233785605,8.199117276850965,8.24484920501709,149100,0.0,0.0
2023-02-28 00:00:00-05:00,8.244849423796111,8.257916045362183,8.068454394009807,8.088053703308105,209700,0.0,0.0
2023-03-01 00:00:00-05:00,8.088055280276926,8.166453155806558,7.741797840924989,7.794063091278076,437600,0.0,0.0
2023-03-02 00:00:00-05:00,7.761394125144053,7.807126045593292,7.4478021223545445,7.539266586303711,723800,0.0,0.0
2023-03-03 00:00:00-05:00,7.552335506537513,7.624200063862334,7.46087101471884,7.493536949157715,319100,0.0,0.0
2023-03-06 00:00:00-05:00,7.578468096237305,7.905126193091484,7.565401473298719,7.833261013031006,387800,0.0,0.0
2023-03-07 00:00:00-05:00,7.905125471470527,7.9116581592926085,7.64379864401193,7.77446174621582,230900,0.0,0.0
2023-03-08 00:00:00-05:00,7.7744611141127224,7.9247241367181624,7.73526249816401,7.8985915184021,153800,0.0,0.0
2023-03-09 00:00:00-05:00,7.846324846397639,7.898590073468594,7.591531397138743,7.630730628967285,205900,0.0,0.0
2023-03-10 00:00:00-05:00,7.630732928502744,7.6503322387979775,6.8924855948399895,7.016615390777588,684600,0.0,0.0
2023-03-13 00:00:00-04:00,6.8663529365835325,7.173411080747551,6.624626034069995,7.042747974395752,448000,0.0,0.0
2023-03-14 00:00:00-04:00,7.2452752404652605,7.356339021051621,6.944749826475829,7.0688796043396,367900,0.0,0.0
2023-03-15 00:00:00-04:00,6.899019202439337,7.225677295635216,6.899019202439337,7.140746116638184,358400,0.0,0.0
2023-03-16 00:00:00-04:00,7.06814712441023,7.358528240913571,6.975752818103171,7.25953483581543,230300,0.11,0.0
2023-03-17 00:00:00-04:00,7.1737403906113935,7.2199372299285764,7.021950416063659,7.101145267486572,216200,0.0,0.0
2023-03-20 00:00:00-04:00,7.127546168533496,7.312334223041245,7.120946437811979,7.226539611816406,144700,0.0,0.0
2023-03-21 00:00:00-04:00,7.292535116179503,7.629113805245846,7.292535116179503,7.615914344787598,243600,0.0,0.0
2023-03-22 00:00:00-04:00,7.642314969236972,7.721509868007005,7.464126604350674,7.477325439453125,177200,0.0,0.0
2023-03-23 00:00:00-04:00,7.523520806905687,7.714908598134788,7.391529335262338,7.444325923919678,185000,0.0,0.0
2023-03-24 00:00:00-04:00,7.457525025121344,7.794103733573256,7.365130684746813,7.76770544052124,126100,0.0,0.0
2023-03-27 00:00:00-04:00,7.800702029776823,7.820501219561303,7.59611543708297,7.681910037994385,164700,0.0,0.0
2023-03-28 00:00:00-04:00,7.7149069057499045,7.721506635230565,7.648911499097841,7.662110328674316,90200,0.0,0.0
2023-03-29 00:00:00-04:00,7.754505397478661,7.754505397478661,7.688509355107859,7.714907646179199,126700,0.0,0.0
2023-03-30 00:00:00-04:00,7.701709387297684,7.747906242757077,7.378330140312029,7.417927265167236,282700,0.0,0.0
2023-03-31 00:00:00-04:00,7.4773239491767605,7.569718294019596,7.424527360519421,7.444325923919678,210900,0.0,0.0
2023-04-03 00:00:00-04:00,7.444324512222978,7.516920279898934,7.3321316252554665,7.371729373931885,227000,0.0,0.0
2023-04-04 00:00:00-04:00,7.371731089889161,7.483924002972416,7.332133331995361,7.351932525634766,145400,0.0,0.0
2023-04-05 00:00:00-04:00,7.351931864876547,7.398128720446509,7.213340668781708,7.2529377937316895,240900,0.0,0.0
2023-04-06 00:00:00-04:00,7.318936092377422,7.49052536496599,7.299137523812632,7.464127063751221,144400,0.0,0.0
2023-04-10 00:00:00-04:00,7.464124179264424,7.589515904231058,7.384928676839819,7.53671932220459,208500,0.0,0.0
2023-04-11 00:00:00-04:00,7.622514836986597,7.655512862045885,7.549919055979166,7.596116542816162,183800,0.0,0.0
2023-04-12 00:00:00-04:00,7.602715513714265,7.721507510913921,7.589516053256017,7.615914344787598,126600,0.0,0.0
2023-04-13 00:00:00-04:00,7.596116290327641,7.754506050085509,7.596116290327641,7.721508026123047,194100,0.0,0.0
2023-04-14 00:00:00-04:00,7.77430472523295,7.853499606258137,7.655512718387653,7.695109844207764,434800,0.0,0.0
2023-04-17 00:00:00-04:00,7.721761705229304,7.788385669157641,7.668462279934927,7.775061130523682,230300,0.11,0.0
2023-04-18 00:00:00-04:00,7.828358339226765,7.828358339226765,7.628485233277072,7.661797523498535,186300,0.0,0.0
2023-04-19 00:00:00-04:00,7.661799441312555,7.894984895852027,7.63514972954055,7.82169771194458,142300,0.0,0.0
2023-04-20 00:00:00-04:00,7.788385669157641,7.88832256811905,7.761735956510453,7.775061130523682,117500,0.0,0.0
2023-04-21 00:00:00-04:00,7.84168243408203,7.874994084356145,7.788382395809644,7.841682434082031,132700,0.0,0.0
2023-04-24 00:00:00-04:00,7.861669856079141,8.054880357902197,7.8550072716144435,8.0482177734375,170100,0.0,0.0
2023-04-25 00:00:00-04:00,7.994918586752225,8.021568289959571,7.881657189276245,7.948281764984131,116600,0.0,0.0
2023-04-26 00:00:00-04:00,7.96160960272442,8.048221332934292,7.888323047337285,7.934959888458252,121900,0.0,0.0
2023-04-27 00:00:00-04:00,7.914970640369631,8.028232054491301,7.914970640369631,8.014906883239746,102600,0.0,0.0
2023-04-28 00:00:00-04:00,8.008244907100941,8.128168271081517,7.881658322136995,7.908308029174805,169900,0.0,0.0
2023-05-01 00:00:00-04:00,7.894982752401739,7.981593815611825,7.815033003412456,7.828358173370361,150700,0.0,0.0
2023-05-02 00:00:00-04:00,7.828361268814042,7.841686444040909,7.302028919560016,7.555201530456543,664800,0.0,0.0
2023-05-03 00:00:00-04:00,7.695110360179229,7.9482828943103785,7.595173482417939,7.855008602142334,309300,0.0,0.0
2023-05-04 00:00:00-04:00,7.728422322358364,7.781721734067393,7.608498328323498,7.655135154724121,184300,0.0,0.0
2023-05-05 00:00:00-04:00,7.795046314483763,7.855008311848724,7.675122955132949,7.74174690246582,123700,0.0,0.0
2023-05-08 00:00:00-04:00,7.80837345123291,7.8416857509765405,7.7683985644647,7.80837345123291,138400,0.0,0.0
2023-05-09 00:00:00-04:00,7.79504607988901,7.808371250182025,7.668460139000826,7.695109844207764,148000,0.0,0.0
2023-05-10 00:00:00-04:00,7.728424053565539,7.748411178588868,7.661799456315444,7.748411178588867,225600,0.0,0.0
2023-05-11 00:00:00-04:00,7.661797588995082,7.888320401982548,7.661797588995082,7.874995231628418,170100,0.0,0.0
2023-05-12 00:00:00-04:00,7.981593222854406,8.094854617568883,7.928293817739244,8.008243560791016,317300,0.0,0.0
2023-05-15 00:00:00-04:00,8.121506568254,8.42797855019071,8.081532321041806,8.388004302978516,605900,0.0,0.0
2023-05-16 00:00:00-04:00,8.321377805646955,8.47461407922835,8.261415813175063,8.407989501953125,426100,0.0,0.0
2023-05-17 00:00:00-04:00,8.407993328776422,8.670112609863281,8.40127215721876,8.670112609863281,364900,0.11,0.0
2023-05-18 00:00:00-04:00,8.663388114200215,8.670108641715819,8.374384279154386,8.582736015319824,315500,0.0,0.0
2023-05-19 00:00:00-04:00,8.670109318555765,8.730598557679683,8.569294347326542,8.602899551391602,266200,0.0,0.0
2023-05-22 00:00:00-04:00,8.569294347326542,8.670109318555765,8.475199904137565,8.602899551391602,156400,0.0,0.0
2023-05-23 00:00:00-04:00,8.589457681720967,8.723877864344537,8.455037499097399,8.696993827819824,200100,0.0,0.0
2023-05-24 00:00:00-04:00,8.69699564842036,8.69699564842036,8.562575437657705,8.636507034301758,121300,0.0,0.0
2023-05-25 00:00:00-04:00,8.596178892926975,8.757483112860246,8.5356896502105,8.723877906799316,206700,0.0,0.0
2023-05-26 00:00:00-04:00,8.737321565738572,8.797810817594414,8.549133280716248,8.757484436035156,186700,0.0,0.0
2023-05-30 00:00:00-04:00,8.76420520219249,9.039766767077397,8.616342664583739,8.91878890991211,285800,0.0,0.0
2023-05-31 00:00:00-04:00,8.065218401236145,8.132428810966168,7.762772839382984,7.836703777313232,2318700,0.0,0.0
2023-06-01 00:00:00-04:00,7.856867970357927,8.05177742232331,7.742611280071945,7.984567642211914,749200,0.0,0.0
2023-06-02 00:00:00-04:00,7.99800699169662,8.13914832171319,7.944238927020392,8.098822593688965,457000,0.0,0.0
2023-06-05 00:00:00-04:00,8.125708801893902,8.14587167130514,8.018172643745883,8.05849838256836,296300,0.0,0.0
2023-06-06 00:00:00-04:00,8.051775056372849,8.192916386389419,8.045054529012738,8.098822593688965,241900,0.0,0.0
2023-06-07 00:00:00-04:00,8.098824041755659,8.233244227480506,8.07194000461069,8.213081359863281,398700,0.0,0.0
2023-06-08 00:00:00-04:00,8.213079468408347,8.253405194355869,8.112263871607828,8.219799995422363,200300,0.0,0.0
2023-06-09 00:00:00-04:00,8.199638851527148,8.21308119030512,8.06521866857739,8.105545043945312,291000,0.0,0.0
2023-06-12 00:00:00-04:00,8.139150580325774,8.199639830113757,8.078661971503859,8.112266540527344,345200,0.0,0.0
2023-06-13 00:00:00-04:00,8.152592332120431,8.16603403056617,8.105545426111313,8.14587116241455,242500,0.0,0.0
2023-06-14 00:00:00-04:00,8.179476960506452,8.186198130697576,8.09210367092004,8.112266540527344,468500,0.0,0.0
2023-06-15 00:00:00-04:00,8.13939760399926,8.193660202943693,8.064786692165967,8.091917991638184,454900,0.11,0.0
2023-06-16 00:00:00-04:00,8.112267666713125,8.112267666713125,7.922348538516999,8.024090766906738,414900,0.0,0.0
2023-06-20 00:00:00-04:00,8.051222850768852,8.17331405415123,7.996960237456988,8.159748077392578,323300,0.0,0.0
2023-06-21 00:00:00-04:00,8.13939953439833,8.288622040316813,8.05800561667771,8.18687915802002,411300,0.0,0.0
2023-06-22 00:00:00-04:00,8.152964471138507,8.159746811604341,7.969827694474199,7.983393669128418,284300,0.0,0.0
2023-06-23 00:00:00-04:00,7.969826155230045,8.030871735661506,7.874866291574311,7.908780574798584,290600,0.0,0.0
2023-06-26 00:00:00-04:00,7.94948034133206,8.078353881835938,7.929131376888274,8.078353881835938,143600,0.0,0.0
2023-06-27 00:00:00-04:00,8.06478589012577,8.06478589012577,7.969826027986137,8.003740310668945,197400,0.0,0.0
2023-06-28 00:00:00-04:00,8.024089637267462,8.098700551125384,8.003741323826432,8.064786911010742,159800,0.0,0.0
2023-06-29 00:00:00-04:00,8.098700858321832,8.220792037321564,8.07835254410896,8.193660736083984,183500,0.0,0.0
2023-06-30 00:00:00-04:00,8.214009050296857,8.241140351534437,8.166529434846405,8.193660736083984,192000,0.0,0.0
2023-07-03 00:00:00-04:00,8.241139304511472,8.34288215637207,8.207225667419102,8.34288215637207,193600,0.0,0.0
2023-07-05 00:00:00-04:00,8.315750878501108,8.417493083744256,8.295401919963545,8.390361785888672,276900,0.0,0.0
2023-07-06 00:00:00-04:00,8.376796155936342,8.376796155936342,8.166528120051893,8.308967590332031,229500,0.0,0.0
2023-07-07 00:00:00-04:00,8.308969730392072,8.383580654284705,8.308969730392072,8.329318046569824,163800,0.0,0.0
2023-07-10 00:00:00-04:00,8.336098761304587,8.471755243603296,8.336098761304587,8.444623947143555,245000,0.0,0.0
2023-07-11 00:00:00-04:00,8.47853873061969,8.546367299209114,8.451407432556152,8.451407432556152,452500,0.0,0.0
2023-07-12 00:00:00-04:00,8.546367427420558,8.648109634969847,8.498887169951198,8.573498725891113,332200,0.0,0.0
2023-07-13 00:00:00-04:00,8.648109582754282,8.878725941792185,8.61419529815556,8.817680358886719,523800,0.0,0.0
2023-07-14 00:00:00-04:00,8.817679380750443,8.919421576399275,8.675239918725415,8.7701997756958,481400,0.0,0.0
2023-07-17 00:00:00-04:00,8.790724774681616,8.804406496927568,8.510241965906982,8.612857818603516,463800,0.11,0.0
2023-07-18 00:00:00-04:00,8.633380731843824,8.859134694495905,8.633380731843824,8.681267738342285,263600,0.0,0.0
2023-07-19 00:00:00-04:00,8.742837893031712,8.872817854186923,8.742837893031712,8.824930191040039,247200,0.0,0.0
2023-07-20 00:00:00-04:00,8.79756594339757,8.865976516790397,8.688109547898314,8.722314834594727,217700,0.0,0.0
2023-07-21 00:00:00-04:00,8.763360339797993,8.859134349060497,8.729155056885025,8.81808853149414,179000,0.0,0.0
2023-07-24 00:00:00-04:00,8.831770728702955,9.002796500064084,8.79756544394842,8.893340110778809,395800,0.0,0.0
2023-07-25 00:00:00-04:00,8.879655023199717,8.934383853534376,8.790722223382838,8.845450401306152,248300,0.0,0.0
2023-07-26 00:00:00-04:00,8.831770571886738,8.982273430687448,8.831770571886738,8.941226959228516,266800,0.0,0.0
2023-07-27 00:00:00-04:00,8.927546341934324,9.023320366506088,8.886499865395276,8.907023429870605,197100,0.0,0.0
2023-07-28 00:00:00-04:00,8.934386885942624,9.023319715944076,8.893340412362939,8.961750984191895,225300,0.0,0.0
2023-07-31 00:00:00-04:00,9.050682538738688,9.064364912140935,8.954908534568842,8.975431442260742,233900,0.0,0.0
2023-08-01 00:00:00-04:00,8.948067971556608,9.016478538513184,8.900180966133915,9.016478538513184,148500,0.0,0.0
2023-08-02 00:00:00-04:00,9.03016009542136,9.166980574422448,8.96175018212657,9.078047752380371,308900,0.0,0.0
2023-08-03 00:00:00-04:00,9.064363799794327,9.16013844462252,8.975430340827733,9.023317337036133,197100,0.0,0.0
2023-08-04 00:00:00-04:00,8.920701417125573,8.934383787711269,8.37341898951312,8.489716529846191,900400,0.0,0.0
2023-08-07 00:00:00-04:00,8.496558818425996,8.496558818425996,8.298168986051632,8.34605598449707,378000,0.0,0.0
2023-08-08 00:00:00-04:00,8.346053598794375,8.380258867511364,8.305007798262979,8.35289478302002,279700,0.0,0.0
2023-08-09 00:00:00-04:00,8.380258867511364,8.387100051737008,8.243438445054649,8.35289478302002,218400,0.0,0.0
2023-08-10 00:00:00-04:00,8.469196013555397,8.469196013555397,8.318693156747818,8.400785446166992,199300,0.0,0.0
2023-08-11 00:00:00-04:00,8.400784327191248,8.503400164605534,8.359738514154682,8.476036071777344,183200,0.0,0.0
2023-08-14 00:00:00-04:00,8.48287646351437,8.653902203927252,8.462353557340023,8.6060152053833,271300,0.0,0.0
2023-08-15 00:00:00-04:00,8.606016324128651,8.640221607140052,8.517082849263609,8.54444694519043,307000,0.0,0.0
2023-08-16 00:00:00-04:00,8.530642627876437,8.606563009900924,8.392606467206916,8.42021369934082,220600,0.11,0.0
2023-08-17 00:00:00-04:00,8.406410579574843,8.420213866812164,8.220061265308399,8.240766525268555,299700,0.0,0.0
2023-08-18 00:00:00-04:00,8.206256990002833,8.358096422372993,8.075122156891561,8.309783935546875,227000,0.0,0.0
2023-08-21 00:00:00-04:00,8.358097428723351,8.392606634129175,8.220061265308399,8.240766525268555,222200,0.0,0.0
2023-08-22 00:00:00-04:00,8.247666484421904,8.247666484421904,8.082023128763815,8.116532325744629,215800,0.0,0.0
2023-08-23 00:00:00-04:00,8.116533140776788,8.289078484799042,8.095827225584177,8.24766731262207,234300,0.0,0.0
2023-08-24 00:00:00-04:00,8.206255974611475,8.247666484421904,8.088925099801614,8.116532325744629,154500,0.0,0.0
2023-08-25 00:00:00-04:00,8.164847141978267,8.233865555681186,8.088927413471758,8.171749114990234,191700,0.0,0.0
2023-08-28 00:00:00-04:00,8.206257097409388,8.247667612885696,8.178649867689092,8.199355125427246,184800,0.0,0.0
2023-08-29 00:00:00-04:00,8.164847284897549,8.26837424905571,8.151043996840373,8.254570960998535,105500,0.0,0.0
2023-08-30 00:00:00-04:00,8.247668756148625,8.351196375606579,8.226963495540383,8.261472702026367,159300,0.0,0.0
2023-08-31 00:00:00-04:00,8.254569584867838,8.323587988272717,8.178649867689092,8.199355125427246,175100,0.0,0.0
2023-09-01 00:00:00-04:00,8.282176971435547,8.337391431921787,8.206257252819038,8.282176971435547,201600,0.0,0.0
2023-09-05 00:00:00-04:00,8.289081166885488,8.302884456605288,8.213160769696957,8.233866691589355,164900,0.0,0.0
2023-09-06 00:00:00-04:00,8.21315801909828,8.254569190805949,8.109631077141474,8.123435020446777,201000,0.0,0.0
2023-09-07 00:00:00-04:00,8.130335872784153,8.199354268979851,8.0889253616333,8.0889253616333,184000,0.0,0.0
2023-09-08 00:00:00-04:00,8.082023587608242,8.15794329870971,8.082023587608242,8.102728843688965,131900,0.0,0.0
2023-09-11 00:00:00-04:00,8.109633793068827,8.240768007345023,8.109633793068827,8.233866691589355,209400,0.0,0.0
2023-09-12 00:00:00-04:00,8.247668949886423,8.330490652473248,8.23386566189281,8.275276184082031,162400,0.0,0.0
2023-09-13 00:00:00-04:00,8.289080117706927,8.37880379325861,8.206258415245768,8.323589324951172,203400,0.0,0.0
2023-09-14 00:00:00-04:00,8.330489572922838,8.440918495394756,8.330489572922838,8.434017181396484,202800,0.0,0.0
2023-09-15 00:00:00-04:00,8.440919461758883,8.440919461758883,8.330490526644436,8.38570499420166,367300,0.0,0.0
2023-09-18 00:00:00-04:00,8.371774903502118,8.37873926939625,8.288195870554205,8.302125930786133,239000,0.11,0.0
2023-09-19 00:00:00-04:00,8.309093118182142,8.336952581657288,8.204619631983837,8.232479095458984,175900,0.0,0.0
2023-09-20 00:00:00-04:00,8.232475915915831,8.281230456333883,8.22551155090332,8.22551155090332,193500,0.0,0.0
2023-09-21 00:00:00-04:00,8.148898152893441,8.183722637386253,8.11407366840063,8.134968757629395,262400,0.0,0.0
2023-09-22 00:00:00-04:00,8.14889945611954,8.19068897703853,8.114074966057366,8.128005027770996,207800,0.0,0.0
2023-09-25 00:00:00-04:00,8.128004071473107,8.128004071473107,8.009601217725505,8.030495643615723,304000,0.0,0.0
2023-09-26 00:00:00-04:00,8.002637308589836,8.037461799432492,7.912093898087696,7.926023960113525,183700,0.0,0.0
2023-09-27 00:00:00-04:00,8.065320129580632,8.10710964558289,8.030495643615723,8.030495643615723,231600,0.0,0.0
2023-09-28 00:00:00-04:00,8.072284228858399,8.22551155090332,8.058354170389883,8.22551155090332,131200,0.0,0.0
2023-09-29 00:00:00-04:00,8.267299307316831,8.343912626122272,8.232474829961028,8.274264335632324,134100,0.0,0.0
2023-10-02 00:00:00-04:00,8.295160549020911,8.32998503390262,8.155863273715878,8.21158218383789,214000,0.0,0.0
2023-10-03 00:00:00-04:00,8.204619494467899,8.253374052898742,8.023533317025592,8.079252243041992,288900,0.0,0.0
2023-10-04 00:00:00-04:00,8.07228693504891,8.176759751699727,7.974778485745371,8.162830352783203,213600,0.0,0.0
2023-10-05 00:00:00-04:00,8.19765452557931,8.3578462600708,8.183724462985992,8.3578462600708,193300,0.0,0.0
2023-10-06 00:00:00-04:00,8.309092218974374,8.427495091985723,8.253373298053967,8.406599998474121,178800,0.0,0.0
2023-10-09 00:00:00-04:00,8.357847627352783,8.53893448535872,8.350882594916696,8.511075019836426,181600,0.0,0.0
2023-10-10 00:00:00-04:00,8.511070724152894,8.608578472156061,8.497140666311461,8.566789627075195,169300,0.0,0.0
2023-10-11 00:00:00-04:00,8.559824095116287,8.63643741607666,8.531964645292364,8.63643741607666,183900,0.0,0.0
2023-10-12 00:00:00-04:00,8.650370717899643,8.73394909872211,8.580721735103287,8.615546226501465,301800,0.0,0.0
2023-10-13 00:00:00-04:00,8.671264572989694,8.671264572989694,8.44142387488847,8.497142791748047,175800,0.0,0.0
2023-10-16 00:00:00-04:00,8.657336932132678,8.740915324376944,8.566793507812552,8.643406867980957,370000,0.0,0.0
2023-10-17 00:00:00-04:00,8.439616874478824,8.545023975859984,8.186638758904834,8.34826374053955,432900,0.11,0.0
2023-10-18 00:00:00-04:00,8.34826374053955,8.474752798326547,8.313127816691829,8.34826374053955,242100,0.0,0.0
2023-10-19 00:00:00-04:00,8.327181884550997,8.327181884550997,8.102312389408324,8.13744831085205,255100,0.0,0.0
2023-10-20 00:00:00-04:00,8.109338451570967,8.263936079878594,8.081229852802476,8.102311134338379,215700,0.0,0.0
2023-10-23 00:00:00-04:00,8.081232641080671,8.102313929890279,7.828255164879106,7.856363773345947,366700,0.0,0.0
2023-10-24 00:00:00-04:00,7.933660976987512,8.137448522466263,7.891497736126194,7.9617695808410645,291100,0.0,0.0
2023-10-25 00:00:00-04:00,7.912581049136155,7.989879555454418,7.772038005756544,7.779064655303955,235400,0.0,0.0
2023-10-26 00:00:00-04:00,7.772038802236283,7.856364636905774,7.7439301906797855,7.757984161376953,210600,0.0,0.0
2023-10-27 00:00:00-04:00,7.7439296303473375,7.786092209550218,7.582304622970662,7.631494522094727,211600,0.0,0.0
2023-10-30 00:00:00-04:00,7.631493864841994,7.715819686147412,7.554195362852541,7.666629791259766,239200,0.0,0.0
2023-10-31 00:00:00-04:00,7.673657842214357,7.82825553109531,7.645549232432559,7.786092281341553,105000,0.0,0.0
2023-11-01 00:00:00-04:00,8.01096269905995,8.21475032668032,7.835283686623002,8.158533096313477,290900,0.0,0.0
2023-11-02 00:00:00-04:00,8.19366607770678,8.369345026783382,8.144476186417172,8.34826374053955,201800,0.0,0.0
2023-11-03 00:00:00-04:00,8.43259117331428,8.460699783752176,8.341238021850586,8.341238021850586,192500,0.0,0.0
2023-11-06 00:00:00-05:00,8.327183674005001,8.481780689320086,8.277993105348289,8.439618110656738,281900,0.0,0.0
2023-11-07 00:00:00-05:00,8.397453623564392,8.432589547377532,8.320155127305085,8.376372337341309,131100,0.0,0.0
2023-11-08 00:00:00-05:00,8.42556413247845,8.474754704997075,8.362319589356042,8.4044828414917,122500,0.0,0.0
2023-11-09 00:00:00-05:00,8.467724497041521,8.58015890417922,8.404479975486083,8.432588577270508,225800,0.0,0.0
2023-11-10 00:00:00-05:00,8.523944549033619,8.580161771388424,8.453672686009037,8.51691722869873,209200,0.0,0.0
2023-11-13 00:00:00-05:00,8.573135049063628,8.643406916989951,8.530972464437594,8.559081077575684,262000,0.0,0.0
2023-11-14 00:00:00-05:00,8.608267766617312,8.734756813558207,8.608267766617312,8.692593574523926,241400,0.0,0.0
2023-11-15 00:00:00-05:00,8.73475748719257,8.769892740575202,8.587187144434719,8.601241111755371,303500,0.0,0.0
2023-11-16 00:00:00-05:00,8.622603453683146,8.65820476082914,8.494439698611403,8.522920608520508,221900,0.16,0.0
2023-11-17 00:00:00-05:00,8.522920002790238,8.643964031060856,8.522920002790238,8.594121932983398,125300,0.0,0.0
2023-11-20 00:00:00-05:00,8.579879970486285,8.636841773986816,8.537158278341755,8.636841773986816,139800,0.0,0.0
2023-11-21 00:00:00-05:00,8.544280513944345,8.615483123175911,8.53003972048267,8.594121932983398,152200,0.0,0.0
2023-11-22 00:00:00-05:00,8.608364214959224,8.736528662122216,8.608364214959224,8.729408264160156,155200,0.0,0.0
2023-11-24 00:00:00-05:00,8.74364799864401,8.77212891020812,8.708046689429247,8.757888793945312,84200,0.0,0.0
2023-11-27 00:00:00-05:00,8.765007811292119,8.793488718371087,8.715165714625133,8.743646621704102,175900,0.0,0.0
2023-11-28 00:00:00-05:00,8.743645779182287,8.82908849218609,8.679563574669855,8.722285270690918,195300,0.0,0.0
2023-11-29 00:00:00-05:00,8.757886401856586,8.893170525075607,8.757886401856586,8.807727813720703,141100,0.0,0.0
2023-11-30 00:00:00-05:00,8.757886512237905,8.843329224669699,8.736526003889535,8.786367416381836,143400,0.0,0.0
2023-12-01 00:00:00-05:00,8.80772812886186,8.850449825587052,8.736526206370984,8.843329429626465,142700,0.0,0.0
2023-12-04 00:00:00-05:00,8.864691618760546,8.900292926273332,8.82909031124776,8.886052131652832,187300,0.0,0.0
2023-12-05 00:00:00-05:00,8.886051982102634,8.886051982102634,8.772128343209797,8.871811866760254,121200,0.0,0.0
2023-12-06 00:00:00-05:00,8.886050740032786,8.97861385345459,8.850450117133779,8.97861385345459,269300,0.0,0.0
2023-12-07 00:00:00-05:00,8.978615570268719,9.078299098946298,8.964375454193913,9.064058303833008,194100,0.0,0.0
2023-12-08 00:00:00-05:00,9.049816645396797,9.142379760742188,9.042696249053682,9.142379760742188,133300,0.0,0.0
2023-12-11 00:00:00-05:00,9.113898966972261,9.17086078034397,9.078297663855349,9.12101936340332,193300,0.0,0.0
2023-12-12 00:00:00-05:00,9.149500996800594,9.199342417699965,9.113899690856,9.163741111755371,151900,0.0,0.0
2023-12-13 00:00:00-05:00,9.149500032098072,9.277663769331511,9.028456012072118,9.270544052124023,252100,0.0,0.0
2023-12-14 00:00:00-05:00,9.34886646270752,9.391587482512552,9.291904650275232,9.34886646270752,216800,0.0,0.0
2023-12-15 00:00:00-05:00,9.43430886390703,9.43430886390703,9.256303036286141,9.313264846801758,341400,0.0,0.0
2023-12-18 00:00:00-05:00,9.37071236025113,9.492782995721488,9.277364186962178,9.349170684814453,288800,0.11,0.0
2023-12-19 00:00:00-05:00,9.313265952835229,9.45687824087331,9.313265952835229,9.385071754455566,230300,0.0,0.0
2023-12-20 00:00:00-05:00,9.406613997788485,9.456878126796132,9.349169083266203,9.377891540527344,171500,0.0,0.0
2023-12-21 00:00:00-05:00,9.420975113358413,9.449697571318755,9.349169310856267,9.428155899047852,149500,0.0,0.0
2023-12-22 00:00:00-05:00,9.406613432462438,9.53586413997106,9.39943264737936,9.499960899353027,188400,0.0,0.0
2023-12-26 00:00:00-05:00,9.514324267295716,9.535865941817995,9.456879345371314,9.492782592773438,196600,0.0,0.0
2023-12-27 00:00:00-05:00,9.464059330619994,9.607671623273328,9.464059330619994,9.564587593078613,173900,0.0,0.0
2023-12-28 00:00:00-05:00,9.586127068896856,9.693836084809181,9.550223835327008,9.650752067565918,264300,0.0,0.0
2023-12-29 00:00:00-05:00,9.650755088397236,9.657935874318346,9.428156203222379,9.456878662109375,307600,0.0,0.0
2024-01-02 00:00:00-05:00,9.442518072084678,9.535866244372961,9.341989797926145,9.521505355834961,262400,0.0,0.0
2024-01-03 00:00:00-05:00,9.51432175898972,9.629211572549574,9.492780090146573,9.586128234863281,170700,0.0,0.0
2024-01-04 00:00:00-05:00,9.64357264257298,9.823088138169366,9.60766940649425,9.772823333740234,288400,0.0,0.0
2024-01-05 00:00:00-05:00,9.751282048313172,9.858991075974853,9.729740379740296,9.780004501342773,219300,0.0,0.0
2024-01-08 00:00:00-05:00,9.672298381909467,9.772826655340866,9.485602038683291,9.758465766906738,358000,0.0,0.0
2024-01-09 00:00:00-05:00,9.643575331132762,9.751284384600199,9.514323919133869,9.550227165222168,246900,0.0,0.0
2024-01-10 00:00:00-05:00,9.56458611574951,9.679475932126499,9.507141207561016,9.636392593383789,163600,0.0,0.0
2024-01-11 00:00:00-05:00,9.650753905507258,9.751282841688662,9.492780743390224,9.708199501037598,187900,0.0,0.0
2024-01-12 00:00:00-05:00,9.708200037198866,9.837450751087625,9.701019251761327,9.787186622619629,218400,0.0,0.0
2024-01-16 00:00:00-05:00,9.82308927892254,9.8446309491525,9.162472123626735,9.255820274353027,765900,0.0,0.0
2024-01-17 00:00:00-05:00,9.234093451614696,9.42239669953125,9.103729558335298,9.299275398254395,310000,0.11,0.0
2024-01-18 00:00:00-05:00,9.335488587406148,9.393427947752102,9.125458233479154,9.19063949584961,211700,0.0,0.0
2024-01-19 00:00:00-05:00,9.248581323966192,9.400671656079144,9.13994448442464,9.241338729858398,189400,0.0,0.0
2024-01-22 00:00:00-05:00,9.27030492375594,9.552759080650148,9.27030492375594,9.523789405822754,314500,0.0,0.0
2024-01-23 00:00:00-05:00,9.487578740440997,9.654154214005045,9.487578740440997,9.6034574508667,194300,0.0,0.0
2024-01-24 00:00:00-05:00,9.690364670464596,9.690364670464596,9.451364702259381,9.50930404663086,196500,0.0,0.0
2024-01-25 00:00:00-05:00,9.574488550715555,9.610700823336948,9.516549190797987,9.588973045349121,92500,0.0,0.0
2024-01-26 00:00:00-05:00,9.588972266717688,9.668639398154056,9.560002589111262,9.6034574508667,116200,0.0,0.0
2024-01-29 00:00:00-05:00,9.538276278094163,9.60345823067434,9.523791092768944,9.588973045349121,160600,0.0,0.0
2024-01-30 00:00:00-05:00,9.581731015606014,9.675882653676315,9.560003927033389,9.596216201782227,128200,0.0,0.0
2024-01-31 00:00:00-05:00,9.610698934241476,9.632426017266939,9.393426031912302,9.422395706176758,121100,0.0,0.0
2024-02-01 00:00:00-05:00,9.4513656530281,9.560001761980104,9.321001769732467,9.552759170532227,194200,0.0,0.0
2024-02-02 00:00:00-05:00,9.603456764711071,9.704850283743315,9.509305146544309,9.6903657913208,161100,0.0,0.0
2024-02-05 00:00:00-05:00,9.639668373509403,9.668638047067633,9.52378898858498,9.610698699951172,123500,0.0,0.0
2024-02-06 00:00:00-05:00,9.610699120996467,9.632426204444128,9.422395889272641,9.523789405822754,162400,0.0,0.0
2024-02-07 00:00:00-05:00,9.487578781375774,9.516548459107192,9.451366511538602,9.48033618927002,132200,0.0,0.0
2024-02-08 00:00:00-05:00,9.487578781375774,9.538275544732855,9.444123919432847,9.48033618927002,86300,0.0,0.0
2024-02-09 00:00:00-05:00,9.480338337856097,9.581731887549688,9.422398969262115,9.56724739074707,140000,0.0,0.0
2024-02-12 00:00:00-05:00,9.574489195820917,9.719337605374367,9.494822052547747,9.6251859664917,226200,0.0,0.0
2024-02-13 00:00:00-05:00,9.560004796999884,9.646913849890856,9.422398969262115,9.56724739074707,180300,0.0,0.0
2024-02-14 00:00:00-05:00,9.639669031804678,9.719335466857377,9.574487089174493,9.6903657913208,275500,0.0,0.0
2024-02-15 00:00:00-05:00,9.646550397326726,9.770692282170275,9.602735327680865,9.726877212524414,187300,0.11,0.0
2024-02-16 00:00:00-05:00,9.63924953062643,9.704971798893448,9.595435149393104,9.610039710998535,194800,0.0,0.0
2024-02-20 00:00:00-05:00,9.537014625380529,9.602736191133472,9.537014625380529,9.558921813964844,135400,0.0,0.0
2024-02-21 00:00:00-05:00,9.558921418977143,9.675760681821485,9.507804415586978,9.631945610046387,259500,0.0,0.0
2024-02-22 00:00:00-05:00,9.63194593740986,9.70497082737796,9.573526304002165,9.595434188842773,145900,0.0,0.0
2024-02-23 00:00:00-05:00,9.595433436902997,9.639247810316801,9.456686296119829,9.485896110534668,143800,0.0,0.0
2024-02-26 00:00:00-05:00,9.515106192099438,9.580828450482299,9.478593748951523,9.50050163269043,141800,0.0,0.0
2024-02-27 00:00:00-05:00,9.56622314453125,9.56622314453125,9.471291078321883,9.56622314453125,221200,0.0,0.0
2024-02-28 00:00:00-05:00,9.434781712366064,9.434781712366064,8.814072114282599,8.909004211425781,941400,0.0,0.0
2024-02-29 00:00:00-05:00,8.916303951891162,8.945513764899465,8.580390754087242,8.719137191772461,672600,0.0,0.0
2024-03-01 00:00:00-05:00,8.68992805480957,8.719137870090293,8.485459347844515,8.68992805480957,391100,0.0,0.0
2024-03-04 00:00:00-05:00,8.704535139096315,8.741047589971101,8.660720058763156,8.711837768554688,248400,0.0,0.0
2024-03-05 00:00:00-05:00,8.748348093786994,8.75565072205233,8.616904267095762,8.631508827209473,248100,0.0,0.0
2024-03-06 00:00:00-05:00,8.704534121130045,8.719138681921761,8.507367327314443,8.55848503112793,536900,0.0,0.0
2024-03-07 00:00:00-05:00,8.609601285988399,8.609601285988399,8.441645021270702,8.448946952819824,450700,0.0,0.0
2024-03-08 00:00:00-05:00,8.485456638025383,8.616901113020482,8.463549457665101,8.587691307067871,425700,0.0,0.0
2024-03-11 00:00:00-04:00,8.624207035638861,8.784860681587597,8.565786704982896,8.748348236083984,503500,0.0,0.0
2024-03-12 00:00:00-04:00,8.755652811637212,8.850584912491758,8.507368962697186,8.5438814163208,674600,0.0,0.0
2024-03-13 00:00:00-04:00,8.52927604473872,8.609602877967568,8.448948515092814,8.45625114440918,448400,0.0,0.0
2024-03-14 00:00:00-04:00,8.456251220022503,8.485461041132094,8.354016497930406,8.41973876953125,297100,0.0,0.0
2024-03-15 00:00:00-04:00,8.492762573634224,8.529275019409727,8.3686206758477,8.507367134094238,495500,0.0,0.0
2024-03-18 00:00:00-04:00,8.514769431806743,8.544385992890186,8.388898870673483,8.403707504272461,480800,0.16,0.0
2024-03-19 00:00:00-04:00,8.403709624279925,8.403709624279925,8.292646962613302,8.374093055725098,366800,0.0,0.0
2024-03-20 00:00:00-04:00,8.344476674151249,8.351880286869836,8.218606078444083,8.322263717651367,492100,0.0,0.0
2024-03-21 00:00:00-04:00,8.337070065306087,8.411111114957436,8.292644870623665,8.403707504272461,316700,0.0,0.0
2024-03-22 00:00:00-04:00,8.381497080147305,8.381497080147305,8.277839438168984,8.30005168914795,258200,0.0,0.0
2024-03-25 00:00:00-04:00,8.307457181195058,8.344478075463847,8.263031966849546,8.27043628692627,320200,0.0,0.0
2024-03-26 00:00:00-04:00,8.255625514147079,8.322262965393884,8.255625514147079,8.285242080688477,210700,0.0,0.0
2024-03-27 00:00:00-04:00,8.26303057921443,8.32966803648466,8.26303057921443,8.322263717651367,292700,0.0,0.0
2024-03-28 00:00:00-04:00,8.322264036232886,8.470346887993932,8.31485971711615,8.41851806640625,319600,0.0,0.0
2024-04-01 00:00:00-04:00,8.49996389447674,8.49996389447674,8.359285354614258,8.359285354614258,271600,0.0,0.0
2024-04-02 00:00:00-04:00,8.366689156620536,8.403710045699222,8.292647378463162,8.307456016540527,361000,0.0,0.0
2024-04-03 00:00:00-04:00,8.322261625268213,8.43332426150013,8.292645063495943,8.366686820983887,210700,0.0,0.0
2024-04-04 00:00:00-04:00,8.381496864700846,8.462942959721357,8.322263726203044,8.329668045043945,264600,0.0,0.0
2024-04-05 00:00:00-04:00,8.307455794635947,8.359284614292847,8.240818337297242,8.329668045043945,200600,0.0,0.0
2024-04-08 00:00:00-04:00,8.366689450634672,8.388901702416554,8.329668560255032,8.381497383117676,187500,0.0,0.0
2024-04-09 00:00:00-04:00,8.396306037902832,8.418518289727539,8.366689466764972,8.396306037902832,186600,0.0,0.0
2024-04-10 00:00:00-04:00,8.344474576183316,8.40370769972786,8.314857308296514,8.366686820983887,187800,0.0,0.0
2024-04-11 00:00:00-04:00,8.403709821223554,8.403709821223554,8.329668045043945,8.329668045043945,138800,0.0,0.0
2024-04-12 00:00:00-04:00,8.36668914819957,8.374093467230802,8.277839438168984,8.30005168914795,294200,0.0,0.0
2024-04-15 00:00:00-04:00,8.344476665561478,8.40370980393744,8.285242821070808,8.314859390258789,350500,0.0,0.0
2024-04-16 00:00:00-04:00,8.359284614292847,8.388901183541748,8.255626268864338,8.329668045043945,415000,0.0,0.0
2024-04-17 00:00:00-04:00,8.34462368224344,8.411919149533666,8.307237232294735,8.374532699584961,207400,0.11,0.0
2024-04-18 00:00:00-04:00,8.404439673523427,8.501644134521484,8.344621653384168,8.501644134521484,243600,0.0,0.0
2024-04-19 00:00:00-04:00,8.47173831198564,8.598851830880422,8.449306724265183,8.591374397277832,294200,0.0,0.0
2024-04-22 00:00:00-04:00,8.57641780187191,8.60632681468132,8.53903135758837,8.5465087890625,205500,0.0,0.0
2024-04-23 00:00:00-04:00,8.553984673056828,8.740916163153312,8.553984673056828,8.733439445495605,228500,0.0,0.0
2024-04-24 00:00:00-04:00,8.748395355743943,8.755872787994578,8.651190875747242,8.681099891662598,129800,0.0,0.0
2024-04-25 00:00:00-04:00,8.651189681954174,8.673621975610608,8.598849089596671,8.621280670166016,140200,0.0,0.0
2024-04-26 00:00:00-04:00,8.621281890062082,8.71100893812277,8.598850306318708,8.703532218933105,125700,0.0,0.0
2024-04-29 00:00:00-04:00,8.718483798150645,8.778301812542757,8.658665783758533,8.68857479095459,237100,0.0,0.0
2024-04-30 00:00:00-04:00,8.688575877088828,8.688575877088828,8.524075960403362,8.56146240234375,326600,0.0,0.0
2024-05-01 00:00:00-04:00,8.531553135027563,8.868029676205479,8.524075704246776,8.815689086914062,408000,0.0,0.0
2024-05-02 00:00:00-04:00,8.815689086914062,8.830643948475638,8.725962056805754,8.815689086914062,162400,0.0,0.0
2024-05-03 00:00:00-04:00,8.830643653869629,8.927847398428787,8.823166223338303,8.830643653869629,224100,0.0,0.0
2024-05-06 00:00:00-04:00,8.860553497342693,8.905416658581556,8.785780611161798,8.800735473632812,325900,0.0,0.0
2024-05-07 00:00:00-04:00,8.838120335516264,8.897938353350547,8.755870739265877,8.808211326599121,263200,0.0,0.0
2024-05-08 00:00:00-04:00,8.815690128556923,8.86055400545562,8.763349533081055,8.763349533081055,173100,0.0,0.0
2024-05-09 00:00:00-04:00,8.800735267135897,8.823166847229004,8.785780405015776,8.823166847229004,162800,0.0,0.0
2024-05-10 00:00:00-04:00,8.853075981140137,8.860553412303881,8.830644400735991,8.853075981140137,202800,0.0,0.0
2024-05-13 00:00:00-04:00,8.853077053534747,8.912895083916426,8.83812218939574,8.882986068725586,249100,0.0,0.0
2024-05-14 00:00:00-04:00,8.897940010428202,8.942803888702498,8.868030995941057,8.905417442321777,283400,0.0,0.0
2024-05-15 00:00:00-04:00,8.957757216805796,8.957757216805796,8.75587156582864,8.778303146362305,641400,0.0,0.0
2024-05-16 00:00:00-04:00,8.823591722821597,8.846236189876024,8.710372266876439,8.733016014099121,272800,0.11,0.0
2024-05-17 00:00:00-04:00,8.755661495639112,8.755661495639112,8.687729526268297,8.725469589233398,272600,0.0,0.0
2024-05-20 00:00:00-04:00,8.725469589233398,8.770757088926056,8.717921432674013,8.725469589233398,247000,0.0,0.0
2024-05-21 00:00:00-04:00,8.733014583970363,8.770754636382309,8.717918994904561,8.763206481933594,164000,0.0,0.0
2024-05-22 00:00:00-04:00,8.75566048115355,8.75566048115355,8.70282411119163,8.733016014099121,179500,0.0,0.0
2024-05-23 00:00:00-04:00,8.733013502232366,8.733013502232366,8.66508156027176,8.687726020812988,189800,0.0,0.0
2024-05-24 00:00:00-04:00,8.702824624973092,8.816044807434082,8.702824624973092,8.816044807434082,184300,0.0,0.0
2024-05-28 00:00:00-04:00,8.8009468924901,8.823590636926077,8.71791934967041,8.71791934967041,169800,0.0,0.0
2024-05-29 00:00:00-04:00,8.793400838772383,8.793400838772383,8.642441306743812,8.725469589233398,146000,0.0,0.0
2024-05-30 00:00:00-04:00,8.73301619047622,8.785852561505255,8.717920598633468,8.740564346313477,158800,0.0,0.0
2024-05-31 00:00:00-04:00,8.717919050739898,8.76320653805898,8.70282274174578,8.755659103393555,227200,0.0,0.0
2024-06-03 00:00:00-04:00,8.770756381549985,9.004744177196638,8.770756381549985,8.98964786529541,518900,0.0,0.0
2024-06-04 00:00:00-04:00,8.98209762295577,8.98209762295577,8.85378188092798,8.921713829040527,218800,0.0,0.0
2024-06-05 00:00:00-04:00,8.921715130514771,9.01229083460056,8.816043835663873,8.99719524383545,270400,0.0,0.0
2024-06-06 00:00:00-04:00,8.997194942163661,9.09531879825781,8.989646787118337,9.034934997558594,229400,0.0,0.0
2024-06-07 00:00:00-04:00,9.027387426510515,9.140606880187988,9.019839270976888,9.140606880187988,206200,0.0,0.0
2024-06-10 00:00:00-04:00,9.110415339759939,9.13305980726028,9.019839629253857,9.095319747924805,264000,0.0,0.0
2024-06-11 00:00:00-04:00,9.019838507645902,9.095318616930975,9.019838507645902,9.087770462036133,127800,0.0,0.0
2024-06-12 00:00:00-04:00,9.102868186402622,9.22363580416057,9.102868186402622,9.17834758758545,254400,0.0,0.0
2024-06-13 00:00:00-04:00,9.23873080045317,9.24627895603404,9.095319443575342,9.13305950164795,268200,0.0,0.0
2024-06-14 00:00:00-04:00,9.140605447348769,9.140605447348769,9.004742268199433,9.050029754638672,296100,0.0,0.0
2024-06-17 00:00:00-04:00,8.91291000233668,9.034795836834084,8.836731719024243,8.989089012145996,312700,0.11,0.0
2024-06-18 00:00:00-04:00,8.966235160827637,9.050031486317831,8.95099906901296,8.966235160827637,157700,0.0,0.0
2024-06-20 00:00:00-04:00,8.973853356704346,9.057650416875749,8.973853356704346,9.011942863464355,130400,0.0,0.0
2024-06-21 00:00:00-04:00,9.019560740915695,9.042414153944224,8.920528315796211,8.928146362304688,165700,0.0,0.0
2024-06-24 00:00:00-04:00,8.928144733975724,9.011941050795354,8.92052668885664,9.00432300567627,200200,0.0,0.0
2024-06-25 00:00:00-04:00,9.02717746398082,9.050030873658889,8.958616508449824,8.996706008911133,176100,0.0,0.0
2024-06-26 00:00:00-04:00,8.981468200683594,9.019557693861396,8.966232839310466,8.981468200683594,174700,0.0,0.0
2024-06-27 00:00:00-04:00,8.989086502762884,9.08050085311681,8.981468458609221,9.01955795288086,104100,0.0,0.0
2024-06-28 00:00:00-04:00,9.034795046605279,9.240477919202243,9.034795046605279,9.171916961669922,218600,0.0,0.0
2024-07-01 00:00:00-04:00,9.202387014852944,9.240476510619887,9.110972660910303,9.149062156677246,156800,0.0,0.0
2024-07-02 00:00:00-04:00,9.14906190556283,9.217622850762192,9.118590455084966,9.210004806518555,131900,0.0,0.0
2024-07-03 00:00:00-04:00,9.217624317876652,9.225241636836007,9.171916771636516,9.187152862548828,114300,0.0,0.0
2024-07-05 00:00:00-04:00,9.210006904946981,9.21762495092633,9.164299355567733,9.194770812988281,196000,0.0,0.0
2024-07-08 00:00:00-04:00,9.217624673845966,9.392835367123096,9.217624673845966,9.354745864868164,476200,0.0,0.0
2024-07-09 00:00:00-04:00,9.362365853322796,9.39283731615025,9.240480002012987,9.255715370178223,171500,0.0,0.0
2024-07-10 00:00:00-04:00,9.270948408902857,9.369980812072754,9.248095000939571,9.369980812072754,155800,0.0,0.0
2024-07-11 00:00:00-04:00,9.400452702820827,9.499485110604619,9.33950979441492,9.491867065429688,225800,0.0,0.0
2024-07-12 00:00:00-04:00,9.50710468057834,9.583283697373409,9.491869313117494,9.522340774536133,193300,0.0,0.0
2024-07-15 00:00:00-04:00,9.522339971974429,9.590900936012146,9.491868513123984,9.568047523498535,326700,0.0,0.0
2024-07-16 00:00:00-04:00,9.606135974412618,9.621372066566403,9.430925273625256,9.438543319702148,487500,0.0,0.0
2024-07-17 00:00:00-04:00,9.438542031468108,9.55383411097003,9.43085647923825,9.50771713256836,176000,0.11,0.0
2024-07-18 00:00:00-04:00,9.461599008233616,9.569204048127856,9.292504431679921,9.37705135345459,349900,0.0,0.0
2024-07-19 00:00:00-04:00,9.384739069482663,9.392425354363738,9.2848195650421,9.338622093200684,116000,0.0,0.0
2024-07-22 00:00:00-04:00,9.346308704237657,9.42317008972168,9.315564296644949,9.42317008972168,183800,0.0,0.0
2024-07-23 00:00:00-04:00,9.392424102109615,9.43085478838671,9.284818327134621,9.35399341583252,142500,0.0,0.0
2024-07-24 00:00:00-04:00,9.346307131976225,9.400109652961536,9.292504610990916,9.35399341583252,189600,0.0,0.0
2024-07-25 00:00:00-04:00,9.361679519042994,9.430854606406069,9.338620667919065,9.37705135345459,135300,0.0,0.0
2024-07-26 00:00:00-04:00,9.407797848457534,9.47697295121163,9.392426010625803,9.430856704711914,128700,0.0,0.0
2024-07-29 00:00:00-04:00,9.407795936817829,9.438540339238632,9.323249013411717,9.35399341583252,158400,0.0,0.0
2024-07-30 00:00:00-04:00,9.284821073263462,9.307879198647765,9.231018536365223,9.269449234008789,221600,0.0,0.0
2024-07-31 00:00:00-04:00,9.231019353868628,9.25407748129497,8.87745822364454,8.946633338928223,407400,0.0,0.0
2024-08-01 00:00:00-04:00,8.97737772211341,9.01580769002284,8.877458192938661,8.923574447631836,244900,0.0,0.0
2024-08-02 00:00:00-04:00,8.908200530488578,8.908200530488578,8.58538389086916,8.623814582824707,439800,0.0,0.0
2024-08-05 00:00:00-04:00,8.277939248188,8.39323058306904,8.078100250256728,8.347113609313965,704300,0.0,0.0
2024-08-06 00:00:00-04:00,8.454719654206711,8.6468723736205,8.400917127332276,8.616127967834473,338800,0.0,0.0
2024-08-07 00:00:00-04:00,8.70836228431637,8.76216481798148,8.639187179315774,8.723734855651855,230500,0.0,0.0
2024-08-08 00:00:00-04:00,8.723735008543555,8.7621649715467,8.60075663471799,8.677618026733398,286100,0.0,0.0
2024-08-09 00:00:00-04:00,8.723733682506218,8.808280614468096,8.68530299234011,8.800594329833984,176400,0.0,0.0
2024-08-12 00:00:00-04:00,8.762163525989038,8.777536095057819,8.61612778485781,8.639185905456543,430900,0.0,0.0
2024-08-13 00:00:00-04:00,8.669933510578995,8.67761979795032,8.608444677617808,8.646875381469727,216700,0.0,0.0
2024-08-14 00:00:00-04:00,8.616128871724664,8.762164631277324,8.616128871724664,8.746792793273926,244200,0.0,0.0
2024-08-15 00:00:00-04:00,8.785223674984708,8.815968084651134,8.700675998648627,8.723734855651855,392900,0.0,0.0
2024-08-16 00:00:00-04:00,8.762542775172069,8.762542775172069,8.62283857862857,8.66940689086914,260900,0.11,0.0
2024-08-19 00:00:00-04:00,8.661643923922151,8.677166938781738,8.545224273187598,8.677166938781738,453300,0.0,0.0
2024-08-20 00:00:00-04:00,8.646120327578773,8.661642599887509,8.552984473192431,8.560745239257812,319900,0.0,0.0
2024-08-21 00:00:00-04:00,8.560744041362296,8.653879882716241,8.537460266068276,8.646119117736816,208600,0.0,0.0
2024-08-22 00:00:00-04:00,8.615077078043578,8.653883138072105,8.591792553812683,8.599554061889648,153500,0.0,0.0
2024-08-23 00:00:00-04:00,8.67716528437353,8.68492605014555,8.560744915657864,8.591790199279785,280900,0.0,0.0
2024-08-26 00:00:00-04:00,8.568507464957282,8.622836532866568,8.537462177555112,8.552985191345215,311500,0.0,0.0
2024-08-27 00:00:00-04:00,8.584030478747385,8.59955275235945,8.521939163765008,8.552985191345215,221800,0.0,0.0
2024-08-28 00:00:00-04:00,8.537463012520604,8.56850830295901,8.483133939297923,8.514179229736328,193700,0.0,0.0
2024-08-29 00:00:00-04:00,8.514178900520317,8.560746464288252,8.514178900520317,8.5452241897583,183200,0.0,0.0
2024-08-30 00:00:00-04:00,8.552984417704918,8.615074986893001,8.545222911511916,8.576268196105957,192300,0.0,0.0
2024-09-03 00:00:00-04:00,8.576270277836901,8.653883138072105,8.576270277836901,8.599554061889648,236100,0.0,0.0
2024-09-04 00:00:00-04:00,8.584031163221237,8.64612174297656,8.56074664067942,8.56850814819336,173800,0.0,0.0
2024-09-05 00:00:00-04:00,8.615074717129687,8.622835482901706,8.56850642160783,8.591790199279785,116000,0.0,0.0
2024-09-06 00:00:00-04:00,8.59955275235945,8.622836532866568,8.514178397047994,8.552985191345215,216400,0.0,0.0
2024-09-09 00:00:00-04:00,8.552984865149032,8.607313930986303,8.54522335854999,8.584030151367188,257900,0.0,0.0
2024-09-10 00:00:00-04:00,8.591791753526236,8.607314768234266,8.483133611282334,8.5452241897583,272400,0.0,0.0
2024-09-11 00:00:00-04:00,8.57626812670803,8.57626812670803,8.49865454576198,8.52193832397461,182100,0.0,0.0
2024-09-12 00:00:00-04:00,8.537463694858923,8.568508987778555,8.50641840193929,8.529702186584473,355200,0.0,0.0
2024-09-13 00:00:00-04:00,8.545225650526515,8.552987159207325,8.483135061436439,8.537464141845703,545800,0.0,0.0
2024-09-16 00:00:00-04:00,8.576661270100608,8.631539869176228,8.482584632955524,8.545302391052246,518000,0.11,0.0
2024-09-17 00:00:00-04:00,8.553140737114164,8.686416135665812,8.529621769032849,8.592339515686035,446800,0.0,0.0
2024-09-18 00:00:00-04:00,8.600180990127868,8.615860055824722,8.506104352982783,8.545302391052246,270800,0.0,0.0
2024-09-19 00:00:00-04:00,8.56882163135038,8.584500696169435,8.404187338649942,8.451225280761719,660300,0.0,0.0
2024-09-20 00:00:00-04:00,8.4198659214663,8.42770582725433,8.325789294973637,8.357148170471191,414500,0.0,0.0
2024-09-23 00:00:00-04:00,8.37282733557073,8.37282733557073,8.231712032900141,8.294429779052734,637600,0.0,0.0
2024-09-24 00:00:00-04:00,8.302270325264113,8.372827982047252,8.216032856904913,8.357148170471191,420400,0.0,0.0
2024-09-25 00:00:00-04:00,8.333629106442544,8.341469012141843,8.270911356157267,8.317949295043945,271000,0.0,0.0
2024-09-26 00:00:00-04:00,8.333629106442544,8.349308170186584,8.302270231299905,8.317949295043945,206000,0.0,0.0
2024-09-27 00:00:00-04:00,8.317949887432658,8.4433861445911,8.317949887432658,8.372828483581543,255100,0.0,0.0
2024-09-30 00:00:00-04:00,8.372829643295272,8.412027684703551,8.317951039545196,8.349309921264648,344600,0.0,0.0
2024-10-01 00:00:00-04:00,8.349307620022627,8.357147525205328,8.239551938082844,8.294429779052734,266800,0.0,0.0
2024-10-02 00:00:00-04:00,8.31794874694633,8.333628557311732,8.263070905976438,8.294429779052734,202200,0.0,0.0
2024-10-03 00:00:00-04:00,8.286591076640951,8.333629766910159,8.270912011654294,8.302270889282227,198900,0.0,0.0
2024-10-04 00:00:00-04:00,8.317948295591588,8.349307166966264,8.294429328974196,8.31010913848877,234900,0.0,0.0
2024-10-07 00:00:00-04:00,8.302269233731483,8.341468009863448,8.270910362356805,8.31010913848877,307100,0.0,0.0
2024-10-08 00:00:00-04:00,8.270912011654294,8.302270889282227,8.231713227705724,8.302270889282227,233000,0.0,0.0
2024-10-09 00:00:00-04:00,8.302269081945525,8.349307014320338,8.29442917733157,8.34146785736084,226800,0.0,0.0
2024-10-10 00:00:00-04:00,8.349308764808615,8.372828483581543,8.302270822571984,8.372828483581543,271600,0.0,0.0
2024-10-11 00:00:00-04:00,8.372829755378323,8.372829755378323,8.1219579506097,8.200355529785156,645800,0.0,0.0
2024-10-14 00:00:00-04:00,8.23171374918146,8.255232721978672,8.114118137540734,8.216033935546875,371000,0.0,0.0
2024-10-15 00:00:00-04:00,8.231713136574216,8.294430891135747,8.200354259293452,8.26307201385498,350200,0.0,0.0
2024-10-16 00:00:00-04:00,8.278750267114091,8.380666038340943,8.263070457599518,8.31010913848877,901800,0.0,0.0
2024-10-17 00:00:00-04:00,8.318032107343292,8.357641935143853,8.175437029459127,8.183359146118164,563500,0.11,0.0
2024-10-18 00:00:00-04:00,8.175438770860213,8.175438770860213,8.06453213598864,8.072453498840332,477000,0.0,0.0
2024-10-21 00:00:00-04:00,8.064531205504508,8.119984516542102,7.96154594536705,8.104140281677246,576300,0.0,0.0
2024-10-22 00:00:00-04:00,8.088297341019487,8.104140821444881,7.945702239717196,7.969468593597412,522700,0.0,0.0
2024-10-23 00:00:00-04:00,7.929858759291804,7.985312074022805,7.898171042946267,7.969468593597412,397800,0.0,0.0
2024-10-24 00:00:00-04:00,7.977386811029869,8.159591674804688,7.969465451687492,8.159591674804688,605100,0.0,0.0
2024-10-25 00:00:00-04:00,8.080374111626515,8.104139706743089,7.977388858795167,7.977388858795166,326600,0.0,0.0
2024-10-28 00:00:00-04:00,7.96154598842357,8.0328435347116,7.96154598842357,8.024921417236328,358400,0.0,0.0
2024-10-29 00:00:00-04:00,8.001154310021194,8.001154310021194,7.91401254523135,7.929856777191162,364300,0.0,0.0
2024-10-30 00:00:00-04:00,7.882324892222409,7.91401260087025,7.367399437821356,7.67635440826416,1135600,0.0,0.0
2024-10-31 00:00:00-04:00,7.66051042594094,7.7555735456083985,7.620900603872536,7.6446661949157715,372300,0.0,0.0
2024-11-01 00:00:00-04:00,7.636746571463963,7.739731830062451,7.462463768028469,7.478307247161865,608600,0.0,0.0
2024-11-04 00:00:00-05:00,7.454540735370157,7.478306328899415,7.272336592488187,7.343634128570557,730400,0.0,0.0
2024-11-05 00:00:00-05:00,7.343635415719005,7.367401013413754,7.2961034648347765,7.351556777954102,366100,0.0,0.0
2024-11-06 00:00:00-05:00,7.446620042178871,7.478307758105365,7.3990888460365,7.45454216003418,475200,0.0,0.0
2024-11-07 00:00:00-05:00,7.462463790634233,7.636746594597676,7.438698194114802,7.509994983673096,596400,0.0,0.0
2024-11-08 00:00:00-05:00,7.5337605138245625,7.628823645026482,7.4941506869501096,7.612979412078857,623800,0.0,0.0
2024-11-11 00:00:00-05:00,7.620902948494393,7.684278381103908,7.391166816411211,7.438698768615723,583400,0.0,0.0
2024-11-12 00:00:00-05:00,7.43077653395684,7.446620014113004,7.327791268710193,7.3357133865356445,605800,0.0,0.0
2024-11-13 00:00:00-05:00,7.3436340698219755,7.422852966117287,7.31986772098825,7.391165256500244,579900,0.0,0.0
2024-11-14 00:00:00-05:00,7.430774942764674,7.446618419528187,7.272336397656653,7.288179874420166,897700,0.0,0.0
2024-11-15 00:00:00-05:00,7.352322101593018,7.368357302761357,7.27214380184051,7.352322101593018,570900,0.11,0.0
2024-11-18 00:00:00-05:00,7.376376537493977,7.440518882326677,7.376376537493977,7.400429725646973,406000,0.0,0.0
2024-11-19 00:00:00-05:00,7.360340045924521,7.45655354634117,7.33628609734266,7.43250036239624,330000,0.0,0.0
2024-11-20 00:00:00-05:00,7.43250169535791,7.43250169535791,7.328270193387527,7.408447742462158,252800,0.0,0.0
2024-11-21 00:00:00-05:00,7.392412185668945,7.44853654380613,7.392412185668945,7.392412185668945,283400,0.0,0.0
2024-11-22 00:00:00-05:00,7.400429258122737,7.488625550173671,7.392412039002938,7.448536396026611,623400,0.0,0.0
2024-11-25 00:00:00-05:00,7.456555427827644,7.512679792739788,7.4244842529296875,7.4244842529296875,396000,0.0,0.0
2024-11-26 00:00:00-05:00,7.4405189150194255,7.4405189150194255,7.360341365944794,7.408447742462158,337400,0.0,0.0
2024-11-27 00:00:00-05:00,7.416465225636367,7.464572363540242,7.416465225636367,7.448536396026611,315200,0.0,0.0
2024-11-29 00:00:00-05:00,7.448537320977255,7.520697654475344,7.440519336224776,7.488626480102539,231300,0.0,0.0
2024-12-02 00:00:00-05:00,7.496644464855018,7.528715639227824,7.432502116109409,7.488626480102539,527000,0.0,0.0
2024-12-03 00:00:00-05:00,7.496642589569092,7.560784922269491,7.488624606822312,7.496642589569092,330600,0.0,0.0
2024-12-04 00:00:00-05:00,7.496643331542931,7.544749703511056,7.472589380921872,7.536731719970703,378600,0.0,0.0
2024-12-05 00:00:00-05:00,7.560783490718304,7.576818688538855,7.440516066198679,7.456552028656006,419500,0.0,0.0
2024-12-06 00:00:00-05:00,7.472589943951297,7.528715068325573,7.456554740299399,7.512679100036621,351800,0.0,0.0
2024-12-09 00:00:00-05:00,7.512679067331006,7.528715035550147,7.472589911420205,7.5046610832214355,379800,0.0,0.0
2024-12-10 00:00:00-05:00,7.5046610832214355,7.528715035550147,7.4485367237285445,7.5046610832214355,297800,0.0,0.0
2024-12-11 00:00:00-05:00,7.4886269258298945,7.54475129316358,7.48060894060018,7.528716087341309,303600,0.0,0.0
2024-12-12 00:00:00-05:00,7.544749703511056,7.568802889495119,7.496643331542931,7.536731719970703,487000,0.0,0.0
2024-12-13 00:00:00-05:00,7.5126787368071,7.536731923440529,7.432501193149998,7.448536396026611,715600,0.0,0.0
2024-12-16 00:00:00-05:00,7.497219033419168,7.513447152070382,6.896792571711415,6.95358943939209,1760300,0.11,0.0
2024-12-17 00:00:00-05:00,6.953589424297478,7.1483229786928915,6.864337093307408,7.132094860076904,1020300,0.0,0.0
2024-12-18 00:00:00-05:00,7.180778442125579,7.318714355164324,7.091525337336223,7.132094860076904,742200,0.0,0.0
2024-12-19 00:00:00-05:00,7.148323911153685,7.2294621934198195,7.018501266688976,7.164551258087158,500400,0.0,0.0
2024-12-20 00:00:00-05:00,7.115867575998538,7.31060035825683,7.107753516621286,7.180778503417969,492500,0.0,0.0
2024-12-23 00:00:00-05:00,7.18077997884653,7.2538042068481445,7.107754977045465,7.2538042068481445,394600,0.0,0.0
2024-12-24 00:00:00-05:00,7.245690919603155,7.3024877993153385,7.2213487364698326,7.2538042068481445,197200,0.0,0.0
2024-12-26 00:00:00-05:00,7.237575511006314,7.318714558744674,7.237575511006314,7.270030975341797,275000,0.0,0.0
2024-12-27 00:00:00-05:00,7.2700314301490225,7.318715016597505,7.22134784370054,7.302486896514893,357200,0.0,0.0
2024-12-30 00:00:00-05:00,7.245689411376451,7.270030815643536,7.180778484131362,7.213233947753906,404100,0.0,0.0
2024-12-31 00:00:00-05:00,7.188891633531281,7.294372081756593,7.1564361705234365,7.294372081756592,390800,0.0,0.0
2025-01-02 00:00:00-05:00,7.302487027778095,7.424194835387982,7.294372967590937,7.391739368438721,336100,0.0,0.0
2025-01-03 00:00:00-05:00,7.424193921113117,7.489104847017987,7.391738458160682,7.472877502441406,301500,0.0,0.0
2025-01-06 00:00:00-05:00,7.480991561629334,7.497218906205914,7.391738458160682,7.472877502441406,387800,0.0,0.0
2025-01-07 00:00:00-05:00,7.480992216533356,7.505333622428769,7.416081284946028,7.497219562530518,253900,0.0,0.0
2025-01-08 00:00:00-05:00,7.513447024581768,7.513447024581768,7.416080635724463,7.472877502441406,244400,0.0,0.0
2025-01-10 00:00:00-05:00,7.480992482898716,7.480992482898716,7.351170615101672,7.391739368438721,373200,0.0,0.0
2025-01-13 00:00:00-05:00,7.399853264724045,7.505333723422664,7.294372806025426,7.480992317199707,447900,0.0,0.0
2025-01-14 00:00:00-05:00,7.48910668168824,7.521562926391032,7.407968391329652,7.456651210784912,462600,0.0,0.0
2025-01-15 00:00:00-05:00,7.521561742225272,7.537789088222433,7.456650036838601,7.497219562530518,745900,0.0,0.0
2025-01-16 00:00:00-05:00,7.513643217803566,7.554701535799894,7.374045406489421,7.546489715576172,515900,0.11,0.0
2025-01-17 00:00:00-05:00,7.562911881746589,7.587546554493311,7.538277208999867,7.579334735870361,401200,0.0,0.0
2025-01-21 00:00:00-05:00,7.595759364928409,7.694298851904165,7.5547010495746205,7.677875995635986,546800,0.0,0.0
2025-01-22 00:00:00-05:00,7.661452110891706,7.669663930323931,7.562912627071625,7.587547302246094,310800,0.0,0.0
2025-01-23 00:00:00-05:00,7.5957598832563376,7.669664699311911,7.571125205611907,7.6450300216674805,293400,0.0,0.0
2025-01-24 00:00:00-05:00,7.653240903715253,7.7189338981840505,7.653240903715253,7.694299221038818,176500,0.0,0.0
2025-01-27 00:00:00-05:00,7.669663721581683,7.7517795643024,7.571124240443512,7.59575891494751,435800,0.0,0.0
2025-01-28 00:00:00-05:00,7.5875484758749,7.645030437669478,7.571125617592396,7.628606796264648,410900,0.0,0.0
2025-01-29 00:00:00-05:00,7.6286056798658715,7.669663994246991,7.5547008706042975,7.603971004486084,339200,0.0,0.0
2025-01-30 00:00:00-05:00,7.628607489326135,7.694300494669032,7.587549165206225,7.669665813446045,580900,0.0,0.0
2025-01-31 00:00:00-05:00,7.694298331325271,7.759991318197802,7.669663657028616,7.710721969604492,281600,0.0,0.0
2025-02-03 00:00:00-05:00,7.636816191722901,7.669662680979087,7.538276723954344,7.6614508628845215,271700,0.0,0.0
2025-02-04 00:00:00-05:00,7.6450294114130966,7.751779933725167,7.62860577221295,7.7435688972473145,229900,0.0,0.0
2025-02-05 00:00:00-05:00,7.77641487121582,7.784625907143228,7.710721885063553,7.77641487121582,233800,0.0,0.0
2025-02-06 00:00:00-05:00,7.7271447400405355,7.825684219268937,7.7271447400405355,7.77641487121582,227600,0.0,0.0
2025-02-07 00:00:00-05:00,7.792839111514202,7.825685610429409,7.743569754702545,7.809262752532959,262100,0.0,0.0
2025-02-10 00:00:00-05:00,7.809262213340594,7.809262213340594,7.7189337602187935,7.7928385734558105,273300,0.0,0.0
2025-02-11 00:00:00-05:00,7.801050052932891,7.907801358158218,7.784626413764894,7.899589538574219,253600,0.0,0.0
2025-02-12 00:00:00-05:00,7.883166356219881,7.907801030829954,7.842108043121637,7.850319862365723,269000,0.0,0.0
2025-02-13 00:00:00-05:00,7.866743957925247,8.02276541567095,7.866743957925247,7.9817070960998535,460700,0.0,0.0
2025-02-14 00:00:00-05:00,8.006341523358397,8.170574013366933,7.998129703077399,8.09666919708252,601600,0.0,0.0
2025-02-18 00:00:00-05:00,8.138190011572977,8.138190011572977,7.988712801659599,8.030234336853027,383500,0.11,0.0
2025-02-19 00:00:00-05:00,8.055146252508834,8.146493780516074,8.00532104810247,8.138189315795898,283500,0.0,0.0
2025-02-20 00:00:00-05:00,8.121580486682422,8.179710948484399,8.088363419348731,8.154797554016113,211500,0.0,0.0
2025-02-21 00:00:00-05:00,8.179710948484399,8.196319086172567,8.104972348994254,8.154797554016113,265100,0.0,0.0
2025-02-24 00:00:00-05:00,8.204624047385568,8.204624047385568,8.088363908705084,8.104972839355469,240300,0.0,0.0
2025-02-25 00:00:00-05:00,8.113278859213588,8.121582534172392,8.05514838275664,8.071757316589355,239600,0.0,0.0
2025-02-26 00:00:00-05:00,8.096668476379548,8.138190011572977,8.02192987142286,8.030234336853027,241400,0.0,0.0
2025-02-27 00:00:00-05:00,8.013626130583436,8.046843203350178,7.9804090578166935,8.005322456359863,201200,0.0,0.0
2025-02-28 00:00:00-05:00,7.997017066757913,8.196319480344787,7.997017066757913,8.17971134185791,324900,0.0,0.0
2025-03-03 00:00:00-05:00,8.196319714019413,8.295970923653876,8.080059573467164,8.113277435302734,316400,0.0,0.0
2025-03-04 00:00:00-05:00,8.071755274483266,8.071755274483266,7.947190678124668,7.972104072570801,363200,0.0,0.0
2025-03-05 00:00:00-05:00,7.806019672672547,7.806019672672547,7.166590787481869,7.183198928833008,1674600,0.0,0.0
2025-03-06 00:00:00-05:00,7.224720118757945,7.390805483979078,7.224720118757945,7.324371337890625,411100,0.0,0.0
2025-03-07 00:00:00-05:00,7.299459083901788,7.739585520999806,7.299459083901788,7.706368446350098,580900,0.0,0.0
2025-03-10 00:00:00-04:00,7.689759507665565,7.839235932111524,7.606716433673128,7.797715187072754,412600,0.0,0.0
2025-03-11 00:00:00-04:00,7.830933070254651,7.864150144904359,7.639934297050681,7.706368446350098,389800,0.0,0.0
2025-03-12 00:00:00-04:00,7.689759971152724,7.731281510651582,7.565195352656149,7.623325824737549,352800,0.0,0.0
2025-03-13 00:00:00-04:00,7.673150533535859,7.789410678089109,7.531977783705999,7.540282249450684,338300,0.0,0.0
2025-03-14 00:00:00-04:00,7.548587779595238,7.681456082415706,7.531978845763902,7.639934539794922,507900,0.0,0.0
2025-03-17 00:00:00-04:00,7.690361305467376,7.816433288458938,7.673552188659783,7.774409294128418,372200,0.11,0.0
2025-03-18 00:00:00-04:00,7.774410363603758,7.799624443054198,7.715577244372352,7.799624443054199,199700,0.0,0.0
2025-03-19 00:00:00-04:00,7.799625185425602,7.850054150667466,7.715577978744109,7.824840068817139,263500,0.0,0.0
2025-03-20 00:00:00-04:00,7.824840068817139,7.86686327138728,7.799625185425602,7.824840068817139,185600,0.0,0.0
2025-03-21 00:00:00-04:00,7.824838706423273,7.824838706423273,7.749195672501399,7.757599830627441,182100,0.0,0.0
2025-03-24 00:00:00-04:00,7.774409874911115,7.824838832183209,7.656742842303616,7.681957721710205,296300,0.0,0.0
2025-03-25 00:00:00-04:00,7.715577244372352,7.799624443054198,7.690362363380777,7.799624443054199,168500,0.0,0.0
2025-03-26 00:00:00-04:00,7.799624462688968,7.8332435025545655,7.757600462471686,7.816434383392334,159000,0.0,0.0
2025-03-27 00:00:00-04:00,7.816434746093658,7.976124992479975,7.782815704668056,7.967720031738281,200700,0.0,0.0
2025-03-28 00:00:00-04:00,7.934100282841565,7.976124281261648,7.866862205985874,7.917291164398193,157400,0.0,0.0
2025-03-31 00:00:00-04:00,7.90048124441372,7.9425052428338025,7.791219970679046,7.917291164398193,199200,0.0,0.0
2025-04-01 00:00:00-04:00,7.908885866890395,8.001338819777322,7.908885866890395,7.959314823150635,163500,0.0,0.0
2025-04-02 00:00:00-04:00,7.959315162818276,8.00133916123836,7.883672125970348,7.917291164398193,202800,0.0,0.0
2025-04-03 00:00:00-04:00,7.782816390437782,7.824840396307953,7.497054112370116,7.572697162628174,627500,0.0,0.0
2025-04-04 00:00:00-04:00,7.530671849616792,7.530671849616792,7.110433466940723,7.144052505493164,701000,0.0,0.0
2025-04-07 00:00:00-04:00,7.009576240677572,7.1524573526561674,6.564123385730807,6.782647132873535,929700,0.0,0.0
2025-04-08 00:00:00-04:00,6.975956929240393,7.1776711494661685,6.5809326468091225,6.656575679779053,685500,0.0,0.0
2025-04-09 00:00:00-04:00,6.564123247143391,7.043195129997536,6.345599504614323,7.017981052398682,783200,0.0,0.0
2025-04-10 00:00:00-04:00,7.034790318808768,7.085219276612252,6.7154090568296185,6.782647132873535,415400,0.0,0.0
2025-04-11 00:00:00-04:00,6.841481459578659,6.908719539642334,6.631361858223818,6.908719539642334,333000,0.0,0.0
2025-04-14 00:00:00-04:00,6.975956807692512,7.16926606498876,6.875099699336941,7.009575843811035,583400,0.0,0.0
2025-04-15 00:00:00-04:00,7.043195476025899,7.186076592007537,6.984362358224441,7.034790515899658,740200,0.0,0.0
2025-04-16 00:00:00-04:00,7.060340387935407,7.085890246475628,6.8474230049310645,6.8814897537231445,442700,0.11,0.0
2025-04-17 00:00:00-04:00,6.88148943556912,7.154023413305617,6.88148943556912,7.145507335662842,252300,0.0,0.0
2025-04-21 00:00:00-04:00,7.09440722585714,7.119957084718353,6.881489840177837,7.026273727416992,314200,0.0,0.0
2025-04-22 00:00:00-04:00,7.077374691292854,7.188091023884964,7.00924037645979,7.085890769958496,205200,0.0,0.0
2025-04-23 00:00:00-04:00,7.196607618954965,7.256225040456441,7.145507900199855,7.2221574783325195,205600,0.0,0.0
2025-04-24 00:00:00-04:00,7.239190206215844,7.40952393097787,7.196606571971522,7.383974075317383,263200,0.0,0.0
2025-04-25 00:00:00-04:00,7.392490356954762,7.503207472003071,7.3243568726504495,7.452106952667236,217300,0.0,0.0
2025-04-28 00:00:00-04:00,7.460625303482746,7.545791769447492,7.443591522960581,7.477658271789551,443300,0.0,0.0
2025-04-29 00:00:00-04:00,7.426558274773105,7.724642112739032,7.324358032137759,7.613924980163574,860500,0.0,0.0
2025-04-30 00:00:00-04:00,6.643022640892631,6.6856058746539775,6.183121117180892,6.336421489715576,2332000,0.0,0.0
2025-05-01 00:00:00-04:00,6.344938715246504,6.379005468678366,6.063887796379772,6.080921173095703,1198000,0.0,0.0
2025-05-02 00:00:00-04:00,6.1746040991712725,6.3619712172863325,6.072403852926694,6.285321235656738,628200,0.0,0.0
2025-05-05 00:00:00-04:00,6.268288838422354,6.344938832000624,6.234222084363624,6.3108720779418945,487300,0.0,0.0
2025-05-06 00:00:00-04:00,6.31938787194114,6.455654864508817,6.200154253444421,6.413071632385254,625600,0.0,0.0
2025-05-07 00:00:00-04:00,6.447138349841976,6.464171723831865,6.319387841863971,6.35345458984375,313500,0.0,0.0
2025-05-08 00:00:00-04:00,6.396038689494026,6.566372441686428,6.353455048392076,6.472688674926758,871100,0.0,0.0
2025-05-09 00:00:00-04:00,6.523788288899548,6.540821662782798,6.41307156171226,6.44713830947876,405200,0.0,0.0
2025-05-12 00:00:00-04:00,6.5578557264391595,6.5663726173304475,6.421588721040229,6.46417236328125,723200,0.0,0.0
2025-05-13 00:00:00-04:00,6.472688922812815,6.532305941417173,6.413072310316173,6.430105686187744,706600,0.0,0.0
2025-05-14 00:00:00-04:00,6.447139062059316,6.49823918967403,6.3619717765937445,6.430105686187744,752600,0.0,0.0
2025-05-15 00:00:00-04:00,6.430105513180466,6.481205639420289,6.387521871593429,6.438621997833252,992200,0.0,0.0
2025-05-16 00:00:00-04:00,6.438622034074408,6.464549553113894,6.291700799863764,6.317627906799316,827900,0.11,0.0
2025-05-19 00:00:00-04:00,6.283057651769308,6.455906391143799,6.265772777831859,6.455906391143799,614500,0.0,0.0
2025-05-20 00:00:00-04:00,6.421336639509515,6.5077614212500645,6.395409534670471,6.473191261291504,388900,0.0,0.0
2025-05-21 00:00:00-04:00,6.438622053735262,6.447264697476127,6.352197676846293,6.360840320587158,325600,0.0,0.0
2025-05-22 00:00:00-04:00,6.352197185110051,6.4645490724202945,6.300342562990839,6.42997932434082,319500,0.0,0.0
2025-05-23 00:00:00-04:00,6.4299792862895755,6.464549034164474,6.386766895394002,6.455906391143799,339500,0.0,0.0
2025-05-27 00:00:00-04:00,6.49911882364686,6.5596160888671875,6.429979327454432,6.5596160888671875,511400,0.0,0.0
2025-05-28 00:00:00-04:00,6.550973430818339,6.559616073874592,6.4818339347839355,6.4818339347839355,284600,0.0,0.0
2025-05-29 00:00:00-04:00,6.490477561950684,6.533689547472198,6.464550040954603,6.490477561950684,208100,0.0,0.0
2025-05-30 00:00:00-04:00,6.490477069601985,6.568258802482001,6.46454955057269,6.542331695556641,387200,0.0,0.0
2025-06-02 00:00:00-04:00,6.542331172934945,6.542331172934945,6.455906391143799,6.455906391143799,309700,0.0,0.0
2025-06-03 00:00:00-04:00,6.481833463153207,6.499118335904128,6.4386210752239705,6.447263717651367,280200,0.0,0.0
2025-06-04 00:00:00-04:00,6.464549521841002,6.464549521841002,6.4126948961168155,6.421337127685547,331200,0.0,0.0
2025-06-05 00:00:00-04:00,6.412694450301083,6.4645490724202945,6.404051807229263,6.42997932434082,320800,0.0,0.0
2025-06-06 00:00:00-04:00,6.438622472094411,6.542332143203801,6.438622472094411,6.533689498901367,291900,0.0,0.0
2025-06-09 00:00:00-04:00,6.542331180637712,6.6201129073958604,6.542331180637712,6.568258285522461,465700,0.0,0.0
2025-06-10 00:00:00-04:00,6.550972943688788,6.568257816412088,6.490476095209174,6.5164031982421875,301400,0.0,0.0
2025-06-11 00:00:00-04:00,6.542331214819081,6.585543193887396,6.533688571743075,6.5596160888671875,476000,0.0,0.0
2025-06-12 00:00:00-04:00,6.550972943688788,6.559615586102374,6.5164031982421875,6.5164031982421875,279200,0.0,0.0
2025-06-13 00:00:00-04:00,6.516403709411713,6.542331226582444,6.464549087174154,6.507761478424072,628700,0.0,0.0
2025-06-16 00:00:00-04:00,6.577925759650196,6.586696528072093,6.39374380492293,6.411284923553467,982300,0.11,0.0
2025-06-17 00:00:00-04:00,6.411285198915495,6.481449676451177,6.376202960147653,6.455138206481934,327300,0.0,0.0
2025-06-18 00:00:00-04:00,6.437596829456064,6.534072773099884,6.4200557107741645,6.498990535736084,247000,0.0,0.0
2025-06-20 00:00:00-04:00,6.498990795835098,6.542843803401537,6.455138206481934,6.455138206481934,318400,0.0,0.0
2025-06-23 00:00:00-04:00,6.472678555699459,6.481448905241222,6.3498903164089775,6.437596321105957,432400,0.0,0.0
2025-06-24 00:00:00-04:00,6.4375970870980135,6.507761564633696,6.4375970870980135,6.455138206481934,241100,0.0,0.0
2025-06-25 00:00:00-04:00,6.455138307722424,6.490220547040485,6.3674327094272725,6.3762030601501465,345300,0.0,0.0
2025-06-26 00:00:00-04:00,6.376202679845434,6.428826035683838,6.297267436981201,6.297267436981201,1697100,0.0,0.0
2025-06-27 00:00:00-04:00,6.341120326000984,6.38497333083312,6.270955852840166,6.288496971130371,423600,0.0,0.0
2025-06-30 00:00:00-04:00,6.306038494917582,6.358661853172033,6.21833289782683,6.3148088455200195,526800,0.0,0.0
2025-07-01 00:00:00-04:00,6.30603848114996,6.4025148468457935,6.253415123010398,6.341120719909668,430700,0.0,0.0
2025-07-02 00:00:00-04:00,6.341119898897341,6.472678486319422,6.3323491312363664,6.463907718658447,396300,0.0,0.0
2025-07-03 00:00:00-04:00,6.463908400144248,6.613008120394547,6.463908400144248,6.5340728759765625,323100,0.0,0.0
2025-07-07 00:00:00-04:00,6.534072950985841,6.639320084155783,6.472679243034417,6.621778964996338,468700,0.0,0.0
2025-07-08 00:00:00-04:00,6.621779095539009,6.867354768612557,6.604237976033755,6.832272529602051,459000,0.0,0.0
2025-07-09 00:00:00-04:00,6.841043370394148,7.042766037719017,6.841043370394148,7.033996105194092,489300,0.0,0.0
2025-07-10 00:00:00-04:00,7.060306585666211,7.139241822308639,6.998912466253964,7.121700286865234,374000,0.0,0.0
2025-07-11 00:00:00-04:00,7.077848161815773,7.297112363472287,7.077848161815773,7.262030124664307,566500,0.0,0.0
2025-07-14 00:00:00-04:00,7.279570648310744,7.297111347058216,7.148011643785749,7.253259181976318,495300,0.0,0.0
2025-07-15 00:00:00-04:00,7.279571526262911,7.340965233923098,7.051536560058594,7.051536560058594,1179300,0.0,0.0
2025-07-16 00:00:00-04:00,7.033751483810007,7.140458106994629,6.935937291231317,7.140458106994629,624900,0.11,0.0
2025-07-17 00:00:00-04:00,7.140458414009841,7.327195224619188,7.140458414009841,7.2738423347473145,422900,0.0,0.0
2025-07-18 00:00:00-04:00,7.291625872233081,7.362763619433105,7.158242808240248,7.167135238647461,328500,0.0,0.0
2025-07-21 00:00:00-04:00,7.184919198105636,7.247164514436453,7.06932014775638,7.22048807144165,642000,0.0,0.0
2025-07-22 00:00:00-04:00,7.211595484082074,7.38944069491875,7.193811471815695,7.353871822357178,370100,0.0,0.0
2025-07-23 00:00:00-04:00,7.380549209017286,7.522824717465892,7.371656777732017,7.469470977783203,587800,0.0,0.0
2025-07-24 00:00:00-04:00,7.478362189762981,7.505038631240418,7.425009306808107,7.487254619598389,298700,0.0,0.0
2025-07-25 00:00:00-04:00,7.478363421331795,7.505039867202423,7.327195481350029,7.362764358520508,370600,0.0,0.0
2025-07-28 00:00:00-04:00,7.380549613692188,7.416118492754578,7.220489233896948,7.238274097442627,305800,0.0,0.0
2025-07-29 00:00:00-04:00,7.238273248988546,7.30941099877472,7.149350637741394,7.256057262420654,317800,0.0,0.0
2025-07-30 00:00:00-04:00,7.273841859559644,7.353872037168114,7.1671352387579645,7.176026821136475,199200,0.0,0.0
2025-07-31 00:00:00-04:00,7.184919855143622,7.2649500394753685,6.953722157317235,6.971506595611572,654800,0.0,0.0
2025-08-01 00:00:00-04:00,6.944829363415075,6.953721794104996,6.758092559071088,6.829230308532715,524500,0.0,0.0
2025-08-04 00:00:00-04:00,6.847014645069456,7.051535883767086,6.642493406371827,6.660277843475342,782100,0.0,0.0
2025-08-05 00:00:00-04:00,6.642493664876349,6.7758771603507775,6.580248344598873,6.7403082847595215,572600,0.0,0.0
2025-08-06 00:00:00-04:00,6.758092556650799,6.8825836181640625,6.740308119291761,6.8825836181640625,313600,0.0,0.0
2025-08-07 00:00:00-04:00,6.882583853663666,6.900368715645677,6.56246397024753,6.58914041519165,808900,0.0,0.0
2025-08-08 00:00:00-04:00,6.1978823724996,6.437972497712309,6.0200379923473895,6.37572717666626,1689400,0.0,0.0
2025-08-11 00:00:00-04:00,6.375727391780709,6.473542016171875,6.322374075934926,6.349050521850586,817600,0.0,0.0
2025-08-12 00:00:00-04:00,6.357942946994169,6.437972708677931,6.322374069798172,6.402403831481934,629000,0.0,0.0
2025-08-13 00:00:00-04:00,6.420188112314382,6.437972550475358,6.357942790758195,6.384619235992432,589100,0.0,0.0
2025-08-14 00:00:00-04:00,6.402403837696369,6.402403837696369,6.322374075934926,6.349050521850586,517600,0.0,0.0
2025-08-15 00:00:00-04:00,6.384619245860514,6.393511676961972,6.260128178541274,6.277912616729736,1111700,0.0,0.0
2025-08-18 00:00:00-04:00,6.323077148961051,6.332110323064925,6.214681644067255,6.277912139892578,897400,0.11,0.0
2025-08-19 00:00:00-04:00,6.295978074539339,6.332110340327892,6.241780321944685,6.268879413604736,710100,0.0,0.0
2025-08-20 00:00:00-04:00,6.268878933608552,6.305010765905109,6.268878933608552,6.295977592468262,415200,0.0,0.0
2025-08-21 00:00:00-04:00,6.277911705880535,6.314043538347225,6.250813046893227,6.305010795593262,424700,0.0,0.0
2025-08-22 00:00:00-04:00,6.305010795593262,6.368241717772679,6.29597762211388,6.305010795593262,642400,0.0,0.0
2025-08-25 00:00:00-04:00,6.305011678285409,6.332110771791968,6.214682084472677,6.223714828491211,643100,0.0,0.0
2025-08-26 00:00:00-04:00,6.2508134722417275,6.259846215610341,6.196615719853703,6.232747554779053,480000,0.0,0.0
2025-08-27 00:00:00-04:00,6.223714380684991,6.286945307167077,6.223714380684991,6.232747554779053,532700,0.0,0.0
2025-08-28 00:00:00-04:00,6.232747542794147,6.2598462035733275,6.187582533861584,6.214681625366211,505900,0.0,0.0
2025-08-29 00:00:00-04:00,6.196615719853703,6.232747554779053,6.178549802391029,6.232747554779053,597400,0.0,0.0
2025-09-02 00:00:00-04:00,6.232747101311995,6.3592085143499455,6.223713927875147,6.295977592468262,558700,0.0,0.0
2025-09-03 00:00:00-04:00,6.314043974857177,6.386308075511823,6.250813479031853,6.277912139892578,697800,0.0,0.0
2025-09-04 00:00:00-04:00,6.314044004003392,6.314044004003392,6.214681672754804,6.286945343017578,536500,0.0,0.0
2025-09-05 00:00:00-04:00,6.286945289962711,6.305011207375948,6.196615702896526,6.2417802810668945,608500,0.0,0.0
2025-09-08 00:00:00-04:00,6.2417802810668945,6.250813455136237,6.169516611413947,6.2417802810668945,842200,0.0,0.0
2025-09-09 00:00:00-04:00,6.250814372746389,6.250814372746389,6.151451597024557,6.169517517089844,506900,0.0,0.0
2025-09-10 00:00:00-04:00,6.160484303241399,6.232747977998992,6.1333852098445645,6.142418384552002,570200,0.0,0.0
2025-09-11 00:00:00-04:00,6.169516663477846,6.286945343017578,6.160483920057724,6.286945343017578,593700,0.0,0.0
2025-09-12 00:00:00-04:00,6.295977996677155,6.295977996677155,6.178549749537026,6.187582492828369,616700,0.0,0.0
2025-09-15 00:00:00-04:00,6.214682532615816,6.232748452681102,6.160484772419955,6.169517517089844,887900,0.0,0.0
2025-09-16 00:00:00-04:00,6.178550126808419,6.205648789062578,6.006923686538689,6.024989604949951,1527100,0.0,0.0
2025-09-17 00:00:00-04:00,6.034174047008305,6.181124869162591,6.024989401649664,6.089280605316162,760100,0.11,0.0
2025-09-18 00:00:00-04:00,6.116833615663432,6.1903090261419855,6.0525428504686944,6.162755966186523,711100,0.0,0.0
2025-09-19 00:00:00-04:00,6.199493743552674,6.199493743552674,6.061727128328571,6.116833686828613,672500,0.0,0.0
2025-09-22 00:00:00-04:00,6.070911350918188,6.098464409275312,5.8321158427672914,5.8413004875183105,1063800,0.0,0.0
2025-09-23 00:00:00-04:00,5.841301249800923,5.979067873408817,5.813747749900134,5.832116603851318,704900,0.0,0.0
2025-09-24 00:00:00-04:00,5.813746911077542,5.850484613679299,5.657611456046095,5.7127180099487305,1006100,0.0,0.0
2025-09-25 00:00:00-04:00,5.703533803272271,5.777009208475786,5.657611456046095,5.7127180099487305,577000,0.0,0.0
2025-09-26 00:00:00-04:00,5.703534812657704,5.749457168011008,5.593321685347419,5.6392436027526855,672500,0.0,0.0
2025-09-29 00:00:00-04:00,5.639243778698931,5.685166135485027,5.483108291163863,5.519846439361572,1109700,0.0,0.0
2025-09-30 00:00:00-04:00,5.529030268442891,5.6667968913969675,5.492292560714874,5.602505683898926,593300,0.0,0.0
2025-10-01 00:00:00-04:00,5.584136224326968,5.620873928070068,5.483107320059454,5.620873928070068,616700,0.0,0.0
2025-10-02 00:00:00-04:00,5.6300583980687575,5.758640357174907,5.602504902143459,5.7127180099487305,585700,0.0,0.0
2025-10-03 00:00:00-04:00,5.749456476108644,5.813747240328732,5.685165273940573,5.703534126281738,433000,0.0,0.0
2025-10-06 00:00:00-04:00,5.721903000562384,5.767825350565371,5.666796443327592,5.7310872077941895,604800,0.0,0.0
2025-10-07 00:00:00-04:00,5.75864059885031,5.777009450922083,5.611689782276134,5.648427486419678,508200,0.0,0.0
2025-10-08 00:00:00-04:00,5.6667969503588,5.749457012580911,5.630059242248535,5.630059242248535,550300,0.0,0.0
2025-10-09 00:00:00-04:00,5.639243778698931,5.685166135485027,5.501477146288692,5.519846439361572,674700,0.0,0.0
2025-10-10 00:00:00-04:00,5.519845470902302,5.565767381683329,5.372894217738285,5.418816566467285,810600,0.0,0.0
2025-10-13 00:00:00-04:00,5.464738446030152,5.602505053482166,5.446369594233081,5.593320846557617,596800,0.0,0.0
2025-10-14 00:00:00-04:00,5.565767765045166,5.64842782327168,5.519845851101106,5.565767765045166,565600,0.0,0.0
2025-10-15 00:00:00-04:00,5.584136618212391,5.694349737215739,5.492292352376267,5.565767765045166,1131300,0.0,0.0
2025-10-16 00:00:00-04:00,5.4722253874177795,5.593830505060168,5.341266270134564,5.350620269775391,1066100,0.11,0.0
2025-10-17 00:00:00-04:00,5.341266076669223,5.490933633857522,5.341266076669223,5.472225189208984,637300,0.0,0.0
2025-10-20 00:00:00-04:00,5.472225234568798,5.547059013783253,5.425454345582018,5.509642124176025,641200,0.0,0.0
2025-10-21 00:00:00-04:00,5.490933397205497,5.575121617517765,5.472224953363269,5.556413173675537,550600,0.0,0.0
2025-10-22 00:00:00-04:00,5.556413342879367,5.556413342879367,5.434808231179525,5.500288009643555,545700,0.0,0.0
2025-10-23 00:00:00-04:00,5.490933397205497,5.565767172574409,5.490933397205497,5.556413173675537,531000,0.0,0.0
2025-10-24 00:00:00-04:00,5.565767549002576,5.649955775008726,5.565767549002576,5.584475994110107,559800,0.0,0.0
2025-10-27 00:00:00-04:00,5.593830345359769,5.706081014112123,5.593830345359769,5.678018569946289,540700,0.0,0.0
2025-10-28 00:00:00-04:00,5.696727670534419,5.7154361174801585,5.612539436256316,5.621893882751465,683100,0.0,0.0
2025-10-29 00:00:00-04:00,5.893165795716144,6.229917795552582,5.865102906040859,6.145730018615723,2457000,0.0,0.0
2025-10-30 00:00:00-04:00,6.145729803898933,6.276688910371046,6.108312916335473,6.164438247680664,861700,0.0,0.0
2025-10-31 00:00:00-04:00,6.145729776983333,6.173792219510785,6.052187112439873,6.061541557312012,493000,0.0,0.0
2025-11-03 00:00:00-05:00,6.0802509079953415,6.239272926186963,6.06154246150483,6.229918479919434,731100,0.0,0.0
2025-11-04 00:00:00-05:00,6.192501762909597,6.220564656465096,6.117667974821013,6.173793315887451,478800,0.0,0.0
2025-11-05 00:00:00-05:00,6.183147214121715,6.229918104507326,6.061542096238987,6.201855659484863,822100,0.0,0.0
2025-11-06 00:00:00-05:00,6.201855398157596,6.276689176456924,6.155084063698265,6.183146953582764,553000,0.0,0.0
2025-11-07 00:00:00-05:00,6.164438341350709,6.267334560691515,6.12702145321869,6.239272117614746,627200,0.0,0.0
2025-11-10 00:00:00-05:00,6.248626332596494,6.323460557491514,6.201855443837176,6.220563888549805,663600,0.0,0.0
2025-11-11 00:00:00-05:00,6.23927251168458,6.398294519311668,6.23927251168458,6.370231628417969,724400,0.0,0.0
2025-11-12 00:00:00-05:00,6.370231492609508,6.4076483823070625,6.229917933221425,6.257980823516846,830500,0.0,0.0
2025-11-13 00:00:00-05:00,6.286043556853942,6.304752002563093,6.164438882766719,6.211209774017334,656000,0.0,0.0
2025-11-14 00:00:00-05:00,6.192501762909597,6.220564656465096,6.127022421354367,6.173793315887451,879700,0.0,0.0
2025-11-17 00:00:00-05:00,6.183305460621347,6.230869530221806,6.0596392425438195,6.078664779663086,678000,0.11,0.0
2025-11-18 00:00:00-05:00,6.059639558221226,6.154767248773246,6.040614020110823,6.135741710662842,648900,0.0,0.0
2025-11-19 00:00:00-05:00,6.107203639901989,6.268920940896996,6.107203639901989,6.2213568687438965,416200,0.0,0.0
2025-11-20 00:00:00-05:00,6.240382071979147,6.278433146217681,6.050126700786478,6.078664779663086,595100,0.0,0.0
2025-11-21 00:00:00-05:00,6.0691523570832695,6.259407732011907,6.040613824041676,6.240382194519043,510400,0.0,0.0
2025-11-24 00:00:00-05:00,6.230869664946893,6.345022890130738,6.221356669379276,6.325997352600098,635600,0.0,0.0
2025-11-25 00:00:00-05:00,6.3259972352824825,6.373560851424704,6.278433165535674,6.335509777069092,391100,0.0,0.0
2025-11-26 00:00:00-05:00,6.364048309638095,6.421124921171513,6.3259972352824825,6.335509777069092,547600,0.0,0.0
2025-11-28 00:00:00-05:00,6.364048575469959,6.373561117653916,6.32599749952492,6.3545355796813965,229800,0.0,0.0
2025-12-01 00:00:00-05:00,6.325997447003527,6.392586602552187,6.297458913479384,6.316484451293945,597500,0.0,0.0
2025-12-02 00:00:00-05:00,6.3355098945631205,6.354535432093761,6.278433281971198,6.325997352600098,516200,0.0,0.0
2025-12-03 00:00:00-05:00,6.3355096831251085,6.383073752166629,6.3355096831251085,6.345022678375244,461600,0.0,0.0
2025-12-04 00:00:00-05:00,6.364048363589291,6.383073900928386,6.335509830778353,6.373560905456543,584400,0.0,0.0
2025-12-05 00:00:00-05:00,6.354535485340219,6.4496636273951236,6.354535485340219,6.364048480987549,715700,0.0,0.0
2025-12-08 00:00:00-05:00,6.421125147222586,6.421125147222586,6.325997457984654,6.402099609375,802800,0.0,0.0
2025-12-09 00:00:00-05:00,6.38307401867761,6.411612098410402,6.345022943297488,6.364048480987549,649100,0.0,0.0
2025-12-10 00:00:00-05:00,6.345022943297488,6.37356102303028,6.316484409960097,6.364048480987549,486500,0.0,0.0
2025-12-11 00:00:00-05:00,6.373561064737627,6.383074060447208,6.316484451293945,6.316484451293945,458200,0.0,0.0
2025-12-12 00:00:00-05:00,6.345022718020353,6.364048255034921,6.278433111667073,6.297458648681641,510100,0.0,0.0
2025-12-15 00:00:00-05:00,6.306971867800856,6.325997405490566,6.059639424230031,6.192818641662598,2020800,0.0,0.0
2025-12-16 00:00:00-05:00,6.183305792463261,6.268920940896996,6.126229178042307,6.2213568687438965,986700,0.0,0.0
2025-12-17 00:00:00-05:00,6.182654622913642,6.279409691080413,6.114926305879181,6.192330360412598,1075000,0.11,0.0
2025-12-18 00:00:00-05:00,6.221356658322821,6.2503834094931205,6.153628341199718,6.172979354858398,613200,0.0,0.0
2025-12-19 00:00:00-05:00,6.18265484011754,6.318112401674361,6.18265484011754,6.2213568687438965,772700,0.0,0.0
2025-12-22 00:00:00-05:00,6.240707671981501,6.2503834094931205,6.153628341199718,6.172979354858398,879600,0.0,0.0
2025-12-23 00:00:00-05:00,6.1633033974866915,6.202005423423457,6.0955750827796225,6.105250358581543,486800,0.0,0.0
2025-12-24 00:00:00-05:00,6.114926088345534,6.124601364135742,6.066548325300871,6.124601364135742,460500,0.0,0.0
2025-12-26 00:00:00-05:00,6.124601130127782,6.153627879118438,6.085899105716589,6.134276866912842,519400,0.0,0.0
2025-12-29 00:00:00-05:00,6.143952399535873,6.172979149741668,6.0665483474731445,6.0665483474731445,681400,0.0,0.0
2025-12-30 00:00:00-05:00,6.056872818090456,6.172978891324035,6.047197081305397,6.134276866912842,710100,0.0,0.0
2025-12-31 00:00:00-05:00,6.114926044894749,6.269734147354389,6.1052503078087526,6.2407073974609375,506000,0.0,0.0
2026-01-02 00:00:00-05:00,6.250383314589886,6.463244461603378,6.250383314589886,6.405191421508789,907500,0.0,0.0
2026-01-05 00:00:00-05:00,6.414866903167972,6.492270953541992,6.395515890574468,6.472919940948486,758100,0.0,0.0
2026-01-06 00:00:00-05:00,6.482595474968241,6.492271212332948,6.3277873680493375,6.405191421508789,734300,0.0,0.0
2026-01-07 00:00:00-05:00,6.434218212070348,6.443893488130401,6.279409642828528,6.308436393737793,706100,0.0,0.0
2026-01-08 00:00:00-05:00,6.308436354684475,6.4535691856032225,6.2987610786843184,6.405191421508789,554100,0.0,0.0
2026-01-09 00:00:00-05:00,6.434217915761478,6.501946229156477,6.434217915761478,6.472919940948486,681000,0.0,0.0
2026-01-12 00:00:00-05:00,6.511622225697811,6.511622225697811,6.405191421508789,6.405191421508789,973600,0.0,0.0
2026-01-13 00:00:00-05:00,6.424542419299235,6.463244445935139,6.385840392663331,6.4438934326171875,752800,0.0,0.0
2026-01-14 00:00:00-05:00,6.472920400956614,6.511622428894043,6.41486735905047,6.511622428894043,1202700,0.0,0.0
2026-01-15 00:00:00-05:00,6.511622179031811,6.559999942779541,6.463244415284081,6.559999942779541,2197200,0.0,0.0
2026-01-16 00:00:00-05:00,6.579670225509525,6.579670225509525,6.491154333251089,6.540329933166504,1126800,0.11,0.0
2026-01-20 00:00:00-05:00,6.491154129839084,6.628845148724862,6.432143693173751,6.5009894371032715,1175400,0.0,0.0
2026-01-21 00:00:00-05:00,6.530494283358474,6.599340025837485,6.530494283358474,6.589504718780518,848200,0.0,0.0
2026-01-22 00:00:00-05:00,6.589504790583458,6.619010243102614,6.56983464522844,6.579669952392578,855300,0.0,0.0
2026-01-23 00:00:00-05:00,6.579670225509525,6.599340371681036,6.540329933166504,6.540329933166504,523300,0.0,0.0
2026-01-26 00:00:00-05:00,6.550164699554443,6.5600000070184095,6.471484115735802,6.550164699554443,762000,0.0,0.0
2026-01-27 00:00:00-05:00,6.5403296616825415,6.599340097747596,6.530494354518403,6.579669952392578,739100,0.0,0.0
2026-01-28 00:00:00-05:00,6.589504926935968,6.609175072698008,6.559999942779541,6.559999942779541,573000,0.0,0.0
2026-01-29 00:00:00-05:00,6.579669952392578,6.609174935938476,6.550164499873421,6.579669952392578,616100,0.0,0.0
2026-01-30 00:00:00-05:00,6.5796698806968035,6.599340025837485,6.550164428499155,6.589504718780518,590500,0.0,0.0
2026-02-02 00:00:00-05:00,6.58950505907423,6.619010512795592,6.540329928169663,6.609175205230713,921000,0.0,0.0
2026-02-03 00:00:00-05:00,6.609175137418425,6.609175137418425,6.491154261690462,6.550164699554443,908300,0.0,0.0
2026-02-04 00:00:00-05:00,6.550164703890483,6.579670157328642,6.441979135554871,6.481319427490234,839600,0.0,0.0
2026-02-05 00:00:00-05:00,6.500989566227199,6.500989566227199,6.3239577837416965,6.3436279296875,876900,0.0,0.0
2026-02-06 00:00:00-05:00,6.343627733632587,6.530494348829093,6.304287442956824,6.510824203491211,1157300,0.0,0.0
2026-02-09 00:00:00-05:00,6.510824199813021,6.510824199813021,6.333792891872096,6.373133182525635,1017900,0.0,0.0
2026-02-10 00:00:00-05:00,6.363297944325599,6.4813192865383025,6.314122814962464,6.432143688201904,730400,0.0,0.0
2026-02-11 00:00:00-05:00,6.461649011281219,6.540329591861338,6.412473413932018,6.520659446716309,826500,0.0,0.0
2026-02-12 00:00:00-05:00,6.530494278316925,6.599340020742787,6.4419788597388195,6.451813697814941,1152200,0.0,0.0
2026-02-13 00:00:00-05:00,6.48131935973138,6.609175072698008,6.412473615077605,6.559999942779541,1596000,0.0,0.0
2026-02-17 00:00:00-05:00,6.630000114440918,6.650000095367432,6.480000019073486,6.579999923706055,1005900,0.11,0.0
2026-02-18 00:00:00-05:00,6.590000152587891,6.590000152587891,6.440000057220459,6.449999809265137,1001100,0.0,0.0
2026-02-19 00:00:00-05:00,6.510000228881836,6.550000190734863,6.340000152587891,6.400000095367432,874400,0.0,0.0
2026-02-20 00:00:00-05:00,6.400000095367432,6.460000038146973,6.360000133514404,6.420000076293945,575100,0.0,0.0
2026-02-23 00:00:00-05:00,6.400000095367432,6.409999847412109,6.260000228881836,6.260000228881836,753300,0.0,0.0
2026-02-24 00:00:00-05:00,6.28000020980835,6.329999923706055,6.25,6.289999961853027,470400,0.0,0.0
2026-02-25 00:00:00-05:00,6.289999961853027,6.340000152587891,6.210000038146973,6.329999923706055,707400,0.0,0.0
2026-02-26 00:00:00-05:00,6.329999923706055,6.380000114440918,6.25,6.340000152587891,584700,0.0,0.0
2026-02-27 00:00:00-05:00,6.340000152587891,6.340000152587891,5.929999828338623,5.960000038146973,1567600,0.0,0.0
2026-03-02 00:00:00-05:00,5.929999828338623,6.139999866485596,5.789999961853027,6.059999942779541,1046100,0.0,0.0
2026-03-03 00:00:00-05:00,6.0,6.190000057220459,5.960000038146973,6.110000133514404,1109500,0.0,0.0
2026-03-04 00:00:00-05:00,5.429999828338623,5.449999809265137,4.519999980926514,4.690000057220459,7703400,0.0,0.0
2026-03-05 00:00:00-05:00,4.679999828338623,4.739999771118164,4.53000020980835,4.630000114440918,2104600,0.0,0.0
2026-03-06 00:00:00-05:00,4.53000020980835,4.570000171661377,4.159999847412109,4.199999809265137,3296100,0.0,0.0
2026-03-09 00:00:00-04:00,4.159999847412109,4.179999828338623,3.9800000190734863,4.179999828338623,2265300,0.0,0.0
2026-03-10 00:00:00-04:00,4.179999828338623,4.320000171661377,4.159999847412109,4.260000228881836,1373300,0.0,0.0
2026-03-11 00:00:00-04:00,4.260000228881836,4.300000190734863,4.210000038146973,4.239999771118164,1031100,0.0,0.0
2026-03-12 00:00:00-04:00,4.210000038146973,4.420000076293945,4.210000038146973,4.320000171661377,1189921,0.0,0.0
