Date,Open,High,Low,Close,Volume,Dividends,Stock Splits
2022-01-03 00:00:00-05:00,12.5600004196167,12.619999885559082,12.255000114440918,12.300000190734863,402100,0.0,0.0
2022-01-04 00:00:00-05:00,12.329999923706055,12.510000228881836,12.050000190734863,12.130000114440918,412100,0.0,0.0
2022-01-05 00:00:00-05:00,12.130000114440918,12.149999618530273,11.850000381469727,11.850000381469727,399700,0.0,0.0
2022-01-06 00:00:00-05:00,11.850000381469727,12.09000015258789,11.640000343322754,12.0,397000,0.0,0.0
2022-01-07 00:00:00-05:00,12.029999732971191,12.119999885559082,11.819999694824219,12.0,458500,0.0,0.0
2022-01-10 00:00:00-05:00,11.949999809265137,11.949999809265137,11.449999809265137,11.520000457763672,416400,0.0,0.0
2022-01-11 00:00:00-05:00,11.5600004196167,11.890000343322754,11.479999542236328,11.770000457763672,316300,0.0,0.0
2022-01-12 00:00:00-05:00,11.779999732971191,11.920000076293945,11.640000343322754,11.680000305175781,271000,0.0,0.0
2022-01-13 00:00:00-05:00,11.710000038146973,11.779999732971191,11.449999809265137,11.460000038146973,293200,0.0,0.0
2022-01-14 00:00:00-05:00,11.329999923706055,11.420000076293945,11.010000228881836,11.170000076293945,327400,0.0,0.0
2022-01-18 00:00:00-05:00,11.0,11.149999618530273,10.430000305175781,10.4399995803833,541200,0.0,0.0
2022-01-19 00:00:00-05:00,10.520000457763672,11.039999961853027,10.300000190734863,10.789999961853027,896100,0.0,0.0
2022-01-20 00:00:00-05:00,10.800000190734863,11.140000343322754,10.779999732971191,10.84000015258789,556400,0.0,0.0
2022-01-21 00:00:00-05:00,10.84000015258789,10.859999656677246,10.029999732971191,10.050000190734863,725700,0.0,0.0
2022-01-24 00:00:00-05:00,9.75,10.069999694824219,9.140000343322754,10.020000457763672,1034600,0.0,0.0
2022-01-25 00:00:00-05:00,9.850000381469727,10.020000457763672,9.619999885559082,9.770000457763672,428000,0.0,0.0
2022-01-26 00:00:00-05:00,10.180000305175781,10.619999885559082,9.979999542236328,10.029999732971191,622300,0.0,0.0
2022-01-27 00:00:00-05:00,10.149999618530273,10.210000038146973,9.390000343322754,9.430000305175781,467000,0.0,0.0
2022-01-28 00:00:00-05:00,9.420000076293945,10.25,9.25,10.239999771118164,846700,0.0,0.0
2022-01-31 00:00:00-05:00,10.25,10.890000343322754,10.25,10.600000381469727,1658800,0.0,0.0
2022-02-01 00:00:00-05:00,10.630000114440918,10.9399995803833,10.548999786376953,10.699999809265137,451400,0.0,0.0
2022-02-02 00:00:00-05:00,10.729999542236328,10.729999542236328,10.135000228881836,10.1899995803833,510200,0.0,0.0
2022-02-03 00:00:00-05:00,10.010000228881836,10.4350004196167,10.0,10.399999618530273,608800,0.0,0.0
2022-02-04 00:00:00-05:00,10.319999694824219,10.375,9.8100004196167,9.960000038146973,574800,0.0,0.0
2022-02-07 00:00:00-05:00,9.970000267028809,10.425000190734863,9.970000267028809,10.270000457763672,478700,0.0,0.0
2022-02-08 00:00:00-05:00,10.300000190734863,10.670000076293945,10.300000190734863,10.5,203900,0.0,0.0
2022-02-09 00:00:00-05:00,10.569999694824219,10.930000305175781,10.489999771118164,10.920000076293945,348300,0.0,0.0
2022-02-10 00:00:00-05:00,10.640000343322754,10.819999694824219,10.420000076293945,10.5,641200,0.0,0.0
2022-02-11 00:00:00-05:00,10.569999694824219,10.670000076293945,10.0600004196167,10.109999656677246,299600,0.0,0.0
2022-02-14 00:00:00-05:00,10.020000457763672,10.395000457763672,9.960000038146973,10.109999656677246,436000,0.0,0.0
2022-02-15 00:00:00-05:00,10.270000457763672,10.460000038146973,10.25,10.350000381469727,397200,0.0,0.0
2022-02-16 00:00:00-05:00,10.3100004196167,10.515000343322754,10.170000076293945,10.460000038146973,287900,0.0,0.0
2022-02-17 00:00:00-05:00,10.350000381469727,10.40999984741211,10.010000228881836,10.149999618530273,280800,0.0,0.0
2022-02-18 00:00:00-05:00,10.170000076293945,10.350000381469727,10.079999923706055,10.140000343322754,343700,0.0,0.0
2022-02-22 00:00:00-05:00,10.010000228881836,10.109999656677246,9.670000076293945,9.850000381469727,369300,0.0,0.0
2022-02-23 00:00:00-05:00,9.899999618530273,9.9399995803833,9.020000457763672,9.039999961853027,683500,0.0,0.0
2022-02-24 00:00:00-05:00,8.90999984741211,9.569999694824219,8.720999717712402,9.539999961853027,1104500,0.0,0.0
2022-02-25 00:00:00-05:00,9.59000015258789,9.739999771118164,9.510000228881836,9.579999923706055,338200,0.0,0.0
2022-02-28 00:00:00-05:00,9.479999542236328,9.770000457763672,9.479999542236328,9.630000114440918,430800,0.0,0.0
2022-03-01 00:00:00-05:00,9.5600004196167,9.800000190734863,9.430000305175781,9.510000228881836,350300,0.0,0.0
2022-03-02 00:00:00-05:00,9.550000190734863,9.970000267028809,9.420000076293945,9.859999656677246,383300,0.0,0.0
2022-03-03 00:00:00-05:00,9.899999618530273,9.920000076293945,9.630000114440918,9.760000228881836,290100,0.0,0.0
2022-03-04 00:00:00-05:00,9.600000381469727,9.789999961853027,9.555000305175781,9.710000038146973,443200,0.0,0.0
2022-03-07 00:00:00-05:00,9.829999923706055,10.300000190734863,9.539999961853027,9.550000190734863,988900,0.0,0.0
2022-03-08 00:00:00-05:00,9.529999732971191,9.819999694824219,9.479999542236328,9.569999694824219,538800,0.0,0.0
2022-03-09 00:00:00-05:00,9.729999542236328,9.850000381469727,9.479999542236328,9.510000228881836,867900,0.0,0.0
2022-03-10 00:00:00-05:00,9.359999656677246,9.484999656677246,9.045000076293945,9.300000190734863,1156200,0.0,0.0
2022-03-11 00:00:00-05:00,9.329999923706055,9.430000305175781,9.229999542236328,9.300000190734863,1020300,0.0,0.0
2022-03-14 00:00:00-04:00,9.359999656677246,9.359999656677246,8.630000114440918,8.699999809265137,1032600,0.0,0.0
2022-03-15 00:00:00-04:00,9.329999923706055,9.699000358581543,9.15999984741211,9.270000457763672,2256200,0.0,0.0
2022-03-16 00:00:00-04:00,9.270000457763672,9.5600004196167,8.895000457763672,9.3100004196167,2716500,0.0,0.0
2022-03-17 00:00:00-04:00,9.170000076293945,10.335000038146973,9.170000076293945,9.949999809265137,2122500,0.0,0.0
2022-03-18 00:00:00-04:00,9.859999656677246,10.15999984741211,9.755000114440918,9.819999694824219,1980600,0.0,0.0
2022-03-21 00:00:00-04:00,9.770000457763672,9.899999618530273,9.654999732971191,9.729999542236328,1505400,0.0,0.0
2022-03-22 00:00:00-04:00,9.779999732971191,10.0600004196167,9.739999771118164,9.779999732971191,1309000,0.0,0.0
2022-03-23 00:00:00-04:00,9.65999984741211,9.789999961853027,9.364999771118164,9.5,674800,0.0,0.0
2022-03-24 00:00:00-04:00,9.529999732971191,9.529999732971191,9.020000457763672,9.109999656677246,1032800,0.0,0.0
2022-03-25 00:00:00-04:00,9.170000076293945,9.1899995803833,8.869999885559082,8.989999771118164,861400,0.0,0.0
2022-03-28 00:00:00-04:00,8.930000305175781,9.289999961853027,8.800000190734863,9.239999771118164,978300,0.0,0.0
2022-03-29 00:00:00-04:00,9.399999618530273,9.65999984741211,9.34000015258789,9.489999771118164,523600,0.0,0.0
2022-03-30 00:00:00-04:00,9.40999984741211,9.520000457763672,9.149999618530273,9.15999984741211,613400,0.0,0.0
2022-03-31 00:00:00-04:00,9.109999656677246,9.279999732971191,8.970000267028809,9.0,540300,0.0,0.0
2022-04-01 00:00:00-04:00,9.079999923706055,9.130000114440918,8.65999984741211,8.779999732971191,456800,0.0,0.0
2022-04-04 00:00:00-04:00,8.789999961853027,9.09000015258789,8.670000076293945,9.079999923706055,755400,0.0,0.0
2022-04-05 00:00:00-04:00,9.069999694824219,9.149999618530273,8.8100004196167,8.890000343322754,499400,0.0,0.0
2022-04-06 00:00:00-04:00,8.779999732971191,8.869999885559082,8.630000114440918,8.6899995803833,428100,0.0,0.0
2022-04-07 00:00:00-04:00,8.630000114440918,8.850000381469727,8.550000190734863,8.819999694824219,559900,0.0,0.0
2022-04-08 00:00:00-04:00,8.75,8.859999656677246,8.619999885559082,8.75,612500,0.0,0.0
2022-04-11 00:00:00-04:00,8.649999618530273,8.970000267028809,8.649999618530273,8.869999885559082,680900,0.0,0.0
2022-04-12 00:00:00-04:00,8.9399995803833,9.210000038146973,8.90999984741211,9.09000015258789,1012400,0.0,0.0
2022-04-13 00:00:00-04:00,9.100000381469727,9.390000343322754,9.100000381469727,9.279999732971191,558200,0.0,0.0
2022-04-14 00:00:00-04:00,9.199999809265137,9.295000076293945,9.145000457763672,9.1899995803833,416400,0.0,0.0
2022-04-18 00:00:00-04:00,9.140000343322754,9.329999923706055,8.9399995803833,9.229999542236328,381900,0.0,0.0
2022-04-19 00:00:00-04:00,9.260000228881836,9.630000114440918,9.260000228881836,9.619999885559082,599000,0.0,0.0
2022-04-20 00:00:00-04:00,9.739999771118164,9.859999656677246,9.640000343322754,9.6899995803833,711800,0.0,0.0
2022-04-21 00:00:00-04:00,9.859999656677246,10.149999618530273,9.720000267028809,9.960000038146973,1055300,0.0,0.0
2022-04-22 00:00:00-04:00,9.949999809265137,10.039999961853027,9.649999618530273,9.75,959400,0.0,0.0
2022-04-25 00:00:00-04:00,9.619999885559082,9.84000015258789,9.46500015258789,9.720000267028809,1118000,0.0,0.0
2022-04-26 00:00:00-04:00,9.59000015258789,9.699999809265137,9.119999885559082,9.130000114440918,769700,0.0,0.0
2022-04-27 00:00:00-04:00,9.100000381469727,9.25,9.010000228881836,9.140000343322754,784900,0.0,0.0
2022-04-28 00:00:00-04:00,9.229999542236328,9.649999618530273,9.100000381469727,9.649999618530273,439900,0.0,0.0
2022-04-29 00:00:00-04:00,9.619999885559082,9.789999961853027,9.420000076293945,9.460000038146973,356400,0.0,0.0
2022-05-02 00:00:00-04:00,9.399999618530273,9.899999618530273,9.329999923706055,9.880000114440918,597300,0.0,0.0
2022-05-03 00:00:00-04:00,9.850000381469727,10.039999961853027,9.670000076293945,9.970000267028809,1122000,0.0,0.0
2022-05-04 00:00:00-04:00,9.989999771118164,10.329999923706055,9.819999694824219,10.229999542236328,881000,0.0,0.0
2022-05-05 00:00:00-04:00,10.050000190734863,10.050000190734863,9.430000305175781,9.65999984741211,579000,0.0,0.0
2022-05-06 00:00:00-04:00,9.619999885559082,9.619999885559082,8.979999542236328,9.569999694824219,800700,0.0,0.0
2022-05-09 00:00:00-04:00,9.369999885559082,9.550000190734863,8.569999694824219,8.59000015258789,822300,0.0,0.0
2022-05-10 00:00:00-04:00,8.720000267028809,8.800000190734863,8.03499984741211,8.1899995803833,806700,0.0,0.0
2022-05-11 00:00:00-04:00,8.140000343322754,8.579999923706055,7.949999809265137,8.3100004196167,711100,0.0,0.0
2022-05-12 00:00:00-04:00,8.220000267028809,8.779999732971191,8.020000457763672,8.779999732971191,1111500,0.0,0.0
2022-05-13 00:00:00-04:00,8.880000114440918,9.210000038146973,8.859999656677246,9.039999961853027,984600,0.0,0.0
2022-05-16 00:00:00-04:00,8.970000267028809,9.140000343322754,8.760000228881836,9.039999961853027,592200,0.0,0.0
2022-05-17 00:00:00-04:00,9.520000457763672,11.149999618530273,9.520000457763672,10.5600004196167,2425100,0.0,0.0
2022-05-18 00:00:00-04:00,10.470000267028809,11.119999885559082,10.369999885559082,10.5600004196167,1411300,0.0,0.0
2022-05-19 00:00:00-04:00,10.470000267028809,10.989999771118164,10.449999809265137,10.880000114440918,879800,0.0,0.0
2022-05-20 00:00:00-04:00,10.979999542236328,11.079999923706055,10.350000381469727,10.649999618530273,694700,0.0,0.0
2022-05-23 00:00:00-04:00,10.789999961853027,10.86400032043457,10.5600004196167,10.600000381469727,406400,0.0,0.0
2022-05-24 00:00:00-04:00,10.489999771118164,10.600000381469727,10.260000228881836,10.470000267028809,483300,0.0,0.0
2022-05-25 00:00:00-04:00,10.329999923706055,10.59000015258789,10.279999732971191,10.569999694824219,316700,0.0,0.0
2022-05-26 00:00:00-04:00,10.640000343322754,10.960000038146973,10.479999542236328,10.819999694824219,380800,0.0,0.0
2022-05-27 00:00:00-04:00,10.9399995803833,11.039999961853027,10.8100004196167,10.970000267028809,313900,0.0,0.0
2022-05-31 00:00:00-04:00,10.899999618530273,11.079999923706055,10.729999542236328,11.079999923706055,598500,0.0,0.0
2022-06-01 00:00:00-04:00,11.069999694824219,11.335000038146973,10.960000038146973,11.289999961853027,604500,0.0,0.0
2022-06-02 00:00:00-04:00,11.239999771118164,11.649999618530273,11.170000076293945,11.319999694824219,608300,0.0,0.0
2022-06-03 00:00:00-04:00,11.140000343322754,11.380000114440918,11.015000343322754,11.119999885559082,518600,0.0,0.0
2022-06-06 00:00:00-04:00,11.390000343322754,11.579999923706055,11.079999923706055,11.300000190734863,793700,0.0,0.0
2022-06-07 00:00:00-04:00,11.149999618530273,11.220000267028809,10.569999694824219,11.020000457763672,823300,0.0,0.0
2022-06-08 00:00:00-04:00,10.979999542236328,11.119999885559082,10.770000457763672,10.930000305175781,1137600,0.0,0.0
2022-06-09 00:00:00-04:00,10.829999923706055,10.899999618530273,10.550000190734863,10.550000190734863,963700,0.0,0.0
2022-06-10 00:00:00-04:00,10.350000381469727,10.479999542236328,10.09000015258789,10.119999885559082,577500,0.0,0.0
2022-06-13 00:00:00-04:00,9.819999694824219,9.899999618530273,9.289999961853027,9.3100004196167,825900,0.0,0.0
2022-06-14 00:00:00-04:00,9.399999618530273,9.40999984741211,9.130000114440918,9.350000381469727,615500,0.0,0.0
2022-06-15 00:00:00-04:00,9.449999809265137,9.9399995803833,9.380000114440918,9.75,620200,0.0,0.0
2022-06-16 00:00:00-04:00,9.460000038146973,9.579999923706055,9.239999771118164,9.3100004196167,567000,0.0,0.0
2022-06-17 00:00:00-04:00,9.289999961853027,9.649999618530273,9.170000076293945,9.470000267028809,739300,0.0,0.0
2022-06-21 00:00:00-04:00,9.5600004196167,9.78499984741211,9.114999771118164,9.170000076293945,713300,0.0,0.0
2022-06-22 00:00:00-04:00,8.880000114440918,9.270000457763672,8.819999694824219,9.079999923706055,889800,0.0,0.0
2022-06-23 00:00:00-04:00,9.09000015258789,9.329999923706055,8.989999771118164,9.319999694824219,889800,0.0,0.0
2022-06-24 00:00:00-04:00,9.369999885559082,9.539999961853027,8.899999618530273,8.930000305175781,10685900,0.0,0.0
2022-06-27 00:00:00-04:00,9.020000457763672,9.699999809265137,8.930000305175781,9.59000015258789,1037300,0.0,0.0
2022-06-28 00:00:00-04:00,9.569999694824219,9.720999717712402,9.5600004196167,9.609999656677246,672700,0.0,0.0
2022-06-29 00:00:00-04:00,9.640000343322754,9.640000343322754,8.949999809265137,8.989999771118164,567200,0.0,0.0
2022-06-30 00:00:00-04:00,8.819999694824219,9.029999732971191,8.6850004196167,9.029999732971191,663500,0.0,0.0
2022-07-01 00:00:00-04:00,8.979999542236328,9.234999656677246,8.9399995803833,9.170000076293945,519000,0.0,0.0
2022-07-05 00:00:00-04:00,9.0600004196167,9.399999618530273,8.779999732971191,9.380000114440918,481000,0.0,0.0
2022-07-06 00:00:00-04:00,9.34000015258789,9.5,9.15999984741211,9.359999656677246,383900,0.0,0.0
2022-07-07 00:00:00-04:00,9.5,9.854999542236328,9.5,9.75,697100,0.0,0.0
2022-07-08 00:00:00-04:00,9.640000343322754,9.850000381469727,9.425000190734863,9.460000038146973,830800,0.0,0.0
2022-07-11 00:00:00-04:00,9.359999656677246,9.380000114440918,9.15999984741211,9.229999542236328,304500,0.0,0.0
2022-07-12 00:00:00-04:00,9.229999542236328,9.449999809265137,9.079999923706055,9.119999885559082,458200,0.0,0.0
2022-07-13 00:00:00-04:00,9.039999961853027,9.449999809265137,8.869999885559082,9.369999885559082,305700,0.0,0.0
2022-07-14 00:00:00-04:00,9.180000305175781,9.289999961853027,9.119999885559082,9.289999961853027,197700,0.0,0.0
2022-07-15 00:00:00-04:00,9.479999542236328,9.619999885559082,9.34000015258789,9.550000190734863,295100,0.0,0.0
2022-07-18 00:00:00-04:00,9.6899995803833,9.765000343322754,9.470000267028809,9.489999771118164,210900,0.0,0.0
2022-07-19 00:00:00-04:00,9.619999885559082,9.890000343322754,9.619999885559082,9.829999923706055,206900,0.0,0.0
2022-07-20 00:00:00-04:00,9.869999885559082,10.109999656677246,9.819999694824219,10.010000228881836,340800,0.0,0.0
2022-07-21 00:00:00-04:00,9.90999984741211,10.010000228881836,9.770000457763672,10.0,229500,0.0,0.0
2022-07-22 00:00:00-04:00,10.079999923706055,10.079999923706055,9.829999923706055,9.90999984741211,221200,0.0,0.0
2022-07-25 00:00:00-04:00,9.979999542236328,10.020000457763672,9.8100004196167,9.949999809265137,172400,0.0,0.0
2022-07-26 00:00:00-04:00,9.90999984741211,10.0,9.859999656677246,9.930000305175781,250300,0.0,0.0
2022-07-27 00:00:00-04:00,9.989999771118164,10.069999694824219,9.90999984741211,10.039999961853027,432600,0.0,0.0
2022-07-28 00:00:00-04:00,10.0,10.119999885559082,9.829999923706055,10.0,308300,0.0,0.0
2022-07-29 00:00:00-04:00,9.970000267028809,10.220000267028809,9.944999694824219,10.170000076293945,485600,0.0,0.0
2022-08-01 00:00:00-04:00,10.119999885559082,10.25,9.930000305175781,10.130000114440918,573200,0.0,0.0
2022-08-02 00:00:00-04:00,10.0600004196167,10.149999618530273,9.920000076293945,10.050000190734863,431800,0.0,0.0
2022-08-03 00:00:00-04:00,10.15999984741211,10.329999923706055,10.100000381469727,10.260000228881836,830500,0.0,0.0
2022-08-04 00:00:00-04:00,10.3100004196167,10.430000305175781,10.229999542236328,10.329999923706055,419800,0.0,0.0
2022-08-05 00:00:00-04:00,10.180000305175781,10.600000381469727,10.180000305175781,10.4399995803833,539100,0.0,0.0
2022-08-08 00:00:00-04:00,10.510000228881836,10.760000228881836,10.470000267028809,10.760000228881836,460200,0.0,0.0
2022-08-09 00:00:00-04:00,10.720000267028809,10.84000015258789,10.510000228881836,10.789999961853027,365900,0.0,0.0
2022-08-10 00:00:00-04:00,11.0,11.079999923706055,10.75,10.84000015258789,325100,0.0,0.0
2022-08-11 00:00:00-04:00,10.859999656677246,11.154999732971191,10.789999961853027,10.800000190734863,340600,0.0,0.0
2022-08-12 00:00:00-04:00,10.869999885559082,11.170000076293945,10.770000457763672,11.170000076293945,612200,0.0,0.0
2022-08-15 00:00:00-04:00,11.010000228881836,11.505000114440918,11.010000228881836,11.380000114440918,392700,0.0,0.0
2022-08-16 00:00:00-04:00,12.119999885559082,12.239999771118164,11.630000114440918,11.640000343322754,905700,0.0,0.0
2022-08-17 00:00:00-04:00,11.729999542236328,11.859999656677246,11.180000305175781,11.430000305175781,759700,0.0,0.0
2022-08-18 00:00:00-04:00,11.40999984741211,11.8149995803833,11.40999984741211,11.619999885559082,600700,0.0,0.0
2022-08-19 00:00:00-04:00,11.539999961853027,11.539999961853027,10.979999542236328,11.0600004196167,463000,0.0,0.0
2022-08-22 00:00:00-04:00,10.930000305175781,11.010000228881836,10.75,10.770000457763672,262600,0.0,0.0
2022-08-23 00:00:00-04:00,10.920000076293945,11.135000228881836,10.8100004196167,10.859999656677246,332600,0.0,0.0
2022-08-24 00:00:00-04:00,10.789999961853027,10.960000038146973,10.755000114440918,10.829999923706055,266800,0.0,0.0
2022-08-25 00:00:00-04:00,10.869999885559082,10.975000381469727,10.779999732971191,10.850000381469727,243700,0.0,0.0
2022-08-26 00:00:00-04:00,10.829999923706055,10.920999526977539,10.329999923706055,10.380000114440918,229200,0.0,0.0
2022-08-29 00:00:00-04:00,10.279999732971191,10.399999618530273,10.140000343322754,10.329999923706055,321500,0.0,0.0
2022-08-30 00:00:00-04:00,10.350000381469727,10.470000267028809,10.329999923706055,10.420000076293945,288200,0.0,0.0
2022-08-31 00:00:00-04:00,10.399999618530273,10.489999771118164,10.220000267028809,10.329999923706055,306300,0.0,0.0
2022-09-01 00:00:00-04:00,10.239999771118164,10.420000076293945,10.079999923706055,10.359999656677246,390800,0.0,0.0
2022-09-02 00:00:00-04:00,10.5600004196167,10.59000015258789,10.239999771118164,10.289999961853027,374300,0.0,0.0
2022-09-06 00:00:00-04:00,10.539999961853027,10.710000038146973,10.390000343322754,10.609999656677246,523300,0.0,0.0
2022-09-07 00:00:00-04:00,10.59000015258789,10.960000038146973,10.59000015258789,10.84000015258789,563900,0.0,0.0
2022-09-08 00:00:00-04:00,10.699999809265137,10.819999694824219,10.520000457763672,10.529999732971191,326600,0.0,0.0
2022-09-09 00:00:00-04:00,10.600000381469727,10.75,10.449999809265137,10.680000305175781,538400,0.0,0.0
2022-09-12 00:00:00-04:00,10.8100004196167,11.0,10.779999732971191,10.90999984741211,724100,0.0,0.0
2022-09-13 00:00:00-04:00,10.720000267028809,10.779999732971191,10.369999885559082,10.539999961853027,817000,0.0,0.0
2022-09-14 00:00:00-04:00,10.479999542236328,10.524999618530273,10.260000228881836,10.4399995803833,486200,0.0,0.0
2022-09-15 00:00:00-04:00,10.369999885559082,10.654999732971191,10.119999885559082,10.140000343322754,713600,0.0,0.0
2022-09-16 00:00:00-04:00,9.960000038146973,9.960000038146973,9.819999694824219,9.890000343322754,1645700,0.0,0.0
2022-09-19 00:00:00-04:00,9.75,9.960000038146973,9.75,9.890000343322754,485300,0.0,0.0
2022-09-20 00:00:00-04:00,9.739999771118164,9.800000190734863,9.520000457763672,9.770000457763672,380600,0.0,0.0
2022-09-21 00:00:00-04:00,9.890000343322754,10.069999694824219,9.579999923706055,9.609999656677246,398900,0.0,0.0
2022-09-22 00:00:00-04:00,9.59000015258789,9.59000015258789,9.319999694824219,9.420000076293945,353300,0.0,0.0
2022-09-23 00:00:00-04:00,9.289999961853027,9.34000015258789,8.9399995803833,9.010000228881836,826500,0.0,0.0
2022-09-26 00:00:00-04:00,9.029999732971191,9.170000076293945,8.805000305175781,8.970000267028809,488800,0.0,0.0
2022-09-27 00:00:00-04:00,9.100000381469727,9.149999618530273,8.760000228881836,8.890000343322754,640800,0.0,0.0
2022-09-28 00:00:00-04:00,8.989999771118164,9.210000038146973,8.920000076293945,9.119999885559082,744600,0.0,0.0
2022-09-29 00:00:00-04:00,8.989999771118164,9.079999923706055,8.649999618530273,8.869999885559082,486100,0.0,0.0
2022-09-30 00:00:00-04:00,8.859999656677246,9.100000381469727,8.800000190734863,8.920000076293945,354400,0.0,0.0
2022-10-03 00:00:00-04:00,9.0600004196167,9.15999984741211,8.850000381469727,9.09000015258789,441100,0.0,0.0
2022-10-04 00:00:00-04:00,9.3100004196167,9.545000076293945,9.3100004196167,9.510000228881836,525800,0.0,0.0
2022-10-05 00:00:00-04:00,9.380000114440918,9.4399995803833,9.180000305175781,9.34000015258789,404800,0.0,0.0
2022-10-06 00:00:00-04:00,9.289999961853027,9.425000190734863,9.270000457763672,9.369999885559082,260600,0.0,0.0
2022-10-07 00:00:00-04:00,9.229999542236328,9.25,8.680000305175781,8.890000343322754,490300,0.0,0.0
2022-10-10 00:00:00-04:00,8.930000305175781,9.180000305175781,8.770000457763672,9.130000114440918,324500,0.0,0.0
2022-10-11 00:00:00-04:00,9.069999694824219,9.069999694824219,8.8100004196167,9.039999961853027,338400,0.0,0.0
2022-10-12 00:00:00-04:00,9.020000457763672,9.020000457763672,8.229999542236328,8.359999656677246,1052100,0.0,0.0
2022-10-13 00:00:00-04:00,8.130000114440918,8.729999542236328,7.96999979019165,8.65999984741211,912900,0.0,0.0
2022-10-14 00:00:00-04:00,8.770000457763672,8.819999694824219,8.4399995803833,8.510000228881836,616600,0.0,0.0
2022-10-17 00:00:00-04:00,8.720000267028809,8.949999809265137,8.65999984741211,8.829999923706055,390700,0.0,0.0
2022-10-18 00:00:00-04:00,9.0,9.170000076293945,8.789999961853027,8.979999542236328,402100,0.0,0.0
2022-10-19 00:00:00-04:00,8.84000015258789,8.859999656677246,8.550000190734863,8.640000343322754,253700,0.0,0.0
2022-10-20 00:00:00-04:00,8.670000076293945,8.800000190734863,8.319999694824219,8.329999923706055,303900,0.0,0.0
2022-10-21 00:00:00-04:00,8.399999618530273,8.539999961853027,8.100000381469727,8.520000457763672,504200,0.0,0.0
2022-10-24 00:00:00-04:00,8.520000457763672,8.710000038146973,8.420000076293945,8.520000457763672,242600,0.0,0.0
2022-10-25 00:00:00-04:00,8.569999694824219,9.109999656677246,8.569999694824219,9.0,317800,0.0,0.0
2022-10-26 00:00:00-04:00,9.050000190734863,9.25,8.899999618530273,9.100000381469727,270700,0.0,0.0
2022-10-27 00:00:00-04:00,9.1899995803833,9.25,9.039999961853027,9.149999618530273,235600,0.0,0.0
2022-10-28 00:00:00-04:00,9.220000267028809,9.4399995803833,9.100000381469727,9.399999618530273,510700,0.0,0.0
2022-10-31 00:00:00-04:00,9.329999923706055,9.65999984741211,9.270000457763672,9.630000114440918,462500,0.0,0.0
2022-11-01 00:00:00-04:00,9.75,9.779999732971191,9.53499984741211,9.630000114440918,307600,0.0,0.0
2022-11-02 00:00:00-04:00,9.600000381469727,9.600000381469727,8.949999809265137,8.989999771118164,321400,0.0,0.0
2022-11-03 00:00:00-04:00,8.800000190734863,8.880000114440918,8.640000343322754,8.6899995803833,258100,0.0,0.0
2022-11-04 00:00:00-04:00,8.859999656677246,8.970000267028809,8.430000305175781,8.550000190734863,790000,0.0,0.0
2022-11-07 00:00:00-05:00,8.550000190734863,8.609999656677246,8.1899995803833,8.5,363000,0.0,0.0
2022-11-08 00:00:00-05:00,8.59000015258789,8.729999542236328,8.34000015258789,8.510000228881836,271700,0.0,0.0
2022-11-09 00:00:00-05:00,8.470000267028809,8.609999656677246,8.289999961853027,8.449999809265137,421100,0.0,0.0
2022-11-10 00:00:00-05:00,9.350000381469727,10.319999694824219,9.170000076293945,10.029999732971191,1806500,0.0,0.0
2022-11-11 00:00:00-05:00,10.170000076293945,10.914999961853027,10.170000076293945,10.760000228881836,1520200,0.0,0.0
2022-11-14 00:00:00-05:00,10.6899995803833,10.770000457763672,10.274999618530273,10.470000267028809,622200,0.0,0.0
2022-11-15 00:00:00-05:00,10.640000343322754,10.890000343322754,10.604999542236328,10.670000076293945,428400,0.0,0.0
2022-11-16 00:00:00-05:00,10.699999809265137,10.770000457763672,10.399999618530273,10.640000343322754,447000,0.0,0.0
2022-11-17 00:00:00-05:00,10.380000114440918,10.479999542236328,10.050000190734863,10.350000381469727,388500,0.0,0.0
2022-11-18 00:00:00-05:00,10.619999885559082,10.739999771118164,10.414999961853027,10.510000228881836,269700,0.0,0.0
2022-11-21 00:00:00-05:00,10.369999885559082,10.470000267028809,10.239999771118164,10.359999656677246,359500,0.0,0.0
2022-11-22 00:00:00-05:00,10.510000228881836,10.600000381469727,10.40999984741211,10.539999961853027,292400,0.0,0.0
2022-11-23 00:00:00-05:00,10.470000267028809,10.649999618530273,10.380000114440918,10.40999984741211,192800,0.0,0.0
2022-11-25 00:00:00-05:00,10.479999542236328,10.600000381469727,10.407999992370605,10.539999961853027,130500,0.0,0.0
2022-11-28 00:00:00-05:00,10.489999771118164,10.574999809265137,10.3100004196167,10.40999984741211,491900,0.0,0.0
2022-11-29 00:00:00-05:00,10.380000114440918,10.6899995803833,10.319999694824219,10.59000015258789,635500,0.0,0.0
2022-11-30 00:00:00-05:00,10.529999732971191,10.949999809265137,10.479999542236328,10.949999809265137,652300,0.0,0.0
2022-12-01 00:00:00-05:00,10.970000267028809,11.079999923706055,10.699999809265137,10.899999618530273,449500,0.0,0.0
2022-12-02 00:00:00-05:00,10.649999618530273,10.970000267028809,10.649999618530273,10.84000015258789,273800,0.0,0.0
2022-12-05 00:00:00-05:00,10.829999923706055,10.970000267028809,10.697999954223633,10.760000228881836,263800,0.0,0.0
2022-12-06 00:00:00-05:00,10.739999771118164,10.75,10.430000305175781,10.5600004196167,159700,0.0,0.0
2022-12-07 00:00:00-05:00,10.449999809265137,10.65999984741211,10.289999961853027,10.350000381469727,297100,0.0,0.0
2022-12-08 00:00:00-05:00,10.430000305175781,10.569999694824219,10.319999694824219,10.5,383400,0.0,0.0
2022-12-09 00:00:00-05:00,10.420000076293945,10.550000190734863,10.420000076293945,10.5,1023200,0.0,0.0
2022-12-12 00:00:00-05:00,10.479999542236328,10.670000076293945,10.430000305175781,10.609999656677246,598700,0.0,0.0
2022-12-13 00:00:00-05:00,11.149999618530273,11.149999618530273,10.479999542236328,10.579999923706055,355500,0.0,0.0
2022-12-14 00:00:00-05:00,10.600000381469727,10.6899995803833,10.350000381469727,10.40999984741211,312100,0.0,0.0
2022-12-15 00:00:00-05:00,10.1899995803833,10.241999626159668,9.829999923706055,9.920000076293945,412500,0.0,0.0
2022-12-16 00:00:00-05:00,9.760000228881836,9.949999809265137,9.600000381469727,9.770000457763672,659600,0.0,0.0
2022-12-19 00:00:00-05:00,9.699999809265137,9.84000015258789,9.609999656677246,9.670000076293945,368900,0.0,0.0
2022-12-20 00:00:00-05:00,9.600000381469727,9.899999618530273,9.550000190734863,9.65999984741211,325600,0.0,0.0
2022-12-21 00:00:00-05:00,9.789999961853027,9.803000450134277,9.640000343322754,9.699999809265137,381200,0.0,0.0
2022-12-22 00:00:00-05:00,9.630000114440918,9.819999694824219,9.350000381469727,9.4399995803833,406400,0.0,0.0
2022-12-23 00:00:00-05:00,9.369999885559082,9.470000267028809,9.279999732971191,9.350000381469727,327300,0.0,0.0
2022-12-27 00:00:00-05:00,9.399999618530273,9.399999618530273,9.15999984741211,9.34000015258789,283400,0.0,0.0
2022-12-28 00:00:00-05:00,9.350000381469727,9.5,9.274999618530273,9.279999732971191,313300,0.0,0.0
2022-12-29 00:00:00-05:00,9.399999618530273,9.670000076293945,9.329999923706055,9.649999618530273,309600,0.0,0.0
2022-12-30 00:00:00-05:00,9.489999771118164,9.65999984741211,9.4399995803833,9.520000457763672,237700,0.0,0.0
2023-01-03 00:00:00-05:00,9.640000343322754,9.789999961853027,9.449999809265137,9.619999885559082,283000,0.0,0.0
2023-01-04 00:00:00-05:00,9.75,9.989999771118164,9.699999809265137,9.800000190734863,274500,0.0,0.0
2023-01-05 00:00:00-05:00,9.65999984741211,9.75,9.53499984741211,9.630000114440918,213400,0.0,0.0
2023-01-06 00:00:00-05:00,9.739999771118164,9.829999923706055,9.520000457763672,9.739999771118164,236000,0.0,0.0
2023-01-09 00:00:00-05:00,9.899999618530273,10.020000457763672,9.779999732971191,9.800000190734863,220900,0.0,0.0
2023-01-10 00:00:00-05:00,9.710000038146973,9.960000038146973,9.710000038146973,9.890000343322754,173300,0.0,0.0
2023-01-11 00:00:00-05:00,9.979999542236328,10.279999732971191,9.979999542236328,10.270000457763672,320600,0.0,0.0
2023-01-12 00:00:00-05:00,10.359999656677246,10.399999618530273,10.069999694824219,10.199999809265137,379500,0.0,0.0
2023-01-13 00:00:00-05:00,10.109999656677246,10.319999694824219,10.085000038146973,10.1899995803833,426100,0.0,0.0
2023-01-17 00:00:00-05:00,10.199999809265137,10.460000038146973,10.130000114440918,10.350000381469727,590500,0.0,0.0
2023-01-18 00:00:00-05:00,10.40999984741211,10.520000457763672,9.842000007629395,9.989999771118164,345000,0.0,0.0
2023-01-19 00:00:00-05:00,9.90999984741211,10.069999694824219,9.800000190734863,9.989999771118164,300200,0.0,0.0
2023-01-20 00:00:00-05:00,10.069999694824219,10.079999923706055,9.819999694824219,10.0,452700,0.0,0.0
2023-01-23 00:00:00-05:00,10.0,10.279999732971191,9.96500015258789,10.229999542236328,333700,0.0,0.0
2023-01-24 00:00:00-05:00,10.109999656677246,10.494999885559082,10.100000381469727,10.420000076293945,351900,0.0,0.0
2023-01-25 00:00:00-05:00,10.329999923706055,10.670000076293945,10.28499984741211,10.65999984741211,275900,0.0,0.0
2023-01-26 00:00:00-05:00,10.779999732971191,10.895000457763672,10.59000015258789,10.789999961853027,262400,0.0,0.0
2023-01-27 00:00:00-05:00,10.710000038146973,10.880000114440918,10.579999923706055,10.800000190734863,348100,0.0,0.0
2023-01-30 00:00:00-05:00,10.729999542236328,10.914999961853027,10.729999542236328,10.8100004196167,394500,0.0,0.0
2023-01-31 00:00:00-05:00,10.880000114440918,11.029999732971191,10.819999694824219,11.0,352500,0.0,0.0
2023-02-01 00:00:00-05:00,11.010000228881836,11.010000228881836,10.65999984741211,10.729999542236328,858300,0.0,0.0
2023-02-02 00:00:00-05:00,10.829999923706055,10.97700023651123,10.800000190734863,10.9399995803833,724000,0.0,0.0
2023-02-03 00:00:00-05:00,10.8100004196167,11.180000305175781,10.760000228881836,11.010000228881836,592600,0.0,0.0
2023-02-06 00:00:00-05:00,10.920000076293945,11.239999771118164,10.84000015258789,11.170000076293945,495500,0.0,0.0
2023-02-07 00:00:00-05:00,11.079999923706055,11.199999809265137,10.869999885559082,11.170000076293945,462900,0.0,0.0
2023-02-08 00:00:00-05:00,11.079999923706055,11.380000114440918,11.029999732971191,11.260000228881836,499400,0.0,0.0
2023-02-09 00:00:00-05:00,11.399999618530273,11.399999618530273,10.970000267028809,11.0,498000,0.0,0.0
2023-02-10 00:00:00-05:00,10.90999984741211,11.166999816894531,10.770000457763672,11.010000228881836,267500,0.0,0.0
2023-02-13 00:00:00-05:00,11.0,11.25,10.9399995803833,11.239999771118164,186100,0.0,0.0
2023-02-14 00:00:00-05:00,11.149999618530273,11.239999771118164,11.010000228881836,11.039999961853027,184500,0.0,0.0
2023-02-15 00:00:00-05:00,10.899999618530273,11.175000190734863,10.880000114440918,11.15999984741211,295000,0.0,0.0
2023-02-16 00:00:00-05:00,10.970000267028809,11.029999732971191,10.819999694824219,10.850000381469727,162000,0.0,0.0
2023-02-17 00:00:00-05:00,10.859999656677246,11.09000015258789,10.800000190734863,10.880000114440918,278400,0.0,0.0
2023-02-21 00:00:00-05:00,10.720000267028809,10.789999961853027,10.470000267028809,10.59000015258789,280500,0.0,0.0
2023-02-22 00:00:00-05:00,10.539999961853027,10.579999923706055,10.289999961853027,10.329999923706055,352200,0.0,0.0
2023-02-23 00:00:00-05:00,10.34000015258789,10.470000267028809,10.229999542236328,10.369999885559082,293500,0.0,0.0
2023-02-24 00:00:00-05:00,10.15999984741211,10.300000190734863,10.079999923706055,10.300000190734863,316300,0.0,0.0
2023-02-27 00:00:00-05:00,10.4399995803833,10.538999557495117,10.350000381469727,10.489999771118164,413500,0.0,0.0
2023-02-28 00:00:00-05:00,10.520000457763672,10.569999694824219,10.34000015258789,10.390000343322754,1017000,0.0,0.0
2023-03-01 00:00:00-05:00,10.420000076293945,10.449999809265137,10.335000038146973,10.449999809265137,420200,0.0,0.0
2023-03-02 00:00:00-05:00,10.319999694824219,10.725000381469727,10.289999961853027,10.65999984741211,201000,0.0,0.0
2023-03-03 00:00:00-05:00,10.739999771118164,10.914999961853027,10.640000343322754,10.869999885559082,180700,0.0,0.0
2023-03-06 00:00:00-05:00,10.899999618530273,10.918000221252441,10.729999542236328,10.829999923706055,206500,0.0,0.0
2023-03-07 00:00:00-05:00,10.819999694824219,10.890000343322754,10.635000228881836,10.739999771118164,207800,0.0,0.0
2023-03-08 00:00:00-05:00,10.760000228881836,10.819999694824219,10.664999961853027,10.75,185400,0.0,0.0
2023-03-09 00:00:00-05:00,10.75,10.8100004196167,10.600000381469727,10.619999885559082,189800,0.0,0.0
2023-03-10 00:00:00-05:00,10.5600004196167,10.5600004196167,9.949999809265137,10.140000343322754,315400,0.0,0.0
2023-03-13 00:00:00-04:00,9.880000114440918,10.0,9.739999771118164,9.869999885559082,361700,0.0,0.0
2023-03-14 00:00:00-04:00,10.1899995803833,10.210000038146973,10.039999961853027,10.119999885559082,434700,0.0,0.0
2023-03-15 00:00:00-04:00,9.960000038146973,10.055000305175781,9.75,9.930000305175781,390700,0.0,0.0
2023-03-16 00:00:00-04:00,10.3100004196167,10.920000076293945,10.140000343322754,10.5600004196167,711700,0.0,0.0
2023-03-17 00:00:00-04:00,10.670000076293945,10.670000076293945,10.050000190734863,10.25,592100,0.0,0.0
2023-03-20 00:00:00-04:00,10.270000457763672,10.489999771118164,10.270000457763672,10.359999656677246,316600,0.0,0.0
2023-03-21 00:00:00-04:00,10.569999694824219,10.680000305175781,10.520000457763672,10.550000190734863,434900,0.0,0.0
2023-03-22 00:00:00-04:00,10.510000228881836,10.5600004196167,10.140000343322754,10.149999618530273,278000,0.0,0.0
2023-03-23 00:00:00-04:00,10.210000038146973,10.375,9.850000381469727,9.90999984741211,372200,0.0,0.0
2023-03-24 00:00:00-04:00,9.800000190734863,10.045000076293945,9.65999984741211,9.859999656677246,287800,0.0,0.0
2023-03-27 00:00:00-04:00,10.0,10.0,9.720000267028809,9.8100004196167,384300,0.0,0.0
2023-03-28 00:00:00-04:00,9.779999732971191,9.920000076293945,9.630000114440918,9.6899995803833,399900,0.0,0.0
2023-03-29 00:00:00-04:00,9.75,9.958999633789062,9.640000343322754,9.739999771118164,469400,0.0,0.0
2023-03-30 00:00:00-04:00,9.850000381469727,9.9399995803833,9.680000305175781,9.770000457763672,259700,0.0,0.0
2023-03-31 00:00:00-04:00,9.859999656677246,9.880000114440918,9.6899995803833,9.859999656677246,709900,0.0,0.0
2023-04-03 00:00:00-04:00,9.899999618530273,10.100000381469727,9.550000190734863,9.65999984741211,640400,0.0,0.0
2023-04-04 00:00:00-04:00,9.649999618530273,9.649999618530273,9.319999694824219,9.380000114440918,356400,0.0,0.0
2023-04-05 00:00:00-04:00,9.319999694824219,9.319999694824219,9.015000343322754,9.109999656677246,402500,0.0,0.0
2023-04-06 00:00:00-04:00,9.09000015258789,9.255000114440918,8.994999885559082,9.25,772200,0.0,0.0
2023-04-10 00:00:00-04:00,9.229999542236328,9.305000305175781,9.055000305175781,9.130000114440918,495800,0.0,0.0
2023-04-11 00:00:00-04:00,9.229999542236328,9.255000114440918,8.949999809265137,9.149999618530273,891400,0.0,0.0
2023-04-12 00:00:00-04:00,9.270000457763672,9.390000343322754,9.010000228881836,9.220000267028809,673800,0.0,0.0
2023-04-13 00:00:00-04:00,9.220000267028809,9.489999771118164,9.149999618530273,9.25,341900,0.0,0.0
2023-04-14 00:00:00-04:00,9.229999542236328,9.319999694824219,9.1899995803833,9.210000038146973,259700,0.0,0.0
2023-04-17 00:00:00-04:00,9.180000305175781,9.305000305175781,9.180000305175781,9.220000267028809,401100,0.0,0.0
2023-04-18 00:00:00-04:00,9.270000457763672,9.350000381469727,9.100000381469727,9.15999984741211,337300,0.0,0.0
2023-04-19 00:00:00-04:00,9.119999885559082,9.199999809265137,9.0649995803833,9.140000343322754,414100,0.0,0.0
2023-04-20 00:00:00-04:00,9.029999732971191,9.1899995803833,9.020000457763672,9.170000076293945,250700,0.0,0.0
2023-04-21 00:00:00-04:00,9.1899995803833,9.279999732971191,9.074999809265137,9.170000076293945,416200,0.0,0.0
2023-04-24 00:00:00-04:00,9.119999885559082,9.220000267028809,9.020000457763672,9.140000343322754,213300,0.0,0.0
2023-04-25 00:00:00-04:00,9.0,9.109999656677246,8.899999618530273,9.020000457763672,383900,0.0,0.0
2023-04-26 00:00:00-04:00,8.90999984741211,8.949999809265137,8.779999732971191,8.8100004196167,377500,0.0,0.0
2023-04-27 00:00:00-04:00,8.850000381469727,8.949999809265137,8.75,8.899999618530273,268600,0.0,0.0
2023-04-28 00:00:00-04:00,8.869999885559082,9.050000190734863,8.829999923706055,9.0,225600,0.0,0.0
2023-05-01 00:00:00-04:00,8.989999771118164,9.399999618530273,8.989999771118164,9.390000343322754,560400,0.0,0.0
2023-05-02 00:00:00-04:00,9.350000381469727,9.614999771118164,9.270000457763672,9.600000381469727,491700,0.0,0.0
2023-05-03 00:00:00-04:00,9.609999656677246,9.649999618530273,9.15999984741211,9.239999771118164,773600,0.0,0.0
2023-05-04 00:00:00-04:00,9.15999984741211,9.239999771118164,8.875,8.9399995803833,499400,0.0,0.0
2023-05-05 00:00:00-04:00,9.119999885559082,9.444999694824219,9.119999885559082,9.300000190734863,364000,0.0,0.0
2023-05-08 00:00:00-04:00,9.319999694824219,9.350000381469727,9.140000343322754,9.3100004196167,338100,0.0,0.0
2023-05-09 00:00:00-04:00,9.279999732971191,9.510000228881836,9.149999618530273,9.40999984741211,299200,0.0,0.0
2023-05-10 00:00:00-04:00,9.569999694824219,9.640000343322754,9.430000305175781,9.5600004196167,574700,0.0,0.0
2023-05-11 00:00:00-04:00,9.649999618530273,9.800000190734863,9.1899995803833,9.34000015258789,1055000,0.0,0.0
2023-05-12 00:00:00-04:00,9.449999809265137,9.725000381469727,9.100000381469727,9.210000038146973,872700,0.0,0.0
2023-05-15 00:00:00-04:00,9.239999771118164,9.350000381469727,9.149999618530273,9.319999694824219,704800,0.0,0.0
2023-05-16 00:00:00-04:00,9.180000305175781,9.300000190734863,8.8149995803833,8.890000343322754,814400,0.0,0.0
2023-05-17 00:00:00-04:00,8.970000267028809,9.140000343322754,8.899999618530273,9.100000381469727,966800,0.0,0.0
2023-05-18 00:00:00-04:00,9.119999885559082,9.404999732971191,9.119999885559082,9.34000015258789,1229400,0.0,0.0
2023-05-19 00:00:00-04:00,9.460000038146973,9.5,9.25,9.3100004196167,802000,0.0,0.0
2023-05-22 00:00:00-04:00,9.40999984741211,9.449999809265137,9.194999694824219,9.359999656677246,659300,0.0,0.0
2023-05-23 00:00:00-04:00,9.350000381469727,9.489999771118164,9.149999618530273,9.220000267028809,1009600,0.0,0.0
2023-05-24 00:00:00-04:00,9.1899995803833,9.229999542236328,8.989999771118164,9.15999984741211,820400,0.0,0.0
2023-05-25 00:00:00-04:00,9.149999618530273,9.239999771118164,8.970000267028809,9.09000015258789,997600,0.0,0.0
2023-05-26 00:00:00-04:00,9.039999961853027,9.199999809265137,8.989999771118164,9.140000343322754,566800,0.0,0.0
2023-05-30 00:00:00-04:00,9.220000267028809,9.25,9.069999694824219,9.069999694824219,555900,0.0,0.0
2023-05-31 00:00:00-04:00,9.069999694824219,9.069999694824219,8.779999732971191,8.829999923706055,969100,0.0,0.0
2023-06-01 00:00:00-04:00,8.84000015258789,8.949999809265137,8.66100025177002,8.9399995803833,618100,0.0,0.0
2023-06-02 00:00:00-04:00,9.050000190734863,9.199999809265137,8.954999923706055,9.069999694824219,2851200,0.0,0.0
2023-06-05 00:00:00-04:00,9.010000228881836,9.15999984741211,8.989999771118164,9.100000381469727,800100,0.0,0.0
2023-06-06 00:00:00-04:00,9.050000190734863,9.670000076293945,9.050000190734863,9.630000114440918,1416900,0.0,0.0
2023-06-07 00:00:00-04:00,9.739999771118164,9.90999984741211,9.539999961853027,9.800000190734863,831800,0.0,0.0
2023-06-08 00:00:00-04:00,9.760000228881836,9.819999694824219,9.59000015258789,9.609999656677246,528200,0.0,0.0
2023-06-09 00:00:00-04:00,9.609999656677246,9.619999885559082,9.489999771118164,9.520000457763672,404900,0.0,0.0
2023-06-12 00:00:00-04:00,9.510000228881836,9.699999809265137,9.510000228881836,9.609999656677246,480900,0.0,0.0
2023-06-13 00:00:00-04:00,9.680000305175781,9.864999771118164,9.675000190734863,9.75,544100,0.0,0.0
2023-06-14 00:00:00-04:00,9.779999732971191,9.920000076293945,9.670000076293945,9.680000305175781,742100,0.0,0.0
2023-06-15 00:00:00-04:00,9.619999885559082,9.734999656677246,9.619999885559082,9.710000038146973,749400,0.0,0.0
2023-06-16 00:00:00-04:00,9.779999732971191,9.8100004196167,9.59000015258789,9.619999885559082,1270900,0.0,0.0
2023-06-20 00:00:00-04:00,9.59000015258789,9.739999771118164,9.510000228881836,9.729999542236328,830100,0.0,0.0
2023-06-21 00:00:00-04:00,9.6899995803833,9.739999771118164,9.609999656677246,9.640000343322754,577900,0.0,0.0
2023-06-22 00:00:00-04:00,9.640000343322754,9.640000343322754,9.460000038146973,9.609999656677246,619400,0.0,0.0
2023-06-23 00:00:00-04:00,9.449999809265137,9.5600004196167,9.449999809265137,9.479999542236328,2125400,0.0,0.0
2023-06-26 00:00:00-04:00,9.460000038146973,9.619999885559082,9.460000038146973,9.569999694824219,535200,0.0,0.0
2023-06-27 00:00:00-04:00,9.630000114440918,9.819999694824219,9.600000381469727,9.789999961853027,494000,0.0,0.0
2023-06-28 00:00:00-04:00,9.789999961853027,10.100000381469727,9.694999694824219,10.079999923706055,2141000,0.0,0.0
2023-06-29 00:00:00-04:00,10.149999618530273,10.470000267028809,10.149999618530273,10.399999618530273,686700,0.0,0.0
2023-06-30 00:00:00-04:00,10.479999542236328,10.725000381469727,10.420000076293945,10.65999984741211,998100,0.0,0.0
2023-07-03 00:00:00-04:00,10.539999961853027,10.670000076293945,10.5,10.550000190734863,263600,0.0,0.0
2023-07-05 00:00:00-04:00,10.520000457763672,10.600000381469727,10.220000267028809,10.239999771118164,512500,0.0,0.0
2023-07-06 00:00:00-04:00,10.079999923706055,10.180000305175781,9.609999656677246,9.649999618530273,898800,0.0,0.0
2023-07-07 00:00:00-04:00,9.6899995803833,9.885000228881836,9.5600004196167,9.770000457763672,644600,0.0,0.0
2023-07-10 00:00:00-04:00,9.710000038146973,10.170000076293945,9.680000305175781,10.15999984741211,451400,0.0,0.0
2023-07-11 00:00:00-04:00,10.220000267028809,10.645000457763672,10.210000038146973,10.579999923706055,585000,0.0,0.0
2023-07-12 00:00:00-04:00,10.75,10.895000457763672,10.6899995803833,10.760000228881836,585000,0.0,0.0
2023-07-13 00:00:00-04:00,10.829999923706055,10.9399995803833,10.720000267028809,10.869999885559082,637500,0.0,0.0
2023-07-14 00:00:00-04:00,10.8100004196167,10.845000267028809,10.609999656677246,10.6899995803833,367000,0.0,0.0
2023-07-17 00:00:00-04:00,10.630000114440918,10.899999618530273,10.630000114440918,10.850000381469727,349300,0.0,0.0
2023-07-18 00:00:00-04:00,10.829999923706055,11.079999923706055,10.819999694824219,11.069999694824219,2187700,0.0,0.0
2023-07-19 00:00:00-04:00,11.149999618530273,11.354999542236328,10.949999809265137,11.199999809265137,1387300,0.0,0.0
2023-07-20 00:00:00-04:00,11.300000190734863,11.319999694824219,11.0,11.039999961853027,832000,0.0,0.0
2023-07-21 00:00:00-04:00,11.09000015258789,11.130000114440918,10.859999656677246,10.920000076293945,550000,0.0,0.0
2023-07-24 00:00:00-04:00,11.149999618530273,11.460000038146973,10.960000038146973,11.449999809265137,931500,0.0,0.0
2023-07-25 00:00:00-04:00,11.420000076293945,11.970000267028809,11.420000076293945,11.739999771118164,1201800,0.0,0.0
2023-07-26 00:00:00-04:00,11.680000305175781,11.805000305175781,11.505000114440918,11.729999542236328,1351500,0.0,0.0
2023-07-27 00:00:00-04:00,11.84000015258789,11.970000267028809,11.40999984741211,11.430000305175781,1382600,0.0,0.0
2023-07-28 00:00:00-04:00,11.59000015258789,11.699999809265137,11.369999885559082,11.399999618530273,700400,0.0,0.0
2023-07-31 00:00:00-04:00,11.369999885559082,11.550000190734863,11.34000015258789,11.420000076293945,454500,0.0,0.0
2023-08-01 00:00:00-04:00,11.40999984741211,11.545000076293945,11.375,11.4399995803833,373700,0.0,0.0
2023-08-02 00:00:00-04:00,11.359999656677246,11.479999542236328,11.194999694824219,11.229999542236328,884400,0.0,0.0
2023-08-03 00:00:00-04:00,11.260000228881836,11.260000228881836,10.979999542236328,11.069999694824219,1054000,0.0,0.0
2023-08-04 00:00:00-04:00,11.100000381469727,11.300000190734863,10.954999923706055,11.010000228881836,1414400,0.0,0.0
2023-08-07 00:00:00-04:00,11.109999656677246,11.15999984741211,10.890000343322754,10.899999618530273,1124900,0.0,0.0
2023-08-08 00:00:00-04:00,10.789999961853027,10.899999618530273,10.630000114440918,10.800000190734863,758900,0.0,0.0
2023-08-09 00:00:00-04:00,10.890000343322754,10.904999732971191,10.739999771118164,10.779999732971191,1001700,0.0,0.0
2023-08-10 00:00:00-04:00,11.680000305175781,11.680000305175781,11.0,11.510000228881836,2803700,0.0,0.0
2023-08-11 00:00:00-04:00,11.710000038146973,12.210000038146973,11.65999984741211,12.050000190734863,1350700,0.0,0.0
2023-08-14 00:00:00-04:00,12.010000228881836,12.335000038146973,12.010000228881836,12.3100004196167,1091400,0.0,0.0
2023-08-15 00:00:00-04:00,12.319999694824219,12.449999809265137,12.145000457763672,12.40999984741211,963200,0.0,0.0
2023-08-16 00:00:00-04:00,12.399999618530273,12.449999809265137,12.180000305175781,12.180000305175781,815900,0.0,0.0
2023-08-17 00:00:00-04:00,12.220000267028809,12.329999923706055,11.819999694824219,11.869999885559082,633300,0.0,0.0
2023-08-18 00:00:00-04:00,11.760000228881836,11.859999656677246,11.609999656677246,11.699999809265137,1325700,0.0,0.0
2023-08-21 00:00:00-04:00,11.779999732971191,11.84000015258789,11.244999885559082,11.289999961853027,7250200,0.0,0.0
2023-08-22 00:00:00-04:00,11.369999885559082,11.729999542236328,11.229999542236328,11.329999923706055,3328800,0.0,0.0
2023-08-23 00:00:00-04:00,11.460000038146973,11.489999771118164,11.0,11.210000038146973,12064000,0.0,0.0
2023-08-24 00:00:00-04:00,11.239999771118164,11.449999809265137,11.15999984741211,11.15999984741211,1710500,0.0,0.0
2023-08-25 00:00:00-04:00,11.210000038146973,11.390000343322754,11.039999961853027,11.180000305175781,1726100,0.0,0.0
2023-08-28 00:00:00-04:00,11.279999732971191,11.574999809265137,11.279999732971191,11.430000305175781,1199200,0.0,0.0
2023-08-29 00:00:00-04:00,11.359999656677246,11.550000190734863,11.289999961853027,11.449999809265137,1498800,0.0,0.0
2023-08-30 00:00:00-04:00,11.380000114440918,11.649999618530273,11.359999656677246,11.510000228881836,2207900,0.0,0.0
2023-08-31 00:00:00-04:00,11.529999732971191,11.585000038146973,11.380000114440918,11.449999809265137,946400,0.0,0.0
2023-09-01 00:00:00-04:00,11.630000114440918,11.699999809265137,11.460000038146973,11.489999771118164,807300,0.0,0.0
2023-09-05 00:00:00-04:00,11.479999542236328,11.479999542236328,10.869999885559082,10.930000305175781,3067800,0.0,0.0
2023-09-06 00:00:00-04:00,10.949999809265137,11.010000228881836,10.390000343322754,10.420000076293945,1923000,0.0,0.0
2023-09-07 00:00:00-04:00,10.380000114440918,10.670000076293945,10.305000305175781,10.579999923706055,2005600,0.0,0.0
2023-09-08 00:00:00-04:00,10.529999732971191,10.670000076293945,10.451000213623047,10.59000015258789,1560100,0.0,0.0
2023-09-11 00:00:00-04:00,10.699999809265137,10.710000038146973,10.494999885559082,10.539999961853027,784500,0.0,0.0
2023-09-12 00:00:00-04:00,10.470000267028809,10.654999732971191,10.470000267028809,10.520000457763672,1032200,0.0,0.0
2023-09-13 00:00:00-04:00,10.550000190734863,10.664999961853027,10.359999656677246,10.359999656677246,1200000,0.0,0.0
2023-09-14 00:00:00-04:00,10.510000228881836,10.670000076293945,10.420000076293945,10.4399995803833,1446400,0.0,0.0
2023-09-15 00:00:00-04:00,10.359999656677246,10.380000114440918,10.0,10.109999656677246,9186100,0.0,0.0
2023-09-18 00:00:00-04:00,10.15999984741211,10.239999771118164,10.09000015258789,10.140000343322754,1529300,0.0,0.0
2023-09-19 00:00:00-04:00,10.170000076293945,10.364999771118164,10.0600004196167,10.300000190734863,1586800,0.0,0.0
2023-09-20 00:00:00-04:00,10.359999656677246,10.850000381469727,10.359999656677246,10.619999885559082,2515900,0.0,0.0
2023-09-21 00:00:00-04:00,10.550000190734863,11.109999656677246,10.449999809265137,11.050000190734863,2278100,0.0,0.0
2023-09-22 00:00:00-04:00,11.050000190734863,11.15999984741211,11.001999855041504,11.109999656677246,1595200,0.0,0.0
2023-09-25 00:00:00-04:00,11.039999961853027,11.119999885559082,10.765000343322754,10.800000190734863,755700,0.0,0.0
2023-09-26 00:00:00-04:00,10.75,10.84000015258789,10.654999732971191,10.739999771118164,1040900,0.0,0.0
2023-09-27 00:00:00-04:00,10.800000190734863,11.050000190734863,10.760000228881836,10.84000015258789,1416600,0.0,0.0
2023-09-28 00:00:00-04:00,10.789999961853027,10.949999809265137,10.720000267028809,10.949999809265137,1031400,0.0,0.0
2023-09-29 00:00:00-04:00,11.010000228881836,11.039999961853027,10.6899995803833,10.699999809265137,772000,0.0,0.0
2023-10-02 00:00:00-04:00,10.680000305175781,10.710000038146973,10.539999961853027,10.609999656677246,704500,0.0,0.0
2023-10-03 00:00:00-04:00,10.5,10.569999694824219,10.300000190734863,10.40999984741211,543200,0.0,0.0
2023-10-04 00:00:00-04:00,10.359999656677246,10.529999732971191,10.260000228881836,10.460000038146973,485100,0.0,0.0
2023-10-05 00:00:00-04:00,10.470000267028809,10.699999809265137,10.270000457763672,10.430000305175781,764800,0.0,0.0
2023-10-06 00:00:00-04:00,10.380000114440918,10.75,10.3100004196167,10.619999885559082,798600,0.0,0.0
2023-10-09 00:00:00-04:00,10.489999771118164,10.734999656677246,10.420000076293945,10.699999809265137,476900,0.0,0.0
2023-10-10 00:00:00-04:00,10.770000457763672,10.925000190734863,10.699999809265137,10.75,875900,0.0,0.0
2023-10-11 00:00:00-04:00,10.800000190734863,10.9399995803833,10.71500015258789,10.9399995803833,708600,0.0,0.0
2023-10-12 00:00:00-04:00,10.960000038146973,10.960000038146973,10.59000015258789,10.680000305175781,969800,0.0,0.0
2023-10-13 00:00:00-04:00,10.6899995803833,10.710000038146973,10.244999885559082,10.34000015258789,866400,0.0,0.0
2023-10-16 00:00:00-04:00,10.40999984741211,10.529999732971191,10.359999656677246,10.369999885559082,1004600,0.0,0.0
2023-10-17 00:00:00-04:00,10.449999809265137,10.555000305175781,10.09000015258789,10.100000381469727,1191300,0.0,0.0
2023-10-18 00:00:00-04:00,10.010000228881836,10.020000457763672,9.704999923706055,9.84000015258789,1327100,0.0,0.0
2023-10-19 00:00:00-04:00,9.770000457763672,9.800000190734863,9.449999809265137,9.470000267028809,917800,0.0,0.0
2023-10-20 00:00:00-04:00,9.449999809265137,9.729999542236328,9.350000381469727,9.619999885559082,947800,0.0,0.0
2023-10-23 00:00:00-04:00,9.550000190734863,9.710000038146973,9.399999618530273,9.40999984741211,899600,0.0,0.0
2023-10-24 00:00:00-04:00,9.520000457763672,9.675000190734863,9.5,9.609999656677246,596900,0.0,0.0
2023-10-25 00:00:00-04:00,9.460000038146973,9.529999732971191,9.270000457763672,9.289999961853027,789800,0.0,0.0
2023-10-26 00:00:00-04:00,9.369999885559082,9.420000076293945,9.199999809265137,9.300000190734863,616200,0.0,0.0
2023-10-27 00:00:00-04:00,9.260000228881836,9.359999656677246,9.199999809265137,9.260000228881836,468400,0.0,0.0
2023-10-30 00:00:00-04:00,9.380000114440918,9.420000076293945,9.164999961853027,9.270000457763672,596300,0.0,0.0
2023-10-31 00:00:00-04:00,9.270000457763672,9.420000076293945,9.21500015258789,9.359999656677246,874600,0.0,0.0
2023-11-01 00:00:00-04:00,9.319999694824219,9.470000267028809,9.199999809265137,9.430000305175781,771400,0.0,0.0
2023-11-02 00:00:00-04:00,9.600000381469727,9.755000114440918,9.539999961853027,9.699999809265137,1362400,0.0,0.0
2023-11-03 00:00:00-04:00,9.930000305175781,10.114999771118164,9.930000305175781,10.069999694824219,1513300,0.0,0.0
2023-11-06 00:00:00-05:00,10.3100004196167,10.770000457763672,9.510000228881836,9.850000381469727,2212300,0.0,0.0
2023-11-07 00:00:00-05:00,9.869999885559082,10.21500015258789,9.800000190734863,9.960000038146973,1137500,0.0,0.0
2023-11-08 00:00:00-05:00,9.9399995803833,10.145000457763672,9.899999618530273,10.069999694824219,832300,0.0,0.0
2023-11-09 00:00:00-05:00,10.15999984741211,10.180000305175781,9.75,9.779999732971191,907200,0.0,0.0
2023-11-10 00:00:00-05:00,9.789999961853027,10.0649995803833,9.6899995803833,10.020000457763672,586600,0.0,0.0
2023-11-13 00:00:00-05:00,9.90999984741211,10.015000343322754,9.869999885559082,9.930000305175781,501600,0.0,0.0
2023-11-14 00:00:00-05:00,10.260000228881836,10.380000114440918,10.210000038146973,10.289999961853027,869700,0.0,0.0
2023-11-15 00:00:00-05:00,10.300000190734863,10.475000381469727,10.262999534606934,10.399999618530273,1106100,0.0,0.0
2023-11-16 00:00:00-05:00,10.40999984741211,10.449999809265137,10.180000305175781,10.229999542236328,851400,0.0,0.0
2023-11-17 00:00:00-05:00,10.270000457763672,10.460000038146973,10.21500015258789,10.430000305175781,847300,0.0,0.0
2023-11-20 00:00:00-05:00,10.489999771118164,10.640000343322754,10.399999618530273,10.609999656677246,1157100,0.0,0.0
2023-11-21 00:00:00-05:00,10.510000228881836,10.595000267028809,10.359999656677246,10.390000343322754,849300,0.0,0.0
2023-11-22 00:00:00-05:00,10.489999771118164,10.614999771118164,10.470000267028809,10.529999732971191,555500,0.0,0.0
2023-11-24 00:00:00-05:00,10.479999542236328,10.5649995803833,10.475000381469727,10.529999732971191,343400,0.0,0.0
2023-11-27 00:00:00-05:00,10.470000267028809,10.654999732971191,10.399999618530273,10.579999923706055,586600,0.0,0.0
2023-11-28 00:00:00-05:00,10.510000228881836,10.550000190734863,10.420000076293945,10.529999732971191,768700,0.0,0.0
2023-11-29 00:00:00-05:00,10.640000343322754,10.75,10.414999961853027,10.520000457763672,721800,0.0,0.0
2023-11-30 00:00:00-05:00,10.529999732971191,10.619999885559082,10.444999694824219,10.550000190734863,878200,0.0,0.0
2023-12-01 00:00:00-05:00,10.550000190734863,10.850000381469727,10.539999961853027,10.84000015258789,847300,0.0,0.0
2023-12-04 00:00:00-05:00,10.760000228881836,10.895000457763672,10.75,10.829999923706055,1146500,0.0,0.0
2023-12-05 00:00:00-05:00,10.829999923706055,10.829999923706055,10.600000381469727,10.770000457763672,999300,0.0,0.0
2023-12-06 00:00:00-05:00,10.920000076293945,10.989999771118164,10.6899995803833,10.710000038146973,661400,0.0,0.0
2023-12-07 00:00:00-05:00,10.729999542236328,10.789999961853027,10.670000076293945,10.710000038146973,901700,0.0,0.0
2023-12-08 00:00:00-05:00,10.6899995803833,10.920000076293945,10.649999618530273,10.869999885559082,971600,0.0,0.0
2023-12-11 00:00:00-05:00,10.869999885559082,11.095000267028809,10.869999885559082,11.039999961853027,984100,0.0,0.0
2023-12-12 00:00:00-05:00,11.029999732971191,11.09000015258789,10.930000305175781,10.979999542236328,948900,0.0,0.0
2023-12-13 00:00:00-05:00,10.979999542236328,11.039999961853027,10.255000114440918,10.430000305175781,24005100,0.0,0.0
2023-12-14 00:00:00-05:00,10.9399995803833,11.645000457763672,10.819999694824219,11.600000381469727,9295300,0.0,0.0
2023-12-15 00:00:00-05:00,11.75,11.954999923706055,11.449999809265137,11.880000114440918,4631400,0.0,0.0
2023-12-18 00:00:00-05:00,11.819999694824219,11.994999885559082,11.65999984741211,11.970000267028809,1778000,0.0,0.0
2023-12-19 00:00:00-05:00,11.989999771118164,12.20300006866455,11.989999771118164,12.180000305175781,1984500,0.0,0.0
2023-12-20 00:00:00-05:00,12.100000381469727,12.5649995803833,12.09000015258789,12.279999732971191,1887500,0.0,0.0
2023-12-21 00:00:00-05:00,12.479999542236328,12.545000076293945,12.305000305175781,12.479999542236328,1564400,0.0,0.0
2023-12-22 00:00:00-05:00,12.520000457763672,12.819999694824219,12.449999809265137,12.819999694824219,1144400,0.0,0.0
2023-12-26 00:00:00-05:00,12.819999694824219,13.265000343322754,12.710000038146973,13.180000305175781,1263000,0.0,0.0
2023-12-27 00:00:00-05:00,13.239999771118164,13.239999771118164,13.010000228881836,13.039999961853027,751000,0.0,0.0
2023-12-28 00:00:00-05:00,13.010000228881836,13.220000267028809,13.010000228881836,13.100000381469727,779600,0.0,0.0
2023-12-29 00:00:00-05:00,13.050000190734863,13.220000267028809,13.029999732971191,13.050000190734863,859000,0.0,0.0
2024-01-02 00:00:00-05:00,13.930000305175781,13.9399995803833,13.029999732971191,13.390000343322754,1566700,0.0,0.0
2024-01-03 00:00:00-05:00,13.550000190734863,13.609999656677246,13.199999809265137,13.449999809265137,2384400,0.0,0.0
2024-01-04 00:00:00-05:00,13.510000228881836,13.725000381469727,13.430000305175781,13.6899995803833,2073100,0.0,0.0
2024-01-05 00:00:00-05:00,13.640000343322754,13.75,13.420000076293945,13.699999809265137,1733000,0.0,0.0
2024-01-08 00:00:00-05:00,13.65999984741211,13.949999809265137,13.619999885559082,13.9399995803833,1955800,0.0,0.0
2024-01-09 00:00:00-05:00,13.869999885559082,14.220000267028809,13.850000381469727,14.0600004196167,2540500,0.0,0.0
2024-01-10 00:00:00-05:00,14.0600004196167,14.295000076293945,14.010000228881836,14.229999542236328,2171900,0.0,0.0
2024-01-11 00:00:00-05:00,14.229999542236328,14.270000457763672,13.824999809265137,14.050000190734863,1684700,0.0,0.0
2024-01-12 00:00:00-05:00,14.180000305175781,14.210000038146973,13.734999656677246,13.850000381469727,1700500,0.0,0.0
2024-01-16 00:00:00-05:00,13.84000015258789,14.180000305175781,13.835000038146973,14.170000076293945,2083700,0.0,0.0
2024-01-17 00:00:00-05:00,14.010000228881836,14.180000305175781,13.595000267028809,13.75,2017200,0.0,0.0
2024-01-18 00:00:00-05:00,13.819999694824219,13.890000343322754,13.21500015258789,13.5600004196167,2772100,0.0,0.0
2024-01-19 00:00:00-05:00,13.630000114440918,13.899999618530273,13.354999542236328,13.789999961853027,1776300,0.0,0.0
2024-01-22 00:00:00-05:00,13.90999984741211,14.109999656677246,13.890000343322754,14.100000381469727,1174900,0.0,0.0
2024-01-23 00:00:00-05:00,14.109999656677246,14.199999809265137,13.920000076293945,13.970000267028809,715900,0.0,0.0
2024-01-24 00:00:00-05:00,14.079999923706055,14.130000114440918,13.664999961853027,13.680000305175781,981700,0.0,0.0
2024-01-25 00:00:00-05:00,13.890000343322754,14.135000228881836,13.890000343322754,14.069999694824219,955200,0.0,0.0
2024-01-26 00:00:00-05:00,14.15999984741211,14.300000190734863,14.069999694824219,14.069999694824219,850600,0.0,0.0
2024-01-29 00:00:00-05:00,14.119999885559082,14.65999984741211,14.09000015258789,14.65999984741211,1619100,0.0,0.0
2024-01-30 00:00:00-05:00,14.5600004196167,14.574999809265137,14.279999732971191,14.420000076293945,1112100,0.0,0.0
2024-01-31 00:00:00-05:00,14.369999885559082,14.40999984741211,14.109999656677246,14.149999618530273,1115100,0.0,0.0
2024-02-01 00:00:00-05:00,14.25,14.649999618530273,14.152000427246094,14.649999618530273,959800,0.0,0.0
2024-02-02 00:00:00-05:00,14.460000038146973,14.779999732971191,14.319999694824219,14.710000038146973,940800,0.0,0.0
2024-02-05 00:00:00-05:00,14.5600004196167,14.5600004196167,14.194999694824219,14.34000015258789,620000,0.0,0.0
2024-02-06 00:00:00-05:00,14.380000114440918,14.670000076293945,14.270000457763672,14.489999771118164,989800,0.0,0.0
2024-02-07 00:00:00-05:00,14.529999732971191,14.729999542236328,14.460000038146973,14.640000343322754,967200,0.0,0.0
2024-02-08 00:00:00-05:00,14.640000343322754,15.199999809265137,14.555000305175781,14.960000038146973,1580700,0.0,0.0
2024-02-09 00:00:00-05:00,14.960000038146973,15.324999809265137,14.920000076293945,15.119999885559082,1875900,0.0,0.0
2024-02-12 00:00:00-05:00,15.119999885559082,15.430000305175781,15.109999656677246,15.369999885559082,972700,0.0,0.0
2024-02-13 00:00:00-05:00,14.899999618530273,15.09000015258789,14.640000343322754,14.899999618530273,981700,0.0,0.0
2024-02-14 00:00:00-05:00,15.130000114440918,15.199999809265137,14.989999771118164,15.119999885559082,856600,0.0,0.0
2024-02-15 00:00:00-05:00,15.260000228881836,15.385000228881836,15.039999961853027,15.34000015258789,1184700,0.0,0.0
2024-02-16 00:00:00-05:00,15.75,15.859999656677246,15.244999885559082,15.420000076293945,1187100,0.0,0.0
2024-02-20 00:00:00-05:00,15.1899995803833,15.380000114440918,15.0,15.039999961853027,1570300,0.0,0.0
2024-02-21 00:00:00-05:00,15.0,15.170000076293945,14.869999885559082,14.989999771118164,1414000,0.0,0.0
2024-02-22 00:00:00-05:00,15.0600004196167,15.100000381469727,14.850000381469727,14.970000267028809,1598300,0.0,0.0
2024-02-23 00:00:00-05:00,14.970000267028809,15.319999694824219,14.890000343322754,15.260000228881836,938400,0.0,0.0
2024-02-26 00:00:00-05:00,15.260000228881836,15.260000228881836,14.779999732971191,14.800000190734863,1711500,0.0,0.0
2024-02-27 00:00:00-05:00,14.899999618530273,15.239999771118164,14.789999961853027,14.949999809265137,3523200,0.0,0.0
2024-02-28 00:00:00-05:00,14.130000114440918,14.600000381469727,13.4399995803833,14.170000076293945,3502600,0.0,0.0
2024-02-29 00:00:00-05:00,14.300000190734863,14.449999809265137,13.805000305175781,14.350000381469727,2948600,0.0,0.0
2024-03-01 00:00:00-05:00,14.25,14.670000076293945,14.25,14.619999885559082,2620800,0.0,0.0
2024-03-04 00:00:00-05:00,14.640000343322754,14.75,14.364999771118164,14.609999656677246,2352500,0.0,0.0
2024-03-05 00:00:00-05:00,14.529999732971191,14.744999885559082,14.420000076293945,14.640000343322754,1660500,0.0,0.0
2024-03-06 00:00:00-05:00,14.739999771118164,14.869999885559082,14.664999961853027,14.819999694824219,1446100,0.0,0.0
2024-03-07 00:00:00-05:00,14.829999923706055,15.274999618530273,14.829999923706055,15.109999656677246,1757900,0.0,0.0
2024-03-08 00:00:00-05:00,15.199999809265137,15.225000381469727,14.529999732971191,14.579999923706055,2155700,0.0,0.0
2024-03-11 00:00:00-04:00,14.520000457763672,14.699999809265137,14.454999923706055,14.529999732971191,1008200,0.0,0.0
2024-03-12 00:00:00-04:00,14.520000457763672,14.569999694824219,14.359999656677246,14.4399995803833,804000,0.0,0.0
2024-03-13 00:00:00-04:00,14.369999885559082,14.8149995803833,14.369999885559082,14.630000114440918,1214900,0.0,0.0
2024-03-14 00:00:00-04:00,14.539999961853027,14.670000076293945,14.479999542236328,14.520000457763672,1307300,0.0,0.0
2024-03-15 00:00:00-04:00,14.460000038146973,14.774999618530273,14.460000038146973,14.720000267028809,1715700,0.0,0.0
2024-03-18 00:00:00-04:00,14.760000228881836,14.850000381469727,14.539999961853027,14.59000015258789,1077100,0.0,0.0
2024-03-19 00:00:00-04:00,14.579999923706055,14.835000038146973,14.5600004196167,14.829999923706055,991000,0.0,0.0
2024-03-20 00:00:00-04:00,14.84000015258789,14.899999618530273,14.619999885559082,14.850000381469727,792800,0.0,0.0
2024-03-21 00:00:00-04:00,14.930000305175781,15.145000457763672,14.904999732971191,15.0,943800,0.0,0.0
2024-03-22 00:00:00-04:00,15.15999984741211,15.15999984741211,14.90999984741211,15.0,1180100,0.0,0.0
2024-03-25 00:00:00-04:00,15.0,15.210000038146973,14.984999656677246,15.109999656677246,1356300,0.0,0.0
2024-03-26 00:00:00-04:00,15.149999618530273,15.529999732971191,15.09000015258789,15.300000190734863,1229000,0.0,0.0
2024-03-27 00:00:00-04:00,15.420000076293945,15.489999771118164,15.244999885559082,15.289999961853027,1204700,0.0,0.0
2024-03-28 00:00:00-04:00,15.289999961853027,15.359999656677246,15.039999961853027,15.130000114440918,1124800,0.0,0.0
2024-04-01 00:00:00-04:00,15.149999618530273,15.149999618530273,14.760000228881836,14.789999961853027,911100,0.0,0.0
2024-04-02 00:00:00-04:00,14.680000305175781,14.78499984741211,14.345000267028809,14.4399995803833,950500,0.0,0.0
2024-04-03 00:00:00-04:00,14.329999923706055,14.609999656677246,14.300000190734863,14.479999542236328,881300,0.0,0.0
2024-04-04 00:00:00-04:00,14.59000015258789,14.75,14.5,14.510000228881836,994400,0.0,0.0
2024-04-05 00:00:00-04:00,14.5,14.649999618530273,14.449999809265137,14.539999961853027,817300,0.0,0.0
2024-04-08 00:00:00-04:00,14.640000343322754,14.96500015258789,14.609999656677246,14.869999885559082,633100,0.0,0.0
2024-04-09 00:00:00-04:00,14.859999656677246,14.90999984741211,14.600000381469727,14.680000305175781,599700,0.0,0.0
2024-04-10 00:00:00-04:00,14.359999656677246,14.4399995803833,14.130000114440918,14.199999809265137,674800,0.0,0.0
2024-04-11 00:00:00-04:00,14.260000228881836,14.34000015258789,14.154000282287598,14.270000457763672,513800,0.0,0.0
2024-04-12 00:00:00-04:00,14.119999885559082,14.21500015258789,14.024999618530273,14.09000015258789,550900,0.0,0.0
2024-04-15 00:00:00-04:00,14.529999732971191,14.619999885559082,14.170000076293945,14.350000381469727,2204900,0.0,0.0
2024-04-16 00:00:00-04:00,14.25,14.989999771118164,14.1899995803833,14.930000305175781,1493500,0.0,0.0
2024-04-17 00:00:00-04:00,15.0,15.029999732971191,14.640000343322754,14.90999984741211,2200400,0.0,0.0
2024-04-18 00:00:00-04:00,15.0,15.140000343322754,14.819999694824219,14.9399995803833,2374600,0.0,0.0
2024-04-19 00:00:00-04:00,14.9399995803833,15.232999801635742,14.805000305175781,15.140000343322754,2879500,0.0,0.0
2024-04-22 00:00:00-04:00,15.180000305175781,15.270000457763672,14.854999542236328,14.9399995803833,1553200,0.0,0.0
2024-04-23 00:00:00-04:00,14.970000267028809,15.345000267028809,14.90999984741211,15.130000114440918,1005800,0.0,0.0
2024-04-24 00:00:00-04:00,15.100000381469727,15.210000038146973,14.949999809265137,15.069999694824219,1399000,0.0,0.0
2024-04-25 00:00:00-04:00,14.90999984741211,14.920000076293945,14.1899995803833,14.479999542236328,1433400,0.0,0.0
2024-04-26 00:00:00-04:00,14.529999732971191,14.739999771118164,14.449999809265137,14.539999961853027,1203200,0.0,0.0
2024-04-29 00:00:00-04:00,14.630000114440918,15.020000457763672,14.597000122070312,14.989999771118164,1196600,0.0,0.0
2024-04-30 00:00:00-04:00,14.979999542236328,14.979999542236328,14.390000343322754,14.40999984741211,1628100,0.0,0.0
2024-05-01 00:00:00-04:00,14.380000114440918,14.460000038146973,14.03499984741211,14.050000190734863,1414300,0.0,0.0
2024-05-02 00:00:00-04:00,14.210000038146973,14.210000038146973,13.720000267028809,13.800000190734863,2715700,0.0,0.0
2024-05-03 00:00:00-04:00,14.039999961853027,14.170000076293945,13.710000038146973,13.779999732971191,1398300,0.0,0.0
2024-05-06 00:00:00-04:00,13.819999694824219,13.920000076293945,13.609999656677246,13.819999694824219,1877400,0.0,0.0
2024-05-07 00:00:00-04:00,13.789999961853027,13.864999771118164,13.345000267028809,13.399999618530273,2560300,0.0,0.0
2024-05-08 00:00:00-04:00,13.399999618530273,13.569000244140625,13.239999771118164,13.399999618530273,3415200,0.0,0.0
2024-05-09 00:00:00-04:00,13.539999961853027,13.979999542236328,12.9399995803833,13.960000038146973,4057900,0.0,0.0
2024-05-10 00:00:00-04:00,13.819999694824219,13.989999771118164,13.550000190734863,13.6899995803833,3984800,0.0,0.0
2024-05-13 00:00:00-04:00,13.770000457763672,13.854999542236328,13.4399995803833,13.8100004196167,2292000,0.0,0.0
2024-05-14 00:00:00-04:00,13.979999542236328,14.0600004196167,13.803000450134277,13.920000076293945,2679600,0.0,0.0
2024-05-15 00:00:00-04:00,14.09000015258789,14.479999542236328,14.039999961853027,14.350000381469727,1849300,0.0,0.0
2024-05-16 00:00:00-04:00,14.289999961853027,14.329999923706055,14.050000190734863,14.119999885559082,1437700,0.0,0.0
2024-05-17 00:00:00-04:00,14.15999984741211,14.1899995803833,13.925000190734863,14.039999961853027,1115700,0.0,0.0
2024-05-20 00:00:00-04:00,14.100000381469727,14.4350004196167,14.095000267028809,14.420000076293945,1636600,0.0,0.0
2024-05-21 00:00:00-04:00,14.420000076293945,14.460000038146973,14.265000343322754,14.380000114440918,934800,0.0,0.0
2024-05-22 00:00:00-04:00,14.369999885559082,14.489999771118164,14.265000343322754,14.380000114440918,1050400,0.0,0.0
2024-05-23 00:00:00-04:00,14.399999618530273,14.399999618530273,13.970000267028809,14.149999618530273,1152000,0.0,0.0
2024-05-24 00:00:00-04:00,14.210000038146973,14.630000114440918,14.1899995803833,14.479999542236328,1850400,0.0,0.0
2024-05-28 00:00:00-04:00,14.479999542236328,14.680000305175781,14.390000343322754,14.550000190734863,2061000,0.0,0.0
2024-05-29 00:00:00-04:00,14.40999984741211,14.5600004196167,14.1899995803833,14.329999923706055,1158700,0.0,0.0
2024-05-30 00:00:00-04:00,14.510000228881836,14.704999923706055,13.944999694824219,13.960000038146973,2784600,0.0,0.0
2024-05-31 00:00:00-04:00,13.819999694824219,14.100000381469727,13.779999732971191,13.880000114440918,1865700,0.0,0.0
2024-06-03 00:00:00-04:00,14.029999732971191,14.029999732971191,13.279999732971191,13.579999923706055,2552500,0.0,0.0
2024-06-04 00:00:00-04:00,13.579999923706055,13.600000381469727,13.005000114440918,13.100000381469727,2405400,0.0,0.0
2024-06-05 00:00:00-04:00,13.1899995803833,13.510000228881836,13.09000015258789,13.460000038146973,1599800,0.0,0.0
2024-06-06 00:00:00-04:00,13.380000114440918,13.460000038146973,12.720000267028809,12.970000267028809,2199600,0.0,0.0
2024-06-07 00:00:00-04:00,12.869999885559082,13.055000305175781,12.760000228881836,12.949999809265137,1400200,0.0,0.0
2024-06-10 00:00:00-04:00,12.819999694824219,13.380000114440918,12.819999694824219,13.279999732971191,1913000,0.0,0.0
2024-06-11 00:00:00-04:00,13.199999809265137,13.319999694824219,13.100000381469727,13.25,1381000,0.0,0.0
2024-06-12 00:00:00-04:00,13.550000190734863,13.760000228881836,13.380000114440918,13.489999771118164,1374100,0.0,0.0
2024-06-13 00:00:00-04:00,13.4399995803833,13.489999771118164,13.220000267028809,13.380000114440918,1243300,0.0,0.0
2024-06-14 00:00:00-04:00,13.260000228881836,13.260000228881836,12.989999771118164,13.09000015258789,1146800,0.0,0.0
2024-06-17 00:00:00-04:00,13.119999885559082,13.15999984741211,12.765000343322754,13.0,1561000,0.0,0.0
2024-06-18 00:00:00-04:00,13.0,13.40999984741211,12.979999542236328,13.279999732971191,1441900,0.0,0.0
2024-06-20 00:00:00-04:00,13.210000038146973,13.210000038146973,12.90999984741211,12.949999809265137,1646800,0.0,0.0
2024-06-21 00:00:00-04:00,12.899999618530273,12.989999771118164,12.4399995803833,12.979999542236328,1803300,0.0,0.0
2024-06-24 00:00:00-04:00,12.979999542236328,13.100000381469727,12.920000076293945,12.930000305175781,1358500,0.0,0.0
2024-06-25 00:00:00-04:00,12.920000076293945,12.920000076293945,12.505000114440918,12.609999656677246,1203900,0.0,0.0
2024-06-26 00:00:00-04:00,12.5,12.805000305175781,12.40999984741211,12.760000228881836,2547200,0.0,0.0
2024-06-27 00:00:00-04:00,12.880000114440918,12.90999984741211,12.5600004196167,12.850000381469727,2288300,0.0,0.0
2024-06-28 00:00:00-04:00,12.890000343322754,12.979999542236328,12.489999771118164,12.630000114440918,9471600,0.0,0.0
2024-07-01 00:00:00-04:00,12.699999809265137,12.734999656677246,12.359999656677246,12.359999656677246,1525500,0.0,0.0
2024-07-02 00:00:00-04:00,12.359999656677246,12.489999771118164,12.319999694824219,12.430000305175781,725400,0.0,0.0
2024-07-03 00:00:00-04:00,12.399999618530273,12.635000228881836,12.399999618530273,12.539999961853027,651800,0.0,0.0
2024-07-05 00:00:00-04:00,12.489999771118164,12.520000457763672,12.229999542236328,12.25,1179800,0.0,0.0
2024-07-08 00:00:00-04:00,12.34000015258789,12.520000457763672,12.0600004196167,12.119999885559082,2713500,0.0,0.0
2024-07-09 00:00:00-04:00,12.170000076293945,12.260000228881836,12.055000305175781,12.229999542236328,1309600,0.0,0.0
2024-07-10 00:00:00-04:00,12.279999732971191,12.510000228881836,12.25,12.430000305175781,1228200,0.0,0.0
2024-07-11 00:00:00-04:00,12.760000228881836,13.015000343322754,12.649999618530273,12.829999923706055,2623400,0.0,0.0
2024-07-12 00:00:00-04:00,12.949999809265137,13.289999961853027,12.949999809265137,13.079999923706055,2313900,0.0,0.0
2024-07-15 00:00:00-04:00,13.220000267028809,13.444999694824219,13.130000114440918,13.359999656677246,3306100,0.0,0.0
2024-07-16 00:00:00-04:00,13.470000267028809,13.65999984741211,13.390000343322754,13.609999656677246,2314800,0.0,0.0
2024-07-17 00:00:00-04:00,13.460000038146973,13.760000228881836,13.449999809265137,13.529999732971191,2862400,0.0,0.0
2024-07-18 00:00:00-04:00,13.460000038146973,13.6899995803833,13.335000038146973,13.350000381469727,1277100,0.0,0.0
2024-07-19 00:00:00-04:00,13.350000381469727,13.404999732971191,13.204999923706055,13.390000343322754,1258800,0.0,0.0
2024-07-22 00:00:00-04:00,13.430000305175781,13.640000343322754,13.350000381469727,13.5600004196167,1164800,0.0,0.0
2024-07-23 00:00:00-04:00,13.4399995803833,13.850000381469727,13.430000305175781,13.800000190734863,1151000,0.0,0.0
2024-07-24 00:00:00-04:00,13.640000343322754,14.029999732971191,13.640000343322754,13.779999732971191,2668800,0.0,0.0
2024-07-25 00:00:00-04:00,13.8100004196167,14.09000015258789,13.729999542236328,13.90999984741211,1908600,0.0,0.0
2024-07-26 00:00:00-04:00,14.199999809265137,14.609999656677246,14.069999694824219,14.5600004196167,1946500,0.0,0.0
2024-07-29 00:00:00-04:00,14.59000015258789,15.140000343322754,14.5600004196167,15.029999732971191,3870600,0.0,0.0
2024-07-30 00:00:00-04:00,15.15999984741211,15.239999771118164,14.84000015258789,15.050000190734863,1917300,0.0,0.0
2024-07-31 00:00:00-04:00,15.09000015258789,15.199999809265137,14.390000343322754,14.420000076293945,2738500,0.0,0.0
2024-08-01 00:00:00-04:00,14.369999885559082,14.520000457763672,13.65999984741211,13.789999961853027,1442600,0.0,0.0
2024-08-02 00:00:00-04:00,13.239999771118164,13.699999809265137,13.079999923706055,13.670000076293945,3438600,0.0,0.0
2024-08-05 00:00:00-04:00,13.0,13.574999809265137,12.899999618530273,13.4399995803833,3314800,0.0,0.0
2024-08-06 00:00:00-04:00,13.289999961853027,13.510000228881836,13.15999984741211,13.279999732971191,3002700,0.0,0.0
2024-08-07 00:00:00-04:00,10.75,11.300000190734863,9.890000343322754,11.25,15466500,0.0,0.0
2024-08-08 00:00:00-04:00,11.260000228881836,11.390000343322754,10.425000190734863,10.510000228881836,6722800,0.0,0.0
2024-08-09 00:00:00-04:00,10.510000228881836,10.635000228881836,10.265000343322754,10.5,3587400,0.0,0.0
2024-08-12 00:00:00-04:00,10.149999618530273,10.430000305175781,10.149999618530273,10.239999771118164,5248100,0.0,0.0
2024-08-13 00:00:00-04:00,10.319999694824219,10.885000228881836,10.260000228881836,10.609999656677246,3431500,0.0,0.0
2024-08-14 00:00:00-04:00,10.699999809265137,10.729999542236328,10.489999771118164,10.5,2898000,0.0,0.0
2024-08-15 00:00:00-04:00,10.760000228881836,10.800000190734863,10.520000457763672,10.729999542236328,2282900,0.0,0.0
2024-08-16 00:00:00-04:00,10.699999809265137,10.75,10.539999961853027,10.609999656677246,1812700,0.0,0.0
2024-08-19 00:00:00-04:00,10.680000305175781,10.800000190734863,10.539999961853027,10.729999542236328,1514200,0.0,0.0
2024-08-20 00:00:00-04:00,10.75,11.039999961853027,10.65999984741211,10.819999694824219,2616800,0.0,0.0
2024-08-21 00:00:00-04:00,10.90999984741211,11.140000343322754,10.760000228881836,11.050000190734863,2245900,0.0,0.0
2024-08-22 00:00:00-04:00,11.050000190734863,11.118000030517578,10.845000267028809,10.920000076293945,1399100,0.0,0.0
2024-08-23 00:00:00-04:00,11.010000228881836,11.279999732971191,10.920000076293945,11.260000228881836,1214800,0.0,0.0
2024-08-26 00:00:00-04:00,11.399999618530273,11.489999771118164,11.270000457763672,11.359999656677246,1532100,0.0,0.0
2024-08-27 00:00:00-04:00,11.289999961853027,11.329999923706055,10.970000267028809,11.0,1772300,0.0,0.0
2024-08-28 00:00:00-04:00,10.989999771118164,11.100000381469727,10.819999694824219,10.84000015258789,1337400,0.0,0.0
2024-08-29 00:00:00-04:00,10.960000038146973,11.050000190734863,10.779999732971191,10.890000343322754,1683900,0.0,0.0
2024-08-30 00:00:00-04:00,11.010000228881836,11.020000457763672,10.704999923706055,10.989999771118164,1432700,0.0,0.0
2024-09-03 00:00:00-04:00,10.899999618530273,11.0,10.545000076293945,10.59000015258789,2022700,0.0,0.0
2024-09-04 00:00:00-04:00,10.539999961853027,10.65999984741211,10.470000267028809,10.479999542236328,1682200,0.0,0.0
2024-09-05 00:00:00-04:00,10.539999961853027,10.604999542236328,10.390000343322754,10.40999984741211,1735000,0.0,0.0
2024-09-06 00:00:00-04:00,10.40999984741211,10.6899995803833,10.329999923706055,10.40999984741211,2562600,0.0,0.0
2024-09-09 00:00:00-04:00,10.380000114440918,10.645000457763672,10.21500015258789,10.270000457763672,2652000,0.0,0.0
2024-09-10 00:00:00-04:00,10.25,10.25,9.21500015258789,9.739999771118164,4385200,0.0,0.0
2024-09-11 00:00:00-04:00,9.75,9.829999923706055,9.46500015258789,9.729999542236328,2225600,0.0,0.0
2024-09-12 00:00:00-04:00,9.789999961853027,9.869999885559082,9.616999626159668,9.720000267028809,1278800,0.0,0.0
2024-09-13 00:00:00-04:00,9.850000381469727,10.005000114440918,9.75,9.859999656677246,1466100,0.0,0.0
2024-09-16 00:00:00-04:00,9.890000343322754,9.970000267028809,9.729999542236328,9.890000343322754,2945000,0.0,0.0
2024-09-17 00:00:00-04:00,9.970000267028809,10.404999732971191,9.954999923706055,10.260000228881836,2157300,0.0,0.0
2024-09-18 00:00:00-04:00,10.300000190734863,10.460000038146973,10.010000228881836,10.010000228881836,1787200,0.0,0.0
2024-09-19 00:00:00-04:00,10.239999771118164,10.300000190734863,10.0600004196167,10.119999885559082,1702700,0.0,0.0
2024-09-20 00:00:00-04:00,10.1899995803833,10.385000228881836,10.020000457763672,10.100000381469727,5522100,0.0,0.0
2024-09-23 00:00:00-04:00,10.149999618530273,10.279999732971191,9.989999771118164,10.0600004196167,880400,0.0,0.0
2024-09-24 00:00:00-04:00,10.09000015258789,10.185999870300293,9.989999771118164,10.050000190734863,1556700,0.0,0.0
2024-09-25 00:00:00-04:00,10.039999961853027,10.055000305175781,9.885000228881836,9.9399995803833,1607000,0.0,0.0
2024-09-26 00:00:00-04:00,10.09000015258789,10.25,10.0,10.170000076293945,1419500,0.0,0.0
2024-09-27 00:00:00-04:00,10.319999694824219,10.524999618530273,10.229999542236328,10.270000457763672,1925100,0.0,0.0
2024-09-30 00:00:00-04:00,10.289999961853027,10.359999656677246,10.050000190734863,10.109999656677246,2086700,0.0,0.0
2024-10-01 00:00:00-04:00,10.09000015258789,10.109999656677246,9.600000381469727,9.670000076293945,2615400,0.0,0.0
2024-10-02 00:00:00-04:00,9.59000015258789,9.725000381469727,9.494999885559082,9.529999732971191,2030100,0.0,0.0
2024-10-03 00:00:00-04:00,9.4399995803833,9.635000228881836,9.345000267028809,9.609999656677246,1904000,0.0,0.0
2024-10-04 00:00:00-04:00,9.699999809265137,9.8149995803833,9.430000305175781,9.789999961853027,1675200,0.0,0.0
2024-10-07 00:00:00-04:00,9.720000267028809,9.824999809265137,9.574999809265137,9.8100004196167,2316200,0.0,0.0
2024-10-08 00:00:00-04:00,9.819999694824219,10.020000457763672,9.6899995803833,9.960000038146973,1815700,0.0,0.0
2024-10-09 00:00:00-04:00,9.989999771118164,10.079999923706055,9.789999961853027,9.859999656677246,1467500,0.0,0.0
2024-10-10 00:00:00-04:00,9.729999542236328,10.050000190734863,9.649999618530273,10.039999961853027,1531300,0.0,0.0
2024-10-11 00:00:00-04:00,10.0,10.350000381469727,10.0,10.149999618530273,1262800,0.0,0.0
2024-10-14 00:00:00-04:00,10.15999984741211,10.324999809265137,10.100000381469727,10.220000267028809,980000,0.0,0.0
2024-10-15 00:00:00-04:00,10.199999809265137,10.414999961853027,10.140000343322754,10.399999618530273,1312800,0.0,0.0
2024-10-16 00:00:00-04:00,10.449999809265137,10.734999656677246,10.385000228881836,10.40999984741211,1828400,0.0,0.0
2024-10-17 00:00:00-04:00,10.40999984741211,10.430000305175781,10.140000343322754,10.239999771118164,1441200,0.0,0.0
2024-10-18 00:00:00-04:00,10.34000015258789,10.425000190734863,10.25,10.34000015258789,1140200,0.0,0.0
2024-10-21 00:00:00-04:00,10.289999961853027,10.390000343322754,10.1899995803833,10.1899995803833,1110300,0.0,0.0
2024-10-22 00:00:00-04:00,10.149999618530273,10.1899995803833,9.890000343322754,9.890000343322754,1240900,0.0,0.0
2024-10-23 00:00:00-04:00,9.850000381469727,9.9350004196167,9.710000038146973,9.850000381469727,1812100,0.0,0.0
2024-10-24 00:00:00-04:00,9.829999923706055,10.010000228881836,9.770000457763672,9.890000343322754,1192500,0.0,0.0
2024-10-25 00:00:00-04:00,9.9399995803833,10.100000381469727,9.899999618530273,10.010000228881836,1484000,0.0,0.0
2024-10-28 00:00:00-04:00,10.079999923706055,10.3149995803833,10.079999923706055,10.3100004196167,2325600,0.0,0.0
2024-10-29 00:00:00-04:00,6.75,7.870999813079834,6.675000190734863,7.239999771118164,21268900,0.0,0.0
2024-10-30 00:00:00-04:00,7.309999942779541,7.514999866485596,7.150000095367432,7.28000020980835,7589400,0.0,0.0
2024-10-31 00:00:00-04:00,7.25,7.400000095367432,7.059999942779541,7.360000133514404,4280100,0.0,0.0
2024-11-01 00:00:00-04:00,7.340000152587891,7.559999942779541,7.300000190734863,7.349999904632568,2658700,0.0,0.0
2024-11-04 00:00:00-05:00,7.150000095367432,7.304999828338623,7.010000228881836,7.039999961853027,3338300,0.0,0.0
2024-11-05 00:00:00-05:00,7.03000020980835,7.099999904632568,6.940000057220459,7.019999980926514,2000700,0.0,0.0
2024-11-06 00:00:00-05:00,7.289999961853027,7.829999923706055,7.28000020980835,7.800000190734863,3949900,0.0,0.0
2024-11-07 00:00:00-05:00,7.789999961853027,7.835000038146973,7.610000133514404,7.630000114440918,3324100,0.0,0.0
2024-11-08 00:00:00-05:00,7.619999885559082,7.760000228881836,7.320000171661377,7.320000171661377,1540700,0.0,0.0
2024-11-11 00:00:00-05:00,7.380000114440918,7.519999980926514,7.324999809265137,7.449999809265137,1554700,0.0,0.0
2024-11-12 00:00:00-05:00,7.400000095367432,7.570000171661377,7.322999954223633,7.5,2185500,0.0,0.0
2024-11-13 00:00:00-05:00,7.590000152587891,7.644999980926514,7.340000152587891,7.340000152587891,2157600,0.0,0.0
2024-11-14 00:00:00-05:00,7.380000114440918,7.489999771118164,7.235000133514404,7.269999980926514,1182000,0.0,0.0
2024-11-15 00:00:00-05:00,7.289999961853027,7.329999923706055,7.019999980926514,7.170000076293945,1335200,0.0,0.0
2024-11-18 00:00:00-05:00,7.170000076293945,7.335000038146973,7.110000133514404,7.159999847412109,954300,0.0,0.0
2024-11-19 00:00:00-05:00,7.099999904632568,7.150000095367432,7.005000114440918,7.090000152587891,1258500,0.0,0.0
2024-11-20 00:00:00-05:00,7.079999923706055,7.170000076293945,6.980000019073486,7.110000133514404,1375300,0.0,0.0
2024-11-21 00:00:00-05:00,7.170000076293945,7.340000152587891,7.11299991607666,7.190000057220459,898200,0.0,0.0
2024-11-22 00:00:00-05:00,7.230000019073486,7.489999771118164,7.190000057220459,7.409999847412109,1921100,0.0,0.0
2024-11-25 00:00:00-05:00,7.480000019073486,7.764999866485596,7.460000038146973,7.550000190734863,1349500,0.0,0.0
2024-11-26 00:00:00-05:00,7.449999809265137,7.46999979019165,7.255000114440918,7.360000133514404,2111600,0.0,0.0
2024-11-27 00:00:00-05:00,7.449999809265137,7.525000095367432,7.320000171661377,7.389999866485596,1712500,0.0,0.0
2024-11-29 00:00:00-05:00,7.480000019073486,7.574999809265137,7.420000076293945,7.480000019073486,607800,0.0,0.0
2024-12-02 00:00:00-05:00,7.510000228881836,7.599999904632568,7.320000171661377,7.550000190734863,1263800,0.0,0.0
2024-12-03 00:00:00-05:00,7.590000152587891,7.75,7.480000019073486,7.739999771118164,1127600,0.0,0.0
2024-12-04 00:00:00-05:00,7.739999771118164,7.84499979019165,7.579999923706055,7.650000095367432,1641400,0.0,0.0
2024-12-05 00:00:00-05:00,7.659999847412109,7.730000019073486,7.389999866485596,7.400000095367432,1176900,0.0,0.0
2024-12-06 00:00:00-05:00,7.480000019073486,7.53000020980835,7.324999809265137,7.349999904632568,849700,0.0,0.0
2024-12-09 00:00:00-05:00,7.409999847412109,7.690000057220459,7.409999847412109,7.489999771118164,1226200,0.0,0.0
2024-12-10 00:00:00-05:00,7.449999809265137,7.699999809265137,7.389999866485596,7.599999904632568,1316700,0.0,0.0
2024-12-11 00:00:00-05:00,7.639999866485596,7.864999771118164,7.599999904632568,7.829999923706055,1665100,0.0,0.0
2024-12-12 00:00:00-05:00,7.840000152587891,8.039999961853027,7.699999809265137,7.739999771118164,2151900,0.0,0.0
2024-12-13 00:00:00-05:00,7.75,7.929999828338623,7.71999979019165,7.920000076293945,1921600,0.0,0.0
2024-12-16 00:00:00-05:00,7.909999847412109,8.095000267028809,7.855000019073486,7.920000076293945,2033700,0.0,0.0
2024-12-17 00:00:00-05:00,7.889999866485596,8.010000228881836,7.630000114440918,7.679999828338623,1863000,0.0,0.0
2024-12-18 00:00:00-05:00,7.78000020980835,7.920000076293945,7.414999961853027,7.480000019073486,2076100,0.0,0.0
2024-12-19 00:00:00-05:00,7.510000228881836,7.579999923706055,7.295000076293945,7.480000019073486,1745100,0.0,0.0
2024-12-20 00:00:00-05:00,7.389999866485596,7.72599983215332,7.389999866485596,7.630000114440918,2317000,0.0,0.0
2024-12-23 00:00:00-05:00,7.579999923706055,7.619999885559082,7.420000076293945,7.579999923706055,1284100,0.0,0.0
2024-12-24 00:00:00-05:00,7.599999904632568,7.610000133514404,7.474999904632568,7.570000171661377,695700,0.0,0.0
2024-12-26 00:00:00-05:00,7.519999980926514,7.670000076293945,7.480000019073486,7.619999885559082,1067000,0.0,0.0
2024-12-27 00:00:00-05:00,7.539999961853027,7.630000114440918,7.349999904632568,7.360000133514404,1168000,0.0,0.0
2024-12-30 00:00:00-05:00,7.360000133514404,7.465000152587891,7.269999980926514,7.369999885559082,1183900,0.0,0.0
2024-12-31 00:00:00-05:00,7.400000095367432,7.599999904632568,7.340000152587891,7.349999904632568,1764500,0.0,0.0
2025-01-02 00:00:00-05:00,7.480000019073486,7.5,7.289999961853027,7.389999866485596,1957500,0.0,0.0
2025-01-03 00:00:00-05:00,7.429999828338623,7.630000114440918,7.349999904632568,7.570000171661377,2135500,0.0,0.0
2025-01-06 00:00:00-05:00,7.659999847412109,7.880000114440918,7.550000190734863,7.550000190734863,1385700,0.0,0.0
2025-01-07 00:00:00-05:00,7.650000095367432,7.679999828338623,7.300000190734863,7.369999885559082,1754400,0.0,0.0
2025-01-08 00:00:00-05:00,7.289999961853027,7.329999923706055,6.989999771118164,7.0,2485000,0.0,0.0
2025-01-10 00:00:00-05:00,6.940000057220459,7.059999942779541,6.760000228881836,6.949999809265137,1684900,0.0,0.0
2025-01-13 00:00:00-05:00,6.929999828338623,7.105000019073486,6.90500020980835,7.010000228881836,1354000,0.0,0.0
2025-01-14 00:00:00-05:00,7.079999923706055,7.414999961853027,7.079999923706055,7.25,1512700,0.0,0.0
2025-01-15 00:00:00-05:00,7.53000020980835,7.800000190734863,7.460000038146973,7.639999866485596,2776700,0.0,0.0
2025-01-16 00:00:00-05:00,7.610000133514404,7.760000228881836,7.190000057220459,7.21999979019165,4634600,0.0,0.0
2025-01-17 00:00:00-05:00,7.400000095367432,7.599999904632568,7.264999866485596,7.599999904632568,2373500,0.0,0.0
2025-01-21 00:00:00-05:00,7.699999809265137,7.90500020980835,7.65500020980835,7.889999866485596,1529300,0.0,0.0
2025-01-22 00:00:00-05:00,7.820000171661377,7.909999847412109,7.764999866485596,7.78000020980835,1125100,0.0,0.0
2025-01-23 00:00:00-05:00,7.769999980926514,7.920000076293945,7.75,7.820000171661377,1037700,0.0,0.0
2025-01-24 00:00:00-05:00,7.789999961853027,7.929999828338623,7.730000019073486,7.869999885559082,901000,0.0,0.0
2025-01-27 00:00:00-05:00,7.889999866485596,8.444999694824219,7.78000020980835,8.40999984741211,2217800,0.0,0.0
2025-01-28 00:00:00-05:00,8.449999809265137,8.449999809265137,8.154999732971191,8.180000305175781,1431400,0.0,0.0
2025-01-29 00:00:00-05:00,8.170000076293945,8.319999694824219,8.149999618530273,8.279999732971191,1085200,0.0,0.0
2025-01-30 00:00:00-05:00,8.359999656677246,8.510000228881836,8.289999961853027,8.40999984741211,962300,0.0,0.0
2025-01-31 00:00:00-05:00,8.399999618530273,8.479999542236328,8.234999656677246,8.289999961853027,856200,0.0,0.0
2025-02-03 00:00:00-05:00,8.100000381469727,8.119999885559082,7.945000171661377,7.96999979019165,1018400,0.0,0.0
2025-02-04 00:00:00-05:00,7.96999979019165,8.149999618530273,7.929999828338623,7.940000057220459,974900,0.0,0.0
2025-02-05 00:00:00-05:00,8.039999961853027,8.170000076293945,7.900000095367432,8.15999984741211,937100,0.0,0.0
2025-02-06 00:00:00-05:00,8.260000228881836,8.260000228881836,8.095000267028809,8.25,705300,0.0,0.0
2025-02-07 00:00:00-05:00,8.210000038146973,8.220000267028809,8.109999656677246,8.130000114440918,878300,0.0,0.0
2025-02-10 00:00:00-05:00,8.199999809265137,8.319999694824219,8.130000114440918,8.229999542236328,929100,0.0,0.0
2025-02-11 00:00:00-05:00,8.149999618530273,8.350000381469727,8.109999656677246,8.3100004196167,607000,0.0,0.0
2025-02-12 00:00:00-05:00,8.149999618530273,8.239999771118164,8.13700008392334,8.170000076293945,651800,0.0,0.0
2025-02-13 00:00:00-05:00,8.229999542236328,8.34000015258789,8.180000305175781,8.289999961853027,923400,0.0,0.0
2025-02-14 00:00:00-05:00,8.34000015258789,8.494999885559082,8.305000305175781,8.369999885559082,825900,0.0,0.0
2025-02-18 00:00:00-05:00,8.369999885559082,8.505999565124512,8.085000038146973,8.09000015258789,1080700,0.0,0.0
2025-02-19 00:00:00-05:00,7.96999979019165,8.1899995803833,7.914999961853027,8.170000076293945,933700,0.0,0.0
2025-02-20 00:00:00-05:00,8.1899995803833,8.204999923706055,7.952000141143799,8.0,795900,0.0,0.0
2025-02-21 00:00:00-05:00,8.149999618530273,8.149999618530273,7.730000019073486,7.789999961853027,897800,0.0,0.0
2025-02-24 00:00:00-05:00,7.860000133514404,8.039999961853027,7.755000114440918,8.0,1184000,0.0,0.0
2025-02-25 00:00:00-05:00,8.069999694824219,8.239999771118164,8.015000343322754,8.0600004196167,1460400,0.0,0.0
2025-02-26 00:00:00-05:00,9.395000457763672,10.130000114440918,8.859999656677246,9.109999656677246,4368500,0.0,0.0
2025-02-27 00:00:00-05:00,9.1899995803833,9.1899995803833,8.479999542236328,8.550000190734863,1936900,0.0,0.0
2025-02-28 00:00:00-05:00,8.539999961853027,8.770000457763672,8.050000190734863,8.09000015258789,3118400,0.0,0.0
2025-03-03 00:00:00-05:00,8.119999885559082,8.234999656677246,7.795000076293945,7.849999904632568,1503700,0.0,0.0
2025-03-04 00:00:00-05:00,7.769999980926514,8.095000267028809,7.525000095367432,7.920000076293945,1684800,0.0,0.0
2025-03-05 00:00:00-05:00,7.940000057220459,8.199999809265137,7.920000076293945,8.109999656677246,1509600,0.0,0.0
2025-03-06 00:00:00-05:00,8.069999694824219,8.126999855041504,7.940000057220459,8.09000015258789,1073700,0.0,0.0
2025-03-07 00:00:00-05:00,8.079999923706055,8.295000076293945,8.069999694824219,8.260000228881836,1340100,0.0,0.0
2025-03-10 00:00:00-04:00,8.3100004196167,8.5600004196167,8.180000305175781,8.260000228881836,1839800,0.0,0.0
2025-03-11 00:00:00-04:00,8.350000381469727,8.350000381469727,8.055000305175781,8.170000076293945,1374700,0.0,0.0
2025-03-12 00:00:00-04:00,8.210000038146973,8.244999885559082,7.934999942779541,8.069999694824219,1307200,0.0,0.0
2025-03-13 00:00:00-04:00,8.079999923706055,8.270000457763672,7.940000057220459,8.0600004196167,1302800,0.0,0.0
2025-03-14 00:00:00-04:00,8.100000381469727,8.25,8.03499984741211,8.15999984741211,1378100,0.0,0.0
2025-03-17 00:00:00-04:00,8.100000381469727,8.295000076293945,8.100000381469727,8.229999542236328,1467400,0.0,0.0
2025-03-18 00:00:00-04:00,8.140000343322754,8.1899995803833,8.010000228881836,8.109999656677246,1471800,0.0,0.0
2025-03-19 00:00:00-04:00,8.09000015258789,8.40999984741211,8.010000228881836,8.369999885559082,2214900,0.0,0.0
2025-03-20 00:00:00-04:00,8.239999771118164,8.350000381469727,8.045000076293945,8.069999694824219,1205600,0.0,0.0
2025-03-21 00:00:00-04:00,8.020000457763672,8.085000038146973,7.889999866485596,7.940000057220459,3635100,0.0,0.0
2025-03-24 00:00:00-04:00,7.989999771118164,8.125,7.949999809265137,7.980000019073486,1282000,0.0,0.0
2025-03-25 00:00:00-04:00,7.989999771118164,8.050000190734863,7.789999961853027,7.860000133514404,1256100,0.0,0.0
2025-03-26 00:00:00-04:00,7.829999923706055,7.914999961853027,7.715000152587891,7.75,1019100,0.0,0.0
2025-03-27 00:00:00-04:00,7.699999809265137,7.710000038146973,7.389999866485596,7.5,1327800,0.0,0.0
2025-03-28 00:00:00-04:00,7.510000228881836,7.519999980926514,7.175000190734863,7.179999828338623,829800,0.0,0.0
2025-03-31 00:00:00-04:00,7.070000171661377,7.28000020980835,7.025000095367432,7.199999809265137,1199600,0.0,0.0
2025-04-01 00:00:00-04:00,7.179999828338623,7.264999866485596,7.079999923706055,7.159999847412109,934900,0.0,0.0
2025-04-02 00:00:00-04:00,7.059999942779541,7.210000038146973,7.039999961853027,7.130000114440918,810600,0.0,0.0
2025-04-03 00:00:00-04:00,6.860000133514404,6.960000038146973,6.400000095367432,6.590000152587891,2313100,0.0,0.0
2025-04-04 00:00:00-04:00,6.320000171661377,6.940000057220459,6.199999809265137,6.900000095367432,2323600,0.0,0.0
2025-04-07 00:00:00-04:00,6.639999866485596,7.110000133514404,6.53000020980835,6.880000114440918,4420600,0.0,0.0
2025-04-08 00:00:00-04:00,7.079999923706055,7.079999923706055,6.394999980926514,6.519999980926514,2928700,0.0,0.0
2025-04-09 00:00:00-04:00,6.409999847412109,6.949999809265137,6.235000133514404,6.769999980926514,2725700,0.0,0.0
2025-04-10 00:00:00-04:00,6.630000114440918,6.630000114440918,6.244999885559082,6.329999923706055,1858200,0.0,0.0
2025-04-11 00:00:00-04:00,6.269999980926514,6.329999923706055,6.050000190734863,6.289999961853027,1621000,0.0,0.0
2025-04-14 00:00:00-04:00,6.380000114440918,6.400000095367432,6.210000038146973,6.329999923706055,1118700,0.0,0.0
2025-04-15 00:00:00-04:00,6.300000190734863,6.440000057220459,6.230000019073486,6.269999980926514,1172300,0.0,0.0
2025-04-16 00:00:00-04:00,6.239999771118164,6.28000020980835,5.985000133514404,6.059999942779541,863900,0.0,0.0
2025-04-17 00:00:00-04:00,6.050000190734863,6.420000076293945,6.050000190734863,6.409999847412109,2325000,0.0,0.0
2025-04-21 00:00:00-04:00,6.300000190734863,6.364999771118164,6.150000095367432,6.309999942779541,1098800,0.0,0.0
2025-04-22 00:00:00-04:00,6.369999885559082,6.460000038146973,6.324999809265137,6.380000114440918,1022000,0.0,0.0
2025-04-23 00:00:00-04:00,6.559999942779541,6.704999923706055,6.5,6.619999885559082,1646500,0.0,0.0
2025-04-24 00:00:00-04:00,6.599999904632568,6.760000228881836,6.539999961853027,6.760000228881836,1332700,0.0,0.0
2025-04-25 00:00:00-04:00,6.710000038146973,6.889999866485596,6.684999942779541,6.860000133514404,762800,0.0,0.0
2025-04-28 00:00:00-04:00,6.849999904632568,6.96999979019165,6.820000171661377,6.960000038146973,782000,0.0,0.0
2025-04-29 00:00:00-04:00,6.949999809265137,7.130000114440918,6.889999866485596,7.059999942779541,1049700,0.0,0.0
2025-04-30 00:00:00-04:00,6.96999979019165,6.96999979019165,6.800000190734863,6.880000114440918,1285200,0.0,0.0
2025-05-01 00:00:00-04:00,6.920000076293945,7.019999980926514,6.840000152587891,6.960000038146973,1265700,0.0,0.0
2025-05-02 00:00:00-04:00,7.050000190734863,7.289999961853027,7.050000190734863,7.28000020980835,840100,0.0,0.0
2025-05-05 00:00:00-04:00,7.239999771118164,7.425000190734863,7.179999828338623,7.300000190734863,918500,0.0,0.0
2025-05-06 00:00:00-04:00,7.210000038146973,7.260000228881836,7.125,7.239999771118164,921800,0.0,0.0
2025-05-07 00:00:00-04:00,7.340000152587891,7.340000152587891,7.085000038146973,7.150000095367432,848500,0.0,0.0
2025-05-08 00:00:00-04:00,7.75,8.039999961853027,7.53000020980835,7.880000114440918,1574000,0.0,0.0
2025-05-09 00:00:00-04:00,8.050000190734863,8.34000015258789,8.010000228881836,8.199999809265137,1991200,0.0,0.0
2025-05-12 00:00:00-04:00,8.680000305175781,8.760000228881836,8.279999732971191,8.420000076293945,2428100,0.0,0.0
2025-05-13 00:00:00-04:00,8.510000228881836,8.625,8.4350004196167,8.5,1533600,0.0,0.0
2025-05-14 00:00:00-04:00,8.460000038146973,8.640000343322754,8.345000267028809,8.420000076293945,1448800,0.0,0.0
2025-05-15 00:00:00-04:00,8.369999885559082,8.635000228881836,8.274999618530273,8.609999656677246,2020200,0.0,0.0
2025-05-16 00:00:00-04:00,8.760000228881836,8.984999656677246,8.75,8.859999656677246,1260000,0.0,0.0
2025-05-19 00:00:00-04:00,8.649999618530273,8.760000228881836,8.640000343322754,8.710000038146973,750500,0.0,0.0
2025-05-20 00:00:00-04:00,8.710000038146973,8.779999732971191,8.619999885559082,8.6899995803833,1099600,0.0,0.0
2025-05-21 00:00:00-04:00,8.5600004196167,8.595000267028809,8.234999656677246,8.270000457763672,938500,0.0,0.0
2025-05-22 00:00:00-04:00,8.220000267028809,8.305000305175781,8.095000267028809,8.229999542236328,1376000,0.0,0.0
2025-05-23 00:00:00-04:00,8.050000190734863,8.210000038146973,8.010000228881836,8.0600004196167,1892900,0.0,0.0
2025-05-27 00:00:00-04:00,8.210000038146973,8.414999961853027,8.109999656677246,8.289999961853027,1679500,0.0,0.0
2025-05-28 00:00:00-04:00,8.329999923706055,8.390000343322754,8.140000343322754,8.180000305175781,1168700,0.0,0.0
2025-05-29 00:00:00-04:00,8.140000343322754,8.279999732971191,8.005000114440918,8.25,1683500,0.0,0.0
2025-05-30 00:00:00-04:00,8.1899995803833,8.295000076293945,8.125,8.170000076293945,1544400,0.0,0.0
2025-06-02 00:00:00-04:00,8.079999923706055,8.135000228881836,7.885000228881836,7.909999847412109,1079800,0.0,0.0
2025-06-03 00:00:00-04:00,7.929999828338623,8.0649995803833,7.84499979019165,8.039999961853027,2199400,0.0,0.0
2025-06-04 00:00:00-04:00,8.0600004196167,8.149999618530273,8.015000343322754,8.109999656677246,1253200,0.0,0.0
2025-06-05 00:00:00-04:00,8.100000381469727,8.145000457763672,7.980000019073486,8.0,1094100,0.0,0.0
2025-06-06 00:00:00-04:00,8.180000305175781,8.300000190734863,8.050000190734863,8.1899995803833,1460800,0.0,0.0
2025-06-09 00:00:00-04:00,8.289999961853027,8.550000190734863,8.260000228881836,8.489999771118164,1152300,0.0,0.0
2025-06-10 00:00:00-04:00,8.550000190734863,8.845000267028809,8.470000267028809,8.720000267028809,2012300,0.0,0.0
2025-06-11 00:00:00-04:00,8.800000190734863,8.800000190734863,8.380000114440918,8.399999618530273,1219400,0.0,0.0
2025-06-12 00:00:00-04:00,8.329999923706055,8.399999618530273,8.1899995803833,8.399999618530273,949900,0.0,0.0
2025-06-13 00:00:00-04:00,8.199999809265137,8.319999694824219,7.900000095367432,7.989999771118164,1604600,0.0,0.0
2025-06-16 00:00:00-04:00,8.119999885559082,8.119999885559082,7.96999979019165,8.109999656677246,773500,0.0,0.0
2025-06-17 00:00:00-04:00,8.0,8.104999542236328,7.855000019073486,7.889999866485596,734300,0.0,0.0
2025-06-18 00:00:00-04:00,7.860000133514404,8.055000305175781,7.827000141143799,7.889999866485596,840600,0.0,0.0
2025-06-20 00:00:00-04:00,7.940000057220459,8.045000076293945,7.869999885559082,7.960000038146973,1673700,0.0,0.0
2025-06-23 00:00:00-04:00,7.920000076293945,8.199999809265137,7.880000114440918,8.199999809265137,981400,0.0,0.0
2025-06-24 00:00:00-04:00,8.270000457763672,8.289999961853027,8.135000228881836,8.270000457763672,714200,0.0,0.0
2025-06-25 00:00:00-04:00,8.270000457763672,8.300000190734863,8.149999618530273,8.229999542236328,585100,0.0,0.0
2025-06-26 00:00:00-04:00,8.300000190734863,8.4399995803833,8.199999809265137,8.359999656677246,1133400,0.0,0.0
2025-06-27 00:00:00-04:00,8.40999984741211,8.430000305175781,8.100000381469727,8.170000076293945,3118000,0.0,0.0
2025-06-30 00:00:00-04:00,8.210000038146973,8.220000267028809,8.071000099182129,8.140000343322754,877200,0.0,0.0
2025-07-01 00:00:00-04:00,8.029999732971191,9.024999618530273,8.029999732971191,8.760000228881836,2106500,0.0,0.0
2025-07-02 00:00:00-04:00,8.699999809265137,8.989999771118164,8.6899995803833,8.979999542236328,1266300,0.0,0.0
2025-07-03 00:00:00-04:00,9.020000457763672,9.055000305175781,8.869999885559082,8.989999771118164,516200,0.0,0.0
2025-07-07 00:00:00-04:00,8.880000114440918,9.0,8.760000228881836,8.800000190734863,798500,0.0,0.0
2025-07-08 00:00:00-04:00,8.899999618530273,9.069999694824219,8.789999961853027,8.90999984741211,874700,0.0,0.0
2025-07-09 00:00:00-04:00,8.9399995803833,9.005000114440918,8.744999885559082,8.979999542236328,820000,0.0,0.0
2025-07-10 00:00:00-04:00,9.0,9.380000114440918,8.979999542236328,9.170000076293945,782400,0.0,0.0
2025-07-11 00:00:00-04:00,9.020000457763672,9.180000305175781,9.020000457763672,9.039999961853027,591700,0.0,0.0
2025-07-14 00:00:00-04:00,9.0,9.050000190734863,8.75,8.899999618530273,985900,0.0,0.0
2025-07-15 00:00:00-04:00,9.0,9.020000457763672,8.529999732971191,8.539999961853027,708400,0.0,0.0
2025-07-16 00:00:00-04:00,8.600000381469727,8.640000343322754,8.369999885559082,8.5600004196167,796900,0.0,0.0
2025-07-17 00:00:00-04:00,8.579999923706055,8.8149995803833,8.510000228881836,8.739999771118164,851200,0.0,0.0
2025-07-18 00:00:00-04:00,8.859999656677246,8.859999656677246,8.569999694824219,8.710000038146973,1191200,0.0,0.0
2025-07-21 00:00:00-04:00,8.850000381469727,8.920000076293945,8.579999923706055,8.600000381469727,827200,0.0,0.0
2025-07-22 00:00:00-04:00,8.670000076293945,9.079999923706055,8.670000076293945,9.069999694824219,809700,0.0,0.0
2025-07-23 00:00:00-04:00,9.180000305175781,9.229999542236328,9.074999809265137,9.220000267028809,646000,0.0,0.0
2025-07-24 00:00:00-04:00,9.130000114440918,9.194999694824219,9.055000305175781,9.109999656677246,534100,0.0,0.0
2025-07-25 00:00:00-04:00,9.1899995803833,9.1899995803833,9.020000457763672,9.140000343322754,683100,0.0,0.0
2025-07-28 00:00:00-04:00,9.170000076293945,9.1899995803833,8.989999771118164,9.010000228881836,495300,0.0,0.0
2025-07-29 00:00:00-04:00,9.100000381469727,9.100000381469727,8.869999885559082,9.010000228881836,685500,0.0,0.0
2025-07-30 00:00:00-04:00,9.010000228881836,9.055000305175781,8.649999618530273,8.729999542236328,782700,0.0,0.0
2025-07-31 00:00:00-04:00,8.640000343322754,8.675000190734863,8.494999885559082,8.569999694824219,596900,0.0,0.0
2025-08-01 00:00:00-04:00,8.529999732971191,8.614999771118164,8.300000190734863,8.550000190734863,939800,0.0,0.0
2025-08-04 00:00:00-04:00,8.640000343322754,8.8149995803833,8.529999732971191,8.739999771118164,762800,0.0,0.0
2025-08-05 00:00:00-04:00,8.770000457763672,8.869999885559082,8.675000190734863,8.720000267028809,1038400,0.0,0.0
2025-08-06 00:00:00-04:00,8.720000267028809,8.829999923706055,8.5649995803833,8.680000305175781,1431700,0.0,0.0
2025-08-07 00:00:00-04:00,9.385000228881836,10.305000305175781,8.890000343322754,9.84000015258789,4390600,0.0,0.0
2025-08-08 00:00:00-04:00,9.989999771118164,10.020000457763672,9.579999923706055,9.8100004196167,1967200,0.0,0.0
2025-08-11 00:00:00-04:00,9.880000114440918,10.050000190734863,9.59000015258789,9.739999771118164,1628600,0.0,0.0
2025-08-12 00:00:00-04:00,9.819999694824219,10.085000038146973,9.800000190734863,10.020000457763672,1440900,0.0,0.0
2025-08-13 00:00:00-04:00,10.050000190734863,10.699999809265137,10.050000190734863,10.680000305175781,2007900,0.0,0.0
2025-08-14 00:00:00-04:00,10.479999542236328,10.600000381469727,10.3100004196167,10.420000076293945,1249200,0.0,0.0
2025-08-15 00:00:00-04:00,10.430000305175781,10.430000305175781,10.039999961853027,10.09000015258789,1235800,0.0,0.0
2025-08-18 00:00:00-04:00,10.180000305175781,10.260000228881836,10.039999961853027,10.220000267028809,1216200,0.0,0.0
2025-08-19 00:00:00-04:00,10.199999809265137,10.425000190734863,10.140000343322754,10.279999732971191,963200,0.0,0.0
2025-08-20 00:00:00-04:00,10.199999809265137,10.239999771118164,10.024999618530273,10.069999694824219,976500,0.0,0.0
2025-08-21 00:00:00-04:00,9.949999809265137,10.045000076293945,9.869999885559082,9.960000038146973,1281500,0.0,0.0
2025-08-22 00:00:00-04:00,10.050000190734863,10.694999694824219,10.010000228881836,10.569999694824219,1954200,0.0,0.0
2025-08-25 00:00:00-04:00,10.460000038146973,10.53499984741211,10.420000076293945,10.489999771118164,614600,0.0,0.0
2025-08-26 00:00:00-04:00,10.420000076293945,10.510000228881836,10.324999809265137,10.380000114440918,515800,0.0,0.0
2025-08-27 00:00:00-04:00,10.380000114440918,10.479999542236328,10.3149995803833,10.449999809265137,480700,0.0,0.0
2025-08-28 00:00:00-04:00,10.520000457763672,10.520000457763672,10.229999542236328,10.40999984741211,708200,0.0,0.0
2025-08-29 00:00:00-04:00,10.449999809265137,10.482000350952148,10.265000343322754,10.350000381469727,498200,0.0,0.0
2025-09-02 00:00:00-04:00,10.100000381469727,10.279999732971191,10.069999694824219,10.149999618530273,816200,0.0,0.0
2025-09-03 00:00:00-04:00,10.09000015258789,10.210000038146973,10.050000190734863,10.119999885559082,733800,0.0,0.0
2025-09-04 00:00:00-04:00,10.25,10.260000228881836,10.09000015258789,10.1899995803833,540100,0.0,0.0
2025-09-05 00:00:00-04:00,10.34000015258789,10.5,10.21500015258789,10.369999885559082,597100,0.0,0.0
2025-09-08 00:00:00-04:00,10.319999694824219,10.414999961853027,10.135000228881836,10.210000038146973,595600,0.0,0.0
2025-09-09 00:00:00-04:00,10.180000305175781,10.210000038146973,9.994999885559082,10.010000228881836,727500,0.0,0.0
2025-09-10 00:00:00-04:00,10.0,10.109999656677246,9.994999885559082,10.069999694824219,624900,0.0,0.0
2025-09-11 00:00:00-04:00,10.15999984741211,10.425000190734863,10.09000015258789,10.399999618530273,526000,0.0,0.0
2025-09-12 00:00:00-04:00,10.329999923706055,10.369999885559082,10.154999732971191,10.34000015258789,933900,0.0,0.0
2025-09-15 00:00:00-04:00,10.329999923706055,10.4350004196167,10.119999885559082,10.170000076293945,1140400,0.0,0.0
2025-09-16 00:00:00-04:00,10.260000228881836,10.425000190734863,10.15999984741211,10.390000343322754,691300,0.0,0.0
2025-09-17 00:00:00-04:00,10.449999809265137,10.800000190734863,10.130000114440918,10.170000076293945,1045600,0.0,0.0
2025-09-18 00:00:00-04:00,10.199999809265137,10.510000228881836,10.131999969482422,10.449999809265137,763100,0.0,0.0
2025-09-19 00:00:00-04:00,10.479999542236328,10.489999771118164,10.114999771118164,10.170000076293945,1562700,0.0,0.0
2025-09-22 00:00:00-04:00,10.180000305175781,10.255000114440918,10.041999816894531,10.220000267028809,665000,0.0,0.0
2025-09-23 00:00:00-04:00,10.289999961853027,10.375,10.039999961853027,10.079999923706055,676200,0.0,0.0
2025-09-24 00:00:00-04:00,10.100000381469727,10.170000076293945,9.875,10.029999732971191,629500,0.0,0.0
2025-09-25 00:00:00-04:00,9.989999771118164,10.079999923706055,9.829999923706055,9.859999656677246,533300,0.0,0.0
2025-09-26 00:00:00-04:00,9.880000114440918,10.09000015258789,9.864999771118164,10.020000457763672,461200,0.0,0.0
2025-09-29 00:00:00-04:00,10.050000190734863,10.050000190734863,9.789999961853027,9.859999656677246,836900,0.0,0.0
2025-09-30 00:00:00-04:00,9.829999923706055,9.895000457763672,9.649999618530273,9.869999885559082,915100,0.0,0.0
2025-10-01 00:00:00-04:00,9.850000381469727,9.899999618530273,9.699999809265137,9.789999961853027,596600,0.0,0.0
2025-10-02 00:00:00-04:00,9.789999961853027,10.029999732971191,9.729999542236328,10.0,977500,0.0,0.0
2025-10-03 00:00:00-04:00,10.029999732971191,10.135000228881836,9.944999694824219,10.010000228881836,962400,0.0,0.0
2025-10-06 00:00:00-04:00,10.029999732971191,10.0600004196167,9.770000457763672,9.770000457763672,558900,0.0,0.0
2025-10-07 00:00:00-04:00,9.819999694824219,9.819999694824219,9.670000076293945,9.779999732971191,760000,0.0,0.0
2025-10-08 00:00:00-04:00,9.850000381469727,10.005000114440918,9.720999717712402,9.960000038146973,665500,0.0,0.0
2025-10-09 00:00:00-04:00,9.930000305175781,10.0600004196167,9.645000457763672,9.680000305175781,702600,0.0,0.0
2025-10-10 00:00:00-04:00,9.6899995803833,9.8149995803833,9.420000076293945,9.4399995803833,994100,0.0,0.0
2025-10-13 00:00:00-04:00,9.510000228881836,9.635000228881836,9.444999694824219,9.529999732971191,523600,0.0,0.0
2025-10-14 00:00:00-04:00,9.479999542236328,9.9350004196167,9.449999809265137,9.859999656677246,431700,0.0,0.0
2025-10-15 00:00:00-04:00,9.970000267028809,10.194999694824219,9.869999885559082,9.989999771118164,593100,0.0,0.0
2025-10-16 00:00:00-04:00,9.989999771118164,10.085000038146973,9.824999809265137,9.920000076293945,500500,0.0,0.0
2025-10-17 00:00:00-04:00,9.859999656677246,9.970000267028809,9.789999961853027,9.84000015258789,442400,0.0,0.0
2025-10-20 00:00:00-04:00,9.920000076293945,10.088000297546387,9.880000114440918,10.0600004196167,400300,0.0,0.0
2025-10-21 00:00:00-04:00,10.020000457763672,10.3149995803833,9.989999771118164,10.210000038146973,483400,0.0,0.0
2025-10-22 00:00:00-04:00,10.180000305175781,10.289999961853027,10.039999961853027,10.069999694824219,586300,0.0,0.0
2025-10-23 00:00:00-04:00,10.079999923706055,10.164999961853027,10.0,10.15999984741211,482100,0.0,0.0
2025-10-24 00:00:00-04:00,10.270000457763672,10.300000190734863,10.164999961853027,10.170000076293945,463600,0.0,0.0
2025-10-27 00:00:00-04:00,10.229999542236328,10.319999694824219,10.095000267028809,10.100000381469727,493600,0.0,0.0
2025-10-28 00:00:00-04:00,10.0,10.244999885559082,9.989999771118164,10.199999809265137,887100,0.0,0.0
2025-10-29 00:00:00-04:00,10.140000343322754,10.265000343322754,9.829999923706055,9.9399995803833,1284900,0.0,0.0
2025-10-30 00:00:00-04:00,9.850000381469727,9.970000267028809,9.595000267028809,9.670000076293945,828000,0.0,0.0
2025-10-31 00:00:00-04:00,9.630000114440918,9.680000305175781,9.550000190734863,9.600000381469727,868900,0.0,0.0
2025-11-03 00:00:00-05:00,9.600000381469727,9.8100004196167,9.470000267028809,9.619999885559082,803900,0.0,0.0
2025-11-04 00:00:00-05:00,9.569999694824219,9.59000015258789,9.350000381469727,9.359999656677246,733100,0.0,0.0
2025-11-05 00:00:00-05:00,9.319999694824219,9.479999542236328,9.196999549865723,9.289999961853027,1586800,0.0,0.0
2025-11-06 00:00:00-05:00,8.550000190734863,8.789999961853027,6.53000020980835,6.900000095367432,5140100,0.0,0.0
2025-11-07 00:00:00-05:00,6.800000190734863,6.855000019073486,6.070000171661377,6.730000019073486,4243000,0.0,0.0
2025-11-10 00:00:00-05:00,6.809999942779541,6.815000057220459,6.21999979019165,6.460000038146973,2057700,0.0,0.0
2025-11-11 00:00:00-05:00,6.480000019073486,6.5,6.2270002365112305,6.289999961853027,1526200,0.0,0.0
2025-11-12 00:00:00-05:00,6.300000190734863,6.460000038146973,6.179999828338623,6.239999771118164,1760200,0.0,0.0
2025-11-13 00:00:00-05:00,6.239999771118164,6.329999923706055,5.96999979019165,6.039999961853027,1649100,0.0,0.0
2025-11-14 00:00:00-05:00,5.860000133514404,6.074999809265137,5.800000190734863,5.920000076293945,2052300,0.0,0.0
2025-11-17 00:00:00-05:00,5.929999828338623,6.144999980926514,5.860000133514404,5.960000038146973,1958300,0.0,0.0
2025-11-18 00:00:00-05:00,5.889999866485596,5.980000019073486,5.824999809265137,5.900000095367432,1543800,0.0,0.0
2025-11-19 00:00:00-05:00,5.940000057220459,6.03000020980835,5.815000057220459,5.860000133514404,1312900,0.0,0.0
2025-11-20 00:00:00-05:00,5.929999828338623,6.039999961853027,5.724999904632568,5.75,1562800,0.0,0.0
2025-11-21 00:00:00-05:00,5.78000020980835,6.105000019073486,5.755000114440918,5.920000076293945,1625300,0.0,0.0
2025-11-24 00:00:00-05:00,5.900000095367432,5.985000133514404,5.800000190734863,5.96999979019165,1272700,0.0,0.0
2025-11-25 00:00:00-05:00,5.96999979019165,6.210000038146973,5.965000152587891,6.179999828338623,2268300,0.0,0.0
2025-11-26 00:00:00-05:00,6.159999847412109,6.275000095367432,6.119999885559082,6.230000019073486,1947100,0.0,0.0
2025-11-28 00:00:00-05:00,6.25,6.28000020980835,6.15500020980835,6.210000038146973,833600,0.0,0.0
2025-12-01 00:00:00-05:00,6.139999866485596,6.239999771118164,6.045000076293945,6.059999942779541,1494200,0.0,0.0
2025-12-02 00:00:00-05:00,6.119999885559082,6.139999866485596,5.96999979019165,6.050000190734863,2481000,0.0,0.0
2025-12-03 00:00:00-05:00,6.079999923706055,6.425000190734863,6.050000190734863,6.369999885559082,2824800,0.0,0.0
2025-12-04 00:00:00-05:00,6.429999828338623,6.614999771118164,6.179999828338623,6.190000057220459,2725100,0.0,0.0
2025-12-05 00:00:00-05:00,6.03000020980835,6.329999923706055,6.03000020980835,6.119999885559082,3968400,0.0,0.0
2025-12-08 00:00:00-05:00,6.170000076293945,6.239999771118164,5.965000152587891,6.119999885559082,3327600,0.0,0.0
2025-12-09 00:00:00-05:00,6.079999923706055,6.300000190734863,5.954999923706055,6.260000228881836,2331800,0.0,0.0
2025-12-10 00:00:00-05:00,6.230000019073486,6.735000133514404,6.204999923706055,6.570000171661377,3315500,0.0,0.0
2025-12-11 00:00:00-05:00,6.610000133514404,6.809999942779541,6.480000019073486,6.789999961853027,2039000,0.0,0.0
2025-12-12 00:00:00-05:00,6.849999904632568,7.03000020980835,6.71999979019165,6.809999942779541,2928900,0.0,0.0
2025-12-15 00:00:00-05:00,6.889999866485596,6.920000076293945,6.78000020980835,6.820000171661377,1829200,0.0,0.0
2025-12-16 00:00:00-05:00,6.869999885559082,7.019999980926514,6.75,6.789999961853027,2035300,0.0,0.0
2025-12-17 00:00:00-05:00,6.730000019073486,6.929999828338623,6.675000190734863,6.699999809265137,1637600,0.0,0.0
2025-12-18 00:00:00-05:00,6.840000152587891,6.980000019073486,6.769999980926514,6.789999961853027,1594600,0.0,0.0
2025-12-19 00:00:00-05:00,6.840000152587891,6.860000133514404,6.679999828338623,6.78000020980835,2993900,0.0,0.0
2025-12-22 00:00:00-05:00,6.78000020980835,6.934999942779541,6.755000114440918,6.820000171661377,1833400,0.0,0.0
2025-12-23 00:00:00-05:00,6.789999961853027,6.880000114440918,6.703999996185303,6.710000038146973,1178200,0.0,0.0
2025-12-24 00:00:00-05:00,6.739999771118164,6.769999980926514,6.670000076293945,6.739999771118164,514700,0.0,0.0
2025-12-26 00:00:00-05:00,6.71999979019165,6.775000095367432,6.664999961853027,6.769999980926514,1243900,0.0,0.0
2025-12-29 00:00:00-05:00,6.739999771118164,6.764999866485596,6.639999866485596,6.659999847412109,908800,0.0,0.0
2025-12-30 00:00:00-05:00,6.639999866485596,6.704999923706055,6.590000152587891,6.590000152587891,934600,0.0,0.0
2025-12-31 00:00:00-05:00,6.590000152587891,6.644999980926514,6.519999980926514,6.539999961853027,1196200,0.0,0.0
2026-01-02 00:00:00-05:00,6.599999904632568,6.684999942779541,6.514999866485596,6.650000095367432,1186400,0.0,0.0
2026-01-05 00:00:00-05:00,6.670000076293945,6.954999923706055,6.670000076293945,6.710000038146973,1263800,0.0,0.0
2026-01-06 00:00:00-05:00,6.690000057220459,6.945000171661377,6.650000095367432,6.909999847412109,1252400,0.0,0.0
2026-01-07 00:00:00-05:00,6.96999979019165,7.039999961853027,6.760000228881836,6.789999961853027,978500,0.0,0.0
2026-01-08 00:00:00-05:00,6.71999979019165,7.110000133514404,6.71999979019165,6.96999979019165,3048600,0.0,0.0
2026-01-09 00:00:00-05:00,7.070000171661377,7.190000057220459,6.96999979019165,7.070000171661377,1836300,0.0,0.0
2026-01-12 00:00:00-05:00,7.019999980926514,7.175000190734863,7.010000228881836,7.130000114440918,1301700,0.0,0.0
2026-01-13 00:00:00-05:00,7.150000095367432,7.179999828338623,6.909999847412109,6.909999847412109,1115800,0.0,0.0
2026-01-14 00:00:00-05:00,6.929999828338623,7.039999961853027,6.824999809265137,6.889999866485596,783400,0.0,0.0
2026-01-15 00:00:00-05:00,6.909999847412109,7.090000152587891,6.864999771118164,7.090000152587891,1216500,0.0,0.0
2026-01-16 00:00:00-05:00,7.070000171661377,7.25,6.985000133514404,7.170000076293945,1503300,0.0,0.0
2026-01-20 00:00:00-05:00,6.980000019073486,7.070000171661377,6.849999904632568,6.860000133514404,946500,0.0,0.0
2026-01-21 00:00:00-05:00,6.920000076293945,7.114999771118164,6.855000019073486,7.110000133514404,823200,0.0,0.0
2026-01-22 00:00:00-05:00,7.179999828338623,7.28000020980835,7.085000038146973,7.159999847412109,641700,0.0,0.0
2026-01-23 00:00:00-05:00,7.150000095367432,7.150000095367432,6.954999923706055,7.03000020980835,588000,0.0,0.0
2026-01-26 00:00:00-05:00,7.019999980926514,7.025000095367432,6.900000095367432,6.960000038146973,846300,0.0,0.0
2026-01-27 00:00:00-05:00,6.940000057220459,6.949999809265137,6.800000190734863,6.889999866485596,534600,0.0,0.0
2026-01-28 00:00:00-05:00,6.900000095367432,6.980000019073486,6.789999961853027,6.849999904632568,839600,0.0,0.0
2026-01-29 00:00:00-05:00,6.869999885559082,6.914999961853027,6.735000133514404,6.880000114440918,737000,0.0,0.0
2026-01-30 00:00:00-05:00,6.829999923706055,6.885000228881836,6.704999923706055,6.860000133514404,1023900,0.0,0.0
2026-02-02 00:00:00-05:00,6.860000133514404,7.090000152587891,6.789999961853027,6.989999771118164,881600,0.0,0.0
2026-02-03 00:00:00-05:00,6.960000038146973,7.099999904632568,6.565000057220459,6.75,1724600,0.0,0.0
2026-02-04 00:00:00-05:00,6.75,7.010000228881836,6.730000019073486,6.940000057220459,2912400,0.0,0.0
2026-02-05 00:00:00-05:00,6.980000019073486,6.980000019073486,6.78000020980835,6.909999847412109,1054500,0.0,0.0
2026-02-06 00:00:00-05:00,6.989999771118164,7.340000152587891,6.989999771118164,7.269999980926514,1080600,0.0,0.0
2026-02-09 00:00:00-05:00,7.25,7.269999980926514,7.099999904632568,7.179999828338623,913600,0.0,0.0
2026-02-10 00:00:00-05:00,7.260000228881836,7.445000171661377,7.244999885559082,7.380000114440918,828200,0.0,0.0
2026-02-11 00:00:00-05:00,7.460000038146973,7.460000038146973,7.175000190734863,7.369999885559082,891100,0.0,0.0
2026-02-12 00:00:00-05:00,7.409999847412109,7.480000019073486,7.034999847412109,7.110000133514404,1019000,0.0,0.0
2026-02-13 00:00:00-05:00,7.119999885559082,7.184999942779541,7.03000020980835,7.099999904632568,734900,0.0,0.0
2026-02-17 00:00:00-05:00,7.110000133514404,7.173999786376953,6.909999847412109,7.050000190734863,1109100,0.0,0.0
2026-02-18 00:00:00-05:00,7.019999980926514,7.255000114440918,6.980000019073486,7.059999942779541,814100,0.0,0.0
2026-02-19 00:00:00-05:00,6.980000019073486,7.119999885559082,6.960000038146973,7.079999923706055,1021200,0.0,0.0
2026-02-20 00:00:00-05:00,7.079999923706055,7.284999847412109,6.994999885559082,7.210000038146973,866100,0.0,0.0
2026-02-23 00:00:00-05:00,7.190000057220459,7.190000057220459,6.889999866485596,6.909999847412109,995400,0.0,0.0
2026-02-24 00:00:00-05:00,6.929999828338623,7.039999961853027,6.90500020980835,6.96999979019165,686300,0.0,0.0
2026-02-25 00:00:00-05:00,7.010000228881836,7.039999961853027,6.815000057220459,7.010000228881836,1059800,0.0,0.0
2026-02-26 00:00:00-05:00,7.019999980926514,7.125,6.855000019073486,7.110000133514404,881400,0.0,0.0
2026-02-27 00:00:00-05:00,6.949999809265137,7.039999961853027,6.849999904632568,6.960000038146973,931900,0.0,0.0
2026-03-02 00:00:00-05:00,6.75,6.835000038146973,6.650000095367432,6.820000171661377,802400,0.0,0.0
2026-03-03 00:00:00-05:00,6.550000190734863,6.659999847412109,6.465000152587891,6.630000114440918,837800,0.0,0.0
2026-03-04 00:00:00-05:00,6.71999979019165,6.929999828338623,6.550000190734863,6.809999942779541,1300000,0.0,0.0
2026-03-05 00:00:00-05:00,6.429999828338623,6.5,5.605000019073486,5.829999923706055,4117100,0.0,0.0
2026-03-06 00:00:00-05:00,5.71999979019165,5.775000095367432,5.260000228881836,5.289999961853027,2968700,0.0,0.0
2026-03-09 00:00:00-04:00,5.139999866485596,5.389999866485596,4.940000057220459,5.389999866485596,4932200,0.0,0.0
2026-03-10 00:00:00-04:00,5.380000114440918,5.699999809265137,5.360000133514404,5.579999923706055,2563800,0.0,0.0
2026-03-11 00:00:00-04:00,5.590000152587891,5.664999961853027,5.525000095367432,5.559999942779541,2769600,0.0,0.0
2026-03-12 00:00:00-04:00,5.389999866485596,5.514999866485596,5.195000171661377,5.230000019073486,3536910,0.0,0.0
