Date,Open,High,Low,Close,Volume,Dividends,Stock Splits
2022-01-03 00:00:00-05:00,92.37999725341797,95.43000030517578,90.55999755859375,95.08000183105469,2701100,0.0,0.0
2022-01-04 00:00:00-05:00,95.62999725341797,95.70999908447266,88.36000061035156,91.47000122070312,4367100,0.0,0.0
2022-01-05 00:00:00-05:00,90.75,92.05999755859375,84.06999969482422,84.31999969482422,4274800,0.0,0.0
2022-01-06 00:00:00-05:00,84.41000366210938,87.01000213623047,80.38999938964844,81.76000213623047,4757800,0.0,0.0
2022-01-07 00:00:00-05:00,81.5999984741211,85.9800033569336,81.43000030517578,82.18000030517578,3872500,0.0,0.0
2022-01-10 00:00:00-05:00,81.75,82.36000061035156,76.13999938964844,82.18000030517578,5678000,0.0,0.0
2022-01-11 00:00:00-05:00,82.36000061035156,88.11000061035156,80.77999877929688,86.31999969482422,3723200,0.0,0.0
2022-01-12 00:00:00-05:00,85.68000030517578,87.80000305175781,81.44999694824219,81.87999725341797,3924800,0.0,0.0
2022-01-13 00:00:00-05:00,82.4000015258789,82.4000015258789,78.36000061035156,78.5,3739700,0.0,0.0
2022-01-14 00:00:00-05:00,77.5,80.56999969482422,76.80000305175781,79.56999969482422,4578700,0.0,0.0
2022-01-18 00:00:00-05:00,78.25,79.58999633789062,75.27999877929688,75.69999694824219,3577800,0.0,0.0
2022-01-19 00:00:00-05:00,76.01000213623047,79.80000305175781,75.05999755859375,75.51000213623047,4640600,0.0,0.0
2022-01-20 00:00:00-05:00,77.0199966430664,82.98999786376953,75.63099670410156,76.19000244140625,4987000,0.0,0.0
2022-01-21 00:00:00-05:00,75.19000244140625,77.68699645996094,72.51000213623047,72.9000015258789,5521500,0.0,0.0
2022-01-24 00:00:00-05:00,69.69999694824219,75.62000274658203,66.93000030517578,75.16000366210938,6916500,0.0,0.0
2022-01-25 00:00:00-05:00,72.01000213623047,75.29000091552734,70.3499984741211,72.02999877929688,3914100,0.0,0.0
2022-01-26 00:00:00-05:00,74.44999694824219,76.22000122070312,68.51000213623047,69.58000183105469,4802000,0.0,0.0
2022-01-27 00:00:00-05:00,70.70999908447266,72.38500213623047,66.83000183105469,67.44000244140625,3280900,0.0,0.0
2022-01-28 00:00:00-05:00,67.80000305175781,72.1500015258789,66.5,70.4000015258789,3942000,0.0,0.0
2022-01-31 00:00:00-05:00,71.70999908447266,77.05999755859375,71.31999969482422,76.70999908447266,4939500,0.0,0.0
2022-02-01 00:00:00-05:00,78.66999816894531,80.80999755859375,75.0999984741211,80.33999633789062,3908400,0.0,0.0
2022-02-02 00:00:00-05:00,80.76000213623047,80.83000183105469,74.62999725341797,76.88999938964844,3444700,0.0,0.0
2022-02-03 00:00:00-05:00,74.30000305175781,76.48999786376953,72.26000213623047,72.86000061035156,3473500,0.0,0.0
2022-02-04 00:00:00-05:00,73.56999969482422,75.52999877929688,71.63999938964844,74.55000305175781,3379400,0.0,0.0
2022-02-07 00:00:00-05:00,74.0,78.00399780273438,73.5999984741211,74.52999877929688,2109800,0.0,0.0
2022-02-08 00:00:00-05:00,73.26000213623047,73.26000213623047,68.41000366210938,69.94999694824219,6804800,0.0,0.0
2022-02-09 00:00:00-05:00,70.88999938964844,76.38500213623047,70.7699966430664,75.88999938964844,4497400,0.0,0.0
2022-02-10 00:00:00-05:00,73.22000122070312,78.1500015258789,72.7699966430664,73.41000366210938,2975200,0.0,0.0
2022-02-11 00:00:00-05:00,76.13999938964844,78.31999969482422,71.69999694824219,72.83000183105469,4234300,0.0,0.0
2022-02-14 00:00:00-05:00,71.70999908447266,74.44999694824219,70.0199966430664,70.83999633789062,3941800,0.0,0.0
2022-02-15 00:00:00-05:00,72.44000244140625,75.13999938964844,72.08999633789062,74.93000030517578,3314000,0.0,0.0
2022-02-16 00:00:00-05:00,73.80000305175781,75.0,73.0,73.7699966430664,2860700,0.0,0.0
2022-02-17 00:00:00-05:00,73.08000183105469,73.63999938964844,70.08000183105469,70.48999786376953,3229300,0.0,0.0
2022-02-18 00:00:00-05:00,70.37000274658203,70.54000091552734,64.91999816894531,65.0,5976900,0.0,0.0
2022-02-22 00:00:00-05:00,63.66999816894531,68.47000122070312,63.249000549316406,65.30000305175781,7972600,0.0,0.0
2022-02-23 00:00:00-05:00,64.13999938964844,69.13999938964844,60.58000183105469,61.459999084472656,12212900,0.0,0.0
2022-02-24 00:00:00-05:00,59.209999084472656,69.23999786376953,58.05500030517578,68.94000244140625,7304600,0.0,0.0
2022-02-25 00:00:00-05:00,68.80000305175781,71.5,67.30000305175781,70.73999786376953,4670100,0.0,0.0
2022-02-28 00:00:00-05:00,79.61000061035156,79.9000015258789,73.41999816894531,75.91000366210938,19878000,0.0,0.0
2022-03-01 00:00:00-05:00,76.0,77.2699966430664,72.87999725341797,74.20999908447266,4974400,0.0,0.0
2022-03-02 00:00:00-05:00,74.0,74.27999877929688,70.20999908447266,72.48999786376953,4468200,0.0,0.0
2022-03-03 00:00:00-05:00,73.54000091552734,73.87000274658203,68.36000061035156,69.16999816894531,3377200,0.0,0.0
2022-03-04 00:00:00-05:00,69.36000061035156,70.69000244140625,66.26000213623047,66.77999877929688,3639900,0.0,0.0
2022-03-07 00:00:00-05:00,66.91000366210938,69.58000183105469,63.45000076293945,63.70000076293945,3678200,0.0,0.0
2022-03-08 00:00:00-05:00,63.209999084472656,66.29000091552734,61.060001373291016,63.54999923706055,3575200,0.0,0.0
2022-03-09 00:00:00-05:00,64.58999633789062,68.08000183105469,64.45999908447266,66.2699966430664,3881800,0.0,0.0
2022-03-10 00:00:00-05:00,65.0,65.05000305175781,59.599998474121094,60.2400016784668,5321800,0.0,0.0
2022-03-11 00:00:00-05:00,61.02000045776367,61.34000015258789,54.41999816894531,54.61000061035156,6646000,0.0,0.0
2022-03-14 00:00:00-04:00,53.709999084472656,54.689998626708984,50.08000183105469,50.790000915527344,6821100,0.0,0.0
2022-03-15 00:00:00-04:00,50.5,54.880001068115234,50.5,54.529998779296875,5153200,0.0,0.0
2022-03-16 00:00:00-04:00,55.09000015258789,60.790000915527344,55.04999923706055,60.72999954223633,5768700,0.0,0.0
2022-03-17 00:00:00-04:00,59.7599983215332,64.27999877929688,58.564998626708984,63.939998626708984,4256900,0.0,0.0
2022-03-18 00:00:00-04:00,63.08000183105469,69.08999633789062,62.709999084472656,68.95999908447266,6126000,0.0,0.0
2022-03-21 00:00:00-04:00,67.20999908447266,68.2699966430664,64.63999938964844,66.69000244140625,4525800,0.0,0.0
2022-03-22 00:00:00-04:00,65.55000305175781,70.87000274658203,65.55000305175781,69.87999725341797,3327200,0.0,0.0
2022-03-23 00:00:00-04:00,68.98999786376953,71.38400268554688,66.71499633789062,69.22000122070312,3030000,0.0,0.0
2022-03-24 00:00:00-04:00,69.58000183105469,69.80000305175781,65.83000183105469,69.38999938964844,2440800,0.0,0.0
2022-03-25 00:00:00-04:00,69.16000366210938,69.95999908447266,65.26000213623047,66.70999908447266,2504700,0.0,0.0
2022-03-28 00:00:00-04:00,67.61000061035156,70.4000015258789,66.52999877929688,69.81999969482422,2580500,0.0,0.0
2022-03-29 00:00:00-04:00,71.41999816894531,77.01000213623047,71.41999816894531,76.16999816894531,5423300,0.0,0.0
2022-03-30 00:00:00-04:00,75.3499984741211,76.87899780273438,72.16000366210938,73.06999969482422,3067300,0.0,0.0
2022-03-31 00:00:00-04:00,73.0999984741211,73.69000244140625,71.5199966430664,72.12999725341797,2309900,0.0,0.0
2022-04-01 00:00:00-04:00,72.8499984741211,75.43000030517578,72.4000015258789,73.7699966430664,2221700,0.0,0.0
2022-04-04 00:00:00-04:00,74.5,77.5,74.20800018310547,75.86000061035156,3231800,0.0,0.0
2022-04-05 00:00:00-04:00,76.5199966430664,76.83999633789062,70.96499633789062,71.22000122070312,2893300,0.0,0.0
2022-04-06 00:00:00-04:00,69.5199966430664,69.5199966430664,65.69999694824219,67.69999694824219,3945200,0.0,0.0
2022-04-07 00:00:00-04:00,67.87999725341797,71.02999877929688,65.95999908447266,68.79000091552734,3320200,0.0,0.0
2022-04-08 00:00:00-04:00,68.05999755859375,68.87999725341797,65.80999755859375,66.05999755859375,2528300,0.0,0.0
2022-04-11 00:00:00-04:00,64.94000244140625,66.98999786376953,62.84000015258789,65.80999755859375,2653400,0.0,0.0
2022-04-12 00:00:00-04:00,67.79000091552734,71.0199966430664,66.08000183105469,66.7699966430664,3498600,0.0,0.0
2022-04-13 00:00:00-04:00,66.66999816894531,69.70999908447266,65.3550033569336,68.79000091552734,2332100,0.0,0.0
2022-04-14 00:00:00-04:00,69.16999816894531,69.16999816894531,64.77999877929688,65.18000030517578,2832200,0.0,0.0
2022-04-18 00:00:00-04:00,64.93000030517578,65.0999984741211,60.75,62.0099983215332,3353800,0.0,0.0
2022-04-19 00:00:00-04:00,61.36000061035156,65.97000122070312,61.2599983215332,64.62000274658203,2455700,0.0,0.0
2022-04-20 00:00:00-04:00,63.939998626708984,64.44999694824219,61.459999084472656,61.689998626708984,2972400,0.0,0.0
2022-04-21 00:00:00-04:00,63.130001068115234,64.98999786376953,58.439998626708984,59.04999923706055,3990300,0.0,0.0
2022-04-22 00:00:00-04:00,59.5099983215332,61.20000076293945,57.33000183105469,58.25,2716400,0.0,0.0
2022-04-25 00:00:00-04:00,57.939998626708984,60.880001068115234,57.0,60.560001373291016,3218800,0.0,0.0
2022-04-26 00:00:00-04:00,59.91999816894531,60.56999969482422,57.75,57.77000045776367,2541100,0.0,0.0
2022-04-27 00:00:00-04:00,57.2400016784668,59.685001373291016,55.81999969482422,55.9900016784668,10468800,0.0,0.0
2022-04-28 00:00:00-04:00,31.559999465942383,34.400001525878906,28.75,33.5099983215332,87443900,0.0,0.0
2022-04-29 00:00:00-04:00,32.310001373291016,35.849998474121094,32.27000045776367,33.7599983215332,33765300,0.0,0.0
2022-05-02 00:00:00-04:00,33.52000045776367,37.40999984741211,33.0099983215332,37.13999938964844,23166600,0.0,0.0
2022-05-03 00:00:00-04:00,36.540000915527344,39.880001068115234,36.5,38.31999969482422,19268900,0.0,0.0
2022-05-04 00:00:00-04:00,37.77000045776367,39.849998474121094,35.25,39.459999084472656,15628600,0.0,0.0
2022-05-05 00:00:00-04:00,38.2400016784668,38.66999816894531,35.22999954223633,35.599998474121094,12469900,0.0,0.0
2022-05-06 00:00:00-04:00,36.0,36.130001068115234,32.150001525878906,33.45000076293945,13406100,0.0,0.0
2022-05-09 00:00:00-04:00,33.08000183105469,33.45000076293945,30.191999435424805,30.520000457763672,12477800,0.0,0.0
2022-05-10 00:00:00-04:00,31.31999969482422,32.290000915527344,27.799999237060547,29.770000457763672,15257400,0.0,0.0
2022-05-11 00:00:00-04:00,29.84000015258789,31.1299991607666,28.559999465942383,28.68000030517578,10419600,0.0,0.0
2022-05-12 00:00:00-04:00,28.190000534057617,31.649999618530273,27.3799991607666,30.690000534057617,11365000,0.0,0.0
2022-05-13 00:00:00-04:00,31.450000762939453,33.970001220703125,31.350000381469727,33.59000015258789,10457800,0.0,0.0
2022-05-16 00:00:00-04:00,33.2599983215332,34.209999084472656,31.579999923706055,31.729999542236328,5722600,0.0,0.0
2022-05-17 00:00:00-04:00,32.209999084472656,33.22999954223633,30.889999389648438,32.849998474121094,5962300,0.0,0.0
2022-05-18 00:00:00-04:00,32.439998626708984,32.939998626708984,30.670000076293945,30.8700008392334,5286600,0.0,0.0
2022-05-19 00:00:00-04:00,31.18000030517578,33.689998626708984,30.559999465942383,32.90999984741211,7015800,0.0,0.0
2022-05-20 00:00:00-04:00,33.189998626708984,33.9900016784668,30.940000534057617,32.7400016784668,5062000,0.0,0.0
2022-05-23 00:00:00-04:00,32.470001220703125,33.382999420166016,31.329999923706055,32.9900016784668,4633400,0.0,0.0
2022-05-24 00:00:00-04:00,32.599998474121094,32.599998474121094,30.399999618530273,30.8700008392334,4567000,0.0,0.0
2022-05-25 00:00:00-04:00,30.950000762939453,32.29999923706055,30.530000686645508,31.65999984741211,4978000,0.0,0.0
2022-05-26 00:00:00-04:00,31.350000381469727,34.16999816894531,31.229999542236328,33.45000076293945,6890300,0.0,0.0
2022-05-27 00:00:00-04:00,34.0,36.09000015258789,33.849998474121094,35.77000045776367,5801300,0.0,0.0
2022-05-31 00:00:00-04:00,35.54999923706055,35.9900016784668,33.33000183105469,34.09000015258789,7997900,0.0,0.0
2022-06-01 00:00:00-04:00,34.36000061035156,35.119998931884766,32.310001373291016,32.619998931884766,4585700,0.0,0.0
2022-06-02 00:00:00-04:00,32.779998779296875,36.63999938964844,32.75,36.029998779296875,6265200,0.0,0.0
2022-06-03 00:00:00-04:00,35.0099983215332,35.79999923706055,33.97999954223633,34.529998779296875,4363600,0.0,0.0
2022-06-06 00:00:00-04:00,34.900001525878906,35.68000030517578,33.70000076293945,34.61000061035156,3408600,0.0,0.0
2022-06-07 00:00:00-04:00,34.11000061035156,35.25,33.41999816894531,34.81999969482422,4715900,0.0,0.0
2022-06-08 00:00:00-04:00,34.790000915527344,36.880001068115234,34.790000915527344,35.439998626708984,4098600,0.0,0.0
2022-06-09 00:00:00-04:00,35.18000030517578,35.439998626708984,33.2400016784668,33.279998779296875,4285100,0.0,0.0
2022-06-10 00:00:00-04:00,32.349998474121094,32.97999954223633,31.15999984741211,31.739999771118164,4363400,0.0,0.0
2022-06-13 00:00:00-04:00,30.030000686645508,30.530000686645508,28.350000381469727,28.6299991607666,8182900,0.0,0.0
2022-06-14 00:00:00-04:00,28.989999771118164,29.579999923706055,27.860000610351562,29.270000457763672,5424400,0.0,0.0
2022-06-15 00:00:00-04:00,29.25,31.75,29.25,30.959999084472656,7725700,0.0,0.0
2022-06-16 00:00:00-04:00,29.299999237060547,29.799999237060547,28.1299991607666,29.09000015258789,6498600,0.0,0.0
2022-06-17 00:00:00-04:00,29.1200008392334,31.299999237060547,29.1200008392334,30.670000076293945,6571000,0.0,0.0
2022-06-21 00:00:00-04:00,31.559999465942383,32.34000015258789,30.8799991607666,31.510000228881836,4009300,0.0,0.0
2022-06-22 00:00:00-04:00,31.139999389648438,34.119998931884766,31.040000915527344,32.77000045776367,6059800,0.0,0.0
2022-06-23 00:00:00-04:00,32.95000076293945,35.970001220703125,32.630001068115234,35.88999938964844,6283800,0.0,0.0
2022-06-24 00:00:00-04:00,36.38999938964844,37.2400016784668,35.41999816894531,37.16999816894531,6708400,0.0,0.0
2022-06-27 00:00:00-04:00,37.29999923706055,38.689998626708984,35.849998474121094,37.459999084472656,5204700,0.0,0.0
2022-06-28 00:00:00-04:00,37.09000015258789,38.279998779296875,34.78499984741211,35.08000183105469,5407900,0.0,0.0
2022-06-29 00:00:00-04:00,34.790000915527344,35.04999923706055,33.810001373291016,34.349998474121094,3629200,0.0,0.0
2022-06-30 00:00:00-04:00,33.939998626708984,34.47999954223633,31.93000030517578,33.209999084472656,5119100,0.0,0.0
2022-07-01 00:00:00-04:00,33.540000915527344,35.56999969482422,33.470001220703125,34.83000183105469,3958400,0.0,0.0
2022-07-05 00:00:00-04:00,34.45000076293945,38.88999938964844,33.540000915527344,38.810001373291016,6160600,0.0,0.0
2022-07-06 00:00:00-04:00,40.04999923706055,41.310001373291016,38.369998931884766,38.810001373291016,9705600,0.0,0.0
2022-07-07 00:00:00-04:00,38.470001220703125,42.36000061035156,38.02000045776367,42.220001220703125,7102600,0.0,0.0
2022-07-08 00:00:00-04:00,41.099998474121094,43.099998474121094,40.58000183105469,41.810001373291016,4863500,0.0,0.0
2022-07-11 00:00:00-04:00,40.91999816894531,41.380001068115234,38.880001068115234,38.93000030517578,3727100,0.0,0.0
2022-07-12 00:00:00-04:00,39.93000030517578,40.650001525878906,37.720001220703125,39.81999969482422,4185600,0.0,0.0
2022-07-13 00:00:00-04:00,38.790000915527344,42.25,38.51100158691406,40.099998474121094,4065900,0.0,0.0
2022-07-14 00:00:00-04:00,39.79999923706055,40.400001525878906,38.5,39.18000030517578,2319100,0.0,0.0
2022-07-15 00:00:00-04:00,39.779998779296875,40.70000076293945,38.720001220703125,40.58000183105469,2685900,0.0,0.0
2022-07-18 00:00:00-04:00,41.119998931884766,41.689998626708984,39.04999923706055,39.5,4026800,0.0,0.0
2022-07-19 00:00:00-04:00,40.04999923706055,41.290000915527344,38.93000030517578,41.150001525878906,3132700,0.0,0.0
2022-07-20 00:00:00-04:00,41.2400016784668,44.65999984741211,41.2400016784668,43.20000076293945,4254100,0.0,0.0
2022-07-21 00:00:00-04:00,39.939998626708984,43.689998626708984,39.4900016784668,43.65999984741211,7270500,0.0,0.0
2022-07-22 00:00:00-04:00,43.779998779296875,44.4900016784668,40.40999984741211,41.18000030517578,4327000,0.0,0.0
2022-07-25 00:00:00-04:00,41.47999954223633,42.720001220703125,40.25,42.08000183105469,4024800,0.0,0.0
2022-07-26 00:00:00-04:00,41.79999923706055,41.79999923706055,39.93000030517578,40.189998626708984,3087700,0.0,0.0
2022-07-27 00:00:00-04:00,41.099998474121094,43.2400016784668,40.4900016784668,43.2400016784668,7382900,0.0,0.0
2022-07-28 00:00:00-04:00,35.279998779296875,36.9119987487793,32.900001525878906,35.599998474121094,26372900,0.0,0.0
2022-07-29 00:00:00-04:00,35.06999969482422,36.86000061035156,34.75,36.849998474121094,9281700,0.0,0.0
2022-08-01 00:00:00-04:00,36.52000045776367,38.68000030517578,36.11000061035156,36.810001373291016,5204300,0.0,0.0
2022-08-02 00:00:00-04:00,35.619998931884766,37.09000015258789,35.16999816894531,36.91999816894531,5526900,0.0,0.0
2022-08-03 00:00:00-04:00,37.54999923706055,39.2400016784668,37.02000045776367,38.5,5270900,0.0,0.0
2022-08-04 00:00:00-04:00,38.81999969482422,39.90999984741211,37.400001525878906,37.459999084472656,5038200,0.0,0.0
2022-08-05 00:00:00-04:00,36.5,37.529998779296875,35.189998626708984,37.47999954223633,4593500,0.0,0.0
2022-08-08 00:00:00-04:00,37.86000061035156,39.83399963378906,36.79999923706055,38.790000915527344,4904000,0.0,0.0
2022-08-09 00:00:00-04:00,38.02000045776367,38.119998931884766,34.83000183105469,35.40999984741211,5450500,0.0,0.0
2022-08-10 00:00:00-04:00,37.2599983215332,38.099998474121094,36.55400085449219,37.790000915527344,3792600,0.0,0.0
2022-08-11 00:00:00-04:00,38.290000915527344,42.689998626708984,37.77000045776367,37.9900016784668,6986400,0.0,0.0
2022-08-12 00:00:00-04:00,39.0,40.650001525878906,38.349998474121094,40.31999969482422,4583500,0.0,0.0
2022-08-15 00:00:00-04:00,40.0099983215332,41.13999938964844,39.52199935913086,40.93000030517578,3033200,0.0,0.0
2022-08-16 00:00:00-04:00,40.70000076293945,40.900001525878906,38.34000015258789,39.45000076293945,4026000,0.0,0.0
2022-08-17 00:00:00-04:00,37.56999969482422,38.470001220703125,35.900001525878906,35.95000076293945,6665200,0.0,0.0
2022-08-18 00:00:00-04:00,35.70000076293945,35.7599983215332,34.290000915527344,35.060001373291016,4380900,0.0,0.0
2022-08-19 00:00:00-04:00,34.09000015258789,34.400001525878906,32.75,32.900001525878906,4560500,0.0,0.0
2022-08-22 00:00:00-04:00,32.130001068115234,32.959999084472656,31.59000015258789,32.709999084472656,3775600,0.0,0.0
2022-08-23 00:00:00-04:00,33.06999969482422,33.810001373291016,32.2599983215332,32.7599983215332,3142700,0.0,0.0
2022-08-24 00:00:00-04:00,33.189998626708984,34.189998626708984,32.54999923706055,33.65999984741211,3077500,0.0,0.0
2022-08-25 00:00:00-04:00,35.0,35.310001373291016,34.0,35.0099983215332,5970600,0.0,0.0
2022-08-26 00:00:00-04:00,34.63999938964844,34.75,32.06999969482422,32.099998474121094,4228000,0.0,0.0
2022-08-29 00:00:00-04:00,31.600000381469727,32.619998931884766,31.070999145507812,31.100000381469727,3487100,0.0,0.0
2022-08-30 00:00:00-04:00,31.290000915527344,32.459999084472656,30.709999084472656,31.110000610351562,4080100,0.0,0.0
2022-08-31 00:00:00-04:00,31.770000457763672,32.25,30.709999084472656,31.059999465942383,3572400,0.0,0.0
2022-09-01 00:00:00-04:00,30.639999389648438,30.860000610351562,29.600000381469727,30.799999237060547,4203500,0.0,0.0
2022-09-02 00:00:00-04:00,31.389999389648438,31.479999542236328,29.850000381469727,30.18000030517578,5208700,0.0,0.0
2022-09-06 00:00:00-04:00,30.290000915527344,30.389999389648438,28.90999984741211,29.030000686645508,4185000,0.0,0.0
2022-09-07 00:00:00-04:00,29.0,30.6200008392334,28.850000381469727,30.600000381469727,3743600,0.0,0.0
2022-09-08 00:00:00-04:00,29.899999618530273,32.439998626708984,29.829999923706055,32.40999984741211,3864600,0.0,0.0
2022-09-09 00:00:00-04:00,32.709999084472656,33.54999923706055,32.5,33.459999084472656,3746000,0.0,0.0
2022-09-12 00:00:00-04:00,33.7599983215332,34.220001220703125,33.06999969482422,34.20000076293945,4464100,0.0,0.0
2022-09-13 00:00:00-04:00,32.20000076293945,32.599998474121094,31.260000228881836,31.309999465942383,5157600,0.0,0.0
2022-09-14 00:00:00-04:00,31.209999084472656,31.81999969482422,30.6200008392334,31.670000076293945,3269400,0.0,0.0
2022-09-15 00:00:00-04:00,31.260000228881836,33.0099983215332,30.850000381469727,31.889999389648438,3717400,0.0,0.0
2022-09-16 00:00:00-04:00,31.020000457763672,31.110000610351562,29.905000686645508,30.489999771118164,6734400,0.0,0.0
2022-09-19 00:00:00-04:00,30.18000030517578,30.360000610351562,29.110000610351562,30.1299991607666,3599800,0.0,0.0
2022-09-20 00:00:00-04:00,29.799999237060547,30.200000762939453,29.350000381469727,29.450000762939453,3297500,0.0,0.0
2022-09-21 00:00:00-04:00,29.579999923706055,30.600000381469727,28.809999465942383,28.84000015258789,3864200,0.0,0.0
2022-09-22 00:00:00-04:00,28.68000030517578,28.68000030517578,27.429000854492188,27.959999084472656,4726400,0.0,0.0
2022-09-23 00:00:00-04:00,27.670000076293945,28.030000686645508,26.229999542236328,26.969999313354492,8114000,0.0,0.0
2022-09-26 00:00:00-04:00,27.06999969482422,27.959999084472656,26.31999969482422,26.420000076293945,4712500,0.0,0.0
2022-09-27 00:00:00-04:00,26.989999771118164,27.5,26.1200008392334,26.6299991607666,4177400,0.0,0.0
2022-09-28 00:00:00-04:00,26.6299991607666,28.549999237060547,26.6299991607666,28.200000762939453,4719200,0.0,0.0
2022-09-29 00:00:00-04:00,27.649999618530273,27.649999618530273,25.950000762939453,26.229999542236328,5319000,0.0,0.0
2022-09-30 00:00:00-04:00,26.219999313354492,27.040000915527344,25.329999923706055,25.350000381469727,4877900,0.0,0.0
2022-10-03 00:00:00-04:00,25.510000228881836,26.200000762939453,24.670000076293945,25.8700008392334,3896400,0.0,0.0
2022-10-04 00:00:00-04:00,26.940000534057617,28.485000610351562,26.700000762939453,28.0,6311300,0.0,0.0
2022-10-05 00:00:00-04:00,27.18000030517578,27.459999084472656,26.020000457763672,27.030000686645508,3810900,0.0,0.0
2022-10-06 00:00:00-04:00,27.040000915527344,27.489999771118164,26.31999969482422,26.809999465942383,2989400,0.0,0.0
2022-10-07 00:00:00-04:00,26.020000457763672,26.110000610351562,24.972999572753906,25.1299991607666,4109000,0.0,0.0
2022-10-10 00:00:00-04:00,25.030000686645508,25.350000381469727,24.360000610351562,24.920000076293945,4604300,0.0,0.0
2022-10-11 00:00:00-04:00,24.809999465942383,25.489999771118164,23.899999618530273,24.709999084472656,4594800,0.0,0.0
2022-10-12 00:00:00-04:00,24.8799991607666,25.15999984741211,24.0,25.030000686645508,3788100,0.0,0.0
2022-10-13 00:00:00-04:00,23.860000610351562,25.299999237060547,23.229999542236328,24.56999969482422,5607900,0.0,0.0
2022-10-14 00:00:00-04:00,25.010000228881836,25.600000381469727,23.079999923706055,23.15999984741211,4264900,0.0,0.0
2022-10-17 00:00:00-04:00,23.81999969482422,24.75,23.700000762939453,24.6299991607666,4460000,0.0,0.0
2022-10-18 00:00:00-04:00,26.0,26.440000534057617,24.780000686645508,25.450000762939453,5385100,0.0,0.0
2022-10-19 00:00:00-04:00,25.309999465942383,25.709999084472656,24.204999923706055,24.25,3804100,0.0,0.0
2022-10-20 00:00:00-04:00,24.09000015258789,24.920000076293945,23.760000228881836,23.920000076293945,4853300,0.0,0.0
2022-10-21 00:00:00-04:00,23.790000915527344,24.18000030517578,23.100000381469727,24.030000686645508,4201000,0.0,0.0
2022-10-24 00:00:00-04:00,24.329999923706055,24.850000381469727,23.6299991607666,24.6299991607666,5132300,0.0,0.0
2022-10-25 00:00:00-04:00,24.860000610351562,27.075000762939453,24.799999237060547,26.75,5703100,0.0,0.0
2022-10-26 00:00:00-04:00,26.639999389648438,28.25,26.378000259399414,26.739999771118164,7035700,0.0,0.0
2022-10-27 00:00:00-04:00,30.31999969482422,30.704999923706055,28.0,28.469999313354492,11781900,0.0,0.0
2022-10-28 00:00:00-04:00,28.149999618530273,29.716999053955078,28.010000228881836,29.549999237060547,5829600,0.0,0.0
2022-10-31 00:00:00-04:00,29.479999542236328,30.219999313354492,28.954999923706055,29.639999389648438,4991500,0.0,0.0
2022-11-01 00:00:00-04:00,30.100000381469727,30.719999313354492,28.84000015258789,28.8799991607666,3711000,0.0,0.0
2022-11-02 00:00:00-04:00,28.850000381469727,30.149999618530273,28.040000915527344,28.040000915527344,5029700,0.0,0.0
2022-11-03 00:00:00-04:00,27.260000228881836,28.219999313354492,26.729999542236328,27.719999313354492,4066000,0.0,0.0
2022-11-04 00:00:00-04:00,28.610000610351562,28.670000076293945,26.649999618530273,27.280000686645508,3645900,0.0,0.0
2022-11-07 00:00:00-05:00,27.510000228881836,27.940000534057617,26.399999618530273,27.15999984741211,3636300,0.0,0.0
2022-11-08 00:00:00-05:00,27.25,28.329999923706055,26.690000534057617,27.25,3784900,0.0,0.0
2022-11-09 00:00:00-05:00,26.850000381469727,27.32900047302246,26.59000015258789,26.760000228881836,4176800,0.0,0.0
2022-11-10 00:00:00-05:00,29.1299991607666,30.989999771118164,28.700000762939453,30.979999542236328,6872000,0.0,0.0
2022-11-11 00:00:00-05:00,30.989999771118164,34.209999084472656,30.709999084472656,33.310001373291016,7251800,0.0,0.0
2022-11-14 00:00:00-05:00,32.86000061035156,33.959999084472656,32.220001220703125,32.29999923706055,5643100,0.0,0.0
2022-11-15 00:00:00-05:00,33.77000045776367,34.72999954223633,32.5099983215332,32.66999816894531,4881600,0.0,0.0
2022-11-16 00:00:00-05:00,32.040000915527344,32.310001373291016,30.350000381469727,31.06999969482422,4021200,0.0,0.0
2022-11-17 00:00:00-05:00,30.139999389648438,30.5,29.520000457763672,29.959999084472656,2630800,0.0,0.0
2022-11-18 00:00:00-05:00,30.600000381469727,30.889999389648438,28.332000732421875,28.790000915527344,3314700,0.0,0.0
2022-11-21 00:00:00-05:00,28.309999465942383,28.579999923706055,27.31999969482422,27.899999618530273,3605200,0.0,0.0
2022-11-22 00:00:00-05:00,27.790000915527344,27.8799991607666,26.889999389648438,27.81999969482422,2834300,0.0,0.0
2022-11-23 00:00:00-05:00,28.040000915527344,28.809999465942383,27.739999771118164,28.56999969482422,2555900,0.0,0.0
2022-11-25 00:00:00-05:00,28.15999984741211,28.15999984741211,27.559999465942383,27.600000381469727,2030000,0.0,0.0
2022-11-28 00:00:00-05:00,27.299999237060547,27.549999237060547,26.309999465942383,26.489999771118164,4045600,0.0,0.0
2022-11-29 00:00:00-05:00,26.649999618530273,27.719999313354492,26.350000381469727,27.1299991607666,4427400,0.0,0.0
2022-11-30 00:00:00-05:00,27.09000015258789,28.600000381469727,26.520000457763672,28.510000228881836,15095300,0.0,0.0
2022-12-01 00:00:00-05:00,28.719999313354492,29.309999465942383,27.899999618530273,29.0,3284500,0.0,0.0
2022-12-02 00:00:00-05:00,28.25,29.229999542236328,27.639999389648438,29.200000762939453,4168000,0.0,0.0
2022-12-05 00:00:00-05:00,28.889999389648438,29.229999542236328,26.954999923706055,27.079999923706055,3941700,0.0,0.0
2022-12-06 00:00:00-05:00,27.0,27.0,25.540000915527344,26.040000915527344,5062200,0.0,0.0
2022-12-07 00:00:00-05:00,26.100000381469727,26.559999465942383,25.510000228881836,25.899999618530273,3611800,0.0,0.0
2022-12-08 00:00:00-05:00,26.09000015258789,27.110000610351562,25.459999084472656,27.09000015258789,3838500,0.0,0.0
2022-12-09 00:00:00-05:00,27.200000762939453,27.729999542236328,27.1299991607666,27.219999313354492,2648700,0.0,0.0
2022-12-12 00:00:00-05:00,27.200000762939453,28.010000228881836,26.899999618530273,28.0,3081600,0.0,0.0
2022-12-13 00:00:00-05:00,29.84000015258789,30.329999923706055,27.3700008392334,28.18000030517578,4680200,0.0,0.0
2022-12-14 00:00:00-05:00,28.25,29.139999389648438,27.75,28.3799991607666,3500700,0.0,0.0
2022-12-15 00:00:00-05:00,27.59000015258789,27.8700008392334,26.815000534057617,26.959999084472656,3034400,0.0,0.0
2022-12-16 00:00:00-05:00,26.540000915527344,27.09000015258789,26.229999542236328,27.020000457763672,3628900,0.0,0.0
2022-12-19 00:00:00-05:00,26.93000030517578,26.93000030517578,25.760000228881836,25.809999465942383,3599700,0.0,0.0
2022-12-20 00:00:00-05:00,25.68000030517578,26.649999618530273,25.540000915527344,25.84000015258789,3437200,0.0,0.0
2022-12-21 00:00:00-05:00,26.0,26.808000564575195,25.889999389648438,26.469999313354492,2365200,0.0,0.0
2022-12-22 00:00:00-05:00,25.969999313354492,25.989999771118164,23.2549991607666,24.209999084472656,8198400,0.0,0.0
2022-12-23 00:00:00-05:00,24.1299991607666,24.459999084472656,23.43000030517578,23.530000686645508,4279700,0.0,0.0
2022-12-27 00:00:00-05:00,23.170000076293945,23.684999465942383,22.760000228881836,22.829999923706055,5557800,0.0,0.0
2022-12-28 00:00:00-05:00,22.719999313354492,23.150999069213867,22.350000381469727,22.93000030517578,4189300,0.0,0.0
2022-12-29 00:00:00-05:00,23.299999237060547,24.25,23.040000915527344,23.850000381469727,4204000,0.0,0.0
2022-12-30 00:00:00-05:00,23.3799991607666,23.739999771118164,23.0049991607666,23.649999618530273,3250300,0.0,0.0
2023-01-03 00:00:00-05:00,24.450000762939453,24.725000381469727,22.479999542236328,22.579999923706055,5492600,0.0,0.0
2023-01-04 00:00:00-05:00,22.989999771118164,23.65999984741211,22.6299991607666,23.34000015258789,4758700,0.0,0.0
2023-01-05 00:00:00-05:00,22.899999618530273,22.979999542236328,22.31999969482422,22.450000762939453,4192500,0.0,0.0
2023-01-06 00:00:00-05:00,22.350000381469727,22.610000610351562,21.600000381469727,22.290000915527344,5079000,0.0,0.0
2023-01-09 00:00:00-05:00,23.709999084472656,24.399999618530273,23.139999389648438,23.209999084472656,7678300,0.0,0.0
2023-01-10 00:00:00-05:00,22.899999618530273,23.950000762939453,22.889999389648438,23.8700008392334,3191500,0.0,0.0
2023-01-11 00:00:00-05:00,24.0,25.40999984741211,23.950000762939453,25.290000915527344,4613100,0.0,0.0
2023-01-12 00:00:00-05:00,25.489999771118164,26.040000915527344,24.610000610351562,26.030000686645508,4094300,0.0,0.0
2023-01-13 00:00:00-05:00,25.559999465942383,26.979999542236328,25.489999771118164,26.920000076293945,3685800,0.0,0.0
2023-01-17 00:00:00-05:00,26.799999237060547,28.309999465942383,26.219999313354492,28.219999313354492,3854300,0.0,0.0
2023-01-18 00:00:00-05:00,28.479999542236328,28.75,26.360000610351562,26.360000610351562,6347000,0.0,0.0
2023-01-19 00:00:00-05:00,25.239999771118164,25.969999313354492,24.43000030517578,24.93000030517578,5863700,0.0,0.0
2023-01-20 00:00:00-05:00,25.3700008392334,26.2450008392334,24.8700008392334,26.18000030517578,3628900,0.0,0.0
2023-01-23 00:00:00-05:00,26.3700008392334,27.84000015258789,25.969999313354492,27.65999984741211,4135800,0.0,0.0
2023-01-24 00:00:00-05:00,29.8799991607666,29.8799991607666,27.104999542236328,27.200000762939453,3309200,0.0,0.0
2023-01-25 00:00:00-05:00,26.399999618530273,27.06999969482422,25.770000457763672,27.06999969482422,3001900,0.0,0.0
2023-01-26 00:00:00-05:00,27.709999084472656,28.0,26.950000762939453,27.68000030517578,2779300,0.0,0.0
2023-01-27 00:00:00-05:00,27.520000457763672,29.579999923706055,27.489999771118164,29.469999313354492,4752100,0.0,0.0
2023-01-30 00:00:00-05:00,28.809999465942383,29.510000228881836,27.799999237060547,27.850000381469727,4595300,0.0,0.0
2023-01-31 00:00:00-05:00,28.020000457763672,29.420000076293945,27.920000076293945,29.399999618530273,3440500,0.0,0.0
2023-02-01 00:00:00-05:00,29.5,31.100000381469727,28.739999771118164,30.739999771118164,4317700,0.0,0.0
2023-02-02 00:00:00-05:00,32.20000076293945,34.36000061035156,32.20000076293945,33.20000076293945,7826800,0.0,0.0
2023-02-03 00:00:00-05:00,31.954999923706055,33.20000076293945,31.25,31.43000030517578,4414300,0.0,0.0
2023-02-06 00:00:00-05:00,30.6299991607666,31.09000015258789,29.93000030517578,30.309999465942383,4196300,0.0,0.0
2023-02-07 00:00:00-05:00,30.68000030517578,32.1349983215332,30.43000030517578,31.760000228881836,4094700,0.0,0.0
2023-02-08 00:00:00-05:00,31.459999084472656,32.22999954223633,31.100000381469727,31.110000610351562,2342300,0.0,0.0
2023-02-09 00:00:00-05:00,31.489999771118164,31.969999313354492,30.360000610351562,30.56999969482422,4213200,0.0,0.0
2023-02-10 00:00:00-05:00,30.030000686645508,30.200000762939453,28.93000030517578,29.299999237060547,3205700,0.0,0.0
2023-02-13 00:00:00-05:00,29.139999389648438,30.309999465942383,28.850000381469727,30.09000015258789,2563200,0.0,0.0
2023-02-14 00:00:00-05:00,29.639999389648438,30.670000076293945,29.049999237060547,30.43000030517578,2497400,0.0,0.0
2023-02-15 00:00:00-05:00,30.600000381469727,32.0,30.260000228881836,31.969999313354492,3346000,0.0,0.0
2023-02-16 00:00:00-05:00,30.829999923706055,31.959999084472656,30.0,30.420000076293945,4936000,0.0,0.0
2023-02-17 00:00:00-05:00,30.209999084472656,30.25,29.149999618530273,30.06999969482422,3778200,0.0,0.0
2023-02-21 00:00:00-05:00,29.1299991607666,29.510000228881836,28.385000228881836,28.540000915527344,4024200,0.0,0.0
2023-02-22 00:00:00-05:00,28.639999389648438,29.739999771118164,28.479999542236328,29.43000030517578,6899900,0.0,0.0
2023-02-23 00:00:00-05:00,28.510000228881836,28.510000228881836,25.10099983215332,27.43000030517578,15248100,0.0,0.0
2023-02-24 00:00:00-05:00,26.899999618530273,27.56999969482422,26.59000015258789,27.040000915527344,5420800,0.0,0.0
2023-02-27 00:00:00-05:00,27.360000610351562,27.360000610351562,25.860000610351562,27.0,4810600,0.0,0.0
2023-02-28 00:00:00-05:00,26.989999771118164,27.190000534057617,26.375,26.489999771118164,4156000,0.0,0.0
2023-03-01 00:00:00-05:00,26.489999771118164,27.030000686645508,25.8700008392334,25.8799991607666,3440400,0.0,0.0
2023-03-02 00:00:00-05:00,25.399999618530273,25.709999084472656,24.920000076293945,25.440000534057617,4436200,0.0,0.0
2023-03-03 00:00:00-05:00,25.540000915527344,26.9950008392334,25.440000534057617,26.8799991607666,3585500,0.0,0.0
2023-03-06 00:00:00-05:00,26.850000381469727,26.93000030517578,25.540000915527344,25.559999465942383,3228700,0.0,0.0
2023-03-07 00:00:00-05:00,25.530000686645508,26.209999084472656,25.350000381469727,25.5,3086500,0.0,0.0
2023-03-08 00:00:00-05:00,25.5,25.530000686645508,24.93000030517578,25.350000381469727,2610100,0.0,0.0
2023-03-09 00:00:00-05:00,25.260000228881836,25.6200008392334,24.059999465942383,24.079999923706055,3210900,0.0,0.0
2023-03-10 00:00:00-05:00,23.979999542236328,24.06999969482422,22.809999465942383,23.530000686645508,5001300,0.0,0.0
2023-03-13 00:00:00-04:00,23.270000457763672,24.709999084472656,22.6299991607666,24.239999771118164,4617700,0.0,0.0
2023-03-14 00:00:00-04:00,25.0,25.229999542236328,24.05500030517578,24.6200008392334,3210100,0.0,0.0
2023-03-15 00:00:00-04:00,24.170000076293945,25.110000610351562,24.059999465942383,25.0,3161100,0.0,0.0
2023-03-16 00:00:00-04:00,25.170000076293945,25.565000534057617,24.540000915527344,25.219999313354492,2899800,0.0,0.0
2023-03-17 00:00:00-04:00,25.1299991607666,25.420000076293945,24.329999923706055,24.56999969482422,3396500,0.0,0.0
2023-03-20 00:00:00-04:00,24.200000762939453,24.5049991607666,23.75,24.3799991607666,3274800,0.0,0.0
2023-03-21 00:00:00-04:00,24.649999618530273,25.764999389648438,24.56999969482422,25.690000534057617,3406400,0.0,0.0
2023-03-22 00:00:00-04:00,25.829999923706055,25.899999618530273,24.450000762939453,24.489999771118164,3175300,0.0,0.0
2023-03-23 00:00:00-04:00,24.690000534057617,25.325000762939453,23.979999542236328,24.229999542236328,3720300,0.0,0.0
2023-03-24 00:00:00-04:00,24.139999389648438,25.1200008392334,24.0,25.059999465942383,2690300,0.0,0.0
2023-03-27 00:00:00-04:00,25.559999465942383,25.579999923706055,24.469999313354492,24.530000686645508,2498200,0.0,0.0
2023-03-28 00:00:00-04:00,24.329999923706055,24.69499969482422,24.110000610351562,24.260000228881836,1942700,0.0,0.0
2023-03-29 00:00:00-04:00,24.709999084472656,25.110000610351562,24.399999618530273,25.030000686645508,2677200,0.0,0.0
2023-03-30 00:00:00-04:00,25.440000534057617,25.56999969482422,24.40999984741211,24.43000030517578,2760600,0.0,0.0
2023-03-31 00:00:00-04:00,24.684999465942383,25.950000762939453,24.600000381469727,25.899999618530273,3362100,0.0,0.0
2023-04-03 00:00:00-04:00,25.690000534057617,26.0,25.309999465942383,25.610000610351562,2887800,0.0,0.0
2023-04-04 00:00:00-04:00,25.950000762939453,26.190000534057617,25.56999969482422,26.1299991607666,2337900,0.0,0.0
2023-04-05 00:00:00-04:00,25.829999923706055,25.961000442504883,25.209999084472656,25.81999969482422,2959800,0.0,0.0
2023-04-06 00:00:00-04:00,25.780000686645508,26.309999465942383,25.5049991607666,25.979999542236328,1987200,0.0,0.0
2023-04-10 00:00:00-04:00,25.559999465942383,25.8799991607666,25.239999771118164,25.709999084472656,1979400,0.0,0.0
2023-04-11 00:00:00-04:00,25.709999084472656,26.450000762939453,25.649999618530273,26.260000228881836,2875000,0.0,0.0
2023-04-12 00:00:00-04:00,26.59000015258789,26.704999923706055,25.239999771118164,25.239999771118164,2799400,0.0,0.0
2023-04-13 00:00:00-04:00,25.5,26.31999969482422,25.489999771118164,26.1200008392334,1589500,0.0,0.0
2023-04-14 00:00:00-04:00,26.049999237060547,26.239999771118164,25.3700008392334,25.59000015258789,1533100,0.0,0.0
2023-04-17 00:00:00-04:00,25.299999237060547,25.889999389648438,25.0,25.8700008392334,1820000,0.0,0.0
2023-04-18 00:00:00-04:00,26.520000457763672,29.34000015258789,26.25,27.34000015258789,24549700,0.0,0.0
2023-04-19 00:00:00-04:00,26.920000076293945,28.280000686645508,26.899999618530273,28.06999969482422,5378700,0.0,0.0
2023-04-20 00:00:00-04:00,27.790000915527344,28.229999542236328,27.219999313354492,27.510000228881836,3575800,0.0,0.0
2023-04-21 00:00:00-04:00,27.8799991607666,28.239999771118164,27.360000610351562,27.790000915527344,2663900,0.0,0.0
2023-04-24 00:00:00-04:00,27.899999618530273,28.704999923706055,27.809999465942383,28.170000076293945,3290500,0.0,0.0
2023-04-25 00:00:00-04:00,27.940000534057617,28.290000915527344,26.450000762939453,26.5,4633100,0.0,0.0
2023-04-26 00:00:00-04:00,26.850000381469727,27.200000762939453,25.700000762939453,25.770000457763672,5832200,0.0,0.0
2023-04-27 00:00:00-04:00,27.780000686645508,28.1299991607666,26.549999237060547,27.40999984741211,9639000,0.0,0.0
2023-04-28 00:00:00-04:00,27.389999389648438,27.389999389648438,26.190000534057617,26.530000686645508,4524300,0.0,0.0
2023-05-01 00:00:00-04:00,26.549999237060547,27.184999465942383,26.350000381469727,27.06999969482422,2785800,0.0,0.0
2023-05-02 00:00:00-04:00,26.799999237060547,26.9950008392334,26.010000228881836,26.030000686645508,3198000,0.0,0.0
2023-05-03 00:00:00-04:00,26.049999237060547,26.610000610351562,25.575000762939453,25.719999313354492,3070900,0.0,0.0
2023-05-04 00:00:00-04:00,25.510000228881836,25.770000457763672,25.1200008392334,25.25,2768000,0.0,0.0
2023-05-05 00:00:00-04:00,25.5,26.25,25.440000534057617,26.149999618530273,2984800,0.0,0.0
2023-05-08 00:00:00-04:00,26.170000076293945,26.229999542236328,25.530000686645508,26.09000015258789,2181100,0.0,0.0
2023-05-09 00:00:00-04:00,25.600000381469727,25.836999893188477,24.920000076293945,25.06999969482422,3874400,0.0,0.0
2023-05-10 00:00:00-04:00,25.510000228881836,25.764999389648438,24.559999465942383,24.770000457763672,3153700,0.0,0.0
2023-05-11 00:00:00-04:00,24.75,24.989999771118164,24.40999984741211,24.850000381469727,2853800,0.0,0.0
2023-05-12 00:00:00-04:00,24.790000915527344,24.889999389648438,23.969999313354492,24.31999969482422,2685400,0.0,0.0
2023-05-15 00:00:00-04:00,24.229999542236328,24.934999465942383,24.100000381469727,24.75,2459000,0.0,0.0
2023-05-16 00:00:00-04:00,24.510000228881836,24.600000381469727,23.8700008392334,23.90999984741211,2298700,0.0,0.0
2023-05-17 00:00:00-04:00,23.809999465942383,24.600000381469727,23.639999389648438,24.3799991607666,2761400,0.0,0.0
2023-05-18 00:00:00-04:00,24.5,24.639999389648438,23.59000015258789,24.1299991607666,3381600,0.0,0.0
2023-05-19 00:00:00-04:00,24.149999618530273,24.274999618530273,23.670000076293945,23.780000686645508,2651000,0.0,0.0
2023-05-22 00:00:00-04:00,23.799999237060547,24.780000686645508,23.719999313354492,24.649999618530273,3012000,0.0,0.0
2023-05-23 00:00:00-04:00,24.450000762939453,25.239999771118164,24.135000228881836,24.170000076293945,3083200,0.0,0.0
2023-05-24 00:00:00-04:00,23.739999771118164,24.049999237060547,23.077999114990234,23.34000015258789,3743000,0.0,0.0
2023-05-25 00:00:00-04:00,23.420000076293945,23.459999084472656,22.559999465942383,22.8799991607666,3751000,0.0,0.0
2023-05-26 00:00:00-04:00,22.8799991607666,23.200000762939453,22.631999969482422,22.68000030517578,2872000,0.0,0.0
2023-05-30 00:00:00-04:00,23.110000610351562,23.3700008392334,22.3700008392334,22.420000076293945,3270500,0.0,0.0
2023-05-31 00:00:00-04:00,22.350000381469727,23.149999618530273,22.31999969482422,23.149999618530273,4406900,0.0,0.0
2023-06-01 00:00:00-04:00,23.0,24.100000381469727,22.719999313354492,23.829999923706055,3760400,0.0,0.0
2023-06-02 00:00:00-04:00,24.3799991607666,24.59000015258789,23.780000686645508,24.479999542236328,3643100,0.0,0.0
2023-06-05 00:00:00-04:00,24.399999618530273,25.219999313354492,24.309999465942383,24.790000915527344,2947200,0.0,0.0
2023-06-06 00:00:00-04:00,24.600000381469727,25.524999618530273,24.469999313354492,25.3799991607666,3194700,0.0,0.0
2023-06-07 00:00:00-04:00,25.799999237060547,26.170000076293945,24.989999771118164,25.059999465942383,3713800,0.0,0.0
2023-06-08 00:00:00-04:00,24.969999313354492,24.989999771118164,24.174999237060547,24.34000015258789,4319400,0.0,0.0
2023-06-09 00:00:00-04:00,24.729999542236328,24.75,23.700000762939453,23.809999465942383,4308500,0.0,0.0
2023-06-12 00:00:00-04:00,24.059999465942383,24.59000015258789,23.790000915527344,24.3799991607666,3306900,0.0,0.0
2023-06-13 00:00:00-04:00,24.84000015258789,25.625,24.509000778198242,25.34000015258789,4481300,0.0,0.0
2023-06-14 00:00:00-04:00,25.459999084472656,25.489999771118164,24.489999771118164,24.90999984741211,4034000,0.0,0.0
2023-06-15 00:00:00-04:00,24.739999771118164,25.329999923706055,24.670000076293945,25.200000762939453,2876300,0.0,0.0
2023-06-16 00:00:00-04:00,25.329999923706055,25.360000610351562,24.510000228881836,24.899999618530273,4464600,0.0,0.0
2023-06-20 00:00:00-04:00,24.65999984741211,25.100000381469727,24.309999465942383,24.8799991607666,4268500,0.0,0.0
2023-06-21 00:00:00-04:00,24.75,24.84000015258789,24.290000915527344,24.479999542236328,2809600,0.0,0.0
2023-06-22 00:00:00-04:00,24.229999542236328,24.329999923706055,23.68000030517578,23.899999618530273,3584500,0.0,0.0
2023-06-23 00:00:00-04:00,23.489999771118164,23.889999389648438,23.420000076293945,23.739999771118164,4547000,0.0,0.0
2023-06-26 00:00:00-04:00,23.579999923706055,24.079999923706055,23.219999313354492,23.84000015258789,2676200,0.0,0.0
2023-06-27 00:00:00-04:00,23.899999618530273,24.489999771118164,23.625,24.360000610351562,2929200,0.0,0.0
2023-06-28 00:00:00-04:00,24.239999771118164,25.350000381469727,24.131000518798828,25.290000915527344,3353100,0.0,0.0
2023-06-29 00:00:00-04:00,25.489999771118164,26.03499984741211,25.200000762939453,25.25,2797600,0.0,0.0
2023-06-30 00:00:00-04:00,25.510000228881836,25.55500030517578,25.045000076293945,25.31999969482422,2758600,0.0,0.0
2023-07-03 00:00:00-04:00,25.299999237060547,26.2549991607666,25.270000457763672,25.610000610351562,2117100,0.0,0.0
2023-07-05 00:00:00-04:00,25.3799991607666,25.489999771118164,24.5,24.549999237060547,4270100,0.0,0.0
2023-07-06 00:00:00-04:00,24.020000457763672,24.020000457763672,22.530000686645508,22.559999465942383,9051200,0.0,0.0
2023-07-07 00:00:00-04:00,22.760000228881836,23.0,22.469999313354492,22.56999969482422,7163500,0.0,0.0
2023-07-10 00:00:00-04:00,22.559999465942383,23.860000610351562,22.469999313354492,23.829999923706055,6099000,0.0,0.0
2023-07-11 00:00:00-04:00,23.979999542236328,24.8799991607666,23.889999389648438,24.729999542236328,5042500,0.0,0.0
2023-07-12 00:00:00-04:00,25.15999984741211,25.329999923706055,24.450000762939453,24.549999237060547,4379700,0.0,0.0
2023-07-13 00:00:00-04:00,24.75,25.65999984741211,24.60099983215332,25.540000915527344,4326800,0.0,0.0
2023-07-14 00:00:00-04:00,25.700000762939453,25.93000030517578,24.690000534057617,24.770000457763672,3943800,0.0,0.0
2023-07-17 00:00:00-04:00,24.65999984741211,25.229999542236328,24.34000015258789,24.959999084472656,2696100,0.0,0.0
2023-07-18 00:00:00-04:00,27.329999923706055,27.40999984741211,25.222000122070312,25.350000381469727,15780100,0.0,0.0
2023-07-19 00:00:00-04:00,25.59000015258789,26.18000030517578,25.0,25.260000228881836,5576800,0.0,0.0
2023-07-20 00:00:00-04:00,25.0,25.219999313354492,23.610000610351562,23.6200008392334,6150800,0.0,0.0
2023-07-21 00:00:00-04:00,23.729999542236328,24.0,23.350000381469727,23.489999771118164,4037800,0.0,0.0
2023-07-24 00:00:00-04:00,23.459999084472656,23.739999771118164,23.25,23.3700008392334,5124600,0.0,0.0
2023-07-25 00:00:00-04:00,23.469999313354492,23.889999389648438,22.760000228881836,22.780000686645508,11158200,0.0,0.0
2023-07-26 00:00:00-04:00,24.6200008392334,29.200000762939453,24.31999969482422,28.920000076293945,38572800,0.0,0.0
2023-07-27 00:00:00-04:00,29.100000381469727,30.40999984741211,27.799999237060547,27.959999084472656,16930100,0.0,0.0
2023-07-28 00:00:00-04:00,28.639999389648438,28.770000457763672,27.190000534057617,28.260000228881836,9208800,0.0,0.0
2023-07-31 00:00:00-04:00,28.690000534057617,30.149999618530273,28.360000610351562,29.770000457763672,7072400,0.0,0.0
2023-08-01 00:00:00-04:00,29.360000610351562,29.399999618530273,27.520000457763672,27.75,8780400,0.0,0.0
2023-08-02 00:00:00-04:00,27.104999542236328,27.358999252319336,25.360000610351562,26.270000457763672,6703600,0.0,0.0
2023-08-03 00:00:00-04:00,26.049999237060547,26.385000228881836,25.56999969482422,26.030000686645508,4445600,0.0,0.0
2023-08-04 00:00:00-04:00,26.280000686645508,26.670000076293945,25.850000381469727,26.049999237060547,3575200,0.0,0.0
2023-08-07 00:00:00-04:00,26.0,26.0,24.469999313354492,25.579999923706055,5054200,0.0,0.0
2023-08-08 00:00:00-04:00,25.0,26.0,24.770999908447266,25.93000030517578,4158200,0.0,0.0
2023-08-09 00:00:00-04:00,25.829999923706055,25.84000015258789,24.739999771118164,24.969999313354492,3738800,0.0,0.0
2023-08-10 00:00:00-04:00,25.209999084472656,25.309999465942383,24.229999542236328,24.329999923706055,4976800,0.0,0.0
2023-08-11 00:00:00-04:00,24.1200008392334,24.600000381469727,24.020000457763672,24.059999465942383,4018000,0.0,0.0
2023-08-14 00:00:00-04:00,23.809999465942383,24.0049991607666,23.0,23.809999465942383,5463100,0.0,0.0
2023-08-15 00:00:00-04:00,23.719999313354492,23.73699951171875,23.260000228881836,23.3700008392334,3626700,0.0,0.0
2023-08-16 00:00:00-04:00,23.219999313354492,23.4950008392334,22.81999969482422,22.8799991607666,3940000,0.0,0.0
2023-08-17 00:00:00-04:00,22.90999984741211,23.225000381469727,22.6299991607666,23.139999389648438,4318800,0.0,0.0
2023-08-18 00:00:00-04:00,22.829999923706055,23.59000015258789,22.81999969482422,23.110000610351562,4395200,0.0,0.0
2023-08-21 00:00:00-04:00,23.0,23.360000610351562,22.889999389648438,23.190000534057617,3152900,0.0,0.0
2023-08-22 00:00:00-04:00,23.299999237060547,23.5,22.760000228881836,22.829999923706055,3064200,0.0,0.0
2023-08-23 00:00:00-04:00,22.829999923706055,23.190000534057617,22.709999084472656,23.010000228881836,2857700,0.0,0.0
2023-08-24 00:00:00-04:00,23.229999542236328,23.239999771118164,21.90999984741211,21.940000534057617,5616100,0.0,0.0
2023-08-25 00:00:00-04:00,22.010000228881836,22.459999084472656,21.209999084472656,22.040000915527344,4539100,0.0,0.0
2023-08-28 00:00:00-04:00,22.25,22.40999984741211,21.969999313354492,22.200000762939453,2354200,0.0,0.0
2023-08-29 00:00:00-04:00,22.100000381469727,22.799999237060547,21.959999084472656,22.600000381469727,3486400,0.0,0.0
2023-08-30 00:00:00-04:00,22.520000457763672,22.959999084472656,22.239999771118164,22.65999984741211,2736200,0.0,0.0
2023-08-31 00:00:00-04:00,22.799999237060547,23.045000076293945,22.520000457763672,22.639999389648438,3223200,0.0,0.0
2023-09-01 00:00:00-04:00,22.90999984741211,23.19499969482422,22.739999771118164,22.8700008392334,2443000,0.0,0.0
2023-09-05 00:00:00-04:00,22.729999542236328,23.18000030517578,22.399999618530273,22.899999618530273,2794100,0.0,0.0
2023-09-06 00:00:00-04:00,22.790000915527344,23.045000076293945,22.485000610351562,22.969999313354492,2538700,0.0,0.0
2023-09-07 00:00:00-04:00,22.3799991607666,22.635000228881836,22.0,22.579999923706055,3511300,0.0,0.0
2023-09-08 00:00:00-04:00,22.469999313354492,22.599000930786133,22.09000015258789,22.309999465942383,3040200,0.0,0.0
2023-09-11 00:00:00-04:00,22.510000228881836,22.976999282836914,22.239999771118164,22.790000915527344,2999400,0.0,0.0
2023-09-12 00:00:00-04:00,22.6299991607666,22.979999542236328,22.43000030517578,22.459999084472656,2861600,0.0,0.0
2023-09-13 00:00:00-04:00,22.290000915527344,22.510000228881836,21.889999389648438,21.899999618530273,4452000,0.0,0.0
2023-09-14 00:00:00-04:00,21.950000762939453,22.1299991607666,21.5,21.600000381469727,4286700,0.0,0.0
2023-09-15 00:00:00-04:00,21.5,21.65999984741211,20.979999542236328,21.200000762939453,6674300,0.0,0.0
2023-09-18 00:00:00-04:00,21.0,21.260000228881836,20.770000457763672,20.770000457763672,5105300,0.0,0.0
2023-09-19 00:00:00-04:00,20.610000610351562,20.93000030517578,20.430999755859375,20.75,4353300,0.0,0.0
2023-09-20 00:00:00-04:00,20.989999771118164,21.020000457763672,20.469999313354492,20.5,3500200,0.0,0.0
2023-09-21 00:00:00-04:00,20.100000381469727,20.149999618530273,19.260000228881836,19.309999465942383,7555000,0.0,0.0
2023-09-22 00:00:00-04:00,19.579999923706055,19.6299991607666,18.719999313354492,18.780000686645508,6705100,0.0,0.0
2023-09-25 00:00:00-04:00,18.600000381469727,19.260000228881836,18.549999237060547,19.06999969482422,4769200,0.0,0.0
2023-09-26 00:00:00-04:00,18.700000762939453,19.25,18.700000762939453,19.020000457763672,3625000,0.0,0.0
2023-09-27 00:00:00-04:00,19.010000228881836,19.209999084472656,18.540000915527344,18.8700008392334,5858300,0.0,0.0
2023-09-28 00:00:00-04:00,18.829999923706055,19.1200008392334,18.472999572753906,18.530000686645508,5396700,0.0,0.0
2023-09-29 00:00:00-04:00,18.809999465942383,19.079999923706055,18.510000228881836,18.59000015258789,3685900,0.0,0.0
2023-10-02 00:00:00-04:00,18.520000457763672,18.520000457763672,18.040000915527344,18.43000030517578,5718500,0.0,0.0
2023-10-03 00:00:00-04:00,18.100000381469727,18.739999771118164,18.100000381469727,18.469999313354492,5357300,0.0,0.0
2023-10-04 00:00:00-04:00,18.600000381469727,18.600000381469727,18.059999465942383,18.360000610351562,4796200,0.0,0.0
2023-10-05 00:00:00-04:00,18.219999313354492,18.6299991607666,18.170000076293945,18.549999237060547,6133400,0.0,0.0
2023-10-06 00:00:00-04:00,18.25,18.729999542236328,18.049999237060547,18.700000762939453,5479700,0.0,0.0
2023-10-09 00:00:00-04:00,18.43000030517578,18.719999313354492,18.100000381469727,18.639999389648438,3448300,0.0,0.0
2023-10-10 00:00:00-04:00,18.649999618530273,19.5,18.6200008392334,19.469999313354492,4158400,0.0,0.0
2023-10-11 00:00:00-04:00,19.420000076293945,19.764999389648438,19.020000457763672,19.3799991607666,4220500,0.0,0.0
2023-10-12 00:00:00-04:00,19.440000534057617,19.440000534057617,18.309999465942383,18.540000915527344,6238100,0.0,0.0
2023-10-13 00:00:00-04:00,18.540000915527344,18.809999465942383,18.40999984741211,18.510000228881836,4491100,0.0,0.0
2023-10-16 00:00:00-04:00,18.520000457763672,19.094999313354492,18.350000381469727,18.920000076293945,3463000,0.0,0.0
2023-10-17 00:00:00-04:00,18.739999771118164,19.520000457763672,18.69099998474121,19.190000534057617,3102400,0.0,0.0
2023-10-18 00:00:00-04:00,19.020000457763672,19.020000457763672,18.389999389648438,18.420000076293945,3348000,0.0,0.0
2023-10-19 00:00:00-04:00,18.479999542236328,18.729999542236328,18.145000457763672,18.149999618530273,3705300,0.0,0.0
2023-10-20 00:00:00-04:00,18.0,18.709999084472656,17.780000686645508,18.459999084472656,5924900,0.0,0.0
2023-10-23 00:00:00-04:00,18.18000030517578,18.6299991607666,17.90999984741211,18.010000228881836,4213500,0.0,0.0
2023-10-24 00:00:00-04:00,18.18000030517578,18.709999084472656,18.110000610351562,18.1200008392334,8888100,0.0,0.0
2023-10-25 00:00:00-04:00,16.899999618530273,17.68000030517578,16.549999237060547,17.40999984741211,12249700,0.0,0.0
2023-10-26 00:00:00-04:00,17.43000030517578,17.6299991607666,16.020000457763672,16.09000015258789,8796800,0.0,0.0
2023-10-27 00:00:00-04:00,16.260000228881836,16.3799991607666,15.510000228881836,15.569999694824219,5782600,0.0,0.0
2023-10-30 00:00:00-04:00,15.729999542236328,16.25,15.020000457763672,16.149999618530273,8823500,0.0,0.0
2023-10-31 00:00:00-04:00,16.34000015258789,16.729999542236328,16.200000762939453,16.540000915527344,5285100,0.0,0.0
2023-11-01 00:00:00-04:00,16.489999771118164,16.719999313354492,16.104999542236328,16.649999618530273,4493400,0.0,0.0
2023-11-02 00:00:00-04:00,17.100000381469727,17.235000610351562,16.56999969482422,16.93000030517578,6482000,0.0,0.0
2023-11-03 00:00:00-04:00,17.219999313354492,17.979999542236328,17.18000030517578,17.3799991607666,6963800,0.0,0.0
2023-11-06 00:00:00-05:00,17.440000534057617,17.479999542236328,16.475000381469727,16.829999923706055,4265500,0.0,0.0
2023-11-07 00:00:00-05:00,16.809999465942383,17.100000381469727,16.5,16.959999084472656,2646400,0.0,0.0
2023-11-08 00:00:00-05:00,16.6299991607666,16.834999084472656,16.190000534057617,16.200000762939453,4767800,0.0,0.0
2023-11-09 00:00:00-05:00,16.290000915527344,16.489999771118164,15.59000015258789,15.65999984741211,4455200,0.0,0.0
2023-11-10 00:00:00-05:00,15.579999923706055,16.0,15.479999542236328,15.949999809265137,3660800,0.0,0.0
2023-11-13 00:00:00-05:00,15.90999984741211,16.059999465942383,15.630000114440918,15.65999984741211,3450200,0.0,0.0
2023-11-14 00:00:00-05:00,16.329999923706055,17.18000030517578,16.329999923706055,17.049999237060547,5484800,0.0,0.0
2023-11-15 00:00:00-05:00,17.100000381469727,17.81999969482422,17.100000381469727,17.530000686645508,4888100,0.0,0.0
2023-11-16 00:00:00-05:00,17.350000381469727,17.450000762939453,16.65999984741211,16.920000076293945,3757600,0.0,0.0
2023-11-17 00:00:00-05:00,17.06999969482422,17.18000030517578,16.809999465942383,17.170000076293945,3438500,0.0,0.0
2023-11-20 00:00:00-05:00,17.1200008392334,17.725000381469727,16.959999084472656,17.469999313354492,4124400,0.0,0.0
2023-11-21 00:00:00-05:00,17.219999313354492,17.260000228881836,16.84000015258789,16.920000076293945,3047200,0.0,0.0
2023-11-22 00:00:00-05:00,17.149999618530273,17.350000381469727,16.93000030517578,17.049999237060547,3045300,0.0,0.0
2023-11-24 00:00:00-05:00,17.200000762939453,17.46500015258789,17.110000610351562,17.350000381469727,1738700,0.0,0.0
2023-11-27 00:00:00-05:00,17.229999542236328,17.274999618530273,16.920000076293945,17.209999084472656,3881900,0.0,0.0
2023-11-28 00:00:00-05:00,17.079999923706055,18.219999313354492,16.959999084472656,18.079999923706055,7118400,0.0,0.0
2023-11-29 00:00:00-05:00,18.350000381469727,19.315000534057617,18.309999465942383,18.3700008392334,7770100,0.0,0.0
2023-11-30 00:00:00-05:00,18.440000534057617,18.6200008392334,17.940000534057617,18.139999389648438,5022500,0.0,0.0
2023-12-01 00:00:00-05:00,18.15999984741211,19.06999969482422,17.920000076293945,18.969999313354492,5773500,0.0,0.0
2023-12-04 00:00:00-05:00,18.75,19.167999267578125,18.610000610351562,19.030000686645508,4276200,0.0,0.0
2023-12-05 00:00:00-05:00,18.770000457763672,18.8799991607666,18.28499984741211,18.510000228881836,4837900,0.0,0.0
2023-12-06 00:00:00-05:00,18.739999771118164,19.645000457763672,18.722000122070312,18.959999084472656,5037200,0.0,0.0
2023-12-07 00:00:00-05:00,18.84000015258789,19.219999313354492,18.6200008392334,19.200000762939453,3173700,0.0,0.0
2023-12-08 00:00:00-05:00,19.0,19.6299991607666,18.780000686645508,19.209999084472656,4203200,0.0,0.0
2023-12-11 00:00:00-05:00,19.09000015258789,19.15999984741211,18.645000457763672,19.020000457763672,3089600,0.0,0.0
2023-12-12 00:00:00-05:00,19.020000457763672,19.190000534057617,18.530000686645508,19.100000381469727,4109400,0.0,0.0
2023-12-13 00:00:00-05:00,19.100000381469727,20.139999389648438,18.520000457763672,20.1200008392334,5373400,0.0,0.0
2023-12-14 00:00:00-05:00,20.889999389648438,21.8799991607666,20.889999389648438,21.25,8125200,0.0,0.0
2023-12-15 00:00:00-05:00,21.389999389648438,21.475000381469727,20.360000610351562,20.520000457763672,6891100,0.0,0.0
2023-12-18 00:00:00-05:00,20.360000610351562,20.739999771118164,20.190000534057617,20.399999618530273,3618700,0.0,0.0
2023-12-19 00:00:00-05:00,20.649999618530273,21.709999084472656,20.649999618530273,21.579999923706055,5326200,0.0,0.0
2023-12-20 00:00:00-05:00,21.40999984741211,21.81999969482422,20.469999313354492,20.5,4764900,0.0,0.0
2023-12-21 00:00:00-05:00,20.81999969482422,21.325000762939453,20.739999771118164,21.280000686645508,3278100,0.0,0.0
2023-12-22 00:00:00-05:00,21.280000686645508,21.600000381469727,20.96500015258789,21.5,3589400,0.0,0.0
2023-12-26 00:00:00-05:00,21.56999969482422,22.030000686645508,21.40999984741211,21.850000381469727,3220900,0.0,0.0
2023-12-27 00:00:00-05:00,22.0,22.149999618530273,21.829999923706055,22.06999969482422,3192500,0.0,0.0
2023-12-28 00:00:00-05:00,21.969999313354492,22.260000228881836,21.899999618530273,22.100000381469727,2902800,0.0,0.0
2023-12-29 00:00:00-05:00,22.049999237060547,22.34000015258789,21.450000762939453,21.549999237060547,3758900,0.0,0.0
2024-01-02 00:00:00-05:00,21.25,22.540000915527344,21.030000686645508,21.93000030517578,4147500,0.0,0.0
2024-01-03 00:00:00-05:00,21.670000076293945,21.725000381469727,20.910999298095703,21.239999771118164,5922000,0.0,0.0
2024-01-04 00:00:00-05:00,21.049999237060547,21.55900001525879,20.709999084472656,21.360000610351562,3516700,0.0,0.0
2024-01-05 00:00:00-05:00,21.149999618530273,21.56999969482422,20.860000610351562,21.399999618530273,3748500,0.0,0.0
2024-01-08 00:00:00-05:00,21.200000762939453,22.139999389648438,20.934999465942383,22.030000686645508,4060900,0.0,0.0
2024-01-09 00:00:00-05:00,21.860000610351562,22.155000686645508,21.704999923706055,21.809999465942383,2736600,0.0,0.0
2024-01-10 00:00:00-05:00,21.739999771118164,22.079999923706055,21.020000457763672,21.799999237060547,3810700,0.0,0.0
2024-01-11 00:00:00-05:00,21.6200008392334,21.790000915527344,20.520000457763672,20.809999465942383,4978600,0.0,0.0
2024-01-12 00:00:00-05:00,20.850000381469727,21.3700008392334,20.600000381469727,20.8700008392334,3554300,0.0,0.0
2024-01-16 00:00:00-05:00,20.479999542236328,20.59000015258789,19.969999313354492,20.190000534057617,4042500,0.0,0.0
2024-01-17 00:00:00-05:00,19.454999923706055,19.700000762939453,19.084999084472656,19.440000534057617,3889400,0.0,0.0
2024-01-18 00:00:00-05:00,19.540000915527344,19.8700008392334,19.170000076293945,19.850000381469727,3601900,0.0,0.0
2024-01-19 00:00:00-05:00,19.920000076293945,20.385000228881836,19.5,20.239999771118164,4832900,0.0,0.0
2024-01-22 00:00:00-05:00,20.540000915527344,21.40999984741211,20.389999389648438,20.940000534057617,5161900,0.0,0.0
2024-01-23 00:00:00-05:00,21.200000762939453,21.40999984741211,20.364999771118164,20.739999771118164,3269000,0.0,0.0
2024-01-24 00:00:00-05:00,21.040000915527344,21.190000534057617,20.1200008392334,20.190000534057617,3850800,0.0,0.0
2024-01-25 00:00:00-05:00,20.420000076293945,20.649999618530273,20.020000457763672,20.350000381469727,2739100,0.0,0.0
2024-01-26 00:00:00-05:00,20.540000915527344,20.8799991607666,20.1299991607666,20.209999084472656,2379600,0.0,0.0
2024-01-29 00:00:00-05:00,20.209999084472656,20.760000228881836,19.8700008392334,20.59000015258789,2903600,0.0,0.0
2024-01-30 00:00:00-05:00,20.350000381469727,20.360000610351562,19.709999084472656,19.739999771118164,3071200,0.0,0.0
2024-01-31 00:00:00-05:00,19.670000076293945,20.410999298095703,19.350000381469727,19.43000030517578,4298500,0.0,0.0
2024-02-01 00:00:00-05:00,19.389999389648438,19.8799991607666,19.350000381469727,19.84000015258789,2858200,0.0,0.0
2024-02-02 00:00:00-05:00,19.530000686645508,19.915000915527344,19.040000915527344,19.790000915527344,3036100,0.0,0.0
2024-02-05 00:00:00-05:00,19.540000915527344,19.540000915527344,18.59000015258789,18.989999771118164,2685500,0.0,0.0
2024-02-06 00:00:00-05:00,19.020000457763672,20.09000015258789,18.899999618530273,20.06999969482422,2602800,0.0,0.0
2024-02-07 00:00:00-05:00,20.18000030517578,20.231000900268555,19.700000762939453,20.010000228881836,2189900,0.0,0.0
2024-02-08 00:00:00-05:00,19.93000030517578,20.43000030517578,19.69499969482422,20.3799991607666,2136800,0.0,0.0
2024-02-09 00:00:00-05:00,20.329999923706055,20.739999771118164,20.079999923706055,20.600000381469727,2639300,0.0,0.0
2024-02-12 00:00:00-05:00,20.610000610351562,21.450000762939453,20.559999465942383,21.100000381469727,2744200,0.0,0.0
2024-02-13 00:00:00-05:00,20.15999984741211,20.264999389648438,19.6299991607666,19.90999984741211,4256900,0.0,0.0
2024-02-14 00:00:00-05:00,20.25,20.8700008392334,20.030000686645508,20.65999984741211,2691800,0.0,0.0
2024-02-15 00:00:00-05:00,21.020000457763672,21.739999771118164,20.8799991607666,21.610000610351562,3603200,0.0,0.0
2024-02-16 00:00:00-05:00,21.25,21.545000076293945,21.0049991607666,21.030000686645508,4357600,0.0,0.0
2024-02-20 00:00:00-05:00,20.690000534057617,20.875,20.219999313354492,20.489999771118164,8128600,0.0,0.0
2024-02-21 00:00:00-05:00,16.75,16.81999969482422,15.15999984741211,15.640000343322754,29878200,0.0,0.0
2024-02-22 00:00:00-05:00,15.720000267028809,15.720000267028809,15.140000343322754,15.210000038146973,11293100,0.0,0.0
2024-02-23 00:00:00-05:00,15.100000381469727,15.232000350952148,14.399999618530273,14.5,12150500,0.0,0.0
2024-02-26 00:00:00-05:00,14.4399995803833,14.979999542236328,14.359999656677246,14.789999961853027,7650300,0.0,0.0
2024-02-27 00:00:00-05:00,14.930000305175781,15.237000465393066,14.6899995803833,15.15999984741211,7603300,0.0,0.0
2024-02-28 00:00:00-05:00,15.0,15.274999618530273,14.869999885559082,15.09000015258789,6338200,0.0,0.0
2024-02-29 00:00:00-05:00,15.390000343322754,15.640000343322754,14.930000305175781,15.079999923706055,6273000,0.0,0.0
2024-03-01 00:00:00-05:00,15.0600004196167,15.270000457763672,14.789999961853027,15.0,4469800,0.0,0.0
2024-03-04 00:00:00-05:00,15.0,15.010000228881836,14.300000190734863,14.729999542236328,6063500,0.0,0.0
2024-03-05 00:00:00-05:00,14.529999732971191,14.62600040435791,14.289999961853027,14.390000343322754,4898800,0.0,0.0
2024-03-06 00:00:00-05:00,14.539999961853027,14.579999923706055,14.364999771118164,14.579999923706055,4096900,0.0,0.0
2024-03-07 00:00:00-05:00,14.739999771118164,15.510000228881836,14.720000267028809,15.350000381469727,5436100,0.0,0.0
2024-03-08 00:00:00-05:00,15.5600004196167,15.829999923706055,15.239999771118164,15.420000076293945,3694900,0.0,0.0
2024-03-11 00:00:00-04:00,15.390000343322754,15.949999809265137,15.350000381469727,15.59000015258789,3804200,0.0,0.0
2024-03-12 00:00:00-04:00,15.539999961853027,15.647000312805176,15.229999542236328,15.369999885559082,5032800,0.0,0.0
2024-03-13 00:00:00-04:00,15.270000457763672,15.609999656677246,15.100000381469727,15.140000343322754,4094400,0.0,0.0
2024-03-14 00:00:00-04:00,15.020000457763672,15.279999732971191,14.675000190734863,14.84000015258789,4244200,0.0,0.0
2024-03-15 00:00:00-04:00,14.75,15.130000114440918,14.710000038146973,15.119999885559082,5014900,0.0,0.0
2024-03-18 00:00:00-04:00,15.180000305175781,15.234999656677246,14.87399959564209,15.119999885559082,3488700,0.0,0.0
2024-03-19 00:00:00-04:00,14.90999984741211,15.274999618530273,14.795000076293945,15.029999732971191,2995100,0.0,0.0
2024-03-20 00:00:00-04:00,14.949999809265137,15.529999732971191,14.86299991607666,15.40999984741211,3669200,0.0,0.0
2024-03-21 00:00:00-04:00,15.5600004196167,15.680000305175781,15.265000343322754,15.279999732971191,3119900,0.0,0.0
2024-03-22 00:00:00-04:00,15.270000457763672,15.350000381469727,14.949999809265137,15.0,2889600,0.0,0.0
2024-03-25 00:00:00-04:00,15.0600004196167,15.21500015258789,15.010000228881836,15.079999923706055,2958100,0.0,0.0
2024-03-26 00:00:00-04:00,15.239999771118164,15.319999694824219,14.954999923706055,15.050000190734863,3060100,0.0,0.0
2024-03-27 00:00:00-04:00,15.180000305175781,15.279999732971191,15.045000076293945,15.270000457763672,3541700,0.0,0.0
2024-03-28 00:00:00-04:00,15.289999961853027,15.4350004196167,15.0600004196167,15.100000381469727,2488100,0.0,0.0
2024-04-01 00:00:00-04:00,15.140000343322754,15.270000457763672,14.5600004196167,14.850000381469727,5127200,0.0,0.0
2024-04-02 00:00:00-04:00,14.529999732971191,14.529999732971191,14.21500015258789,14.329999923706055,5936300,0.0,0.0
2024-04-03 00:00:00-04:00,14.199999809265137,14.475000381469727,14.050000190734863,14.40999984741211,4577000,0.0,0.0
2024-04-04 00:00:00-04:00,14.5600004196167,14.75,14.239999771118164,14.25,3402600,0.0,0.0
2024-04-05 00:00:00-04:00,14.039999961853027,14.720000267028809,13.59000015258789,14.489999771118164,7666700,0.0,0.0
2024-04-08 00:00:00-04:00,14.550000190734863,14.699999809265137,14.444999694824219,14.619999885559082,3345200,0.0,0.0
2024-04-09 00:00:00-04:00,14.710000038146973,15.185999870300293,14.609999656677246,15.0600004196167,4269700,0.0,0.0
2024-04-10 00:00:00-04:00,14.5,14.6899995803833,14.40999984741211,14.5,5640400,0.0,0.0
2024-04-11 00:00:00-04:00,14.699999809265137,14.829999923706055,14.25,14.600000381469727,3409500,0.0,0.0
2024-04-12 00:00:00-04:00,14.5,14.604999542236328,14.210000038146973,14.210000038146973,4933500,0.0,0.0
2024-04-15 00:00:00-04:00,14.109999656677246,14.15999984741211,13.369999885559082,13.550000190734863,6416000,0.0,0.0
2024-04-16 00:00:00-04:00,13.430000305175781,13.489999771118164,13.029999732971191,13.130000114440918,4898600,0.0,0.0
2024-04-17 00:00:00-04:00,13.210000038146973,13.5,13.100000381469727,13.140000343322754,3948400,0.0,0.0
2024-04-18 00:00:00-04:00,13.079999923706055,13.350000381469727,12.932000160217285,13.180000305175781,4035600,0.0,0.0
2024-04-19 00:00:00-04:00,13.039999961853027,13.130000114440918,12.854999542236328,12.979999542236328,5487800,0.0,0.0
2024-04-22 00:00:00-04:00,13.100000381469727,13.479999542236328,12.930000305175781,13.300000190734863,4223100,0.0,0.0
2024-04-23 00:00:00-04:00,13.390000343322754,14.050000190734863,13.314000129699707,13.739999771118164,4003100,0.0,0.0
2024-04-24 00:00:00-04:00,13.729999542236328,14.015000343322754,13.40999984741211,13.729999542236328,8062800,0.0,0.0
2024-04-25 00:00:00-04:00,13.4399995803833,13.5600004196167,13.210000038146973,13.329999923706055,6876500,0.0,0.0
2024-04-26 00:00:00-04:00,12.680000305175781,13.600000381469727,12.649999618530273,13.010000228881836,7696700,0.0,0.0
2024-04-29 00:00:00-04:00,13.15999984741211,13.454999923706055,12.880000114440918,13.390000343322754,6513600,0.0,0.0
2024-04-30 00:00:00-04:00,13.210000038146973,13.378000259399414,12.734999656677246,12.75,6303900,0.0,0.0
2024-05-01 00:00:00-04:00,12.720000267028809,13.1850004196167,12.529999732971191,12.8100004196167,4405300,0.0,0.0
2024-05-02 00:00:00-04:00,13.029999732971191,13.109999656677246,12.600000381469727,12.989999771118164,5026100,0.0,0.0
2024-05-03 00:00:00-04:00,13.199999809265137,13.472999572753906,12.770000457763672,12.779999732971191,6206900,0.0,0.0
2024-05-06 00:00:00-04:00,12.920000076293945,12.989999771118164,12.6850004196167,12.789999961853027,3864100,0.0,0.0
2024-05-07 00:00:00-04:00,12.800000190734863,12.9399995803833,12.619999885559082,12.880000114440918,4250000,0.0,0.0
2024-05-08 00:00:00-04:00,12.699999809265137,12.699999809265137,12.170000076293945,12.199999809265137,5305200,0.0,0.0
2024-05-09 00:00:00-04:00,12.25,12.385000228881836,12.069999694824219,12.239999771118164,7632900,0.0,0.0
2024-05-10 00:00:00-04:00,12.260000228881836,12.279999732971191,11.880000114440918,11.949999809265137,5812000,0.0,0.0
2024-05-13 00:00:00-04:00,12.029999732971191,12.595000267028809,11.979999542236328,12.449999809265137,5278700,0.0,0.0
2024-05-14 00:00:00-04:00,12.739999771118164,13.40999984741211,12.6899995803833,12.739999771118164,7248800,0.0,0.0
2024-05-15 00:00:00-04:00,13.050000190734863,13.100000381469727,12.699999809265137,12.8100004196167,4523800,0.0,0.0
2024-05-16 00:00:00-04:00,12.720000267028809,12.9399995803833,12.670000076293945,12.899999618530273,4005700,0.0,0.0
2024-05-17 00:00:00-04:00,12.829999923706055,12.859999656677246,12.550000190734863,12.729999542236328,3357000,0.0,0.0
2024-05-20 00:00:00-04:00,12.699999809265137,12.829999923706055,12.270000457763672,12.300000190734863,4139400,0.0,0.0
2024-05-21 00:00:00-04:00,12.050000190734863,12.229999542236328,11.78499984741211,11.829999923706055,4693800,0.0,0.0
2024-05-22 00:00:00-04:00,11.789999961853027,12.03499984741211,11.670000076293945,11.920000076293945,3589400,0.0,0.0
2024-05-23 00:00:00-04:00,11.899999618530273,11.90999984741211,11.399999618530273,11.449999809265137,4826500,0.0,0.0
2024-05-24 00:00:00-04:00,11.4399995803833,11.520000457763672,11.319999694824219,11.479999542236328,4399900,0.0,0.0
2024-05-28 00:00:00-04:00,11.5,11.579999923706055,11.220000267028809,11.359999656677246,3893000,0.0,0.0
2024-05-29 00:00:00-04:00,11.130000114440918,11.220000267028809,11.0,11.149999618530273,4389500,0.0,0.0
2024-05-30 00:00:00-04:00,11.170000076293945,11.40999984741211,11.140000343322754,11.289999961853027,3703100,0.0,0.0
2024-05-31 00:00:00-04:00,11.210000038146973,11.399999618530273,11.109999656677246,11.239999771118164,4272500,0.0,0.0
2024-06-03 00:00:00-04:00,11.470000267028809,11.569999694824219,10.925000190734863,11.079999923706055,4495100,0.0,0.0
2024-06-04 00:00:00-04:00,11.039999961853027,11.09000015258789,10.850000381469727,10.869999885559082,3603500,0.0,0.0
2024-06-05 00:00:00-04:00,10.920000076293945,11.039999961853027,10.739999771118164,10.979999542236328,3418400,0.0,0.0
2024-06-06 00:00:00-04:00,10.880000114440918,11.130000114440918,10.84000015258789,11.029999732971191,3281400,0.0,0.0
2024-06-07 00:00:00-04:00,10.84000015258789,10.869999885559082,10.630000114440918,10.640000343322754,4137200,0.0,0.0
2024-06-10 00:00:00-04:00,10.609999656677246,10.710000038146973,10.420000076293945,10.65999984741211,3895700,0.0,0.0
2024-06-11 00:00:00-04:00,10.550000190734863,10.664999961853027,10.399999618530273,10.4399995803833,3769000,0.0,0.0
2024-06-12 00:00:00-04:00,10.704999923706055,11.079999923706055,10.199999809265137,10.199999809265137,4684400,0.0,0.0
2024-06-13 00:00:00-04:00,10.270000457763672,10.3100004196167,9.835000038146973,9.949999809265137,5944700,0.0,0.0
2024-06-14 00:00:00-04:00,9.819999694824219,10.010000228881836,9.789999961853027,10.0,3955000,0.0,0.0
2024-06-17 00:00:00-04:00,9.850000381469727,10.164999961853027,9.720000267028809,10.109999656677246,5705300,0.0,0.0
2024-06-18 00:00:00-04:00,10.09000015258789,10.279999732971191,9.984999656677246,10.09000015258789,5038700,0.0,0.0
2024-06-20 00:00:00-04:00,10.0,10.050000190734863,9.59000015258789,9.649999618530273,6916700,0.0,0.0
2024-06-21 00:00:00-04:00,9.670000076293945,9.890000343322754,9.619999885559082,9.710000038146973,11312800,0.0,0.0
2024-06-24 00:00:00-04:00,9.680000305175781,10.850000381469727,9.65999984741211,10.359999656677246,10320600,0.0,0.0
2024-06-25 00:00:00-04:00,10.239999771118164,10.25,9.739999771118164,9.75,8031100,0.0,0.0
2024-06-26 00:00:00-04:00,9.739999771118164,10.180000305175781,9.692999839782715,10.149999618530273,6409500,0.0,0.0
2024-06-27 00:00:00-04:00,10.079999923706055,10.229999542236328,9.789999961853027,10.140000343322754,7215400,0.0,0.0
2024-06-28 00:00:00-04:00,10.130000114440918,10.140000343322754,9.664999961853027,9.779999732971191,31542800,0.0,0.0
2024-07-01 00:00:00-04:00,9.800000190734863,9.9399995803833,9.3100004196167,9.319999694824219,6343800,0.0,0.0
2024-07-02 00:00:00-04:00,9.270000457763672,9.579999923706055,9.229999542236328,9.399999618530273,4901100,0.0,0.0
2024-07-03 00:00:00-04:00,9.399999618530273,9.460000038146973,9.220000267028809,9.229999542236328,2620300,0.0,0.0
2024-07-05 00:00:00-04:00,9.229999542236328,9.319999694824219,9.069999694824219,9.210000038146973,3843500,0.0,0.0
2024-07-08 00:00:00-04:00,9.260000228881836,9.319999694824219,9.079999923706055,9.260000228881836,4666900,0.0,0.0
2024-07-09 00:00:00-04:00,9.199999809265137,9.279999732971191,9.069999694824219,9.149999618530273,4587000,0.0,0.0
2024-07-10 00:00:00-04:00,9.170000076293945,9.180000305175781,8.729999542236328,8.949999809265137,7070500,0.0,0.0
2024-07-11 00:00:00-04:00,9.199999809265137,9.5,9.149999618530273,9.369999885559082,5805500,0.0,0.0
2024-07-12 00:00:00-04:00,9.479999542236328,9.609000205993652,9.1850004196167,9.390000343322754,5234100,0.0,0.0
2024-07-15 00:00:00-04:00,9.449999809265137,9.630000114440918,9.244999885559082,9.260000228881836,5068700,0.0,0.0
2024-07-16 00:00:00-04:00,9.40999984741211,10.130000114440918,9.40999984741211,10.09000015258789,9250900,0.0,0.0
2024-07-17 00:00:00-04:00,10.010000228881836,10.65999984741211,9.880000114440918,10.029999732971191,8493600,0.0,0.0
2024-07-18 00:00:00-04:00,10.020000457763672,10.300000190734863,9.289999961853027,9.3100004196167,7496100,0.0,0.0
2024-07-19 00:00:00-04:00,9.329999923706055,9.329999923706055,8.960000038146973,9.09000015258789,5703700,0.0,0.0
2024-07-22 00:00:00-04:00,9.149999618530273,9.220000267028809,8.989999771118164,9.1899995803833,5767900,0.0,0.0
2024-07-23 00:00:00-04:00,9.100000381469727,9.40999984741211,9.0600004196167,9.300000190734863,3970500,0.0,0.0
2024-07-24 00:00:00-04:00,9.220000267028809,9.505000114440918,9.050000190734863,9.229999542236328,5802800,0.0,0.0
2024-07-25 00:00:00-04:00,9.170000076293945,9.640000343322754,9.09000015258789,9.25,6344600,0.0,0.0
2024-07-26 00:00:00-04:00,9.420000076293945,9.59000015258789,9.255000114440918,9.369999885559082,5980900,0.0,0.0
2024-07-29 00:00:00-04:00,9.4399995803833,9.6850004196167,9.270000457763672,9.569999694824219,5449000,0.0,0.0
2024-07-30 00:00:00-04:00,9.609999656677246,9.805000305175781,9.40999984741211,9.729999542236328,10177800,0.0,0.0
2024-07-31 00:00:00-04:00,9.729999542236328,9.869999885559082,9.390000343322754,9.430000305175781,14153000,0.0,0.0
2024-08-01 00:00:00-04:00,8.130000114440918,9.0649995803833,8.130000114440918,8.59000015258789,20202000,0.0,0.0
2024-08-02 00:00:00-04:00,8.229999542236328,8.319999694824219,7.715000152587891,7.949999809265137,9417200,0.0,0.0
2024-08-05 00:00:00-04:00,7.320000171661377,7.809999942779541,7.309999942779541,7.599999904632568,8638000,0.0,0.0
2024-08-06 00:00:00-04:00,7.639999866485596,7.739999771118164,7.315000057220459,7.489999771118164,7849000,0.0,0.0
2024-08-07 00:00:00-04:00,7.599999904632568,7.670000076293945,7.150000095367432,7.159999847412109,7446800,0.0,0.0
2024-08-08 00:00:00-04:00,7.179999828338623,7.3979997634887695,7.144999980926514,7.210000038146973,6465000,0.0,0.0
2024-08-09 00:00:00-04:00,7.340000152587891,7.465000152587891,7.099999904632568,7.150000095367432,7071600,0.0,0.0
2024-08-12 00:00:00-04:00,7.139999866485596,7.199999809265137,6.840000152587891,6.869999885559082,5392500,0.0,0.0
2024-08-13 00:00:00-04:00,6.889999866485596,7.195000171661377,6.835000038146973,6.96999979019165,7192900,0.0,0.0
2024-08-14 00:00:00-04:00,6.989999771118164,7.03000020980835,6.769999980926514,6.789999961853027,4584300,0.0,0.0
2024-08-15 00:00:00-04:00,6.960000038146973,7.150000095367432,6.929999828338623,7.059999942779541,5089400,0.0,0.0
2024-08-16 00:00:00-04:00,6.960000038146973,7.130000114440918,6.929999828338623,7.110000133514404,4726400,0.0,0.0
2024-08-19 00:00:00-04:00,7.139999866485596,7.340000152587891,7.079999923706055,7.170000076293945,4408500,0.0,0.0
2024-08-20 00:00:00-04:00,7.159999847412109,7.309999942779541,7.110000133514404,7.199999809265137,3321600,0.0,0.0
2024-08-21 00:00:00-04:00,7.25,7.380000114440918,7.03000020980835,7.380000114440918,4778300,0.0,0.0
2024-08-22 00:00:00-04:00,7.400000095367432,7.505000114440918,7.079999923706055,7.110000133514404,4645900,0.0,0.0
2024-08-23 00:00:00-04:00,7.170000076293945,7.53000020980835,7.1519999504089355,7.420000076293945,5875500,0.0,0.0
2024-08-26 00:00:00-04:00,7.440000057220459,7.460000038146973,7.269999980926514,7.309999942779541,4223700,0.0,0.0
2024-08-27 00:00:00-04:00,7.269999980926514,7.289999961853027,7.099999904632568,7.119999885559082,3498900,0.0,0.0
2024-08-28 00:00:00-04:00,7.050000190734863,7.089000225067139,6.760000228881836,6.849999904632568,4873400,0.0,0.0
2024-08-29 00:00:00-04:00,6.980000019073486,7.210000038146973,6.894999980926514,7.099999904632568,4446600,0.0,0.0
2024-08-30 00:00:00-04:00,7.139999866485596,7.349999904632568,7.125,7.170000076293945,8654000,0.0,0.0
2024-09-03 00:00:00-04:00,7.105000019073486,7.449999809265137,6.980000019073486,7.380000114440918,12182900,0.0,0.0
2024-09-04 00:00:00-04:00,7.260000228881836,7.78000020980835,7.15500020980835,7.440000057220459,6438000,0.0,0.0
2024-09-05 00:00:00-04:00,7.449999809265137,7.820000171661377,7.434999942779541,7.670000076293945,4309200,0.0,0.0
2024-09-06 00:00:00-04:00,7.71999979019165,8.083000183105469,7.454999923706055,7.510000228881836,5342700,0.0,0.0
2024-09-09 00:00:00-04:00,7.559999942779541,7.585000038146973,7.114999771118164,7.190000057220459,6168000,0.0,0.0
2024-09-10 00:00:00-04:00,7.21999979019165,7.297999858856201,7.084000110626221,7.25,3196600,0.0,0.0
2024-09-11 00:00:00-04:00,7.179999828338623,7.309999942779541,7.019999980926514,7.300000190734863,3959600,0.0,0.0
2024-09-12 00:00:00-04:00,7.300000190734863,7.704999923706055,7.150000095367432,7.619999885559082,4232000,0.0,0.0
2024-09-13 00:00:00-04:00,7.769999980926514,8.140000343322754,7.75,8.09000015258789,4450600,0.0,0.0
2024-09-16 00:00:00-04:00,8.15999984741211,8.380000114440918,8.130000114440918,8.15999984741211,5024800,0.0,0.0
2024-09-17 00:00:00-04:00,8.90999984741211,9.210000038146973,8.739999771118164,9.109999656677246,11819200,0.0,0.0
2024-09-18 00:00:00-04:00,9.039999961853027,9.609999656677246,9.029999732971191,9.09000015258789,9583100,0.0,0.0
2024-09-19 00:00:00-04:00,9.289999961853027,9.604999542236328,9.140000343322754,9.180000305175781,5032400,0.0,0.0
2024-09-20 00:00:00-04:00,9.109999656677246,9.119999885559082,8.59000015258789,8.75,8761600,0.0,0.0
2024-09-23 00:00:00-04:00,8.770000457763672,8.805000305175781,8.5600004196167,8.670000076293945,4911800,0.0,0.0
2024-09-24 00:00:00-04:00,8.720000267028809,8.890000343322754,8.640000343322754,8.819999694824219,4241800,0.0,0.0
2024-09-25 00:00:00-04:00,8.8100004196167,8.829999923706055,8.46500015258789,8.470000267028809,6881800,0.0,0.0
2024-09-26 00:00:00-04:00,8.6899995803833,8.819999694824219,8.335000038146973,8.40999984741211,5535300,0.0,0.0
2024-09-27 00:00:00-04:00,8.579999923706055,8.640000343322754,8.40999984741211,8.460000038146973,4593500,0.0,0.0
2024-09-30 00:00:00-04:00,8.399999618530273,9.289999961853027,8.399999618530273,9.180000305175781,5072700,0.0,0.0
2024-10-01 00:00:00-04:00,9.15999984741211,9.229999542236328,8.84000015258789,8.859999656677246,4755200,0.0,0.0
2024-10-02 00:00:00-04:00,8.729999542236328,8.789999961853027,8.579999923706055,8.729999542236328,4006600,0.0,0.0
2024-10-03 00:00:00-04:00,8.6899995803833,8.760000228881836,8.59000015258789,8.680000305175781,2865200,0.0,0.0
2024-10-04 00:00:00-04:00,8.949999809265137,9.055000305175781,8.71500015258789,9.039999961853027,2511200,0.0,0.0
2024-10-07 00:00:00-04:00,9.050000190734863,9.100000381469727,8.550999641418457,8.640000343322754,5018500,0.0,0.0
2024-10-08 00:00:00-04:00,8.640000343322754,8.890000343322754,8.520000457763672,8.710000038146973,2660100,0.0,0.0
2024-10-09 00:00:00-04:00,8.720000267028809,9.270000457763672,8.6899995803833,9.220000267028809,4089700,0.0,0.0
2024-10-10 00:00:00-04:00,9.09000015258789,9.539999961853027,8.989999771118164,9.489999771118164,4308800,0.0,0.0
2024-10-11 00:00:00-04:00,9.449999809265137,9.5600004196167,9.199999809265137,9.199999809265137,4526100,0.0,0.0
2024-10-14 00:00:00-04:00,9.180000305175781,9.1899995803833,8.850000381469727,9.0,5673700,0.0,0.0
2024-10-15 00:00:00-04:00,9.0,9.744999885559082,8.930000305175781,9.510000228881836,5887700,0.0,0.0
2024-10-16 00:00:00-04:00,9.649999618530273,9.859999656677246,9.449999809265137,9.779999732971191,4641700,0.0,0.0
2024-10-17 00:00:00-04:00,9.779999732971191,9.779999732971191,9.210000038146973,9.510000228881836,4294900,0.0,0.0
2024-10-18 00:00:00-04:00,9.619999885559082,9.890000343322754,9.529999732971191,9.84000015258789,3230300,0.0,0.0
2024-10-21 00:00:00-04:00,9.75,9.8100004196167,9.1899995803833,9.300000190734863,5718700,0.0,0.0
2024-10-22 00:00:00-04:00,9.289999961853027,9.40999984741211,8.833999633789062,9.010000228881836,4365500,0.0,0.0
2024-10-23 00:00:00-04:00,9.0,9.114999771118164,8.5600004196167,8.680000305175781,5081700,0.0,0.0
2024-10-24 00:00:00-04:00,8.8100004196167,8.9399995803833,8.59000015258789,8.600000381469727,3055300,0.0,0.0
2024-10-25 00:00:00-04:00,8.649999618530273,8.789999961853027,8.5,8.569999694824219,3834100,0.0,0.0
2024-10-28 00:00:00-04:00,8.680000305175781,9.350000381469727,8.649999618530273,9.180000305175781,4847700,0.0,0.0
2024-10-29 00:00:00-04:00,9.140000343322754,9.279999732971191,8.880000114440918,8.920000076293945,3237300,0.0,0.0
2024-10-30 00:00:00-04:00,8.960000038146973,9.279999732971191,8.84000015258789,8.859999656677246,7944400,0.0,0.0
2024-10-31 00:00:00-04:00,9.369999885559082,9.949999809265137,8.539999961853027,9.0,14171600,0.0,0.0
2024-11-01 00:00:00-04:00,9.079999923706055,9.550000190734863,8.8100004196167,9.210000038146973,6593900,0.0,0.0
2024-11-04 00:00:00-05:00,9.199999809265137,9.210000038146973,8.3100004196167,8.869999885559082,9947100,0.0,0.0
2024-11-05 00:00:00-05:00,8.880000114440918,9.220000267028809,8.635000228881836,9.149999618530273,5938700,0.0,0.0
2024-11-06 00:00:00-05:00,9.489999771118164,9.664999961853027,9.229999542236328,9.4399995803833,7161500,0.0,0.0
2024-11-07 00:00:00-05:00,9.40999984741211,9.5649995803833,9.130000114440918,9.510000228881836,5517100,0.0,0.0
2024-11-08 00:00:00-05:00,9.5,9.529999732971191,9.180000305175781,9.229999542236328,3857200,0.0,0.0
2024-11-11 00:00:00-05:00,9.479999542236328,10.128999710083008,9.449999809265137,9.8100004196167,8460000,0.0,0.0
2024-11-12 00:00:00-05:00,9.630000114440918,10.119999885559082,9.5,9.699999809265137,5723500,0.0,0.0
2024-11-13 00:00:00-05:00,9.770000457763672,10.100000381469727,9.420000076293945,9.569999694824219,5049400,0.0,0.0
2024-11-14 00:00:00-05:00,9.460000038146973,9.460000038146973,8.925000190734863,8.960000038146973,4741600,0.0,0.0
2024-11-15 00:00:00-05:00,9.65999984741211,9.6899995803833,8.739999771118164,9.210000038146973,11492200,0.0,0.0
2024-11-18 00:00:00-05:00,9.390000343322754,9.479999542236328,8.949999809265137,9.050000190734863,4705500,0.0,0.0
2024-11-19 00:00:00-05:00,8.920000076293945,9.050000190734863,8.725000381469727,8.930000305175781,3353400,0.0,0.0
2024-11-20 00:00:00-05:00,8.850000381469727,9.010000228881836,8.699999809265137,9.0,3484500,0.0,0.0
2024-11-21 00:00:00-05:00,9.100000381469727,10.449999809265137,9.050000190734863,10.399999618530273,10447500,0.0,0.0
2024-11-22 00:00:00-05:00,10.640000343322754,10.9399995803833,10.329999923706055,10.619999885559082,6991600,0.0,0.0
2024-11-25 00:00:00-05:00,11.168999671936035,12.390000343322754,11.100000381469727,12.020000457763672,14581600,0.0,0.0
2024-11-26 00:00:00-05:00,11.800000190734863,11.977999687194824,11.305000305175781,11.369999885559082,6427400,0.0,0.0
2024-11-27 00:00:00-05:00,11.609999656677246,11.880000114440918,11.414999961853027,11.430000305175781,3436800,0.0,0.0
2024-11-29 00:00:00-05:00,11.529999732971191,11.989999771118164,11.5,11.979999542236328,3303800,0.0,0.0
2024-12-02 00:00:00-05:00,12.100000381469727,12.430000305175781,11.46500015258789,11.5,7488800,0.0,0.0
2024-12-03 00:00:00-05:00,11.319999694824219,11.319999694824219,10.890000343322754,10.949999809265137,6450600,0.0,0.0
2024-12-04 00:00:00-05:00,10.949999809265137,11.460000038146973,10.869999885559082,11.020000457763672,4677900,0.0,0.0
2024-12-05 00:00:00-05:00,10.989999771118164,11.220000267028809,10.762999534606934,10.789999961853027,5102400,0.0,0.0
2024-12-06 00:00:00-05:00,10.9399995803833,11.274999618530273,10.869999885559082,11.0,3518600,0.0,0.0
2024-12-09 00:00:00-05:00,11.09000015258789,11.210000038146973,10.470000267028809,10.6899995803833,4980100,0.0,0.0
2024-12-10 00:00:00-05:00,10.710000038146973,10.835000038146973,10.279999732971191,10.600000381469727,4967600,0.0,0.0
2024-12-11 00:00:00-05:00,10.6899995803833,10.729999542236328,10.329999923706055,10.579999923706055,4565200,0.0,0.0
2024-12-12 00:00:00-05:00,10.5,10.619999885559082,10.15999984741211,10.199999809265137,3710900,0.0,0.0
2024-12-13 00:00:00-05:00,10.199999809265137,10.520000457763672,9.831000328063965,10.420000076293945,4471400,0.0,0.0
2024-12-16 00:00:00-05:00,10.319999694824219,10.875,10.220000267028809,10.680000305175781,3549800,0.0,0.0
2024-12-17 00:00:00-05:00,10.609999656677246,10.789999961853027,9.9399995803833,10.069999694824219,5266700,0.0,0.0
2024-12-18 00:00:00-05:00,10.069999694824219,10.380000114440918,9.357000350952148,9.460000038146973,4299400,0.0,0.0
2024-12-19 00:00:00-05:00,9.479999542236328,9.640000343322754,8.920000076293945,8.970000267028809,5446000,0.0,0.0
2024-12-20 00:00:00-05:00,8.75,9.489999771118164,8.75,9.4399995803833,6420900,0.0,0.0
2024-12-23 00:00:00-05:00,9.399999618530273,9.489999771118164,9.079999923706055,9.119999885559082,3544500,0.0,0.0
2024-12-24 00:00:00-05:00,9.180000305175781,9.289999961853027,9.0,9.260000228881836,1953500,0.0,0.0
2024-12-26 00:00:00-05:00,9.095000267028809,9.569999694824219,8.954999923706055,9.529999732971191,3468800,0.0,0.0
2024-12-27 00:00:00-05:00,9.460000038146973,9.600000381469727,9.229999542236328,9.449999809265137,3531400,0.0,0.0
2024-12-30 00:00:00-05:00,9.234999656677246,9.345000267028809,8.970000267028809,9.3100004196167,4189200,0.0,0.0
2024-12-31 00:00:00-05:00,9.350000381469727,9.510000228881836,9.085000038146973,9.09000015258789,3672100,0.0,0.0
2025-01-02 00:00:00-05:00,9.399999618530273,9.75,9.28499984741211,9.520000457763672,2966100,0.0,0.0
2025-01-03 00:00:00-05:00,9.550000190734863,9.638999938964844,9.100000381469727,9.520000457763672,3605200,0.0,0.0
2025-01-06 00:00:00-05:00,9.699999809265137,10.140000343322754,9.635000228881836,9.930000305175781,3761800,0.0,0.0
2025-01-07 00:00:00-05:00,10.109999656677246,10.609999656677246,9.805000305175781,9.989999771118164,4485900,0.0,0.0
2025-01-08 00:00:00-05:00,9.779999732971191,9.854999542236328,9.5600004196167,9.779999732971191,2805100,0.0,0.0
2025-01-10 00:00:00-05:00,9.5,9.979999542236328,9.4399995803833,9.869999885559082,3584000,0.0,0.0
2025-01-13 00:00:00-05:00,9.760000228881836,9.760000228881836,9.199999809265137,9.699999809265137,3660300,0.0,0.0
2025-01-14 00:00:00-05:00,10.359999656677246,10.4399995803833,9.239999771118164,9.359999656677246,9787900,0.0,0.0
2025-01-15 00:00:00-05:00,9.729999542236328,9.779999732971191,9.125,9.350000381469727,4401100,0.0,0.0
2025-01-16 00:00:00-05:00,9.34000015258789,9.369999885559082,9.085000038146973,9.15999984741211,3419100,0.0,0.0
2025-01-17 00:00:00-05:00,9.319999694824219,9.380000114440918,9.079999923706055,9.09000015258789,3052900,0.0,0.0
2025-01-21 00:00:00-05:00,9.020000457763672,9.604999542236328,9.020000457763672,9.5,3877100,0.0,0.0
2025-01-22 00:00:00-05:00,9.470000267028809,10.210000038146973,9.420000076293945,9.880000114440918,5871600,0.0,0.0
2025-01-23 00:00:00-05:00,9.800000190734863,10.199999809265137,9.5600004196167,10.140000343322754,4593900,0.0,0.0
2025-01-24 00:00:00-05:00,10.149999618530273,10.4399995803833,10.045000076293945,10.09000015258789,3188100,0.0,0.0
2025-01-27 00:00:00-05:00,9.949999809265137,10.375,9.899999618530273,10.210000038146973,4053200,0.0,0.0
2025-01-28 00:00:00-05:00,10.279999732971191,10.670000076293945,10.133999824523926,10.520000457763672,3974100,0.0,0.0
2025-01-29 00:00:00-05:00,10.5,10.609999656677246,10.300000190734863,10.350000381469727,2703300,0.0,0.0
2025-01-30 00:00:00-05:00,10.579999923706055,10.680000305175781,10.15999984741211,10.34000015258789,3435800,0.0,0.0
2025-01-31 00:00:00-05:00,10.34000015258789,10.420000076293945,10.029999732971191,10.15999984741211,3354100,0.0,0.0
2025-02-03 00:00:00-05:00,9.789999961853027,10.194999694824219,9.720000267028809,10.050000190734863,3466200,0.0,0.0
2025-02-04 00:00:00-05:00,10.109999656677246,10.770000457763672,10.079999923706055,10.399999618530273,3414900,0.0,0.0
2025-02-05 00:00:00-05:00,10.5,11.4399995803833,10.470000267028809,11.0,7380000,0.0,0.0
2025-02-06 00:00:00-05:00,11.109999656677246,12.670000076293945,10.8100004196167,11.970000267028809,18602300,0.0,0.0
2025-02-07 00:00:00-05:00,12.359999656677246,13.239999771118164,12.029999732971191,12.949999809265137,15396400,0.0,0.0
2025-02-10 00:00:00-05:00,13.569999694824219,14.75,12.972000122070312,13.859999656677246,17136800,0.0,0.0
2025-02-11 00:00:00-05:00,13.59000015258789,13.869999885559082,12.890000343322754,13.039999961853027,8376000,0.0,0.0
2025-02-12 00:00:00-05:00,12.859999656677246,13.170000076293945,12.270000457763672,12.550000190734863,8454500,0.0,0.0
2025-02-13 00:00:00-05:00,12.720000267028809,13.670000076293945,12.550000190734863,13.510000228881836,10467000,0.0,0.0
2025-02-14 00:00:00-05:00,14.239999771118164,15.210000038146973,13.470000267028809,14.329999923706055,20865000,0.0,0.0
2025-02-18 00:00:00-05:00,14.479999542236328,14.609999656677246,13.0,13.109999656677246,16577000,0.0,0.0
2025-02-19 00:00:00-05:00,13.0,14.069999694824219,12.029999732971191,13.770000457763672,27990700,0.0,0.0
2025-02-20 00:00:00-05:00,13.569999694824219,13.600000381469727,12.020000457763672,12.6899995803833,17217700,0.0,0.0
2025-02-21 00:00:00-05:00,12.399999618530273,12.6850004196167,11.335000038146973,11.510000228881836,14273500,0.0,0.0
2025-02-24 00:00:00-05:00,11.460000038146973,11.899999618530273,11.119999885559082,11.390000343322754,7447500,0.0,0.0
2025-02-25 00:00:00-05:00,11.229999542236328,11.520000457763672,10.930000305175781,11.180000305175781,8372800,0.0,0.0
2025-02-26 00:00:00-05:00,11.239999771118164,11.550000190734863,10.800000190734863,10.989999771118164,10736500,0.0,0.0
2025-02-27 00:00:00-05:00,9.899999618530273,10.020000457763672,8.819999694824219,9.5,21303300,0.0,0.0
2025-02-28 00:00:00-05:00,9.229999542236328,9.600000381469727,8.970000267028809,9.5600004196167,8293900,0.0,0.0
2025-03-03 00:00:00-05:00,9.550000190734863,9.9350004196167,9.350000381469727,9.430000305175781,8415700,0.0,0.0
2025-03-04 00:00:00-05:00,9.029999732971191,9.456000328063965,8.8100004196167,9.199999809265137,8408900,0.0,0.0
2025-03-05 00:00:00-05:00,9.145000457763672,9.319999694824219,8.8149995803833,9.029999732971191,6868700,0.0,0.0
2025-03-06 00:00:00-05:00,9.25,9.904999732971191,9.069999694824219,9.390000343322754,13596900,0.0,0.0
2025-03-07 00:00:00-05:00,9.109999656677246,9.460000038146973,8.90999984741211,9.149999618530273,6637700,0.0,0.0
2025-03-10 00:00:00-04:00,8.930000305175781,9.149999618530273,8.619999885559082,8.930000305175781,7755900,0.0,0.0
2025-03-11 00:00:00-04:00,8.774999618530273,9.199999809265137,8.760000228881836,9.0,6078500,0.0,0.0
2025-03-12 00:00:00-04:00,9.149999618530273,9.239999771118164,8.699999809265137,8.880000114440918,7164000,0.0,0.0
2025-03-13 00:00:00-04:00,8.9399995803833,8.949999809265137,8.479999542236328,8.489999771118164,5933500,0.0,0.0
2025-03-14 00:00:00-04:00,8.619999885559082,8.704999923706055,8.470000267028809,8.619999885559082,4798200,0.0,0.0
2025-03-17 00:00:00-04:00,8.529999732971191,8.899999618530273,8.510000228881836,8.869999885559082,6674400,0.0,0.0
2025-03-18 00:00:00-04:00,8.829999923706055,8.829999923706055,8.354999542236328,8.390000343322754,5338700,0.0,0.0
2025-03-19 00:00:00-04:00,8.359999656677246,8.574999809265137,8.300000190734863,8.489999771118164,5819400,0.0,0.0
2025-03-20 00:00:00-04:00,8.279999732971191,8.53499984741211,8.149999618530273,8.170000076293945,4715100,0.0,0.0
2025-03-21 00:00:00-04:00,8.010000228881836,8.510000228881836,7.940000057220459,8.40999984741211,6776300,0.0,0.0
2025-03-24 00:00:00-04:00,8.510000228881836,8.880000114440918,8.505000114440918,8.819999694824219,4256800,0.0,0.0
2025-03-25 00:00:00-04:00,8.819999694824219,8.854999542236328,8.539999961853027,8.640000343322754,4196600,0.0,0.0
2025-03-26 00:00:00-04:00,8.680000305175781,8.710000038146973,8.479999542236328,8.640000343322754,3868900,0.0,0.0
2025-03-27 00:00:00-04:00,8.609999656677246,8.62600040435791,8.399999618530273,8.5600004196167,4201000,0.0,0.0
2025-03-28 00:00:00-04:00,8.5,8.510000228881836,8.0649995803833,8.09000015258789,4322900,0.0,0.0
2025-03-31 00:00:00-04:00,7.75,8.15999984741211,7.670000076293945,7.960000038146973,4325600,0.0,0.0
2025-04-01 00:00:00-04:00,7.849999904632568,8.09000015258789,7.690000057220459,7.760000228881836,6169300,0.0,0.0
2025-04-02 00:00:00-04:00,7.599999904632568,7.954999923706055,7.554999828338623,7.789999961853027,5085400,0.0,0.0
2025-04-03 00:00:00-04:00,7.28000020980835,7.670000076293945,7.21999979019165,7.53000020980835,6519300,0.0,0.0
2025-04-04 00:00:00-04:00,7.284999847412109,7.380000114440918,6.760000228881836,7.289999961853027,7761800,0.0,0.0
2025-04-07 00:00:00-04:00,6.940000057220459,7.563000202178955,6.610000133514404,7.230000019073486,8984200,0.0,0.0
2025-04-08 00:00:00-04:00,7.5,7.550000190734863,6.960000038146973,7.159999847412109,6116500,0.0,0.0
2025-04-09 00:00:00-04:00,7.03000020980835,8.0600004196167,6.889999866485596,7.880000114440918,7045400,0.0,0.0
2025-04-10 00:00:00-04:00,7.590000152587891,7.625,7.050000190734863,7.239999771118164,6021700,0.0,0.0
2025-04-11 00:00:00-04:00,7.090000152587891,7.260000228881836,6.920000076293945,7.25,5044200,0.0,0.0
2025-04-14 00:00:00-04:00,7.400000095367432,7.420000076293945,7.125,7.239999771118164,3328700,0.0,0.0
2025-04-15 00:00:00-04:00,7.170000076293945,7.360000133514404,7.139999866485596,7.139999866485596,5330300,0.0,0.0
2025-04-16 00:00:00-04:00,7.059999942779541,7.159999847412109,6.78000020980835,6.900000095367432,4504200,0.0,0.0
2025-04-17 00:00:00-04:00,6.849999904632568,6.960000038146973,6.763000011444092,6.829999923706055,3835700,0.0,0.0
2025-04-21 00:00:00-04:00,6.710000038146973,6.760000228881836,6.349999904632568,6.510000228881836,6108400,0.0,0.0
2025-04-22 00:00:00-04:00,6.59499979019165,6.934999942779541,6.53000020980835,6.900000095367432,6952700,0.0,0.0
2025-04-23 00:00:00-04:00,7.199999809265137,7.364999771118164,7.0,7.070000171661377,4058300,0.0,0.0
2025-04-24 00:00:00-04:00,7.139999866485596,7.28000020980835,7.085999965667725,7.260000228881836,4289600,0.0,0.0
2025-04-25 00:00:00-04:00,7.190000057220459,7.264999866485596,7.059999942779541,7.199999809265137,2390000,0.0,0.0
2025-04-28 00:00:00-04:00,7.25,7.414999961853027,7.019999980926514,7.159999847412109,4427500,0.0,0.0
2025-04-29 00:00:00-04:00,7.25,7.579999923706055,7.184999942779541,7.329999923706055,6418400,0.0,0.0
2025-04-30 00:00:00-04:00,7.199999809265137,7.300000190734863,7.070000171661377,7.190000057220459,7563600,0.0,0.0
2025-05-01 00:00:00-04:00,7.25,7.519999980926514,6.610000133514404,6.989999771118164,13552700,0.0,0.0
2025-05-02 00:00:00-04:00,6.980000019073486,7.199999809265137,6.840000152587891,7.059999942779541,6371000,0.0,0.0
2025-05-05 00:00:00-04:00,6.940000057220459,7.269999980926514,6.860000133514404,7.150000095367432,6444300,0.0,0.0
2025-05-06 00:00:00-04:00,7.039999961853027,7.099999904632568,6.76200008392334,6.78000020980835,4869900,0.0,0.0
2025-05-07 00:00:00-04:00,6.820000171661377,6.920000076293945,6.724999904632568,6.860000133514404,5403100,0.0,0.0
2025-05-08 00:00:00-04:00,6.920000076293945,7.190000057220459,6.860000133514404,7.079999923706055,4953600,0.0,0.0
2025-05-09 00:00:00-04:00,7.139999866485596,7.239999771118164,7.03000020980835,7.110000133514404,3492700,0.0,0.0
2025-05-12 00:00:00-04:00,7.400000095367432,7.550000190734863,7.260000228881836,7.349999904632568,4511300,0.0,0.0
2025-05-13 00:00:00-04:00,7.375,7.71999979019165,7.349999904632568,7.619999885559082,5818400,0.0,0.0
2025-05-14 00:00:00-04:00,7.599999904632568,7.679999828338623,7.309999942779541,7.340000152587891,4251700,0.0,0.0
2025-05-15 00:00:00-04:00,7.210000038146973,7.289999961853027,6.980000019073486,7.25,5260800,0.0,0.0
2025-05-16 00:00:00-04:00,7.25,7.570000171661377,7.239999771118164,7.519999980926514,4648700,0.0,0.0
2025-05-19 00:00:00-04:00,7.360000133514404,7.364999771118164,7.183000087738037,7.309999942779541,3802800,0.0,0.0
2025-05-20 00:00:00-04:00,7.309999942779541,7.570000171661377,7.21999979019165,7.340000152587891,2907300,0.0,0.0
2025-05-21 00:00:00-04:00,7.150000095367432,7.25,6.954999923706055,6.96999979019165,3796700,0.0,0.0
2025-05-22 00:00:00-04:00,6.869999885559082,7.0,6.789999961853027,6.900000095367432,6087900,0.0,0.0
2025-05-23 00:00:00-04:00,6.730000019073486,6.829999923706055,6.699999809265137,6.809999942779541,4122100,0.0,0.0
2025-05-27 00:00:00-04:00,6.960000038146973,7.099999904632568,6.929999828338623,7.079999923706055,4021200,0.0,0.0
2025-05-28 00:00:00-04:00,7.059999942779541,7.059999942779541,6.889999866485596,6.96999979019165,3695900,0.0,0.0
2025-05-29 00:00:00-04:00,7.059999942779541,7.340000152587891,6.929999828338623,6.980000019073486,6445200,0.0,0.0
2025-05-30 00:00:00-04:00,6.920000076293945,6.954999923706055,6.710000038146973,6.920000076293945,6256800,0.0,0.0
2025-06-02 00:00:00-04:00,6.900000095367432,6.965000152587891,6.739999771118164,6.869999885559082,4311900,0.0,0.0
2025-06-03 00:00:00-04:00,6.909999847412109,7.110000133514404,6.829999923706055,7.059999942779541,4762400,0.0,0.0
2025-06-04 00:00:00-04:00,7.079999923706055,7.260000228881836,7.059999942779541,7.119999885559082,4942300,0.0,0.0
2025-06-05 00:00:00-04:00,7.099999904632568,7.25,6.920000076293945,6.929999828338623,5452400,0.0,0.0
2025-06-06 00:00:00-04:00,7.070000171661377,7.420000076293945,7.054999828338623,7.269999980926514,5279600,0.0,0.0
2025-06-09 00:00:00-04:00,7.440000057220459,7.559999942779541,7.295000076293945,7.400000095367432,4976200,0.0,0.0
2025-06-10 00:00:00-04:00,7.5,7.590000152587891,7.389999866485596,7.400000095367432,3836300,0.0,0.0
2025-06-11 00:00:00-04:00,7.409999847412109,7.579999923706055,7.369999885559082,7.420000076293945,4188700,0.0,0.0
2025-06-12 00:00:00-04:00,7.300000190734863,7.320000171661377,7.110000133514404,7.170000076293945,4996700,0.0,0.0
2025-06-13 00:00:00-04:00,6.880000114440918,7.085000038146973,6.849999904632568,6.860000133514404,4471300,0.0,0.0
2025-06-16 00:00:00-04:00,6.949999809265137,7.074999809265137,6.875,7.019999980926514,3840500,0.0,0.0
2025-06-17 00:00:00-04:00,6.949999809265137,7.260000228881836,6.885000228881836,7.079999923706055,5125600,0.0,0.0
2025-06-18 00:00:00-04:00,7.039999961853027,7.150000095367432,6.960000038146973,7.010000228881836,3156600,0.0,0.0
2025-06-20 00:00:00-04:00,7.119999885559082,7.144999980926514,6.849999904632568,6.900000095367432,5680500,0.0,0.0
2025-06-23 00:00:00-04:00,6.880000114440918,8.079999923706055,6.679999828338623,7.889999866485596,27239300,0.0,0.0
2025-06-24 00:00:00-04:00,8.239999771118164,8.3100004196167,7.829999923706055,8.0,20991200,0.0,0.0
2025-06-25 00:00:00-04:00,8.039999961853027,8.119999885559082,7.519999980926514,7.570000171661377,11431600,0.0,0.0
2025-06-26 00:00:00-04:00,7.599999904632568,8.14799976348877,7.550000190734863,8.050000190734863,9489400,0.0,0.0
2025-06-27 00:00:00-04:00,8.074999809265137,8.914999961853027,8.050000190734863,8.40999984741211,18226100,0.0,0.0
2025-06-30 00:00:00-04:00,8.529999732971191,8.930000305175781,8.4399995803833,8.710000038146973,7907700,0.0,0.0
2025-07-01 00:00:00-04:00,8.5600004196167,8.71500015258789,8.3100004196167,8.579999923706055,9622500,0.0,0.0
2025-07-02 00:00:00-04:00,8.5600004196167,8.625,8.3100004196167,8.350000381469727,6641100,0.0,0.0
2025-07-03 00:00:00-04:00,8.350000381469727,8.390000343322754,8.140000343322754,8.289999961853027,3881700,0.0,0.0
2025-07-07 00:00:00-04:00,8.15999984741211,8.180000305175781,7.940000057220459,8.069999694824219,5643000,0.0,0.0
2025-07-08 00:00:00-04:00,8.050000190734863,8.520000457763672,8.050000190734863,8.510000228881836,7237600,0.0,0.0
2025-07-09 00:00:00-04:00,8.649999618530273,8.9399995803833,8.470000267028809,8.850000381469727,7177700,0.0,0.0
2025-07-10 00:00:00-04:00,8.949999809265137,9.100000381469727,8.734999656677246,8.8100004196167,6644800,0.0,0.0
2025-07-11 00:00:00-04:00,8.569999694824219,8.675000190734863,8.260000228881836,8.319999694824219,6762200,0.0,0.0
2025-07-14 00:00:00-04:00,8.260000228881836,8.34000015258789,7.954999923706055,8.270000457763672,6916200,0.0,0.0
2025-07-15 00:00:00-04:00,8.390000343322754,8.4399995803833,7.860000133514404,7.909999847412109,6176400,0.0,0.0
2025-07-16 00:00:00-04:00,7.940000057220459,8.0,7.690000057220459,7.880000114440918,5229400,0.0,0.0
2025-07-17 00:00:00-04:00,8.020000457763672,8.350000381469727,7.965000152587891,8.039999961853027,6793300,0.0,0.0
2025-07-18 00:00:00-04:00,8.119999885559082,8.140000343322754,7.824999809265137,8.050000190734863,6078900,0.0,0.0
2025-07-21 00:00:00-04:00,8.1899995803833,8.8100004196167,8.17199993133545,8.329999923706055,7545400,0.0,0.0
2025-07-22 00:00:00-04:00,8.399999618530273,8.710000038146973,8.319999694824219,8.420000076293945,7282000,0.0,0.0
2025-07-23 00:00:00-04:00,8.600000381469727,8.90999984741211,8.5,8.579999923706055,11515700,0.0,0.0
2025-07-24 00:00:00-04:00,8.550000190734863,8.770000457763672,8.180000305175781,8.199999809265137,5576600,0.0,0.0
2025-07-25 00:00:00-04:00,8.25,8.25,7.96999979019165,8.199999809265137,6333900,0.0,0.0
2025-07-28 00:00:00-04:00,8.279999732971191,8.319999694824219,8.130000114440918,8.199999809265137,5074400,0.0,0.0
2025-07-29 00:00:00-04:00,8.079999923706055,8.119999885559082,7.5,7.53000020980835,14573200,0.0,0.0
2025-07-30 00:00:00-04:00,7.650000095367432,7.849999904632568,7.300000190734863,7.400000095367432,15120200,0.0,0.0
2025-07-31 00:00:00-04:00,7.269999980926514,7.545000076293945,7.199999809265137,7.210000038146973,8319900,0.0,0.0
2025-08-01 00:00:00-04:00,7.139999866485596,7.210000038146973,6.900000095367432,6.940000057220459,8724500,0.0,0.0
2025-08-04 00:00:00-04:00,6.980000019073486,7.150000095367432,6.960000038146973,6.96999979019165,5678100,0.0,0.0
2025-08-05 00:00:00-04:00,6.960000038146973,7.005000114440918,6.849999904632568,6.960000038146973,7967800,0.0,0.0
2025-08-06 00:00:00-04:00,6.920000076293945,7.005000114440918,6.769999980926514,6.989999771118164,7709400,0.0,0.0
2025-08-07 00:00:00-04:00,7.090000152587891,7.150000095367432,6.789999961853027,6.949999809265137,8439100,0.0,0.0
2025-08-08 00:00:00-04:00,6.960000038146973,7.0980000495910645,6.849999904632568,6.960000038146973,6018800,0.0,0.0
2025-08-11 00:00:00-04:00,6.96999979019165,7.058000087738037,6.78000020980835,6.78000020980835,6494600,0.0,0.0
2025-08-12 00:00:00-04:00,6.820000171661377,6.934999942779541,6.755000114440918,6.869999885559082,7566800,0.0,0.0
2025-08-13 00:00:00-04:00,6.980000019073486,7.489999771118164,6.949999809265137,7.440000057220459,8289400,0.0,0.0
2025-08-14 00:00:00-04:00,7.349999904632568,7.420000076293945,7.130000114440918,7.300000190734863,4557900,0.0,0.0
2025-08-15 00:00:00-04:00,7.440000057220459,7.650000095367432,7.380000114440918,7.519999980926514,5733200,0.0,0.0
2025-08-18 00:00:00-04:00,7.579999923706055,7.605000019073486,7.440000057220459,7.489999771118164,4302400,0.0,0.0
2025-08-19 00:00:00-04:00,7.554999828338623,7.704999923706055,7.320000171661377,7.340000152587891,4808800,0.0,0.0
2025-08-20 00:00:00-04:00,7.320000171661377,7.320000171661377,7.059999942779541,7.21999979019165,4614800,0.0,0.0
2025-08-21 00:00:00-04:00,7.099999904632568,7.260000228881836,7.090000152587891,7.190000057220459,3530900,0.0,0.0
2025-08-22 00:00:00-04:00,7.239999771118164,7.710000038146973,7.21999979019165,7.679999828338623,6061200,0.0,0.0
2025-08-25 00:00:00-04:00,7.650000095367432,7.769999980926514,7.550000190734863,7.670000076293945,4632800,0.0,0.0
2025-08-26 00:00:00-04:00,7.679999828338623,7.875,7.670000076293945,7.809999942779541,7864100,0.0,0.0
2025-08-27 00:00:00-04:00,7.764999866485596,7.829999923706055,7.690000057220459,7.739999771118164,3629200,0.0,0.0
2025-08-28 00:00:00-04:00,7.800000190734863,7.900000095367432,7.699999809265137,7.889999866485596,3929500,0.0,0.0
2025-08-29 00:00:00-04:00,7.900000095367432,7.909999847412109,7.659999847412109,7.730000019073486,3542300,0.0,0.0
2025-09-02 00:00:00-04:00,7.53000020980835,7.739999771118164,7.449999809265137,7.639999866485596,4520500,0.0,0.0
2025-09-03 00:00:00-04:00,7.590000152587891,7.860000133514404,7.579999923706055,7.760000228881836,4041700,0.0,0.0
2025-09-04 00:00:00-04:00,7.690000057220459,7.7179999351501465,7.5,7.630000114440918,4790700,0.0,0.0
2025-09-05 00:00:00-04:00,7.639999866485596,7.96999979019165,7.639999866485596,7.820000171661377,4947700,0.0,0.0
2025-09-08 00:00:00-04:00,7.889999866485596,7.900000095367432,7.710000038146973,7.840000152587891,3686900,0.0,0.0
2025-09-09 00:00:00-04:00,7.809999942779541,7.840000152587891,7.670000076293945,7.800000190734863,3996800,0.0,0.0
2025-09-10 00:00:00-04:00,7.809999942779541,7.809999942779541,7.489999771118164,7.489999771118164,4745800,0.0,0.0
2025-09-11 00:00:00-04:00,7.5,7.849999904632568,7.46999979019165,7.769999980926514,3722900,0.0,0.0
2025-09-12 00:00:00-04:00,7.71999979019165,7.75,7.610000133514404,7.679999828338623,3038300,0.0,0.0
2025-09-15 00:00:00-04:00,7.699999809265137,7.764999866485596,7.599999904632568,7.670000076293945,2552900,0.0,0.0
2025-09-16 00:00:00-04:00,7.670000076293945,7.880000114440918,7.599999904632568,7.869999885559082,3742800,0.0,0.0
2025-09-17 00:00:00-04:00,7.860000133514404,8.229999542236328,7.775000095367432,7.900000095367432,5441200,0.0,0.0
2025-09-18 00:00:00-04:00,7.989999771118164,8.350000381469727,7.989999771118164,8.260000228881836,4748700,0.0,0.0
2025-09-19 00:00:00-04:00,8.300000190734863,8.300000190734863,7.900000095367432,7.949999809265137,6329100,0.0,0.0
2025-09-22 00:00:00-04:00,7.860000133514404,8.239999771118164,7.769999980926514,8.1899995803833,5664900,0.0,0.0
2025-09-23 00:00:00-04:00,8.239999771118164,8.899999618530273,8.180000305175781,8.369999885559082,9759200,0.0,0.0
2025-09-24 00:00:00-04:00,8.390000343322754,8.510000228881836,8.25,8.399999618530273,5289500,0.0,0.0
2025-09-25 00:00:00-04:00,8.270000457763672,8.300000190734863,7.940000057220459,7.949999809265137,6856700,0.0,0.0
2025-09-26 00:00:00-04:00,7.920000076293945,8.409000396728516,7.900000095367432,8.15999984741211,7360800,0.0,0.0
2025-09-29 00:00:00-04:00,8.1899995803833,8.399999618530273,8.079999923706055,8.199999809265137,8495600,0.0,0.0
2025-09-30 00:00:00-04:00,8.15999984741211,8.1899995803833,7.659999847412109,7.730000019073486,7971000,0.0,0.0
2025-10-01 00:00:00-04:00,7.739999771118164,7.980000019073486,7.730000019073486,7.800000190734863,5921600,0.0,0.0
2025-10-02 00:00:00-04:00,7.809999942779541,8.5,7.769999980926514,8.479999542236328,8033200,0.0,0.0
2025-10-03 00:00:00-04:00,8.609999656677246,9.770000457763672,8.5,9.010000228881836,23579500,0.0,0.0
2025-10-06 00:00:00-04:00,9.100000381469727,9.100000381469727,8.5600004196167,8.569999694824219,13503100,0.0,0.0
2025-10-07 00:00:00-04:00,8.630000114440918,8.630000114440918,8.220000267028809,8.369999885559082,8194500,0.0,0.0
2025-10-08 00:00:00-04:00,8.470000267028809,9.289999961853027,8.289999961853027,9.09000015258789,12397500,0.0,0.0
2025-10-09 00:00:00-04:00,9.119999885559082,9.170000076293945,8.710000038146973,8.850000381469727,9226900,0.0,0.0
2025-10-10 00:00:00-04:00,8.850000381469727,8.873000144958496,8.0,8.0,11244100,0.0,0.0
2025-10-13 00:00:00-04:00,8.149999618530273,8.270000457763672,7.985000133514404,8.25,5591300,0.0,0.0
2025-10-14 00:00:00-04:00,8.029999732971191,9.029999732971191,7.96999979019165,8.930000305175781,7903600,0.0,0.0
2025-10-15 00:00:00-04:00,8.949999809265137,9.100000381469727,8.699999809265137,8.9399995803833,8154600,0.0,0.0
2025-10-16 00:00:00-04:00,8.979999542236328,9.550000190734863,8.899999618530273,9.020000457763672,11456900,0.0,0.0
2025-10-17 00:00:00-04:00,8.75,8.930000305175781,8.430000305175781,8.529999732971191,6449100,0.0,0.0
2025-10-20 00:00:00-04:00,8.75,8.989999771118164,8.65999984741211,8.979999542236328,7885800,0.0,0.0
2025-10-21 00:00:00-04:00,8.930000305175781,8.98799991607666,8.539999961853027,8.65999984741211,8197800,0.0,0.0
2025-10-22 00:00:00-04:00,8.670000076293945,8.824999809265137,8.255000114440918,8.34000015258789,9492100,0.0,0.0
2025-10-23 00:00:00-04:00,8.34000015258789,8.619999885559082,8.260000228881836,8.600000381469727,7380500,0.0,0.0
2025-10-24 00:00:00-04:00,8.930000305175781,9.539999961853027,8.800000190734863,9.460000038146973,13853400,0.0,0.0
2025-10-27 00:00:00-04:00,9.760000228881836,9.770000457763672,8.949999809265137,9.010000228881836,10091900,0.0,0.0
2025-10-28 00:00:00-04:00,8.920000076293945,9.100000381469727,8.300000190734863,8.359999656677246,13562300,0.0,0.0
2025-10-29 00:00:00-04:00,8.399999618530273,8.600000381469727,8.1899995803833,8.229999542236328,12562300,0.0,0.0
2025-10-30 00:00:00-04:00,8.100000381469727,9.024999618530273,7.960000038146973,8.739999771118164,14593000,0.0,0.0
2025-10-31 00:00:00-04:00,8.739999771118164,9.149999618530273,8.460000038146973,8.630000114440918,9619200,0.0,0.0
2025-11-03 00:00:00-05:00,8.510000228881836,8.510000228881836,7.789999961853027,8.140000343322754,10522400,0.0,0.0
2025-11-04 00:00:00-05:00,7.940000057220459,8.154999732971191,7.820000171661377,7.980000019073486,8838200,0.0,0.0
2025-11-05 00:00:00-05:00,8.010000228881836,8.274999618530273,7.96999979019165,8.0600004196167,5210400,0.0,0.0
2025-11-06 00:00:00-05:00,8.109999656677246,8.109999656677246,7.590000152587891,7.619999885559082,6876100,0.0,0.0
2025-11-07 00:00:00-05:00,7.5,7.570000171661377,7.309999942779541,7.53000020980835,6341000,0.0,0.0
2025-11-10 00:00:00-05:00,7.670000076293945,7.679999828338623,7.46999979019165,7.5,5272700,0.0,0.0
2025-11-11 00:00:00-05:00,7.510000228881836,7.630000114440918,7.449999809265137,7.559999942779541,3771000,0.0,0.0
2025-11-12 00:00:00-05:00,7.559999942779541,7.679999828338623,7.422999858856201,7.46999979019165,4286600,0.0,0.0
2025-11-13 00:00:00-05:00,7.340000152587891,7.348999977111816,7.03000020980835,7.070000171661377,6638000,0.0,0.0
2025-11-14 00:00:00-05:00,6.940000057220459,7.066999912261963,6.869999885559082,6.920000076293945,8029600,0.0,0.0
2025-11-17 00:00:00-05:00,6.880000114440918,6.920000076293945,6.579999923706055,6.75,9735400,0.0,0.0
2025-11-18 00:00:00-05:00,6.789999961853027,7.054999828338623,6.664999961853027,7.0,7776900,0.0,0.0
2025-11-19 00:00:00-05:00,7.03000020980835,7.139999866485596,6.854000091552734,7.050000190734863,5831100,0.0,0.0
2025-11-20 00:00:00-05:00,7.150000095367432,7.340000152587891,6.730000019073486,6.760000228881836,10399300,0.0,0.0
2025-11-21 00:00:00-05:00,6.760000228881836,7.070000171661377,6.730000019073486,6.960000038146973,6236800,0.0,0.0
2025-11-24 00:00:00-05:00,7.039999961853027,7.28000020980835,6.949999809265137,7.25,9209900,0.0,0.0
2025-11-25 00:00:00-05:00,7.349999904632568,7.46999979019165,7.21999979019165,7.460000038146973,5268400,0.0,0.0
2025-11-26 00:00:00-05:00,7.409999847412109,7.559999942779541,7.389999866485596,7.449999809265137,3854100,0.0,0.0
2025-11-28 00:00:00-05:00,7.53000020980835,7.619999885559082,7.449999809265137,7.590000152587891,2229100,0.0,0.0
2025-12-01 00:00:00-05:00,7.349999904632568,7.619999885559082,7.340000152587891,7.440000057220459,4373400,0.0,0.0
2025-12-02 00:00:00-05:00,7.460000038146973,7.585000038146973,7.400000095367432,7.5,4415800,0.0,0.0
2025-12-03 00:00:00-05:00,7.480000019073486,7.570000171661377,7.369999885559082,7.53000020980835,4744500,0.0,0.0
2025-12-04 00:00:00-05:00,7.440000057220459,7.809999942779541,7.329999923706055,7.78000020980835,5002600,0.0,0.0
2025-12-05 00:00:00-05:00,7.760000228881836,7.809999942779541,7.579999923706055,7.590000152587891,3682300,0.0,0.0
2025-12-08 00:00:00-05:00,7.650000095367432,7.690000057220459,7.53000020980835,7.559999942779541,3282300,0.0,0.0
2025-12-09 00:00:00-05:00,7.46999979019165,7.789999961853027,7.409999847412109,7.699999809265137,3818300,0.0,0.0
2025-12-10 00:00:00-05:00,7.675000190734863,7.840000152587891,7.510000228881836,7.690000057220459,3834000,0.0,0.0
2025-12-11 00:00:00-05:00,7.679999828338623,7.730000019073486,7.571000099182129,7.619999885559082,2893900,0.0,0.0
2025-12-12 00:00:00-05:00,7.650000095367432,7.769999980926514,7.519999980926514,7.550000190734863,3480600,0.0,0.0
2025-12-15 00:00:00-05:00,7.599999904632568,7.607999801635742,7.320000171661377,7.340000152587891,5236200,0.0,0.0
2025-12-16 00:00:00-05:00,7.25,7.434999942779541,7.2220001220703125,7.409999847412109,3253700,0.0,0.0
2025-12-17 00:00:00-05:00,7.389999866485596,7.570000171661377,7.179999828338623,7.25,3832000,0.0,0.0
2025-12-18 00:00:00-05:00,7.320000171661377,7.46999979019165,7.099999904632568,7.139999866485596,4072700,0.0,0.0
2025-12-19 00:00:00-05:00,7.179999828338623,7.289999961853027,7.139999866485596,7.230000019073486,4421100,0.0,0.0
2025-12-22 00:00:00-05:00,7.239999771118164,7.579999923706055,7.21999979019165,7.260000228881836,5717600,0.0,0.0
2025-12-23 00:00:00-05:00,7.215000152587891,7.239999771118164,7.090000152587891,7.210000038146973,4361700,0.0,0.0
2025-12-24 00:00:00-05:00,7.199999809265137,7.28000020980835,7.124000072479248,7.25,1744000,0.0,0.0
2025-12-26 00:00:00-05:00,7.199999809265137,7.204999923706055,7.099999904632568,7.119999885559082,2806200,0.0,0.0
2025-12-29 00:00:00-05:00,7.039999961853027,7.150000095367432,6.880000114440918,6.929999828338623,5737800,0.0,0.0
2025-12-30 00:00:00-05:00,6.960000038146973,7.059999942779541,6.934999942779541,7.0,4429600,0.0,0.0
2025-12-31 00:00:00-05:00,6.960000038146973,7.015999794006348,6.894999980926514,7.0,4461300,0.0,0.0
2026-01-02 00:00:00-05:00,7.0,7.119999885559082,6.940000057220459,7.050000190734863,4129100,0.0,0.0
2026-01-05 00:00:00-05:00,7.099999904632568,7.355000019073486,7.079999923706055,7.28000020980835,4162600,0.0,0.0
2026-01-06 00:00:00-05:00,7.269999980926514,8.050000190734863,7.269999980926514,8.0,9269400,0.0,0.0
2026-01-07 00:00:00-05:00,8.0,8.055000305175781,7.53000020980835,7.570000171661377,4770900,0.0,0.0
2026-01-08 00:00:00-05:00,7.559999942779541,7.78000020980835,7.514999866485596,7.610000133514404,4501500,0.0,0.0
2026-01-09 00:00:00-05:00,7.71999979019165,7.775000095367432,7.360000133514404,7.460000038146973,4997400,0.0,0.0
2026-01-12 00:00:00-05:00,7.420000076293945,7.440999984741211,7.2220001220703125,7.25,3679200,0.0,0.0
2026-01-13 00:00:00-05:00,7.400000095367432,7.400000095367432,6.980000019073486,6.989999771118164,4680000,0.0,0.0
2026-01-14 00:00:00-05:00,6.940000057220459,7.0,6.559999942779541,6.610000133514404,9687600,0.0,0.0
2026-01-15 00:00:00-05:00,6.610000133514404,6.659999847412109,6.449999809265137,6.53000020980835,7520200,0.0,0.0
2026-01-16 00:00:00-05:00,6.480000019073486,6.510000228881836,6.255000114440918,6.28000020980835,7518100,0.0,0.0
2026-01-20 00:00:00-05:00,6.110000133514404,6.230000019073486,6.03000020980835,6.070000171661377,9478000,0.0,0.0
2026-01-21 00:00:00-05:00,6.099999904632568,6.320000171661377,6.099999904632568,6.159999847412109,7157600,0.0,0.0
2026-01-22 00:00:00-05:00,6.199999809265137,6.400000095367432,6.150000095367432,6.349999904632568,7354500,0.0,0.0
2026-01-23 00:00:00-05:00,6.269999980926514,6.389999866485596,6.210000038146973,6.329999923706055,4979600,0.0,0.0
2026-01-26 00:00:00-05:00,6.340000152587891,6.505000114440918,6.269999980926514,6.289999961853027,4775700,0.0,0.0
2026-01-27 00:00:00-05:00,6.28000020980835,6.320000171661377,5.840000152587891,5.909999847412109,10255900,0.0,0.0
2026-01-28 00:00:00-05:00,5.920000076293945,5.960000038146973,5.699999809265137,5.739999771118164,7622500,0.0,0.0
2026-01-29 00:00:00-05:00,5.760000228881836,5.764999866485596,5.559999942779541,5.699999809265137,6897200,0.0,0.0
2026-01-30 00:00:00-05:00,5.659999847412109,5.75,5.389999866485596,5.449999809265137,6642200,0.0,0.0
2026-02-02 00:00:00-05:00,5.420000076293945,5.579999923706055,5.349999904632568,5.369999885559082,6640800,0.0,0.0
2026-02-03 00:00:00-05:00,5.349999904632568,5.420000076293945,4.954999923706055,5.110000133514404,11391400,0.0,0.0
2026-02-04 00:00:00-05:00,5.039999961853027,5.179999828338623,4.860000133514404,4.909999847412109,10472200,0.0,0.0
2026-02-05 00:00:00-05:00,4.820000171661377,4.989999771118164,4.699999809265137,4.730000019073486,10152200,0.0,0.0
2026-02-06 00:00:00-05:00,4.739999771118164,5.074999809265137,4.710000038146973,5.010000228881836,8390800,0.0,0.0
2026-02-09 00:00:00-05:00,4.989999771118164,5.070000171661377,4.860000133514404,4.980000019073486,5912800,0.0,0.0
2026-02-10 00:00:00-05:00,5.019999980926514,5.059999942779541,4.840000152587891,4.849999904632568,4777900,0.0,0.0
2026-02-11 00:00:00-05:00,4.829999923706055,4.8379998207092285,4.53000020980835,4.679999828338623,7459900,0.0,0.0
2026-02-12 00:00:00-05:00,4.75,4.769999980926514,4.400000095367432,4.46999979019165,7760700,0.0,0.0
2026-02-13 00:00:00-05:00,4.480000019073486,4.855000019073486,4.46999979019165,4.650000095367432,6181600,0.0,0.0
2026-02-17 00:00:00-05:00,4.670000076293945,4.739999771118164,4.480000019073486,4.559999942779541,4694100,0.0,0.0
2026-02-18 00:00:00-05:00,4.539999961853027,4.769999980926514,4.510000228881836,4.659999847412109,4502000,0.0,0.0
2026-02-19 00:00:00-05:00,4.659999847412109,4.889999866485596,4.598999977111816,4.880000114440918,4610200,0.0,0.0
2026-02-20 00:00:00-05:00,4.800000190734863,4.920000076293945,4.699999809265137,4.739999771118164,5893700,0.0,0.0
2026-02-23 00:00:00-05:00,4.670000076293945,4.704999923706055,4.480000019073486,4.559999942779541,4705700,0.0,0.0
2026-02-24 00:00:00-05:00,4.550000190734863,4.579999923706055,4.46999979019165,4.539999961853027,3818300,0.0,0.0
2026-02-25 00:00:00-05:00,4.619999885559082,4.739999771118164,4.53000020980835,4.650000095367432,6335200,0.0,0.0
2026-02-26 00:00:00-05:00,4.760000228881836,5.488999843597412,4.760000228881836,5.349999904632568,21753700,0.0,0.0
2026-02-27 00:00:00-05:00,5.239999771118164,5.329999923706055,5.090000152587891,5.260000228881836,11977900,0.0,0.0
2026-03-02 00:00:00-05:00,5.090000152587891,5.230000019073486,5.006999969482422,5.159999847412109,7050600,0.0,0.0
2026-03-03 00:00:00-05:00,4.989999771118164,5.179999828338623,4.869999885559082,5.099999904632568,5703300,0.0,0.0
2026-03-04 00:00:00-05:00,5.179999828338623,5.324999809265137,5.123000144958496,5.130000114440918,4424900,0.0,0.0
2026-03-05 00:00:00-05:00,5.050000190734863,5.199999809265137,5.010000228881836,5.119999885559082,3549000,0.0,0.0
2026-03-06 00:00:00-05:00,5.03000020980835,5.119999885559082,4.949999809265137,5.079999923706055,3440700,0.0,0.0
2026-03-09 00:00:00-04:00,5.010000228881836,5.320000171661377,4.960000038146973,5.300000190734863,5987300,0.0,0.0
2026-03-10 00:00:00-04:00,6.010000228881836,6.090000152587891,5.480000019073486,5.570000171661377,15205200,0.0,0.0
2026-03-11 00:00:00-04:00,5.539999961853027,5.572999954223633,5.355000019073486,5.46999979019165,5811300,0.0,0.0
2026-03-12 00:00:00-04:00,5.409999847412109,5.460000038146973,5.329999923706055,5.360000133514404,4391156,0.0,0.0
