Date,Open,High,Low,Close,Volume,Change
2022-01-03,198500,199000,193000,194500,435017,-0.015189873417721489
2022-01-04,195000,196000,190500,192000,535381,-0.01285347043701801
2022-01-05,191000,191000,187000,190000,828739,-0.01041666666666663
2022-01-06,186500,189000,181000,181500,998336,-0.044736842105263186
2022-01-07,183000,189000,182000,187500,680784,0.03305785123966931
2022-01-10,185500,187000,179500,181000,550436,-0.03466666666666662
2022-01-11,181000,184000,179500,181500,426856,0.0027624309392264568
2022-01-12,184500,185500,181500,184500,434815,0.016528925619834656
2022-01-13,184500,187000,182500,183000,530633,-0.008130081300813052
2022-01-14,181000,193000,181000,188000,1451974,0.02732240437158473
2022-01-17,189500,189500,183000,184000,578676,-0.021276595744680882
2022-01-18,186500,194500,186000,191500,1461065,0.040760869565217295
2022-01-19,189000,193000,185500,187500,846132,-0.02088772845953002
2022-01-20,187000,190000,185000,188500,589290,0.005333333333333412
2022-01-21,186000,186500,179000,181000,953713,-0.03978779840848812
2022-01-24,179500,184000,178500,182500,596991,0.008287292817679592
2022-01-25,183500,184000,176000,177500,834205,-0.0273972602739726
2022-01-26,179500,180500,175000,175500,488251,-0.011267605633802802
2022-01-27,177500,179500,171000,171500,871849,-0.022792022792022748
2022-01-28,173000,179000,171500,178000,705865,0.03790087463556846
2022-02-03,181000,182000,175000,175000,775884,-0.016853932584269704
2022-02-04,174500,176000,168500,173000,853241,-0.011428571428571455
2022-02-07,172500,173000,167000,168000,806039,-0.028901734104046284
2022-02-08,169000,170000,165500,167000,508033,-0.005952380952380931
2022-02-09,169500,173500,169000,171000,606412,0.0239520958083832
2022-02-10,173500,174000,170500,171000,592541,0.0
2022-02-11,168000,170000,167000,168000,480635,-0.01754385964912286
2022-02-14,165000,167500,162500,162500,533109,-0.03273809523809523
2022-02-15,163000,165000,160500,162500,314026,0.0
2022-02-16,166500,167500,164500,167000,364518,0.027692307692307683
2022-02-17,167000,170000,163500,166000,543861,-0.005988023952095856
2022-02-18,163500,168000,163000,167000,279915,0.006024096385542244
2022-02-21,164000,167500,161500,167500,395310,0.0029940119760478723
2022-02-22,163500,167000,163500,164500,420482,-0.017910447761193993
2022-02-23,166000,171000,164000,170000,489144,0.033434650455927084
2022-02-24,167000,168000,162500,163000,628224,-0.04117647058823526
2022-02-25,166000,167500,163500,164500,426781,0.009202453987730008
2022-02-28,163500,166000,162500,166000,420816,0.00911854103343468
2022-03-02,165000,167000,164000,165000,324874,-0.0060240963855421326
2022-03-03,167000,170500,166000,170500,468608,0.03333333333333344
2022-03-04,170000,170500,164500,165500,553830,-0.029325513196480912
2022-03-07,161500,161500,155500,156500,1247365,-0.05438066465256797
2022-03-08,152500,159500,152500,156500,543574,0.0
2022-03-10,161000,162500,156000,157000,865598,0.0031948881789136685
2022-03-11,157500,158500,153000,155500,656775,-0.009554140127388533
2022-03-14,154500,155500,150000,152000,727104,-0.022508038585209
2022-03-15,150500,153000,150000,151000,362803,-0.006578947368421018
2022-03-16,153500,156000,151500,155500,551755,0.0298013245033113
2022-03-17,160000,162500,159000,160000,828143,0.02893890675241151
2022-03-18,160000,161500,158500,161000,473641,0.006250000000000089
2022-03-21,162000,164000,160500,160500,547129,-0.0031055900621117516
2022-03-22,160000,166000,160000,165500,764237,0.031152647975077885
2022-03-23,167000,168000,165000,166000,608546,0.0030211480362538623
2022-03-24,164500,166000,163500,164500,426875,-0.009036144578313254
2022-03-25,165500,166000,163000,163500,326849,-0.006079027355623046
2022-03-28,161500,164500,160500,163500,297450,0.0
2022-03-29,165500,166000,162500,163000,335244,-0.003058103975535187
2022-03-30,166000,168500,165500,166500,626386,0.021472392638036908
2022-03-31,166500,167000,165000,165000,378523,-0.009009009009009028
2022-04-01,163500,163500,160500,161500,597836,-0.021212121212121238
2022-04-04,161500,162500,160000,161500,273280,0.0
2022-04-05,162500,164500,162000,162500,345330,0.006191950464396356
2022-04-06,160000,161500,158000,158500,504147,-0.024615384615384595
2022-04-07,157000,158500,155000,155500,480079,-0.018927444794952675
2022-04-08,156500,158000,155000,157500,355229,0.012861736334405238
2022-04-11,156500,159000,155000,156000,322781,-0.00952380952380949
2022-04-12,155500,156500,154000,155000,352536,-0.0064102564102563875
2022-04-13,156000,160500,155000,160000,396560,0.032258064516129004
2022-04-14,160500,161000,158000,159000,429650,-0.006249999999999978
2022-04-15,157500,158000,156000,157000,281541,-0.012578616352201255
2022-04-18,156000,158500,155500,157000,211857,0.0
2022-04-19,158500,160000,156500,157000,404194,0.0
2022-04-20,157500,162000,156000,160500,501476,0.022292993630573354
2022-04-21,162000,169500,162000,168500,1704278,0.049844236760124616
2022-04-22,169000,171500,167500,167500,1049261,-0.005934718100890191
2022-04-25,164500,167500,163000,163000,685975,-0.0268656716417911
2022-04-26,165000,165500,162000,162500,453383,-0.0030674846625766694
2022-04-27,158500,161500,158000,159500,706485,-0.018461538461538418
2022-04-28,162000,164500,161000,162000,600623,0.01567398119122254
2022-04-29,163500,167500,163000,166000,666919,0.024691358024691468
2022-05-02,163500,170000,163500,168500,503144,0.015060240963855387
2022-05-03,168500,169000,166000,166500,360251,-0.011869436201780381
2022-05-04,167500,168000,164500,166000,354903,-0.0030030030030030463
2022-05-06,163000,164500,162000,163500,318461,-0.015060240963855387
2022-05-09,162000,163500,160000,160500,370590,-0.01834862385321101
2022-05-10,157500,161500,156500,160500,453923,0.0
2022-05-11,159500,160500,158000,160000,300495,-0.0031152647975077885
2022-05-12,157500,159000,154500,155000,606627,-0.03125
2022-05-13,156000,161000,155500,160500,355906,0.03548387096774186
2022-05-16,161500,162500,157000,158000,325388,-0.015576323987538943
2022-05-17,158500,161500,158500,161500,264831,0.02215189873417711
2022-05-18,163000,163000,160000,161000,358499,-0.003095975232198178
2022-05-19,156500,159000,156500,158000,347367,-0.018633540372670843
2022-05-20,159000,160000,158000,159000,268304,0.006329113924050667
2022-05-23,160000,161000,158000,159500,321388,0.003144654088050425
2022-05-24,158500,159000,152500,152500,927203,-0.043887147335423204
2022-05-25,154000,155000,151500,152000,471602,-0.003278688524590123
2022-05-26,152500,154000,148000,149000,678116,-0.019736842105263164
2022-05-27,152000,152000,149500,149500,335684,0.003355704697986628
2022-05-30,151500,154000,151000,153500,424498,0.026755852842809347
2022-05-31,153500,155500,152500,154500,831217,0.006514657980456029
2022-06-02,152500,152500,147500,149000,962039,-0.035598705501618144
2022-06-03,151000,151000,149000,149500,370187,0.003355704697986628
2022-06-07,148500,149000,143500,144000,1090398,-0.03678929765886285
2022-06-08,148000,152000,147000,151500,1317276,0.05208333333333326
2022-06-09,154500,155500,148000,152000,1517406,0.0033003300330032292
2022-06-10,149500,153500,149000,151000,610617,-0.006578947368421018
2022-06-13,147000,150000,147000,147500,747096,-0.023178807947019875
2022-06-14,146000,150000,145000,149000,874930,0.01016949152542379
2022-06-15,149000,149500,144000,145500,775010,-0.023489932885906062
2022-06-16,147500,150000,144000,144000,656539,-0.010309278350515427
2022-06-17,140500,141000,137000,140000,959837,-0.02777777777777779
2022-06-20,141500,142000,135500,137500,654976,-0.017857142857142905
2022-06-21,138000,140500,137000,138000,627757,0.0036363636363636598
2022-06-22,139500,140500,131500,131500,995990,-0.047101449275362306
2022-06-23,131000,132500,126500,127500,1285957,-0.03041825095057038
2022-06-24,128000,132500,128000,131000,615045,0.027450980392156765
2022-06-27,133500,136500,132500,135000,537881,0.03053435114503822
2022-06-28,135000,136500,133000,135500,331843,0.0037037037037037646
2022-06-29,132500,135000,132500,133500,321899,-0.014760147601476037
2022-06-30,133500,134000,130000,130500,512257,-0.022471910112359605
2022-07-01,131500,132500,126500,127500,617115,-0.02298850574712641
2022-07-04,127500,128500,125000,126500,585886,-0.007843137254901933
2022-07-05,128500,134000,128000,132000,565792,0.04347826086956519
2022-07-06,132500,133500,129500,130500,691000,-0.011363636363636354
2022-07-07,132000,135500,132000,133500,634939,0.02298850574712641
2022-07-08,135000,137500,132500,134500,602772,0.0074906367041198685
2022-07-11,135000,136500,133500,134000,339889,-0.0037174721189591198
2022-07-12,132500,133500,131000,132000,330384,-0.014925373134328401
2022-07-13,132500,134500,132000,133000,357080,0.007575757575757569
2022-07-14,131500,134500,129500,132000,524082,-0.007518796992481258
2022-07-15,132500,139500,132500,139000,803758,0.05303030303030298
2022-07-18,141000,142000,138500,140000,646223,0.007194244604316502
2022-07-19,138500,140500,137500,139000,273122,-0.0071428571428571175
2022-07-20,142500,142500,138500,139500,451818,0.003597122302158251
2022-07-21,141500,145500,141000,144500,729728,0.03584229390680993
2022-07-22,144500,145000,142500,143000,351131,-0.01038062283737029
2022-07-25,141500,144000,141000,143000,267530,0.0
2022-07-26,142000,144000,141000,142000,278527,-0.006993006993006978
2022-07-27,142500,143000,141000,143000,261408,0.007042253521126751
2022-07-28,145000,147500,144500,146000,568213,0.020979020979021046
2022-07-29,148000,148000,141500,142500,686424,-0.023972602739726012
2022-08-01,142500,143000,140500,142500,323821,0.0
2022-08-02,143000,143500,140500,141500,274038,-0.007017543859649145
2022-08-03,140500,141000,139500,141000,451122,-0.0035335689045936647
2022-08-04,142000,142500,140000,141500,313804,0.0035460992907800915
2022-08-05,142000,142500,140000,141000,377130,-0.0035335689045936647
2022-08-08,140000,140500,135000,136500,843275,-0.03191489361702127
2022-08-09,137000,138000,134500,137000,528615,0.00366300366300365
2022-08-10,134500,135000,131500,131500,807612,-0.04014598540145986
2022-08-11,134000,136000,133000,135500,635672,0.03041825095057038
2022-08-12,135000,138000,134500,137000,324932,0.011070110701107083
2022-08-16,138500,140000,137500,138000,378328,0.007299270072992803
2022-08-17,137500,139000,136500,137000,280866,-0.007246376811594235
2022-08-18,136000,138500,135000,138000,277921,0.007299270072992803
2022-08-19,138000,139000,135500,136500,228833,-0.010869565217391353
2022-08-22,134500,136000,134000,134500,250083,-0.0146520146520146
2022-08-23,133500,136500,133500,134000,284605,-0.0037174721189591198
2022-08-24,135000,138000,134500,135000,298507,0.00746268656716409
2022-08-25,137500,137500,135000,137000,240990,0.014814814814814836
2022-08-26,138000,140500,137500,138500,456498,0.010948905109489093
2022-08-29,133500,134500,133000,133500,364412,-0.03610108303249093
2022-08-30,134000,136000,133500,135000,273658,0.011235955056179803
2022-08-31,133500,141000,132500,140000,684408,0.03703703703703698
2022-09-01,138000,139000,135000,135000,310457,-0.0357142857142857
2022-09-02,136500,140500,135500,136500,459126,0.011111111111111072
2022-09-05,136500,138000,135000,136000,264194,-0.00366300366300365
2022-09-06,136500,140000,136000,139000,319951,0.022058823529411686
2022-09-07,138000,138500,135000,136500,300820,-0.017985611510791366
2022-09-08,138500,139500,137000,137500,381355,0.0073260073260073
2022-09-13,140000,144500,139000,144000,841160,0.047272727272727355
2022-09-14,138500,140000,136500,139500,724307,-0.03125
2022-09-15,139500,139500,133500,133500,921058,-0.043010752688172005
2022-09-16,131500,132000,129500,131000,841558,-0.01872659176029967
2022-09-19,130500,131500,128500,128500,333008,-0.01908396946564883
2022-09-20,130000,131000,126000,128000,568193,-0.0038910505836575737
2022-09-21,126500,127000,125000,125500,345710,-0.01953125
2022-09-22,123000,123500,119500,121500,910461,-0.031872509960159334
2022-09-23,121500,124000,119500,120000,557074,-0.012345679012345734
2022-09-26,117500,122000,117500,120500,814827,0.004166666666666652
2022-09-27,120000,121000,118000,119500,475415,-0.008298755186721962
2022-09-28,119000,120000,112000,113500,874590,-0.05020920502092052
2022-09-29,116000,116000,111500,112000,446976,-0.013215859030836996
2022-09-30,110000,113500,108500,112000,802552,0.0
2022-10-04,114500,117000,112500,117000,754733,0.044642857142857206
2022-10-05,119500,120000,114500,117000,500600,0.0
2022-10-06,118000,122000,118000,120000,433927,0.02564102564102555
2022-10-07,118000,121000,117000,119000,469187,-0.008333333333333304
2022-10-11,115500,118000,115000,117000,308880,-0.01680672268907568
2022-10-12,116000,119000,115500,117000,486296,0.0
2022-10-13,116000,118000,114000,114000,383394,-0.02564102564102566
2022-10-14,116500,120500,116500,119000,387090,0.04385964912280693
2022-10-17,117000,120000,116500,119500,293129,0.004201680672268893
2022-10-18,121500,123000,117500,119500,433800,0.0
2022-10-19,119000,119500,117000,117000,451157,-0.02092050209205021
2022-10-20,116000,117000,114000,116500,339149,-0.004273504273504258
2022-10-21,116000,119000,116000,117000,221238,0.0042918454935623185
2022-10-24,119500,121000,118000,119000,288745,0.017094017094017033
2022-10-25,119500,123000,118500,121000,428477,0.01680672268907557
2022-10-26,121500,124000,120500,122500,428722,0.012396694214876103
2022-10-27,122000,123500,118500,123000,573612,0.004081632653061273
2022-10-28,121500,122000,117000,118000,738432,-0.04065040650406504
2022-10-31,119000,122500,118000,121000,490204,0.025423728813559254
2022-11-01,121000,121500,117500,121000,507305,0.0
2022-11-02,119500,121500,118500,121000,418288,0.0
2022-11-03,118500,122000,117000,120500,427625,-0.004132231404958664
2022-11-04,119000,124000,118500,123500,395605,0.024896265560165887
2022-11-07,124000,126500,123500,126000,520018,0.020242914979757165
2022-11-08,127500,129500,125000,129500,656172,0.02777777777777768
2022-11-09,133500,140500,132500,138500,1742155,0.06949806949806958
2022-11-10,137000,139500,136500,136500,743222,-0.014440433212996373
2022-11-11,142000,143000,140500,141500,787135,0.03663003663003672
2022-11-14,141500,143000,138500,140000,578982,-0.010600706713780883
2022-11-15,140000,143500,140000,143000,439847,0.021428571428571352
2022-11-16,144000,144000,136000,139000,994910,-0.027972027972028024
2022-11-17,137500,139500,135500,138000,401698,-0.007194244604316502
2022-11-18,138500,142000,137500,138500,468953,0.0036231884057971175
2022-11-21,138500,139000,135500,137000,272534,-0.010830324909747335
2022-11-22,136000,136500,133000,133500,360231,-0.025547445255474477
2022-11-23,135500,136500,133500,133500,228566,0.0
2022-11-24,135000,136000,134000,135500,175605,0.014981273408239737
2022-11-25,136000,136500,133500,134000,132806,-0.011070110701106972
2022-11-28,133000,133500,130000,132000,255987,-0.014925373134328401
2022-11-29,132000,135000,130500,134500,252745,0.018939393939394034
2022-11-30,133000,141000,130000,141000,900621,0.048327137546468446
2022-12-01,141500,141500,136000,136000,738230,-0.03546099290780147
2022-12-02,136000,137500,135500,136500,391050,0.003676470588235281
2022-12-05,136500,143500,135000,140000,845537,0.02564102564102555
2022-12-06,138500,140000,136500,136500,343987,-0.025000000000000022
2022-12-07,135500,137000,134500,134500,227480,-0.0146520146520146
2022-12-08,134500,136500,132000,136500,415385,0.014869888475836479
2022-12-09,137000,139000,135500,138000,322776,0.01098901098901095
2022-12-12,137500,140000,136500,138000,265209,0.0
2022-12-13,139000,140000,137000,138500,348721,0.0036231884057971175
2022-12-14,139500,142500,139000,142500,456200,0.028880866425992746
2022-12-15,141000,142000,139000,140000,256141,-0.01754385964912286
2022-12-16,137500,140000,136500,140000,589520,0.0
2022-12-19,140500,142000,139500,141500,288188,0.010714285714285676
2022-12-20,141500,141500,136500,137500,332078,-0.028268551236749095
2022-12-21,138500,139000,135000,136000,246001,-0.010909090909090868
2022-12-22,137500,138500,137000,138000,197366,0.014705882352941124
2022-12-23,135500,136500,133000,134000,264355,-0.02898550724637683
2022-12-26,134000,135500,133500,134000,211353,0.0
2022-12-27,135000,136000,132000,133000,422061,-0.007462686567164201
2022-12-28,132000,135000,131500,134000,311238,0.007518796992481258
2022-12-29,133000,133500,130000,130500,280030,-0.026119402985074647
2023-01-02,131000,134500,130500,132500,181892,0.015325670498084198
2023-01-03,133000,140500,131000,139500,545196,0.05283018867924527
2023-01-04,138000,144500,138000,143500,764740,0.028673835125448077
2023-01-05,144000,147000,144000,145000,695153,0.010452961672473782
2023-01-06,144000,145500,141500,143500,316282,-0.010344827586206917
2023-01-09,145000,148500,144000,146000,505120,0.017421602787456525
2023-01-10,146500,148000,145000,146500,348819,0.003424657534246478
2023-01-11,147000,147500,142500,145000,419017,-0.010238907849829393
2023-01-12,146000,146000,143000,144500,404898,-0.0034482758620689724
2023-01-13,145000,145500,143000,144000,328235,-0.0034602076124568004
2023-01-16,145000,149000,144000,149000,606486,0.03472222222222232
2023-01-17,149500,151000,147000,148500,486157,-0.003355704697986628
2023-01-18,149500,152000,147000,152000,395171,0.023569023569023573
2023-01-19,150000,152500,149500,152000,413935,0.0
2023-01-20,151500,151500,147000,148000,481635,-0.02631578947368418
2023-01-25,150000,151500,148000,150800,317610,0.018918918918918948
2023-01-26,149900,150500,145400,147000,721390,-0.025198938992042397
2023-01-27,148100,151000,147500,149900,490367,0.019727891156462674
2023-01-30,149300,149300,144600,144700,489086,-0.034689793195463614
2023-01-31,144200,145600,142500,142700,436293,-0.013821700069108545
2023-02-01,143600,144400,141600,144400,322685,0.01191310441485638
2023-02-02,146100,150400,146100,149300,588283,0.03393351800554023
2023-02-03,148400,149600,148000,148900,321144,-0.0026791694574681557
2023-02-06,147400,148500,145600,146000,508341,-0.019476158495634666
2023-02-07,145500,146800,144500,145800,301825,-0.00136986301369868
2023-02-08,147100,149900,147100,148600,349583,0.019204389574760006
2023-02-09,147700,148300,146600,147600,282966,-0.006729475100942128
2023-02-10,146600,147700,146500,146900,211242,-0.004742547425474308
2023-02-13,146200,146200,143700,144600,401782,-0.015656909462219204
2023-02-14,145400,146900,144200,144900,236461,0.0020746887966804906
2023-02-15,145100,145400,142600,143000,303037,-0.013112491373360902
2023-02-16,145300,151700,144300,151400,719362,0.058741258741258795
2023-02-17,149400,151100,149000,150000,283256,-0.009247027741083214
2023-02-20,150100,153900,148600,152700,427870,0.018000000000000016
2023-02-21,152700,152800,148900,149800,312790,-0.018991486574983618
2023-02-22,147900,148000,145500,146700,288782,-0.020694259012016047
2023-02-23,147400,150900,147400,150500,326240,0.025903203817314147
2023-02-24,149900,150800,146900,147500,283292,-0.019933554817275767
2023-02-27,147500,148000,145800,146900,199159,-0.004067796610169538
2023-02-28,147200,147900,144000,144000,469574,-0.019741320626276426
2023-03-02,144100,147000,144100,144500,244534,0.003472222222222321
2023-03-03,145100,147200,144500,146900,233075,0.01660899653979242
2023-03-06,147500,153000,145900,152900,646136,0.04084411164057178
2023-03-07,152300,152700,149600,151400,322609,-0.009810333551340755
2023-03-08,149200,152500,149100,152000,302634,0.003963011889035695
2023-03-09,154000,155300,151300,152700,451139,0.004605263157894779
2023-03-10,149500,150700,146500,148500,489215,-0.027504911591355596
2023-03-13,147500,152900,147200,152900,440818,0.029629629629629672
2023-03-14,151100,153200,149900,149900,426653,-0.01962066710268151
2023-03-15,151000,151100,148400,149700,328422,-0.0013342228152101177
2023-03-16,148200,151400,147600,150500,247046,0.005344021376085584
2023-03-17,151000,154500,151000,153000,460129,0.01661129568106312
2023-03-20,152400,152800,150000,150300,192686,-0.01764705882352946
2023-03-21,151500,152100,149000,150200,196332,-0.0006653359946773296
2023-03-22,151100,151300,148900,150600,277615,0.0026631158455392434
2023-03-23,149200,152700,149200,151500,312439,0.005976095617529875
2023-03-24,151900,155200,150000,154900,641955,0.022442244224422536
2023-03-27,156500,156600,153700,154900,375798,0.0
2023-03-28,155100,155900,153100,155400,283010,0.0032278889606196515
2023-03-29,155400,155800,152800,154500,221314,-0.00579150579150578
2023-03-30,155200,156800,153000,153000,350368,-0.009708737864077666
2023-03-31,153600,154100,152100,152700,278462,-0.0019607843137254832
2023-04-03,153600,155400,152100,155300,391930,0.017026850032743956
2023-04-04,155000,155200,150700,151300,528311,-0.025756600128783003
2023-04-05,151400,158000,150900,157800,819035,0.04296100462656982
2023-04-06,157000,157000,152100,152400,504034,-0.034220532319391594
2023-04-07,153700,155100,152800,153900,339439,0.009842519685039353
2023-04-10,153100,154400,152200,153400,316011,-0.0032488628979857603
2023-04-11,154200,155400,153600,154500,368885,0.007170795306388422
2023-04-12,154100,154500,152000,152600,394346,-0.01229773462783168
2023-04-13,152000,153900,151900,153300,294709,0.004587155963302836
2023-04-14,154000,154700,153100,154300,374166,0.006523157208088826
2023-04-17,154400,154600,151700,151800,355705,-0.016202203499675938
2023-04-18,151800,151900,147000,147600,682259,-0.02766798418972327
2023-04-19,147800,149000,145200,146300,522804,-0.008807588075880779
2023-04-20,146000,146600,144800,145300,241244,-0.00683526999316475
2023-04-21,145200,145500,141000,141700,673726,-0.024776324845148023
2023-04-24,141100,143400,140900,142200,340597,0.003528581510232831
2023-04-25,142200,142400,137600,139700,400538,-0.017580872011251802
2023-04-26,137900,141200,137900,139100,443602,-0.0042949176807444145
2023-04-27,139800,141700,139000,141300,310308,0.01581595974119332
2023-04-28,142200,144700,141400,143900,488987,0.01840056617126673
2023-05-02,143900,144400,142200,142800,241408,-0.007644197359277238
2023-05-03,142000,144000,141000,143300,261010,0.003501400560224077
2023-05-04,142200,142500,136900,137700,675898,-0.03907885554780177
2023-05-08,138300,141000,138300,140000,384126,0.016702977487291104
2023-05-09,139700,139900,138000,138800,239716,-0.008571428571428563
2023-05-10,138300,138600,135200,136000,518206,-0.02017291066282423
2023-05-11,137100,137700,135700,135900,284446,-0.0007352941176470562
2023-05-12,135900,137300,135400,135900,276843,0.0
2023-05-15,135500,136200,134400,135400,249948,-0.00367917586460631
2023-05-16,136400,137400,135200,136100,326479,0.005169867060561328
2023-05-17,136300,139000,135400,138100,313243,0.014695077149154967
2023-05-18,139100,141600,138400,141400,352167,0.02389572773352633
2023-05-19,141900,143400,140600,142600,388646,0.008486562942008558
2023-05-22,142000,143700,141400,143000,304080,0.0028050490883591017
2023-05-23,143500,146000,142800,143900,360491,0.0062937062937062915
2023-05-24,142900,144000,142200,143100,171063,-0.005559416261292527
2023-05-25,144200,145000,142800,143000,360122,-0.0006988120195667857
2023-05-26,143300,145200,143200,144000,327172,0.006993006993007089
2023-05-30,145300,149100,144600,148700,591821,0.032638888888888884
2023-05-31,148000,149000,147100,147500,585510,-0.00806993947545398
2023-06-01,146500,148500,146300,148500,348438,0.006779661016949046
2023-06-02,150100,151700,148300,149300,363988,0.005387205387205496
2023-06-05,150000,150100,147600,148400,219991,-0.006028131279303461
2023-06-07,149400,150300,147600,147900,221777,-0.003369272237196741
2023-06-08,147200,147500,144100,145900,421546,-0.013522650439486195
2023-06-09,147100,148700,146600,147200,253340,0.008910212474297463
2023-06-12,149200,150200,146700,147400,310731,0.0013586956521738358
2023-06-13,148600,149700,147800,148600,250512,0.008141112618724522
2023-06-14,148600,148800,146100,147300,218995,-0.008748317631224745
2023-06-15,147800,149100,146800,148000,264236,0.004752206381534174
2023-06-16,149000,149900,147300,149600,308485,0.0108108108108107
2023-06-19,149600,149700,147300,148000,188486,-0.010695187165775444
2023-06-20,147700,149600,146000,149500,254477,0.010135135135135087
2023-06-21,149200,149300,143300,144000,397518,-0.03678929765886285
2023-06-22,143600,144000,141700,142600,330894,-0.009722222222222188
2023-06-23,142900,145000,142400,142400,233840,-0.0014025245441795509
2023-06-26,142200,144900,141900,144400,191449,0.014044943820224809
2023-06-27,144000,145900,143800,145200,227610,0.005540166204986097
2023-06-28,145700,145900,142500,142800,161640,-0.016528925619834656
2023-06-29,142800,145300,142500,143400,202741,0.004201680672268893
2023-06-30,143400,144800,142200,144500,176663,0.007670850767085069
2023-07-03,145300,145900,144400,145200,201956,0.004844290657439521
2023-07-04,145900,145900,143800,144000,202886,-0.008264462809917328
2023-07-05,143900,144900,142500,143100,209126,-0.006249999999999978
2023-07-06,143000,144300,142000,142800,320480,-0.002096436058700246
2023-07-07,142200,142900,139500,140400,295183,-0.01680672268907568
2023-07-10,140500,141500,138500,138600,173952,-0.012820512820512775
2023-07-11,140200,145300,139900,145300,378816,0.04834054834054835
2023-07-12,145200,145800,144000,145700,183785,0.002752924982794225
2023-07-13,146900,148900,146200,148200,443521,0.01715854495538771
2023-07-14,149200,151500,148000,150300,535272,0.014170040485830038
2023-07-17,152300,161000,152300,158000,1536870,0.05123087159015305
2023-07-18,159600,159700,154500,156400,507711,-0.010126582278481067
2023-07-19,156400,157200,151500,153200,465298,-0.020460358056266004
2023-07-20,151500,153900,151500,152900,277783,-0.001958224543080922
2023-07-21,151600,151800,148600,149700,387519,-0.02092871157619358
2023-07-24,149300,151600,148000,150900,342418,0.008016032064128265
2023-07-25,151300,151700,148200,148900,317345,-0.013253810470510219
2023-07-26,148900,149000,143000,144100,532483,-0.03223640026863672
2023-07-27,145000,147200,143200,146800,525283,0.01873698820263714
2023-07-28,145700,146000,142100,144400,442357,-0.016348773841961872
2023-07-31,145800,145800,143300,145400,326415,0.006925207756232732
2023-08-01,144600,154600,143300,153200,815970,0.05364511691884455
2023-08-02,158500,165000,154000,156100,2885014,0.018929503916448986
2023-08-03,156600,156700,150100,151800,806364,-0.02754644458680333
2023-08-04,152300,152700,147600,149100,490838,-0.017786561264822143
2023-08-07,148000,151800,148000,149800,357082,0.0046948356807512415
2023-08-08,151200,152900,149200,151300,366426,0.01001335113484636
2023-08-09,150900,151800,149600,151000,219705,-0.00198281559814939
2023-08-10,150000,150200,148500,149900,283143,-0.007284768211920478
2023-08-11,150900,154600,150300,151400,374056,0.010006671114076049
2023-08-14,150500,150600,146500,147900,305297,-0.023117569352708034
2023-08-16,146600,146900,144500,144700,360001,-0.021636240703177823
2023-08-17,143600,144500,141000,143400,335850,-0.008984105044920532
2023-08-18,141000,145800,140700,144600,228013,0.008368200836819994
2023-08-21,144000,144600,141900,142300,191593,-0.015905947441217205
2023-08-22,147100,147600,143500,143900,287037,0.011243851018974071
2023-08-23,143900,148500,142000,146200,359821,0.015983321751216195
2023-08-24,149400,152300,148600,149100,533467,0.019835841313269542
2023-08-25,146500,147200,144600,146000,226043,-0.020791415157612292
2023-08-28,148200,148200,142500,144100,266063,-0.013013698630137016
2023-08-29,143800,143800,137800,138300,1003894,-0.04024982650936848
2023-08-30,139000,139200,136400,136500,770604,-0.013015184381778733
2023-08-31,137200,137200,135100,135400,490471,-0.00805860805860803
2023-09-01,135200,139300,135000,139200,647298,0.028064992614475592
2023-09-04,140900,141300,138900,140600,531771,0.010057471264367734
2023-09-05,146800,148900,142900,144800,1242468,0.029871977240398362
2023-09-06,143700,143800,139500,139800,609262,-0.03453038674033149
2023-09-07,138300,139300,137500,138300,341835,-0.010729613733905574
2023-09-08,137900,140400,137600,139200,293225,0.006507592190889477
2023-09-11,139200,140100,137600,138500,197106,-0.005028735632183867
2023-09-12,139200,140800,139200,139600,280133,0.007942238267147905
2023-09-13,139200,141500,139000,139600,264614,0.0
2023-09-14,140100,144000,139100,144000,542614,0.03151862464183375
2023-09-15,143200,144800,142200,144400,428291,0.002777777777777768
2023-09-18,142600,143700,141400,141700,279610,-0.018698060941828243
2023-09-19,141700,143900,141700,141800,246097,0.0007057163020465218
2023-09-20,141200,142900,140100,142200,190629,0.0028208744710860323
2023-09-21,140900,142200,138700,138700,284604,-0.024613220815752457
2023-09-22,136800,138600,136200,138100,218619,-0.004325883201153569
2023-09-25,137700,138800,137000,138400,204197,0.0021723388848660097
2023-09-26,138200,138800,135700,135800,211880,-0.018786127167630062
2023-09-27,135300,137600,134700,137400,163969,0.01178203240058906
2023-10-04,135600,135800,132700,132800,321569,-0.033478893740902516
2023-10-05,133500,134300,132200,132500,161754,-0.0022590361445783413
2023-10-06,132400,133700,131400,131800,209606,-0.005283018867924483
2023-10-10,133700,136700,133000,134400,343133,0.019726858877086473
2023-10-11,135600,139700,134300,138600,519375,0.03125
2023-10-12,138600,140400,137700,140400,262631,0.01298701298701288
2023-10-13,138600,140900,138500,140000,183584,-0.002849002849002802
2023-10-16,138500,140200,135300,136800,240276,-0.02285714285714291
2023-10-17,138000,140800,137300,139800,296569,0.021929824561403466
2023-10-18,139100,144900,139000,144800,780484,0.03576537911301858
2023-10-19,142300,143800,141500,142900,341273,-0.013121546961325947
2023-10-20,141600,141600,139000,139500,298683,-0.023792862141357562
2023-10-23,139500,141200,139000,139700,202855,0.0014336917562725038
2023-10-24,141000,143000,139100,140800,285962,0.007874015748031482
2023-10-25,141000,143900,140900,143000,292131,0.015625
2023-10-26,139100,140400,124100,124100,1298276,-0.13216783216783212
2023-10-27,124300,125300,119100,123100,684274,-0.008058017727639033
2023-10-30,123000,128700,122500,126400,418761,0.026807473598700282
2023-10-31,127600,129200,122800,124300,399312,-0.01661392405063289
2023-11-01,124600,129700,124300,128000,450500,0.02976669348350769
2023-11-02,132000,134800,131600,132500,549937,0.03515625
2023-11-03,132100,134900,130800,134200,306419,0.012830188679245236
2023-11-06,135000,139400,134900,139400,402822,0.03874813710879277
2023-11-07,138400,139100,135600,136900,312364,-0.01793400286944047
2023-11-08,138700,138900,132400,132800,287857,-0.02994886778670558
2023-11-09,133500,135100,133400,133500,213771,0.005271084337349352
2023-11-10,132500,134900,132200,134400,160907,0.006741573033707926
2023-11-13,135700,136400,133300,134600,132889,0.0014880952380953438
2023-11-14,135900,137200,133800,134400,147311,-0.0014858841010401136
2023-11-15,136700,138000,135700,137700,328290,0.024553571428571397
2023-11-16,136900,137900,136600,137600,174970,-0.000726216412490932
2023-11-17,136600,139800,136600,139400,266448,0.013081395348837122
2023-11-20,138600,139700,138100,138100,251207,-0.009325681492108995
2023-11-21,138900,140100,137600,137700,223166,-0.002896451846488013
2023-11-22,136700,138700,136500,138000,123705,0.002178649237472685
2023-11-23,138700,139700,138000,138200,110380,0.0014492753623187582
2023-11-24,138600,138800,136900,137000,131307,-0.00868306801736618
2023-11-27,137000,138800,137000,138300,191010,0.009489051094890621
2023-11-28,139300,146700,138900,144000,1058006,0.04121475054229928
2023-11-29,143300,147000,141500,146100,428058,0.014583333333333393
2023-11-30,146600,147900,145600,145700,504729,-0.002737850787132068
2023-12-01,146500,147400,145400,146700,199195,0.006863417982155173
2023-12-04,147300,149200,145000,145100,232460,-0.010906612133605997
2023-12-05,144000,147000,144000,145300,246418,0.001378359751895264
2023-12-06,146200,150100,144600,149400,475009,0.028217481073640638
2023-12-07,149000,149400,146800,147700,254246,-0.011378848728246349
2023-12-08,149600,151400,148300,150900,363871,0.021665538253216043
2023-12-11,152100,153200,150100,150500,285551,-0.002650762094102088
2023-12-12,150900,152200,148800,150000,278436,-0.0033222591362126463
2023-12-13,150000,156400,149800,150300,954794,0.0020000000000000018
2023-12-14,152600,156300,151400,154000,657618,0.02461743180306053
2023-12-15,155000,155400,152000,153400,253291,-0.003896103896103842
2023-12-18,153000,153900,151500,152400,180673,-0.006518904823989535
2023-12-19,152000,152400,148500,149800,393000,-0.017060367454068248
2023-12-20,149300,151800,149300,150400,345980,0.004005340453938633
2023-12-21,149500,150900,149200,150200,127489,-0.0013297872340425343
2023-12-22,151300,151800,150200,151300,173159,0.007323568575233086
2023-12-26,151400,152400,150200,150800,134214,-0.0033046926635822427
2023-12-27,150400,151000,148000,150300,263361,-0.003315649867373982
2023-12-28,150600,153200,150300,153200,244642,0.019294743845642115
2024-01-02,153200,159300,152300,158100,468718,0.03198433420365543
2024-01-03,157400,157900,153400,154000,303730,-0.025932953826691918
2024-01-04,152600,155400,151500,152000,229510,-0.012987012987012991
2024-01-05,151600,152800,148500,149200,314707,-0.018421052631578894
2024-01-08,149900,150500,147800,148500,158712,-0.004691689008042843
2024-01-09,152000,154000,148200,148800,356757,0.002020202020202033
2024-01-10,149800,152500,147500,147800,223746,-0.006720430107526876
2024-01-11,149600,150400,146800,147500,289007,-0.002029769959404626
2024-01-12,148100,148500,144500,145100,269599,-0.01627118644067793
2024-01-15,145200,149100,145200,147500,153413,0.016540317022742945
2024-01-16,148000,148300,145700,146500,151896,-0.006779661016949157
2024-01-17,147300,147600,136700,138600,615658,-0.05392491467576788
2024-01-18,139100,140200,137200,138900,328183,0.0021645021645022577
2024-01-19,141100,148300,141000,147500,488997,0.06191504679625637
2024-01-22,151000,151000,147900,147900,296642,0.0027118644067796183
2024-01-23,148500,149100,146500,147500,181032,-0.0027045300878972833
2024-01-24,147500,147500,145200,145800,185682,-0.0115254237288136
2024-01-25,146400,146500,143700,144600,195665,-0.008230452674897082
2024-01-26,143600,144500,141200,143000,244646,-0.011065006915629283
2024-01-29,143500,145600,142200,143100,235890,0.0006993006993007977
2024-01-30,144700,145300,141000,141900,238757,-0.008385744234800874
2024-01-31,141000,141000,138600,139600,399565,-0.01620859760394644
2024-02-01,140000,140300,138200,139700,416773,0.0007163323782235498
2024-02-02,140500,142500,139400,140200,395951,0.0035790980672869566
2024-02-05,139700,139800,136000,136100,425137,-0.02924393723252494
2024-02-06,136100,138800,135100,138600,316074,0.018368846436443764
2024-02-07,139000,140400,137300,139000,274019,0.0028860028860029363
2024-02-08,140400,140600,137200,138800,254615,-0.0014388489208633226
2024-02-13,140000,140600,138800,139200,218297,0.0028818443804035088
2024-02-14,137600,137900,136600,137500,249277,-0.012212643678160884
2024-02-15,138800,139000,137000,137100,184742,-0.002909090909090861
2024-02-16,138000,138000,136100,136100,308866,-0.00729394602479938
2024-02-19,136200,137200,136000,137100,222008,0.0073475385745775945
2024-02-20,137200,137700,136200,136900,184386,-0.0014587892049598983
2024-02-21,136700,137300,135900,135900,215464,-0.007304601899196461
2024-02-22,137500,138900,135700,136500,500518,0.004415011037527616
2024-02-23,137200,137400,135600,135700,333970,-0.00586080586080584
2024-02-26,136400,136400,134100,134100,271767,-0.01179071481208549
2024-02-27,135000,137400,134200,137100,390381,0.02237136465324374
2024-02-28,137500,140500,137200,139300,500244,0.01604668125455877
2024-02-29,139300,141300,138300,140000,426933,0.005025125628140614
2024-03-04,141000,141000,136500,138000,605330,-0.014285714285714235
2024-03-05,138100,138300,136300,136300,277000,-0.01231884057971011
2024-03-06,135700,136000,132300,133400,551552,-0.021276595744680882
2024-03-07,134000,134500,131700,132600,319123,-0.005997001499250421
2024-03-08,133300,135700,133200,135400,346422,0.02111613876319751
2024-03-11,135000,135300,133600,134600,178175,-0.005908419497784312
2024-03-12,135600,136500,134300,135900,195808,0.009658246656760738
2024-03-13,137300,139500,136900,136900,428882,0.00735835172921262
2024-03-14,138200,145000,138000,144500,1078094,0.055514974433893416
2024-03-15,145500,150000,145200,145600,1134460,0.007612456747404739
2024-03-18,147400,147700,142100,145200,435419,-0.0027472527472527375
2024-03-19,145500,149500,144100,147500,592794,0.015840220385674897
2024-03-20,149700,150600,146800,147600,398918,0.0006779661016949046
2024-03-21,150100,150800,148100,149600,406093,0.013550135501354976
2024-03-22,148200,149500,143300,144900,599778,-0.0314171122994652
2024-03-25,145200,146200,144100,145000,223285,0.0006901311249136732
2024-03-26,147000,149500,145700,145900,410385,0.006206896551724128
2024-03-27,146500,149800,146000,149300,360435,0.023303632625085724
2024-03-28,148100,150700,147300,149900,313187,0.004018754186202234
2024-03-29,149700,150500,147800,148700,237194,-0.008005336891260817
2024-04-01,150100,154600,150100,153900,715862,0.0349697377269671
2024-04-02,153900,155900,153000,155000,476967,0.007147498375568606
2024-04-03,153000,153100,148000,148000,516705,-0.04516129032258065
2024-04-04,150100,155700,148600,155400,644449,0.050000000000000044
2024-04-05,153500,159900,151000,158900,992302,0.022522522522522515
2024-04-08,160100,161200,157200,157200,553417,-0.010698552548772833
2024-04-09,158600,159200,153600,157300,467953,0.0006361323155217313
2024-04-11,153600,157700,152500,156500,377724,-0.005085823267641398
2024-04-12,158100,160200,155800,157700,420160,0.007667731629392938
2024-04-15,155900,157300,151000,152000,546960,-0.03614457831325302
2024-04-16,149200,150000,146000,148500,494652,-0.023026315789473673
2024-04-17,149500,150700,146200,147600,268251,-0.0060606060606061
2024-04-18,147500,149000,145600,146700,414224,-0.0060975609756097615
2024-04-19,145500,146200,140800,142900,440321,-0.025903203817314258
2024-04-22,144300,145300,143200,144900,246835,0.013995801259622187
2024-04-23,144200,145000,142500,143200,344970,-0.011732229123533444
2024-04-24,144800,149200,144800,148000,359089,0.033519553072625774
2024-04-25,146200,146900,144500,144500,228193,-0.023648648648648685
2024-04-26,146000,147700,144900,146200,213048,0.0117647058823529
2024-04-29,148300,152400,147800,151300,611116,0.03488372093023262
2024-04-30,153200,158900,152100,155900,966754,0.030403172504956943
2024-05-02,154500,157300,152400,153100,359890,-0.017960230917254627
2024-05-03,155000,156500,150900,151100,324784,-0.013063357282821708
2024-05-07,154400,158300,154200,158000,552899,0.04566512243547316
2024-05-08,158000,158100,155800,156600,237523,-0.008860759493670933
2024-05-09,156000,156800,154600,154600,292807,-0.012771392081736943
2024-05-10,155500,156700,153100,153600,226013,-0.0064683053040103244
2024-05-13,153800,154500,151000,151900,268113,-0.01106770833333337
2024-05-14,152000,152400,150600,151600,192906,-0.0019749835418038098
2024-05-16,154000,154400,153100,154200,248908,0.01715039577836408
2024-05-17,153600,154300,151000,151700,187152,-0.01621271076524
2024-05-20,153200,155800,152700,154600,243677,0.01911667765326297
2024-05-21,156800,161400,155200,158400,881199,0.024579560155239433
2024-05-22,160000,160800,155800,156200,503171,-0.01388888888888884
2024-05-23,156400,160900,156000,158200,369293,0.012804097311139628
2024-05-24,156500,158500,154700,156500,291245,-0.01074589127686476
2024-05-27,157200,160300,155500,159500,333806,0.019169329073482455
2024-05-28,159000,162900,157700,159600,492574,0.0006269592476488839
2024-05-29,161600,161600,156300,158100,437758,-0.009398496240601517
2024-05-30,156600,159000,156300,156600,272252,-0.009487666034155628
2024-05-31,157800,162500,155000,155000,1190470,-0.010217113665389577
2024-06-03,156600,161000,155600,159100,366091,0.02645161290322573
2024-06-04,157900,158400,152500,153200,509986,-0.037083595223130095
2024-06-05,154900,155000,150600,151700,478461,-0.009791122715404721
2024-06-07,151700,152500,150700,151000,287365,-0.004614370468029039
2024-06-10,150800,151900,149200,150900,245178,-0.0006622516556291647
2024-06-11,150200,150600,147900,149700,298638,-0.007952286282306154
2024-06-12,151300,152200,149800,151200,296538,0.01002004008016022
2024-06-13,153000,153100,147500,148000,662012,-0.021164021164021163
2024-06-14,148200,152000,147500,151700,489662,0.02499999999999991
2024-06-17,151200,152900,149800,150700,254056,-0.0065919578114700395
2024-06-18,151600,153400,150700,151600,372889,0.005972130059721303
2024-06-19,152000,152500,149500,152000,394800,0.0026385224274405594
2024-06-20,151600,153500,150900,151300,381301,-0.004605263157894779
2024-06-21,150700,151800,149200,149400,327110,-0.012557832121612655
2024-06-24,149800,150800,148700,149000,205262,-0.0026773761713521083
2024-06-25,149300,151600,148500,150500,306740,0.010067114093959662
2024-06-26,150100,151800,150000,151500,255389,0.006644518272425293
2024-06-27,150700,155500,150500,154500,511165,0.01980198019801982
2024-06-28,154700,158300,153700,158000,485281,0.02265372168284796
2024-07-01,157000,157800,155500,156000,248977,-0.012658227848101222
2024-07-02,155500,156800,152500,153800,364380,-0.014102564102564052
2024-07-03,154600,156600,152500,154900,256166,0.007152145643693153
2024-07-04,155900,164000,155900,162500,1078418,0.04906391220142026
2024-07-05,162900,171000,162900,170500,1759045,0.04923076923076919
2024-07-08,170500,170500,163000,163300,765328,-0.04222873900293256
2024-07-09,165200,165900,162900,163700,336344,0.0024494794856093627
2024-07-10,163800,166900,163500,164300,472188,0.0036652412950519686
2024-07-11,166300,166500,163800,164900,469263,0.0036518563603165077
2024-07-12,162100,166000,159600,164800,515763,-0.0006064281382656134
2024-07-15,165400,165500,159200,160400,536177,-0.02669902912621358
2024-07-16,160400,172400,158900,172000,1269824,0.07231920199501252
2024-07-17,172800,176500,170800,172700,972204,0.0040697674418603835
2024-07-18,170400,174500,169700,171900,593120,-0.00463231036479439
2024-07-19,170300,170500,165500,168000,442821,-0.022687609075043635
2024-07-22,167300,167400,159700,160500,674236,-0.044642857142857095
2024-07-23,162400,163500,159900,159900,392452,-0.0037383177570093906
2024-07-24,159800,162600,158200,159500,293981,-0.00250156347717323
2024-07-25,158500,161200,157100,157300,605826,-0.01379310344827589
2024-07-26,158300,158700,153600,154900,414928,-0.015257469802924306
2024-07-29,155700,156500,154000,155800,280319,0.005810200129115595
2024-07-30,154500,155200,153100,154000,200081,-0.011553273427471145
2024-07-31,154200,160800,153800,159600,614593,0.036363636363636376
2024-08-01,163000,164600,158200,159500,526245,-0.0006265664160400863
2024-08-02,154100,156100,150000,150600,507100,-0.05579937304075233
2024-08-05,147200,147300,132700,138200,487169,-0.08233731739707839
2024-08-06,143000,144400,138000,138900,435291,0.005065123010130179
2024-08-07,139600,146500,139100,144900,287898,0.043196544276457916
2024-08-08,143000,147200,141600,143300,419409,-0.011042097998619771
2024-08-09,146700,147000,142600,143500,255808,0.0013956734124214165
2024-08-12,144100,147200,143800,145800,204899,0.016027874564459976
2024-08-13,146400,147300,141000,141500,403451,-0.029492455418381303
2024-08-14,143900,144700,141500,142200,245987,0.004946996466431042
2024-08-16,144500,148700,144500,146100,457217,0.02742616033755274
2024-08-19,146300,146500,142900,143900,226829,-0.015058179329226595
2024-08-20,145400,146300,142800,145700,301439,0.012508686587908269
2024-08-21,145300,146000,144000,145700,189640,0.0
2024-08-22,146100,146300,145000,145700,153520,0.0
2024-08-23,145200,146000,140700,143100,366446,-0.017844886753603295
2024-08-26,144000,145700,143500,144200,230543,0.007686932215234199
2024-08-27,144200,144400,142300,143900,155579,-0.0020804438280166426
2024-08-28,143600,144300,141400,142600,147243,-0.009034051424600453
2024-08-29,140200,142100,139600,140700,315148,-0.013323983169705511
2024-08-30,142000,144000,141600,142800,378561,0.014925373134328401
2024-09-02,142800,145900,141000,145200,323305,0.01680672268907557
2024-09-03,145200,145300,141300,141500,250558,-0.025482093663911853
2024-09-04,137000,138000,133700,134900,527962,-0.046643109540635996
2024-09-05,136100,136700,133200,133700,239457,-0.008895478131949575
2024-09-06,133700,134000,129800,130400,410012,-0.024682124158563967
2024-09-09,127800,133500,126700,132900,296278,0.01917177914110435
2024-09-10,132500,133100,127600,128900,457387,-0.03009781790820165
2024-09-11,129500,129700,126000,126400,401621,-0.019394879751745586
2024-09-12,128700,131600,128400,131100,404756,0.037183544303797555
2024-09-13,130400,131600,130000,130700,139135,-0.0030511060259343914
2024-09-19,132800,133000,127300,130700,284576,0.0
2024-09-20,132400,133200,131300,133000,285260,0.01759755164498844
2024-09-23,140000,142500,135700,136600,810659,0.02706766917293235
2024-09-24,137000,139000,135400,138200,391940,0.01171303074670571
2024-09-25,138900,139900,135300,135700,312230,-0.01808972503617945
2024-09-26,138000,141000,137100,140100,441905,0.0324244657332351
2024-09-27,140400,140500,138700,139000,197385,-0.00785153461812993
2024-09-30,138400,139400,132500,132500,485175,-0.046762589928057596
2024-10-02,131100,131700,128800,130200,230994,-0.017358490566037776
2024-10-04,130800,131200,129200,129900,211656,-0.0023041474654378336
2024-10-07,130300,132500,128500,131600,209504,0.013086989992301845
2024-10-08,130500,130700,129500,129800,202214,-0.01367781155015202
2024-10-10,130600,131800,129200,130800,329564,0.007704160246533087
2024-10-11,130500,131600,129500,129800,162284,-0.007645259938837912
2024-10-14,129300,131200,128900,130900,179489,0.008474576271186418
2024-10-15,131500,132000,129300,129500,233280,-0.010695187165775444
2024-10-16,127100,127500,123500,124200,646795,-0.04092664092664089
2024-10-17,124700,124800,123000,124200,282152,0.0
2024-10-18,124700,124700,121600,123000,333067,-0.009661835748792313
2024-10-21,123400,123900,123000,123000,165922,0.0
2024-10-22,122500,123400,119800,120400,358344,-0.021138211382113803
2024-10-23,120400,123900,119000,122700,251187,0.01910299003322269
2024-10-24,121600,122200,118800,119100,307996,-0.02933985330073352
2024-10-25,119400,119500,116200,117000,324300,-0.017632241813602012
2024-10-28,117200,121200,117000,121200,245038,0.03589743589743599
2024-10-29,121200,122400,118200,120200,354807,-0.008250825082508295
2024-10-30,119900,119900,116800,117700,338337,-0.02079866888519133
2024-10-31,117200,120700,116100,118400,271263,0.005947323704333041
2024-11-01,118000,118200,116800,117100,150398,-0.010979729729729715
2024-11-04,117400,119500,117100,119000,231613,0.016225448334756587
2024-11-05,117800,119300,117100,119100,143482,0.0008403361344537785
2024-11-06,119700,120700,117200,118200,203500,-0.007556675062972307
2024-11-07,117500,119200,116200,117600,173191,-0.005076142131979711
2024-11-08,118500,119500,116600,116800,166314,-0.006802721088435382
2024-11-11,116500,116500,112300,112400,297664,-0.03767123287671237
2024-11-12,110600,113300,110600,111000,223849,-0.01245551601423489
2024-11-13,110200,110700,106700,106800,323743,-0.037837837837837784
2024-11-14,107100,110400,106400,106400,262599,-0.0037453183520599342
2024-11-15,106800,111600,105500,110100,349276,0.03477443609022557
2024-11-18,110700,115200,110700,112500,353912,0.021798365122615904
2024-11-19,112500,113600,111100,111100,242358,-0.01244444444444448
2024-11-20,110100,112600,110100,111100,204525,0.0
2024-11-21,111000,112900,110400,111600,197654,0.004500450045004545
2024-11-22,112800,113800,111700,112000,216218,0.0035842293906809264
2024-11-25,113900,115900,113300,113300,593922,0.011607142857142927
2024-11-26,113300,115000,112000,114900,454526,0.014121800529567574
2024-11-27,114100,114200,111700,111800,314975,-0.026979982593559604
2024-11-28,111700,112600,110500,112000,176515,0.0017889087656528524
2024-11-29,112100,112100,106300,108000,561137,-0.0357142857142857
2024-12-02,109300,109300,106000,107200,295509,-0.007407407407407418
2024-12-03,108200,109700,107700,109300,430199,0.019589552238805874
2024-12-04,106600,108500,105700,106200,388496,-0.02836230558096986
2024-12-05,106700,111300,106100,109500,468211,0.031073446327683607
2024-12-06,110600,113500,107600,110400,670528,0.008219178082191858
2024-12-09,109300,110400,105600,105600,405189,-0.04347826086956519
2024-12-10,107900,116500,107900,116300,715825,0.10132575757575757
2024-12-11,116300,119400,115200,119300,489644,0.02579535683576961
2024-12-12,119300,122300,118200,120700,667265,0.011735121542330251
2024-12-13,120400,127800,120400,126100,865640,0.04473902236951122
2024-12-16,127600,128000,124900,127500,363406,0.011102299762093537
2024-12-17,126600,126600,123500,124600,475738,-0.02274509803921565
2024-12-18,125900,128000,125000,126100,324832,0.012038523274478408
2024-12-19,122500,130500,122300,127900,624189,0.014274385408405976
2024-12-20,127900,130000,126100,128700,498624,0.006254886630179923
2024-12-23,129300,129500,127000,128200,196254,-0.0038850038850039015
2024-12-24,128700,129300,126600,127000,236529,-0.009360374414976613
2024-12-26,128200,128200,124400,125900,250854,-0.008661417322834652
2024-12-27,125000,126800,123400,124500,223180,-0.011119936457505974
2024-12-30,124100,125400,123100,123800,160820,-0.005622489959839383
2025-01-02,124000,125000,120500,122400,215485,-0.011308562197092087
2025-01-03,122000,124400,121400,122300,439170,-0.0008169934640522847
2025-01-06,124800,133000,124600,130900,813823,0.07031888798037622
2025-01-07,132100,132200,125900,126800,472125,-0.031321619556913705
2025-01-08,125200,132300,125100,131200,406346,0.034700315457413256
2025-01-09,131500,133400,129200,129200,459274,-0.015243902439024404
2025-01-10,131100,131500,128600,129300,265143,0.0007739938080495445
2025-01-13,128100,129300,126500,126600,275227,-0.02088167053364265
2025-01-14,127200,129700,125900,126100,271971,-0.003949447077409185
2025-01-15,127100,129000,123000,123100,397814,-0.023790642347343405
2025-01-16,124500,126400,123200,123600,309865,0.004061738424045558
2025-01-17,123600,128500,123400,128200,414875,0.03721682847896446
2025-01-20,128600,128700,126300,126600,201645,-0.012480499219968744
2025-01-21,127200,129200,124200,126500,268429,-0.0007898894154818592
2025-01-22,127700,130800,126000,130500,313614,0.031620553359683834
2025-01-23,130800,131600,127500,127500,311761,-0.02298850574712641
2025-01-24,127800,129700,126100,128100,271505,0.004705882352941115
2025-01-31,130800,135600,129300,134100,708321,0.04683840749414525
2025-02-03,131800,132200,129200,131100,368952,-0.022371364653243853
2025-02-04,132400,134200,130700,131800,351405,0.005339435545385296
2025-02-05,133300,134100,131000,131000,259904,-0.006069802731411222
2025-02-06,132100,134600,130200,134600,330138,0.027480916030534264
2025-02-07,136300,139200,135400,138500,770507,0.028974739970282215
2025-02-10,137600,146500,137100,144100,892180,0.0404332129963898
2025-02-11,145200,146000,143000,144700,389860,0.004163775156141636
2025-02-12,144800,146900,141200,144500,346112,-0.0013821700069108767
2025-02-13,144700,146500,142600,145200,436412,0.004844290657439521
2025-02-14,145900,149100,144200,148200,518379,0.02066115702479343
2025-02-17,149700,149800,145400,147400,272783,-0.005398110661268607
2025-02-18,147100,147100,143500,145300,301393,-0.014246947082767969
2025-02-19,144900,146100,144200,144700,310954,-0.004129387474191337
2025-02-20,143800,144400,140700,143900,413639,-0.005528680027643396
2025-02-21,144200,144500,141000,143200,213753,-0.00486448922863103
2025-02-24,141700,143800,141600,143700,205121,0.0034916201117318746
2025-02-25,142200,144000,140400,142100,171757,-0.011134307585247027
2025-02-26,141500,142100,140100,141100,389461,-0.0070372976776917895
2025-02-27,141900,144600,141500,142500,321309,0.009922041105598911
2025-02-28,139000,139800,134600,135000,571810,-0.052631578947368474
2025-03-04,133000,137900,133000,136800,182106,0.01333333333333342
2025-03-05,137700,139300,135300,135700,232103,-0.008040935672514626
2025-03-06,136100,137800,134600,135900,200474,0.0014738393515105752
2025-03-07,135000,137800,134400,134900,222195,-0.00735835172921262
2025-03-10,133800,134900,132600,132900,177602,-0.014825796886582698
2025-03-11,130000,138600,128700,135800,333978,0.021820917983446098
2025-03-12,137000,138700,135000,137300,199437,0.011045655375552244
2025-03-13,138500,141200,136950,138100,449549,0.0058266569555718295
2025-03-14,139500,140700,136600,137400,269055,-0.005068790731354134
2025-03-17,138100,142400,138100,139800,323118,0.017467248908296984
2025-03-18,140600,140800,136500,137100,211056,-0.01931330472102999
2025-03-19,136600,138800,136400,138000,156085,0.006564551422319376
2025-03-20,138500,140800,137700,139500,259013,0.010869565217391353
2025-03-21,139200,141100,138300,138500,245822,-0.007168458781361964
2025-03-24,138500,140900,137600,137600,127611,-0.006498194945848357
2025-03-25,139000,140300,136800,137600,214304,0.0
2025-03-26,137900,140900,137500,139200,203917,0.011627906976744207
2025-03-27,137700,138700,136900,137100,130604,-0.015086206896551713
2025-03-28,137400,137500,134500,135900,103968,-0.008752735229759279
2025-03-31,132200,133800,127300,129100,340830,-0.05003679175864606
2025-04-01,129500,130200,127600,128700,256790,-0.0030983733539891034
2025-04-02,129500,133000,128000,131700,258189,0.02331002331002341
2025-04-03,125200,126900,120300,120500,796234,-0.08504176157934695
2025-04-04,117500,122500,117000,121200,374721,0.0058091286307053736
2025-04-07,116200,117900,114400,114700,330364,-0.05363036303630364
2025-04-08,117600,117700,111700,112800,334751,-0.016564952048823023
2025-04-09,114200,114200,108800,109500,298087,-0.0292553191489362
2025-04-10,118800,119300,116200,119000,355878,0.08675799086757996
2025-04-11,116800,118100,115600,117800,166672,-0.010084033613445342
2025-04-14,120200,122800,119400,119700,222790,0.016129032258064502
2025-04-15,119200,120000,118300,119700,128263,0.0
2025-04-16,128100,128400,120500,120600,819352,0.007518796992481258
2025-04-17,120200,121600,119400,120800,201221,0.0016583747927032544
2025-04-18,121500,121900,120400,121000,149144,0.0016556291390728006
2025-04-21,120600,121600,120200,121200,112569,0.0016528925619834212
2025-04-22,120000,121200,119200,119400,139262,-0.014851485148514865
2025-04-23,121500,122700,120700,122400,196893,0.025125628140703515
2025-04-24,122800,123200,120900,122000,153151,-0.0032679738562091387
2025-04-25,123100,123400,121700,123000,168263,0.008196721311475308
2025-04-28,122200,123200,121000,121300,155015,-0.013821138211382089
2025-04-29,121600,123100,120500,121800,236087,0.004122011541632276
2025-04-30,121700,122100,116700,117700,612216,-0.0336617405582923
2025-05-02,117700,118200,117200,117600,172181,-0.000849617672047609
2025-05-07,118500,119600,117800,118300,166753,0.005952380952380931
2025-05-08,118600,118800,117100,117800,259417,-0.004226542688081203
2025-05-09,117900,118200,117000,117200,140994,-0.005093378607809895
2025-05-12,118100,125800,117900,125800,606796,0.07337883959044378
2025-05-13,127100,127100,124800,126000,288938,0.0015898251192367763
2025-05-14,126600,127300,125100,126300,235423,0.0023809523809523725
2025-05-15,125000,125400,121900,122200,264306,-0.03246239113222482
2025-05-16,122300,123200,121500,122600,174391,0.003273322422258529
2025-05-19,121100,121900,119700,120700,131104,-0.015497553017944532
2025-05-20,121600,122000,119200,119400,212393,-0.010770505385252704
2025-05-21,119800,121800,119800,120700,245860,0.010887772194304812
2025-05-22,120300,122000,118300,118800,211136,-0.0157415078707539
2025-05-23,118900,119600,117100,117300,181029,-0.012626262626262652
2025-05-26,116900,121400,116200,121100,190038,0.03239556692242118
2025-05-27,120300,120300,118000,118800,199064,-0.018992568125516085
2025-05-28,119600,124100,119400,123300,403093,0.037878787878787845
2025-05-29,125000,125000,122300,124000,209243,0.005677210056772131
2025-05-30,122800,125600,122000,122200,495787,-0.014516129032258074
2025-06-02,121500,123500,120200,120800,204952,-0.011456628477905073
2025-06-04,121700,123000,121000,121700,309432,0.007450331125827825
2025-06-05,123100,133300,122800,132000,956814,0.0846343467543138
2025-06-09,132600,132600,129500,130000,449209,-0.015151515151515138
2025-06-10,131100,131400,129200,129800,350480,-0.0015384615384614886
2025-06-11,130900,133400,130400,132400,366885,0.02003081664098616
2025-06-12,132800,132900,130800,131400,462595,-0.007552870090634434
2025-06-13,132100,132900,126500,127400,381735,-0.030441400304414
2025-06-16,127200,127300,124000,126900,315381,-0.003924646781789609
2025-06-17,128200,132800,127500,130700,475355,0.029944838455476797
2025-06-18,130000,133700,129200,133000,419263,0.01759755164498844
2025-06-19,134300,134600,129800,130300,433979,-0.020300751879699264
2025-06-20,132200,134800,132100,133300,455163,0.023023791250959436
2025-06-23,131000,131000,129200,130300,283319,-0.022505626406601698
2025-06-24,132900,138200,132900,136700,546143,0.049117421335379996
2025-06-25,139300,140400,136300,139100,415635,0.017556693489392927
2025-06-26,143900,144000,136900,138900,573696,-0.0014378145219267058
2025-06-27,138500,138500,134700,135500,267773,-0.024478041756659463
2025-06-30,136000,136500,133700,134700,222339,-0.005904059040590437
2025-07-01,136000,137200,134500,135200,229190,0.0037119524870081744
2025-07-02,133900,134800,132900,134500,201839,-0.005177514792899407
2025-07-03,136700,142700,136500,142300,742580,0.057992565055762
2025-07-04,141500,141700,138200,138600,335510,-0.026001405481377415
2025-07-07,138600,139800,137100,138900,240096,0.0021645021645022577
2025-07-08,137800,139200,136200,136700,255103,-0.015838732901367836
2025-07-09,137500,138900,134700,135400,309504,-0.009509875640087762
2025-07-10,136300,137300,135500,137100,290592,0.01255539143279183
2025-07-11,136000,138100,135800,137100,322790,0.0
2025-07-14,136700,137800,136100,137500,197188,0.0029175784099197966
2025-07-15,137600,139500,136800,139400,320381,0.01381818181818173
2025-07-16,138700,139600,137600,138000,216989,-0.010043041606886627
2025-07-17,138700,138700,135300,137800,283955,-0.0014492753623188692
2025-07-18,137800,139400,137200,138700,273011,0.006531204644412147
2025-07-21,138200,140000,136800,137300,256275,-0.010093727469358327
2025-07-22,137400,138100,133800,134500,319850,-0.02039329934450107
2025-07-23,135300,137000,132500,135900,256124,0.010408921933085402
2025-07-24,135600,136700,134900,135100,171950,-0.005886681383370118
2025-07-25,134500,135500,134300,134900,102962,-0.001480384900074072
2025-07-28,135900,138800,134600,138500,272477,0.026686434395848835
2025-07-29,138000,138100,134900,137400,231470,-0.007942238267148016
2025-07-30,137600,156700,137500,151900,3094286,0.1055312954876273
2025-07-31,150300,151800,147200,148700,628014,-0.02106649111257408
2025-08-01,146600,150200,142800,143300,581414,-0.03631472763954269
2025-08-04,143500,153400,142600,150300,850292,0.04884856943475224
2025-08-05,155300,157400,153200,155700,965006,0.03592814371257491
2025-08-06,153600,156600,153200,155600,453969,-0.0006422607578676631
2025-08-07,161100,163600,154500,155300,645193,-0.001928020565552746
2025-08-08,156400,162400,154500,160100,670902,0.030907920154539692
2025-08-11,160700,162700,159100,159800,359552,-0.0018738288569644101
2025-08-12,158200,160500,157800,157800,272659,-0.01251564455569465
2025-08-13,160000,163500,159100,162900,569109,0.0323193916349811
2025-08-14,162800,163500,161300,162600,259530,-0.0018416206261510082
2025-08-18,161200,161200,158200,158200,300453,-0.027060270602705994
2025-08-19,158900,159900,157100,159000,209985,0.005056890012642201
2025-08-20,156000,157600,153800,156500,352079,-0.01572327044025157
2025-08-21,156800,156900,153800,154800,277095,-0.010862619808306717
2025-08-22,155300,156200,154400,154700,144547,-0.0006459948320413078
2025-08-25,156300,158000,155000,157600,176204,0.018745959922430444
2025-08-26,158100,161500,158100,159500,485021,0.012055837563451854
2025-08-27,161000,162200,159300,161300,315995,0.011285266457680354
2025-08-28,160700,164400,160100,161900,330401,0.0037197768133911957
2025-08-29,162500,163400,159600,160500,268324,-0.00864731315626932
2025-09-01,158800,166600,158000,162200,443088,0.010591900311526459
2025-09-02,164400,170000,163200,169900,862789,0.047472256473489516
2025-09-03,172500,176500,171600,174200,793926,0.025309005297233567
2025-09-04,175100,179500,173700,178400,696996,0.024110218140068973
2025-09-05,180200,180500,176500,178200,400194,-0.0011210762331838042
2025-09-08,176200,178900,175800,178700,334713,0.0028058361391694042
2025-09-09,181200,182500,178100,180300,336513,0.008953553441522155
2025-09-10,179000,181300,178500,180500,359528,0.0011092623405435376
2025-09-11,183200,190000,183000,188000,931358,0.04155124653739617
2025-09-12,190100,193900,188300,190400,675115,0.012765957446808418
2025-09-15,191300,191700,187000,189000,504841,-0.007352941176470562
2025-09-16,189500,195000,189500,192900,556664,0.02063492063492056
2025-09-17,191800,195900,190600,192100,462395,-0.00414722654224986
2025-09-18,192400,195000,192000,194500,359269,0.012493492972410314
2025-09-19,194000,197700,192900,197700,532083,0.01645244215938302
2025-09-22,198300,208000,197800,207000,719169,0.047040971168436974
2025-09-23,209000,209500,200000,204000,368573,-0.01449275362318836
2025-09-24,201500,203000,197000,201500,523315,-0.01225490196078427
2025-09-25,199000,200500,197100,200000,381508,-0.007444168734491274
2025-09-26,197700,198100,188600,191700,850907,-0.04149999999999998
2025-09-29,193100,198700,192600,197600,337478,0.03077725612936888
2025-09-30,197100,198100,193300,193500,312982,-0.020748987854251055
2025-10-01,195800,196300,190800,193300,404107,-0.001033591731266159
2025-10-02,197800,199400,195200,195800,664365,0.012933264355923457
2025-10-10,202000,211000,199600,210500,947198,0.07507660878447386
2025-10-13,202000,204500,198500,203500,473190,-0.0332541567695962
2025-10-14,206000,208000,197000,198200,567219,-0.02604422604422607
2025-10-15,198900,200500,195400,200000,442942,0.00908173562058523
2025-10-16,199000,203000,197500,201500,440547,0.007500000000000062
2025-10-17,200000,208000,199000,207000,572650,0.027295285359801413
2025-10-20,208000,214500,204500,212500,522458,0.02657004830917864
2025-10-21,215000,221000,214000,216000,600165,0.016470588235294015
2025-10-22,214000,216000,207000,212000,339613,-0.01851851851851849
2025-10-23,207500,223500,206500,222000,637592,0.04716981132075482
2025-10-24,223000,223500,218500,222000,382187,0.0
2025-10-27,223500,228500,220500,228500,486164,0.029279279279279313
2025-10-28,229000,233500,226000,232000,448107,0.015317286652078765
2025-10-29,238000,240000,224000,232000,1072233,0.0
2025-10-30,229500,230000,221500,225000,787280,-0.030172413793103425
2025-10-31,226000,248000,225000,245000,908689,0.0888888888888888
2025-11-03,242000,247000,236000,243000,841490,-0.008163265306122436
2025-11-04,246000,250500,236000,239000,557195,-0.016460905349794275
2025-11-05,230500,232000,219500,229500,632356,-0.03974895397489542
2025-11-06,236500,237000,227500,232000,505655,0.01089324618736387
2025-11-07,220000,231500,215000,222500,587100,-0.04094827586206895
2025-11-10,224500,226500,218000,224000,377980,0.006741573033707926
2025-11-11,228500,233500,224500,227500,361539,0.015625
2025-11-12,226500,229500,223500,226500,285570,-0.00439560439560438
2025-11-13,225000,226250,220500,221500,495921,-0.02207505518763797
2025-11-14,213500,216500,212000,213000,601975,-0.038374717832957095
2025-11-17,216000,217000,208500,215500,470203,0.011737089201877993
2025-11-18,210500,212000,202500,204000,641226,-0.05336426914153136
2025-11-19,208000,222500,201000,215000,1166055,0.05392156862745101
2025-11-20,224000,228000,218500,218500,783585,0.016279069767441756
2025-11-21,208000,221500,207000,217500,689878,-0.004576659038901587
2025-11-24,223500,231500,219000,226000,917018,0.03908045977011487
2025-11-25,239500,245000,236000,241500,1028743,0.06858407079646023
2025-11-26,250000,258000,242000,257000,893102,0.06418219461697716
2025-11-27,252500,259250,250000,255000,531577,-0.0077821011673151474
2025-11-28,253000,254500,247500,251000,529584,-0.015686274509803977
2025-12-01,255000,259000,243500,250000,544242,-0.003984063745019917
2025-12-02,251500,258500,248250,252000,450595,0.008000000000000007
2025-12-03,255000,266000,251500,261000,598750,0.03571428571428581
2025-12-04,259000,266000,256500,265000,549696,0.015325670498084198
2025-12-05,261500,263500,256500,263000,394859,-0.007547169811320753
2025-12-08,265000,267500,257500,262000,347964,-0.0038022813688213253
2025-12-09,263500,274000,262500,269500,572729,0.028625954198473247
2025-12-10,275000,281000,265500,268500,781774,-0.0037105751391465214
2025-12-11,272000,282500,269500,269500,842236,0.003724394785847407
2025-12-12,272000,273500,264000,272000,455596,0.00927643784786647
2025-12-15,261000,265500,259000,263500,454635,-0.03125
2025-12-16,263000,263500,253500,255000,582349,-0.032258064516129004
2025-12-17,258000,260000,249000,258500,605403,0.013725490196078383
2025-12-18,251000,257500,249000,254000,322946,-0.01740812379110257
2025-12-19,260000,264000,251000,253000,490969,-0.003937007874015741
2025-12-22,259500,260000,252500,254500,416568,0.005928853754940677
2025-12-23,256000,256000,250000,251500,383556,-0.011787819253438081
2025-12-24,253000,257000,250000,253500,280065,0.007952286282306265
2025-12-26,257500,264500,255000,259000,615217,0.021696252465483346
2025-12-29,261000,262000,254500,257500,376430,-0.00579150579150578
2025-12-30,256000,256500,251000,255000,351562,-0.009708737864077666
2026-01-02,256500,273000,253000,270000,714957,0.05882352941176472
2026-01-05,274000,274500,264000,270000,650319,0.0
2026-01-06,267000,268000,257500,268000,641565,-0.007407407407407418
2026-01-07,270000,273000,261500,267500,699885,-0.001865671641791078
2026-01-08,265500,289000,263500,272000,1301057,0.016822429906542036
2026-01-09,275000,275500,264000,266000,632342,-0.022058823529411797
2026-01-12,270500,282000,268000,279000,768166,0.048872180451127845
2026-01-13,284000,290000,277500,289000,658840,0.03584229390680993
2026-01-14,289000,292000,280500,284500,440111,-0.01557093425605538
2026-01-15,282000,290000,280000,289500,450431,0.017574692442882345
2026-01-16,291500,291500,279500,289500,609718,0.0
2026-01-19,288000,295500,286000,292000,454162,0.008635578583765069
2026-01-20,289000,289000,276000,282000,565656,-0.03424657534246578
2026-01-21,272500,283500,272000,280000,581814,-0.007092198581560294
2026-01-22,286000,286500,281000,283000,475584,0.010714285714285676
2026-01-23,288500,291500,267500,272000,1221617,-0.03886925795053009
2026-01-26,274000,276000,268500,275000,698696,0.011029411764705843
2026-01-27,275500,277000,266000,277000,676611,0.0072727272727273196
2026-01-28,280000,284000,276000,280000,678513,0.010830324909747224
2026-01-29,280000,281000,273500,279500,613112,-0.0017857142857142794
2026-01-30,277000,288000,272500,279000,711202,-0.0017889087656529634
2026-02-02,289000,300000,280000,283000,1476234,0.014336917562723928
2026-02-03,294000,309500,292000,307500,1354513,0.08657243816254412
2026-02-04,303000,305500,295500,305000,735734,-0.008130081300813052
2026-02-05,298000,300500,285500,290000,587435,-0.049180327868852514
2026-02-06,279500,290000,274000,284000,545238,-0.020689655172413834
2026-02-09,296000,305500,291000,304000,685190,0.07042253521126751
2026-02-10,306500,323000,304500,313500,755851,0.03125
2026-02-11,311000,312500,301750,309500,431768,-0.012759170653907526
2026-02-12,316000,322000,314000,319500,513056,0.03231017770597733
2026-02-13,314000,319500,309000,309500,368404,-0.031298904538341166
2026-02-19,328000,363000,321000,358000,1471530,0.15670436187399028
2026-02-20,357000,386000,354000,377000,1178096,0.05307262569832405
