Date,Open,High,Low,Close,Volume,Change
2022-01-03,4990,5010,4745,4815,2839301,0.031049250535331918
2022-01-04,4815,4950,4660,4750,1563495,-0.01349948078920038
2022-01-05,4770,4835,4520,4555,989945,-0.04105263157894734
2022-01-06,4400,4650,4315,4495,758292,-0.013172338090010949
2022-01-07,4500,4840,4500,4665,917495,0.037819799777530694
2022-01-10,4630,4915,4585,4815,1866448,0.03215434083601276
2022-01-11,4800,4855,4660,4690,668304,-0.025960539979231534
2022-01-12,4715,4760,4600,4660,402121,-0.006396588486140775
2022-01-13,4660,4745,4620,4630,337390,-0.006437768240343367
2022-01-14,4600,4650,4510,4560,217981,-0.015118790496760237
2022-01-17,4555,4555,4265,4265,354097,-0.0646929824561403
2022-01-18,4260,4415,4250,4270,323961,0.0011723329425556983
2022-01-19,4170,4255,4090,4110,173324,-0.0374707259953162
2022-01-20,4110,4230,4000,4230,178114,0.029197080291970767
2022-01-21,4220,4325,4160,4190,184205,-0.009456264775413725
2022-01-24,4125,4170,3885,3890,225091,-0.0715990453460621
2022-01-25,3965,4065,3675,3760,346735,-0.033419023136246784
2022-01-26,3725,4095,3725,4095,519763,0.08909574468085113
2022-01-27,4425,5050,4200,4450,19177929,0.0866910866910866
2022-01-28,4475,4900,4455,4485,6115542,0.00786516853932584
2022-02-03,4575,4700,4495,4610,1391517,0.027870680044593144
2022-02-04,4535,4895,4505,4780,2644046,0.03687635574837311
2022-02-07,4815,4850,4520,4665,1115221,-0.024058577405857706
2022-02-08,4670,4820,4500,4585,947553,-0.017148981779206873
2022-02-09,4650,4905,4585,4850,2207087,0.0577971646673936
2022-02-10,4810,4830,4620,4680,780590,-0.035051546391752564
2022-02-11,4620,4645,4520,4555,462056,-0.026709401709401726
2022-02-14,4435,4435,4200,4290,587256,-0.05817782656421511
2022-02-15,4270,4300,4030,4050,379404,-0.05594405594405594
2022-02-16,4150,4320,4150,4255,234632,0.050617283950617376
2022-02-17,4290,4410,4120,4230,318636,-0.005875440658049347
2022-02-18,4200,4400,4150,4360,247848,0.030732860520094496
2022-02-21,4295,4295,4150,4250,264452,-0.025229357798165153
2022-02-22,4160,4220,4030,4110,328844,-0.03294117647058825
2022-02-23,4110,4200,4075,4165,246638,0.01338199513381988
2022-02-24,4080,4125,3915,3915,265085,-0.06002400960384158
2022-02-25,4020,4345,4000,4150,950819,0.06002554278416339
2022-02-28,4095,4220,4075,4195,176437,0.010843373493975905
2022-03-02,4170,4220,4155,4215,146888,0.004767580452920139
2022-03-03,4240,4375,4240,4345,319736,0.03084223013048626
2022-03-04,4345,4365,4215,4285,187105,-0.013808975834292303
2022-03-07,4220,4220,4055,4115,189822,-0.03967327887981331
2022-03-08,3990,4125,3985,4050,172000,-0.015795868772782495
2022-03-10,4180,4180,4080,4100,157665,0.012345679012345734
2022-03-11,4130,4130,4000,4010,174890,-0.02195121951219514
2022-03-14,4075,4115,3945,3980,248907,-0.007481296758104716
2022-03-15,3980,3995,3915,3945,149643,-0.008793969849246186
2022-03-16,3980,4080,3960,4070,153353,0.03168567807351086
2022-03-17,4230,4420,4190,4255,651144,0.045454545454545414
2022-03-18,4300,5290,4205,4950,26449997,0.163337250293772
2022-03-21,4980,4995,4880,4880,2823764,-0.014141414141414121
2022-03-22,4880,5150,4795,4955,5721717,0.015368852459016313
2022-03-23,4955,5420,4920,5280,11110141,0.06559031281533811
2022-03-24,5220,5350,5140,5350,2176868,0.01325757575757569
2022-03-25,5450,5460,5220,5260,2505474,-0.016822429906542036
2022-03-28,5220,5330,5040,5200,1104819,-0.011406844106463865
2022-03-29,5190,5270,5030,5100,780755,-0.019230769230769273
2022-03-30,5100,5560,4955,5040,7449155,-0.0117647058823529
2022-03-31,5000,5110,5000,5040,482533,0.0
2022-04-01,5040,5050,4965,4970,477008,-0.01388888888888884
2022-04-04,4925,5020,4895,5010,432990,0.008048289738430636
2022-04-05,5050,5050,4760,4840,855305,-0.03393213572854292
2022-04-06,4815,4840,4675,4680,575355,-0.03305785123966942
2022-04-07,4660,4675,4475,4520,581488,-0.03418803418803418
2022-04-08,4535,4595,4500,4540,373720,0.004424778761061843
2022-04-11,4540,4640,4435,4445,344404,-0.020925110132158586
2022-04-12,4420,4470,4340,4470,263311,0.0056242969628796935
2022-04-13,4500,4640,4470,4610,476707,0.031319910514541416
2022-04-14,4640,4640,4555,4630,150090,0.00433839479392617
2022-04-15,4600,4630,4515,4570,183835,-0.01295896328293733
2022-04-18,4530,4580,4455,4510,176471,-0.013129102844638973
2022-04-19,4490,4690,4490,4610,343770,0.022172949002217335
2022-04-20,4630,4720,4545,4660,381486,0.010845986984815648
2022-04-21,4680,4765,4600,4700,548457,0.008583690987124415
2022-04-22,4780,4830,4600,4635,958950,-0.013829787234042601
2022-04-25,4560,4600,4450,4475,384042,-0.034519956850053934
2022-04-26,4500,4770,4500,4590,672755,0.025698324022346286
2022-04-27,4450,4495,4410,4465,255185,-0.027233115468409563
2022-04-28,4475,4525,4365,4375,169723,-0.02015677491601342
2022-04-29,4375,4465,4375,4410,111611,0.008000000000000007
2022-05-02,4330,4470,4320,4460,134423,0.01133786848072571
2022-05-03,4460,4630,4405,4575,486306,0.02578475336322872
2022-05-04,4630,4630,4450,4480,265264,-0.020765027322404372
2022-05-06,4375,4440,4325,4360,175982,-0.0267857142857143
2022-05-09,4345,4580,4300,4360,528002,0.0
2022-05-10,4260,4305,4180,4305,235303,-0.012614678899082521
2022-05-11,4280,4405,4280,4315,166388,0.0023228803716608404
2022-05-12,4210,4310,4090,4120,199742,-0.04519119351100809
2022-05-13,4125,4230,4100,4160,158147,0.009708737864077666
2022-05-16,4185,4275,4185,4245,114489,0.02043269230769229
2022-05-17,4245,4360,4220,4320,122348,0.0176678445229681
2022-05-18,4370,4420,4300,4315,194209,-0.0011574074074074403
2022-05-19,4200,4285,4190,4260,139016,-0.01274623406720743
2022-05-20,4300,4350,4260,4270,131767,0.0023474178403755097
2022-05-23,4350,4560,4305,4435,983574,0.03864168618266972
2022-05-24,4575,4865,4470,4525,3532723,0.02029312288613294
2022-05-25,4575,4575,4400,4410,477376,-0.02541436464088398
2022-05-26,4415,4510,4345,4350,322505,-0.013605442176870763
2022-05-27,4380,4450,4315,4355,189903,0.0011494252873562871
2022-05-30,4400,4550,4360,4440,257340,0.019517795637198576
2022-05-31,4490,4530,4440,4450,323064,0.0022522522522523403
2022-06-02,4470,4720,4400,4525,1339168,0.016853932584269593
2022-06-03,4535,4545,4425,4445,292456,-0.0176795580110497
2022-06-07,4485,4635,4445,4565,841205,0.02699662542182235
2022-06-08,4570,4890,4570,4745,3186768,0.03943044906900339
2022-06-09,4720,4845,4695,4780,1319950,0.007376185458377149
2022-06-10,4730,4810,4630,4735,557634,-0.009414225941422605
2022-06-13,4615,4695,4500,4605,546145,-0.02745512143611406
2022-06-14,4485,4585,4385,4455,430847,-0.032573289902280145
2022-06-15,4385,4815,4290,4315,3167179,-0.03142536475869806
2022-06-16,4340,4470,4105,4115,611944,-0.04634994206257237
2022-06-17,3960,4000,3785,3905,793452,-0.051032806804374276
2022-06-20,3910,3910,3420,3475,715578,-0.11011523687580027
2022-06-21,3480,3555,3425,3480,398833,0.0014388489208632116
2022-06-22,3470,3560,3140,3160,732646,-0.09195402298850575
2022-06-23,3165,3210,2860,2990,667437,-0.05379746835443033
2022-06-24,2960,3185,2960,3140,296557,0.050167224080267525
2022-06-27,3240,3920,3200,3610,6271213,0.14968152866242046
2022-06-28,3590,3700,3550,3695,774456,0.023545706371191244
2022-06-29,3615,3705,3590,3660,380276,-0.009472259810554773
2022-06-30,3600,3640,3490,3515,312764,-0.0396174863387978
2022-07-01,3530,3570,3305,3355,207220,-0.045519203413940224
2022-07-04,3365,3390,3180,3300,259548,-0.016393442622950838
2022-07-05,3340,3435,3340,3365,178731,0.01969696969696977
2022-07-06,3425,3495,3345,3375,192980,0.002971768202080227
2022-07-07,3365,3490,3360,3490,187734,0.034074074074074145
2022-07-08,3540,3545,3465,3490,238831,0.0
2022-07-11,3540,3560,3460,3470,118032,-0.005730659025787954
2022-07-12,3435,3435,3245,3260,246980,-0.060518731988472574
2022-07-13,3240,3540,3230,3320,348226,0.018404907975460016
2022-07-14,3285,3430,3260,3405,163990,0.025602409638554313
2022-07-15,3405,3450,3310,3390,141154,-0.004405286343612369
2022-07-18,3460,3555,3430,3540,286927,0.04424778761061954
2022-07-19,3575,3620,3530,3560,277772,0.005649717514124353
2022-07-20,3595,3670,3545,3550,237929,-0.002808988764044895
2022-07-21,3555,3800,3550,3645,743991,0.026760563380281654
2022-07-22,3645,3660,3565,3570,178005,-0.020576131687242816
2022-07-25,3560,3575,3480,3555,99139,-0.004201680672268893
2022-07-26,3545,3595,3520,3590,106918,0.009845288326300938
2022-07-27,3605,3735,3560,3615,408290,0.0069637883008355494
2022-07-28,3665,3690,3600,3610,184810,-0.0013831258644536604
2022-07-29,3640,3690,3610,3670,230398,0.016620498614958512
2022-08-01,3730,3915,3700,3880,923381,0.05722070844686655
2022-08-02,3960,4205,3890,3910,3400843,0.0077319587628865705
2022-08-03,3950,3990,3810,3845,551253,-0.01662404092071612
2022-08-04,3850,4020,3840,3935,739074,0.023407022106632036
2022-08-05,3935,4005,3930,3965,440126,0.007623888182973326
2022-08-08,3990,4040,3915,3915,380547,-0.01261034047919296
2022-08-09,3915,3935,3820,3850,188079,-0.016602809706257937
2022-08-10,3850,3850,3725,3735,218221,-0.029870129870129825
2022-08-11,3775,3845,3765,3795,135693,0.016064257028112428
2022-08-12,3835,3950,3815,3865,403292,0.01844532279314892
2022-08-16,3885,4160,3875,3990,1284740,0.03234152652005173
2022-08-17,3980,3990,3850,3890,367775,-0.02506265664160401
2022-08-18,3855,3855,3720,3815,289357,-0.019280205655527016
2022-08-19,3810,3965,3810,3875,438960,0.01572739187418093
2022-08-22,3840,3840,3680,3690,307390,-0.047741935483870956
2022-08-23,3625,3705,3620,3650,155640,-0.010840108401083959
2022-08-24,3635,3710,3630,3665,130772,0.004109589041095818
2022-08-25,3710,3755,3660,3750,158371,0.023192360163710735
2022-08-26,3805,3830,3715,3720,161483,-0.008000000000000007
2022-08-29,3535,3635,3535,3560,192259,-0.043010752688172005
2022-08-30,3560,3615,3560,3600,120860,0.011235955056179803
2022-08-31,3600,3650,3520,3630,116617,0.008333333333333304
2022-09-01,3615,3615,3505,3505,184582,-0.03443526170798894
2022-09-02,3510,3550,3480,3490,90935,-0.004279600570613384
2022-09-05,3465,3505,3400,3450,106954,-0.011461318051575908
2022-09-06,3430,3850,3430,3545,1438985,0.02753623188405796
2022-09-07,3530,3590,3510,3580,356092,0.009873060648801113
2022-09-08,3625,3710,3615,3620,450223,0.011173184357541999
2022-09-13,3680,3685,3620,3655,252996,0.00966850828729271
2022-09-14,3510,3615,3485,3585,185254,-0.019151846785225746
2022-09-15,3620,3665,3595,3635,160873,0.013947001394700065
2022-09-16,3620,3735,3600,3615,373506,-0.005502063273727598
2022-09-19,3615,3635,3445,3460,217913,-0.04287690179806358
2022-09-20,3495,3695,3495,3605,389337,0.041907514450867156
2022-09-21,3580,3650,3555,3595,220592,-0.00277392510402219
2022-09-22,3575,3575,3405,3490,299433,-0.029207232267037586
2022-09-23,3455,3470,3300,3300,247611,-0.054441260744985676
2022-09-26,3200,3300,3000,3000,470338,-0.09090909090909094
2022-09-27,2995,3065,2900,3040,348271,0.01333333333333342
2022-09-28,2985,3080,2825,2845,306085,-0.06414473684210531
2022-09-29,2865,2970,2800,2800,320017,-0.01581722319859402
2022-09-30,2755,2850,2710,2820,217873,0.0071428571428571175
2022-10-04,2880,3020,2870,2980,266567,0.05673758865248235
2022-10-05,3030,3080,2920,2935,200364,-0.015100671140939603
2022-10-06,2960,3075,2955,3060,133295,0.042589437819420706
2022-10-07,3060,3145,3030,3070,127192,0.0032679738562091387
2022-10-11,3000,3000,2885,2910,142968,-0.05211726384364823
2022-10-12,2855,3045,2815,2865,379247,-0.015463917525773141
2022-10-13,2830,2830,2645,2655,286305,-0.0732984293193717
2022-10-14,2695,2830,2695,2820,249462,0.062146892655367214
2022-10-17,2775,2875,2760,2870,88656,0.01773049645390068
2022-10-18,2915,2995,2885,2935,118177,0.022648083623693305
2022-10-19,2940,2965,2850,2865,109853,-0.023850085178875657
2022-10-20,2895,2905,2765,2765,77233,-0.034904013961605584
2022-10-21,2760,2945,2755,2825,208319,0.02169981916817365
2022-10-24,2890,3035,2890,2970,268901,0.051327433628318486
2022-10-25,3000,3045,2965,3000,166453,0.010101010101010166
2022-10-26,3005,3025,2885,2910,130099,-0.030000000000000027
2022-10-27,2905,2980,2895,2960,61579,0.01718213058419238
2022-10-28,2950,2955,2840,2840,134854,-0.04054054054054057
2022-10-31,2930,2970,2870,2935,91972,0.03345070422535201
2022-11-01,2960,3030,2930,3010,103177,0.02555366269165238
2022-11-02,3000,3000,2950,2955,72403,-0.01827242524916939
2022-11-03,2860,3015,2830,2960,116072,0.0016920473773265332
2022-11-04,2920,2970,2890,2920,76453,-0.013513513513513487
2022-11-07,2955,2990,2895,2985,125564,0.022260273972602773
2022-11-08,2995,3090,2995,3045,145114,0.0201005025125629
2022-11-09,3045,3085,3025,3065,101662,0.006568144499178974
2022-11-10,3050,3055,3000,3010,55951,-0.01794453507340943
2022-11-11,3120,3125,3050,3120,173211,0.03654485049833878
2022-11-14,3150,3205,3135,3165,207296,0.014423076923076872
2022-11-15,3160,3190,3115,3165,142499,0.0
2022-11-16,3170,3180,3105,3175,104358,0.003159557661927437
2022-11-17,3145,3190,3115,3140,98084,-0.011023622047244053
2022-11-18,3130,3220,3100,3110,163733,-0.009554140127388533
2022-11-21,3120,3120,2980,3005,109029,-0.0337620578778135
2022-11-22,2985,3005,2925,2940,76939,-0.021630615640598982
2022-11-23,2945,3005,2945,2995,52551,0.018707482993197244
2022-11-24,2985,3035,2985,3020,52392,0.008347245409014992
2022-11-25,3020,3050,2995,3025,50895,0.0016556291390728006
2022-11-28,3000,3035,2955,2955,80614,-0.023140495867768562
2022-11-29,2915,2980,2915,2980,27957,0.008460236886632888
2022-11-30,2965,3015,2940,3000,43192,0.006711409395973256
2022-12-01,3030,3060,3005,3040,63219,0.01333333333333342
2022-12-02,3050,3050,3000,3040,31992,0.0
2022-12-05,3035,3070,3020,3040,59463,0.0
2022-12-06,3000,3045,2970,2975,47926,-0.021381578947368474
2022-12-07,2910,2990,2890,2920,107782,-0.01848739495798324
2022-12-08,2910,2980,2880,2905,47591,-0.005136986301369828
2022-12-09,2870,2950,2870,2895,55128,-0.0034423407917383297
2022-12-12,2845,2910,2840,2855,93353,-0.013816925734024155
2022-12-13,2860,2890,2835,2870,56394,0.005253940455341555
2022-12-14,2845,3230,2835,3010,2433472,0.04878048780487809
2022-12-15,2980,3085,2960,3060,242681,0.01661129568106312
2022-12-16,3015,3025,2955,3025,293738,-0.011437908496731986
2022-12-19,3145,3145,3000,3040,346536,0.0049586776859504855
2022-12-20,3010,3025,2895,2910,198976,-0.042763157894736836
2022-12-21,2925,2940,2860,2865,129733,-0.015463917525773141
2022-12-22,2875,2920,2875,2900,75010,0.01221640488656206
2022-12-23,2885,2885,2760,2765,241928,-0.04655172413793107
2022-12-26,2740,2765,2710,2710,104459,-0.019891500904159143
2022-12-27,2710,2750,2710,2720,76277,0.0036900369003689537
2022-12-28,2725,2785,2710,2750,84272,0.011029411764705843
2022-12-29,2715,2740,2640,2640,119381,-0.040000000000000036
2023-01-02,2640,2680,2515,2515,114514,-0.04734848484848486
2023-01-03,2515,2580,2440,2555,214355,0.015904572564612307
2023-01-04,2505,2860,2505,2645,503678,0.03522504892367917
2023-01-05,2665,2755,2665,2695,89045,0.018903591682419618
2023-01-06,2695,2855,2695,2800,167355,0.03896103896103886
2023-01-09,2875,3180,2875,2940,1145419,0.050000000000000044
2023-01-10,2915,3070,2915,2975,487983,0.011904761904761862
2023-01-11,3000,3015,2950,2955,164791,-0.006722689075630228
2023-01-12,2980,2985,2920,2930,118024,-0.008460236886632777
2023-01-13,2960,3065,2950,3030,207938,0.03412969283276457
2023-01-16,3030,3035,2975,3030,81473,0.0
2023-01-17,3030,3065,3000,3005,110743,-0.008250825082508295
2023-01-18,3020,3235,2975,3065,666110,0.019966722129783676
2023-01-19,3050,3160,3005,3030,250145,-0.011419249592169667
2023-01-20,3000,3060,3000,3035,115081,0.0016501650165017256
2023-01-25,3045,3220,3045,3200,570123,0.054365733113673764
2023-01-26,3375,3700,3220,3250,3463185,0.015625
2023-01-27,3270,3315,3230,3305,408743,0.01692307692307682
2023-01-30,3340,3340,3220,3225,276175,-0.024205748865355536
2023-01-31,3225,3980,3215,3680,12008056,0.14108527131782944
2023-02-01,3855,4335,3850,3965,11518772,0.07744565217391308
2023-02-02,4010,4080,3945,3945,2535953,-0.0050441361916772065
2023-02-03,4200,4390,4010,4010,4494511,0.016476552598225558
2023-02-06,4010,4045,3885,3920,837911,-0.02244389027431426
2023-02-07,3925,3935,3805,3840,688475,-0.020408163265306145
2023-02-08,3860,3945,3850,3925,674021,0.02213541666666674
2023-02-09,3900,3925,3720,3735,557562,-0.0484076433121019
2023-02-10,3690,3730,3605,3645,426186,-0.02409638554216864
2023-02-13,3645,3695,3530,3680,404271,0.009602194787379892
2023-02-14,3720,3895,3690,3810,915440,0.03532608695652173
2023-02-15,3785,3885,3710,3710,556064,-0.026246719160105014
2023-02-16,3740,3770,3700,3730,225032,0.005390835579514919
2023-02-17,3680,3700,3605,3605,228744,-0.03351206434316356
2023-02-20,3605,3715,3535,3715,292654,0.030513176144244092
2023-02-21,3730,3770,3695,3745,231110,0.008075370121130465
2023-02-22,3665,3730,3615,3640,202806,-0.028037383177570097
2023-02-23,3650,3845,3645,3810,616256,0.04670329670329676
2023-02-24,3825,3850,3715,3740,347527,-0.018372703412073532
2023-02-27,3720,4345,3655,4000,15553378,0.06951871657754016
2023-02-28,3975,3985,3860,3870,1296958,-0.03249999999999997
2023-03-02,3875,3890,3790,3840,624259,-0.007751937984496138
2023-03-03,3895,3935,3800,3820,555130,-0.00520833333333337
2023-03-06,3850,4030,3830,3980,1218375,0.041884816753926746
2023-03-07,3980,4045,3850,3940,1074472,-0.01005025125628145
2023-03-08,4060,4060,3825,3870,554883,-0.017766497461928932
2023-03-09,3910,4025,3785,3800,838035,-0.018087855297157618
2023-03-10,3710,3845,3675,3750,344208,-0.013157894736842146
2023-03-13,3710,3740,3570,3695,313152,-0.014666666666666717
2023-03-14,3670,3675,3475,3485,286493,-0.05683355886332886
2023-03-15,3550,3790,3550,3730,515012,0.07030129124820661
2023-03-16,3730,3860,3730,3815,438578,0.02278820375335111
2023-03-17,3950,4415,3870,4120,12767164,0.0799475753604193
2023-03-20,4115,4115,3900,3970,1192635,-0.036407766990291246
2023-03-21,3985,4000,3870,3870,611669,-0.02518891687657432
2023-03-22,3885,3970,3860,3930,625613,0.015503875968992276
2023-03-23,3900,4020,3865,3940,856319,0.0025445292620864812
2023-03-24,3970,4135,3950,4045,1009444,0.026649746192893398
2023-03-27,4115,4130,3880,4015,860520,-0.007416563658838027
2023-03-28,4035,4190,4000,4155,1265410,0.03486924034869232
2023-03-29,4210,4355,4080,4355,1720378,0.048134777376654725
2023-03-30,4355,5650,4170,4795,17132891,0.10103329506314584
2023-03-31,4695,4700,4185,4230,3246787,-0.11783107403545356
2023-04-03,4200,4520,4170,4215,3098467,-0.0035460992907800915
2023-04-04,4200,4370,4200,4300,1012166,0.02016607354685651
2023-04-05,4285,4430,4225,4365,925677,0.015116279069767424
2023-04-06,4320,4340,4145,4155,707209,-0.04810996563573888
2023-04-07,4210,4365,4200,4300,752114,0.03489771359807459
2023-04-10,4300,4300,4120,4165,481147,-0.03139534883720929
2023-04-11,4165,4175,4055,4150,422030,-0.0036014405762304635
2023-04-12,4120,4250,4030,4095,606530,-0.013253012048192736
2023-04-13,4130,4210,3955,4205,655143,0.026862026862026767
2023-04-14,4235,4310,4175,4220,477586,0.00356718192627814
2023-04-17,4250,4480,4210,4330,2043419,0.026066350710900466
2023-04-18,4405,4480,4310,4440,1323829,0.025404157043879882
2023-04-19,4480,4530,4340,4460,938790,0.0045045045045044585
2023-04-20,4550,4670,4270,4395,2128136,-0.014573991031390121
2023-04-21,4470,4540,4200,4225,1155551,-0.03868031854379972
2023-04-24,4205,4220,4005,4010,587173,-0.05088757396449706
2023-04-25,4020,4060,3845,3890,472672,-0.029925187032418976
2023-04-26,3850,3955,3825,3840,350521,-0.01285347043701801
2023-04-27,3850,3920,3785,3895,265301,0.01432291666666674
2023-04-28,3980,3980,3695,3695,340121,-0.051347881899871606
2023-05-02,3725,3825,3700,3820,126116,0.03382949932341006
2023-05-03,3810,3855,3750,3755,103075,-0.017015706806282727
2023-05-04,3765,3775,3700,3710,141592,-0.011984021304926817
2023-05-08,3720,3860,3720,3810,87683,0.02695417789757415
2023-05-09,3805,3830,3695,3735,118966,-0.019685039370078705
2023-05-10,3750,3815,3710,3740,121837,0.0013386880856760541
2023-05-11,3825,3910,3810,3880,216668,0.03743315508021383
2023-05-12,3860,3960,3800,3915,182790,0.009020618556700999
2023-05-15,3885,4180,3850,4170,641091,0.06513409961685834
2023-05-16,4190,4220,4045,4050,577068,-0.02877697841726623
2023-05-17,4110,4165,4070,4155,294208,0.025925925925925908
2023-05-18,4200,4300,4155,4275,708214,0.028880866425992746
2023-05-19,4315,4340,4210,4245,464568,-0.007017543859649145
2023-05-22,4250,4250,4135,4140,357309,-0.02473498233215543
2023-05-23,4130,4175,4050,4095,366311,-0.010869565217391353
2023-05-24,4080,4080,3975,3990,249758,-0.02564102564102566
2023-05-25,4025,4075,3990,4030,228146,0.010025062656641603
2023-05-26,4020,4305,4020,4090,1284114,0.014888337468982549
2023-05-30,4155,4375,4125,4260,1665439,0.041564792176039145
2023-05-31,4300,4305,4165,4240,415477,-0.0046948356807511304
2023-06-01,4305,4350,4230,4310,826620,0.01650943396226423
2023-06-02,4320,4360,4220,4230,770469,-0.018561484918793503
2023-06-05,4240,4290,4170,4235,290983,0.0011820330969267712
2023-06-07,4250,4305,4205,4245,331192,0.0023612750885477762
2023-06-08,4245,4245,4140,4185,260108,-0.014134275618374548
2023-06-09,4200,4325,4200,4295,455974,0.02628434886499398
2023-06-12,4350,4410,4255,4390,710170,0.022118742724097862
2023-06-13,4410,4475,4330,4380,731485,-0.002277904328018221
2023-06-14,4415,4415,4140,4170,570780,-0.047945205479452024
2023-06-15,4220,4365,4185,4270,452959,0.023980815347721895
2023-06-16,4300,4310,4180,4185,267946,-0.01990632318501173
2023-06-19,4235,4260,4110,4240,243766,0.0131421744324971
2023-06-20,4240,4285,4110,4190,221820,-0.011792452830188704
2023-06-21,4190,4200,4000,4020,351309,-0.04057279236276845
2023-06-22,4020,4030,3900,3930,205247,-0.02238805970149249
2023-06-23,3960,3985,3875,3915,210719,-0.003816793893129722
2023-06-26,3950,3980,3845,3970,133817,0.01404853128991057
2023-06-27,3935,3955,3880,3880,155520,-0.02267002518891692
2023-06-28,3955,4000,3900,3900,281752,0.005154639175257714
2023-06-29,3910,4035,3900,4005,243173,0.026923076923076827
2023-06-30,4010,4040,3900,3985,203241,-0.004993757802746579
2023-07-03,4015,4110,4015,4050,225549,0.016311166875784266
2023-07-04,4000,4130,4000,4125,268675,0.0185185185185186
2023-07-05,4145,4190,4060,4075,309999,-0.012121212121212088
2023-07-06,4110,4115,4000,4020,238093,-0.013496932515337456
2023-07-07,4030,4030,3930,3950,208071,-0.01741293532338306
2023-07-10,3920,3970,3840,3925,186547,-0.006329113924050667
2023-07-11,3930,3980,3905,3930,109302,0.001273885350318471
2023-07-12,3935,4045,3935,4025,181264,0.024173027989821794
2023-07-13,4055,4115,4030,4085,194818,0.014906832298136719
2023-07-14,4100,4240,4095,4130,594648,0.01101591187270512
2023-07-17,4185,4315,4100,4255,819961,0.030266343825665842
2023-07-18,4320,4340,4175,4235,475553,-0.004700352526439522
2023-07-19,4235,4290,4125,4130,321290,-0.024793388429752095
2023-07-20,4130,4500,4085,4350,1797317,0.0532687651331718
2023-07-21,4270,4325,4155,4160,686322,-0.04367816091954024
2023-07-24,4185,4190,3905,3910,710008,-0.060096153846153855
2023-07-25,3910,3935,3720,3735,475603,-0.04475703324808189
2023-07-26,3740,3760,3480,3525,551422,-0.05622489959839361
2023-07-27,3505,3735,3505,3700,273549,0.049645390070921946
2023-07-28,3660,3835,3610,3800,229386,0.027027027027026973
2023-07-31,3855,3900,3770,3855,190161,0.014473684210526416
2023-08-01,3885,3885,3805,3840,190568,-0.0038910505836575737
2023-08-02,3800,3900,3690,3710,280016,-0.03385416666666663
2023-08-03,3680,3705,3560,3640,208985,-0.018867924528301883
2023-08-04,3640,3750,3580,3735,139063,0.026098901098901006
2023-08-07,3705,3845,3650,3755,254565,0.0053547523427042165
2023-08-08,3770,3925,3765,3765,318628,0.0026631158455392434
2023-08-09,3760,4120,3760,3920,2640976,0.04116865869853914
2023-08-10,3920,3945,3855,3885,278989,-0.008928571428571397
2023-08-11,3880,3980,3860,3945,407630,0.015444015444015413
2023-08-14,3985,3985,3865,3885,213499,-0.01520912547528519
2023-08-16,3850,3850,3665,3690,330659,-0.050193050193050204
2023-08-17,3640,3700,3500,3660,201350,-0.008130081300813052
2023-08-18,3600,3655,3500,3630,161468,-0.008196721311475419
2023-08-21,3600,3740,3600,3635,110432,0.0013774104683195176
2023-08-22,3650,3705,3580,3590,126184,-0.012379642365887178
2023-08-23,3590,3665,3590,3605,98131,0.00417827298050133
2023-08-24,3640,3740,3640,3740,184290,0.03744798890429957
2023-08-25,3665,3710,3605,3620,151231,-0.03208556149732622
2023-08-28,3615,3690,3610,3660,85836,0.011049723756906049
2023-08-29,3680,3730,3660,3700,92711,0.010928961748633892
2023-08-30,3730,3945,3730,3890,994394,0.05135135135135127
2023-08-31,3865,3890,3800,3865,355542,-0.006426735218509005
2023-09-01,3850,3945,3815,3880,387971,0.0038809831824062613
2023-09-04,3920,4360,3880,4000,6230327,0.030927835051546282
2023-09-05,4050,4120,3940,3985,919572,-0.003750000000000031
2023-09-06,3980,4055,3825,3965,545653,-0.005018820577164407
2023-09-07,4000,4260,3965,4130,2158844,0.04161412358133676
2023-09-08,4070,4090,3925,3965,831349,-0.03995157384987891
2023-09-11,4000,4535,3925,4155,8327704,0.047919293820933184
2023-09-12,4155,4215,3990,3990,1267493,-0.03971119133574008
2023-09-13,3990,4050,3855,3885,601573,-0.02631578947368418
2023-09-14,3890,3965,3885,3945,262706,0.015444015444015413
2023-09-15,3955,4035,3890,3910,399074,-0.008871989860583018
2023-09-18,3800,3820,3505,3610,1267607,-0.07672634271099743
2023-09-19,3630,3650,3490,3490,481981,-0.03324099722991691
2023-09-20,3500,3525,3420,3445,276376,-0.012893982808022897
2023-09-21,3395,3440,3195,3210,586335,-0.06821480406386071
2023-09-22,3155,3240,3120,3125,384403,-0.026479750778816147
2023-09-25,3110,3200,3085,3085,181570,-0.012800000000000034
2023-09-26,3085,3125,3005,3010,211992,-0.024311183144246407
2023-09-27,2950,3130,2950,3115,151808,0.03488372093023262
2023-10-04,3080,3115,2985,2985,101380,-0.0417335473515249
2023-10-05,3010,3040,2895,2900,158957,-0.028475711892797295
2023-10-06,2880,3010,2880,2985,78606,0.02931034482758621
2023-10-10,2985,3055,2895,2910,117829,-0.025125628140703515
2023-10-11,2940,3040,2940,3030,84710,0.04123711340206193
2023-10-12,3030,3150,3030,3105,135060,0.024752475247524774
2023-10-13,3100,3115,3045,3080,70713,-0.008051529790660261
2023-10-16,3050,3050,2935,2980,110164,-0.03246753246753242
2023-10-17,3000,3070,2935,3055,70917,0.025167785234899265
2023-10-18,3085,3165,3055,3055,321373,0.0
2023-10-19,2990,3025,2900,2910,168600,-0.04746317512274956
2023-10-20,2860,2900,2730,2745,233551,-0.05670103092783507
2023-10-23,2700,2800,2695,2715,106564,-0.010928961748633892
2023-10-24,2715,2835,2615,2835,107755,0.04419889502762442
2023-10-25,2845,2880,2785,2815,55322,-0.007054673721340388
2023-10-26,2760,2915,2660,2700,157596,-0.04085257548845467
2023-10-27,2700,2750,2660,2700,61533,0.0
2023-10-30,2630,2795,2630,2750,84643,0.0185185185185186
2023-10-31,2775,2805,2650,2650,79201,-0.036363636363636376
2023-11-01,2650,2745,2650,2720,53415,0.026415094339622636
2023-11-02,2745,2890,2735,2890,140347,0.0625
2023-11-03,2900,2960,2835,2955,70006,0.02249134948096887
2023-11-06,2960,3030,2915,3025,131931,0.02368866328257191
2023-11-07,3020,3025,2930,2980,65845,-0.014876033057851235
2023-11-08,2985,3100,2985,3015,144366,0.011744966442952975
2023-11-09,3015,3075,2965,2980,40493,-0.011608623548922004
2023-11-10,2970,2975,2850,2920,60605,-0.020134228187919434
2023-11-13,2970,3010,2840,2870,53737,-0.017123287671232834
2023-11-14,2875,2975,2875,2975,46703,0.03658536585365857
2023-11-15,3025,3065,3000,3060,85376,0.02857142857142847
2023-11-16,3065,3080,3000,3070,66164,0.0032679738562091387
2023-11-17,3055,3085,3010,3030,70998,-0.013029315960912058
2023-11-20,3005,3090,3000,3080,63793,0.01650165016501659
2023-11-21,3095,3145,3055,3055,131121,-0.008116883116883078
2023-11-22,3050,3095,3040,3065,49964,0.003273322422258529
2023-11-23,3065,3115,3015,3030,71594,-0.011419249592169667
2023-11-24,3035,3065,3015,3045,55148,0.004950495049504955
2023-11-27,3055,3115,3035,3100,118634,0.01806239737274229
2023-11-28,3080,3240,3075,3090,351412,-0.003225806451612856
2023-11-29,3090,3160,3080,3090,140859,0.0
2023-11-30,3085,3155,3020,3110,122523,0.006472491909385036
2023-12-01,3155,3155,3030,3040,102543,-0.022508038585209
2023-12-04,3040,3100,2975,2975,122801,-0.021381578947368474
2023-12-05,2935,3000,2900,2925,82818,-0.01680672268907568
2023-12-06,2915,2955,2880,2950,67107,0.008547008547008517
2023-12-07,2925,2970,2880,2890,98369,-0.02033898305084747
2023-12-08,2905,3050,2905,3015,199560,0.04325259515570945
2023-12-11,3020,3050,2940,3020,51669,0.0016583747927032544
2023-12-12,3025,3130,3025,3110,212876,0.0298013245033113
2023-12-13,3100,3165,3100,3130,188433,0.006430868167202508
2023-12-14,3160,3205,3085,3110,212755,-0.006389776357827448
2023-12-15,3105,3140,3055,3085,91306,-0.008038585209003246
2023-12-18,3130,3220,3105,3180,317069,0.030794165316045286
2023-12-19,3165,3190,3085,3095,147097,-0.026729559748427723
2023-12-20,3100,3145,3095,3120,131419,0.008077544426494443
2023-12-21,3085,3140,3065,3100,148879,-0.0064102564102563875
2023-12-22,3105,3170,3105,3130,179257,0.00967741935483879
2023-12-26,3135,3160,3070,3090,139288,-0.012779552715655007
2023-12-27,3065,3145,3065,3140,116123,0.016181229773462702
2023-12-28,3140,3155,3105,3135,126016,-0.0015923566878981443
2024-01-02,3120,3280,3120,3230,356775,0.030303030303030276
2024-01-03,3210,3285,3175,3240,298896,0.003095975232198178
2024-01-04,3210,3275,3190,3210,163359,-0.0092592592592593
2024-01-05,3190,3225,3150,3185,217716,-0.007788161993769416
2024-01-08,3205,3250,3190,3245,188179,0.018838304552590168
2024-01-09,3270,3275,3210,3240,211904,-0.0015408320493066618
2024-01-10,3235,3255,3160,3200,164755,-0.012345679012345734
2024-01-11,3230,3280,3180,3210,214658,0.0031250000000000444
2024-01-12,3210,3285,3125,3130,375072,-0.024922118380062308
2024-01-15,3105,3220,3070,3180,211974,0.015974440894568787
2024-01-16,3145,3465,3100,3250,1442712,0.022012578616352307
2024-01-17,3200,3280,3110,3120,440523,-0.040000000000000036
2024-01-18,3075,3210,3070,3190,274920,0.022435897435897356
2024-01-19,3195,3300,3195,3255,548672,0.020376175548589393
2024-01-22,3310,3375,3245,3370,808666,0.03533026113671278
2024-01-23,3365,3365,3240,3290,357665,-0.023738872403560873
2024-01-24,3320,3460,3250,3450,785579,0.04863221884498481
2024-01-25,3465,3650,3380,3600,2034792,0.04347826086956519
2024-01-26,3595,3600,3475,3585,638846,-0.004166666666666652
2024-01-29,3575,3600,3395,3430,512164,-0.04323570432357038
2024-01-30,3430,3470,3220,3280,690068,-0.04373177842565601
2024-01-31,3280,3295,3150,3160,265639,-0.03658536585365857
2024-02-01,3130,3210,3130,3190,208732,0.009493670886076
2024-02-02,3210,3245,3140,3225,160314,0.01097178683385569
2024-02-05,3210,3225,3140,3195,128834,-0.009302325581395321
2024-02-06,3170,3210,3115,3200,151977,0.0015649452269170805
2024-02-07,3210,3220,3140,3180,109882,-0.006249999999999978
2024-02-08,3190,3275,3185,3255,216094,0.02358490566037741
2024-02-13,3250,3300,3240,3295,134223,0.01228878648233489
2024-02-14,3265,3345,3250,3340,190125,0.01365705614567525
2024-02-15,3355,3365,3295,3315,139788,-0.007485029940119792
2024-02-16,3340,3340,3270,3320,153559,0.0015082956259426794
2024-02-19,3320,3360,3295,3355,176710,0.010542168674698704
2024-02-20,3350,3350,3260,3280,127683,-0.02235469448584204
2024-02-21,3275,3320,3235,3270,155894,-0.0030487804878048808
2024-02-22,3300,3325,3245,3315,168393,0.013761467889908285
2024-02-23,3350,3350,3215,3250,141839,-0.019607843137254943
2024-02-26,3200,3275,3200,3230,129640,-0.006153846153846176
2024-02-27,3195,3240,3165,3220,152097,-0.003095975232198178
2024-02-28,3235,3275,3190,3240,126831,0.006211180124223503
2024-02-29,3205,3255,3180,3185,84417,-0.016975308641975273
2024-03-04,3200,3250,3180,3215,75778,0.009419152276295195
2024-03-05,3215,3235,3170,3235,116143,0.0062208398133747345
2024-03-06,3220,3225,3140,3150,106543,-0.026275115919629055
2024-03-07,3150,3225,3125,3155,97922,0.0015873015873015817
2024-03-08,3175,3180,3060,3115,137334,-0.01267828843106178
2024-03-11,3100,3135,3040,3050,155190,-0.020866773675762396
2024-03-12,3050,3105,3015,3045,127902,-0.0016393442622950616
2024-03-13,3045,3090,3005,3040,75870,-0.0016420361247947435
2024-03-14,3035,3060,2975,3010,114724,-0.009868421052631526
2024-03-15,3010,3030,2975,3000,69265,-0.0033222591362126463
2024-03-18,3000,3030,2990,3005,59155,0.0016666666666667052
2024-03-19,3000,3015,2950,2990,93730,-0.004991680532445919
2024-03-20,2980,3015,2965,2995,59582,0.0016722408026756952
2024-03-21,3010,3145,2995,3055,204568,0.02003338898163598
2024-03-22,3055,3095,3025,3050,86842,-0.0016366612111292644
2024-03-25,3075,3080,3025,3030,50566,-0.006557377049180357
2024-03-26,2985,3070,2985,3030,95350,0.0
2024-03-27,3005,3040,2990,3020,82829,-0.0033003300330033403
2024-03-28,3000,3020,2975,3000,44297,-0.0066225165562914245
2024-03-29,2985,3015,2975,2995,65615,-0.0016666666666667052
2024-04-01,3005,3015,2965,2995,74585,0.0
2024-04-02,2995,3005,2945,2945,95572,-0.016694490818030094
2024-04-03,2940,2945,2870,2880,107080,-0.022071307300509324
2024-04-04,2880,2950,2880,2950,57243,0.02430555555555558
2024-04-05,2935,2935,2885,2930,60520,-0.006779661016949157
2024-04-08,2905,2925,2785,2825,116615,-0.03583617747440271
2024-04-09,2790,2845,2790,2825,36020,0.0
2024-04-11,2825,2830,2725,2825,48605,0.0
2024-04-12,2800,2860,2795,2830,31064,0.001769911504424737
2024-04-15,2800,2820,2700,2730,94451,-0.035335689045936425
2024-04-16,2715,2715,2600,2655,146945,-0.027472527472527486
2024-04-17,2540,2725,2540,2675,91487,0.007532956685499137
2024-04-18,2645,2745,2645,2740,36803,0.024299065420560817
2024-04-19,2695,2750,2570,2655,95374,-0.031021897810219023
2024-04-22,2655,2665,2515,2580,68773,-0.02824858757062143
2024-04-23,2555,2630,2555,2595,44109,0.005813953488372103
2024-04-24,2600,2675,2590,2660,78867,0.025048169556840083
2024-04-25,2660,2695,2625,2630,36141,-0.011278195488721776
2024-04-26,2625,2700,2625,2675,51887,0.017110266159695797
2024-04-29,2680,2745,2680,2745,84513,0.026168224299065512
2024-04-30,2745,2780,2735,2735,39306,-0.0036429872495445936
2024-05-02,2735,2745,2705,2730,32928,-0.001828153564899404
2024-05-03,2745,2880,2745,2835,141443,0.03846153846153855
2024-05-07,2835,2900,2820,2860,87496,0.008818342151675429
2024-05-08,2855,2965,2825,2935,161689,0.02622377622377625
2024-05-09,2940,2950,2835,2875,80449,-0.020442930153321992
2024-05-10,2875,2915,2800,2830,97227,-0.01565217391304352
2024-05-13,2830,2865,2815,2850,69603,0.007067137809187329
2024-05-14,2890,2960,2840,2870,80912,0.007017543859649145
2024-05-16,2905,3195,2865,2865,1600684,-0.0017421602787456303
2024-05-17,2860,2915,2805,2885,200381,0.00698080279232105
2024-05-20,2885,3065,2865,2865,568336,-0.006932409012131768
2024-05-21,2865,2890,2795,2835,111127,-0.010471204188481686
2024-05-22,2790,2840,2780,2840,86225,0.0017636684303350414
2024-05-23,2800,2835,2680,2820,88165,-0.007042253521126751
2024-05-24,2775,2800,2730,2750,67321,-0.024822695035460973
2024-05-27,2730,2780,2685,2735,74266,-0.00545454545454549
2024-05-28,2725,2755,2685,2700,51541,-0.012797074954296161
2024-05-29,2715,2730,2670,2705,33380,0.0018518518518517713
2024-05-30,2695,2735,2630,2655,49901,-0.01848428835489835
2024-05-31,2650,2740,2610,2680,68946,0.009416195856873921
2024-06-03,2675,2720,2670,2685,40625,0.001865671641791078
2024-06-04,2665,2710,2660,2695,40946,0.003724394785847407
2024-06-05,2690,2705,2655,2705,36559,0.0037105751391466324
2024-06-07,2665,2750,2665,2740,67784,0.012939001848428777
2024-06-10,2700,2715,2660,2710,52873,-0.010948905109489093
2024-06-11,2685,2730,2685,2725,76723,0.005535055350553542
2024-06-12,2725,2745,2705,2740,63328,0.005504587155963359
2024-06-13,2740,2760,2705,2750,50449,0.0036496350364962904
2024-06-14,2755,2760,2710,2715,50039,-0.012727272727272698
2024-06-17,2705,2735,2690,2715,57232,0.0
2024-06-18,2695,2720,2635,2650,86717,-0.023941068139963217
2024-06-19,2635,2665,2570,2600,73678,-0.018867924528301883
2024-06-20,2585,2630,2575,2615,44585,0.005769230769230749
2024-06-21,2590,2615,2540,2540,71059,-0.028680688336520044
2024-06-24,2570,2605,2500,2540,54267,0.0
2024-06-25,2500,2560,2500,2550,33232,0.003937007874015741
2024-06-26,2550,2590,2510,2510,23254,-0.015686274509803977
2024-06-27,2510,2550,2495,2495,31951,-0.005976095617529875
2024-06-28,2475,2510,2475,2505,44609,0.004008016032064132
2024-07-01,2505,2540,2480,2520,32943,0.0059880239520957446
2024-07-02,2490,2535,2455,2475,79207,-0.017857142857142905
2024-07-03,2480,2490,2415,2430,81017,-0.018181818181818188
2024-07-04,2405,2445,2390,2390,40025,-0.016460905349794275
2024-07-05,2370,2430,2365,2395,52916,0.0020920502092049986
2024-07-08,2330,2430,2330,2385,58485,-0.0041753653444676075
2024-07-09,2370,2415,2350,2390,42043,0.002096436058700135
2024-07-10,2400,2420,2355,2415,66856,0.010460251046025215
2024-07-11,2415,2480,2405,2405,54347,-0.0041407867494823725
2024-07-12,2405,2525,2400,2440,116727,0.01455301455301461
2024-07-15,2430,2515,2410,2505,74194,0.026639344262294973
2024-07-16,2510,2510,2440,2470,43053,-0.013972055888223589
2024-07-17,2470,2485,2420,2475,61485,0.002024291497975783
2024-07-18,2470,2470,2405,2435,50329,-0.016161616161616155
2024-07-19,2410,2425,2330,2375,40149,-0.024640657084188944
2024-07-22,2345,2385,2280,2280,71443,-0.040000000000000036
2024-07-23,2325,2325,2235,2280,45077,0.0
2024-07-24,2260,2315,2255,2270,41964,-0.004385964912280715
2024-07-25,2250,2270,2150,2220,92640,-0.022026431718061623
2024-07-26,2200,2235,2165,2220,80311,0.0
2024-07-29,2205,2250,2205,2250,44245,0.013513513513513598
2024-07-30,2245,2245,2175,2200,77093,-0.022222222222222254
2024-07-31,2180,2215,2155,2210,74524,0.00454545454545463
2024-08-01,2210,2245,2210,2240,23729,0.013574660633484115
2024-08-02,2230,2230,2095,2125,117528,-0.0513392857142857
2024-08-05,2060,2100,1660,1703,361594,-0.19858823529411762
2024-08-06,1705,1838,1705,1820,155169,0.06870229007633588
2024-08-07,1781,1940,1781,1938,79724,0.06483516483516483
2024-08-08,1937,1937,1851,1910,29128,-0.014447884416924683
2024-08-09,1911,1965,1911,1930,38808,0.010471204188481575
2024-08-12,1916,1980,1916,1979,40328,0.025388601036269387
2024-08-13,1971,1997,1959,1997,22644,0.009095502779181475
2024-08-14,1997,2085,1997,2060,78034,0.03154732098147228
2024-08-16,2070,2085,2050,2065,28570,0.0024271844660195274
2024-08-19,2045,2075,2010,2040,14644,-0.01210653753026636
2024-08-20,2055,2065,2040,2050,23523,0.004901960784313708
2024-08-21,2050,2065,2010,2050,17191,0.0
2024-08-22,2050,2050,1999,2030,23596,-0.009756097560975618
2024-08-23,2030,2030,1987,2015,20347,-0.007389162561576401
2024-08-26,2010,2025,1959,1960,32175,-0.027295285359801524
2024-08-27,2010,2110,1960,1970,64000,0.005102040816326481
2024-08-28,1970,1998,1945,1959,24726,-0.005583756345177715
2024-08-29,1959,1964,1930,1934,22068,-0.012761613067891808
2024-08-30,1920,1947,1920,1943,24428,0.004653567735263708
2024-09-02,1943,1964,1920,1936,12492,-0.0036026762738033957
2024-09-03,1933,1955,1932,1947,14005,0.005681818181818121
2024-09-04,1900,1939,1850,1872,61682,-0.03852080123266566
2024-09-05,1855,1887,1846,1865,26893,-0.003739316239316226
2024-09-06,1821,1863,1795,1795,60865,-0.03753351206434319
2024-09-09,1746,1830,1723,1830,66309,0.01949860724233976
2024-09-10,1822,1835,1798,1811,18386,-0.01038251366120213
2024-09-11,1811,1825,1791,1791,25031,-0.011043622308117063
2024-09-12,1779,1864,1779,1831,37388,0.022333891680625273
2024-09-13,1831,1863,1831,1849,23860,0.00983069361004918
2024-09-19,1831,1860,1824,1828,13867,-0.011357490535424564
2024-09-20,1828,1860,1828,1849,16158,0.01148796498905913
2024-09-23,1849,1859,1835,1846,27845,-0.0016224986479177472
2024-09-24,1846,1866,1846,1863,38234,0.009209100758396538
2024-09-25,1861,1887,1860,1871,21573,0.004294149221685473
2024-09-26,1885,1924,1871,1895,53332,0.01282736504543025
2024-09-27,1904,1924,1898,1922,29675,0.014248021108179465
2024-09-30,1921,1927,1895,1895,16652,-0.014047866805411036
2024-10-02,1885,1895,1869,1889,12094,-0.0031662269129287823
2024-10-04,1870,1889,1860,1865,19661,-0.012705134992059275
2024-10-07,1865,1916,1865,1915,55337,0.02680965147453085
2024-10-08,1914,1930,1897,1916,24558,0.0005221932114882755
2024-10-10,1916,1925,1897,1910,40233,-0.0031315240083507057
2024-10-11,1901,1913,1893,1895,22578,-0.007853403141361293
2024-10-14,1895,1895,1828,1883,31415,-0.006332453825857565
2024-10-15,1869,1905,1868,1895,38575,0.006372809346786967
2024-10-16,1887,1895,1850,1888,19467,-0.0036939313984168942
2024-10-17,1881,1896,1820,1847,27999,-0.021716101694915224
2024-10-18,1845,1853,1825,1852,13362,0.002707092582566295
2024-10-21,1852,1864,1826,1850,14669,-0.001079913606911398
2024-10-22,1829,1850,1800,1805,17240,-0.024324324324324298
2024-10-23,1805,1824,1799,1805,14099,0.0
2024-10-24,1805,1848,1795,1795,21342,-0.005540166204986097
2024-10-25,1778,1805,1686,1690,63023,-0.058495821727019504
2024-10-28,1677,1724,1660,1662,68492,-0.016568047337278125
2024-10-29,1670,1677,1660,1676,24790,0.008423586040914532
2024-10-30,1676,1698,1675,1697,29596,0.012529832935560759
2024-10-31,1697,1718,1665,1718,28161,0.012374779021803173
2024-11-01,1701,1729,1680,1710,14529,-0.00465657741559955
2024-11-04,1710,1728,1708,1724,38316,0.008187134502924076
2024-11-05,1724,1742,1720,1739,16957,0.008700696055684354
2024-11-06,1739,1769,1737,1745,40026,0.0034502587694076325
2024-11-07,1745,1770,1733,1762,23690,0.009742120343839478
2024-11-08,1762,1789,1751,1769,20385,0.0039727582292850006
2024-11-11,1779,1780,1681,1697,52088,-0.04070096099491238
2024-11-12,1680,1706,1597,1614,105152,-0.048909840895698276
2024-11-13,1570,1611,1530,1544,62575,-0.043370508054522916
2024-11-14,1543,1561,1490,1515,53735,-0.018782383419689075
2024-11-15,1499,1515,1458,1501,61898,-0.009240924092409286
2024-11-18,1491,1525,1480,1525,42410,0.0159893404397069
2024-11-19,1510,1552,1510,1551,36116,0.01704918032786895
2024-11-20,1551,1553,1470,1549,25240,-0.0012894906511927706
2024-11-21,1547,1567,1521,1550,13033,0.0006455777921239303
2024-11-22,1531,1560,1521,1550,29252,0.0
2024-11-25,1559,1562,1540,1559,38448,0.005806451612903274
2024-11-26,1559,1565,1550,1565,26616,0.0038486209108403724
2024-11-27,1552,1573,1552,1569,24781,0.002555910543130979
2024-11-28,1569,1579,1565,1579,34212,0.006373486297004405
2024-11-29,1565,1643,1514,1643,189933,0.04053198226725785
2024-12-02,1643,1649,1560,1599,66065,-0.026780279975654242
2024-12-03,1595,1599,1540,1553,44592,-0.028767979987492143
2024-12-04,1530,1551,1510,1519,32595,-0.021893110109465597
2024-12-05,1518,1525,1489,1489,21999,-0.01974983541803821
2024-12-06,1480,1501,1431,1448,68147,-0.02753525856279382
2024-12-09,1419,1420,1305,1318,82649,-0.08977900552486184
2024-12-10,1283,1389,1282,1384,79761,0.050075872534142585
2024-12-11,1390,1439,1390,1439,56915,0.03973988439306364
2024-12-12,1439,1502,1439,1479,64611,0.027797081306462745
2024-12-13,1479,1516,1474,1503,29694,0.016227180527383478
2024-12-16,1502,1508,1495,1503,20614,0.0
2024-12-17,1497,1508,1491,1506,33805,0.001996007984031989
2024-12-18,1506,1513,1500,1508,17377,0.0013280212483399723
2024-12-19,1507,1514,1493,1512,25225,0.0026525198938991412
2024-12-20,1510,1515,1470,1486,19429,-0.01719576719576721
2024-12-23,1480,1500,1462,1493,18570,0.004710632570659401
2024-12-24,1470,1508,1470,1497,13076,0.0026791694574681557
2024-12-26,1496,1503,1479,1485,24053,-0.008016032064128265
2024-12-27,1469,1479,1446,1448,28462,-0.02491582491582489
2024-12-30,1448,1475,1439,1446,13376,-0.0013812154696132284
2025-01-02,1446,1588,1446,1540,220110,0.06500691562932226
2025-01-03,1540,1599,1537,1591,102011,0.0331168831168831
2025-01-06,1591,1614,1588,1613,72209,0.013827781269641681
2025-01-07,1613,1700,1613,1684,120479,0.04401735895846248
2025-01-08,1659,1700,1620,1664,77091,-0.01187648456057011
2025-01-09,1664,1691,1560,1687,57584,0.013822115384615419
2025-01-10,1687,1787,1687,1777,143453,0.05334914048606998
2025-01-13,1777,1788,1681,1700,64834,-0.043331457512661764
2025-01-14,1691,1704,1650,1679,43249,-0.012352941176470567
2025-01-15,1679,1710,1669,1694,26477,0.008933889219773672
2025-01-16,1694,1714,1679,1700,26788,0.0035419126328217754
2025-01-17,1677,1717,1677,1689,16370,-0.006470588235294117
2025-01-20,1670,1700,1669,1688,18277,-0.000592066311426831
2025-01-21,1689,1720,1679,1715,28355,0.015995260663507205
2025-01-22,1715,1731,1630,1694,61543,-0.01224489795918371
2025-01-23,1682,1694,1655,1671,30855,-0.013577331759149991
2025-01-24,1660,1673,1630,1670,29375,-0.0005984440454817053
2025-01-31,1670,1690,1636,1670,31719,0.0
2025-02-03,1607,1669,1600,1624,61523,-0.02754491017964067
2025-02-04,1635,1645,1600,1620,30691,-0.0024630541871921707
2025-02-05,1630,1753,1624,1706,91916,0.05308641975308648
2025-02-06,1701,1723,1655,1696,34774,-0.0058616647127783805
2025-02-07,1691,1735,1691,1732,63194,0.021226415094339535
2025-02-10,1722,1992,1722,1901,1459480,0.09757505773672048
2025-02-11,1936,1937,1850,1855,320452,-0.024197790636507066
2025-02-12,1850,1854,1746,1806,193574,-0.026415094339622636
2025-02-13,1805,1822,1735,1795,128070,-0.006090808416389759
2025-02-14,1795,1804,1750,1772,69128,-0.012813370473537589
2025-02-17,1772,1781,1726,1762,134004,-0.0056433408577878375
2025-02-18,1763,1893,1747,1885,498854,0.06980703745743466
2025-02-19,1856,1880,1806,1859,238635,-0.01379310344827589
2025-02-20,1859,1859,1806,1833,93839,-0.013986013986013957
2025-02-21,1879,1912,1808,1817,92452,-0.008728859792689558
2025-02-24,1799,1812,1768,1811,63056,-0.003302146395156802
2025-02-25,1820,1830,1784,1808,63317,-0.001656543346217565
2025-02-26,1781,1830,1781,1815,31972,0.0038716814159291957
2025-02-27,1808,1834,1770,1785,28728,-0.016528925619834656
2025-02-28,1768,1780,1732,1736,59719,-0.027450980392156876
2025-03-04,1719,1760,1700,1735,30617,-0.0005760368663594306
2025-03-05,1722,1754,1722,1740,25238,0.0028818443804035088
2025-03-06,1750,1759,1728,1747,19197,0.004022988505747227
2025-03-07,1759,1759,1719,1748,54872,0.0005724098454493731
2025-03-10,1787,1813,1734,1749,24739,0.0005720823798627261
2025-03-11,1747,1747,1708,1720,22528,-0.01658090337335616
2025-03-12,1730,1750,1715,1746,39009,0.015116279069767424
2025-03-13,1828,1830,1720,1727,83028,-0.010882016036655173
2025-03-14,1727,1745,1724,1730,21841,0.0017371163867978545
2025-03-17,1740,1758,1727,1756,33342,0.015028901734104094
2025-03-18,1756,1760,1715,1740,18453,-0.009111617312072884
2025-03-19,1740,1750,1718,1735,13177,-0.002873563218390829
2025-03-20,1731,1741,1708,1717,31547,-0.01037463976945241
2025-03-21,1722,1728,1675,1685,45968,-0.01863715783343045
2025-03-24,1685,1690,1666,1685,98996,0.0
2025-03-25,1685,1710,1612,1679,22040,-0.0035608308605341588
2025-03-26,1685,1700,1582,1680,40357,0.0005955926146514745
2025-03-27,1668,1698,1648,1659,14142,-0.012499999999999956
2025-03-28,1659,1670,1640,1660,17897,0.0006027727546715766
2025-03-31,1660,1668,1600,1607,42622,-0.031927710843373536
2025-04-01,1594,1630,1594,1627,19958,0.012445550715619147
2025-04-02,1627,1645,1623,1637,15482,0.006146281499692652
2025-04-03,1630,1630,1570,1609,13762,-0.017104459376908965
2025-04-04,1596,1608,1584,1596,26032,-0.00807955251709136
2025-04-07,1578,1578,1488,1520,50349,-0.04761904761904767
2025-04-08,1521,1530,1498,1510,34016,-0.006578947368421018
2025-04-09,1500,1512,1430,1488,38294,-0.014569536423841067
2025-04-10,1532,1534,1499,1527,41384,0.02620967741935476
2025-04-11,1527,1534,1506,1532,21272,0.0032743942370661028
2025-04-14,1532,1600,1520,1579,47405,0.03067885117493474
2025-04-15,1579,1650,1565,1639,63911,0.03799873337555404
2025-04-16,1645,1656,1636,1642,38431,0.0018303843807199183
2025-04-17,1642,1649,1609,1632,47875,-0.006090133982947665
2025-04-18,1630,1639,1624,1633,31116,0.0006127450980393245
2025-04-21,1633,1640,1624,1635,31791,0.0012247397428046813
2025-04-22,1625,1645,1618,1636,21798,0.0006116207951070152
2025-04-23,1636,1680,1636,1674,109050,0.023227383863080764
2025-04-24,1669,1745,1669,1713,103830,0.023297491039426577
2025-04-25,1713,1736,1713,1721,89436,0.004670169293636839
2025-04-28,1721,1725,1703,1708,34673,-0.00755374782103424
2025-04-29,1708,1730,1695,1717,49999,0.005269320843091396
2025-04-30,1728,1728,1689,1690,33524,-0.015725101921956863
2025-05-02,1672,1690,1660,1681,21733,-0.005325443786982298
2025-05-07,1681,1698,1669,1688,36411,0.0041641879833431705
2025-05-08,1688,1700,1688,1698,47079,0.005924170616113722
2025-05-09,1710,1715,1683,1699,27091,0.0005889281507656108
2025-05-12,1683,1720,1683,1712,60465,0.00765155974102405
2025-05-13,1719,1751,1712,1751,75828,0.02278037383177578
2025-05-14,1751,1772,1717,1764,52714,0.007424328954882986
2025-05-15,1766,1766,1744,1757,41520,-0.003968253968253954
2025-05-16,1748,1748,1711,1711,31636,-0.026180990324416564
2025-05-19,1700,1720,1690,1702,26427,-0.005260081823495022
2025-05-20,1702,1728,1701,1702,12405,0.0
2025-05-21,1720,1725,1702,1713,19886,0.006462984723854204
2025-05-22,1713,1714,1690,1702,27214,-0.0064214827787507645
2025-05-23,1710,1710,1680,1680,15251,-0.01292596944770863
2025-05-26,1671,1700,1650,1668,28229,-0.0071428571428571175
2025-05-27,1652,1679,1652,1672,15056,0.0023980815347721673
2025-05-28,1668,1710,1668,1671,28587,-0.0005980861244019309
2025-05-29,1672,1708,1672,1701,14927,0.01795332136445249
2025-05-30,1691,1709,1683,1696,11769,-0.0029394473838918467
2025-06-02,1683,1705,1663,1698,21840,0.001179245283018826
2025-06-04,1713,1713,1698,1703,31106,0.002944640753828054
2025-06-05,1704,1742,1690,1738,59480,0.020551967116852587
2025-06-09,1732,1861,1725,1834,297810,0.05523590333716921
2025-06-10,1840,1840,1807,1810,71099,-0.013086150490730697
2025-06-11,1812,1853,1810,1835,92165,0.013812154696132506
2025-06-12,1817,1865,1814,1854,84464,0.010354223433242549
2025-06-13,1859,1884,1810,1818,124162,-0.01941747572815533
2025-06-16,1818,1818,1783,1797,39887,-0.011551155115511524
2025-06-17,1797,1822,1780,1796,35145,-0.0005564830272676291
2025-06-18,1796,1814,1790,1801,19561,0.0027839643652560753
2025-06-19,1818,1818,1789,1796,26105,-0.0027762354247640175
2025-06-20,1796,1816,1787,1794,25481,-0.00111358574610243
2025-06-23,1779,1810,1741,1758,51462,-0.02006688963210701
2025-06-24,1788,1817,1742,1805,70059,0.026734926052332186
2025-06-25,1824,1824,1690,1786,61477,-0.010526315789473717
2025-06-26,1772,1785,1736,1744,36283,-0.023516237402015694
2025-06-27,1767,1797,1740,1791,66061,0.026949541284403633
2025-06-30,1793,1806,1720,1750,38479,-0.022892238972641032
2025-07-01,1750,1760,1722,1743,58422,-0.0040000000000000036
2025-07-02,1743,1743,1623,1724,43834,-0.010900745840504822
2025-07-03,1724,1744,1709,1734,48511,0.0058004640371229765
2025-07-04,1734,1754,1727,1742,47942,0.0046136101499423265
2025-07-07,1750,1760,1723,1747,30924,0.002870264064293915
2025-07-08,1757,1763,1746,1758,20617,0.00629650829994266
2025-07-09,1758,1771,1757,1761,17507,0.0017064846416381396
2025-07-10,1761,1772,1743,1763,36323,0.0011357183418512218
2025-07-11,1763,1777,1740,1755,35467,-0.004537719795802642
2025-07-14,1766,1766,1737,1748,15235,-0.0039886039886040114
2025-07-15,1748,1755,1729,1743,22654,-0.0028604118993135197
2025-07-16,1752,1755,1738,1754,26889,0.006310958118187049
2025-07-17,1760,1815,1733,1806,138952,0.029646522234891615
2025-07-18,1806,1806,1759,1798,96472,-0.0044296788482834915
2025-07-21,1787,1799,1777,1785,24705,-0.007230255839822064
2025-07-22,1793,1793,1761,1776,63010,-0.005042016806722671
2025-07-23,1811,1811,1747,1758,68324,-0.010135135135135087
2025-07-24,1761,1771,1718,1749,28567,-0.005119453924914641
2025-07-25,1756,1756,1707,1718,42101,-0.01772441395082902
2025-07-28,1742,1744,1700,1716,23139,-0.0011641443538998875
2025-07-29,1733,1733,1684,1709,14811,-0.004079254079254024
2025-07-30,1727,1727,1697,1707,26875,-0.001170275014628408
2025-07-31,1726,1726,1700,1708,11188,0.0005858230814295151
2025-08-01,1724,1724,1674,1701,41235,-0.004098360655737654
2025-08-04,1722,1722,1699,1711,11451,0.005878894767783693
2025-08-05,1703,1720,1681,1702,45238,-0.005260081823495022
2025-08-06,1701,1701,1685,1695,9834,-0.004112808460634554
2025-08-07,1695,1703,1681,1695,19763,0.0
2025-08-08,1699,1700,1655,1677,49987,-0.010619469026548645
2025-08-11,1680,1693,1655,1673,14926,-0.0023852116875372475
2025-08-12,1673,1997,1669,1830,12768292,0.09384339509862527
2025-08-13,1820,1827,1771,1796,562840,-0.01857923497267755
2025-08-14,1765,1815,1765,1778,314158,-0.010022271714922093
2025-08-18,1778,1797,1744,1744,142129,-0.019122609673790758
2025-08-19,1746,1798,1710,1750,225756,0.0034403669724769603
2025-08-20,1750,1751,1710,1733,106527,-0.009714285714285675
2025-08-21,1735,1768,1708,1708,115192,-0.014425851125216438
2025-08-22,1696,1735,1696,1708,73790,0.0
2025-08-25,1726,1791,1710,1785,127247,0.04508196721311486
2025-08-26,1786,1802,1755,1782,128040,-0.001680672268907557
2025-08-27,1782,1796,1757,1781,138234,-0.0005611672278339475
2025-08-28,1801,2290,1798,2055,24036917,0.15384615384615374
2025-08-29,2055,2210,1995,2090,5955180,0.017031630170316392
2025-09-01,2120,2190,2005,2065,3629383,-0.011961722488038284
2025-09-02,2215,2515,2140,2305,22541778,0.116222760290557
2025-09-03,2305,2335,2225,2325,2766317,0.008676789587852562
2025-09-04,2260,2275,2210,2265,1210687,-0.02580645161290318
2025-09-05,2250,2415,2235,2310,4424280,0.019867549668874274
2025-09-08,2340,2395,2240,2275,1779223,-0.015151515151515138
2025-09-09,2310,2345,2195,2230,1159628,-0.01978021978021982
2025-09-10,2255,2300,2205,2220,977842,-0.004484304932735439
2025-09-11,2230,2230,2150,2165,711706,-0.024774774774774744
2025-09-12,2195,2250,2160,2200,971876,0.01616628175519641
2025-09-15,2245,2465,2240,2365,4503868,0.07499999999999996
2025-09-16,2365,2615,2315,2425,4766060,0.025369978858351017
2025-09-17,2410,2550,2340,2420,1519092,-0.0020618556701030855
2025-09-18,2460,2525,2360,2370,940978,-0.02066115702479343
2025-09-19,2375,2435,2280,2345,739771,-0.010548523206751037
2025-09-22,2355,2405,2315,2370,369102,0.010660980810234477
2025-09-23,2380,2390,2300,2310,297014,-0.025316455696202556
2025-09-24,2310,2335,2230,2285,285113,-0.010822510822510845
2025-09-25,2270,2290,2190,2200,219292,-0.03719912472647702
2025-09-26,2180,2245,2095,2140,284618,-0.027272727272727226
2025-09-29,2140,2270,2140,2215,195230,0.035046728971962704
2025-09-30,2200,2235,2180,2185,154454,-0.013544018058690765
2025-10-01,2185,2215,2130,2190,156162,0.0022883295194509046
2025-10-02,2190,2235,2165,2190,173554,0.0
2025-10-10,2175,2260,2175,2225,383445,0.015981735159817267
2025-10-13,2145,2250,2025,2225,242255,0.0
2025-10-14,2230,2350,2135,2215,544667,-0.004494382022471877
2025-10-15,2275,2360,2225,2325,682347,0.04966139954853266
2025-10-16,2345,2345,2235,2240,298620,-0.03655913978494618
2025-10-17,2235,2265,2160,2170,255279,-0.03125
2025-10-20,2205,2335,2065,2335,638092,0.07603686635944706
2025-10-21,2340,2350,2260,2280,290044,-0.023554603854389677
2025-10-22,2280,2285,2180,2195,193957,-0.037280701754385914
2025-10-23,2195,2195,2135,2150,154544,-0.02050113895216399
2025-10-24,2155,2175,2110,2125,170540,-0.011627906976744207
2025-10-27,2125,2165,2095,2110,206802,-0.007058823529411784
2025-10-28,2105,2145,2085,2100,147141,-0.004739336492891044
2025-10-29,2125,2155,2085,2115,180049,0.0071428571428571175
2025-10-30,2120,2135,2040,2080,238071,-0.01654846335697402
2025-10-31,2090,2200,2090,2180,319797,0.04807692307692313
2025-11-03,2185,2280,2115,2250,411052,0.032110091743119185
2025-11-04,2240,2250,2160,2160,221014,-0.040000000000000036
2025-11-05,2160,2160,1999,2090,213079,-0.03240740740740744
2025-11-06,2100,2145,2000,2065,177336,-0.011961722488038284
2025-11-07,2040,2080,1901,2010,232148,-0.0266343825665859
2025-11-10,2015,2065,1999,2025,136372,0.00746268656716409
2025-11-11,2070,2090,1990,2005,141902,-0.00987654320987652
2025-11-12,2010,2035,1990,2030,86625,0.012468827930174564
2025-11-13,2025,2080,1992,2065,100014,0.01724137931034475
2025-11-14,2035,2035,1961,1976,155114,-0.043099273607748234
2025-11-17,1977,2000,1920,1945,92386,-0.01568825910931171
2025-11-18,1929,1945,1795,1871,121220,-0.038046272493573285
2025-11-19,1870,1898,1800,1852,47614,-0.010154997327632254
2025-11-20,1850,1932,1848,1875,56829,0.012419006479481576
2025-11-21,1874,1874,1781,1825,47719,-0.026666666666666616
2025-11-24,1811,1878,1801,1837,79547,0.006575342465753531
2025-11-25,1826,1880,1826,1858,46467,0.011431682090364825
2025-11-26,1878,1900,1850,1896,52300,0.020452099031216253
2025-11-27,1896,1937,1851,1921,61381,0.01318565400843874
2025-11-28,1903,2060,1903,2030,212146,0.05674128058302963
2025-12-01,2030,2080,1995,1995,140099,-0.017241379310344862
2025-12-02,1990,2025,1965,1998,75321,0.0015037593984963404
2025-12-03,1991,2060,1980,2035,135834,0.0185185185185186
2025-12-04,2075,2160,2050,2080,460397,0.02211302211302213
2025-12-05,2060,2125,2005,2040,221681,-0.019230769230769273
2025-12-08,2020,2080,2005,2040,216858,0.0
2025-12-09,2040,2065,2000,2010,107178,-0.014705882352941124
2025-12-10,2040,2045,2000,2035,66274,0.01243781094527363
2025-12-11,2035,2070,2005,2020,87154,-0.0073710073710073765
2025-12-12,2025,2080,2015,2065,195585,0.022277227722772297
2025-12-15,2055,2120,2015,2050,168481,-0.007263922518159771
2025-12-16,2035,2050,1947,1967,167484,-0.040487804878048816
2025-12-17,1999,2000,1945,1963,103967,-0.0020335536349771477
2025-12-18,1917,1989,1917,1965,64960,0.0010188487009679115
2025-12-19,1970,1985,1915,1943,75766,-0.01119592875318065
2025-12-22,1943,2065,1943,2005,183233,0.031909418425115854
2025-12-23,2000,2020,1939,1944,128093,-0.030423940149625905
2025-12-24,1950,1970,1905,1905,56346,-0.020061728395061706
2025-12-26,1904,1928,1870,1876,79319,-0.01522309711286085
2025-12-29,1876,1969,1857,1957,129140,0.0431769722814499
2025-12-30,1952,1952,1880,1898,99809,-0.03014818599897806
2026-01-02,1920,2060,1887,2050,268011,0.08008429926238136
2026-01-05,2050,2125,2020,2055,244379,0.0024390243902439046
2026-01-06,2055,2095,2010,2060,172101,0.0024330900243310083
2026-01-07,2060,2085,2010,2020,119266,-0.01941747572815533
2026-01-08,1999,2030,1940,1940,136144,-0.03960396039603964
2026-01-09,1945,2520,1891,2520,4513287,0.2989690721649485
2026-01-12,3095,3275,2765,3275,13544582,0.29960317460317465
2026-01-13,3730,3900,3075,3225,19718325,-0.01526717557251911
2026-01-14,3220,3620,3120,3205,8266572,-0.006201550387596955
2026-01-15,3100,3130,2895,3070,3372285,-0.04212168486739465
2026-01-16,3100,3625,2950,3260,16180711,0.061889250814332275
2026-01-19,3440,4235,3420,4235,9273711,0.29907975460122693
2026-01-20,4770,5490,4610,5110,27030411,0.20661157024793386
2026-01-21,4700,5930,4280,5130,11037534,0.00391389432485334
2026-01-22,5500,5530,4605,4710,3887937,-0.08187134502923976
2026-01-23,4665,4665,3930,4015,2930188,-0.14755838641188956
2026-01-26,4015,4265,3870,4010,2173373,-0.001245330012453305
2026-01-27,4005,4210,3885,4135,1016803,0.0311720698254363
2026-01-28,4155,4295,4015,4180,1491191,0.010882708585247869
2026-01-29,4170,4175,3865,4085,1130294,-0.022727272727272707
2026-01-30,4100,4125,3830,3840,1070133,-0.059975520195838405
2026-02-02,3820,3980,3645,3760,763020,-0.02083333333333337
2026-02-03,3800,3880,3600,3800,967690,0.010638297872340496
2026-02-04,3800,3950,3630,3735,971756,-0.017105263157894735
2026-02-05,3740,3740,3490,3530,989485,-0.05488621151271755
2026-02-06,3435,3520,3315,3400,968182,-0.03682719546742208
2026-02-09,3505,3515,3320,3400,641989,0.0
2026-02-10,3500,3550,3350,3360,578506,-0.0117647058823529
2026-02-11,3345,3490,3310,3340,517343,-0.005952380952380931
2026-02-12,3380,3420,3240,3330,399257,-0.0029940119760478723
2026-02-13,3295,3300,3200,3250,382257,-0.024024024024024038
2026-02-19,3250,3345,3160,3300,576530,0.01538461538461533
2026-02-20,3300,3305,3140,3160,462772,-0.042424242424242475
