Date,Open,High,Low,Close,Volume,Change
2022-01-03,6875,6975,6724,6850,82804,0.007352941176470562
2022-01-04,6850,6874,6674,6750,48502,-0.014598540145985384
2022-01-05,6749,7125,6749,7075,212464,0.04814814814814805
2022-01-06,7025,7175,6775,7000,138558,-0.010600706713780883
2022-01-07,7000,7250,6950,7200,120702,0.02857142857142847
2022-01-10,7224,7224,6850,7050,100434,-0.02083333333333337
2022-01-11,7050,7050,6775,6850,138692,-0.028368794326241176
2022-01-12,6875,7100,6850,6975,226442,0.018248175182481674
2022-01-13,7025,7025,6550,6725,136812,-0.03584229390681004
2022-01-14,6700,6775,6550,6600,42020,-0.018587360594795488
2022-01-17,6625,6650,6349,6475,69504,-0.018939393939393923
2022-01-18,6450,6550,6300,6350,67226,-0.019305019305019266
2022-01-19,6250,6725,6225,6700,124724,0.055118110236220375
2022-01-20,6700,6700,6524,6650,50180,-0.007462686567164201
2022-01-21,6625,6700,6425,6550,42610,-0.015037593984962405
2022-01-24,6425,6450,6275,6300,46910,-0.03816793893129766
2022-01-25,6300,6350,5750,5750,206114,-0.08730158730158732
2022-01-26,5775,5900,5675,5825,49378,0.01304347826086949
2022-01-27,5800,5850,5400,5500,121034,-0.05579399141630903
2022-01-28,5525,5650,5400,5650,33970,0.027272727272727337
2022-02-03,5775,6150,5700,6025,95462,0.0663716814159292
2022-02-04,6025,6100,5900,6075,13008,0.008298755186721962
2022-02-07,6075,6075,5900,6075,15932,0.0
2022-02-08,6150,6250,6000,6150,66386,0.012345679012345734
2022-02-09,6149,6375,6050,6375,95794,0.03658536585365857
2022-02-10,6350,6500,6300,6425,68954,0.007843137254901933
2022-02-11,6400,6550,6200,6525,88714,0.015564202334630295
2022-02-14,6400,6600,6250,6475,48702,-0.007662835249042099
2022-02-15,6400,6650,6200,6250,65796,-0.03474903474903479
2022-02-16,6400,6500,6300,6500,34110,0.040000000000000036
2022-02-17,6400,6825,6300,6600,188448,0.01538461538461533
2022-02-18,6450,6825,6425,6700,103526,0.015151515151515138
2022-02-21,6700,6725,6525,6675,28458,-0.003731343283582045
2022-02-22,6525,6600,6400,6500,59134,-0.02621722846441943
2022-02-23,6500,6575,6400,6500,38496,0.0
2022-02-24,6475,6500,6100,6225,74270,-0.04230769230769227
2022-02-25,6300,6400,6225,6300,57584,0.012048192771084265
2022-02-28,6300,6600,6249,6525,69352,0.03571428571428581
2022-03-02,6524,6700,6524,6650,44710,0.019157088122605304
2022-03-03,6650,6775,6600,6700,30328,0.007518796992481258
2022-03-04,6700,6775,6550,6650,14822,-0.007462686567164201
2022-03-07,6549,6625,6325,6375,55110,-0.041353383458646586
2022-03-08,6375,6375,6175,6250,40160,-0.019607843137254943
2022-03-10,6300,6449,6300,6325,26462,0.01200000000000001
2022-03-11,6250,6475,6250,6450,48856,0.01976284584980248
2022-03-14,6450,6450,6200,6300,36080,-0.023255813953488413
2022-03-15,6300,6375,6175,6250,37960,-0.007936507936507908
2022-03-16,6275,6349,6175,6175,26318,-0.01200000000000001
2022-03-17,6250,6450,6250,6450,74656,0.044534412955465674
2022-03-18,6450,6475,6350,6450,22336,0.0
2022-03-21,6450,6450,6225,6275,90070,-0.027131782945736482
2022-03-22,6275,6325,6200,6275,125292,0.0
2022-03-23,6275,6349,6200,6275,38978,0.0
2022-03-24,6175,6225,6125,6200,56720,-0.01195219123505975
2022-03-25,6300,6300,6200,6275,51518,0.012096774193548487
2022-03-28,6400,6575,6325,6425,219994,0.0239043824701195
2022-03-29,6625,7575,6475,7525,2956660,0.1712062256809339
2022-03-30,7400,7425,7075,7100,708338,-0.056478405315614655
2022-03-31,7049,7175,7000,7125,226136,0.0035211267605634866
2022-04-01,7050,7325,7000,7175,443366,0.007017543859649145
2022-04-04,7150,7275,7075,7250,219384,0.010452961672473782
2022-04-05,7249,7275,7075,7125,119116,-0.017241379310344862
2022-04-06,7100,7250,7050,7100,83412,-0.0035087719298245723
2022-04-07,7025,7149,6875,6875,97926,-0.03169014084507038
2022-04-08,6950,6975,6700,6925,155996,0.0072727272727273196
2022-04-11,7000,7175,6850,7075,199856,0.02166064981949467
2022-04-12,7000,7000,6775,6925,55466,-0.021201413427561877
2022-04-13,6925,7000,6850,6975,40654,0.0072202166064982976
2022-04-14,7150,7150,6975,7025,62980,0.007168458781362075
2022-04-15,7025,7050,6900,6975,44992,-0.007117437722419906
2022-04-18,6974,7174,6874,7150,106476,0.02508960573476693
2022-04-19,7150,7200,7025,7100,82908,-0.006993006993006978
2022-04-20,7174,7274,7074,7150,101046,0.007042253521126751
2022-04-21,7200,7200,7025,7100,50206,-0.006993006993006978
2022-04-22,7000,7075,6850,7075,68044,-0.0035211267605633756
2022-04-25,6975,7125,6700,7025,93744,-0.007067137809187329
2022-04-26,7025,7175,6900,7075,108926,0.007117437722419906
2022-04-27,6974,7074,6874,6950,52882,-0.017667844522968212
2022-04-28,6925,7025,6825,7000,81486,0.007194244604316502
2022-04-29,7075,7325,7050,7200,227854,0.02857142857142847
2022-05-02,7200,7350,7150,7350,257882,0.02083333333333326
2022-05-03,7350,7350,7150,7225,104016,-0.017006802721088454
2022-05-04,7224,7250,6950,7050,86502,-0.02422145328719727
2022-05-06,6875,7050,6825,7000,42250,-0.007092198581560294
2022-05-09,6950,6950,6650,6750,68252,-0.0357142857142857
2022-05-10,6625,6775,6475,6775,67368,0.0037037037037037646
2022-05-11,6700,6825,6675,6725,27008,-0.0073800738007380184
2022-05-12,6550,6725,6275,6325,110900,-0.059479553903345694
2022-05-13,6324,6524,6250,6250,104112,-0.011857707509881465
2022-05-16,6000,6125,5925,6100,284280,-0.02400000000000002
2022-05-17,6125,6150,6000,6125,77822,0.004098360655737654
2022-05-18,6200,6200,5950,6000,57908,-0.020408163265306145
2022-05-19,5775,5949,5775,5875,74502,-0.02083333333333337
2022-05-20,5900,6025,5875,6025,39642,0.025531914893617058
2022-05-23,6150,6150,5900,6000,48378,-0.004149377593360981
2022-05-24,6025,6100,5900,5975,39442,-0.004166666666666652
2022-05-25,5949,6225,5875,5875,313014,-0.01673640167364021
2022-05-26,5900,6025,5849,5925,76130,0.008510638297872353
2022-05-27,5925,6025,5925,6025,36368,0.016877637130801704
2022-05-30,6050,6100,6000,6050,19402,0.004149377593360981
2022-05-31,6049,6100,5975,6025,25074,-0.004132231404958664
2022-06-02,6025,6100,5949,6075,21328,0.008298755186721962
2022-06-03,6100,6100,5975,6050,40540,-0.004115226337448541
2022-06-07,6025,6025,5950,5950,24598,-0.016528925619834656
2022-06-08,6000,6000,5875,5925,16882,-0.004201680672268893
2022-06-09,5875,5950,5825,5900,20100,-0.00421940928270037
2022-06-10,5900,5950,5800,5950,30578,0.008474576271186418
2022-06-13,5800,5875,5575,5650,92414,-0.050420168067226934
2022-06-14,5400,5600,5300,5525,61548,-0.02212389380530977
2022-06-15,5425,5625,5375,5450,45254,-0.013574660633484115
2022-06-16,5450,5675,5425,5475,88700,0.004587155963302836
2022-06-17,5300,5500,5275,5450,32968,-0.004566210045662156
2022-06-20,5450,5500,4990,5000,92388,-0.08256880733944949
2022-06-21,4970,5125,4965,5000,49034,0.0
2022-06-22,5025,5100,4660,4755,139704,-0.049000000000000044
2022-06-23,4755,4805,4405,4440,109784,-0.06624605678233442
2022-06-24,4310,4660,4310,4610,58586,0.03828828828828823
2022-06-27,4795,4820,4675,4750,28996,0.030368763557483636
2022-06-28,4800,4880,4710,4850,16378,0.021052631578947434
2022-06-29,4705,6000,4695,5300,1045392,0.09278350515463907
2022-06-30,5300,5375,5075,5100,102228,-0.037735849056603765
2022-07-01,5100,5575,5000,5125,120834,0.004901960784313708
2022-07-04,5200,5250,4905,4955,52046,-0.0331707317073171
2022-07-05,4930,5250,4860,5200,41094,0.04944500504540872
2022-07-06,5175,5800,5100,5650,291656,0.08653846153846145
2022-07-07,5675,5775,5475,5575,90202,-0.013274336283185861
2022-07-08,5625,5850,5525,5625,64508,0.008968609865470878
2022-07-11,5625,5675,5425,5575,19142,-0.008888888888888835
2022-07-12,5575,5600,5275,5575,45116,0.0
2022-07-13,5575,5625,5350,5550,45034,-0.004484304932735439
2022-07-14,5550,5625,5500,5525,43766,-0.0045045045045044585
2022-07-15,5500,5575,5400,5575,39866,0.009049773755656076
2022-07-18,5600,5725,5550,5625,36028,0.008968609865470878
2022-07-19,5575,5700,5525,5675,26526,0.008888888888888946
2022-07-20,5800,5800,5600,5650,26206,-0.004405286343612369
2022-07-21,5600,5725,5575,5700,31504,0.008849557522123908
2022-07-22,5700,5750,5600,5600,24794,-0.01754385964912286
2022-07-25,5575,5650,5475,5575,10918,-0.004464285714285698
2022-07-26,5500,5875,5450,5600,57490,0.004484304932735439
2022-07-27,5675,5775,5600,5700,29672,0.017857142857142794
2022-07-28,5750,5975,5650,5675,74160,-0.004385964912280715
2022-07-29,5775,5825,5500,5650,27196,-0.004405286343612369
2022-08-01,5650,5675,5500,5650,26732,0.0
2022-08-02,5575,5625,5500,5525,21334,-0.02212389380530977
2022-08-03,5500,5575,5475,5550,13800,0.004524886877828038
2022-08-04,5525,5600,5325,5400,96884,-0.027027027027026973
2022-08-05,5400,5900,5375,5500,114866,0.0185185185185186
2022-08-08,5500,5575,5450,5525,26602,0.00454545454545463
2022-08-09,5575,5575,5450,5525,22640,0.0
2022-08-10,5525,5525,5375,5425,23750,-0.018099547511312264
2022-08-11,5425,5750,5400,5450,87532,0.004608294930875667
2022-08-12,5450,5625,5450,5600,42068,0.02752293577981657
2022-08-16,5600,5675,5525,5600,16802,0.0
2022-08-17,5550,5600,5400,5600,25664,0.0
2022-08-18,5525,5550,5400,5500,18086,-0.017857142857142905
2022-08-19,5450,5525,5425,5500,17956,0.0
2022-08-22,5450,5450,5200,5275,40082,-0.040909090909090895
2022-08-23,5175,5350,5125,5225,28996,-0.009478672985781977
2022-08-24,5225,5275,5150,5275,10200,0.009569377990430672
2022-08-25,5250,5400,5225,5325,18608,0.009478672985782088
2022-08-26,5325,5325,5175,5250,12912,-0.014084507042253502
2022-08-29,5000,5150,4995,5050,28656,-0.03809523809523807
2022-08-30,5050,6350,5025,5550,4711494,0.0990099009900991
2022-08-31,5550,5775,5500,5650,343148,0.018018018018018056
2022-09-01,5600,5675,5400,5400,184262,-0.04424778761061943
2022-09-02,5400,5475,5150,5225,157008,-0.03240740740740744
2022-09-05,5175,5225,4965,4965,129072,-0.04976076555023923
2022-09-06,4965,5050,4925,5000,88684,0.007049345417925457
2022-09-07,5000,5025,4900,4900,52460,-0.020000000000000018
2022-09-08,4940,5050,4940,4950,26196,0.010204081632652962
2022-09-13,4980,5100,4980,5100,29328,0.030303030303030276
2022-09-14,5000,5050,4930,5050,34348,-0.009803921568627416
2022-09-15,5050,5175,4980,5050,47440,0.0
2022-09-16,5025,5125,4955,5000,32996,-0.00990099009900991
2022-09-19,5000,5000,4865,4870,41126,-0.026000000000000023
2022-09-20,4850,4975,4850,4900,22184,0.006160164271047153
2022-09-21,4860,4990,4860,4890,13562,-0.0020408163265306367
2022-09-22,4850,4890,4505,4700,36128,-0.03885480572597133
2022-09-23,4700,4800,4575,4700,27248,0.0
2022-09-26,4555,4665,4270,4340,84324,-0.07659574468085106
2022-09-27,4205,4410,4170,4280,35804,-0.01382488479262678
2022-09-28,4280,4375,3910,3910,60520,-0.08644859813084116
2022-09-29,3950,4160,3940,4100,46364,0.04859335038363177
2022-09-30,3960,4214,3960,4075,37474,-0.0060975609756097615
2022-10-04,4080,4200,4075,4160,28968,0.020858895705521574
2022-10-05,4225,4250,4084,4145,14532,-0.0036057692307692735
2022-10-06,4175,4435,4105,4295,36670,0.036188178528347326
2022-10-07,4405,4845,4255,4255,221288,-0.0093131548311991
2022-10-11,4200,4200,4040,4120,29696,-0.031727379553466495
2022-10-12,4070,4145,3865,4095,59270,-0.0060679611650485965
2022-10-13,4000,4095,3910,3975,34186,-0.02930402930402931
2022-10-14,3975,4095,3975,4030,43974,0.01383647798742138
2022-10-17,3950,4075,3930,4070,39754,0.00992555831265518
2022-10-18,4070,4175,4070,4130,21454,0.014742014742014753
2022-10-19,4130,4250,4070,4100,10988,-0.007263922518159771
2022-10-20,4095,4125,4015,4105,9146,0.0012195121951219523
2022-10-21,4075,4075,3930,3995,26492,-0.02679658952496955
2022-10-24,4000,4090,3995,4030,21576,0.008760951188986343
2022-10-25,4050,4055,3970,4005,16042,-0.006203473945409432
2022-10-26,4000,4025,3880,3950,34074,-0.013732833957553092
2022-10-27,3945,3985,3915,3945,15188,-0.0012658227848101333
2022-10-28,4070,4070,3845,3865,16208,-0.020278833967046883
2022-10-31,3915,3925,3840,3925,41888,0.015523932729624823
2022-11-01,3915,4005,3890,3945,23422,0.005095541401273884
2022-11-02,3945,4095,3940,4010,16456,0.016476552598225558
2022-11-03,4010,4075,3975,4075,12266,0.016209476309226867
2022-11-04,4035,4130,3995,4080,27820,0.0012269938650306678
2022-11-07,4105,4250,4060,4215,43602,0.03308823529411775
2022-11-08,4240,4370,4205,4275,31512,0.014234875444839812
2022-11-09,4275,4275,4150,4195,27612,-0.018713450292397682
2022-11-10,4195,4215,4145,4215,8960,0.004767580452920139
2022-11-11,4225,4260,4200,4250,24890,0.008303677342823335
2022-11-14,4270,4300,4205,4235,19594,-0.003529411764705892
2022-11-15,4245,4405,4235,4405,30816,0.04014167650531286
2022-11-16,4405,4405,4260,4315,21338,-0.020431328036322416
2022-11-17,4275,4315,4235,4290,20464,-0.005793742757821518
2022-11-18,4215,4335,4215,4275,15048,-0.0034965034965035446
2022-11-21,4250,4250,4135,4180,18480,-0.022222222222222254
2022-11-22,4135,4205,3985,4000,51988,-0.0430622009569378
2022-11-23,4060,4060,4000,4045,15330,0.011249999999999982
2022-11-24,4045,4070,4035,4050,7488,0.0012360939431397266
2022-11-25,4050,4070,4010,4050,10970,0.0
2022-11-28,4045,4045,3980,3980,14298,-0.01728395061728394
2022-11-29,3980,4180,3940,4100,23074,0.03015075376884413
2022-11-30,4130,4130,4030,4080,20044,-0.004878048780487809
2022-12-01,4105,4205,4080,4110,13572,0.007352941176470562
2022-12-02,4080,4165,4005,4015,47232,-0.02311435523114358
2022-12-05,4035,5075,4035,4825,2670298,0.20174346201743454
2022-12-06,4825,5300,4470,4575,798092,-0.051813471502590636
2022-12-07,4575,4850,4405,4620,268028,0.009836065573770592
2022-12-08,4645,4900,4535,4565,197848,-0.011904761904761862
2022-12-09,4565,4700,4560,4645,82574,0.017524644030668224
2022-12-12,4645,4710,4585,4675,63438,0.006458557588805203
2022-12-13,5100,5100,4545,4545,326590,-0.027807486631016065
2022-12-14,4555,4615,4515,4600,56450,0.012101210121012063
2022-12-15,4600,4645,4565,4615,36658,0.003260869565217428
2022-12-16,4545,4625,4515,4625,25596,0.0021668472372697867
2022-12-19,4590,4625,4535,4540,29446,-0.018378378378378413
2022-12-20,4530,4560,4345,4440,36798,-0.022026431718061623
2022-12-21,4440,4470,4380,4415,36116,-0.005630630630630629
2022-12-22,4500,4570,4405,4545,28536,0.029445073612684114
2022-12-23,4545,4625,4380,4405,58470,-0.030803080308030806
2022-12-26,4375,4385,4215,4230,73592,-0.039727582292849006
2022-12-27,4230,4605,4220,4525,146072,0.06973995271867617
2022-12-28,4550,4640,4480,4510,35488,-0.0033149171270717703
2022-12-29,4510,4515,4245,4375,56002,-0.029933481152993324
2023-01-02,4375,4400,4025,4155,63236,-0.05028571428571427
2023-01-03,4070,4180,4070,4115,26754,-0.009626955475330878
2023-01-04,4040,4185,3965,4185,39292,0.017010935601458055
2023-01-05,4185,4270,4110,4210,14718,0.005973715651135025
2023-01-06,4145,4340,4145,4285,30558,0.017814726840855055
2023-01-09,4325,4480,4305,4460,25982,0.040840140023337135
2023-01-10,4465,4505,4355,4375,36700,-0.01905829596412556
2023-01-11,4400,4450,4400,4420,13230,0.010285714285714231
2023-01-12,4415,4550,4375,4450,23252,0.006787330316742057
2023-01-13,4430,4475,4405,4430,15008,-0.004494382022471877
2023-01-16,4430,4515,4410,4450,29352,0.004514672686230181
2023-01-17,4450,4470,4395,4420,25954,-0.006741573033707815
2023-01-18,4420,4480,4305,4480,33516,0.013574660633484115
2023-01-19,4480,4795,4455,4660,139222,0.0401785714285714
2023-01-20,4625,4705,4550,4705,60162,0.00965665236051505
2023-01-25,4705,4755,4635,4710,33704,0.0010626992561104665
2023-01-26,4680,4795,4680,4715,37308,0.0010615711252655036
2023-01-27,4705,4790,4705,4750,25958,0.007423117709437932
2023-01-30,4850,4850,4660,4670,67282,-0.01684210526315788
2023-01-31,4545,4715,4545,4670,46408,0.0
2023-02-01,4670,4700,4630,4675,17514,0.0010706638115631772
2023-02-02,4675,4725,4655,4710,41942,0.007486631016042855
2023-02-03,4700,4825,4680,4725,25108,0.0031847133757962887
2023-02-06,4680,5345,4665,4955,1198770,0.04867724867724865
2023-02-07,4905,5015,4855,4985,107446,0.006054490413723412
2023-02-08,4985,4995,4880,4970,40186,-0.0030090270812437314
2023-02-09,4950,5030,4940,5000,46886,0.006036217303822866
2023-02-10,4990,5000,4925,4950,32166,-0.010000000000000009
2023-02-13,4950,4950,4765,4900,43588,-0.010101010101010055
2023-02-14,4900,4910,4710,4770,44900,-0.026530612244897944
2023-02-15,4770,4795,4560,4610,44082,-0.033542976939203384
2023-02-16,4615,4680,4555,4630,31264,0.00433839479392617
2023-02-17,4610,5200,4555,4780,331126,0.03239740820734349
2023-02-20,4760,4890,4710,4805,25474,0.0052301255230124966
2023-02-21,4805,4830,4760,4790,20432,-0.003121748178980255
2023-02-22,4790,4790,4620,4740,21624,-0.01043841336116913
2023-02-23,4740,4740,4625,4690,11670,-0.010548523206751037
2023-02-24,4695,4695,4605,4655,25940,-0.007462686567164201
2023-02-27,4560,4650,4560,4620,23904,-0.007518796992481258
2023-02-28,4580,4645,4565,4600,24514,-0.0043290043290042934
2023-03-02,4625,4695,4600,4650,27406,0.010869565217391353
2023-03-03,4675,4735,4655,4705,17284,0.011827956989247213
2023-03-06,4730,4730,4620,4665,22546,-0.008501594048884176
2023-03-07,4620,4665,4505,4550,36652,-0.024651661307609873
2023-03-08,4550,4625,4435,4480,31802,-0.01538461538461533
2023-03-09,4500,4650,4405,4560,18294,0.017857142857142794
2023-03-10,4545,4565,4400,4450,21706,-0.02412280701754388
2023-03-13,4450,4450,4300,4380,20258,-0.01573033707865168
2023-03-14,4350,4350,4100,4240,35728,-0.03196347031963476
2023-03-15,4465,4465,4200,4285,17386,0.010613207547169878
2023-03-16,4155,4295,4080,4200,13050,-0.019836639439906656
2023-03-17,4225,4390,4195,4390,15414,0.0452380952380953
2023-03-20,4390,4390,4330,4340,11332,-0.011389521640091105
2023-03-21,4340,4410,4300,4305,15124,-0.008064516129032251
2023-03-22,4310,4435,4260,4260,12828,-0.010452961672473893
2023-03-23,4250,4390,4145,4240,14782,-0.0046948356807511304
2023-03-24,4250,4320,4200,4320,19842,0.018867924528301883
2023-03-27,4320,4320,4185,4255,13212,-0.01504629629629628
2023-03-28,4225,4295,4225,4295,26454,0.009400705052879044
2023-03-29,4295,4295,4225,4245,16624,-0.011641443538998875
2023-03-30,4250,4340,4225,4340,12736,0.022379269729092988
2023-03-31,4300,4390,4300,4360,8796,0.004608294930875667
2023-04-03,4360,4430,4215,4385,30332,0.005733944954128489
2023-04-04,4385,4405,4300,4320,27596,-0.014823261117445807
2023-04-05,4290,4345,4225,4250,37434,-0.01620370370370372
2023-04-06,4250,4275,4205,4205,46222,-0.010588235294117676
2023-04-07,4230,4250,4160,4225,27138,0.0047562425683709275
2023-04-10,4224,4224,4050,4085,45356,-0.03313609467455625
2023-04-11,4070,4180,4015,4140,31932,0.01346389228886169
2023-04-12,4165,4185,4105,4140,28524,0.0
2023-04-13,4145,4170,4100,4140,16248,0.0
2023-04-14,4145,4220,4130,4220,19062,0.019323671497584627
2023-04-17,4220,4220,4170,4205,21418,-0.0035545023696682554
2023-04-18,4200,4255,4125,4245,21630,0.009512485136742077
2023-04-19,4295,4295,4215,4250,19394,0.0011778563015312216
2023-04-20,4275,4275,4150,4185,21822,-0.015294117647058791
2023-04-21,4185,4195,4070,4080,20374,-0.02508960573476704
2023-04-24,4080,4164,4075,4085,14310,0.001225490196078427
2023-04-25,4075,4105,4015,4085,19140,0.0
2023-04-26,4070,4070,4015,4015,12430,-0.017135862913096656
2023-04-27,4010,4040,3995,4030,12474,0.0037359900373599153
2023-04-28,4080,4080,4010,4045,7236,0.003722084367245637
2023-05-02,4050,4070,3995,4050,8558,0.0012360939431397266
2023-05-03,4075,4090,4040,4060,4920,0.0024691358024691024
2023-05-04,4055,4265,4030,4110,23418,0.012315270935960632
2023-05-08,4010,4110,4010,4105,6558,-0.0012165450121655041
2023-05-09,4020,4215,4020,4135,5726,0.0073081607795371095
2023-05-10,4135,4290,4130,4245,58108,0.026602176541717037
2023-05-11,4275,4300,4195,4270,44822,0.005889281507656108
2023-05-12,4340,4345,4095,4220,26746,-0.011709601873536313
2023-05-15,4220,4315,4075,4300,36840,0.018957345971563955
2023-05-16,4280,4325,4200,4225,14612,-0.01744186046511631
2023-05-17,4225,4365,4225,4305,42354,0.018934911242603603
2023-05-18,4310,4415,4310,4390,48784,0.019744483159117365
2023-05-19,4415,4415,4335,4405,28878,0.003416856492027387
2023-05-22,4385,4530,4380,4520,42712,0.026106696935300766
2023-05-23,4545,4550,4485,4525,22658,0.0011061946902655162
2023-05-24,4525,4525,4420,4430,13664,-0.020994475138121582
2023-05-25,4430,4455,4315,4370,39064,-0.013544018058690765
2023-05-26,4370,4370,4285,4300,9866,-0.016018306636155555
2023-05-30,4285,4320,4250,4295,17942,-0.0011627906976744429
2023-05-31,4265,4295,4090,4215,30028,-0.01862630966239809
2023-06-01,4200,4240,4140,4175,23864,-0.009489916963226541
2023-06-02,4155,4205,4135,4195,13582,0.004790419161676551
2023-06-05,4195,4220,4160,4200,13666,0.0011918951132301459
2023-06-07,4190,4345,4190,4320,14482,0.02857142857142847
2023-06-08,4320,4320,4225,4225,6460,-0.0219907407407407
2023-06-09,4260,5360,4220,4700,1372696,0.11242603550295849
2023-06-12,4700,4745,4550,4620,136500,-0.017021276595744705
2023-06-13,4605,4715,4570,4625,53006,0.0010822510822510178
2023-06-14,4625,4625,4425,4520,73434,-0.022702702702702693
2023-06-15,4520,4525,4450,4515,32098,-0.0011061946902655162
2023-06-16,4515,4610,4505,4570,29676,0.012181616832779518
2023-06-19,4570,4610,4440,4505,38286,-0.01422319474835887
2023-06-20,4505,4675,4475,4500,70366,-0.0011098779134295356
2023-06-21,4505,4625,4505,4605,45746,0.023333333333333428
2023-06-22,4590,4655,4555,4555,41004,-0.010857763300760048
2023-06-23,4555,4590,4465,4510,33404,-0.009879253567508184
2023-06-26,4525,4570,4380,4530,22264,0.0044345898004434225
2023-06-27,4590,4590,4495,4530,20056,0.0
2023-06-28,4555,4560,4500,4530,25364,0.0
2023-06-29,4530,4545,4470,4485,20314,-0.009933774834437137
2023-06-30,4485,4530,4450,4500,13384,0.0033444816053511683
2023-07-03,4560,4600,4505,4505,22112,0.0011111111111110628
2023-07-04,4505,4545,4455,4545,25710,0.008879023307436285
2023-07-05,4575,4575,4455,4455,25916,-0.01980198019801982
2023-07-06,4500,4520,4415,4445,41656,-0.002244668911335568
2023-07-07,4415,4470,4390,4395,22162,-0.011248593925759276
2023-07-10,4400,4635,4300,4355,85432,-0.009101251422070522
2023-07-11,4315,4470,4315,4470,29986,0.02640642939150406
2023-07-12,4470,4530,4430,4525,43586,0.01230425055928408
2023-07-13,4525,4880,4480,4540,301660,0.0033149171270718814
2023-07-14,4540,4540,4425,4470,22804,-0.01541850220264318
2023-07-17,4470,4470,4340,4435,40830,-0.007829977628635354
2023-07-18,4415,4460,4280,4330,37682,-0.02367531003382184
2023-07-19,4310,4330,4235,4280,23774,-0.011547344110854452
2023-07-20,4250,4475,4235,4335,16406,0.012850467289719614
2023-07-21,4310,4350,4190,4195,41100,-0.032295271049596286
2023-07-24,4145,4190,3950,4035,74122,-0.038140643623361115
2023-07-25,4010,4015,3950,3955,44808,-0.019826517967781898
2023-07-26,3860,3900,3800,3870,85636,-0.02149178255372941
2023-07-27,3800,4000,3755,3970,33306,0.025839793281653645
2023-07-28,3870,3970,3870,3945,9110,-0.006297229219143552
2023-07-31,3930,4000,3925,3985,17264,0.010139416983523386
2023-08-01,3970,4085,3970,4030,9418,0.01129234629861986
2023-08-02,4055,4075,3980,4035,10490,0.001240694789081953
2023-08-03,4005,4025,3955,3995,22630,-0.009913258983890949
2023-08-04,3990,4080,3970,4065,23434,0.017521902377972465
2023-08-07,4075,4090,3940,3980,16496,-0.02091020910209107
2023-08-08,3980,4080,3930,3985,21684,0.0012562814070351536
2023-08-09,4000,4000,3940,3980,17018,-0.0012547051442910462
2023-08-10,4020,4625,4015,4310,582628,0.08291457286432169
2023-08-11,4500,4945,4330,4330,821732,0.004640371229698292
2023-08-14,4480,4570,4330,4570,175956,0.05542725173210172
2023-08-16,4440,4550,4375,4375,102774,-0.04266958424507661
2023-08-17,4350,4355,4075,4230,145160,-0.03314285714285714
2023-08-18,4250,4485,4120,4225,102524,-0.0011820330969266601
2023-08-21,4245,4250,4145,4210,22614,-0.0035502958579881616
2023-08-22,4235,4265,4130,4155,37598,-0.013064133016627122
2023-08-23,4165,4180,3770,4080,104612,-0.018050541516245522
2023-08-24,4080,4180,4025,4165,33612,0.02083333333333326
2023-08-25,4160,4245,4140,4205,42250,0.009603841536614643
2023-08-28,4240,4345,4240,4270,53542,0.015457788347205792
2023-08-29,4275,4300,4245,4270,36300,0.0
2023-08-30,4275,4305,4175,4230,44244,-0.00936768149882905
2023-08-31,4230,5090,4230,4350,2084760,0.028368794326241176
2023-09-01,4365,4590,4290,4290,275690,-0.01379310344827589
2023-09-04,4340,4350,4240,4320,59030,0.006993006993007089
2023-09-05,4265,4365,4265,4355,58446,0.00810185185185186
2023-09-06,4355,4625,4355,4445,313906,0.02066590126291623
2023-09-07,4405,4530,4370,4515,86112,0.015748031496062964
2023-09-08,4500,4535,4375,4440,62196,-0.01661129568106312
2023-09-11,4465,4465,4400,4440,78962,0.0
2023-09-12,4435,4525,4380,4405,50334,-0.007882882882882858
2023-09-13,4365,4430,4330,4390,15798,-0.0034052213393870323
2023-09-14,4385,4430,4310,4400,26846,0.002277904328018332
2023-09-15,4425,4445,4395,4430,24064,0.006818181818181834
2023-09-18,4450,4500,4410,4435,37052,0.0011286681715576563
2023-09-19,4435,4475,4375,4385,33122,-0.011273957158962844
2023-09-20,4375,4375,4200,4225,51562,-0.036488027366020526
2023-09-21,4225,4310,4190,4210,17116,-0.0035502958579881616
2023-09-22,4180,4185,4110,4170,19278,-0.009501187648456089
2023-09-25,4170,4235,4090,4150,24202,-0.004796163069544335
2023-09-26,4180,4180,4035,4120,22318,-0.0072289156626506035
2023-09-27,4010,4120,4010,4110,10882,-0.0024271844660194164
2023-10-04,4065,4110,4010,4090,26434,-0.0048661800486617945
2023-10-05,4065,4115,4050,4085,10024,-0.0012224938875305957
2023-10-06,4075,4110,4060,4080,10480,-0.001223990208078285
2023-10-10,4090,4130,4005,4070,42172,-0.002450980392156854
2023-10-11,4070,4135,4055,4105,5348,0.008599508599508532
2023-10-12,4105,4680,4105,4240,603234,0.032886723507917104
2023-10-13,4240,4240,4150,4150,39006,-0.021226415094339646
2023-10-16,4125,4144,4035,4065,30558,-0.02048192771084334
2023-10-17,4050,4145,4050,4105,23576,0.009840098400984099
2023-10-18,4105,4115,4030,4110,14890,0.0012180267965895553
2023-10-19,4070,4110,4000,4020,47808,-0.021897810218978075
2023-10-20,4000,4045,3960,4020,25256,0.0
2023-10-23,3955,4035,3950,4005,12376,-0.003731343283582045
2023-10-24,3965,4124,3965,4085,41498,0.019975031210986316
2023-10-25,4084,4200,4075,4145,26858,0.014687882496940086
2023-10-26,4000,4120,3900,4040,29146,-0.02533172496984315
2023-10-27,3960,4095,3960,4040,25230,0.0
2023-10-30,3960,4150,3960,4120,20606,0.01980198019801982
2023-10-31,4120,4190,4010,4070,18864,-0.012135922330097082
2023-11-01,4070,4140,4050,4095,11552,0.006142506142506221
2023-11-02,4060,4110,4055,4095,21496,0.0
2023-11-03,4100,4120,4050,4105,11542,0.0024420024420024333
2023-11-06,4130,4180,4090,4135,37626,0.0073081607795371095
2023-11-07,4095,4130,4025,4050,27772,-0.02055622732769047
2023-11-08,4055,4115,4010,4085,29616,0.00864197530864197
2023-11-09,4084,4150,4065,4125,17274,0.009791921664626724
2023-11-10,4095,4630,4095,4130,1873524,0.00121212121212122
2023-11-13,4150,4235,4130,4160,70806,0.007263922518159882
2023-11-14,4155,4280,4094,4155,179614,-0.0012019230769231282
2023-11-15,4165,4260,4160,4200,54344,0.010830324909747224
2023-11-16,4200,4265,4155,4245,50108,0.010714285714285676
2023-11-17,4225,4270,4150,4200,50164,-0.010600706713780883
2023-11-20,4210,4245,4160,4245,22480,0.010714285714285676
2023-11-21,4225,4270,4180,4240,30144,-0.0011778563015312216
2023-11-22,4235,4235,4150,4195,27704,-0.010613207547169767
2023-11-23,4220,4220,4155,4175,58990,-0.004767580452920139
2023-11-24,4195,4250,4150,4210,23972,0.008383233532934131
2023-11-27,4210,4255,4165,4165,32176,-0.0106888361045131
2023-11-28,4085,4170,4080,4095,42260,-0.01680672268907568
2023-11-29,4100,4160,4050,4095,34618,0.0
2023-11-30,4070,4135,4070,4115,37490,0.004884004884004867
2023-12-01,4115,4140,4080,4125,14254,0.002430133657351119
2023-12-04,4125,4125,4085,4100,13276,-0.0060606060606061
2023-12-05,4075,4410,4075,4170,52882,0.017073170731707332
2023-12-06,4160,4225,4130,4200,55928,0.007194244604316502
2023-12-07,4245,4265,4140,4150,30392,-0.011904761904761862
2023-12-08,4130,4540,4130,4340,269428,0.04578313253012056
2023-12-11,4345,4450,4295,4375,62642,0.008064516129032251
2023-12-12,4450,4450,4340,4370,37564,-0.0011428571428571122
2023-12-13,4370,4370,4260,4295,17266,-0.017162471395881007
2023-12-14,4295,4330,4250,4280,19786,-0.0034924330616996624
2023-12-15,4280,4280,4250,4270,20362,-0.002336448598130869
2023-12-18,4270,4300,4240,4275,14544,0.0011709601873535203
2023-12-19,4255,4365,4230,4295,22016,0.004678362573099504
2023-12-20,4300,4375,4265,4315,27076,0.00465657741559955
2023-12-21,4270,4315,4240,4275,21830,-0.009269988412514474
2023-12-22,4275,4275,4225,4260,17492,-0.0035087719298245723
2023-12-26,4255,4285,4200,4240,19796,-0.0046948356807511304
2023-12-27,4220,4330,4220,4320,24932,0.018867924528301883
2023-12-28,4320,4400,4275,4400,49922,0.0185185185185186
2024-01-02,4400,4400,4325,4380,29304,-0.004545454545454519
2024-01-03,4370,4475,4350,4460,68054,0.0182648401826484
2024-01-04,4500,4520,4380,4425,33176,-0.007847533632286963
2024-01-05,4425,4450,4330,4370,29340,-0.012429378531073398
2024-01-08,4365,4375,4320,4365,34356,-0.0011441647597254523
2024-01-09,4390,4410,4365,4385,37868,0.004581901489117968
2024-01-10,4375,4420,4350,4405,37738,0.004561003420752607
2024-01-11,4415,4415,4350,4355,19612,-0.011350737797956922
2024-01-12,4350,4400,4240,4325,28684,-0.006888633754305373
2024-01-15,4325,4385,4290,4385,22038,0.01387283236994219
2024-01-16,4375,4425,4325,4425,37992,0.009122006841505215
2024-01-17,4450,4450,4255,4380,61518,-0.01016949152542368
2024-01-18,4345,4425,4340,4425,37402,0.010273972602739656
2024-01-19,4450,4470,4400,4430,36744,0.001129943502824915
2024-01-22,4430,4495,4375,4490,105008,0.013544018058690765
2024-01-23,4455,4490,4385,4415,50894,-0.016703786191536785
2024-01-24,4400,4450,4355,4400,16548,-0.003397508493771184
2024-01-25,4400,4400,4310,4400,25994,0.0
2024-01-26,4350,4395,4350,4380,12234,-0.004545454545454519
2024-01-29,4350,4405,4330,4370,16308,-0.0022831050228310223
2024-01-30,4350,4400,4255,4300,24044,-0.016018306636155555
2024-01-31,4310,4310,4225,4255,25542,-0.010465116279069764
2024-02-01,4250,4275,4200,4200,34332,-0.01292596944770863
2024-02-02,4195,4295,4190,4215,26982,0.0035714285714285587
2024-02-05,4215,4235,4150,4215,35476,0.0
2024-02-06,4155,4175,4100,4135,51722,-0.018979833926453193
2024-02-07,4135,4190,4125,4190,14158,0.01330108827085863
2024-02-08,4190,4235,4170,4210,19012,0.004773269689737569
2024-02-13,4210,4240,4190,4225,18594,0.0035629453681709222
2024-02-14,4215,4235,4180,4230,9520,0.0011834319526626835
2024-02-15,4200,4275,4200,4245,21080,0.0035460992907800915
2024-02-16,4245,4265,4205,4245,13202,0.0
2024-02-19,4245,4270,4230,4250,15240,0.0011778563015312216
2024-02-20,4250,4265,4215,4250,18466,0.0
2024-02-21,4250,4620,4150,4310,222684,0.014117647058823568
2024-02-22,4265,4305,4230,4245,30148,-0.015081206496519672
2024-02-23,4270,4290,4200,4235,13688,-0.002355712603062443
2024-02-26,4235,4245,4200,4230,20952,-0.0011806375442738881
2024-02-27,4200,4225,4180,4210,16898,-0.004728132387706863
2024-02-28,4190,4225,4185,4225,20424,0.0035629453681709222
2024-02-29,4225,4225,4155,4190,20338,-0.008284023668639007
2024-03-04,4150,4225,4150,4185,25212,-0.0011933174224343368
2024-03-05,4155,4205,4155,4175,12658,-0.002389486260453988
2024-03-06,4120,4175,4120,4165,13434,-0.0023952095808382756
2024-03-07,4185,4185,4115,4125,11958,-0.009603841536614643
2024-03-08,4105,4165,4105,4125,16284,0.0
2024-03-11,4125,4225,4110,4110,12322,-0.0036363636363636598
2024-03-12,4100,4145,4095,4145,11652,0.008515815085158085
2024-03-13,4145,4160,4110,4145,18444,0.0
2024-03-14,4125,4145,4065,4130,16488,-0.003618817852834688
2024-03-15,4130,4175,4120,4155,9040,0.006053268765133124
2024-03-18,4130,4180,4130,4160,14270,0.001203369434416457
2024-03-19,4165,4185,4110,4160,14444,0.0
2024-03-20,4160,4185,4125,4160,24838,0.0
2024-03-21,4115,4195,4115,4180,15132,0.004807692307692291
2024-03-22,4150,4175,4135,4170,8094,-0.0023923444976076125
2024-03-25,4170,4225,4130,4170,14372,0.0
2024-03-26,4135,4205,4135,4170,22170,0.0
2024-03-27,4155,4205,4150,4190,18776,0.004796163069544335
2024-03-28,4150,4280,4150,4230,42496,0.009546539379474916
2024-03-29,4200,4255,4160,4160,22328,-0.01654846335697402
2024-04-01,4155,4180,4100,4170,23322,0.0024038461538462563
2024-04-02,4170,4170,4080,4090,50248,-0.01918465227817745
2024-04-03,4090,4140,4080,4125,16102,0.008557457212713837
2024-04-04,4125,4140,4080,4130,22582,0.00121212121212122
2024-04-05,4125,4140,4070,4090,18512,-0.009685230024213065
2024-04-08,4100,4100,3965,4000,38880,-0.022004889975550168
2024-04-09,4000,4020,3950,4010,27996,0.0024999999999999467
2024-04-11,4010,4030,3950,4015,10078,0.0012468827930174342
2024-04-12,4015,4040,3975,3995,10542,-0.00498132004981322
2024-04-15,3995,3995,3950,3965,12340,-0.007509386733416723
2024-04-16,3915,3960,3795,3870,42732,-0.023959646910466592
2024-04-17,3870,3895,3830,3835,15926,-0.009043927648578864
2024-04-18,3815,3915,3815,3910,9836,0.019556714471968606
2024-04-19,3880,3950,3840,3930,10462,0.005115089514066584
2024-04-22,3930,3950,3825,3940,12080,0.0025445292620864812
2024-04-23,3950,3950,3885,3940,10894,0.0
2024-04-24,3910,3960,3910,3910,12136,-0.0076142131979695105
2024-04-25,3925,3950,3910,3915,9020,0.0012787723785165905
2024-04-26,3960,3975,3920,3940,12618,0.0063856960408683605
2024-04-29,3940,3980,3900,3925,12062,-0.0038071065989847552
2024-04-30,4010,4075,3935,4020,41664,0.02420382165605095
2024-05-02,4175,4245,4105,4165,133706,0.03606965174129351
2024-05-03,4135,4135,4025,4070,50292,-0.02280912364945975
2024-05-07,4075,4115,4045,4060,19122,-0.002457002457002422
2024-05-08,4060,4080,4025,4065,32400,0.0012315270935960854
2024-05-09,4045,4130,4025,4080,19278,0.0036900369003689537
2024-05-10,4130,4170,4095,4160,39314,0.019607843137254832
2024-05-13,4145,4185,4095,4150,45416,-0.0024038461538461453
2024-05-14,4145,4150,3995,3995,78100,-0.03734939759036149
2024-05-16,4000,4070,3915,4050,48942,0.013767209011264159
2024-05-17,4015,4145,3965,4025,41754,-0.006172839506172867
2024-05-20,4000,4050,3925,3940,43914,-0.02111801242236022
2024-05-21,3940,4055,3940,4010,30092,0.017766497461928932
2024-05-22,4010,4125,4000,4045,44986,0.008728179551122262
2024-05-23,4005,4040,3975,4005,18460,-0.00988875154511748
2024-05-24,4025,4065,3980,4030,21486,0.006242197253433224
2024-05-27,4040,4040,4005,4010,14946,-0.00496277915632759
2024-05-28,4015,4040,4000,4000,10212,-0.0024937655860348684
2024-05-29,4000,4135,3940,4055,88948,0.013749999999999929
2024-05-30,4045,4095,4000,4010,31004,-0.011097410604192337
2024-05-31,4010,4200,4000,4085,109110,0.018703241895261735
2024-06-03,4100,4245,4100,4135,74960,0.012239902080783294
2024-06-04,4140,4150,4040,4055,31280,-0.019347037484885088
2024-06-05,4050,4075,4000,4030,23366,-0.006165228113440224
2024-06-07,4000,4050,4000,4040,20128,0.002481389578163684
2024-06-10,4035,4035,3965,3980,22024,-0.014851485148514865
2024-06-11,3980,4020,3945,3990,25676,0.002512562814070307
2024-06-12,3990,4600,3990,4470,1961558,0.12030075187969924
2024-06-13,4770,4875,4525,4675,1253862,0.045861297539149914
2024-06-14,4720,4895,4540,4540,483224,-0.02887700534759363
2024-06-17,4540,4540,4295,4325,254494,-0.04735682819383258
2024-06-18,4325,4380,4255,4330,157160,0.0011560693641619046
2024-06-19,4325,4330,4225,4285,113304,-0.010392609699769073
2024-06-20,4320,4335,4210,4335,77296,0.011668611435239118
2024-06-21,4295,4310,4170,4230,98540,-0.02422145328719727
2024-06-24,4240,4370,4215,4310,105440,0.01891252955082745
2024-06-25,4285,4370,4255,4340,68428,0.006960556844547661
2024-06-26,4345,4415,4240,4245,96272,-0.02188940092165903
2024-06-27,4275,4370,4105,4105,139882,-0.03297997644287398
2024-06-28,4090,4180,4090,4135,36958,0.0073081607795371095
2024-07-01,4100,4160,4085,4120,49368,-0.0036275695284159193
2024-07-02,4120,4120,3965,3990,88866,-0.03155339805825241
2024-07-03,3990,4015,3935,4000,40612,0.0025062656641603454
2024-07-04,3980,4040,3980,4025,18856,0.006250000000000089
2024-07-05,4005,4030,3980,4000,12776,-0.006211180124223614
2024-07-08,4000,4055,3950,4055,22908,0.013749999999999929
2024-07-09,4055,4065,4015,4045,14304,-0.002466091245376112
2024-07-10,4045,4070,4015,4050,9604,0.0012360939431397266
2024-07-11,4050,4050,3985,4000,35188,-0.012345679012345734
2024-07-12,3990,4015,3850,3975,69666,-0.006249999999999978
2024-07-15,3965,3995,3910,3985,32646,0.002515723270440251
2024-07-16,3985,3995,3900,3960,29930,-0.006273525721455453
2024-07-17,3950,3980,3925,3930,20308,-0.007575757575757569
2024-07-18,3930,3970,3880,3935,23628,0.0012722646310432406
2024-07-19,3985,4205,3915,4170,250612,0.05972045743329102
2024-07-22,4250,4284,3910,4045,192720,-0.029976019184652314
2024-07-23,4030,4514,4030,4095,1871088,0.012360939431396822
2024-07-24,4225,4770,4155,4310,3011718,0.05250305250305254
2024-07-25,4200,4500,4170,4250,684076,-0.0139211136890951
2024-07-26,4445,4455,4165,4225,569390,-0.00588235294117645
2024-07-29,4340,4480,4240,4365,433694,0.03313609467455625
2024-07-30,4380,4525,4190,4230,561116,-0.030927835051546393
2024-07-31,4260,4395,4220,4255,254782,0.005910165484633634
2024-08-01,4215,4320,4185,4210,181300,-0.010575793184488869
2024-08-02,4135,4170,3935,3950,259706,-0.061757719714964354
2024-08-05,3855,3915,3260,3470,348762,-0.12151898734177213
2024-08-06,3405,3625,3405,3605,125526,0.03890489913544659
2024-08-07,3565,3830,3525,3770,191024,0.04576976421636614
2024-08-08,3845,3950,3685,3710,127064,-0.01591511936339518
2024-08-09,3790,3855,3730,3820,40838,0.029649595687331498
2024-08-12,3840,3930,3750,3775,126826,-0.011780104712041939
2024-08-13,3775,3815,3650,3705,46892,-0.018543046357615944
2024-08-14,3705,3745,3605,3695,41542,-0.0026990553306343035
2024-08-16,3765,3790,3675,3725,70488,0.008119079837618504
2024-08-19,3690,3730,3575,3665,86992,-0.016107382550335614
2024-08-20,3720,3720,3645,3715,32234,0.013642564802182733
2024-08-21,3770,3820,3655,3700,75506,-0.004037685060565233
2024-08-22,3705,3710,3565,3580,53292,-0.032432432432432434
2024-08-23,3535,3630,3535,3575,30878,-0.0013966480446927498
2024-08-26,3575,3620,3480,3560,26854,-0.004195804195804231
2024-08-27,3485,3600,3485,3525,11454,-0.0098314606741573
2024-08-28,3520,3545,3480,3480,33218,-0.012765957446808529
2024-08-29,3355,3555,3350,3365,146488,-0.033045977011494254
2024-08-30,3345,3400,3335,3370,38594,0.0014858841010401136
2024-09-02,3380,3450,3310,3440,47194,0.020771513353115667
2024-09-03,3440,3575,3420,3460,24390,0.005813953488372103
2024-09-04,3435,3435,3265,3295,60032,-0.047687861271676346
2024-09-05,3265,3340,3195,3225,66626,-0.02124430955993928
2024-09-06,3225,3240,3080,3095,52312,-0.04031007751937987
2024-09-09,3010,3140,2945,3135,20162,0.01292407108239102
2024-09-10,3145,3335,3075,3260,79308,0.03987240829346095
2024-09-11,3205,3235,3120,3120,41102,-0.042944785276073594
2024-09-12,3120,3190,3105,3175,10788,0.017628205128205066
2024-09-13,3175,3200,3115,3135,15436,-0.012598425196850394
2024-09-19,3155,3180,3070,3135,9828,0.0
2024-09-20,3135,3165,3125,3150,4488,0.004784688995215225
2024-09-23,3150,3180,3125,3175,9460,0.007936507936507908
2024-09-24,3175,3230,3150,3220,16096,0.014173228346456623
2024-09-25,3215,3330,3215,3310,27764,0.02795031055900621
2024-09-26,3310,3420,3310,3365,17820,0.0166163141993958
2024-09-27,3360,3370,3280,3340,11604,-0.007429420505200568
2024-09-30,3340,3340,3255,3255,11366,-0.025449101796407136
2024-10-02,3240,3240,3140,3145,19918,-0.03379416282642089
2024-10-04,3115,3165,3100,3115,6644,-0.009538950715421324
2024-10-07,3100,3270,3100,3270,13322,0.049759229534510396
2024-10-08,3190,3275,3075,3130,38618,-0.042813455657492394
2024-10-10,3135,3220,3130,3200,8136,0.022364217252396124
2024-10-11,3200,3315,3180,3200,9820,0.0
2024-10-14,3205,3205,3175,3180,4566,-0.006249999999999978
2024-10-15,3180,3265,3135,3165,12230,-0.004716981132075526
2024-10-16,3140,3160,3090,3115,7252,-0.01579778830963663
2024-10-17,3175,3660,3050,3140,439146,0.008025682182985605
2024-10-18,3145,3145,3065,3080,22268,-0.019108280254777066
2024-10-21,3095,3140,3055,3075,6894,-0.0016233766233766378
2024-10-22,3005,3125,2975,3015,40096,-0.019512195121951237
2024-10-23,3005,3420,3005,3065,410668,0.016583747927031434
2024-10-24,3015,3050,2925,3025,38204,-0.013050570962479635
2024-10-25,2995,3015,2860,2860,73600,-0.054545454545454564
2024-10-28,2780,2875,2780,2805,82880,-0.019230769230769273
2024-10-29,2800,2820,2620,2725,100038,-0.028520499108734443
2024-10-30,2735,2750,2695,2705,25956,-0.007339449541284404
2024-10-31,2670,2800,2670,2685,33138,-0.007393715341959317
2024-11-01,2685,3300,2680,2795,1650592,0.040968342644320366
2024-11-04,2830,2830,2750,2795,76446,0.0
2024-11-05,2765,2890,2765,2875,81966,0.028622540250447193
2024-11-06,2875,2905,2650,2660,131668,-0.07478260869565212
2024-11-07,2670,2705,2625,2670,35314,0.003759398496240518
2024-11-08,2670,2750,2670,2730,23932,0.022471910112359605
2024-11-11,2720,2720,2525,2560,58436,-0.06227106227106227
2024-11-12,2540,2725,2500,2575,54366,0.005859375
2024-11-13,2462,2565,2462,2485,25640,-0.03495145631067964
2024-11-14,2485,2485,2377,2400,43894,-0.03420523138832998
2024-11-15,2377,2411,2329,2407,28742,0.0029166666666666785
2024-11-18,2370,2470,2370,2445,23226,0.01578728707935184
2024-11-19,2466,2709,2407,2427,197360,-0.007361963190184007
2024-11-20,2427,2434,2384,2432,74436,0.0020601565718993964
2024-11-21,2432,2505,2387,2505,35598,0.030016447368421018
2024-11-22,2505,2505,2445,2450,40652,-0.021956087824351322
2024-11-25,2461,2519,2407,2457,65438,0.0028571428571428914
2024-11-26,2457,2480,2450,2470,73618,0.005291005291005346
2024-11-27,2469,2544,2429,2437,15516,-0.013360323886639658
2024-11-28,2437,2524,2417,2467,24704,0.012310217480508756
2024-11-29,2467,2520,2400,2415,64966,-0.021078232671260633
2024-12-02,2387,2422,2365,2395,48950,-0.008281573498964856
2024-12-03,2395,2480,2375,2455,23864,0.025052192066805867
2024-12-04,2400,2480,2390,2410,89288,-0.018329938900203624
2024-12-05,2405,2525,2380,2380,148070,-0.012448132780082943
2024-12-06,2355,2545,2347,2390,107904,0.004201680672268893
2024-12-09,2382,3105,2202,3100,3795192,0.2970711297071129
2024-12-10,3325,3715,2805,3070,3367640,-0.009677419354838679
2024-12-11,3270,3365,3035,3155,1286368,0.027687296416938123
2024-12-12,3040,3155,2840,2845,654438,-0.09825673534072898
2024-12-13,2790,2845,2605,2670,431980,-0.061511423550087874
2024-12-16,2695,2800,2645,2725,235524,0.020599250936329527
2024-12-17,2725,2740,2625,2660,224238,-0.023853211009174258
2024-12-18,2655,2710,2635,2670,95522,0.003759398496240518
2024-12-19,2620,2665,2515,2515,117012,-0.05805243445692887
2024-12-20,2565,2565,2375,2400,168092,-0.045725646123260466
2024-12-23,2427,2465,2365,2405,71594,0.002083333333333437
2024-12-24,2416,2454,2282,2282,137654,-0.05114345114345109
2024-12-26,2289,2394,2259,2282,75322,0.0
2024-12-27,2281,2289,2204,2257,35690,-0.010955302366345343
2024-12-30,2212,2311,2212,2297,30504,0.0177226406734603
2025-01-02,2350,2407,2312,2390,61962,0.04048759251197209
2025-01-03,2392,2422,2365,2375,37808,-0.006276150627615107
2025-01-06,2387,2412,2382,2400,61550,0.010526315789473717
2025-01-07,2400,2447,2397,2440,55272,0.016666666666666607
2025-01-08,2490,2625,2447,2485,268518,0.018442622950819665
2025-01-09,2485,2545,2447,2515,54258,0.012072434607645954
2025-01-10,2505,2540,2482,2515,40924,0.0
2025-01-13,2497,2515,2400,2425,80570,-0.035785288270377746
2025-01-14,2437,2645,2430,2595,544750,0.07010309278350513
2025-01-15,2560,3105,2560,2930,3896752,0.12909441233140662
2025-01-16,2945,3165,2840,3070,996528,0.04778156996587035
2025-01-17,3070,3070,2800,2800,89646,-0.08794788273615639
2025-01-20,2800,2940,2720,2805,46354,0.0017857142857142794
2025-01-21,2805,2885,2725,2725,26348,-0.028520499108734443
2025-01-22,2755,2755,2660,2660,21874,-0.023853211009174258
2025-01-23,2660,2730,2590,2640,25660,-0.007518796992481258
2025-01-24,2680,2730,2420,2475,146006,-0.0625
2025-01-31,2475,2500,2415,2465,63414,-0.004040404040404066
2025-02-03,2465,2465,2337,2410,43008,-0.022312373225152116
2025-02-04,2409,2471,2367,2442,24798,0.01327800829875514
2025-02-05,2465,2515,2372,2500,66826,0.02375102375102367
2025-02-06,2510,2525,2450,2510,58930,0.0040000000000000036
2025-02-07,2509,2509,2452,2497,27804,-0.00517928286852587
2025-02-10,2496,2509,2414,2462,39656,-0.014016820184221013
2025-02-11,2462,2515,2402,2415,53776,-0.019090170593013767
2025-02-12,2415,2447,2367,2425,34306,0.0041407867494824835
2025-02-13,2437,2459,2419,2437,21076,0.004948453608247361
2025-02-14,2436,2446,2402,2407,27900,-0.012310217480508867
2025-02-17,2467,2487,2425,2465,27658,0.024096385542168752
2025-02-18,2465,2477,2432,2450,16348,-0.006085192697768749
2025-02-19,2462,2462,2405,2420,51116,-0.01224489795918371
2025-02-20,2432,2465,2430,2440,38754,0.008264462809917328
2025-02-21,2452,2477,2450,2475,14648,0.014344262295082011
2025-02-24,2475,2575,2450,2575,18232,0.04040404040404044
2025-02-25,2540,2540,2477,2510,40660,-0.025242718446601975
2025-02-26,2510,2510,2475,2485,27214,-0.009960159362549792
2025-02-27,2497,2520,2480,2510,32108,0.010060362173038184
2025-02-28,2482,2510,2457,2485,25322,-0.009960159362549792
2025-03-04,2474,2496,2457,2472,14632,-0.005231388329979825
2025-03-05,2439,2524,2439,2472,24740,0.0
2025-03-06,2472,2539,2472,2482,41300,0.004045307443365731
2025-03-07,2510,3110,2487,2595,3808906,0.045527800161160314
2025-03-10,2600,2670,2565,2640,191372,0.01734104046242768
2025-03-11,2535,2625,2515,2535,138912,-0.03977272727272729
2025-03-12,2535,2650,2530,2590,71052,0.021696252465483346
2025-03-13,2590,2645,2525,2525,83488,-0.025096525096525046
2025-03-14,2550,2630,2525,2580,46752,0.0217821782178218
2025-03-17,2585,2610,2565,2590,30484,0.003875968992248069
2025-03-18,2615,2620,2550,2565,38962,-0.009652509652509633
2025-03-19,2555,2575,2515,2530,31514,-0.013645224171540016
2025-03-20,2565,2570,2525,2565,36854,0.01383399209486158
2025-03-21,2525,2580,2490,2505,57916,-0.023391812865497075
2025-03-24,2529,2534,2424,2437,66516,-0.027145708582834382
2025-03-25,2444,2574,2407,2407,57838,-0.012310217480508867
2025-03-26,2410,2452,2407,2450,37154,0.017864561695056125
2025-03-27,2412,2564,2404,2417,53570,-0.013469387755102091
2025-03-28,2407,2504,2354,2432,137056,0.006206040546131497
2025-03-31,2494,2494,2379,2402,33210,-0.012335526315789491
2025-04-01,2414,2994,2402,2402,8384472,0.0
2025-04-02,2429,2659,2407,2482,1121114,0.033305578684429626
2025-04-03,2481,2504,2384,2387,300276,-0.038275584206285296
2025-04-04,2350,2495,2342,2400,204490,0.005446166736489344
2025-04-07,2290,2355,2245,2250,139836,-0.0625
2025-04-08,2306,2324,2254,2272,65872,0.009777777777777885
2025-04-09,2265,2285,2162,2200,120360,-0.03169014084507038
2025-04-10,2275,2365,2237,2355,65002,0.07045454545454555
2025-04-11,2302,2754,2302,2412,2887250,0.02420382165605095
2025-04-14,2437,2615,2390,2540,587250,0.05306799336650081
2025-04-15,2590,2615,2505,2550,281218,0.003937007874015741
2025-04-16,2544,2674,2472,2487,195700,-0.024705882352941133
2025-04-17,2487,2650,2487,2570,287788,0.03337354242058699
2025-04-18,2570,2600,2500,2550,97926,-0.0077821011673151474
2025-04-21,2550,2580,2510,2550,61046,0.0
2025-04-22,2515,2710,2515,2615,201512,0.025490196078431282
2025-04-23,2620,2630,2535,2600,107372,-0.005736137667303964
2025-04-24,2600,2630,2535,2540,108692,-0.023076923076923106
2025-04-25,2560,2595,2540,2580,70002,0.015748031496062964
2025-04-28,2595,2630,2550,2630,80388,0.019379844961240345
2025-04-29,2630,2850,2615,2835,426808,0.07794676806083656
2025-04-30,2875,3000,2790,2895,370714,0.021164021164021163
2025-05-02,2865,3285,2805,3200,1307294,0.10535405872193437
2025-05-07,3200,3285,2980,3120,325680,-0.025000000000000022
2025-05-08,3095,3680,3075,3420,1067120,0.09615384615384626
2025-05-09,3425,3425,3265,3320,161204,-0.0292397660818714
2025-05-12,3400,3400,3110,3135,235128,-0.05572289156626509
2025-05-13,3135,3190,3065,3170,110252,0.011164274322169154
2025-05-14,3165,3475,3015,3325,445498,0.04889589905362768
2025-05-15,3325,3335,3165,3275,97254,-0.015037593984962405
2025-05-16,3245,3300,3120,3270,129632,-0.0015267175572518665
2025-05-19,3270,3425,3190,3250,139824,-0.006116207951070374
2025-05-20,3340,4100,3255,3725,1871148,0.14615384615384608
2025-05-21,3725,3880,3610,3735,220104,0.0026845637583892135
2025-05-22,3775,3785,3435,3535,312402,-0.0535475234270415
2025-05-23,3535,3535,3350,3425,152840,-0.03111739745403108
2025-05-26,3545,3545,3305,3450,220268,0.007299270072992803
2025-05-27,3475,3630,3415,3420,261862,-0.008695652173912993
2025-05-28,3525,3900,3495,3640,740434,0.06432748538011701
2025-05-29,3640,3660,3510,3615,189240,-0.006868131868131844
2025-05-30,3615,3615,3490,3490,145058,-0.03457814661134162
2025-06-02,3490,3775,3455,3650,280418,0.04584527220630363
2025-06-04,3650,3880,3635,3870,149878,0.0602739726027397
2025-06-05,3875,4010,3645,3715,286070,-0.040051679586563305
2025-06-09,3715,4050,3650,3975,403608,0.06998654104979818
2025-06-10,3990,4070,3850,3975,168254,0.0
2025-06-11,4000,4050,3760,3980,227710,0.0012578616352201255
2025-06-12,4000,4035,3735,3740,243420,-0.06030150753768848
2025-06-13,3755,3835,3415,3555,300910,-0.049465240641711206
2025-06-16,3555,3655,3415,3650,218006,0.026722925457102642
2025-06-17,3730,3740,3597,3645,124044,-0.00136986301369868
2025-06-18,4020,4735,3850,4735,3176584,0.2990397805212619
2025-06-19,4740,4800,4405,4535,2360976,-0.04223864836325242
2025-06-20,4565,5745,4550,5350,5560560,0.17971334068357225
2025-06-23,5250,5500,5010,5010,1031946,-0.06355140186915886
2025-06-24,5035,5195,4850,5025,646044,0.0029940119760478723
2025-06-25,4980,5145,4780,4900,565736,-0.02487562189054726
2025-06-26,4850,5200,4765,4860,423356,-0.008163265306122436
2025-06-27,4960,4960,4545,4640,374652,-0.04526748971193417
2025-06-30,4600,4895,4555,4785,366788,0.03125
2025-07-01,4795,4860,4485,4515,308882,-0.056426332288401215
2025-07-02,4610,4710,4405,4490,316232,-0.0055370985603543366
2025-07-03,4525,4660,4475,4585,209896,0.021158129175946616
2025-07-04,4675,5015,4310,4340,553576,-0.05343511450381677
2025-07-07,4340,4715,4295,4540,380718,0.04608294930875578
2025-07-08,4475,5680,4475,5290,2185086,0.16519823788546262
2025-07-09,5235,5460,5195,5195,531184,-0.017958412098298626
2025-07-10,5165,6215,5150,5560,2185166,0.07025986525505301
2025-07-11,5550,5815,5480,5700,476074,0.02517985611510798
2025-07-14,5840,6000,5560,5700,502752,0.0
2025-07-15,5755,5925,5400,5470,340420,-0.04035087719298247
2025-07-16,5560,6175,5470,5620,2368724,0.027422303473491727
2025-07-17,5630,5700,5320,5545,379154,-0.013345195729537407
2025-07-18,5575,5640,5095,5235,508386,-0.055906221821460766
2025-07-21,5095,5290,5095,5195,215720,-0.0076408787010505685
2025-07-22,5195,5300,4985,5105,249978,-0.017324350336862415
2025-07-23,5110,5115,4975,5050,141536,-0.010773751224289918
2025-07-24,5050,5125,4975,5000,131686,-0.00990099009900991
2025-07-25,5010,5085,4895,4905,219020,-0.019000000000000017
2025-07-28,4900,4900,4665,4730,285410,-0.03567787971457692
2025-07-29,4745,5145,4610,4925,349366,0.04122621564482021
2025-07-30,4925,5050,4870,4990,227518,0.013197969543147225
2025-07-31,5000,5735,4990,5630,1129062,0.128256513026052
2025-08-01,5570,5630,5100,5175,631602,-0.08081705150976914
2025-08-04,5230,5490,5005,5280,540278,0.020289855072463725
2025-08-05,6029,6490,5745,5915,3811694,0.1202651515151516
2025-08-06,5900,6075,5775,5800,559136,-0.019442096365173245
2025-08-07,5815,5950,5700,5700,381008,-0.017241379310344862
2025-08-08,5675,5720,5400,5480,368412,-0.038596491228070184
2025-08-11,5575,5610,5365,5490,329466,0.0018248175182482562
2025-08-12,5460,6435,5415,5965,2837400,0.08652094717668479
2025-08-13,5910,6060,5275,5335,1071382,-0.10561609388097237
2025-08-14,5450,5550,5085,5320,1358106,-0.002811621368322359
2025-08-18,5320,5815,5265,5700,925278,0.0714285714285714
2025-08-19,6050,6400,5220,5280,594831,-0.0736842105263158
2025-08-20,5190,5340,5090,5230,106295,-0.009469696969697017
2025-08-21,5230,5400,5170,5180,95208,-0.009560229445506718
2025-08-22,5190,5370,5170,5220,70420,0.007722007722007707
2025-08-25,5190,5320,5120,5210,84528,-0.0019157088122605526
2025-08-26,5210,5260,5080,5160,64088,-0.009596928982725572
2025-08-27,5160,5220,5070,5120,60272,-0.007751937984496138
2025-08-28,5120,5370,5020,5250,120841,0.025390625
2025-08-29,5390,6580,5320,5840,2230181,0.11238095238095247
2025-09-01,5990,7590,5980,7400,5569715,0.26712328767123283
2025-09-02,7280,7360,6590,6720,1029763,-0.09189189189189184
2025-09-03,6650,6910,6460,6500,410681,-0.03273809523809523
2025-09-04,6260,6880,5950,6400,1341336,-0.01538461538461533
2025-09-05,6340,8000,6340,7050,3991858,0.1015625
2025-09-08,7050,7190,6730,6960,1226222,-0.012765957446808529
2025-09-09,6960,7030,6590,6820,691560,-0.02011494252873558
2025-09-10,6820,6820,6430,6510,371628,-0.045454545454545414
2025-09-11,6520,6910,6380,6850,728704,0.05222734254992312
2025-09-12,6870,6890,6440,6700,494653,-0.021897810218978075
2025-09-15,6550,6610,6340,6360,345231,-0.05074626865671639
2025-09-16,6320,6470,6260,6370,203913,0.0015723270440251014
2025-09-17,6380,6640,6230,6420,238254,0.007849293563579218
2025-09-18,6650,6650,6180,6220,316059,-0.031152647975077885
2025-09-19,6260,6290,6100,6170,147063,-0.008038585209003246
2025-09-22,6170,6480,6150,6360,250396,0.030794165316045286
2025-09-23,6360,6380,6180,6290,99236,-0.011006289308176154
2025-09-24,6290,6300,5980,6060,183340,-0.0365659777424483
2025-09-25,6030,6260,5980,6080,104973,0.0033003300330032292
2025-09-26,6130,6130,5890,6030,132925,-0.008223684210526327
2025-09-29,6030,6230,5980,6070,85132,0.0066334991708125735
2025-09-30,6160,6440,5960,5960,175863,-0.018121911037891292
2025-10-01,5970,6070,5920,6030,77994,0.011744966442952975
2025-10-02,6030,6090,5820,5880,169777,-0.02487562189054726
2025-10-10,5820,5840,5330,5680,175505,-0.03401360544217691
2025-10-13,5520,6500,5480,6210,495450,0.09330985915492951
2025-10-14,6210,6250,5750,5900,180874,-0.0499194847020934
2025-10-15,5810,5950,5810,5880,86127,-0.003389830508474523
2025-10-16,5860,5990,5730,5800,94910,-0.013605442176870763
2025-10-17,5860,5860,5480,5540,177768,-0.04482758620689653
2025-10-20,5550,5720,5450,5620,132810,0.014440433212996373
2025-10-21,5620,5650,5350,5460,153632,-0.028469750889679735
2025-10-22,5460,6070,5350,6040,375643,0.1062271062271063
2025-10-23,5980,6130,5810,5970,167235,-0.011589403973509937
2025-10-24,5980,6050,5780,6050,121478,0.01340033500837512
2025-10-27,6000,6160,5910,6100,186324,0.008264462809917328
2025-10-28,6120,6410,6010,6040,215303,-0.00983606557377048
2025-10-29,6040,6130,5860,5910,112317,-0.021523178807947074
2025-10-30,5960,6240,5880,6030,220916,0.020304568527918843
2025-10-31,6120,6190,5710,6100,172851,0.011608623548922115
2025-11-03,6130,6380,5940,5980,197465,-0.01967213114754096
2025-11-04,5980,6130,5720,6030,125276,0.008361204013378032
2025-11-05,6030,6030,5540,5830,200710,-0.03316749585406298
2025-11-06,5840,5890,5540,5650,158653,-0.030874785591766707
2025-11-07,5680,6060,5610,5820,207656,0.030088495575221197
2025-11-10,5860,6200,5770,6180,190754,0.061855670103092786
2025-11-11,6130,6170,5940,6020,130857,-0.02588996763754048
2025-11-12,6030,6420,5210,5210,1796297,-0.13455149501661134
2025-11-13,5260,5290,4845,5020,546426,-0.03646833013435702
2025-11-14,4985,4985,4705,4705,385547,-0.0627490039840638
2025-11-17,4660,4755,4570,4600,232850,-0.022316684378320906
2025-11-18,4570,4620,4420,4445,184413,-0.033695652173913015
2025-11-19,4375,4640,4375,4500,112639,0.012373453318335281
2025-11-20,4500,4655,4490,4615,88286,0.025555555555555554
2025-11-21,4590,4590,4470,4530,96428,-0.018418201516793076
2025-11-24,4530,4530,4350,4410,76545,-0.026490066225165587
2025-11-25,4415,4510,4355,4355,88579,-0.012471655328798237
2025-11-26,4340,4495,4335,4400,80314,0.010332950631458004
2025-11-27,4470,4535,4395,4475,60303,0.017045454545454586
2025-11-28,4500,4825,4495,4780,178723,0.06815642458100557
2025-12-01,4780,4860,4725,4850,94685,0.014644351464435212
2025-12-02,4815,4940,4785,4935,93231,0.017525773195876226
2025-12-03,4950,4970,4900,4925,52163,-0.0020263424518743856
2025-12-04,4915,4975,4845,4970,109325,0.009137055837563413
2025-12-05,4970,5040,4915,5020,74259,0.010060362173038184
2025-12-08,5010,5060,4925,5040,65697,0.003984063745019917
2025-12-09,4990,5060,4985,5030,26860,-0.001984126984126977
2025-12-10,5030,5040,4955,5030,62678,0.0
2025-12-11,5030,5030,4915,4975,63981,-0.010934393638170947
2025-12-12,4975,4975,4795,4840,114875,-0.02713567839195985
2025-12-15,4855,4905,4795,4850,80383,0.0020661157024792765
2025-12-16,4735,4845,4640,4705,146671,-0.02989690721649485
2025-12-17,4705,4785,4615,4630,49414,-0.015940488841657774
2025-12-18,4495,4765,4315,4585,94298,-0.009719222462203025
2025-12-19,4630,4640,4500,4605,77306,0.004362050163576825
2025-12-22,4700,4700,4365,4395,217210,-0.0456026058631922
2025-12-23,4395,4430,4280,4330,131372,-0.014789533560864654
2025-12-24,4295,4375,4285,4320,81192,-0.002309468822170868
2025-12-26,4320,4320,4165,4190,106424,-0.03009259259259256
2025-12-29,4245,4280,4210,4240,110725,0.01193317422434359
2025-12-30,4240,4280,4150,4215,90976,-0.005896226415094352
2026-01-02,4215,4395,4020,4395,124386,0.04270462633451966
2026-01-05,4350,4395,4315,4325,48973,-0.015927189988623414
2026-01-06,4325,4380,4240,4345,63963,0.0046242774566473965
2026-01-07,4345,4345,4065,4125,128549,-0.05063291139240511
2026-01-08,4170,4330,4050,4295,98385,0.041212121212121255
2026-01-09,4255,4450,4200,4435,85439,0.03259604190919685
2026-01-12,4435,4435,4290,4430,77357,-0.0011273957158962622
2026-01-13,4400,4435,4335,4405,57887,-0.0056433408577878375
2026-01-14,4345,4395,4320,4390,45279,-0.0034052213393870323
2026-01-15,4355,4370,4230,4260,70596,-0.029612756264236872
2026-01-16,4205,4265,4167,4200,63055,-0.014084507042253502
2026-01-19,4190,4285,4135,4235,128590,0.008333333333333304
2026-01-20,4195,4700,4170,4655,385452,0.09917355371900816
2026-01-21,4635,4670,4390,4630,212700,-0.00537056928034374
2026-01-22,4650,5090,4600,4905,366166,0.05939524838012966
2026-01-23,4910,4995,4770,4885,119504,-0.004077471967380175
2026-01-26,4885,4885,4690,4750,168567,-0.02763561924257929
2026-01-27,4740,4740,4575,4700,133695,-0.010526315789473717
2026-01-28,4700,4750,4585,4645,102907,-0.011702127659574457
2026-01-29,4650,4980,4520,4875,284396,0.049515608180839665
2026-01-30,4885,4925,4625,4645,147560,-0.04717948717948717
2026-02-02,4650,5190,4445,4990,446476,0.07427341227125939
2026-02-03,5000,5690,4915,5360,732942,0.07414829659318634
2026-02-04,5360,5670,5330,5530,327935,0.03171641791044766
2026-02-05,5640,5760,5470,5470,277457,-0.010849909584086825
2026-02-06,5400,5640,5150,5500,302008,0.005484460694698434
2026-02-09,5650,7150,5550,7150,5205475,0.30000000000000004
2026-02-10,7250,7600,6850,7320,3199849,0.023776223776223793
2026-02-11,7390,7580,7240,7310,1242463,-0.001366120218579181
2026-02-12,7310,7370,6800,7000,740504,-0.04240766073871405
2026-02-13,7000,7010,6630,6750,447605,-0.0357142857142857
2026-02-19,6750,6870,6640,6750,433601,0.0
2026-02-20,6970,6970,6500,6960,515097,0.03111111111111109
