Date,Open,High,Low,Close,Volume,Dividends,Stock Splits
2022-01-03 00:00:00-05:00,85.41667969164229,86.32286354259104,84.61956540597441,85.25725555419922,311400,0.0,0.0
2022-01-04 00:00:00-05:00,85.40828880002343,88.31144823018882,85.40828880002343,87.55628967285156,447600,0.0,0.0
2022-01-05 00:00:00-05:00,87.64858094908384,87.97581523372185,85.14817506125767,85.332763671875,293700,0.0,0.0
2022-01-06 00:00:00-05:00,85.8697587923124,85.8697587923124,83.45325812470429,84.4097900390625,277100,0.0,0.0
2022-01-07 00:00:00-05:00,84.03221775221846,84.44335710877417,82.66454003716335,82.72327423095703,349200,0.0,0.0
2022-01-10 00:00:00-05:00,81.2045648079275,81.31364716032316,79.40896942336953,80.50814056396484,527700,0.0,0.0
2022-01-11 00:00:00-05:00,80.59207139992682,81.0199892802245,79.60197597228361,80.73471069335938,430600,0.0,0.0
2022-01-12 00:00:00-05:00,81.07872102323886,81.72480364114304,79.53484692612624,80.34034729003906,310400,0.0,0.0
2022-01-13 00:00:00-05:00,80.48298561247252,82.3037522382465,79.97115626214192,82.11077117919922,352700,0.0,0.0
2022-01-14 00:00:00-05:00,81.00319843246473,81.40594536426353,80.01310315626768,80.82699584960938,360900,0.0,0.0
2022-01-18 00:00:00-05:00,79.91240871509909,80.28159871637978,78.12520570276128,78.28462982177734,327000,0.0,0.0
2022-01-19 00:00:00-05:00,78.49439659677117,80.18090970024612,78.33497247594195,78.98104858398438,370600,0.0,0.0
2022-01-20 00:00:00-05:00,78.89715283227056,79.63553293047055,75.42342988415842,75.44860076904297,457100,0.0,0.0
2022-01-21 00:00:00-05:00,74.75217902581443,77.75602849026801,73.92150778785638,76.72398376464844,661100,0.0,0.0
2022-01-24 00:00:00-05:00,75.38147498731453,79.61874896604677,75.25562056147994,79.23278045654297,537100,0.0,0.0
2022-01-25 00:00:00-05:00,77.9657954626951,79.01462506072387,76.80788989102857,78.29302978515625,347400,0.0,0.0
2022-01-26 00:00:00-05:00,79.52645911612404,80.2900101813523,75.06264033919612,76.03595733642578,662400,0.0,0.0
2022-01-27 00:00:00-05:00,76.98409034617825,79.27473694100709,76.11146337679334,76.58133697509766,873200,0.0,0.0
2022-01-28 00:00:00-05:00,76.38834115922619,77.36165148215323,75.27238517733568,77.3197021484375,445900,0.0,0.0
2022-01-31 00:00:00-05:00,76.3463889092426,78.14198435383484,76.3463889092426,78.13359832763672,562200,0.0,0.0
2022-02-01 00:00:00-05:00,78.66220927796358,79.4257601954309,77.73924063607821,78.06647491455078,428900,0.0,0.0
2022-02-02 00:00:00-05:00,78.87198919568557,79.21600839151623,75.97722194008018,76.92536163330078,592000,0.0,0.0
2022-02-03 00:00:00-05:00,75.9939834927281,76.95890783046384,74.70182489111933,74.76055908203125,488000,0.0,0.0
2022-02-04 00:00:00-05:00,74.75217891694831,75.78423004261259,73.64461513410134,74.67666625976562,500100,0.0,0.0
2022-02-07 00:00:00-05:00,74.7354017167658,75.88492126284962,73.94667980912084,74.93677520751953,477100,0.0,0.0
2022-02-08 00:00:00-05:00,75.01229292400599,78.30981338319684,74.98712203830608,78.03292083740234,556000,0.0,0.0
2022-02-09 00:00:00-05:00,78.62025269753643,80.37389885974044,78.22589820321008,79.97953796386719,456200,0.0,0.0
2022-02-10 00:00:00-05:00,78.54475490703807,80.98642698993265,78.54475490703807,79.0985336303711,481700,0.0,0.0
2022-02-11 00:00:00-05:00,79.55162315280849,79.55162315280849,77.06799549998526,77.60499572753906,353600,0.0,0.0
2022-02-14 00:00:00-05:00,77.69729317261805,78.51118594221492,75.95203923384824,76.58133697509766,397100,0.0,0.0
2022-02-15 00:00:00-05:00,77.55464211743195,78.33497145421516,76.43029366156681,77.25257873535156,817500,0.0,0.0
2022-02-16 00:00:00-05:00,77.31970930693961,78.45244384687926,76.06111395110733,76.45547485351562,336300,0.0,0.0
2022-02-17 00:00:00-05:00,75.89329520520452,76.94212463812082,74.29068716051277,74.5927505493164,357000,0.0,0.0
2022-02-18 00:00:00-05:00,74.39137287236119,75.61640481235793,74.13125883469554,74.24034118652344,428600,0.0,0.0
2022-02-22 00:00:00-05:00,74.23193544586451,74.94513801158658,73.41804297379349,74.03894805908203,414600,0.0,0.0
2022-02-23 00:00:00-05:00,74.04737023745474,74.75218066045637,73.08244571892338,73.34255981445312,821600,0.0,0.0
2022-02-24 00:00:00-05:00,71.74832680933257,73.98862497820188,70.82535817362525,73.68656158447266,1064500,0.0,0.0
2022-02-25 00:00:00-05:00,81.32203806499507,83.46165268693743,78.63703725454106,81.31365203857422,1326600,0.0,0.0
2022-02-28 00:00:00-05:00,80.27321050263647,83.95669907644607,79.81172937835665,81.12066650390625,706300,0.0,0.0
2022-03-01 00:00:00-05:00,81.51504085239065,81.76675612491135,78.7629129029232,81.43952178955078,709000,0.0,0.0
2022-03-02 00:00:00-05:00,81.82546502864822,83.9650793920311,81.22134472046052,83.26026916503906,593900,0.0,0.0
2022-03-03 00:00:00-05:00,83.35257659910043,83.46165896624719,80.65918315803893,81.33882904052734,524400,0.0,0.0
2022-03-04 00:00:00-05:00,80.65919162260528,80.7263182553481,78.8048616035339,79.71105194091797,1107300,0.0,0.0
2022-03-07 00:00:00-05:00,80.9711962431508,80.9711962431508,76.96238795212159,77.45291900634766,636800,0.75,0.0
2022-03-08 00:00:00-05:00,77.46137603605494,79.5080731279849,76.78478744869228,76.90319061279297,582200,0.0,0.0
2022-03-09 00:00:00-05:00,79.06828128926965,80.50604407896928,78.72998378272337,80.2523193359375,352600,0.0,0.0
2022-03-10 00:00:00-05:00,79.38966192470166,81.12342605346144,79.25434034943899,80.75130462646484,372200,0.0,0.0
2022-03-11 00:00:00-05:00,81.70698119709843,81.97761786910853,78.25635878960418,78.62848663330078,403600,0.0,0.0
2022-03-14 00:00:00-04:00,79.21206702986558,80.10009078093597,76.90319237210528,77.30915069580078,397600,0.0,0.0
2022-03-15 00:00:00-04:00,77.52904069084819,79.35584351791304,77.52904069084819,78.65387725830078,401600,0.0,0.0
2022-03-16 00:00:00-04:00,79.35582794197785,81.42788946269638,77.99418530179565,79.3642807006836,418700,0.0,0.0
2022-03-17 00:00:00-04:00,78.8652929430284,81.30948220275813,78.81455058341056,81.28411102294922,523200,0.0,0.0
2022-03-18 00:00:00-04:00,80.75976460322508,81.94380268264193,80.21003194644351,81.81694030761719,459300,0.0,0.0
2022-03-21 00:00:00-04:00,82.0199203549896,82.03683232668378,79.74487623907193,80.42992401123047,366400,0.0,0.0
2022-03-22 00:00:00-04:00,81.1149670292179,81.38560370635193,79.8209787625432,80.63288879394531,339700,0.0,0.0
2022-03-23 00:00:00-04:00,79.7195018921321,80.88662146736819,78.51854546987374,78.77227020263672,366700,0.0,0.0
2022-03-24 00:00:00-04:00,79.2712536642314,79.98167253111633,78.63694833916095,79.44039916992188,405500,0.0,0.0
2022-03-25 00:00:00-04:00,80.03243255615234,80.86126120293493,79.53344868749433,80.03243255615234,288100,0.0,0.0
2022-03-28 00:00:00-04:00,79.29664022749787,80.40455834541532,78.0534005167872,79.085205078125,751400,0.0,0.0
2022-03-29 00:00:00-04:00,79.86326770394072,82.61192405466596,79.86326770394072,81.55474853515625,505600,0.0,0.0
2022-03-30 00:00:00-04:00,81.26721210559262,82.47662143581191,79.66876286912996,80.5145034790039,522900,0.0,0.0
2022-03-31 00:00:00-04:00,79.99859922904514,80.27769517205682,77.7235614319654,77.79967498779297,412100,0.0,0.0
2022-04-01 00:00:00-04:00,78.07877847774027,78.50164881318135,75.3639516985073,75.44852447509766,672300,0.0,0.0
2022-04-04 00:00:00-04:00,75.05948340665711,76.99623028801209,74.24757314917676,76.50569915771484,670400,0.0,0.0
2022-04-05 00:00:00-04:00,75.44005518037575,76.61563403960612,74.94953056070645,75.21170806884766,569600,0.0,0.0
2022-04-06 00:00:00-04:00,74.39978197048576,74.51818510702446,72.15856868173972,73.2580337524414,714300,0.0,0.0
2022-04-07 00:00:00-04:00,73.2157541078215,74.86494548562901,71.39741076018254,74.42516326904297,976400,0.0,0.0
2022-04-08 00:00:00-04:00,74.38286619591767,75.7275967980023,73.04660125708459,75.04254913330078,561100,0.0,0.0
2022-04-11 00:00:00-04:00,74.55203243137933,76.52260950531127,73.72320383484748,73.93463897705078,562400,0.0,0.0
2022-04-12 00:00:00-04:00,74.62813646852844,76.27733423889556,74.10378151232453,74.50127410888672,447700,0.0,0.0
2022-04-13 00:00:00-04:00,74.2475661122463,76.06590964532958,74.08687333764009,75.22016906738281,435800,0.0,0.0
2022-04-14 00:00:00-04:00,75.34702800845183,76.60718616583219,75.18634167990139,75.86293029785156,339100,0.0,0.0
2022-04-18 00:00:00-04:00,75.65993176850462,76.61561605161613,74.72961866377413,75.19477844238281,396800,0.0,0.0
2022-04-19 00:00:00-04:00,75.60920018906313,77.80812414617486,75.49079703808319,77.38525390625,317000,0.0,0.0
2022-04-20 00:00:00-04:00,77.80812903514791,79.44040852191957,77.48674995550718,79.22897338867188,345700,0.0,0.0
2022-04-21 00:00:00-04:00,80.10854532177177,80.28615006162825,78.07030751451204,78.56929779052734,352700,0.0,0.0
2022-04-22 00:00:00-04:00,77.85886674481067,77.85886674481067,75.89674908374563,76.0997314453125,575100,0.0,0.0
2022-04-25 00:00:00-04:00,75.53309553056667,75.98133704352215,73.38491350117647,75.87985229492188,681800,0.0,0.0
2022-04-26 00:00:00-04:00,75.00874121441073,76.03208663890597,73.1988567178669,73.22422790527344,591300,0.0,0.0
2022-04-27 00:00:00-04:00,70.61934341342538,73.82470121211787,70.61934341342538,72.59837341308594,1047300,0.0,0.0
2022-04-28 00:00:00-04:00,73.24112700307123,75.63457419913718,72.5307080706281,75.00872802734375,1112900,0.0,0.0
2022-04-29 00:00:00-04:00,74.8480185445734,77.0046589480388,71.16059022211076,71.24516296386719,966600,0.0,0.0
2022-05-02 00:00:00-04:00,70.95762691402632,72.23469683385196,69.6551858124306,72.11628723144531,782800,0.0,0.0
2022-05-03 00:00:00-04:00,71.89640116979547,72.56453693405811,70.66162082340087,71.54964447021484,777900,0.0,0.0
2022-05-04 00:00:00-04:00,71.71033303340812,72.75059016631425,69.46066035478668,72.67447662353516,413200,0.0,0.0
2022-05-05 00:00:00-04:00,71.89638914297535,71.89638914297535,67.77763130510917,68.513427734375,669200,0.0,0.0
2022-05-06 00:00:00-04:00,67.9129638671875,68.57264041639878,66.42445879942368,67.9129638671875,916400,0.0,0.0
2022-05-09 00:00:00-04:00,67.11797390652066,70.17109796025832,66.84733717514311,68.538818359375,778000,0.0,0.0
2022-05-10 00:00:00-04:00,69.21540555369324,70.12035416323924,65.52798258336159,66.84733581542969,653300,0.0,0.0
2022-05-11 00:00:00-04:00,66.72047365342198,67.55775501858379,66.035425850334,66.31452178955078,668500,0.0,0.0
2022-05-12 00:00:00-04:00,66.11999804805248,69.59599230838953,66.1115388356522,69.54524993896484,729000,0.0,0.0
2022-05-13 00:00:00-04:00,70.11189110149837,70.84768123168364,69.31689293993085,69.9681167602539,452700,0.0,0.0
2022-05-16 00:00:00-04:00,70.17955096672918,70.23875254484241,68.50498190333079,70.05268859863281,478600,0.0,0.0
2022-05-17 00:00:00-04:00,71.2197977591704,71.86256226489823,70.04421912845663,71.27899932861328,383100,0.0,0.0
2022-05-18 00:00:00-04:00,68.54727339712844,68.74179010807444,63.692718048257255,66.92344665527344,1169500,0.0,0.0
2022-05-19 00:00:00-04:00,65.93393373574239,67.3716965691014,65.49415148061948,66.39909362792969,958700,0.0,0.0
2022-05-20 00:00:00-04:00,67.23635867741785,67.35476181172002,61.8912798557528,63.81110763549805,1055400,0.0,0.0
2022-05-23 00:00:00-04:00,61.89975823747442,65.07128557245929,61.66295189552711,63.743473052978516,1087400,0.0,0.0
2022-05-24 00:00:00-04:00,62.660915061354714,62.80469586060227,60.352046943437124,61.14704513549805,1401600,0.0,0.0
2022-05-25 00:00:00-04:00,61.07938794137444,64.69915672302245,60.935613586142814,63.430545806884766,785700,0.0,0.0
2022-05-26 00:00:00-04:00,64.32702628906347,66.72893288554818,64.32702628906347,65.91702270507812,662100,0.0,0.0
2022-05-27 00:00:00-04:00,65.45587711241255,66.68557211021015,65.27654672763337,65.95970916748047,576600,0.75,0.0
2022-05-31 00:00:00-04:00,65.60104926876653,66.42084811657497,64.62753772979512,65.7974624633789,702300,0.0,0.0
2022-06-01 00:00:00-04:00,66.70266225640023,67.22357717600767,64.7983329824805,65.32778930664062,683800,0.0,0.0
2022-06-02 00:00:00-04:00,65.75475129912928,67.0698471069336,65.25945420621966,67.0698471069336,674400,0.0,0.0
2022-06-03 00:00:00-04:00,66.56601701439226,67.83841900146807,66.15612086279374,67.21502685546875,751800,0.0,0.0
2022-06-06 00:00:00-04:00,67.2321213094149,67.57369932319374,66.32692133038859,67.16380310058594,690100,0.0,0.0
2022-06-07 00:00:00-04:00,66.46354837840624,67.36020031094549,65.49857173148708,65.63520812988281,1001800,0.0,0.0
2022-06-08 00:00:00-04:00,64.25180580524231,66.01096392664557,63.2612177942778,65.52420806884766,895500,0.0,0.0
2022-06-09 00:00:00-04:00,65.50710990128427,65.8999297545065,63.48322732743973,64.02122497558594,1085300,0.0,0.0
2022-06-10 00:00:00-04:00,62.979405832808716,63.38076715647757,61.48497925372512,61.732627868652344,649200,0.0,0.0
2022-06-13 00:00:00-04:00,60.24672450022786,60.96404591427471,58.96578781927487,60.810333251953125,1112000,0.0,0.0
2022-06-14 00:00:00-04:00,60.964053742991304,61.79239394547472,59.691658300766946,60.374820709228516,744700,0.0,0.0
2022-06-15 00:00:00-04:00,60.41752520413686,62.14251740335575,60.31504790426145,61.228782653808594,804000,0.0,0.0
2022-06-16 00:00:00-04:00,59.62334909597819,60.024710410501314,57.966668441200284,58.43634796142578,1006900,0.0,0.0
2022-06-17 00:00:00-04:00,59.0084962212101,60.0588674229819,58.154538225200746,59.58064651489258,1436400,0.0,0.0
2022-06-21 00:00:00-04:00,61.11777517767616,61.11777517767616,59.614807239531224,60.46876525878906,701300,0.0,0.0
2022-06-22 00:00:00-04:00,59.87099479949452,60.63101688429432,59.589187101036416,60.03324890136719,767400,0.0,0.0
2022-06-23 00:00:00-04:00,60.579774229108615,61.758233760709295,60.50291463184032,61.52766799926758,618300,0.0,0.0
2022-06-24 00:00:00-04:00,61.903417269918265,65.36194998126645,61.73262826585438,63.816287994384766,1162600,0.0,0.0
2022-06-27 00:00:00-04:00,63.75651913928822,63.893149056534945,62.20230903871884,62.95379638671875,864100,0.0,0.0
2022-06-28 00:00:00-04:00,63.15871843923061,63.34659019865026,60.81887587914268,60.85303497314453,851500,0.0,0.0
2022-06-29 00:00:00-04:00,60.87012326436687,60.87012326436687,59.67458079930018,60.622474670410156,793400,0.0,0.0
2022-06-30 00:00:00-04:00,59.92223071990814,60.468763313435936,58.82062412868363,60.18696212768555,724100,0.0,0.0
2022-07-01 00:00:00-04:00,60.178420267511186,60.89574184788745,58.795005985836745,60.460227966308594,509000,0.0,0.0
2022-07-05 00:00:00-04:00,59.811219902347084,62.25354033625018,59.811219902347084,62.244998931884766,809900,0.0,0.0
2022-07-06 00:00:00-04:00,62.33895422342301,63.201453907478225,61.19465325948715,61.76680374145508,599900,0.0,0.0
2022-07-07 00:00:00-04:00,62.151046123840906,63.414906503657036,61.80946170914621,63.295352935791016,441300,0.0,0.0
2022-07-08 00:00:00-04:00,63.2868251664692,64.29449582353311,62.77445169164634,63.73942184448242,494100,0.0,0.0
2022-07-11 00:00:00-04:00,63.35515348930835,65.4985836282075,63.24413476665161,64.93497467041016,899400,0.0,0.0
2022-07-12 00:00:00-04:00,64.61045917872917,66.80513076655178,64.61045917872917,65.44733428955078,863600,0.0,0.0
2022-07-13 00:00:00-04:00,64.13222317537478,66.91612715408093,63.71378571874084,65.66934967041016,1210400,0.0,0.0
2022-07-14 00:00:00-04:00,64.74709628248813,65.66083109575465,64.21763996898338,65.24239349365234,650500,0.0,0.0
2022-07-15 00:00:00-04:00,65.4558764841087,66.82220786586964,65.19968649963641,66.66849517822266,565600,0.0,0.0
2022-07-18 00:00:00-04:00,67.12109120685265,68.3251750013021,66.89052543513993,66.99299621582031,724900,0.0,0.0
2022-07-19 00:00:00-04:00,67.8128180256967,71.3140450450813,67.72741700080793,70.71627044677734,1058500,0.0,0.0
2022-07-20 00:00:00-04:00,70.81019562389726,70.91267292911337,68.68384203332711,69.48656463623047,852000,0.0,0.0
2022-07-21 00:00:00-04:00,69.31577023127532,70.30636465192389,68.376417721642,70.2209701538086,569100,0.0,0.0
2022-07-22 00:00:00-04:00,69.91352719704133,70.87849716234058,68.52157181799281,68.53011322021484,782200,0.0,0.0
2022-07-25 00:00:00-04:00,68.81194459221204,68.81194459221204,67.16380521463851,67.39437103271484,1062300,0.0,0.0
2022-07-26 00:00:00-04:00,64.26033693972242,65.68644517925924,62.77445190317455,63.30390167236328,1072800,0.0,0.0
2022-07-27 00:00:00-04:00,63.42346889725725,65.79747802564296,63.20997935988032,65.57544708251953,920900,0.0,0.0
2022-07-28 00:00:00-04:00,65.68643765688628,69.52071317595241,64.98619246558462,69.46092987060547,1520600,0.0,0.0
2022-07-29 00:00:00-04:00,68.97417429126219,70.32342928946744,67.23210596987136,69.58049011230469,1658000,0.0,0.0
2022-08-01 00:00:00-04:00,69.29870726149767,71.54461491813565,68.66678003572744,71.0920181274414,959600,0.0,0.0
2022-08-02 00:00:00-04:00,70.58816408678845,70.69063486644471,69.32430351117958,69.46947479248047,976100,0.0,0.0
2022-08-03 00:00:00-04:00,70.32343403998873,70.70771901654612,69.14497444527967,69.93915557861328,797500,0.0,0.0
2022-08-04 00:00:00-04:00,69.99039145836713,70.6564776041682,69.64880698187933,69.87937927246094,507200,0.0,0.0
2022-08-05 00:00:00-04:00,69.1962165722019,70.4173767882445,69.01688617175708,69.79399108886719,484500,0.0,0.0
2022-08-08 00:00:00-04:00,70.4515293805998,72.10820985331698,70.1270277119486,70.14410400390625,585100,0.0,0.0
2022-08-09 00:00:00-04:00,69.72567421090882,69.72567421090882,66.91615152012304,67.5224609375,792600,0.0,0.0
2022-08-10 00:00:00-04:00,69.08522089282513,70.40885221689355,68.85464852628441,69.4951171875,482500,0.0,0.0
2022-08-11 00:00:00-04:00,70.35760930161015,71.7922592102615,70.12704347485523,70.93830108642578,369700,0.0,0.0
2022-08-12 00:00:00-04:00,71.29695005026636,71.73247044507681,70.34905616959897,71.63853454589844,462300,0.0,0.0
2022-08-15 00:00:00-04:00,71.17740861740606,71.95451364064617,69.80253551104546,70.71627044677734,456800,0.0,0.0
2022-08-16 00:00:00-04:00,70.68209032419281,73.96129194638648,70.68209032419281,72.89384460449219,559300,0.0,0.0
2022-08-17 00:00:00-04:00,72.15944066674255,72.57787820257106,71.18592920736434,71.71538543701172,374800,0.0,0.0
2022-08-18 00:00:00-04:00,71.26279012591736,71.59583321363598,70.55400996100829,71.49336242675781,357500,0.0,0.0
2022-08-19 00:00:00-04:00,70.57961142223064,71.13468527913825,69.43530461558623,69.84520721435547,451200,0.0,0.0
2022-08-22 00:00:00-04:00,69.22183733941128,69.24745503844177,67.35167364317319,67.50538635253906,441500,0.0,0.0
2022-08-23 00:00:00-04:00,67.62493973782612,68.55575088054385,67.31751432009592,67.34313201904297,369800,0.0,0.0
2022-08-24 00:00:00-04:00,67.20648545204908,67.77864220789404,66.26713304652212,67.21502685546875,452500,0.0,0.0
2022-08-25 00:00:00-04:00,67.09546980248871,68.7179910637773,67.09546980248871,68.66675567626953,347900,0.0,0.0
2022-08-26 00:00:00-04:00,68.99979968441325,69.30722504409563,65.66936263130852,65.70352172851562,535200,0.0,0.0
2022-08-29 00:00:00-04:00,65.12283314927915,65.55834699986094,64.32865201885446,64.69585418701172,479600,0.0,0.0
2022-08-30 00:00:00-04:00,65.25093533705525,65.7633088452458,63.91875639754068,64.7556381225586,560300,0.0,0.0
2022-08-31 00:00:00-04:00,64.67023773168114,65.40463556689497,62.509718668429706,63.06479263305664,802500,0.0,0.0
2022-09-01 00:00:00-04:00,62.978533219318,63.54793133656494,62.00366240339853,63.40989303588867,629600,0.75,0.0
2022-09-02 00:00:00-04:00,63.875753234967824,64.41926415609741,62.32285548598686,62.754215240478516,533300,0.0,0.0
2022-09-06 00:00:00-04:00,62.88363806707212,63.15970810630109,60.74409690855485,61.77935791015625,800000,0.0,0.0
2022-09-07 00:00:00-04:00,61.78798299780488,64.13457489013672,61.64994469600556,64.13457489013672,713600,0.0,0.0
2022-09-08 00:00:00-04:00,63.418513977872465,64.30711403342649,62.3401145741365,64.28985595703125,689600,0.0,0.0
2022-09-09 00:00:00-04:00,65.27336845479341,66.42940956578549,64.48829045509694,66.22235870361328,713100,0.0,0.0
2022-09-12 00:00:00-04:00,66.73998895487685,68.23249018079451,66.73998895487685,67.83563995361328,819100,0.0,0.0
2022-09-13 00:00:00-04:00,66.11019337024311,66.73135246764046,64.32436425623946,64.45377349853516,662300,0.0,0.0
2022-09-14 00:00:00-04:00,64.66083293455739,64.66083293455739,62.86638112595662,63.2977409362793,612300,0.0,0.0
2022-09-15 00:00:00-04:00,63.25459150656104,64.3502423413433,61.727580935214114,62.33148193359375,477000,0.0,0.0
2022-09-16 00:00:00-04:00,61.468772323013084,63.38401091378096,61.41701125256907,61.75347137451172,1030900,0.0,0.0
2022-09-19 00:00:00-04:00,61.13230740493819,62.667947139896015,61.0460367669571,62.5040283203125,460800,0.0,0.0
2022-09-20 00:00:00-04:00,62.055425536496685,62.055425536496685,59.31197674869412,60.269596099853516,802500,0.0,0.0
2022-09-21 00:00:00-04:00,60.59742286164241,61.710331935497,59.35511111340907,59.38961410522461,448600,0.0,0.0
2022-09-22 00:00:00-04:00,59.260208336836456,60.14880842532657,58.7166908047103,59.58803939819336,683000,0.0,0.0
2022-09-23 00:00:00-04:00,58.67355554268586,59.355104743391934,58.13003804051289,59.30333709716797,843800,0.0,0.0
2022-09-26 00:00:00-04:00,58.94099840312647,59.829598471582834,58.026517801729085,58.328468322753906,449900,0.0,0.0
2022-09-27 00:00:00-04:00,59.053146045707436,59.3809836621178,57.198304420769546,58.05239486694336,696600,0.0,0.0
2022-09-28 00:00:00-04:00,58.39748483306561,59.61391590065824,58.22493698452337,59.18255615234375,714600,0.0,0.0
2022-09-29 00:00:00-04:00,58.45787841747986,58.47512991234822,56.31833104227325,56.75831985473633,865600,0.0,0.0
2022-09-30 00:00:00-04:00,55.93873701136277,57.3449742047107,54.05801126716174,56.53401565551758,855300,0.0,0.0
2022-10-03 00:00:00-04:00,57.3363341607547,59.6139129942524,56.62890447128992,59.372352600097656,653100,0.0,0.0
2022-10-04 00:00:00-04:00,60.86486065387096,62.83185997336203,60.58016165183222,62.81460189819336,699800,0.0,0.0
2022-10-05 00:00:00-04:00,61.96914100785033,64.41063868362072,61.47739117404033,63.96202087402344,667900,0.0,0.0
2022-10-06 00:00:00-04:00,63.6514389763091,64.81610889926037,63.470268684474625,63.86711883544922,580500,0.0,0.0
2022-10-07 00:00:00-04:00,63.03892634513931,63.237354766344005,61.770727370646455,62.210716247558594,612100,0.0,0.0
2022-10-10 00:00:00-04:00,62.581674775136534,62.94401539387593,60.64918489316551,61.598175048828125,467700,0.0,0.0
2022-10-11 00:00:00-04:00,61.56367495532915,63.53067471074701,61.25309535373384,61.486026763916016,741600,0.0,0.0
2022-10-12 00:00:00-04:00,61.54639933064465,61.95187850502359,60.89073732044101,61.201316833496094,497200,0.0,0.0
2022-10-13 00:00:00-04:00,59.967647600492654,63.306368594174856,59.07041833146885,62.460906982421875,406900,0.0,0.0
2022-10-14 00:00:00-04:00,62.918143739131565,63.53930293434597,61.54641608602833,62.115814208984375,635600,0.0,0.0
2022-10-17 00:00:00-04:00,63.03030285823324,63.556562432541746,62.39189208590284,62.926780700683594,691800,0.0,0.0
2022-10-18 00:00:00-04:00,64.22946871731492,65.0317981727467,62.978527986020204,63.50478744506836,571000,0.0,0.0
2022-10-19 00:00:00-04:00,62.97852284448309,63.116561122419476,61.61542446898442,62.58167266845703,434000,0.0,0.0
2022-10-20 00:00:00-04:00,62.98715772726676,64.02241857974744,61.25308954643506,61.52915954589844,360300,0.0,0.0
2022-10-21 00:00:00-04:00,61.580929246124725,63.89301828399198,61.434268478170004,63.798118591308594,456200,0.0,0.0
2022-10-24 00:00:00-04:00,63.96202736350864,64.46240628573972,62.305607395462175,62.77147674560547,511100,0.0,0.0
2022-10-25 00:00:00-04:00,62.77146353233781,64.67807256016242,62.77146353233781,64.35023498535156,462700,0.0,0.0
2022-10-26 00:00:00-04:00,64.17770168090826,65.76510894899523,63.51341057646589,64.07417297363281,584200,0.0,0.0
2022-10-27 00:00:00-04:00,64.40200313798036,65.109432767448,63.245955744249386,63.46163558959961,1055800,0.0,0.0
2022-10-28 00:00:00-04:00,56.559890070217165,61.27033789665671,56.07676924146264,60.22644805908203,2634200,0.0,0.0
2022-10-31 00:00:00-04:00,59.812357739413876,60.217837047191196,58.28534020084945,58.55278778076172,1251300,0.0,0.0
2022-11-01 00:00:00-04:00,59.19118652465696,59.67430734741169,57.10340687543541,57.741817474365234,1050000,0.0,0.0
2022-11-02 00:00:00-04:00,57.22419177002672,58.87198275809952,56.17167282104492,56.17167282104492,862400,0.0,0.0
2022-11-03 00:00:00-04:00,55.852463118772,56.95674311524633,54.79131844259482,55.239933013916016,941300,0.0,0.0
2022-11-04 00:00:00-04:00,56.61165597605525,57.457117400366684,55.283067155824135,56.2061767578125,782600,0.0,0.0
2022-11-07 00:00:00-05:00,56.490881779199896,57.086153821889674,56.06814444006751,56.98263168334961,752600,0.0,0.0
2022-11-08 00:00:00-05:00,57.79358381854817,58.40611394107494,56.456372395689385,57.310462951660156,503600,0.0,0.0
2022-11-09 00:00:00-05:00,56.55989290289012,56.73244076610671,54.8689633355353,55.239933013916016,639500,0.0,0.0
2022-11-10 00:00:00-05:00,57.077527218329095,60.321347909463775,56.90497936325109,60.295467376708984,662300,0.0,0.0
2022-11-11 00:00:00-05:00,60.87348435285338,63.38400119697686,60.692314052044566,63.14244079589844,678300,0.0,0.0
2022-11-14 00:00:00-05:00,62.50403197302681,62.96990134378327,60.7440897928733,60.75271224975586,620700,0.0,0.0
2022-11-15 00:00:00-05:00,62.150323659344814,63.901643475530186,61.615435112980975,63.875762939453125,701200,0.0,0.0
2022-11-16 00:00:00-05:00,62.53853630843464,63.16832445560312,60.80447480822953,60.9166259765625,744800,0.0,0.0
2022-11-17 00:00:00-05:00,59.70018494993201,61.39974336632232,59.061774382332736,61.39112091064453,1002200,0.0,0.0
2022-11-18 00:00:00-05:00,63.202833195039645,64.96278178666054,62.86637311243848,64.59181213378906,1112100,0.0,0.0
2022-11-21 00:00:00-05:00,63.867114751982264,64.85061432021713,62.055405367445736,63.46163558959961,839800,0.0,0.0
2022-11-22 00:00:00-05:00,64.19496467765516,65.1180743300381,63.91026564734314,65.08356475830078,593800,0.0,0.0
2022-11-23 00:00:00-05:00,64.93689669844552,65.56668485697976,64.32436661659864,64.96278381347656,343900,0.0,0.0
2022-11-25 00:00:00-05:00,64.63496123653353,65.54081959487955,64.63496123653353,64.81613159179688,226100,0.0,0.0
2022-11-28 00:00:00-05:00,64.07539462004094,65.02524414405414,63.53511946084329,63.604827880859375,504600,0.75,0.0
2022-11-29 00:00:00-05:00,63.76171378247143,64.62442320542988,63.387003422062676,63.72685623168945,533200,0.0,0.0
2022-11-30 00:00:00-05:00,63.84883333770644,63.85754938463505,61.84457468985433,63.64841079711914,655900,0.0,0.0
2022-12-01 00:00:00-05:00,63.77042095077297,64.7115547456179,63.39571064255122,63.674564361572266,481800,0.0,0.0
2022-12-02 00:00:00-05:00,63.07328886627813,64.32813403623527,62.73343607414769,63.73556900024414,445000,0.0,0.0
2022-12-05 00:00:00-05:00,62.81184236590315,63.29983456182631,61.70513723078381,63.03840637207031,697200,0.0,0.0
2022-12-06 00:00:00-05:00,63.00356552645542,63.52641534090149,61.417583988544564,62.07114791870117,578300,0.0,0.0
2022-12-07 00:00:00-05:00,61.914288134181795,63.482837471740915,61.7312843954907,62.56785202026367,388300,0.0,0.0
2022-12-08 00:00:00-05:00,62.68986170764059,63.75299355659103,62.55043152818622,63.09071350097656,407800,0.0,0.0
2022-12-09 00:00:00-05:00,62.46329029589339,63.85755883295415,62.00143946627921,62.559146881103516,384000,0.0,0.0
2022-12-12 00:00:00-05:00,62.716005895449186,63.82270473667196,62.167007850785204,63.561283111572266,529700,0.0,0.0
2022-12-13 00:00:00-05:00,65.34769386831327,65.63526366756732,62.49815732118989,62.89029312133789,787000,0.0,0.0
2022-12-14 00:00:00-05:00,62.925149051037515,63.447998987239544,61.46116524063326,61.931732177734375,451900,0.0,0.0
2022-12-15 00:00:00-05:00,60.81630480247674,61.583150775927685,60.3893115506549,60.99930191040039,631100,0.0,0.0
2022-12-16 00:00:00-05:00,60.15402175179063,61.07772329204934,59.85774263449857,60.39801788330078,776700,0.0,0.0
2022-12-19 00:00:00-05:00,60.39802960567607,60.95573705691242,59.866463652404356,60.528743743896484,609600,0.0,0.0
2022-12-20 00:00:00-05:00,60.44160046018971,61.347876689448476,59.81417794390311,60.546173095703125,767700,0.0,0.0
2022-12-21 00:00:00-05:00,61.4263002832221,62.742144338539816,60.83373532075557,61.792301177978516,525500,0.0,0.0
2022-12-22 00:00:00-05:00,61.234578772652085,62.78570938110351,61.130012801301966,62.785709381103516,560900,0.0,0.0
2022-12-23 00:00:00-05:00,62.68114385923091,63.92727279663086,62.22800908581124,63.92727279663086,368600,0.0,0.0
2022-12-27 00:00:00-05:00,64.09285151604564,65.86183050912155,63.665851543070644,65.82697296142578,751600,0.0,0.0
2022-12-28 00:00:00-05:00,65.8182463521889,66.35852828219146,63.75298850765562,64.59825897216797,648500,0.0,0.0
2022-12-29 00:00:00-05:00,64.99910570321438,65.9489553689195,64.82482465458386,65.67881774902344,515700,0.0,0.0
2022-12-30 00:00:00-05:00,65.26055198108364,65.84440096877277,64.65927089467077,65.01655578613281,436000,0.0,0.0
2023-01-03 00:00:00-05:00,65.5219740372407,66.12324841801617,64.6418392906137,65.18212127685547,651600,0.0,0.0
2023-01-04 00:00:00-05:00,65.57425428570649,68.56322056094433,65.57425428570649,68.16236877441406,535500,0.0,0.0
2023-01-05 00:00:00-05:00,67.49137411108687,68.46736542617404,66.85524219774723,68.32794189453125,575100,0.0,0.0
2023-01-06 00:00:00-05:00,68.84207597150971,69.66121166118938,68.24951100100895,68.86821746826172,474900,0.0,0.0
2023-01-09 00:00:00-05:00,68.89434538360548,72.25802136947176,67.77021470609515,72.10116577148438,867400,0.0,0.0
2023-01-10 00:00:00-05:00,71.66546164496404,72.53688021873003,70.21891026967847,71.11647033691406,504200,0.0,0.0
2023-01-11 00:00:00-05:00,71.60446946478179,72.64145979431174,71.19490163216419,72.61531829833984,734300,0.0,0.0
2023-01-12 00:00:00-05:00,72.84189240623544,72.84189240623544,71.32562559522319,72.1970443725586,429600,0.0,0.0
2023-01-13 00:00:00-05:00,72.24932718877845,73.16431282942816,72.21446964317317,72.99874114990234,295200,0.0,0.0
2023-01-17 00:00:00-05:00,72.5020446360054,73.11204181142354,71.43891923868452,71.47377014160156,683000,0.0,0.0
2023-01-18 00:00:00-05:00,71.78745815988366,72.44973812316448,70.0271956042641,70.05333709716797,515700,0.0,0.0
2023-01-19 00:00:00-05:00,69.46948467676815,70.12304855922888,68.81592079430743,69.05120086669922,548400,0.0,0.0
2023-01-20 00:00:00-05:00,69.02506602010308,71.22104459967683,68.5980727706734,70.90733337402344,401700,0.0,0.0
2023-01-23 00:00:00-05:00,70.94219652714773,72.95517151065411,70.87248143851109,72.7808837890625,620400,0.0,0.0
2023-01-24 00:00:00-05:00,72.47587730992421,72.87672903461942,70.12304994589721,70.88117980957031,717600,0.0,0.0
2023-01-25 00:00:00-05:00,70.2537805991631,71.4214785093426,69.82678063344315,71.04676818847656,494200,0.0,0.0
2023-01-26 00:00:00-05:00,69.5305071902542,70.71563729592884,68.9292260878228,70.2276382446289,967800,0.0,0.0
2023-01-27 00:00:00-05:00,70.43676863967039,70.94219303480988,70.13177345239535,70.86376190185547,623000,0.0,0.0
2023-01-30 00:00:00-05:00,70.55006830114321,71.95305316168738,70.52392679975637,71.47377014160156,515100,0.0,0.0
2023-01-31 00:00:00-05:00,71.92689790933561,72.66760245008025,71.07290468637565,72.65017700195312,674100,0.0,0.0
2023-02-01 00:00:00-05:00,72.46718311492411,74.75029588015289,72.31903688144209,74.04444885253906,454700,0.0,0.0
2023-02-02 00:00:00-05:00,74.07930155400341,75.6042841967724,73.76559030704776,74.27972412109375,758000,0.0,0.0
2023-02-03 00:00:00-05:00,73.34730433992868,74.87228693927763,72.7373139595477,73.42573547363281,612200,0.0,0.0
2023-02-06 00:00:00-05:00,70.80276343906687,72.41488656923094,69.21678180396763,70.63719177246094,917400,0.0,0.0
2023-02-07 00:00:00-05:00,70.00978610173209,71.35177190714707,69.6873653873467,70.42807006835938,559500,0.0,0.0
2023-02-08 00:00:00-05:00,69.93135209730264,70.61105763338333,67.5872336191396,67.68309020996094,893800,0.0,0.0
2023-02-09 00:00:00-05:00,68.77235252339857,69.3300598809867,67.552365185526,67.6917953491211,556300,0.0,0.0
2023-02-10 00:00:00-05:00,67.3432422943215,68.27566012353478,67.0295310014649,67.44781494140625,528800,0.0,0.0
2023-02-13 00:00:00-05:00,67.56108907669115,69.06864631570888,67.19509482735629,68.72007751464844,545200,0.0,0.0
2023-02-14 00:00:00-05:00,68.41509745466482,69.41723048644715,67.4565380258115,68.1972427368164,499100,0.0,0.0
2023-02-15 00:00:00-05:00,67.63951499168473,68.80721273940927,67.43036973816086,68.78978729248047,410900,0.0,0.0
2023-02-16 00:00:00-05:00,67.96194945914274,68.96408239567957,67.36067501593885,67.72666931152344,454200,0.0,0.0
2023-02-17 00:00:00-05:00,67.31709630856473,68.61550834345054,67.26481331270539,67.83123016357422,524300,0.0,0.0
2023-02-21 00:00:00-05:00,66.58511222873469,66.76810937488555,63.99699738614816,64.00570678710938,1208900,0.0,0.0
2023-02-22 00:00:00-05:00,63.99698888577829,65.3302583794992,63.86627475634752,64.10155487060547,854000,0.0,0.0
2023-02-23 00:00:00-05:00,63.76171429782463,64.77256333347815,63.50029263744387,64.24099731445312,1558700,0.0,0.0
2023-02-24 00:00:00-05:00,61.896858807883966,66.63737786767608,61.76614469514489,64.32811737060547,1794600,0.0,0.0
2023-02-27 00:00:00-05:00,64.95556119055576,65.60040927119147,64.24971405700042,64.53727722167969,1167300,0.0,0.0
2023-02-28 00:00:00-05:00,64.6243946986883,66.41951455752019,64.6243946986883,65.69623565673828,985400,0.0,0.0
2023-03-01 00:00:00-05:00,65.62653139193792,66.5589490102908,64.65925623243959,65.67010498046875,771600,0.0,0.0
2023-03-02 00:00:00-05:00,65.12983214636654,66.22782157615397,65.12983214636654,65.85311126708984,511400,0.0,0.0
2023-03-03 00:00:00-05:00,66.34111058742867,66.42825778580125,65.14727109113875,65.55683898925781,600600,0.0,0.0
2023-03-06 00:00:00-05:00,65.3543772861758,65.81207502083583,63.51477581555992,63.849246978759766,809100,0.75,0.0
2023-03-07 00:00:00-05:00,64.07810736584344,65.16074191233848,63.8052427382725,63.85805892944336,724300,0.0,0.0
2023-03-08 00:00:00-05:00,63.86686150229984,64.54461450505772,63.558795008021676,64.47419738769531,944600,0.0,0.0
2023-03-09 00:00:00-05:00,64.58860735171334,65.00229943995345,63.00426281748826,63.197906494140625,535700,0.0,0.0
2023-03-10 00:00:00-05:00,63.04826924668317,63.04826924668317,61.10304207014427,61.63115692138672,665200,0.0,0.0
2023-03-13 00:00:00-04:00,60.51331965069925,62.1680814650777,60.01160948729999,60.99742889404297,1082300,0.0,0.0
2023-03-14 00:00:00-04:00,62.25609810006337,62.696194912910194,61.243874087446784,61.675167083740234,929500,0.0,0.0
2023-03-15 00:00:00-04:00,60.196450213662,62.00085009294717,60.029211251728086,61.860015869140625,1035600,0.0,0.0
2023-03-16 00:00:00-04:00,61.37590667030619,62.212087958494685,60.89179747271623,61.63115692138672,712400,0.0,0.0
2023-03-17 00:00:00-04:00,61.323110512694896,62.1240902257009,60.31968995301162,61.78081512451172,2333000,0.0,0.0
2023-03-20 00:00:00-04:00,62.09766599203191,62.352916246365645,61.09424574727906,62.03605270385742,722300,0.0,0.0
2023-03-21 00:00:00-04:00,63.10109142951486,63.523580664523244,62.08006346677819,62.77541732788086,490000,0.0,0.0
2023-03-22 00:00:00-04:00,62.58176876367144,63.708415589872075,62.273702321404826,62.31771469116211,616200,0.0,0.0
2023-03-23 00:00:00-04:00,62.72260750099133,63.29473477239959,61.111851352599636,61.69277572631836,647000,0.0,0.0
2023-03-24 00:00:00-04:00,61.31429529831193,62.15047661262185,60.83898990274228,61.53434371948242,672700,0.0,0.0
2023-03-27 00:00:00-04:00,61.965629962991905,61.965629962991905,60.75976232942689,61.305484771728516,778800,0.0,0.0
2023-03-28 00:00:00-04:00,61.75439506657435,62.845833406995744,61.49913808008112,62.20328903198242,522400,0.0,0.0
2023-03-29 00:00:00-04:00,62.55536135041422,62.55536135041422,60.17884122282787,60.742164611816406,935900,0.0,0.0
2023-03-30 00:00:00-04:00,60.79496620764242,61.9304166552148,60.77736529197918,61.41990280151367,634900,0.0,0.0
2023-03-31 00:00:00-04:00,61.719175799337926,63.32992493539009,61.490323589901955,63.30352020263672,574100,0.0,0.0
2023-04-03 00:00:00-04:00,63.567592286015895,63.92846822351214,62.88104225073675,63.82284927368164,911400,0.0,0.0
2023-04-04 00:00:00-04:00,64.16612091868163,64.19252565475139,62.16807749503444,63.04827117919922,538500,0.0,0.0
2023-04-05 00:00:00-04:00,62.502552243003535,62.54655789578717,61.38470255985549,62.115264892578125,635000,0.0,0.0
2023-04-06 00:00:00-04:00,61.9832396447384,62.44974123807505,61.04143264064032,61.877620697021484,409300,0.0,0.0
2023-04-10 00:00:00-04:00,61.71038227956116,62.94265483129182,61.71038227956116,62.326515197753906,521100,0.0,0.0
2023-04-11 00:00:00-04:00,62.616971884063325,64.18371541053456,62.56416241721191,63.770023345947266,459700,0.0,0.0
2023-04-12 00:00:00-04:00,64.44776985348686,64.65901441551473,62.47613827209184,62.60816192626953,747900,0.0,0.0
2023-04-13 00:00:00-04:00,62.68739474308583,62.68739474308583,61.68397448865042,62.06245803833008,579200,0.0,0.0
2023-04-14 00:00:00-04:00,62.317716956934746,62.81942709982312,61.34949850982996,61.736785888671875,548600,0.0,0.0
2023-04-17 00:00:00-04:00,61.79839634035032,62.124070413537304,60.4428972920202,60.54852294921875,584900,0.0,0.0
2023-04-18 00:00:00-04:00,60.64534757552515,61.78079826002938,60.12602979795576,61.736785888671875,674600,0.0,0.0
2023-04-19 00:00:00-04:00,61.6927698973601,62.01844396639891,60.52211744287443,62.0008430480957,664100,0.0,0.0
2023-04-20 00:00:00-04:00,62.000861676173855,62.61699473207216,61.3143114952167,62.124088287353516,510100,0.0,0.0
2023-04-21 00:00:00-04:00,62.308920005282395,62.8634396826251,61.80720980711164,62.78422546386719,491500,0.0,0.0
2023-04-24 00:00:00-04:00,62.81943054790135,63.94607747690528,62.30891655965101,63.75243377685547,1298400,0.0,0.0
2023-04-25 00:00:00-04:00,63.312325671574555,63.312325671574555,59.369055404084826,59.721134185791016,1124200,0.0,0.0
2023-04-26 00:00:00-04:00,59.85317569158126,60.38129060461435,59.245839848153196,59.42188262939453,1005700,0.0,0.0
2023-04-27 00:00:00-04:00,59.59791877765913,60.95341797603626,58.88496397984637,60.6629524230957,964000,0.0,0.0
2023-04-28 00:00:00-04:00,62.84584553173285,63.946087901982565,61.09426155859233,61.41112518310547,2376100,0.0,0.0
2023-05-01 00:00:00-04:00,60.55732702262398,61.560747266553285,59.22823270412841,59.738746643066406,1075300,0.0,0.0
2023-05-02 00:00:00-04:00,59.05219075857341,59.59791325761197,58.10158668798458,59.377864837646484,749700,0.0,0.0
2023-05-03 00:00:00-04:00,59.10500035717201,60.601326759999004,59.087392724944436,59.39546585083008,773800,0.0,0.0
2023-05-04 00:00:00-04:00,59.034595330035444,59.46588839298216,58.418462382968706,58.77053451538086,695600,0.0,0.0
2023-05-05 00:00:00-04:00,59.694738958453705,60.74217165410867,59.54510763488736,60.60133743286133,473600,0.0,0.0
2023-05-08 00:00:00-04:00,60.698159511422716,61.0942507236747,59.210629941744,59.77396011352539,553900,0.0,0.0
2023-05-09 00:00:00-04:00,59.1930232729933,59.659524835485165,58.77052736402549,59.31624984741211,503300,0.0,0.0
2023-05-10 00:00:00-04:00,60.12603152689868,60.12603152689868,57.71430258781726,58.277626037597656,535200,0.0,0.0
2023-05-11 00:00:00-04:00,58.28642512620899,59.61551943051862,58.26881749245023,58.39204406738281,558600,0.0,0.0
2023-05-12 00:00:00-04:00,58.38325218379918,58.64730627567802,56.746091295838305,57.06296157836914,771000,0.0,0.0
2023-05-15 00:00:00-04:00,57.30060845250664,57.34462082358747,56.05073501181282,56.1651611328125,881700,0.0,0.0
2023-05-16 00:00:00-04:00,55.58422937496603,56.52603629549128,55.144132557611336,55.34657669067383,976100,0.0,0.0
2023-05-17 00:00:00-04:00,55.39938942874467,56.86931463143336,55.29376712649542,56.420413970947266,761600,0.0,0.0
2023-05-18 00:00:00-04:00,56.42921416038477,57.33581252489162,56.18276101842304,57.22138977050781,637800,0.0,0.0
2023-05-19 00:00:00-04:00,56.92212429136496,57.027749951634846,55.41699388807984,55.478607177734375,561100,0.0,0.0
2023-05-22 00:00:00-04:00,55.46099798223355,56.702070840119156,55.284961946074475,56.51723098754883,697600,0.0,0.0
2023-05-23 00:00:00-04:00,56.3675999832429,57.503050553900714,56.2883824234837,56.798892974853516,635500,0.0,0.0
2023-05-24 00:00:00-04:00,57.19498090864429,57.31820747073264,55.49620369893267,56.93972396850586,882700,0.0,0.0
2023-05-25 00:00:00-04:00,57.08055824055847,57.81112059941795,55.18814386187279,55.43459701538086,681200,0.0,0.0
2023-05-26 00:00:00-04:00,55.34551992947651,56.11161006469785,55.02483071955694,55.76419448852539,773500,0.75,0.0
2023-05-30 00:00:00-04:00,55.85327703705709,56.2363221068938,54.91793576811558,56.1828727722168,1100000,0.0,0.0
2023-05-31 00:00:00-04:00,55.87108917875011,56.09378962554278,54.053852717368514,55.38114547729492,884600,0.0,0.0
2023-06-01 00:00:00-04:00,55.20298913210104,55.479135517786624,54.03603754022884,54.76649475097656,757300,0.0,0.0
2023-06-02 00:00:00-04:00,55.76418782826334,56.69953237819457,55.505857905028186,56.361026763916016,689800,0.0,0.0
2023-06-05 00:00:00-04:00,56.165055179788695,57.002411081923036,55.300979708070884,55.8265495300293,875800,0.0,0.0
2023-06-06 00:00:00-04:00,55.977983922735504,58.881996226806365,55.764190000615486,58.392059326171875,1376100,0.0,0.0
2023-06-07 00:00:00-04:00,58.81073733251611,60.24492890802448,58.72165850346098,60.057861328125,708100,0.0,0.0
2023-06-08 00:00:00-04:00,59.59463748195374,59.59463748195374,58.49894835660015,58.712745666503906,658400,0.0,0.0
2023-06-09 00:00:00-04:00,58.899818472505146,59.78171036666735,58.81073285395505,59.77280044555664,934300,0.0,0.0
2023-06-12 00:00:00-04:00,59.683721623285045,60.298377050632475,59.16705493931992,59.77280044555664,1130500,0.0,0.0
2023-06-13 00:00:00-04:00,59.897514251323464,60.61906836840526,59.594644885749396,60.44981384277344,851800,0.0,0.0
2023-06-14 00:00:00-04:00,60.61015963683634,61.581130406297945,60.55671369981023,61.53659439086914,939900,0.0,0.0
2023-06-15 00:00:00-04:00,61.313889128664286,63.07767287534414,61.14463461294957,62.98859405517578,998500,0.0,0.0
2023-06-16 00:00:00-04:00,63.336017154027964,63.460728883066245,61.456424499734474,62.151248931884766,1222800,0.0,0.0
2023-06-20 00:00:00-04:00,61.95526318083509,63.416177477653505,61.62566409332588,62.534278869628906,985200,0.0,0.0
2023-06-21 00:00:00-04:00,62.02652822699544,62.39176023509738,60.64578948494112,60.743778228759766,611200,0.0,0.0
2023-06-22 00:00:00-04:00,60.89521409493016,61.22481322113926,59.34522080217232,59.612457275390625,590700,0.0,0.0
2023-06-23 00:00:00-04:00,58.82855684112969,59.31849379628276,57.97338785376746,58.035743713378906,918000,0.0,0.0
2023-06-26 00:00:00-04:00,58.42768924142637,60.7348695339061,58.3564302596201,59.469932556152344,852100,0.0,0.0
2023-06-27 00:00:00-04:00,59.567928458473695,62.87280285607743,59.41648696277926,61.7949333190918,952700,0.0,0.0
2023-06-28 00:00:00-04:00,61.44750814643986,61.812733332496926,60.806129794431484,61.57221984863281,793100,0.0,0.0
2023-06-29 00:00:00-04:00,61.786009872272224,62.863879173321656,61.32278915674212,62.748077392578125,843000,0.0,0.0
2023-06-30 00:00:00-04:00,63.05986157594766,65.15324449112232,62.48974895554975,64.67221069335938,1515200,0.0,0.0
2023-07-03 00:00:00-04:00,64.74347148840151,66.88139704853384,64.69002555818855,66.64087677001953,691100,0.0,0.0
2023-07-05 00:00:00-04:00,66.08859725692909,66.53399822122427,64.25354066256295,64.8860092163086,976500,0.0,0.0
2023-07-06 00:00:00-04:00,64.44060191909901,64.96617853938143,63.57652984215788,64.75238800048828,665200,0.0,0.0
2023-07-07 00:00:00-04:00,64.55640356515048,65.20668503326206,63.157845096970384,63.5497932434082,1232100,0.0,0.0
2023-07-10 00:00:00-04:00,63.647785479955644,65.08197691238473,62.81043641483906,62.98859405517578,1005900,0.0,0.0
2023-07-11 00:00:00-04:00,63.38054446627036,65.48283709335354,62.95295664538994,65.23341369628906,759500,0.0,0.0
2023-07-12 00:00:00-04:00,66.05295995676344,67.13082940288204,65.31359277426161,66.50727081298828,646000,0.0,0.0
2023-07-13 00:00:00-04:00,66.47163920111743,67.30898835275394,65.84807380295172,66.10640716552734,454200,0.0,0.0
2023-07-14 00:00:00-04:00,66.01732158836899,66.01732158836899,64.31588689726166,65.49174499511719,538000,0.0,0.0
2023-07-17 00:00:00-04:00,65.22451184736457,65.49174832174141,64.2713541499019,64.89491271972656,481200,0.0,0.0
2023-07-18 00:00:00-04:00,64.95726848912332,66.1509464878222,64.43169866616243,65.44721221923828,617100,0.0,0.0
2023-07-19 00:00:00-04:00,65.59864871182307,66.64979518304305,65.215603638507,66.43600463867188,817700,0.0,0.0
2023-07-20 00:00:00-04:00,66.89029373639458,67.12190407216139,65.8926002216035,66.9971923828125,1013900,0.0,0.0
2023-07-21 00:00:00-04:00,67.24662100950843,67.48714128364985,66.02622698331388,66.83685302734375,581600,0.0,0.0
2023-07-24 00:00:00-04:00,66.58744122586596,67.17537373502401,66.33801778426401,66.87249755859375,717100,0.0,0.0
2023-07-25 00:00:00-04:00,67.04175611111121,67.29117956766454,66.10641135275674,66.90813446044922,499200,0.0,0.0
2023-07-26 00:00:00-04:00,66.93485294469119,68.12853100197225,66.50727184676889,67.14864349365234,894300,0.0,0.0
2023-07-27 00:00:00-04:00,67.31790386832793,68.05727112648742,66.45382487942824,66.56963348388672,1032700,0.0,0.0
2023-07-28 00:00:00-04:00,66.35582874690331,67.56731982200328,64.79692548959015,67.27335357666016,1523900,0.0,0.0
2023-07-31 00:00:00-04:00,67.29115452826916,68.02161157763105,66.39144299796395,66.81903076171875,851500,0.0,0.0
2023-08-01 00:00:00-04:00,66.67651733224945,67.28226286409023,66.34692499628528,66.49835968017578,711600,0.0,0.0
2023-08-02 00:00:00-04:00,65.75007749543627,66.6141563132315,65.10869912361804,65.96387481689453,837400,0.0,0.0
2023-08-03 00:00:00-04:00,66.14202595209984,68.40466307631758,65.31358010266688,68.19977569580078,1073100,0.0,0.0
2023-08-04 00:00:00-04:00,68.59173843532948,68.59173843532948,66.4716326030795,67.15754699707031,815900,0.0,0.0
2023-08-07 00:00:00-04:00,67.37134345949669,67.55841103797061,65.4828478313147,65.82135009765625,667000,0.0,0.0
2023-08-08 00:00:00-04:00,65.06417092697647,66.37365079400587,64.35152669574389,66.32019805908203,519000,0.0,0.0
2023-08-09 00:00:00-04:00,66.04404904279139,66.53399278197422,65.41158054075096,65.45612335205078,536200,0.0,0.0
2023-08-10 00:00:00-04:00,65.6877234337965,66.37364463202735,64.38715360937621,64.592041015625,707300,0.0,0.0
2023-08-11 00:00:00-04:00,64.25353976867972,65.4739408405311,64.25353976867972,65.35813903808594,627200,0.0,0.0
2023-08-14 00:00:00-04:00,64.89491823574674,65.54520662493394,64.48515016984932,65.35813903808594,523300,0.0,0.0
2023-08-15 00:00:00-04:00,64.6187710653395,65.58083875475597,63.53199165280747,63.61216735839844,568100,0.0,0.0
2023-08-16 00:00:00-04:00,63.817042885820506,65.16215555899879,63.754687029250846,63.95066452026367,527500,0.0,0.0
2023-08-17 00:00:00-04:00,64.64548912858783,64.9929013017957,63.21129762533328,63.638885498046875,404000,0.0,0.0
2023-08-18 00:00:00-04:00,63.31820344076284,63.932852157062406,63.104406082130474,63.71015167236328,579500,0.0,0.0
2023-08-21 00:00:00-04:00,63.87939138794414,64.20899047545333,62.471923020238286,62.534278869628906,712000,0.0,0.0
2023-08-22 00:00:00-04:00,61.964171586048536,62.471928344727715,61.16245539591816,61.884002685546875,538400,0.0,0.0
2023-08-23 00:00:00-04:00,61.61676388339939,62.792622083127654,61.01992825999255,62.516475677490234,498100,0.0,0.0
2023-08-24 00:00:00-04:00,62.28486469435014,62.76589851642172,61.46532861064842,61.53659439086914,545100,0.0,0.0
2023-08-25 00:00:00-04:00,61.9998007141092,62.51646736249397,61.002107099328164,61.18917465209961,632400,0.0,0.0
2023-08-28 00:00:00-04:00,61.20699015371717,62.43629417682257,61.20699015371717,62.427391052246094,721900,0.0,0.0
2023-08-29 00:00:00-04:00,62.4003851365032,63.18376216375718,61.98617741865864,63.17476272583008,516900,0.75,0.0
2023-08-30 00:00:00-04:00,63.19277380286474,64.2823035565589,62.850609648169225,63.994163513183594,515600,0.0,0.0
2023-08-31 00:00:00-04:00,64.15624167517072,64.66949133378006,63.74204079890706,64.44438171386719,592600,0.0,0.0
2023-09-01 00:00:00-04:00,64.58845271695007,64.60645846314759,63.7960624882561,63.868099212646484,483600,0.0,0.0
2023-09-05 00:00:00-04:00,63.381848480451865,63.55293394794084,60.88763752655869,60.896636962890625,904600,0.0,0.0
2023-09-06 00:00:00-04:00,60.599499203342376,61.103742443565956,59.536981754443445,60.33837127685547,714200,0.0,0.0
2023-09-07 00:00:00-04:00,60.33837967370279,60.71656215649934,59.69906922808008,59.73508071899414,955600,0.0,0.0
2023-09-08 00:00:00-04:00,59.82512813154007,59.82512813154007,58.90667713737418,59.14979934692383,670200,0.0,0.0
2023-09-11 00:00:00-04:00,59.14979627675353,59.42892996157058,58.528491628819516,58.618534088134766,667800,0.0,0.0
2023-09-12 00:00:00-04:00,58.537499063357124,61.68903328869701,58.11429193964357,61.60799026489258,1352600,0.0,0.0
2023-09-13 00:00:00-04:00,61.734051613194104,62.05820997159007,60.4554307938542,61.490936279296875,660700,0.0,0.0
2023-09-14 00:00:00-04:00,62.112241802087446,62.84159468364857,61.87812590228034,62.80557632446289,617900,0.0,0.0
2023-09-15 00:00:00-04:00,62.72454135288075,63.21977834398481,62.31933995674138,62.36436462402344,1032000,0.0,0.0
2023-09-18 00:00:00-04:00,62.085218668130906,62.085218668130906,60.68954341082432,61.301841735839844,615400,0.0,0.0
2023-09-19 00:00:00-04:00,61.175788322802056,61.589989170743614,60.71656280603644,61.22080612182617,551700,0.0,0.0
2023-09-20 00:00:00-04:00,61.44591125360958,62.148252069420856,61.27483263809109,61.544960021972656,519400,0.0,0.0
2023-09-21 00:00:00-04:00,61.04071855272944,62.65250407593638,60.67153551973917,62.40938186645508,719100,0.0,0.0
2023-09-22 00:00:00-04:00,62.742556157766174,62.868617000599116,61.427916746936425,61.571983337402344,529400,0.0,0.0
2023-09-25 00:00:00-04:00,60.89664862924402,61.61700212212778,60.80660616008356,61.013710021972656,499000,0.0,0.0
2023-09-26 00:00:00-04:00,60.626516241969824,62.4634113151229,60.626516241969824,61.38288116455078,863400,0.0,0.0
2023-09-27 00:00:00-04:00,61.63499884172371,61.94115143579391,60.54546932390137,61.5179443359375,719400,0.0,0.0
2023-09-28 00:00:00-04:00,61.526959882022155,62.80558081034088,61.058728048964554,62.481422424316406,433500,0.0,0.0
2023-09-29 00:00:00-04:00,63.399878072277154,63.49891998704466,61.553976399654694,62.265323638916016,627400,0.0,0.0
2023-10-02 00:00:00-04:00,62.13024664981492,62.51743541822169,61.031710754809694,61.38288116455078,580300,0.0,0.0
2023-10-03 00:00:00-04:00,60.932661756842045,61.157771345306635,58.690572179278625,59.744083404541016,774800,0.0,0.0
2023-10-04 00:00:00-04:00,59.86114526530575,59.86114526530575,58.92468854543797,59.48295593261719,327500,0.0,0.0
2023-10-05 00:00:00-04:00,59.29387266515086,59.78011026980208,58.41144679988786,59.392921447753906,519800,0.0,0.0
2023-10-06 00:00:00-04:00,58.98771977895321,59.89715759004696,58.15931125418125,59.13178634643555,403400,0.0,0.0
2023-10-09 00:00:00-04:00,58.807627352698475,59.58200489529866,58.62754242782381,59.49196243286133,495700,0.0,0.0
2023-10-10 00:00:00-04:00,59.75309039548428,60.563486297191474,59.23984080270297,59.52798080444336,495900,0.0,0.0
2023-10-11 00:00:00-04:00,59.49195811333254,59.753086044300765,58.71758062695753,59.6450309753418,510200,0.0,0.0
2023-10-12 00:00:00-04:00,59.33889733965898,59.518982288144564,57.520011193772746,57.75412368774414,580400,0.0,0.0
2023-10-13 00:00:00-04:00,57.628052382158785,59.51897147698853,57.48398238859937,59.14078903198242,803600,0.0,0.0
2023-10-16 00:00:00-04:00,59.690069668324504,60.63552598219832,59.06876489792125,60.122276306152344,584900,0.0,0.0
2023-10-17 00:00:00-04:00,60.05923002303363,62.53543527221086,60.05923002303363,62.49041748046875,807600,0.0,0.0
2023-10-18 00:00:00-04:00,61.8691147842304,62.52643776610778,61.40988932757083,61.662017822265625,504000,0.0,0.0
2023-10-19 00:00:00-04:00,61.436905413950825,61.89612397963378,60.71655205906971,60.896636962890625,493500,0.0,0.0
2023-10-20 00:00:00-04:00,61.13076552197621,61.3198567711755,60.23032707637951,60.383399963378906,386100,0.0,0.0
2023-10-23 00:00:00-04:00,59.91516591624844,60.26633630723906,59.06875170729715,59.5009651184082,520200,0.0,0.0
2023-10-24 00:00:00-04:00,60.095256547767825,60.23932998844537,58.57352033195991,58.735599517822266,813200,0.0,0.0
2023-10-25 00:00:00-04:00,58.294381217012315,59.068758805534806,57.78113159390321,57.91619873046875,894600,0.0,0.0
2023-10-26 00:00:00-04:00,57.790134442598735,58.47446952238338,57.35792444031885,57.82615280151367,958500,0.0,0.0
2023-10-27 00:00:00-04:00,57.07879091723555,60.47344760909257,56.07930372104846,57.92520523071289,1976200,0.0,0.0
2023-10-30 00:00:00-04:00,58.44746109230001,59.69006363776421,57.763125970111055,59.59101486206055,901600,0.0,0.0
2023-10-31 00:00:00-04:00,59.56400119004111,60.69855549103421,59.14980035280866,60.473445892333984,688600,0.0,0.0
2023-11-01 00:00:00-04:00,60.40141012041065,60.40141012041065,58.9607100400675,59.843135833740234,1002800,0.0,0.0
2023-11-02 00:00:00-04:00,60.35637718111431,62.013187198818066,60.158279659125924,61.968162536621094,916400,0.0,0.0
2023-11-03 00:00:00-04:00,62.688520859501686,63.53492824324045,62.07622250222286,63.32783126831055,838300,0.0,0.0
2023-11-06 00:00:00-05:00,63.11172509481672,63.11172509481672,61.22080580072315,61.41890335083008,633700,0.0,0.0
2023-11-07 00:00:00-05:00,61.15776964090726,62.28331755186241,60.89664170118976,62.24729919433594,706800,0.0,0.0
2023-11-08 00:00:00-05:00,62.3823633235973,62.7065216559785,61.38287627705511,61.968162536621094,583200,0.0,0.0
2023-11-09 00:00:00-05:00,62.3463559388403,62.3463559388403,60.24833958537432,60.69855880737305,608900,0.0,0.0
2023-11-10 00:00:00-05:00,60.90566041239628,61.92315345800012,60.03223395644046,61.73406219482422,472000,0.0,0.0
2023-11-13 00:00:00-05:00,61.31984609462252,62.05820521666224,60.842614900716214,62.0492057800293,503200,0.0,0.0
2023-11-14 00:00:00-05:00,63.61597572842033,66.1371991818056,63.61597572842033,64.77754211425781,597800,0.0,0.0
2023-11-15 00:00:00-05:00,65.18273426931206,67.1276844822575,65.18273426931206,65.65996551513672,814000,0.0,0.0
2023-11-16 00:00:00-05:00,64.84957248745717,65.0566763483716,62.33735532164302,62.63449478149414,653900,0.0,0.0
2023-11-17 00:00:00-05:00,63.45389522811068,64.37233937457034,62.913633561381474,63.5799560546875,670900,0.0,0.0
2023-11-20 00:00:00-05:00,63.74203389960492,63.841082671229785,62.094230011445326,62.45440673828125,718900,0.0,0.0
2023-11-21 00:00:00-05:00,62.02219330604955,62.02219330604955,60.21231710369691,60.824615478515625,937800,0.0,0.0
2023-11-22 00:00:00-05:00,61.040717241211844,61.7250523182709,60.57248544698215,61.35586929321289,722600,0.0,0.0
2023-11-24 00:00:00-05:00,61.35586607642268,61.58097565459265,60.83361020631656,60.95967102050781,325900,0.0,0.0
2023-11-27 00:00:00-05:00,60.79578489050737,61.30568389692044,59.912580986250596,61.07805252075195,763500,0.75,0.0
2023-11-28 00:00:00-05:00,60.87773805763358,61.71541988580102,60.449789943072794,61.287471771240234,630500,0.0,0.0
2023-11-29 00:00:00-05:00,61.61525683188845,62.31636533333813,60.9232624769808,61.496891021728516,600600,0.0,0.0
2023-11-30 00:00:00-05:00,61.642563619068405,62.343672031058674,60.45888482822901,62.08872604370117,917500,0.0,0.0
2023-12-01 00:00:00-05:00,62.2890575727027,64.03726499972787,61.77915852975126,64.01905059814453,682100,0.0,0.0
2023-12-04 00:00:00-05:00,64.10100006745984,65.94936582127049,64.02815635628536,64.73836517333984,1081400,0.0,0.0
2023-12-05 00:00:00-05:00,64.57446649126629,64.81120506525323,63.91888702284601,64.29220581054688,653500,0.0,0.0
2023-12-06 00:00:00-05:00,64.63821115769112,65.61247328325756,64.48342347109624,64.92047882080078,488100,0.0,0.0
2023-12-07 00:00:00-05:00,65.0661546378259,66.7688399084825,64.88405230745732,66.486572265625,590300,0.0,0.0
2023-12-08 00:00:00-05:00,66.30446503772751,66.82346428237697,65.85830949854838,66.16788482666016,454200,0.0,0.0
2023-12-11 00:00:00-05:00,66.167889523483,67.58831409394872,66.02220904895954,66.45015716552734,564800,0.0,0.0
2023-12-12 00:00:00-05:00,66.3500064390986,66.3500064390986,65.04795448520629,65.49411010742188,588900,0.0,0.0
2023-12-13 00:00:00-05:00,65.5032085533861,67.39709636764006,65.33931368086083,67.20588684082031,746200,0.0,0.0
2023-12-14 00:00:00-05:00,68.28940356703902,69.10887779919496,67.4153000349918,67.85234832763672,1165500,0.0,0.0
2023-12-15 00:00:00-05:00,67.70667722686126,68.29852019550593,67.00556869659103,67.23320007324219,1198600,0.0,0.0
2023-12-18 00:00:00-05:00,66.96915401520452,68.12551835591645,66.70510078378814,67.76130676269531,520500,0.0,0.0
2023-12-19 00:00:00-05:00,68.05267357479188,69.14530833722549,68.00715146808105,68.58078002929688,438300,0.0,0.0
2023-12-20 00:00:00-05:00,68.53524834517562,69.47309540462929,68.24388047572882,68.47151184082031,409900,0.0,0.0
2023-12-21 00:00:00-05:00,69.07246189909888,69.83729995047659,68.12551458780413,68.89945983886719,601300,0.0,0.0
2023-12-22 00:00:00-05:00,67.8159430170714,68.40777904095263,66.9964686690134,67.76130676269531,454800,0.0,0.0
2023-12-26 00:00:00-05:00,68.0890792269745,69.11797723778845,67.75218931979323,68.70823669433594,382600,0.0,0.0
2023-12-27 00:00:00-05:00,68.96320706339873,69.21815312015569,68.59899543370632,68.68094635009766,463300,0.0,0.0
2023-12-28 00:00:00-05:00,68.28029310821131,68.71734832674713,68.10729801789583,68.46240234375,579200,0.0,0.0
2023-12-29 00:00:00-05:00,68.46241519193511,68.9267781995014,67.91609432954927,68.18925476074219,568300,0.0,0.0
2024-01-02 00:00:00-05:00,67.82503112809394,68.94498036106684,67.51545584467075,68.6627197265625,516600,0.0,0.0
2024-01-03 00:00:00-05:00,67.78861818170064,67.94341279049488,65.74904308245031,65.93115234375,645000,0.0,0.0
2024-01-04 00:00:00-05:00,65.51230018055452,66.94182479005092,65.10256652657282,66.86898803710938,522200,0.0,0.0
2024-01-05 00:00:00-05:00,66.6777822803585,67.8159391017395,66.40462186452388,67.74309539794922,827100,0.0,0.0
2024-01-08 00:00:00-05:00,68.04357092952084,69.09066965491773,67.86146166880461,68.10730743408203,778400,0.0,0.0
2024-01-09 00:00:00-05:00,67.55188806608743,68.6354086712219,67.49725181310212,68.38046264648438,411500,0.0,0.0
2024-01-10 00:00:00-05:00,68.16193307782353,68.38956443142386,67.22409301247139,67.69756317138672,513500,0.0,0.0
2024-01-11 00:00:00-05:00,67.41530407178611,67.65204263008636,66.19519637601508,66.61404418945312,437200,0.0,0.0
2024-01-12 00:00:00-05:00,66.71418886386382,67.0875075891545,65.47588078767966,66.2225112915039,714900,0.0,0.0
2024-01-16 00:00:00-05:00,65.57604588605365,66.39552025580475,64.87494428161902,66.24983978271484,935700,0.0,0.0
2024-01-17 00:00:00-05:00,65.71261591882684,66.5320901615446,65.71261591882684,66.14056396484375,613300,0.0,0.0
2024-01-18 00:00:00-05:00,66.51389685483481,66.51389685483481,64.92957733307983,66.00399780273438,554300,0.0,0.0
2024-01-19 00:00:00-05:00,65.97667996272268,66.67778852049206,65.38483697086453,66.65046691894531,487700,0.0,0.0
2024-01-22 00:00:00-05:00,66.80525656749165,67.46993627371793,66.38641568281636,67.45172882080078,477900,0.0,0.0
2024-01-23 00:00:00-05:00,68.18924732953029,68.52614423171902,67.46993142275389,68.02535247802734,546500,0.0,0.0
2024-01-24 00:00:00-05:00,68.69005306066975,68.69005306066975,66.8872093272843,66.89631652832031,500500,0.0,0.0
2024-01-25 00:00:00-05:00,67.32425517226807,68.16193693368236,66.96915079630423,68.14372253417969,518500,0.0,0.0
2024-01-26 00:00:00-05:00,68.68093311960041,69.8464045526958,68.58988196640689,69.48219299316406,620700,0.0,0.0
2024-01-29 00:00:00-05:00,69.28187303220146,70.31987835945132,68.94498308654175,70.29255676269531,853600,0.0,0.0
2024-01-30 00:00:00-05:00,69.67340077331187,70.74782102660382,69.50950592291963,70.529296875,543100,0.0,0.0
2024-01-31 00:00:00-05:00,70.39271468978356,70.97545037546269,68.66272203047468,68.87213897705078,433200,0.0,0.0
2024-02-01 00:00:00-05:00,69.22724705885493,70.1741943359375,68.30761443308357,70.1741943359375,433900,0.0,0.0
2024-02-02 00:00:00-05:00,69.2272549131148,70.32898997046473,68.70825563904486,69.58235931396484,463400,0.0,0.0
2024-02-05 00:00:00-05:00,68.92677495196965,69.51861789383032,68.2803027051476,69.263671875,502800,0.0,0.0
2024-02-06 00:00:00-05:00,69.14529856778434,69.9829802378978,69.14529856778434,69.9556655883789,460400,0.0,0.0
2024-02-07 00:00:00-05:00,69.69163162014839,71.80405077557782,69.4366855586454,71.65836334228516,817700,0.0,0.0
2024-02-08 00:00:00-05:00,72.34123978320352,74.59023861813229,72.2319811818353,73.62508392333984,1066700,0.0,0.0
2024-02-09 00:00:00-05:00,72.84204391115405,74.51740758666644,72.84204391115405,73.94377899169922,1092800,0.0,0.0
2024-02-12 00:00:00-05:00,73.9983972306597,75.11834654481022,73.9983972306597,74.49008178710938,865600,0.0,0.0
2024-02-13 00:00:00-05:00,72.61439494015528,73.81628809577722,71.89507909710592,73.20623779296875,661300,0.0,0.0
2024-02-14 00:00:00-05:00,74.01660899888901,74.31708404161259,72.69634302938728,74.18050384521484,438100,0.0,0.0
2024-02-15 00:00:00-05:00,74.62665933647395,74.7632395328717,73.82539950263511,74.18050384521484,555600,0.0,0.0
2024-02-16 00:00:00-05:00,73.55224721387133,74.826984276106,73.35193049665125,74.11677551269531,422100,0.0,0.0
2024-02-20 00:00:00-05:00,73.97108735021801,74.78145446400994,73.35192975180594,74.34440612792969,647400,0.0,0.0
2024-02-21 00:00:00-05:00,74.56293400027191,74.88161654173723,73.77988150023802,74.5265121459961,655400,0.0,0.0
2024-02-22 00:00:00-05:00,75.16388079893709,75.79213865338461,74.50830134494133,75.33687591552734,555200,0.0,0.0
2024-02-23 00:00:00-05:00,75.30045192647832,75.45524653249413,73.99840025527777,74.27156066894531,665000,0.0,0.0
2024-02-26 00:00:00-05:00,73.60686840969578,74.98176367905367,73.36102961358571,74.18050384521484,896900,0.0,0.0
2024-02-27 00:00:00-05:00,77.84992498472701,80.08070953014764,71.02098419659306,73.34282684326172,1824400,0.0,0.0
2024-02-28 00:00:00-05:00,73.31550211177145,75.08192360977843,73.24266535934656,74.6175537109375,1040100,0.0,0.0
2024-02-29 00:00:00-05:00,74.95444583937565,75.02728953392217,73.40655553742593,73.70702362060547,881000,0.0,0.0
2024-03-01 00:00:00-05:00,73.75255160065927,73.87091739251919,72.26839781619456,73.20623779296875,804300,0.0,0.0
2024-03-04 00:00:00-05:00,73.39745864021546,74.31709130935336,73.16982727287743,73.38835144042969,968700,0.0,0.0
2024-03-05 00:00:00-05:00,73.23356134577969,74.96356106944715,73.03324463769344,74.23513793945312,766800,0.0,0.0
2024-03-06 00:00:00-05:00,74.29887775726121,76.10172126371583,74.14409009292773,75.4370346069336,918700,0.0,0.0
2024-03-07 00:00:00-05:00,75.52808110643285,76.46592812798646,75.2640348467443,75.64645385742188,706800,0.0,0.0
2024-03-08 00:00:00-05:00,76.26243745130921,77.30133955939408,75.83952421806165,76.53825378417969,655700,0.8,0.0
2024-03-11 00:00:00-04:00,76.48309144899608,77.8345788212,76.09694718958029,77.80699157714844,819600,0.0,0.0
2024-03-12 00:00:00-04:00,77.65989341418165,78.77234041990482,77.22778445032628,78.62523651123047,849600,0.0,0.0
2024-03-13 00:00:00-04:00,79.06654408032038,80.93288114969565,79.06654408032038,80.83174896240234,1168200,0.0,0.0
2024-03-14 00:00:00-04:00,80.16979848809063,80.87772382660644,77.84377211871202,78.15636444091797,874200,0.0,0.0
2024-03-15 00:00:00-04:00,77.68747598908986,79.61816925578108,77.68747598908986,79.09412384033203,2865600,0.0,0.0
2024-03-18 00:00:00-04:00,78.68040904840885,79.02057458408733,77.30134138017486,77.5127944946289,1031900,0.0,0.0
2024-03-19 00:00:00-04:00,77.31971109940929,77.95408435024632,76.62098165024817,77.00712585449219,1149100,0.0,0.0
2024-03-20 00:00:00-04:00,77.00714432260267,77.78861463660976,76.09695456677794,77.72425842285156,1128500,0.0,0.0
2024-03-21 00:00:00-04:00,78.00925825090836,78.05522997805105,76.51986968597593,77.77021789550781,821100,0.0,0.0
2024-03-22 00:00:00-04:00,77.19100937160401,77.19100937160401,75.4166087847944,76.63018798828125,705900,0.0,0.0
2024-03-25 00:00:00-04:00,76.67614812761397,77.54955466708023,76.3175911681026,76.33597564697266,949000,0.0,0.0
2024-03-26 00:00:00-04:00,76.56582606620239,76.67615399075743,75.19595432090223,75.47176361083984,817400,0.0,0.0
2024-03-27 00:00:00-04:00,76.18888945208785,77.06229611397468,76.18888945208785,76.43711853027344,687700,0.0,0.0
2024-03-28 00:00:00-04:00,76.84164390068833,78.28506762443664,76.84164390068833,77.85295867919922,716800,0.0,0.0
2024-04-01 00:00:00-04:00,77.67828089455529,79.28719313271932,77.58634445523462,78.69879150390625,659300,0.0,0.0
2024-04-02 00:00:00-04:00,77.22777424864509,77.37487813788722,75.16836889935175,75.9130630493164,637200,0.0,0.0
2024-04-03 00:00:00-04:00,75.25111708955035,75.9682310854551,73.5962402561471,73.69737243652344,912600,0.0,0.0
2024-04-04 00:00:00-04:00,74.46964281046864,74.46964281046864,70.82890555922837,70.8472900390625,1028400,0.0,0.0
2024-04-05 00:00:00-04:00,70.88407095302192,71.10471979790773,69.50500339746002,69.70726776123047,832900,0.0,0.0
2024-04-08 00:00:00-04:00,70.32324689513085,71.92297024866775,70.25889069223913,70.75535583496094,1149600,0.0,0.0
2024-04-09 00:00:00-04:00,70.79212738366716,71.08632815196236,69.29354331614778,69.31192779541016,639600,0.0,0.0
2024-04-10 00:00:00-04:00,68.45691577350385,68.84305302343716,67.5099571306338,67.64786529541016,824000,0.0,0.0
2024-04-11 00:00:00-04:00,68.14432398353773,69.05450656140916,67.50995069462434,68.51206970214844,740500,0.0,0.0
2024-04-12 00:00:00-04:00,67.97884206924522,68.56724369213941,66.89397526185266,67.1973648071289,724200,0.0,0.0
2024-04-15 00:00:00-04:00,67.80415515057453,68.22706836132309,65.59764564789916,66.0021743774414,886300,0.0,0.0
2024-04-16 00:00:00-04:00,66.00218282312078,66.39751585549675,65.47813736292947,66.19525146484375,636900,0.0,0.0
2024-04-17 00:00:00-04:00,66.74686384343994,66.97670842073435,65.02763089442956,65.57006072998047,698900,0.0,0.0
2024-04-18 00:00:00-04:00,65.4321532961553,66.20443473174431,65.2482804380293,65.6528091430664,636000,0.0,0.0
2024-04-19 00:00:00-04:00,65.5424874703382,66.48944610716752,65.32183861668393,65.96540069580078,611900,0.0,0.0
2024-04-22 00:00:00-04:00,66.25039433030186,67.18816407160921,66.02054976821861,66.20442962646484,770400,0.0,0.0
2024-04-23 00:00:00-04:00,66.22282455296912,68.40175387043104,66.22282455296912,67.90528869628906,782400,0.0,0.0
2024-04-24 00:00:00-04:00,67.94205660253812,67.94205660253812,66.31475311156102,66.78363800048828,1002400,0.0,0.0
2024-04-25 00:00:00-04:00,66.14007870057924,66.55379613957987,64.79778719275721,65.79071044921875,1345600,0.0,0.0
2024-04-26 00:00:00-04:00,63.43711035029065,66.90316387299252,61.80981364933634,64.36568450927734,1722300,0.0,0.0
2024-04-29 00:00:00-04:00,64.1818115247689,65.13796601668015,63.906002180408834,64.76102447509766,1154900,0.0,0.0
2024-04-30 00:00:00-04:00,64.10825146004096,64.10825146004096,62.83950492649256,62.89467239379883,815600,0.0,0.0
2024-05-01 00:00:00-04:00,62.9957975528776,63.73130299303029,62.63724057973558,62.89467239379883,921900,0.0,0.0
2024-05-02 00:00:00-04:00,63.896791877378966,64.7610097243252,63.620975581540876,63.887596130371094,777600,0.0,0.0
2024-05-03 00:00:00-04:00,64.59552457425531,65.43215522194205,64.1909958573122,64.49439239501953,868000,0.0,0.0
2024-05-06 00:00:00-04:00,65.13796145480957,65.54249021536856,64.56795130780469,64.88973236083984,612100,0.0,0.0
2024-05-07 00:00:00-04:00,65.22989201833913,65.48732385186983,63.05096978820982,63.17048645019531,904700,0.0,0.0
2024-05-08 00:00:00-04:00,62.82113065131662,63.795669555664055,62.407406143664716,63.79566955566406,535500,0.0,0.0
2024-05-09 00:00:00-04:00,63.84164053355444,64.5495588395794,63.547439716020584,63.89680099487305,508800,0.0,0.0
2024-05-10 00:00:00-04:00,63.86921906518686,64.35648849867444,63.38194963169928,63.48308181762695,531400,0.0,0.0
2024-05-13 00:00:00-04:00,64.04390305137154,65.85507261698868,63.91518362153067,65.40457916259766,675500,0.0,0.0
2024-05-14 00:00:00-04:00,65.90104258632729,66.29637557046341,64.38406685583753,64.54035949707031,458100,0.0,0.0
2024-05-15 00:00:00-04:00,65.04601998554698,65.29424906033042,63.354367143599745,63.54743576049805,809000,0.0,0.0
2024-05-16 00:00:00-04:00,63.345170152649565,64.30132448492846,63.21645774391012,64.15422058105469,589700,0.0,0.0
2024-05-17 00:00:00-04:00,64.14502283875815,64.22777053568899,62.81192706928362,63.12451934814453,764300,0.0,0.0
2024-05-20 00:00:00-04:00,63.2348368185248,63.2348368185248,61.98448179969684,62.16836166381836,531800,0.0,0.0
2024-05-21 00:00:00-04:00,62.186762948147305,62.60967622846356,61.98449855010442,62.23273468017578,528600,0.0,0.0
2024-05-22 00:00:00-04:00,61.966106273164414,62.12239891952383,61.184636027066695,61.4052848815918,645500,0.0,0.0
2024-05-23 00:00:00-04:00,61.396096717179205,61.396096717179205,60.49510969156901,60.87205123901367,641600,0.0,0.0
2024-05-24 00:00:00-04:00,61.30943191730015,61.60723095071411,60.825511150535846,61.33735656738281,498100,0.8,0.0
2024-05-28 00:00:00-04:00,61.476943074868316,61.93295338251177,60.99302231788431,61.35596466064453,738600,0.0,0.0
2024-05-29 00:00:00-04:00,60.769677626045336,61.132619985550356,59.85766406877042,60.31366729736328,661700,0.0,0.0
2024-05-30 00:00:00-04:00,60.620774822579456,60.918573865026424,60.118237607183474,60.66730880737305,633600,0.0,0.0
2024-05-31 00:00:00-04:00,60.993020228329954,63.729053580101656,60.927876915196755,63.65460205078125,1097200,0.0,0.0
2024-06-03 00:00:00-04:00,63.78489208888299,64.79926760479987,63.487093055760795,64.57592010498047,1114700,0.0,0.0
2024-06-04 00:00:00-04:00,63.961714809745715,64.32465717142613,62.44479494417396,62.84496307373047,620900,0.0,0.0
2024-06-05 00:00:00-04:00,62.938025625190306,63.31958443104931,62.49133059891913,63.03109359741211,434400,0.0,0.0
2024-06-06 00:00:00-04:00,63.04969282313392,64.09199288413855,62.8635711087098,63.068302154541016,465900,0.0,0.0
2024-06-07 00:00:00-04:00,62.34242213024486,62.96594482977916,61.737515863580214,62.35173034667969,483400,0.0,0.0
2024-06-10 00:00:00-04:00,61.96087371240512,62.13768723342217,60.68591779723385,61.802669525146484,867800,0.0,0.0
2024-06-11 00:00:00-04:00,61.41180348773263,62.25867373897809,61.05816934000985,61.430419921875,726900,0.0,0.0
2024-06-12 00:00:00-04:00,62.52855056065865,63.3195785504539,60.19268525659775,60.4532585144043,1009200,0.0,0.0
2024-06-13 00:00:00-04:00,60.28574517774863,60.86273388250751,60.108924569820054,60.82550811767578,1111800,0.0,0.0
2024-06-14 00:00:00-04:00,60.36951002950316,60.99302566797019,59.51333511618238,59.60639953613281,916100,0.0,0.0
2024-06-17 00:00:00-04:00,59.52263722077354,60.04378374988265,58.89912160914815,59.71806716918945,853600,0.0,0.0
2024-06-18 00:00:00-04:00,59.587778532059,59.9507208669185,58.90842429372427,58.98287582397461,882800,0.0,0.0
2024-06-20 00:00:00-04:00,59.01079650809482,60.60216432632526,59.01079650809482,60.19268798828125,630700,0.0,0.0
2024-06-21 00:00:00-04:00,60.37881158994509,60.84412304298129,59.7832134980659,60.6486930847168,1712800,0.0,0.0
2024-06-24 00:00:00-04:00,60.44395516861673,61.234990322242545,59.89489105972189,61.00233459472656,1064300,0.0,0.0
2024-06-25 00:00:00-04:00,60.94648731444794,61.17914302258076,59.16900139635937,59.40165710449219,904200,0.0,0.0
2024-06-26 00:00:00-04:00,59.103858947753906,59.987951414718985,58.76883768505013,59.103858947753906,579500,0.0,0.0
2024-06-27 00:00:00-04:00,58.45242306611618,58.93634737892,57.2984491586541,57.745147705078125,892400,0.0,0.0
2024-06-28 00:00:00-04:00,57.642782786115625,58.1825457874764,56.98204136034894,57.67070388793945,1191300,0.0,0.0
2024-07-01 00:00:00-04:00,58.07086951801267,58.07086951801267,56.367827932271226,56.870365142822266,919500,0.0,0.0
2024-07-02 00:00:00-04:00,57.447348828101504,57.91266025896257,57.02856783031765,57.177467346191406,806200,0.0,0.0
2024-07-03 00:00:00-04:00,57.279836792789254,57.90335596012637,57.03787640922431,57.45665740966797,548000,0.0,0.0
2024-07-05 00:00:00-04:00,56.972729120228166,57.37289720941322,56.414353308553,57.31705856323242,914900,0.0,0.0
2024-07-08 00:00:00-04:00,57.63347599720867,58.35936071710106,57.270533637262474,58.34074783325195,1048000,0.0,0.0
2024-07-09 00:00:00-04:00,58.089480569227334,58.108093453506726,57.09371433557029,57.12163543701172,885000,0.0,0.0
2024-07-10 00:00:00-04:00,57.1681633642014,57.18677624766407,55.78153372161051,56.32129669189453,913300,0.0,0.0
2024-07-11 00:00:00-04:00,57.16816962848027,58.154631259827795,56.851757675032566,57.8940544128418,1258600,0.0,0.0
2024-07-12 00:00:00-04:00,58.51756366414992,58.54548121261576,57.38220269261462,57.512489318847656,872000,0.0,0.0
2024-07-15 00:00:00-04:00,57.34498026916589,57.475266902990064,56.442278499079265,56.88897705078125,972900,0.0,0.0
2024-07-16 00:00:00-04:00,57.037878520731645,58.3872824387622,56.758692360115404,58.331443786621094,664000,0.0,0.0
2024-07-17 00:00:00-04:00,57.95918759374068,59.42026512453667,57.95918759374068,58.647850036621094,740500,0.0,0.0
2024-07-18 00:00:00-04:00,58.27560121660398,59.95072161772748,57.86612844523205,58.05225372314453,780000,0.0,0.0
2024-07-19 00:00:00-04:00,57.400822016298804,58.8898172689734,57.400822016298804,58.45242691040039,931800,0.0,0.0
2024-07-22 00:00:00-04:00,58.64785680459928,58.81536921408916,56.61909855637268,57.465965270996094,786800,0.0,0.0
2024-07-23 00:00:00-04:00,57.31706007669355,58.12670094245028,55.95835160081574,56.22822952270508,1241300,0.0,0.0
2024-07-24 00:00:00-04:00,56.0979427209593,56.64701032937804,54.962585289178115,55.17662811279297,1214500,0.0,0.0
2024-07-25 00:00:00-04:00,55.45581481902525,56.59117581249823,55.390671504650015,55.660552978515625,1696500,0.0,0.0
2024-07-26 00:00:00-04:00,53.04550755427999,56.209626968763736,50.94230127291947,53.28746795654297,4768200,0.0,0.0
2024-07-29 00:00:00-04:00,53.9947382391895,56.47019488076356,53.287462884428656,56.41435623168945,2605200,0.0,0.0
2024-07-30 00:00:00-04:00,56.246844385345746,58.17323342171212,55.91182313775355,56.89828109741211,1881400,0.0,0.0
2024-07-31 00:00:00-04:00,56.74007608804385,57.56832985343524,56.302682214167504,56.349212646484375,1146200,0.0,0.0
2024-08-01 00:00:00-04:00,56.311991175298,56.479503584449766,54.1064158548593,54.36698913574219,1081400,0.0,0.0
2024-08-02 00:00:00-04:00,53.6411022068242,54.39490801724158,52.7197875441364,54.33906936645508,1171600,0.0,0.0
2024-08-05 00:00:00-04:00,52.636030006614035,55.800145586580875,52.636030006614035,55.2138557434082,1612300,0.0,0.0
2024-08-06 00:00:00-04:00,55.53957422188742,58.23838201623272,55.49304378751138,57.14955139160156,1870600,0.0,0.0
2024-08-07 00:00:00-04:00,57.66139092538089,58.60132199176546,56.71215519251728,56.842445373535156,1368700,0.0,0.0
2024-08-08 00:00:00-04:00,57.45665918569287,58.666468241002626,57.39151231690389,57.98711395263672,1235900,0.0,0.0
2024-08-09 00:00:00-04:00,57.95919197056051,58.377972977582246,57.196081491118484,58.284912109375,737100,0.0,0.0
2024-08-12 00:00:00-04:00,58.38728163372536,58.54548582087689,57.30775922419417,57.78237533569336,1099000,0.0,0.0
2024-08-13 00:00:00-04:00,57.81960154973294,58.93634973546799,57.540415390810324,58.40589141845703,1155800,0.0,0.0
2024-08-14 00:00:00-04:00,58.4710332516099,58.806054483437585,58.07086515660106,58.71299362182617,732600,0.0,0.0
2024-08-15 00:00:00-04:00,59.7366887686529,61.262909821684275,58.94565713991703,59.2713737487793,1161400,0.0,0.0
2024-08-16 00:00:00-04:00,59.327206902545306,59.63431414817982,58.564096446782784,59.37373733520508,948000,0.0,0.0
2024-08-19 00:00:00-04:00,59.559860689301885,60.44394953137324,59.559860689301885,59.76459884643555,705400,0.0,0.0
2024-08-20 00:00:00-04:00,59.7180649214418,60.527709334480946,59.58777829406843,60.47187423706055,864900,0.0,0.0
2024-08-21 00:00:00-04:00,61.1326160011307,61.43971613909589,60.2578282685245,61.16984176635742,1063100,0.0,0.0
2024-08-22 00:00:00-04:00,61.19776142201483,61.21637075522446,60.276439676136135,60.564937591552734,523200,0.0,0.0
2024-08-23 00:00:00-04:00,60.7789813779029,61.94226004215668,60.7789813779029,61.67237854003906,793100,0.0,0.0
2024-08-26 00:00:00-04:00,61.93294553367344,64.22227659791157,61.895719772455585,63.47777557373047,1256000,0.0,0.0
2024-08-27 00:00:00-04:00,63.16702942436599,65.64361125736984,63.091694333753416,65.09744262695312,1496900,0.8,0.0
2024-08-28 00:00:00-04:00,64.67370293242556,65.21045294364909,62.63969835240977,62.743282318115234,1290200,0.0,0.0
2024-08-29 00:00:00-04:00,63.11052957620383,63.32711618299957,62.131202057089,62.1406135559082,1467500,0.0,0.0
2024-08-30 00:00:00-04:00,62.48902842435282,62.48902842435282,61.30252588394493,62.05586242675781,1472800,0.0,0.0
2024-09-03 00:00:00-04:00,61.886369736412206,63.62845262525412,61.886369736412206,62.72445297241211,1650100,0.0,0.0
2024-09-04 00:00:00-04:00,62.4231164318087,63.270618306342314,61.92403399023619,63.157615661621094,935400,0.0,0.0
2024-09-05 00:00:00-04:00,63.393033106107836,63.84503650532166,62.47961480878533,63.364784240722656,1020700,0.0,0.0
2024-09-06 00:00:00-04:00,63.12936587505182,64.40061507612117,62.92219795492864,63.85444641113281,763300,0.0,0.0
2024-09-09 00:00:00-04:00,65.06920840897398,67.09379452266862,63.722623894688816,65.34229278564453,1984800,0.0,0.0
2024-09-10 00:00:00-04:00,65.28578601550977,66.27453222423941,64.73961733772562,65.60594940185547,1125600,0.0,0.0
2024-09-11 00:00:00-04:00,65.19162694400276,65.56828809689979,64.0333730642266,64.8620376586914,1069900,0.0,0.0
2024-09-12 00:00:00-04:00,64.73019573797256,65.8507819083933,64.28761104261815,65.80369567871094,508700,0.0,0.0
2024-09-13 00:00:00-04:00,66.32161671269556,67.3009513968016,66.1521163407474,66.89603424072266,1009900,0.0,0.0
2024-09-16 00:00:00-04:00,67.05611619421204,67.50811958264025,65.94494868135743,65.99203491210938,709000,0.0,0.0
2024-09-17 00:00:00-04:00,66.37811347034004,66.93370080861877,65.47411389463143,66.02970123291016,638800,0.0,0.0
2024-09-18 00:00:00-04:00,66.31219648520799,67.79061356774083,66.27452893850239,66.83011627197266,728600,0.0,0.0
2024-09-19 00:00:00-04:00,67.6211127246771,67.6211127246771,63.18586150823788,64.03336334228516,1232700,0.0,0.0
2024-09-20 00:00:00-04:00,64.18403659420909,64.18403659420909,62.77153586476981,63.157615661621094,2094200,0.0,0.0
2024-09-23 00:00:00-04:00,62.98812027154874,62.98812027154874,61.16128355124066,62.45137023925781,1103900,0.0,0.0
2024-09-24 00:00:00-04:00,62.978697579907134,63.82619946757932,62.67736437366261,63.46836853027344,801700,0.0,0.0
2024-09-25 00:00:00-04:00,63.42128192934502,63.42128192934502,62.357200622558594,62.357200622558594,735900,0.0,0.0
2024-09-26 00:00:00-04:00,63.20470662215453,63.94862459077651,62.489037520738954,62.79978942871094,776600,0.0,0.0
2024-09-27 00:00:00-04:00,63.08227865703556,63.91095032455853,62.48903095498162,62.77153396606445,918600,0.0,0.0
2024-09-30 00:00:00-04:00,62.86569957459134,62.92219730336713,60.77519739768669,61.18953323364258,916600,0.0,0.0
2024-10-01 00:00:00-04:00,60.89760913214868,62.15002808909716,60.10661222313897,62.037025451660156,791200,0.0,0.0
2024-10-02 00:00:00-04:00,61.29311277464635,61.848700141967285,60.407950518358476,60.426780700683594,1084900,0.0,0.0
2024-10-03 00:00:00-04:00,60.06894857749085,61.359035164014564,59.24028047669005,61.25545120239258,909500,0.0,0.0
2024-10-04 00:00:00-04:00,61.39670033714302,61.848703767294545,60.737536151870785,60.991783142089844,669700,0.0,0.0
2024-10-07 00:00:00-04:00,60.6056984616326,60.76578015318672,56.5753642016217,57.328697204589844,1476300,0.0,0.0
2024-10-08 00:00:00-04:00,57.375784816320945,57.90311976018866,56.82961609672488,57.630035400390625,1111800,0.0,0.0
2024-10-09 00:00:00-04:00,57.507613377758005,58.270365073245905,57.08386243582028,57.19686508178711,1069100,0.0,0.0
2024-10-10 00:00:00-04:00,56.73545220758944,57.30045112465373,56.669535787004456,57.1403694152832,654000,0.0,0.0
2024-10-11 00:00:00-04:00,57.14036319630177,58.260945816461245,57.10269564801697,58.22328186035156,797000,0.0,0.0
2024-10-14 00:00:00-04:00,57.959614888440285,60.6621987208397,57.85603092268077,60.17253494262695,1538400,0.0,0.0
2024-10-15 00:00:00-04:00,60.22902412252806,62.705605896850635,59.77702436608697,62.22536087036133,1103000,0.0,0.0
2024-10-16 00:00:00-04:00,62.67736763003967,64.68312339913047,62.5643721620463,63.37420654296875,1352300,0.0,0.0
2024-10-17 00:00:00-04:00,63.016360846362694,63.28002648586508,62.30069902038477,63.03519821166992,954000,0.0,0.0
2024-10-18 00:00:00-04:00,63.157617991130294,64.00511989692322,62.77153818003882,63.543704986572266,874100,0.0,0.0
2024-10-21 00:00:00-04:00,63.57195619011792,63.873289413884756,62.43253971323861,63.355369567871094,1141800,0.0,0.0
2024-10-22 00:00:00-04:00,63.25177717520752,63.732029406249616,62.21594480547637,62.479610443115234,1025500,0.0,0.0
2024-10-23 00:00:00-04:00,62.168865391000146,62.71503409131557,61.622703875035306,61.726287841796875,895700,0.0,0.0
2024-10-24 00:00:00-04:00,62.01820548710702,62.76212347465828,61.735702439153044,61.858123779296875,1127400,0.0,0.0
2024-10-25 00:00:00-04:00,60.266697639730616,60.379700284171186,53.55260984999535,53.62794494628906,4843100,0.0,0.0
2024-10-28 00:00:00-04:00,53.91044313131245,54.7202774369413,52.987609776020854,53.100608825683594,2167500,0.0,0.0
2024-10-29 00:00:00-04:00,53.10061227641377,54.15527852354496,52.19661263601561,52.554447174072266,2077900,0.0,0.0
2024-10-30 00:00:00-04:00,52.51677855481447,53.5149470492021,52.07419383497299,52.356693267822266,1024600,0.0,0.0
2024-10-31 00:00:00-04:00,52.29077915344385,52.29077915344385,50.407444728702636,51.50919723510742,1744600,0.0,0.0
2024-11-01 00:00:00-04:00,51.56568999573423,51.819940549614785,50.28502572784793,50.868858337402344,1323600,0.0,0.0
2024-11-04 00:00:00-05:00,50.85002720369268,51.90469342877503,50.322692295063916,50.567527770996094,1010700,0.0,0.0
2024-11-05 00:00:00-05:00,50.21910992219798,51.104275733947965,50.21910992219798,50.85002517700195,1088600,0.0,0.0
2024-11-06 00:00:00-05:00,50.7276139665983,51.20786627775115,48.947863431306466,49.541114807128906,1989200,0.0,0.0
2024-11-07 00:00:00-05:00,49.80477223109502,50.55810519094846,49.07968813468143,49.22093963623047,1866500,0.0,0.0
2024-11-08 00:00:00-05:00,49.164443372963326,49.39044508024752,47.33761030843591,47.39411163330078,1537600,0.0,0.0
2024-11-11 00:00:00-05:00,47.657774457048234,49.82360815729116,47.657774457048234,49.607025146484375,1434900,0.0,0.0
2024-11-12 00:00:00-05:00,50.97244380208556,51.452692467715494,49.05144195521563,49.36219024658203,1650300,0.0,0.0
2024-11-13 00:00:00-05:00,50.32268808335019,51.22669122136477,49.795356811031134,50.57693862915039,1270200,0.0,0.0
2024-11-14 00:00:00-05:00,50.398025269757795,51.44327635965815,49.833022835992054,50.18144226074219,1227300,0.0,0.0
2024-11-15 00:00:00-05:00,50.78411162065619,50.78411162065619,49.324528201012484,49.757694244384766,918800,0.0,0.0
2024-11-18 00:00:00-05:00,49.82360800286735,49.82360800286735,48.75010804298916,49.277442932128906,1116700,0.0,0.0
2024-11-19 00:00:00-05:00,48.84427613766932,49.35277728237242,48.22277593597951,48.96669387817383,826700,0.0,0.0
2024-11-20 00:00:00-05:00,48.721860729393875,48.721860729393875,47.60127450332184,47.99677658081055,817000,0.0,0.0
2024-11-21 00:00:00-05:00,48.26985257621164,49.43752132716249,47.78960394959041,49.371604919433594,765100,0.0,0.0
2024-11-22 00:00:00-05:00,49.91777789460497,51.198445892220796,49.84244638472041,50.821781158447266,1704000,0.0,0.0
2024-11-25 00:00:00-05:00,51.56732931283815,52.924614061051386,51.33792717355898,52.83858871459961,1767700,0.8,0.0
2024-11-26 00:00:00-05:00,52.035689444694704,52.83859150524169,51.85408199091537,52.341556549072266,935900,0.0,0.0
2024-11-27 00:00:00-05:00,52.50404805107111,53.345184371999956,52.43713985299733,52.58051300048828,693900,0.0,0.0
2024-11-29 00:00:00-05:00,52.532721728256604,52.66653812383593,51.93054794814964,52.15994644165039,485000,0.0,0.0
2024-12-02 00:00:00-05:00,52.42758126944667,54.759822470051816,52.159948467891375,54.33925247192383,1045200,0.0,0.0
2024-12-03 00:00:00-05:00,54.1385239388358,54.396599969973735,53.33562194625887,53.83265686035156,1099800,0.0,0.0
2024-12-04 00:00:00-05:00,53.56502567129568,54.64511722909321,53.498117473776304,54.492183685302734,597300,0.0,0.0
2024-12-05 00:00:00-05:00,54.58776930102099,54.79805429057339,52.857705628392836,53.392974853515625,980500,0.0,0.0
2024-12-06 00:00:00-05:00,53.87089656215255,53.88045331409147,52.04525065904079,52.418025970458984,874000,0.0,0.0
2024-12-09 00:00:00-05:00,52.95329658991162,53.144460803371054,50.81222312466373,51.76805877685547,1568000,0.0,0.0
2024-12-10 00:00:00-05:00,51.89231774947565,53.0679951486481,51.67247598991237,52.49449157714844,964300,0.0,0.0
2024-12-11 00:00:00-05:00,52.561400989161555,52.91505913847512,51.41439754557266,52.140830993652344,1080900,0.0,0.0
2024-12-12 00:00:00-05:00,52.22686068261021,53.0775538497039,51.605569681784715,52.981971740722656,940000,0.0,0.0
2024-12-13 00:00:00-05:00,52.77168335180749,53.67972791397297,52.064367039628046,53.23048400878906,1026800,0.0,0.0
2024-12-16 00:00:00-05:00,52.89594296197965,55.04657309093328,52.84815191058093,53.61281967163086,1341300,0.0,0.0
2024-12-17 00:00:00-05:00,53.70840581636016,55.56272937845844,53.68928866511728,54.3297004699707,966300,0.0,0.0
2024-12-18 00:00:00-05:00,54.31057669150963,54.32969384041975,52.50404805107111,52.58051300048828,877600,0.0,0.0
2024-12-19 00:00:00-05:00,52.551842191870556,53.087111454174064,52.169510129845364,52.207740783691406,777900,0.0,0.0
2024-12-20 00:00:00-05:00,52.06436755269904,53.50767773912111,51.79673109882139,53.18269348144531,9526900,0.0,0.0
2024-12-23 00:00:00-05:00,51.54821152143392,53.07754694348564,51.280578734130685,52.762123107910156,1106600,0.0,0.0
2024-12-24 00:00:00-05:00,52.68565822521796,53.058433532714844,51.796730809083776,53.058433532714844,334100,0.0,0.0
2024-12-26 00:00:00-05:00,52.82903172844416,53.77530688898337,52.82903172844416,53.392974853515625,689900,0.0,0.0
2024-12-27 00:00:00-05:00,52.91505805335509,53.39297584119793,51.95922247766941,52.02613067626953,719700,0.0,0.0
2024-12-30 00:00:00-05:00,51.60556514817624,51.662912950037416,50.44900131225586,50.44900131225586,996400,0.0,0.0
2024-12-31 00:00:00-05:00,50.86001158761205,52.11215754084909,50.72619518651657,51.796730041503906,889400,0.0,0.0
2025-01-02 00:00:00-05:00,52.37978881942086,53.03931770024066,51.34748829369499,51.43351364135742,589800,0.0,0.0
2025-01-03 00:00:00-05:00,51.529097016955006,52.15994836669966,50.90780241886588,51.968780517578125,791900,0.0,0.0
2025-01-06 00:00:00-05:00,52.57095707354209,54.37748574230989,52.542283172838914,52.656982421875,843700,0.0,0.0
2025-01-07 00:00:00-05:00,52.15995072045052,52.59963424091464,49.426260199456344,49.445377349853516,1489600,0.0,0.0
2025-01-08 00:00:00-05:00,48.852758726062746,49.330676532193316,48.0307395161224,48.785850524902344,1096900,0.0,0.0
2025-01-10 00:00:00-05:00,48.49909876858948,49.7321238914661,48.09764593031869,49.48360824584961,869100,0.0,0.0
2025-01-13 00:00:00-05:00,49.46449240793267,50.99382791278033,48.575565006295136,50.6975212097168,1212900,0.0,0.0
2025-01-14 00:00:00-05:00,50.955597166940315,51.748938819189036,50.40121076855396,50.99382781982422,1227100,0.0,0.0
2025-01-15 00:00:00-05:00,52.045245686844694,52.274644173698434,50.745308773929494,51.41439437866211,927400,0.0,0.0
2025-01-16 00:00:00-05:00,51.26146125128984,51.63423653009504,50.60193239227456,51.45262908935547,831600,0.0,0.0
2025-01-17 00:00:00-05:00,51.66291075290123,51.84452184100045,50.697518451652655,51.19455337524414,1081600,0.0,0.0
2025-01-21 00:00:00-05:00,51.672474297445795,52.905499461025514,51.45263254508316,52.30332565307617,1260200,0.0,0.0
2025-01-22 00:00:00-05:00,52.09304013121388,52.437141530155266,51.38572018380954,52.35111618041992,650800,0.0,0.0
2025-01-23 00:00:00-05:00,51.70114906955185,52.857709299980115,51.68203191951706,52.207740783691406,545000,0.0,0.0
2025-01-24 00:00:00-05:00,52.48493432247367,52.69521932796547,51.62468079657411,51.739383697509766,464100,0.0,0.0
2025-01-27 00:00:00-05:00,52.15039468060049,52.44670140024439,50.10490331485043,52.18862533569336,1024100,0.0,0.0
2025-01-28 00:00:00-05:00,52.31287861192571,53.24959700259897,51.34748632187388,51.53865051269531,512200,0.0,0.0
2025-01-29 00:00:00-05:00,51.729820165925354,51.81584551330456,50.70707639498559,50.84089279174805,517000,0.0,0.0
2025-01-30 00:00:00-05:00,51.02250568248024,52.704774745139034,50.86957213132944,52.38935089111328,507000,0.0,0.0
2025-01-31 00:00:00-05:00,51.8158436940989,52.427577855663216,51.137201336502436,51.53865051269531,611000,0.0,0.0
2025-02-03 00:00:00-05:00,50.210047450682104,50.35342426216269,48.0498604032884,49.88506317138672,909800,0.0,0.0
2025-02-04 00:00:00-05:00,49.96152939724538,50.54458972170517,48.833643049063,48.938785552978516,662500,0.0,0.0
2025-02-05 00:00:00-05:00,48.57556427032184,48.97701711315156,47.89692187821684,48.46086502075195,722800,0.0,0.0
2025-02-06 00:00:00-05:00,49.024810649489666,49.55051952008737,48.00206681058503,48.22190856933594,714500,0.0,0.0
2025-02-07 00:00:00-05:00,48.20279194459557,48.499102307650475,47.485915209722016,48.17411804199219,963200,0.0,0.0
2025-02-10 00:00:00-05:00,48.097646140146324,50.00931730198433,47.45723805111782,49.9041748046875,1272600,0.0,0.0
2025-02-11 00:00:00-05:00,49.53139980306451,50.9078017350489,49.40714015587111,50.62105178833008,759500,0.0,0.0
2025-02-12 00:00:00-05:00,49.77035554002804,50.42988074023369,48.95789680153312,49.51227951049805,734200,0.0,0.0
2025-02-13 00:00:00-05:00,49.54096021645475,50.06666905997579,48.757171680714876,49.43581771850586,544400,0.0,0.0
2025-02-14 00:00:00-05:00,49.751244659736436,50.812222810505304,48.63291870377377,50.54458999633789,1094000,0.0,0.0
2025-02-18 00:00:00-05:00,50.46812227631597,50.94604010780802,48.37484348702131,49.56007766723633,1257200,0.0,0.0
2025-02-19 00:00:00-05:00,49.27332548410386,50.01887974717139,49.09171802893567,49.626983642578125,836100,0.0,0.0
2025-02-20 00:00:00-05:00,49.89461678440634,51.2901358219667,49.407138608649035,49.57918930053711,926400,0.0,0.0
2025-02-21 00:00:00-05:00,49.46449363282677,50.181370352143105,49.10127507409724,49.751243591308594,1024700,0.0,0.0
2025-02-24 00:00:00-05:00,49.96152782587808,52.1695093999887,49.76080322265625,49.76080322265625,2936600,0.0,0.0
2025-02-25 00:00:00-05:00,42.744974882329664,44.54194342398071,40.670809458504365,41.7413444519043,4891000,0.0,0.0
2025-02-26 00:00:00-05:00,41.779569019589445,43.00304094457581,40.08773973936162,40.450958251953125,3119900,0.0,0.0
2025-02-27 00:00:00-05:00,41.04357467404492,41.87515417655923,39.75319821958525,40.28846740722656,1877700,0.0,0.0
2025-02-28 00:00:00-05:00,40.25023631171867,40.40316985659716,38.95985610847207,39.44733428955078,1682600,0.0,0.0
2025-03-03 00:00:00-05:00,39.791435982579046,41.55973033670146,39.44733459240481,40.16421127319336,1543600,0.0,0.0
2025-03-04 00:00:00-05:00,39.65762103144829,40.231120938499174,39.01720927722544,39.04588317871094,1417000,0.0,0.0
2025-03-05 00:00:00-05:00,39.38042919680002,40.2024484326739,38.56796671301193,39.28484344482422,1320500,0.0,0.0
2025-03-06 00:00:00-05:00,39.24661065739756,40.08774335173157,38.128281120509804,39.055442810058594,1413600,0.0,0.0
2025-03-07 00:00:00-05:00,38.82604014251719,39.95392641582222,38.74001479468127,39.69585037231445,1264600,0.0,0.0
2025-03-10 00:00:00-04:00,39.949253269635605,43.14597189838995,39.93950509063716,42.843841552734375,3293200,0.8,0.0
2025-03-11 00:00:00-04:00,43.12647704618523,43.12647704618523,39.56915033377037,40.4463005065918,1850800,0.0,0.0
2025-03-12 00:00:00-04:00,40.222143731314205,40.63147803058313,38.98438893644127,40.495033264160156,1605800,0.0,0.0
2025-03-13 00:00:00-04:00,40.22214232877048,40.44630211119765,38.47759009241532,38.867435455322266,1545500,0.0,0.0
2025-03-14 00:00:00-04:00,38.91616889572982,39.2182992665963,38.2534339464907,38.77972412109375,1347500,0.0,0.0
2025-03-17 00:00:00-04:00,38.506829592901106,40.1246816294501,37.85384284485885,40.046714782714844,1965600,0.0,0.0
2025-03-18 00:00:00-04:00,40.00772798802628,40.22214331466478,38.88692904841825,39.90052032470703,1526400,0.0,0.0
2025-03-19 00:00:00-04:00,39.98823808381677,40.47554297381831,39.06236176708686,39.35474395751953,1079400,0.0,0.0
2025-03-20 00:00:00-04:00,39.1793127922484,40.69970162665944,38.916167712944684,39.803062438964844,1215600,0.0,0.0
2025-03-21 00:00:00-04:00,39.61788712794028,40.72894162854736,39.21829728618087,39.85179138183594,7530300,0.0,0.0
2025-03-24 00:00:00-04:00,40.28061896067421,41.61583315150244,40.10518892475917,41.52811813354492,1110100,0.0,0.0
2025-03-25 00:00:00-04:00,41.56710597362657,41.56710597362657,40.00772819360462,40.650970458984375,1310000,0.0,0.0
2025-03-26 00:00:00-04:00,40.64122818363946,41.01158093751815,39.92001531743794,40.66072082519531,1214700,0.0,0.0
2025-03-27 00:00:00-04:00,40.50478106552404,40.87513008011977,39.63737529679361,40.23188781738281,925400,0.0,0.0
2025-03-28 00:00:00-04:00,39.65686853174739,40.270873701968924,39.10134128368446,39.432708740234375,1076600,0.0,0.0
2025-03-31 00:00:00-04:00,38.93565798137305,40.16366455878046,38.93565798137305,39.86153793334961,1296400,0.0,0.0
2025-04-01 00:00:00-04:00,40.114938433826275,40.54376539900686,39.3060142489427,40.017478942871094,925900,0.0,0.0
2025-04-02 00:00:00-04:00,39.569152790292264,41.10903791865736,39.569152790292264,41.050559997558594,826600,0.0,0.0
2025-04-03 00:00:00-04:00,38.272922891425154,38.98438751747822,34.267276479149714,34.666866302490234,4116900,0.0,0.0
2025-04-04 00:00:00-04:00,34.384228716491215,37.083898007308285,33.52657486506411,36.23598861694336,2399500,0.0,0.0
2025-04-07 00:00:00-04:00,35.78766837548004,36.45040325042159,33.87743059120337,34.89102554321289,1750600,0.0,0.0
2025-04-08 00:00:00-04:00,35.34909681860751,35.34909681860751,31.71380282115043,32.06466293334961,1763100,0.0,0.0
2025-04-09 00:00:00-04:00,31.7040509377676,38.2241919194857,31.304461127296925,37.99028396606445,3578400,0.0,0.0
2025-04-10 00:00:00-04:00,37.34704398150445,37.6101890506963,34.413470375194144,35.943607330322266,1815500,0.0,0.0
2025-04-11 00:00:00-04:00,35.69020585143809,36.76227874248335,35.00797832401672,36.23598861694336,1556900,0.0,0.0
2025-04-14 00:00:00-04:00,36.772024317601335,36.98643964587456,34.54991534400985,35.78767013549805,1448500,0.0,0.0
2025-04-15 00:00:00-04:00,35.7779247027434,36.08979953989545,34.58890328029171,34.99823760986328,1388600,0.0,0.0
2025-04-16 00:00:00-04:00,34.8910267612279,35.358838974369164,34.26727714370621,34.53042221069336,1069600,0.0,0.0
2025-04-17 00:00:00-04:00,34.76432851263964,35.81690884278738,34.76432851263964,35.446556091308594,1364100,0.0,0.0
2025-04-21 00:00:00-04:00,35.04696273803711,35.21264831472798,34.02362333110931,35.04696273803711,1495800,0.0,0.0
2025-04-22 00:00:00-04:00,35.358838030257154,36.21649559036975,34.9689963886357,35.972843170166016,1807000,0.0,0.0
2025-04-23 00:00:00-04:00,37.327550561652934,38.194952595039815,35.953351040905424,36.32370376586914,1553200,0.0,0.0
2025-04-24 00:00:00-04:00,36.56735496702619,37.52247198971439,36.15801697567936,37.25932693481445,2047900,0.0,0.0
2025-04-25 00:00:00-04:00,35.08594849967062,35.826650221035905,32.698154038763754,33.01002883911133,3174600,0.0,0.0
2025-04-28 00:00:00-04:00,32.27907455470593,33.20495458015571,31.577358048148803,32.06466293334961,2398600,0.0,0.0
2025-04-29 00:00:00-04:00,32.00618093024716,33.40961748236677,31.762528518694687,33.039268493652344,1851300,0.0,0.0
2025-04-30 00:00:00-04:00,31.937956453966013,32.62992836502747,31.226491905120227,32.210845947265625,1411000,0.0,0.0
2025-05-01 00:00:00-04:00,32.337550904809696,33.27317534655699,31.898975785915322,32.49348831176758,1131900,0.0,0.0
2025-05-02 00:00:00-04:00,32.737139148603866,34.15032392164036,32.4739940900792,34.07235336303711,1479400,0.0,0.0
2025-05-05 00:00:00-04:00,33.69225764712501,33.731242928119094,32.77612585081017,32.98079299926758,2070000,0.0,0.0
2025-05-06 00:00:00-04:00,32.47399443787136,32.717646859354694,31.626085052104816,31.947704315185547,1455400,0.0,0.0
2025-05-07 00:00:00-04:00,32.38627923169703,32.61043901203529,31.596844052195507,31.937959671020508,1448500,0.0,0.0
2025-05-08 00:00:00-04:00,32.52272150055248,34.09184356055208,32.25957646087796,33.555809020996094,1064300,0.0,0.0
2025-05-09 00:00:00-04:00,33.555810348076164,33.955400153494566,33.156220542657756,33.282920837402344,1062300,0.0,0.0
2025-05-12 00:00:00-04:00,35.69995477635634,37.425014412002824,34.58890030000393,34.94950485229492,2343900,0.0,0.0
2025-05-13 00:00:00-04:00,35.51477758356199,35.534270224500936,34.277022767747056,34.74483871459961,1556700,0.0,0.0
2025-05-14 00:00:00-04:00,34.52067269794188,35.21264838862172,34.023623402507894,34.80331039428711,1122500,0.0,0.0
2025-05-15 00:00:00-04:00,34.62788202757851,35.55376200155547,34.06261032544838,35.368587493896484,1890400,0.0,0.0
2025-05-16 00:00:00-04:00,35.77791697005615,36.713541279295654,35.17366006840236,36.14826965332031,1371100,0.0,0.0
2025-05-19 00:00:00-04:00,35.35884152399876,35.97284672457634,34.93001456049131,35.46604919433594,886500,0.0,0.0
2025-05-20 00:00:00-04:00,35.573254013498236,36.6453231952618,35.573254013498236,35.83639907836914,927200,0.0,0.0
2025-05-21 00:00:00-04:00,32.14262765460651,32.84434783256723,30.661220455489964,31.314210891723633,4023200,0.0,0.0
2025-05-22 00:00:00-04:00,31.207004576764845,32.15237722202383,31.012081883598718,31.538372039794922,1688700,0.0,0.0
2025-05-23 00:00:00-04:00,30.320108972848658,30.982843879631,30.281123691781218,30.592998504638672,1390600,0.0,0.0
2025-05-27 00:00:00-04:00,31.353193653062842,31.635831370862636,30.612491884107335,31.6163387298584,1781500,0.0,0.0
2025-05-28 00:00:00-04:00,32.00617950279769,33.02951884210986,31.440904148643206,32.64942169189453,1364100,0.0,0.0
2025-05-29 00:00:00-04:00,33.097744365794874,33.10749254474048,30.797666748557468,31.38243293762207,1439400,0.0,0.0
2025-05-30 00:00:00-04:00,31.1582716456878,31.30446272986976,30.35909198383396,30.57350730895996,1867500,0.0,0.0
2025-06-02 00:00:00-04:00,30.455614008333463,30.632453357230744,29.22756505638453,29.60089111328125,1762300,0.25,0.0
2025-06-03 00:00:00-04:00,29.679485899218587,31.04507759548991,29.09984852315715,30.995954513549805,1460200,0.0,0.0
2025-06-04 00:00:00-04:00,30.80929283014705,31.53629571391081,30.563683038768595,31.025428771972656,1358000,0.0,0.0
2025-06-05 00:00:00-04:00,30.593153895178236,31.37910632314664,30.416314552038997,30.799467086791992,1560700,0.0,0.0
2025-06-06 00:00:00-04:00,31.172793254356794,31.605065123895983,30.90753423860279,31.231740951538086,899100,0.0,0.0
2025-06-09 00:00:00-04:00,31.74261092883963,31.831030604039494,31.162969794832726,31.320159912109375,1085000,0.0,0.0
2025-06-10 00:00:00-04:00,31.62471540048301,32.9117120569599,31.595243424773187,32.01769256591797,1127000,0.0,0.0
2025-06-11 00:00:00-04:00,32.469612980718985,32.49908870349948,31.53629504377203,31.68366241455078,1173000,0.0,0.0
2025-06-12 00:00:00-04:00,31.113849126594967,31.555945636423317,30.711049209841693,31.359458923339844,1346800,0.0,0.0
2025-06-13 00:00:00-04:00,30.907533212323465,31.70331023316184,30.318071250915022,30.59315299987793,1700500,0.0,0.0
2025-06-16 00:00:00-04:00,31.143322159478853,31.221917217420433,30.229653439749228,31.01560401916504,1864500,0.0,0.0
2025-06-17 00:00:00-04:00,30.789644665546625,31.271039648490863,30.11176109313965,30.11176109313965,1165600,0.0,0.0
2025-06-18 00:00:00-04:00,30.072463190055696,30.416315395861368,29.2963353567138,29.30615997314453,1177100,0.0,0.0
2025-06-20 00:00:00-04:00,29.561593631832654,30.34754418789226,29.394578904438248,30.239477157592773,1339000,0.0,0.0
2025-06-23 00:00:00-04:00,29.836677414694226,30.013514885314,28.844413661478097,29.826852798461914,1520100,0.0,0.0
2025-06-24 00:00:00-04:00,30.082288101084156,30.84858945164578,29.826853692945615,30.60297966003418,1425800,0.0,0.0
2025-06-25 00:00:00-04:00,30.386842696370902,30.544032807809135,29.433875537690945,29.679485321044922,1178700,0.0,0.0
2025-06-26 00:00:00-04:00,29.885798832177805,30.06263817789517,29.571418605948693,29.98404312133789,1142600,0.0,0.0
2025-06-27 00:00:00-04:00,30.42613906939244,30.73069654774498,29.090023131736697,29.522294998168945,6685900,0.0,0.0
2025-06-30 00:00:00-04:00,29.62054034623739,30.02334025256832,29.20791582342839,29.60089111328125,1221900,0.0,0.0
2025-07-01 00:00:00-04:00,29.365105836707123,32.479439916769834,29.227564954202972,31.290687561035156,1855600,0.0,0.0
2025-07-02 00:00:00-04:00,31.55594536237902,31.79173241419799,30.563683441138476,31.62471580505371,1429100,0.0,0.0
2025-07-03 00:00:00-04:00,31.565770219953485,31.831029234137212,30.740521202840068,30.937007904052734,870300,0.0,0.0
2025-07-07 00:00:00-04:00,30.534209119983302,31.831030389558542,30.357369770775133,30.878063201904297,1518800,0.0,0.0
2025-07-08 00:00:00-04:00,30.897711910435557,31.722960943496528,30.141233317820674,31.54612159729004,1321500,0.0,0.0
2025-07-09 00:00:00-04:00,31.58541912911648,32.07663868790394,31.221915831118046,31.899799346923828,797600,0.0,0.0
2025-07-10 00:00:00-04:00,32.10611150693845,33.39310813399976,32.047163809158114,32.528560638427734,984300,0.0,0.0
2025-07-11 00:00:00-04:00,32.184704918432644,32.528560869700826,31.565770952024202,32.263301849365234,947600,0.0,0.0
2025-07-14 00:00:00-04:00,32.292772392282075,32.292772392282075,31.064725382593206,31.310335159301758,1052600,0.0,0.0
2025-07-15 00:00:00-04:00,31.45770117196891,31.575592817384894,30.023339077812334,30.21982765197754,1222400,0.0,0.0
2025-07-16 00:00:00-04:00,30.34754412611212,30.5342080854915,29.14896906209774,29.669662475585938,1390900,0.0,0.0
2025-07-17 00:00:00-04:00,29.758081105686866,30.239476037676702,29.502646715963998,29.875972747802734,1277900,0.0,0.0
2025-07-18 00:00:00-04:00,30.268950081825768,30.35736975638795,29.71878467532531,29.885799407958984,967500,0.0,0.0
2025-07-21 00:00:00-04:00,30.249300600091452,30.99595266245074,30.249300600091452,30.85841178894043,1457900,0.0,0.0
2025-07-22 00:00:00-04:00,31.094199524939572,33.118023701473824,31.074550291707684,32.89206314086914,1532500,0.0,0.0
2025-07-23 00:00:00-04:00,33.32433336109603,33.61906809711605,32.783992591239084,33.33415985107422,1159300,0.0,0.0
2025-07-24 00:00:00-04:00,32.744701348684146,33.481530771496566,32.00787192587172,32.17488479614258,2134100,0.0,0.0
2025-07-25 00:00:00-04:00,25.454997459741392,26.12305636143227,23.087319329477733,25.83814811706543,8108100,0.0,0.0
2025-07-28 00:00:00-04:00,25.622011461017916,26.90900614769326,25.209386967156235,26.064109802246094,3496500,0.0,0.0
2025-07-29 00:00:00-04:00,25.730081220656373,25.8970959469399,24.845886382506976,25.14061737060547,2137000,0.0,0.0
2025-07-30 00:00:00-04:00,25.287983916453953,25.287983916453953,23.961690667138587,24.22694969177246,2177700,0.0,0.0
2025-07-31 00:00:00-04:00,24.11888095164343,24.325194152412035,23.676784448031878,23.8143253326416,1762600,0.0,0.0
2025-08-01 00:00:00-04:00,23.686606944079752,23.79467396923239,22.969424987746518,23.234683990478516,1636500,0.0,0.0
2025-08-04 00:00:00-04:00,23.76520352678574,24.344842774306414,23.26415933619055,24.335018157958984,1624300,0.0,0.0
2025-08-05 00:00:00-04:00,24.335017438627172,24.953953259388147,24.168002713365652,24.84588623046875,1161100,0.0,0.0
2025-08-06 00:00:00-04:00,25.003077129786693,25.26833427629289,24.502032938168814,24.90483283996582,1224900,0.0,0.0
2025-08-07 00:00:00-04:00,25.543418749399777,25.543418749399777,24.669048476457462,25.248687744140625,1223100,0.0,0.0
2025-08-08 00:00:00-04:00,24.983428033868464,25.24868705568127,24.56097889702303,24.914657592773438,914100,0.0,0.0
2025-08-11 00:00:00-04:00,25.29780764889667,25.31745688126153,23.5097687284806,23.598188400268555,1560100,0.0,0.0
2025-08-12 00:00:00-04:00,23.804499657410098,24.649397908390288,23.558889875041803,24.443084716796875,1267800,0.0,0.0
2025-08-13 00:00:00-04:00,24.619924020988197,25.710432052612305,24.42343731971662,25.710432052612305,1501100,0.0,0.0
2025-08-14 00:00:00-04:00,25.062022086167683,25.86762186186146,24.80658769102143,25.828325271606445,1054200,0.0,0.0
2025-08-15 00:00:00-04:00,26.083758681481747,26.29007187737413,25.523768665830087,25.6121883392334,1294700,0.0,0.0
2025-08-18 00:00:00-04:00,25.71043334674599,25.897097315125553,25.091497489498202,25.238862991333008,1225100,0.0,0.0
2025-08-19 00:00:00-04:00,25.602362666894308,25.94621672996327,24.924481030566977,25.111143112182617,1450200,0.0,0.0
2025-08-20 00:00:00-04:00,25.06202223929399,25.63183685537748,24.855709049169427,24.99325180053711,1309300,0.0,0.0
2025-08-21 00:00:00-04:00,24.639573414165067,24.963778253541424,24.27607010996542,24.87535858154297,1069100,0.0,0.0
2025-08-22 00:00:00-04:00,25.130792524504386,26.49638229677291,25.032548238085997,25.828325271606445,1137300,0.0,0.0
2025-08-25 00:00:00-04:00,26.09358361939658,26.43743770088524,25.749729537907914,26.20165252685547,1540700,0.0,0.0
2025-08-26 00:00:00-04:00,26.082643100884216,27.034710172083418,25.983471063363464,26.677684783935547,1718400,0.25,0.0
2025-08-27 00:00:00-04:00,27.054545069223945,28.23470895002521,26.85619721296918,27.996692657470703,1637600,0.0,0.0
2025-08-28 00:00:00-04:00,28.204958684570496,28.512396165757362,27.570246666254704,28.06611442565918,1488400,0.0,0.0
2025-08-29 00:00:00-04:00,28.20495787308653,28.56198136330778,27.95702400051759,28.323965072631836,1307300,0.0,0.0
2025-09-02 00:00:00-04:00,28.016527928197462,28.799999882646077,27.857850399222993,28.78016471862793,1490400,0.0,0.0
2025-09-03 00:00:00-04:00,28.78016497629557,29.404957515778108,27.81818032024173,28.393386840820312,1344200,0.0,0.0
2025-09-04 00:00:00-04:00,28.125619081077215,28.5917340800646,27.669419772387464,28.38347053527832,1127900,0.0,0.0
2025-09-05 00:00:00-04:00,27.937188721404063,29.464460386499628,27.937188721404063,28.502477645874023,1104500,0.0,0.0
2025-09-08 00:00:00-04:00,28.37355338801351,28.671073282718474,28.036363165169025,28.661155700683594,1204500,0.0,0.0
2025-09-09 00:00:00-04:00,28.819833848699837,28.819833848699837,28.145453388535035,28.70082664489746,826200,0.0,0.0
2025-09-10 00:00:00-04:00,28.56198263501745,28.76033049853809,27.838016148862337,28.343801498413086,935400,0.0,0.0
2025-09-11 00:00:00-04:00,28.800000391229098,29.91074311366512,28.740494898123842,29.871074676513672,1205300,0.0,0.0
2025-09-12 00:00:00-04:00,29.523966587588323,29.930577995373998,29.256197545899603,29.355371475219727,1002100,0.0,0.0
2025-09-15 00:00:00-04:00,29.66280841250416,31.32892434161171,29.484295721301873,31.09090805053711,1814200,0.0,0.0
2025-09-16 00:00:00-04:00,30.922313918930794,31.58677679520055,30.446281321730627,31.497520446777344,1429200,0.0,0.0
2025-09-17 00:00:00-04:00,31.795041233436642,32.8066118891927,30.912395359334823,31.09090805053711,1302400,0.0,0.0
2025-09-18 00:00:00-04:00,31.606612560524635,31.735537348706163,31.011570856919306,31.537189483642578,1041400,0.0,0.0
2025-09-19 00:00:00-04:00,31.547106170743042,31.576858917133823,30.65454458645879,31.01156997680664,2166300,0.0,0.0
2025-09-22 00:00:00-04:00,30.83305654212337,30.852891705908156,29.28594970703125,29.28594970703125,1920100,0.0,0.0
2025-09-23 00:00:00-04:00,29.514049066619712,29.94049563946963,29.186776423295303,29.266115188598633,1485300,0.0,0.0
2025-09-24 00:00:00-04:00,29.41487507617765,30.614876026938944,28.71074377201698,29.355371475219727,1890200,0.0,0.0
2025-09-25 00:00:00-04:00,28.91900829230706,28.978511895263207,27.857851563592817,27.98677635192871,1083600,0.0,0.0
2025-09-26 00:00:00-04:00,28.09586657650218,28.98842814618896,27.917353884247753,28.958677291870117,1056000,0.0,0.0
2025-09-29 00:00:00-04:00,28.958678378096202,28.958678378096202,27.897519766734163,28.314048767089844,884700,0.0,0.0
2025-09-30 00:00:00-04:00,28.0264466816231,28.423140520639812,27.431404977305316,27.98677635192871,1026200,0.0,0.0
2025-10-01 00:00:00-04:00,28.423139955483375,28.93884288174375,27.937189775902198,28.790082931518555,1322400,0.0,0.0
2025-10-02 00:00:00-04:00,28.571899514334657,29.375206639400822,28.343800801008133,29.355371475219727,887900,0.0,0.0
2025-10-03 00:00:00-04:00,29.43471129689474,30.357025656982515,29.22644584868842,29.642974853515625,1231500,0.0,0.0
2025-10-06 00:00:00-04:00,29.67272700078679,30.109091161682514,29.40495795490177,29.60330581665039,971000,0.0,0.0
2025-10-07 00:00:00-04:00,29.722312993547348,30.079338387737778,28.700826613746468,28.73057746887207,890300,0.0,0.0
2025-10-08 00:00:00-04:00,29.2066123730126,30.069421232442902,28.740495459182384,29.94049644470215,1107300,0.0,0.0
2025-10-09 00:00:00-04:00,29.742148565598175,29.950414012258392,28.919008144501056,29.067768096923828,681400,0.0,0.0
2025-10-10 00:00:00-04:00,29.087603314305067,29.087603314305067,26.925619534319953,27.233057022094727,1112900,0.0,0.0
2025-10-13 00:00:00-04:00,27.44132272703196,29.57355377988373,27.44132272703196,29.49421501159668,1042800,0.0,0.0
2025-10-14 00:00:00-04:00,29.414875251950775,31.180165151324548,29.18677653726121,30.922313690185547,1149300,0.0,0.0
2025-10-15 00:00:00-04:00,31.42810001225618,31.71570233724512,30.406611717934503,30.45619773864746,922200,0.0,0.0
2025-10-16 00:00:00-04:00,30.26776824404298,30.88264320146024,29.75206532443888,30.228097915649414,1612200,0.0,0.0
2025-10-17 00:00:00-04:00,30.20826266538756,30.862809840918917,29.24627990360885,29.44462776184082,716700,0.0,0.0
2025-10-20 00:00:00-04:00,29.672726489715494,29.861156765972694,28.948760022497517,29.414875030517578,894300,0.0,0.0
2025-10-21 00:00:00-04:00,29.41487547254155,31.03140543496172,29.29586826902208,30.595041275024414,691200,0.0,0.0
2025-10-22 00:00:00-04:00,30.436364166007554,31.338843353523696,30.436364166007554,30.872726440429688,1141800,0.0,0.0
2025-10-23 00:00:00-04:00,31.11074356032099,32.161982663820375,30.90247812107388,31.51735496520996,1158200,0.0,0.0
2025-10-24 00:00:00-04:00,31.5173545662666,32.528923328882065,31.051237675158312,32.0826416015625,2175600,0.0,0.0
2025-10-27 00:00:00-04:00,29.35537052482897,34.651236236677704,28.323964719828414,32.707435607910156,3499300,0.0,0.0
2025-10-28 00:00:00-04:00,32.56859491345226,33.966941857576,30.83305773824765,31.259504318237305,1755500,0.0,0.0
2025-10-29 00:00:00-04:00,31.110743169838624,32.23140344182611,30.793386223941273,31.15041160583496,1555800,0.0,0.0
2025-10-30 00:00:00-04:00,30.96198216015587,32.766942390050126,30.823139793081456,31.765287399291992,1638600,0.0,0.0
2025-10-31 00:00:00-04:00,31.457850367612398,31.70578425040388,30.833057815275446,31.14049530029297,1198300,0.0,0.0
2025-11-03 00:00:00-05:00,30.604959202905583,31.051239058522032,29.752066037846646,30.119009017944336,1540200,0.0,0.0
2025-11-04 00:00:00-05:00,29.75206587686594,30.04958577900044,29.157024181011543,29.454545974731445,817500,0.0,0.0
2025-11-05 00:00:00-05:00,29.42479346409317,32.33057699912836,29.42479346409317,31.745452880859375,1595100,0.0,0.0
2025-11-06 00:00:00-05:00,31.804957106337188,32.39008120126566,30.21817993181228,30.823139190673828,899400,0.0,0.0
2025-11-07 00:00:00-05:00,30.7239661030387,31.527273240034592,30.2776862518486,31.438016891479492,632700,0.0,0.0
2025-11-10 00:00:00-05:00,32.10247661993422,32.55867781866699,31.666114368070968,32.32065963745117,862900,0.0,0.0
2025-11-11 00:00:00-05:00,32.459503925107335,33.24297591340685,32.09256283284423,33.16363525390625,1128400,0.0,0.0
2025-11-12 00:00:00-05:00,33.28264512985625,34.39338784351434,32.89586510248487,32.9355354309082,961000,0.0,0.0
2025-11-13 00:00:00-05:00,32.83636348457947,33.74875834183572,32.59834529654655,32.8165283203125,582600,0.0,0.0
2025-11-14 00:00:00-05:00,32.280989398698175,32.80661178023505,32.062810163752744,32.20165252685547,656300,0.0,0.0
2025-11-17 00:00:00-05:00,31.775206643047124,32.161982886575124,29.930577989448288,30.2876033782959,922800,0.0,0.0
2025-11-18 00:00:00-05:00,29.81156900437226,30.099173211230934,28.244626968799963,28.30413246154785,1101300,0.0,0.0
2025-11-19 00:00:00-05:00,28.353719065078142,29.047934695431298,27.629752579323124,28.373554229736328,1077600,0.0,0.0
2025-11-20 00:00:00-05:00,28.462810643213746,29.742148501181234,28.28429794405888,29.157024383544922,1070300,0.0,0.0
2025-11-21 00:00:00-05:00,29.444628628817473,30.049586020225338,28.601653043888817,30.0,1278500,0.0,0.0
2025-11-24 00:00:00-05:00,29.510000228881836,29.989999771118164,29.010000228881836,29.93000030517578,1536900,0.25,0.0
2025-11-25 00:00:00-05:00,30.209999084472656,32.119998931884766,30.149999618530273,31.200000762939453,1146000,0.0,0.0
2025-11-26 00:00:00-05:00,30.950000762939453,32.7400016784668,30.760000228881836,32.279998779296875,1524100,0.0,0.0
2025-11-28 00:00:00-05:00,32.040000915527344,32.150001525878906,31.719999313354492,31.90999984741211,381100,0.0,0.0
2025-12-01 00:00:00-05:00,31.639999389648438,32.439998626708984,31.25,31.479999542236328,1278800,0.0,0.0
2025-12-02 00:00:00-05:00,31.700000762939453,31.989999771118164,31.0,31.579999923706055,923900,0.0,0.0
2025-12-03 00:00:00-05:00,31.549999237060547,32.349998474121094,31.540000915527344,32.13999938964844,528900,0.0,0.0
2025-12-04 00:00:00-05:00,31.709999084472656,31.84000015258789,31.059999465942383,31.200000762939453,802300,0.0,0.0
2025-12-05 00:00:00-05:00,31.100000381469727,32.66999816894531,31.030000686645508,31.8700008392334,1050900,0.0,0.0
2025-12-08 00:00:00-05:00,31.989999771118164,32.040000915527344,31.020000457763672,31.110000610351562,1096300,0.0,0.0
2025-12-09 00:00:00-05:00,31.010000228881836,32.18000030517578,31.010000228881836,31.75,789900,0.0,0.0
2025-12-10 00:00:00-05:00,31.860000610351562,34.119998931884766,31.739999771118164,33.349998474121094,1648600,0.0,0.0
2025-12-11 00:00:00-05:00,32.52000045776367,33.13999938964844,32.29999923706055,33.060001373291016,1104300,0.0,0.0
2025-12-12 00:00:00-05:00,33.099998474121094,34.15999984741211,32.34000015258789,32.45000076293945,926300,0.0,0.0
2025-12-15 00:00:00-05:00,32.20000076293945,32.45000076293945,31.469999313354492,32.22999954223633,832400,0.0,0.0
2025-12-16 00:00:00-05:00,32.209999084472656,33.08000183105469,31.979999542236328,32.689998626708984,951600,0.0,0.0
2025-12-17 00:00:00-05:00,32.560001373291016,33.25,31.799999237060547,32.119998931884766,1004100,0.0,0.0
2025-12-18 00:00:00-05:00,32.56999969482422,33.380001068115234,32.380001068115234,32.4900016784668,960400,0.0,0.0
2025-12-19 00:00:00-05:00,32.25,32.7599983215332,31.520000457763672,31.959999084472656,1403700,0.0,0.0
2025-12-22 00:00:00-05:00,32.31999969482422,32.66999816894531,31.290000915527344,32.04999923706055,1157700,0.0,0.0
2025-12-23 00:00:00-05:00,32.130001068115234,32.130001068115234,31.18000030517578,31.690000534057617,702700,0.0,0.0
2025-12-24 00:00:00-05:00,31.899999618530273,31.940000534057617,31.309999465942383,31.709999084472656,299600,0.0,0.0
2025-12-26 00:00:00-05:00,31.850000381469727,32.22999954223633,31.309999465942383,31.68000030517578,582800,0.0,0.0
2025-12-29 00:00:00-05:00,31.479999542236328,31.8799991607666,31.110000610351562,31.799999237060547,691400,0.0,0.0
2025-12-30 00:00:00-05:00,32.0,32.65999984741211,31.719999313354492,32.029998779296875,796700,0.0,0.0
2025-12-31 00:00:00-05:00,32.029998779296875,32.540000915527344,31.84000015258789,32.43000030517578,860000,0.0,0.0
2026-01-02 00:00:00-05:00,32.650001525878906,33.459999084472656,32.2599983215332,33.20000076293945,632900,0.0,0.0
2026-01-05 00:00:00-05:00,33.189998626708984,34.08000183105469,33.13999938964844,33.27000045776367,1059000,0.0,0.0
2026-01-06 00:00:00-05:00,33.189998626708984,35.310001373291016,33.189998626708984,35.060001373291016,2226700,0.0,0.0
2026-01-07 00:00:00-05:00,35.16999816894531,36.25,34.29999923706055,34.349998474121094,1411000,0.0,0.0
2026-01-08 00:00:00-05:00,34.27000045776367,35.77000045776367,34.0,34.63999938964844,1224400,0.0,0.0
2026-01-09 00:00:00-05:00,36.54999923706055,38.880001068115234,34.31999969482422,35.63999938964844,2492100,0.0,0.0
2026-01-12 00:00:00-05:00,36.0099983215332,36.81999969482422,35.29999923706055,35.630001068115234,1411700,0.0,0.0
2026-01-13 00:00:00-05:00,36.029998779296875,36.599998474121094,35.5,36.34000015258789,1102000,0.0,0.0
2026-01-14 00:00:00-05:00,36.310001373291016,37.2400016784668,36.0099983215332,36.779998779296875,1443400,0.0,0.0
2026-01-15 00:00:00-05:00,36.52000045776367,37.150001525878906,35.93000030517578,36.7400016784668,1095500,0.0,0.0
2026-01-16 00:00:00-05:00,36.630001068115234,36.630001068115234,35.189998626708984,36.22999954223633,1034700,0.0,0.0
2026-01-20 00:00:00-05:00,35.40999984741211,35.77000045776367,34.25,35.15999984741211,1859300,0.0,0.0
2026-01-21 00:00:00-05:00,37.040000915527344,38.40999984741211,36.7400016784668,38.16999816894531,2021700,0.0,0.0
2026-01-22 00:00:00-05:00,38.689998626708984,39.400001525878906,37.70000076293945,37.77000045776367,1644800,0.0,0.0
2026-01-23 00:00:00-05:00,37.68000030517578,38.43000030517578,35.16999816894531,35.65999984741211,1241300,0.0,0.0
2026-01-26 00:00:00-05:00,35.630001068115234,35.84000015258789,34.970001220703125,35.20000076293945,964800,0.0,0.0
2026-01-27 00:00:00-05:00,35.11000061035156,35.619998931884766,34.189998626708984,34.86000061035156,701800,0.0,0.0
2026-01-28 00:00:00-05:00,34.81999969482422,34.81999969482422,32.709999084472656,33.029998779296875,1077800,0.0,0.0
2026-01-29 00:00:00-05:00,32.77000045776367,33.959999084472656,32.2400016784668,33.61000061035156,1116400,0.0,0.0
2026-01-30 00:00:00-05:00,33.5099983215332,35.040000915527344,33.369998931884766,34.61000061035156,1063100,0.0,0.0
2026-02-02 00:00:00-05:00,35.04999923706055,36.400001525878906,34.900001525878906,36.38999938964844,930400,0.0,0.0
2026-02-03 00:00:00-05:00,36.38999938964844,37.88999938964844,36.15999984741211,36.79999923706055,1138900,0.0,0.0
2026-02-04 00:00:00-05:00,37.0,38.880001068115234,37.0,38.459999084472656,1064200,0.0,0.0
2026-02-05 00:00:00-05:00,37.72999954223633,38.560001373291016,37.34000015258789,37.93000030517578,870900,0.0,0.0
2026-02-06 00:00:00-05:00,38.13999938964844,38.84000015258789,36.65999984741211,36.790000915527344,1052800,0.0,0.0
2026-02-09 00:00:00-05:00,37.04999923706055,37.70000076293945,35.97999954223633,37.61000061035156,1300300,0.0,0.0
2026-02-10 00:00:00-05:00,37.27000045776367,38.61000061035156,37.27000045776367,37.97999954223633,942400,0.0,0.0
2026-02-11 00:00:00-05:00,38.220001220703125,38.880001068115234,37.470001220703125,37.81999969482422,1487700,0.0,0.0
2026-02-12 00:00:00-05:00,38.41999816894531,39.400001525878906,37.279998779296875,38.130001068115234,874400,0.0,0.0
2026-02-13 00:00:00-05:00,38.5,40.18000030517578,38.380001068115234,40.04999923706055,1387400,0.0,0.0
2026-02-17 00:00:00-05:00,40.59000015258789,41.150001525878906,39.779998779296875,40.79999923706055,1000800,0.0,0.0
2026-02-18 00:00:00-05:00,40.33000183105469,41.58000183105469,40.33000183105469,41.029998779296875,1003600,0.0,0.0
2026-02-19 00:00:00-05:00,41.650001525878906,42.2599983215332,41.06999969482422,42.029998779296875,1339200,0.0,0.0
2026-02-20 00:00:00-05:00,41.93000030517578,44.439998626708984,41.69499969482422,44.369998931884766,1445674,0.0,0.0
