Date,Open,High,Low,Close,Volume,Dividends,Stock Splits
2022-01-03 00:00:00-05:00,5.120275049322045,5.235238148936266,5.04952865623076,5.19102144241333,596700,0.0,0.0
2022-01-04 00:00:00-05:00,5.199863221881355,5.2352364066548365,4.84613095246491,4.987623691558838,1031200,0.0,0.0
2022-01-05 00:00:00-05:00,5.0495278183729795,5.0495278183729795,4.73116868060511,4.77538537979126,948700,0.0,0.0
2022-01-06 00:00:00-05:00,4.775385678307262,4.881505256969669,4.61620588863193,4.71348237991333,719500,0.0,0.0
2022-01-07 00:00:00-05:00,4.695795783469595,4.828445467638465,4.65157950320112,4.71348237991333,538700,0.0,0.0
2022-01-10 00:00:00-05:00,4.607363151560453,4.704639650238033,4.536616760406487,4.651579856872559,644200,0.0,0.0
2022-01-11 00:00:00-05:00,4.660422077267777,4.846131530313195,4.651578990860777,4.793071746826172,580800,0.0,0.0
2022-01-12 00:00:00-05:00,4.8638180796643065,4.899191268327331,4.704638730680695,4.722325325012207,418600,0.0,0.0
2022-01-13 00:00:00-05:00,4.757699044932105,4.801915324857354,4.633892449105285,4.642735958099365,427000,0.0,0.0
2022-01-14 00:00:00-05:00,4.563146099300726,4.731168976357065,4.554303011919719,4.71348237991333,444200,0.0,0.0
2022-01-18 00:00:00-05:00,4.6427356891661224,4.7665418561396775,4.580832394838497,4.5896759033203125,857700,0.0,0.0
2022-01-19 00:00:00-05:00,4.642735524295409,4.669265627117035,4.536615956372259,4.563145637512207,716500,0.0,0.0
2022-01-20 00:00:00-05:00,4.598519096599787,4.713482179435208,4.545459309525371,4.61620569229126,774800,0.0,0.0
2022-01-21 00:00:00-05:00,4.554302671751738,4.846131702117052,4.510085973104155,4.518929481506348,1248000,0.0,0.0
2022-01-24 00:00:00-05:00,4.324376513475011,4.518929481506348,4.200570347616146,4.518929481506348,1073300,0.0,0.0
2022-01-25 00:00:00-05:00,4.430496711676085,4.5454593744724265,4.3509068190864015,4.465869903564453,455600,0.0,0.0
2022-01-26 00:00:00-05:00,4.6162058096489895,4.669266019754058,4.3420633586208,4.386280059814453,555400,0.0,0.0
2022-01-27 00:00:00-05:00,4.421653413819718,4.457026607395737,4.200570743128732,4.227100849151611,681100,0.0,0.0
2022-01-28 00:00:00-05:00,4.227100985309994,4.33322056945625,4.147511086359429,4.324377059936523,380700,0.0,0.0
2022-01-31 00:00:00-05:00,4.315533681053451,4.5808326235269945,4.315533681053451,4.5719895362854,514100,0.0,0.0
2022-02-01 00:00:00-05:00,4.59851964182533,4.69579614050291,4.501243564829504,4.651579856872559,454500,0.0,0.0
2022-02-02 00:00:00-05:00,4.651578494000994,4.651578494000994,4.4304958755792345,4.492398738861084,335200,0.0,0.0
2022-02-03 00:00:00-05:00,4.421653089058579,4.518929575088744,4.359749794006348,4.359749794006348,249000,0.0,0.0
2022-02-04 00:00:00-05:00,4.368593415030586,4.47471299069569,4.32437671432927,4.465869903564453,280100,0.0,0.0
2022-02-07 00:00:00-05:00,4.474712008295302,4.510085192417666,4.395122133179172,4.430495738983154,256000,0.0,0.0
2022-02-08 00:00:00-05:00,4.439338824172937,4.483555515166701,4.377435541117991,4.430495738983154,212200,0.0,0.0
2022-02-09 00:00:00-05:00,4.474713271663347,4.563146256936983,4.4570266746086205,4.554303169250488,253600,0.0,0.0
2022-02-10 00:00:00-05:00,4.40396674345808,4.57198962097801,4.368593550473013,4.377436637878418,306100,0.0,0.0
2022-02-11 00:00:00-05:00,4.42165328429249,4.483556582078003,4.235943812617668,4.271317005157471,449600,0.0,0.0
2022-02-14 00:00:00-05:00,4.235942755742868,4.333219221797542,4.174039473402327,4.244786262512207,399500,0.0,0.0
2022-02-15 00:00:00-05:00,4.289003303464588,4.492399357279116,4.289003303464588,4.483556270599365,246100,0.0,0.0
2022-02-16 00:00:00-05:00,4.45702533313987,4.45702533313987,4.3685923744826525,4.395122051239014,277700,0.0,0.0
2022-02-17 00:00:00-05:00,4.359749753490796,4.3685932619939445,4.2713167768677796,4.289003372192383,245200,0.0,0.0
2022-02-18 00:00:00-05:00,4.28016063951564,4.342063517432809,4.200570743128732,4.227100849151611,320700,0.0,0.0
2022-02-22 00:00:00-05:00,4.2005696027349195,4.227099701555261,4.067919951996441,4.165196418762207,411000,0.0,0.0
2022-02-23 00:00:00-05:00,4.28016020174821,4.31553339170632,4.112137338606343,4.147510528564453,543600,0.0,0.0
2022-02-24 00:00:00-05:00,3.9794879558632408,4.2801605141332795,3.9441147633234386,4.271317005157471,686300,0.0,0.0
2022-02-25 00:00:00-05:00,4.253630799131348,4.678109570233944,4.253630799131348,4.501243591308594,624700,0.0,0.0
2022-02-28 00:00:00-05:00,4.421653013319442,4.722325553163305,4.41280950488559,4.704638957977295,594700,0.0,0.0
2022-03-01 00:00:00-05:00,4.686951973187027,4.757698348050253,4.616205176642143,4.695795059204102,295800,0.0,0.0
2022-03-02 00:00:00-05:00,4.6869521363491815,4.8019147886631774,4.669265542017669,4.722325325012207,437000,0.0,0.0
2022-03-03 00:00:00-05:00,4.76654185093738,4.7842284462000135,4.642735684098949,4.740012168884277,332000,0.0,0.0
2022-03-04 00:00:00-05:00,4.695795059204102,4.810758129197674,4.633891770357949,4.695795059204102,371700,0.0,0.0
2022-03-07 00:00:00-05:00,4.6604222424879085,4.740012131380881,4.474712782858765,4.518929481506348,423200,0.0,0.0
2022-03-08 00:00:00-05:00,4.510086238867383,4.686952622198127,4.510086238867383,4.5719895362854,411200,0.0,0.0
2022-03-09 00:00:00-05:00,4.616205852798841,4.713482343325138,4.616205852798841,4.642735958099365,362000,0.0,0.0
2022-03-10 00:00:00-05:00,4.5543039891743335,4.625050390129911,4.5189307886965455,4.598520278930664,190000,0.0,0.0
2022-03-11 00:00:00-05:00,4.642736227236284,4.6515797367430185,4.510086536407471,4.510086536407471,423700,0.0,0.0
2022-03-14 00:00:00-04:00,4.501242847105405,4.501242847105405,4.289003285803395,4.297846794128418,497900,0.0,0.0
2022-03-15 00:00:00-04:00,4.289003994916418,4.536616787093664,4.289003994916418,4.501243591308594,328500,0.0,0.0
2022-03-16 00:00:00-04:00,4.536616380260706,4.669266063399889,4.536616380260706,4.642735958099365,244300,0.0,0.0
2022-03-17 00:00:00-04:00,4.633892135172171,4.686952342178539,4.571989263134223,4.6692657470703125,390300,0.0,0.0
2022-03-18 00:00:00-04:00,4.6515798753639785,4.908035755157471,4.6515798753639785,4.908035755157471,520600,0.0,0.0
2022-03-21 00:00:00-04:00,4.890348204866553,4.925721393694961,4.731168433457047,4.7576985359191895,247000,0.0,0.0
2022-03-22 00:00:00-04:00,4.801915121660267,4.916878203628247,4.784228526102247,4.881505012512207,193700,0.0,0.0
2022-03-23 00:00:00-04:00,4.837288130689374,4.890348337047823,4.775385259407324,4.819601535797119,197800,0.0,0.0
2022-03-24 00:00:00-04:00,4.84613283138771,4.84613283138771,4.740013235923008,4.801916122436523,160400,0.0,0.0
2022-03-25 00:00:00-04:00,4.7930719339073455,4.8019150206595045,4.642735663985413,4.704638957977295,219500,0.0,0.0
2022-03-28 00:00:00-04:00,4.6515787857554125,4.748854840351521,4.607362090625068,4.695795059204102,287100,0.0,0.0
2022-03-29 00:00:00-04:00,4.731168455250474,4.8284449358175205,4.7223253688434745,4.793071746826172,278100,0.0,0.0
2022-03-30 00:00:00-04:00,4.775384762368113,4.8461311345735965,4.66926520405989,4.7842278480529785,451900,0.0,0.0
2022-03-31 00:00:00-04:00,4.757698401356298,4.934564340496001,4.748854893558482,4.916877746582031,356500,0.0,0.0
2022-04-01 00:00:00-04:00,4.908035828462744,4.925722426585708,4.740012935453706,4.863819122314453,354400,0.0,0.0
2022-04-04 00:00:00-04:00,4.863818627215524,4.952251608828553,4.810758838247707,4.8284454345703125,242900,0.0,0.0
2022-04-05 00:00:00-04:00,4.837288608349536,4.890348819947438,4.607362852046105,4.63389253616333,455800,0.0,0.0
2022-04-06 00:00:00-04:00,4.545459875199053,4.571989982878733,4.430497199738453,4.501243591308594,464800,0.0,0.0
2022-04-07 00:00:00-04:00,4.483556818440114,4.527773100604982,4.421653517391211,4.439340114593506,342800,0.0,0.0
2022-04-08 00:00:00-04:00,4.45702691376724,4.45702691376724,4.33322072774086,4.350907325744629,227900,0.0,0.0
2022-04-11 00:00:00-04:00,4.297846835389743,4.395122897808777,4.2536301367034985,4.368593215942383,355300,0.0,0.0
2022-04-12 00:00:00-04:00,4.41281068026715,4.47471399074739,4.306691080885425,4.315534591674805,215300,0.0,0.0
2022-04-13 00:00:00-04:00,4.315533430527903,4.412809492946937,4.2801602402515835,4.368593215942383,137000,0.0,0.0
2022-04-14 00:00:00-04:00,4.36859226173934,4.386278853014334,4.244786122814387,4.253629207611084,187300,0.0,0.0
2022-04-18 00:00:00-04:00,4.227099980959787,4.26247316727061,4.120980000345675,4.21825647354126,277700,0.0,0.0
2022-04-19 00:00:00-04:00,4.209414147005992,4.333220321423309,4.200570637992467,4.306690216064453,206000,0.0,0.0
2022-04-20 00:00:00-04:00,4.262472854369274,4.324375715028203,4.235942755742868,4.244786262512207,197200,0.0,0.0
2022-04-21 00:00:00-04:00,4.28016020174821,4.31553339170632,4.129823933585398,4.147510528564453,273300,0.0,0.0
2022-04-22 00:00:00-04:00,4.129825204319313,4.218258206425139,4.103295092846657,4.120981693267822,303100,0.0,0.0
2022-04-25 00:00:00-04:00,4.112137424446874,4.147510615143396,4.0767642337503505,4.138667106628418,272800,0.0,0.0
2022-04-26 00:00:00-04:00,4.12982460802247,4.165197803757337,4.05023470677814,4.059078216552734,273100,0.0,0.0
2022-04-27 00:00:00-04:00,4.032548108910706,4.094451412287602,3.9883318250829993,4.059078216552734,336700,0.0,0.0
2022-04-28 00:00:00-04:00,4.085607340365907,4.244787120952694,4.085607340365907,4.1740403175354,324300,0.0,0.0
2022-04-29 00:00:00-04:00,4.138666770808119,4.2713164359974485,4.11213709077925,4.129823684692383,188600,0.0,0.0
2022-05-02 00:00:00-04:00,4.094450764133266,4.200570334539069,4.094450764133266,4.1828837394714355,254600,0.0,0.0
2022-05-03 00:00:00-04:00,4.174039473402327,4.2713159394570015,4.15635288154526,4.244786262512207,143900,0.0,0.0
2022-05-04 00:00:00-04:00,4.2801600803048325,4.350906458213727,4.191726686237041,4.342062950134277,311900,0.0,0.0
2022-05-05 00:00:00-04:00,4.297847364721595,4.324377049855441,4.067921177925638,4.103294372558594,503600,0.0,0.0
2022-05-06 00:00:00-04:00,4.076764404017732,4.076764404017732,3.9618013186117156,4.014861106872559,337300,0.0,0.0
2022-05-09 00:00:00-04:00,3.970644437121172,3.970644437121172,3.8822114559891774,3.899898052215576,372300,0.0,0.0
2022-05-10 00:00:00-04:00,3.970645094504232,3.9883321153406244,3.784936014221762,3.9618020057678223,434600,0.0,0.0
2022-05-11 00:00:00-04:00,3.8733687550081997,4.014861538930479,3.864525245172178,3.9087419509887695,419900,0.0,0.0
2022-05-12 00:00:00-04:00,3.837994634127561,3.952957282519231,3.7849348529433304,3.9264276027679443,511600,0.0,0.0
2022-05-13 00:00:00-04:00,4.262473302326006,4.810758129197674,4.235943200911468,4.695795059204102,1212800,0.0,0.0
2022-05-16 00:00:00-04:00,4.616205657460208,5.111431176448167,4.607362570522048,4.881505012512207,1174200,0.0,0.0
2022-05-17 00:00:00-04:00,4.943407938511895,5.058370590209961,4.908034750038388,5.058370590209961,384200,0.0,0.0
2022-05-18 00:00:00-04:00,5.0053111134446135,5.09374451171546,4.908035050037395,4.925721645355225,503200,0.0,0.0
2022-05-19 00:00:00-04:00,4.890347854560866,5.084900379180908,4.85497424658467,5.084900379180908,301700,0.0,0.0
2022-05-20 00:00:00-04:00,5.120274199725462,5.120274199725462,4.686952403100656,4.77538537979126,287600,0.0,0.0
2022-05-23 00:00:00-04:00,4.819601308772892,4.837287902832031,4.669265470111042,4.837287902832031,203100,0.0,0.0
2022-05-24 00:00:00-04:00,4.748854856250651,4.775384957754012,4.571988918500437,4.580832004547119,368900,0.0,0.0
2022-05-25 00:00:00-04:00,4.571989283241373,4.731168639915464,4.563145774807523,4.704638957977295,237900,0.0,0.0
2022-05-26 00:00:00-04:00,4.713482347632515,4.863818627215524,4.669266067666859,4.8284454345703125,121400,0.0,0.0
2022-05-27 00:00:00-04:00,4.925721200098026,5.111430644989014,4.890348012659901,5.111430644989014,449400,0.0,0.0
2022-05-31 00:00:00-04:00,5.08490059960558,5.146803889145307,4.916877746582031,4.916877746582031,252500,0.0,0.0
2022-06-01 00:00:00-04:00,4.952252038963596,4.996468744451476,4.908035755157471,4.908035755157471,188400,0.0,0.0
2022-06-02 00:00:00-04:00,5.0318415611296965,5.226394122921221,5.005311455499081,5.120274543762207,864300,0.0,0.0
2022-06-03 00:00:00-04:00,5.04952746348456,5.199863724133575,4.943407898914079,5.137960433959961,227400,0.0,0.0
2022-06-06 00:00:00-04:00,5.1468038721408265,5.191020145938836,5.00531069961488,5.031840801239014,214700,0.0,0.0
2022-06-07 00:00:00-04:00,4.978781266186085,5.20870699769233,4.943408076723586,5.049527645111084,559900,0.0,0.0
2022-06-08 00:00:00-04:00,5.067214771730436,5.226394141020193,5.031841578554935,5.1556477546691895,250400,0.0,0.0
2022-06-09 00:00:00-04:00,5.146804193632283,5.208707065152547,4.98762441730775,5.005311012268066,235800,0.0,0.0
2022-06-10 00:00:00-04:00,4.890348454719565,4.9787814313087155,4.890348454719565,4.925721645355225,164600,0.0,0.0
2022-06-13 00:00:00-04:00,4.7930719339073455,4.854974806217535,4.580832369993533,4.704638957977295,429700,0.0,0.0
2022-06-14 00:00:00-04:00,4.713481817005615,4.784228194331665,4.67810862834259,4.722325325012207,370100,0.0,0.0
2022-06-15 00:00:00-04:00,4.713481839042844,4.828444913576004,4.69579524462864,4.7576985359191895,332600,0.0,0.0
2022-06-16 00:00:00-04:00,4.589675718439264,4.651579010273305,4.5189293401613195,4.527772426605225,316000,0.0,0.0
2022-06-17 00:00:00-04:00,4.589675634902738,4.766541577378469,4.589675634902738,4.686952114105225,737200,0.0,0.0
2022-06-21 00:00:00-04:00,4.766542136600332,4.908035328862899,4.766542136600332,4.8284454345703125,250000,0.0,0.0
2022-06-22 00:00:00-04:00,4.731168414158037,4.899191271248423,4.7223253278278445,4.872661590576172,494800,0.0,0.0
2022-06-23 00:00:00-04:00,4.899191421818556,5.031841094301638,4.846131637161661,4.969937801361084,620000,0.0,0.0
2022-06-24 00:00:00-04:00,5.005311383702626,5.031841488952692,4.908035315043058,4.978781700134277,287100,0.0,0.0
2022-06-27 00:00:00-04:00,5.031841094301638,5.031841094301638,4.881504826932924,4.969937801361084,215900,0.0,0.0
2022-06-28 00:00:00-04:00,4.987624398114382,5.014154501293606,4.819601535797119,4.819601535797119,155900,0.0,0.0
2022-06-29 00:00:00-04:00,4.784228765688268,4.784228765688268,4.660422590582127,4.71348237991333,175000,0.0,0.0
2022-06-30 00:00:00-04:00,4.633891931672974,4.722325325012207,4.5631455543469235,4.722325325012207,131200,0.0,0.0
2022-07-01 00:00:00-04:00,4.686952383096378,4.775385359409543,4.678108874624215,4.740012168884277,161400,0.0,0.0
2022-07-05 00:00:00-04:00,4.686952403100656,4.79307197512938,4.633892195404598,4.77538537979126,120400,0.0,0.0
2022-07-06 00:00:00-04:00,4.775385034465876,4.890348106691113,4.740011846347598,4.837287902832031,122300,0.0,0.0
2022-07-07 00:00:00-04:00,4.881504946219802,5.0141546219443764,4.863818350901972,4.925721645355225,217200,0.0,0.0
2022-07-08 00:00:00-04:00,4.890348961110779,4.996468544006348,4.8549753451305175,4.996468544006348,225100,0.0,0.0
2022-07-11 00:00:00-04:00,4.987623878984561,4.987623878984561,4.775384762368113,4.7842278480529785,148700,0.0,0.0
2022-07-12 00:00:00-04:00,4.784228765688268,4.837288555019472,4.686952696088589,4.71348237991333,211100,0.0,0.0
2022-07-13 00:00:00-04:00,4.651578947686157,4.846131485332794,4.598518743009949,4.722325325012207,192100,0.0,0.0
2022-07-14 00:00:00-04:00,4.65157950320112,4.7488555728007995,4.589676204807189,4.71348237991333,256500,0.0,0.0
2022-07-15 00:00:00-04:00,4.731169725460055,4.837289320924757,4.66926683894654,4.801916122436523,122900,0.0,0.0
2022-07-18 00:00:00-04:00,4.83728881720704,5.022998300772818,4.83728881720704,4.95225191116333,277500,0.0,0.0
2022-07-19 00:00:00-04:00,4.961094650237278,5.10258740748214,4.961094650237278,5.014154434204102,167200,0.0,0.0
2022-07-20 00:00:00-04:00,4.98762435271087,5.129117532242547,4.98762435271087,5.049527645111084,125100,0.0,0.0
2022-07-21 00:00:00-04:00,5.040683685471896,5.120273565475461,4.969937312882789,5.084900379180908,204700,0.0,0.0
2022-07-22 00:00:00-04:00,5.058370732144367,5.0672142403517215,4.881504784814092,4.899191379547119,143900,0.0,0.0
2022-07-25 00:00:00-04:00,4.890349038375012,4.916878723677186,4.722326151961511,4.766542434692383,293600,0.0,0.0
2022-07-26 00:00:00-04:00,4.7576985359191895,4.837287999942269,4.713481839042844,4.7576985359191895,132200,0.0,0.0
2022-07-27 00:00:00-04:00,4.793072534541983,4.95225191116333,4.77538593713961,4.95225191116333,202200,0.0,0.0
2022-07-28 00:00:00-04:00,4.978781681641517,4.978781681641517,4.8461319992473255,4.943408489227295,126300,0.0,0.0
2022-07-29 00:00:00-04:00,4.952251840292325,5.040684826038632,4.90803555826004,4.996468544006348,155200,0.0,0.0
2022-08-01 00:00:00-04:00,4.952250506785356,5.058370061105802,4.872661051885833,4.987623691558838,377900,0.0,0.0
2022-08-02 00:00:00-04:00,5.040684666007947,5.226394141020193,4.969938279656944,5.1556477546691895,291800,0.0,0.0
2022-08-03 00:00:00-04:00,5.235237908766258,5.465163675764937,5.164491518920511,5.3944172859191895,542100,0.0,0.0
2022-08-04 00:00:00-04:00,5.394417545758141,5.55359735226021,5.3767309474447735,5.447477340698242,354500,0.0,0.0
2022-08-05 00:00:00-04:00,5.394416144494017,5.447475925651205,5.102587137288654,5.111430644989014,406100,0.0,0.0
2022-08-08 00:00:00-04:00,5.173334082566748,5.252923973918786,5.084901104220984,5.102587699890137,233100,0.0,0.0
2022-08-09 00:00:00-04:00,5.0937446611689055,5.0937446611689055,4.978781577389077,5.022997856140137,224300,0.0,0.0
2022-08-10 00:00:00-04:00,5.1202738225125515,5.279453168828823,5.058370532548724,5.252923488616943,234200,0.0,0.0
2022-08-11 00:00:00-04:00,5.305984036505934,5.332514142228423,5.129118070628426,5.1556477546691895,261200,0.0,0.0
2022-08-12 00:00:00-04:00,5.226394638958972,5.244081237231794,5.084901852776403,5.19102144241333,297900,0.0,0.0
2022-08-15 00:00:00-04:00,5.199863994193767,5.48284951441219,5.1910204858460975,5.3413567543029785,584500,0.0,0.0
2022-08-16 00:00:00-04:00,5.022998028519545,5.022998028519545,4.642735994138392,4.71348237991333,892600,0.0,0.0
2022-08-17 00:00:00-04:00,4.678108172069892,4.686951679213944,4.465869060792185,4.492398738861084,729500,0.0,0.0
2022-08-18 00:00:00-04:00,4.518929321302382,4.8815047193045435,4.518929321302382,4.793071746826172,635500,0.0,0.0
2022-08-19 00:00:00-04:00,4.695795286742012,4.740011984014907,4.625048908450721,4.6781086921691895,301600,0.0,0.0
2022-08-22 00:00:00-04:00,4.589676224330506,4.943408576391606,4.563146118711191,4.93456506729126,516300,0.0,0.0
2022-08-23 00:00:00-04:00,5.084900582805621,5.164490465996362,5.022997293470416,5.031840801239014,356900,0.0,0.0
2022-08-24 00:00:00-04:00,5.005311383702626,5.031841488952692,4.916878402338602,4.978781700134277,170700,0.0,0.0
2022-08-25 00:00:00-04:00,4.996467860917335,5.058370731635868,4.96993775797962,5.049527645111084,152600,0.0,0.0
2022-08-26 00:00:00-04:00,5.0583707757892435,5.120274068729797,4.969937801361084,4.969937801361084,296400,0.0,0.0
2022-08-29 00:00:00-04:00,4.908034866270455,5.067214218170925,4.908034866270455,5.014154434204102,296500,0.0,0.0
2022-08-30 00:00:00-04:00,5.15564780721612,5.270610897049079,4.996468436303989,5.0760579109191895,421700,0.0,0.0
2022-08-31 00:00:00-04:00,5.129117573500857,5.297140013958451,5.084900875476217,5.270610332489014,521900,0.0,0.0
2022-09-01 00:00:00-04:00,5.19986376578566,5.226393446299957,4.961094532748649,5.058370590209961,446900,0.0,0.0
2022-09-02 00:00:00-04:00,5.129117979293976,5.1379610665895195,4.969938191157016,4.978781700134277,302700,0.0,0.0
2022-09-06 00:00:00-04:00,4.952250719735512,5.102586972328185,4.943407634002695,5.084900379180908,312700,0.0,0.0
2022-09-07 00:00:00-04:00,5.19986366726377,5.385573114071881,5.191020159472116,5.332513332366943,567500,0.0,0.0
2022-09-08 00:00:00-04:00,5.2882979437547295,5.297141032050257,5.1291185592993385,5.19102144241333,225200,0.0,0.0
2022-09-09 00:00:00-04:00,5.226393347275408,5.3944162001818725,5.226393347275408,5.332513332366943,242800,0.0,0.0
2022-09-12 00:00:00-04:00,5.332512914819448,5.385572692369688,5.2706096301700205,5.288296222686768,233500,0.0,0.0
2022-09-13 00:00:00-04:00,5.191020216245202,5.2440799985304425,5.0937441595630935,5.137960433959961,219000,0.0,0.0
2022-09-14 00:00:00-04:00,5.084901142689324,5.182177630446432,5.084901142689324,5.173334121704102,255000,0.0,0.0
2022-09-15 00:00:00-04:00,5.173334844140508,5.261767835504615,5.137961647594866,5.19102144241333,147700,0.0,0.0
2022-09-16 00:00:00-04:00,5.1821773159454745,5.22639359192857,5.111430937027176,5.199863910675049,242200,0.0,0.0
2022-09-19 00:00:00-04:00,5.120273731007717,5.173333512164905,5.067213949850529,5.111430644989014,124700,0.0,0.0
2022-09-20 00:00:00-04:00,5.0495280852254965,5.076057768793844,4.925721911315863,4.978781700134277,167300,0.0,0.0
2022-09-21 00:00:00-04:00,4.987623524807966,4.987623524807966,4.863817382239981,4.890347480773926,160000,0.0,0.0
2022-09-22 00:00:00-04:00,4.846131301179929,4.846131301179929,4.678108450574589,4.810758113861084,253700,0.0,0.0
2022-09-23 00:00:00-04:00,4.722325136831453,4.775384917711603,4.571988880163538,4.660421848297119,233800,0.0,0.0
2022-09-26 00:00:00-04:00,4.633892449105285,4.819601921163796,4.625049361792922,4.642735958099365,209400,0.0,0.0
2022-09-27 00:00:00-04:00,4.704638998438776,4.810758570467501,4.704638998438776,4.77538537979126,176200,0.0,0.0
2022-09-28 00:00:00-04:00,4.801914100115183,4.934563749421686,4.713481141138051,4.890347480773926,169100,0.0,0.0
2022-09-29 00:00:00-04:00,4.8284447310225564,4.8549744107999935,4.73116825458142,4.846131324768066,170700,0.0,0.0
2022-09-30 00:00:00-04:00,4.810758470121936,4.916878039937157,4.810758470121936,4.854974746704102,210000,0.0,0.0
2022-10-03 00:00:00-04:00,4.793071589184239,4.916877746582031,4.793071589184239,4.916877746582031,243400,0.0,0.0
2022-10-04 00:00:00-04:00,4.969938437441586,5.076058020337155,4.969938437441586,4.996468544006348,149800,0.0,0.0
2022-10-05 00:00:00-04:00,4.9522513947442866,4.987624585860327,4.863818416954187,4.881505012512207,160800,0.0,0.0
2022-10-06 00:00:00-04:00,4.846132333962395,4.90803563580371,4.757699346818906,4.766542434692383,141200,0.0,0.0
2022-10-07 00:00:00-04:00,4.713482343325138,4.731168939631581,4.580832660185955,4.642735958099365,202000,0.0,0.0
2022-10-10 00:00:00-04:00,4.607362435887694,4.633892117608635,4.483556270599365,4.483556270599365,191500,0.0,0.0
2022-10-11 00:00:00-04:00,4.492399258728462,4.5543025508554855,4.368593096156093,4.412809371948242,272500,0.0,0.0
2022-10-12 00:00:00-04:00,4.412809285889307,4.5012426791123294,4.324376314347956,4.421652793884277,248100,0.0,0.0
2022-10-13 00:00:00-04:00,4.333220563090214,4.510086536407471,4.2890038589200286,4.510086536407471,165000,0.0,0.0
2022-10-14 00:00:00-04:00,4.518929296020632,4.536615890417356,4.35974952476844,4.45702600479126,262100,0.0,0.0
2022-10-17 00:00:00-04:00,4.545459309525371,4.686952496738852,4.492399522450954,4.61620569229126,140200,0.0,0.0
2022-10-18 00:00:00-04:00,4.6604223049467555,4.713482091025947,4.589675923507834,4.625049114227295,90200,0.0,0.0
2022-10-19 00:00:00-04:00,4.598518804883169,4.616205399452655,4.492399237466252,4.527772426605225,133300,0.0,0.0
2022-10-20 00:00:00-04:00,4.510086465772802,4.642736154524124,4.492399868718075,4.554303169250488,120300,0.0,0.0
2022-10-21 00:00:00-04:00,4.5719890623535155,4.740011919343719,4.5719890623535155,4.722325325012207,167500,0.0,0.0
2022-10-24 00:00:00-04:00,4.740012027456536,4.757698622191454,4.633892037365347,4.748855113983154,147200,0.0,0.0
2022-10-25 00:00:00-04:00,4.740012452957283,4.908035328862899,4.740012452957283,4.8284454345703125,170400,0.0,0.0
2022-10-26 00:00:00-04:00,4.828445044084089,4.934564613437617,4.775385259407324,4.819601535797119,143600,0.0,0.0
2022-10-27 00:00:00-04:00,4.757699044932105,4.84613202646432,4.616205852798841,4.642735958099365,153300,0.0,0.0
2022-10-28 00:00:00-04:00,4.642735684098949,4.828445145197443,4.642735684098949,4.740012168884277,120600,0.0,0.0
2022-10-31 00:00:00-04:00,4.695795222674103,4.81960138299469,4.669265542017669,4.722325325012207,229900,0.0,0.0
2022-11-01 00:00:00-04:00,4.801915382558132,4.943408576391606,4.757699102101571,4.93456506729126,167500,0.0,0.0
2022-11-02 00:00:00-04:00,4.93456506729126,5.0229980498861035,4.8372885755960695,4.93456506729126,202900,0.0,0.0
2022-11-03 00:00:00-04:00,4.846131301179929,4.908034589828734,4.793071520201662,4.810758113861084,104700,0.0,0.0
2022-11-04 00:00:00-04:00,4.784228194331665,4.846131485332794,4.67810862834259,4.722325325012207,100600,0.0,0.0
2022-11-07 00:00:00-05:00,4.713481839042844,4.784228216699659,4.6515789694339675,4.7576985359191895,271800,0.0,0.0
2022-11-08 00:00:00-05:00,4.784228732922938,4.94340852150811,4.748855540277726,4.8284454345703125,194900,0.0,0.0
2022-11-09 00:00:00-05:00,4.810758529093356,4.837288211031525,4.669265767605275,4.704638957977295,168900,0.0,0.0
2022-11-10 00:00:00-05:00,4.854974594356474,4.916877885647023,4.731168433457047,4.7576985359191895,222300,0.0,0.0
2022-11-11 00:00:00-05:00,4.7223253278278445,5.005310837300771,4.7223253278278445,4.872661590576172,184500,0.0,0.0
2022-11-14 00:00:00-05:00,5.305983466144037,6.154940854461616,5.305983466144037,6.02229118347168,1754300,0.0,0.0
2022-11-15 00:00:00-05:00,5.942701211557943,6.3052770299696554,5.889641428257084,6.031134605407715,1385800,0.0,0.0
2022-11-16 00:00:00-05:00,6.039978418721112,6.269904595712446,5.969232032472001,6.234531402587891,848900,0.0,0.0
2022-11-17 00:00:00-05:00,6.128410200830189,6.446769298258741,6.048820742734281,6.402552604675293,660100,0.0,0.0
2022-11-18 00:00:00-05:00,6.402553444217211,6.420240461315133,6.031134940476486,6.03997802734375,478600,0.0,0.0
2022-11-21 00:00:00-05:00,6.0399778401949735,6.305277184899743,6.0399778401949735,6.278747081756592,755200,0.0,0.0
2022-11-22 00:00:00-05:00,6.296434191464565,6.367180576722098,6.208001209892648,6.349493980407715,325100,0.0,0.0
2022-11-23 00:00:00-05:00,6.340650437708038,6.411396817884591,6.278747144212709,6.384866714477539,256100,0.0,0.0
2022-11-25 00:00:00-05:00,6.367180119433401,6.411396817884591,6.305277247619761,6.384866714477539,158900,0.0,0.0
2022-11-28 00:00:00-05:00,6.349494140590033,6.349494140590033,6.146098067002574,6.190314769744873,342600,0.0,0.0
2022-11-29 00:00:00-05:00,6.208001155368678,6.358337433561415,6.154941366891544,6.243374347686768,390400,0.0,0.0
2022-11-30 00:00:00-05:00,6.252218000831163,6.420240879058838,6.243374491706784,6.420240879058838,495300,0.0,0.0
2022-12-01 00:00:00-05:00,6.4113965725653195,6.7032255904681906,6.322963600728339,6.667852401733398,593100,0.0,0.0
2022-12-02 00:00:00-05:00,6.614792725924496,6.995054721832275,6.55288943379369,6.995054721832275,567600,0.0,0.0
2022-12-05 00:00:00-05:00,7.012741271599607,7.20729381155136,6.712069164401444,6.773972034454346,697400,0.0,0.0
2022-12-06 00:00:00-05:00,6.7916590002493935,6.888935486383555,6.6147930451706465,6.747442722320557,491800,0.0,0.0
2022-12-07 00:00:00-05:00,6.676696112855654,6.915465354919434,6.605949311552359,6.915465354919434,357900,0.0,0.0
2022-12-08 00:00:00-05:00,6.897778560060828,7.269197463989258,6.712069108096613,7.269197463989258,561800,0.0,0.0
2022-12-09 00:00:00-05:00,7.207293179456335,7.348786766738944,7.101173621516836,7.12770414352417,374200,0.0,0.0
2022-12-12 00:00:00-05:00,7.101174697051191,7.207294271063417,7.039271823051577,7.189608097076416,277200,0.0,0.0
2022-12-13 00:00:00-05:00,7.286882825228338,7.286882825228338,7.0923307302557275,7.216136455535889,555600,0.0,0.0
2022-12-14 00:00:00-05:00,7.2161378669050755,7.242667549887742,7.074645099846296,7.180764675140381,346600,0.0,0.0
2022-12-15 00:00:00-05:00,7.0658014945069,7.127705211771735,6.941995325022335,7.003898620605469,309900,0.0,0.0
2022-12-16 00:00:00-05:00,6.986211527241924,7.1365473686361485,6.924308236069004,6.968524932861328,657700,0.0,0.0
2022-12-19 00:00:00-05:00,6.933151463166459,6.950838056830388,6.729755425190453,6.7651286125183105,247600,0.0,0.0
2022-12-20 00:00:00-05:00,6.720912888597836,7.048115129497599,6.641323416451393,6.986212253570557,288600,0.0,0.0
2022-12-21 00:00:00-05:00,6.977367736485452,7.092331227823471,6.720911917517662,6.7651286125183105,391800,0.0,0.0
2022-12-22 00:00:00-05:00,6.747443034473574,6.747443034473574,6.446770475248164,6.535203456878662,318500,0.0,0.0
2022-12-23 00:00:00-05:00,6.517516593301329,6.5794198887451865,6.455613719539171,6.482143402099609,124600,0.0,0.0
2022-12-27 00:00:00-05:00,6.482143348757615,6.517516539668246,6.208000908359382,6.225687503814697,517300,0.0,0.0
2022-12-28 00:00:00-05:00,6.2522172918343,6.4556133401310785,6.0930375191001485,6.10188102722168,213400,0.0,0.0
2022-12-29 00:00:00-05:00,6.066508190752662,6.190314359879373,5.5978127751075615,6.146097660064697,532600,0.0,0.0
2022-12-30 00:00:00-05:00,6.119568070652147,6.225687645804314,6.084194878934759,6.21684455871582,154100,0.0,0.0
2023-01-03 00:00:00-05:00,6.402553676883438,6.835875912850252,6.402553676883438,6.694383144378662,967400,0.0,0.0
2023-01-04 00:00:00-05:00,6.79165906789775,6.888935555000834,6.6943830024763695,6.703226089477539,245500,0.0,0.0
2023-01-05 00:00:00-05:00,6.641322456870811,6.818188393510096,6.508672793550519,6.7651286125183105,361600,0.0,0.0
2023-01-06 00:00:00-05:00,6.765128675084875,6.85356164422238,6.694382299774871,6.720911979675293,207000,0.0,0.0
2023-01-09 00:00:00-05:00,6.77397323432684,6.853563134700229,6.685540245957381,6.791659832000732,292800,0.0,0.0
2023-01-10 00:00:00-05:00,6.871248450419787,7.065800988535341,6.7297556954266575,6.818188667297363,312800,0.0,0.0
2023-01-11 00:00:00-05:00,6.765129385212538,6.862405872315622,6.685539493793497,6.703226089477539,324800,0.0,0.0
2023-01-12 00:00:00-05:00,6.739215351242602,6.910170136487666,6.66723447935833,6.856184482574463,248500,0.13,0.0
2023-01-13 00:00:00-05:00,6.775206550412727,6.883177863564836,6.748213507604769,6.838189601898193,202300,0.0,0.0
2023-01-17 00:00:00-05:00,6.802199703317196,6.892175804742048,6.739216217799854,6.784204483032227,336600,0.0,0.0
2023-01-18 00:00:00-05:00,6.757211720432087,6.883178259692265,6.631244752132023,6.640242576599121,262500,0.0,0.0
2023-01-19 00:00:00-05:00,6.568261158300064,6.622246813555152,6.4602894187500395,6.514275074005127,273700,0.0,0.0
2023-01-20 00:00:00-05:00,6.550266787191319,6.613249845282835,6.460290254420745,6.559264183044434,240400,0.0,0.0
2023-01-23 00:00:00-05:00,6.5232736632170605,6.811197620737556,6.514275838432091,6.7932024002075195,259000,0.0,0.0
2023-01-24 00:00:00-05:00,6.77520672181322,6.829192379755015,6.532271046555209,6.550266265869141,225700,0.0,0.0
2023-01-25 00:00:00-05:00,6.514276143205427,6.6312452966430735,6.3973074188077,6.586257457733154,283800,0.0,0.0
2023-01-26 00:00:00-05:00,6.604251751326835,6.622246970170783,6.469287395477295,6.469287395477295,134600,0.0,0.0
2023-01-27 00:00:00-05:00,6.4332976123241234,6.595254598397437,6.424299787466765,6.496280670166016,183900,0.0,0.0
2023-01-30 00:00:00-05:00,6.442295210496944,6.5052786993570795,6.31632866181659,6.334323883056641,258400,0.0,0.0
2023-01-31 00:00:00-05:00,6.3433217546918454,6.622247900477058,6.3433217546918454,6.586257457733154,371300,0.0,0.0
2023-02-01 00:00:00-05:00,6.640243573833127,6.730219686817326,6.532272238252088,6.649240970611572,277000,0.0,0.0
2023-02-02 00:00:00-05:00,6.739216394232366,6.8201951021547,6.631245069695857,6.685230731964111,278500,0.0,0.0
2023-02-03 00:00:00-05:00,6.532271429866013,6.721221029229837,6.5232736051611235,6.541268825531006,176800,0.0,0.0
2023-02-06 00:00:00-05:00,6.586258261592906,6.694229603002633,6.505279541015625,6.505279541015625,253600,0.0,0.0
2023-02-07 00:00:00-05:00,6.550266612515022,6.667235329725729,6.523273567595694,6.658237934112549,221400,0.0,0.0
2023-02-08 00:00:00-05:00,6.640243284582101,6.640243284582101,6.415302797400106,6.424300193786621,172600,0.0,0.0
2023-02-09 00:00:00-05:00,6.505278977678134,6.532272025213035,6.34332197958853,6.370314598083496,158400,0.0,0.0
2023-02-10 00:00:00-05:00,6.3343228699993,6.451292003872546,6.271339391212203,6.388308525085449,208100,0.0,0.0
2023-02-13 00:00:00-05:00,6.370313984008192,6.415302249216342,6.226352221805939,6.35231876373291,217500,0.0,0.0
2023-02-14 00:00:00-05:00,6.343322308768394,6.532272364198258,6.307331862880797,6.478286266326904,232700,0.0,0.0
2023-02-15 00:00:00-05:00,6.514275228067235,6.5592634896970345,6.424299133847494,6.469287395477295,162300,0.0,0.0
2023-02-16 00:00:00-05:00,6.4692882127555045,6.514276051028848,6.361316886051581,6.451292991638184,207300,0.0,0.0
2023-02-17 00:00:00-05:00,6.451293035636928,6.460290431736994,6.334323883056641,6.334323883056641,282300,0.0,0.0
2023-02-21 00:00:00-05:00,6.244347937978527,6.253345334310753,6.037402673858204,6.04640007019043,366800,0.0,0.0
2023-02-22 00:00:00-05:00,6.388309297193754,6.703225871111211,6.298333194508752,6.361316680908203,707900,0.0,0.0
2023-02-23 00:00:00-05:00,6.424300423482199,6.766210079193115,6.352319533656733,6.766210079193115,404700,0.0,0.0
2023-02-24 00:00:00-05:00,6.739216007088112,6.91916863335122,6.649239908476499,6.694228172302246,568300,0.0,0.0
2023-02-27 00:00:00-05:00,6.694227851028714,6.856184820756879,6.685230027079442,6.838189601898193,373100,0.0,0.0
2023-02-28 00:00:00-05:00,6.883178234100342,6.982152157671007,6.838189970011889,6.883178234100342,429200,0.0,0.0
2023-03-01 00:00:00-05:00,6.910171235427986,7.0001477686323375,6.829192956199939,6.874180793762207,337100,0.0,0.0
2023-03-02 00:00:00-05:00,6.856184482574463,6.901172742022052,6.766208392719123,6.856184482574463,202000,0.0,0.0
2023-03-03 00:00:00-05:00,6.901173864842845,6.964156923469005,6.865183423045066,6.937164306640625,304100,0.0,0.0
2023-03-06 00:00:00-05:00,6.928166207373467,6.946161427559896,6.75721183012234,6.9011735916137695,426100,0.0,0.0
2023-03-07 00:00:00-05:00,6.856184820756879,6.901173082423521,6.766208726463454,6.838189601898193,250200,0.0,0.0
2023-03-08 00:00:00-05:00,6.946161100327062,7.099120679225745,6.748213687601624,7.045135021209717,547500,0.0,0.0
2023-03-09 00:00:00-05:00,7.01814271709846,7.2790736235688485,6.946161407520516,6.964156627655029,497400,0.0,0.0
2023-03-10 00:00:00-05:00,6.910171235427986,7.018142989465226,6.757212072868382,6.874180793762207,437300,0.0,0.0
2023-03-13 00:00:00-04:00,6.7662093548925135,6.829192841267594,6.649240206927321,6.7932024002075195,452800,0.0,0.0
2023-03-14 00:00:00-04:00,6.874181107940152,7.180100305120919,6.865183711632444,7.162105083465576,527000,0.0,0.0
2023-03-15 00:00:00-04:00,7.063130442580239,7.153106541847271,6.883178244046174,7.0091447830200195,357200,0.0,0.0
2023-03-16 00:00:00-04:00,6.901174320525856,7.450028808702691,6.874181272875221,7.432034015655518,568100,0.0,0.0
2023-03-17 00:00:00-04:00,7.432033170595152,7.432033170595152,7.00014746057219,7.081125736236572,458800,0.0,0.0
2023-03-20 00:00:00-04:00,7.108118939479281,7.2160906911749905,7.00014761682347,7.03613805770874,747900,0.0,0.0
2023-03-21 00:00:00-04:00,7.1171167691481205,7.279074192047119,7.090124151358237,7.279074192047119,337000,0.0,0.0
2023-03-22 00:00:00-04:00,7.297068798506802,7.369049682831223,7.117116587695751,7.1351118087768555,262200,0.0,0.0
2023-03-23 00:00:00-04:00,7.198094445389988,7.486017948620076,7.198094445389988,7.27007532119751,440400,0.0,0.0
2023-03-24 00:00:00-04:00,7.189097001248558,7.342056584941487,7.189097001248558,7.261077880859375,327100,0.0,0.0
2023-03-27 00:00:00-04:00,7.297068285746311,7.441030902358815,7.252080879764655,7.378046989440918,315200,0.0,0.0
2023-03-28 00:00:00-04:00,7.423034896808425,7.423034896808425,7.189096621394117,7.27007532119751,312600,0.0,0.0
2023-03-29 00:00:00-04:00,7.342056658637539,7.387044923365813,7.270075778304212,7.333058834075928,374200,0.0,0.0
2023-03-30 00:00:00-04:00,7.387044690723303,7.575994710167568,7.378046866445064,7.477021217346191,379100,0.0,0.0
2023-03-31 00:00:00-04:00,7.504014306290906,8.322797489596255,7.504014306290906,8.04387092590332,2266400,0.0,0.0
2023-04-03 00:00:00-04:00,7.962892656376657,8.133847029047269,7.6029874042115235,7.863918304443359,789500,0.0,0.0
2023-04-04 00:00:00-04:00,7.87291755933712,7.953896277240232,7.629981405627786,7.665972709655762,551200,0.0,0.0
2023-04-05 00:00:00-04:00,7.629979465015684,7.638977288734168,7.33305814694331,7.42303466796875,337700,0.0,0.0
2023-04-06 00:00:00-04:00,7.378047315674167,7.611985612673739,7.297068608398946,7.540004730224609,281400,0.0,0.0
2023-04-10 00:00:00-04:00,7.513013099856533,7.701963155603821,7.459027001894486,7.665972709655762,256700,0.0,0.0
2023-04-11 00:00:00-04:00,7.638978958129883,7.78294073676773,7.629981132445045,7.638978958129883,326300,0.0,0.0
2023-04-12 00:00:00-04:00,7.702185092693816,7.7112148249597485,7.548683088663629,7.575772285461426,204200,0.03,0.0
2023-04-13 00:00:00-04:00,7.584801216938323,7.738303222189548,7.566742613385475,7.702185153961182,266300,0.0,0.0
2023-04-14 00:00:00-04:00,7.6660670857328155,7.72927435097446,7.593830949276082,7.702185153961182,292200,0.0,0.0
2023-04-17 00:00:00-04:00,7.7202446368350595,7.765392437507609,7.413240625608931,7.548683166503906,388700,0.0,0.0
2023-04-18 00:00:00-04:00,7.5757721050153775,7.602860440045297,7.3048861713482545,7.331974506378174,337700,0.0,0.0
2023-04-19 00:00:00-04:00,7.250708222432424,7.250708222432424,7.015940799932997,7.024970531463623,376800,0.0,0.0
2023-04-20 00:00:00-04:00,6.970792387327751,6.970792387327751,6.817290839925154,6.862438201904297,296600,0.0,0.0
2023-04-21 00:00:00-04:00,6.871468974948423,6.871468974948423,6.483199105777054,6.6367011070251465,735400,0.0,0.0
2023-04-24 00:00:00-04:00,6.609612748575593,6.690878184403403,6.438051714288156,6.519317150115967,498100,0.0,0.0
2023-04-25 00:00:00-04:00,6.438052106188846,6.465140442926612,6.23037299210013,6.2394022941589355,669600,0.0,0.0
2023-04-26 00:00:00-04:00,6.293577942234253,6.293577942234253,6.0768695762202265,6.0858988761901855,379700,0.0,0.0
2023-04-27 00:00:00-04:00,6.1852244146477675,6.221342479477374,6.00463409049973,6.058811187744141,395300,0.0,0.0
2023-04-28 00:00:00-04:00,6.122018122286306,6.149106456096044,5.923368331728812,5.9504570960998535,438000,0.0,0.0
2023-05-01 00:00:00-04:00,5.932398142312568,6.2935788016571586,5.923368410548299,6.112988471984863,489600,0.0,0.0
2023-05-02 00:00:00-04:00,6.11298842986034,6.338726555675804,6.085899665315509,6.302608489990234,623500,0.0,0.0
2023-05-03 00:00:00-04:00,6.284549393216566,6.320667458534718,6.1491064329928475,6.22134256362915,369200,0.0,0.0
2023-05-04 00:00:00-04:00,6.158136077986213,6.257460540933438,6.058811184477693,6.212313175201416,320900,0.0,0.0
2023-05-05 00:00:00-04:00,6.2664898551761885,6.438050866881968,6.239401093091585,6.410962104797363,334000,0.0,0.0
2023-05-08 00:00:00-04:00,6.447080232006186,6.474168994363076,6.15813572985948,6.338726043701172,497100,0.0,0.0
2023-05-09 00:00:00-04:00,6.329696748565456,6.5734938877355775,6.239401161008079,6.492228031158447,662800,0.0,0.0
2023-05-10 00:00:00-04:00,6.447080752732514,6.62767151172167,6.230372358619094,6.302608489990234,400200,0.0,0.0
2023-05-11 00:00:00-04:00,6.302608340624639,6.374844470283854,5.8330730672784465,6.058811187744141,839900,0.0,0.0
2023-05-12 00:00:00-04:00,6.076870302356545,6.275519661606378,6.076870302356545,6.22134256362915,414400,0.0,0.0
2023-05-15 00:00:00-04:00,6.194253944730955,6.528346248822531,6.194253944730955,6.42902135848999,473100,0.0,0.0
2023-05-16 00:00:00-04:00,6.392904061918102,6.419992828190546,6.203283989694995,6.374845027923584,377600,0.0,0.0
2023-05-17 00:00:00-04:00,6.401933465421098,6.555435461771986,6.329697333152753,6.465139865875244,277300,0.0,0.0
2023-05-18 00:00:00-04:00,6.456110896179583,6.51931729987973,6.3477566922124735,6.374845027923584,305400,0.0,0.0
2023-05-19 00:00:00-04:00,6.401932938481598,6.492228096384886,6.3838739069009405,6.419991970062256,228400,0.0,0.0
2023-05-22 00:00:00-04:00,6.419991937631488,6.510287095078647,6.338726080648407,6.456110000610352,264300,0.0,0.0
2023-05-23 00:00:00-04:00,6.447081089019775,6.618642125255708,6.4199927536232915,6.447081089019775,296600,0.0,0.0
2023-05-24 00:00:00-04:00,6.347755710868733,6.429021136000011,6.2755191554968786,6.410962104797363,256200,0.0,0.0
2023-05-25 00:00:00-04:00,6.410962238991289,6.465139333733261,6.293578318436377,6.419991970062256,323400,0.0,0.0
2023-05-26 00:00:00-04:00,6.4199926308221364,6.51931709945781,6.4199926308221364,6.474169731140137,247400,0.0,0.0
2023-05-30 00:00:00-04:00,6.510286197462361,6.528345226461875,6.248430061688802,6.311636447906494,313100,0.0,0.0
2023-05-31 00:00:00-04:00,6.32969740362123,6.4199925699619165,6.320667671706503,6.392903804779053,281500,0.0,0.0
2023-06-01 00:00:00-04:00,6.45611005886719,6.754084296412229,6.401932963910027,6.654759407043457,599300,0.0,0.0
2023-06-02 00:00:00-04:00,6.763113957488209,6.763113957488209,6.609612395540636,6.681848526000977,317500,0.0,0.0
2023-06-05 00:00:00-04:00,6.636700948174513,6.835350744056617,6.636700948174513,6.6999077796936035,396000,0.0,0.0
2023-06-06 00:00:00-04:00,6.6999077750825515,7.648008094409824,6.627671642288344,7.08817720413208,5068100,0.0,0.0
2023-06-07 00:00:00-04:00,7.133324298843745,7.178471662106549,6.916615491273966,7.070117473602295,545000,0.0,0.0
2023-06-08 00:00:00-04:00,7.10623572594405,7.322944108731673,6.952733739522174,7.124294757843018,405100,0.0,0.0
2023-06-09 00:00:00-04:00,7.124295270529184,7.241679632161744,7.061088869614909,7.08817720413208,395500,0.0,0.0
2023-06-12 00:00:00-04:00,7.088177774869902,7.223620750045526,7.043030403518927,7.133325576782227,474900,0.0,0.0
2023-06-13 00:00:00-04:00,7.151383533209974,7.205560628999591,6.997881546525417,7.006911277770996,635000,0.0,0.0
2023-06-14 00:00:00-04:00,6.979823652784944,6.988852954941633,6.7450557688520725,6.79020357131958,372800,0.0,0.0
2023-06-15 00:00:00-04:00,6.736025957482758,6.871468924085059,6.72699622544732,6.826321125030518,430100,0.0,0.0
2023-06-16 00:00:00-04:00,6.826320756109222,6.835350487656657,6.4470806423429385,6.564464569091797,1195000,0.0,0.0
2023-06-20 00:00:00-04:00,6.537375427032158,6.600582252525807,6.383873874652624,6.456110000610352,523600,0.0,0.0
2023-06-21 00:00:00-04:00,6.419993142550407,6.555436119422029,6.419993142550407,6.438052177429199,398400,0.0,0.0
2023-06-22 00:00:00-04:00,6.419992057856822,6.474169153339676,6.3387261993519,6.42902135848999,497600,0.0,0.0
2023-06-23 00:00:00-04:00,6.4109634457247004,6.492229318414943,5.805985128055902,6.013664245605469,4994800,0.0,0.0
2023-06-26 00:00:00-04:00,6.112988471984863,6.347756331120156,6.0407523401159455,6.112988471984863,988800,0.0,0.0
2023-06-27 00:00:00-04:00,6.112988464137097,6.311637826521599,6.0858996994403745,6.266490459442139,582900,0.0,0.0
2023-06-28 00:00:00-04:00,6.24843139146188,6.302608489990234,6.131047462703124,6.302608489990234,371900,0.0,0.0
2023-06-29 00:00:00-04:00,6.2935786025141915,6.410962528367547,6.27551957011839,6.365815162658691,264000,0.0,0.0
2023-06-30 00:00:00-04:00,6.392903804779053,6.48319897111974,6.338726704974641,6.392903804779053,494000,0.0,0.0
2023-07-03 00:00:00-04:00,6.419993280615059,6.582524598019496,6.374845477166478,6.528347492218018,457600,0.0,0.0
2023-07-05 00:00:00-04:00,6.501257028751622,6.889526831591342,6.447079937077505,6.736024856567383,1356500,0.0,0.0
2023-07-06 00:00:00-04:00,6.73602579244285,6.73602579244285,6.311637869524355,6.465139865875244,929100,0.0,0.0
2023-07-07 00:00:00-04:00,6.501257932009417,6.681848693241591,6.456110564622357,6.465139865875244,489500,0.0,0.0
2023-07-10 00:00:00-04:00,6.44707951309965,6.528345360547185,6.410961454358796,6.510286331176758,262400,0.0,0.0
2023-07-11 00:00:00-04:00,6.546405729957788,6.546405729957788,6.356785667472726,6.465139865875244,401700,0.0,0.0
2023-07-12 00:00:00-04:00,6.528613172579046,6.564883212131032,6.437938073699083,6.4651408195495605,299700,0.03,0.0
2023-07-13 00:00:00-04:00,6.447004536549932,6.601152390628686,6.4198017960295495,6.51954460144043,367700,0.0,0.0
2023-07-14 00:00:00-04:00,6.501410220280391,6.501410220280391,6.3653973691384245,6.410735130310059,280400,0.0,0.0
2023-07-17 00:00:00-04:00,6.428870779997575,6.5467481923550395,6.428870779997575,6.4651408195495605,257800,0.0,0.0
2023-07-18 00:00:00-04:00,6.419802370089203,6.447005113042058,6.31099226302364,6.392600059509277,337600,0.0,0.0
2023-07-19 00:00:00-04:00,6.392600090657191,6.465140162387683,6.274722257908674,6.329127311706543,366000,0.0,0.0
2023-07-20 00:00:00-04:00,6.3291270242098765,6.35632976605961,6.274721972883323,6.320059299468994,310700,0.0,0.0
2023-07-21 00:00:00-04:00,6.356330673811683,6.365397967474559,6.274722868980927,6.301925182342529,300900,0.0,0.0
2023-07-24 00:00:00-04:00,6.283789809428865,6.4288703912365985,6.283789809428865,6.419802665710449,230400,0.0,0.0
2023-07-25 00:00:00-04:00,6.410734474813712,6.5195445716522995,6.410734474813712,6.437936782836914,283200,0.0,0.0
2023-07-26 00:00:00-04:00,6.401667902449287,6.447005667143049,6.220317708420172,6.265655040740967,346900,0.0,0.0
2023-07-27 00:00:00-04:00,6.338193962616906,6.347261686851395,6.220316574178776,6.274721622467041,269600,0.0,0.0
2023-07-28 00:00:00-04:00,6.3109921877328885,6.365397240616612,6.247519409848748,6.2928571701049805,211500,0.0,0.0
2023-07-31 00:00:00-04:00,6.320059795330566,6.474207669036449,6.320059795330566,6.401667594909668,276100,0.0,0.0
2023-08-01 00:00:00-04:00,6.374465231103756,6.546747689557719,6.21124963328198,6.383532524108887,860700,0.0,0.0
2023-08-02 00:00:00-04:00,6.301923387527866,6.356328863502108,6.193113300325085,6.338193416595459,308400,0.0,0.0
2023-08-03 00:00:00-04:00,6.292857275841297,6.365397347571789,6.220317204110804,6.329127311706543,253700,0.0,0.0
2023-08-04 00:00:00-04:00,6.3019245899727245,6.474207477102824,6.274722279168092,6.410735130310059,240700,0.0,0.0
2023-08-07 00:00:00-04:00,6.401666183650174,6.528611285386751,6.283788372994069,6.338193416595459,213800,0.0,0.0
2023-08-08 00:00:00-04:00,6.310991925844877,6.4016670102216615,6.265654167470031,6.365396976470947,165800,0.0,0.0
2023-08-09 00:00:00-04:00,6.365397107187941,6.365397107187941,6.120574158156594,6.174979209899902,272700,0.0,0.0
2023-08-10 00:00:00-04:00,6.184047307172049,6.247519655175689,6.120574526795466,6.138709545135498,215500,0.0,0.0
2023-08-11 00:00:00-04:00,6.129642711391117,6.347262947775832,6.09337223962069,6.301925182342529,411900,0.0,0.0
2023-08-14 00:00:00-04:00,6.320059981378078,6.800638635174512,6.301924962312531,6.619288444519043,712100,0.0,0.0
2023-08-15 00:00:00-04:00,6.619288157607709,6.764368303843623,6.546747652116811,6.610220432281494,330400,0.0,0.0
2023-08-16 00:00:00-04:00,6.610220894667792,6.800638816108672,6.501410777379567,6.528613090515137,421900,0.0,0.0
2023-08-17 00:00:00-04:00,6.528612401005796,6.7643680626042855,6.401667277576647,6.4560723304748535,333400,0.0,0.0
2023-08-18 00:00:00-04:00,6.456072405777723,6.4742074236219835,6.320059555759305,6.392600059509277,359400,0.0,0.0
2023-08-21 00:00:00-04:00,6.3744646738798885,6.465139757869544,6.274721865304815,6.428869724273682,269300,0.0,0.0
2023-08-22 00:00:00-04:00,6.428869778124625,6.501409845923975,6.401667036513413,6.447004795074463,196200,0.0,0.0
2023-08-23 00:00:00-04:00,6.447005037844948,6.555815143641363,6.419802295209382,6.4560723304748535,188100,0.0,0.0
2023-08-24 00:00:00-04:00,6.447004768596507,6.5014098192225775,6.310991925844877,6.365396976470947,188900,0.0,0.0
2023-08-25 00:00:00-04:00,6.365397505725683,6.456072597641701,6.356330212720553,6.383532524108887,156500,0.0,0.0
2023-08-28 00:00:00-04:00,6.401667594909668,6.510477706099839,6.383532576377973,6.401667594909668,175000,0.0,0.0
2023-08-29 00:00:00-04:00,6.383531169116377,6.428868921637295,6.292856096447394,6.338193416595459,453000,0.0,0.0
2023-08-30 00:00:00-04:00,6.29285724517938,6.447005113042058,6.265654502226524,6.392600059509277,305100,0.0,0.0
2023-08-31 00:00:00-04:00,6.392599717970437,6.437937043972375,6.347261959595591,6.365396976470947,189900,0.0,0.0
2023-09-01 00:00:00-04:00,6.410735130310059,6.49234249509689,6.392600112315992,6.410735130310059,240700,0.0,0.0
2023-09-05 00:00:00-04:00,6.374464427181972,6.383531719043572,6.229383866040376,6.274721622467041,241500,0.0,0.0
2023-09-06 00:00:00-04:00,6.274722257908674,6.437937419302282,6.265654532755895,6.329127311706543,230200,0.0,0.0
2023-09-07 00:00:00-04:00,6.2747221827774124,6.2747221827774124,6.174979369155803,6.229384422302246,421800,0.0,0.0
2023-09-08 00:00:00-04:00,6.1931145149963145,6.27472231259077,6.184047222137451,6.184047222137451,185500,0.0,0.0
2023-09-11 00:00:00-04:00,6.193114227147672,6.28378931338652,6.165911917462476,6.174979209899902,237400,0.0,0.0
2023-09-12 00:00:00-04:00,6.174978757159935,6.220316513141722,6.075235953423733,6.11150598526001,293200,0.0,0.0
2023-09-13 00:00:00-04:00,6.093371783098947,6.184047307172049,6.048034453435339,6.138709545135498,224100,0.0,0.0
2023-09-14 00:00:00-04:00,6.138709984852243,6.211250063408428,6.138709984852243,6.202182769775391,168800,0.0,0.0
2023-09-15 00:00:00-04:00,6.211249244395441,6.26565429613875,6.093371416098481,6.174979209899902,636000,0.0,0.0
2023-09-18 00:00:00-04:00,6.1840473934720475,6.1840473934720475,6.093371868133545,6.093371868133545,220100,0.0,0.0
2023-09-19 00:00:00-04:00,6.075236816524307,6.19311465292539,6.075236816524307,6.156844615936279,235100,0.0,0.0
2023-09-20 00:00:00-04:00,6.1659118379378866,6.193114147272242,6.0752363204956055,6.0752363204956055,208800,0.0,0.0
2023-09-21 00:00:00-04:00,6.029898778024751,6.102438843480277,5.921088679841461,6.0026960372924805,401800,0.0,0.0
2023-09-22 00:00:00-04:00,6.06616968695206,6.138709762885299,5.993629611018821,6.04803466796875,190400,0.0,0.0
2023-09-25 00:00:00-04:00,6.020831269453984,6.102439062202873,6.020831269453984,6.0752363204956055,176800,0.0,0.0
2023-09-26 00:00:00-04:00,6.038966602894523,6.075236638822729,6.002696566966317,6.02083158493042,209900,0.0,0.0
2023-09-27 00:00:00-04:00,6.038967646392431,6.111507730783342,5.939225246541433,5.95736026763916,200400,0.0,0.0
2023-09-28 00:00:00-04:00,5.948292355935572,6.020832438070776,5.893887294334171,5.984562397003174,167800,0.0,0.0
2023-09-29 00:00:00-04:00,6.002696271077882,6.084304064080155,5.975493961659066,5.993628978729248,205100,0.0,0.0
2023-10-02 00:00:00-04:00,5.975493582060417,6.147776449469171,5.966425857914905,6.11150598526001,300900,0.0,0.0
2023-10-03 00:00:00-04:00,6.084304064080155,6.084304064080155,5.912021185726975,5.993628978729248,258900,0.0,0.0
2023-10-04 00:00:00-04:00,5.975493961659066,6.0571013222884265,5.930156202797157,5.993628978729248,289900,0.0,0.0
2023-10-05 00:00:00-04:00,5.984561885340686,6.075236980257236,5.957359573052201,6.04803466796875,213800,0.0,0.0
2023-10-06 00:00:00-04:00,6.00269597254283,6.2384516151031475,6.00269597254283,6.211248874664307,291800,0.0,0.0
2023-10-09 00:00:00-04:00,6.156844649395906,6.1931146865821285,6.057101830947323,6.093371868133545,188900,0.0,0.0
2023-10-10 00:00:00-04:00,6.102439424542996,6.229384551177642,6.102439424542996,6.184047222137451,282400,0.0,0.0
2023-10-11 00:00:00-04:00,6.202182769775391,6.256587828692529,6.184047750136345,6.202182769775391,190700,0.0,0.0
2023-10-12 00:00:00-04:00,6.229384390474171,6.229384390474171,6.038966489248067,6.129642009735107,191200,0.0,0.0
2023-10-13 00:00:00-04:00,6.166073854925994,6.175182001163112,6.0294547014714395,6.0749945640563965,175600,0.03,0.0
2023-10-16 00:00:00-04:00,6.102316936584373,6.16607264483116,6.074993371835915,6.138748645782471,170200,0.0,0.0
2023-10-17 00:00:00-04:00,6.102317879896603,6.248045173516131,6.102317879896603,6.184289455413818,209800,0.0,0.0
2023-10-18 00:00:00-04:00,6.111426556169945,6.147858274161691,6.029454973538348,6.093210697174072,150700,0.0,0.0
2023-10-19 00:00:00-04:00,6.093210354697479,6.120533924505366,5.956591202757116,5.993022918701172,246000,0.0,0.0
2023-10-20 00:00:00-04:00,6.020347454744505,6.020347454744505,5.947484016418457,5.947484016418457,247200,0.0,0.0
2023-10-23 00:00:00-04:00,5.920159877536299,5.9474838834478465,5.819972434927743,5.829080581665039,381500,0.0,0.0
2023-10-24 00:00:00-04:00,5.8290798069753675,6.038562376789023,5.819971661448552,6.029454231262207,347600,0.0,0.0
2023-10-25 00:00:00-04:00,6.029454628531269,6.05677863261176,5.94748348489042,6.038562774658203,331000,0.0,0.0
2023-10-26 00:00:00-04:00,6.038563057177716,6.147858210012526,5.993023193013046,6.011239051818848,227000,0.0,0.0
2023-10-27 00:00:00-04:00,6.065886750930314,6.065886750930314,5.756217144968032,5.829080581665039,273400,0.0,0.0
2023-10-30 00:00:00-04:00,5.838186979961666,5.911050400257562,5.6651361396087925,5.728891849517822,229400,0.0,0.0
2023-10-31 00:00:00-04:00,5.70156871172002,5.829079706802177,5.6924605663497285,5.819971561431885,198700,0.0,0.0
2023-11-01 00:00:00-04:00,5.7835396502650465,5.86551121858621,5.738000227875713,5.838187217712402,277200,0.0,0.0
2023-11-02 00:00:00-04:00,5.920159552427924,6.0932104222303165,5.911051406190805,6.0749945640563965,309900,0.0,0.0
2023-11-03 00:00:00-04:00,6.147857661868329,6.248045093517673,6.111425947504985,6.193397521972656,288000,0.0,0.0
2023-11-06 00:00:00-05:00,6.220721429447752,6.22982957568487,6.065886417819279,6.0749945640563965,211400,0.0,0.0
2023-11-07 00:00:00-05:00,6.056778453509493,6.211613458686323,6.0385625960945895,6.184289455413818,214800,0.0,0.0
2023-11-08 00:00:00-05:00,6.193397933367198,6.238937362196174,6.056778778279624,6.11142635345459,252200,0.0,0.0
2023-11-09 00:00:00-05:00,6.111426556169945,6.184289992153437,6.093210697174072,6.093210697174072,235200,0.0,0.0
2023-11-10 00:00:00-05:00,6.093210495062935,6.1660739286295545,6.047670631933636,6.11142635345459,300900,0.0,0.0
2023-11-13 00:00:00-05:00,5.938375515415665,5.965699520308979,5.473870906631939,5.719785213470459,898500,0.0,0.0
2023-11-14 00:00:00-05:00,5.7380006485347925,5.819971788565089,5.410114785512729,5.583165645599365,899400,0.0,0.0
2023-11-15 00:00:00-05:00,5.583165279038224,5.856403118367013,5.583165279038224,5.747107982635498,679200,0.0,0.0
2023-11-16 00:00:00-05:00,5.728892276989896,5.892834984888554,5.628704849457245,5.865511417388916,409000,0.0,0.0
2023-11-17 00:00:00-05:00,5.883728159187795,5.929268024273595,5.783540716579239,5.829080581665039,390400,0.0,0.0
2023-11-20 00:00:00-05:00,5.82908091185425,6.002131800962308,5.82908091185425,5.9292683601379395,362200,0.0,0.0
2023-11-21 00:00:00-05:00,5.901942369691383,5.993021640120219,5.819970809155322,5.847294807434082,270800,0.0,0.0
2023-11-22 00:00:00-05:00,5.901943756291674,5.965699477720712,5.901943756291674,5.938375473022461,184800,0.0,0.0
2023-11-24 00:00:00-05:00,5.965698719024658,6.056777999268491,5.938374717801375,5.965698719024658,127400,0.0,0.0
2023-11-27 00:00:00-05:00,5.929268024273595,5.929268024273595,5.810864722490788,5.829080581665039,360000,0.0,0.0
2023-11-28 00:00:00-05:00,5.792647991656179,5.901943130255284,5.765323989856265,5.865511417388916,185900,0.0,0.0
2023-11-29 00:00:00-05:00,5.83818796298022,6.00213112055054,5.83818796298022,5.901943683624268,259800,0.0,0.0
2023-11-30 00:00:00-05:00,5.901943683624268,5.9656994042683165,5.83818796298022,5.901943683624268,230100,0.0,0.0
2023-12-01 00:00:00-05:00,5.865511967342044,5.947483546127205,5.792648534777598,5.901943683624268,312600,0.0,0.0
2023-12-04 00:00:00-05:00,5.883728492472526,5.965700080550124,5.856404485013206,5.9292683601379395,244500,0.0,0.0
2023-12-05 00:00:00-05:00,5.911050841321739,5.938374843121653,5.856403272022186,5.865511417388916,290400,0.0,0.0
2023-12-06 00:00:00-05:00,5.8928351402282715,5.9930225704019415,5.865511572008362,5.8928351402282715,396800,0.0,0.0
2023-12-07 00:00:00-05:00,5.9110513346829965,6.05677863261176,5.874619618775883,6.038562774658203,393700,0.0,0.0
2023-12-08 00:00:00-05:00,6.020345924919442,6.1023170550564565,5.993021925340277,6.08410120010376,316000,0.0,0.0
2023-12-11 00:00:00-05:00,6.065886555355355,6.084102413942296,5.9292678331034665,5.974807262420654,344000,0.0,0.0
2023-12-12 00:00:00-05:00,5.965698719024658,5.9748064298989085,5.892834860529326,5.965698719024658,265600,0.0,0.0
2023-12-13 00:00:00-05:00,5.9565909524071365,6.138749524471458,5.90194338078784,6.102317810058594,489700,0.0,0.0
2023-12-14 00:00:00-05:00,6.111425081034013,6.193396643879849,6.047669372787227,6.138748645782471,483500,0.0,0.0
2023-12-15 00:00:00-05:00,6.175181664790984,6.202505233413346,6.011238515855641,6.193397521972656,1515700,0.0,0.0
2023-12-18 00:00:00-05:00,6.21161360673768,6.330016465606491,6.193397748888609,6.257153034210205,397000,0.0,0.0
2023-12-19 00:00:00-05:00,6.2844773138021,6.348232601920316,6.211613879209665,6.275369167327881,333200,0.0,0.0
2023-12-20 00:00:00-05:00,6.2844767570495605,6.484851184427243,6.275368611382248,6.2844767570495605,411600,0.0,0.0
2023-12-21 00:00:00-05:00,6.330016479108584,6.439312060736452,6.293584763332731,6.430203914642334,197500,0.0,0.0
2023-12-22 00:00:00-05:00,6.421095648049983,6.484850927998956,6.41198750274283,6.439311504364014,264700,0.0,0.0
2023-12-26 00:00:00-05:00,6.4393116592253445,6.503066940707591,6.4393116592253445,6.466635227203369,182000,0.0,0.0
2023-12-27 00:00:00-05:00,6.503067291983163,6.548607153473505,6.448419718774937,6.521283149719238,220600,0.0,0.0
2023-12-28 00:00:00-05:00,6.539499282836914,6.63057900965301,6.5212834243337605,6.539499282836914,261800,0.0,0.0
2023-12-29 00:00:00-05:00,6.54860720806401,6.54860720806401,6.430203914642334,6.430203914642334,213500,0.0,0.0
2024-01-02 00:00:00-05:00,6.402881011800851,6.466636303898355,6.339125285402992,6.457528591156006,253600,0.0,0.0
2024-01-03 00:00:00-05:00,6.439312041059361,6.475743756723887,6.293584744100951,6.302692890167236,415900,0.0,0.0
2024-01-04 00:00:00-05:00,6.339124328152565,6.366447896553923,6.220721040279244,6.2844767570495605,227600,0.0,0.0
2024-01-05 00:00:00-05:00,6.248045596505882,6.311800884624098,6.248045596505882,6.275369167327881,330800,0.0,0.0
2024-01-08 00:00:00-05:00,6.275368565466278,6.357340138671155,6.266260854165895,6.330016136169434,193800,0.0,0.0
2024-01-09 00:00:00-05:00,6.257152602584334,6.2844766046232525,6.211613178253174,6.211613178253174,182700,0.0,0.0
2024-01-10 00:00:00-05:00,6.211613332674622,6.33001618631937,6.211613332674622,6.238936901092529,202800,0.0,0.0
2024-01-11 00:00:00-05:00,6.206848659977269,6.280193921521163,6.096830767661429,6.170176029205322,218400,0.045,0.0
2024-01-12 00:00:00-05:00,6.188512060543732,6.252689380035075,6.188512060543732,6.234353065490723,161700,0.0,0.0
2024-01-16 00:00:00-05:00,6.21601676940918,6.252689398606808,6.170175764326032,6.21601676940918,199200,0.0,0.0
2024-01-17 00:00:00-05:00,6.1335034176802665,6.170176048567292,6.078494471349729,6.151839733123779,213700,0.0,0.0
2024-01-18 00:00:00-05:00,6.170176298049887,6.206848930419719,6.0693263404467155,6.124335289001465,205400,0.0,0.0
2024-01-19 00:00:00-05:00,6.161007595609968,6.234353293643765,6.069326019533021,6.225184917449951,259600,0.0,0.0
2024-01-22 00:00:00-05:00,6.2801946072741215,6.472726158436051,6.243521972497781,6.445221900939941,413700,0.0,0.0
2024-01-23 00:00:00-05:00,6.399380130527015,6.546070652248864,6.399380130527015,6.4727253913879395,243800,0.0,0.0
2024-01-24 00:00:00-05:00,6.509398352628763,6.5460709849229435,6.3627078234520384,6.371875762939453,231300,0.0,0.0
2024-01-25 00:00:00-05:00,6.436053523659711,6.463558218328111,6.371876194214971,6.445221900939941,220700,0.0,0.0
2024-01-26 00:00:00-05:00,6.454389383567879,6.491062015744903,6.38104411921383,6.42688512802124,188900,0.0,0.0
2024-01-29 00:00:00-05:00,6.6652560738267,6.784442326185544,6.500229257833659,6.6102471351623535,398600,0.0,0.0
2024-01-30 00:00:00-05:00,6.61941538929927,6.646920078531723,6.426884313360918,6.509397506713867,277800,0.0,0.0
2024-01-31 00:00:00-05:00,6.463557412921924,6.500230043128588,6.225184879406373,6.261857509613037,320600,0.0,0.0
2024-02-01 00:00:00-05:00,6.417716026306152,6.4910612823735265,6.381043398272466,6.417716026306152,277800,0.0,0.0
2024-02-02 00:00:00-05:00,6.371875304849599,6.381043680850138,6.289362106705901,6.353538990020752,194300,0.0,0.0
2024-02-05 00:00:00-05:00,6.344370878476231,6.371875131384624,6.243520931076947,6.3076982498168945,212500,0.0,0.0
2024-02-06 00:00:00-05:00,6.289362659337882,6.3076989757779,6.225185333211685,6.280194282531738,139000,0.0,0.0
2024-02-07 00:00:00-05:00,6.298530197727983,6.316866512999898,6.1976806823185715,6.206848621368408,168700,0.0,0.0
2024-02-08 00:00:00-05:00,6.197680774984027,6.362707614898682,6.197680774984027,6.362707614898682,196500,0.0,0.0
2024-02-09 00:00:00-05:00,6.362707294338574,6.463557243347168,6.3352026038190585,6.463557243347168,210500,0.0,0.0
2024-02-12 00:00:00-05:00,6.802779244163176,7.802109478383763,6.793610868317523,7.527064323425293,3105600,0.0,0.0
2024-02-13 00:00:00-05:00,7.527064510478916,7.664586654203465,7.215346718735842,7.307028293609619,1058100,0.0,0.0
2024-02-14 00:00:00-05:00,6.701929650643801,6.701929650643801,6.133503433277209,6.381043910980225,2705700,0.0,0.0
2024-02-15 00:00:00-05:00,6.408546862334665,6.5002288583124095,6.133502185917904,6.179342746734619,1092500,0.0,0.0
2024-02-16 00:00:00-05:00,6.21601681091799,6.500229907683619,6.1335031760862115,6.390211582183838,773100,0.0,0.0
2024-02-20 00:00:00-05:00,6.417716135794904,6.481893454534851,6.289361935487227,6.3076982498168945,635200,0.0,0.0
2024-02-21 00:00:00-05:00,6.289361935487227,6.326034564146563,6.188511988087943,6.3076982498168945,470900,0.0,0.0
2024-02-22 00:00:00-05:00,6.390211774087557,6.390211774087557,6.1976806823185715,6.206848621368408,474600,0.0,0.0
2024-02-23 00:00:00-05:00,6.280193824716369,6.280193824716369,6.1701759340963775,6.261857509613037,497600,0.0,0.0
2024-02-26 00:00:00-05:00,6.243521213531494,6.390211734805064,6.234353274538015,6.243521213531494,354900,0.0,0.0
2024-02-27 00:00:00-05:00,6.261857337320103,6.316866281116546,6.133503135128404,6.21601676940918,397000,0.0,0.0
2024-02-28 00:00:00-05:00,6.161007652926214,6.252689667028324,6.161007652926214,6.170176029205322,319300,0.0,0.0
2024-02-29 00:00:00-05:00,6.234353332194924,6.280193901930741,6.124335003050032,6.188512325286865,456000,0.0,0.0
2024-03-01 00:00:00-05:00,6.197680625337493,6.316866454923033,6.161007557958593,6.261857509613037,297300,0.0,0.0
2024-03-04 00:00:00-05:00,6.3260349088388,6.371875478574617,6.179343949036357,6.188512325286865,292700,0.0,0.0
2024-03-05 00:00:00-05:00,6.15183862559385,6.179342875221343,6.014316065939893,6.032652378082275,584700,0.0,0.0
2024-03-06 00:00:00-05:00,6.087662220001221,6.142671164610518,6.014316960522158,6.087662220001221,279100,0.0,0.0
2024-03-07 00:00:00-05:00,6.069326152865716,6.1059987841021295,5.995980890392889,6.09683084487915,571000,0.0,0.0
2024-03-08 00:00:00-05:00,6.518566095028966,6.967806015507562,6.491061404898418,6.555238723754883,1740300,0.0,0.0
2024-03-11 00:00:00-04:00,6.582742987794735,6.9219654598388525,6.582742987794735,6.802779197692871,684900,0.0,0.0
2024-03-12 00:00:00-04:00,6.802778748245489,7.08699182115846,6.793610373068204,7.050319194793701,1153700,0.0,0.0
2024-03-13 00:00:00-04:00,7.059487232778212,7.5912407597703115,7.031982981201212,7.490391254425049,2295700,0.0,0.0
2024-03-14 00:00:00-04:00,7.51789630807636,7.902959368613798,7.242851577101221,7.637082576751709,1650100,0.0,0.0
2024-03-15 00:00:00-04:00,7.655418815083217,7.847950332418976,7.545400055738988,7.673754692077637,965700,0.0,0.0
2024-03-18 00:00:00-04:00,7.65541886263588,7.692091491196944,7.068655931314424,7.105328559875488,1003300,0.0,0.0
2024-03-19 00:00:00-04:00,7.09616013375402,7.09616013375402,6.784442793198712,6.894460678100586,664400,0.0,0.0
2024-03-20 00:00:00-04:00,6.885292739611536,6.940301682062473,6.67442490829684,6.894460678100586,749300,0.0,0.0
2024-03-21 00:00:00-04:00,6.967805966384578,7.169505860127359,6.940301713620154,7.123664855957031,630200,0.0,0.0
2024-03-22 00:00:00-04:00,7.132833213531139,7.261187412840728,7.068655895290238,7.142001152038574,464300,0.0,0.0
2024-03-25 00:00:00-04:00,7.12366587193315,7.270356406723633,7.050320604537908,7.068656921386719,381200,0.0,0.0
2024-03-26 00:00:00-04:00,7.086992626259233,7.160337887320962,6.940302104135776,6.949470043182373,330900,0.0,0.0
2024-03-27 00:00:00-04:00,6.967805934701834,7.031983252814034,6.811947045838074,6.894460678100586,306700,0.0,0.0
2024-03-28 00:00:00-04:00,6.89446119381846,6.949470140384163,6.793611239861882,6.857788562774658,319200,0.0,0.0
2024-04-01 00:00:00-04:00,6.9219656177907565,7.041151445484212,6.811947291745078,6.903629302978516,538100,0.0,0.0
2024-04-02 00:00:00-04:00,6.821115388350467,6.821115388350467,6.6560885617996455,6.665256500244141,417100,0.0,0.0
2024-04-03 00:00:00-04:00,6.665257015877663,6.683593331357388,6.546070746673327,6.628584384918213,336900,0.0,0.0
2024-04-04 00:00:00-04:00,6.6927608758892685,6.931132947500182,6.674424562688429,6.766106128692627,466700,0.0,0.0
2024-04-05 00:00:00-04:00,6.7477703465731445,6.766106661217138,6.674425087997168,6.711097717285156,252200,0.0,0.0
2024-04-08 00:00:00-04:00,6.711097414694845,6.784442669963826,6.674424787060355,6.7569379806518555,207500,0.0,0.0
2024-04-09 00:00:00-04:00,6.775274507516022,6.8394518264805235,6.729433940117565,6.802779197692871,268400,0.0,0.0
2024-04-10 00:00:00-04:00,6.75693826667071,6.80277927174036,6.683593008297049,6.729434013366699,266400,0.0,0.0
2024-04-11 00:00:00-04:00,6.7617198199471185,6.7617198199471185,6.687922128903762,6.743270397186279,209000,0.045,0.0
2024-04-12 00:00:00-04:00,6.734046535381887,6.734046535381887,6.577226207317394,6.641798973083496,322500,0.0,0.0
2024-04-15 00:00:00-04:00,6.660249237709093,6.715597958017538,6.568002103643406,6.586451530456543,308800,0.0,0.0
2024-04-16 00:00:00-04:00,6.586449918885068,6.724820806061549,6.54032658307219,6.697146892547607,376300,0.0,0.0
2024-04-17 00:00:00-04:00,6.734046731663427,6.807844431757987,6.512653191510759,6.540327548980713,402600,0.0,0.0
2024-04-18 00:00:00-04:00,6.5495524406433105,6.632575078243021,6.521878521356085,6.5495524406433105,286100,0.0,0.0
2024-04-19 00:00:00-04:00,6.531103090047064,6.651024581329668,6.5126536636858186,6.614125728607178,289100,0.0,0.0
2024-04-22 00:00:00-04:00,6.614125371971946,6.743271349537079,6.604900439354224,6.669473648071289,274800,0.0,0.0
2024-04-23 00:00:00-04:00,6.651024581329668,6.724822286774648,6.6049007954920445,6.614125728607178,365900,0.0,0.0
2024-04-24 00:00:00-04:00,6.632574440372596,6.678697781371854,6.540327318505107,6.651023864746094,239300,0.0,0.0
2024-04-25 00:00:00-04:00,6.614124531161816,6.63257395418291,6.521877416056347,6.577225685119629,216700,0.0,0.0
2024-04-26 00:00:00-04:00,6.586450776570034,6.660248475375685,6.558776859452407,6.632574558258057,247900,0.0,0.0
2024-04-29 00:00:00-04:00,6.6141252544052955,6.697147887013075,6.58645089691304,6.687922954559326,371900,0.0,0.0
2024-04-30 00:00:00-04:00,6.651024459812028,6.743271589932851,6.5126535446962865,6.7063727378845215,716500,0.0,0.0
2024-05-01 00:00:00-04:00,6.687922391894937,6.752495594031573,6.614124697949611,6.623349189758301,299500,0.0,0.0
2024-05-02 00:00:00-04:00,6.687921961463677,6.752495159444416,6.6602476080808115,6.697146892547607,263500,0.0,0.0
2024-05-03 00:00:00-04:00,6.71559699191756,6.73404641607658,6.6141249391084695,6.660248279571533,237200,0.0,0.0
2024-05-06 00:00:00-04:00,6.8355183575314244,6.8355183575314244,6.697147889623185,6.761720657348633,322400,0.0,0.0
2024-05-07 00:00:00-04:00,6.761720895769403,6.927766166904491,6.7432714700731715,6.798619747161865,315400,0.0,0.0
2024-05-08 00:00:00-04:00,6.752496090316111,6.94621527109474,6.7063723082758715,6.927765846252441,295000,0.0,0.0
2024-05-09 00:00:00-04:00,7.029237447152048,7.5827210709149995,6.92776583068196,7.4535746574401855,1117000,0.0,0.0
2024-05-10 00:00:00-04:00,7.472024218800849,7.721091223567313,7.389001590632716,7.656518459320068,728800,0.0,0.0
2024-05-13 00:00:00-04:00,7.7303164836314116,7.877911882311291,7.647293851939487,7.748765468597412,915800,0.0,0.0
2024-05-14 00:00:00-04:00,7.822562151397981,8.256124238482354,7.822562151397981,8.145427703857422,807800,0.0,0.0
2024-05-15 00:00:00-04:00,8.219226264992564,8.634338533779854,8.20077728046808,8.615889549255371,977800,0.0,0.0
2024-05-16 00:00:00-04:00,8.588215632599672,8.708136231353686,8.514417055287892,8.615889549255371,675900,0.0,0.0
2024-05-17 00:00:00-04:00,8.634338533779854,8.69891217896042,8.459069221976492,8.615889549255371,640100,0.0,0.0
2024-05-20 00:00:00-04:00,8.671237904532726,8.828058241251421,8.615890067889659,8.680462837219238,777400,0.0,0.0
2024-05-21 00:00:00-04:00,8.698912937247304,9.021777672342546,8.588216381237103,8.93875503540039,750000,0.0,0.0
2024-05-22 00:00:00-04:00,9.077124788513458,9.197046256298284,8.911079543928643,9.049450874328613,660200,0.0,0.0
2024-05-23 00:00:00-04:00,9.14169786511383,9.160147728368592,8.883405937712478,8.994102478027344,495900,0.0,0.0
2024-05-24 00:00:00-04:00,9.04022725618647,9.04022725618647,8.846508069277544,8.984878540039062,384200,0.0,0.0
2024-05-28 00:00:00-04:00,9.031002011284487,9.381541522129869,9.021777078955878,9.187822341918945,696300,0.0,0.0
2024-05-29 00:00:00-04:00,9.160148620605469,9.280070104228571,9.077125987348092,9.160148620605469,464600,0.0,0.0
2024-05-30 00:00:00-04:00,9.215495942186307,9.326192487108125,9.14169824557176,9.243170738220215,446700,0.0,0.0
2024-05-31 00:00:00-04:00,9.24317085962984,9.33541754174072,9.077125600197128,9.215496063232422,367200,0.0,0.0
2024-06-03 00:00:00-04:00,9.289294398726685,9.473789535093912,9.123250007629395,9.123250007629395,563800,0.0,0.0
2024-06-04 00:00:00-04:00,9.114024397901515,9.12324932998228,8.87418144222933,9.077125549316406,612800,0.0,0.0
2024-06-05 00:00:00-04:00,9.067900548957216,9.243170738220215,8.920305155728123,9.243170738220215,509300,0.0,0.0
2024-06-06 00:00:00-04:00,9.197045699770314,9.464562533336936,9.160146856510703,9.436887741088867,506200,0.0,0.0
2024-06-07 00:00:00-04:00,9.37231695665314,9.37231695665314,8.957204662735085,8.975653648376465,618100,0.0,0.0
2024-06-10 00:00:00-04:00,9.00332860217645,9.187822860471456,8.874182181500938,9.1048002243042,637700,0.0,0.0
2024-06-11 00:00:00-04:00,9.104799181919178,9.455338672416334,9.0402264188432,9.427664756774902,688000,0.0,0.0
2024-06-12 00:00:00-04:00,9.501462991951094,10.036496750046041,9.446114277782874,9.787428855895996,835900,0.0,0.0
2024-06-13 00:00:00-04:00,9.87045112808592,9.971923620412001,9.566035410583547,9.852002143859863,767200,0.0,0.0
2024-06-14 00:00:00-04:00,9.824327623965642,10.073395516050418,9.704407023781815,9.805878639221191,770300,0.0,0.0
2024-06-17 00:00:00-04:00,9.787429405410329,10.036497313544267,9.60293514738779,10.00882339477539,604900,0.0,0.0
2024-06-18 00:00:00-04:00,10.073394298245159,10.184090832543276,9.84277629852295,9.84277629852295,702700,0.0,0.0
2024-06-20 00:00:00-04:00,9.870451718672973,9.89812563653686,9.224721396841653,9.455339431762695,746300,0.0,0.0
2024-06-21 00:00:00-04:00,9.427665318495567,9.56603578468505,9.390766468862505,9.483013153076172,618900,0.0,0.0
2024-06-24 00:00:00-04:00,9.519912525402466,9.538362391100975,9.086351238343706,9.1048002243042,767000,0.0,0.0
2024-06-25 00:00:00-04:00,9.114025638907766,9.178598412789738,8.892632517251235,9.03100299835205,560000,0.0,0.0
2024-06-26 00:00:00-04:00,9.003327431530835,9.003327431530835,8.800383333924854,8.837282180786133,571800,0.0,0.0
2024-06-27 00:00:00-04:00,8.855732475917362,8.97565307426077,8.717361133636748,8.772709846496582,531500,0.0,0.0
2024-06-28 00:00:00-04:00,8.763485471921841,8.800384322929887,8.597440202516635,8.680462837219238,805700,0.0,0.0
2024-07-01 00:00:00-04:00,8.71736236213257,8.772711082792434,8.560542013290707,8.726587295532227,566900,0.0,0.0
2024-07-02 00:00:00-04:00,8.66201310833731,9.021776654861625,8.66201310833731,8.800383567810059,499500,0.0,0.0
2024-07-03 00:00:00-04:00,8.818833627256787,8.883406392478307,8.745035050197693,8.772709846496582,255200,0.0,0.0
2024-07-05 00:00:00-04:00,8.7727087308015,8.975651932755788,8.689686111939368,8.947978019714355,493100,0.0,0.0
2024-07-08 00:00:00-04:00,8.989683813710872,9.4716054415665,8.989683813710872,9.267715454101562,829600,0.045,0.0
2024-07-09 00:00:00-04:00,9.267714093420059,9.304784914440216,9.036021241084557,9.230643272399902,499500,0.0,0.0
2024-07-10 00:00:00-04:00,9.26771570839131,9.517944456760233,9.26771570839131,9.508676528930664,421900,0.0,0.0
2024-07-11 00:00:00-04:00,9.61988892435021,9.879384714363086,9.55501519780655,9.833045959472656,713200,0.0,0.0
2024-07-12 00:00:00-04:00,10.027668466590718,10.12961390862763,9.777440593252877,9.934991836547852,882200,0.0,0.0
2024-07-15 00:00:00-04:00,9.99059685264466,10.75055010876576,9.99059685264466,10.69494342803955,1143600,0.0,0.0
2024-07-16 00:00:00-04:00,11.37148693233494,11.417824801091985,10.852494494177035,11.288077354431152,1091800,0.0,0.0
2024-07-17 00:00:00-04:00,12.307525201716002,12.344596026149194,11.158328760448876,11.37148666381836,1511800,0.0,0.0
2024-07-18 00:00:00-04:00,11.862675811144335,11.936817463152133,11.18613213177542,11.334415435791016,880600,0.0,0.0
2024-07-19 00:00:00-04:00,11.269541096475546,11.325147774367082,10.73201370682273,11.251006126403809,1094300,0.0,0.0
2024-07-22 00:00:00-04:00,11.658786315465287,11.983156719490276,11.445629277957277,11.881211280822754,1437000,0.0,0.0
2024-07-23 00:00:00-04:00,12.048030040955531,12.594825391920704,11.881210880637148,12.298258781433105,1326100,0.0,0.0
2024-07-24 00:00:00-04:00,12.233383625114019,12.576288974106182,12.112903224034907,12.335329055786133,814000,0.0,0.0
2024-07-25 00:00:00-04:00,12.288990314729237,12.390934861652084,11.7143920902003,12.140707015991211,1416700,0.0,0.0
2024-07-26 00:00:00-04:00,12.353864134261059,12.622627836299936,12.177777936582423,12.520683288574219,696200,0.0,0.0
2024-07-29 00:00:00-04:00,12.687503240599801,12.919196148369863,11.825606224705211,11.834874153137207,894800,0.0,0.0
2024-07-30 00:00:00-04:00,11.742196394242427,11.825605980732966,11.232471830896676,11.464164733886719,970700,0.0,0.0
2024-07-31 00:00:00-04:00,11.668054976714505,12.04803120404328,11.547574558613476,11.834874153137207,534800,0.0,0.0
2024-08-01 00:00:00-04:00,11.87194405620676,11.946085710198016,11.037849123047758,11.186132431030273,865000,0.0,0.0
2024-08-02 00:00:00-04:00,10.778352791248677,10.815423616377311,10.138879952982027,10.324234962463379,1180200,0.0,0.0
2024-08-05 00:00:00-04:00,9.360392222024801,10.074005795967276,9.045289780087288,10.027667045593262,1294800,0.0,0.0
2024-08-06 00:00:00-04:00,10.101809138684867,10.11107706593651,9.462337183570744,9.48087215423584,941500,0.0,0.0
2024-08-07 00:00:00-04:00,9.555014285969166,9.601352152599326,9.212108062806555,9.249178886413574,969500,0.0,0.0
2024-08-08 00:00:00-04:00,9.267715272449312,9.805242687544316,9.267715272449312,9.731101036071777,781500,0.0,0.0
2024-08-09 00:00:00-04:00,9.77744071242046,9.972062786872295,9.65696029644187,9.795975685119629,632400,0.0,0.0
2024-08-12 00:00:00-04:00,9.758904354111687,9.795975181442246,9.16577111682274,9.443801879882812,811600,0.0,0.0
2024-08-13 00:00:00-04:00,9.564281996775268,9.842313635159291,9.471605373206069,9.721833229064941,700500,0.0,0.0
2024-08-14 00:00:00-04:00,9.77743954343037,9.77743954343037,9.332588761938961,9.42526626586914,696900,0.0,0.0
2024-08-15 00:00:00-04:00,9.629157033949902,9.749637445405087,9.508676622494715,9.69403076171875,563400,0.0,0.0
2024-08-16 00:00:00-04:00,9.592086449328868,9.972062665332652,9.592086449328868,9.934991836547852,852800,0.0,0.0
2024-08-19 00:00:00-04:00,9.888652955774448,9.925723784095021,9.573550473130437,9.8145112991333,851700,0.0,0.0
2024-08-20 00:00:00-04:00,10.018401865595388,10.018401865595388,8.832133524311878,9.202842712402344,1397600,0.0,0.0
2024-08-21 00:00:00-04:00,10.546660743064967,10.546660743064967,9.082361709513071,9.17503833770752,3527300,0.0,0.0
2024-08-22 00:00:00-04:00,9.175037128617737,9.239911732026734,8.61897478121438,8.674580574035645,1935900,0.0,0.0
2024-08-23 00:00:00-04:00,8.693118091996707,8.869204314763273,8.387283521407513,8.822866439819336,1415500,0.0,0.0
2024-08-26 00:00:00-04:00,8.822865172774796,8.822865172774796,8.424353141851098,8.517029762268066,1928100,0.0,0.0
2024-08-27 00:00:00-04:00,8.42435406642494,8.452156967217583,8.007307019182159,8.201929092407227,2254800,0.0,0.0
2024-08-28 00:00:00-04:00,8.137052938645013,8.174123760631442,7.905360080270307,7.979501724243164,1411400,0.0,0.0
2024-08-29 00:00:00-04:00,7.9887704562396475,8.248266236310666,7.8868259064570125,8.053644180297852,1240400,0.0,0.0
2024-08-30 00:00:00-04:00,8.581904356891366,8.739455583603922,8.489226852764622,8.711651802062988,1541700,0.0,0.0
2024-09-03 00:00:00-04:00,8.600439138267205,8.600439138267205,8.025840923297617,8.08144760131836,1759100,0.0,0.0
2024-09-04 00:00:00-04:00,8.016572829035102,8.378014019032145,7.794147889269911,8.220462799072266,1661000,0.0,0.0
2024-09-05 00:00:00-04:00,8.183393760569393,8.359480872499894,8.081449195235859,8.099984169006348,1295100,0.0,0.0
2024-09-06 00:00:00-04:00,8.016572593757768,8.109250091192356,7.812683513542662,8.044376373291016,1104300,0.0,0.0
2024-09-09 00:00:00-04:00,8.099982028486094,8.387281558632095,8.025840385320306,8.313139915466309,891900,0.0,0.0
2024-09-10 00:00:00-04:00,8.285337917359703,8.340944603605925,8.053645011703983,8.19266128540039,861100,0.0,0.0
2024-09-11 00:00:00-04:00,8.174124462817517,8.248266113159403,7.960967439044142,8.062911987304688,783200,0.0,0.0
2024-09-12 00:00:00-04:00,8.06291248340884,8.35947998686212,8.06291248340884,8.285337448120117,705100,0.0,0.0
2024-09-13 00:00:00-04:00,8.331674454413992,8.646776863527963,8.331674454413992,8.600438117980957,726600,0.0,0.0
2024-09-16 00:00:00-04:00,8.572637382436747,8.572637382436747,7.979503234551235,8.201929092407227,983000,0.0,0.0
2024-09-17 00:00:00-04:00,8.276069475932635,8.378014019032145,8.192659902561152,8.220462799072266,593800,0.0,0.0
2024-09-18 00:00:00-04:00,8.201929056710904,8.44288900226225,8.109251542687735,8.137054443359375,596500,0.0,0.0
2024-09-19 00:00:00-04:00,8.303872131005017,8.405816671140444,8.174123811328739,8.238998413085938,690500,0.0,0.0
2024-09-20 00:00:00-04:00,8.146322123985408,8.248266679242466,7.905361301917912,8.02584171295166,1202600,0.0,0.0
2024-09-23 00:00:00-04:00,8.016573785063315,8.146322123985408,7.923897157694604,8.02584171295166,671300,0.0,0.0
2024-09-24 00:00:00-04:00,8.072180623923977,8.0999835242859,7.923897310209366,7.951700210571289,866600,0.0,0.0
2024-09-25 00:00:00-04:00,7.914629659302185,7.979503390364551,7.812685098512997,7.868290901184082,930900,0.0,0.0
2024-09-26 00:00:00-04:00,8.016572593757768,8.155588839909651,7.960966802367509,8.044376373291016,746800,0.0,0.0
2024-09-27 00:00:00-04:00,8.09071526519227,8.35947986510149,8.09071526519227,8.294605255126953,606500,0.0,0.0
2024-09-30 00:00:00-04:00,8.229731958932168,8.452156932023726,8.164858229406699,8.266802787780762,459000,0.0,0.0
2024-10-01 00:00:00-04:00,8.164857541309347,8.23899919275821,7.905360877400127,8.053644180297852,677900,0.0,0.0
2024-10-02 00:00:00-04:00,8.025841162133744,8.201928244574365,7.942431584539576,8.062911987304688,492200,0.0,0.0
2024-10-03 00:00:00-04:00,8.035108306207118,8.211194487646496,8.025840379858176,8.118517875671387,361200,0.0,0.0
2024-10-04 00:00:00-04:00,8.234964370727539,8.365381787670794,8.1790705574647,8.234964370727539,313500,0.045,0.0
2024-10-07 00:00:00-04:00,8.244278129626556,8.328117496327677,8.151122093200684,8.151122093200684,531200,0.0,0.0
2024-10-08 00:00:00-04:00,8.067283017436853,8.076598800121657,7.694660594064086,7.797131538391113,1130900,0.0,0.0
2024-10-09 00:00:00-04:00,7.787815940140083,7.853025532076084,7.713291453700615,7.806447505950928,479300,0.0,0.0
2024-10-10 00:00:00-04:00,7.759868913328854,7.797131153828318,7.6201357335563396,7.750553131103516,451700,0.0,0.0
2024-10-11 00:00:00-04:00,7.73192219831205,7.936864958454808,7.685344177133897,7.918233394622803,366700,0.0,0.0
2024-10-14 00:00:00-04:00,7.908917597849981,8.011389421929799,7.8157624440705264,7.890286922454834,367400,0.0,0.0
2024-10-15 00:00:00-04:00,7.89028707690421,7.936865098906614,7.7319223351371615,7.741238117218018,297000,0.0,0.0
2024-10-16 00:00:00-04:00,7.741238639289704,8.0113901190405,7.741238639289704,7.955496311187744,418600,0.0,0.0
2024-10-17 00:00:00-04:00,7.9182342475906395,8.002074517062383,7.806447517762301,7.8343939781188965,564500,0.0,0.0
2024-10-18 00:00:00-04:00,7.871655478620782,7.964811522221781,7.787815217060256,7.899601936340332,453500,0.0,0.0
2024-10-21 00:00:00-04:00,7.88097201615389,7.955496502818072,7.797131746556196,7.862340450286865,401900,0.0,0.0
2024-10-22 00:00:00-04:00,7.843709020901231,7.9461799581408314,7.74123808366163,7.899601936340332,307900,0.0,0.0
2024-10-23 00:00:00-04:00,7.843709256383056,7.946180196699013,7.657398051989542,7.778500556945801,398900,0.0,0.0
2024-10-24 00:00:00-04:00,7.871656043609576,8.057967255782206,7.843709583884166,7.955496311187744,663900,0.0,0.0
2024-10-25 00:00:00-04:00,7.992758195169935,8.23496320433312,7.983442412878605,8.067282676696777,471400,0.0,0.0
2024-10-28 00:00:00-04:00,8.113861197187008,8.356066221199027,8.113861197187008,8.225647926330566,506500,0.0,0.0
2024-10-29 00:00:00-04:00,8.197701454162598,8.22564791430715,8.13249186262271,8.197701454162598,236100,0.0,0.0
2024-10-30 00:00:00-04:00,8.15112264625591,8.262909364510625,8.057966603509382,8.076598167419434,293900,0.0,0.0
2024-10-31 00:00:00-04:00,8.067283110204013,8.067283110204013,7.731922925312155,7.853025436401367,380600,0.0,0.0
2024-11-01 00:00:00-04:00,7.862340240380864,8.030020775099576,7.797131538391113,7.797131538391113,400000,0.0,0.0
2024-11-04 00:00:00-05:00,7.778500556945801,7.890287279581909,7.76918477462565,7.778500556945801,463600,0.0,0.0
2024-11-05 00:00:00-05:00,7.778499837950076,7.899601443310562,7.759868275031959,7.871654987335205,347300,0.0,0.0
2024-11-06 00:00:00-05:00,8.132491033002903,8.253593532477868,7.82507733756717,7.890286922454834,627600,0.0,0.0
2024-11-07 00:00:00-05:00,7.890287588435272,7.955496290425023,7.78781575570631,7.797131538391113,582500,0.0,0.0
2024-11-08 00:00:00-05:00,7.871656556300672,8.467853362486087,7.853025878070937,8.328119277954102,1353500,0.0,0.0
2024-11-11 00:00:00-05:00,8.579638911576412,8.765950110140126,8.290855887501248,8.393327713012695,875300,0.0,0.0
2024-11-12 00:00:00-05:00,8.290856789199346,8.309488355282987,7.8902878908227,8.048652648925781,717700,0.0,0.0
2024-11-13 00:00:00-05:00,8.048651661121953,8.085913900314106,7.8157624440705264,7.890286922454834,526100,0.0,0.0
2024-11-14 00:00:00-05:00,7.946180528478628,8.234963573647656,7.871656043609576,7.955496311187744,647400,0.0,0.0
2024-11-15 00:00:00-05:00,7.974127182737645,7.974127182737645,7.806446662172023,7.890286922454834,492500,0.0,0.0
2024-11-18 00:00:00-05:00,7.964812081395817,8.095229485510995,7.927549839019775,7.927549839019775,456800,0.0,0.0
2024-11-19 00:00:00-05:00,7.90891782598457,8.048651893287204,7.8530249097850255,7.983442306518555,347900,0.0,0.0
2024-11-20 00:00:00-05:00,8.030020379050438,8.048651943501113,7.657397974055803,7.750553131103516,708000,0.0,0.0
2024-11-21 00:00:00-05:00,7.825077667533592,8.104544917460197,7.703976051353896,8.067282676696777,609100,0.0,0.0
2024-11-22 00:00:00-05:00,8.132492249445045,8.384013067915465,8.020705515147744,8.272226333618164,660700,0.0,0.0
2024-11-25 00:00:00-05:00,8.449220350947009,8.7100569087734,8.384011655691333,8.43058967590332,1140300,0.0,0.0
2024-11-26 00:00:00-05:00,8.384012488968136,8.514430780843446,8.272225762390125,8.318803787231445,906100,0.0,0.0
2024-11-27 00:00:00-05:00,8.4026442348272,8.4026442348272,7.9648122133534445,8.197701454162598,573100,0.0,0.0
2024-11-29 00:00:00-05:00,8.253594788231174,8.411959550992893,8.20701764845584,8.328119277954102,304800,0.0,0.0
2024-12-02 00:00:00-05:00,8.328119267295968,8.356066617207794,8.169755393138912,8.300172805786133,580900,0.0,0.0
2024-12-03 00:00:00-05:00,8.253593361649823,8.411958097039202,8.197700448219361,8.402643203735352,547600,0.0,0.0
2024-12-04 00:00:00-05:00,8.486483561713825,8.588955395600536,8.35606615626084,8.458537101745605,521300,0.0,0.0
2024-12-05 00:00:00-05:00,8.384011559508961,8.598269206263533,8.356065103063111,8.374695777893066,645200,0.0,0.0
2024-12-06 00:00:00-05:00,8.467851735419929,8.505113973121592,8.057966232299805,8.057966232299805,540200,0.0,0.0
2024-12-09 00:00:00-05:00,8.160437848002402,8.607584689229043,8.160437848002402,8.384011268615723,1028700,0.0,0.0
2024-12-10 00:00:00-05:00,8.37469560140187,8.505113876070412,8.132490614903928,8.467851638793945,760700,0.0,0.0
2024-12-11 00:00:00-05:00,8.477167726884524,8.663478920006876,8.384011686122426,8.486482620239258,783100,0.0,0.0
2024-12-12 00:00:00-05:00,8.411958142990317,8.682109595118188,7.964811279496674,8.486482620239258,2426300,0.0,0.0
2024-12-13 00:00:00-05:00,8.570323560889856,8.933631082675676,8.207016927505952,8.5237455368042,1260200,0.0,0.0
2024-12-16 00:00:00-05:00,9.464617547152713,9.613666502477662,8.672794749888464,9.064047813415527,2905000,0.0,0.0
2024-12-17 00:00:00-05:00,9.026784725237668,9.98628883956377,9.00815405177597,9.119940757751465,2549600,0.0,0.0
2024-12-18 00:00:00-05:00,9.119942352888845,9.147888812170295,8.20701698354481,8.29085636138916,1621600,0.0,0.0
2024-12-19 00:00:00-05:00,8.356065378849152,8.588954596521855,8.300171575710882,8.337433815002441,855800,0.0,0.0
2024-12-20 00:00:00-05:00,8.234962433715571,8.728687299729216,8.09522837762746,8.467851638793945,3389000,0.0,0.0
2024-12-23 00:00:00-05:00,8.542377304186187,8.542377304186187,7.983442778719805,8.085914611816406,967700,0.0,0.0
2024-12-24 00:00:00-05:00,8.123176161176447,8.346749596925797,8.002073661378418,8.337433815002441,315500,0.0,0.0
2024-12-26 00:00:00-05:00,8.290856034874906,8.588954846277561,8.22564733631896,8.561007499694824,626900,0.0,0.0
2024-12-27 00:00:00-05:00,8.551691778276615,8.561006671167485,8.123175611233515,8.384011268615723,580900,0.0,0.0
2024-12-30 00:00:00-05:00,8.309488490740772,8.346750735113522,8.011390535758785,8.21633243560791,653900,0.0,0.0
2024-12-31 00:00:00-05:00,8.272225176380482,8.346749655486462,8.067282414638107,8.132491111755371,352900,0.0,0.0
2025-01-02 00:00:00-05:00,8.20701674586103,8.393327949678135,7.955495954406514,8.067282676696777,694200,0.0,0.0
2025-01-03 00:00:00-05:00,8.08591428115456,8.449220908289062,7.94618021130122,8.35606575012207,787300,0.0,0.0
2025-01-06 00:00:00-05:00,8.384011478490729,8.384011478490729,7.97412686377243,8.057966232299805,1159200,0.0,0.0
2025-01-07 00:00:00-05:00,8.076598056885297,8.402643313634114,7.927549101252189,7.992757797241211,1236400,0.0,0.0
2025-01-08 00:00:00-05:00,7.927549495934422,8.085914241279436,7.75055318600675,8.067282676696777,1044500,0.0,0.0
2025-01-10 00:00:00-05:00,7.976207689320598,8.158357181665911,7.784472103378736,7.957034587860107,823700,0.245,0.0
2025-01-13 00:00:00-05:00,7.870753695333006,8.43637438469372,7.813232559860971,8.426787376403809,752000,0.0,0.0
2025-01-14 00:00:00-05:00,8.42678674340377,8.50348097542711,8.043315583287077,8.100835800170898,451000,0.0,0.0
2025-01-15 00:00:00-05:00,8.273399175046261,8.493894887417678,8.167944823164385,8.43637466430664,659200,0.0,0.0
2025-01-16 00:00:00-05:00,8.48430872039574,8.49389481465382,8.148770736141746,8.196704864501953,676500,0.0,0.0
2025-01-17 00:00:00-05:00,8.282985407061835,8.292571500503264,8.206291173926136,8.273398399353027,333600,0.0,0.0
2025-01-21 00:00:00-05:00,8.282986112696834,8.388440463675327,8.158357744667278,8.196704864501953,426600,0.0,0.0
2025-01-22 00:00:00-05:00,8.244638711522008,8.244638711522008,7.966621873640803,8.187117576599121,531400,0.0,0.0
2025-01-23 00:00:00-05:00,8.148770553887452,8.302159029795485,8.072076315933435,8.292572021484375,401800,0.0,0.0
2025-01-24 00:00:00-05:00,8.311745969273765,8.37885319836093,8.062489240853688,8.120010375976562,494900,0.0,0.0
2025-01-27 00:00:00-05:00,8.052902107465714,8.206291493986962,7.96662177752349,8.081663131713867,427500,0.0,0.0
2025-01-28 00:00:00-05:00,8.081661600062072,8.2158760307139,7.9666202676745455,8.129594802856445,442200,0.0,0.0
2025-01-29 00:00:00-05:00,8.062488836060654,8.158357085029715,7.822819127905379,8.072075843811035,344800,0.0,0.0
2025-01-30 00:00:00-05:00,8.129595644789028,8.311745125633816,8.129595644789028,8.158356666564941,484200,0.0,0.0
2025-01-31 00:00:00-05:00,8.206292743224612,8.244639867125624,7.957035980734256,8.02414321899414,518800,0.0,0.0
2025-02-03 00:00:00-05:00,7.803646410445355,7.870753639463517,7.698191148539755,7.832406520843506,606200,0.0,0.0
2025-02-04 00:00:00-05:00,7.784472296141331,8.033729021171654,7.755712186104728,7.947447776794434,424000,0.0,0.0
2025-02-05 00:00:00-05:00,7.928274478535676,8.052901923697343,7.880340353483363,7.957034587860107,296700,0.0,0.0
2025-02-06 00:00:00-05:00,7.966621501358972,8.120009968295566,7.91868737687444,8.072075843811035,383400,0.0,0.0
2025-02-07 00:00:00-05:00,8.091249040885716,8.177530283126401,7.928274478535676,7.957034587860107,291400,0.0,0.0
2025-02-10 00:00:00-05:00,8.024141871586576,8.052901981116072,7.9378606287306885,8.043315887451172,285600,0.0,0.0
2025-02-11 00:00:00-05:00,7.995381903033713,8.024142013070316,7.83240642238061,7.947447776794434,385600,0.0,0.0
2025-02-12 00:00:00-05:00,7.8899278282068215,8.052903333353012,7.803647485130207,8.02414321899414,331400,0.0,0.0
2025-02-13 00:00:00-05:00,8.004968607573899,8.235051307676441,7.947447475414572,8.206291198730469,453000,0.0,0.0
2025-02-14 00:00:00-05:00,8.196703888298652,8.340505341985487,8.139182758263509,8.263811111450195,309400,0.0,0.0
2025-02-18 00:00:00-05:00,8.282986640930176,8.436375130050964,8.206292396369783,8.282986640930176,311100,0.0,0.0
2025-02-19 00:00:00-05:00,8.244639055303784,8.378853518607906,8.225465038107505,8.369266510009766,379400,0.0,0.0
2025-02-20 00:00:00-05:00,8.359679794824606,8.359679794824606,8.072075958112306,8.244638442993164,476300,0.0,0.0
2025-02-21 00:00:00-05:00,8.282984160307054,8.417198590958881,8.03372748300046,8.129594802856445,453900,0.0,0.0
2025-02-24 00:00:00-05:00,8.158357110605941,8.158357110605941,7.899513386138433,8.004968643188477,388400,0.0,0.0
2025-02-25 00:00:00-05:00,7.947447920347908,8.004969055727521,7.774885428476498,7.851579666137695,538200,0.0,0.0
2025-02-26 00:00:00-05:00,7.861166000366211,7.976207346993929,7.774884761828585,7.861166000366211,231700,0.0,0.0
2025-02-27 00:00:00-05:00,7.84199363058791,7.870753741358391,7.679018145776125,7.717365264892578,333900,0.0,0.0
2025-02-28 00:00:00-05:00,7.669431333728958,7.813232805529392,7.506455844745821,7.707778453826904,440500,0.0,0.0
2025-03-03 00:00:00-05:00,7.726952441124264,7.746125543965352,7.266786087461221,7.333893775939941,759800,0.0,0.0
2025-03-04 00:00:00-05:00,7.218852016147342,7.439348172208514,7.055876536823818,7.285959243774414,710000,0.0,0.0
2025-03-05 00:00:00-05:00,7.266785863678607,7.458521914655933,7.257199312553284,7.410587787628174,367100,0.0,0.0
2025-03-06 00:00:00-05:00,7.333893745496078,7.4681086647626485,7.257199505915181,7.4010009765625,299200,0.0,0.0
2025-03-07 00:00:00-05:00,7.381827334445238,7.573563388395568,7.353067223489608,7.516042709350586,298500,0.0,0.0
2025-03-10 00:00:00-04:00,7.391414688295965,7.487282491184719,7.1038108224959595,7.257199764251709,403400,0.0,0.0
2025-03-11 00:00:00-04:00,7.2667861981273205,7.506455930029323,7.132571276259645,7.4393486976623535,415700,0.0,0.0
2025-03-12 00:00:00-04:00,7.3818272111471455,7.650257499340547,7.372240660033299,7.477695465087891,798600,0.0,0.0
2025-03-13 00:00:00-04:00,7.381827995415141,7.429762127478183,6.931249073984352,7.132571697235107,1037600,0.0,0.0
2025-03-14 00:00:00-04:00,7.209265008124215,7.33389336962264,7.103810205538341,7.285959243774414,499700,0.0,0.0
2025-03-17 00:00:00-04:00,7.2859597275821875,7.563976578842093,7.2859597275821875,7.506455898284912,353800,0.0,0.0
2025-03-18 00:00:00-04:00,7.448935147084043,7.448935147084043,7.247612538476335,7.266786098480225,361600,0.0,0.0
2025-03-19 00:00:00-04:00,7.266786025712008,7.324306705147676,7.142157658367863,7.314720153808594,506000,0.0,0.0
2025-03-20 00:00:00-04:00,7.2380259249959735,7.333893724193632,7.161331228504121,7.247612476348877,363400,0.0,0.0
2025-03-21 00:00:00-04:00,7.161330916627547,7.228438601710225,7.046289562600418,7.151744365692139,569400,0.0,0.0
2025-03-24 00:00:00-04:00,7.381827272953862,7.544802757457237,7.381827272953862,7.496869087219238,770800,0.0,0.0
2025-03-25 00:00:00-04:00,7.592736908686295,7.726952282895336,7.496869110775351,7.650257587432861,502400,0.0,0.0
2025-03-26 00:00:00-04:00,7.640670870090271,7.688605456572039,7.4968693963136515,7.592737197875977,241800,0.0,0.0
2025-03-27 00:00:00-04:00,7.535215904528487,7.774885160388778,7.50645533783038,7.688604831695557,322900,0.0,0.0
2025-03-28 00:00:00-04:00,7.650257647834887,7.650257647834887,7.276373004463366,7.381827354431152,318200,0.0,0.0
2025-03-31 00:00:00-04:00,7.238025987041254,7.343480338495784,7.180504849895855,7.266786098480225,315900,0.0,0.0
2025-04-01 00:00:00-04:00,7.257199566784364,7.448935167344775,7.190091878021355,7.420174598693848,267400,0.0,0.0
2025-04-02 00:00:00-04:00,7.3051334989261045,7.477696002719377,7.276373386383057,7.276373386383057,245000,0.0,0.0
2025-04-03 00:00:00-04:00,6.902487982945471,7.055876919703049,6.739512951911993,6.825793743133545,488000,0.0,0.0
2025-04-04 00:00:00-04:00,6.528603294055369,6.643644653046559,6.356041255568583,6.519016742706299,646300,0.0,0.0
2025-04-07 00:00:00-04:00,6.231413310656151,6.835381172016465,6.202652740391193,6.586124420166016,608300,0.0,0.0
2025-04-08 00:00:00-04:00,6.7778602165326065,6.854554457982037,6.241000069252856,6.356041431427002,466000,0.0,0.0
2025-04-09 00:00:00-04:00,6.269759782937801,7.017529503834528,6.269759782937801,6.88331413269043,582100,0.0,0.0
2025-04-10 00:00:00-04:00,6.701165954646967,6.806620772079018,6.586124584975875,6.710752964019775,328200,0.0,0.0
2025-04-11 00:00:00-04:00,6.729926278696698,6.902488326871676,6.624471465134001,6.854554653167725,268600,0.0,0.0
2025-04-14 00:00:00-04:00,6.975147941728423,7.004090666644618,6.772550247402074,6.869025230407715,229700,0.045,0.0
2025-04-15 00:00:00-04:00,6.878672744155328,7.023385444164248,6.859377748156072,6.975147724151611,197700,0.0,0.0
2025-04-16 00:00:00-04:00,6.897968386324616,7.0523283687784035,6.888320657406737,7.03303337097168,391800,0.0,0.0
2025-04-17 00:00:00-04:00,7.023386090124034,7.1102133500919305,6.791845656808565,6.820788383483887,234100,0.0,0.0
2025-04-21 00:00:00-04:00,6.7436075600984005,6.782198013544901,6.685722569972162,6.705017566680908,242000,0.0,0.0
2025-04-22 00:00:00-04:00,6.801492787565253,6.840082779719266,6.637485090896199,6.685722351074219,451100,0.0,0.0
2025-04-23 00:00:00-04:00,6.897968194389882,6.9944431807391,6.7436077562021115,6.762903213500977,357600,0.0,0.0
2025-04-24 00:00:00-04:00,6.791845244003202,6.917262951925038,6.772550247402074,6.869025230407715,389000,0.0,0.0
2025-04-25 00:00:00-04:00,6.8979678068476495,7.1584504853705875,6.859377814476028,7.148802757263184,310000,0.0,0.0
2025-04-28 00:00:00-04:00,7.139155278457001,7.187392537483201,6.917262598855332,7.004090309143066,240200,0.0,0.0
2025-04-29 00:00:00-04:00,6.975147686736319,7.052327670319345,6.936557694944806,7.013737678527832,140000,0.0,0.0
2025-04-30 00:00:00-04:00,6.8690250161412045,7.013737716150124,6.830435024142691,6.975147724151611,262200,0.0,0.0
2025-05-01 00:00:00-04:00,6.994442682632076,7.100565390073231,6.955852690840563,7.013737678527832,527700,0.0,0.0
2025-05-02 00:00:00-04:00,7.187392749634805,7.206687745820615,7.081270500627346,7.148802757263184,305800,0.0,0.0
2025-05-05 00:00:00-04:00,7.090917922783648,7.139155644310825,6.984795211441263,6.994442939758301,218700,0.0,0.0
2025-05-06 00:00:00-04:00,6.888320125483565,6.936557846289925,6.705017430459999,6.859377861022949,447900,0.0,0.0
2025-05-07 00:00:00-04:00,6.869025308937064,6.936558027827576,6.782198053253848,6.917263031005859,228600,0.0,0.0
2025-05-08 00:00:00-04:00,6.984795289862327,7.110212999217897,6.975148021465982,7.042680740356445,219100,0.0,0.0
2025-05-09 00:00:00-04:00,7.061975517191046,7.119860505852981,7.023385524749756,7.023385524749756,198400,0.0,0.0
2025-05-12 00:00:00-04:00,7.3224583058549575,7.332105574095272,7.119860612489318,7.283868312835693,480900,0.0,0.0
2025-05-13 00:00:00-04:00,7.370695849452104,7.438228569837188,7.312810857705899,7.351400852203369,406900,0.0,0.0
2025-05-14 00:00:00-04:00,7.332105895181744,7.380343618582746,7.254925905763361,7.312810897827148,297400,0.0,0.0
2025-05-15 00:00:00-04:00,7.2935157816736185,7.4478757579961234,7.2935157816736185,7.4285807609558105,274400,0.0,0.0
2025-05-16 00:00:00-04:00,7.418933492450162,7.50576120914608,7.389990766875184,7.4285807609558105,377900,0.0,0.0
2025-05-19 00:00:00-04:00,7.312811062637883,7.332106060427336,7.090918358044666,7.158451080322266,318200,0.0,0.0
2025-05-20 00:00:00-04:00,7.168098267566226,7.254925986644412,7.004091018238251,7.235630989074707,236000,0.0,0.0
2025-05-21 00:00:00-04:00,7.1584504853705875,7.283868190592853,7.129507761077374,7.148802757263184,178500,0.0,0.0
2025-05-22 00:00:00-04:00,7.110213021611182,7.197040737596807,7.07162302784624,7.129508018493652,149400,0.0,0.0
2025-05-23 00:00:00-04:00,6.984795072279469,7.081270513411691,6.984795072279469,7.023385524749756,204300,0.0,0.0
2025-05-27 00:00:00-04:00,7.090918277287407,7.245278717874074,7.04268101337766,7.235630989074707,295200,0.0,0.0
2025-05-28 00:00:00-04:00,7.254926022209532,7.399638734706243,7.168098302705699,7.322458744049072,338600,0.0,0.0
2025-05-29 00:00:00-04:00,7.38034299744285,7.389990265293709,7.283868018789339,7.341753005981445,228500,0.0,0.0
2025-05-30 00:00:00-04:00,7.332105715369866,7.332105715369866,7.206688005626214,7.254925727844238,346400,0.0,0.0
2025-06-02 00:00:00-04:00,7.235631172931513,7.254926170991502,7.052328461347097,7.168098449707031,339300,0.0,0.0
2025-06-03 00:00:00-04:00,7.168097935769578,7.467170614271051,7.129507942416421,7.457523345947266,396500,0.0,0.0
2025-06-04 00:00:00-04:00,7.4478757579961234,7.515408477651728,7.409285763915498,7.4285807609558105,220000,0.0,0.0
2025-06-05 00:00:00-04:00,7.42858036467477,7.553998068760848,7.409285368663757,7.476818084716797,573500,0.0,0.0
2025-06-06 00:00:00-04:00,7.5539984717323545,7.59258846581298,7.409285763915498,7.4285807609558105,265200,0.0,0.0
2025-06-09 00:00:00-04:00,7.496113185763895,7.6601208841700865,7.476818189482519,7.611883163452148,318700,0.0,0.0
2025-06-10 00:00:00-04:00,7.6311782010614655,7.698710918426514,7.582940940111288,7.698710918426514,376500,0.0,0.0
2025-06-11 00:00:00-04:00,7.698711216680886,7.814481659510155,7.621531228147386,7.640826225280762,409100,0.0,0.0
2025-06-12 00:00:00-04:00,7.592588016696169,7.602235744660151,7.389990329742432,7.389990329742432,287900,0.0,0.0
2025-06-13 00:00:00-04:00,7.2645737106405575,7.418933691096135,7.225983255497634,7.361048698425293,440800,0.0,0.0
2025-06-16 00:00:00-04:00,7.3996383189863675,7.631178277949709,7.235630618039497,7.621531009674072,733200,0.0,0.0
2025-06-17 00:00:00-04:00,7.563645977147167,7.563645977147167,7.2452783053590135,7.409285545349121,623300,0.0,0.0
2025-06-18 00:00:00-04:00,7.409285623293117,7.486466070018563,7.293515643248461,7.33210563659668,626600,0.0,0.0
2025-06-20 00:00:00-04:00,7.428580959860094,7.496113681323924,7.2645737106405575,7.361048698425293,2080900,0.0,0.0
2025-06-23 00:00:00-04:00,7.322458662998629,7.428580918963083,7.1873932208145535,7.399638652801514,545100,0.0,0.0
2025-06-24 00:00:00-04:00,7.467170869814807,7.669768571866746,7.4575236011608705,7.56364631652832,388200,0.0,0.0
2025-06-25 00:00:00-04:00,7.563645877750075,7.592588142061927,7.505760889097375,7.525055885314941,292800,0.0,0.0
2025-06-26 00:00:00-04:00,7.525056206186393,7.573293468772667,7.370695769834871,7.4285807609558105,221400,0.0,0.0
2025-06-27 00:00:00-04:00,7.428580541820251,7.486465991262645,7.341753287714666,7.409285545349121,449900,0.0,0.0
2025-06-30 00:00:00-04:00,7.447875365843395,7.67941577816488,7.41893310182133,7.602235794067383,433200,0.0,0.0
2025-07-01 00:00:00-04:00,7.573293861771249,7.73730203516826,7.525056596681813,7.631178855895996,414400,0.0,0.0
2025-07-02 00:00:00-04:00,7.631177873689885,7.862717820387453,7.631177873689885,7.795185565948486,493600,0.0,0.0
2025-07-03 00:00:00-04:00,7.785538431948814,7.862718420067764,7.756596166418716,7.804833889007568,171200,0.0,0.0
2025-07-07 00:00:00-04:00,7.7276537594483745,7.785538289449103,7.418933352594109,7.457523345947266,621100,0.0,0.0
2025-07-08 00:00:00-04:00,7.515408436939462,7.602236153165019,7.35140073297075,7.592588424682617,567500,0.0,0.0
2025-07-09 00:00:00-04:00,7.631178855895996,7.718006577097637,7.592588859812831,7.631178855895996,260600,0.0,0.0
2025-07-10 00:00:00-04:00,7.631178058089448,7.67941577816488,7.55399807399195,7.602235794067383,325000,0.0,0.0
2025-07-11 00:00:00-04:00,7.582940937279761,7.61188320183326,7.4382282344252655,7.573293209075928,418700,0.0,0.0
2025-07-14 00:00:00-04:00,7.534703772767906,7.5829414972915,7.438228783749752,7.4961137771606445,295900,0.0,0.0
2025-07-15 00:00:00-04:00,7.515408515930176,7.582941235929746,7.418933530237231,7.515408515930176,432300,0.0,0.0
2025-07-16 00:00:00-04:00,7.544351140304182,7.602236130942341,7.370695708360694,7.50576114654541,363000,0.0,0.0
2025-07-17 00:00:00-04:00,7.496113479196384,7.611883461416409,7.496113479196384,7.5539984703063965,333200,0.0,0.0
2025-07-18 00:00:00-04:00,7.592588205454594,7.718005911930423,7.51540821993993,7.573293209075928,556600,0.0,0.0
2025-07-21 00:00:00-04:00,7.447875952241722,7.486466407357829,6.897968292236328,6.897968292236328,975300,0.0,0.0
2025-07-22 00:00:00-04:00,6.9269100462804865,7.090917743286443,6.762902809303525,7.061975479125977,646900,0.0,0.0
2025-07-23 00:00:00-04:00,7.105657889705215,7.251265259632435,7.095950484843645,7.183315277099609,468700,0.045,0.0
2025-07-24 00:00:00-04:00,7.348337694345406,7.4357020265516,7.212436799136562,7.24155855178833,512700,0.0,0.0
2025-07-25 00:00:00-04:00,7.212437325689529,7.2900951841389015,7.105658638211497,7.134779930114746,314200,0.0,0.0
2025-07-28 00:00:00-04:00,7.154193769075604,7.202729869287608,6.979464641486592,7.125072479248047,630800,0.0,0.0
2025-07-29 00:00:00-04:00,7.173608035675366,7.173608035675366,6.960050215475263,6.989171504974365,336500,0.0,0.0
2025-07-30 00:00:00-04:00,6.9891719695841585,7.0182937238936995,6.814442832350658,6.862978935241699,415200,0.0,0.0
2025-07-31 00:00:00-04:00,6.804735491690962,6.804735491690962,6.610591554351074,6.76590633392334,589200,0.0,0.0
2025-08-01 00:00:00-04:00,6.659127990934193,6.697956687789529,6.571763191572399,6.610591888427734,430400,0.0,0.0
2025-08-04 00:00:00-04:00,6.659127391842983,6.765906067151478,6.659127391842983,6.697956085205078,241800,0.0,0.0
2025-08-05 00:00:00-04:00,6.727077519932261,6.853271007537842,6.649420131520996,6.853271007537842,431900,0.0,0.0
2025-08-06 00:00:00-04:00,6.833857173457346,6.862978927735035,6.610591933577011,6.620299339294434,303900,0.0,0.0
2025-08-07 00:00:00-04:00,6.707663427468462,6.7464921231481245,6.649420383948966,6.678542137145996,246400,0.0,0.0
2025-08-08 00:00:00-04:00,6.707663608915851,6.862978858710464,6.697956666170637,6.843564510345459,309500,0.0,0.0
2025-08-11 00:00:00-04:00,6.892099623287039,7.0474148612160805,6.814442235759789,6.833856582641602,410800,0.0,0.0
2025-08-12 00:00:00-04:00,6.872685344704386,6.989171427152873,6.853270997629638,6.969757080078125,448000,0.0,0.0
2025-08-13 00:00:00-04:00,7.018293291455013,7.154193723151882,6.998878944069746,7.115365028381348,427800,0.0,0.0
2025-08-14 00:00:00-04:00,7.066829730059778,7.066829730059778,6.921221886254198,6.960050582885742,346200,0.0,0.0
2025-08-15 00:00:00-04:00,6.998879297265495,7.0182936456305,6.775614059630655,6.843564510345459,564000,0.0,0.0
2025-08-18 00:00:00-04:00,6.833857180932158,6.882393283823199,6.688249335133617,6.862978935241699,522300,0.0,0.0
2025-08-19 00:00:00-04:00,6.872685071786762,6.901806822679719,6.7270772430710375,6.785320281982422,533800,0.0,0.0
2025-08-20 00:00:00-04:00,6.7659061459318055,6.804735302620554,6.639713122472905,6.717370510101318,307400,0.0,0.0
2025-08-21 00:00:00-04:00,6.697956714822667,6.765906703156464,6.649420612120315,6.736785411834717,236900,0.0,0.0
2025-08-22 00:00:00-04:00,6.775613619126576,6.960050148040605,6.765906214137894,6.853271007537842,651100,0.0,0.0
2025-08-25 00:00:00-04:00,6.824149898416046,6.824149898416046,6.659127712249756,6.659127712249756,275400,0.0,0.0
2025-08-26 00:00:00-04:00,6.63971315407041,6.746491831130353,6.63971315407041,6.727077484130859,263500,0.0,0.0
2025-08-27 00:00:00-04:00,6.707662896767243,6.814442032875378,6.707662896767243,6.785320281982422,272100,0.0,0.0
2025-08-28 00:00:00-04:00,6.756199559294926,6.8047356605529785,6.727077805965182,6.8047356605529785,193400,0.0,0.0
2025-08-29 00:00:00-04:00,6.804735371218074,6.882392759629339,6.785320561240711,6.853271007537842,269800,0.0,0.0
2025-09-02 00:00:00-04:00,6.756198993963993,6.814442032875378,6.707662896767243,6.785320281982422,337900,0.0,0.0
2025-09-03 00:00:00-04:00,6.765906501821798,6.862978704337901,6.736785211366619,6.8047356605529785,366100,0.0,0.0
2025-09-04 00:00:00-04:00,6.79502840799566,6.843564510345459,6.775614059630655,6.843564510345459,189300,0.0,0.0
2025-09-05 00:00:00-04:00,6.882392883300781,6.911514173041021,6.8047354934940705,6.882392883300781,293300,0.0,0.0
2025-09-08 00:00:00-04:00,6.892099504995939,6.930928198093136,6.765906020992783,6.9212212562561035,287300,0.0,0.0
2025-09-09 00:00:00-04:00,6.901807605573217,6.940636302585267,6.727078006144414,6.736785411834717,294800,0.0,0.0
2025-09-10 00:00:00-04:00,6.736785024299564,6.746491966556893,6.562055897796676,6.639713287353516,431500,0.0,0.0
2025-09-11 00:00:00-04:00,6.64942058528307,6.707663630566074,6.610591888427734,6.610591888427734,263300,0.0,0.0
2025-09-12 00:00:00-04:00,6.591177540000066,6.6785423393618615,6.55234884314473,6.610591888427734,268700,0.0,0.0
2025-09-15 00:00:00-04:00,6.649420637970617,6.872685878095158,6.620299346535658,6.862978935241699,330100,0.0,0.0
2025-09-16 00:00:00-04:00,6.843564188397426,6.9309285204926985,6.824149840945749,6.882392883300781,426000,0.0,0.0
2025-09-17 00:00:00-04:00,6.853271636398899,7.018293833352665,6.843564693394048,6.8921003341674805,763100,0.0,0.0
2025-09-18 00:00:00-04:00,6.989171765494235,7.222144404543813,6.989171765494235,7.173608303070068,921700,0.0,0.0
2025-09-19 00:00:00-04:00,7.222144404543813,7.280387448587565,7.115365259026316,7.173608303070068,894400,0.0,0.0
2025-09-22 00:00:00-04:00,7.163901251864466,7.241558642745182,7.095950803406559,7.144486904144287,446000,0.0,0.0
2025-09-23 00:00:00-04:00,7.144487151469498,7.280387590215302,7.066829757900467,7.086244106292725,470000,0.0,0.0
2025-09-24 00:00:00-04:00,7.086244156127626,7.086244156127626,6.9406363107244,6.979465007781982,366300,0.0,0.0
2025-09-25 00:00:00-04:00,6.950342743051923,6.950342743051923,6.804735371218074,6.853271007537842,330300,0.0,0.0
2025-09-26 00:00:00-04:00,6.853271315225,6.9406361125473115,6.804735676726158,6.930928707122803,220400,0.0,0.0
2025-09-29 00:00:00-04:00,6.930928496784036,7.144486780896525,6.911514149398768,7.115365028381348,348300,0.0,0.0
2025-09-30 00:00:00-04:00,7.095950726545934,7.154193769075604,7.0377076840162625,7.125072479248047,291600,0.0,0.0
2025-10-01 00:00:00-04:00,7.105658377760649,7.17360836496065,7.066829681396484,7.066829681396484,785600,0.0,0.0
2025-10-02 00:00:00-04:00,7.13477934386221,7.13477934386221,7.008585854984994,7.105658054351807,331600,0.0,0.0
2025-10-03 00:00:00-04:00,7.134779190746967,7.260972676916019,6.804735293756153,6.833856582641602,599100,0.0,0.0
2025-10-06 00:00:00-04:00,6.872685421228854,7.06682935701259,6.756199337483343,6.989171504974365,675800,0.0,0.0
2025-10-07 00:00:00-04:00,6.998879078576546,7.047415179409772,6.872685586709806,6.9115142822265625,431700,0.0,0.0
2025-10-08 00:00:00-04:00,6.901807613666816,6.989171950609088,6.853271510907547,6.979465007781982,251700,0.0,0.0
2025-10-09 00:00:00-04:00,6.9794644951434215,6.9794644951434215,6.775613619126576,6.853271007537842,396300,0.0,0.0
2025-10-10 00:00:00-04:00,6.853271061359888,7.144486733063737,6.532934100210383,6.630005836486816,862200,0.0,0.0
2025-10-13 00:00:00-04:00,6.717370568106403,6.979464485052772,6.639713179807411,6.969757080078125,569600,0.0,0.0
2025-10-14 00:00:00-04:00,6.872685344704386,7.028000121302369,6.853270997629638,6.969757080078125,317500,0.0,0.0
2025-10-15 00:00:00-04:00,7.018293504445114,7.028000446995056,6.756199575352747,6.930928707122803,556600,0.0,0.0
2025-10-16 00:00:00-04:00,6.930928395949107,6.930928395949107,6.775613619126576,6.853271007537842,390800,0.0,0.0
2025-10-17 00:00:00-04:00,6.804735302620554,6.911513979172351,6.707663105210496,6.717370510101318,248200,0.0,0.0
2025-10-20 00:00:00-04:00,6.741797601693081,6.839504718780518,6.741797601693081,6.839504718780518,223200,0.045,0.0
2025-10-21 00:00:00-04:00,6.839504558105302,6.9665240402871405,6.790650767757126,6.917670249938965,241400,0.0,0.0
2025-10-22 00:00:00-04:00,6.898128997338324,6.9274413654519895,6.644090492605128,6.663631916046143,339300,0.0,0.0
2025-10-23 00:00:00-04:00,6.673401992836883,6.800421470504506,6.644090092393129,6.771109104156494,264900,0.0,0.0
2025-10-24 00:00:00-04:00,6.810192267753446,6.8688170031961375,6.780880365936379,6.790650844573975,156600,0.0,0.0
2025-10-27 00:00:00-04:00,6.8492755840405675,6.8492755840405675,6.644090407583437,6.673402309417725,319300,0.0,0.0
2025-10-28 00:00:00-04:00,6.6929438966081864,6.712485320277968,6.575695354589495,6.595236778259277,530000,0.0,0.0
2025-10-29 00:00:00-04:00,6.595236461184884,6.63431930664549,6.448675557755477,6.517070770263672,541900,0.0,0.0
2025-10-30 00:00:00-04:00,6.468216896057129,6.536612107672571,6.41936357282118,6.468216896057129,377000,0.0,0.0
2025-10-31 00:00:00-04:00,6.468217294848868,6.595236781721271,6.4389053922809545,6.536612510681152,315800,0.0,0.0
2025-11-03 00:00:00-05:00,6.536611873395898,6.546382351331203,6.390050977132373,6.497529029846191,365000,0.0,0.0
2025-11-04 00:00:00-05:00,6.487758404458491,6.5366121942457385,6.214178486181858,6.399822235107422,742500,0.0,0.0
2025-11-05 00:00:00-05:00,6.409592942791412,6.771109509254714,6.390051519358376,6.722256183624268,569700,0.0,0.0
2025-11-06 00:00:00-05:00,6.712485313415527,6.741797681842378,6.605007716293752,6.712485313415527,481600,0.0,0.0
2025-11-07 00:00:00-05:00,6.67340207649133,6.72225586571567,6.595236386455795,6.702714443206787,487600,0.0,0.0
2025-11-10 00:00:00-05:00,6.73202657699585,6.839504637466376,6.614778037884881,6.73202657699585,419800,0.0,0.0
2025-11-11 00:00:00-05:00,6.732026740476221,6.771109587795631,6.605007719640286,6.653861045837402,374500,0.0,0.0
2025-11-12 00:00:00-05:00,6.63431970073039,6.74179776508349,6.585465908050537,6.585465908050537,211300,0.0,0.0
2025-11-13 00:00:00-05:00,6.59523661773423,6.59523661773423,6.292344325272727,6.321656227111816,442800,0.0,0.0
2025-11-14 00:00:00-05:00,6.253261480885628,6.311885750486847,6.175095788084003,6.263031959533691,383000,0.0,0.0
2025-11-17 00:00:00-05:00,6.2239488698356675,6.292344081315626,6.0089932230339205,6.057846546173096,341300,0.0,0.0
2025-11-18 00:00:00-05:00,6.057846631765448,6.067617576073895,5.960139518202315,5.989451885223389,436800,0.0,0.0
2025-11-19 00:00:00-05:00,5.989452299421749,6.038305626629614,5.6865599934774975,5.706101417541504,555100,0.0,0.0
2025-11-20 00:00:00-05:00,5.784266540900497,5.881973651543225,5.520457109213007,5.539998531341553,437000,0.0,0.0
2025-11-21 00:00:00-05:00,5.530227974431227,5.940598333760127,5.530227974431227,5.842891216278076,711500,0.0,0.0
2025-11-24 00:00:00-05:00,5.852661377375482,6.067617490071869,5.774495687632892,5.999222278594971,657000,0.0,0.0
2025-11-25 00:00:00-05:00,6.253261686051424,7.122855745856785,6.233720262209876,6.99583625793457,1958500,0.0,0.0
2025-11-26 00:00:00-05:00,6.937211758414205,6.966524126165306,6.624548987225279,6.907899856567383,782500,0.0,0.0
2025-11-28 00:00:00-05:00,6.888358116824093,7.074001395734424,6.751567694810653,6.946982383728027,459100,0.0,0.0
2025-12-01 00:00:00-05:00,6.849275665993054,6.849275665993054,6.5366124252924935,6.546382904052734,537600,0.0,0.0
2025-12-02 00:00:00-05:00,6.585465759114596,6.6831733422645625,6.497529586545626,6.605007648468018,576800,0.0,0.0
2025-12-03 00:00:00-05:00,6.614777967607429,6.663631758003435,6.517070852719693,6.62454891204834,477400,0.0,0.0
2025-12-04 00:00:00-05:00,6.605007719640286,6.751568164135926,6.58546583007629,6.653861045837402,375000,0.0,0.0
2025-12-05 00:00:00-05:00,6.653860971373493,6.800421880133248,6.634319547932478,6.663631916046143,322800,0.0,0.0
2025-12-08 00:00:00-05:00,6.771109189187757,6.898128668450484,6.732026344169112,6.878587245941162,797900,0.0,0.0
2025-12-09 00:00:00-05:00,6.868816842223099,6.976294434239277,6.7906506854327855,6.810192108154297,541200,0.0,0.0
2025-12-10 00:00:00-05:00,6.771109347381772,6.839504560714455,6.67340223255242,6.800421714782715,594900,0.0,0.0
2025-12-11 00:00:00-05:00,6.771109189187757,6.907899612657277,6.751567766678435,6.878587245941162,516200,0.0,0.0
2025-12-12 00:00:00-05:00,6.89812874395237,6.927441110989317,6.741797362166702,6.751567840576172,360900,0.0,0.0
2025-12-15 00:00:00-05:00,6.761339112404568,6.780880536074349,6.556153930919714,6.595236778259277,1370100,0.0,0.0
2025-12-16 00:00:00-05:00,6.565924167633057,6.751567918601075,6.399822305518351,6.565924167633057,1092300,0.0,0.0
2025-12-17 00:00:00-05:00,6.546382826796709,6.575695194540078,6.272802902078575,6.321656227111816,585100,0.0,0.0
2025-12-18 00:00:00-05:00,6.409592864437642,6.419363808986858,6.292344325272727,6.321656227111816,499900,0.0,0.0
2025-12-19 00:00:00-05:00,6.321656387220572,6.380281124192099,6.263032116153337,6.302114963531494,621100,0.0,0.0
2025-12-22 00:00:00-05:00,6.331427173687253,6.419363811041221,6.253261480885628,6.263031959533691,388400,0.0,0.0
2025-12-23 00:00:00-05:00,6.233720058462431,6.624548988423563,6.2141786352595885,6.556153774261475,744100,0.0,0.0
2025-12-24 00:00:00-05:00,6.565924246969838,6.790650846551333,6.517070921959075,6.73202657699585,389400,0.0,0.0
2025-12-26 00:00:00-05:00,6.732026418447918,6.751567841172854,6.585465515058767,6.692943572998047,470800,0.0,0.0
2025-12-29 00:00:00-05:00,6.614778283646882,6.6929439792916545,6.585465914827944,6.64409065246582,382100,0.0,0.0
2025-12-30 00:00:00-05:00,6.663631672462095,6.683173095188788,6.595236459966536,6.634319305419922,520000,0.0,0.0
2025-12-31 00:00:00-05:00,6.653861131469268,6.663632076377013,6.585465914827944,6.64409065246582,423300,0.0,0.0
2026-01-02 00:00:00-05:00,6.692943735846908,6.712485159047314,6.243490536333285,6.263031959533691,434200,0.0,0.0
2026-01-05 00:00:00-05:00,6.282573629549904,6.390051694326638,6.126242237805053,6.233720302581787,398900,0.0,0.0
2026-01-06 00:00:00-05:00,6.194637053377197,6.370509857697687,6.116471362568091,6.341197490692139,415900,0.0,0.0
2026-01-07 00:00:00-05:00,6.331427422422318,6.341197901454223,6.165325085741266,6.233720302581787,315900,0.0,0.0
2026-01-08 00:00:00-05:00,6.214178476079474,6.399822224703237,6.194637053377197,6.341197490692139,312200,0.0,0.0
2026-01-09 00:00:00-05:00,6.341197501001018,6.4486755589904,6.214178486181858,6.399822235107422,280600,0.0,0.0
2026-01-12 00:00:00-05:00,6.370509709280997,6.419363497850653,6.263031653970306,6.360739231109619,228700,0.0,0.0
2026-01-13 00:00:00-05:00,6.360739305244218,6.4584464176180525,6.3509683610547025,6.409592628479004,281100,0.0,0.0
2026-01-14 00:00:00-05:00,6.409592951031017,6.477988166086706,6.282573465600857,6.311885833740234,274000,0.0,0.0
2026-01-15 00:00:00-05:00,6.321655994390421,6.47798784009282,6.26303172696612,6.409592628479004,344300,0.0,0.0
2026-01-16 00:00:00-05:00,6.4540698855499095,6.483720784006709,6.365116247594445,6.414534568786621,261400,0.075,0.0
2026-01-20 00:00:00-05:00,6.295929894006118,6.64186001991884,6.266278996200969,6.503488063812256,619200,0.0,0.0
2026-01-21 00:00:00-05:00,6.5430229806861275,6.671511462707742,6.315697386068088,6.49360466003418,378000,0.0,0.0
2026-01-22 00:00:00-05:00,6.543023308043258,6.661627849092928,6.52325588453498,6.5825581550598145,377800,0.0,0.0
2026-01-23 00:00:00-05:00,6.592441759501834,6.711046294381343,6.503488122695938,6.63197660446167,393700,0.0,0.0
2026-01-26 00:00:00-05:00,6.651744358549362,6.800000270185977,6.612209511618604,6.720930576324463,517800,0.0,0.0
2026-01-27 00:00:00-05:00,6.7505813423833585,6.770348765457836,6.562790587529552,6.671511650085449,341600,0.0,0.0
2026-01-28 00:00:00-05:00,6.671511809642559,6.711046656737037,6.4540701506229325,6.513372421264648,259100,0.0,0.0
2026-01-29 00:00:00-05:00,6.5430233008695335,6.661627841789166,6.454070130826086,6.651744365692139,247200,0.0,0.0
2026-01-30 00:00:00-05:00,6.602325163707383,6.681395324064631,6.543022896908839,6.641860008239746,376100,0.0,0.0
2026-02-02 00:00:00-05:00,6.631976798255016,6.84941845188799,6.60232542802243,6.740697860717773,292700,0.0,0.0
2026-02-03 00:00:00-05:00,6.760465437926871,6.760465437926871,6.52325588453498,6.5825581550598145,298100,0.0,0.0
2026-02-04 00:00:00-05:00,6.602325163707383,6.740697590863175,6.56279031917502,6.641860008239746,369400,0.0,0.0
2026-02-05 00:00:00-05:00,6.622093022762576,6.622093022762576,6.38488393992224,6.444186210632324,280600,0.0,0.0
2026-02-06 00:00:00-05:00,6.503488323994292,6.651744232828813,6.483720900902525,6.602325439453125,340000,0.0,0.0
2026-02-09 00:00:00-05:00,6.572674691906365,6.592442115453604,6.463953626750275,6.513372421264648,394500,0.0,0.0
2026-02-10 00:00:00-05:00,6.513372082553464,6.671511462707742,6.49360466003418,6.49360466003418,391100,0.0,0.0
2026-02-11 00:00:00-05:00,6.503488441004198,6.513372388374184,6.187209665845486,6.246511936187744,381300,0.0,0.0
2026-02-12 00:00:00-05:00,6.236627873251355,6.266279243519311,6.009302272172159,6.05872106552124,326200,0.0,0.0
2026-02-13 00:00:00-05:00,6.108139176089322,6.236627657314108,6.068604331295931,6.088371753692627,287300,0.0,0.0
2026-02-17 00:00:00-05:00,6.0686046344088505,6.098256005131176,5.722674489541991,5.841279029846191,640100,0.0,0.0
2026-02-18 00:00:00-05:00,5.841279023068402,6.029069780645096,5.693023583506451,5.910465240478516,386300,0.0,0.0
2026-02-19 00:00:00-05:00,5.8808135215989825,6.048836845866243,5.8808135215989825,6.029069423675537,280300,0.0,0.0
2026-02-20 00:00:00-05:00,5.94011639567454,6.048836984570199,5.910465026062295,6.009302139282227,283600,0.0,0.0
2026-02-23 00:00:00-05:00,5.99941867799507,5.99941867799507,5.851162772163341,5.870930194854736,378600,0.0,0.0
2026-02-24 00:00:00-05:00,5.880813869790596,6.0883720507283865,5.880813869790596,5.910465240478516,271200,0.0,0.0
2026-02-25 00:00:00-05:00,5.920348756090999,6.177325732795726,5.861046485611267,6.108139514923096,496100,0.0,0.0
2026-02-26 00:00:00-05:00,6.127906657060373,6.2267442412811285,6.019186068485589,6.216860294342041,269000,0.0,0.0
2026-02-27 00:00:00-05:00,6.127906951389574,6.177325745873583,6.03895378112793,6.03895378112793,187200,0.0,0.0
2026-03-02 00:00:00-05:00,5.9302323745190595,6.118023122933933,5.920348427674449,6.088371753692627,274000,0.0,0.0
2026-03-03 00:00:00-05:00,5.940116678325007,5.989535001640195,5.841279089109523,5.900581359863281,302800,0.0,0.0
2026-03-04 00:00:00-05:00,5.950000068412616,6.098255978798974,5.900581274519648,6.048837184906006,210200,0.0,0.0
2026-03-05 00:00:00-05:00,6.009302001484831,6.13779048137068,5.979651103845033,6.029069423675537,290500,0.0,0.0
2026-03-06 00:00:00-05:00,5.9499998713502675,6.029069561926213,5.88081365645005,6.009302139282227,200300,0.0,0.0
2026-03-09 00:00:00-04:00,5.900581002017373,6.187209333549874,5.791860414541882,6.157557964324951,414900,0.0,0.0
2026-03-10 00:00:00-04:00,6.118023257101448,6.246511741143971,6.068604464379697,6.137790679931641,313400,0.0,0.0
2026-03-11 00:00:00-04:00,6.14767400550188,6.513372025864604,6.14767400550188,6.295929908752441,506800,0.0,0.0
2026-03-12 00:00:00-04:00,6.187209333549874,6.2959299210253645,6.098255697167631,6.157557964324951,275600,0.0,0.0
2026-03-13 00:00:00-04:00,6.216860579782215,6.3453490681345786,6.088372091429852,6.108139514923096,251900,0.0,0.0
2026-03-16 00:00:00-04:00,6.286046433225083,6.365116122614043,6.197092797016242,6.295929908752441,278500,0.0,0.0
2026-03-17 00:00:00-04:00,6.325581412224513,6.404651103292283,6.256395196893947,6.345348834991455,456400,0.0,0.0
2026-03-18 00:00:00-04:00,6.30581380286527,6.394766967038073,6.098255634307861,6.098255634307861,383800,0.0,0.0
2026-03-19 00:00:00-04:00,6.029069634179204,6.12790674858361,5.959883889742389,5.99941873550415,520400,0.0,0.0
2026-03-20 00:00:00-04:00,5.999418757086529,6.029069655868248,5.791860580444336,5.791860580444336,559000,0.0,0.0
2026-03-23 00:00:00-04:00,5.930232448706281,6.058720931538458,5.8906976034183085,6.009302139282227,501600,0.0,0.0
2026-03-24 00:00:00-04:00,5.969767431788657,6.108139393490468,5.969767431788657,5.989534854888916,450900,0.0,0.0
2026-03-25 00:00:00-04:00,6.058720988610869,6.167441578530663,6.038953565780676,6.137790679931641,243900,0.0,0.0
2026-03-26 00:00:00-04:00,5.999418745938877,6.1180232834304515,5.85116283842814,5.861046314239502,460200,0.0,0.0
2026-03-27 00:00:00-04:00,5.910464860317528,5.920348335716096,5.475581103052565,5.485465049743652,1025900,0.0,0.0
2026-03-30 00:00:00-04:00,5.465697696807901,5.505232541487422,5.188953312758724,5.406394958496094,778100,0.0,0.0
2026-03-31 00:00:00-04:00,5.485465192075824,5.5744183581411,5.2383721738975,5.396511554718018,634700,0.0,0.0
2026-04-01 00:00:00-04:00,5.475581506811618,5.673255742284308,5.475581506811618,5.495348930358887,715300,0.0,0.0
2026-04-02 00:00:00-04:00,5.396511735389991,5.584302492047743,5.29767461906816,5.574418544769287,395200,0.0,0.0
2026-04-06 00:00:00-04:00,5.5843023487662204,5.673255515527242,5.5348835562270144,5.663372039794922,606600,0.0,0.0
2026-04-07 00:00:00-04:00,5.643604711849692,5.67325561083732,5.416279110676862,5.445930480957031,751700,0.0,0.0
2026-04-08 00:00:00-04:00,5.544767518177819,5.693023424901992,5.445930404125882,5.525000095367432,535300,0.0,0.0
2026-04-09 00:00:00-04:00,5.337209269849961,5.6139531854012565,5.258139579692447,5.604069709777832,665000,0.0,0.0
2026-04-10 00:00:00-04:00,5.584302363798594,5.613953262367907,5.465697826936269,5.525000095367432,545600,0.0,0.0
2026-04-13 00:00:00-04:00,5.495348654038882,5.564534868621742,5.455813808932255,5.534883499145508,904400,0.0,0.0
2026-04-14 00:00:00-04:00,5.475581283500509,5.732558250427246,5.445930385035138,5.732558250427246,1709300,0.0,0.0
2026-04-15 00:00:00-04:00,5.732558349036426,6.078488488602364,5.722674401849592,6.05872106552124,558800,0.0,0.0
2026-04-16 00:00:00-04:00,6.038953504654336,6.167441516103767,5.979651236764015,6.078488349914551,619800,0.0,0.0
2026-04-17 00:00:00-04:00,6.167441816623948,6.384883947442933,6.1180234932869455,6.375,740000,0.0,0.0
2026-04-20 00:00:00-04:00,6.340000152587891,6.619999885559082,6.300000190734863,6.570000171661377,794300,0.075,0.0
2026-04-21 00:00:00-04:00,6.579999923706055,6.730000019073486,6.440000057220459,6.449999809265137,751900,0.0,0.0
2026-04-22 00:00:00-04:00,6.5,6.559999942779541,6.300000190734863,6.400000095367432,423500,0.0,0.0
2026-04-23 00:00:00-04:00,6.409999847412109,6.409999847412109,6.099999904632568,6.110000133514404,319700,0.0,0.0
2026-04-24 00:00:00-04:00,6.159999847412109,6.179999828338623,5.980000019073486,6.090000152587891,445600,0.0,0.0
2026-04-27 00:00:00-04:00,6.099999904632568,6.110000133514404,5.889999866485596,5.96999979019165,395600,0.0,0.0
2026-04-28 00:00:00-04:00,5.940000057220459,6.019999980926514,5.900000095367432,5.920000076293945,218000,0.0,0.0
2026-04-29 00:00:00-04:00,5.920000076293945,5.989999771118164,5.820000171661377,5.869999885559082,304500,0.0,0.0
2026-04-30 00:00:00-04:00,5.889999866485596,6.150000095367432,5.829999923706055,6.130000114440918,345600,0.0,0.0
2026-05-01 00:00:00-04:00,6.139999866485596,6.440000057220459,6.139999866485596,6.349999904632568,642400,0.0,0.0
2026-05-04 00:00:00-04:00,6.340000152587891,6.809999942779541,6.340000152587891,6.5,1900400,0.0,0.0
2026-05-05 00:00:00-04:00,6.539999961853027,6.590000152587891,6.289999961853027,6.349999904632568,841100,0.0,0.0
2026-05-06 00:00:00-04:00,6.409999847412109,6.570000171661377,6.28000020980835,6.539999961853027,439500,0.0,0.0
2026-05-07 00:00:00-04:00,6.539999961853027,6.679999828338623,6.449999809265137,6.489999771118164,529200,0.0,0.0
2026-05-08 00:00:00-04:00,6.480000019073486,6.710000038146973,6.349999904632568,6.679999828338623,544900,0.0,0.0
2026-05-11 00:00:00-04:00,6.679999828338623,6.71999979019165,6.449999809265137,6.53000020980835,692500,0.0,0.0
2026-05-12 00:00:00-04:00,6.53000020980835,6.53000020980835,6.239999771118164,6.349999904632568,359100,0.0,0.0
2026-05-13 00:00:00-04:00,6.380000114440918,6.539999961853027,6.309999942779541,6.389999866485596,526300,0.0,0.0
2026-05-14 00:00:00-04:00,6.389999866485596,6.46999979019165,6.230000019073486,6.230000019073486,346900,0.0,0.0
2026-05-15 00:00:00-04:00,6.199999809265137,6.21999979019165,6.050000190734863,6.150000095367432,314900,0.0,0.0
2026-05-18 00:00:00-04:00,6.179999828338623,6.230000019073486,6.059999942779541,6.139999866485596,393900,0.0,0.0
2026-05-19 00:00:00-04:00,6.099999904632568,6.130000114440918,5.960000038146973,6.059999942779541,389200,0.0,0.0
2026-05-20 00:00:00-04:00,6.070000171661377,6.170000076293945,5.96999979019165,6.150000095367432,365900,0.0,0.0
2026-05-21 00:00:00-04:00,6.090000152587891,6.159999847412109,5.980000019073486,6.079999923706055,341100,0.0,0.0
2026-05-22 00:00:00-04:00,6.139999866485596,6.380000114440918,6.130000114440918,6.269999980926514,530400,0.0,0.0
2026-05-26 00:00:00-04:00,6.300000190734863,6.440000057220459,6.289999961853027,6.380000114440918,279900,0.0,0.0
2026-05-27 00:00:00-04:00,6.320000171661377,6.570000171661377,6.320000171661377,6.440000057220459,376700,0.0,0.0
2026-05-28 00:00:00-04:00,6.400000095367432,6.460000038146973,6.260000228881836,6.429999828338623,507800,0.0,0.0
2026-05-29 00:00:00-04:00,6.429999828338623,6.550000190734863,6.429999828338623,6.480000019073486,503600,0.0,0.0
2026-06-01 00:00:00-04:00,6.440000057220459,6.75,6.389999866485596,6.71999979019165,1030200,0.0,0.0
2026-06-02 00:00:00-04:00,6.71999979019165,6.940000057220459,6.710000038146973,6.909999847412109,803300,0.0,0.0
2026-06-03 00:00:00-04:00,6.900000095367432,6.900000095367432,6.369999885559082,6.480000019073486,556700,0.0,0.0
2026-06-04 00:00:00-04:00,6.480000019073486,6.650000095367432,6.440000057220459,6.619999885559082,376500,0.0,0.0
2026-06-05 00:00:00-04:00,6.550000190734863,6.550000190734863,6.28000020980835,6.369999885559082,894200,0.0,0.0
2026-06-08 00:00:00-04:00,6.369999885559082,6.699999809265137,6.369999885559082,6.670000076293945,520600,0.0,0.0
2026-06-09 00:00:00-04:00,6.690000057220459,6.769999980926514,6.309999942779541,6.380000114440918,493300,0.0,0.0
2026-06-10 00:00:00-04:00,6.369999885559082,6.550000190734863,6.309999942779541,6.46999979019165,517100,0.0,0.0
2026-06-11 00:00:00-04:00,6.46999979019165,6.659999847412109,6.349999904632568,6.639999866485596,391600,0.0,0.0
2026-06-12 00:00:00-04:00,6.659999847412109,6.78000020980835,6.539999961853027,6.539999961853027,280200,0.0,0.0
2026-06-15 00:00:00-04:00,6.539999961853027,6.650000095367432,6.429999828338623,6.519999980926514,571200,0.0,0.0
2026-06-16 00:00:00-04:00,6.510000228881836,6.760000228881836,6.510000228881836,6.539999961853027,492000,0.0,0.0
2026-06-17 00:00:00-04:00,6.550000190734863,6.599999904632568,6.21999979019165,6.460000038146973,601800,0.0,0.0
2026-06-18 00:00:00-04:00,6.579999923706055,6.730000019073486,6.46999979019165,6.679999828338623,690655,0.0,0.0
