Date,Open,High,Low,Close,Volume,Dividends,Stock Splits
2022-01-03 00:00:00-05:00,3.4800000190734863,3.694999933242798,3.299999952316284,3.690000057220459,242400,0.0,0.0
2022-01-04 00:00:00-05:00,3.7100000381469727,3.75,3.3299999237060547,3.450000047683716,399600,0.0,0.0
2022-01-05 00:00:00-05:00,3.440000057220459,3.490000009536743,3.1500000953674316,3.2200000286102295,337900,0.0,0.0
2022-01-06 00:00:00-05:00,3.2200000286102295,3.3589999675750732,2.941999912261963,3.119999885559082,417200,0.0,0.0
2022-01-07 00:00:00-05:00,3.0799999237060547,3.200000047683716,2.9100000858306885,3.0,321400,0.0,0.0
2022-01-10 00:00:00-05:00,2.950000047683716,3.059999942779541,2.819999933242798,2.9200000762939453,267700,0.0,0.0
2022-01-11 00:00:00-05:00,3.0199999809265137,3.3299999237060547,2.9700000286102295,3.2200000286102295,338500,0.0,0.0
2022-01-12 00:00:00-05:00,3.25,3.299999952316284,2.950000047683716,3.0299999713897705,283200,0.0,0.0
2022-01-13 00:00:00-05:00,3.009999990463257,3.109999895095825,2.9100000858306885,2.950000047683716,191000,0.0,0.0
2022-01-14 00:00:00-05:00,2.869999885559082,2.9690001010894775,2.7799999713897705,2.950000047683716,182300,0.0,0.0
2022-01-18 00:00:00-05:00,2.869999885559082,2.940000057220459,2.690000057220459,2.7100000381469727,205600,0.0,0.0
2022-01-19 00:00:00-05:00,2.8499999046325684,2.9000000953674316,2.7300000190734863,2.759999990463257,318700,0.0,0.0
2022-01-20 00:00:00-05:00,2.7899999618530273,2.940000057220459,2.700000047683716,2.7200000286102295,319200,0.0,0.0
2022-01-21 00:00:00-05:00,2.75,2.75,2.4200000762939453,2.440000057220459,350800,0.0,0.0
2022-01-24 00:00:00-05:00,2.2799999713897705,2.4000000953674316,2.049999952316284,2.4000000953674316,576800,0.0,0.0
2022-01-25 00:00:00-05:00,2.3499999046325684,2.5199999809265137,2.3299999237060547,2.4200000762939453,173400,0.0,0.0
2022-01-26 00:00:00-05:00,2.5,2.609999895095825,2.3299999237060547,2.390000104904175,266600,0.0,0.0
2022-01-27 00:00:00-05:00,2.3399999141693115,2.4200000762939453,2.1500000953674316,2.2100000381469727,148200,0.0,0.0
2022-01-28 00:00:00-05:00,2.2100000381469727,2.440000057220459,2.109999895095825,2.4100000858306885,133900,0.0,0.0
2022-01-31 00:00:00-05:00,2.430000066757202,2.8380000591278076,2.430000066757202,2.690000057220459,235900,0.0,0.0
2022-02-01 00:00:00-05:00,2.7300000190734863,2.890000104904175,2.6500000953674316,2.809999942779541,145000,0.0,0.0
2022-02-02 00:00:00-05:00,2.8399999141693115,2.869999885559082,2.5999999046325684,2.6500000953674316,151500,0.0,0.0
2022-02-03 00:00:00-05:00,2.640000104904175,2.640000104904175,2.4000000953674316,2.4800000190734863,129200,0.0,0.0
2022-02-04 00:00:00-05:00,2.5,2.6440000534057617,2.4200000762939453,2.5199999809265137,88800,0.0,0.0
2022-02-07 00:00:00-05:00,2.5799999237060547,2.8420000076293945,2.549999952316284,2.640000104904175,131300,0.0,0.0
2022-02-08 00:00:00-05:00,2.630000114440918,2.6500000953674316,2.4200000762939453,2.559999942779541,81700,0.0,0.0
2022-02-09 00:00:00-05:00,2.640000104904175,2.8399999141693115,2.5299999713897705,2.8399999141693115,200900,0.0,0.0
2022-02-10 00:00:00-05:00,2.8499999046325684,3.075000047683716,2.75,2.819999933242798,205700,0.0,0.0
2022-02-11 00:00:00-05:00,2.819999933242798,2.953000068664551,2.5199999809265137,2.6649999618530273,153100,0.0,0.0
2022-02-14 00:00:00-05:00,2.7200000286102295,2.880000114440918,2.690000057220459,2.809999942779541,87200,0.0,0.0
2022-02-15 00:00:00-05:00,2.809999942779541,2.869999885559082,2.7300000190734863,2.7300000190734863,106200,0.0,0.0
2022-02-16 00:00:00-05:00,2.7799999713897705,2.950000047683716,2.700000047683716,2.890000104904175,94900,0.0,0.0
2022-02-17 00:00:00-05:00,2.859999895095825,2.859999895095825,2.619999885559082,2.7100000381469727,99300,0.0,0.0
2022-02-18 00:00:00-05:00,2.6600000858306885,2.7699999809265137,2.549999952316284,2.680000066757202,104500,0.0,0.0
2022-02-22 00:00:00-05:00,2.6500000953674316,2.6500000953674316,2.4600000381469727,2.5899999141693115,110300,0.0,0.0
2022-02-23 00:00:00-05:00,2.5899999141693115,2.5899999141693115,2.3499999046325684,2.369999885559082,111000,0.0,0.0
2022-02-24 00:00:00-05:00,2.359999895095825,2.75,2.299999952316284,2.740000009536743,282800,0.0,0.0
2022-02-25 00:00:00-05:00,2.740000009536743,2.799999952316284,2.6500000953674316,2.7200000286102295,112100,0.0,0.0
2022-02-28 00:00:00-05:00,2.640000104904175,2.881999969482422,2.630000114440918,2.740000009536743,88000,0.0,0.0
2022-03-01 00:00:00-05:00,2.7899999618530273,2.7899999618530273,2.5999999046325684,2.630000114440918,94400,0.0,0.0
2022-03-02 00:00:00-05:00,2.630000114440918,2.700000047683716,2.5199999809265137,2.5899999141693115,82100,0.0,0.0
2022-03-03 00:00:00-05:00,2.5899999141693115,2.690000057220459,2.4600000381469727,2.549999952316284,60800,0.0,0.0
2022-03-04 00:00:00-05:00,2.569999933242798,2.569999933242798,2.319999933242798,2.369999885559082,78600,0.0,0.0
2022-03-07 00:00:00-05:00,2.3499999046325684,2.380000114440918,2.200000047683716,2.2200000286102295,116100,0.0,0.0
2022-03-08 00:00:00-05:00,2.25,2.380000114440918,2.119999885559082,2.1700000762939453,333900,0.0,0.0
2022-03-09 00:00:00-05:00,2.3499999046325684,2.369999885559082,2.2109999656677246,2.2699999809265137,115400,0.0,0.0
2022-03-10 00:00:00-05:00,2.2200000286102295,2.3399999141693115,2.200000047683716,2.309999942779541,60400,0.0,0.0
2022-03-11 00:00:00-05:00,2.319999933242798,2.359999895095825,2.119999885559082,2.180000066757202,91100,0.0,0.0
2022-03-14 00:00:00-04:00,2.200000047683716,2.2200000286102295,1.9329999685287476,1.9700000286102295,175100,0.0,0.0
2022-03-15 00:00:00-04:00,2.0399999618530273,2.119999885559082,1.9600000381469727,2.0199999809265137,78900,0.0,0.0
2022-03-16 00:00:00-04:00,2.0199999809265137,2.3499999046325684,2.0,2.2899999618530273,203400,0.0,0.0
2022-03-17 00:00:00-04:00,2.440000057220459,2.5999999046325684,2.299999952316284,2.549999952316284,187300,0.0,0.0
2022-03-18 00:00:00-04:00,2.559999942779541,2.743000030517578,2.509999990463257,2.5899999141693115,119400,0.0,0.0
2022-03-21 00:00:00-04:00,2.6500000953674316,2.680000066757202,2.5,2.5799999237060547,88300,0.0,0.0
2022-03-22 00:00:00-04:00,2.5799999237060547,2.700000047683716,2.5799999237060547,2.680000066757202,72100,0.0,0.0
2022-03-23 00:00:00-04:00,2.700000047683716,2.700000047683716,2.5450000762939453,2.630000114440918,70200,0.0,0.0
2022-03-24 00:00:00-04:00,2.700000047683716,3.0899999141693115,2.559999942779541,2.9800000190734863,229300,0.0,0.0
2022-03-25 00:00:00-04:00,2.950000047683716,2.950000047683716,2.5999999046325684,2.609999895095825,171500,0.0,0.0
2022-03-28 00:00:00-04:00,2.5999999046325684,2.75,2.490000009536743,2.559999942779541,114800,0.0,0.0
2022-03-29 00:00:00-04:00,2.619999885559082,2.8299999237060547,2.569999933242798,2.690000057220459,168900,0.0,0.0
2022-03-30 00:00:00-04:00,2.5999999046325684,2.7899999618530273,2.569999933242798,2.619999885559082,128300,0.0,0.0
2022-03-31 00:00:00-04:00,2.5999999046325684,2.7100000381469727,2.559999942779541,2.5999999046325684,51000,0.0,0.0
2022-04-01 00:00:00-04:00,2.5999999046325684,2.75,2.5799999237060547,2.7100000381469727,65700,0.0,0.0
2022-04-04 00:00:00-04:00,2.7100000381469727,2.75,2.490000009536743,2.5199999809265137,159300,0.0,0.0
2022-04-05 00:00:00-04:00,2.5,2.549999952316284,2.4600000381469727,2.4600000381469727,76600,0.0,0.0
2022-04-06 00:00:00-04:00,2.5,2.5,2.2200000286102295,2.430000066757202,111100,0.0,0.0
2022-04-07 00:00:00-04:00,2.309999942779541,2.4210000038146973,2.1700000762939453,2.259999990463257,82700,0.0,0.0
2022-04-08 00:00:00-04:00,2.259999990463257,2.3299999237060547,2.2100000381469727,2.2799999713897705,49100,0.0,0.0
2022-04-11 00:00:00-04:00,2.359999895095825,2.359999895095825,2.1500000953674316,2.2699999809265137,59500,0.0,0.0
2022-04-12 00:00:00-04:00,2.309999942779541,2.309999942779541,2.0999999046325684,2.180000066757202,113400,0.0,0.0
2022-04-13 00:00:00-04:00,2.2200000286102295,2.2200000286102295,2.140000104904175,2.2100000381469727,45800,0.0,0.0
2022-04-14 00:00:00-04:00,2.190000057220459,2.25,2.0799999237060547,2.1600000858306885,67500,0.0,0.0
2022-04-18 00:00:00-04:00,2.109999895095825,2.2100000381469727,2.0,2.0399999618530273,74500,0.0,0.0
2022-04-19 00:00:00-04:00,2.049999952316284,2.119999885559082,2.049999952316284,2.069999933242798,42900,0.0,0.0
2022-04-20 00:00:00-04:00,2.2699999809265137,2.4200000762939453,2.009999990463257,2.0399999618530273,66100,0.0,0.0
2022-04-21 00:00:00-04:00,2.0299999713897705,2.0840001106262207,1.8700000047683716,1.8700000047683716,238900,0.0,0.0
2022-04-22 00:00:00-04:00,1.899999976158142,2.0399999618530273,1.7000000476837158,1.7799999713897705,140000,0.0,0.0
2022-04-25 00:00:00-04:00,1.840000033378601,1.9450000524520874,1.7100000381469727,1.7599999904632568,95400,0.0,0.0
2022-04-26 00:00:00-04:00,1.7599999904632568,1.7699999809265137,1.590000033378601,1.6299999952316284,149200,0.0,0.0
2022-04-27 00:00:00-04:00,1.649999976158142,1.659999966621399,1.4700000286102295,1.5199999809265137,147600,0.0,0.0
2022-04-28 00:00:00-04:00,1.5800000429153442,1.600000023841858,1.5,1.559999942779541,103800,0.0,0.0
2022-04-29 00:00:00-04:00,1.559999942779541,1.5700000524520874,1.5099999904632568,1.5299999713897705,54200,0.0,0.0
2022-05-02 00:00:00-04:00,1.5399999618530273,1.559999942779541,1.4500000476837158,1.5199999809265137,134400,0.0,0.0
2022-05-03 00:00:00-04:00,1.5499999523162842,1.5800000429153442,1.5,1.5299999713897705,49000,0.0,0.0
2022-05-04 00:00:00-04:00,1.590000033378601,1.600000023841858,1.4199999570846558,1.5399999618530273,199600,0.0,0.0
2022-05-05 00:00:00-04:00,1.6399999856948853,1.7300000190734863,1.4700000286102295,1.6799999475479126,228900,0.0,0.0
2022-05-06 00:00:00-04:00,1.690000057220459,2.0999999046325684,1.690000057220459,1.7799999713897705,391000,0.0,0.0
2022-05-09 00:00:00-04:00,1.7599999904632568,1.7999999523162842,1.6399999856948853,1.6699999570846558,157200,0.0,0.0
2022-05-10 00:00:00-04:00,1.75,1.75,1.5,1.5299999713897705,146700,0.0,0.0
2022-05-11 00:00:00-04:00,1.5499999523162842,1.659999966621399,1.5,1.5199999809265137,81900,0.0,0.0
2022-05-12 00:00:00-04:00,1.5,1.6200000047683716,1.4800000190734863,1.5399999618530273,86700,0.0,0.0
2022-05-13 00:00:00-04:00,1.649999976158142,1.649999976158142,1.5399999618530273,1.6200000047683716,86800,0.0,0.0
2022-05-16 00:00:00-04:00,1.690000057220459,1.690000057220459,1.5099999904632568,1.5199999809265137,67100,0.0,0.0
2022-05-17 00:00:00-04:00,1.5099999904632568,1.5920000076293945,1.5,1.5499999523162842,88800,0.0,0.0
2022-05-18 00:00:00-04:00,1.6100000143051147,1.6100000143051147,1.4299999475479126,1.4800000190734863,145200,0.0,0.0
2022-05-19 00:00:00-04:00,1.5,1.590000033378601,1.4520000219345093,1.5199999809265137,89300,0.0,0.0
2022-05-20 00:00:00-04:00,1.5800000429153442,1.5800000429153442,1.472000002861023,1.5,43200,0.0,0.0
2022-05-23 00:00:00-04:00,1.5499999523162842,1.6200000047683716,1.5,1.5700000524520874,65800,0.0,0.0
2022-05-24 00:00:00-04:00,1.5299999713897705,2.25,1.5299999713897705,1.9700000286102295,5139100,0.0,0.0
2022-05-25 00:00:00-04:00,1.9600000381469727,2.299999952316284,1.7300000190734863,2.25,1101900,0.0,0.0
2022-05-26 00:00:00-04:00,2.299999952316284,2.450000047683716,2.0320000648498535,2.0999999046325684,645300,0.0,0.0
2022-05-27 00:00:00-04:00,2.0999999046325684,2.1689999103546143,2.0,2.069999933242798,181000,0.0,0.0
2022-05-31 00:00:00-04:00,2.1500000953674316,2.2899999618530273,2.069999933242798,2.2699999809265137,179200,0.0,0.0
2022-06-01 00:00:00-04:00,2.259999990463257,2.4000000953674316,2.130000114440918,2.359999895095825,174300,0.0,0.0
2022-06-02 00:00:00-04:00,2.3499999046325684,2.4000000953674316,2.309999942779541,2.3399999141693115,147800,0.0,0.0
2022-06-03 00:00:00-04:00,2.3499999046325684,2.549999952316284,2.200000047683716,2.505000114440918,192500,0.0,0.0
2022-06-06 00:00:00-04:00,2.630000114440918,3.140000104904175,2.630000114440918,2.9000000953674316,696100,0.0,0.0
2022-06-07 00:00:00-04:00,3.0,3.9800000190734863,2.950000047683716,3.880000114440918,1757800,0.0,0.0
2022-06-08 00:00:00-04:00,3.950000047683716,4.400000095367432,3.2200000286102295,3.430000066757202,1433700,0.0,0.0
2022-06-09 00:00:00-04:00,3.369999885559082,3.75,3.3499999046325684,3.440000057220459,391400,0.0,0.0
2022-06-10 00:00:00-04:00,3.3499999046325684,3.4700000286102295,3.0899999141693115,3.0950000286102295,309900,0.0,0.0
2022-06-13 00:00:00-04:00,2.930000066757202,2.933000087738037,2.759999990463257,2.809999942779541,252600,0.0,0.0
2022-06-14 00:00:00-04:00,2.8299999237060547,2.9000000953674316,2.609999895095825,2.75,286300,0.0,0.0
2022-06-15 00:00:00-04:00,2.75,2.75,2.450000047683716,2.5999999046325684,308200,0.0,0.0
2022-06-16 00:00:00-04:00,2.490000009536743,2.5799999237060547,2.2219998836517334,2.2699999809265137,471800,0.0,0.0
2022-06-17 00:00:00-04:00,2.299999952316284,2.4000000953674316,2.1700000762939453,2.2300000190734863,204100,0.0,0.0
2022-06-21 00:00:00-04:00,2.369999885559082,2.6700000762939453,2.2200000286102295,2.240000009536743,518600,0.0,0.0
2022-06-22 00:00:00-04:00,2.180000066757202,2.4170000553131104,2.180000066757202,2.2699999809265137,108200,0.0,0.0
2022-06-23 00:00:00-04:00,2.3499999046325684,2.5999999046325684,2.319999933242798,2.559999942779541,258500,0.0,0.0
2022-06-24 00:00:00-04:00,2.740000009536743,2.750999927520752,2.359999895095825,2.4600000381469727,526900,0.0,0.0
2022-06-27 00:00:00-04:00,2.450000047683716,2.450000047683716,2.2200000286102295,2.2200000286102295,353000,0.0,0.0
2022-06-28 00:00:00-04:00,2.3299999237060547,2.3369998931884766,2.2100000381469727,2.240000009536743,92600,0.0,0.0
2022-06-29 00:00:00-04:00,2.25,2.559999942779541,2.200000047683716,2.490000009536743,205100,0.0,0.0
2022-06-30 00:00:00-04:00,2.380000114440918,2.440000057220459,2.2799999713897705,2.380000114440918,187900,0.0,0.0
2022-07-01 00:00:00-04:00,2.4000000953674316,2.450000047683716,2.2699999809265137,2.3399999141693115,144000,0.0,0.0
2022-07-05 00:00:00-04:00,2.380000114440918,2.5,2.3399999141693115,2.359999895095825,211500,0.0,0.0
2022-07-06 00:00:00-04:00,2.319999933242798,2.559999942779541,2.319999933242798,2.5,125100,0.0,0.0
2022-07-07 00:00:00-04:00,2.5399999618530273,2.7799999713897705,2.5,2.690000057220459,223400,0.0,0.0
2022-07-08 00:00:00-04:00,2.690000057220459,2.7899999618530273,2.559999942779541,2.7300000190734863,116100,0.0,0.0
2022-07-11 00:00:00-04:00,2.799999952316284,2.940000057220459,2.6600000858306885,2.940000057220459,274200,0.0,0.0
2022-07-12 00:00:00-04:00,2.940000057220459,2.9800000190734863,2.6700000762939453,2.700000047683716,133500,0.0,0.0
2022-07-13 00:00:00-04:00,2.700000047683716,2.890000104904175,2.700000047683716,2.7899999618530273,121200,0.0,0.0
2022-07-14 00:00:00-04:00,2.7799999713897705,2.8499999046325684,2.509999990463257,2.5899999141693115,153100,0.0,0.0
2022-07-15 00:00:00-04:00,2.5999999046325684,2.8399999141693115,2.5999999046325684,2.7799999713897705,96600,0.0,0.0
2022-07-18 00:00:00-04:00,2.8299999237060547,2.950000047683716,2.680000066757202,2.7899999618530273,194500,0.0,0.0
2022-07-19 00:00:00-04:00,2.8499999046325684,3.200000047683716,2.8320000171661377,3.049999952316284,222000,0.0,0.0
2022-07-20 00:00:00-04:00,3.1600000858306885,3.390000104904175,2.990000009536743,3.130000114440918,351100,0.0,0.0
2022-07-21 00:00:00-04:00,3.130000114440918,3.430000066757202,3.130000114440918,3.369999885559082,261700,0.0,0.0
2022-07-22 00:00:00-04:00,3.4100000858306885,3.440000057220459,3.0199999809265137,3.0399999618530273,248200,0.0,0.0
2022-07-25 00:00:00-04:00,3.109999895095825,3.319999933242798,3.009999990463257,3.240000009536743,204000,0.0,0.0
2022-07-26 00:00:00-04:00,3.1500000953674316,3.1610000133514404,2.9100000858306885,2.9100000858306885,181500,0.0,0.0
2022-07-27 00:00:00-04:00,3.0,3.190000057220459,2.946000099182129,3.0899999141693115,142000,0.0,0.0
2022-07-28 00:00:00-04:00,3.0999999046325684,3.180000066757202,2.9800000190734863,3.1500000953674316,152400,0.0,0.0
2022-07-29 00:00:00-04:00,3.200000047683716,3.2200000286102295,3.0399999618530273,3.069999933242798,111500,0.0,0.0
2022-08-01 00:00:00-04:00,3.109999895095825,3.3299999237060547,2.9000000953674316,3.2899999618530273,263200,0.0,0.0
2022-08-02 00:00:00-04:00,3.2799999713897705,3.440000057220459,3.049999952316284,3.3299999237060547,356300,0.0,0.0
2022-08-03 00:00:00-04:00,3.440000057220459,3.4549999237060547,3.2899999618530273,3.4100000858306885,206700,0.0,0.0
2022-08-04 00:00:00-04:00,3.450000047683716,3.4549999237060547,3.313999891281128,3.369999885559082,102800,0.0,0.0
2022-08-05 00:00:00-04:00,3.369999885559082,3.7200000286102295,3.299999952316284,3.630000114440918,344400,0.0,0.0
2022-08-08 00:00:00-04:00,3.700000047683716,3.9000000953674316,3.6500000953674316,3.869999885559082,386100,0.0,0.0
2022-08-09 00:00:00-04:00,3.890000104904175,3.9000000953674316,3.7739999294281006,3.799999952316284,274400,0.0,0.0
2022-08-10 00:00:00-04:00,3.869999885559082,4.0,3.822999954223633,3.9000000953674316,295600,0.0,0.0
2022-08-11 00:00:00-04:00,4.0,4.179999828338623,3.9000000953674316,4.159999847412109,318800,0.0,0.0
2022-08-12 00:00:00-04:00,4.25,4.300000190734863,3.7300000190734863,4.0,459300,0.0,0.0
2022-08-15 00:00:00-04:00,4.090000152587891,4.275000095367432,4.010000228881836,4.039999961853027,298700,0.0,0.0
2022-08-16 00:00:00-04:00,4.0,4.159999847412109,3.859999895095825,4.139999866485596,318200,0.0,0.0
2022-08-17 00:00:00-04:00,4.130000114440918,4.190000057220459,3.700000047683716,3.75,351000,0.0,0.0
2022-08-18 00:00:00-04:00,3.819999933242798,3.871000051498413,3.5250000953674316,3.569999933242798,166100,0.0,0.0
2022-08-19 00:00:00-04:00,3.440000057220459,3.575000047683716,3.069999933242798,3.25,370900,0.0,0.0
2022-08-22 00:00:00-04:00,3.1500000953674316,3.240000009536743,3.0,3.049999952316284,266800,0.0,0.0
2022-08-23 00:00:00-04:00,3.240000009536743,3.305000066757202,3.1110000610351562,3.1700000762939453,181400,0.0,0.0
2022-08-24 00:00:00-04:00,3.180000066757202,3.2300000190734863,3.049999952316284,3.130000114440918,164500,0.0,0.0
2022-08-25 00:00:00-04:00,3.240000009536743,3.4600000381469727,3.1670000553131104,3.380000114440918,178100,0.0,0.0
2022-08-26 00:00:00-04:00,3.4200000762939453,3.427000045776367,3.109999895095825,3.1500000953674316,203300,0.0,0.0
2022-08-29 00:00:00-04:00,3.069999933242798,3.140000104904175,2.880000114440918,2.9100000858306885,276500,0.0,0.0
2022-08-30 00:00:00-04:00,2.9100000858306885,3.0309998989105225,2.7939999103546143,2.950000047683716,190000,0.0,0.0
2022-08-31 00:00:00-04:00,2.940000057220459,3.0299999713897705,2.880000114440918,2.9600000381469727,87200,0.0,0.0
2022-09-01 00:00:00-04:00,2.9200000762939453,2.9200000762939453,2.6500000953674316,2.809999942779541,200500,0.0,0.0
2022-09-02 00:00:00-04:00,3.0,3.0799999237060547,2.9100000858306885,2.9600000381469727,125400,0.0,0.0
2022-09-06 00:00:00-04:00,2.9100000858306885,2.9149999618530273,2.6500000953674316,2.6600000858306885,205200,0.0,0.0
2022-09-07 00:00:00-04:00,2.6500000953674316,2.759999990463257,2.6500000953674316,2.740000009536743,124600,0.0,0.0
2022-09-08 00:00:00-04:00,2.9100000858306885,3.0,2.759999990463257,2.9200000762939453,204400,0.0,0.0
2022-09-09 00:00:00-04:00,2.9700000286102295,2.990000009536743,2.9000000953674316,2.9600000381469727,95500,0.0,0.0
2022-09-12 00:00:00-04:00,3.0,3.0399999618530273,2.859999895095825,2.950000047683716,127200,0.0,0.0
2022-09-13 00:00:00-04:00,2.8499999046325684,2.930000066757202,2.7149999141693115,2.7799999713897705,230100,0.0,0.0
2022-09-14 00:00:00-04:00,2.799999952316284,2.9200000762939453,2.75,2.7799999713897705,110300,0.0,0.0
2022-09-15 00:00:00-04:00,2.809999942779541,2.869999885559082,2.759999990463257,2.8499999046325684,103400,0.0,0.0
2022-09-16 00:00:00-04:00,2.8399999141693115,2.8399999141693115,2.690000057220459,2.75,169200,0.0,0.0
2022-09-19 00:00:00-04:00,2.6600000858306885,2.700000047683716,2.430000066757202,2.549999952316284,165100,0.0,0.0
2022-09-20 00:00:00-04:00,2.569999933242798,2.690000057220459,2.490000009536743,2.5,165200,0.0,0.0
2022-09-21 00:00:00-04:00,2.5,2.5299999713897705,2.359999895095825,2.430000066757202,93200,0.0,0.0
2022-09-22 00:00:00-04:00,2.369999885559082,2.430000066757202,2.246999979019165,2.3299999237060547,193800,0.0,0.0
2022-09-23 00:00:00-04:00,2.4200000762939453,2.430000066757202,2.109999895095825,2.2699999809265137,231300,0.0,0.0
2022-09-26 00:00:00-04:00,2.3499999046325684,2.3580000400543213,2.1600000858306885,2.200000047683716,117700,0.0,0.0
2022-09-27 00:00:00-04:00,2.259999990463257,2.359999895095825,2.200000047683716,2.3299999237060547,147300,0.0,0.0
2022-09-28 00:00:00-04:00,2.3299999237060547,2.3949999809265137,2.259999990463257,2.309999942779541,132300,0.0,0.0
2022-09-29 00:00:00-04:00,2.380000114440918,2.3989999294281006,2.2200000286102295,2.369999885559082,151000,0.0,0.0
2022-09-30 00:00:00-04:00,2.4100000858306885,2.6700000762939453,2.369999885559082,2.509999990463257,171800,0.0,0.0
2022-10-03 00:00:00-04:00,2.5,2.5360000133514404,2.25,2.4600000381469727,154400,0.0,0.0
2022-10-04 00:00:00-04:00,2.5399999618530273,2.6700000762939453,2.5399999618530273,2.6600000858306885,144000,0.0,0.0
2022-10-05 00:00:00-04:00,2.569999933242798,2.638000011444092,2.3550000190734863,2.4200000762939453,252100,0.0,0.0
2022-10-06 00:00:00-04:00,2.3499999046325684,2.5299999713897705,2.3499999046325684,2.4000000953674316,101600,0.0,0.0
2022-10-07 00:00:00-04:00,2.3499999046325684,2.4800000190734863,2.259999990463257,2.309999942779541,108600,0.0,0.0
2022-10-10 00:00:00-04:00,2.2699999809265137,2.2699999809265137,2.0199999809265137,2.049999952316284,164900,0.0,0.0
2022-10-11 00:00:00-04:00,2.049999952316284,2.180000066757202,2.049999952316284,2.069999933242798,119700,0.0,0.0
2022-10-12 00:00:00-04:00,2.049999952316284,2.0799999237060547,1.909999966621399,1.9299999475479126,150700,0.0,0.0
2022-10-13 00:00:00-04:00,1.899999976158142,2.190000057220459,1.8880000114440918,2.109999895095825,197200,0.0,0.0
2022-10-14 00:00:00-04:00,2.130000114440918,2.188999891281128,2.0,2.0299999713897705,100100,0.0,0.0
2022-10-17 00:00:00-04:00,2.0999999046325684,2.180000066757202,2.069999933242798,2.140000104904175,87300,0.0,0.0
2022-10-18 00:00:00-04:00,2.190000057220459,2.2899999618530273,2.075000047683716,2.119999885559082,256600,0.0,0.0
2022-10-19 00:00:00-04:00,2.0999999046325684,2.1600000858306885,1.9700000286102295,2.0,145200,0.0,0.0
2022-10-20 00:00:00-04:00,1.9900000095367432,2.180000066757202,1.9900000095367432,2.0899999141693115,100200,0.0,0.0
2022-10-21 00:00:00-04:00,2.0399999618530273,2.109999895095825,2.0329999923706055,2.059999942779541,37100,0.0,0.0
2022-10-24 00:00:00-04:00,2.0799999237060547,2.0799999237060547,1.8359999656677246,1.9199999570846558,228700,0.0,0.0
2022-10-25 00:00:00-04:00,1.9800000190734863,2.180000066757202,1.9559999704360962,2.180000066757202,204300,0.0,0.0
2022-10-26 00:00:00-04:00,2.140000104904175,2.4159998893737793,2.1089999675750732,2.1700000762939453,160000,0.0,0.0
2022-10-27 00:00:00-04:00,2.180000066757202,2.4200000762939453,2.180000066757202,2.2799999713897705,132600,0.0,0.0
2022-10-28 00:00:00-04:00,2.3299999237060547,2.3399999141693115,2.1500000953674316,2.2799999713897705,110300,0.0,0.0
2022-10-31 00:00:00-04:00,2.299999952316284,2.3289999961853027,2.1600000858306885,2.2300000190734863,103100,0.0,0.0
2022-11-01 00:00:00-04:00,2.2200000286102295,2.2899999618530273,2.1600000858306885,2.200000047683716,53600,0.0,0.0
2022-11-02 00:00:00-04:00,2.190000057220459,2.190000057220459,2.009999990463257,2.0399999618530273,110400,0.0,0.0
2022-11-03 00:00:00-04:00,2.049999952316284,2.180000066757202,2.0,2.0199999809265137,122300,0.0,0.0
2022-11-04 00:00:00-04:00,2.1500000953674316,2.1500000953674316,1.9800000190734863,2.0899999141693115,101000,0.0,0.0
2022-11-07 00:00:00-05:00,2.0999999046325684,2.450000047683716,2.0399999618530273,2.200000047683716,270000,0.0,0.0
2022-11-08 00:00:00-05:00,2.1500000953674316,2.2899999618530273,2.069000005722046,2.180000066757202,132500,0.0,0.0
2022-11-09 00:00:00-05:00,2.2200000286102295,2.244999885559082,2.0,2.0799999237060547,85500,0.0,0.0
2022-11-10 00:00:00-05:00,2.0999999046325684,2.1500000953674316,2.009999990463257,2.0799999237060547,168000,0.0,0.0
2022-11-11 00:00:00-05:00,2.1500000953674316,2.2300000190734863,2.0199999809265137,2.1500000953674316,176000,0.0,0.0
2022-11-14 00:00:00-05:00,2.1500000953674316,2.2200000286102295,2.0899999141693115,2.1600000858306885,67900,0.0,0.0
2022-11-15 00:00:00-05:00,2.2300000190734863,2.3499999046325684,2.200000047683716,2.319999933242798,113800,0.0,0.0
2022-11-16 00:00:00-05:00,2.200000047683716,2.2799999713897705,2.059999942779541,2.0899999141693115,56400,0.0,0.0
2022-11-17 00:00:00-05:00,2.0899999141693115,2.180000066757202,2.0199999809265137,2.049999952316284,83800,0.0,0.0
2022-11-18 00:00:00-05:00,2.0299999713897705,2.180000066757202,2.0280001163482666,2.0999999046325684,112100,0.0,0.0
2022-11-21 00:00:00-05:00,2.069999933242798,2.1500000953674316,2.009999990463257,2.0299999713897705,97000,0.0,0.0
2022-11-22 00:00:00-05:00,2.0399999618530273,2.190000057220459,2.0399999618530273,2.119999885559082,85800,0.0,0.0
2022-11-23 00:00:00-05:00,2.180000066757202,2.200000047683716,2.119999885559082,2.180000066757202,60300,0.0,0.0
2022-11-25 00:00:00-05:00,2.200000047683716,2.2100000381469727,2.1080000400543213,2.190000057220459,57300,0.0,0.0
2022-11-28 00:00:00-05:00,2.190000057220459,2.255000114440918,2.049999952316284,2.130000114440918,104900,0.0,0.0
2022-11-29 00:00:00-05:00,2.130000114440918,2.319999933242798,2.130000114440918,2.2200000286102295,110400,0.0,0.0
2022-11-30 00:00:00-05:00,2.25,2.309999942779541,2.190000057220459,2.2100000381469727,115700,0.0,0.0
2022-12-01 00:00:00-05:00,2.240000009536743,2.319999933242798,2.0999999046325684,2.0999999046325684,76900,0.0,0.0
2022-12-02 00:00:00-05:00,2.059999942779541,2.2799999713897705,2.059999942779541,2.2200000286102295,93000,0.0,0.0
2022-12-05 00:00:00-05:00,2.2100000381469727,2.25,2.0999999046325684,2.0999999046325684,119100,0.0,0.0
2022-12-06 00:00:00-05:00,2.049999952316284,2.180000066757202,1.9500000476837158,1.9800000190734863,234200,0.0,0.0
2022-12-07 00:00:00-05:00,1.9800000190734863,2.1500000953674316,1.9500000476837158,2.049999952316284,72500,0.0,0.0
2022-12-08 00:00:00-05:00,2.0299999713897705,2.0999999046325684,1.965000033378601,2.0199999809265137,104700,0.0,0.0
2022-12-09 00:00:00-05:00,1.9900000095367432,2.0999999046325684,1.9800000190734863,2.0299999713897705,56700,0.0,0.0
2022-12-12 00:00:00-05:00,2.130000114440918,2.130000114440918,1.899999976158142,1.9800000190734863,156200,0.0,0.0
2022-12-13 00:00:00-05:00,2.0199999809265137,2.0999999046325684,1.850000023841858,1.850000023841858,137400,0.0,0.0
2022-12-14 00:00:00-05:00,1.850000023841858,1.9830000400543213,1.6399999856948853,1.659999966621399,281800,0.0,0.0
2022-12-15 00:00:00-05:00,1.6200000047683716,1.8600000143051147,1.6200000047683716,1.659999966621399,212900,0.0,0.0
2022-12-16 00:00:00-05:00,1.6799999475479126,1.75,1.6200000047683716,1.6200000047683716,132700,0.0,0.0
2022-12-19 00:00:00-05:00,1.6100000143051147,1.7699999809265137,1.6100000143051147,1.6100000143051147,118300,0.0,0.0
2022-12-20 00:00:00-05:00,1.6100000143051147,1.7100000381469727,1.6100000143051147,1.649999976158142,100600,0.0,0.0
2022-12-21 00:00:00-05:00,1.6799999475479126,1.7400000095367432,1.649999976158142,1.659999966621399,116600,0.0,0.0
2022-12-22 00:00:00-05:00,1.6699999570846558,1.7389999628067017,1.5199999809265137,1.5199999809265137,114100,0.0,0.0
2022-12-23 00:00:00-05:00,1.5199999809265137,1.7200000286102295,1.5199999809265137,1.559999942779541,42600,0.0,0.0
2022-12-27 00:00:00-05:00,1.6299999952316284,1.6299999952316284,1.5,1.5099999904632568,76700,0.0,0.0
2022-12-28 00:00:00-05:00,1.559999942779541,1.63100004196167,1.4500000476837158,1.4600000381469727,111900,0.0,0.0
2022-12-29 00:00:00-05:00,1.4500000476837158,1.559999942779541,1.4500000476837158,1.4900000095367432,76200,0.0,0.0
2022-12-30 00:00:00-05:00,1.4800000190734863,1.5299999713897705,1.4299999475479126,1.5099999904632568,123600,0.0,0.0
2023-01-03 00:00:00-05:00,1.5700000524520874,1.600000023841858,1.5,1.5199999809265137,108400,0.0,0.0
2023-01-04 00:00:00-05:00,1.5,1.5800000429153442,1.5,1.5499999523162842,32000,0.0,0.0
2023-01-05 00:00:00-05:00,1.5700000524520874,1.649999976158142,1.5199999809265137,1.6399999856948853,64900,0.0,0.0
2023-01-06 00:00:00-05:00,1.600000023841858,1.6399999856948853,1.600000023841858,1.6299999952316284,82200,0.0,0.0
2023-01-09 00:00:00-05:00,1.649999976158142,1.7400000095367432,1.590000033378601,1.7400000095367432,75800,0.0,0.0
2023-01-10 00:00:00-05:00,1.7000000476837158,1.7799999713897705,1.7000000476837158,1.7300000190734863,111200,0.0,0.0
2023-01-11 00:00:00-05:00,1.7400000095367432,1.7799999713897705,1.7000000476837158,1.7400000095367432,57400,0.0,0.0
2023-01-12 00:00:00-05:00,1.75,1.75,1.6699999570846558,1.7050000429153442,79700,0.0,0.0
2023-01-13 00:00:00-05:00,1.690000057220459,1.7999999523162842,1.690000057220459,1.7400000095367432,137300,0.0,0.0
2023-01-17 00:00:00-05:00,1.7999999523162842,1.7999999523162842,1.690000057220459,1.7300000190734863,83100,0.0,0.0
2023-01-18 00:00:00-05:00,1.7400000095367432,1.7400000095367432,1.6399999856948853,1.649999976158142,84500,0.0,0.0
2023-01-19 00:00:00-05:00,1.690000057220459,1.7400000095367432,1.6510000228881836,1.7100000381469727,52700,0.0,0.0
2023-01-20 00:00:00-05:00,1.7100000381469727,1.7799999713897705,1.6299999952316284,1.75,98100,0.0,0.0
2023-01-23 00:00:00-05:00,1.7799999713897705,1.940000057220459,1.75,1.9299999475479126,212500,0.0,0.0
2023-01-24 00:00:00-05:00,1.9299999475479126,1.9700000286102295,1.809999942779541,1.8700000047683716,139500,0.0,0.0
2023-01-25 00:00:00-05:00,1.8300000429153442,1.9500000476837158,1.809999942779541,1.899999976158142,108200,0.0,0.0
2023-01-26 00:00:00-05:00,1.9199999570846558,1.9299999475479126,1.7799999713897705,1.840000033378601,82100,0.0,0.0
2023-01-27 00:00:00-05:00,1.8300000429153442,1.8700000047683716,1.7799999713897705,1.7999999523162842,94700,0.0,0.0
2023-01-30 00:00:00-05:00,1.7999999523162842,1.8300000429153442,1.75,1.7799999713897705,91600,0.0,0.0
2023-01-31 00:00:00-05:00,1.8600000143051147,1.8600000143051147,1.75,1.7599999904632568,84600,0.0,0.0
2023-02-01 00:00:00-05:00,1.850000023841858,1.9800000190734863,1.7799999713897705,1.9199999570846558,334700,0.0,0.0
2023-02-02 00:00:00-05:00,1.9199999570846558,2.2100000381469727,1.899999976158142,2.0199999809265137,519100,0.0,0.0
2023-02-03 00:00:00-05:00,2.0899999141693115,2.75,2.049999952316284,2.4600000381469727,1898200,0.0,0.0
2023-02-06 00:00:00-05:00,2.9700000286102295,3.490000009536743,1.9700000286102295,2.109999895095825,8951600,0.0,0.0
2023-02-07 00:00:00-05:00,2.109999895095825,2.109999895095825,1.909999966621399,1.9800000190734863,1099800,0.0,0.0
2023-02-08 00:00:00-05:00,2.319999933242798,2.5999999046325684,1.899999976158142,1.9700000286102295,25752500,0.0,0.0
2023-02-09 00:00:00-05:00,1.9800000190734863,2.009999990463257,1.7599999904632568,1.7899999618530273,2318200,0.0,0.0
2023-02-10 00:00:00-05:00,1.7699999809265137,1.8200000524520874,1.7000000476837158,1.7599999904632568,863100,0.0,0.0
2023-02-13 00:00:00-05:00,1.8300000429153442,1.850000023841858,1.600000023841858,1.6349999904632568,1125800,0.0,0.0
2023-02-14 00:00:00-05:00,1.6200000047683716,1.7300000190734863,1.6100000143051147,1.7100000381469727,725500,0.0,0.0
2023-02-15 00:00:00-05:00,1.690000057220459,1.7990000247955322,1.5800000429153442,1.7100000381469727,1306900,0.0,0.0
2023-02-16 00:00:00-05:00,1.659999966621399,1.7400000095367432,1.559999942779541,1.600000023841858,527800,0.0,0.0
2023-02-17 00:00:00-05:00,1.5800000429153442,1.649999976158142,1.5199999809265137,1.559999942779541,524200,0.0,0.0
2023-02-21 00:00:00-05:00,1.5,1.590000033378601,1.5,1.5399999618530273,423100,0.0,0.0
2023-02-22 00:00:00-05:00,1.5499999523162842,1.597000002861023,1.5199999809265137,1.5299999713897705,241200,0.0,0.0
2023-02-23 00:00:00-05:00,1.5499999523162842,1.590000033378601,1.5,1.559999942779541,365800,0.0,0.0
2023-02-24 00:00:00-05:00,1.5099999904632568,1.5700000524520874,1.4700000286102295,1.5,257700,0.0,0.0
2023-02-27 00:00:00-05:00,1.4800000190734863,1.5399999618530273,1.4270000457763672,1.4700000286102295,347100,0.0,0.0
2023-02-28 00:00:00-05:00,1.4700000286102295,1.496999979019165,1.4299999475479126,1.440000057220459,186800,0.0,0.0
2023-03-01 00:00:00-05:00,1.440000057220459,1.5,1.3700000047683716,1.399999976158142,261600,0.0,0.0
2023-03-02 00:00:00-05:00,1.350000023841858,1.3899999856948853,1.3049999475479126,1.350000023841858,342500,0.0,0.0
2023-03-03 00:00:00-05:00,1.350000023841858,1.5,1.350000023841858,1.4800000190734863,273900,0.0,0.0
2023-03-06 00:00:00-05:00,1.5800000429153442,1.5800000429153442,1.3600000143051147,1.4199999570846558,254100,0.0,0.0
2023-03-07 00:00:00-05:00,1.4700000286102295,1.4900000095367432,1.3899999856948853,1.4199999570846558,182600,0.0,0.0
2023-03-08 00:00:00-05:00,1.440000057220459,1.5199999809265137,1.4199999570846558,1.5,241600,0.0,0.0
2023-03-09 00:00:00-05:00,1.5099999904632568,1.5199999809265137,1.3600000143051147,1.3600000143051147,308800,0.0,0.0
2023-03-10 00:00:00-05:00,1.350000023841858,1.4199999570846558,1.2799999713897705,1.2899999618530273,344500,0.0,0.0
2023-03-13 00:00:00-04:00,1.2899999618530273,1.3650000095367432,1.2799999713897705,1.2899999618530273,158400,0.0,0.0
2023-03-14 00:00:00-04:00,1.309999942779541,1.3799999952316284,1.2999999523162842,1.309999942779541,164100,0.0,0.0
2023-03-15 00:00:00-04:00,1.309999942779541,1.3200000524520874,1.149999976158142,1.149999976158142,417800,0.0,0.0
2023-03-16 00:00:00-04:00,1.2200000286102295,1.2799999713897705,1.2000000476837158,1.2799999713897705,179300,0.0,0.0
2023-03-17 00:00:00-04:00,1.2699999809265137,1.2799999713897705,1.2100000381469727,1.2100000381469727,141500,0.0,0.0
2023-03-20 00:00:00-04:00,1.2200000286102295,1.2400000095367432,1.2000000476837158,1.2300000190734863,154600,0.0,0.0
2023-03-21 00:00:00-04:00,1.309999942779541,1.350000023841858,1.25,1.350000023841858,211100,0.0,0.0
2023-03-22 00:00:00-04:00,1.4199999570846558,1.4199999570846558,1.2599999904632568,1.2799999713897705,261200,0.0,0.0
2023-03-23 00:00:00-04:00,1.2699999809265137,1.3289999961853027,1.2599999904632568,1.2999999523162842,121800,0.0,0.0
2023-03-24 00:00:00-04:00,1.3200000524520874,1.3200000524520874,1.2100000381469727,1.2699999809265137,154700,0.0,0.0
2023-03-27 00:00:00-04:00,1.2400000095367432,1.2699999809265137,1.2000000476837158,1.2400000095367432,187500,0.0,0.0
2023-03-28 00:00:00-04:00,1.25,1.2599999904632568,1.2000000476837158,1.2000000476837158,93000,0.0,0.0
2023-03-29 00:00:00-04:00,1.2100000381469727,1.2480000257492065,1.159999966621399,1.1799999475479126,217700,0.0,0.0
2023-03-30 00:00:00-04:00,1.1540000438690186,1.2400000095367432,1.149999976158142,1.2200000286102295,179600,0.0,0.0
2023-03-31 00:00:00-04:00,1.25,1.4299999475479126,1.2000000476837158,1.309999942779541,630000,0.0,0.0
2023-04-03 00:00:00-04:00,1.3600000143051147,1.5,1.3300000429153442,1.4800000190734863,319200,0.0,0.0
2023-04-04 00:00:00-04:00,1.5,1.559999942779541,1.409999966621399,1.559999942779541,488400,0.0,0.0
2023-04-05 00:00:00-04:00,1.5700000524520874,1.5800000429153442,1.3300000429153442,1.3799999952316284,407500,0.0,0.0
2023-04-06 00:00:00-04:00,1.3600000143051147,1.4299999475479126,1.350000023841858,1.4199999570846558,108900,0.0,0.0
2023-04-10 00:00:00-04:00,1.399999976158142,1.4249999523162842,1.340000033378601,1.3700000047683716,97500,0.0,0.0
2023-04-11 00:00:00-04:00,1.3799999952316284,1.3899999856948853,1.2899999618530273,1.2999999523162842,111900,0.0,0.0
2023-04-12 00:00:00-04:00,1.2999999523162842,1.350000023841858,1.2599999904632568,1.2699999809265137,165100,0.0,0.0
2023-04-13 00:00:00-04:00,1.2599999904632568,1.2899999618530273,1.2300000190734863,1.2599999904632568,291400,0.0,0.0
2023-04-14 00:00:00-04:00,1.2899999618530273,1.3200000524520874,1.2400000095367432,1.2699999809265137,88800,0.0,0.0
2023-04-17 00:00:00-04:00,1.2699999809265137,1.2899999618530273,1.2400000095367432,1.2799999713897705,92200,0.0,0.0
2023-04-18 00:00:00-04:00,1.2899999618530273,1.350000023841858,1.2899999618530273,1.350000023841858,97700,0.0,0.0
2023-04-19 00:00:00-04:00,1.3600000143051147,1.3799999952316284,1.2799999713897705,1.2899999618530273,93400,0.0,0.0
2023-04-20 00:00:00-04:00,1.2899999618530273,1.3200000524520874,1.25,1.2799999713897705,79900,0.0,0.0
2023-04-21 00:00:00-04:00,1.3300000429153442,1.3300000429153442,1.25,1.2599999904632568,64500,0.0,0.0
2023-04-24 00:00:00-04:00,1.2599999904632568,1.2860000133514404,1.2000000476837158,1.2000000476837158,117100,0.0,0.0
2023-04-25 00:00:00-04:00,1.2000000476837158,1.2200000286102295,1.1699999570846558,1.1799999475479126,97600,0.0,0.0
2023-04-26 00:00:00-04:00,1.2000000476837158,1.2400000095367432,1.1799999475479126,1.1799999475479126,121700,0.0,0.0
2023-04-27 00:00:00-04:00,1.2100000381469727,1.2699999809265137,1.1799999475479126,1.2100000381469727,197900,0.0,0.0
2023-04-28 00:00:00-04:00,1.2300000190734863,1.2369999885559082,1.1299999952316284,1.149999976158142,375900,0.0,0.0
2023-05-01 00:00:00-04:00,1.1699999570846558,1.190000057220459,1.149999976158142,1.159999966621399,113300,0.0,0.0
2023-05-02 00:00:00-04:00,1.190000057220459,1.190000057220459,1.1100000143051147,1.1200000047683716,158200,0.0,0.0
2023-05-03 00:00:00-04:00,1.1200000047683716,1.149999976158142,1.100000023841858,1.100000023841858,100900,0.0,0.0
2023-05-04 00:00:00-04:00,1.100000023841858,1.100000023841858,1.0499999523162842,1.0700000524520874,154500,0.0,0.0
2023-05-05 00:00:00-04:00,1.100000023841858,1.159999966621399,1.090000033378601,1.1100000143051147,129600,0.0,0.0
2023-05-08 00:00:00-04:00,1.1399999856948853,1.2999999523162842,1.1200000047683716,1.2799999713897705,418900,0.0,0.0
2023-05-09 00:00:00-04:00,1.2999999523162842,1.3200000524520874,1.2300000190734863,1.2599999904632568,144000,0.0,0.0
2023-05-10 00:00:00-04:00,1.2999999523162842,1.2999999523162842,1.2300000190734863,1.2699999809265137,169200,0.0,0.0
2023-05-11 00:00:00-04:00,1.2899999618530273,1.2899999618530273,1.2200000286102295,1.2599999904632568,81900,0.0,0.0
2023-05-12 00:00:00-04:00,1.2400000095367432,1.2999999523162842,1.1799999475479126,1.2599999904632568,190400,0.0,0.0
2023-05-15 00:00:00-04:00,1.2400000095367432,1.3300000429153442,1.2200000286102295,1.3300000429153442,195100,0.0,0.0
2023-05-16 00:00:00-04:00,1.350000023841858,1.4299999475479126,1.3200000524520874,1.4199999570846558,556400,0.0,0.0
2023-05-17 00:00:00-04:00,1.4199999570846558,1.4199999570846558,1.309999942779541,1.350000023841858,332600,0.0,0.0
2023-05-18 00:00:00-04:00,1.340000033378601,1.440000057220459,1.3200000524520874,1.350000023841858,437800,0.0,0.0
2023-05-19 00:00:00-04:00,1.3700000047683716,1.3700000047683716,1.2599999904632568,1.2999999523162842,222300,0.0,0.0
2023-05-22 00:00:00-04:00,1.309999942779541,1.4500000476837158,1.2200000286102295,1.2899999618530273,3380100,0.0,0.0
2023-05-23 00:00:00-04:00,1.5700000524520874,1.649999976158142,1.0399999618530273,1.159999966621399,23174500,0.0,0.0
2023-05-24 00:00:00-04:00,1.149999976158142,1.2699999809265137,1.1299999952316284,1.2300000190734863,2873500,0.0,0.0
2023-05-25 00:00:00-04:00,1.309999942779541,1.3300000429153442,1.1100000143051147,1.1799999475479126,2134200,0.0,0.0
2023-05-26 00:00:00-04:00,1.1399999856948853,1.2450000047683716,1.1399999856948853,1.2000000476837158,1881900,0.0,0.0
2023-05-30 00:00:00-04:00,1.2400000095367432,1.2680000066757202,1.149999976158142,1.2300000190734863,1643300,0.0,0.0
2023-05-31 00:00:00-04:00,1.2200000286102295,1.2400000095367432,1.149999976158142,1.1699999570846558,722900,0.0,0.0
2023-06-01 00:00:00-04:00,1.190000057220459,1.340000033378601,1.1699999570846558,1.2999999523162842,1977700,0.0,0.0
2023-06-02 00:00:00-04:00,1.2599999904632568,1.3300000429153442,1.1799999475479126,1.2100000381469727,1247200,0.0,0.0
2023-06-05 00:00:00-04:00,1.2100000381469727,1.3350000381469727,1.190000057220459,1.2799999713897705,1477700,0.0,0.0
2023-06-06 00:00:00-04:00,1.25,1.4700000286102295,1.2300000190734863,1.4600000381469727,3084800,0.0,0.0
2023-06-07 00:00:00-04:00,1.4600000381469727,1.600000023841858,1.3600000143051147,1.3799999952316284,2295500,0.0,0.0
2023-06-08 00:00:00-04:00,1.4600000381469727,1.590000033378601,1.3700000047683716,1.5800000429153442,2530500,0.0,0.0
2023-06-09 00:00:00-04:00,1.600000023841858,1.6399999856948853,1.440000057220459,1.5199999809265137,1846400,0.0,0.0
2023-06-12 00:00:00-04:00,1.5399999618530273,1.649999976158142,1.5010000467300415,1.6100000143051147,1288900,0.0,0.0
2023-06-13 00:00:00-04:00,1.6200000047683716,1.809999942779541,1.5099999904632568,1.7699999809265137,2464100,0.0,0.0
2023-06-14 00:00:00-04:00,1.7000000476837158,1.7899999618530273,1.569000005722046,1.6100000143051147,2004900,0.0,0.0
2023-06-15 00:00:00-04:00,1.6799999475479126,1.777999997138977,1.6150000095367432,1.7000000476837158,1994600,0.0,0.0
2023-06-16 00:00:00-04:00,1.7300000190734863,1.75,1.6200000047683716,1.7000000476837158,1569000,0.0,0.0
2023-06-20 00:00:00-04:00,1.7200000286102295,1.7300000190734863,1.4900000095367432,1.5499999523162842,1145200,0.0,0.0
2023-06-21 00:00:00-04:00,1.5299999713897705,1.559999942779541,1.3910000324249268,1.4049999713897705,1000500,0.0,0.0
2023-06-22 00:00:00-04:00,1.440000057220459,1.440000057220459,1.3300000429153442,1.340000033378601,734200,0.0,0.0
2023-06-23 00:00:00-04:00,1.340000033378601,1.3600000143051147,1.2799999713897705,1.3200000524520874,752900,0.0,0.0
2023-06-26 00:00:00-04:00,1.3700000047683716,1.399999976158142,1.2999999523162842,1.3200000524520874,1178000,0.0,0.0
2023-06-27 00:00:00-04:00,1.3200000524520874,1.3600000143051147,1.2599999904632568,1.2799999713897705,1355500,0.0,0.0
2023-06-28 00:00:00-04:00,1.309999942779541,1.350000023841858,1.2699999809265137,1.2799999713897705,2759800,0.0,0.0
2023-06-29 00:00:00-04:00,1.350000023841858,1.4199999570846558,1.1699999570846558,1.190000057220459,3517600,0.0,0.0
2023-06-30 00:00:00-04:00,1.2300000190734863,1.2599999904632568,1.1699999570846558,1.1799999475479126,1561700,0.0,0.0
2023-07-03 00:00:00-04:00,1.2100000381469727,1.2999999523162842,1.2100000381469727,1.2999999523162842,1394800,0.0,0.0
2023-07-05 00:00:00-04:00,1.2799999713897705,1.350000023841858,1.2549999952316284,1.309999942779541,1568600,0.0,0.0
2023-07-06 00:00:00-04:00,1.2799999713897705,1.2799999713897705,1.190000057220459,1.2699999809265137,1104000,0.0,0.0
2023-07-07 00:00:00-04:00,1.2699999809265137,1.2899999618530273,1.215000033378601,1.2599999904632568,1304700,0.0,0.0
2023-07-10 00:00:00-04:00,1.2599999904632568,1.2699999809265137,1.215000033378601,1.2300000190734863,1108200,0.0,0.0
2023-07-11 00:00:00-04:00,1.2400000095367432,1.2899999618530273,1.2100000381469727,1.2699999809265137,1276100,0.0,0.0
2023-07-12 00:00:00-04:00,1.25,1.2799999713897705,1.2300000190734863,1.25,967300,0.0,0.0
2023-07-13 00:00:00-04:00,1.2699999809265137,1.4800000190734863,1.2599999904632568,1.399999976158142,4989000,0.0,0.0
2023-07-14 00:00:00-04:00,1.440000057220459,1.4900000095367432,1.2699999809265137,1.2699999809265137,2328800,0.0,0.0
2023-07-17 00:00:00-04:00,1.2999999523162842,1.399999976158142,1.2799999713897705,1.350000023841858,2147900,0.0,0.0
2023-07-18 00:00:00-04:00,1.3300000429153442,1.4600000381469727,1.2999999523162842,1.3899999856948853,2382200,0.0,0.0
2023-07-19 00:00:00-04:00,1.4299999475479126,1.4800000190734863,1.309999942779541,1.340000033378601,2060800,0.0,0.0
2023-07-20 00:00:00-04:00,1.340000033378601,1.350000023841858,1.2699999809265137,1.2999999523162842,1244900,0.0,0.0
2023-07-21 00:00:00-04:00,1.2999999523162842,1.350000023841858,1.25,1.2899999618530273,1195800,0.0,0.0
2023-07-24 00:00:00-04:00,1.3200000524520874,1.340000033378601,1.25,1.2899999618530273,989000,0.0,0.0
2023-07-25 00:00:00-04:00,1.2799999713897705,1.309999942779541,1.2400000095367432,1.25,1380200,0.0,0.0
2023-07-26 00:00:00-04:00,1.2300000190734863,1.2599999904632568,1.2000000476837158,1.2400000095367432,1653600,0.0,0.0
2023-07-27 00:00:00-04:00,1.2599999904632568,1.2699999809265137,1.149999976158142,1.159999966621399,1729200,0.0,0.0
2023-07-28 00:00:00-04:00,1.2100000381469727,1.2699999809265137,1.1799999475479126,1.2400000095367432,1847500,0.0,0.0
2023-07-31 00:00:00-04:00,1.2599999904632568,1.4600000381469727,1.2400000095367432,1.4199999570846558,4817600,0.0,0.0
2023-08-01 00:00:00-04:00,1.590000033378601,1.6299999952316284,1.3600000143051147,1.559999942779541,21422200,0.0,0.0
2023-08-02 00:00:00-04:00,1.4900000095367432,1.5,1.2999999523162842,1.350000023841858,4748800,0.0,0.0
2023-08-03 00:00:00-04:00,1.350000023841858,1.409999966621399,1.2599999904632568,1.309999942779541,3098700,0.0,0.0
2023-08-04 00:00:00-04:00,1.3200000524520874,1.3200000524520874,1.2200000286102295,1.2400000095367432,2527200,0.0,0.0
2023-08-07 00:00:00-04:00,1.2799999713897705,1.2899999618530273,1.159999966621399,1.1799999475479126,2928900,0.0,0.0
2023-08-08 00:00:00-04:00,1.159999966621399,1.1799999475479126,1.1200000047683716,1.1799999475479126,1671000,0.0,0.0
2023-08-09 00:00:00-04:00,1.190000057220459,1.190000057220459,1.100000023841858,1.100000023841858,2373800,0.0,0.0
2023-08-10 00:00:00-04:00,1.1399999856948853,1.159999966621399,1.1150000095367432,1.1299999952316284,1394900,0.0,0.0
2023-08-11 00:00:00-04:00,1.149999976158142,1.2300000190734863,1.1080000400543213,1.2000000476837158,3184300,0.0,0.0
2023-08-14 00:00:00-04:00,1.1699999570846558,1.25,1.1399999856948853,1.2000000476837158,2249200,0.0,0.0
2023-08-15 00:00:00-04:00,1.159999966621399,1.1799999475479126,1.090000033378601,1.1100000143051147,1810900,0.0,0.0
2023-08-16 00:00:00-04:00,1.100000023841858,1.1399999856948853,1.0800000429153442,1.1100000143051147,1442200,0.0,0.0
2023-08-17 00:00:00-04:00,1.1100000143051147,1.1150000095367432,1.065000057220459,1.090000033378601,1165200,0.0,0.0
2023-08-18 00:00:00-04:00,1.0800000429153442,1.159999966621399,1.059999942779541,1.159999966621399,1259000,0.0,0.0
2023-08-21 00:00:00-04:00,1.1399999856948853,1.190000057220459,1.1399999856948853,1.190000057220459,1174400,0.0,0.0
2023-08-22 00:00:00-04:00,1.159999966621399,1.190000057220459,1.1299999952316284,1.190000057220459,893300,0.0,0.0
2023-08-23 00:00:00-04:00,1.149999976158142,1.2899999618530273,1.149999976158142,1.2400000095367432,2031500,0.0,0.0
2023-08-24 00:00:00-04:00,1.2599999904632568,1.2599999904632568,1.149999976158142,1.2000000476837158,1245700,0.0,0.0
2023-08-25 00:00:00-04:00,1.2000000476837158,1.25,1.1699999570846558,1.2300000190734863,844500,0.0,0.0
2023-08-28 00:00:00-04:00,1.25,1.2699999809265137,1.2300000190734863,1.2699999809265137,1246100,0.0,0.0
2023-08-29 00:00:00-04:00,1.2599999904632568,1.2669999599456787,1.2200000286102295,1.2300000190734863,1090800,0.0,0.0
2023-08-30 00:00:00-04:00,1.2200000286102295,1.2400000095367432,1.1799999475479126,1.2400000095367432,773000,0.0,0.0
2023-08-31 00:00:00-04:00,1.2300000190734863,1.2400000095367432,1.1699999570846558,1.1799999475479126,1130300,0.0,0.0
2023-09-01 00:00:00-04:00,1.2000000476837158,1.2200000286102295,1.1799999475479126,1.190000057220459,585000,0.0,0.0
2023-09-05 00:00:00-04:00,1.190000057220459,1.2799999713897705,1.190000057220459,1.2400000095367432,1771900,0.0,0.0
2023-09-06 00:00:00-04:00,1.25,1.2999999523162842,1.2000000476837158,1.2799999713897705,1297000,0.0,0.0
2023-09-07 00:00:00-04:00,1.2799999713897705,1.2799999713897705,1.2100000381469727,1.2699999809265137,928500,0.0,0.0
2023-09-08 00:00:00-04:00,1.2699999809265137,1.2999999523162842,1.218000054359436,1.2400000095367432,902600,0.0,0.0
2023-09-11 00:00:00-04:00,1.2300000190734863,1.3300000429153442,1.225000023841858,1.3200000524520874,1588200,0.0,0.0
2023-09-12 00:00:00-04:00,1.309999942779541,1.3700000047683716,1.2699999809265137,1.2799999713897705,1057800,0.0,0.0
2023-09-13 00:00:00-04:00,1.2899999618530273,1.309999942779541,1.25,1.2799999713897705,689700,0.0,0.0
2023-09-14 00:00:00-04:00,1.2899999618530273,1.3200000524520874,1.2699999809265137,1.2799999713897705,732900,0.0,0.0
2023-09-15 00:00:00-04:00,1.2899999618530273,1.2899999618530273,1.190000057220459,1.2200000286102295,1087400,0.0,0.0
2023-09-18 00:00:00-04:00,1.2200000286102295,1.2200000286102295,1.1399999856948853,1.1399999856948853,1266800,0.0,0.0
2023-09-19 00:00:00-04:00,1.1799999475479126,1.2100000381469727,1.1399999856948853,1.149999976158142,874900,0.0,0.0
2023-09-20 00:00:00-04:00,1.1699999570846558,1.1890000104904175,1.1299999952316284,1.1299999952316284,541200,0.0,0.0
2023-09-21 00:00:00-04:00,1.1399999856948853,1.149999976158142,1.1100000143051147,1.1299999952316284,545900,0.0,0.0
2023-09-22 00:00:00-04:00,1.1399999856948853,1.1399999856948853,1.100000023841858,1.100000023841858,479500,0.0,0.0
2023-09-25 00:00:00-04:00,1.100000023841858,1.1100000143051147,1.0700000524520874,1.0800000429153442,502100,0.0,0.0
2023-09-26 00:00:00-04:00,1.0700000524520874,1.100000023841858,1.0700000524520874,1.0700000524520874,280600,0.0,0.0
2023-09-27 00:00:00-04:00,1.090000033378601,1.1399999856948853,1.090000033378601,1.1100000143051147,481800,0.0,0.0
2023-09-28 00:00:00-04:00,1.100000023841858,1.100000023841858,1.059999942779541,1.090000033378601,775900,0.0,0.0
2023-09-29 00:00:00-04:00,1.090000033378601,1.1100000143051147,1.0700000524520874,1.0800000429153442,284600,0.0,0.0
2023-10-02 00:00:00-04:00,1.0800000429153442,1.090000033378601,1.059999942779541,1.059999942779541,275200,0.0,0.0
2023-10-03 00:00:00-04:00,1.059999942779541,1.090000033378601,1.0199999809265137,1.0399999618530273,810800,0.0,0.0
2023-10-04 00:00:00-04:00,1.0299999713897705,1.0449999570846558,0.9700000286102295,0.9700000286102295,887900,0.0,0.0
2023-10-05 00:00:00-04:00,0.9700000286102295,0.9750000238418579,0.8600000143051147,0.8650000095367432,1073600,0.0,0.0
2023-10-06 00:00:00-04:00,0.8790000081062317,0.9449999928474426,0.8600000143051147,0.9300000071525574,725300,0.0,0.0
2023-10-09 00:00:00-04:00,0.921999990940094,0.9449999928474426,0.8799999952316284,0.890999972820282,370300,0.0,0.0
2023-10-10 00:00:00-04:00,0.8999999761581421,0.9900000095367432,0.8899999856948853,0.9739999771118164,762500,0.0,0.0
2023-10-11 00:00:00-04:00,1.0,1.0449999570846558,0.9309999942779541,0.9700000286102295,1211800,0.0,0.0
2023-10-12 00:00:00-04:00,0.9700000286102295,0.9860000014305115,0.9309999942779541,0.9570000171661377,546000,0.0,0.0
2023-10-13 00:00:00-04:00,0.9700000286102295,0.9800000190734863,0.9129999876022339,0.9399999976158142,363700,0.0,0.0
2023-10-16 00:00:00-04:00,0.9350000023841858,0.9729999899864197,0.9300000071525574,0.9419999718666077,300000,0.0,0.0
2023-10-17 00:00:00-04:00,0.949999988079071,1.0,0.949999988079071,0.9700000286102295,390100,0.0,0.0
2023-10-18 00:00:00-04:00,0.949999988079071,0.9900000095367432,0.9100000262260437,0.9300000071525574,365800,0.0,0.0
2023-10-19 00:00:00-04:00,0.9100000262260437,0.9300000071525574,0.8600000143051147,0.8889999985694885,661400,0.0,0.0
2023-10-20 00:00:00-04:00,0.8799999952316284,0.8989999890327454,0.8500000238418579,0.8600000143051147,336100,0.0,0.0
2023-10-23 00:00:00-04:00,0.8600000143051147,0.8980000019073486,0.8600000143051147,0.8629999756813049,253900,0.0,0.0
2023-10-24 00:00:00-04:00,0.8679999709129333,0.9399999976158142,0.8640000224113464,0.8939999938011169,315200,0.0,0.0
2023-10-25 00:00:00-04:00,0.8799999952316284,0.9089999794960022,0.8199999928474426,0.8349999785423279,356000,0.0,0.0
2023-10-26 00:00:00-04:00,0.8199999928474426,0.8199999928474426,0.7300000190734863,0.7400000095367432,1021800,0.0,0.0
2023-10-27 00:00:00-04:00,0.7599999904632568,0.7649999856948853,0.6700000166893005,0.6710000038146973,707100,0.0,0.0
2023-10-30 00:00:00-04:00,0.699999988079071,0.7099999785423279,0.6340000033378601,0.6650000214576721,561300,0.0,0.0
2023-10-31 00:00:00-04:00,0.6899999976158142,0.75,0.671999990940094,0.7269999980926514,553000,0.0,0.0
2023-11-01 00:00:00-04:00,0.7570000290870667,0.7699999809265137,0.7099999785423279,0.7429999709129333,424800,0.0,0.0
2023-11-02 00:00:00-04:00,0.7829999923706055,0.8169999718666077,0.765999972820282,0.7889999747276306,461700,0.0,0.0
2023-11-03 00:00:00-04:00,0.8450000286102295,0.8500000238418579,0.800000011920929,0.8330000042915344,384600,0.0,0.0
2023-11-06 00:00:00-05:00,0.8479999899864197,0.8479999899864197,0.800000011920929,0.8100000023841858,197100,0.0,0.0
2023-11-07 00:00:00-05:00,0.8399999737739563,0.8399999737739563,0.7889999747276306,0.8259999752044678,171200,0.0,0.0
2023-11-08 00:00:00-05:00,0.824999988079071,0.8389999866485596,0.7900000214576721,0.8149999976158142,215300,0.0,0.0
2023-11-09 00:00:00-05:00,0.8349999785423279,0.8349999785423279,0.7369999885559082,0.7490000128746033,363500,0.0,0.0
2023-11-10 00:00:00-05:00,0.7599999904632568,0.7699999809265137,0.6700000166893005,0.7099999785423279,522100,0.0,0.0
2023-11-13 00:00:00-05:00,0.7720000147819519,0.7940000295639038,0.75,0.7720000147819519,376500,0.0,0.0
2023-11-14 00:00:00-05:00,0.7720000147819519,0.7789999842643738,0.7200000286102295,0.7739999890327454,576800,0.0,0.0
2023-11-15 00:00:00-05:00,0.7799999713897705,0.8190000057220459,0.7609999775886536,0.7879999876022339,608900,0.0,0.0
2023-11-16 00:00:00-05:00,0.7710000276565552,0.796999990940094,0.7310000061988831,0.7400000095367432,363500,0.0,0.0
2023-11-17 00:00:00-05:00,0.7200000286102295,0.7699999809265137,0.7120000123977661,0.7379999756813049,333000,0.0,0.0
2023-11-20 00:00:00-05:00,0.7580000162124634,0.7799999713897705,0.7400000095367432,0.75,347600,0.0,0.0
2023-11-21 00:00:00-05:00,0.7630000114440918,0.7799999713897705,0.7319999933242798,0.7409999966621399,396000,0.0,0.0
2023-11-22 00:00:00-05:00,0.777999997138977,0.796999990940094,0.75,0.7720000147819519,262700,0.0,0.0
2023-11-24 00:00:00-05:00,0.777999997138977,0.8799999952316284,0.7649999856948853,0.8799999952316284,322400,0.0,0.0
2023-11-27 00:00:00-05:00,0.8500000238418579,0.9599999785423279,0.8460000157356262,0.9120000004768372,823700,0.0,0.0
2023-11-28 00:00:00-05:00,0.9089999794960022,0.9200000166893005,0.8799999952316284,0.9100000262260437,316900,0.0,0.0
2023-11-29 00:00:00-05:00,0.9010000228881836,0.9750000238418579,0.8999999761581421,0.9200000166893005,500100,0.0,0.0
2023-11-30 00:00:00-05:00,0.949999988079071,0.9509999752044678,0.8809999823570251,0.890999972820282,310900,0.0,0.0
2023-12-01 00:00:00-05:00,0.8799999952316284,0.9300000071525574,0.8529999852180481,0.9290000200271606,449800,0.0,0.0
2023-12-04 00:00:00-05:00,0.949999988079071,0.9599999785423279,0.8809999823570251,0.9440000057220459,593400,0.0,0.0
2023-12-05 00:00:00-05:00,0.9399999976158142,0.9599999785423279,0.8999999761581421,0.8999999761581421,434900,0.0,0.0
2023-12-06 00:00:00-05:00,0.9200000166893005,0.949999988079071,0.8029999732971191,0.8149999976158142,1400500,0.0,0.0
2023-12-07 00:00:00-05:00,0.8600000143051147,0.9300000071525574,0.7599999904632568,0.7950000166893005,1716800,0.0,0.0
2023-12-08 00:00:00-05:00,0.800000011920929,0.8550000190734863,0.800000011920929,0.8500000238418579,465600,0.0,0.0
2023-12-11 00:00:00-05:00,0.8700000047683716,0.8700000047683716,0.8029999732971191,0.8500000238418579,610400,0.0,0.0
2023-12-12 00:00:00-05:00,0.8180000185966492,0.843999981880188,0.8029999732971191,0.8140000104904175,460300,0.0,0.0
2023-12-13 00:00:00-05:00,0.8140000104904175,0.8149999976158142,0.7739999890327454,0.8069999814033508,610000,0.0,0.0
2023-12-14 00:00:00-05:00,0.8149999976158142,0.8500000238418579,0.8100000023841858,0.8230000138282776,586700,0.0,0.0
2023-12-15 00:00:00-05:00,0.8600000143051147,0.8899999856948853,0.8410000205039978,0.8500000238418579,978000,0.0,0.0
2023-12-18 00:00:00-05:00,0.8600000143051147,0.9100000262260437,0.8500000238418579,0.8730000257492065,1168400,0.0,0.0
2023-12-19 00:00:00-05:00,0.8799999952316284,0.949999988079071,0.875,0.9210000038146973,952400,0.0,0.0
2023-12-20 00:00:00-05:00,0.8960000276565552,1.0,0.8960000276565552,0.9100000262260437,1393100,0.0,0.0
2023-12-21 00:00:00-05:00,0.9200000166893005,0.949999988079071,0.8799999952316284,0.8840000033378601,597500,0.0,0.0
2023-12-22 00:00:00-05:00,0.8999999761581421,0.9290000200271606,0.8799999952316284,0.8999999761581421,595600,0.0,0.0
2023-12-26 00:00:00-05:00,0.9100000262260437,0.9879999756813049,0.8999999761581421,0.9779999852180481,1132200,0.0,0.0
2023-12-27 00:00:00-05:00,0.9800000190734863,0.9800000190734863,0.9399999976158142,0.949999988079071,459300,0.0,0.0
2023-12-28 00:00:00-05:00,0.9399999976158142,0.9800000190734863,0.9399999976158142,0.9700000286102295,599100,0.0,0.0
2023-12-29 00:00:00-05:00,0.949999988079071,0.9750000238418579,0.8999999761581421,0.9129999876022339,850300,0.0,0.0
2024-01-02 00:00:00-05:00,0.9290000200271606,0.9599999785423279,0.8859999775886536,0.8949999809265137,553200,0.0,0.0
2024-01-03 00:00:00-05:00,0.8799999952316284,0.9150000214576721,0.8500000238418579,0.8640000224113464,521800,0.0,0.0
2024-01-04 00:00:00-05:00,0.8650000095367432,0.8820000290870667,0.8209999799728394,0.8479999899864197,572400,0.0,0.0
2024-01-05 00:00:00-05:00,0.8650000095367432,0.8700000047683716,0.8180000185966492,0.8180000185966492,401300,0.0,0.0
2024-01-08 00:00:00-05:00,0.8539999723434448,0.8799999952316284,0.8309999704360962,0.8799999952316284,651300,0.0,0.0
2024-01-09 00:00:00-05:00,0.8899999856948853,0.8899999856948853,0.8410000205039978,0.8560000061988831,620200,0.0,0.0
2024-01-10 00:00:00-05:00,0.871999979019165,0.875,0.8199999928474426,0.8360000252723694,561400,0.0,0.0
2024-01-11 00:00:00-05:00,0.8500000238418579,0.8500000238418579,0.7820000052452087,0.7960000038146973,657700,0.0,0.0
2024-01-12 00:00:00-05:00,0.7960000038146973,0.8199999928474426,0.7710000276565552,0.7950000166893005,557300,0.0,0.0
2024-01-16 00:00:00-05:00,0.8199999928474426,0.8270000219345093,0.7570000290870667,0.7649999856948853,591000,0.0,0.0
2024-01-17 00:00:00-05:00,0.7699999809265137,0.8100000023841858,0.75,0.8050000071525574,749700,0.0,0.0
2024-01-18 00:00:00-05:00,0.8299999833106995,0.8389999866485596,0.8100000023841858,0.8299999833106995,671600,0.0,0.0
2024-01-19 00:00:00-05:00,0.8479999899864197,0.8479999899864197,0.8009999990463257,0.8299999833106995,789800,0.0,0.0
2024-01-22 00:00:00-05:00,0.8500000238418579,0.9200000166893005,0.8479999899864197,0.9020000100135803,1893800,0.0,0.0
2024-01-23 00:00:00-05:00,0.9269999861717224,0.949999988079071,0.8999999761581421,0.925000011920929,955100,0.0,0.0
2024-01-24 00:00:00-05:00,0.9380000233650208,0.9399999976158142,0.8999999761581421,0.9290000200271606,722700,0.0,0.0
2024-01-25 00:00:00-05:00,0.9290000200271606,0.9490000009536743,0.8799999952316284,0.8899999856948853,736100,0.0,0.0
2024-01-26 00:00:00-05:00,0.8999999761581421,0.9100000262260437,0.8539999723434448,0.8859999775886536,603300,0.0,0.0
2024-01-29 00:00:00-05:00,0.8899999856948853,0.9070000052452087,0.8709999918937683,0.9070000052452087,467400,0.0,0.0
2024-01-30 00:00:00-05:00,0.9100000262260437,0.9100000262260437,0.8610000014305115,0.8700000047683716,523600,0.0,0.0
2024-01-31 00:00:00-05:00,0.8510000109672546,0.8690000176429749,0.800000011920929,0.8109999895095825,843100,0.0,0.0
2024-02-01 00:00:00-05:00,0.8199999928474426,0.8420000076293945,0.75,0.7580000162124634,944500,0.0,0.0
2024-02-02 00:00:00-05:00,0.7799999713897705,0.800000011920929,0.7620000243186951,0.7900000214576721,651700,0.0,0.0
2024-02-05 00:00:00-05:00,0.800000011920929,0.8069999814033508,0.75,0.7620000243186951,816400,0.0,0.0
2024-02-06 00:00:00-05:00,0.7599999904632568,0.7689999938011169,0.7160000205039978,0.7310000061988831,1102100,0.0,0.0
2024-02-07 00:00:00-05:00,0.7310000061988831,0.7559999823570251,0.7120000123977661,0.7360000014305115,477200,0.0,0.0
2024-02-08 00:00:00-05:00,0.7400000095367432,0.75,0.7200000286102295,0.7350000143051147,537200,0.0,0.0
2024-02-09 00:00:00-05:00,0.722000002861023,0.75,0.7120000123977661,0.7490000128746033,674600,0.0,0.0
2024-02-12 00:00:00-05:00,0.7559999823570251,0.9049999713897705,0.7559999823570251,0.8420000076293945,3300000,0.0,0.0
2024-02-13 00:00:00-05:00,0.8410000205039978,0.847000002861023,0.7710000276565552,0.7829999923706055,1074900,0.0,0.0
2024-02-14 00:00:00-05:00,0.796999990940094,0.9100000262260437,0.7900000214576721,0.8600000143051147,3851300,0.0,0.0
2024-02-15 00:00:00-05:00,0.8799999952316284,0.8930000066757202,0.8199999928474426,0.8690000176429749,1587300,0.0,0.0
2024-02-16 00:00:00-05:00,0.8600000143051147,0.9399999976158142,0.8519999980926514,0.8999999761581421,2882800,0.0,0.0
2024-02-20 00:00:00-05:00,0.949999988079071,0.9599999785423279,0.8209999799728394,0.8690000176429749,3214900,0.0,0.0
2024-02-21 00:00:00-05:00,0.8510000109672546,0.8600000143051147,0.7799999713897705,0.7850000262260437,2131400,0.0,0.0
2024-02-22 00:00:00-05:00,0.800000011920929,0.8299999833106995,0.7900000214576721,0.800000011920929,1300800,0.0,0.0
2024-02-23 00:00:00-05:00,0.8100000023841858,0.824999988079071,0.7369999885559082,0.7990000247955322,2258000,0.0,0.0
2024-02-26 00:00:00-05:00,0.8429999947547913,0.8899999856948853,0.800000011920929,0.8690000176429749,2299500,0.0,0.0
2024-02-27 00:00:00-05:00,0.8840000033378601,0.8899999856948853,0.7950000166893005,0.8399999737739563,1929800,0.0,0.0
2024-02-28 00:00:00-05:00,0.8399999737739563,0.8790000081062317,0.800000011920929,0.8429999947547913,2302700,0.0,0.0
2024-02-29 00:00:00-05:00,0.859000027179718,0.9150000214576721,0.8199999928474426,0.8309999704360962,1781000,0.0,0.0
2024-03-01 00:00:00-05:00,0.8650000095367432,0.8700000047683716,0.8009999990463257,0.8519999980926514,1425900,0.0,0.0
2024-03-04 00:00:00-05:00,0.8799999952316284,0.8870000243186951,0.8100000023841858,0.8339999914169312,1637800,0.0,0.0
2024-03-05 00:00:00-05:00,0.8149999976158142,0.8450000286102295,0.7900000214576721,0.8299999833106995,1308800,0.0,0.0
2024-03-06 00:00:00-05:00,0.8299999833106995,0.8769999742507935,0.8109999895095825,0.8410000205039978,1430700,0.0,0.0
2024-03-07 00:00:00-05:00,0.8399999737739563,0.8999999761581421,0.8299999833106995,0.8849999904632568,2305500,0.0,0.0
2024-03-08 00:00:00-05:00,0.8939999938011169,0.9380000233650208,0.8399999737739563,0.8700000047683716,2555000,0.0,0.0
2024-03-11 00:00:00-04:00,0.8889999985694885,1.0,0.8700000047683716,0.949999988079071,3346700,0.0,0.0
2024-03-12 00:00:00-04:00,0.9700000286102295,1.2300000190734863,0.949999988079071,1.2200000286102295,5531900,0.0,0.0
2024-03-13 00:00:00-04:00,1.2100000381469727,1.2300000190734863,1.0800000429153442,1.159999966621399,4788600,0.0,0.0
2024-03-14 00:00:00-04:00,1.1799999475479126,1.184999942779541,1.100000023841858,1.1399999856948853,1458400,0.0,0.0
2024-03-15 00:00:00-04:00,1.1299999952316284,1.1299999952316284,1.031000018119812,1.1100000143051147,1973500,0.0,0.0
2024-03-18 00:00:00-04:00,1.1399999856948853,1.3200000524520874,1.13100004196167,1.2400000095367432,4454700,0.0,0.0
2024-03-19 00:00:00-04:00,1.2200000286102295,1.2280000448226929,1.100000023841858,1.149999976158142,1914300,0.0,0.0
2024-03-20 00:00:00-04:00,1.1699999570846558,1.25,1.149999976158142,1.2400000095367432,1639500,0.0,0.0
2024-03-21 00:00:00-04:00,1.2799999713897705,1.2899999618530273,1.1399999856948853,1.149999976158142,2279100,0.0,0.0
2024-03-22 00:00:00-04:00,1.1200000047683716,1.149999976158142,1.059999942779541,1.0700000524520874,1729800,0.0,0.0
2024-03-25 00:00:00-04:00,1.100000023841858,1.1799999475479126,1.090000033378601,1.1200000047683716,1907700,0.0,0.0
2024-03-26 00:00:00-04:00,1.1699999570846558,1.190000057220459,1.0800000429153442,1.1100000143051147,2266600,0.0,0.0
2024-03-27 00:00:00-04:00,1.090000033378601,1.1200000047683716,0.949999988079071,1.0199999809265137,2419100,0.0,0.0
2024-03-28 00:00:00-04:00,1.0199999809265137,1.0499999523162842,0.9850000143051147,0.9900000095367432,1775700,0.0,0.0
2024-04-01 00:00:00-04:00,1.0299999713897705,1.0299999713897705,0.949999988079071,1.0,1360500,0.0,0.0
2024-04-02 00:00:00-04:00,0.9879999756813049,0.9959999918937683,0.949999988079071,0.9879999756813049,1175500,0.0,0.0
2024-04-03 00:00:00-04:00,1.0099999904632568,1.0099999904632568,0.9300000071525574,0.9769999980926514,1373500,0.0,0.0
2024-04-04 00:00:00-04:00,0.9800000190734863,1.0199999809265137,0.9599999785423279,0.9700000286102295,1369500,0.0,0.0
2024-04-05 00:00:00-04:00,0.9810000061988831,0.9990000128746033,0.9520000219345093,0.9520000219345093,1005700,0.0,0.0
2024-04-08 00:00:00-04:00,0.9599999785423279,0.9700000286102295,0.890999972820282,0.9010000228881836,1809800,0.0,0.0
2024-04-09 00:00:00-04:00,0.9020000100135803,0.9800000190734863,0.890999972820282,0.8999999761581421,1343000,0.0,0.0
2024-04-10 00:00:00-04:00,0.8999999761581421,0.8999999761581421,0.8519999980926514,0.8769999742507935,942900,0.0,0.0
2024-04-11 00:00:00-04:00,0.8899999856948853,0.9089999794960022,0.8539999723434448,0.8809999823570251,873100,0.0,0.0
2024-04-12 00:00:00-04:00,0.8840000033378601,0.8840000033378601,0.800000011920929,0.8109999895095825,1399900,0.0,0.0
2024-04-15 00:00:00-04:00,0.8259999752044678,0.8330000042915344,0.7419999837875366,0.7540000081062317,1910800,0.0,0.0
2024-04-16 00:00:00-04:00,0.7429999709129333,0.7950000166893005,0.7200000286102295,0.7820000052452087,1381600,0.0,0.0
2024-04-17 00:00:00-04:00,0.8100000023841858,0.8100000023841858,0.7699999809265137,0.7960000038146973,651400,0.0,0.0
2024-04-18 00:00:00-04:00,0.7799999713897705,0.8100000023841858,0.753000020980835,0.7699999809265137,634000,0.0,0.0
2024-04-19 00:00:00-04:00,0.75,0.7699999809265137,0.7099999785423279,0.7179999947547913,1002700,0.0,0.0
2024-04-22 00:00:00-04:00,0.7310000061988831,0.7450000047683716,0.6800000071525574,0.7020000219345093,1617400,0.0,0.0
2024-04-23 00:00:00-04:00,0.7099999785423279,0.7699999809265137,0.7099999785423279,0.7570000290870667,1459300,0.0,0.0
2024-04-24 00:00:00-04:00,0.7990000247955322,0.800000011920929,0.7300000190734863,0.7519999742507935,836700,0.0,0.0
2024-04-25 00:00:00-04:00,0.75,0.7670000195503235,0.7300000190734863,0.7540000081062317,554100,0.0,0.0
2024-04-26 00:00:00-04:00,0.7599999904632568,0.7699999809265137,0.7400000095367432,0.7519999742507935,741500,0.0,0.0
2024-04-29 00:00:00-04:00,0.7699999809265137,0.8190000057220459,0.7519999742507935,0.7990000247955322,950400,0.0,0.0
2024-04-30 00:00:00-04:00,0.8050000071525574,0.8080000281333923,0.7509999871253967,0.7680000066757202,921100,0.0,0.0
2024-05-01 00:00:00-04:00,0.7630000114440918,0.7720000147819519,0.7400000095367432,0.7549999952316284,585000,0.0,0.0
2024-05-02 00:00:00-04:00,0.7799999713897705,0.7889999747276306,0.7400000095367432,0.7699999809265137,577600,0.0,0.0
2024-05-03 00:00:00-04:00,0.7900000214576721,0.800000011920929,0.7540000081062317,0.7680000066757202,735300,0.0,0.0
2024-05-06 00:00:00-04:00,0.7749999761581421,0.8299999833106995,0.7570000290870667,0.781000018119812,1157000,0.0,0.0
2024-05-07 00:00:00-04:00,0.7979999780654907,0.7979999780654907,0.7630000114440918,0.7850000262260437,367300,0.0,0.0
2024-05-08 00:00:00-04:00,0.75,0.7900000214576721,0.7440000176429749,0.7599999904632568,562400,0.0,0.0
2024-05-09 00:00:00-04:00,0.7599999904632568,0.7749999761581421,0.75,0.7599999904632568,389600,0.0,0.0
2024-05-10 00:00:00-04:00,0.7900000214576721,0.7900000214576721,0.7350000143051147,0.7480000257492065,893000,0.0,0.0
2024-05-13 00:00:00-04:00,0.7960000038146973,0.796999990940094,0.7110000252723694,0.7549999952316284,1125800,0.0,0.0
2024-05-14 00:00:00-04:00,0.7400000095367432,0.7900000214576721,0.7300000190734863,0.7860000133514404,614800,0.0,0.0
2024-05-15 00:00:00-04:00,0.7910000085830688,0.8209999799728394,0.7639999985694885,0.7979999780654907,776300,0.0,0.0
2024-05-16 00:00:00-04:00,0.800000011920929,0.8899999856948853,0.800000011920929,0.8379999995231628,1409400,0.0,0.0
2024-05-17 00:00:00-04:00,0.8569999933242798,0.8899999856948853,0.7400000095367432,0.7929999828338623,1436800,0.0,0.0
2024-05-20 00:00:00-04:00,0.8199999928474426,0.8199999928474426,0.7409999966621399,0.7519999742507935,1087600,0.0,0.0
2024-05-21 00:00:00-04:00,0.7599999904632568,0.7599999904632568,0.7200000286102295,0.7369999885559082,928400,0.0,0.0
2024-05-22 00:00:00-04:00,0.7310000061988831,0.75,0.7200000286102295,0.7369999885559082,501300,0.0,0.0
2024-05-23 00:00:00-04:00,0.7400000095367432,0.7409999966621399,0.699999988079071,0.7160000205039978,1154000,0.0,0.0
2024-05-24 00:00:00-04:00,0.699999988079071,0.7200000286102295,0.699999988079071,0.7200000286102295,727800,0.0,0.0
2024-05-28 00:00:00-04:00,0.7099999785423279,0.7279999852180481,0.7020000219345093,0.7170000076293945,587700,0.0,0.0
2024-05-29 00:00:00-04:00,0.7200000286102295,0.7279999852180481,0.7110000252723694,0.7279999852180481,688100,0.0,0.0
2024-05-30 00:00:00-04:00,0.7049999833106995,0.7289999723434448,0.699999988079071,0.7200000286102295,407500,0.0,0.0
2024-05-31 00:00:00-04:00,0.7250000238418579,0.7329999804496765,0.7059999704360962,0.7239999771118164,649900,0.0,0.0
2024-06-03 00:00:00-04:00,0.7289999723434448,0.7300000190734863,0.699999988079071,0.7009999752044678,800700,0.0,0.0
2024-06-04 00:00:00-04:00,0.7009999752044678,0.703000009059906,0.6850000023841858,0.6959999799728394,718200,0.0,0.0
2024-06-05 00:00:00-04:00,0.6949999928474426,0.703000009059906,0.6809999942779541,0.6949999928474426,526500,0.0,0.0
2024-06-06 00:00:00-04:00,0.7049999833106995,0.7049999833106995,0.6800000071525574,0.6850000023841858,554300,0.0,0.0
2024-06-07 00:00:00-04:00,0.6800000071525574,0.6809999942779541,0.6309999823570251,0.6399999856948853,1256600,0.0,0.0
2024-06-10 00:00:00-04:00,0.6600000262260437,0.6600000262260437,0.6100000143051147,0.6299999952316284,1163500,0.0,0.0
2024-06-11 00:00:00-04:00,0.6200000047683716,0.6800000071525574,0.6159999966621399,0.6800000071525574,618100,0.0,0.0
2024-06-12 00:00:00-04:00,0.6800000071525574,0.6830000281333923,0.6320000290870667,0.6449999809265137,804100,0.0,0.0
2024-06-13 00:00:00-04:00,0.6600000262260437,0.6700000166893005,0.6299999952316284,0.6650000214576721,736900,0.0,0.0
2024-06-14 00:00:00-04:00,0.6600000262260437,0.6650000214576721,0.6399999856948853,0.6420000195503235,715300,0.0,0.0
2024-06-17 00:00:00-04:00,0.6399999856948853,0.6499999761581421,0.6110000014305115,0.6309999823570251,1188900,0.0,0.0
2024-06-18 00:00:00-04:00,0.6200000047683716,0.640999972820282,0.6100000143051147,0.6100000143051147,514900,0.0,0.0
2024-06-20 00:00:00-04:00,0.6209999918937683,0.621999979019165,0.6000000238418579,0.6000000238418579,831500,0.0,0.0
2024-06-21 00:00:00-04:00,0.6299999952316284,0.6299999952316284,0.5699999928474426,0.574999988079071,1345000,0.0,0.0
2024-06-24 00:00:00-04:00,0.6129999756813049,0.6399999856948853,0.6000000238418579,0.6050000190734863,906700,0.0,0.0
2024-06-25 00:00:00-04:00,0.609000027179718,0.6439999938011169,0.609000027179718,0.6299999952316284,693900,0.0,0.0
2024-06-26 00:00:00-04:00,0.6380000114440918,0.6449999809265137,0.6299999952316284,0.6370000243186951,248400,0.0,0.0
2024-06-27 00:00:00-04:00,0.6320000290870667,0.6420000195503235,0.625,0.6330000162124634,382600,0.0,0.0
2024-06-28 00:00:00-04:00,0.6100000143051147,0.6100000143051147,0.5019999742507935,0.5019999742507935,2138300,0.0,0.0
2024-07-01 00:00:00-04:00,0.5130000114440918,0.5260000228881836,0.41499999165534973,0.42100000381469727,2702900,0.0,0.0
2024-07-02 00:00:00-04:00,0.41600000858306885,0.46799999475479126,0.35499998927116394,0.46399998664855957,3214700,0.0,0.0
2024-07-03 00:00:00-04:00,0.44999998807907104,0.5189999938011169,0.4449999928474426,0.5049999952316284,1130300,0.0,0.0
2024-07-05 00:00:00-04:00,0.5230000019073486,0.6299999952316284,0.5199999809265137,0.6060000061988831,2938400,0.0,0.0
2024-07-08 00:00:00-04:00,0.6200000047683716,0.6299999952316284,0.5519999861717224,0.5640000104904175,1144900,0.0,0.0
2024-07-09 00:00:00-04:00,0.5899999737739563,0.597000002861023,0.5640000104904175,0.5730000138282776,729600,0.0,0.0
2024-07-10 00:00:00-04:00,0.5699999928474426,0.597000002861023,0.5400000214576721,0.5709999799728394,902000,0.0,0.0
2024-07-11 00:00:00-04:00,0.5889999866485596,0.6499999761581421,0.5799999833106995,0.6230000257492065,1057700,0.0,0.0
2024-07-12 00:00:00-04:00,0.6299999952316284,0.6489999890327454,0.6100000143051147,0.6470000147819519,498500,0.0,0.0
2024-07-15 00:00:00-04:00,0.6499999761581421,0.6990000009536743,0.6169999837875366,0.6990000009536743,1124400,0.0,0.0
2024-07-16 00:00:00-04:00,0.7200000286102295,0.8199999928474426,0.6200000047683716,0.7099999785423279,2762700,0.0,0.0
2024-07-17 00:00:00-04:00,0.7089999914169312,0.7099999785423279,0.6460000276565552,0.6570000052452087,724000,0.0,0.0
2024-07-18 00:00:00-04:00,0.6840000152587891,0.6840000152587891,0.6290000081062317,0.6380000114440918,710700,0.0,0.0
2024-07-19 00:00:00-04:00,0.6399999856948853,0.6800000071525574,0.6119999885559082,0.6690000295639038,801000,0.0,0.0
2024-07-22 00:00:00-04:00,0.6700000166893005,0.6800000071525574,0.6499999761581421,0.6600000262260437,361700,0.0,0.0
2024-07-23 00:00:00-04:00,0.6660000085830688,0.7269999980926514,0.6650000214576721,0.699999988079071,763500,0.0,0.0
2024-07-24 00:00:00-04:00,0.6899999976158142,0.6899999976158142,0.6399999856948853,0.6549999713897705,752400,0.0,0.0
2024-07-25 00:00:00-04:00,0.6700000166893005,0.6859999895095825,0.6579999923706055,0.6779999732971191,480300,0.0,0.0
2024-07-26 00:00:00-04:00,0.6800000071525574,0.7400000095367432,0.6779999732971191,0.7360000014305115,1564200,0.0,0.0
2024-07-29 00:00:00-04:00,0.7200000286102295,0.734000027179718,0.6899999976158142,0.7139999866485596,868900,0.0,0.0
2024-07-30 00:00:00-04:00,0.7099999785423279,0.7149999737739563,0.652999997138977,0.6629999876022339,738400,0.0,0.0
2024-07-31 00:00:00-04:00,0.6600000262260437,0.6899999976158142,0.6520000100135803,0.6819999814033508,355300,0.0,0.0
2024-08-01 00:00:00-04:00,0.6909999847412109,0.699999988079071,0.6259999871253967,0.6399999856948853,590100,0.0,0.0
2024-08-02 00:00:00-04:00,0.6399999856948853,0.6399999856948853,0.5839999914169312,0.5979999899864197,634900,0.0,0.0
2024-08-05 00:00:00-04:00,0.5600000023841858,0.6200000047683716,0.5299999713897705,0.6179999709129333,808300,0.0,0.0
2024-08-06 00:00:00-04:00,0.6600000262260437,0.6700000166893005,0.6299999952316284,0.6439999938011169,496800,0.0,0.0
2024-08-07 00:00:00-04:00,0.656000018119812,0.6570000052452087,0.6050000190734863,0.6259999871253967,440700,0.0,0.0
2024-08-08 00:00:00-04:00,0.6480000019073486,0.6480000019073486,0.5960000157356262,0.6029999852180481,485200,0.0,0.0
2024-08-09 00:00:00-04:00,0.6150000095367432,0.6200000047683716,0.5799999833106995,0.5889999866485596,270800,0.0,0.0
2024-08-12 00:00:00-04:00,0.5950000286102295,0.6069999933242798,0.5699999928474426,0.5809999704360962,441600,0.0,0.0
2024-08-13 00:00:00-04:00,0.6000000238418579,0.6150000095367432,0.5809999704360962,0.6150000095367432,693500,0.0,0.0
2024-08-14 00:00:00-04:00,0.6150000095367432,0.6299999952316284,0.5699999928474426,0.5899999737739563,336900,0.0,0.0
2024-08-15 00:00:00-04:00,0.5910000205039978,0.6100000143051147,0.5799999833106995,0.6000000238418579,322500,0.0,0.0
2024-08-16 00:00:00-04:00,0.6000000238418579,0.6269999742507935,0.5849999785423279,0.6269999742507935,395700,0.0,0.0
2024-08-19 00:00:00-04:00,0.6299999952316284,0.6380000114440918,0.6069999933242798,0.6150000095367432,327500,0.0,0.0
2024-08-20 00:00:00-04:00,0.6150000095367432,0.6150000095367432,0.5899999737739563,0.6140000224113464,291600,0.0,0.0
2024-08-21 00:00:00-04:00,0.6000000238418579,0.6850000023841858,0.6000000238418579,0.6800000071525574,788200,0.0,0.0
2024-08-22 00:00:00-04:00,0.6899999976158142,0.699999988079071,0.6650000214576721,0.6909999847412109,560300,0.0,0.0
2024-08-23 00:00:00-04:00,0.6800000071525574,0.6949999928474426,0.652999997138977,0.6899999976158142,404700,0.0,0.0
2024-08-26 00:00:00-04:00,0.6899999976158142,0.7049999833106995,0.6800000071525574,0.7009999752044678,502600,0.0,0.0
2024-08-27 00:00:00-04:00,0.7020000219345093,0.7089999914169312,0.6510000228881836,0.6600000262260437,423400,0.0,0.0
2024-08-28 00:00:00-04:00,0.6499999761581421,0.6549999713897705,0.6019999980926514,0.609000027179718,429100,0.0,0.0
2024-08-29 00:00:00-04:00,0.6100000143051147,0.6629999876022339,0.6100000143051147,0.6579999923706055,285800,0.0,0.0
2024-08-30 00:00:00-04:00,0.6570000052452087,0.6570000052452087,0.6349999904632568,0.6470000147819519,161100,0.0,0.0
2024-09-03 00:00:00-04:00,0.628000020980835,0.6460000276565552,0.6100000143051147,0.6290000081062317,316300,0.0,0.0
2024-09-04 00:00:00-04:00,0.6150000095367432,0.6620000004768372,0.6100000143051147,0.6370000243186951,288000,0.0,0.0
2024-09-05 00:00:00-04:00,0.6499999761581421,0.6499999761581421,0.6129999756813049,0.6190000176429749,201100,0.0,0.0
2024-09-06 00:00:00-04:00,0.6240000128746033,0.6399999856948853,0.5809999704360962,0.5929999947547913,466700,0.0,0.0
2024-09-09 00:00:00-04:00,0.6039999723434448,0.6100000143051147,0.5839999914169312,0.5899999737739563,505400,0.0,0.0
2024-09-10 00:00:00-04:00,0.6000000238418579,0.6000000238418579,0.5899999737739563,0.597000002861023,176900,0.0,0.0
2024-09-11 00:00:00-04:00,0.6000000238418579,0.6589999794960022,0.6000000238418579,0.6549999713897705,366300,0.0,0.0
2024-09-12 00:00:00-04:00,0.6899999976158142,0.7300000190734863,0.6800000071525574,0.7099999785423279,1105700,0.0,0.0
2024-09-13 00:00:00-04:00,0.7200000286102295,0.7250000238418579,0.6819999814033508,0.6990000009536743,317900,0.0,0.0
2024-09-16 00:00:00-04:00,0.6800000071525574,0.699999988079071,0.6600000262260437,0.6940000057220459,308800,0.0,0.0
2024-09-17 00:00:00-04:00,0.6899999976158142,0.7200000286102295,0.6899999976158142,0.6949999928474426,379000,0.0,0.0
2024-09-18 00:00:00-04:00,0.6940000057220459,0.7099999785423279,0.6660000085830688,0.6660000085830688,413600,0.0,0.0
2024-09-19 00:00:00-04:00,0.6990000009536743,0.7490000128746033,0.6790000200271606,0.7160000205039978,741000,0.0,0.0
2024-09-20 00:00:00-04:00,0.7300000190734863,0.75,0.671999990940094,0.6970000267028809,936100,0.0,0.0
2024-09-23 00:00:00-04:00,0.6940000057220459,0.7200000286102295,0.6610000133514404,0.6809999942779541,312500,0.0,0.0
2024-09-24 00:00:00-04:00,0.6729999780654907,0.699999988079071,0.6700000166893005,0.6729999780654907,292600,0.0,0.0
2024-09-25 00:00:00-04:00,0.6869999766349792,0.699999988079071,0.6399999856948853,0.6600000262260437,350100,0.0,0.0
2024-09-26 00:00:00-04:00,0.6710000038146973,0.6800000071525574,0.6499999761581421,0.6650000214576721,230500,0.0,0.0
2024-09-27 00:00:00-04:00,0.6740000247955322,0.7149999737739563,0.656000018119812,0.6669999957084656,615900,0.0,0.0
2024-09-30 00:00:00-04:00,0.6460000276565552,0.6700000166893005,0.6399999856948853,0.652999997138977,408300,0.0,0.0
2024-10-01 00:00:00-04:00,0.6520000100135803,0.6700000166893005,0.6389999985694885,0.6439999938011169,284000,0.0,0.0
2024-10-02 00:00:00-04:00,0.6499999761581421,0.675000011920929,0.6499999761581421,0.6600000262260437,256600,0.0,0.0
2024-10-03 00:00:00-04:00,0.6499999761581421,0.6819999814033508,0.6499999761581421,0.6669999957084656,243000,0.0,0.0
2024-10-04 00:00:00-04:00,0.6499999761581421,0.699999988079071,0.6499999761581421,0.6990000009536743,342400,0.0,0.0
2024-10-07 00:00:00-04:00,0.699999988079071,0.7400000095367432,0.699999988079071,0.7200000286102295,651800,0.0,0.0
2024-10-08 00:00:00-04:00,0.7289999723434448,0.7699999809265137,0.7039999961853027,0.7200000286102295,602200,0.0,0.0
2024-10-09 00:00:00-04:00,0.7099999785423279,0.7260000109672546,0.675000011920929,0.6859999895095825,335100,0.0,0.0
2024-10-10 00:00:00-04:00,0.6819999814033508,0.6899999976158142,0.6510000228881836,0.6600000262260437,344900,0.0,0.0
2024-10-11 00:00:00-04:00,0.6700000166893005,0.7099999785423279,0.6700000166893005,0.6919999718666077,279100,0.0,0.0
2024-10-14 00:00:00-04:00,0.7400000095367432,0.7400000095367432,0.7099999785423279,0.7250000238418579,589600,0.0,0.0
2024-10-15 00:00:00-04:00,0.722000002861023,0.7350000143051147,0.6949999928474426,0.7120000123977661,458400,0.0,0.0
2024-10-16 00:00:00-04:00,0.699999988079071,0.7599999904632568,0.6949999928474426,0.7599999904632568,928500,0.0,0.0
2024-10-17 00:00:00-04:00,0.7689999938011169,0.8999999761581421,0.7310000061988831,0.8700000047683716,3315500,0.0,0.0
2024-10-18 00:00:00-04:00,0.8769999742507935,1.0299999713897705,0.875,0.9200000166893005,4090100,0.0,0.0
2024-10-21 00:00:00-04:00,0.9319999814033508,1.159999966621399,0.925000011920929,1.1399999856948853,6879900,0.0,0.0
2024-10-22 00:00:00-04:00,1.1799999475479126,1.1799999475479126,1.0700000524520874,1.1299999952316284,3123200,0.0,0.0
2024-10-23 00:00:00-04:00,1.100000023841858,1.190000057220459,1.0,1.0399999618530273,3386900,0.0,0.0
2024-10-24 00:00:00-04:00,1.090000033378601,1.1299999952316284,1.0399999618530273,1.100000023841858,1908200,0.0,0.0
2024-10-25 00:00:00-04:00,1.1399999856948853,1.159999966621399,1.0499999523162842,1.090000033378601,2240300,0.0,0.0
2024-10-28 00:00:00-04:00,1.090000033378601,1.2899999618530273,1.090000033378601,1.2799999713897705,5174300,0.0,0.0
2024-10-29 00:00:00-04:00,1.399999976158142,1.649999976158142,1.2000000476837158,1.2200000286102295,9963800,0.0,0.0
2024-10-30 00:00:00-04:00,1.2100000381469727,1.340000033378601,1.149999976158142,1.25,5707000,0.0,0.0
2024-10-31 00:00:00-04:00,1.2599999904632568,1.2899999618530273,1.059999942779541,1.1200000047683716,4102900,0.0,0.0
2024-11-01 00:00:00-04:00,1.1100000143051147,1.2000000476837158,1.100000023841858,1.1299999952316284,1904900,0.0,0.0
2024-11-04 00:00:00-05:00,1.149999976158142,1.149999976158142,1.0299999713897705,1.0499999523162842,2369500,0.0,0.0
2024-11-05 00:00:00-05:00,1.0299999713897705,1.1699999570846558,1.0299999713897705,1.159999966621399,1924900,0.0,0.0
2024-11-06 00:00:00-05:00,1.2400000095367432,1.2400000095367432,1.0299999713897705,1.0800000429153442,3207500,0.0,0.0
2024-11-07 00:00:00-05:00,1.0800000429153442,1.3799999952316284,1.0800000429153442,1.350000023841858,7957000,0.0,0.0
2024-11-08 00:00:00-05:00,1.350000023841858,1.5,1.2400000095367432,1.4299999475479126,6860700,0.0,0.0
2024-11-11 00:00:00-05:00,1.5,1.559999942779541,1.350000023841858,1.409999966621399,4210600,0.0,0.0
2024-11-12 00:00:00-05:00,1.3700000047683716,1.3899999856948853,1.2599999904632568,1.3799999952316284,2628700,0.0,0.0
2024-11-13 00:00:00-05:00,1.440000057220459,3.4200000762939453,1.409999966621399,2.6600000858306885,102171900,0.0,0.0
2024-11-14 00:00:00-05:00,3.6700000762939453,4.690000057220459,3.2300000190734863,4.400000095367432,232619400,0.0,0.0
2024-11-15 00:00:00-05:00,2.930000066757202,3.2100000381469727,2.5299999713897705,3.0999999046325684,53358100,0.0,0.0
2024-11-18 00:00:00-05:00,2.990000009536743,3.0,2.2200000286102295,2.390000104904175,25160100,0.0,0.0
2024-11-19 00:00:00-05:00,2.5199999809265137,2.75,2.440000057220459,2.5399999618530273,25364200,0.0,0.0
2024-11-20 00:00:00-05:00,2.9600000381469727,3.799999952316284,2.8499999046325684,3.680000066757202,106063100,0.0,0.0
2024-11-21 00:00:00-05:00,4.239999771118164,5.309999942779541,4.03000020980835,4.760000228881836,134168600,0.0,0.0
2024-11-22 00:00:00-05:00,5.03000020980835,6.400000095367432,4.510000228881836,6.099999904632568,98807300,0.0,0.0
2024-11-25 00:00:00-05:00,7.46999979019165,9.199999809265137,6.519999980926514,7.699999809265137,134901800,0.0,0.0
2024-11-26 00:00:00-05:00,6.420000076293945,7.300000190734863,6.139999866485596,6.650000095367432,45862300,0.0,0.0
2024-11-27 00:00:00-05:00,7.0,7.699999809265137,5.889999866485596,6.75,48035200,0.0,0.0
2024-11-29 00:00:00-05:00,6.349999904632568,7.21999979019165,6.150000095367432,7.059999942779541,24711400,0.0,0.0
2024-12-02 00:00:00-05:00,7.329999923706055,7.559999942779541,6.110000133514404,6.110000133514404,21941200,0.0,0.0
2024-12-03 00:00:00-05:00,5.96999979019165,6.460000038146973,5.150000095367432,6.170000076293945,22151900,0.0,0.0
2024-12-04 00:00:00-05:00,6.210000038146973,7.199999809265137,5.949999809265137,7.010000228881836,19617700,0.0,0.0
2024-12-05 00:00:00-05:00,6.949999809265137,7.900000095367432,6.519999980926514,7.260000228881836,23210700,0.0,0.0
2024-12-06 00:00:00-05:00,7.489999771118164,8.850000381469727,7.260000228881836,7.929999828338623,33811600,0.0,0.0
2024-12-09 00:00:00-05:00,8.579999923706055,8.670000076293945,7.0,7.46999979019165,21018800,0.0,0.0
2024-12-10 00:00:00-05:00,7.119999885559082,8.350000381469727,7.0329999923706055,7.619999885559082,25261800,0.0,0.0
2024-12-11 00:00:00-05:00,7.110000133514404,7.380000114440918,5.829999923706055,6.400000095367432,34069500,0.0,0.0
2024-12-12 00:00:00-05:00,6.440000057220459,7.099999904632568,6.329999923706055,6.360000133514404,17273300,0.0,0.0
2024-12-13 00:00:00-05:00,6.420000076293945,7.050000190734863,6.010000228881836,6.704999923706055,19023100,0.0,0.0
2024-12-16 00:00:00-05:00,7.099999904632568,12.279999732971191,6.829999923706055,11.079999923706055,114580000,0.0,0.0
2024-12-17 00:00:00-05:00,14.1899995803833,18.059999465942383,12.600000381469727,16.790000915527344,193979900,0.0,0.0
2024-12-18 00:00:00-05:00,19.219999313354492,27.149999618530273,17.600000381469727,25.68000030517578,231028400,0.0,0.0
2024-12-19 00:00:00-05:00,22.0,22.0,13.569999694824219,15.140000343322754,122452800,0.0,0.0
2024-12-20 00:00:00-05:00,14.470000267028809,19.8799991607666,13.8100004196167,17.6200008392334,128598800,0.0,0.0
2024-12-23 00:00:00-05:00,19.844999313354492,19.950000762939453,16.915000915527344,18.190000534057617,57540100,0.0,0.0
2024-12-24 00:00:00-05:00,17.860000610351562,18.0,16.309999465942383,17.094999313354492,26601400,0.0,0.0
2024-12-26 00:00:00-05:00,16.719999313354492,19.459999084472656,16.219999313354492,19.239999771118164,40980400,0.0,0.0
2024-12-27 00:00:00-05:00,20.229999542236328,21.75,17.6299991607666,18.350000381469727,46438300,0.0,0.0
2024-12-30 00:00:00-05:00,17.719999313354492,18.790000915527344,16.739999771118164,18.540000915527344,21619900,0.0,0.0
2024-12-31 00:00:00-05:00,18.260000228881836,18.34000015258789,16.010000228881836,16.549999237060547,17976500,0.0,0.0
2025-01-02 00:00:00-05:00,16.690000534057617,18.770000457763672,15.199999809265137,18.7549991607666,24714900,0.0,0.0
2025-01-03 00:00:00-05:00,17.989999771118164,19.200000762939453,16.979999542236328,17.5,22526300,0.0,0.0
2025-01-06 00:00:00-05:00,17.299999237060547,20.360000610351562,16.65999984741211,18.09000015258789,43227000,0.0,0.0
2025-01-07 00:00:00-05:00,17.969999313354492,18.100000381469727,16.3700008392334,17.489999771118164,35612500,0.0,0.0
2025-01-08 00:00:00-05:00,11.699999809265137,12.729999542236328,8.5,9.90999984741211,75349200,0.0,0.0
2025-01-10 00:00:00-05:00,10.270000457763672,10.449999809265137,8.800000190734863,8.979999542236328,30083000,0.0,0.0
2025-01-13 00:00:00-05:00,8.010000228881836,8.579999923706055,6.409999847412109,6.519999980926514,36703400,0.0,0.0
2025-01-14 00:00:00-05:00,7.150000095367432,8.050000190734863,6.590000152587891,7.429999828338623,43059200,0.0,0.0
2025-01-15 00:00:00-05:00,8.779999732971191,11.600000381469727,8.510000228881836,11.550000190734863,113754400,0.0,0.0
2025-01-16 00:00:00-05:00,12.350000381469727,12.699999809265137,10.220000267028809,10.880000114440918,106907600,0.0,0.0
2025-01-17 00:00:00-05:00,10.119999885559082,10.600000381469727,9.460000038146973,9.829999923706055,41524300,0.0,0.0
2025-01-21 00:00:00-05:00,9.9350004196167,11.5,9.800000190734863,11.489999771118164,44210300,0.0,0.0
2025-01-22 00:00:00-05:00,12.074999809265137,12.470000267028809,10.90999984741211,11.100000381469727,33087000,0.0,0.0
2025-01-23 00:00:00-05:00,10.720000267028809,11.9399995803833,10.550000190734863,11.119999885559082,19573100,0.0,0.0
2025-01-24 00:00:00-05:00,11.210000038146973,12.479999542236328,10.75,10.930000305175781,35265900,0.0,0.0
2025-01-27 00:00:00-05:00,9.960000038146973,10.779999732971191,9.489999771118164,9.9399995803833,16824900,0.0,0.0
2025-01-28 00:00:00-05:00,10.220000267028809,10.359999656677246,9.260000228881836,10.199999809265137,13401900,0.0,0.0
2025-01-29 00:00:00-05:00,10.0,10.449999809265137,9.720000267028809,10.130000114440918,11234500,0.0,0.0
2025-01-30 00:00:00-05:00,10.15999984741211,10.65999984741211,9.789999961853027,10.0,10592100,0.0,0.0
2025-01-31 00:00:00-05:00,10.010000228881836,11.449999809265137,9.949999809265137,10.380000114440918,23142100,0.0,0.0
2025-02-03 00:00:00-05:00,9.75,10.199999809265137,9.369999885559082,9.949999809265137,13245600,0.0,0.0
2025-02-04 00:00:00-05:00,10.1899995803833,10.550000190734863,9.5,9.850000381469727,26581900,0.0,0.0
2025-02-05 00:00:00-05:00,9.829999923706055,10.100000381469727,9.399999618530273,9.869999885559082,15497400,0.0,0.0
2025-02-06 00:00:00-05:00,9.979999542236328,10.34000015258789,9.430000305175781,9.569999694824219,14486100,0.0,0.0
2025-02-07 00:00:00-05:00,9.6899995803833,10.09000015258789,9.069999694824219,9.279999732971191,17805300,0.0,0.0
2025-02-10 00:00:00-05:00,9.0,9.170000076293945,8.619999885559082,8.710000038146973,14819600,0.0,0.0
2025-02-11 00:00:00-05:00,8.649999618530273,8.6899995803833,7.860000133514404,7.869999885559082,13224000,0.0,0.0
2025-02-12 00:00:00-05:00,7.75,8.420000076293945,7.715000152587891,8.260000228881836,13266000,0.0,0.0
2025-02-13 00:00:00-05:00,8.289999961853027,8.5600004196167,8.029999732971191,8.279999732971191,12831900,0.0,0.0
2025-02-14 00:00:00-05:00,8.260000228881836,8.319999694824219,7.781000137329102,7.949999809265137,12536800,0.0,0.0
2025-02-18 00:00:00-05:00,7.800000190734863,7.800000190734863,7.119999885559082,7.380000114440918,12535600,0.0,0.0
2025-02-19 00:00:00-05:00,7.380000114440918,8.399999618530273,7.170000076293945,7.960000038146973,24737400,0.0,0.0
2025-02-20 00:00:00-05:00,8.520000457763672,8.649999618530273,7.933000087738037,8.09000015258789,21476200,0.0,0.0
2025-02-21 00:00:00-05:00,7.920000076293945,8.640000343322754,7.46999979019165,7.489999771118164,16057300,0.0,0.0
2025-02-24 00:00:00-05:00,7.40500020980835,7.448999881744385,6.829999923706055,6.860000133514404,9753500,0.0,0.0
2025-02-25 00:00:00-05:00,6.730000019073486,6.96999979019165,6.330999851226807,6.489999771118164,9425400,0.0,0.0
2025-02-26 00:00:00-05:00,6.699999809265137,7.139999866485596,6.650000095367432,6.849999904632568,7669800,0.0,0.0
2025-02-27 00:00:00-05:00,6.739999771118164,6.96999979019165,6.139999866485596,6.184999942779541,7353700,0.0,0.0
2025-02-28 00:00:00-05:00,6.0,6.320000171661377,5.860000133514404,6.065000057220459,9607700,0.0,0.0
2025-03-03 00:00:00-05:00,6.139999866485596,6.28000020980835,5.329999923706055,5.429999828338623,9486900,0.0,0.0
2025-03-04 00:00:00-05:00,5.019999980926514,5.460000038146973,5.010000228881836,5.260000228881836,11407500,0.0,0.0
2025-03-05 00:00:00-05:00,5.289999961853027,5.394999980926514,5.014999866485596,5.28000020980835,9617500,0.0,0.0
2025-03-06 00:00:00-05:00,5.019999980926514,5.235000133514404,4.710000038146973,4.869999885559082,9666900,0.0,0.0
2025-03-07 00:00:00-05:00,4.849999904632568,5.179999828338623,4.75,5.03000020980835,7910600,0.0,0.0
2025-03-10 00:00:00-04:00,4.889999866485596,4.96999979019165,4.449999809265137,4.519999980926514,7763700,0.0,0.0
2025-03-11 00:00:00-04:00,4.480000019073486,4.829999923706055,4.373000144958496,4.730000019073486,6650000,0.0,0.0
2025-03-12 00:00:00-04:00,5.010000228881836,5.46999979019165,4.855000019073486,5.420000076293945,14063700,0.0,0.0
2025-03-13 00:00:00-04:00,5.449999809265137,5.860000133514404,5.380000114440918,5.489999771118164,16455500,0.0,0.0
2025-03-14 00:00:00-04:00,6.025000095367432,7.110000133514404,5.820000171661377,7.090000152587891,43895700,0.0,0.0
2025-03-17 00:00:00-04:00,8.520000457763672,8.579999923706055,7.739999771118164,8.020000457763672,79383500,0.0,0.0
2025-03-18 00:00:00-04:00,7.5,9.300000190734863,7.25,8.630000114440918,87234500,0.0,0.0
2025-03-19 00:00:00-04:00,8.649999618530273,9.0,7.931000232696533,8.369999885559082,39250400,0.0,0.0
2025-03-20 00:00:00-04:00,8.039999961853027,8.369999885559082,7.054999828338623,7.389999866485596,35758100,0.0,0.0
2025-03-21 00:00:00-04:00,6.510000228881836,7.71999979019165,6.329999923706055,7.389999866485596,28250000,0.0,0.0
2025-03-24 00:00:00-04:00,7.75,8.789999961853027,7.670000076293945,8.75,23793500,0.0,0.0
2025-03-25 00:00:00-04:00,8.635000228881836,9.029999732971191,8.229999542236328,8.479999542236328,18595800,0.0,0.0
2025-03-26 00:00:00-04:00,8.5600004196167,8.880000114440918,7.800000190734863,8.010000228881836,15657200,0.0,0.0
2025-03-27 00:00:00-04:00,7.869999885559082,7.998000144958496,7.579999923706055,7.940000057220459,10672400,0.0,0.0
2025-03-28 00:00:00-04:00,7.724999904632568,8.539999961853027,7.304999828338623,8.449999809265137,19074500,0.0,0.0
2025-03-31 00:00:00-04:00,8.020000457763672,8.970000267028809,7.650000095367432,8.0,24269500,0.0,0.0
2025-04-01 00:00:00-04:00,8.199999809265137,8.399999618530273,7.349999904632568,7.760000228881836,18944700,0.0,0.0
2025-04-02 00:00:00-04:00,7.5,8.289999961853027,7.4710001945495605,7.849999904632568,13619600,0.0,0.0
2025-04-03 00:00:00-04:00,7.199999809265137,7.679999828338623,7.110000133514404,7.570000171661377,9912400,0.0,0.0
2025-04-04 00:00:00-04:00,7.190000057220459,7.349999904632568,6.309999942779541,6.510000228881836,12537600,0.0,0.0
2025-04-07 00:00:00-04:00,6.010000228881836,7.059999942779541,6.0,6.769999980926514,11685400,0.0,0.0
2025-04-08 00:00:00-04:00,7.03000020980835,7.110000133514404,6.105000019073486,6.210000038146973,11888800,0.0,0.0
2025-04-09 00:00:00-04:00,6.099999904632568,7.059999942779541,5.909999847412109,6.849999904632568,16352900,0.0,0.0
2025-04-10 00:00:00-04:00,6.75,7.039999961853027,6.519999980926514,6.849999904632568,9722700,0.0,0.0
2025-04-11 00:00:00-04:00,6.860000133514404,7.019999980926514,6.521999835968018,6.840000152587891,7407200,0.0,0.0
2025-04-14 00:00:00-04:00,7.199999809265137,7.574999809265137,6.760000228881836,6.989999771118164,11801100,0.0,0.0
2025-04-15 00:00:00-04:00,6.949999809265137,7.079999923706055,6.710000038146973,6.829999923706055,5957100,0.0,0.0
2025-04-16 00:00:00-04:00,6.699999809265137,6.699999809265137,6.28000020980835,6.409999847412109,5861800,0.0,0.0
2025-04-17 00:00:00-04:00,6.400000095367432,6.519999980926514,6.24399995803833,6.409999847412109,4240400,0.0,0.0
2025-04-21 00:00:00-04:00,6.210000038146973,6.230000019073486,5.760000228881836,5.869999885559082,5384000,0.0,0.0
2025-04-22 00:00:00-04:00,5.920000076293945,6.079999923706055,5.889999866485596,5.940000057220459,4673200,0.0,0.0
2025-04-23 00:00:00-04:00,6.329999923706055,6.829999923706055,6.329999923706055,6.369999885559082,10750300,0.0,0.0
2025-04-24 00:00:00-04:00,6.389999866485596,7.260000228881836,6.25,6.940000057220459,10972500,0.0,0.0
2025-04-25 00:00:00-04:00,6.965000152587891,7.568999767303467,6.789999961853027,7.130000114440918,13210400,0.0,0.0
2025-04-28 00:00:00-04:00,7.275000095367432,7.554999828338623,6.909999847412109,7.130000114440918,8260100,0.0,0.0
2025-04-29 00:00:00-04:00,7.28000020980835,7.389999866485596,6.909999847412109,6.909999847412109,6847600,0.0,0.0
2025-04-30 00:00:00-04:00,6.679999828338623,6.769999980926514,6.489999771118164,6.739999771118164,5471000,0.0,0.0
2025-05-01 00:00:00-04:00,7.03000020980835,7.144999980926514,6.84499979019165,7.019999980926514,5983600,0.0,0.0
2025-05-02 00:00:00-04:00,7.099999904632568,8.029999732971191,7.019999980926514,8.010000228881836,13825900,0.0,0.0
2025-05-05 00:00:00-04:00,7.699999809265137,7.85699987411499,7.309999942779541,7.329999923706055,7979800,0.0,0.0
2025-05-06 00:00:00-04:00,7.139999866485596,7.179999828338623,6.829999923706055,7.079999923706055,6660400,0.0,0.0
2025-05-07 00:00:00-04:00,7.085000038146973,7.230000019073486,6.920000076293945,7.079999923706055,4036000,0.0,0.0
2025-05-08 00:00:00-04:00,7.59499979019165,8.53499984741211,7.190000057220459,8.4399995803833,25447100,0.0,0.0
2025-05-09 00:00:00-04:00,8.1899995803833,8.869999885559082,8.119999885559082,8.59000015258789,16679800,0.0,0.0
2025-05-12 00:00:00-04:00,9.5,9.5600004196167,8.770000457763672,9.100000381469727,19198700,0.0,0.0
2025-05-13 00:00:00-04:00,9.0,9.199999809265137,8.65999984741211,8.789999961853027,11187800,0.0,0.0
2025-05-14 00:00:00-04:00,9.0,9.550000190734863,8.725000381469727,8.930000305175781,24445300,0.0,0.0
2025-05-15 00:00:00-04:00,8.880000114440918,9.289999961853027,8.739999771118164,9.239999771118164,23345200,0.0,0.0
2025-05-16 00:00:00-04:00,10.529999732971191,12.960000038146973,10.260000228881836,12.869999885559082,92117500,0.0,0.0
2025-05-19 00:00:00-04:00,12.09000015258789,12.229999542236328,11.199999809265137,11.829999923706055,39003800,0.0,0.0
2025-05-20 00:00:00-04:00,12.739999771118164,12.84000015258789,11.270000457763672,11.510000228881836,46686000,0.0,0.0
2025-05-21 00:00:00-04:00,11.40999984741211,11.75,10.369999885559082,10.539999961853027,29309600,0.0,0.0
2025-05-22 00:00:00-04:00,10.579999923706055,12.5,10.369999885559082,12.069999694824219,45716500,0.0,0.0
2025-05-23 00:00:00-04:00,11.329999923706055,14.300000190734863,11.279999732971191,13.3100004196167,88710900,0.0,0.0
2025-05-27 00:00:00-04:00,13.975000381469727,14.130000114440918,12.675000190734863,13.0,38494700,0.0,0.0
2025-05-28 00:00:00-04:00,12.779999732971191,13.359999656677246,12.562999725341797,12.789999961853027,22811700,0.0,0.0
2025-05-29 00:00:00-04:00,13.640000343322754,14.680000305175781,12.119999885559082,12.430000305175781,39756900,0.0,0.0
2025-05-30 00:00:00-04:00,12.0600004196167,12.3100004196167,11.119999885559082,11.324999809265137,25676800,0.0,0.0
2025-06-02 00:00:00-04:00,11.3100004196167,11.84000015258789,10.850000381469727,11.800000190734863,12213800,0.0,0.0
2025-06-03 00:00:00-04:00,12.21500015258789,12.420000076293945,11.550000190734863,12.399999618530273,16460700,0.0,0.0
2025-06-04 00:00:00-04:00,12.460000038146973,12.869999885559082,12.170000076293945,12.829999923706055,13006400,0.0,0.0
2025-06-05 00:00:00-04:00,12.649999618530273,12.71500015258789,11.65999984741211,11.829999923706055,14070100,0.0,0.0
2025-06-06 00:00:00-04:00,12.15999984741211,13.850000381469727,11.880000114440918,13.699999809265137,35529000,0.0,0.0
2025-06-09 00:00:00-04:00,14.760000228881836,15.020000457763672,13.619999885559082,14.34000015258789,35618600,0.0,0.0
2025-06-10 00:00:00-04:00,14.6899995803833,17.594999313354492,14.420000076293945,15.130000114440918,66533000,0.0,0.0
2025-06-11 00:00:00-04:00,17.100000381469727,20.90999984741211,16.6200008392334,18.969999313354492,131799400,0.0,0.0
2025-06-12 00:00:00-04:00,19.729999542236328,20.18000030517578,17.34000015258789,17.510000228881836,60177000,0.0,0.0
2025-06-13 00:00:00-04:00,16.979999542236328,17.68000030517578,16.450000762939453,16.68000030517578,21509300,0.0,0.0
2025-06-16 00:00:00-04:00,17.360000610351562,21.735000610351562,17.200000762939453,21.219999313354492,65558700,0.0,0.0
2025-06-17 00:00:00-04:00,19.8700008392334,21.049999237060547,19.18000030517578,19.790000915527344,47230300,0.0,0.0
2025-06-18 00:00:00-04:00,20.329999923706055,21.565000534057617,18.709999084472656,19.09000015258789,44208700,0.0,0.0
2025-06-20 00:00:00-04:00,20.100000381469727,20.34000015258789,18.829999923706055,18.8799991607666,32394100,0.0,0.0
2025-06-23 00:00:00-04:00,15.895000457763672,17.790000915527344,15.5,17.5,41031600,0.0,0.0
2025-06-24 00:00:00-04:00,18.170000076293945,18.190000534057617,17.299999237060547,17.524999618530273,20054600,0.0,0.0
2025-06-25 00:00:00-04:00,17.940000534057617,18.43000030517578,16.440000534057617,16.739999771118164,19505700,0.0,0.0
2025-06-26 00:00:00-04:00,16.979999542236328,17.479999542236328,16.739999771118164,16.790000915527344,13731500,0.0,0.0
2025-06-27 00:00:00-04:00,17.0,18.360000610351562,16.38599967956543,17.290000915527344,45462800,0.0,0.0
2025-06-30 00:00:00-04:00,17.565000534057617,19.280000686645508,17.141000747680664,19.170000076293945,32043200,0.0,0.0
2025-07-01 00:00:00-04:00,18.729999542236328,19.040000915527344,17.93000030517578,18.639999389648438,20220700,0.0,0.0
2025-07-02 00:00:00-04:00,18.489999771118164,20.940000534057617,18.200000762939453,20.649999618530273,39487400,0.0,0.0
2025-07-03 00:00:00-04:00,20.395000457763672,21.18000030517578,20.165000915527344,21.1299991607666,18594200,0.0,0.0
2025-07-07 00:00:00-04:00,20.809999465942383,21.8799991607666,19.520000457763672,19.8799991607666,21767600,0.0,0.0
2025-07-08 00:00:00-04:00,20.209999084472656,20.489999771118164,18.959999084472656,19.350000381469727,15733900,0.0,0.0
2025-07-09 00:00:00-04:00,19.43000030517578,20.030000686645508,18.559999465942383,19.139999389648438,13573200,0.0,0.0
2025-07-10 00:00:00-04:00,19.229999542236328,19.450000762939453,18.700000762939453,19.18000030517578,10102200,0.0,0.0
2025-07-11 00:00:00-04:00,18.899999618530273,19.549999237060547,17.3799991607666,17.43000030517578,16887100,0.0,0.0
2025-07-14 00:00:00-04:00,17.895000457763672,19.1200008392334,17.540000915527344,18.940000534057617,16917700,0.0,0.0
2025-07-15 00:00:00-04:00,19.030000686645508,19.09000015258789,17.43000030517578,17.670000076293945,33574400,0.0,0.0
2025-07-16 00:00:00-04:00,18.020000457763672,18.579999923706055,17.6200008392334,18.399999618530273,21277900,0.0,0.0
2025-07-17 00:00:00-04:00,18.520000457763672,19.90999984741211,18.420000076293945,19.770000457763672,25705700,0.0,0.0
2025-07-18 00:00:00-04:00,19.815000534057617,20.104999542236328,18.780000686645508,19.510000228881836,22077800,0.0,0.0
2025-07-21 00:00:00-04:00,19.600000381469727,19.81999969482422,17.78499984741211,17.850000381469727,24281700,0.0,0.0
2025-07-22 00:00:00-04:00,18.200000762939453,18.239999771118164,16.270000457763672,16.809999465942383,20057500,0.0,0.0
2025-07-23 00:00:00-04:00,17.204999923706055,17.510000228881836,16.719999313354492,17.469999313354492,15793900,0.0,0.0
2025-07-24 00:00:00-04:00,17.239999771118164,17.34000015258789,16.81999969482422,16.950000762939453,13172000,0.0,0.0
2025-07-25 00:00:00-04:00,16.969999313354492,17.09000015258789,16.422000885009766,16.709999084472656,10241000,0.0,0.0
2025-07-28 00:00:00-04:00,16.979999542236328,17.18000030517578,15.930000305175781,16.149999618530273,12698800,0.0,0.0
2025-07-29 00:00:00-04:00,16.06999969482422,16.440000534057617,15.15999984741211,15.369999885559082,13096000,0.0,0.0
2025-07-30 00:00:00-04:00,15.300000190734863,15.579999923706055,14.625,14.729999542236328,12237500,0.0,0.0
2025-07-31 00:00:00-04:00,15.244999885559082,15.789999961853027,14.760000228881836,14.84000015258789,14920100,0.0,0.0
2025-08-01 00:00:00-04:00,14.199999809265137,14.869999885559082,13.972000122070312,14.800000190734863,12313400,0.0,0.0
2025-08-04 00:00:00-04:00,14.930000305175781,15.789999961853027,14.710000038146973,15.600000381469727,12423300,0.0,0.0
2025-08-05 00:00:00-04:00,16.469999313354492,17.239999771118164,15.779999732971191,16.889999389648438,32154100,0.0,0.0
2025-08-06 00:00:00-04:00,16.78499984741211,16.889999389648438,15.864999771118164,16.170000076293945,12693400,0.0,0.0
2025-08-07 00:00:00-04:00,15.989999771118164,16.420000076293945,15.579999923706055,15.760000228881836,12055700,0.0,0.0
2025-08-08 00:00:00-04:00,15.975000381469727,16.575000762939453,15.770000457763672,16.1299991607666,12655600,0.0,0.0
2025-08-11 00:00:00-04:00,16.059999465942383,16.790000915527344,15.920000076293945,16.459999084472656,14002800,0.0,0.0
2025-08-12 00:00:00-04:00,16.40999984741211,16.610000610351562,15.850000381469727,16.600000381469727,15018100,0.0,0.0
2025-08-13 00:00:00-04:00,16.549999237060547,16.889999389648438,15.5,16.010000228881836,23012600,0.0,0.0
2025-08-14 00:00:00-04:00,15.789999961853027,15.810999870300293,14.970000267028809,15.380000114440918,20320600,0.0,0.0
2025-08-15 00:00:00-04:00,14.890000343322754,15.645000457763672,14.625,15.319999694824219,15982900,0.0,0.0
2025-08-18 00:00:00-04:00,15.270000457763672,16.2450008392334,15.03499984741211,15.895000457763672,16871100,0.0,0.0
2025-08-19 00:00:00-04:00,15.819999694824219,15.95300006866455,14.791999816894531,14.859999656677246,12138200,0.0,0.0
2025-08-20 00:00:00-04:00,14.701000213623047,14.829999923706055,13.720999717712402,14.619999885559082,13602300,0.0,0.0
2025-08-21 00:00:00-04:00,14.510000228881836,14.760000228881836,14.368000030517578,14.6899995803833,9110200,0.0,0.0
2025-08-22 00:00:00-04:00,14.59000015258789,16.09000015258789,14.300000190734863,15.829999923706055,18144800,0.0,0.0
2025-08-25 00:00:00-04:00,15.739999771118164,15.90999984741211,15.170000076293945,15.210000038146973,12581100,0.0,0.0
2025-08-26 00:00:00-04:00,15.041999816894531,15.369999885559082,14.845000267028809,15.229999542236328,13995600,0.0,0.0
2025-08-27 00:00:00-04:00,15.204999923706055,15.380000114440918,14.805000305175781,14.8100004196167,12380900,0.0,0.0
2025-08-28 00:00:00-04:00,15.100000381469727,16.170000076293945,14.699999809265137,16.100000381469727,24575300,0.0,0.0
2025-08-29 00:00:00-04:00,16.049999237060547,16.170000076293945,15.390000343322754,15.779999732971191,14528100,0.0,0.0
2025-09-02 00:00:00-04:00,15.25,15.482999801635742,14.3100004196167,15.050000190734863,15814400,0.0,0.0
2025-09-03 00:00:00-04:00,15.210000038146973,15.3100004196167,14.350000381469727,14.550000190734863,15887400,0.0,0.0
2025-09-04 00:00:00-04:00,14.609999656677246,14.9350004196167,14.20199966430664,14.760000228881836,14041700,0.0,0.0
2025-09-05 00:00:00-04:00,15.079999923706055,15.680000305175781,14.779999732971191,15.109999656677246,13657900,0.0,0.0
2025-09-08 00:00:00-04:00,15.0,15.300000190734863,14.710000038146973,15.239999771118164,12545400,0.0,0.0
2025-09-09 00:00:00-04:00,15.25,16.225000381469727,15.09000015258789,16.19499969482422,17597200,0.0,0.0
2025-09-10 00:00:00-04:00,16.149999618530273,16.2810001373291,15.300000190734863,15.40999984741211,19483500,0.0,0.0
2025-09-11 00:00:00-04:00,15.369999885559082,16.010000228881836,15.119999885559082,15.890000343322754,14810400,0.0,0.0
2025-09-12 00:00:00-04:00,16.0,17.260000228881836,15.857999801635742,17.010000228881836,28710000,0.0,0.0
2025-09-15 00:00:00-04:00,17.219999313354492,17.479999542236328,16.559999465942383,16.834999084472656,19579700,0.0,0.0
2025-09-16 00:00:00-04:00,16.915000915527344,17.06999969482422,15.760000228881836,16.8700008392334,29370300,0.0,0.0
2025-09-17 00:00:00-04:00,16.729999542236328,18.014999389648438,16.59000015258789,17.709999084472656,35448100,0.0,0.0
2025-09-18 00:00:00-04:00,18.479999542236328,19.25,17.780000686645508,18.350000381469727,42934200,0.0,0.0
2025-09-19 00:00:00-04:00,18.190000534057617,23.979999542236328,18.174999237060547,23.270000457763672,98556700,0.0,0.0
2025-09-22 00:00:00-04:00,20.329999923706055,20.916000366210938,18.413999557495117,20.209999084472656,80679900,0.0,0.0
2025-09-23 00:00:00-04:00,21.010000228881836,22.239999771118164,19.915000915527344,21.405000686645508,50557900,0.0,0.0
2025-09-24 00:00:00-04:00,21.920000076293945,22.450000762939453,20.0,21.40999984741211,41305300,0.0,0.0
2025-09-25 00:00:00-04:00,20.399999618530273,21.18000030517578,19.209999084472656,20.579999923706055,46061100,0.0,0.0
2025-09-26 00:00:00-04:00,20.549999237060547,23.444000244140625,19.7549991607666,20.145000457763672,54799900,0.0,0.0
2025-09-29 00:00:00-04:00,20.700000762939453,21.299999237060547,18.674999237060547,18.850000381469727,32791800,0.0,0.0
2025-09-30 00:00:00-04:00,18.850000381469727,19.290000915527344,18.209999084472656,18.40999984741211,20906600,0.0,0.0
2025-10-01 00:00:00-04:00,18.34000015258789,19.68000030517578,18.0,18.969999313354492,20377000,0.0,0.0
2025-10-02 00:00:00-04:00,19.309999465942383,20.459999084472656,19.209999084472656,19.979999542236328,46510600,0.0,0.0
2025-10-03 00:00:00-04:00,21.75,25.84000015258789,20.90999984741211,24.6200008392334,118439600,0.0,0.0
2025-10-06 00:00:00-04:00,21.649999618530273,23.389999389648438,20.93000030517578,22.15999984741211,102065500,0.0,0.0
2025-10-07 00:00:00-04:00,23.8700008392334,23.875,21.0,22.010000228881836,69257500,0.0,0.0
2025-10-08 00:00:00-04:00,22.030000686645508,22.739999771118164,20.219999313354492,20.81999969482422,52578800,0.0,0.0
2025-10-09 00:00:00-04:00,21.200000762939453,21.4060001373291,20.3799991607666,21.31999969482422,43675400,0.0,0.0
2025-10-10 00:00:00-04:00,21.559999465942383,21.770000457763672,19.010000228881836,19.014999389648438,52504000,0.0,0.0
2025-10-13 00:00:00-04:00,19.940000534057617,21.5,19.440000534057617,21.459999084472656,44066300,0.0,0.0
2025-10-14 00:00:00-04:00,21.209999084472656,23.34000015258789,20.1299991607666,21.780000686645508,54128400,0.0,0.0
2025-10-15 00:00:00-04:00,23.219999313354492,23.790000915527344,20.56999969482422,21.229999542236328,53212900,0.0,0.0
2025-10-16 00:00:00-04:00,21.350000381469727,21.440000534057617,18.475000381469727,18.739999771118164,49848000,0.0,0.0
2025-10-17 00:00:00-04:00,18.6299991607666,19.110000610351562,17.780000686645508,18.329999923706055,40676200,0.0,0.0
2025-10-20 00:00:00-04:00,18.739999771118164,18.8799991607666,17.18000030517578,17.280000686645508,39172300,0.0,0.0
2025-10-21 00:00:00-04:00,17.309999465942383,17.399999618530273,15.550000190734863,16.0,46061400,0.0,0.0
2025-10-22 00:00:00-04:00,15.399999618530273,15.6899995803833,13.880000114440918,14.869999885559082,51281500,0.0,0.0
2025-10-23 00:00:00-04:00,16.809999465942383,16.899999618530273,15.371000289916992,15.9399995803833,55753800,0.0,0.0
2025-10-24 00:00:00-04:00,16.700000762939453,17.350000381469727,15.510000228881836,15.529999732971191,37701100,0.0,0.0
2025-10-27 00:00:00-04:00,16.079999923706055,16.709999084472656,15.680000305175781,15.720000267028809,45408000,0.0,0.0
2025-10-28 00:00:00-04:00,15.774999618530273,16.19499969482422,14.899999618530273,14.90999984741211,42666700,0.0,0.0
2025-10-29 00:00:00-04:00,15.010000228881836,15.680000305175781,14.720000267028809,15.520000457763672,37045800,0.0,0.0
2025-10-30 00:00:00-04:00,15.140000343322754,15.489999771118164,14.699999809265137,14.970000267028809,23022600,0.0,0.0
2025-10-31 00:00:00-04:00,15.3100004196167,16.790000915527344,15.170000076293945,16.709999084472656,44842100,0.0,0.0
2025-11-03 00:00:00-05:00,16.639999389648438,16.68000030517578,15.3100004196167,15.380000114440918,32164400,0.0,0.0
2025-11-04 00:00:00-05:00,14.774999618530273,15.09000015258789,13.710000038146973,13.710000038146973,25081600,0.0,0.0
2025-11-05 00:00:00-05:00,14.114999771118164,14.345000267028809,13.329999923706055,14.1899995803833,19868600,0.0,0.0
2025-11-06 00:00:00-05:00,14.145000457763672,14.15999984741211,12.90999984741211,13.149999618530273,21239500,0.0,0.0
2025-11-07 00:00:00-05:00,12.739999771118164,12.859999656677246,11.600000381469727,12.859999656677246,27666100,0.0,0.0
2025-11-10 00:00:00-05:00,13.444999694824219,13.557999610900879,12.619999885559082,12.699999809265137,21553100,0.0,0.0
2025-11-11 00:00:00-05:00,12.414999961853027,12.600000381469727,11.739999771118164,11.9399995803833,28988000,0.0,0.0
2025-11-12 00:00:00-05:00,12.0,12.055000305175781,11.020000457763672,11.140000343322754,24994300,0.0,0.0
2025-11-13 00:00:00-05:00,10.765000343322754,10.850000381469727,9.859999656677246,10.029999732971191,28157400,0.0,0.0
2025-11-14 00:00:00-05:00,9.609999656677246,11.175000190734863,9.539999961853027,10.600000381469727,38176900,0.0,0.0
2025-11-17 00:00:00-05:00,11.710000038146973,12.25,10.90999984741211,11.5,71376300,0.0,0.0
2025-11-18 00:00:00-05:00,11.289999961853027,13.069999694824219,11.239999771118164,12.34000015258789,64754900,0.0,0.0
2025-11-19 00:00:00-05:00,12.5,12.680000305175781,11.350000381469727,11.5600004196167,32207800,0.0,0.0
2025-11-20 00:00:00-05:00,12.09000015258789,12.229999542236328,10.1899995803833,10.270000457763672,34810300,0.0,0.0
2025-11-21 00:00:00-05:00,10.380000114440918,10.520000457763672,9.5,10.199999809265137,25076500,0.0,0.0
2025-11-24 00:00:00-05:00,10.265000343322754,11.59000015258789,10.180000305175781,11.489999771118164,22870600,0.0,0.0
2025-11-25 00:00:00-05:00,11.274999618530273,11.8100004196167,10.789999961853027,11.600000381469727,19876700,0.0,0.0
2025-11-26 00:00:00-05:00,11.6899995803833,11.800000190734863,11.170000076293945,11.460000038146973,15082700,0.0,0.0
2025-11-28 00:00:00-05:00,11.5600004196167,11.979999542236328,11.414999961853027,11.699999809265137,9250900,0.0,0.0
2025-12-01 00:00:00-05:00,11.319999694824219,11.359999656677246,10.920000076293945,10.949999809265137,14039100,0.0,0.0
2025-12-02 00:00:00-05:00,11.039999961853027,11.449999809265137,10.930000305175781,11.0,13447900,0.0,0.0
2025-12-03 00:00:00-05:00,11.0,12.180000305175781,10.680000305175781,12.069999694824219,20218900,0.0,0.0
2025-12-04 00:00:00-05:00,11.885000228881836,13.640000343322754,11.760000228881836,13.579999923706055,29093500,0.0,0.0
2025-12-05 00:00:00-05:00,13.289999961853027,13.430000305175781,12.729999542236328,12.84000015258789,20717600,0.0,0.0
2025-12-08 00:00:00-05:00,13.095000267028809,13.260000228881836,12.529999732971191,13.010000228881836,17190700,0.0,0.0
2025-12-09 00:00:00-05:00,12.869999885559082,13.399999618530273,12.5600004196167,13.210000038146973,15125900,0.0,0.0
2025-12-10 00:00:00-05:00,13.0,13.029999732971191,12.234999656677246,12.5600004196167,21770200,0.0,0.0
2025-12-11 00:00:00-05:00,12.239999771118164,12.925000190734863,11.970000267028809,12.829999923706055,13536400,0.0,0.0
2025-12-12 00:00:00-05:00,12.645000457763672,13.020000457763672,11.989999771118164,12.050000190734863,18187100,0.0,0.0
2025-12-15 00:00:00-05:00,12.029999732971191,12.0649995803833,10.859999656677246,10.90999984741211,18682000,0.0,0.0
2025-12-16 00:00:00-05:00,10.800000190734863,11.3149995803833,10.760000228881836,11.270000457763672,14927600,0.0,0.0
2025-12-17 00:00:00-05:00,11.180000305175781,11.420000076293945,10.140999794006348,10.220000267028809,19257900,0.0,0.0
2025-12-18 00:00:00-05:00,10.595000267028809,10.859999656677246,10.130000114440918,10.34000015258789,14396300,0.0,0.0
2025-12-19 00:00:00-05:00,10.34000015258789,11.026000022888184,10.265000343322754,10.890000343322754,26851100,0.0,0.0
2025-12-22 00:00:00-05:00,10.9399995803833,12.550000190734863,10.880000114440918,12.289999961853027,28652600,0.0,0.0
2025-12-23 00:00:00-05:00,11.970000267028809,12.5,11.579999923706055,11.729999542236328,16241000,0.0,0.0
2025-12-24 00:00:00-05:00,11.729999542236328,11.75,11.180000305175781,11.420000076293945,7837900,0.0,0.0
2025-12-26 00:00:00-05:00,11.350000381469727,11.369999885559082,10.619999885559082,10.65999984741211,13626300,0.0,0.0
2025-12-29 00:00:00-05:00,10.479999542236328,10.854999542236328,10.3100004196167,10.569999694824219,13448800,0.0,0.0
2025-12-30 00:00:00-05:00,10.579999923706055,10.880000114440918,10.359999656677246,10.399999618530273,11335800,0.0,0.0
2025-12-31 00:00:00-05:00,10.324999809265137,10.586000442504883,10.149999618530273,10.260000228881836,14009500,0.0,0.0
2026-01-02 00:00:00-05:00,10.550000190734863,11.0649995803833,10.229999542236328,11.010000228881836,16622700,0.0,0.0
2026-01-05 00:00:00-05:00,11.270000457763672,12.430000305175781,11.109999656677246,11.960000038146973,22731900,0.0,0.0
2026-01-06 00:00:00-05:00,11.960000038146973,12.260000228881836,11.460000038146973,12.140000343322754,20714600,0.0,0.0
2026-01-07 00:00:00-05:00,12.010000228881836,12.175000190734863,11.569999694824219,11.649999618530273,13737800,0.0,0.0
2026-01-08 00:00:00-05:00,11.600000381469727,12.34000015258789,11.479999542236328,11.9399995803833,14874300,0.0,0.0
2026-01-09 00:00:00-05:00,12.039999961853027,12.6850004196167,11.649999618530273,11.720000267028809,17449600,0.0,0.0
2026-01-12 00:00:00-05:00,11.680000305175781,12.130000114440918,11.369999885559082,12.109999656677246,14867900,0.0,0.0
2026-01-13 00:00:00-05:00,12.239999771118164,12.399999618530273,11.460000038146973,11.6899995803833,14818200,0.0,0.0
2026-01-14 00:00:00-05:00,11.670000076293945,12.539999961853027,11.479999542236328,12.510000228881836,18108400,0.0,0.0
2026-01-15 00:00:00-05:00,12.975000381469727,13.307000160217285,12.15999984741211,12.180000305175781,23407200,0.0,0.0
2026-01-16 00:00:00-05:00,12.3149995803833,13.194999694824219,12.069999694824219,12.699999809265137,21206400,0.0,0.0
2026-01-20 00:00:00-05:00,12.140000343322754,12.949999809265137,11.880000114440918,11.930000305175781,21124900,0.0,0.0
2026-01-21 00:00:00-05:00,12.180000305175781,12.619999885559082,10.824999809265137,11.640000343322754,28319400,0.0,0.0
2026-01-22 00:00:00-05:00,11.779999732971191,12.489999771118164,11.699999809265137,12.0,18341700,0.0,0.0
2026-01-23 00:00:00-05:00,12.100000381469727,12.119999885559082,11.149999618530273,11.460000038146973,17534200,0.0,0.0
2026-01-26 00:00:00-05:00,11.449999809265137,11.460000038146973,10.739999771118164,10.84000015258789,14361600,0.0,0.0
2026-01-27 00:00:00-05:00,10.979999542236328,11.430000305175781,10.819999694824219,11.3100004196167,10870400,0.0,0.0
2026-01-28 00:00:00-05:00,11.3100004196167,11.529999732971191,10.970000267028809,11.130000114440918,11770300,0.0,0.0
2026-01-29 00:00:00-05:00,11.010000228881836,11.038000106811523,10.109999656677246,10.180000305175781,17309900,0.0,0.0
2026-01-30 00:00:00-05:00,10.0600004196167,10.239999771118164,9.0,9.270000457763672,20020700,0.0,0.0
2026-02-02 00:00:00-05:00,9.270000457763672,9.369999885559082,8.994999885559082,9.34000015258789,11543200,0.0,0.0
2026-02-03 00:00:00-05:00,9.569999694824219,9.725000381469727,9.130000114440918,9.649999618530273,15298500,0.0,0.0
2026-02-04 00:00:00-05:00,9.53499984741211,9.53499984741211,8.619999885559082,9.130000114440918,14704500,0.0,0.0
2026-02-05 00:00:00-05:00,8.739999771118164,8.890000343322754,7.699999809265137,7.809999942779541,19144100,0.0,0.0
2026-02-06 00:00:00-05:00,8.289999961853027,9.664999961853027,8.244999885559082,9.430000305175781,20860000,0.0,0.0
2026-02-09 00:00:00-05:00,9.319999694824219,9.579999923706055,8.970000267028809,9.4399995803833,12785700,0.0,0.0
2026-02-10 00:00:00-05:00,9.354000091552734,9.680000305175781,8.890000343322754,8.960000038146973,10698800,0.0,0.0
2026-02-11 00:00:00-05:00,9.229999542236328,9.229999542236328,8.229999542236328,8.539999961853027,13578600,0.0,0.0
2026-02-12 00:00:00-05:00,8.520000457763672,8.520000457763672,7.920000076293945,8.1899995803833,12288000,0.0,0.0
2026-02-13 00:00:00-05:00,8.359999656677246,8.585000038146973,7.960000038146973,8.470000267028809,11249200,0.0,0.0
2026-02-17 00:00:00-05:00,8.3100004196167,8.364999771118164,7.909999847412109,8.050000190734863,10516800,0.0,0.0
2026-02-18 00:00:00-05:00,8.0600004196167,8.449999809265137,7.800000190734863,8.210000038146973,8777700,0.0,0.0
2026-02-19 00:00:00-05:00,8.050000190734863,8.3100004196167,7.951000213623047,8.220000267028809,7318300,0.0,0.0
2026-02-20 00:00:00-05:00,8.15999984741211,8.300000190734863,7.84499979019165,7.900000095367432,9106800,0.0,0.0
2026-02-23 00:00:00-05:00,7.760000228881836,7.980000019073486,7.630000114440918,7.880000114440918,8357900,0.0,0.0
2026-02-24 00:00:00-05:00,7.809999942779541,8.234999656677246,7.760000228881836,8.109999656677246,8739700,0.0,0.0
2026-02-25 00:00:00-05:00,8.220000267028809,8.9350004196167,8.09000015258789,8.680000305175781,14679200,0.0,0.0
2026-02-26 00:00:00-05:00,9.100000381469727,9.14799976348877,8.604999542236328,9.039999961853027,17557800,0.0,0.0
2026-02-27 00:00:00-05:00,8.710000038146973,8.800000190734863,8.109999656677246,8.40999984741211,12096500,0.0,0.0
2026-03-02 00:00:00-05:00,8.09000015258789,8.609999656677246,8.039999961853027,8.59000015258789,12165200,0.0,0.0
2026-03-03 00:00:00-05:00,8.114999771118164,8.28499984741211,7.695000171661377,7.730000019073486,14785200,0.0,0.0
2026-03-04 00:00:00-05:00,7.989999771118164,8.25,7.849999904632568,8.149999618530273,13361800,0.0,0.0
2026-03-05 00:00:00-05:00,7.980000019073486,8.069999694824219,7.579999923706055,7.71999979019165,13945700,0.0,0.0
2026-03-06 00:00:00-05:00,7.5,8.050000190734863,7.409999847412109,7.599999904632568,12238100,0.0,0.0
2026-03-09 00:00:00-04:00,7.400000095367432,7.769999980926514,7.2210001945495605,7.630000114440918,12019200,0.0,0.0
2026-03-10 00:00:00-04:00,7.739999771118164,7.949999809265137,7.559999942779541,7.599999904632568,11794200,0.0,0.0
2026-03-11 00:00:00-04:00,7.579999923706055,7.855000019073486,7.429999828338623,7.619999885559082,9294400,0.0,0.0
2026-03-12 00:00:00-04:00,7.489999771118164,7.550000190734863,7.230000019073486,7.434999942779541,11177900,0.0,0.0
2026-03-13 00:00:00-04:00,7.489999771118164,7.690000057220459,7.275000095367432,7.300000190734863,9137100,0.0,0.0
2026-03-16 00:00:00-04:00,7.494999885559082,7.670000076293945,7.190000057220459,7.369999885559082,10194100,0.0,0.0
2026-03-17 00:00:00-04:00,7.349999904632568,7.574999809265137,7.300000190734863,7.539999961853027,8121000,0.0,0.0
2026-03-18 00:00:00-04:00,7.480000019073486,7.505000114440918,7.195000171661377,7.25,8536800,0.0,0.0
2026-03-19 00:00:00-04:00,7.010000228881836,7.368000030517578,6.880000114440918,7.190000057220459,9823600,0.0,0.0
2026-03-20 00:00:00-04:00,7.070000171661377,7.199999809265137,6.849999904632568,6.960000038146973,9311100,0.0,0.0
2026-03-23 00:00:00-04:00,6.974999904632568,7.389999866485596,6.929999828338623,7.340000152587891,12101800,0.0,0.0
2026-03-24 00:00:00-04:00,7.199999809265137,7.5289998054504395,7.070000171661377,7.449999809265137,8544500,0.0,0.0
2026-03-25 00:00:00-04:00,7.619999885559082,7.710000038146973,7.139999866485596,7.320000171661377,8600800,0.0,0.0
2026-03-26 00:00:00-04:00,7.110000133514404,7.389999866485596,7.099999904632568,7.119999885559082,6903400,0.0,0.0
2026-03-27 00:00:00-04:00,6.960000038146973,7.014999866485596,6.630000114440918,6.659999847412109,9791200,0.0,0.0
2026-03-30 00:00:00-04:00,6.71999979019165,6.744999885559082,6.179999828338623,6.309999942779541,8288600,0.0,0.0
2026-03-31 00:00:00-04:00,6.454999923706055,6.940000057220459,6.454999923706055,6.849999904632568,13443300,0.0,0.0
2026-04-01 00:00:00-04:00,6.965000152587891,7.039999961853027,6.610000133514404,6.639999866485596,8064600,0.0,0.0
2026-04-02 00:00:00-04:00,6.400000095367432,6.869999885559082,6.340000152587891,6.869999885559082,7255500,0.0,0.0
2026-04-06 00:00:00-04:00,6.840000152587891,7.078999996185303,6.78000020980835,6.860000133514404,6272000,0.0,0.0
2026-04-07 00:00:00-04:00,6.730000019073486,6.78000020980835,6.534999847412109,6.769999980926514,8096200,0.0,0.0
2026-04-08 00:00:00-04:00,7.380000114440918,7.480000019073486,6.84499979019165,6.929999828338623,8431000,0.0,0.0
2026-04-09 00:00:00-04:00,6.860000133514404,6.949999809265137,6.75,6.78000020980835,5419800,0.0,0.0
2026-04-10 00:00:00-04:00,6.929999828338623,7.28000020980835,6.869999885559082,7.059999942779541,7924200,0.0,0.0
2026-04-13 00:00:00-04:00,6.869999885559082,7.300000190734863,6.78000020980835,7.269999980926514,7159600,0.0,0.0
2026-04-14 00:00:00-04:00,7.59499979019165,8.329999923706055,7.521999835968018,8.109999656677246,23177400,0.0,0.0
2026-04-15 00:00:00-04:00,8.550000190734863,9.710000038146973,8.40999984741211,9.399999618530273,43699500,0.0,0.0
2026-04-16 00:00:00-04:00,9.765000343322754,9.789999961853027,9.010000228881836,9.4399995803833,33663300,0.0,0.0
2026-04-17 00:00:00-04:00,9.569999694824219,9.904999732971191,9.345000267028809,9.569999694824219,22053500,0.0,0.0
2026-04-20 00:00:00-04:00,9.350000381469727,9.9399995803833,9.279999732971191,9.829999923706055,19699300,0.0,0.0
2026-04-21 00:00:00-04:00,10.005000114440918,10.100000381469727,9.390000343322754,9.40999984741211,18006600,0.0,0.0
2026-04-22 00:00:00-04:00,9.59000015258789,10.170000076293945,9.560999870300293,9.859999656677246,16293600,0.0,0.0
2026-04-23 00:00:00-04:00,9.710000038146973,9.895000457763672,8.880000114440918,9.050000190734863,18933600,0.0,0.0
2026-04-24 00:00:00-04:00,9.258000373840332,9.270000457763672,8.59000015258789,8.9399995803833,13060000,0.0,0.0
2026-04-27 00:00:00-04:00,8.8149995803833,9.119999885559082,8.704999923706055,9.100000381469727,7438700,0.0,0.0
2026-04-28 00:00:00-04:00,8.829999923706055,8.880000114440918,8.40999984741211,8.569999694824219,8744700,0.0,0.0
2026-04-29 00:00:00-04:00,8.520000457763672,8.520000457763672,7.980000019073486,8.279999732971191,11370400,0.0,0.0
2026-04-30 00:00:00-04:00,8.329999923706055,9.085000038146973,8.1899995803833,9.020000457763672,11042700,0.0,0.0
2026-05-01 00:00:00-04:00,9.010000228881836,9.229999542236328,8.84000015258789,9.210000038146973,10240100,0.0,0.0
2026-05-04 00:00:00-04:00,9.149999618530273,9.880000114440918,9.140000343322754,9.5,13368400,0.0,0.0
2026-05-05 00:00:00-04:00,9.585000038146973,9.619999885559082,9.149999618530273,9.5600004196167,9078900,0.0,0.0
2026-05-06 00:00:00-04:00,9.699999809265137,10.529999732971191,9.59000015258789,10.460000038146973,19566500,0.0,0.0
2026-05-07 00:00:00-04:00,10.055000305175781,10.225000381469727,9.369999885559082,9.630000114440918,13437600,0.0,0.0
2026-05-08 00:00:00-04:00,9.8149995803833,9.949999809265137,9.220000267028809,9.600000381469727,12801000,0.0,0.0
2026-05-11 00:00:00-04:00,9.491999626159668,10.3149995803833,9.329999923706055,10.180000305175781,31560900,0.0,0.0
2026-05-12 00:00:00-04:00,12.699999809265137,14.449999809265137,11.289999961853027,11.779999732971191,141078800,0.0,0.0
2026-05-13 00:00:00-04:00,11.694999694824219,11.720000267028809,10.845000267028809,11.029999732971191,36152600,0.0,0.0
2026-05-14 00:00:00-04:00,10.8100004196167,12.319999694824219,10.539999961853027,11.729999542236328,36851500,0.0,0.0
2026-05-15 00:00:00-04:00,11.239999771118164,11.239999771118164,10.5,10.505000114440918,21801200,0.0,0.0
2026-05-18 00:00:00-04:00,10.5,10.5,9.430000305175781,9.71500015258789,18177700,0.0,0.0
2026-05-19 00:00:00-04:00,9.550000190734863,9.770000457763672,9.140000343322754,9.220000267028809,11586700,0.0,0.0
2026-05-20 00:00:00-04:00,9.319999694824219,9.65999984741211,9.1850004196167,9.5600004196167,13615900,0.0,0.0
2026-05-21 00:00:00-04:00,10.470000267028809,11.444999694824219,10.319999694824219,11.40999984741211,57198100,0.0,0.0
2026-05-22 00:00:00-04:00,11.614999771118164,13.390000343322754,11.609999656677246,12.3100004196167,68053900,0.0,0.0
2026-05-26 00:00:00-04:00,12.475000381469727,12.529999732971191,11.265000343322754,11.680000305175781,34034000,0.0,0.0
2026-05-27 00:00:00-04:00,11.550000190734863,11.819999694824219,11.119999885559082,11.420000076293945,20366900,0.0,0.0
2026-05-28 00:00:00-04:00,11.395000457763672,12.385000228881836,11.319999694824219,12.239999771118164,30904200,0.0,0.0
2026-05-29 00:00:00-04:00,12.0,12.098999977111816,11.479999542236328,11.960000038146973,21438100,0.0,0.0
2026-06-01 00:00:00-04:00,11.670000076293945,13.0,11.029999732971191,12.390000343322754,32254600,0.0,0.0
2026-06-02 00:00:00-04:00,12.244999885559082,12.697999954223633,11.819999694824219,12.25,25479600,0.0,0.0
2026-06-03 00:00:00-04:00,11.949999809265137,12.350000381469727,11.170000076293945,11.199999809265137,22087700,0.0,0.0
2026-06-04 00:00:00-04:00,11.0,11.407999992370605,10.729999542236328,11.1899995803833,17495300,0.0,0.0
2026-06-05 00:00:00-04:00,10.899999618530273,10.899999618530273,9.8100004196167,9.954999923706055,21673600,0.0,0.0
2026-06-08 00:00:00-04:00,10.300000190734863,10.630000114440918,9.949999809265137,10.449999809265137,12412500,0.0,0.0
2026-06-09 00:00:00-04:00,10.369999885559082,10.65999984741211,9.0649995803833,9.505000114440918,17771900,0.0,0.0
2026-06-10 00:00:00-04:00,9.390000343322754,10.09000015258789,9.319999694824219,9.529999732971191,13687400,0.0,0.0
2026-06-11 00:00:00-04:00,9.479999542236328,10.050000190734863,9.329999923706055,9.90999984741211,13028600,0.0,0.0
2026-06-12 00:00:00-04:00,10.010000228881836,10.489999771118164,9.680000305175781,9.930000305175781,12384000,0.0,0.0
2026-06-15 00:00:00-04:00,10.739999771118164,11.515000343322754,10.600000381469727,11.100000381469727,24704800,0.0,0.0
2026-06-16 00:00:00-04:00,10.835000038146973,10.930000305175781,9.989999771118164,10.119999885559082,16580800,0.0,0.0
2026-06-17 00:00:00-04:00,10.3100004196167,10.4350004196167,9.680000305175781,9.770000457763672,12932700,0.0,0.0
2026-06-18 00:00:00-04:00,10.211999893188477,10.8100004196167,9.880000114440918,10.760000228881836,20612242,0.0,0.0
