Date,Open,High,Low,Close,Volume,Dividends,Stock Splits
2022-01-03 00:00:00-05:00,1.8300000429153442,2.009999990463257,1.7999999523162842,2.009999990463257,942100,0.0,0.0
2022-01-04 00:00:00-05:00,2.0,2.015000104904175,1.9199999570846558,1.940000057220459,586600,0.0,0.0
2022-01-05 00:00:00-05:00,1.972000002861023,2.0399999618530273,1.9149999618530273,1.940000057220459,783800,0.0,0.0
2022-01-06 00:00:00-05:00,1.9700000286102295,1.9700000286102295,1.840000033378601,1.8799999952316284,805500,0.0,0.0
2022-01-07 00:00:00-05:00,1.9359999895095825,1.9700000286102295,1.8250000476837158,1.9500000476837158,690500,0.0,0.0
2022-01-10 00:00:00-05:00,1.899999976158142,1.909999966621399,1.8200000524520874,1.850000023841858,728000,0.0,0.0
2022-01-11 00:00:00-05:00,1.8799999952316284,2.0350000858306885,1.8480000495910645,1.9900000095367432,1121700,0.0,0.0
2022-01-12 00:00:00-05:00,2.0,2.380000114440918,1.9880000352859497,2.25,4421500,0.0,0.0
2022-01-13 00:00:00-05:00,2.2699999809265137,2.2709999084472656,2.140000104904175,2.1700000762939453,1055300,0.0,0.0
2022-01-14 00:00:00-05:00,2.1500000953674316,2.2200000286102295,2.109999895095825,2.190000057220459,793600,0.0,0.0
2022-01-18 00:00:00-05:00,2.2200000286102295,2.25,2.0299999713897705,2.069999933242798,1368900,0.0,0.0
2022-01-19 00:00:00-05:00,2.0999999046325684,2.109999895095825,1.9600000381469727,1.9700000286102295,689600,0.0,0.0
2022-01-20 00:00:00-05:00,1.9900000095367432,2.049999952316284,1.8700000047683716,1.8799999952316284,708200,0.0,0.0
2022-01-21 00:00:00-05:00,1.8200000524520874,1.8700000047683716,1.753999948501587,1.7899999618530273,886400,0.0,0.0
2022-01-24 00:00:00-05:00,1.7000000476837158,1.7699999809265137,1.590000033378601,1.7400000095367432,1269200,0.0,0.0
2022-01-25 00:00:00-05:00,1.7100000381469727,1.8799999952316284,1.6610000133514404,1.8300000429153442,648700,0.0,0.0
2022-01-26 00:00:00-05:00,1.8899999856948853,1.8899999856948853,1.690000057220459,1.690000057220459,699100,0.0,0.0
2022-01-27 00:00:00-05:00,1.7400000095367432,1.7999999523162842,1.6699999570846558,1.7000000476837158,556600,0.0,0.0
2022-01-28 00:00:00-05:00,1.7200000286102295,1.7200000286102295,1.5950000286102295,1.7100000381469727,762700,0.0,0.0
2022-01-31 00:00:00-05:00,1.7200000286102295,1.850000023841858,1.7100000381469727,1.850000023841858,961500,0.0,0.0
2022-02-01 00:00:00-05:00,1.8799999952316284,1.9199999570846558,1.7899999618530273,1.909999966621399,800800,0.0,0.0
2022-02-02 00:00:00-05:00,1.899999976158142,1.902999997138977,1.7799999713897705,1.809999942779541,597500,0.0,0.0
2022-02-03 00:00:00-05:00,1.7400000095367432,1.8300000429153442,1.725000023841858,1.7999999523162842,527400,0.0,0.0
2022-02-04 00:00:00-05:00,1.7899999618530273,1.840000033378601,1.7400000095367432,1.7699999809265137,653500,0.0,0.0
2022-02-07 00:00:00-05:00,1.7799999713897705,1.840000033378601,1.7710000276565552,1.7899999618530273,411900,0.0,0.0
2022-02-08 00:00:00-05:00,1.7999999523162842,1.8899999856948853,1.7799999713897705,1.8700000047683716,510500,0.0,0.0
2022-02-09 00:00:00-05:00,1.8600000143051147,1.9199999570846558,1.8489999771118164,1.909999966621399,831200,0.0,0.0
2022-02-10 00:00:00-05:00,1.840000033378601,1.9500000476837158,1.809999942779541,1.8300000429153442,880500,0.0,0.0
2022-02-11 00:00:00-05:00,1.8600000143051147,1.9199999570846558,1.7699999809265137,1.8300000429153442,477700,0.0,0.0
2022-02-14 00:00:00-05:00,1.8300000429153442,1.8600000143051147,1.7899999618530273,1.809999942779541,748400,0.0,0.0
2022-02-15 00:00:00-05:00,1.840000033378601,1.9900000095367432,1.7999999523162842,1.9199999570846558,896500,0.0,0.0
2022-02-16 00:00:00-05:00,1.899999976158142,2.1670000553131104,1.899999976158142,2.0999999046325684,1272600,0.0,0.0
2022-02-17 00:00:00-05:00,2.049999952316284,2.069999933242798,1.9299999475479126,2.0,736400,0.0,0.0
2022-02-18 00:00:00-05:00,1.9800000190734863,2.065000057220459,1.9199999570846558,1.9600000381469727,441200,0.0,0.0
2022-02-22 00:00:00-05:00,1.909999966621399,2.0999999046325684,1.909999966621399,1.9700000286102295,1106200,0.0,0.0
2022-02-23 00:00:00-05:00,2.009999990463257,2.009999990463257,1.899999976158142,1.9299999475479126,819700,0.0,0.0
2022-02-24 00:00:00-05:00,1.75,1.9290000200271606,1.7200000286102295,1.909999966621399,1049400,0.0,0.0
2022-02-25 00:00:00-05:00,2.009999990463257,2.009999990463257,1.8600000143051147,1.909999966621399,977000,0.0,0.0
2022-02-28 00:00:00-05:00,1.909999966621399,1.9700000286102295,1.8799999952316284,1.909999966621399,1059100,0.0,0.0
2022-03-01 00:00:00-05:00,1.909999966621399,1.940000057220459,1.8519999980926514,1.909999966621399,592600,0.0,0.0
2022-03-02 00:00:00-05:00,1.9199999570846558,2.2799999713897705,1.899999976158142,2.25,1770900,0.0,0.0
2022-03-03 00:00:00-05:00,2.259999990463257,2.3299999237060547,2.130000114440918,2.309999942779541,1257100,0.0,0.0
2022-03-04 00:00:00-05:00,2.2799999713897705,2.359999895095825,2.190000057220459,2.3299999237060547,774200,0.0,0.0
2022-03-07 00:00:00-05:00,2.3499999046325684,2.5950000286102295,2.2899999618530273,2.3399999141693115,2316400,0.0,0.0
2022-03-08 00:00:00-05:00,2.450000047683716,2.7200000286102295,2.259999990463257,2.3299999237060547,3875200,0.0,0.0
2022-03-09 00:00:00-05:00,2.3299999237060547,2.3299999237060547,2.174999952316284,2.240000009536743,1551700,0.0,0.0
2022-03-10 00:00:00-05:00,2.200000047683716,2.5,2.1700000762939453,2.4700000286102295,1546200,0.0,0.0
2022-03-11 00:00:00-05:00,2.559999942779541,2.559999942779541,2.2799999713897705,2.2899999618530273,893700,0.0,0.0
2022-03-14 00:00:00-04:00,2.3399999141693115,2.3399999141693115,1.9800000190734863,2.009999990463257,1447500,0.0,0.0
2022-03-15 00:00:00-04:00,2.0,2.049999952316284,1.9199999570846558,1.9900000095367432,905600,0.0,0.0
2022-03-16 00:00:00-04:00,2.009999990463257,2.0399999618530273,1.940000057220459,1.9800000190734863,756900,0.0,0.0
2022-03-17 00:00:00-04:00,2.0,2.1700000762939453,1.9709999561309814,2.109999895095825,1048900,0.0,0.0
2022-03-18 00:00:00-04:00,2.0799999237060547,2.25,2.0799999237060547,2.2100000381469727,921100,0.0,0.0
2022-03-21 00:00:00-04:00,2.2300000190734863,2.3299999237060547,2.140000104904175,2.190000057220459,1243700,0.0,0.0
2022-03-22 00:00:00-04:00,2.200000047683716,2.240000009536743,2.075000047683716,2.2100000381469727,1117100,0.0,0.0
2022-03-23 00:00:00-04:00,2.2200000286102295,2.319999933242798,2.180000066757202,2.25,812700,0.0,0.0
2022-03-24 00:00:00-04:00,2.319999933242798,2.3399999141693115,2.2300000190734863,2.309999942779541,628900,0.0,0.0
2022-03-25 00:00:00-04:00,2.2699999809265137,2.3399999141693115,2.240000009536743,2.3299999237060547,480300,0.0,0.0
2022-03-28 00:00:00-04:00,2.319999933242798,2.359999895095825,2.2820000648498535,2.3399999141693115,723800,0.0,0.0
2022-03-29 00:00:00-04:00,2.3299999237060547,2.359999895095825,2.1510000228881836,2.200000047683716,944400,0.0,0.0
2022-03-30 00:00:00-04:00,2.299999952316284,2.430000066757202,2.109999895095825,2.299999952316284,1958300,0.0,0.0
2022-03-31 00:00:00-04:00,2.3399999141693115,2.640000104904175,2.322999954223633,2.569999933242798,3187000,0.0,0.0
2022-04-01 00:00:00-04:00,2.5799999237060547,2.700000047683716,2.509999990463257,2.619999885559082,1675400,0.0,0.0
2022-04-04 00:00:00-04:00,2.6500000953674316,2.7200000286102295,2.565000057220459,2.5899999141693115,1239600,0.0,0.0
2022-04-05 00:00:00-04:00,2.609999895095825,2.740000009536743,2.5399999618530273,2.569999933242798,1402300,0.0,0.0
2022-04-06 00:00:00-04:00,2.559999942779541,2.559999942779541,2.3499999046325684,2.380000114440918,1105300,0.0,0.0
2022-04-07 00:00:00-04:00,2.3499999046325684,2.450000047683716,2.244999885559082,2.390000104904175,1103700,0.0,0.0
2022-04-08 00:00:00-04:00,2.380000114440918,2.380000114440918,2.1600000858306885,2.1700000762939453,1509500,0.0,0.0
2022-04-11 00:00:00-04:00,2.1700000762939453,2.2200000286102295,2.069999933242798,2.0899999141693115,944300,0.0,0.0
2022-04-12 00:00:00-04:00,2.0799999237060547,2.2149999141693115,2.069999933242798,2.130000114440918,770700,0.0,0.0
2022-04-13 00:00:00-04:00,2.130000114440918,2.309999942779541,2.119999885559082,2.2899999618530273,979600,0.0,0.0
2022-04-14 00:00:00-04:00,2.299999952316284,2.3499999046325684,2.190000057220459,2.3299999237060547,1083100,0.0,0.0
2022-04-18 00:00:00-04:00,2.3499999046325684,2.359999895095825,2.2100000381469727,2.240000009536743,717200,0.0,0.0
2022-04-19 00:00:00-04:00,2.2200000286102295,2.2950000762939453,2.1649999618530273,2.2699999809265137,645200,0.0,0.0
2022-04-20 00:00:00-04:00,2.299999952316284,2.390000104904175,2.240000009536743,2.3299999237060547,1066300,0.0,0.0
2022-04-21 00:00:00-04:00,2.309999942779541,2.369999885559082,2.049999952316284,2.109999895095825,2151000,0.0,0.0
2022-04-22 00:00:00-04:00,2.0999999046325684,2.1549999713897705,1.8899999856948853,1.899999976158142,1134700,0.0,0.0
2022-04-25 00:00:00-04:00,1.8600000143051147,1.909999966621399,1.7799999713897705,1.8799999952316284,1145700,0.0,0.0
2022-04-26 00:00:00-04:00,1.9199999570846558,1.9199999570846558,1.7699999809265137,1.7799999713897705,734200,0.0,0.0
2022-04-27 00:00:00-04:00,1.75,1.875,1.75,1.8200000524520874,891900,0.0,0.0
2022-04-28 00:00:00-04:00,1.7999999523162842,1.899999976158142,1.690000057220459,1.850000023841858,1749200,0.0,0.0
2022-04-29 00:00:00-04:00,1.850000023841858,1.8799999952316284,1.7699999809265137,1.809999942779541,740200,0.0,0.0
2022-05-02 00:00:00-04:00,1.75,1.809999942779541,1.7350000143051147,1.7999999523162842,615300,0.0,0.0
2022-05-03 00:00:00-04:00,1.809999942779541,1.899999976158142,1.774999976158142,1.809999942779541,758300,0.0,0.0
2022-05-04 00:00:00-04:00,1.8300000429153442,1.8300000429153442,1.7000000476837158,1.7799999713897705,916700,0.0,0.0
2022-05-05 00:00:00-04:00,1.7699999809265137,1.7899999618530273,1.6299999952316284,1.690000057220459,1033800,0.0,0.0
2022-05-06 00:00:00-04:00,1.6799999475479126,1.6799999475479126,1.5549999475479126,1.600000023841858,770800,0.0,0.0
2022-05-09 00:00:00-04:00,1.5299999713897705,1.5299999713897705,1.3600000143051147,1.3799999952316284,1012700,0.0,0.0
2022-05-10 00:00:00-04:00,1.399999976158142,1.4299999475479126,1.3300000429153442,1.350000023841858,970700,0.0,0.0
2022-05-11 00:00:00-04:00,1.350000023841858,1.440000057220459,1.2799999713897705,1.2899999618530273,745300,0.0,0.0
2022-05-12 00:00:00-04:00,1.2599999904632568,1.315999984741211,1.2000000476837158,1.2300000190734863,813900,0.0,0.0
2022-05-13 00:00:00-04:00,1.2899999618530273,1.4199999570846558,1.2899999618530273,1.399999976158142,660100,0.0,0.0
2022-05-16 00:00:00-04:00,1.4450000524520874,1.5,1.3700000047683716,1.3799999952316284,867500,0.0,0.0
2022-05-17 00:00:00-04:00,1.4900000095367432,1.5800000429153442,1.399999976158142,1.5700000524520874,612800,0.0,0.0
2022-05-18 00:00:00-04:00,1.5299999713897705,1.5800000429153442,1.4850000143051147,1.5099999904632568,347300,0.0,0.0
2022-05-19 00:00:00-04:00,1.5,1.5800000429153442,1.4700000286102295,1.5299999713897705,648900,0.0,0.0
2022-05-20 00:00:00-04:00,1.5800000429153442,1.600000023841858,1.4700000286102295,1.5199999809265137,444700,0.0,0.0
2022-05-23 00:00:00-04:00,1.5700000524520874,1.6799999475479126,1.5490000247955322,1.6200000047683716,924800,0.0,0.0
2022-05-24 00:00:00-04:00,1.6100000143051147,1.6200000047683716,1.5149999856948853,1.5399999618530273,693600,0.0,0.0
2022-05-25 00:00:00-04:00,1.5499999523162842,1.659999966621399,1.5199999809265137,1.659999966621399,520100,0.0,0.0
2022-05-26 00:00:00-04:00,1.649999976158142,1.7200000286102295,1.6200000047683716,1.6699999570846558,359900,0.0,0.0
2022-05-27 00:00:00-04:00,1.6699999570846558,1.7200000286102295,1.6699999570846558,1.7100000381469727,279600,0.0,0.0
2022-05-31 00:00:00-04:00,1.6799999475479126,1.725000023841858,1.6200000047683716,1.659999966621399,360800,0.0,0.0
2022-06-01 00:00:00-04:00,1.6399999856948853,1.7100000381469727,1.6100000143051147,1.6799999475479126,296800,0.0,0.0
2022-06-02 00:00:00-04:00,1.659999966621399,1.75,1.659999966621399,1.7300000190734863,308200,0.0,0.0
2022-06-03 00:00:00-04:00,1.7400000095367432,1.7699999809265137,1.7000000476837158,1.7599999904632568,280200,0.0,0.0
2022-06-06 00:00:00-04:00,1.75,1.9700000286102295,1.6799999475479126,1.9199999570846558,1346900,0.0,0.0
2022-06-07 00:00:00-04:00,1.9199999570846558,2.005000114440918,1.8380000591278076,1.9600000381469727,690600,0.0,0.0
2022-06-08 00:00:00-04:00,2.0199999809265137,2.069999933242798,1.8899999856948853,1.909999966621399,549700,0.0,0.0
2022-06-09 00:00:00-04:00,1.909999966621399,1.9199999570846558,1.7890000343322754,1.8300000429153442,347700,0.0,0.0
2022-06-10 00:00:00-04:00,1.75,1.809999942779541,1.7200000286102295,1.75,662000,0.0,0.0
2022-06-13 00:00:00-04:00,1.6100000143051147,1.6449999809265137,1.5099999904632568,1.5399999618530273,785100,0.0,0.0
2022-06-14 00:00:00-04:00,1.5299999713897705,1.5509999990463257,1.4390000104904175,1.4500000476837158,576500,0.0,0.0
2022-06-15 00:00:00-04:00,1.4500000476837158,1.5299999713897705,1.4199999570846558,1.4800000190734863,447300,0.0,0.0
2022-06-16 00:00:00-04:00,1.4700000286102295,1.5149999856948853,1.4210000038146973,1.4700000286102295,283900,0.0,0.0
2022-06-17 00:00:00-04:00,1.5299999713897705,1.6399999856948853,1.496000051498413,1.5499999523162842,511600,0.0,0.0
2022-06-21 00:00:00-04:00,1.600000023841858,1.6799999475479126,1.5700000524520874,1.6200000047683716,317900,0.0,0.0
2022-06-22 00:00:00-04:00,1.6299999952316284,1.6399999856948853,1.559999942779541,1.559999942779541,385600,0.0,0.0
2022-06-23 00:00:00-04:00,1.5399999618530273,1.600000023841858,1.4800000190734863,1.5,413300,0.0,0.0
2022-06-24 00:00:00-04:00,1.4900000095367432,1.6150000095367432,1.4900000095367432,1.5499999523162842,762300,0.0,0.0
2022-06-27 00:00:00-04:00,1.5399999618530273,1.6100000143051147,1.5299999713897705,1.5800000429153442,416800,0.0,0.0
2022-06-28 00:00:00-04:00,1.6200000047683716,1.6399999856948853,1.5,1.5199999809265137,419700,0.0,0.0
2022-06-29 00:00:00-04:00,1.5219999551773071,1.5399999618530273,1.3600000143051147,1.399999976158142,664200,0.0,0.0
2022-06-30 00:00:00-04:00,1.3799999952316284,1.4500000476837158,1.3700000047683716,1.4500000476837158,255000,0.0,0.0
2022-07-01 00:00:00-04:00,1.4199999570846558,1.5199999809265137,1.4199999570846558,1.5099999904632568,562000,0.0,0.0
2022-07-05 00:00:00-04:00,1.5,1.5299999713897705,1.4600000381469727,1.4800000190734863,338000,0.0,0.0
2022-07-06 00:00:00-04:00,1.4800000190734863,1.5499999523162842,1.4240000247955322,1.5,176800,0.0,0.0
2022-07-07 00:00:00-04:00,1.5,1.5950000286102295,1.5,1.559999942779541,390200,0.0,0.0
2022-07-08 00:00:00-04:00,1.5700000524520874,1.590000033378601,1.5199999809265137,1.590000033378601,185800,0.0,0.0
2022-07-11 00:00:00-04:00,1.5800000429153442,1.590000033378601,1.5299999713897705,1.5499999523162842,110500,0.0,0.0
2022-07-12 00:00:00-04:00,1.559999942779541,1.5700000524520874,1.4800000190734863,1.5,229300,0.0,0.0
2022-07-13 00:00:00-04:00,1.4600000381469727,1.5399999618530273,1.4500000476837158,1.4800000190734863,223800,0.0,0.0
2022-07-14 00:00:00-04:00,1.4199999570846558,1.4700000286102295,1.399999976158142,1.4700000286102295,194700,0.0,0.0
2022-07-15 00:00:00-04:00,1.4700000286102295,1.5499999523162842,1.440000057220459,1.5499999523162842,223900,0.0,0.0
2022-07-18 00:00:00-04:00,1.5800000429153442,1.6399999856948853,1.5499999523162842,1.6299999952316284,359800,0.0,0.0
2022-07-19 00:00:00-04:00,1.7200000286102295,1.8600000143051147,1.7000000476837158,1.850000023841858,1778500,0.0,0.0
2022-07-20 00:00:00-04:00,1.850000023841858,2.009999990463257,1.809999942779541,2.009999990463257,729400,0.0,0.0
2022-07-21 00:00:00-04:00,1.9800000190734863,2.0,1.8799999952316284,1.9800000190734863,451800,0.0,0.0
2022-07-22 00:00:00-04:00,1.9800000190734863,1.9800000190734863,1.7899999618530273,1.8300000429153442,557100,0.0,0.0
2022-07-25 00:00:00-04:00,1.840000033378601,2.0799999237060547,1.7899999618530273,2.0299999713897705,567400,0.0,0.0
2022-07-26 00:00:00-04:00,2.0399999618530273,2.049999952316284,1.9299999475479126,1.9900000095367432,372700,0.0,0.0
2022-07-27 00:00:00-04:00,2.0,2.0309998989105225,1.8799999952316284,1.940000057220459,322900,0.0,0.0
2022-07-28 00:00:00-04:00,1.940000057220459,2.0299999713897705,1.875,2.009999990463257,319800,0.0,0.0
2022-07-29 00:00:00-04:00,2.009999990463257,2.2899999618530273,1.9800000190734863,2.2200000286102295,1278800,0.0,0.0
2022-08-01 00:00:00-04:00,2.25,2.4000000953674316,2.2300000190734863,2.309999942779541,963400,0.0,0.0
2022-08-02 00:00:00-04:00,2.2699999809265137,2.377000093460083,2.259999990463257,2.2899999618530273,383100,0.0,0.0
2022-08-03 00:00:00-04:00,2.319999933242798,2.380000114440918,2.25,2.309999942779541,522600,0.0,0.0
2022-08-04 00:00:00-04:00,2.309999942779541,2.390000104904175,2.2100000381469727,2.3299999237060547,602400,0.0,0.0
2022-08-05 00:00:00-04:00,2.299999952316284,2.4200000762939453,2.2799999713897705,2.369999885559082,587400,0.0,0.0
2022-08-08 00:00:00-04:00,2.450000047683716,2.549999952316284,2.390000104904175,2.5199999809265137,1205100,0.0,0.0
2022-08-09 00:00:00-04:00,2.490000009536743,2.5199999809265137,2.4049999713897705,2.490000009536743,551900,0.0,0.0
2022-08-10 00:00:00-04:00,2.5199999809265137,2.5999999046325684,2.440000057220459,2.5999999046325684,462500,0.0,0.0
2022-08-11 00:00:00-04:00,2.619999885559082,2.619999885559082,2.5,2.559999942779541,461400,0.0,0.0
2022-08-12 00:00:00-04:00,2.549999952316284,2.575000047683716,2.4800000190734863,2.5199999809265137,286200,0.0,0.0
2022-08-15 00:00:00-04:00,2.440000057220459,2.4800000190734863,2.299999952316284,2.299999952316284,755300,0.0,0.0
2022-08-16 00:00:00-04:00,2.309999942779541,2.5999999046325684,2.299999952316284,2.5799999237060547,1050300,0.0,0.0
2022-08-17 00:00:00-04:00,2.559999942779541,2.559999942779541,2.359999895095825,2.369999885559082,786100,0.0,0.0
2022-08-18 00:00:00-04:00,2.299999952316284,2.5799999237060547,2.2799999713897705,2.569999933242798,711900,0.0,0.0
2022-08-19 00:00:00-04:00,2.5,2.509999990463257,2.3610000610351562,2.390000104904175,427400,0.0,0.0
2022-08-22 00:00:00-04:00,2.380000114440918,2.4749999046325684,2.319999933242798,2.450000047683716,1364600,0.0,0.0
2022-08-23 00:00:00-04:00,2.450000047683716,2.6500000953674316,2.440000057220459,2.5999999046325684,843700,0.0,0.0
2022-08-24 00:00:00-04:00,2.559999942779541,2.859999895095825,2.559999942779541,2.819999933242798,1198700,0.0,0.0
2022-08-25 00:00:00-04:00,2.819999933242798,2.9700000286102295,2.680000066757202,2.9100000858306885,1778600,0.0,0.0
2022-08-26 00:00:00-04:00,2.930000066757202,3.0,2.8350000381469727,2.9600000381469727,1209100,0.0,0.0
2022-08-29 00:00:00-04:00,2.930000066757202,3.447000026702881,2.930000066757202,3.259999990463257,4451600,0.0,0.0
2022-08-30 00:00:00-04:00,3.25,3.259999990463257,3.1449999809265137,3.200000047683716,1347900,0.0,0.0
2022-08-31 00:00:00-04:00,3.0999999046325684,3.3299999237060547,3.059999942779541,3.319999933242798,1002300,0.0,0.0
2022-09-01 00:00:00-04:00,3.2100000381469727,3.2200000286102295,3.069999933242798,3.119999885559082,795000,0.0,0.0
2022-09-02 00:00:00-04:00,3.190000057220459,3.4100000858306885,3.0999999046325684,3.380000114440918,1283500,0.0,0.0
2022-09-06 00:00:00-04:00,3.3299999237060547,3.559999942779541,3.259999990463257,3.259999990463257,1641500,0.0,0.0
2022-09-07 00:00:00-04:00,3.2100000381469727,3.2990000247955322,3.0899999141693115,3.0999999046325684,828300,0.0,0.0
2022-09-08 00:00:00-04:00,3.0999999046325684,3.1600000858306885,3.0399999618530273,3.130000114440918,890100,0.0,0.0
2022-09-09 00:00:00-04:00,3.1700000762939453,3.380000114440918,3.1600000858306885,3.3299999237060547,914400,0.0,0.0
2022-09-12 00:00:00-04:00,3.359999895095825,3.380000114440918,3.1600000858306885,3.200000047683716,723200,0.0,0.0
2022-09-13 00:00:00-04:00,3.109999895095825,3.2799999713897705,3.0999999046325684,3.119999885559082,631700,0.0,0.0
2022-09-14 00:00:00-04:00,3.069999933242798,3.2300000190734863,3.069999933242798,3.119999885559082,538900,0.0,0.0
2022-09-15 00:00:00-04:00,3.0899999141693115,3.1500000953674316,2.880000114440918,2.9100000858306885,849000,0.0,0.0
2022-09-16 00:00:00-04:00,2.8499999046325684,2.869999885559082,2.7100000381469727,2.8499999046325684,757900,0.0,0.0
2022-09-19 00:00:00-04:00,2.7799999713897705,2.890000104904175,2.759999990463257,2.869999885559082,389200,0.0,0.0
2022-09-20 00:00:00-04:00,2.8299999237060547,2.990000009536743,2.7699999809265137,2.9700000286102295,433800,0.0,0.0
2022-09-21 00:00:00-04:00,2.990000009536743,2.994999885559082,2.8399999141693115,2.8499999046325684,321800,0.0,0.0
2022-09-22 00:00:00-04:00,2.8399999141693115,2.875,2.7699999809265137,2.7899999618530273,434800,0.0,0.0
2022-09-23 00:00:00-04:00,2.700000047683716,2.7209999561309814,2.4800000190734863,2.490000009536743,660100,0.0,0.0
2022-09-26 00:00:00-04:00,2.440000057220459,2.6500000953674316,2.440000057220459,2.4549999237060547,535400,0.0,0.0
2022-09-27 00:00:00-04:00,2.5,2.6700000762939453,2.490000009536743,2.640000104904175,491900,0.0,0.0
2022-09-28 00:00:00-04:00,2.6600000858306885,2.9100000858306885,2.6500000953674316,2.880000114440918,618100,0.0,0.0
2022-09-29 00:00:00-04:00,2.859999895095825,2.859999895095825,2.640000104904175,2.6600000858306885,483500,0.0,0.0
2022-09-30 00:00:00-04:00,2.609999895095825,2.734999895095825,2.5999999046325684,2.6700000762939453,232500,0.0,0.0
2022-10-03 00:00:00-04:00,2.6500000953674316,2.8499999046325684,2.6500000953674316,2.8299999237060547,456900,0.0,0.0
2022-10-04 00:00:00-04:00,2.869999885559082,2.984999895095825,2.809999942779541,2.9200000762939453,770000,0.0,0.0
2022-10-05 00:00:00-04:00,2.880000114440918,2.9000000953674316,2.799999952316284,2.859999895095825,326700,0.0,0.0
2022-10-06 00:00:00-04:00,2.8399999141693115,3.0,2.8399999141693115,2.9700000286102295,411600,0.0,0.0
2022-10-07 00:00:00-04:00,2.950000047683716,2.9600000381469727,2.8299999237060547,2.8499999046325684,504500,0.0,0.0
2022-10-10 00:00:00-04:00,2.8499999046325684,2.9700000286102295,2.690000057220459,2.7300000190734863,439400,0.0,0.0
2022-10-11 00:00:00-04:00,2.680000066757202,2.805000066757202,2.6600000858306885,2.7699999809265137,584200,0.0,0.0
2022-10-12 00:00:00-04:00,2.75,2.75,2.5299999713897705,2.549999952316284,436500,0.0,0.0
2022-10-13 00:00:00-04:00,2.5,2.549999952316284,2.390000104904175,2.4600000381469727,916500,0.0,0.0
2022-10-14 00:00:00-04:00,2.4600000381469727,2.484999895095825,2.2249999046325684,2.2300000190734863,943000,0.0,0.0
2022-10-17 00:00:00-04:00,2.2899999618530273,2.4600000381469727,2.2799999713897705,2.440000057220459,542900,0.0,0.0
2022-10-18 00:00:00-04:00,2.5,2.5899999141693115,2.490000009536743,2.5199999809265137,427700,0.0,0.0
2022-10-19 00:00:00-04:00,2.490000009536743,2.630000114440918,2.4700000286102295,2.5,550300,0.0,0.0
2022-10-20 00:00:00-04:00,2.5,2.5799999237060547,2.365000009536743,2.390000104904175,524700,0.0,0.0
2022-10-21 00:00:00-04:00,2.380000114440918,2.4700000286102295,2.2750000953674316,2.430000066757202,566900,0.0,0.0
2022-10-24 00:00:00-04:00,2.440000057220459,2.440000057220459,2.325000047683716,2.4000000953674316,362500,0.0,0.0
2022-10-25 00:00:00-04:00,2.4000000953674316,2.4800000190734863,2.2750000953674316,2.299999952316284,1406700,0.0,0.0
2022-10-26 00:00:00-04:00,2.259999990463257,2.4200000762939453,2.25,2.359999895095825,316400,0.0,0.0
2022-10-27 00:00:00-04:00,2.359999895095825,2.4100000858306885,2.1649999618530273,2.259999990463257,811100,0.0,0.0
2022-10-28 00:00:00-04:00,2.25,2.319999933242798,2.140000104904175,2.240000009536743,512800,0.0,0.0
2022-10-31 00:00:00-04:00,2.2200000286102295,2.240000009536743,1.9800000190734863,1.9900000095367432,1261600,0.0,0.0
2022-11-01 00:00:00-04:00,2.0399999618530273,2.049999952316284,1.7200000286102295,1.7300000190734863,1812500,0.0,0.0
2022-11-02 00:00:00-04:00,1.7300000190734863,1.75,1.5950000286102295,1.600000023841858,1203800,0.0,0.0
2022-11-03 00:00:00-04:00,1.559999942779541,1.690000057220459,1.5299999713897705,1.659999966621399,1192900,0.0,0.0
2022-11-04 00:00:00-04:00,1.7400000095367432,1.7699999809265137,1.6749999523162842,1.7200000286102295,814600,0.0,0.0
2022-11-07 00:00:00-05:00,1.690000057220459,1.7209999561309814,1.6200000047683716,1.649999976158142,556500,0.0,0.0
2022-11-08 00:00:00-05:00,1.690000057220459,1.7000000476837158,1.6200000047683716,1.6799999475479126,758100,0.0,0.0
2022-11-09 00:00:00-05:00,1.6799999475479126,1.6799999475479126,1.5099999904632568,1.5199999809265137,649100,0.0,0.0
2022-11-10 00:00:00-05:00,1.6100000143051147,1.7109999656677246,1.590000033378601,1.690000057220459,602000,0.0,0.0
2022-11-11 00:00:00-05:00,1.7200000286102295,1.809999942779541,1.6649999618530273,1.7300000190734863,479500,0.0,0.0
2022-11-14 00:00:00-05:00,1.7000000476837158,1.875,1.7000000476837158,1.7300000190734863,695500,0.0,0.0
2022-11-15 00:00:00-05:00,1.7000000476837158,1.8300000429153442,1.659999966621399,1.7899999618530273,1043000,0.0,0.0
2022-11-16 00:00:00-05:00,1.7999999523162842,1.809000015258789,1.6349999904632568,1.6699999570846558,701800,0.0,0.0
2022-11-17 00:00:00-05:00,1.6299999952316284,1.649999976158142,1.5750000476837158,1.6399999856948853,481200,0.0,0.0
2022-11-18 00:00:00-05:00,1.6299999952316284,1.659999966621399,1.590000033378601,1.6299999952316284,254400,0.0,0.0
2022-11-21 00:00:00-05:00,1.6799999475479126,1.690000057220459,1.5499999523162842,1.600000023841858,1452100,0.0,0.0
2022-11-22 00:00:00-05:00,1.600000023841858,1.7610000371932983,1.600000023841858,1.7100000381469727,972600,0.0,0.0
2022-11-23 00:00:00-05:00,1.7000000476837158,1.7200000286102295,1.659999966621399,1.7200000286102295,277700,0.0,0.0
2022-11-25 00:00:00-05:00,1.7200000286102295,1.7699999809265137,1.7009999752044678,1.7599999904632568,187700,0.0,0.0
2022-11-28 00:00:00-05:00,1.7100000381469727,1.7300000190734863,1.6299999952316284,1.6399999856948853,313500,0.0,0.0
2022-11-29 00:00:00-05:00,1.6399999856948853,1.690000057220459,1.6399999856948853,1.6399999856948853,277900,0.0,0.0
2022-11-30 00:00:00-05:00,1.6799999475479126,1.6799999475479126,1.340000033378601,1.5099999904632568,2247200,0.0,0.0
2022-12-01 00:00:00-05:00,1.5199999809265137,1.5579999685287476,1.4299999475479126,1.440000057220459,427700,0.0,0.0
2022-12-02 00:00:00-05:00,1.4500000476837158,1.4900000095367432,1.3700000047683716,1.440000057220459,415200,0.0,0.0
2022-12-05 00:00:00-05:00,1.4500000476837158,1.49399995803833,1.3200000524520874,1.340000033378601,929000,0.0,0.0
2022-12-06 00:00:00-05:00,1.3600000143051147,1.399999976158142,1.3300000429153442,1.3600000143051147,481800,0.0,0.0
2022-12-07 00:00:00-05:00,1.340000033378601,1.3990000486373901,1.3200000524520874,1.3200000524520874,507400,0.0,0.0
2022-12-08 00:00:00-05:00,1.3200000524520874,1.350000023841858,1.2300000190734863,1.25,493800,0.0,0.0
2022-12-09 00:00:00-05:00,1.25,1.2999999523162842,1.2200000286102295,1.2799999713897705,405900,0.0,0.0
2022-12-12 00:00:00-05:00,1.2599999904632568,1.4500000476837158,1.25,1.409999966621399,467000,0.0,0.0
2022-12-13 00:00:00-05:00,1.4700000286102295,1.5,1.409999966621399,1.4700000286102295,335300,0.0,0.0
2022-12-14 00:00:00-05:00,1.4600000381469727,1.4900000095367432,1.350000023841858,1.350000023841858,372700,0.0,0.0
2022-12-15 00:00:00-05:00,1.3200000524520874,1.340000033378601,1.2200000286102295,1.2300000190734863,391100,0.0,0.0
2022-12-16 00:00:00-05:00,1.2100000381469727,1.2599999904632568,1.159999966621399,1.2200000286102295,619100,0.0,0.0
2022-12-19 00:00:00-05:00,1.2200000286102295,1.2599999904632568,1.1699999570846558,1.1799999475479126,274900,0.0,0.0
2022-12-20 00:00:00-05:00,1.1799999475479126,1.25,1.159999966621399,1.2100000381469727,216200,0.0,0.0
2022-12-21 00:00:00-05:00,1.2699999809265137,1.3200000524520874,1.2200000286102295,1.2899999618530273,322800,0.0,0.0
2022-12-22 00:00:00-05:00,1.2899999618530273,1.2899999618530273,1.1799999475479126,1.2100000381469727,196900,0.0,0.0
2022-12-23 00:00:00-05:00,1.2100000381469727,1.2999999523162842,1.2100000381469727,1.2899999618530273,220400,0.0,0.0
2022-12-27 00:00:00-05:00,1.2799999713897705,1.3200000524520874,1.2000000476837158,1.2000000476837158,202700,0.0,0.0
2022-12-28 00:00:00-05:00,1.1799999475479126,1.25,1.149999976158142,1.159999966621399,377500,0.0,0.0
2022-12-29 00:00:00-05:00,1.159999966621399,1.2599999904632568,1.149999976158142,1.2200000286102295,305700,0.0,0.0
2022-12-30 00:00:00-05:00,1.2300000190734863,1.3300000429153442,1.2100000381469727,1.3200000524520874,355700,0.0,0.0
2023-01-03 00:00:00-05:00,1.340000033378601,1.3899999856948853,1.2100000381469727,1.2300000190734863,255300,0.0,0.0
2023-01-04 00:00:00-05:00,1.25,1.2599999904632568,1.190000057220459,1.2300000190734863,322500,0.0,0.0
2023-01-05 00:00:00-05:00,1.2300000190734863,1.2599999904632568,1.2100000381469727,1.2400000095367432,148900,0.0,0.0
2023-01-06 00:00:00-05:00,1.2699999809265137,1.3600000143051147,1.2599999904632568,1.340000033378601,342100,0.0,0.0
2023-01-09 00:00:00-05:00,1.350000023841858,1.399999976158142,1.340000033378601,1.350000023841858,182400,0.0,0.0
2023-01-10 00:00:00-05:00,1.3700000047683716,1.4800000190734863,1.340000033378601,1.440000057220459,212600,0.0,0.0
2023-01-11 00:00:00-05:00,1.4600000381469727,1.5700000524520874,1.4079999923706055,1.4600000381469727,372600,0.0,0.0
2023-01-12 00:00:00-05:00,1.4600000381469727,1.5449999570846558,1.4299999475479126,1.5399999618530273,184400,0.0,0.0
2023-01-13 00:00:00-05:00,1.5299999713897705,1.600000023841858,1.4600000381469727,1.5800000429153442,349200,0.0,0.0
2023-01-17 00:00:00-05:00,1.5800000429153442,1.6399999856948853,1.5399999618530273,1.590000033378601,204400,0.0,0.0
2023-01-18 00:00:00-05:00,1.6399999856948853,1.6399999856948853,1.4800000190734863,1.5099999904632568,303400,0.0,0.0
2023-01-19 00:00:00-05:00,1.5099999904632568,1.5099999904632568,1.4500000476837158,1.4600000381469727,168500,0.0,0.0
2023-01-20 00:00:00-05:00,1.4900000095367432,1.5299999713897705,1.4600000381469727,1.5,243000,0.0,0.0
2023-01-23 00:00:00-05:00,1.5199999809265137,1.5299999713897705,1.409000039100647,1.4600000381469727,449000,0.0,0.0
2023-01-24 00:00:00-05:00,1.5099999904632568,1.559999942779541,1.440000057220459,1.5499999523162842,302700,0.0,0.0
2023-01-25 00:00:00-05:00,1.5499999523162842,1.7100000381469727,1.5,1.690000057220459,589200,0.0,0.0
2023-01-26 00:00:00-05:00,1.7699999809265137,1.7699999809265137,1.6449999809265137,1.75,738900,0.0,0.0
2023-01-27 00:00:00-05:00,1.75,1.75,1.6100000143051147,1.6699999570846558,416200,0.0,0.0
2023-01-30 00:00:00-05:00,1.6799999475479126,1.6799999475479126,1.5099999904632568,1.5399999618530273,257400,0.0,0.0
2023-01-31 00:00:00-05:00,1.5399999618530273,1.6200000047683716,1.5,1.5499999523162842,272100,0.0,0.0
2023-02-01 00:00:00-05:00,1.5199999809265137,1.6399999856948853,1.5199999809265137,1.6100000143051147,163500,0.0,0.0
2023-02-02 00:00:00-05:00,1.6200000047683716,1.7100000381469727,1.5800000429153442,1.6699999570846558,435300,0.0,0.0
2023-02-03 00:00:00-05:00,1.649999976158142,1.840000033378601,1.649999976158142,1.7200000286102295,476100,0.0,0.0
2023-02-06 00:00:00-05:00,1.7200000286102295,1.7300000190734863,1.6200000047683716,1.659999966621399,259000,0.0,0.0
2023-02-07 00:00:00-05:00,1.659999966621399,1.718000054359436,1.6299999952316284,1.690000057220459,249200,0.0,0.0
2023-02-08 00:00:00-05:00,1.6699999570846558,1.7200000286102295,1.5099999904632568,1.5199999809265137,420400,0.0,0.0
2023-02-09 00:00:00-05:00,1.5700000524520874,1.5800000429153442,1.5,1.5,259100,0.0,0.0
2023-02-10 00:00:00-05:00,1.5,1.5700000524520874,1.4429999589920044,1.5299999713897705,160300,0.0,0.0
2023-02-13 00:00:00-05:00,1.5099999904632568,1.5499999523162842,1.4500000476837158,1.4700000286102295,156200,0.0,0.0
2023-02-14 00:00:00-05:00,1.5199999809265137,1.6200000047683716,1.4500000476837158,1.6100000143051147,206100,0.0,0.0
2023-02-15 00:00:00-05:00,1.600000023841858,1.690000057220459,1.600000023841858,1.659999966621399,182600,0.0,0.0
2023-02-16 00:00:00-05:00,1.659999966621399,1.8700000047683716,1.6299999952316284,1.7200000286102295,484800,0.0,0.0
2023-02-17 00:00:00-05:00,1.7300000190734863,1.7300000190734863,1.659999966621399,1.7100000381469727,154600,0.0,0.0
2023-02-21 00:00:00-05:00,1.690000057220459,1.690000057220459,1.5099999904632568,1.5549999475479126,245800,0.0,0.0
2023-02-22 00:00:00-05:00,1.5499999523162842,1.600000023841858,1.5199999809265137,1.5499999523162842,138000,0.0,0.0
2023-02-23 00:00:00-05:00,1.559999942779541,1.6100000143051147,1.559999942779541,1.600000023841858,203400,0.0,0.0
2023-02-24 00:00:00-05:00,1.5499999523162842,1.6100000143051147,1.5499999523162842,1.559999942779541,106600,0.0,0.0
2023-02-27 00:00:00-05:00,1.600000023841858,1.649999976158142,1.5800000429153442,1.625,175400,0.0,0.0
2023-02-28 00:00:00-05:00,1.6399999856948853,1.649999976158142,1.5800000429153442,1.6299999952316284,95500,0.0,0.0
2023-03-01 00:00:00-05:00,1.649999976158142,1.690000057220459,1.6100000143051147,1.6699999570846558,132400,0.0,0.0
2023-03-02 00:00:00-05:00,1.649999976158142,1.659999966621399,1.559999942779541,1.5800000429153442,93600,0.0,0.0
2023-03-03 00:00:00-05:00,1.590000033378601,1.649999976158142,1.5800000429153442,1.6399999856948853,87700,0.0,0.0
2023-03-06 00:00:00-05:00,1.6699999570846558,1.6699999570846558,1.559999942779541,1.5800000429153442,132900,0.0,0.0
2023-03-07 00:00:00-05:00,1.5700000524520874,1.5700000524520874,1.4700000286102295,1.4700000286102295,189900,0.0,0.0
2023-03-08 00:00:00-05:00,1.4600000381469727,1.5,1.4199999570846558,1.4700000286102295,178100,0.0,0.0
2023-03-09 00:00:00-05:00,1.4600000381469727,1.5399999618530273,1.4600000381469727,1.465000033378601,128000,0.0,0.0
2023-03-10 00:00:00-05:00,1.4900000095367432,1.4900000095367432,1.3899999856948853,1.440000057220459,342700,0.0,0.0
2023-03-13 00:00:00-04:00,1.399999976158142,1.4199999570846558,1.350000023841858,1.3600000143051147,166000,0.0,0.0
2023-03-14 00:00:00-04:00,1.4299999475479126,1.4500000476837158,1.3700000047683716,1.399999976158142,254700,0.0,0.0
2023-03-15 00:00:00-04:00,1.309999942779541,1.3799999952316284,1.2799999713897705,1.3300000429153442,352200,0.0,0.0
2023-03-16 00:00:00-04:00,1.3300000429153442,1.3799999952316284,1.3300000429153442,1.3600000143051147,134400,0.0,0.0
2023-03-17 00:00:00-04:00,1.3700000047683716,1.3899999856948853,1.340000033378601,1.340000033378601,163800,0.0,0.0
2023-03-20 00:00:00-04:00,1.350000023841858,1.350000023841858,1.25,1.2699999809265137,410600,0.0,0.0
2023-03-21 00:00:00-04:00,1.2699999809265137,1.350000023841858,1.2699999809265137,1.2899999618530273,146200,0.0,0.0
2023-03-22 00:00:00-04:00,1.2899999618530273,1.350000023841858,1.2699999809265137,1.309999942779541,90700,0.0,0.0
2023-03-23 00:00:00-04:00,1.350000023841858,1.3600000143051147,1.2599999904632568,1.2899999618530273,112600,0.0,0.0
2023-03-24 00:00:00-04:00,1.2999999523162842,1.3200000524520874,1.2599999904632568,1.309999942779541,102200,0.0,0.0
2023-03-27 00:00:00-04:00,1.3300000429153442,1.340000033378601,1.2899999618530273,1.340000033378601,44600,0.0,0.0
2023-03-28 00:00:00-04:00,1.340000033378601,1.3799999952316284,1.309999942779541,1.3300000429153442,105500,0.0,0.0
2023-03-29 00:00:00-04:00,1.340000033378601,1.350000023841858,1.281000018119812,1.340000033378601,108300,0.0,0.0
2023-03-30 00:00:00-04:00,1.340000033378601,1.4299999475479126,1.340000033378601,1.409999966621399,216900,0.0,0.0
2023-03-31 00:00:00-04:00,1.4500000476837158,1.5759999752044678,1.440000057220459,1.5,424600,0.0,0.0
2023-04-03 00:00:00-04:00,1.5,1.5,1.350000023841858,1.3899999856948853,368600,0.0,0.0
2023-04-04 00:00:00-04:00,1.3700000047683716,1.3799999952316284,1.2899999618530273,1.3600000143051147,170900,0.0,0.0
2023-04-05 00:00:00-04:00,1.340000033378601,1.399999976158142,1.2999999523162842,1.3300000429153442,250100,0.0,0.0
2023-04-06 00:00:00-04:00,1.309999942779541,1.340000033378601,1.2999999523162842,1.3300000429153442,167900,0.0,0.0
2023-04-10 00:00:00-04:00,1.3300000429153442,1.340000033378601,1.2599999904632568,1.3350000381469727,312600,0.0,0.0
2023-04-11 00:00:00-04:00,1.3300000429153442,1.350000023841858,1.2000000476837158,1.2400000095367432,794400,0.0,0.0
2023-04-12 00:00:00-04:00,1.2799999713897705,1.2999999523162842,1.2400000095367432,1.274999976158142,317500,0.0,0.0
2023-04-13 00:00:00-04:00,1.2899999618530273,1.2999999523162842,1.25,1.2999999523162842,170100,0.0,0.0
2023-04-14 00:00:00-04:00,1.2999999523162842,1.2999999523162842,1.2020000219345093,1.2699999809265137,388900,0.0,0.0
2023-04-17 00:00:00-04:00,1.2899999618530273,1.3300000429153442,1.25,1.2899999618530273,160400,0.0,0.0
2023-04-18 00:00:00-04:00,1.2899999618530273,1.2999999523162842,1.2300000190734863,1.2899999618530273,123300,0.0,0.0
2023-04-19 00:00:00-04:00,1.2699999809265137,1.2899999618530273,1.2519999742507935,1.2899999618530273,53900,0.0,0.0
2023-04-20 00:00:00-04:00,1.2699999809265137,1.2899999618530273,1.2599999904632568,1.2799999713897705,103900,0.0,0.0
2023-04-21 00:00:00-04:00,1.2699999809265137,1.2699999809265137,1.25,1.25,107500,0.0,0.0
2023-04-24 00:00:00-04:00,1.2599999904632568,1.2619999647140503,1.149999976158142,1.2100000381469727,327900,0.0,0.0
2023-04-25 00:00:00-04:00,1.2000000476837158,1.2100000381469727,1.159999966621399,1.2100000381469727,167400,0.0,0.0
2023-04-26 00:00:00-04:00,1.2000000476837158,1.215000033378601,1.1699999570846558,1.2000000476837158,156700,0.0,0.0
2023-04-27 00:00:00-04:00,1.2000000476837158,1.2000000476837158,1.100000023841858,1.149999976158142,370600,0.0,0.0
2023-04-28 00:00:00-04:00,1.149999976158142,1.159000039100647,1.090000033378601,1.1100000143051147,219000,0.0,0.0
2023-05-01 00:00:00-04:00,1.090000033378601,1.1699999570846558,1.0399999618530273,1.1399999856948853,415000,0.0,0.0
2023-05-02 00:00:00-04:00,1.149999976158142,1.2699999809265137,1.100000023841858,1.2599999904632568,408500,0.0,0.0
2023-05-03 00:00:00-04:00,1.2400000095367432,1.350000023841858,1.2100000381469727,1.3300000429153442,543100,0.0,0.0
2023-05-04 00:00:00-04:00,1.3200000524520874,1.3600000143051147,1.2599999904632568,1.3200000524520874,242500,0.0,0.0
2023-05-05 00:00:00-04:00,1.3300000429153442,1.4600000381469727,1.2999999523162842,1.440000057220459,236300,0.0,0.0
2023-05-08 00:00:00-04:00,1.409999966621399,1.5800000429153442,1.3700000047683716,1.5099999904632568,459500,0.0,0.0
2023-05-09 00:00:00-04:00,1.5,1.5,1.409999966621399,1.4600000381469727,170500,0.0,0.0
2023-05-10 00:00:00-04:00,1.4700000286102295,1.6100000143051147,1.4479999542236328,1.6100000143051147,285200,0.0,0.0
2023-05-11 00:00:00-04:00,1.590000033378601,1.593000054359436,1.4700000286102295,1.5299999713897705,173800,0.0,0.0
2023-05-12 00:00:00-04:00,1.5099999904632568,1.559999942779541,1.4500000476837158,1.4900000095367432,92400,0.0,0.0
2023-05-15 00:00:00-04:00,1.5099999904632568,1.5299999713897705,1.4700000286102295,1.5099999904632568,89000,0.0,0.0
2023-05-16 00:00:00-04:00,1.4199999570846558,1.5,1.4199999570846558,1.4800000190734863,156000,0.0,0.0
2023-05-17 00:00:00-04:00,1.4500000476837158,1.5299999713897705,1.440000057220459,1.4900000095367432,182300,0.0,0.0
2023-05-18 00:00:00-04:00,1.4900000095367432,1.5299999713897705,1.4600000381469727,1.5299999713897705,108000,0.0,0.0
2023-05-19 00:00:00-04:00,1.5499999523162842,1.5499999523162842,1.4299999475479126,1.4500000476837158,92100,0.0,0.0
2023-05-22 00:00:00-04:00,1.4500000476837158,1.5800000429153442,1.4199999570846558,1.559999942779541,266800,0.0,0.0
2023-05-23 00:00:00-04:00,1.5499999523162842,1.6100000143051147,1.5399999618530273,1.5499999523162842,167700,0.0,0.0
2023-05-24 00:00:00-04:00,1.5700000524520874,1.590000033378601,1.5199999809265137,1.590000033378601,137300,0.0,0.0
2023-05-25 00:00:00-04:00,1.600000023841858,1.600000023841858,1.4800000190734863,1.5099999904632568,233500,0.0,0.0
2023-05-26 00:00:00-04:00,1.5099999904632568,1.559999942779541,1.4500000476837158,1.4500000476837158,194300,0.0,0.0
2023-05-30 00:00:00-04:00,1.440000057220459,1.4900000095367432,1.3600000143051147,1.399999976158142,241600,0.0,0.0
2023-05-31 00:00:00-04:00,1.3799999952316284,1.4900000095367432,1.3799999952316284,1.4199999570846558,163900,0.0,0.0
2023-06-01 00:00:00-04:00,1.4500000476837158,1.5700000524520874,1.440000057220459,1.5399999618530273,216300,0.0,0.0
2023-06-02 00:00:00-04:00,1.5499999523162842,1.6299999952316284,1.5399999618530273,1.6200000047683716,221200,0.0,0.0
2023-06-05 00:00:00-04:00,1.590000033378601,1.7000000476837158,1.5399999618530273,1.659999966621399,230300,0.0,0.0
2023-06-06 00:00:00-04:00,1.659999966621399,1.7400000095367432,1.659999966621399,1.7200000286102295,198200,0.0,0.0
2023-06-07 00:00:00-04:00,1.7200000286102295,1.809999942779541,1.6799999475479126,1.7400000095367432,265200,0.0,0.0
2023-06-08 00:00:00-04:00,1.7100000381469727,1.7799999713897705,1.690000057220459,1.7100000381469727,121100,0.0,0.0
2023-06-09 00:00:00-04:00,1.7100000381469727,1.7400000095367432,1.659999966621399,1.725000023841858,119700,0.0,0.0
2023-06-12 00:00:00-04:00,1.7100000381469727,1.7799999713897705,1.659999966621399,1.7699999809265137,186600,0.0,0.0
2023-06-13 00:00:00-04:00,1.7599999904632568,1.850000023841858,1.75,1.7799999713897705,240000,0.0,0.0
2023-06-14 00:00:00-04:00,1.7899999618530273,1.7999999523162842,1.7200000286102295,1.7200000286102295,210400,0.0,0.0
2023-06-15 00:00:00-04:00,1.7100000381469727,1.8489999771118164,1.7100000381469727,1.7599999904632568,253500,0.0,0.0
2023-06-16 00:00:00-04:00,1.7400000095367432,1.899999976158142,1.7400000095367432,1.8700000047683716,476900,0.0,0.0
2023-06-20 00:00:00-04:00,1.940000057220459,2.1600000858306885,1.8799999952316284,1.9700000286102295,612900,0.0,0.0
2023-06-21 00:00:00-04:00,1.9800000190734863,2.069999933242798,1.8799999952316284,2.0299999713897705,386200,0.0,0.0
2023-06-22 00:00:00-04:00,2.049999952316284,2.049999952316284,1.9700000286102295,1.9800000190734863,243100,0.0,0.0
2023-06-23 00:00:00-04:00,1.9199999570846558,2.049999952316284,1.899999976158142,2.0299999713897705,369800,0.0,0.0
2023-06-26 00:00:00-04:00,2.0299999713897705,2.109999895095825,2.0199999809265137,2.049999952316284,287700,0.0,0.0
2023-06-27 00:00:00-04:00,2.0199999809265137,2.0260000228881836,1.6679999828338623,1.8300000429153442,786400,0.0,0.0
2023-06-28 00:00:00-04:00,1.8700000047683716,1.9800000190734863,1.7999999523162842,1.934999942779541,378900,0.0,0.0
2023-06-29 00:00:00-04:00,1.940000057220459,2.0899999141693115,1.8899999856948853,2.049999952316284,336100,0.0,0.0
2023-06-30 00:00:00-04:00,2.0899999141693115,2.0920000076293945,1.9390000104904175,1.9600000381469727,282200,0.0,0.0
2023-07-03 00:00:00-04:00,2.0,2.0399999618530273,1.9049999713897705,2.0399999618530273,174200,0.0,0.0
2023-07-05 00:00:00-04:00,2.0999999046325684,2.0999999046325684,1.8700000047683716,1.899999976158142,207400,0.0,0.0
2023-07-06 00:00:00-04:00,1.8899999856948853,1.9500000476837158,1.815000057220459,1.909999966621399,200000,0.0,0.0
2023-07-07 00:00:00-04:00,1.8799999952316284,1.9170000553131104,1.840000033378601,1.8600000143051147,118700,0.0,0.0
2023-07-10 00:00:00-04:00,1.840000033378601,1.8799999952316284,1.8200000524520874,1.8600000143051147,159900,0.0,0.0
2023-07-11 00:00:00-04:00,1.850000023841858,1.9500000476837158,1.8300000429153442,1.9299999475479126,131500,0.0,0.0
2023-07-12 00:00:00-04:00,1.9900000095367432,2.0899999141693115,1.934999942779541,2.059999942779541,400300,0.0,0.0
2023-07-13 00:00:00-04:00,2.0899999141693115,2.119999885559082,1.8700000047683716,1.8899999856948853,367700,0.0,0.0
2023-07-14 00:00:00-04:00,1.899999976158142,1.9900000095367432,1.850000023841858,1.9600000381469727,225500,0.0,0.0
2023-07-17 00:00:00-04:00,1.9800000190734863,2.0399999618530273,1.940000057220459,1.9700000286102295,136600,0.0,0.0
2023-07-18 00:00:00-04:00,1.9600000381469727,2.0,1.9199999570846558,1.9500000476837158,126800,0.0,0.0
2023-07-19 00:00:00-04:00,1.9299999475479126,2.0,1.8799999952316284,1.9299999475479126,155500,0.0,0.0
2023-07-20 00:00:00-04:00,1.899999976158142,1.9299999475479126,1.8899999856948853,1.899999976158142,125600,0.0,0.0
2023-07-21 00:00:00-04:00,1.940000057220459,2.049999952316284,1.8700000047683716,2.0399999618530273,265100,0.0,0.0
2023-07-24 00:00:00-04:00,2.0399999618530273,2.0399999618530273,1.9199999570846558,1.940000057220459,193900,0.0,0.0
2023-07-25 00:00:00-04:00,1.9600000381469727,2.0,1.940000057220459,1.9700000286102295,115800,0.0,0.0
2023-07-26 00:00:00-04:00,1.9700000286102295,1.9700000286102295,1.7699999809265137,1.850000023841858,316100,0.0,0.0
2023-07-27 00:00:00-04:00,1.850000023841858,1.8860000371932983,1.7999999523162842,1.809999942779541,149000,0.0,0.0
2023-07-28 00:00:00-04:00,1.7999999523162842,1.8799999952316284,1.7999999523162842,1.850000023841858,115400,0.0,0.0
2023-07-31 00:00:00-04:00,1.850000023841858,1.940000057220459,1.850000023841858,1.9199999570846558,103900,0.0,0.0
2023-08-01 00:00:00-04:00,1.9199999570846558,1.940000057220459,1.8700000047683716,1.8899999856948853,91300,0.0,0.0
2023-08-02 00:00:00-04:00,1.909999966621399,1.909999966621399,1.8300000429153442,1.8600000143051147,68700,0.0,0.0
2023-08-03 00:00:00-04:00,1.8600000143051147,1.8799999952316284,1.8200000524520874,1.8600000143051147,102600,0.0,0.0
2023-08-04 00:00:00-04:00,1.840000033378601,1.8700000047683716,1.7899999618530273,1.7899999618530273,131200,0.0,0.0
2023-08-07 00:00:00-04:00,1.7799999713897705,1.850000023841858,1.7799999713897705,1.8300000429153442,119100,0.0,0.0
2023-08-08 00:00:00-04:00,1.7999999523162842,1.840000033378601,1.7599999904632568,1.7999999523162842,146500,0.0,0.0
2023-08-09 00:00:00-04:00,1.7999999523162842,1.8300000429153442,1.7000000476837158,1.7599999904632568,183200,0.0,0.0
2023-08-10 00:00:00-04:00,1.7899999618530273,1.8200000524520874,1.7100000381469727,1.7300000190734863,93900,0.0,0.0
2023-08-11 00:00:00-04:00,1.75,1.7699999809265137,1.7239999771118164,1.75,99900,0.0,0.0
2023-08-14 00:00:00-04:00,1.7200000286102295,1.7999999523162842,1.7200000286102295,1.7400000095367432,158900,0.0,0.0
2023-08-15 00:00:00-04:00,1.7000000476837158,1.7400000095367432,1.2699999809265137,1.350000023841858,614300,0.0,0.0
2023-08-16 00:00:00-04:00,1.3700000047683716,1.649999976158142,1.3300000429153442,1.5099999904632568,654800,0.0,0.0
2023-08-17 00:00:00-04:00,1.5099999904632568,1.5199999809265137,1.350000023841858,1.3600000143051147,210700,0.0,0.0
2023-08-18 00:00:00-04:00,1.3600000143051147,1.3899999856948853,1.3550000190734863,1.3700000047683716,154100,0.0,0.0
2023-08-21 00:00:00-04:00,1.3600000143051147,1.4320000410079956,1.3600000143051147,1.3899999856948853,135300,0.0,0.0
2023-08-22 00:00:00-04:00,1.409999966621399,1.440000057220459,1.3799999952316284,1.3799999952316284,262200,0.0,0.0
2023-08-23 00:00:00-04:00,1.3700000047683716,1.4199999570846558,1.350000023841858,1.3600000143051147,105200,0.0,0.0
2023-08-24 00:00:00-04:00,1.340000033378601,1.3600000143051147,1.309999942779541,1.3300000429153442,113100,0.0,0.0
2023-08-25 00:00:00-04:00,1.3300000429153442,1.3600000143051147,1.2899999618530273,1.2999999523162842,114000,0.0,0.0
2023-08-28 00:00:00-04:00,1.309999942779541,1.378999948501587,1.2599999904632568,1.2599999904632568,133100,0.0,0.0
2023-08-29 00:00:00-04:00,1.2799999713897705,1.409999966621399,1.2799999713897705,1.3600000143051147,235200,0.0,0.0
2023-08-30 00:00:00-04:00,1.3300000429153442,1.3700000047683716,1.2999999523162842,1.2999999523162842,142200,0.0,0.0
2023-08-31 00:00:00-04:00,1.3200000524520874,1.340000033378601,1.3200000524520874,1.3200000524520874,121800,0.0,0.0
2023-09-01 00:00:00-04:00,1.350000023841858,1.3700000047683716,1.350000023841858,1.3600000143051147,140900,0.0,0.0
2023-09-05 00:00:00-04:00,1.3799999952316284,1.3799999952316284,1.2899999618530273,1.309999942779541,193300,0.0,0.0
2023-09-06 00:00:00-04:00,1.3049999475479126,1.3200000524520874,1.2899999618530273,1.2999999523162842,111500,0.0,0.0
2023-09-07 00:00:00-04:00,1.2999999523162842,1.2999999523162842,1.2300000190734863,1.2400000095367432,146000,0.0,0.0
2023-09-08 00:00:00-04:00,1.2699999809265137,1.2699999809265137,1.2300000190734863,1.2599999904632568,112600,0.0,0.0
2023-09-11 00:00:00-04:00,1.2599999904632568,1.284999966621399,1.2000000476837158,1.2300000190734863,247700,0.0,0.0
2023-09-12 00:00:00-04:00,1.25,1.2649999856948853,1.2200000286102295,1.2300000190734863,105900,0.0,0.0
2023-09-13 00:00:00-04:00,1.25,1.2799999713897705,1.2200000286102295,1.2599999904632568,136200,0.0,0.0
2023-09-14 00:00:00-04:00,1.2699999809265137,1.2999999523162842,1.2599999904632568,1.2799999713897705,156800,0.0,0.0
2023-09-15 00:00:00-04:00,1.2799999713897705,1.2799999713897705,1.2200000286102295,1.25,381900,0.0,0.0
2023-09-18 00:00:00-04:00,1.2300000190734863,1.25,1.2200000286102295,1.2300000190734863,96600,0.0,0.0
2023-09-19 00:00:00-04:00,1.2300000190734863,1.2400000095367432,1.2200000286102295,1.2400000095367432,69800,0.0,0.0
2023-09-20 00:00:00-04:00,1.2400000095367432,1.2400000095367432,1.2000000476837158,1.2000000476837158,86500,0.0,0.0
2023-09-21 00:00:00-04:00,1.2100000381469727,1.399999976158142,1.2100000381469727,1.3300000429153442,401900,0.0,0.0
2023-09-22 00:00:00-04:00,1.3200000524520874,1.340000033378601,1.2799999713897705,1.3300000429153442,140600,0.0,0.0
2023-09-25 00:00:00-04:00,1.309999942779541,1.3600000143051147,1.2899999618530273,1.3200000524520874,247300,0.0,0.0
2023-09-26 00:00:00-04:00,1.309999942779541,1.440000057220459,1.309999942779541,1.399999976158142,275500,0.0,0.0
2023-09-27 00:00:00-04:00,1.409999966621399,1.5399999618530273,1.409999966621399,1.4800000190734863,269100,0.0,0.0
2023-09-28 00:00:00-04:00,1.5,1.6050000190734863,1.4800000190734863,1.590000033378601,228500,0.0,0.0
2023-09-29 00:00:00-04:00,1.600000023841858,1.7300000190734863,1.5700000524520874,1.6699999570846558,217900,0.0,0.0
2023-10-02 00:00:00-04:00,1.6399999856948853,1.659999966621399,1.5499999523162842,1.600000023841858,234400,0.0,0.0
2023-10-03 00:00:00-04:00,1.600000023841858,1.625,1.4600000381469727,1.4900000095367432,271100,0.0,0.0
2023-10-04 00:00:00-04:00,1.5199999809265137,1.600000023841858,1.4299999475479126,1.4700000286102295,307900,0.0,0.0
2023-10-05 00:00:00-04:00,1.4500000476837158,1.6200000047683716,1.4500000476837158,1.590000033378601,168900,0.0,0.0
2023-10-06 00:00:00-04:00,1.600000023841858,1.7899999618530273,1.5800000429153442,1.7300000190734863,439200,0.0,0.0
2023-10-09 00:00:00-04:00,1.690000057220459,1.7799999713897705,1.690000057220459,1.75,165700,0.0,0.0
2023-10-10 00:00:00-04:00,1.7699999809265137,1.7699999809265137,1.6299999952316284,1.7400000095367432,178300,0.0,0.0
2023-10-11 00:00:00-04:00,1.7400000095367432,1.7400000095367432,1.625,1.7200000286102295,132500,0.0,0.0
2023-10-12 00:00:00-04:00,1.7300000190734863,1.7300000190734863,1.6399999856948853,1.7100000381469727,117900,0.0,0.0
2023-10-13 00:00:00-04:00,1.690000057220459,1.7100000381469727,1.600000023841858,1.6200000047683716,81600,0.0,0.0
2023-10-16 00:00:00-04:00,1.6200000047683716,1.659999966621399,1.5399999618530273,1.6100000143051147,129300,0.0,0.0
2023-10-17 00:00:00-04:00,1.6299999952316284,1.6649999618530273,1.5800000429153442,1.590000033378601,155300,0.0,0.0
2023-10-18 00:00:00-04:00,1.5800000429153442,1.600000023841858,1.5199999809265137,1.559999942779541,306100,0.0,0.0
2023-10-19 00:00:00-04:00,1.5800000429153442,1.5800000429153442,1.4800000190734863,1.5099999904632568,143500,0.0,0.0
2023-10-20 00:00:00-04:00,1.5099999904632568,1.5099999904632568,1.440000057220459,1.4600000381469727,105800,0.0,0.0
2023-10-23 00:00:00-04:00,1.4299999475479126,1.4700000286102295,1.3799999952316284,1.3899999856948853,271000,0.0,0.0
2023-10-24 00:00:00-04:00,1.4299999475479126,1.4600000381469727,1.3899999856948853,1.409999966621399,82900,0.0,0.0
2023-10-25 00:00:00-04:00,1.3700000047683716,1.4299999475479126,1.3700000047683716,1.4199999570846558,87400,0.0,0.0
2023-10-26 00:00:00-04:00,1.3899999856948853,1.4600000381469727,1.3799999952316284,1.3799999952316284,98800,0.0,0.0
2023-10-27 00:00:00-04:00,1.3899999856948853,1.399999976158142,1.309999942779541,1.3700000047683716,132300,0.0,0.0
2023-10-30 00:00:00-04:00,1.3700000047683716,1.4500000476837158,1.3600000143051147,1.409999966621399,90500,0.0,0.0
2023-10-31 00:00:00-04:00,1.440000057220459,1.4800000190734863,1.409999966621399,1.4600000381469727,142300,0.0,0.0
2023-11-01 00:00:00-04:00,1.4600000381469727,1.4600000381469727,1.3799999952316284,1.4199999570846558,68800,0.0,0.0
2023-11-02 00:00:00-04:00,1.4600000381469727,1.4600000381469727,1.3799999952316284,1.399999976158142,105400,0.0,0.0
2023-11-03 00:00:00-04:00,1.4500000476837158,1.4700000286102295,1.3899999856948853,1.3899999856948853,115600,0.0,0.0
2023-11-06 00:00:00-05:00,1.399999976158142,1.4199999570846558,1.3600000143051147,1.3600000143051147,81500,0.0,0.0
2023-11-07 00:00:00-05:00,1.3899999856948853,1.4299999475479126,1.3200000524520874,1.350000023841858,228300,0.0,0.0
2023-11-08 00:00:00-05:00,1.340000033378601,1.3899999856948853,1.2999999523162842,1.3200000524520874,207900,0.0,0.0
2023-11-09 00:00:00-05:00,1.3200000524520874,1.350000023841858,1.309999942779541,1.340000033378601,68200,0.0,0.0
2023-11-10 00:00:00-05:00,1.3200000524520874,1.340000033378601,1.2699999809265137,1.2899999618530273,225100,0.0,0.0
2023-11-13 00:00:00-05:00,1.2599999904632568,1.3049999475479126,1.2599999904632568,1.2899999618530273,59400,0.0,0.0
2023-11-14 00:00:00-05:00,1.2899999618530273,1.3300000429153442,1.2100000381469727,1.2300000190734863,342900,0.0,0.0
2023-11-15 00:00:00-05:00,1.350000023841858,1.649999976158142,1.2799999713897705,1.6100000143051147,1248900,0.0,0.0
2023-11-16 00:00:00-05:00,1.4900000095367432,1.7000000476837158,1.4900000095367432,1.559999942779541,490100,0.0,0.0
2023-11-17 00:00:00-05:00,1.5800000429153442,1.6200000047683716,1.5099999904632568,1.5700000524520874,222900,0.0,0.0
2023-11-20 00:00:00-05:00,1.6100000143051147,1.75,1.590000033378601,1.6699999570846558,522700,0.0,0.0
2023-11-21 00:00:00-05:00,1.7000000476837158,1.75,1.6100000143051147,1.690000057220459,238200,0.0,0.0
2023-11-22 00:00:00-05:00,1.7000000476837158,1.7100000381469727,1.6100000143051147,1.7100000381469727,143900,0.0,0.0
2023-11-24 00:00:00-05:00,1.6699999570846558,1.7400000095367432,1.6399999856948853,1.7200000286102295,171800,0.0,0.0
2023-11-27 00:00:00-05:00,1.7000000476837158,1.7799999713897705,1.6799999475479126,1.7599999904632568,230300,0.0,0.0
2023-11-28 00:00:00-05:00,1.7400000095367432,1.8600000143051147,1.7200000286102295,1.840000033378601,218800,0.0,0.0
2023-11-29 00:00:00-05:00,1.840000033378601,1.840000033378601,1.7000000476837158,1.7899999618530273,242900,0.0,0.0
2023-11-30 00:00:00-05:00,1.7899999618530273,1.7899999618530273,1.659999966621399,1.6699999570846558,219700,0.0,0.0
2023-12-01 00:00:00-05:00,1.690000057220459,1.7599999904632568,1.6699999570846558,1.7200000286102295,131000,0.0,0.0
2023-12-04 00:00:00-05:00,1.7200000286102295,1.7300000190734863,1.6200000047683716,1.7000000476837158,280800,0.0,0.0
2023-12-05 00:00:00-05:00,1.7000000476837158,1.7200000286102295,1.6299999952316284,1.684999942779541,207600,0.0,0.0
2023-12-06 00:00:00-05:00,1.6799999475479126,1.7000000476837158,1.6200000047683716,1.649999976158142,93700,0.0,0.0
2023-12-07 00:00:00-05:00,1.6399999856948853,1.6399999856948853,1.5099999904632568,1.590000033378601,153100,0.0,0.0
2023-12-08 00:00:00-05:00,1.559999942779541,1.600000023841858,1.559999942779541,1.5700000524520874,124300,0.0,0.0
2023-12-11 00:00:00-05:00,1.5499999523162842,1.600000023841858,1.4600000381469727,1.5,311200,0.0,0.0
2023-12-12 00:00:00-05:00,1.5499999523162842,1.5499999523162842,1.3799999952316284,1.4600000381469727,194300,0.0,0.0
2023-12-13 00:00:00-05:00,1.4299999475479126,1.4800000190734863,1.409999966621399,1.4500000476837158,162400,0.0,0.0
2023-12-14 00:00:00-05:00,1.4900000095367432,1.5299999713897705,1.4500000476837158,1.4850000143051147,226200,0.0,0.0
2023-12-15 00:00:00-05:00,1.5499999523162842,1.5499999523162842,1.409999966621399,1.440000057220459,314500,0.0,0.0
2023-12-18 00:00:00-05:00,1.440000057220459,1.4900000095367432,1.4149999618530273,1.4299999475479126,162200,0.0,0.0
2023-12-19 00:00:00-05:00,1.440000057220459,1.5299999713897705,1.3899999856948853,1.399999976158142,423100,0.0,0.0
2023-12-20 00:00:00-05:00,1.4299999475479126,1.4570000171661377,1.3799999952316284,1.409999966621399,210500,0.0,0.0
2023-12-21 00:00:00-05:00,1.4299999475479126,1.5800000429153442,1.38100004196167,1.409999966621399,357400,0.0,0.0
2023-12-22 00:00:00-05:00,1.4800000190734863,1.4800000190734863,1.3799999952316284,1.4299999475479126,401100,0.0,0.0
2023-12-26 00:00:00-05:00,1.4500000476837158,1.5,1.4299999475479126,1.5,158900,0.0,0.0
2023-12-27 00:00:00-05:00,1.4900000095367432,1.600000023841858,1.4800000190734863,1.5549999475479126,298800,0.0,0.0
2023-12-28 00:00:00-05:00,1.559999942779541,1.559999942779541,1.4700000286102295,1.4900000095367432,158500,0.0,0.0
2023-12-29 00:00:00-05:00,1.4900000095367432,1.5299999713897705,1.4500000476837158,1.4900000095367432,274900,0.0,0.0
2024-01-02 00:00:00-05:00,1.5,1.569000005722046,1.4600000381469727,1.5299999713897705,168600,0.0,0.0
2024-01-03 00:00:00-05:00,1.5399999618530273,1.5399999618530273,1.4700000286102295,1.5199999809265137,223600,0.0,0.0
2024-01-04 00:00:00-05:00,1.5199999809265137,1.649999976158142,1.5199999809265137,1.649999976158142,485000,0.0,0.0
2024-01-05 00:00:00-05:00,1.6399999856948853,1.7100000381469727,1.6100000143051147,1.6100000143051147,301200,0.0,0.0
2024-01-08 00:00:00-05:00,1.600000023841858,1.6150000095367432,1.5199999809265137,1.6100000143051147,239100,0.0,0.0
2024-01-09 00:00:00-05:00,1.590000033378601,1.6050000190734863,1.5199999809265137,1.5800000429153442,212400,0.0,0.0
2024-01-10 00:00:00-05:00,1.559999942779541,1.600000023841858,1.5099999904632568,1.5499999523162842,190500,0.0,0.0
2024-01-11 00:00:00-05:00,1.5299999713897705,1.559999942779541,1.4450000524520874,1.559999942779541,242800,0.0,0.0
2024-01-12 00:00:00-05:00,1.559999942779541,1.5700000524520874,1.5,1.5299999713897705,161300,0.0,0.0
2024-01-16 00:00:00-05:00,1.5099999904632568,1.5199999809265137,1.4199999570846558,1.4600000381469727,247300,0.0,0.0
2024-01-17 00:00:00-05:00,1.4500000476837158,1.5099999904632568,1.399999976158142,1.4900000095367432,347600,0.0,0.0
2024-01-18 00:00:00-05:00,1.4700000286102295,1.4700000286102295,1.4299999475479126,1.4700000286102295,112100,0.0,0.0
2024-01-19 00:00:00-05:00,1.440000057220459,1.5,1.4220000505447388,1.4850000143051147,115000,0.0,0.0
2024-01-22 00:00:00-05:00,1.4700000286102295,1.5199999809265137,1.4199999570846558,1.5,203700,0.0,0.0
2024-01-23 00:00:00-05:00,1.4800000190734863,1.5,1.4199999570846558,1.4700000286102295,557500,0.0,0.0
2024-01-24 00:00:00-05:00,1.4600000381469727,1.4700000286102295,1.4299999475479126,1.4500000476837158,167300,0.0,0.0
2024-01-25 00:00:00-05:00,1.4500000476837158,1.4800000190734863,1.3799999952316284,1.4800000190734863,362000,0.0,0.0
2024-01-26 00:00:00-05:00,1.4700000286102295,1.4900000095367432,1.4199999570846558,1.4800000190734863,131800,0.0,0.0
2024-01-29 00:00:00-05:00,1.440000057220459,1.4800000190734863,1.4119999408721924,1.4600000381469727,133700,0.0,0.0
2024-01-30 00:00:00-05:00,1.4600000381469727,1.4600000381469727,1.409999966621399,1.4299999475479126,106200,0.0,0.0
2024-01-31 00:00:00-05:00,1.4199999570846558,1.4479999542236328,1.3450000286102295,1.350000023841858,300900,0.0,0.0
2024-02-01 00:00:00-05:00,1.399999976158142,1.4199999570846558,1.3600000143051147,1.3650000095367432,132000,0.0,0.0
2024-02-02 00:00:00-05:00,1.350000023841858,1.3700000047683716,1.2699999809265137,1.350000023841858,269700,0.0,0.0
2024-02-05 00:00:00-05:00,1.340000033378601,1.350000023841858,1.2599999904632568,1.2799999713897705,338000,0.0,0.0
2024-02-06 00:00:00-05:00,1.2999999523162842,1.350000023841858,1.2999999523162842,1.340000033378601,133100,0.0,0.0
2024-02-07 00:00:00-05:00,1.3300000429153442,1.350000023841858,1.2899999618530273,1.309999942779541,118200,0.0,0.0
2024-02-08 00:00:00-05:00,1.340000033378601,1.350000023841858,1.2699999809265137,1.2899999618530273,86900,0.0,0.0
2024-02-09 00:00:00-05:00,1.2899999618530273,1.3300000429153442,1.2899999618530273,1.309999942779541,111600,0.0,0.0
2024-02-12 00:00:00-05:00,1.2999999523162842,1.3799999952316284,1.2899999618530273,1.350000023841858,236200,0.0,0.0
2024-02-13 00:00:00-05:00,1.3799999952316284,1.399999976158142,1.2999999523162842,1.340000033378601,267000,0.0,0.0
2024-02-14 00:00:00-05:00,1.350000023841858,1.4700000286102295,1.3200000524520874,1.409999966621399,398000,0.0,0.0
2024-02-15 00:00:00-05:00,1.4199999570846558,1.4529999494552612,1.3899999856948853,1.409999966621399,152000,0.0,0.0
2024-02-16 00:00:00-05:00,1.4199999570846558,1.440000057220459,1.3899999856948853,1.440000057220459,65700,0.0,0.0
2024-02-20 00:00:00-05:00,1.4500000476837158,1.4500000476837158,1.3700000047683716,1.409999966621399,104600,0.0,0.0
2024-02-21 00:00:00-05:00,1.3799999952316284,1.3949999809265137,1.309999942779541,1.309999942779541,187100,0.0,0.0
2024-02-22 00:00:00-05:00,1.350000023841858,1.3639999628067017,1.2899999618530273,1.2999999523162842,156000,0.0,0.0
2024-02-23 00:00:00-05:00,1.309999942779541,1.3300000429153442,1.2899999618530273,1.3200000524520874,92500,0.0,0.0
2024-02-26 00:00:00-05:00,1.3200000524520874,1.3600000143051147,1.315000057220459,1.3600000143051147,59400,0.0,0.0
2024-02-27 00:00:00-05:00,1.3700000047683716,1.409999966621399,1.3639999628067017,1.399999976158142,90500,0.0,0.0
2024-02-28 00:00:00-05:00,1.409999966621399,1.4600000381469727,1.399999976158142,1.440000057220459,212900,0.0,0.0
2024-02-29 00:00:00-05:00,1.4199999570846558,1.440000057220459,1.3899999856948853,1.399999976158142,61800,0.0,0.0
2024-03-01 00:00:00-05:00,1.440000057220459,1.590000033378601,1.440000057220459,1.590000033378601,348200,0.0,0.0
2024-03-04 00:00:00-05:00,1.6200000047683716,1.649999976158142,1.5,1.5499999523162842,307100,0.0,0.0
2024-03-05 00:00:00-05:00,1.5399999618530273,1.690000057220459,1.5399999618530273,1.600000023841858,390800,0.0,0.0
2024-03-06 00:00:00-05:00,1.600000023841858,1.6299999952316284,1.5399999618530273,1.6200000047683716,112500,0.0,0.0
2024-03-07 00:00:00-05:00,1.6399999856948853,1.75,1.5700000524520874,1.659999966621399,328300,0.0,0.0
2024-03-08 00:00:00-05:00,1.7000000476837158,1.7200000286102295,1.6399999856948853,1.649999976158142,144800,0.0,0.0
2024-03-11 00:00:00-04:00,1.6699999570846558,1.7100000381469727,1.600000023841858,1.649999976158142,102300,0.0,0.0
2024-03-12 00:00:00-04:00,1.6299999952316284,1.6299999952316284,1.5700000524520874,1.5800000429153442,117300,0.0,0.0
2024-03-13 00:00:00-04:00,1.5800000429153442,1.649999976158142,1.5800000429153442,1.600000023841858,125800,0.0,0.0
2024-03-14 00:00:00-04:00,1.590000033378601,1.7000000476837158,1.5700000524520874,1.6399999856948853,126500,0.0,0.0
2024-03-15 00:00:00-04:00,1.6399999856948853,1.649999976158142,1.600000023841858,1.6399999856948853,202200,0.0,0.0
2024-03-18 00:00:00-04:00,1.690000057220459,1.7799999713897705,1.6399999856948853,1.7799999713897705,452800,0.0,0.0
2024-03-19 00:00:00-04:00,1.7799999713897705,1.7799999713897705,1.6799999475479126,1.690000057220459,406400,0.0,0.0
2024-03-20 00:00:00-04:00,1.6699999570846558,1.6699999570846558,1.4800000190734863,1.5700000524520874,194800,0.0,0.0
2024-03-21 00:00:00-04:00,1.5800000429153442,1.600000023841858,1.4800000190734863,1.5299999713897705,263100,0.0,0.0
2024-03-22 00:00:00-04:00,1.5099999904632568,1.5199999809265137,1.4500000476837158,1.4800000190734863,231300,0.0,0.0
2024-03-25 00:00:00-04:00,1.4800000190734863,1.5,1.3899999856948853,1.399999976158142,211800,0.0,0.0
2024-03-26 00:00:00-04:00,1.399999976158142,1.4500000476837158,1.350000023841858,1.350000023841858,210400,0.0,0.0
2024-03-27 00:00:00-04:00,1.3600000143051147,1.4700000286102295,1.3600000143051147,1.4500000476837158,153100,0.0,0.0
2024-03-28 00:00:00-04:00,1.4900000095367432,1.6299999952316284,1.3899999856948853,1.409999966621399,499600,0.0,0.0
2024-04-01 00:00:00-04:00,1.4199999570846558,1.4199999570846558,1.3300000429153442,1.340000033378601,627700,0.0,0.0
2024-04-02 00:00:00-04:00,1.350000023841858,1.3969999551773071,1.309999942779541,1.3300000429153442,168600,0.0,0.0
2024-04-03 00:00:00-04:00,1.350000023841858,1.3899999856948853,1.3300000429153442,1.3350000381469727,110700,0.0,0.0
2024-04-04 00:00:00-04:00,1.399999976158142,1.4500000476837158,1.3600000143051147,1.3700000047683716,269000,0.0,0.0
2024-04-05 00:00:00-04:00,1.3799999952316284,1.4199999570846558,1.3700000047683716,1.399999976158142,142400,0.0,0.0
2024-04-08 00:00:00-04:00,1.409999966621399,1.440000057220459,1.3300000429153442,1.3700000047683716,159700,0.0,0.0
2024-04-09 00:00:00-04:00,1.3600000143051147,1.4199999570846558,1.340000033378601,1.409999966621399,256500,0.0,0.0
2024-04-10 00:00:00-04:00,1.399999976158142,1.409999966621399,1.340000033378601,1.350000023841858,134600,0.0,0.0
2024-04-11 00:00:00-04:00,1.350000023841858,1.4199999570846558,1.350000023841858,1.3899999856948853,124200,0.0,0.0
2024-04-12 00:00:00-04:00,1.399999976158142,1.409999966621399,1.3700000047683716,1.3899999856948853,89200,0.0,0.0
2024-04-15 00:00:00-04:00,1.409999966621399,1.4199999570846558,1.3700000047683716,1.3799999952316284,169900,0.0,0.0
2024-04-16 00:00:00-04:00,1.3700000047683716,1.409999966621399,1.3600000143051147,1.3799999952316284,107300,0.0,0.0
2024-04-17 00:00:00-04:00,1.399999976158142,1.399999976158142,1.3600000143051147,1.3600000143051147,35400,0.0,0.0
2024-04-18 00:00:00-04:00,1.3600000143051147,1.409999966621399,1.340000033378601,1.3899999856948853,115100,0.0,0.0
2024-04-19 00:00:00-04:00,1.3600000143051147,1.409999966621399,1.3450000286102295,1.350000023841858,243100,0.0,0.0
2024-04-22 00:00:00-04:00,1.3480000495910645,1.3899999856948853,1.2400000095367432,1.2799999713897705,445400,0.0,0.0
2024-04-23 00:00:00-04:00,1.2899999618530273,1.3899999856948853,1.2799999713897705,1.3600000143051147,339200,0.0,0.0
2024-04-24 00:00:00-04:00,1.3899999856948853,1.440000057220459,1.350000023841858,1.4199999570846558,303300,0.0,0.0
2024-04-25 00:00:00-04:00,1.440000057220459,1.440000057220459,1.399999976158142,1.440000057220459,186700,0.0,0.0
2024-04-26 00:00:00-04:00,1.4500000476837158,1.5850000381469727,1.4450000524520874,1.5499999523162842,578700,0.0,0.0
2024-04-29 00:00:00-04:00,1.5399999618530273,1.5499999523162842,1.4160000085830688,1.4700000286102295,212900,0.0,0.0
2024-04-30 00:00:00-04:00,1.4700000286102295,1.4700000286102295,1.3799999952316284,1.4299999475479126,253200,0.0,0.0
2024-05-01 00:00:00-04:00,1.4800000190734863,1.5549999475479126,1.4299999475479126,1.4600000381469727,316000,0.0,0.0
2024-05-02 00:00:00-04:00,1.5,1.5399999618530273,1.4800000190734863,1.5199999809265137,114500,0.0,0.0
2024-05-03 00:00:00-04:00,1.5299999713897705,1.559999942779541,1.3899999856948853,1.399999976158142,398100,0.0,0.0
2024-05-06 00:00:00-04:00,1.4199999570846558,1.440000057220459,1.2999999523162842,1.2999999523162842,496400,0.0,0.0
2024-05-07 00:00:00-04:00,1.3300000429153442,1.3600000143051147,1.2300000190734863,1.2400000095367432,738300,0.0,0.0
2024-05-08 00:00:00-04:00,1.25,1.3200000524520874,1.2400000095367432,1.2699999809265137,217100,0.0,0.0
2024-05-09 00:00:00-04:00,1.309999942779541,1.3300000429153442,1.2699999809265137,1.315000057220459,208300,0.0,0.0
2024-05-10 00:00:00-04:00,1.3300000429153442,1.399999976158142,1.2599999904632568,1.2899999618530273,273700,0.0,0.0
2024-05-13 00:00:00-04:00,1.2999999523162842,1.340000033378601,1.2899999618530273,1.3200000524520874,285300,0.0,0.0
2024-05-14 00:00:00-04:00,1.3300000429153442,1.350000023841858,1.3200000524520874,1.3300000429153442,203900,0.0,0.0
2024-05-15 00:00:00-04:00,1.3300000429153442,1.340000033378601,1.3200000524520874,1.3300000429153442,160400,0.0,0.0
2024-05-16 00:00:00-04:00,1.340000033378601,1.3600000143051147,1.2999999523162842,1.309999942779541,193500,0.0,0.0
2024-05-17 00:00:00-04:00,1.309999942779541,1.340000033378601,1.2699999809265137,1.2999999523162842,212200,0.0,0.0
2024-05-20 00:00:00-04:00,1.2599999904632568,1.309999942779541,1.2599999904632568,1.2649999856948853,217400,0.0,0.0
2024-05-21 00:00:00-04:00,1.2999999523162842,1.2999999523162842,1.25,1.2799999713897705,204000,0.0,0.0
2024-05-22 00:00:00-04:00,1.2799999713897705,1.2999999523162842,1.2599999904632568,1.2799999713897705,135300,0.0,0.0
2024-05-23 00:00:00-04:00,1.2899999618530273,1.2999999523162842,1.2400000095367432,1.2599999904632568,218300,0.0,0.0
2024-05-24 00:00:00-04:00,1.25,1.2680000066757202,1.2400000095367432,1.2549999952316284,190200,0.0,0.0
2024-05-28 00:00:00-04:00,1.2799999713897705,1.2799999713897705,1.2300000190734863,1.2599999904632568,163800,0.0,0.0
2024-05-29 00:00:00-04:00,1.2400000095367432,1.2599999904632568,1.2400000095367432,1.25,85500,0.0,0.0
2024-05-30 00:00:00-04:00,1.2699999809265137,1.2699999809265137,1.1100000143051147,1.159999966621399,589400,0.0,0.0
2024-05-31 00:00:00-04:00,1.2000000476837158,1.2100000381469727,1.149999976158142,1.149999976158142,230500,0.0,0.0
2024-06-03 00:00:00-04:00,1.190000057220459,1.2300000190734863,1.149999976158142,1.1799999475479126,211600,0.0,0.0
2024-06-04 00:00:00-04:00,1.1699999570846558,1.1799999475479126,1.159999966621399,1.1799999475479126,133500,0.0,0.0
2024-06-05 00:00:00-04:00,1.1699999570846558,1.190000057220459,1.159999966621399,1.1699999570846558,78700,0.0,0.0
2024-06-06 00:00:00-04:00,1.1799999475479126,1.1799999475479126,1.1399999856948853,1.149999976158142,115900,0.0,0.0
2024-06-07 00:00:00-04:00,1.149999976158142,1.1699999570846558,1.1399999856948853,1.149999976158142,141400,0.0,0.0
2024-06-10 00:00:00-04:00,1.1399999856948853,1.159999966621399,1.100000023841858,1.100000023841858,297500,0.0,0.0
2024-06-11 00:00:00-04:00,1.100000023841858,1.1299999952316284,1.100000023841858,1.1100000143051147,163900,0.0,0.0
2024-06-12 00:00:00-04:00,1.1100000143051147,1.1200000047683716,1.0,1.0,481400,0.0,0.0
2024-06-13 00:00:00-04:00,1.0,1.0069999694824219,0.5910000205039978,0.7400000095367432,1915300,0.0,0.0
2024-06-14 00:00:00-04:00,0.8460000157356262,1.149999976158142,0.8009999990463257,0.890999972820282,6172400,0.0,0.0
2024-06-17 00:00:00-04:00,0.8999999761581421,0.9399999976158142,0.8299999833106995,0.8460000157356262,482900,0.0,0.0
2024-06-18 00:00:00-04:00,0.8399999737739563,0.8569999933242798,0.8199999928474426,0.8429999947547913,298700,0.0,0.0
2024-06-20 00:00:00-04:00,0.8399999737739563,0.8399999737739563,0.800000011920929,0.828000009059906,308200,0.0,0.0
2024-06-21 00:00:00-04:00,0.8399999737739563,0.8399999737739563,0.699999988079071,0.7289999723434448,550900,0.0,0.0
2024-06-24 00:00:00-04:00,0.7400000095367432,0.800000011920929,0.6510000228881836,0.7910000085830688,642300,0.0,0.0
2024-06-25 00:00:00-04:00,0.800000011920929,0.8119999766349792,0.7200000286102295,0.75,255200,0.0,0.0
2024-06-26 00:00:00-04:00,0.75,0.75,0.7020000219345093,0.7059999704360962,106800,0.0,0.0
2024-06-27 00:00:00-04:00,0.7099999785423279,0.7379999756813049,0.6700000166893005,0.6890000104904175,438400,0.0,0.0
2024-06-28 00:00:00-04:00,0.6899999976158142,0.75,0.6710000038146973,0.7310000061988831,345400,0.0,0.0
2024-07-01 00:00:00-04:00,0.7850000262260437,0.8500000238418579,0.7009999752044678,0.7450000047683716,2143500,0.0,0.0
2024-07-02 00:00:00-04:00,0.6909999847412109,0.7599999904632568,0.6800000071525574,0.7129999995231628,200300,0.0,0.0
2024-07-03 00:00:00-04:00,0.7099999785423279,0.7129999995231628,0.6200000047683716,0.6549999713897705,293900,0.0,0.0
2024-07-05 00:00:00-04:00,0.6600000262260437,0.6600000262260437,0.6150000095367432,0.6389999985694885,318500,0.0,0.0
2024-07-08 00:00:00-04:00,0.6349999904632568,0.6399999856948853,0.6019999980926514,0.6299999952316284,149700,0.0,0.0
2024-07-09 00:00:00-04:00,0.6399999856948853,0.8299999833106995,0.6269999742507935,0.8299999833106995,852000,0.0,0.0
2024-07-10 00:00:00-04:00,0.8199999928474426,0.8399999737739563,0.7200000286102295,0.7599999904632568,360700,0.0,0.0
2024-07-11 00:00:00-04:00,0.7799999713897705,0.800000011920929,0.6800000071525574,0.6919999718666077,580300,0.0,0.0
2024-07-12 00:00:00-04:00,0.734000027179718,0.8100000023841858,0.6959999799728394,0.7770000100135803,686100,0.0,0.0
2024-07-15 00:00:00-04:00,0.7889999747276306,0.8169999718666077,0.6620000004768372,0.6869999766349792,1027300,0.0,0.0
2024-07-16 00:00:00-04:00,0.7300000190734863,0.75,0.6700000166893005,0.675000011920929,718200,0.0,0.0
2024-07-17 00:00:00-04:00,0.675000011920929,0.7300000190734863,0.6399999856948853,0.6700000166893005,732200,0.0,0.0
2024-07-18 00:00:00-04:00,0.675000011920929,0.699999988079071,0.6539999842643738,0.6539999842643738,105800,0.0,0.0
2024-07-19 00:00:00-04:00,0.6899999976158142,0.6899999976158142,0.6119999885559082,0.6230000257492065,159300,0.0,0.0
2024-07-22 00:00:00-04:00,0.6660000085830688,0.6690000295639038,0.6119999885559082,0.6470000147819519,193700,0.0,0.0
2024-07-23 00:00:00-04:00,0.6470000147819519,0.656000018119812,0.6200000047683716,0.621999979019165,178100,0.0,0.0
2024-07-24 00:00:00-04:00,0.6299999952316284,0.6890000104904175,0.6019999980926514,0.6679999828338623,792800,0.0,0.0
2024-07-25 00:00:00-04:00,0.6660000085830688,0.6700000166893005,0.6240000128746033,0.6320000290870667,226900,0.0,0.0
2024-07-26 00:00:00-04:00,0.6330000162124634,0.6650000214576721,0.621999979019165,0.6230000257492065,184800,0.0,0.0
2024-07-29 00:00:00-04:00,0.6299999952316284,0.6420000195503235,0.6100000143051147,0.6150000095367432,96200,0.0,0.0
2024-07-30 00:00:00-04:00,0.6129999756813049,0.6610000133514404,0.6129999756813049,0.6240000128746033,250700,0.0,0.0
2024-07-31 00:00:00-04:00,0.6399999856948853,0.6499999761581421,0.6200000047683716,0.6290000081062317,98900,0.0,0.0
2024-08-01 00:00:00-04:00,0.6499999761581421,0.6600000262260437,0.6129999756813049,0.6290000081062317,221300,0.0,0.0
2024-08-02 00:00:00-04:00,0.6299999952316284,0.6299999952316284,0.5680000185966492,0.5789999961853027,324700,0.0,0.0
2024-08-05 00:00:00-04:00,0.6110000014305115,0.6200000047683716,0.5299999713897705,0.5320000052452087,377200,0.0,0.0
2024-08-06 00:00:00-04:00,0.5299999713897705,0.5899999737739563,0.5270000100135803,0.5360000133514404,198900,0.0,0.0
2024-08-07 00:00:00-04:00,0.5699999928474426,0.5899999737739563,0.5009999871253967,0.5149999856948853,441500,0.0,0.0
2024-08-08 00:00:00-04:00,0.5109999775886536,0.550000011920929,0.48100000619888306,0.5139999985694885,332900,0.0,0.0
2024-08-09 00:00:00-04:00,0.5199999809265137,0.5299999713897705,0.4729999899864197,0.4819999933242798,438800,0.0,0.0
2024-08-12 00:00:00-04:00,0.47999998927116394,0.5009999871253967,0.4410000145435333,0.4560000002384186,150100,0.0,0.0
2024-08-13 00:00:00-04:00,0.44999998807907104,0.47999998927116394,0.4399999976158142,0.47999998927116394,160200,0.0,0.0
2024-08-14 00:00:00-04:00,0.48399999737739563,0.5569999814033508,0.47999998927116394,0.5490000247955322,147400,0.0,0.0
2024-08-15 00:00:00-04:00,0.5400000214576721,0.6000000238418579,0.5189999938011169,0.5979999899864197,221900,0.0,0.0
2024-08-16 00:00:00-04:00,0.5870000123977661,0.6200000047683716,0.5600000023841858,0.6200000047683716,141300,0.0,0.0
2024-08-19 00:00:00-04:00,0.6299999952316284,0.6399999856948853,0.550000011920929,0.5699999928474426,455900,0.0,0.0
2024-08-20 00:00:00-04:00,0.531000018119812,0.5699999928474426,0.5099999904632568,0.5400000214576721,298500,0.0,0.0
2024-08-21 00:00:00-04:00,0.5460000038146973,0.5699999928474426,0.5299999713897705,0.5320000052452087,130000,0.0,0.0
2024-08-22 00:00:00-04:00,0.5230000019073486,0.5490000247955322,0.5199999809265137,0.5260000228881836,88300,0.0,0.0
2024-08-23 00:00:00-04:00,0.5299999713897705,0.5619999766349792,0.5260000228881836,0.5619999766349792,115100,0.0,0.0
2024-08-26 00:00:00-04:00,0.5299999713897705,0.5600000023841858,0.5299999713897705,0.5559999942779541,97800,0.0,0.0
2024-08-27 00:00:00-04:00,0.5540000200271606,0.5540000200271606,0.527999997138977,0.5490000247955322,86800,0.0,0.0
2024-08-28 00:00:00-04:00,0.5400000214576721,0.550000011920929,0.5099999904632568,0.5299999713897705,204400,0.0,0.0
2024-08-29 00:00:00-04:00,0.5400000214576721,0.5400000214576721,0.4959999918937683,0.5080000162124634,126400,0.0,0.0
2024-08-30 00:00:00-04:00,0.5099999904632568,0.527999997138977,0.4860000014305115,0.5139999985694885,139000,0.0,0.0
2024-09-03 00:00:00-04:00,0.5130000114440918,0.5130000114440918,0.4690000116825104,0.5059999823570251,233800,0.0,0.0
2024-09-04 00:00:00-04:00,0.4959999918937683,0.5,0.4740000069141388,0.49000000953674316,96200,0.0,0.0
2024-09-05 00:00:00-04:00,0.49000000953674316,0.5,0.47999998927116394,0.47999998927116394,44100,0.0,0.0
2024-09-06 00:00:00-04:00,0.48899999260902405,0.48899999260902405,0.4519999921321869,0.4620000123977661,154500,0.0,0.0
2024-09-09 00:00:00-04:00,0.4729999899864197,0.4790000021457672,0.43299999833106995,0.4410000145435333,286500,0.0,0.0
2024-09-10 00:00:00-04:00,0.4480000138282776,0.4620000123977661,0.4099999964237213,0.42399999499320984,180900,0.0,0.0
2024-09-11 00:00:00-04:00,0.42800000309944153,0.4909999966621399,0.42800000309944153,0.46000000834465027,158000,0.0,0.0
2024-09-12 00:00:00-04:00,0.47999998927116394,0.492000013589859,0.44999998807907104,0.492000013589859,149700,0.0,0.0
2024-09-13 00:00:00-04:00,0.4909999966621399,0.5199999809265137,0.4729999899864197,0.49000000953674316,156400,0.0,0.0
2024-09-16 00:00:00-04:00,0.49000000953674316,0.5099999904632568,0.460999995470047,0.5,160600,0.0,0.0
2024-09-17 00:00:00-04:00,0.5099999904632568,0.5099999904632568,0.4869999885559082,0.5,97800,0.0,0.0
2024-09-18 00:00:00-04:00,0.5299999713897705,0.7200000286102295,0.5299999713897705,0.5899999737739563,967600,0.0,0.0
2024-09-19 00:00:00-04:00,0.6399999856948853,0.6399999856948853,0.5590000152587891,0.6100000143051147,230200,0.0,0.0
2024-09-20 00:00:00-04:00,0.5920000076293945,0.6499999761581421,0.550000011920929,0.6499999761581421,180200,0.0,0.0
2024-09-23 00:00:00-04:00,0.640999972820282,0.6600000262260437,0.5879999995231628,0.6589999794960022,200600,0.0,0.0
2024-09-24 00:00:00-04:00,0.6489999890327454,0.7200000286102295,0.6100000143051147,0.7120000123977661,276500,0.0,0.0
2024-09-25 00:00:00-04:00,0.7099999785423279,0.7789999842643738,0.699999988079071,0.7580000162124634,421600,0.0,0.0
2024-09-26 00:00:00-04:00,0.75,0.8299999833106995,0.7099999785423279,0.8270000219345093,503900,0.0,0.0
2024-09-27 00:00:00-04:00,0.8299999833106995,0.9300000071525574,0.8199999928474426,0.9290000200271606,562000,0.0,0.0
2024-09-30 00:00:00-04:00,0.875,0.9879999756813049,0.8700000047683716,0.9100000262260437,599500,0.0,0.0
2024-10-01 00:00:00-04:00,0.9599999785423279,0.9800000190734863,0.8600000143051147,0.9570000171661377,321300,0.0,0.0
2024-10-02 00:00:00-04:00,0.9800000190734863,0.9800000190734863,0.9319999814033508,0.9729999899864197,217100,0.0,0.0
2024-10-03 00:00:00-04:00,0.9700000286102295,0.9950000047683716,0.9399999976158142,0.9769999980926514,111100,0.0,0.0
2024-10-04 00:00:00-04:00,0.9800000190734863,0.9800000190734863,0.9509999752044678,0.9800000190734863,210900,0.0,0.0
2024-10-07 00:00:00-04:00,0.949999988079071,1.0299999713897705,0.949999988079071,0.9950000047683716,324100,0.0,0.0
2024-10-08 00:00:00-04:00,0.9750000238418579,0.9900000095367432,0.8899999856948853,0.9620000123977661,365900,0.0,0.0
2024-10-09 00:00:00-04:00,0.9629999995231628,1.1200000047683716,0.8399999737739563,1.0800000429153442,670400,0.0,0.0
2024-10-10 00:00:00-04:00,1.100000023841858,1.149999976158142,1.0199999809265137,1.1299999952316284,438300,0.0,0.0
2024-10-11 00:00:00-04:00,1.1399999856948853,1.1399999856948853,1.0499999523162842,1.1299999952316284,333700,0.0,0.0
2024-10-14 00:00:00-04:00,1.1200000047683716,1.1299999952316284,1.0499999523162842,1.0700000524520874,304000,0.0,0.0
2024-10-15 00:00:00-04:00,1.0700000524520874,1.0720000267028809,0.9800000190734863,1.0199999809265137,299800,0.0,0.0
2024-10-16 00:00:00-04:00,1.0299999713897705,1.0299999713897705,0.9300000071525574,1.0199999809265137,318500,0.0,0.0
2024-10-17 00:00:00-04:00,1.0099999904632568,1.0099999904632568,0.9700000286102295,1.0099999904632568,298600,0.0,0.0
2024-10-18 00:00:00-04:00,1.0099999904632568,1.0099999904632568,0.9599999785423279,1.0,187000,0.0,0.0
2024-10-21 00:00:00-04:00,1.0,1.0149999856948853,0.9800000190734863,1.0099999904632568,137300,0.0,0.0
2024-10-22 00:00:00-04:00,1.0,1.0199999809265137,0.9909999966621399,1.0199999809265137,132700,0.0,0.0
2024-10-23 00:00:00-04:00,1.0099999904632568,1.0149999856948853,0.9700000286102295,1.0099999904632568,151200,0.0,0.0
2024-10-24 00:00:00-04:00,1.0199999809265137,1.0199999809265137,0.949999988079071,0.984000027179718,187800,0.0,0.0
2024-10-25 00:00:00-04:00,0.9929999709129333,1.0299999713897705,0.9629999995231628,1.0099999904632568,234800,0.0,0.0
2024-10-28 00:00:00-04:00,1.0299999713897705,1.0299999713897705,0.9599999785423279,1.0199999809265137,128400,0.0,0.0
2024-10-29 00:00:00-04:00,1.0199999809265137,1.1100000143051147,0.9649999737739563,1.100000023841858,463200,0.0,0.0
2024-10-30 00:00:00-04:00,1.1100000143051147,1.1100000143051147,1.0499999523162842,1.059999942779541,93000,0.0,0.0
2024-10-31 00:00:00-04:00,1.0399999618530273,1.0499999523162842,0.9800000190734863,1.0399999618530273,168300,0.0,0.0
2024-11-01 00:00:00-04:00,1.0399999618530273,1.0700000524520874,1.0,1.0499999523162842,133200,0.0,0.0
2024-11-04 00:00:00-05:00,1.0299999713897705,1.0399999618530273,1.0,1.0099999904632568,184800,0.0,0.0
2024-11-05 00:00:00-05:00,1.0,1.0199999809265137,0.9599999785423279,1.0099999904632568,335900,0.0,0.0
2024-11-06 00:00:00-05:00,1.0299999713897705,1.0299999713897705,0.9739999771118164,1.0199999809265137,216500,0.0,0.0
2024-11-07 00:00:00-05:00,1.0499999523162842,1.0499999523162842,0.9900000095367432,1.0299999713897705,213000,0.0,0.0
2024-11-08 00:00:00-05:00,1.0099999904632568,1.0399999618530273,1.0,1.0199999809265137,152500,0.0,0.0
2024-11-11 00:00:00-05:00,1.0399999618530273,1.0499999523162842,0.9750000238418579,1.0499999523162842,385000,0.0,0.0
2024-11-12 00:00:00-05:00,1.0700000524520874,1.1399999856948853,1.0199999809265137,1.1100000143051147,632800,0.0,0.0
2024-11-13 00:00:00-05:00,1.1200000047683716,1.2699999809265137,1.1100000143051147,1.2300000190734863,927700,0.0,0.0
2024-11-14 00:00:00-05:00,1.2699999809265137,1.2699999809265137,1.0,1.0399999618530273,543600,0.0,0.0
2024-11-15 00:00:00-05:00,0.949999988079071,1.0399999618530273,0.8399999737739563,0.9010000228881836,485100,0.0,0.0
2024-11-18 00:00:00-05:00,0.9079999923706055,0.9800000190734863,0.9079999923706055,0.9729999899864197,184900,0.0,0.0
2024-11-19 00:00:00-05:00,1.0,1.149999976158142,1.0,1.1299999952316284,252600,0.0,0.0
2024-11-20 00:00:00-05:00,1.149999976158142,1.149999976158142,1.0199999809265137,1.059999942779541,221600,0.0,0.0
2024-11-21 00:00:00-05:00,1.0700000524520874,1.149999976158142,1.0399999618530273,1.0800000429153442,343100,0.0,0.0
2024-11-22 00:00:00-05:00,1.0800000429153442,1.2000000476837158,1.0700000524520874,1.2000000476837158,422000,0.0,0.0
2024-11-25 00:00:00-05:00,1.225000023841858,1.3300000429153442,1.2100000381469727,1.2300000190734863,915100,0.0,0.0
2024-11-26 00:00:00-05:00,1.2300000190734863,1.2899999618530273,1.2000000476837158,1.2200000286102295,243800,0.0,0.0
2024-11-27 00:00:00-05:00,1.2000000476837158,1.2999999523162842,1.159999966621399,1.25,243700,0.0,0.0
2024-11-29 00:00:00-05:00,1.25,1.2799999713897705,1.1799999475479126,1.190000057220459,265700,0.0,0.0
2024-12-02 00:00:00-05:00,1.2200000286102295,1.2699999809265137,1.1799999475479126,1.190000057220459,256900,0.0,0.0
2024-12-03 00:00:00-05:00,1.2200000286102295,1.3300000429153442,1.2000000476837158,1.3200000524520874,681300,0.0,0.0
2024-12-04 00:00:00-05:00,1.340000033378601,1.340000033378601,1.2100000381469727,1.2400000095367432,354500,0.0,0.0
2024-12-05 00:00:00-05:00,1.2300000190734863,1.2400000095367432,1.1699999570846558,1.1699999570846558,317700,0.0,0.0
2024-12-06 00:00:00-05:00,1.159999966621399,1.2300000190734863,1.159999966621399,1.2200000286102295,229800,0.0,0.0
2024-12-09 00:00:00-05:00,1.25,1.315000057220459,1.2200000286102295,1.2300000190734863,387200,0.0,0.0
2024-12-10 00:00:00-05:00,1.25,1.25,1.1799999475479126,1.2100000381469727,220700,0.0,0.0
2024-12-11 00:00:00-05:00,1.190000057220459,1.2400000095367432,1.1799999475479126,1.2300000190734863,189300,0.0,0.0
2024-12-12 00:00:00-05:00,1.2200000286102295,1.2660000324249268,1.2100000381469727,1.2300000190734863,192300,0.0,0.0
2024-12-13 00:00:00-05:00,1.2400000095367432,1.2400000095367432,1.1799999475479126,1.190000057220459,129100,0.0,0.0
2024-12-16 00:00:00-05:00,1.1799999475479126,1.2200000286102295,1.1399999856948853,1.159999966621399,197500,0.0,0.0
2024-12-17 00:00:00-05:00,1.1399999856948853,1.1799999475479126,1.0700000524520874,1.0800000429153442,222500,0.0,0.0
2024-12-18 00:00:00-05:00,1.0700000524520874,1.0829999446868896,0.9900000095367432,1.0299999713897705,450400,0.0,0.0
2024-12-19 00:00:00-05:00,1.059999942779541,1.0800000429153442,1.0199999809265137,1.059999942779541,238500,0.0,0.0
2024-12-20 00:00:00-05:00,1.059999942779541,1.1200000047683716,1.0499999523162842,1.0700000524520874,223100,0.0,0.0
2024-12-23 00:00:00-05:00,1.0700000524520874,1.0800000429153442,1.0399999618530273,1.0399999618530273,355500,0.0,0.0
2024-12-24 00:00:00-05:00,1.0399999618530273,1.090000033378601,1.0099999904632568,1.034999966621399,181000,0.0,0.0
2024-12-26 00:00:00-05:00,1.0299999713897705,1.100000023841858,1.0299999713897705,1.0800000429153442,122900,0.0,0.0
2024-12-27 00:00:00-05:00,1.0800000429153442,1.0800000429153442,1.0099999904632568,1.0299999713897705,358700,0.0,0.0
2024-12-30 00:00:00-05:00,1.0199999809265137,1.1200000047683716,1.0199999809265137,1.100000023841858,278100,0.0,0.0
2024-12-31 00:00:00-05:00,1.090000033378601,1.100000023841858,0.9900000095367432,1.0099999904632568,629400,0.0,0.0
2025-01-02 00:00:00-05:00,0.8999999761581421,0.9200000166893005,0.6499999761581421,0.6570000052452087,2534400,0.0,0.0
2025-01-03 00:00:00-05:00,0.6769999861717224,0.7450000047683716,0.6570000052452087,0.6869999766349792,1048200,0.0,0.0
2025-01-06 00:00:00-05:00,0.6660000085830688,0.824999988079071,0.6600000262260437,0.7850000262260437,1626200,0.0,0.0
2025-01-07 00:00:00-05:00,0.8199999928474426,0.8199999928474426,0.7300000190734863,0.75,349900,0.0,0.0
2025-01-08 00:00:00-05:00,0.75,0.800000011920929,0.7049999833106995,0.7210000157356262,279100,0.0,0.0
2025-01-10 00:00:00-05:00,0.7200000286102295,0.7210000157356262,0.6520000100135803,0.6679999828338623,478700,0.0,0.0
2025-01-13 00:00:00-05:00,0.6899999976158142,0.7179999947547913,0.6700000166893005,0.7139999866485596,216400,0.0,0.0
2025-01-14 00:00:00-05:00,0.7099999785423279,0.7269999980926514,0.7009999752044678,0.7269999980926514,81400,0.0,0.0
2025-01-15 00:00:00-05:00,0.7289999723434448,0.7400000095367432,0.7099999785423279,0.7250000238418579,73900,0.0,0.0
2025-01-16 00:00:00-05:00,0.7400000095367432,0.7400000095367432,0.6899999976158142,0.7099999785423279,134600,0.0,0.0
2025-01-17 00:00:00-05:00,0.6909999847412109,0.734000027179718,0.6909999847412109,0.7279999852180481,142300,0.0,0.0
2025-01-21 00:00:00-05:00,0.7459999918937683,0.7760000228881836,0.7250000238418579,0.7699999809265137,271300,0.0,0.0
2025-01-22 00:00:00-05:00,0.7889999747276306,0.800000011920929,0.7300000190734863,0.7369999885559082,268300,0.0,0.0
2025-01-23 00:00:00-05:00,0.7379999756813049,0.7699999809265137,0.7200000286102295,0.7400000095367432,199000,0.0,0.0
2025-01-24 00:00:00-05:00,0.7400000095367432,0.7680000066757202,0.7300000190734863,0.7459999918937683,203400,0.0,0.0
2025-01-27 00:00:00-05:00,0.7799999713897705,0.7799999713897705,0.6740000247955322,0.6949999928474426,292100,0.0,0.0
2025-01-28 00:00:00-05:00,0.7099999785423279,0.7300000190734863,0.6200000047683716,0.7200000286102295,630200,0.0,0.0
2025-01-29 00:00:00-05:00,0.699999988079071,0.7099999785423279,0.6800000071525574,0.6880000233650208,109000,0.0,0.0
2025-01-30 00:00:00-05:00,0.6880000233650208,0.703000009059906,0.6399999856948853,0.6629999876022339,226600,0.0,0.0
2025-01-31 00:00:00-05:00,0.6710000038146973,0.6980000138282776,0.6299999952316284,0.6449999809265137,210700,0.0,0.0
2025-02-03 00:00:00-05:00,0.6600000262260437,0.699999988079071,0.6399999856948853,0.6800000071525574,568700,0.0,0.0
2025-02-04 00:00:00-05:00,0.6800000071525574,0.6859999895095825,0.6449999809265137,0.6650000214576721,438600,0.0,0.0
2025-02-05 00:00:00-05:00,0.6650000214576721,0.6700000166893005,0.6499999761581421,0.656000018119812,395400,0.0,0.0
2025-02-06 00:00:00-05:00,0.6600000262260437,0.6679999828338623,0.6000000238418579,0.6200000047683716,390500,0.0,0.0
2025-02-07 00:00:00-05:00,0.6299999952316284,0.7099999785423279,0.6100000143051147,0.6850000023841858,800600,0.0,0.0
2025-02-10 00:00:00-05:00,0.6919999718666077,0.7400000095367432,0.656000018119812,0.6650000214576721,512800,0.0,0.0
2025-02-11 00:00:00-05:00,0.6600000262260437,0.6610000133514404,0.6309999823570251,0.6370000243186951,206300,0.0,0.0
2025-02-12 00:00:00-05:00,0.6349999904632568,0.6549999713897705,0.6100000143051147,0.628000020980835,261400,0.0,0.0
2025-02-13 00:00:00-05:00,0.6499999761581421,0.6499999761581421,0.6230000257492065,0.6399999856948853,204500,0.0,0.0
2025-02-14 00:00:00-05:00,0.6600000262260437,0.6600000262260437,0.6200000047683716,0.6200000047683716,256300,0.0,0.0
2025-02-18 00:00:00-05:00,0.6200000047683716,0.6299999952316284,0.6010000109672546,0.6039999723434448,184800,0.0,0.0
2025-02-19 00:00:00-05:00,0.6380000114440918,0.6380000114440918,0.5799999833106995,0.5879999995231628,223900,0.0,0.0
2025-02-20 00:00:00-05:00,0.5879999995231628,0.5899999737739563,0.5609999895095825,0.5740000009536743,219500,0.0,0.0
2025-02-21 00:00:00-05:00,0.5899999737739563,0.6000000238418579,0.5350000262260437,0.5370000004768372,243200,0.0,0.0
2025-02-24 00:00:00-05:00,0.5609999895095825,0.5709999799728394,0.5099999904632568,0.5479999780654907,568300,0.0,0.0
2025-02-25 00:00:00-05:00,0.5559999942779541,0.5640000104904175,0.5,0.5040000081062317,309400,0.0,0.0
2025-02-26 00:00:00-05:00,0.5640000104904175,0.5899999737739563,0.5199999809265137,0.5299999713897705,254100,0.0,0.0
2025-02-27 00:00:00-05:00,0.5860000252723694,0.7799999713897705,0.4569999873638153,0.5699999928474426,13119400,0.0,0.0
2025-02-28 00:00:00-05:00,0.6000000238418579,0.7310000061988831,0.6000000238418579,0.6430000066757202,15208000,0.0,0.0
2025-03-03 00:00:00-05:00,0.6299999952316284,0.6919999718666077,0.5770000219345093,0.6340000033378601,2296300,0.0,0.0
2025-03-04 00:00:00-05:00,0.628000020980835,0.6779999732971191,0.6000000238418579,0.6520000100135803,1294800,0.0,0.0
2025-03-05 00:00:00-05:00,0.6700000166893005,0.6800000071525574,0.5809999704360962,0.6200000047683716,1696300,0.0,0.0
2025-03-06 00:00:00-05:00,0.6129999756813049,0.6290000081062317,0.5799999833106995,0.6029999852180481,605200,0.0,0.0
2025-03-07 00:00:00-05:00,0.5960000157356262,0.5960000157356262,0.5450000166893005,0.5559999942779541,701200,0.0,0.0
2025-03-10 00:00:00-04:00,0.5600000023841858,0.5600000023841858,0.4699999988079071,0.4830000102519989,1472600,0.0,0.0
2025-03-11 00:00:00-04:00,0.4860000014305115,0.5600000023841858,0.46700000762939453,0.5070000290870667,856200,0.0,0.0
2025-03-12 00:00:00-04:00,0.5099999904632568,0.5199999809265137,0.48500001430511475,0.49000000953674316,516600,0.0,0.0
2025-03-13 00:00:00-04:00,0.492000013589859,0.492000013589859,0.45500001311302185,0.46299999952316284,737500,0.0,0.0
2025-03-14 00:00:00-04:00,0.46700000762939453,0.49000000953674316,0.46000000834465027,0.47999998927116394,407000,0.0,0.0
2025-03-17 00:00:00-04:00,0.47999998927116394,0.49000000953674316,0.46000000834465027,0.48399999737739563,337800,0.0,0.0
2025-03-18 00:00:00-04:00,0.48500001430511475,0.4950000047683716,0.4699999988079071,0.47699999809265137,242900,0.0,0.0
2025-03-19 00:00:00-04:00,0.4880000054836273,0.4880000054836273,0.4519999921321869,0.4580000042915344,191900,0.0,0.0
2025-03-20 00:00:00-04:00,0.4560000002384186,0.4659999907016754,0.43299999833106995,0.44200000166893005,636000,0.0,0.0
2025-03-21 00:00:00-04:00,0.5199999809265137,0.6489999890327454,0.4650000035762787,0.5,10006700,0.0,0.0
2025-03-24 00:00:00-04:00,0.5,0.6240000128746033,0.49799999594688416,0.6230000257492065,2499900,0.0,0.0
2025-03-25 00:00:00-04:00,0.6200000047683716,0.6299999952316284,0.550000011920929,0.5920000076293945,1302000,0.0,0.0
2025-03-26 00:00:00-04:00,0.5860000252723694,0.5920000076293945,0.5099999904632568,0.550000011920929,829200,0.0,0.0
2025-03-27 00:00:00-04:00,0.5379999876022339,0.5519999861717224,0.5139999985694885,0.5299999713897705,574500,0.0,0.0
2025-03-28 00:00:00-04:00,0.5189999938011169,0.5580000281333923,0.47099998593330383,0.49000000953674316,885300,0.0,0.0
2025-03-31 00:00:00-04:00,0.46700000762939453,0.4830000102519989,0.4399999976158142,0.46700000762939453,512500,0.0,0.0
2025-04-01 00:00:00-04:00,0.46700000762939453,0.4749999940395355,0.42100000381469727,0.4350000023841858,571500,0.0,0.0
2025-04-02 00:00:00-04:00,0.4399999976158142,0.44999998807907104,0.4300000071525574,0.4429999887943268,350400,0.0,0.0
2025-04-03 00:00:00-04:00,0.44200000166893005,0.4449999928474426,0.4050000011920929,0.41499999165534973,517100,0.0,0.0
2025-04-04 00:00:00-04:00,0.46000000834465027,0.4650000035762787,0.3840000033378601,0.40799999237060547,8153800,0.0,0.0
2025-04-07 00:00:00-04:00,0.3970000147819519,0.4429999887943268,0.3799999952316284,0.4269999861717224,1009900,0.0,0.0
2025-04-08 00:00:00-04:00,0.4399999976158142,0.46000000834465027,0.4000000059604645,0.40299999713897705,1123700,0.0,0.0
2025-04-09 00:00:00-04:00,0.42500001192092896,0.47999998927116394,0.41499999165534973,0.47600001096725464,898800,0.0,0.0
2025-04-10 00:00:00-04:00,0.4880000054836273,0.4970000088214874,0.46700000762939453,0.47699999809265137,400900,0.0,0.0
2025-04-11 00:00:00-04:00,0.48899999260902405,0.5019999742507935,0.47999998927116394,0.48100000619888306,346300,0.0,0.0
2025-04-14 00:00:00-04:00,0.6000000238418579,0.9160000085830688,0.5400000214576721,0.6349999904632568,105774000,0.0,0.0
2025-04-15 00:00:00-04:00,0.6140000224113464,0.7080000042915344,0.5600000023841858,0.6050000190734863,6892100,0.0,0.0
2025-04-16 00:00:00-04:00,0.6100000143051147,1.25,0.6000000238418579,1.1100000143051147,69399100,0.0,0.0
2025-04-17 00:00:00-04:00,1.2549999952316284,1.6799999475479126,1.1399999856948853,1.2899999618530273,65718800,0.0,0.0
2025-04-21 00:00:00-04:00,1.3799999952316284,1.4199999570846558,1.0800000429153442,1.2300000190734863,15467000,0.0,0.0
2025-04-22 00:00:00-04:00,1.2300000190734863,1.25,0.9909999966621399,1.1399999856948853,6412600,0.0,0.0
2025-04-23 00:00:00-04:00,0.9900000095367432,1.1299999952316284,0.9369999766349792,1.100000023841858,5619400,0.0,0.0
2025-04-24 00:00:00-04:00,1.1699999570846558,1.2999999523162842,1.1200000047683716,1.2000000476837158,5853700,0.0,0.0
2025-04-25 00:00:00-04:00,1.159999966621399,1.1770000457763672,1.0199999809265137,1.0399999618530273,3060600,0.0,0.0
2025-04-28 00:00:00-04:00,1.0299999713897705,1.069000005722046,0.9700000286102295,0.9900000095367432,1334100,0.0,0.0
2025-04-29 00:00:00-04:00,0.9800000190734863,1.0800000429153442,0.8960000276565552,1.0099999904632568,2665500,0.0,0.0
2025-04-30 00:00:00-04:00,0.9800000190734863,1.0099999904632568,0.9309999942779541,0.9700000286102295,1243800,0.0,0.0
2025-05-01 00:00:00-04:00,0.949999988079071,0.9589999914169312,0.8999999761581421,0.9100000262260437,1445300,0.0,0.0
2025-05-02 00:00:00-04:00,0.9100000262260437,0.9150000214576721,0.8209999799728394,0.8299999833106995,1344000,0.0,0.0
2025-05-05 00:00:00-04:00,0.8299999833106995,0.8349999785423279,0.7639999985694885,0.7720000147819519,1362500,0.0,0.0
2025-05-06 00:00:00-04:00,0.7599999904632568,0.7699999809265137,0.7200000286102295,0.753000020980835,1209400,0.0,0.0
2025-05-07 00:00:00-04:00,0.75,0.8700000047683716,0.7300000190734863,0.8560000061988831,2634200,0.0,0.0
2025-05-08 00:00:00-04:00,0.8799999952316284,0.8889999985694885,0.8109999895095825,0.8389999866485596,953600,0.0,0.0
2025-05-09 00:00:00-04:00,0.8399999737739563,0.8999999761581421,0.8130000233650208,0.8460000157356262,561600,0.0,0.0
2025-05-12 00:00:00-04:00,0.7829999923706055,0.8799999952316284,0.7799999713897705,0.8349999785423279,974600,0.0,0.0
2025-05-13 00:00:00-04:00,0.800000011920929,0.9200000166893005,0.7900000214576721,0.8790000081062317,747600,0.0,0.0
2025-05-14 00:00:00-04:00,0.9100000262260437,0.949999988079071,0.8510000109672546,0.8999999761581421,959000,0.0,0.0
2025-05-15 00:00:00-04:00,0.8849999904632568,0.9399999976158142,0.8849999904632568,0.9089999794960022,319400,0.0,0.0
2025-05-16 00:00:00-04:00,0.9179999828338623,0.9599999785423279,0.8880000114440918,0.9309999942779541,497600,0.0,0.0
2025-05-19 00:00:00-04:00,0.8999999761581421,0.9670000076293945,0.875,0.9020000100135803,871600,0.0,0.0
2025-05-20 00:00:00-04:00,0.8600000143051147,0.9200000166893005,0.824999988079071,0.8880000114440918,764100,0.0,0.0
2025-05-21 00:00:00-04:00,0.8510000109672546,0.8889999985694885,0.7919999957084656,0.800000011920929,893100,0.0,0.0
2025-05-22 00:00:00-04:00,0.7870000004768372,0.800000011920929,0.6800000071525574,0.699999988079071,1974500,0.0,0.0
2025-05-23 00:00:00-04:00,0.699999988079071,0.7570000290870667,0.6460000276565552,0.6629999876022339,1763000,0.0,0.0
2025-05-27 00:00:00-04:00,0.6940000057220459,0.7239999771118164,0.6800000071525574,0.703000009059906,778400,0.0,0.0
2025-05-28 00:00:00-04:00,0.7200000286102295,0.75,0.6499999761581421,0.6499999761581421,800000,0.0,0.0
2025-05-29 00:00:00-04:00,0.6499999761581421,0.6899999976158142,0.6140000224113464,0.6700000166893005,1056200,0.0,0.0
2025-05-30 00:00:00-04:00,0.6779999732971191,0.6980000138282776,0.6359999775886536,0.6380000114440918,1365700,0.0,0.0
2025-06-02 00:00:00-04:00,0.6890000104904175,0.8840000033378601,0.6890000104904175,0.7379999756813049,7036100,0.0,0.0
2025-06-03 00:00:00-04:00,0.7490000128746033,0.7900000214576721,0.6800000071525574,0.7450000047683716,1702300,0.0,0.0
2025-06-04 00:00:00-04:00,0.75,0.7689999938011169,0.6830000281333923,0.6899999976158142,1742700,0.0,0.0
2025-06-05 00:00:00-04:00,0.7200000286102295,0.7599999904632568,0.6600000262260437,0.671999990940094,1644400,0.0,0.0
2025-06-06 00:00:00-04:00,0.675000011920929,0.699999988079071,0.6499999761581421,0.6549999713897705,1124800,0.0,0.0
2025-06-09 00:00:00-04:00,0.699999988079071,0.8889999985694885,0.6809999942779541,0.8190000057220459,9719700,0.0,0.0
2025-06-10 00:00:00-04:00,0.8460000157356262,0.8629999756813049,0.75,0.8009999990463257,2441300,0.0,0.0
2025-06-11 00:00:00-04:00,0.7699999809265137,0.7799999713897705,0.6299999952316284,0.7139999866485596,2535400,0.0,0.0
2025-06-12 00:00:00-04:00,0.6909999847412109,0.8009999990463257,0.6899999976158142,0.781000018119812,2554800,0.0,0.0
2025-06-13 00:00:00-04:00,0.7699999809265137,0.9100000262260437,0.7310000061988831,0.871999979019165,3046600,0.0,0.0
2025-06-16 00:00:00-04:00,0.9100000262260437,1.0499999523162842,0.9100000262260437,0.949999988079071,2492600,0.0,0.0
2025-06-17 00:00:00-04:00,0.9470000267028809,1.0499999523162842,0.9300000071525574,0.9440000057220459,1421400,0.0,0.0
2025-06-18 00:00:00-04:00,0.9700000286102295,1.0800000429153442,0.9139999747276306,0.9990000128746033,2027400,0.0,0.0
2025-06-20 00:00:00-04:00,1.0299999713897705,1.0299999713897705,0.8899999856948853,0.9200000166893005,1231900,0.0,0.0
2025-06-23 00:00:00-04:00,0.9480000138282776,0.949999988079071,0.8429999947547913,0.8989999890327454,1067600,0.0,0.0
2025-06-24 00:00:00-04:00,0.8920000195503235,0.8999999761581421,0.8180000185966492,0.8500000238418579,824400,0.0,0.0
2025-06-25 00:00:00-04:00,0.8600000143051147,0.9079999923706055,0.8370000123977661,0.8880000114440918,750700,0.0,0.0
2025-06-26 00:00:00-04:00,0.8700000047683716,0.9150000214576721,0.8130000233650208,0.8889999985694885,592200,0.0,0.0
2025-06-27 00:00:00-04:00,0.8500000238418579,0.8600000143051147,0.7950000166893005,0.8100000023841858,1102300,0.0,0.0
2025-06-30 00:00:00-04:00,0.8100000023841858,0.8399999737739563,0.7699999809265137,0.828000009059906,613800,0.0,0.0
2025-07-01 00:00:00-04:00,0.8100000023841858,0.8240000009536743,0.7799999713897705,0.781000018119812,585800,0.0,0.0
2025-07-02 00:00:00-04:00,0.7940000295639038,0.847000002861023,0.7900000214576721,0.8339999914169312,400100,0.0,0.0
2025-07-03 00:00:00-04:00,0.8500000238418579,0.8899999856948853,0.8399999737739563,0.8709999918937683,309400,0.0,0.0
2025-07-07 00:00:00-04:00,0.8690000176429749,0.8700000047683716,0.8270000219345093,0.8330000042915344,348500,0.0,0.0
2025-07-08 00:00:00-04:00,0.8479999899864197,0.8899999856948853,0.8330000042915344,0.859000027179718,679900,0.0,0.0
2025-07-09 00:00:00-04:00,0.8600000143051147,0.8999999761581421,0.843999981880188,0.8659999966621399,510500,0.0,0.0
2025-07-10 00:00:00-04:00,1.0299999713897705,1.1399999856948853,0.9110000133514404,1.1100000143051147,5215500,0.0,0.0
2025-07-11 00:00:00-04:00,1.1200000047683716,1.2999999523162842,1.1100000143051147,1.1699999570846558,3252200,0.0,0.0
2025-07-14 00:00:00-04:00,1.1699999570846558,1.190000057220459,1.0800000429153442,1.1299999952316284,1246800,0.0,0.0
2025-07-15 00:00:00-04:00,1.2000000476837158,1.440000057220459,1.159999966621399,1.399999976158142,5848000,0.0,0.0
2025-07-16 00:00:00-04:00,1.4700000286102295,1.4800000190734863,1.2599999904632568,1.3200000524520874,3709800,0.0,0.0
2025-07-17 00:00:00-04:00,1.350000023841858,1.4700000286102295,1.3300000429153442,1.4700000286102295,2453900,0.0,0.0
2025-07-18 00:00:00-04:00,1.4600000381469727,1.5,1.3300000429153442,1.350000023841858,1786300,0.0,0.0
2025-07-21 00:00:00-04:00,1.409999966621399,1.5850000381469727,1.3799999952316284,1.4900000095367432,3208900,0.0,0.0
2025-07-22 00:00:00-04:00,1.5,1.569000005722046,1.3700000047683716,1.440000057220459,1781000,0.0,0.0
2025-07-23 00:00:00-04:00,1.4600000381469727,1.5499999523162842,1.4299999475479126,1.4800000190734863,1083800,0.0,0.0
2025-07-24 00:00:00-04:00,1.4800000190734863,1.4800000190734863,1.25,1.2899999618530273,2364400,0.0,0.0
2025-07-25 00:00:00-04:00,1.2999999523162842,1.3370000123977661,1.2000000476837158,1.2100000381469727,1480100,0.0,0.0
2025-07-28 00:00:00-04:00,1.2300000190734863,1.2400000095367432,1.1299999952316284,1.2100000381469727,1121400,0.0,0.0
2025-07-29 00:00:00-04:00,1.2100000381469727,1.25,1.0399999618530273,1.0499999523162842,1649700,0.0,0.0
2025-07-30 00:00:00-04:00,1.0700000524520874,1.0770000219345093,1.0,1.0199999809265137,1508900,0.0,0.0
2025-07-31 00:00:00-04:00,1.0299999713897705,1.190000057220459,1.024999976158142,1.1200000047683716,1895900,0.0,0.0
2025-08-01 00:00:00-04:00,1.1299999952316284,1.2649999856948853,1.0499999523162842,1.1799999475479126,3846100,0.0,0.0
2025-08-04 00:00:00-04:00,1.2400000095367432,1.2450000047683716,1.1699999570846558,1.2000000476837158,1712000,0.0,0.0
2025-08-05 00:00:00-04:00,1.2000000476837158,1.3200000524520874,1.1399999856948853,1.309999942779541,2615700,0.0,0.0
2025-08-06 00:00:00-04:00,1.3200000524520874,1.3300000429153442,1.2300000190734863,1.2599999904632568,1659800,0.0,0.0
2025-08-07 00:00:00-04:00,1.2699999809265137,1.4199999570846558,1.2599999904632568,1.2999999523162842,2604700,0.0,0.0
2025-08-08 00:00:00-04:00,1.3300000429153442,1.6299999952316284,1.309999942779541,1.6100000143051147,4702400,0.0,0.0
2025-08-11 00:00:00-04:00,1.7200000286102295,1.9500000476837158,1.600000023841858,1.6299999952316284,6458200,0.0,0.0
2025-08-12 00:00:00-04:00,1.6200000047683716,1.7999999523162842,1.5700000524520874,1.600000023841858,2685300,0.0,0.0
2025-08-13 00:00:00-04:00,1.6399999856948853,1.7999999523162842,1.5800000429153442,1.7999999523162842,2042600,0.0,0.0
2025-08-14 00:00:00-04:00,1.7200000286102295,1.7599999904632568,1.6100000143051147,1.7300000190734863,1737900,0.0,0.0
2025-08-15 00:00:00-04:00,1.6799999475479126,1.6950000524520874,1.3899999856948853,1.4500000476837158,3038400,0.0,0.0
2025-08-18 00:00:00-04:00,1.4500000476837158,1.4780000448226929,1.2599999904632568,1.2699999809265137,3016000,0.0,0.0
2025-08-19 00:00:00-04:00,1.4600000381469727,1.5299999713897705,1.2300000190734863,1.2599999904632568,16385200,0.0,0.0
2025-08-20 00:00:00-04:00,1.2599999904632568,1.3600000143051147,1.1799999475479126,1.3200000524520874,3695900,0.0,0.0
2025-08-21 00:00:00-04:00,1.3300000429153442,1.4900000095367432,1.2799999713897705,1.4500000476837158,4129400,0.0,0.0
2025-08-22 00:00:00-04:00,1.4299999475479126,1.7799999713897705,1.409999966621399,1.7799999713897705,7365600,0.0,0.0
2025-08-25 00:00:00-04:00,1.7899999618530273,2.180000066757202,1.7549999952316284,2.1600000858306885,8345500,0.0,0.0
2025-08-26 00:00:00-04:00,2.1500000953674316,2.259999990463257,1.9900000095367432,2.0999999046325684,6980700,0.0,0.0
2025-08-27 00:00:00-04:00,2.1600000858306885,2.490000009536743,2.0999999046325684,2.180000066757202,8523800,0.0,0.0
2025-08-28 00:00:00-04:00,2.2100000381469727,2.25,1.9850000143051147,2.0899999141693115,5100100,0.0,0.0
2025-08-29 00:00:00-04:00,2.0899999141693115,2.190000057220459,1.909999966621399,2.059999942779541,3186600,0.0,0.0
2025-09-02 00:00:00-04:00,1.9800000190734863,2.0250000953674316,1.8700000047683716,1.9500000476837158,3020300,0.0,0.0
2025-09-03 00:00:00-04:00,1.9600000381469727,1.9800000190734863,1.7699999809265137,1.7999999523162842,1969100,0.0,0.0
2025-09-04 00:00:00-04:00,1.7999999523162842,1.9199999570846558,1.7300000190734863,1.8700000047683716,2215700,0.0,0.0
2025-09-05 00:00:00-04:00,1.8899999856948853,1.9900000095367432,1.75,1.8700000047683716,2969600,0.0,0.0
2025-09-08 00:00:00-04:00,1.850000023841858,1.8700000047683716,1.7599999904632568,1.8300000429153442,1265300,0.0,0.0
2025-09-09 00:00:00-04:00,2.009999990463257,2.190000057220459,1.9800000190734863,2.0899999141693115,5961800,0.0,0.0
2025-09-10 00:00:00-04:00,2.109999895095825,2.1500000953674316,1.9819999933242798,2.0299999713897705,1809600,0.0,0.0
2025-09-11 00:00:00-04:00,2.0199999809265137,2.140000104904175,2.0,2.109999895095825,1746100,0.0,0.0
2025-09-12 00:00:00-04:00,2.109999895095825,2.1500000953674316,2.0199999809265137,2.0299999713897705,1734500,0.0,0.0
2025-09-15 00:00:00-04:00,2.0799999237060547,2.450000047683716,2.059999942779541,2.450000047683716,5422200,0.0,0.0
2025-09-16 00:00:00-04:00,2.5799999237060547,2.799999952316284,2.5,2.7100000381469727,6553600,0.0,0.0
2025-09-17 00:00:00-04:00,2.7699999809265137,2.799999952316284,2.490000009536743,2.5399999618530273,4014700,0.0,0.0
2025-09-18 00:00:00-04:00,2.559999942779541,2.5999999046325684,2.4700000286102295,2.490000009536743,2684500,0.0,0.0
2025-09-19 00:00:00-04:00,2.509999990463257,2.9200000762939453,2.5,2.869999885559082,4931400,0.0,0.0
2025-09-22 00:00:00-04:00,2.9800000190734863,3.0899999141693115,2.859999895095825,2.9600000381469727,4207800,0.0,0.0
2025-09-23 00:00:00-04:00,2.9600000381469727,3.009999990463257,2.674999952316284,2.7100000381469727,4435800,0.0,0.0
2025-09-24 00:00:00-04:00,2.7200000286102295,2.984999895095825,2.6700000762939453,2.890000104904175,3738100,0.0,0.0
2025-09-25 00:00:00-04:00,2.7799999713897705,2.950000047683716,2.609999895095825,2.759999990463257,3877500,0.0,0.0
2025-09-26 00:00:00-04:00,2.809999942779541,2.880000114440918,2.7249999046325684,2.7799999713897705,2057400,0.0,0.0
2025-09-29 00:00:00-04:00,2.930000066757202,3.3299999237060547,2.9200000762939453,3.009999990463257,6559300,0.0,0.0
2025-09-30 00:00:00-04:00,3.009999990463257,3.0199999809265137,2.5999999046325684,2.700000047683716,4143500,0.0,0.0
2025-10-01 00:00:00-04:00,2.7300000190734863,2.749000072479248,2.5999999046325684,2.619999885559082,3112100,0.0,0.0
2025-10-02 00:00:00-04:00,2.7699999809265137,3.0799999237060547,2.7170000076293945,3.0799999237060547,6389400,0.0,0.0
2025-10-03 00:00:00-04:00,3.109999895095825,3.700000047683716,3.069999933242798,3.700000047683716,8374700,0.0,0.0
2025-10-06 00:00:00-04:00,4.070000171661377,4.199999809265137,3.75,3.819999933242798,8728300,0.0,0.0
2025-10-07 00:00:00-04:00,4.010000228881836,4.360000133514404,3.700000047683716,3.890000104904175,6950400,0.0,0.0
2025-10-08 00:00:00-04:00,3.950000047683716,4.105000019073486,3.6700000762939453,3.819999933242798,5544300,0.0,0.0
2025-10-09 00:00:00-04:00,4.0,4.139999866485596,3.8499999046325684,4.039999961853027,6301000,0.0,0.0
2025-10-10 00:00:00-04:00,4.139999866485596,4.809999942779541,3.9489998817443848,4.079999923706055,16598600,0.0,0.0
2025-10-13 00:00:00-04:00,4.434999942779541,5.190000057220459,4.119999885559082,4.980000019073486,26036100,0.0,0.0
2025-10-14 00:00:00-04:00,6.010000228881836,7.110000133514404,5.079999923706055,6.809999942779541,48055200,0.0,0.0
2025-10-15 00:00:00-04:00,6.119999885559082,6.15500020980835,4.570000171661377,5.010000228881836,34023500,0.0,0.0
2025-10-16 00:00:00-04:00,5.289999961853027,5.400000095367432,4.119999885559082,4.25,19025500,0.0,0.0
2025-10-17 00:00:00-04:00,3.9800000190734863,4.343999862670898,3.869999885559082,4.0,11676500,0.0,0.0
2025-10-20 00:00:00-04:00,4.324999809265137,4.75,3.7100000381469727,4.730000019073486,18715000,0.0,0.0
2025-10-21 00:00:00-04:00,4.599999904632568,4.599999904632568,3.990000009536743,4.230000019073486,9132600,0.0,0.0
2025-10-22 00:00:00-04:00,4.099999904632568,4.099999904632568,3.509999990463257,3.7200000286102295,11828900,0.0,0.0
2025-10-23 00:00:00-04:00,3.7799999713897705,4.070000171661377,3.5999999046325684,3.630000114440918,6419300,0.0,0.0
2025-10-24 00:00:00-04:00,3.759999990463257,4.099999904632568,3.7300000190734863,3.875,7050600,0.0,0.0
2025-10-27 00:00:00-04:00,3.569999933242798,3.569999933242798,3.0199999809265137,3.440000057220459,12293200,0.0,0.0
2025-10-28 00:00:00-04:00,3.2699999809265137,3.5299999713897705,3.190000057220459,3.450000047683716,6700300,0.0,0.0
2025-10-29 00:00:00-04:00,3.390000104904175,4.0,3.390000104904175,3.7799999713897705,13059000,0.0,0.0
2025-10-30 00:00:00-04:00,3.609999895095825,3.75,3.4200000762939453,3.630000114440918,6980900,0.0,0.0
2025-10-31 00:00:00-04:00,3.700000047683716,3.885999917984009,3.565000057220459,3.8499999046325684,4880200,0.0,0.0
2025-11-03 00:00:00-05:00,4.940000057220459,4.940000057220459,3.890000104904175,4.0,49610000,0.0,0.0
2025-11-04 00:00:00-05:00,3.6449999809265137,4.239999771118164,3.5999999046325684,3.950000047683716,11287100,0.0,0.0
2025-11-05 00:00:00-05:00,3.9600000381469727,4.090000152587891,3.700000047683716,3.7100000381469727,7195000,0.0,0.0
2025-11-06 00:00:00-05:00,3.7200000286102295,3.7850000858306885,3.4000000953674316,3.609999895095825,6989500,0.0,0.0
2025-11-07 00:00:00-05:00,3.390000104904175,4.159999847412109,3.390000104904175,4.010000228881836,12899700,0.0,0.0
2025-11-10 00:00:00-05:00,4.070000171661377,4.25,3.9000000953674316,4.150000095367432,7660500,0.0,0.0
2025-11-11 00:00:00-05:00,4.179999828338623,4.21999979019165,3.809999942779541,3.8399999141693115,4385100,0.0,0.0
2025-11-12 00:00:00-05:00,3.8399999141693115,3.950000047683716,3.630000114440918,3.6700000762939453,4597000,0.0,0.0
2025-11-13 00:00:00-05:00,3.5999999046325684,3.799999952316284,3.2899999618530273,3.299999952316284,4974600,0.0,0.0
2025-11-14 00:00:00-05:00,2.990000009536743,3.359999895095825,2.990000009536743,3.0199999809265137,6423800,0.0,0.0
2025-11-17 00:00:00-05:00,3.0,3.1700000762939453,2.869999885559082,3.130000114440918,5630700,0.0,0.0
2025-11-18 00:00:00-05:00,3.065000057220459,3.674999952316284,3.049999952316284,3.5399999618530273,12783600,0.0,0.0
2025-11-19 00:00:00-05:00,3.680000066757202,3.700000047683716,3.069999933242798,3.0799999237060547,8787800,0.0,0.0
2025-11-20 00:00:00-05:00,3.2149999141693115,3.2899999618530273,2.5450000762939453,2.549999952316284,10550400,0.0,0.0
2025-11-21 00:00:00-05:00,2.630000114440918,2.8399999141693115,2.5,2.674999952316284,9805100,0.0,0.0
2025-11-24 00:00:00-05:00,2.7300000190734863,2.859999895095825,2.549999952316284,2.8399999141693115,6842900,0.0,0.0
2025-11-25 00:00:00-05:00,2.7799999713897705,2.809999942779541,2.549999952316284,2.6500000953674316,4461400,0.0,0.0
2025-11-26 00:00:00-05:00,2.6500000953674316,2.7750000953674316,2.5799999237060547,2.619999885559082,4426800,0.0,0.0
2025-11-28 00:00:00-05:00,2.5999999046325684,2.819999933242798,2.559999942779541,2.7799999713897705,2535500,0.0,0.0
2025-12-01 00:00:00-05:00,2.7100000381469727,2.940000057220459,2.6700000762939453,2.8399999141693115,5254300,0.0,0.0
2025-12-02 00:00:00-05:00,2.809999942779541,2.869999885559082,2.6989998817443848,2.859999895095825,3561800,0.0,0.0
2025-12-03 00:00:00-05:00,2.9100000858306885,2.9749999046325684,2.759999990463257,2.930000066757202,4227500,0.0,0.0
2025-12-04 00:00:00-05:00,2.9100000858306885,3.200000047683716,2.890000104904175,3.1700000762939453,4380100,0.0,0.0
2025-12-05 00:00:00-05:00,3.190000057220459,3.244999885559082,2.984999895095825,3.0,3885300,0.0,0.0
2025-12-08 00:00:00-05:00,3.0,3.049999952316284,2.75,2.809999942779541,4002600,0.0,0.0
2025-12-09 00:00:00-05:00,2.7899999618530273,2.8499999046325684,2.631999969482422,2.7899999618530273,2646500,0.0,0.0
2025-12-10 00:00:00-05:00,2.7899999618530273,2.799999952316284,2.509999990463257,2.559999942779541,4747300,0.0,0.0
2025-12-11 00:00:00-05:00,2.509999990463257,2.700000047683716,2.5,2.700000047683716,2507700,0.0,0.0
2025-12-12 00:00:00-05:00,2.700000047683716,2.7300000190734863,2.509999990463257,2.569999933242798,2953200,0.0,0.0
2025-12-15 00:00:00-05:00,2.609999895095825,2.640000104904175,2.319999933242798,2.319999933242798,3656600,0.0,0.0
2025-12-16 00:00:00-05:00,2.2899999618530273,2.359999895095825,2.240000009536743,2.3499999046325684,2416200,0.0,0.0
2025-12-17 00:00:00-05:00,2.3499999046325684,2.440000057220459,2.119999885559082,2.130000114440918,5906100,0.0,0.0
2025-12-18 00:00:00-05:00,2.2200000286102295,2.2799999713897705,2.1500000953674316,2.1600000858306885,2984800,0.0,0.0
2025-12-19 00:00:00-05:00,2.119999885559082,2.319999933242798,2.0799999237060547,2.2799999713897705,2327600,0.0,0.0
2025-12-22 00:00:00-05:00,2.2899999618530273,2.5299999713897705,2.2699999809265137,2.430000066757202,2741200,0.0,0.0
2025-12-23 00:00:00-05:00,2.4700000286102295,2.6700000762939453,2.428999900817871,2.630000114440918,4350600,0.0,0.0
2025-12-24 00:00:00-05:00,2.630000114440918,2.759999990463257,2.569999933242798,2.7200000286102295,2165700,0.0,0.0
2025-12-26 00:00:00-05:00,2.7300000190734863,2.759999990463257,2.5999999046325684,2.680000066757202,3030700,0.0,0.0
2025-12-29 00:00:00-05:00,2.5999999046325684,2.7699999809265137,2.490000009536743,2.7100000381469727,2917900,0.0,0.0
2025-12-30 00:00:00-05:00,2.7100000381469727,2.7799999713897705,2.619999885559082,2.6700000762939453,2387200,0.0,0.0
2025-12-31 00:00:00-05:00,2.6700000762939453,2.680000066757202,2.4700000286102295,2.4800000190734863,3249700,0.0,0.0
2026-01-02 00:00:00-05:00,2.5399999618530273,2.734999895095825,2.4140000343322754,2.7200000286102295,2944800,0.0,0.0
2026-01-05 00:00:00-05:00,2.859999895095825,3.4000000953674316,2.859999895095825,3.25,8677000,0.0,0.0
2026-01-06 00:00:00-05:00,3.309999942779541,3.4700000286102295,3.140000104904175,3.2300000190734863,8063700,0.0,0.0
2026-01-07 00:00:00-05:00,3.2300000190734863,3.4600000381469727,3.1600000858306885,3.4600000381469727,4506300,0.0,0.0
2026-01-08 00:00:00-05:00,3.4700000286102295,3.5199999809265137,3.319999933242798,3.440000057220459,3479000,0.0,0.0
2026-01-09 00:00:00-05:00,3.440000057220459,3.559999942779541,3.2739999294281006,3.369999885559082,3518500,0.0,0.0
2026-01-12 00:00:00-05:00,3.4100000858306885,3.5299999713897705,3.2300000190734863,3.5,4519200,0.0,0.0
2026-01-13 00:00:00-05:00,3.5950000286102295,3.700000047683716,3.305000066757202,3.319999933242798,4170600,0.0,0.0
2026-01-14 00:00:00-05:00,3.390000104904175,3.759999990463257,3.244999885559082,3.680000066757202,5522500,0.0,0.0
2026-01-15 00:00:00-05:00,3.700000047683716,3.7160000801086426,3.5,3.559999942779541,4050500,0.0,0.0
2026-01-16 00:00:00-05:00,3.559999942779541,3.6700000762939453,3.4049999713897705,3.569999933242798,3411100,0.0,0.0
2026-01-20 00:00:00-05:00,3.440000057220459,3.740000009536743,3.4149999618530273,3.5,4325800,0.0,0.0
2026-01-21 00:00:00-05:00,3.630000114440918,4.489999771118164,3.5850000381469727,4.349999904632568,15745900,0.0,0.0
2026-01-22 00:00:00-05:00,4.380000114440918,4.579999923706055,4.170000076293945,4.190000057220459,7441900,0.0,0.0
2026-01-23 00:00:00-05:00,4.210000038146973,4.449999809265137,4.03000020980835,4.369999885559082,4745800,0.0,0.0
2026-01-26 00:00:00-05:00,4.710000038146973,4.800000190734863,3.61299991607666,3.7200000286102295,13556200,0.0,0.0
2026-01-27 00:00:00-05:00,3.7300000190734863,3.9600000381469727,3.484999895095825,3.9200000762939453,5504400,0.0,0.0
2026-01-28 00:00:00-05:00,3.9600000381469727,4.059999942779541,3.7839999198913574,3.990000009536743,5179700,0.0,0.0
2026-01-29 00:00:00-05:00,3.869999885559082,3.9000000953674316,3.3299999237060547,3.700000047683716,6172000,0.0,0.0
2026-01-30 00:00:00-05:00,3.569999933242798,3.7829999923706055,3.119999885559082,3.1600000858306885,5026200,0.0,0.0
2026-02-02 00:00:00-05:00,3.2699999809265137,3.4200000762939453,2.9000000953674316,2.930000066757202,7138200,0.0,0.0
2026-02-03 00:00:00-05:00,3.174999952316284,3.444999933242798,3.0799999237060547,3.430000066757202,7945400,0.0,0.0
2026-02-04 00:00:00-05:00,3.369999885559082,3.440000057220459,2.865000009536743,2.9800000190734863,6196100,0.0,0.0
2026-02-05 00:00:00-05:00,2.859999895095825,2.930000066757202,2.6500000953674316,2.7300000190734863,4274500,0.0,0.0
2026-02-06 00:00:00-05:00,2.809999942779541,3.0799999237060547,2.6449999809265137,3.075000047683716,4136800,0.0,0.0
2026-02-09 00:00:00-05:00,3.009999990463257,3.0399999618530273,2.880000114440918,2.930000066757202,2848900,0.0,0.0
2026-02-10 00:00:00-05:00,2.9600000381469727,3.140000104904175,2.819999933242798,3.0399999618530273,3883500,0.0,0.0
2026-02-11 00:00:00-05:00,3.0999999046325684,3.0999999046325684,2.809999942779541,2.890000104904175,2671000,0.0,0.0
2026-02-12 00:00:00-05:00,2.9100000858306885,2.9600000381469727,2.805000066757202,2.8299999237060547,2622200,0.0,0.0
2026-02-13 00:00:00-05:00,2.8499999046325684,3.2799999713897705,2.7200000286102295,3.0799999237060547,6314700,0.0,0.0
2026-02-17 00:00:00-05:00,3.0199999809265137,3.049999952316284,2.8499999046325684,2.9700000286102295,2728200,0.0,0.0
2026-02-18 00:00:00-05:00,3.0,3.0999999046325684,2.9149999618530273,3.0199999809265137,2052700,0.0,0.0
2026-02-19 00:00:00-05:00,2.9800000190734863,3.0999999046325684,2.9200000762939453,3.0899999141693115,2470200,0.0,0.0
2026-02-20 00:00:00-05:00,3.180000066757202,3.3499999046325684,2.944999933242798,3.0199999809265137,4643600,0.0,0.0
2026-02-23 00:00:00-05:00,3.0,3.1500000953674316,2.934000015258789,3.069999933242798,1737600,0.0,0.0
2026-02-24 00:00:00-05:00,3.059999942779541,3.244999885559082,3.0299999713897705,3.180000066757202,2027700,0.0,0.0
2026-02-25 00:00:00-05:00,3.190000057220459,3.325000047683716,3.1600000858306885,3.259999990463257,2166200,0.0,0.0
2026-02-26 00:00:00-05:00,3.200000047683716,3.25,3.015000104904175,3.0799999237060547,1967500,0.0,0.0
2026-02-27 00:00:00-05:00,3.0799999237060547,3.0799999237060547,2.9200000762939453,3.0,1872600,0.0,0.0
2026-03-02 00:00:00-05:00,2.9100000858306885,3.309999942779541,2.9000000953674316,3.200000047683716,3691900,0.0,0.0
2026-03-03 00:00:00-05:00,3.140000104904175,3.2249999046325684,2.9700000286102295,3.109999895095825,2587900,0.0,0.0
2026-03-04 00:00:00-05:00,3.0999999046325684,3.3299999237060547,2.990000009536743,3.2200000286102295,2945200,0.0,0.0
2026-03-05 00:00:00-05:00,3.200000047683716,3.315000057220459,3.059999942779541,3.259999990463257,3087900,0.0,0.0
2026-03-06 00:00:00-05:00,3.1700000762939453,3.494999885559082,3.130000114440918,3.140000104904175,3212200,0.0,0.0
2026-03-09 00:00:00-04:00,3.0450000762939453,3.315000057220459,3.0299999713897705,3.2799999713897705,2042300,0.0,0.0
2026-03-10 00:00:00-04:00,3.2799999713897705,3.569999933242798,3.2799999713897705,3.450000047683716,2830900,0.0,0.0
2026-03-11 00:00:00-04:00,3.4000000953674316,3.5999999046325684,3.359999895095825,3.4700000286102295,1940600,0.0,0.0
2026-03-12 00:00:00-04:00,3.430000066757202,3.4700000286102295,3.2149999141693115,3.259999990463257,2080300,0.0,0.0
2026-03-13 00:00:00-04:00,3.2799999713897705,3.359999895095825,3.0999999046325684,3.109999895095825,1999700,0.0,0.0
2026-03-16 00:00:00-04:00,3.130000114440918,3.25,3.069999933242798,3.130000114440918,1679200,0.0,0.0
2026-03-17 00:00:00-04:00,3.119999885559082,3.2300000190734863,3.069999933242798,3.140000104904175,1279400,0.0,0.0
2026-03-18 00:00:00-04:00,3.0999999046325684,3.2100000381469727,3.049999952316284,3.0999999046325684,2148900,0.0,0.0
2026-03-19 00:00:00-04:00,3.0199999809265137,3.0899999141693115,2.799999952316284,2.799999952316284,4097800,0.0,0.0
2026-03-20 00:00:00-04:00,2.799999952316284,2.799999952316284,2.5450000762939453,2.5899999141693115,4544200,0.0,0.0
2026-03-23 00:00:00-04:00,2.5799999237060547,2.734999895095825,2.569999933242798,2.700000047683716,2731900,0.0,0.0
2026-03-24 00:00:00-04:00,2.6700000762939453,2.7049999237060547,2.5250000953674316,2.5799999237060547,1664400,0.0,0.0
2026-03-25 00:00:00-04:00,2.6500000953674316,2.680000066757202,2.5299999713897705,2.5399999618530273,1263400,0.0,0.0
2026-03-26 00:00:00-04:00,2.5199999809265137,2.5450000762939453,2.4149999618530273,2.440000057220459,1629500,0.0,0.0
2026-03-27 00:00:00-04:00,2.4000000953674316,2.4000000953674316,2.2200000286102295,2.2799999713897705,2673900,0.0,0.0
2026-03-30 00:00:00-04:00,2.2899999618530273,2.4100000858306885,2.194999933242798,2.240000009536743,1615600,0.0,0.0
2026-03-31 00:00:00-04:00,2.3399999141693115,2.505000114440918,2.3299999237060547,2.4200000762939453,2513900,0.0,0.0
2026-04-01 00:00:00-04:00,2.4600000381469727,2.5199999809265137,2.315000057220459,2.3399999141693115,2478700,0.0,0.0
2026-04-02 00:00:00-04:00,2.2799999713897705,2.5350000858306885,2.240000009536743,2.450000047683716,3911300,0.0,0.0
2026-04-06 00:00:00-04:00,2.450000047683716,2.5,2.3949999809265137,2.4200000762939453,1596200,0.0,0.0
2026-04-07 00:00:00-04:00,2.4200000762939453,2.4200000762939453,2.1700000762939453,2.2249999046325684,3096700,0.0,0.0
2026-04-08 00:00:00-04:00,2.359999895095825,2.4000000953674316,2.2100000381469727,2.2300000190734863,3778700,0.0,0.0
2026-04-09 00:00:00-04:00,2.200000047683716,2.2300000190734863,2.0,2.0799999237060547,4880800,0.0,0.0
2026-04-10 00:00:00-04:00,2.109999895095825,2.365000009536743,2.109999895095825,2.194999933242798,2559800,0.0,0.0
2026-04-13 00:00:00-04:00,2.180000066757202,2.259999990463257,2.109999895095825,2.1500000953674316,2241500,0.0,0.0
2026-04-14 00:00:00-04:00,2.190000057220459,2.2899999618530273,2.190000057220459,2.25,2006700,0.0,0.0
2026-04-15 00:00:00-04:00,2.2699999809265137,2.4100000858306885,2.25,2.390000104904175,2531200,0.0,0.0
2026-04-16 00:00:00-04:00,2.4000000953674316,2.434999942779541,2.109999895095825,2.200000047683716,3742300,0.0,0.0
2026-04-17 00:00:00-04:00,2.2699999809265137,2.3399999141693115,2.2200000286102295,2.255000114440918,3135400,0.0,0.0
2026-04-20 00:00:00-04:00,2.25,2.444999933242798,2.244999885559082,2.3499999046325684,3022500,0.0,0.0
2026-04-21 00:00:00-04:00,2.390000104904175,2.569999933242798,2.3299999237060547,2.3499999046325684,3553500,0.0,0.0
2026-04-22 00:00:00-04:00,2.4100000858306885,2.490000009536743,2.299999952316284,2.4000000953674316,2233800,0.0,0.0
2026-04-23 00:00:00-04:00,2.359999895095825,2.369999885559082,2.1600000858306885,2.194999933242798,2352200,0.0,0.0
2026-04-24 00:00:00-04:00,2.2200000286102295,2.259999990463257,2.140000104904175,2.140000104904175,1647600,0.0,0.0
2026-04-27 00:00:00-04:00,2.119999885559082,2.2100000381469727,2.0950000286102295,2.190000057220459,2160200,0.0,0.0
2026-04-28 00:00:00-04:00,2.140000104904175,2.2200000286102295,2.109999895095825,2.1500000953674316,1527200,0.0,0.0
2026-04-29 00:00:00-04:00,2.1700000762939453,2.1700000762939453,2.069999933242798,2.069999933242798,2354400,0.0,0.0
2026-04-30 00:00:00-04:00,2.109999895095825,2.3299999237060547,2.0999999046325684,2.319999933242798,2949500,0.0,0.0
2026-05-01 00:00:00-04:00,2.259999990463257,2.3399999141693115,2.2100000381469727,2.2799999713897705,2569700,0.0,0.0
2026-05-04 00:00:00-04:00,2.299999952316284,2.390000104904175,2.25,2.2699999809265137,2524600,0.0,0.0
2026-05-05 00:00:00-04:00,2.2799999713897705,2.3949999809265137,2.259999990463257,2.299999952316284,2228700,0.0,0.0
2026-05-06 00:00:00-04:00,2.299999952316284,2.424999952316284,2.2200000286102295,2.380000114440918,2575200,0.0,0.0
2026-05-07 00:00:00-04:00,2.4200000762939453,2.430000066757202,2.240000009536743,2.2699999809265137,2566400,0.0,0.0
2026-05-08 00:00:00-04:00,2.299999952316284,2.3499999046325684,2.2100000381469727,2.240000009536743,1485700,0.0,0.0
2026-05-11 00:00:00-04:00,2.2300000190734863,2.5,2.1500000953674316,2.450000047683716,4577800,0.0,0.0
2026-05-12 00:00:00-04:00,2.4100000858306885,2.4800000190734863,2.2799999713897705,2.4100000858306885,2205000,0.0,0.0
2026-05-13 00:00:00-04:00,2.440000057220459,2.440000057220459,2.2200000286102295,2.3299999237060547,2674300,0.0,0.0
2026-05-14 00:00:00-04:00,2.309999942779541,2.3450000286102295,2.2049999237060547,2.309999942779541,1925000,0.0,0.0
2026-05-15 00:00:00-04:00,2.240000009536743,2.2899999618530273,2.180000066757202,2.200000047683716,1697800,0.0,0.0
2026-05-18 00:00:00-04:00,2.190000057220459,2.200000047683716,2.0299999713897705,2.0799999237060547,2325200,0.0,0.0
2026-05-19 00:00:00-04:00,2.069999933242798,2.069999933242798,1.909999966621399,1.940000057220459,2906600,0.0,0.0
2026-05-20 00:00:00-04:00,2.119999885559082,2.240000009536743,2.055000066757202,2.140000104904175,4077100,0.0,0.0
2026-05-21 00:00:00-04:00,2.1600000858306885,2.2799999713897705,1.9900000095367432,2.130000114440918,6066600,0.0,0.0
2026-05-22 00:00:00-04:00,2.299999952316284,2.390000104904175,2.0,2.1600000858306885,8212500,0.0,0.0
2026-05-26 00:00:00-04:00,2.2300000190734863,2.2950000762939453,2.1700000762939453,2.240000009536743,4213100,0.0,0.0
2026-05-27 00:00:00-04:00,2.2100000381469727,2.359999895095825,2.180000066757202,2.309999942779541,3212100,0.0,0.0
2026-05-28 00:00:00-04:00,2.259999990463257,2.4769999980926514,2.259999990463257,2.4100000858306885,3007700,0.0,0.0
2026-05-29 00:00:00-04:00,2.4200000762939453,2.424999952316284,2.200000047683716,2.200000047683716,3428600,0.0,0.0
2026-06-01 00:00:00-04:00,2.2100000381469727,2.6500000953674316,2.1700000762939453,2.5799999237060547,7490727,0.0,0.0
