Date,Open,High,Low,Close,Volume,Dividends,Stock Splits
2022-01-03 00:00:00-05:00,71.67765042159596,72.3706542480325,69.9836418840089,70.76326751708984,2061700,0.0,0.0
2022-01-04 00:00:00-05:00,71.48515771723807,71.89903466652189,70.05102903669159,71.5236587524414,5905500,0.0,0.0
2022-01-05 00:00:00-05:00,71.38889815483886,71.50440124322417,65.85450184198857,66.39350891113281,6245900,0.0,0.0
2022-01-06 00:00:00-05:00,68.01051279960454,68.38588864317735,65.60425362628119,67.94313049316406,4383300,0.0,0.0
2022-01-07 00:00:00-05:00,67.73137020542899,68.02974392412139,66.35498998255851,66.89398956298828,2937600,0.0,0.0
2022-01-10 00:00:00-05:00,66.94213440706815,66.94213440706815,64.68024486664781,66.71112823486328,3005600,0.0,0.0
2022-01-11 00:00:00-05:00,67.04800218496608,69.28101017276647,66.64374510480022,68.99225616455078,3126800,0.0,0.0
2022-01-12 00:00:00-05:00,69.39652704046058,70.35903090327785,68.15489617622771,69.43502807617188,2577900,0.0,0.0
2022-01-13 00:00:00-05:00,69.70450824504047,70.53226192013923,67.1634993541902,67.2405014038086,3778900,0.0,0.0
2022-01-14 00:00:00-05:00,66.22987899326698,67.0480130344932,65.25775551782799,66.79776000976562,2946500,0.0,0.0
2022-01-18 00:00:00-05:00,65.45987128094102,66.55712478723055,64.9401184605955,65.4117431640625,2782900,0.0,0.0
2022-01-19 00:00:00-05:00,66.17213822118059,66.36463604958635,64.36263366687348,64.37225341796875,1648000,0.0,0.0
2022-01-20 00:00:00-05:00,65.22886553039112,66.8554989590029,64.42036603379428,64.56474304199219,1689500,0.0,0.0
2022-01-21 00:00:00-05:00,63.823610633855765,65.09411507754581,63.015111143925566,63.351985931396484,1957200,0.0,0.0
2022-01-24 00:00:00-05:00,61.648361398712154,63.22686678902438,58.83784884608842,62.957366943359375,4461000,0.0,0.0
2022-01-25 00:00:00-05:00,61.359606789901726,63.361616115012175,60.56072700969131,62.33173751831055,3302500,0.0,0.0
2022-01-26 00:00:00-05:00,63.81399084072336,64.64174451411533,61.860102388113276,62.110355377197266,4259400,0.0,0.0
2022-01-27 00:00:00-05:00,63.82361947052942,65.18075324365319,63.515618573151926,63.525245666503906,3718100,0.0,0.0
2022-01-28 00:00:00-05:00,63.61188397772258,65.67164923343387,62.84188520620038,65.63314819335938,4423200,0.0,0.0
2022-01-31 00:00:00-05:00,65.6620119255583,68.54952339216459,65.07488400654931,68.49177551269531,3496700,0.0,0.0
2022-02-01 00:00:00-05:00,68.97301298404255,69.76226565928246,68.20300715015587,69.74301147460938,2287800,0.0,0.0
2022-02-02 00:00:00-05:00,70.26276132995838,70.55151534124494,69.12700681198793,70.4360122680664,2407800,0.0,0.0
2022-02-03 00:00:00-05:00,68.59763900318178,69.46389384648911,68.11638712838003,68.25114440917969,1769900,0.0,0.0
2022-02-04 00:00:00-05:00,67.7698946373186,68.89602229690213,67.21164068282859,68.27039337158203,3417500,0.0,0.0
2022-02-07 00:00:00-05:00,68.19339951527182,68.92490453185067,67.51964972587152,68.0779037475586,3496000,0.0,0.0
2022-02-08 00:00:00-05:00,65.08450493936748,66.07588260745074,62.06224381123532,63.890995025634766,8759600,0.0,0.0
2022-02-09 00:00:00-05:00,64.9689911065404,66.70150047337593,64.86311512616048,66.2491226196289,3520400,0.0,0.0
2022-02-10 00:00:00-05:00,64.48774938872366,66.23950586943079,63.34236760941955,63.525245666503906,4075500,0.0,0.0
2022-02-11 00:00:00-05:00,63.53487135138384,63.765870183465914,60.040981889115486,60.40673065185547,5143900,0.0,0.0
2022-02-14 00:00:00-05:00,59.73297928724457,60.37785498596355,58.154470178826195,58.29884719848633,5940300,0.0,0.0
2022-02-15 00:00:00-05:00,59.98323553634528,60.46448742843513,58.95335678100586,60.15648651123047,3534700,0.0,0.0
2022-02-16 00:00:00-05:00,59.790727130785044,60.16610297573976,59.37685025771699,59.86772918701172,2175500,0.0,0.0
2022-02-17 00:00:00-05:00,59.26476146700526,59.77607924458611,56.283675335369644,56.3512077331543,4065300,0.145,0.0
2022-02-18 00:00:00-05:00,57.03617401885834,57.63432329465528,55.839882827742834,57.05546951293945,3921800,0.0,0.0
2022-02-22 00:00:00-05:00,55.62763879507207,57.79833230218504,55.62763879507207,55.984596252441406,4641200,0.0,0.0
2022-02-23 00:00:00-05:00,58.03952613568543,58.878860009907775,54.778660762861506,55.946014404296875,4226600,0.0,0.0
2022-02-24 00:00:00-05:00,53.6402581792149,57.05548422732218,53.16753133315041,56.68887710571289,4292300,0.0,0.0
2022-02-25 00:00:00-05:00,57.20983935741557,58.90780631825704,57.12301145964254,58.85956573486328,4212400,0.0,0.0
2022-02-28 00:00:00-05:00,57.943044169102116,58.98497509373525,57.518550657381134,58.00092697143555,3509600,0.0,0.0
2022-03-01 00:00:00-05:00,57.82727705408341,58.24212102055725,55.444340324146246,55.71446990966797,3078300,0.0,0.0
2022-03-02 00:00:00-05:00,56.38014381377933,58.271061813906044,55.65657932278003,58.01057815551758,3548800,0.0,0.0
2022-03-03 00:00:00-05:00,58.010587129863204,58.29036264601618,55.49258172280723,55.74341583251953,3816200,0.0,0.0
2022-03-04 00:00:00-05:00,54.961967274307,55.521521975222385,53.30259130838726,53.9200325012207,3637800,0.0,0.0
2022-03-07 00:00:00-05:00,53.35082628003188,53.78496575310036,49.2988639984589,49.35675048828125,7045400,0.0,0.0
2022-03-08 00:00:00-05:00,50.18643937177077,51.58533161971233,49.298864912568774,50.42762756347656,5375000,0.0,0.0
2022-03-09 00:00:00-05:00,52.492196400118196,53.62095901886713,51.80722283844642,53.0324592590332,4897400,0.0,0.0
2022-03-10 00:00:00-05:00,51.80722824908595,52.80092249670578,51.06436812058491,51.5660400390625,3426000,0.0,0.0
2022-03-11 00:00:00-05:00,52.56937511821214,52.82985510303154,50.379386094412034,50.44691848754883,3386000,0.0,0.0
2022-03-14 00:00:00-04:00,50.83282746789424,51.14154809231522,48.768256911988864,49.057682037353516,4425100,0.0,0.0
2022-03-15 00:00:00-04:00,49.15415585168281,50.38903825689148,48.768253259935165,50.244327545166016,3419400,0.0,0.0
2022-03-16 00:00:00-04:00,51.85546902136987,53.871802754712746,51.04507642805885,53.50519561767578,3462200,0.0,0.0
2022-03-17 00:00:00-04:00,53.09999968578938,55.87848534545124,52.77198355760483,55.62765121459961,4110200,0.0,0.0
2022-03-18 00:00:00-04:00,56.15826115366113,57.45103008852699,55.47328753002623,57.37385177612305,4677700,0.0,0.0
2022-03-21 00:00:00-04:00,57.33526613439399,57.972002912211856,55.78201334965516,56.34157180786133,2401200,0.0,0.0
2022-03-22 00:00:00-04:00,56.92041710907218,58.454374259729654,56.76605680310463,58.029884338378906,2841200,0.0,0.0
2022-03-23 00:00:00-04:00,57.26771864506569,58.01057863695208,56.65992343711513,56.9011116027832,3282400,0.0,0.0
2022-03-24 00:00:00-04:00,57.55715051150654,57.817634202847906,56.72746253469473,57.16160202026367,2469500,0.0,0.0
2022-03-25 00:00:00-04:00,57.364197241167815,57.779041215262446,56.100373502626184,56.5923957824707,3898900,0.0,0.0
2022-03-28 00:00:00-04:00,56.76605475012554,57.219489742611444,55.27068865010077,56.515220642089844,2485400,0.0,0.0
2022-03-29 00:00:00-04:00,57.42208866795878,60.094454438669125,57.42208866795878,59.6024284362793,3417600,0.0,0.0
2022-03-30 00:00:00-04:00,59.04286438696199,59.47700382632541,56.73710608485773,57.219482421875,2692000,0.0,0.0
2022-03-31 00:00:00-04:00,57.209838651303976,58.184241012090276,56.389800267088766,56.409095764160156,3452200,0.0,0.0
2022-04-01 00:00:00-04:00,56.81428708056409,57.98163698827242,56.486271008620314,57.672916412353516,2667800,0.0,0.0
2022-04-04 00:00:00-04:00,58.01058734066774,59.35159315414399,57.605389247826345,57.8272819519043,1912300,0.0,0.0
2022-04-05 00:00:00-04:00,57.40278810040087,57.58608979633941,54.65324426012458,55.45398712158203,3073100,0.0,0.0
2022-04-06 00:00:00-04:00,54.51817565259243,54.662890035514415,53.36047531017509,54.31557846069336,3142100,0.0,0.0
2022-04-07 00:00:00-04:00,53.88144849491403,54.26735113060556,52.43431913143122,53.84286117553711,3540400,0.0,0.0
2022-04-08 00:00:00-04:00,53.57272140345978,56.274032167337985,53.54377999735417,55.666236877441406,4032400,0.0,0.0
2022-04-11 00:00:00-04:00,55.13561816105103,55.23209195875218,53.87179080182481,54.27698516845703,2885700,0.0,0.0
2022-04-12 00:00:00-04:00,54.60501179617708,55.53117736237415,52.96493483655184,53.543785095214844,2903600,0.0,0.0
2022-04-13 00:00:00-04:00,54.093688027468595,54.73042471443853,53.66919812956857,54.49888610839844,1572800,0.0,0.0
2022-04-14 00:00:00-04:00,54.48923875652944,54.8944368540932,53.23506082831387,53.30259323120117,1825400,0.0,0.0
2022-04-18 00:00:00-04:00,53.04210609507013,53.321885277629995,51.98087953532955,52.627262115478516,2725500,0.0,0.0
2022-04-19 00:00:00-04:00,52.6851520552356,54.62430360288586,52.347486360308274,54.441001892089844,3427600,0.0,0.0
2022-04-20 00:00:00-04:00,54.913724047560336,56.341561337556165,54.58571164986681,55.888126373291016,2122500,0.0,0.0
2022-04-21 00:00:00-04:00,57.06511819284104,57.23877395657098,51.52743660773568,51.971221923828125,4008300,0.0,0.0
2022-04-22 00:00:00-04:00,51.73970011370941,52.0098297535471,49.85843118425612,49.94525909423828,3101200,0.0,0.0
2022-04-25 00:00:00-04:00,49.70405960196924,51.170484149260204,49.10591395775829,51.131893157958984,3805500,0.0,0.0
2022-04-26 00:00:00-04:00,50.80388692275882,50.91001032925195,48.8647352376468,49.08662796020508,4870600,0.0,0.0
2022-04-27 00:00:00-04:00,48.89367233763392,50.23467814461378,48.633188639263466,49.85842514038086,4228900,0.0,0.0
2022-04-28 00:00:00-04:00,50.427628952956645,51.228371857758844,48.24728557892494,50.72670364379883,4756500,0.0,0.0
2022-04-29 00:00:00-04:00,50.58198864825424,52.04841331833675,49.02873608059317,49.1734504699707,4619100,0.0,0.0
2022-05-02 00:00:00-04:00,48.90331526768538,51.11259993466729,48.76825047236591,51.07400894165039,5681500,0.0,0.0
2022-05-03 00:00:00-04:00,50.35044741883527,54.267345120412756,49.462876607381,52.37643051147461,6928100,0.0,0.0
2022-05-04 00:00:00-04:00,52.47290031190916,55.77235655695488,52.32818961078444,55.32856750488281,5456400,0.0,0.0
2022-05-05 00:00:00-04:00,54.045450979696774,54.91372627037942,52.65620830646068,53.408714294433594,6069800,0.0,0.0
2022-05-06 00:00:00-04:00,53.167521633251866,53.90073206246318,50.11890326294472,51.662506103515625,4837100,0.0,0.0
2022-05-09 00:00:00-04:00,50.78458490062265,52.09664924830726,47.77455730785424,48.10257339477539,6135000,0.0,0.0
2022-05-10 00:00:00-04:00,49.2120361038452,50.36009423043069,47.73596557565206,49.35675048828125,3805400,0.0,0.0
2022-05-11 00:00:00-04:00,48.61388568313539,50.23467043750524,47.68772401784957,48.382347106933594,6939500,0.0,0.0
2022-05-12 00:00:00-04:00,47.59125879853061,48.584953034252884,45.83540526476197,46.59756088256836,10746000,0.0,0.0
2022-05-13 00:00:00-04:00,47.986427732973766,50.6964308810057,47.97674708009613,49.9124641418457,4879400,0.155,0.0
2022-05-16 00:00:00-04:00,49.1188348997631,49.95119407204987,48.499405848411556,49.30272674560547,2540900,0.0,0.0
2022-05-17 00:00:00-04:00,50.754514406976945,51.44169696454019,49.660836615588984,51.37394714355469,4567700,0.0,0.0
2022-05-18 00:00:00-04:00,50.30929058912649,51.23843397757125,48.58650342820756,49.128501892089844,4415600,0.0,0.0
2022-05-19 00:00:00-04:00,48.20904030740539,49.544682575622815,48.150967459709435,48.8381462097168,2885100,0.0,0.0
2022-05-20 00:00:00-04:00,50.00925944782431,50.89001444781674,48.363902539407604,50.09636688232422,3579400,0.0,0.0
2022-05-23 00:00:00-04:00,50.5996534558929,51.33522816164879,49.718902155221436,50.2802619934082,2593000,0.0,0.0
2022-05-24 00:00:00-04:00,49.3995175222328,49.54469413721906,47.657372297777535,48.38326644897461,4140000,0.0,0.0
2022-05-25 00:00:00-04:00,47.28957234044222,49.31239698581074,47.26053776357028,48.9736442565918,2506400,0.0,0.0
2022-05-26 00:00:00-04:00,49.28336793132262,53.04834173469391,49.089799126534786,52.69023132324219,3833300,0.0,0.0
2022-05-27 00:00:00-04:00,53.290302755578885,54.44205330978078,53.23222990289676,54.23880386352539,2656700,0.0,0.0
2022-05-31 00:00:00-04:00,53.59033067783271,53.929083409593616,52.32243825040906,53.04833221435547,4388300,0.0,0.0
2022-06-01 00:00:00-04:00,52.87411735277393,53.93876035609426,51.85786654195223,52.70957946777344,2323700,0.0,0.0
2022-06-02 00:00:00-04:00,52.7870192035536,54.85823641992157,52.11919427664493,54.538841247558594,2611000,0.0,0.0
2022-06-03 00:00:00-04:00,53.60002690366615,54.56788580344732,53.31934693662832,53.541954040527344,2587300,0.0,0.0
2022-06-06 00:00:00-04:00,54.34526902780153,55.82609169945852,53.76455157602903,54.693695068359375,2782700,0.0,0.0
2022-06-07 00:00:00-04:00,54.05491333015805,55.40991714772376,54.05491333015805,55.11956024169922,1947200,0.0,0.0
2022-06-08 00:00:00-04:00,54.44205121737182,54.693692851813445,52.91283271764168,53.0870475769043,1597400,0.0,0.0
2022-06-09 00:00:00-04:00,52.74829421971108,52.845078603829634,51.4223289584313,51.46104049682617,1395100,0.0,0.0
2022-06-10 00:00:00-04:00,50.32865384674302,50.65772596188602,48.92525795298354,49.40918731689453,1947300,0.0,0.0
2022-06-13 00:00:00-04:00,47.27022435742075,47.62833108280069,45.04414983616611,45.257076263427734,3242700,0.0,0.0
2022-06-14 00:00:00-04:00,45.5377512968571,46.1668609314591,45.13125241327153,45.586143493652344,3394700,0.0,0.0
2022-06-15 00:00:00-04:00,46.45720570009333,47.87027815403696,45.924884289863826,47.12502670288086,3323800,0.0,0.0
2022-06-16 00:00:00-04:00,45.169962781421965,45.77971478303993,42.856781129105634,43.61171340942383,3510200,0.0,0.0
2022-06-17 00:00:00-04:00,43.476210356711285,44.97639427208719,43.476210356711285,43.72785568237305,6186100,0.0,0.0
2022-06-21 00:00:00-04:00,44.869935005416664,45.72165179168028,44.69572012431528,44.87961196899414,2383000,0.0,0.0
2022-06-22 00:00:00-04:00,44.10531395676502,45.198995155239174,43.95045673599688,44.3472785949707,2559000,0.0,0.0
2022-06-23 00:00:00-04:00,44.60861085038054,46.02168376827021,43.88271677298799,44.89896774291992,2703900,0.0,0.0
2022-06-24 00:00:00-04:00,45.72163832679152,47.02824585817145,45.373208667200274,47.008888244628906,4085200,0.0,0.0
2022-06-27 00:00:00-04:00,47.183108612227805,47.65736096946417,45.98296227634178,46.912109375,2870800,0.0,0.0
2022-06-28 00:00:00-04:00,47.57026246779407,48.44133319032054,46.71854567262491,46.99922561645508,5603200,0.0,0.0
2022-06-29 00:00:00-04:00,47.0669753535803,47.0669753535803,45.044150276257184,45.8281135559082,2394500,0.0,0.0
2022-06-30 00:00:00-04:00,44.676362379908944,45.653898150382894,43.46653887125447,44.80218505859375,2552100,0.0,0.0
2022-07-01 00:00:00-04:00,44.4053565847161,45.469999639398516,43.71817412656805,45.22803497314453,2350000,0.0,0.0
2022-07-05 00:00:00-04:00,44.11500199395903,46.1571807808874,43.38910795783973,46.11846923828125,2067400,0.0,0.0
2022-07-06 00:00:00-04:00,46.3701110280982,47.076647449132814,45.0344649635772,45.81843185424805,3089500,0.0,0.0
2022-07-07 00:00:00-04:00,46.43784808800119,47.59927896892092,46.43784808800119,47.12502670288086,2715500,0.0,0.0
2022-07-08 00:00:00-04:00,46.79596512053588,47.22182529738818,45.5764648233857,46.02167892456055,1739700,0.0,0.0
2022-07-11 00:00:00-04:00,45.431291464233865,45.94425914699914,45.07318473633236,45.75068664550781,1811200,0.0,0.0
2022-07-12 00:00:00-04:00,45.75067740920949,46.7766088755332,45.131248483160306,45.169960021972656,2259500,0.0,0.0
2022-07-13 00:00:00-04:00,44.18275187284656,45.179645169097824,43.43750021829702,44.68603515625,2267900,0.0,0.0
2022-07-14 00:00:00-04:00,43.814961933171276,44.42471392208676,42.972925933679846,44.356964111328125,3341500,0.0,0.0
2022-07-15 00:00:00-04:00,45.16996493539227,46.776613963718084,44.48278612656321,46.68950653076172,2773500,0.0,0.0
2022-07-18 00:00:00-04:00,47.6089694817961,48.12193711804724,46.970182869259546,47.1443977355957,3334300,0.0,0.0
2022-07-19 00:00:00-04:00,47.976746966635794,49.196250780222904,47.93803173939141,49.157535552978516,2702400,0.0,0.0
2022-07-20 00:00:00-04:00,48.886544102473366,50.26090545479494,48.68329464997487,49.95119094848633,2233600,0.0,0.0
2022-07-21 00:00:00-04:00,49.399513736539674,50.90937109238616,48.392939704583156,50.76419448852539,3096000,0.0,0.0
2022-07-22 00:00:00-04:00,50.909368394355376,51.712692923080255,49.36079588271333,49.68019104003906,2232600,0.0,0.0
2022-07-25 00:00:00-04:00,49.6221172335132,50.59965292045082,49.447902367787606,50.46415328979492,1801200,0.0,0.0
2022-07-26 00:00:00-04:00,50.270582062745795,50.50286978688058,49.00268946527816,49.45758056640625,1458200,0.0,0.0
2022-07-27 00:00:00-04:00,49.82537630269156,51.12230739130934,49.70923426713901,50.93841552734375,1664500,0.0,0.0
2022-07-28 00:00:00-04:00,51.29651826984759,53.67745011853551,51.1126264202962,53.6580924987793,3366300,0.0,0.0
2022-07-29 00:00:00-04:00,53.65808302697136,54.442049874313085,53.445156631415976,53.67744064331055,4572000,0.0,0.0
2022-08-01 00:00:00-04:00,52.82572690268359,54.664656122900254,52.622473780145036,53.74518966674805,4048700,0.0,0.0
2022-08-02 00:00:00-04:00,51.65461745451312,52.18693899768751,50.27057922700695,50.56093978881836,4516700,0.0,0.0
2022-08-03 00:00:00-04:00,51.07390343807104,52.14822717310059,50.13507932870506,51.57719039916992,3857800,0.0,0.0
2022-08-04 00:00:00-04:00,51.67397373472052,52.16758372336072,50.773864877400456,51.5287971496582,2649800,0.0,0.0
2022-08-05 00:00:00-04:00,50.6480494563564,51.325547618277525,50.39640411728163,50.73515319824219,2305400,0.0,0.0
2022-08-08 00:00:00-04:00,51.19972874151822,52.061122428016034,50.80290680643199,51.11262130737305,2407400,0.0,0.0
2022-08-09 00:00:00-04:00,50.75451018614779,50.83194065631389,49.496294582652936,50.08668899536133,1680700,0.0,0.0
2022-08-10 00:00:00-04:00,51.66430033506958,53.71615982055664,51.66430033506958,53.71615982055664,2943600,0.0,0.0
2022-08-11 00:00:00-04:00,54.72274422436807,55.69060314439401,54.3936720438757,54.83888626098633,4157400,0.0,0.0
2022-08-12 00:00:00-04:00,55.31928843072154,55.49398121668008,54.581699547287165,55.43574905395508,2030100,0.155,0.0
2022-08-15 00:00:00-04:00,54.834027245241465,55.88218387938241,54.69815591167864,55.823951721191406,2044100,0.0,0.0
2022-08-16 00:00:00-04:00,55.338685400760646,55.979224222705106,54.63021092362628,55.51337814331055,1981200,0.0,0.0
2022-08-17 00:00:00-04:00,54.678741218397946,55.31928010308184,53.67911330650749,54.87284469604492,2456000,0.0,0.0
2022-08-18 00:00:00-04:00,54.76608739877028,54.863137286132364,53.88292009579814,54.183780670166016,2145700,0.0,0.0
2022-08-19 00:00:00-04:00,53.24237880114505,53.514121435219494,52.12628663596949,52.49508285522461,1839500,0.0,0.0
2022-08-22 00:00:00-04:00,51.4372200428757,51.776898316989616,50.816091940372814,51.35957717895508,1710200,0.0,0.0
2022-08-23 00:00:00-04:00,51.36928957253868,52.174814004827944,51.14607186956176,51.272239685058594,1566800,0.0,0.0
2022-08-24 00:00:00-04:00,51.08784263478172,52.00983142738641,50.98108553112424,51.59251022338867,1158800,0.0,0.0
2022-08-25 00:00:00-04:00,51.92247507268394,52.815345764160156,51.49545044226688,52.815345764160156,1173000,0.0,0.0
2022-08-26 00:00:00-04:00,52.55331505483198,52.91240406479255,50.10762023925781,50.10762023925781,1385600,0.0,0.0
2022-08-29 00:00:00-04:00,49.43796254966465,50.495822545257866,47.89484574328951,49.64177322387695,2427000,0.0,0.0
2022-08-30 00:00:00-04:00,50.13673991400439,50.262907737463316,48.55480147317923,49.205047607421875,2287200,0.0,0.0
2022-08-31 00:00:00-04:00,49.292393434752434,49.8649966858588,48.78772584884376,49.069175720214844,2638300,0.0,0.0
2022-09-01 00:00:00-04:00,48.27334812743973,48.6712585556352,46.87580617302398,48.65184783935547,2386400,0.0,0.0
2022-09-02 00:00:00-04:00,49.564140647940505,49.564140647940505,47.438716708217996,47.79780578613281,2327700,0.0,0.0
2022-09-06 00:00:00-04:00,47.62310674326781,47.797799504639706,46.079989819293345,47.089324951171875,3602000,0.0,0.0
2022-09-07 00:00:00-04:00,46.94374636899183,48.273352796127284,46.215861098075784,47.97249221801758,3009100,0.0,0.0
2022-09-08 00:00:00-04:00,47.409592410417225,48.710080906803654,47.16696398722734,48.59362030029297,2086000,0.0,0.0
2022-09-09 00:00:00-04:00,49.117696386321164,50.107620752931375,49.078874951815095,49.98145294189453,2132700,0.0,0.0
2022-09-12 00:00:00-04:00,50.563759699080364,51.45663418249685,50.34054200378018,51.12665939331055,2143300,0.0,0.0
2022-09-13 00:00:00-04:00,49.09829143989773,49.80676604293403,48.21512406326714,48.52568817138672,2881300,0.0,0.0
2022-09-14 00:00:00-04:00,48.74889880329383,49.069170075712606,47.972488645906026,48.66155242919922,3504700,0.0,0.0
2022-09-15 00:00:00-04:00,48.39951392584587,49.10798843491065,47.8366179428723,48.17629623413086,5377100,0.0,0.0
2022-09-16 00:00:00-04:00,47.244606994367345,47.331953375053295,45.96352921245072,47.089324951171875,6309800,0.0,0.0
2022-09-19 00:00:00-04:00,46.30320144013648,48.09865376224204,46.28379072451089,48.05012512207031,2793400,0.0,0.0
2022-09-20 00:00:00-04:00,47.44841040783063,47.710449530150306,46.07028284105568,46.27408981323242,3838400,0.0,0.0
2022-09-21 00:00:00-04:00,46.90493191773032,47.16696737564972,44.721275952149945,44.760093688964844,2982200,0.0,0.0
2022-09-22 00:00:00-04:00,44.64363337098138,44.81832614556686,43.24609487651371,43.779876708984375,4181500,0.0,0.0
2022-09-23 00:00:00-04:00,43.38196167217147,43.449897332710556,41.65444482673458,42.59584426879883,5820500,0.0,0.0
2022-09-26 00:00:00-04:00,42.071762896114556,43.35284054636502,41.965009510439984,42.372623443603516,5711300,0.0,0.0
2022-09-27 00:00:00-04:00,43.168444366278365,43.44989419804431,41.926188146367366,42.63466262817383,3709800,0.0,0.0
2022-09-28 00:00:00-04:00,42.6637781783045,43.915741646368076,42.40173905460172,43.69252395629883,4032000,0.0,0.0
2022-09-29 00:00:00-04:00,42.867592733824566,43.06169623410885,41.47005419576713,42.02324676513672,4531800,0.0,0.0
2022-09-30 00:00:00-04:00,41.897075551817856,42.94523214739423,41.66415433205602,41.73208999633789,4107100,0.0,0.0
2022-10-03 00:00:00-04:00,42.091181937666796,43.100517165448395,41.256539487855726,42.673492431640625,4196600,0.0,0.0
2022-10-04 00:00:00-04:00,43.65370007132602,46.16733037360279,43.65370007132602,45.992637634277344,5245900,0.0,0.0
2022-10-05 00:00:00-04:00,44.643624518927886,46.09939488367554,44.643624518927886,45.89558792114258,2382100,0.0,0.0
2022-10-06 00:00:00-04:00,45.575322672234975,46.244979497720685,45.43945134596714,45.6529655456543,3630600,0.0,0.0
2022-10-07 00:00:00-04:00,44.72127931488676,45.04154695543475,43.44990485764117,43.576072692871094,4139100,0.0,0.0
2022-10-10 00:00:00-04:00,43.70222791858956,43.973974254637746,42.68318933950209,43.66341018676758,4073600,0.0,0.0
2022-10-11 00:00:00-04:00,43.14903452022508,43.41107364106235,42.003828156069126,42.838470458984375,4993900,0.0,0.0
2022-10-12 00:00:00-04:00,42.78995361273708,43.40137834368127,42.24646455165153,43.07140350341797,3410400,0.0,0.0
2022-10-13 00:00:00-04:00,41.402114198131166,44.39129816427961,40.538357599483945,44.17778396606445,4729800,0.0,0.0
2022-10-14 00:00:00-04:00,44.68244917709091,45.10947384878859,42.84817897740857,43.01316452026367,2805000,0.0,0.0
2022-10-17 00:00:00-04:00,44.391293975449344,44.7115615403352,43.58576590526006,43.84780502319336,2907800,0.0,0.0
2022-10-18 00:00:00-04:00,45.20653467960909,45.57532725881725,44.38159572648101,45.07065963745117,2167700,0.0,0.0
2022-10-19 00:00:00-04:00,44.33306758695298,44.8571458909187,43.88663215863377,44.420413970947266,2258000,0.0,0.0
2022-10-20 00:00:00-04:00,44.43010774948882,45.21622503328457,43.34313364398805,43.58576202392578,2413500,0.0,0.0
2022-10-21 00:00:00-04:00,43.5760602878112,44.97359848022461,43.01316064642672,44.97359848022461,2503300,0.0,0.0
2022-10-24 00:00:00-04:00,45.09006524031144,45.18711883083782,44.06132309624332,44.89596176147461,2729000,0.0,0.0
2022-10-25 00:00:00-04:00,44.9639010206367,46.20615735873731,44.9639010206367,45.876182556152344,5846800,0.0,0.0
2022-10-26 00:00:00-04:00,45.68208569946378,47.409599132817846,45.26476445622622,46.817588806152344,3705200,0.0,0.0
2022-10-27 00:00:00-04:00,47.225193309044016,47.81720721847314,46.70111505785602,47.293128967285156,3330100,0.0,0.0
2022-10-28 00:00:00-04:00,47.27372314122525,47.97249421510346,46.40996650946806,47.92396926879883,4017200,0.0,0.0
2022-10-31 00:00:00-04:00,47.526061721906125,47.885150789405685,47.17667616338058,47.19608688354492,3895200,0.0,0.0
2022-11-01 00:00:00-04:00,47.943374919304866,49.48649174284057,47.27371814356073,48.01131057739258,4136300,0.0,0.0
2022-11-02 00:00:00-04:00,48.65184931637486,50.6219908008839,48.02101397588674,48.370399475097656,3744600,0.0,0.0
2022-11-03 00:00:00-04:00,47.21549202790435,47.64251671444246,46.38084967048433,47.05050277709961,2369900,0.0,0.0
2022-11-04 00:00:00-04:00,47.894850673403035,49.923224499353175,47.56487586001635,49.816471099853516,3009200,0.0,0.0
2022-11-07 00:00:00-05:00,50.42788404556348,51.39839761242443,50.156141431551355,50.99078369140625,3441500,0.0,0.0
2022-11-08 00:00:00-05:00,51.07813217542341,52.0292350660621,50.36965768654609,51.10724639892578,2928100,0.0,0.0
2022-11-09 00:00:00-05:00,50.46670713519106,50.68022131162585,48.87506542558952,49.01093673706055,2475200,0.0,0.0
2022-11-10 00:00:00-05:00,51.55663612635679,54.90548350572466,51.31326076279173,54.88601303100586,6769600,0.155,0.0
2022-11-11 00:00:00-05:00,54.93469305424366,56.025013756200615,54.457675658229775,55.56747055053711,6603000,0.0,0.0
2022-11-14 00:00:00-05:00,54.72051515361875,55.09044674132331,52.169942415853505,52.19914627075195,3105000,0.0,0.0
2022-11-15 00:00:00-05:00,53.5231186430642,54.253244858352005,52.11154055078499,52.734580993652344,3339400,0.0,0.0
2022-11-16 00:00:00-05:00,52.24782719957437,52.51067306770046,51.24512177620034,51.73187255859375,2260200,0.0,0.0
2022-11-17 00:00:00-05:00,50.6707568808515,50.923869373196275,49.96983826318915,50.56367111206055,2576600,0.0,0.0
2022-11-18 00:00:00-05:00,51.35220629167496,51.35220629167496,50.07691793596656,50.4663200378418,1419700,0.0,0.0
2022-11-21 00:00:00-05:00,49.79460660966952,50.54419954786052,49.32732258979053,49.9698371887207,2627900,0.0,0.0
2022-11-22 00:00:00-05:00,49.85301849946107,50.6318190750859,49.307859953330734,50.47605895996094,2914500,0.0,0.0
2022-11-23 00:00:00-05:00,50.30082719920191,50.95307521926442,50.24241947839398,50.69996643066406,1010000,0.0,0.0
2022-11-25 00:00:00-05:00,50.35923980202073,50.76811242523256,50.00877861458604,50.47605895996094,783400,0.0,0.0
2022-11-28 00:00:00-05:00,50.086663270449215,50.271627256779716,49.16183591156815,49.21051025390625,1722600,0.0,0.0
2022-11-29 00:00:00-05:00,49.34679989789865,49.609645802861536,48.908727103241446,49.21051025390625,1833100,0.0,0.0
2022-11-30 00:00:00-05:00,49.46362098218126,50.63182001039123,47.44847283082068,50.54420471191406,8686300,0.0,0.0
2022-12-01 00:00:00-05:00,50.826514364219086,51.54690713571263,49.531759250866145,51.15750503540039,6561400,0.0,0.0
2022-12-02 00:00:00-05:00,50.19374466391863,51.02121955217291,49.278650768055265,50.86545944213867,3864400,0.0,0.0
2022-12-05 00:00:00-05:00,50.51500092723722,50.70970200344016,47.662640744664415,48.25647735595703,2635600,0.0,0.0
2022-12-06 00:00:00-05:00,48.18832822386837,48.587463723238685,47.4776725158975,47.75025177001953,2288400,0.0,0.0
2022-12-07 00:00:00-05:00,47.39979889057883,47.6918523865935,46.007691090402865,46.095306396484375,4520300,0.0,0.0
2022-12-08 00:00:00-05:00,46.38735862100406,47.10774781693748,46.3581510440345,46.990928649902344,3904500,0.0,0.0
2022-12-09 00:00:00-05:00,46.942256140151585,47.292717368561476,46.5917949117417,46.728084564208984,1972500,0.0,0.0
2022-12-12 00:00:00-05:00,46.41656922605358,47.156429009554905,46.41656922605358,47.049346923828125,3005700,0.0,0.0
2022-12-13 00:00:00-05:00,49.18130527226472,50.04772117245901,47.9352243114113,48.61667251586914,2422300,0.0,0.0
2022-12-14 00:00:00-05:00,48.52905967153534,49.11316293669873,47.487413119317175,48.04230880737305,2767600,0.0,0.0
2022-12-15 00:00:00-05:00,47.13694745459012,47.13694745459012,46.085567618298604,46.21212387084961,3034800,0.0,0.0
2022-12-16 00:00:00-05:00,45.48199274524744,45.93953593984759,44.57663602375961,45.345703125,4228700,0.0,0.0
2022-12-19 00:00:00-05:00,44.96604232529448,45.23862532739599,44.30406087015613,44.78107833862305,2968600,0.0,0.0
2022-12-20 00:00:00-05:00,44.46955304672837,45.17047538175162,44.35273389542912,45.00497817993164,2568400,0.0,0.0
2022-12-21 00:00:00-05:00,45.66696669409184,46.679409399819804,45.404120777396244,46.387359619140625,3629400,0.0,0.0
2022-12-22 00:00:00-05:00,45.49172377049972,45.81298104182775,44.29431739426635,45.37490463256836,3690700,0.0,0.0
2022-12-23 00:00:00-05:00,45.28730093480539,45.68643649564517,44.712934765439414,45.62802505493164,1666300,0.0,0.0
2022-12-27 00:00:00-05:00,45.27756216763284,45.36517746866388,44.518232034439926,44.67399215698242,2705000,0.0,0.0
2022-12-28 00:00:00-05:00,44.4403538799151,44.927104727609176,43.836780154972175,44.00227737426758,1577900,0.0,0.0
2022-12-29 00:00:00-05:00,44.36246608007737,45.65722494581652,44.06067925761746,45.50146484375,1417600,0.0,0.0
2022-12-30 00:00:00-05:00,44.596108563920005,45.29702717386135,44.49875617808524,45.18994140625,1712900,0.0,0.0
2023-01-03 00:00:00-05:00,46.036890759127445,46.55284540984833,45.08285965325967,45.44305419921875,4108200,0.0,0.0
2023-01-04 00:00:00-05:00,46.241336037089326,47.166163500554056,45.842200442997985,46.825435638427734,2865400,0.0,0.0
2023-01-05 00:00:00-05:00,46.504172677278184,46.6794032653804,45.95901043500306,46.143978118896484,2393500,0.0,0.0
2023-01-06 00:00:00-05:00,46.69887821528068,47.04933942504564,45.76431375136934,46.90331268310547,2388600,0.0,0.0
2023-01-09 00:00:00-05:00,47.53608161391325,48.76269191085786,47.22455770699261,48.324615478515625,2929100,0.0,0.0
2023-01-10 00:00:00-05:00,48.08124293166124,48.96712922993819,48.0715095497522,48.8016357421875,2494700,0.0,0.0
2023-01-11 00:00:00-05:00,49.249447162778864,51.10883511064046,49.249447162778864,50.84598922729492,3862000,0.0,0.0
2023-01-12 00:00:00-05:00,51.49823270827809,52.31597414656137,50.76810655672564,52.247825622558594,5687600,0.0,0.0
2023-01-13 00:00:00-05:00,52.22836389736848,52.98769397986568,51.89737319486206,52.569087982177734,3012900,0.0,0.0
2023-01-17 00:00:00-05:00,52.569084860304976,53.17265479481513,52.08233407456141,52.11153793334961,3642600,0.0,0.0
2023-01-18 00:00:00-05:00,52.32570895190236,52.62749577299102,51.52743796823685,51.605316162109375,2238400,0.0,0.0
2023-01-19 00:00:00-05:00,50.79731389058531,51.186716016839576,48.22727025542604,49.16183090209961,5307300,0.0,0.0
2023-01-20 00:00:00-05:00,49.53176015466436,51.83895780003728,49.29811814749105,51.77081298828125,5984700,0.0,0.0
2023-01-23 00:00:00-05:00,52.150481578674494,53.09477934010341,51.624789811676095,52.46200180053711,2593200,0.0,0.0
2023-01-24 00:00:00-05:00,52.38411926944504,52.792988134218945,51.67346358999492,51.95577621459961,2094700,0.0,0.0
2023-01-25 00:00:00-05:00,50.93360141091544,52.17968222153163,50.29109052873975,52.15047836303711,2167700,0.0,0.0
2023-01-26 00:00:00-05:00,52.65670786963807,53.92225935537558,52.364658098100854,53.8541145324707,2710900,0.0,0.0
2023-01-27 00:00:00-05:00,53.72754821017425,54.516085787936376,53.42576511198946,54.029335021972656,2546400,0.0,0.0
2023-01-30 00:00:00-05:00,53.29921400977174,53.7372904840817,52.9000784917591,52.987693786621094,2262300,0.0,0.0
2023-01-31 00:00:00-05:00,52.958490020541056,54.33112716674805,52.89034520370634,54.33112716674805,2720200,0.0,0.0
2023-02-01 00:00:00-05:00,54.17536981724762,55.87899775220994,53.435506463011464,55.479862213134766,3092300,0.0,0.0
2023-02-02 00:00:00-05:00,56.46309834310878,57.35871812049911,55.90820267372254,56.47283172607422,3472500,0.0,0.0
2023-02-03 00:00:00-05:00,55.3338294783927,56.89143050751012,55.30462561960106,55.635616302490234,2662600,0.0,0.0
2023-02-06 00:00:00-05:00,54.58423876376264,54.808143703968,53.71782286491152,54.53556442260742,3043200,0.0,0.0
2023-02-07 00:00:00-05:00,54.73025970044193,57.79678743159541,53.922251611165386,57.37818145751953,6339500,0.0,0.0
2023-02-08 00:00:00-05:00,57.09587236537456,58.92605276496149,56.3852129040038,56.7259407043457,4691100,0.0,0.0
2023-02-09 00:00:00-05:00,57.06666696629604,57.51448055771155,56.073694815336005,56.17104721069336,3992800,0.0,0.0
2023-02-10 00:00:00-05:00,55.64536089093178,56.628596042278524,55.23649193104932,56.453369140625,2548900,0.0,0.0
2023-02-13 00:00:00-05:00,56.70646830025218,57.69944037964134,56.62858638957982,57.53394317626953,2877600,0.0,0.0
2023-02-14 00:00:00-05:00,56.94984675462343,58.04990466337084,56.443625448948644,57.04719543457031,3091900,0.0,0.0
2023-02-15 00:00:00-05:00,56.94983514549799,57.55340500808298,56.58964064678264,57.339237213134766,2619400,0.0,0.0
2023-02-16 00:00:00-05:00,55.99715098463295,56.8658529390734,55.80193618372874,56.17284393310547,3011900,0.155,0.0
2023-02-17 00:00:00-05:00,55.81169128417969,56.00690605819512,55.206528835802764,55.81169128417969,1936700,0.0,0.0
2023-02-21 00:00:00-05:00,54.82586167084605,55.13820756223171,54.093809016518776,54.36711120605469,2404100,0.0,0.0
2023-02-22 00:00:00-05:00,54.50376084130785,55.06012056482905,53.70338356454358,54.18165588378906,1844500,0.0,0.0
2023-02-23 00:00:00-05:00,54.796583112972186,55.06988159085035,53.85955656875062,54.56232833862305,1910000,0.0,0.0
2023-02-24 00:00:00-05:00,53.65458056547953,53.96692273440072,52.82491865401008,53.71314239501953,2648600,0.0,0.0
2023-02-27 00:00:00-05:00,54.57209023793068,54.98204169945825,54.1426206470371,54.31831359863281,3023700,0.0,0.0
2023-02-28 00:00:00-05:00,54.328065505017726,55.51887230372889,54.23045997739742,55.00155258178711,2966500,0.0,0.0
2023-03-01 00:00:00-05:00,54.14262028214596,55.21629611385029,54.14262028214596,54.61113357543945,2020200,0.0,0.0
2023-03-02 00:00:00-05:00,54.10358331968873,54.59161852645236,53.56674533693137,54.474491119384766,1890100,0.0,0.0
2023-03-03 00:00:00-05:00,54.66969071801219,55.59695816040039,53.95715991290043,55.59695816040039,1784700,0.0,0.0
2023-03-06 00:00:00-05:00,55.49935560584413,56.016671652399104,55.08940416027387,55.71409225463867,1974200,0.0,0.0
2023-03-07 00:00:00-05:00,55.391983958190096,55.69456706120953,54.35734820374084,54.513519287109375,2861900,0.0,0.0
2023-03-08 00:00:00-05:00,54.80634340349168,55.67504528866419,54.57208491640324,55.63600158691406,2968200,0.0,0.0
2023-03-09 00:00:00-05:00,55.56767186764573,55.61647462864555,53.06893103628788,53.14701843261719,3543400,0.0,0.0
2023-03-10 00:00:00-05:00,52.239282947085336,52.600427915835866,47.651751788514595,49.10609817504883,10674000,0.0,0.0
2023-03-13 00:00:00-04:00,47.08562907215172,49.35011168569109,46.46094100340603,48.63758087158203,5910700,0.0,0.0
2023-03-14 00:00:00-04:00,50.34569970325222,51.175357834449855,49.20369570112724,49.652687072753906,4010600,0.0,0.0
2023-03-15 00:00:00-04:00,48.10073927161211,49.44771721836977,47.8274408013819,48.63758087158203,3122400,0.0,0.0
2023-03-16 00:00:00-04:00,47.92504793335719,49.45747793270769,47.45653465872257,48.54973602294922,4595900,0.0,0.0
2023-03-17 00:00:00-04:00,48.16906949716018,48.42284986913047,46.32429716150739,47.280845642089844,4769300,0.0,0.0
2023-03-20 00:00:00-04:00,47.144195185396406,47.6712740459356,46.66592281904297,47.437015533447266,4244200,0.0,0.0
2023-03-21 00:00:00-04:00,48.36428474747692,50.170017115944326,48.1007453080764,49.808868408203125,2931200,0.0,0.0
2023-03-22 00:00:00-04:00,49.86743045041878,50.80445701989279,49.12561868043834,49.15489959716797,2601900,0.0,0.0
2023-03-23 00:00:00-04:00,49.6038884665498,50.49211222110848,48.50092807130252,49.35987091064453,3090100,0.0,0.0
2023-03-24 00:00:00-04:00,48.130027872582126,48.96944520359832,47.33940958851039,48.852317810058594,3184200,0.0,0.0
2023-03-27 00:00:00-04:00,49.81862523595819,49.91623076920752,48.78398945581812,49.21345901489258,2405600,0.0,0.0
2023-03-28 00:00:00-04:00,49.39892198267458,49.61365865539819,48.754715687916715,49.1451416015625,2085400,0.0,0.0
2023-03-29 00:00:00-04:00,49.77958488663679,50.05288337687529,49.2134623300997,49.90647506713867,1984400,0.0,0.0
2023-03-30 00:00:00-04:00,50.56043672050423,50.69708595574523,49.80886220326629,50.1212043762207,1829300,0.0,0.0
2023-03-31 00:00:00-04:00,50.56043475835314,51.321772033369385,50.46282922937242,51.263206481933594,2007200,0.0,0.0
2023-04-03 00:00:00-04:00,50.98991145630232,51.17536346322107,49.838148264378,50.68732833862305,2236500,0.0,0.0
2023-04-04 00:00:00-04:00,50.97038488005225,51.03870949328995,49.428192242030704,49.789337158203125,2066400,0.0,0.0
2023-04-05 00:00:00-04:00,49.20370173320797,49.34035097407176,48.03241667472714,48.61806106567383,2951500,0.0,0.0
2023-04-06 00:00:00-04:00,48.31547978732696,48.647343837832985,47.95433481935098,48.130027770996094,2388700,0.0,0.0
2023-04-10 00:00:00-04:00,47.82743944963003,49.27202288823795,47.778636684670005,49.193939208984375,3326600,0.0,0.0
2023-04-11 00:00:00-04:00,49.730785944190515,50.90207112929332,49.58437389977281,50.26762390136719,3212000,0.0,0.0
2023-04-12 00:00:00-04:00,50.83373361722291,51.01918559952303,49.92598810810021,50.06263732910156,2237100,0.0,0.0
2023-04-13 00:00:00-04:00,50.579960437154604,50.99967094568106,50.16024992862815,50.755653381347656,1697500,0.0,0.0
2023-04-14 00:00:00-04:00,50.81422439109153,51.05824198161526,49.91623772178944,50.66781234741211,2188300,0.0,0.0
2023-04-17 00:00:00-04:00,50.70684822838945,51.15583963202756,50.46283067553234,51.0679931640625,1636500,0.0,0.0
2023-04-18 00:00:00-04:00,51.64387420530567,52.297843176394885,51.380334804127536,51.76100158691406,3192200,0.0,0.0
2023-04-19 00:00:00-04:00,51.16559450967585,53.11773477281639,51.16559450967585,52.62969970703125,2651000,0.0,0.0
2023-04-20 00:00:00-04:00,51.89765039116604,52.21975534219693,51.45842178290544,51.69267654418945,3537900,0.0,0.0
2023-04-21 00:00:00-04:00,51.70243880917137,51.82932525216386,50.97038617157916,51.263206481933594,2957900,0.0,0.0
2023-04-24 00:00:00-04:00,51.42914357947257,51.595077469269974,51.009433045965515,51.23393249511719,2305600,0.0,0.0
2023-04-25 00:00:00-04:00,50.980152563355766,51.05823997649499,49.78934557687226,49.81863021850586,3531000,0.0,0.0
2023-04-26 00:00:00-04:00,49.7795902014001,50.07241057554924,48.90112535553957,49.09634017944336,2792300,0.0,0.0
2023-04-27 00:00:00-04:00,49.516044684415775,50.228575539514296,49.05729046292816,50.1309700012207,1961300,0.0,0.0
2023-04-28 00:00:00-04:00,50.160243092033426,51.81956304802591,49.98455017178646,51.80004119873047,2733800,0.0,0.0
2023-05-01 00:00:00-04:00,51.71220291803286,52.72731690148647,51.70244385354754,51.97574234008789,2915000,0.0,0.0
2023-05-02 00:00:00-04:00,51.341294193905185,51.9366976483355,49.389153673628755,49.994319915771484,2858800,0.0,0.0
2023-05-03 00:00:00-04:00,50.22857306463079,51.37057716814206,49.73077888640083,50.0821647644043,3151700,0.0,0.0
2023-05-04 00:00:00-04:00,49.564845296932944,49.57460808438508,47.66151131913615,48.413082122802734,3856600,0.0,0.0
2023-05-05 00:00:00-04:00,48.85232008506854,50.29690375070718,48.85232008506854,50.277381896972656,4398700,0.0,0.0
2023-05-08 00:00:00-04:00,50.27737944948046,50.85326107466996,47.768879079607416,48.130027770996094,5085300,0.0,0.0
2023-05-09 00:00:00-04:00,47.476059009426166,48.58877856067635,47.46629994468394,47.83720397949219,2643600,0.0,0.0
2023-05-10 00:00:00-04:00,48.37403957830821,48.8327900320982,47.80791708530015,48.00313186645508,3310900,0.0,0.0
2023-05-11 00:00:00-04:00,47.94457155283543,48.16906727249455,47.20275977150147,47.44677734375,2630500,0.0,0.0
2023-05-12 00:00:00-04:00,47.58342368556386,47.944568627903934,46.763524543891485,47.329647064208984,2529400,0.0,0.0
2023-05-15 00:00:00-04:00,47.202750437052636,48.21786423048455,46.9489701269887,47.9348030090332,2674500,0.0,0.0
2023-05-16 00:00:00-04:00,47.671269621732414,47.895765325183845,46.64639663696289,46.64639663696289,2607900,0.0,0.0
2023-05-17 00:00:00-04:00,47.10515034405891,48.50093115031932,46.78304908599025,48.20811080932617,2269600,0.0,0.0
2023-05-18 00:00:00-04:00,48.31547675393623,48.77423095703125,47.7103142492707,48.77423095703125,2329500,0.0,0.0
2023-05-19 00:00:00-04:00,49.1022957097936,49.689880276421945,48.54409279973275,48.994571685791016,2834000,0.165,0.0
2023-05-22 00:00:00-04:00,49.04354144481059,50.32642717181657,48.96519533910901,50.13056564331055,2514000,0.0,0.0
2023-05-23 00:00:00-04:00,49.79760166255317,50.41456416360323,48.98478137072345,49.08271026611328,2018900,0.0,0.0
2023-05-24 00:00:00-04:00,48.42658132541732,48.66161218261544,47.90754768892089,48.416786193847656,2049900,0.0,0.0
2023-05-25 00:00:00-04:00,48.82809183985955,49.89553321379673,48.69098989498194,49.65070724487305,2756100,0.0,0.0
2023-05-26 00:00:00-04:00,50.120775887041425,50.88463176387211,49.944500879196184,50.61042785644531,1946900,0.0,0.0
2023-05-30 00:00:00-04:00,50.94339032704927,51.16862978018425,50.22849891429531,50.60063171386719,2583100,0.0,0.0
2023-05-31 00:00:00-04:00,50.63001128590793,50.81607767802835,49.64091227620741,50.42435836791992,5241000,0.0,0.0
2023-06-01 00:00:00-04:00,50.10118567936636,51.8051760514399,49.915119289531276,51.34490203857422,2313200,0.0,0.0
2023-06-02 00:00:00-04:00,52.08917679949778,53.11744895620283,52.08917679949778,52.52007293701172,2826500,0.0,0.0
2023-06-05 00:00:00-04:00,52.23606497825233,53.293711142433914,52.20668705961459,52.93136978149414,2443100,0.0,0.0
2023-06-06 00:00:00-04:00,52.608205910581525,54.10653965956082,52.53965493747449,53.40143966674805,2417800,0.0,0.0
2023-06-07 00:00:00-04:00,53.881301451122745,54.51784674969291,53.42102741905433,53.56792449951172,3012400,0.0,0.0
2023-06-08 00:00:00-04:00,53.714818779140195,53.83233793985073,52.84323888381775,53.57771682739258,2310100,0.0,0.0
2023-06-09 00:00:00-04:00,53.67564537678986,54.28281271793231,53.51895691018059,54.037986755371094,2109900,0.0,0.0
2023-06-12 00:00:00-04:00,54.36114907512271,54.80183650617567,54.05756730597857,54.51783752441406,2249600,0.0,0.0
2023-06-13 00:00:00-04:00,54.94874106567016,55.771356470724356,54.899776619032565,55.71259689331055,2028600,0.0,0.0
2023-06-14 00:00:00-04:00,55.77135855733272,56.50583649161959,55.301293127678875,55.849700927734375,2068100,0.0,0.0
2023-06-15 00:00:00-04:00,55.82032326971816,57.50472720241918,55.82032326971816,57.397003173828125,3081200,0.0,0.0
2023-06-16 00:00:00-04:00,57.494925226006956,57.67120020894214,55.98679647678263,56.016178131103516,4649300,0.0,0.0
2023-06-20 00:00:00-04:00,55.271914778945636,55.60487827851903,55.01729739021219,55.457984924316406,2669000,0.0,0.0
2023-06-21 00:00:00-04:00,55.12502315217225,55.14460968049601,54.40033654718632,54.62557601928711,3991300,0.0,0.0
2023-06-22 00:00:00-04:00,54.28280982381144,54.42970688781536,53.47978100828445,54.04777526855469,4533700,0.0,0.0
2023-06-23 00:00:00-04:00,52.88241044448306,53.10764989253092,51.91289794260513,52.48089599609375,9377000,0.0,0.0
2023-06-26 00:00:00-04:00,52.23607124981093,52.71593181440968,51.981453874303085,51.99124526977539,6229400,0.0,0.0
2023-06-27 00:00:00-04:00,52.236072678135315,53.97923250821328,52.19689962367898,53.78337097167969,2390100,0.0,0.0
2023-06-28 00:00:00-04:00,53.52876033337357,54.70392596488779,52.999935238829885,54.58641052246094,3331700,0.0,0.0
2023-06-29 00:00:00-04:00,54.73329364456932,55.17398114085165,54.478676277688336,54.79205322265625,2773100,0.0,0.0
2023-06-30 00:00:00-04:00,55.095632215905425,55.68321675944753,54.831223467421296,54.84101486206055,3683400,0.0,0.0
2023-07-03 00:00:00-04:00,54.84101368051714,55.477562655036465,54.76266758210042,55.330665588378906,1342900,0.0,0.0
2023-07-05 00:00:00-04:00,54.752879214686914,54.82143018671759,54.06736575863229,54.12612533569336,1755800,0.0,0.0
2023-07-06 00:00:00-04:00,53.18599643281851,53.313303250747715,51.854142524113556,52.794273376464844,2835900,0.0,0.0
2023-07-07 00:00:00-04:00,52.51027560679838,54.21426608633291,52.51027560679838,53.734405517578125,1910200,0.0,0.0
2023-07-10 00:00:00-04:00,53.567931698706836,54.28282319913067,53.567931698706836,54.028202056884766,1887000,0.0,0.0
2023-07-11 00:00:00-04:00,54.48846817633178,55.37963457227186,54.14571330702709,55.14460372924805,2657300,0.0,0.0
2023-07-12 00:00:00-04:00,56.2610126139898,57.445969495632646,55.898671198889936,57.377418518066406,4318100,0.0,0.0
2023-07-13 00:00:00-04:00,58.11189425976411,60.07050208282896,57.8474817553606,59.94319152832031,5505000,0.0,0.0
2023-07-14 00:00:00-04:00,60.21740122210937,60.31533012231068,58.84637420480262,59.30664825439453,2687700,0.0,0.0
2023-07-17 00:00:00-04:00,59.18912922728876,59.9725753736921,58.954098371966225,59.424163818359375,2720000,0.0,0.0
2023-07-18 00:00:00-04:00,59.786505680198275,60.85394714012467,59.55147482311708,60.47201919555664,2560000,0.0,0.0
2023-07-19 00:00:00-04:00,60.354497123502725,61.1477308485218,59.72774325927857,59.8256721496582,4655800,0.0,0.0
2023-07-20 00:00:00-04:00,59.0911960422914,60.0607085235069,58.94429896655493,59.727745056152344,2811700,0.0,0.0
2023-07-21 00:00:00-04:00,60.001946309608165,60.031324229165484,59.08140205125161,59.23809051513672,2640900,0.0,0.0
2023-07-24 00:00:00-04:00,59.23809468681231,59.99215540403548,59.01285150185193,59.512298583984375,2017400,0.0,0.0
2023-07-25 00:00:00-04:00,59.38499204147354,59.82567957436917,59.16954397300275,59.66899108886719,1902400,0.0,0.0
2023-07-26 00:00:00-04:00,59.64940327793851,59.84526481453934,58.79740988983517,59.424163818359375,2004300,0.0,0.0
2023-07-27 00:00:00-04:00,59.9431886515502,59.9431886515502,57.86706550474737,57.9062385559082,2495800,0.0,0.0
2023-07-28 00:00:00-04:00,58.75823492591692,58.9051320075309,58.23920504617734,58.70927047729492,1642400,0.0,0.0
2023-07-31 00:00:00-04:00,58.787607254738205,58.905126403147506,57.86706300668436,58.15106201171875,2452300,0.0,0.0
2023-08-01 00:00:00-04:00,57.68099615250937,58.738642329290194,57.32844618166657,58.49381637573242,1568200,0.0,0.0
2023-08-02 00:00:00-04:00,57.553690136685766,57.78872097856546,57.01507374365127,57.690792083740234,1808100,0.0,0.0
2023-08-03 00:00:00-04:00,57.23052701193687,58.2098310563723,57.024874059185066,58.013973236083984,2053200,0.0,0.0
2023-08-04 00:00:00-04:00,58.35672452414184,59.727751595292894,58.08252060421092,58.944305419921875,3211100,0.0,0.0
2023-08-07 00:00:00-04:00,59.20870697395985,62.322893363264825,59.20870697395985,60.53076934814453,5203800,0.0,0.0
2023-08-08 00:00:00-04:00,59.786497306444645,60.41325115187491,58.64071363322011,59.92359924316406,3451700,0.0,0.0
2023-08-09 00:00:00-04:00,59.92360170827648,60.472013213462084,59.41436325397864,60.295738220214844,4422800,0.0,0.0
2023-08-10 00:00:00-04:00,61.08897485940803,62.13682967405153,60.726629747243315,61.020423889160156,4354000,0.0,0.0
2023-08-11 00:00:00-04:00,60.648286781331215,60.726629145517784,59.561258927103545,60.628700256347656,2093300,0.0,0.0
2023-08-14 00:00:00-04:00,60.30554218227066,61.1379490889253,60.04112965367784,60.501399993896484,2441400,0.0,0.0
2023-08-15 00:00:00-04:00,59.80608857254197,59.93339912490936,59.032437598863936,59.19892120361328,2043400,0.0,0.0
2023-08-16 00:00:00-04:00,59.28239475648277,59.28239475648277,57.99599764247576,58.074554443359375,3338700,0.165,0.0
2023-08-17 00:00:00-04:00,58.2414908139883,58.79139963053709,57.79959712499526,58.084373474121094,2232100,0.0,0.0
2023-08-18 00:00:00-04:00,57.35769912959521,59.24311081241815,57.18094166726892,59.11545181274414,2205600,0.0,0.0
2023-08-21 00:00:00-04:00,59.11544902391386,59.46896393188903,58.133464833303904,58.78157424926758,2087100,0.0,0.0
2023-08-22 00:00:00-04:00,59.18418901030976,59.30202606708364,57.829049746506406,57.976348876953125,2403600,0.0,0.0
2023-08-23 00:00:00-04:00,58.26113580834134,59.25293839659346,57.956719298099024,59.135101318359375,3819600,0.0,0.0
2023-08-24 00:00:00-04:00,59.42969120664288,59.79302435440194,58.26113122008109,58.47716522216797,2609800,0.0,0.0
2023-08-25 00:00:00-04:00,58.53608512676403,58.79139939829987,57.32824487893616,58.42806625366211,1980900,0.0,0.0
2023-08-28 00:00:00-04:00,58.80121712706657,59.567163632780726,58.52625899360124,59.547523498535156,4215500,0.0,0.0
2023-08-29 00:00:00-04:00,59.55735125234986,60.71609306414103,59.09581741745778,60.60807418823242,3502500,0.0,0.0
2023-08-30 00:00:00-04:00,60.686621057322135,61.01067763202559,60.274189503305735,60.7553596496582,4135000,0.0,0.0
2023-08-31 00:00:00-04:00,60.883020103229434,61.79626570445567,60.58842559385991,61.678428649902344,8895100,0.0,0.0
2023-09-01 00:00:00-04:00,62.13996305475464,62.169425129949126,60.883024394988716,61.07942199707031,3926600,0.0,0.0
2023-09-05 00:00:00-04:00,61.089240178080004,61.44275511255476,60.5982480459701,60.86338424682617,5758100,0.0,0.0
2023-09-06 00:00:00-04:00,60.42149476767284,60.76519153156141,59.94032454259097,60.60807418823242,3483500,0.0,0.0
2023-09-07 00:00:00-04:00,59.96978394246556,60.40185570782625,59.410053162758736,60.274200439453125,3865100,0.0,0.0
2023-09-08 00:00:00-04:00,60.25455536127225,61.72753176516526,60.087616087591904,61.68825149536133,3700100,0.0,0.0
2023-09-11 00:00:00-04:00,62.31672709874959,62.4051058417149,61.67843950708732,62.0614128112793,3542400,0.0,0.0
2023-09-12 00:00:00-04:00,62.1596036465518,63.06303112437999,62.100686987675054,62.640777587890625,3360900,0.0,0.0
2023-09-13 00:00:00-04:00,62.650595989643634,63.15140632161638,62.06140692309067,62.08104705810547,3957700,0.0,0.0
2023-09-14 00:00:00-04:00,62.89609333924831,62.98446832439211,62.06140449071083,62.57203674316406,4974400,0.0,0.0
2023-09-15 00:00:00-04:00,62.40509918402457,63.416545522493166,62.31672045048795,63.23978805541992,8069900,0.0,0.0
2023-09-18 00:00:00-04:00,63.20050531588619,63.46563776016161,62.797891933503564,63.298702239990234,2570000,0.0,0.0
2023-09-19 00:00:00-04:00,63.17104929600919,63.416545361211824,62.09086436153398,62.287261962890625,2765700,0.0,0.0
2023-09-20 00:00:00-04:00,62.54257831180565,63.60311940100427,62.39528291534704,62.48366165161133,2755500,0.0,0.0
2023-09-21 00:00:00-04:00,61.55077934499548,61.55077934499548,60.254560302940405,60.274200439453125,2982300,0.0,0.0
2023-09-22 00:00:00-04:00,61.0008656017442,61.51149790345543,60.490233300032976,61.04014587402344,3991600,0.0,0.0
2023-09-25 00:00:00-04:00,60.75536413171112,62.62113569383232,60.75536413171112,62.40509796142578,3966900,0.0,0.0
2023-09-26 00:00:00-04:00,61.629335901138596,62.071229605993096,60.382219078288024,60.40185546875,2579300,0.0,0.0
2023-09-27 00:00:00-04:00,60.883022483735935,61.128518542138096,60.175992636826486,60.97140121459961,2667300,0.0,0.0
2023-09-28 00:00:00-04:00,60.78482725454227,61.65879264748029,60.72590685033187,61.42311477661133,2152700,0.0,0.0
2023-09-29 00:00:00-04:00,62.06141158033417,62.06141158033417,60.352757165552525,60.490234375,3514100,0.0,0.0
2023-10-02 00:00:00-04:00,60.44113271623233,60.75536739151692,59.74392476456795,59.8912239074707,1973700,0.0,0.0
2023-10-03 00:00:00-04:00,59.28239017406526,59.567166515448434,57.47553894173165,57.93707275390625,4492600,0.0,0.0
2023-10-04 00:00:00-04:00,57.937074600147675,58.909240720479914,57.89779432850391,58.69320297241211,4120100,0.0,0.0
2023-10-05 00:00:00-04:00,58.604819511307014,59.50824321047038,58.133467527486225,59.331485748291016,2783000,0.0,0.0
2023-10-06 00:00:00-04:00,58.9779804396056,61.0892445098002,58.89941989483056,60.9124870300293,3795300,0.0,0.0
2023-10-09 00:00:00-04:00,60.15635954663912,60.71609407163286,59.82248471827825,60.490234375,1874800,0.0,0.0
2023-10-10 00:00:00-04:00,60.77500568533817,61.62933094875671,60.77500568533817,60.95176315307617,2498600,0.0,0.0
2023-10-11 00:00:00-04:00,61.13834405476014,62.05158980101329,60.922310044767414,61.96321105957031,3355300,0.0,0.0
2023-10-12 00:00:00-04:00,62.090858875461116,62.130139141456354,60.11707233385492,60.19562911987305,3807900,0.0,0.0
2023-10-13 00:00:00-04:00,60.59825078753756,60.59825078753756,58.10400974454215,59.164554595947266,4286400,0.0,0.0
2023-10-16 00:00:00-04:00,59.036895754968896,59.93050132854142,58.40842639500223,59.252933502197266,3542400,0.0,0.0
2023-10-17 00:00:00-04:00,58.732484009633644,60.27419910500515,58.59500305708842,59.351131439208984,4310000,0.0,0.0
2023-10-18 00:00:00-04:00,58.87977738378666,58.93869778999146,56.689952857141144,56.90599060058594,3555000,0.0,0.0
2023-10-19 00:00:00-04:00,55.84544521788287,56.9550885083841,54.34301046111436,54.60814666748047,5312400,0.0,0.0
2023-10-20 00:00:00-04:00,54.27426839827179,54.5295826477583,53.351204578162054,53.920753479003906,3637600,0.0,0.0
2023-10-23 00:00:00-04:00,53.744000826055036,54.8438222041631,53.33156921400434,54.23499298095703,3136200,0.0,0.0
2023-10-24 00:00:00-04:00,54.2251728600845,55.42319112823186,54.2251728600845,55.207157135009766,2726000,0.0,0.0
2023-10-25 00:00:00-04:00,54.70634136174325,55.01075782608662,53.70471698284236,53.89129638671875,1749900,0.0,0.0
2023-10-26 00:00:00-04:00,53.60651986456079,54.617962434051854,53.439580595689606,53.58687973022461,2919700,0.0,0.0
2023-10-27 00:00:00-04:00,53.655627244127466,53.86184306996819,52.752203390364365,53.1253547668457,1982500,0.0,0.0
2023-10-30 00:00:00-04:00,53.67525521351378,54.25462603046534,53.164622989592715,54.068050384521484,2330300,0.0,0.0
2023-10-31 00:00:00-04:00,54.17606827819544,54.89292006396925,53.920754026118345,54.40192794799805,2734800,0.0,0.0
2023-11-01 00:00:00-04:00,54.77508382080861,56.13022322262002,54.77508382080861,55.924007415771484,3229700,0.0,0.0
2023-11-02 00:00:00-04:00,56.81760618175435,57.81923051122345,56.45427307809487,57.662113189697266,3934900,0.0,0.0
2023-11-03 00:00:00-04:00,58.496805238870444,60.627713146464934,58.496805238870444,59.98942184448242,3803800,0.0,0.0
2023-11-06 00:00:00-05:00,59.891217781146366,60.480406800543115,57.878147181933876,58.31022262573242,3829800,0.0,0.0
2023-11-07 00:00:00-05:00,58.01562555216325,62.257796793069375,58.01562555216325,61.21689224243164,5975200,0.0,0.0
2023-11-08 00:00:00-05:00,61.482030674157514,61.65878812785966,60.824099319605686,61.2856330871582,3262500,0.0,0.0
2023-11-09 00:00:00-05:00,61.51149473933529,62.513119155095076,61.118703274666764,61.17761993408203,2914600,0.0,0.0
2023-11-10 00:00:00-05:00,62.03194289980702,62.44437823022199,61.16779946212609,62.40509796142578,2885900,0.0,0.0
2023-11-13 00:00:00-05:00,61.78644891272978,62.935368718789256,61.78644891272978,62.817535400390625,2403400,0.0,0.0
2023-11-14 00:00:00-05:00,65.04663034370647,66.33303472111389,65.01717201685538,65.42960357666016,5561000,0.0,0.0
2023-11-15 00:00:00-05:00,65.51798998886694,66.03844043971779,65.11537285250596,65.21357727050781,2968400,0.0,0.0
2023-11-16 00:00:00-05:00,65.4055425802508,65.87806485361436,64.88379579438404,65.00192260742188,2743400,0.165,0.0
2023-11-17 00:00:00-05:00,65.22833943759284,66.25214762573552,65.0806734229424,65.87805938720703,2358200,0.0,0.0
2023-11-20 00:00:00-05:00,65.78946959370285,67.18735862257208,65.71071337811993,67.02984619140625,2322400,0.0,0.0
2023-11-21 00:00:00-05:00,66.81328021761539,67.21689269313231,66.5868579674915,67.15782928466797,2078600,0.0,0.0
2023-11-22 00:00:00-05:00,67.75831978011912,67.91582467710943,66.98061916647862,67.38423156738281,2260200,0.0,0.0
2023-11-24 00:00:00-05:00,66.93140659312917,68.35883487665642,66.93140659312917,68.12256622314453,1342500,0.0,0.0
2023-11-27 00:00:00-05:00,67.67957027925397,68.40804646001743,67.51221896256337,67.9847412109375,3121000,0.0,0.0
2023-11-28 00:00:00-05:00,67.92567816995692,68.43757852686107,67.82723666023756,68.29975891113281,3722900,0.0,0.0
2023-11-29 00:00:00-05:00,71.15460449568688,73.97992150984643,70.47534534172321,73.57630157470703,11030500,0.0,0.0
2023-11-30 00:00:00-05:00,73.5861544187918,74.67887249662837,73.11362463758975,74.6591796875,7853500,0.0,0.0
2023-12-01 00:00:00-05:00,74.42292214248936,74.74778591332488,73.6747530822457,73.70429229736328,5213800,0.0,0.0
2023-12-04 00:00:00-05:00,71.92247047381461,74.94467099097905,71.90278517380669,74.04884338378906,4967200,0.0,0.0
2023-12-05 00:00:00-05:00,73.69444009926636,74.67887022882043,73.31051294958874,74.26541137695312,2901700,0.0,0.0
2023-12-06 00:00:00-05:00,74.86591476278964,74.91513176317072,73.52708917848786,73.56646728515625,3098500,0.0,0.0
2023-12-07 00:00:00-05:00,73.69444032140382,74.60011424077814,73.68459391710897,74.31462860107422,1837200,0.0,0.0
2023-12-08 00:00:00-05:00,73.9897688457859,75.81096300219708,73.9897688457859,75.75189208984375,3281000,0.0,0.0
2023-12-11 00:00:00-05:00,75.41720029903155,76.48038674684587,75.4073538937907,76.02754974365234,2069200,0.0,0.0
2023-12-12 00:00:00-05:00,76.03738583402682,76.74617677309615,75.67315147022076,76.33271789550781,2368400,0.0,0.0
2023-12-13 00:00:00-05:00,75.9389455341701,78.85285804435254,75.82081120556306,78.34095764160156,4566900,0.0,0.0
2023-12-14 00:00:00-05:00,79.31553271262956,82.12115699041664,79.20724480097765,81.71754455566406,6023500,0.0,0.0
2023-12-15 00:00:00-05:00,81.7175567458585,82.86933833003954,81.12690010094053,82.50509643554688,8285100,0.0,0.0
2023-12-18 00:00:00-05:00,82.54447385259539,83.88329957547629,82.47556403644445,83.15482330322266,5461000,0.0,0.0
2023-12-19 00:00:00-05:00,83.18434716563812,84.32628973773656,82.86932981999131,83.37139129638672,3374700,0.0,0.0
2023-12-20 00:00:00-05:00,82.94809025461197,83.42061254182205,80.73312231797306,80.7528076171875,4570900,0.0,0.0
2023-12-21 00:00:00-05:00,81.56005290753346,81.67818725322493,78.7642743216363,80.57562255859375,5426700,0.0,0.0
2023-12-22 00:00:00-05:00,80.34919145291967,81.15642387455208,79.85697637849488,80.64451599121094,4140300,0.0,0.0
2023-12-26 00:00:00-05:00,80.23106170850718,81.21549191351954,79.89635904389407,80.90047454833984,2245200,0.0,0.0
2023-12-27 00:00:00-05:00,81.2154789106828,82.43617006649208,80.77248839359389,82.04239654541016,1353400,0.0,0.0
2023-12-28 00:00:00-05:00,81.67816071665062,82.4164832384804,81.67816071665062,82.2786636352539,974100,0.0,0.0
2023-12-29 00:00:00-05:00,82.42633903670864,82.42633903670864,81.3729990859292,81.5600357055664,1699700,0.0,0.0
2024-01-02 00:00:00-05:00,80.72325780316969,81.10718489187298,78.97097365255372,80.04399871826172,3273200,0.0,0.0
2024-01-03 00:00:00-05:00,78.98082829538869,79.3647554241474,77.72075148930794,78.6461181640625,3172000,0.0,0.0
2024-01-04 00:00:00-05:00,78.754404959221,79.54195201305534,78.63627064796425,78.71502685546875,1666400,0.0,0.0
2024-01-05 00:00:00-05:00,78.29171730282917,80.27042372107702,78.29171730282917,80.00462341308594,2314400,0.0,0.0
2024-01-08 00:00:00-05:00,80.57560742564507,80.93000288555277,79.75852858693534,80.8414077758789,2299200,0.0,0.0
2024-01-09 00:00:00-05:00,80.08338200026026,80.4180921183233,79.42381567807783,80.13260650634766,2075700,0.0,0.0
2024-01-10 00:00:00-05:00,79.90619627809059,81.49112947607873,79.38444948197144,81.13673400878906,3451900,0.0,0.0
2024-01-11 00:00:00-05:00,81.39267707717985,81.56002838363372,79.89634670138332,80.59529113769531,3192400,0.0,0.0
2024-01-12 00:00:00-05:00,81.15642160834919,81.56003405259197,80.23105489087652,80.51654052734375,1991800,0.0,0.0
2024-01-16 00:00:00-05:00,79.68961697333815,80.47716409100937,78.95129436699861,80.28028106689453,2334300,0.0,0.0
2024-01-17 00:00:00-05:00,79.28599481316587,80.41809083973035,79.22693141528417,79.93571472167969,1692300,0.0,0.0
2024-01-18 00:00:00-05:00,80.73312107269837,81.097355432095,79.63055656853754,80.29012298583984,1519900,0.0,0.0
2024-01-19 00:00:00-05:00,80.63466640924216,83.02682414368458,79.87665108916349,82.87916564941406,3990300,0.0,0.0
2024-01-22 00:00:00-05:00,83.67657353089112,84.00143732479202,82.8102775910957,82.9480972290039,2247400,0.0,0.0
2024-01-23 00:00:00-05:00,82.88901091261307,83.1548112439388,82.23929095607187,82.68228149414062,2083400,0.0,0.0
2024-01-24 00:00:00-05:00,83.3418514181621,83.3418514181621,81.71754033782739,82.04239654541016,3310800,0.0,0.0
2024-01-25 00:00:00-05:00,82.69214637174683,84.05065750117835,82.07195797777734,84.02112579345703,3838200,0.0,0.0
2024-01-26 00:00:00-05:00,83.8439134523388,85.43869298735234,83.36154478537898,85.3993148803711,4084900,0.0,0.0
2024-01-29 00:00:00-05:00,85.53712479554572,86.058871510296,84.75942416975761,85.80292510986328,2614300,0.0,0.0
2024-01-30 00:00:00-05:00,85.19258982170861,86.79720833282343,84.98586038240717,86.40343475341797,3921800,0.0,0.0
2024-01-31 00:00:00-05:00,86.50188764800433,87.13192239897415,85.20244003530324,85.23197174072266,4442600,0.0,0.0
2024-02-01 00:00:00-05:00,85.6749547542376,86.9054924417582,83.86360688329815,86.77751922607422,3807600,0.0,0.0
2024-02-02 00:00:00-05:00,86.42312262514776,88.44119989955587,86.25577130440968,88.12618255615234,2798700,0.0,0.0
2024-02-05 00:00:00-05:00,87.29927535179438,87.48631950371991,85.92107149207358,87.0728530883789,4246700,0.0,0.0
2024-02-06 00:00:00-05:00,90.6463329378284,92.23126613128991,88.99248993206885,92.12297821044922,7651700,0.0,0.0
2024-02-07 00:00:00-05:00,92.62504648289253,93.98356515004282,91.82766031607468,93.25508880615234,5437100,0.0,0.0
2024-02-08 00:00:00-05:00,94.02292937394135,96.41509503158957,93.44211165741285,95.04673767089844,6753600,0.0,0.0
2024-02-09 00:00:00-05:00,95.42081507856871,95.75551772566567,94.60373624862349,95.51925659179688,5026000,0.0,0.0
2024-02-12 00:00:00-05:00,95.80474271630017,97.09434382042686,94.84984426094287,96.1000747680664,3042700,0.0,0.0
2024-02-13 00:00:00-05:00,93.35350654501624,95.47003272494302,92.73331078612753,94.38715362548828,4600600,0.0,0.0
2024-02-14 00:00:00-05:00,95.85396646820845,96.26742532891703,94.38716013617096,94.45606994628906,7349300,0.0,0.0
2024-02-15 00:00:00-05:00,94.5398901031492,95.57531775512737,94.14543824944847,94.8850326538086,5921900,0.165,0.0
2024-02-16 00:00:00-05:00,94.88504523189584,95.12171336607199,94.03697626725828,94.33281707763672,3478000,0.0,0.0
2024-02-20 00:00:00-05:00,93.5143259595733,93.5734911092388,91.80832474995964,91.84777069091797,4874500,0.0,0.0
2024-02-21 00:00:00-05:00,91.1574827263687,92.38027676425239,90.87150530588376,92.36055755615234,3569800,0.0,0.0
2024-02-22 00:00:00-05:00,94.21447941174348,95.76269693850739,93.99753048689661,94.4412841796875,3943800,0.0,0.0
2024-02-23 00:00:00-05:00,95.06254504919798,96.1078361702651,93.93836204485,94.47087097167969,2373800,0.0,0.0
2024-02-26 00:00:00-05:00,95.46685278481026,95.60490981877972,94.13558422950807,94.47087097167969,2048800,0.0,0.0
2024-02-27 00:00:00-05:00,94.63851102055432,95.26963104264436,94.09613872490938,94.68781280517578,3406600,0.0,0.0
2024-02-28 00:00:00-05:00,94.53989122061313,94.86530704448508,93.85946195302526,94.5201644897461,2616400,0.0,0.0
2024-02-29 00:00:00-05:00,95.19072747793415,97.17284255096382,94.77655642492591,96.896728515625,6604700,0.0,0.0
2024-03-01 00:00:00-05:00,98.71120728119487,100.38762593054642,96.18672722627228,97.55744171142578,5458600,0.0,0.0
2024-03-04 00:00:00-05:00,94.62864840582175,98.09981607843164,94.14544878084642,97.25174713134766,7643700,0.0,0.0
2024-03-05 00:00:00-05:00,96.64034492665405,96.87701305253515,94.96393378938482,95.2696304321289,3222600,0.0,0.0
2024-03-06 00:00:00-05:00,96.15713927067861,97.04465409143367,95.24989771860479,95.65421295166016,3419800,0.0,0.0
2024-03-07 00:00:00-05:00,95.54573956499296,97.14326626015813,95.54573956499296,96.62062072753906,2598300,0.0,0.0
2024-03-08 00:00:00-05:00,97.05452162710813,98.28717915902186,96.6403505020358,97.28133392333984,3107900,0.0,0.0
2024-03-11 00:00:00-04:00,96.90659890323816,97.15313040373069,95.67394140077559,96.03881072998047,3479700,0.0,0.0
2024-03-12 00:00:00-04:00,96.6403338963967,98.03077496477825,96.17685354026952,97.80396270751953,1804100,0.0,0.0
2024-03-13 00:00:00-04:00,97.62646293991976,98.9971773227483,96.36422300668573,96.60089111328125,3886200,0.0,0.0
2024-03-14 00:00:00-04:00,97.23201315028412,97.37993354138482,94.5990587781574,95.49642944335938,1958100,0.0,0.0
2024-03-15 00:00:00-04:00,94.56947931011297,96.2951997080218,94.56947931011297,95.3583755493164,2904400,0.0,0.0
2024-03-18 00:00:00-04:00,95.97962669362487,96.14726627532644,93.5636139500166,93.82987213134766,3950300,0.0,0.0
2024-03-19 00:00:00-04:00,93.82001101908003,95.2203078943396,93.34667483308331,94.43141174316406,2027700,0.0,0.0
2024-03-20 00:00:00-04:00,94.57935123925218,97.33063624486998,94.15531674500397,97.23202514648438,2837000,0.0,0.0
2024-03-21 00:00:00-04:00,97.94202373150105,102.04431107190949,97.94202373150105,100.2298355102539,4760200,0.0,0.0
2024-03-22 00:00:00-04:00,100.24956008044194,100.24956008044194,98.86898235050408,99.36204528808594,2588900,0.0,0.0
2024-03-25 00:00:00-04:00,99.36204269012995,100.35802438105276,99.36204269012995,99.45079040527344,1937900,0.0,0.0
2024-03-26 00:00:00-04:00,100.12136173297527,100.49609439120243,99.45079581795902,99.64802551269531,2330000,0.0,0.0
2024-03-27 00:00:00-04:00,100.5256847434177,101.01874773309733,98.70134566276774,99.11552429199219,3257500,0.0,0.0
2024-03-28 00:00:00-04:00,99.20427426338485,100.0622065933145,98.35620530006432,99.18455505371094,3235200,0.0,0.0
2024-04-01 00:00:00-04:00,98.84926272495068,99.56913797592279,98.18856014675112,98.61259460449219,2316800,0.0,0.0
2024-04-02 00:00:00-04:00,97.49828387605238,97.49828387605238,95.26963692836834,96.54174041748047,2262000,0.0,0.0
2024-04-03 00:00:00-04:00,96.58117516537725,98.89856957634066,96.58117516537725,98.16883850097656,2130000,0.0,0.0
2024-04-04 00:00:00-04:00,98.80982567465031,99.88470696479403,96.44312921003524,96.80799102783203,2156700,0.0,0.0
2024-04-05 00:00:00-04:00,97.55743420213696,100.06219485538202,97.09395383195373,99.5296859741211,2663000,0.0,0.0
2024-04-08 00:00:00-04:00,99.5987169707829,100.70318069913264,99.3719047009853,100.23970031738281,2078300,0.0,0.0
2024-04-09 00:00:00-04:00,100.58484641039905,101.17652047281027,97.60674936625439,98.87884521484375,1922400,0.0,0.0
2024-04-10 00:00:00-04:00,95.7922789534278,99.8255382021051,95.67394112505646,97.63633728027344,3808300,0.0,0.0
2024-04-11 00:00:00-04:00,97.61660769418361,101.33430681542897,97.58702511884144,99.05635070800781,5795900,0.0,0.0
2024-04-12 00:00:00-04:00,97.71522311675182,98.44496178406972,95.54574889535198,95.94020080566406,2829700,0.0,0.0
2024-04-15 00:00:00-04:00,97.43909471759171,97.84340993522082,93.79043201136321,94.51029968261719,3351100,0.0,0.0
2024-04-16 00:00:00-04:00,94.49058304070451,95.74295961809209,92.79444529605222,94.95406341552734,4909400,0.0,0.0
2024-04-17 00:00:00-04:00,95.85145187657527,96.0388182391337,92.7451607463281,93.31710815429688,2352300,0.0,0.0
2024-04-18 00:00:00-04:00,93.64251095706267,94.5497449444946,91.8280429821988,92.05484771728516,4645200,0.0,0.0
2024-04-19 00:00:00-04:00,92.40986516761404,92.93251073598798,90.64469875133142,91.33499145507812,4472800,0.0,0.0
2024-04-22 00:00:00-04:00,92.78458435132848,93.89891145779588,91.46317922769563,93.15931701660156,3079800,0.0,0.0
2024-04-23 00:00:00-04:00,93.681953386635,96.82769717630944,93.06069682528332,96.61074829101562,3025700,0.0,0.0
2024-04-24 00:00:00-04:00,97.05450789831376,97.18270907856665,94.648365852388,95.42739868164062,3639200,0.0,0.0
2024-04-25 00:00:00-04:00,92.43942975243014,94.88502503004278,92.31123610778336,93.55375671386719,4945000,0.0,0.0
2024-04-26 00:00:00-04:00,94.49059926293539,95.51617127352984,93.40586209596552,94.21448516845703,1965900,0.0,0.0
2024-04-29 00:00:00-04:00,94.27363647058701,94.77656279650353,92.98181392260177,93.95807647705078,3229200,0.0,0.0
2024-04-30 00:00:00-04:00,92.57749952431284,93.88904881579215,91.68999220687272,91.77873992919922,3465000,0.0,0.0
2024-05-01 00:00:00-04:00,94.47085884346156,96.21629827659171,92.72541188678828,93.80029296875,5697800,0.0,0.0
2024-05-02 00:00:00-04:00,93.47488602949583,95.85144581759323,92.63668041997674,95.78241729736328,6504100,0.0,0.0
2024-05-03 00:00:00-04:00,98.20827686727027,98.78023170713676,93.6030706215609,93.69182586669922,5831700,0.0,0.0
2024-05-06 00:00:00-04:00,94.52016763256167,96.96576321689511,93.33681954166902,96.88687133789062,3224900,0.0,0.0
2024-05-07 00:00:00-04:00,96.85729532566124,98.42523202848966,95.82186003332778,98.15898132324219,4596600,0.0,0.0
2024-05-08 00:00:00-04:00,97.27145434748635,98.59286691374503,96.22616334214173,98.28716278076172,2251700,0.0,0.0
2024-05-09 00:00:00-04:00,98.26745256522595,100.90040704990739,98.21814325823662,100.80179595947266,4506900,0.0,0.0
2024-05-10 00:00:00-04:00,101.61674628726239,102.02174737332052,100.80673657869987,101.87357330322266,4234900,0.175,0.0
2024-05-13 00:00:00-04:00,102.96017920768193,103.12810630521496,98.85085647180291,99.01878356933594,4755800,0.0,0.0
2024-05-14 00:00:00-04:00,98.78170994955245,101.19198608398438,98.78170994955245,101.19198608398438,4082600,0.0,0.0
2024-05-15 00:00:00-04:00,101.74514994555899,106.62496828664933,101.2907550346416,106.3582534790039,4534100,0.0,0.0
2024-05-16 00:00:00-04:00,105.6964264326761,105.98289428719428,102.85151598573965,102.88114929199219,4932900,0.0,0.0
2024-05-17 00:00:00-04:00,103.62201552601017,103.73067601016572,102.624318142603,103.36518096923828,1865500,0.0,0.0
2024-05-20 00:00:00-04:00,103.15773448906806,104.14555153577504,102.66382596571457,103.60224914550781,2377200,0.0,0.0
2024-05-21 00:00:00-04:00,103.1577488534025,105.40997082767663,102.95030814908219,105.1926498413086,3393300,0.0,0.0
2024-05-22 00:00:00-04:00,105.80508594545401,106.60521535273867,103.87884569219611,104.48140716552734,3003200,0.0,0.0
2024-05-23 00:00:00-04:00,105.9038713602835,105.92363192287515,102.3477312748784,102.71322631835938,4143200,0.0,0.0
2024-05-24 00:00:00-04:00,103.40469710381468,106.6842496623475,103.2960366169836,105.13337707519531,2940100,0.0,0.0
2024-05-28 00:00:00-04:00,105.13337813910923,105.93350760801096,103.45409202163859,104.15544128417969,3379300,0.0,0.0
2024-05-29 00:00:00-04:00,102.73297517563502,102.97004916198925,101.58710375810494,101.94271850585938,2773500,0.0,0.0
2024-05-30 00:00:00-04:00,101.96247161740418,103.2169958873272,101.96247161740418,102.5650405883789,1770500,0.0,0.0
2024-05-31 00:00:00-04:00,102.86138200868263,105.02470366110917,99.92757183469932,101.58709716796875,6116000,0.0,0.0
2024-06-03 00:00:00-04:00,102.88114998816192,102.94041660106805,99.48305683454808,101.9130859375,3807100,0.0,0.0
2024-06-04 00:00:00-04:00,101.23148860729201,102.0316179587629,99.73000255976785,100.07573699951172,3320500,0.0,0.0
2024-06-05 00:00:00-04:00,100.80673020359288,102.36747537210812,99.13731702319495,102.1402816772461,2825700,0.0,0.0
2024-06-06 00:00:00-04:00,102.27858595187959,102.69346733532821,97.62596820091463,98.27792358398438,5002600,0.0,0.0
2024-06-07 00:00:00-04:00,96.62826126866833,98.771822408267,95.25519620421049,96.79618835449219,4983200,0.0,0.0
2024-06-10 00:00:00-04:00,103.81957124100295,109.37110581754315,102.73297398498939,107.62266540527344,20403600,0.0,0.0
2024-06-11 00:00:00-04:00,107.12875706515605,109.1241517453267,106.05204008802673,108.86731719970703,8319700,0.0,0.0
2024-06-12 00:00:00-04:00,112.31480406725694,112.52225229552329,109.34147994806025,110.13172912597656,6714400,0.0,0.0
2024-06-13 00:00:00-04:00,109.96378453678102,110.31939924804884,107.85973710881755,108.02766418457031,6530500,0.0,0.0
2024-06-14 00:00:00-04:00,106.88181228377584,108.31415166869948,106.52619750796354,107.8498764038086,5069600,0.0,0.0
2024-06-17 00:00:00-04:00,108.77840298203614,109.64767916681498,106.93118261088037,108.82778930664062,5211400,0.0,0.0
2024-06-18 00:00:00-04:00,109.33160124574043,110.3589319746718,108.67963831650744,109.13404083251953,5160100,0.0,0.0
2024-06-20 00:00:00-04:00,108.96610131038624,110.17123937181461,107.8597509875901,108.70927429199219,7441200,0.0,0.0
2024-06-21 00:00:00-04:00,108.65987181747785,108.65987181747785,104.639456861689,107.49424743652344,145539500,0.0,0.0
2024-06-24 00:00:00-04:00,107.19790130169615,108.95622195427497,106.16069793701172,106.16069793701172,9103800,0.0,0.0
2024-06-25 00:00:00-04:00,105.68654360572171,106.65460762651172,105.24202894974988,106.1113052368164,4734000,0.0,0.0
2024-06-26 00:00:00-04:00,105.57788448839324,106.04215971167139,104.21469966092542,104.49128723144531,4425800,0.0,0.0
2024-06-27 00:00:00-04:00,104.07639638643916,105.03458005155305,103.22687319075749,104.57030487060547,3567600,0.0,0.0
2024-06-28 00:00:00-04:00,104.80738610866054,106.56569922852563,103.77018274177458,103.9578628540039,17507500,0.0,0.0
2024-07-01 00:00:00-04:00,105.35068311932443,106.06191255544793,102.65393943009707,103.23675537109375,3445700,0.0,0.0
2024-07-02 00:00:00-04:00,102.93053093428263,104.67897128798867,102.36747553179755,104.63945770263672,3318700,0.0,0.0
2024-07-03 00:00:00-04:00,105.24203117938853,105.68654584477777,103.99737956527412,104.76787567138672,1252200,0.0,0.0
2024-07-05 00:00:00-04:00,104.372754445702,104.82714939009787,102.81200167813827,104.78763580322266,2250400,0.0,0.0
2024-07-08 00:00:00-04:00,104.83700815660679,105.51860425054673,103.43430992356512,103.78992462158203,1941700,0.0,0.0
2024-07-09 00:00:00-04:00,103.91835636646206,105.31118210113569,102.83175905893057,104.29373168945312,2796600,0.0,0.0
2024-07-10 00:00:00-04:00,105.34081354586482,108.22523763091402,104.71849149422805,108.1165771484375,3297200,0.0,0.0
2024-07-11 00:00:00-04:00,108.65987107339379,109.3019536370257,107.24729244798185,107.52388000488281,4103200,0.0,0.0
2024-07-12 00:00:00-04:00,107.37571376029986,110.3885588738975,106.69412509874783,109.39086151123047,2838500,0.0,0.0
2024-07-15 00:00:00-04:00,110.83307104808813,113.59896182893631,110.83307104808813,113.5594482421875,3618100,0.0,0.0
2024-07-16 00:00:00-04:00,114.02372043928001,115.64373977074906,113.41127116559942,115.24861145019531,3992600,0.0,0.0
2024-07-17 00:00:00-04:00,113.9051728511821,114.64603558162295,111.46526371976567,112.39381408691406,3954900,0.0,0.0
2024-07-18 00:00:00-04:00,112.34443872691614,115.52520336282764,111.297347507562,113.51006317138672,4616300,0.0,0.0
2024-07-19 00:00:00-04:00,113.88544040486593,115.41655246922184,112.72969614530214,113.74714660644531,2826500,0.0,0.0
2024-07-22 00:00:00-04:00,115.13007236264654,116.68094472422148,114.28054915450276,116.43399047851562,4145500,0.0,0.0
2024-07-23 00:00:00-04:00,116.21667494572264,118.39974967499928,115.87094049293148,116.52289581298828,3173300,0.0,0.0
2024-07-24 00:00:00-04:00,115.9993542981681,117.68852051747997,114.10274740663678,114.320068359375,3606400,0.0,0.0
2024-07-25 00:00:00-04:00,114.43860841322474,117.54035347410199,112.20613967876116,115.28813171386719,4108700,0.0,0.0
2024-07-26 00:00:00-04:00,118.00463112622022,118.6763470628765,116.60193263793536,117.06620788574219,3480300,0.0,0.0
2024-07-29 00:00:00-04:00,117.92559403709191,117.92559403709191,115.50544533414619,117.15509796142578,4037900,0.0,0.0
2024-07-30 00:00:00-04:00,118.2910785105341,119.93085824767277,117.125454220413,118.52815246582031,3728200,0.0,0.0
2024-07-31 00:00:00-04:00,124.4254373627916,127.2209539461125,121.51138001782627,121.94601440429688,6604100,0.0,0.0
2024-08-01 00:00:00-04:00,122.26209737897494,122.62759235400962,117.24399313227991,118.29107666015625,5306600,0.0,0.0
2024-08-02 00:00:00-04:00,115.41655001327763,115.42643029479652,107.10901185730012,107.29669952392578,7437600,0.0,0.0
2024-08-05 00:00:00-04:00,100.5696565918304,107.21766899433679,97.0530301256577,104.9358139038086,8356800,0.0,0.0
2024-08-06 00:00:00-04:00,106.19032583014392,110.39842829417576,105.9137382803246,108.26473999023438,5872900,0.0,0.0
2024-08-07 00:00:00-04:00,110.07244339219922,111.60356268417702,107.01021234468885,107.46460723876953,3832200,0.0,0.0
2024-08-08 00:00:00-04:00,109.20317057645964,112.08759436048246,108.14620670522444,111.40599822998047,3773900,0.0,0.0
2024-08-09 00:00:00-04:00,112.1073593628879,112.76920254046789,110.95161517706704,112.48273468017578,2052300,0.0,0.0
2024-08-12 00:00:00-04:00,112.78447885055243,113.17031988488166,110.9937803297913,111.48844909667969,2613400,0.175,0.0
2024-08-13 00:00:00-04:00,112.47777428428574,114.64441811276276,112.40852096644484,114.57516479492188,2710000,0.0,0.0
2024-08-14 00:00:00-04:00,114.763154341598,117.52340697678648,114.65432660863725,117.1177749633789,3052300,0.0,0.0
2024-08-15 00:00:00-04:00,118.7205082844486,119.62080909533472,117.22660644174957,118.93816375732422,2972200,0.0,0.0
2024-08-16 00:00:00-04:00,118.92825131068638,119.26462996118038,117.4640361441941,117.810302734375,2462800,0.0,0.0
2024-08-19 00:00:00-04:00,118.11700491848447,119.34378131954436,117.59265724496879,118.8985824584961,2372500,0.0,0.0
2024-08-20 00:00:00-04:00,118.91836391356503,119.07666153587212,116.74182444316513,117.38489532470703,1867800,0.0,0.0
2024-08-21 00:00:00-04:00,117.32553551898803,117.81031634931134,116.57364442142902,117.49372863769531,1907900,0.0,0.0
2024-08-22 00:00:00-04:00,117.71138467975354,118.26541129077657,117.09799268323054,117.46405029296875,2057000,0.0,0.0
2024-08-23 00:00:00-04:00,118.66114348888668,121.14437520699072,117.82020056607016,120.92672729492188,2447700,0.0,0.0
2024-08-26 00:00:00-04:00,121.3026743109143,121.96552863985899,119.75931019025592,120.84757995605469,1443500,0.0,0.0
2024-08-27 00:00:00-04:00,120.43206311554638,121.84681611200533,120.09568442402892,121.08502197265625,1616800,0.0,0.0
2024-08-28 00:00:00-04:00,120.97620083408982,122.10404509717137,119.86814754996585,120.3331298828125,2392900,0.0,0.0
2024-08-29 00:00:00-04:00,120.77831859858476,121.98531150417679,119.9175922934382,120.86735534667969,1693900,0.0,0.0
2024-08-30 00:00:00-04:00,121.81711912204781,122.87570990571112,120.43205271205532,122.4502944946289,2849300,0.0,0.0
2024-09-03 00:00:00-04:00,120.75854739195483,121.89628716371752,116.03941026920756,117.00895690917969,4263300,0.0,0.0
2024-09-04 00:00:00-04:00,116.67256646083965,118.3742280924508,115.6535500890842,116.41533660888672,2540000,0.0,0.0
2024-09-05 00:00:00-04:00,116.53406079161574,118.51273571963766,115.83163209793346,117.17713165283203,2101000,0.0,0.0
2024-09-06 00:00:00-04:00,117.58276671096894,118.04775656875039,114.01125753938194,115.00059509277344,2657600,0.0,0.0
2024-09-09 00:00:00-04:00,116.73193245782252,118.61167526487583,116.25705467274258,117.1969223022461,2515800,0.0,0.0
2024-09-10 00:00:00-04:00,117.74105309326717,118.01806637406273,113.84306108995479,116.80117797851562,2015400,0.0,0.0
2024-09-11 00:00:00-04:00,116.0888495897491,117.19691022078631,112.70531741467859,117.02872467041016,3754700,0.0,0.0
2024-09-12 00:00:00-04:00,116.95947854472188,119.65047770839583,115.39632350875746,119.07666015625,4590900,0.0,0.0
2024-09-13 00:00:00-04:00,119.67026146214748,122.20296301223124,119.67026146214748,121.49064636230469,3506000,0.0,0.0
2024-09-16 00:00:00-04:00,122.67785475704562,125.43810739484472,122.11393266210042,125.1907730102539,3297000,0.0,0.0
2024-09-17 00:00:00-04:00,126.18999460941613,127.357405552837,125.1412917810523,126.60551452636719,2376600,0.0,0.0
2024-09-18 00:00:00-04:00,127.10018990548757,129.53395170306993,124.52791391362344,127.87187194824219,3673000,0.0,0.0
2024-09-19 00:00:00-04:00,131.3048691358621,132.41292226231255,129.48449182923872,131.38401794433594,3448600,0.0,0.0
2024-09-20 00:00:00-04:00,130.15722607626614,132.04686413547137,130.09786824757333,131.80941772460938,5417400,0.0,0.0
2024-09-23 00:00:00-04:00,132.57123909416651,133.41218209700736,130.04842518173788,131.18617248535156,1942400,0.0,0.0
2024-09-24 00:00:00-04:00,131.2356005863147,131.7104934093627,129.72191556606475,130.97837829589844,1987100,0.0,0.0
2024-09-25 00:00:00-04:00,131.06742846876145,131.52253036345758,130.0978819405212,130.2660675048828,1415100,0.0,0.0
2024-09-26 00:00:00-04:00,131.55218394265484,132.45248452208855,129.55371834006633,129.97914123535156,1903600,0.0,0.0
2024-09-27 00:00:00-04:00,130.54308729205076,131.542327883557,129.3360942679196,130.73106384277344,2909300,0.0,0.0
2024-09-30 00:00:00-04:00,129.91981358173544,130.43425823565636,127.00125574876874,129.1876983642578,3315300,0.0,0.0
2024-10-01 00:00:00-04:00,129.1876809551494,130.11766053697363,127.32772179150093,128.48524475097656,2577500,0.0,0.0
2024-10-02 00:00:00-04:00,128.61389563043772,131.44340193815114,128.61389563043772,130.8102264404297,2118700,0.0,0.0
2024-10-03 00:00:00-04:00,130.28585753823657,130.68158649903384,128.24782470755545,129.5042724609375,2147200,0.0,0.0
2024-10-04 00:00:00-04:00,131.74017106217028,132.126012042145,130.2759408492641,131.85888671875,2096700,0.0,0.0
2024-10-07 00:00:00-04:00,131.49284246304074,132.2744123965155,128.8414102801326,129.9296875,2291700,0.0,0.0
2024-10-08 00:00:00-04:00,130.29575249351967,131.03775565703185,129.34599689803616,129.94949340820312,2069300,0.0,0.0
2024-10-09 00:00:00-04:00,130.38479790557284,133.6595180986478,130.14736653898677,133.5111083984375,2863900,0.0,0.0
2024-10-10 00:00:00-04:00,133.0757704459742,133.80788556870627,131.61155529660104,131.70059204101562,3215700,0.0,0.0
2024-10-11 00:00:00-04:00,132.65036252845883,134.45094877533526,132.65036252845883,134.14425659179688,2084600,0.0,0.0
2024-10-14 00:00:00-04:00,134.77744475018864,135.64806658967225,133.283550544795,135.08413696289062,1940900,0.0,0.0
2024-10-15 00:00:00-04:00,135.4007311872086,136.33071085487305,133.69906947533164,134.33224487304688,2352600,0.0,0.0
2024-10-16 00:00:00-04:00,134.83680361956158,136.40986174543747,133.75842934853463,134.22341918945312,2433100,0.0,0.0
2024-10-17 00:00:00-04:00,135.53924511057863,138.329184263359,134.90606967886927,136.3702850341797,3135700,0.0,0.0
2024-10-18 00:00:00-04:00,136.39997276400806,138.65566132868616,135.88552807107732,138.3192901611328,2954500,0.0,0.0
2024-10-21 00:00:00-04:00,138.3093881346651,140.16933240449416,138.2500302989174,139.07118225097656,2853700,0.0,0.0
2024-10-22 00:00:00-04:00,138.20055254278887,139.4767912270485,137.47834042211767,138.67543029785156,2200200,0.0,0.0
2024-10-23 00:00:00-04:00,138.53692334407268,139.80327408544093,136.46921167531735,137.0727081298828,4774700,0.0,0.0
2024-10-24 00:00:00-04:00,141.5148423619465,145.5810204644436,139.80329255657284,141.75228881835938,4353600,0.0,0.0
2024-10-25 00:00:00-04:00,143.05822453451532,143.1274703172901,137.4189880770894,138.3885498046875,2866200,0.0,0.0
2024-10-28 00:00:00-04:00,139.8329578178966,140.62443083253578,138.3885335300654,139.24925231933594,2716400,0.0,0.0
2024-10-29 00:00:00-04:00,138.50726049160832,138.99204133792256,137.26070058177746,137.8444061279297,2234400,0.0,0.0
2024-10-30 00:00:00-04:00,138.55671438861688,140.30784592094085,138.43798362799197,138.68531799316406,2023700,0.0,0.0
2024-10-31 00:00:00-04:00,137.6069495476675,138.85352446184555,135.9349667536995,136.76602172851562,2620300,0.0,0.0
2024-11-01 00:00:00-04:00,137.02322567779777,139.35806247369626,135.91517265469008,136.113037109375,2672800,0.0,0.0
2024-11-04 00:00:00-05:00,136.22696671045642,137.168031272866,134.5528545873219,135.5236358642578,2013000,0.175,0.0
2024-11-05 00:00:00-05:00,135.8802716081933,138.34686508514523,135.78122091692595,137.68316650390625,3421900,0.0,0.0
2024-11-06 00:00:00-05:00,146.09331680743287,152.06661859433925,145.67726766631662,150.83828735351562,7213800,0.0,0.0
2024-11-07 00:00:00-05:00,150.13496762841868,150.8184823808124,147.6188564121822,149.29296875,3261100,0.0,0.0
2024-11-08 00:00:00-05:00,148.79764175092757,151.18496999161022,148.79764175092757,150.7689208984375,3253500,0.0,0.0
2024-11-11 00:00:00-05:00,152.67088073861882,155.068124857124,152.35389740091904,154.43414306640625,3900700,0.0,0.0
2024-11-12 00:00:00-05:00,153.54258991337878,154.3251551725208,150.88779625926045,151.7198944091797,2167700,0.0,0.0
2024-11-13 00:00:00-05:00,151.21471533980707,152.443061787012,149.65948499095626,150.69961547851562,2142100,0.0,0.0
2024-11-14 00:00:00-05:00,150.9967660197489,151.700096878488,148.69858773526605,149.104736328125,2700500,0.0,0.0
2024-11-15 00:00:00-05:00,148.42122009822424,150.0457993373437,146.69757506640863,148.60943603515625,2929100,0.0,0.0
2024-11-18 00:00:00-05:00,149.16418888169162,151.2048175255314,147.92594187787427,151.0166015625,3196400,0.0,0.0
2024-11-19 00:00:00-05:00,150.78875839792494,151.61095616805423,149.5306952927566,151.34349060058594,2457000,0.0,0.0
2024-11-20 00:00:00-05:00,151.76944428542487,153.12655797577023,149.25331825938162,150.74911499023438,3723000,0.0,0.0
2024-11-21 00:00:00-05:00,152.3836093740761,156.9700804594592,150.9076137143679,156.1875,4027500,0.0,0.0
2024-11-22 00:00:00-05:00,156.19740903725878,158.07955338648517,155.5238099818622,157.13848876953125,3164000,0.0,0.0
2024-11-25 00:00:00-05:00,158.00030409093753,159.59516669922684,156.52430834788368,157.44557189941406,3856300,0.0,0.0
2024-11-26 00:00:00-05:00,157.50500156542853,160.01121201633222,156.7917701604351,159.753662109375,3211500,0.0,0.0
2024-11-27 00:00:00-05:00,160.04092727402963,161.19992451775647,158.40644746974468,158.5253143310547,4272900,0.0,0.0
2024-11-29 00:00:00-05:00,160.37772701696304,162.14098933369374,160.1399932940085,161.33860778808594,2665400,0.0,0.0
2024-12-02 00:00:00-05:00,161.54665277282433,162.12120117457172,158.00031167499552,158.14889526367188,3866100,0.0,0.0
2024-12-03 00:00:00-05:00,158.7432699702188,159.42678475234834,155.72194418017085,156.4153594970703,2801100,0.0,0.0
2024-12-04 00:00:00-05:00,156.73234496300753,157.3564262539918,154.37471796623944,156.11817932128906,3971200,0.0,0.0
2024-12-05 00:00:00-05:00,155.91013067791752,157.8814250275723,155.3553985292534,155.56341552734375,3681500,0.0,0.0
2024-12-06 00:00:00-05:00,155.99930698704907,157.40595377577264,155.43467421077577,156.52432250976562,4057500,0.0,0.0
2024-12-09 00:00:00-05:00,156.88092782111178,157.69322506055005,150.28355968191593,150.91754150390625,6143200,0.0,0.0
2024-12-10 00:00:00-05:00,150.05571512499404,152.11615987693077,149.6396659609471,150.3826141357422,4270100,0.0,0.0
2024-12-11 00:00:00-05:00,151.99728386240028,156.61347187178163,151.9477509639964,155.91014099121094,4191900,0.0,0.0
2024-12-12 00:00:00-05:00,155.91013219338777,156.38561473753344,154.12705375869456,154.28555297851562,2434000,0.0,0.0
2024-12-13 00:00:00-05:00,155.8507321763776,156.50453026181393,152.80959009477945,152.8888397216797,2612600,0.0,0.0
2024-12-16 00:00:00-05:00,154.05773489100145,155.07804915617456,152.6907054379148,154.65208435058594,2311000,0.0,0.0
2024-12-17 00:00:00-05:00,153.36431629997193,153.36431629997193,148.2825461523937,149.8080596923828,3666000,0.0,0.0
2024-12-18 00:00:00-05:00,150.44204196795832,150.81847386606955,141.4870469520367,141.61582946777344,3762700,0.0,0.0
2024-12-19 00:00:00-05:00,145.55839136331824,146.32115563023044,141.6950522486331,142.18045043945312,5375800,0.0,0.0
2024-12-20 00:00:00-05:00,140.67476209148765,148.01509405815153,139.93181387903957,146.19239807128906,8311100,0.0,0.0
2024-12-23 00:00:00-05:00,145.6178349567439,148.20329507997639,144.0328728838764,147.5395965576172,2740600,0.0,0.0
2024-12-24 00:00:00-05:00,148.47076021895518,151.14537048339844,147.2424138602151,151.14537048339844,1232900,0.0,0.0
2024-12-26 00:00:00-05:00,150.37270607865315,151.4524537443271,149.19389261516824,151.0859375,1301000,0.0,0.0
2024-12-27 00:00:00-05:00,149.20379165691634,150.34298785907706,147.41081258782373,148.45094299316406,1571900,0.0,0.0
2024-12-30 00:00:00-05:00,145.7069864288661,148.3221632921252,144.66685600380785,146.99476623535156,1677100,0.0,0.0
2024-12-31 00:00:00-05:00,147.90613303514974,148.64908127431792,146.23202058443948,146.51930236816406,1713900,0.0,0.0
2025-01-02 00:00:00-05:00,147.95566174515486,148.97597608878647,145.65746800181202,147.78726196289062,1664700,0.0,0.0
2025-01-03 00:00:00-05:00,149.16416166307883,150.7590241175871,148.52026426939656,150.60052490234375,1687000,0.0,0.0
2025-01-06 00:00:00-05:00,152.36378861004158,153.2751364337187,149.23349709698715,149.32266235351562,3392600,0.0,0.0
2025-01-07 00:00:00-05:00,149.48118135037376,150.17461180696142,142.55691335750214,145.24142456054688,3786900,0.0,0.0
2025-01-08 00:00:00-05:00,145.01356475995487,146.9947597236077,144.32014954574,146.84617614746094,3820400,0.0,0.0
2025-01-10 00:00:00-05:00,144.35977539388605,145.61783850303834,138.9114889192826,139.6049041748047,3968600,0.0,0.0
2025-01-13 00:00:00-05:00,137.7722955992709,140.49643859545972,137.57417913170252,139.92189025878906,3495300,0.0,0.0
2025-01-14 00:00:00-05:00,142.05166704590823,143.40879581899694,140.66483667412132,142.29931640625,3942500,0.0,0.0
2025-01-15 00:00:00-05:00,150.06562743031193,150.22411154976047,147.28203563390923,149.08493041992188,5081900,0.0,0.0
2025-01-16 00:00:00-05:00,150.13495218605584,152.56191299765203,149.39200407340488,151.79916381835938,3446700,0.0,0.0
2025-01-17 00:00:00-05:00,154.1667087042697,156.76206956891915,152.43316291124847,156.08847045898438,3878800,0.0,0.0
2025-01-21 00:00:00-05:00,156.99980120200004,159.58526124843792,156.1974045404285,159.1989288330078,4618600,0.0,0.0
2025-01-22 00:00:00-05:00,160.04092694018397,160.65509254276196,157.3861329410111,159.99139404296875,3794500,0.0,0.0
2025-01-23 00:00:00-05:00,159.5159123745671,163.87453527813054,159.33761208197794,163.78538513183594,2980700,0.0,0.0
2025-01-24 00:00:00-05:00,163.3396357019214,164.27079985321348,163.03255286805265,163.97361755371094,2837000,0.0,0.0
2025-01-27 00:00:00-05:00,159.62487748267722,159.8229939558123,156.21721972960876,159.68431091308594,4432000,0.0,0.0
2025-01-28 00:00:00-05:00,160.15981996820702,165.9251055167395,158.70365533633407,165.47933959960938,3923200,0.0,0.0
2025-01-29 00:00:00-05:00,165.3703404047513,168.56006539686808,164.41936020383278,164.73635864257812,4096900,0.0,0.0
2025-01-30 00:00:00-05:00,165.9052599339613,167.40107178647884,163.8547310323781,165.30099487304688,2428400,0.0,0.0
2025-01-31 00:00:00-05:00,166.1529131061223,168.79780659600772,165.11278271642578,165.49913024902344,3400900,0.0,0.0
2025-02-03 00:00:00-05:00,160.48668842054852,162.89384809882623,157.89132792247946,161.68531799316406,4527500,0.0,0.0
2025-02-04 00:00:00-05:00,160.34802897056403,160.86314395580277,147.59904267197436,147.89622497558594,9268600,0.0,0.0
2025-02-05 00:00:00-05:00,145.5385838339912,152.948248949958,145.5385838339912,152.36380004882812,6666700,0.0,0.0
2025-02-06 00:00:00-05:00,152.87893100395593,154.14689473585227,147.80707607637052,150.16468811035156,6031000,0.0,0.0
2025-02-07 00:00:00-05:00,150.79865030517539,151.15526600295954,146.99475960568975,147.2126922607422,3983000,0.0,0.0
2025-02-10 00:00:00-05:00,148.68870307152508,149.97646783558537,145.18197916743978,146.53909301757812,4150800,0.0,0.0
2025-02-11 00:00:00-05:00,144.73621972192737,145.48906847608083,140.54599599674498,141.12054443359375,6282600,0.0,0.0
2025-02-12 00:00:00-05:00,139.29781340547677,139.69406146838793,137.09868578110354,138.22796630859375,7075500,0.0,0.0
2025-02-13 00:00:00-05:00,139.64453038138961,140.12001294772887,136.54395537843206,137.990234375,3615100,0.0,0.0
2025-02-14 00:00:00-05:00,138.47126493111404,140.63347639187106,137.40998517305678,139.41351318359375,2196700,0.175,0.0
2025-02-18 00:00:00-05:00,140.73267274195132,141.52615056392534,138.91759733202232,139.4532012939453,4128100,0.0,0.0
2025-02-19 00:00:00-05:00,139.21517532385104,139.4532232482186,136.8149155068938,137.34059143066406,3765500,0.0,0.0
2025-02-20 00:00:00-05:00,136.95375148965192,137.4893403173925,131.50852525835768,133.45254516601562,7028600,0.0,0.0
2025-02-21 00:00:00-05:00,134.75185003475542,135.74369347233366,129.78271986084707,131.14154052734375,4231600,0.0,0.0
2025-02-24 00:00:00-05:00,132.321858607333,133.06574130901444,127.02541740360095,130.11996459960938,6229300,0.0,0.0
2025-02-25 00:00:00-05:00,129.9315078283866,130.62579530136657,126.12283214718346,128.5330047607422,8522700,0.0,0.0
2025-02-26 00:00:00-05:00,129.43559693517753,133.56167017086833,128.9495880960265,131.59780883789062,5716100,0.0,0.0
2025-02-27 00:00:00-05:00,133.17484285283052,134.8609739262536,130.44727298471517,131.12171936035156,5070400,0.0,0.0
2025-02-28 00:00:00-05:00,130.92332522997344,134.56338859259643,130.27863309128463,134.48403930664062,6393200,0.0,0.0
2025-03-03 00:00:00-05:00,136.47766763761535,137.7372979488302,130.71504435935378,131.9250946044922,5242600,0.0,0.0
2025-03-04 00:00:00-05:00,126.50964580342517,126.92621827163434,118.49554823164414,119.79486083984375,17007500,0.0,0.0
2025-03-05 00:00:00-05:00,119.79486413288814,122.52243392668674,117.1565641945401,122.0265121459961,13089300,0.0,0.0
2025-03-06 00:00:00-05:00,118.33683988615175,120.60816230024211,114.18102096620473,115.18277740478516,9435800,0.0,0.0
2025-03-07 00:00:00-05:00,115.3216470236317,115.72830651417357,108.02168540711996,114.32980346679688,8870700,0.0,0.0
2025-03-10 00:00:00-04:00,110.81868018572031,110.86826782158502,104.43120547429876,107.28771209716797,11977400,0.0,0.0
2025-03-11 00:00:00-04:00,107.39682433506033,112.22710541542855,107.03976003189898,111.19558715820312,8742900,0.0,0.0
2025-03-12 00:00:00-04:00,115.0141766533023,116.43251322636448,111.87003442949867,113.43714904785156,7681800,0.0,0.0
2025-03-13 00:00:00-04:00,113.66526568453722,114.13143334888794,106.70252751557562,107.80347442626953,7530900,0.0,0.0
2025-03-14 00:00:00-04:00,111.25509449766581,112.92139204388602,109.24165320580933,112.38579559326172,6824400,0.0,0.0
2025-03-17 00:00:00-04:00,110.32275722110131,116.10519914772999,110.32275722110131,114.73645782470703,5191800,0.0,0.0
2025-03-18 00:00:00-04:00,114.47858652102336,115.24231033080414,111.86012002182156,113.09000396728516,3305100,0.0,0.0
2025-03-19 00:00:00-04:00,113.09993254825022,117.31526814831808,112.44531966057814,115.58946228027344,5525800,0.0,0.0
2025-03-20 00:00:00-04:00,114.18102907157572,116.9185117462083,114.09175921959556,115.758056640625,3461800,0.0,0.0
2025-03-21 00:00:00-04:00,114.06201636842393,116.19448166613641,112.89164059343518,115.5497817993164,6084200,0.0,0.0
2025-03-24 00:00:00-04:00,118.72366960111576,121.5107551150811,117.95995339914364,120.97515869140625,5276500,0.0,0.0
2025-03-25 00:00:00-04:00,121.26279809394806,122.4728484711405,119.24935683921501,121.1834487915039,3955500,0.0,0.0
2025-03-26 00:00:00-04:00,121.21320076051879,122.33398126099742,117.40452511604337,118.4657974243164,3166000,0.0,0.0
2025-03-27 00:00:00-04:00,117.1168876211426,117.81117507584402,114.53809591732423,116.58129119873047,4323400,0.0,0.0
2025-03-28 00:00:00-04:00,116.1052018604266,117.4541096742691,113.01065487221845,113.92314910888672,6223800,0.0,0.0
2025-03-31 00:00:00-04:00,112.13783378429633,115.60928634683182,110.4219486124275,114.66703796386719,6067900,0.0,0.0
2025-04-01 00:00:00-04:00,115.11336483234687,117.23590951323257,113.68511520595769,116.87884521484375,4495600,0.0,0.0
2025-04-02 00:00:00-04:00,114.03225445426462,120.65776968838293,114.03225445426462,119.91388702392578,4058600,0.0,0.0
2025-04-03 00:00:00-04:00,110.21366117758583,110.83851990792054,101.0093464118107,101.71356201171875,13841800,0.0,0.0
2025-04-04 00:00:00-04:00,95.96085661844418,96.30800032275229,88.03602933795982,92.03315734863281,19028000,0.0,0.0
2025-04-07 00:00:00-04:00,89.04771467573488,100.73163074214084,85.44732523386507,96.74442291259766,15123600,0.0,0.0
2025-04-08 00:00:00-04:00,103.12196639532796,104.15348450827345,91.7455206268519,93.73912811279297,11700100,0.0,0.0
2025-04-09 00:00:00-04:00,92.05299630286613,111.86011295942076,90.75368369010734,109.55903625488281,13237500,0.0,0.0
2025-04-10 00:00:00-04:00,105.50240438891106,105.94873097329905,97.1411627020589,101.03910827636719,11494100,0.0,0.0
2025-04-11 00:00:00-04:00,99.22402741117992,100.88040428618582,95.66330521209747,100.61260986328125,8299500,0.0,0.0
2025-04-14 00:00:00-04:00,103.64765442163484,104.22292551588433,100.70187776943129,102.28882598876953,7461200,0.0,0.0
2025-04-15 00:00:00-04:00,103.67740845874029,105.09574508427555,102.79466827576724,103.3798599243164,4531500,0.0,0.0
2025-04-16 00:00:00-04:00,101.51517697776062,103.51870501168193,99.73977627000137,101.2176284790039,5310600,0.0,0.0
2025-04-17 00:00:00-04:00,102.54670426903253,104.08406480199545,101.58461481253522,102.52687072753906,3725800,0.0,0.0
2025-04-21 00:00:00-04:00,100.17619540036681,101.1977930140003,95.89143170177041,97.15106964111328,4405400,0.0,0.0
2025-04-22 00:00:00-04:00,98.68842378109456,102.63596406189096,98.68842378109456,101.44574737548828,5864000,0.0,0.0
2025-04-23 00:00:00-04:00,108.08119027559027,110.74925178292735,105.29411238807884,105.93880462646484,7390400,0.0,0.0
2025-04-24 00:00:00-04:00,106.3851453439311,113.03049435518079,105.20484905298152,112.32628631591797,5974600,0.0,0.0
2025-04-25 00:00:00-04:00,111.59231093290906,113.57599787298732,111.2154055713085,112.70317077636719,3554800,0.0,0.0
2025-04-28 00:00:00-04:00,113.07016116551807,115.5497699630075,111.19557751998931,113.000732421875,4164200,0.0,0.0
2025-04-29 00:00:00-04:00,112.76269220443587,114.22070338950661,111.78076167132768,113.41730499267578,3815600,0.0,0.0
2025-04-30 00:00:00-04:00,109.36067945843587,113.86365039299608,108.16054958850788,113.33796691894531,4662100,0.0,0.0
2025-05-01 00:00:00-04:00,114.61743991407062,117.13672347644284,112.53456994165501,113.55616760253906,5459800,0.0,0.0
2025-05-02 00:00:00-04:00,115.5497719304965,117.44419671627462,114.99434197189441,115.97626495361328,3798200,0.0,0.0
2025-05-05 00:00:00-04:00,114.56784250567951,116.65071230046595,113.76444414112248,113.85371398925781,3639000,0.0,0.0
2025-05-06 00:00:00-04:00,112.07832263148252,114.16119260058133,111.10631261008129,112.7230224609375,3547700,0.0,0.0
2025-05-07 00:00:00-04:00,113.6950237371028,115.95643339398201,112.59407678808456,115.26213836669922,5239400,0.0,0.0
2025-05-08 00:00:00-04:00,117.45411240143291,120.132094550138,115.91675942579585,117.76158905029297,7984900,0.0,0.0
2025-05-09 00:00:00-04:00,118.48563134892663,119.73535635944413,116.58129352053435,117.11688995361328,4073600,0.0,0.0
2025-05-12 00:00:00-04:00,125.88363159072357,127.87043131259978,123.28092122661151,124.3935317993164,6749400,0.185,0.0
2025-05-13 00:00:00-04:00,124.4431999353169,127.83068959325055,123.6286123348984,126.06244659423828,4778600,0.0,0.0
2025-05-14 00:00:00-04:00,127.8406229493869,128.96316957627326,126.66841087982212,128.17837524414062,5514200,0.0,0.0
2025-05-15 00:00:00-04:00,126.09224725459178,127.18498560837003,123.72795826521414,124.81076049804688,4336600,0.0,0.0
2025-05-16 00:00:00-04:00,125.05910989960749,125.82403204910095,123.78755926979143,125.06904602050781,2481500,0.0,0.0
2025-05-19 00:00:00-04:00,121.8405061842449,125.11872149337066,121.37360699202925,124.66175842285156,2537000,0.0,0.0
2025-05-20 00:00:00-04:00,122.84383574258386,124.57234945307509,122.43653814408432,123.32066345214844,3087700,0.0,0.0
2025-05-21 00:00:00-04:00,121.66168538590954,122.07891151952245,116.87349823324415,116.98277282714844,4098000,0.0,0.0
2025-05-22 00:00:00-04:00,116.78409312158054,118.17485453672184,115.73109162309241,117.41986846923828,3564300,0.0,0.0
2025-05-23 00:00:00-04:00,114.30059042905465,117.40993697644271,114.24098886015948,116.40660095214844,3021100,0.0,0.0
2025-05-27 00:00:00-04:00,118.23445634167601,120.20139153798425,116.65495409081029,120.12191772460938,4241100,0.0,0.0
2025-05-28 00:00:00-04:00,120.82722932798701,121.19479002619295,119.41660326304516,120.24112701416016,2937000,0.0,0.0
2025-05-29 00:00:00-04:00,121.69148969211624,121.9100388862505,120.1815251547957,121.52261352539062,3504800,0.0,0.0
2025-05-30 00:00:00-04:00,120.67822795593824,121.17492792556764,118.32386737144043,120.65835571289062,6807800,0.0,0.0
2025-06-02 00:00:00-04:00,119.86363794661256,121.19479020104554,118.07551505957132,121.0656509399414,3591200,0.0,0.0
2025-06-03 00:00:00-04:00,119.70468674554216,120.42987200002291,118.66161382942155,119.68482208251953,5727800,0.0,0.0
2025-06-04 00:00:00-04:00,120.4795447538692,121.45308003989345,119.69475788368561,119.71463012695312,2732100,0.0,0.0
2025-06-05 00:00:00-04:00,119.80402835266464,120.62855210190646,118.40333841221856,119.84376525878906,2600400,0.0,0.0
2025-06-06 00:00:00-04:00,122.16832986791346,123.95644524047344,121.19479457669999,122.58555603027344,2324800,0.0,0.0
2025-06-09 00:00:00-04:00,124.12530777413251,124.12530777413251,121.79081965093671,122.43653106689453,2459900,0.0,0.0
2025-06-10 00:00:00-04:00,122.40673877776952,124.04585015384737,121.63188805647015,123.20145416259766,2942000,0.0,0.0
2025-06-11 00:00:00-04:00,124.39354523352628,126.52935668101372,124.17499602787079,125.16839599609375,4846300,0.0,0.0
2025-06-12 00:00:00-04:00,123.6087548459075,125.08891863447862,123.6087548459075,124.41340637207031,2991000,0.0,0.0
2025-06-13 00:00:00-04:00,122.1881889831117,122.95310357936665,120.32059987995426,120.52921295166016,4210500,0.0,0.0
2025-06-16 00:00:00-04:00,121.60209219641344,124.43328055391355,120.83716998637995,122.58555603027344,2508400,0.0,0.0
2025-06-17 00:00:00-04:00,121.24446535213681,122.01931609041222,119.04904482163646,120.26099395751953,3065600,0.0,0.0
2025-06-18 00:00:00-04:00,120.02257643544857,123.04251306158105,119.59541417236642,121.61201477050781,2412500,0.0,0.0
2025-06-20 00:00:00-04:00,122.99284555117825,124.33394154873099,121.6716293759551,121.79083251953125,4080900,0.0,0.0
2025-06-23 00:00:00-04:00,120.99611758721915,122.04911911454484,117.07218321635798,121.33386993408203,2697000,0.0,0.0
2025-06-24 00:00:00-04:00,123.18159004420416,127.28433656319747,122.48621313202219,126.92670440673828,3624600,0.0,0.0
2025-06-25 00:00:00-04:00,127.82077073778241,128.37707228879933,126.2015315351923,127.9896469116211,3872700,0.0,0.0
2025-06-26 00:00:00-04:00,128.5062247858482,131.46655254572113,128.39695017937228,131.06919860839844,3916100,0.0,0.0
2025-06-27 00:00:00-04:00,131.5062738577434,134.5262026601768,131.06917550887366,133.40365600585938,5399500,0.0,0.0
2025-06-30 00:00:00-04:00,135.0030301869169,135.24145160188277,131.3274538651437,132.1519775390625,4036000,0.0,0.0
2025-07-01 00:00:00-04:00,131.68508025269236,132.52947617920296,129.99630355774974,131.5758056640625,2796800,0.0,0.0
2025-07-02 00:00:00-04:00,131.20827805556914,134.06927499853415,130.31420893185182,133.64210510253906,2199200,0.0,0.0
2025-07-03 00:00:00-04:00,135.85737423701246,138.33094561552036,135.10239571785112,137.68524169921875,2650600,0.0,0.0
2025-07-07 00:00:00-04:00,137.27793509906297,138.76803495441183,134.05931395460087,134.64541625976562,4556900,0.0,0.0
2025-07-08 00:00:00-04:00,135.79776543966003,138.27133668657225,135.01298617584052,137.0295867919922,4456900,0.0,0.0
2025-07-09 00:00:00-04:00,138.0527822326945,139.32433286365227,137.39713467539715,138.30113220214844,2995400,0.0,0.0
2025-07-10 00:00:00-04:00,138.60907853679169,142.83102785905294,138.2017809642347,142.10585021972656,3763300,0.0,0.0
2025-07-11 00:00:00-04:00,140.3574858998304,141.28135582527398,139.53297720035087,140.11907958984375,3204800,0.0,0.0
2025-07-14 00:00:00-04:00,138.55940813200306,139.8905754636156,138.18192649295972,138.50973510742188,3295800,0.0,0.0
2025-07-15 00:00:00-04:00,138.50974676971327,139.34421424193266,135.83751365596373,136.30441284179688,2678600,0.0,0.0
2025-07-16 00:00:00-04:00,137.72495328504132,142.28465491514459,136.78122646815157,142.10585021972656,4864600,0.0,0.0
2025-07-17 00:00:00-04:00,141.9866481103807,147.0430653949943,141.68864025072676,146.62583923339844,5075900,0.0,0.0
2025-07-18 00:00:00-04:00,146.74504669581793,147.31127680390438,144.4304229165464,145.0165252685547,3123400,0.0,0.0
2025-07-21 00:00:00-04:00,145.65228026837266,145.69202475065447,143.18865289965547,143.32772827148438,3401200,0.0,0.0
2025-07-22 00:00:00-04:00,143.377408269026,144.2615335668153,141.31113467415324,144.01318359375,2042400,0.0,0.0
2025-07-23 00:00:00-04:00,145.24500595581085,147.46028348713403,143.95358305501955,147.28146362304688,2490700,0.0,0.0
2025-07-24 00:00:00-04:00,152.18887421656353,152.18887421656353,148.65237270580215,149.19874572753906,4137600,0.0,0.0
2025-07-25 00:00:00-04:00,149.56627021243827,151.92062286817256,148.68214500415206,151.1557159423828,2894100,0.0,0.0
2025-07-28 00:00:00-04:00,151.36433165231077,151.9603776308914,150.63915399956483,151.14578247070312,2446300,0.0,0.0
2025-07-29 00:00:00-04:00,152.20873647932555,152.8544403620755,148.37421219378697,150.00338745117188,3049200,0.0,0.0
2025-07-30 00:00:00-04:00,151.64248269275558,152.48687863769428,147.6986840326067,149.4371337890625,3205800,0.0,0.0
2025-07-31 00:00:00-04:00,150.4106875851999,150.5994359978778,143.81451263238029,145.61256408691406,5111500,0.0,0.0
2025-08-01 00:00:00-04:00,142.10586133607393,142.10586133607393,137.81436641339198,141.60916137695312,5750300,0.0,0.0
2025-08-04 00:00:00-04:00,142.26482344002946,144.53970281477493,141.2018781434507,144.17214965820312,4014700,0.0,0.0
2025-08-05 00:00:00-04:00,144.4006217393498,145.61257092793386,140.52636787950283,141.71844482421875,4327400,0.0,0.0
2025-08-06 00:00:00-04:00,142.31445789307563,144.3410020875468,141.52967867650378,143.6058807373047,2873600,0.0,0.0
2025-08-07 00:00:00-04:00,145.68209642058406,146.23841312467007,139.53296347062468,141.2515411376953,2920400,0.0,0.0
2025-08-08 00:00:00-04:00,141.81778065929305,142.93039898339063,140.67537670547856,141.72837829589844,2163500,0.0,0.0
2025-08-11 00:00:00-04:00,142.0417014657628,142.77776217803446,140.62924382091137,140.8182373046875,1818600,0.185,0.0
2025-08-12 00:00:00-04:00,142.12128179902416,147.31356370779977,141.3852058917406,146.4581298828125,3024400,0.0,0.0
2025-08-13 00:00:00-04:00,148.1689907912147,148.50718166116232,143.54367437974173,146.6769561767578,3785200,0.0,0.0
2025-08-14 00:00:00-04:00,145.1849181864299,146.08013286318396,144.200169899792,145.2843780517578,2668500,0.0,0.0
2025-08-15 00:00:00-04:00,146.10002311852654,146.10002311852654,141.44486758540182,141.52444458007812,2943600,0.0,0.0
2025-08-18 00:00:00-04:00,141.24593483481118,141.51450529870652,139.6743233160222,140.45018005371094,2913000,0.0,0.0
2025-08-19 00:00:00-04:00,140.25124456045296,140.59939201876375,137.6551038944576,138.21212768554688,2864400,0.0,0.0
2025-08-20 00:00:00-04:00,137.81425336809824,138.23202119772105,135.2877331699267,137.356689453125,3185800,0.0,0.0
2025-08-21 00:00:00-04:00,136.90909731105666,137.41638362226072,135.91440755576627,137.1080322265625,2590000,0.0,0.0
2025-08-22 00:00:00-04:00,137.81426401863487,144.2399511232081,136.97872829481753,141.0171661376953,4084700,0.0,0.0
2025-08-25 00:00:00-04:00,140.52977944578458,141.37527188127947,137.87395939309133,137.9734344482422,2376800,0.0,0.0
2025-08-26 00:00:00-04:00,137.4760559154759,139.41569759458056,136.77976105518715,139.33612060546875,3315400,0.0,0.0
2025-08-27 00:00:00-04:00,138.7293855323528,140.70882366855668,138.2618801191678,139.7240753173828,2304300,0.0,0.0
2025-08-28 00:00:00-04:00,139.82353129561633,140.38055507081543,138.7094685674586,139.3460693359375,3663100,0.0,0.0
2025-08-29 00:00:00-04:00,139.51518303930894,140.1418424574152,138.48071234661685,138.74928283691406,2421700,0.0,0.0
2025-09-02 00:00:00-04:00,136.0934628268096,138.13256473123133,134.3427991022762,138.00326538085938,2418600,0.0,0.0
2025-09-03 00:00:00-04:00,137.34675518722221,138.48070083472592,132.6319205593067,134.114013671875,3821600,0.0,0.0
2025-09-04 00:00:00-04:00,134.8501046005122,137.2870915953663,134.28312412443884,136.6206512451172,2167700,0.0,0.0
2025-09-05 00:00:00-04:00,137.89384707922443,138.2419793905711,132.27384079622612,134.810302734375,3413000,0.0,0.0
2025-09-08 00:00:00-04:00,135.48669543633045,138.08283625090496,135.0092334357056,137.95352172851562,3458900,0.0,0.0
2025-09-09 00:00:00-04:00,137.87395367747672,138.22210117830966,136.1431879628336,136.66043090820312,2625200,0.0,0.0
2025-09-10 00:00:00-04:00,136.49130864021984,140.4402275813114,136.18295729150006,138.55030822753906,2499800,0.0,0.0
2025-09-11 00:00:00-04:00,138.55033295375776,145.36396402650655,138.43097503689003,144.23995971679688,4048100,0.0,0.0
2025-09-12 00:00:00-04:00,143.891809276726,144.25983959255552,141.71343650168834,142.5788116455078,3554800,0.0,0.0
2025-09-15 00:00:00-04:00,143.03638927312605,145.21476225692447,142.7379793121825,143.88186645507812,2326800,0.0,0.0
2025-09-16 00:00:00-04:00,144.03107964359054,145.0257693991709,142.28041596000193,143.61331176757812,1828000,0.0,0.0
2025-09-17 00:00:00-04:00,143.6630181860759,146.43821079602213,142.36993378938698,143.6331787109375,2932200,0.0,0.0
2025-09-18 00:00:00-04:00,145.393801804363,150.30757169473907,144.96609248875086,148.54696655273438,3129300,0.0,0.0
2025-09-19 00:00:00-04:00,150.01911580398604,150.01911580398604,146.22933509646424,148.1291961669922,8793900,0.0,0.0
2025-09-22 00:00:00-04:00,145.95082950626156,146.7167448988969,144.82684035774463,146.16966247558594,3652000,0.0,0.0
2025-09-23 00:00:00-04:00,146.28902648766928,151.29231463625382,145.88120005400268,146.4680633544922,3599600,0.0,0.0
2025-09-24 00:00:00-04:00,145.52309486837197,147.94018336673693,137.15775149697419,137.20748901367188,6485000,0.0,0.0
2025-09-25 00:00:00-04:00,134.6809919117118,137.7744777752961,133.9648140464744,134.9396209716797,5106900,0.0,0.0
2025-09-26 00:00:00-04:00,135.84478891702648,136.4913311951978,133.1093920547055,133.29837036132812,4592700,0.0,0.0
2025-09-29 00:00:00-04:00,135.34745276788797,135.34745276788797,133.04970650592912,133.76588439941406,4255700,0.0,0.0
2025-09-30 00:00:00-04:00,133.9548704328351,134.81030424807344,125.89788475777877,129.2599334716797,7784600,0.0,0.0
2025-10-01 00:00:00-04:00,127.57889664178376,129.62797019211533,126.56431647747695,126.79309844970703,5778800,0.0,0.0
2025-10-02 00:00:00-04:00,126.68368408597239,127.36006581419645,123.35147502229283,123.96817779541016,6360300,0.0,0.0
2025-10-03 00:00:00-04:00,126.24601824125664,128.10608317256293,125.77851285567259,126.9721450805664,4099400,0.0,0.0
2025-10-06 00:00:00-04:00,127.32027803059756,128.01655776552542,124.80371437436982,126.19628143310547,3521900,0.0,0.0
2025-10-07 00:00:00-04:00,126.30570196701525,127.76788945739783,123.10279990555972,124.05770111083984,3513800,0.0,0.0
2025-10-08 00:00:00-04:00,124.08754029623678,124.82360855066268,122.86406862394819,124.0676498413086,4544300,0.0,0.0
2025-10-09 00:00:00-04:00,123.9383326789839,124.99270890080726,122.14789580731859,123.40119934082031,3657100,0.0,0.0
2025-10-10 00:00:00-04:00,123.72945478285091,123.98807623727669,117.0252481342963,117.19434356689453,6810600,0.0,0.0
2025-10-13 00:00:00-04:00,118.83558007139786,120.96421542941977,117.39327544823709,119.80043029785156,4699500,0.0,0.0
2025-10-14 00:00:00-04:00,118.57695872119037,126.47479740059198,118.03982537028313,125.3110122680664,6083000,0.0,0.0
2025-10-15 00:00:00-04:00,127.93699301006123,128.26524245459342,123.47083807988187,123.79908752441406,4536300,0.0,0.0
2025-10-16 00:00:00-04:00,123.53051333820991,124.16711412398341,115.11543958669144,116.89592742919922,7072000,0.0,0.0
2025-10-17 00:00:00-04:00,117.13466364153878,117.95030890900645,115.6724685378013,116.97550964355469,4635100,0.0,0.0
2025-10-20 00:00:00-04:00,118.32829608474651,119.98942620677707,117.37339480042569,119.4721908569336,3778700,0.0,0.0
2025-10-21 00:00:00-04:00,119.86011772264301,123.81898636080545,119.42245179380315,123.02323150634766,4901000,0.0,0.0
2025-10-22 00:00:00-04:00,122.8143438481551,124.38595546426748,121.2825207324497,122.64524841308594,3441200,0.0,0.0
2025-10-23 00:00:00-04:00,122.96354334253385,123.30173419758682,119.1041424528979,120.31766510009766,4691800,0.0,0.0
2025-10-24 00:00:00-04:00,121.69033329101435,123.57030379088646,120.5265481725679,120.59617614746094,3753400,0.0,0.0
2025-10-27 00:00:00-04:00,122.30705096990268,123.51062465890753,121.12336773682625,121.61077117919922,3058900,0.0,0.0
2025-10-28 00:00:00-04:00,121.64060723783173,121.92906816840807,119.6611768122966,119.96952819824219,2881900,0.0,0.0
2025-10-29 00:00:00-04:00,119.09419767763966,120.13861727912217,117.30375323384114,117.92046356201172,5211300,0.0,0.0
2025-10-30 00:00:00-04:00,118.0298857258522,119.62138775883548,117.12471443869528,117.48280334472656,3865300,0.0,0.0
2025-10-31 00:00:00-04:00,116.32896058733023,118.26861010914601,114.43905617631843,117.7016372680664,4866300,0.0,0.0
2025-11-03 00:00:00-05:00,117.9403589642071,118.1194034160983,115.90124201705078,117.0053482055664,4340600,0.0,0.0
2025-11-04 00:00:00-05:00,115.9907633917639,119.66117071408571,115.8216679686616,117.6618423461914,4296700,0.0,0.0
2025-11-05 00:00:00-05:00,117.76131450632941,119.90984792891449,115.92114005519032,118.25865936279297,3791800,0.0,0.0
2025-11-06 00:00:00-05:00,118.32828985937182,119.8103754383131,116.95562075829335,118.67642974853516,6348400,0.0,0.0
2025-11-07 00:00:00-05:00,111.69370420632885,121.48144693849349,111.49476171855318,120.67575073242188,9118300,0.0,0.0
2025-11-10 00:00:00-05:00,122.86407908249059,123.29179599421687,118.59686657685972,119.4721908569336,5681300,0.0,0.0
2025-11-11 00:00:00-05:00,119.41250454275989,121.41182542636695,118.00998838760117,120.71554565429688,3123900,0.0,0.0
2025-11-12 00:00:00-05:00,121.04379665275387,124.03780730031538,120.94432160784369,122.41646575927734,3612500,0.0,0.0
2025-11-13 00:00:00-05:00,121.77985888775187,122.94364400216769,118.18902850453307,120.10877990722656,9600100,0.0,0.0
2025-11-14 00:00:00-05:00,118.13929318515376,120.17841012046787,117.89062075835352,119.28318786621094,4359700,0.0,0.0
2025-11-17 00:00:00-05:00,119.05904163675145,119.59700490623887,113.10160329741073,113.58975219726562,5278200,0.185,0.0
2025-11-18 00:00:00-05:00,112.58356984298821,115.68183516737227,111.5773788519572,113.74915313720703,5746900,0.0,0.0
2025-11-19 00:00:00-05:00,114.1675667093918,117.07654655392163,112.68319120525798,117.05662536621094,3708900,0.0,0.0
2025-11-20 00:00:00-05:00,119.40771856759325,121.18100066509547,113.86870121124151,113.97828674316406,5748000,0.0,0.0
2025-11-21 00:00:00-05:00,114.63579195720953,118.4413771788472,113.4004731294051,118.22220611572266,5949900,0.0,0.0
2025-11-24 00:00:00-05:00,118.25208736533287,118.55095836784687,116.2994842572292,117.4052963256836,4898300,0.0,0.0
2025-11-25 00:00:00-05:00,118.28198804594402,120.4637191404536,115.7216859774987,120.35413360595703,4734700,0.0,0.0
2025-11-26 00:00:00-05:00,120.6530038156396,122.14734371169595,119.84606270396299,120.37406158447266,3429500,0.0,0.0
2025-11-28 00:00:00-05:00,120.82236041683682,122.38643586943944,120.1748116089402,121.84847259521484,1187800,0.0,0.0
2025-12-01 00:00:00-05:00,120.03533787470762,122.74507537437846,118.64061914980579,121.72892761230469,2595300,0.0,0.0
2025-12-02 00:00:00-05:00,121.85843697980933,123.38266245635683,121.38024486922298,122.21707916259766,2440700,0.0,0.0
2025-12-03 00:00:00-05:00,122.53586717132785,126.44107347166714,121.65919053266153,126.00273895263672,3084000,0.0,0.0
2025-12-04 00:00:00-05:00,126.36138444179758,128.01512432652456,125.47474333272072,127.94538116455078,2872700,0.0,0.0
2025-12-05 00:00:00-05:00,127.65647183387307,130.50568042681223,127.0288518321606,128.931640625,2839700,0.0,0.0
2025-12-08 00:00:00-05:00,129.06115166826922,129.97767826355877,128.20439623335778,129.74855041503906,4116400,0.0,0.0
2025-12-09 00:00:00-05:00,129.60909429759354,137.02100786474182,129.1807089299857,135.2676544189453,5774800,0.0,0.0
2025-12-10 00:00:00-05:00,135.9849298159275,141.76304709010662,135.37723098672362,141.0059051513672,7348900,0.0,0.0
2025-12-11 00:00:00-05:00,141.00590778978824,144.29345864533693,140.69707997266545,142.2312774658203,6855400,0.0,0.0
2025-12-12 00:00:00-05:00,142.84893636153828,142.84893636153828,135.2178367010636,136.08456420898438,5443400,0.0,0.0
2025-12-15 00:00:00-05:00,137.26009414652603,137.26009414652603,132.89661695169661,134.30130004882812,5474700,0.0,0.0
2025-12-16 00:00:00-05:00,134.53043359009254,135.31746111802659,131.8406248060436,132.876708984375,4249500,0.0,0.0
2025-12-17 00:00:00-05:00,133.01617742345425,135.20787286259824,131.5417511379041,131.65133666992188,3527100,0.0,0.0
2025-12-18 00:00:00-05:00,133.9426684456748,135.27760849237183,131.36244510141438,131.47203063964844,4291400,0.0,0.0
2025-12-19 00:00:00-05:00,131.34251144547991,132.14945256020624,129.88802912049982,130.11715698242188,6635100,0.0,0.0
2025-12-22 00:00:00-05:00,130.20680321342329,131.93027083787123,129.808318685633,130.92408752441406,4238000,0.0,0.0
2025-12-23 00:00:00-05:00,130.60530500365633,131.08348948479352,130.14703410837572,130.50567626953125,2981500,0.0,0.0
2025-12-24 00:00:00-05:00,130.99384186083316,130.99384186083316,130.1470431654718,130.28651428222656,1199000,0.0,0.0
2025-12-26 00:00:00-05:00,130.20682201782185,130.20682201782185,129.4098376459309,129.9179229736328,2193900,0.0,0.0
2025-12-29 00:00:00-05:00,130.30643815342572,130.32636694112767,128.47338491633215,128.931640625,2306400,0.0,0.0
2025-12-30 00:00:00-05:00,128.91171352123547,129.88802651564149,128.04500126001648,128.1545867919922,1753500,0.0,0.0
2025-12-31 00:00:00-05:00,128.02507461076902,128.26417446667702,126.87942010378428,126.99897003173828,2021500,0.0,0.0
2026-01-02 00:00:00-05:00,128.3936911488784,128.9216900393207,126.9192724127663,128.41360473632812,2545400,0.0,0.0
2026-01-05 00:00:00-05:00,128.30402141612043,135.2676510554294,128.1944358784073,134.06222534179688,4368900,0.0,0.0
2026-01-06 00:00:00-05:00,133.94266953393378,136.75203597264414,133.25527071589985,135.30751037597656,3994400,0.0,0.0
2026-01-07 00:00:00-05:00,135.72592404441068,136.76199307016714,130.29647664990253,130.33633422851562,4180300,0.0,0.0
2026-01-08 00:00:00-05:00,128.86192135195918,133.98252564917067,128.4235792002488,133.13572692871094,3449300,0.0,0.0
2026-01-09 00:00:00-05:00,134.01239237195702,134.7994046145229,131.81072512933963,134.1418914794922,2643900,0.0,0.0
2026-01-12 00:00:00-05:00,131.50190993977353,135.50674508973307,130.44591218608736,133.4644775390625,5138600,0.0,0.0
2026-01-13 00:00:00-05:00,132.87670790323037,133.4844067333038,128.05495963784904,129.5891571044922,3241200,0.0,0.0
2026-01-14 00:00:00-05:00,128.25422586188913,131.67127601393088,125.75369481358945,131.5816192626953,6821200,0.0,0.0
2026-01-15 00:00:00-05:00,131.97013260411674,133.96258570878982,130.25662171800104,130.82447814941406,3233300,0.0,0.0
2026-01-16 00:00:00-05:00,130.04740332182305,133.0061973043574,129.5791908422141,130.92408752441406,3910200,0.0,0.0
2026-01-20 00:00:00-05:00,127.86569619397541,128.67263734566868,122.19716414163527,122.4362564086914,5008300,0.0,0.0
2026-01-21 00:00:00-05:00,123.97044063667634,125.51458730756447,122.8148141314489,123.86085510253906,3833700,0.0,0.0
2026-01-22 00:00:00-05:00,124.99654973260047,126.52077517809798,122.93436102387932,123.0140609741211,2728900,0.0,0.0
2026-01-23 00:00:00-05:00,122.33662707878123,122.90447592542449,120.46371624377105,120.79247283935547,3183300,0.0,0.0
2026-01-26 00:00:00-05:00,120.78250897206883,121.1411511505238,116.59836035756842,118.20228576660156,8576300,0.0,0.0
2026-01-27 00:00:00-05:00,119.14869277477555,119.20847153564281,115.46265761358694,115.5622787475586,5488400,0.0,0.0
2026-01-28 00:00:00-05:00,116.89722507615507,117.90341606585262,115.36304280750689,116.32937622070312,4604200,0.0,0.0
2026-01-29 00:00:00-05:00,117.30567921747814,119.48741784913076,113.34069410433217,114.54613494873047,6625500,0.0,0.0
2026-01-30 00:00:00-05:00,113.59971433756472,115.25345408880264,112.95216554821727,113.82884979248047,4944300,0.0,0.0
2026-02-02 00:00:00-05:00,113.71926775263195,115.64198539199342,112.20499906638982,113.92847442626953,4510700,0.0,0.0
2026-02-03 00:00:00-05:00,112.77284769103606,113.28092538345436,101.66492721980906,102.8902816772461,11515500,0.0,0.0
2026-02-04 00:00:00-05:00,102.3025111427897,106.39700304308228,98.98507476799398,104.3746566772461,20811300,0.0,0.0
2026-02-05 00:00:00-05:00,102.61134138713888,104.4145091288355,97.00258827860368,98.79579162597656,16545300,0.0,0.0
2026-02-06 00:00:00-05:00,102.17299300569434,103.56771170222966,99.61269106444387,102.81057739257812,13332100,0.0,0.0
2026-02-09 00:00:00-05:00,102.84046974780223,108.00092356311498,102.26265652664009,106.88514709472656,11737700,0.0,0.0
2026-02-10 00:00:00-05:00,106.80545043945312,109.11669579474743,106.19775161925627,106.80545043945312,9036600,0.0,0.0
2026-02-11 00:00:00-05:00,107.19398312406987,108.83775857228507,103.88651103944434,104.66356658935547,6812600,0.0,0.0
2026-02-12 00:00:00-05:00,106.52650779712008,107.58250553272468,98.10839629217705,100.73843383789062,8987100,0.0,0.0
2026-02-13 00:00:00-05:00,100.92771704113564,102.53164251693715,100.3897537510588,101.34613800048828,4234500,0.0,0.0
2026-02-17 00:00:00-05:00,101.80024095643367,103.28732077561317,99.51472482906958,102.34916687011719,6434000,0.185,0.0
2026-02-18 00:00:00-05:00,102.18947300238048,105.20356272703499,101.30121663806011,103.39710235595703,5660100,0.0,0.0
2026-02-19 00:00:00-05:00,102.4389823904449,103.33722129349562,98.72626666747041,101.4409408569336,10029100,0.0,0.0
2026-02-20 00:00:00-05:00,100.60259660256985,104.06579456795754,99.5746073556009,100.98184967041016,6749900,0.0,0.0
2026-02-23 00:00:00-05:00,99.70435224728163,99.70435224728163,91.27089659131165,92.00945281982422,15344700,0.0,0.0
2026-02-24 00:00:00-05:00,92.08929141606109,96.89985143200045,90.8217819848732,95.53253936767578,8821700,0.0,0.0
2026-02-25 00:00:00-05:00,96.26110995761132,97.5186445145859,93.36679538862604,96.44075775146484,9121300,0.0,0.0
2026-02-26 00:00:00-05:00,97.03958376056508,97.84799498363644,92.27892127826024,93.43665313720703,15504200,0.0,0.0
2026-02-27 00:00:00-05:00,92.02941263486254,92.02941263486254,86.18088840142718,87.50828552246094,21851200,0.0,0.0
2026-03-02 00:00:00-05:00,85.58206581622059,91.18107971084619,84.35447131771024,90.43254852294922,13703700,0.0,0.0
2026-03-03 00:00:00-05:00,86.48030183708173,91.68009739924972,85.20280987129532,90.37266540527344,10473300,0.0,0.0
2026-03-04 00:00:00-05:00,91.32080160110765,94.38478884751753,91.27089647794891,93.646240234375,8929000,0.0,0.0
2026-03-05 00:00:00-05:00,93.31688311087117,95.9018070201816,93.26697798856026,95.40278625488281,8226500,0.0,0.0
2026-03-06 00:00:00-05:00,92.87774595558861,92.87774595558861,88.9354848046231,91.15113830566406,9266900,0.0,0.0
2026-03-09 00:00:00-04:00,89.1450717879129,91.37070781590599,86.82961567450424,90.76190185546875,8451700,0.0,0.0
2026-03-10 00:00:00-04:00,91.27090095267117,91.61023905499131,88.13705094886798,89.78382110595703,5684700,0.0,0.0
2026-03-11 00:00:00-04:00,89.80378274745578,90.99144702375708,85.26269061235716,86.95935821533203,8187500,0.0,0.0
2026-03-12 00:00:00-04:00,85.26268855384575,86.90945860782946,82.5080917879704,83.7157211303711,13740100,0.0,0.0
2026-03-13 00:00:00-04:00,84.84351471752898,87.19889339634452,84.40437399673031,85.76171112060547,7304500,0.0,0.0
2026-03-16 00:00:00-04:00,86.8296201988091,87.13901066174304,84.67384666307353,85.93138122558594,5915800,0.0,0.0
2026-03-17 00:00:00-04:00,87.01924830395771,89.88362278200088,86.4902874817875,88.79576110839844,4955800,0.0,0.0
2026-03-18 00:00:00-04:00,87.8775654907737,92.25896748392884,87.8276603652395,90.45250701904297,7226000,0.0,0.0
2026-03-19 00:00:00-04:00,89.3247174787158,90.8417372631907,88.68597150478399,90.42256164550781,5537900,0.0,0.0
2026-03-20 00:00:00-04:00,90.22295623480458,90.59222672929172,88.55622869978542,89.82373809814453,9441900,0.0,0.0
2026-03-23 00:00:00-04:00,92.49849459596994,92.95759281229644,89.6141550184395,90.66209411621094,6090400,0.0,0.0
2026-03-24 00:00:00-04:00,87.58813159693351,90.91160428668204,86.73979777291032,90.73196411132812,7082100,0.0,0.0
2026-03-25 00:00:00-04:00,92.11923824084337,92.83782176171762,88.68597286737109,88.73587799072266,5734900,0.0,0.0
2026-03-26 00:00:00-04:00,87.82765825568077,90.78186039236478,87.56816531515126,89.81375885009766,7207200,0.0,0.0
2026-03-27 00:00:00-04:00,88.49634064768973,89.01532650744217,86.14096202746582,88.32667541503906,8248100,0.0,0.0
2026-03-30 00:00:00-04:00,88.22687624225534,91.91962700260144,87.86758066817862,90.18303680419922,7323700,0.0,0.0
2026-03-31 00:00:00-04:00,91.93959459086527,93.48655449643329,89.70397593278337,92.31884765625,8069700,0.0,0.0
2026-04-01 00:00:00-04:00,93.03743393041019,93.47657464630262,90.21297453401603,91.18107604980469,6574900,0.0,0.0
2026-04-02 00:00:00-04:00,88.04723085839626,93.37676932857833,87.9075056440475,91.05133819580078,5583500,0.0,0.0
2026-04-06 00:00:00-04:00,90.66209341039784,91.56033235467551,89.90358729252156,90.87168884277344,3611800,0.0,0.0
2026-04-07 00:00:00-04:00,89.70397433984355,91.15113919742852,89.70397433984355,90.57227325439453,2857300,0.0,0.0
2026-04-08 00:00:00-04:00,93.90572838165868,96.26110711395623,92.18910326432328,93.77598571777344,5159700,0.0,0.0
2026-04-09 00:00:00-04:00,92.8078836808301,93.46659477351885,91.41062395664875,92.64820098876953,5086600,0.0,0.0
2026-04-10 00:00:00-04:00,92.6481988214103,92.81786405727215,89.51434896669734,91.04135131835938,4067900,0.0,0.0
2026-04-13 00:00:00-04:00,90.97149119677633,98.03762738399392,90.64213564914984,97.94779968261719,6905700,0.0,0.0
2026-04-14 00:00:00-04:00,98.8061147739582,101.41100386351879,98.41687917339884,100.23331451416016,8151800,0.0,0.0
2026-04-15 00:00:00-04:00,101.30121794083924,104.54485299805823,101.30121794083924,103.64661407470703,6300600,0.0,0.0
2026-04-16 00:00:00-04:00,104.29534451368966,105.16364342452822,101.81022312574521,101.82019805908203,4254900,0.0,0.0
2026-04-17 00:00:00-04:00,103.81627797664586,106.66070246641956,102.88809903686189,103.39710235595703,5831900,0.0,0.0
2026-04-20 00:00:00-04:00,102.85816009503027,104.75444057008603,102.7982800384289,103.71647644042969,4746500,0.0,0.0
2026-04-21 00:00:00-04:00,104.1356524416028,107.32938999387548,103.55679412530925,104.24543762207031,5126100,0.0,0.0
2026-04-22 00:00:00-04:00,106.40121368939036,107.43917784863118,104.56481321859415,105.71256256103516,4813000,0.0,0.0
2026-04-23 00:00:00-04:00,103.7963194851765,104.58477321038475,100.083603762202,101.4409408569336,4779800,0.0,0.0
2026-04-24 00:00:00-04:00,101.66051711683411,102.3092456741837,100.13351470018934,101.63057708740234,2419500,0.0,0.0
2026-04-27 00:00:00-04:00,100.1634542444833,103.05777636863385,99.70435602836264,100.5027847290039,3898100,0.0,0.0
2026-04-28 00:00:00-04:00,101.24133859188113,102.04974982132244,99.8540614284052,101.201416015625,2793300,0.0,0.0
2026-04-29 00:00:00-04:00,101.02176878433664,101.56071214507409,98.30709449963824,99.12548828125,4078900,0.0,0.0
2026-04-30 00:00:00-04:00,97.23918755247684,104.59475644391088,97.23918755247684,104.13565063476562,5270700,0.0,0.0
2026-05-01 00:00:00-04:00,104.79436618370961,105.93213297883365,103.00787083693868,103.4769515991211,4063800,0.0,0.0
2026-05-04 00:00:00-04:00,103.79632581124613,105.74250387442576,102.41903115226155,103.12763977050781,4101500,0.0,0.0
2026-05-05 00:00:00-04:00,102.80826367502154,104.24543834984755,99.80415643430224,101.80023956298828,5703900,0.0,0.0
2026-05-06 00:00:00-04:00,103.22744242045545,103.25738244997702,100.04368729747594,100.59261322021484,5120200,0.0,0.0
2026-05-07 00:00:00-04:00,101.61060832783225,101.8601187167048,98.85601911708531,100.14348602294922,6281600,0.0,0.0
2026-05-08 00:00:00-04:00,99.83410004426601,102.73840475562761,98.51668543665176,102.31922149658203,5948800,0.0,0.0
2026-05-11 00:00:00-04:00,100.80219793454047,102.78829851427324,98.41687920643382,99.26521301269531,5292100,0.0,0.0
2026-05-12 00:00:00-04:00,98.8360591463276,99.44486513589818,97.80807750918642,99.27519989013672,6366700,0.0,0.0
2026-05-13 00:00:00-04:00,98.2871358279861,99.07558195685056,96.71022834135161,97.23918914794922,4935800,0.0,0.0
2026-05-14 00:00:00-04:00,98.5067010825894,100.32313645697414,97.90787765637137,99.375,3751000,0.0,0.0
2026-05-15 00:00:00-04:00,99.23999786376953,100.5,96.91999816894531,96.97000122070312,5939700,0.195,0.0
2026-05-18 00:00:00-04:00,96.43000030517578,98.69999694824219,95.36000061035156,95.97000122070312,3582100,0.0,0.0
2026-05-19 00:00:00-04:00,95.43000030517578,95.87999725341797,92.4800033569336,92.91999816894531,4978700,0.0,0.0
2026-05-20 00:00:00-04:00,93.2300033569336,94.66000366210938,91.08000183105469,94.33999633789062,5532900,0.0,0.0
2026-05-21 00:00:00-04:00,93.86000061035156,95.30999755859375,93.05999755859375,94.76000213623047,3846800,0.0,0.0
2026-05-22 00:00:00-04:00,95.0,96.06999969482422,93.61000061035156,94.04000091552734,2824900,0.0,0.0
2026-05-26 00:00:00-04:00,94.5,96.0,94.0,94.98999786376953,3609800,0.0,0.0
2026-05-27 00:00:00-04:00,95.0,96.69999694824219,93.58000183105469,95.02999877929688,3745200,0.0,0.0
2026-05-28 00:00:00-04:00,95.19999694824219,95.29000091552734,92.2699966430664,94.02999877929688,4689600,0.0,0.0
2026-05-29 00:00:00-04:00,93.48999786376953,97.25,93.01000213623047,95.94000244140625,5164600,0.0,0.0
2026-06-01 00:00:00-04:00,96.75,98.78500366210938,94.76000213623047,95.01000213623047,3851187,0.0,0.0
