Date,Open,High,Low,Close,Volume,Dividends,Stock Splits
2022-01-03 00:00:00-05:00,5.228607841714559,5.426816476451685,5.228607841714559,5.406311988830566,857700,0.175,0.0
2022-01-04 00:00:00-05:00,5.42681527756837,5.556676134726072,5.42681527756837,5.501997947692871,777700,0.0,0.0
2022-01-05 00:00:00-05:00,5.543006986306455,5.590850895073319,5.413146438088945,5.426815986633301,829800,0.0,0.0
2022-01-06 00:00:00-05:00,5.474660205113155,5.549842567882088,5.392642578416837,5.536173343658447,710200,0.0,0.0
2022-01-07 00:00:00-05:00,5.54984276045849,5.625025125836208,5.501999496292268,5.584016799926758,567400,0.0,0.0
2022-01-10 00:00:00-05:00,5.584016799926758,5.5976860246247115,5.467825456824,5.584016799926758,691400,0.0,0.0
2022-01-11 00:00:00-05:00,5.625025333047727,5.7138775782120765,5.590851944136187,5.679704189300537,563700,0.0,0.0
2022-01-12 00:00:00-05:00,5.707041671422825,5.816398049253491,5.707041671422825,5.802728176116943,646800,0.0,0.0
2022-01-13 00:00:00-05:00,5.823234226979621,5.84373838923925,5.754886150360107,5.754886150360107,362300,0.0,0.0
2022-01-14 00:00:00-05:00,5.775390867566478,5.8574081763014485,5.652365230371835,5.720712661743164,1679200,0.0,0.0
2022-01-18 00:00:00-05:00,5.707042176709599,5.775389592997356,5.543006943624919,5.54984188079834,1333200,0.0,0.0
2022-01-19 00:00:00-05:00,5.625024318695068,5.679703165087719,5.501998706804214,5.625024318695068,979500,0.0,0.0
2022-01-20 00:00:00-05:00,5.625023142063167,5.727545224311578,5.577179894769791,5.618188858032227,781700,0.0,0.0
2022-01-21 00:00:00-05:00,5.543006441665671,5.570345536068118,5.406310969653437,5.440485000610352,838300,0.0,0.0
2022-01-24 00:00:00-05:00,5.33112895767623,5.522502630507345,5.153424506996747,5.508833408355713,1650600,0.0,0.0
2022-01-25 00:00:00-05:00,5.44048561991892,5.713876595064393,5.378972487557314,5.631859302520752,1196600,0.0,0.0
2022-01-26 00:00:00-05:00,5.713876206566502,5.816398304136997,5.563511506367839,5.645528793334961,931700,0.0,0.0
2022-01-27 00:00:00-05:00,5.713875789312138,5.782223849368034,5.556676163725148,5.611354351043701,652700,0.0,0.0
2022-01-28 00:00:00-05:00,5.618188858032227,5.652362885448364,5.515666775783815,5.618188858032227,538900,0.0,0.0
2022-01-31 00:00:00-05:00,5.625024160979425,5.754885358320716,5.577180905019726,5.734381198883057,396500,0.0,0.0
2022-02-01 00:00:00-05:00,5.7480491317349145,5.925753545170188,5.700205886508236,5.918918609619141,808600,0.0,0.0
2022-02-02 00:00:00-05:00,5.918919657422802,5.959928626173422,5.843737308498018,5.932589530944824,737500,0.0,0.0
2022-02-03 00:00:00-05:00,5.850571010024888,5.898414253619904,5.795892179296616,5.830066204071045,563400,0.0,0.0
2022-02-04 00:00:00-05:00,5.9052492869745405,5.925753441453477,5.802727210949221,5.843736171722412,556000,0.0,0.0
2022-02-07 00:00:00-05:00,5.843738482507119,5.912085908401914,5.809564443651934,5.877912521362305,370000,0.0,0.0
2022-02-08 00:00:00-05:00,5.8779107883713895,5.8779107883713895,5.795892858574151,5.816397666931152,378300,0.0,0.0
2022-02-09 00:00:00-05:00,5.857406871403238,5.939424161866605,5.836902711741267,5.85057258605957,528900,0.0,0.0
2022-02-10 00:00:00-05:00,5.836901139388993,5.94625749721492,5.7890578957939764,5.830066204071045,816000,0.0,0.0
2022-02-11 00:00:00-05:00,5.877911473432507,6.021441889582838,5.8642415996013035,6.014606952667236,745200,0.0,0.0
2022-02-14 00:00:00-05:00,6.028275917383057,6.048780727254672,5.775389128638701,5.809563159942627,654800,0.0,0.0
2022-02-15 00:00:00-05:00,5.7343811699222,5.8437375554580635,5.679702977154268,5.836902618408203,305500,0.0,0.0
2022-02-16 00:00:00-05:00,5.8915808111761345,5.918919907560101,5.809563522024238,5.836902618408203,432900,0.0,0.0
2022-02-17 00:00:00-05:00,5.850574126755631,5.918921560899377,5.734382771714041,5.775391101837158,377300,0.0,0.0
2022-02-18 00:00:00-05:00,5.768555568635563,5.8574078105034895,5.652364877378907,5.693373203277588,437500,0.0,0.0
2022-02-22 00:00:00-05:00,5.830068508530141,5.830068508530141,5.481495143132757,5.536173343658447,793400,0.0,0.0
2022-02-23 00:00:00-05:00,5.5771802264493955,5.645528285346386,5.515667103805184,5.597684383392334,1020500,0.0,0.0
2022-02-24 00:00:00-05:00,5.645529177185775,5.659198400035299,5.488328877615503,5.631859302520752,645200,0.0,0.0
2022-02-25 00:00:00-05:00,5.6523646872464015,5.7822252506447995,5.6523646872464015,5.754886150360107,795200,0.0,0.0
2022-02-28 00:00:00-05:00,5.7617213679629575,5.925755977630615,5.741216552892802,5.925755977630615,603200,0.0,0.0
2022-03-01 00:00:00-05:00,5.973597847879998,5.9941026581630314,5.843737308498018,5.932589530944824,572500,0.0,0.0
2022-03-02 00:00:00-05:00,5.994102002758653,6.082953563674846,5.959927974505685,6.055614471435547,689500,0.0,0.0
2022-03-03 00:00:00-05:00,6.055615317706235,6.076120128612782,5.973598029526441,6.02144193649292,726400,0.0,0.0
2022-03-04 00:00:00-05:00,5.946258774732509,6.062450092839383,5.905250457645052,6.041945934295654,827200,0.0,0.0
2022-03-07 00:00:00-05:00,6.082954456203178,6.171806681971688,5.9189198786992225,5.93942403793335,1231700,0.0,0.0
2022-03-08 00:00:00-05:00,6.014607041484266,6.14446758572103,5.912084941682691,5.93942403793335,1646600,0.0,0.0
2022-03-09 00:00:00-05:00,5.857405662536621,5.959927743318669,5.754884233569921,5.857405662536621,2124900,0.0,0.0
2022-03-10 00:00:00-05:00,5.857407240921652,5.994103385466315,5.836903079966162,5.987268447875977,1071800,0.0,0.0
2022-03-11 00:00:00-05:00,6.021440482081726,6.021440482081726,5.816396985250458,5.830066204071045,987900,0.0,0.0
2022-03-14 00:00:00-04:00,5.720712156165975,5.802729457652535,5.543007677037311,5.652364730834961,1518100,0.0,0.0
2022-03-15 00:00:00-04:00,5.597684383392334,5.672867378542103,5.515667103805184,5.597684383392334,1183400,0.0,0.0
2022-03-16 00:00:00-04:00,5.65919828414917,5.686537381103881,5.584015930477585,5.65919828414917,578000,0.0,0.0
2022-03-17 00:00:00-04:00,5.720709846245118,5.836901139388993,5.700205692106583,5.830066204071045,714800,0.0,0.0
2022-03-18 00:00:00-04:00,5.864241808562389,5.864241808562389,5.768554643780719,5.85057258605957,610400,0.0,0.0
2022-03-21 00:00:00-04:00,5.93942395022654,6.014606952667236,5.8915806954482495,6.014606952667236,707300,0.0,0.0
2022-03-22 00:00:00-04:00,6.0624504777678,6.0624504777678,5.898415895371888,6.028276443481445,754100,0.0,0.0
2022-03-23 00:00:00-04:00,6.069284439086914,6.1034584678783075,6.035110410295521,6.069284439086914,426300,0.0,0.0
2022-03-24 00:00:00-04:00,6.10345951055499,6.1513027679469525,6.089789635977003,6.144467830657959,544100,0.0,0.0
2022-03-25 00:00:00-04:00,6.151302563599589,6.26065894932866,6.130798404229256,6.246989727020264,767400,0.0,0.0
2022-03-28 00:00:00-04:00,6.192311555385219,6.2059807777404785,6.110293613991753,6.2059807777404785,632100,0.0,0.0
2022-03-29 00:00:00-04:00,6.1854760311069175,6.233319282531737,6.123962906809053,6.233319282531738,759300,0.0,0.0
2022-03-30 00:00:00-04:00,6.294832659336426,6.32217175436376,6.240154469281759,6.287997722625732,728300,0.0,0.0
2022-03-31 00:00:00-04:00,6.32900678571324,6.370015102959725,6.294832753464202,6.3016676902771,841400,0.0,0.0
2022-04-01 00:00:00-04:00,6.315337448830267,6.43836371465667,6.315337448830267,6.4178595542907715,948300,0.0,0.0
2022-04-04 00:00:00-04:00,6.465702259121607,6.513545513153076,6.397354194663408,6.513545513153076,757300,0.0,0.0
2022-04-05 00:00:00-04:00,6.540884908255315,6.5545547824994435,6.404189424891425,6.424693584442139,491900,0.0,0.0
2022-04-06 00:00:00-04:00,6.445198628612706,6.45203291416615,6.315337425864738,6.370015621185303,517900,0.0,0.0
2022-04-07 00:00:00-04:00,6.431527598839896,6.5135448770913,6.2674930423370885,6.472536563873291,817500,0.0,0.0
2022-04-08 00:00:00-04:00,6.521412873629143,6.528395274089937,6.388749928387495,6.402714729309082,1003900,0.2,0.0
2022-04-11 00:00:00-04:00,6.388750472958844,6.388750472958844,6.249105781231571,6.263070583343506,748600,0.0,0.0
2022-04-12 00:00:00-04:00,6.325910534714071,6.374786007827352,6.325910534714071,6.346857070922852,806700,0.0,0.0
2022-04-13 00:00:00-04:00,6.409697716574853,6.416679451796464,6.297981962488058,6.374786376953125,693700,0.0,0.0
2022-04-14 00:00:00-04:00,6.395732476916389,6.437626214772679,6.339874603693585,6.388750076293945,477700,0.0,0.0
2022-04-18 00:00:00-04:00,6.402714371758377,6.500465975115613,6.374785437353213,6.472537040710449,774300,0.0,0.0
2022-04-19 00:00:00-04:00,6.486500062371083,6.570286851214971,6.444606335010036,6.542357921600342,838300,0.0,0.0
2022-04-20 00:00:00-04:00,6.605200760169605,6.744845462798023,6.563307016441846,6.7029523849487305,1133100,0.0,0.0
2022-04-21 00:00:00-04:00,6.765789746133477,6.80768347589464,6.549340695689156,6.570287227630615,993300,0.0,0.0
2022-04-22 00:00:00-04:00,6.577270745558777,6.577270745558777,6.325910321875425,6.402714729309082,871700,0.0,0.0
2022-04-25 00:00:00-04:00,6.2421221611511015,6.2840158934270605,5.9279214996554055,6.207211494445801,1159400,0.0,0.0
2022-04-26 00:00:00-04:00,6.221175266565821,6.332890991641127,6.179282202601703,6.214192867279053,613300,0.0,0.0
2022-04-27 00:00:00-04:00,6.249107999355884,6.332894844132434,6.1723035581137085,6.311948299407959,1134600,0.0,0.0
2022-04-28 00:00:00-04:00,6.353839657213207,6.46555540809441,6.263070443152629,6.409697532653809,531800,0.0,0.0
2022-04-29 00:00:00-04:00,6.451590225626205,6.47951916169859,6.249105272631823,6.2840166091918945,522300,0.0,0.0
2022-05-02 00:00:00-04:00,6.2141932403637155,6.304962438906521,6.109459908287248,6.242122173309326,604800,0.0,0.0
2022-05-03 00:00:00-04:00,6.263068622738223,6.4306422003533354,6.263068622738223,6.423659801483154,790600,0.0,0.0
2022-05-04 00:00:00-04:00,6.514430498258662,6.654075178620587,6.437626090529193,6.633128643035889,593800,0.0,0.0
2022-05-05 00:00:00-04:00,6.723897591003773,6.723897591003773,6.284016365512498,6.360820770263672,1359700,0.0,0.0
2022-05-06 00:00:00-04:00,6.409696444613793,6.458571910858154,6.270051113838555,6.458571910858154,722200,0.0,0.0
2022-05-09 00:00:00-04:00,6.423662199243076,6.45857354074713,6.067567714482946,6.095496654510498,868300,0.0,0.0
2022-05-10 00:00:00-04:00,6.2072128522547,6.270052465597185,5.920940395150702,6.116443634033203,1151600,0.0,0.0
2022-05-11 00:00:00-04:00,6.2211764698945045,6.367803553886694,6.123425524485294,6.137389659881592,1122500,0.0,0.0
2022-05-12 00:00:00-04:00,6.137388126417048,6.151352924202529,5.9488680174605095,6.046618938446045,894700,0.0,0.0
2022-05-13 00:00:00-04:00,6.158335272568595,6.318927133757205,6.144371139266002,6.270051002502441,571300,0.0,0.0
2022-05-16 00:00:00-04:00,6.304963120493044,6.451590200777922,6.304963120493044,6.402714729309082,673600,0.0,0.0
2022-05-17 00:00:00-04:00,6.493483954487665,6.535377025604248,6.430643681934431,6.535377025604248,585500,0.0,0.0
2022-05-18 00:00:00-04:00,6.556324507366809,6.556324507366809,6.290999270730069,6.339874744415283,1087300,0.0,0.0
2022-05-19 00:00:00-04:00,6.284016365512498,6.4096969059038145,6.249105030306206,6.360820770263672,977900,0.0,0.0
2022-05-20 00:00:00-04:00,6.388750846356831,6.423662187798687,6.200230667976335,6.290999889373779,1137300,0.0,0.0
2022-05-23 00:00:00-04:00,6.297982105916717,6.381768923389954,6.270052500880538,6.325911045074463,981700,0.0,0.0
2022-05-24 00:00:00-04:00,6.318927797299627,6.332891932068576,6.200229655311008,6.297981262207031,609800,0.0,0.0
2022-05-25 00:00:00-04:00,6.3468566792027055,6.451590019660976,6.290998808841183,6.437625885009766,484300,0.0,0.0
2022-05-26 00:00:00-04:00,6.47952009593176,6.5633069162295055,6.458573557326938,6.500467300415039,836800,0.0,0.0
2022-05-27 00:00:00-04:00,6.493483743968635,6.605199484495507,6.472537209089431,6.5912346839904785,483500,0.0,0.0
2022-05-31 00:00:00-04:00,6.633128377723059,6.668039712886742,6.54934157285722,6.5772705078125,731200,0.0,0.0
2022-06-01 00:00:00-04:00,6.633128089150224,6.793719291687012,6.521412354189276,6.793719291687012,820600,0.0,0.0
2022-06-02 00:00:00-04:00,6.800702824912467,6.814667627048938,6.688987071334355,6.723898410797119,694300,0.0,0.0
2022-06-03 00:00:00-04:00,6.730880111427573,6.79371971686715,6.675022240451273,6.682003974914551,662100,0.0,0.0
2022-06-06 00:00:00-04:00,6.702950593413983,6.765790193392434,6.668039260618207,6.709932327270508,680700,0.0,0.0
2022-06-07 00:00:00-04:00,6.688988006959984,6.856561660766602,6.6470949264475845,6.856561660766602,743600,0.0,0.0
2022-06-08 00:00:00-04:00,6.828629768318046,6.86354109758144,6.7238964464060835,6.76578950881958,691200,0.0,0.0
2022-06-09 00:00:00-04:00,6.737862656939803,6.772773996971918,6.668040642753996,6.695969581604004,583400,0.0,0.0
2022-06-10 00:00:00-04:00,6.675022145736925,6.675022145736925,6.45857239936629,6.556324005126953,493300,0.0,0.0
2022-06-13 00:00:00-04:00,6.339874920460532,6.3887503955029175,6.025674201413872,6.172301292419434,1349300,0.0,0.0
2022-06-14 00:00:00-04:00,6.284016241349953,6.346856510303984,5.9837796967377255,6.039637565612793,814300,0.0,0.0
2022-06-15 00:00:00-04:00,6.067565469246058,6.137388126417048,5.9488680174605095,6.046618938446045,1182300,0.0,0.0
2022-06-16 00:00:00-04:00,5.9069761434211046,5.9069761434211046,5.634668494065805,5.683544635772705,1360300,0.0,0.0
2022-06-17 00:00:00-04:00,5.6905252503807935,5.760347915710416,5.474076186439879,5.599756717681885,1583600,0.0,0.0
2022-06-21 00:00:00-04:00,5.683544784264509,5.969816577387939,5.683544784264509,5.899993896484375,932500,0.0,0.0
2022-06-22 00:00:00-04:00,5.704491323215662,5.739402663673757,5.592775566452508,5.669579982757568,1269500,0.0,0.0
2022-06-23 00:00:00-04:00,5.711472567510624,5.739401501043852,5.51596969983888,5.606738567352295,949500,0.0,0.0
2022-06-24 00:00:00-04:00,5.697508777056003,5.8301717342473465,5.6416509000949375,5.816206932067871,1003700,0.0,0.0
2022-06-27 00:00:00-04:00,5.906976188146458,5.955851664345007,5.858100711947908,5.92792272567749,589500,0.0,0.0
2022-06-28 00:00:00-04:00,6.046621247580165,6.109461529856385,5.941887887705441,6.053603649139404,640100,0.0,0.0
2022-06-29 00:00:00-04:00,6.130407774755687,6.144372577204672,5.893011460150381,5.920940399169922,939600,0.0,0.0
2022-06-30 00:00:00-04:00,5.8022426134331235,5.92792249970686,5.795260212562805,5.851118087768555,548400,0.0,0.0
2022-07-01 00:00:00-04:00,6.00132942199707,6.0084818584745365,5.758128845630812,6.00132942199707,740400,0.2,0.0
2022-07-05 00:00:00-04:00,5.843964099884033,5.894034564967938,5.68659890398743,5.843964099884033,1094000,0.0,0.0
2022-07-06 00:00:00-04:00,5.743821878435249,5.815351691391439,5.5506924749077,5.686598300933838,1341400,0.0,0.0
2022-07-07 00:00:00-04:00,5.779588256598371,5.894035440743444,5.7724351370495475,5.851118087768555,516100,0.0,0.0
2022-07-08 00:00:00-04:00,5.8940348263825495,5.9226466194364855,5.8010463284175176,5.879729270935059,312400,0.0,0.0
2022-07-11 00:00:00-04:00,5.822505426585064,5.865422773183003,5.779587397828199,5.843964099884033,292400,0.0,0.0
2022-07-12 00:00:00-04:00,5.793894495696018,5.901188560292267,5.700905646958877,5.851118087768555,1980400,0.0,0.0
2022-07-13 00:00:00-04:00,5.808199058599088,6.029940951549751,5.808199058599088,5.965564250946045,886300,0.0,0.0
2022-07-14 00:00:00-04:00,5.808200638090021,5.9154953956604,5.708059341869034,5.9154953956604,668100,0.0,0.0
2022-07-15 00:00:00-04:00,6.029941348035109,6.029941348035109,5.936952850177606,5.972717761993408,448900,0.0,0.0
2022-07-18 00:00:00-04:00,6.080012014272727,6.144388721216345,6.044247101286386,6.0657057762146,622100,0.0,0.0
2022-07-19 00:00:00-04:00,6.101471761955827,6.180154720791535,6.101471761955827,6.1300835609436035,635800,0.0,0.0
2022-07-20 00:00:00-04:00,6.137236067554749,6.215918336363748,6.08716559487257,6.158694744110107,307800,0.0,0.0
2022-07-21 00:00:00-04:00,6.115776749442584,6.1873058911765755,6.0585531631918075,6.173000335693359,374600,0.0,0.0
2022-07-22 00:00:00-04:00,6.2016123091308994,6.223070984059113,6.029941545387236,6.0657057762146,273900,0.0,0.0
2022-07-25 00:00:00-04:00,6.137235751908992,6.294600963592529,6.087165281802001,6.294600963592529,422200,0.0,0.0
2022-07-26 00:00:00-04:00,6.337518657455649,6.394742249862907,6.29460130422972,6.32321310043335,355200,0.0,0.0
2022-07-27 00:00:00-04:00,6.344671067966048,6.423353328192744,6.301753719536561,6.394741535186768,393000,0.0,0.0
2022-07-28 00:00:00-04:00,6.494884490966797,6.530649410138371,6.337519255907328,6.494884490966797,461900,0.0,0.0
2022-07-29 00:00:00-04:00,6.537801435432355,6.580718785523031,6.502036522250804,6.523495197296143,663700,0.0,0.0
2022-08-01 00:00:00-04:00,6.473425388336182,6.502037185367628,6.358978200210392,6.473425388336182,406100,0.0,0.0
2022-08-02 00:00:00-04:00,6.466271962537734,6.502036877674317,6.401895251723688,6.459118843078613,360600,0.0,0.0
2022-08-03 00:00:00-04:00,6.487731309830616,6.494884430029638,6.344672316645642,6.409049034118652,332800,0.0,0.0
2022-08-04 00:00:00-04:00,6.416201084686846,6.423353521534411,6.237377202477194,6.251682758331299,344300,0.0,0.0
2022-08-05 00:00:00-04:00,6.180154169254084,6.337518708563572,6.151542372819719,6.301754474639893,389700,0.0,0.0
2022-08-08 00:00:00-04:00,6.337517949174815,6.423353328192744,6.323212393751304,6.394741535186768,321400,0.0,0.0
2022-08-09 00:00:00-04:00,6.409048981649811,6.45196702033349,6.39474274136889,6.430507659912109,300900,0.0,0.0
2022-08-10 00:00:00-04:00,6.50203709949681,6.5378020158535435,6.416201709536075,6.480578422546387,501400,0.0,0.0
2022-08-11 00:00:00-04:00,6.609332333037102,6.70232085911462,6.559261850595039,6.645097255706787,452200,0.0,0.0
2022-08-12 00:00:00-04:00,6.652249727022833,6.688014646199766,6.609331687578696,6.659402847290039,296300,0.0,0.0
2022-08-15 00:00:00-04:00,6.573565229944544,6.616483259344276,6.444812506063218,6.595024585723877,366400,0.0,0.0
2022-08-16 00:00:00-04:00,6.645094953001671,6.745236565343181,6.630789398186555,6.730930328369141,572400,0.0,0.0
2022-08-17 00:00:00-04:00,6.716626276782729,6.716626276782729,6.60217840185293,6.616484642028809,281700,0.0,0.0
2022-08-18 00:00:00-04:00,6.652247685673847,6.823918426452283,6.652247685673847,6.816765308380127,437000,0.0,0.0
2022-08-19 00:00:00-04:00,6.759540455238839,6.766693571963999,6.666551984288023,6.673705101013184,267000,0.0,0.0
2022-08-22 00:00:00-04:00,6.595026353194684,6.6880148733493,6.5735669916642285,6.623638153076172,253200,0.0,0.0
2022-08-23 00:00:00-04:00,6.709471865861182,6.816765917901688,6.6880131918848695,6.788154125213623,343000,0.0,0.0
2022-08-24 00:00:00-04:00,6.809614521301764,6.852531875808655,6.7666964846358235,6.838226318359375,370400,0.0,0.0
2022-08-25 00:00:00-04:00,6.90260235011971,6.90260235011971,6.81676695894688,6.838226318359375,324300,0.0,0.0
2022-08-26 00:00:00-04:00,6.831072474559562,6.86683738763077,6.702319060366804,6.709472179412842,382700,0.0,0.0
2022-08-29 00:00:00-04:00,6.709472214987148,6.773848922424858,6.659401745717364,6.723777770996094,285700,0.0,0.0
2022-08-30 00:00:00-04:00,6.673707722928276,6.7237781953581885,6.51634250394409,6.544954299926758,607000,0.0,0.0
2022-08-31 00:00:00-04:00,6.487730333258106,6.6021775105788025,6.423353625475468,6.5020365715026855,359600,0.0,0.0
2022-09-01 00:00:00-04:00,6.4877309457723795,6.4877309457723795,6.330366403178944,6.473425388336182,361900,0.0,0.0
2022-09-02 00:00:00-04:00,6.630791273586324,6.7023204322104855,6.5306496329215555,6.623638153076172,908800,0.0,0.0
2022-09-06 00:00:00-04:00,6.7094720627822575,6.7094720627822575,6.530648182693687,6.552106857299805,409500,0.0,0.0
2022-09-07 00:00:00-04:00,6.466271863282997,6.587872163585451,6.459118743933675,6.559260368347168,467900,0.0,0.0
2022-09-08 00:00:00-04:00,6.544953946123566,6.623636892441776,6.544953946123566,6.609330654144287,374500,0.0,0.0
2022-09-09 00:00:00-04:00,6.716624301462112,6.823918342590333,6.688012511683994,6.823918342590332,415800,0.0,0.0
2022-09-12 00:00:00-04:00,6.888294430353159,6.9025999828963975,6.831070855862569,6.852529525756836,351600,0.0,0.0
2022-09-13 00:00:00-04:00,6.795308130954039,6.8668379630908545,6.637942909548468,6.702319622039795,395000,0.0,0.0
2022-09-14 00:00:00-04:00,6.738082376775657,6.909753100247425,6.738082376775657,6.852529525756836,614200,0.0,0.0
2022-09-15 00:00:00-04:00,6.795307771165344,6.852531360981385,6.738084181349303,6.766695976257324,432000,0.0,0.0
2022-09-16 00:00:00-04:00,6.680860405999576,6.680860405999576,6.466271609069254,6.523495197296143,437400,0.0,0.0
2022-09-19 00:00:00-04:00,6.437660054490693,6.652248859405518,6.366130225466083,6.652248859405518,410500,0.0,0.0
2022-09-20 00:00:00-04:00,6.616483563277125,6.616483563277125,6.4805777145597565,6.552106857299805,442900,0.0,0.0
2022-09-21 00:00:00-04:00,6.587871692050424,6.65224839726847,6.46627140045166,6.46627140045166,405300,0.0,0.0
2022-09-22 00:00:00-04:00,6.523495673858754,6.537801913040084,6.3160599808426845,6.32321310043335,558900,0.0,0.0
2022-09-23 00:00:00-04:00,6.215917800690951,6.215917800690951,5.851117602051347,5.944106101989746,1354100,0.0,0.0
2022-09-26 00:00:00-04:00,5.8725779041595905,5.965566429866865,5.6651421720923345,5.700906753540039,1176000,0.0,0.0
2022-09-27 00:00:00-04:00,5.815353121983448,5.929800305140576,5.7366708541026785,5.872576713562012,591500,0.0,0.0
2022-09-28 00:00:00-04:00,5.972718656577244,6.208766154893801,5.9011888222320215,6.194459915161133,521800,0.0,0.0
2022-09-29 00:00:00-04:00,6.1586952648907465,6.1586952648907465,5.8868828376219176,6.029942512512207,531800,0.0,0.0
2022-09-30 00:00:00-04:00,5.993307051455991,6.0812283391654915,5.934692859649658,5.934692859649658,520800,0.2,0.0
2022-10-03 00:00:00-04:00,6.088557542494583,6.28638033841315,6.073903639748335,6.176478862762451,982300,0.0,0.0
2022-10-04 00:00:00-04:00,6.293705945238874,6.410934347218766,6.2643988447439005,6.308359146118164,379600,0.0,0.0
2022-10-05 00:00:00-04:00,6.344993054836371,6.344993054836371,6.139843355949349,6.271725654602051,599500,0.0,0.0
2022-10-06 00:00:00-04:00,6.205785665937759,6.301033932919304,6.176478560615476,6.257072925567627,612100,0.0,0.0
2022-10-07 00:00:00-04:00,6.271724580040767,6.301031674860461,6.117862157553311,6.169149398803711,829400,0.0,0.0
2022-10-10 00:00:00-04:00,6.154497047323837,6.2937063067228465,6.029941688382169,6.03726863861084,570400,0.0,0.0
2022-10-11 00:00:00-04:00,6.007961709150539,6.161824174693722,5.964001403987602,6.08855676651001,723500,0.0,0.0
2022-10-12 00:00:00-04:00,6.110536128938463,6.147170177661399,6.007960932261516,6.029941082000732,285500,0.0,0.0
2022-10-13 00:00:00-04:00,5.920039834806205,6.2497448869917624,5.868752584101185,6.235091686248779,451500,0.0,0.0
2022-10-14 00:00:00-04:00,6.24241805981289,6.2643982082667895,6.015287530001535,6.022614479064941,422300,0.0,0.0
2022-10-17 00:00:00-04:00,6.110537229085223,6.23509259792645,6.110537229085223,6.191131591796875,449600,0.0,0.0
2022-10-18 00:00:00-04:00,6.2790530798752116,6.323014087226889,6.176478560615476,6.257072925567627,342800,0.0,0.0
2022-10-19 00:00:00-04:00,6.279053779166134,6.293707682827517,6.198459405238282,6.227766513824463,333200,0.0,0.0
2022-10-20 00:00:00-04:00,6.24241928075251,6.271726384001921,6.132517119514879,6.1471710205078125,424600,0.0,0.0
2022-10-21 00:00:00-04:00,6.176478560615476,6.257072925567627,6.117864349970912,6.257072925567627,646500,0.0,0.0
2022-10-24 00:00:00-04:00,6.279053387040026,6.279053387040026,6.139844804633371,6.176478862762451,325800,0.0,0.0
2022-10-25 00:00:00-04:00,6.176478474270578,6.293706893920898,6.147171369357999,6.293706893920898,216300,0.0,0.0
2022-10-26 00:00:00-04:00,6.337665818780775,6.381626815923786,6.271725371170775,6.352319717407227,482200,0.0,0.0
2022-10-27 00:00:00-04:00,6.410935878753662,6.484203996862613,6.381628771257393,6.410935878753662,278600,0.0,0.0
2022-10-28 00:00:00-04:00,6.513509964151872,6.513509964151872,6.359647502046349,6.484202861785889,350900,0.0,0.0
2022-10-31 00:00:00-04:00,6.484201093983904,6.550141532277553,6.447567051329935,6.506181240081787,494300,0.0,0.0
2022-11-01 00:00:00-04:00,6.594103570975727,6.594103570975727,6.469548225402832,6.469548225402832,772400,0.0,0.0
2022-11-02 00:00:00-04:00,6.484202770124966,6.54281697402836,6.381627563925813,6.396280765533447,470300,0.0,0.0
2022-11-03 00:00:00-04:00,6.374300703861123,6.498856063600662,6.337666651219534,6.484202861785889,411700,0.0,0.0
2022-11-04 00:00:00-04:00,6.5281626910542565,6.57944994177956,6.410934290118483,6.4988555908203125,363400,0.0,0.0
2022-11-07 00:00:00-05:00,6.535491119863832,6.564798226730357,6.454896750665026,6.55747127532959,390700,0.0,0.0
2022-11-08 00:00:00-05:00,6.586778382196114,6.616085489062638,6.476876906130784,6.55747127532959,349000,0.0,0.0
2022-11-09 00:00:00-05:00,6.550142954418613,6.572123804025137,6.337666299376999,6.366973400115967,346400,0.0,0.0
2022-11-10 00:00:00-05:00,6.55747127532959,6.572125178131124,6.484203857531551,6.55747127532959,455100,0.0,0.0
2022-11-11 00:00:00-05:00,6.594105333596881,6.623412440463405,6.506184012997308,6.55747127532959,245200,0.0,0.0
2022-11-14 00:00:00-05:00,6.550141803926809,6.652716987864698,6.5208347083354505,6.535488605499268,291000,0.0,0.0
2022-11-15 00:00:00-05:00,6.564796789600515,6.638064890095641,6.520835789556161,6.542816638946533,265300,0.0,0.0
2022-11-16 00:00:00-05:00,6.388953872082144,6.491528369237325,6.374299973210628,6.45489501953125,451700,0.0,0.0
2022-11-17 00:00:00-05:00,6.381626742681016,6.410933840861214,6.3303394955497545,6.40360689163208,285500,0.0,0.0
2022-11-18 00:00:00-05:00,6.330340399680366,6.498856063600662,6.315686499129156,6.484202861785889,317800,0.0,0.0
2022-11-21 00:00:00-05:00,6.396280677800537,6.425588478086669,6.271726020266566,6.418261528015137,400000,0.0,0.0
2022-11-22 00:00:00-05:00,6.454894744546226,6.57944938596617,6.454894744546226,6.550142288208008,526100,0.0,0.0
2022-11-23 00:00:00-05:00,6.528161656917359,6.579448899518166,6.491527612744093,6.535488605499268,310300,0.0,0.0
2022-11-25 00:00:00-05:00,6.5574714035584964,6.616085618437724,6.52083734457484,6.564798355102539,103400,0.0,0.0
2022-11-28 00:00:00-05:00,6.484201093983904,6.542815282735757,6.454893999607978,6.506181240081787,516600,0.0,0.0
2022-11-29 00:00:00-05:00,6.513508709660408,6.660044193267822,6.513508709660408,6.660044193267822,500200,0.0,0.0
2022-11-30 00:00:00-05:00,6.67469939220897,6.6820263432688,6.5721248723173975,6.623412132263184,403000,0.0,0.0
2022-12-01 00:00:00-05:00,6.630736565863534,6.7113309007132695,6.506181240081787,6.506181240081787,550400,0.0,0.0
2022-12-02 00:00:00-05:00,6.447568684553241,6.5428169400862455,6.447568684553241,6.4915289878845215,539300,0.0,0.0
2022-12-05 00:00:00-05:00,6.484202736486924,6.5574701416178645,6.4329147842852,6.4915289878845215,684400,0.0,0.0
2022-12-06 00:00:00-05:00,6.447569544821554,6.5428178130630785,6.30836026864682,6.35964822769165,413300,0.0,0.0
2022-12-07 00:00:00-05:00,6.352321018960227,6.41093522800305,6.301033760731879,6.344994068145752,347400,0.0,0.0
2022-12-08 00:00:00-05:00,6.381627679496752,6.418261732283921,6.2497453689575195,6.2497453689575195,373200,0.0,0.0
2022-12-09 00:00:00-05:00,6.213111351908491,6.271726255946982,6.139843944649155,6.154497146606445,386100,0.0,0.0
2022-12-12 00:00:00-05:00,6.154497962210031,6.301034193620799,6.154497962210031,6.286380290985107,403200,0.0,0.0
2022-12-13 00:00:00-05:00,6.432914551462743,6.506182652678361,6.315686148506873,6.366973400115967,691500,0.0,0.0
2022-12-14 00:00:00-05:00,6.4475691954575325,6.4475691954575325,6.301033674847777,6.381628036499023,701800,0.0,0.0
2022-12-15 00:00:00-05:00,6.286378779780798,6.337666029203526,6.227764580801575,6.323012828826904,517400,0.0,0.0
2022-12-16 00:00:00-05:00,6.198457636286743,6.2424186359884635,6.147170385581723,6.235091686248779,581200,0.0,0.0
2022-12-19 00:00:00-05:00,6.213111696777862,6.26439965331631,6.095883279666805,6.11786413192749,469000,0.0,0.0
2022-12-20 00:00:00-05:00,6.0958823347719076,6.2131107337119245,6.0958823347719076,6.132516384124756,576800,0.0,0.0
2022-12-21 00:00:00-05:00,6.161824061510178,6.264399269566963,6.161824061510178,6.2497453689575195,747600,0.0,0.0
2022-12-22 00:00:00-05:00,6.249746503461231,6.2644004067307675,6.051923700478452,6.161825180053711,368200,0.0,0.0
2022-12-23 00:00:00-05:00,6.198458545538694,6.344994068145752,6.1838046439097445,6.344994068145752,371400,0.0,0.0
2022-12-27 00:00:00-05:00,6.3889553334016185,6.396281585776723,6.301034016271715,6.35964822769165,386000,0.0,0.0
2022-12-28 00:00:00-05:00,6.337667600551938,6.374301658681018,6.169151911389326,6.176478862762451,503500,0.0,0.0
2022-12-29 00:00:00-05:00,6.176478136686286,6.3376668555272255,6.176478136686286,6.3156867027282715,418200,0.0,0.0
2022-12-30 00:00:00-05:00,6.308359005351023,6.330339854284057,6.227764655472358,6.271725654602051,609500,0.0,0.0
2023-01-03 00:00:00-05:00,6.331741776692628,6.3992604679700476,6.1516924102545625,6.219211101531982,444500,0.2,0.0
2023-01-04 00:00:00-05:00,6.1892031052604715,6.249219562984365,6.166697112477165,6.196705341339111,475200,0.0,0.0
2023-01-05 00:00:00-05:00,6.189201987531402,6.219210210974061,6.136687775369869,6.181699752807617,615600,0.0,0.0
2023-01-06 00:00:00-05:00,6.256720101675277,6.331740295751583,6.204205894276621,6.3242387771606445,546100,0.0,0.0
2023-01-09 00:00:00-05:00,6.40676097665383,6.459275182178507,6.346744537353516,6.346744537353516,443000,0.0,0.0
2023-01-10 00:00:00-05:00,6.391758864685002,6.474281311035156,6.316737938582989,6.474281311035156,535000,0.0,0.0
2023-01-11 00:00:00-05:00,6.541800509391086,6.601816968751796,6.489285570860991,6.586812496185303,720700,0.0,0.0
2023-01-12 00:00:00-05:00,6.639327776676592,6.744356228241052,6.586812835441695,6.706845760345459,731300,0.0,0.0
2023-01-13 00:00:00-05:00,6.751857526333504,6.78936798901476,6.661832845170033,6.7743635177612305,832000,0.0,0.0
2023-01-17 00:00:00-05:00,6.789368483382438,6.946911865753173,6.751858017969859,6.841882705688477,612500,0.0,0.0
2023-01-18 00:00:00-05:00,6.894397791778235,6.931908261890417,6.6993446350097665,6.699344635009766,522500,0.0,0.0
2023-01-19 00:00:00-05:00,6.6768362203889335,6.841881817507257,6.6768362203889335,6.804371356964111,440700,0.0,0.0
2023-01-20 00:00:00-05:00,6.864388152748771,6.8943963796014005,6.8043716990435135,6.879392623901367,1769000,0.0,0.0
2023-01-23 00:00:00-05:00,6.93190940182054,6.969419878101198,6.871892925952617,6.939411640167236,436900,0.0,0.0
2023-01-24 00:00:00-05:00,7.006926237294227,7.006926237294227,6.751856007001775,6.894394874572754,404000,0.0,0.0
2023-01-25 00:00:00-05:00,6.894396611948974,6.894396611948974,6.8193764000154315,6.856886863708496,422300,0.0,0.0
2023-01-26 00:00:00-05:00,6.9094010967748245,6.931907088852519,6.864388397166847,6.9018988609313965,372400,0.0,0.0
2023-01-27 00:00:00-05:00,6.909401650466929,6.946912117237419,6.864388947251812,6.886895656585693,282600,0.0,0.0
2023-01-30 00:00:00-05:00,6.811872927344407,6.916902063524173,6.744354248046876,6.744354248046875,381600,0.0,0.0
2023-01-31 00:00:00-05:00,6.774364873136623,6.819377580450523,6.7443566400782595,6.811875343322754,419200,0.0,0.0
2023-02-01 00:00:00-05:00,6.82687949025996,6.82687949025996,6.631825627006206,6.7593607902526855,819000,0.0,0.0
2023-02-02 00:00:00-05:00,6.766862954006918,6.811874943224308,6.736854007258432,6.796871185302734,317400,0.0,0.0
2023-02-03 00:00:00-05:00,6.774364943377708,6.8268798883638855,6.7218507138442485,6.729352951049805,322400,0.0,0.0
2023-02-06 00:00:00-05:00,6.6843401582527155,6.714348391240556,6.6543319252648745,6.676837921142578,252900,0.0,0.0
2023-02-07 00:00:00-05:00,6.684340243269183,6.7368544728026425,6.654332009899676,6.729352951049805,388200,0.0,0.0
2023-02-08 00:00:00-05:00,6.736855109252796,6.744357347167111,6.676838636843851,6.721851348876953,260900,0.0,0.0
2023-02-09 00:00:00-05:00,6.721849352781622,6.789368043054784,6.684338889801802,6.691841125488281,303600,0.0,0.0
2023-02-10 00:00:00-05:00,6.721847786699864,6.901897108511333,6.721847786699864,6.894394874572754,328800,0.0,0.0
2023-02-13 00:00:00-05:00,6.89439536187058,6.976918510122902,6.8718893739165186,6.9169020652771,318900,0.0,0.0
2023-02-14 00:00:00-05:00,6.856885620431297,6.9919222636081235,6.819375163539555,6.9169020652771,285700,0.0,0.0
2023-02-15 00:00:00-05:00,6.879392623901367,6.931906842030327,6.841882161472441,6.879392623901367,238200,0.0,0.0
2023-02-16 00:00:00-05:00,6.826878062561516,6.886894513249538,6.804371356964112,6.804371356964111,342000,0.0,0.0
2023-02-17 00:00:00-05:00,6.781867821285898,6.781867821285898,6.684340874758166,6.721851348876953,207200,0.0,0.0
2023-02-21 00:00:00-05:00,6.736851919641371,6.7743623760005605,6.661831722375439,6.714345932006836,532200,0.0,0.0
2023-02-22 00:00:00-05:00,6.7143480126497375,6.849385411207245,6.684339781353922,6.796871185302734,644400,0.0,0.0
2023-02-23 00:00:00-05:00,6.879391386471644,6.901897373699714,6.759358500652031,6.789366722106934,444100,0.0,0.0
2023-02-24 00:00:00-05:00,6.766863027020755,6.8043727799557505,6.714348085096944,6.7593607902526855,419500,0.0,0.0
2023-02-27 00:00:00-05:00,6.751859585081426,6.804373819576057,6.699345350586795,6.721851348876953,337400,0.0,0.0
2023-02-28 00:00:00-05:00,6.729350306055022,6.781864514947587,6.684337615966797,6.684337615966797,345000,0.0,0.0
2023-03-01 00:00:00-05:00,6.676837998902019,6.736854465576661,6.6543320027622075,6.661834239959717,375700,0.0,0.0
2023-03-02 00:00:00-05:00,6.684338889801802,6.759359815761442,6.669335133881418,6.691841125488281,533600,0.0,0.0
2023-03-03 00:00:00-05:00,6.676838006063627,6.796871654994377,6.676838006063627,6.729352951049805,668000,0.0,0.0
2023-03-06 00:00:00-05:00,6.729352951049805,6.766863421624869,6.6993447176802965,6.729352951049805,370200,0.0,0.0
2023-03-07 00:00:00-05:00,6.751857331615075,6.751857331615075,6.6318244268587705,6.669334888458252,342100,0.0,0.0
2023-03-08 00:00:00-05:00,6.6393269743646846,6.699343429564037,6.616820267075492,6.654330730438232,232900,0.0,0.0
2023-03-09 00:00:00-05:00,6.646827975964364,6.699342906755027,6.534297310110488,6.541799545288086,303900,0.0,0.0
2023-03-10 00:00:00-05:00,6.5493022270655326,6.579311173100458,6.361750607063161,6.3842573165893555,803700,0.0,0.0
2023-03-13 00:00:00-04:00,6.2417165494565054,6.3992599102217556,6.204206804640631,6.256721019744873,468000,0.0,0.0
2023-03-14 00:00:00-04:00,6.2792275898887215,6.444273201047402,6.264223833666617,6.331741809844971,427800,0.0,0.0
2023-03-15 00:00:00-04:00,6.1741991697155285,6.211709637916226,6.024158012365412,6.091676712036133,703300,0.0,0.0
2023-03-16 00:00:00-04:00,6.061666706531854,6.189201831817627,5.994148026621449,6.189201831817627,979200,0.0,0.0
2023-03-17 00:00:00-04:00,6.129185722352417,6.166696181630899,6.009152825023276,6.046663284301758,750100,0.0,0.0
2023-03-20 00:00:00-04:00,6.016656095026792,6.196705471994756,6.016656095026792,6.076672554016113,477600,0.0,0.0
2023-03-21 00:00:00-04:00,6.174198476794285,6.226713412562656,6.1516924845807495,6.204207420349121,495600,0.0,0.0
2023-03-22 00:00:00-04:00,6.204207471153181,6.219211227600867,6.099178314208984,6.099178314208984,421800,0.0,0.0
2023-03-23 00:00:00-04:00,6.114181430484145,6.1967045863901,5.979144417057044,5.98664665222168,499400,0.0,0.0
2023-03-24 00:00:00-04:00,5.949137182200275,6.046664466944549,5.904124836898063,6.001651763916016,562300,0.0,0.0
2023-03-27 00:00:00-04:00,6.03916248582676,6.144190938245505,6.024158012365412,6.091676712036133,685100,0.0,0.0
2023-03-28 00:00:00-04:00,6.076671175601928,6.2117078199702735,6.076671175601928,6.189201831817627,392000,0.0,0.0
2023-03-29 00:00:00-04:00,6.219210495035465,6.3242396396082015,6.219210495035465,6.294231414794922,695600,0.0,0.0
2023-03-30 00:00:00-04:00,6.354247507316229,6.399259484280243,6.331740803381749,6.391757965087891,575900,0.0,0.0
2023-03-31 00:00:00-04:00,6.444271979745591,6.489283955333939,6.421765991951416,6.48178243637085,613000,0.0,0.0
2023-04-03 00:00:00-04:00,6.586812339090993,6.654331033124641,6.5793108184392874,6.5943145751953125,467800,0.0,0.0
2023-04-04 00:00:00-04:00,6.639326363679127,6.639326363679127,6.436770309422994,6.511791229248047,444500,0.0,0.0
2023-04-05 00:00:00-04:00,6.5042898883013205,6.5943145751953125,6.496787652197001,6.5943145751953125,1372400,0.0,0.0
2023-04-06 00:00:00-04:00,6.609685860955019,6.6942280869084145,6.548200472450068,6.563571453094482,491100,0.21,0.0
2023-04-10 00:00:00-04:00,6.571257871939231,6.68654280200544,6.555886157016425,6.578943729400635,521700,0.0,0.0
2023-04-11 00:00:00-04:00,6.57125687249143,6.663484949109816,6.548200036577734,6.60968542098999,376500,0.0,0.0
2023-04-12 00:00:00-04:00,6.686541257606572,6.701912968978954,6.625055878044121,6.640427589416504,320200,0.0,0.0
2023-04-13 00:00:00-04:00,6.609685521265399,6.686541886464907,6.594313808447332,6.663485050201416,443900,0.0,0.0
2023-04-14 00:00:00-04:00,6.6250570391501435,6.6481138772861135,6.509772115506625,6.5558857917785645,1037200,0.0,0.0
2023-04-17 00:00:00-04:00,6.555885927404634,6.609686194786459,6.502086392986493,6.540514945983887,470300,0.0,0.0
2023-04-18 00:00:00-04:00,6.555884299108094,6.571256009674626,6.525141610938531,6.54819917678833,526500,0.0,0.0
2023-04-19 00:00:00-04:00,6.502085058827011,6.517456037093795,6.46365651371475,6.479028224945068,352800,0.0,0.0
2023-04-20 00:00:00-04:00,6.45597213460211,6.45597213460211,6.402172598918931,6.448287010192871,495900,0.0,0.0
2023-04-21 00:00:00-04:00,6.448285535447967,6.486713347596694,6.432913824217649,6.479028224945068,221200,0.0,0.0
2023-04-24 00:00:00-04:00,6.502086503516932,6.525143342521844,6.448286968184242,6.517457485198975,223700,0.0,0.0
2023-04-25 00:00:00-04:00,6.448286150853398,6.479028843284492,6.386800765991211,6.386800765991211,269100,0.0,0.0
2023-04-26 00:00:00-04:00,6.371429209665533,6.409857759388439,6.317629679831638,6.333000659942627,479700,0.0,0.0
2023-04-27 00:00:00-04:00,6.317629670518127,6.440600443079243,6.317629670518127,6.409857749938965,470700,0.0,0.0
2023-04-28 00:00:00-04:00,6.425227599591498,6.4943988302282465,6.425227599591498,6.455970287322998,594000,0.0,0.0
2023-05-01 00:00:00-04:00,6.425227599591498,6.525141517959747,6.425227599591498,6.455970287322998,191700,0.0,0.0
2023-05-02 00:00:00-04:00,6.448287590505925,6.448287590505925,6.20234526318419,6.263830661773682,495900,0.0,0.0
2023-05-03 00:00:00-04:00,6.163915930871619,6.302257677372693,6.163915930871619,6.210029602050781,481500,0.0,0.0
2023-05-04 00:00:00-04:00,6.248458268470524,6.271515104497229,6.133172988891602,6.133172988891602,583800,0.0,0.0
2023-05-05 00:00:00-04:00,6.210030783870218,6.279202036766402,6.202344926223147,6.248459339141846,402200,0.0,0.0
2023-05-08 00:00:00-04:00,6.286887894413473,6.340687432015515,6.22540249916436,6.248459339141846,357600,0.0,0.0
2023-05-09 00:00:00-04:00,6.210030359918649,6.279201608092593,6.202344502796283,6.217716217041016,688900,0.0,0.0
2023-05-10 00:00:00-04:00,6.233086768567617,6.2638294619737795,6.171601381755291,6.1869730949401855,495000,0.0,0.0
2023-05-11 00:00:00-04:00,6.140859212017936,6.171601908045718,6.125487864004046,6.156230926513672,335800,0.0,0.0
2023-05-12 00:00:00-04:00,6.163915695706434,6.21771522101743,6.163915695706434,6.171600818634033,339700,0.0,0.0
2023-05-15 00:00:00-04:00,6.233086723848521,6.348372373017238,6.217715743737531,6.333000659942627,565700,0.0,0.0
2023-05-16 00:00:00-04:00,6.333001882910238,6.333001882910238,6.17160252927706,6.179288387298584,472900,0.0,0.0
2023-05-17 00:00:00-04:00,6.20234430771506,6.233087002273904,6.156230632358621,6.225401878356934,378400,0.0,0.0
2023-05-18 00:00:00-04:00,6.171602177134957,6.286887841988498,6.171602177134957,6.279201984405518,266100,0.0,0.0
2023-05-19 00:00:00-04:00,6.286887894413473,6.31763059203803,6.2330876238477035,6.248459339141846,382100,0.0,0.0
2023-05-22 00:00:00-04:00,6.233087962478936,6.294573361068428,6.233087962478936,6.263830661773682,262600,0.0,0.0
2023-05-23 00:00:00-04:00,6.325315663975957,6.325315663975957,6.240773429454338,6.279201984405518,436500,0.0,0.0
2023-05-24 00:00:00-04:00,6.317629389741473,6.317629389741473,6.19465862264559,6.210029602050781,330300,0.0,0.0
2023-05-25 00:00:00-04:00,6.156230926513672,6.217716318569234,6.110116515990155,6.156230926513672,326100,0.0,0.0
2023-05-26 00:00:00-04:00,6.171601171096709,6.202343863453515,6.117801642713199,6.133172988891602,495000,0.0,0.0
2023-05-30 00:00:00-04:00,6.125486373901367,6.140857718175982,6.079372341077522,6.125486373901367,573800,0.0,0.0
2023-05-31 00:00:00-04:00,6.087058738906131,6.102430084550569,6.025573356328378,6.079372882843018,336100,0.0,0.0
2023-06-01 00:00:00-04:00,6.102431639492758,6.194660103341631,6.079374431910068,6.179288387298584,362600,0.0,0.0
2023-06-02 00:00:00-04:00,6.248459287037318,6.302258824190737,6.225402447252098,6.279201984405518,479900,0.0,0.0
2023-06-05 00:00:00-04:00,6.31762991225382,6.348372606570427,6.240772809980477,6.2561445236206055,300200,0.0,0.0
2023-06-06 00:00:00-04:00,6.20234526318419,6.309945077197685,6.20234526318419,6.263830661773682,275100,0.0,0.0
2023-06-07 00:00:00-04:00,6.263829369864591,6.394485998160393,6.263829369864591,6.363743305206299,618200,0.0,0.0
2023-06-08 00:00:00-04:00,6.36374230865581,6.394484996795654,6.294571077100284,6.394484996795654,559500,0.0,0.0
2023-06-09 00:00:00-04:00,6.409858631461297,6.409858631461297,6.2715161268225375,6.279201984405518,213200,0.0,0.0
2023-06-12 00:00:00-04:00,6.202344367978148,6.27151561464854,6.202344367978148,6.233087062835693,348500,0.0,0.0
2023-06-13 00:00:00-04:00,6.279202036766402,6.31763059203803,6.240773481494775,6.248459339141846,408200,0.0,0.0
2023-06-14 00:00:00-04:00,6.340686749750364,6.340686749750364,6.233086953160414,6.2561445236206055,580500,0.0,0.0
2023-06-15 00:00:00-04:00,6.2792007896713535,6.348372028829625,6.271514933550749,6.317629337310791,461900,0.0,0.0
2023-06-16 00:00:00-04:00,6.34837232521106,6.386800874644582,6.317629632256967,6.363743305206299,576900,0.0,0.0
2023-06-20 00:00:00-04:00,6.363743116866317,6.386800685622192,6.286886753237515,6.294571876525879,323100,0.0,0.0
2023-06-21 00:00:00-04:00,6.286887168884277,6.363743537594305,6.271515455364086,6.286887168884277,524900,0.0,0.0
2023-06-22 00:00:00-04:00,6.248458150009141,6.2715149855987224,6.210029602050781,6.210029602050781,548500,0.0,0.0
2023-06-23 00:00:00-04:00,6.210029971591338,6.2415929913603225,6.194248461706845,6.22581148147583,421200,0.21,0.0
2023-06-26 00:00:00-04:00,6.233701526482461,6.320500006472875,6.2021385112606415,6.288936614990234,778900,0.0,0.0
2023-06-27 00:00:00-04:00,6.312610626220703,6.328392513996732,6.288938170817573,6.312610626220703,608800,0.0,0.0
2023-06-28 00:00:00-04:00,6.312609955463764,6.39151788091576,6.28893750257599,6.383626937866211,417000,0.0,0.0
2023-06-29 00:00:00-04:00,6.423080921173096,6.446752997875846,6.391517901395512,6.423080921173096,203700,0.0,0.0
2023-06-30 00:00:00-04:00,6.470425074578595,6.501988094356179,6.407299035023429,6.423080921173096,396300,0.0,0.0
2023-07-03 00:00:00-04:00,6.423081696450032,6.525661711239199,6.423081696450032,6.517770767211914,194600,0.0,0.0
2023-07-05 00:00:00-04:00,6.588787018488379,6.588787018488379,6.470425128936768,6.470425128936768,739600,0.0,0.0
2023-07-06 00:00:00-04:00,6.454643995176274,6.509879092120638,6.430971165752897,6.470425128936768,594500,0.0,0.0
2023-07-07 00:00:00-04:00,6.470424231124815,6.56511327811435,6.462533289078607,6.533550262451172,355300,0.0,0.0
2023-07-10 00:00:00-04:00,6.533551228885208,6.612459155975934,6.533551228885208,6.588787078857422,434000,0.0,0.0
2023-07-11 00:00:00-04:00,6.5887862393107675,6.707147362343455,6.5887862393107675,6.699256420135498,525300,0.0,0.0
2023-07-12 00:00:00-04:00,6.707149275981859,6.79394740746904,6.707149275981859,6.7544941902160645,479900,0.0,0.0
2023-07-13 00:00:00-04:00,6.762382266627398,6.809727166050349,6.746601135167513,6.770273208618164,428800,0.0,0.0
2023-07-14 00:00:00-04:00,6.770274093519504,6.770274093519504,6.651912958274334,6.667694091796875,417100,0.0,0.0
2023-07-17 00:00:00-04:00,6.6440217465060245,6.7229296684921955,6.6440217465060245,6.651912689208984,368900,0.0,0.0
2023-07-18 00:00:00-04:00,6.651913459475962,6.738711581694281,6.628240628625855,6.691366672515869,360200,0.0,0.0
2023-07-19 00:00:00-04:00,6.715039018150278,6.76238317138589,6.699257132057242,6.70714807510376,239900,0.0,0.0
2023-07-20 00:00:00-04:00,6.707148102271902,6.770274141856251,6.707148102271902,6.730820178985596,388000,0.0,0.0
2023-07-21 00:00:00-04:00,6.841292390939988,6.841292390939988,6.786057284209313,6.825510501861572,592200,0.0,0.0
2023-07-24 00:00:00-04:00,6.825509107308737,6.935980050721122,6.817618916903503,6.920198917388916,378000,0.0,0.0
2023-07-25 00:00:00-04:00,6.904419422149658,6.951764343582648,6.888637530831329,6.904419422149658,362500,0.0,0.0
2023-07-26 00:00:00-04:00,6.896525837200736,6.943870740514905,6.857071876525879,6.857071876525879,299200,0.0,0.0
2023-07-27 00:00:00-04:00,6.872854384042912,6.880745327396638,6.730820413762975,6.738711357116699,409200,0.0,0.0
2023-07-28 00:00:00-04:00,6.7544941902160645,6.778166271072227,6.7229311649005545,6.7544941902160645,384300,0.0,0.0
2023-07-31 00:00:00-04:00,6.809729160587986,6.904418234646225,6.762384247297934,6.896527290344238,301500,0.0,0.0
2023-08-01 00:00:00-04:00,6.896526770936216,6.896526770936216,6.809728647717116,6.833400726318359,321300,0.0,0.0
2023-08-02 00:00:00-04:00,6.770273394963778,6.825508485376143,6.69136547792754,6.699256420135498,460900,0.0,0.0
2023-08-03 00:00:00-04:00,6.675585315330455,6.778165321363546,6.667694371976729,6.738711357116699,404300,0.0,0.0
2023-08-04 00:00:00-04:00,6.746602972974919,6.793947132773001,6.675585980755942,6.68347692489624,381800,0.0,0.0
2023-08-07 00:00:00-04:00,6.6834760255582095,6.786056028013213,6.6834760255582095,6.730820178985596,352700,0.0,0.0
2023-08-08 00:00:00-04:00,6.707147177735329,6.786055092599697,6.6755841622939105,6.770273208618164,267300,0.0,0.0
2023-08-09 00:00:00-04:00,6.8018367261889106,6.857071819158579,6.770273708417428,6.809727668762207,319100,0.0,0.0
2023-08-10 00:00:00-04:00,6.857073064325097,6.8965270318342675,6.817619849337766,6.864964008331299,347300,0.0,0.0
2023-08-11 00:00:00-04:00,6.896526088608003,6.943870993648093,6.872854012348827,6.920198917388916,236700,0.0,0.0
2023-08-14 00:00:00-04:00,6.920198917388917,6.951761936575064,6.904417031534974,6.920198917388916,192700,0.0,0.0
2023-08-15 00:00:00-04:00,6.9201979098384205,6.9201979098384205,6.809726982510119,6.84128999710083,314500,0.0,0.0
2023-08-16 00:00:00-04:00,6.8570713129516525,6.896525270383837,6.746601135167513,6.770273208618164,271700,0.0,0.0
2023-08-17 00:00:00-04:00,6.786056075562301,6.872854192468526,6.786056075562301,6.793946266174316,215300,0.0,0.0
2023-08-18 00:00:00-04:00,6.793946760301746,6.872854692334973,6.793946760301746,6.833400726318359,510500,0.0,0.0
2023-08-21 00:00:00-04:00,6.8807458963437025,6.8965270318342675,6.79394701731916,6.864964008331299,243500,0.0,0.0
2023-08-22 00:00:00-04:00,6.904417975840469,6.928090055337236,6.849182872840735,6.864964008331299,234500,0.0,0.0
2023-08-23 00:00:00-04:00,6.84128999710083,6.849180938878915,6.79394509895395,6.84128999710083,232500,0.0,0.0
2023-08-24 00:00:00-04:00,6.80972740843234,6.86496249929042,6.75449231757426,6.762382507324219,228600,0.0,0.0
2023-08-25 00:00:00-04:00,6.801837222533317,6.880745148980952,6.801837222533317,6.84918212890625,261100,0.0,0.0
2023-08-28 00:00:00-04:00,6.864962069913457,6.9201979098384205,6.809726982510119,6.84128999710083,324400,0.0,0.0
2023-08-29 00:00:00-04:00,6.864965446375832,6.928091506605155,6.8491843075795,6.904419422149658,257000,0.0,0.0
2023-08-30 00:00:00-04:00,6.951761936575064,6.951761936575064,6.904417031534974,6.920198917388916,194200,0.0,0.0
2023-08-31 00:00:00-04:00,6.975433543008589,6.975433543008589,6.872853549432382,6.88863468170166,213700,0.0,0.0
2023-09-01 00:00:00-04:00,6.9596524432594356,6.999106407165527,6.928089422638918,6.999106407165527,328100,0.0,0.0
2023-09-05 00:00:00-04:00,7.014888975047994,7.014888975047994,6.920199903989894,6.9280900955200195,247700,0.0,0.0
2023-09-06 00:00:00-04:00,6.943871388708882,6.967543466314845,6.762383453671756,6.778165340423584,301400,0.0,0.0
2023-09-07 00:00:00-04:00,6.7466016047023585,6.833399715076626,6.7466016047023585,6.786055564880371,294300,0.0,0.0
2023-09-08 00:00:00-04:00,6.786056075562301,6.8334002293214215,6.778165132428528,6.793946266174316,254000,0.0,0.0
2023-09-11 00:00:00-04:00,6.841291382387338,6.857072516617387,6.754493262817621,6.778165340423584,246900,0.0,0.0
2023-09-12 00:00:00-04:00,6.809728165682432,6.872854205831837,6.809728165682432,6.84918212890625,301200,0.0,0.0
2023-09-13 00:00:00-04:00,6.872853704305172,6.896525779503357,6.778164650990724,6.809727668762207,249800,0.0,0.0
2023-09-14 00:00:00-04:00,6.888635124462963,6.943870972259889,6.8334000291877715,6.880744934082031,524100,0.0,0.0
2023-09-15 00:00:00-04:00,6.872854205831837,6.896526282757425,6.825509299458905,6.84918212890625,277700,0.0,0.0
2023-09-18 00:00:00-04:00,6.849183129576053,6.920200123250199,6.8412921852740665,6.896527290344238,223300,0.0,0.0
2023-09-19 00:00:00-04:00,6.943871983623958,6.951762927675928,6.888636127782017,6.9280900955200195,279000,0.0,0.0
2023-09-20 00:00:00-04:00,6.912307974461945,7.006997032020388,6.912307974461945,6.920198917388916,355600,0.0,0.0
2023-09-21 00:00:00-04:00,6.88863533960831,6.935980245981242,6.841291185757135,6.84918212890625,202300,0.0,0.0
2023-09-22 00:00:00-04:00,6.880746154262132,6.983326172622357,6.880746154262132,6.896527290344238,404400,0.0,0.0
2023-09-25 00:00:00-04:00,6.888635193835536,7.006997081002291,6.857072174428749,6.983325004577637,319100,0.0,0.0
2023-09-26 00:00:00-04:00,6.951761194921662,6.959651384485126,6.857071394943529,6.8728532791137695,347500,0.0,0.0
2023-09-27 00:00:00-04:00,6.896526088608003,6.983324955761212,6.896526088608003,6.920198917388916,429600,0.0,0.0
2023-09-28 00:00:00-04:00,6.904417010268294,6.935980029357223,6.872853991179366,6.880744934082031,252500,0.0,0.0
2023-09-29 00:00:00-04:00,6.880745167442262,6.937343293050945,6.791804374523897,6.799890041351318,454000,0.21,0.0
2023-10-02 00:00:00-04:00,6.783719530764655,6.832231989917618,6.613924381546013,6.62200927734375,564100,0.0,0.0
2023-10-03 00:00:00-04:00,6.589667381408693,6.630094944767175,6.46838546242488,6.549240589141846,539500,0.0,0.0
2023-10-04 00:00:00-04:00,6.533069010082386,6.549240343255292,6.419872376692666,6.468385219573975,355400,0.0,0.0
2023-10-05 00:00:00-04:00,6.419872438255672,6.5249834060668945,6.419872438255672,6.5249834060668945,205100,0.0,0.0
2023-10-06 00:00:00-04:00,6.541154800771084,6.60583859250671,6.46029967555574,6.55732536315918,211400,0.0,0.0
2023-10-09 00:00:00-04:00,6.630094241133189,6.710949359269218,6.613923680160915,6.702863693237305,379200,0.0,0.0
2023-10-10 00:00:00-04:00,6.775633396473575,6.824145852280016,6.719035274335533,6.783719062805176,506200,0.0,0.0
2023-10-11 00:00:00-04:00,6.759461659118567,6.872658667709081,6.759461659118567,6.864573001861572,496800,0.0,0.0
2023-10-12 00:00:00-04:00,6.856488708492956,6.872660043425027,6.775634347107677,6.807976245880127,280600,0.0,0.0
2023-10-13 00:00:00-04:00,6.848403512715356,6.9211729745449055,6.840317845602815,6.905001640319824,324600,0.0,0.0
2023-10-16 00:00:00-04:00,6.888831196518864,6.969685555769905,6.888831196518864,6.94542932510376,293600,0.0,0.0
2023-10-17 00:00:00-04:00,6.896916093940875,6.97777122429837,6.896916093940875,6.921173095703125,302700,0.0,0.0
2023-10-18 00:00:00-04:00,6.929257330629399,6.953514330076885,6.888830540400117,6.896915435791016,216600,0.0,0.0
2023-10-19 00:00:00-04:00,6.864573539909115,6.929257329576049,6.816061083204712,6.872659206390381,494400,0.0,0.0
2023-10-20 00:00:00-04:00,6.872657922370223,6.872657922370223,6.759460926055908,6.759460926055908,309900,0.0,0.0
2023-10-23 00:00:00-04:00,6.6947778980007175,6.727119790412642,6.6300941131768685,6.638179779052734,514600,0.0,0.0
2023-10-24 00:00:00-04:00,6.646265034270541,6.751376370887583,6.638179368894271,6.670521259307861,549600,0.0,0.0
2023-10-25 00:00:00-04:00,6.6300941131768685,6.686693003216391,6.597752220764944,6.638179779052734,367600,0.0,0.0
2023-10-26 00:00:00-04:00,6.541154922251822,6.60583871518874,6.500727358893339,6.549240589141846,532900,0.0,0.0
2023-10-27 00:00:00-04:00,6.5573246598962065,6.5573246598962065,6.436042756172109,6.444128036499023,846600,0.0,0.0
2023-10-30 00:00:00-04:00,6.444129892582232,6.484557848044221,6.379446089153162,6.387531757354736,940300,0.0,0.0
2023-10-31 00:00:00-04:00,6.411786141229325,6.468384645675463,6.363273302652252,6.419871807098389,1151400,0.0,0.0
2023-11-01 00:00:00-04:00,6.452214167295277,6.622008921852971,6.403701325200822,6.613924026489258,564000,0.0,0.0
2023-11-02 00:00:00-04:00,6.6300959934892445,6.848404407501221,6.6300959934892445,6.848404407501221,609100,0.0,0.0
2023-11-03 00:00:00-04:00,6.8726586025318985,6.880744268302727,6.791803487006677,6.832231044769287,519300,0.0,0.0
2023-11-06 00:00:00-05:00,6.84840217772705,6.856487072171911,6.719034613511203,6.735205173492432,325600,0.0,0.0
2023-11-07 00:00:00-05:00,6.654351717748985,6.670523052849606,6.5573260204203585,6.581583023071289,868400,0.0,0.0
2023-11-08 00:00:00-05:00,6.565411511853522,6.581582846520347,6.444129200673212,6.484557151794434,1003500,0.0,0.0
2023-11-09 00:00:00-05:00,6.508812843329628,6.5411547388914855,6.484556614431138,6.50072717666626,469900,0.0,0.0
2023-11-10 00:00:00-05:00,6.573497235090164,6.58158290249234,6.524984001768796,6.565411567687988,298400,0.0,0.0
2023-11-13 00:00:00-05:00,6.581582900780235,6.605839131888767,6.516899103763027,6.589667797088623,382200,0.0,0.0
2023-11-14 00:00:00-05:00,6.65434992855532,6.767546930548632,6.65434992855532,6.670521259307861,816200,0.0,0.0
2023-11-15 00:00:00-05:00,6.702863220507302,6.75137644218576,6.694777555045643,6.727119445800781,429200,0.0,0.0
2023-11-16 00:00:00-05:00,6.6866934846646515,6.6947783800310985,6.613924028725466,6.662436485290527,454000,0.0,0.0
2023-11-17 00:00:00-05:00,6.7028640464891405,6.783719168886367,6.630094590549955,6.662436485290527,1489400,0.0,0.0
2023-11-20 00:00:00-05:00,6.710950375881293,6.710950375881293,6.638180912753654,6.686694145202637,912800,0.0,0.0
2023-11-21 00:00:00-05:00,6.6866934846646515,6.7028640464891405,6.646265923466038,6.662436485290527,811300,0.0,0.0
2023-11-22 00:00:00-05:00,6.630093370891807,6.759460926055908,6.613922812042021,6.759460926055908,692100,0.0,0.0
2023-11-24 00:00:00-05:00,6.791805323688391,6.8241472244262695,6.767549090907917,6.8241472244262695,396400,0.0,0.0
2023-11-27 00:00:00-05:00,6.832232477186542,6.832232477186542,6.775634347107677,6.807976245880127,465800,0.0,0.0
2023-11-28 00:00:00-05:00,6.816060286673088,6.8645727377082775,6.735205173492432,6.735205173492432,818000,0.0,0.0
2023-11-29 00:00:00-05:00,6.751377521841277,6.824146209358615,6.751377521841277,6.767548084259033,700000,0.0,0.0
2023-11-30 00:00:00-05:00,6.775633583793689,6.929257392883301,6.775633583793689,6.929257392883301,939500,0.0,0.0
2023-12-01 00:00:00-05:00,6.929257163294321,6.993940951409035,6.896915269236963,6.985856056213379,1108100,0.0,0.0
2023-12-04 00:00:00-05:00,6.985856891552453,6.993941787714867,6.8645741960162105,6.921173095703125,888500,0.0,0.0
2023-12-05 00:00:00-05:00,6.945428112142331,6.953513777982841,6.79180354553877,6.816060543060303,776400,0.0,0.0
2023-12-06 00:00:00-05:00,6.807976068391089,6.840317966320362,6.7109503746032715,6.7109503746032715,746100,0.0,0.0
2023-12-07 00:00:00-05:00,6.759462000877637,6.783718999646599,6.69477821301022,6.751377105712891,618100,0.0,0.0
2023-12-08 00:00:00-05:00,6.767548675879524,6.872660039604478,6.743292444586593,6.8564887046813965,669400,0.0,0.0
2023-12-11 00:00:00-05:00,6.913086577139638,6.913086577139638,6.767547668855148,6.775633335113525,620700,0.0,0.0
2023-12-12 00:00:00-05:00,6.759461399010026,6.767547064546393,6.662435725848141,6.735205173492432,625500,0.0,0.0
2023-12-13 00:00:00-05:00,6.743291034564766,6.840316710540115,6.702863476802155,6.832231044769287,536900,0.0,0.0
2023-12-14 00:00:00-05:00,6.953514330076885,6.985856224915269,6.888830540400117,6.896915435791016,726400,0.0,0.0
2023-12-15 00:00:00-05:00,6.945428599323067,6.945428599323067,6.824145916482751,6.840317249298096,446900,0.0,0.0
2023-12-18 00:00:00-05:00,6.945428725993578,6.961599288012251,6.864573602625401,6.929257392883301,747600,0.0,0.0
2023-12-19 00:00:00-05:00,6.94542932510376,6.9777712230225095,6.896916092679799,6.94542932510376,502500,0.0,0.0
2023-12-20 00:00:00-05:00,6.969685435036834,6.993941665282798,6.905001640319824,6.905001640319824,805600,0.0,0.0
2023-12-21 00:00:00-05:00,6.94542843474898,6.9858559947378085,6.92925710231682,6.9777703285217285,726100,0.0,0.0
2023-12-22 00:00:00-05:00,7.010113178916154,7.0343694097829035,6.961599946090981,7.00202751159668,582000,0.0,0.0
2023-12-26 00:00:00-05:00,7.042455252411654,7.123310385435794,7.034369584890901,7.099053382873535,1060700,0.0,0.0
2023-12-27 00:00:00-05:00,7.115223883808931,7.1313944458630925,7.074796322036118,7.090967655181885,765200,0.0,0.0
2023-12-28 00:00:00-05:00,7.099054395565315,7.139481967844445,7.074798160634559,7.107140064239502,572300,0.0,0.0
2023-12-29 00:00:00-05:00,7.131395281864852,7.1394809493856055,7.099053382873535,7.099053382873535,775700,0.0,0.0
2024-01-02 00:00:00-05:00,7.231746290376023,7.240038976061119,7.090760351906405,7.132226943969727,871000,0.22,0.0
2024-01-03 00:00:00-05:00,7.165401014234009,7.30638697149012,7.1156409389455595,7.281506538391113,939100,0.0,0.0
2024-01-04 00:00:00-05:00,7.281506538391113,7.339560091379231,7.256626896201672,7.281506538391113,667400,0.0,0.0
2024-01-05 00:00:00-05:00,7.264920373901341,7.2898000160907825,7.206866820913223,7.281506538391113,765800,0.0,0.0
2024-01-08 00:00:00-05:00,7.256625004947797,7.298091591729371,7.190278782461023,7.27321195602417,690500,0.0,0.0
2024-01-09 00:00:00-05:00,7.256627559661865,7.256627559661865,7.165401669353586,7.256627559661865,538600,0.0,0.0
2024-01-10 00:00:00-05:00,7.331265115297851,7.372731704411589,7.264918889079633,7.347851276397705,1151400,0.0,0.0
2024-01-11 00:00:00-05:00,7.381024332288745,7.422490921081032,7.215158768028995,7.231745719909668,1245300,0.0,0.0
2024-01-12 00:00:00-05:00,7.3063847847360766,7.339557894696688,7.181985029201786,7.223451614379883,855800,0.0,0.0
2024-01-16 00:00:00-05:00,7.223452049031662,7.2400382095553315,7.057586489248089,7.082466125488281,803200,0.0,0.0
2024-01-17 00:00:00-05:00,7.0244140625,7.074173339834239,6.966360517730784,7.0244140625,687500,0.0,0.0
2024-01-18 00:00:00-05:00,7.082466816359763,7.107346455026883,6.949774355589189,7.0244140625,958800,0.0,0.0
2024-01-19 00:00:00-05:00,7.049293795635028,7.049293795635028,6.9248948097229,6.9248948097229,806100,0.0,0.0
2024-01-22 00:00:00-05:00,6.92489404142123,7.107345761728473,6.92489404142123,7.082466125488281,630600,0.0,0.0
2024-01-23 00:00:00-05:00,7.065879964964612,7.0907596012048035,7.024413377291374,7.082466125488281,487500,0.0,0.0
2024-01-24 00:00:00-05:00,7.1322268716404045,7.215159264016554,7.0824668034871525,7.2068657875061035,587400,0.0,0.0
2024-01-25 00:00:00-05:00,7.27321195602417,7.281504640652998,7.19857225799921,7.27321195602417,388300,0.0,0.0
2024-01-26 00:00:00-05:00,7.2815037176765856,7.455662727355957,7.2483306106380985,7.455662727355957,737300,0.0,0.0
2024-01-29 00:00:00-05:00,7.455664554946204,7.455664554946204,7.256625863925377,7.372732162475586,664900,0.0,0.0
2024-01-30 00:00:00-05:00,7.364437903892349,7.381024064261332,7.2980916805976825,7.356144428253174,353300,0.0,0.0
2024-01-31 00:00:00-05:00,7.314679613310739,7.372733165941953,7.140520537236219,7.173693656921387,671900,0.0,0.0
2024-02-01 00:00:00-05:00,7.215159654330069,7.372732552914934,7.215159654330069,7.298092842102051,545800,0.0,0.0
2024-02-02 00:00:00-05:00,7.223451614379883,7.273211674775465,7.181985029201786,7.223451614379883,420400,0.0,0.0
2024-02-05 00:00:00-05:00,7.206866776606554,7.215160254255236,7.090761253163247,7.173693656921387,495400,0.0,0.0
2024-02-06 00:00:00-05:00,7.215157807653658,7.240037441253662,7.165398540453651,7.240037441253662,404300,0.0,0.0
2024-02-07 00:00:00-05:00,7.281506043499111,7.281506043499111,7.115640455326713,7.140520095825195,455300,0.0,0.0
2024-02-08 00:00:00-05:00,7.1156391551195535,7.190278853885951,7.0990529947877805,7.181985378265381,409900,0.0,0.0
2024-02-09 00:00:00-05:00,7.165400572233479,7.1985736900762936,7.090760859359769,7.099054336547852,397400,0.0,0.0
2024-02-12 00:00:00-05:00,7.140518444023688,7.240037773905525,7.09905264975492,7.223451614379883,390200,0.0,0.0
2024-02-13 00:00:00-05:00,7.206866331094154,7.206866331094154,7.090760814828231,7.140520095825195,350300,0.0,0.0
2024-02-14 00:00:00-05:00,7.173692055363753,7.215158643440008,7.140518943084625,7.190279006958008,360200,0.0,0.0
2024-02-15 00:00:00-05:00,7.198571761612073,7.331264197435637,7.198571761612073,7.306384563446045,425800,0.0,0.0
2024-02-16 00:00:00-05:00,7.331264765071887,7.389317512512207,7.256625066414694,7.389317512512207,530900,0.0,0.0
2024-02-20 00:00:00-05:00,7.389319210492428,7.455665448786784,7.372733046373613,7.439079284667969,607300,0.0,0.0
2024-02-21 00:00:00-05:00,7.4639580186478405,7.563477363987344,7.4390783800403275,7.5551838874816895,625700,0.0,0.0
2024-02-22 00:00:00-05:00,7.5634781102529285,7.613238183287082,7.480545709742044,7.604944705963135,547200,0.0,0.0
2024-02-23 00:00:00-05:00,7.480544679804465,7.596650182715952,7.480544679804465,7.530303955078125,341400,0.0,0.0
2024-02-26 00:00:00-05:00,7.488837546745177,7.588356890616108,7.480544861271346,7.505424499511719,311600,0.0,0.0
2024-02-27 00:00:00-05:00,7.480545411305844,7.596650925570961,7.472251934312765,7.588357448577881,388300,0.0,0.0
2024-02-28 00:00:00-05:00,7.588357002594858,7.613237432111822,7.546891201885486,7.5551838874816895,279100,0.0,0.0
2024-02-29 00:00:00-05:00,7.571771587576875,7.65470398808776,7.571771587576875,7.604944705963135,258100,0.0,0.0
2024-03-01 00:00:00-05:00,7.638116654861319,7.737635994782482,7.638116654861319,7.662996292114258,601300,0.0,0.0
2024-03-04 00:00:00-05:00,7.6629961779085765,7.712756242582262,7.613236904144287,7.613236904144287,597900,0.0,0.0
2024-03-05 00:00:00-05:00,7.629824673915184,7.72105134656803,7.571771911979418,7.596651554107666,617300,0.0,0.0
2024-03-06 00:00:00-05:00,7.704465135334309,7.795691025888516,7.662998533842528,7.787398338317871,625200,0.0,0.0
2024-03-07 00:00:00-05:00,7.795689045338353,7.870328750878883,7.754223245290892,7.862035274505615,396200,0.0,0.0
2024-03-08 00:00:00-05:00,7.8454511058605805,7.862037271911509,7.770811381357303,7.787398338317871,390200,0.0,0.0
2024-03-11 00:00:00-04:00,7.78739542461386,7.8786212810353256,7.78739542461386,7.853741645812988,387200,0.0,0.0
2024-03-12 00:00:00-04:00,7.911794759638188,8.003020620302866,7.845448535353081,7.986434459686279,520800,0.0,0.0
2024-03-13 00:00:00-04:00,8.011316449960423,8.052783050049728,7.862037006002778,7.878623962402344,515300,0.0,0.0
2024-03-14 00:00:00-04:00,7.911797008020658,7.961557085830048,7.78739799986159,7.80398416519165,304200,0.0,0.0
2024-03-15 00:00:00-04:00,7.828862140189229,7.903501845541629,7.770809387541556,7.886915683746338,328100,0.0,0.0
2024-03-18 00:00:00-04:00,7.886914500692869,8.003019988572152,7.886914500692869,7.978140354156494,313600,0.0,0.0
2024-03-19 00:00:00-04:00,7.903502259291865,7.986435445338201,7.903502259291865,7.9532623291015625,365100,0.0,0.0
2024-03-20 00:00:00-04:00,7.961554439000967,8.077659930440781,7.944967488275655,8.069366455078125,287800,0.0,0.0
2024-03-21 00:00:00-04:00,8.085952758789062,8.127419341374965,8.04448617620316,8.085952758789062,308400,0.0,0.0
2024-03-22 00:00:00-04:00,8.069366455078125,8.127419991707374,8.044486819899499,8.069366455078125,471600,0.0,0.0
2024-03-25 00:00:00-04:00,8.102540160470621,8.193766014524407,8.102540160470621,8.119126319885254,534100,0.0,0.0
2024-03-26 00:00:00-04:00,8.168884920994358,8.193764551127495,8.127418343499675,8.152297973632812,450700,0.0,0.0
2024-03-27 00:00:00-04:00,8.193765913323197,8.276698291190709,8.168886279053876,8.251818656921387,347600,0.0,0.0
2024-03-28 00:00:00-04:00,8.276698097133233,8.35133778910049,8.24352498858215,8.301578521728516,460500,0.0,0.0
2024-04-01 00:00:00-04:00,8.376221950657145,8.376221950657145,8.25182214490898,8.260115623474121,600700,0.0,0.0
2024-04-02 00:00:00-04:00,8.276700323030672,8.301580754317182,8.21035408808566,8.29328727722168,458300,0.0,0.0
2024-04-03 00:00:00-04:00,8.401098956898949,8.417685117910345,8.293286142141977,8.31816577911377,444300,0.0,0.0
2024-04-04 00:00:00-04:00,8.377522309742707,8.386001777312515,8.157061004806877,8.23337459564209,749100,0.22,0.0
2024-04-05 00:00:00-04:00,8.241856575012207,8.326648850612113,8.15706349076552,8.241856575012207,625400,0.0,0.0
2024-04-08 00:00:00-04:00,8.2672912888213,8.318167283326199,8.165540108458002,8.199457168579102,506400,0.0,0.0
2024-04-09 00:00:00-04:00,8.20793312644371,8.233370708496992,8.11466064450475,8.148577690124512,296900,0.0,0.0
2024-04-10 00:00:00-04:00,8.131623617565753,8.148581744490153,8.063789492575038,8.123144149780273,327600,0.0,0.0
2024-04-11 00:00:00-04:00,8.14858067548404,8.14858067548404,7.995954318601147,8.106184959411621,409700,0.0,0.0
2024-04-12 00:00:00-04:00,8.216415164052336,8.284250091865571,8.114663985302215,8.14010238647461,841500,0.0,0.0
2024-04-15 00:00:00-04:00,8.165538185640111,8.241851755103918,7.919639355504682,7.945076942443848,773800,0.0,0.0
2024-04-16 00:00:00-04:00,7.970515380243644,8.012911902098999,7.877243679078981,7.978994846343994,574800,0.0,0.0
2024-04-17 00:00:00-04:00,7.9620388849329915,8.097707144794606,7.9620388849329915,8.089227676391602,359300,0.0,0.0
2024-04-18 00:00:00-04:00,8.063787548835954,8.114662725992483,8.004432097291522,8.038349151611328,546100,0.0,0.0
2024-04-19 00:00:00-04:00,8.055309227920006,8.241853457513903,8.038350294026708,8.224894523620605,512900,0.0,0.0
2024-04-22 00:00:00-04:00,8.224891696493916,8.27576767203983,8.174016529594201,8.267288208007812,379200,0.0,0.0
2024-04-23 00:00:00-04:00,8.224891696493916,8.301205255489688,8.224891696493916,8.267288208007812,445500,0.0,0.0
2024-04-24 00:00:00-04:00,8.29272579145767,8.29272579145767,8.224891696493916,8.267288208007812,268200,0.0,0.0
2024-04-25 00:00:00-04:00,8.258810441130182,8.36056160448529,8.190976332226775,8.335124015808105,456500,0.0,0.0
2024-04-26 00:00:00-04:00,8.343603341467876,8.369040929717887,8.267289768071493,8.275769233703613,361900,0.0,0.0
2024-04-29 00:00:00-04:00,8.250332722135173,8.301208718907494,8.216415660502472,8.23337459564209,641400,0.0,0.0
2024-04-30 00:00:00-04:00,8.250332317638057,8.250332317638057,8.106185419251206,8.114664077758789,320700,0.0,0.0
2024-05-01 00:00:00-04:00,8.063788156393649,8.17401879339982,7.970515643501891,8.046829223632812,605300,0.0,0.0
2024-05-02 00:00:00-04:00,8.055307789182091,8.165538413861091,8.046828323749939,8.131621360778809,324900,0.0,0.0
2024-05-03 00:00:00-04:00,8.207935519960259,8.207935519960259,8.080745955311784,8.097704887390137,612200,0.0,0.0
2024-05-06 00:00:00-04:00,8.097706555070395,8.190978274770988,8.097706555070395,8.123144149780273,450000,0.0,0.0
2024-05-07 00:00:00-04:00,8.2588109069667,8.309686895837086,8.216414384349113,8.284249305725098,352100,0.0,0.0
2024-05-08 00:00:00-04:00,8.267289675875492,8.385999767462284,8.267289675875492,8.36056137084961,701100,0.0,0.0
2024-05-09 00:00:00-04:00,8.352082997319227,8.462312818461884,8.352082997319227,8.419917106628418,479200,0.0,0.0
2024-05-10 00:00:00-04:00,8.419917056260545,8.453834110712249,8.292727495581886,8.335124015808105,300800,0.0,0.0
2024-05-13 00:00:00-04:00,8.39447828213908,8.402957747532984,8.275769001209733,8.301206588745117,439200,0.0,0.0
2024-05-14 00:00:00-04:00,8.326644550033588,8.36056160448529,8.267289906904699,8.335124015808105,377000,0.0,0.0
2024-05-15 00:00:00-04:00,8.411438201661829,8.411438201661829,8.309687030913471,8.34360408782959,267700,0.0,0.0
2024-05-16 00:00:00-04:00,8.411437355428617,8.428395477857393,8.352082713958392,8.36056137084961,258000,0.0,0.0
2024-05-17 00:00:00-04:00,8.402959238051567,8.479272822840567,8.352084053956547,8.43687629699707,298400,0.0,0.0
2024-05-20 00:00:00-04:00,8.453836549938694,8.538628806210292,8.411440017479597,8.470794677734375,379400,0.0,0.0
2024-05-21 00:00:00-04:00,8.470789300179385,8.521665268561767,8.445351720311237,8.462309837341309,291700,0.0,0.0
2024-05-22 00:00:00-04:00,8.428396325796678,8.428396325796678,8.326645155048318,8.34360408782959,194200,0.0,0.0
2024-05-23 00:00:00-04:00,8.360562076061063,8.377521008566662,8.267290373219499,8.284249305725098,449400,0.0,0.0
2024-05-24 00:00:00-04:00,8.326644524746651,8.343603456244182,8.258810416049247,8.29272747039795,230700,0.0,0.0
2024-05-28 00:00:00-04:00,8.3520832958459,8.394479009194708,8.241852662116926,8.326644897460938,458900,0.0,0.0
2024-05-29 00:00:00-04:00,8.2418536958921,8.2927288817505,8.140102515528802,8.199457168579102,451300,0.0,0.0
2024-05-30 00:00:00-04:00,8.199457407207106,8.284250464300827,8.12314381755206,8.174019813537598,447100,0.0,0.0
2024-05-31 00:00:00-04:00,8.182498861101637,8.39448070526123,8.182498861101637,8.39448070526123,393800,0.0,0.0
2024-06-03 00:00:00-04:00,8.352081231035601,8.37751881448546,8.174016529594201,8.267288208007812,445000,0.0,0.0
2024-06-04 00:00:00-04:00,8.250330744800374,8.36056137084961,8.140100927397482,8.36056137084961,507900,0.0,0.0
2024-06-05 00:00:00-04:00,8.386000555367886,8.53014824846439,8.29272804298402,8.513189315795898,487200,0.0,0.0
2024-06-06 00:00:00-04:00,8.513188528968836,8.631898620737301,8.5047090634183,8.61493968963623,508600,0.0,0.0
2024-06-07 00:00:00-04:00,8.597981567181503,8.742129246955232,8.564064513625704,8.61493968963623,516800,0.0,0.0
2024-06-10 00:00:00-04:00,8.6403784917748,8.776047533708352,8.606461433453028,8.6318998336792,432500,0.0,0.0
2024-06-11 00:00:00-04:00,8.6318996793102,8.657337270435002,8.504710106393308,8.53014850616455,400700,0.0,0.0
2024-06-12 00:00:00-04:00,8.640377277641495,8.674294331197293,8.564064513625704,8.61493968963623,382600,0.0,0.0
2024-06-13 00:00:00-04:00,8.657338718380537,8.657338718380537,8.521670464829068,8.581025123596191,327100,0.0,0.0
2024-06-14 00:00:00-04:00,8.52166919197182,8.674295550096575,8.52166919197182,8.6318998336792,458100,0.0,0.0
2024-06-17 00:00:00-04:00,8.6318998336792,8.682775016838631,8.589503308615368,8.6318998336792,402800,0.0,0.0
2024-06-18 00:00:00-04:00,8.73364945799322,8.77604597552959,8.648856422920481,8.665815353393555,423800,0.0,0.0
2024-06-20 00:00:00-04:00,8.691253222908399,8.852359024406702,8.648856703994213,8.784524917602539,843600,0.0,0.0
2024-06-21 00:00:00-04:00,8.784527319462317,8.869320380474754,8.691255599265883,8.77604866027832,575200,0.0,0.0
2024-06-24 00:00:00-04:00,8.852360725402832,9.089780953484443,8.776047947069273,8.852360725402832,867200,0.0,0.0
2024-06-25 00:00:00-04:00,8.860839538538835,9.030424825618507,8.860839538538835,8.95411205291748,667400,0.0,0.0
2024-06-26 00:00:00-04:00,8.97955023173118,8.97955023173118,8.894757178316516,8.920195579528809,390600,0.0,0.0
2024-06-27 00:00:00-04:00,8.945632586401889,9.013466701233757,8.945632586401889,8.95411205291748,421000,0.0,0.0
2024-06-28 00:00:00-04:00,9.101328222473745,9.144626808311425,8.89349600147508,8.945453643798828,512100,0.22,0.0
2024-07-01 00:00:00-04:00,8.945451884298333,9.023389158306138,8.798237216917295,8.867514610290527,631300,0.0,0.0
2024-07-02 00:00:00-04:00,8.858855445081101,8.980091306200883,8.858855445081101,8.962772369384766,403500,0.0,0.0
2024-07-03 00:00:00-04:00,9.032051387272263,9.084009032885328,8.962773975886916,8.99741268157959,183900,0.0,0.0
2024-07-05 00:00:00-04:00,9.032048017529851,9.075345764102938,8.988749445105185,9.04936695098877,319900,0.0,0.0
2024-07-08 00:00:00-04:00,9.187922169154222,9.612247208541866,9.040707511257786,9.1792631149292,1066600,0.0,0.0
2024-07-09 00:00:00-04:00,9.179264008616423,9.179264008616423,9.058028153294847,9.118645668029785,437000,0.0,0.0
2024-07-10 00:00:00-04:00,9.135963002092621,9.231219189341676,9.049365867610586,9.127303123474121,486400,0.0,0.0
2024-07-11 00:00:00-04:00,9.144627356829089,9.239883590704226,9.109988651251596,9.161946296691895,278800,0.0,0.0
2024-07-12 00:00:00-04:00,9.205241720395243,9.23988041406407,9.170603026726416,9.196581840515137,293100,0.0,0.0
2024-07-15 00:00:00-04:00,9.196580941473089,9.239879510789226,9.109984628692331,9.135963439941406,557800,0.0,0.0
2024-07-16 00:00:00-04:00,9.09266691921713,9.17926407735988,9.023389523043612,9.058028221130371,597900,0.0,0.0
2024-07-17 00:00:00-04:00,9.04936695098877,9.118644336527604,8.971429685794687,9.04936695098877,490000,0.0,0.0
2024-07-18 00:00:00-04:00,9.109986906780787,9.109986906780787,8.997410928748128,9.084007263183594,423500,0.0,0.0
2024-07-19 00:00:00-04:00,9.109985282723933,9.15328302929702,9.032048017529851,9.04936695098877,1502200,0.0,0.0
2024-07-22 00:00:00-04:00,9.092664763302754,9.265858212671551,9.07534500544012,9.257198333740234,400500,0.0,0.0
2024-07-23 00:00:00-04:00,9.23988152335136,9.27452022117871,9.10132673204196,9.118645668029785,354800,0.0,0.0
2024-07-24 00:00:00-04:00,9.092667512478387,9.144625975924466,8.962772592640828,8.988751411437988,337700,0.0,0.0
2024-07-25 00:00:00-04:00,8.962771144397628,9.066687228646819,8.962771144397628,9.0407075881958,238000,0.0,0.0
2024-07-26 00:00:00-04:00,9.0407075881958,9.109985803546888,8.997409839147357,9.0407075881958,290700,0.0,0.0
2024-07-29 00:00:00-04:00,9.109988378101272,9.109988378101272,8.988752499289191,9.032051086425781,292500,0.0,0.0
2024-07-30 00:00:00-04:00,9.023390335255318,9.084007855900513,8.98009175228656,9.014730453491211,285500,0.0,0.0
2024-07-31 00:00:00-04:00,9.213902478296188,9.213902478296188,9.040708167596243,9.092666625976562,313000,0.0,0.0
2024-08-01 00:00:00-04:00,9.10998609679549,9.10998609679549,8.919472856613579,9.00606918334961,396400,0.0,0.0
2024-08-02 00:00:00-04:00,8.91947262943131,8.936791563996735,8.728959394101842,8.858854293823242,436000,0.0,0.0
2024-08-05 00:00:00-04:00,8.651021789628892,8.668341549376665,8.41721081399515,8.564425468444824,876600,0.0,0.0
2024-08-06 00:00:00-04:00,8.573086981361497,8.815558732265389,8.538448277782633,8.780920028686523,513100,0.0,0.0
2024-08-07 00:00:00-04:00,8.876174054240298,8.980090139187746,8.815556544483863,8.858854293823242,403000,0.0,0.0
2024-08-08 00:00:00-04:00,8.945453643798828,9.023390933136287,8.815558712137621,8.945453643798828,471600,0.0,0.0
2024-08-09 00:00:00-04:00,8.96277106018984,9.00606880883149,8.876173911203308,8.93679141998291,309400,0.0,0.0
2024-08-12 00:00:00-04:00,8.988749874545153,9.014728688900467,8.893493671341261,8.93679141998291,261500,0.0,0.0
2024-08-13 00:00:00-04:00,8.91081428527832,8.93679310453053,8.832877001669916,8.91081428527832,325500,0.0,0.0
2024-08-14 00:00:00-04:00,8.884832560020307,8.988748628892584,8.87617268115141,8.971428871154785,413200,0.0,0.0
2024-08-15 00:00:00-04:00,9.049370025769303,9.075348847710513,8.971432734093812,9.032051086425781,309200,0.0,0.0
2024-08-16 00:00:00-04:00,8.919473428783336,9.09266691921713,8.893494611681193,9.058028221130371,355500,0.0,0.0
2024-08-19 00:00:00-04:00,9.058027924242419,9.222561528298806,9.023389227290984,9.213902473449707,316900,0.0,0.0
2024-08-20 00:00:00-04:00,9.25720112753311,9.25720112753311,9.066688688657159,9.153285026550293,472600,0.0,0.0
2024-08-21 00:00:00-04:00,9.17060352528406,9.213902101186909,9.08400637347836,9.144624710083008,347200,0.0,0.0
2024-08-22 00:00:00-04:00,9.170604947318198,9.170604947318198,9.040709199467447,9.075347900390625,366800,0.0,0.0
2024-08-23 00:00:00-04:00,9.135964991048724,9.231221199035645,9.084006533877528,9.231221199035645,328300,0.0,0.0
2024-08-26 00:00:00-04:00,9.34379975935013,9.34379975935013,9.222563876229383,9.265862464904785,395800,0.0,0.0
2024-08-27 00:00:00-04:00,9.196582712048151,9.257200225250239,9.179263776498274,9.213902473449707,303800,0.0,0.0
2024-08-28 00:00:00-04:00,9.222562130610118,9.23122201187646,9.144625676768243,9.187923431396484,318100,0.0,0.0
2024-08-29 00:00:00-04:00,9.18792204678587,9.309157888689333,9.16194323275356,9.300498008728027,283700,0.0,0.0
2024-08-30 00:00:00-04:00,9.26585931473441,9.309157888689333,9.248540380663405,9.300498008728027,305600,0.0,0.0
2024-09-03 00:00:00-04:00,9.239879401729109,9.291837023613994,9.127303453176513,9.257198333740234,313400,0.0,0.0
2024-09-04 00:00:00-04:00,9.257202581999326,9.309161053580187,9.17926611340587,9.265862464904785,293600,0.0,0.0
2024-09-05 00:00:00-04:00,9.31781849380827,9.404414822605853,9.30049873253775,9.395755767822266,512300,0.0,0.0
2024-09-06 00:00:00-04:00,9.447711540971667,9.447711540971667,9.239879401729109,9.257198333740234,473100,0.0,0.0
2024-09-09 00:00:00-04:00,9.283179800987991,9.335137433117861,9.265860039710253,9.274519920349121,251000,0.0,0.0
2024-09-10 00:00:00-04:00,9.343795471350388,9.343795471350388,9.196580832924033,9.257198333740234,342800,0.0,0.0
2024-09-11 00:00:00-04:00,9.326477648611945,9.326477648611945,9.170603112714865,9.300498008728027,326700,0.0,0.0
2024-09-12 00:00:00-04:00,9.309156519364196,9.41307258605957,9.274517830465737,9.41307258605957,273200,0.0,0.0
2024-09-13 00:00:00-04:00,9.45637439134355,9.482353210449219,9.395756871479735,9.482353210449219,248900,0.0,0.0
2024-09-16 00:00:00-04:00,9.499673249548616,9.594929472936055,9.499673249548616,9.568950653076172,269100,0.0,0.0
2024-09-17 00:00:00-04:00,9.612246021458823,9.681523401813175,9.577607331281646,9.664203643798828,294300,0.0,0.0
2024-09-18 00:00:00-04:00,9.68152426866114,9.698843202374642,9.551628549477707,9.560288429260254,365600,0.0,0.0
2024-09-19 00:00:00-04:00,9.664205769269756,9.69018458615334,9.491012280293035,9.525650978088379,490100,0.0,0.0
2024-09-20 00:00:00-04:00,9.577608563601727,9.690183701773591,9.49101141409085,9.629566192626953,607300,0.0,0.0
2024-09-23 00:00:00-04:00,9.655546027407018,9.863379043023777,9.655546027407018,9.854719161987305,625900,0.0,0.0
2024-09-24 00:00:00-04:00,9.95863688207625,9.984615703573585,9.846060887785342,9.889359474182129,725900,0.0,0.0
2024-09-25 00:00:00-04:00,9.915334909084452,9.975953239676427,9.863377283835975,9.898015975952148,652500,0.0,0.0
2024-09-26 00:00:00-04:00,9.880697380322427,9.923995957028511,9.750802476055835,9.759462356567383,668600,0.0,0.0
2024-09-27 00:00:00-04:00,9.776781228389272,9.837398739874017,9.638226444508907,9.698843955993652,317800,0.0,0.0
2024-09-30 00:00:00-04:00,9.822734927584614,9.831583596634697,9.716542459623518,9.734241485595703,312300,0.24,0.0
2024-10-01 00:00:00-04:00,9.79618409872417,9.920074719761452,9.716540188338477,9.893527030944824,565400,0.0,0.0
2024-10-02 00:00:00-04:00,9.955474907918193,10.017419815063477,9.813886066479792,10.017419815063477,375200,0.0,0.0
2024-10-03 00:00:00-04:00,10.114762411603959,10.176707316514516,9.955474548764201,10.132460594177246,511400,0.0,0.0
2024-10-04 00:00:00-04:00,10.238652553125496,10.380241394042969,10.150159949520106,10.380241394042969,531500,0.0,0.0
2024-10-07 00:00:00-04:00,10.451037246035488,10.539529854616276,10.362543793518594,10.389091491699219,905000,0.0,0.0
2024-10-08 00:00:00-04:00,10.397940092271496,10.415639118794447,10.176707324350826,10.238652229309082,486600,0.0,0.0
2024-10-09 00:00:00-04:00,10.229802196498788,10.335993809674576,10.229802196498788,10.291747093200684,508900,0.0,0.0
2024-10-10 00:00:00-04:00,10.362544486033208,10.38909218598798,10.274051027602416,10.3094482421875,218800,0.0,0.0
2024-10-11 00:00:00-04:00,10.406791532151919,10.406791532151919,10.31829807102636,10.34484577178955,443800,0.0,0.0
2024-10-14 00:00:00-04:00,10.344844035661332,10.512981414794922,10.318296339353521,10.512981414794922,346200,0.0,0.0
2024-10-15 00:00:00-04:00,10.468735430177203,10.468735430177203,10.34484476544077,10.389091491699219,312800,0.0,0.0
2024-10-16 00:00:00-04:00,10.397942584770515,10.459887504577637,10.371394882558354,10.459887504577637,251100,0.0,0.0
2024-10-17 00:00:00-04:00,10.512980758014242,10.512980758014242,10.3094461818737,10.335994720458984,417000,0.0,0.0
2024-10-18 00:00:00-04:00,10.415639612159243,10.442187309265137,10.335995676905487,10.442187309265137,265900,0.0,0.0
2024-10-21 00:00:00-04:00,10.433336150605545,10.468733355811171,10.371391252479684,10.415637969970703,623200,0.0,0.0
2024-10-22 00:00:00-04:00,10.380239378440544,10.415637425732493,10.327143995374419,10.362541198730469,286800,0.0,0.0
2024-10-23 00:00:00-04:00,10.309448510888398,10.406791486486608,10.159010133996793,10.2829008102417,320900,0.0,0.0
2024-10-24 00:00:00-04:00,10.247501597956845,10.371392250061035,10.247501597956845,10.371392250061035,239600,0.0,0.0
2024-10-25 00:00:00-04:00,10.44218714489641,10.477584355125778,10.291748790437579,10.380241394042969,196800,0.0,0.0
2024-10-28 00:00:00-04:00,10.28289848722441,10.353692902246513,10.274048974362648,10.335994720458984,155400,0.0,0.0
2024-10-29 00:00:00-04:00,10.344843799114127,10.344843799114127,10.141310058848196,10.17670726776123,308100,0.0,0.0
2024-10-30 00:00:00-04:00,10.159008875426657,10.300598563852352,10.114762994475715,10.141310691833496,279100,0.0,0.0
2024-10-31 00:00:00-04:00,10.194404752051394,10.220952443736223,10.114760833061009,10.167856216430664,229400,0.0,0.0
2024-11-01 00:00:00-04:00,10.176707324350826,10.274049438418947,10.141310115240959,10.238652229309082,490400,0.0,0.0
2024-11-04 00:00:00-05:00,10.256350623740627,10.309446012165177,10.203254391380092,10.274048805236816,302900,0.0,0.0
2024-11-05 00:00:00-05:00,10.309443983674974,10.5837729163447,10.247499094722638,10.557225227355957,436400,0.0,0.0
2024-11-06 00:00:00-05:00,10.619172396318277,10.94659677726577,10.610322883443372,10.911199569702148,730300,0.0,0.0
2024-11-07 00:00:00-05:00,10.99084399560511,11.141282345549568,10.92889909054658,11.114734649658203,372800,0.0,0.0
2024-11-08 00:00:00-05:00,11.212077356971559,11.353666201129874,11.017392274285836,11.335968017578125,569100,0.0,0.0
2024-11-11 00:00:00-05:00,11.486407133450646,11.54835289436099,11.33596959850432,11.406764030456543,591500,0.0,0.0
2024-11-12 00:00:00-05:00,11.459856014449104,11.486403707529053,11.318267192774778,11.35366439819336,535400,0.0,0.0
2024-11-13 00:00:00-05:00,11.451007836516181,11.48640504605966,11.256323605995066,11.344816207885742,415000,0.0,0.0
2024-11-14 00:00:00-05:00,11.344815818509321,11.389062539904046,11.123583055471707,11.141282081604004,525200,0.0,0.0
2024-11-15 00:00:00-05:00,11.176906777626073,11.337212430310467,11.114564888323226,11.292683601379395,396000,0.08,0.0
2024-11-18 00:00:00-05:00,11.399553930061892,11.497518539428711,11.35502425331954,11.497518539428711,393100,0.0,0.0
2024-11-19 00:00:00-05:00,11.55985908138317,11.622200965881348,11.515330255883919,11.622200965881348,359600,0.0,0.0
2024-11-20 00:00:00-05:00,11.720165252685547,11.800318495339607,11.640012010031489,11.720165252685547,492800,0.0,0.0
2024-11-21 00:00:00-05:00,11.68454184730335,11.987342612978313,11.640012173057109,11.90718936920166,588200,0.0,0.0
2024-11-22 00:00:00-05:00,11.907190236040943,12.076402840628697,11.862660558552959,12.049684524536133,462300,0.0,0.0
2024-11-25 00:00:00-05:00,12.049683930135263,12.049683930135263,11.80031893756965,11.880472183227539,381500,0.0,0.0
2024-11-26 00:00:00-05:00,11.809225496403567,11.907190106343705,11.764695819400613,11.82703685760498,335000,0.0,0.0
2024-11-27 00:00:00-05:00,11.809225218879154,12.031872749328613,11.77360164798056,12.031872749328613,401900,0.0,0.0
2024-11-29 00:00:00-05:00,12.138742688635986,12.19217761691295,12.005153669277833,12.183272361755371,382500,0.0,0.0
2024-12-02 00:00:00-05:00,12.112027192275397,12.192179597712785,11.987344257151108,12.076403617858887,491400,0.0,0.0
2024-12-03 00:00:00-05:00,12.022964520108308,12.049681981228705,11.800317028995192,11.916093826293945,488200,0.0,0.0
2024-12-04 00:00:00-05:00,11.933908975736816,11.96953255166042,11.550955746891338,11.586579322814941,610200,0.0,0.0
2024-12-05 00:00:00-05:00,11.56876459772463,11.77360075179957,11.56876459772463,11.746882438659668,371900,0.0,0.0
2024-12-06 00:00:00-05:00,11.684540717255969,11.898282113766873,11.657823255025308,11.75578784942627,467600,0.0,0.0
2024-12-09 00:00:00-05:00,11.755789141044907,11.862659851042336,11.613294861048336,11.622200965881348,251700,0.0,0.0
2024-12-10 00:00:00-05:00,11.702353779237951,11.755788707600026,11.408459125247916,11.426270484924316,385800,0.0,0.0
2024-12-11 00:00:00-05:00,11.515331469314539,11.56876640527752,11.417366004494085,11.45298957824707,389900,0.0,0.0
2024-12-12 00:00:00-05:00,11.45298820944651,11.470800418860678,11.301587826757649,11.435176849365234,355500,0.0,0.0
2024-12-13 00:00:00-05:00,11.452987949105355,11.46189405360999,11.34611724304833,11.426270484924316,356100,0.0,0.0
2024-12-16 00:00:00-05:00,11.426271053174576,11.471080130197869,11.220150495394313,11.282882690429688,579200,0.08,0.0
2024-12-17 00:00:00-05:00,11.184302195244324,11.247035242951664,10.843755271859475,10.906487464904785,598100,0.0,0.0
2024-12-18 00:00:00-05:00,11.058836744678956,11.193263103883055,10.754136085510254,10.754136085510254,711900,0.0,0.0
2024-12-19 00:00:00-05:00,10.798945787515123,10.879601949613114,10.494245110550272,10.583863258361816,714200,0.0,0.0
2024-12-20 00:00:00-05:00,10.512169615119396,10.879603385925293,10.512169615119396,10.879603385925293,329600,0.0,0.0
2024-12-23 00:00:00-05:00,10.834791930297111,11.031951325481794,10.834791930297111,10.99610424041748,246300,0.0,0.0
2024-12-24 00:00:00-05:00,10.960257570910246,11.202226064133296,10.861678289224201,11.16637897491455,153300,0.0,0.0
2024-12-26 00:00:00-05:00,11.202225009872354,11.211186994999117,11.005065610393256,11.01402759552002,232400,0.0,0.0
2024-12-27 00:00:00-05:00,10.942334483553292,11.076760854825666,10.879602290914454,10.933372497558594,278400,0.0,0.0
2024-12-30 00:00:00-05:00,10.870642683736223,11.247037631259591,10.772063380208566,11.202228546142578,482400,0.0,0.0
2024-12-31 00:00:00-05:00,11.175342169813824,11.453156927647113,11.121571102837834,11.390424728393555,567700,0.0,0.0
2025-01-02 00:00:00-05:00,11.435231206711249,11.686160801296653,11.363537036829705,11.668237686157227,681700,0.0,0.0
2025-01-03 00:00:00-05:00,11.757857204228191,11.95501663617788,11.695125007333234,11.838513374328613,640300,0.0,0.0
2025-01-06 00:00:00-05:00,11.802666548247995,11.838513640803727,11.66824016482952,11.704087257385254,359900,0.0,0.0
2025-01-07 00:00:00-05:00,11.722010546000137,11.802666719083504,11.497966000618387,11.569660186767578,407800,0.0,0.0
2025-01-08 00:00:00-05:00,11.596542661613762,11.686160801296653,11.515887361493466,11.668237686157227,420400,0.0,0.0
2025-01-10 00:00:00-05:00,11.605506633053501,11.713047906283885,11.506927346257834,11.560697555541992,536800,0.0,0.0
2025-01-13 00:00:00-05:00,11.47107880409335,11.78474059767167,11.444193702852228,11.497963905334473,570200,0.0,0.0
2025-01-14 00:00:00-05:00,11.49796543342464,11.811628123350978,11.49796543342464,11.713047981262207,455500,0.0,0.0
2025-01-15 00:00:00-05:00,11.848301560776246,11.875352236095754,11.685995789008276,11.740097999572754,677500,0.08,0.0
2025-01-16 00:00:00-05:00,11.695014293537007,11.848302904271595,11.685997114099546,11.722064971923828,1124600,0.0,0.0
2025-01-17 00:00:00-05:00,11.731082752952275,11.857319831848145,11.722065573052397,11.857319831848145,1036100,0.0,0.0
2025-01-21 00:00:00-05:00,11.929454498192758,12.190947532653809,11.90240382080647,12.190947532653809,772200,0.0,0.0
2025-01-22 00:00:00-05:00,12.217998504638672,12.28111704003709,11.983557001836619,12.217998504638672,786800,0.0,0.0
2025-01-23 00:00:00-05:00,12.145862684944028,12.308167611697975,12.073726970847709,12.181930541992188,532800,0.0,0.0
2025-01-24 00:00:00-05:00,12.127828244146869,12.299151208907034,12.127828244146869,12.227015495300293,365300,0.0,0.0
2025-01-27 00:00:00-05:00,12.208980712318308,12.208980712318308,11.731081411313172,11.79419994354248,471100,0.0,0.0
2025-01-28 00:00:00-05:00,11.830264974819812,11.947485692350895,11.685993587066264,11.875349998474121,568500,0.0,0.0
2025-01-29 00:00:00-05:00,11.848303716418053,12.046676518086361,11.80321867606594,11.929455757141113,324700,0.0,0.0
2025-01-30 00:00:00-05:00,11.992573482853471,12.181929937948414,11.992573482853471,12.082742691040039,331400,0.0,0.0
2025-01-31 00:00:00-05:00,12.227014402137055,12.227014402137055,11.99257292391275,12.109793663024902,449700,0.0,0.0
2025-02-03 00:00:00-05:00,12.064709193372925,12.172912759152107,11.85731838068537,12.082742691040039,402900,0.0,0.0
2025-02-04 00:00:00-05:00,12.064710165692437,12.290134494214511,12.001591628882439,12.163896560668945,348100,0.0,0.0
2025-02-05 00:00:00-05:00,12.172913362748762,12.245049076845081,12.01060757606927,12.181930541992188,435300,0.0,0.0
2025-02-06 00:00:00-05:00,12.254066017895239,12.254066017895239,11.956505988050475,12.028641700744629,195100,0.0,0.0
2025-02-07 00:00:00-05:00,12.037658914152678,12.127828125314831,11.740098883459064,11.821250915527344,352800,0.0,0.0
2025-02-10 00:00:00-05:00,11.884369877070686,12.091759829134652,11.866335519538778,11.965522766113281,316200,0.0,0.0
2025-02-11 00:00:00-05:00,11.95650677652496,11.95650677652496,11.685997406120324,11.749115943908691,365600,0.0,0.0
2025-02-12 00:00:00-05:00,11.649928751861587,11.80321735595915,11.604843716551919,11.622878074645996,284400,0.0,0.0
2025-02-13 00:00:00-05:00,11.676980103220165,11.740099500267963,11.523691490272846,11.631895065307617,793200,0.0,0.0
2025-02-14 00:00:00-05:00,11.758922384126906,11.858727740711865,11.659117027541948,11.767995834350586,393400,0.08,0.0
2025-02-18 00:00:00-05:00,11.767995072866535,11.840580939375403,11.71355524033899,11.75892162322998,352300,0.0,0.0
2025-02-19 00:00:00-05:00,11.80428800612097,11.904093356247719,11.71355524033899,11.75892162322998,215400,0.0,0.0
2025-02-20 00:00:00-05:00,11.749846369740226,11.867798601031888,11.650041034935734,11.795212745666504,382700,0.0,0.0
2025-02-21 00:00:00-05:00,11.713554182708915,11.813360389115832,11.577455911616198,11.640968322753906,274600,0.0,0.0
2025-02-24 00:00:00-05:00,11.65004156075626,11.758920348718544,11.45043001684623,11.486722946166992,394900,0.0,0.0
2025-02-25 00:00:00-05:00,11.559308794955065,11.559308794955065,11.151013124121622,11.40506362915039,414200,0.0,0.0
2025-02-26 00:00:00-05:00,11.40506390895469,11.50487011591905,11.259892188233845,11.395991325378418,294200,0.0,0.0
2025-02-27 00:00:00-05:00,11.50486922806812,11.50486922806812,11.232671840076634,11.268964767456055,556800,0.0,0.0
2025-02-28 00:00:00-05:00,11.359699630802941,11.613750169697722,11.3052597969653,11.586530685424805,520900,0.0,0.0
2025-03-03 00:00:00-05:00,11.640966478601039,11.731699221816841,11.486721334309111,11.513940811157227,378900,0.0,0.0
2025-03-04 00:00:00-05:00,11.350624364922549,11.441356253079704,11.160086274913356,11.296184539794922,733500,0.0,0.0
2025-03-05 00:00:00-05:00,11.250817768549355,11.350623966901587,11.11471950844021,11.232671737670898,470700,0.0,0.0
2025-03-06 00:00:00-05:00,11.087502292561874,11.15101471153753,10.8243783014304,10.851597785949707,733400,0.0,0.0
2025-03-07 00:00:00-05:00,10.887890060237424,11.10564765377215,10.824377645112735,11.042135238647461,469900,0.0,0.0
2025-03-10 00:00:00-04:00,11.051208590102961,11.087501522037135,10.788084617257258,11.005842208862305,378600,0.0,0.0
2025-03-11 00:00:00-04:00,10.933256247466716,11.151013837129312,10.906036765081828,10.969549179077148,560600,0.0,0.0
2025-03-12 00:00:00-04:00,10.996769240477922,11.3052596080555,10.996769240477922,11.187307357788086,381900,0.0,0.0
2025-03-13 00:00:00-04:00,11.250816020084406,11.314329281517631,11.096570887776071,11.141937255859375,288500,0.0,0.0
2025-03-14 00:00:00-04:00,11.187604823941628,11.425056237399941,11.187604823941628,11.39765739440918,251400,0.08,0.0
2025-03-17 00:00:00-04:00,11.333727851159434,11.616843115694556,11.333727851159434,11.543781280517578,389300,0.0,0.0
2025-03-18 00:00:00-04:00,11.589442896620445,11.671637669165346,11.488983102935386,11.580310821533203,215700,0.0,0.0
2025-03-19 00:00:00-04:00,11.580313221286382,11.735569852496626,11.580313221286382,11.662508010864258,231800,0.0,0.0
2025-03-20 00:00:00-04:00,11.64424088045232,11.790364548225043,11.616842910486374,11.726435661315918,245700,0.0,0.0
2025-03-21 00:00:00-04:00,11.68990269915188,11.762964520255624,11.653371788600008,11.69903564453125,185500,0.0,0.0
2025-03-24 00:00:00-04:00,11.799495430807495,11.863424306531869,11.662504733979379,11.69903564453125,467500,0.0,0.0
2025-03-25 00:00:00-04:00,11.762966127453634,11.826895011912741,11.75383318082641,11.808629989624023,341900,0.0,0.0
2025-03-26 00:00:00-04:00,11.845160905167187,11.918222736253519,11.781231149742352,11.808629989624023,208700,0.0,0.0
2025-03-27 00:00:00-04:00,11.86342752045557,11.86342752045557,11.708170890808105,11.708170890808105,296000,0.0,0.0
2025-03-28 00:00:00-04:00,11.689902962893296,11.799495697021484,11.64423910593181,11.799495697021484,309400,0.0,0.0
2025-03-31 00:00:00-04:00,11.808629086066055,11.863425019705131,11.69903634782224,11.717301368713379,394400,0.0,0.0
2025-04-01 00:00:00-04:00,11.69903871115231,11.890826259563523,11.689905763378958,11.845162391662598,321100,0.0,0.0
2025-04-02 00:00:00-04:00,11.82689719356288,11.909091986438506,11.772101245623054,11.863428115844727,340500,0.0,0.0
2025-04-03 00:00:00-04:00,11.543781737780852,11.735569280458801,11.415923085673615,11.461586952209473,483000,0.0,0.0
2025-04-04 00:00:00-04:00,11.05061461665214,11.12367645949233,10.274331447767782,10.32912826538086,1611400,0.0,0.0
2025-04-07 00:00:00-04:00,10.082542795892458,10.082542795892458,8.968348507321686,9.881622314453125,2108400,0.0,0.0
2025-04-08 00:00:00-04:00,10.402188081569689,10.502647878160968,9.461515514082576,9.580241203308105,1833000,0.0,0.0
2025-04-09 00:00:00-04:00,9.53457959560631,10.393057591019767,9.40672180081794,10.292597770690918,1413600,0.0,0.0
2025-04-10 00:00:00-04:00,9.918152921353423,10.100808373833223,9.525445788839646,9.872489929199219,1278600,0.0,0.0
2025-04-11 00:00:00-04:00,9.963815511703352,10.228664838808518,9.790293899171953,10.146470069885254,570500,0.0,0.0
2025-04-14 00:00:00-04:00,10.338258825028658,10.557445192342218,10.310860855726617,10.456984519958496,573900,0.0,0.0
2025-04-15 00:00:00-04:00,10.475380103749407,10.797274478792257,10.438592150113253,10.631729125976562,326200,0.08,0.0
2025-04-16 00:00:00-04:00,10.677713410201255,10.806471686474795,10.585743964657869,10.631729125976562,379800,0.0,0.0
2025-04-17 00:00:00-04:00,10.659319039772102,10.94442543892094,10.64092462584305,10.797273635864258,288500,0.0,0.0
2025-04-21 00:00:00-04:00,10.760484329812652,10.788075070137232,10.309831770437956,10.42939281463623,479700,0.0,0.0
2025-04-22 00:00:00-04:00,10.567347674544102,10.769681822193935,10.512166192426594,10.686908721923828,316500,0.0,0.0
2025-04-23 00:00:00-04:00,10.797274556684748,10.926032833887161,10.696107902728999,10.760486602783203,344200,0.0,0.0
2025-04-24 00:00:00-04:00,10.852455273914707,11.036395015419593,10.732894222663063,11.018000602722168,362900,0.0,0.0
2025-04-25 00:00:00-04:00,11.027197731580427,11.027197731580427,10.852455197652208,10.944424629211426,291300,0.0,0.0
2025-04-28 00:00:00-04:00,10.999608047093533,11.05479041300823,10.889244192358086,11.027198791503906,282900,0.0,0.0
2025-04-29 00:00:00-04:00,10.999608067777976,11.063986763887893,10.916834957297251,11.008805274963379,284400,0.0,0.0
2025-04-30 00:00:00-04:00,10.98121438737848,10.999608802978749,10.63172926191351,10.806471824645996,514200,0.0,0.0
2025-05-01 00:00:00-04:00,10.769684852975534,11.073185721313923,10.769684852975534,10.870851516723633,245200,0.0,0.0
2025-05-02 00:00:00-04:00,10.916833887453047,11.036394937864511,10.870848733126506,10.944424629211426,300600,0.0,0.0
2025-05-05 00:00:00-04:00,10.852455012881114,10.861652219008608,10.732893964505267,10.78807544708252,340100,0.0,0.0
2025-05-06 00:00:00-04:00,10.769682948111095,10.953622702889188,10.751288534086317,10.815668106079102,415700,0.0,0.0
2025-05-07 00:00:00-04:00,10.815667306482647,11.063985737801541,10.769682151914298,10.96281909942627,461800,0.0,0.0
2025-05-08 00:00:00-04:00,11.11916811837026,11.146758860322524,10.944424706120213,11.018000602722168,323200,0.0,0.0
2025-05-09 00:00:00-04:00,11.063984095616103,11.22033307168588,10.97201467722395,11.165151596069336,350700,0.0,0.0
2025-05-12 00:00:00-04:00,11.422670398045494,11.477851889133142,11.183548264415057,11.459458351135254,558000,0.0,0.0
2025-05-13 00:00:00-04:00,11.496246371341464,11.652595392159226,11.422670464732397,11.533034324645996,442900,0.0,0.0
2025-05-14 00:00:00-04:00,11.49624533904157,11.523836082268973,11.293911175488143,11.431866645812988,350200,0.0,0.0
2025-05-15 00:00:00-04:00,11.431866686826053,11.478148840256333,11.36707008302778,11.450379371643066,234000,0.08,0.0
2025-05-16 00:00:00-04:00,11.431866420380008,11.542945175019614,11.422609636799507,11.496662139892578,281300,0.0,0.0
2025-05-19 00:00:00-04:00,11.38558414753974,11.441123087190247,11.274505385463197,11.339301109313965,243000,0.0,0.0
2025-05-20 00:00:00-04:00,11.293016327908063,11.431865421152764,11.293016327908063,11.376325607299805,210100,0.0,0.0
2025-05-21 00:00:00-04:00,11.274504038631877,11.320786188553344,11.126399040222168,11.126399040222168,358400,0.0,0.0
2025-05-22 00:00:00-04:00,11.126399460751458,11.13565536142033,10.996807140857227,11.117142677307129,216900,0.0,0.0
2025-05-23 00:00:00-04:00,10.98755133956532,11.172682611123074,10.98755133956532,11.135656356811523,142600,0.0,0.0
2025-05-27 00:00:00-04:00,11.209707947263318,11.302274016848008,11.181938479498097,11.255990982055664,301800,0.0,0.0
2025-05-28 00:00:00-04:00,11.283760521553443,11.339300340212425,11.144912299069194,11.154169082641602,376200,0.0,0.0
2025-05-29 00:00:00-04:00,11.228222736522861,11.283761678098918,11.080117715285963,11.209709167480469,297200,0.0,0.0
2025-05-30 00:00:00-04:00,11.21896473077688,11.283760449820885,11.089372409913407,11.255990982055664,286600,0.0,0.0
2025-06-02 00:00:00-04:00,11.311532504787445,11.459637532219098,11.255992678112777,11.441123962402344,374300,0.0,0.0
2025-06-03 00:00:00-04:00,11.468894192689856,11.561459392442506,11.367071325353676,11.524433135986328,379600,0.0,0.0
2025-06-04 00:00:00-04:00,11.441121321148763,11.524430600540505,11.311529893450848,11.376325607299805,292200,0.0,0.0
2025-06-05 00:00:00-04:00,11.4596383413383,11.4596383413383,11.348559562921732,11.404098510742188,222500,0.0,0.0
2025-06-06 00:00:00-04:00,11.487407004168634,11.533690045934925,11.40409770554443,11.441123962402344,210800,0.0,0.0
2025-06-09 00:00:00-04:00,11.413354466824837,11.441123938716885,11.302275696481054,11.320788383483887,350800,0.0,0.0
2025-06-10 00:00:00-04:00,11.265247765559433,11.422609554187991,11.265247765559433,11.357813835144043,345800,0.0,0.0
2025-06-11 00:00:00-04:00,11.357815088756299,11.496663325683043,11.339301519685767,11.431867599487305,247300,0.0,0.0
2025-06-12 00:00:00-04:00,11.431866613578833,11.57071483853101,11.404096262368009,11.552201271057129,247000,0.0,0.0
2025-06-13 00:00:00-04:00,11.654681387976401,11.673313509784109,11.58015112380391,11.626731872558594,339900,0.08,0.0
2025-06-16 00:00:00-04:00,11.626731720700896,11.738528003970284,11.477671194302806,11.5335693359375,238000,0.0,0.0
2025-06-17 00:00:00-04:00,11.477671810675284,11.598783716995372,11.421774554509621,11.459039688110352,261800,0.0,0.0
2025-06-18 00:00:00-04:00,11.459039688110352,11.514936944276014,11.431091060027521,11.459039688110352,291900,0.0,0.0
2025-06-20 00:00:00-04:00,11.505620769878167,11.58015103346926,11.477671254678388,11.524252891540527,362800,0.0,0.0
2025-06-23 00:00:00-04:00,11.570835150679988,11.663998429414573,11.384509481681693,11.449723243713379,481600,0.0,0.0
2025-06-24 00:00:00-04:00,11.347244940883465,11.62673301475138,11.347244940883465,11.608100891113281,535100,0.0,0.0
2025-06-25 00:00:00-04:00,11.608099750750887,11.626731872558594,11.468355727545173,11.626731872558594,410200,0.0,0.0
2025-06-26 00:00:00-04:00,11.62673175126838,11.701262903134193,11.570834497957549,11.645364761352539,558300,0.0,0.0
2025-06-27 00:00:00-04:00,11.645364089973526,11.775792487630708,11.608098960424442,11.72921085357666,279200,0.0,0.0
2025-06-30 00:00:00-04:00,11.813059495263671,11.92485490168457,11.710579706357994,11.850324630737305,534800,0.0,0.0
2025-07-01 00:00:00-04:00,11.766477958402177,11.878273365816884,11.682631180723417,11.71989631652832,236500,0.0,0.0
2025-07-02 00:00:00-04:00,11.691947254656071,11.822374780917146,11.598783974351685,11.77579402923584,247000,0.0,0.0
2025-07-03 00:00:00-04:00,11.738526219891039,11.775791345826825,11.66399596801947,11.747841835021973,193800,0.0,0.0
2025-07-07 00:00:00-04:00,11.65468213745678,11.710579394945329,11.477672082310962,11.542886734008789,271300,0.0,0.0
2025-07-08 00:00:00-04:00,11.505621105074413,11.62673212058518,11.477671589060373,11.598783493041992,230300,0.0,0.0
2025-07-09 00:00:00-04:00,11.5335693359375,11.645364730736068,11.477671194302806,11.5335693359375,258300,0.0,0.0
2025-07-10 00:00:00-04:00,11.524252464391193,11.58946622049853,11.440405698841309,11.580150604248047,222000,0.0,0.0
2025-07-11 00:00:00-04:00,11.552201915567867,11.598783554032023,11.514936782490713,11.58946704864502,290200,0.0,0.0
2025-07-14 00:00:00-04:00,11.589466559265123,11.710578458769483,11.570834437748738,11.654681205749512,361000,0.0,0.0
2025-07-15 00:00:00-04:00,11.729690664914443,11.729690664914443,11.523412884640003,11.560917854309082,221400,0.08,0.0
2025-07-16 00:00:00-04:00,11.523414728644285,11.598424679985714,11.48590975297357,11.542167663574219,283200,0.0,0.0
2025-07-17 00:00:00-04:00,11.532791196109251,11.589048212520748,11.48590975297357,11.542167663574219,259000,0.0,0.0
2025-07-18 00:00:00-04:00,11.579670483602607,11.673432458230325,11.495284080505371,11.495284080505371,610900,0.0,0.0
2025-07-21 00:00:00-04:00,11.87033303606511,11.87033303606511,11.476530441999438,11.55154037475586,542600,0.0,0.0
2025-07-22 00:00:00-04:00,11.439025818450142,11.523412218877418,11.373392348868466,11.429649353027344,567400,0.0,0.0
2025-07-23 00:00:00-04:00,11.420274972398003,11.495284915222534,11.420274972398003,11.476531982421875,341800,0.0,0.0
2025-07-24 00:00:00-04:00,11.47653078497685,11.47653078497685,11.392144384556747,11.420273780822754,475500,0.0,0.0
2025-07-25 00:00:00-04:00,11.439027786254883,11.467156293173142,11.382770772418363,11.439027786254883,275700,0.0,0.0
2025-07-28 00:00:00-04:00,11.485908329482056,11.485908329482056,11.41089838743689,11.448403358459473,319800,0.0,0.0
2025-07-29 00:00:00-04:00,11.392145808394533,11.560918630328668,11.364017302801868,11.52341365814209,354400,0.0,0.0
2025-07-30 00:00:00-04:00,11.523414069722525,11.607800483703613,11.485909096196387,11.607800483703613,435300,0.0,0.0
2025-07-31 00:00:00-04:00,11.523415243797391,11.757821575765758,11.504663202218302,11.664058685302734,426600,0.0,0.0
2025-08-01 00:00:00-04:00,11.645305457229751,11.645305457229751,11.457780589599059,11.607800483703613,284000,0.0,0.0
2025-08-04 00:00:00-04:00,11.53278882234282,11.70156073102854,11.53278882234282,11.645303726196289,279500,0.0,0.0
2025-08-05 00:00:00-04:00,11.645304739398679,11.701561749125583,11.542166292106655,11.654681205749512,331300,0.0,0.0
2025-08-06 00:00:00-04:00,11.645304739398679,11.767196119392366,11.626551806697012,11.654681205749512,287800,0.0,0.0
2025-08-07 00:00:00-04:00,11.75781911576368,11.832829054764645,11.673432710840345,11.748442649841309,297400,0.0,0.0
2025-08-08 00:00:00-04:00,11.84220533832475,11.84220533832475,11.654680493710101,11.7109375,208400,0.0,0.0
2025-08-11 00:00:00-04:00,11.701562052481066,11.776572891043292,11.457780180362848,11.52341365814209,462800,0.0,0.0
2025-08-12 00:00:00-04:00,11.551542589630282,11.551542589630282,11.38277065566274,11.41089916229248,549200,0.0,0.0
2025-08-13 00:00:00-04:00,11.514037486093875,11.579671859741211,11.439027539801858,11.579671859741211,247700,0.0,0.0
2025-08-14 00:00:00-04:00,11.570294440336863,11.64530438045339,11.542165936340421,11.589046478271484,327800,0.0,0.0
2025-08-15 00:00:00-04:00,11.617359197418414,11.655108499521534,11.438049337417825,11.456924438476562,373700,0.08,0.0
2025-08-18 00:00:00-04:00,11.456924427962113,11.551297233126128,11.390862474331513,11.447486877441406,297500,0.0,0.0
2025-08-19 00:00:00-04:00,11.419176057768967,11.504111319343517,11.33423989617999,11.42861270904541,273100,0.0,0.0
2025-08-20 00:00:00-04:00,11.447486842975863,11.598484050795156,11.43804929248357,11.560734748840332,301100,0.0,0.0
2025-08-21 00:00:00-04:00,11.466360078569547,11.65510747246698,11.438048329490643,11.589045524597168,249000,0.0,0.0
2025-08-22 00:00:00-04:00,11.551296217564177,11.73060606163572,11.551296217564177,11.626794815063477,325900,0.0,0.0
2025-08-25 00:00:00-04:00,11.626797738381597,11.721171458991183,11.522987365722656,11.522987365722656,330200,0.0,0.0
2025-08-26 00:00:00-04:00,11.4663609997024,11.67398260965998,11.45692434926087,11.664545059204102,582100,0.0,0.0
2025-08-27 00:00:00-04:00,11.67398260965998,11.730607012380903,11.636233307850816,11.664545059204102,267500,0.0,0.0
2025-08-28 00:00:00-04:00,11.702295270361933,11.824980735778809,11.636234212066084,11.824980735778809,291700,0.0,0.0
2025-08-29 00:00:00-04:00,11.824980735778809,11.957103752384924,11.749482126293719,11.824980735778809,408400,0.0,0.0
2025-09-02 00:00:00-04:00,11.79666807623381,11.815543177162674,11.645670868860314,11.673982620239258,316700,0.0,0.0
2025-09-03 00:00:00-04:00,11.607922583380734,11.673983642387212,11.456925362786258,11.532423973083496,636000,0.0,0.0
2025-09-04 00:00:00-04:00,11.560733817771888,11.645669965333314,11.494672769674903,11.579608917236328,303800,0.0,0.0
2025-09-05 00:00:00-04:00,11.598483074294895,11.664544122150431,11.44748587918837,11.589045524597168,247200,0.0,0.0
2025-09-08 00:00:00-04:00,11.636234337238593,11.636234337238593,11.447487811495497,11.532423973083496,344700,0.0,0.0
2025-09-09 00:00:00-04:00,11.532423973083496,11.598485032089974,11.522986421792735,11.532423973083496,246700,0.0,0.0
2025-09-10 00:00:00-04:00,11.570173288222026,11.63623434728554,11.419176067497174,11.438050270080566,646000,0.0,0.0
2025-09-11 00:00:00-04:00,11.532422074201527,11.532422074201527,11.438048376861957,11.494672775268555,422500,0.0,0.0
2025-09-12 00:00:00-04:00,11.504110346845799,11.598484051747782,11.485236145874012,11.513547897338867,213000,0.0,0.0
2025-09-15 00:00:00-04:00,11.570545762519624,11.608544233580647,11.485048976143565,11.52304744720459,243900,0.08,0.0
2025-09-16 00:00:00-04:00,11.523049077578758,11.627544661292703,11.523049077578758,11.561047554016113,222500,0.0,0.0
2025-09-17 00:00:00-04:00,11.608544778037624,11.732040041266806,11.561046460494852,11.713040351867676,254900,0.0,0.0
2025-09-18 00:00:00-04:00,11.760539310421835,11.79853778533616,11.608545410764544,11.694042205810547,322400,0.0,0.0
2025-09-19 00:00:00-04:00,11.741540475936803,11.751040321846693,11.56104793342477,11.608546257019043,219800,0.0,0.0
2025-09-22 00:00:00-04:00,11.589545249938965,11.618043878479243,11.532547992858408,11.589545249938965,315100,0.0,0.0
2025-09-23 00:00:00-04:00,11.589545908107727,11.703541334697691,11.589545908107727,11.599045753479004,311800,0.0,0.0
2025-09-24 00:00:00-04:00,11.656043730896224,11.770039155639193,11.618044350026796,11.694042205810547,257600,0.0,0.0
2025-09-25 00:00:00-04:00,11.703540234892813,11.827035495248959,11.637043135452977,11.751038551330566,206800,0.0,0.0
2025-09-26 00:00:00-04:00,11.884034728193157,11.89353457352867,11.732040826645397,11.836536407470703,226200,0.0,0.0
2025-09-29 00:00:00-04:00,11.836536023650009,11.874534497804781,11.64654365287615,11.789037704467773,398100,0.0,0.0
2025-09-30 00:00:00-04:00,11.79853686776832,11.865033967208154,11.694041296369289,11.751038551330566,438400,0.0,0.0
2025-10-01 00:00:00-04:00,11.760539034301297,11.789037663329157,11.665542396268322,11.732040405273438,212400,0.0,0.0
2025-10-02 00:00:00-04:00,11.751039078898017,11.827036026228322,11.627543812997505,11.646543502807617,233000,0.0,0.0
2025-10-03 00:00:00-04:00,11.684542951777107,11.732041274311982,11.656044320638241,11.675043106079102,246300,0.0,0.0
2025-10-06 00:00:00-04:00,11.760538854405919,11.770038699254918,11.580045426095204,11.618043899536133,362000,0.0,0.0
2025-10-07 00:00:00-04:00,11.570547399614238,11.637044506890826,11.542047862819866,11.561047554016113,426700,0.0,0.0
2025-10-08 00:00:00-04:00,11.561046710572256,11.675042131567714,11.523048236907105,11.646543502807617,426400,0.0,0.0
2025-10-09 00:00:00-04:00,11.694042937222404,11.713041722890306,11.466051167521462,11.494550704956055,526000,0.0,0.0
2025-10-10 00:00:00-04:00,11.49454984721341,11.542047260816407,10.981569989087237,11.048067092895508,1786300,0.0,0.0
2025-10-13 00:00:00-04:00,11.181062442213989,11.266558332075077,11.11456443104855,11.247559547424316,525800,0.0,0.0
2025-10-14 00:00:00-04:00,11.238057845048242,11.390051720957997,11.200059376070804,11.30455493927002,505200,0.0,0.0
2025-10-15 00:00:00-04:00,11.409760217161141,11.514963039839436,11.33324890756115,11.400196075439453,350800,0.08,0.0
2025-10-16 00:00:00-04:00,11.428887621900705,11.524527215223424,11.16109803751855,11.218481063842773,521300,0.0,0.0
2025-10-17 00:00:00-04:00,11.170661027722192,11.237608188894681,10.988946001558766,11.027201652526855,604800,0.0,0.0
2025-10-20 00:00:00-04:00,11.046331765660392,11.208918537255157,11.046331765660392,11.170662879943848,287400,0.0,0.0
2025-10-21 00:00:00-04:00,11.2471731964907,11.2471731964907,11.094150580824714,11.132406234741211,458700,0.0,0.0
2025-10-22 00:00:00-04:00,11.208916664123535,11.23760817429065,11.03676577894752,11.208916664123535,416000,0.0,0.0
2025-10-23 00:00:00-04:00,11.266300860504135,11.342812170327607,11.16109803751855,11.218481063842773,441300,0.0,0.0
2025-10-24 00:00:00-04:00,11.247173158360093,11.256737299828476,11.027202465020942,11.09415054321289,616700,0.0,0.0
2025-10-27 00:00:00-04:00,11.1132773957771,11.1132773957771,11.027201950749385,11.075021743774414,441100,0.0,0.0
2025-10-28 00:00:00-04:00,11.113277914062925,11.13240619699969,11.027202465020942,11.09415054321289,278800,0.0,0.0
2025-10-29 00:00:00-04:00,11.11327697130651,11.151532621848023,10.893307208714464,10.912434577941895,781000,0.0,0.0
2025-10-30 00:00:00-04:00,10.941126466538545,11.065457563123683,10.883743444783367,11.036766052246094,567700,0.0,0.0
2025-10-31 00:00:00-04:00,11.180223681886783,11.256735891977934,11.036765226149939,11.151532173156738,539100,0.0,0.0
2025-11-03 00:00:00-05:00,11.266300529210127,11.27586467067851,10.998510952702524,11.09415054321289,504700,0.0,0.0
2025-11-04 00:00:00-05:00,11.046330435966661,11.055894577164915,10.816796519728783,10.826359748840332,469500,0.0,0.0
2025-11-05 00:00:00-05:00,10.874179696544982,10.979382514953613,10.82635990196407,10.979382514953613,380500,0.0,0.0
2025-11-06 00:00:00-05:00,11.017640553290814,11.094151870014763,10.960256609704432,10.998512268066406,334100,0.0,0.0
2025-11-07 00:00:00-05:00,10.998510439769044,11.075021743774414,10.94112650572167,11.075021743774414,389400,0.0,0.0
2025-11-10 00:00:00-05:00,11.132406780128706,11.228045463562012,11.084586982368663,11.228045463562012,571300,0.0,0.0
2025-11-11 00:00:00-05:00,11.24717338327915,11.371504488594288,11.237609241619506,11.323684692382812,193900,0.0,0.0
2025-11-12 00:00:00-05:00,11.304556409063522,11.381067718167182,11.237609241619506,11.323684692382812,345700,0.0,0.0
2025-11-13 00:00:00-05:00,11.371505291088923,11.448016605592038,11.352377006419736,11.428888320922852,331300,0.0,0.0
2025-11-14 00:00:00-05:00,11.428887762519237,11.650340995748373,11.361489391561383,11.621455192565918,377800,0.08,0.0
2025-11-17 00:00:00-05:00,11.621456109395828,11.621456109395828,11.5059156422527,11.53480052947998,344000,0.0,0.0
2025-11-18 00:00:00-05:00,11.505914688110352,11.57331397703018,11.409631432592493,11.505914688110352,265800,0.0,0.0
2025-11-19 00:00:00-05:00,11.361490249633789,11.42888862568188,11.303719557139706,11.361490249633789,527300,0.0,0.0
2025-11-20 00:00:00-05:00,11.371118160061469,11.45777281618301,11.18817841014789,11.265205383300781,621200,0.0,0.0
2025-11-21 00:00:00-05:00,11.245948087143974,11.322975053365465,11.120779037475586,11.120779037475586,419500,0.0,0.0
2025-11-24 00:00:00-05:00,11.303718953687312,11.438516616821289,11.188178493101315,11.438516616821289,632300,0.0,0.0
2025-11-25 00:00:00-05:00,11.448143672986715,11.554055518004242,11.390372991373809,11.544426918029785,612800,0.0,0.0
2025-11-26 00:00:00-05:00,11.5636860674229,11.659969328697718,11.5636860674229,11.631084442138672,368600,0.0,0.0
2025-11-28 00:00:00-05:00,11.736994249565289,11.987332337860433,11.65996728674122,11.958447456359863,555800,0.0,0.0
2025-12-01 00:00:00-05:00,11.958447708377308,11.958447708377308,11.852535861820636,11.862163543701172,339300,0.0,0.0
2025-12-02 00:00:00-05:00,11.919934772849249,11.919934772849249,11.554056215826671,11.640711784362793,364100,0.0,0.0
2025-12-03 00:00:00-05:00,11.65034018444994,11.862163883633485,11.65034018444994,11.85253620147705,413900,0.0,0.0
2025-12-04 00:00:00-05:00,11.87179318448464,12.016218525925172,11.833279698884901,12.006590843200684,352900,0.0,0.0
2025-12-05 00:00:00-05:00,12.016218185424805,12.054732588167097,11.919934933270778,12.016218185424805,425000,0.0,0.0
2025-12-08 00:00:00-05:00,11.977704637501944,11.977704637501944,11.746623731675028,11.8140230178833,434900,0.0,0.0
2025-12-09 00:00:00-05:00,11.823649690873086,11.91993385253126,11.688852966432224,11.72736644744873,392800,0.0,0.0
2025-12-10 00:00:00-05:00,11.736994733338827,11.804394017263313,11.631082884648729,11.679224967956543,395800,0.0,0.0
2025-12-11 00:00:00-05:00,11.602198908678218,11.717739366706226,11.563685422668883,11.621455192565918,281100,0.0,0.0
2025-12-12 00:00:00-05:00,11.698481555502731,11.708110156062235,11.611826905168854,11.669596672058105,258700,0.0,0.0
2025-12-15 00:00:00-05:00,11.640520869168176,11.776213274315214,11.524212697184208,11.621135711669922,330600,0.08,0.0
2025-12-16 00:00:00-05:00,11.601749903055493,11.601749903055493,11.446672361468847,11.495133399963379,266300,0.0,0.0
2025-12-17 00:00:00-05:00,11.466057625527569,11.572673213894744,11.407904004358253,11.446673393249512,421900,0.0,0.0
2025-12-18 00:00:00-05:00,11.427288244262192,11.504827022096453,11.233441299676539,11.281903266906738,425100,0.0,0.0
2025-12-19 00:00:00-05:00,11.252825116273133,11.533903406622708,11.252825116273133,11.456364631652832,430600,0.0,0.0
2025-12-22 00:00:00-05:00,11.456364479451974,11.611442027331478,11.456364479451974,11.601750373840332,330600,0.0,0.0
2025-12-23 00:00:00-05:00,11.55328912500272,11.630827903747559,11.55328912500272,11.630827903747559,181200,0.0,0.0
2025-12-24 00:00:00-05:00,11.650213283514741,11.824675076861176,11.650213283514741,11.766521453857422,228700,0.0,0.0
2025-12-26 00:00:00-05:00,11.81498351492744,11.85375290837777,11.640521706568578,11.718060493469238,219200,0.0,0.0
2025-12-29 00:00:00-05:00,11.698673481456149,11.766520602498389,11.659904094147056,11.669596672058105,362200,0.0,0.0
2025-12-30 00:00:00-05:00,11.679289399597682,11.863443760591379,11.679289399597682,11.853751182556152,256100,0.0,0.0
2025-12-31 00:00:00-05:00,11.873137128582181,12.018522111442994,11.77621319045152,11.999137878417969,539500,0.0,0.0
2026-01-02 00:00:00-05:00,12.047598706916393,12.047598706916393,11.87313600453196,11.979751586914062,521400,0.0,0.0
2026-01-05 00:00:00-05:00,11.989445910362459,12.018522723548474,11.659905613136882,11.679290771484375,1001700,0.0,0.0
2026-01-06 00:00:00-05:00,11.679289589393097,11.688982167585833,11.504826879264385,11.543596267700195,829800,0.0,0.0
2026-01-07 00:00:00-05:00,11.669597104295514,11.853751469750934,11.582365748535263,11.776212692260742,617500,0.0,0.0
2026-01-08 00:00:00-05:00,11.80529050190214,11.92159866887468,11.776212766907646,11.892521858215332,373200,0.0,0.0
2026-01-09 00:00:00-05:00,11.892521057673283,12.01852087016053,11.892521057673283,11.911905288696289,594500,0.0,0.0
2026-01-12 00:00:00-05:00,11.921599426043288,12.066984412908917,11.911906847096192,12.037907600402832,616300,0.0,0.0
2026-01-13 00:00:00-05:00,12.037905797474096,12.115444568767403,12.037905797474096,12.105751991271973,471400,0.0,0.0
2026-01-14 00:00:00-05:00,12.115446090698242,12.183292293018894,12.086369278894418,12.115446090698242,575400,0.0,0.0
2026-01-15 00:00:00-05:00,12.120325078364617,12.18863579104128,12.081290252454574,12.110566139221191,319400,0.085,0.0
2026-01-16 00:00:00-05:00,12.130084106770882,12.305740359326872,12.130084106770882,12.286223411560059,1167300,0.0,0.0
2026-01-20 00:00:00-05:00,12.19839468431831,12.266705396738123,12.012979494608683,12.022737503051758,796700,0.0,0.0
2026-01-21 00:00:00-05:00,12.042255401611328,12.188635765805003,11.983702697535662,12.042255401611328,686600,0.0,0.0
2026-01-22 00:00:00-05:00,12.149600071107773,12.22766971718314,12.081289363457726,12.208152770996094,407200,0.0,0.0
2026-01-23 00:00:00-05:00,12.2471885652657,12.393568930599434,12.2471885652657,12.266705513000488,386700,0.0,0.0
2026-01-26 00:00:00-05:00,12.325258269221381,12.413086861055419,12.266705564444132,12.383810043334961,403400,0.0,0.0
2026-01-27 00:00:00-05:00,12.325258316006602,12.54970833540009,12.325258316006602,12.45212173461914,300500,0.0,0.0
2026-01-28 00:00:00-05:00,12.510673619320142,12.696089744567871,12.510673619320142,12.696089744567871,303900,0.0,0.0
2026-01-29 00:00:00-05:00,12.735124611193234,12.861988031321754,12.705848723675478,12.803435325622559,540400,0.0,0.0
2026-01-30 00:00:00-05:00,12.86198805448472,12.871746063232422,12.637537101341223,12.871746063232422,301400,0.0,0.0
2026-02-02 00:00:00-05:00,12.783918377498617,12.822953204410187,12.705848723675478,12.803435325622559,343800,0.0,0.0
2026-02-03 00:00:00-05:00,12.705848782128635,12.969333632327965,12.705848782128635,12.930298805236816,357200,0.0,0.0
2026-02-04 00:00:00-05:00,12.959574666535747,12.998609493547518,12.725365704465124,12.881505012512207,380500,0.0,0.0
2026-02-05 00:00:00-05:00,12.764400547711363,12.920539855957031,12.637537127095834,12.920539855957031,430900,0.0,0.0
2026-02-06 00:00:00-05:00,12.910780981227987,13.105956048176878,12.822953317897417,13.076679229736328,293300,0.0,0.0
2026-02-09 00:00:00-05:00,12.99860960438026,13.223060559609488,12.940057828695204,13.105956077575684,367200,0.0,0.0
2026-02-10 00:00:00-05:00,13.125473070365036,13.310889198877568,13.018127527469785,13.24257755279541,296400,0.0,0.0
2026-02-11 00:00:00-05:00,13.154748884250408,13.486545381267092,13.057162281439656,13.076679229736328,795800,0.0,0.0
2026-02-12 00:00:00-05:00,13.223059683347227,13.486544517796817,13.193783797444746,13.27185344696045,479800,0.0,0.0
2026-02-13 00:00:00-05:00,13.316044429849411,13.659747068988215,13.257123469030727,13.522266387939453,543900,0.085,0.0
2026-02-17 00:00:00-05:00,13.551727170331262,13.561547487112017,13.374965214345472,13.443705558776855,466400,0.0,0.0
2026-02-18 00:00:00-05:00,13.482984600547812,13.620466212785699,13.394604567520096,13.453524589538574,318700,0.0,0.0
2026-02-19 00:00:00-05:00,13.463345586841207,13.532085928181079,13.384784929162237,13.43388557434082,287300,0.0,0.0
2026-02-20 00:00:00-05:00,13.502625407309948,13.571365746061762,13.433885068558133,13.532085418701172,214900,0.0,0.0
2026-02-23 00:00:00-05:00,13.640107716900976,13.70884805915817,13.561547058173634,13.679388046264648,308700,0.0,0.0
2026-02-24 00:00:00-05:00,13.708848618790679,13.708848618790679,13.45352599924539,13.551727294921875,228000,0.0,0.0
2026-02-25 00:00:00-05:00,13.669567670379815,13.797228974386098,13.433885695222179,13.708847999572754,447800,0.0,0.0
2026-02-26 00:00:00-05:00,13.738307963041894,13.964170557478537,13.679387937722364,13.90524959564209,402700,0.0,0.0
2026-02-27 00:00:00-05:00,13.993630698822042,14.121292003544204,13.905249723513089,14.01327133178711,488800,0.0,0.0
2026-03-02 00:00:00-05:00,14.111472190495347,14.229313182939011,14.02309121203336,14.082012176513672,455100,0.0,0.0
2026-03-03 00:00:00-05:00,14.150752409053288,14.150752409053288,13.797229434526765,13.807049751281738,482100,0.0,0.0
2026-03-04 00:00:00-05:00,13.718668155703455,13.836509141905351,13.551726524454873,13.797228813171387,248400,0.0,0.0
2026-03-05 00:00:00-05:00,13.757948020836348,13.836508675657024,13.640107038605334,13.699027061462402,369900,0.0,0.0
2026-03-06 00:00:00-05:00,13.738307621169042,13.856148605392589,13.64992664887216,13.748127937316895,402500,0.0,0.0
2026-03-09 00:00:00-04:00,13.797228741834768,13.90524941116544,13.630287111449334,13.659747123718262,494600,0.0,0.0
2026-03-10 00:00:00-04:00,13.551726067802855,13.856148371103755,13.551726067802855,13.699027061462402,383100,0.0,0.0
2026-03-11 00:00:00-04:00,13.689207443481974,14.07219135764846,13.689207443481974,14.01327133178711,483200,0.0,0.0
2026-03-12 00:00:00-04:00,14.05255080362086,14.150751152902588,13.944529201939032,13.954349517822266,420300,0.0,0.0
2026-03-13 00:00:00-04:00,13.949409395020085,14.028442801280056,13.761705290690784,13.890134811401367,183300,0.085,0.0
2026-03-16 00:00:00-04:00,13.988927705113703,13.998807117569216,13.771585341855543,13.900014877319336,301400,0.0,0.0
2026-03-17 00:00:00-04:00,13.880256994560936,14.067961120452555,13.880256994560936,13.900014877319336,239400,0.0,0.0
2026-03-18 00:00:00-04:00,13.900013994713238,13.969168935358088,13.722189292568428,13.741947174072266,357800,0.0,0.0
2026-03-19 00:00:00-04:00,13.702431043237935,14.018564697770355,13.702431043237935,13.909893989562988,392200,0.0,0.0
2026-03-20 00:00:00-04:00,13.929652329432356,14.077839739300808,13.761706095766737,13.801222801208496,388700,0.0,0.0
2026-03-23 00:00:00-04:00,13.65303419619847,13.969168776027184,13.60363902192599,13.840739250183105,358200,0.0,0.0
2026-03-24 00:00:00-04:00,13.870376868212198,14.186510513296552,13.870376868212198,14.048202514648438,362400,0.0,0.0
2026-03-25 00:00:00-04:00,14.08771890840272,14.176631729652442,13.979047263696367,14.058080673217773,197600,0.0,0.0
2026-03-26 00:00:00-04:00,14.018565054796474,14.216149536063945,14.018565054796474,14.146994590759277,235200,0.0,0.0
2026-03-27 00:00:00-04:00,14.176632227321713,14.314940227763183,14.137115521173781,14.166752815246582,515700,0.0,0.0
2026-03-30 00:00:00-04:00,14.295181640984435,14.305060110419946,14.048202004198295,14.127235412597656,380400,0.0,0.0
2026-03-31 00:00:00-04:00,14.216147874865069,14.51252267782874,14.028442828025387,14.107476234436035,829200,0.0,0.0
2026-04-01 00:00:00-04:00,14.018563565985465,14.018563565985465,13.514725830289773,13.603638648986816,788600,0.0,0.0
2026-04-02 00:00:00-04:00,13.85061863167241,13.909893217531055,13.613517461780162,13.623396873474121,393700,0.0,0.0
2026-04-06 00:00:00-04:00,13.722189292568428,13.76170599772867,13.574000941603092,13.741947174072266,300600,0.0,0.0
2026-04-07 00:00:00-04:00,13.741946764146372,13.949409695587116,13.722188883231917,13.880255699157715,447600,0.0,0.0
2026-04-08 00:00:00-04:00,13.722189249138243,13.761705954173417,13.41593407850122,13.712309837341309,606100,0.0,0.0
2026-04-09 00:00:00-04:00,13.712309880740225,14.048202345678574,13.712309880740225,13.741947174072266,308300,0.0,0.0
2026-04-10 00:00:00-04:00,13.732068632250016,13.820981460031845,13.662914629376425,13.682673454284668,157800,0.0,0.0
2026-04-13 00:00:00-04:00,13.939530408591901,13.939530408591901,13.485087837668894,13.56412124633789,494500,0.0,0.0
2026-04-14 00:00:00-04:00,13.544364191083076,13.544364191083076,13.247988419427239,13.475210189819336,425700,0.0,0.0
2026-04-15 00:00:00-04:00,13.490120595482887,13.510003321589336,13.31118080082765,13.321121215820312,501700,0.085,0.0
2026-04-16 00:00:00-04:00,13.420533079996863,13.539826593607346,13.32112134462451,13.460297584533691,342400,0.0,0.0
2026-04-17 00:00:00-04:00,13.291298049760462,13.291298049760462,12.853888504906196,13.142181396484375,1431100,0.0,0.0
2026-04-20 00:00:00-04:00,13.251534140292383,13.36088629439755,13.152122401607249,13.191887855529785,439500,0.0,0.0
2026-04-21 00:00:00-04:00,13.321121190803568,13.350945279907233,13.082534166337604,13.142181396484375,937700,0.0,0.0
2026-04-22 00:00:00-04:00,13.24159227464155,13.400650292057215,13.162063265933716,13.39070987701416,405000,0.0,0.0
2026-04-23 00:00:00-04:00,13.480179979594059,13.480179979594059,13.271416098890372,13.400650024414062,302500,0.0,0.0
2026-04-24 00:00:00-04:00,13.380768877076227,13.460297887942545,13.271416724150185,13.341004371643066,435800,0.0,0.0
2026-04-27 00:00:00-04:00,13.430474871086473,13.510003882694189,13.360886274884269,13.480180740356445,405700,0.0,0.0
2026-04-28 00:00:00-04:00,13.559709149983611,13.788354811189969,13.5298850609093,13.718767166137695,489400,0.0,0.0
2026-04-29 00:00:00-04:00,13.80823737060232,13.9772367477417,13.768472867043677,13.9772367477417,321200,0.0,0.0
2026-04-30 00:00:00-04:00,13.967296093938975,14.285412138558488,13.887767082784098,14.166118621826172,694100,0.0,0.0
2026-05-01 00:00:00-04:00,14.166118067044996,14.215823934085336,13.937472405944215,14.007060050964355,407500,0.0,0.0
2026-05-04 00:00:00-04:00,14.056765880938084,14.156176666696066,13.957354147119545,14.116412162780762,212700,0.0,0.0
2026-05-05 00:00:00-04:00,14.076648288826894,14.195941805911458,14.046825146570903,14.056766510009766,393600,0.0,0.0
2026-05-06 00:00:00-04:00,13.91758995226995,13.91758995226995,13.688944286694591,13.708826065063477,430800,0.0,0.0
2026-05-07 00:00:00-04:00,13.599474013872994,13.698884802569491,13.44041599351013,13.669061660766602,425900,0.0,0.0
2026-05-08 00:00:00-04:00,13.679002895790614,13.728708763703079,13.500062150529974,13.529885292053223,332600,0.0,0.0
2026-05-11 00:00:00-04:00,13.589532451329665,13.788354973868023,13.510003442314321,13.748590469360352,588100,0.0,0.0
2026-05-12 00:00:00-04:00,13.828119246834333,13.957354121335468,13.728708461259997,13.937472343444824,244600,0.0,0.0
2026-05-13 00:00:00-04:00,13.957354345227584,14.036883354187012,13.788354964173656,14.036883354187012,223800,0.0,0.0
2026-05-14 00:00:00-04:00,14.036883503025509,14.384823631957778,14.026942139785026,14.354999542236328,398000,0.0,0.0
2026-05-15 00:00:00-04:00,14.399999618530273,14.4399995803833,14.220000267028809,14.390000343322754,379000,0.085,0.0
2026-05-18 00:00:00-04:00,14.300000190734863,14.5,14.300000190734863,14.430000305175781,313100,0.0,0.0
2026-05-19 00:00:00-04:00,14.5,14.59000015258789,14.399999618530273,14.550000190734863,350000,0.0,0.0
2026-05-20 00:00:00-04:00,14.510000228881836,14.699999809265137,14.3100004196167,14.34000015258789,392700,0.0,0.0
2026-05-21 00:00:00-04:00,14.420000076293945,14.489999771118164,14.220000267028809,14.25,521400,0.0,0.0
2026-05-22 00:00:00-04:00,14.260000228881836,14.300000190734863,14.119999885559082,14.170000076293945,672200,0.0,0.0
2026-05-26 00:00:00-04:00,14.119999885559082,14.170000076293945,13.970000267028809,14.0,702100,0.0,0.0
2026-05-27 00:00:00-04:00,13.949999809265137,13.989999771118164,13.779999732971191,13.829999923706055,382900,0.0,0.0
2026-05-28 00:00:00-04:00,13.640000343322754,13.930000305175781,13.640000343322754,13.850000381469727,455400,0.0,0.0
2026-05-29 00:00:00-04:00,13.8100004196167,13.819999694824219,13.569999694824219,13.680000305175781,570900,0.0,0.0
2026-06-01 00:00:00-04:00,13.649999618530273,13.899999618530273,13.649999618530273,13.829999923706055,415417,0.0,0.0
