Date,Open,High,Low,Close,Volume,Dividends,Stock Splits
2022-01-03 00:00:00-05:00,540.4500122070312,556.5900268554688,537.3900146484375,538.3200073242188,348800,0.0,0.0
2022-01-04 00:00:00-05:00,543.5999755859375,548.530029296875,525.6300048828125,530.0900268554688,390200,0.0,0.0
2022-01-05 00:00:00-05:00,524.0,533.3699951171875,503.7799987792969,505.9200134277344,646000,0.0,0.0
2022-01-06 00:00:00-05:00,513.6799926757812,525.8099975585938,496.6300048828125,517.9400024414062,450800,0.0,0.0
2022-01-07 00:00:00-05:00,512.22998046875,520.6500244140625,490.3800048828125,494.79998779296875,636700,0.0,0.0
2022-01-10 00:00:00-05:00,480.8399963378906,481.0,463.7099914550781,479.6000061035156,752600,0.0,0.0
2022-01-11 00:00:00-05:00,478.9800109863281,487.0299987792969,472.0,482.0199890136719,389200,0.0,0.0
2022-01-12 00:00:00-05:00,484.5199890136719,491.95001220703125,467.7300109863281,473.0199890136719,527400,0.0,0.0
2022-01-13 00:00:00-05:00,475.9599914550781,475.9599914550781,450.5299987792969,456.2200012207031,820500,0.0,0.0
2022-01-14 00:00:00-05:00,448.1099853515625,454.25,436.1099853515625,447.4599914550781,1235700,0.0,0.0
2022-01-18 00:00:00-05:00,441.239990234375,441.45001220703125,420.7200012207031,426.2699890136719,1197500,0.0,0.0
2022-01-19 00:00:00-05:00,426.0199890136719,435.5199890136719,413.2900085449219,416.04998779296875,766400,0.0,0.0
2022-01-20 00:00:00-05:00,425.0,435.5299987792969,402.6700134277344,404.239990234375,777900,0.0,0.0
2022-01-21 00:00:00-05:00,398.8800048828125,405.70001220703125,391.2900085449219,391.3999938964844,695600,0.0,0.0
2022-01-24 00:00:00-05:00,375.9700012207031,407.7300109863281,362.0,407.1600036621094,1444000,0.0,0.0
2022-01-25 00:00:00-05:00,399.239990234375,405.54998779296875,391.0,398.55999755859375,660000,0.0,0.0
2022-01-26 00:00:00-05:00,406.0299987792969,408.989990234375,373.7799987792969,378.6600036621094,721700,0.0,0.0
2022-01-27 00:00:00-05:00,383.2900085449219,390.0,363.3999938964844,366.9100036621094,534200,0.0,0.0
2022-01-28 00:00:00-05:00,370.989990234375,392.2900085449219,365.75,391.9200134277344,688700,0.0,0.0
2022-01-31 00:00:00-05:00,390.0400085449219,405.25,388.2099914550781,402.82000732421875,590000,0.0,0.0
2022-02-01 00:00:00-05:00,405.7799987792969,417.44000244140625,399.30999755859375,412.2799987792969,592100,0.0,0.0
2022-02-02 00:00:00-05:00,416.0,416.0,396.6499938964844,402.5899963378906,475100,0.0,0.0
2022-02-03 00:00:00-05:00,398.0899963378906,408.7099914550781,392.1000061035156,396.3999938964844,370400,0.0,0.0
2022-02-04 00:00:00-05:00,400.0,407.19000244140625,393.0199890136719,404.07000732421875,353000,0.0,0.0
2022-02-07 00:00:00-05:00,403.1600036621094,415.3299865722656,402.1700134277344,407.8699951171875,404000,0.0,0.0
2022-02-08 00:00:00-05:00,404.8399963378906,415.7099914550781,403.0400085449219,411.2200012207031,372700,0.0,0.0
2022-02-09 00:00:00-05:00,419.989990234375,425.92999267578125,411.30999755859375,422.29998779296875,423800,0.0,0.0
2022-02-10 00:00:00-05:00,412.260009765625,441.6700134277344,412.260009765625,421.55999755859375,611600,0.0,0.0
2022-02-11 00:00:00-05:00,416.69000244140625,425.9599914550781,407.3500061035156,408.5899963378906,371900,0.0,0.0
2022-02-14 00:00:00-05:00,405.6099853515625,421.3599853515625,405.6099853515625,408.6199951171875,281400,0.0,0.0
2022-02-15 00:00:00-05:00,417.70001220703125,428.0,417.70001220703125,426.45001220703125,477700,0.0,0.0
2022-02-16 00:00:00-05:00,420.1499938964844,425.8500061035156,411.67999267578125,420.0899963378906,385700,0.0,0.0
2022-02-17 00:00:00-05:00,415.6600036621094,418.57000732421875,399.29998779296875,402.5299987792969,323700,0.0,0.0
2022-02-18 00:00:00-05:00,405.5199890136719,410.2200012207031,392.29998779296875,400.20001220703125,387200,0.0,0.0
2022-02-22 00:00:00-05:00,391.25,394.7699890136719,367.1700134277344,373.6199951171875,624400,0.0,0.0
2022-02-23 00:00:00-05:00,377.239990234375,382.69000244140625,363.9200134277344,367.2699890136719,369100,0.0,0.0
2022-02-24 00:00:00-05:00,346.75,384.3500061035156,346.07000732421875,382.44000244140625,980800,0.0,0.0
2022-02-25 00:00:00-05:00,385.1099853515625,397.489990234375,373.6600036621094,396.32000732421875,486300,0.0,0.0
2022-02-28 00:00:00-05:00,395.79998779296875,403.7799987792969,389.510009765625,401.8699951171875,351600,0.0,0.0
2022-03-01 00:00:00-05:00,406.0,408.6000061035156,389.9599914550781,396.20001220703125,513800,0.0,0.0
2022-03-02 00:00:00-05:00,399.260009765625,410.67999267578125,393.82000732421875,407.4200134277344,371700,0.0,0.0
2022-03-03 00:00:00-05:00,410.6700134277344,412.7200012207031,395.30999755859375,395.30999755859375,435000,0.0,0.0
2022-03-04 00:00:00-05:00,393.1499938964844,395.0,359.25,366.5799865722656,767200,0.0,0.0
2022-03-07 00:00:00-05:00,365.3900146484375,372.3399963378906,330.55999755859375,331.0,1332200,0.0,0.0
2022-03-08 00:00:00-05:00,331.0,344.8999938964844,321.7799987792969,332.7300109863281,1168300,0.0,0.0
2022-03-09 00:00:00-05:00,346.45001220703125,357.3999938964844,344.25,346.3299865722656,645900,0.0,0.0
2022-03-10 00:00:00-05:00,338.5899963378906,346.9700012207031,331.5899963378906,340.739990234375,372100,0.0,0.0
2022-03-11 00:00:00-05:00,345.7699890136719,345.7699890136719,324.57000732421875,325.0799865722656,426400,0.0,0.0
2022-03-14 00:00:00-04:00,328.0,340.2799987792969,320.80999755859375,325.8500061035156,487400,0.0,0.0
2022-03-15 00:00:00-04:00,329.0,343.0799865722656,326.2099914550781,340.3299865722656,460200,0.0,0.0
2022-03-16 00:00:00-04:00,345.4800109863281,356.79998779296875,337.5799865722656,352.5899963378906,472000,0.0,0.0
2022-03-17 00:00:00-04:00,361.1000061035156,366.6099853515625,350.4700012207031,363.79998779296875,507300,0.0,0.0
2022-03-18 00:00:00-04:00,360.0,376.3599853515625,360.0,374.5,645800,0.0,0.0
2022-03-21 00:00:00-04:00,371.3999938964844,375.489990234375,360.5,369.8299865722656,448600,0.0,0.0
2022-03-22 00:00:00-04:00,373.8500061035156,382.42999267578125,372.2099914550781,373.6600036621094,499900,0.0,0.0
2022-03-23 00:00:00-04:00,367.04998779296875,368.3299865722656,354.6199951171875,360.32000732421875,502500,0.0,0.0
2022-03-24 00:00:00-04:00,359.510009765625,363.0,351.17999267578125,361.54998779296875,397000,0.0,0.0
2022-03-25 00:00:00-04:00,365.9200134277344,365.9200134277344,348.6600036621094,351.9599914550781,520300,0.0,0.0
2022-03-28 00:00:00-04:00,352.29998779296875,368.1099853515625,352.1499938964844,367.5,831100,0.0,0.0
2022-03-29 00:00:00-04:00,387.1400146484375,390.8500061035156,375.3999938964844,385.69000244140625,2433200,0.0,0.0
2022-03-30 00:00:00-04:00,353.510009765625,358.9800109863281,332.7799987792969,334.2799987792969,5586500,0.0,0.0
2022-03-31 00:00:00-04:00,329.25,330.9700012207031,323.3999938964844,326.0899963378906,2641700,0.0,0.0
2022-04-01 00:00:00-04:00,326.95001220703125,329.0,317.8900146484375,320.5400085449219,1677000,0.0,0.0
2022-04-04 00:00:00-04:00,322.0,330.8999938964844,317.0,330.8500061035156,2037100,0.0,0.0
2022-04-05 00:00:00-04:00,343.05999755859375,360.1000061035156,342.760009765625,354.3299865722656,3096100,0.0,0.0
2022-04-06 00:00:00-04:00,344.739990234375,346.989990234375,327.010009765625,335.07000732421875,1634500,0.0,0.0
2022-04-07 00:00:00-04:00,334.010009765625,337.7099914550781,313.8500061035156,327.82000732421875,1516900,0.0,0.0
2022-04-08 00:00:00-04:00,324.6700134277344,342.9200134277344,320.55999755859375,335.7799987792969,1315200,0.0,0.0
2022-04-11 00:00:00-04:00,327.82000732421875,348.5400085449219,327.1400146484375,340.8900146484375,1004400,0.0,0.0
2022-04-12 00:00:00-04:00,346.57000732421875,359.5,345.0,346.6000061035156,1213800,0.0,0.0
2022-04-13 00:00:00-04:00,343.1000061035156,358.82000732421875,342.17999267578125,353.2200012207031,895000,0.0,0.0
2022-04-14 00:00:00-04:00,350.29998779296875,361.760009765625,331.6700134277344,334.5299987792969,1632500,0.0,0.0
2022-04-18 00:00:00-04:00,332.6199951171875,339.8699951171875,324.760009765625,327.55999755859375,1585800,0.0,0.0
2022-04-19 00:00:00-04:00,329.1400146484375,353.239990234375,329.1400146484375,348.3900146484375,947000,0.0,0.0
2022-04-20 00:00:00-04:00,348.7200012207031,350.0799865722656,337.9100036621094,338.3500061035156,656900,0.0,0.0
2022-04-21 00:00:00-04:00,341.0,346.69000244140625,334.7200012207031,337.1600036621094,876900,0.0,0.0
2022-04-22 00:00:00-04:00,334.0400085449219,334.80999755859375,319.3500061035156,320.0,1085300,0.0,0.0
2022-04-25 00:00:00-04:00,319.6400146484375,337.6700134277344,317.55999755859375,337.3699951171875,969400,0.0,0.0
2022-04-26 00:00:00-04:00,332.760009765625,342.4200134277344,325.79998779296875,332.5899963378906,828200,0.0,0.0
2022-04-27 00:00:00-04:00,332.4800109863281,346.3900146484375,332.0,340.510009765625,998000,0.0,0.0
2022-04-28 00:00:00-04:00,345.3699951171875,354.55999755859375,334.8800048828125,353.0,998200,0.0,0.0
2022-04-29 00:00:00-04:00,349.2799987792969,355.45001220703125,335.4100036621094,336.1199951171875,699700,0.0,0.0
2022-05-02 00:00:00-04:00,336.010009765625,348.07000732421875,330.55999755859375,347.8299865722656,538700,0.0,0.0
2022-05-03 00:00:00-04:00,343.7300109863281,348.3999938964844,337.1000061035156,344.7300109863281,422300,0.0,0.0
2022-05-04 00:00:00-04:00,341.9100036621094,341.9800109863281,318.29998779296875,339.70001220703125,1008600,0.0,0.0
2022-05-05 00:00:00-04:00,330.4200134277344,331.32000732421875,304.7200012207031,309.2099914550781,1146400,0.0,0.0
2022-05-06 00:00:00-04:00,302.0199890136719,306.0,286.07000732421875,293.30999755859375,984700,0.0,0.0
2022-05-09 00:00:00-04:00,286.5,304.0,282.5199890136719,290.5,1110400,0.0,0.0
2022-05-10 00:00:00-04:00,296.29998779296875,296.8500061035156,278.9700012207031,290.32000732421875,774900,0.0,0.0
2022-05-11 00:00:00-04:00,286.67999267578125,298.17999267578125,277.8399963378906,279.45001220703125,688600,0.0,0.0
2022-05-12 00:00:00-04:00,275.04998779296875,289.7200012207031,270.9599914550781,285.32000732421875,743800,0.0,0.0
2022-05-13 00:00:00-04:00,290.989990234375,299.6499938964844,287.2699890136719,289.6499938964844,766800,0.0,0.0
2022-05-16 00:00:00-04:00,286.4800109863281,288.04998779296875,276.7300109863281,279.8299865722656,1126200,0.0,0.0
2022-05-17 00:00:00-04:00,291.8500061035156,301.989990234375,288.69000244140625,298.2799987792969,1660600,0.0,0.0
2022-05-18 00:00:00-04:00,279.0299987792969,288.7300109863281,261.0,262.82000732421875,2555600,0.0,0.0
2022-05-19 00:00:00-04:00,259.6199951171875,283.70001220703125,259.6199951171875,276.3800048828125,1436200,0.0,0.0
2022-05-20 00:00:00-04:00,284.510009765625,284.510009765625,258.0199890136719,268.6000061035156,824000,0.0,0.0
2022-05-23 00:00:00-04:00,268.5,269.239990234375,255.25,256.4200134277344,1295600,0.0,0.0
2022-05-24 00:00:00-04:00,250.30999755859375,250.30999755859375,236.2899932861328,246.2899932861328,1181800,0.0,0.0
2022-05-25 00:00:00-04:00,241.30999755859375,261.2099914550781,241.2100067138672,256.1700134277344,983200,0.0,0.0
2022-05-26 00:00:00-04:00,266.1099853515625,281.7099914550781,266.1099853515625,278.4100036621094,1025500,0.0,0.0
2022-05-27 00:00:00-04:00,278.9599914550781,292.04998779296875,278.9599914550781,291.0299987792969,895900,0.0,0.0
2022-05-31 00:00:00-04:00,290.0,296.6600036621094,284.92999267578125,290.0799865722656,854300,0.0,0.0
2022-06-01 00:00:00-04:00,293.25,294.0,284.6000061035156,290.0,818700,0.0,0.0
2022-06-02 00:00:00-04:00,289.0,302.9100036621094,283.3699951171875,301.94000244140625,2219200,0.0,0.0
2022-06-03 00:00:00-04:00,295.5199890136719,313.989990234375,291.7799987792969,304.6300048828125,1957100,0.0,0.0
2022-06-06 00:00:00-04:00,308.2099914550781,314.54998779296875,299.6499938964844,310.2099914550781,1077800,0.0,0.0
2022-06-07 00:00:00-04:00,301.5,308.25,295.0,306.0899963378906,724700,0.0,0.0
2022-06-08 00:00:00-04:00,306.0899963378906,310.6000061035156,298.7200012207031,300.5400085449219,498500,0.0,0.0
2022-06-09 00:00:00-04:00,298.19000244140625,302.94000244140625,286.6600036621094,287.6499938964844,509600,0.0,0.0
2022-06-10 00:00:00-04:00,280.75,285.3500061035156,270.1700134277344,278.07000732421875,778000,0.0,0.0
2022-06-13 00:00:00-04:00,269.30999755859375,272.3999938964844,257.19000244140625,257.989990234375,915900,0.0,0.0
2022-06-14 00:00:00-04:00,258.760009765625,262.20001220703125,242.6300048828125,245.3300018310547,829500,0.0,0.0
2022-06-15 00:00:00-04:00,246.92999267578125,254.0,242.82000732421875,250.33999633789062,907300,0.0,0.0
2022-06-16 00:00:00-04:00,240.42999267578125,242.50999450683594,227.25999450683594,231.66000366210938,1471400,0.0,0.0
2022-06-17 00:00:00-04:00,233.8699951171875,247.02999877929688,230.6999969482422,245.44000244140625,1140700,0.0,0.0
2022-06-21 00:00:00-04:00,248.5,256.010009765625,244.5500030517578,245.55999755859375,912100,0.0,0.0
2022-06-22 00:00:00-04:00,241.8800048828125,255.4499969482422,239.77999877929688,247.2899932861328,633000,0.0,0.0
2022-06-23 00:00:00-04:00,248.75999450683594,257.3699951171875,243.85000610351562,256.67999267578125,541900,0.0,0.0
2022-06-24 00:00:00-04:00,261.489990234375,269.9200134277344,260.4599914550781,268.25,829100,0.0,0.0
2022-06-27 00:00:00-04:00,270.5,271.0,253.8699951171875,256.0199890136719,572300,0.0,0.0
2022-06-28 00:00:00-04:00,257.8699951171875,261.3800048828125,243.69000244140625,243.7899932861328,593400,0.0,0.0
2022-06-29 00:00:00-04:00,239.7899932861328,241.9600067138672,234.0800018310547,237.32000732421875,843000,0.0,0.0
2022-06-30 00:00:00-04:00,219.05999755859375,219.77999877929688,207.3699951171875,212.25999450683594,3361900,0.0,0.0
2022-07-01 00:00:00-04:00,211.0,221.6199951171875,210.0,220.6999969482422,1118900,0.0,0.0
2022-07-05 00:00:00-04:00,217.97000122070312,244.82000732421875,213.55999755859375,243.61000061035156,1573900,0.0,0.0
2022-07-06 00:00:00-04:00,243.1999969482422,247.41000366210938,239.6300048828125,241.82000732421875,927300,0.0,0.0
2022-07-07 00:00:00-04:00,242.74000549316406,255.9499969482422,242.74000549316406,255.25,1060600,0.0,0.0
2022-07-08 00:00:00-04:00,252.02000427246094,265.9800109863281,252.02000427246094,262.1000061035156,1344300,0.0,0.0
2022-07-11 00:00:00-04:00,260.17999267578125,263.82000732421875,254.7100067138672,257.7300109863281,904100,0.0,0.0
2022-07-12 00:00:00-04:00,259.2799987792969,265.8599853515625,257.70001220703125,261.489990234375,651000,0.0,0.0
2022-07-13 00:00:00-04:00,256.239990234375,266.8500061035156,256.239990234375,262.3900146484375,681400,0.0,0.0
2022-07-14 00:00:00-04:00,259.5,261.239990234375,250.3000030517578,255.63999938964844,1022900,0.0,0.0
2022-07-15 00:00:00-04:00,258.3800048828125,270.3999938964844,258.25,267.32000732421875,1068200,0.0,0.0
2022-07-18 00:00:00-04:00,268.29998779296875,271.5,256.5400085449219,257.510009765625,681100,0.0,0.0
2022-07-19 00:00:00-04:00,262.6099853515625,266.8599853515625,257.0,265.260009765625,432500,0.0,0.0
2022-07-20 00:00:00-04:00,266.7799987792969,274.32000732421875,262.1600036621094,273.4100036621094,672800,0.0,0.0
2022-07-21 00:00:00-04:00,272.7200012207031,277.54998779296875,269.32000732421875,276.42999267578125,476600,0.0,0.0
2022-07-22 00:00:00-04:00,274.989990234375,279.8399963378906,265.1600036621094,269.2200012207031,506100,0.0,0.0
2022-07-25 00:00:00-04:00,267.67999267578125,267.67999267578125,258.239990234375,262.75,418600,0.0,0.0
2022-07-26 00:00:00-04:00,254.10000610351562,256.1199951171875,250.05999755859375,250.44000244140625,458200,0.0,0.0
2022-07-27 00:00:00-04:00,254.11000061035156,263.6700134277344,250.9600067138672,262.1600036621094,420500,0.0,0.0
2022-07-28 00:00:00-04:00,261.9100036621094,272.2300109863281,256.6099853515625,271.19000244140625,602000,0.0,0.0
2022-07-29 00:00:00-04:00,272.1499938964844,281.7699890136719,265.5,279.42999267578125,596000,0.0,0.0
2022-08-01 00:00:00-04:00,276.4700012207031,285.3999938964844,275.510009765625,282.1400146484375,617100,0.0,0.0
2022-08-02 00:00:00-04:00,277.57000732421875,283.20001220703125,276.739990234375,279.80999755859375,427900,0.0,0.0
2022-08-03 00:00:00-04:00,283.94000244140625,290.5400085449219,282.1199951171875,287.6499938964844,602000,0.0,0.0
2022-08-04 00:00:00-04:00,286.20001220703125,290.20001220703125,282.7099914550781,283.8500061035156,328800,0.0,0.0
2022-08-05 00:00:00-04:00,281.5,289.9700012207031,279.8500061035156,286.8699951171875,391400,0.0,0.0
2022-08-08 00:00:00-04:00,289.989990234375,306.0400085449219,289.989990234375,297.6499938964844,788400,0.0,0.0
2022-08-09 00:00:00-04:00,293.0400085449219,293.7300109863281,275.510009765625,283.05999755859375,646600,0.0,0.0
2022-08-10 00:00:00-04:00,294.4800109863281,300.95001220703125,290.4200134277344,299.2900085449219,623400,0.0,0.0
2022-08-11 00:00:00-04:00,308.0,310.25,299.8900146484375,303.5,616000,0.0,0.0
2022-08-12 00:00:00-04:00,307.3900146484375,309.5400085449219,302.55999755859375,307.55999755859375,402900,0.0,0.0
2022-08-15 00:00:00-04:00,307.55999755859375,315.07000732421875,305.0,312.3999938964844,535000,0.0,0.0
2022-08-16 00:00:00-04:00,310.0400085449219,338.6099853515625,308.010009765625,329.30999755859375,905100,0.0,0.0
2022-08-17 00:00:00-04:00,321.0,325.19000244140625,310.0799865722656,312.8800048828125,721200,0.0,0.0
2022-08-18 00:00:00-04:00,311.0,313.0,306.0899963378906,311.30999755859375,354700,0.0,0.0
2022-08-19 00:00:00-04:00,307.8500061035156,308.3699951171875,295.3399963378906,298.29998779296875,541900,0.0,0.0
2022-08-22 00:00:00-04:00,290.010009765625,296.04998779296875,285.2699890136719,293.0799865722656,553800,0.0,0.0
2022-08-23 00:00:00-04:00,296.07000732421875,299.5400085449219,290.6000061035156,292.7900085449219,395700,0.0,0.0
2022-08-24 00:00:00-04:00,292.95001220703125,297.1400146484375,288.6000061035156,292.7699890136719,336500,0.0,0.0
2022-08-25 00:00:00-04:00,295.0,299.1700134277344,291.69000244140625,294.6400146484375,449100,0.0,0.0
2022-08-26 00:00:00-04:00,293.3399963378906,295.1300048828125,264.8299865722656,266.9100036621094,1188700,0.0,0.0
2022-08-29 00:00:00-04:00,263.82000732421875,270.3699951171875,263.82000732421875,266.94000244140625,508500,0.0,0.0
2022-08-30 00:00:00-04:00,272.42999267578125,272.42999267578125,262.75,265.6400146484375,398500,0.0,0.0
2022-08-31 00:00:00-04:00,266.7699890136719,268.1099853515625,254.9199981689453,255.91000366210938,576700,0.0,0.0
2022-09-01 00:00:00-04:00,252.5,254.91000366210938,246.6199951171875,252.7100067138672,576800,0.0,0.0
2022-09-02 00:00:00-04:00,255.39999389648438,257.80999755859375,248.97000122070312,252.1699981689453,431800,0.0,0.0
2022-09-06 00:00:00-04:00,255.41000366210938,255.89999389648438,241.5,243.7100067138672,721900,0.0,0.0
2022-09-07 00:00:00-04:00,243.44000244140625,258.1700134277344,241.8699951171875,258.04998779296875,699400,0.0,0.0
2022-09-08 00:00:00-04:00,251.4600067138672,263.6000061035156,250.0,261.7099914550781,1345300,0.0,0.0
2022-09-09 00:00:00-04:00,265.5899963378906,279.9700012207031,263.989990234375,273.55999755859375,1813000,0.0,0.0
2022-09-12 00:00:00-04:00,274.010009765625,289.07000732421875,274.010009765625,277.6199951171875,809600,0.0,0.0
2022-09-13 00:00:00-04:00,265.3900146484375,270.0,258.8900146484375,262.3299865722656,990300,0.0,0.0
2022-09-14 00:00:00-04:00,265.239990234375,266.8699951171875,258.2699890136719,262.8399963378906,664000,0.0,0.0
2022-09-15 00:00:00-04:00,261.0400085449219,271.5199890136719,256.2300109863281,259.2200012207031,863200,0.0,0.0
2022-09-16 00:00:00-04:00,256.5299987792969,261.70001220703125,252.0,257.6499938964844,1181400,0.0,0.0
2022-09-19 00:00:00-04:00,256.3500061035156,265.8699951171875,255.8699951171875,265.8299865722656,539200,0.0,0.0
2022-09-20 00:00:00-04:00,261.1099853515625,262.5199890136719,251.99000549316406,254.3699951171875,629500,0.0,0.0
2022-09-21 00:00:00-04:00,257.3399963378906,266.45001220703125,253.6199951171875,256.04998779296875,690900,0.0,0.0
2022-09-22 00:00:00-04:00,253.00999450683594,255.3300018310547,246.1199951171875,248.13999938964844,804400,0.0,0.0
2022-09-23 00:00:00-04:00,242.97999572753906,250.3800048828125,242.97999572753906,246.44000244140625,635800,0.0,0.0
2022-09-26 00:00:00-04:00,246.14999389648438,250.33999633789062,239.22999572753906,240.6199951171875,595500,0.0,0.0
2022-09-27 00:00:00-04:00,246.0,253.25999450683594,245.44000244140625,248.0500030517578,737200,0.0,0.0
2022-09-28 00:00:00-04:00,250.17999267578125,260.7099914550781,248.0,259.0299987792969,572000,0.0,0.0
2022-09-29 00:00:00-04:00,253.0,253.19000244140625,247.4600067138672,250.50999450683594,566400,0.0,0.0
2022-09-30 00:00:00-04:00,247.8300018310547,252.02000427246094,242.19000244140625,246.07000732421875,629000,0.0,0.0
2022-10-03 00:00:00-04:00,247.33999633789062,256.8800048828125,243.07000732421875,254.25999450683594,612400,0.0,0.0
2022-10-04 00:00:00-04:00,262.6700134277344,268.3900146484375,260.3999938964844,265.7099914550781,548700,0.0,0.0
2022-10-05 00:00:00-04:00,260.69000244140625,267.4100036621094,255.83999633789062,264.4100036621094,477700,0.0,0.0
2022-10-06 00:00:00-04:00,262.5,268.25,261.25,264.8800048828125,433300,0.0,0.0
2022-10-07 00:00:00-04:00,259.6199951171875,262.4700012207031,253.72000122070312,256.8399963378906,532100,0.0,0.0
2022-10-10 00:00:00-04:00,258.25,258.3500061035156,243.69000244140625,250.66000366210938,524200,0.0,0.0
2022-10-11 00:00:00-04:00,249.33999633789062,254.75,245.0500030517578,251.33999633789062,630300,0.0,0.0
2022-10-12 00:00:00-04:00,250.9600067138672,254.0,246.6699981689453,247.10000610351562,454500,0.0,0.0
2022-10-13 00:00:00-04:00,237.42999267578125,248.05999755859375,231.8800048828125,243.66000366210938,902700,0.0,0.0
2022-10-14 00:00:00-04:00,245.44000244140625,250.94000244140625,233.39999389648438,234.0399932861328,652300,0.0,0.0
2022-10-17 00:00:00-04:00,241.6999969482422,245.64999389648438,239.05999755859375,241.0,525300,0.0,0.0
2022-10-18 00:00:00-04:00,250.2899932861328,254.0,243.3000030517578,246.25,499300,0.0,0.0
2022-10-19 00:00:00-04:00,243.22000122070312,243.9199981689453,233.10000610351562,235.72000122070312,548400,0.0,0.0
2022-10-20 00:00:00-04:00,236.0,241.10000610351562,230.60000610351562,231.63999938964844,605100,0.0,0.0
2022-10-21 00:00:00-04:00,229.0,241.80999755859375,227.0,240.39999389648438,605100,0.0,0.0
2022-10-24 00:00:00-04:00,242.1999969482422,242.8000030517578,230.5,234.4600067138672,743700,0.0,0.0
2022-10-25 00:00:00-04:00,236.33999633789062,256.17999267578125,234.5500030517578,246.97999572753906,894100,0.0,0.0
2022-10-26 00:00:00-04:00,246.7100067138672,258.7900085449219,244.50999450683594,252.13999938964844,620400,0.0,0.0
2022-10-27 00:00:00-04:00,251.99000549316406,256.8299865722656,245.13999938964844,245.30999755859375,512600,0.0,0.0
2022-10-28 00:00:00-04:00,242.11000061035156,257.69000244140625,242.11000061035156,255.5800018310547,590500,0.0,0.0
2022-10-31 00:00:00-04:00,253.02999877929688,258.6000061035156,251.36000061035156,253.92999267578125,429700,0.0,0.0
2022-11-01 00:00:00-04:00,259.8500061035156,261.42999267578125,249.55999755859375,250.44000244140625,440400,0.0,0.0
2022-11-02 00:00:00-04:00,249.13999938964844,250.3699951171875,233.49000549316406,233.97000122070312,673500,0.0,0.0
2022-11-03 00:00:00-04:00,229.89999389648438,238.5800018310547,229.0,236.13999938964844,436900,0.0,0.0
2022-11-04 00:00:00-04:00,243.0,246.2100067138672,232.6300048828125,246.05999755859375,631200,0.0,0.0
2022-11-07 00:00:00-05:00,249.91000366210938,260.29998779296875,248.8000030517578,259.2300109863281,698500,0.0,0.0
2022-11-08 00:00:00-05:00,262.8999938964844,265.489990234375,251.52999877929688,258.04998779296875,696400,0.0,0.0
2022-11-09 00:00:00-05:00,253.64999389648438,259.19000244140625,248.33999633789062,253.47000122070312,533700,0.0,0.0
2022-11-10 00:00:00-05:00,271.7099914550781,282.55999755859375,270.010009765625,282.55999755859375,1448200,0.0,0.0
2022-11-11 00:00:00-05:00,283.42999267578125,297.80999755859375,282.1199951171875,291.3399963378906,763900,0.0,0.0
2022-11-14 00:00:00-05:00,288.82000732421875,289.8800048828125,278.25,285.2200012207031,696400,0.0,0.0
2022-11-15 00:00:00-05:00,299.1499938964844,303.04998779296875,290.32000732421875,296.1000061035156,751600,0.0,0.0
2022-11-16 00:00:00-05:00,286.57000732421875,295.3699951171875,280.7799987792969,291.1199951171875,816000,0.0,0.0
2022-11-17 00:00:00-05:00,285.8500061035156,290.4100036621094,282.82000732421875,288.5,656500,0.0,0.0
2022-11-18 00:00:00-05:00,276.70001220703125,281.1600036621094,269.9599914550781,274.95001220703125,894700,0.0,0.0
2022-11-21 00:00:00-05:00,268.8599853515625,270.5,258.19000244140625,263.1199951171875,930900,0.0,0.0
2022-11-22 00:00:00-05:00,266.92999267578125,273.30999755859375,265.2699890136719,270.25,558800,0.0,0.0
2022-11-23 00:00:00-05:00,271.0899963378906,276.7200012207031,268.2099914550781,276.45001220703125,433400,0.0,0.0
2022-11-25 00:00:00-05:00,275.69000244140625,278.9700012207031,273.7699890136719,277.2200012207031,209600,0.0,0.0
2022-11-28 00:00:00-05:00,275.4700012207031,280.5,272.8699951171875,275.07000732421875,444000,0.0,0.0
2022-11-29 00:00:00-05:00,274.8900146484375,276.9100036621094,268.6199951171875,276.1499938964844,411000,0.0,0.0
2022-11-30 00:00:00-05:00,277.70001220703125,287.9800109863281,271.3500061035156,286.8299865722656,719500,0.0,0.0
2022-12-01 00:00:00-05:00,288.94000244140625,292.6300048828125,276.8900146484375,281.20001220703125,636800,0.0,0.0
2022-12-02 00:00:00-05:00,275.70001220703125,284.04998779296875,274.32000732421875,280.8599853515625,551200,0.0,0.0
2022-12-05 00:00:00-05:00,277.0899963378906,278.9100036621094,256.6300048828125,260.80999755859375,841100,0.0,0.0
2022-12-06 00:00:00-05:00,262.0,262.0,253.49000549316406,259.0400085449219,735500,0.0,0.0
2022-12-07 00:00:00-05:00,256.0,263.9100036621094,255.25,262.04998779296875,522600,0.0,0.0
2022-12-08 00:00:00-05:00,263.9700012207031,267.5,258.7200012207031,266.3800048828125,988800,0.0,0.0
2022-12-09 00:00:00-05:00,255.3000030517578,280.760009765625,251.5,274.4800109863281,1705300,0.0,0.0
2022-12-12 00:00:00-05:00,264.6600036621094,266.8900146484375,248.25,253.05999755859375,1871100,0.0,0.0
2022-12-13 00:00:00-05:00,265.2699890136719,266.3299865722656,258.0199890136719,263.05999755859375,1330500,0.0,0.0
2022-12-14 00:00:00-05:00,260.489990234375,265.30999755859375,256.1099853515625,259.4800109863281,948600,0.0,0.0
2022-12-15 00:00:00-05:00,254.5500030517578,260.6199951171875,248.00999450683594,259.8999938964844,861400,0.0,0.0
2022-12-16 00:00:00-05:00,255.97000122070312,261.0199890136719,250.8000030517578,255.0,1356300,0.0,0.0
2022-12-19 00:00:00-05:00,255.0,255.0,246.72000122070312,252.05999755859375,1134400,0.0,0.0
2022-12-20 00:00:00-05:00,250.0,260.989990234375,248.7100067138672,255.07000732421875,678100,0.0,0.0
2022-12-21 00:00:00-05:00,257.67999267578125,266.0,257.0299987792969,264.4700012207031,738800,0.0,0.0
2022-12-22 00:00:00-05:00,259.8900146484375,262.4800109863281,254.00999450683594,262.260009765625,698100,0.0,0.0
2022-12-23 00:00:00-05:00,262.57000732421875,267.1199951171875,257.5199890136719,264.4100036621094,569800,0.0,0.0
2022-12-27 00:00:00-05:00,262.45001220703125,264.1499938964844,259.0400085449219,260.6300048828125,475900,0.0,0.0
2022-12-28 00:00:00-05:00,259.9100036621094,264.010009765625,259.05999755859375,260.05999755859375,669200,0.0,0.0
2022-12-29 00:00:00-05:00,262.45001220703125,268.7099914550781,261.989990234375,268.3500061035156,545100,0.0,0.0
2022-12-30 00:00:00-05:00,264.25,267.54998779296875,262.6700134277344,267.19000244140625,622200,0.0,0.0
2023-01-03 00:00:00-05:00,273.0,275.8999938964844,250.97999572753906,253.27999877929688,912600,0.0,0.0
2023-01-04 00:00:00-05:00,260.6499938964844,277.239990234375,257.6700134277344,276.7799987792969,1139700,0.0,0.0
2023-01-05 00:00:00-05:00,273.5400085449219,284.1199951171875,272.0,281.3900146484375,677900,0.0,0.0
2023-01-06 00:00:00-05:00,281.0,292.44000244140625,279.6600036621094,292.07000732421875,945000,0.0,0.0
2023-01-09 00:00:00-05:00,296.5,302.1199951171875,294.07000732421875,299.5899963378906,979300,0.0,0.0
2023-01-10 00:00:00-05:00,300.6600036621094,309.6600036621094,296.7300109863281,309.6600036621094,935100,0.0,0.0
2023-01-11 00:00:00-05:00,314.1499938964844,317.6700134277344,312.2099914550781,316.4800109863281,1146800,0.0,0.0
2023-01-12 00:00:00-05:00,319.75,323.95001220703125,312.2200012207031,319.4100036621094,1065400,0.0,0.0
2023-01-13 00:00:00-05:00,313.82000732421875,319.0,308.8800048828125,310.3800048828125,858900,0.0,0.0
2023-01-17 00:00:00-05:00,306.8900146484375,311.5199890136719,305.8999938964844,309.25,777800,0.0,0.0
2023-01-18 00:00:00-05:00,310.8900146484375,313.54998779296875,298.6099853515625,300.42999267578125,766600,0.0,0.0
2023-01-19 00:00:00-05:00,295.75,297.19000244140625,290.0,292.70001220703125,606600,0.0,0.0
2023-01-20 00:00:00-05:00,293.3599853515625,299.7699890136719,287.2099914550781,299.1700134277344,576200,0.0,0.0
2023-01-23 00:00:00-05:00,301.0199890136719,311.989990234375,300.5,311.2200012207031,692500,0.0,0.0
2023-01-24 00:00:00-05:00,308.0,311.6099853515625,304.1600036621094,306.4200134277344,327900,0.0,0.0
2023-01-25 00:00:00-05:00,301.510009765625,308.1199951171875,297.3299865722656,308.1199951171875,344500,0.0,0.0
2023-01-26 00:00:00-05:00,312.0,314.6000061035156,303.4700012207031,308.989990234375,327900,0.0,0.0
2023-01-27 00:00:00-05:00,307.0,312.70001220703125,305.19000244140625,310.6499938964844,426500,0.0,0.0
2023-01-30 00:00:00-05:00,305.3500061035156,313.70001220703125,305.0,305.5199890136719,462500,0.0,0.0
2023-01-31 00:00:00-05:00,307.19000244140625,312.0,307.19000244140625,311.989990234375,703900,0.0,0.0
2023-02-01 00:00:00-05:00,311.05999755859375,325.75,307.75,323.989990234375,818800,0.0,0.0
2023-02-02 00:00:00-05:00,329.8900146484375,351.5299987792969,325.1000061035156,347.04998779296875,1538100,0.0,0.0
2023-02-03 00:00:00-05:00,338.739990234375,347.5,338.7300109863281,343.6199951171875,628300,0.0,0.0
2023-02-06 00:00:00-05:00,325.3900146484375,330.989990234375,312.9200134277344,318.42999267578125,1740500,0.0,0.0
2023-02-07 00:00:00-05:00,315.4200134277344,320.7300109863281,312.0899963378906,319.25,996200,0.0,0.0
2023-02-08 00:00:00-05:00,318.8999938964844,326.0799865722656,312.7200012207031,320.80999755859375,632100,0.0,0.0
2023-02-09 00:00:00-05:00,325.6600036621094,327.4800109863281,314.25,316.0,527800,0.0,0.0
2023-02-10 00:00:00-05:00,312.9100036621094,315.17999267578125,305.2099914550781,306.2300109863281,500200,0.0,0.0
2023-02-13 00:00:00-05:00,306.9100036621094,321.0799865722656,303.75,320.17999267578125,547600,0.0,0.0
2023-02-14 00:00:00-05:00,317.29998779296875,326.9599914550781,314.7099914550781,326.7799987792969,497400,0.0,0.0
2023-02-15 00:00:00-05:00,324.67999267578125,334.3800048828125,323.3299865722656,331.7900085449219,569000,0.0,0.0
2023-02-16 00:00:00-05:00,325.5899963378906,328.29998779296875,321.0,321.7699890136719,398600,0.0,0.0
2023-02-17 00:00:00-05:00,320.0,320.0,309.260009765625,315.8800048828125,570600,0.0,0.0
2023-02-21 00:00:00-05:00,307.8399963378906,308.67999267578125,299.8599853515625,304.010009765625,576100,0.0,0.0
2023-02-22 00:00:00-05:00,305.0,308.7300109863281,303.3599853515625,306.5899963378906,393100,0.0,0.0
2023-02-23 00:00:00-05:00,305.2699890136719,307.17999267578125,299.3500061035156,302.82000732421875,394300,0.0,0.0
2023-02-24 00:00:00-05:00,297.20001220703125,305.1300048828125,294.67999267578125,303.17999267578125,473100,0.0,0.0
2023-02-27 00:00:00-05:00,306.5400085449219,307.80999755859375,300.6000061035156,302.9599914550781,329400,0.0,0.0
2023-02-28 00:00:00-05:00,302.57000732421875,304.5299987792969,299.0,299.0299987792969,398600,0.0,0.0
2023-03-01 00:00:00-05:00,295.79998779296875,298.7099914550781,289.42999267578125,291.54998779296875,505800,0.0,0.0
2023-03-02 00:00:00-05:00,287.7099914550781,294.79998779296875,286.0,293.1499938964844,355900,0.0,0.0
2023-03-03 00:00:00-05:00,295.2300109863281,300.19000244140625,290.95001220703125,297.2099914550781,527400,0.0,0.0
2023-03-06 00:00:00-05:00,288.79998779296875,294.07000732421875,280.7099914550781,282.5299987792969,939500,0.0,0.0
2023-03-07 00:00:00-05:00,283.739990234375,287.8999938964844,281.54998779296875,282.5199890136719,734400,0.0,0.0
2023-03-08 00:00:00-05:00,282.80999755859375,285.2300109863281,278.8399963378906,279.75,567300,0.0,0.0
2023-03-09 00:00:00-05:00,276.6400146484375,278.260009765625,267.1000061035156,267.1099853515625,827600,0.0,0.0
2023-03-10 00:00:00-05:00,265.6099853515625,267.07000732421875,255.82000732421875,259.7300109863281,1008600,0.0,0.0
2023-03-13 00:00:00-04:00,254.57000732421875,258.239990234375,250.0800018310547,253.66000366210938,760300,0.0,0.0
2023-03-14 00:00:00-04:00,259.2300109863281,260.2799987792969,247.1999969482422,252.0800018310547,660300,0.0,0.0
2023-03-15 00:00:00-04:00,247.11000061035156,248.85000610351562,239.27999877929688,244.1999969482422,1053500,0.0,0.0
2023-03-16 00:00:00-04:00,241.97000122070312,250.6199951171875,237.8300018310547,248.2899932861328,989900,0.0,0.0
2023-03-17 00:00:00-04:00,246.44000244140625,248.6999969482422,240.3300018310547,246.4199981689453,749300,0.0,0.0
2023-03-20 00:00:00-04:00,247.0,250.94000244140625,244.41000366210938,248.6300048828125,902600,0.0,0.0
2023-03-21 00:00:00-04:00,252.3699951171875,256.8800048828125,251.0399932861328,256.260009765625,609200,0.0,0.0
2023-03-22 00:00:00-04:00,257.25,257.260009765625,246.5399932861328,247.10000610351562,653200,0.0,0.0
2023-03-23 00:00:00-04:00,248.72000122070312,249.82000732421875,237.83999633789062,243.64999389648438,1134800,0.0,0.0
2023-03-24 00:00:00-04:00,240.1300048828125,243.00999450683594,235.4600067138672,241.94000244140625,552000,0.0,0.0
2023-03-27 00:00:00-04:00,244.63999938964844,244.63999938964844,237.19000244140625,241.00999450683594,820800,0.0,0.0
2023-03-28 00:00:00-04:00,240.44000244140625,246.4600067138672,239.8000030517578,241.2899932861328,790300,0.0,0.0
2023-03-29 00:00:00-04:00,244.2100067138672,246.27999877929688,239.32000732421875,245.7100067138672,2599500,0.0,0.0
2023-03-30 00:00:00-04:00,238.0,249.94000244140625,234.0,237.6300048828125,4109800,0.0,0.0
2023-03-31 00:00:00-04:00,238.58999633789062,244.89999389648438,238.58999633789062,243.5500030517578,1332000,0.0,0.0
2023-04-03 00:00:00-04:00,243.0,246.11000061035156,239.74000549316406,241.8300018310547,1146600,0.0,0.0
2023-04-04 00:00:00-04:00,243.0,243.5,233.9199981689453,241.6999969482422,1205800,0.0,0.0
2023-04-05 00:00:00-04:00,238.9499969482422,239.63999938964844,231.86000061035156,232.17999267578125,1190100,0.0,0.0
2023-04-06 00:00:00-04:00,231.83999633789062,239.14999389648438,230.64999389648438,236.92999267578125,878700,0.0,0.0
2023-04-10 00:00:00-04:00,235.2899932861328,240.8800048828125,234.63999938964844,240.61000061035156,444500,0.0,0.0
2023-04-11 00:00:00-04:00,242.0500030517578,242.38999938964844,236.60000610351562,239.1699981689453,739800,0.0,0.0
2023-04-12 00:00:00-04:00,244.42999267578125,246.32000732421875,235.24000549316406,235.4600067138672,649400,0.0,0.0
2023-04-13 00:00:00-04:00,236.69000244140625,238.19000244140625,234.3000030517578,235.74000549316406,655100,0.0,0.0
2023-04-14 00:00:00-04:00,236.25999450683594,238.25,230.75,233.8800048828125,733100,0.0,0.0
2023-04-17 00:00:00-04:00,233.6699981689453,239.25,232.5399932861328,239.1699981689453,591700,0.0,0.0
2023-04-18 00:00:00-04:00,241.72999572753906,245.57000732421875,240.4499969482422,245.27000427246094,712600,0.0,0.0
2023-04-19 00:00:00-04:00,242.7100067138672,251.92999267578125,241.2899932861328,250.13999938964844,688900,0.0,0.0
2023-04-20 00:00:00-04:00,247.80999755859375,251.7100067138672,245.27999877929688,245.99000549316406,588100,0.0,0.0
2023-04-21 00:00:00-04:00,247.39999389648438,249.0500030517578,244.16000366210938,245.14999389648438,424500,0.0,0.0
2023-04-24 00:00:00-04:00,245.75999450683594,252.4499969482422,245.75999450683594,251.39999389648438,901500,0.0,0.0
2023-04-25 00:00:00-04:00,251.27999877929688,251.55999755859375,245.3300018310547,245.64999389648438,553100,0.0,0.0
2023-04-26 00:00:00-04:00,247.2100067138672,248.19000244140625,244.4499969482422,245.1999969482422,735100,0.0,0.0
2023-04-27 00:00:00-04:00,247.64999389648438,256.8399963378906,246.1999969482422,254.75,486200,0.0,0.0
2023-04-28 00:00:00-04:00,254.57000732421875,256.57000732421875,251.6999969482422,255.1300048828125,607200,0.0,0.0
2023-05-01 00:00:00-04:00,256.1400146484375,262.70001220703125,254.97000122070312,259.3599853515625,808100,0.0,0.0
2023-05-02 00:00:00-04:00,257.55999755859375,260.94000244140625,251.4600067138672,257.79998779296875,576100,0.0,0.0
2023-05-03 00:00:00-04:00,256.94000244140625,263.45001220703125,256.1600036621094,256.57000732421875,530100,0.0,0.0
2023-05-04 00:00:00-04:00,255.63999938964844,256.989990234375,251.7899932861328,252.49000549316406,554500,0.0,0.0
2023-05-05 00:00:00-04:00,256.3800048828125,263.69000244140625,255.0500030517578,261.7200012207031,755500,0.0,0.0
2023-05-08 00:00:00-04:00,261.54998779296875,262.75,254.86000061035156,257.4200134277344,903300,0.0,0.0
2023-05-09 00:00:00-04:00,255.1999969482422,266.17999267578125,254.94000244140625,262.7200012207031,674800,0.0,0.0
2023-05-10 00:00:00-04:00,266.2099914550781,269.29998779296875,259.45001220703125,262.260009765625,727200,0.0,0.0
2023-05-11 00:00:00-04:00,263.010009765625,265.4700012207031,260.0799865722656,265.010009765625,797800,0.0,0.0
2023-05-12 00:00:00-04:00,264.4700012207031,264.9100036621094,257.8299865722656,259.7300109863281,635900,0.0,0.0
2023-05-15 00:00:00-04:00,259.2699890136719,264.6700134277344,258.5299987792969,264.6300048828125,1088100,0.0,0.0
2023-05-16 00:00:00-04:00,254.5500030517578,255.22999572753906,240.1699981689453,241.41000366210938,1790400,0.0,0.0
2023-05-17 00:00:00-04:00,242.0,259.4100036621094,240.1300048828125,258.5899963378906,1285600,0.0,0.0
2023-05-18 00:00:00-04:00,260.1300048828125,265.989990234375,257.45001220703125,265.6199951171875,754400,0.0,0.0
2023-05-19 00:00:00-04:00,264.1600036621094,265.04998779296875,257.1099853515625,261.4200134277344,688700,0.0,0.0
2023-05-22 00:00:00-04:00,260.19000244140625,261.0,254.94000244140625,256.69000244140625,931300,0.0,0.0
2023-05-23 00:00:00-04:00,260.0,265.2900085449219,254.72000122070312,256.67999267578125,1099800,0.0,0.0
2023-05-24 00:00:00-04:00,254.69000244140625,261.8599853515625,251.2100067138672,259.7699890136719,891100,0.0,0.0
2023-05-25 00:00:00-04:00,261.1400146484375,262.29998779296875,253.00999450683594,254.6300048828125,790500,0.0,0.0
2023-05-26 00:00:00-04:00,243.74000549316406,249.58999633789062,235.63999938964844,246.82000732421875,1811600,0.0,0.0
2023-05-30 00:00:00-04:00,249.5,252.0,244.60000610351562,251.6699981689453,838000,0.0,0.0
2023-05-31 00:00:00-04:00,252.0,252.89999389648438,242.00999450683594,244.97999572753906,591400,0.0,0.0
2023-06-01 00:00:00-04:00,243.86000061035156,246.97999572753906,236.66000366210938,244.63999938964844,536700,0.0,0.0
2023-06-02 00:00:00-04:00,247.99000549316406,254.5500030517578,247.85000610351562,252.2100067138672,490400,0.0,0.0
2023-06-05 00:00:00-04:00,252.69000244140625,256.8599853515625,250.00999450683594,256.510009765625,362700,0.0,0.0
2023-06-06 00:00:00-04:00,257.05999755859375,267.8999938964844,255.7100067138672,265.79998779296875,650400,0.0,0.0
2023-06-07 00:00:00-04:00,268.989990234375,275.67999267578125,265.9599914550781,267.1000061035156,706400,0.0,0.0
2023-06-08 00:00:00-04:00,267.7799987792969,269.9100036621094,263.30999755859375,264.3399963378906,389500,0.0,0.0
2023-06-09 00:00:00-04:00,266.69000244140625,268.45001220703125,263.3399963378906,264.2699890136719,372600,0.0,0.0
2023-06-12 00:00:00-04:00,265.0,270.6700134277344,264.2799987792969,269.5899963378906,550500,0.0,0.0
2023-06-13 00:00:00-04:00,270.5799865722656,280.2699890136719,270.510009765625,280.04998779296875,962900,0.0,0.0
2023-06-14 00:00:00-04:00,280.3800048828125,287.489990234375,272.80999755859375,275.8299865722656,855700,0.0,0.0
2023-06-15 00:00:00-04:00,275.8399963378906,284.6400146484375,275.07000732421875,282.8599853515625,595800,0.0,0.0
2023-06-16 00:00:00-04:00,285.989990234375,288.7900085449219,280.6300048828125,282.6000061035156,947200,0.0,0.0
2023-06-20 00:00:00-04:00,278.3800048828125,291.1099853515625,275.19000244140625,289.57000732421875,1026000,0.0,0.0
2023-06-21 00:00:00-04:00,290.29998779296875,292.69000244140625,284.760009765625,287.79998779296875,1040700,0.0,0.0
2023-06-22 00:00:00-04:00,287.8999938964844,297.0,284.5,292.510009765625,874400,0.0,0.0
2023-06-23 00:00:00-04:00,289.8399963378906,293.6000061035156,286.8699951171875,290.8900146484375,950400,0.0,0.0
2023-06-26 00:00:00-04:00,291.1099853515625,299.5400085449219,291.1099853515625,297.07000732421875,784300,0.0,0.0
2023-06-27 00:00:00-04:00,298.0,308.4200134277344,297.3999938964844,305.57000732421875,1067500,0.0,0.0
2023-06-28 00:00:00-04:00,304.4700012207031,313.6600036621094,303.5,310.44000244140625,979100,0.0,0.0
2023-06-29 00:00:00-04:00,311.0,323.8699951171875,309.3900146484375,322.239990234375,1445800,0.0,0.0
2023-06-30 00:00:00-04:00,325.57000732421875,331.1099853515625,319.5199890136719,329.5899963378906,1017400,0.0,0.0
2023-07-03 00:00:00-04:00,329.8599853515625,334.70001220703125,325.9800109863281,331.7900085449219,652500,0.0,0.0
2023-07-05 00:00:00-04:00,330.19000244140625,333.2900085449219,326.05999755859375,332.489990234375,906600,0.0,0.0
2023-07-06 00:00:00-04:00,327.2099914550781,328.1300048828125,319.19000244140625,324.6099853515625,1172000,0.0,0.0
2023-07-07 00:00:00-04:00,325.2799987792969,334.0,324.75,329.57000732421875,801500,0.0,0.0
2023-07-10 00:00:00-04:00,332.0,348.4599914550781,331.20001220703125,347.260009765625,1259800,0.0,0.0
2023-07-11 00:00:00-04:00,350.0,366.9200134277344,348.239990234375,365.67999267578125,1330000,0.0,0.0
2023-07-12 00:00:00-04:00,373.4200134277344,373.7099914550781,365.989990234375,370.5799865722656,1170200,0.0,0.0
2023-07-13 00:00:00-04:00,370.69000244140625,375.3299865722656,367.510009765625,369.67999267578125,1339600,0.0,0.0
2023-07-14 00:00:00-04:00,373.0,380.29998779296875,372.0199890136719,376.9700012207031,1347300,0.0,0.0
2023-07-17 00:00:00-04:00,375.6099853515625,376.8800048828125,362.510009765625,364.989990234375,1391200,0.0,0.0
2023-07-18 00:00:00-04:00,366.82000732421875,371.3599853515625,365.0299987792969,369.2699890136719,527100,0.0,0.0
2023-07-19 00:00:00-04:00,372.0,381.55999755859375,369.7699890136719,381.07000732421875,708500,0.0,0.0
2023-07-20 00:00:00-04:00,380.4200134277344,383.75,375.7900085449219,377.0799865722656,611100,0.0,0.0
2023-07-21 00:00:00-04:00,379.3500061035156,380.42999267578125,374.7200012207031,377.7200012207031,533600,0.0,0.0
2023-07-24 00:00:00-04:00,378.6600036621094,385.3900146484375,374.94000244140625,381.510009765625,505700,0.0,0.0
2023-07-25 00:00:00-04:00,380.1700134277344,386.5400085449219,378.2300109863281,385.44000244140625,468700,0.0,0.0
2023-07-26 00:00:00-04:00,383.79998779296875,391.0899963378906,382.70001220703125,389.92999267578125,409700,0.0,0.0
2023-07-27 00:00:00-04:00,394.29998779296875,394.29998779296875,379.1499938964844,381.17999267578125,750000,0.0,0.0
2023-07-28 00:00:00-04:00,386.1000061035156,388.2699890136719,382.260009765625,387.2900085449219,385400,0.0,0.0
2023-07-31 00:00:00-04:00,389.1099853515625,391.5199890136719,383.80999755859375,388.1700134277344,385600,0.0,0.0
2023-08-01 00:00:00-04:00,386.8999938964844,390.3299865722656,383.3299865722656,390.32000732421875,464600,0.0,0.0
2023-08-02 00:00:00-04:00,385.2799987792969,388.2300109863281,382.0299987792969,388.0899963378906,401900,0.0,0.0
2023-08-03 00:00:00-04:00,388.0899963378906,406.3800048828125,386.5299987792969,399.95001220703125,643900,0.0,0.0
2023-08-04 00:00:00-04:00,398.3500061035156,399.0799865722656,390.4100036621094,392.8500061035156,475900,0.0,0.0
2023-08-07 00:00:00-04:00,396.239990234375,405.54998779296875,396.0199890136719,401.8399963378906,682700,0.0,0.0
2023-08-08 00:00:00-04:00,395.2099914550781,400.94000244140625,392.05999755859375,399.57000732421875,392500,0.0,0.0
2023-08-09 00:00:00-04:00,402.04998779296875,403.0400085449219,389.1000061035156,390.55999755859375,736000,0.0,0.0
2023-08-10 00:00:00-04:00,395.0,396.04998779296875,382.7799987792969,385.0799865722656,631000,0.0,0.0
2023-08-11 00:00:00-04:00,382.0899963378906,383.82000732421875,368.75,371.54998779296875,791500,0.0,0.0
2023-08-14 00:00:00-04:00,370.1199951171875,383.6499938964844,367.2799987792969,382.95001220703125,665600,0.0,0.0
2023-08-15 00:00:00-04:00,380.45001220703125,380.989990234375,370.82000732421875,373.6300048828125,546400,0.0,0.0
2023-08-16 00:00:00-04:00,370.1700134277344,372.5,364.6300048828125,365.1199951171875,468200,0.0,0.0
2023-08-17 00:00:00-04:00,365.989990234375,368.19000244140625,355.07000732421875,356.6499938964844,530400,0.0,0.0
2023-08-18 00:00:00-04:00,351.0,356.6400146484375,349.5,353.5,908600,0.0,0.0
2023-08-21 00:00:00-04:00,354.70001220703125,355.8999938964844,342.3399963378906,344.17999267578125,672800,0.0,0.0
2023-08-22 00:00:00-04:00,344.17999267578125,344.8800048828125,331.8399963378906,333.6600036621094,551000,0.0,0.0
2023-08-23 00:00:00-04:00,336.04998779296875,361.6000061035156,336.04998779296875,357.0199890136719,1026400,0.0,0.0
2023-08-24 00:00:00-04:00,356.7200012207031,360.7300109863281,350.260009765625,351.0,509200,0.0,0.0
2023-08-25 00:00:00-04:00,353.4599914550781,353.4599914550781,336.5400085449219,338.7300109863281,675700,0.0,0.0
2023-08-28 00:00:00-04:00,340.2300109863281,348.7300109863281,340.2300109863281,346.8599853515625,339900,0.0,0.0
2023-08-29 00:00:00-04:00,346.8299865722656,357.8699951171875,346.5299987792969,355.0400085449219,330700,0.0,0.0
2023-08-30 00:00:00-04:00,351.4100036621094,359.1400146484375,351.0,355.9100036621094,307000,0.0,0.0
2023-08-31 00:00:00-04:00,357.8500061035156,366.8500061035156,355.3999938964844,365.19000244140625,563400,0.0,0.0
2023-09-01 00:00:00-04:00,371.489990234375,381.70001220703125,368.8399963378906,381.04998779296875,739600,0.0,0.0
2023-09-05 00:00:00-04:00,378.3900146484375,388.4800109863281,375.0,385.7699890136719,912400,0.0,0.0
2023-09-06 00:00:00-04:00,381.6300048828125,384.4100036621094,361.7300109863281,373.32000732421875,702400,0.0,0.0
2023-09-07 00:00:00-04:00,370.260009765625,372.3999938964844,366.3500061035156,368.54998779296875,1309500,0.0,0.0
2023-09-08 00:00:00-04:00,336.0,346.20001220703125,309.0,310.95001220703125,4728000,0.0,0.0
2023-09-11 00:00:00-04:00,313.2099914550781,321.2300109863281,309.5799865722656,316.7900085449219,1296900,0.0,0.0
2023-09-12 00:00:00-04:00,314.9599914550781,316.04998779296875,306.55999755859375,306.9800109863281,886200,0.0,0.0
2023-09-13 00:00:00-04:00,305.1499938964844,310.5899963378906,303.29998779296875,310.5899963378906,645500,0.0,0.0
2023-09-14 00:00:00-04:00,307.1400146484375,311.7099914550781,304.3599853515625,307.25,666300,0.0,0.0
2023-09-15 00:00:00-04:00,304.70001220703125,305.44000244140625,300.7300109863281,303.5899963378906,1135800,0.0,0.0
2023-09-18 00:00:00-04:00,301.79998779296875,302.1499938964844,290.8299865722656,292.57000732421875,981200,0.0,0.0
2023-09-19 00:00:00-04:00,291.8999938964844,292.8299865722656,286.5400085449219,289.8699951171875,727300,0.0,0.0
2023-09-20 00:00:00-04:00,292.8800048828125,294.95001220703125,285.760009765625,286.69000244140625,497600,0.0,0.0
2023-09-21 00:00:00-04:00,283.5,283.5,270.9800109863281,271.1499938964844,1296600,0.0,0.0
2023-09-22 00:00:00-04:00,273.7699890136719,273.7699890136719,261.45001220703125,263.9100036621094,1373300,0.0,0.0
2023-09-25 00:00:00-04:00,264.9800109863281,269.8500061035156,263.69000244140625,265.20001220703125,1344200,0.0,0.0
2023-09-26 00:00:00-04:00,262.57000732421875,264.6199951171875,255.9600067138672,257.3699951171875,1247100,0.0,0.0
2023-09-27 00:00:00-04:00,259.489990234375,261.0,253.75,256.70001220703125,789700,0.0,0.0
2023-09-28 00:00:00-04:00,255.1699981689453,262.94000244140625,253.1199951171875,259.1300048828125,974400,0.0,0.0
2023-09-29 00:00:00-04:00,263.6300048828125,268.67999267578125,262.1600036621094,264.3599853515625,725700,0.0,0.0
2023-10-02 00:00:00-04:00,263.4200134277344,265.8900146484375,259.04998779296875,262.010009765625,495200,0.0,0.0
2023-10-03 00:00:00-04:00,259.1600036621094,260.32000732421875,250.25999450683594,253.55999755859375,649900,0.0,0.0
2023-10-04 00:00:00-04:00,254.9600067138672,255.0399932861328,246.92999267578125,248.4499969482422,666600,0.0,0.0
2023-10-05 00:00:00-04:00,248.3699951171875,248.4499969482422,238.64999389648438,240.17999267578125,700300,0.0,0.0
2023-10-06 00:00:00-04:00,237.99000549316406,250.86000061035156,235.6999969482422,248.27999877929688,874100,0.0,0.0
2023-10-09 00:00:00-04:00,244.4600067138672,246.41000366210938,240.1199951171875,245.6300048828125,600600,0.0,0.0
2023-10-10 00:00:00-04:00,246.22000122070312,255.4499969482422,245.27999877929688,247.77000427246094,650900,0.0,0.0
2023-10-11 00:00:00-04:00,249.11000061035156,253.8300018310547,248.8300018310547,249.85000610351562,566500,0.0,0.0
2023-10-12 00:00:00-04:00,248.58999633789062,248.9600067138672,235.1699981689453,238.97000122070312,712800,0.0,0.0
2023-10-13 00:00:00-04:00,237.75999450683594,240.35000610351562,231.75999450683594,238.52999877929688,1057000,0.0,0.0
2023-10-16 00:00:00-04:00,240.94000244140625,245.97000122070312,239.8300018310547,244.7100067138672,650000,0.0,0.0
2023-10-17 00:00:00-04:00,242.6999969482422,253.02999877929688,240.8000030517578,251.02000427246094,610300,0.0,0.0
2023-10-18 00:00:00-04:00,248.0,248.22999572753906,239.49000549316406,239.88999938964844,611800,0.0,0.0
2023-10-19 00:00:00-04:00,239.07000732421875,240.5,229.3300018310547,231.17999267578125,926100,0.0,0.0
2023-10-20 00:00:00-04:00,230.41000366210938,233.6199951171875,226.75,232.4499969482422,751700,0.0,0.0
2023-10-23 00:00:00-04:00,230.55999755859375,238.77999877929688,227.50999450683594,233.05999755859375,527200,0.0,0.0
2023-10-24 00:00:00-04:00,235.4499969482422,236.63999938964844,227.22000122070312,231.72000122070312,486400,0.0,0.0
2023-10-25 00:00:00-04:00,228.32000732421875,230.49000549316406,224.0800018310547,226.22999572753906,471400,0.0,0.0
2023-10-26 00:00:00-04:00,225.25999450683594,228.72999572753906,214.38999938964844,215.47999572753906,889100,0.0,0.0
2023-10-27 00:00:00-04:00,216.6699981689453,218.60000610351562,212.0800018310547,213.1300048828125,507900,0.0,0.0
2023-10-30 00:00:00-04:00,214.94000244140625,216.9600067138672,209.66000366210938,215.67999267578125,633500,0.0,0.0
2023-10-31 00:00:00-04:00,217.25,218.72999572753906,212.9199981689453,217.9600067138672,529200,0.0,0.0
2023-11-01 00:00:00-04:00,215.99000549316406,218.25999450683594,207.25999450683594,213.3699951171875,868900,0.0,0.0
2023-11-02 00:00:00-04:00,218.36000061035156,229.3000030517578,218.22999572753906,225.02000427246094,1202700,0.0,0.0
2023-11-03 00:00:00-04:00,232.1199951171875,246.0800018310547,231.6300048828125,240.1300048828125,1343700,0.0,0.0
2023-11-06 00:00:00-05:00,240.55999755859375,240.60000610351562,230.5,232.99000549316406,780000,0.0,0.0
2023-11-07 00:00:00-05:00,232.8300018310547,237.5800018310547,231.0,236.14999389648438,605800,0.0,0.0
2023-11-08 00:00:00-05:00,234.4499969482422,238.83999633789062,232.88999938964844,235.5800018310547,461600,0.0,0.0
2023-11-09 00:00:00-05:00,237.5,238.30999755859375,226.75999450683594,228.5,511100,0.0,0.0
2023-11-10 00:00:00-05:00,230.0,234.17999267578125,227.0500030517578,233.52000427246094,454200,0.0,0.0
2023-11-13 00:00:00-05:00,230.85000610351562,234.00999450683594,228.63999938964844,228.9600067138672,437800,0.0,0.0
2023-11-14 00:00:00-05:00,241.0,254.4199981689453,240.99000549316406,246.8699951171875,1116100,0.0,0.0
2023-11-15 00:00:00-05:00,248.27999877929688,263.17999267578125,247.0,259.0899963378906,962800,0.0,0.0
2023-11-16 00:00:00-05:00,253.89999389648438,261.989990234375,252.47000122070312,254.52999877929688,492200,0.0,0.0
2023-11-17 00:00:00-05:00,255.94000244140625,262.3699951171875,254.52999877929688,259.4800109863281,433900,0.0,0.0
2023-11-20 00:00:00-05:00,259.989990234375,270.5799865722656,259.95001220703125,268.42999267578125,743100,0.0,0.0
2023-11-21 00:00:00-05:00,264.8399963378906,268.989990234375,261.2099914550781,268.6000061035156,497400,0.0,0.0
2023-11-22 00:00:00-05:00,271.92999267578125,273.3999938964844,267.79998779296875,270.0,362500,0.0,0.0
2023-11-24 00:00:00-05:00,267.989990234375,271.5400085449219,267.989990234375,268.82000732421875,149300,0.0,0.0
2023-11-27 00:00:00-05:00,266.3999938964844,268.7300109863281,265.54998779296875,267.3900146484375,383400,0.0,0.0
2023-11-28 00:00:00-05:00,266.75,269.6000061035156,260.5,266.44000244140625,417700,0.0,0.0
2023-11-29 00:00:00-05:00,268.8399963378906,275.0,268.6000061035156,270.6300048828125,400900,0.0,0.0
2023-11-30 00:00:00-05:00,273.75,273.75,267.0199890136719,269.9700012207031,364300,0.0,0.0
2023-12-01 00:00:00-05:00,269.29998779296875,285.6600036621094,267.4700012207031,284.6700134277344,673500,0.0,0.0
2023-12-04 00:00:00-05:00,284.0,290.489990234375,283.0199890136719,290.260009765625,665900,0.0,0.0
2023-12-05 00:00:00-05:00,287.1099853515625,288.1499938964844,277.0299987792969,279.8599853515625,699700,0.0,0.0
2023-12-06 00:00:00-05:00,280.2900085449219,284.0,273.2300109863281,279.8800048828125,632100,0.0,0.0
2023-12-07 00:00:00-05:00,280.7300109863281,285.8500061035156,277.510009765625,281.3999938964844,1215600,0.0,0.0
2023-12-08 00:00:00-05:00,252.10000610351562,253.88999938964844,239.0,242.00999450683594,3732200,0.0,0.0
2023-12-11 00:00:00-05:00,241.14999389648438,252.47000122070312,240.49000549316406,250.5500030517578,1341100,0.0,0.0
2023-12-12 00:00:00-05:00,251.2899932861328,258.5,248.0,253.07000732421875,999800,0.0,0.0
2023-12-13 00:00:00-05:00,254.27999877929688,286.5299987792969,254.0,283.82000732421875,1857400,0.0,0.0
2023-12-14 00:00:00-05:00,290.44000244140625,322.9200134277344,289.9599914550781,317.1300048828125,2605900,0.0,0.0
2023-12-15 00:00:00-05:00,318.5299987792969,318.8699951171875,305.1099853515625,308.6199951171875,1352600,0.0,0.0
2023-12-18 00:00:00-05:00,309.7099914550781,311.7900085449219,299.5400085449219,305.2900085449219,573200,0.0,0.0
2023-12-19 00:00:00-05:00,308.5899963378906,313.25,305.5,312.20001220703125,508700,0.0,0.0
2023-12-20 00:00:00-05:00,308.29998779296875,316.2200012207031,304.55999755859375,305.32000732421875,434200,0.0,0.0
2023-12-21 00:00:00-05:00,312.9800109863281,315.0,305.6099853515625,307.7799987792969,395600,0.0,0.0
2023-12-22 00:00:00-05:00,306.4200134277344,308.8800048828125,301.20001220703125,302.1099853515625,371000,0.0,0.0
2023-12-26 00:00:00-05:00,302.4700012207031,306.5299987792969,299.9200134277344,301.9800109863281,334300,0.0,0.0
2023-12-27 00:00:00-05:00,301.260009765625,302.67999267578125,296.7300109863281,299.3500061035156,271600,0.0,0.0
2023-12-28 00:00:00-05:00,298.7900085449219,301.0,296.3999938964844,300.9800109863281,271000,0.0,0.0
2023-12-29 00:00:00-05:00,299.2300109863281,300.260009765625,291.239990234375,291.4800109863281,530300,0.0,0.0
2024-01-02 00:00:00-05:00,287.69000244140625,295.75,283.760009765625,285.8500061035156,518800,0.0,0.0
2024-01-03 00:00:00-05:00,278.8699951171875,278.8800048828125,264.3999938964844,269.739990234375,914900,0.0,0.0
2024-01-04 00:00:00-05:00,268.510009765625,269.30999755859375,262.80999755859375,266.3399963378906,676600,0.0,0.0
2024-01-05 00:00:00-05:00,263.3599853515625,275.0299987792969,261.54998779296875,263.7099914550781,519900,0.0,0.0
2024-01-08 00:00:00-05:00,263.69000244140625,273.6199951171875,262.9599914550781,272.6499938964844,511300,0.0,0.0
2024-01-09 00:00:00-05:00,268.05999755859375,274.0,266.92999267578125,271.8999938964844,449700,0.0,0.0
2024-01-10 00:00:00-05:00,274.8800048828125,275.4599914550781,268.6199951171875,273.1199951171875,347500,0.0,0.0
2024-01-11 00:00:00-05:00,273.0,276.19000244140625,263.6000061035156,275.6600036621094,539400,0.0,0.0
2024-01-12 00:00:00-05:00,277.760009765625,281.5,267.1099853515625,268.2900085449219,554000,0.0,0.0
2024-01-16 00:00:00-05:00,265.760009765625,266.19000244140625,255.1699981689453,258.0199890136719,728600,0.0,0.0
2024-01-17 00:00:00-05:00,253.55999755859375,255.13999938964844,249.27999877929688,254.5500030517578,550800,0.0,0.0
2024-01-18 00:00:00-05:00,254.75999450683594,258.6499938964844,253.22000122070312,255.02000427246094,331200,0.0,0.0
2024-01-19 00:00:00-05:00,256.9700012207031,259.44000244140625,251.19000244140625,259.3500061035156,653800,0.0,0.0
2024-01-22 00:00:00-05:00,261.5,270.6300048828125,261.010009765625,266.3399963378906,495400,0.0,0.0
2024-01-23 00:00:00-05:00,268.9200134277344,271.0,265.2300109863281,268.7699890136719,452300,0.0,0.0
2024-01-24 00:00:00-05:00,273.760009765625,275.6499938964844,263.57000732421875,264.3399963378906,500600,0.0,0.0
2024-01-25 00:00:00-05:00,267.3999938964844,271.760009765625,265.54998779296875,270.5199890136719,395600,0.0,0.0
2024-01-26 00:00:00-05:00,273.4599914550781,274.2099914550781,269.0,272.6400146484375,273000,0.0,0.0
2024-01-29 00:00:00-05:00,271.989990234375,273.3399963378906,266.5299987792969,273.2799987792969,439400,0.0,0.0
2024-01-30 00:00:00-05:00,270.1300048828125,271.1600036621094,261.32000732421875,263.1000061035156,500200,0.0,0.0
2024-01-31 00:00:00-05:00,260.8800048828125,265.0400085449219,252.3800048828125,253.47999572753906,551100,0.0,0.0
2024-02-01 00:00:00-05:00,257.05999755859375,261.7699890136719,250.0,258.1700134277344,523700,0.0,0.0
2024-02-02 00:00:00-05:00,252.05999755859375,258.4200134277344,245.42999267578125,256.0299987792969,561300,0.0,0.0
2024-02-05 00:00:00-05:00,250.8699951171875,252.57000732421875,243.72000122070312,251.8300018310547,470500,0.0,0.0
2024-02-06 00:00:00-05:00,251.4199981689453,257.1700134277344,249.22999572753906,254.86000061035156,305100,0.0,0.0
2024-02-07 00:00:00-05:00,256.1300048828125,257.989990234375,249.99000549316406,254.7899932861328,704200,0.0,0.0
2024-02-08 00:00:00-05:00,256.6300048828125,260.70001220703125,253.66000366210938,256.8599853515625,328500,0.0,0.0
2024-02-09 00:00:00-05:00,257.989990234375,264.4200134277344,254.52000427246094,261.1400146484375,370300,0.0,0.0
2024-02-12 00:00:00-05:00,262.1700134277344,280.30999755859375,262.0799865722656,278.7900085449219,732700,0.0,0.0
2024-02-13 00:00:00-05:00,262.75,268.17999267578125,255.13999938964844,264.8500061035156,662700,0.0,0.0
2024-02-14 00:00:00-05:00,269.0,277.3599853515625,265.8399963378906,274.94000244140625,509400,0.0,0.0
2024-02-15 00:00:00-05:00,278.2900085449219,279.760009765625,273.2900085449219,275.45001220703125,435900,0.0,0.0
2024-02-16 00:00:00-05:00,272.1300048828125,272.8599853515625,265.4599914550781,265.5199890136719,310200,0.0,0.0
2024-02-20 00:00:00-05:00,260.5199890136719,263.0899963378906,258.760009765625,262.2699890136719,419000,0.0,0.0
2024-02-21 00:00:00-05:00,260.0,260.5,254.82000732421875,256.0400085449219,755200,0.0,0.0
2024-02-22 00:00:00-05:00,260.510009765625,263.0199890136719,256.3699951171875,259.9700012207031,372000,0.0,0.0
2024-02-23 00:00:00-05:00,258.30999755859375,261.82000732421875,257.5299987792969,258.55999755859375,379400,0.0,0.0
2024-02-26 00:00:00-05:00,259.44000244140625,260.6300048828125,252.77999877929688,254.0399932861328,377800,0.0,0.0
2024-02-27 00:00:00-05:00,256.0,267.8299865722656,256.0,265.7200012207031,465100,0.0,0.0
2024-02-28 00:00:00-05:00,262.6600036621094,266.20001220703125,260.92999267578125,264.3599853515625,286300,0.0,0.0
2024-02-29 00:00:00-05:00,270.0,275.3900146484375,269.0,274.3999938964844,460200,0.0,0.0
2024-03-01 00:00:00-05:00,274.510009765625,280.3999938964844,271.9700012207031,277.6300048828125,393400,0.0,0.0
2024-03-04 00:00:00-05:00,278.5299987792969,280.8500061035156,270.05999755859375,271.1099853515625,327200,0.0,0.0
2024-03-05 00:00:00-05:00,269.04998779296875,271.9599914550781,266.2300109863281,268.239990234375,340700,0.0,0.0
2024-03-06 00:00:00-05:00,272.07000732421875,273.0199890136719,266.0,270.8500061035156,219100,0.0,0.0
2024-03-07 00:00:00-05:00,273.9100036621094,277.8900146484375,271.0199890136719,274.3699951171875,346500,0.0,0.0
2024-03-08 00:00:00-05:00,280.4700012207031,285.4599914550781,275.0,276.9599914550781,513600,0.0,0.0
2024-03-11 00:00:00-04:00,275.2300109863281,282.6400146484375,271.44000244140625,281.82000732421875,453700,0.0,0.0
2024-03-12 00:00:00-04:00,282.0899963378906,288.2099914550781,279.9800109863281,287.2300109863281,464400,0.0,0.0
2024-03-13 00:00:00-04:00,291.70001220703125,311.6000061035156,291.70001220703125,302.8900146484375,1062900,0.0,0.0
2024-03-14 00:00:00-04:00,303.0,303.0,287.44000244140625,291.82000732421875,492500,0.0,0.0
2024-03-15 00:00:00-04:00,288.0199890136719,296.19000244140625,288.0199890136719,290.7300109863281,363200,0.0,0.0
2024-03-18 00:00:00-04:00,290.8299865722656,292.0,279.29998779296875,279.4700012207031,367900,0.0,0.0
2024-03-19 00:00:00-04:00,277.2200012207031,283.5,275.739990234375,278.79998779296875,429600,0.0,0.0
2024-03-20 00:00:00-04:00,276.739990234375,296.1400146484375,275.7900085449219,290.05999755859375,646800,0.0,0.0
2024-03-21 00:00:00-04:00,292.04998779296875,315.80999755859375,292.04998779296875,311.3699951171875,863800,0.0,0.0
2024-03-22 00:00:00-04:00,311.3800048828125,312.04998779296875,296.92999267578125,297.2099914550781,750300,0.0,0.0
2024-03-25 00:00:00-04:00,297.2200012207031,301.2900085449219,282.9100036621094,287.2799987792969,945100,0.0,0.0
2024-03-26 00:00:00-04:00,286.80999755859375,289.57000732421875,275.2900085449219,286.2799987792969,1005400,0.0,0.0
2024-03-27 00:00:00-04:00,290.0,300.9700012207031,289.010009765625,296.989990234375,2415300,0.0,0.0
2024-03-28 00:00:00-04:00,330.5400085449219,354.8599853515625,325.510009765625,348.260009765625,4873900,0.0,0.0
2024-04-01 00:00:00-04:00,349.29998779296875,350.489990234375,333.30999755859375,334.75,1522300,0.0,0.0
2024-04-02 00:00:00-04:00,328.0,328.0,305.8599853515625,310.5799865722656,1534100,0.0,0.0
2024-04-03 00:00:00-04:00,311.8299865722656,311.8299865722656,297.1700134277344,298.3599853515625,1084600,0.0,0.0
2024-04-04 00:00:00-04:00,300.9599914550781,303.739990234375,282.6000061035156,282.7200012207031,1038500,0.0,0.0
2024-04-05 00:00:00-04:00,280.25,283.6499938964844,278.1499938964844,278.29998779296875,971200,0.0,0.0
2024-04-08 00:00:00-04:00,280.5,281.8999938964844,272.3900146484375,276.260009765625,850900,0.0,0.0
2024-04-09 00:00:00-04:00,278.2799987792969,290.8699951171875,275.30999755859375,288.70001220703125,996400,0.0,0.0
2024-04-10 00:00:00-04:00,274.82000732421875,275.9800109863281,258.3299865722656,260.4800109863281,1828200,0.0,0.0
2024-04-11 00:00:00-04:00,263.67999267578125,268.6000061035156,260.8699951171875,267.0899963378906,819500,0.0,0.0
2024-04-12 00:00:00-04:00,263.29998779296875,264.6300048828125,252.49000549316406,255.17999267578125,896600,0.0,0.0
2024-04-15 00:00:00-04:00,258.8699951171875,261.20001220703125,249.6300048828125,251.52000427246094,685700,0.0,0.0
2024-04-16 00:00:00-04:00,248.5,248.77999877929688,239.47999572753906,243.27000427246094,1136600,0.0,0.0
2024-04-17 00:00:00-04:00,246.57000732421875,247.89999389648438,242.41000366210938,243.72999572753906,739900,0.0,0.0
2024-04-18 00:00:00-04:00,245.64999389648438,249.24000549316406,242.0399932861328,245.2899932861328,531700,0.0,0.0
2024-04-19 00:00:00-04:00,244.19000244140625,246.6300048828125,238.27999877929688,240.41000366210938,491200,0.0,0.0
2024-04-22 00:00:00-04:00,243.0,246.69000244140625,237.66000366210938,245.1999969482422,539600,0.0,0.0
2024-04-23 00:00:00-04:00,247.0500030517578,251.94000244140625,244.10000610351562,248.55999755859375,509000,0.0,0.0
2024-04-24 00:00:00-04:00,247.50999450683594,253.07000732421875,244.42999267578125,251.85000610351562,469700,0.0,0.0
2024-04-25 00:00:00-04:00,243.02999877929688,243.83999633789062,236.75,243.3699951171875,787200,0.0,0.0
2024-04-26 00:00:00-04:00,243.7100067138672,252.75,243.7100067138672,248.91000366210938,478500,0.0,0.0
2024-04-29 00:00:00-04:00,251.83999633789062,258.1000061035156,250.77000427246094,255.75999450683594,712200,0.0,0.0
2024-04-30 00:00:00-04:00,252.11000061035156,255.1699981689453,247.0,247.0500030517578,333300,0.0,0.0
2024-05-01 00:00:00-04:00,246.19000244140625,254.22000122070312,239.5,245.0,614700,0.0,0.0
2024-05-02 00:00:00-04:00,249.0,262.6300048828125,245.00999450683594,262.010009765625,693500,0.0,0.0
2024-05-03 00:00:00-04:00,271.8800048828125,281.1700134277344,271.8800048828125,275.04998779296875,936800,0.0,0.0
2024-05-06 00:00:00-04:00,278.0,282.44000244140625,275.4599914550781,280.7799987792969,659900,0.0,0.0
2024-05-07 00:00:00-04:00,281.17999267578125,288.4200134277344,278.04998779296875,278.44000244140625,461700,0.0,0.0
2024-05-08 00:00:00-04:00,273.20001220703125,278.9200134277344,270.4700012207031,278.760009765625,492600,0.0,0.0
2024-05-09 00:00:00-04:00,279.6400146484375,294.3399963378906,278.6300048828125,294.1400146484375,598400,0.0,0.0
2024-05-10 00:00:00-04:00,295.30999755859375,298.3599853515625,285.3699951171875,290.9700012207031,530800,0.0,0.0
2024-05-13 00:00:00-04:00,294.8699951171875,305.5,290.2099914550781,292.25,738300,0.0,0.0
2024-05-14 00:00:00-04:00,299.4800109863281,304.1199951171875,290.510009765625,290.69000244140625,555100,0.0,0.0
2024-05-15 00:00:00-04:00,300.3800048828125,305.3999938964844,293.6600036621094,296.6600036621094,582900,0.0,0.0
2024-05-16 00:00:00-04:00,294.3500061035156,295.5799865722656,286.4599914550781,286.69000244140625,465000,0.0,0.0
2024-05-17 00:00:00-04:00,285.760009765625,287.0299987792969,277.6400146484375,278.4100036621094,467700,0.0,0.0
2024-05-20 00:00:00-04:00,277.75,284.3299865722656,275.20001220703125,279.92999267578125,486000,0.0,0.0
2024-05-21 00:00:00-04:00,278.010009765625,279.1099853515625,271.3500061035156,274.04998779296875,444900,0.0,0.0
2024-05-22 00:00:00-04:00,279.0,279.5299987792969,253.89999389648438,254.30999755859375,1000800,0.0,0.0
2024-05-23 00:00:00-04:00,255.0,255.83999633789062,244.88999938964844,248.5,1021400,0.0,0.0
2024-05-24 00:00:00-04:00,247.97999572753906,256.4800109863281,244.72999572753906,254.7100067138672,661100,0.0,0.0
2024-05-28 00:00:00-04:00,256.510009765625,258.4800109863281,248.25,250.63999938964844,533200,0.0,0.0
2024-05-29 00:00:00-04:00,246.1999969482422,255.35000610351562,245.02999877929688,252.58999633789062,526600,0.0,0.0
2024-05-30 00:00:00-04:00,256.3699951171875,268.5,256.3699951171875,263.6700134277344,788100,0.0,0.0
2024-05-31 00:00:00-04:00,265.6400146484375,272.32000732421875,259.8500061035156,271.92999267578125,732400,0.0,0.0
2024-06-03 00:00:00-04:00,276.8999938964844,278.4700012207031,273.0799865722656,275.010009765625,586500,0.0,0.0
2024-06-04 00:00:00-04:00,271.20001220703125,276.0,267.3699951171875,269.42999267578125,498100,0.0,0.0
2024-06-05 00:00:00-04:00,270.17999267578125,282.6499938964844,270.0,282.5799865722656,468100,0.0,0.0
2024-06-06 00:00:00-04:00,279.3299865722656,281.75,272.19000244140625,279.25,539200,0.0,0.0
2024-06-07 00:00:00-04:00,272.1499938964844,275.1700134277344,266.8999938964844,268.510009765625,611300,0.0,0.0
2024-06-10 00:00:00-04:00,267.2900085449219,274.2099914550781,264.3500061035156,273.9200134277344,618000,0.0,0.0
2024-06-11 00:00:00-04:00,272.8399963378906,278.7799987792969,267.2300109863281,278.6099853515625,580600,0.0,0.0
2024-06-12 00:00:00-04:00,292.7699890136719,301.17999267578125,284.1499938964844,285.5400085449219,783000,0.0,0.0
2024-06-13 00:00:00-04:00,286.3299865722656,290.1000061035156,276.0,277.04998779296875,1436500,0.0,0.0
2024-06-14 00:00:00-04:00,233.0,242.57000732421875,225.0,229.72999572753906,3994400,0.0,0.0
2024-06-17 00:00:00-04:00,227.00999450683594,233.9199981689453,224.0,231.47999572753906,1579200,0.0,0.0
2024-06-18 00:00:00-04:00,230.35000610351562,231.8699951171875,220.25,220.50999450683594,1422600,0.0,0.0
2024-06-20 00:00:00-04:00,218.0,221.63999938964844,212.5,217.8300018310547,1242700,0.0,0.0
2024-06-21 00:00:00-04:00,217.10000610351562,221.33999633789062,214.35000610351562,215.97000122070312,965200,0.0,0.0
2024-06-24 00:00:00-04:00,218.1300048828125,230.6999969482422,217.42999267578125,223.27999877929688,1124400,0.0,0.0
2024-06-25 00:00:00-04:00,223.27999877929688,223.9499969482422,212.42999267578125,214.9199981689453,950900,0.0,0.0
2024-06-26 00:00:00-04:00,214.82000732421875,221.8800048828125,214.27000427246094,219.19000244140625,592100,0.0,0.0
2024-06-27 00:00:00-04:00,234.02000427246094,240.97999572753906,228.50999450683594,239.3000030517578,1743900,0.0,0.0
2024-06-28 00:00:00-04:00,242.42999267578125,248.61000061035156,238.1699981689453,244.44000244140625,1174700,0.0,0.0
2024-07-01 00:00:00-04:00,244.5,244.5,234.3800048828125,238.6699981689453,622700,0.0,0.0
2024-07-02 00:00:00-04:00,241.63999938964844,250.0,239.80999755859375,249.5,644200,0.0,0.0
2024-07-03 00:00:00-04:00,248.89999389648438,248.89999389648438,240.39999389648438,240.72000122070312,320100,0.0,0.0
2024-07-05 00:00:00-04:00,241.86000061035156,246.47999572753906,238.02000427246094,238.02000427246094,498100,0.0,0.0
2024-07-08 00:00:00-04:00,239.75,247.75,239.75,242.0,644100,0.0,0.0
2024-07-09 00:00:00-04:00,242.30999755859375,243.92999267578125,233.13999938964844,237.88999938964844,611600,0.0,0.0
2024-07-10 00:00:00-04:00,241.0,246.52000427246094,238.5800018310547,245.3000030517578,326100,0.0,0.0
2024-07-11 00:00:00-04:00,258.1099853515625,268.8299865722656,255.39999389648438,266.9200134277344,1063100,0.0,0.0
2024-07-12 00:00:00-04:00,267.3999938964844,282.6300048828125,267.3999938964844,274.6199951171875,901300,0.0,0.0
2024-07-15 00:00:00-04:00,274.0,279.989990234375,268.010009765625,276.2099914550781,587400,0.0,0.0
2024-07-16 00:00:00-04:00,280.1400146484375,295.760009765625,277.55999755859375,294.260009765625,780900,0.0,0.0
2024-07-17 00:00:00-04:00,288.6000061035156,294.8999938964844,285.9100036621094,286.1499938964844,652700,0.0,0.0
2024-07-18 00:00:00-04:00,285.30999755859375,294.5799865722656,270.010009765625,273.760009765625,652300,0.0,0.0
2024-07-19 00:00:00-04:00,272.6300048828125,278.9100036621094,270.5,272.8399963378906,358900,0.0,0.0
2024-07-22 00:00:00-04:00,272.5199890136719,273.6499938964844,255.3300018310547,257.69000244140625,839000,0.0,0.0
2024-07-23 00:00:00-04:00,257.1199951171875,260.2300109863281,253.3300018310547,259.739990234375,466900,0.0,0.0
2024-07-24 00:00:00-04:00,258.3699951171875,263.5799865722656,252.82000732421875,253.49000549316406,520400,0.0,0.0
2024-07-25 00:00:00-04:00,252.3300018310547,268.4599914550781,247.11000061035156,260.6499938964844,877600,0.0,0.0
2024-07-26 00:00:00-04:00,266.30999755859375,281.8399963378906,265.739990234375,280.9700012207031,889100,0.0,0.0
2024-07-29 00:00:00-04:00,281.3599853515625,291.4200134277344,278.739990234375,289.7900085449219,620000,0.0,0.0
2024-07-30 00:00:00-04:00,290.75,292.7200012207031,279.6000061035156,285.1499938964844,578200,0.0,0.0
2024-07-31 00:00:00-04:00,286.44000244140625,299.260009765625,282.5299987792969,290.0799865722656,572400,0.0,0.0
2024-08-01 00:00:00-04:00,286.07000732421875,286.07000732421875,270.5799865722656,275.7900085449219,714000,0.0,0.0
2024-08-02 00:00:00-04:00,259.2200012207031,264.8999938964844,253.0,257.5899963378906,736700,0.0,0.0
2024-08-05 00:00:00-04:00,233.39999389648438,254.07000732421875,233.39999389648438,247.36000061035156,925900,0.0,0.0
2024-08-06 00:00:00-04:00,248.63999938964844,255.47999572753906,241.16000366210938,253.52999877929688,621700,0.0,0.0
2024-08-07 00:00:00-04:00,259.80999755859375,265.9200134277344,247.5500030517578,247.67999267578125,439700,0.0,0.0
2024-08-08 00:00:00-04:00,242.50999450683594,256.6199951171875,241.1300048828125,255.99000549316406,843300,0.0,0.0
2024-08-09 00:00:00-04:00,257.8599853515625,258.0,251.50999450683594,251.63999938964844,413000,0.0,0.0
2024-08-12 00:00:00-04:00,252.5399932861328,252.5399932861328,243.0,245.4499969482422,364900,0.0,0.0
2024-08-13 00:00:00-04:00,247.25999450683594,261.8900146484375,245.0,260.2200012207031,699100,0.0,0.0
2024-08-14 00:00:00-04:00,264.2300109863281,264.4599914550781,252.1999969482422,256.1700134277344,471900,0.0,0.0
2024-08-15 00:00:00-04:00,268.239990234375,279.1000061035156,265.5,269.2699890136719,884400,0.0,0.0
2024-08-16 00:00:00-04:00,266.9599914550781,272.8599853515625,263.1300048828125,268.1300048828125,455400,0.0,0.0
2024-08-19 00:00:00-04:00,268.7799987792969,273.6400146484375,267.6400146484375,270.5,313600,0.0,0.0
2024-08-20 00:00:00-04:00,269.0,269.0799865722656,260.2900085449219,260.8900146484375,365600,0.0,0.0
2024-08-21 00:00:00-04:00,265.82000732421875,273.6499938964844,264.17999267578125,273.6400146484375,562800,0.0,0.0
2024-08-22 00:00:00-04:00,268.95001220703125,269.489990234375,261.3699951171875,262.8699951171875,568500,0.0,0.0
2024-08-23 00:00:00-04:00,266.7699890136719,285.0,265.0,283.1600036621094,1063900,0.0,0.0
2024-08-26 00:00:00-04:00,285.739990234375,285.739990234375,277.489990234375,280.29998779296875,530700,0.0,0.0
2024-08-27 00:00:00-04:00,276.3900146484375,276.8399963378906,266.010009765625,274.260009765625,599500,0.0,0.0
2024-08-28 00:00:00-04:00,272.44000244140625,273.1600036621094,263.1499938964844,267.1600036621094,527300,0.0,0.0
2024-08-29 00:00:00-04:00,270.82000732421875,271.489990234375,255.0800018310547,255.36000061035156,415600,0.0,0.0
2024-08-30 00:00:00-04:00,256.0299987792969,259.70001220703125,250.75999450683594,253.6999969482422,454300,0.0,0.0
2024-09-03 00:00:00-04:00,249.92999267578125,253.10000610351562,244.17999267578125,251.67999267578125,773000,0.0,0.0
2024-09-04 00:00:00-04:00,251.57000732421875,253.60000610351562,240.27000427246094,245.6300048828125,615400,0.0,0.0
2024-09-05 00:00:00-04:00,245.4199981689453,257.2300109863281,242.5500030517578,249.8300018310547,753400,0.0,0.0
2024-09-06 00:00:00-04:00,246.74000549316406,263.0199890136719,246.74000549316406,248.08999633789062,857300,0.0,0.0
2024-09-09 00:00:00-04:00,247.89999389648438,250.94000244140625,241.24000549316406,241.4600067138672,676000,0.0,0.0
2024-09-10 00:00:00-04:00,243.64999389648438,245.0,237.13999938964844,244.08999633789062,668800,0.0,0.0
2024-09-11 00:00:00-04:00,244.08999633789062,248.63999938964844,240.00999450683594,247.02000427246094,662800,0.0,0.0
2024-09-12 00:00:00-04:00,247.14999389648438,258.5299987792969,242.42999267578125,256.489990234375,2131100,0.0,0.0
2024-09-13 00:00:00-04:00,304.3299865722656,322.5,301.6000061035156,321.8699951171875,4554000,0.0,0.0
2024-09-16 00:00:00-04:00,328.8599853515625,342.19000244140625,328.0,329.8699951171875,2114900,0.0,0.0
2024-09-17 00:00:00-04:00,337.010009765625,338.0,329.5,330.75,857300,0.0,0.0
2024-09-18 00:00:00-04:00,334.1300048828125,346.8599853515625,325.0199890136719,334.67999267578125,1422300,0.0,0.0
2024-09-19 00:00:00-04:00,343.0,349.80999755859375,339.55999755859375,348.92999267578125,993800,0.0,0.0
2024-09-20 00:00:00-04:00,344.29998779296875,349.70001220703125,339.0299987792969,344.2799987792969,956500,0.0,0.0
2024-09-23 00:00:00-04:00,344.29998779296875,349.2200012207031,341.1400146484375,345.5400085449219,513500,0.0,0.0
2024-09-24 00:00:00-04:00,348.5199890136719,350.2900085449219,343.2200012207031,344.6000061035156,378500,0.0,0.0
2024-09-25 00:00:00-04:00,344.32000732421875,346.989990234375,333.4800109863281,336.2900085449219,622200,0.0,0.0
2024-09-26 00:00:00-04:00,342.57000732421875,345.8800048828125,335.8800048828125,339.69000244140625,485600,0.0,0.0
2024-09-27 00:00:00-04:00,343.2699890136719,346.9599914550781,337.4700012207031,339.5,486400,0.0,0.0
2024-09-30 00:00:00-04:00,339.989990234375,340.57000732421875,332.2699890136719,334.42999267578125,461600,0.0,0.0
2024-10-01 00:00:00-04:00,332.54998779296875,335.4800109863281,323.70001220703125,333.7099914550781,606100,0.0,0.0
2024-10-02 00:00:00-04:00,330.8800048828125,339.17999267578125,329.739990234375,334.4200134277344,468500,0.0,0.0
2024-10-03 00:00:00-04:00,330.54998779296875,335.0,328.989990234375,334.07000732421875,294200,0.0,0.0
2024-10-04 00:00:00-04:00,341.1700134277344,343.9700012207031,332.1000061035156,332.8399963378906,495500,0.0,0.0
2024-10-07 00:00:00-04:00,329.17999267578125,332.2300109863281,320.3999938964844,327.20001220703125,631000,0.0,0.0
2024-10-08 00:00:00-04:00,325.739990234375,327.80999755859375,320.1199951171875,322.0799865722656,361800,0.0,0.0
2024-10-09 00:00:00-04:00,324.2900085449219,325.0,309.54998779296875,315.82000732421875,742700,0.0,0.0
2024-10-10 00:00:00-04:00,312.2099914550781,322.07000732421875,308.1499938964844,318.1600036621094,624000,0.0,0.0
2024-10-11 00:00:00-04:00,315.260009765625,334.3399963378906,315.260009765625,330.07000732421875,893800,0.0,0.0
2024-10-14 00:00:00-04:00,327.7699890136719,331.2799987792969,324.4700012207031,331.17999267578125,380700,0.0,0.0
2024-10-15 00:00:00-04:00,328.75,338.25,327.5899963378906,335.32000732421875,605600,0.0,0.0
2024-10-16 00:00:00-04:00,337.9599914550781,356.010009765625,337.9599914550781,351.92999267578125,771000,0.0,0.0
2024-10-17 00:00:00-04:00,352.0299987792969,352.32000732421875,345.5199890136719,348.1000061035156,594900,0.0,0.0
2024-10-18 00:00:00-04:00,351.1300048828125,358.7900085449219,348.7799987792969,354.5199890136719,528200,0.0,0.0
2024-10-21 00:00:00-04:00,364.5,367.0,345.55999755859375,346.8699951171875,923500,0.0,0.0
2024-10-22 00:00:00-04:00,345.6300048828125,345.6300048828125,332.0199890136719,337.010009765625,582200,0.0,0.0
2024-10-23 00:00:00-04:00,334.45001220703125,337.9100036621094,325.0199890136719,325.9200134277344,564100,0.0,0.0
2024-10-24 00:00:00-04:00,327.82000732421875,330.0,321.94000244140625,327.45001220703125,358000,0.0,0.0
2024-10-25 00:00:00-04:00,329.5799865722656,331.1099853515625,324.20001220703125,325.69000244140625,404900,0.0,0.0
2024-10-28 00:00:00-04:00,330.5199890136719,333.0,324.1400146484375,324.32000732421875,397400,0.0,0.0
2024-10-29 00:00:00-04:00,318.2200012207031,320.7200012207031,311.5199890136719,311.8999938964844,697000,0.0,0.0
2024-10-30 00:00:00-04:00,311.5299987792969,329.1499938964844,309.82000732421875,321.5199890136719,863400,0.0,0.0
2024-10-31 00:00:00-04:00,318.8399963378906,321.3999938964844,313.82000732421875,318.04998779296875,423600,0.0,0.0
2024-11-01 00:00:00-04:00,318.7900085449219,324.760009765625,313.5899963378906,322.7699890136719,612300,0.0,0.0
2024-11-04 00:00:00-05:00,321.67999267578125,330.989990234375,321.1600036621094,329.5400085449219,684200,0.0,0.0
2024-11-05 00:00:00-05:00,326.2200012207031,333.0,320.42999267578125,332.2300109863281,507000,0.0,0.0
2024-11-06 00:00:00-05:00,315.32000732421875,323.7699890136719,301.0,323.6199951171875,1323900,0.0,0.0
2024-11-07 00:00:00-05:00,322.989990234375,340.7900085449219,321.0,333.1499938964844,812800,0.0,0.0
2024-11-08 00:00:00-05:00,336.4800109863281,338.82000732421875,324.04998779296875,333.1300048828125,574100,0.0,0.0
2024-11-11 00:00:00-05:00,336.07000732421875,338.0,328.42999267578125,329.94000244140625,442000,0.0,0.0
2024-11-12 00:00:00-05:00,328.1600036621094,336.1099853515625,327.1300048828125,333.42999267578125,465500,0.0,0.0
2024-11-13 00:00:00-05:00,328.6000061035156,333.3299865722656,322.6000061035156,326.54998779296875,607900,0.0,0.0
2024-11-14 00:00:00-05:00,327.32000732421875,329.1499938964844,321.5,322.8299865722656,413800,0.0,0.0
2024-11-15 00:00:00-05:00,319.6000061035156,320.9700012207031,312.0,315.70001220703125,451500,0.0,0.0
2024-11-18 00:00:00-05:00,317.010009765625,319.2699890136719,313.7699890136719,318.8599853515625,380700,0.0,0.0
2024-11-19 00:00:00-05:00,313.9599914550781,324.010009765625,313.0,323.67999267578125,421300,0.0,0.0
2024-11-20 00:00:00-05:00,339.45001220703125,346.0299987792969,326.0,336.79998779296875,769700,0.0,0.0
2024-11-21 00:00:00-05:00,340.0,345.5,335.6499938964844,344.7300109863281,475800,0.0,0.0
2024-11-22 00:00:00-05:00,352.5400085449219,370.9599914550781,351.4700012207031,368.010009765625,873600,0.0,0.0
2024-11-25 00:00:00-05:00,375.6700134277344,398.2200012207031,375.6700134277344,389.1400146484375,1054900,0.0,0.0
2024-11-26 00:00:00-05:00,381.3999938964844,389.45001220703125,378.0899963378906,385.6400146484375,512900,0.0,0.0
2024-11-27 00:00:00-05:00,389.7900085449219,392.0,382.8500061035156,386.55999755859375,406200,0.0,0.0
2024-11-29 00:00:00-05:00,387.760009765625,391.7699890136719,384.8900146484375,385.1400146484375,228200,0.0,0.0
2024-12-02 00:00:00-05:00,386.5,387.8800048828125,378.30999755859375,379.260009765625,423600,0.0,0.0
2024-12-03 00:00:00-05:00,379.7699890136719,383.1600036621094,372.04998779296875,379.1000061035156,426300,0.0,0.0
2024-12-04 00:00:00-05:00,382.8299865722656,382.8299865722656,373.760009765625,376.07000732421875,373200,0.0,0.0
2024-12-05 00:00:00-05:00,375.989990234375,383.8999938964844,370.6600036621094,370.7200012207031,534800,0.0,0.0
2024-12-06 00:00:00-05:00,377.9200134277344,384.0,369.4700012207031,376.1000061035156,693200,0.0,0.0
2024-12-09 00:00:00-05:00,381.3500061035156,400.489990234375,381.3500061035156,396.7799987792969,1060900,0.0,0.0
2024-12-10 00:00:00-05:00,392.7099914550781,398.0,384.0,386.0899963378906,719800,0.0,0.0
2024-12-11 00:00:00-05:00,395.6199951171875,403.3999938964844,390.4800109863281,398.95001220703125,645700,0.0,0.0
2024-12-12 00:00:00-05:00,392.9800109863281,396.3699951171875,377.1199951171875,381.3800048828125,1715400,0.0,0.0
2024-12-13 00:00:00-05:00,443.9700012207031,457.260009765625,429.07000732421875,446.0400085449219,3056500,0.0,0.0
2024-12-16 00:00:00-05:00,445.0,445.5,414.1400146484375,414.9800109863281,1312900,0.0,0.0
2024-12-17 00:00:00-05:00,416.8999938964844,420.4100036621094,406.3999938964844,411.7200012207031,824900,0.0,0.0
2024-12-18 00:00:00-05:00,412.9200134277344,426.07000732421875,393.8800048828125,396.3900146484375,872700,0.0,0.0
2024-12-19 00:00:00-05:00,401.57000732421875,402.3500061035156,382.29998779296875,388.0199890136719,854400,0.0,0.0
2024-12-20 00:00:00-05:00,385.0,403.5799865722656,384.95001220703125,398.260009765625,768400,0.0,0.0
2024-12-23 00:00:00-05:00,395.3999938964844,411.57000732421875,393.0,408.2300109863281,530900,0.0,0.0
2024-12-24 00:00:00-05:00,410.0,414.70001220703125,407.6000061035156,413.70001220703125,191100,0.0,0.0
2024-12-26 00:00:00-05:00,407.3999938964844,412.5299987792969,405.6000061035156,407.0,315200,0.0,0.0
2024-12-27 00:00:00-05:00,405.4800109863281,406.82000732421875,395.80999755859375,398.07000732421875,383300,0.0,0.0
2024-12-30 00:00:00-05:00,394.70001220703125,397.6600036621094,386.0,393.92999267578125,372500,0.0,0.0
2024-12-31 00:00:00-05:00,393.8999938964844,398.0,390.79998779296875,393.5899963378906,337000,0.0,0.0
2025-01-02 00:00:00-05:00,395.6300048828125,398.3399963378906,392.19000244140625,395.1000061035156,319500,0.0,0.0
2025-01-03 00:00:00-05:00,396.989990234375,405.4599914550781,392.25,405.4599914550781,313700,0.0,0.0
2025-01-06 00:00:00-05:00,411.29998779296875,420.1199951171875,411.29998779296875,414.9599914550781,551600,0.0,0.0
2025-01-07 00:00:00-05:00,417.55999755859375,418.45001220703125,397.19000244140625,403.82000732421875,397500,0.0,0.0
2025-01-08 00:00:00-05:00,405.2099914550781,408.3299865722656,394.0,408.2699890136719,486700,0.0,0.0
2025-01-10 00:00:00-05:00,404.3399963378906,415.70001220703125,402.2799987792969,413.95001220703125,642100,0.0,0.0
2025-01-13 00:00:00-05:00,414.2099914550781,421.92999267578125,406.4200134277344,419.5199890136719,802500,0.0,0.0
2025-01-14 00:00:00-05:00,425.3599853515625,429.5,411.4800109863281,416.0400085449219,579000,0.0,0.0
2025-01-15 00:00:00-05:00,433.29998779296875,435.75,426.989990234375,428.6499938964844,635800,0.0,0.0
2025-01-16 00:00:00-05:00,433.0299987792969,435.4200134277344,424.2099914550781,432.8299865722656,435700,0.0,0.0
2025-01-17 00:00:00-05:00,439.67999267578125,448.8399963378906,437.1700134277344,447.2300109863281,671600,0.0,0.0
2025-01-21 00:00:00-05:00,454.1000061035156,455.8399963378906,444.9100036621094,454.5199890136719,641500,0.0,0.0
2025-01-22 00:00:00-05:00,450.6600036621094,451.1300048828125,439.29998779296875,442.80999755859375,383700,0.0,0.0
2025-01-23 00:00:00-05:00,441.989990234375,441.989990234375,430.489990234375,434.4599914550781,509100,0.0,0.0
2025-01-24 00:00:00-05:00,434.010009765625,434.8399963378906,413.0799865722656,418.739990234375,1012800,0.0,0.0
2025-01-27 00:00:00-05:00,411.8800048828125,418.6400146484375,407.8299865722656,411.0,737600,0.0,0.0
2025-01-28 00:00:00-05:00,410.5899963378906,425.94000244140625,403.17999267578125,423.1400146484375,597700,0.0,0.0
2025-01-29 00:00:00-05:00,423.510009765625,430.8299865722656,419.7300109863281,422.010009765625,343100,0.0,0.0
2025-01-30 00:00:00-05:00,430.1499938964844,436.989990234375,427.8599853515625,433.1600036621094,481800,0.0,0.0
2025-01-31 00:00:00-05:00,429.2099914550781,432.8800048828125,415.75,419.1099853515625,373800,0.0,0.0
2025-02-03 00:00:00-05:00,404.510009765625,409.4800109863281,386.3800048828125,395.1400146484375,924400,0.0,0.0
2025-02-04 00:00:00-05:00,398.5199890136719,407.5,397.54998779296875,406.0799865722656,496700,0.0,0.0
2025-02-05 00:00:00-05:00,406.57000732421875,415.1499938964844,404.010009765625,414.7300109863281,343600,0.0,0.0
2025-02-06 00:00:00-05:00,418.9599914550781,419.5,410.2799987792969,415.2699890136719,236400,0.0,0.0
2025-02-07 00:00:00-05:00,413.42999267578125,416.0,392.32000732421875,397.1000061035156,464500,0.0,0.0
2025-02-10 00:00:00-05:00,400.0,404.3399963378906,398.0299987792969,402.2200012207031,290600,0.0,0.0
2025-02-11 00:00:00-05:00,399.7099914550781,402.0,377.0400085449219,384.4200134277344,625200,0.0,0.0
2025-02-12 00:00:00-05:00,374.989990234375,374.989990234375,366.29998779296875,374.1499938964844,810000,0.0,0.0
2025-02-13 00:00:00-05:00,379.1300048828125,385.2900085449219,374.9700012207031,380.3500061035156,400400,0.0,0.0
2025-02-14 00:00:00-05:00,385.2799987792969,389.25,380.010009765625,382.3299865722656,411900,0.0,0.0
2025-02-18 00:00:00-05:00,382.3299865722656,389.20001220703125,376.0799865722656,388.25,543200,0.0,0.0
2025-02-19 00:00:00-05:00,381.75,385.0799865722656,376.7300109863281,381.8900146484375,455100,0.0,0.0
2025-02-20 00:00:00-05:00,382.1700134277344,387.4700012207031,362.3399963378906,365.92999267578125,677000,0.0,0.0
2025-02-21 00:00:00-05:00,369.5899963378906,369.5899963378906,336.9599914550781,340.0899963378906,844600,0.0,0.0
2025-02-24 00:00:00-05:00,340.0899963378906,352.9800109863281,328.1099853515625,346.20001220703125,976600,0.0,0.0
2025-02-25 00:00:00-05:00,345.1199951171875,355.0,341.3699951171875,348.5400085449219,656400,0.0,0.0
2025-02-26 00:00:00-05:00,353.25,365.6700134277344,348.29998779296875,353.7699890136719,630900,0.0,0.0
2025-02-27 00:00:00-05:00,351.2200012207031,351.9700012207031,326.94000244140625,327.9700012207031,807100,0.0,0.0
2025-02-28 00:00:00-05:00,325.0899963378906,331.7699890136719,318.04998779296875,322.07000732421875,862700,0.0,0.0
2025-03-03 00:00:00-05:00,322.9200134277344,326.0,304.3999938964844,307.2300109863281,812900,0.0,0.0
2025-03-04 00:00:00-05:00,300.0,300.0,278.5400085449219,292.17999267578125,1477500,0.0,0.0
2025-03-05 00:00:00-05:00,292.17999267578125,294.4100036621094,284.239990234375,289.4800109863281,612900,0.0,0.0
2025-03-06 00:00:00-05:00,283.2300109863281,292.6499938964844,275.8900146484375,280.9700012207031,782100,0.0,0.0
2025-03-07 00:00:00-05:00,277.67999267578125,279.0,250.10000610351562,262.42999267578125,1499200,0.0,0.0
2025-03-10 00:00:00-04:00,260.0,260.0,226.61000061035156,233.41000366210938,1567700,0.0,0.0
2025-03-11 00:00:00-04:00,235.0,243.47000122070312,224.1300048828125,230.57000732421875,1216800,0.0,0.0
2025-03-12 00:00:00-04:00,241.30999755859375,248.13999938964844,235.11000061035156,241.02000427246094,1104300,0.0,0.0
2025-03-13 00:00:00-04:00,236.63999938964844,238.33999633789062,212.0399932861328,216.6300048828125,1420800,0.0,0.0
2025-03-14 00:00:00-04:00,221.00999450683594,226.77000427246094,216.5500030517578,225.05999755859375,1056600,0.0,0.0
2025-03-17 00:00:00-04:00,224.3800048828125,228.5,214.11000061035156,225.32000732421875,1089000,0.0,0.0
2025-03-18 00:00:00-04:00,217.3699951171875,224.36000061035156,215.69000244140625,221.83999633789062,717300,0.0,0.0
2025-03-19 00:00:00-04:00,219.72999572753906,239.35000610351562,215.0,230.0399932861328,1306900,0.0,0.0
2025-03-20 00:00:00-04:00,226.60000610351562,240.64999389648438,223.1699981689453,234.02999877929688,1209200,0.0,0.0
2025-03-21 00:00:00-04:00,226.89999389648438,246.14999389648438,225.67999267578125,242.17999267578125,1263400,0.0,0.0
2025-03-24 00:00:00-04:00,248.0,261.54998779296875,248.0,257.8399963378906,1199300,0.0,0.0
2025-03-25 00:00:00-04:00,257.3599853515625,264.5799865722656,250.55999755859375,252.89999389648438,831200,0.0,0.0
2025-03-26 00:00:00-04:00,254.17999267578125,255.0500030517578,240.0,243.5800018310547,608100,0.0,0.0
2025-03-27 00:00:00-04:00,240.07000732421875,249.64999389648438,233.5,243.4199981689453,953600,0.0,0.0
2025-03-28 00:00:00-04:00,240.25,243.0500030517578,228.14999389648438,236.27999877929688,852400,0.0,0.0
2025-03-31 00:00:00-04:00,227.5399932861328,238.24000549316406,221.97000122070312,234.41000366210938,974700,0.0,0.0
2025-04-01 00:00:00-04:00,233.8699951171875,242.88999938964844,231.00999450683594,239.05999755859375,773100,0.0,0.0
2025-04-02 00:00:00-04:00,235.0,256.8599853515625,235.0,249.35000610351562,2717600,0.0,0.0
2025-04-03 00:00:00-04:00,163.19000244140625,166.08999633789062,138.39999389648438,149.38999938964844,12789500,0.0,0.0
2025-04-04 00:00:00-04:00,139.4600067138672,154.0,123.02999877929688,145.66000366210938,9632000,0.0,0.0
2025-04-07 00:00:00-04:00,142.83999633789062,174.4199981689453,142.36000061035156,164.47999572753906,6468500,0.0,0.0
2025-04-08 00:00:00-04:00,177.0,177.0,144.35000610351562,149.36000061035156,4372900,0.0,0.0
2025-04-09 00:00:00-04:00,144.97999572753906,197.67999267578125,142.07000732421875,192.02999877929688,7578900,0.0,0.0
2025-04-10 00:00:00-04:00,178.52000427246094,179.0500030517578,164.0,172.0800018310547,3698300,0.0,0.0
2025-04-11 00:00:00-04:00,169.9499969482422,171.4499969482422,155.24000549316406,164.6199951171875,2614300,0.0,0.0
2025-04-14 00:00:00-04:00,169.30999755859375,170.9199981689453,159.1999969482422,163.77999877929688,1728100,0.0,0.0
2025-04-15 00:00:00-04:00,162.4600067138672,166.44000244140625,157.97999572753906,159.52000427246094,1049900,0.0,0.0
2025-04-16 00:00:00-04:00,158.4499969482422,161.0,150.19000244140625,153.85000610351562,1228500,0.0,0.0
2025-04-17 00:00:00-04:00,154.0800018310547,161.52000427246094,150.82000732421875,161.1300048828125,1212100,0.0,0.0
2025-04-21 00:00:00-04:00,158.05999755859375,159.07000732421875,149.1699981689453,155.7899932861328,1344100,0.0,0.0
2025-04-22 00:00:00-04:00,159.10000610351562,175.5,158.88999938964844,172.8000030517578,2478200,0.0,0.0
2025-04-23 00:00:00-04:00,187.80999755859375,194.0,173.5,174.47999572753906,2772300,0.0,0.0
2025-04-24 00:00:00-04:00,175.6999969482422,184.8800048828125,174.3300018310547,184.35000610351562,1164100,0.0,0.0
2025-04-25 00:00:00-04:00,183.85000610351562,188.22000122070312,181.44000244140625,185.49000549316406,999000,0.0,0.0
2025-04-28 00:00:00-04:00,187.75999450683594,188.52000427246094,179.0,183.52999877929688,873100,0.0,0.0
2025-04-29 00:00:00-04:00,181.2899932861328,185.52000427246094,180.0,184.60000610351562,679700,0.0,0.0
2025-04-30 00:00:00-04:00,177.35000610351562,184.89999389648438,173.30999755859375,184.02999877929688,858000,0.0,0.0
2025-05-01 00:00:00-04:00,188.25999450683594,191.61000061035156,183.52000427246094,184.75999450683594,1007100,0.0,0.0
2025-05-02 00:00:00-04:00,189.08999633789062,201.41000366210938,188.88999938964844,196.55999755859375,1526600,0.0,0.0
2025-05-05 00:00:00-04:00,192.6199951171875,195.91000366210938,186.0,186.30999755859375,866600,0.0,0.0
2025-05-06 00:00:00-04:00,181.86000061035156,184.30999755859375,179.08999633789062,182.8699951171875,857800,0.0,0.0
2025-05-07 00:00:00-04:00,184.74000549316406,190.5,182.0,189.02000427246094,855500,0.0,0.0
2025-05-08 00:00:00-04:00,192.1999969482422,199.19000244140625,189.8800048828125,196.60000610351562,977800,0.0,0.0
2025-05-09 00:00:00-04:00,197.8000030517578,199.6300048828125,190.11000061035156,194.27999877929688,889600,0.0,0.0
2025-05-12 00:00:00-04:00,225.8000030517578,232.64999389648438,223.64999389648438,226.0399932861328,2348600,0.0,0.0
2025-05-13 00:00:00-04:00,228.97999572753906,232.4600067138672,224.4199981689453,225.6699981689453,968800,0.0,0.0
2025-05-14 00:00:00-04:00,225.39999389648438,226.67999267578125,215.02999877929688,215.97000122070312,1154500,0.0,0.0
2025-05-15 00:00:00-04:00,212.69000244140625,219.47999572753906,211.0,218.08999633789062,744700,0.0,0.0
2025-05-16 00:00:00-04:00,218.35000610351562,220.58999633789062,206.99000549316406,210.02000427246094,1203000,0.0,0.0
2025-05-19 00:00:00-04:00,204.52999877929688,205.9499969482422,200.47000122070312,203.91000366210938,1161400,0.0,0.0
2025-05-20 00:00:00-04:00,205.0,212.82000732421875,203.30999755859375,207.52000427246094,881300,0.0,0.0
2025-05-21 00:00:00-04:00,201.6199951171875,202.8699951171875,193.77000427246094,195.60000610351562,907100,0.0,0.0
2025-05-22 00:00:00-04:00,190.41000366210938,191.60000610351562,184.67999267578125,187.25999450683594,1483500,0.0,0.0
2025-05-23 00:00:00-04:00,180.97000122070312,186.17999267578125,180.3300018310547,184.8800048828125,936200,0.0,0.0
2025-05-27 00:00:00-04:00,189.19000244140625,191.5,183.58999633789062,190.07000732421875,989900,0.0,0.0
2025-05-28 00:00:00-04:00,189.85000610351562,191.1999969482422,183.8000030517578,183.85000610351562,568700,0.0,0.0
2025-05-29 00:00:00-04:00,191.7100067138672,193.0399932861328,182.39999389648438,184.13999938964844,917800,0.0,0.0
2025-05-30 00:00:00-04:00,180.0,182.24000549316406,177.33999633789062,181.11000061035156,793500,0.0,0.0
2025-06-02 00:00:00-04:00,179.0800018310547,179.1999969482422,166.14999389648438,167.4600067138672,2074100,0.0,0.0
2025-06-03 00:00:00-04:00,169.0,177.72000122070312,167.00999450683594,176.72000122070312,1111600,0.0,0.0
2025-06-04 00:00:00-04:00,176.64999389648438,180.74000549316406,175.44000244140625,178.19000244140625,859200,0.0,0.0
2025-06-05 00:00:00-04:00,177.0,182.22999572753906,173.74000549316406,175.5,1647100,0.0,0.0
2025-06-06 00:00:00-04:00,182.17999267578125,186.3699951171875,179.52000427246094,183.47000122070312,1050600,0.0,0.0
2025-06-09 00:00:00-04:00,186.1199951171875,192.60000610351562,183.9499969482422,184.85000610351562,1284400,0.0,0.0
2025-06-10 00:00:00-04:00,188.4499969482422,190.6300048828125,185.60000610351562,189.3800048828125,1227900,0.0,0.0
2025-06-11 00:00:00-04:00,191.5,193.30999755859375,178.97999572753906,178.97999572753906,1779800,0.0,0.0
2025-06-12 00:00:00-04:00,177.60000610351562,179.5,173.16000366210938,176.8699951171875,3606100,0.0,0.0
2025-06-13 00:00:00-04:00,211.0,221.8800048828125,187.25999450683594,189.1199951171875,6802600,0.0,0.0
2025-06-16 00:00:00-04:00,192.57000732421875,195.1999969482422,184.4199981689453,189.2899932861328,2359200,0.0,0.0
2025-06-17 00:00:00-04:00,187.0,189.86000061035156,181.3300018310547,182.69000244140625,1359200,0.0,0.0
2025-06-18 00:00:00-04:00,182.3699951171875,196.25999450683594,182.13999938964844,189.10000610351562,1644100,0.0,0.0
2025-06-20 00:00:00-04:00,193.02999877929688,195.14999389648438,186.1699981689453,188.85000610351562,912300,0.0,0.0
2025-06-23 00:00:00-04:00,186.99000549316406,187.1999969482422,178.8000030517578,186.22000122070312,1153400,0.0,0.0
2025-06-24 00:00:00-04:00,184.0,188.72999572753906,181.35000610351562,184.02000427246094,1364400,0.0,0.0
2025-06-25 00:00:00-04:00,186.0,188.60000610351562,182.74000549316406,186.9499969482422,918300,0.0,0.0
2025-06-26 00:00:00-04:00,188.39999389648438,194.08999633789062,185.27000427246094,193.0399932861328,939800,0.0,0.0
2025-06-27 00:00:00-04:00,194.0,198.8000030517578,188.99000549316406,190.8300018310547,1359100,0.0,0.0
2025-06-30 00:00:00-04:00,192.6199951171875,193.35000610351562,188.24000549316406,189.00999450683594,649700,0.0,0.0
2025-07-01 00:00:00-04:00,187.64999389648438,209.33999633789062,187.4499969482422,198.97000122070312,1561600,0.0,0.0
2025-07-02 00:00:00-04:00,200.0,212.3300018310547,197.72999572753906,205.8000030517578,2127300,0.0,0.0
2025-07-03 00:00:00-04:00,205.6999969482422,209.0500030517578,203.83999633789062,207.0399932861328,579200,0.0,0.0
2025-07-07 00:00:00-04:00,204.8300018310547,206.58999633789062,196.75,198.3800048828125,1010000,0.0,0.0
2025-07-08 00:00:00-04:00,198.99000549316406,202.58999633789062,192.82000732421875,199.6199951171875,906500,0.0,0.0
2025-07-09 00:00:00-04:00,202.0,205.0,198.66000366210938,203.27000427246094,802500,0.0,0.0
2025-07-10 00:00:00-04:00,204.9499969482422,217.60000610351562,203.27000427246094,213.4499969482422,1182500,0.0,0.0
2025-07-11 00:00:00-04:00,209.58999633789062,211.24000549316406,206.77000427246094,207.52000427246094,808000,0.0,0.0
2025-07-14 00:00:00-04:00,207.0,207.7100067138672,200.30999755859375,202.91000366210938,828900,0.0,0.0
2025-07-15 00:00:00-04:00,204.14999389648438,205.2100067138672,186.6999969482422,187.5399932861328,1762800,0.0,0.0
2025-07-16 00:00:00-04:00,188.0,190.44000244140625,181.02999877929688,188.32000732421875,1395900,0.0,0.0
2025-07-17 00:00:00-04:00,190.24000549316406,199.0,188.7100067138672,196.75999450683594,1494900,0.0,0.0
2025-07-18 00:00:00-04:00,199.10000610351562,199.8000030517578,193.64999389648438,195.49000549316406,678300,0.0,0.0
2025-07-21 00:00:00-04:00,199.14999389648438,199.14999389648438,192.44000244140625,194.6699981689453,738100,0.0,0.0
2025-07-22 00:00:00-04:00,196.02000427246094,213.66000366210938,194.6999969482422,212.7899932861328,1925800,0.0,0.0
2025-07-23 00:00:00-04:00,215.1999969482422,223.5399932861328,215.1999969482422,221.0,1280300,0.0,0.0
2025-07-24 00:00:00-04:00,218.4499969482422,224.22000122070312,211.75,212.74000549316406,901300,0.0,0.0
2025-07-25 00:00:00-04:00,213.16000366210938,215.35000610351562,208.57000732421875,213.8000030517578,749400,0.0,0.0
2025-07-28 00:00:00-04:00,217.7899932861328,222.49000549316406,212.0,218.1699981689453,825100,0.0,0.0
2025-07-29 00:00:00-04:00,216.5500030517578,219.5500030517578,210.17999267578125,211.52999877929688,730300,0.0,0.0
2025-07-30 00:00:00-04:00,214.7899932861328,216.72000122070312,205.0800018310547,207.72000122070312,862400,0.0,0.0
2025-07-31 00:00:00-04:00,206.0,209.0399932861328,203.0399932861328,205.6199951171875,762100,0.0,0.0
2025-08-01 00:00:00-04:00,199.86000061035156,204.13999938964844,191.58999633789062,200.75999450683594,1315100,0.0,0.0
2025-08-04 00:00:00-04:00,208.5,220.9199981689453,207.41000366210938,216.88999938964844,1454000,0.0,0.0
2025-08-05 00:00:00-04:00,217.67999267578125,221.0,212.19000244140625,217.99000549316406,855400,0.0,0.0
2025-08-06 00:00:00-04:00,217.3300018310547,220.61000061035156,212.77000427246094,213.02000427246094,591100,0.0,0.0
2025-08-07 00:00:00-04:00,223.08999633789062,229.85000610351562,208.1999969482422,213.05999755859375,1389900,0.0,0.0
2025-08-08 00:00:00-04:00,214.35000610351562,216.0,211.6699981689453,215.0399932861328,613700,0.0,0.0
2025-08-11 00:00:00-04:00,215.0,219.0,213.64999389648438,214.9199981689453,804500,0.0,0.0
2025-08-12 00:00:00-04:00,218.4499969482422,238.08999633789062,217.50999450683594,237.2899932861328,1590100,0.0,0.0
2025-08-13 00:00:00-04:00,239.0,248.3800048828125,233.88999938964844,245.67999267578125,1386800,0.0,0.0
2025-08-14 00:00:00-04:00,236.0500030517578,237.0,229.1699981689453,235.10000610351562,1145700,0.0,0.0
2025-08-15 00:00:00-04:00,237.0,240.0,233.33999633789062,233.75999450683594,552300,0.0,0.0
2025-08-18 00:00:00-04:00,233.47000122070312,235.32000732421875,228.69000244140625,229.2100067138672,690800,0.0,0.0
2025-08-19 00:00:00-04:00,233.13999938964844,240.9600067138672,228.10000610351562,231.52999877929688,839000,0.0,0.0
2025-08-20 00:00:00-04:00,228.3800048828125,228.3800048828125,213.75999450683594,216.61000061035156,1422400,0.0,0.0
2025-08-21 00:00:00-04:00,212.88999938964844,219.13999938964844,210.5,218.7899932861328,918800,0.0,0.0
2025-08-22 00:00:00-04:00,222.4600067138672,245.25,219.8000030517578,243.7100067138672,1819000,0.0,0.0
2025-08-25 00:00:00-04:00,225.5399932861328,233.4499969482422,219.25999450683594,230.72000122070312,1956700,0.0,0.0
2025-08-26 00:00:00-04:00,229.66000366210938,233.99000549316406,218.30999755859375,221.19000244140625,1073000,0.0,0.0
2025-08-27 00:00:00-04:00,224.94000244140625,231.91000366210938,222.0399932861328,228.0,1050000,0.0,0.0
2025-08-28 00:00:00-04:00,231.69000244140625,233.8000030517578,226.0,229.22000122070312,586400,0.0,0.0
2025-08-29 00:00:00-04:00,228.6999969482422,230.6999969482422,224.55999755859375,225.6699981689453,586900,0.0,0.0
2025-09-02 00:00:00-04:00,218.88999938964844,223.89999389648438,218.0,221.72000122070312,612400,0.0,0.0
2025-09-03 00:00:00-04:00,220.0,224.02999877929688,217.6699981689453,221.22000122070312,731700,0.0,0.0
2025-09-04 00:00:00-04:00,220.83999633789062,235.83999633789062,219.63999938964844,235.24000549316406,1021700,0.0,0.0
2025-09-05 00:00:00-04:00,248.6999969482422,257.0,246.3800048828125,251.0,1656100,0.0,0.0
2025-09-08 00:00:00-04:00,252.30999755859375,253.0500030517578,237.60000610351562,240.99000549316406,1198000,0.0,0.0
2025-09-09 00:00:00-04:00,240.0399932861328,240.3800048828125,228.50999450683594,232.97999572753906,1005300,0.0,0.0
2025-09-10 00:00:00-04:00,236.10000610351562,238.0,226.88999938964844,228.92999267578125,867900,0.0,0.0
2025-09-11 00:00:00-04:00,231.1199951171875,232.44000244140625,226.25,228.1199951171875,3101700,0.0,0.0
2025-09-12 00:00:00-04:00,218.17999267578125,232.0,214.9199981689453,217.6199951171875,4111700,0.0,0.0
2025-09-15 00:00:00-04:00,218.6999969482422,226.6300048828125,215.50999450683594,222.8300018310547,986800,0.0,0.0
2025-09-16 00:00:00-04:00,223.0,231.35000610351562,219.0,230.6999969482422,1008200,0.0,0.0
2025-09-17 00:00:00-04:00,233.30999755859375,248.44000244140625,229.49000549316406,229.50999450683594,1407800,0.0,0.0
2025-09-18 00:00:00-04:00,230.41000366210938,234.35000610351562,225.0,233.4600067138672,1011800,0.0,0.0
2025-09-19 00:00:00-04:00,234.1199951171875,237.0,224.6699981689453,224.6999969482422,1198600,0.0,0.0
2025-09-22 00:00:00-04:00,221.16000366210938,223.3800048828125,217.64999389648438,217.7899932861328,1022100,0.0,0.0
2025-09-23 00:00:00-04:00,218.97999572753906,224.67999267578125,216.33999633789062,218.44000244140625,858900,0.0,0.0
2025-09-24 00:00:00-04:00,218.44000244140625,221.7100067138672,212.57000732421875,212.6199951171875,998800,0.0,0.0
2025-09-25 00:00:00-04:00,207.52000427246094,216.69000244140625,205.4499969482422,211.3000030517578,1118500,0.0,0.0
2025-09-26 00:00:00-04:00,208.9499969482422,214.5399932861328,201.11000061035156,202.5,1581800,0.0,0.0
2025-09-29 00:00:00-04:00,200.6300048828125,202.02000427246094,191.57000732421875,197.83999633789062,1480000,0.0,0.0
2025-09-30 00:00:00-04:00,204.0500030517578,207.67999267578125,197.6999969482422,203.16000366210938,1008600,0.0,0.0
2025-10-01 00:00:00-04:00,202.61000061035156,204.00999450683594,195.69000244140625,200.8000030517578,683800,0.0,0.0
2025-10-02 00:00:00-04:00,197.0,205.9499969482422,196.10000610351562,203.7899932861328,673800,0.0,0.0
2025-10-03 00:00:00-04:00,207.00999450683594,212.36000061035156,205.83999633789062,207.5,833600,0.0,0.0
2025-10-06 00:00:00-04:00,209.27999877929688,210.0,199.72000122070312,200.0,878500,0.0,0.0
2025-10-07 00:00:00-04:00,201.67999267578125,201.67999267578125,195.17999267578125,196.44000244140625,672300,0.0,0.0
2025-10-08 00:00:00-04:00,196.6699981689453,200.33999633789062,194.05999755859375,199.25999450683594,549300,0.0,0.0
2025-10-09 00:00:00-04:00,198.14999389648438,199.5,184.64999389648438,185.30999755859375,1519500,0.0,0.0
2025-10-10 00:00:00-04:00,185.47999572753906,186.0800018310547,171.22000122070312,173.3699951171875,1748400,0.0,0.0
2025-10-13 00:00:00-04:00,178.1199951171875,183.1699981689453,175.97999572753906,181.55999755859375,1292400,0.0,0.0
2025-10-14 00:00:00-04:00,176.8000030517578,186.11000061035156,175.2899932861328,183.13999938964844,861200,0.0,0.0
2025-10-15 00:00:00-04:00,184.0,186.2899932861328,176.52000427246094,176.55999755859375,797000,0.0,0.0
2025-10-16 00:00:00-04:00,180.36000061035156,180.36000061035156,172.55999755859375,176.16000366210938,721900,0.0,0.0
2025-10-17 00:00:00-04:00,175.6699981689453,176.4199981689453,172.1199951171875,174.27000427246094,693100,0.0,0.0
2025-10-20 00:00:00-04:00,176.60000610351562,180.0800018310547,175.36000061035156,179.67999267578125,855400,0.0,0.0
2025-10-21 00:00:00-04:00,178.10000610351562,186.75,176.38999938964844,185.6999969482422,920800,0.0,0.0
2025-10-22 00:00:00-04:00,183.47000122070312,184.9499969482422,175.0,178.80999755859375,869200,0.0,0.0
2025-10-23 00:00:00-04:00,178.8000030517578,182.5,175.74000549316406,180.58999633789062,558200,0.0,0.0
2025-10-24 00:00:00-04:00,185.0,186.5,180.22999572753906,180.9600067138672,677600,0.0,0.0
2025-10-27 00:00:00-04:00,184.5,191.38999938964844,184.2100067138672,188.22999572753906,961600,0.0,0.0
2025-10-28 00:00:00-04:00,193.8800048828125,202.39999389648438,188.72000122070312,193.25,1538600,0.0,0.0
2025-10-29 00:00:00-04:00,189.66000366210938,193.83999633789062,183.4499969482422,184.30999755859375,759900,0.0,0.0
2025-10-30 00:00:00-04:00,181.25999450683594,182.52000427246094,175.17999267578125,175.4499969482422,869500,0.0,0.0
2025-10-31 00:00:00-04:00,175.6699981689453,176.64999389648438,171.0500030517578,172.49000549316406,811400,0.0,0.0
2025-11-03 00:00:00-05:00,169.42999267578125,171.88999938964844,167.5,170.07000732421875,835700,0.0,0.0
2025-11-04 00:00:00-05:00,168.0,169.0,163.02999877929688,163.7100067138672,797600,0.0,0.0
2025-11-05 00:00:00-05:00,164.4499969482422,173.85000610351562,161.00999450683594,166.19000244140625,1267600,0.0,0.0
2025-11-06 00:00:00-05:00,163.89999389648438,166.49000549316406,156.6699981689453,158.05999755859375,1006000,0.0,0.0
2025-11-07 00:00:00-05:00,155.72000122070312,163.61000061035156,155.50999450683594,162.17999267578125,930000,0.0,0.0
2025-11-10 00:00:00-05:00,163.8699951171875,164.89999389648438,155.60000610351562,157.77000427246094,898600,0.0,0.0
2025-11-11 00:00:00-05:00,158.27000427246094,167.60000610351562,156.0,162.17999267578125,954700,0.0,0.0
2025-11-12 00:00:00-05:00,163.83999633789062,166.3800048828125,159.66000366210938,161.02000427246094,538200,0.0,0.0
2025-11-13 00:00:00-05:00,161.02999877929688,165.00999450683594,157.5,158.32000732421875,714500,0.0,0.0
2025-11-14 00:00:00-05:00,155.16000366210938,156.0500030517578,148.0,149.41000366210938,1163300,0.0,0.0
2025-11-17 00:00:00-05:00,148.92999267578125,149.91000366210938,140.8800048828125,142.5,1043700,0.0,0.0
2025-11-18 00:00:00-05:00,139.88999938964844,145.0500030517578,139.0,141.5500030517578,931100,0.0,0.0
2025-11-19 00:00:00-05:00,142.86000061035156,151.4199981689453,141.00999450683594,146.75,1111800,0.0,0.0
2025-11-20 00:00:00-05:00,148.1699981689453,150.6999969482422,139.00999450683594,139.5399932861328,1002900,0.0,0.0
2025-11-21 00:00:00-05:00,140.80999755859375,154.83999633789062,140.77999877929688,153.0800018310547,1403200,0.0,0.0
2025-11-24 00:00:00-05:00,153.5,154.1699981689453,148.5,149.47999572753906,922500,0.0,0.0
2025-11-25 00:00:00-05:00,152.52000427246094,162.3699951171875,150.0399932861328,159.61000061035156,963100,0.0,0.0
2025-11-26 00:00:00-05:00,159.89999389648438,164.39999389648438,159.27999877929688,159.44000244140625,729300,0.0,0.0
2025-11-28 00:00:00-05:00,158.27999877929688,159.32000732421875,155.80999755859375,157.58999633789062,419600,0.0,0.0
2025-12-01 00:00:00-05:00,155.08999633789062,163.7899932861328,153.1699981689453,160.67999267578125,981700,0.0,0.0
2025-12-02 00:00:00-05:00,161.05999755859375,162.0,156.02000427246094,157.02000427246094,777300,0.0,0.0
2025-12-03 00:00:00-05:00,156.3300018310547,164.66000366210938,156.3300018310547,162.30999755859375,713200,0.0,0.0
2025-12-04 00:00:00-05:00,165.1199951171875,165.1199951171875,158.0800018310547,159.94000244140625,569500,0.0,0.0
2025-12-05 00:00:00-05:00,161.77000427246094,166.52000427246094,159.58999633789062,161.05999755859375,643300,0.0,0.0
2025-12-08 00:00:00-05:00,162.25,164.27999877929688,154.4199981689453,155.67999267578125,981100,0.0,0.0
2025-12-09 00:00:00-05:00,154.0,161.0,154.0,158.02999877929688,816300,0.0,0.0
2025-12-10 00:00:00-05:00,157.0,161.50999450683594,152.22000122070312,157.22000122070312,1240900,0.0,0.0
2025-12-11 00:00:00-05:00,158.9600067138672,162.0,151.7100067138672,153.30999755859375,2658000,0.0,0.0
2025-12-12 00:00:00-05:00,161.75,173.77999877929688,158.0,162.00999450683594,3588400,0.0,0.0
2025-12-15 00:00:00-05:00,165.0,165.8699951171875,159.74000549316406,163.6699981689453,1212500,0.0,0.0
2025-12-16 00:00:00-05:00,165.32000732421875,175.6999969482422,163.0,167.58999633789062,2030000,0.0,0.0
2025-12-17 00:00:00-05:00,167.66000366210938,171.7100067138672,163.9199981689453,170.44000244140625,1100000,0.0,0.0
2025-12-18 00:00:00-05:00,176.25,181.72000122070312,170.0,172.6300048828125,1247900,0.0,0.0
2025-12-19 00:00:00-05:00,171.19000244140625,174.3000030517578,168.0,170.97999572753906,1021700,0.0,0.0
2025-12-22 00:00:00-05:00,172.2100067138672,179.61000061035156,171.07000732421875,179.49000549316406,979400,0.0,0.0
2025-12-23 00:00:00-05:00,179.41000366210938,183.2100067138672,173.8699951171875,182.3699951171875,909300,0.0,0.0
2025-12-24 00:00:00-05:00,181.08999633789062,186.17999267578125,180.99000549316406,182.97999572753906,406800,0.0,0.0
2025-12-26 00:00:00-05:00,183.8000030517578,186.32000732421875,181.9499969482422,185.64999389648438,655800,0.0,0.0
2025-12-29 00:00:00-05:00,183.63999938964844,189.67999267578125,182.0,184.6300048828125,892500,0.0,0.0
2025-12-30 00:00:00-05:00,183.0500030517578,184.72000122070312,181.0,181.92999267578125,542900,0.0,0.0
2025-12-31 00:00:00-05:00,180.13999938964844,182.63999938964844,178.61000061035156,179.14999389648438,493400,0.0,0.0
2026-01-02 00:00:00-05:00,191.5500030517578,198.5,187.8000030517578,193.41000366210938,1973600,0.0,0.0
2026-01-05 00:00:00-05:00,190.3300018310547,205.5,190.0,197.2100067138672,1435000,0.0,0.0
2026-01-06 00:00:00-05:00,196.8699951171875,213.97000122070312,196.0500030517578,210.1999969482422,1381300,0.0,0.0
2026-01-07 00:00:00-05:00,213.4499969482422,217.61000061035156,202.89999389648438,206.5,1244300,0.0,0.0
2026-01-08 00:00:00-05:00,204.47000122070312,222.0,202.22000122070312,214.94000244140625,1657500,0.0,0.0
2026-01-09 00:00:00-05:00,218.3800048828125,222.27999877929688,204.47000122070312,219.0,1618700,0.0,0.0
2026-01-12 00:00:00-05:00,215.69000244140625,220.77999877929688,211.11000061035156,218.17999267578125,699200,0.0,0.0
2026-01-13 00:00:00-05:00,218.72000122070312,223.47999572753906,215.61000061035156,222.74000549316406,754900,0.0,0.0
2026-01-14 00:00:00-05:00,217.94000244140625,230.11000061035156,216.2100067138672,217.24000549316406,1063700,0.0,0.0
2026-01-15 00:00:00-05:00,218.64999389648438,227.0,218.00999450683594,223.5800018310547,873300,0.0,0.0
2026-01-16 00:00:00-05:00,224.80999755859375,233.82000732421875,222.0,232.89999389648438,1150900,0.0,0.0
2026-01-20 00:00:00-05:00,228.22999572753906,228.6999969482422,218.11000061035156,219.44000244140625,1362200,0.0,0.0
2026-01-21 00:00:00-05:00,222.13999938964844,232.2899932861328,217.50999450683594,229.3300018310547,888200,0.0,0.0
2026-01-22 00:00:00-05:00,230.4600067138672,239.39999389648438,228.9499969482422,231.00999450683594,859500,0.0,0.0
2026-01-23 00:00:00-05:00,229.67999267578125,235.0,224.64999389648438,228.38999938964844,799500,0.0,0.0
2026-01-26 00:00:00-05:00,227.24000549316406,229.7899932861328,216.3699951171875,219.08999633789062,727900,0.0,0.0
2026-01-27 00:00:00-05:00,216.39999389648438,218.3000030517578,200.8800048828125,209.80999755859375,1109800,0.0,0.0
2026-01-28 00:00:00-05:00,211.61000061035156,212.39999389648438,202.44000244140625,204.5500030517578,773500,0.0,0.0
2026-01-29 00:00:00-05:00,206.74000549316406,212.0,202.35000610351562,204.14999389648438,625100,0.0,0.0
2026-01-30 00:00:00-05:00,202.0800018310547,206.7899932861328,195.1999969482422,198.8300018310547,1001000,0.0,0.0
2026-02-02 00:00:00-05:00,196.9199981689453,200.44000244140625,190.16000366210938,195.72999572753906,732100,0.0,0.0
2026-02-03 00:00:00-05:00,194.64999389648438,213.8800048828125,194.64999389648438,199.3699951171875,915800,0.0,0.0
2026-02-04 00:00:00-05:00,202.66000366210938,211.36000061035156,197.47999572753906,206.6999969482422,807600,0.0,0.0
2026-02-05 00:00:00-05:00,204.36000061035156,206.64999389648438,190.5800018310547,195.44000244140625,903700,0.0,0.0
2026-02-06 00:00:00-05:00,197.02000427246094,211.3800048828125,196.9499969482422,211.16000366210938,844000,0.0,0.0
2026-02-09 00:00:00-05:00,209.52000427246094,212.75,204.30999755859375,206.9499969482422,780000,0.0,0.0
2026-02-10 00:00:00-05:00,208.07000732421875,215.0,206.60000610351562,210.39999389648438,737100,0.0,0.0
2026-02-11 00:00:00-05:00,210.2899932861328,211.99000549316406,197.75,199.94000244140625,724200,0.0,0.0
2026-02-12 00:00:00-05:00,199.8699951171875,205.89999389648438,192.19000244140625,195.25999450683594,793200,0.0,0.0
2026-02-13 00:00:00-05:00,197.47000122070312,206.38999938964844,193.3699951171875,205.05999755859375,962600,0.0,0.0
2026-02-17 00:00:00-05:00,206.16000366210938,209.1199951171875,192.02000427246094,208.72000122070312,988700,0.0,0.0
2026-02-18 00:00:00-05:00,205.60000610351562,219.38999938964844,204.30999755859375,212.41000366210938,1011800,0.0,0.0
2026-02-19 00:00:00-05:00,209.44000244140625,210.22000122070312,199.17999267578125,204.6300048828125,616600,0.0,0.0
2026-02-20 00:00:00-05:00,203.44000244140625,226.86000061035156,201.0,207.72999572753906,2036600,0.0,0.0
2026-02-23 00:00:00-05:00,204.0500030517578,208.5800018310547,187.91000366210938,189.3800048828125,1469700,0.0,0.0
2026-02-24 00:00:00-05:00,190.61000061035156,195.64999389648438,188.32000732421875,190.39999389648438,1001900,0.0,0.0
2026-02-25 00:00:00-05:00,192.22999572753906,192.32000732421875,180.6999969482422,184.00999450683594,1063300,0.0,0.0
2026-02-26 00:00:00-05:00,186.6199951171875,190.69000244140625,184.0800018310547,186.61000061035156,640200,0.0,0.0
2026-02-27 00:00:00-05:00,182.11000061035156,182.11000061035156,164.67999267578125,165.7100067138672,1705100,0.0,0.0
2026-03-02 00:00:00-05:00,159.60000610351562,161.88999938964844,155.1300048828125,157.3300018310547,1435300,0.0,0.0
2026-03-03 00:00:00-05:00,151.9499969482422,157.07000732421875,148.86000061035156,155.85000610351562,1139000,0.0,0.0
2026-03-04 00:00:00-05:00,156.6300048828125,159.69000244140625,150.6699981689453,150.99000549316406,943300,0.0,0.0
2026-03-05 00:00:00-05:00,148.52999877929688,154.5,148.1199951171875,151.61000061035156,991200,0.0,0.0
2026-03-06 00:00:00-05:00,149.32000732421875,149.32000732421875,141.72000122070312,142.16000366210938,1139100,0.0,0.0
2026-03-09 00:00:00-04:00,137.0,143.13999938964844,130.0,141.36000061035156,1853200,0.0,0.0
2026-03-10 00:00:00-04:00,140.47000122070312,148.72999572753906,138.00999450683594,143.4499969482422,1916100,0.0,0.0
2026-03-11 00:00:00-04:00,144.0,145.36000061035156,138.22999572753906,140.1300048828125,704000,0.0,0.0
2026-03-12 00:00:00-04:00,137.0,138.3000030517578,130.6999969482422,131.35000610351562,1273400,0.0,0.0
2026-03-13 00:00:00-04:00,131.60000610351562,134.11000061035156,127.94000244140625,128.3699951171875,1103500,0.0,0.0
2026-03-16 00:00:00-04:00,130.05999755859375,133.25,129.3699951171875,132.02999877929688,986400,0.0,0.0
2026-03-17 00:00:00-04:00,133.4199981689453,136.94000244140625,133.0500030517578,136.25,898900,0.0,0.0
2026-03-18 00:00:00-04:00,133.57000732421875,139.35000610351562,133.57000732421875,134.5399932861328,1030600,0.0,0.0
2026-03-19 00:00:00-04:00,131.4199981689453,135.38999938964844,130.10000610351562,134.50999450683594,935900,0.0,0.0
2026-03-20 00:00:00-04:00,133.47000122070312,134.5,127.2699966430664,127.6500015258789,1465200,0.0,0.0
2026-03-23 00:00:00-04:00,132.1699981689453,137.86000061035156,129.75,130.1699981689453,1783600,0.0,0.0
2026-03-24 00:00:00-04:00,128.41000366210938,131.8000030517578,127.0,128.77999877929688,1213200,0.0,0.0
2026-03-25 00:00:00-04:00,133.24000549316406,137.5,131.25,136.94000244140625,1009200,0.0,0.0
2026-03-26 00:00:00-04:00,133.8800048828125,139.5800018310547,131.89999389648438,132.02999877929688,623900,0.0,0.0
2026-03-27 00:00:00-04:00,130.0,133.36000061035156,128.6999969482422,130.85000610351562,1120800,0.0,0.0
2026-03-30 00:00:00-04:00,133.22999572753906,138.83999633789062,130.16000366210938,132.02000427246094,1305300,0.0,0.0
2026-03-31 00:00:00-04:00,135.67999267578125,142.47999572753906,133.77000427246094,139.82000732421875,3020500,0.0,0.0
2026-04-01 00:00:00-04:00,110.56999969482422,114.9000015258789,106.30000305175781,112.8499984741211,8843500,0.0,0.0
2026-04-02 00:00:00-04:00,111.0,116.18000030517578,108.37999725341797,113.45999908447266,2618300,0.0,0.0
2026-04-06 00:00:00-04:00,112.95999908447266,119.04000091552734,112.81999969482422,118.6500015258789,1634800,0.0,0.0
2026-04-07 00:00:00-04:00,117.05999755859375,117.05999755859375,109.27999877929688,114.33000183105469,2026800,0.0,0.0
2026-04-08 00:00:00-04:00,120.75,124.29000091552734,119.44000244140625,120.0,1952200,0.0,0.0
2026-04-09 00:00:00-04:00,118.2699966430664,124.0,116.12000274658203,123.80000305175781,1169900,0.0,0.0
2026-04-10 00:00:00-04:00,124.52999877929688,128.13999938964844,122.76000213623047,125.58000183105469,1865700,0.0,0.0
2026-04-13 00:00:00-04:00,126.0,128.89999389648438,124.33999633789062,126.22000122070312,1129300,0.0,0.0
2026-04-14 00:00:00-04:00,127.55999755859375,131.36000061035156,127.0,130.72000122070312,948900,0.0,0.0
2026-04-15 00:00:00-04:00,130.82000732421875,132.8800048828125,128.86000061035156,129.52000427246094,989200,0.0,0.0
2026-04-16 00:00:00-04:00,130.42999267578125,133.7899932861328,127.83000183105469,129.49000549316406,832300,0.0,0.0
2026-04-17 00:00:00-04:00,133.5,147.0,133.5,141.0399932861328,1891400,0.0,0.0
2026-04-20 00:00:00-04:00,139.33999633789062,143.30999755859375,137.47999572753906,142.69000244140625,868900,0.0,0.0
2026-04-21 00:00:00-04:00,143.64999389648438,147.1199951171875,138.1999969482422,138.61000061035156,921800,0.0,0.0
2026-04-22 00:00:00-04:00,141.08999633789062,142.25,135.3699951171875,136.61000061035156,972800,0.0,0.0
2026-04-23 00:00:00-04:00,135.42999267578125,138.6300048828125,134.33999633789062,138.08999633789062,859100,0.0,0.0
2026-04-24 00:00:00-04:00,138.52999877929688,140.9600067138672,136.0,137.50999450683594,743000,0.0,0.0
2026-04-27 00:00:00-04:00,136.86000061035156,139.82000732421875,135.0,136.0500030517578,745200,0.0,0.0
2026-04-28 00:00:00-04:00,135.6699981689453,138.75,132.5399932861328,132.9499969482422,667600,0.0,0.0
2026-04-29 00:00:00-04:00,132.0,134.1699981689453,129.67999267578125,131.97000122070312,713000,0.0,0.0
2026-04-30 00:00:00-04:00,132.41000366210938,134.5,131.17999267578125,131.9600067138672,736800,0.0,0.0
2026-05-01 00:00:00-04:00,131.64999389648438,133.80999755859375,129.5500030517578,129.97000122070312,819000,0.0,0.0
2026-05-04 00:00:00-04:00,129.58999633789062,130.0500030517578,120.08999633789062,122.3499984741211,1074400,0.0,0.0
2026-05-05 00:00:00-04:00,122.95999908447266,124.58000183105469,121.5,123.4800033569336,593600,0.0,0.0
2026-05-06 00:00:00-04:00,128.19000244140625,132.3699951171875,127.4000015258789,131.72999572753906,886100,0.0,0.0
2026-05-07 00:00:00-04:00,131.75,134.91000366210938,131.3800048828125,133.64999389648438,766700,0.0,0.0
2026-05-08 00:00:00-04:00,134.55999755859375,135.97999572753906,132.0,133.88999938964844,582000,0.0,0.0
2026-05-11 00:00:00-04:00,133.9600067138672,136.5500030517578,128.33999633789062,129.1999969482422,1045600,0.0,0.0
2026-05-12 00:00:00-04:00,127.7699966430664,132.83999633789062,126.22000122070312,131.2899932861328,732800,0.0,0.0
2026-05-13 00:00:00-04:00,128.83999633789062,132.41000366210938,125.9000015258789,128.8800048828125,715700,0.0,0.0
2026-05-14 00:00:00-04:00,130.69000244140625,132.0,126.2300033569336,127.87000274658203,664100,0.0,0.0
2026-05-15 00:00:00-04:00,126.97000122070312,127.9000015258789,122.0,123.16999816894531,827800,0.0,0.0
2026-05-18 00:00:00-04:00,123.02999877929688,126.94999694824219,118.77999877929688,120.72000122070312,1035900,0.0,0.0
2026-05-19 00:00:00-04:00,119.01000213623047,122.9000015258789,113.5999984741211,122.13999938964844,1054200,0.0,0.0
2026-05-20 00:00:00-04:00,122.5,135.88999938964844,118.6500015258789,133.16000366210938,1399800,0.0,0.0
2026-05-21 00:00:00-04:00,131.07000732421875,142.0800018310547,128.9499969482422,139.0800018310547,1036800,0.0,0.0
2026-05-22 00:00:00-04:00,139.0,141.5,135.6300048828125,136.4199981689453,656300,0.0,0.0
2026-05-26 00:00:00-04:00,138.0,144.8000030517578,136.17999267578125,138.4600067138672,870400,0.0,0.0
2026-05-27 00:00:00-04:00,141.85000610351562,146.24000549316406,140.57000732421875,143.5800018310547,751500,0.0,0.0
2026-05-28 00:00:00-04:00,141.77999877929688,150.36000061035156,140.42999267578125,149.14999389648438,916700,0.0,0.0
2026-05-29 00:00:00-04:00,148.91000366210938,151.82000732421875,146.0,148.49000549316406,828300,0.0,0.0
2026-06-01 00:00:00-04:00,147.44000244140625,151.32000732421875,142.64010620117188,149.3300018310547,699246,0.0,0.0
