Date,Open,High,Low,Close,Volume,Dividends,Stock Splits
2022-01-03 00:00:00-05:00,29.86203990635962,30.556308783372167,29.86203990635962,30.166841506958008,132100,0.0,0.0
2022-01-04 00:00:00-05:00,30.33618398595319,30.835716125015928,30.141447067260742,30.141447067260742,100100,0.0,0.0
2022-01-05 00:00:00-05:00,30.615577684418124,30.649445249184247,30.065241061229223,30.14990997314453,102800,0.0,0.0
2022-01-06 00:00:00-05:00,30.36156864501603,31.30137230239439,30.34463486752055,31.216703414916992,113800,0.0,0.0
2022-01-07 00:00:00-05:00,31.233639805237953,31.394509090008498,30.945772023309065,31.1151065826416,57300,0.0,0.0
2022-01-10 00:00:00-05:00,31.3521821185702,31.49611766616358,30.988113840867495,31.445316314697266,119800,0.0,0.0
2022-01-11 00:00:00-05:00,31.42838512494148,31.445318910161284,30.988116398594492,31.41145133972168,128200,0.0,0.0
2022-01-12 00:00:00-05:00,31.47918708695845,31.81785633829942,31.292918675741983,31.69931983947754,115700,0.0,0.0
2022-01-13 00:00:00-05:00,31.665227931183267,32.38101900769417,31.631141867867054,32.065731048583984,107900,0.24,0.0
2022-01-14 00:00:00-05:00,31.758957886921067,32.50031176671795,31.571487819371704,32.48326873779297,90000,0.0,0.0
2022-01-18 00:00:00-05:00,32.46623243994346,32.55144760223562,31.99756042452782,32.099815368652344,108500,0.0,0.0
2022-01-19 00:00:00-05:00,32.185033683962246,32.2276396439692,31.247686310677338,31.273252487182617,102100,0.0,0.0
2022-01-20 00:00:00-05:00,31.188032144812098,31.64818423808617,30.378509287039293,30.446678161621094,104500,0.0,0.0
2022-01-21 00:00:00-05:00,30.455201025444296,31.63966405982891,30.191038918607294,30.779008865356445,248200,0.0,0.0
2022-01-24 00:00:00-05:00,31.06021642912096,31.230643503273587,30.438160371496036,31.11986541748047,133600,0.0,0.0
2022-01-25 00:00:00-05:00,30.838657668108727,31.545928828735644,30.429634674862456,31.170991897583008,162800,0.0,0.0
2022-01-26 00:00:00-05:00,31.349939824597172,31.78452575264382,30.335900574778496,30.625625610351562,118900,0.0,0.0
2022-01-27 00:00:00-05:00,30.591538252713384,31.426627172204185,29.83313808799048,29.90983009338379,100100,0.0,0.0
2022-01-28 00:00:00-05:00,29.355959099630592,30.19104838388092,29.066233980553797,29.764982223510742,194500,0.0,0.0
2022-01-31 00:00:00-05:00,28.750943470663028,29.790542602539062,28.750943470663028,29.790542602539062,220800,0.0,0.0
2022-02-01 00:00:00-05:00,29.50081666188087,29.628637795632564,29.05770751566851,29.568988800048828,161700,0.0,0.0
2022-02-02 00:00:00-05:00,29.62863475971594,29.62863475971594,28.895800602632985,29.177005767822266,176600,0.0,0.0
2022-02-03 00:00:00-05:00,29.66272122841263,29.79053910017792,29.10031414101729,29.21961212158203,111000,0.0,0.0
2022-02-04 00:00:00-05:00,29.39004135558763,29.517859236722273,28.80206805023847,29.228134155273438,178500,0.0,0.0
2022-02-07 00:00:00-05:00,29.228132329014905,29.321867386365984,28.981013223385002,29.125877380371094,113700,0.0,0.0
2022-02-08 00:00:00-05:00,29.22813461046195,29.705329825758287,29.21109157591996,29.568988800048828,121700,0.0,0.0
2022-02-09 00:00:00-05:00,29.55194281188972,29.586028877566914,28.998055621826815,29.151439666748047,153400,0.0,0.0
2022-02-10 00:00:00-05:00,29.57750363404756,29.620109587803388,29.074745578226594,29.117351531982422,169300,0.0,0.0
2022-02-11 00:00:00-05:00,28.571989552740316,29.500813713373933,28.571989552740316,29.151439666748047,113900,0.0,0.0
2022-02-14 00:00:00-05:00,29.245168290937844,29.43263836031098,28.759453339039652,28.938400268554688,125400,0.0,0.0
2022-02-15 00:00:00-05:00,29.15143976132213,29.696803811421958,29.15143976132213,29.688283920288086,105200,0.0,0.0
2022-02-16 00:00:00-05:00,29.46673131468934,30.08026425241738,29.28778109266857,29.995052337646484,105900,0.0,0.0
2022-02-17 00:00:00-05:00,29.867229461669922,29.960964512791406,29.62011037246346,29.867229461669922,181600,0.0,0.0
2022-02-18 00:00:00-05:00,29.69680122063778,30.09730433213841,29.69680122063778,29.97800636291504,164800,0.0,0.0
2022-02-22 00:00:00-05:00,29.782017999426696,29.901315975146332,29.262216890397376,29.40707778930664,116700,0.0,0.0
2022-02-23 00:00:00-05:00,29.551939150260843,29.73940923763081,28.853191143587345,28.92136001586914,103400,0.0,0.0
2022-02-24 00:00:00-05:00,28.06923317489666,28.34191521570991,27.3364022218525,28.239660263061523,209600,0.0,0.0
2022-02-25 00:00:00-05:00,28.35895752402911,29.185526767573936,28.35895752402911,29.16848373413086,96000,0.0,0.0
2022-02-28 00:00:00-05:00,28.86171579778259,29.117354799632164,28.76798073862495,28.963973999023438,152800,0.0,0.0
2022-03-01 00:00:00-05:00,28.80206616033158,28.86171515107237,27.52386792909829,27.71133804321289,167900,0.0,0.0
2022-03-02 00:00:00-05:00,28.103311346859105,29.21960537261439,28.103311346859105,28.938400268554688,104400,0.0,0.0
2022-03-03 00:00:00-05:00,29.023618200230434,29.057701011058462,28.68276408694426,28.92136001586914,80100,0.0,0.0
2022-03-04 00:00:00-05:00,28.3674767820177,28.46121182780739,28.12035770686776,28.39303970336914,121900,0.0,0.0
2022-03-07 00:00:00-05:00,28.35895705009556,28.46121524904509,27.67725197689638,27.71133804321289,107400,0.0,0.0
2022-03-08 00:00:00-05:00,28.009582996916844,28.265221993038264,27.566473886680825,27.71133804321289,109800,0.0,0.0
2022-03-09 00:00:00-05:00,28.290784670500887,28.73389372595536,28.103314579563204,28.256698608398438,104200,0.0,0.0
2022-03-10 00:00:00-05:00,27.898809326619336,28.725375340367325,27.898809326619336,28.64016342163086,76000,0.0,0.0
2022-03-11 00:00:00-05:00,28.912844174231072,29.211089127147805,28.384523150224496,28.691287994384766,92100,0.0,0.0
2022-03-14 00:00:00-04:00,28.90431738348539,29.449684622384364,28.750936606081115,28.887277603149414,123900,0.0,0.0
2022-03-15 00:00:00-04:00,29.00657987980512,29.159963930628955,28.554947618767716,28.827632904052734,103800,0.0,0.0
2022-03-16 00:00:00-04:00,28.989538172443215,29.432647311690385,28.921366035346846,29.39004135131836,117900,0.0,0.0
2022-03-17 00:00:00-04:00,29.236652209471494,29.47524814656615,28.921361006166876,29.202566146850586,89900,0.0,0.0
2022-03-18 00:00:00-04:00,29.202571066891032,29.42412401000241,28.691289793314454,29.355955123901367,498600,0.0,0.0
2022-03-21 00:00:00-04:00,29.32186946619226,29.85871367324697,28.998058313454738,29.15996551513672,140500,0.0,0.0
2022-03-22 00:00:00-04:00,29.492294148766064,29.96096617982448,29.177006164326936,29.21961212158203,121100,0.0,0.0
2022-03-23 00:00:00-04:00,29.108832977755846,29.20256803069723,28.665723886976792,28.802064895629883,157700,0.0,0.0
2022-03-24 00:00:00-04:00,28.86171587442484,29.36447398800212,28.640162939067213,29.10031509399414,111300,0.0,0.0
2022-03-25 00:00:00-04:00,29.134397045580013,30.029138403805316,28.981012998491458,29.995052337646484,135000,0.0,0.0
2022-03-28 00:00:00-04:00,29.756450488440855,30.003569570255873,29.466728703641596,29.645675659179688,163100,0.0,0.0
2022-03-29 00:00:00-04:00,29.34743490107182,30.327388334945972,29.34743490107182,29.986534118652344,188300,0.0,0.0
2022-03-30 00:00:00-04:00,30.21660696842477,30.21660696842477,29.194047680445856,29.424123764038086,238200,0.0,0.0
2022-03-31 00:00:00-04:00,29.37299807142358,29.628637082144458,29.347431894913026,29.458209991455078,137700,0.0,0.0
2022-04-01 00:00:00-04:00,29.730887401459583,29.969483340853362,29.30482136647019,29.611589431762695,196400,0.0,0.0
2022-04-04 00:00:00-04:00,29.68828168454717,29.68828168454717,29.091788580685897,29.62010955810547,147500,0.0,0.0
2022-04-05 00:00:00-04:00,29.55193704437637,30.01208908933434,29.390033139946937,29.654191970825195,194400,0.0,0.0
2022-04-06 00:00:00-04:00,29.78201936652498,29.901317347720813,29.330387115478516,29.330387115478516,188300,0.0,0.0
2022-04-07 00:00:00-04:00,29.321866744507876,29.628634834350336,28.836151685799354,29.151439666748047,251300,0.0,0.0
2022-04-08 00:00:00-04:00,29.091787271376,29.50081025973994,28.87875426177234,29.194042205810547,171000,0.0,0.0
2022-04-11 00:00:00-04:00,29.125871058443174,29.875748103860737,29.125871058443174,29.654191970825195,271500,0.0,0.0
2022-04-12 00:00:00-04:00,29.722364555066267,30.114344488122843,29.56898053767447,29.59454345703125,164700,0.0,0.0
2022-04-13 00:00:00-04:00,29.534897600844644,30.02061262373155,29.364470535653858,29.8842716217041,186600,0.0,0.0
2022-04-14 00:00:00-04:00,29.841371039158343,30.15883480091197,29.652612429305226,29.78131103515625,150000,0.24,0.0
2022-04-18 00:00:00-04:00,29.618293770373988,29.95291475356335,29.618293770373988,29.875694274902344,178800,0.0,0.0
2022-04-19 00:00:00-04:00,29.910018502738016,31.22276351124921,29.910018502738016,31.042583465576172,169200,0.0,0.0
2022-04-20 00:00:00-04:00,31.059737406838025,31.591698832556435,31.059737406838025,31.128376007080078,166700,0.0,0.0
2022-04-21 00:00:00-04:00,31.377199451773727,31.471580395706475,30.630737044434905,30.759435653686523,192900,0.0,0.0
2022-04-22 00:00:00-04:00,30.690799274230837,30.948199784413085,30.278957803334226,30.356178283691406,185600,0.0,0.0
2022-04-25 00:00:00-04:00,30.236059188842773,30.43339969512072,29.44669389070582,30.236059188842773,199000,0.0,0.0
2022-04-26 00:00:00-04:00,29.815637894038257,30.50204041397219,29.35231496569833,29.472434997558594,237400,0.0,0.0
2022-04-27 00:00:00-04:00,29.369472506203746,29.86711632912258,29.369472506203746,29.626873016357422,139400,0.0,0.0
2022-04-28 00:00:00-04:00,29.82421030547606,30.210312665648413,29.506749819567556,29.86711311340332,161900,0.0,0.0
2022-04-29 00:00:00-04:00,29.52391207219707,30.21889636250364,26.855519599902298,26.97564125061035,246200,0.0,0.0
2022-05-02 00:00:00-04:00,27.01853844880275,27.55908010239456,26.538056797108663,27.027118682861328,292700,0.0,0.0
2022-05-03 00:00:00-04:00,26.96705964513908,27.35316037250572,26.71823775808097,26.88983917236328,207900,0.0,0.0
2022-05-04 00:00:00-04:00,27.035704699965713,28.545791850530293,26.94132374164522,28.477149963378906,181600,0.0,0.0
2022-05-05 00:00:00-04:00,28.262646698487796,28.374188119609403,27.456124227591324,27.867965698242188,152600,0.0,0.0
2022-05-06 00:00:00-04:00,27.687782996985742,27.88512347806756,27.35316040242052,27.679201126098633,128000,0.0,0.0
2022-05-09 00:00:00-04:00,27.9709278620639,27.9709278620639,27.018544576729514,27.361745834350586,171700,0.0,0.0
2022-05-10 00:00:00-04:00,27.524763559427768,27.7735821746917,26.417937868508908,26.580957412719727,182600,0.0,0.0
2022-05-11 00:00:00-04:00,26.701074801488083,27.027115474447836,26.17769204163236,26.212011337280273,188400,0.0,0.0
2022-05-12 00:00:00-04:00,26.306392264208256,26.357872025936192,25.705789043504566,26.212011337280273,193600,0.0,0.0
2022-05-13 00:00:00-04:00,26.546638084865073,26.75255880090744,26.194856657061983,26.323556900024414,160400,0.0,0.0
2022-05-16 00:00:00-04:00,25.165251261141233,25.748694104029553,25.0279707847572,25.09661102294922,259300,0.0,0.0
2022-05-17 00:00:00-04:00,25.405495136515317,26.41793996583928,25.405495136515317,25.868816375732422,362300,0.0,0.0
2022-05-18 00:00:00-04:00,25.568513015616926,25.619994422772074,24.74483013928338,25.139511108398438,289400,0.0,0.0
2022-05-19 00:00:00-04:00,24.907850354488975,25.928873675709564,24.727668709471477,24.744829177856445,261200,0.0,0.0
2022-05-20 00:00:00-04:00,25.01938862814199,25.199570262372635,24.332986298959153,24.693347930908203,385900,0.0,0.0
2022-05-23 00:00:00-04:00,24.8906864925167,25.7658506226825,24.813466031824884,25.388328552246094,165000,0.0,0.0
2022-05-24 00:00:00-04:00,25.182413491086862,25.51703447111244,24.710510388563314,25.405494689941406,93600,0.0,0.0
2022-05-25 00:00:00-04:00,25.293950024660884,25.75727283275831,25.199570725483916,25.44839096069336,102200,0.0,0.0
2022-05-26 00:00:00-04:00,25.714372408477125,26.580956412919925,25.680053108649222,26.057575225830078,106500,0.0,0.0
2022-05-27 00:00:00-04:00,26.658174380927928,27.284516681735077,26.658174380927928,27.258777618408203,136000,0.0,0.0
2022-05-31 00:00:00-04:00,27.10434149960742,27.10434149960742,26.426517678903778,26.97564125061035,162300,0.0,0.0
2022-06-01 00:00:00-04:00,26.958479033294317,27.1558195113971,26.59811737755724,26.924158096313477,105400,0.0,0.0
2022-06-02 00:00:00-04:00,26.821200205528125,27.310262131952722,26.778299031667444,27.267362594604492,98200,0.0,0.0
2022-06-03 00:00:00-04:00,27.052861883305287,27.20730120108483,26.641018793022443,26.795459747314453,159600,0.0,0.0
2022-06-06 00:00:00-04:00,26.87267485908573,27.087175777994798,26.563793012172795,26.76113510131836,160000,0.0,0.0
2022-06-07 00:00:00-04:00,26.46941803708351,26.89841994485954,26.237756614121476,26.804039001464844,97700,0.0,0.0
2022-06-08 00:00:00-04:00,26.56379944805122,26.56379944805122,25.971777946715946,26.34929847717285,139900,0.0,0.0
2022-06-09 00:00:00-04:00,26.254918661635628,26.41793985461479,25.894556971978396,25.90313720703125,111600,0.0,0.0
2022-06-10 00:00:00-04:00,25.456976869505144,25.62857831146473,25.096615150600126,25.336856842041016,115200,0.0,0.0
2022-06-13 00:00:00-04:00,25.379753338854798,25.474134284258678,24.478849967951625,24.650449752807617,130700,0.0,0.0
2022-06-14 00:00:00-04:00,24.650446288934184,25.190989544729064,24.401626063077785,25.036548614501953,149400,0.0,0.0
2022-06-15 00:00:00-04:00,25.22531177532647,26.01467534876039,25.07087082714186,25.285371780395508,147800,0.0,0.0
2022-06-16 00:00:00-04:00,25.25963172002377,25.328271956905127,24.48742864598044,24.76198959350586,146100,0.0,0.0
2022-06-17 00:00:00-04:00,24.96791397695005,25.4741364121079,24.882113259098922,25.199575424194336,531000,0.0,0.0
2022-06-21 00:00:00-04:00,25.45697079621063,25.83449289654832,25.233889629488917,25.3540096282959,154600,0.0,0.0
2022-06-22 00:00:00-04:00,25.062290354536593,25.76585484919506,25.062290354536593,25.62857437133789,113700,0.0,0.0
2022-06-23 00:00:00-04:00,25.499872691860766,25.73153411375804,25.182412198012553,25.431232452392578,107600,0.0,0.0
2022-06-24 00:00:00-04:00,25.465553745623495,26.237756859540802,25.465553745623495,25.800174713134766,266700,0.0,0.0
2022-06-27 00:00:00-04:00,25.5084504520922,26.04041348375564,25.5084504520922,25.93745231628418,86900,0.0,0.0
2022-06-28 00:00:00-04:00,26.109057105601643,26.357877368144262,25.697215655281994,25.731534957885742,108300,0.0,0.0
2022-06-29 00:00:00-04:00,25.877395722853546,25.877395722853546,25.482714741378985,25.585674285888672,83100,0.0,0.0
2022-06-30 00:00:00-04:00,25.182411227584545,25.568511946022184,25.027970285604553,25.43981170654297,106400,0.0,0.0
2022-07-01 00:00:00-04:00,25.42265493452084,25.920297132970564,25.24247490035524,25.86023712158203,105500,0.0,0.0
2022-07-05 00:00:00-04:00,25.285368240652993,26.263493563388597,24.959327557415904,26.254913330078125,172300,0.0,0.0
2022-07-06 00:00:00-04:00,26.014677102260034,26.426518567503923,25.903137319115338,25.997516632080078,92000,0.0,0.0
2022-07-07 00:00:00-04:00,25.800172637897894,26.43509521989379,25.765853338701724,26.1262149810791,113700,0.0,0.0
2022-07-08 00:00:00-04:00,26.237754749107015,26.29781475008453,25.92887287378004,26.1262149810791,83900,0.0,0.0
2022-07-11 00:00:00-04:00,26.048996952260122,26.23775720680098,25.800175054603482,26.040416717529297,72100,0.0,0.0
2022-07-12 00:00:00-04:00,25.911714178406946,26.486576762441857,25.774433707877325,25.946033477783203,86600,0.0,0.0
2022-07-13 00:00:00-04:00,25.72295136253295,25.877392295354003,25.534191131591797,25.534191131591797,70200,0.0,0.0
2022-07-14 00:00:00-04:00,25.15667201892389,25.28537226604551,24.556070320185505,25.216732025146484,147400,0.0,0.0
2022-07-15 00:00:00-04:00,25.761725925288086,26.07314928681875,25.441650035674968,25.77902603149414,137800,0.24,0.0
2022-07-18 00:00:00-04:00,26.081804888178482,26.358626437441533,25.683874323609494,25.787681579589844,85900,0.0,0.0
2022-07-19 00:00:00-04:00,26.2634653217578,26.791155686071306,25.813629560387035,26.557588577270508,125400,0.0,0.0
2022-07-20 00:00:00-04:00,26.367270532473878,26.929564365977495,26.29806516296553,26.877660751342773,102700,0.0,0.0
2022-07-21 00:00:00-04:00,26.72195016171245,26.938217163085938,26.58353941283232,26.938217163085938,61300,0.0,0.0
2022-07-22 00:00:00-04:00,26.79980764725014,27.00742378012264,26.531637015204794,26.791156768798828,73600,0.0,0.0
2022-07-25 00:00:00-04:00,27.033371981711117,27.43130242528858,26.998768473581205,27.422653198242188,89900,0.0,0.0
2022-07-26 00:00:00-04:00,27.163134963293885,27.664874339017643,27.163134963293885,27.396703720092773,63800,0.0,0.0
2022-07-27 00:00:00-04:00,27.474563854507046,27.785987257589998,27.327502207222746,27.71678352355957,108900,0.0,0.0
2022-07-28 00:00:00-04:00,27.768680948327948,28.15796220086894,27.569717358120446,28.14931297302246,72800,0.0,0.0
2022-07-29 00:00:00-04:00,28.590495545008775,29.957304511867086,28.157961563087394,29.481517791748047,173700,0.0,0.0
2022-08-01 00:00:00-04:00,29.481519344295922,29.991906301867512,29.15279257673208,29.81889533996582,94500,0.0,0.0
2022-08-02 00:00:00-04:00,29.818896687610554,29.827545916107507,29.24795190760283,29.273902893066406,110600,0.0,0.0
2022-08-03 00:00:00-04:00,29.334449684429458,29.4123059203351,28.85866304277135,29.09223175048828,128400,0.0,0.0
2022-08-04 00:00:00-04:00,29.196049539666426,29.36041129723277,28.702960966994347,28.76351547241211,80800,0.0,0.0
2022-08-05 00:00:00-04:00,28.677005822102988,29.221996291864272,28.35692828275073,29.100887298583984,65600,0.0,0.0
2022-08-08 00:00:00-04:00,29.21334666063522,29.43826288791311,28.910570881640055,29.074935913085938,69600,0.0,0.0
2022-08-09 00:00:00-04:00,29.126837898073372,29.213346677825406,28.867318158762323,29.196044921875,80200,0.0,0.0
2022-08-10 00:00:00-04:00,29.58532165587938,29.801588622223566,29.074931483308212,29.689128875732422,92100,0.0,0.0
2022-08-11 00:00:00-04:00,30.009210573252386,30.15627386316191,29.619932576373955,29.706438064575195,83300,0.0,0.0
2022-08-12 00:00:00-04:00,29.98325901084014,30.156273283892048,29.57667596416407,30.12166976928711,104900,0.0,0.0
2022-08-15 00:00:00-04:00,30.043816117504356,30.63206271692347,29.775643806013175,30.467700958251953,111700,0.0,0.0
2022-08-16 00:00:00-04:00,30.48499527857231,30.675307979025014,30.268728296261127,30.45039176940918,126400,0.0,0.0
2022-08-17 00:00:00-04:00,30.29468114400591,30.29468114400591,29.689132896244242,29.732385635375977,73300,0.0,0.0
2022-08-18 00:00:00-04:00,29.948655877977718,29.948655877977718,29.61127985621114,29.8448486328125,83100,0.0,0.0
2022-08-19 00:00:00-04:00,29.619925446455603,29.73238189405285,29.005724748170994,29.29119873046875,126200,0.0,0.0
2022-08-22 00:00:00-04:00,29.066284915276626,29.066284915276626,28.244472914674354,28.39153289794922,103700,0.0,0.0
2022-08-23 00:00:00-04:00,28.42613045238169,28.66834839757227,28.279067199964548,28.2877197265625,83800,0.0,0.0
2022-08-24 00:00:00-04:00,28.166612087031456,28.5299390220128,27.803281852077955,28.40018081665039,266000,0.0,0.0
2022-08-25 00:00:00-04:00,28.452090613193455,28.893277212835606,28.3828868779391,28.746213912963867,107800,0.0,0.0
2022-08-26 00:00:00-04:00,28.936528421514137,28.979781166245296,28.062807798069382,28.106063842773438,67900,0.0,0.0
2022-08-29 00:00:00-04:00,27.941693878004962,28.140659108749457,27.32749643092774,27.33614730834961,100500,0.0,0.0
2022-08-30 00:00:00-04:00,27.561064974481138,27.561064974481138,26.981469391245493,27.35344886779785,97900,0.0,0.0
2022-08-31 00:00:00-04:00,27.457256836997114,27.889792466740634,26.946866608884566,27.042024612426758,118900,0.0,0.0
2022-09-01 00:00:00-04:00,26.825758844226225,26.981471348027995,26.670046340424456,26.89496421813965,99300,0.0,0.0
2022-09-02 00:00:00-04:00,27.180436974102765,27.612970979642284,26.626793975007793,26.7392520904541,80200,0.0,0.0
2022-09-06 00:00:00-04:00,26.86036331273876,26.86036331273876,25.614666461413815,26.081802368164062,147600,0.0,0.0
2022-09-07 00:00:00-04:00,25.891485513446934,26.393224887630595,25.84823112343939,26.194259643554688,113400,0.0,0.0
2022-09-08 00:00:00-04:00,26.298063646268428,26.765201100998038,25.874180576228262,26.721946716308594,77600,0.0,0.0
2022-09-09 00:00:00-04:00,26.86036035112739,27.197737988233577,26.808456733874994,27.171785354614258,81900,0.0,0.0
2022-09-12 00:00:00-04:00,27.163134104933068,27.43130471538369,26.998770727566328,27.327497482299805,93100,0.0,0.0
2022-09-13 00:00:00-04:00,26.894962665957305,27.128531408180063,26.540284938872155,26.678695678710938,122400,0.0,0.0
2022-09-14 00:00:00-04:00,26.721950121543617,26.860360870215686,26.45377950223977,26.63544464111328,86300,0.0,0.0
2022-09-15 00:00:00-04:00,26.566236902080547,27.34479940489814,26.566236902080547,27.12853240966797,106900,0.0,0.0
2022-09-16 00:00:00-04:00,26.990122226015455,26.99877145401665,26.57488833254865,26.89496421813965,466200,0.0,0.0
2022-09-19 00:00:00-04:00,26.78250438791158,27.431305385486798,26.78250438791158,27.414005279541016,90900,0.0,0.0
2022-09-20 00:00:00-04:00,27.25829093019889,27.656221389770508,27.2496400528187,27.656221389770508,75300,0.0,0.0
2022-09-21 00:00:00-04:00,27.881142216370446,27.99360198428484,27.40535545977168,27.465909957885742,68700,0.0,0.0
2022-09-22 00:00:00-04:00,27.65622705038056,27.74273419190234,26.920920472411687,27.09393310546875,77400,0.0,0.0
2022-09-23 00:00:00-04:00,26.860358307960798,26.886310939606,26.436475224339226,26.73059844970703,69600,0.0,0.0
2022-09-26 00:00:00-04:00,26.49702970107341,26.912263557250004,26.49702970107341,26.6700439453125,75800,0.0,0.0
2022-09-27 00:00:00-04:00,26.747904108655256,26.87766398585069,25.977994073974187,26.090452194213867,63000,0.0,0.0
2022-09-28 00:00:00-04:00,26.202913286282755,26.505685798350427,25.89148824531436,26.26346778869629,72600,0.0,0.0
2022-09-29 00:00:00-04:00,25.986643202871754,25.986643202871754,25.55410920801692,25.770376205444336,75000,0.0,0.0
2022-09-30 00:00:00-04:00,25.75307238348842,26.047195608391146,25.28593491453017,25.32918930053711,143300,0.0,0.0
2022-10-03 00:00:00-04:00,25.39839623887188,25.77037573160526,25.216731106380273,25.666566848754883,88200,0.0,0.0
2022-10-04 00:00:00-04:00,25.90878570737401,27.422654616653283,25.90878570737401,27.258291244506836,199200,0.0,0.0
2022-10-05 00:00:00-04:00,26.964164540601338,27.414000211759756,26.592185106758258,26.98146629333496,88300,0.0,0.0
2022-10-06 00:00:00-04:00,26.851711095576047,27.23233982168313,26.739251333327765,26.990121841430664,60100,0.0,0.0
2022-10-07 00:00:00-04:00,26.808452350608828,26.87765771229214,26.081795227941022,26.185604095458984,89000,0.0,0.0
2022-10-10 00:00:00-04:00,26.38457155575173,26.65274214891244,26.263462574966788,26.488380432128906,74100,0.0,0.0
2022-10-11 00:00:00-04:00,26.384573660317688,26.747902281639547,26.202910174649883,26.531635284423828,95400,0.0,0.0
2022-10-12 00:00:00-04:00,26.912266043438592,27.42265629610967,26.254814164574388,26.37592315673828,64000,0.0,0.0
2022-10-13 00:00:00-04:00,26.107750602152798,27.820584721382993,26.107750602152798,27.474557876586914,140300,0.0,0.0
2022-10-14 00:00:00-04:00,27.65760539959476,27.93653465944735,27.291510330400854,27.43097496032715,64000,0.24,0.0
2022-10-17 00:00:00-04:00,27.797070699405978,28.224183009216507,27.753488624959797,28.10215187072754,98200,0.0,0.0
2022-10-18 00:00:00-04:00,28.18059926888076,28.485677097068574,27.77963722497046,28.075998306274414,69800,0.0,0.0
2022-10-19 00:00:00-04:00,27.83193935128507,28.232899780296222,27.570441901341137,28.18931770324707,88500,0.0,0.0
2022-10-20 00:00:00-04:00,28.119577835217747,28.320061332866864,27.038727920154457,27.33509063720703,69500,0.0,0.0
2022-10-21 00:00:00-04:00,27.60531018627001,28.293916678694462,27.34381438662523,28.119585037231445,78000,0.0,0.0
2022-10-24 00:00:00-04:00,28.363643238647118,28.80818564913531,28.23289371051014,28.372358322143555,85100,0.0,0.0
2022-10-25 00:00:00-04:00,28.407229762428745,29.026103865813102,28.398514677565213,28.61642837524414,89900,0.0,0.0
2022-10-26 00:00:00-04:00,28.87792414743902,28.956373211607403,28.328780698260367,28.61642837524414,94500,0.0,0.0
2022-10-27 00:00:00-04:00,28.790760215730007,29.409637720360344,28.564131405303087,28.86920928955078,83000,0.0,0.0
2022-10-28 00:00:00-04:00,28.930222705814334,31.266257923905382,28.930222705814334,30.94374656677246,176500,0.0,0.0
2022-10-31 00:00:00-04:00,30.725836327938918,30.73455141420795,30.054661631834392,30.098243713378906,160900,0.0,0.0
2022-11-01 00:00:00-04:00,30.089525537259544,30.089525537259544,29.296319764243663,29.557815551757812,176000,0.0,0.0
2022-11-02 00:00:00-04:00,29.644975570364945,29.732143037442526,28.44209445058422,28.625141143798828,121900,0.0,0.0
2022-11-03 00:00:00-04:00,28.163170488068605,28.721029081594654,28.023705839687096,28.46824836730957,143000,0.0,0.0
2022-11-04 00:00:00-04:00,28.677447964972753,29.64498212522572,28.50311631736965,29.618833541870117,147700,0.0,0.0
2022-11-07 00:00:00-05:00,29.854176260876848,30.10695694548908,29.610113986133513,29.653696060180664,86700,0.0,0.0
2022-11-08 00:00:00-05:00,29.601400945396417,29.7582991005038,29.09584280957242,29.496803283691406,69600,0.0,0.0
2022-11-09 00:00:00-05:00,29.3747665213278,29.54909814098446,29.139419333556173,29.22658348083496,74300,0.0,0.0
2022-11-10 00:00:00-05:00,30.159254565269958,30.900163135792262,29.3573337502284,30.499202728271484,115800,0.0,0.0
2022-11-11 00:00:00-05:00,30.525353106065097,30.795567305362045,29.97620962205488,30.31615447998047,59500,0.0,0.0
2022-11-14 00:00:00-05:00,30.368450141846473,31.05705815878482,30.22898552165253,30.5340633392334,119300,0.0,0.0
2022-11-15 00:00:00-05:00,30.86529347761359,31.24882035707254,30.595079317593207,31.030906677246094,66900,0.0,0.0
2022-11-16 00:00:00-05:00,31.091928385661184,31.222677949434004,30.603803774454992,31.022197723388672,72500,0.0,0.0
2022-11-17 00:00:00-05:00,30.647377794770897,31.135505602715227,30.342299992992352,30.51662826538086,93100,0.0,0.0
2022-11-18 00:00:00-05:00,31.05706200794434,31.05706200794434,29.90647791746814,30.019790649414062,131000,0.0,0.0
2022-11-21 00:00:00-05:00,29.923915294309836,30.263860184441345,29.83674780639171,30.028512954711914,100700,0.0,0.0
2022-11-22 00:00:00-05:00,30.194124043523104,30.202842454243783,29.958776830556335,30.11567497253418,81600,0.0,0.0
2022-11-23 00:00:00-05:00,30.01107678240581,30.202841913635037,29.732147496126586,29.880327224731445,52300,0.0,0.0
2022-11-25 00:00:00-05:00,29.94134386183115,30.516635950854383,29.915195279407204,30.351022720336914,49100,0.0,0.0
2022-11-28 00:00:00-05:00,30.281286621378815,30.499200302713987,30.063372940043646,30.159252166748047,79100,0.0,0.0
2022-11-29 00:00:00-05:00,30.202839225679522,30.47305007734622,30.14182365755484,30.185405731201172,54500,0.0,0.0
2022-11-30 00:00:00-05:00,30.045947112210683,31.161664381270405,29.200440748882755,31.091930389404297,162400,0.0,0.0
2022-12-01 00:00:00-05:00,31.335988829461137,31.82411335987031,30.307435961671832,31.597484588623047,97100,0.0,0.0
2022-12-02 00:00:00-05:00,31.248819412623337,31.571334043090136,31.022190655496857,31.42315101623535,95100,0.0,0.0
2022-12-05 00:00:00-05:00,31.24882146019594,31.266254954209348,29.488081791128916,29.697277069091797,108000,0.0,0.0
2022-12-06 00:00:00-05:00,29.732142199960553,29.854173325332972,28.904069574092144,28.9215030670166,106300,0.0,0.0
2022-12-07 00:00:00-05:00,28.83434180434427,28.938939447228112,28.39851441304595,28.529260635375977,117700,0.0,0.0
2022-12-08 00:00:00-05:00,28.72102452096274,28.72102452096274,28.14573252210259,28.328779220581055,76900,0.0,0.0
2022-12-09 00:00:00-05:00,28.267763873939003,28.381079922729015,28.023701607405755,28.241615295410156,57500,0.0,0.0
2022-12-12 00:00:00-05:00,28.407228501257862,28.694872840372195,27.892952064563513,28.241615295410156,113700,0.0,0.0
2022-12-13 00:00:00-05:00,28.904077476414944,29.244022368635225,28.084723035548127,28.320070266723633,123800,0.0,0.0
2022-12-14 00:00:00-05:00,28.363650011121116,28.476962749123988,27.61402629768961,27.727340698242188,103100,0.0,0.0
2022-12-15 00:00:00-05:00,27.474561475208763,27.980119562914506,27.36124541283875,27.64889144897461,171700,0.0,0.0
2022-12-16 00:00:00-05:00,27.36996134185676,27.701191108434227,27.038733237828946,27.265363693237305,899200,0.0,0.0
2022-12-19 00:00:00-05:00,27.33509757459965,27.831940590296817,27.33509757459965,27.709909439086914,85400,0.0,0.0
2022-12-20 00:00:00-05:00,27.666325697547848,28.0324208137273,27.465845474117366,27.709909439086914,83400,0.0,0.0
2022-12-21 00:00:00-05:00,27.988836144261736,28.52054610397832,27.76220569688335,28.084718704223633,104800,0.0,0.0
2022-12-22 00:00:00-05:00,27.91910416938875,27.91910416938875,27.291513267186605,27.727340698242188,54900,0.0,0.0
2022-12-23 00:00:00-05:00,27.657606838371553,28.058567254630635,27.518142201190166,27.88423728942871,54500,0.0,0.0
2022-12-27 00:00:00-05:00,27.971402649259645,28.320065899103067,27.683756631923536,28.084718704223633,46200,0.0,0.0
2022-12-28 00:00:00-05:00,28.137015616190517,28.25033167015598,27.74477195739746,27.74477195739746,66300,0.0,0.0
2022-12-29 00:00:00-05:00,27.97140348587103,28.293914840307888,27.87552092304133,28.1283016204834,65900,0.0,0.0
2022-12-30 00:00:00-05:00,27.89295333851028,28.102151951592734,27.622740818557343,27.74477195739746,64700,0.0,0.0
2023-01-03 00:00:00-05:00,27.953968577317784,28.084718124585333,27.579156755256534,27.762205123901367,93100,0.0,0.0
2023-01-04 00:00:00-05:00,27.988839597872325,29.244021467010036,27.622744470403042,27.927824020385742,110000,0.0,0.0
2023-01-05 00:00:00-05:00,27.683753581380618,28.293910876272648,27.34380877904721,27.52685546875,64300,0.0,0.0
2023-01-06 00:00:00-05:00,27.814504016153276,28.3636474609375,27.814504016153276,28.3636474609375,58500,0.0,0.0
2023-01-09 00:00:00-05:00,28.389795288506566,28.747173607370918,27.858085352491525,28.049850463867188,90600,0.0,0.0
2023-01-10 00:00:00-05:00,27.927816065307695,28.232893865840943,27.561721042118478,27.945249557495117,127400,0.0,0.0
2023-01-11 00:00:00-05:00,28.372364603120523,28.598996725382513,27.945255590171904,28.26776695251465,107400,0.0,0.0
2023-01-12 00:00:00-05:00,28.642574747899904,29.104550687350258,28.424661067012167,28.973804473876953,79600,0.0,0.0
2023-01-13 00:00:00-05:00,28.65773273772854,29.281107872144204,27.744619558157208,29.193309783935547,73000,0.24,0.0
2023-01-17 00:00:00-05:00,29.12305674891688,29.219636616101898,28.833320496642834,29.07037925720215,54100,0.0,0.0
2023-01-18 00:00:00-05:00,28.886007082397818,28.9299061173176,28.236289978027344,28.236289978027344,74100,0.0,0.0
2023-01-19 00:00:00-05:00,28.104590692208347,28.464568152364407,27.709494337584847,28.29775047302246,71800,0.0,0.0
2023-01-20 00:00:00-05:00,28.622608001502815,28.903565862062994,28.280190818275216,28.85966682434082,111600,0.0,0.0
2023-01-23 00:00:00-05:00,28.859663461274238,29.140621289093914,28.58748744954477,28.982582092285156,67300,0.0,0.0
2023-01-24 00:00:00-05:00,28.991362266314525,29.421577450485508,28.701622638815394,28.798202514648438,65200,0.0,0.0
2023-01-25 00:00:00-05:00,28.63138844263859,28.648948726739917,28.218730139461687,28.569929122924805,53000,0.0,0.0
2023-01-26 00:00:00-05:00,28.631389739692032,28.631389739692032,28.227513234910326,28.473350524902344,77300,0.0,0.0
2023-01-27 00:00:00-05:00,28.139705369834715,28.139705369834715,25.60230339543243,26.29591941833496,283400,0.0,0.0
2023-01-30 00:00:00-05:00,26.076423533659483,26.69979849526292,26.076423533659483,26.12910270690918,109700,0.0,0.0
2023-01-31 00:00:00-05:00,26.129108306306023,26.840283158822274,26.0939877335195,26.181787490844727,151200,0.0,0.0
2023-02-01 00:00:00-05:00,26.12032566356876,27.147578874298112,26.12032566356876,26.866621017456055,134600,0.0,0.0
2023-02-02 00:00:00-05:00,27.103676286027422,27.80607083610468,26.787597901172305,27.121234893798828,191900,0.0,0.0
2023-02-03 00:00:00-05:00,26.92808191450245,27.946555042452246,26.91052162876238,27.832416534423828,174500,0.0,0.0
2023-02-06 00:00:00-05:00,27.683152741755983,27.972890708574102,27.244155720841214,27.3758544921875,129400,0.0,0.0
2023-02-07 00:00:00-05:00,27.288060201345893,27.744617596166197,26.93686284942299,27.586578369140625,150100,0.0,0.0
2023-02-08 00:00:00-05:00,27.481214470411874,27.683154384744714,27.252937479671857,27.66559410095215,75800,0.0,0.0
2023-02-09 00:00:00-05:00,27.753391562371327,28.078248412607966,27.22659481441276,27.279273986816406,151200,0.0,0.0
2023-02-10 00:00:00-05:00,27.21781538799888,28.332868226775837,27.21781538799888,28.051910400390625,133100,0.0,0.0
2023-02-13 00:00:00-05:00,27.990450977910445,28.236289927083863,27.586574498526435,27.66559410095215,158700,0.0,0.0
2023-02-14 00:00:00-05:00,27.691935793825333,27.7446149729728,27.077339230088235,27.103679656982422,119500,0.0,0.0
2023-02-15 00:00:00-05:00,26.910520384545233,27.735835355118596,26.82272063454535,27.71827507019043,74100,0.0,0.0
2023-02-16 00:00:00-05:00,27.428533934555126,27.674372871546904,26.348601654436905,27.086116790771484,81500,0.0,0.0
2023-02-17 00:00:00-05:00,27.331955687671446,27.331955687671446,27.01587894936893,27.270496368408203,141800,0.0,0.0
2023-02-21 00:00:00-05:00,27.024657280434518,27.09489673697732,26.568099975585938,26.568099975585938,96700,0.0,0.0
2023-02-22 00:00:00-05:00,26.427621062500336,26.980756573444804,26.34860146455959,26.568099975585938,134500,0.0,0.0
2023-02-23 00:00:00-05:00,26.71735706612572,26.84905582813245,26.585658304118997,26.647117614746094,99700,0.0,0.0
2023-02-24 00:00:00-05:00,26.366165165799668,26.471523526953494,25.99740755247936,26.260805130004883,102700,0.0,0.0
2023-02-27 00:00:00-05:00,26.401282307070673,26.87539992468302,26.02374457629955,26.778820037841797,248900,0.0,0.0
2023-02-28 00:00:00-05:00,26.72614319734432,27.43731801129768,26.72614319734432,26.90174102783203,133000,0.0,0.0
2023-03-01 00:00:00-05:00,26.76125835862802,27.042216187909034,26.72613946728827,26.928077697753906,166600,0.0,0.0
2023-03-02 00:00:00-05:00,26.796380324073798,27.094898451935446,26.576881799154403,26.884180068969727,99300,0.0,0.0
2023-03-03 00:00:00-05:00,26.90173745896926,27.61291385321688,26.647120052416017,27.446094512939453,270100,0.0,0.0
2023-03-06 00:00:00-05:00,27.384637693998943,27.797294336905598,26.594443302970426,26.866621017456055,162000,0.0,0.0
2023-03-07 00:00:00-05:00,26.778821754455567,26.778821754455567,26.243244783481348,26.339824676513672,117200,0.0,0.0
2023-03-08 00:00:00-05:00,26.427623075020097,26.61200103449545,26.313482902795567,26.515422821044922,96900,0.0,0.0
2023-03-09 00:00:00-05:00,26.524201009799576,26.524201009799576,25.4969495184166,25.944725036621094,284900,0.0,0.0
2023-03-10 00:00:00-05:00,25.57596751523301,25.82180646724828,24.35555624643617,25.21599006652832,473800,0.0,0.0
2023-03-13 00:00:00-04:00,22.625905307857412,22.678584477854297,18.99100908525985,20.264101028442383,891600,0.0,0.0
2023-03-14 00:00:00-04:00,22.222032922589797,23.17904674272162,21.651337022651628,21.958635330200195,465600,0.0,0.0
2023-03-15 00:00:00-04:00,21.150877451664183,21.528415172766028,20.369463258917165,21.3791561126709,287200,0.0,0.0
2023-03-16 00:00:00-04:00,21.098198709492628,22.669807269010363,20.905038936787957,22.151790618896484,268500,0.0,0.0
2023-03-17 00:00:00-04:00,22.03765460742119,22.072773504372783,20.738223602032658,20.97528076171875,594100,0.0,0.0
2023-03-20 00:00:00-04:00,21.396717601212583,22.07277180593997,20.615301689814597,20.6855411529541,247600,0.0,0.0
2023-03-21 00:00:00-04:00,21.32648101172027,22.046436024571097,21.27380015128646,21.765478134155273,224300,0.0,0.0
2023-03-22 00:00:00-04:00,21.826934052913277,21.826934052913277,20.404582861622963,20.45726203918457,286400,0.0,0.0
2023-03-23 00:00:00-04:00,20.87869962309407,20.87869962309407,20.114844044048827,20.132404327392578,230600,0.0,0.0
2023-03-24 00:00:00-04:00,19.912907711285516,20.764561439104487,19.781208922911173,20.597742080688477,248900,0.0,0.0
2023-03-27 00:00:00-04:00,21.05429698736942,21.071857270341816,20.624080102390163,20.65920066833496,145400,0.0,0.0
2023-03-28 00:00:00-04:00,20.703102116172523,21.194778374269177,20.29922560853908,20.597742080688477,127100,0.0,0.0
2023-03-29 00:00:00-04:00,20.676761424567946,20.782121458706385,20.01826581646526,20.448484420776367,176500,0.0,0.0
2023-03-30 00:00:00-04:00,20.571400947745904,20.588961230735062,19.737305926809224,19.825105667114258,113800,0.0,0.0
2023-03-31 00:00:00-04:00,19.939248421080997,20.12362808261348,19.64073191963418,19.948028564453125,241600,0.0,0.0
2023-04-03 00:00:00-04:00,20.062164524319346,20.167522873291936,19.579266788499215,19.8514461517334,188300,0.0,0.0
2023-04-04 00:00:00-04:00,20.01826609754379,20.01826609754379,18.61347678691268,18.91199493408203,189000,0.0,0.0
2023-04-05 00:00:00-04:00,18.74517557545423,19.096372903112005,18.437877285763317,18.91199493408203,155100,0.0,0.0
2023-04-06 00:00:00-04:00,18.85931200464205,19.236849718339645,18.81541297150358,18.938331604003906,146600,0.0,0.0
2023-04-10 00:00:00-04:00,18.911992808726772,19.29830898841512,18.771512218810106,19.122711181640625,305500,0.0,0.0
2023-04-11 00:00:00-04:00,19.298311157185108,19.298311157185108,18.87687436399578,18.91199493408203,92000,0.0,0.0
2023-04-12 00:00:00-04:00,19.09636939872809,19.219288022191215,18.411533479489275,18.464214324951172,117200,0.0,0.0
2023-04-13 00:00:00-04:00,18.56079227819709,18.876870648191343,18.332513641494646,18.753952026367188,177400,0.0,0.0
2023-04-14 00:00:00-04:00,18.94052121825255,19.020476650904396,18.291995326275238,18.389719009399414,181100,0.25,0.0
2023-04-17 00:00:00-04:00,18.371946446681505,19.0648911077187,18.167616697630702,19.038240432739258,186100,0.0,0.0
2023-04-18 00:00:00-04:00,19.03824298359736,19.03824298359736,18.140966758813676,18.27422523498535,163900,0.0,0.0
2023-04-19 00:00:00-04:00,18.469671015590663,18.771722745215992,18.16761759149202,18.647348403930664,134900,0.0,0.0
2023-04-20 00:00:00-04:00,18.48743561851419,18.65623055993753,18.167615675442708,18.345293045043945,258300,0.0,0.0
2023-04-21 00:00:00-04:00,18.309758155925568,18.48743552462446,17.998820642611097,18.15873146057129,91700,0.0,0.0
2023-04-24 00:00:00-04:00,18.194266256521818,18.345292951876093,18.034355438561626,18.15873146057129,127600,0.0,0.0
2023-04-25 00:00:00-04:00,17.918865365915476,17.989936652814336,17.039357555114666,17.083776473999023,140600,0.0,0.0
2023-04-26 00:00:00-04:00,17.163733157671412,17.60792915738122,16.657349989117947,17.003822326660156,158700,0.0,0.0
2023-04-27 00:00:00-04:00,17.163732823139824,17.581278139191724,17.163732823139824,17.350296020507812,145600,0.0,0.0
2023-04-28 00:00:00-04:00,18.789487651892347,19.455781552274864,18.167614361552474,18.300872802734375,206300,0.0,0.0
2023-05-01 00:00:00-04:00,18.00770950720418,18.327529532869946,17.501326246632612,17.643468856811523,265200,0.0,0.0
2023-05-02 00:00:00-04:00,17.59904380097157,17.59904380097157,15.955518378304378,16.239805221557617,263700,0.0,0.0
2023-05-03 00:00:00-04:00,16.222041154616466,16.675121362616636,16.03547791862883,16.133201599121094,233900,0.0,0.0
2023-05-04 00:00:00-04:00,15.617929766807915,15.893330785456808,14.773956771449988,15.715653419494629,273100,0.0,0.0
2023-05-05 00:00:00-04:00,16.319758462003463,16.72841788543165,15.866678430937695,16.177614212036133,230100,0.0,0.0
2023-05-08 00:00:00-04:00,16.48855512340418,16.48855512340418,15.564628320167623,15.617931365966797,145400,0.0,0.0
2023-05-09 00:00:00-04:00,15.493555654475765,15.626814104400149,14.818377587789351,15.093778610229492,250300,0.0,0.0
2023-05-10 00:00:00-04:00,15.360298457644832,15.848913378719827,14.560744303924643,14.711771011352539,178000,0.0,0.0
2023-05-11 00:00:00-04:00,14.463023521665212,14.75619283723063,14.249809628024309,14.294228553771973,161100,0.0,0.0
2023-05-12 00:00:00-04:00,14.347529807692776,14.400832850812744,13.91221795085446,14.027709007263184,306900,0.0,0.0
2023-05-15 00:00:00-04:00,14.027707653306786,14.622929429290707,14.009940256393907,14.285341262817383,246300,0.0,0.0
2023-05-16 00:00:00-04:00,14.605164085913081,14.78284145866301,13.83226234630774,13.841146469116211,241500,0.0,0.0
2023-05-17 00:00:00-04:00,14.196503413034039,15.040476470593182,14.045477556111855,14.880565643310547,412900,0.0,0.0
2023-05-18 00:00:00-04:00,14.880566053641962,15.617931348521111,14.71177109858097,15.466904640197754,465200,0.0,0.0
2023-05-19 00:00:00-04:00,15.76007223322816,15.964401965247399,15.058243507539832,15.084894180297852,461600,0.0,0.0
2023-05-22 00:00:00-04:00,15.54685912702353,15.706769949160051,15.013823618059519,15.529090881347656,313500,0.0,0.0
2023-05-23 00:00:00-04:00,15.573511871950359,16.266456525326248,15.49355645894957,15.991055488586426,325100,0.0,0.0
2023-05-24 00:00:00-04:00,15.902215220928545,15.902215220928545,15.502439868790056,15.546858787536621,236900,0.0,0.0
2023-05-25 00:00:00-04:00,15.44025057408072,15.502439430831405,15.14708131300555,15.200386047363281,201400,0.0,0.0
2023-05-26 00:00:00-04:00,15.333643842892007,15.333643842892007,14.898332030969089,15.209269523620605,228300,0.0,0.0
2023-05-30 00:00:00-04:00,15.227037060153876,15.360297204551383,14.747306301531474,15.093778610229492,157300,0.0,0.0
2023-05-31 00:00:00-04:00,14.942750700042621,15.022706102390249,14.267572688258758,14.391948699951172,246100,0.0,0.0
2023-06-01 00:00:00-04:00,14.463023836388,14.916104005661703,14.232041689632382,14.6051664352417,221300,0.0,0.0
2023-06-02 00:00:00-04:00,14.933868206991258,15.617930415253854,14.640698931232027,15.529090881347656,377700,0.0,0.0
2023-06-05 00:00:00-04:00,15.511321541362337,15.511321541362337,14.880564114626717,15.102662086486816,208100,0.0,0.0
2023-06-06 00:00:00-04:00,15.235921386808592,16.293108266718033,14.96052036067985,16.06212615966797,311600,0.0,0.0
2023-06-07 00:00:00-04:00,16.284226139370507,17.083778642070733,15.982172708099009,16.96828842163086,330300,0.0,0.0
2023-06-08 00:00:00-04:00,16.772841396226276,16.861680941380456,16.38195010870529,16.737306594848633,226100,0.0,0.0
2023-06-09 00:00:00-04:00,16.719540916473488,16.737309167129723,16.42637155854019,16.5773983001709,147700,0.0,0.0
2023-06-12 00:00:00-04:00,16.61293130409881,16.888332353397946,16.31087788442623,16.408599853515625,190100,0.0,0.0
2023-06-13 00:00:00-04:00,16.399715200076674,17.10154568030383,16.168734775531096,16.994937896728516,239000,0.0,0.0
2023-06-14 00:00:00-04:00,16.99493903262839,17.15484987144279,16.195386533029755,16.30199432373047,198800,0.0,0.0
2023-06-15 00:00:00-04:00,16.16873562335843,16.61293163834659,16.124315005175617,16.479671478271484,150200,0.0,0.0
2023-06-16 00:00:00-04:00,16.59516143898282,16.59516143898282,16.071010067394905,16.417482376098633,607000,0.0,0.0
2023-06-20 00:00:00-04:00,16.355294771397148,16.355294771397148,15.911098820637914,15.982170104980469,168200,0.0,0.0
2023-06-21 00:00:00-04:00,15.884449289389067,16.10654730441923,15.671235398296915,15.831146240234375,112600,0.0,0.0
2023-06-22 00:00:00-04:00,15.7245394258131,15.795610719607156,15.306994092108877,15.653468132019043,314600,0.0,0.0
2023-06-23 00:00:00-04:00,15.351412537513296,15.697884833923474,15.32476017068441,15.64458179473877,687500,0.0,0.0
2023-06-26 00:00:00-04:00,15.626813888549805,16.088778090081554,15.600161521143821,15.626813888549805,172500,0.0,0.0
2023-06-27 00:00:00-04:00,15.626814587150953,16.11542948345925,15.33364531047134,15.919983863830566,210600,0.0,0.0
2023-06-28 00:00:00-04:00,15.884449902748457,15.893334027029521,15.66235187914224,15.848915100097656,154600,0.0,0.0
2023-06-29 00:00:00-04:00,15.991054227332423,16.328642404341284,15.795608619008668,15.982170104980469,200700,0.0,0.0
2023-06-30 00:00:00-04:00,16.115428828147706,16.310876134301974,15.53797442113569,15.662348747253418,204500,0.0,0.0
2023-07-03 00:00:00-04:00,15.653467307080522,16.186501135208385,15.653467307080522,16.14208221435547,75700,0.0,0.0
2023-07-05 00:00:00-04:00,15.937753737192788,16.07989632861588,15.466905344057949,15.73342227935791,182000,0.0,0.0
2023-07-06 00:00:00-04:00,15.546858169746354,15.635697698182375,15.253688912038632,15.440250396728516,127100,0.0,0.0
2023-07-07 00:00:00-04:00,15.449134922146737,16.079894065475656,15.431368371574388,15.902215003967285,247300,0.0,0.0
2023-07-10 00:00:00-04:00,15.928869306206384,16.45302073739746,15.857798011865558,15.964404106140137,261900,0.0,0.0
2023-07-11 00:00:00-04:00,15.982172345777428,16.355297064508445,15.902216927872688,16.293109893798828,151000,0.0,0.0
2023-07-12 00:00:00-04:00,16.746187545829418,16.98605376395507,16.48855308314489,16.63957977294922,163100,0.0,0.0
2023-07-13 00:00:00-04:00,16.817258334994882,17.172614743356046,16.683999893668574,17.16373062133789,238000,0.0,0.0
2023-07-14 00:00:00-04:00,17.199734001948464,17.280737593534326,16.740714221857573,16.902721405029297,163500,0.25,0.0
2023-07-17 00:00:00-04:00,16.85772089426935,17.5597515506587,16.839719712049494,17.46074676513672,171900,0.0,0.0
2023-07-18 00:00:00-04:00,17.460744806721745,18.31578198270358,17.23573520427253,18.288780212402344,182900,0.0,0.0
2023-07-19 00:00:00-04:00,18.288784139472966,18.936813032354816,18.117776324219435,18.819807052612305,153100,0.0,0.0
2023-07-20 00:00:00-04:00,18.810803055371007,19.017811484595914,18.34278265449872,18.738800048828125,174600,0.0,0.0
2023-07-21 00:00:00-04:00,18.954808370316353,18.96380896038859,18.450787343080187,18.48678970336914,137300,0.0,0.0
2023-07-24 00:00:00-04:00,18.44178820473975,19.224822435794437,18.423787023178228,19.19782066345215,133700,0.0,0.0
2023-07-25 00:00:00-04:00,19.19781650121573,19.32382131145325,18.882802758935142,18.972806930541992,149000,0.0,0.0
2023-07-26 00:00:00-04:00,19.332824531433104,20.088856929125974,19.20681970404663,19.94485092163086,148400,0.0,0.0
2023-07-27 00:00:00-04:00,20.21486109927046,20.250863458317212,19.395826314513478,19.494831085205078,156300,0.0,0.0
2023-07-28 00:00:00-04:00,20.69188592021552,20.916895556211802,19.91785222304838,20.3228702545166,151000,0.0,0.0
2023-07-31 00:00:00-04:00,20.214859973171787,20.66487913606541,19.998850980985274,20.160858154296875,155100,0.0,0.0
2023-08-01 00:00:00-04:00,20.1158591091385,20.124859699376206,19.575835711685627,19.863847732543945,111200,0.0,0.0
2023-08-02 00:00:00-04:00,19.521834095899386,20.484874944709993,19.521834095899386,20.39487075805664,253800,0.0,0.0
2023-08-03 00:00:00-04:00,20.574877184847256,20.67388023578125,20.151858062602955,20.493873596191406,113000,0.0,0.0
2023-08-04 00:00:00-04:00,20.412872689519432,20.58388047878184,20.304867318225508,20.43087387084961,149900,0.0,0.0
2023-08-07 00:00:00-04:00,20.547878814859832,21.204906505569532,20.33186978161365,21.09690284729004,176500,0.0,0.0
2023-08-08 00:00:00-04:00,20.565878596601824,20.880892392396245,19.962852776088074,20.817888259887695,175600,0.0,0.0
2023-08-09 00:00:00-04:00,20.754884156223003,20.898890156871712,20.448870975672765,20.718883514404297,131100,0.0,0.0
2023-08-10 00:00:00-04:00,20.799886914963707,21.096899503183113,20.646880326081774,20.709882736206055,112900,0.0,0.0
2023-08-11 00:00:00-04:00,20.700884172993323,21.02489856156265,20.322867958558135,20.925893783569336,88100,0.0,0.0
2023-08-14 00:00:00-04:00,20.77288514633033,20.826886966910156,20.250862969560256,20.709882736206055,163700,0.0,0.0
2023-08-15 00:00:00-04:00,20.35886695418412,20.52987299393354,19.90884780743695,19.9178466796875,134000,0.0,0.0
2023-08-16 00:00:00-04:00,19.7918469418489,20.043858346641137,19.494834297519983,19.566837310791016,114900,0.0,0.0
2023-08-17 00:00:00-04:00,19.6568379309571,20.187860700995216,19.611836699606183,20.097856521606445,108200,0.0,0.0
2023-08-18 00:00:00-04:00,19.86384841247827,20.295866458553615,19.521834555173736,20.10685920715332,157000,0.0,0.0
2023-08-21 00:00:00-04:00,20.133860258908822,20.17886149334166,19.728842282265074,19.962852478027344,110700,0.0,0.0
2023-08-22 00:00:00-04:00,19.97184991069577,20.250861296779096,19.3238212505193,19.377824783325195,172700,0.0,0.0
2023-08-23 00:00:00-04:00,19.33282433298395,19.56683452193318,19.107814733996648,19.305824279785156,111900,0.0,0.0
2023-08-24 00:00:00-04:00,19.188817158619674,19.656837508021837,19.188817158619674,19.4498291015625,115200,0.0,0.0
2023-08-25 00:00:00-04:00,19.575835005125885,19.575835005125885,18.738799026788516,18.99081039428711,70700,0.0,0.0
2023-08-28 00:00:00-04:00,19.06281256936811,19.485829976786135,19.06281256936811,19.260820388793945,78000,0.0,0.0
2023-08-29 00:00:00-04:00,19.26082494967051,19.44083334936421,19.188821933130498,19.29682731628418,80900,0.0,0.0
2023-08-30 00:00:00-04:00,19.32382349980434,19.638837277759066,19.107814493497752,19.50383186340332,491300,0.0,0.0
2023-08-31 00:00:00-04:00,19.593837691443664,19.593837691443664,18.819804066296832,19.179819107055664,133400,0.0,0.0
2023-09-01 00:00:00-04:00,19.36883055040807,20.088860723896815,19.36883055040807,20.043859481811523,124600,0.0,0.0
2023-09-05 00:00:00-04:00,19.998852674173943,20.088856857710184,19.503832239755155,19.521833419799805,116400,0.0,0.0
2023-09-06 00:00:00-04:00,19.51283256254187,19.530833742339986,18.918807362699916,19.098814010620117,123500,0.0,0.0
2023-09-07 00:00:00-04:00,19.035811353730512,19.15281730422977,18.486789110429356,18.567790985107422,207700,0.0,0.0
2023-09-08 00:00:00-04:00,18.612793934025202,18.675796345823123,18.270778388997954,18.567790985107422,243200,0.0,0.0
2023-09-11 00:00:00-04:00,18.711799363686566,18.855805371919104,18.252779568687725,18.288780212402344,122700,0.0,0.0
2023-09-12 00:00:00-04:00,18.3427812064893,18.612793747225194,18.261779332624176,18.54979133605957,125900,0.0,0.0
2023-09-13 00:00:00-04:00,18.639796129809458,19.251822571963572,18.42378710022927,18.46879005432129,147000,0.0,0.0
2023-09-14 00:00:00-04:00,18.684798159410203,18.97281018460012,18.522790966069106,18.936809539794922,145000,0.0,0.0
2023-09-15 00:00:00-04:00,18.810805812741318,18.97281303038231,18.513793152628622,18.57679557800293,531600,0.0,0.0
2023-09-18 00:00:00-04:00,18.585798063409133,18.603799248689434,17.802765387278615,17.93777084350586,134700,0.0,0.0
2023-09-19 00:00:00-04:00,17.95576673320019,18.630795531941747,17.730757133619672,17.75775718688965,129500,0.0,0.0
2023-09-20 00:00:00-04:00,17.874762788939037,18.270778440407984,17.613750834542394,17.631752014160156,106500,0.0,0.0
2023-09-21 00:00:00-04:00,17.55074767282003,17.766756668944616,17.298736318997893,17.586750030517578,180300,0.0,0.0
2023-09-22 00:00:00-04:00,17.694753905962944,17.892761725876586,17.244734728869915,17.397741317749023,91800,0.0,0.0
2023-09-25 00:00:00-04:00,17.280738300401083,17.802760513814917,17.280738300401083,17.775758743286133,91000,0.0,0.0
2023-09-26 00:00:00-04:00,17.62275104738002,18.05476904884312,17.505746815741364,17.613750457763672,98000,0.0,0.0
2023-09-27 00:00:00-04:00,17.76675723799063,17.90176265030668,17.559748824660222,17.622751235961914,80900,0.0,0.0
2023-09-28 00:00:00-04:00,17.694754932681068,18.13577354581941,17.694754932681068,17.86576271057129,234000,0.0,0.0
2023-09-29 00:00:00-04:00,18.000765997361817,18.324780334654115,17.874761184720068,17.964763641357422,162600,0.0,0.0
2023-10-02 00:00:00-04:00,17.973765815093813,17.973765815093813,17.55974898466057,17.739755630493164,146200,0.0,0.0
2023-10-03 00:00:00-04:00,17.631752345193657,17.68575416837385,17.019725960194798,17.127731323242188,154300,0.0,0.0
2023-10-04 00:00:00-04:00,17.190733069089656,17.532746891537236,16.929721119924523,17.514745712280273,214000,0.0,0.0
2023-10-05 00:00:00-04:00,17.523747523479717,17.92876550156025,17.433745054294764,17.883764266967773,133200,0.0,0.0
2023-10-06 00:00:00-04:00,17.649752439801386,17.802759026642168,17.181732089854663,17.586750030517578,370600,0.0,0.0
2023-10-09 00:00:00-04:00,17.514746871253603,18.11777268276931,17.442743866148163,18.09077262878418,103600,0.0,0.0
2023-10-10 00:00:00-04:00,18.279778072895255,18.72979723964975,18.20777507488201,18.405784606933594,91300,0.0,0.0
2023-10-11 00:00:00-04:00,18.522788623537938,18.864802431025552,18.288778453494047,18.50478744506836,67100,0.0,0.0
2023-10-12 00:00:00-04:00,18.522791041021932,18.522791041021932,17.9647664524431,18.117773056030273,132000,0.0,0.0
2023-10-13 00:00:00-04:00,18.378785168076032,18.684798377585285,17.676754560962962,17.70375633239746,103700,0.0,0.0
2023-10-16 00:00:00-04:00,17.767571209075022,18.351010658171063,17.767571209075022,18.259849548339844,124300,0.25,0.0
2023-10-17 00:00:00-04:00,18.250732004546407,19.098543490351215,18.24161554634794,18.916217803955078,190100,0.0,0.0
2023-10-18 00:00:00-04:00,18.715662299679053,18.715662299679053,17.977244781035125,18.050174713134766,110500,0.0,0.0
2023-10-19 00:00:00-04:00,18.560683889658975,18.560683889658975,17.512313842773438,17.512313842773438,167200,0.0,0.0
2023-10-20 00:00:00-04:00,17.831380836066355,17.831380836066355,16.50040944514838,16.545989990234375,256400,0.0,0.0
2023-10-23 00:00:00-04:00,16.34543614595654,16.883295022481274,16.20869274691172,16.454830169677734,154500,0.0,0.0
2023-10-24 00:00:00-04:00,16.591572064745208,17.247941295147303,16.10841029451333,16.354549407958984,114100,0.0,0.0
2023-10-25 00:00:00-04:00,16.190457792256716,16.454828098630824,16.090178500811483,16.318084716796875,122400,0.0,0.0
2023-10-26 00:00:00-04:00,16.400129791997355,17.220591756668473,16.400129791997355,17.102081298828125,188400,0.0,0.0
2023-10-27 00:00:00-04:00,17.020036583607798,17.092966504475434,16.226922172734092,16.536874771118164,109600,0.0,0.0
2023-10-30 00:00:00-04:00,16.76478319144132,16.901528332453168,16.6098068719097,16.755666732788086,93100,0.0,0.0
2023-10-31 00:00:00-04:00,16.81036424180026,16.91064180199825,16.582458008680142,16.764781951904297,82500,0.0,0.0
2023-11-01 00:00:00-04:00,16.801249496920654,17.184132077153635,16.637156714136985,17.083852767944336,97100,0.0,0.0
2023-11-02 00:00:00-04:00,17.339107000476393,18.022825714323698,17.339107000476393,17.977243423461914,106800,0.0,0.0
2023-11-03 00:00:00-04:00,18.469520148123706,19.326448016183377,17.521429444945095,19.025611877441406,141900,0.0,0.0
2023-11-06 00:00:00-05:00,18.998263074196807,19.217052841762317,18.32366085617319,19.00737953186035,116700,0.0,0.0
2023-11-07 00:00:00-05:00,18.870637073907332,18.99826400990987,18.59714854689055,18.724777221679688,85700,0.0,0.0
2023-11-08 00:00:00-05:00,18.75212614881795,18.75212614881795,17.995477461226503,18.259849548339844,88500,0.0,0.0
2023-11-09 00:00:00-05:00,18.433057692662523,18.433057692662523,17.66729251955139,17.785804748535156,90300,0.0,0.0
2023-11-10 00:00:00-05:00,17.949894804415592,17.98635889632087,17.567012276084384,17.694639205932617,115100,0.0,0.0
2023-11-13 00:00:00-05:00,17.65817511402734,18.196032206439114,17.54877936073849,17.694639205932617,96000,0.0,0.0
2023-11-14 00:00:00-05:00,18.67919570537312,19.700216452074727,18.53333584709956,19.32645034790039,242400,0.0,0.0
2023-11-15 00:00:00-05:00,19.23528399956333,19.435840833476895,18.907098508808087,19.144121170043945,175200,0.0,0.0
2023-11-16 00:00:00-05:00,19.14412317848444,19.207936644206875,18.405707485603127,18.715660095214844,156300,0.0,0.0
2023-11-17 00:00:00-05:00,19.052960051686807,19.217052811801736,18.825053826813075,18.952682495117188,124900,0.0,0.0
2023-11-20 00:00:00-05:00,19.089427851721748,19.189705418636905,18.779475214813036,19.06207847595215,83800,0.0,0.0
2023-11-21 00:00:00-05:00,18.934451205060853,19.080311062397033,18.360126495361328,18.360126495361328,52900,0.0,0.0
2023-11-22 00:00:00-05:00,18.58802939511988,18.861517882504458,18.41482193244129,18.63361167907715,141300,0.0,0.0
2023-11-24 00:00:00-05:00,18.624494024083166,18.8797478426768,18.624494024083166,18.697423934936523,29600,0.0,0.0
2023-11-27 00:00:00-05:00,18.551566041328684,18.670076506737566,18.341892743181823,18.35100746154785,58900,0.0,0.0
2023-11-28 00:00:00-05:00,18.423938565101707,18.433055022840563,18.06840540721896,18.232498168945312,69300,0.0,0.0
2023-11-29 00:00:00-05:00,18.524218426886936,18.980030895024065,18.524218426886936,18.67007827758789,129700,0.0,0.0
2023-11-30 00:00:00-05:00,18.81593641340356,18.81593641340356,18.26896289251946,18.323659896850586,92300,0.0,0.0
2023-12-01 00:00:00-05:00,18.232497504181644,19.99193379154101,18.141334668903447,19.937236785888672,149600,0.0,0.0
2023-12-04 00:00:00-05:00,19.84607544160005,20.648304626987613,19.12589090146158,20.602724075317383,134700,0.0,0.0
2023-12-05 00:00:00-05:00,20.42951474007941,20.50244466563435,19.991935186749743,20.064865112304688,106900,0.0,0.0
2023-12-06 00:00:00-05:00,20.28365444103952,21.05853596969047,20.010167660944614,20.165143966674805,143900,0.0,0.0
2023-12-07 00:00:00-05:00,20.347466574162414,21.131464509294354,20.13779327390643,21.00383758544922,109400,0.0,0.0
2023-12-08 00:00:00-05:00,20.967371682533788,21.541694576598037,20.967371682533788,21.432300567626953,126400,0.0,0.0
2023-12-11 00:00:00-05:00,21.55081079824137,21.5781601695784,21.15881183634262,21.322904586791992,117900,0.0,0.0
2023-12-12 00:00:00-05:00,21.423184251032115,21.423184251032115,20.967371820159094,21.113231658935547,93800,0.0,0.0
2023-12-13 00:00:00-05:00,21.195279474498665,23.091459246106655,21.140582465940838,23.036762237548828,243800,0.0,0.0
2023-12-14 00:00:00-05:00,23.747831031095476,24.5227126444044,23.665784640345898,23.984853744506836,259900,0.0,0.0
2023-12-15 00:00:00-05:00,24.331269588782824,24.331269588782824,23.465225219726562,23.465225219726562,1220100,0.0,0.0
2023-12-18 00:00:00-05:00,23.720479304294347,23.911919690517248,23.255550416456167,23.31024742126465,134400,0.0,0.0
2023-12-19 00:00:00-05:00,23.383175991572845,24.23098734173098,23.383175991572845,24.039546966552734,147100,0.0,0.0
2023-12-20 00:00:00-05:00,24.03043507683973,24.905594224756687,23.674900151560134,23.70224952697754,233300,0.0,0.0
2023-12-21 00:00:00-05:00,23.993967752924625,24.1671769755719,23.766061521625897,24.057781219482422,166500,0.0,0.0
2023-12-22 00:00:00-05:00,24.322152014752948,24.55917469160456,24.194525088289183,24.4680118560791,117000,0.0,0.0
2023-12-26 00:00:00-05:00,24.714151390450105,25.315823680357344,24.468012252182646,25.169963836669922,105600,0.0,0.0
2023-12-27 00:00:00-05:00,25.224659468571065,25.4434492221778,25.033217347423673,25.09703254699707,116600,0.0,0.0
2023-12-28 00:00:00-05:00,25.069684182740428,25.370520323381857,24.814428590553035,24.9785213470459,96300,0.0,0.0
2023-12-29 00:00:00-05:00,24.80531414633444,24.97852337433327,24.550060272216797,24.550060272216797,103000,0.0,0.0
2024-01-02 00:00:00-05:00,24.322154085957802,25.051453354693592,24.322154085957802,24.659454345703125,107100,0.0,0.0
2024-01-03 00:00:00-05:00,24.431545195812397,24.431545195812397,23.492572716543656,23.519920349121094,170900,0.0,0.0
2024-01-04 00:00:00-05:00,23.601968294247552,23.884573267444775,23.319365059836848,23.647550582885742,186800,0.0,0.0
2024-01-05 00:00:00-05:00,23.519922702905873,24.066898013417156,23.519922702905873,23.73871421813965,268400,0.0,0.0
2024-01-08 00:00:00-05:00,23.583737936228417,24.030433947669486,23.510808010662252,23.793411254882812,113200,0.0,0.0
2024-01-09 00:00:00-05:00,23.36494519612145,23.510806778395345,23.109691339411736,23.34671401977539,176600,0.0,0.0
2024-01-10 00:00:00-05:00,23.209969023337706,23.46522462024458,22.88178524307058,23.428760528564453,130200,0.0,0.0
2024-01-11 00:00:00-05:00,23.137039101190954,23.456108162627924,22.717692483543768,23.428760528564453,160900,0.0,0.0
2024-01-12 00:00:00-05:00,23.693130581497662,23.78429341786655,23.1188076683107,23.264667510986328,299100,0.0,0.0
2024-01-16 00:00:00-05:00,22.841174643031565,23.080542267495666,22.436092591774365,22.46371078491211,172200,0.25,0.0
2024-01-17 00:00:00-05:00,21.966561069060763,22.436089605791288,21.966561069060763,22.37164306640625,147800,0.0,0.0
2024-01-18 00:00:00-05:00,22.27957939417013,22.463707090095774,21.984971919909633,22.13227653503418,181900,0.0,0.0
2024-01-19 00:00:00-05:00,22.39005744466124,22.758314621845397,21.883704045531626,22.629425048828125,221600,0.0,0.0
2024-01-22 00:00:00-05:00,22.905617479896282,23.651340238764053,22.905617479896282,23.63292694091797,291500,0.0,0.0
2024-01-23 00:00:00-05:00,23.82626204736739,23.84467534579079,22.988476284979328,23.356735229492188,155500,0.0,0.0
2024-01-24 00:00:00-05:00,23.697369306362,23.927530237957576,23.1633960152998,23.255460739135742,197400,0.0,0.0
2024-01-25 00:00:00-05:00,23.734197585467058,23.743404234103973,22.89641187538319,23.071332931518555,218800,0.0,0.0
2024-01-26 00:00:00-05:00,22.97006241777974,22.97006241777974,21.414173978247238,21.994178771972656,292300,0.0,0.0
2024-01-29 00:00:00-05:00,22.058621177134217,22.84116863672119,22.058621177134217,22.776723861694336,198800,0.0,0.0
2024-01-30 00:00:00-05:00,22.620218402415077,22.924030793124373,22.555773615899277,22.795141220092773,129500,0.0,0.0
2024-01-31 00:00:00-05:00,21.966560652305116,22.196721592061916,20.953852166177484,20.9998836517334,350900,0.0,0.0
2024-02-01 00:00:00-05:00,21.1563923672646,21.423379890240216,19.36113815810888,20.097652435302734,607900,0.0,0.0
2024-02-02 00:00:00-05:00,19.609710000654562,19.959555588100088,19.48082044527384,19.710981369018555,454500,0.0,0.0
2024-02-05 00:00:00-05:00,19.508441288701043,19.554472773179196,19.103357552536718,19.29669189453125,253000,0.0,0.0
2024-02-06 00:00:00-05:00,19.296692201455944,19.59129967716317,17.897315032792477,17.980173110961914,474500,0.0,0.0
2024-02-07 00:00:00-05:00,17.980175410689924,18.127478289389796,16.378255287837202,17.34493064880371,495600,0.0,0.0
2024-02-08 00:00:00-05:00,17.47381739820134,17.759218215942383,17.133180204881253,17.759218215942383,315500,0.0,0.0
2024-02-09 00:00:00-05:00,17.750014517457668,17.878904097861895,17.19762784202852,17.860490798950195,501000,0.0,0.0
2024-02-12 00:00:00-05:00,17.786836876169037,18.44049484837008,17.74080539130483,18.14588737487793,405300,0.0,0.0
2024-02-13 00:00:00-05:00,17.49222968434273,17.510642979131894,16.359838394635663,16.691268920898438,460200,0.0,0.0
2024-02-14 00:00:00-05:00,16.967466850738386,17.151594571640803,16.672861092503457,16.838577270507812,235800,0.0,0.0
2024-02-15 00:00:00-05:00,17.050321794955845,17.897314071655273,16.847779056534968,17.897314071655273,366300,0.0,0.0
2024-02-16 00:00:00-05:00,17.547471496089578,18.15509630377028,17.32651718020467,18.007793426513672,272900,0.0,0.0
2024-02-20 00:00:00-05:00,17.694771556921335,18.127475226480648,17.648740073601147,17.750011444091797,182400,0.0,0.0
2024-02-21 00:00:00-05:00,17.713186130942482,17.750012725047103,17.372548915418033,17.53826332092285,154800,0.0,0.0
2024-02-22 00:00:00-05:00,17.46461023671097,17.750011046059516,17.160797888040335,17.55667495727539,220800,0.0,0.0
2024-02-23 00:00:00-05:00,17.584296933914743,17.906522615162267,17.280484550107346,17.56588363647461,199800,0.0,0.0
2024-02-26 00:00:00-05:00,17.49223230952064,17.584297041294807,16.884607538195336,17.07794189453125,262100,0.0,0.0
2024-02-27 00:00:00-05:00,17.243658305860173,17.473819260575837,16.930639266967773,16.930639266967773,220400,0.0,0.0
2024-02-28 00:00:00-05:00,16.709684961159383,17.243658305860173,16.709684961159383,16.930639266967773,137700,0.0,0.0
2024-02-29 00:00:00-05:00,17.3817563310936,17.65795055900467,17.123977158896633,17.252866744995117,137100,0.0,0.0
2024-03-01 00:00:00-05:00,17.050324316239006,17.30810346727361,16.442699523102068,17.289691925048828,211100,0.0,0.0
2024-03-04 00:00:00-05:00,17.317310020320917,17.703980500716717,16.065235600553986,16.11126708984375,478800,0.0,0.0
2024-03-05 00:00:00-05:00,15.927136926847156,17.059530127523896,15.917932034181216,16.884607315063477,422200,0.0,0.0
2024-03-06 00:00:00-05:00,16.958256017179664,17.51064255557409,16.39666283161335,16.976669311523438,341700,0.0,0.0
2024-03-07 00:00:00-05:00,17.363343960436083,17.40937545156791,16.91222867458663,17.013498306274414,171500,0.0,0.0
2024-03-08 00:00:00-05:00,17.372550355515106,17.372550355515106,16.96746656672816,17.16080093383789,206300,0.0,0.0
2024-03-11 00:00:00-04:00,17.068734500563654,17.31730695714383,16.783333698286295,17.022701263427734,144200,0.0,0.0
2024-03-12 00:00:00-04:00,16.893815418008682,16.930640259808516,16.56238306186599,16.672861099243164,172600,0.0,0.0
2024-03-13 00:00:00-04:00,16.62682828794752,17.72239501704152,16.62682828794752,17.050325393676758,273700,0.0,0.0
2024-03-14 00:00:00-04:00,16.949049776661834,16.95825642405461,16.28618696827767,16.516347885131836,360000,0.0,0.0
2024-03-15 00:00:00-04:00,16.534759427167412,16.92142983779768,16.470314651393775,16.691268920898438,613600,0.0,0.0
2024-03-18 00:00:00-04:00,16.70968246459961,16.820160478991873,16.332218695741116,16.70968246459961,202700,0.0,0.0
2024-03-19 00:00:00-04:00,16.53475929926292,16.820160098321946,16.479521171311156,16.50714111328125,167600,0.0,0.0
2024-03-20 00:00:00-04:00,16.36904805877858,17.703980569223727,16.35063476059592,17.46461296081543,209700,0.0,0.0
2024-03-21 00:00:00-04:00,17.483026499160218,18.053826458742357,17.464613200724617,17.8144588470459,288600,0.0,0.0
2024-03-22 00:00:00-04:00,17.851284081351114,17.851284081351114,17.133182986424362,17.179214477539062,170000,0.0,0.0
2024-03-25 00:00:00-04:00,17.160800224605584,17.436994423904647,17.03191065185926,17.096355438232422,108400,0.0,0.0
2024-03-26 00:00:00-04:00,17.308101521964478,17.308101521964478,16.774128225707813,16.9582576751709,112300,0.0,0.0
2024-03-27 00:00:00-04:00,17.004288889905492,17.759218215942383,17.004288889905492,17.759218215942383,298400,0.0,0.0
2024-03-28 00:00:00-04:00,17.69477321284595,17.888109324058426,17.45540561400553,17.731599807739258,205500,0.0,0.0
2024-04-01 00:00:00-04:00,17.768423279758608,17.768423279758608,16.93984427427556,17.11476707458496,182300,0.0,0.0
2024-04-02 00:00:00-04:00,16.893813716922676,17.041116581267342,16.57158804267297,16.866193771362305,390700,0.0,0.0
2024-04-03 00:00:00-04:00,16.87540029641725,17.13318118512875,16.737304081603057,16.85698699951172,226700,0.0,0.0
2024-04-04 00:00:00-04:00,17.133181805356596,17.326516161897516,16.59920846768667,16.7373046875,390200,0.0,0.0
2024-04-05 00:00:00-04:00,16.47031909437059,16.958261001978368,16.304602908541952,16.92143440246582,187200,0.0,0.0
2024-04-08 00:00:00-04:00,16.90301921426008,17.510643927296623,16.90301921426008,17.262069702148438,173200,0.0,0.0
2024-04-09 00:00:00-04:00,17.43699488600849,18.182715907499986,17.34493015046896,18.13668441772461,325400,0.0,0.0
2024-04-10 00:00:00-04:00,17.768424384327503,17.768424384327503,16.672859542255907,16.87540054321289,471400,0.0,0.0
2024-04-11 00:00:00-04:00,17.105561364919552,17.105561364919552,16.497936610500638,16.866193771362305,146800,0.0,0.0
2024-04-12 00:00:00-04:00,16.58079110915192,17.041112899780273,16.58079110915192,17.041112899780273,172400,0.0,0.0
2024-04-15 00:00:00-04:00,17.15159129071606,17.298895897644485,16.6360313124263,16.89381217956543,277500,0.0,0.0
2024-04-16 00:00:00-04:00,16.613804149725038,16.90314697684604,16.49246815595105,16.809810638427734,173300,0.25,0.0
2024-04-17 00:00:00-04:00,16.977815995778172,16.977815995778172,16.52046988759959,16.54846954345703,332400,0.0,0.0
2024-04-18 00:00:00-04:00,16.42713331579255,16.791143078745613,16.42713331579255,16.64180564880371,190100,0.0,0.0
2024-04-19 00:00:00-04:00,16.49246977009777,17.481830781580072,16.49246977009777,17.435163497924805,254300,0.0,0.0
2024-04-22 00:00:00-04:00,17.44449550015423,17.920509221052466,17.407160252910803,17.799171447753906,215400,0.0,0.0
2024-04-23 00:00:00-04:00,17.96717826572831,19.34855050513384,17.56583321962905,18.135183334350586,357700,0.0,0.0
2024-04-24 00:00:00-04:00,17.845843058259373,18.648531406086466,17.733839080758266,18.097848892211914,190100,0.0,0.0
2024-04-25 00:00:00-04:00,17.81784016999058,18.05118013892158,17.12715407558394,17.304492950439453,267200,0.0,0.0
2024-04-26 00:00:00-04:00,17.295158802375205,17.864507104951464,17.295158802375205,17.80850601196289,160100,0.0,0.0
2024-04-29 00:00:00-04:00,17.827172190358397,17.95784199014694,17.45382863364648,17.50049591064453,177200,0.0,0.0
2024-04-30 00:00:00-04:00,17.313822775579975,17.500495439026572,16.977814473715533,16.98714828491211,154700,0.0,0.0
2024-05-01 00:00:00-04:00,17.20181937442179,18.0605103605754,17.20181937442179,17.69649887084961,181700,0.0,0.0
2024-05-02 00:00:00-04:00,17.939176320394242,18.09784757180259,17.7338377869069,18.032512664794922,105700,0.0,0.0
2024-05-03 00:00:00-04:00,18.545861837675375,18.66719784033073,17.976511733867618,18.107181549072266,212700,0.0,0.0
2024-05-06 00:00:00-04:00,18.247184682194344,18.48985846116954,18.16318215177052,18.415189743041992,131300,0.0,0.0
2024-05-07 00:00:00-04:00,18.555193439426674,18.760533750260926,18.2005174719971,18.24718475341797,121500,0.0,0.0
2024-05-08 00:00:00-04:00,18.023178296662905,18.66719709490507,18.023178296662905,18.508525848388672,118600,0.0,0.0
2024-05-09 00:00:00-04:00,18.564524974968013,18.881867434389896,18.461856612385017,18.79786491394043,134700,0.0,0.0
2024-05-10 00:00:00-04:00,18.919203320444375,19.152543267326298,18.40585436915864,18.564525604248047,99700,0.0,0.0
2024-05-13 00:00:00-04:00,18.760533266359293,18.900536887253388,18.40585552783546,18.433856964111328,113000,0.0,0.0
2024-05-14 00:00:00-04:00,18.73253276064893,18.872536388497906,18.331187721970547,18.517860412597656,103100,0.0,0.0
2024-05-15 00:00:00-04:00,18.80720148085123,18.928539263831667,18.405856442172848,18.517860412597656,88200,0.0,0.0
2024-05-16 00:00:00-04:00,18.480523437692007,18.611195021033225,18.32185219953967,18.47119140625,83600,0.0,0.0
2024-05-17 00:00:00-04:00,18.639194086815547,18.956536553091677,18.49919047645666,18.657861709594727,118700,0.0,0.0
2024-05-20 00:00:00-04:00,18.713864375545274,19.077875929460923,18.4991920362121,18.508525848388672,127400,0.0,0.0
2024-05-21 00:00:00-04:00,18.489857705825177,18.72319766297173,18.359187899500736,18.405855178833008,78100,0.0,0.0
2024-05-22 00:00:00-04:00,18.377855130105505,18.54586018049509,18.08851230766009,18.303186416625977,93700,0.0,0.0
2024-05-23 00:00:00-04:00,18.321854265887815,18.321854265887815,17.584500862074375,17.603168487548828,212200,0.0,0.0
2024-05-24 00:00:00-04:00,17.827173722349087,17.827173722349087,17.444496321303408,17.5191650390625,152800,0.0,0.0
2024-05-28 00:00:00-04:00,17.808504572651348,17.808504572651348,17.304491216004024,17.379159927368164,138100,0.0,0.0
2024-05-29 00:00:00-04:00,17.267155141763663,17.4911612651088,16.772473840058296,16.95914649963379,155200,0.0,0.0
2024-05-30 00:00:00-04:00,17.19248927638359,17.388493999124773,17.11782055625704,17.164487838745117,136300,0.0,0.0
2024-05-31 00:00:00-04:00,17.276490062083177,17.47249476500465,17.136486448533187,17.239154815673828,139300,0.0,0.0
2024-06-03 00:00:00-04:00,17.509832915084758,17.509832915084758,16.77247769840669,16.79114532470703,147900,0.0,0.0
2024-06-04 00:00:00-04:00,16.63247247701506,16.716475007120604,16.455133604543065,16.529802322387695,150900,0.0,0.0
2024-06-05 00:00:00-04:00,16.623136031934003,17.005813372808536,16.455130998332038,16.977813720703125,121500,0.0,0.0
2024-06-06 00:00:00-04:00,16.92181407247373,17.183155483334552,16.697807911839906,17.04315185546875,108700,0.0,0.0
2024-06-07 00:00:00-04:00,16.735143559244094,17.07115369829076,16.735143559244094,17.024484634399414,121700,0.0,0.0
2024-06-10 00:00:00-04:00,16.903148651123047,16.968483560414587,16.48313597675922,16.903148651123047,260900,0.0,0.0
2024-06-11 00:00:00-04:00,16.90314448261383,17.043148079461027,16.707138022833895,16.87514305114746,157300,0.0,0.0
2024-06-12 00:00:00-04:00,17.519164803405157,18.15384978594136,17.26715721676708,17.61250114440918,251800,0.0,0.0
2024-06-13 00:00:00-04:00,17.603166230194255,17.603166230194255,16.893812575314215,16.99648094177246,388800,0.0,0.0
2024-06-14 00:00:00-04:00,16.70714129033199,16.91248160076013,16.520470384775013,16.772476196289062,180800,0.0,0.0
2024-06-17 00:00:00-04:00,16.623138281475097,17.1271534504873,16.324463416983104,17.08048439025879,212800,0.0,0.0
2024-06-18 00:00:00-04:00,17.089820026007487,17.52850033775521,17.089820026007487,17.248491287231445,101200,0.0,0.0
2024-06-20 00:00:00-04:00,17.099150803685802,17.509829603406473,16.977814816167815,17.257822036743164,129300,0.0,0.0
2024-06-21 00:00:00-04:00,17.23915539878925,17.313824113891084,17.03381687731985,17.17382049560547,540800,0.0,0.0
2024-06-24 00:00:00-04:00,17.229820719376825,17.845839813254617,17.229820719376825,17.50049591064453,148900,0.0,0.0
2024-06-25 00:00:00-04:00,17.416494650276466,17.73383714154457,17.304492465265742,17.61250114440918,214700,0.0,0.0
2024-06-26 00:00:00-04:00,17.46316020911897,18.02317641969345,17.425826744543315,17.929840087890625,238700,0.0,0.0
2024-06-27 00:00:00-04:00,18.004513834532986,18.825869786447235,17.80850732426535,18.695199966430664,299500,0.0,0.0
2024-06-28 00:00:00-04:00,18.90987088510467,19.413884281323057,18.90987088510467,19.04054069519043,505100,0.0,0.0
2024-07-01 00:00:00-04:00,18.90053715741066,19.161878558993077,18.461858664274164,18.75119972229004,186300,0.0,0.0
2024-07-02 00:00:00-04:00,18.7978636405626,19.413880895301034,18.7978636405626,19.31121253967285,147800,0.0,0.0
2024-07-03 00:00:00-04:00,19.227210782038433,19.311213300105358,18.424520845062258,18.45252227783203,156600,0.0,0.0
2024-07-05 00:00:00-04:00,18.59252745882884,18.695197607454155,18.17251483285488,18.303186416625977,143900,0.0,0.0
2024-07-08 00:00:00-04:00,18.452524238407875,18.555192608987397,18.079180663021905,18.405855178833008,112100,0.0,0.0
2024-07-09 00:00:00-04:00,18.36852107336369,18.695197358069905,18.200516025215208,18.63919448852539,93300,0.0,0.0
2024-07-10 00:00:00-04:00,18.695199444051703,19.133877956308964,18.695199444051703,19.124544143676758,132300,0.0,0.0
2024-07-11 00:00:00-04:00,19.61922287507038,20.384577604846523,19.395216742958524,20.225906372070312,227100,0.0,0.0
2024-07-12 00:00:00-04:00,20.496578968984025,20.711253061467584,20.188570326999045,20.38457679748535,283900,0.0,0.0
2024-07-15 00:00:00-04:00,20.83259010133027,21.737950231482248,20.720587924146884,21.532609939575195,389800,0.0,0.0
2024-07-16 00:00:00-04:00,21.90595596697161,22.63397732171199,21.812621402210265,22.57797622680664,369200,0.0,0.0
2024-07-17 00:00:00-04:00,22.030973963073915,23.370185602243648,22.002680113369617,23.20042610168457,286000,0.25,0.0
2024-07-18 00:00:00-04:00,22.80431884706843,23.40790652114915,22.285609115676294,22.464799880981445,312000,0.0,0.0
2024-07-19 00:00:00-04:00,22.53081647488867,23.11554336814667,22.408213406326393,22.521385192871094,255400,0.0,0.0
2024-07-22 00:00:00-04:00,22.417645032136022,22.804318606621063,22.04983222314226,22.493093490600586,286400,0.0,0.0
2024-07-23 00:00:00-04:00,21.90836722707895,24.19068541071086,21.210468516227305,23.33245849609375,646000,0.0,0.0
2024-07-24 00:00:00-04:00,23.162701977504415,23.832308725668003,22.549682931213873,22.5874080657959,251200,0.0,0.0
2024-07-25 00:00:00-04:00,22.672284429035948,23.624820549941806,21.861212145155903,23.455062866210938,481200,0.0,0.0
2024-07-26 00:00:00-04:00,23.851168971160288,23.98320333167761,23.13440767337592,23.973772048950195,201200,0.0,0.0
2024-07-29 00:00:00-04:00,24.086946049738092,24.086946049738092,23.228717295377987,23.351322174072266,204400,0.0,0.0
2024-07-30 00:00:00-04:00,23.56823673029818,23.86059930999056,23.285305433671144,23.8228759765625,211100,0.0,0.0
2024-07-31 00:00:00-04:00,23.728564153017718,24.813136485678054,23.445632865830934,23.841737747192383,253300,0.0,0.0
2024-08-01 00:00:00-04:00,23.926620059516647,23.926620059516647,22.068698531518308,22.2950439453125,256000,0.0,0.0
2024-08-02 00:00:00-04:00,21.163314998628284,21.776333998118343,20.720053695297047,21.72917938232422,386000,0.0,0.0
2024-08-05 00:00:00-04:00,20.60688163585954,21.804627569668217,20.305087781414294,21.361366271972656,330400,0.0,0.0
2024-08-06 00:00:00-04:00,21.3330724033179,21.48396931767354,20.71062038305949,20.83322525024414,221200,0.0,0.0
2024-08-07 00:00:00-04:00,21.18217813909934,21.380231505059683,20.55972778693852,20.644607543945312,258400,0.0,0.0
2024-08-08 00:00:00-04:00,21.097297321448906,21.14445193613546,20.635173463121088,21.12558937072754,154900,0.0,0.0
2024-08-09 00:00:00-04:00,21.08786476622262,21.351933470665603,20.73891452256607,20.936967849731445,182100,0.0,0.0
2024-08-12 00:00:00-04:00,21.201037332655535,21.201037332655535,20.569155797084253,20.72005271911621,133100,0.0,0.0
2024-08-13 00:00:00-04:00,21.050139054028048,21.050139054028048,20.531431142825944,20.993553161621094,137100,0.0,0.0
2024-08-14 00:00:00-04:00,21.087865835266626,21.087865835266626,20.550295318160675,20.823795318603516,84800,0.0,0.0
2024-08-15 00:00:00-04:00,21.42738553489519,21.861215591940805,21.21990268951112,21.663162231445312,141700,0.0,0.0
2024-08-16 00:00:00-04:00,21.597143379587436,22.417647011826844,21.597143379587436,22.09699058532715,85800,0.0,0.0
2024-08-19 00:00:00-04:00,22.096990285628763,22.40821542491227,21.82348847898066,22.2573184967041,93100,0.0,0.0
2024-08-20 00:00:00-04:00,22.229023674967213,22.323334700676916,21.634867271012507,21.644298553466797,107000,0.0,0.0
2024-08-21 00:00:00-04:00,21.8895076074849,21.92723274230957,21.568852955642406,21.92723274230957,90800,0.0,0.0
2024-08-22 00:00:00-04:00,21.927233891578087,22.351632686432364,21.653732046264544,21.88007926940918,67900,0.0,0.0
2024-08-23 00:00:00-04:00,22.181867729042683,23.945476068889757,22.181867729042683,23.67197608947754,209600,0.0,0.0
2024-08-26 00:00:00-04:00,23.86059684184032,23.954907863904864,23.54937172821051,23.81344223022461,137300,0.0,0.0
2024-08-27 00:00:00-04:00,23.51165147067265,23.596531221737656,23.181563749734668,23.436203002929688,196800,0.0,0.0
2024-08-28 00:00:00-04:00,23.389043481676037,24.115236011578695,23.389043481676037,23.945476531982422,215800,0.0,0.0
2024-08-29 00:00:00-04:00,24.181256731990526,24.473621122523472,23.662548733926787,24.303861618041992,173100,0.0,0.0
2024-08-30 00:00:00-04:00,24.473620779208936,24.6150864313479,24.096376641727208,24.53020668029785,154900,0.0,0.0
2024-09-03 00:00:00-04:00,24.28499576385099,24.78484292618203,23.926616035327346,24.115236282348633,226800,0.0,0.0
2024-09-04 00:00:00-04:00,23.98320115565321,24.417029328753095,23.898321417640954,24.398168563842773,345400,0.0,0.0
2024-09-05 00:00:00-04:00,24.605652267813564,24.888583538972984,23.690839478820493,23.851167678833008,372400,0.0,0.0
2024-09-06 00:00:00-04:00,24.039787974116848,24.266133351257828,23.4362003017409,23.455062866210938,229500,0.0,0.0
2024-09-09 00:00:00-04:00,23.50221582426566,23.653112731738233,23.181559446178195,23.360750198364258,166400,0.0,0.0
2024-09-10 00:00:00-04:00,23.521082961215104,23.59653142962277,22.889201363738394,23.473926544189453,216400,0.0,0.0
2024-09-11 00:00:00-04:00,23.181562134700222,23.181562134700222,22.285610068693337,23.07781982421875,135900,0.0,0.0
2024-09-12 00:00:00-04:00,23.25701090625068,23.65311578927725,22.57797473484796,23.379615783691406,184400,0.0,0.0
2024-09-13 00:00:00-04:00,23.79458092563325,24.322721957619084,23.728563746343326,24.26613426208496,140500,0.0,0.0
2024-09-16 00:00:00-04:00,24.31329256042921,24.765983366807248,23.973773556229002,24.53020668029785,145600,0.0,0.0
2024-09-17 00:00:00-04:00,26.152349538558525,27.548147085778737,25.331847679906563,27.11431884765625,552900,0.0,0.0
2024-09-18 00:00:00-04:00,27.189767624594836,27.981977441241725,26.46357499286296,26.953990936279297,280000,0.0,0.0
2024-09-19 00:00:00-04:00,27.633026291904574,28.40637531655525,27.293509094492883,28.198890686035156,366800,0.0,0.0
2024-09-20 00:00:00-04:00,28.09515034056983,28.198890857627827,27.350095160683622,27.406681060791016,654100,0.0,0.0
2024-09-23 00:00:00-04:00,27.453839331599536,27.453839331599536,26.56731844212698,26.906837463378906,196400,0.0,0.0
2024-09-24 00:00:00-04:00,26.86910771329296,27.123746935496285,26.359831067719448,26.397554397583008,180900,0.0,0.0
2024-09-25 00:00:00-04:00,26.406986769174996,26.444711899428047,26.086330357356925,26.218364715576172,173400,0.0,0.0
2024-09-26 00:00:00-04:00,26.633331055437985,26.8313843834294,26.124054409864474,26.397554397583008,148800,0.0,0.0
2024-09-27 00:00:00-04:00,26.793660918409795,27.1897658001545,26.33153885617985,26.491867065429688,180600,0.0,0.0
2024-09-30 00:00:00-04:00,26.463571718018386,27.482126813542855,26.463571718018386,27.161470413208008,203300,0.0,0.0
2024-10-01 00:00:00-04:00,27.038867020983332,27.038867020983332,25.80339784543689,25.963726043701172,144000,0.0,0.0
2024-10-02 00:00:00-04:00,25.963729823704245,26.59561142664208,25.944867256730962,26.029747009277344,83900,0.0,0.0
2024-10-03 00:00:00-04:00,26.029746945135027,26.359834671020508,25.70909050271295,26.359834671020508,126600,0.0,0.0
2024-10-04 00:00:00-04:00,26.916265765447893,27.170903204345205,26.45414190489986,26.557884216308594,144500,0.0,0.0
2024-10-07 00:00:00-04:00,26.425848587200843,26.46357191755418,25.888278088125354,26.105192184448242,84100,0.0,0.0
2024-10-08 00:00:00-04:00,26.10519109388136,26.406984919433015,25.841120597107118,26.02031135559082,110800,0.0,0.0
2024-10-09 00:00:00-04:00,25.92600223063793,26.53902120845672,25.76567402423918,26.28438377380371,119600,0.0,0.0
2024-10-10 00:00:00-04:00,25.982589636592603,26.444713516281055,25.85998655344056,26.378694534301758,151500,0.0,0.0
2024-10-11 00:00:00-04:00,26.623901143539673,27.878232955932617,26.614469860880085,27.878232955932617,193800,0.0,0.0
2024-10-14 00:00:00-04:00,27.915959103841864,28.66101247276677,27.595302677064065,28.55727195739746,182800,0.0,0.0
2024-10-15 00:00:00-04:00,28.745890511696416,29.77387691309401,28.55727025934662,28.85906410217285,249100,0.0,0.0
2024-10-16 00:00:00-04:00,29.292891115303085,29.943635186815822,29.141994200000585,29.56639289855957,260400,0.0,0.0
2024-10-17 00:00:00-04:00,29.480832400151442,29.965683453383647,28.93894057986053,29.89913558959961,207600,0.25,0.0
2024-10-18 00:00:00-04:00,29.889629520323954,29.975191580499832,29.062530209721583,29.14809226989746,185000,0.0,0.0
2024-10-21 00:00:00-04:00,29.157599544585977,29.157599544585977,27.703046326027852,27.769594192504883,216900,0.0,0.0
2024-10-22 00:00:00-04:00,27.094606388172842,27.893184405729826,26.742851051249243,27.7315673828125,207000,0.0,0.0
2024-10-23 00:00:00-04:00,27.68403387712239,28.672748401326746,27.28474486594729,28.65373420715332,238600,0.0,0.0
2024-10-24 00:00:00-04:00,28.739299148815203,29.157602396099502,27.78861110435587,29.034013748168945,249400,0.0,0.0
2024-10-25 00:00:00-04:00,29.347738319426256,29.64245108127615,28.02628081314437,28.073816299438477,200200,0.0,0.0
2024-10-28 00:00:00-04:00,28.52063877939581,29.518860411357313,28.387543045345847,29.328723907470703,168600,0.0,0.0
2024-10-29 00:00:00-04:00,29.19562722805566,29.338231876826697,28.95795523116184,29.319217681884766,146100,0.0,0.0
2024-10-30 00:00:00-04:00,29.319217681884766,30.231877279576175,29.300203486942838,29.319217681884766,127100,0.0,0.0
2024-10-31 00:00:00-04:00,29.471324944466783,29.471324944466783,28.568170712786785,28.58718490600586,116000,0.0,0.0
2024-11-01 00:00:00-04:00,28.929432113996448,29.233651941636154,28.263949881064683,28.33049774169922,151900,0.0,0.0
2024-11-04 00:00:00-05:00,28.254446832523946,28.691764257376065,27.646007090079397,28.225927352905273,142000,0.0,0.0
2024-11-05 00:00:00-05:00,28.416061355880263,28.767816684220104,27.97874578294818,28.663240432739258,91600,0.0,0.0
2024-11-06 00:00:00-05:00,30.49807081495791,33.44520197436091,30.49807081495791,32.950843811035156,724300,0.0,0.0
2024-11-07 00:00:00-05:00,32.6561322018173,32.912818403708236,31.16355229298211,31.420238494873047,314000,0.0,0.0
2024-11-08 00:00:00-05:00,31.61987816033924,32.00015477340366,31.277633560485132,31.79100227355957,287000,0.0,0.0
2024-11-11 00:00:00-05:00,32.19029353969442,33.47372078059093,32.16177406261255,32.73218536376953,205700,0.0,0.0
2024-11-12 00:00:00-05:00,32.32339059851635,32.475500526857665,31.667417212529458,31.895580291748047,1296200,0.0,0.0
2024-11-13 00:00:00-05:00,32.27585933450538,33.00788955258462,31.88607738738132,32.0952262878418,756800,0.0,0.0
2024-11-14 00:00:00-05:00,32.35191025647033,32.7892294761441,31.88607518496929,32.1807861328125,361000,0.0,0.0
2024-11-15 00:00:00-05:00,32.542048580159275,32.618105358058756,31.42974540278014,32.038185119628906,345000,0.0,0.0
2024-11-18 00:00:00-05:00,32.580079563402975,34.27230311396072,32.152269220119535,33.549781799316406,433900,0.0,0.0
2024-11-19 00:00:00-05:00,33.0744371288161,33.67336797104553,32.7702172521509,33.08394241333008,257400,0.0,0.0
2024-11-20 00:00:00-05:00,32.941337727373394,32.97936248779297,32.24733235756394,32.97936248779297,249600,0.0,0.0
2024-11-21 00:00:00-05:00,33.13147752384372,33.987098230634416,32.90331441975764,33.27408218383789,529300,0.0,0.0
2024-11-22 00:00:00-05:00,33.58780879501087,34.700112014721036,33.41668466481133,34.528987884521484,557200,0.0,0.0
2024-11-25 00:00:00-05:00,34.93778048935557,35.74586375752237,34.35786028737364,34.567012786865234,455600,0.0,0.0
2024-11-26 00:00:00-05:00,34.18673833027003,34.59553444509886,32.960349985783544,34.23427200317383,261800,0.0,0.0
2024-11-27 00:00:00-05:00,34.66208652549856,35.08039160170327,34.110689324938555,34.129703521728516,252000,0.0,0.0
2024-11-29 00:00:00-05:00,34.500465341654504,34.63356106963924,33.75892630110349,34.11068344116211,124900,0.0,0.0
2024-12-02 00:00:00-05:00,34.3008213341207,34.87123262616944,33.597310689113144,34.567012786865234,341300,0.0,0.0
2024-12-03 00:00:00-05:00,34.49095900609109,35.16595023303264,33.787451926635654,34.06315231323242,220500,0.0,0.0
2024-12-04 00:00:00-05:00,34.07265529215763,34.804685427773876,33.82547802797169,34.78567123413086,199500,0.0,0.0
2024-12-05 00:00:00-05:00,34.7476451977584,35.299045970951944,33.84449088483714,34.06315231323242,181800,0.0,0.0
2024-12-06 00:00:00-05:00,34.243776286168654,34.386377285609626,33.61632245950402,34.12018585205078,139900,0.0,0.0
2024-12-09 00:00:00-05:00,34.2532863194594,34.62405404664895,33.559284538153115,33.597312927246094,236100,0.0,0.0
2024-12-10 00:00:00-05:00,33.63534320640263,34.01561623894063,32.998380346356306,33.08394241333008,310800,0.0,0.0
2024-12-11 00:00:00-05:00,33.45470299108179,33.63533599741564,32.72267293644209,33.26456832885742,473600,0.0,0.0
2024-12-12 00:00:00-05:00,33.245558522017944,34.02512234502908,32.808239312100454,32.84626770019531,222200,0.0,0.0
2024-12-13 00:00:00-05:00,32.722673903092314,32.912812197519706,31.829028633845766,32.637115478515625,320900,0.0,0.0
2024-12-16 00:00:00-05:00,32.77972253666488,33.29309493850753,32.36142111289698,33.08394241333008,261700,0.0,0.0
2024-12-17 00:00:00-05:00,32.97936012240179,33.369141994792045,32.0952201341482,32.28535842895508,237500,0.0,0.0
2024-12-18 00:00:00-05:00,32.80824179102892,33.26457522947353,30.374482794454853,30.460044860839844,378700,0.0,0.0
2024-12-19 00:00:00-05:00,31.08749513716835,31.572344371746848,29.718504049841787,29.861106872558594,378500,0.0,0.0
2024-12-20 00:00:00-05:00,29.594916833972682,30.849826525272984,29.1005604488715,29.78505516052246,1935500,0.0,0.0
2024-12-23 00:00:00-05:00,29.785053471265567,30.669191743685843,29.38576445879145,29.556888580322266,224200,0.0,0.0
2024-12-24 00:00:00-05:00,29.642452959924128,30.878346669203783,29.281190494366776,29.73752212524414,141700,0.0,0.0
2024-12-26 00:00:00-05:00,29.5759056408828,29.984701790092714,29.328726531749055,29.81357765197754,181400,0.0,0.0
2024-12-27 00:00:00-05:00,29.528368134570872,29.99420502691525,28.872394734308834,29.15760040283203,179500,0.0,0.0
2024-12-30 00:00:00-05:00,29.10055859793013,29.547381279620442,28.78683164838303,29.14809226989746,163300,0.0,0.0
2024-12-31 00:00:00-05:00,29.423793211989338,29.54738184946391,28.96746161115284,29.22414779663086,195100,0.0,0.0
2025-01-02 00:00:00-05:00,29.499848144131644,29.509355241356676,28.82485874750153,28.834365844726562,235300,0.0,0.0
2025-01-03 00:00:00-05:00,28.89140861019049,29.395273918156658,28.38754511551783,29.36675262451172,256100,0.0,0.0
2025-01-06 00:00:00-05:00,29.4713277841778,30.108288812044993,29.271684176020674,29.60442352294922,338200,0.0,0.0
2025-01-07 00:00:00-05:00,29.75653009435592,29.775544287258548,28.359019555291017,29.02450180053711,485200,0.0,0.0
2025-01-08 00:00:00-05:00,28.767817282937944,30.060753461634185,28.568171872618862,29.76603889465332,394600,0.0,0.0
2025-01-10 00:00:00-05:00,29.518861047793617,29.518861047793617,27.237210258907492,28.130857467651367,427800,0.0,0.0
2025-01-13 00:00:00-05:00,27.741074858464913,28.50162449828363,27.693539372667885,28.425569534301758,299600,0.0,0.0
2025-01-14 00:00:00-05:00,28.7012690312817,29.937162611384295,28.520637817382813,29.70899772644043,406200,0.0,0.0
2025-01-15 00:00:00-05:00,30.669192326241156,31.116016832790827,30.18434305708538,30.659687042236328,288200,0.0,0.0
2025-01-16 00:00:00-05:00,30.412506503949153,30.6786997757417,30.1653274258475,30.469547271728516,222400,0.0,0.0
2025-01-17 00:00:00-05:00,30.680347175028334,30.939051349393754,30.220429861189118,30.62285614013672,225800,0.25,0.0
2025-01-21 00:00:00-05:00,30.77616097207949,31.494782438350665,30.680346238615783,30.881559371948242,284200,0.0,0.0
2025-01-22 00:00:00-05:00,30.689928407452662,31.12110204854682,29.875492150462176,30.42164421081543,355500,0.0,0.0
2025-01-23 00:00:00-05:00,30.1821010651127,31.667251338884412,29.108958889787193,29.703020095825195,979100,0.0,0.0
2025-01-24 00:00:00-05:00,29.223941583995803,30.66118461271691,29.223941583995803,29.520971298217773,555900,0.0,0.0
2025-01-27 00:00:00-05:00,29.607206661214303,30.249175300915137,29.27184958180956,29.69344139099121,279700,0.0,0.0
2025-01-28 00:00:00-05:00,29.674275102674827,29.760509824870127,28.91732810818695,29.492225646972656,232900,0.0,0.0
2025-01-29 00:00:00-05:00,29.233522658177172,30.07670440883133,29.147287932507556,29.645532608032227,255200,0.0,0.0
2025-01-30 00:00:00-05:00,30.086285228899584,30.220429146257597,29.28142903494714,29.549715042114258,171300,0.0,0.0
2025-01-31 00:00:00-05:00,29.5401307693061,30.153353789392902,29.358079499887047,29.92339515686035,288200,0.0,0.0
2025-02-03 00:00:00-05:00,27.834603484840308,29.856325752804455,27.834603484840308,29.51138687133789,215300,0.0,0.0
2025-02-04 00:00:00-05:00,29.396407669682343,30.699508451143767,29.396407669682343,30.670761108398438,140400,0.0,0.0
2025-02-05 00:00:00-05:00,30.986956680751252,31.849303871952117,30.17251868214423,31.76306915283203,285600,0.0,0.0
2025-02-06 00:00:00-05:00,31.86846389964419,32.577505329770396,31.523528678199245,32.47210693359375,187600,0.0,0.0
2025-02-07 00:00:00-05:00,32.48169369498274,32.48169369498274,31.20733646355,31.37022590637207,310300,0.0,0.0
2025-02-10 00:00:00-05:00,31.370223673852998,31.67683520371137,30.785744302842424,31.28398895263672,275600,0.0,0.0
2025-02-11 00:00:00-05:00,31.12110016481454,31.743906903707952,31.006121752514986,31.456459045410156,376900,0.0,0.0
2025-02-12 00:00:00-05:00,30.689928770919522,30.910305600066938,29.597624637276645,29.63595199584961,336200,0.0,0.0
2025-02-13 00:00:00-05:00,29.703021286769868,29.88507257411216,29.223940298273583,29.856327056884766,310900,0.0,0.0
2025-02-14 00:00:00-05:00,29.77967481098736,30.517459987718443,28.936493057258247,30.028797149658203,168900,0.0,0.0
2025-02-18 00:00:00-05:00,29.952145039151247,30.776163135671492,29.271849052930353,30.42164421081543,199500,0.0,0.0
2025-02-19 00:00:00-05:00,29.846743744967743,30.27791734435694,29.281428060234727,30.134193420410156,372300,0.0,0.0
2025-02-20 00:00:00-05:00,29.87548999894643,30.20126520930118,29.147286695068104,29.81800079345703,202300,0.0,0.0
2025-02-21 00:00:00-05:00,30.191684031533978,30.191684031533978,29.214358379070358,29.3101749420166,252500,0.0,0.0
2025-02-24 00:00:00-05:00,29.59762358446071,30.086286423589538,28.993982328800968,29.18561363220215,263400,0.0,0.0
2025-02-25 00:00:00-05:00,29.2335210237765,29.971306156568577,29.2335210237765,29.37724494934082,314200,0.0,0.0
2025-02-26 00:00:00-05:00,29.549715435607748,30.086285629538217,28.90774683968152,29.3101749420166,200200,0.0,0.0
2025-02-27 00:00:00-05:00,29.214357511049286,30.05754104686474,29.108959112185136,29.24310302734375,170300,0.0,0.0
2025-02-28 00:00:00-05:00,29.39640856788901,30.02879530114461,29.358081213122556,29.703020095825195,272900,0.0,0.0
2025-03-03 00:00:00-05:00,29.2718479820356,30.162938922664097,28.917329070149414,29.070634841918945,186000,0.0,0.0
2025-03-04 00:00:00-05:00,28.629877995902625,29.291010246974295,27.79627813057427,28.179542541503906,245400,0.0,0.0
2025-03-05 00:00:00-05:00,28.31368358110055,28.725693492940223,27.38426719053228,27.892093658447266,176800,0.0,0.0
2025-03-06 00:00:00-05:00,27.51841109007584,27.767533421306442,27.163892184994964,27.537574768066406,252000,0.0,0.0
2025-03-07 00:00:00-05:00,27.441759095833543,28.160380595850544,26.684812066141106,27.2501277923584,230300,0.0,0.0
2025-03-10 00:00:00-04:00,26.675228454784015,26.88602342286814,25.851208604688967,25.91827964782715,340500,0.0,0.0
2025-03-11 00:00:00-04:00,25.985353882752783,26.4356893585725,25.573343936074615,25.93744468688965,262100,0.0,0.0
2025-03-12 00:00:00-04:00,26.263219663304913,26.617740399185593,25.97577180100626,26.397361755371094,231700,0.0,0.0
2025-03-13 00:00:00-04:00,26.541088738763975,27.403434193000376,26.18656798652452,26.196149826049805,238300,0.0,0.0
2025-03-14 00:00:00-04:00,26.416525141677475,27.14472845601072,26.416525141677475,26.828535079956055,190400,0.0,0.0
2025-03-17 00:00:00-04:00,26.905189786156708,27.585485779219876,26.771047686488917,27.154312133789062,314400,0.0,0.0
2025-03-18 00:00:00-04:00,27.07765620202519,27.32677852166746,26.67522812068749,27.029747009277344,191300,0.0,0.0
2025-03-19 00:00:00-04:00,27.106401091260604,27.949582761099997,26.751880383314685,27.183053970336914,358600,0.0,0.0
2025-03-20 00:00:00-04:00,26.98184168123601,27.499250036684572,26.943516151692954,27.058494567871094,160600,0.0,0.0
2025-03-21 00:00:00-04:00,26.972260055661184,27.144729508843827,26.656066667342667,26.761465072631836,1203500,0.0,0.0
2025-03-24 00:00:00-04:00,27.154310699565286,28.093309002742323,27.154310699565286,27.460922241210938,333200,0.0,0.0
2025-03-25 00:00:00-04:00,27.432176607781876,27.70046261936114,26.828535366164704,27.07765769958496,246600,0.0,0.0
2025-03-26 00:00:00-04:00,27.183055227698635,27.604645168344724,26.703974254424452,27.01058578491211,180900,0.0,0.0
2025-03-27 00:00:00-04:00,27.068073817703954,27.32677797067956,26.656063906124015,27.04891014099121,169200,0.0,0.0
2025-03-28 00:00:00-04:00,27.1255641514413,27.16389150646505,26.15782036767812,26.49317741394043,185900,0.0,0.0
2025-03-31 00:00:00-04:00,26.10991315748372,26.79020726528093,26.00451475808741,26.71355438232422,181000,0.0,0.0
2025-04-01 00:00:00-04:00,26.45485182627201,27.211798810780007,26.157820308160417,26.818952560424805,258300,0.0,0.0
2025-04-02 00:00:00-04:00,26.37819869825002,27.46092087943821,26.37819869825002,27.441757202148438,225500,0.0,0.0
2025-04-03 00:00:00-04:00,26.004514381587676,26.109912779458003,24.691833551515682,24.720577239990234,327800,0.0,0.0
2025-04-04 00:00:00-04:00,23.714507648301282,24.260659653248286,23.024631720086465,24.11693572998047,403700,0.0,0.0
2025-04-07 00:00:00-04:00,23.187520188714767,25.640414297319243,23.091703627098806,24.021120071411133,449400,0.0,0.0
2025-04-08 00:00:00-04:00,24.758904236146513,25.10384311323688,23.19709927825297,23.59952735900879,385500,0.0,0.0
2025-04-09 00:00:00-04:00,23.062957555186017,25.266731109109013,22.564712908815718,24.557689666748047,1120900,0.0,0.0
2025-04-10 00:00:00-04:00,23.982793249103157,24.049864290350282,22.61262142631599,23.15877342224121,471800,0.0,0.0
2025-04-11 00:00:00-04:00,22.84258095455206,23.26417272279566,22.277265259819398,23.062957763671875,385000,0.0,0.0
2025-04-14 00:00:00-04:00,23.51329463002187,23.69534408081391,22.86174422547457,23.46538543701172,307700,0.0,0.0
2025-04-15 00:00:00-04:00,23.97321248335913,24.58643554796948,23.89655960028284,24.12651824951172,369600,0.0,0.0
2025-04-16 00:00:00-04:00,23.89655903239307,24.50978208243048,23.89655903239307,24.308568954467773,243700,0.0,0.0
2025-04-17 00:00:00-04:00,24.24082890164677,24.695648044226772,24.24082890164677,24.395660400390625,255400,0.25,0.0
2025-04-21 00:00:00-04:00,24.056967311123866,24.473077650279677,23.62150257346382,24.308568954467773,238700,0.0,0.0
2025-04-22 00:00:00-04:00,23.679563829921808,25.198850883250095,23.679563829921808,24.9859561920166,362000,0.0,0.0
2025-04-23 00:00:00-04:00,25.35368361722816,25.943978032208957,24.231154293911455,24.976280212402344,453600,0.0,0.0
2025-04-24 00:00:00-04:00,24.78274082163175,25.227880916008235,24.144060432295117,25.17949676513672,506600,0.0,0.0
2025-04-25 00:00:00-04:00,25.092403316284088,25.21820321348204,24.53113868698359,24.792417526245117,243800,0.0,0.0
2025-04-28 00:00:00-04:00,24.850478875279787,25.00531036986358,24.453722939691694,24.792417526245117,314700,0.0,0.0
2025-04-29 00:00:00-04:00,24.81177081918805,25.382712664654978,24.608555168633924,25.237558364868164,172900,0.0,0.0
2025-04-30 00:00:00-04:00,24.492430815117636,25.082727064089084,24.45372386287891,24.860157012939453,237700,0.0,0.0
2025-05-01 00:00:00-04:00,25.005310214927835,25.2762662516391,24.724676979147915,25.03434181213379,202400,0.0,0.0
2025-05-02 00:00:00-04:00,25.508515016525717,25.847207775484645,25.26659056256242,25.789146423339844,185000,0.0,0.0
2025-05-05 00:00:00-04:00,25.479483301192285,26.021393558788187,25.44077634851827,25.624637603759766,143600,0.0,0.0
2025-05-06 00:00:00-04:00,25.276265818844394,25.663344546277706,25.082725532259253,25.353681564331055,155100,0.0,0.0
2025-05-07 00:00:00-04:00,25.711730219921865,25.798823169476638,25.189174368330303,25.266590118408203,166800,0.0,0.0
2025-05-08 00:00:00-04:00,25.479481810019376,26.050423633009547,25.373034466355687,25.711729049682617,271100,0.0,0.0
2025-05-09 00:00:00-04:00,25.837531482451407,25.943976983225024,25.653668387315832,25.721406936645508,236000,0.0,0.0
2025-05-12 00:00:00-04:00,26.572978624578955,27.076181884215575,26.437501533806376,26.48588752746582,383000,0.0,0.0
2025-05-13 00:00:00-04:00,26.756841684152572,26.853611825644624,26.46653310541335,26.62136459350586,212900,0.0,0.0
2025-05-14 00:00:00-04:00,26.62136527604638,26.81490371825565,26.331054844127006,26.36008644104004,155500,0.0,0.0
2025-05-15 00:00:00-04:00,26.39879739433351,26.65039905093068,26.282672842928232,26.418149948120117,151900,0.0,0.0
2025-05-16 00:00:00-04:00,26.360086972795344,26.476211517053038,26.12783973001697,26.34073257446289,245500,0.0,0.0
2025-05-19 00:00:00-04:00,25.934301283979153,26.079457436066672,25.760117223800993,25.905271530151367,167400,0.0,0.0
2025-05-20 00:00:00-04:00,25.905269466514945,26.47621129231688,25.769790525074775,25.876237869262695,131400,0.0,0.0
2025-05-21 00:00:00-04:00,25.527864884034592,25.614957825956406,24.753707451103917,24.802091598510742,143600,0.0,0.0
2025-05-22 00:00:00-04:00,24.676293107554056,24.956926346495692,24.405337067790096,24.415014266967773,186900,0.0,0.0
2025-05-23 00:00:00-04:00,23.960197285514116,24.608554872788556,23.77633419026813,24.47307777404785,157400,0.0,0.0
2025-05-27 00:00:00-04:00,24.69564466655762,25.160139099259425,24.28921157650934,25.024662017822266,168400,0.0,0.0
2025-05-28 00:00:00-04:00,25.044017162717203,25.121432909520927,24.637584030563403,24.763385772705078,226000,0.0,0.0
2025-05-29 00:00:00-04:00,24.85047747260196,25.005308958446335,24.52146010374844,24.908538818359375,147100,0.0,0.0
2025-05-30 00:00:00-04:00,24.889186610263476,25.005311157728666,24.569846411905537,24.831125259399414,159900,0.0,0.0
2025-06-02 00:00:00-04:00,24.72467754007218,24.763386337224965,24.182767300092422,24.60855484008789,216300,0.0,0.0
2025-06-03 00:00:00-04:00,24.463402051686565,25.33432973825508,24.298893345110734,25.227882385253906,261700,0.0,0.0
2025-06-04 00:00:00-04:00,25.12143373032868,25.314974026530145,24.91821808048049,24.937572479248047,287700,0.0,0.0
2025-06-05 00:00:00-04:00,24.94724924089771,25.12143328953826,24.618231850570517,24.9859561920166,195900,0.0,0.0
2025-06-06 00:00:00-04:00,25.450451285624954,26.10848608194157,25.227881235616998,26.079456329345703,267900,0.0,0.0
2025-06-09 00:00:00-04:00,26.331055280797464,26.553627169347845,26.05042388893213,26.311702728271484,331800,0.0,0.0
2025-06-10 00:00:00-04:00,26.321379220596764,26.756842095398557,26.243963475360648,26.708457946777344,196100,0.0,0.0
2025-06-11 00:00:00-04:00,26.911675230301743,27.056829530771953,26.427826331576316,26.51491928100586,163500,0.0,0.0
2025-06-12 00:00:00-04:00,26.427825396070727,26.49556394417651,26.079455456421403,26.447179794311523,177300,0.0,0.0
2025-06-13 00:00:00-04:00,26.031070224504315,26.060101822717225,25.324651279623748,25.373035430908203,174400,0.0,0.0
2025-06-16 00:00:00-04:00,25.57625390806606,25.682701259859805,25.160143546403752,25.3052978515625,214300,0.0,0.0
2025-06-17 00:00:00-04:00,25.02466514483093,25.450450838477444,24.860156448642083,25.01498794555664,200700,0.0,0.0
2025-06-18 00:00:00-04:00,24.89886392123537,25.431098818040876,24.89886392123537,25.266590118408203,172500,0.0,0.0
2025-06-20 00:00:00-04:00,25.75043923370844,25.760116433266443,25.295620083167854,25.460128784179688,430300,0.0,0.0
2025-06-23 00:00:00-04:00,25.53754310561189,26.29234801725694,25.14078717462509,26.253639221191406,213300,0.0,0.0
2025-06-24 00:00:00-04:00,26.514919445985186,26.86329124587097,26.07945654186504,26.272994995117188,552300,0.0,0.0
2025-06-25 00:00:00-04:00,25.63431502518878,25.78914652869887,24.966603012715822,24.976280212402344,386700,0.0,0.0
2025-06-26 00:00:00-04:00,25.227880023745527,26.021391882690445,25.005309984429168,25.95365333557129,466700,0.0,0.0
2025-06-27 00:00:00-04:00,26.060100286092187,26.485887806089796,25.89559159739336,26.408472061157227,707500,0.0,0.0
2025-06-30 00:00:00-04:00,26.466532444074318,26.50523939226178,26.031067741109833,26.06977653503418,307200,0.0,0.0
2025-07-01 00:00:00-04:00,26.002039529788714,27.38584577119175,25.856883389721276,26.824581146240234,210000,0.0,0.0
2025-07-02 00:00:00-04:00,26.979413416319495,27.434232556248613,26.708459217965515,27.405200958251953,220100,0.0,0.0
2025-07-03 00:00:00-04:00,27.62777056440968,27.99549675021252,27.59874081261373,27.72454071044922,158700,0.0,0.0
2025-07-07 00:00:00-04:00,27.434234219401937,27.96646729478044,27.027801051494606,27.34714126586914,332400,0.0,0.0
2025-07-08 00:00:00-04:00,27.395522796256216,28.02452596485134,27.395522796256216,27.743894577026367,295600,0.0,0.0
2025-07-09 00:00:00-04:00,27.927760144405095,27.947112698369583,27.463263780251612,27.860021591186523,250100,0.0,0.0
2025-07-10 00:00:00-04:00,27.73421975920835,28.31483882842976,27.73421975920835,28.1309757232666,226900,0.0,0.0
2025-07-11 00:00:00-04:00,27.82131170204569,28.053558952156926,27.65680300249976,27.76325035095215,320300,0.0,0.0
2025-07-14 00:00:00-04:00,27.64712400764482,28.10194312459699,27.64712400764482,28.063234329223633,179100,0.0,0.0
2025-07-15 00:00:00-04:00,28.15032788805573,28.314836580512488,27.018121438967942,27.095537185668945,427200,0.0,0.0
2025-07-16 00:00:00-04:00,27.318108683896114,27.734219036761175,26.81490538062966,27.685834884643555,246300,0.0,0.0
2025-07-17 00:00:00-04:00,27.558925986252596,28.359432938603053,27.48082779241372,28.164188385009766,327700,0.25,0.0
2025-07-18 00:00:00-04:00,28.457053880542308,28.505866411559847,27.920129073403036,28.115373611450195,248700,0.0,0.0
2025-07-21 00:00:00-04:00,28.203233609568606,28.48634069646377,27.8810783608303,27.939653396606445,155000,0.0,0.0
2025-07-22 00:00:00-04:00,27.910364320765577,28.144658864769,27.65654476592666,27.695594787597656,289000,0.0,0.0
2025-07-23 00:00:00-04:00,27.93965398268418,27.998227157681367,27.392964809351575,27.85179328918457,351800,0.0,0.0
2025-07-24 00:00:00-04:00,28.20323386482896,28.818258711991554,27.5198751993243,27.61749839782715,549200,0.0,0.0
2025-07-25 00:00:00-04:00,27.60773808508606,27.763934470296658,26.846279310678554,27.666311264038086,228600,0.0,0.0
2025-07-28 00:00:00-04:00,27.861554283004416,28.81825749139436,27.53939718298769,28.45705223083496,412800,0.0,0.0
2025-07-29 00:00:00-04:00,28.769445689940074,28.798733207592566,27.81274245738323,27.96893882751465,253700,0.0,0.0
2025-07-30 00:00:00-04:00,27.968940046334435,28.222759624360744,27.18795816164401,27.31486701965332,192700,0.0,0.0
2025-07-31 00:00:00-04:00,26.953663451482797,27.227006178652623,26.7877045691264,27.051284790039062,201400,0.0,0.0
2025-08-01 00:00:00-04:00,26.6217463184351,26.71936952131539,26.026246456672297,26.48507308959961,256500,0.0,0.0
2025-08-04 00:00:00-04:00,26.602221956810308,27.471064573502176,26.406975546269145,26.76818084716797,144700,0.0,0.0
2025-08-05 00:00:00-04:00,26.816990117452285,27.392964950242067,26.280065309533246,26.973186492919922,248400,0.0,0.0
2025-08-06 00:00:00-04:00,27.227004958348424,27.227004958348424,26.797465874331145,26.85603904724121,163800,0.0,0.0
2025-08-07 00:00:00-04:00,27.139144289122672,27.178194312431536,26.387449960503023,26.563169479370117,133900,0.0,0.0
2025-08-08 00:00:00-04:00,26.602221040181572,27.187958389614632,26.397213991984238,26.807228088378906,154500,0.0,0.0
2025-08-11 00:00:00-04:00,26.826753541647506,27.207483849134686,26.64127150318752,26.934139251708984,153700,0.0,0.0
2025-08-12 00:00:00-04:00,27.207485243424916,28.46681886101301,27.0024763193477,28.320384979248047,246800,0.0,0.0
2025-08-13 00:00:00-04:00,28.554675062297086,29.033026660412613,28.320380515996067,28.99397850036621,362000,0.0,0.0
2025-08-14 00:00:00-04:00,28.535150866318357,28.847543603642578,28.154422450455414,28.769445419311523,304700,0.0,0.0
2025-08-15 00:00:00-04:00,28.886594617196597,28.886594617196597,27.80298064319457,27.959177017211914,157700,0.0,0.0
2025-08-18 00:00:00-04:00,27.86155550064927,28.22275891498693,27.187957478279735,27.98846435546875,133200,0.0,0.0
2025-08-19 00:00:00-04:00,27.99822693114696,28.43752853308294,27.78345552121556,27.881078720092773,162100,0.0,0.0
2025-08-20 00:00:00-04:00,28.105612973993654,28.19347180583096,27.656546998562945,27.92989158630371,130500,0.0,0.0
2025-08-21 00:00:00-04:00,27.773692968932128,27.871314299094582,27.578446584592186,27.695594787597656,125600,0.0,0.0
2025-08-22 00:00:00-04:00,27.949414453897603,29.42351935992683,27.832268104628113,29.39423370361328,355800,0.0,0.0
2025-08-25 00:00:00-04:00,30.136166880572315,30.136166880572315,29.218511804703812,29.37470817565918,173800,0.0,0.0
2025-08-26 00:00:00-04:00,29.316135591239906,30.077592449448957,29.22827489806076,29.95068359375,172400,0.0,0.0
2025-08-27 00:00:00-04:00,29.892110308822648,30.341174417187915,29.482094362833312,29.87258529663086,127700,0.0,0.0
2025-08-28 00:00:00-04:00,30.116643282498245,30.136168295286154,29.823773676702732,30.019020080566406,174100,0.0,0.0
2025-08-29 00:00:00-04:00,30.16545325320094,30.3021264775404,29.853060503866736,30.02878189086914,113100,0.0,0.0
2025-09-02 00:00:00-04:00,29.696863576617222,30.09711701200494,29.4332815010182,29.823772430419922,172000,0.0,0.0
2025-09-03 00:00:00-04:00,29.696862882357422,30.22402515922372,29.403995157654762,29.648052215576172,121600,0.0,0.0
2025-09-04 00:00:00-04:00,29.774963325544533,30.272839984920793,29.638291958581224,30.253314971923828,137200,0.0,0.0
2025-09-05 00:00:00-04:00,30.341176123875485,30.58523320397809,29.638292403502774,29.901872634887695,165600,0.0,0.0
2025-09-08 00:00:00-04:00,30.019019711402155,30.282601794774358,29.60900375793684,30.263076782226562,207400,0.0,0.0
2025-09-09 00:00:00-04:00,30.184977477513684,30.33141134219027,29.462568798035946,29.66757583618164,199700,0.0,0.0
2025-09-10 00:00:00-04:00,29.58947718278675,29.989730608841025,29.472330837701765,29.833534240722656,153200,0.0,0.0
2025-09-11 00:00:00-04:00,29.93116039450938,30.27284068179073,29.735913984060677,30.243553161621094,166600,0.0,0.0
2025-09-12 00:00:00-04:00,30.15569103781808,30.33141242651493,29.814012628693852,30.077592849731445,134400,0.0,0.0
2025-09-15 00:00:00-04:00,30.214266075388817,30.370462451562087,29.960446498605332,30.077592849731445,193200,0.0,0.0
2025-09-16 00:00:00-04:00,30.224027397696467,30.224027397696467,29.482095525232587,29.69686508178711,194300,0.0,0.0
2025-09-17 00:00:00-04:00,29.843297888307124,31.00501004989209,29.77496220739171,29.95068359375,179000,0.0,0.0
2025-09-18 00:00:00-04:00,30.106881006832957,31.063584296679863,29.9994952976842,31.0245361328125,191300,0.0,0.0
2025-09-19 00:00:00-04:00,31.014772895317268,31.014772895317268,30.155690966391425,30.184978485107422,626300,0.0,0.0
2025-09-22 00:00:00-04:00,30.10687890983254,30.360698474318415,29.69686297674114,30.20450210571289,293600,0.0,0.0
2025-09-23 00:00:00-04:00,30.311888727095063,30.692619039767273,29.774963893490952,29.79448890686035,184600,0.0,0.0
2025-09-24 00:00:00-04:00,29.872586885361216,30.019020760572214,29.462570917565774,29.63829231262207,135200,0.0,0.0
2025-09-25 00:00:00-04:00,29.511378949784252,29.657812811901422,29.228273731292067,29.462568283081055,129600,0.0,0.0
2025-09-26 00:00:00-04:00,29.55043000299583,29.921395924093154,29.228274750303438,29.687101364135742,141400,0.0,0.0
2025-09-29 00:00:00-04:00,29.78472306192821,29.872583750235385,29.033026889525743,29.150175094604492,173800,0.0,0.0
2025-09-30 00:00:00-04:00,29.081841500544808,29.462569935808244,28.652300533832417,29.12088966369629,153500,0.0,0.0
2025-10-01 00:00:00-04:00,28.837782363737897,29.32589647121884,28.681584136297047,29.150175094604492,184700,0.0,0.0
2025-10-02 00:00:00-04:00,29.08184051513672,29.316135072129825,28.68158521884825,29.08184051513672,126800,0.0,0.0
2025-10-03 00:00:00-04:00,29.16970069200359,29.853061244634684,28.954931137008995,29.540668487548828,263700,0.0,0.0
2025-10-06 00:00:00-04:00,29.862821870873155,30.487607345708206,29.62852731781001,29.911632537841797,194800,0.0,0.0
2025-10-07 00:00:00-04:00,29.931158949863235,30.389985571662038,29.677339373333787,29.706626892089844,139400,0.0,0.0
2025-10-08 00:00:00-04:00,29.892110676781495,30.08735521507982,29.501617876169504,29.628528594970703,144700,0.0,0.0
2025-10-09 00:00:00-04:00,29.51138222880439,29.755439313452804,28.993982401034735,29.2575626373291,90800,0.0,0.0
2025-10-10 00:00:00-04:00,29.35518328767322,29.92139560027788,28.252046180394498,28.310619354248047,203900,0.0,0.0
2025-10-13 00:00:00-04:00,28.749922968379238,28.749922968379238,28.281331988998204,28.574201583862305,109400,0.0,0.0
2025-10-14 00:00:00-04:00,28.232521368647486,29.73591192160052,28.232521368647486,29.6090030670166,168000,0.0,0.0
2025-10-15 00:00:00-04:00,29.71639056373826,29.833536919341288,29.003742475454203,29.159940719604492,139500,0.0,0.0
2025-10-16 00:00:00-04:00,29.05255337453762,29.823772735237405,26.924375460037403,27.217243194580078,385500,0.0,0.0
2025-10-17 00:00:00-04:00,27.522611863272104,27.788576972959955,27.325598861642735,27.404403686523438,190800,0.25,0.0
2025-10-20 00:00:00-04:00,27.611269710454373,28.54707684508774,26.754265528080595,28.41901969909668,170000,0.0,0.0
2025-10-21 00:00:00-04:00,28.290959920494736,28.61603007504008,28.123499423980142,28.468271255493164,142000,0.0,0.0
2025-10-22 00:00:00-04:00,28.566776751850856,29.325274378601126,28.468270249349285,29.216917037963867,276000,0.0,0.0
2025-10-23 00:00:00-04:00,28.182603859510806,28.369764150183883,26.90202306649472,27.020231246948242,480500,0.0,0.0
2025-10-24 00:00:00-04:00,27.581716254762036,28.034843548525433,27.246795264217212,27.42410659790039,233100,0.0,0.0
2025-10-27 00:00:00-04:00,27.37485416276376,27.611268647003147,26.636058194944944,26.902023315429688,226100,0.0,0.0
2025-10-28 00:00:00-04:00,26.783817487476096,26.86262231695269,26.478447129255862,26.695161819458008,199700,0.0,0.0
2025-10-29 00:00:00-04:00,26.55725210215064,26.862622462019974,25.532789313422438,25.779054641723633,269900,0.0,0.0
2025-10-30 00:00:00-04:00,25.867711204361175,26.281437045362207,25.710101539108916,25.946516036987305,254800,0.0,0.0
2025-10-31 00:00:00-04:00,25.897262010975584,26.16322712924046,25.444132844157313,25.857858657836914,207700,0.0,0.0
2025-11-03 00:00:00-05:00,26.084422531759625,26.19277987499088,25.365328240337465,26.045021057128906,277400,0.0,0.0
2025-11-04 00:00:00-05:00,25.96621605554458,26.11397487241945,25.56234107928747,25.828306198120117,323100,0.0,0.0
2025-11-05 00:00:00-05:00,25.867711221599446,26.47844820514509,25.867711221599446,26.222333908081055,229500,0.0,0.0
2025-11-06 00:00:00-05:00,26.08442326235518,26.222333124563654,25.71995162667756,25.99576759338379,247900,0.0,0.0
2025-11-07 00:00:00-05:00,26.045021148712493,26.665608937457108,25.444133157924856,26.567102432250977,194500,0.0,0.0
2025-11-10 00:00:00-05:00,26.714863381300212,26.931576191712175,25.93666404957734,26.173078536987305,310000,0.0,0.0
2025-11-11 00:00:00-05:00,26.24203292300313,26.38979362385902,25.897262964620342,25.99576759338379,513500,0.0,0.0
2025-11-12 00:00:00-05:00,26.064721714268735,26.941427569681245,26.064721714268735,26.793668746948242,366000,0.0,0.0
2025-11-13 00:00:00-05:00,26.586804389511162,27.039933566697037,26.301137588140893,26.448896408081055,229500,0.0,0.0
2025-11-14 00:00:00-05:00,26.330689440948756,26.842921793998055,25.483537957365364,26.744415283203125,323900,0.0,0.0
2025-11-17 00:00:00-05:00,26.754264024868746,26.754264024868746,25.24711960076284,25.394880294799805,434100,0.0,0.0
2025-11-18 00:00:00-05:00,25.325925596202328,26.15337725403174,25.25697160452577,25.99576759338379,243000,0.0,0.0
2025-11-19 00:00:00-05:00,25.916962847617842,26.26173468598086,25.650997718691276,25.966217041015625,161400,0.0,0.0
2025-11-20 00:00:00-05:00,26.350390329976435,26.754265321174184,25.611594339416346,25.690399169921875,116400,0.0,0.0
2025-11-21 00:00:00-05:00,25.680548908663184,27.197544278572515,25.680548908663184,26.833070755004883,235600,0.0,0.0
2025-11-24 00:00:00-05:00,26.74441521494995,27.335452399355752,26.35039105163122,27.04978370666504,199700,0.0,0.0
2025-11-25 00:00:00-05:00,27.25664635718536,28.625880968529295,27.187692366521325,28.16290283203125,303800,0.0,0.0
2025-11-26 00:00:00-05:00,28.024994850703177,28.566777816368024,27.81813099985574,28.16290283203125,455700,0.0,0.0
2025-11-28 00:00:00-05:00,28.153050606832245,28.241706270135023,27.759026480406142,27.92648696899414,145400,0.0,0.0
2025-12-01 00:00:00-05:00,27.483209438125648,28.547075549315824,27.394553772288525,28.428869247436523,186600,0.0,0.0
2025-12-02 00:00:00-05:00,28.428870004437503,29.029756125844084,28.17275383840546,28.655433654785156,290900,0.0,0.0
2025-12-03 00:00:00-05:00,28.66528432797191,29.473034296798517,28.66528432797191,29.29572296142578,243700,0.0,0.0
2025-12-04 00:00:00-05:00,29.098711495861078,29.601091101877525,28.83274449583686,29.4434814453125,183900,0.0,0.0
2025-12-05 00:00:00-05:00,29.266169349787024,29.65034452165763,28.92139940931441,29.216917037963867,221600,0.0,0.0
2025-12-08 00:00:00-05:00,29.32527547693968,29.591242479998783,28.881997138507845,29.29572296142578,322500,0.0,0.0
2025-12-09 00:00:00-05:00,29.38437843322754,29.95571391070026,29.088860795479874,29.38437843322754,271100,0.0,0.0
2025-12-10 00:00:00-05:00,29.33512764737925,30.5467526556319,29.33512764737925,30.389142990112305,448800,0.0,0.0
2025-12-11 00:00:00-05:00,30.330038962736392,30.91122341333602,30.162578463082323,30.7733154296875,302000,0.0,0.0
2025-12-12 00:00:00-05:00,31.019580703149575,31.029431541800093,30.33003890731168,30.802867889404297,246100,0.0,0.0
2025-12-15 00:00:00-05:00,31.02943229675293,31.255995954661064,29.95571528284257,31.02943229675293,447600,0.0,0.0
2025-12-16 00:00:00-05:00,30.704360104378466,31.265844732111248,30.635406115548864,31.088533401489258,406200,0.0,0.0
2025-12-17 00:00:00-05:00,30.999877772669297,31.433305261493775,30.921072945506236,31.364351272583008,283000,0.0,0.0
2025-12-18 00:00:00-05:00,31.521961885233434,31.837181203468916,31.334799710460366,31.502260208129883,324600,0.0,0.0
2025-12-19 00:00:00-05:00,31.364350847425122,31.384052523662643,30.842267700262358,31.265844345092773,497900,0.0,0.0
2025-12-22 00:00:00-05:00,31.236293034271196,31.610617381785787,30.91122287924817,31.009729385375977,216900,0.0,0.0
2025-12-23 00:00:00-05:00,30.990026944829154,31.167338275719434,30.72406182734901,30.783164978027344,121000,0.0,0.0
2025-12-24 00:00:00-05:00,30.69450875110029,31.265844207487063,30.615703925352296,30.74376106262207,88200,0.0,0.0
2025-12-26 00:00:00-05:00,30.74376106262207,30.92107239026887,30.49749574730268,30.74376106262207,99700,0.0,0.0
2025-12-29 00:00:00-05:00,30.733912379399435,30.832417003327585,30.507346859341,30.62555503845215,210200,0.0,0.0
2025-12-30 00:00:00-05:00,30.66495734675338,30.66495734675338,29.75870087842301,29.965564727783203,289500,0.0,0.0
2025-12-31 00:00:00-05:00,30.0443683582717,30.0443683582717,29.571539405525797,29.640493392944336,142100,0.0,0.0
2026-01-02 00:00:00-05:00,29.6897474761404,30.25123212589193,29.246471011057515,29.423782348632812,261000,0.0,0.0
2026-01-05 00:00:00-05:00,29.384379187232305,30.133026018106072,29.079010703209903,29.610942840576172,360400,0.0,0.0
2026-01-06 00:00:00-05:00,29.413932183457035,29.53213849197674,29.059309500187126,29.404081344604492,358100,0.0,0.0
2026-01-07 00:00:00-05:00,29.384379992780328,29.581393014305295,28.60618250335309,28.980504989624023,244100,0.0,0.0
2026-01-08 00:00:00-05:00,28.92140112481139,29.926162249130936,28.783491261586843,29.581392288208008,327300,0.0,0.0
2026-01-09 00:00:00-05:00,29.581390573543327,29.807954214404468,29.11841057481678,29.492734909057617,259100,0.0,0.0
2026-01-12 00:00:00-05:00,29.246470508187535,29.423781842714103,28.872146162219156,29.354825973510742,187700,0.0,0.0
2026-01-13 00:00:00-05:00,29.453331999076266,29.768551309160127,29.00020471054454,29.285871505737305,143800,0.0,0.0
2026-01-14 00:00:00-05:00,29.28587195866602,29.788253446452625,29.03960663399741,29.66019630432129,172700,0.0,0.0
2026-01-15 00:00:00-05:00,29.581391133578716,30.71421123818626,29.47303379074359,30.66495704650879,437500,0.0,0.0
2026-01-16 00:00:00-05:00,30.575586544786404,30.883427246894957,30.525933596661606,30.69474983215332,241700,0.25,0.0
2026-01-20 00:00:00-05:00,30.228022903056125,30.516002420378463,29.65206197434518,29.91025161743164,249000,0.0,0.0
2026-01-21 00:00:00-05:00,31.697715445261302,34.21009770246448,31.28064016726841,32.49214553833008,1133300,0.0,0.0
2026-01-22 00:00:00-05:00,31.528900443606396,34.61724373882937,31.528900443606396,33.63413619995117,718800,0.0,0.0
2026-01-23 00:00:00-05:00,33.63413705251916,33.63413705251916,32.45242526730381,32.59144973754883,419000,0.0,0.0
2026-01-26 00:00:00-05:00,33.01845519748177,33.56462437545268,32.28360670826321,32.85956954956055,334200,0.0,0.0
2026-01-27 00:00:00-05:00,32.84963980769959,33.33622543165384,32.422633932235435,32.80991744995117,287300,0.0,0.0
2026-01-28 00:00:00-05:00,32.82977708434024,33.23692176177596,32.462350974651834,32.98866271972656,261900,0.0,0.0
2026-01-29 00:00:00-05:00,33.03831414336232,33.74336892158771,33.03831414336232,33.653995513916016,241400,0.0,0.0
2026-01-30 00:00:00-05:00,33.44546003405502,33.90225578393712,33.217062159113965,33.7830924987793,335800,0.0,0.0
2026-02-02 00:00:00-05:00,33.50504426063436,35.31236990662992,33.19720166382732,35.11376190185547,305500,0.0,0.0
2026-02-03 00:00:00-05:00,35.09390086369185,36.21603287526735,34.49808063510506,35.19320297241211,271900,0.0,0.0
2026-02-04 00:00:00-05:00,35.570557544449755,36.07700814436976,35.39181071955241,35.540767669677734,275500,0.0,0.0
2026-02-05 00:00:00-05:00,35.58048798882468,36.16637569580139,35.19320069832283,35.48118209838867,197600,0.0,0.0
2026-02-06 00:00:00-05:00,35.85853980445886,36.196172282969535,35.769166389908015,35.97770309448242,190700,0.0,0.0
2026-02-09 00:00:00-05:00,35.82874734526684,36.484151075332335,35.82874734526684,36.10679626464844,183500,0.0,0.0
2026-02-10 00:00:00-05:00,36.126659427287706,36.275612590224284,35.39181094381634,35.65993118286133,198400,0.0,0.0
2026-02-11 00:00:00-05:00,35.88832654258781,36.60331379649067,33.87246433166237,35.36201858520508,199500,0.0,0.0
2026-02-12 00:00:00-05:00,35.68971840183278,36.31533224638026,34.418633322996804,34.81584930419922,222300,0.0,0.0
2026-02-13 00:00:00-05:00,34.7165456685269,35.282576016199314,34.1306541416918,34.994598388671875,204500,0.0,0.0
2026-02-17 00:00:00-05:00,34.994599060825685,35.72944376329645,34.98466657698727,35.352088928222656,154100,0.0,0.0
2026-02-18 00:00:00-05:00,35.16341118427032,35.93797819691744,34.696682964786845,34.70661544799805,306200,0.0,0.0
2026-02-19 00:00:00-05:00,34.408705368321726,34.76619521333536,33.544761158841276,33.77315902709961,466800,0.0,0.0
2026-02-20 00:00:00-05:00,33.74337157301858,34.22996100593944,33.45539014921098,34.03135299682617,363000,0.0,0.0
2026-02-23 00:00:00-05:00,34.03135197956427,34.3789131440237,32.29353858100198,32.54179763793945,346700,0.0,0.0
2026-02-24 00:00:00-05:00,32.46235357339932,33.15747970441187,32.19423333194593,32.39284133911133,261000,0.0,0.0
2026-02-25 00:00:00-05:00,32.6410999402921,33.19720159487906,32.323328648566005,33.127689361572266,241500,0.0,0.0
2026-02-26 00:00:00-05:00,33.27664056439172,34.69668259798761,32.63116932338692,33.107826232910156,186700,0.0,0.0
2026-02-27 00:00:00-05:00,32.502076366945055,32.98866580159834,31.419666690963346,32.12472152709961,391200,0.0,0.0
2026-03-02 00:00:00-05:00,31.489177220534007,32.79998471096134,31.042312063742646,32.69075012207031,219200,0.0,0.0
2026-03-03 00:00:00-05:00,31.75729628977379,32.80991599462123,31.51896783605348,32.5616569519043,244400,0.0,0.0
2026-03-04 00:00:00-05:00,32.97873244315641,33.038315980962395,32.37297973392637,32.66096115112305,183800,0.0,0.0
2026-03-05 00:00:00-05:00,32.214092340882516,32.36304928325297,31.826808836478214,32.253814697265625,158300,0.0,0.0
2026-03-06 00:00:00-05:00,31.240918190617812,32.164442166992814,30.61530621304527,31.737436294555664,238400,0.0,0.0
2026-03-09 00:00:00-04:00,31.10189430828434,31.80694911988756,30.36704772802479,31.54876136779785,307200,0.0,0.0
2026-03-10 00:00:00-04:00,31.35015303100413,32.48221371096002,31.022451155539727,31.856603622436523,256400,0.0,0.0
2026-03-11 00:00:00-04:00,31.548761522961815,31.90625517233086,31.221059642395623,31.628204345703125,160900,0.0,0.0
2026-03-12 00:00:00-04:00,31.082032632180244,31.906254505229526,30.992659221706617,31.777158737182617,211100,0.0,0.0
2026-03-13 00:00:00-04:00,32.00555636649607,32.01548884987976,31.280640392918617,31.65799331665039,205400,0.0,0.0
2026-03-16 00:00:00-04:00,31.67785415311011,32.24388637369302,31.56862145993058,31.96583366394043,362000,0.0,0.0
2026-03-17 00:00:00-04:00,32.22402654606304,32.86949782518606,31.777159483203963,32.15451431274414,327100,0.0,0.0
2026-03-18 00:00:00-04:00,31.995628356933594,32.12472033862821,31.71757753228498,31.995628356933594,317100,0.0,0.0
2026-03-19 00:00:00-04:00,31.81688036962719,32.601379867223905,31.608341785252712,32.37297821044922,318600,0.0,0.0
2026-03-20 00:00:00-04:00,32.363050425736375,32.631170658588964,31.757297727973043,31.856603622436523,765700,0.0,0.0
2026-03-23 00:00:00-04:00,32.899289549401196,33.36601397587686,32.55172461515583,32.64109802246094,349300,0.0,0.0
2026-03-24 00:00:00-04:00,32.283607307453956,33.53483512267272,32.12472165658378,33.17734146118164,227400,0.0,0.0
2026-03-25 00:00:00-04:00,33.485182926659284,33.60434621372044,32.83970786115723,33.08796691894531,271800,0.0,0.0
2026-03-26 00:00:00-04:00,32.89929117310842,33.286574694500366,32.66096081248815,32.96880340576172,149300,0.0,0.0
2026-03-27 00:00:00-04:00,32.73047242074351,33.00852513418486,32.46235219071034,32.651031494140625,272900,0.0,0.0
2026-03-30 00:00:00-04:00,33.06810528449383,33.06810528449383,32.57158717575329,32.849639892578125,167600,0.0,0.0
2026-03-31 00:00:00-04:00,33.35608622810574,33.713579867477826,32.869496821597636,33.5844841003418,297200,0.0,0.0
2026-04-01 00:00:00-04:00,33.74337053597898,34.56759242262166,33.74337053597898,33.9817008972168,221200,0.0,0.0
2026-04-02 00:00:00-04:00,33.0978992613641,34.10086418376942,32.90921995384549,33.9817008972168,293900,0.0,0.0
2026-04-06 00:00:00-04:00,34.09093489702816,34.45835723393708,33.872465718693526,34.17037582397461,313200,0.0,0.0
2026-04-07 00:00:00-04:00,34.17037697397541,34.766197204589844,34.02142002225548,34.766197204589844,318000,0.0,0.0
2026-04-08 00:00:00-04:00,35.31237060676029,36.08693767379195,34.93501576902036,35.471256256103516,485500,0.0,0.0
2026-04-09 00:00:00-04:00,35.203134591541605,36.3351952709316,34.78605741126856,36.196170806884766,270500,0.0,0.0
2026-04-10 00:00:00-04:00,36.206098784351184,36.21603126766189,35.5506950467456,35.83867645263672,146600,0.0,0.0
2026-04-13 00:00:00-04:00,35.57055712194632,36.10679759026895,35.4216001735903,35.80888748168945,325800,0.0,0.0
2026-04-14 00:00:00-04:00,35.61028065801653,36.18623971524027,35.133623710893644,35.93798065185547,267400,0.0,0.0
2026-04-15 00:00:00-04:00,35.868466411929255,35.977700999813024,35.391809491453905,35.87839889526367,170200,0.0,0.0
2026-04-16 00:00:00-04:00,35.71951375766797,35.94791163185095,35.56062811527404,35.650001525878906,207300,0.0,0.0
2026-04-17 00:00:00-04:00,36.06999969482422,37.65999984741211,35.459999084472656,37.08000183105469,363900,0.25,0.0
2026-04-20 00:00:00-04:00,36.90999984741211,37.75,36.599998474121094,37.279998779296875,465500,0.0,0.0
2026-04-21 00:00:00-04:00,37.150001525878906,37.33000183105469,36.040000915527344,36.22999954223633,232000,0.0,0.0
2026-04-22 00:00:00-04:00,36.41999816894531,36.41999816894531,34.88999938964844,35.810001373291016,254700,0.0,0.0
2026-04-23 00:00:00-04:00,35.11000061035156,37.470001220703125,34.58000183105469,37.34000015258789,431500,0.0,0.0
2026-04-24 00:00:00-04:00,37.20000076293945,37.27000045776367,35.2400016784668,35.290000915527344,581500,0.0,0.0
2026-04-27 00:00:00-04:00,35.25,36.34000015258789,35.25,36.09000015258789,309600,0.0,0.0
2026-04-28 00:00:00-04:00,36.45000076293945,36.900001525878906,36.119998931884766,36.150001525878906,197700,0.0,0.0
2026-04-29 00:00:00-04:00,35.97999954223633,36.36000061035156,35.310001373291016,35.540000915527344,241700,0.0,0.0
2026-04-30 00:00:00-04:00,35.29999923706055,36.11000061035156,35.29999923706055,35.88999938964844,249900,0.0,0.0
2026-05-01 00:00:00-04:00,35.88999938964844,36.529998779296875,35.529998779296875,36.06999969482422,230400,0.0,0.0
2026-05-04 00:00:00-04:00,36.369998931884766,36.369998931884766,35.279998779296875,35.52000045776367,188000,0.0,0.0
2026-05-05 00:00:00-04:00,35.56999969482422,36.40999984741211,35.529998779296875,36.25,168300,0.0,0.0
2026-05-06 00:00:00-04:00,36.61000061035156,37.36000061035156,36.61000061035156,37.189998626708984,437900,0.0,0.0
2026-05-07 00:00:00-04:00,37.29999923706055,37.869998931884766,37.02000045776367,37.040000915527344,491200,0.0,0.0
2026-05-08 00:00:00-04:00,37.09000015258789,37.900001525878906,37.08000183105469,37.220001220703125,358000,0.0,0.0
2026-05-11 00:00:00-04:00,37.40999984741211,37.599998474121094,36.650001525878906,36.66999816894531,541300,0.0,0.0
2026-05-12 00:00:00-04:00,36.650001525878906,36.65999984741211,35.560001373291016,36.599998474121094,330900,0.0,0.0
2026-05-13 00:00:00-04:00,36.400001525878906,36.849998474121094,35.91999816894531,36.150001525878906,357300,0.0,0.0
2026-05-14 00:00:00-04:00,36.59000015258789,37.0,36.43000030517578,36.619998931884766,375700,0.0,0.0
2026-05-15 00:00:00-04:00,36.459999084472656,36.77000045776367,35.43000030517578,35.709999084472656,381400,0.0,0.0
2026-05-18 00:00:00-04:00,35.90999984741211,36.689998626708984,35.81999969482422,36.209999084472656,190400,0.0,0.0
2026-05-19 00:00:00-04:00,35.86000061035156,36.119998931884766,35.599998474121094,35.709999084472656,221500,0.0,0.0
2026-05-20 00:00:00-04:00,35.66999816894531,36.779998779296875,35.13999938964844,36.77000045776367,233400,0.0,0.0
2026-05-21 00:00:00-04:00,36.59000015258789,36.939998626708984,36.119998931884766,36.880001068115234,213700,0.0,0.0
2026-05-22 00:00:00-04:00,37.060001373291016,37.22999954223633,36.689998626708984,36.900001525878906,157100,0.0,0.0
2026-05-26 00:00:00-04:00,37.02000045776367,38.0,37.02000045776367,37.65999984741211,208300,0.0,0.0
2026-05-27 00:00:00-04:00,37.83000183105469,37.84000015258789,36.9900016784668,37.099998474121094,256000,0.0,0.0
2026-05-28 00:00:00-04:00,36.959999084472656,37.279998779296875,36.4900016784668,37.220001220703125,183200,0.0,0.0
2026-05-29 00:00:00-04:00,37.08000183105469,37.9900016784668,36.88999938964844,37.41999816894531,256700,0.0,0.0
2026-06-01 00:00:00-04:00,37.0,37.220001220703125,36.31999969482422,36.90999984741211,205400,0.0,0.0
2026-06-02 00:00:00-04:00,36.81999969482422,37.630001068115234,36.81999969482422,37.209999084472656,287100,0.0,0.0
2026-06-03 00:00:00-04:00,36.869998931884766,36.97999954223633,36.470001220703125,36.63999938964844,251200,0.0,0.0
2026-06-04 00:00:00-04:00,37.33000183105469,37.9900016784668,37.13999938964844,37.54999923706055,328500,0.0,0.0
2026-06-05 00:00:00-04:00,37.720001220703125,38.29999923706055,37.38999938964844,37.779998779296875,384200,0.0,0.0
2026-06-08 00:00:00-04:00,38.029998779296875,38.630001068115234,38.02000045776367,38.150001525878906,202500,0.0,0.0
2026-06-09 00:00:00-04:00,38.5099983215332,39.31999969482422,38.459999084472656,38.95000076293945,237500,0.0,0.0
2026-06-10 00:00:00-04:00,39.0,39.5,39.0,39.22999954223633,224000,0.0,0.0
2026-06-11 00:00:00-04:00,39.41999816894531,39.95000076293945,38.900001525878906,39.810001373291016,328200,0.0,0.0
2026-06-12 00:00:00-04:00,40.0,40.529998779296875,39.880001068115234,40.08000183105469,240700,0.0,0.0
2026-06-15 00:00:00-04:00,40.36000061035156,40.7599983215332,39.119998931884766,39.2400016784668,288000,0.0,0.0
2026-06-16 00:00:00-04:00,39.709999084472656,40.0099983215332,39.040000915527344,39.400001525878906,245500,0.0,0.0
2026-06-17 00:00:00-04:00,39.349998474121094,40.15999984741211,38.470001220703125,38.7599983215332,363500,0.0,0.0
2026-06-18 00:00:00-04:00,39.040000915527344,39.52000045776367,38.810001373291016,39.0,578400,0.0,0.0
2026-06-22 00:00:00-04:00,39.029998779296875,39.560001373291016,39.029998779296875,39.15999984741211,170500,0.0,0.0
2026-06-23 00:00:00-04:00,39.119998931884766,39.810001373291016,39.029998779296875,39.77000045776367,296700,0.0,0.0
2026-06-24 00:00:00-04:00,39.540000915527344,40.0,39.27000045776367,39.77000045776367,426000,0.0,0.0
2026-06-25 00:00:00-04:00,39.689998626708984,40.040000915527344,39.630001068115234,39.970001220703125,299600,0.0,0.0
2026-06-26 00:00:00-04:00,40.0,40.9900016784668,39.380001068115234,40.59000015258789,1680400,0.0,0.0
2026-06-29 00:00:00-04:00,40.34000015258789,40.4900016784668,39.47999954223633,40.4900016784668,291600,0.0,0.0
2026-06-30 00:00:00-04:00,40.290000915527344,40.88999938964844,40.04999923706055,40.650001525878906,261100,0.0,0.0
2026-07-01 00:00:00-04:00,40.75,41.619998931884766,40.27000045776367,41.279998779296875,282800,0.0,0.0
2026-07-02 00:00:00-04:00,41.33000183105469,41.54999923706055,40.029998779296875,40.310001373291016,240400,0.0,0.0
2026-07-06 00:00:00-04:00,40.47999954223633,40.95000076293945,40.02000045776367,40.18000030517578,231600,0.0,0.0
2026-07-07 00:00:00-04:00,40.18000030517578,40.29999923706055,39.58000183105469,39.63999938964844,222200,0.0,0.0
2026-07-08 00:00:00-04:00,39.63999938964844,39.63999938964844,38.54999923706055,38.75,417100,0.0,0.0
2026-07-09 00:00:00-04:00,38.97999954223633,39.79999923706055,38.290000915527344,39.689998626708984,308900,0.0,0.0
2026-07-10 00:00:00-04:00,39.560001373291016,39.97999954223633,39.47999954223633,39.79999923706055,168500,0.0,0.0
2026-07-13 00:00:00-04:00,39.970001220703125,40.130001068115234,39.56999969482422,39.95000076293945,203600,0.0,0.0
2026-07-14 00:00:00-04:00,40.06999969482422,40.43000030517578,39.709999084472656,39.880001068115234,205700,0.0,0.0
2026-07-15 00:00:00-04:00,40.02000045776367,40.779998779296875,40.0,40.45000076293945,288100,0.0,0.0
2026-07-16 00:00:00-04:00,40.52000045776367,41.45000076293945,40.47999954223633,41.15999984741211,364500,0.0,0.0
2026-07-17 00:00:00-04:00,40.79999923706055,40.79999923706055,39.88999938964844,40.31999969482422,311796,0.0,0.0
