Date,Open,High,Low,Close,Volume,Dividends,Stock Splits
2022-01-03 00:00:00-05:00,5.242445094644956,5.242445094644956,5.153389061671334,5.17713737487793,154200,0.0,0.0
2022-01-04 00:00:00-05:00,5.177137410859669,5.189011284443267,5.147451877593994,5.147451877593994,63900,0.0,0.0
2022-01-05 00:00:00-05:00,5.123703359566758,5.2008855164928525,5.123703359566758,5.129640579223633,104700,0.0,0.0
2022-01-06 00:00:00-05:00,5.165263296775975,5.171200517044382,5.105892792705371,5.159326076507568,92600,0.0,0.0
2022-01-07 00:00:00-05:00,5.147452202175243,5.165263296775975,5.123703887306103,5.159326076507568,53100,0.0,0.0
2022-01-10 00:00:00-05:00,5.171200275421143,5.2008858091716395,5.1652630554301515,5.171200275421143,97200,0.0,0.0
2022-01-11 00:00:00-05:00,5.194946976032252,5.2127580642700195,5.194946976032252,5.2127580642700195,153500,0.0,0.0
2022-01-12 00:00:00-05:00,5.224634608145911,5.254320144653319,5.206823512723272,5.25432014465332,98700,0.0,0.0
2022-01-13 00:00:00-05:00,5.26619321894772,5.2840043116626525,5.212759374598495,5.218696594238281,209500,0.0,0.0
2022-01-14 00:00:00-05:00,5.224632528031746,5.2424436163631505,5.1652614786546796,5.183072566986084,151900,0.0,0.0
2022-01-18 00:00:00-05:00,5.212760440651445,5.212760440651445,5.070270537382758,5.153389930725098,404200,0.0,0.0
2022-01-19 00:00:00-05:00,5.191110941494151,5.191110941494151,5.059387091061031,5.08333683013916,188000,0.073,0.0
2022-01-20 00:00:00-05:00,5.10129878620476,5.125248521637361,5.059386320942656,5.06537389755249,85600,0.0,0.0
2022-01-21 00:00:00-05:00,5.059386384770603,5.0653739614559745,4.4606424203952235,4.909700393676758,282400,0.0,0.0
2022-01-24 00:00:00-05:00,4.825876509917924,4.825876509917924,4.65224050097496,4.807913780212402,227000,0.0,0.0
2022-01-25 00:00:00-05:00,4.8378515913621,4.873776483474216,4.777977247014231,4.843839168548584,103600,0.0,0.0
2022-01-26 00:00:00-05:00,4.849827057242214,4.927663281638816,4.849827057242214,4.897726535797119,93400,0.0,0.0
2022-01-27 00:00:00-05:00,4.91568835277389,4.987537565567575,4.91568835277389,4.96957540512085,71700,0.0,0.0
2022-01-28 00:00:00-05:00,5.0055005535185355,5.0055005535185355,4.945626485128872,4.957601070404053,46100,0.0,0.0
2022-01-31 00:00:00-05:00,4.963587780714553,5.059386730194092,4.963587780714553,5.059386730194092,68500,0.0,0.0
2022-02-01 00:00:00-05:00,5.077348663285398,5.107285976409913,5.011487031216868,5.107285976409912,150500,0.0,0.0
2022-02-02 00:00:00-05:00,5.143210411071777,5.149197987367997,5.101298519011647,5.143210411071777,71700,0.0,0.0
2022-02-03 00:00:00-05:00,5.143210866360682,5.143210866360682,5.089323816937905,5.107285976409912,68500,0.0,0.0
2022-02-04 00:00:00-05:00,5.1432111162353715,5.155185699462891,5.09531164131173,5.155185699462891,77300,0.0,0.0
2022-02-07 00:00:00-05:00,5.161172568953733,5.1671601452499525,5.131235258479338,5.143210411071777,50800,0.0,0.0
2022-02-08 00:00:00-05:00,5.149197469767353,5.179134206225784,5.119260162302275,5.173147201538086,139500,0.0,0.0
2022-02-09 00:00:00-05:00,5.191109357614474,5.191109357614474,5.149197469767353,5.173147201538086,61500,0.0,0.0
2022-02-10 00:00:00-05:00,5.155185699462891,5.185123014041862,5.137223539118221,5.155185699462891,65000,0.0,0.0
2022-02-11 00:00:00-05:00,5.119260967954727,5.185122597937667,5.095311232414864,5.101298809051514,72700,0.0,0.0
2022-02-14 00:00:00-05:00,5.113274146738527,5.143211463337893,5.0533995135397936,5.08333683013916,77200,0.0,0.0
2022-02-15 00:00:00-05:00,5.119261013251603,5.119261013251603,5.065373965058416,5.071361541748047,140700,0.0,0.0
2022-02-16 00:00:00-05:00,5.103370131345967,5.103370131345967,5.0429755627682,5.079212188720703,107500,0.073,0.0
2022-02-17 00:00:00-05:00,5.079213065753454,5.091292327137216,5.061094749648695,5.067134380340576,46100,0.0,0.0
2022-02-18 00:00:00-05:00,5.0550541087192045,5.0852516801728305,5.036935796235336,5.042975425720215,52400,0.0,0.0
2022-02-22 00:00:00-05:00,4.976541866805366,5.030897393481762,4.940305233001709,4.940305233001709,95400,0.0,0.0
2022-02-23 00:00:00-05:00,4.9644613544686385,4.976540035969221,4.928224158025496,4.946342468261719,53500,0.0,0.0
2022-02-24 00:00:00-05:00,4.747041745109229,4.879910469055176,4.680607239143516,4.879910469055176,178800,0.0,0.0
2022-02-25 00:00:00-05:00,4.885949190463907,4.92218582044168,4.879909560143996,4.910107135772705,135500,0.0,0.0
2022-02-28 00:00:00-05:00,4.916146766092617,4.934265081081503,4.861791245155109,4.910107135772705,190300,0.0,0.0
2022-03-01 00:00:00-05:00,4.958422603128214,4.958422603128214,4.916146346439326,4.934264659881592,56200,0.0,0.0
2022-03-02 00:00:00-05:00,4.9221863746643075,4.946344322693213,4.9101076886353106,4.922186374664307,73400,0.0,0.0
2022-03-03 00:00:00-05:00,4.952383918945958,4.952383918945958,4.92822597108655,4.940305233001709,20200,0.0,0.0
2022-03-04 00:00:00-05:00,4.958422603128214,4.958422603128214,4.91010671663497,4.934264659881592,60600,0.0,0.0
2022-03-07 00:00:00-05:00,4.97050298408051,4.97050298408051,4.801397323608398,4.801397323608398,119200,0.0,0.0
2022-03-08 00:00:00-05:00,4.801394815281548,4.807434443993102,4.753078937530518,4.753078937530518,80800,0.0,0.0
2022-03-09 00:00:00-05:00,4.843672176621081,4.843672176621081,4.765158434603978,4.7832770347595215,185700,0.0,0.0
2022-03-10 00:00:00-05:00,4.891989534767945,4.891989534767945,4.777238845825195,4.777238845825195,77600,0.0,0.0
2022-03-11 00:00:00-05:00,4.81347570448072,4.81347570448072,4.747041490069729,4.759120464324951,60000,0.0,0.0
2022-03-14 00:00:00-04:00,4.722881899455898,4.7591188096223185,4.626249851026748,4.650407791137695,152900,0.0,0.0
2022-03-15 00:00:00-04:00,4.650410077406712,4.704765613371695,4.559817901445747,4.6020941734313965,169100,0.0,0.0
2022-03-16 00:00:00-04:00,4.656448430735356,4.680606376089241,4.6020929096964025,4.674566745758057,102800,0.0,0.0
2022-03-17 00:00:00-04:00,4.68664547357958,4.7772376143642035,4.662487242986903,4.771198272705078,116600,0.0,0.0
2022-03-18 00:00:00-04:00,4.795356064781095,4.831592977554508,4.771198122932153,4.807435035705566,160900,0.0,0.0
2022-03-21 00:00:00-04:00,4.815358539870981,4.815358539870981,4.7544046931689925,4.7909770011901855,78800,0.073,0.0
2022-03-22 00:00:00-04:00,4.778787704295018,4.815360023584914,4.772692172421223,4.803169250488281,104800,0.0,0.0
2022-03-23 00:00:00-04:00,4.760501216330332,4.797073534214383,4.754405975341797,4.754405975341797,90700,0.0,0.0
2022-03-24 00:00:00-04:00,4.784882404264257,4.784882404264257,4.7422148485779685,4.748310089111328,58500,0.0,0.0
2022-03-25 00:00:00-04:00,4.748309946808352,4.778787020514549,4.705642101749858,4.711737632751465,97300,0.0,0.0
2022-03-28 00:00:00-04:00,4.717831888556989,4.736118187094797,4.644687275707467,4.669068813323975,96200,0.0,0.0
2022-03-29 00:00:00-04:00,4.736119127652593,4.736119127652593,4.644688198107764,4.699546813964844,113900,0.0,0.0
2022-03-30 00:00:00-04:00,4.723929758693368,4.730025291442871,4.687357434149345,4.730025291442871,64400,0.0,0.0
2022-03-31 00:00:00-04:00,4.778785906669463,4.827548980712891,4.730022832626036,4.827548980712891,103100,0.0,0.0
2022-04-01 00:00:00-04:00,4.797073899308058,4.858027767087195,4.797073899308058,4.851932525634766,67400,0.0,0.0
2022-04-04 00:00:00-04:00,4.851933441308839,4.906792077988662,4.851933441308839,4.882410526275635,89000,0.0,0.0
2022-04-05 00:00:00-04:00,4.88241020892198,4.9311733091784635,4.839742350872055,4.845837593078613,85800,0.0,0.0
2022-04-06 00:00:00-04:00,4.925076760057802,4.925076760057802,4.809264275520435,4.833645820617676,139300,0.0,0.0
2022-04-07 00:00:00-04:00,4.845836377125082,4.845836377125082,4.809264061109718,4.815359592437744,84800,0.0,0.0
2022-04-08 00:00:00-04:00,4.839740753173828,4.86412229525322,4.815359211094436,4.839740753173828,67600,0.0,0.0
2022-04-11 00:00:00-04:00,4.809263229370117,4.839740299437519,4.809263229370117,4.809263229370117,77900,0.0,0.0
2022-04-12 00:00:00-04:00,4.809263009875348,4.821453779215746,4.7909770011901855,4.7909770011901855,73500,0.0,0.0
2022-04-13 00:00:00-04:00,4.821455955505371,4.839742263095403,4.766597614037275,4.821455955505371,110500,0.0,0.0
2022-04-14 00:00:00-04:00,4.821455264807751,4.851932342874809,4.803169250488281,4.803169250488281,86900,0.0,0.0
2022-04-18 00:00:00-04:00,4.84583553906047,4.84583553906047,4.784881689576548,4.809263229370117,166600,0.0,0.0
2022-04-19 00:00:00-04:00,4.780346739959054,4.811108419413811,4.774194580087173,4.798803806304932,102700,0.073,0.0
2022-04-20 00:00:00-04:00,4.780346570418705,4.829565021108636,4.780346570418705,4.7864990234375,104200,0.0,0.0
2022-04-21 00:00:00-04:00,4.786501721200617,4.82956774314458,4.774197101593018,4.774197101593018,45800,0.0,0.0
2022-04-22 00:00:00-04:00,4.786499292110845,4.817260678836181,4.743432998657227,4.743432998657227,70400,0.0,0.0
2022-04-25 00:00:00-04:00,4.7249762678764515,4.76804256439209,4.663453196686357,4.76804256439209,75200,0.0,0.0
2022-04-26 00:00:00-04:00,4.724976539611816,4.755738223658553,4.681910533984579,4.724976539611816,69900,0.0,0.0
2022-04-27 00:00:00-04:00,4.731130113906732,4.811110276672173,4.7249776582946685,4.7372822761535645,67100,0.0,0.0
2022-04-28 00:00:00-04:00,4.768041957746222,4.854174246453602,4.743432732401257,4.7864990234375,31700,0.0,0.0
2022-04-29 00:00:00-04:00,4.786499744837186,4.7926519054181,4.669605760148311,4.706519603729248,79100,0.0,0.0
2022-05-02 00:00:00-04:00,4.718823808560531,4.718823808560531,4.595777380608675,4.614234447479248,163200,0.0,0.0
2022-05-03 00:00:00-04:00,4.6142355675754025,4.70652033759995,4.6142355675754025,4.626540184020996,146800,0.0,0.0
2022-05-04 00:00:00-04:00,4.7495858041615096,4.768042873397268,4.681910568149111,4.755738258361816,290500,0.0,0.0
2022-05-05 00:00:00-04:00,4.872633205112344,4.891089984608783,4.6819114879129,4.718825340270996,320800,0.0,0.0
2022-05-06 00:00:00-04:00,4.798803806304932,4.829565192394572,4.737280447395416,4.798803806304932,297100,0.0,0.0
2022-05-09 00:00:00-04:00,4.8295680611787715,4.835720518070356,4.774197415980971,4.804958820343018,310600,0.0,0.0
2022-05-10 00:00:00-04:00,4.848024211717419,4.921851920111434,4.848024211717419,4.878785610198975,198700,0.0,0.0
2022-05-11 00:00:00-04:00,4.909547641835974,4.921852260753247,4.884938404001428,4.897243022918701,166200,0.0,0.0
2022-05-12 00:00:00-04:00,4.909548240577618,4.921852860995496,4.7988066568167245,4.804958820343018,140000,0.0,0.0
2022-05-13 00:00:00-04:00,4.835719782001888,4.928004567771495,4.829567326046799,4.921852111816406,96900,0.0,0.0
2022-05-16 00:00:00-04:00,4.940307998484378,5.007983828276331,4.934156130373608,4.98337459564209,122900,0.0,0.0
2022-05-17 00:00:00-04:00,5.0141356963871,5.026440606069415,4.98337459564209,4.98337459564209,181800,0.0,0.0
2022-05-18 00:00:00-04:00,4.972820725947854,4.97902913344184,4.867280166815404,4.923154354095459,108700,0.073,0.0
2022-05-19 00:00:00-04:00,4.867278328097425,4.885902951477209,4.755529403686523,4.755529403686523,166600,0.0,0.0
2022-05-20 00:00:00-04:00,4.755529875925445,4.85486229593616,4.724488735198975,4.724488735198975,78600,0.0,0.0
2022-05-23 00:00:00-04:00,4.743114636124169,4.830030564014364,4.705865079614011,4.767947673797607,122300,0.0,0.0
2022-05-24 00:00:00-04:00,4.780362993078058,4.780362993078058,4.581698741542192,4.594115257263184,280500,0.0,0.0
2022-05-25 00:00:00-04:00,4.60653273941019,4.643782294387923,4.60653273941019,4.631365776062012,61600,0.0,0.0
2022-05-26 00:00:00-04:00,4.774156076291603,4.774156076291603,4.662407406876782,4.699656963348389,100900,0.0,0.0
2022-05-27 00:00:00-04:00,4.767947081936815,4.854862999037855,4.7431140473459825,4.8300299644470215,84700,0.0,0.0
2022-05-31 00:00:00-04:00,4.861071554380292,4.861071554380292,4.774155925360968,4.780364036560059,103200,0.0,0.0
2022-06-01 00:00:00-04:00,4.786572443792299,4.798988962223632,4.767947518128727,4.780364036560059,98300,0.0,0.0
2022-06-02 00:00:00-04:00,4.780363881294465,4.842446767467831,4.780363881294465,4.79278039932251,68500,0.0,0.0
2022-06-03 00:00:00-04:00,4.798989118905985,4.798989118905985,4.767947673797607,4.767947673797607,69700,0.0,0.0
2022-06-06 00:00:00-04:00,4.736906360249323,4.7803640266523395,4.730697953029949,4.743114471435547,113300,0.0,0.0
2022-06-07 00:00:00-04:00,4.780364242051901,4.916946246700905,4.705865128261442,4.892113208770752,96800,0.0,0.0
2022-06-08 00:00:00-04:00,4.88590383321779,4.91694527249676,4.786571701178051,4.854862689971924,98600,0.0,0.0
2022-06-09 00:00:00-04:00,4.817614555358887,4.861072227872954,4.811406147266482,4.817614555358887,34300,0.0,0.0
2022-06-10 00:00:00-04:00,4.805197086039187,4.830030419000203,4.7369063825041335,4.786572456359863,68600,0.0,0.0
2022-06-13 00:00:00-04:00,4.7431147534256715,4.767947791713254,4.513409001248955,4.569283485412598,133300,0.0,0.0
2022-06-14 00:00:00-04:00,4.569283320441538,4.60653287652804,4.507200726964036,4.544450283050537,64600,0.0,0.0
2022-06-15 00:00:00-04:00,4.563074576994092,4.575491094775081,4.5072003949962065,4.525825023651123,78400,0.0,0.0
2022-06-16 00:00:00-04:00,4.500992132120796,4.519617057404845,4.420284615945158,4.47615909576416,114400,0.0,0.0
2022-06-17 00:00:00-04:00,4.459224866562309,4.6097470785514085,4.459224866562309,4.509398937225342,111900,0.073,0.0
2022-06-21 00:00:00-04:00,4.5156711830986405,4.5470301312142105,4.484312534044164,4.521943092346191,61100,0.0,0.0
2022-06-22 00:00:00-04:00,4.521942934086399,4.547029972076416,4.465496949078317,4.547029972076416,22400,0.0,0.0
2022-06-23 00:00:00-04:00,4.584660370367466,4.584660370367466,4.528214387313213,4.572116851806641,31500,0.0,0.0
2022-06-24 00:00:00-04:00,4.603475420754745,4.666193008422852,4.584659994923789,4.666193008422852,68400,0.0,0.0
2022-06-27 00:00:00-04:00,4.659921484089237,4.6661933929033585,4.590932281500338,4.609747409820557,50600,0.0,0.0
2022-06-28 00:00:00-04:00,4.653649964868478,4.659921574743535,4.603475889623709,4.628562927246094,104000,0.0,0.0
2022-06-29 00:00:00-04:00,4.628561608138742,4.641105123375121,4.528213187186717,4.540756702423096,52500,0.0,0.0
2022-06-30 00:00:00-04:00,4.590933007440333,4.597204618185079,4.534487015432025,4.565845966339111,32200,0.0,0.0
2022-07-01 00:00:00-04:00,4.572115609537898,4.6599202156066895,4.572115609537898,4.6599202156066895,29300,0.0,0.0
2022-07-05 00:00:00-04:00,4.647379326836498,4.685009893560787,4.547031148905061,4.653651237487793,119000,0.0,0.0
2022-07-06 00:00:00-04:00,4.653649719869003,4.678736756170637,4.6473778112630635,4.672464847564697,27100,0.0,0.0
2022-07-07 00:00:00-04:00,4.678737473343982,4.835531623793684,4.66619395327045,4.816716194152832,91200,0.0,0.0
2022-07-08 00:00:00-04:00,4.835531621595558,4.860618661731217,4.7351834610529195,4.854346752166748,31800,0.0,0.0
2022-07-11 00:00:00-04:00,4.8606181144714355,4.8794335419852946,4.816715649646481,4.8606181144714355,53800,0.0,0.0
2022-07-12 00:00:00-04:00,4.8292590786232825,4.88570506105559,4.8292590786232825,4.841802597045898,54300,0.0,0.0
2022-07-13 00:00:00-04:00,4.8292599592664995,4.860618910572059,4.816716438556501,4.8480753898620605,34000,0.0,0.0
2022-07-14 00:00:00-04:00,4.848074912613208,4.891977380306968,4.804172444919447,4.885705471038818,79500,0.0,0.0
2022-07-15 00:00:00-04:00,4.904519873356424,4.910791482250946,4.866889322806195,4.891976356506348,44200,0.0,0.0
2022-07-18 00:00:00-04:00,4.904520899782171,4.904520899782171,4.860618432088411,4.885705471038818,91500,0.0,0.0
2022-07-19 00:00:00-04:00,4.9129281402025855,4.9129281402025855,4.830623861642226,4.868610382080078,43000,0.073,0.0
2022-07-20 00:00:00-04:00,4.931923429994958,4.931923429994958,4.830625997374728,4.855950355529785,66900,0.0,0.0
2022-07-21 00:00:00-04:00,4.830624837518425,4.893935717704821,4.830624837518425,4.874942302703857,46400,0.0,0.0
2022-07-22 00:00:00-04:00,4.868611380646045,4.881273556722377,4.811631437357506,4.824293613433838,59800,0.0,0.0
2022-07-25 00:00:00-04:00,4.900266393936244,4.900266393936244,4.786306815666822,4.830624580383301,44400,0.0,0.0
2022-07-26 00:00:00-04:00,4.830624339550236,4.900266149631154,4.798968751775231,4.843286514282227,40900,0.0,0.0
2022-07-27 00:00:00-04:00,4.849616970916138,4.874941317874706,4.849616970916138,4.868610382080078,47200,0.0,0.0
2022-07-28 00:00:00-04:00,4.836954830827836,4.900265698661309,4.836954830827836,4.849617004394531,45400,0.0,0.0
2022-07-29 00:00:00-04:00,4.849618183504021,4.944584659288873,4.849618183504021,4.887604713439941,95000,0.0,0.0
2022-08-01 00:00:00-04:00,4.89393589787828,4.9825711334023985,4.89393589787828,4.957246780395508,87200,0.0,0.0
2022-08-02 00:00:00-04:00,4.950914856446606,4.988901378386805,4.950914856446606,4.976239204406738,74500,0.0,0.0
2022-08-03 00:00:00-04:00,4.976241647908747,5.001566008303992,4.91926168607435,4.931923866271973,112300,0.0,0.0
2022-08-04 00:00:00-04:00,4.938254670478804,4.982572146305073,4.8496191150459405,4.855950355529785,77400,0.0,0.0
2022-08-05 00:00:00-04:00,4.779975914995775,4.8306246168310025,4.767313739536968,4.811631202697754,55200,0.0,0.0
2022-08-08 00:00:00-04:00,4.85594944015091,4.85594944015091,4.805300733388415,4.836956024169922,83500,0.0,0.0
2022-08-09 00:00:00-04:00,4.811631670788674,4.843287263460287,4.79896949409805,4.836956024169922,41600,0.0,0.0
2022-08-10 00:00:00-04:00,4.874942079991788,4.874942079991788,4.805300265913388,4.811631202697754,97500,0.0,0.0
2022-08-11 00:00:00-04:00,4.830624339550236,4.855948689014217,4.811630926507221,4.843286514282227,62900,0.0,0.0
2022-08-12 00:00:00-04:00,4.843286514282227,4.874941800167173,4.836955275971202,4.843286514282227,114700,0.0,0.0
2022-08-15 00:00:00-04:00,4.843286514282227,4.855948689014217,4.836955275971202,4.843286514282227,107300,0.0,0.0
2022-08-16 00:00:00-04:00,4.830624837518425,4.881273541667542,4.830624837518425,4.874942302703857,107900,0.0,0.0
2022-08-17 00:00:00-04:00,4.874942302703857,4.874942302703857,4.855949189592983,4.874942302703857,96300,0.0,0.0
2022-08-18 00:00:00-04:00,4.874942536794634,4.906598129352953,4.84328724612642,4.887604713439941,180500,0.0,0.0
2022-08-19 00:00:00-04:00,4.857563340386239,4.889521116251203,4.825605869293213,4.825605869293213,79300,0.073,0.0
2022-08-22 00:00:00-04:00,4.806431141675857,4.851171966921769,4.787256415207055,4.8128228187561035,152800,0.0,0.0
2022-08-23 00:00:00-04:00,4.806432256240418,4.825606987155652,4.723342263561085,4.742516994476318,123000,0.0,0.0
2022-08-24 00:00:00-04:00,4.729733943939209,4.7553000486546635,4.697776160658886,4.729733943939209,87100,0.0,0.0
2022-08-25 00:00:00-04:00,4.710558890351386,4.748908044797716,4.697775838869275,4.723341941833496,62100,0.0,0.0
2022-08-26 00:00:00-04:00,4.72334194759709,4.742516677229647,4.621077535615423,4.64664363861084,165200,0.0,0.0
2022-08-29 00:00:00-04:00,4.6338615562847405,4.665819344098973,4.582729339599609,4.582729339599609,157100,0.0,0.0
2022-08-30 00:00:00-04:00,4.589119915420508,4.64025242797649,4.544379385995521,4.5507707595825195,83800,0.0,0.0
2022-08-31 00:00:00-04:00,4.627468914814426,4.627468914814426,4.544379232360523,4.569945335388184,99200,0.0,0.0
2022-09-01 00:00:00-04:00,4.55077075539118,4.589119911193848,4.537987703456958,4.589119911193848,107500,0.0,0.0
2022-09-02 00:00:00-04:00,4.60190296312807,4.640252423702735,4.589119911193848,4.589119911193848,127200,0.0,0.0
2022-09-06 00:00:00-04:00,4.58912120179956,4.608295937479433,4.550772035211896,4.557163715362549,77400,0.0,0.0
2022-09-07 00:00:00-04:00,4.576335757118694,4.601901854829933,4.563552708263075,4.595510482788086,31700,0.0,0.0
2022-09-08 00:00:00-04:00,4.601903754034067,4.633861541748047,4.58272932522332,4.633861541748047,30200,0.0,0.0
2022-09-09 00:00:00-04:00,4.640253060712682,4.672210542549335,4.640253060712682,4.66581916809082,53200,0.0,0.0
2022-09-12 00:00:00-04:00,4.665819794879425,4.691385905692019,4.665819794879425,4.672211170196533,34200,0.0,0.0
2022-09-13 00:00:00-04:00,4.659427165985107,4.691384950379285,4.621078007575306,4.659427165985107,68300,0.0,0.0
2022-09-14 00:00:00-04:00,4.646643635752632,4.697775841712014,4.646643635752632,4.684992790222168,53100,0.0,0.0
2022-09-15 00:00:00-04:00,4.704167852143621,4.716950904536456,4.63386091159702,4.640252590179443,54900,0.0,0.0
2022-09-16 00:00:00-04:00,4.576338126440369,4.653036764055433,4.576338126440369,4.608295917510986,52800,0.0,0.0
2022-09-19 00:00:00-04:00,4.633861700180769,4.684993918453716,4.582729481907821,4.614686965942383,41900,0.0,0.0
2022-09-20 00:00:00-04:00,4.597252818591766,4.6811914986671574,4.597252818591766,4.616623401641846,48800,0.073,0.0
2022-09-21 00:00:00-04:00,4.597254090666793,4.674735828536613,4.597254090666793,4.66827917098999,58100,0.0,0.0
2022-09-22 00:00:00-04:00,4.635993223352882,4.648906841494843,4.584338750785042,4.597252368927002,52200,0.0,0.0
2022-09-23 00:00:00-04:00,4.53914234925603,4.552055970550264,4.332524100663267,4.351894378662109,147900,0.0,0.0
2022-09-26 00:00:00-04:00,4.306695928298828,4.345436783817737,4.209843635559082,4.209843635559082,101700,0.0,0.0
2022-09-27 00:00:00-04:00,4.203387879862455,4.267955986212912,4.171103672744718,4.177560329437256,65300,0.0,0.0
2022-09-28 00:00:00-04:00,4.196931225418866,4.338981069886702,4.196931225418866,4.3260674476623535,52400,0.0,0.0
2022-09-29 00:00:00-04:00,4.306694917269163,4.3325221482186285,4.26149710916516,4.274410724639893,38600,0.0,0.0
2022-09-30 00:00:00-04:00,4.326067588969486,4.513315271281341,4.242129195711966,4.448747158050537,302600,0.0,0.0
2022-10-03 00:00:00-04:00,4.474573050198505,4.493943632252463,4.37772106358359,4.4616594314575195,74800,0.0,0.0
2022-10-04 00:00:00-04:00,4.468117595302903,4.545599328567279,4.461660630255019,4.500401496887207,73400,0.0,0.0
2022-10-05 00:00:00-04:00,4.500400598623856,4.500400598623856,4.422918880824545,4.435832500457764,32100,0.0,0.0
2022-10-06 00:00:00-04:00,4.44228997488839,4.474573873740201,4.3906354904174805,4.3906354904174805,30100,0.0,0.0
2022-10-07 00:00:00-04:00,4.390633845980759,4.435831349022346,4.3518926892523995,4.429374694824219,19000,0.0,0.0
2022-10-10 00:00:00-04:00,4.429375228063215,4.429375228063215,4.222757034805726,4.248584270477295,45100,0.0,0.0
2022-10-11 00:00:00-04:00,4.216300598754709,4.274411728090596,4.196930017052779,4.209843635559082,49200,0.0,0.0
2022-10-12 00:00:00-04:00,4.229213957454685,4.23567061236872,4.164645561004743,4.171102523803711,45400,0.0,0.0
2022-10-13 00:00:00-04:00,4.132363037469429,4.17756056047183,4.0484243406292055,4.138819694519043,75400,0.0,0.0
2022-10-14 00:00:00-04:00,4.11944801230127,4.158188865057983,4.087163814394877,4.093620777130127,38100,0.0,0.0
2022-10-17 00:00:00-04:00,4.1065352919315625,4.184017014373574,4.1065352919315625,4.15818977355957,65000,0.0,0.0
2022-10-18 00:00:00-04:00,4.171102744070321,4.203386944000148,4.125904925745553,4.132361888885498,66100,0.0,0.0
2022-10-19 00:00:00-04:00,4.114727721681028,4.193103410690477,4.108196258544922,4.108196258544922,45500,0.073,0.0
2022-10-20 00:00:00-04:00,4.114728927612305,4.134322699888493,4.082072225235462,4.114728927612305,126500,0.0,0.0
2022-10-21 00:00:00-04:00,4.114726885196085,4.147383259925973,4.082070199028958,4.127789497375488,55200,0.0,0.0
2022-10-24 00:00:00-04:00,4.16044717367907,4.16044717367907,4.1081967086151785,4.140853404998779,39000,0.0,0.0
2022-10-25 00:00:00-04:00,4.153916165645966,4.186572551727295,4.147384701567291,4.186572551727295,36800,0.0,0.0
2022-10-26 00:00:00-04:00,4.173509120941162,4.225759577629425,4.173509120941162,4.173509120941162,29100,0.0,0.0
2022-10-27 00:00:00-04:00,4.193102972968359,4.219228199910938,4.160446283571501,4.18004035949707,74200,0.0,0.0
2022-10-28 00:00:00-04:00,4.212695986736676,4.225758597880153,4.186570764449721,4.206164836883545,42300,0.0,0.0
2022-10-31 00:00:00-04:00,4.245352268218994,4.284540097937784,4.186570367922216,4.245352268218994,96100,0.0,0.0
2022-11-01 00:00:00-04:00,4.284541469925744,4.31719816086726,4.271478855836594,4.297604084014893,39800,0.0,0.0
2022-11-02 00:00:00-04:00,4.284541315614462,4.29760392923315,4.251884937286377,4.251884937286377,36500,0.0,0.0
2022-11-03 00:00:00-04:00,4.245352268218994,4.264946338796983,4.186570367922216,4.245352268218994,41000,0.0,0.0
2022-11-04 00:00:00-04:00,4.212696784993036,4.323729156470527,4.212696784993036,4.251884937286377,34500,0.0,0.0
2022-11-07 00:00:00-05:00,4.2518851398650686,4.330260825311367,4.2518851398650686,4.278010368347168,71300,0.0,0.0
2022-11-08 00:00:00-05:00,4.271478633330409,4.323729086965221,4.271478633330409,4.304135322570801,45400,0.0,0.0
2022-11-09 00:00:00-05:00,4.297603743118911,4.343323044523014,4.26494736620506,4.284541130065918,52500,0.0,0.0
2022-11-10 00:00:00-05:00,4.38251242888066,4.421700281856602,4.349855729015356,4.395575046539307,78500,0.0,0.0
2022-11-11 00:00:00-05:00,4.408636498442983,4.473949569465792,4.395573884238422,4.4608869552612305,57500,0.0,0.0
2022-11-14 00:00:00-05:00,4.4282312984794485,4.506606996503461,4.4282312984794485,4.467419147491455,57000,0.0,0.0
2022-11-15 00:00:00-05:00,4.493544240534702,4.519669472397563,4.447824929056031,4.4804816246032715,48200,0.0,0.0
2022-11-16 00:00:00-05:00,4.4674174178064625,4.833170845077573,4.4412921952468984,4.7286696434021,203600,0.0,0.0
2022-11-17 00:00:00-05:00,4.796628015606634,4.803226004347066,4.380964163242005,4.433746814727783,345300,0.073,0.0
2022-11-18 00:00:00-05:00,4.433748077441769,4.486531058569351,4.394161077553214,4.413954734802246,94900,0.0,0.0
2022-11-21 00:00:00-05:00,4.380966052007483,4.446944394809941,4.380966052007483,4.440346717834473,47800,0.0,0.0
2022-11-22 00:00:00-05:00,4.440346279203461,4.559107284516311,4.440346279203461,4.519520282745361,65500,0.0,0.0
2022-11-23 00:00:00-05:00,4.506324296521071,4.585498294458866,4.499726620664339,4.512922286987305,54200,0.0,0.0
2022-11-25 00:00:00-05:00,4.519518859136998,4.532714522237464,4.4931275329360645,4.526116847991943,14000,0.0,0.0
2022-11-28 00:00:00-05:00,4.519519479303259,4.598693468770274,4.499726139241239,4.50632381439209,71900,0.0,0.0
2022-11-29 00:00:00-05:00,4.512921985462585,4.578900312669162,4.506323995437186,4.539313316345215,19900,0.0,0.0
2022-11-30 00:00:00-05:00,4.605291820384278,4.605291820384278,4.526117824696288,4.565704822540283,67700,0.0,0.0
2022-12-01 00:00:00-05:00,4.585498036834517,4.6976613515828705,4.578900361348458,4.618487358093262,59200,0.0,0.0
2022-12-02 00:00:00-05:00,4.638280273345567,4.697660601678942,4.625084609870435,4.691062927246094,73200,0.0,0.0
2022-12-05 00:00:00-05:00,4.65807453036718,4.717455185026756,4.63168319820948,4.64487886428833,38200,0.0,0.0
2022-12-06 00:00:00-05:00,4.618488163077489,4.671270834603706,4.618488163077489,4.63828182220459,35100,0.0,0.0
2022-12-07 00:00:00-05:00,4.59869370804632,4.684465691736482,4.578900366954427,4.625085353851318,54600,0.0,0.0
2022-12-08 00:00:00-05:00,4.625084609870435,4.770236908096884,4.618486620828152,4.691062927246094,90800,0.0,0.0
2022-12-09 00:00:00-05:00,4.724052657851952,4.724052657851952,4.552509006195109,4.578900337219238,72200,0.0,0.0
2022-12-12 00:00:00-05:00,4.552509780122863,4.578901115633526,4.506324785674435,4.54591178894043,109700,0.0,0.0
2022-12-13 00:00:00-05:00,4.618487438917512,4.651476760753576,4.486530780792236,4.486530780792236,98700,0.0,0.0
2022-12-14 00:00:00-05:00,4.493129232380349,4.552509896096815,4.433748568663884,4.446944236755371,154000,0.0,0.0
2022-12-15 00:00:00-05:00,4.4535417556762695,4.506324422443059,4.4403460889845725,4.4535417556762695,72500,0.0,0.0
2022-12-16 00:00:00-05:00,4.473335697001644,4.493129040990985,4.380965709686279,4.380965709686279,137900,0.0,0.0
2022-12-19 00:00:00-05:00,4.443007142016435,4.456349493387692,4.3229259796751185,4.329596996307373,89900,0.073,0.0
2022-12-20 00:00:00-05:00,4.316253789171242,4.336267471313477,4.296240425135693,4.336267471313477,176000,0.0,0.0
2022-12-21 00:00:00-05:00,4.342938993645997,4.382966041564941,4.342938993645997,4.382966041564941,89500,0.0,0.0
2022-12-22 00:00:00-05:00,4.342940766632976,4.389638849216021,4.329598093772872,4.362954139709473,52900,0.0,0.0
2022-12-23 00:00:00-05:00,4.362953809190411,4.409652206342611,4.362953809190411,4.396309852600098,55900,0.0,0.0
2022-12-27 00:00:00-05:00,4.376296780768777,4.389639136394934,4.302913665771484,4.302913665771484,65400,0.0,0.0
2022-12-28 00:00:00-05:00,4.2962411951979735,4.336268248550243,4.24287179072828,4.256214141845703,86000,0.0,0.0
2022-12-29 00:00:00-05:00,4.256214077284815,4.316254497349118,4.242871726369777,4.262885093688965,66400,0.0,0.0
2022-12-30 00:00:00-05:00,4.269555727683837,4.336267471313477,4.242871030231981,4.336267471313477,122000,0.0,0.0
2023-01-03 00:00:00-05:00,4.449678385793062,4.50304779018709,4.396308981399034,4.469691753387451,121200,0.0,0.0
2023-01-04 00:00:00-05:00,4.456349582218065,4.543075026913349,4.456349582218065,4.516390323638916,69200,0.0,0.0
2023-01-05 00:00:00-05:00,4.529733322151372,4.529733322151372,4.396309786725464,4.402980804443359,68100,0.0,0.0
2023-01-06 00:00:00-05:00,4.402978716133256,4.516388826508846,4.376294021704487,4.489704132080078,103600,0.0,0.0
2023-01-09 00:00:00-05:00,4.523060159169364,4.536402506383748,4.449677090436925,4.489704132080078,63600,0.0,0.0
2023-01-10 00:00:00-05:00,4.489705497851619,4.52973255167103,4.463020795305346,4.4963765144348145,59600,0.0,0.0
2023-01-11 00:00:00-05:00,4.496376222373059,4.569759308662093,4.496376222373059,4.543074607849121,54600,0.0,0.0
2023-01-12 00:00:00-05:00,4.569759428431494,4.609786480700024,4.536403710594419,4.596444129943848,48600,0.0,0.0
2023-01-13 00:00:00-05:00,4.543074819938768,4.643142611712354,4.536403803477457,4.603115558624268,64300,0.0,0.0
2023-01-17 00:00:00-05:00,4.683169783453805,4.683169783453805,4.636471394614511,4.656485080718994,101100,0.0,0.0
2023-01-18 00:00:00-05:00,4.656485080718994,4.69651213482121,4.656485080718994,4.656485080718994,110700,0.0,0.0
2023-01-19 00:00:00-05:00,4.676672238021977,4.683401417024716,4.616111231321902,4.643027305603027,33000,0.06,0.0
2023-01-20 00:00:00-05:00,4.676672243852899,4.683401422864028,4.643027311392,4.663214206695557,23500,0.0,0.0
2023-01-23 00:00:00-05:00,4.690130275162541,4.690130275162541,4.643027305603027,4.643027305603027,64600,0.0,0.0
2023-01-24 00:00:00-05:00,4.6430278362354125,4.663214733820876,4.6161117588781595,4.636298656463623,49300,0.0,0.0
2023-01-25 00:00:00-05:00,4.643025706351852,4.65648373885691,4.589193576331625,4.622838497161865,36300,0.0,0.0
2023-01-26 00:00:00-05:00,4.629567712065572,4.656483777297887,4.582464437476616,4.595922470092773,82300,0.0,0.0
2023-01-27 00:00:00-05:00,4.602653720199533,4.636298656463623,4.5959245404277445,4.636298656463623,90700,0.0,0.0
2023-01-30 00:00:00-05:00,4.643026620759951,4.663213513060786,4.622839407594248,4.649755477905273,35100,0.0,0.0
2023-01-31 00:00:00-05:00,4.663214159721099,4.710317449729766,4.656485301642669,4.690130233764648,92100,0.0,0.0
2023-02-01 00:00:00-05:00,4.696857622053424,4.730502862213229,4.669941558271497,4.717044830322266,73500,0.0,0.0
2023-02-02 00:00:00-05:00,4.717046268368012,4.791065305901472,4.717046268368012,4.7372331619262695,116800,0.0,0.0
2023-02-03 00:00:00-05:00,4.7506918861065595,4.7506918861065595,4.717046951680688,4.730504989624023,70300,0.0,0.0
2023-02-06 00:00:00-05:00,4.730504713347185,4.743962750504528,4.649756169538214,4.663214206695557,75300,0.0,0.0
2023-02-07 00:00:00-05:00,4.656486613258932,4.737234858134346,4.656486613258932,4.723776817321777,45300,0.0,0.0
2023-02-08 00:00:00-05:00,4.710317772276553,4.737233848163224,4.703588592872418,4.730504989624023,29500,0.0,0.0
2023-02-09 00:00:00-05:00,4.723775810219888,4.784337141397366,4.723775810219888,4.730504989624023,71400,0.0,0.0
2023-02-10 00:00:00-05:00,4.730504304361813,4.784336448337015,4.717046268368012,4.7372331619262695,41800,0.0,0.0
2023-02-13 00:00:00-05:00,4.764149397651676,4.777607434108012,4.7372333247390035,4.757420539855957,40200,0.0,0.0
2023-02-14 00:00:00-05:00,4.7776079619932315,4.784337141397366,4.710317772276553,4.730504989624023,93200,0.0,0.0
2023-02-15 00:00:00-05:00,4.716929915569261,4.723717020615277,4.682995361220126,4.68978214263916,64600,0.06,0.0
2023-02-16 00:00:00-05:00,4.70335770923303,4.70335770923303,4.662636035291322,4.676209926605225,39200,0.0,0.0
2023-02-17 00:00:00-05:00,4.696569933519135,4.710143821966362,4.635487273693097,4.642274379730225,35700,0.0,0.0
2023-02-21 00:00:00-05:00,4.642273428867672,4.669421200201533,4.5744036769060585,4.587977886199951,63100,0.0,0.0
2023-02-22 00:00:00-05:00,4.628700799924951,4.628700799924951,4.533683250831556,4.554044246673584,80200,0.0,0.0
2023-02-23 00:00:00-05:00,4.587979131867947,4.587979131867947,4.526896467968914,4.554044246673584,66600,0.0,0.0
2023-02-24 00:00:00-05:00,4.554044246673584,4.581192025378254,4.513322578616578,4.554044246673584,41400,0.0,0.0
2023-02-27 00:00:00-05:00,4.554043055418352,4.5744037223073475,4.533682064902391,4.540469169616699,85500,0.0,0.0
2023-02-28 00:00:00-05:00,4.587979356788773,4.594766139984131,4.560831253126146,4.594766139984131,46100,0.0,0.0
2023-03-01 00:00:00-05:00,4.574403046393631,4.608337917697028,4.560829162597656,4.560829162597656,36100,0.0,0.0
2023-03-02 00:00:00-05:00,4.587978460252127,4.587978460252127,4.452239262972045,4.520108699798584,151400,0.0,0.0
2023-03-03 00:00:00-05:00,4.520109361479221,4.567618136025919,4.4929615827745515,4.554044246673584,39900,0.0,0.0
2023-03-06 00:00:00-05:00,4.601552342757452,4.615126230108423,4.513321913162634,4.5472564697265625,108000,0.0,0.0
2023-03-07 00:00:00-05:00,4.567617663755017,4.567617663755017,4.5133221119595905,4.526895999908447,60900,0.0,0.0
2023-03-08 00:00:00-05:00,4.513322578616578,4.554044246673584,4.513322578616578,4.554044246673584,32000,0.0,0.0
2023-03-09 00:00:00-05:00,4.567617467390663,4.567617467390663,4.5133219179294315,4.520108699798584,26900,0.0,0.0
2023-03-10 00:00:00-05:00,4.506535030527437,4.506535030527437,4.411517814371915,4.418304920196533,87700,0.0,0.0
2023-03-13 00:00:00-04:00,4.411517394022007,4.411517394022007,4.289352413462497,4.316500186920166,60900,0.0,0.0
2023-03-14 00:00:00-04:00,4.316500458773904,4.397943784276221,4.316500458773904,4.364008903503418,56100,0.0,0.0
2023-03-15 00:00:00-04:00,4.330073595848111,4.343647481079139,4.268990950495012,4.289351940155029,64300,0.0,0.0
2023-03-16 00:00:00-04:00,4.289352454856794,4.357221889155938,4.255417575893727,4.323287010192871,48000,0.0,0.0
2023-03-17 00:00:00-04:00,4.2893526630750385,4.323287220058402,4.241843894945922,4.248631000518799,72300,0.0,0.0
2023-03-20 00:00:00-04:00,4.248630131832247,4.296138566620653,4.235055923461914,4.235055923461914,74500,0.0,0.0
2023-03-21 00:00:00-04:00,4.276173637512522,4.310437981315968,4.255615292645654,4.269320964813232,42000,0.06,0.0
2023-03-22 00:00:00-04:00,4.317292324185474,4.317292324185474,4.2487636152546715,4.262469291687012,43200,0.0,0.0
2023-03-23 00:00:00-04:00,4.269320801587167,4.303585144080608,4.248762130737305,4.248762130737305,67500,0.0,0.0
2023-03-24 00:00:00-04:00,4.24876240841757,4.296732425689697,4.241909735532413,4.296732425689697,57600,0.0,0.0
2023-03-27 00:00:00-04:00,4.296732008083526,4.454347390351333,4.24876199547368,4.3104376792907715,96600,0.0,0.0
2023-03-28 00:00:00-04:00,4.32414309797302,4.351554438786719,4.289879085340375,4.344701766967773,87500,0.0,0.0
2023-03-29 00:00:00-04:00,4.344700895212814,4.39952356584016,4.330995227555977,4.378964900970459,41800,0.0,0.0
2023-03-30 00:00:00-04:00,4.385819968269171,4.3995256423950195,4.3378499454441775,4.3995256423950195,80500,0.0,0.0
2023-03-31 00:00:00-04:00,4.433787515353253,4.454346179962158,4.351553510455408,4.454346179962158,117900,0.0,0.0
2023-04-03 00:00:00-04:00,4.40637789620165,4.4474949146612675,4.399525223176222,4.413230895996094,113300,0.0,0.0
2023-04-04 00:00:00-04:00,4.4132307919913405,4.426936464488217,4.385819446997588,4.406377792358398,27400,0.0,0.0
2023-04-05 00:00:00-04:00,4.399525539043784,4.42693688665155,4.392672538757324,4.392672538757324,35700,0.0,0.0
2023-04-06 00:00:00-04:00,4.3858198652399025,4.42693688665155,4.3789668649534415,4.392672538757324,49400,0.0,0.0
2023-04-10 00:00:00-04:00,4.399525107579387,4.399525107579387,4.372113762659871,4.385819435119629,60000,0.0,0.0
2023-04-11 00:00:00-04:00,4.378965664215557,4.447494014444097,4.378965664215557,4.42693567276001,74100,0.0,0.0
2023-04-12 00:00:00-04:00,4.4337888352728445,4.454347506001977,4.426936162875791,4.4474945068359375,31100,0.0,0.0
2023-04-13 00:00:00-04:00,4.447494899035828,4.536581935436515,4.447494899035828,4.522876262664795,83700,0.0,0.0
2023-04-14 00:00:00-04:00,4.557140067788708,4.563992739977766,4.502317383200347,4.509170055389404,48800,0.0,0.0
2023-04-17 00:00:00-04:00,4.495465245154079,4.5982579618272394,4.426936876294985,4.58455228805542,120900,0.0,0.0
2023-04-18 00:00:00-04:00,4.556891364898729,4.626039876485925,4.508487241924636,4.549976348876953,62900,0.06,0.0
2023-04-19 00:00:00-04:00,4.53614806249881,4.549977769133133,4.439340116058548,4.453169822692871,61900,0.0,0.0
2023-04-20 00:00:00-04:00,4.446254803045278,4.50157395929053,4.425510407963746,4.439340114593506,57700,0.0,0.0
2023-04-21 00:00:00-04:00,4.432424130800328,4.43933914747186,4.390935019949561,4.397850036621094,80900,0.0,0.0
2023-04-24 00:00:00-04:00,4.418595864426474,4.439340591462597,4.390936448195812,4.411681175231934,50700,0.0,0.0
2023-04-25 00:00:00-04:00,4.3978494705722335,4.3978494705722335,4.335615647443151,4.363275051116943,79500,0.0,0.0
2023-04-26 00:00:00-04:00,4.356360916833811,4.404764714530673,4.356360916833811,4.370190620422363,23500,0.0,0.0
2023-04-27 00:00:00-04:00,4.384019793589207,4.425508899335105,4.370190091673908,4.418593883514404,39100,0.0,0.0
2023-04-28 00:00:00-04:00,4.453170709908304,4.453170709908304,4.3563627441807675,4.3771071434021,216600,0.0,0.0
2023-05-01 00:00:00-04:00,4.390936374011249,4.4255108085785695,4.342532561288493,4.349447250366211,132400,0.0,0.0
2023-05-02 00:00:00-04:00,4.363275503816061,4.363275503816061,4.287211970958329,4.294126987457275,59100,0.0,0.0
2023-05-03 00:00:00-04:00,4.307956700353352,4.342531123473054,4.307956700353352,4.321786403656006,87200,0.0,0.0
2023-05-04 00:00:00-04:00,4.314872814701669,4.321787833503873,4.259553983189019,4.280298709869385,58200,0.0,0.0
2023-05-05 00:00:00-04:00,4.3287019010361325,4.356361310714062,4.314871866470996,4.335616588592529,40400,0.0,0.0
2023-05-08 00:00:00-04:00,4.335618093429296,4.356362822751055,4.321788383790218,4.3287034034729,49200,0.0,0.0
2023-05-09 00:00:00-04:00,4.35636075009151,4.35636075009151,4.314871311187744,4.314871311187744,31800,0.0,0.0
2023-05-10 00:00:00-04:00,4.3148713871416104,4.342531123473054,4.301041683838957,4.321786403656006,35600,0.0,0.0
2023-05-11 00:00:00-04:00,4.328701894483931,4.335616582029861,4.294127467575768,4.307957172393799,41300,0.0,0.0
2023-05-12 00:00:00-04:00,4.294126987457275,4.32178639400079,4.287211970958329,4.294126987457275,42000,0.0,0.0
2023-05-15 00:00:00-04:00,4.287212450303667,4.328701894483931,4.287212450303667,4.307957172393799,68600,0.0,0.0
2023-05-16 00:00:00-04:00,4.301041598015709,4.321786317418816,4.266467505312035,4.287211894989014,70400,0.0,0.0
2023-05-17 00:00:00-04:00,4.294127467575768,4.32178687721183,4.280297762757737,4.307957172393799,50200,0.0,0.0
2023-05-18 00:00:00-04:00,4.280029656925346,4.328904169850327,4.280029656925346,4.314939975738525,60900,0.06,0.0
2023-05-19 00:00:00-04:00,4.321921778122481,4.34286790058896,4.300975322723389,4.300975322723389,67700,0.0,0.0
2023-05-22 00:00:00-04:00,4.300973492578025,4.314937679257858,4.287009305898193,4.293991565704346,77900,0.0,0.0
2023-05-23 00:00:00-04:00,4.280028356892969,4.293992546763234,4.266064167022705,4.266064167022705,69500,0.0,0.0
2023-05-24 00:00:00-04:00,4.280029330613369,4.280029330613369,4.245118681529149,4.252100944519043,60000,0.0,0.0
2023-05-25 00:00:00-04:00,4.287011163096765,4.287011163096765,4.245118584908765,4.273046970367432,47100,0.0,0.0
2023-05-26 00:00:00-04:00,4.28002920025691,4.307957585500624,4.259082744857817,4.300975322723389,63800,0.0,0.0
2023-05-30 00:00:00-04:00,4.287009305898193,4.307955752384178,4.273045119218361,4.293991565704346,47800,0.0,0.0
2023-05-31 00:00:00-04:00,4.33588454055541,4.33588454055541,4.273045528018157,4.2870097160339355,102000,0.0,0.0
2023-06-01 00:00:00-04:00,4.266065462813544,4.328904169850327,4.266065462813544,4.314939975738525,49400,0.0,0.0
2023-06-02 00:00:00-04:00,4.342866949456948,4.370795661516604,4.321920831577882,4.363813400268555,61000,0.0,0.0
2023-06-05 00:00:00-04:00,4.377777589832113,4.377777589832113,4.342866949456948,4.363813400268555,24500,0.0,0.0
2023-06-06 00:00:00-04:00,4.377777589832113,4.377777589832113,4.349849210704997,4.363813400268555,45300,0.0,0.0
2023-06-07 00:00:00-04:00,4.38476037979126,4.391742308948644,4.34286747311663,4.38476037979126,46600,0.0,0.0
2023-06-08 00:00:00-04:00,4.398725446615789,4.398725446615789,4.3777789891090295,4.391743183135986,34100,0.0,0.0
2023-06-09 00:00:00-04:00,4.40570592880249,4.426652379423176,4.39872400055062,4.40570592880249,44200,0.0,0.0
2023-06-12 00:00:00-04:00,4.419670646306538,4.433634837411275,4.419670646306538,4.426652908325195,31200,0.0,0.0
2023-06-13 00:00:00-04:00,4.440616648189309,4.454580837875052,4.391741817822937,4.39872407913208,131600,0.0,0.0
2023-06-14 00:00:00-04:00,4.433634373308283,4.433634373308283,4.391741804379292,4.412688255310059,31700,0.0,0.0
2023-06-15 00:00:00-04:00,4.4475985359789005,4.4475985359789005,4.412688228549393,4.440616607666016,57200,0.0,0.0
2023-06-16 00:00:00-04:00,4.447599028516012,4.454581290534669,4.412688717220458,4.426652908325195,40600,0.0,0.0
2023-06-20 00:00:00-04:00,4.468945247367147,4.4759938819569545,4.419603460784807,4.426652431488037,92000,0.06,0.0
2023-06-21 00:00:00-04:00,4.45484764207411,4.45484764207411,4.419603460784807,4.426652431488037,18200,0.0,0.0
2023-06-22 00:00:00-04:00,4.4125541499818794,4.440749356247106,4.405505180358887,4.405505180358887,69900,0.0,0.0
2023-06-23 00:00:00-04:00,4.398458701026526,4.440751870483009,4.398458701026526,4.4125566482543945,57800,0.0,0.0
2023-06-26 00:00:00-04:00,4.42665430813121,4.44780055697883,4.42665430813121,4.4337029457092285,36200,0.0,0.0
2023-06-27 00:00:00-04:00,4.447799317762102,4.46189692510392,4.42665307480611,4.454848289489746,37300,0.0,0.0
2023-06-28 00:00:00-04:00,4.46189661621163,4.490091828943343,4.44075037471957,4.483043193817139,48200,0.0,0.0
2023-06-29 00:00:00-04:00,4.483043835054201,4.52533666020117,4.475994862806291,4.511239051818848,40400,0.0,0.0
2023-06-30 00:00:00-04:00,4.56058084139262,4.567629814147949,4.511239376559404,4.567629814147949,78000,0.0,0.0
2023-07-03 00:00:00-04:00,4.525336705194828,4.602873720125274,4.497141488149848,4.588776111602783,38700,0.0,0.0
2023-07-05 00:00:00-04:00,4.553530492965147,4.5817257011601376,4.532383918762207,4.532383918762207,54900,0.0,0.0
2023-07-06 00:00:00-04:00,4.532384534153903,4.532384534153903,4.475994110107422,4.475994110107422,28400,0.0,0.0
2023-07-07 00:00:00-04:00,4.497141443436524,4.5182876879532605,4.490092471188614,4.511239051818848,62800,0.0,0.0
2023-07-10 00:00:00-04:00,4.475994361444551,4.525336153312593,4.475994361444551,4.518287181854248,59800,0.0,0.0
2023-07-11 00:00:00-04:00,4.518286513205081,4.574676932072943,4.518286513205081,4.553530693054199,52500,0.0,0.0
2023-07-12 00:00:00-04:00,4.5817274336631,4.673362063003607,4.5535322148065625,4.652215480804443,68000,0.0,0.0
2023-07-13 00:00:00-04:00,4.638117342365877,4.680410165826886,4.6028734908717786,4.631068706512451,42700,0.0,0.0
2023-07-14 00:00:00-04:00,4.659264319838188,4.659264319838188,4.581727302151533,4.616971492767334,42900,0.0,0.0
2023-07-17 00:00:00-04:00,4.6522149553378,4.6522149553378,4.57467794418335,4.57467794418335,64300,0.0,0.0
2023-07-18 00:00:00-04:00,4.595824518904869,4.652214950186214,4.595824518904869,4.631068706512451,46100,0.0,0.0
2023-07-19 00:00:00-04:00,4.6381816513490755,4.6381816513490755,4.510133813390716,4.595499038696289,135400,0.06,0.0
2023-07-20 00:00:00-04:00,4.581271175882604,4.602612311088185,4.55281610280101,4.574157238006592,41200,0.0,0.0
2023-07-21 00:00:00-04:00,4.567045061111318,4.609727684021261,4.567045061111318,4.581272602081299,21200,0.0,0.0
2023-07-24 00:00:00-04:00,4.609727239193109,4.623954778790165,4.5883857601918745,4.616840839385986,31100,0.0,0.0
2023-07-25 00:00:00-04:00,4.602612311088185,4.645295259921805,4.559929701465794,4.574157238006592,88500,0.0,0.0
2023-07-26 00:00:00-04:00,4.574157238006592,4.616839847628983,4.55281610280101,4.574157238006592,35700,0.0,0.0
2023-07-27 00:00:00-04:00,4.616841437224188,4.638182918988947,4.559931271466624,4.567045211791992,44000,0.0,0.0
2023-07-28 00:00:00-04:00,4.616840032532972,4.623953970693897,4.54570234697993,4.602612495422363,58500,0.0,0.0
2023-07-31 00:00:00-04:00,4.623956050240792,4.6595250786195095,4.623956050240792,4.63818359375,38300,0.0,0.0
2023-08-01 00:00:00-04:00,4.6310691899151815,4.645296730961456,4.602613768611298,4.623955249786377,34800,0.0,0.0
2023-08-02 00:00:00-04:00,4.623954113798147,4.623954113798147,4.57415756276427,4.595499038696289,53500,0.0,0.0
2023-08-03 00:00:00-04:00,4.609727684021261,4.609727684021261,4.567045061111318,4.581272602081299,31800,0.0,0.0
2023-08-04 00:00:00-04:00,4.609726433583289,4.623953970693897,4.588384958311755,4.602612495422363,41900,0.0,0.0
2023-08-07 00:00:00-04:00,4.5954998426200575,4.63818246273962,4.567044762540348,4.609727382659912,64400,0.0,0.0
2023-08-08 00:00:00-04:00,4.609727702204787,4.631069183349609,4.588386221059965,4.631069183349609,47100,0.0,0.0
2023-08-09 00:00:00-04:00,4.631069357642253,4.666638041940489,4.623955417255797,4.659524440765381,61600,0.0,0.0
2023-08-10 00:00:00-04:00,4.645295800984461,4.709319553269625,4.63818186227985,4.673750877380371,88100,0.0,0.0
2023-08-11 00:00:00-04:00,4.645295400190101,4.780456831803362,4.645295400190101,4.759115695953369,134400,0.0,0.0
2023-08-14 00:00:00-04:00,4.716434532854124,4.844482404894875,4.687979450178402,4.7946858406066895,107200,0.0,0.0
2023-08-15 00:00:00-04:00,4.759115695953369,4.801798306864595,4.744888158982961,4.759115695953369,34700,0.0,0.0
2023-08-16 00:00:00-04:00,4.780457128253576,4.780457128253576,4.673750763963956,4.730660915374756,57800,0.0,0.0
2023-08-17 00:00:00-04:00,4.716433377522056,4.787571066785556,4.673750763963956,4.730660915374756,84300,0.0,0.0
2023-08-18 00:00:00-04:00,4.7306622013578234,4.766230886052934,4.673752034476565,4.737775802612305,44800,0.0,0.0
2023-08-21 00:00:00-04:00,4.7090624753859585,4.73777624383443,4.66599182271325,4.730597972869873,51600,0.06,0.0
2023-08-22 00:00:00-04:00,4.701882723030394,4.723417871434251,4.665990352630615,4.665990352630615,59600,0.0,0.0
2023-08-23 00:00:00-04:00,4.69470458602661,4.7664889917787665,4.673169435448487,4.759310722351074,88100,0.0,0.0
2023-08-24 00:00:00-04:00,4.759310550397703,4.759310550397703,4.694704416407451,4.752131938934326,60100,0.0,0.0
2023-08-25 00:00:00-04:00,4.71623955095299,4.823915976380151,4.709060940033841,4.788023948669434,141200,0.0,0.0
2023-08-28 00:00:00-04:00,4.766488724190519,4.809559365223849,4.723418083157189,4.773667335510254,54300,0.0,0.0
2023-08-29 00:00:00-04:00,4.788024462691413,4.809559613170764,4.730596938353083,4.795202732086182,154500,0.0,0.0
2023-08-30 00:00:00-04:00,4.766489117591118,4.8813445121212435,4.737775354532351,4.838273525238037,118100,0.0,0.0
2023-08-31 00:00:00-04:00,4.859806496940967,4.859806496940967,4.752129770196185,4.852628231048584,61000,0.0,0.0
2023-09-01 00:00:00-04:00,4.881344360888723,4.881344360888723,4.773667581606831,4.795202732086182,26200,0.0,0.0
2023-09-05 00:00:00-04:00,4.795202880649886,4.845452137150256,4.780845999120502,4.838273525238037,63300,0.0,0.0
2023-09-06 00:00:00-04:00,4.838273067949373,4.845451679183108,4.744953517975991,4.8023810386657715,19800,0.0,0.0
2023-09-07 00:00:00-04:00,4.766488724190519,4.802381096199141,4.752131843846075,4.773667335510254,12700,0.0,0.0
2023-09-08 00:00:00-04:00,4.759310146269697,4.809559053066403,4.651633379527463,4.687525749206543,67700,0.0,0.0
2023-09-11 00:00:00-04:00,4.68752525847789,4.752131037923762,4.68752525847789,4.723417282104492,44100,0.0,0.0
2023-09-12 00:00:00-04:00,4.694704379392391,4.766488781985005,4.694704379392391,4.744953632354736,41600,0.0,0.0
2023-09-13 00:00:00-04:00,4.773668118264658,4.831095649059017,4.73059747016889,4.766489505767822,67900,0.0,0.0
2023-09-14 00:00:00-04:00,4.788024215854698,4.788024215854698,4.716239814132481,4.773667335510254,37100,0.0,0.0
2023-09-15 00:00:00-04:00,4.780845872929198,4.8023813658023675,4.730596960050211,4.759310722351074,32100,0.0,0.0
2023-09-18 00:00:00-04:00,4.759310550397703,4.780845700197764,4.737775058302607,4.752131938934326,44300,0.0,0.0
2023-09-19 00:00:00-04:00,4.766619466400892,4.766619466400892,4.7303991605737385,4.744887351989746,17400,0.06,0.0
2023-09-20 00:00:00-04:00,4.737643744149443,4.781108324457831,4.614493927229454,4.657958507537842,101600,0.0,0.0
2023-09-21 00:00:00-04:00,4.614493094466562,4.672445857752528,4.563784599304199,4.563784599304199,58100,0.0,0.0
2023-09-22 00:00:00-04:00,4.578274323651796,4.650715302023884,4.571030053101671,4.621738910675049,32500,0.0,0.0
2023-09-25 00:00:00-04:00,4.60000490364507,4.621737362590165,4.556540331180595,4.563784599304199,39800,0.0,0.0
2023-09-26 00:00:00-04:00,4.549297920871667,4.57103004161577,4.513077259063721,4.513077259063721,37000,0.0,0.0
2023-09-27 00:00:00-04:00,4.542053650339746,4.556541845977758,4.498589063425709,4.513077259063721,46500,0.0,0.0
2023-09-28 00:00:00-04:00,4.534808954096918,4.542052877971191,4.505832222322507,4.520320415496826,14600,0.0,0.0
2023-09-29 00:00:00-04:00,4.556542280570511,4.556542280570511,4.484101295471191,4.484101295471191,91400,0.0,0.0
2023-10-02 00:00:00-04:00,4.498589350111331,4.505833275679062,4.346463113504601,4.397171974182129,193000,0.0,0.0
2023-10-03 00:00:00-04:00,4.4044140881022456,4.4189022787041985,4.353705593708265,4.360949516296387,36700,0.0,0.0
2023-10-04 00:00:00-04:00,4.37543991452979,4.3899281124417735,4.346463518705821,4.353707790374756,42500,0.0,0.0
2023-10-05 00:00:00-04:00,4.346460819244385,4.389925385985748,4.346460819244385,4.346460819244385,56000,0.0,0.0
2023-10-06 00:00:00-04:00,4.317484944490528,4.382681974912171,4.317484944490528,4.360949516296387,33800,0.0,0.0
2023-10-09 00:00:00-04:00,4.324729864935651,4.397171180085714,4.230556777006992,4.389926910400391,42900,0.0,0.0
2023-10-10 00:00:00-04:00,4.375439264839308,4.4406363184753435,4.375439264839308,4.43339204788208,40100,0.0,0.0
2023-10-11 00:00:00-04:00,4.4189040963111745,4.447880489433803,4.375439506627231,4.397171974182129,79100,0.0,0.0
2023-10-12 00:00:00-04:00,4.411659347543111,4.411659347543111,4.375438690185547,4.375438690185547,38800,0.0,0.0
2023-10-13 00:00:00-04:00,4.3971709665607515,4.411659159802065,4.360950310744581,4.368194580078125,61300,0.0,0.0
2023-10-16 00:00:00-04:00,4.389926884043415,4.4189032717591505,4.375438690185547,4.375438690185547,77100,0.0,0.0
2023-10-17 00:00:00-04:00,4.382683277130127,4.404415396777423,4.353706887316524,4.382683277130127,64900,0.0,0.0
2023-10-18 00:00:00-04:00,4.404414890468521,4.404414890468521,4.346462117503268,4.368194580078125,82900,0.0,0.0
2023-10-19 00:00:00-04:00,4.316976547241211,4.390145570300061,4.309659470486615,4.316976547241211,68700,0.06,0.0
2023-10-20 00:00:00-04:00,4.302341135771816,4.324291660042579,4.28039026260376,4.28039026260376,39100,0.0,0.0
2023-10-23 00:00:00-04:00,4.265757996846128,4.265757996846128,4.22917366027832,4.22917366027832,127100,0.0,0.0
2023-10-24 00:00:00-04:00,4.229173364607461,4.280391502001102,4.229173364607461,4.258440971374512,45500,0.0,0.0
2023-10-25 00:00:00-04:00,4.236489735775871,4.251123537929433,4.1925883293151855,4.1925883293151855,41700,0.0,0.0
2023-10-26 00:00:00-04:00,4.221855933622309,4.221855933622309,4.185271253789722,4.1925883293151855,32800,0.0,0.0
2023-10-27 00:00:00-04:00,4.199904586804333,4.214538736220592,4.177954060474597,4.1852707862854,45900,0.0,0.0
2023-10-30 00:00:00-04:00,4.185271898161083,4.236490388032915,4.185271898161083,4.22917366027832,29200,0.0,0.0
2023-10-31 00:00:00-04:00,4.2877081072342405,4.2877081072342405,4.2364896265683925,4.251123428344727,51800,0.0,0.0
2023-11-01 00:00:00-04:00,4.338926462288928,4.3681940673477415,4.280391252171301,4.3242926597595215,87900,0.0,0.0
2023-11-02 00:00:00-04:00,4.353560000339695,4.404778480529785,4.353560000339695,4.404778480529785,74600,0.0,0.0
2023-11-03 00:00:00-04:00,4.448680107204867,4.485264787578194,4.43404630483501,4.47794771194458,95700,0.0,0.0
2023-11-06 00:00:00-05:00,4.514532392317907,4.514532392317907,4.45599718283848,4.47794771194458,52400,0.0,0.0
2023-11-07 00:00:00-05:00,4.4852657586783495,4.573068591907589,4.448681070384111,4.529167175292969,62800,0.0,0.0
2023-11-08 00:00:00-05:00,4.507215014091019,4.573067294783046,4.499898287845986,4.514532089233398,60700,0.0,0.0
2023-11-09 00:00:00-05:00,4.543799220323014,4.551115945808509,4.492580746335316,4.507214546203613,55500,0.0,0.0
2023-11-10 00:00:00-05:00,4.558434009552002,4.558434009552002,4.521849327492276,4.558434009552002,38100,0.0,0.0
2023-11-13 00:00:00-05:00,4.52916527590098,4.558432874703467,4.521848201751709,4.521848201751709,28100,0.0,0.0
2023-11-14 00:00:00-05:00,4.558433897838413,4.66818759243047,4.558433897838413,4.616969108581543,38100,0.0,0.0
2023-11-15 00:00:00-05:00,4.602334685863881,4.66086988872108,4.595017959955396,4.6316022872924805,29800,0.0,0.0
2023-11-16 00:00:00-05:00,4.66086988872108,4.66086988872108,4.616968486578181,4.6316022872924805,19900,0.0,0.0
2023-11-17 00:00:00-05:00,4.638991286960897,4.653765129979655,4.594669405668418,4.602056503295898,40000,0.06,0.0
2023-11-20 00:00:00-05:00,4.602055080007412,4.638989852249506,4.602055080007412,4.616828918457031,49000,0.0,0.0
2023-11-21 00:00:00-05:00,4.594669817548698,4.638991702814326,4.579895973205566,4.579895973205566,35400,0.0,0.0
2023-11-22 00:00:00-05:00,4.579895562649659,4.616830346314657,4.579895562649659,4.602056503295898,19400,0.0,0.0
2023-11-24 00:00:00-05:00,4.602054671051585,4.631602345325105,4.602054671051585,4.624215602874756,9400,0.0,0.0
2023-11-27 00:00:00-05:00,4.616828844969272,4.6389897784090035,4.594667911529541,4.594667911529541,67000,0.0,0.0
2023-11-28 00:00:00-05:00,4.594669405668418,4.631604189333416,4.594669405668418,4.602056503295898,37300,0.0,0.0
2023-11-29 00:00:00-05:00,4.602055080007412,4.653763690699124,4.602055080007412,4.616828918457031,42500,0.0,0.0
2023-11-30 00:00:00-05:00,4.661150528161267,4.698085301151028,4.6316028506638975,4.683311462402344,52200,0.0,0.0
2023-12-01 00:00:00-05:00,4.653763740547922,4.727632933587266,4.653763740547922,4.720245838165283,49900,0.0,0.0
2023-12-04 00:00:00-05:00,4.720247334549072,4.742408275604248,4.712860589021485,4.742408275604248,48900,0.0,0.0
2023-12-05 00:00:00-05:00,4.801502715128294,4.831050395965576,4.749794097544978,4.831050395965576,77800,0.0,0.0
2023-12-06 00:00:00-05:00,4.838437007983616,4.860597590275318,4.801502234515975,4.8162760734558105,101000,0.0,0.0
2023-12-07 00:00:00-05:00,4.845823354236128,4.867984286947919,4.808888936031246,4.85321044921875,29300,0.0,0.0
2023-12-08 00:00:00-05:00,4.8458247789759685,4.890146305194618,4.8088903499118505,4.838438034057617,56800,0.0,0.0
2023-12-11 00:00:00-05:00,4.845824625671479,4.845824625671479,4.705472954301223,4.735020637512207,83400,0.0,0.0
2023-12-12 00:00:00-05:00,4.675924322341677,4.7350196767731525,4.675924322341677,4.720245838165283,87300,0.0,0.0
2023-12-13 00:00:00-05:00,4.749794171148886,4.867985248565674,4.727633586295588,4.867985248565674,102700,0.0,0.0
2023-12-14 00:00:00-05:00,4.86798573251541,4.9418549430970025,4.8458247932228415,4.897533416748047,62200,0.0,0.0
2023-12-15 00:00:00-05:00,4.912307258864366,4.919694003804435,4.8458247932228415,4.897533416748047,86300,0.0,0.0
2023-12-18 00:00:00-05:00,4.890078573155482,4.904987335205078,4.86026104905629,4.904987335205078,48000,0.06,0.0
2023-12-19 00:00:00-05:00,4.875169246927063,4.8900780072513435,4.860260486602783,4.860260486602783,57500,0.0,0.0
2023-12-20 00:00:00-05:00,4.837895835838168,4.882622459944375,4.822987079620361,4.822987079620361,47600,0.0,0.0
2023-12-21 00:00:00-05:00,4.830442782099825,4.87516906137031,4.77080774307251,4.77080774307251,59700,0.0,0.0
2023-12-22 00:00:00-05:00,4.770808131052324,4.8453519358986465,4.726081848144531,4.726081848144531,151400,0.0,0.0
2023-12-26 00:00:00-05:00,4.733536109862391,4.770808190476253,4.733536109862391,4.755899429321289,82100,0.0,0.0
2023-12-27 00:00:00-05:00,4.748444425710831,4.800625262586167,4.748444425710831,4.77080774307251,134900,0.0,0.0
2023-12-28 00:00:00-05:00,4.7708088880999755,4.800626414770048,4.755900124764939,4.778263092041016,66300,0.0,0.0
2023-12-29 00:00:00-05:00,4.800625771836396,4.800625771836396,4.755899487821347,4.785717010498047,74100,0.0,0.0
2024-01-02 00:00:00-05:00,4.778262077529213,4.793170837698848,4.733535797020306,4.748444557189941,119400,0.0,0.0
2024-01-03 00:00:00-05:00,4.763353317359577,4.763353317359577,4.726081594661928,4.748444557189941,36600,0.0,0.0
2024-01-04 00:00:00-05:00,4.748445565370943,4.785717651435012,4.748445565370943,4.778263092041016,50100,0.0,0.0
2024-01-05 00:00:00-05:00,4.7782624521024175,4.793171213440767,4.755899487821347,4.785717010498047,57400,0.0,0.0
2024-01-08 00:00:00-05:00,4.763354220300403,4.822989272283358,4.763354220300403,4.815535068511963,89900,0.0,0.0
2024-01-09 00:00:00-05:00,4.800625324249268,4.822988286445323,4.785716564300939,4.800625324249268,68400,0.0,0.0
2024-01-10 00:00:00-05:00,4.822988958406101,4.830443517145306,4.79317143435513,4.808080196380615,78600,0.0,0.0
2024-01-11 00:00:00-05:00,4.808080196380615,4.81553475511982,4.778262672329644,4.808080196380615,45800,0.0,0.0
2024-01-12 00:00:00-05:00,4.800626305516224,4.830443831507702,4.785717542520485,4.815535068511963,33500,0.0,0.0
2024-01-16 00:00:00-05:00,4.845351604094255,4.845351604094255,4.778262006600337,4.800625324249268,108100,0.0,0.0
2024-01-17 00:00:00-05:00,4.770807491388869,4.808079211088238,4.770807491388869,4.79317045211792,58200,0.0,0.0
2024-01-18 00:00:00-05:00,4.808080196380615,4.830443517145306,4.79317143435513,4.808080196380615,91400,0.0,0.0
2024-01-19 00:00:00-05:00,4.817112193190942,4.824638744251179,4.779478361181295,4.79453182220459,65400,0.062,0.0
2024-01-22 00:00:00-05:00,4.794530834659794,4.824637750505165,4.794530834659794,4.80205774307251,72500,0.0,0.0
2024-01-23 00:00:00-05:00,4.764425241749488,4.794532165954632,4.756898690149626,4.771952152252197,66400,0.0,0.0
2024-01-24 00:00:00-05:00,4.771951710679009,4.809585183001595,4.7418447892598135,4.764424800872803,86000,0.0,0.0
2024-01-25 00:00:00-05:00,4.7870056143547695,4.7870056143547695,4.764425241749488,4.771952152252197,32100,0.0,0.0
2024-01-26 00:00:00-05:00,4.771951046427256,4.787004505041424,4.76442413766879,4.779477596282959,27900,0.0,0.0
2024-01-29 00:00:00-05:00,4.77947817358701,4.809585094451904,4.77195162282219,4.809585094451904,143500,0.0,0.0
2024-01-30 00:00:00-05:00,4.787005048348781,4.824638519704079,4.787005048348781,4.817111968994141,47900,0.0,0.0
2024-01-31 00:00:00-05:00,4.832165464551978,4.832165464551978,4.7945316340194575,4.809585094451904,58100,0.0,0.0
2024-02-01 00:00:00-05:00,4.809583739881118,4.847217559814453,4.809583739881118,4.847217559814453,76000,0.0,0.0
2024-02-02 00:00:00-05:00,4.89237807100275,4.89237807100275,4.83969079334082,4.869797706604004,184900,0.0,0.0
2024-02-05 00:00:00-05:00,4.907431714019695,4.907431714019695,4.824637519950038,4.8547444343566895,81000,0.0,0.0
2024-02-06 00:00:00-05:00,4.8547459623175815,4.884852886199951,4.8547459623175815,4.884852886199951,27200,0.0,0.0
2024-02-07 00:00:00-05:00,4.89990629368134,4.93753976590807,4.892379383894307,4.922486305236816,41600,0.0,0.0
2024-02-08 00:00:00-05:00,4.93001321502385,4.93001321502385,4.9074328445655615,4.922486305236816,39300,0.0,0.0
2024-02-09 00:00:00-05:00,4.922486117387339,4.937539577484131,4.914959566790342,4.937539577484131,34900,0.0,0.0
2024-02-12 00:00:00-05:00,4.930012180809591,4.990226010862997,4.930012180809591,4.967645645141602,83800,0.0,0.0
2024-02-13 00:00:00-05:00,4.95259338093135,4.95259338093135,4.907432997510122,4.914959907531738,85800,0.0,0.0
2024-02-14 00:00:00-05:00,4.922486746154975,4.967647132213856,4.922486746154975,4.930013656616211,47800,0.0,0.0
2024-02-15 00:00:00-05:00,4.945066078812472,4.990226455375258,4.937539169933957,4.975172996520996,71100,0.0,0.0
2024-02-16 00:00:00-05:00,5.007084811048644,5.007084811048644,4.953898651992359,4.961496829986572,43300,0.062,0.0
2024-02-20 00:00:00-05:00,4.976693451474722,4.976693451474722,4.931105102360695,4.946301460266113,45400,0.0,0.0
2024-02-21 00:00:00-05:00,4.923507796269019,4.9690957878093345,4.923507796269019,4.931105613708496,56200,0.0,0.0
2024-02-22 00:00:00-05:00,4.938702912239072,4.953898906707764,4.938702912239072,4.953898906707764,30500,0.0,0.0
2024-02-23 00:00:00-05:00,4.938703281313404,4.9614974558704175,4.938703281313404,4.946301460266113,48000,0.0,0.0
2024-02-26 00:00:00-05:00,4.93110358490142,5.288209915161133,4.93110358490142,5.288209915161133,826000,0.0,0.0
2024-02-27 00:00:00-05:00,5.219829398653551,5.219829398653551,5.060271263122559,5.060271263122559,156400,0.0,0.0
2024-02-28 00:00:00-05:00,5.029877891692405,5.166642177365061,5.029877891692405,5.105857849121094,62500,0.0,0.0
2024-02-29 00:00:00-05:00,5.181839542801613,5.181839542801613,5.136251556256868,5.1438493728637695,55100,0.0,0.0
2024-03-01 00:00:00-05:00,5.128653377348854,5.166643547286697,5.113457381833939,5.1438493728637695,42400,0.0,0.0
2024-03-04 00:00:00-05:00,5.143848165343923,5.181838326363565,5.13625035052061,5.151446342468262,43400,0.0,0.0
2024-03-05 00:00:00-05:00,5.151446185879323,5.166642177365061,5.105857849121094,5.105857849121094,45700,0.0,0.0
2024-03-06 00:00:00-05:00,5.121056518363635,5.143850698661631,5.1058605189320385,5.1362528800964355,36200,0.0,0.0
2024-03-07 00:00:00-05:00,5.121056518363635,5.166644878959628,5.121056518363635,5.1362528800964355,29400,0.0,0.0
2024-03-08 00:00:00-05:00,5.12865271964037,5.143848713206521,5.113456726074219,5.113456726074219,37700,0.0,0.0
2024-03-11 00:00:00-04:00,5.11345591700407,5.11345591700407,5.075465757949105,5.098259925842285,41300,0.0,0.0
2024-03-12 00:00:00-04:00,5.105858548140611,5.136250897573978,5.098260732508067,5.113456726074219,41200,0.0,0.0
2024-03-13 00:00:00-04:00,5.098260586370695,5.143848565762407,5.098260586370695,5.128652572631836,63300,0.0,0.0
2024-03-14 00:00:00-04:00,5.12105435752031,5.1666426988801755,5.067868563102222,5.083064556121826,66000,0.0,0.0
2024-03-15 00:00:00-04:00,5.090661857635356,5.121053840606832,5.090661857635356,5.105857849121094,30800,0.0,0.0
2024-03-18 00:00:00-04:00,5.105859055504274,5.181839393186178,5.090663060428113,5.159045219421387,60100,0.0,0.0
2024-03-19 00:00:00-04:00,5.175915409939764,5.175915409939764,4.9765466408645995,5.137575149536133,32100,0.062,0.0
2024-03-20 00:00:00-04:00,5.183582663102948,5.183582663102948,5.129906381453153,5.168246269226074,48800,0.0,0.0
2024-03-21 00:00:00-04:00,5.214255670343395,5.214255670343395,5.114571285805812,5.137575149536133,58000,0.0,0.0
2024-03-22 00:00:00-04:00,5.145243161673567,5.175915222630563,5.129907131195068,5.129907131195068,38100,0.0,0.0
2024-03-25 00:00:00-04:00,5.1299073168393,5.183583608276418,5.1299073168393,5.137575149536133,37200,0.0,0.0
2024-03-26 00:00:00-04:00,5.11457110071657,5.152910994092911,5.11457110071657,5.129907131195068,77200,0.0,0.0
2024-03-27 00:00:00-04:00,5.129906661964322,5.206586807342907,5.129906661964322,5.145242691040039,52100,0.0,0.0
2024-03-28 00:00:00-04:00,5.183582969334749,5.198918998477879,5.175914771943296,5.191250801086426,66200,0.0,0.0
2024-04-01 00:00:00-04:00,5.175915537893458,5.206587600718676,5.152911307954628,5.183583736419678,57200,0.0,0.0
2024-04-02 00:00:00-04:00,5.152910949540427,5.160579147533281,4.991882813728362,5.022554874420166,376500,0.0,0.0
2024-04-03 00:00:00-04:00,5.014886379241943,5.06089446755318,4.991882517906217,5.014886379241943,60000,0.0,0.0
2024-04-04 00:00:00-04:00,5.045558438116101,5.045558438116101,4.999550349804865,5.014886379241943,128000,0.0,0.0
2024-04-05 00:00:00-04:00,5.014886545218146,5.03789077295502,4.976546287536621,4.976546287536621,216300,0.0,0.0
2024-04-08 00:00:00-04:00,5.014886676427312,5.030222706773214,4.9765464177426555,5.022554874420166,69400,0.0,0.0
2024-04-09 00:00:00-04:00,5.014886867582413,5.053227127728506,5.007219034937085,5.045558929443359,42900,0.0,0.0
2024-04-10 00:00:00-04:00,5.045559206274816,5.045559206274816,4.9765468804813215,4.991883277893066,99800,0.0,0.0
2024-04-11 00:00:00-04:00,4.999550813574527,5.022555042683962,4.96887875185516,4.984214782714844,87200,0.0,0.0
2024-04-12 00:00:00-04:00,4.999550313129611,4.999550313129611,4.915201969024541,4.938206195831299,162200,0.0,0.0
2024-04-15 00:00:00-04:00,4.961209541974745,4.968877738660889,4.861525544533081,4.876861572265625,103900,0.0,0.0
2024-04-16 00:00:00-04:00,4.8921985385929325,4.899866371110448,4.830854415893555,4.830854415893555,164100,0.0,0.0
2024-04-17 00:00:00-04:00,4.830853954003597,4.892198070837711,4.830853954003597,4.861526012420654,133500,0.0,0.0
2024-04-18 00:00:00-04:00,4.855329800140862,4.901792242097873,4.832098394537025,4.839842319488525,483000,0.062,0.0
2024-04-19 00:00:00-04:00,4.863076811277203,4.878564301758145,4.801126480102539,4.801126480102539,210100,0.0,0.0
2024-04-22 00:00:00-04:00,4.80887040996846,4.839845390930342,4.793382919487518,4.801126480102539,321700,0.0,0.0
2024-04-23 00:00:00-04:00,4.816612142743584,4.88630600808538,4.801124658139937,4.8785624504089355,186100,0.0,0.0
2024-04-24 00:00:00-04:00,4.878561587004719,4.932767588898768,4.863074105142034,4.925024032592773,175400,0.0,0.0
2024-04-25 00:00:00-04:00,4.894050107717982,4.948256121118238,4.878562622567799,4.917281150817871,156800,0.0,0.0
2024-04-26 00:00:00-04:00,4.948256584436523,4.971487998962402,4.932769097836205,4.971487998962402,54300,0.0,0.0
2024-04-29 00:00:00-04:00,4.971487136420876,4.979230693752142,4.932768242012317,4.963743209838867,84300,0.0,0.0
2024-04-30 00:00:00-04:00,4.979230902735941,4.979230902735941,4.894049922263162,4.901793479919434,147600,0.0,0.0
2024-05-01 00:00:00-04:00,4.932768055612398,4.94825553894043,4.9250244985737455,4.94825553894043,29600,0.0,0.0
2024-05-02 00:00:00-04:00,4.94825553894043,4.963743022268462,4.932768055612398,4.94825553894043,94800,0.0,0.0
2024-05-03 00:00:00-04:00,4.971487136420876,5.002462104247425,4.940512168594326,4.963743209838867,233300,0.0,0.0
2024-05-06 00:00:00-04:00,4.979229829572077,5.017948717260702,4.979229829572077,5.010204792022705,69600,0.0,0.0
2024-05-07 00:00:00-04:00,5.033436487155272,5.064411451382325,5.025692561473159,5.048923969268799,163800,0.0,0.0
2024-05-08 00:00:00-04:00,5.0566682707940585,5.079899311065674,5.048924344536368,5.079899311065674,81100,0.0,0.0
2024-05-09 00:00:00-04:00,5.079899210111657,5.118618102129185,5.079899210111657,5.110874176025391,36800,0.0,0.0
2024-05-10 00:00:00-04:00,5.103130806262197,5.134105773311528,5.103130806262197,5.126361846923828,112800,0.0,0.0
2024-05-13 00:00:00-04:00,5.095386879874497,5.141849330448494,5.095386879874497,5.126361846923828,58200,0.0,0.0
2024-05-14 00:00:00-04:00,5.165080638117954,5.172824195101636,5.1263617454473644,5.157336711883545,33800,0.0,0.0
2024-05-15 00:00:00-04:00,5.172823905944824,5.1805678317463535,5.157336423592472,5.172823905944824,46500,0.0,0.0
2024-05-16 00:00:00-04:00,5.188311962471114,5.196055889129639,5.165080920997034,5.196055889129639,47800,0.0,0.0
2024-05-17 00:00:00-04:00,5.203799258867477,5.203799258867477,5.180568218231201,5.180568218231201,69500,0.0,0.0
2024-05-20 00:00:00-04:00,5.2133953932003045,5.22902774810791,5.2133953932003045,5.22902774810791,47400,0.062,0.0
2024-05-21 00:00:00-04:00,5.2133953932003045,5.236843739209343,5.2133953932003045,5.22902774810791,42900,0.0,0.0
2024-05-22 00:00:00-04:00,5.229028767821982,5.268109476359762,5.229028767821982,5.260293483734131,68500,0.0,0.0
2024-05-23 00:00:00-04:00,5.275925707624539,5.275925707624539,5.189947554698499,5.197763919830322,68800,0.0,0.0
2024-05-24 00:00:00-04:00,5.213396614040176,5.25247732410849,5.213396614040176,5.244661331176758,39600,0.0,0.0
2024-05-28 00:00:00-04:00,5.229029385865749,5.23684537941519,5.197764666258275,5.213397026062012,28700,0.0,0.0
2024-05-29 00:00:00-04:00,5.17431533593589,5.189947693914056,5.143050619979555,5.150866985321045,37700,0.0,0.0
2024-05-30 00:00:00-04:00,5.1664977340174625,5.299372921795785,5.1664977340174625,5.275924205780029,175100,0.0,0.0
2024-05-31 00:00:00-04:00,5.307189689211177,5.330638408660889,5.268108614363241,5.330638408660889,72400,0.0,0.0
2024-06-03 00:00:00-04:00,5.315006783368606,5.3228227757890005,5.291558060697816,5.307190418243408,67900,0.0,0.0
2024-06-04 00:00:00-04:00,5.283743440242834,5.346272886661463,5.283743440242834,5.315008163452148,62800,0.0,0.0
2024-06-05 00:00:00-04:00,5.307190958757114,5.34627204295373,5.307190958757114,5.338455677032471,38000,0.0,0.0
2024-06-06 00:00:00-04:00,5.34627103805542,5.354087029802725,5.322822317403961,5.34627103805542,36400,0.0,0.0
2024-06-07 00:00:00-04:00,5.322822317403961,5.354087029802725,5.322822317403961,5.34627103805542,37000,0.0,0.0
2024-06-10 00:00:00-04:00,5.3462699811225995,5.385350677542596,5.221210783546398,5.275924205780029,157200,0.0,0.0
2024-06-11 00:00:00-04:00,5.213396425022523,5.307190573031654,5.213396425022523,5.299374580383301,53000,0.0,0.0
2024-06-12 00:00:00-04:00,5.275926567629871,5.400985448485912,5.275926567629871,5.385353088378906,110600,0.0,0.0
2024-06-13 00:00:00-04:00,5.361904465675271,5.408801543644432,5.3306397470291635,5.369720458984375,55000,0.0,0.0
2024-06-14 00:00:00-04:00,5.338454470851904,5.377535546218467,5.338454470851904,5.361903190612793,12100,0.0,0.0
2024-06-17 00:00:00-04:00,5.361904734570831,5.408801814891846,5.361904734570831,5.385353088378906,72200,0.0,0.0
2024-06-18 00:00:00-04:00,5.363269329071045,5.3948179412111825,5.347495023000977,5.363269329071045,116100,0.062,0.0
2024-06-20 00:00:00-04:00,5.347493781475321,5.363268083883076,5.2528475909397585,5.292283535003662,103300,0.0,0.0
2024-06-21 00:00:00-04:00,5.276510772465348,5.30805938648784,5.252849123903906,5.260736465454102,30800,0.0,0.0
2024-06-24 00:00:00-04:00,5.252847643082117,5.300170550775133,5.252847643082117,5.2765092849731445,29000,0.0,0.0
2024-06-25 00:00:00-04:00,5.268623171774517,5.355382044113653,5.268623171774517,5.347495079040527,285300,0.0,0.0
2024-06-26 00:00:00-04:00,5.292283276963085,5.402703388433515,5.292283276963085,5.37115478515625,236600,0.0,0.0
2024-06-27 00:00:00-04:00,5.394817167477939,5.465801346568023,5.371155523721866,5.434252738952637,145000,0.0,0.0
2024-06-28 00:00:00-04:00,5.450027248331628,5.513124465942383,5.442140284174824,5.513124465942383,281900,0.0,0.0
2024-07-01 00:00:00-04:00,5.5210115979394825,5.5210115979394825,5.418478435144944,5.434252738952637,290000,0.0,0.0
2024-07-02 00:00:00-04:00,5.418477560007143,5.457913501201615,5.418477560007143,5.426364898681641,171600,0.0,0.0
2024-07-03 00:00:00-04:00,5.42636542828782,5.450026694442605,5.40270378604399,5.410591125488281,89600,0.0,0.0
2024-07-05 00:00:00-04:00,5.3948169285362795,5.426365534754347,5.371155285828203,5.379042625427246,245600,0.0,0.0
2024-07-08 00:00:00-04:00,5.244960359645769,5.252847322401929,5.181863153240427,5.229186058044434,338700,0.0,0.0
2024-07-09 00:00:00-04:00,5.2291866714821165,5.237073635163498,5.150315154222994,5.173976421356201,177100,0.0,0.0
2024-07-10 00:00:00-04:00,5.197637957897733,5.221299224545295,5.189750618289176,5.205524921417236,65800,0.0,0.0
2024-07-11 00:00:00-04:00,5.221299171447754,5.237073474415397,5.20552486848011,5.221299171447754,130200,0.0,0.0
2024-07-12 00:00:00-04:00,5.213412284851074,5.24496089125137,5.197637981650927,5.213412284851074,120100,0.0,0.0
2024-07-15 00:00:00-04:00,5.23707389831543,5.244961238482194,5.221299594070979,5.23707389831543,211100,0.0,0.0
2024-07-16 00:00:00-04:00,5.244960813943744,5.268622080350685,5.213412208008456,5.221299171447754,211300,0.0,0.0
2024-07-17 00:00:00-04:00,5.246777470981578,5.246777470981578,5.199007161308329,5.230854034423828,148000,0.062,0.0
2024-07-18 00:00:00-04:00,5.238816075455581,5.254739513571308,5.183084231872891,5.191045761108398,129200,0.0,0.0
2024-07-19 00:00:00-04:00,5.191045761108398,5.214931108104345,5.175122322992671,5.191045761108398,159800,0.0,0.0
2024-07-22 00:00:00-04:00,5.254738454972959,5.254738454972959,5.183083187709921,5.214930057525635,212100,0.0,0.0
2024-07-23 00:00:00-04:00,5.199006434771033,5.254738265112552,5.1830830004385104,5.238814830780029,293700,0.0,0.0
2024-07-24 00:00:00-04:00,5.230853613305171,5.246777048580977,5.143274529465913,5.151236057281494,200200,0.0,0.0
2024-07-25 00:00:00-04:00,5.1751218166493675,5.254738999438116,5.143274943533869,5.230854034423828,205200,0.0,0.0
2024-07-26 00:00:00-04:00,5.199007669988617,5.230854546220073,5.167160414112452,5.191045761108398,145600,0.0,0.0
2024-07-29 00:00:00-04:00,5.230854034423828,5.230854034423828,5.191045253207117,5.230854034423828,268200,0.0,0.0
2024-07-30 00:00:00-04:00,5.230853492433492,5.254738454972959,5.1990066226177785,5.214930057525635,202800,0.0,0.0
2024-07-31 00:00:00-04:00,5.238814830780029,5.254738265112552,5.230853303436079,5.238814830780029,174300,0.0,0.0
2024-08-01 00:00:00-04:00,5.222892637339854,5.238816075455581,5.191045761108398,5.191045761108398,153800,0.0,0.0
2024-08-02 00:00:00-04:00,5.1910452206681414,5.1910452206681414,5.167159876158901,5.175121784210205,173400,0.0,0.0
2024-08-05 00:00:00-04:00,5.127350898924793,5.15919776826358,5.079580594916614,5.103465557098389,315300,0.0,0.0
2024-08-06 00:00:00-04:00,5.12735074130881,5.151235702756355,5.103465400216646,5.111427307128906,382900,0.0,0.0
2024-08-07 00:00:00-04:00,5.135313034057617,5.175121815263669,5.127351505603211,5.135313034057617,267700,0.0,0.0
2024-08-08 00:00:00-04:00,5.1432749421566974,5.175121815263669,5.127351505603211,5.135313034057617,466300,0.0,0.0
2024-08-09 00:00:00-04:00,5.159197964741719,5.1671594925573014,5.143274529465913,5.151236057281494,367000,0.0,0.0
2024-08-12 00:00:00-04:00,5.167159501486444,5.246777057647705,5.159197973657105,5.246777057647705,350300,0.0,0.0
2024-08-13 00:00:00-04:00,5.24677746974468,5.310471215960663,5.24677746974468,5.302509307861328,125300,0.0,0.0
2024-08-14 00:00:00-04:00,5.310471342406027,5.3502797449165405,5.310471342406027,5.334356307983398,58600,0.0,0.0
2024-08-15 00:00:00-04:00,5.318432331085205,5.3582411091987305,5.310470803249286,5.318432331085205,178000,0.0,0.0
2024-08-16 00:00:00-04:00,5.318433541213605,5.326395450505779,5.294548572626545,5.310472011566162,171100,0.0,0.0
2024-08-19 00:00:00-04:00,5.310470646269943,5.3423175159615015,5.310470646269943,5.326394081115723,216600,0.0,0.0
2024-08-20 00:00:00-04:00,5.342317673882249,5.342317673882249,5.302508895768724,5.318432331085205,231600,0.0,0.0
2024-08-21 00:00:00-04:00,5.344148658099799,5.376293882069016,5.328076046115191,5.352184772491455,172200,0.062,0.0
2024-08-22 00:00:00-04:00,5.328076362609863,5.352185090418217,5.328076362609863,5.328076362609863,126800,0.0,0.0
2024-08-23 00:00:00-04:00,5.352185385594409,5.384330613245923,5.344149270282201,5.368257999420166,106800,0.0,0.0
2024-08-26 00:00:00-04:00,5.384330591835065,5.3923670903166565,5.344149249031125,5.360221862792969,253900,0.0,0.0
2024-08-27 00:00:00-04:00,5.360221247781992,5.376293859699727,5.328076023946523,5.344148635864258,126100,0.0,0.0
2024-08-28 00:00:00-04:00,5.3441485197848575,5.360221131353482,5.31200329664761,5.336112022399902,133500,0.0,0.0
2024-08-29 00:00:00-04:00,5.360221862792969,5.360221862792969,5.328076635269281,5.360221862792969,163000,0.0,0.0
2024-08-30 00:00:00-04:00,5.3923670903166565,5.3923670903166565,5.336112750549534,5.360221862792969,110400,0.0,0.0
2024-09-03 00:00:00-04:00,5.384330613245923,5.384330613245923,5.3361127717686525,5.368257999420166,84800,0.0,0.0
2024-09-04 00:00:00-04:00,5.384329100154771,5.408438205718994,5.368256490845701,5.408438205718994,82800,0.0,0.0
2024-09-05 00:00:00-04:00,5.400402683811595,5.424511793725615,5.392366569307789,5.416475296020508,149300,0.0,0.0
2024-09-06 00:00:00-04:00,5.3923670903166565,5.432548816321935,5.336112750549534,5.360221862792969,165400,0.0,0.0
2024-09-09 00:00:00-04:00,5.400403956210442,5.400403956210442,5.35218610822301,5.392367839813232,130300,0.0,0.0
2024-09-10 00:00:00-04:00,5.400402683811595,5.440584405934528,5.384330071602682,5.416475296020508,192900,0.0,0.0
2024-09-11 00:00:00-04:00,5.416475684661928,5.456657409667969,5.384330457937628,5.456657409667969,115400,0.0,0.0
2024-09-12 00:00:00-04:00,5.480765988122988,5.480765988122988,5.360221208033231,5.400402545928955,136000,0.0,0.0
2024-09-13 00:00:00-04:00,5.384329713199434,5.424511432647705,5.384329713199434,5.424511432647705,74400,0.0,0.0
2024-09-16 00:00:00-04:00,5.4405840437867585,5.48076576323503,5.408438821508652,5.424511432647705,82800,0.0,0.0
2024-09-17 00:00:00-04:00,5.424511793725615,5.45665701814344,5.400402683811595,5.416475296020508,133900,0.0,0.0
2024-09-18 00:00:00-04:00,5.43431916238538,5.43431916238538,5.4018754959106445,5.4018754959106445,69300,0.062,0.0
2024-09-19 00:00:00-04:00,5.409987248667064,5.43431980803455,5.401876137705196,5.418097972869873,117700,0.0,0.0
2024-09-20 00:00:00-04:00,5.450539957373276,5.458651065826416,5.418096297078591,5.458651065826416,111200,0.0,0.0
2024-09-23 00:00:00-04:00,5.434320338137053,5.458653286637207,5.401876664642911,5.442431449890137,141200,0.0,0.0
2024-09-24 00:00:00-04:00,5.434319019317627,5.458651961912578,5.418097186507326,5.434319019317627,142700,0.0,0.0
2024-09-25 00:00:00-04:00,5.4262074055317315,5.482984004426899,5.4262074055317315,5.458651065826416,291200,0.0,0.0
2024-09-26 00:00:00-04:00,5.458651065826416,5.474872895973759,5.442429235679073,5.458651065826416,160900,0.0,0.0
2024-09-27 00:00:00-04:00,5.482985496520996,5.482985496520996,5.466763275200135,5.482985496520996,177300,0.0,0.0
2024-09-30 00:00:00-04:00,5.491096041177055,5.539761543273926,5.361321368918737,5.539761543273926,654900,0.0,0.0
2024-10-01 00:00:00-04:00,5.539760311371585,5.54787141996354,5.482984098263676,5.531649589538574,179100,0.0,0.0
2024-10-02 00:00:00-04:00,5.539761376696364,5.539761376696364,5.507317709607348,5.5235395431518555,50900,0.0,0.0
2024-10-03 00:00:00-04:00,5.523540055838832,5.531651166743457,5.4829856615928705,5.499207496643066,65300,0.0,0.0
2024-10-04 00:00:00-04:00,5.482985825693735,5.531651332300837,5.482985825693735,5.515429496765137,68300,0.0,0.0
2024-10-07 00:00:00-04:00,5.523540332567007,5.531651443877998,5.499207772152186,5.507318496704102,48500,0.0,0.0
2024-10-08 00:00:00-04:00,5.466764024860153,5.507318810205516,5.466764024860153,5.4910969734191895,87200,0.0,0.0
2024-10-09 00:00:00-04:00,5.523540055838832,5.523540055838832,5.491096385738441,5.499207496643066,61600,0.0,0.0
2024-10-10 00:00:00-04:00,5.531651443877998,5.531651443877998,5.491096660841196,5.507318496704102,64600,0.0,0.0
2024-10-11 00:00:00-04:00,5.531650653303619,5.531650653303619,5.515428819759111,5.5235395431518555,49900,0.0,0.0
2024-10-14 00:00:00-04:00,5.5235395431518555,5.531650653303619,5.515428819759111,5.5235395431518555,70400,0.0,0.0
2024-10-15 00:00:00-04:00,5.5235402211534534,5.5397620566891534,5.5073183856177526,5.515429496765137,74300,0.0,0.0
2024-10-16 00:00:00-04:00,5.531650202665767,5.588426422066742,5.531650202665767,5.57220458984375,224100,0.0,0.0
2024-10-17 00:00:00-04:00,5.539761376696364,5.539761376696364,5.507317709607348,5.5235395431518555,133600,0.0,0.0
2024-10-18 00:00:00-04:00,5.523540055838832,5.555983725939223,5.499207496643066,5.499207496643066,67200,0.0,0.0
2024-10-21 00:00:00-04:00,5.5154293499642515,5.564094855276053,5.4910964039288235,5.547873020172119,157400,0.0,0.0
2024-10-22 00:00:00-04:00,5.5495103979859755,5.565880619029722,5.451288681426641,5.541325092315674,308200,0.062,0.0
2024-10-23 00:00:00-04:00,5.55769531335942,5.565880619029722,5.500399344557881,5.541325092315674,84400,0.0,0.0
2024-10-24 00:00:00-04:00,5.5249536008963975,5.533138904684617,5.484027862548828,5.484027862548828,84400,0.0,0.0
2024-10-25 00:00:00-04:00,5.484028744645094,5.5331397946803085,5.451288304819505,5.459473609924316,124500,0.0,0.0
2024-10-28 00:00:00-04:00,5.451287746429443,5.459473050695813,5.410362395987964,5.451287746429443,105000,0.0,0.0
2024-10-29 00:00:00-04:00,5.459473054857314,5.475843273105742,5.443102836608887,5.443102836608887,141900,0.0,0.0
2024-10-30 00:00:00-04:00,5.467659077307706,5.492214604806956,5.451288855740495,5.475844383239746,76100,0.0,0.0
2024-10-31 00:00:00-04:00,5.45128742798948,5.557694035455746,5.443102514498026,5.484027862548828,126700,0.0,0.0
2024-11-01 00:00:00-04:00,5.484029298874916,5.533140353873418,5.467659077307706,5.475844383239746,118100,0.0,0.0
2024-11-04 00:00:00-05:00,5.5249536008963975,5.5249536008963975,5.475842949057374,5.484027862548828,57400,0.0,0.0
2024-11-05 00:00:00-05:00,5.484028416929717,5.533139464030146,5.459473283676308,5.500398635864258,72300,0.0,0.0
2024-11-06 00:00:00-05:00,5.508583624168548,5.533139146308747,5.49221340617401,5.524953842163086,132800,0.0,0.0
2024-11-07 00:00:00-05:00,5.500398320022888,5.533139146308747,5.500398320022888,5.524953842163086,86300,0.0,0.0
2024-11-08 00:00:00-05:00,5.524954228853019,5.664101286693845,5.524954228853019,5.606805324554443,235100,0.0,0.0
2024-11-11 00:00:00-05:00,5.606805168969948,5.623175387655972,5.565879817403288,5.5740647315979,120900,0.0,0.0
2024-11-12 00:00:00-05:00,5.5576944393854,5.5576944393854,5.541324220915949,5.549509525299072,67800,0.0,0.0
2024-11-13 00:00:00-05:00,5.565880450475049,5.606805806696622,5.549510229927052,5.598620891571045,73300,0.0,0.0
2024-11-14 00:00:00-05:00,5.606805571541025,5.606805571541025,5.541324692095374,5.557694911956787,42500,0.0,0.0
2024-11-15 00:00:00-05:00,5.565880298614502,5.57406521351676,5.524954553212711,5.565880298614502,112900,0.0,0.0
2024-11-18 00:00:00-05:00,5.565879817403288,5.598620254775336,5.549509598717265,5.5740647315979,89500,0.0,0.0
2024-11-19 00:00:00-05:00,5.600497892272206,5.600497892272206,5.5591961291220064,5.567456245422363,67100,0.062,0.0
2024-11-20 00:00:00-05:00,5.575716403503873,5.575716403503873,5.542675152623362,5.5509352684021,69200,0.0,0.0
2024-11-21 00:00:00-05:00,5.534414984975707,5.575716748070088,5.534414984975707,5.542675495147705,208800,0.0,0.0
2024-11-22 00:00:00-05:00,5.5426758446649975,5.592237727173911,5.5426758446649975,5.559196472167969,327000,0.0,0.0
2024-11-25 00:00:00-05:00,5.559195778063617,5.608757654384385,5.542675152623362,5.5509352684021,291900,0.0,0.0
2024-11-26 00:00:00-05:00,5.575716972351074,5.600498109981075,5.542675718099619,5.575716972351074,382300,0.0,0.0
2024-11-27 00:00:00-05:00,5.583976621212085,5.600497245788574,5.567455602752836,5.600497245788574,93100,0.0,0.0
2024-11-29 00:00:00-05:00,5.608759273203369,5.666581675874552,5.600499155040569,5.625279903411865,135600,0.0,0.0
2024-12-02 00:00:00-05:00,5.608757713060902,5.666580099648101,5.6004975971957505,5.617018222808838,333900,0.0,0.0
2024-12-03 00:00:00-05:00,5.633539199829102,5.6748405694967134,5.625278689565894,5.633539199829102,446400,0.0,0.0
2024-12-04 00:00:00-05:00,5.625279903411865,5.641800533620361,5.608759273203369,5.625279903411865,148500,0.0,0.0
2024-12-05 00:00:00-05:00,5.625277985711929,5.633538494941553,5.583976621212085,5.600497245788574,160200,0.0,0.0
2024-12-06 00:00:00-05:00,5.625279903411865,5.625279903411865,5.600499155040569,5.625279903411865,206900,0.0,0.0
2024-12-09 00:00:00-05:00,5.600497892272206,5.617018518755725,5.542675502638487,5.567456245422363,188800,0.0,0.0
2024-12-10 00:00:00-05:00,5.550935679841309,5.666580460377552,5.509634310120774,5.65831995010376,251500,0.0,0.0
2024-12-11 00:00:00-05:00,5.641798610288419,5.641798610288419,5.59223673655895,5.600497245788574,59300,0.0,0.0
2024-12-12 00:00:00-05:00,5.58397761036384,5.608758354676882,5.559196472167969,5.559196472167969,83000,0.0,0.0
2024-12-13 00:00:00-05:00,5.567455791562647,5.567455791562647,5.476592550251878,5.501373291015625,259400,0.0,0.0
2024-12-16 00:00:00-05:00,5.5261546782119755,5.5344147942164605,5.468332290649414,5.468332290649414,142900,0.0,0.0
2024-12-17 00:00:00-05:00,5.503353298116976,5.503353298116976,5.386615610527216,5.411630630493164,231600,0.062,0.0
2024-12-18 00:00:00-05:00,5.411630500563463,5.444984522394875,5.3282464400013465,5.33658504486084,127200,0.0,0.0
2024-12-19 00:00:00-05:00,5.344924668035641,5.369940091634384,5.253202375922478,5.294894218444824,153300,0.0,0.0
2024-12-20 00:00:00-05:00,5.261539484748386,5.336585342239467,5.261539484748386,5.303231716156006,175700,0.0,0.0
2024-12-23 00:00:00-05:00,5.29489314640228,5.3699390043975095,5.29489314640228,5.361600399017334,179200,0.0,0.0
2024-12-24 00:00:00-05:00,5.344923432586263,5.378277057937303,5.344923432586263,5.369938850402832,87800,0.0,0.0
2024-12-26 00:00:00-05:00,5.386616492592953,5.436646938323975,5.361601070924123,5.436646938323975,156600,0.0,0.0
2024-12-27 00:00:00-05:00,5.411631252853767,5.419969858872441,5.361600809561585,5.386616230010986,92400,0.0,0.0
2024-12-30 00:00:00-05:00,5.378277799313764,5.478339086766552,5.344924169365045,5.4199700355529785,177900,0.0,0.0
2024-12-31 00:00:00-05:00,5.403293153984107,5.478339019247114,5.386616339215286,5.444985389709473,123200,0.0,0.0
2025-01-02 00:00:00-05:00,5.403293307836627,5.5116928057238255,5.3949547014114705,5.436646938323975,338600,0.0,0.0
2025-01-03 00:00:00-05:00,5.444985178816598,5.528369249431106,5.444985178816598,5.495015621185303,79700,0.0,0.0
2025-01-06 00:00:00-05:00,5.4950159225555275,5.553384576383564,5.461662292480469,5.461662292480469,50000,0.0,0.0
2025-01-07 00:00:00-05:00,5.461662292480469,5.478339107517998,5.419970056083328,5.461662292480469,70800,0.0,0.0
2025-01-08 00:00:00-05:00,5.44498554474913,5.453323753567648,5.411631516655144,5.436646938323975,107200,0.0,0.0
2025-01-10 00:00:00-05:00,5.453323686158387,5.4700005011959165,5.419970056083328,5.461662292480469,83600,0.0,0.0
2025-01-13 00:00:00-05:00,5.403293066387474,5.470000324381319,5.403293066387474,5.428308486938477,103400,0.0,0.0
2025-01-14 00:00:00-05:00,5.444985301436938,5.461662115935399,5.419969880885936,5.428308486938477,35100,0.0,0.0
2025-01-15 00:00:00-05:00,5.495015797411833,5.545046241385026,5.436646747306462,5.528369426727295,123200,0.0,0.0
2025-01-16 00:00:00-05:00,5.503355111009681,5.545047354829114,5.470001474996818,5.520031929016113,66500,0.0,0.0
2025-01-17 00:00:00-05:00,5.545045619618883,5.553383827209473,5.503353388846194,5.553383827209473,83100,0.0,0.0
2025-01-21 00:00:00-05:00,5.594608783721924,5.603021520537246,5.552543896163816,5.594608783721924,113400,0.059,0.0
2025-01-22 00:00:00-05:00,5.560956281569172,5.594608026597331,5.544130409055094,5.577782154083252,125500,0.0,0.0
2025-01-23 00:00:00-05:00,5.56936901724599,5.586194889760069,5.552543144731911,5.577782154083252,52200,0.0,0.0
2025-01-24 00:00:00-05:00,5.586195468902588,5.60302134316107,5.569369594644105,5.586195468902588,34700,0.0,0.0
2025-01-27 00:00:00-05:00,5.569368362426758,5.586194232962533,5.544129757203294,5.569368362426758,64300,0.0,0.0
2025-01-28 00:00:00-05:00,5.569368362426758,5.603020103498308,5.535716621355207,5.569368362426758,121700,0.0,0.0
2025-01-29 00:00:00-05:00,5.586194795798722,5.603020668029785,5.560956188032345,5.603020668029785,152600,0.0,0.0
2025-01-30 00:00:00-05:00,5.603020947760205,5.636672693902393,5.577782338733793,5.619846820831299,66500,0.0,0.0
2025-01-31 00:00:00-05:00,5.6450861917594315,5.670324802398682,5.611434443466776,5.670324802398682,110900,0.0,0.0
2025-02-03 00:00:00-05:00,5.619846624312938,5.670324241761087,5.611433888651802,5.636672496795654,86200,0.0,0.0
2025-02-04 00:00:00-05:00,5.653498266498494,5.653498266498494,5.611433786636653,5.628259658813477,80100,0.0,0.0
2025-02-05 00:00:00-05:00,5.611434084875981,5.661911704089262,5.611434084875981,5.619846820831299,76600,0.0,0.0
2025-02-06 00:00:00-05:00,5.63667239432167,5.6787372753439485,5.619846522144846,5.628259658813477,52200,0.0,0.0
2025-02-07 00:00:00-05:00,5.628260333881241,5.628260333881241,5.611434459686279,5.611434459686279,30000,0.0,0.0
2025-02-10 00:00:00-05:00,5.645085633617234,5.6534983692783705,5.619846624312938,5.636672496795654,56300,0.0,0.0
2025-02-11 00:00:00-05:00,5.636671810044559,5.678736686706543,5.628259075408399,5.678736686706543,110400,0.0,0.0
2025-02-12 00:00:00-05:00,5.653497680477273,5.687149822503098,5.645084945841114,5.678736686706543,44400,0.0,0.0
2025-02-13 00:00:00-05:00,5.7039763507361645,5.729214958715634,5.678737341596253,5.687150478363037,43700,0.0,0.0
2025-02-14 00:00:00-05:00,5.712388881728489,5.771279633505226,5.6871502746530505,5.762866497039795,130100,0.0,0.0
2025-02-18 00:00:00-05:00,5.736559826142722,5.795961811878644,5.728073596954346,5.728073596954346,75200,0.059,0.0
2025-02-19 00:00:00-05:00,5.736560373559866,5.829906475665584,5.711102088211031,5.787476539611816,136600,0.0,0.0
2025-02-20 00:00:00-05:00,5.78747648886094,5.78747648886094,5.762018203735352,5.762018203735352,68300,0.0,0.0
2025-02-21 00:00:00-05:00,5.7620172799111735,5.804447613435728,5.753531455993652,5.753531455993652,73000,0.0,0.0
2025-02-24 00:00:00-05:00,5.787476984511562,5.838393154477583,5.770504927856221,5.795962810516357,247800,0.0,0.0
2025-02-25 00:00:00-05:00,5.795962393618336,5.846878559922007,5.795962393618336,5.838392734527588,139700,0.0,0.0
2025-02-26 00:00:00-05:00,5.8129348588062655,5.829906915437181,5.778990745544434,5.778990745544434,52500,0.0,0.0
2025-02-27 00:00:00-05:00,5.804449041166902,5.838393154477583,5.7789907538610175,5.795962810516357,57800,0.0,0.0
2025-02-28 00:00:00-05:00,5.812934420314933,5.829906475665584,5.770504484261166,5.787476539611816,69100,0.0,0.0
2025-03-03 00:00:00-05:00,5.795962810516357,5.829906923827038,5.787476984511562,5.795962810516357,39500,0.0,0.0
2025-03-04 00:00:00-05:00,5.795961397418897,5.821419678517868,5.770503520965576,5.770503520965576,76800,0.0,0.0
2025-03-05 00:00:00-05:00,5.770503465945344,5.795961342155931,5.728073132733504,5.745045185089111,64300,0.0,0.0
2025-03-06 00:00:00-05:00,5.753532779970919,5.770504836357145,5.685644149780273,5.685644149780273,103800,0.0,0.0
2025-03-07 00:00:00-05:00,5.711101490187451,5.719587314651346,5.668671153930951,5.702615261077881,98500,0.0,0.0
2025-03-10 00:00:00-04:00,5.6686716390939775,5.71110197898195,5.660185813903809,5.660185813903809,78400,0.0,0.0
2025-03-11 00:00:00-04:00,5.685642723254608,5.685642723254608,5.600782462614887,5.643212795257568,93900,0.0,0.0
2025-03-12 00:00:00-04:00,5.634726566870776,5.677156899513456,5.626240743129624,5.643212795257568,24200,0.0,0.0
2025-03-13 00:00:00-04:00,5.668670671126663,5.677156899513456,5.617754514742831,5.643212795257568,32600,0.0,0.0
2025-03-14 00:00:00-04:00,5.626241672961883,5.685643662904057,5.626241672961883,5.668671607971191,31900,0.0,0.0
2025-03-17 00:00:00-04:00,5.685644149780273,5.702616206166499,5.677158323910032,5.685644149780273,71500,0.0,0.0
2025-03-18 00:00:00-04:00,5.701910389202458,5.719033227286763,5.599173360696622,5.633419036865234,42000,0.059,0.0
2025-03-19 00:00:00-04:00,5.659103210156451,5.701910099068717,5.659103210156451,5.6933488845825195,39200,0.0,0.0
2025-03-20 00:00:00-04:00,5.701910865890619,5.73615654492222,5.676226810737266,5.727595329284668,33700,0.0,0.0
2025-03-21 00:00:00-04:00,5.684787273406982,5.736155785150465,5.667664436159155,5.684787273406982,54000,0.0,0.0
2025-03-24 00:00:00-04:00,5.710471814047909,5.710471814047909,5.6762261390686035,5.6762261390686035,30800,0.0,0.0
2025-03-25 00:00:00-04:00,5.70191011065481,5.710471733399045,5.650541598911328,5.684787273406982,51700,0.0,0.0
2025-03-26 00:00:00-04:00,5.659103870391846,5.710472388024002,5.659103870391846,5.659103870391846,28600,0.0,0.0
2025-03-27 00:00:00-04:00,5.650541598911328,5.719032947902637,5.650541598911328,5.684787273406982,35600,0.0,0.0
2025-03-28 00:00:00-04:00,5.70191068266135,5.7104723062644736,5.6591037893677845,5.667665004730225,36200,0.0,0.0
2025-03-31 00:00:00-04:00,5.650541587429614,5.6933488845825195,5.616295913003546,5.6933488845825195,74100,0.0,0.0
2025-04-01 00:00:00-04:00,5.667665004730225,5.684787843695788,5.641980950402222,5.667665004730225,68900,0.0,0.0
2025-04-02 00:00:00-04:00,5.65054090782297,5.667663742976592,5.633418072669348,5.641979694366455,35600,0.0,0.0
2025-04-03 00:00:00-04:00,5.599173160959818,5.624857621290378,5.573489108869906,5.582050323486328,53500,0.0,0.0
2025-04-04 00:00:00-04:00,5.573488983573992,5.582050197997952,5.299523181916439,5.325207233428955,110800,0.0,0.0
2025-04-07 00:00:00-04:00,5.188224001225713,5.265276964291633,4.9056970143048,5.059802532196045,254200,0.0,0.0
2025-04-08 00:00:00-04:00,5.145417610254521,5.256715846390785,5.102610313727825,5.1539788246154785,124600,0.0,0.0
2025-04-09 00:00:00-04:00,5.153979122045399,5.436506152352103,5.094048985097658,5.3765764236450195,150900,0.0,0.0
2025-04-10 00:00:00-04:00,5.282400794124808,5.308084847821893,5.205347816552206,5.248155117034912,48100,0.0,0.0
2025-04-11 00:00:00-04:00,5.26527795557986,5.308084847821893,5.205347816552206,5.248155117034912,55200,0.0,0.0
2025-04-14 00:00:00-04:00,5.265277375878285,5.299523049197767,5.102610223490429,5.1711015701293945,107600,0.0,0.0
2025-04-15 00:00:00-04:00,5.171101771528426,5.239593120834926,5.171101771528426,5.222470283508301,42300,0.0,0.0
2025-04-16 00:00:00-04:00,5.2310318881924704,5.2395931027058396,5.1026104045668035,5.1368560791015625,70800,0.0,0.0
2025-04-17 00:00:00-04:00,5.128295395308228,5.188225540837235,5.128295395308228,5.145418643951416,61300,0.0,0.0
2025-04-21 00:00:00-04:00,5.153979501397094,5.162541125122934,5.085488144553122,5.111172199249268,54500,0.0,0.0
2025-04-22 00:00:00-04:00,5.1535421574222715,5.222717153524772,5.101660910345396,5.144895076751709,61000,0.059,0.0
2025-04-23 00:00:00-04:00,5.205423173306372,5.257304418079002,5.179482344762316,5.188129425048828,141300,0.0,0.0
2025-04-24 00:00:00-04:00,5.214070387349825,5.283245382154551,5.196776638648644,5.265951633453369,45800,0.0,0.0
2025-04-25 00:00:00-04:00,5.265951878941619,5.369714375985909,5.265951878941619,5.361067295074463,48400,0.0,0.0
2025-04-28 00:00:00-04:00,5.378360520871828,5.430242176657584,5.3264792774015435,5.421595096588135,86900,0.0,0.0
2025-04-29 00:00:00-04:00,5.404301348764706,5.456182592234991,5.395654268695257,5.421595096588135,53100,0.0,0.0
2025-04-30 00:00:00-04:00,5.438888844411562,5.447535924481013,5.3610667730484,5.421595096588135,62900,0.0,0.0
2025-05-01 00:00:00-04:00,5.473475818855761,5.499416644278466,5.412947913395167,5.482122898101807,56000,0.0,0.0
2025-05-02 00:00:00-04:00,5.4821235567383,5.516711053247051,5.447536060229549,5.499417304992676,39800,0.0,0.0
2025-05-05 00:00:00-04:00,5.5080632408888635,5.5080632408888635,5.447535336201017,5.45618200302124,111000,0.0,0.0
2025-05-06 00:00:00-04:00,5.456182592234991,5.456182592234991,5.404301348764706,5.421595096588135,38100,0.0,0.0
2025-05-07 00:00:00-04:00,5.47347507512306,5.47347507512306,5.4043000998158774,5.412947177886963,33000,0.0,0.0
2025-05-08 00:00:00-04:00,5.438888251589351,5.456181997527813,5.395653680585481,5.430241584777832,36600,0.0,0.0
2025-05-09 00:00:00-04:00,5.45618200302124,5.45618200302124,5.404300765153617,5.45618200302124,48500,0.0,0.0
2025-05-12 00:00:00-04:00,5.499417304992676,5.516711053247051,5.464829808483924,5.499417304992676,83200,0.0,0.0
2025-05-13 00:00:00-04:00,5.5080632408888635,5.5080632408888635,5.438888257065366,5.45618200302124,115900,0.0,0.0
2025-05-14 00:00:00-04:00,5.473475818855761,5.482122898101807,5.378360008726415,5.482122898101807,146300,0.0,0.0
2025-05-15 00:00:00-04:00,5.490769863128662,5.490769863128662,5.430241954381983,5.490769863128662,25600,0.0,0.0
2025-05-16 00:00:00-04:00,5.490770224707747,5.516711053247051,5.464829808483924,5.499417304992676,84200,0.0,0.0
2025-05-19 00:00:00-04:00,5.482122976913167,5.5599446296691895,5.47347589754281,5.5599446296691895,140500,0.0,0.0
2025-05-20 00:00:00-04:00,5.585253450719885,5.585253450719885,5.51543785020763,5.532891750335693,49700,0.059,0.0
2025-05-21 00:00:00-04:00,5.532890856489139,5.550344753797501,5.471802007843006,5.489255905151367,22700,0.0,0.0
2025-05-22 00:00:00-04:00,5.471802256288534,5.515437209607538,5.463075515304986,5.506710052490234,25100,0.0,0.0
2025-05-23 00:00:00-04:00,5.497983311506687,5.524163950591085,5.445621201070381,5.506710052490234,25200,0.0,0.0
2025-05-27 00:00:00-04:00,5.515437209607538,5.524163950591085,5.480529413405836,5.506710052490234,25600,0.0,0.0
2025-05-28 00:00:00-04:00,5.5067107242954485,5.524164624525632,5.375806264502169,5.419441223144531,145500,0.0,0.0
2025-05-29 00:00:00-04:00,5.43689460263642,5.515437354216432,5.43689460263642,5.497983455657959,41400,0.0,0.0
2025-05-30 00:00:00-04:00,5.515437126159668,5.524163867011181,5.463075432649342,5.515437126159668,68600,0.0,0.0
2025-06-02 00:00:00-04:00,5.5241644474971165,5.541618347167969,5.47180274848456,5.541618347167969,88900,0.0,0.0
2025-06-03 00:00:00-04:00,5.524164095428785,5.541617993987258,5.497983455657959,5.497983455657959,66000,0.0,0.0
2025-06-04 00:00:00-04:00,5.497983559563492,5.5503452562284865,5.497983559563492,5.524164199829102,29400,0.0,0.0
2025-06-05 00:00:00-04:00,5.532891252774904,5.541617993987258,5.497983455657959,5.497983455657959,57400,0.0,0.0
2025-06-06 00:00:00-04:00,5.541618347167969,5.541618347167969,5.506710547826264,5.541618347167969,18800,0.0,0.0
2025-06-09 00:00:00-04:00,5.541617764847956,5.550344921833218,5.497983228322893,5.515437126159668,109500,0.0,0.0
2025-06-10 00:00:00-04:00,5.541618347167969,5.5503455050702915,5.5241644474971165,5.541618347167969,44700,0.0,0.0
2025-06-11 00:00:00-04:00,5.5503455050702915,5.559072246838821,5.532891605399439,5.541618347167969,30000,0.0,0.0
2025-06-12 00:00:00-04:00,5.550345420837402,5.567799320243371,5.541618263067525,5.550345420837402,55600,0.0,0.0
2025-06-13 00:00:00-04:00,5.541618118718351,5.559072017669678,5.532891377309576,5.559072017669678,23700,0.0,0.0
2025-06-16 00:00:00-04:00,5.585253468359457,5.585253468359457,5.541618509834586,5.5677995681762695,42000,0.0,0.0
2025-06-17 00:00:00-04:00,5.566918312691096,5.593343321918472,5.558109696270005,5.575726509094238,31100,0.059,0.0
2025-06-18 00:00:00-04:00,5.5669177743947005,5.5933427810668945,5.5581091588253635,5.5933427810668945,61100,0.0,0.0
2025-06-20 00:00:00-04:00,5.56691871934249,5.61096054461126,5.56691871934249,5.602152347564697,49000,0.0,0.0
2025-06-23 00:00:00-04:00,5.602152347564697,5.619769161675801,5.575726916389052,5.602152347564697,58800,0.0,0.0
2025-06-24 00:00:00-04:00,5.6021513966362315,5.61095959218766,5.575725969946129,5.5933427810668945,37700,0.0,0.0
2025-06-25 00:00:00-04:00,5.6021519347306095,5.610960131128078,5.558109692689424,5.584535121917725,75300,0.0,0.0
2025-06-26 00:00:00-04:00,5.575726505502308,5.6021519347306095,5.575726505502308,5.584535121917725,30300,0.0,0.0
2025-06-27 00:00:00-04:00,5.584536287143635,5.646194934844971,5.584536287143635,5.646194934844971,67800,0.0,0.0
2025-06-30 00:00:00-04:00,5.663810025549957,5.663810025549957,5.5933427810668945,5.5933427810668945,210300,0.0,0.0
2025-07-01 00:00:00-04:00,5.610961301867626,5.646194934844971,5.602153103632308,5.646194934844971,43700,0.0,0.0
2025-07-02 00:00:00-04:00,5.655003547668457,5.681428562367075,5.619769914724944,5.655003547668457,34100,0.0,0.0
2025-07-03 00:00:00-04:00,5.672619342803955,5.681427539444929,5.6550025295040465,5.672619342803955,13300,0.0,0.0
2025-07-07 00:00:00-04:00,5.637385368347168,5.655002180560024,5.628576752231773,5.637385368347168,53400,0.0,0.0
2025-07-08 00:00:00-04:00,5.637385368347168,5.655002180560024,5.619768556134312,5.637385368347168,34600,0.0,0.0
2025-07-09 00:00:00-04:00,5.646193564444629,5.681427188870342,5.619768556134312,5.637385368347168,69800,0.0,0.0
2025-07-10 00:00:00-04:00,5.646194934844971,5.655003553098325,5.637386736609653,5.646194934844971,38300,0.0,0.0
2025-07-11 00:00:00-04:00,5.655003553098325,5.655003553098325,5.628578118356298,5.646194934844971,67500,0.0,0.0
2025-07-14 00:00:00-04:00,5.646193564444629,5.663810376657485,5.628576752231773,5.637385368347168,69900,0.0,0.0
2025-07-15 00:00:00-04:00,5.6373867311967,5.655003547668457,5.6285781129518035,5.655003547668457,36200,0.0,0.0
2025-07-16 00:00:00-04:00,5.6373867311967,5.663811745895318,5.6373867311967,5.655003547668457,46900,0.0,0.0
2025-07-17 00:00:00-04:00,5.655003553098325,5.663811751333643,5.637386736609653,5.646194934844971,64700,0.0,0.0
2025-07-18 00:00:00-04:00,5.663811745895318,5.663811745895318,5.6373867311967,5.655003547668457,68200,0.0,0.0
2025-07-21 00:00:00-04:00,5.672619342803955,5.681427539444929,5.6550025295040465,5.672619342803955,68200,0.0,0.0
2025-07-22 00:00:00-04:00,5.680620157499419,5.689510220559312,5.662840455281171,5.6717305183410645,43000,0.059,0.0
2025-07-23 00:00:00-04:00,5.680620157499419,5.689510220559312,5.662840455281171,5.6717305183410645,65000,0.0,0.0
2025-07-24 00:00:00-04:00,5.653950565535463,5.671730266965701,5.627280801439346,5.636170864105225,62400,0.0,0.0
2025-07-25 00:00:00-04:00,5.636170774652468,5.653950475800522,5.618391073504416,5.6272807121276855,108600,0.0,0.0
2025-07-28 00:00:00-04:00,5.618391990661621,5.6361716947120675,5.600612286611175,5.618391990661621,145900,0.0,0.0
2025-07-29 00:00:00-04:00,5.627281630736054,5.6361716947120675,5.609501926685607,5.618391990661621,35900,0.0,0.0
2025-07-30 00:00:00-04:00,5.582832020407467,5.618391424927769,5.582832020407467,5.609501361846924,165900,0.0,0.0
2025-07-31 00:00:00-04:00,5.61839072429475,5.645060062408447,5.609500662322527,5.645060062408447,107200,0.0,0.0
2025-08-01 00:00:00-04:00,5.636171127187921,5.636171127187921,5.609501361846924,5.609501361846924,44000,0.0,0.0
2025-08-04 00:00:00-04:00,5.645060413275739,5.645060413275739,5.618391073504416,5.6272807121276855,69700,0.0,0.0
2025-08-05 00:00:00-04:00,5.609501361846924,5.6450607663672265,5.609501361846924,5.609501361846924,66400,0.0,0.0
2025-08-06 00:00:00-04:00,5.61839072429475,5.645060062408447,5.61839072429475,5.645060062408447,53900,0.0,0.0
2025-08-07 00:00:00-04:00,5.6272807121276855,5.653950475800522,5.6272807121276855,5.6272807121276855,49300,0.0,0.0
2025-08-08 00:00:00-04:00,5.6361711139045685,5.6717305183410645,5.6361711139045685,5.6717305183410645,56400,0.0,0.0
2025-08-11 00:00:00-04:00,5.689509868621826,5.689509868621826,5.671730167503382,5.689509868621826,56900,0.0,0.0
2025-08-12 00:00:00-04:00,5.7072905614913205,5.7072905614913205,5.680620793228515,5.698400497436523,42300,0.0,0.0
2025-08-13 00:00:00-04:00,5.716179370880127,5.716179370880127,5.698399669256142,5.716179370880127,29700,0.0,0.0
2025-08-14 00:00:00-04:00,5.7072905614913205,5.7072905614913205,5.680620793228515,5.698400497436523,22100,0.0,0.0
2025-08-15 00:00:00-04:00,5.725069433642881,5.725069433642881,5.7072897320188964,5.716179370880127,43100,0.0,0.0
2025-08-18 00:00:00-04:00,5.716179370880127,5.725069433642881,5.7072897320188964,5.716179370880127,41500,0.0,0.0
2025-08-19 00:00:00-04:00,5.724255104988862,5.733227069042719,5.697338357172906,5.706310749053955,59100,0.059,0.0
2025-08-20 00:00:00-04:00,5.715281945760234,5.733226299285889,5.688365629385319,5.733226299285889,82300,0.0,0.0
2025-08-21 00:00:00-04:00,5.724255084991455,5.733227049013969,5.71528269314175,5.724255084991455,44500,0.0,0.0
2025-08-22 00:00:00-04:00,5.715282653582822,5.7870600765748845,5.715282653582822,5.760143756866455,104200,0.0,0.0
2025-08-25 00:00:00-04:00,5.778088112614471,5.778088112614471,5.742199401118439,5.760143756866455,54600,0.0,0.0
2025-08-26 00:00:00-04:00,5.778088337480844,5.778088337480844,5.742199624588128,5.751171588897705,53100,0.0,0.0
2025-08-27 00:00:00-04:00,5.751171365078853,5.778088112614471,5.751171365078853,5.760143756866455,27900,0.0,0.0
2025-08-28 00:00:00-04:00,5.778088256077424,5.822948932647705,5.760143899883872,5.822948932647705,204000,0.0,0.0
2025-08-29 00:00:00-04:00,5.8408937166684565,5.8408937166684565,5.787060220260601,5.822948932647705,85600,0.0,0.0
2025-09-02 00:00:00-04:00,5.805004392640537,5.813976784366805,5.787060037015188,5.796032428741455,81700,0.0,0.0
2025-09-03 00:00:00-04:00,5.79603240911437,5.822948728547655,5.787060017418486,5.813976764678955,47200,0.0,0.0
2025-09-04 00:00:00-04:00,5.822948474655221,5.822948474655221,5.787059765090873,5.805004119873047,64100,0.0,0.0
2025-09-05 00:00:00-04:00,5.8050044323229,5.822948788070915,5.751171365078853,5.760143756866455,140600,0.0,0.0
2025-09-08 00:00:00-04:00,5.742199624588128,5.769115945344063,5.742199624588128,5.751171588897705,110000,0.0,0.0
2025-09-09 00:00:00-04:00,5.724255084991455,5.760143796735894,5.724255084991455,5.724255084991455,132500,0.0,0.0
2025-09-10 00:00:00-04:00,5.742199624588128,5.769115945344063,5.72425526814177,5.751171588897705,107800,0.0,0.0
2025-09-11 00:00:00-04:00,5.760143756866455,5.769115720826869,5.751171365078853,5.760143756866455,72100,0.0,0.0
2025-09-12 00:00:00-04:00,5.760143465588219,5.787059783935547,5.7421991107476105,5.787059783935547,74600,0.0,0.0
2025-09-15 00:00:00-04:00,5.796032156395542,5.805004119873047,5.778087801613368,5.805004119873047,74800,0.0,0.0
2025-09-16 00:00:00-04:00,5.831262892276041,5.849372386932373,5.7950439029633785,5.849372386932373,52300,0.059,0.0
2025-09-17 00:00:00-04:00,5.858427876615015,5.858427876615015,5.804099383759754,5.822208881378174,35300,0.0,0.0
2025-09-18 00:00:00-04:00,5.795044850832784,5.840318378996595,5.795044850832784,5.822208881378174,44200,0.0,0.0
2025-09-19 00:00:00-04:00,5.840317423722002,5.849372386932373,5.82220792906567,5.849372386932373,37900,0.0,0.0
2025-09-22 00:00:00-04:00,5.840317423722002,5.858426918378333,5.840317423722002,5.849372386932373,45900,0.0,0.0
2025-09-23 00:00:00-04:00,5.822208450685614,5.849372910986019,5.795044422149658,5.795044422149658,97800,0.0,0.0
2025-09-24 00:00:00-04:00,5.78598945812804,5.822208450685614,5.78598945812804,5.795044422149658,48400,0.0,0.0
2025-09-25 00:00:00-04:00,5.813153264924852,5.813153264924852,5.76787931343527,5.785988807678223,62900,0.0,0.0
2025-09-26 00:00:00-04:00,5.785989155150751,5.785989155150751,5.749770164489746,5.749770164489746,62600,0.0,0.0
2025-09-29 00:00:00-04:00,5.749770164489746,5.795044118698215,5.731660669159244,5.749770164489746,77800,0.0,0.0
2025-09-30 00:00:00-04:00,5.75882512803721,5.767879659820248,5.713551173828742,5.749770164489746,159400,0.0,0.0
2025-10-01 00:00:00-04:00,5.722605878177245,5.776934361708004,5.704496383666992,5.704496383666992,128500,0.0,0.0
2025-10-02 00:00:00-04:00,5.731661796569824,5.740716761898389,5.713552297677206,5.731661796569824,53200,0.0,0.0
2025-10-03 00:00:00-04:00,5.713551088781954,5.740715547255575,5.686387062072754,5.686387062072754,98300,0.0,0.0
2025-10-06 00:00:00-04:00,5.704496861896887,5.731660890057328,5.623003913886678,5.650167942047119,207200,0.0,0.0
2025-10-07 00:00:00-04:00,5.677331794805013,5.713550782988426,5.659222300713306,5.668277263641357,165700,0.0,0.0
2025-10-08 00:00:00-04:00,5.686386889156739,5.704496383666992,5.668277394646486,5.704496383666992,168800,0.0,0.0
2025-10-09 00:00:00-04:00,5.704497637282723,5.722607135772705,5.686388138792742,5.722607135772705,94900,0.0,0.0
2025-10-10 00:00:00-04:00,5.704496861896887,5.740715853953771,5.650167942047119,5.650167942047119,149000,0.0,0.0
2025-10-13 00:00:00-04:00,5.659222603599133,5.704496557133694,5.613948650064572,5.686387062072754,97100,0.0,0.0
2025-10-14 00:00:00-04:00,5.677332702719269,5.713551696694793,5.659223205731507,5.695442199707031,106600,0.0,0.0
2025-10-15 00:00:00-04:00,5.722607263005771,5.749771295462442,5.6954427987845895,5.731661796569824,90200,0.0,0.0
2025-10-16 00:00:00-04:00,5.704496251824771,5.740715240008184,5.668277263641357,5.668277263641357,124200,0.0,0.0
2025-10-17 00:00:00-04:00,5.677332401275635,5.695441897301855,5.668277869144746,5.677332401275635,83600,0.0,0.0
2025-10-20 00:00:00-04:00,5.686386757733064,5.704496251824771,5.668277263641357,5.668277263641357,119300,0.0,0.0
2025-10-21 00:00:00-04:00,5.639940820804147,5.703926903689267,5.639940820804147,5.68564510345459,114500,0.059,0.0
2025-10-22 00:00:00-04:00,5.685645430035851,5.703927231320628,5.685645430035851,5.694786548614502,94000,0.0,0.0
2025-10-23 00:00:00-04:00,5.7130676691249,5.731349468231201,5.685644752529213,5.731349468231201,75400,0.0,0.0
2025-10-24 00:00:00-04:00,5.749631458379985,5.749631458379985,5.7130678589524875,5.7222089767456055,105700,0.0,0.0
2025-10-27 00:00:00-04:00,5.740490585720587,5.749631267337501,5.722208786614287,5.731349468231201,49400,0.0,0.0
2025-10-28 00:00:00-04:00,5.731349795379947,5.75877271354095,5.722209113241277,5.740490913391113,46900,0.0,0.0
2025-10-29 00:00:00-04:00,5.758772726839234,5.758772726839234,5.7039268903905755,5.713068008422852,63200,0.0,0.0
2025-10-30 00:00:00-04:00,5.722208786614287,5.749631267337501,5.703926551635513,5.731349468231201,61900,0.0,0.0
2025-10-31 00:00:00-04:00,5.749631881713867,5.758773000180027,5.7313500806540665,5.749631881713867,70700,0.0,0.0
2025-11-03 00:00:00-05:00,5.749631608806958,5.749631608806958,5.7039268903905755,5.713068008422852,84100,0.0,0.0
2025-11-04 00:00:00-05:00,5.713068349899278,5.731350151184055,5.676504747329725,5.694786548614502,100800,0.0,0.0
2025-11-05 00:00:00-05:00,5.694786548614502,5.713068349899278,5.685645430035851,5.694786548614502,93700,0.0,0.0
2025-11-06 00:00:00-05:00,5.722209126455128,5.731349808614905,5.7039268903905755,5.713068008422852,53400,0.0,0.0
2025-11-07 00:00:00-05:00,5.722208786614287,5.731349468231201,5.685644752529213,5.731349468231201,44400,0.0,0.0
2025-11-10 00:00:00-05:00,5.722209113241277,5.749631595529784,5.722209113241277,5.740490913391113,76400,0.0,0.0
2025-11-11 00:00:00-05:00,5.722208775060686,5.758772373199463,5.722208775060686,5.758772373199463,38100,0.0,0.0
2025-11-12 00:00:00-05:00,5.758772373199463,5.767913054797922,5.749631255728533,5.758772373199463,36300,0.0,0.0
2025-11-13 00:00:00-05:00,5.740490585720587,5.749631267337501,5.722208786614287,5.731349468231201,41500,0.0,0.0
2025-11-14 00:00:00-05:00,5.740490913391113,5.749631595529784,5.722209113241277,5.740490913391113,43000,0.0,0.0
2025-11-17 00:00:00-05:00,5.731349808614905,5.749631608806958,5.7039268903905755,5.713068008422852,73300,0.0,0.0
2025-11-18 00:00:00-05:00,5.712145850128984,5.721373643604962,5.675233796172285,5.693689823150635,76300,0.059,0.0
2025-11-19 00:00:00-05:00,5.666005091347673,5.730601400411698,5.666005091347673,5.6844611167907715,78100,0.0,0.0
2025-11-20 00:00:00-05:00,5.684460365096156,5.712144619613106,5.6014084815979,5.6014084815979,84400,0.0,0.0
2025-11-21 00:00:00-05:00,5.629093553119327,5.675233840942383,5.4629893090038415,5.675233840942383,254000,0.0,0.0
2025-11-24 00:00:00-05:00,5.619865330467495,5.675233407611712,5.619865330467495,5.656777381896973,76200,0.0,0.0
2025-11-25 00:00:00-05:00,5.666005091347673,5.693689349525499,5.666005091347673,5.6844611167907715,39300,0.0,0.0
2025-11-26 00:00:00-05:00,5.6752337113017575,5.758285611449129,5.6752337113017575,5.721373558044434,79100,0.0,0.0
2025-11-28 00:00:00-05:00,5.74905725026707,5.767513275146484,5.73982901781419,5.767513275146484,61700,0.0,0.0
2025-12-01 00:00:00-05:00,5.75828508543326,5.75828508543326,5.730601267921831,5.749057292938232,112300,0.0,0.0
2025-12-02 00:00:00-05:00,5.749057773545517,5.758285566811965,5.7398295402526855,5.7398295402526855,49300,0.0,0.0
2025-12-03 00:00:00-05:00,5.7582855224609375,5.7582855224609375,5.739829496043808,5.7582855224609375,69300,0.0,0.0
2025-12-04 00:00:00-05:00,5.767513275146484,5.767513275146484,5.74905725026707,5.767513275146484,37700,0.0,0.0
2025-12-05 00:00:00-05:00,5.749057721902918,5.795198007899841,5.749057721902918,5.776741981506348,33700,0.0,0.0
2025-12-08 00:00:00-05:00,5.776741507599363,5.7859693000259,5.767513275146484,5.767513275146484,58200,0.0,0.0
2025-12-09 00:00:00-05:00,5.758285515086476,5.795198007899841,5.758285515086476,5.776741981506348,30600,0.0,0.0
2025-12-10 00:00:00-05:00,5.795197532478778,5.795197532478778,5.758285042693606,5.767513275146484,113400,0.0,0.0
2025-12-11 00:00:00-05:00,5.776742033397628,5.776742033397628,5.721373513693406,5.7398295402526855,90400,0.0,0.0
2025-12-12 00:00:00-05:00,5.72137329603271,5.73982932188986,5.638321399688721,5.638321399688721,123900,0.0,0.0
2025-12-15 00:00:00-05:00,5.666005218461263,5.693689477260169,5.610637140889814,5.638321399688721,249700,0.0,0.0
2025-12-16 00:00:00-05:00,5.656025021169952,5.674660999645108,5.618753064219637,5.628070831298828,98800,0.059,0.0
2025-12-17 00:00:00-05:00,5.6001176834106445,5.628071431948325,5.572163490556142,5.6001176834106445,150700,0.0,0.0
2025-12-18 00:00:00-05:00,5.6280710425348275,5.6280710425348275,5.562844893265284,5.572163105010986,238000,0.0,0.0
2025-12-19 00:00:00-05:00,5.590799577500098,5.6280715391380856,5.590799577500098,5.609435558319092,119100,0.0,0.0
2025-12-22 00:00:00-05:00,5.628071678546582,5.6373898913453075,5.59079971598536,5.618753910064697,173300,0.0,0.0
2025-12-23 00:00:00-05:00,5.628071462778756,5.674661636352539,5.609435482212607,5.674661636352539,81800,0.0,0.0
2025-12-24 00:00:00-05:00,5.665343530344727,5.702615492177245,5.646707549428468,5.683979511260986,63500,0.0,0.0
2025-12-26 00:00:00-05:00,5.693297863006592,5.702615631534006,5.683979650162334,5.693297863006592,45200,0.0,0.0
2025-12-29 00:00:00-05:00,5.702615631534006,5.702615631534006,5.693297863006592,5.693297863006592,98100,0.0,0.0
2025-12-30 00:00:00-05:00,5.702615031484049,5.721251010894775,5.665343072662594,5.721251010894775,144300,0.0,0.0
2025-12-31 00:00:00-05:00,5.730569362640381,5.730569362640381,5.711933382774753,5.730569362640381,243100,0.0,0.0
2026-01-02 00:00:00-05:00,5.711933612823486,5.72125138097317,5.656025670974907,5.711933612823486,63100,0.0,0.0
2026-01-05 00:00:00-05:00,5.711933612823486,5.739887361589363,5.683979419740783,5.711933612823486,80000,0.0,0.0
2026-01-06 00:00:00-05:00,5.730570083920341,5.749206066131592,5.702615888445034,5.749206066131592,63300,0.0,0.0
2026-01-07 00:00:00-05:00,5.739887361589363,5.739887361589363,5.711933612823486,5.711933612823486,28600,0.0,0.0
2026-01-08 00:00:00-05:00,5.683979511260986,5.702615492177245,5.665343530344727,5.683979511260986,116100,0.0,0.0
2026-01-09 00:00:00-05:00,5.693297863006592,5.711933844378264,5.693297863006592,5.693297863006592,33600,0.0,0.0
2026-01-12 00:00:00-05:00,5.693297263937083,5.749205202169264,5.693297263937083,5.721251010894775,119900,0.0,0.0
2026-01-13 00:00:00-05:00,5.7305699326524495,5.7305699326524495,5.702615737915039,5.702615737915039,40500,0.0,0.0
2026-01-14 00:00:00-05:00,5.721251257335363,5.739887237548828,5.702615277121899,5.739887237548828,152400,0.0,0.0
2026-01-15 00:00:00-05:00,5.739887852867534,5.749206066131592,5.721251870656284,5.749206066131592,43100,0.0,0.0
2026-01-16 00:00:00-05:00,5.7492053425060075,5.7492053425060075,5.721251150549163,5.730569362640381,55100,0.0,0.0
2026-01-20 00:00:00-05:00,5.709874153137207,5.75690744242468,5.700467226151532,5.709874153137207,90200,0.058,0.0
2026-01-21 00:00:00-05:00,5.700467904284096,5.747501647713711,5.700467904284096,5.7286882400512695,63100,0.0,0.0
2026-01-22 00:00:00-05:00,5.719281398723251,5.747501734918601,5.719281398723251,5.738094806671143,64600,0.0,0.0
2026-01-23 00:00:00-05:00,5.72868832697071,5.747501734918601,5.72868832697071,5.738094806671143,64300,0.0,0.0
2026-01-26 00:00:00-05:00,5.747501647713711,5.747501647713711,5.709874832388827,5.7286882400512695,68200,0.0,0.0
2026-01-27 00:00:00-05:00,5.738094445635432,5.756907852399601,5.728687966526847,5.747501373291016,63200,0.0,0.0
2026-01-28 00:00:00-05:00,5.747501373291016,5.756907852399601,5.719281038871263,5.747501373291016,36500,0.0,0.0
2026-01-29 00:00:00-05:00,5.7286882400512695,5.756908127271422,5.7286882400512695,5.7286882400512695,56700,0.0,0.0
2026-01-30 00:00:00-05:00,5.728687646887793,5.747501052602245,5.700467314042628,5.71928071975708,109600,0.0,0.0
2026-02-02 00:00:00-05:00,5.719280993131042,5.7475013273251,5.681654179903626,5.700467586517334,152800,0.0,0.0
2026-02-03 00:00:00-05:00,5.709874426221626,5.719280905110216,5.672247613573295,5.691061019897461,43500,0.0,0.0
2026-02-04 00:00:00-05:00,5.672248363494873,5.719281661250013,5.662841434815617,5.672248363494873,61900,0.0,0.0
2026-02-05 00:00:00-05:00,5.709874309623903,5.709874309623903,5.672247497743925,5.68165397644043,48700,0.0,0.0
2026-02-06 00:00:00-05:00,5.728687646887793,5.728687646887793,5.700467314042628,5.71928071975708,88800,0.0,0.0
2026-02-09 00:00:00-05:00,5.738094125471532,5.738094125471532,5.700467314042628,5.71928071975708,87200,0.0,0.0
2026-02-10 00:00:00-05:00,5.700467586517334,5.728687920711392,5.700467586517334,5.700467586517334,48800,0.0,0.0
2026-02-11 00:00:00-05:00,5.709874241173341,5.738094125471532,5.691060835458889,5.71928071975708,103200,0.0,0.0
2026-02-12 00:00:00-05:00,5.709874153137207,5.738094037000297,5.709874153137207,5.709874153137207,119700,0.0,0.0
2026-02-13 00:00:00-05:00,5.72868816851291,5.76631498336792,5.7098747610854055,5.76631498336792,175600,0.0,0.0
2026-02-17 00:00:00-05:00,5.811898180071056,5.82139496326149,5.745422509064203,5.773911952972412,100200,0.058,0.0
2026-02-18 00:00:00-05:00,5.764416265006022,5.821395612003825,5.764416265006022,5.802402496337891,100900,0.0,0.0
2026-02-19 00:00:00-05:00,5.792905400311909,5.802402184049552,5.745422840118408,5.745422840118408,66300,0.0,0.0
2026-02-20 00:00:00-05:00,5.754918787817483,5.764415570922758,5.71693256105947,5.735925674438477,104700,0.0,0.0
2026-02-23 00:00:00-05:00,5.735925527671082,5.745422310533359,5.688442519022761,5.7074360847473145,112700,0.0,0.0
2026-02-24 00:00:00-05:00,5.7264291976403365,5.7264291976403365,5.678946188992016,5.7074360847473145,48400,0.0,0.0
2026-02-25 00:00:00-05:00,5.697939490237973,5.735925717279702,5.678946376717108,5.688442707061768,52500,0.0,0.0
2026-02-26 00:00:00-05:00,5.697939872741699,5.716932987537575,5.688443088927973,5.697939872741699,52700,0.0,0.0
2026-02-27 00:00:00-05:00,5.707436273414178,5.707436273414178,5.678946376717108,5.688442707061768,55400,0.0,0.0
2026-03-02 00:00:00-05:00,5.669449329376221,5.7074360074795285,5.669449329376221,5.669449329376221,106000,0.0,0.0
2026-03-03 00:00:00-05:00,5.659952945942429,5.659952945942429,5.602973608573662,5.631463050842285,91900,0.0,0.0
2026-03-04 00:00:00-05:00,5.640959951005261,5.792904853820801,5.602973725301377,5.792904853820801,326700,0.0,0.0
2026-03-05 00:00:00-05:00,5.754918562653496,5.754918562653496,5.659952999474037,5.669449329376221,89200,0.0,0.0
2026-03-06 00:00:00-05:00,5.659953278707024,5.659953278707024,5.564987710842453,5.602973937988281,61000,0.0,0.0
2026-03-09 00:00:00-04:00,5.574483724091689,5.593476836584122,5.403545711659788,5.545994281768799,123500,0.0,0.0
2026-03-10 00:00:00-04:00,5.555490919165519,5.555490919165519,5.479518464989755,5.517504692077637,58900,0.0,0.0
2026-03-11 00:00:00-04:00,5.545994919810055,5.545994919810055,5.394049549558449,5.403546333312988,90900,0.0,0.0
2026-03-12 00:00:00-04:00,5.28009123659946,5.365560485135886,5.27059490500186,5.327574253082275,176700,0.0,0.0
2026-03-13 00:00:00-04:00,5.327573393462056,5.384552732348681,5.3180766105651855,5.3180766105651855,61600,0.0,0.0
2026-03-16 00:00:00-04:00,5.289586848486361,5.327573072119568,5.213613948388442,5.261096954345703,135800,0.0,0.0
2026-03-17 00:00:00-04:00,5.259178097769028,5.287969419995925,5.239984035491943,5.239984035491943,120200,0.058,0.0
2026-03-18 00:00:00-04:00,5.239984035491943,5.249580837819215,5.211192713265047,5.239984035491943,150300,0.0,0.0
2026-03-19 00:00:00-04:00,5.230386734008789,5.239983993882392,5.14401368325905,5.230386734008789,98000,0.0,0.0
2026-03-20 00:00:00-04:00,5.230386711572692,5.230386711572692,5.182401785278125,5.220789909362793,55300,0.0,0.0
2026-03-23 00:00:00-04:00,5.201596099023756,5.326357737147365,5.201596099023756,5.2975664138793945,62000,0.0,0.0
2026-03-24 00:00:00-04:00,5.249580837819215,5.278372160046112,5.239984035491943,5.239984035491943,26200,0.0,0.0
2026-03-25 00:00:00-04:00,5.297566391867808,5.297566391867808,5.259178266085057,5.287969589233398,42800,0.0,0.0
2026-03-26 00:00:00-04:00,5.268774509429932,5.326357149614118,5.268774509429932,5.268774509429932,194100,0.0,0.0
2026-03-27 00:00:00-04:00,5.278371768668132,5.278371768668132,5.2495804485760384,5.268774509429932,23300,0.0,0.0
2026-03-30 00:00:00-04:00,5.249580837819215,5.335954346877364,5.23038677554213,5.239984035491943,109700,0.0,0.0
2026-03-31 00:00:00-04:00,5.28796961120511,5.422328052003004,5.239984224966012,5.2975664138793945,100500,0.0,0.0
2026-04-01 00:00:00-04:00,5.326357764923772,5.460716206422331,5.326357764923772,5.4511189460754395,107000,0.0,0.0
2026-04-02 00:00:00-04:00,5.441521952494279,5.441521952494279,5.374342505289981,5.393536567687988,56900,0.0,0.0
2026-04-06 00:00:00-04:00,5.355148431921997,5.412730618998061,5.191998673061875,5.2495808601379395,401200,0.0,0.0
2026-04-07 00:00:00-04:00,5.2495804485760384,5.268774509429932,5.201595525252561,5.268774509429932,59000,0.0,0.0
2026-04-08 00:00:00-04:00,5.297566454991227,5.3647459047228,5.287969652242466,5.307163715362549,71700,0.0,0.0
2026-04-09 00:00:00-04:00,5.3359547286166,5.355148792266846,5.326357925602765,5.355148792266846,25100,0.0,0.0
2026-04-10 00:00:00-04:00,5.383939701455305,5.3935365037292335,5.374342441558838,5.374342441558838,23800,0.0,0.0
2026-04-13 00:00:00-04:00,5.326357556086027,5.412730607708704,5.326357556086027,5.383939743041992,60200,0.0,0.0
2026-04-14 00:00:00-04:00,5.412730281945662,5.441521602502123,5.393536220782194,5.431924343109131,23300,0.0,0.0
2026-04-15 00:00:00-04:00,5.403133672005683,5.508700783341507,5.403133672005683,5.489506721496582,56900,0.0,0.0
2026-04-16 00:00:00-04:00,5.499104395954591,5.499104395954591,5.441522206077155,5.47031307220459,52600,0.0,0.0
2026-04-17 00:00:00-04:00,5.49910398123031,5.527895302808965,5.479909919385385,5.489506721496582,68800,0.0,0.0
2026-04-20 00:00:00-04:00,5.518298107471457,5.595074355747107,5.479909983333632,5.508700847625732,96900,0.0,0.0
2026-04-21 00:00:00-04:00,5.535847431266102,5.555237421160628,5.487372225382876,5.497067451477051,57100,0.058,0.0
2026-04-22 00:00:00-04:00,5.544083829185846,5.573469638824463,5.504903061048756,5.573469638824463,58100,0.058,0.0
2026-04-23 00:00:00-04:00,5.553879491005525,5.5930602608092785,5.53428910610365,5.563674449920654,28400,0.0,0.0
2026-04-24 00:00:00-04:00,5.583264813688065,5.642036435242844,5.534289085154573,5.622445583343506,45300,0.0,0.0
2026-04-27 00:00:00-04:00,5.602854994068474,5.612650419660709,5.475517730870618,5.5342888832092285,92500,0.0,0.0
2026-04-28 00:00:00-04:00,5.553879519737276,5.553879519737276,5.455927594721162,5.4853129386901855,38600,0.0,0.0
2026-04-29 00:00:00-04:00,5.514698499096358,5.602854994068474,5.455927346757748,5.5342888832092285,75400,0.0,0.0
2026-04-30 00:00:00-04:00,5.583264813688065,5.622445583343506,5.534289085154573,5.622445583343506,87500,0.0,0.0
2026-05-01 00:00:00-04:00,5.622445352916317,5.642036204012754,5.593060010414859,5.612650394439697,38600,0.0,0.0
2026-05-04 00:00:00-04:00,5.583264841966925,5.593060267966207,5.5146987282584305,5.544084072113037,74700,0.0,0.0
2026-05-05 00:00:00-04:00,5.544084311431888,5.59306050939919,5.524493925659295,5.553879737854004,50000,0.0,0.0
2026-05-06 00:00:00-04:00,5.612650895171783,5.612650895171783,5.5342893520814105,5.553879737854004,60200,0.0,0.0
2026-05-07 00:00:00-04:00,5.593060022893008,5.602854981391482,5.553879254755918,5.573469638824463,45100,0.0,0.0
2026-05-08 00:00:00-04:00,5.602855212605255,5.602855212605255,5.544084057974303,5.5832648277282715,47500,0.0,0.0
2026-05-11 00:00:00-04:00,5.583264597322936,5.583264597322936,5.524493445117301,5.573469638824463,56000,0.0,0.0
2026-05-12 00:00:00-04:00,5.524493463933446,5.553879273672149,5.495108121266343,5.514698505401611,45100,0.0,0.0
2026-05-13 00:00:00-04:00,5.534289120317325,5.553879505269515,5.48531292440104,5.52449369430542,41400,0.0,0.0
2026-05-14 00:00:00-04:00,5.544084065018779,5.573469875907402,5.53428910610365,5.563674449920654,55300,0.0,0.0
2026-05-15 00:00:00-04:00,5.573469883039263,5.573469883039263,5.5146987282584305,5.544084072113037,44400,0.0,0.0
2026-05-18 00:00:00-04:00,5.573469651434969,5.573469651434969,5.514698499096358,5.5342888832092285,66400,0.0,0.0
2026-05-19 00:00:00-04:00,5.552103441995323,5.552103441995323,5.472929138751679,5.50261926651001,72300,0.058,0.0
2026-05-20 00:00:00-04:00,5.49272271456259,5.542206418131832,5.482825690699099,5.50261926651001,54100,0.0,0.0
2026-05-21 00:00:00-04:00,5.522412647595106,5.561999797821045,5.482825497369167,5.561999797821045,38400,0.0,0.0
2026-05-22 00:00:00-04:00,5.5619997228862355,5.571896746267409,5.482825423501044,5.512516021728516,80400,0.0,0.0
2026-05-26 00:00:00-04:00,5.502618853561326,5.5125158766820865,5.463031704910355,5.48282527923584,67700,0.0,0.0
2026-05-27 00:00:00-04:00,5.512516086369907,5.512516086369907,5.482825487794275,5.492722511291504,55600,0.0,0.0
2026-05-28 00:00:00-04:00,5.492722382933821,5.542206083515432,5.492722382933821,5.532309532165527,60700,0.0,0.0
2026-05-29 00:00:00-04:00,5.571896616989591,5.621380316999202,5.512515893828435,5.552103042602539,48600,0.0,0.0
2026-06-01 00:00:00-04:00,5.562000005991777,5.601587157699357,5.552103454022919,5.571897029876709,31000,0.0,0.0
2026-06-02 00:00:00-04:00,5.571896692669247,5.6114838419810384,5.552103118013351,5.601586818695068,29100,0.0,0.0
2026-06-03 00:00:00-04:00,5.5718968213355575,5.591690396448527,5.561999797821045,5.561999797821045,23200,0.0,0.0
2026-06-04 00:00:00-04:00,5.561999733374434,5.581793308258057,5.561999733374434,5.581793308258057,34600,0.0,0.0
2026-06-05 00:00:00-04:00,5.571896943703493,5.581793495519294,5.433341442953746,5.4531354904174805,99300,0.0,0.0
2026-06-08 00:00:00-04:00,5.492722457239781,5.601586883141679,5.492722457239781,5.581793308258057,98800,0.0,0.0
2026-06-09 00:00:00-04:00,5.581793372934015,5.591690396448527,5.532309671109618,5.561999797821045,42400,0.0,0.0
2026-06-10 00:00:00-04:00,5.532309596574813,5.581793297732533,5.492722446882218,5.512516021728516,52000,0.0,0.0
2026-06-11 00:00:00-04:00,5.561999658131286,5.561999658131286,5.492722382933821,5.532309532165527,82500,0.0,0.0
2026-06-12 00:00:00-04:00,5.512516225116757,5.561999928100214,5.492722649540161,5.5224127769470215,54000,0.0,0.0
2026-06-15 00:00:00-04:00,5.542206222708075,5.5718968213355575,5.522412647595106,5.561999797821045,48800,0.0,0.0
2026-06-16 00:00:00-04:00,5.590000152587891,5.590000152587891,5.539999961853027,5.539999961853027,45700,0.058,0.0
2026-06-17 00:00:00-04:00,5.550000190734863,5.579999923706055,5.489999771118164,5.489999771118164,85500,0.0,0.0
2026-06-18 00:00:00-04:00,5.489999771118164,5.53000020980835,5.460000038146973,5.510000228881836,83000,0.0,0.0
2026-06-22 00:00:00-04:00,5.539999961853027,5.539999961853027,5.360000133514404,5.449999809265137,99200,0.0,0.0
2026-06-23 00:00:00-04:00,5.409999847412109,5.510000228881836,5.409999847412109,5.440000057220459,50700,0.0,0.0
2026-06-24 00:00:00-04:00,5.429999828338623,5.489999771118164,5.389999866485596,5.389999866485596,72800,0.0,0.0
2026-06-25 00:00:00-04:00,5.440000057220459,5.460000038146973,5.389999866485596,5.429999828338623,65000,0.0,0.0
2026-06-26 00:00:00-04:00,5.369999885559082,5.460000038146973,5.369999885559082,5.400000095367432,95500,0.0,0.0
2026-06-29 00:00:00-04:00,5.400000095367432,5.449999809265137,5.389999866485596,5.389999866485596,68000,0.0,0.0
2026-06-30 00:00:00-04:00,5.380000114440918,5.46999979019165,5.369999885559082,5.46999979019165,110200,0.0,0.0
2026-07-01 00:00:00-04:00,5.519999980926514,5.610000133514404,5.449999809265137,5.599999904632568,168200,0.0,0.0
2026-07-02 00:00:00-04:00,5.599999904632568,5.610000133514404,5.510000228881836,5.559999942779541,43700,0.0,0.0
2026-07-06 00:00:00-04:00,5.539999961853027,5.610000133514404,5.53000020980835,5.570000171661377,49000,0.0,0.0
2026-07-07 00:00:00-04:00,5.599999904632568,5.599999904632568,5.46999979019165,5.5,78500,0.0,0.0
2026-07-08 00:00:00-04:00,5.489999771118164,5.489999771118164,5.380000114440918,5.420000076293945,71200,0.0,0.0
2026-07-09 00:00:00-04:00,5.429999828338623,5.489999771118164,5.420000076293945,5.429999828338623,38100,0.0,0.0
2026-07-10 00:00:00-04:00,5.409999847412109,5.480000019073486,5.409999847412109,5.460000038146973,38000,0.0,0.0
2026-07-13 00:00:00-04:00,5.420000076293945,5.449999809265137,5.369999885559082,5.380000114440918,61000,0.0,0.0
2026-07-14 00:00:00-04:00,5.400000095367432,5.449999809265137,5.400000095367432,5.429999828338623,28600,0.0,0.0
2026-07-15 00:00:00-04:00,5.449999809265137,5.5,5.440000057220459,5.489999771118164,16700,0.0,0.0
2026-07-16 00:00:00-04:00,5.53000020980835,5.590000152587891,5.449999809265137,5.570000171661377,84700,0.0,0.0
2026-07-17 00:00:00-04:00,5.510000228881836,5.570000171661377,5.501299858093262,5.510000228881836,36716,0.0,0.0
