Date,Open,High,Low,Close,Volume,Dividends,Stock Splits
2024-06-21 00:00:00-04:00,4.050000190734863,4.25,3.0299999713897705,3.9000000953674316,967400,0.0,0.0
2024-06-24 00:00:00-04:00,3.5299999713897705,3.740000009536743,3.119999885559082,3.700000047683716,275100,0.0,0.0
2024-06-25 00:00:00-04:00,3.5999999046325684,3.680000066757202,3.5,3.575000047683716,47300,0.0,0.0
2024-06-26 00:00:00-04:00,3.569999933242798,3.9000000953674316,3.4200000762939453,3.674999952316284,108000,0.0,0.0
2024-06-27 00:00:00-04:00,3.6700000762939453,3.8299999237060547,3.509999990463257,3.509999990463257,75100,0.0,0.0
2024-06-28 00:00:00-04:00,3.5999999046325684,3.5999999046325684,3.240000009536743,3.25,59600,0.0,0.0
2024-07-01 00:00:00-04:00,3.380000114440918,3.4809999465942383,3.009999990463257,3.2699999809265137,63900,0.0,0.0
2024-07-02 00:00:00-04:00,3.200000047683716,3.2980000972747803,3.119999885559082,3.2200000286102295,51700,0.0,0.0
2024-07-03 00:00:00-04:00,3.25,3.319999933242798,3.25,3.2899999618530273,13700,0.0,0.0
2024-07-05 00:00:00-04:00,3.3399999141693115,3.4200000762939453,3.2699999809265137,3.369999885559082,16500,0.0,0.0
2024-07-08 00:00:00-04:00,3.4600000381469727,3.490000009536743,3.3910000324249268,3.4200000762939453,10300,0.0,0.0
2024-07-09 00:00:00-04:00,3.369999885559082,3.4189999103546143,3.2799999713897705,3.299999952316284,23700,0.0,0.0
2024-07-10 00:00:00-04:00,3.359999895095825,3.388000011444092,3.0999999046325684,3.2780001163482666,28000,0.0,0.0
2024-07-11 00:00:00-04:00,3.25,3.2799999713897705,3.200000047683716,3.2100000381469727,6200,0.0,0.0
2024-07-12 00:00:00-04:00,3.240000009536743,3.299999952316284,3.2200000286102295,3.259999990463257,15000,0.0,0.0
2024-07-15 00:00:00-04:00,3.299999952316284,3.299999952316284,3.200000047683716,3.25600004196167,16200,0.0,0.0
2024-07-16 00:00:00-04:00,3.2899999618530273,3.497999906539917,3.240000009536743,3.359999895095825,29900,0.0,0.0
2024-07-17 00:00:00-04:00,3.3499999046325684,3.4700000286102295,3.3499999046325684,3.440000057220459,18400,0.0,0.0
2024-07-18 00:00:00-04:00,3.490000009536743,3.628000020980835,3.3959999084472656,3.4800000190734863,12800,0.0,0.0
2024-07-19 00:00:00-04:00,3.4700000286102295,3.5,3.359999895095825,3.380000114440918,7300,0.0,0.0
2024-07-22 00:00:00-04:00,3.4200000762939453,3.450000047683716,3.2149999141693115,3.2200000286102295,39600,0.0,0.0
2024-07-23 00:00:00-04:00,3.2200000286102295,3.427999973297119,3.2200000286102295,3.3440001010894775,16800,0.0,0.0
2024-07-24 00:00:00-04:00,3.3580000400543213,3.3589999675750732,3.25,3.3499999046325684,6000,0.0,0.0
2024-07-25 00:00:00-04:00,3.3389999866485596,3.3389999866485596,3.1500000953674316,3.259999990463257,22000,0.0,0.0
2024-07-26 00:00:00-04:00,3.240000009536743,3.2899999618530273,3.240000009536743,3.2880001068115234,6000,0.0,0.0
2024-07-29 00:00:00-04:00,3.2200000286102295,3.2890000343322754,3.200000047683716,3.2820000648498535,5900,0.0,0.0
2024-07-30 00:00:00-04:00,3.2899999618530273,3.2899999618530273,3.1600000858306885,3.25,8800,0.0,0.0
2024-07-31 00:00:00-04:00,3.200000047683716,3.2699999809265137,3.200000047683716,3.2699999809265137,8700,0.0,0.0
2024-08-01 00:00:00-04:00,3.2799999713897705,3.2899999618530273,3.0999999046325684,3.2090001106262207,23600,0.0,0.0
2024-08-02 00:00:00-04:00,3.2100000381469727,3.247999906539917,3.1500000953674316,3.247999906539917,12200,0.0,0.0
2024-08-05 00:00:00-04:00,3.200000047683716,3.200000047683716,3.0199999809265137,3.13700008392334,15700,0.0,0.0
2024-08-06 00:00:00-04:00,3.0899999141693115,3.2899999618530273,3.0799999237060547,3.259999990463257,2200,0.0,0.0
2024-08-07 00:00:00-04:00,3.1700000762939453,3.2679998874664307,3.0999999046325684,3.25,1800,0.0,0.0
2024-08-08 00:00:00-04:00,3.1679999828338623,3.200000047683716,3.0899999141693115,3.180999994277954,4200,0.0,0.0
2024-08-09 00:00:00-04:00,3.1570000648498535,3.249000072479248,3.109999895095825,3.2049999237060547,2200,0.0,0.0
2024-08-12 00:00:00-04:00,3.259999990463257,3.259999990463257,2.700000047683716,2.884999990463257,38100,0.0,0.0
2024-08-13 00:00:00-04:00,2.9200000762939453,3.0850000381469727,2.7899999618530273,3.0799999237060547,7800,0.0,0.0
2024-08-14 00:00:00-04:00,3.0899999141693115,3.0899999141693115,2.9100000858306885,2.999000072479248,16100,0.0,0.0
2024-08-15 00:00:00-04:00,3.0,3.069999933242798,3.0,3.059999942779541,3000,0.0,0.0
2024-08-16 00:00:00-04:00,3.0,3.046999931335449,2.8559999465942383,3.0,8300,0.0,0.0
2024-08-19 00:00:00-04:00,2.992000102996826,2.992000102996826,2.950000047683716,2.990000009536743,2200,0.0,0.0
2024-08-20 00:00:00-04:00,3.2200000286102295,3.2200000286102295,3.0899999141693115,3.180000066757202,1500,0.0,0.0
2024-08-21 00:00:00-04:00,3.119999885559082,3.243000030517578,3.01200008392334,3.2200000286102295,5200,0.0,0.0
2024-08-22 00:00:00-04:00,3.2699999809265137,3.2899999618530273,2.869999885559082,3.009999990463257,9100,0.0,0.0
2024-08-23 00:00:00-04:00,3.249000072479248,3.249000072479248,3.249000072479248,3.249000072479248,500,0.0,0.0
2024-08-26 00:00:00-04:00,3.200000047683716,3.246000051498413,3.200000047683716,3.246000051498413,1600,0.0,0.0
2024-08-27 00:00:00-04:00,3.2300000190734863,3.240000009536743,2.940000057220459,3.2200000286102295,11500,0.0,0.0
2024-08-28 00:00:00-04:00,3.2699999809265137,3.2699999809265137,3.13700008392334,3.1649999618530273,4900,0.0,0.0
2024-08-29 00:00:00-04:00,3.109999895095825,3.188999891281128,3.049999952316284,3.184000015258789,6800,0.0,0.0
2024-08-30 00:00:00-04:00,3.190000057220459,3.2760000228881836,2.9700000286102295,3.2190001010894775,23600,0.0,0.0
2024-09-03 00:00:00-04:00,3.1700000762939453,3.246000051498413,3.0299999713897705,3.190000057220459,6000,0.0,0.0
2024-09-04 00:00:00-04:00,3.259000062942505,3.259000062942505,3.200000047683716,3.2260000705718994,1500,0.0,0.0
2024-09-05 00:00:00-04:00,3.1500000953674316,3.240000009536743,3.1500000953674316,3.180000066757202,1500,0.0,0.0
2024-09-06 00:00:00-04:00,3.25,3.259999990463257,3.2200000286102295,3.240000009536743,1500,0.0,0.0
2024-09-09 00:00:00-04:00,3.25,3.259999990463257,3.180000066757202,3.2339999675750732,19600,0.0,0.0
2024-09-10 00:00:00-04:00,3.2049999237060547,3.2300000190734863,3.0899999141693115,3.2200000286102295,22800,0.0,0.0
2024-09-11 00:00:00-04:00,3.25,3.25,3.0299999713897705,3.240000009536743,6600,0.0,0.0
2024-09-12 00:00:00-04:00,3.190000057220459,3.244999885559082,2.9000000953674316,3.065000057220459,20500,0.0,0.0
2024-09-13 00:00:00-04:00,3.119999885559082,3.247999906539917,3.059999942779541,3.247999906539917,3600,0.0,0.0
2024-09-16 00:00:00-04:00,3.25,3.25,3.180000066757202,3.2360000610351562,1700,0.0,0.0
2024-09-17 00:00:00-04:00,3.240000009536743,3.240000009536743,2.9000000953674316,3.0399999618530273,7700,0.0,0.0
2024-09-18 00:00:00-04:00,3.049999952316284,3.240000009536743,2.990000009536743,3.1700000762939453,15000,0.0,0.0
2024-09-19 00:00:00-04:00,3.2300000190734863,3.253999948501587,3.1600000858306885,3.240000009536743,10100,0.0,0.0
2024-09-20 00:00:00-04:00,3.259000062942505,3.4609999656677246,3.009999990463257,3.1050000190734863,34700,0.0,0.0
2024-09-23 00:00:00-04:00,3.200000047683716,3.200000047683716,3.069999933242798,3.1600000858306885,6500,0.0,0.0
2024-09-24 00:00:00-04:00,3.190999984741211,3.200000047683716,3.0,3.190000057220459,5400,0.0,0.0
2024-09-25 00:00:00-04:00,3.190000057220459,3.190000057220459,3.0,3.180000066757202,4300,0.0,0.0
2024-09-26 00:00:00-04:00,3.1500000953674316,3.200000047683716,3.109999895095825,3.140000104904175,3200,0.0,0.0
2024-09-27 00:00:00-04:00,3.140000104904175,3.140000104904175,3.0899999141693115,3.0899999141693115,5700,0.0,0.0
2024-09-30 00:00:00-04:00,3.140000104904175,3.140000104904175,2.9549999237060547,3.0999999046325684,3900,0.0,0.0
2024-10-01 00:00:00-04:00,3.140000104904175,3.140000104904175,3.0399999618530273,3.134999990463257,3600,0.0,0.0
2024-10-02 00:00:00-04:00,3.140000104904175,3.4000000953674316,3.109999895095825,3.3589999675750732,14700,0.0,0.0
2024-10-03 00:00:00-04:00,3.3510000705718994,3.359999895095825,3.319999933242798,3.359999895095825,14100,0.0,0.0
2024-10-04 00:00:00-04:00,3.489000082015991,3.6640000343322754,3.4000000953674316,3.569999933242798,27000,0.0,0.0
2024-10-07 00:00:00-04:00,3.6389999389648438,3.6489999294281006,3.25,3.5999999046325684,26400,0.0,0.0
2024-10-08 00:00:00-04:00,3.5,3.5899999141693115,3.3889999389648438,3.4000000953674316,5500,0.0,0.0
2024-10-09 00:00:00-04:00,3.384999990463257,3.6480000019073486,3.3299999237060547,3.5899999141693115,23600,0.0,0.0
2024-10-10 00:00:00-04:00,3.4200000762939453,3.63100004196167,3.200000047683716,3.259999990463257,17000,0.0,0.0
2024-10-11 00:00:00-04:00,3.200000047683716,3.5,3.059999942779541,3.3299999237060547,19900,0.0,0.0
2024-10-14 00:00:00-04:00,3.390000104904175,3.390000104904175,3.315999984741211,3.315999984741211,2200,0.0,0.0
2024-10-15 00:00:00-04:00,3.2880001068115234,3.359999895095825,3.200000047683716,3.359999895095825,1400,0.0,0.0
2024-10-16 00:00:00-04:00,3.4549999237060547,3.4549999237060547,3.303999900817871,3.380000114440918,800,0.0,0.0
2024-10-17 00:00:00-04:00,3.2899999618530273,3.2899999618530273,3.25,3.259999990463257,1300,0.0,0.0
2024-10-18 00:00:00-04:00,3.2899999618530273,3.4690001010894775,3.130000114440918,3.319999933242798,28700,0.0,0.0
2024-10-21 00:00:00-04:00,3.2699999809265137,3.380000114440918,3.0999999046325684,3.2100000381469727,7600,0.0,0.0
2024-10-22 00:00:00-04:00,3.140000104904175,3.2899999618530273,3.059999942779541,3.184999942779541,9000,0.0,0.0
2024-10-23 00:00:00-04:00,3.119999885559082,3.2799999713897705,3.119999885559082,3.259999990463257,31400,0.0,0.0
2024-10-24 00:00:00-04:00,3.180000066757202,3.259999990463257,3.180000066757202,3.259999990463257,1300,0.0,0.0
2024-10-25 00:00:00-04:00,3.390000104904175,3.390000104904175,3.180000066757202,3.190000057220459,3600,0.0,0.0
2024-10-28 00:00:00-04:00,3.174999952316284,3.3499999046325684,3.174999952316284,3.3499999046325684,6800,0.0,0.0
2024-10-29 00:00:00-04:00,3.190000057220459,3.3389999866485596,3.1500000953674316,3.3389999866485596,2400,0.0,0.0
2024-10-30 00:00:00-04:00,3.3389999866485596,3.3389999866485596,3.3389999866485596,3.3389999866485596,0,0.0,0.0
2024-10-31 00:00:00-04:00,3.0959999561309814,3.200000047683716,3.0799999237060547,3.200000047683716,5500,0.0,0.0
2024-11-01 00:00:00-04:00,3.365000009536743,3.365000009536743,2.7799999713897705,3.200000047683716,22000,0.0,0.0
2024-11-04 00:00:00-05:00,3.23799991607666,3.359999895095825,3.2200000286102295,3.359999895095825,3300,0.0,0.0
2024-11-05 00:00:00-05:00,3.049999952316284,3.2899999618530273,3.0199999809265137,3.2200000286102295,7900,0.0,0.0
2024-11-06 00:00:00-05:00,3.319999933242798,3.319999933242798,3.190000057220459,3.299999952316284,2600,0.0,0.0
2024-11-07 00:00:00-05:00,3.1500000953674316,3.2720000743865967,3.109999895095825,3.256999969482422,2100,0.0,0.0
2024-11-08 00:00:00-05:00,3.2899999618530273,3.680000066757202,3.2899999618530273,3.5,16700,0.0,0.0
2024-11-11 00:00:00-05:00,3.3499999046325684,3.625,3.3359999656677246,3.5799999237060547,7500,0.0,0.0
2024-11-12 00:00:00-05:00,3.5899999141693115,3.5899999141693115,3.5,3.5,1100,0.0,0.0
2024-11-13 00:00:00-05:00,3.5,3.5,3.5,3.5,0,0.0,0.0
2024-11-14 00:00:00-05:00,3.5,3.5,3.5,3.5,0,0.0,0.0
2024-11-15 00:00:00-05:00,3.359999895095825,3.440000057220459,3.359999895095825,3.440000057220459,8400,0.0,0.0
2024-11-18 00:00:00-05:00,3.434000015258789,3.440000057220459,3.4240000247955322,3.438999891281128,1200,0.0,0.0
2024-11-19 00:00:00-05:00,3.4100000858306885,3.5,3.4100000858306885,3.5,1800,0.0,0.0
2024-11-20 00:00:00-05:00,3.4000000953674316,3.549999952316284,3.4000000953674316,3.549999952316284,9000,0.0,0.0
2024-11-21 00:00:00-05:00,3.549999952316284,3.549999952316284,3.450000047683716,3.549999952316284,3200,0.0,0.0
2024-11-22 00:00:00-05:00,3.500999927520752,3.549999952316284,3.500999927520752,3.549999952316284,4800,0.0,0.0
2024-11-25 00:00:00-05:00,3.549999952316284,3.700000047683716,3.5309998989105225,3.700000047683716,14100,0.0,0.0
2024-11-26 00:00:00-05:00,3.700000047683716,3.75,3.6500000953674316,3.75,11500,0.0,0.0
2024-11-27 00:00:00-05:00,3.740000009536743,4.494999885559082,3.6500000953674316,4.050000190734863,86100,0.0,0.0
2024-11-29 00:00:00-05:00,4.420000076293945,4.940000057220459,4.079999923706055,4.679999828338623,58100,0.0,0.0
2024-12-02 00:00:00-05:00,4.739999771118164,5.28000020980835,4.269000053405762,5.179999828338623,35400,0.0,0.0
2024-12-03 00:00:00-05:00,5.260000228881836,6.150000095367432,5.063000202178955,5.954999923706055,62600,0.0,0.0
2024-12-04 00:00:00-05:00,6.199999809265137,7.46999979019165,5.900000095367432,5.949999809265137,76200,0.0,0.0
2024-12-05 00:00:00-05:00,5.989999771118164,5.989999771118164,5.099999904632568,5.599999904632568,22400,0.0,0.0
2024-12-06 00:00:00-05:00,5.954999923706055,6.489999771118164,5.75,6.190000057220459,36400,0.0,0.0
2024-12-09 00:00:00-05:00,6.230000019073486,6.840000152587891,6.230000019073486,6.369999885559082,31500,0.0,0.0
2024-12-10 00:00:00-05:00,6.525000095367432,6.75,6.139999866485596,6.329999923706055,14700,0.0,0.0
2024-12-11 00:00:00-05:00,6.099999904632568,6.578999996185303,5.989999771118164,6.110000133514404,12700,0.0,0.0
2024-12-12 00:00:00-05:00,6.013999938964844,6.150000095367432,5.610000133514404,6.070000171661377,11200,0.0,0.0
2024-12-13 00:00:00-05:00,6.0,6.107999801635742,5.599999904632568,5.900000095367432,10800,0.0,0.0
2024-12-16 00:00:00-05:00,6.199999809265137,6.25,5.755000114440918,6.188000202178955,17800,0.0,0.0
2024-12-17 00:00:00-05:00,6.260000228881836,6.300000190734863,6.03000020980835,6.210000038146973,13200,0.0,0.0
2024-12-18 00:00:00-05:00,6.230000019073486,6.239999771118164,5.619999885559082,6.090000152587891,9100,0.0,0.0
2024-12-19 00:00:00-05:00,5.949999809265137,6.190000057220459,5.789999961853027,6.019999980926514,15100,0.0,0.0
2024-12-20 00:00:00-05:00,5.945000171661377,6.260000228881836,5.900000095367432,6.260000228881836,5700,0.0,0.0
2024-12-23 00:00:00-05:00,6.300000190734863,6.300000190734863,5.980000019073486,6.289999961853027,5000,0.0,0.0
2024-12-24 00:00:00-05:00,6.489999771118164,6.9629998207092285,6.28000020980835,6.9629998207092285,9400,0.0,0.0
2024-12-26 00:00:00-05:00,6.989999771118164,7.679999828338623,6.869999885559082,7.420000076293945,41100,0.0,0.0
2024-12-27 00:00:00-05:00,7.650000095367432,7.665999889373779,6.449999809265137,6.619999885559082,32900,0.0,0.0
2024-12-30 00:00:00-05:00,6.679999828338623,6.789999961853027,6.510000228881836,6.619999885559082,11600,0.0,0.0
2024-12-31 00:00:00-05:00,7.21999979019165,7.21999979019165,6.105000019073486,6.802999973297119,43500,0.0,0.0
2025-01-02 00:00:00-05:00,6.670000076293945,7.090000152587891,6.300000190734863,6.789999961853027,17800,0.0,0.0
2025-01-03 00:00:00-05:00,7.0,7.0,7.0,7.0,4300,0.0,0.0
2025-01-06 00:00:00-05:00,7.300000190734863,7.300000190734863,6.849999904632568,7.15500020980835,20500,0.0,0.0
2025-01-07 00:00:00-05:00,6.940000057220459,7.255000114440918,6.5,6.639999866485596,52800,0.0,0.0
2025-01-08 00:00:00-05:00,6.860000133514404,6.929999828338623,6.579999923706055,6.929999828338623,10200,0.0,0.0
2025-01-10 00:00:00-05:00,6.690000057220459,6.980000019073486,6.638000011444092,6.956999778747559,76900,0.0,0.0
2025-01-13 00:00:00-05:00,6.730000019073486,6.989999771118164,6.550000190734863,6.920000076293945,38600,0.0,0.0
2025-01-14 00:00:00-05:00,6.859000205993652,6.989999771118164,6.695000171661377,6.989999771118164,6300,0.0,0.0
2025-01-15 00:00:00-05:00,6.489999771118164,7.079999923706055,6.489999771118164,6.98799991607666,61400,0.0,0.0
2025-01-16 00:00:00-05:00,6.78000020980835,7.0,6.485000133514404,6.659999847412109,27900,0.0,0.0
2025-01-17 00:00:00-05:00,6.690000057220459,6.71999979019165,6.289999961853027,6.71999979019165,15600,0.0,0.0
2025-01-21 00:00:00-05:00,6.989999771118164,6.989999771118164,6.25,6.340000152587891,6800,0.0,0.0
2025-01-22 00:00:00-05:00,6.369999885559082,6.380000114440918,6.25,6.380000114440918,1700,0.0,0.0
2025-01-23 00:00:00-05:00,6.090000152587891,6.421000003814697,5.800000190734863,6.400000095367432,3800,0.0,0.0
2025-01-24 00:00:00-05:00,6.409999847412109,6.480000019073486,6.014999866485596,6.425000190734863,8500,0.0,0.0
2025-01-27 00:00:00-05:00,6.260000228881836,6.382999897003174,6.045000076293945,6.382999897003174,2500,0.0,0.0
2025-01-28 00:00:00-05:00,6.110000133514404,6.413000106811523,6.110000133514404,6.413000106811523,1800,0.0,0.0
2025-01-29 00:00:00-05:00,6.119999885559082,6.429999828338623,6.119999885559082,6.429999828338623,4600,0.0,0.0
2025-01-30 00:00:00-05:00,6.264999866485596,6.264999866485596,6.03000020980835,6.228000164031982,2000,0.0,0.0
2025-01-31 00:00:00-05:00,6.059999942779541,6.059999942779541,5.659999847412109,6.010000228881836,4900,0.0,0.0
2025-02-03 00:00:00-05:00,5.9029998779296875,6.183000087738037,5.9029998779296875,6.183000087738037,600,0.0,0.0
2025-02-04 00:00:00-05:00,6.010000228881836,6.079999923706055,5.673999786376953,6.079999923706055,1800,0.0,0.0
2025-02-05 00:00:00-05:00,5.849999904632568,6.0370001792907715,5.590000152587891,5.7870001792907715,1000,0.0,0.0
2025-02-06 00:00:00-05:00,5.796000003814697,5.916999816894531,5.639999866485596,5.916999816894531,2200,0.0,0.0
2025-02-07 00:00:00-05:00,5.732999801635742,5.732999801635742,5.449999809265137,5.651000022888184,4200,0.0,0.0
2025-02-10 00:00:00-05:00,6.010000228881836,6.010000228881836,5.940000057220459,5.980000019073486,3200,0.0,0.0
2025-02-11 00:00:00-05:00,5.550000190734863,5.550000190734863,5.550000190734863,5.550000190734863,1500,0.0,0.0
2025-02-12 00:00:00-05:00,5.53000020980835,5.616000175476074,5.289999961853027,5.440000057220459,12100,0.0,0.0
2025-02-13 00:00:00-05:00,5.230000019073486,5.230000019073486,4.800000190734863,4.820000171661377,2500,0.0,0.0
2025-02-14 00:00:00-05:00,5.283999919891357,5.665999889373779,5.070000171661377,5.224999904632568,8600,0.0,0.0
2025-02-18 00:00:00-05:00,4.800000190734863,4.989999771118164,3.609999895095825,4.03000020980835,22800,0.0,0.0
2025-02-19 00:00:00-05:00,4.480000019073486,4.480000019073486,3.690000057220459,3.799999952316284,7000,0.0,0.0
2025-02-20 00:00:00-05:00,3.630000114440918,3.990000009536743,3.437000036239624,3.8499999046325684,11000,0.0,0.0
2025-02-21 00:00:00-05:00,3.799999952316284,4.309000015258789,3.630000114440918,3.9100000858306885,16000,0.0,0.0
2025-02-24 00:00:00-05:00,3.744999885559082,3.880000114440918,3.690000057220459,3.799999952316284,5000,0.0,0.0
2025-02-25 00:00:00-05:00,3.8499999046325684,4.199999809265137,3.621999979019165,3.621999979019165,8800,0.0,0.0
2025-02-26 00:00:00-05:00,3.9539999961853027,4.2129998207092285,3.630000114440918,3.7699999809265137,24200,0.0,0.0
2025-02-27 00:00:00-05:00,3.859999895095825,4.449999809265137,3.809999942779541,4.139999866485596,27900,0.0,0.0
2025-02-28 00:00:00-05:00,4.201000213623047,4.590000152587891,3.700000047683716,3.7899999618530273,14500,0.0,0.0
2025-03-03 00:00:00-05:00,3.7890000343322754,4.099999904632568,3.7100000381469727,4.099999904632568,11600,0.0,0.0
2025-03-04 00:00:00-05:00,3.9700000286102295,4.429999828338623,3.6449999809265137,4.409999847412109,12600,0.0,0.0
2025-03-05 00:00:00-05:00,4.28000020980835,4.539000034332275,4.28000020980835,4.440000057220459,12800,0.0,0.0
2025-03-06 00:00:00-05:00,4.420000076293945,4.449999809265137,4.110000133514404,4.400000095367432,10000,0.0,0.0
2025-03-07 00:00:00-05:00,4.289999961853027,4.389999866485596,4.190000057220459,4.320000171661377,10600,0.0,0.0
2025-03-10 00:00:00-04:00,4.289999961853027,4.349999904632568,3.940000057220459,4.210000038146973,11100,0.0,0.0
2025-03-11 00:00:00-04:00,4.179999828338623,4.230000019073486,3.890000104904175,4.099999904632568,22100,0.0,0.0
2025-03-12 00:00:00-04:00,4.113999843597412,4.289999961853027,3.569999933242798,3.9800000190734863,22400,0.0,0.0
2025-03-13 00:00:00-04:00,3.9800000190734863,4.201000213623047,3.563999891281128,3.809999942779541,39500,0.0,0.0
2025-03-14 00:00:00-04:00,4.0,4.21999979019165,3.5299999713897705,3.690000057220459,34500,0.0,0.0
2025-03-17 00:00:00-04:00,3.700000047683716,3.890000104904175,3.490000009536743,3.7200000286102295,5600,0.0,0.0
2025-03-18 00:00:00-04:00,3.6500000953674316,3.9100000858306885,3.6500000953674316,3.9100000858306885,500,0.0,0.0
2025-03-19 00:00:00-04:00,3.690000057220459,4.039999961853027,3.680000066757202,3.880000114440918,1800,0.0,0.0
2025-03-20 00:00:00-04:00,3.734999895095825,3.859999895095825,3.6500000953674316,3.8299999237060547,3500,0.0,0.0
2025-03-21 00:00:00-04:00,3.8499999046325684,3.9800000190734863,3.75,3.9800000190734863,4600,0.0,0.0
2025-03-24 00:00:00-04:00,4.010000228881836,4.300000190734863,3.940000057220459,4.260000228881836,4400,0.0,0.0
2025-03-25 00:00:00-04:00,4.03000020980835,4.054999828338623,3.9000000953674316,3.990000009536743,15300,0.0,0.0
2025-03-26 00:00:00-04:00,3.6500000953674316,4.099999904632568,3.6500000953674316,3.9800000190734863,24000,0.0,0.0
2025-03-27 00:00:00-04:00,3.9800000190734863,4.199999809265137,3.9700000286102295,4.0,4500,0.0,0.0
2025-03-28 00:00:00-04:00,3.759999990463257,4.1570000648498535,3.6470000743865967,3.990000009536743,4400,0.0,0.0
2025-03-31 00:00:00-04:00,3.747999906539917,4.110000133514404,3.747999906539917,4.0,1600,0.0,0.0
2025-04-01 00:00:00-04:00,4.140999794006348,4.140999794006348,3.759999990463257,4.070000171661377,4000,0.0,0.0
2025-04-02 00:00:00-04:00,3.938999891281128,4.179999828338623,3.8399999141693115,4.139999866485596,4100,0.0,0.0
2025-04-03 00:00:00-04:00,4.110000133514404,4.199999809265137,3.990000009536743,4.199999809265137,2900,0.0,0.0
2025-04-04 00:00:00-04:00,3.9600000381469727,4.079999923706055,3.6600000858306885,4.079999923706055,4400,0.0,0.0
2025-04-07 00:00:00-04:00,3.7799999713897705,4.079999923706055,3.700000047683716,3.880000114440918,4300,0.0,0.0
2025-04-08 00:00:00-04:00,3.9070000648498535,3.950000047683716,3.869999885559082,3.9100000858306885,5000,0.0,0.0
2025-04-09 00:00:00-04:00,3.890000104904175,4.078000068664551,3.7699999809265137,4.050000190734863,2900,0.0,0.0
2025-04-10 00:00:00-04:00,3.9600000381469727,4.127999782562256,3.6700000762939453,3.9800000190734863,3700,0.0,0.0
2025-04-11 00:00:00-04:00,3.9200000762939453,4.119999885559082,3.7200000286102295,3.950000047683716,12400,0.0,0.0
2025-04-14 00:00:00-04:00,3.9600000381469727,4.099999904632568,3.7899999618530273,3.950000047683716,58500,0.0,0.0
2025-04-15 00:00:00-04:00,3.9489998817443848,4.1479997634887695,3.819999933242798,3.940000057220459,24600,0.0,0.0
2025-04-16 00:00:00-04:00,3.930000066757202,4.019999980926514,3.890000104904175,4.019999980926514,2400,0.0,0.0
2025-04-17 00:00:00-04:00,3.930000066757202,4.090000152587891,3.75,3.990000009536743,11400,0.0,0.0
2025-04-21 00:00:00-04:00,4.079999923706055,4.079999923706055,3.9100000858306885,3.990000009536743,1500,0.0,0.0
2025-04-22 00:00:00-04:00,3.950000047683716,4.078999996185303,3.9100000858306885,3.990000009536743,2200,0.0,0.0
2025-04-23 00:00:00-04:00,3.930000066757202,4.301000118255615,3.890000104904175,4.010000228881836,70800,0.0,0.0
2025-04-24 00:00:00-04:00,4.0289998054504395,4.25,3.9100000858306885,4.110000133514404,32700,0.0,0.0
2025-04-25 00:00:00-04:00,4.050000190734863,4.300000190734863,3.9519999027252197,4.210000038146973,16100,0.0,0.0
2025-04-28 00:00:00-04:00,4.010000228881836,4.130000114440918,4.010000228881836,4.099999904632568,2600,0.0,0.0
2025-04-29 00:00:00-04:00,4.070000171661377,4.340000152587891,3.950000047683716,4.0,22200,0.0,0.0
2025-04-30 00:00:00-04:00,4.0320000648498535,4.5,3.890000104904175,4.409999847412109,17000,0.0,0.0
2025-05-01 00:00:00-04:00,4.400000095367432,5.210000038146973,4.269999980926514,4.769999980926514,24100,0.0,0.0
2025-05-02 00:00:00-04:00,4.6620001792907715,4.730000019073486,4.349999904632568,4.650000095367432,4000,0.0,0.0
2025-05-05 00:00:00-04:00,4.449999809265137,4.800000190734863,4.449999809265137,4.619999885559082,6300,0.0,0.0
2025-05-06 00:00:00-04:00,4.429999828338623,4.715000152587891,4.179999828338623,4.599999904632568,11500,0.0,0.0
2025-05-07 00:00:00-04:00,4.579999923706055,4.579999923706055,4.349999904632568,4.519999980926514,2400,0.0,0.0
2025-05-08 00:00:00-04:00,4.389999866485596,4.960000038146973,4.260000228881836,4.710000038146973,100000,0.0,0.0
2025-05-09 00:00:00-04:00,4.78000020980835,4.900000095367432,4.78000020980835,4.800000190734863,3900,0.0,0.0
2025-05-12 00:00:00-04:00,4.590000152587891,4.889999866485596,4.389999866485596,4.71999979019165,28200,0.0,0.0
2025-05-13 00:00:00-04:00,4.579999923706055,4.849999904632568,4.579999923706055,4.769999980926514,8500,0.0,0.0
2025-05-14 00:00:00-04:00,4.76800012588501,4.76800012588501,4.599999904632568,4.599999904632568,1500,0.0,0.0
2025-05-15 00:00:00-04:00,4.789999961853027,4.800000190734863,4.690000057220459,4.75,2500,0.0,0.0
2025-05-16 00:00:00-04:00,4.599999904632568,4.730000019073486,4.550000190734863,4.730000019073486,1500,0.0,0.0
2025-05-19 00:00:00-04:00,4.489999771118164,4.730000019073486,4.489999771118164,4.670000076293945,500,0.0,0.0
2025-05-20 00:00:00-04:00,4.510000228881836,4.650000095367432,4.510000228881836,4.650000095367432,700,0.0,0.0
2025-05-21 00:00:00-04:00,4.53000020980835,4.650000095367432,4.449999809265137,4.559999942779541,1400,0.0,0.0
2025-05-22 00:00:00-04:00,4.349999904632568,4.489999771118164,4.349999904632568,4.489999771118164,1100,0.0,0.0
2025-05-23 00:00:00-04:00,4.440000057220459,4.71999979019165,4.440000057220459,4.699999809265137,7000,0.0,0.0
2025-05-27 00:00:00-04:00,4.550000190734863,4.550000190734863,4.449999809265137,4.53000020980835,1600,0.0,0.0
2025-05-28 00:00:00-04:00,4.53000020980835,4.809999942779541,4.389999866485596,4.809999942779541,3700,0.0,0.0
2025-05-29 00:00:00-04:00,4.650000095367432,4.730000019073486,4.53000020980835,4.650000095367432,3800,0.0,0.0
2025-05-30 00:00:00-04:00,4.619999885559082,4.670000076293945,4.590000152587891,4.670000076293945,2200,0.0,0.0
2025-06-02 00:00:00-04:00,4.650000095367432,4.84499979019165,4.590000152587891,4.800000190734863,2800,0.0,0.0
2025-06-03 00:00:00-04:00,4.690000057220459,4.84499979019165,4.559999942779541,4.800000190734863,2800,0.0,0.0
2025-06-04 00:00:00-04:00,4.690000057220459,4.900000095367432,4.650000095367432,4.670000076293945,4500,0.0,0.0
2025-06-05 00:00:00-04:00,4.744999885559082,4.75,4.690000057220459,4.710000038146973,1500,0.0,0.0
2025-06-06 00:00:00-04:00,4.679999828338623,4.760000228881836,4.650000095367432,4.760000228881836,1700,0.0,0.0
2025-06-09 00:00:00-04:00,4.690000057220459,4.809999942779541,4.670000076293945,4.809999942779541,2200,0.0,0.0
2025-06-10 00:00:00-04:00,4.75,4.800000190734863,4.630000114440918,4.800000190734863,2500,0.0,0.0
2025-06-11 00:00:00-04:00,4.691999912261963,4.75,4.579999923706055,4.75,3500,0.0,0.0
2025-06-12 00:00:00-04:00,4.650000095367432,4.75,4.599999904632568,4.75,1200,0.0,0.0
2025-06-13 00:00:00-04:00,4.679999828338623,4.800000190734863,4.599999904632568,4.739999771118164,2600,0.0,0.0
2025-06-16 00:00:00-04:00,4.590000152587891,4.811999797821045,4.590000152587891,4.71999979019165,2600,0.0,0.0
2025-06-17 00:00:00-04:00,4.610000133514404,4.769999980926514,4.590000152587891,4.71999979019165,2200,0.0,0.0
2025-06-18 00:00:00-04:00,4.71999979019165,4.71999979019165,4.670000076293945,4.71999979019165,1500,0.0,0.0
2025-06-20 00:00:00-04:00,4.650000095367432,4.748000144958496,4.610000133514404,4.748000144958496,1200,0.0,0.0
2025-06-23 00:00:00-04:00,4.690000057220459,4.84499979019165,4.599999904632568,4.679999828338623,2500,0.0,0.0
2025-06-24 00:00:00-04:00,4.710000038146973,4.710000038146973,4.679999828338623,4.679999828338623,1200,0.0,0.0
2025-06-25 00:00:00-04:00,4.599999904632568,4.679999828338623,4.590000152587891,4.679999828338623,1400,0.0,0.0
2025-06-26 00:00:00-04:00,4.550000190734863,4.760000228881836,4.550000190734863,4.699999809265137,2700,0.0,0.0
2025-06-27 00:00:00-04:00,4.789999961853027,4.789999961853027,4.510000228881836,4.679999828338623,4600,0.0,0.0
2025-06-30 00:00:00-04:00,4.610000133514404,4.739999771118164,4.5,4.739999771118164,2200,0.0,0.0
2025-07-01 00:00:00-04:00,4.630000114440918,4.75,4.590000152587891,4.610000133514404,2400,0.0,0.0
2025-07-02 00:00:00-04:00,4.53000020980835,4.599999904632568,4.53000020980835,4.599999904632568,1500,0.0,0.0
2025-07-03 00:00:00-04:00,4.599999904632568,4.599999904632568,4.599999904632568,4.599999904632568,0,0.0,0.0
2025-07-07 00:00:00-04:00,4.550000190734863,4.829999923706055,4.550000190734863,4.829999923706055,700,0.0,0.0
2025-07-08 00:00:00-04:00,4.829999923706055,4.829999923706055,4.829999923706055,4.829999923706055,0,0.0,0.0
2025-07-09 00:00:00-04:00,4.64900016784668,4.64900016784668,4.64900016784668,4.64900016784668,900,0.0,0.0
2025-07-10 00:00:00-04:00,4.590000152587891,4.650000095367432,4.5,4.650000095367432,1800,0.0,0.0
2025-07-11 00:00:00-04:00,4.510000228881836,4.650000095367432,4.510000228881836,4.650000095367432,1100,0.0,0.0
2025-07-14 00:00:00-04:00,4.599999904632568,5.0,4.550000190734863,5.0,2100,0.0,0.0
2025-07-15 00:00:00-04:00,4.800000190734863,4.800000190734863,4.5,4.699999809265137,4300,0.0,0.0
2025-07-16 00:00:00-04:00,4.519999980926514,4.78000020980835,4.5,4.78000020980835,1800,0.0,0.0
2025-07-17 00:00:00-04:00,4.610000133514404,4.760000228881836,4.519999980926514,4.760000228881836,1600,0.0,0.0
2025-07-18 00:00:00-04:00,4.760000228881836,4.760000228881836,4.449999809265137,4.739999771118164,1500,0.0,0.0
2025-07-21 00:00:00-04:00,4.510000228881836,4.679999828338623,4.489999771118164,4.679999828338623,1400,0.0,0.0
2025-07-22 00:00:00-04:00,4.550000190734863,4.679999828338623,4.489999771118164,4.679999828338623,1500,0.0,0.0
2025-07-23 00:00:00-04:00,4.650000095367432,4.650000095367432,4.579999923706055,4.650000095367432,1400,0.0,0.0
2025-07-24 00:00:00-04:00,4.65500020980835,4.65500020980835,4.65500020980835,4.65500020980835,1600,0.0,0.0
2025-07-25 00:00:00-04:00,4.749000072479248,4.749000072479248,4.749000072479248,4.749000072479248,500,0.0,0.0
2025-07-28 00:00:00-04:00,4.599999904632568,4.849999904632568,4.599999904632568,4.849999904632568,1400,0.0,0.0
2025-07-29 00:00:00-04:00,4.610000133514404,4.900000095367432,4.610000133514404,4.900000095367432,1200,0.0,0.0
2025-07-30 00:00:00-04:00,4.710000038146973,4.800000190734863,4.710000038146973,4.800000190734863,2600,0.0,0.0
2025-07-31 00:00:00-04:00,4.639999866485596,4.789999961853027,4.639999866485596,4.789999961853027,2200,0.0,0.0
2025-08-01 00:00:00-04:00,4.789999961853027,4.809999942779541,4.724999904632568,4.809999942779541,1600,0.0,0.0
2025-08-04 00:00:00-04:00,4.800000190734863,4.880000114440918,4.7829999923706055,4.880000114440918,1500,0.0,0.0
2025-08-05 00:00:00-04:00,4.880000114440918,4.880000114440918,4.880000114440918,4.880000114440918,0,0.0,0.0
2025-08-06 00:00:00-04:00,4.789999961853027,4.789999961853027,4.789999961853027,4.789999961853027,1300,0.0,0.0
2025-08-07 00:00:00-04:00,4.723999977111816,4.739999771118164,4.723999977111816,4.739999771118164,1500,0.0,0.0
2025-08-08 00:00:00-04:00,4.675000190734863,4.730000019073486,4.659999847412109,4.730000019073486,1500,0.0,0.0
2025-08-11 00:00:00-04:00,4.590000152587891,4.789999961853027,4.579999923706055,4.699999809265137,1500,0.0,0.0
2025-08-12 00:00:00-04:00,4.610000133514404,4.789999961853027,4.610000133514404,4.650000095367432,1700,0.0,0.0
2025-08-13 00:00:00-04:00,4.622000217437744,4.679999828338623,4.599999904632568,4.679999828338623,1500,0.0,0.0
2025-08-14 00:00:00-04:00,4.611999988555908,4.670000076293945,4.550000190734863,4.670000076293945,1700,0.0,0.0
2025-08-15 00:00:00-04:00,4.590000152587891,4.763000011444092,4.559999942779541,4.650000095367432,2100,0.0,0.0
2025-08-18 00:00:00-04:00,4.570000171661377,4.685999870300293,4.570000171661377,4.650000095367432,2100,0.0,0.0
2025-08-19 00:00:00-04:00,4.590000152587891,4.675000190734863,4.539999961853027,4.630000114440918,1700,0.0,0.0
2025-08-20 00:00:00-04:00,4.550000190734863,4.769999980926514,4.510000228881836,4.639999866485596,2000,0.0,0.0
2025-08-21 00:00:00-04:00,4.639999866485596,4.639999866485596,4.639999866485596,4.639999866485596,0,0.0,0.0
2025-08-22 00:00:00-04:00,4.489999771118164,4.650000095367432,4.389999866485596,4.650000095367432,2700,0.0,0.0
2025-08-25 00:00:00-04:00,4.559999942779541,4.559999942779541,4.420000076293945,4.420000076293945,1300,0.0,0.0
2025-08-26 00:00:00-04:00,4.389999866485596,4.389999866485596,4.309999942779541,4.389999866485596,1600,0.0,0.0
2025-08-27 00:00:00-04:00,4.380000114440918,4.7170000076293945,4.369999885559082,4.610000133514404,1800,0.0,0.0
2025-08-28 00:00:00-04:00,4.550000190734863,4.579999923706055,4.550000190734863,4.579999923706055,1600,0.0,0.0
2025-08-29 00:00:00-04:00,4.510000228881836,4.510000228881836,4.440000057220459,4.510000228881836,900,0.0,0.0
2025-09-02 00:00:00-04:00,4.550000190734863,4.550000190734863,4.409999847412109,4.409999847412109,1400,0.0,0.0
2025-09-03 00:00:00-04:00,4.409999847412109,4.409999847412109,4.349999904632568,4.409999847412109,1500,0.0,0.0
2025-09-04 00:00:00-04:00,4.409999847412109,4.610000133514404,4.289999961853027,4.610000133514404,2700,0.0,0.0
2025-09-05 00:00:00-04:00,4.65500020980835,4.739999771118164,4.65500020980835,4.739999771118164,2600,0.0,0.0
2025-09-08 00:00:00-04:00,4.659999847412109,4.980000019073486,3.190000057220459,3.700000047683716,458700,0.0,0.0
2025-09-09 00:00:00-04:00,3.819999933242798,3.940000057220459,3.4100000858306885,3.7699999809265137,25700,0.0,0.0
2025-09-10 00:00:00-04:00,3.809999942779541,3.880000114440918,3.640000104904175,3.6700000762939453,7300,0.0,0.0
2025-09-11 00:00:00-04:00,3.8299999237060547,3.8299999237060547,3.5999999046325684,3.5999999046325684,4000,0.0,0.0
2025-09-12 00:00:00-04:00,3.609999895095825,4.0,3.609999895095825,4.0,7200,0.0,0.0
2025-09-15 00:00:00-04:00,3.799999952316284,4.130000114440918,3.700000047683716,3.740000009536743,5300,0.0,0.0
2025-09-16 00:00:00-04:00,3.7899999618530273,4.230000019073486,3.549999952316284,4.099999904632568,12500,0.0,0.0
2025-09-17 00:00:00-04:00,4.190000057220459,4.190000057220459,4.0289998054504395,4.079999923706055,16400,0.0,0.0
2025-09-18 00:00:00-04:00,3.690000057220459,4.010000228881836,3.3299999237060547,3.8399999141693115,11100,0.0,0.0
2025-09-19 00:00:00-04:00,3.609999895095825,3.8399999141693115,3.5999999046325684,3.740000009536743,16800,0.0,0.0
2025-09-22 00:00:00-04:00,3.569999933242798,3.740000009536743,3.309999942779541,3.700000047683716,10000,0.0,0.0
2025-09-23 00:00:00-04:00,3.5899999141693115,3.621000051498413,3.4800000190734863,3.509999990463257,5500,0.0,0.0
2025-09-24 00:00:00-04:00,3.4100000858306885,3.490000009536743,3.319999933242798,3.4800000190734863,3300,0.0,0.0
2025-09-25 00:00:00-04:00,3.4100000858306885,3.4800000190734863,3.109999895095825,3.4800000190734863,6500,0.0,0.0
2025-09-26 00:00:00-04:00,3.4700000286102295,3.6500000953674316,3.309999942779541,3.5899999141693115,1900,0.0,0.0
2025-09-29 00:00:00-04:00,3.5,3.680000066757202,3.5,3.680000066757202,1200,0.0,0.0
2025-09-30 00:00:00-04:00,3.680000066757202,3.765000104904175,3.549999952316284,3.7100000381469727,2700,0.0,0.0
2025-10-01 00:00:00-04:00,3.7799999713897705,3.7799999713897705,3.700000047683716,3.700000047683716,1400,0.0,0.0
2025-10-02 00:00:00-04:00,3.430000066757202,3.880000114440918,3.3499999046325684,3.880000114440918,6100,0.0,0.0
2025-10-03 00:00:00-04:00,3.740000009536743,3.7790000438690186,3.6700000762939453,3.7790000438690186,2000,0.0,0.0
2025-10-06 00:00:00-04:00,3.6110000610351562,3.739000082015991,3.569999933242798,3.739000082015991,2400,0.0,0.0
2025-10-07 00:00:00-04:00,3.5399999618530273,3.890000104904175,3.4700000286102295,3.890000104904175,6300,0.0,0.0
2025-10-08 00:00:00-04:00,3.5799999237060547,3.8499999046325684,3.5799999237060547,3.740000009536743,4400,0.0,0.0
2025-10-09 00:00:00-04:00,3.7300000190734863,3.7300000190734863,3.4800000190734863,3.7300000190734863,3700,0.0,0.0
2025-10-10 00:00:00-04:00,3.4000000953674316,3.8499999046325684,3.4000000953674316,3.8499999046325684,13100,0.0,0.0
2025-10-13 00:00:00-04:00,3.619999885559082,3.809999942779541,3.069999933242798,3.559999942779541,3400,0.0,0.0
2025-10-14 00:00:00-04:00,3.9200000762939453,3.9200000762939453,3.6080000400543213,3.640000104904175,1800,0.0,0.0
2025-10-15 00:00:00-04:00,3.4600000381469727,3.6500000953674316,3.4000000953674316,3.549999952316284,1600,0.0,0.0
2025-10-16 00:00:00-04:00,3.305999994277954,3.640000104904175,3.302999973297119,3.5199999809265137,15300,0.0,0.0
2025-10-17 00:00:00-04:00,3.299999952316284,3.680000066757202,3.299999952316284,3.619999885559082,3100,0.0,0.0
2025-10-20 00:00:00-04:00,3.490000009536743,3.73799991607666,3.359999895095825,3.430000066757202,3200,0.0,0.0
2025-10-21 00:00:00-04:00,3.3299999237060547,3.4800000190734863,3.2100000381469727,3.380000114440918,2700,0.0,0.0
2025-10-22 00:00:00-04:00,3.380000114440918,3.380000114440918,3.380000114440918,3.380000114440918,0,0.0,0.0
2025-10-23 00:00:00-04:00,3.240000009536743,3.2899999618530273,2.9200000762939453,3.2200000286102295,2700,0.0,0.0
2025-10-24 00:00:00-04:00,2.950000047683716,3.4800000190734863,2.950000047683716,3.4800000190734863,1800,0.0,0.0
2025-10-27 00:00:00-04:00,4.260000228881836,4.449999809265137,2.819999933242798,3.440000057220459,19372000,0.0,0.0
2025-10-28 00:00:00-04:00,2.940000057220459,3.059999942779541,2.5899999141693115,2.609999895095825,335900,0.0,0.0
2025-10-29 00:00:00-04:00,2.4200000762939453,2.5999999046325684,2.25,2.309999942779541,106600,0.0,0.0
2025-10-30 00:00:00-04:00,2.240000009536743,2.5999999046325684,2.180000066757202,2.3399999141693115,64600,0.0,0.0
2025-10-31 00:00:00-04:00,2.2300000190734863,2.3399999141693115,2.2100000381469727,2.25,34400,0.0,0.0
2025-11-03 00:00:00-05:00,2.2149999141693115,2.440000057220459,2.069999933242798,2.240000009536743,42800,0.0,0.0
2025-11-04 00:00:00-05:00,2.0899999141693115,2.2200000286102295,2.059999942779541,2.140000104904175,35300,0.0,0.0
2025-11-05 00:00:00-05:00,2.0950000286102295,2.2200000286102295,2.002000093460083,2.2200000286102295,19700,0.0,0.0
2025-11-06 00:00:00-05:00,2.1449999809265137,2.2100000381469727,2.049999952316284,2.2100000381469727,26100,0.0,0.0
2025-11-07 00:00:00-05:00,2.119999885559082,2.200000047683716,2.0,2.180000066757202,29300,0.0,0.0
2025-11-10 00:00:00-05:00,2.1549999713897705,2.180000066757202,2.0920000076293945,2.180000066757202,18300,0.0,0.0
2025-11-11 00:00:00-05:00,2.1700000762939453,2.2100000381469727,2.069999933242798,2.1700000762939453,17700,0.0,0.0
2025-11-12 00:00:00-05:00,2.119999885559082,2.184999942779541,2.0999999046325684,2.1600000858306885,7900,0.0,0.0
2025-11-13 00:00:00-05:00,2.0799999237060547,2.140000104904175,2.0,2.140000104904175,22800,0.0,0.0
2025-11-14 00:00:00-05:00,2.0799999237060547,2.128999948501587,1.7899999618530273,2.0799999237060547,37300,0.0,0.0
2025-11-17 00:00:00-05:00,2.009999990463257,2.180000066757202,2.009999990463257,2.069999933242798,8800,0.0,0.0
2025-11-18 00:00:00-05:00,2.0399999618530273,2.130000114440918,2.0199999809265137,2.059999942779541,10300,0.0,0.0
2025-11-19 00:00:00-05:00,2.0899999141693115,2.1659998893737793,1.9900000095367432,2.0899999141693115,9900,0.0,0.0
2025-11-20 00:00:00-05:00,2.049999952316284,2.0999999046325684,2.0,2.0899999141693115,7200,0.0,0.0
2025-11-21 00:00:00-05:00,2.0299999713897705,2.069999933242798,1.9600000381469727,2.0,12300,0.0,0.0
2025-11-24 00:00:00-05:00,1.9700000286102295,2.052000045776367,1.8799999952316284,2.0199999809265137,13100,0.0,0.0
2025-11-25 00:00:00-05:00,1.9500000476837158,2.059999942779541,1.9199999570846558,2.059999942779541,10300,0.0,0.0
2025-11-26 00:00:00-05:00,2.0,2.049999952316284,1.9299999475479126,1.9600000381469727,7300,0.0,0.0
2025-11-28 00:00:00-05:00,1.9700000286102295,2.009999990463257,1.9500000476837158,2.0,6500,0.0,0.0
2025-12-01 00:00:00-05:00,2.0,2.0179998874664307,1.9299999475479126,2.0,7100,0.0,0.0
2025-12-02 00:00:00-05:00,1.9199999570846558,2.0,1.809999942779541,2.0,4200,0.0,0.0
2025-12-03 00:00:00-05:00,1.9600000381469727,2.009999990463257,1.909999966621399,2.0,3500,0.0,0.0
2025-12-04 00:00:00-05:00,2.0399999618530273,2.0899999141693115,2.009999990463257,2.0899999141693115,5900,0.0,0.0
2025-12-05 00:00:00-05:00,2.0999999046325684,2.119999885559082,2.0299999713897705,2.0799999237060547,5900,0.0,0.0
2025-12-08 00:00:00-05:00,1.9900000095367432,2.066999912261963,1.9900000095367432,2.0299999713897705,21300,0.0,0.0
2025-12-09 00:00:00-05:00,2.0299999713897705,2.0409998893737793,1.9500000476837158,2.0299999713897705,11300,0.0,0.0
2025-12-10 00:00:00-05:00,1.9199999570846558,2.0199999809265137,1.850000023841858,2.0,16200,0.0,0.0
2025-12-11 00:00:00-05:00,1.9600000381469727,1.9800000190734863,1.899999976158142,1.9500000476837158,3000,0.0,0.0
2025-12-12 00:00:00-05:00,1.9299999475479126,1.9299999475479126,1.7899999618530273,1.850000023841858,24800,0.0,0.0
2025-12-15 00:00:00-05:00,1.850000023841858,1.8799999952316284,1.7899999618530273,1.7899999618530273,12700,0.0,0.0
2025-12-16 00:00:00-05:00,1.75,1.850000023841858,1.75,1.7699999809265137,4900,0.0,0.0
2025-12-17 00:00:00-05:00,1.7799999713897705,1.7999999523162842,1.649999976158142,1.7699999809265137,14000,0.0,0.0
2025-12-18 00:00:00-05:00,1.690000057220459,1.690000057220459,1.5099999904632568,1.6399999856948853,12400,0.0,0.0
2025-12-19 00:00:00-05:00,1.6299999952316284,1.6390000581741333,1.5399999618530273,1.5800000429153442,12800,0.0,0.0
2025-12-22 00:00:00-05:00,1.5800000429153442,1.6399999856948853,1.5,1.565000057220459,9900,0.0,0.0
2025-12-23 00:00:00-05:00,1.590000033378601,1.649999976158142,1.5199999809265137,1.600000023841858,17500,0.0,0.0
2025-12-24 00:00:00-05:00,1.6100000143051147,1.899999976158142,1.5499999523162842,1.690000057220459,33200,0.0,0.0
2025-12-26 00:00:00-05:00,1.7100000381469727,1.7100000381469727,1.659999966621399,1.7009999752044678,3600,0.0,0.0
2025-12-29 00:00:00-05:00,1.6100000143051147,1.7000000476837158,1.5850000381469727,1.6699999570846558,10500,0.0,0.0
2025-12-30 00:00:00-05:00,1.6970000267028809,1.8700000047683716,1.600000023841858,1.684999942779541,44200,0.0,0.0
2025-12-31 00:00:00-05:00,1.7050000429153442,1.9700000286102295,1.7050000429153442,1.7599999904632568,25400,0.0,0.0
2026-01-02 00:00:00-05:00,1.8519999980926514,1.8949999809265137,1.7100000381469727,1.7999999523162842,7900,0.0,0.0
2026-01-05 00:00:00-05:00,1.75,1.8700000047683716,1.75,1.809999942779541,3800,0.0,0.0
2026-01-06 00:00:00-05:00,1.7599999904632568,1.7699999809265137,1.75,1.7599999904632568,2200,0.0,0.0
2026-01-07 00:00:00-05:00,1.7300000190734863,1.75,1.690000057220459,1.7200000286102295,3000,0.0,0.0
2026-01-08 00:00:00-05:00,1.7200000286102295,1.7200000286102295,1.6610000133514404,1.7000000476837158,2600,0.0,0.0
2026-01-09 00:00:00-05:00,1.7400000095367432,1.7999999523162842,1.6299999952316284,1.659999966621399,3700,0.0,0.0
2026-01-12 00:00:00-05:00,1.7400000095367432,1.7400000095367432,1.6699999570846558,1.7200000286102295,3700,0.0,0.0
2026-01-13 00:00:00-05:00,1.7000000476837158,1.7300000190734863,1.6399999856948853,1.7300000190734863,5100,0.0,0.0
2026-01-14 00:00:00-05:00,1.7200000286102295,1.7799999713897705,1.6299999952316284,1.7799999713897705,5100,0.0,0.0
2026-01-15 00:00:00-05:00,1.7000000476837158,1.75,1.6799999475479126,1.75,5900,0.0,0.0
2026-01-16 00:00:00-05:00,1.7200000286102295,1.7400000095367432,1.659999966621399,1.7300000190734863,2100,0.0,0.0
2026-01-20 00:00:00-05:00,1.75,1.8029999732971191,1.6799999475479126,1.7200000286102295,4800,0.0,0.0
2026-01-21 00:00:00-05:00,1.6449999809265137,1.7130000591278076,1.5820000171661377,1.7000000476837158,4900,0.0,0.0
2026-01-22 00:00:00-05:00,1.7000000476837158,1.7000000476837158,1.659999966621399,1.690000057220459,3100,0.0,0.0
2026-01-23 00:00:00-05:00,1.6200000047683716,1.899999976158142,1.6200000047683716,1.7200000286102295,24900,0.0,0.0
2026-01-26 00:00:00-05:00,1.659999966621399,1.7000000476837158,1.6200000047683716,1.7000000476837158,9400,0.0,0.0
2026-01-27 00:00:00-05:00,1.6690000295639038,1.7350000143051147,1.6690000295639038,1.7000000476837158,2800,0.0,0.0
2026-01-28 00:00:00-05:00,1.6549999713897705,1.6979999542236328,1.2999999523162842,1.6699999570846558,12200,0.0,0.0
2026-01-29 00:00:00-05:00,1.6299999952316284,1.7000000476837158,1.5499999523162842,1.690000057220459,7000,0.0,0.0
2026-01-30 00:00:00-05:00,1.649999976158142,1.659999966621399,1.559999942779541,1.6100000143051147,3900,0.0,0.0
2026-02-02 00:00:00-05:00,1.5199999809265137,1.6449999809265137,1.5199999809265137,1.5800000429153442,5400,0.0,0.0
2026-02-03 00:00:00-05:00,1.559999942779541,1.7200000286102295,1.5099999904632568,1.6200000047683716,6900,0.0,0.0
2026-02-04 00:00:00-05:00,1.6200000047683716,1.7000000476837158,1.5399999618530273,1.590000033378601,1400,0.0,0.0
2026-02-05 00:00:00-05:00,1.5299999713897705,1.600000023841858,1.524999976158142,1.559999942779541,6700,0.0,0.0
2026-02-06 00:00:00-05:00,1.5,1.5429999828338623,1.5,1.5399999618530273,2800,0.0,0.0
2026-02-09 00:00:00-05:00,1.5399999618530273,1.6679999828338623,1.5199999809265137,1.5499999523162842,1600,0.0,0.0
2026-02-10 00:00:00-05:00,1.4900000095367432,1.6950000524520874,1.4800000190734863,1.5399999618530273,8500,0.0,0.0
2026-02-11 00:00:00-05:00,1.4600000381469727,1.5640000104904175,1.4600000381469727,1.5399999618530273,1600,0.0,0.0
2026-02-12 00:00:00-05:00,1.5099999904632568,1.649999976158142,1.440000057220459,1.5199999809265137,2700,0.0,0.0
2026-02-13 00:00:00-05:00,1.399999976158142,1.4700000286102295,1.399999976158142,1.4500000476837158,7400,0.0,0.0
2026-02-17 00:00:00-05:00,1.4199999570846558,1.534999966621399,1.4199999570846558,1.5099999904632568,4200,0.0,0.0
2026-02-18 00:00:00-05:00,1.5099999904632568,1.687000036239624,1.5099999904632568,1.5700000524520874,3000,0.0,0.0
2026-02-19 00:00:00-05:00,1.4199999570846558,1.5,1.4199999570846558,1.4900000095367432,3000,0.0,0.0
2026-02-20 00:00:00-05:00,1.4730000495910645,1.5,1.399999976158142,1.5,3600,0.0,0.0
2026-02-23 00:00:00-05:00,1.4700000286102295,1.5299999713897705,1.4550000429153442,1.5099999904632568,1900,0.0,0.0
2026-02-24 00:00:00-05:00,1.409999966621399,1.4800000190734863,1.409999966621399,1.4700000286102295,1900,0.0,0.0
2026-02-25 00:00:00-05:00,1.4700000286102295,1.569000005722046,1.4700000286102295,1.5099999904632568,1300,0.0,0.0
2026-02-26 00:00:00-05:00,1.440000057220459,1.5,1.440000057220459,1.4900000095367432,3200,0.0,0.0
2026-02-27 00:00:00-05:00,1.4800000190734863,1.4800000190734863,1.4800000190734863,1.4800000190734863,1200,0.0,0.0
2026-03-02 00:00:00-05:00,1.340000033378601,1.440000057220459,1.340000033378601,1.440000057220459,900,0.0,0.0
2026-03-03 00:00:00-05:00,1.4299999475479126,1.5,1.3799999952316284,1.4700000286102295,2100,0.0,0.0
2026-03-04 00:00:00-05:00,1.5390000343322754,1.5499999523162842,1.3420000076293945,1.4900000095367432,5500,0.0,0.0
2026-03-05 00:00:00-05:00,1.4500000476837158,1.4800000190734863,1.3799999952316284,1.4800000190734863,3800,0.0,0.0
2026-03-06 00:00:00-05:00,1.4500000476837158,1.4500000476837158,1.4500000476837158,1.4500000476837158,1500,0.0,0.0
2026-03-09 00:00:00-04:00,1.399999976158142,1.4500000476837158,1.3700000047683716,1.440000057220459,3200,0.0,0.0
2026-03-10 00:00:00-04:00,1.4299999475479126,1.4299999475479126,1.4299999475479126,1.4299999475479126,2000,0.0,0.0
2026-03-11 00:00:00-04:00,1.3799999952316284,1.4299999475479126,1.350000023841858,1.3799999952316284,7200,0.0,0.0
2026-03-12 00:00:00-04:00,1.371000051498413,1.371000051498413,1.350000023841858,1.3600000143051147,2300,0.0,0.0
2026-03-13 00:00:00-04:00,1.340000033378601,1.3669999837875366,1.284999966621399,1.309999942779541,5500,0.0,0.0
2026-03-16 00:00:00-04:00,1.309999942779541,1.3899999856948853,1.25,1.3300000429153442,3200,0.0,0.0
2026-03-17 00:00:00-04:00,1.3600000143051147,1.3600000143051147,1.2599999904632568,1.2899999618530273,4000,0.0,0.0
2026-03-18 00:00:00-04:00,1.2999999523162842,1.2999999523162842,1.1399999856948853,1.2799999713897705,6000,0.0,0.0
2026-03-19 00:00:00-04:00,1.3250000476837158,1.3250000476837158,1.1799999475479126,1.2799999713897705,6400,0.0,0.0
2026-03-20 00:00:00-04:00,1.2990000247955322,1.2990000247955322,1.0,1.2599999904632568,9000,0.0,0.0
2026-03-23 00:00:00-04:00,1.2599999904632568,1.2599999904632568,1.149999976158142,1.2400000095367432,2800,0.0,0.0
2026-03-24 00:00:00-04:00,1.159999966621399,1.2300000190734863,1.159999966621399,1.2300000190734863,3100,0.0,0.0
2026-03-25 00:00:00-04:00,1.2300000190734863,1.2300000190734863,1.1699999570846558,1.2000000476837158,1800,0.0,0.0
2026-03-26 00:00:00-04:00,1.2200000286102295,1.2200000286102295,1.1449999809265137,1.1449999809265137,3700,0.0,0.0
2026-03-27 00:00:00-04:00,1.2100000381469727,1.2300000190734863,1.1150000095367432,1.2300000190734863,2000,0.0,0.0
2026-03-30 00:00:00-04:00,1.2300000190734863,1.2400000095367432,1.1349999904632568,1.2100000381469727,5900,0.0,0.0
2026-03-31 00:00:00-04:00,1.2100000381469727,1.2999999523162842,1.159999966621399,1.2000000476837158,2400,0.0,0.0
2026-04-01 00:00:00-04:00,1.25,1.25,1.0800000429153442,1.2300000190734863,1900,0.0,0.0
2026-04-02 00:00:00-04:00,1.100000023841858,1.2899999618530273,1.100000023841858,1.190000057220459,5600,0.0,0.0
2026-04-06 00:00:00-04:00,1.1699999570846558,1.2000000476837158,1.1410000324249268,1.2000000476837158,2100,0.0,0.0
2026-04-07 00:00:00-04:00,1.2000000476837158,1.2200000286102295,1.190000057220459,1.2200000286102295,5600,0.0,0.0
2026-04-08 00:00:00-04:00,1.2000000476837158,1.2200000286102295,1.190000057220459,1.2100000381469727,3500,0.0,0.0
2026-04-09 00:00:00-04:00,1.1799999475479126,1.2200000286102295,1.1100000143051147,1.190000057220459,7900,0.0,0.0
2026-04-10 00:00:00-04:00,1.090000033378601,1.2000000476837158,1.090000033378601,1.2000000476837158,10800,0.0,0.0
2026-04-13 00:00:00-04:00,1.9800000190734863,2.9000000953674316,1.7599999904632568,2.2300000190734863,126841100,0.0,0.0
2026-04-14 00:00:00-04:00,1.850000023841858,2.130000114440918,1.809999942779541,2.0,1811800,0.0,0.0
2026-04-15 00:00:00-04:00,2.0299999713897705,2.1700000762939453,1.0,1.3899999856948853,1306500,0.0,0.0
2026-04-16 00:00:00-04:00,1.5199999809265137,2.1500000953674316,1.5099999904632568,1.7300000190734863,3037900,0.0,0.0
2026-04-17 00:00:00-04:00,1.7200000286102295,1.7200000286102295,1.5499999523162842,1.6200000047683716,250100,0.0,0.0
2026-04-20 00:00:00-04:00,1.6299999952316284,1.7400000095367432,1.5700000524520874,1.6100000143051147,87500,0.0,0.0
2026-04-21 00:00:00-04:00,1.559999942779541,1.5889999866485596,1.4500000476837158,1.4600000381469727,72200,0.0,0.0
2026-04-22 00:00:00-04:00,1.4500000476837158,1.4869999885559082,1.3600000143051147,1.4299999475479126,118000,0.0,0.0
2026-04-23 00:00:00-04:00,1.4500000476837158,1.4600000381469727,1.2999999523162842,1.350000023841858,164000,0.0,0.0
2026-04-24 00:00:00-04:00,1.3600000143051147,1.5800000429153442,1.3600000143051147,1.440000057220459,77000,0.0,0.0
2026-04-27 00:00:00-04:00,1.4700000286102295,1.5490000247955322,1.4299999475479126,1.4600000381469727,101600,0.0,0.0
2026-04-28 00:00:00-04:00,1.3200000524520874,1.4600000381469727,1.2999999523162842,1.350000023841858,71200,0.0,0.0
2026-04-29 00:00:00-04:00,1.3700000047683716,1.3700000047683716,1.2999999523162842,1.315000057220459,8400,0.0,0.0
2026-04-30 00:00:00-04:00,1.3300000429153442,1.4179999828338623,1.3300000429153442,1.3700000047683716,15200,0.0,0.0
2026-05-01 00:00:00-04:00,1.375,1.3799999952316284,1.2799999713897705,1.2899999618530273,56900,0.0,0.0
2026-05-04 00:00:00-04:00,1.3200000524520874,1.3200000524520874,1.274999976158142,1.2799999713897705,22100,0.0,0.0
2026-05-05 00:00:00-04:00,1.2699999809265137,1.2999999523162842,1.1549999713897705,1.2000000476837158,46000,0.0,0.0
2026-05-06 00:00:00-04:00,1.2100000381469727,1.340000033378601,1.2100000381469727,1.3200000524520874,28600,0.0,0.0
2026-05-07 00:00:00-04:00,1.3799999952316284,1.4490000009536743,1.3200000524520874,1.399999976158142,25100,0.0,0.0
2026-05-08 00:00:00-04:00,1.4199999570846558,1.4299999475479126,1.3700000047683716,1.3700000047683716,19200,0.0,0.0
2026-05-11 00:00:00-04:00,1.350000023841858,1.3700000047683716,1.2300000190734863,1.2699999809265137,28900,0.0,0.0
2026-05-12 00:00:00-04:00,1.3300000429153442,1.3300000429153442,1.2799999713897705,1.2999999523162842,23000,0.0,0.0
2026-05-13 00:00:00-04:00,1.2990000247955322,1.2999999523162842,1.2799999713897705,1.2799999713897705,7100,0.0,0.0
2026-05-14 00:00:00-04:00,1.2999999523162842,1.340000033378601,1.2699999809265137,1.2699999809265137,18900,0.0,0.0
2026-05-15 00:00:00-04:00,1.2799999713897705,1.3200000524520874,1.25,1.2599999904632568,10100,0.0,0.0
2026-05-18 00:00:00-04:00,1.25,1.25,1.0199999809265137,1.149999976158142,18700,0.0,0.0
2026-05-19 00:00:00-04:00,1.2599999904632568,1.2599999904632568,1.1319999694824219,1.2100000381469727,16600,0.0,0.0
2026-05-20 00:00:00-04:00,1.2000000476837158,1.2799999713897705,1.149999976158142,1.149999976158142,16400,0.0,0.0
2026-05-21 00:00:00-04:00,1.149999976158142,1.3819999694824219,1.149999976158142,1.2799999713897705,224900,0.0,0.0
2026-05-22 00:00:00-04:00,1.2999999523162842,1.399999976158142,1.2999999523162842,1.3200000524520874,19500,0.0,0.0
2026-05-26 00:00:00-04:00,1.3300000429153442,1.399999976158142,1.3300000429153442,1.3600000143051147,17600,0.0,0.0
2026-05-27 00:00:00-04:00,1.309999942779541,1.3600000143051147,1.2999999523162842,1.3200000524520874,5500,0.0,0.0
2026-05-28 00:00:00-04:00,1.3600000143051147,1.399999976158142,1.350000023841858,1.3600000143051147,8400,0.0,0.0
2026-05-29 00:00:00-04:00,1.399999976158142,1.399999976158142,1.2799999713897705,1.3200000524520874,13000,0.0,0.0
2026-06-01 00:00:00-04:00,1.340000033378601,1.340000033378601,1.2999999523162842,1.309999942779541,5000,0.0,0.0
2026-06-02 00:00:00-04:00,1.2300000190734863,1.3200000524520874,1.2300000190734863,1.2799999713897705,15200,0.0,0.0
2026-06-03 00:00:00-04:00,1.3200000524520874,1.4299999475479126,1.3200000524520874,1.350000023841858,9600,0.0,0.0
2026-06-04 00:00:00-04:00,1.2699999809265137,1.3300000429153442,1.2699999809265137,1.309999942779541,10100,0.0,0.0
2026-06-05 00:00:00-04:00,1.25,1.340000033378601,1.1399999856948853,1.159999966621399,20800,0.0,0.0
2026-06-08 00:00:00-04:00,1.3300000429153442,1.3300000429153442,1.159999966621399,1.2200000286102295,17100,0.0,0.0
2026-06-09 00:00:00-04:00,1.2300000190734863,1.3600000143051147,1.0700000524520874,1.190000057220459,23600,0.0,0.0
2026-06-10 00:00:00-04:00,1.2899999618530273,1.2899999618530273,1.190000057220459,1.2000000476837158,12300,0.0,0.0
2026-06-11 00:00:00-04:00,1.2200000286102295,1.3200000524520874,1.1699999570846558,1.2100000381469727,19400,0.0,0.0
2026-06-12 00:00:00-04:00,1.159999966621399,1.2000000476837158,0.9580000042915344,1.2000000476837158,16700,0.0,0.0
2026-06-15 00:00:00-04:00,1.2400000095367432,1.5,1.2400000095367432,1.3600000143051147,35700,0.0,0.0
2026-06-16 00:00:00-04:00,1.3600000143051147,1.4600000381469727,1.2899999618530273,1.2999999523162842,14300,0.0,0.0
2026-06-17 00:00:00-04:00,1.3200000524520874,1.340000033378601,1.2799999713897705,1.319000005722046,3100,0.0,0.0
2026-06-18 00:00:00-04:00,1.2999999523162842,1.3200000524520874,1.2699999809265137,1.2799999713897705,3000,0.0,0.0
2026-06-22 00:00:00-04:00,1.2599999904632568,1.309000015258789,1.25,1.2699999809265137,7900,0.0,0.0
2026-06-23 00:00:00-04:00,1.2450000047683716,1.25,1.2200000286102295,1.2380000352859497,13200,0.0,0.0
2026-06-24 00:00:00-04:00,1.2430000305175781,1.2899999618530273,1.2400000095367432,1.2400000095367432,5200,0.0,0.0
2026-06-25 00:00:00-04:00,1.3300000429153442,1.3300000429153442,1.2000000476837158,1.2000000476837158,14600,0.0,0.0
2026-06-26 00:00:00-04:00,1.2000000476837158,1.2599999904632568,1.2000000476837158,1.2000000476837158,4500,0.0,0.0
2026-06-29 00:00:00-04:00,1.281000018119812,1.281000018119812,1.2100000381469727,1.2649999856948853,1700,0.0,0.0
2026-06-30 00:00:00-04:00,1.2599999904632568,1.2599999904632568,1.2400000095367432,1.2400000095367432,1300,0.0,0.0
2026-07-01 00:00:00-04:00,1.1799999475479126,1.2599999904632568,1.1799999475479126,1.2599999904632568,5800,0.0,0.0
2026-07-02 00:00:00-04:00,1.190000057220459,1.25,1.190000057220459,1.2400000095367432,8200,0.0,0.0
2026-07-06 00:00:00-04:00,1.2200000286102295,1.2300000190734863,1.2000000476837158,1.2200000286102295,4000,0.0,0.0
2026-07-07 00:00:00-04:00,1.2599999904632568,1.2999999523162842,1.2400000095367432,1.2649999856948853,6600,0.0,0.0
2026-07-08 00:00:00-04:00,1.2300000190734863,1.2599999904632568,1.2000000476837158,1.2599999904632568,3300,0.0,0.0
2026-07-09 00:00:00-04:00,1.2059999704360962,1.2450000047683716,1.190000057220459,1.2100000381469727,7800,0.0,0.0
2026-07-10 00:00:00-04:00,1.2699999809265137,1.2699999809265137,1.2400000095367432,1.2400000095367432,11800,0.0,0.0
2026-07-13 00:00:00-04:00,1.2599999904632568,1.2599999904632568,1.2100000381469727,1.2200000286102295,5800,0.0,0.0
2026-07-14 00:00:00-04:00,1.2599999904632568,1.2599999904632568,1.2009999752044678,1.2009999752044678,3500,0.0,0.0
2026-07-15 00:00:00-04:00,1.2669999599456787,1.2699999809265137,1.2300000190734863,1.2300000190734863,1900,0.0,0.0
2026-07-16 00:00:00-04:00,1.309999942779541,1.3200000524520874,1.2000000476837158,1.2400000095367432,5100,0.0,0.0
2026-07-17 00:00:00-04:00,1.2661000490188599,1.2661000490188599,1.25,1.2661000490188599,1271,0.0,0.0
