Date,Open,High,Low,Close,Volume,Dividends,Stock Splits
2022-01-03 00:00:00-05:00,88.3955013772338,92.38061050069355,88.37085221296982,91.89582061767578,2002000,0.0,0.0
2022-01-04 00:00:00-05:00,93.1036798476921,98.35416497891921,92.6353269199396,97.94332885742188,4505400,0.0,0.0
2022-01-05 00:00:00-05:00,99.73458769183912,101.46831685368434,96.39859995334197,97.04772186279297,3375500,0.0,0.0
2022-01-06 00:00:00-05:00,101.02461804500072,102.23247746373445,99.5291745429644,101.59979248046875,3343300,0.0,0.0
2022-01-07 00:00:00-05:00,101.8873748898864,102.45433083684202,98.7814543035192,99.84962463378906,2441400,0.0,0.0
2022-01-10 00:00:00-05:00,99.91535613605537,100.09612505540365,96.69440204051554,99.7099380493164,2356800,0.0,0.0
2022-01-11 00:00:00-05:00,100.42478830450551,102.64330098035143,97.6886180737967,102.18316650390625,3423500,0.0,0.0
2022-01-12 00:00:00-05:00,103.21026817707435,103.27600347201655,100.47409764651727,102.35572814941406,3475000,0.0,0.0
2022-01-13 00:00:00-05:00,102.04347893160626,104.5742247021836,101.50117223649997,101.95309448242188,2634300,0.0,0.0
2022-01-14 00:00:00-05:00,102.38037290480057,106.27509806373766,102.38037290480057,106.16828918457031,1942200,0.0,0.0
2022-01-18 00:00:00-05:00,107.13787783685073,108.25535294945094,101.72305901716238,103.48143768310547,4453700,0.0,0.0
2022-01-19 00:00:00-05:00,104.36061900795802,105.00974099185387,101.48476545009355,103.29244232177734,2098600,0.0,0.0
2022-01-20 00:00:00-05:00,101.10678039610704,106.13541092835054,99.9975177609477,100.17007446289062,2670500,0.0,0.0
2022-01-21 00:00:00-05:00,97.95977161552597,99.22514769695618,94.83741439964754,96.94911193847656,3212200,0.0,0.0
2022-01-24 00:00:00-05:00,92.83254186070388,98.71571243673559,89.73483369076708,98.12410736083984,3537000,0.0,0.0
2022-01-25 00:00:00-05:00,97.43390409594343,105.28087716975605,94.64843546450501,104.33595275878906,3375500,0.0,0.0
2022-01-26 00:00:00-05:00,106.58732489470611,108.12384798468098,102.8322829762884,104.68104553222656,3170400,0.0,0.0
2022-01-27 00:00:00-05:00,108.04991165464749,110.15339081846626,103.53893230738892,105.6999282836914,2673700,0.0,0.0
2022-01-28 00:00:00-05:00,106.20938367204712,107.252911265821,102.75836165244081,105.76568603515625,2358700,0.0,0.0
2022-01-31 00:00:00-05:00,105.17406750973812,106.50517278958597,102.87338227541743,103.66219329833984,2421900,0.0,0.0
2022-02-01 00:00:00-05:00,102.56114739973077,107.82806415626251,100.73703369214552,106.9899673461914,3556400,0.0,0.0
2022-02-02 00:00:00-05:00,106.80919028936512,108.312852152148,104.54958512148433,107.61442565917969,2201100,0.0,0.0
2022-02-03 00:00:00-05:00,106.34903111149512,107.31039865741381,104.13873706729306,106.31616973876953,1822000,0.0,0.0
2022-02-04 00:00:00-05:00,108.16494703210401,111.50093474793424,107.49939443845734,108.51004791259766,2799500,0.0,0.0
2022-02-07 00:00:00-05:00,107.63907886513424,109.35637108377584,105.55203659305056,106.96530151367188,2070100,0.0,0.0
2022-02-08 00:00:00-05:00,106.11898541979497,106.49696024030489,100.30976807278724,102.19139862060547,3257900,0.0,0.0
2022-02-09 00:00:00-05:00,102.28997087349738,106.39833816046381,102.28997087349738,105.8971176147461,1794100,0.0,0.0
2022-02-10 00:00:00-05:00,105.24800053537973,110.17803427155431,104.81251522503558,107.1624984741211,2416700,0.0,0.0
2022-02-11 00:00:00-05:00,108.31284073223878,112.19934691821577,106.74344374424425,111.39411163330078,3674500,0.0,0.0
2022-02-14 00:00:00-05:00,110.16982017907644,111.3365933055002,105.9299882293852,107.20358276367188,2986200,0.0,0.0
2022-02-15 00:00:00-05:00,103.53072803146881,105.51096163223619,101.1643136475403,105.07546997070312,2331200,0.0,0.0
2022-02-16 00:00:00-05:00,106.06146783857669,109.78364255986335,105.3301799527499,106.66950988769531,2270900,0.0,0.0
2022-02-17 00:00:00-05:00,106.50516765136062,109.2413381239422,106.10255621774301,106.56269073486328,1933200,0.0,0.0
2022-02-18 00:00:00-05:00,105.17405697156157,108.85514545500334,104.66461787631513,108.02526092529297,2856800,0.0,0.0
2022-02-22 00:00:00-05:00,110.88467860902705,112.01037822863843,103.73613183376966,105.1987075805664,4222400,0.0,0.0
2022-02-23 00:00:00-05:00,106.45586395263672,110.59709947354416,104.94398989034178,106.45586395263672,3944000,0.0,0.0
2022-02-24 00:00:00-05:00,109.38102219608238,109.42210832224531,101.19717238853359,105.08367919921875,4639500,0.0,0.0
2022-02-25 00:00:00-05:00,104.82073652420831,110.08765278095957,104.82073652420831,109.5042724609375,3169100,0.0,0.0
2022-02-28 00:00:00-05:00,108.66615103802852,113.77695324676688,107.8526910270747,113.47293853759766,3783500,0.0,0.0
2022-03-01 00:00:00-05:00,114.76297454364631,116.75142010747028,110.07123249027475,112.42942810058594,3782000,0.0,0.0
2022-03-02 00:00:00-05:00,115.19024855153968,115.2231099288833,111.28730489584996,112.29795837402344,2960700,0.0,0.0
2022-03-03 00:00:00-05:00,110.46580843090808,112.19067301480787,109.73954435641974,110.68862915039062,2327100,0.6,0.0
2022-03-04 00:00:00-05:00,111.00226791775447,115.19477144395087,110.83721130190679,113.72574615478516,3083700,0.0,0.0
2022-03-07 00:00:00-05:00,114.8068409299767,115.73116772673562,107.59375476810271,110.95271301269531,4263200,0.0,0.0
2022-03-08 00:00:00-05:00,112.24842021222285,116.13556699682171,106.75196254662934,110.95271301269531,4156700,0.0,0.0
2022-03-09 00:00:00-05:00,109.64049570845734,109.64049570845734,103.89643435216361,107.32966613769531,4367400,0.0,0.0
2022-03-10 00:00:00-05:00,108.0806999768327,111.08477497514887,106.75197377028846,110.64736938476562,3019700,0.0,0.0
2022-03-11 00:00:00-05:00,109.00502493946875,110.6391064103072,106.66118887535552,107.01605987548828,2354700,0.0,0.0
2022-03-14 00:00:00-04:00,105.53053968469213,106.19077231825666,101.22249609242532,104.14404296875,2915000,0.0,0.0
2022-03-15 00:00:00-04:00,99.69570609628357,104.06976878329515,98.5650489131391,102.79881286621094,3328700,0.0,0.0
2022-03-16 00:00:00-04:00,102.84833316858398,104.59795569564857,101.78370115908442,103.68187713623047,3209300,0.0,0.0
2022-03-17 00:00:00-04:00,106.28153579350217,111.27457525608342,106.23202008662494,110.49054718017578,3426900,0.0,0.0
2022-03-18 00:00:00-04:00,110.31724920090595,111.79453521442349,108.15497899661804,108.48509216308594,4813900,0.0,0.0
2022-03-21 00:00:00-04:00,111.41488365664628,115.94576012549979,110.8124215155084,115.44232940673828,4203600,0.0,0.0
2022-03-22 00:00:00-04:00,114.98842112950815,115.2690185713374,112.0916385183681,113.35433959960938,2898000,0.0,0.0
2022-03-23 00:00:00-04:00,115.72293263867314,117.89346377006324,114.09709954370187,117.72014617919922,2748800,0.0,0.0
2022-03-24 00:00:00-04:00,117.60461631909294,119.50279860986291,116.68853775141325,118.174072265625,2042100,0.0,0.0
2022-03-25 00:00:00-04:00,117.12593627534469,122.13548602323138,117.12593627534469,120.9140396118164,2169400,0.0,0.0
2022-03-28 00:00:00-04:00,117.21670876268513,117.62110805634126,114.88938220148307,116.11906433105469,1948600,0.0,0.0
2022-03-29 00:00:00-04:00,112.0998735212307,114.83159922742229,110.01187720712622,114.49322509765625,2263600,0.0,0.0
2022-03-30 00:00:00-04:00,116.7132987495814,117.56335218471274,114.05584598963314,114.83987426757812,1563300,0.0,0.0
2022-03-31 00:00:00-04:00,113.59367899603886,116.53999015412587,113.13151550292969,113.13151550292969,1887700,0.0,0.0
2022-04-01 00:00:00-04:00,113.21404102393457,115.96227680203256,112.58682091991952,114.25392150878906,1825100,0.0,0.0
2022-04-04 00:00:00-04:00,115.5413771278846,116.30889594558897,113.47813825060095,115.2030029296875,1403400,0.0,0.0
2022-04-05 00:00:00-04:00,114.8151025548191,118.00900460916921,111.55518794425842,111.81102752685547,1847900,0.0,0.0
2022-04-06 00:00:00-04:00,113.32958477507196,114.20439599536552,110.16044046563661,111.46440887451172,1650800,0.0,0.0
2022-04-07 00:00:00-04:00,113.32133023007673,114.03108490851615,109.70653168255845,113.02422332763672,1877300,0.0,0.0
2022-04-08 00:00:00-04:00,112.553807433508,117.51382899224093,112.553807433508,117.1837158203125,2257300,0.0,0.0
2022-04-11 00:00:00-04:00,114.66654387592504,114.85635829020256,110.20994119956704,111.50566101074219,2391300,0.0,0.0
2022-04-12 00:00:00-04:00,113.28833420588063,117.26625257830425,113.28833420588063,114.86463928222656,1659800,0.0,0.0
2022-04-13 00:00:00-04:00,116.61426498543763,117.83569888650653,114.45198205797858,115.82197570800781,1626000,0.0,0.0
2022-04-14 00:00:00-04:00,114.72433343854759,116.30065101037447,113.6019309519341,114.25392150878906,1589200,0.0,0.0
2022-04-18 00:00:00-04:00,115.1947515950846,116.40793703169412,113.41211022786115,115.54137420654297,1716300,0.0,0.0
2022-04-19 00:00:00-04:00,114.67479847102892,116.02003406331859,113.08198432200655,113.82474517822266,1950700,0.0,0.0
2022-04-20 00:00:00-04:00,114.74909768312051,117.32402858568831,113.43688066713614,117.10944366455078,1882600,0.0,0.0
2022-04-21 00:00:00-04:00,118.52893320979044,120.46838263157133,112.8096415586399,113.35433959960938,2427300,0.0,0.0
2022-04-22 00:00:00-04:00,112.87566020400843,113.45336449007561,106.93353558887216,107.37094116210938,2228000,0.0,0.0
2022-04-25 00:00:00-04:00,103.36825068873446,104.71347994792215,98.83738062515965,103.83866882324219,2901100,0.0,0.0
2022-04-26 00:00:00-04:00,103.48380279541016,106.91703511611666,102.94735945823663,103.48380279541016,1587200,0.0,0.0
2022-04-27 00:00:00-04:00,104.39163104549577,105.6956058057867,100.35593636039772,104.51542663574219,1549900,0.0,0.0
2022-04-28 00:00:00-04:00,105.57180259460442,108.55936838084229,101.709419265704,106.85101318359375,1896300,0.0,0.0
2022-04-29 00:00:00-04:00,107.1646273821848,108.98027499187663,103.41777870171087,104.17705535888672,1748800,0.0,0.0
2022-05-02 00:00:00-04:00,102.3366397633272,105.34071481394965,101.13996383308378,105.22517395019531,2298000,0.0,0.0
2022-05-03 00:00:00-04:00,110.48231181853654,112.89217332580384,105.92668942600915,112.33097839355469,3555100,0.0,0.0
2022-05-04 00:00:00-04:00,115.7476853068972,117.90170690616837,112.69409470153808,117.59635162353516,2581900,0.0,0.0
2022-05-05 00:00:00-04:00,118.51242352725808,119.6183163320717,111.811016369728,114.377685546875,2854100,0.0,0.0
2022-05-06 00:00:00-04:00,116.76280432401902,118.5124393549088,113.56066633327768,117.95948028564453,2732200,0.0,0.0
2022-05-09 00:00:00-04:00,114.38596600916155,115.11221751557765,105.56355473893915,106.86752319335938,3314700,0.0,0.0
2022-05-10 00:00:00-04:00,109.4506849179797,112.02561543505662,103.16193725281148,107.15636444091797,3144900,0.0,0.0
2022-05-11 00:00:00-04:00,109.09176218976346,112.51461595117303,105.6435550068276,105.87174224853516,2705600,3.05,0.0
2022-05-12 00:00:00-04:00,104.37581938369458,107.90853968229227,102.96442321160602,107.36764526367188,3362800,0.0,0.0
2022-05-13 00:00:00-04:00,109.7509771001193,114.75425432496843,109.66645709761485,112.76815032958984,2781600,0.0,0.0
2022-05-16 00:00:00-04:00,112.48079701635282,114.2049069672647,110.81585364325883,110.96798706054688,3959200,0.0,0.0
2022-05-17 00:00:00-04:00,113.13156009528704,113.13156009528704,109.4213593071221,111.0947494506836,2993400,0.0,0.0
2022-05-18 00:00:00-04:00,111.6440975605903,111.77086464945381,106.826748296709,108.48323822021484,3284800,0.0,0.0
2022-05-19 00:00:00-04:00,105.49142963228653,111.66946920756055,105.38156265467988,109.71717834472656,2942600,0.0,0.0
2022-05-20 00:00:00-04:00,110.50314727167743,113.19071284700983,107.50286803616464,110.10592651367188,3060100,0.0,0.0
2022-05-23 00:00:00-04:00,111.13700769217402,115.12610892390296,109.71716465847747,115.03314208984375,3308000,0.0,0.0
2022-05-24 00:00:00-04:00,114.15418624702252,115.46415578581473,111.37364113836784,114.75423431396484,2542900,0.0,0.0
2022-05-25 00:00:00-04:00,116.51216998624629,120.55197868958145,115.96282863254022,119.79979705810547,3404000,0.0,0.0
2022-05-26 00:00:00-04:00,121.51543545432848,125.02279614250173,121.10976783474769,123.75507354736328,3329200,0.0,0.0
2022-05-27 00:00:00-04:00,123.4085558830592,129.3668538568436,122.93527490797347,129.0203399658203,3007600,0.0,0.0
2022-05-31 00:00:00-04:00,132.6967281167721,134.9617322355321,127.28778422948466,128.4794464111328,5259000,0.0,0.0
2022-06-01 00:00:00-04:00,130.1528521679926,132.17275630593093,127.52444015707405,129.21473693847656,3194600,0.0,0.0
2022-06-02 00:00:00-04:00,127.91324084471071,131.58962937563177,126.13842369464972,130.068359375,2084900,0.0,0.0
2022-06-03 00:00:00-04:00,129.86551438875944,131.60651813866585,129.3499733165689,130.71066284179688,1787700,0.0,0.0
2022-06-06 00:00:00-04:00,131.64032666542903,132.56999518050083,129.51900855769236,131.68258666992188,1561900,0.0,0.0
2022-06-07 00:00:00-04:00,130.7698229383646,136.11961445586812,130.52473554918325,135.5618133544922,2588100,0.0,0.0
2022-06-08 00:00:00-04:00,136.52524653983886,137.11686064852933,134.2264550982826,135.4857177734375,2131500,0.0,0.0
2022-06-09 00:00:00-04:00,134.94484043367595,136.27172958176894,133.2545436718398,133.3897705078125,2012400,0.0,0.0
2022-06-10 00:00:00-04:00,131.17548412197246,133.5672426595517,129.2147337144169,131.41212463378906,2074600,0.0,0.0
2022-06-13 00:00:00-04:00,126.3412438941522,127.16103890585339,120.13784459489658,124.9129409790039,3571800,0.0,0.0
2022-06-14 00:00:00-04:00,128.27662818231195,130.389499265689,124.4312002313774,126.45956420898438,2928600,0.0,0.0
2022-06-15 00:00:00-04:00,125.85103499666721,127.61739182827145,121.80276746462705,124.0339584350586,3256400,0.0,0.0
2022-06-16 00:00:00-04:00,119.73215529408215,121.42245185427971,112.06666709947461,112.97941589355469,4887500,0.0,0.0
2022-06-17 00:00:00-04:00,111.65255194593577,112.61602057422283,101.04593729765571,103.35319519042969,9385900,0.0,0.0
2022-06-21 00:00:00-04:00,107.5451385276122,112.74279625288828,107.33385141852062,111.79623413085938,4853800,0.0,0.0
2022-06-22 00:00:00-04:00,104.37581218112413,109.03257454358999,103.37008366841727,106.57319641113281,4888000,0.0,0.0
2022-06-23 00:00:00-04:00,107.33384296205297,108.46633868253232,99.19506648234143,100.7754898071289,4647300,0.0,0.0
2022-06-24 00:00:00-04:00,102.72779830937887,106.3281261210611,99.76977868736597,101.16426849365234,8195200,0.0,0.0
2022-06-27 00:00:00-04:00,102.26293865952046,106.41261967866353,101.27411675057331,105.12799072265625,3281100,0.0,0.0
2022-06-28 00:00:00-04:00,108.81286315299945,111.07785481343305,106.31967779975018,109.70027160644531,3428400,0.0,0.0
2022-06-29 00:00:00-04:00,110.86656434120991,112.08358013809477,103.17572140157952,103.37010192871094,3422600,0.0,0.0
2022-06-30 00:00:00-04:00,100.76705645062216,104.7815117442915,100.20925535689666,102.38973999023438,2875400,0.0,0.0
2022-07-01 00:00:00-04:00,102.97287849036243,103.99551373383396,98.15553516478448,102.44043731689453,2392300,0.0,0.0
2022-07-05 00:00:00-04:00,99.09364475242167,99.85427956250338,93.83682094582052,96.4652328491211,4823400,0.0,0.0
2022-07-06 00:00:00-04:00,94.93552935799858,97.11601396213992,89.79702510339256,93.20297241210938,4696800,0.0,0.0
2022-07-07 00:00:00-04:00,96.45679436960684,99.64300777215219,96.45679436960684,98.290771484375,3716200,0.0,0.0
2022-07-08 00:00:00-04:00,99.96415315751346,100.23460039148287,96.04266504097171,98.31611633300781,2328100,0.0,0.0
2022-07-11 00:00:00-04:00,96.74414998768424,98.03722616316087,94.39463818544942,96.6765365600586,1796900,0.0,0.0
2022-07-12 00:00:00-04:00,93.25365386761754,94.91015009509124,91.1914965430755,93.31282043457031,2649200,0.0,0.0
2022-07-13 00:00:00-04:00,91.97750165375462,96.04266338265822,91.97750165375462,93.46495819091797,1872500,0.0,0.0
2022-07-14 00:00:00-04:00,89.58573638529136,91.19151974216908,87.65034564622995,90.185791015625,3025100,0.0,0.0
2022-07-15 00:00:00-04:00,92.1549883971365,92.78884973900678,90.51539832948133,92.239501953125,1941300,0.0,0.0
2022-07-18 00:00:00-04:00,95.31583260683612,96.71032871380513,94.50449094139262,95.0960922241211,2007800,0.0,0.0
2022-07-19 00:00:00-04:00,95.17215797360345,98.93306562163367,94.53829669935317,98.49359130859375,1652800,0.0,0.0
2022-07-20 00:00:00-04:00,97.24276581708396,100.9360663795969,96.22859038952318,100.37826538085938,1655900,0.0,0.0
2022-07-21 00:00:00-04:00,97.2596821273917,98.54430489405077,95.18906462095975,98.0118637084961,1392500,0.0,0.0
2022-07-22 00:00:00-04:00,98.56965320514509,99.30493461676838,95.20596626473416,95.86518096923828,1710400,0.0,0.0
2022-07-25 00:00:00-04:00,98.80628067973142,102.35590059524708,96.6342435822078,101.40933227539062,2881300,0.0,0.0
2022-07-26 00:00:00-04:00,103.2771374634196,103.94480550913734,98.20624679029648,99.96415710449219,1921700,0.0,0.0
2022-07-27 00:00:00-04:00,100.42052719444203,104.72233567053516,100.20078681690455,104.1983413696289,2038800,0.0,0.0
2022-07-28 00:00:00-04:00,105.37309662431244,106.13373142954455,103.08274536764758,104.46878814697266,1874700,0.0,0.0
2022-07-29 00:00:00-04:00,106.89437067546159,108.74524125578472,105.32239416200109,108.1958999633789,2478300,0.0,0.0
2022-08-01 00:00:00-04:00,106.33656799529274,107.58739042399685,103.53067565584499,106.42108154296875,2799800,0.0,0.0
2022-08-02 00:00:00-04:00,105.3477513898967,108.99879229068871,104.28286257984091,107.79022979736328,3512000,0.0,0.0
2022-08-03 00:00:00-04:00,109.37066951555094,109.53124979248571,102.00942047125066,102.58412170410156,2596600,0.0,0.0
2022-08-04 00:00:00-04:00,101.26567075602874,102.31365286027247,98.0372044534962,98.41751861572266,3202700,0.0,0.0
2022-08-05 00:00:00-04:00,97.09908917049982,103.96169579373661,96.6511615962584,102.57565307617188,2479600,0.0,0.0
2022-08-08 00:00:00-04:00,102.60100744775579,105.34773949070494,102.09391974480533,104.07156372070312,2461600,0.0,0.0
2022-08-09 00:00:00-04:00,106.04921751120021,107.86628130045955,104.4011743643301,105.25477600097656,2718000,0.0,0.0
2022-08-10 00:00:00-04:00,105.10264959486547,107.53667452791913,102.63481795396757,106.52249908447266,2571400,0.0,0.0
2022-08-11 00:00:00-04:00,108.87203777062092,113.54570802166977,108.75370459854803,112.21881866455078,2690000,0.0,0.0
2022-08-12 00:00:00-04:00,111.23842795684727,112.78505107184914,109.97916509792253,112.51461029052734,2517200,0.0,0.0
2022-08-15 00:00:00-04:00,108.2935811367604,111.22581103216707,105.72464144190562,110.65493774414062,2960700,3.05,0.0
2022-08-16 00:00:00-04:00,111.43341096767995,112.2464799490901,107.12588358425769,108.63092041015625,2159800,0.0,0.0
2022-08-17 00:00:00-04:00,108.71741367532542,111.01822291149549,107.77459873446067,108.78660583496094,1905600,0.0,0.0
2022-08-18 00:00:00-04:00,110.04946297808944,113.37093089668974,109.85051819112209,112.50596618652344,2334700,0.0,0.0
2022-08-19 00:00:00-04:00,111.27770957744994,113.82070804890762,110.92308406140438,112.78275299072266,1786900,0.0,0.0
2022-08-22 00:00:00-04:00,111.58043271313336,113.82068784574783,108.34546697681088,113.46604919433594,1885900,0.0,0.0
2022-08-23 00:00:00-04:00,116.31180926704084,120.31660022373374,115.99177653773778,116.87403106689453,3278200,0.0,0.0
2022-08-24 00:00:00-04:00,116.5972339481755,119.38242109316079,116.25989827276736,118.1974105834961,3554400,0.0,0.0
2022-08-25 00:00:00-04:00,119.3305432798575,119.48623060040046,116.06096436699315,117.87739562988281,2759900,0.0,0.0
2022-08-26 00:00:00-04:00,117.27191092063211,119.02778813555753,115.41222897100393,115.84471130371094,2587000,0.0,0.0
2022-08-29 00:00:00-04:00,115.87930682421559,122.62603324527039,114.84135195904844,120.45496368408203,3585500,0.0,0.0
2022-08-30 00:00:00-04:00,117.42759180110237,117.75628257943829,113.69959640884555,115.96581268310547,2509300,0.0,0.0
2022-08-31 00:00:00-04:00,112.76543569631671,117.52274120800479,111.84857529124874,115.28248596191406,2777500,0.0,0.0
2022-09-01 00:00:00-04:00,112.87789294864791,113.54391946080766,110.54249090661452,112.70490264892578,2306300,0.0,0.0
2022-09-02 00:00:00-04:00,116.5453367209675,117.61788439429588,114.38292518820857,115.79280853271484,1756400,0.0,0.0
2022-09-06 00:00:00-04:00,117.88602829085953,118.48285602096006,114.70296466140783,115.91390991210938,2783300,0.0,0.0
2022-09-07 00:00:00-04:00,112.3243103974239,114.73755597270022,111.63233603517084,113.80340576171875,2227000,0.0,0.0
2022-09-08 00:00:00-04:00,113.89854309755974,114.68566412651438,112.419460881006,114.33968353271484,1653600,0.0,0.0
2022-09-09 00:00:00-04:00,117.15947275782896,118.04174049843232,115.90527650988493,116.78754425048828,1732300,0.0,0.0
2022-09-12 00:00:00-04:00,119.20944273746207,120.82692252265232,117.90333757767335,118.82019805908203,2061400,0.0,0.0
2022-09-13 00:00:00-04:00,117.49680269487845,121.34589300344892,116.04366832152269,116.51940155029297,1939500,0.0,0.0
2022-09-14 00:00:00-04:00,118.4655667536403,122.0724678359234,118.20607471354016,121.24209594726562,2149300,0.0,0.0
2022-09-15 00:00:00-04:00,117.96390663907131,119.50354296625186,116.16477822564687,116.4502182006836,1963300,0.0,0.0
2022-09-16 00:00:00-04:00,114.6597054929507,115.21328231012228,111.36419247210802,114.71160125732422,5496100,0.0,0.0
2022-09-19 00:00:00-04:00,109.60832305747147,114.65106862224576,109.42668127029565,113.24981689453125,1987500,0.0,0.0
2022-09-20 00:00:00-04:00,112.350260222491,113.98504291742627,110.23974432039182,113.12872314453125,2355600,0.0,0.0
2022-09-21 00:00:00-04:00,115.62847418444218,116.20801214506963,111.35555967432484,111.40745544433594,1969000,0.0,0.0
2022-09-22 00:00:00-04:00,113.98505001447187,114.60782567020529,109.40938584298519,109.45263671875,1569600,0.0,0.0
2022-09-23 00:00:00-04:00,104.6953337083529,104.77317736794247,98.3118962548738,99.64393615722656,3556600,0.0,0.0
2022-09-26 00:00:00-04:00,98.74436819800675,100.1629097044985,95.9851288363904,96.19271850585938,2549500,0.0,0.0
2022-09-27 00:00:00-04:00,98.36377019061064,99.94665690909486,96.64249257497167,98.16482543945312,3214900,0.0,0.0
2022-09-28 00:00:00-04:00,98.81355847176852,104.04659717527188,98.42432702403799,103.27677917480469,2517900,0.0,0.0
2022-09-29 00:00:00-04:00,102.48102871926335,104.86832672994922,100.29266231073174,104.58289337158203,1725600,0.0,0.0
2022-09-30 00:00:00-04:00,103.15568671513266,105.24889959870914,102.05717790656153,104.19364166259766,2004000,0.0,0.0
2022-10-03 00:00:00-04:00,109.33154296288204,113.31037939271859,108.65687153076001,112.03023529052734,2517000,0.0,0.0
2022-10-04 00:00:00-04:00,115.46412035121418,118.3530987260826,113.49200227030784,117.89466857910156,2452800,0.0,0.0
2022-10-05 00:00:00-04:00,116.52804457620591,121.49294666880105,116.519399680663,120.55012512207031,3323900,0.0,0.0
2022-10-06 00:00:00-04:00,119.49488334266458,123.82836549205615,119.3737887970751,123.11044311523438,2422400,0.0,0.0
2022-10-07 00:00:00-04:00,123.2574609033015,124.62410661500935,121.33723835125872,123.19690704345703,2081000,0.0,0.0
2022-10-10 00:00:00-04:00,122.00326062934774,124.73655195892363,119.3910638169904,121.3631820678711,1731300,0.0,0.0
2022-10-11 00:00:00-04:00,117.98983702010192,122.75578773038559,117.6611462130776,120.55012512207031,2605500,0.0,0.0
2022-10-12 00:00:00-04:00,120.32523063170676,123.37855473051303,118.53474750610027,122.1070556640625,2969900,0.0,0.0
2022-10-13 00:00:00-04:00,120.20414605374876,127.58229392809841,119.84950735726852,125.66207122802734,2637200,0.0,0.0
2022-10-14 00:00:00-04:00,124.83171173369898,126.85572596239321,120.30793685373588,120.5414810180664,3216900,0.0,0.0
2022-10-17 00:00:00-04:00,123.07582936850478,125.03065816469339,120.25604901431802,120.62799072265625,1925100,0.0,0.0
2022-10-18 00:00:00-04:00,122.34062797484442,123.49103278543774,119.86682802688559,122.69526672363281,1645600,0.0,0.0
2022-10-19 00:00:00-04:00,122.31464364615431,127.26224206809917,122.31464364615431,126.31077575683594,2078800,0.0,0.0
2022-10-20 00:00:00-04:00,127.9369256990782,128.84514122940448,125.91291156748015,126.795166015625,1743200,0.0,0.0
2022-10-21 00:00:00-04:00,127.25357768493876,131.83789234278015,126.76055476497346,131.75140380859375,2486500,0.0,0.0
2022-10-24 00:00:00-04:00,130.86913011387648,134.77011521647475,130.41069998956067,132.564453125,2026600,0.0,0.0
2022-10-25 00:00:00-04:00,132.22714826722148,133.9051818817444,131.2497471399327,132.65098571777344,1711100,0.0,0.0
2022-10-26 00:00:00-04:00,133.38623187124966,136.2319603467903,132.7807459332779,134.3982391357422,1690100,0.0,0.0
2022-10-27 00:00:00-04:00,137.12287607203172,137.2093778360159,132.34826642339658,132.64236450195312,2421100,0.0,0.0
2022-10-28 00:00:00-04:00,134.76151573373104,135.47943808690033,129.56306894473394,133.04888916015625,2005400,0.0,0.0
2022-10-31 00:00:00-04:00,131.31893524220882,137.4255833615653,131.14593175916525,135.89459228515625,2053300,0.0,0.0
2022-11-01 00:00:00-04:00,138.3943479669441,139.13821811519898,136.24923926898427,137.2093505859375,1773700,0.0,0.0
2022-11-02 00:00:00-04:00,136.404914261878,137.15744243587014,132.87585712349406,133.92247009277344,1988900,0.0,0.0
2022-11-03 00:00:00-04:00,133.36890499872425,139.04307114004993,132.85857900941355,137.1228485107422,2226700,0.0,0.0
2022-11-04 00:00:00-04:00,140.54811511621193,140.8075939606594,136.3530311534637,139.579345703125,2899900,0.0,0.0
2022-11-07 00:00:00-05:00,140.72972605181613,143.29867175558326,139.76961489790003,141.41305541992188,3424400,0.0,0.0
2022-11-08 00:00:00-05:00,140.8681533169695,143.9128327942573,139.2593184270843,141.46498107910156,2653400,0.0,0.0
2022-11-09 00:00:00-05:00,139.69178457321445,140.5913419607318,135.5399518038217,136.27517700195312,2815400,0.0,0.0
2022-11-10 00:00:00-05:00,138.0224333137738,138.80089631971904,135.68701789930833,138.6365509033203,2117600,0.0,0.0
2022-11-11 00:00:00-05:00,141.85420898384731,143.9993177168557,141.1103388234385,142.15695190429688,2691200,0.0,0.0
2022-11-14 00:00:00-05:00,141.23143738788585,144.0944684783164,140.9978932196741,141.48228454589844,1865000,0.0,0.0
2022-11-15 00:00:00-05:00,142.01855531487007,146.13578250967933,140.6173167331104,144.4750518798828,3313800,0.0,0.0
2022-11-16 00:00:00-05:00,143.1773534575806,143.9226632091151,139.09134185758452,139.39822387695312,3438600,2.26,0.0
2022-11-17 00:00:00-05:00,137.17105616292014,141.96730925002515,136.35559867996153,141.8533172607422,2038000,0.0,0.0
2022-11-18 00:00:00-05:00,137.20612000762236,137.53931911919085,133.40945099505825,136.9781494140625,3815400,0.0,0.0
2022-11-21 00:00:00-05:00,133.19901193405533,133.43574598044594,124.6323943031462,131.5155029296875,4481900,0.0,0.0
2022-11-22 00:00:00-05:00,133.62867423908875,134.84746546658727,131.34892789047296,132.78692626953125,2863300,0.0,0.0
2022-11-23 00:00:00-05:00,130.42823084423858,132.03282849980954,128.80609287359934,131.5155029296875,2309800,0.0,0.0
2022-11-25 00:00:00-05:00,132.66417171569304,133.18149738590324,130.71761112605674,130.9280548095703,984100,0.0,0.0
2022-11-28 00:00:00-05:00,125.93011387470159,128.14848906765258,125.16727730665644,126.02656555175781,3470000,0.0,0.0
2022-11-29 00:00:00-05:00,128.50799641557464,129.99860234741396,127.29796867616339,128.66583251953125,2099200,0.0,0.0
2022-11-30 00:00:00-05:00,130.59484287025896,131.05079745022894,126.73678932627105,129.7881622314453,2796600,0.0,0.0
2022-12-01 00:00:00-05:00,130.82281898958783,131.35768494846076,126.52636438046183,126.87709045410156,2171600,0.0,0.0
2022-12-02 00:00:00-05:00,126.63160108336544,128.3764950382128,125.12345462716493,127.54351043701172,2402900,0.0,0.0
2022-12-05 00:00:00-05:00,129.96351774412037,131.43658316127537,123.25578525646681,124.5096435546875,2496400,0.0,0.0
2022-12-06 00:00:00-05:00,123.07166140697483,125.91259085466262,120.58147142283381,121.18648529052734,2009500,0.0,0.0
2022-12-07 00:00:00-05:00,121.69504742890314,123.37857027965042,119.66081183487812,119.7397232055664,1795200,0.0,0.0
2022-12-08 00:00:00-05:00,123.04536348902616,123.86080769440287,116.153489908856,116.51299285888672,3625400,0.0,0.0
2022-12-09 00:00:00-05:00,116.26746363084179,118.5209059026742,113.5405264799214,113.63697814941406,2872100,0.0,0.0
2022-12-12 00:00:00-05:00,114.60148441646564,117.92467198601958,113.72465590007441,117.67916107177734,3968200,0.0,0.0
2022-12-13 00:00:00-05:00,119.41528961639965,121.5372132307273,118.29295007459565,119.52928161621094,4811300,0.0,0.0
2022-12-14 00:00:00-05:00,120.56391661479674,122.70338025760114,119.14345875134241,119.9852066040039,4133300,0.0,0.0
2022-12-15 00:00:00-05:00,118.37186099685715,121.07249469030657,117.7668471221784,120.4587173461914,2998200,0.0,0.0
2022-12-16 00:00:00-05:00,117.81068676259507,119.89754303282992,116.45159980827692,117.77561950683594,12724100,0.0,0.0
2022-12-19 00:00:00-05:00,118.08252539863966,119.5380643253348,116.26749685505534,117.12678527832031,1879400,0.0,0.0
2022-12-20 00:00:00-05:00,116.79357298280125,119.41529545116234,116.39900276793118,118.31925964355469,1668400,0.0,0.0
2022-12-21 00:00:00-05:00,120.87082078755003,121.10755486256802,118.8102683464106,120.1255111694336,2396500,0.0,0.0
2022-12-22 00:00:00-05:00,120.47624864094844,120.58147717470325,113.69836706428636,116.51299285888672,2354400,0.0,0.0
2022-12-23 00:00:00-05:00,118.45955213351681,120.2132093767704,117.50379876764293,120.15182495117188,1759500,0.0,0.0
2022-12-27 00:00:00-05:00,120.69542712368697,121.16892196473144,119.61693190917009,120.6340560913086,1560200,0.0,0.0
2022-12-28 00:00:00-05:00,120.41487296452352,120.5376284330654,117.41612076499266,117.90714263916016,1719700,0.0,0.0
2022-12-29 00:00:00-05:00,116.59190110758746,120.28334205583221,116.18855406088774,119.49420166015625,1406400,0.0,0.0
2022-12-30 00:00:00-05:00,118.86287764284866,120.35348352136225,118.37185578915873,119.93260955810547,1487000,0.0,0.0
2023-01-03 00:00:00-05:00,118.34554207848655,119.52926588885067,113.64574084831678,115.1977310180664,2406400,0.0,0.0
2023-01-04 00:00:00-05:00,113.20732771028128,116.78478958126917,112.30419542929745,114.53133392333984,1724400,0.0,0.0
2023-01-05 00:00:00-05:00,114.93468537438743,118.58229527202145,114.21567955735023,117.53009033203125,2407600,0.0,0.0
2023-01-06 00:00:00-05:00,119.68712346640277,122.21239452862272,118.98565779585891,121.1251220703125,2473700,0.0,0.0
2023-01-09 00:00:00-05:00,123.4925381175842,125.7021499591434,122.99275276756244,124.06248474121094,2453400,0.0,0.0
2023-01-10 00:00:00-05:00,124.96559606941574,125.49168511867025,122.55431780047945,124.4657974243164,1756100,0.0,0.0
2023-01-11 00:00:00-05:00,126.43868463922293,126.76312032737438,122.96645078791185,124.72010803222656,2199600,0.0,0.0
2023-01-12 00:00:00-05:00,124.99191442845367,128.6570514025519,124.99191442845367,127.42949676513672,1959900,0.0,0.0
2023-01-13 00:00:00-05:00,127.61362380422925,128.01697083211772,126.14932170228705,127.3505859375,1526600,0.0,0.0
2023-01-17 00:00:00-05:00,128.16604203683656,129.1393223725372,127.46457644166921,127.78023529052734,1883600,0.0,0.0
2023-01-18 00:00:00-05:00,128.4027890032699,131.20863799334114,126.18441360023363,126.35101318359375,2183500,0.0,0.0
2023-01-19 00:00:00-05:00,125.58819330527166,128.8061536014394,124.30803066787837,128.39404296875,1808100,0.0,0.0
2023-01-20 00:00:00-05:00,128.58689914830816,129.67417134693767,127.30673698120955,129.3760528564453,1534600,0.0,0.0
2023-01-23 00:00:00-05:00,130.64745036730412,131.70841877062003,130.0424365437005,130.954345703125,1467200,0.0,0.0
2023-01-24 00:00:00-05:00,131.48041498424186,131.9626732767357,128.46412316865073,129.10421752929688,1213300,0.0,0.0
2023-01-25 00:00:00-05:00,129.2883657603911,129.29714260858427,125.64953266512558,128.9639434814453,1646200,0.0,0.0
2023-01-26 00:00:00-05:00,130.91053071100535,131.5155446691435,128.50801519908785,131.4278564453125,2409400,0.0,0.0
2023-01-27 00:00:00-05:00,131.52431212389376,133.97065844248644,131.1385053343018,132.36607360839844,1632700,0.0,0.0
2023-01-30 00:00:00-05:00,130.3756362366245,130.64745094016777,127.3242766991369,127.4382553100586,2423400,0.0,0.0
2023-01-31 00:00:00-05:00,127.19275619566685,129.41990836047137,126.14932800767936,128.1221923828125,1632700,0.0,0.0
2023-02-01 00:00:00-05:00,127.14013635087272,127.69254260399339,123.56267435699614,125.69337463378906,2554200,0.0,0.0
2023-02-02 00:00:00-05:00,125.36018966062929,125.36018966062929,120.15182548435858,120.62532043457031,2727100,0.0,0.0
2023-02-03 00:00:00-05:00,121.35306549072266,123.93094355827307,120.70422092905476,121.35306549072266,1553300,0.0,0.0
2023-02-06 00:00:00-05:00,121.08122987487066,122.75597532064378,118.41567744053178,120.23070526123047,1748300,0.0,0.0
2023-02-07 00:00:00-05:00,121.19525596312991,126.00027317489706,119.68710962859792,125.87751770019531,2406600,0.0,0.0
2023-02-08 00:00:00-05:00,127.03493242844763,127.36811820001338,124.97437985731804,126.51759338378906,2029300,0.0,0.0
2023-02-09 00:00:00-05:00,126.47376376372316,126.83325332620696,123.83450107981957,124.0449447631836,1997500,0.0,0.0
2023-02-10 00:00:00-05:00,126.28960514269586,130.9718660237019,125.89503500181843,130.90171813964844,2817400,0.0,0.0
2023-02-13 00:00:00-05:00,129.7005057875747,131.86627384859932,129.0779648737808,129.97232055664062,2778100,0.0,0.0
2023-02-14 00:00:00-05:00,128.30632632645026,132.16436668490329,128.01697129266495,131.41029357910156,1617600,0.0,0.0
2023-02-15 00:00:00-05:00,129.3760549419358,129.49881040349035,126.14055545890434,127.70130920410156,3966400,0.0,0.0
2023-02-16 00:00:00-05:00,126.9735159494641,127.94679598936854,124.24657914427884,124.29918670654297,2541700,0.0,0.0
2023-02-17 00:00:00-05:00,122.1246795034049,122.1246795034049,116.8812485150497,118.09126281738281,4160500,0.0,0.0
2023-02-21 00:00:00-05:00,118.64366441220287,119.16099002583177,116.95139179765165,117.67916107177734,2601800,0.0,0.0
2023-02-22 00:00:00-05:00,119.95014621118845,124.8954586112429,118.41569627561235,120.3797836303711,3629600,0.0,0.0
2023-02-23 00:00:00-05:00,121.70381278240204,124.91300868069149,120.7305324978173,124.158935546875,2938100,0.0,0.0
2023-02-24 00:00:00-05:00,122.91381627203641,126.07040431530415,122.08960869678349,124.84284973144531,2199400,0.0,0.0
2023-02-27 00:00:00-05:00,125.52677269731137,127.37688138850646,124.36058917353994,126.57896423339844,2280900,0.0,0.0
2023-02-28 00:00:00-05:00,128.37648473383,128.5343074673637,123.21196456571012,123.26457214355469,2517100,0.0,0.0
2023-03-01 00:00:00-05:00,123.01028381959942,127.27167153827618,122.08084760339861,126.80695343017578,3477500,0.0,0.0
2023-03-02 00:00:00-05:00,126.20724316154141,129.42060160668473,124.9541270614118,129.0357208251953,2394800,2.95,0.0
2023-03-03 00:00:00-05:00,127.10233692584463,131.47036526961224,126.43996771796354,131.36294555664062,3427400,0.0,0.0
2023-03-06 00:00:00-05:00,129.78758873190273,130.17246950819256,128.17642972640124,128.48971557617188,2250100,0.0,0.0
2023-03-07 00:00:00-05:00,127.52303979954452,128.42707270885177,124.80196780303012,127.76471710205078,2709800,0.0,0.0
2023-03-08 00:00:00-05:00,126.47576858644815,130.27092790781904,125.66123631400647,127.54092407226562,2536200,0.0,0.0
2023-03-09 00:00:00-05:00,128.05111991251738,130.19933650260356,124.94516751497977,125.25845336914062,1704800,0.0,0.0
2023-03-10 00:00:00-05:00,124.95412529120374,126.81589385418057,121.09628963186573,121.65125274658203,2090800,0.0,0.0
2023-03-13 00:00:00-04:00,117.53384942955228,120.5502876752776,114.16832786654105,117.73971557617188,2957300,0.0,0.0
2023-03-14 00:00:00-04:00,117.53385985923902,122.21516057002991,116.70143558951334,118.72432708740234,2618600,0.0,0.0
2023-03-15 00:00:00-04:00,113.89980452240232,113.89980452240232,108.39501889088889,109.86296081542969,5858600,0.0,0.0
2023-03-16 00:00:00-04:00,107.42832916692612,112.56613300617673,106.52429629430542,112.36026000976562,3899100,0.0,0.0
2023-03-17 00:00:00-04:00,111.98431538648735,112.78094212981682,108.94997153740755,110.20309448242188,6217600,0.0,0.0
2023-03-20 00:00:00-04:00,110.14937268664679,113.56860378038807,110.14937268664679,112.43184661865234,2594200,0.0,0.0
2023-03-21 00:00:00-04:00,115.01864967071295,117.34588073033923,114.89333806952938,116.91622924804688,3064200,0.0,0.0
2023-03-22 00:00:00-04:00,117.22952208220521,117.99035134351197,114.39209849754252,114.53530883789062,1719200,0.0,0.0
2023-03-23 00:00:00-04:00,115.09024889749482,116.97888237051578,112.19016308844763,113.3448257446289,1877900,0.0,0.0
2023-03-24 00:00:00-04:00,110.55216011164248,113.22846742968724,109.05736013421392,112.26177215576172,2350300,0.0,0.0
2023-03-27 00:00:00-04:00,113.2195277691771,115.77052379125301,112.25283921221227,115.07235717773438,1742800,0.0,0.0
2023-03-28 00:00:00-04:00,114.58901757254228,117.49804971347366,114.09671709402726,116.9968032836914,1117300,0.0,0.0
2023-03-29 00:00:00-04:00,118.5363345003764,119.14500060664493,117.5428012964182,118.85856628417969,1343200,0.0,0.0
2023-03-30 00:00:00-04:00,120.27281455388244,120.28177416338227,118.50949238302198,119.31507873535156,1753100,0.0,0.0
2023-03-31 00:00:00-04:00,119.52988054580503,121.3737707537145,119.44932601488951,120.98887634277344,1946000,0.0,0.0
2023-04-03 00:00:00-04:00,128.07794616915248,130.50363701337548,126.636856108475,129.27735900878906,4018300,0.0,0.0
2023-04-04 00:00:00-04:00,130.4052057751204,130.55736890114974,124.62293869629792,126.78904724121094,2252100,0.0,0.0
2023-04-05 00:00:00-04:00,127.39769889199715,128.68662599853772,125.85814858784481,127.97949981689453,1985100,0.0,0.0
2023-04-06 00:00:00-04:00,127.30820568041109,127.49617993848874,125.5806945230549,125.8044662475586,1683600,0.0,0.0
2023-04-10 00:00:00-04:00,127.3260815368549,130.79006265346823,127.3260815368549,128.16746520996094,2581200,0.0,0.0
2023-04-11 00:00:00-04:00,128.6418699742596,131.0228040288499,128.6060588554871,129.9397430419922,2228100,0.0,0.0
2023-04-12 00:00:00-04:00,131.57775158825154,131.6493601668442,129.1699660575907,129.79652404785156,1486200,0.0,0.0
2023-04-13 00:00:00-04:00,129.52799773766753,131.48822606794772,129.3400235278918,130.44993591308594,1663400,0.0,0.0
2023-04-14 00:00:00-04:00,130.87959801895752,132.91144895727456,129.84129401314482,131.3450469970703,1531300,0.0,0.0
2023-04-17 00:00:00-04:00,131.3450507639254,131.8910542948874,129.2684426927448,129.4295654296875,1255500,0.0,0.0
2023-04-18 00:00:00-04:00,128.87458641588867,130.08295899133128,127.79153909704416,129.5011444091797,1365300,0.0,0.0
2023-04-19 00:00:00-04:00,127.74680760020581,128.63294857677994,126.94123482727852,128.59713745117188,1250800,0.0,0.0
2023-04-20 00:00:00-04:00,127.10232515388866,127.68412610867034,125.04362278952627,127.04862213134766,1555000,0.0,0.0
2023-04-21 00:00:00-04:00,127.01279881227025,127.29923311556627,125.23158499867814,126.28778076171875,1342300,0.0,0.0
2023-04-24 00:00:00-04:00,125.87605594820216,128.90143992207356,125.54486455823775,128.43600463867188,1934300,0.0,0.0
2023-04-25 00:00:00-04:00,126.93223631125345,127.29027916787823,124.22907078997474,124.7124252319336,1444300,0.0,0.0
2023-04-26 00:00:00-04:00,123.53091189927994,124.77508187955054,121.55277791912175,122.56421661376953,1607000,0.0,0.0
2023-04-27 00:00:00-04:00,122.53737960960295,123.9605780266411,121.26635797022608,123.57568359375,1543300,0.0,0.0
2023-04-28 00:00:00-04:00,123.45933185333972,127.94372604668021,122.85067930585171,127.28135681152344,1670900,0.0,0.0
2023-05-01 00:00:00-04:00,125.26739715094719,127.40665409458497,124.7840562798655,127.03966522216797,2382500,0.0,0.0
2023-05-02 00:00:00-04:00,124.75720491215183,124.75720491215183,117.757619448065,120.88147735595703,5074300,0.0,0.0
2023-05-03 00:00:00-04:00,117.82028237778921,119.01074948623723,114.8127901190629,115.26927947998047,3241800,0.0,0.0
2023-05-04 00:00:00-04:00,115.66311355865675,117.38167851879663,112.71827726469333,112.77198028564453,3582300,0.0,0.0
2023-05-05 00:00:00-04:00,116.63875975418587,119.69995499830365,115.55571236505507,118.8675308227539,2272100,0.0,0.0
2023-05-08 00:00:00-04:00,121.66913666989157,122.28674871925185,118.35731839114264,118.67955017089844,1589600,0.0,0.0
2023-05-09 00:00:00-04:00,117.31006461656058,120.55027420773689,116.86252125168255,118.96598052978516,1420000,0.0,0.0
2023-05-10 00:00:00-04:00,120.17293759050726,120.4521559818531,117.13754395794798,117.53385925292969,1541200,0.83,0.0
2023-05-11 00:00:00-04:00,114.97583135339026,116.57908994967165,114.04809955137671,114.9848403930664,2231200,0.0,0.0
2023-05-12 00:00:00-04:00,116.11074282406116,116.62414132100275,114.5434995955311,115.29109191894531,1705100,0.0,0.0
2023-05-15 00:00:00-04:00,115.93059907173439,116.6871935367336,114.89477245877171,116.15577697753906,1650700,0.0,0.0
2023-05-16 00:00:00-04:00,115.57932070430067,115.97562226900527,112.43583222915586,112.46285247802734,1591600,0.0,0.0
2023-05-17 00:00:00-04:00,113.67881101649543,115.80449782918534,112.48987197095023,114.91278839111328,1471900,0.0,0.0
2023-05-18 00:00:00-04:00,114.13818490543973,116.0296849262467,113.2014439359416,115.95762634277344,1211600,0.0,0.0
2023-05-19 00:00:00-04:00,117.55185734102929,118.713782916265,116.69618413258142,117.29065704345703,1486200,0.0,0.0
2023-05-22 00:00:00-04:00,117.50686301197777,120.38012200007438,117.29068724043113,119.29927062988281,1669000,0.0,0.0
2023-05-23 00:00:00-04:00,120.58727731374002,121.22677487395323,119.06507246140873,119.7315902709961,1202500,0.0,0.0
2023-05-24 00:00:00-04:00,120.96556959719042,121.68614161979923,118.97499093090751,121.03762817382812,1611200,0.0,0.0
2023-05-25 00:00:00-04:00,117.4527774260678,118.55164658666396,116.59710422560806,117.99320983886719,1483700,0.0,0.0
2023-05-26 00:00:00-04:00,118.83087980708312,118.9930150486867,116.91237336386153,117.98422241210938,1425100,0.0,0.0
2023-05-30 00:00:00-04:00,116.32689580892267,116.82228992986782,115.09292533437865,116.63314819335938,1580800,0.0,0.0
2023-05-31 00:00:00-04:00,114.43542001482652,115.57932767990926,113.49867905673545,114.5254898071289,2308900,0.0,0.0
2023-06-01 00:00:00-04:00,114.84073967244467,117.49783639062183,113.66080956579367,115.38117218017578,1380900,0.0,0.0
2023-06-02 00:00:00-04:00,117.50683134452801,119.03803818496176,116.32688770456643,118.30846405029297,2126300,0.0,0.0
2023-06-05 00:00:00-04:00,121.05562838149888,121.37088292556588,117.33569897785397,117.3807373046875,1651000,0.0,0.0
2023-06-06 00:00:00-04:00,115.29109412712589,118.52464573421796,115.29109412712589,117.95720672607422,1162700,0.0,0.0
2023-06-07 00:00:00-04:00,118.7408112777101,121.92032211015476,118.68677078098588,120.85747528076172,1910900,0.0,0.0
2023-06-08 00:00:00-04:00,120.85747026476638,121.27180362873615,118.29945273835304,120.10087585449219,1307600,0.0,0.0
2023-06-09 00:00:00-04:00,119.6595379871468,120.80343178950251,118.4976123613057,119.14612579345703,1098700,0.0,0.0
2023-06-12 00:00:00-04:00,116.57009545939908,118.89393307326512,115.78648075305848,116.85832977294922,1697400,0.0,0.0
2023-06-13 00:00:00-04:00,118.41655203119565,120.50619574137349,116.91236534808354,117.14654541015625,1650500,0.0,0.0
2023-06-14 00:00:00-04:00,118.83089006326772,119.03806365340708,113.0213091172518,114.19223022460938,2260300,0.0,0.0
2023-06-15 00:00:00-04:00,114.87676071374511,116.71421324116096,113.73285310934139,114.08413696289062,2961500,0.0,0.0
2023-06-16 00:00:00-04:00,114.39939211661674,116.27286718372827,113.49868043885523,115.95762634277344,4054000,0.0,0.0
2023-06-20 00:00:00-04:00,114.96682502127314,115.2010119551818,112.82313394407775,114.36334991455078,2092900,0.0,0.0
2023-06-21 00:00:00-04:00,114.43540631008588,116.26384967520079,114.00306173817333,114.99384307861328,1710000,0.0,0.0
2023-06-22 00:00:00-04:00,113.840938310154,114.01207571275991,112.1476029799606,113.35455322265625,1324300,0.0,0.0
2023-06-23 00:00:00-04:00,112.0935538808525,113.18342094475828,111.1568198807437,112.94923400878906,3578500,0.0,0.0
2023-06-26 00:00:00-04:00,113.4536253938162,115.31809801725916,113.38156682095759,114.5885238647461,1296100,0.0,0.0
2023-06-27 00:00:00-04:00,114.54349600748935,115.66938554174214,113.84995107801876,114.67860412597656,1586600,0.0,0.0
2023-06-28 00:00:00-04:00,115.137968797356,115.85854084688798,113.21044646752493,115.84052276611328,1435400,0.0,0.0
2023-06-29 00:00:00-04:00,116.19180290446326,117.49783204882162,115.95762282311036,117.10151672363281,1143300,0.0,0.0
2023-06-30 00:00:00-04:00,117.9932024278852,119.34426963125793,116.92135358087356,118.31745910644531,1282400,0.0,0.0
2023-07-03 00:00:00-04:00,118.52462787938302,119.79463444531497,118.18236684101535,118.84888458251953,663100,0.0,0.0
2023-07-05 00:00:00-04:00,119.6415174895335,119.6415174895335,117.06548189270603,117.6329345703125,2062300,0.0,0.0
2023-07-06 00:00:00-04:00,116.98443751004696,117.77705444345364,113.2464826600389,114.54350280761719,1833300,0.0,0.0
2023-07-07 00:00:00-04:00,114.12916704810729,120.95655581549438,114.12916704810729,119.25421142578125,2328400,0.0,0.0
2023-07-10 00:00:00-04:00,119.41632078975266,121.01958600545802,119.08306196493376,120.7763900756836,1587400,0.0,0.0
2023-07-11 00:00:00-04:00,121.5600228437191,124.24413910552283,121.0736309661929,123.52356719970703,2162500,0.0,0.0
2023-07-12 00:00:00-04:00,124.28018412546484,126.1176435067584,123.85684856917507,125.65827178955078,2066000,0.0,0.0
2023-07-13 00:00:00-04:00,126.20769665495045,126.93727080374165,123.55960252691762,125.56819915771484,2138000,0.0,0.0
2023-07-14 00:00:00-04:00,124.87466875880315,124.87466875880315,121.74919807981021,122.1905517578125,1747500,0.0,0.0
2023-07-17 00:00:00-04:00,121.65913001467156,122.88408467323345,121.30783927469263,122.0194091796875,1253000,0.0,0.0
2023-07-18 00:00:00-04:00,121.80322935465489,125.8384273352755,121.75819102459415,125.02777862548828,1934900,0.0,0.0
2023-07-19 00:00:00-04:00,125.00075994389651,126.97332062888485,124.21714521733304,125.10884094238281,1336100,0.0,0.0
2023-07-20 00:00:00-04:00,126.66710289118778,127.67589569372402,125.60425583671183,126.11766815185547,2001200,0.0,0.0
2023-07-21 00:00:00-04:00,126.74814069516088,128.0541697998303,125.88345148977425,127.21651458740234,4011400,0.0,0.0
2023-07-24 00:00:00-04:00,128.0811869825934,130.72928128996597,127.88302933076496,130.1077880859375,3024500,0.0,0.0
2023-07-25 00:00:00-04:00,130.0447612557113,132.26952028178536,129.70248640746297,131.53993225097656,2444400,0.0,0.0
2023-07-26 00:00:00-04:00,130.31492988469373,131.5398980430642,129.72947292219817,130.5941619873047,1298100,0.0,0.0
2023-07-27 00:00:00-04:00,131.4408584351747,132.0713676520957,129.45029317395904,130.0177459716797,1558600,0.0,0.0
2023-07-28 00:00:00-04:00,130.51309498597797,131.20664671119818,128.54054828326946,131.17962646484375,1737000,0.0,0.0
2023-07-31 00:00:00-04:00,130.56717564767575,132.85497734589887,130.56717564767575,132.69285583496094,2219800,0.0,0.0
2023-08-01 00:00:00-04:00,131.6840324805987,133.75567189848718,130.45006199307642,133.19723510742188,3894300,0.0,0.0
2023-08-02 00:00:00-04:00,132.8459479059323,133.08012795491572,130.6211893374046,132.21543884277344,2429800,0.0,0.0
2023-08-03 00:00:00-04:00,133.17022524832916,135.55710566451557,132.1524166682572,133.67462158203125,2520700,0.0,0.0
2023-08-04 00:00:00-04:00,134.79148199453837,135.29589202240098,133.3773719654707,133.8187255859375,1640300,0.0,0.0
2023-08-07 00:00:00-04:00,134.71042229294073,135.22383449278712,133.3773729969856,133.83673095703125,1416700,0.0,0.0
2023-08-08 00:00:00-04:00,130.8103580959555,134.48526353046154,129.91866229701708,134.3861846923828,1942300,0.0,0.0
2023-08-09 00:00:00-04:00,135.47313329893458,137.45686222052262,135.08364108153296,136.2611846923828,2306600,0.84,0.0
2023-08-10 00:00:00-04:00,136.2611680956994,137.43872538470544,134.65789227131444,135.5999298095703,1668300,0.0,0.0
2023-08-11 00:00:00-04:00,135.11081505904525,136.3880122925301,134.56732275751622,135.563720703125,1650100,0.0,0.0
2023-08-14 00:00:00-04:00,135.65430292023794,135.9260490897952,134.34994618521486,134.9115447998047,1347900,0.0,0.0
2023-08-15 00:00:00-04:00,133.8064493222154,134.34087468393946,132.44773234195048,133.52565002441406,1713900,0.0,0.0
2023-08-16 00:00:00-04:00,133.80643887324487,135.02928958862418,132.7375744116807,133.081787109375,1564600,0.0,0.0
2023-08-17 00:00:00-04:00,135.31912503708173,135.9984833889959,133.40786298749995,133.61619567871094,1166300,0.0,0.0
2023-08-18 00:00:00-04:00,132.28467562524074,134.63073738697403,131.9676499644976,134.09629821777344,1497700,0.0,0.0
2023-08-21 00:00:00-04:00,135.3010266046004,136.1524914200964,133.27201818120557,134.46768188476562,2390900,0.0,0.0
2023-08-22 00:00:00-04:00,134.75753473359262,135.37347970901496,133.97853655659375,134.33180236816406,1384300,0.0,0.0
2023-08-23 00:00:00-04:00,133.12710462891962,134.34088860656857,131.65062760110789,134.25936889648438,1876300,0.0,0.0
2023-08-24 00:00:00-04:00,133.39884215605792,135.7086638762337,133.18144245503024,134.97494506835938,2932500,0.0,0.0
2023-08-25 00:00:00-04:00,135.53657790604072,135.88077687415728,133.81552777911202,135.464111328125,1598200,0.0,0.0
2023-08-28 00:00:00-04:00,135.87169532972476,137.65614470078182,135.69053583360184,136.48764038085938,1237900,0.0,0.0
2023-08-29 00:00:00-04:00,135.8716977978658,137.00396194618136,135.19233930887648,136.94961547851562,1175100,0.0,0.0
2023-08-30 00:00:00-04:00,137.23042546720274,137.71955753588549,136.84093320419782,137.05831909179688,1518000,0.0,0.0
2023-08-31 00:00:00-04:00,137.4930771841622,137.71952998616771,136.09813400530447,137.48402404785156,1370600,0.0,0.0
2023-09-01 00:00:00-04:00,138.4985669369968,140.60005616207272,138.10907464290668,140.09280395507812,2555600,0.0,0.0
2023-09-05 00:00:00-04:00,140.3373447708257,141.70512874490288,139.40436019303507,139.66705322265625,2018700,0.0,0.0
2023-09-06 00:00:00-04:00,139.07823710312388,141.99495009535863,139.06013083176478,141.39712524414062,2533900,0.0,0.0
2023-09-07 00:00:00-04:00,141.21600474176142,142.38450929550476,139.81200799967763,140.28302001953125,1840700,0.0,0.0
2023-09-08 00:00:00-04:00,141.39715366162005,142.8555104508326,140.86271447433052,141.333740234375,1414800,0.0,0.0
2023-09-11 00:00:00-04:00,142.65622382557572,142.96419634437856,137.45686208938994,138.19056701660156,2383900,0.0,0.0
2023-09-12 00:00:00-04:00,139.94784038980345,142.4478745044922,139.7032674783023,141.5873565673828,2837700,0.0,0.0
2023-09-13 00:00:00-04:00,142.16709278054546,142.23955934925726,139.36813894427803,141.11634826660156,1322200,0.0,0.0
2023-09-14 00:00:00-04:00,143.11818189284546,143.68884742076787,142.61998292573725,143.04571533203125,1488800,0.0,0.0
2023-09-15 00:00:00-04:00,142.03118253959698,143.57105863764045,140.33730639232678,141.080078125,3351100,0.0,0.0
2023-09-18 00:00:00-04:00,142.2938935175439,142.59281290454095,140.7087237456885,141.5420684814453,1018200,0.0,0.0
2023-09-19 00:00:00-04:00,142.6743594699836,143.01857225102327,140.0293916397694,140.75404357910156,1117900,0.0,0.0
2023-09-20 00:00:00-04:00,140.0384146424283,141.08009197589692,138.3264320567077,138.48947143554688,1378100,0.0,0.0
2023-09-21 00:00:00-04:00,138.99674959156613,139.087336255655,136.28838248727203,137.10360717773438,2660800,0.0,0.0
2023-09-22 00:00:00-04:00,137.6742661502459,138.9061700862087,136.0166297923382,136.3880157470703,1367300,0.0,0.0
2023-09-25 00:00:00-04:00,136.61444661310637,138.52569490356566,136.18871425960097,138.2630157470703,1974600,0.0,0.0
2023-09-26 00:00:00-04:00,137.42969454223416,139.75762244683642,137.3210016067678,138.6434783935547,1392300,0.0,0.0
2023-09-27 00:00:00-04:00,140.5909712855754,143.54391100773285,139.90254588441732,142.4207000732422,3027800,0.0,0.0
2023-09-28 00:00:00-04:00,142.42072258970057,143.9153196930477,141.51491118946052,142.33920288085938,1221100,0.0,0.0
2023-09-29 00:00:00-04:00,142.48411482656238,142.5928077555151,139.57645458282929,140.29205322265625,1851600,0.0,0.0
2023-10-02 00:00:00-04:00,140.53660391858955,140.69060398751824,134.73941769432378,136.05284118652344,1678100,0.0,0.0
2023-10-03 00:00:00-04:00,135.67240542344544,136.6778564453125,134.38615513069723,136.6778564453125,1693800,0.0,0.0
2023-10-04 00:00:00-04:00,135.48218571346914,135.48218571346914,130.64514347621648,131.80458068847656,2536200,0.0,0.0
2023-10-05 00:00:00-04:00,129.87523680611292,132.3390448031936,129.60349063466143,131.4513397216797,1718300,0.0,0.0
2023-10-06 00:00:00-04:00,133.8789286133401,138.58914516170856,132.39339845989497,136.98585510253906,4441200,0.0,0.0
2023-10-09 00:00:00-04:00,141.143527969262,142.5837646657033,140.30111624576918,141.7322998046875,2184400,0.0,0.0
2023-10-10 00:00:00-04:00,141.73229179257706,143.08195557274024,140.66342729717658,141.65077209472656,1661600,0.0,0.0
2023-10-11 00:00:00-04:00,141.39715661628705,144.0964705568854,140.9714241780094,143.8881378173828,3028200,0.0,0.0
2023-10-12 00:00:00-04:00,145.54575000224054,147.78310497212206,145.0566179919786,147.06752014160156,3206300,0.0,0.0
2023-10-13 00:00:00-04:00,150.13823997841033,152.47523505566903,150.1201198803148,150.88101196289062,2908300,0.0,0.0
2023-10-16 00:00:00-04:00,152.10383501759165,152.29406147606568,149.53133418898597,151.64187622070312,1661700,0.0,0.0
2023-10-17 00:00:00-04:00,151.51506469325912,153.62560674593118,151.45165126594355,152.60203552246094,1925700,0.0,0.0
2023-10-18 00:00:00-04:00,153.70713356356887,155.25606326594783,152.99153484128942,153.91546630859375,1996000,0.0,0.0
2023-10-19 00:00:00-04:00,153.46256450987744,154.59482875087957,151.95891428064618,153.00965881347656,1580300,0.0,0.0
2023-10-20 00:00:00-04:00,153.00966637200025,153.634678475362,150.3737517715553,150.7994842529297,2465500,0.0,0.0
2023-10-23 00:00:00-04:00,149.11465454151138,151.62375575896974,148.31754998144285,149.7487335205078,2548800,0.0,0.0
2023-10-24 00:00:00-04:00,150.18353545916642,150.70890773876397,147.8103001518002,147.8827667236328,1604600,0.0,0.0
2023-10-25 00:00:00-04:00,148.37190175906022,149.5766325120521,147.04035797004732,149.16900634765625,1596700,0.0,0.0
2023-10-26 00:00:00-04:00,147.67443423133372,148.22697974865525,144.68525379043993,146.48782348632812,2669100,0.0,0.0
2023-10-27 00:00:00-04:00,146.741442326879,146.80485575730683,143.04573026894522,144.97511291503906,1589100,0.0,0.0
2023-10-30 00:00:00-04:00,145.1653423502279,146.07115382736504,142.25769524870594,143.50770568847656,1496200,0.0,0.0
2023-10-31 00:00:00-04:00,143.97869472220924,145.98054365645947,142.51128492725996,145.21966552734375,1342500,0.0,0.0
2023-11-01 00:00:00-04:00,146.68707177357257,147.2758435403291,143.7613053911416,144.39537048339844,1700500,0.0,0.0
2023-11-02 00:00:00-04:00,143.45334372489899,148.0820404262456,142.7558789143398,147.86465454101562,1621200,0.0,0.0
2023-11-03 00:00:00-04:00,148.07300381409127,148.5893091707201,145.7178884362994,146.83204650878906,1294200,0.0,0.0
2023-11-06 00:00:00-05:00,147.1128209487329,147.71971287928844,144.11458766754154,145.05662536621094,1914800,0.0,0.0
2023-11-07 00:00:00-05:00,142.9551465037163,144.9932219358925,139.1054484651612,143.83377075195312,3074600,0.0,0.0
2023-11-08 00:00:00-05:00,142.71060275551244,144.5131587715345,140.55476699030683,141.2794189453125,2448500,0.0,0.0
2023-11-09 00:00:00-05:00,141.8862900265361,143.38087323293817,140.75402583332718,140.92613220214844,1785400,0.0,0.0
2023-11-10 00:00:00-05:00,142.81022119441198,143.71603254717888,141.18881113287196,142.8555145263672,1692200,0.0,0.0
2023-11-13 00:00:00-05:00,143.13634591427086,144.34107694204766,142.5294538304893,143.28126525878906,1289700,0.0,0.0
2023-11-14 00:00:00-05:00,144.06930550593287,144.7033707197305,143.23596067900098,144.1689453125,2417800,0.0,0.0
2023-11-15 00:00:00-05:00,143.82654972796635,146.1308149647744,143.82654972796635,144.1689453125,1785600,3.37,0.0
2023-11-16 00:00:00-05:00,143.2435163309355,143.40084769774504,137.58003898396265,141.1243438720703,3097600,0.0,0.0
2023-11-17 00:00:00-05:00,142.54020483909673,145.7050898836607,142.04974106474006,144.50205993652344,2182700,0.0,0.0
2023-11-20 00:00:00-05:00,145.3164212768441,146.42690502782966,144.0023471907784,144.50205993652344,1421400,0.0,0.0
2023-11-21 00:00:00-05:00,143.65996799162824,143.99311456680243,142.11454236029942,143.52114868164062,1127800,0.0,0.0
2023-11-22 00:00:00-05:00,139.71774042391732,143.09547950281964,138.8015978719051,142.66053771972656,1363500,0.0,0.0
2023-11-24 00:00:00-05:00,142.96593326733424,144.60389120775082,142.9103970634371,143.09548950195312,549800,0.0,0.0
2023-11-27 00:00:00-05:00,142.31815235768272,142.86415251357602,141.1799071727342,142.531005859375,1232200,0.0,0.0
2023-11-28 00:00:00-05:00,142.89188827887156,144.1041674081292,142.0867757699855,142.5032196044922,1066600,0.0,0.0
2023-11-29 00:00:00-05:00,142.91965264558291,143.33608236921455,141.60557830049848,142.31813049316406,1031500,0.0,0.0
2023-11-30 00:00:00-05:00,143.58591505931534,145.73284839124864,139.85653217225774,142.89186096191406,2406800,0.0,0.0
2023-12-01 00:00:00-05:00,142.79007487878997,145.07582764793668,142.19781590949088,142.76231384277344,1353900,0.0,0.0
2023-12-04 00:00:00-05:00,141.32792710359317,142.6049911942284,140.76342919170324,142.3828887939453,1372900,0.0,0.0
2023-12-05 00:00:00-05:00,142.7068046151202,142.9659170549746,138.85711390789945,138.94964599609375,1842800,0.0,0.0
2023-12-06 00:00:00-05:00,137.6448314151919,137.97797798969222,134.83159053706282,135.55340576171875,3304500,0.0,0.0
2023-12-07 00:00:00-05:00,136.8952314108072,137.62630967706946,135.59042036290745,136.58059692382812,2245500,0.0,0.0
2023-12-08 00:00:00-05:00,137.1821346227614,139.19026312999577,136.96003218985942,137.6355743408203,1596100,0.0,0.0
2023-12-11 00:00:00-05:00,137.40423456947025,139.0422066144619,137.25618038890198,138.38516235351562,1992800,0.0,0.0
2023-12-12 00:00:00-05:00,137.2099066805304,137.82066370906196,135.86807124367584,136.8489990234375,2404800,0.0,0.0
2023-12-13 00:00:00-05:00,137.04331143939802,138.57948811900263,136.36776930750207,138.31112670898438,1840400,0.0,0.0
2023-12-14 00:00:00-05:00,139.78249842070375,142.64199792083403,139.62518118599985,141.9942169189453,2552900,0.0,0.0
2023-12-15 00:00:00-05:00,141.2816468616675,142.51243779160845,139.61591424518477,141.68882751464844,4063700,0.0,0.0
2023-12-18 00:00:00-05:00,144.84446907355832,146.0752600512447,144.02085876464844,144.02085876464844,1883400,0.0,0.0
2023-12-19 00:00:00-05:00,143.94681948036146,145.68657211118725,143.32679952802977,145.42745971679688,1578800,0.0,0.0
2023-12-20 00:00:00-05:00,145.3997148168389,147.54666246066225,144.0578795997333,144.20594787597656,1581400,0.0,0.0
2023-12-21 00:00:00-05:00,144.77968061410425,145.0295440407189,143.0399279606479,144.60385131835938,1292300,0.0,0.0
2023-12-22 00:00:00-05:00,145.78836218538305,146.51019139663367,144.34473200401374,144.72415161132812,1258500,0.0,0.0
2023-12-26 00:00:00-05:00,145.86241642937486,148.05563715714874,145.86241642937486,147.1394805908203,1038900,0.0,0.0
2023-12-27 00:00:00-05:00,147.1394857395132,147.8242909452275,145.64033323357927,146.29736328125,911800,0.0,0.0
2023-12-28 00:00:00-05:00,145.73285656570397,145.92719793692672,143.68771828482954,143.7432403564453,1167000,0.0,0.0
2023-12-29 00:00:00-05:00,144.3632733112979,144.6964198914544,143.18800424788895,143.51190185546875,2267700,0.0,0.0
2024-01-02 00:00:00-05:00,144.8907612546091,146.78783143402623,144.65940985511247,145.2979278564453,1400300,0.0,0.0
2024-01-03 00:00:00-05:00,145.9271817582684,148.8884762541928,144.69639086515986,148.22218322753906,1391300,0.0,0.0
2024-01-04 00:00:00-05:00,149.05508023686437,149.56404199810177,143.91907655785906,144.1967010498047,1815200,0.0,0.0
2024-01-05 00:00:00-05:00,145.10358641365977,145.89017262276775,143.104707128337,144.31698608398438,1654700,0.0,0.0
2024-01-08 00:00:00-05:00,141.4019516505452,144.14114379882812,139.46785770278444,144.14114379882812,2130700,0.0,0.0
2024-01-09 00:00:00-05:00,144.39104009695495,144.5391083874891,140.87449585990075,141.36495971679688,1356800,0.0,0.0
2024-01-10 00:00:00-05:00,140.83746999893856,140.93926517215448,138.69052238950033,140.0693817138672,1470200,0.0,0.0
2024-01-11 00:00:00-05:00,140.65237107764142,141.18910790124056,139.15320473566948,140.0971221923828,1234700,0.0,0.0
2024-01-12 00:00:00-05:00,142.50321445494384,143.05844934660612,140.70792531870765,142.36439514160156,1472500,0.0,0.0
2024-01-16 00:00:00-05:00,141.61481174022825,141.92019726954618,139.45861509060873,139.88430786132812,1423100,0.0,0.0
2024-01-17 00:00:00-05:00,138.2463311786544,140.03237118929871,137.76511635062937,138.60723876953125,1448100,0.0,0.0
2024-01-18 00:00:00-05:00,138.55172414075247,139.11622210763758,137.24689888803258,138.5702362060547,1460800,0.0,0.0
2024-01-19 00:00:00-05:00,138.5609722016805,139.83803640833096,137.90394215374323,139.79176330566406,1344100,0.0,0.0
2024-01-22 00:00:00-05:00,139.99535381143434,141.82765289035194,138.9589040893102,140.6061248779297,2268600,0.0,0.0
2024-01-23 00:00:00-05:00,139.72701282754045,141.67035634051297,139.46790035914412,140.17120361328125,1307300,0.0,0.0
2024-01-24 00:00:00-05:00,141.02251866329382,142.15151430346003,139.96755714451479,141.7720947265625,1470200,0.0,0.0
2024-01-25 00:00:00-05:00,143.10468964624295,144.74266114833028,141.09656163456745,144.6593780517578,2399500,0.0,0.0
2024-01-26 00:00:00-05:00,144.82597329223697,145.37195919558434,142.74381073691725,144.5853729248047,1443200,0.0,0.0
2024-01-29 00:00:00-05:00,144.27070402931986,144.27070402931986,142.24407795477904,143.30828857421875,2775200,0.0,0.0
2024-01-30 00:00:00-05:00,142.34587943129733,145.6403207206101,141.9571966989023,145.223876953125,2002400,0.0,0.0
2024-01-31 00:00:00-05:00,145.1128382067702,145.1128382067702,142.04974817639413,142.2718505859375,1636100,0.0,0.0
2024-02-01 00:00:00-05:00,142.97516270413075,143.58593377840526,140.04162869780873,141.32794189453125,1578800,0.0,0.0
2024-02-02 00:00:00-05:00,141.18912819484538,141.49449959300742,138.9866585194675,139.01441955566406,1282800,0.0,0.0
2024-02-05 00:00:00-05:00,138.64425987837845,139.3290509166016,136.89522991387685,138.45916748046875,1613000,0.0,0.0
2024-02-06 00:00:00-05:00,139.1809840236041,141.39270264306117,138.81082746525712,140.6523895263672,1927200,0.0,0.0
2024-02-07 00:00:00-05:00,140.64311267185363,141.401951898949,139.4678579477906,140.15264892578125,1754700,0.0,0.0
2024-02-08 00:00:00-05:00,140.1989508339493,142.87337249955635,140.0231215076058,142.03125,1674700,0.0,0.0
2024-02-09 00:00:00-05:00,142.24407027582657,142.71602194651837,139.96756677831706,140.4210205078125,1015100,0.0,0.0
2024-02-12 00:00:00-05:00,148.06490915099886,155.57919877182962,146.78784479098906,153.5988311767578,7276300,0.0,0.0
2024-02-13 00:00:00-05:00,154.82959741865287,157.0043060687518,151.36858976347565,153.24716186523438,3354200,0.0,0.0
2024-02-14 00:00:00-05:00,155.19977574478966,157.57806073824912,153.7191211713295,157.18939208984375,3724500,0.0,0.0
2024-02-15 00:00:00-05:00,157.85567746897004,166.13805416286442,157.56880401311201,165.20339965820312,3728700,0.0,0.0
2024-02-16 00:00:00-05:00,166.0455038545067,167.99811004511284,164.78696591685554,166.0362548828125,2540900,0.0,0.0
2024-02-20 00:00:00-05:00,166.17511215487042,166.70258607332465,164.03741307734742,164.77774047851562,2792200,0.0,0.0
2024-02-21 00:00:00-05:00,168.6366460514702,170.23760778777384,164.9812970261591,166.34164428710938,3442900,0.0,0.0
2024-02-22 00:00:00-05:00,166.23985434673665,166.90614748003566,163.23228627468941,163.5469207763672,2346100,0.0,0.0
2024-02-23 00:00:00-05:00,162.27912322771502,164.5278520113774,161.38147868461718,163.20452880859375,2092400,0.0,0.0
2024-02-26 00:00:00-05:00,162.67704789038865,164.66667844773156,161.62208604735022,163.89859008789062,1374200,0.0,0.0
2024-02-27 00:00:00-05:00,164.1947037282945,164.96279204689685,163.00093675443736,164.67591857910156,1499100,0.0,0.0
2024-02-28 00:00:00-05:00,163.91708419881596,166.40642730573185,163.5469135186501,166.35089111328125,1458000,0.0,0.0
2024-02-29 00:00:00-05:00,167.17449616929284,169.33995574815884,166.57298824884333,168.90501403808594,2029400,0.0,0.0
2024-03-01 00:00:00-05:00,169.66386682244087,171.9218588456447,169.48803749136965,171.35736083984375,1774300,0.0,0.0
2024-03-04 00:00:00-05:00,172.30780969873328,172.30780969873328,167.7060344056068,168.345947265625,1320000,3.08,0.0
2024-03-05 00:00:00-05:00,168.46831161701488,171.38558460983887,168.34596940616308,169.44700622558594,1141500,0.0,0.0
2024-03-06 00:00:00-05:00,170.32217226197838,171.11265790549112,168.73178120052702,170.50096130371094,1736600,0.0,0.0
2024-03-07 00:00:00-05:00,170.8491834996892,172.79716724127402,170.80212770006534,172.034912109375,1551100,0.0,0.0
2024-03-08 00:00:00-05:00,171.9313817252896,173.9923020976058,171.5831946820918,172.48660278320312,1251800,0.0,0.0
2024-03-11 00:00:00-04:00,171.77143375055365,173.72883746015452,170.84920029679495,173.6253204345703,1290800,0.0,0.0
2024-03-12 00:00:00-04:00,174.56636791625496,174.9145549984877,172.8912847798818,173.64413452148438,1099200,0.0,0.0
2024-03-13 00:00:00-04:00,175.74268870019782,177.48365280591997,175.02748935332377,176.50494384765625,1436900,0.0,0.0
2024-03-14 00:00:00-04:00,176.92841450158153,178.51880576373827,176.72138046985614,178.33059692382812,1467800,0.0,0.0
2024-03-15 00:00:00-04:00,177.94473873933558,180.09977062959382,176.7778354521786,178.74464416503906,3367100,0.0,0.0
2024-03-18 00:00:00-04:00,179.47867651307408,180.01507238593217,177.662426158946,178.85757446289062,1170300,0.0,0.0
2024-03-19 00:00:00-04:00,178.71641744457838,181.4925370585841,178.33058002570434,181.2666778564453,1288700,0.0,0.0
2024-03-20 00:00:00-04:00,180.40092970198614,181.63371416333098,178.87641937383935,181.5301971435547,1373600,0.0,0.0
2024-03-21 00:00:00-04:00,181.83136062056056,183.1958928445997,181.04087476987226,182.94180297851562,1326900,0.0,0.0
2024-03-22 00:00:00-04:00,183.50641100344447,183.61933343058814,181.63369938330254,183.22409057617188,1080300,0.0,0.0
2024-03-25 00:00:00-04:00,184.19337466915601,185.74612979703065,184.19337466915601,185.002685546875,1332700,0.0,0.0
2024-03-26 00:00:00-04:00,185.00270228699193,186.4425207616778,182.6406504270792,182.80062866210938,1541900,0.0,0.0
2024-03-27 00:00:00-04:00,182.45244376987498,184.9744738950403,182.0477811098435,184.9462432861328,987000,0.0,0.0
2024-03-28 00:00:00-04:00,186.33902067353392,186.8283751988838,184.9180272619286,186.48959350585938,1052600,0.0,0.0
2024-04-01 00:00:00-04:00,187.60002507641053,188.0893651768249,185.92494202946708,187.69412231445312,1148300,0.0,0.0
2024-04-02 00:00:00-04:00,188.21170369025563,188.8328057586927,186.4707396873554,188.5598907470703,1543800,0.0,0.0
2024-04-03 00:00:00-04:00,189.1621822953677,191.4771927484452,189.1151408533275,191.24192810058594,1490100,0.0,0.0
2024-04-04 00:00:00-04:00,191.6371673610224,191.94771841345226,188.74812500685283,189.1998291015625,1459700,0.0,0.0
2024-04-05 00:00:00-04:00,189.52918082658888,192.94522786077889,188.4940250667286,192.27708435058594,1519800,0.0,0.0
2024-04-08 00:00:00-04:00,192.52175854397137,196.20130089515536,191.4113019957946,194.39447021484375,1830400,0.0,0.0
2024-04-09 00:00:00-04:00,195.3167138630071,196.20131123799672,192.68174693053567,193.415771484375,1830200,0.0,0.0
2024-04-10 00:00:00-04:00,191.97595203547573,194.62032437139925,191.7500928048683,194.0745086669922,1182900,0.0,0.0
2024-04-11 00:00:00-04:00,194.79910425498664,196.01306336915871,191.5995111849017,195.98483276367188,1250200,0.0,0.0
2024-04-12 00:00:00-04:00,197.02000974710228,199.46676761089572,192.91699407914012,194.17800903320312,1526900,0.0,0.0
2024-04-15 00:00:00-04:00,195.65549131583828,197.1329458082293,192.54999515373558,193.2463836669922,1229200,0.0,0.0
2024-04-16 00:00:00-04:00,191.9382985592326,193.105201912741,189.9244339375122,191.9288787841797,1331900,0.0,0.0
2024-04-17 00:00:00-04:00,191.60892506297762,192.9075904103806,187.6188317847942,189.29391479492188,1578200,0.0,0.0
2024-04-18 00:00:00-04:00,190.1597124514117,190.809030803893,187.0259856849252,187.83529663085938,1063300,0.0,0.0
2024-04-19 00:00:00-04:00,189.36920580762333,191.83478894453395,188.30581942281268,188.90809631347656,1800800,0.0,0.0
2024-04-22 00:00:00-04:00,188.21171558334512,191.68422403336413,186.3766542282904,190.6396484375,1416100,0.0,0.0
2024-04-23 00:00:00-04:00,189.63269922686268,192.47470000833758,188.68223528087165,192.32412719726562,960400,0.0,0.0
2024-04-24 00:00:00-04:00,191.7030495639909,194.46974972604235,190.95960524485218,193.1428680419922,1289500,0.0,0.0
2024-04-25 00:00:00-04:00,193.5192672808007,195.42020945095715,191.43952170006446,194.89321899414062,1093800,0.0,0.0
2024-04-26 00:00:00-04:00,193.0863800419154,196.54007744303678,192.785248782721,195.51431274414062,1184000,0.0,0.0
2024-04-29 00:00:00-04:00,194.55442385036807,195.2413924796172,192.23941380795858,193.72628784179688,1663400,0.0,0.0
2024-04-30 00:00:00-04:00,192.52176518178646,193.49105436621554,188.88927850441638,189.27511596679688,2042700,0.0,0.0
2024-05-01 00:00:00-04:00,191.0348988078589,191.50542811526742,181.80311609401014,184.45689392089844,2875200,0.0,0.0
2024-05-02 00:00:00-04:00,185.21914443394098,186.47073962679087,183.54404706098143,185.9813995361328,1933200,0.0,0.0
2024-05-03 00:00:00-04:00,184.99329972523554,189.66094229994897,184.72038469230296,189.62330627441406,1873700,0.0,0.0
2024-05-06 00:00:00-04:00,190.57373848355627,193.6133675670815,190.24437664698624,192.15472412109375,1791600,0.0,0.0
2024-05-07 00:00:00-04:00,192.39000308262058,193.359292194133,191.07251255981575,191.67478942871094,1244800,0.0,0.0
2024-05-08 00:00:00-04:00,190.43261713757352,192.70057178919623,189.8679762389455,191.24192810058594,1390200,0.0,0.0
2024-05-09 00:00:00-04:00,191.30778547848368,192.6064508668423,190.94077321995806,191.7124481201172,1032900,0.0,0.0
2024-05-10 00:00:00-04:00,192.35234469384122,193.46280115054194,189.1056958582397,190.27261352539062,1732200,0.0,0.0
2024-05-13 00:00:00-04:00,191.21370043523797,191.30779768018152,188.3340633986164,188.93634033203125,1384100,0.0,0.0
2024-05-14 00:00:00-04:00,188.6702228694298,190.00075457797757,187.2826559433374,188.22354125976562,1474600,1.97,0.0
2024-05-15 00:00:00-04:00,187.31118711461033,187.98596616430802,183.92782224974877,186.9785614013672,1614800,0.0,0.0
2024-05-16 00:00:00-04:00,187.11159856965162,187.76736582191947,184.83066836603692,184.93521118164062,1145200,0.0,0.0
2024-05-17 00:00:00-04:00,185.6669965253386,188.44211573189963,185.16329422595945,187.8623809814453,1011900,0.0,0.0
2024-05-20 00:00:00-04:00,188.00496671280453,189.2024453122657,187.22564488495053,188.01446533203125,929000,0.0,0.0
2024-05-21 00:00:00-04:00,186.71243490680033,189.22144792394653,186.5983789730382,186.80746459960938,834100,0.0,0.0
2024-05-22 00:00:00-04:00,186.51286475638534,186.5983958381564,181.9795289002993,182.79685974121094,1179200,0.0,0.0
2024-05-23 00:00:00-04:00,184.40298659110064,185.48642365488334,182.2456110819017,182.43569946289062,1394600,0.0,0.0
2024-05-24 00:00:00-04:00,184.14638592761568,185.21082579541428,183.58566288667208,183.8612823486328,688400,0.0,0.0
2024-05-28 00:00:00-04:00,185.55296467811306,188.3375826466646,185.51494119975902,187.9479217529297,1304000,0.0,0.0
2024-05-29 00:00:00-04:00,187.76735391345514,187.97642502969458,183.68070024682152,185.3438720703125,1527700,0.0,0.0
2024-05-30 00:00:00-04:00,184.88768910286626,188.07148116791745,184.88768910286626,187.54876708984375,1288500,0.0,0.0
2024-05-31 00:00:00-04:00,187.72934443107556,189.5635930340358,187.18763310907232,189.37350463867188,2933800,0.0,0.0
2024-06-03 00:00:00-04:00,188.60370468683092,188.96485525271484,177.227606878579,181.24774169921875,2775100,0.0,0.0
2024-06-04 00:00:00-04:00,179.3659412110958,179.89815385056457,175.91605767250115,179.83163452148438,1744900,0.0,0.0
2024-06-05 00:00:00-04:00,179.83162619897104,180.58242303025224,179.13785007617875,179.80311584472656,825700,0.0,0.0
2024-06-06 00:00:00-04:00,179.5085069700595,182.0460301198367,179.43247452154063,181.5613250732422,1181400,0.0,0.0
2024-06-07 00:00:00-04:00,181.56133756333358,182.09356473957908,180.36385904562368,180.85806274414062,1027800,0.0,0.0
2024-06-10 00:00:00-04:00,181.29523889247545,185.32487210134536,181.1621857182146,184.34597778320312,961200,0.0,0.0
2024-06-11 00:00:00-04:00,183.0534474158294,184.11787276570945,181.75142608594345,184.06085205078125,716300,0.0,0.0
2024-06-12 00:00:00-04:00,185.57197367064404,186.27526304766369,182.80636726608208,184.04185485839844,1056800,0.0,0.0
2024-06-13 00:00:00-04:00,182.94891359990535,183.30055102705717,178.92879348101957,180.9055938720703,1268800,0.0,0.0
2024-06-14 00:00:00-04:00,180.47789105131508,180.57293523896575,176.47678308092338,176.74288940429688,978300,0.0,0.0
2024-06-17 00:00:00-04:00,177.30361392491923,178.79572357390842,175.91606158426512,178.25399780273438,1235300,0.0,0.0
2024-06-18 00:00:00-04:00,179.42296047179713,180.43987815104543,178.87175060087952,179.49899291992188,1124300,0.0,0.0
2024-06-20 00:00:00-04:00,180.10725822994888,183.9943396301866,180.10725822994888,183.16749572753906,1960000,0.0,0.0
2024-06-21 00:00:00-04:00,183.9658215529477,184.08936160084764,180.88657244496144,181.40928649902344,3342900,0.0,0.0
2024-06-24 00:00:00-04:00,182.58775629260745,189.26895417140517,182.33116307231336,188.20452880859375,1809700,0.0,0.0
2024-06-25 00:00:00-04:00,188.07147982008394,188.77476916569822,186.5888831741425,188.06198120117188,1441900,0.0,0.0
2024-06-26 00:00:00-04:00,188.32809521845323,188.32809521845323,185.33437694448264,187.18763732910156,1258000,0.0,0.0
2024-06-27 00:00:00-04:00,188.4135827351312,189.4970196547757,186.89296289976446,189.30694580078125,1036500,0.0,0.0
2024-06-28 00:00:00-04:00,190.5899956848518,192.80439208354318,189.1929445852327,190.2573699951172,2105900,0.0,0.0
2024-07-01 00:00:00-04:00,191.80646683573292,194.24894567815036,189.8676757490416,193.60269165039062,1230300,0.0,0.0
2024-07-02 00:00:00-04:00,195.29439536648997,198.2690871509397,193.6882442343693,194.73365783691406,1763200,0.0,0.0
2024-07-03 00:00:00-04:00,195.85511573611268,198.4116507458705,194.1919439120985,196.66293334960938,741100,0.0,0.0
2024-07-05 00:00:00-04:00,196.206759967744,197.18565425809962,192.27217106719291,193.431640625,761300,0.0,0.0
2024-07-08 00:00:00-04:00,192.32918766566243,193.45064822291314,191.06517532226903,193.2605743408203,774800,0.0,0.0
2024-07-09 00:00:00-04:00,190.9796332031575,194.46754021886133,189.71562093288225,192.5477752685547,993300,0.0,0.0
2024-07-10 00:00:00-04:00,192.0440902456567,192.59530017087204,190.78957648058093,192.34820556640625,970900,0.0,0.0
2024-07-11 00:00:00-04:00,192.46224439423275,197.96497546847527,191.57839430037964,196.8910369873047,1249100,0.0,0.0
2024-07-12 00:00:00-04:00,197.08111216949433,198.2976024474483,193.33659714134834,194.03988647460938,1128200,0.0,0.0
2024-07-15 00:00:00-04:00,194.82870773467923,201.57643951056355,194.2204625930393,200.4644775390625,1410700,0.0,0.0
2024-07-16 00:00:00-04:00,199.4380825779536,200.16036917697502,197.8509285811961,198.68727111816406,1077600,0.0,0.0
2024-07-17 00:00:00-04:00,200.1318449778864,203.8573481550132,198.96287683216096,200.47398376464844,1485200,0.0,0.0
2024-07-18 00:00:00-04:00,200.5975535781174,201.7475100727238,196.3873450066958,199.60914611816406,893900,0.0,0.0
2024-07-19 00:00:00-04:00,198.62074617677297,199.17197060588447,195.15183607142262,195.275390625,1348100,0.0,0.0
2024-07-22 00:00:00-04:00,195.18033385141294,195.531985750077,192.05357725004137,194.52456665039062,930500,0.0,0.0
2024-07-23 00:00:00-04:00,194.20146554957898,194.3535304719232,188.4516393761069,188.51817321777344,1390300,0.0,0.0
2024-07-24 00:00:00-04:00,189.91524304172466,191.9110408098637,188.4706552511839,188.96485900878906,1178900,0.0,0.0
2024-07-25 00:00:00-04:00,188.55617250047885,192.15813584200717,187.71984447401445,189.88671875,1067800,0.0,0.0
2024-07-26 00:00:00-04:00,189.62060547537448,191.33129944702125,187.91941012239786,190.799072265625,775700,0.0,0.0
2024-07-29 00:00:00-04:00,191.59741278398613,192.24366691814944,186.74095015191045,188.43263244628906,853000,0.0,0.0
2024-07-30 00:00:00-04:00,188.6512194667266,190.49496670269494,187.5107615944735,188.25205993652344,1525100,0.0,0.0
2024-07-31 00:00:00-04:00,192.9469499931824,193.85931044722048,189.10739078579047,192.2721710205078,1245800,0.0,0.0
2024-08-01 00:00:00-04:00,191.35029450090673,193.6502218414348,186.14219469261755,188.38510131835938,1525000,0.0,0.0
2024-08-02 00:00:00-04:00,185.3248792032694,185.86660504176078,176.7524114996448,179.67959594726562,1999200,0.0,0.0
2024-08-05 00:00:00-04:00,174.99421955612527,177.6077756904751,170.69847959482422,175.9921112060547,2421900,0.0,0.0
2024-08-06 00:00:00-04:00,182.8348784563116,185.1728149740217,177.7218078986797,180.287841796875,1953100,0.0,0.0
2024-08-07 00:00:00-04:00,184.00382774785598,186.90250154774682,181.62786799412697,181.8844757080078,1454900,0.0,0.0
2024-08-08 00:00:00-04:00,181.5233329508785,189.27846939924223,181.5233329508785,187.6913299560547,1319600,0.0,0.0
2024-08-09 00:00:00-04:00,187.3111636225368,191.70194720136828,185.85707738266578,189.8582000732422,1289100,0.0,0.0
2024-08-12 00:00:00-04:00,190.7325584787061,192.80438854227887,189.66813308837206,191.3027801513672,1114700,0.0,0.0
2024-08-13 00:00:00-04:00,188.90780893655347,189.3544905227692,185.8665834040155,186.40829467773438,1783000,0.0,0.0
2024-08-14 00:00:00-04:00,186.41779331100625,187.15909158144382,185.47692254560093,186.70291137695312,1066700,0.0,0.0
2024-08-15 00:00:00-04:00,187.35698611172143,190.271377598034,187.05881777514367,189.0786895751953,1220000,2.34,0.0
2024-08-16 00:00:00-04:00,186.49131415470498,188.7131640786434,186.10658370112796,187.38583374023438,1163700,0.0,0.0
2024-08-19 00:00:00-04:00,188.21299953359474,190.93501074191943,187.79941503688866,188.3668975830078,1189700,0.0,0.0
2024-08-20 00:00:00-04:00,188.22261359145048,188.22261359145048,182.32652525798133,182.50927734375,1114600,0.0,0.0
2024-08-21 00:00:00-04:00,184.61575826669403,185.6160664185619,182.61512728642975,183.82704162597656,1105500,0.0,0.0
2024-08-22 00:00:00-04:00,184.19250753886703,186.0584809817607,183.50959413418488,184.41372680664062,893400,0.0,0.0
2024-08-23 00:00:00-04:00,185.7122149577766,188.4342260588517,185.56793003843964,187.7705535888672,755500,0.0,0.0
2024-08-26 00:00:00-04:00,190.1078295269032,191.65639381237048,187.0107009559686,189.751953125,1127100,0.0,0.0
2024-08-27 00:00:00-04:00,189.6269239790073,190.34830464036776,186.48171486257525,187.28004455566406,876600,0.0,0.0
2024-08-28 00:00:00-04:00,186.0681139841713,188.01103665745177,185.7218506827602,187.1453857421875,698700,0.0,0.0
2024-08-29 00:00:00-04:00,189.56919481623325,191.05043782853946,187.00108170824961,189.2806396484375,1054700,0.0,0.0
2024-08-30 00:00:00-04:00,186.83758070574578,188.1360716932302,185.40443258949844,187.66476440429688,1811900,0.0,0.0
2024-09-03 00:00:00-04:00,184.12516519166144,184.12516519166144,179.28710745992197,180.32589721679688,1414100,0.0,0.0
2024-09-04 00:00:00-04:00,181.172344066479,182.02838184051734,177.1999366381472,177.24803161621094,1098600,0.0,0.0
2024-09-05 00:00:00-04:00,178.80620562014272,179.2198048115977,175.91106998606358,176.9883270263672,1312600,0.0,0.0
2024-09-06 00:00:00-04:00,176.6324597116879,178.30606813681808,171.9867664712901,172.8716583251953,1505600,0.0,0.0
2024-09-09 00:00:00-04:00,173.63153027691757,173.93931174535345,171.98677581488892,172.37152099609375,1442900,0.0,0.0
2024-09-10 00:00:00-04:00,172.00601484322107,172.37151909219654,162.47416772837553,164.94610595703125,3135100,0.0,0.0
2024-09-11 00:00:00-04:00,165.84057374057312,165.84057374057312,161.43534152005807,162.07015991210938,2580700,0.0,0.0
2024-09-12 00:00:00-04:00,163.48406551055618,171.17879113679302,161.52190225701213,164.34010314941406,2673900,0.0,0.0
2024-09-13 00:00:00-04:00,164.6960136669467,167.88933250878063,164.6960136669467,165.84060668945312,1464800,0.0,0.0
2024-09-16 00:00:00-04:00,167.36030033305553,169.51482902319134,165.28272066862377,168.13938903808594,1638300,0.0,0.0
2024-09-17 00:00:00-04:00,167.5622932015213,173.4487542353146,167.5622932015213,172.91012573242188,1817500,0.0,0.0
2024-09-18 00:00:00-04:00,172.66003243252564,175.9206720764127,171.09224194753483,171.3230743408203,1609800,0.0,0.0
2024-09-19 00:00:00-04:00,175.43976459984026,176.86329962031806,172.48692083172023,174.69915771484375,1175100,0.0,0.0
2024-09-20 00:00:00-04:00,172.4292200572058,175.22816588641118,171.25577300002294,174.09320068359375,7855300,0.0,0.0
2024-09-23 00:00:00-04:00,175.2858793794714,179.0851477494717,174.70876900678908,178.18101501464844,3249300,0.0,0.0
2024-09-24 00:00:00-04:00,180.82607925716366,181.90333630944122,177.16146797790898,178.35414123535156,3046800,0.0,0.0
2024-09-25 00:00:00-04:00,178.35415853624582,178.74851684418232,172.99671212993408,173.64114379882812,1740600,0.0,0.0
2024-09-26 00:00:00-04:00,169.3224688818892,170.38049976314284,161.67583651300527,162.4164581298828,4646800,0.0,0.0
2024-09-27 00:00:00-04:00,164.0419627126628,166.63893011684067,162.906982858428,164.11891174316406,5079300,0.0,0.0
2024-09-30 00:00:00-04:00,163.61874109612046,165.99448907558838,162.32025012947082,165.82135009765625,2768200,0.0,0.0
2024-10-01 00:00:00-04:00,164.3978463301487,171.9675295840389,163.50334132991972,170.74600219726562,3149200,0.0,0.0
2024-10-02 00:00:00-04:00,175.65138151350106,176.30544096121253,171.71745573130704,174.37213134765625,3037900,0.0,0.0
2024-10-03 00:00:00-04:00,174.92999483837357,181.61480064550648,173.97778176728576,181.11463928222656,3018800,0.0,0.0
2024-10-04 00:00:00-04:00,184.25025056690868,188.08800125206386,182.26886055241974,187.18386840820312,3491700,0.0,0.0
2024-10-07 00:00:00-04:00,188.47272978455555,192.8202549549366,187.55898382430686,191.88726806640625,3780800,0.0,0.0
2024-10-08 00:00:00-04:00,188.636232839155,189.37685444247646,184.5099418308475,186.37591552734375,10794600,0.0,0.0
2024-10-09 00:00:00-04:00,185.03895685910217,187.28004791511282,183.528859602833,186.35667419433594,2270800,0.0,0.0
2024-10-10 00:00:00-04:00,187.27040848272893,190.1366900745123,186.55865565459985,186.6548309326172,1431600,0.0,0.0
2024-10-11 00:00:00-04:00,185.30827081320137,188.5208158881118,185.10627776707778,187.5205078125,1366800,0.0,0.0
2024-10-14 00:00:00-04:00,185.07741738783722,185.9334551701901,182.49969091568323,183.4230499267578,1560500,0.0,0.0
2024-10-15 00:00:00-04:00,176.65168587915096,177.20955530758297,172.79469485571204,172.91012573242188,2845200,0.0,0.0
2024-10-16 00:00:00-04:00,173.3429686530661,176.61322185152852,173.3429686530661,175.49749755859375,1916600,0.0,0.0
2024-10-17 00:00:00-04:00,175.12236798973245,177.0652759106265,173.8527310419548,176.94024658203125,1753800,0.0,0.0
2024-10-18 00:00:00-04:00,176.44007034311116,177.81549557723133,174.8530242923665,176.96908569335938,1214200,0.0,0.0
2024-10-21 00:00:00-04:00,178.1906396108666,179.61417470805236,175.09351074290862,175.44940185546875,1461000,0.0,0.0
2024-10-22 00:00:00-04:00,177.19032046695938,177.98865012420734,175.32434689176853,177.007568359375,1068000,0.0,0.0
2024-10-23 00:00:00-04:00,175.38204986823249,176.25732852817384,173.0928787192276,174.20860290527344,1415100,0.0,0.0
2024-10-24 00:00:00-04:00,175.39170617251457,176.15155407863975,173.39107520031962,174.00665283203125,1072700,0.0,0.0
2024-10-25 00:00:00-04:00,175.6513888236816,177.4692676241636,174.91078186252352,177.34423828125,2150800,0.0,0.0
2024-10-28 00:00:00-04:00,170.98647045514537,173.03518170656469,170.36126502929977,171.39044189453125,1788200,0.0,0.0
2024-10-29 00:00:00-04:00,170.97684226139114,172.36189557984667,168.47606459331587,168.937744140625,1690800,0.0,0.0
2024-10-30 00:00:00-04:00,170.1111727229651,171.42888998636684,168.937725715948,169.9091796875,1568200,0.0,0.0
2024-10-31 00:00:00-04:00,171.54432274222842,172.29455743667853,169.08199781965752,170.0246124267578,2028700,0.0,0.0
2024-11-01 00:00:00-04:00,170.6305501391534,172.0348441491035,168.39908713992844,169.10122680664062,1946100,0.0,0.0
2024-11-04 00:00:00-05:00,171.39043013336604,174.4106099337862,170.726757572586,172.9005126953125,1918600,0.0,0.0
2024-11-05 00:00:00-05:00,168.22596144605964,172.06371178160197,167.0909962699025,168.92811584472656,3691100,0.0,0.0
2024-11-06 00:00:00-05:00,173.1313608759386,178.70041319310928,170.24583819467298,176.61322021484375,3017300,0.0,0.0
2024-11-07 00:00:00-05:00,175.4974865617531,176.2188671935522,172.5638690571315,174.66067504882812,1727300,0.0,0.0
2024-11-08 00:00:00-05:00,173.70845068896455,175.23777400636132,172.39071884070376,174.93960571289062,2579100,0.0,0.0
2024-11-11 00:00:00-05:00,175.01658252281462,175.14161186399167,172.16952690514663,172.29457092285156,2803600,0.0,0.0
2024-11-12 00:00:00-05:00,173.59302617864498,175.52633560973686,172.92935366806276,173.04478454589844,1788200,0.0,0.0
2024-11-13 00:00:00-05:00,174.0932158424473,176.6132344913019,170.726772442179,175.28590393066406,1469300,0.0,0.0
2024-11-14 00:00:00-05:00,176.74547063828425,177.9440632018383,174.47392061966644,176.32981872558594,1366000,0.9,0.0
2024-11-15 00:00:00-05:00,176.3298367426705,177.84742877174125,170.12417266865845,170.7041473388672,2123400,0.0,0.0
2024-11-18 00:00:00-05:00,172.53103458265696,177.51875440035545,171.67074823189063,175.82717895507812,1967600,0.0,0.0
2024-11-19 00:00:00-05:00,174.58992044842847,176.64881422042598,173.11100132327667,174.1066131591797,1632800,0.0,0.0
2024-11-20 00:00:00-05:00,174.02928032042362,176.48448958261218,173.99062222742825,175.40188598632812,1647800,0.0,0.0
2024-11-21 00:00:00-05:00,177.1321200897621,179.48098641698573,176.40715916170032,176.60047912597656,2140300,0.0,0.0
2024-11-22 00:00:00-05:00,175.923833531044,179.85796150343955,175.4405262960686,179.10398864746094,2188900,0.0,0.0
2024-11-25 00:00:00-05:00,178.33071145558375,178.42736405435986,172.94666170022967,173.55563354492188,2957900,0.0,0.0
2024-11-26 00:00:00-05:00,173.72961899881437,174.52224996414708,169.28320117291148,170.09515380859375,2466800,0.0,0.0
2024-11-27 00:00:00-05:00,170.62681540236062,172.83069553728416,170.02750431348247,170.30783081054688,1490400,0.0,0.0
2024-11-29 00:00:00-05:00,170.31749330266246,172.45371810520024,170.13383416473863,171.6610870361328,820300,0.0,0.0
2024-12-02 00:00:00-05:00,171.83507346259046,172.32804157555373,168.12326236423817,169.9598388671875,1719200,0.0,0.0
2024-12-03 00:00:00-05:00,172.09604610761068,172.31837807122048,168.50991442602913,169.8921661376953,1804400,0.0,0.0
2024-12-04 00:00:00-05:00,170.12416686380806,170.43349061052984,163.0582166113522,165.28143310546875,2437500,0.0,0.0
2024-12-05 00:00:00-05:00,165.72604637026762,168.31658079513184,165.72604637026762,166.91497802734375,2157300,0.0,0.0
2024-12-06 00:00:00-05:00,166.11272434678435,166.16104327712597,159.30774932620045,161.26031494140625,3104700,0.0,0.0
2024-12-09 00:00:00-05:00,163.86050266639614,164.30513709980616,161.16363981191174,161.54061889648438,1775700,0.0,0.0
2024-12-10 00:00:00-05:00,162.12059102312287,162.28491372418222,157.15219290218704,157.70315551757812,2298900,0.0,0.0
2024-12-11 00:00:00-05:00,158.8727650190269,159.29807777287056,157.11351949164947,158.42811584472656,2662900,0.0,0.0
2024-12-12 00:00:00-05:00,158.24447343520322,158.57311884020547,156.5238859780388,156.81387329101562,1627900,0.0,0.0
2024-12-13 00:00:00-05:00,157.18120103183878,158.5634528330956,155.62495093253867,157.88682556152344,1718100,0.0,0.0
2024-12-16 00:00:00-05:00,157.22952147807098,157.22952147807098,153.2180623675161,153.62403869628906,2370800,0.0,0.0
2024-12-17 00:00:00-05:00,152.6284184211283,154.98696008022216,150.59853689029308,154.79364013671875,2714400,0.0,0.0
2024-12-18 00:00:00-05:00,155.64429566810733,156.34025939871867,150.7628887170639,150.8692169189453,2546800,0.0,0.0
2024-12-19 00:00:00-05:00,153.3050647676095,154.02035005413222,147.72769500306066,147.95001220703125,2963100,0.0,0.0
2024-12-20 00:00:00-05:00,147.08007047604013,151.00452310931263,146.92540861133796,149.7672576904297,7837400,0.0,0.0
2024-12-23 00:00:00-05:00,149.78659456792556,151.3525053920535,148.59764807243772,150.88853454589844,2107300,0.0,0.0
2024-12-24 00:00:00-05:00,152.17413217887318,152.82177695215123,150.01858571130953,152.50279235839844,823200,0.0,0.0
2024-12-26 00:00:00-05:00,152.9957582651377,154.2620210358495,151.4685054216525,152.7541046142578,1163800,0.0,0.0
2024-12-27 00:00:00-05:00,152.59943144509455,154.2233515285048,151.53616430952846,153.05374145507812,1723500,0.0,0.0
2024-12-30 00:00:00-05:00,153.2180669614205,156.54322337224923,152.10646612902522,155.60560607910156,2086900,0.0,0.0
2024-12-31 00:00:00-05:00,155.61527668066856,158.77609553738264,155.32528937517512,158.36045837402344,2491900,0.0,0.0
2025-01-02 00:00:00-05:00,160.60300320520665,162.60390242361666,159.68472232330345,161.21197509765625,1787600,0.0,0.0
2025-01-03 00:00:00-05:00,162.72956164015648,166.19002866992432,162.08191692714593,165.25242614746094,2016400,0.0,0.0
2025-01-06 00:00:00-05:00,166.04504068412706,169.23487154267116,163.18386997114678,163.9764862060547,2121400,0.0,0.0
2025-01-07 00:00:00-05:00,164.5564683645551,167.4949701436687,163.59951463828696,166.66368103027344,2127400,0.0,0.0
2025-01-08 00:00:00-05:00,165.8227349128638,167.2243231104477,163.81217480727645,165.28143310546875,1666000,0.0,0.0
2025-01-10 00:00:00-05:00,169.05120019558626,171.3420717172082,165.9676977470266,168.93521118164062,2725200,0.0,0.0
2025-01-13 00:00:00-05:00,170.19183992563833,174.07762000320616,169.84385807920575,171.680419921875,3038500,0.0,0.0
2025-01-14 00:00:00-05:00,171.0907713349105,172.8983357811937,169.82450866402547,171.74806213378906,1734400,0.0,0.0
2025-01-15 00:00:00-05:00,172.53103771014068,174.23227402188576,171.74806752895077,173.5653076171875,1669800,0.0,0.0
2025-01-16 00:00:00-05:00,172.6566768819462,174.15493230345038,171.7190596391053,173.13998413085938,1377800,0.0,0.0
2025-01-17 00:00:00-05:00,174.33859484031234,174.87023577442662,172.56968850464133,174.1645965576172,1812000,0.0,0.0
2025-01-21 00:00:00-05:00,172.48269562287805,172.76300734121682,169.90183664962703,171.0424346923828,2151200,0.0,0.0
2025-01-22 00:00:00-05:00,170.34649056134847,173.6523107958719,169.12856144842996,171.6610870361328,1608400,0.0,0.0
2025-01-23 00:00:00-05:00,173.10132635337627,174.27092163821368,169.9598292297655,170.73312377929688,1888600,0.0,0.0
2025-01-24 00:00:00-05:00,171.24542170827002,171.75772619342155,166.75065560823734,167.47561645507812,1940300,0.0,0.0
2025-01-27 00:00:00-05:00,167.86228685215772,169.82451321524638,164.5274695934198,165.87106323242188,1773100,0.0,0.0
2025-01-28 00:00:00-05:00,165.72603603617523,167.66894042101225,161.5792667472424,163.5994873046875,1731200,0.0,0.0
2025-01-29 00:00:00-05:00,163.3481670561498,165.85169472479458,162.12056268123683,165.15573120117188,1316300,0.0,0.0
2025-01-30 00:00:00-05:00,166.5670320716603,167.24365933008738,163.78317735199684,164.72079467773438,1284500,0.0,0.0
2025-01-31 00:00:00-05:00,163.87015206337423,164.19879744762662,158.46678064521961,158.8727569580078,2917300,0.0,0.0
2025-02-03 00:00:00-05:00,159.66536617202127,160.43866067414876,156.19522387112767,158.98873901367188,2217700,0.0,0.0
2025-02-04 00:00:00-05:00,158.37010780526808,161.99491198949772,155.20928917616334,160.74798583984375,1991400,0.0,0.0
2025-02-05 00:00:00-05:00,160.3613393520386,160.3613393520386,156.11790229490455,159.2593994140625,1985300,0.0,0.0
2025-02-06 00:00:00-05:00,160.68998356435213,160.8543062428359,153.68202914696937,154.6873016357422,2122300,0.0,0.0
2025-02-07 00:00:00-05:00,155.29630276302325,155.62494818206872,152.62843706887793,152.85076904296875,1974200,0.0,0.0
2025-02-10 00:00:00-05:00,154.35867712569816,156.34990070366368,154.00103446830647,156.26290893554688,1697300,0.0,0.0
2025-02-11 00:00:00-05:00,157.46149787228515,159.14341243045095,156.30156340947323,156.60121154785156,1722300,0.0,0.0
2025-02-12 00:00:00-05:00,155.8085944456463,155.92458346646737,149.9605737395922,150.2698974609375,2391400,0.0,0.0
2025-02-13 00:00:00-05:00,150.2699039479613,151.9034701427228,149.13895194866626,150.95619201660156,2256900,0.0,0.0
2025-02-14 00:00:00-05:00,151.6424816335777,155.2189521958219,148.14332724890997,151.74880981445312,3073900,0.0,0.0
2025-02-18 00:00:00-05:00,155.80858362925736,156.19522350473122,149.225941666032,151.52647399902344,2500200,0.0,0.0
2025-02-19 00:00:00-05:00,153.52738576917986,156.9685310957217,153.22773762829303,154.90963745117188,2086300,0.0,0.0
2025-02-20 00:00:00-05:00,154.94830959985885,157.40350397658133,154.1363569476546,156.6785430908203,2352500,0.0,0.0
2025-02-21 00:00:00-05:00,155.51862322788935,156.08892230506214,150.39556287087615,150.90786743164062,3936400,0.0,0.0
2025-02-24 00:00:00-05:00,150.90784794299077,151.56515345925814,149.8542416993232,150.0475616455078,3883400,0.0,0.0
2025-02-25 00:00:00-05:00,151.96148282378365,156.07925557636798,146.62576627513224,146.84808349609375,4696100,0.0,0.0
2025-02-26 00:00:00-05:00,146.76108931231298,148.85864112183287,145.95879746361535,147.34104919433594,3301800,0.0,0.0
2025-02-27 00:00:00-05:00,150.4245508452817,151.73914721708718,146.67409643845195,150.3955535888672,3137200,0.0,0.0
2025-02-28 00:00:00-05:00,149.83489174380222,154.08800392246926,147.5150231004312,153.6530303955078,3361400,0.0,0.0
2025-03-03 00:00:00-05:00,154.61966050698933,155.08363133295742,142.7689574049059,143.05894470214844,3495000,0.0,0.0
2025-03-04 00:00:00-05:00,141.11606479569716,142.60464472702014,136.10899370978453,140.19776916503906,5029500,0.0,0.0
2025-03-05 00:00:00-05:00,138.6318615057626,138.96050692361706,134.9104042166901,137.93589782714844,3759200,0.0,0.0
2025-03-06 00:00:00-05:00,137.38105301778168,138.65625203871113,135.24922540421554,136.1837158203125,3351300,1.0,0.0
2025-03-07 00:00:00-05:00,137.0597957948673,140.32079757853995,135.80405500006327,136.38812255859375,2813700,0.0,0.0
2025-03-10 00:00:00-04:00,136.03768838357672,138.16951571583644,133.4483449182085,136.84564208984375,3438400,0.0,0.0
2025-03-11 00:00:00-04:00,138.1013744705935,142.12167030845222,137.49784884293751,140.80752563476562,2319200,0.0,0.0
2025-03-12 00:00:00-04:00,140.63230991225333,144.41897562209707,139.44471672118564,142.6570587158203,2411000,0.0,0.0
2025-03-13 00:00:00-04:00,141.4499976569368,143.0075013620904,138.8119941374849,141.92698669433594,2641900,0.0,0.0
2025-03-14 00:00:00-04:00,142.62786057233743,147.00832299289547,141.3623906801517,146.21009826660156,2738700,0.0,0.0
2025-03-17 00:00:00-04:00,146.79417681140532,149.8896966897928,146.25878394938505,148.96493530273438,1979600,0.0,0.0
2025-03-18 00:00:00-04:00,149.8994185818314,150.9020564975983,148.07908311783066,150.88258361816406,2352900,0.0,0.0
2025-03-19 00:00:00-04:00,151.20382443520927,154.35776260544333,151.07727299476133,153.4135284423828,2974500,0.0,0.0
2025-03-20 00:00:00-04:00,152.66399315457457,155.0197068546607,151.81710845736018,154.27015686035156,2048800,0.0,0.0
2025-03-21 00:00:00-04:00,152.63477352471313,154.513497945879,152.01177505536552,154.28961181640625,7798100,0.0,0.0
2025-03-24 00:00:00-04:00,154.6303299923565,157.1515259194504,154.338296192485,156.73294067382812,2042200,0.0,0.0
2025-03-25 00:00:00-04:00,157.69664999719564,158.92317414992957,156.30464348799052,157.30728149414062,2324100,0.0,0.0
2025-03-26 00:00:00-04:00,158.51433140400457,160.74350839719565,158.0276133526387,158.7576904296875,2373500,0.0,0.0
2025-03-27 00:00:00-04:00,158.3196479137468,158.87451362462502,155.39933959154035,155.97366333007812,1468100,0.0,0.0
2025-03-28 00:00:00-04:00,155.68162949999845,156.68428235562743,151.71002325353226,153.35511779785156,1635700,0.0,0.0
2025-03-31 00:00:00-04:00,153.44271886574785,157.30726090936386,152.63476521685175,155.63294982910156,2068900,0.0,0.0
2025-04-01 00:00:00-04:00,155.9833945722449,156.8594810566149,153.65688305799722,156.59664916992188,1455900,0.0,0.0
2025-04-02 00:00:00-04:00,154.81526507308885,157.4824852355214,154.05598613149408,157.2001953125,1394900,0.0,0.0
2025-04-03 00:00:00-04:00,147.04725789747874,148.9551992280287,137.35184246108258,137.5270538330078,5414200,0.0,0.0
2025-04-04 00:00:00-04:00,130.48911748167325,132.21210360770147,119.87866207488258,120.09281921386719,5425100,0.0,0.0
2025-04-07 00:00:00-04:00,117.64949130616364,125.81661984551778,113.92122914457411,121.22200012207031,5480200,0.0,0.0
2025-04-08 00:00:00-04:00,125.81662156846788,126.20599008455045,114.29114119232528,116.08226013183594,3368700,0.0,0.0
2025-04-09 00:00:00-04:00,112.7531119406322,133.70146221550138,110.97172198943952,131.34573364257812,5370800,0.0,0.0
2025-04-10 00:00:00-04:00,125.81660366448803,126.57588256022171,116.47161950047888,119.88838195800781,4367600,0.0,0.0
2025-04-11 00:00:00-04:00,119.82024504013444,125.6024578051307,117.81496906648653,125.5829849243164,3928700,0.0,0.0
2025-04-14 00:00:00-04:00,128.3086087347242,129.42806915106885,122.52640340631652,124.24938201904297,2523500,0.0,0.0
2025-04-15 00:00:00-04:00,123.32462152190476,126.56616550776114,123.32462152190476,123.76266479492188,1690700,0.0,0.0
2025-04-16 00:00:00-04:00,124.33699521113851,129.05815876865978,124.31752233034459,126.76084899902344,2047300,0.0,0.0
2025-04-17 00:00:00-04:00,129.05816490977924,135.52178026952316,129.05816490977924,133.98374938964844,3667400,0.0,0.0
2025-04-21 00:00:00-04:00,130.61566476085045,130.78116198915524,126.8582152141083,128.83428955078125,2180300,0.0,0.0
2025-04-22 00:00:00-04:00,131.53068633239235,134.30498526958374,130.81035309583328,132.9129638671875,1731900,0.0,0.0
2025-04-23 00:00:00-04:00,134.12974524740187,136.28104542861675,130.82006865694612,131.93951416015625,2130200,0.0,0.0
2025-04-24 00:00:00-04:00,133.30233925734544,134.14922389438337,131.52094944738693,132.54306030273438,2054400,0.0,0.0
2025-04-25 00:00:00-04:00,131.52095728432425,133.6041100268524,131.2678692355251,133.1271209716797,1608400,0.0,0.0
2025-04-28 00:00:00-04:00,132.7864176433035,134.91824500946024,132.6209352941051,134.15896606445312,1664800,0.0,0.0
2025-04-29 00:00:00-04:00,134.1492242110591,134.3439084569525,131.74483589796293,133.02003479003906,1665100,0.0,0.0
2025-04-30 00:00:00-04:00,130.86875337624588,131.02450671911728,127.04314172929483,128.5032958984375,1980000,0.0,0.0
2025-05-01 00:00:00-04:00,127.82189842174084,132.77668485815494,127.42278603559292,131.24839782714844,2158100,0.0,0.0
2025-05-02 00:00:00-04:00,132.9324374727439,134.18817841667263,130.26523194390154,133.17579650878906,2368000,0.0,0.0
2025-05-05 00:00:00-04:00,130.44043551527824,131.4722753898163,128.54223811839634,129.5448760986328,2865800,0.0,0.0
2025-05-06 00:00:00-04:00,130.34308608040263,133.36074389084797,127.83163404751399,128.47409057617188,3775900,0.0,0.0
2025-05-07 00:00:00-04:00,129.2431129177264,129.35992049459756,124.3564596213861,126.12812042236328,2549200,0.0,0.0
2025-05-08 00:00:00-04:00,127.01393269846126,133.68197563764684,127.01393269846126,132.56251525878906,2555000,0.0,0.0
2025-05-09 00:00:00-04:00,134.3341751174287,135.64831972843788,133.02003050641954,134.2270965576172,1944500,0.0,0.0
2025-05-12 00:00:00-04:00,140.99248495984986,143.8251876520394,138.29607758465227,139.1234893798828,2264700,0.0,0.0
2025-05-13 00:00:00-04:00,139.79516107344608,143.76678220517897,139.10401489625474,142.2871551513672,2010200,0.0,0.0
2025-05-14 00:00:00-04:00,140.6907329035779,142.07301052620298,140.15534002248353,140.97303771972656,1621500,0.0,0.0
2025-05-15 00:00:00-04:00,137.41487532052378,139.2086514034924,135.77793555181924,139.14002990722656,2596100,1.0,0.0
2025-05-16 00:00:00-04:00,139.94380806017762,139.94380806017762,136.46407890964716,138.33627319335938,2291900,0.0,0.0
2025-05-19 00:00:00-04:00,137.16002774461305,137.46390374589274,134.895757425091,136.59152221679688,1476400,0.0,0.0
2025-05-20 00:00:00-04:00,136.42485417479537,137.05219940886371,134.71930792905624,135.61129760742188,1104900,0.0,0.0
2025-05-21 00:00:00-04:00,135.61132021099215,135.92497792357292,133.42545305812263,133.6116943359375,1650200,0.0,0.0
2025-05-22 00:00:00-04:00,132.09235976830178,134.15079530591336,129.58303851347947,133.59207153320312,1928900,0.0,0.0
2025-05-23 00:00:00-04:00,131.65127318934466,133.91554334928173,131.10236102411565,133.17059326171875,1766200,0.0,0.0
2025-05-27 00:00:00-04:00,135.06237519838552,135.37604782626724,132.85691501256989,134.76832580566406,1787100,0.0,0.0
2025-05-28 00:00:00-04:00,136.4640791717731,136.4640791717731,133.249009431961,133.582275390625,1904900,0.0,0.0
2025-05-29 00:00:00-04:00,134.74871951913266,135.45446798556495,133.43524902311367,135.0819854736328,2103100,0.0,0.0
2025-05-30 00:00:00-04:00,133.93515972674788,134.003781229918,131.10236895104703,131.88653564453125,4362800,0.0,0.0
2025-06-02 00:00:00-04:00,135.70930947259677,136.2778298750544,133.1705834177086,134.8663330078125,2118500,0.0,0.0
2025-06-03 00:00:00-04:00,135.2682267352261,140.46331379683892,133.19019789327473,139.4635009765625,2770700,0.0,0.0
2025-06-04 00:00:00-04:00,139.32628657442766,141.14946779842677,135.64072252189362,136.59152221679688,2444000,0.0,0.0
2025-06-05 00:00:00-04:00,137.48348307567906,137.62071111269,134.12138869054425,134.72911071777344,2062800,0.0,0.0
2025-06-06 00:00:00-04:00,136.51310000908796,138.41469934259166,136.24844057691598,137.77755737304688,1776700,0.0,0.0
2025-06-09 00:00:00-04:00,138.62051552460946,140.48291300739572,137.57170451034318,139.31646728515625,1735600,0.0,0.0
2025-06-10 00:00:00-04:00,140.16925211077984,144.6389825122838,139.92420097072602,142.68838500976562,2282200,0.0,0.0
2025-06-11 00:00:00-04:00,142.91382771876204,146.4033535563402,141.44352088000264,145.97206115722656,3217700,0.0,0.0
2025-06-12 00:00:00-04:00,144.23707841252062,146.4327417585162,143.00202619356037,146.37393188476562,1758700,0.0,0.0
2025-06-13 00:00:00-04:00,154.2253649823817,154.87230351071327,149.5007872983535,151.84347534179688,5208100,0.0,0.0
2025-06-16 00:00:00-04:00,151.08871977095637,152.14734241693066,145.88383631246643,148.040283203125,3828700,0.0,0.0
2025-06-17 00:00:00-04:00,150.03992244321094,152.9413196281722,148.1187148828434,149.90267944335938,3360000,0.0,0.0
2025-06-18 00:00:00-04:00,150.3927842643585,152.03953576619918,145.501572893545,145.8348388671875,2978500,0.0,0.0
2025-06-20 00:00:00-04:00,147.35415623137908,147.71682713963975,145.17810086834533,145.90345764160156,4309700,0.0,0.0
2025-06-23 00:00:00-04:00,148.0108862248857,148.0108862248857,137.99319458319243,138.35586547851562,4574200,0.0,0.0
2025-06-24 00:00:00-04:00,135.54269607545038,138.434296764696,134.38606178244646,136.59152221679688,3222300,0.0,0.0
2025-06-25 00:00:00-04:00,136.26802997528432,137.85595643481795,135.0133694468347,135.3074188232422,2068400,0.0,0.0
2025-06-26 00:00:00-04:00,135.9739719090214,138.7969657065081,135.04278060843583,138.08140563964844,1581900,0.0,0.0
2025-06-27 00:00:00-04:00,137.80694901075896,138.52250907470852,136.23863076265974,137.00318908691406,2781700,0.0,0.0
2025-06-30 00:00:00-04:00,136.40525361721274,136.40525361721274,134.23899522135386,134.68008422851562,2386100,0.0,0.0
2025-07-01 00:00:00-04:00,135.07218255051137,139.0910120103796,133.69988728196589,137.42466735839844,2014200,0.0,0.0
2025-07-02 00:00:00-04:00,139.1596221923828,140.0418001844469,136.1994006669796,139.1596221923828,1852400,0.0,0.0
2025-07-03 00:00:00-04:00,138.8949759246662,139.39488979653245,137.47368237805802,138.11080932617188,1199600,0.0,0.0
2025-07-07 00:00:00-04:00,137.5128839771634,138.41468528730698,133.29801655414116,135.18980407714844,1717300,0.0,0.0
2025-07-08 00:00:00-04:00,134.9153381981268,142.36489790686326,134.63108549217438,140.9141845703125,2482000,0.0,0.0
2025-07-09 00:00:00-04:00,140.69855986155264,141.1494605526147,138.70874574613447,139.30667114257812,1237300,0.0,0.0
2025-07-10 00:00:00-04:00,138.2970549739218,140.36528715181456,136.60130530742424,140.1986541748047,1793300,0.0,0.0
2025-07-11 00:00:00-04:00,139.86538088620932,142.580551507804,139.13022751968154,141.47291564941406,1333400,0.0,0.0
2025-07-14 00:00:00-04:00,140.92400911033886,140.92400911033886,137.52269820328394,139.14984130859375,1549900,0.0,0.0
2025-07-15 00:00:00-04:00,139.47329482194252,139.8359806655772,135.11138769140493,135.15060424804688,2913500,0.0,0.0
2025-07-16 00:00:00-04:00,135.05257440921187,135.9151591527847,131.9943411645208,133.7685089111328,2179700,0.0,0.0
2025-07-17 00:00:00-04:00,133.78810281807114,138.46366699800052,133.6116582500506,138.14019775390625,1727700,0.0,0.0
2025-07-18 00:00:00-04:00,140.16925621037163,142.21788021152219,138.5225196802798,138.57151794433594,2388400,0.0,0.0
2025-07-21 00:00:00-04:00,138.48330488033082,138.8655840765828,136.98359303682426,137.07180786132812,1296200,0.0,0.0
2025-07-22 00:00:00-04:00,137.39527250724913,140.610342293879,137.23843618674653,139.0126190185547,1540500,0.0,0.0
2025-07-23 00:00:00-04:00,139.77717692742837,141.2278754954908,138.79697236259852,140.84559631347656,1249100,0.0,0.0
2025-07-24 00:00:00-04:00,140.3653008544032,143.27650981925126,139.62035071562437,142.42373657226562,1851200,0.0,0.0
2025-07-25 00:00:00-04:00,142.71778334239022,143.27649213834343,140.42409341056302,141.74737548828125,1035600,0.0,0.0
2025-07-28 00:00:00-04:00,143.10006469115504,148.00108734019713,143.10006469115504,147.54039001464844,1686800,0.0,0.0
2025-07-29 00:00:00-04:00,147.54040025602112,150.02031669203865,146.26613128747118,149.481201171875,2587200,0.0,0.0
2025-07-30 00:00:00-04:00,148.60880485993798,148.92246252247162,146.53077610585967,148.01087951660156,2019300,0.0,0.0
2025-07-31 00:00:00-04:00,146.05047481252916,149.1871263138004,144.83501581221537,145.7172088623047,1866000,0.0,0.0
2025-08-01 00:00:00-04:00,145.50157442006486,146.04068994586922,141.95323852488298,143.24710083007812,2830900,0.0,0.0
2025-08-04 00:00:00-04:00,142.1296620206073,145.25651697813822,141.83559765956255,144.85462951660156,2536100,0.0,0.0
2025-08-05 00:00:00-04:00,144.85463932321525,144.85463932321525,137.90499207181776,142.79620361328125,3845200,0.0,0.0
2025-08-06 00:00:00-04:00,144.09007410279304,146.06027993569234,140.01241943652616,141.50233459472656,2171900,0.0,0.0
2025-08-07 00:00:00-04:00,142.7471781537711,144.7761935780208,138.06180210182242,138.32644653320312,2202600,0.0,0.0
2025-08-08 00:00:00-04:00,139.18905514113655,141.81599632653908,137.52271028924469,139.2184600830078,1684600,0.0,0.0
2025-08-11 00:00:00-04:00,138.20883410760948,138.67932807838824,133.5038495296207,134.1311798095703,3044700,0.0,0.0
2025-08-12 00:00:00-04:00,134.97416517661014,138.03241358018917,134.4056447359239,135.74853515625,2581300,0.0,0.0
2025-08-13 00:00:00-04:00,135.26822931002212,137.40506807206378,134.97416495060995,137.2090301513672,1945500,0.0,0.0
2025-08-14 00:00:00-04:00,137.24852637664782,139.28227418680015,135.1456633184067,138.97622680664062,1483400,1.0,0.0
2025-08-15 00:00:00-04:00,138.97622209724486,140.84213789583396,137.8013834343644,138.4332275390625,1889700,0.0,0.0
2025-08-18 00:00:00-04:00,137.5545604276854,138.38385293827847,135.451697573213,137.7421417236328,1408000,0.0,0.0
2025-08-19 00:00:00-04:00,136.69567181694245,138.8478858059808,136.05394544211362,137.18930053710938,1324000,0.0,0.0
2025-08-20 00:00:00-04:00,137.63355928750426,138.66030036666308,135.89597660290116,136.11317443847656,1582000,0.0,0.0
2025-08-21 00:00:00-04:00,135.9058522252582,137.20902411113966,134.67178052133355,136.24151611328125,1734700,0.0,0.0
2025-08-22 00:00:00-04:00,137.13003187203134,141.9577194287093,136.74500213061594,141.4542236328125,2029200,0.0,0.0
2025-08-25 00:00:00-04:00,141.57268766460837,143.7051670009113,140.33861606688913,143.4188690185547,1623100,0.0,0.0
2025-08-26 00:00:00-04:00,142.44149436385698,142.70805807594013,140.44723022728147,142.12557983398438,2046200,0.0,0.0
2025-08-27 00:00:00-04:00,142.3230253413208,145.77842611851676,142.12557688120856,145.18606567382812,1987800,0.0,0.0
2025-08-28 00:00:00-04:00,145.72906120861919,147.46662875927973,144.05072668995192,147.26918029785156,1061400,0.0,0.0
2025-08-29 00:00:00-04:00,146.6175808088428,148.20706571438322,146.41026520536224,146.86439514160156,1214100,0.0,0.0
2025-09-02 00:00:00-04:00,146.56823935081147,148.1972080252734,145.07747104459182,147.9503936767578,1558700,0.0,0.0
2025-09-03 00:00:00-04:00,146.1239660948311,146.79530897749555,139.7166750458486,140.4768524169922,1952800,0.0,0.0
2025-09-04 00:00:00-04:00,140.13131838298963,141.96761775764497,138.7491489782955,140.92112731933594,1572700,0.0,0.0
2025-09-05 00:00:00-04:00,138.9860892569926,140.23991031608878,135.32337290531441,136.94247436523438,1995100,0.0,0.0
2025-09-08 00:00:00-04:00,137.84086396782547,138.11729481582702,133.9214511519481,135.5306854248047,2052100,0.0,0.0
2025-09-09 00:00:00-04:00,136.2711321795591,138.1172986219485,134.4940659188986,134.5532989501953,2149800,0.0,0.0
2025-09-10 00:00:00-04:00,135.24440007026487,138.32463841558882,134.38547586677817,137.86062622070312,2005900,0.0,0.0
2025-09-11 00:00:00-04:00,135.7478835071581,137.59404990226298,135.25425483985933,136.65615844726562,1573000,0.0,0.0
2025-09-12 00:00:00-04:00,137.0510850667634,138.41349009035318,135.09630448901422,135.13580322265625,1752000,0.0,0.0
2025-09-15 00:00:00-04:00,135.70840683619653,135.7577576539887,132.5886698826398,132.81573486328125,3109100,0.0,0.0
2025-09-16 00:00:00-04:00,133.91158426223265,138.28514208796236,133.86221838263248,136.65615844726562,2752100,0.0,0.0
2025-09-17 00:00:00-04:00,135.97496290394568,140.51635315070652,134.76064047156143,138.6800537109375,2225200,0.0,0.0
2025-09-18 00:00:00-04:00,139.01570181092237,139.38098220133665,136.94247046273847,138.84786987304688,1954500,0.0,0.0
2025-09-19 00:00:00-04:00,138.90710210737288,138.90710210737288,135.9453301431886,137.89022827148438,4089400,0.0,0.0
2025-09-22 00:00:00-04:00,136.45871600032618,137.5348229269649,134.39535169562942,137.06094360351562,2136700,0.0,0.0
2025-09-23 00:00:00-04:00,137.9198613815836,144.65296435456452,137.9198613815836,140.36825561523438,2423600,0.0,0.0
2025-09-24 00:00:00-04:00,142.46124083504097,146.25230550259815,142.37239128760257,142.7672882080078,1998900,0.0,0.0
2025-09-25 00:00:00-04:00,142.76729446526258,145.32428753818226,142.07621729208867,143.9322509765625,1306500,0.0,0.0
2025-09-26 00:00:00-04:00,144.36663683103697,149.07585856805966,143.45836188456963,146.36090087890625,1646100,0.0,0.0
2025-09-29 00:00:00-04:00,144.86026661113698,145.27491289002452,141.0790691564737,141.7504119873047,1808100,0.0,0.0
2025-09-30 00:00:00-04:00,139.9338644144744,142.29340891553534,138.95647419942543,141.2765350341797,2488400,0.0,0.0
2025-10-01 00:00:00-04:00,139.80550761397413,142.59944759585247,139.59817695153504,141.71090698242188,1497300,0.0,0.0
2025-10-02 00:00:00-04:00,140.39786379202732,145.8178965939116,140.2596483760167,141.36537170410156,2614600,0.0,0.0
2025-10-03 00:00:00-04:00,141.7504201243117,146.02524649890148,141.7504201243117,145.59085083007812,2012300,0.0,0.0
2025-10-06 00:00:00-04:00,147.11120863399495,150.5468749727037,146.6570787003498,147.2000732421875,2499600,0.0,0.0
2025-10-07 00:00:00-04:00,145.817908915504,147.17046174113102,143.80391053140252,147.0124969482422,1358100,0.0,0.0
2025-10-08 00:00:00-04:00,147.2494385285696,147.96026507786203,144.62334523383396,147.17047119140625,1399900,0.0,0.0
2025-10-09 00:00:00-04:00,147.90102293351316,149.56949028494182,142.18480943806682,142.3723907470703,1481000,0.0,0.0
2025-10-10 00:00:00-04:00,139.86474713926643,141.31601665070434,137.90998180187418,138.038330078125,2134500,0.0,0.0
2025-10-13 00:00:00-04:00,140.41761462600059,141.2666565855729,138.9564779040688,140.2991485595703,1527300,0.0,0.0
2025-10-14 00:00:00-04:00,137.61380984503245,141.27654146624965,137.22878005751713,140.02272033691406,1751500,0.0,0.0
2025-10-15 00:00:00-04:00,141.36538888314467,142.36251342951184,139.00584431028676,140.13131713867188,1105700,0.0,0.0
2025-10-16 00:00:00-04:00,140.79278171380437,141.52335763008062,135.5010813233038,137.66317749023438,1915000,0.0,0.0
2025-10-17 00:00:00-04:00,137.87048868200756,138.25551846207594,135.82687371529147,137.317626953125,1541200,0.0,0.0
2025-10-20 00:00:00-04:00,138.11729870953081,140.16092867667422,137.62367002927607,139.390869140625,2216200,0.0,0.0
2025-10-21 00:00:00-04:00,139.57844940519402,140.32875957040127,137.7224007607293,139.72653198242188,1410200,0.0,0.0
2025-10-22 00:00:00-04:00,141.2765382696387,143.0535895168223,139.03545978052543,140.46697998046875,2404200,0.0,0.0
2025-10-23 00:00:00-04:00,145.73894057591724,147.47652333658482,144.63321704774933,145.294677734375,2477500,0.0,0.0
2025-10-24 00:00:00-04:00,145.87714097615776,146.47936856373175,143.3497645641593,144.00135803222656,1434400,0.0,0.0
2025-10-27 00:00:00-04:00,144.63319819160094,145.77842030467158,142.0663231194566,142.55995178222656,1389400,0.0,0.0
2025-10-28 00:00:00-04:00,141.8096504247887,142.11569780437318,138.62081328372642,139.3415069580078,1140500,0.0,0.0
2025-10-29 00:00:00-04:00,138.8972352290469,143.5077251212577,138.8972352290469,141.79977416992188,1473300,0.0,0.0
2025-10-30 00:00:00-04:00,141.79977473757987,142.7672827002943,140.10169092951304,140.338623046875,1392100,0.0,0.0
2025-10-31 00:00:00-04:00,140.2892648891368,142.65867632484736,140.10168359647588,141.36537170410156,1653700,0.0,0.0
2025-11-03 00:00:00-05:00,141.4246139478959,141.83926022295287,138.05806280322062,139.4698486328125,1964300,0.0,0.0
2025-11-04 00:00:00-05:00,139.7857639912908,139.7857639912908,135.7478850619824,137.64341735839844,2390400,0.0,0.0
2025-11-05 00:00:00-05:00,137.42622305573113,139.0255902408061,135.28387636798738,135.54055786132812,1830700,0.0,0.0
2025-11-06 00:00:00-05:00,136.7252811658553,141.26665611465364,136.57718351895886,138.97622680664062,2062700,0.0,0.0
2025-11-07 00:00:00-05:00,140.13130225310883,142.78702677540414,137.8704746213556,141.8195037841797,1564600,0.0,0.0
2025-11-10 00:00:00-05:00,142.6290759487572,143.90263135006256,140.45711270956187,142.88575744628906,1332800,0.0,0.0
2025-11-11 00:00:00-05:00,144.35677697911333,148.058992196952,142.97462265686116,146.26217651367188,1432400,0.0,0.0
2025-11-12 00:00:00-05:00,146.1140863041797,146.73606324890483,143.82364204473896,144.30740356445312,1295000,0.0,0.0
2025-11-13 00:00:00-05:00,144.23783301411316,146.305460465955,142.57774267787272,143.52210998535156,1602100,1.0,0.0
2025-11-14 00:00:00-05:00,143.95949726282288,148.92978762265315,142.28947181449624,148.31346130371094,2001800,0.0,0.0
2025-11-17 00:00:00-05:00,147.79654636994348,148.1146522326183,144.96348997509233,145.50027465820312,1271900,0.0,0.0
2025-11-18 00:00:00-05:00,144.69509019847817,150.45069491618358,143.58175001421452,148.6912078857422,1853500,0.0,0.0
2025-11-19 00:00:00-05:00,144.83426407655844,148.22400588331652,143.6612827835443,147.80650329589844,1365200,0.0,0.0
2025-11-20 00:00:00-05:00,148.52222393135676,153.57204088491156,145.2418291772294,145.38099670410156,1963100,0.0,0.0
2025-11-21 00:00:00-05:00,145.04302041772328,147.1901895452849,143.03501881686714,145.5698699951172,1873500,0.0,0.0
2025-11-24 00:00:00-05:00,144.98336864383847,147.57786068919822,142.7169175660669,146.76272583007812,1776600,0.0,0.0
2025-11-25 00:00:00-05:00,145.21200631664973,146.75279937607885,143.9296628977992,146.14642333984375,1341800,0.0,0.0
2025-11-26 00:00:00-05:00,146.42475455582434,149.78466046787622,145.7090315426734,148.4228057861328,1379600,0.0,0.0
2025-11-28 00:00:00-05:00,148.42280979629172,152.49845399973447,148.1544098670778,151.68331909179688,749300,0.0,0.0
2025-12-01 00:00:00-05:00,151.85231005479895,157.78683813147526,151.42487235204945,155.23211669921875,2404200,0.0,0.0
2025-12-02 00:00:00-05:00,155.07306228878906,156.216223026874,152.97559910879912,155.0531768798828,1820900,0.0,0.0
2025-12-03 00:00:00-05:00,155.86830552566843,158.44291223898233,155.86830552566843,157.4389190673828,1638800,0.0,0.0
2025-12-04 00:00:00-05:00,157.21027526327626,160.1725791869481,157.06117262233937,158.56219482421875,1652800,0.0,0.0
2025-12-05 00:00:00-05:00,158.69143705785305,163.4629190490696,157.5582114121499,157.65762329101562,2047800,0.0,0.0
2025-12-08 00:00:00-05:00,156.77290361002028,159.2381633563605,155.639678026224,156.5840301513672,1215500,0.0,0.0
2025-12-09 00:00:00-05:00,155.9875909830637,158.7709566208755,155.6695002871517,157.23016357421875,1370100,0.0,0.0
2025-12-10 00:00:00-05:00,157.59795500959592,159.6954180810132,154.9537721506,159.32762145996094,1817300,0.0,0.0
2025-12-11 00:00:00-05:00,157.1208160365469,159.90418166474086,154.74501785719286,156.10687255859375,1902500,0.0,0.0
2025-12-12 00:00:00-05:00,157.1904044874245,158.20433277858362,155.16251756886206,155.74900817871094,1514900,0.0,0.0
2025-12-15 00:00:00-05:00,156.49454771948183,156.49454771948183,150.63954655430135,153.1445770263672,1897600,0.0,0.0
2025-12-16 00:00:00-05:00,150.75885833032365,151.23600198151624,145.5599234344064,148.17430114746094,2939400,0.0,0.0
2025-12-17 00:00:00-05:00,149.75484891533395,154.0193667216321,148.89995832994973,153.154541015625,2313100,0.0,0.0
2025-12-18 00:00:00-05:00,152.51832745914177,152.85631874192754,145.30147109204924,146.1265411376953,2178300,0.0,0.0
2025-12-19 00:00:00-05:00,146.04701517061457,150.02324759617375,145.78856552347747,147.2498321533203,3981300,0.0,0.0
2025-12-22 00:00:00-05:00,149.2180553249908,152.2797559562524,147.5480299042471,147.57786560058594,1317900,0.0,0.0
2025-12-23 00:00:00-05:00,147.85620333001984,148.8800819323935,146.31541028229208,147.27964782714844,1041200,0.0,0.0
2025-12-24 00:00:00-05:00,147.08084289423158,147.08084289423158,145.5599200492031,146.03707885742188,667500,0.0,0.0
2025-12-26 00:00:00-05:00,145.85813060449712,145.92772194734792,143.93960588585304,145.4406280517578,985300,0.0,0.0
2025-12-29 00:00:00-05:00,146.87207521061586,148.5321503149876,146.54403423768656,147.6872100830078,1398200,0.0,0.0
2025-12-30 00:00:00-05:00,148.96954768752943,151.3950518819265,148.55204510510214,150.35128784179688,1551800,0.0,0.0
2025-12-31 00:00:00-05:00,150.35128392867782,150.84831296645856,149.05900539682338,149.43675231933594,1202100,0.0,0.0
2026-01-02 00:00:00-05:00,150.20217692402272,152.74696309668204,147.79654310305486,151.43479919433594,1370500,0.0,0.0
2026-01-05 00:00:00-05:00,152.8165496480897,153.66150511240448,142.69704532628586,146.11660766601562,2598000,0.0,0.0
2026-01-06 00:00:00-05:00,147.41881653841847,147.48839271670838,142.8063876464094,143.611572265625,1892900,0.0,0.0
2026-01-07 00:00:00-05:00,143.01512465795994,144.088709156057,138.5816343155026,139.61544799804688,2492100,0.0,0.0
2026-01-08 00:00:00-05:00,139.91367815136974,148.90990702705398,139.91367815136974,146.78262329101562,2496800,0.0,0.0
2026-01-09 00:00:00-05:00,146.50428286497478,147.99536996645912,144.82432230373618,146.5341033935547,1899100,0.0,0.0
2026-01-12 00:00:00-05:00,146.4148123435071,148.32341726259773,145.10266352577065,146.68321228027344,1998800,0.0,0.0
2026-01-13 00:00:00-05:00,148.98942441941855,152.45867728377144,147.8263783286526,150.3115234375,1853600,0.0,0.0
2026-01-14 00:00:00-05:00,150.34134868065573,155.9180150865405,150.30157786351847,152.81654357910156,2496800,0.0,0.0
2026-01-15 00:00:00-05:00,151.27574777942797,152.19029453948824,148.6613854047766,149.92384338378906,2404300,0.0,0.0
2026-01-16 00:00:00-05:00,150.29164192973417,150.947723895845,148.7409137684704,150.381103515625,2249300,0.0,0.0
2026-01-20 00:00:00-05:00,151.90201617445734,153.08494774300752,147.3691136552004,147.81643676757812,2055500,0.0,0.0
2026-01-21 00:00:00-05:00,150.89801472365198,155.41103158770676,149.9735328515663,152.09088134765625,1955500,0.0,0.0
2026-01-22 00:00:00-05:00,149.83436804043367,151.66344640963845,148.31346041291027,150.94772338867188,2170300,0.0,0.0
2026-01-23 00:00:00-05:00,152.69726043262887,155.32157312543126,152.28969298439836,153.10482788085938,1227500,0.0,0.0
2026-01-26 00:00:00-05:00,154.5959195393286,155.07306317895868,150.17236403996364,152.60780334472656,1705900,0.0,0.0
2026-01-27 00:00:00-05:00,152.7171456901634,158.3236325814343,152.25987230536012,158.1745147705078,2016900,0.0,0.0
2026-01-28 00:00:00-05:00,160.4707837989985,160.5006194951835,157.4985599358335,159.31768798828125,1748800,0.0,0.0
2026-01-29 00:00:00-05:00,164.0195837804516,167.47890166401953,161.88236496813718,162.10105895996094,2504900,0.0,0.0
2026-01-30 00:00:00-05:00,161.61396013999348,164.9639309261119,159.88429366657442,162.97581481933594,2161200,0.0,0.0
2026-02-02 00:00:00-05:00,157.66755190771846,159.5264356544669,156.5641468375669,157.69737243652344,1748000,0.0,0.0
2026-02-03 00:00:00-05:00,157.62779775133805,161.98176184744162,155.83849016548328,161.9121856689453,1876000,0.0,0.0
2026-02-04 00:00:00-05:00,161.94201048572071,168.48291467556305,161.94201048572071,167.9858856201172,2672000,0.0,0.0
2026-02-05 00:00:00-05:00,164.9539990665953,167.05146220742745,162.12092749119196,163.80088806152344,1821300,0.0,0.0
2026-02-06 00:00:00-05:00,163.67165911068082,167.49878883984934,163.54244187278366,165.9381103515625,2090800,0.0,0.0
2026-02-09 00:00:00-05:00,164.92417101811503,166.48483423420018,163.9400481101559,164.973876953125,1738400,0.0,0.0
2026-02-10 00:00:00-05:00,164.86453495340726,164.96393165831392,161.69348732212515,163.9102325439453,1636100,0.0,0.0
2026-02-11 00:00:00-05:00,167.00175935170773,169.52666022983695,165.33174903888957,168.00575256347656,2986500,0.0,0.0
2026-02-12 00:00:00-05:00,166.93216557471538,168.65189696881703,163.38338612757212,166.42520141601562,2316900,0.0,0.0
2026-02-13 00:00:00-05:00,165.62994869593527,169.28809023515944,165.36156394144353,168.13497924804688,1405800,0.0,0.0
2026-02-17 00:00:00-05:00,169.4868960767742,171.7732326058624,162.52848978623214,167.58824157714844,1704100,0.0,0.0
2026-02-18 00:00:00-05:00,170.03364023325742,173.135096636768,168.47296174295062,172.97604370117188,2497700,0.0,0.0
2026-02-19 00:00:00-05:00,175.22261674177963,175.96816027936987,172.54859816005649,173.68182373046875,2257600,0.0,0.0
2026-02-20 00:00:00-05:00,173.05556741211174,175.50095696154696,171.27621012385978,174.9641571044922,3473900,0.0,0.0
2026-02-23 00:00:00-05:00,175.22262497251558,176.1967976603191,172.20067986405158,172.7871856689453,2711300,0.0,0.0
2026-02-24 00:00:00-05:00,173.96016334651804,174.95422142278386,165.1130525350013,171.49490356445312,3975500,0.0,0.0
2026-02-25 00:00:00-05:00,173.44325370667264,173.46313911582337,164.64584858877828,166.77313232421875,2479300,0.0,0.0
2026-02-26 00:00:00-05:00,165.38143221292393,169.91433447451544,163.39331612148047,165.98780822753906,2523500,0.0,0.0
2026-02-27 00:00:00-05:00,168.26420707922384,173.42337068470698,166.45501418291414,173.04562377929688,2459400,0.0,0.0
2026-03-02 00:00:00-05:00,180.11338218801288,182.27048635647785,172.3497911719283,177.89663696289062,5199300,0.0,0.0
2026-03-03 00:00:00-05:00,178.95033823174037,180.42153993010163,172.25038137105716,176.47512817382812,5508700,0.0,0.0
2026-03-04 00:00:00-05:00,174.76534232146864,176.4751233709186,171.52471855794568,175.66000366210938,2533800,0.0,0.0
2026-03-05 00:00:00-05:00,176.27999877929688,179.77999877929688,176.00999450683594,179.0399932861328,5065300,1.05,0.0
2026-03-06 00:00:00-05:00,182.5800018310547,183.0800018310547,179.30999755859375,180.5399932861328,4917000,0.0,0.0
2026-03-09 00:00:00-04:00,183.64999389648438,186.66000366210938,179.5,182.86000061035156,5221200,0.0,0.0
2026-03-10 00:00:00-04:00,181.2899932861328,182.75999450683594,176.14999389648438,178.3699951171875,2194700,0.0,0.0
2026-03-11 00:00:00-04:00,173.0,178.0500030517578,172.80999755859375,176.63999938964844,11186100,0.0,0.0
2026-03-12 00:00:00-04:00,178.41000366210938,181.63999938964844,176.89999389648438,177.00999450683594,4683900,0.0,0.0
2026-03-13 00:00:00-04:00,174.89999389648438,183.39999389648438,174.25999450683594,182.3699951171875,4100900,0.0,0.0
2026-03-16 00:00:00-04:00,182.60000610351562,183.6199951171875,179.7100067138672,182.3300018310547,3203000,0.0,0.0
2026-03-17 00:00:00-04:00,183.0399932861328,188.72999572753906,182.3300018310547,187.22000122070312,2629900,0.0,0.0
2026-03-18 00:00:00-04:00,188.11000061035156,191.1999969482422,187.6300048828125,189.67999267578125,2692200,0.0,0.0
2026-03-19 00:00:00-04:00,191.74000549316406,193.75,189.67999267578125,190.30999755859375,3262100,0.0,0.0
2026-03-20 00:00:00-04:00,190.30999755859375,194.67999267578125,190.02000427246094,192.5399932861328,4606800,0.0,0.0
2026-03-23 00:00:00-04:00,187.25,194.07000732421875,186.02000427246094,191.77999877929688,3254900,0.0,0.0
2026-03-24 00:00:00-04:00,194.1999969482422,199.9600067138672,194.1999969482422,197.05999755859375,2780700,0.0,0.0
2026-03-25 00:00:00-04:00,194.6300048828125,197.13999938964844,194.02000427246094,196.02000427246094,2182300,0.0,0.0
2026-03-26 00:00:00-04:00,198.88999938964844,204.16000366210938,198.0399932861328,202.19000244140625,3220000,0.0,0.0
2026-03-27 00:00:00-04:00,204.2100067138672,204.91000366210938,201.4499969482422,201.83999633789062,5333800,0.0,0.0
2026-03-30 00:00:00-04:00,203.91000366210938,204.69000244140625,197.61000061035156,198.64999389648438,3737600,0.0,0.0
2026-03-31 00:00:00-04:00,199.52000427246094,203.14999389648438,193.77999877929688,197.7899932861328,4423800,0.0,0.0
2026-04-01 00:00:00-04:00,190.52999877929688,195.74000549316406,187.33999633789062,190.6199951171875,4287000,0.0,0.0
2026-04-02 00:00:00-04:00,197.57000732421875,201.47000122070312,192.89999389648438,193.8800048828125,2911800,0.0,0.0
2026-04-06 00:00:00-04:00,194.0800018310547,195.83999633789062,192.67999267578125,194.27000427246094,1463500,0.0,0.0
2026-04-07 00:00:00-04:00,196.1199951171875,199.2899932861328,194.91000366210938,195.5,2520300,0.0,0.0
2026-04-08 00:00:00-04:00,177.1699981689453,187.33999633789062,175.13999938964844,186.47000122070312,5403100,0.0,0.0
2026-04-09 00:00:00-04:00,187.97000122070312,191.13999938964844,185.27000427246094,186.30999755859375,3384800,0.0,0.0
2026-04-10 00:00:00-04:00,185.66000366210938,189.67999267578125,185.32000732421875,188.2100067138672,2948000,0.0,0.0
2026-04-13 00:00:00-04:00,190.5500030517578,192.02000427246094,187.66000366210938,189.10000610351562,3560300,0.0,0.0
2026-04-14 00:00:00-04:00,186.77000427246094,187.58999633789062,183.02000427246094,186.50999450683594,4133500,0.0,0.0
2026-04-15 00:00:00-04:00,186.36000061035156,188.77999877929688,184.0,185.8699951171875,3336300,0.0,0.0
2026-04-16 00:00:00-04:00,185.5500030517578,189.39999389648438,185.5500030517578,186.64999389648438,3026600,0.0,0.0
2026-04-17 00:00:00-04:00,176.1649932861328,180.51499938964844,170.6199951171875,180.27000427246094,6167779,0.0,0.0
