Date,Open,High,Low,Close,Volume,Dividends,Stock Splits
2022-01-03 00:00:00-05:00,35.06999969482422,35.90999984741211,34.86000061035156,35.619998931884766,968400,0.0,0.0
2022-01-04 00:00:00-05:00,35.91999816894531,36.31999969482422,35.56999969482422,35.959999084472656,874300,0.0,0.0
2022-01-05 00:00:00-05:00,36.060001373291016,36.5099983215332,35.459999084472656,35.5,805400,0.0,0.0
2022-01-06 00:00:00-05:00,35.689998626708984,36.13999938964844,35.29999923706055,35.400001525878906,1356600,0.0,0.0
2022-01-07 00:00:00-05:00,35.619998931884766,36.06999969482422,35.529998779296875,35.91999816894531,663900,0.0,0.0
2022-01-10 00:00:00-05:00,35.97999954223633,36.0,34.65999984741211,35.5,1514700,0.0,0.0
2022-01-11 00:00:00-05:00,35.58000183105469,36.11000061035156,34.970001220703125,36.06999969482422,976000,0.0,0.0
2022-01-12 00:00:00-05:00,36.18000030517578,36.54999923706055,35.66999816894531,35.93000030517578,950300,0.0,0.0
2022-01-13 00:00:00-05:00,36.29999923706055,37.3849983215332,36.22100067138672,37.119998931884766,1231000,0.0,0.0
2022-01-14 00:00:00-05:00,36.90999984741211,37.20000076293945,36.45000076293945,36.95000076293945,1695900,0.0,0.0
2022-01-18 00:00:00-05:00,36.77000045776367,37.0,36.06999969482422,36.130001068115234,1300300,0.0,0.0
2022-01-19 00:00:00-05:00,36.45000076293945,36.72999954223633,35.689998626708984,35.869998931884766,1650600,0.0,0.0
2022-01-20 00:00:00-05:00,35.79999923706055,36.99399948120117,35.380001068115234,35.439998626708984,2289800,0.0,0.0
2022-01-21 00:00:00-05:00,35.099998474121094,35.70500183105469,34.119998931884766,34.439998626708984,2891400,0.0,0.0
2022-01-24 00:00:00-05:00,33.52000045776367,35.41999816894531,32.5,35.22999954223633,3470200,0.0,0.0
2022-01-25 00:00:00-05:00,34.560001373291016,35.709999084472656,34.130001068115234,35.31999969482422,2198900,0.0,0.0
2022-01-26 00:00:00-05:00,35.709999084472656,36.03300094604492,34.400001525878906,34.939998626708984,2296200,0.0,0.0
2022-01-27 00:00:00-05:00,35.279998779296875,35.599998474121094,33.91999816894531,34.119998931884766,1384800,0.0,0.0
2022-01-28 00:00:00-05:00,33.66999816894531,34.459999084472656,32.73500061035156,34.439998626708984,2316700,0.0,0.0
2022-01-31 00:00:00-05:00,34.43000030517578,35.345001220703125,34.369998931884766,35.2599983215332,2680300,0.0,0.0
2022-02-01 00:00:00-05:00,35.709999084472656,36.40999984741211,35.56999969482422,36.25,2384900,0.0,0.0
2022-02-02 00:00:00-05:00,36.150001525878906,36.61000061035156,35.86000061035156,36.16999816894531,1019900,0.0,0.0
2022-02-03 00:00:00-05:00,35.97999954223633,36.470001220703125,35.4900016784668,35.59000015258789,1385800,0.0,0.0
2022-02-04 00:00:00-05:00,35.369998931884766,35.59000015258789,34.650001525878906,35.31999969482422,2047300,0.0,0.0
2022-02-07 00:00:00-05:00,35.68000030517578,36.04999923706055,35.20000076293945,35.77000045776367,1420400,0.0,0.0
2022-02-08 00:00:00-05:00,35.25,36.97999954223633,34.75,36.88999938964844,2288400,0.0,0.0
2022-02-09 00:00:00-05:00,37.560001373291016,38.70000076293945,37.529998779296875,38.25,4225900,0.0,0.0
2022-02-10 00:00:00-05:00,37.84000015258789,39.167999267578125,37.84000015258789,38.63999938964844,2176800,0.0,0.0
2022-02-11 00:00:00-05:00,38.66999816894531,39.279998779296875,37.41999816894531,37.7400016784668,2305400,0.0,0.0
2022-02-14 00:00:00-05:00,37.81999969482422,38.13999938964844,36.83000183105469,37.2400016784668,2134400,0.0,0.0
2022-02-15 00:00:00-05:00,38.119998931884766,39.15999984741211,37.9379997253418,38.88999938964844,3101800,0.0,0.0
2022-02-16 00:00:00-05:00,38.810001373291016,39.58000183105469,38.689998626708984,39.279998779296875,3030400,0.0,0.0
2022-02-17 00:00:00-05:00,37.4900016784668,39.72999954223633,37.220001220703125,38.86000061035156,3455300,0.0,0.0
2022-02-18 00:00:00-05:00,38.7599983215332,39.40999984741211,38.18000030517578,38.43000030517578,2451500,0.0,0.0
2022-02-22 00:00:00-05:00,38.09000015258789,38.56999969482422,37.2599983215332,37.84000015258789,2081900,0.0,0.0
2022-02-23 00:00:00-05:00,37.47999954223633,38.189998626708984,37.41999816894531,37.58000183105469,1435000,0.0,0.0
2022-02-24 00:00:00-05:00,36.13999938964844,38.2400016784668,35.720001220703125,38.15999984741211,1895100,0.0,0.0
2022-02-25 00:00:00-05:00,38.5,39.52000045776367,38.29999923706055,39.29999923706055,2018900,0.0,0.0
2022-02-28 00:00:00-05:00,38.56999969482422,39.33000183105469,38.20000076293945,39.09000015258789,2096800,0.0,0.0
2022-03-01 00:00:00-05:00,38.880001068115234,39.290000915527344,38.040000915527344,38.34000015258789,2862500,0.0,0.0
2022-03-02 00:00:00-05:00,38.59000015258789,39.375,38.584999084472656,39.13999938964844,1007800,0.0,0.0
2022-03-03 00:00:00-05:00,39.380001068115234,39.38999938964844,37.4900016784668,37.7400016784668,2077900,0.0,0.0
2022-03-04 00:00:00-05:00,36.959999084472656,37.268001556396484,35.54999923706055,36.43000030517578,2440300,0.0,0.0
2022-03-07 00:00:00-05:00,36.31999969482422,36.400001525878906,31.479999542236328,32.29999923706055,3877500,0.0,0.0
2022-03-08 00:00:00-05:00,32.58000183105469,32.65800094604492,30.079999923706055,30.84000015258789,3446000,0.0,0.0
2022-03-09 00:00:00-05:00,32.25,35.43000030517578,32.25,34.15999984741211,4323800,0.0,0.0
2022-03-10 00:00:00-05:00,33.29999923706055,34.650001525878906,33.13999938964844,34.38999938964844,1559100,0.0,0.0
2022-03-11 00:00:00-05:00,35.380001068115234,35.380001068115234,34.38999938964844,34.43000030517578,2319200,0.0,0.0
2022-03-14 00:00:00-04:00,34.5,35.099998474121094,33.83000183105469,34.41999816894531,2368800,0.0,0.0
2022-03-15 00:00:00-04:00,35.04999923706055,36.029998779296875,34.83000183105469,35.27000045776367,2269900,0.0,0.0
2022-03-16 00:00:00-04:00,35.59000015258789,36.97999954223633,35.5,36.939998626708984,2742200,0.0,0.0
2022-03-17 00:00:00-04:00,36.79999923706055,37.52000045776367,36.41999816894531,36.720001220703125,2087700,0.0,0.0
2022-03-18 00:00:00-04:00,36.400001525878906,37.439998626708984,36.09000015258789,37.220001220703125,1081400,0.0,0.0
2022-03-21 00:00:00-04:00,37.11000061035156,37.33000183105469,36.43000030517578,36.849998474121094,1798500,0.0,0.0
2022-03-22 00:00:00-04:00,36.869998931884766,37.42499923706055,36.790000915527344,36.970001220703125,2069500,0.0,0.0
2022-03-23 00:00:00-04:00,36.7599983215332,37.0,36.29999923706055,36.29999923706055,1124300,0.0,0.0
2022-03-24 00:00:00-04:00,36.65999984741211,37.119998931884766,36.13999938964844,36.95000076293945,908400,0.0,0.0
2022-03-25 00:00:00-04:00,37.099998474121094,37.34000015258789,36.709999084472656,37.099998474121094,812700,0.0,0.0
2022-03-28 00:00:00-04:00,36.939998626708984,37.154998779296875,36.40999984741211,37.02000045776367,1297700,0.0,0.0
2022-03-29 00:00:00-04:00,37.77000045776367,38.70000076293945,37.400001525878906,38.33000183105469,1586200,0.0,0.0
2022-03-30 00:00:00-04:00,37.83000183105469,38.599998474121094,37.83000183105469,38.06999969482422,1915300,0.0,0.0
2022-03-31 00:00:00-04:00,37.849998474121094,38.400001525878906,37.630001068115234,37.630001068115234,841600,0.0,0.0
2022-04-01 00:00:00-04:00,37.7400016784668,38.06999969482422,37.119998931884766,37.54999923706055,1610500,0.0,0.0
2022-04-04 00:00:00-04:00,37.470001220703125,37.775001525878906,37.25,37.41999816894531,2466500,0.0,0.0
2022-04-05 00:00:00-04:00,37.310001373291016,37.77000045776367,36.13999938964844,36.43000030517578,1451600,0.0,0.0
2022-04-06 00:00:00-04:00,35.959999084472656,36.040000915527344,35.27000045776367,35.5,1786000,0.0,0.0
2022-04-07 00:00:00-04:00,35.7599983215332,36.20000076293945,35.0,35.34000015258789,1879100,0.0,0.0
2022-04-08 00:00:00-04:00,35.349998474121094,35.959999084472656,34.939998626708984,35.2400016784668,2230200,0.0,0.0
2022-04-11 00:00:00-04:00,35.33000183105469,36.34000015258789,34.9900016784668,36.04999923706055,2525300,0.0,0.0
2022-04-12 00:00:00-04:00,36.540000915527344,38.029998779296875,36.060001373291016,36.279998779296875,4764200,0.0,0.0
2022-04-13 00:00:00-04:00,36.45000076293945,37.380001068115234,36.34000015258789,37.189998626708984,2558900,0.0,0.0
2022-04-14 00:00:00-04:00,37.279998779296875,37.68000030517578,36.5,36.529998779296875,2142400,0.0,0.0
2022-04-18 00:00:00-04:00,36.209999084472656,36.81999969482422,36.01499938964844,36.18000030517578,1845100,0.0,0.0
2022-04-19 00:00:00-04:00,36.34000015258789,37.72999954223633,36.130001068115234,37.279998779296875,2526800,0.0,0.0
2022-04-20 00:00:00-04:00,37.779998779296875,38.060001373291016,37.40999984741211,37.65999984741211,887700,0.0,0.0
2022-04-21 00:00:00-04:00,38.5,39.619998931884766,38.150001525878906,38.349998474121094,2617200,0.0,0.0
2022-04-22 00:00:00-04:00,38.5,38.75,38.119998931884766,38.20000076293945,1867300,0.0,0.0
2022-04-25 00:00:00-04:00,38.15999984741211,38.93000030517578,37.560001373291016,38.86000061035156,1291200,0.0,0.0
2022-04-26 00:00:00-04:00,38.5099983215332,39.02000045776367,37.849998474121094,38.08000183105469,1797100,0.0,0.0
2022-04-27 00:00:00-04:00,38.130001068115234,38.970001220703125,37.369998931884766,38.279998779296875,2178100,0.0,0.0
2022-04-28 00:00:00-04:00,38.540000915527344,39.119998931884766,37.959999084472656,39.0,1166300,0.0,0.0
2022-04-29 00:00:00-04:00,38.900001525878906,39.2400016784668,37.5099983215332,37.619998931884766,1478700,0.0,0.0
2022-05-02 00:00:00-04:00,37.7400016784668,38.060001373291016,37.0,38.029998779296875,1170100,0.0,0.0
2022-05-03 00:00:00-04:00,38.20000076293945,38.779998779296875,37.4900016784668,38.5099983215332,1170400,0.0,0.0
2022-05-04 00:00:00-04:00,38.349998474121094,39.02000045776367,37.459999084472656,38.869998931884766,1080500,0.0,0.0
2022-05-05 00:00:00-04:00,38.33000183105469,38.630001068115234,36.83000183105469,37.189998626708984,1341500,0.0,0.0
2022-05-06 00:00:00-04:00,37.029998779296875,37.25,36.040000915527344,36.560001373291016,1281100,0.0,0.0
2022-05-09 00:00:00-04:00,35.91999816894531,36.36000061035156,34.439998626708984,34.619998931884766,2895100,0.0,0.0
2022-05-10 00:00:00-04:00,35.66999816894531,36.439998626708984,34.650001525878906,35.86000061035156,2758300,0.0,0.0
2022-05-11 00:00:00-04:00,35.81999969482422,36.33000183105469,33.689998626708984,33.959999084472656,2348600,0.0,0.0
2022-05-12 00:00:00-04:00,32.54999923706055,34.09000015258789,31.270000457763672,32.72999954223633,3225800,0.0,0.0
2022-05-13 00:00:00-04:00,33.09000015258789,34.7400016784668,33.09000015258789,34.4900016784668,1867800,0.0,0.0
2022-05-16 00:00:00-04:00,34.5,34.599998474121094,33.630001068115234,33.7599983215332,1389900,0.0,0.0
2022-05-17 00:00:00-04:00,34.08000183105469,34.880001068115234,33.96500015258789,34.779998779296875,2183300,0.0,0.0
2022-05-18 00:00:00-04:00,34.79999923706055,34.880001068115234,32.40999984741211,32.599998474121094,2213200,0.0,0.0
2022-05-19 00:00:00-04:00,32.09000015258789,32.790000915527344,31.610000610351562,31.920000076293945,2751200,0.0,0.0
2022-05-20 00:00:00-04:00,32.16999816894531,32.29999923706055,29.774999618530273,30.6299991607666,3856400,0.0,0.0
2022-05-23 00:00:00-04:00,30.969999313354492,31.024999618530273,29.850000381469727,30.760000228881836,2266800,0.0,0.0
2022-05-24 00:00:00-04:00,30.389999389648438,30.510000228881836,29.260000228881836,29.690000534057617,2052300,0.0,0.0
2022-05-25 00:00:00-04:00,29.610000610351562,31.18000030517578,29.584999084472656,30.920000076293945,1974600,0.0,0.0
2022-05-26 00:00:00-04:00,31.860000610351562,33.40999984741211,31.59000015258789,32.959999084472656,2311300,0.0,0.0
2022-05-27 00:00:00-04:00,32.970001220703125,33.64799880981445,32.939998626708984,33.209999084472656,1135300,0.0,0.0
2022-05-31 00:00:00-04:00,32.9900016784668,33.529998779296875,32.57500076293945,33.119998931884766,1693400,0.0,0.0
2022-06-01 00:00:00-04:00,32.84000015258789,33.45500183105469,32.0,32.5099983215332,3250200,0.0,0.0
2022-06-02 00:00:00-04:00,32.380001068115234,33.02000045776367,32.150001525878906,33.0099983215332,1295100,0.0,0.0
2022-06-03 00:00:00-04:00,32.650001525878906,32.7599983215332,32.189998626708984,32.380001068115234,1480500,0.0,0.0
2022-06-06 00:00:00-04:00,32.779998779296875,33.119998931884766,32.40999984741211,32.66999816894531,1181500,0.0,0.0
2022-06-07 00:00:00-04:00,32.25,32.869998931884766,32.130001068115234,32.58000183105469,964700,0.0,0.0
2022-06-08 00:00:00-04:00,32.34000015258789,32.79999923706055,31.889999389648438,32.0099983215332,1519400,0.0,0.0
2022-06-09 00:00:00-04:00,31.399999618530273,31.770000457763672,30.239999771118164,30.280000686645508,1739000,0.0,0.0
2022-06-10 00:00:00-04:00,29.559999465942383,30.209999084472656,29.079999923706055,29.489999771118164,1613200,0.0,0.0
2022-06-13 00:00:00-04:00,28.809999465942383,29.079999923706055,28.170000076293945,28.3700008392334,1535500,0.0,0.0
2022-06-14 00:00:00-04:00,28.399999618530273,28.75,27.920000076293945,28.149999618530273,1244000,0.0,0.0
2022-06-15 00:00:00-04:00,28.56999969482422,29.149999618530273,28.309999465942383,28.700000762939453,1713800,0.0,0.0
2022-06-16 00:00:00-04:00,27.860000610351562,28.239999771118164,27.479999542236328,27.729999542236328,2093200,0.0,0.0
2022-06-17 00:00:00-04:00,27.809999465942383,28.670000076293945,27.809999465942383,28.520000457763672,2245800,0.0,0.0
2022-06-21 00:00:00-04:00,28.979999542236328,29.09000015258789,28.209999084472656,28.489999771118164,1472700,0.0,0.0
2022-06-22 00:00:00-04:00,28.010000228881836,28.39299964904785,27.674999237060547,28.200000762939453,1785600,0.0,0.0
2022-06-23 00:00:00-04:00,28.469999313354492,28.540000915527344,27.924999237060547,28.469999313354492,1849100,0.0,0.0
2022-06-24 00:00:00-04:00,28.8799991607666,32.060001373291016,28.860000610351562,32.0,3767100,0.0,0.0
2022-06-27 00:00:00-04:00,31.850000381469727,32.16999816894531,31.059999465942383,31.889999389648438,2061700,0.0,0.0
2022-06-28 00:00:00-04:00,32.040000915527344,32.47999954223633,31.424999237060547,31.530000686645508,1558100,0.0,0.0
2022-06-29 00:00:00-04:00,31.719999313354492,31.719999313354492,30.78499984741211,31.049999237060547,1099100,0.0,0.0
2022-06-30 00:00:00-04:00,30.68000030517578,31.010000228881836,29.959999084472656,30.68000030517578,1348600,0.0,0.0
2022-07-01 00:00:00-04:00,30.790000915527344,31.360000610351562,30.55500030517578,31.290000915527344,697100,0.0,0.0
2022-07-05 00:00:00-04:00,30.809999465942383,31.729999542236328,30.360000610351562,31.690000534057617,1107800,0.0,0.0
2022-07-06 00:00:00-04:00,31.479999542236328,32.0099983215332,31.290000915527344,31.489999771118164,2058900,0.0,0.0
2022-07-07 00:00:00-04:00,31.729999542236328,32.060001373291016,31.399999618530273,31.93000030517578,1060600,0.0,0.0
2022-07-08 00:00:00-04:00,31.950000762939453,32.470001220703125,31.540000915527344,31.610000610351562,1357100,0.0,0.0
2022-07-11 00:00:00-04:00,31.290000915527344,31.700000762939453,31.170000076293945,31.389999389648438,611000,0.0,0.0
2022-07-12 00:00:00-04:00,31.3799991607666,32.22999954223633,31.360000610351562,31.610000610351562,823100,0.0,0.0
2022-07-13 00:00:00-04:00,31.09000015258789,31.94499969482422,30.75,31.610000610351562,593900,0.0,0.0
2022-07-14 00:00:00-04:00,31.1200008392334,31.6299991607666,30.93000030517578,31.440000534057617,746800,0.0,0.0
2022-07-15 00:00:00-04:00,31.829999923706055,32.2400016784668,31.540000915527344,32.15999984741211,855900,0.0,0.0
2022-07-18 00:00:00-04:00,32.369998931884766,32.7400016784668,31.700000762939453,31.760000228881836,967600,0.0,0.0
2022-07-19 00:00:00-04:00,32.13999938964844,32.900001525878906,32.13999938964844,32.7599983215332,773400,0.0,0.0
2022-07-20 00:00:00-04:00,32.880001068115234,33.36000061035156,32.880001068115234,33.150001525878906,1097600,0.0,0.0
2022-07-21 00:00:00-04:00,32.90999984741211,33.08000183105469,32.599998474121094,33.0099983215332,814200,0.0,0.0
2022-07-22 00:00:00-04:00,33.13999938964844,33.31999969482422,32.08000183105469,32.40999984741211,763100,0.0,0.0
2022-07-25 00:00:00-04:00,32.540000915527344,32.66999816894531,32.02000045776367,32.45000076293945,947800,0.0,0.0
2022-07-26 00:00:00-04:00,32.130001068115234,32.380001068115234,31.6200008392334,31.979999542236328,872300,0.0,0.0
2022-07-27 00:00:00-04:00,32.38999938964844,32.38999938964844,31.829999923706055,32.189998626708984,1142400,0.0,0.0
2022-07-28 00:00:00-04:00,32.13999938964844,32.4900016784668,31.479999542236328,32.470001220703125,1194800,0.0,0.0
2022-07-29 00:00:00-04:00,32.36000061035156,32.36000061035156,31.25,31.5,1923700,0.0,0.0
2022-08-01 00:00:00-04:00,31.270000457763672,32.08000183105469,30.719999313354492,31.899999618530273,1423300,0.0,0.0
2022-08-02 00:00:00-04:00,31.739999771118164,31.860000610351562,31.31999969482422,31.6200008392334,995100,0.0,0.0
2022-08-03 00:00:00-04:00,31.8799991607666,32.209999084472656,31.5,31.809999465942383,971800,0.0,0.0
2022-08-04 00:00:00-04:00,31.700000762939453,32.290000915527344,31.579999923706055,32.15999984741211,1298700,0.0,0.0
2022-08-05 00:00:00-04:00,31.799999237060547,32.66999816894531,31.670000076293945,32.08000183105469,1877500,0.0,0.0
2022-08-08 00:00:00-04:00,32.0,33.779998779296875,32.0,32.97999954223633,2017500,0.0,0.0
2022-08-09 00:00:00-04:00,32.7400016784668,32.939998626708984,31.764999389648438,31.979999542236328,1732700,0.0,0.0
2022-08-10 00:00:00-04:00,32.65999984741211,33.09000015258789,31.959999084472656,32.29999923706055,2529500,0.0,0.0
2022-08-11 00:00:00-04:00,32.529998779296875,33.15999984741211,32.29999923706055,32.47999954223633,1850700,0.0,0.0
2022-08-12 00:00:00-04:00,32.529998779296875,33.36000061035156,32.5,33.27000045776367,1096100,0.0,0.0
2022-08-15 00:00:00-04:00,32.93000030517578,33.5359992980957,32.810001373291016,33.060001373291016,1123500,0.0,0.0
2022-08-16 00:00:00-04:00,33.060001373291016,33.29999923706055,32.79999923706055,33.279998779296875,1330400,0.0,0.0
2022-08-17 00:00:00-04:00,33.08000183105469,33.31999969482422,32.349998474121094,32.36000061035156,1221100,0.0,0.0
2022-08-18 00:00:00-04:00,32.310001373291016,32.459999084472656,31.75,32.34000015258789,2732700,0.0,0.0
2022-08-19 00:00:00-04:00,32.16999816894531,32.290000915527344,31.6299991607666,32.150001525878906,1425000,0.0,0.0
2022-08-22 00:00:00-04:00,31.540000915527344,31.59000015258789,30.719999313354492,30.959999084472656,1289400,0.0,0.0
2022-08-23 00:00:00-04:00,31.1299991607666,31.540000915527344,31.09600067138672,31.260000228881836,867400,0.0,0.0
2022-08-24 00:00:00-04:00,31.350000381469727,31.959999084472656,31.290000915527344,31.809999465942383,1368500,0.0,0.0
2022-08-25 00:00:00-04:00,31.979999542236328,32.529998779296875,31.649999618530273,32.40999984741211,1898600,0.0,0.0
2022-08-26 00:00:00-04:00,32.439998626708984,32.650001525878906,31.209999084472656,31.440000534057617,1251200,0.0,0.0
2022-08-29 00:00:00-04:00,31.190000534057617,31.479999542236328,30.799999237060547,31.18000030517578,866000,0.0,0.0
2022-08-30 00:00:00-04:00,31.469999313354492,31.5,30.559999465942383,30.649999618530273,848100,0.0,0.0
2022-08-31 00:00:00-04:00,30.81999969482422,30.860000610351562,30.420000076293945,30.6200008392334,1192600,0.0,0.0
2022-09-01 00:00:00-04:00,30.270000457763672,30.270000457763672,29.549999237060547,30.25,1403700,0.0,0.0
2022-09-02 00:00:00-04:00,30.600000381469727,30.709999084472656,29.53499984741211,29.700000762939453,927800,0.0,0.0
2022-09-06 00:00:00-04:00,29.790000915527344,29.920000076293945,28.860000610351562,29.280000686645508,1772400,0.0,0.0
2022-09-07 00:00:00-04:00,28.959999084472656,30.0049991607666,28.959999084472656,29.940000534057617,2032100,0.0,0.0
2022-09-08 00:00:00-04:00,29.700000762939453,30.959999084472656,29.469999313354492,30.889999389648438,2146200,0.0,0.0
2022-09-09 00:00:00-04:00,31.1299991607666,31.450000762939453,30.829999923706055,31.31999969482422,1300100,0.0,0.0
2022-09-12 00:00:00-04:00,31.729999542236328,32.17499923706055,31.68000030517578,31.959999084472656,1148200,0.0,0.0
2022-09-13 00:00:00-04:00,31.15999984741211,31.475000381469727,30.354999542236328,30.440000534057617,1177200,0.0,0.0
2022-09-14 00:00:00-04:00,30.440000534057617,30.520000457763672,29.469999313354492,30.040000915527344,1508900,0.0,0.0
2022-09-15 00:00:00-04:00,30.079999923706055,30.389999389648438,29.825000762939453,30.030000686645508,1726600,0.0,0.0
2022-09-16 00:00:00-04:00,29.739999771118164,29.770000457763672,29.204999923706055,29.6200008392334,4344700,0.0,0.0
2022-09-19 00:00:00-04:00,29.31999969482422,30.200000762939453,29.219999313354492,30.09000015258789,1441900,0.0,0.0
2022-09-20 00:00:00-04:00,29.850000381469727,30.0,29.315000534057617,29.709999084472656,1342800,0.0,0.0
2022-09-21 00:00:00-04:00,29.6299991607666,29.8799991607666,28.739999771118164,28.770000457763672,1027200,0.0,0.0
2022-09-22 00:00:00-04:00,28.690000534057617,28.690000534057617,27.920000076293945,28.18000030517578,1774100,0.0,0.0
2022-09-23 00:00:00-04:00,27.770000457763672,27.809999465942383,26.6299991607666,26.8799991607666,1472800,0.0,0.0
2022-09-26 00:00:00-04:00,26.719999313354492,27.200000762939453,26.084999084472656,26.479999542236328,1582900,0.0,0.0
2022-09-27 00:00:00-04:00,27.020000457763672,27.450000762939453,26.31999969482422,26.600000381469727,1858600,0.0,0.0
2022-09-28 00:00:00-04:00,26.75,27.3799991607666,26.475000381469727,27.360000610351562,2070700,0.0,0.0
2022-09-29 00:00:00-04:00,26.8799991607666,26.8799991607666,26.15999984741211,26.530000686645508,1404500,0.0,0.0
2022-09-30 00:00:00-04:00,26.479999542236328,27.030000686645508,26.239999771118164,26.440000534057617,1634200,0.0,0.0
2022-10-03 00:00:00-04:00,26.829999923706055,27.309999465942383,26.170000076293945,26.969999313354492,1477800,0.0,0.0
2022-10-04 00:00:00-04:00,27.540000915527344,28.520000457763672,27.540000915527344,28.510000228881836,1399700,0.0,0.0
2022-10-05 00:00:00-04:00,27.93000030517578,28.299999237060547,27.510000228881836,28.15999984741211,1056100,0.0,0.0
2022-10-06 00:00:00-04:00,28.09000015258789,28.389999389648438,27.545000076293945,27.600000381469727,1018700,0.0,0.0
2022-10-07 00:00:00-04:00,27.200000762939453,27.299999237060547,26.170000076293945,26.530000686645508,2506100,0.0,0.0
2022-10-10 00:00:00-04:00,26.729999542236328,27.139999389648438,26.30500030517578,26.540000915527344,2003900,0.0,0.0
2022-10-11 00:00:00-04:00,26.489999771118164,26.850000381469727,26.09000015258789,26.670000076293945,2681300,0.0,0.0
2022-10-12 00:00:00-04:00,26.6200008392334,26.739999771118164,26.270000457763672,26.40999984741211,1244800,0.0,0.0
2022-10-13 00:00:00-04:00,25.889999389648438,27.15999984741211,25.489999771118164,26.969999313354492,1109800,0.0,0.0
2022-10-14 00:00:00-04:00,27.170000076293945,27.309999465942383,26.3700008392334,26.450000762939453,888500,0.0,0.0
2022-10-17 00:00:00-04:00,26.969999313354492,27.3700008392334,26.90999984741211,27.3700008392334,1698100,0.0,0.0
2022-10-18 00:00:00-04:00,28.139999389648438,28.325000762939453,27.489999771118164,27.739999771118164,1075600,0.0,0.0
2022-10-19 00:00:00-04:00,27.59000015258789,28.06999969482422,27.40999984741211,27.56999969482422,952600,0.0,0.0
2022-10-20 00:00:00-04:00,27.489999771118164,27.84000015258789,27.049999237060547,27.1200008392334,791500,0.0,0.0
2022-10-21 00:00:00-04:00,27.25,28.040000915527344,27.020000457763672,27.950000762939453,740400,0.0,0.0
2022-10-24 00:00:00-04:00,28.020000457763672,28.209999084472656,27.540000915527344,28.020000457763672,642500,0.0,0.0
2022-10-25 00:00:00-04:00,27.920000076293945,28.959999084472656,27.920000076293945,28.889999389648438,1156700,0.0,0.0
2022-10-26 00:00:00-04:00,28.84000015258789,29.780000686645508,28.84000015258789,29.3700008392334,1197300,0.0,0.0
2022-10-27 00:00:00-04:00,29.719999313354492,29.719999313354492,29.1299991607666,29.200000762939453,707600,0.0,0.0
2022-10-28 00:00:00-04:00,29.25,30.239999771118164,29.1299991607666,30.229999542236328,1048500,0.0,0.0
2022-10-31 00:00:00-04:00,29.899999618530273,30.3799991607666,29.684999465942383,29.760000228881836,1390700,0.0,0.0
2022-11-01 00:00:00-04:00,29.84000015258789,30.1299991607666,29.360000610351562,29.610000610351562,2015100,0.0,0.0
2022-11-02 00:00:00-04:00,29.3700008392334,29.8799991607666,28.704999923706055,28.739999771118164,1196000,0.0,0.0
2022-11-03 00:00:00-04:00,28.469999313354492,28.979999542236328,28.020000457763672,28.75,1016800,0.0,0.0
2022-11-04 00:00:00-04:00,29.09000015258789,29.34000015258789,28.579999923706055,29.270000457763672,1129000,0.0,0.0
2022-11-07 00:00:00-05:00,29.459999084472656,29.639999389648438,28.979999542236328,29.639999389648438,1315300,0.0,0.0
2022-11-08 00:00:00-05:00,29.719999313354492,30.469999313354492,29.579999923706055,30.389999389648438,1426500,0.0,0.0
2022-11-09 00:00:00-05:00,30.34000015258789,30.600000381469727,29.674999237060547,29.719999313354492,2406200,0.0,0.0
2022-11-10 00:00:00-05:00,31.030000686645508,33.0,31.030000686645508,32.81999969482422,2285300,0.0,0.0
2022-11-11 00:00:00-05:00,33.0,34.529998779296875,32.845001220703125,34.31999969482422,3633200,0.0,0.0
2022-11-14 00:00:00-05:00,34.060001373291016,34.90999984741211,33.97999954223633,34.060001373291016,2069300,0.0,0.0
2022-11-15 00:00:00-05:00,34.72999954223633,35.04999923706055,34.13999938964844,34.209999084472656,1354900,0.0,0.0
2022-11-16 00:00:00-05:00,33.95000076293945,34.619998931884766,33.709999084472656,34.400001525878906,1376400,0.0,0.0
2022-11-17 00:00:00-05:00,33.88999938964844,33.959999084472656,33.35499954223633,33.900001525878906,1265600,0.0,0.0
2022-11-18 00:00:00-05:00,34.540000915527344,34.70000076293945,33.61000061035156,33.970001220703125,1181700,0.0,0.0
2022-11-21 00:00:00-05:00,33.66999816894531,35.11000061035156,33.66999816894531,35.08000183105469,2496600,0.0,0.0
2022-11-22 00:00:00-05:00,35.25,36.66999816894531,35.21500015258789,35.970001220703125,2867300,0.0,0.0
2022-11-23 00:00:00-05:00,35.93000030517578,36.47999954223633,35.849998474121094,35.939998626708984,994900,0.0,0.0
2022-11-25 00:00:00-05:00,36.0,36.31999969482422,35.81999969482422,35.91999816894531,620500,0.0,0.0
2022-11-28 00:00:00-05:00,35.72999954223633,36.029998779296875,35.375,35.560001373291016,1279400,0.0,0.0
2022-11-29 00:00:00-05:00,35.5,36.025001525878906,35.40999984741211,35.91999816894531,1126600,0.0,0.0
2022-11-30 00:00:00-05:00,35.970001220703125,36.630001068115234,35.80500030517578,36.58000183105469,3973900,0.0,0.0
2022-12-01 00:00:00-05:00,36.5,36.93299865722656,36.130001068115234,36.15999984741211,1328900,0.0,0.0
2022-12-02 00:00:00-05:00,35.83000183105469,36.290000915527344,35.650001525878906,35.869998931884766,1025300,0.0,0.0
2022-12-05 00:00:00-05:00,35.439998626708984,35.779998779296875,35.33000183105469,35.59000015258789,784500,0.0,0.0
2022-12-06 00:00:00-05:00,35.59000015258789,35.790000915527344,35.064998626708984,35.52000045776367,2380000,0.0,0.0
2022-12-07 00:00:00-05:00,35.22999954223633,35.689998626708984,35.150001525878906,35.22999954223633,1435900,0.0,0.0
2022-12-08 00:00:00-05:00,35.25,35.494998931884766,34.970001220703125,35.09000015258789,713500,0.0,0.0
2022-12-09 00:00:00-05:00,34.83000183105469,35.1150016784668,34.7400016784668,34.9900016784668,829800,0.0,0.0
2022-12-12 00:00:00-05:00,35.15999984741211,35.400001525878906,34.86000061035156,35.220001220703125,868800,0.0,0.0
2022-12-13 00:00:00-05:00,36.150001525878906,36.400001525878906,35.45000076293945,35.97999954223633,2492600,0.0,0.0
2022-12-14 00:00:00-05:00,35.900001525878906,36.31999969482422,35.2599983215332,35.63999938964844,1983700,0.0,0.0
2022-12-15 00:00:00-05:00,34.869998931884766,35.560001373291016,34.599998474121094,35.290000915527344,1760000,0.0,0.0
2022-12-16 00:00:00-05:00,34.93000030517578,35.529998779296875,34.840999603271484,35.459999084472656,2282400,0.0,0.0
2022-12-19 00:00:00-05:00,35.619998931884766,35.619998931884766,34.54100036621094,34.650001525878906,1133900,0.0,0.0
2022-12-20 00:00:00-05:00,34.70000076293945,34.939998626708984,34.560001373291016,34.79999923706055,767000,0.0,0.0
2022-12-21 00:00:00-05:00,35.209999084472656,35.25,34.65999984741211,34.79999923706055,995300,0.0,0.0
2022-12-22 00:00:00-05:00,34.47999954223633,34.5099983215332,33.84000015258789,34.439998626708984,898900,0.0,0.0
2022-12-23 00:00:00-05:00,34.459999084472656,34.72999954223633,34.020999908447266,34.689998626708984,572000,0.0,0.0
2022-12-27 00:00:00-05:00,34.709999084472656,34.959999084472656,34.52000045776367,34.599998474121094,450600,0.0,0.0
2022-12-28 00:00:00-05:00,34.54999923706055,34.720001220703125,33.974998474121094,34.040000915527344,715200,0.0,0.0
2022-12-29 00:00:00-05:00,34.27000045776367,34.47999954223633,34.07500076293945,34.2400016784668,649700,0.0,0.0
2022-12-30 00:00:00-05:00,33.81999969482422,34.1150016784668,33.689998626708984,34.02000045776367,885300,0.0,0.0
2023-01-03 00:00:00-05:00,34.43000030517578,34.47999954223633,33.68000030517578,34.119998931884766,1071300,0.0,0.0
2023-01-04 00:00:00-05:00,34.310001373291016,34.849998474121094,34.25,34.779998779296875,1228900,0.0,0.0
2023-01-05 00:00:00-05:00,35.20000076293945,35.779998779296875,34.939998626708984,35.68000030517578,3153100,0.0,0.0
2023-01-06 00:00:00-05:00,36.099998474121094,37.540000915527344,36.060001373291016,37.540000915527344,3257000,0.0,0.0
2023-01-09 00:00:00-05:00,37.61000061035156,37.98500061035156,37.130001068115234,37.380001068115234,1404900,0.0,0.0
2023-01-10 00:00:00-05:00,37.27000045776367,37.82500076293945,37.20000076293945,37.40999984741211,1028000,0.0,0.0
2023-01-11 00:00:00-05:00,37.470001220703125,37.689998626708984,37.400001525878906,37.4900016784668,868400,0.0,0.0
2023-01-12 00:00:00-05:00,37.619998931884766,37.72999954223633,37.06999969482422,37.15999984741211,952100,0.0,0.0
2023-01-13 00:00:00-05:00,36.7400016784668,37.42900085449219,36.68000030517578,37.290000915527344,922100,0.0,0.0
2023-01-17 00:00:00-05:00,37.11000061035156,37.29999923706055,36.76499938964844,36.91999816894531,679000,0.0,0.0
2023-01-18 00:00:00-05:00,37.0,37.084999084472656,36.15999984741211,36.18000030517578,1148600,0.0,0.0
2023-01-19 00:00:00-05:00,35.779998779296875,36.06999969482422,35.619998931884766,35.959999084472656,832900,0.0,0.0
2023-01-20 00:00:00-05:00,36.06999969482422,36.65999984741211,35.810001373291016,36.63999938964844,747200,0.0,0.0
2023-01-23 00:00:00-05:00,36.63999938964844,37.06999969482422,36.5,36.810001373291016,1114300,0.0,0.0
2023-01-24 00:00:00-05:00,36.27000045776367,37.20000076293945,36.27000045776367,37.15999984741211,1131000,0.0,0.0
2023-01-25 00:00:00-05:00,36.70000076293945,37.810001373291016,36.70000076293945,37.779998779296875,1224800,0.0,0.0
2023-01-26 00:00:00-05:00,37.90999984741211,38.09000015258789,37.52000045776367,37.689998626708984,1032100,0.0,0.0
2023-01-27 00:00:00-05:00,37.61000061035156,37.779998779296875,37.369998931884766,37.66999816894531,1153100,0.0,0.0
2023-01-30 00:00:00-05:00,37.58000183105469,37.724998474121094,37.150001525878906,37.16999816894531,811600,0.0,0.0
2023-01-31 00:00:00-05:00,36.79999923706055,38.150001525878906,36.36000061035156,38.130001068115234,1452000,0.0,0.0
2023-02-01 00:00:00-05:00,38.130001068115234,38.68000030517578,37.68000030517578,38.58000183105469,1406900,0.0,0.0
2023-02-02 00:00:00-05:00,38.72999954223633,38.81999969482422,38.025001525878906,38.279998779296875,995100,0.0,0.0
2023-02-03 00:00:00-05:00,37.97999954223633,38.13999938964844,37.53499984741211,37.709999084472656,947900,0.0,0.0
2023-02-06 00:00:00-05:00,37.5099983215332,37.9900016784668,37.5099983215332,37.7599983215332,1699300,0.0,0.0
2023-02-07 00:00:00-05:00,37.54999923706055,37.900001525878906,36.93000030517578,37.79999923706055,1320900,0.0,0.0
2023-02-08 00:00:00-05:00,37.45000076293945,37.814998626708984,36.86000061035156,37.16999816894531,1158400,0.0,0.0
2023-02-09 00:00:00-05:00,37.279998779296875,37.56999969482422,36.459999084472656,36.5,1118200,0.0,0.0
2023-02-10 00:00:00-05:00,36.400001525878906,36.6150016784668,35.9900016784668,36.45000076293945,1545300,0.0,0.0
2023-02-13 00:00:00-05:00,36.369998931884766,36.84000015258789,36.25,36.79999923706055,1011900,0.0,0.0
2023-02-14 00:00:00-05:00,36.849998474121094,36.9900016784668,36.310001373291016,36.7400016784668,909200,0.0,0.0
2023-02-15 00:00:00-05:00,36.40999984741211,37.060001373291016,36.279998779296875,36.95000076293945,1558400,0.0,0.0
2023-02-16 00:00:00-05:00,37.22999954223633,39.09000015258789,37.099998474121094,38.279998779296875,3686200,0.0,0.0
2023-02-17 00:00:00-05:00,38.36000061035156,39.75,38.119998931884766,39.61000061035156,5297400,0.0,0.0
2023-02-21 00:00:00-05:00,39.02000045776367,39.75,38.65999984741211,39.2599983215332,1620700,0.0,0.0
2023-02-22 00:00:00-05:00,39.34000015258789,39.737998962402344,39.119998931884766,39.27000045776367,1514200,0.0,0.0
2023-02-23 00:00:00-05:00,39.400001525878906,39.400001525878906,37.70000076293945,38.220001220703125,1611700,0.0,0.0
2023-02-24 00:00:00-05:00,37.88999938964844,37.95000076293945,37.40999984741211,37.849998474121094,1112100,0.0,0.0
2023-02-27 00:00:00-05:00,37.97999954223633,38.21500015258789,37.70000076293945,37.900001525878906,999200,0.0,0.0
2023-02-28 00:00:00-05:00,37.779998779296875,38.154998779296875,37.5099983215332,37.529998779296875,1073300,0.0,0.0
2023-03-01 00:00:00-05:00,37.36000061035156,37.90999984741211,37.08000183105469,37.88999938964844,1345900,0.0,0.0
2023-03-02 00:00:00-05:00,37.90999984741211,38.25,37.7400016784668,38.25,815800,0.0,0.0
2023-03-03 00:00:00-05:00,38.5,38.72999954223633,38.099998474121094,38.66999816894531,1026000,0.0,0.0
2023-03-06 00:00:00-05:00,39.529998779296875,41.279998779296875,39.34000015258789,40.099998474121094,5890300,0.0,0.0
2023-03-07 00:00:00-05:00,40.04999923706055,40.65999984741211,39.55500030517578,39.88999938964844,2525700,0.0,0.0
2023-03-08 00:00:00-05:00,38.459999084472656,38.900001525878906,37.939998626708984,38.65999984741211,5450700,0.0,0.0
2023-03-09 00:00:00-05:00,38.779998779296875,38.900001525878906,37.2400016784668,37.27000045776367,3099700,0.0,0.0
2023-03-10 00:00:00-05:00,37.08000183105469,37.29999923706055,35.71500015258789,36.209999084472656,3072700,0.0,0.0
2023-03-13 00:00:00-04:00,35.650001525878906,36.43000030517578,35.209999084472656,36.099998474121094,3638400,0.0,0.0
2023-03-14 00:00:00-04:00,36.709999084472656,37.18000030517578,35.94499969482422,36.54999923706055,3193100,0.0,0.0
2023-03-15 00:00:00-04:00,35.79999923706055,35.9900016784668,34.869998931884766,35.5099983215332,4500400,0.0,0.0
2023-03-16 00:00:00-04:00,35.119998931884766,35.310001373291016,34.459999084472656,34.58000183105469,3587800,0.0,0.0
2023-03-17 00:00:00-04:00,34.400001525878906,35.150001525878906,33.959999084472656,35.060001373291016,32994200,0.0,0.0
2023-03-20 00:00:00-04:00,35.2599983215332,35.8650016784668,34.599998474121094,34.66999816894531,3549400,0.0,0.0
2023-03-21 00:00:00-04:00,35.220001220703125,36.5,35.209999084472656,36.20000076293945,2751400,0.0,0.0
2023-03-22 00:00:00-04:00,36.060001373291016,36.380001068115234,35.130001068115234,35.150001525878906,2106500,0.0,0.0
2023-03-23 00:00:00-04:00,35.459999084472656,35.834999084472656,34.69499969482422,35.02000045776367,1632600,0.0,0.0
2023-03-24 00:00:00-04:00,34.66999816894531,35.165000915527344,34.18000030517578,35.11000061035156,1223200,0.0,0.0
2023-03-27 00:00:00-04:00,35.619998931884766,36.099998474121094,35.5099983215332,35.84000015258789,1469900,0.0,0.0
2023-03-28 00:00:00-04:00,35.869998931884766,36.310001373291016,35.7599983215332,36.11000061035156,1348800,0.0,0.0
2023-03-29 00:00:00-04:00,36.599998474121094,36.599998474121094,36.22999954223633,36.290000915527344,1265900,0.0,0.0
2023-03-30 00:00:00-04:00,36.540000915527344,36.91999816894531,36.2400016784668,36.47999954223633,1078300,0.0,0.0
2023-03-31 00:00:00-04:00,36.77000045776367,37.0099983215332,36.5,36.939998626708984,1342000,0.0,0.0
2023-04-03 00:00:00-04:00,36.869998931884766,37.18000030517578,36.564998626708984,37.18000030517578,1348300,0.0,0.0
2023-04-04 00:00:00-04:00,37.31999969482422,37.31999969482422,36.334999084472656,36.439998626708984,968500,0.0,0.0
2023-04-05 00:00:00-04:00,36.2400016784668,36.43000030517578,35.84000015258789,36.29999923706055,1399200,0.0,0.0
2023-04-06 00:00:00-04:00,36.25,36.689998626708984,36.20000076293945,36.400001525878906,948100,0.0,0.0
2023-04-10 00:00:00-04:00,36.2400016784668,36.91999816894531,36.18000030517578,36.79999923706055,716000,0.0,0.0
2023-04-11 00:00:00-04:00,37.08000183105469,37.540000915527344,36.915000915527344,37.52000045776367,953500,0.0,0.0
2023-04-12 00:00:00-04:00,37.849998474121094,37.900001525878906,37.18000030517578,37.20000076293945,1850800,0.0,0.0
2023-04-13 00:00:00-04:00,37.20000076293945,37.459999084472656,37.060001373291016,37.2599983215332,1604400,0.0,0.0
2023-04-14 00:00:00-04:00,37.31999969482422,37.540000915527344,36.599998474121094,36.95000076293945,1229900,0.0,0.0
2023-04-17 00:00:00-04:00,37.13999938964844,37.685001373291016,36.779998779296875,37.66999816894531,1658100,0.0,0.0
2023-04-18 00:00:00-04:00,37.720001220703125,37.84000015258789,37.44499969482422,37.83000183105469,1126700,0.0,0.0
2023-04-19 00:00:00-04:00,37.869998931884766,37.900001525878906,37.505001068115234,37.54999923706055,864200,0.0,0.0
2023-04-20 00:00:00-04:00,37.34000015258789,37.4900016784668,37.06999969482422,37.27000045776367,717200,0.0,0.0
2023-04-21 00:00:00-04:00,37.439998626708984,37.7599983215332,37.220001220703125,37.72999954223633,800100,0.0,0.0
2023-04-24 00:00:00-04:00,37.61000061035156,37.83000183105469,37.400001525878906,37.83000183105469,703600,0.0,0.0
2023-04-25 00:00:00-04:00,37.5,37.85499954223633,37.01499938964844,37.060001373291016,643600,0.0,0.0
2023-04-26 00:00:00-04:00,37.2400016784668,37.58000183105469,36.86000061035156,36.900001525878906,1370000,0.0,0.0
2023-04-27 00:00:00-04:00,37.130001068115234,37.4900016784668,36.755001068115234,37.4900016784668,950800,0.0,0.0
2023-04-28 00:00:00-04:00,37.52000045776367,38.459999084472656,37.349998474121094,38.400001525878906,1273300,0.0,0.0
2023-05-01 00:00:00-04:00,38.41999816894531,38.810001373291016,37.9900016784668,38.189998626708984,1982500,0.0,0.0
2023-05-02 00:00:00-04:00,38.099998474121094,38.290000915527344,36.86000061035156,37.81999969482422,1220400,0.0,0.0
2023-05-03 00:00:00-04:00,37.869998931884766,38.0,37.439998626708984,37.560001373291016,1479700,0.0,0.0
2023-05-04 00:00:00-04:00,37.5,37.810001373291016,37.27000045776367,37.459999084472656,1475600,0.0,0.0
2023-05-05 00:00:00-04:00,37.849998474121094,38.7400016784668,37.790000915527344,38.59000015258789,1724600,0.0,0.0
2023-05-08 00:00:00-04:00,38.63999938964844,38.900001525878906,38.22999954223633,38.4900016784668,1080800,0.0,0.0
2023-05-09 00:00:00-04:00,38.20000076293945,38.75,37.97999954223633,38.45000076293945,1567400,0.0,0.0
2023-05-10 00:00:00-04:00,38.7599983215332,38.7599983215332,37.099998474121094,37.72999954223633,2350200,0.0,0.0
2023-05-11 00:00:00-04:00,38.52000045776367,39.709999084472656,37.43000030517578,39.619998931884766,5098100,0.0,0.0
2023-05-12 00:00:00-04:00,39.869998931884766,41.025001525878906,39.869998931884766,40.810001373291016,3508400,0.0,0.0
2023-05-15 00:00:00-04:00,40.790000915527344,40.91999816894531,40.0,40.18000030517578,1817900,0.0,0.0
2023-05-16 00:00:00-04:00,40.13999938964844,40.36000061035156,39.7400016784668,40.36000061035156,2095500,0.0,0.0
2023-05-17 00:00:00-04:00,40.560001373291016,40.720001220703125,40.08000183105469,40.599998474121094,1905400,0.0,0.0
2023-05-18 00:00:00-04:00,40.56999969482422,41.25,40.31999969482422,41.189998626708984,1655200,0.0,0.0
2023-05-19 00:00:00-04:00,41.31999969482422,41.63999938964844,41.02000045776367,41.279998779296875,2222400,0.0,0.0
2023-05-22 00:00:00-04:00,41.31999969482422,41.7599983215332,41.25,41.41999816894531,1510200,0.0,0.0
2023-05-23 00:00:00-04:00,40.0,40.79999923706055,39.70000076293945,39.88999938964844,10744800,0.0,0.0
2023-05-24 00:00:00-04:00,39.61000061035156,39.81999969482422,39.11000061035156,39.400001525878906,7204900,0.0,0.0
2023-05-25 00:00:00-04:00,39.2599983215332,39.650001525878906,38.91999816894531,39.290000915527344,2666700,0.0,0.0
2023-05-26 00:00:00-04:00,39.290000915527344,40.05500030517578,39.220001220703125,39.95000076293945,1775500,0.0,0.0
2023-05-30 00:00:00-04:00,40.099998474121094,40.39500045776367,39.970001220703125,40.22999954223633,3264500,0.0,0.0
2023-05-31 00:00:00-04:00,40.099998474121094,40.20000076293945,39.5,39.779998779296875,2235200,0.0,0.0
2023-06-01 00:00:00-04:00,39.86000061035156,40.59000015258789,39.779998779296875,40.59000015258789,2330600,0.0,0.0
2023-06-02 00:00:00-04:00,40.880001068115234,41.45000076293945,40.290000915527344,41.36000061035156,2117400,0.0,0.0
2023-06-05 00:00:00-04:00,41.150001525878906,41.70000076293945,40.97999954223633,41.65999984741211,2385000,0.0,0.0
2023-06-06 00:00:00-04:00,41.599998474121094,41.95000076293945,41.52000045776367,41.849998474121094,1339100,0.0,0.0
2023-06-07 00:00:00-04:00,41.20000076293945,41.72999954223633,40.970001220703125,41.52000045776367,1813100,0.0,0.0
2023-06-08 00:00:00-04:00,41.68000030517578,42.04999923706055,41.45100021362305,41.91999816894531,2095700,0.0,0.0
2023-06-09 00:00:00-04:00,41.91999816894531,42.16999816894531,41.61000061035156,41.63999938964844,1103100,0.0,0.0
2023-06-12 00:00:00-04:00,41.790000915527344,42.31999969482422,41.560001373291016,42.27000045776367,1383100,0.0,0.0
2023-06-13 00:00:00-04:00,42.2599983215332,42.36000061035156,41.56999969482422,41.93000030517578,1824300,0.0,0.0
2023-06-14 00:00:00-04:00,42.0,42.27000045776367,41.61000061035156,41.7400016784668,1452000,0.0,0.0
2023-06-15 00:00:00-04:00,41.400001525878906,41.82500076293945,41.33000183105469,41.689998626708984,1642400,0.0,0.0
2023-06-16 00:00:00-04:00,41.83000183105469,42.03499984741211,41.349998474121094,41.650001525878906,2539800,0.0,0.0
2023-06-20 00:00:00-04:00,42.15999984741211,42.4900016784668,41.810001373291016,42.25,1756900,0.0,0.0
2023-06-21 00:00:00-04:00,42.18000030517578,42.310001373291016,41.959999084472656,42.119998931884766,1038400,0.0,0.0
2023-06-22 00:00:00-04:00,42.279998779296875,42.40999984741211,41.869998931884766,42.380001068115234,970000,0.0,0.0
2023-06-23 00:00:00-04:00,42.310001373291016,42.400001525878906,41.82500076293945,41.939998626708984,1473500,0.0,0.0
2023-06-26 00:00:00-04:00,41.72999954223633,42.2599983215332,41.650001525878906,41.959999084472656,819000,0.0,0.0
2023-06-27 00:00:00-04:00,41.83000183105469,43.119998931884766,41.790000915527344,43.0,1414700,0.0,0.0
2023-06-28 00:00:00-04:00,42.90999984741211,43.39500045776367,42.709999084472656,43.33000183105469,1039400,0.0,0.0
2023-06-29 00:00:00-04:00,43.369998931884766,43.790000915527344,43.33000183105469,43.59000015258789,1260100,0.0,0.0
2023-06-30 00:00:00-04:00,43.70000076293945,44.10499954223633,43.630001068115234,44.0,1147500,0.0,0.0
2023-07-03 00:00:00-04:00,43.849998474121094,44.220001220703125,43.75,44.189998626708984,520200,0.0,0.0
2023-07-05 00:00:00-04:00,43.91999816894531,44.189998626708984,43.439998626708984,43.63999938964844,1680600,0.0,0.0
2023-07-06 00:00:00-04:00,43.290000915527344,43.52000045776367,43.0,43.439998626708984,997000,0.0,0.0
2023-07-07 00:00:00-04:00,43.54999923706055,44.310001373291016,43.36000061035156,43.900001525878906,1677500,0.0,0.0
2023-07-10 00:00:00-04:00,43.790000915527344,44.11000061035156,43.790000915527344,44.0099983215332,1105100,0.0,0.0
2023-07-11 00:00:00-04:00,44.02000045776367,44.31800079345703,43.88999938964844,44.150001525878906,1114100,0.0,0.0
2023-07-12 00:00:00-04:00,44.400001525878906,44.5,43.959999084472656,44.060001373291016,1523700,0.0,0.0
2023-07-13 00:00:00-04:00,44.02000045776367,44.52000045776367,43.86000061035156,44.16999816894531,916500,0.0,0.0
2023-07-14 00:00:00-04:00,44.099998474121094,44.130001068115234,43.459999084472656,43.93000030517578,1003200,0.0,0.0
2023-07-17 00:00:00-04:00,44.0,44.41899871826172,43.79999923706055,43.84000015258789,2418500,0.0,0.0
2023-07-18 00:00:00-04:00,43.689998626708984,44.20000076293945,43.375,43.56999969482422,2395100,0.0,0.0
2023-07-19 00:00:00-04:00,43.7599983215332,44.5099983215332,43.689998626708984,44.349998474121094,1308800,0.0,0.0
2023-07-20 00:00:00-04:00,44.380001068115234,44.48500061035156,43.779998779296875,44.16999816894531,995200,0.0,0.0
2023-07-21 00:00:00-04:00,44.2599983215332,44.41999816894531,43.93000030517578,44.04999923706055,901900,0.0,0.0
2023-07-24 00:00:00-04:00,44.099998474121094,44.27000045776367,43.7400016784668,43.75,1053700,0.0,0.0
2023-07-25 00:00:00-04:00,43.599998474121094,43.875,43.439998626708984,43.779998779296875,1191300,0.0,0.0
2023-07-26 00:00:00-04:00,43.77000045776367,44.0099983215332,43.209999084472656,43.33000183105469,1428500,0.0,0.0
2023-07-27 00:00:00-04:00,43.560001373291016,43.64500045776367,42.78499984741211,42.880001068115234,1286800,0.0,0.0
2023-07-28 00:00:00-04:00,43.189998626708984,43.290000915527344,42.56999969482422,42.72999954223633,1602800,0.0,0.0
2023-07-31 00:00:00-04:00,42.72999954223633,42.88999938964844,42.439998626708984,42.72999954223633,1536600,0.0,0.0
2023-08-01 00:00:00-04:00,42.56999969482422,43.619998931884766,42.43000030517578,43.060001373291016,2031800,0.0,0.0
2023-08-02 00:00:00-04:00,42.61000061035156,42.77899932861328,42.165000915527344,42.25,1747900,0.0,0.0
2023-08-03 00:00:00-04:00,42.20000076293945,42.38999938964844,41.775001525878906,41.90999984741211,1560900,0.0,0.0
2023-08-04 00:00:00-04:00,42.02000045776367,42.4900016784668,41.58000183105469,42.09000015258789,1805000,0.0,0.0
2023-08-07 00:00:00-04:00,42.189998626708984,42.40999984741211,41.97999954223633,42.2400016784668,1147000,0.0,0.0
2023-08-08 00:00:00-04:00,42.0,42.439998626708984,41.790000915527344,42.099998474121094,1390300,0.0,0.0
2023-08-09 00:00:00-04:00,42.09000015258789,42.47999954223633,41.810001373291016,42.310001373291016,3085600,0.0,0.0
2023-08-10 00:00:00-04:00,41.0,41.40999984741211,39.70000076293945,41.04999923706055,5884200,0.0,0.0
2023-08-11 00:00:00-04:00,41.25,41.630001068115234,40.90999984741211,41.13999938964844,2670900,0.0,0.0
2023-08-14 00:00:00-04:00,41.13999938964844,41.38999938964844,40.310001373291016,40.84000015258789,2490000,0.0,0.0
2023-08-15 00:00:00-04:00,40.689998626708984,40.849998474121094,39.689998626708984,39.86000061035156,3114100,0.0,0.0
2023-08-16 00:00:00-04:00,40.0,41.529998779296875,39.95000076293945,40.54999923706055,3477700,0.0,0.0
2023-08-17 00:00:00-04:00,40.52000045776367,40.7400016784668,39.314998626708984,39.38999938964844,2652100,0.0,0.0
2023-08-18 00:00:00-04:00,39.2400016784668,40.0099983215332,39.220001220703125,39.970001220703125,1878600,0.0,0.0
2023-08-21 00:00:00-04:00,39.900001525878906,40.18000030517578,39.5099983215332,40.119998931884766,1734800,0.0,0.0
2023-08-22 00:00:00-04:00,40.0099983215332,40.26499938964844,39.7599983215332,40.130001068115234,1897100,0.0,0.0
2023-08-23 00:00:00-04:00,40.09000015258789,40.869998931884766,40.060001373291016,40.709999084472656,1542500,0.0,0.0
2023-08-24 00:00:00-04:00,40.59000015258789,40.849998474121094,40.0099983215332,40.0099983215332,1568900,0.0,0.0
2023-08-25 00:00:00-04:00,40.150001525878906,40.29499816894531,39.5,39.720001220703125,1543800,0.0,0.0
2023-08-28 00:00:00-04:00,39.83000183105469,40.29999923706055,39.720001220703125,40.209999084472656,906900,0.0,0.0
2023-08-29 00:00:00-04:00,40.099998474121094,40.650001525878906,39.849998474121094,40.470001220703125,868100,0.0,0.0
2023-08-30 00:00:00-04:00,40.38999938964844,40.869998931884766,40.310001373291016,40.369998931884766,1137800,0.0,0.0
2023-08-31 00:00:00-04:00,40.18000030517578,40.584999084472656,40.18000030517578,40.43000030517578,1568700,0.0,0.0
2023-09-01 00:00:00-04:00,40.59000015258789,40.959999084472656,40.400001525878906,40.66999816894531,1533900,0.0,0.0
2023-09-05 00:00:00-04:00,40.5,40.529998779296875,39.41999816894531,39.59000015258789,1928000,0.0,0.0
2023-09-06 00:00:00-04:00,39.61000061035156,39.95500183105469,39.189998626708984,39.31999969482422,1400500,0.0,0.0
2023-09-07 00:00:00-04:00,39.209999084472656,39.3650016784668,39.09000015258789,39.2400016784668,1383400,0.0,0.0
2023-09-08 00:00:00-04:00,39.209999084472656,39.279998779296875,38.790000915527344,38.97999954223633,1692200,0.0,0.0
2023-09-11 00:00:00-04:00,39.11000061035156,39.435001373291016,38.8650016784668,38.97999954223633,1593500,0.0,0.0
2023-09-12 00:00:00-04:00,38.97999954223633,39.31999969482422,38.869998931884766,39.11000061035156,1163200,0.0,0.0
2023-09-13 00:00:00-04:00,39.08000183105469,39.1150016784668,38.439998626708984,38.689998626708984,1527500,0.0,0.0
2023-09-14 00:00:00-04:00,39.060001373291016,39.220001220703125,38.7400016784668,39.040000915527344,1790600,0.0,0.0
2023-09-15 00:00:00-04:00,39.45000076293945,40.72999954223633,39.31999969482422,40.58000183105469,9249900,0.0,0.0
2023-09-18 00:00:00-04:00,40.52000045776367,40.959999084472656,40.220001220703125,40.790000915527344,2326700,0.0,0.0
2023-09-19 00:00:00-04:00,40.81999969482422,41.1150016784668,40.18000030517578,40.470001220703125,1808300,0.0,0.0
2023-09-20 00:00:00-04:00,40.650001525878906,41.005001068115234,40.41999816894531,40.4900016784668,1723000,0.0,0.0
2023-09-21 00:00:00-04:00,40.36000061035156,40.387001037597656,39.82500076293945,40.02000045776367,1417100,0.0,0.0
2023-09-22 00:00:00-04:00,40.040000915527344,40.11000061035156,39.54499816894531,39.79999923706055,1353500,0.0,0.0
2023-09-25 00:00:00-04:00,39.689998626708984,40.65999984741211,39.66999816894531,40.59000015258789,1763500,0.0,0.0
2023-09-26 00:00:00-04:00,40.43000030517578,40.66999816894531,39.650001525878906,39.650001525878906,2174200,0.0,0.0
2023-09-27 00:00:00-04:00,39.650001525878906,39.994998931884766,39.25,39.689998626708984,1620700,0.0,0.0
2023-09-28 00:00:00-04:00,39.7400016784668,40.400001525878906,39.678001403808594,40.130001068115234,1091300,0.0,0.0
2023-09-29 00:00:00-04:00,40.439998626708984,40.5,39.689998626708984,39.70000076293945,1225100,0.0,0.0
2023-10-02 00:00:00-04:00,39.599998474121094,39.689998626708984,38.939998626708984,39.08000183105469,1557900,0.0,0.0
2023-10-03 00:00:00-04:00,38.68000030517578,38.915000915527344,38.275001525878906,38.29999923706055,1953200,0.0,0.0
2023-10-04 00:00:00-04:00,38.45000076293945,38.9900016784668,38.19499969482422,38.970001220703125,1137700,0.0,0.0
2023-10-05 00:00:00-04:00,38.869998931884766,38.959999084472656,37.81999969482422,37.880001068115234,2465700,0.0,0.0
2023-10-06 00:00:00-04:00,37.79999923706055,37.83000183105469,36.939998626708984,37.2400016784668,2893900,0.0,0.0
2023-10-09 00:00:00-04:00,37.0,37.53499984741211,36.86000061035156,37.36000061035156,1323900,0.0,0.0
2023-10-10 00:00:00-04:00,37.529998779296875,38.029998779296875,37.51499938964844,37.70000076293945,1678700,0.0,0.0
2023-10-11 00:00:00-04:00,37.790000915527344,37.93000030517578,37.08000183105469,37.41999816894531,2341100,0.0,0.0
2023-10-12 00:00:00-04:00,37.529998779296875,37.53499984741211,35.880001068115234,35.91999816894531,1995600,0.0,0.0
2023-10-13 00:00:00-04:00,35.779998779296875,36.27000045776367,35.65999984741211,36.25,1611900,0.0,0.0
2023-10-16 00:00:00-04:00,36.58000183105469,37.150001525878906,36.26499938964844,36.88999938964844,1489100,0.0,0.0
2023-10-17 00:00:00-04:00,36.70000076293945,38.03499984741211,36.70000076293945,37.86000061035156,1776500,0.0,0.0
2023-10-18 00:00:00-04:00,37.599998474121094,37.67499923706055,36.97999954223633,37.41999816894531,1066600,0.0,0.0
2023-10-19 00:00:00-04:00,37.619998931884766,38.32500076293945,37.44499969482422,37.54999923706055,1738800,0.0,0.0
2023-10-20 00:00:00-04:00,37.63999938964844,37.63999938964844,37.0,37.09000015258789,1826300,0.0,0.0
2023-10-23 00:00:00-04:00,36.70000076293945,37.459999084472656,36.599998474121094,37.08000183105469,1129400,0.0,0.0
2023-10-24 00:00:00-04:00,37.52000045776367,37.79999923706055,37.08000183105469,37.20000076293945,1179500,0.0,0.0
2023-10-25 00:00:00-04:00,37.08000183105469,37.33000183105469,36.84000015258789,37.099998474121094,699100,0.0,0.0
2023-10-26 00:00:00-04:00,37.22999954223633,37.3650016784668,36.775001525878906,36.900001525878906,905400,0.0,0.0
2023-10-27 00:00:00-04:00,37.22999954223633,37.650001525878906,36.75,36.93000030517578,980400,0.0,0.0
2023-10-30 00:00:00-04:00,37.189998626708984,37.880001068115234,37.119998931884766,37.68000030517578,1270200,0.0,0.0
2023-10-31 00:00:00-04:00,37.75,39.060001373291016,37.505001068115234,38.939998626708984,2568900,0.0,0.0
2023-11-01 00:00:00-04:00,38.84000015258789,39.77000045776367,38.630001068115234,39.439998626708984,2772800,0.0,0.0
2023-11-02 00:00:00-04:00,39.880001068115234,40.44499969482422,39.709999084472656,40.15999984741211,2610000,0.0,0.0
2023-11-03 00:00:00-04:00,40.779998779296875,41.349998474121094,40.630001068115234,41.130001068115234,1575700,0.0,0.0
2023-11-06 00:00:00-05:00,41.150001525878906,41.66999816894531,40.93000030517578,41.369998931884766,2495600,0.0,0.0
2023-11-07 00:00:00-05:00,41.31999969482422,41.93000030517578,41.189998626708984,41.650001525878906,1933900,0.0,0.0
2023-11-08 00:00:00-05:00,41.540000915527344,41.95000076293945,41.029998779296875,41.08000183105469,3538800,0.0,0.0
2023-11-09 00:00:00-05:00,41.099998474121094,41.61000061035156,40.22999954223633,41.290000915527344,3179600,0.0,0.0
2023-11-10 00:00:00-05:00,41.630001068115234,42.900001525878906,41.38999938964844,42.5,2616500,0.0,0.0
2023-11-13 00:00:00-05:00,42.31999969482422,42.810001373291016,42.02000045776367,42.77000045776367,1454000,0.0,0.0
2023-11-14 00:00:00-05:00,43.290000915527344,43.52000045776367,42.89799880981445,43.459999084472656,1462600,0.0,0.0
2023-11-15 00:00:00-05:00,43.599998474121094,43.689998626708984,42.720001220703125,42.83000183105469,2218100,0.0,0.0
2023-11-16 00:00:00-05:00,42.63999938964844,43.08000183105469,42.27000045776367,42.36000061035156,1960100,0.0,0.0
2023-11-17 00:00:00-05:00,42.650001525878906,42.880001068115234,42.39500045776367,42.849998474121094,2287800,0.0,0.0
2023-11-20 00:00:00-05:00,42.81999969482422,42.9900016784668,42.494998931884766,42.83000183105469,1350500,0.0,0.0
2023-11-21 00:00:00-05:00,42.599998474121094,42.7400016784668,42.189998626708984,42.400001525878906,1158500,0.0,0.0
2023-11-22 00:00:00-05:00,42.65999984741211,43.1349983215332,42.560001373291016,42.81999969482422,1185000,0.0,0.0
2023-11-24 00:00:00-05:00,42.79999923706055,43.68000030517578,42.79999923706055,43.22999954223633,772300,0.0,0.0
2023-11-27 00:00:00-05:00,43.150001525878906,43.810001373291016,43.029998779296875,43.689998626708984,1646100,0.0,0.0
2023-11-28 00:00:00-05:00,43.709999084472656,43.95000076293945,43.189998626708984,43.369998931884766,1571200,0.0,0.0
2023-11-29 00:00:00-05:00,43.470001220703125,43.630001068115234,42.97999954223633,43.16999816894531,1479300,0.0,0.0
2023-11-30 00:00:00-05:00,43.13999938964844,43.90999984741211,42.959999084472656,43.83000183105469,1965000,0.0,0.0
2023-12-01 00:00:00-05:00,43.79999923706055,43.9900016784668,43.459999084472656,43.86000061035156,1512700,0.0,0.0
2023-12-04 00:00:00-05:00,43.689998626708984,44.31999969482422,43.665000915527344,44.209999084472656,1149700,0.0,0.0
2023-12-05 00:00:00-05:00,44.060001373291016,44.595001220703125,43.849998474121094,44.5,1806000,0.0,0.0
2023-12-06 00:00:00-05:00,44.75,44.95000076293945,43.84000015258789,44.0,1397800,0.0,0.0
2023-12-07 00:00:00-05:00,43.95000076293945,44.75,43.83000183105469,44.689998626708984,1261500,0.0,0.0
2023-12-08 00:00:00-05:00,44.650001525878906,44.93000030517578,44.40999984741211,44.63999938964844,1164900,0.0,0.0
2023-12-11 00:00:00-05:00,44.790000915527344,45.150001525878906,44.67499923706055,45.060001373291016,1335100,0.0,0.0
2023-12-12 00:00:00-05:00,44.75,44.80500030517578,44.189998626708984,44.43000030517578,2462400,0.0,0.0
2023-12-13 00:00:00-05:00,44.56999969482422,44.88999938964844,44.34000015258789,44.59000015258789,2788900,0.0,0.0
2023-12-14 00:00:00-05:00,45.0,45.13999938964844,43.93000030517578,44.29999923706055,3276800,0.0,0.0
2023-12-15 00:00:00-05:00,44.220001220703125,44.27000045776367,43.2400016784668,43.56999969482422,5645300,0.0,0.0
2023-12-18 00:00:00-05:00,43.810001373291016,44.040000915527344,43.415000915527344,44.0,1645600,0.0,0.0
2023-12-19 00:00:00-05:00,43.900001525878906,44.61000061035156,43.81999969482422,44.54999923706055,1742700,0.0,0.0
2023-12-20 00:00:00-05:00,44.38999938964844,45.17499923706055,44.220001220703125,44.47999954223633,2003500,0.0,0.0
2023-12-21 00:00:00-05:00,44.65999984741211,44.93000030517578,44.38999938964844,44.869998931884766,876200,0.0,0.0
2023-12-22 00:00:00-05:00,44.97999954223633,45.27000045776367,44.7400016784668,45.04999923706055,857100,0.0,0.0
2023-12-26 00:00:00-05:00,45.0099983215332,45.540000915527344,45.0,45.29999923706055,879300,0.0,0.0
2023-12-27 00:00:00-05:00,45.29999923706055,45.65999984741211,45.22999954223633,45.61000061035156,770500,0.0,0.0
2023-12-28 00:00:00-05:00,45.630001068115234,45.84000015258789,45.494998931884766,45.58000183105469,857100,0.0,0.0
2023-12-29 00:00:00-05:00,45.40999984741211,45.790000915527344,45.310001373291016,45.40999984741211,988200,0.0,0.0
2024-01-02 00:00:00-05:00,45.25,46.09000015258789,45.10499954223633,45.9900016784668,1540600,0.0,0.0
2024-01-03 00:00:00-05:00,45.970001220703125,46.2400016784668,45.63999938964844,45.650001525878906,1549800,0.0,0.0
2024-01-04 00:00:00-05:00,45.79999923706055,46.15999984741211,45.54999923706055,45.91999816894531,1720800,0.0,0.0
2024-01-05 00:00:00-05:00,45.9900016784668,46.9900016784668,45.939998626708984,46.72999954223633,2267200,0.0,0.0
2024-01-08 00:00:00-05:00,46.86000061035156,46.880001068115234,45.91999816894531,46.29999923706055,1396700,0.0,0.0
2024-01-09 00:00:00-05:00,46.09000015258789,46.90999984741211,46.0,46.779998779296875,1562700,0.0,0.0
2024-01-10 00:00:00-05:00,46.84000015258789,47.099998474121094,46.279998779296875,46.459999084472656,1831200,0.0,0.0
2024-01-11 00:00:00-05:00,46.29999923706055,46.4900016784668,46.08000183105469,46.45000076293945,1004100,0.0,0.0
2024-01-12 00:00:00-05:00,46.630001068115234,46.69499969482422,45.66999816894531,46.04999923706055,1289000,0.0,0.0
2024-01-16 00:00:00-05:00,45.970001220703125,46.202999114990234,45.689998626708984,45.86000061035156,2640400,0.0,0.0
2024-01-17 00:00:00-05:00,45.619998931884766,46.72999954223633,45.58000183105469,46.15999984741211,2731000,0.0,0.0
2024-01-18 00:00:00-05:00,46.06999969482422,46.36000061035156,45.69499969482422,46.2599983215332,2925500,0.0,0.0
2024-01-19 00:00:00-05:00,46.400001525878906,46.43000030517578,45.8650016784668,46.0,1609400,0.0,0.0
2024-01-22 00:00:00-05:00,46.33000183105469,46.36000061035156,45.67499923706055,45.79999923706055,1249500,0.0,0.0
2024-01-23 00:00:00-05:00,45.900001525878906,46.040000915527344,45.40999984741211,45.5,1319300,0.0,0.0
2024-01-24 00:00:00-05:00,45.91999816894531,45.91999816894531,44.814998626708984,44.900001525878906,1940900,0.0,0.0
2024-01-25 00:00:00-05:00,45.369998931884766,45.560001373291016,44.83000183105469,45.29999923706055,1418000,0.0,0.0
2024-01-26 00:00:00-05:00,45.369998931884766,45.54999923706055,44.994998931884766,45.2400016784668,1024600,0.0,0.0
2024-01-29 00:00:00-05:00,45.27000045776367,45.439998626708984,45.150001525878906,45.38999938964844,1165800,0.0,0.0
2024-01-30 00:00:00-05:00,45.209999084472656,46.89500045776367,45.209999084472656,46.75,2434800,0.0,0.0
2024-01-31 00:00:00-05:00,46.810001373291016,46.810001373291016,45.89500045776367,46.0099983215332,1237200,0.0,0.0
2024-02-01 00:00:00-05:00,46.02000045776367,47.30500030517578,45.814998626708984,47.2599983215332,1804400,0.0,0.0
2024-02-02 00:00:00-05:00,47.220001220703125,47.47999954223633,46.88999938964844,47.20000076293945,1206400,0.0,0.0
2024-02-05 00:00:00-05:00,46.95000076293945,47.18000030517578,46.70500183105469,46.86000061035156,1247800,0.0,0.0
2024-02-06 00:00:00-05:00,46.880001068115234,47.099998474121094,46.65999984741211,46.75,849500,0.0,0.0
2024-02-07 00:00:00-05:00,46.70000076293945,46.880001068115234,45.77000045776367,46.439998626708984,1352400,0.0,0.0
2024-02-08 00:00:00-05:00,46.540000915527344,47.185001373291016,46.459999084472656,47.0099983215332,1246600,0.0,0.0
2024-02-09 00:00:00-05:00,47.029998779296875,47.08000183105469,46.619998931884766,46.63999938964844,1100800,0.0,0.0
2024-02-12 00:00:00-05:00,46.619998931884766,47.755001068115234,46.58000183105469,47.5,1531100,0.0,0.0
2024-02-13 00:00:00-05:00,46.75,47.060001373291016,46.189998626708984,46.459999084472656,1590400,0.0,0.0
2024-02-14 00:00:00-05:00,46.75,46.959999084472656,46.43000030517578,46.95000076293945,1841000,0.0,0.0
2024-02-15 00:00:00-05:00,45.790000915527344,49.31999969482422,45.2400016784668,48.56999969482422,5023400,0.0,0.0
2024-02-16 00:00:00-05:00,48.380001068115234,49.869998931884766,48.27000045776367,49.58000183105469,4598500,0.0,0.0
2024-02-20 00:00:00-05:00,50.25,50.939998626708984,49.63999938964844,49.790000915527344,2081900,0.0,0.0
2024-02-21 00:00:00-05:00,49.880001068115234,50.36000061035156,49.70000076293945,49.970001220703125,1398100,0.0,0.0
2024-02-22 00:00:00-05:00,49.97999954223633,51.099998474121094,49.900001525878906,50.95000076293945,1807600,0.0,0.0
2024-02-23 00:00:00-05:00,51.08000183105469,51.189998626708984,50.650001525878906,51.060001373291016,989200,0.0,0.0
2024-02-26 00:00:00-05:00,50.9900016784668,51.76499938964844,50.9900016784668,51.369998931884766,2326900,0.0,0.0
2024-02-27 00:00:00-05:00,51.349998474121094,51.7400016784668,51.0,51.63999938964844,1209000,0.0,0.0
2024-02-28 00:00:00-05:00,51.63999938964844,51.63999938964844,51.220001220703125,51.36000061035156,666300,0.0,0.0
2024-02-29 00:00:00-05:00,50.959999084472656,51.1349983215332,50.0,50.790000915527344,2373800,0.0,0.0
2024-03-01 00:00:00-05:00,50.86000061035156,50.86000061035156,50.36000061035156,50.59000015258789,2253900,0.0,0.0
2024-03-04 00:00:00-05:00,50.529998779296875,51.970001220703125,50.5099983215332,51.90999984741211,1612500,0.0,0.0
2024-03-05 00:00:00-05:00,51.900001525878906,52.584999084472656,51.7599983215332,51.81999969482422,1124400,0.0,0.0
2024-03-06 00:00:00-05:00,52.029998779296875,52.75,51.994998931884766,52.599998474121094,1721500,0.0,0.0
2024-03-07 00:00:00-05:00,52.869998931884766,54.279998779296875,52.7400016784668,54.2400016784668,2610400,0.0,0.0
2024-03-08 00:00:00-05:00,54.13999938964844,54.47999954223633,52.630001068115234,52.63999938964844,1901900,0.0,0.0
2024-03-11 00:00:00-04:00,52.5099983215332,52.81999969482422,52.185001373291016,52.56999969482422,872400,0.0,0.0
2024-03-12 00:00:00-04:00,52.79999923706055,53.380001068115234,52.724998474121094,53.209999084472656,931400,0.0,0.0
2024-03-13 00:00:00-04:00,53.15999984741211,54.31999969482422,53.11000061035156,53.5,1991100,0.0,0.0
2024-03-14 00:00:00-04:00,53.4900016784668,53.939998626708984,53.07500076293945,53.88999938964844,1656800,0.0,0.0
2024-03-15 00:00:00-04:00,53.619998931884766,54.470001220703125,53.619998931884766,54.0099983215332,2644600,0.0,0.0
2024-03-18 00:00:00-04:00,53.900001525878906,54.2400016784668,53.16999816894531,53.209999084472656,1722600,0.0,0.0
2024-03-19 00:00:00-04:00,53.56999969482422,53.849998474121094,53.159000396728516,53.5,1436400,0.0,0.0
2024-03-20 00:00:00-04:00,53.5,53.90999984741211,53.150001525878906,53.869998931884766,1025600,0.0,0.0
2024-03-21 00:00:00-04:00,54.08000183105469,54.529998779296875,53.5,54.13999938964844,1004600,0.0,0.0
2024-03-22 00:00:00-04:00,54.11000061035156,54.29999923706055,53.654998779296875,53.970001220703125,1050300,0.0,0.0
2024-03-25 00:00:00-04:00,53.970001220703125,54.470001220703125,53.90999984741211,53.939998626708984,951300,0.0,0.0
2024-03-26 00:00:00-04:00,53.97999954223633,54.268001556396484,53.94499969482422,54.08000183105469,900300,0.0,0.0
2024-03-27 00:00:00-04:00,54.349998474121094,54.939998626708984,54.19499969482422,54.5,900700,0.0,0.0
2024-03-28 00:00:00-04:00,54.7599983215332,54.93000030517578,53.939998626708984,53.970001220703125,1652400,0.0,0.0
2024-04-01 00:00:00-04:00,53.779998779296875,54.84000015258789,53.599998474121094,54.18000030517578,2363700,0.0,0.0
2024-04-02 00:00:00-04:00,53.91999816894531,54.08000183105469,53.380001068115234,53.619998931884766,1386700,0.0,0.0
2024-04-03 00:00:00-04:00,53.54999923706055,53.97999954223633,53.16999816894531,53.56999969482422,1353700,0.0,0.0
2024-04-04 00:00:00-04:00,53.709999084472656,53.709999084472656,49.70000076293945,49.93000030517578,5442100,0.0,0.0
2024-04-05 00:00:00-04:00,50.15999984741211,50.75,49.790000915527344,50.540000915527344,2342200,0.0,0.0
2024-04-08 00:00:00-04:00,50.189998626708984,51.5,50.189998626708984,51.290000915527344,2204500,0.0,0.0
2024-04-09 00:00:00-04:00,51.459999084472656,52.0099983215332,50.97999954223633,51.779998779296875,2100800,0.0,0.0
2024-04-10 00:00:00-04:00,51.40999984741211,51.810001373291016,50.900001525878906,51.63999938964844,874800,0.0,0.0
2024-04-11 00:00:00-04:00,51.77000045776367,52.21500015258789,51.400001525878906,52.06999969482422,1894300,0.0,0.0
2024-04-12 00:00:00-04:00,51.810001373291016,52.040000915527344,50.400001525878906,50.56999969482422,1537100,0.0,0.0
2024-04-15 00:00:00-04:00,51.130001068115234,51.689998626708984,50.380001068115234,50.54999923706055,1662600,0.0,0.0
2024-04-16 00:00:00-04:00,50.529998779296875,51.58000183105469,50.2400016784668,51.52000045776367,2828900,0.0,0.0
2024-04-17 00:00:00-04:00,51.95000076293945,52.0,49.97999954223633,50.20000076293945,1463000,0.0,0.0
2024-04-18 00:00:00-04:00,50.31999969482422,50.52000045776367,49.650001525878906,49.95000076293945,1322500,0.0,0.0
2024-04-19 00:00:00-04:00,49.79999923706055,50.189998626708984,49.709999084472656,50.040000915527344,1511500,0.0,0.0
2024-04-22 00:00:00-04:00,50.43000030517578,50.790000915527344,49.90999984741211,50.439998626708984,1558700,0.0,0.0
2024-04-23 00:00:00-04:00,50.599998474121094,51.119998931884766,50.27000045776367,50.75,1121200,0.0,0.0
2024-04-24 00:00:00-04:00,50.619998931884766,50.85900115966797,50.439998626708984,50.77000045776367,1185200,0.0,0.0
2024-04-25 00:00:00-04:00,50.56999969482422,50.834999084472656,50.09000015258789,50.41999816894531,1097000,0.0,0.0
2024-04-26 00:00:00-04:00,50.4900016784668,51.44499969482422,50.4900016784668,51.349998474121094,1145900,0.0,0.0
2024-04-29 00:00:00-04:00,51.2400016784668,51.83000183105469,51.13999938964844,51.5,1318300,0.0,0.0
2024-04-30 00:00:00-04:00,50.9900016784668,51.4900016784668,50.20000076293945,50.25,2088600,0.0,0.0
2024-05-01 00:00:00-04:00,50.290000915527344,51.27000045776367,50.20500183105469,50.68000030517578,1161400,0.0,0.0
2024-05-02 00:00:00-04:00,51.130001068115234,51.43000030517578,50.720001220703125,51.0,1013400,0.0,0.0
2024-05-03 00:00:00-04:00,51.2400016784668,51.79999923706055,51.209999084472656,51.400001525878906,1149400,0.0,0.0
2024-05-06 00:00:00-04:00,51.810001373291016,52.810001373291016,51.792999267578125,52.75,2593500,0.0,0.0
2024-05-07 00:00:00-04:00,52.70000076293945,53.31999969482422,51.869998931884766,52.099998474121094,2152500,0.0,0.0
2024-05-08 00:00:00-04:00,51.91999816894531,54.13999938964844,51.84000015258789,52.380001068115234,3217000,0.0,0.0
2024-05-09 00:00:00-04:00,52.04999923706055,55.38999938964844,51.77000045776367,54.79999923706055,3103500,0.0,0.0
2024-05-10 00:00:00-04:00,54.97999954223633,54.97999954223633,53.95000076293945,54.810001373291016,2094700,0.0,0.0
2024-05-13 00:00:00-04:00,54.86000061035156,54.97999954223633,54.29999923706055,54.619998931884766,1694700,0.0,0.0
2024-05-14 00:00:00-04:00,54.619998931884766,54.77000045776367,54.25,54.529998779296875,1245100,0.0,0.0
2024-05-15 00:00:00-04:00,54.630001068115234,55.099998474121094,54.54999923706055,55.04999923706055,1513200,0.0,0.0
2024-05-16 00:00:00-04:00,55.290000915527344,55.97999954223633,54.880001068115234,54.91999816894531,2169700,0.0,0.0
2024-05-17 00:00:00-04:00,54.9900016784668,55.349998474121094,54.72999954223633,55.15999984741211,2024200,0.0,0.0
2024-05-20 00:00:00-04:00,55.16999816894531,55.599998474121094,54.45000076293945,54.63999938964844,1080200,0.0,0.0
2024-05-21 00:00:00-04:00,54.779998779296875,55.025001525878906,54.310001373291016,54.709999084472656,1138500,0.0,0.0
2024-05-22 00:00:00-04:00,54.65999984741211,55.15999984741211,54.22999954223633,54.68000030517578,1194800,0.0,0.0
2024-05-23 00:00:00-04:00,54.689998626708984,54.689998626708984,52.994998931884766,53.290000915527344,1724600,0.0,0.0
2024-05-24 00:00:00-04:00,53.61000061035156,53.77000045776367,53.08000183105469,53.34000015258789,1433500,0.0,0.0
2024-05-28 00:00:00-04:00,53.599998474121094,53.84000015258789,53.09000015258789,53.13999938964844,1491100,0.0,0.0
2024-05-29 00:00:00-04:00,52.560001373291016,53.2599983215332,52.52000045776367,52.709999084472656,1332400,0.0,0.0
2024-05-30 00:00:00-04:00,52.77000045776367,52.849998474121094,52.25,52.369998931884766,1491000,0.0,0.0
2024-05-31 00:00:00-04:00,52.349998474121094,52.83000183105469,52.040000915527344,52.83000183105469,2618500,0.0,0.0
2024-06-03 00:00:00-04:00,52.470001220703125,53.220001220703125,52.38999938964844,53.02000045776367,1889300,0.0,0.0
2024-06-04 00:00:00-04:00,52.790000915527344,52.91999816894531,51.970001220703125,52.290000915527344,1712900,0.0,0.0
2024-06-05 00:00:00-04:00,53.0099983215332,54.529998779296875,52.63999938964844,53.18000030517578,2716900,0.0,0.0
2024-06-06 00:00:00-04:00,53.4900016784668,54.099998474121094,53.04999923706055,53.81999969482422,2358500,0.0,0.0
2024-06-07 00:00:00-04:00,53.68000030517578,53.93000030517578,52.709999084472656,53.43000030517578,2844000,0.0,0.0
2024-06-10 00:00:00-04:00,52.97999954223633,53.56999969482422,52.720001220703125,53.119998931884766,1794200,0.0,0.0
2024-06-11 00:00:00-04:00,52.939998626708984,53.21500015258789,52.33000183105469,53.060001373291016,2258800,0.0,0.0
2024-06-12 00:00:00-04:00,53.650001525878906,53.86000061035156,53.20000076293945,53.25,1814800,0.0,0.0
2024-06-13 00:00:00-04:00,53.310001373291016,53.56999969482422,51.70000076293945,52.54999923706055,1498300,0.0,0.0
2024-06-14 00:00:00-04:00,52.2400016784668,52.2400016784668,51.5099983215332,51.81999969482422,1814300,0.0,0.0
2024-06-17 00:00:00-04:00,51.77000045776367,53.5,51.77000045776367,53.36000061035156,4303800,0.0,0.0
2024-06-18 00:00:00-04:00,53.59000015258789,53.65999984741211,52.89099884033203,53.13999938964844,2233100,0.0,0.0
2024-06-20 00:00:00-04:00,53.02000045776367,53.27899932861328,52.59000015258789,52.970001220703125,2433600,0.0,0.0
2024-06-21 00:00:00-04:00,52.97999954223633,53.66999816894531,52.84000015258789,53.439998626708984,2645800,0.0,0.0
2024-06-24 00:00:00-04:00,53.439998626708984,54.459999084472656,53.279998779296875,54.36000061035156,1654600,0.0,0.0
2024-06-25 00:00:00-04:00,54.43000030517578,55.59000015258789,53.900001525878906,55.439998626708984,2502700,0.0,0.0
2024-06-26 00:00:00-04:00,55.13999938964844,55.25,53.349998474121094,53.599998474121094,2041200,0.0,0.0
2024-06-27 00:00:00-04:00,53.529998779296875,53.70000076293945,52.834999084472656,53.13999938964844,1170500,0.0,0.0
2024-06-28 00:00:00-04:00,53.25,53.987998962402344,52.900001525878906,52.97999954223633,2566900,0.0,0.0
2024-07-01 00:00:00-04:00,53.400001525878906,53.560001373291016,52.279998779296875,52.560001373291016,1510400,0.0,0.0
2024-07-02 00:00:00-04:00,52.40999984741211,52.939998626708984,51.9900016784668,52.869998931884766,1154900,0.0,0.0
2024-07-03 00:00:00-04:00,52.810001373291016,53.20000076293945,52.709999084472656,53.04999923706055,969900,0.0,0.0
2024-07-05 00:00:00-04:00,52.83000183105469,52.9900016784668,51.79999923706055,52.029998779296875,2361000,0.0,0.0
2024-07-08 00:00:00-04:00,52.45000076293945,52.66999816894531,51.54999923706055,51.619998931884766,1087800,0.0,0.0
2024-07-09 00:00:00-04:00,51.59000015258789,51.79999923706055,50.04999923706055,50.060001373291016,1840600,0.0,0.0
2024-07-10 00:00:00-04:00,50.33000183105469,50.790000915527344,50.150001525878906,50.209999084472656,1730900,0.0,0.0
2024-07-11 00:00:00-04:00,50.65999984741211,52.150001525878906,50.2400016784668,52.02000045776367,2002300,0.0,0.0
2024-07-12 00:00:00-04:00,52.36000061035156,52.57500076293945,51.779998779296875,52.34000015258789,1443200,0.0,0.0
2024-07-15 00:00:00-04:00,52.349998474121094,52.54999923706055,51.84000015258789,52.18000030517578,1163800,0.0,0.0
2024-07-16 00:00:00-04:00,52.349998474121094,53.56999969482422,52.029998779296875,53.529998779296875,1178400,0.0,0.0
2024-07-17 00:00:00-04:00,53.119998931884766,53.93000030517578,53.09000015258789,53.41999816894531,1278200,0.0,0.0
2024-07-18 00:00:00-04:00,53.22999954223633,53.40999984741211,52.810001373291016,52.9900016784668,969300,0.0,0.0
2024-07-19 00:00:00-04:00,53.08000183105469,53.290000915527344,52.060001373291016,52.2400016784668,1268900,0.0,0.0
2024-07-22 00:00:00-04:00,52.2599983215332,52.650001525878906,51.7400016784668,52.369998931884766,2195200,0.0,0.0
2024-07-23 00:00:00-04:00,52.380001068115234,53.03499984741211,52.11000061035156,52.810001373291016,1283200,0.0,0.0
2024-07-24 00:00:00-04:00,52.20000076293945,52.2599983215332,50.66999816894531,50.7599983215332,2077800,0.0,0.0
2024-07-25 00:00:00-04:00,50.72999954223633,51.90999984741211,50.619998931884766,51.43000030517578,1741400,0.0,0.0
2024-07-26 00:00:00-04:00,52.130001068115234,53.04999923706055,51.89500045776367,52.689998626708984,1472400,0.0,0.0
2024-07-29 00:00:00-04:00,52.54999923706055,53.540000915527344,52.529998779296875,53.02000045776367,1669000,0.0,0.0
2024-07-30 00:00:00-04:00,53.459999084472656,54.72999954223633,53.255001068115234,54.380001068115234,1670900,0.0,0.0
2024-07-31 00:00:00-04:00,54.650001525878906,55.08000183105469,54.349998474121094,54.38999938964844,1858700,0.0,0.0
2024-08-01 00:00:00-04:00,54.59000015258789,55.09000015258789,53.939998626708984,54.2400016784668,1700600,0.0,0.0
2024-08-02 00:00:00-04:00,53.5099983215332,54.04999923706055,52.9900016784668,53.95000076293945,1695900,0.0,0.0
2024-08-05 00:00:00-04:00,52.2400016784668,52.470001220703125,50.88999938964844,51.22999954223633,3022100,0.0,0.0
2024-08-06 00:00:00-04:00,51.5099983215332,52.39500045776367,50.85499954223633,51.459999084472656,2090000,0.0,0.0
2024-08-07 00:00:00-04:00,52.220001220703125,52.7599983215332,51.060001373291016,51.099998474121094,2088100,0.0,0.0
2024-08-08 00:00:00-04:00,52.369998931884766,52.83000183105469,50.84000015258789,51.310001373291016,2705100,0.0,0.0
2024-08-09 00:00:00-04:00,50.959999084472656,52.310001373291016,50.4900016784668,52.029998779296875,2912000,0.0,0.0
2024-08-12 00:00:00-04:00,52.04999923706055,52.54999923706055,51.619998931884766,52.38999938964844,1561500,0.0,0.0
2024-08-13 00:00:00-04:00,52.68000030517578,54.029998779296875,52.279998779296875,53.81999969482422,1952700,0.0,0.0
2024-08-14 00:00:00-04:00,54.560001373291016,55.939998626708984,54.029998779296875,55.90999984741211,2559600,0.0,0.0
2024-08-15 00:00:00-04:00,56.560001373291016,57.59000015258789,56.42499923706055,57.0099983215332,3331700,0.0,0.0
2024-08-16 00:00:00-04:00,57.04999923706055,57.7599983215332,57.04999923706055,57.720001220703125,2250800,0.0,0.0
2024-08-19 00:00:00-04:00,57.77000045776367,58.16999816894531,57.40999984741211,57.77000045776367,2412400,0.0,0.0
2024-08-20 00:00:00-04:00,57.709999084472656,57.935001373291016,57.154998779296875,57.33000183105469,1659500,0.0,0.0
2024-08-21 00:00:00-04:00,58.189998626708984,58.507999420166016,57.369998931884766,58.43000030517578,2680800,0.0,0.0
2024-08-22 00:00:00-04:00,58.40999984741211,58.66999816894531,57.63999938964844,58.400001525878906,1412000,0.0,0.0
2024-08-23 00:00:00-04:00,58.72999954223633,58.849998474121094,58.220001220703125,58.779998779296875,1497200,0.0,0.0
2024-08-26 00:00:00-04:00,58.90999984741211,59.290000915527344,58.40999984741211,58.459999084472656,1215000,0.0,0.0
2024-08-27 00:00:00-04:00,58.36000061035156,58.959999084472656,57.95000076293945,58.599998474121094,1728300,0.0,0.0
2024-08-28 00:00:00-04:00,58.75,59.029998779296875,58.52000045776367,58.88999938964844,1398700,0.0,0.0
2024-08-29 00:00:00-04:00,59.0,59.790000915527344,58.66999816894531,59.18000030517578,1287900,0.0,0.0
2024-08-30 00:00:00-04:00,59.20000076293945,59.5099983215332,58.619998931884766,59.209999084472656,1721500,0.0,0.0
2024-09-03 00:00:00-04:00,58.869998931884766,59.380001068115234,58.32500076293945,58.77000045776367,2655900,0.0,0.0
2024-09-04 00:00:00-04:00,58.4900016784668,58.7400016784668,58.185001373291016,58.52000045776367,2561700,0.0,0.0
2024-09-05 00:00:00-04:00,58.65999984741211,58.8380012512207,58.08000183105469,58.5,1435500,0.0,0.0
2024-09-06 00:00:00-04:00,58.599998474121094,58.709999084472656,57.02000045776367,57.11000061035156,1432300,0.0,0.0
2024-09-09 00:00:00-04:00,57.2599983215332,57.79999923706055,57.0,57.09000015258789,2458800,0.0,0.0
2024-09-10 00:00:00-04:00,57.220001220703125,57.529998779296875,56.470001220703125,57.47999954223633,2026200,0.0,0.0
2024-09-11 00:00:00-04:00,57.220001220703125,58.2400016784668,56.64500045776367,58.0,1705900,0.0,0.0
2024-09-12 00:00:00-04:00,57.95000076293945,59.25,57.880001068115234,59.209999084472656,1410800,0.0,0.0
2024-09-13 00:00:00-04:00,59.36000061035156,59.79999923706055,59.060001373291016,59.779998779296875,1194500,0.0,0.0
2024-09-16 00:00:00-04:00,60.0,61.11000061035156,59.97999954223633,61.0099983215332,1544400,0.0,0.0
2024-09-17 00:00:00-04:00,60.869998931884766,61.5099983215332,60.66999816894531,61.18000030517578,3343000,0.0,0.0
2024-09-18 00:00:00-04:00,61.4900016784668,62.34000015258789,60.457000732421875,60.90999984741211,2373300,0.0,0.0
2024-09-19 00:00:00-04:00,61.81999969482422,62.220001220703125,61.439998626708984,61.95000076293945,2019900,0.0,0.0
2024-09-20 00:00:00-04:00,61.81999969482422,62.02000045776367,61.40999984741211,61.58000183105469,4772300,0.0,0.0
2024-09-23 00:00:00-04:00,61.779998779296875,62.189998626708984,61.5,61.650001525878906,956600,0.0,0.0
2024-09-24 00:00:00-04:00,61.650001525878906,62.040000915527344,61.59000015258789,61.790000915527344,1023000,0.0,0.0
2024-09-25 00:00:00-04:00,62.5,62.560001373291016,62.09000015258789,62.369998931884766,942300,0.0,0.0
2024-09-26 00:00:00-04:00,62.38999938964844,62.939998626708984,62.38999938964844,62.81999969482422,1006000,0.0,0.0
2024-09-27 00:00:00-04:00,62.5,62.73500061035156,59.0,60.15999984741211,7417100,0.0,0.0
2024-09-30 00:00:00-04:00,60.560001373291016,61.599998474121094,60.14500045776367,61.5,2698200,0.0,0.0
2024-10-01 00:00:00-04:00,61.5,61.70000076293945,60.900001525878906,61.54999923706055,1441900,0.0,0.0
2024-10-02 00:00:00-04:00,61.29999923706055,61.540000915527344,60.7400016784668,61.5099983215332,1384600,0.0,0.0
2024-10-03 00:00:00-04:00,61.2400016784668,61.689998626708984,60.685001373291016,60.939998626708984,1102800,0.0,0.0
2024-10-04 00:00:00-04:00,61.560001373291016,61.689998626708984,60.689998626708984,61.2599983215332,1477300,0.0,0.0
2024-10-07 00:00:00-04:00,61.15999984741211,61.15999984741211,60.459999084472656,60.79999923706055,784200,0.0,0.0
2024-10-08 00:00:00-04:00,61.06999969482422,61.560001373291016,60.43000030517578,61.47999954223633,1320800,0.0,0.0
2024-10-09 00:00:00-04:00,61.40999984741211,61.779998779296875,61.16999816894531,61.349998474121094,1794300,0.0,0.0
2024-10-10 00:00:00-04:00,61.279998779296875,61.31999969482422,60.31999969482422,60.650001525878906,1902800,0.0,0.0
2024-10-11 00:00:00-04:00,60.650001525878906,61.34000015258789,60.400001525878906,61.290000915527344,1246900,0.0,0.0
2024-10-14 00:00:00-04:00,61.79999923706055,62.400001525878906,61.310001373291016,62.130001068115234,943600,0.0,0.0
2024-10-15 00:00:00-04:00,62.189998626708984,63.130001068115234,62.060001373291016,62.540000915527344,1242100,0.0,0.0
2024-10-16 00:00:00-04:00,62.43000030517578,63.04499816894531,62.2400016784668,62.27000045776367,1100200,0.0,0.0
2024-10-17 00:00:00-04:00,62.43000030517578,62.5099983215332,61.68000030517578,62.0,1350400,0.0,0.0
2024-10-18 00:00:00-04:00,62.220001220703125,62.66999816894531,61.93000030517578,62.33000183105469,1294600,0.0,0.0
2024-10-21 00:00:00-04:00,62.20000076293945,62.599998474121094,62.04999923706055,62.220001220703125,1047800,0.0,0.0
2024-10-22 00:00:00-04:00,62.189998626708984,62.30500030517578,61.65999984741211,62.13999938964844,726100,0.0,0.0
2024-10-23 00:00:00-04:00,61.66999816894531,61.73500061035156,60.935001373291016,61.15999984741211,1137900,0.0,0.0
2024-10-24 00:00:00-04:00,61.290000915527344,61.290000915527344,59.79999923706055,60.709999084472656,2389300,0.0,0.0
2024-10-25 00:00:00-04:00,61.119998931884766,61.33000183105469,60.58000183105469,60.7400016784668,1344800,0.0,0.0
2024-10-28 00:00:00-04:00,61.06999969482422,61.459999084472656,60.720001220703125,61.0,1635000,0.0,0.0
2024-10-29 00:00:00-04:00,60.18000030517578,62.16999816894531,59.650001525878906,61.84000015258789,1977200,0.0,0.0
2024-10-30 00:00:00-04:00,61.619998931884766,62.53499984741211,61.57500076293945,61.709999084472656,1139500,0.0,0.0
2024-10-31 00:00:00-04:00,61.689998626708984,62.2400016784668,61.560001373291016,61.650001525878906,1097800,0.0,0.0
2024-11-01 00:00:00-04:00,61.95000076293945,62.494998931884766,61.279998779296875,61.439998626708984,1842900,0.0,0.0
2024-11-04 00:00:00-05:00,61.400001525878906,62.41999816894531,61.31999969482422,61.7599983215332,2127800,0.0,0.0
2024-11-05 00:00:00-05:00,61.79999923706055,63.625,61.685001373291016,63.119998931884766,1738500,0.0,0.0
2024-11-06 00:00:00-05:00,66.61499786376953,66.66000366210938,64.73500061035156,65.80000305175781,4339800,0.0,0.0
2024-11-07 00:00:00-05:00,65.80000305175781,67.2300033569336,65.0199966430664,66.55999755859375,2884900,0.0,0.0
2024-11-08 00:00:00-05:00,66.58999633789062,67.79000091552734,66.36000061035156,66.88999938964844,2016800,0.0,0.0
2024-11-11 00:00:00-05:00,67.47000122070312,68.0,67.2300033569336,67.48999786376953,1896800,0.0,0.0
2024-11-12 00:00:00-05:00,67.52999877929688,67.58100128173828,66.79000091552734,67.01000213623047,1600200,0.0,0.0
2024-11-13 00:00:00-05:00,67.0199966430664,67.37000274658203,66.76000213623047,66.81999969482422,1436600,0.0,0.0
2024-11-14 00:00:00-05:00,66.81999969482422,67.20500183105469,65.87000274658203,65.9800033569336,1689400,0.0,0.0
2024-11-15 00:00:00-05:00,65.87999725341797,66.30999755859375,64.55999755859375,64.66999816894531,1724000,0.0,0.0
2024-11-18 00:00:00-05:00,64.83999633789062,65.41999816894531,64.06999969482422,65.37000274658203,1693400,0.0,0.0
2024-11-19 00:00:00-05:00,64.80999755859375,66.55999755859375,64.77999877929688,66.51000213623047,1811800,0.0,0.0
2024-11-20 00:00:00-05:00,66.22000122070312,66.62999725341797,65.80000305175781,66.56999969482422,1977400,0.0,0.0
2024-11-21 00:00:00-05:00,66.5999984741211,68.08000183105469,66.45999908447266,67.91999816894531,2108500,0.0,0.0
2024-11-22 00:00:00-05:00,68.2300033569336,69.69000244140625,68.19999694824219,69.43000030517578,1976900,0.0,0.0
2024-11-25 00:00:00-05:00,70.05000305175781,70.5199966430664,69.41999816894531,69.88999938964844,2383700,0.0,0.0
2024-11-26 00:00:00-05:00,69.94000244140625,70.2699966430664,69.6500015258789,70.16999816894531,1586200,0.0,0.0
2024-11-27 00:00:00-05:00,70.5,70.80000305175781,69.66999816894531,69.8499984741211,1229600,0.0,0.0
2024-11-29 00:00:00-05:00,69.88999938964844,70.23999786376953,69.5999984741211,69.7699966430664,865300,0.0,0.0
2024-12-02 00:00:00-05:00,69.75,70.09500122070312,69.27999877929688,69.55000305175781,1901600,0.0,0.0
2024-12-03 00:00:00-05:00,69.79000091552734,70.95999908447266,69.55000305175781,70.61000061035156,3390900,0.0,0.0
2024-12-04 00:00:00-05:00,70.33000183105469,72.04000091552734,69.87000274658203,71.98999786376953,2443400,0.0,0.0
2024-12-05 00:00:00-05:00,71.7300033569336,72.83999633789062,71.56999969482422,72.33000183105469,2134300,0.0,0.0
2024-12-06 00:00:00-05:00,72.30999755859375,72.5999984741211,71.69999694824219,72.0,1103800,0.0,0.0
2024-12-09 00:00:00-05:00,71.7699966430664,72.08999633789062,68.95999908447266,69.52999877929688,3319800,0.0,0.0
2024-12-10 00:00:00-05:00,70.0199966430664,70.6449966430664,69.56999969482422,69.97000122070312,1905200,0.0,0.0
2024-12-11 00:00:00-05:00,70.05999755859375,70.23999786376953,69.45999908447266,69.87000274658203,1270000,0.0,0.0
2024-12-12 00:00:00-05:00,70.22000122070312,70.38999938964844,68.87000274658203,68.95999908447266,1877000,0.0,0.0
2024-12-13 00:00:00-05:00,69.0,69.57499694824219,68.63999938964844,69.5,1648800,0.0,0.0
2024-12-16 00:00:00-05:00,69.48999786376953,70.13999938964844,68.80999755859375,68.97000122070312,1727400,0.0,0.0
2024-12-17 00:00:00-05:00,68.58999633789062,69.33000183105469,67.70999908447266,68.33999633789062,1962900,0.0,0.0
2024-12-18 00:00:00-05:00,68.91000366210938,69.12999725341797,66.61499786376953,66.72000122070312,2464600,0.0,0.0
2024-12-19 00:00:00-05:00,66.86000061035156,67.47000122070312,66.45500183105469,66.86000061035156,1736200,0.0,0.0
2024-12-20 00:00:00-05:00,66.37999725341797,68.05999755859375,66.37999725341797,67.69000244140625,5980800,0.0,0.0
2024-12-23 00:00:00-05:00,67.30999755859375,67.94999694824219,66.55999755859375,67.86000061035156,1523300,0.0,0.0
2024-12-24 00:00:00-05:00,67.87999725341797,68.81999969482422,67.73500061035156,68.7699966430664,440700,0.0,0.0
2024-12-26 00:00:00-05:00,68.37999725341797,68.66999816894531,68.16999816894531,68.4800033569336,643400,0.0,0.0
2024-12-27 00:00:00-05:00,67.80999755859375,68.48999786376953,67.80999755859375,68.16999816894531,711400,0.0,0.0
2024-12-30 00:00:00-05:00,67.62000274658203,67.91999816894531,67.23999786376953,67.6500015258789,864300,0.0,0.0
2024-12-31 00:00:00-05:00,67.6500015258789,68.01000213623047,67.23999786376953,67.45999908447266,2412300,0.0,0.0
2025-01-02 00:00:00-05:00,67.66999816894531,68.30999755859375,67.30000305175781,67.38999938964844,1061300,0.0,0.0
2025-01-03 00:00:00-05:00,67.55999755859375,67.98999786376953,66.88999938964844,67.9800033569336,993100,0.0,0.0
2025-01-06 00:00:00-05:00,66.9000015258789,68.5,66.8499984741211,67.0199966430664,1253200,0.0,0.0
2025-01-07 00:00:00-05:00,67.4000015258789,68.01000213623047,66.87999725341797,67.22000122070312,2226400,0.0,0.0
2025-01-08 00:00:00-05:00,67.16999816894531,68.2300033569336,66.48100280761719,68.22000122070312,1480000,0.0,0.0
2025-01-10 00:00:00-05:00,67.45999908447266,67.94999694824219,66.80999755859375,67.3499984741211,1252800,0.0,0.0
2025-01-13 00:00:00-05:00,66.66999816894531,67.69000244140625,65.93000030517578,66.36000061035156,1639700,0.0,0.0
2025-01-14 00:00:00-05:00,66.70999908447266,66.9800033569336,65.63999938964844,66.94999694824219,1672900,0.0,0.0
2025-01-15 00:00:00-05:00,67.8499984741211,68.41999816894531,67.66000366210938,67.93000030517578,1942400,0.0,0.0
2025-01-16 00:00:00-05:00,67.9000015258789,68.4749984741211,67.55000305175781,68.08000183105469,1835400,0.0,0.0
2025-01-17 00:00:00-05:00,68.5199966430664,68.76000213623047,67.94499969482422,68.30999755859375,1067200,0.0,0.0
2025-01-21 00:00:00-05:00,69.41000366210938,69.68000030517578,68.58999633789062,69.13999938964844,1686300,0.0,0.0
2025-01-22 00:00:00-05:00,69.44000244140625,69.94999694824219,68.80000305175781,69.30999755859375,1755900,0.0,0.0
2025-01-23 00:00:00-05:00,68.97000122070312,69.05999755859375,67.9800033569336,68.7300033569336,1162300,0.0,0.0
2025-01-24 00:00:00-05:00,68.62999725341797,69.83000183105469,68.47000122070312,69.5199966430664,1685700,0.0,0.0
2025-01-27 00:00:00-05:00,69.41000366210938,70.77999877929688,69.41000366210938,70.75,1216900,0.0,0.0
2025-01-28 00:00:00-05:00,70.23999786376953,71.01000213623047,70.0,70.87999725341797,1912600,0.0,0.0
2025-01-29 00:00:00-05:00,71.0,71.72000122070312,70.80000305175781,71.52999877929688,1311100,0.0,0.0
2025-01-30 00:00:00-05:00,72.04000091552734,72.59500122070312,71.47000122070312,71.72000122070312,1930300,0.0,0.0
2025-01-31 00:00:00-05:00,71.9000015258789,72.30000305175781,70.93000030517578,70.93000030517578,1795900,0.0,0.0
2025-02-03 00:00:00-05:00,69.72000122070312,71.8949966430664,69.01000213623047,71.33000183105469,2595300,0.0,0.0
2025-02-04 00:00:00-05:00,71.55000305175781,72.44499969482422,70.77999877929688,71.87000274658203,2396400,0.0,0.0
2025-02-05 00:00:00-05:00,72.0,72.67500305175781,71.26000213623047,72.0199966430664,2221400,0.0,0.0
2025-02-06 00:00:00-05:00,72.58999633789062,73.0,70.83999633789062,70.91999816894531,2559400,0.0,0.0
2025-02-07 00:00:00-05:00,71.16000366210938,71.58999633789062,70.13500213623047,70.30999755859375,2088700,0.0,0.0
2025-02-10 00:00:00-05:00,70.66999816894531,71.0,70.01000213623047,70.31999969482422,1607600,0.0,0.0
2025-02-11 00:00:00-05:00,69.9800033569336,70.08999633789062,69.1500015258789,69.69000244140625,1855700,0.0,0.0
2025-02-12 00:00:00-05:00,69.0,70.0,68.25,69.91000366210938,3264500,0.0,0.0
2025-02-13 00:00:00-05:00,69.19000244140625,71.12999725341797,65.7699966430664,71.11000061035156,6216100,0.0,0.0
2025-02-14 00:00:00-05:00,71.0199966430664,71.87000274658203,70.4000015258789,71.25,3795500,0.0,0.0
2025-02-18 00:00:00-05:00,71.20999908447266,71.5459976196289,70.26000213623047,70.8499984741211,2940500,0.0,0.0
2025-02-19 00:00:00-05:00,70.7699966430664,72.25499725341797,70.5199966430664,71.62000274658203,2652700,0.0,0.0
2025-02-20 00:00:00-05:00,72.27999877929688,73.19000244140625,71.26499938964844,71.6500015258789,2814000,0.0,0.0
2025-02-21 00:00:00-05:00,71.4000015258789,71.88999938964844,69.9800033569336,70.0999984741211,4651600,0.0,0.0
2025-02-24 00:00:00-05:00,70.26000213623047,71.37000274658203,69.83000183105469,70.91999816894531,2392800,0.0,0.0
2025-02-25 00:00:00-05:00,71.0,71.51000213623047,69.7249984741211,70.22000122070312,2640000,0.0,0.0
2025-02-26 00:00:00-05:00,70.11000061035156,72.0199966430664,69.95999908447266,70.6500015258789,2682500,0.0,0.0
2025-02-27 00:00:00-05:00,70.87000274658203,71.375,70.16999816894531,70.23999786376953,1452300,0.0,0.0
2025-02-28 00:00:00-05:00,70.52999877929688,71.74500274658203,70.43000030517578,71.68000030517578,1970000,0.0,0.0
2025-03-03 00:00:00-05:00,71.9800033569336,72.22000122070312,69.43000030517578,70.11000061035156,2644000,0.0,0.0
2025-03-04 00:00:00-05:00,69.18000030517578,69.5199966430664,67.05999755859375,68.26000213623047,2497400,0.0,0.0
2025-03-05 00:00:00-05:00,68.12999725341797,69.30000305175781,67.80000305175781,69.13999938964844,2269800,0.0,0.0
2025-03-06 00:00:00-05:00,68.30000305175781,69.05000305175781,66.41999816894531,66.80999755859375,2784300,0.0,0.0
2025-03-07 00:00:00-05:00,66.41000366210938,66.66500091552734,63.540000915527344,65.62000274658203,3997200,0.0,0.0
2025-03-10 00:00:00-04:00,64.7300033569336,65.0,62.70000076293945,63.630001068115234,3688900,0.0,0.0
2025-03-11 00:00:00-04:00,63.810001373291016,65.27999877929688,63.3849983215332,64.87999725341797,3915200,0.0,0.0
2025-03-12 00:00:00-04:00,65.73999786376953,65.86000061035156,64.3499984741211,65.22000122070312,2235300,0.0,0.0
2025-03-13 00:00:00-04:00,65.19999694824219,65.47000122070312,63.279998779296875,63.68000030517578,3018100,0.0,0.0
2025-03-14 00:00:00-04:00,64.51000213623047,65.52999877929688,63.540000915527344,65.48999786376953,1640400,0.0,0.0
2025-03-17 00:00:00-04:00,65.37000274658203,66.5,65.0999984741211,65.98999786376953,2161800,0.0,0.0
2025-03-18 00:00:00-04:00,65.75,65.94000244140625,64.37999725341797,64.98999786376953,1781600,0.0,0.0
2025-03-19 00:00:00-04:00,64.41999816894531,65.25,64.19000244140625,65.06999969482422,3175700,0.0,0.0
2025-03-20 00:00:00-04:00,64.75,65.4209976196289,63.25,63.380001068115234,3314000,0.0,0.0
2025-03-21 00:00:00-04:00,62.709999084472656,64.44000244140625,61.650001525878906,64.41000366210938,5589700,0.0,0.0
2025-03-24 00:00:00-04:00,65.31999969482422,65.94000244140625,64.79499816894531,65.56999969482422,1724300,0.0,0.0
2025-03-25 00:00:00-04:00,65.31999969482422,65.70500183105469,64.54499816894531,65.19999694824219,1884300,0.0,0.0
2025-03-26 00:00:00-04:00,65.37999725341797,65.76000213623047,65.13999938964844,65.61000061035156,1529100,0.0,0.0
2025-03-27 00:00:00-04:00,65.33000183105469,65.9000015258789,64.80500030517578,65.27999877929688,1273600,0.0,0.0
2025-03-28 00:00:00-04:00,64.9800033569336,65.06999969482422,63.97999954223633,64.52999877929688,1929900,0.0,0.0
2025-03-31 00:00:00-04:00,63.93000030517578,65.6500015258789,63.630001068115234,65.45999908447266,1899700,0.0,0.0
2025-04-01 00:00:00-04:00,65.27999877929688,66.23899841308594,65.2300033569336,65.9800033569336,1094900,0.0,0.0
2025-04-02 00:00:00-04:00,65.27999877929688,67.4749984741211,65.27999877929688,67.08000183105469,1367800,0.0,0.0
2025-04-03 00:00:00-04:00,64.61000061035156,65.7300033569336,64.0199966430664,65.0199966430664,3320400,0.0,0.0
2025-04-04 00:00:00-04:00,63.5099983215332,64.87999725341797,61.18000030517578,61.77000045776367,3361600,0.0,0.0
2025-04-07 00:00:00-04:00,59.56999969482422,62.439998626708984,57.361000061035156,60.470001220703125,3507300,0.0,0.0
2025-04-08 00:00:00-04:00,63.02000045776367,63.54999923706055,59.689998626708984,60.47999954223633,2443000,0.0,0.0
2025-04-09 00:00:00-04:00,59.7400016784668,65.29000091552734,59.43000030517578,64.7699966430664,2419300,0.0,0.0
2025-04-10 00:00:00-04:00,63.810001373291016,64.45999908447266,61.45500183105469,62.619998931884766,1881500,0.0,0.0
2025-04-11 00:00:00-04:00,62.70000076293945,62.90999984741211,61.400001525878906,62.66999816894531,3766900,0.0,0.0
2025-04-14 00:00:00-04:00,63.54999923706055,63.77000045776367,62.68000030517578,63.4900016784668,1821900,0.0,0.0
2025-04-15 00:00:00-04:00,63.45000076293945,64.05999755859375,62.869998931884766,63.130001068115234,1301300,0.0,0.0
2025-04-16 00:00:00-04:00,62.779998779296875,63.31800079345703,61.0,61.540000915527344,2154500,0.0,0.0
2025-04-17 00:00:00-04:00,61.630001068115234,62.96500015258789,61.630001068115234,62.189998626708984,1442800,0.0,0.0
2025-04-21 00:00:00-04:00,62.04999923706055,62.150001525878906,60.459999084472656,61.150001525878906,1432600,0.0,0.0
2025-04-22 00:00:00-04:00,61.9900016784668,63.45000076293945,61.650001525878906,63.27000045776367,1121200,0.0,0.0
2025-04-23 00:00:00-04:00,64.87000274658203,65.73999786376953,63.720001220703125,64.25,1721900,0.0,0.0
2025-04-24 00:00:00-04:00,63.900001525878906,65.09400177001953,63.400001525878906,64.62999725341797,1113500,0.0,0.0
2025-04-25 00:00:00-04:00,63.9900016784668,64.97000122070312,63.650001525878906,64.37999725341797,1069500,0.0,0.0
2025-04-28 00:00:00-04:00,64.38999938964844,65.41500091552734,64.0199966430664,64.7699966430664,1598900,0.0,0.0
2025-04-29 00:00:00-04:00,63.849998474121094,65.4800033569336,63.779998779296875,65.26000213623047,2111300,0.0,0.0
2025-04-30 00:00:00-04:00,64.66000366210938,65.80000305175781,64.08000183105469,65.66000366210938,1557100,0.0,0.0
2025-05-01 00:00:00-04:00,66.0,67.0,65.52999877929688,66.33000183105469,1346700,0.0,0.0
2025-05-02 00:00:00-04:00,67.08999633789062,68.08999633789062,66.5,67.9000015258789,1322500,0.0,0.0
2025-05-05 00:00:00-04:00,67.31999969482422,68.84500122070312,67.19000244140625,68.44000244140625,2833000,0.0,0.0
2025-05-06 00:00:00-04:00,67.51000213623047,67.90499877929688,66.62000274658203,67.04000091552734,3288200,0.0,0.0
2025-05-07 00:00:00-04:00,67.51000213623047,69.38999938964844,66.88999938964844,69.12000274658203,3630000,0.0,0.0
2025-05-08 00:00:00-04:00,69.61000061035156,73.18000030517578,68.80000305175781,71.80999755859375,4566400,0.0,0.0
2025-05-09 00:00:00-04:00,71.80999755859375,72.01000213623047,70.7300033569336,71.69999694824219,2526400,0.0,0.0
2025-05-12 00:00:00-04:00,72.88999938964844,73.62000274658203,72.3949966430664,73.54000091552734,2254300,0.0,0.0
2025-05-13 00:00:00-04:00,73.68000030517578,74.97000122070312,72.81999969482422,73.83999633789062,2296000,0.0,0.0
2025-05-14 00:00:00-04:00,73.9000015258789,75.0,73.59300231933594,74.91000366210938,2110800,0.0,0.0
2025-05-15 00:00:00-04:00,74.05999755859375,75.86000061035156,74.05999755859375,75.80000305175781,1959100,0.0,0.0
2025-05-16 00:00:00-04:00,75.86000061035156,76.91999816894531,75.625,76.62999725341797,2833200,0.0,0.0
2025-05-19 00:00:00-04:00,76.05000305175781,77.68000030517578,75.83999633789062,77.2300033569336,2400000,0.0,0.0
2025-05-20 00:00:00-04:00,77.27999877929688,78.18000030517578,77.25,77.83999633789062,2365900,0.0,0.0
2025-05-21 00:00:00-04:00,76.97000122070312,77.5,75.81500244140625,76.12999725341797,1760000,0.0,0.0
2025-05-22 00:00:00-04:00,76.37000274658203,76.56999969482422,75.6500015258789,75.88999938964844,1532300,0.0,0.0
2025-05-23 00:00:00-04:00,75.2300033569336,76.44999694824219,75.19999694824219,75.83000183105469,1974000,0.0,0.0
2025-05-27 00:00:00-04:00,76.86000061035156,77.80999755859375,76.44499969482422,77.58999633789062,2165800,0.0,0.0
2025-05-28 00:00:00-04:00,77.77999877929688,78.1780014038086,77.18499755859375,77.5999984741211,1815300,0.0,0.0
2025-05-29 00:00:00-04:00,78.19000244140625,78.72000122070312,77.2750015258789,78.55000305175781,2844700,0.0,0.0
2025-05-30 00:00:00-04:00,78.55000305175781,79.63999938964844,78.18000030517578,79.12000274658203,2983800,0.0,0.0
2025-06-02 00:00:00-04:00,78.80999755859375,79.08999633789062,77.88999938964844,78.88999938964844,1818000,0.0,0.0
2025-06-03 00:00:00-04:00,78.86000061035156,79.38999938964844,77.81999969482422,77.98999786376953,1766400,0.0,0.0
2025-06-04 00:00:00-04:00,78.30999755859375,78.81900024414062,77.3499984741211,77.37999725341797,2063800,0.0,0.0
2025-06-05 00:00:00-04:00,77.30999755859375,78.0999984741211,76.8499984741211,77.61000061035156,1598600,0.0,0.0
2025-06-06 00:00:00-04:00,78.0,78.30500030517578,77.33999633789062,77.75,1253600,0.0,0.0
2025-06-09 00:00:00-04:00,77.77999877929688,77.93800354003906,76.63999938964844,76.91000366210938,2487500,0.0,0.0
2025-06-10 00:00:00-04:00,76.94000244140625,77.5999984741211,76.5199966430664,76.93000030517578,1447300,0.0,0.0
2025-06-11 00:00:00-04:00,76.87000274658203,76.9010009765625,75.76000213623047,75.98999786376953,1668600,0.0,0.0
2025-06-12 00:00:00-04:00,75.81999969482422,76.66999816894531,75.54000091552734,76.66000366210938,1784500,0.0,0.0
2025-06-13 00:00:00-04:00,75.81999969482422,76.3499984741211,75.25,75.45999908447266,1586200,0.0,0.0
2025-06-16 00:00:00-04:00,76.0,76.73999786376953,75.7040023803711,76.68000030517578,1684400,0.0,0.0
2025-06-17 00:00:00-04:00,76.18000030517578,76.88999938964844,75.5999984741211,75.62000274658203,1312900,0.0,0.0
2025-06-18 00:00:00-04:00,75.75,76.25,75.19999694824219,75.27999877929688,2059100,0.0,0.0
2025-06-20 00:00:00-04:00,75.80000305175781,76.62999725341797,75.41000366210938,76.38999938964844,4879000,0.0,0.0
2025-06-23 00:00:00-04:00,76.2699966430664,76.91000366210938,75.11000061035156,76.33000183105469,1540500,0.0,0.0
2025-06-24 00:00:00-04:00,76.69999694824219,77.06500244140625,75.80999755859375,76.69000244140625,1578000,0.0,0.0
2025-06-25 00:00:00-04:00,76.79000091552734,76.93000030517578,75.7300033569336,76.19000244140625,1382600,0.0,0.0
2025-06-26 00:00:00-04:00,76.29000091552734,76.7699966430664,75.69999694824219,76.70999908447266,1309800,0.0,0.0
2025-06-27 00:00:00-04:00,76.87999725341797,77.37999725341797,76.20999908447266,77.2699966430664,2603000,0.0,0.0
2025-06-30 00:00:00-04:00,77.12000274658203,77.48999786376953,76.30000305175781,77.01000213623047,1626200,0.0,0.0
2025-07-01 00:00:00-04:00,76.95999908447266,77.81999969482422,76.7300033569336,77.41999816894531,1315500,0.0,0.0
2025-07-02 00:00:00-04:00,76.97000122070312,77.76000213623047,76.87999725341797,77.7300033569336,1767800,0.0,0.0
2025-07-03 00:00:00-04:00,77.70999908447266,78.62000274658203,76.94000244140625,78.41999816894531,858400,0.0,0.0
2025-07-07 00:00:00-04:00,78.5,78.87999725341797,78.0999984741211,78.77999877929688,1676500,0.0,0.0
2025-07-08 00:00:00-04:00,78.7699966430664,79.23999786376953,78.03500366210938,78.63999938964844,1673400,0.0,0.0
2025-07-09 00:00:00-04:00,79.05000305175781,79.86499786376953,78.18000030517578,79.8499984741211,1545600,0.0,0.0
2025-07-10 00:00:00-04:00,79.94999694824219,80.95999908447266,79.63999938964844,80.25,1577800,0.0,0.0
2025-07-11 00:00:00-04:00,81.0,81.63099670410156,79.5199966430664,80.55000305175781,4692700,0.0,0.0
2025-07-14 00:00:00-04:00,80.91999816894531,82.05999755859375,80.91300201416016,81.97000122070312,3962300,0.0,0.0
2025-07-15 00:00:00-04:00,81.58000183105469,82.62000274658203,80.9000015258789,81.08999633789062,3305400,0.0,0.0
2025-07-16 00:00:00-04:00,81.58000183105469,82.94999694824219,80.9000015258789,82.94999694824219,3713900,0.0,0.0
2025-07-17 00:00:00-04:00,82.91000366210938,84.44000244140625,82.7750015258789,83.7699966430664,2354000,0.0,0.0
2025-07-18 00:00:00-04:00,83.91999816894531,84.23999786376953,82.55000305175781,83.13999938964844,2627600,0.0,0.0
2025-07-21 00:00:00-04:00,83.12999725341797,84.1510009765625,82.73999786376953,83.41000366210938,2183600,0.0,0.0
2025-07-22 00:00:00-04:00,83.91000366210938,84.31999969482422,83.19000244140625,84.12000274658203,1513400,0.0,0.0
2025-07-23 00:00:00-04:00,84.41999816894531,85.11000061035156,83.9800033569336,83.9800033569336,1377000,0.0,0.0
2025-07-24 00:00:00-04:00,83.94999694824219,84.22000122070312,81.57499694824219,81.81999969482422,3259900,0.0,0.0
2025-07-25 00:00:00-04:00,82.08999633789062,82.4800033569336,81.45999908447266,82.26000213623047,3231100,0.0,0.0
2025-07-28 00:00:00-04:00,83.05999755859375,83.70999908447266,82.38999938964844,83.06999969482422,1727700,0.0,0.0
2025-07-29 00:00:00-04:00,83.25,83.44999694824219,82.58499908447266,82.88999938964844,1845500,0.0,0.0
2025-07-30 00:00:00-04:00,83.47000122070312,85.0,83.08000183105469,84.4000015258789,2742800,0.0,0.0
2025-07-31 00:00:00-04:00,84.04000091552734,84.48999786376953,83.19999694824219,83.33000183105469,1589100,0.0,0.0
2025-08-01 00:00:00-04:00,82.75,83.47000122070312,82.12000274658203,83.27999877929688,1898500,0.0,0.0
2025-08-04 00:00:00-04:00,83.48999786376953,84.20999908447266,83.13400268554688,83.3499984741211,1833500,0.0,0.0
2025-08-05 00:00:00-04:00,83.2300033569336,83.7300033569336,81.83999633789062,82.41999816894531,2357400,0.0,0.0
2025-08-06 00:00:00-04:00,82.87000274658203,84.8550033569336,82.33100128173828,84.68000030517578,3523100,0.0,0.0
2025-08-07 00:00:00-04:00,83.83999633789062,84.33499908447266,76.7699966430664,80.16999816894531,5960900,0.0,0.0
2025-08-08 00:00:00-04:00,80.12000274658203,80.91000366210938,78.94499969482422,80.05999755859375,3547400,0.0,0.0
2025-08-11 00:00:00-04:00,80.01000213623047,80.08000183105469,78.13999938964844,78.2699966430664,3069200,0.0,0.0
2025-08-12 00:00:00-04:00,78.37000274658203,79.125,78.18499755859375,79.0199966430664,2068400,0.0,0.0
2025-08-13 00:00:00-04:00,79.29000091552734,79.29000091552734,77.44499969482422,78.6500015258789,2937300,0.0,0.0
2025-08-14 00:00:00-04:00,78.20999908447266,78.43499755859375,76.86000061035156,77.13999938964844,2391900,0.0,0.0
2025-08-15 00:00:00-04:00,77.23999786376953,77.29000091552734,76.05000305175781,76.3499984741211,2486200,0.0,0.0
2025-08-18 00:00:00-04:00,76.4000015258789,77.04000091552734,75.66000366210938,76.9800033569336,2595000,0.0,0.0
2025-08-19 00:00:00-04:00,76.88999938964844,77.56999969482422,76.19000244140625,77.0,1745400,0.0,0.0
2025-08-20 00:00:00-04:00,76.87000274658203,78.83000183105469,76.45999908447266,78.80999755859375,2352000,0.0,0.0
2025-08-21 00:00:00-04:00,78.41999816894531,78.68000030517578,76.9000015258789,77.37999725341797,1825200,0.0,0.0
2025-08-22 00:00:00-04:00,77.4800033569336,78.19000244140625,77.04000091552734,78.06999969482422,1511400,0.0,0.0
2025-08-25 00:00:00-04:00,77.70999908447266,77.84500122070312,76.98999786376953,77.5,1745500,0.0,0.0
2025-08-26 00:00:00-04:00,77.41999816894531,78.25,77.09500122070312,77.76000213623047,1612900,0.0,0.0
2025-08-27 00:00:00-04:00,77.3499984741211,78.1500015258789,77.3499984741211,77.62999725341797,1722000,0.0,0.0
2025-08-28 00:00:00-04:00,77.68000030517578,77.68000030517578,76.68499755859375,77.33999633789062,1386400,0.0,0.0
2025-08-29 00:00:00-04:00,77.54000091552734,77.62999725341797,76.68000030517578,77.5999984741211,1403600,0.0,0.0
2025-09-02 00:00:00-04:00,77.08000183105469,77.88999938964844,76.52999877929688,77.41000366210938,1921000,0.0,0.0
2025-09-03 00:00:00-04:00,77.1500015258789,78.28500366210938,76.58999633789062,77.16999816894531,1657900,0.0,0.0
2025-09-04 00:00:00-04:00,77.51000213623047,78.09500122070312,76.98500061035156,78.0,1309800,0.0,0.0
2025-09-05 00:00:00-04:00,77.94999694824219,78.19000244140625,77.05500030517578,77.91000366210938,1228100,0.0,0.0
2025-09-08 00:00:00-04:00,78.0,78.41000366210938,77.42500305175781,78.2699966430664,1466700,0.0,0.0
2025-09-09 00:00:00-04:00,78.02999877929688,78.20999908447266,76.02999877929688,78.05999755859375,2146300,0.0,0.0
2025-09-10 00:00:00-04:00,78.0,78.69000244140625,77.32499694824219,77.81999969482422,1847000,0.0,0.0
2025-09-11 00:00:00-04:00,77.98999786376953,80.04000091552734,77.5999984741211,79.87000274658203,2004900,0.0,0.0
2025-09-12 00:00:00-04:00,79.75,80.2699966430664,79.2699966430664,79.45999908447266,1811000,0.0,0.0
2025-09-15 00:00:00-04:00,79.45999908447266,80.31500244140625,79.2249984741211,79.30000305175781,2075300,0.0,0.0
2025-09-16 00:00:00-04:00,79.68000030517578,79.80999755859375,77.33000183105469,77.69999694824219,1893100,0.0,0.0
2025-09-17 00:00:00-04:00,77.97000122070312,78.86000061035156,77.76000213623047,78.79000091552734,1961500,0.0,0.0
2025-09-18 00:00:00-04:00,78.5999984741211,79.22000122070312,78.01499938964844,78.37000274658203,1642700,0.0,0.0
2025-09-19 00:00:00-04:00,78.4800033569336,78.9000015258789,77.80000305175781,78.33000183105469,4707900,0.0,0.0
2025-09-22 00:00:00-04:00,78.30999755859375,78.45999908447266,77.08000183105469,77.0999984741211,1884200,0.0,0.0
2025-09-23 00:00:00-04:00,77.0,78.16999816894531,77.0,77.63999938964844,1771500,0.0,0.0
2025-09-24 00:00:00-04:00,77.88999938964844,77.88999938964844,76.80000305175781,77.16999816894531,2189400,0.0,0.0
2025-09-25 00:00:00-04:00,77.20999908447266,77.20999908447266,76.05999755859375,76.51000213623047,2590500,0.0,0.0
2025-09-26 00:00:00-04:00,76.7300033569336,77.06999969482422,76.26000213623047,76.5999984741211,1779900,0.0,0.0
2025-09-29 00:00:00-04:00,76.93000030517578,76.93000030517578,75.55000305175781,76.75,1811400,0.0,0.0
2025-09-30 00:00:00-04:00,76.5,76.9800033569336,75.83999633789062,76.62000274658203,2906700,0.0,0.0
2025-10-01 00:00:00-04:00,76.20999908447266,76.4749984741211,75.02999877929688,75.2699966430664,2366700,0.0,0.0
2025-10-02 00:00:00-04:00,74.81999969482422,75.91000366210938,74.41999816894531,75.51000213623047,2175200,0.0,0.0
2025-10-03 00:00:00-04:00,75.47000122070312,76.63999938964844,75.47000122070312,76.18000030517578,1494400,0.0,0.0
2025-10-06 00:00:00-04:00,76.3499984741211,76.50499725341797,75.30999755859375,75.51000213623047,1513800,0.0,0.0
2025-10-07 00:00:00-04:00,75.41000366210938,76.23999786376953,74.44999694824219,76.06999969482422,1611000,0.0,0.0
2025-10-08 00:00:00-04:00,76.43000030517578,76.81999969482422,75.52999877929688,76.0,1242900,0.0,0.0
2025-10-09 00:00:00-04:00,76.11000061035156,76.47100067138672,75.19999694824219,75.2699966430664,1532200,0.0,0.0
2025-10-10 00:00:00-04:00,75.43000030517578,76.01000213623047,74.97000122070312,75.16000366210938,1378900,0.0,0.0
2025-10-13 00:00:00-04:00,75.08999633789062,75.70500183105469,74.83000183105469,75.5,1005500,0.0,0.0
2025-10-14 00:00:00-04:00,75.30000305175781,77.19999694824219,75.30000305175781,77.0999984741211,1600900,0.0,0.0
2025-10-15 00:00:00-04:00,77.02999877929688,78.18000030517578,76.7699966430664,77.20999908447266,2855900,0.0,0.0
2025-10-16 00:00:00-04:00,77.08999633789062,77.53399658203125,74.63999938964844,74.94999694824219,2267000,0.0,0.0
2025-10-17 00:00:00-04:00,75.63999938964844,76.70999908447266,75.04499816894531,76.12000274658203,1568200,0.0,0.0
2025-10-20 00:00:00-04:00,76.43000030517578,76.66000366210938,75.76000213623047,76.2699966430664,1141300,0.0,0.0
2025-10-21 00:00:00-04:00,76.19000244140625,76.7300033569336,75.94000244140625,76.26000213623047,1481600,0.0,0.0
2025-10-22 00:00:00-04:00,76.87000274658203,77.20999908447266,75.75,75.75,1632900,0.0,0.0
2025-10-23 00:00:00-04:00,75.58999633789062,75.83999633789062,74.9800033569336,75.83999633789062,1809800,0.0,0.0
2025-10-24 00:00:00-04:00,75.87999725341797,76.47000122070312,74.05999755859375,74.29000091552734,1454800,0.0,0.0
2025-10-27 00:00:00-04:00,74.87000274658203,74.87000274658203,73.87000274658203,74.19999694824219,1374700,0.0,0.0
2025-10-28 00:00:00-04:00,73.97000122070312,74.70999908447266,73.16999816894531,74.30999755859375,1350700,0.0,0.0
2025-10-29 00:00:00-04:00,74.0,74.0,72.7699966430664,73.04000091552734,1759500,0.0,0.0
2025-10-30 00:00:00-04:00,73.19000244140625,74.08000183105469,72.70999908447266,73.25,1588700,0.0,0.0
2025-10-31 00:00:00-04:00,72.77999877929688,73.12999725341797,72.19999694824219,72.62000274658203,1602600,0.0,0.0
2025-11-03 00:00:00-05:00,72.54000091552734,73.81999969482422,72.2699966430664,73.69999694824219,1793400,0.0,0.0
2025-11-04 00:00:00-05:00,73.4800033569336,74.0,73.11000061035156,73.38999938964844,1375700,0.0,0.0
2025-11-05 00:00:00-05:00,73.20999908447266,74.27999877929688,72.4000015258789,74.0999984741211,3554100,0.0,0.0
2025-11-06 00:00:00-05:00,73.0,73.55000305175781,71.26000213623047,71.4000015258789,3489000,0.0,0.0
2025-11-07 00:00:00-05:00,71.3499984741211,73.56999969482422,71.32499694824219,73.4800033569336,2475200,0.0,0.0
2025-11-10 00:00:00-05:00,73.43000030517578,73.81999969482422,71.69999694824219,72.30000305175781,2202900,0.0,0.0
2025-11-11 00:00:00-05:00,72.55000305175781,72.55000305175781,71.5999984741211,72.13999938964844,1773100,0.0,0.0
2025-11-12 00:00:00-05:00,71.98999786376953,73.06999969482422,71.98999786376953,72.9000015258789,1473900,0.0,0.0
2025-11-13 00:00:00-05:00,72.68000030517578,73.33000183105469,71.31999969482422,72.12999725341797,1443900,0.0,0.0
2025-11-14 00:00:00-05:00,71.9000015258789,72.31999969482422,71.2699966430664,71.73999786376953,1463000,0.0,0.0
2025-11-17 00:00:00-05:00,71.80000305175781,72.47000122070312,70.94999694824219,71.23999786376953,1225300,0.0,0.0
2025-11-18 00:00:00-05:00,71.37000274658203,71.68000030517578,70.70999908447266,71.33000183105469,1255100,0.0,0.0
2025-11-19 00:00:00-05:00,71.72000122070312,71.96499633789062,70.54000091552734,70.87000274658203,1315500,0.0,0.0
2025-11-20 00:00:00-05:00,71.58000183105469,71.80000305175781,69.875,70.05000305175781,1553600,0.0,0.0
2025-11-21 00:00:00-05:00,70.69999694824219,71.88999938964844,70.0,71.0999984741211,1902400,0.0,0.0
2025-11-24 00:00:00-05:00,74.0199966430664,77.62999725341797,73.29499816894531,76.63999938964844,7118000,0.0,0.0
2025-11-25 00:00:00-05:00,76.69000244140625,78.91999816894531,76.52999877929688,78.87999725341797,4502800,0.0,0.0
2025-11-26 00:00:00-05:00,78.80999755859375,79.08000183105469,78.16000366210938,78.69000244140625,1871300,0.0,0.0
2025-11-28 00:00:00-05:00,78.54000091552734,79.12999725341797,78.54000091552734,78.66999816894531,963000,0.0,0.0
2025-12-01 00:00:00-05:00,78.18000030517578,78.88500213623047,77.30999755859375,77.5199966430664,3093500,0.0,0.0
2025-12-02 00:00:00-05:00,77.5999984741211,77.88500213623047,76.97000122070312,77.0,2158800,0.0,0.0
2025-12-03 00:00:00-05:00,77.1500015258789,77.25,75.375,75.68000030517578,1988800,0.0,0.0
2025-12-04 00:00:00-05:00,75.68000030517578,76.16999816894531,75.19999694824219,76.1500015258789,2146000,0.0,0.0
2025-12-05 00:00:00-05:00,75.51000213623047,75.81999969482422,74.91999816894531,75.19999694824219,2191700,0.0,0.0
2025-12-08 00:00:00-05:00,75.08000183105469,75.36000061035156,74.51000213623047,74.86000061035156,1807100,0.0,0.0
2025-12-09 00:00:00-05:00,74.81999969482422,76.11000061035156,74.81999969482422,75.36000061035156,1972600,0.0,0.0
2025-12-10 00:00:00-05:00,75.61000061035156,76.12999725341797,74.98999786376953,75.58999633789062,2418700,0.0,0.0
2025-12-11 00:00:00-05:00,75.55999755859375,77.11000061035156,75.11000061035156,76.88999938964844,1502000,0.0,0.0
2025-12-12 00:00:00-05:00,76.95999908447266,77.27999877929688,75.94999694824219,76.5999984741211,1814900,0.0,0.0
2025-12-15 00:00:00-05:00,77.0,77.0,75.51000213623047,76.19999694824219,2249500,0.0,0.0
2025-12-16 00:00:00-05:00,76.37999725341797,77.13500213623047,75.5999984741211,76.4800033569336,2151100,0.0,0.0
2025-12-17 00:00:00-05:00,76.61000061035156,77.50499725341797,76.19999694824219,77.11000061035156,1759800,0.0,0.0
2025-12-18 00:00:00-05:00,77.0,77.66000366210938,76.31999969482422,76.72000122070312,2740000,0.0,0.0
2025-12-19 00:00:00-05:00,76.87999725341797,77.5199966430664,76.26499938964844,77.4000015258789,4586400,0.0,0.0
2025-12-22 00:00:00-05:00,77.4000015258789,78.0,76.78500366210938,77.33999633789062,1920500,0.0,0.0
2025-12-23 00:00:00-05:00,77.38999938964844,77.70500183105469,76.4000015258789,76.83000183105469,1579600,0.0,0.0
2025-12-24 00:00:00-05:00,76.12000274658203,76.72000122070312,75.95999908447266,76.37000274658203,1157600,0.0,0.0
2025-12-26 00:00:00-05:00,76.41000366210938,76.77999877929688,76.08999633789062,76.37000274658203,1235900,0.0,0.0
2025-12-29 00:00:00-05:00,76.27999877929688,76.7249984741211,76.19000244140625,76.48999786376953,1249200,0.0,0.0
2025-12-30 00:00:00-05:00,76.30000305175781,76.63999938964844,75.79499816894531,75.91999816894531,1640200,0.0,0.0
2025-12-31 00:00:00-05:00,75.8499984741211,76.18000030517578,74.94000244140625,75.31999969482422,2695600,0.0,0.0
2026-01-02 00:00:00-05:00,74.9800033569336,75.37999725341797,74.23999786376953,74.63999938964844,2376500,0.0,0.0
2026-01-05 00:00:00-05:00,74.30000305175781,76.68000030517578,74.13999938964844,76.06999969482422,2977500,0.0,0.0
2026-01-06 00:00:00-05:00,75.90499877929688,77.08999633789062,75.90499877929688,76.87000274658203,2253900,0.0,0.0
2026-01-07 00:00:00-05:00,76.63999938964844,77.21499633789062,74.96499633789062,75.31999969482422,3325700,0.0,0.0
2026-01-08 00:00:00-05:00,75.12000274658203,76.91999816894531,74.3499984741211,74.97000122070312,2618000,0.0,0.0
2026-01-09 00:00:00-05:00,75.16000366210938,75.98999786376953,74.58000183105469,75.58999633789062,1780300,0.0,0.0
2026-01-12 00:00:00-05:00,75.0999984741211,77.41999816894531,75.0,77.30999755859375,2382200,0.0,0.0
2026-01-13 00:00:00-05:00,77.5,79.37999725341797,77.47000122070312,79.2699966430664,2507300,0.0,0.0
2026-01-14 00:00:00-05:00,79.22000122070312,82.58000183105469,79.11000061035156,82.44999694824219,4016800,0.0,0.0
2026-01-15 00:00:00-05:00,82.70999908447266,85.22000122070312,82.22000122070312,85.18000030517578,3692300,0.0,0.0
2026-01-16 00:00:00-05:00,84.88999938964844,85.8499984741211,84.79000091552734,85.70999908447266,1968200,0.0,0.0
2026-01-20 00:00:00-05:00,83.97000122070312,85.01000213623047,83.01000213623047,83.44000244140625,2681100,0.0,0.0
2026-01-21 00:00:00-05:00,83.79000091552734,84.58999633789062,82.25,83.83000183105469,3209100,0.0,0.0
2026-01-22 00:00:00-05:00,84.13999938964844,84.44999694824219,81.76499938964844,81.88999938964844,2611200,0.0,0.0
2026-01-23 00:00:00-05:00,81.62000274658203,81.86000061035156,80.87999725341797,81.2699966430664,2400300,0.0,0.0
2026-01-26 00:00:00-05:00,81.01000213623047,82.08999633789062,79.87000274658203,80.26000213623047,2151800,0.0,0.0
2026-01-27 00:00:00-05:00,80.91000366210938,83.83000183105469,80.38999938964844,83.66999816894531,3037600,0.0,0.0
2026-01-28 00:00:00-05:00,83.72000122070312,84.58000183105469,83.37999725341797,83.79000091552734,2827200,0.0,0.0
2026-01-29 00:00:00-05:00,83.06999969482422,84.38999938964844,83.06999969482422,84.26000213623047,1872200,0.0,0.0
2026-01-30 00:00:00-05:00,84.0199966430664,84.2699966430664,82.91999816894531,83.62000274658203,2764800,0.0,0.0
2026-02-02 00:00:00-05:00,83.6500015258789,84.87000274658203,82.51000213623047,84.36000061035156,2292600,0.0,0.0
2026-02-03 00:00:00-05:00,84.54000091552734,88.31500244140625,84.54000091552734,87.88999938964844,4544400,0.0,0.0
2026-02-04 00:00:00-05:00,86.44999694824219,87.91999816894531,84.2300033569336,87.81999969482422,6776400,0.0,0.0
2026-02-05 00:00:00-05:00,88.19000244140625,89.5,86.58000183105469,87.88999938964844,3687400,0.0,0.0
2026-02-06 00:00:00-05:00,88.73999786376953,90.7300033569336,88.30500030517578,90.33000183105469,2622900,0.0,0.0
2026-02-09 00:00:00-05:00,90.30999755859375,91.22000122070312,90.01000213623047,90.12000274658203,2144300,0.0,0.0
2026-02-10 00:00:00-05:00,90.80999755859375,91.3550033569336,89.66999816894531,90.66999816894531,2761700,0.0,0.0
2026-02-11 00:00:00-05:00,90.88999938964844,91.48500061035156,89.0999984741211,89.93000030517578,5387100,0.0,0.0
2026-02-12 00:00:00-05:00,89.41999816894531,102.12999725341797,89.41999816894531,101.9800033569336,8519600,0.0,0.0
2026-02-13 00:00:00-05:00,100.68000030517578,101.25,97.13999938964844,99.93000030517578,4354000,0.0,0.0
2026-02-17 00:00:00-05:00,100.70999908447266,101.87000274658203,96.58999633789062,97.11000061035156,4066800,0.0,0.0
2026-02-18 00:00:00-05:00,97.0,98.0,95.98999786376953,96.58999633789062,2863100,0.0,0.0
2026-02-19 00:00:00-05:00,96.56999969482422,97.54000091552734,95.69999694824219,96.37999725341797,1706500,0.0,0.0
2026-02-20 00:00:00-05:00,96.5,97.38999938964844,96.0250015258789,96.70999908447266,3335400,0.0,0.0
2026-02-23 00:00:00-05:00,96.5,97.0199966430664,95.68099975585938,96.12999725341797,2881100,0.0,0.0
2026-02-24 00:00:00-05:00,95.93000030517578,96.63999938964844,94.61000061035156,96.55000305175781,2731600,0.0,0.0
2026-02-25 00:00:00-05:00,96.58999633789062,97.19999694824219,95.31999969482422,95.87999725341797,2001700,0.0,0.0
2026-02-26 00:00:00-05:00,96.30000305175781,97.05999755859375,94.82499694824219,95.36000061035156,1692700,0.0,0.0
2026-02-27 00:00:00-05:00,94.8499984741211,96.83999633789062,93.93499755859375,96.61000061035156,2360300,0.0,0.0
2026-03-02 00:00:00-05:00,95.93000030517578,96.5,94.83000183105469,95.41000366210938,1888400,0.0,0.0
2026-03-03 00:00:00-05:00,94.01000213623047,94.44000244140625,92.36000061035156,93.0,2108200,0.0,0.0
2026-03-04 00:00:00-05:00,93.41000366210938,94.55000305175781,92.2760009765625,93.13999938964844,2319800,0.0,0.0
2026-03-05 00:00:00-05:00,92.18000030517578,92.98999786376953,91.33000183105469,92.1500015258789,1728900,0.0,0.0
2026-03-06 00:00:00-05:00,90.72000122070312,91.51000213623047,89.41000366210938,90.20999908447266,2432300,0.0,0.0
2026-03-09 00:00:00-04:00,90.17500305175781,90.7699966430664,86.62999725341797,90.7300033569336,1826200,0.0,0.0
2026-03-10 00:00:00-04:00,90.12000274658203,92.1449966430664,89.88999938964844,90.8499984741211,2207200,0.0,0.0
2026-03-11 00:00:00-04:00,90.0999984741211,91.80000305175781,90.0999984741211,91.33999633789062,1966200,0.0,0.0
2026-03-12 00:00:00-04:00,90.16000366210938,93.19000244140625,89.30999755859375,92.61000061035156,3696400,0.0,0.0
2026-03-13 00:00:00-04:00,93.11000061035156,94.70999908447266,92.33000183105469,94.62999725341797,4552300,0.0,0.0
2026-03-16 00:00:00-04:00,94.77999877929688,95.18499755859375,91.30000305175781,91.73999786376953,2836300,0.0,0.0
2026-03-17 00:00:00-04:00,92.05999755859375,93.30000305175781,91.66000366210938,92.16000366210938,2510000,0.0,0.0
2026-03-18 00:00:00-04:00,91.83999633789062,91.95999908447266,88.83000183105469,88.95999908447266,1998600,0.0,0.0
2026-03-19 00:00:00-04:00,88.41999816894531,89.57499694824219,87.91999816894531,89.33000183105469,3021600,0.0,0.0
2026-03-20 00:00:00-04:00,89.12000274658203,90.2300033569336,88.52999877929688,89.4000015258789,7332000,0.0,0.0
2026-03-23 00:00:00-04:00,91.16999816894531,92.31999969482422,89.16000366210938,89.33000183105469,2986900,0.0,0.0
2026-03-24 00:00:00-04:00,89.12999725341797,91.86000061035156,88.83999633789062,91.12999725341797,2852000,0.0,0.0
2026-03-25 00:00:00-04:00,92.11000061035156,92.86000061035156,90.29000091552734,92.4800033569336,2143500,0.0,0.0
2026-03-26 00:00:00-04:00,92.11000061035156,93.3499984741211,91.7699966430664,92.0999984741211,1384900,0.0,0.0
2026-03-27 00:00:00-04:00,91.58000183105469,92.44999694824219,90.46499633789062,90.86000061035156,1836700,0.0,0.0
2026-03-30 00:00:00-04:00,91.19000244140625,91.9800033569336,90.17500305175781,90.95999908447266,2354000,0.0,0.0
2026-03-31 00:00:00-04:00,91.0,92.58999633789062,90.0,92.20999908447266,2025000,0.0,0.0
2026-04-01 00:00:00-04:00,91.91000366210938,93.19999694824219,90.0999984741211,90.83000183105469,2213700,0.0,0.0
2026-04-02 00:00:00-04:00,90.41000366210938,91.12000274658203,88.95999908447266,89.91000366210938,1879900,0.0,0.0
2026-04-06 00:00:00-04:00,90.0,91.33000183105469,90.0,90.91000366210938,1404600,0.0,0.0
2026-04-07 00:00:00-04:00,90.55000305175781,91.38999938964844,88.95999908447266,89.36000061035156,1581900,0.0,0.0
2026-04-08 00:00:00-04:00,90.83999633789062,93.0999984741211,90.83999633789062,91.68000030517578,2187800,0.0,0.0
2026-04-09 00:00:00-04:00,91.12000274658203,92.19499969482422,90.47100067138672,92.06999969482422,2702900,0.0,0.0
2026-04-10 00:00:00-04:00,92.0,92.48999786376953,90.05999755859375,91.41999816894531,2123900,0.0,0.0
2026-04-13 00:00:00-04:00,91.04000091552734,91.47000122070312,90.0199966430664,91.38999938964844,1567400,0.0,0.0
2026-04-14 00:00:00-04:00,91.33999633789062,92.76000213623047,90.90499877929688,92.47000122070312,1638500,0.0,0.0
2026-04-15 00:00:00-04:00,92.0,92.31999969482422,89.83999633789062,90.20999908447266,1743400,0.0,0.0
2026-04-16 00:00:00-04:00,89.29000091552734,90.94999694824219,88.7699966430664,89.80000305175781,1876300,0.0,0.0
2026-04-17 00:00:00-04:00,90.2300033569336,93.71499633789062,89.9000015258789,93.69000244140625,2578287,0.0,0.0
