Date,Open,High,Low,Close,Volume,Dividends,Stock Splits
2022-01-03 00:00:00-05:00,33.16999816894531,33.40999984741211,32.529998779296875,32.83000183105469,1758700,0.0,0.0
2022-01-04 00:00:00-05:00,33.09000015258789,33.88999938964844,33.0099983215332,33.52000045776367,1960300,0.0,0.0
2022-01-05 00:00:00-05:00,33.68000030517578,34.119998931884766,33.380001068115234,33.41999816894531,2036100,0.0,0.0
2022-01-06 00:00:00-05:00,33.47999954223633,33.68000030517578,33.0,33.11000061035156,1765700,0.0,0.0
2022-01-07 00:00:00-05:00,33.2400016784668,33.310001373291016,32.4900016784668,32.5,1165000,0.0,0.0
2022-01-10 00:00:00-05:00,32.349998474121094,32.4900016784668,31.520000457763672,31.969999313354492,1698700,0.0,0.0
2022-01-11 00:00:00-05:00,32.0,32.599998474121094,31.729999542236328,32.59000015258789,1350800,0.0,0.0
2022-01-12 00:00:00-05:00,32.720001220703125,32.994998931884766,32.400001525878906,32.900001525878906,2203100,0.0,0.0
2022-01-13 00:00:00-05:00,33.0,33.40999984741211,32.93000030517578,33.220001220703125,1777900,0.0,0.0
2022-01-14 00:00:00-05:00,32.849998474121094,33.15999984741211,32.3650016784668,32.7400016784668,2339000,0.0,0.0
2022-01-18 00:00:00-05:00,32.0,32.119998931884766,31.1299991607666,31.90999984741211,3942300,0.0,0.0
2022-01-19 00:00:00-05:00,32.040000915527344,32.06999969482422,31.389999389648438,31.389999389648438,1243200,0.0,0.0
2022-01-20 00:00:00-05:00,31.329999923706055,31.649999618530273,30.459999084472656,30.489999771118164,2096100,0.0,0.0
2022-01-21 00:00:00-05:00,30.420000076293945,30.889999389648438,30.190000534057617,30.299999237060547,2759700,0.0,0.0
2022-01-24 00:00:00-05:00,29.700000762939453,30.155000686645508,29.149999618530273,30.020000457763672,2386200,0.0,0.0
2022-01-25 00:00:00-05:00,29.450000762939453,29.719999313354492,28.520000457763672,29.440000534057617,2779200,0.0,0.0
2022-01-26 00:00:00-05:00,29.809999465942383,30.104999542236328,29.100000381469727,29.280000686645508,2459400,0.0,0.0
2022-01-27 00:00:00-05:00,29.549999237060547,29.760000228881836,28.1200008392334,28.739999771118164,4369600,0.0,0.0
2022-01-28 00:00:00-05:00,28.700000762939453,28.90999984741211,27.940000534057617,28.899999618530273,2262700,0.0,0.0
2022-01-31 00:00:00-05:00,28.709999084472656,29.639999389648438,28.579999923706055,29.610000610351562,2718000,0.0,0.0
2022-02-01 00:00:00-05:00,28.780000686645508,29.649999618530273,28.360000610351562,29.110000610351562,7049200,0.0,0.0
2022-02-02 00:00:00-05:00,28.84000015258789,29.690000534057617,28.489999771118164,29.3799991607666,3630300,0.0,0.0
2022-02-03 00:00:00-05:00,29.1200008392334,29.59000015258789,28.985000610351562,29.049999237060547,2778600,0.0,0.0
2022-02-04 00:00:00-05:00,28.719999313354492,29.06999969482422,28.440000534057617,28.450000762939453,3433700,0.0,0.0
2022-02-07 00:00:00-05:00,28.565000534057617,28.774999618530273,28.3799991607666,28.420000076293945,2582300,0.0,0.0
2022-02-08 00:00:00-05:00,28.5,28.979999542236328,28.420000076293945,28.899999618530273,2461900,0.0,0.0
2022-02-09 00:00:00-05:00,29.420000076293945,30.18000030517578,29.3700008392334,29.899999618530273,3514000,0.0,0.0
2022-02-10 00:00:00-05:00,29.524999618530273,30.309999465942383,29.325000762939453,29.40999984741211,2535600,0.0,0.0
2022-02-11 00:00:00-05:00,29.309999465942383,29.514999389648438,28.1299991607666,28.200000762939453,3131600,0.0,0.0
2022-02-14 00:00:00-05:00,28.290000915527344,28.549999237060547,27.885000228881836,28.110000610351562,2658700,0.0,0.0
2022-02-15 00:00:00-05:00,28.5,28.989999771118164,28.5,28.81999969482422,2513400,0.0,0.0
2022-02-16 00:00:00-05:00,28.850000381469727,29.045000076293945,28.40999984741211,28.90999984741211,1172000,0.0,0.0
2022-02-17 00:00:00-05:00,28.84000015258789,29.030000686645508,28.540000915527344,28.6299991607666,1580400,0.0,0.0
2022-02-18 00:00:00-05:00,28.739999771118164,29.1200008392334,28.68000030517578,28.90999984741211,1909600,0.0,0.0
2022-02-22 00:00:00-05:00,28.760000228881836,28.899999618530273,28.040000915527344,28.31999969482422,1807900,0.0,0.0
2022-02-23 00:00:00-05:00,28.530000686645508,28.56999969482422,27.579999923706055,27.65999984741211,1948100,0.0,0.0
2022-02-24 00:00:00-05:00,27.0,27.219999313354492,26.290000915527344,26.770000457763672,5482400,0.0,0.0
2022-02-25 00:00:00-05:00,26.979999542236328,27.84000015258789,26.770000457763672,27.780000686645508,2496400,0.0,0.0
2022-02-28 00:00:00-05:00,27.270000457763672,27.3799991607666,26.59000015258789,27.040000915527344,2414700,0.0,0.0
2022-03-01 00:00:00-05:00,26.850000381469727,27.0,25.584999084472656,25.75,3712600,0.0,0.0
2022-03-02 00:00:00-05:00,25.8700008392334,26.5,25.81999969482422,26.170000076293945,2652400,0.0,0.0
2022-03-03 00:00:00-05:00,26.270000457763672,26.450000762939453,25.68000030517578,25.780000686645508,2804400,0.0,0.0
2022-03-04 00:00:00-05:00,25.219999313354492,25.329999923706055,24.350000381469727,24.610000610351562,3370300,0.0,0.0
2022-03-07 00:00:00-05:00,24.31999969482422,24.395000457763672,22.520000457763672,22.56999969482422,7617100,0.0,0.0
2022-03-08 00:00:00-05:00,22.549999237060547,23.729999542236328,21.670000076293945,22.84000015258789,7186500,0.0,0.0
2022-03-09 00:00:00-05:00,23.760000228881836,24.299999237060547,23.40999984741211,23.799999237060547,5064400,0.0,0.0
2022-03-10 00:00:00-05:00,23.329999923706055,23.690000534057617,22.829999923706055,23.600000381469727,3504700,0.0,0.0
2022-03-11 00:00:00-05:00,23.760000228881836,23.93000030517578,23.399999618530273,23.610000610351562,3649600,0.0,0.0
2022-03-14 00:00:00-04:00,24.059999465942383,24.229999542236328,23.56999969482422,23.670000076293945,2877600,0.0,0.0
2022-03-15 00:00:00-04:00,23.739999771118164,24.09000015258789,23.5049991607666,23.75,2241000,0.0,0.0
2022-03-16 00:00:00-04:00,24.010000228881836,24.8700008392334,23.899999618530273,24.530000686645508,2492200,0.0,0.0
2022-03-17 00:00:00-04:00,24.209999084472656,24.559999465942383,24.209999084472656,24.479999542236328,2139700,0.0,0.0
2022-03-18 00:00:00-04:00,24.239999771118164,24.795000076293945,24.014999389648438,24.639999389648438,2412700,0.0,0.0
2022-03-21 00:00:00-04:00,24.719999313354492,24.899999618530273,24.361000061035156,24.690000534057617,3422200,0.0,0.0
2022-03-22 00:00:00-04:00,24.93000030517578,25.274999618530273,24.709999084472656,24.780000686645508,2292000,0.0,0.0
2022-03-23 00:00:00-04:00,24.670000076293945,24.875,24.420000076293945,24.510000228881836,1731600,0.0,0.0
2022-03-24 00:00:00-04:00,24.59000015258789,24.635000228881836,24.299999237060547,24.520000457763672,2089000,0.0,0.0
2022-03-25 00:00:00-04:00,23.739999771118164,24.299999237060547,23.709999084472656,24.139999389648438,2675800,0.0,0.0
2022-03-28 00:00:00-04:00,24.1299991607666,24.385000228881836,23.899999618530273,24.360000610351562,1796800,0.0,0.0
2022-03-29 00:00:00-04:00,25.25,26.110000610351562,25.059999465942383,25.6299991607666,2856600,0.0,0.0
2022-03-30 00:00:00-04:00,25.440000534057617,25.59000015258789,25.059999465942383,25.09000015258789,2150300,0.0,0.0
2022-03-31 00:00:00-04:00,24.989999771118164,25.059999465942383,24.575000762939453,24.579999923706055,1754300,0.0,0.0
2022-04-01 00:00:00-04:00,24.770000457763672,25.049999237060547,24.639999389648438,25.030000686645508,1513800,0.0,0.0
2022-04-04 00:00:00-04:00,24.8799991607666,25.059999465942383,24.639999389648438,24.959999084472656,1200100,0.0,0.0
2022-04-05 00:00:00-04:00,24.860000610351562,24.93000030517578,24.56999969482422,24.700000762939453,1790900,0.0,0.0
2022-04-06 00:00:00-04:00,24.420000076293945,24.655000686645508,24.184999465942383,24.56999969482422,2050800,0.0,0.0
2022-04-07 00:00:00-04:00,24.489999771118164,25.024999618530273,24.06999969482422,24.84000015258789,2158500,0.0,0.0
2022-04-08 00:00:00-04:00,24.959999084472656,25.389999389648438,24.899999618530273,25.049999237060547,2323100,0.0,0.0
2022-04-11 00:00:00-04:00,24.90999984741211,25.530000686645508,24.860000610351562,25.34000015258789,2618900,0.0,0.0
2022-04-12 00:00:00-04:00,25.43000030517578,25.770000457763672,24.915000915527344,25.09000015258789,2684300,0.0,0.0
2022-04-13 00:00:00-04:00,25.149999618530273,25.540000915527344,25.149999618530273,25.5,1672500,0.0,0.0
2022-04-14 00:00:00-04:00,25.600000381469727,25.90999984741211,25.09000015258789,25.1299991607666,2176900,0.0,0.0
2022-04-18 00:00:00-04:00,24.459999084472656,25.16699981689453,24.459999084472656,24.899999618530273,2130000,0.0,0.0
2022-04-19 00:00:00-04:00,24.860000610351562,25.334999084472656,24.719999313354492,25.15999984741211,2476100,0.0,0.0
2022-04-20 00:00:00-04:00,25.360000610351562,25.6200008392334,25.079999923706055,25.280000686645508,5467300,0.0,0.0
2022-04-21 00:00:00-04:00,25.979999542236328,26.020000457763672,25.219999313354492,25.31999969482422,3196900,0.0,0.0
2022-04-22 00:00:00-04:00,25.25,25.559999465942383,24.770000457763672,24.8700008392334,3661700,0.0,0.0
2022-04-25 00:00:00-04:00,24.739999771118164,25.229999542236328,24.204999923706055,25.1200008392334,2779100,0.0,0.0
2022-04-26 00:00:00-04:00,25.989999771118164,26.84000015258789,25.989999771118164,26.239999771118164,5291800,0.0,0.0
2022-04-27 00:00:00-04:00,26.43000030517578,27.3700008392334,26.190000534057617,26.219999313354492,4217200,0.0,0.0
2022-04-28 00:00:00-04:00,26.260000228881836,26.31999969482422,25.735000610351562,26.18000030517578,1756100,0.0,0.0
2022-04-29 00:00:00-04:00,26.09000015258789,26.3799991607666,25.280000686645508,25.3700008392334,2305300,0.0,0.0
2022-05-02 00:00:00-04:00,25.360000610351562,26.280000686645508,25.350000381469727,26.239999771118164,3095700,0.0,0.0
2022-05-03 00:00:00-04:00,26.239999771118164,26.989999771118164,26.190000534057617,26.84000015258789,3174100,0.0,0.0
2022-05-04 00:00:00-04:00,27.010000228881836,27.770000457763672,26.600000381469727,27.760000228881836,2824600,0.0,0.0
2022-05-05 00:00:00-04:00,27.3799991607666,27.540000915527344,26.3700008392334,26.639999389648438,1608300,0.0,0.0
2022-05-06 00:00:00-04:00,26.530000686645508,26.610000610351562,25.56999969482422,25.950000762939453,1779300,0.0,0.0
2022-05-09 00:00:00-04:00,25.709999084472656,26.329999923706055,25.260000228881836,25.309999465942383,2669000,0.0,0.0
2022-05-10 00:00:00-04:00,25.690000534057617,25.81999969482422,24.885000228881836,25.299999237060547,2436100,0.0,0.0
2022-05-11 00:00:00-04:00,25.290000915527344,25.719999313354492,24.860000610351562,24.889999389648438,1892700,0.0,0.0
2022-05-12 00:00:00-04:00,24.75,25.2450008392334,24.59000015258789,25.059999465942383,2599400,0.0,0.0
2022-05-13 00:00:00-04:00,25.270000457763672,25.690000534057617,25.135000228881836,25.360000610351562,2425000,0.0,0.0
2022-05-16 00:00:00-04:00,25.25,25.69499969482422,24.690000534057617,25.489999771118164,1935500,0.0,0.0
2022-05-17 00:00:00-04:00,26.020000457763672,26.610000610351562,25.864999771118164,26.469999313354492,1340200,0.0,0.0
2022-05-18 00:00:00-04:00,26.1200008392334,26.350000381469727,25.450000762939453,25.559999465942383,1722400,0.0,0.0
2022-05-19 00:00:00-04:00,25.34000015258789,26.125,25.21500015258789,25.719999313354492,1355000,0.0,0.0
2022-05-20 00:00:00-04:00,25.950000762939453,26.040000915527344,24.725000381469727,25.1200008392334,2131400,0.0,0.0
2022-05-23 00:00:00-04:00,25.420000076293945,26.110000610351562,25.15999984741211,25.93000030517578,2365100,0.0,0.0
2022-05-24 00:00:00-04:00,25.809999465942383,25.959999084472656,25.020000457763672,25.34000015258789,1417000,0.0,0.0
2022-05-25 00:00:00-04:00,25.260000228881836,26.014999389648438,25.25,25.8700008392334,1177800,0.0,0.0
2022-05-26 00:00:00-04:00,26.010000228881836,27.170000076293945,25.989999771118164,26.989999771118164,3188500,0.0,0.0
2022-05-27 00:00:00-04:00,27.200000762939453,27.8799991607666,27.1299991607666,27.799999237060547,2449100,0.0,0.0
2022-05-31 00:00:00-04:00,27.459999084472656,27.739999771118164,26.8799991607666,27.15999984741211,2610400,0.0,0.0
2022-06-01 00:00:00-04:00,27.1200008392334,27.440000534057617,26.520000457763672,26.989999771118164,2305700,0.0,0.0
2022-06-02 00:00:00-04:00,27.229999542236328,27.8799991607666,26.93000030517578,27.770000457763672,2192600,0.0,0.0
2022-06-03 00:00:00-04:00,27.450000762939453,27.649999618530273,27.0049991607666,27.200000762939453,2695700,0.0,0.0
2022-06-06 00:00:00-04:00,27.639999389648438,28.559999465942383,27.479999542236328,28.079999923706055,6124400,0.0,0.0
2022-06-07 00:00:00-04:00,27.729999542236328,28.420000076293945,27.6200008392334,28.110000610351562,2447500,0.0,0.0
2022-06-08 00:00:00-04:00,27.93000030517578,28.280000686645508,27.30500030517578,27.520000457763672,1888400,0.0,0.0
2022-06-09 00:00:00-04:00,27.360000610351562,27.674999237060547,27.110000610351562,27.1200008392334,1664900,0.0,0.0
2022-06-10 00:00:00-04:00,26.450000762939453,26.65999984741211,25.56999969482422,25.6200008392334,1670000,0.0,0.0
2022-06-13 00:00:00-04:00,25.030000686645508,25.190000534057617,23.989999771118164,24.139999389648438,1892300,0.0,0.0
2022-06-14 00:00:00-04:00,24.09000015258789,24.334999084472656,23.670000076293945,24.200000762939453,3240800,0.0,0.0
2022-06-15 00:00:00-04:00,24.649999618530273,24.850000381469727,23.770000457763672,24.15999984741211,3693700,0.0,0.0
2022-06-16 00:00:00-04:00,23.25,23.3700008392334,22.350000381469727,22.760000228881836,2715100,0.0,0.0
2022-06-17 00:00:00-04:00,22.719999313354492,23.510000228881836,22.510000228881836,23.350000381469727,2411400,0.0,0.0
2022-06-21 00:00:00-04:00,23.670000076293945,23.760000228881836,23.200000762939453,23.299999237060547,2073700,0.0,0.0
2022-06-22 00:00:00-04:00,22.860000610351562,23.6299991607666,22.860000610351562,23.280000686645508,1847500,0.0,0.0
2022-06-23 00:00:00-04:00,23.260000228881836,23.389999389648438,22.704999923706055,23.18000030517578,1983900,0.0,0.0
2022-06-24 00:00:00-04:00,23.280000686645508,24.579999923706055,23.280000686645508,24.450000762939453,3825400,0.0,0.0
2022-06-27 00:00:00-04:00,24.450000762939453,24.600000381469727,24.18000030517578,24.360000610351562,1583100,0.0,0.0
2022-06-28 00:00:00-04:00,24.420000076293945,24.75,23.670000076293945,23.700000762939453,1943100,0.0,0.0
2022-06-29 00:00:00-04:00,23.6200008392334,23.6200008392334,22.844999313354492,23.170000076293945,1603600,0.0,0.0
2022-06-30 00:00:00-04:00,22.899999618530273,22.920000076293945,21.989999771118164,22.110000610351562,5984400,0.0,0.0
2022-07-01 00:00:00-04:00,21.920000076293945,22.530000686645508,21.6299991607666,22.40999984741211,3991500,0.0,0.0
2022-07-05 00:00:00-04:00,21.850000381469727,22.7450008392334,21.440000534057617,22.690000534057617,2284800,0.0,0.0
2022-07-06 00:00:00-04:00,22.75,23.030000686645508,22.229999542236328,22.729999542236328,1785600,0.0,0.0
2022-07-07 00:00:00-04:00,23.010000228881836,23.219999313354492,22.6200008392334,23.0,1485000,0.0,0.0
2022-07-08 00:00:00-04:00,23.079999923706055,23.329999923706055,22.760000228881836,23.020000457763672,1840100,0.0,0.0
2022-07-11 00:00:00-04:00,22.729999542236328,23.049999237060547,22.510000228881836,22.68000030517578,1296700,0.0,0.0
2022-07-12 00:00:00-04:00,22.59000015258789,23.5,22.59000015258789,23.030000686645508,1265300,0.0,0.0
2022-07-13 00:00:00-04:00,22.59000015258789,23.03499984741211,22.354999542236328,22.969999313354492,1596100,0.0,0.0
2022-07-14 00:00:00-04:00,22.559999465942383,22.989999771118164,22.309999465942383,22.959999084472656,1364900,0.0,0.0
2022-07-15 00:00:00-04:00,23.40999984741211,23.65999984741211,22.979999542236328,23.270000457763672,2661600,0.0,0.0
2022-07-18 00:00:00-04:00,23.389999389648438,23.639999389648438,22.950000762939453,23.059999465942383,1661700,0.0,0.0
2022-07-19 00:00:00-04:00,23.540000915527344,24.219999313354492,23.540000915527344,24.1299991607666,1785900,0.0,0.0
2022-07-20 00:00:00-04:00,24.59000015258789,24.65999984741211,24.075000762939453,24.450000762939453,2737700,0.0,0.0
2022-07-21 00:00:00-04:00,24.299999237060547,25.420000076293945,24.18000030517578,25.3799991607666,2563600,0.0,0.0
2022-07-22 00:00:00-04:00,25.729999542236328,26.31999969482422,25.709999084472656,26.09000015258789,3283900,0.0,0.0
2022-07-25 00:00:00-04:00,26.1299991607666,26.190000534057617,25.709999084472656,25.989999771118164,2476800,0.0,0.0
2022-07-26 00:00:00-04:00,25.760000228881836,25.975000381469727,25.450000762939453,25.670000076293945,2994100,0.0,0.0
2022-07-27 00:00:00-04:00,24.139999389648438,25.3799991607666,23.190000534057617,24.59000015258789,7500600,0.0,0.0
2022-07-28 00:00:00-04:00,24.81999969482422,25.219999313354492,24.469999313354492,25.200000762939453,2642500,0.0,0.0
2022-07-29 00:00:00-04:00,25.280000686645508,25.5049991607666,25.010000228881836,25.219999313354492,1689500,0.0,0.0
2022-08-01 00:00:00-04:00,25.020000457763672,25.450000762939453,24.940000534057617,25.229999542236328,2332300,0.0,0.0
2022-08-02 00:00:00-04:00,25.239999771118164,25.46500015258789,24.809999465942383,25.270000457763672,2447200,0.0,0.0
2022-08-03 00:00:00-04:00,25.579999923706055,25.579999923706055,24.90999984741211,25.389999389648438,3006000,0.0,0.0
2022-08-04 00:00:00-04:00,25.520000457763672,25.610000610351562,25.219999313354492,25.329999923706055,1592000,0.0,0.0
2022-08-05 00:00:00-04:00,25.09000015258789,25.625,24.940000534057617,25.440000534057617,1720900,0.0,0.0
2022-08-08 00:00:00-04:00,25.649999618530273,26.059999465942383,25.549999237060547,25.6200008392334,1784600,0.0,0.0
2022-08-09 00:00:00-04:00,25.510000228881836,25.510000228881836,25.0,25.030000686645508,1576300,0.0,0.0
2022-08-10 00:00:00-04:00,25.6200008392334,26.389999389648438,25.5,26.110000610351562,1783500,0.0,0.0
2022-08-11 00:00:00-04:00,26.459999084472656,26.709999084472656,26.219999313354492,26.440000534057617,1370200,0.0,0.0
2022-08-12 00:00:00-04:00,26.75,26.75,26.475000381469727,26.739999771118164,2972000,0.0,0.0
2022-08-15 00:00:00-04:00,26.549999237060547,26.979999542236328,26.489999771118164,26.790000915527344,4807500,0.0,0.0
2022-08-16 00:00:00-04:00,26.540000915527344,27.190000534057617,26.469999313354492,27.059999465942383,1886100,0.0,0.0
2022-08-17 00:00:00-04:00,26.6299991607666,26.799999237060547,26.040000915527344,26.200000762939453,1103600,0.0,0.0
2022-08-18 00:00:00-04:00,26.1299991607666,26.270000457763672,25.959999084472656,26.0,1619500,0.0,0.0
2022-08-19 00:00:00-04:00,25.799999237060547,25.850000381469727,25.469999313354492,25.75,1157900,0.0,0.0
2022-08-22 00:00:00-04:00,25.31999969482422,25.389999389648438,25.059999465942383,25.1299991607666,1537000,0.0,0.0
2022-08-23 00:00:00-04:00,25.209999084472656,25.405000686645508,25.020000457763672,25.079999923706055,1108900,0.0,0.0
2022-08-24 00:00:00-04:00,25.09000015258789,25.309999465942383,24.924999237060547,25.06999969482422,882900,0.0,0.0
2022-08-25 00:00:00-04:00,25.200000762939453,25.950000762939453,25.19499969482422,25.940000534057617,917300,0.0,0.0
2022-08-26 00:00:00-04:00,26.049999237060547,26.1200008392334,24.979999542236328,25.030000686645508,888600,0.0,0.0
2022-08-29 00:00:00-04:00,24.68000030517578,25.235000610351562,24.459999084472656,25.049999237060547,1397500,0.0,0.0
2022-08-30 00:00:00-04:00,25.280000686645508,25.575000762939453,25.049999237060547,25.459999084472656,1244600,0.0,0.0
2022-08-31 00:00:00-04:00,25.639999389648438,25.989999771118164,25.260000228881836,25.75,3886200,0.0,0.0
2022-09-01 00:00:00-04:00,25.520000457763672,25.700000762939453,25.030000686645508,25.40999984741211,2561500,0.0,0.0
2022-09-02 00:00:00-04:00,25.81999969482422,25.854999542236328,24.69499969482422,24.850000381469727,1338300,0.0,0.0
2022-09-06 00:00:00-04:00,24.989999771118164,25.149999618530273,24.56999969482422,24.610000610351562,1760300,0.0,0.0
2022-09-07 00:00:00-04:00,24.739999771118164,25.889999389648438,24.670000076293945,25.790000915527344,1272300,0.0,0.0
2022-09-08 00:00:00-04:00,25.520000457763672,25.979999542236328,25.350000381469727,25.889999389648438,874100,0.0,0.0
2022-09-09 00:00:00-04:00,26.059999465942383,26.059999465942383,25.725000381469727,26.030000686645508,1591400,0.0,0.0
2022-09-12 00:00:00-04:00,26.15999984741211,26.719999313354492,26.155000686645508,26.709999084472656,1482600,0.0,0.0
2022-09-13 00:00:00-04:00,25.8799991607666,26.09000015258789,25.299999237060547,25.3799991607666,1162900,0.0,0.0
2022-09-14 00:00:00-04:00,25.170000076293945,25.459999084472656,24.549999237060547,24.940000534057617,1715200,0.0,0.0
2022-09-15 00:00:00-04:00,24.84000015258789,25.584999084472656,24.799999237060547,24.940000534057617,1195500,0.0,0.0
2022-09-16 00:00:00-04:00,24.5,24.579999923706055,23.996000289916992,24.1299991607666,3167900,0.0,0.0
2022-09-19 00:00:00-04:00,23.90999984741211,24.770000457763672,23.90999984741211,24.549999237060547,1400300,0.0,0.0
2022-09-20 00:00:00-04:00,24.229999542236328,24.360000610351562,23.875,24.040000915527344,2157100,0.0,0.0
2022-09-21 00:00:00-04:00,24.06999969482422,24.200000762939453,23.469999313354492,23.489999771118164,1614900,0.0,0.0
2022-09-22 00:00:00-04:00,23.360000610351562,23.3799991607666,22.65999984741211,22.670000076293945,2191700,0.0,0.0
2022-09-23 00:00:00-04:00,22.31999969482422,22.350000381469727,21.93000030517578,22.299999237060547,1988100,0.0,0.0
2022-09-26 00:00:00-04:00,22.1299991607666,22.31999969482422,21.5049991607666,22.020000457763672,2806100,0.0,0.0
2022-09-27 00:00:00-04:00,22.209999084472656,22.43000030517578,21.405000686645508,21.68000030517578,3059400,0.0,0.0
2022-09-28 00:00:00-04:00,21.899999618530273,22.200000762939453,21.670000076293945,22.100000381469727,2824100,0.0,0.0
2022-09-29 00:00:00-04:00,21.670000076293945,21.8799991607666,20.950000762939453,21.309999465942383,2957200,0.0,0.0
2022-09-30 00:00:00-04:00,21.170000076293945,21.639999389648438,21.040000915527344,21.059999465942383,2209900,0.0,0.0
2022-10-03 00:00:00-04:00,21.280000686645508,22.239999771118164,21.155000686645508,22.079999923706055,1979100,0.0,0.0
2022-10-04 00:00:00-04:00,22.43000030517578,23.5,22.43000030517578,23.360000610351562,2791300,0.0,0.0
2022-10-05 00:00:00-04:00,22.889999389648438,23.55500030517578,22.799999237060547,23.3799991607666,1636700,0.0,0.0
2022-10-06 00:00:00-04:00,23.299999237060547,23.56999969482422,23.190000534057617,23.329999923706055,2387500,0.0,0.0
2022-10-07 00:00:00-04:00,23.010000228881836,23.219999313354492,21.979999542236328,22.06999969482422,2361700,0.0,0.0
2022-10-10 00:00:00-04:00,21.829999923706055,21.90999984741211,20.65999984741211,21.270000457763672,3483000,0.0,0.0
2022-10-11 00:00:00-04:00,21.110000610351562,21.84000015258789,20.889999389648438,21.579999923706055,2292500,0.0,0.0
2022-10-12 00:00:00-04:00,21.6299991607666,21.6299991607666,21.170000076293945,21.280000686645508,2522200,0.0,0.0
2022-10-13 00:00:00-04:00,20.989999771118164,22.489999771118164,20.68000030517578,22.350000381469727,2593200,0.0,0.0
2022-10-14 00:00:00-04:00,22.549999237060547,22.81999969482422,21.825000762939453,22.020000457763672,1948600,0.0,0.0
2022-10-17 00:00:00-04:00,22.579999923706055,22.8700008392334,22.424999237060547,22.700000762939453,1602800,0.0,0.0
2022-10-18 00:00:00-04:00,23.329999923706055,23.559999465942383,23.149999618530273,23.329999923706055,1497400,0.0,0.0
2022-10-19 00:00:00-04:00,23.079999923706055,23.235000610351562,22.665000915527344,22.93000030517578,1642200,0.0,0.0
2022-10-20 00:00:00-04:00,22.93000030517578,23.68000030517578,22.625,22.780000686645508,2635400,0.0,0.0
2022-10-21 00:00:00-04:00,22.450000762939453,23.610000610351562,22.420000076293945,23.559999465942383,2819900,0.0,0.0
2022-10-24 00:00:00-04:00,23.780000686645508,23.780000686645508,23.1299991607666,23.540000915527344,2048800,0.0,0.0
2022-10-25 00:00:00-04:00,23.90999984741211,23.94499969482422,23.6299991607666,23.809999465942383,3315700,0.0,0.0
2022-10-26 00:00:00-04:00,24.049999237060547,24.559999465942383,23.18000030517578,23.790000915527344,3734300,0.0,0.0
2022-10-27 00:00:00-04:00,23.920000076293945,24.190000534057617,23.639999389648438,23.690000534057617,3415500,0.0,0.0
2022-10-28 00:00:00-04:00,23.399999618530273,23.915000915527344,23.3799991607666,23.81999969482422,2146500,0.0,0.0
2022-10-31 00:00:00-04:00,23.770000457763672,23.8799991607666,23.290000915527344,23.31999969482422,2240500,0.0,0.0
2022-11-01 00:00:00-04:00,23.65999984741211,23.815000534057617,23.354999542236328,23.65999984741211,1657400,0.0,0.0
2022-11-02 00:00:00-04:00,23.540000915527344,23.799999237060547,22.760000228881836,22.780000686645508,1651400,0.0,0.0
2022-11-03 00:00:00-04:00,22.3799991607666,23.15999984741211,22.1200008392334,22.90999984741211,1384800,0.0,0.0
2022-11-04 00:00:00-04:00,23.389999389648438,23.969999313354492,23.264999389648438,23.889999389648438,2701600,0.0,0.0
2022-11-07 00:00:00-05:00,24.139999389648438,24.459999084472656,23.760000228881836,24.440000534057617,1210700,0.0,0.0
2022-11-08 00:00:00-05:00,24.700000762939453,24.989999771118164,24.46500015258789,24.770000457763672,1767000,0.0,0.0
2022-11-09 00:00:00-05:00,24.530000686645508,24.59000015258789,23.979999542236328,24.1200008392334,2646200,0.0,0.0
2022-11-10 00:00:00-05:00,25.0,25.84000015258789,24.899999618530273,25.790000915527344,3319400,0.0,0.0
2022-11-11 00:00:00-05:00,26.0,26.799999237060547,25.8700008392334,26.739999771118164,2703100,0.0,0.0
2022-11-14 00:00:00-05:00,26.59000015258789,26.729999542236328,25.905000686645508,25.950000762939453,2119700,0.0,0.0
2022-11-15 00:00:00-05:00,26.31999969482422,26.68000030517578,25.940000534057617,26.209999084472656,1811400,0.0,0.0
2022-11-16 00:00:00-05:00,26.040000915527344,26.219999313354492,25.610000610351562,25.65999984741211,2475400,0.0,0.0
2022-11-17 00:00:00-05:00,25.219999313354492,25.575000762939453,25.09000015258789,25.5,1726900,0.0,0.0
2022-11-18 00:00:00-05:00,25.81999969482422,26.059999465942383,25.524999618530273,25.989999771118164,1542600,0.0,0.0
2022-11-21 00:00:00-05:00,25.760000228881836,26.139999389648438,25.649999618530273,25.790000915527344,1742600,0.0,0.0
2022-11-22 00:00:00-05:00,26.030000686645508,26.360000610351562,25.940000534057617,26.350000381469727,1387800,0.0,0.0
2022-11-23 00:00:00-05:00,26.399999618530273,26.860000610351562,26.399999618530273,26.75,1310100,0.0,0.0
2022-11-25 00:00:00-05:00,26.6200008392334,26.815000534057617,26.549999237060547,26.799999237060547,427400,0.0,0.0
2022-11-28 00:00:00-05:00,26.510000228881836,26.600000381469727,25.989999771118164,26.06999969482422,2473600,0.0,0.0
2022-11-29 00:00:00-05:00,26.200000762939453,26.270000457763672,25.860000610351562,25.93000030517578,967200,0.0,0.0
2022-11-30 00:00:00-05:00,25.829999923706055,26.850000381469727,25.690000534057617,26.84000015258789,1204700,0.0,0.0
2022-12-01 00:00:00-05:00,26.90999984741211,27.25,26.684999465942383,26.780000686645508,1593800,0.0,0.0
2022-12-02 00:00:00-05:00,26.40999984741211,27.100000381469727,26.280000686645508,26.989999771118164,1186500,0.0,0.0
2022-12-05 00:00:00-05:00,26.600000381469727,27.149999618530273,26.510000228881836,26.649999618530273,1923600,0.0,0.0
2022-12-06 00:00:00-05:00,26.850000381469727,26.959999084472656,26.1200008392334,26.399999618530273,1854800,0.0,0.0
2022-12-07 00:00:00-05:00,26.3799991607666,26.479999542236328,26.049999237060547,26.100000381469727,737500,0.0,0.0
2022-12-08 00:00:00-05:00,26.389999389648438,26.40999984741211,25.399999618530273,25.639999389648438,3251600,0.0,0.0
2022-12-09 00:00:00-05:00,25.610000610351562,26.049999237060547,25.579999923706055,25.6200008392334,1711400,0.0,0.0
2022-12-12 00:00:00-05:00,25.610000610351562,25.920000076293945,25.46500015258789,25.920000076293945,1573200,0.0,0.0
2022-12-13 00:00:00-05:00,26.829999923706055,27.059999465942383,26.295000076293945,26.709999084472656,1561000,0.0,0.0
2022-12-14 00:00:00-05:00,26.760000228881836,27.1200008392334,26.5,26.690000534057617,1702800,0.0,0.0
2022-12-15 00:00:00-05:00,26.190000534057617,26.280000686645508,25.56999969482422,25.6200008392334,1465500,0.0,0.0
2022-12-16 00:00:00-05:00,25.329999923706055,25.53499984741211,25.100000381469727,25.489999771118164,1779300,0.0,0.0
2022-12-19 00:00:00-05:00,25.450000762939453,25.579999923706055,24.96500015258789,25.020000457763672,1274300,0.0,0.0
2022-12-20 00:00:00-05:00,24.860000610351562,25.485000610351562,24.860000610351562,25.31999969482422,1317200,0.0,0.0
2022-12-21 00:00:00-05:00,25.559999465942383,25.954999923706055,25.524999618530273,25.84000015258789,874800,0.0,0.0
2022-12-22 00:00:00-05:00,25.40999984741211,25.594999313354492,25.170000076293945,25.579999923706055,1040000,0.0,0.0
2022-12-23 00:00:00-05:00,25.459999084472656,25.739999771118164,25.3799991607666,25.670000076293945,591900,0.0,0.0
2022-12-27 00:00:00-05:00,25.610000610351562,25.790000915527344,25.545000076293945,25.6299991607666,1826700,0.0,0.0
2022-12-28 00:00:00-05:00,25.670000076293945,25.895000457763672,25.274999618530273,25.31999969482422,1037100,0.0,0.0
2022-12-29 00:00:00-05:00,25.440000534057617,25.829999923706055,25.360000610351562,25.59000015258789,927900,0.0,0.0
2022-12-30 00:00:00-05:00,25.31999969482422,25.559999465942383,25.190000534057617,25.469999313354492,1575600,0.0,0.0
2023-01-03 00:00:00-05:00,25.75,25.829999923706055,25.360000610351562,25.6299991607666,1739600,0.0,0.0
2023-01-04 00:00:00-05:00,25.889999389648438,26.610000610351562,25.889999389648438,26.43000030517578,2176300,0.0,0.0
2023-01-05 00:00:00-05:00,26.100000381469727,26.1200008392334,25.31999969482422,25.329999923706055,2274400,0.0,0.0
2023-01-06 00:00:00-05:00,25.5,26.65999984741211,25.5,26.530000686645508,2030600,0.0,0.0
2023-01-09 00:00:00-05:00,26.610000610351562,27.01799964904785,26.09000015258789,26.6200008392334,3753100,0.0,0.0
2023-01-10 00:00:00-05:00,26.489999771118164,27.09000015258789,26.350000381469727,26.920000076293945,2023700,0.0,0.0
2023-01-11 00:00:00-05:00,27.459999084472656,27.524999618530273,27.15999984741211,27.450000762939453,1680400,0.0,0.0
2023-01-12 00:00:00-05:00,27.84000015258789,28.0,27.55500030517578,27.610000610351562,3580300,0.0,0.0
2023-01-13 00:00:00-05:00,27.3700008392334,27.440000534057617,27.079999923706055,27.270000457763672,3330800,0.0,0.0
2023-01-17 00:00:00-05:00,27.309999465942383,27.450000762939453,26.915000915527344,27.010000228881836,1367400,0.0,0.0
2023-01-18 00:00:00-05:00,27.139999389648438,27.59000015258789,27.010000228881836,27.059999465942383,4736100,0.0,0.0
2023-01-19 00:00:00-05:00,26.719999313354492,26.780000686645508,26.079999923706055,26.079999923706055,1769400,0.0,0.0
2023-01-20 00:00:00-05:00,26.360000610351562,27.5049991607666,26.299999237060547,27.399999618530273,2762000,0.0,0.0
2023-01-23 00:00:00-05:00,27.34000015258789,27.96500015258789,27.239999771118164,27.8799991607666,3251300,0.0,0.0
2023-01-24 00:00:00-05:00,27.639999389648438,27.8700008392334,27.299999237060547,27.530000686645508,2034800,0.0,0.0
2023-01-25 00:00:00-05:00,27.18000030517578,27.469999313354492,27.0,27.43000030517578,2266600,0.0,0.0
2023-01-26 00:00:00-05:00,27.729999542236328,28.93000030517578,27.5,28.760000228881836,5253000,0.0,0.0
2023-01-27 00:00:00-05:00,28.84000015258789,29.489999771118164,28.670000076293945,29.270000457763672,3888900,0.0,0.0
2023-01-30 00:00:00-05:00,29.8799991607666,30.010000228881836,29.43000030517578,29.540000915527344,3002400,0.0,0.0
2023-01-31 00:00:00-05:00,29.649999618530273,30.190000534057617,29.459999084472656,30.100000381469727,2449900,0.0,0.0
2023-02-01 00:00:00-05:00,29.889999389648438,30.649999618530273,29.889999389648438,30.350000381469727,2157400,0.0,0.0
2023-02-02 00:00:00-05:00,30.510000228881836,30.799999237060547,30.239999771118164,30.450000762939453,2165400,0.0,0.0
2023-02-03 00:00:00-05:00,30.0,30.344999313354492,29.799999237060547,30.1299991607666,2205400,0.0,0.0
2023-02-06 00:00:00-05:00,29.790000915527344,29.979999542236328,29.559999465942383,29.90999984741211,1419400,0.0,0.0
2023-02-07 00:00:00-05:00,29.75,30.25,29.5,30.209999084472656,2005400,0.0,0.0
2023-02-08 00:00:00-05:00,29.899999618530273,30.100000381469727,29.459999084472656,29.530000686645508,1780700,0.0,0.0
2023-02-09 00:00:00-05:00,29.760000228881836,29.988000869750977,29.25,29.290000915527344,1119200,0.0,0.0
2023-02-10 00:00:00-05:00,29.110000610351562,29.18000030517578,28.740999221801758,29.059999465942383,1194700,0.0,0.0
2023-02-13 00:00:00-05:00,29.149999618530273,29.5,29.010000228881836,29.270000457763672,1160300,0.0,0.0
2023-02-14 00:00:00-05:00,29.18000030517578,29.635000228881836,29.155000686645508,29.43000030517578,2605400,0.0,0.0
2023-02-15 00:00:00-05:00,29.25,29.729999542236328,29.19499969482422,29.549999237060547,1030000,0.0,0.0
2023-02-16 00:00:00-05:00,28.989999771118164,29.489999771118164,28.8799991607666,28.969999313354492,1505400,0.0,0.0
2023-02-17 00:00:00-05:00,29.420000076293945,29.420000076293945,28.899999618530273,29.3799991607666,2070200,0.0,0.0
2023-02-21 00:00:00-05:00,28.959999084472656,29.18000030517578,28.43000030517578,28.489999771118164,1536700,0.0,0.0
2023-02-22 00:00:00-05:00,28.610000610351562,28.860000610351562,28.43000030517578,28.760000228881836,1328300,0.0,0.0
2023-02-23 00:00:00-05:00,28.959999084472656,29.079999923706055,28.389999389648438,28.790000915527344,1331200,0.0,0.0
2023-02-24 00:00:00-05:00,28.440000534057617,29.28499984741211,28.190000534057617,29.079999923706055,1598900,0.0,0.0
2023-02-27 00:00:00-05:00,29.489999771118164,29.719999313354492,29.31999969482422,29.65999984741211,1453400,0.0,0.0
2023-02-28 00:00:00-05:00,29.719999313354492,30.270000457763672,29.610000610351562,29.799999237060547,1547500,0.0,0.0
2023-03-01 00:00:00-05:00,29.670000076293945,30.299999237060547,29.6299991607666,30.170000076293945,1493000,0.0,0.0
2023-03-02 00:00:00-05:00,29.979999542236328,30.850000381469727,29.790000915527344,30.690000534057617,1749600,0.0,0.0
2023-03-03 00:00:00-05:00,30.950000762939453,31.06999969482422,30.579999923706055,31.049999237060547,1544500,0.0,0.0
2023-03-06 00:00:00-05:00,32.25,32.560001373291016,31.0049991607666,31.09000015258789,6767400,0.0,0.0
2023-03-07 00:00:00-05:00,30.940000534057617,31.469999313354492,30.549999237060547,30.799999237060547,2710800,0.0,0.0
2023-03-08 00:00:00-05:00,30.8700008392334,31.229999542236328,30.799999237060547,31.059999465942383,2772200,0.0,0.0
2023-03-09 00:00:00-05:00,31.030000686645508,31.520000457763672,29.934999465942383,30.030000686645508,2986600,0.0,0.0
2023-03-10 00:00:00-05:00,30.1200008392334,30.204999923706055,29.229999542236328,29.56999969482422,2942000,0.0,0.0
2023-03-13 00:00:00-04:00,29.110000610351562,29.579999923706055,28.959999084472656,29.020000457763672,2981300,0.0,0.0
2023-03-14 00:00:00-04:00,29.610000610351562,30.040000915527344,29.079999923706055,29.530000686645508,4429800,0.0,0.0
2023-03-15 00:00:00-04:00,28.559999465942383,28.790000915527344,27.610000610351562,27.81999969482422,6074700,0.0,0.0
2023-03-16 00:00:00-04:00,28.15999984741211,28.559999465942383,27.729999542236328,28.40999984741211,6122200,0.0,0.0
2023-03-17 00:00:00-04:00,28.15999984741211,28.280000686645508,27.565000534057617,27.850000381469727,34854700,0.0,0.0
2023-03-20 00:00:00-04:00,28.059999465942383,28.295000076293945,27.7450008392334,27.889999389648438,3107600,0.0,0.0
2023-03-21 00:00:00-04:00,28.350000381469727,28.729999542236328,28.295000076293945,28.540000915527344,1885600,0.0,0.0
2023-03-22 00:00:00-04:00,28.389999389648438,28.665000915527344,27.899999618530273,27.920000076293945,1784300,0.0,0.0
2023-03-23 00:00:00-04:00,27.940000534057617,28.674999237060547,27.69499969482422,28.010000228881836,2290600,0.0,0.0
2023-03-24 00:00:00-04:00,27.729999542236328,28.18000030517578,27.209999084472656,28.100000381469727,2261400,0.0,0.0
2023-03-27 00:00:00-04:00,28.43000030517578,28.55500030517578,28.110000610351562,28.40999984741211,1245600,0.0,0.0
2023-03-28 00:00:00-04:00,28.350000381469727,28.709999084472656,28.280000686645508,28.700000762939453,1481200,0.0,0.0
2023-03-29 00:00:00-04:00,29.1200008392334,29.385000228881836,28.920000076293945,29.229999542236328,1737200,0.0,0.0
2023-03-30 00:00:00-04:00,29.610000610351562,29.739999771118164,29.364999771118164,29.469999313354492,1877300,0.0,0.0
2023-03-31 00:00:00-04:00,29.440000534057617,30.31999969482422,29.440000534057617,30.290000915527344,1996300,0.0,0.0
2023-04-03 00:00:00-04:00,31.020000457763672,31.6299991607666,30.690000534057617,31.1200008392334,3386800,0.0,0.0
2023-04-04 00:00:00-04:00,31.059999465942383,31.1299991607666,29.934999465942383,30.09000015258789,2071000,0.0,0.0
2023-04-05 00:00:00-04:00,29.780000686645508,30.190000534057617,29.6200008392334,30.149999618530273,2491400,0.0,0.0
2023-04-06 00:00:00-04:00,29.829999923706055,30.350000381469727,29.829999923706055,30.350000381469727,2231300,0.0,0.0
2023-04-10 00:00:00-04:00,30.229999542236328,30.53499984741211,29.774999618530273,29.920000076293945,3046800,0.0,0.0
2023-04-11 00:00:00-04:00,30.299999237060547,30.610000610351562,30.0,30.450000762939453,2368300,0.0,0.0
2023-04-12 00:00:00-04:00,30.860000610351562,30.860000610351562,30.434999465942383,30.5,2916000,0.0,0.0
2023-04-13 00:00:00-04:00,31.0,31.614999771118164,30.975000381469727,31.450000762939453,4203200,0.0,0.0
2023-04-14 00:00:00-04:00,31.3799991607666,31.5,30.829999923706055,31.1200008392334,3352700,0.0,0.0
2023-04-17 00:00:00-04:00,31.149999618530273,31.6299991607666,31.084999084472656,31.579999923706055,1709400,0.0,0.0
2023-04-18 00:00:00-04:00,31.68000030517578,31.850000381469727,31.299999237060547,31.549999237060547,1650400,0.0,0.0
2023-04-19 00:00:00-04:00,31.530000686645508,31.6299991607666,31.27199935913086,31.56999969482422,1765600,0.0,0.0
2023-04-20 00:00:00-04:00,31.299999237060547,31.770000457763672,31.229999542236328,31.719999313354492,3810300,0.0,0.0
2023-04-21 00:00:00-04:00,32.119998931884766,32.27000045776367,31.30500030517578,31.399999618530273,2046700,0.0,0.0
2023-04-24 00:00:00-04:00,31.559999465942383,31.81999969482422,31.479999542236328,31.729999542236328,2382900,0.0,0.0
2023-04-25 00:00:00-04:00,31.299999237060547,31.540000915527344,30.790000915527344,30.829999923706055,1784600,0.0,0.0
2023-04-26 00:00:00-04:00,30.760000228881836,31.350000381469727,30.610000610351562,30.639999389648438,2271400,0.0,0.0
2023-04-27 00:00:00-04:00,30.84000015258789,31.309999465942383,30.655000686645508,31.299999237060547,1510100,0.0,0.0
2023-04-28 00:00:00-04:00,31.290000915527344,31.690000534057617,31.190000534057617,31.56999969482422,2302200,0.0,0.0
2023-05-01 00:00:00-04:00,31.559999465942383,31.829999923706055,31.459999084472656,31.600000381469727,2613200,0.0,0.0
2023-05-02 00:00:00-04:00,31.31999969482422,31.31999969482422,30.53499984741211,31.15999984741211,3688000,0.0,0.0
2023-05-03 00:00:00-04:00,31.15999984741211,31.399999618530273,29.68000030517578,29.920000076293945,4722600,0.0,0.0
2023-05-04 00:00:00-04:00,29.950000762939453,30.020000457763672,29.065000534057617,29.3700008392334,2083000,0.0,0.0
2023-05-05 00:00:00-04:00,29.700000762939453,30.475000381469727,29.645000457763672,30.350000381469727,1751800,0.0,0.0
2023-05-08 00:00:00-04:00,30.5,30.700000762939453,30.270000457763672,30.579999923706055,1556400,0.0,0.0
2023-05-09 00:00:00-04:00,30.510000228881836,30.844999313354492,30.18000030517578,30.729999542236328,1747600,0.0,0.0
2023-05-10 00:00:00-04:00,31.110000610351562,31.209999084472656,30.165000915527344,30.43000030517578,1842100,0.0,0.0
2023-05-11 00:00:00-04:00,30.239999771118164,30.450000762939453,29.950000762939453,30.270000457763672,2012200,0.0,0.0
2023-05-12 00:00:00-04:00,30.469999313354492,30.579999923706055,29.84000015258789,30.059999465942383,1749700,0.0,0.0
2023-05-15 00:00:00-04:00,30.09000015258789,30.6200008392334,30.09000015258789,30.610000610351562,2213000,0.0,0.0
2023-05-16 00:00:00-04:00,30.34000015258789,30.399999618530273,29.950000762939453,30.049999237060547,1387000,0.0,0.0
2023-05-17 00:00:00-04:00,30.139999389648438,30.815000534057617,30.065000534057617,30.56999969482422,1248900,0.0,0.0
2023-05-18 00:00:00-04:00,30.530000686645508,31.0,30.3700008392334,30.989999771118164,2153900,0.0,0.0
2023-05-19 00:00:00-04:00,31.170000076293945,31.18000030517578,30.309999465942383,30.639999389648438,1779500,0.0,0.0
2023-05-22 00:00:00-04:00,30.700000762939453,30.8700008392334,30.540000915527344,30.549999237060547,1138900,0.0,0.0
2023-05-23 00:00:00-04:00,30.270000457763672,30.639999389648438,29.950000762939453,30.010000228881836,1417000,0.0,0.0
2023-05-24 00:00:00-04:00,29.84000015258789,29.989999771118164,29.3799991607666,29.540000915527344,2033300,0.0,0.0
2023-05-25 00:00:00-04:00,29.6299991607666,29.770000457763672,29.190000534057617,29.639999389648438,1938600,0.0,0.0
2023-05-26 00:00:00-04:00,29.790000915527344,29.975000381469727,29.5,29.850000381469727,1561400,0.0,0.0
2023-05-30 00:00:00-04:00,29.90999984741211,30.049999237060547,29.459999084472656,29.959999084472656,1643400,0.0,0.0
2023-05-31 00:00:00-04:00,29.799999237060547,29.940000534057617,28.875,29.010000228881836,2877800,0.0,0.0
2023-06-01 00:00:00-04:00,29.059999465942383,30.075000762939453,29.020000457763672,30.020000457763672,2279000,0.0,0.0
2023-06-02 00:00:00-04:00,30.770000457763672,31.459999084472656,30.735000610351562,31.43000030517578,2041800,0.0,0.0
2023-06-05 00:00:00-04:00,31.1299991607666,31.229999542236328,30.55500030517578,31.09000015258789,1694000,0.0,0.0
2023-06-06 00:00:00-04:00,31.059999465942383,31.469999313354492,30.780000686645508,30.940000534057617,4492700,0.0,0.0
2023-06-07 00:00:00-04:00,30.8700008392334,31.4950008392334,30.829999923706055,31.3799991607666,3947000,0.0,0.0
2023-06-08 00:00:00-04:00,31.420000076293945,31.75,31.1299991607666,31.670000076293945,3157400,0.0,0.0
2023-06-09 00:00:00-04:00,31.600000381469727,31.8700008392334,31.389999389648438,31.540000915527344,2282300,0.0,0.0
2023-06-12 00:00:00-04:00,31.540000915527344,31.979999542236328,31.350000381469727,31.889999389648438,1825800,0.0,0.0
2023-06-13 00:00:00-04:00,31.989999771118164,32.369998931884766,31.969999313354492,32.220001220703125,1374300,0.0,0.0
2023-06-14 00:00:00-04:00,32.70000076293945,32.880001068115234,32.20000076293945,32.5,1684800,0.0,0.0
2023-06-15 00:00:00-04:00,32.439998626708984,32.685001373291016,32.2599983215332,32.54999923706055,2019700,0.0,0.0
2023-06-16 00:00:00-04:00,32.7400016784668,32.7400016784668,32.27000045776367,32.459999084472656,2363000,0.0,0.0
2023-06-20 00:00:00-04:00,32.06999969482422,32.220001220703125,31.84000015258789,32.099998474121094,1348600,0.0,0.0
2023-06-21 00:00:00-04:00,32.029998779296875,32.279998779296875,31.84000015258789,32.02000045776367,1547500,0.0,0.0
2023-06-22 00:00:00-04:00,32.0099983215332,32.040000915527344,31.690000534057617,31.969999313354492,962500,0.0,0.0
2023-06-23 00:00:00-04:00,31.469999313354492,31.739999771118164,31.239999771118164,31.290000915527344,3098400,0.0,0.0
2023-06-26 00:00:00-04:00,31.3799991607666,31.809999465942383,31.360000610351562,31.670000076293945,2023300,0.0,0.0
2023-06-27 00:00:00-04:00,31.690000534057617,32.4900016784668,31.649999618530273,32.36000061035156,1601900,0.0,0.0
2023-06-28 00:00:00-04:00,32.36000061035156,32.540000915527344,32.130001068115234,32.38999938964844,1495100,0.0,0.0
2023-06-29 00:00:00-04:00,32.27000045776367,32.959999084472656,32.15999984741211,32.54999923706055,2375000,0.0,0.0
2023-06-30 00:00:00-04:00,32.72999954223633,33.07500076293945,32.630001068115234,32.810001373291016,2625300,0.0,0.0
2023-07-03 00:00:00-04:00,32.56999969482422,33.05500030517578,32.459999084472656,32.810001373291016,714600,0.0,0.0
2023-07-05 00:00:00-04:00,32.65999984741211,32.724998474121094,32.029998779296875,32.04999923706055,1463600,0.0,0.0
2023-07-06 00:00:00-04:00,31.59000015258789,31.6200008392334,30.950000762939453,31.530000686645508,2567300,0.0,0.0
2023-07-07 00:00:00-04:00,31.56999969482422,32.70500183105469,31.549999237060547,32.45000076293945,2206000,0.0,0.0
2023-07-10 00:00:00-04:00,32.290000915527344,32.779998779296875,32.220001220703125,32.540000915527344,1534000,0.0,0.0
2023-07-11 00:00:00-04:00,33.0099983215332,33.255001068115234,32.779998779296875,33.029998779296875,3629500,0.0,0.0
2023-07-12 00:00:00-04:00,33.4900016784668,33.650001525878906,33.150001525878906,33.529998779296875,2117300,0.0,0.0
2023-07-13 00:00:00-04:00,33.58000183105469,33.68000030517578,33.27000045776367,33.36000061035156,2349800,0.0,0.0
2023-07-14 00:00:00-04:00,33.25,33.25,32.5099983215332,32.66999816894531,1944800,0.0,0.0
2023-07-17 00:00:00-04:00,32.470001220703125,33.2599983215332,32.470001220703125,32.880001068115234,2195400,0.0,0.0
2023-07-18 00:00:00-04:00,32.86000061035156,33.45500183105469,32.790000915527344,33.16999816894531,1988500,0.0,0.0
2023-07-19 00:00:00-04:00,33.15999984741211,33.31999969482422,32.84000015258789,33.0,1684900,0.0,0.0
2023-07-20 00:00:00-04:00,33.0,33.11000061035156,32.099998474121094,32.11000061035156,5388200,0.0,0.0
2023-07-21 00:00:00-04:00,32.15999984741211,32.709999084472656,31.735000610351562,32.630001068115234,2951400,0.0,0.0
2023-07-24 00:00:00-04:00,32.68000030517578,32.709999084472656,32.15999984741211,32.36000061035156,1495400,0.0,0.0
2023-07-25 00:00:00-04:00,32.59000015258789,33.0,32.540000915527344,32.560001373291016,1827500,0.0,0.0
2023-07-26 00:00:00-04:00,32.40999984741211,32.83000183105469,32.40999984741211,32.72999954223633,1960500,0.0,0.0
2023-07-27 00:00:00-04:00,32.93000030517578,32.93000030517578,31.959999084472656,32.029998779296875,1385600,0.0,0.0
2023-07-28 00:00:00-04:00,32.38999938964844,32.525001525878906,32.084999084472656,32.349998474121094,1733200,0.0,0.0
2023-07-31 00:00:00-04:00,32.349998474121094,32.470001220703125,31.780000686645508,32.0,2002100,0.0,0.0
2023-08-01 00:00:00-04:00,31.649999618530273,32.380001068115234,31.600000381469727,32.20000076293945,3092400,0.0,0.0
2023-08-02 00:00:00-04:00,30.899999618530273,31.1200008392334,28.5,29.5,11364100,0.0,0.0
2023-08-03 00:00:00-04:00,29.209999084472656,29.549999237060547,28.604999542236328,29.059999465942383,4192800,0.0,0.0
2023-08-04 00:00:00-04:00,29.18000030517578,29.760000228881836,28.93000030517578,28.950000762939453,3554700,0.0,0.0
2023-08-07 00:00:00-04:00,29.06999969482422,29.459999084472656,28.97800064086914,29.350000381469727,2204100,0.0,0.0
2023-08-08 00:00:00-04:00,28.760000228881836,29.415000915527344,28.700000762939453,29.1299991607666,2364200,0.0,0.0
2023-08-09 00:00:00-04:00,29.950000762939453,29.959999084472656,28.889999389648438,28.940000534057617,2045800,0.0,0.0
2023-08-10 00:00:00-04:00,29.049999237060547,29.184999465942383,28.415000915527344,28.709999084472656,2448700,0.0,0.0
2023-08-11 00:00:00-04:00,28.489999771118164,28.65999984741211,28.209999084472656,28.239999771118164,2278300,0.0,0.0
2023-08-14 00:00:00-04:00,28.030000686645508,28.260000228881836,27.864999771118164,28.239999771118164,1962800,0.0,0.0
2023-08-15 00:00:00-04:00,27.940000534057617,28.1200008392334,27.790000915527344,27.899999618530273,2485400,0.0,0.0
2023-08-16 00:00:00-04:00,27.799999237060547,27.989999771118164,27.3799991607666,27.399999618530273,1819000,0.0,0.0
2023-08-17 00:00:00-04:00,27.479999542236328,27.809999465942383,27.440000534057617,27.549999237060547,1859800,0.0,0.0
2023-08-18 00:00:00-04:00,27.309999465942383,27.75,27.274999618530273,27.6299991607666,1961800,0.0,0.0
2023-08-21 00:00:00-04:00,27.649999618530273,27.975000381469727,27.389999389648438,27.860000610351562,2183500,0.0,0.0
2023-08-22 00:00:00-04:00,28.030000686645508,28.030000686645508,27.639999389648438,27.700000762939453,2182700,0.0,0.0
2023-08-23 00:00:00-04:00,27.809999465942383,28.125,27.690000534057617,28.0,1067000,0.0,0.0
2023-08-24 00:00:00-04:00,27.940000534057617,28.110000610351562,27.764999389648438,27.780000686645508,1008600,0.0,0.0
2023-08-25 00:00:00-04:00,27.8700008392334,28.020000457763672,27.479999542236328,27.549999237060547,2633600,0.0,0.0
2023-08-28 00:00:00-04:00,27.729999542236328,28.065000534057617,27.729999542236328,27.899999618530273,1142600,0.0,0.0
2023-08-29 00:00:00-04:00,27.790000915527344,28.209999084472656,27.739999771118164,28.010000228881836,2049400,0.0,0.0
2023-08-30 00:00:00-04:00,28.100000381469727,28.729999542236328,28.0,28.459999084472656,2608100,0.0,0.0
2023-08-31 00:00:00-04:00,28.540000915527344,28.649999618530273,28.219999313354492,28.299999237060547,1583400,0.0,0.0
2023-09-01 00:00:00-04:00,28.510000228881836,28.760000228881836,28.219999313354492,28.309999465942383,1365500,0.0,0.0
2023-09-05 00:00:00-04:00,27.93000030517578,28.04800033569336,27.235000610351562,27.239999771118164,1177200,0.0,0.0
2023-09-06 00:00:00-04:00,27.290000915527344,27.549999237060547,27.040000915527344,27.15999984741211,1264700,0.0,0.0
2023-09-07 00:00:00-04:00,27.209999084472656,27.43000030517578,26.790000915527344,27.40999984741211,2198700,0.0,0.0
2023-09-08 00:00:00-04:00,27.309999465942383,27.5310001373291,26.940000534057617,27.0,1408200,0.0,0.0
2023-09-11 00:00:00-04:00,27.40999984741211,27.40999984741211,26.790000915527344,26.8799991607666,2712200,0.0,0.0
2023-09-12 00:00:00-04:00,26.360000610351562,27.100000381469727,25.969999313354492,26.989999771118164,1932700,0.0,0.0
2023-09-13 00:00:00-04:00,26.989999771118164,26.989999771118164,26.520000457763672,26.799999237060547,1783400,0.0,0.0
2023-09-14 00:00:00-04:00,27.049999237060547,27.219999313354492,26.780000686645508,27.18000030517578,2102000,0.0,0.0
2023-09-15 00:00:00-04:00,27.030000686645508,27.559999465942383,26.979999542236328,27.40999984741211,3256500,0.0,0.0
2023-09-18 00:00:00-04:00,27.3700008392334,27.469999313354492,27.184999465942383,27.329999923706055,1414300,0.0,0.0
2023-09-19 00:00:00-04:00,27.25,27.514999389648438,27.139999389648438,27.34000015258789,1543800,0.0,0.0
2023-09-20 00:00:00-04:00,27.549999237060547,27.860000610351562,26.93000030517578,26.940000534057617,1474900,0.0,0.0
2023-09-21 00:00:00-04:00,26.65999984741211,26.770000457763672,26.510000228881836,26.530000686645508,1230700,0.0,0.0
2023-09-22 00:00:00-04:00,26.610000610351562,27.21500015258789,26.600000381469727,26.920000076293945,1982900,0.0,0.0
2023-09-25 00:00:00-04:00,26.700000762939453,27.260000228881836,26.631000518798828,27.200000762939453,1340700,0.0,0.0
2023-09-26 00:00:00-04:00,26.940000534057617,27.190000534057617,26.364999771118164,26.3799991607666,1690700,0.0,0.0
2023-09-27 00:00:00-04:00,26.549999237060547,26.600000381469727,26.114999771118164,26.459999084472656,3066800,0.0,0.0
2023-09-28 00:00:00-04:00,26.520000457763672,27.530000686645508,26.364999771118164,27.290000915527344,2850100,0.0,0.0
2023-09-29 00:00:00-04:00,27.469999313354492,27.600000381469727,26.795000076293945,26.899999618530273,2168100,0.0,0.0
2023-10-02 00:00:00-04:00,26.809999465942383,26.829999923706055,26.350000381469727,26.5,2077500,0.0,0.0
2023-10-03 00:00:00-04:00,26.299999237060547,27.049999237060547,26.299999237060547,27.030000686645508,3790200,0.0,0.0
2023-10-04 00:00:00-04:00,27.389999389648438,27.5,26.825000762939453,27.239999771118164,2255700,0.0,0.0
2023-10-05 00:00:00-04:00,27.079999923706055,27.420000076293945,26.709999084472656,27.09000015258789,1582100,0.0,0.0
2023-10-06 00:00:00-04:00,26.93000030517578,28.065000534057617,26.93000030517578,27.75,3104800,0.0,0.0
2023-10-09 00:00:00-04:00,27.6200008392334,27.700000762939453,26.809999465942383,26.950000762939453,2066500,0.0,0.0
2023-10-10 00:00:00-04:00,27.229999542236328,27.889999389648438,27.06800079345703,27.520000457763672,1906800,0.0,0.0
2023-10-11 00:00:00-04:00,27.610000610351562,27.780000686645508,27.25,27.559999465942383,1956100,0.0,0.0
2023-10-12 00:00:00-04:00,27.75,27.75,26.7810001373291,26.959999084472656,2273700,0.0,0.0
2023-10-13 00:00:00-04:00,27.0,27.079999923706055,26.559999465942383,26.559999465942383,1182900,0.0,0.0
2023-10-16 00:00:00-04:00,26.81999969482422,27.290000915527344,26.6200008392334,27.280000686645508,2330200,0.0,0.0
2023-10-17 00:00:00-04:00,26.8799991607666,27.684999465942383,26.8799991607666,27.290000915527344,1802300,0.0,0.0
2023-10-18 00:00:00-04:00,26.799999237060547,27.0,26.260000228881836,26.309999465942383,2718800,0.0,0.0
2023-10-19 00:00:00-04:00,26.15999984741211,26.530000686645508,25.639999389648438,25.760000228881836,2832100,0.0,0.0
2023-10-20 00:00:00-04:00,25.799999237060547,26.125,25.739999771118164,25.809999465942383,2855600,0.0,0.0
2023-10-23 00:00:00-04:00,25.649999618530273,25.90999984741211,25.479999542236328,25.479999542236328,3050100,0.0,0.0
2023-10-24 00:00:00-04:00,25.770000457763672,25.950000762939453,25.49799919128418,25.639999389648438,1540400,0.0,0.0
2023-10-25 00:00:00-04:00,25.420000076293945,25.575000762939453,25.030000686645508,25.450000762939453,1855900,0.0,0.0
2023-10-26 00:00:00-04:00,25.479999542236328,26.024999618530273,25.479999542236328,25.719999313354492,2426900,0.0,0.0
2023-10-27 00:00:00-04:00,25.889999389648438,25.889999389648438,25.364999771118164,25.420000076293945,1615100,0.0,0.0
2023-10-30 00:00:00-04:00,25.739999771118164,25.954999923706055,25.489999771118164,25.84000015258789,1684100,0.0,0.0
2023-10-31 00:00:00-04:00,25.969999313354492,26.3700008392334,25.920000076293945,26.229999542236328,2841500,0.0,0.0
2023-11-01 00:00:00-04:00,28.3799991607666,29.274999618530273,27.6299991607666,28.350000381469727,6636500,0.0,0.0
2023-11-02 00:00:00-04:00,28.690000534057617,29.19499969482422,28.690000534057617,29.0,3335500,0.0,0.0
2023-11-03 00:00:00-04:00,29.459999084472656,29.809999465942383,29.280000686645508,29.489999771118164,3245100,0.0,0.0
2023-11-06 00:00:00-05:00,29.56999969482422,29.56999969482422,29.229999542236328,29.34000015258789,1605700,0.0,0.0
2023-11-07 00:00:00-05:00,29.09000015258789,29.385000228881836,28.950000762939453,29.040000915527344,1994700,0.0,0.0
2023-11-08 00:00:00-05:00,29.06999969482422,29.420000076293945,29.0,29.399999618530273,3204500,0.0,0.0
2023-11-09 00:00:00-05:00,29.56999969482422,29.829999923706055,29.239999771118164,29.260000228881836,1885700,0.0,0.0
2023-11-10 00:00:00-05:00,29.350000381469727,29.81999969482422,29.19499969482422,29.770000457763672,1642100,0.0,0.0
2023-11-13 00:00:00-05:00,29.68000030517578,30.260000228881836,29.459999084472656,30.15999984741211,2483500,0.0,0.0
2023-11-14 00:00:00-05:00,30.639999389648438,31.075000762939453,30.530000686645508,30.829999923706055,1922600,0.0,0.0
2023-11-15 00:00:00-05:00,30.8700008392334,31.2549991607666,30.829999923706055,30.979999542236328,1509800,0.0,0.0
2023-11-16 00:00:00-05:00,30.93000030517578,31.065000534057617,30.780000686645508,30.860000610351562,1708600,0.0,0.0
2023-11-17 00:00:00-05:00,31.0,31.25,30.8700008392334,31.06999969482422,2428400,0.0,0.0
2023-11-20 00:00:00-05:00,30.920000076293945,31.049999237060547,30.719999313354492,31.0,1610100,0.0,0.0
2023-11-21 00:00:00-05:00,30.899999618530273,31.139999389648438,30.81999969482422,30.93000030517578,1109800,0.0,0.0
2023-11-22 00:00:00-05:00,31.079999923706055,31.18000030517578,30.795000076293945,30.959999084472656,1233400,0.0,0.0
2023-11-24 00:00:00-05:00,30.93000030517578,31.260000228881836,30.920000076293945,31.190000534057617,484300,0.0,0.0
2023-11-27 00:00:00-05:00,30.979999542236328,31.184999465942383,30.979999542236328,31.1200008392334,1459200,0.0,0.0
2023-11-28 00:00:00-05:00,31.100000381469727,31.1200008392334,30.81999969482422,30.90999984741211,1737900,0.0,0.0
2023-11-29 00:00:00-05:00,31.190000534057617,31.329999923706055,31.030000686645508,31.06999969482422,1934600,0.0,0.0
2023-11-30 00:00:00-05:00,31.170000076293945,31.479999542236328,30.969999313354492,31.469999313354492,1563000,0.0,0.0
2023-12-01 00:00:00-05:00,31.399999618530273,32.22999954223633,31.31999969482422,32.189998626708984,2128500,0.0,0.0
2023-12-04 00:00:00-05:00,32.06999969482422,32.375,31.90999984741211,32.2599983215332,2250200,0.0,0.0
2023-12-05 00:00:00-05:00,32.0099983215332,32.18000030517578,31.860000610351562,32.130001068115234,2540700,0.0,0.0
2023-12-06 00:00:00-05:00,32.279998779296875,32.54999923706055,32.119998931884766,32.150001525878906,2075800,0.0,0.0
2023-12-07 00:00:00-05:00,32.34000015258789,32.72999954223633,32.2400016784668,32.619998931884766,2286300,0.0,0.0
2023-12-08 00:00:00-05:00,32.58000183105469,33.0,32.58000183105469,32.880001068115234,1810300,0.0,0.0
2023-12-11 00:00:00-05:00,32.869998931884766,33.19499969482422,32.869998931884766,33.150001525878906,1703300,0.0,0.0
2023-12-12 00:00:00-05:00,33.04999923706055,33.209999084472656,32.91999816894531,33.040000915527344,2725700,0.0,0.0
2023-12-13 00:00:00-05:00,32.9900016784668,33.42499923706055,32.90999984741211,33.27000045776367,3592200,0.0,0.0
2023-12-14 00:00:00-05:00,33.65999984741211,34.060001373291016,33.42499923706055,33.66999816894531,5064400,0.0,0.0
2023-12-15 00:00:00-05:00,33.47999954223633,34.0,33.47999954223633,33.849998474121094,3790600,0.0,0.0
2023-12-18 00:00:00-05:00,33.9900016784668,34.0099983215332,33.400001525878906,33.68000030517578,2310000,0.0,0.0
2023-12-19 00:00:00-05:00,33.86000061035156,34.119998931884766,33.82500076293945,34.119998931884766,1531900,0.0,0.0
2023-12-20 00:00:00-05:00,34.0,34.08000183105469,33.470001220703125,33.5,1612300,0.0,0.0
2023-12-21 00:00:00-05:00,33.869998931884766,34.05500030517578,33.630001068115234,34.0,1653800,0.0,0.0
2023-12-22 00:00:00-05:00,34.04999923706055,34.45000076293945,34.04999923706055,34.150001525878906,1344100,0.0,0.0
2023-12-26 00:00:00-05:00,34.119998931884766,34.404998779296875,34.119998931884766,34.189998626708984,792500,0.0,0.0
2023-12-27 00:00:00-05:00,34.25,34.41999816894531,34.119998931884766,34.209999084472656,1022800,0.0,0.0
2023-12-28 00:00:00-05:00,34.130001068115234,34.369998931884766,34.099998474121094,34.25,718200,0.0,0.0
2023-12-29 00:00:00-05:00,34.13999938964844,34.2400016784668,33.959999084472656,33.970001220703125,946900,0.0,0.0
2024-01-02 00:00:00-05:00,33.61000061035156,33.86000061035156,33.334999084472656,33.47999954223633,1093300,0.0,0.0
2024-01-03 00:00:00-05:00,33.119998931884766,33.34000015258789,32.68000030517578,32.709999084472656,1501900,0.0,0.0
2024-01-04 00:00:00-05:00,32.540000915527344,32.88999938964844,32.40999984741211,32.709999084472656,2755100,0.0,0.0
2024-01-05 00:00:00-05:00,32.52000045776367,33.189998626708984,32.5,32.959999084472656,2063100,0.0,0.0
2024-01-08 00:00:00-05:00,32.79999923706055,33.18000030517578,32.60499954223633,33.16999816894531,1377500,0.0,0.0
2024-01-09 00:00:00-05:00,32.81999969482422,32.900001525878906,32.57500076293945,32.900001525878906,1265600,0.0,0.0
2024-01-10 00:00:00-05:00,32.869998931884766,33.09000015258789,32.77000045776367,32.9900016784668,1601100,0.0,0.0
2024-01-11 00:00:00-05:00,32.97999954223633,33.02000045776367,32.630001068115234,32.97999954223633,1292500,0.0,0.0
2024-01-12 00:00:00-05:00,33.20000076293945,33.279998779296875,32.654998779296875,32.939998626708984,1178700,0.0,0.0
2024-01-16 00:00:00-05:00,32.54999923706055,32.869998931884766,32.439998626708984,32.84000015258789,1488600,0.0,0.0
2024-01-17 00:00:00-05:00,32.43000030517578,32.7400016784668,32.36000061035156,32.59000015258789,1532100,0.0,0.0
2024-01-18 00:00:00-05:00,32.81999969482422,32.974998474121094,32.560001373291016,32.900001525878906,1952800,0.0,0.0
2024-01-19 00:00:00-05:00,32.86000061035156,32.869998931884766,32.29999923706055,32.45000076293945,2976100,0.0,0.0
2024-01-22 00:00:00-05:00,32.529998779296875,32.95500183105469,32.529998779296875,32.72999954223633,2171500,0.0,0.0
2024-01-23 00:00:00-05:00,32.880001068115234,32.95000076293945,32.375,32.650001525878906,1548700,0.0,0.0
2024-01-24 00:00:00-05:00,32.779998779296875,32.78499984741211,32.29499816894531,32.470001220703125,1897000,0.0,0.0
2024-01-25 00:00:00-05:00,32.630001068115234,32.689998626708984,32.09000015258789,32.41999816894531,1463900,0.0,0.0
2024-01-26 00:00:00-05:00,32.56999969482422,32.78499984741211,32.349998474121094,32.540000915527344,1614800,0.0,0.0
2024-01-29 00:00:00-05:00,32.43000030517578,32.68000030517578,32.290000915527344,32.68000030517578,1469100,0.0,0.0
2024-01-30 00:00:00-05:00,32.619998931884766,33.04999923706055,32.58000183105469,32.790000915527344,1841000,0.0,0.0
2024-01-31 00:00:00-05:00,32.83000183105469,33.15299987792969,32.3849983215332,32.41999816894531,2179400,0.0,0.0
2024-02-01 00:00:00-05:00,32.58000183105469,32.96500015258789,32.38999938964844,32.939998626708984,1680700,0.0,0.0
2024-02-02 00:00:00-05:00,32.560001373291016,32.779998779296875,32.470001220703125,32.619998931884766,1839500,0.0,0.0
2024-02-05 00:00:00-05:00,32.209999084472656,32.400001525878906,31.875,32.119998931884766,1579200,0.0,0.0
2024-02-06 00:00:00-05:00,32.150001525878906,32.41999816894531,32.119998931884766,32.41999816894531,2083000,0.0,0.0
2024-02-07 00:00:00-05:00,32.66999816894531,32.88999938964844,32.52000045776367,32.54999923706055,3532800,0.0,0.0
2024-02-08 00:00:00-05:00,32.349998474121094,32.70000076293945,30.475000381469727,31.049999237060547,8795300,0.0,0.0
2024-02-09 00:00:00-05:00,31.31999969482422,31.604999542236328,30.969999313354492,31.329999923706055,4583700,0.0,0.0
2024-02-12 00:00:00-05:00,31.3700008392334,31.6200008392334,31.229999542236328,31.479999542236328,2363800,0.0,0.0
2024-02-13 00:00:00-05:00,30.8700008392334,30.959999084472656,30.399999618530273,30.649999618530273,2525000,0.0,0.0
2024-02-14 00:00:00-05:00,30.799999237060547,31.25,30.739999771118164,31.09000015258789,1814500,0.0,0.0
2024-02-15 00:00:00-05:00,31.25,31.68000030517578,31.165000915527344,31.510000228881836,1698100,0.0,0.0
2024-02-16 00:00:00-05:00,31.3700008392334,31.674999237060547,31.30500030517578,31.309999465942383,1356900,0.0,0.0
2024-02-20 00:00:00-05:00,31.100000381469727,31.424999237060547,31.020000457763672,31.389999389648438,1352100,0.0,0.0
2024-02-21 00:00:00-05:00,31.40999984741211,31.610000610351562,31.274999618530273,31.559999465942383,3206500,0.0,0.0
2024-02-22 00:00:00-05:00,31.700000762939453,32.150001525878906,31.700000762939453,32.06999969482422,1706400,0.0,0.0
2024-02-23 00:00:00-05:00,32.16999816894531,32.404998779296875,32.05500030517578,32.2400016784668,1822900,0.0,0.0
2024-02-26 00:00:00-05:00,32.130001068115234,32.27000045776367,31.90999984741211,32.15999984741211,1429300,0.0,0.0
2024-02-27 00:00:00-05:00,32.2400016784668,32.41999816894531,32.06999969482422,32.20000076293945,1326900,0.0,0.0
2024-02-28 00:00:00-05:00,32.209999084472656,32.79999923706055,32.029998779296875,32.47999954223633,1551400,0.0,0.0
2024-02-29 00:00:00-05:00,32.59000015258789,32.83000183105469,32.43000030517578,32.72999954223633,1698900,0.0,0.0
2024-03-01 00:00:00-05:00,32.65999984741211,32.755001068115234,32.38999938964844,32.47999954223633,1623500,0.0,0.0
2024-03-04 00:00:00-05:00,32.4900016784668,32.79499816894531,32.43000030517578,32.70000076293945,2080600,0.0,0.0
2024-03-05 00:00:00-05:00,32.529998779296875,32.654998779296875,32.25,32.279998779296875,1268700,0.0,0.0
2024-03-06 00:00:00-05:00,32.5099983215332,32.75,32.380001068115234,32.560001373291016,998500,0.0,0.0
2024-03-07 00:00:00-05:00,32.849998474121094,33.14500045776367,32.849998474121094,33.029998779296875,1437000,0.0,0.0
2024-03-08 00:00:00-05:00,33.189998626708984,33.5,33.03499984741211,33.150001525878906,1909400,0.0,0.0
2024-03-11 00:00:00-04:00,33.2400016784668,33.54999923706055,33.125,33.290000915527344,1266900,0.0,0.0
2024-03-12 00:00:00-04:00,33.36000061035156,33.755001068115234,33.29999923706055,33.72999954223633,1797700,0.0,0.0
2024-03-13 00:00:00-04:00,33.689998626708984,34.07500076293945,33.63999938964844,33.720001220703125,1508900,0.0,0.0
2024-03-14 00:00:00-04:00,33.650001525878906,33.84000015258789,32.970001220703125,33.18000030517578,1616500,0.0,0.0
2024-03-15 00:00:00-04:00,32.86000061035156,33.599998474121094,32.86000061035156,33.380001068115234,3091000,0.0,0.0
2024-03-18 00:00:00-04:00,33.41999816894531,33.79999923706055,33.290000915527344,33.290000915527344,1716700,0.0,0.0
2024-03-19 00:00:00-04:00,33.31999969482422,33.439998626708984,32.95500183105469,33.15999984741211,1734400,0.0,0.0
2024-03-20 00:00:00-04:00,33.16999816894531,33.7599983215332,33.0099983215332,33.540000915527344,2263400,0.0,0.0
2024-03-21 00:00:00-04:00,33.619998931884766,33.834999084472656,33.525001525878906,33.7400016784668,2240300,0.0,0.0
2024-03-22 00:00:00-04:00,33.810001373291016,33.81999969482422,33.42499923706055,33.459999084472656,1364000,0.0,0.0
2024-03-25 00:00:00-04:00,33.439998626708984,33.67499923706055,33.30500030517578,33.43000030517578,1454900,0.0,0.0
2024-03-26 00:00:00-04:00,33.5,33.650001525878906,33.380001068115234,33.459999084472656,1277800,0.0,0.0
2024-03-27 00:00:00-04:00,33.709999084472656,34.290000915527344,33.709999084472656,34.279998779296875,2032900,0.0,0.0
2024-03-28 00:00:00-04:00,34.290000915527344,34.53499984741211,34.09000015258789,34.38999938964844,1741900,0.0,0.0
2024-04-01 00:00:00-04:00,34.38999938964844,34.5,33.97999954223633,34.400001525878906,2639400,0.0,0.0
2024-04-02 00:00:00-04:00,34.150001525878906,34.18000030517578,33.36000061035156,33.400001525878906,1839800,0.0,0.0
2024-04-03 00:00:00-04:00,33.43000030517578,33.73500061035156,33.43000030517578,33.54999923706055,3393500,0.0,0.0
2024-04-04 00:00:00-04:00,33.72999954223633,33.959999084472656,33.02000045776367,33.11000061035156,2271400,0.0,0.0
2024-04-05 00:00:00-04:00,33.09000015258789,33.16999816894531,32.810001373291016,33.02000045776367,1494500,0.0,0.0
2024-04-08 00:00:00-04:00,33.310001373291016,33.310001373291016,32.939998626708984,32.959999084472656,1040400,0.0,0.0
2024-04-09 00:00:00-04:00,33.18000030517578,33.540000915527344,33.02000045776367,33.540000915527344,1071900,0.0,0.0
2024-04-10 00:00:00-04:00,33.040000915527344,33.17499923706055,32.540000915527344,32.54999923706055,1521700,0.0,0.0
2024-04-11 00:00:00-04:00,32.709999084472656,32.779998779296875,32.46500015258789,32.529998779296875,1494900,0.0,0.0
2024-04-12 00:00:00-04:00,32.2599983215332,32.290000915527344,31.520000457763672,31.760000228881836,1544800,0.0,0.0
2024-04-15 00:00:00-04:00,32.220001220703125,32.41999816894531,31.4950008392334,31.700000762939453,1217400,0.0,0.0
2024-04-16 00:00:00-04:00,31.520000457763672,31.799999237060547,31.3700008392334,31.540000915527344,1705000,0.0,0.0
2024-04-17 00:00:00-04:00,31.809999465942383,31.979999542236328,31.540000915527344,31.780000686645508,1926400,0.0,0.0
2024-04-18 00:00:00-04:00,31.989999771118164,32.11000061035156,31.584999084472656,31.809999465942383,1562900,0.0,0.0
2024-04-19 00:00:00-04:00,31.40999984741211,31.420000076293945,30.545000076293945,30.8700008392334,4964100,0.0,0.0
2024-04-22 00:00:00-04:00,30.93000030517578,31.360000610351562,30.719999313354492,31.280000686645508,2818400,0.0,0.0
2024-04-23 00:00:00-04:00,31.09000015258789,31.31999969482422,30.959999084472656,31.190000534057617,2244100,0.0,0.0
2024-04-24 00:00:00-04:00,31.1299991607666,31.329999923706055,30.834999084472656,31.110000610351562,1957400,0.0,0.0
2024-04-25 00:00:00-04:00,30.93000030517578,31.075000762939453,30.40999984741211,30.93000030517578,1887600,0.0,0.0
2024-04-26 00:00:00-04:00,30.989999771118164,31.485000610351562,30.989999771118164,31.219999313354492,1678500,0.0,0.0
2024-04-29 00:00:00-04:00,31.280000686645508,31.875,31.280000686645508,31.670000076293945,2906800,0.0,0.0
2024-04-30 00:00:00-04:00,31.469999313354492,31.809999465942383,31.360000610351562,31.440000534057617,4399200,0.0,0.0
2024-05-01 00:00:00-04:00,34.209999084472656,34.94499969482422,33.2400016784668,34.209999084472656,9332600,0.0,0.0
2024-05-02 00:00:00-04:00,34.790000915527344,35.20500183105469,34.56999969482422,34.83000183105469,4755000,0.0,0.0
2024-05-03 00:00:00-04:00,35.27000045776367,35.310001373291016,34.81999969482422,35.20000076293945,3991300,0.0,0.0
2024-05-06 00:00:00-04:00,35.459999084472656,35.59000015258789,35.209999084472656,35.47999954223633,2339100,0.0,0.0
2024-05-07 00:00:00-04:00,35.65999984741211,36.220001220703125,35.599998474121094,36.18000030517578,2910200,0.0,0.0
2024-05-08 00:00:00-04:00,36.04999923706055,36.380001068115234,36.005001068115234,36.33000183105469,2260400,0.0,0.0
2024-05-09 00:00:00-04:00,36.470001220703125,36.5,36.08000183105469,36.209999084472656,1448300,0.0,0.0
2024-05-10 00:00:00-04:00,36.369998931884766,36.459999084472656,35.97999954223633,36.040000915527344,1249100,0.0,0.0
2024-05-13 00:00:00-04:00,36.29999923706055,36.31999969482422,35.95000076293945,36.189998626708984,1823100,0.0,0.0
2024-05-14 00:00:00-04:00,36.310001373291016,36.560001373291016,36.20000076293945,36.540000915527344,2724100,0.0,0.0
2024-05-15 00:00:00-04:00,36.7599983215332,36.7599983215332,35.470001220703125,35.56999969482422,2849700,0.0,0.0
2024-05-16 00:00:00-04:00,35.619998931884766,35.900001525878906,35.310001373291016,35.36000061035156,2253200,0.0,0.0
2024-05-17 00:00:00-04:00,35.59000015258789,35.72999954223633,35.345001220703125,35.63999938964844,1919200,0.0,0.0
2024-05-20 00:00:00-04:00,35.4900016784668,35.84000015258789,35.13999938964844,35.22999954223633,1481200,0.0,0.0
2024-05-21 00:00:00-04:00,35.209999084472656,35.209999084472656,34.88999938964844,34.95000076293945,2319600,0.0,0.0
2024-05-22 00:00:00-04:00,34.75,35.310001373291016,34.7400016784668,35.279998779296875,2128700,0.0,0.0
2024-05-23 00:00:00-04:00,35.380001068115234,35.540000915527344,34.86000061035156,34.90999984741211,2097800,0.0,0.0
2024-05-24 00:00:00-04:00,34.97999954223633,35.224998474121094,34.90999984741211,35.150001525878906,1281100,0.0,0.0
2024-05-28 00:00:00-04:00,35.15999984741211,35.189998626708984,34.77000045776367,34.84000015258789,1528900,0.0,0.0
2024-05-29 00:00:00-04:00,34.41999816894531,34.45500183105469,34.040000915527344,34.06999969482422,1593800,0.0,0.0
2024-05-30 00:00:00-04:00,34.209999084472656,34.810001373291016,34.15999984741211,34.650001525878906,1374200,0.0,0.0
2024-05-31 00:00:00-04:00,34.68000030517578,35.650001525878906,34.66999816894531,35.59000015258789,2186200,0.0,0.0
2024-06-03 00:00:00-04:00,35.810001373291016,36.08000183105469,35.2400016784668,35.869998931884766,2738200,0.0,0.0
2024-06-04 00:00:00-04:00,35.7400016784668,35.869998931884766,35.41999816894531,35.66999816894531,1267100,0.0,0.0
2024-06-05 00:00:00-04:00,35.70000076293945,36.400001525878906,35.625,36.349998474121094,2849300,0.0,0.0
2024-06-06 00:00:00-04:00,36.31999969482422,36.53499984741211,36.099998474121094,36.27000045776367,2106300,0.0,0.0
2024-06-07 00:00:00-04:00,36.029998779296875,36.22999954223633,35.79999923706055,36.029998779296875,1680100,0.0,0.0
2024-06-10 00:00:00-04:00,35.709999084472656,36.150001525878906,35.560001373291016,36.150001525878906,2592300,0.0,0.0
2024-06-11 00:00:00-04:00,36.0,36.28499984741211,35.81999969482422,36.130001068115234,1930200,0.0,0.0
2024-06-12 00:00:00-04:00,36.790000915527344,36.97999954223633,35.970001220703125,36.119998931884766,2307500,0.0,0.0
2024-06-13 00:00:00-04:00,35.970001220703125,36.150001525878906,35.560001373291016,35.70000076293945,878700,0.0,0.0
2024-06-14 00:00:00-04:00,35.27000045776367,35.279998779296875,34.34000015258789,34.5099983215332,1705300,0.0,0.0
2024-06-17 00:00:00-04:00,34.400001525878906,34.849998474121094,34.349998474121094,34.779998779296875,1457000,0.0,0.0
2024-06-18 00:00:00-04:00,34.75,34.86000061035156,34.4900016784668,34.599998474121094,1221800,0.0,0.0
2024-06-20 00:00:00-04:00,34.540000915527344,34.7599983215332,34.314998626708984,34.36000061035156,1450200,0.0,0.0
2024-06-21 00:00:00-04:00,34.33000183105469,34.63999938964844,34.07099914550781,34.599998474121094,2115600,0.0,0.0
2024-06-24 00:00:00-04:00,34.689998626708984,35.150001525878906,34.56999969482422,34.77000045776367,1203200,0.0,0.0
2024-06-25 00:00:00-04:00,34.650001525878906,34.650001525878906,33.81999969482422,34.189998626708984,1966700,0.0,0.0
2024-06-26 00:00:00-04:00,33.68000030517578,34.11000061035156,33.54999923706055,34.0,1508300,0.0,0.0
2024-06-27 00:00:00-04:00,34.09000015258789,34.09000015258789,33.529998779296875,33.7599983215332,1505400,0.0,0.0
2024-06-28 00:00:00-04:00,33.81999969482422,34.22999954223633,33.67499923706055,34.16999816894531,2392500,0.0,0.0
2024-07-01 00:00:00-04:00,34.209999084472656,34.31999969482422,33.6150016784668,33.70000076293945,1399200,0.0,0.0
2024-07-02 00:00:00-04:00,33.5099983215332,33.97999954223633,33.439998626708984,33.959999084472656,1825300,0.0,0.0
2024-07-03 00:00:00-04:00,34.08000183105469,34.20000076293945,33.82500076293945,34.16999816894531,982300,0.0,0.0
2024-07-05 00:00:00-04:00,34.09000015258789,34.15999984741211,33.68000030517578,33.75,2306700,0.0,0.0
2024-07-08 00:00:00-04:00,34.02000045776367,34.630001068115234,34.02000045776367,34.36000061035156,1788200,0.0,0.0
2024-07-09 00:00:00-04:00,34.27000045776367,34.36000061035156,33.91999816894531,33.939998626708984,2025500,0.0,0.0
2024-07-10 00:00:00-04:00,34.209999084472656,34.4900016784668,34.064998626708984,34.47999954223633,1963000,0.0,0.0
2024-07-11 00:00:00-04:00,34.869998931884766,35.54499816894531,34.689998626708984,35.470001220703125,1955900,0.0,0.0
2024-07-12 00:00:00-04:00,35.630001068115234,35.92499923706055,35.40999984741211,35.45000076293945,1725800,0.0,0.0
2024-07-15 00:00:00-04:00,35.45000076293945,35.974998474121094,35.31999969482422,35.619998931884766,1439200,0.0,0.0
2024-07-16 00:00:00-04:00,36.0,36.529998779296875,35.65999984741211,36.27000045776367,1841700,0.0,0.0
2024-07-17 00:00:00-04:00,35.970001220703125,36.3650016784668,35.88999938964844,36.189998626708984,2116500,0.0,0.0
2024-07-18 00:00:00-04:00,36.04999923706055,36.810001373291016,35.77000045776367,35.880001068115234,1600000,0.0,0.0
2024-07-19 00:00:00-04:00,35.45000076293945,35.5,34.63999938964844,34.7599983215332,3616300,0.0,0.0
2024-07-22 00:00:00-04:00,35.0,35.400001525878906,34.65999984741211,35.38999938964844,1558600,0.0,0.0
2024-07-23 00:00:00-04:00,35.599998474121094,35.599998474121094,34.974998474121094,34.9900016784668,2223900,0.0,0.0
2024-07-24 00:00:00-04:00,34.91999816894531,35.099998474121094,34.31999969482422,34.369998931884766,1280900,0.0,0.0
2024-07-25 00:00:00-04:00,34.41999816894531,35.095001220703125,34.209999084472656,34.5,2842800,0.0,0.0
2024-07-26 00:00:00-04:00,34.75,35.130001068115234,34.65999984741211,34.869998931884766,1837200,0.0,0.0
2024-07-29 00:00:00-04:00,34.90999984741211,35.290000915527344,34.72999954223633,35.15999984741211,1741400,0.0,0.0
2024-07-30 00:00:00-04:00,35.09000015258789,35.5099983215332,34.939998626708984,35.20000076293945,2014800,0.0,0.0
2024-07-31 00:00:00-04:00,35.59000015258789,36.150001525878906,35.33000183105469,35.650001525878906,3348300,0.0,0.0
2024-08-01 00:00:00-04:00,36.970001220703125,37.4900016784668,35.70000076293945,36.63999938964844,4007300,0.0,0.0
2024-08-02 00:00:00-04:00,36.13999938964844,36.150001525878906,34.869998931884766,35.209999084472656,2428300,0.0,0.0
2024-08-05 00:00:00-04:00,34.16999816894531,34.529998779296875,33.459999084472656,34.06999969482422,2595000,0.0,0.0
2024-08-06 00:00:00-04:00,34.220001220703125,34.79999923706055,34.02000045776367,34.040000915527344,2161900,0.0,0.0
2024-08-07 00:00:00-04:00,34.369998931884766,34.54999923706055,33.43000030517578,33.439998626708984,1908800,0.0,0.0
2024-08-08 00:00:00-04:00,33.619998931884766,34.130001068115234,33.60499954223633,33.869998931884766,2646100,0.0,0.0
2024-08-09 00:00:00-04:00,33.95000076293945,34.244998931884766,33.79999923706055,33.97999954223633,1650300,0.0,0.0
2024-08-12 00:00:00-04:00,33.97999954223633,33.97999954223633,33.474998474121094,33.560001373291016,1150300,0.0,0.0
2024-08-13 00:00:00-04:00,33.529998779296875,33.849998474121094,33.459999084472656,33.72999954223633,1769600,0.0,0.0
2024-08-14 00:00:00-04:00,33.81999969482422,34.029998779296875,33.66999816894531,33.75,1492100,0.0,0.0
2024-08-15 00:00:00-04:00,34.189998626708984,34.82500076293945,34.040000915527344,34.599998474121094,1941500,0.0,0.0
2024-08-16 00:00:00-04:00,34.529998779296875,34.599998474121094,34.20000076293945,34.529998779296875,875300,0.0,0.0
2024-08-19 00:00:00-04:00,34.47999954223633,34.72999954223633,34.400001525878906,34.689998626708984,1043300,0.0,0.0
2024-08-20 00:00:00-04:00,34.59000015258789,34.70000076293945,34.209999084472656,34.33000183105469,940600,0.0,0.0
2024-08-21 00:00:00-04:00,34.439998626708984,35.14500045776367,34.349998474121094,35.06999969482422,1211800,0.0,0.0
2024-08-22 00:00:00-04:00,35.22999954223633,35.25,34.95000076293945,35.06999969482422,756800,0.0,0.0
2024-08-23 00:00:00-04:00,35.29999923706055,35.689998626708984,35.185001373291016,35.63999938964844,1027000,0.0,0.0
2024-08-26 00:00:00-04:00,35.7599983215332,36.20500183105469,35.4900016784668,35.5099983215332,1146300,0.0,0.0
2024-08-27 00:00:00-04:00,35.5099983215332,35.709999084472656,35.2599983215332,35.310001373291016,1271300,0.0,0.0
2024-08-28 00:00:00-04:00,35.400001525878906,35.66999816894531,35.2599983215332,35.529998779296875,1176500,0.0,0.0
2024-08-29 00:00:00-04:00,35.689998626708984,35.9900016784668,35.52000045776367,35.91999816894531,1242200,0.0,0.0
2024-08-30 00:00:00-04:00,36.11000061035156,36.65999984741211,35.790000915527344,36.5,2399000,0.0,0.0
2024-09-03 00:00:00-04:00,36.040000915527344,36.31999969482422,35.52000045776367,35.7400016784668,1919400,0.0,0.0
2024-09-04 00:00:00-04:00,35.61000061035156,36.15999984741211,35.130001068115234,35.380001068115234,1645000,0.0,0.0
2024-09-05 00:00:00-04:00,35.439998626708984,35.439998626708984,34.689998626708984,34.9900016784668,1645100,0.0,0.0
2024-09-06 00:00:00-04:00,34.970001220703125,35.15999984741211,34.54999923706055,34.56999969482422,1473400,0.0,0.0
2024-09-09 00:00:00-04:00,34.70000076293945,34.83000183105469,34.53499984741211,34.619998931884766,1791500,0.0,0.0
2024-09-10 00:00:00-04:00,34.54999923706055,34.630001068115234,33.8650016784668,34.13999938964844,1647300,0.0,0.0
2024-09-11 00:00:00-04:00,34.15999984741211,34.56999969482422,33.5099983215332,34.45000076293945,2234800,0.0,0.0
2024-09-12 00:00:00-04:00,34.400001525878906,34.724998474121094,34.185001373291016,34.52000045776367,2375800,0.0,0.0
2024-09-13 00:00:00-04:00,34.61000061035156,35.15999984741211,34.61000061035156,34.79999923706055,1339000,0.0,0.0
2024-09-16 00:00:00-04:00,34.97999954223633,35.310001373291016,34.959999084472656,35.15999984741211,2257900,0.0,0.0
2024-09-17 00:00:00-04:00,35.41999816894531,35.869998931884766,35.27000045776367,35.70000076293945,1931600,0.0,0.0
2024-09-18 00:00:00-04:00,35.880001068115234,36.380001068115234,35.65999984741211,35.970001220703125,2512800,0.0,0.0
2024-09-19 00:00:00-04:00,36.61000061035156,37.16999816894531,36.54999923706055,37.119998931884766,3990800,0.0,0.0
2024-09-20 00:00:00-04:00,36.72999954223633,36.904998779296875,35.91999816894531,36.06999969482422,3523400,0.0,0.0
2024-09-23 00:00:00-04:00,36.220001220703125,36.41999816894531,36.0,36.31999969482422,2165600,0.0,0.0
2024-09-24 00:00:00-04:00,36.40999984741211,36.79499816894531,36.279998779296875,36.45000076293945,3201600,0.0,0.0
2024-09-25 00:00:00-04:00,36.560001373291016,36.560001373291016,35.915000915527344,35.939998626708984,1986500,0.0,0.0
2024-09-26 00:00:00-04:00,36.369998931884766,37.494998931884766,36.25,37.400001525878906,3523100,0.0,0.0
2024-09-27 00:00:00-04:00,37.52000045776367,37.77799987792969,37.099998474121094,37.25,2178200,0.0,0.0
2024-09-30 00:00:00-04:00,36.970001220703125,37.0,35.72999954223633,36.189998626708984,2997600,0.0,0.0
2024-10-01 00:00:00-04:00,36.36000061035156,36.36000061035156,35.560001373291016,35.63999938964844,1949400,0.0,0.0
2024-10-02 00:00:00-04:00,35.560001373291016,36.0,35.459999084472656,35.959999084472656,4056800,0.0,0.0
2024-10-03 00:00:00-04:00,35.720001220703125,35.880001068115234,35.34000015258789,35.400001525878906,1770500,0.0,0.0
2024-10-04 00:00:00-04:00,35.93000030517578,35.97999954223633,35.27000045776367,35.630001068115234,958100,0.0,0.0
2024-10-07 00:00:00-04:00,35.43000030517578,35.89500045776367,35.31100082397461,35.84000015258789,1131700,0.0,0.0
2024-10-08 00:00:00-04:00,35.75,36.16999816894531,35.5099983215332,36.04999923706055,1626000,0.0,0.0
2024-10-09 00:00:00-04:00,36.220001220703125,36.88999938964844,36.0099983215332,36.88999938964844,1901300,0.0,0.0
2024-10-10 00:00:00-04:00,36.61000061035156,36.7599983215332,36.45000076293945,36.61000061035156,2009300,0.0,0.0
2024-10-11 00:00:00-04:00,36.58000183105469,37.064998626708984,36.43000030517578,36.900001525878906,1755600,0.0,0.0
2024-10-14 00:00:00-04:00,37.11000061035156,37.185001373291016,36.709999084472656,36.90999984741211,1568900,0.0,0.0
2024-10-15 00:00:00-04:00,36.970001220703125,37.540000915527344,36.7599983215332,36.77000045776367,1649600,0.0,0.0
2024-10-16 00:00:00-04:00,36.79999923706055,37.040000915527344,36.7599983215332,36.849998474121094,1138700,0.0,0.0
2024-10-17 00:00:00-04:00,36.689998626708984,37.099998474121094,36.32099914550781,36.5099983215332,1671400,0.0,0.0
2024-10-18 00:00:00-04:00,36.630001068115234,36.810001373291016,36.084999084472656,36.130001068115234,1555000,0.0,0.0
2024-10-21 00:00:00-04:00,36.02000045776367,36.209999084472656,35.630001068115234,35.70000076293945,911800,0.0,0.0
2024-10-22 00:00:00-04:00,35.22999954223633,35.33000183105469,34.654998779296875,35.04999923706055,2351600,0.0,0.0
2024-10-23 00:00:00-04:00,34.95000076293945,35.33000183105469,34.8849983215332,35.2599983215332,1684600,0.0,0.0
2024-10-24 00:00:00-04:00,35.349998474121094,35.720001220703125,34.98500061035156,35.58000183105469,1770900,0.0,0.0
2024-10-25 00:00:00-04:00,35.47999954223633,35.56999969482422,35.16999816894531,35.220001220703125,1049800,0.0,0.0
2024-10-28 00:00:00-04:00,35.5099983215332,35.77000045776367,35.3650016784668,35.59000015258789,2137700,0.0,0.0
2024-10-29 00:00:00-04:00,35.130001068115234,35.720001220703125,35.130001068115234,35.40999984741211,3034800,0.0,0.0
2024-10-30 00:00:00-04:00,38.290000915527344,38.77000045776367,37.55500030517578,38.31999969482422,5530200,0.0,0.0
2024-10-31 00:00:00-04:00,38.060001373291016,38.34000015258789,37.70000076293945,37.91999816894531,3437000,0.0,0.0
2024-11-01 00:00:00-04:00,37.79999923706055,38.11000061035156,37.68000030517578,37.97999954223633,2857800,0.0,0.0
2024-11-04 00:00:00-05:00,38.27000045776367,38.61000061035156,38.0,38.08000183105469,1587100,0.0,0.0
2024-11-05 00:00:00-05:00,37.66999816894531,38.45000076293945,37.560001373291016,38.41999816894531,1341100,0.0,0.0
2024-11-06 00:00:00-05:00,39.470001220703125,40.099998474121094,39.130001068115234,39.5,2056500,0.0,0.0
2024-11-07 00:00:00-05:00,39.540000915527344,40.0,39.31999969482422,39.77000045776367,1295300,0.0,0.0
2024-11-08 00:00:00-05:00,39.63999938964844,40.189998626708984,39.4900016784668,39.959999084472656,1765100,0.0,0.0
2024-11-11 00:00:00-05:00,40.2599983215332,40.380001068115234,39.93000030517578,40.189998626708984,1468800,0.0,0.0
2024-11-12 00:00:00-05:00,40.02000045776367,40.22999954223633,39.310001373291016,39.599998474121094,1257000,0.0,0.0
2024-11-13 00:00:00-05:00,39.97999954223633,40.755001068115234,39.69499969482422,40.599998474121094,1735800,0.0,0.0
2024-11-14 00:00:00-05:00,40.650001525878906,40.90999984741211,40.470001220703125,40.65999984741211,2184300,0.0,0.0
2024-11-15 00:00:00-05:00,40.56999969482422,40.7599983215332,39.97999954223633,40.290000915527344,1309000,0.0,0.0
2024-11-18 00:00:00-05:00,40.279998779296875,40.58000183105469,39.619998931884766,39.900001525878906,2072600,0.0,0.0
2024-11-19 00:00:00-05:00,39.470001220703125,39.779998779296875,38.66999816894531,38.81999969482422,1994700,0.0,0.0
2024-11-20 00:00:00-05:00,38.779998779296875,38.93000030517578,38.560001373291016,38.88999938964844,1349900,0.0,0.0
2024-11-21 00:00:00-05:00,38.900001525878906,39.790000915527344,38.89500045776367,39.779998779296875,1148600,0.0,0.0
2024-11-22 00:00:00-05:00,39.7400016784668,40.59000015258789,39.68000030517578,40.52000045776367,2196600,0.0,0.0
2024-11-25 00:00:00-05:00,40.93000030517578,41.654998779296875,40.73500061035156,41.290000915527344,1788000,0.0,0.0
2024-11-26 00:00:00-05:00,41.0099983215332,41.13999938964844,40.58000183105469,40.66999816894531,1980400,0.0,0.0
2024-11-27 00:00:00-05:00,40.7400016784668,41.09000015258789,40.41999816894531,40.529998779296875,1027700,0.0,0.0
2024-11-29 00:00:00-05:00,40.529998779296875,40.79999923706055,40.27000045776367,40.459999084472656,747400,0.0,0.0
2024-12-02 00:00:00-05:00,40.38999938964844,40.7599983215332,39.959999084472656,40.59000015258789,1418600,0.0,0.0
2024-12-03 00:00:00-05:00,40.7400016784668,40.779998779296875,40.279998779296875,40.33000183105469,1201600,0.0,0.0
2024-12-04 00:00:00-05:00,40.08000183105469,40.709999084472656,39.970001220703125,40.59000015258789,988000,0.0,0.0
2024-12-05 00:00:00-05:00,40.619998931884766,40.63999938964844,39.959999084472656,40.0,889500,0.0,0.0
2024-12-06 00:00:00-05:00,40.25,40.290000915527344,39.599998474121094,39.91999816894531,1147200,0.0,0.0
2024-12-09 00:00:00-05:00,40.060001373291016,40.4900016784668,39.79999923706055,39.84000015258789,2245800,0.0,0.0
2024-12-10 00:00:00-05:00,39.7599983215332,39.95000076293945,39.099998474121094,39.209999084472656,1324000,0.0,0.0
2024-12-11 00:00:00-05:00,39.2599983215332,39.35499954223633,38.85499954223633,38.869998931884766,1275300,0.0,0.0
2024-12-12 00:00:00-05:00,38.95000076293945,39.189998626708984,38.80500030517578,39.06999969482422,1079800,0.0,0.0
2024-12-13 00:00:00-05:00,38.75,38.814998626708984,38.060001373291016,38.22999954223633,1706200,0.0,0.0
2024-12-16 00:00:00-05:00,38.15999984741211,38.290000915527344,37.560001373291016,37.720001220703125,2337600,0.0,0.0
2024-12-17 00:00:00-05:00,36.9900016784668,37.03499984741211,36.119998931884766,36.38999938964844,3489700,0.0,0.0
2024-12-18 00:00:00-05:00,36.029998779296875,36.560001373291016,34.95000076293945,35.0099983215332,2929900,0.0,0.0
2024-12-19 00:00:00-05:00,35.060001373291016,35.41999816894531,34.41999816894531,34.439998626708984,2645000,0.0,0.0
2024-12-20 00:00:00-05:00,33.970001220703125,34.52000045776367,33.939998626708984,34.400001525878906,7751900,0.0,0.0
2024-12-23 00:00:00-05:00,34.38999938964844,34.59000015258789,34.040000915527344,34.349998474121094,1642400,0.0,0.0
2024-12-24 00:00:00-05:00,34.349998474121094,34.439998626708984,34.099998474121094,34.439998626708984,428500,0.0,0.0
2024-12-26 00:00:00-05:00,34.27000045776367,34.65999984741211,34.099998474121094,34.630001068115234,1068900,0.0,0.0
2024-12-27 00:00:00-05:00,34.470001220703125,34.79999923706055,34.09000015258789,34.369998931884766,1278900,0.0,0.0
2024-12-30 00:00:00-05:00,34.16999816894531,34.459999084472656,33.68000030517578,34.0099983215332,1228900,0.0,0.0
2024-12-31 00:00:00-05:00,34.290000915527344,34.33000183105469,33.970001220703125,34.220001220703125,1276800,0.0,0.0
2025-01-02 00:00:00-05:00,34.16999816894531,34.345001220703125,33.470001220703125,33.560001373291016,1475600,0.0,0.0
2025-01-03 00:00:00-05:00,33.599998474121094,33.93000030517578,33.400001525878906,33.849998474121094,1651700,0.0,0.0
2025-01-06 00:00:00-05:00,34.150001525878906,34.619998931884766,34.13999938964844,34.56999969482422,2210300,0.0,0.0
2025-01-07 00:00:00-05:00,34.41999816894531,34.755001068115234,33.97999954223633,34.209999084472656,1920200,0.0,0.0
2025-01-08 00:00:00-05:00,34.040000915527344,34.43000030517578,33.779998779296875,34.29999923706055,1587300,0.0,0.0
2025-01-10 00:00:00-05:00,33.619998931884766,33.992000579833984,33.395999908447266,33.7400016784668,1444400,0.0,0.0
2025-01-13 00:00:00-05:00,33.54999923706055,34.26499938964844,33.459999084472656,34.22999954223633,1203600,0.0,0.0
2025-01-14 00:00:00-05:00,34.540000915527344,34.779998779296875,34.380001068115234,34.689998626708984,1058800,0.0,0.0
2025-01-15 00:00:00-05:00,35.040000915527344,35.584999084472656,35.040000915527344,35.38999938964844,1505200,0.0,0.0
2025-01-16 00:00:00-05:00,35.380001068115234,35.7400016784668,35.130001068115234,35.65999984741211,1293500,0.0,0.0
2025-01-17 00:00:00-05:00,36.349998474121094,36.43000030517578,36.09000015258789,36.279998779296875,1401000,0.0,0.0
2025-01-21 00:00:00-05:00,36.58000183105469,36.97999954223633,36.5099983215332,36.97999954223633,1446000,0.0,0.0
2025-01-22 00:00:00-05:00,36.880001068115234,36.880001068115234,36.41999816894531,36.540000915527344,1228100,0.0,0.0
2025-01-23 00:00:00-05:00,36.4900016784668,36.900001525878906,36.25,36.880001068115234,1209100,0.0,0.0
2025-01-24 00:00:00-05:00,36.869998931884766,37.02000045776367,36.69499969482422,36.7599983215332,1282000,0.0,0.0
2025-01-27 00:00:00-05:00,36.7599983215332,37.290000915527344,36.599998474121094,37.18000030517578,1802900,0.0,0.0
2025-01-28 00:00:00-05:00,37.119998931884766,37.41999816894531,36.93000030517578,36.959999084472656,1312000,0.0,0.0
2025-01-29 00:00:00-05:00,36.97999954223633,37.540000915527344,36.849998474121094,37.060001373291016,1324600,0.0,0.0
2025-01-30 00:00:00-05:00,37.060001373291016,37.290000915527344,36.720001220703125,36.869998931884766,2238200,0.0,0.0
2025-01-31 00:00:00-05:00,36.400001525878906,36.45000076293945,35.650001525878906,35.939998626708984,2833400,0.0,0.0
2025-02-03 00:00:00-05:00,35.18000030517578,35.4900016784668,34.25,35.11000061035156,3378600,0.0,0.0
2025-02-04 00:00:00-05:00,36.75,38.29999923706055,36.75,38.0099983215332,4803500,0.0,0.0
2025-02-05 00:00:00-05:00,38.189998626708984,38.369998931884766,37.52000045776367,37.79999923706055,3321800,0.0,0.0
2025-02-06 00:00:00-05:00,38.09000015258789,38.29999923706055,37.349998474121094,38.04999923706055,2262300,0.0,0.0
2025-02-07 00:00:00-05:00,38.099998474121094,38.16999816894531,37.150001525878906,37.220001220703125,1971200,0.0,0.0
2025-02-10 00:00:00-05:00,37.709999084472656,37.709999084472656,37.14500045776367,37.560001373291016,1452200,0.0,0.0
2025-02-11 00:00:00-05:00,37.560001373291016,37.93000030517578,37.44900131225586,37.65999984741211,1434100,0.0,0.0
2025-02-12 00:00:00-05:00,37.040000915527344,37.290000915527344,36.584999084472656,37.0099983215332,5812800,0.0,0.0
2025-02-13 00:00:00-05:00,37.369998931884766,37.5099983215332,37.08000183105469,37.45000076293945,1605800,0.0,0.0
2025-02-14 00:00:00-05:00,37.54999923706055,37.720001220703125,37.04499816894531,37.16999816894531,1648900,0.0,0.0
2025-02-18 00:00:00-05:00,37.16999816894531,37.5,37.029998779296875,37.22999954223633,1146700,0.0,0.0
2025-02-19 00:00:00-05:00,36.70000076293945,37.084999084472656,36.400001525878906,36.91999816894531,1566600,0.0,0.0
2025-02-20 00:00:00-05:00,36.81999969482422,37.22999954223633,36.814998626708984,37.13999938964844,1506900,0.0,0.0
2025-02-21 00:00:00-05:00,37.34000015258789,37.5,35.57500076293945,36.029998779296875,2300300,0.0,0.0
2025-02-24 00:00:00-05:00,36.27000045776367,36.665000915527344,36.060001373291016,36.310001373291016,1934900,0.0,0.0
2025-02-25 00:00:00-05:00,36.470001220703125,37.15999984741211,36.38999938964844,36.630001068115234,2014400,0.0,0.0
2025-02-26 00:00:00-05:00,36.709999084472656,37.04999923706055,36.5099983215332,36.68000030517578,1437700,0.0,0.0
2025-02-27 00:00:00-05:00,36.4900016784668,36.849998474121094,35.7599983215332,35.810001373291016,2441600,0.0,0.0
2025-02-28 00:00:00-05:00,35.88999938964844,36.310001373291016,35.71500015258789,36.209999084472656,2418000,0.0,0.0
2025-03-03 00:00:00-05:00,36.63999938964844,36.81999969482422,34.95000076293945,35.099998474121094,1810200,0.0,0.0
2025-03-04 00:00:00-05:00,34.7599983215332,34.95500183105469,33.900001525878906,34.290000915527344,2409800,0.0,0.0
2025-03-05 00:00:00-05:00,34.459999084472656,35.599998474121094,34.29999923706055,35.34000015258789,2215300,0.0,0.0
2025-03-06 00:00:00-05:00,35.06999969482422,35.959999084472656,35.04499816894531,35.41999816894531,2004800,0.0,0.0
2025-03-07 00:00:00-05:00,35.22999954223633,35.41999816894531,34.29999923706055,34.93000030517578,1873200,0.0,0.0
2025-03-10 00:00:00-04:00,34.599998474121094,34.6349983215332,33.459999084472656,33.61000061035156,3180700,0.0,0.0
2025-03-11 00:00:00-04:00,33.70000076293945,34.375,33.36000061035156,33.959999084472656,2090100,0.0,0.0
2025-03-12 00:00:00-04:00,34.209999084472656,34.35499954223633,33.709999084472656,33.880001068115234,2445300,0.0,0.0
2025-03-13 00:00:00-04:00,33.88999938964844,34.25,33.16999816894531,33.439998626708984,1201700,0.0,0.0
2025-03-14 00:00:00-04:00,34.0,34.529998779296875,33.939998626708984,34.41999816894531,2891500,0.0,0.0
2025-03-17 00:00:00-04:00,34.310001373291016,35.310001373291016,34.277000427246094,35.060001373291016,1924900,0.0,0.0
2025-03-18 00:00:00-04:00,34.970001220703125,34.970001220703125,34.380001068115234,34.38999938964844,1875700,0.0,0.0
2025-03-19 00:00:00-04:00,34.4900016784668,34.63999938964844,33.9900016784668,34.459999084472656,1695600,0.0,0.0
2025-03-20 00:00:00-04:00,34.20000076293945,34.54499816894531,34.0,34.04999923706055,1240400,0.0,0.0
2025-03-21 00:00:00-04:00,33.4900016784668,33.91999816894531,33.29999923706055,33.810001373291016,1591700,0.0,0.0
2025-03-24 00:00:00-04:00,34.439998626708984,34.939998626708984,34.02000045776367,34.72999954223633,1630100,0.0,0.0
2025-03-25 00:00:00-04:00,34.65999984741211,34.95000076293945,34.0,34.18000030517578,1411600,0.0,0.0
2025-03-26 00:00:00-04:00,34.20000076293945,34.61000061035156,34.060001373291016,34.18000030517578,1837100,0.0,0.0
2025-03-27 00:00:00-04:00,33.47999954223633,33.79999923706055,32.59000015258789,33.11000061035156,3686200,0.0,0.0
2025-03-28 00:00:00-04:00,33.09000015258789,33.28499984741211,32.599998474121094,32.86000061035156,1723000,0.0,0.0
2025-03-31 00:00:00-04:00,32.45000076293945,33.44499969482422,32.130001068115234,33.16999816894531,1985200,0.0,0.0
2025-04-01 00:00:00-04:00,33.02000045776367,33.400001525878906,32.790000915527344,33.380001068115234,1733900,0.0,0.0
2025-04-02 00:00:00-04:00,33.04999923706055,33.880001068115234,33.04999923706055,33.81999969482422,1564500,0.0,0.0
2025-04-03 00:00:00-04:00,32.380001068115234,32.63999938964844,31.329999923706055,31.549999237060547,2459200,0.0,0.0
2025-04-04 00:00:00-04:00,30.389999389648438,30.56999969482422,28.950000762939453,29.729999542236328,2335700,0.0,0.0
2025-04-07 00:00:00-04:00,29.049999237060547,30.8799991607666,28.34000015258789,29.59000015258789,4859500,0.0,0.0
2025-04-08 00:00:00-04:00,30.399999618530273,30.399999618530273,28.010000228881836,28.489999771118164,3353600,0.0,0.0
2025-04-09 00:00:00-04:00,28.020000457763672,32.16999816894531,27.700000762939453,31.760000228881836,5052700,0.0,0.0
2025-04-10 00:00:00-04:00,30.899999618530273,30.945999145507812,29.274999618530273,30.219999313354492,3378700,0.0,0.0
2025-04-11 00:00:00-04:00,29.959999084472656,31.06999969482422,29.399999618530273,30.670000076293945,2138500,0.0,0.0
2025-04-14 00:00:00-04:00,31.280000686645508,31.360000610351562,30.625,31.15999984741211,1658700,0.0,0.0
2025-04-15 00:00:00-04:00,30.979999542236328,31.375,30.649999618530273,31.209999084472656,1954600,0.0,0.0
2025-04-16 00:00:00-04:00,31.049999237060547,31.940000534057617,30.799999237060547,31.1200008392334,2143500,0.0,0.0
2025-04-17 00:00:00-04:00,31.25,31.559999465942383,31.100000381469727,31.229999542236328,1710700,0.0,0.0
2025-04-21 00:00:00-04:00,31.040000915527344,31.334999084472656,30.3799991607666,30.8799991607666,1413300,0.0,0.0
2025-04-22 00:00:00-04:00,31.3799991607666,31.56999969482422,30.975000381469727,31.530000686645508,1356900,0.0,0.0
2025-04-23 00:00:00-04:00,32.47999954223633,33.0,31.450000762939453,31.65999984741211,2016500,0.0,0.0
2025-04-24 00:00:00-04:00,31.790000915527344,32.29999923706055,31.40999984741211,32.279998779296875,2595100,0.0,0.0
2025-04-25 00:00:00-04:00,31.979999542236328,32.27000045776367,31.704999923706055,31.829999923706055,1146900,0.0,0.0
2025-04-28 00:00:00-04:00,31.8700008392334,32.244998931884766,31.34000015258789,31.739999771118164,1705200,0.0,0.0
2025-04-29 00:00:00-04:00,31.760000228881836,32.18000030517578,31.309999465942383,31.770000457763672,3505400,0.0,0.0
2025-04-30 00:00:00-04:00,31.719999313354492,32.53499984741211,31.3799991607666,32.5,3924400,0.0,0.0
2025-05-01 00:00:00-04:00,32.45000076293945,32.939998626708984,32.09000015258789,32.33000183105469,1595600,0.0,0.0
2025-05-02 00:00:00-04:00,32.959999084472656,33.4900016784668,32.72999954223633,33.15999984741211,2500100,0.0,0.0
2025-05-05 00:00:00-04:00,32.869998931884766,33.68000030517578,32.7599983215332,33.290000915527344,2501600,0.0,0.0
2025-05-06 00:00:00-04:00,32.959999084472656,33.30500030517578,32.849998474121094,33.27000045776367,2718200,0.0,0.0
2025-05-07 00:00:00-04:00,31.81999969482422,33.16999816894531,31.399999618530273,31.690000534057617,4829800,0.0,0.0
2025-05-08 00:00:00-04:00,31.850000381469727,32.119998931884766,31.200000762939453,31.270000457763672,4995800,0.0,0.0
2025-05-09 00:00:00-04:00,31.290000915527344,31.625,30.889999389648438,31.100000381469727,2979800,0.0,0.0
2025-05-12 00:00:00-04:00,32.939998626708984,33.349998474121094,32.59000015258789,32.70000076293945,4425600,0.0,0.0
2025-05-13 00:00:00-04:00,32.790000915527344,33.415000915527344,32.56999969482422,33.029998779296875,3267300,0.0,0.0
2025-05-14 00:00:00-04:00,32.900001525878906,32.959999084472656,32.459999084472656,32.84000015258789,2274600,0.0,0.0
2025-05-15 00:00:00-04:00,32.56999969482422,33.060001373291016,32.314998626708984,32.380001068115234,2455800,0.0,0.0
2025-05-16 00:00:00-04:00,32.34000015258789,32.66999816894531,32.06999969482422,32.650001525878906,2077100,0.0,0.0
2025-05-19 00:00:00-04:00,32.29999923706055,32.529998779296875,32.08000183105469,32.36000061035156,2272100,0.0,0.0
2025-05-20 00:00:00-04:00,32.22999954223633,32.255001068115234,31.690000534057617,31.84000015258789,1792000,0.0,0.0
2025-05-21 00:00:00-04:00,31.549999237060547,31.670000076293945,31.145000457763672,31.290000915527344,1996800,0.0,0.0
2025-05-22 00:00:00-04:00,31.18000030517578,31.780000686645508,31.059999465942383,31.56999969482422,2631300,0.0,0.0
2025-05-23 00:00:00-04:00,30.959999084472656,31.170000076293945,30.65999984741211,30.940000534057617,2108800,0.0,0.0
2025-05-27 00:00:00-04:00,31.40999984741211,31.885000228881836,31.299999237060547,31.84000015258789,1775100,0.0,0.0
2025-05-28 00:00:00-04:00,31.75,31.90999984741211,31.06999969482422,31.110000610351562,2350100,0.0,0.0
2025-05-29 00:00:00-04:00,31.40999984741211,31.5,30.8799991607666,31.209999084472656,3722700,0.0,0.0
2025-05-30 00:00:00-04:00,31.040000915527344,31.084999084472656,30.5,30.799999237060547,2278200,0.0,0.0
2025-06-02 00:00:00-04:00,30.75,30.895000457763672,30.209999084472656,30.549999237060547,2181400,0.0,0.0
2025-06-03 00:00:00-04:00,30.530000686645508,30.829999923706055,30.280000686645508,30.649999618530273,2235900,0.0,0.0
2025-06-04 00:00:00-04:00,30.709999084472656,30.829999923706055,30.584999084472656,30.649999618530273,2089800,0.0,0.0
2025-06-05 00:00:00-04:00,30.850000381469727,30.874000549316406,30.264999389648438,30.309999465942383,1557700,0.0,0.0
2025-06-06 00:00:00-04:00,30.860000610351562,31.040000915527344,30.604999542236328,30.719999313354492,1564300,0.0,0.0
2025-06-09 00:00:00-04:00,30.969999313354492,31.200000762939453,30.790000915527344,30.940000534057617,1734500,0.0,0.0
2025-06-10 00:00:00-04:00,31.1200008392334,31.299999237060547,30.899999618530273,31.059999465942383,1810900,0.0,0.0
2025-06-11 00:00:00-04:00,31.290000915527344,31.290000915527344,30.170000076293945,30.290000915527344,2709000,0.0,0.0
2025-06-12 00:00:00-04:00,30.079999923706055,30.364999771118164,29.790000915527344,30.15999984741211,2277400,0.0,0.0
2025-06-13 00:00:00-04:00,29.579999923706055,29.84000015258789,28.75,28.790000915527344,2786100,0.0,0.0
2025-06-16 00:00:00-04:00,29.209999084472656,29.610000610351562,28.915000915527344,29.540000915527344,3406500,0.0,0.0
2025-06-17 00:00:00-04:00,29.219999313354492,29.479999542236328,28.8700008392334,28.899999618530273,2711900,0.0,0.0
2025-06-18 00:00:00-04:00,28.799999237060547,29.68000030517578,28.780000686645508,29.399999618530273,4163000,0.0,0.0
2025-06-20 00:00:00-04:00,29.6299991607666,29.739999771118164,29.020000457763672,29.059999465942383,2261800,0.0,0.0
2025-06-23 00:00:00-04:00,28.809999465942383,29.625,28.799999237060547,29.600000381469727,2197800,0.0,0.0
2025-06-24 00:00:00-04:00,29.93000030517578,30.545000076293945,29.809999465942383,29.989999771118164,3299900,0.0,0.0
2025-06-25 00:00:00-04:00,30.020000457763672,30.06999969482422,29.559999465942383,29.65999984741211,1846100,0.0,0.0
2025-06-26 00:00:00-04:00,29.860000610351562,30.059999465942383,29.704999923706055,29.899999618530273,2308500,0.0,0.0
2025-06-27 00:00:00-04:00,30.049999237060547,30.329999923706055,29.7450008392334,29.8700008392334,2942500,0.0,0.0
2025-06-30 00:00:00-04:00,29.799999237060547,29.940000534057617,29.665000915527344,29.690000534057617,1509800,0.0,0.0
2025-07-01 00:00:00-04:00,29.3799991607666,31.010000228881836,29.31999969482422,30.5,3278700,0.0,0.0
2025-07-02 00:00:00-04:00,30.8700008392334,31.280000686645508,30.559999465942383,31.239999771118164,2625900,0.0,0.0
2025-07-03 00:00:00-04:00,31.299999237060547,31.299999237060547,30.780000686645508,30.8700008392334,1687200,0.0,0.0
2025-07-07 00:00:00-04:00,30.670000076293945,30.850000381469727,30.1299991607666,30.200000762939453,2010500,0.0,0.0
2025-07-08 00:00:00-04:00,30.420000076293945,31.110000610351562,30.280000686645508,30.600000381469727,1872100,0.0,0.0
2025-07-09 00:00:00-04:00,30.75,31.010000228881836,30.6200008392334,30.950000762939453,1732900,0.0,0.0
2025-07-10 00:00:00-04:00,31.030000686645508,31.5,30.889999389648438,30.940000534057617,1826600,0.0,0.0
2025-07-11 00:00:00-04:00,30.5,30.69499969482422,30.350000381469727,30.520000457763672,1375800,0.0,0.0
2025-07-14 00:00:00-04:00,30.40999984741211,30.729999542236328,30.25,30.719999313354492,3092800,0.0,0.0
2025-07-15 00:00:00-04:00,30.809999465942383,30.809999465942383,29.850000381469727,29.850000381469727,2218800,0.0,0.0
2025-07-16 00:00:00-04:00,29.280000686645508,29.90999984741211,29.25,29.8799991607666,5721600,0.0,0.0
2025-07-17 00:00:00-04:00,29.8799991607666,30.15999984741211,29.829999923706055,30.06999969482422,2971900,0.0,0.0
2025-07-18 00:00:00-04:00,29.829999923706055,30.014999389648438,29.389999389648438,29.700000762939453,3746200,0.0,0.0
2025-07-21 00:00:00-04:00,29.860000610351562,30.065000534057617,29.594999313354492,29.780000686645508,2999900,0.0,0.0
2025-07-22 00:00:00-04:00,29.90999984741211,30.094999313354492,29.635000228881836,29.959999084472656,3632600,0.0,0.0
2025-07-23 00:00:00-04:00,30.270000457763672,30.354999542236328,29.899999618530273,30.040000915527344,2953900,0.0,0.0
2025-07-24 00:00:00-04:00,29.90999984741211,30.075000762939453,29.219999313354492,29.510000228881836,4216900,0.0,0.0
2025-07-25 00:00:00-04:00,29.610000610351562,29.610000610351562,29.290000915527344,29.530000686645508,2006400,0.0,0.0
2025-07-28 00:00:00-04:00,29.450000762939453,29.6200008392334,29.065000534057617,29.149999618530273,2333600,0.0,0.0
2025-07-29 00:00:00-04:00,29.280000686645508,29.385000228881836,28.670000076293945,28.700000762939453,3725100,0.0,0.0
2025-07-30 00:00:00-04:00,28.399999618530273,29.06999969482422,28.020000457763672,28.670000076293945,6661400,0.0,0.0
2025-07-31 00:00:00-04:00,28.510000228881836,28.75,28.100000381469727,28.31999969482422,4135100,0.0,0.0
2025-08-01 00:00:00-04:00,27.899999618530273,28.299999237060547,27.579999923706055,27.81999969482422,3142900,0.0,0.0
2025-08-04 00:00:00-04:00,27.959999084472656,28.209999084472656,27.639999389648438,28.079999923706055,3060800,0.0,0.0
2025-08-05 00:00:00-04:00,28.270000457763672,28.739999771118164,28.040000915527344,28.68000030517578,3006400,0.0,0.0
2025-08-06 00:00:00-04:00,28.770000457763672,28.799999237060547,28.34000015258789,28.469999313354492,3113600,0.0,0.0
2025-08-07 00:00:00-04:00,28.90999984741211,28.93000030517578,28.309999465942383,28.469999313354492,1773700,0.0,0.0
2025-08-08 00:00:00-04:00,28.530000686645508,28.594999313354492,28.235000610351562,28.389999389648438,1811600,0.0,0.0
2025-08-11 00:00:00-04:00,28.399999618530273,28.639999389648438,28.170000076293945,28.360000610351562,1612200,0.0,0.0
2025-08-12 00:00:00-04:00,28.34000015258789,29.524999618530273,28.34000015258789,29.469999313354492,3201700,0.0,0.0
2025-08-13 00:00:00-04:00,29.6200008392334,30.75,29.469999313354492,30.75,2627600,0.0,0.0
2025-08-14 00:00:00-04:00,30.389999389648438,30.940000534057617,30.389999389648438,30.6200008392334,4307400,0.0,0.0
2025-08-15 00:00:00-04:00,30.780000686645508,30.889999389648438,30.264999389648438,30.40999984741211,3771200,0.0,0.0
2025-08-18 00:00:00-04:00,30.350000381469727,30.834999084472656,30.2549991607666,30.489999771118164,4206700,0.0,0.0
2025-08-19 00:00:00-04:00,30.6299991607666,31.3700008392334,30.565000534057617,31.06999969482422,3810300,0.0,0.0
2025-08-20 00:00:00-04:00,30.959999084472656,31.110000610351562,30.479999542236328,30.719999313354492,2448400,0.0,0.0
2025-08-21 00:00:00-04:00,30.5,30.770000457763672,30.389999389648438,30.770000457763672,2578600,0.0,0.0
2025-08-22 00:00:00-04:00,30.969999313354492,32.2599983215332,30.84000015258789,31.81999969482422,3850400,0.0,0.0
2025-08-25 00:00:00-04:00,31.649999618530273,31.81999969482422,31.30500030517578,31.329999923706055,1519400,0.0,0.0
2025-08-26 00:00:00-04:00,31.3799991607666,31.635000228881836,31.350000381469727,31.450000762939453,1814400,0.0,0.0
2025-08-27 00:00:00-04:00,31.260000228881836,31.690000534057617,31.219999313354492,31.459999084472656,1615100,0.0,0.0
2025-08-28 00:00:00-04:00,31.530000686645508,31.55500030517578,30.815000534057617,30.959999084472656,1482300,0.0,0.0
2025-08-29 00:00:00-04:00,31.1299991607666,31.309999465942383,30.940000534057617,31.260000228881836,1300100,0.0,0.0
2025-09-02 00:00:00-04:00,30.799999237060547,31.104999542236328,30.614999771118164,31.030000686645508,2155000,0.0,0.0
2025-09-03 00:00:00-04:00,30.940000534057617,31.225000381469727,30.6299991607666,30.799999237060547,1539600,0.0,0.0
2025-09-04 00:00:00-04:00,30.8700008392334,31.2450008392334,30.575000762939453,31.229999542236328,2173100,0.0,0.0
2025-09-05 00:00:00-04:00,31.420000076293945,32.08000183105469,31.354999542236328,31.81999969482422,2552900,0.0,0.0
2025-09-08 00:00:00-04:00,31.790000915527344,32.38999938964844,31.459999084472656,32.380001068115234,2887600,0.0,0.0
2025-09-09 00:00:00-04:00,32.209999084472656,32.34000015258789,31.094999313354492,31.40999984741211,2256200,0.0,0.0
2025-09-10 00:00:00-04:00,31.139999389648438,31.53499984741211,30.809999465942383,30.940000534057617,1675900,0.0,0.0
2025-09-11 00:00:00-04:00,30.899999618530273,31.809999465942383,30.899999618530273,31.780000686645508,3157600,0.0,0.0
2025-09-12 00:00:00-04:00,31.600000381469727,31.739999771118164,31.170000076293945,31.170000076293945,1277400,0.0,0.0
2025-09-15 00:00:00-04:00,31.290000915527344,31.389999389648438,30.860000610351562,30.889999389648438,1656800,0.0,0.0
2025-09-16 00:00:00-04:00,30.979999542236328,31.094999313354492,30.645000457763672,30.799999237060547,2061100,0.0,0.0
2025-09-17 00:00:00-04:00,30.90999984741211,31.55500030517578,30.299999237060547,30.5,4358100,0.0,0.0
2025-09-18 00:00:00-04:00,30.729999542236328,30.899999618530273,30.454999923706055,30.68000030517578,3012800,0.0,0.0
2025-09-19 00:00:00-04:00,30.709999084472656,30.834999084472656,30.25,30.270000457763672,4472700,0.0,0.0
2025-09-22 00:00:00-04:00,30.290000915527344,30.43000030517578,29.975000381469727,29.989999771118164,4632600,0.0,0.0
2025-09-23 00:00:00-04:00,30.040000915527344,30.270000457763672,29.135000228881836,29.190000534057617,3248500,0.0,0.0
2025-09-24 00:00:00-04:00,29.15999984741211,29.309999465942383,28.399999618530273,28.440000534057617,4333100,0.0,0.0
2025-09-25 00:00:00-04:00,28.299999237060547,28.3700008392334,27.7450008392334,27.790000915527344,6690300,0.0,0.0
2025-09-26 00:00:00-04:00,27.959999084472656,28.360000610351562,27.3700008392334,28.09000015258789,4799900,0.0,0.0
2025-09-29 00:00:00-04:00,28.350000381469727,28.8799991607666,27.65999984741211,28.020000457763672,4039300,0.0,0.0
2025-09-30 00:00:00-04:00,27.989999771118164,28.68000030517578,27.959999084472656,28.6200008392334,4462700,0.0,0.0
2025-10-01 00:00:00-04:00,28.40999984741211,28.559999465942383,28.059999465942383,28.079999923706055,1970300,0.0,0.0
2025-10-02 00:00:00-04:00,27.739999771118164,28.344999313354492,27.399999618530273,28.190000534057617,3903000,0.0,0.0
2025-10-03 00:00:00-04:00,28.18000030517578,28.59000015258789,28.030000686645508,28.229999542236328,3320600,0.0,0.0
2025-10-06 00:00:00-04:00,29.0,29.09000015258789,28.09000015258789,28.18000030517578,4189400,0.0,0.0
2025-10-07 00:00:00-04:00,28.329999923706055,28.492000579833984,27.235000610351562,27.299999237060547,4548100,0.0,0.0
2025-10-08 00:00:00-04:00,27.43000030517578,27.59000015258789,26.940000534057617,27.350000381469727,2814200,0.0,0.0
2025-10-09 00:00:00-04:00,27.3700008392334,27.44499969482422,26.739999771118164,26.739999771118164,3067800,0.0,0.0
2025-10-10 00:00:00-04:00,26.940000534057617,27.270000457763672,26.280000686645508,26.389999389648438,5304800,0.0,0.0
2025-10-13 00:00:00-04:00,26.56999969482422,26.854999542236328,26.479999542236328,26.780000686645508,3448200,0.0,0.0
2025-10-14 00:00:00-04:00,26.459999084472656,27.575000762939453,26.440000534057617,27.260000228881836,4186300,0.0,0.0
2025-10-15 00:00:00-04:00,27.610000610351562,27.780000686645508,27.229999542236328,27.610000610351562,3743600,0.0,0.0
2025-10-16 00:00:00-04:00,27.770000457763672,27.84000015258789,27.309999465942383,27.75,3479500,0.0,0.0
2025-10-17 00:00:00-04:00,27.75,28.545000076293945,27.489999771118164,28.459999084472656,7243700,0.0,0.0
2025-10-20 00:00:00-04:00,28.639999389648438,28.639999389648438,28.1200008392334,28.530000686645508,4240700,0.0,0.0
2025-10-21 00:00:00-04:00,28.420000076293945,29.03499984741211,28.2450008392334,29.010000228881836,4207400,0.0,0.0
2025-10-22 00:00:00-04:00,28.81999969482422,29.110000610351562,28.09000015258789,28.209999084472656,4613100,0.0,0.0
2025-10-23 00:00:00-04:00,28.420000076293945,28.8700008392334,28.200000762939453,28.829999923706055,3994200,0.0,0.0
2025-10-24 00:00:00-04:00,29.040000915527344,29.170000076293945,28.7450008392334,29.040000915527344,3681500,0.0,0.0
2025-10-27 00:00:00-04:00,29.219999313354492,29.295000076293945,28.799999237060547,29.059999465942383,3862300,0.0,0.0
2025-10-28 00:00:00-04:00,29.989999771118164,30.719999313354492,28.825000762939453,29.700000762939453,11846800,0.0,0.0
2025-10-29 00:00:00-04:00,29.59000015258789,29.93000030517578,29.264999389648438,29.479999542236328,6441100,0.0,0.0
2025-10-30 00:00:00-04:00,29.0,29.875,28.40999984741211,28.65999984741211,4386800,0.0,0.0
2025-10-31 00:00:00-04:00,28.5,28.59000015258789,28.170000076293945,28.469999313354492,3157700,0.0,0.0
2025-11-03 00:00:00-05:00,28.1200008392334,28.399999618530273,27.625,28.100000381469727,4478700,0.0,0.0
2025-11-04 00:00:00-05:00,27.65999984741211,27.8700008392334,27.489999771118164,27.559999465942383,3754600,0.0,0.0
2025-11-05 00:00:00-05:00,27.530000686645508,28.075000762939453,27.450000762939453,27.920000076293945,2602900,0.0,0.0
2025-11-06 00:00:00-05:00,27.90999984741211,28.454999923706055,27.829999923706055,28.229999542236328,3522000,0.0,0.0
2025-11-07 00:00:00-05:00,28.100000381469727,29.049999237060547,28.065000534057617,28.989999771118164,3923300,0.0,0.0
2025-11-10 00:00:00-05:00,29.059999465942383,29.065000534057617,28.309999465942383,28.760000228881836,2614300,0.0,0.0
2025-11-11 00:00:00-05:00,28.8700008392334,29.079999923706055,28.610000610351562,29.0,1872000,0.0,0.0
2025-11-12 00:00:00-05:00,29.020000457763672,29.850000381469727,28.850000381469727,29.31999969482422,2466700,0.0,0.0
2025-11-13 00:00:00-05:00,29.25,29.760000228881836,29.15999984741211,29.670000076293945,2709900,0.0,0.0
2025-11-14 00:00:00-05:00,29.260000228881836,29.450000762939453,28.799999237060547,28.90999984741211,2085300,0.0,0.0
2025-11-17 00:00:00-05:00,28.860000610351562,29.125,28.1200008392334,28.18000030517578,2930600,0.0,0.0
2025-11-18 00:00:00-05:00,29.219999313354492,29.586999893188477,27.959999084472656,28.0,18740700,0.0,0.0
2025-11-19 00:00:00-05:00,28.030000686645508,28.770000457763672,27.790000915527344,27.799999237060547,11431600,0.0,0.0
2025-11-20 00:00:00-05:00,28.3799991607666,29.3700008392334,28.280000686645508,28.709999084472656,9776100,0.0,0.0
2025-11-21 00:00:00-05:00,28.950000762939453,30.56999969482422,28.770000457763672,30.15999984741211,6464600,0.0,0.0
2025-11-24 00:00:00-05:00,30.079999923706055,30.15999984741211,29.530000686645508,29.59000015258789,3038200,0.0,0.0
2025-11-25 00:00:00-05:00,29.790000915527344,29.950000762939453,29.299999237060547,29.75,3433900,0.0,0.0
2025-11-26 00:00:00-05:00,29.75,30.290000915527344,29.75,29.760000228881836,2691300,0.0,0.0
2025-11-28 00:00:00-05:00,29.920000076293945,30.482999801635742,29.889999389648438,30.1299991607666,1372000,0.0,0.0
2025-12-01 00:00:00-05:00,30.209999084472656,30.719999313354492,29.850000381469727,29.969999313354492,2382600,0.0,0.0
2025-12-02 00:00:00-05:00,30.149999618530273,30.329999923706055,29.899999618530273,30.049999237060547,1860500,0.0,0.0
2025-12-03 00:00:00-05:00,30.010000228881836,30.520000457763672,29.850000381469727,30.0,2660500,0.0,0.0
2025-12-04 00:00:00-05:00,30.110000610351562,30.34000015258789,29.020000457763672,29.260000228881836,5211400,0.0,0.0
2025-12-05 00:00:00-05:00,29.399999618530273,29.899999618530273,29.010000228881836,29.079999923706055,5185400,0.0,0.0
2025-12-08 00:00:00-05:00,29.030000686645508,29.190000534057617,28.142000198364258,28.229999542236328,3574500,0.0,0.0
2025-12-09 00:00:00-05:00,28.3700008392334,28.799999237060547,28.329999923706055,28.440000534057617,5089100,0.0,0.0
2025-12-10 00:00:00-05:00,28.450000762939453,29.219999313354492,28.09000015258789,29.200000762939453,6625000,0.0,0.0
2025-12-11 00:00:00-05:00,29.6299991607666,30.670000076293945,29.479999542236328,30.600000381469727,4579600,0.0,0.0
2025-12-12 00:00:00-05:00,31.100000381469727,31.40999984741211,30.545000076293945,31.190000534057617,3862000,0.0,0.0
2025-12-15 00:00:00-05:00,31.1200008392334,31.479999542236328,30.850000381469727,31.110000610351562,3822900,0.0,0.0
2025-12-16 00:00:00-05:00,31.725000381469727,31.969999313354492,31.200000762939453,31.399999618530273,4443700,0.0,0.0
2025-12-17 00:00:00-05:00,31.399999618530273,32.25,31.399999618530273,31.899999618530273,4429100,0.0,0.0
2025-12-18 00:00:00-05:00,31.950000762939453,32.47999954223633,31.809999465942383,32.0,4843900,0.0,0.0
2025-12-19 00:00:00-05:00,31.940000534057617,32.29999923706055,31.860000610351562,32.060001373291016,5515100,0.0,0.0
2025-12-22 00:00:00-05:00,32.0099983215332,32.474998474121094,31.90999984741211,32.2400016784668,3902400,0.0,0.0
2025-12-23 00:00:00-05:00,32.349998474121094,32.56999969482422,32.04499816894531,32.279998779296875,2682500,0.0,0.0
2025-12-24 00:00:00-05:00,32.31999969482422,32.31999969482422,31.979999542236328,32.290000915527344,726300,0.0,0.0
2025-12-26 00:00:00-05:00,32.2400016784668,32.44499969482422,32.04800033569336,32.41999816894531,1344900,0.0,0.0
2025-12-29 00:00:00-05:00,32.779998779296875,32.89500045776367,32.540000915527344,32.83000183105469,2404000,0.0,0.0
2025-12-30 00:00:00-05:00,32.7599983215332,33.11000061035156,32.689998626708984,32.810001373291016,2108200,0.0,0.0
2025-12-31 00:00:00-05:00,32.65999984741211,32.79999923706055,32.2400016784668,32.310001373291016,1685900,0.0,0.0
2026-01-02 00:00:00-05:00,32.59000015258789,33.13999938964844,32.45000076293945,33.0,4521200,0.0,0.0
2026-01-05 00:00:00-05:00,32.959999084472656,33.630001068115234,32.91999816894531,33.06999969482422,2957400,0.0,0.0
2026-01-06 00:00:00-05:00,32.599998474121094,33.189998626708984,32.314998626708984,32.95000076293945,3922900,0.0,0.0
2026-01-07 00:00:00-05:00,32.5099983215332,32.70000076293945,32.27000045776367,32.439998626708984,2503200,0.0,0.0
2026-01-08 00:00:00-05:00,32.08000183105469,32.7599983215332,31.610000610351562,32.43000030517578,4016800,0.0,0.0
2026-01-09 00:00:00-05:00,32.81999969482422,33.27000045776367,32.790000915527344,33.02000045776367,2850200,0.0,0.0
2026-01-12 00:00:00-05:00,32.849998474121094,33.255001068115234,32.79999923706055,32.9900016784668,2471500,0.0,0.0
2026-01-13 00:00:00-05:00,32.880001068115234,33.165000915527344,32.84000015258789,33.06999969482422,5264200,0.0,0.0
2026-01-14 00:00:00-05:00,33.09000015258789,33.29499816894531,32.90999984741211,33.029998779296875,4821900,0.0,0.0
2026-01-15 00:00:00-05:00,33.119998931884766,33.61000061035156,32.93000030517578,33.61000061035156,5999800,0.0,0.0
2026-01-16 00:00:00-05:00,33.310001373291016,33.599998474121094,33.040000915527344,33.56999969482422,7487000,0.0,0.0
2026-01-20 00:00:00-05:00,33.0,33.435001373291016,32.7599983215332,33.279998779296875,5077300,0.0,0.0
2026-01-21 00:00:00-05:00,33.93000030517578,34.04999923706055,33.290000915527344,33.470001220703125,2710900,0.0,0.0
2026-01-22 00:00:00-05:00,33.95000076293945,34.20000076293945,33.75,34.130001068115234,2265200,0.0,0.0
2026-01-23 00:00:00-05:00,33.63999938964844,34.0099983215332,33.400001525878906,33.619998931884766,2173000,0.0,0.0
2026-01-26 00:00:00-05:00,33.779998779296875,34.09000015258789,33.65999984741211,33.70000076293945,2072300,0.0,0.0
2026-01-27 00:00:00-05:00,33.72999954223633,33.77000045776367,33.42499923706055,33.599998474121094,2012000,0.0,0.0
2026-01-28 00:00:00-05:00,33.58000183105469,34.459999084472656,33.46500015258789,34.060001373291016,3509800,0.0,0.0
2026-01-29 00:00:00-05:00,34.18000030517578,34.5,33.5,34.099998474121094,3057300,0.0,0.0
2026-01-30 00:00:00-05:00,34.0099983215332,34.290000915527344,33.33000183105469,33.58000183105469,2201200,0.0,0.0
2026-02-02 00:00:00-05:00,33.66999816894531,33.88999938964844,33.5,33.54999923706055,4030100,0.0,0.0
2026-02-03 00:00:00-05:00,31.540000915527344,32.81999969482422,31.450000762939453,32.27000045776367,5849000,0.0,0.0
2026-02-04 00:00:00-05:00,34.189998626708984,34.41999816894531,33.650001525878906,34.27000045776367,4034600,0.0,0.0
2026-02-05 00:00:00-05:00,34.529998779296875,34.54999923706055,33.619998931884766,33.790000915527344,2970200,0.0,0.0
2026-02-06 00:00:00-05:00,33.75,33.91999816894531,33.560001373291016,33.810001373291016,2791600,0.0,0.0
2026-02-09 00:00:00-05:00,33.880001068115234,34.349998474121094,33.529998779296875,34.209999084472656,4676900,0.0,0.0
2026-02-10 00:00:00-05:00,34.599998474121094,35.119998931884766,34.15999984741211,34.41999816894531,5328300,0.0,0.0
2026-02-11 00:00:00-05:00,34.5,34.724998474121094,33.505001068115234,33.58000183105469,3191700,0.0,0.0
2026-02-12 00:00:00-05:00,33.95000076293945,34.84000015258789,33.59000015258789,33.790000915527344,3723700,0.0,0.0
2026-02-13 00:00:00-05:00,34.31999969482422,34.93000030517578,33.869998931884766,34.130001068115234,3725700,0.0,0.0
2026-02-17 00:00:00-05:00,34.349998474121094,35.025001525878906,34.189998626708984,34.95000076293945,3189600,0.0,0.0
2026-02-18 00:00:00-05:00,34.91999816894531,35.720001220703125,34.91999816894531,35.56999969482422,1769300,0.0,0.0
2026-02-19 00:00:00-05:00,35.13999938964844,35.290000915527344,34.16999816894531,34.619998931884766,2262000,0.0,0.0
2026-02-20 00:00:00-05:00,34.47999954223633,35.150001525878906,34.31999969482422,34.47999954223633,2071900,0.0,0.0
2026-02-23 00:00:00-05:00,34.31999969482422,34.779998779296875,33.95000076293945,34.04999923706055,1977000,0.0,0.0
2026-02-24 00:00:00-05:00,34.4900016784668,34.86000061035156,34.02000045776367,34.189998626708984,1919700,0.0,0.0
2026-02-25 00:00:00-05:00,34.349998474121094,34.630001068115234,33.5099983215332,33.72999954223633,2079100,0.0,0.0
2026-02-26 00:00:00-05:00,33.970001220703125,34.209999084472656,33.349998474121094,33.61000061035156,1773000,0.0,0.0
2026-02-27 00:00:00-05:00,33.369998931884766,33.709999084472656,33.07500076293945,33.40999984741211,2813700,0.0,0.0
2026-03-02 00:00:00-05:00,31.440000534057617,32.95000076293945,31.030000686645508,32.59000015258789,2815400,0.0,0.0
2026-03-03 00:00:00-05:00,30.399999618530273,32.165000915527344,30.1299991607666,31.68000030517578,4530200,0.0,0.0
2026-03-04 00:00:00-05:00,31.510000228881836,31.690000534057617,30.790000915527344,31.399999618530273,3258900,0.0,0.0
2026-03-05 00:00:00-05:00,30.739999771118164,31.0,30.049999237060547,30.260000228881836,3975700,0.0,0.0
2026-03-06 00:00:00-05:00,29.5,29.639999389648438,28.81999969482422,29.610000610351562,4641300,0.0,0.0
2026-03-09 00:00:00-04:00,28.84000015258789,29.468000411987305,28.18000030517578,29.290000915527344,4478300,0.0,0.0
2026-03-10 00:00:00-04:00,29.4950008392334,29.8700008392334,29.06999969482422,29.09000015258789,2454025,0.0,0.0
